cycle,trajectory,memory,bank,address,operation,request_cycle,reference_grant,rtl_grant,reference_return,rtl_return,match
2,E0,shared,0,4,read,0,0,0,2,2,1
2,E1,shared,0,8,read,0,0,0,2,2,1
3,E0,shared,0,12,read,1,1,1,3,3,1
3,E1,shared,0,12,read,1,1,1,3,3,1
4,E0,shared,1,5,read,2,2,2,4,4,1
5,E1,shared,1,9,read,3,3,3,5,5,1
6,E0,shared,0,16,read,4,4,4,6,6,1
6,E1,shared,0,20,read,4,4,4,6,6,1
7,E0,shared,0,20,read,5,5,5,7,7,1
7,E1,shared,0,24,read,5,5,5,7,7,1
8,E0,shared,0,24,read,6,6,6,8,8,1
8,E1,shared,0,28,read,6,6,6,8,8,1
9,E0,shared,0,28,read,7,7,7,9,9,1
9,E1,shared,0,32,read,7,7,7,9,9,1
10,E0,shared,2,158,read,8,8,8,10,10,1
10,E1,shared,2,162,read,8,8,8,10,10,1
11,E0,shared,2,170,read,9,9,9,11,11,1
12,E0,shared,3,223,read,10,10,10,12,12,1
13,E0,shared,2,242,read,11,11,11,13,13,1
13,E1,shared,2,242,read,11,11,11,13,13,1
14,E0,shared,0,216,read,12,12,12,14,14,1
14,E1,shared,3,3,read,12,12,12,14,14,1
15,E0,shared,1,1,read,13,13,13,15,15,1
15,E1,shared,0,40,read,13,13,13,15,15,1
16,E0,shared,0,176,read,14,14,14,16,16,1
16,E1,shared,0,132,read,14,14,14,16,16,1
17,E0,shared,0,56,read,15,15,15,17,17,1
17,E1,shared,0,68,read,15,15,15,17,17,1
18,E0,shared,3,43,read,16,16,16,18,18,1
18,E1,shared,3,43,read,16,16,16,18,18,1
19,E1,shared,2,130,read,17,17,17,19,19,1
20,E0,shared,2,70,read,18,18,18,20,20,1
21,E0,shared,1,233,read,19,19,19,21,21,1
21,E1,shared,1,149,read,19,19,19,21,21,1
22,E0,shared,0,128,read,20,20,20,22,22,1
22,E1,shared,1,41,read,20,20,20,22,22,1
23,E0,shared,0,248,read,21,21,21,23,23,1
23,E1,shared,0,248,read,21,21,21,23,23,1
24,E0,shared,2,166,read,22,22,22,24,24,1
24,E1,shared,3,147,read,22,22,22,24,24,1
25,E1,shared,0,196,read,23,23,23,25,25,1
26,E0,shared,2,242,read,24,24,24,26,26,1
26,E1,shared,2,154,read,24,24,24,26,26,1
27,E0,shared,1,197,read,25,25,25,27,27,1
27,E1,shared,1,121,read,25,25,25,27,27,1
28,E0,shared,0,172,read,26,26,26,28,28,1
28,E1,shared,1,57,read,26,26,26,28,28,1
29,E0,shared,1,49,read,27,27,27,29,29,1
29,E1,shared,0,228,read,27,27,27,29,29,1
30,E0,shared,2,122,read,28,28,28,30,30,1
30,E1,shared,2,226,read,28,28,28,30,30,1
31,E0,shared,3,11,read,29,29,29,31,31,1
31,E1,shared,3,67,read,29,29,29,31,31,1
32,E0,shared,1,185,read,30,30,30,32,32,1
33,E0,shared,3,131,read,31,31,31,33,33,1
34,E0,shared,3,207,read,32,32,32,34,34,1
34,E1,shared,3,167,read,32,32,32,34,34,1
35,E0,shared,0,176,read,33,33,33,35,35,1
36,E0,shared,2,74,read,34,34,34,36,36,1
37,E0,shared,2,222,read,35,35,35,37,37,1
37,E1,shared,2,158,read,35,35,35,37,37,1
38,E1,shared,2,166,read,36,36,36,38,38,1
39,E0,shared,2,190,read,37,37,37,39,39,1
39,E1,shared,2,170,read,37,37,37,39,39,1
40,E0,shared,2,126,read,38,38,38,40,40,1
41,E0,shared,2,34,read,39,39,39,41,41,1
41,E1,shared,2,34,read,39,39,39,41,41,1
42,E1,shared,1,25,read,40,40,40,42,42,1
43,E0,shared,0,76,read,41,41,41,43,43,1
43,E1,shared,0,216,read,41,41,41,43,43,1
44,E0,shared,0,136,read,42,42,42,44,44,1
44,E1,shared,0,196,read,42,42,42,44,44,1
45,E0,shared,0,140,read,43,43,43,45,45,1
46,E0,shared,3,19,read,44,44,44,46,46,1
47,E0,shared,2,190,read,45,45,45,47,47,1
47,E1,shared,2,246,read,45,45,45,47,47,1
48,E0,shared,1,173,read,46,46,46,48,48,1
48,E1,shared,1,37,read,46,46,46,48,48,1
50,E1,shared,1,89,read,48,48,48,50,50,1
51,E0,shared,3,119,read,49,49,49,51,51,1
51,E1,shared,3,71,read,49,49,49,51,51,1
52,E0,shared,2,142,read,50,50,50,52,52,1
52,E1,shared,2,142,read,50,50,50,52,52,1
53,E1,shared,3,47,read,51,51,51,53,53,1
54,E0,shared,2,86,read,52,52,52,54,54,1
54,E1,shared,2,122,read,52,52,52,54,54,1
55,E0,shared,2,254,read,53,53,53,55,55,1
55,E1,shared,3,235,read,53,53,53,55,55,1
56,E0,shared,3,163,read,54,54,54,56,56,1
56,E1,shared,2,214,read,54,54,54,56,56,1
57,E0,shared,1,81,read,55,55,55,57,57,1
57,E1,shared,2,2,read,55,55,55,57,57,1
58,E0,shared,2,34,read,56,56,56,58,58,1
58,E1,shared,2,158,read,56,56,56,58,58,1
59,E0,shared,1,53,read,57,57,57,59,59,1
59,E1,shared,2,58,read,57,57,57,59,59,1
60,E0,shared,3,199,read,58,58,58,60,60,1
61,E1,shared,1,113,read,59,59,59,61,61,1
62,E0,shared,3,255,read,60,60,60,62,62,1
63,E0,shared,3,35,read,61,61,61,63,63,1
63,E1,shared,0,160,read,61,61,61,63,63,1
64,E0,shared,1,253,read,62,62,62,64,64,1
64,E1,shared,1,17,read,62,62,62,64,64,1
65,E0,shared,0,228,read,63,63,63,65,65,1
65,E1,shared,0,228,read,63,63,63,65,65,1
66,E0,shared,1,201,read,64,64,64,66,66,1
66,E1,shared,0,20,read,64,64,64,66,66,1
67,E0,shared,0,20,read,65,65,65,67,67,1
67,E1,shared,0,128,read,65,65,65,67,67,1
68,E0,shared,3,231,read,66,66,66,68,68,1
68,E1,shared,0,160,read,66,66,66,68,68,1
69,E0,shared,1,229,read,67,67,67,69,69,1
69,E1,shared,1,225,read,67,67,67,69,69,1
70,E0,shared,2,102,read,68,68,68,70,70,1
70,E1,shared,0,124,read,68,68,68,70,70,1
71,E1,shared,1,229,read,69,69,69,71,71,1
72,E1,shared,2,58,read,70,70,70,72,72,1
73,E1,shared,0,144,read,71,71,71,73,73,1
74,E0,shared,1,237,read,72,72,72,74,74,1
74,E1,shared,2,62,read,72,72,72,74,74,1
75,E0,shared,0,140,read,73,73,73,75,75,1
75,E1,shared,3,67,read,73,73,73,75,75,1
76,E0,shared,2,134,read,74,74,74,76,76,1
76,E1,shared,1,41,read,74,74,74,76,76,1
77,E1,shared,0,208,read,75,75,75,77,77,1
78,E1,shared,1,169,read,76,76,76,78,78,1
79,E0,shared,1,157,read,77,77,77,79,79,1
79,E1,shared,1,157,read,77,77,77,79,79,1
80,E0,shared,0,156,read,78,78,78,80,80,1
80,E1,shared,0,80,read,78,78,78,80,80,1
81,E0,shared,2,234,read,79,79,79,81,81,1
81,E1,shared,0,148,read,79,79,79,81,81,1
82,E0,shared,1,57,read,80,80,80,82,82,1
82,E1,shared,1,253,read,80,80,80,82,82,1
83,E0,shared,2,2,read,81,81,81,83,83,1
83,E1,shared,1,189,read,81,81,81,83,83,1
84,E0,shared,2,230,read,82,82,82,84,84,1
84,E1,shared,2,182,read,82,82,82,84,84,1
85,E0,shared,3,71,read,83,83,83,85,85,1
85,E1,shared,3,71,read,83,83,83,85,85,1
86,E0,shared,1,117,read,84,84,84,86,86,1
86,E1,shared,1,117,read,84,84,84,86,86,1
87,E0,shared,1,5,read,85,85,85,87,87,1
87,E1,shared,1,21,read,85,85,85,87,87,1
88,E1,shared,3,35,read,86,86,86,88,88,1
89,E0,shared,1,125,read,87,87,87,89,89,1
89,E1,shared,1,205,read,87,87,87,89,89,1
90,E1,shared,3,227,read,88,88,88,90,90,1
91,E0,shared,3,7,read,89,89,89,91,91,1
91,E1,shared,3,7,read,89,89,89,91,91,1
92,E0,shared,1,77,read,90,90,90,92,92,1
92,E1,shared,2,78,read,90,90,90,92,92,1
93,E0,shared,2,6,read,91,91,91,93,93,1
93,E1,shared,2,118,read,91,91,91,93,93,1
94,E0,shared,0,24,read,92,92,92,94,94,1
94,E1,shared,0,120,read,92,92,92,94,94,1
95,E1,shared,0,228,read,93,93,93,95,95,1
96,E0,shared,2,242,read,94,94,94,96,96,1
96,E1,shared,2,242,read,94,94,94,96,96,1
97,E0,shared,2,106,read,95,95,95,97,97,1
97,E1,shared,2,70,read,95,95,95,97,97,1
98,E0,shared,2,26,read,96,96,96,98,98,1
98,E1,shared,2,154,read,96,96,96,98,98,1
99,E0,shared,3,191,read,97,97,97,99,99,1
100,E0,shared,2,94,read,98,98,98,100,100,1
100,E1,shared,1,213,read,98,98,98,100,100,1
101,E0,shared,0,16,read,99,99,99,101,101,1
101,E1,shared,0,128,read,99,99,99,101,101,1
102,E0,shared,3,11,read,100,100,100,102,102,1
102,E1,shared,2,10,read,100,100,100,102,102,1
103,E0,shared,0,0,read,101,101,101,103,103,1
103,E1,shared,2,46,read,101,101,101,103,103,1
104,E1,shared,0,48,read,102,102,102,104,104,1
105,E0,shared,0,236,read,103,103,103,105,105,1
105,E1,shared,1,237,read,103,103,103,105,105,1
106,E1,shared,2,234,read,104,104,104,106,106,1
107,E0,shared,0,136,read,105,105,105,107,107,1
108,E0,shared,3,115,read,106,106,106,108,108,1
108,E1,shared,3,163,read,106,106,106,108,108,1
109,E0,shared,0,144,read,107,107,107,109,109,1
109,E1,shared,3,75,read,107,107,107,109,109,1
110,E0,shared,2,174,read,108,108,108,110,110,1
110,E1,shared,2,242,read,108,108,108,110,110,1
111,E1,shared,3,79,read,109,109,109,111,111,1
112,E0,shared,1,117,read,110,110,110,112,112,1
112,E1,shared,1,189,read,110,110,110,112,112,1
113,E0,shared,0,168,read,111,111,111,113,113,1
113,E1,shared,3,43,read,111,111,111,113,113,1
114,E0,shared,3,203,read,112,112,112,114,114,1
114,E1,shared,3,39,read,112,112,112,114,114,1
115,E0,shared,1,165,read,113,113,113,115,115,1
116,E0,shared,2,126,read,114,114,114,116,116,1
116,E1,shared,1,45,read,114,114,114,116,116,1
117,E0,shared,3,179,read,115,115,115,117,117,1
117,E1,shared,3,179,read,115,115,115,117,117,1
118,E0,shared,3,235,read,116,116,116,118,118,1
119,E0,shared,0,116,read,117,117,117,119,119,1
120,E0,shared,2,202,read,118,118,118,120,120,1
120,E1,shared,2,146,read,118,118,118,120,120,1
121,E1,shared,0,124,read,119,119,119,121,121,1
123,E0,shared,1,125,read,121,121,121,123,123,1
123,E1,shared,2,110,read,121,121,121,123,123,1
124,E0,shared,1,1,read,122,122,122,124,124,1
124,E1,shared,1,33,read,122,122,122,124,124,1
125,E1,shared,1,145,read,123,123,123,125,125,1
126,E1,shared,1,89,read,124,124,124,126,126,1
127,E0,shared,2,194,read,125,125,125,127,127,1
127,E1,shared,2,230,read,125,125,125,127,127,1
128,E0,shared,2,102,read,126,126,126,128,128,1
128,E1,shared,2,54,read,126,126,126,128,128,1
129,E0,shared,2,206,read,127,127,127,129,129,1
129,E1,shared,0,204,read,127,127,127,129,129,1
130,E0,shared,0,204,read,128,128,128,130,130,1
130,E1,shared,1,173,read,128,128,128,130,130,1
131,E0,shared,3,15,read,129,129,129,131,131,1
131,E1,shared,3,155,read,129,129,129,131,131,1
132,E1,shared,2,110,read,130,130,130,132,132,1
133,E0,shared,0,220,read,131,131,131,133,133,1
133,E1,shared,0,20,read,131,131,131,133,133,1
134,E0,shared,3,251,read,132,132,132,134,134,1
134,E1,shared,3,251,read,132,132,132,134,134,1
135,E0,shared,0,68,read,133,133,133,135,135,1
135,E1,shared,3,83,read,133,133,133,135,135,1
136,E0,shared,1,145,read,134,134,134,136,136,1
136,E1,shared,1,117,read,134,134,134,136,136,1
137,E1,shared,1,153,read,135,135,135,137,137,1
138,E0,shared,0,12,read,136,136,136,138,138,1
138,E1,shared,0,12,read,136,136,136,138,138,1
139,E0,shared,3,139,read,137,137,137,139,139,1
139,E1,shared,3,139,read,137,137,137,139,139,1
140,E0,shared,2,86,read,138,138,138,140,140,1
140,E1,shared,2,86,read,138,138,138,140,140,1
141,E0,shared,2,194,read,139,139,139,141,141,1
141,E1,shared,2,170,read,139,139,139,141,141,1
142,E0,shared,2,90,read,140,140,140,142,142,1
143,E0,shared,0,16,read,141,141,141,143,143,1
143,E1,shared,0,0,read,141,141,141,143,143,1
144,E0,shared,3,127,read,142,142,142,144,144,1
144,E1,shared,3,91,read,142,142,142,144,144,1
145,E0,shared,0,200,read,143,143,143,145,145,1
146,E0,shared,2,62,read,144,144,144,146,146,1
146,E1,shared,2,42,read,144,144,144,146,146,1
148,E0,shared,2,22,read,146,146,146,148,148,1
148,E1,shared,2,238,read,146,146,146,148,148,1
149,E0,shared,3,19,read,147,147,147,149,149,1
149,E1,shared,0,64,read,147,147,147,149,149,1
150,E0,shared,1,185,read,148,148,148,150,150,1
150,E1,shared,1,181,read,148,148,148,150,150,1
151,E1,shared,0,204,read,149,149,149,151,151,1
152,E0,shared,0,168,read,150,150,150,152,152,1
152,E1,shared,2,38,read,150,150,150,152,152,1
153,E1,shared,3,107,read,151,151,151,153,153,1
154,E0,shared,0,188,read,152,152,152,154,154,1
154,E1,shared,0,152,read,152,152,152,154,154,1
155,E0,shared,2,58,read,153,153,153,155,155,1
155,E1,shared,2,18,read,153,153,153,155,155,1
156,E0,shared,0,252,read,154,154,154,156,156,1
156,E1,shared,2,230,read,154,154,154,156,156,1
157,E0,shared,2,58,read,155,155,155,157,157,1
157,E1,shared,2,94,read,155,155,155,157,157,1
158,E0,shared,0,152,read,156,156,156,158,158,1
158,E1,shared,0,28,read,156,156,156,158,158,1
159,E0,shared,1,161,read,157,157,157,159,159,1
159,E1,shared,1,245,read,157,157,157,159,159,1
160,E0,shared,3,47,read,158,158,158,160,160,1
161,E0,shared,2,238,read,159,159,159,161,161,1
161,E1,shared,3,187,read,159,159,159,161,161,1
162,E0,shared,0,96,read,160,160,160,162,162,1
163,E0,shared,2,74,read,161,161,161,163,163,1
163,E1,shared,2,138,read,161,161,161,163,163,1
164,E0,shared,0,100,read,162,162,162,164,164,1
165,E1,shared,3,135,read,163,163,163,165,165,1
166,E0,shared,2,130,read,164,164,164,166,166,1
166,E1,shared,2,218,read,164,164,164,166,166,1
167,E0,shared,1,165,read,165,165,165,167,167,1
167,E1,shared,0,168,read,165,165,165,167,167,1
168,E0,shared,0,24,read,166,166,166,168,168,1
168,E1,shared,0,20,read,166,166,166,168,168,1
169,E0,shared,2,138,read,167,167,167,169,169,1
169,E1,shared,3,163,read,167,167,167,169,169,1
170,E0,shared,1,169,read,168,168,168,170,170,1
171,E0,shared,2,118,read,169,169,169,171,171,1
171,E1,shared,0,152,read,169,169,169,171,171,1
172,E0,shared,3,123,read,170,170,170,172,172,1
172,E1,shared,3,3,read,170,170,170,172,172,1
173,E0,shared,3,251,read,171,171,171,173,173,1
173,E1,shared,3,251,read,171,171,171,173,173,1
174,E0,shared,0,72,read,172,172,172,174,174,1
174,E1,shared,1,145,read,172,172,172,174,174,1
175,E0,shared,3,175,read,173,173,173,175,175,1
176,E0,shared,1,125,read,174,174,174,176,176,1
176,E1,shared,0,208,read,174,174,174,176,176,1
177,E0,shared,1,97,read,175,175,175,177,177,1
177,E1,shared,1,97,read,175,175,175,177,177,1
178,E0,shared,2,22,read,176,176,176,178,178,1
178,E1,shared,2,86,read,176,176,176,178,178,1
179,E0,shared,2,54,read,177,177,177,179,179,1
179,E1,shared,1,73,read,177,177,177,179,179,1
180,E0,shared,1,17,read,178,178,178,180,180,1
180,E1,shared,0,112,read,178,178,178,180,180,1
181,E0,shared,2,246,read,179,179,179,181,181,1
181,E1,shared,2,246,read,179,179,179,181,181,1
182,E0,shared,3,155,read,180,180,180,182,182,1
182,E1,shared,3,111,read,180,180,180,182,182,1
183,E1,shared,0,208,read,181,181,181,183,183,1
184,E1,shared,1,197,read,182,182,182,184,184,1
185,E1,shared,1,225,read,183,183,183,185,185,1
186,E0,shared,2,146,read,184,184,184,186,186,1
187,E0,shared,2,174,read,185,185,185,187,187,1
187,E1,shared,1,169,read,185,185,185,187,187,1
188,E0,shared,2,42,read,186,186,186,188,188,1
188,E1,shared,1,185,read,186,186,186,188,188,1
189,E0,shared,0,80,read,187,187,187,189,189,1
189,E1,shared,1,105,read,187,187,187,189,189,1
190,E0,shared,1,25,read,188,188,188,190,190,1
190,E1,shared,0,124,read,188,188,188,190,190,1
191,E0,shared,1,177,read,189,189,189,191,191,1
192,E0,shared,0,88,read,190,190,190,192,192,1
193,E0,shared,2,34,read,191,191,191,193,193,1
194,E0,shared,2,134,read,192,192,192,194,194,1
194,E1,shared,2,182,read,192,192,192,194,194,1
195,E0,shared,1,217,read,193,193,193,195,195,1
195,E1,shared,1,113,read,193,193,193,195,195,1
196,E0,shared,0,148,read,194,194,194,196,196,1
196,E1,shared,0,248,read,194,194,194,196,196,1
197,E1,shared,1,93,read,195,195,195,197,197,1
198,E0,shared,0,140,read,196,196,196,198,198,1
199,E0,shared,1,137,read,197,197,197,199,199,1
199,E1,shared,1,41,read,197,197,197,199,199,1
200,E0,shared,2,222,read,198,198,198,200,200,1
200,E1,shared,2,222,read,198,198,198,200,200,1
201,E1,shared,3,175,read,199,199,199,201,201,1
202,E1,shared,3,219,read,200,200,200,202,202,1
203,E0,shared,2,194,read,201,201,201,203,203,1
203,E1,shared,1,237,read,201,201,201,203,203,1
204,E0,shared,3,203,read,202,202,202,204,204,1
204,E1,shared,3,231,read,202,202,202,204,204,1
205,E0,shared,3,15,read,203,203,203,205,205,1
205,E1,shared,3,3,read,203,203,203,205,205,1
206,E0,shared,2,182,read,204,204,204,206,206,1
207,E0,shared,0,164,read,205,205,205,207,207,1
207,E1,shared,0,244,read,205,205,205,207,207,1
208,E0,shared,0,104,read,206,206,206,208,208,1
208,E1,shared,0,104,read,206,206,206,208,208,1
209,E0,shared,1,201,read,207,207,207,209,209,1
209,E1,shared,1,237,read,207,207,207,209,209,1
210,E1,shared,2,126,read,208,208,208,210,210,1
211,E0,shared,1,105,read,209,209,209,211,211,1
211,E1,shared,1,245,read,209,209,209,211,211,1
212,E1,shared,2,86,read,210,210,210,212,212,1
213,E0,shared,2,234,read,211,211,211,213,213,1
214,E0,shared,1,229,read,212,212,212,214,214,1
214,E1,shared,1,229,read,212,212,212,214,214,1
215,E0,shared,2,70,read,213,213,213,215,215,1
215,E1,shared,2,238,read,213,213,213,215,215,1
216,E0,shared,1,129,read,214,214,214,216,216,1
216,E1,shared,1,225,read,214,214,214,216,216,1
217,E0,shared,0,88,read,215,215,215,217,217,1
218,E0,shared,3,203,read,216,216,216,218,218,1
218,E1,shared,3,31,read,216,216,216,218,218,1
219,E0,shared,2,158,read,217,217,217,219,219,1
219,E1,shared,1,25,read,217,217,217,219,219,1
220,E1,shared,2,110,read,218,218,218,220,220,1
221,E0,shared,1,169,read,219,219,219,221,221,1
222,E0,shared,0,48,read,220,220,220,222,222,1
222,E1,shared,0,140,read,220,220,220,222,222,1
223,E0,shared,0,224,read,221,221,221,223,223,1
223,E1,shared,0,44,read,221,221,221,223,223,1
224,E0,shared,1,81,read,222,222,222,224,224,1
224,E1,shared,1,81,read,222,222,222,224,224,1
225,E0,shared,2,58,read,223,223,223,225,225,1
225,E1,shared,2,150,read,223,223,223,225,225,1
226,E0,shared,3,139,read,224,224,224,226,226,1
226,E1,shared,3,67,read,224,224,224,226,226,1
227,E0,shared,1,229,read,225,225,225,227,227,1
228,E1,shared,2,34,read,226,226,226,228,228,1
229,E0,shared,0,188,read,227,227,227,229,229,1
229,E1,shared,0,188,read,227,227,227,229,229,1
230,E0,shared,3,35,read,228,228,228,230,230,1
230,E1,shared,0,220,read,228,228,228,230,230,1
231,E0,shared,0,236,read,229,229,229,231,231,1
231,E1,shared,2,234,read,229,229,229,231,231,1
232,E0,shared,0,212,read,230,230,230,232,232,1
232,E1,shared,2,166,read,230,230,230,232,232,1
233,E0,shared,3,123,read,231,231,231,233,233,1
233,E1,shared,3,31,read,231,231,231,233,233,1
234,E1,shared,2,162,read,232,232,232,234,234,1
235,E1,shared,2,114,read,233,233,233,235,235,1
236,E0,shared,3,163,read,234,234,234,236,236,1
236,E1,shared,2,118,read,234,234,234,236,236,1
237,E0,shared,2,30,read,235,235,235,237,237,1
237,E1,shared,2,186,read,235,235,235,237,237,1
238,E0,shared,3,71,read,236,236,236,238,238,1
239,E0,shared,2,130,read,237,237,237,239,239,1
239,E1,shared,1,73,read,237,237,237,239,239,1
240,E1,shared,2,130,read,238,238,238,240,240,1
241,E1,shared,1,189,read,239,239,239,241,241,1
242,E0,shared,1,1,read,240,240,240,242,242,1
243,E0,shared,3,67,read,241,241,241,243,243,1
244,E0,shared,3,235,read,242,242,242,244,244,1
244,E1,shared,3,235,read,242,242,242,244,244,1
245,E0,shared,0,56,read,243,243,243,245,245,1
245,E1,shared,0,56,read,243,243,243,245,245,1
246,E0,shared,2,54,read,244,244,244,246,246,1
246,E1,shared,2,174,read,244,244,244,246,246,1
247,E0,shared,3,255,read,245,245,245,247,247,1
247,E1,shared,1,45,read,245,245,245,247,247,1
248,E0,shared,3,147,read,246,246,246,248,248,1
248,E1,shared,3,147,read,246,246,246,248,248,1
249,E0,shared,1,45,read,247,247,247,249,249,1
250,E0,shared,0,80,read,248,248,248,250,250,1
250,E1,shared,0,0,read,248,248,248,250,250,1
251,E0,shared,3,11,read,249,249,249,251,251,1
251,E1,shared,3,219,read,249,249,249,251,251,1
252,E0,shared,0,208,read,250,250,250,252,252,1
252,E1,shared,0,40,read,250,250,250,252,252,1
253,E0,shared,0,28,read,251,251,251,253,253,1
253,E1,shared,0,68,read,251,251,251,253,253,1
254,E0,shared,3,231,read,252,252,252,254,254,1
254,E1,shared,3,231,read,252,252,252,254,254,1
255,E0,shared,0,116,read,253,253,253,255,255,1
255,E1,shared,0,88,read,253,253,253,255,255,1
256,E0,shared,2,130,read,254,254,254,256,256,1
256,E1,shared,2,250,read,254,254,254,256,256,1
257,E0,shared,3,51,read,255,255,255,257,257,1
258,E0,shared,3,199,read,256,256,256,258,258,1
258,E1,shared,3,223,read,256,256,256,258,258,1
259,E0,shared,2,38,read,257,257,257,259,259,1
259,E1,shared,2,186,read,257,257,257,259,259,1
260,E0,shared,2,102,read,258,258,258,260,260,1
261,E0,shared,0,132,read,259,259,259,261,261,1
261,E1,shared,0,72,read,259,259,259,261,261,1
262,E0,shared,2,158,read,260,260,260,262,262,1
262,E1,shared,2,158,read,260,260,260,262,262,1
263,E0,shared,1,89,read,261,261,261,263,263,1
263,E1,shared,1,253,read,261,261,261,263,263,1
264,E0,shared,1,185,read,262,262,262,264,264,1
264,E1,shared,0,128,read,262,262,262,264,264,1
265,E0,shared,2,14,read,263,263,263,265,265,1
265,E1,shared,2,2,read,263,263,263,265,265,1
266,E0,shared,1,233,read,264,264,264,266,266,1
267,E1,shared,3,99,read,265,265,265,267,267,1
268,E0,shared,0,24,read,266,266,266,268,268,1
268,E1,shared,0,20,read,266,266,266,268,268,1
269,E0,shared,1,237,read,267,267,267,269,269,1
269,E1,shared,1,237,read,267,267,267,269,269,1
270,E0,shared,1,101,read,268,268,268,270,270,1
270,E1,shared,1,101,read,268,268,268,270,270,1
271,E0,shared,1,85,read,269,269,269,271,271,1
271,E1,shared,1,253,read,269,269,269,271,271,1
272,E0,shared,2,166,read,270,270,270,272,272,1
272,E1,shared,2,222,read,270,270,270,272,272,1
273,E0,shared,2,42,read,271,271,271,273,273,1
273,E1,shared,1,125,read,271,271,271,273,273,1
274,E0,shared,3,159,read,272,272,272,274,274,1
274,E1,shared,3,115,read,272,272,272,274,274,1
275,E0,shared,2,46,read,273,273,273,275,275,1
276,E0,shared,0,148,read,274,274,274,276,276,1
276,E1,shared,0,148,read,274,274,274,276,276,1
277,E1,shared,3,19,read,275,275,275,277,277,1
279,E0,shared,2,26,read,277,277,277,279,279,1
279,E1,shared,0,232,read,277,277,277,279,279,1
280,E0,shared,2,222,read,278,278,278,280,280,1
280,E1,shared,0,108,read,278,278,278,280,280,1
281,E0,shared,0,160,read,279,279,279,281,281,1
281,E1,shared,3,11,read,279,279,279,281,281,1
282,E0,shared,1,93,read,280,280,280,282,282,1
282,E1,shared,3,63,read,280,280,280,282,282,1
283,E0,shared,0,132,read,281,281,281,283,283,1
283,E1,shared,2,74,read,281,281,281,283,283,1
284,E0,shared,1,229,read,282,282,282,284,284,1
284,E1,shared,1,217,read,282,282,282,284,284,1
285,E0,shared,3,15,read,283,283,283,285,285,1
285,E1,shared,1,1,read,283,283,283,285,285,1
286,E0,shared,3,151,read,284,284,284,286,286,1
286,E1,shared,3,239,read,284,284,284,286,286,1
287,E0,shared,3,135,read,285,285,285,287,287,1
287,E1,shared,3,15,read,285,285,285,287,287,1
288,E1,shared,3,71,read,286,286,286,288,288,1
289,E0,shared,2,2,read,287,287,287,289,289,1
289,E1,shared,2,98,read,287,287,287,289,289,1
290,E0,shared,2,10,read,288,288,288,290,290,1
290,E1,shared,0,48,read,288,288,288,290,290,1
291,E0,shared,0,28,read,289,289,289,291,291,1
291,E1,shared,0,28,read,289,289,289,291,291,1
292,E0,shared,0,252,read,290,290,290,292,292,1
292,E1,shared,0,100,read,290,290,290,292,292,1
293,E0,shared,3,3,read,291,291,291,293,293,1
293,E1,shared,3,3,read,291,291,291,293,293,1
294,E0,shared,2,102,read,292,292,292,294,294,1
294,E1,shared,2,210,read,292,292,292,294,294,1
295,E0,shared,3,51,read,293,293,293,295,295,1
295,E1,shared,3,223,read,293,293,293,295,295,1
296,E0,shared,1,209,read,294,294,294,296,296,1
296,E1,shared,1,165,read,294,294,294,296,296,1
297,E1,shared,2,226,read,295,295,295,297,297,1
298,E0,shared,2,126,read,296,296,296,298,298,1
298,E1,shared,3,27,read,296,296,296,298,298,1
299,E0,shared,3,51,read,297,297,297,299,299,1
299,E1,shared,3,55,read,297,297,297,299,299,1
300,E0,shared,0,228,read,298,298,298,300,300,1
300,E1,shared,0,100,read,298,298,298,300,300,1
301,E0,shared,3,243,read,299,299,299,301,301,1
301,E1,shared,3,243,read,299,299,299,301,301,1
302,E0,shared,2,106,read,300,300,300,302,302,1
302,E1,shared,2,170,read,300,300,300,302,302,1
303,E1,shared,3,11,read,301,301,301,303,303,1
304,E0,shared,3,47,read,302,302,302,304,304,1
304,E1,shared,0,88,read,302,302,302,304,304,1
305,E1,shared,2,218,read,303,303,303,305,305,1
306,E0,shared,3,111,read,304,304,304,306,306,1
306,E1,shared,3,15,read,304,304,304,306,306,1
307,E0,shared,0,120,read,305,305,305,307,307,1
307,E1,shared,0,156,read,305,305,305,307,307,1
308,E0,shared,3,247,read,306,306,306,308,308,1
308,E1,shared,3,247,read,306,306,306,308,308,1
309,E0,shared,0,224,read,307,307,307,309,309,1
309,E1,shared,0,116,read,307,307,307,309,309,1
310,E0,shared,0,104,read,308,308,308,310,310,1
310,E1,shared,2,130,read,308,308,308,310,310,1
311,E0,shared,2,98,read,309,309,309,311,311,1
311,E1,shared,2,90,read,309,309,309,311,311,1
312,E0,shared,3,135,read,310,310,310,312,312,1
312,E1,shared,3,135,read,310,310,310,312,312,1
313,E0,shared,2,142,read,311,311,311,313,313,1
313,E1,shared,2,142,read,311,311,311,313,313,1
314,E0,shared,3,163,read,312,312,312,314,314,1
314,E1,shared,3,163,read,312,312,312,314,314,1
315,E1,shared,2,58,read,313,313,313,315,315,1
316,E0,shared,1,149,read,314,314,314,316,316,1
316,E1,shared,1,181,read,314,314,314,316,316,1
317,E0,shared,0,28,read,315,315,315,317,317,1
317,E1,shared,0,96,read,315,315,315,317,317,1
318,E0,shared,1,241,read,316,316,316,318,318,1
318,E1,shared,1,241,read,316,316,316,318,318,1
319,E0,shared,0,216,read,317,317,317,319,319,1
319,E1,shared,0,16,read,317,317,317,319,319,1
320,E0,shared,3,139,read,318,318,318,320,320,1
320,E1,shared,3,3,read,318,318,318,320,320,1
321,E0,shared,1,5,read,319,319,319,321,321,1
321,E1,shared,1,33,read,319,319,319,321,321,1
322,E0,shared,1,45,read,320,320,320,322,322,1
322,E1,shared,1,89,read,320,320,320,322,322,1
323,E0,shared,3,163,read,321,321,321,323,323,1
323,E1,shared,3,251,read,321,321,321,323,323,1
324,E1,shared,2,230,read,322,322,322,324,324,1
325,E0,shared,1,61,read,323,323,323,325,325,1
325,E1,shared,2,106,read,323,323,323,325,325,1
326,E1,shared,3,175,read,324,324,324,326,326,1
327,E0,shared,3,147,read,325,325,325,327,327,1
328,E0,shared,2,142,read,326,326,326,328,328,1
328,E1,shared,2,42,read,326,326,326,328,328,1
329,E0,shared,2,54,read,327,327,327,329,329,1
329,E1,shared,3,215,read,327,327,327,329,329,1
330,E0,shared,2,54,read,328,328,328,330,330,1
330,E1,shared,3,47,read,328,328,328,330,330,1
331,E1,shared,2,186,read,329,329,329,331,331,1
332,E0,shared,1,1,read,330,330,330,332,332,1
332,E1,shared,1,113,read,330,330,330,332,332,1
333,E0,shared,2,182,read,331,331,331,333,333,1
333,E1,shared,0,100,read,331,331,331,333,333,1
334,E0,shared,2,58,read,332,332,332,334,334,1
334,E1,shared,0,164,read,332,332,332,334,334,1
335,E0,shared,3,247,read,333,333,333,335,335,1
336,E1,shared,1,57,read,334,334,334,336,336,1
337,E0,shared,2,62,read,335,335,335,337,337,1
337,E1,shared,2,182,read,335,335,335,337,337,1
338,E0,shared,1,37,read,336,336,336,338,338,1
339,E1,shared,0,176,read,337,337,337,339,339,1
340,E0,shared,3,167,read,338,338,338,340,340,1
340,E1,shared,1,197,read,338,338,338,340,340,1
341,E1,shared,0,128,read,339,339,339,341,341,1
342,E0,shared,1,213,read,340,340,340,342,342,1
342,E1,shared,1,45,read,340,340,340,342,342,1
343,E0,shared,1,157,read,341,341,341,343,343,1
343,E1,shared,1,165,read,341,341,341,343,343,1
344,E0,shared,3,211,read,342,342,342,344,344,1
344,E1,shared,3,211,read,342,342,342,344,344,1
345,E0,shared,0,196,read,343,343,343,345,345,1
345,E1,shared,0,196,read,343,343,343,345,345,1
346,E1,shared,0,224,read,344,344,344,346,346,1
347,E0,shared,1,161,read,345,345,345,347,347,1
348,E0,shared,0,168,read,346,346,346,348,348,1
348,E1,shared,0,168,read,346,346,346,348,348,1
349,E0,shared,1,13,read,347,347,347,349,349,1
349,E1,shared,1,97,read,347,347,347,349,349,1
350,E0,shared,3,167,read,348,348,348,350,350,1
350,E1,shared,1,165,read,348,348,348,350,350,1
351,E0,shared,2,58,read,349,349,349,351,351,1
352,E1,shared,2,118,read,350,350,350,352,352,1
353,E0,shared,2,6,read,351,351,351,353,353,1
353,E1,shared,1,9,read,351,351,351,353,353,1
354,E0,shared,3,107,read,352,352,352,354,354,1
354,E1,shared,3,195,read,352,352,352,354,354,1
355,E1,shared,1,33,read,353,353,353,355,355,1
356,E0,shared,2,50,read,354,354,354,356,356,1
356,E1,shared,3,183,read,354,354,354,356,356,1
357,E0,shared,0,40,read,355,355,355,357,357,1
357,E1,shared,0,68,read,355,355,355,357,357,1
358,E0,shared,2,26,read,356,356,356,358,358,1
358,E1,shared,2,158,read,356,356,356,358,358,1
359,E0,shared,1,169,read,357,357,357,359,359,1
359,E1,shared,3,83,read,357,357,357,359,359,1
360,E0,shared,3,199,read,358,358,358,360,360,1
360,E1,shared,3,199,read,358,358,358,360,360,1
361,E0,shared,2,154,read,359,359,359,361,361,1
361,E1,shared,3,99,read,359,359,359,361,361,1
362,E0,shared,3,91,read,360,360,360,362,362,1
362,E1,shared,3,223,read,360,360,360,362,362,1
363,E0,shared,2,46,read,361,361,361,363,363,1
363,E1,shared,2,46,read,361,361,361,363,363,1
364,E0,shared,0,208,read,362,362,362,364,364,1
364,E1,shared,3,231,read,362,362,362,364,364,1
365,E0,shared,0,160,read,363,363,363,365,365,1
365,E1,shared,1,117,read,363,363,363,365,365,1
366,E0,shared,1,221,read,364,364,364,366,366,1
366,E1,shared,1,149,read,364,364,364,366,366,1
367,E0,shared,3,167,read,365,365,365,367,367,1
367,E1,shared,3,167,read,365,365,365,367,367,1
368,E0,shared,1,17,read,366,366,366,368,368,1
368,E1,shared,1,81,read,366,366,366,368,368,1
369,E0,shared,3,123,read,367,367,367,369,369,1
370,E0,shared,1,61,read,368,368,368,370,370,1
370,E1,shared,0,216,read,368,368,368,370,370,1
371,E0,shared,1,101,read,369,369,369,371,371,1
371,E1,shared,1,229,read,369,369,369,371,371,1
372,E0,shared,2,34,read,370,370,370,372,372,1
372,E1,shared,2,34,read,370,370,370,372,372,1
373,E0,shared,1,113,read,371,371,371,373,373,1
373,E1,shared,1,65,read,371,371,371,373,373,1
374,E0,shared,1,233,read,372,372,372,374,374,1
374,E1,shared,1,121,read,372,372,372,374,374,1
375,E0,shared,1,133,read,373,373,373,375,375,1
375,E1,shared,1,233,read,373,373,373,375,375,1
376,E0,shared,1,229,read,374,374,374,376,376,1
376,E1,shared,3,151,read,374,374,374,376,376,1
377,E0,shared,1,201,read,375,375,375,377,377,1
378,E0,shared,3,51,read,376,376,376,378,378,1
378,E1,shared,3,211,read,376,376,376,378,378,1
379,E0,shared,3,63,read,377,377,377,379,379,1
379,E1,shared,3,175,read,377,377,377,379,379,1
380,E0,shared,2,2,read,378,378,378,380,380,1
380,E1,shared,2,246,read,378,378,378,380,380,1
381,E0,shared,1,125,read,379,379,379,381,381,1
381,E1,shared,1,125,read,379,379,379,381,381,1
382,E1,shared,2,230,read,380,380,380,382,382,1
383,E0,shared,0,84,read,381,381,381,383,383,1
383,E1,shared,0,84,read,381,381,381,383,383,1
385,E0,shared,2,190,read,383,383,383,385,385,1
385,E1,shared,2,190,read,383,383,383,385,385,1
386,E0,shared,1,1,read,384,384,384,386,386,1
386,E1,shared,0,228,read,384,384,384,386,386,1
387,E1,shared,1,253,read,385,385,385,387,387,1
388,E0,shared,0,228,read,386,386,386,388,388,1
388,E1,shared,0,12,read,386,386,386,388,388,1
389,E1,shared,1,97,read,387,387,387,389,389,1
390,E0,shared,3,199,read,388,388,388,390,390,1
390,E1,shared,3,227,read,388,388,388,390,390,1
391,E0,shared,2,78,read,389,389,389,391,391,1
391,E1,shared,2,198,read,389,389,389,391,391,1
392,E0,shared,3,215,read,390,390,390,392,392,1
392,E1,shared,1,237,read,390,390,390,392,392,1
393,E0,shared,1,61,read,391,391,391,393,393,1
394,E0,shared,0,212,read,392,392,392,394,394,1
394,E1,shared,0,212,read,392,392,392,394,394,1
395,E0,shared,2,222,read,393,393,393,395,395,1
395,E1,shared,2,222,read,393,393,393,395,395,1
396,E0,shared,0,220,read,394,394,394,396,396,1
397,E0,shared,1,89,read,395,395,395,397,397,1
398,E0,shared,2,142,read,396,396,396,398,398,1
399,E0,shared,3,107,read,397,397,397,399,399,1
399,E1,shared,0,20,read,397,397,397,399,399,1
400,E0,shared,2,210,read,398,398,398,400,400,1
400,E1,shared,2,210,read,398,398,398,400,400,1
401,E0,shared,1,37,read,399,399,399,401,401,1
401,E1,shared,1,181,read,399,399,399,401,401,1
402,E0,shared,0,172,read,400,400,400,402,402,1
402,E1,shared,0,244,read,400,400,400,402,402,1
403,E0,shared,1,189,read,401,401,401,403,403,1
403,E1,shared,1,81,read,401,401,401,403,403,1
404,E0,shared,2,158,read,402,402,402,404,404,1
405,E0,shared,0,76,read,403,403,403,405,405,1
405,E1,shared,0,76,read,403,403,403,405,405,1
406,E1,shared,2,6,read,404,404,404,406,406,1
407,E0,shared,2,66,read,405,405,405,407,407,1
407,E1,shared,0,28,read,405,405,405,407,407,1
408,E0,shared,0,160,read,406,406,406,408,408,1
409,E0,shared,3,59,read,407,407,407,409,409,1
409,E1,shared,3,35,read,407,407,407,409,409,1
410,E0,shared,3,63,read,408,408,408,410,410,1
410,E1,shared,1,197,read,408,408,408,410,410,1
411,E0,shared,2,234,read,409,409,409,411,411,1
413,E0,shared,2,126,read,411,411,411,413,413,1
414,E0,shared,1,237,read,412,412,412,414,414,1
414,E1,shared,1,237,read,412,412,412,414,414,1
415,E1,shared,0,248,read,413,413,413,415,415,1
416,E0,shared,0,28,read,414,414,414,416,416,1
417,E0,shared,1,185,read,415,415,415,417,417,1
417,E1,shared,1,37,read,415,415,415,417,417,1
418,E0,shared,0,148,read,416,416,416,418,418,1
418,E1,shared,0,148,read,416,416,416,418,418,1
419,E0,shared,2,170,read,417,417,417,419,419,1
419,E1,shared,2,222,read,417,417,417,419,419,1
420,E0,shared,3,255,read,418,418,418,420,420,1
420,E1,shared,0,56,read,418,418,418,420,420,1
421,E0,shared,2,34,read,419,419,419,421,421,1
421,E1,shared,2,162,read,419,419,419,421,421,1
422,E0,shared,3,163,read,420,420,420,422,422,1
423,E0,shared,1,37,read,421,421,421,423,423,1
423,E1,shared,1,37,read,421,421,421,423,423,1
424,E0,shared,3,123,read,422,422,422,424,424,1
425,E0,shared,2,46,read,423,423,423,425,425,1
425,E1,shared,2,162,read,423,423,423,425,425,1
426,E0,shared,1,81,read,424,424,424,426,426,1
427,E0,shared,1,45,read,425,425,425,427,427,1
427,E1,shared,1,45,read,425,425,425,427,427,1
428,E0,shared,2,254,read,426,426,426,428,428,1
429,E1,shared,3,71,read,427,427,427,429,429,1
430,E0,shared,3,151,read,428,428,428,430,430,1
430,E1,shared,3,223,read,428,428,428,430,430,1
431,E0,shared,2,14,read,429,429,429,431,431,1
431,E1,shared,2,18,read,429,429,429,431,431,1
432,E0,shared,0,44,read,430,430,430,432,432,1
432,E1,shared,0,168,read,430,430,430,432,432,1
433,E0,shared,1,149,read,431,431,431,433,433,1
433,E1,shared,1,93,read,431,431,431,433,433,1
434,E0,shared,0,28,read,432,432,432,434,434,1
434,E1,shared,2,122,read,432,432,432,434,434,1
435,E0,shared,2,242,read,433,433,433,435,435,1
435,E1,shared,2,222,read,433,433,433,435,435,1
436,E0,shared,1,205,read,434,434,434,436,436,1
436,E1,shared,3,31,read,434,434,434,436,436,1
437,E0,shared,3,75,read,435,435,435,437,437,1
437,E1,shared,1,181,read,435,435,435,437,437,1
438,E0,shared,0,204,read,436,436,436,438,438,1
438,E1,shared,0,248,read,436,436,436,438,438,1
439,E0,shared,0,232,read,437,437,437,439,439,1
439,E1,shared,0,200,read,437,437,437,439,439,1
441,E0,shared,0,148,read,439,439,439,441,441,1
442,E0,shared,3,131,read,440,440,440,442,442,1
442,E1,shared,3,131,read,440,440,440,442,442,1
443,E1,shared,3,207,read,441,441,441,443,443,1
444,E0,shared,2,46,read,442,442,442,444,444,1
444,E1,shared,2,230,read,442,442,442,444,444,1
445,E0,shared,2,162,read,443,443,443,445,445,1
445,E1,shared,1,53,read,443,443,443,445,445,1
446,E1,shared,1,21,read,444,444,444,446,446,1
447,E0,shared,3,127,read,445,445,445,447,447,1
447,E1,shared,3,127,read,445,445,445,447,447,1
448,E0,shared,3,131,read,446,446,446,448,448,1
448,E1,shared,3,163,read,446,446,446,448,448,1
449,E0,shared,2,106,read,447,447,447,449,449,1
449,E1,shared,0,228,read,447,447,447,449,449,1
450,E1,shared,0,64,read,448,448,448,450,450,1
451,E1,shared,3,195,read,449,449,449,451,451,1
452,E1,shared,2,102,read,450,450,450,452,452,1
453,E0,shared,1,25,read,451,451,451,453,453,1
453,E1,shared,1,25,read,451,451,451,453,453,1
454,E0,shared,2,158,read,452,452,452,454,454,1
454,E1,shared,0,164,read,452,452,452,454,454,1
455,E0,shared,0,112,read,453,453,453,455,455,1
456,E0,shared,1,165,read,454,454,454,456,456,1
457,E0,shared,1,141,read,455,455,455,457,457,1
457,E1,shared,0,164,read,455,455,455,457,457,1
458,E0,shared,1,137,read,456,456,456,458,458,1
458,E1,shared,1,221,read,456,456,456,458,458,1
459,E0,shared,0,96,read,457,457,457,459,459,1
459,E1,shared,0,176,read,457,457,457,459,459,1
460,E0,shared,1,85,read,458,458,458,460,460,1
460,E1,shared,1,241,read,458,458,458,460,460,1
461,E0,shared,2,94,read,459,459,459,461,461,1
461,E1,shared,2,46,read,459,459,459,461,461,1
462,E1,shared,1,169,read,460,460,460,462,462,1
463,E1,shared,1,129,read,461,461,461,463,463,1
464,E0,shared,0,228,read,462,462,462,464,464,1
464,E1,shared,2,26,read,462,462,462,464,464,1
465,E1,shared,0,188,read,463,463,463,465,465,1
466,E0,shared,0,8,read,464,464,464,466,466,1
466,E1,shared,0,44,read,464,464,464,466,466,1
467,E0,shared,2,70,read,465,465,465,467,467,1
467,E1,shared,2,46,read,465,465,465,467,467,1
468,E0,shared,2,178,read,466,466,466,468,468,1
468,E1,shared,2,26,read,466,466,466,468,468,1
469,E0,shared,1,45,read,467,467,467,469,469,1
469,E1,shared,1,189,read,467,467,467,469,469,1
470,E0,shared,2,42,read,468,468,468,470,470,1
471,E0,shared,3,139,read,469,469,469,471,471,1
471,E1,shared,3,127,read,469,469,469,471,471,1
472,E0,shared,3,99,read,470,470,470,472,472,1
472,E1,shared,3,99,read,470,470,470,472,472,1
473,E0,shared,3,15,read,471,471,471,473,473,1
473,E1,shared,3,99,read,471,471,471,473,473,1
474,E0,shared,2,190,read,472,472,472,474,474,1
474,E1,shared,2,214,read,472,472,472,474,474,1
475,E0,shared,3,107,read,473,473,473,475,475,1
476,E0,shared,3,235,read,474,474,474,476,476,1
476,E1,shared,3,219,read,474,474,474,476,476,1
477,E0,shared,1,233,read,475,475,475,477,477,1
477,E1,shared,1,141,read,475,475,475,477,477,1
478,E0,shared,2,138,read,476,476,476,478,478,1
479,E0,shared,0,192,read,477,477,477,479,479,1
479,E1,shared,0,128,read,477,477,477,479,479,1
480,E0,shared,2,198,read,478,478,478,480,480,1
480,E1,shared,2,198,read,478,478,478,480,480,1
481,E0,shared,0,168,read,479,479,479,481,481,1
481,E1,shared,0,0,read,479,479,479,481,481,1
482,E0,shared,2,94,read,480,480,480,482,482,1
483,E0,shared,0,12,read,481,481,481,483,483,1
484,E0,shared,1,149,read,482,482,482,484,484,1
484,E1,shared,1,149,read,482,482,482,484,484,1
485,E0,shared,3,103,read,483,483,483,485,485,1
485,E1,shared,0,160,read,483,483,483,485,485,1
486,E1,shared,1,77,read,484,484,484,486,486,1
488,E0,shared,2,206,read,486,486,486,488,488,1
488,E1,shared,2,150,read,486,486,486,488,488,1
489,E0,shared,1,113,read,487,487,487,489,489,1
489,E1,shared,1,113,read,487,487,487,489,489,1
490,E0,shared,1,65,read,488,488,488,490,490,1
491,E0,shared,2,214,read,489,489,489,491,491,1
491,E1,shared,2,10,read,489,489,489,491,491,1
492,E1,shared,0,128,read,490,490,490,492,492,1
493,E0,shared,2,158,read,491,491,491,493,493,1
493,E1,shared,1,109,read,491,491,491,493,493,1
494,E0,shared,0,64,read,492,492,492,494,494,1
495,E1,shared,3,87,read,493,493,493,495,495,1
496,E1,shared,2,74,read,494,494,494,496,496,1
497,E0,shared,1,25,read,495,495,495,497,497,1
497,E1,shared,3,51,read,495,495,495,497,497,1
498,E0,shared,0,120,read,496,496,496,498,498,1
498,E1,shared,0,132,read,496,496,496,498,498,1
499,E0,shared,1,29,read,497,497,497,499,499,1
499,E1,shared,1,29,read,497,497,497,499,499,1
500,E0,shared,1,133,read,498,498,498,500,500,1
500,E1,shared,1,29,read,498,498,498,500,500,1
502,E0,shared,2,138,read,500,500,500,502,502,1
502,E1,shared,3,123,read,500,500,500,502,502,1
503,E1,shared,0,240,read,501,501,501,503,503,1
504,E0,shared,3,103,read,502,502,502,504,504,1
504,E1,shared,0,104,read,502,502,502,504,504,1
505,E0,shared,3,151,read,503,503,503,505,505,1
507,E0,shared,0,196,read,505,505,505,507,507,1
508,E0,shared,2,150,read,506,506,506,508,508,1
508,E1,shared,1,105,read,506,506,506,508,508,1
509,E0,shared,1,201,read,507,507,507,509,509,1
509,E1,shared,1,133,read,507,507,507,509,509,1
510,E0,shared,0,96,read,508,508,508,510,510,1
511,E0,shared,3,219,read,509,509,509,511,511,1
511,E1,shared,1,169,read,509,509,509,511,511,1
512,E0,shared,3,151,read,510,510,510,512,512,1
512,E1,shared,3,151,read,510,510,510,512,512,1
513,E0,shared,0,124,read,511,511,511,513,513,1
513,E1,shared,0,72,read,511,511,511,513,513,1
514,E0,shared,1,205,read,512,512,512,514,514,1
514,E1,shared,1,205,read,512,512,512,514,514,1
515,E0,shared,3,167,read,513,513,513,515,515,1
515,E1,shared,2,50,read,513,513,513,515,515,1
516,E0,shared,0,244,read,514,514,514,516,516,1
517,E0,shared,3,151,read,515,515,515,517,517,1
517,E1,shared,1,21,read,515,515,515,517,517,1
518,E0,shared,2,118,read,516,516,516,518,518,1
518,E1,shared,0,40,read,516,516,516,518,518,1
519,E0,shared,0,200,read,517,517,517,519,519,1
519,E1,shared,0,32,read,517,517,517,519,519,1
520,E0,shared,0,176,read,518,518,518,520,520,1
520,E1,shared,0,56,read,518,518,518,520,520,1
521,E0,shared,1,89,read,519,519,519,521,521,1
521,E1,shared,1,9,read,519,519,519,521,521,1
522,E0,shared,3,59,read,520,520,520,522,522,1
522,E1,shared,3,215,read,520,520,520,522,522,1
523,E0,shared,0,36,read,521,521,521,523,523,1
523,E1,shared,0,24,read,521,521,521,523,523,1
524,E0,shared,2,222,read,522,522,522,524,524,1
525,E1,shared,1,37,read,523,523,523,525,525,1
526,E1,shared,0,100,read,524,524,524,526,526,1
528,E0,shared,3,67,read,526,526,526,528,528,1
528,E1,shared,2,226,read,526,526,526,528,528,1
529,E0,shared,0,192,read,527,527,527,529,529,1
529,E1,shared,0,172,read,527,527,527,529,529,1
530,E0,shared,0,236,read,528,528,528,530,530,1
530,E1,shared,0,112,read,528,528,528,530,530,1
531,E0,shared,2,90,read,529,529,529,531,531,1
531,E1,shared,2,202,read,529,529,529,531,531,1
532,E0,shared,1,157,read,530,530,530,532,532,1
532,E1,shared,3,211,read,530,530,530,532,532,1
533,E0,shared,0,64,read,531,531,531,533,533,1
533,E1,shared,2,174,read,531,531,531,533,533,1
535,E0,shared,3,243,read,533,533,533,535,535,1
535,E1,shared,2,38,read,533,533,533,535,535,1
536,E1,shared,1,169,read,534,534,534,536,536,1
537,E0,shared,2,34,read,535,535,535,537,537,1
538,E0,shared,2,94,read,536,536,536,538,538,1
538,E1,shared,2,214,read,536,536,536,538,538,1
539,E1,shared,0,168,read,537,537,537,539,539,1
540,E0,shared,2,222,read,538,538,538,540,540,1
540,E1,shared,2,26,read,538,538,538,540,540,1
541,E0,shared,0,236,read,539,539,539,541,541,1
541,E1,shared,0,180,read,539,539,539,541,541,1
542,E0,shared,0,180,read,540,540,540,542,542,1
543,E1,shared,0,48,read,541,541,541,543,543,1
544,E0,shared,0,172,read,542,542,542,544,544,1
545,E0,shared,1,25,read,543,543,543,545,545,1
546,E1,shared,3,79,read,544,544,544,546,546,1
547,E0,shared,2,194,read,545,545,545,547,547,1
547,E1,shared,2,46,read,545,545,545,547,547,1
548,E0,shared,1,157,read,546,546,546,548,548,1
549,E0,shared,3,151,read,547,547,547,549,549,1
549,E1,shared,3,219,read,547,547,547,549,549,1
550,E0,shared,0,132,read,548,548,548,550,550,1
550,E1,shared,1,105,read,548,548,548,550,550,1
552,E0,shared,1,197,read,550,550,550,552,552,1
552,E1,shared,1,141,read,550,550,550,552,552,1
553,E0,shared,1,161,read,551,551,551,553,553,1
553,E1,shared,1,217,read,551,551,551,553,553,1
554,E0,shared,0,100,read,552,552,552,554,554,1
554,E1,shared,0,212,read,552,552,552,554,554,1
555,E0,shared,3,99,read,553,553,553,555,555,1
555,E1,shared,2,70,read,553,553,553,555,555,1
556,E0,shared,0,36,read,554,554,554,556,556,1
556,E1,shared,0,36,read,554,554,554,556,556,1
557,E0,shared,3,7,read,555,555,555,557,557,1
557,E1,shared,3,175,read,555,555,555,557,557,1
558,E0,shared,1,205,read,556,556,556,558,558,1
558,E1,shared,2,202,read,556,556,556,558,558,1
559,E0,shared,2,138,read,557,557,557,559,559,1
559,E1,shared,2,198,read,557,557,557,559,559,1
560,E0,shared,0,68,read,558,558,558,560,560,1
560,E1,shared,1,149,read,558,558,558,560,560,1
561,E0,shared,2,18,read,559,559,559,561,561,1
561,E1,shared,0,132,read,559,559,559,561,561,1
562,E0,shared,3,19,read,560,560,560,562,562,1
562,E1,shared,3,95,read,560,560,560,562,562,1
563,E0,shared,3,43,read,561,561,561,563,563,1
564,E0,shared,1,201,read,562,562,562,564,564,1
564,E1,shared,3,71,read,562,562,562,564,564,1
565,E0,shared,0,120,read,563,563,563,565,565,1
565,E1,shared,0,96,read,563,563,563,565,565,1
566,E0,shared,0,196,read,564,564,564,566,566,1
566,E1,shared,2,58,read,564,564,564,566,566,1
567,E1,shared,3,59,read,565,565,565,567,567,1
568,E0,shared,0,80,read,566,566,566,568,568,1
568,E1,shared,0,0,read,566,566,566,568,568,1
569,E0,shared,3,219,read,567,567,567,569,569,1
569,E1,shared,3,159,read,567,567,567,569,569,1
570,E0,shared,2,250,read,568,568,568,570,570,1
570,E1,shared,2,134,read,568,568,568,570,570,1
571,E0,shared,2,186,read,569,569,569,571,571,1
571,E1,shared,2,30,read,569,569,569,571,571,1
572,E1,shared,3,195,read,570,570,570,572,572,1
573,E0,shared,1,161,read,571,571,571,573,573,1
573,E1,shared,1,253,read,571,571,571,573,573,1
574,E0,shared,0,192,read,572,572,572,574,574,1
574,E1,shared,0,56,read,572,572,572,574,574,1
575,E0,shared,2,34,read,573,573,573,575,575,1
575,E1,shared,2,230,read,573,573,573,575,575,1
576,E0,shared,2,14,read,574,574,574,576,576,1
576,E1,shared,2,194,read,574,574,574,576,576,1
577,E1,shared,1,225,read,575,575,575,577,577,1
578,E0,shared,0,36,read,576,576,576,578,578,1
578,E1,shared,0,164,read,576,576,576,578,578,1
579,E1,shared,2,138,read,577,577,577,579,579,1
580,E1,shared,0,156,read,578,578,578,580,580,1
581,E1,shared,0,0,read,579,579,579,581,581,1
582,E0,shared,0,132,read,580,580,580,582,582,1
582,E1,shared,0,132,read,580,580,580,582,582,1
583,E0,shared,2,30,read,581,581,581,583,583,1
583,E1,shared,2,90,read,581,581,581,583,583,1
584,E1,shared,0,96,read,582,582,582,584,584,1
585,E0,shared,3,83,read,583,583,583,585,585,1
586,E0,shared,3,151,read,584,584,584,586,586,1
586,E1,shared,2,182,read,584,584,584,586,586,1
587,E0,shared,2,206,read,585,585,585,587,587,1
587,E1,shared,0,164,read,585,585,585,587,587,1
588,E1,shared,1,89,read,586,586,586,588,588,1
589,E0,shared,3,139,read,587,587,587,589,589,1
589,E1,shared,3,139,read,587,587,587,589,589,1
590,E0,shared,0,36,read,588,588,588,590,590,1
590,E1,shared,2,134,read,588,588,588,590,590,1
591,E0,shared,1,117,read,589,589,589,591,591,1
591,E1,shared,1,117,read,589,589,589,591,591,1
592,E0,shared,3,67,read,590,590,590,592,592,1
592,E1,shared,3,207,read,590,590,590,592,592,1
593,E1,shared,3,171,read,591,591,591,593,593,1
594,E0,shared,2,130,read,592,592,592,594,594,1
594,E1,shared,2,66,read,592,592,592,594,594,1
595,E0,shared,3,167,read,593,593,593,595,595,1
595,E1,shared,3,111,read,593,593,593,595,595,1
596,E0,shared,1,53,read,594,594,594,596,596,1
596,E1,shared,3,163,read,594,594,594,596,596,1
597,E0,shared,0,244,read,595,595,595,597,597,1
598,E0,shared,3,251,read,596,596,596,598,598,1
598,E1,shared,3,251,read,596,596,596,598,598,1
599,E0,shared,1,73,read,597,597,597,599,599,1
599,E1,shared,0,176,read,597,597,597,599,599,1
600,E0,shared,0,152,read,598,598,598,600,600,1
600,E1,shared,0,152,read,598,598,598,600,600,1
601,E0,shared,1,77,read,599,599,599,601,601,1
601,E1,shared,1,93,read,599,599,599,601,601,1
602,E1,shared,2,118,read,600,600,600,602,602,1
604,E1,shared,3,95,read,602,602,602,604,604,1
605,E0,shared,3,211,read,603,603,603,605,605,1
606,E0,shared,1,93,read,604,604,604,606,606,1
606,E1,shared,1,93,read,604,604,604,606,606,1
607,E0,shared,1,73,read,605,605,605,607,607,1
607,E1,shared,1,73,read,605,605,605,607,607,1
608,E0,shared,1,1,read,606,606,606,608,608,1
608,E1,shared,1,1,read,606,606,606,608,608,1
609,E0,shared,2,70,read,607,607,607,609,609,1
609,E1,shared,2,70,read,607,607,607,609,609,1
610,E0,shared,2,102,read,608,608,608,610,610,1
610,E1,shared,0,172,read,608,608,608,610,610,1
611,E0,shared,0,136,read,609,609,609,611,611,1
611,E1,shared,0,148,read,609,609,609,611,611,1
612,E0,shared,0,56,read,610,610,610,612,612,1
612,E1,shared,0,56,read,610,610,610,612,612,1
613,E0,shared,3,131,read,611,611,611,613,613,1
613,E1,shared,3,55,read,611,611,611,613,613,1
615,E0,shared,3,107,read,613,613,613,615,615,1
615,E1,shared,0,228,read,613,613,613,615,615,1
616,E0,shared,3,179,read,614,614,614,616,616,1
616,E1,shared,3,203,read,614,614,614,616,616,1
617,E1,shared,0,72,read,615,615,615,617,617,1
618,E0,shared,1,105,read,616,616,616,618,618,1
618,E1,shared,1,221,read,616,616,616,618,618,1
619,E0,shared,3,111,read,617,617,617,619,619,1
619,E1,shared,3,3,read,617,617,617,619,619,1
621,E1,shared,3,251,read,619,619,619,621,621,1
622,E0,shared,1,133,read,620,620,620,622,622,1
622,E1,shared,3,31,read,620,620,620,622,622,1
623,E0,shared,1,5,read,621,621,621,623,623,1
623,E1,shared,1,5,read,621,621,621,623,623,1
624,E0,shared,3,215,read,622,622,622,624,624,1
624,E1,shared,3,47,read,622,622,622,624,624,1
625,E1,shared,3,167,read,623,623,623,625,625,1
626,E0,shared,2,242,read,624,624,624,626,626,1
626,E1,shared,2,242,read,624,624,624,626,626,1
627,E0,shared,3,31,read,625,625,625,627,627,1
627,E1,shared,3,67,read,625,625,625,627,627,1
629,E0,shared,0,204,read,627,627,627,629,629,1
629,E1,shared,3,247,read,627,627,627,629,629,1
630,E0,shared,2,178,read,628,628,628,630,630,1
630,E1,shared,3,35,read,628,628,628,630,630,1
631,E0,shared,2,198,read,629,629,629,631,631,1
631,E1,shared,2,174,read,629,629,629,631,631,1
632,E0,shared,3,147,read,630,630,630,632,632,1
632,E1,shared,1,133,read,630,630,630,632,632,1
633,E0,shared,2,254,read,631,631,631,633,633,1
633,E1,shared,2,254,read,631,631,631,633,633,1
634,E0,shared,2,66,read,632,632,632,634,634,1
635,E0,shared,0,80,read,633,633,633,635,635,1
635,E1,shared,2,54,read,633,633,633,635,635,1
636,E0,shared,2,142,read,634,634,634,636,636,1
636,E1,shared,2,86,read,634,634,634,636,636,1
637,E0,shared,3,191,read,635,635,635,637,637,1
637,E1,shared,3,191,read,635,635,635,637,637,1
638,E0,shared,2,182,read,636,636,636,638,638,1
638,E1,shared,1,109,read,636,636,636,638,638,1
639,E0,shared,1,13,read,637,637,637,639,639,1
639,E1,shared,1,105,read,637,637,637,639,639,1
640,E0,shared,1,177,read,638,638,638,640,640,1
640,E1,shared,1,93,read,638,638,638,640,640,1
641,E0,shared,1,49,read,639,639,639,641,641,1
642,E0,shared,1,217,read,640,640,640,642,642,1
644,E0,shared,0,184,read,642,642,642,644,644,1
644,E1,shared,0,184,read,642,642,642,644,644,1
645,E0,shared,1,65,read,643,643,643,645,645,1
645,E1,shared,1,145,read,643,643,643,645,645,1
646,E0,shared,2,54,read,644,644,644,646,646,1
646,E1,shared,2,22,read,644,644,644,646,646,1
647,E0,shared,2,34,read,645,645,645,647,647,1
648,E0,shared,0,40,read,646,646,646,648,648,1
649,E0,shared,2,194,read,647,647,647,649,649,1
649,E1,shared,2,194,read,647,647,647,649,649,1
650,E1,shared,3,59,read,648,648,648,650,650,1
651,E0,shared,0,12,read,649,649,649,651,651,1
651,E1,shared,1,209,read,649,649,649,651,651,1
652,E0,shared,2,166,read,650,650,650,652,652,1
652,E1,shared,2,190,read,650,650,650,652,652,1
654,E0,shared,2,222,read,652,652,652,654,654,1
654,E1,shared,2,222,read,652,652,652,654,654,1
655,E0,shared,2,254,read,653,653,653,655,655,1
655,E1,shared,2,254,read,653,653,653,655,655,1
656,E0,shared,3,71,read,654,654,654,656,656,1
656,E1,shared,0,240,read,654,654,654,656,656,1
657,E0,shared,3,111,read,655,655,655,657,657,1
658,E0,shared,0,56,read,656,656,656,658,658,1
658,E1,shared,0,140,read,656,656,656,658,658,1
659,E0,shared,0,88,read,657,657,657,659,659,1
659,E1,shared,0,44,read,657,657,657,659,659,1
660,E0,shared,0,164,read,658,658,658,660,660,1
660,E1,shared,0,156,read,658,658,658,660,660,1
661,E0,shared,2,50,read,659,659,659,661,661,1
661,E1,shared,3,35,read,659,659,659,661,661,1
662,E0,shared,0,120,read,660,660,660,662,662,1
662,E1,shared,0,120,read,660,660,660,662,662,1
663,E0,shared,1,253,read,661,661,661,663,663,1
663,E1,shared,1,253,read,661,661,661,663,663,1
664,E0,shared,1,165,read,662,662,662,664,664,1
665,E0,shared,2,2,read,663,663,663,665,665,1
666,E0,shared,2,242,read,664,664,664,666,666,1
667,E0,shared,3,159,read,665,665,665,667,667,1
667,E1,shared,3,247,read,665,665,665,667,667,1
668,E0,shared,0,64,read,666,666,666,668,668,1
668,E1,shared,0,196,read,666,666,666,668,668,1
669,E0,shared,3,51,read,667,667,667,669,669,1
669,E1,shared,3,223,read,667,667,667,669,669,1
671,E0,shared,3,119,read,669,669,669,671,671,1
671,E1,shared,1,249,read,669,669,669,671,671,1
672,E0,shared,1,237,read,670,670,670,672,672,1
673,E0,shared,2,46,read,671,671,671,673,673,1
674,E0,shared,2,218,read,672,672,672,674,674,1
674,E1,shared,0,188,read,672,672,672,674,674,1
675,E0,shared,3,11,read,673,673,673,675,675,1
675,E1,shared,3,171,read,673,673,673,675,675,1
676,E0,shared,0,16,read,674,674,674,676,676,1
677,E0,shared,2,234,read,675,675,675,677,677,1
678,E0,shared,3,91,read,676,676,676,678,678,1
678,E1,shared,3,111,read,676,676,676,678,678,1
679,E0,shared,1,37,read,677,677,677,679,679,1
680,E1,shared,2,246,read,678,678,678,680,680,1
681,E0,shared,3,39,read,679,679,679,681,681,1
681,E1,shared,1,137,read,679,679,679,681,681,1
682,E0,shared,3,135,read,680,680,680,682,682,1
682,E1,shared,3,191,read,680,680,680,682,682,1
683,E0,shared,1,17,read,681,681,681,683,683,1
683,E1,shared,1,209,read,681,681,681,683,683,1
684,E0,shared,1,233,read,682,682,682,684,684,1
684,E1,shared,1,105,read,682,682,682,684,684,1
685,E0,shared,1,157,read,683,683,683,685,685,1
685,E1,shared,1,221,read,683,683,683,685,685,1
686,E0,shared,0,116,read,684,684,684,686,686,1
686,E1,shared,2,250,read,684,684,684,686,686,1
687,E1,shared,3,143,read,685,685,685,687,687,1
688,E0,shared,2,70,read,686,686,686,688,688,1
689,E0,shared,0,108,read,687,687,687,689,689,1
690,E1,shared,0,4,read,688,688,688,690,690,1
691,E1,shared,0,112,read,689,689,689,691,691,1
692,E0,shared,0,8,read,690,690,690,692,692,1
692,E1,shared,2,42,read,690,690,690,692,692,1
693,E1,shared,2,126,read,691,691,691,693,693,1
694,E0,shared,1,33,read,692,692,692,694,694,1
694,E1,shared,1,33,read,692,692,692,694,694,1
695,E0,shared,2,58,read,693,693,693,695,695,1
695,E1,shared,3,163,read,693,693,693,695,695,1
696,E0,shared,1,9,read,694,694,694,696,696,1
696,E1,shared,1,9,read,694,694,694,696,696,1
697,E1,shared,1,25,read,695,695,695,697,697,1
698,E0,shared,2,82,read,696,696,696,698,698,1
698,E1,shared,2,78,read,696,696,696,698,698,1
699,E0,shared,3,179,read,697,697,697,699,699,1
700,E0,shared,3,95,read,698,698,698,700,700,1
700,E1,shared,3,95,read,698,698,698,700,700,1
701,E1,shared,2,234,read,699,699,699,701,701,1
702,E0,shared,3,103,read,700,700,700,702,702,1
702,E1,shared,3,103,read,700,700,700,702,702,1
703,E0,shared,0,100,read,701,701,701,703,703,1
703,E1,shared,0,204,read,701,701,701,703,703,1
704,E0,shared,1,189,read,702,702,702,704,704,1
704,E1,shared,1,189,read,702,702,702,704,704,1
706,E0,shared,3,115,read,704,704,704,706,706,1
706,E1,shared,3,115,read,704,704,704,706,706,1
707,E0,shared,2,170,read,705,705,705,707,707,1
707,E1,shared,2,170,read,705,705,705,707,707,1
708,E0,shared,3,67,read,706,706,706,708,708,1
708,E1,shared,3,27,read,706,706,706,708,708,1
709,E0,shared,3,175,read,707,707,707,709,709,1
709,E1,shared,3,23,read,707,707,707,709,709,1
710,E0,shared,1,5,read,708,708,708,710,710,1
711,E0,shared,1,53,read,709,709,709,711,711,1
711,E1,shared,1,253,read,709,709,709,711,711,1
712,E0,shared,0,52,read,710,710,710,712,712,1
712,E1,shared,0,176,read,710,710,710,712,712,1
713,E0,shared,1,229,read,711,711,711,713,713,1
713,E1,shared,1,229,read,711,711,711,713,713,1
715,E1,shared,1,149,read,713,713,713,715,715,1
716,E0,shared,0,220,read,714,714,714,716,716,1
716,E1,shared,0,120,read,714,714,714,716,716,1
717,E0,shared,0,144,read,715,715,715,717,717,1
717,E1,shared,0,212,read,715,715,715,717,717,1
718,E0,shared,0,20,read,716,716,716,718,718,1
718,E1,shared,3,3,read,716,716,716,718,718,1
719,E0,shared,0,136,read,717,717,717,719,719,1
719,E1,shared,0,188,read,717,717,717,719,719,1
720,E0,shared,3,31,read,718,718,718,720,720,1
720,E1,shared,3,91,read,718,718,718,720,720,1
721,E0,shared,3,239,read,719,719,719,721,721,1
721,E1,shared,2,10,read,719,719,719,721,721,1
722,E1,shared,0,204,read,720,720,720,722,722,1
723,E0,shared,0,64,read,721,721,721,723,723,1
724,E0,shared,3,219,read,722,722,722,724,724,1
725,E0,shared,3,223,read,723,723,723,725,725,1
725,E1,shared,1,209,read,723,723,723,725,725,1
726,E0,shared,3,135,read,724,724,724,726,726,1
726,E1,shared,3,51,read,724,724,724,726,726,1
727,E0,shared,3,219,read,725,725,725,727,727,1
727,E1,shared,1,153,read,725,725,725,727,727,1
728,E0,shared,0,100,read,726,726,726,728,728,1
728,E1,shared,0,100,read,726,726,726,728,728,1
729,E0,shared,3,107,read,727,727,727,729,729,1
729,E1,shared,3,119,read,727,727,727,729,729,1
730,E1,shared,1,193,read,728,728,728,730,730,1
731,E0,shared,0,116,read,729,729,729,731,731,1
731,E1,shared,0,40,read,729,729,729,731,731,1
732,E0,shared,2,70,read,730,730,730,732,732,1
732,E1,shared,2,70,read,730,730,730,732,732,1
733,E0,shared,1,93,read,731,731,731,733,733,1
733,E1,shared,1,1,read,731,731,731,733,733,1
734,E1,shared,2,6,read,732,732,732,734,734,1
735,E0,shared,3,111,read,733,733,733,735,735,1
735,E1,shared,3,111,read,733,733,733,735,735,1
736,E0,shared,2,6,read,734,734,734,736,736,1
737,E0,shared,2,58,read,735,735,735,737,737,1
738,E0,shared,0,12,read,736,736,736,738,738,1
738,E1,shared,0,12,read,736,736,736,738,738,1
739,E0,shared,0,220,read,737,737,737,739,739,1
739,E1,shared,0,168,read,737,737,737,739,739,1
740,E1,shared,3,127,read,738,738,738,740,740,1
741,E0,shared,3,203,read,739,739,739,741,741,1
741,E1,shared,3,127,read,739,739,739,741,741,1
742,E0,shared,0,124,read,740,740,740,742,742,1
742,E1,shared,0,124,read,740,740,740,742,742,1
743,E1,shared,1,53,read,741,741,741,743,743,1
744,E0,shared,1,249,read,742,742,742,744,744,1
744,E1,shared,3,151,read,742,742,742,744,744,1
745,E0,shared,3,243,read,743,743,743,745,745,1
746,E0,shared,2,10,read,744,744,744,746,746,1
746,E1,shared,2,58,read,744,744,744,746,746,1
747,E0,shared,0,220,read,745,745,745,747,747,1
748,E0,shared,1,181,read,746,746,746,748,748,1
748,E1,shared,1,221,read,746,746,746,748,748,1
749,E0,shared,0,236,read,747,747,747,749,749,1
749,E1,shared,0,168,read,747,747,747,749,749,1
750,E0,shared,1,249,read,748,748,748,750,750,1
750,E1,shared,0,28,read,748,748,748,750,750,1
751,E0,shared,1,173,read,749,749,749,751,751,1
751,E1,shared,3,99,read,749,749,749,751,751,1
752,E0,shared,1,73,read,750,750,750,752,752,1
752,E1,shared,1,73,read,750,750,750,752,752,1
753,E0,shared,2,194,read,751,751,751,753,753,1
754,E0,shared,2,14,read,752,752,752,754,754,1
754,E1,shared,2,106,read,752,752,752,754,754,1
755,E0,shared,0,204,read,753,753,753,755,755,1
756,E0,shared,1,221,read,754,754,754,756,756,1
756,E1,shared,1,221,read,754,754,754,756,756,1
757,E0,shared,3,71,read,755,755,755,757,757,1
758,E0,shared,2,62,read,756,756,756,758,758,1
758,E1,shared,2,114,read,756,756,756,758,758,1
759,E0,shared,1,45,read,757,757,757,759,759,1
759,E1,shared,1,45,read,757,757,757,759,759,1
760,E0,shared,0,4,read,758,758,758,760,760,1
760,E1,shared,0,112,read,758,758,758,760,760,1
762,E0,shared,1,249,read,760,760,760,762,762,1
762,E1,shared,1,249,read,760,760,760,762,762,1
763,E0,shared,3,155,read,761,761,761,763,763,1
763,E1,shared,3,99,read,761,761,761,763,763,1
765,E0,shared,0,208,read,763,763,763,765,765,1
765,E1,shared,0,160,read,763,763,763,765,765,1
766,E0,shared,3,207,read,764,764,764,766,766,1
766,E1,shared,0,240,read,764,764,764,766,766,1
767,E0,shared,2,98,read,765,765,765,767,767,1
767,E1,shared,2,18,read,765,765,765,767,767,1
768,E0,shared,2,70,read,766,766,766,768,768,1
768,E1,shared,2,226,read,766,766,766,768,768,1
769,E0,shared,0,92,read,767,767,767,769,769,1
769,E1,shared,0,212,read,767,767,767,769,769,1
770,E0,shared,2,250,read,768,768,768,770,770,1
770,E1,shared,1,237,read,768,768,768,770,770,1
771,E0,shared,1,129,read,769,769,769,771,771,1
771,E1,shared,1,53,read,769,769,769,771,771,1
772,E0,shared,3,147,read,770,770,770,772,772,1
772,E1,shared,3,11,read,770,770,770,772,772,1
773,E0,shared,1,193,read,771,771,771,773,773,1
773,E1,shared,1,217,read,771,771,771,773,773,1
775,E0,shared,0,248,read,773,773,773,775,775,1
775,E1,shared,0,52,read,773,773,773,775,775,1
776,E0,shared,2,186,read,774,774,774,776,776,1
776,E1,shared,0,172,read,774,774,774,776,776,1
777,E0,shared,1,213,read,775,775,775,777,777,1
777,E1,shared,3,71,read,775,775,775,777,777,1
778,E0,shared,1,33,read,776,776,776,778,778,1
778,E1,shared,1,237,read,776,776,776,778,778,1
779,E0,shared,3,107,read,777,777,777,779,779,1
780,E1,shared,3,47,read,778,778,778,780,780,1
781,E0,shared,0,196,read,779,779,779,781,781,1
781,E1,shared,2,94,read,779,779,779,781,781,1
782,E0,shared,0,208,read,780,780,780,782,782,1
782,E1,shared,2,6,read,780,780,780,782,782,1
783,E0,shared,1,177,read,781,781,781,783,783,1
783,E1,shared,1,125,read,781,781,781,783,783,1
784,E0,shared,3,107,read,782,782,782,784,784,1
784,E1,shared,3,107,read,782,782,782,784,784,1
785,E0,shared,1,69,read,783,783,783,785,785,1
785,E1,shared,1,69,read,783,783,783,785,785,1
786,E0,shared,3,111,read,784,784,784,786,786,1
786,E1,shared,0,100,read,784,784,784,786,786,1
787,E0,shared,0,172,read,785,785,785,787,787,1
787,E1,shared,0,196,read,785,785,785,787,787,1
788,E0,shared,3,99,read,786,786,786,788,788,1
789,E1,shared,2,214,read,787,787,787,789,789,1
790,E1,shared,1,233,read,788,788,788,790,790,1
791,E0,shared,2,30,read,789,789,789,791,791,1
791,E1,shared,3,123,read,789,789,789,791,791,1
792,E0,shared,3,107,read,790,790,790,792,792,1
792,E1,shared,3,107,read,790,790,790,792,792,1
793,E0,shared,1,253,read,791,791,791,793,793,1
793,E1,shared,2,226,read,791,791,791,793,793,1
794,E0,shared,0,220,read,792,792,792,794,794,1
794,E1,shared,0,144,read,792,792,792,794,794,1
795,E1,shared,2,162,read,793,793,793,795,795,1
796,E0,shared,1,157,read,794,794,794,796,796,1
796,E1,shared,1,45,read,794,794,794,796,796,1
797,E0,shared,1,101,read,795,795,795,797,797,1
797,E1,shared,1,173,read,795,795,795,797,797,1
798,E1,shared,1,17,read,796,796,796,798,798,1
799,E0,shared,3,219,read,797,797,797,799,799,1
799,E1,shared,2,74,read,797,797,797,799,799,1
800,E0,shared,3,127,read,798,798,798,800,800,1
800,E1,shared,3,83,read,798,798,798,800,800,1
801,E0,shared,3,175,read,799,799,799,801,801,1
801,E1,shared,3,111,read,799,799,799,801,801,1
802,E0,shared,2,174,read,800,800,800,802,802,1
802,E1,shared,2,22,read,800,800,800,802,802,1
803,E0,shared,1,109,read,801,801,801,803,803,1
803,E1,shared,1,109,read,801,801,801,803,803,1
804,E0,shared,3,115,read,802,802,802,804,804,1
804,E1,shared,3,99,read,802,802,802,804,804,1
805,E0,shared,2,30,read,803,803,803,805,805,1
806,E0,shared,0,160,read,804,804,804,806,806,1
806,E1,shared,2,254,read,804,804,804,806,806,1
807,E0,shared,2,130,read,805,805,805,807,807,1
807,E1,shared,2,154,read,805,805,805,807,807,1
808,E0,shared,2,54,read,806,806,806,808,808,1
809,E1,shared,3,111,read,807,807,807,809,809,1
810,E0,shared,2,242,read,808,808,808,810,810,1
811,E0,shared,2,182,read,809,809,809,811,811,1
811,E1,shared,1,121,read,809,809,809,811,811,1
812,E0,shared,0,132,read,810,810,810,812,812,1
812,E1,shared,0,28,read,810,810,810,812,812,1
813,E0,shared,2,158,read,811,811,811,813,813,1
813,E1,shared,2,114,read,811,811,811,813,813,1
814,E0,shared,0,144,read,812,812,812,814,814,1
815,E0,shared,1,97,read,813,813,813,815,815,1
816,E0,shared,0,172,read,814,814,814,816,816,1
816,E1,shared,0,104,read,814,814,814,816,816,1
817,E0,shared,2,6,read,815,815,815,817,817,1
818,E0,shared,3,115,read,816,816,816,818,818,1
818,E1,shared,3,187,read,816,816,816,818,818,1
819,E0,shared,3,91,read,817,817,817,819,819,1
819,E1,shared,3,91,read,817,817,817,819,819,1
820,E0,shared,2,230,read,818,818,818,820,820,1
820,E1,shared,2,18,read,818,818,818,820,820,1
821,E0,shared,0,32,read,819,819,819,821,821,1
821,E1,shared,3,67,read,819,819,819,821,821,1
822,E0,shared,0,188,read,820,820,820,822,822,1
822,E1,shared,0,52,read,820,820,820,822,822,1
823,E0,shared,1,245,read,821,821,821,823,823,1
823,E1,shared,3,195,read,821,821,821,823,823,1
824,E0,shared,3,43,read,822,822,822,824,824,1
824,E1,shared,3,43,read,822,822,822,824,824,1
825,E0,shared,1,1,read,823,823,823,825,825,1
825,E1,shared,1,117,read,823,823,823,825,825,1
826,E0,shared,2,78,read,824,824,824,826,826,1
826,E1,shared,2,78,read,824,824,824,826,826,1
827,E0,shared,1,253,read,825,825,825,827,827,1
828,E0,shared,3,103,read,826,826,826,828,828,1
828,E1,shared,3,75,read,826,826,826,828,828,1
829,E1,shared,3,35,read,827,827,827,829,829,1
830,E0,shared,2,22,read,828,828,828,830,830,1
830,E1,shared,2,134,read,828,828,828,830,830,1
831,E1,shared,1,37,read,829,829,829,831,831,1
832,E1,shared,0,32,read,830,830,830,832,832,1
833,E0,shared,3,191,read,831,831,831,833,833,1
833,E1,shared,3,139,read,831,831,831,833,833,1
834,E0,shared,0,112,read,832,832,832,834,834,1
834,E1,shared,0,48,read,832,832,832,834,834,1
835,E0,shared,1,201,read,833,833,833,835,835,1
835,E1,shared,0,196,read,833,833,833,835,835,1
836,E0,shared,3,203,read,834,834,834,836,836,1
836,E1,shared,3,203,read,834,834,834,836,836,1
837,E0,shared,0,244,read,835,835,835,837,837,1
837,E1,shared,0,36,read,835,835,835,837,837,1
839,E0,shared,0,32,read,837,837,837,839,839,1
839,E1,shared,0,76,read,837,837,837,839,839,1
840,E0,shared,1,165,read,838,838,838,840,840,1
840,E1,shared,0,20,read,838,838,838,840,840,1
841,E0,shared,2,226,read,839,839,839,841,841,1
841,E1,shared,1,101,read,839,839,839,841,841,1
842,E1,shared,0,216,read,840,840,840,842,842,1
843,E0,shared,3,87,read,841,841,841,843,843,1
843,E1,shared,3,87,read,841,841,841,843,843,1
844,E0,shared,1,45,read,842,842,842,844,844,1
844,E1,shared,1,117,read,842,842,842,844,844,1
845,E0,shared,3,87,read,843,843,843,845,845,1
845,E1,shared,3,87,read,843,843,843,845,845,1
846,E0,shared,3,147,read,844,844,844,846,846,1
846,E1,shared,1,161,read,844,844,844,846,846,1
847,E0,shared,2,98,read,845,845,845,847,847,1
847,E1,shared,0,128,read,845,845,845,847,847,1
848,E0,shared,2,30,read,846,846,846,848,848,1
848,E1,shared,2,30,read,846,846,846,848,848,1
849,E0,shared,1,33,read,847,847,847,849,849,1
849,E1,shared,1,33,read,847,847,847,849,849,1
850,E1,shared,2,114,read,848,848,848,850,850,1
851,E0,shared,1,53,read,849,849,849,851,851,1
851,E1,shared,1,73,read,849,849,849,851,851,1
852,E0,shared,0,44,read,850,850,850,852,852,1
853,E1,shared,1,41,read,851,851,851,853,853,1
854,E0,shared,2,194,read,852,852,852,854,854,1
854,E1,shared,3,251,read,852,852,852,854,854,1
855,E1,shared,2,106,read,853,853,853,855,855,1
856,E0,shared,2,58,read,854,854,854,856,856,1
857,E0,shared,1,77,read,855,855,855,857,857,1
857,E1,shared,1,77,read,855,855,855,857,857,1
858,E0,shared,3,215,read,856,856,856,858,858,1
858,E1,shared,3,147,read,856,856,856,858,858,1
859,E1,shared,2,254,read,857,857,857,859,859,1
860,E0,shared,1,17,read,858,858,858,860,860,1
860,E1,shared,1,129,read,858,858,858,860,860,1
861,E0,shared,1,137,read,859,859,859,861,861,1
861,E1,shared,1,193,read,859,859,859,861,861,1
862,E0,shared,2,134,read,860,860,860,862,862,1
863,E0,shared,3,215,read,861,861,861,863,863,1
864,E0,shared,1,37,read,862,862,862,864,864,1
865,E0,shared,2,214,read,863,863,863,865,865,1
865,E1,shared,2,214,read,863,863,863,865,865,1
866,E0,shared,0,104,read,864,864,864,866,866,1
866,E1,shared,0,20,read,864,864,864,866,866,1
867,E0,shared,2,34,read,865,865,865,867,867,1
867,E1,shared,2,82,read,865,865,865,867,867,1
868,E0,shared,2,54,read,866,866,866,868,868,1
868,E1,shared,2,98,read,866,866,866,868,868,1
869,E1,shared,0,244,read,867,867,867,869,869,1
870,E0,shared,0,92,read,868,868,868,870,870,1
871,E0,shared,3,35,read,869,869,869,871,871,1
871,E1,shared,3,35,read,869,869,869,871,871,1
872,E0,shared,1,165,read,870,870,870,872,872,1
872,E1,shared,1,97,read,870,870,870,872,872,1
873,E0,shared,3,71,read,871,871,871,873,873,1
873,E1,shared,3,71,read,871,871,871,873,873,1
874,E0,shared,2,22,read,872,872,872,874,874,1
874,E1,shared,3,55,read,872,872,872,874,874,1
875,E1,shared,0,184,read,873,873,873,875,875,1
876,E0,shared,0,228,read,874,874,874,876,876,1
876,E1,shared,0,224,read,874,874,874,876,876,1
877,E0,shared,0,80,read,875,875,875,877,877,1
877,E1,shared,0,232,read,875,875,875,877,877,1
878,E0,shared,2,158,read,876,876,876,878,878,1
878,E1,shared,2,194,read,876,876,876,878,878,1
879,E0,shared,1,201,read,877,877,877,879,879,1
880,E0,shared,0,72,read,878,878,878,880,880,1
881,E0,shared,0,48,read,879,879,879,881,881,1
881,E1,shared,0,152,read,879,879,879,881,881,1
882,E0,shared,3,247,read,880,880,880,882,882,1
882,E1,shared,3,7,read,880,880,880,882,882,1
883,E0,shared,1,145,read,881,881,881,883,883,1
883,E1,shared,3,163,read,881,881,881,883,883,1
884,E0,shared,0,40,read,882,882,882,884,884,1
884,E1,shared,1,165,read,882,882,882,884,884,1
885,E0,shared,0,200,read,883,883,883,885,885,1
885,E1,shared,3,115,read,883,883,883,885,885,1
886,E0,shared,3,95,read,884,884,884,886,886,1
887,E0,shared,3,203,read,885,885,885,887,887,1
888,E0,shared,1,41,read,886,886,886,888,888,1
888,E1,shared,1,49,read,886,886,886,888,888,1
889,E0,shared,2,42,read,887,887,887,889,889,1
889,E1,shared,1,225,read,887,887,887,889,889,1
890,E0,shared,2,126,read,888,888,888,890,890,1
890,E1,shared,2,210,read,888,888,888,890,890,1
891,E0,shared,2,234,read,889,889,889,891,891,1
892,E0,shared,0,4,read,890,890,890,892,892,1
892,E1,shared,0,64,read,890,890,890,892,892,1
893,E1,shared,3,211,read,891,891,891,893,893,1
894,E0,shared,1,161,read,892,892,892,894,894,1
894,E1,shared,1,73,read,892,892,892,894,894,1
895,E0,shared,0,144,read,893,893,893,895,895,1
896,E1,shared,2,166,read,894,894,894,896,896,1
897,E1,shared,2,198,read,895,895,895,897,897,1
898,E0,shared,3,15,read,896,896,896,898,898,1
899,E1,shared,0,32,read,897,897,897,899,899,1
900,E0,shared,3,67,read,898,898,898,900,900,1
900,E1,shared,1,61,read,898,898,898,900,900,1
901,E0,shared,3,91,read,899,899,899,901,901,1
901,E1,shared,3,91,read,899,899,899,901,901,1
902,E0,shared,0,188,read,900,900,900,902,902,1
902,E1,shared,0,188,read,900,900,900,902,902,1
903,E0,shared,2,6,read,901,901,901,903,903,1
904,E0,shared,0,160,read,902,902,902,904,904,1
904,E1,shared,0,120,read,902,902,902,904,904,1
905,E0,shared,2,122,read,903,903,903,905,905,1
905,E1,shared,3,107,read,903,903,903,905,905,1
906,E0,shared,3,163,read,904,904,904,906,906,1
906,E1,shared,2,82,read,904,904,904,906,906,1
907,E0,shared,3,159,read,905,905,905,907,907,1
907,E1,shared,2,122,read,905,905,905,907,907,1
908,E0,shared,0,136,read,906,906,906,908,908,1
908,E1,shared,0,80,read,906,906,906,908,908,1
909,E0,shared,0,224,read,907,907,907,909,909,1
909,E1,shared,0,132,read,907,907,907,909,909,1
910,E0,shared,2,90,read,908,908,908,910,910,1
910,E1,shared,2,6,read,908,908,908,910,910,1
911,E0,shared,1,205,read,909,909,909,911,911,1
911,E1,shared,1,205,read,909,909,909,911,911,1
912,E0,shared,1,169,read,910,910,910,912,912,1
912,E1,shared,1,217,read,910,910,910,912,912,1
913,E0,shared,0,176,read,911,911,911,913,913,1
913,E1,shared,1,57,read,911,911,911,913,913,1
914,E0,shared,1,129,read,912,912,912,914,914,1
914,E1,shared,3,151,read,912,912,912,914,914,1
915,E0,shared,0,208,read,913,913,913,915,915,1
916,E0,shared,1,65,read,914,914,914,916,916,1
916,E1,shared,1,221,read,914,914,914,916,916,1
917,E1,shared,3,183,read,915,915,915,917,917,1
918,E0,shared,1,117,read,916,916,916,918,918,1
919,E0,shared,0,84,read,917,917,917,919,919,1
919,E1,shared,0,84,read,917,917,917,919,919,1
920,E0,shared,2,46,read,918,918,918,920,920,1
921,E0,shared,2,66,read,919,919,919,921,921,1
921,E1,shared,2,18,read,919,919,919,921,921,1
922,E0,shared,1,229,read,920,920,920,922,922,1
922,E1,shared,3,167,read,920,920,920,922,922,1
923,E0,shared,2,130,read,921,921,921,923,923,1
923,E1,shared,1,73,read,921,921,921,923,923,1
924,E1,shared,1,217,read,922,922,922,924,924,1
925,E0,shared,1,117,read,923,923,923,925,925,1
925,E1,shared,2,94,read,923,923,923,925,925,1
926,E0,shared,3,15,read,924,924,924,926,926,1
926,E1,shared,3,15,read,924,924,924,926,926,1
927,E0,shared,1,33,read,925,925,925,927,927,1
927,E1,shared,1,141,read,925,925,925,927,927,1
928,E0,shared,2,78,read,926,926,926,928,928,1
928,E1,shared,3,83,read,926,926,926,928,928,1
929,E0,shared,2,242,read,927,927,927,929,929,1
929,E1,shared,2,118,read,927,927,927,929,929,1
930,E0,shared,3,159,read,928,928,928,930,930,1
930,E1,shared,3,103,read,928,928,928,930,930,1
931,E0,shared,1,241,read,929,929,929,931,931,1
931,E1,shared,2,50,read,929,929,929,931,931,1
932,E0,shared,3,55,read,930,930,930,932,932,1
932,E1,shared,3,175,read,930,930,930,932,932,1
933,E0,shared,3,67,read,931,931,931,933,933,1
933,E1,shared,3,67,read,931,931,931,933,933,1
934,E1,shared,0,32,read,932,932,932,934,934,1
935,E0,shared,3,187,read,933,933,933,935,935,1
935,E1,shared,3,159,read,933,933,933,935,935,1
936,E1,shared,3,63,read,934,934,934,936,936,1
937,E1,shared,1,13,read,935,935,935,937,937,1
938,E1,shared,3,195,read,936,936,936,938,938,1
939,E0,shared,2,206,read,937,937,937,939,939,1
939,E1,shared,2,194,read,937,937,937,939,939,1
940,E0,shared,2,214,read,938,938,938,940,940,1
940,E1,shared,2,186,read,938,938,938,940,940,1
941,E0,shared,2,202,read,939,939,939,941,941,1
941,E1,shared,2,18,read,939,939,939,941,941,1
942,E0,shared,0,164,read,940,940,940,942,942,1
942,E1,shared,0,164,read,940,940,940,942,942,1
943,E0,shared,1,29,read,941,941,941,943,943,1
943,E1,shared,0,248,read,941,941,941,943,943,1
944,E0,shared,1,37,read,942,942,942,944,944,1
944,E1,shared,3,31,read,942,942,942,944,944,1
945,E1,shared,1,133,read,943,943,943,945,945,1
946,E0,shared,3,227,read,944,944,944,946,946,1
947,E0,shared,3,159,read,945,945,945,947,947,1
947,E1,shared,2,178,read,945,945,945,947,947,1
948,E0,shared,2,74,read,946,946,946,948,948,1
948,E1,shared,2,142,read,946,946,946,948,948,1
949,E1,shared,3,119,read,947,947,947,949,949,1
950,E0,shared,0,8,read,948,948,948,950,950,1
950,E1,shared,0,8,read,948,948,948,950,950,1
951,E0,shared,3,159,read,949,949,949,951,951,1
951,E1,shared,3,203,read,949,949,949,951,951,1
952,E0,shared,2,46,read,950,950,950,952,952,1
952,E1,shared,1,121,read,950,950,950,952,952,1
953,E0,shared,3,23,read,951,951,951,953,953,1
954,E0,shared,1,241,read,952,952,952,954,954,1
954,E1,shared,1,241,read,952,952,952,954,954,1
955,E0,shared,2,26,read,953,953,953,955,955,1
955,E1,shared,3,3,read,953,953,953,955,955,1
956,E0,shared,3,19,read,954,954,954,956,956,1
956,E1,shared,3,19,read,954,954,954,956,956,1
957,E0,shared,0,44,read,955,955,955,957,957,1
957,E1,shared,0,4,read,955,955,955,957,957,1
958,E0,shared,1,5,read,956,956,956,958,958,1
958,E1,shared,1,5,read,956,956,956,958,958,1
959,E1,shared,1,113,read,957,957,957,959,959,1
960,E1,shared,0,44,read,958,958,958,960,960,1
961,E0,shared,3,219,read,959,959,959,961,961,1
961,E1,shared,3,75,read,959,959,959,961,961,1
962,E0,shared,1,69,read,960,960,960,962,962,1
962,E1,shared,1,69,read,960,960,960,962,962,1
963,E1,shared,2,46,read,961,961,961,963,963,1
964,E1,shared,0,132,read,962,962,962,964,964,1
965,E0,shared,0,32,read,963,963,963,965,965,1
965,E1,shared,0,80,read,963,963,963,965,965,1
966,E0,shared,1,85,read,964,964,964,966,966,1
966,E1,shared,0,136,read,964,964,964,966,966,1
967,E0,shared,1,245,read,965,965,965,967,967,1
967,E1,shared,3,87,read,965,965,965,967,967,1
968,E0,shared,2,158,read,966,966,966,968,968,1
968,E1,shared,1,117,read,966,966,966,968,968,1
969,E0,shared,2,246,read,967,967,967,969,969,1
969,E1,shared,2,30,read,967,967,967,969,969,1
970,E1,shared,2,166,read,968,968,968,970,970,1
971,E0,shared,1,145,read,969,969,969,971,971,1
971,E1,shared,1,145,read,969,969,969,971,971,1
972,E0,shared,3,27,read,970,970,970,972,972,1
972,E1,shared,3,183,read,970,970,970,972,972,1
973,E0,shared,0,248,read,971,971,971,973,973,1
973,E1,shared,3,199,read,971,971,971,973,973,1
974,E0,shared,1,137,read,972,972,972,974,974,1
975,E0,shared,1,109,read,973,973,973,975,975,1
975,E1,shared,1,53,read,973,973,973,975,975,1
976,E0,shared,0,84,read,974,974,974,976,976,1
976,E1,shared,0,20,read,974,974,974,976,976,1
977,E0,shared,0,24,read,975,975,975,977,977,1
978,E0,shared,0,124,read,976,976,976,978,978,1
979,E1,shared,1,129,read,977,977,977,979,979,1
980,E0,shared,0,236,read,978,978,978,980,980,1
980,E1,shared,0,184,read,978,978,978,980,980,1
982,E0,shared,1,205,read,980,980,980,982,982,1
982,E1,shared,3,203,read,980,980,980,982,982,1
983,E0,shared,0,20,read,981,981,981,983,983,1
983,E1,shared,0,44,read,981,981,981,983,983,1
984,E0,shared,0,200,read,982,982,982,984,984,1
984,E1,shared,0,200,read,982,982,982,984,984,1
986,E1,shared,0,4,read,984,984,984,986,986,1
987,E0,shared,2,222,read,985,985,985,987,987,1
987,E1,shared,0,84,read,985,985,985,987,987,1
988,E0,shared,0,192,read,986,986,986,988,988,1
988,E1,shared,0,252,read,986,986,986,988,988,1
989,E0,shared,3,103,read,987,987,987,989,989,1
990,E0,shared,1,221,read,988,988,988,990,990,1
990,E1,shared,2,246,read,988,988,988,990,990,1
992,E0,shared,1,225,read,990,990,990,992,992,1
992,E1,shared,1,245,read,990,990,990,992,992,1
993,E0,shared,1,33,read,991,991,991,993,993,1
993,E1,shared,3,91,read,991,991,991,993,993,1
994,E0,shared,2,38,read,992,992,992,994,994,1
994,E1,shared,2,62,read,992,992,992,994,994,1
995,E0,shared,0,212,read,993,993,993,995,995,1
995,E1,shared,2,106,read,993,993,993,995,995,1
996,E0,shared,2,226,read,994,994,994,996,996,1
996,E1,shared,2,46,read,994,994,994,996,996,1
998,E1,shared,0,228,read,996,996,996,998,998,1
999,E0,shared,3,39,read,997,997,997,999,999,1
999,E1,shared,3,39,read,997,997,997,999,999,1
1000,E0,shared,0,44,read,998,998,998,1000,1000,1
1000,E1,shared,3,199,read,998,998,998,1000,1000,1
1001,E0,shared,2,186,read,999,999,999,1001,1001,1
1001,E1,shared,3,87,read,999,999,999,1001,1001,1
1002,E1,shared,0,200,read,1000,1000,1000,1002,1002,1
1003,E0,shared,0,32,read,1001,1001,1001,1003,1003,1
1003,E1,shared,0,32,read,1001,1001,1001,1003,1003,1
1004,E0,shared,2,70,read,1002,1002,1002,1004,1004,1
1005,E0,shared,0,236,read,1003,1003,1003,1005,1005,1
1005,E1,shared,0,104,read,1003,1003,1003,1005,1005,1
1006,E0,shared,2,94,read,1004,1004,1004,1006,1006,1
1006,E1,shared,2,154,read,1004,1004,1004,1006,1006,1
1007,E0,shared,1,33,read,1005,1005,1005,1007,1007,1
1007,E1,shared,0,40,read,1005,1005,1005,1007,1007,1
1008,E0,shared,2,78,read,1006,1006,1006,1008,1008,1
1008,E1,shared,2,78,read,1006,1006,1006,1008,1008,1
1009,E0,shared,0,120,read,1007,1007,1007,1009,1009,1
1009,E1,shared,0,120,read,1007,1007,1007,1009,1009,1
1010,E0,shared,3,239,read,1008,1008,1008,1010,1010,1
1010,E1,shared,3,151,read,1008,1008,1008,1010,1010,1
1011,E1,shared,2,14,read,1009,1009,1009,1011,1011,1
1013,E0,shared,1,117,read,1011,1011,1011,1013,1013,1
1013,E1,shared,1,217,read,1011,1011,1011,1013,1013,1
1014,E0,shared,0,152,read,1012,1012,1012,1014,1014,1
1014,E1,shared,2,74,read,1012,1012,1012,1014,1014,1
1015,E0,shared,2,106,read,1013,1013,1013,1015,1015,1
1016,E1,shared,0,0,read,1014,1014,1014,1016,1016,1
1017,E0,shared,1,29,read,1015,1015,1015,1017,1017,1
1018,E0,shared,3,231,read,1016,1016,1016,1018,1018,1
1018,E1,shared,1,161,read,1016,1016,1016,1018,1018,1
1019,E0,shared,3,163,read,1017,1017,1017,1019,1019,1
1019,E1,shared,3,79,read,1017,1017,1017,1019,1019,1
1020,E1,shared,1,185,read,1018,1018,1018,1020,1020,1
1021,E0,shared,1,241,read,1019,1019,1019,1021,1021,1
1021,E1,shared,1,17,read,1019,1019,1019,1021,1021,1
1022,E0,shared,3,11,read,1020,1020,1020,1022,1022,1
1023,E1,shared,1,145,read,1021,1021,1021,1023,1023,1
1024,E0,shared,0,176,read,1022,1022,1022,1024,1024,1
1025,E0,shared,1,41,read,1023,1023,1023,1025,1025,1
1025,E1,shared,1,145,read,1023,1023,1023,1025,1025,1
1026,E0,shared,1,217,read,1024,1024,1024,1026,1026,1
1026,E1,shared,1,133,read,1024,1024,1024,1026,1026,1
1027,E0,shared,0,96,read,1025,1025,1025,1027,1027,1
1027,E1,shared,0,232,read,1025,1025,1025,1027,1027,1
1028,E0,shared,1,201,read,1026,1026,1026,1028,1028,1
1028,E1,shared,2,158,read,1026,1026,1026,1028,1028,1
1029,E0,shared,3,123,read,1027,1027,1027,1029,1029,1
1029,E1,shared,3,127,read,1027,1027,1027,1029,1029,1
1030,E0,shared,2,126,read,1028,1028,1028,1030,1030,1
1030,E1,shared,2,126,read,1028,1028,1028,1030,1030,1
1032,E0,shared,2,66,read,1030,1030,1030,1032,1032,1
1032,E1,shared,0,168,read,1030,1030,1030,1032,1032,1
1033,E0,shared,3,171,read,1031,1031,1031,1033,1033,1
1033,E1,shared,0,240,read,1031,1031,1031,1033,1033,1
1034,E0,shared,0,248,read,1032,1032,1032,1034,1034,1
1034,E1,shared,1,37,read,1032,1032,1032,1034,1034,1
1035,E1,shared,0,136,read,1033,1033,1033,1035,1035,1
1036,E0,shared,3,7,read,1034,1034,1034,1036,1036,1
1037,E0,shared,3,139,read,1035,1035,1035,1037,1037,1
1037,E1,shared,3,235,read,1035,1035,1035,1037,1037,1
1038,E0,shared,1,77,read,1036,1036,1036,1038,1038,1
1039,E0,shared,3,155,read,1037,1037,1037,1039,1039,1
1040,E0,shared,3,75,read,1038,1038,1038,1040,1040,1
1040,E1,shared,3,75,read,1038,1038,1038,1040,1040,1
1041,E0,shared,0,144,read,1039,1039,1039,1041,1041,1
1042,E0,shared,2,242,read,1040,1040,1040,1042,1042,1
1042,E1,shared,0,124,read,1040,1040,1040,1042,1042,1
1043,E0,shared,3,127,read,1041,1041,1041,1043,1043,1
1043,E1,shared,3,95,read,1041,1041,1041,1043,1043,1
1044,E0,shared,3,179,read,1042,1042,1042,1044,1044,1
1044,E1,shared,3,179,read,1042,1042,1042,1044,1044,1
1045,E0,shared,3,75,read,1043,1043,1043,1045,1045,1
1045,E1,shared,3,75,read,1043,1043,1043,1045,1045,1
1046,E1,shared,0,92,read,1044,1044,1044,1046,1046,1
1047,E0,shared,0,204,read,1045,1045,1045,1047,1047,1
1047,E1,shared,0,96,read,1045,1045,1045,1047,1047,1
1048,E0,shared,1,241,read,1046,1046,1046,1048,1048,1
1048,E1,shared,1,213,read,1046,1046,1046,1048,1048,1
1049,E0,shared,1,85,read,1047,1047,1047,1049,1049,1
1050,E0,shared,0,172,read,1048,1048,1048,1050,1050,1
1050,E1,shared,2,66,read,1048,1048,1048,1050,1050,1
1051,E0,shared,2,46,read,1049,1049,1049,1051,1051,1
1052,E0,shared,0,76,read,1050,1050,1050,1052,1052,1
1052,E1,shared,3,127,read,1050,1050,1050,1052,1052,1
1053,E0,shared,1,13,read,1051,1051,1051,1053,1053,1
1053,E1,shared,1,13,read,1051,1051,1051,1053,1053,1
1054,E0,shared,1,109,read,1052,1052,1052,1054,1054,1
1054,E1,shared,1,109,read,1052,1052,1052,1054,1054,1
1055,E0,shared,3,47,read,1053,1053,1053,1055,1055,1
1056,E0,shared,1,17,read,1054,1054,1054,1056,1056,1
1056,E1,shared,1,173,read,1054,1054,1054,1056,1056,1
1057,E0,shared,0,68,read,1055,1055,1055,1057,1057,1
1057,E1,shared,0,68,read,1055,1055,1055,1057,1057,1
1058,E0,shared,0,208,read,1056,1056,1056,1058,1058,1
1059,E0,shared,1,125,read,1057,1057,1057,1059,1059,1
1059,E1,shared,2,74,read,1057,1057,1057,1059,1059,1
1060,E0,shared,1,5,read,1058,1058,1058,1060,1060,1
1060,E1,shared,1,125,read,1058,1058,1058,1060,1060,1
1061,E1,shared,3,179,read,1059,1059,1059,1061,1061,1
1062,E0,shared,1,49,read,1060,1060,1060,1062,1062,1
1062,E1,shared,1,101,read,1060,1060,1060,1062,1062,1
1063,E1,shared,3,3,read,1061,1061,1061,1063,1063,1
1064,E0,shared,1,21,read,1062,1062,1062,1064,1064,1
1064,E1,shared,1,73,read,1062,1062,1062,1064,1064,1
1065,E0,shared,2,94,read,1063,1063,1063,1065,1065,1
1066,E0,shared,2,162,read,1064,1064,1064,1066,1066,1
1066,E1,shared,3,211,read,1064,1064,1064,1066,1066,1
1067,E0,shared,1,117,read,1065,1065,1065,1067,1067,1
1067,E1,shared,1,117,read,1065,1065,1065,1067,1067,1
1068,E0,shared,0,116,read,1066,1066,1066,1068,1068,1
1068,E1,shared,0,244,read,1066,1066,1066,1068,1068,1
1069,E0,shared,1,157,read,1067,1067,1067,1069,1069,1
1069,E1,shared,2,34,read,1067,1067,1067,1069,1069,1
1070,E0,shared,1,105,read,1068,1068,1068,1070,1070,1
1070,E1,shared,1,129,read,1068,1068,1068,1070,1070,1
1071,E1,shared,2,22,read,1069,1069,1069,1071,1071,1
1072,E0,shared,2,146,read,1070,1070,1070,1072,1072,1
1072,E1,shared,2,146,read,1070,1070,1070,1072,1072,1
1073,E1,shared,2,202,read,1071,1071,1071,1073,1073,1
1074,E0,shared,1,137,read,1072,1072,1072,1074,1074,1
1075,E1,shared,1,85,read,1073,1073,1073,1075,1075,1
1076,E0,shared,0,188,read,1074,1074,1074,1076,1076,1
1077,E0,shared,2,190,read,1075,1075,1075,1077,1077,1
1077,E1,shared,1,213,read,1075,1075,1075,1077,1077,1
1078,E0,shared,0,32,read,1076,1076,1076,1078,1078,1
1078,E1,shared,0,160,read,1076,1076,1076,1078,1078,1
1079,E0,shared,2,34,read,1077,1077,1077,1079,1079,1
1079,E1,shared,2,34,read,1077,1077,1077,1079,1079,1
1080,E0,shared,0,52,read,1078,1078,1078,1080,1080,1
1080,E1,shared,3,11,read,1078,1078,1078,1080,1080,1
1081,E0,shared,0,80,read,1079,1079,1079,1081,1081,1
1081,E1,shared,0,88,read,1079,1079,1079,1081,1081,1
1082,E0,shared,1,145,read,1080,1080,1080,1082,1082,1
1082,E1,shared,1,249,read,1080,1080,1080,1082,1082,1
1083,E0,shared,3,123,read,1081,1081,1081,1083,1083,1
1083,E1,shared,3,163,read,1081,1081,1081,1083,1083,1
1084,E0,shared,3,207,read,1082,1082,1082,1084,1084,1
1084,E1,shared,1,89,read,1082,1082,1082,1084,1084,1
1085,E1,shared,1,13,read,1083,1083,1083,1085,1085,1
1086,E0,shared,0,24,read,1084,1084,1084,1086,1086,1
1086,E1,shared,0,24,read,1084,1084,1084,1086,1086,1
1087,E0,shared,0,124,read,1085,1085,1085,1087,1087,1
1087,E1,shared,0,32,read,1085,1085,1085,1087,1087,1
1088,E0,shared,1,13,read,1086,1086,1086,1088,1088,1
1088,E1,shared,1,25,read,1086,1086,1086,1088,1088,1
1089,E0,shared,1,17,read,1087,1087,1087,1089,1089,1
1089,E1,shared,0,148,read,1087,1087,1087,1089,1089,1
1090,E0,shared,1,225,read,1088,1088,1088,1090,1090,1
1090,E1,shared,1,13,read,1088,1088,1088,1090,1090,1
1091,E0,shared,2,250,read,1089,1089,1089,1091,1091,1
1091,E1,shared,2,162,read,1089,1089,1089,1091,1091,1
1092,E0,shared,0,56,read,1090,1090,1090,1092,1092,1
1092,E1,shared,0,116,read,1090,1090,1090,1092,1092,1
1093,E0,shared,2,162,read,1091,1091,1091,1093,1093,1
1093,E1,shared,2,214,read,1091,1091,1091,1093,1093,1
1094,E0,shared,1,161,read,1092,1092,1092,1094,1094,1
1094,E1,shared,1,161,read,1092,1092,1092,1094,1094,1
1095,E1,shared,0,32,read,1093,1093,1093,1095,1095,1
1096,E1,shared,2,38,read,1094,1094,1094,1096,1096,1
1097,E0,shared,0,36,read,1095,1095,1095,1097,1097,1
1097,E1,shared,0,104,read,1095,1095,1095,1097,1097,1
1098,E0,shared,2,46,read,1096,1096,1096,1098,1098,1
1098,E1,shared,2,174,read,1096,1096,1096,1098,1098,1
1099,E0,shared,2,54,read,1097,1097,1097,1099,1099,1
1099,E1,shared,2,142,read,1097,1097,1097,1099,1099,1
1100,E0,shared,1,49,read,1098,1098,1098,1100,1100,1
1100,E1,shared,1,41,read,1098,1098,1098,1100,1100,1
1101,E0,shared,2,86,read,1099,1099,1099,1101,1101,1
1101,E1,shared,2,86,read,1099,1099,1099,1101,1101,1
1102,E0,shared,1,197,read,1100,1100,1100,1102,1102,1
1103,E0,shared,1,129,read,1101,1101,1101,1103,1103,1
1103,E1,shared,1,25,read,1101,1101,1101,1103,1103,1
1105,E1,shared,1,157,read,1103,1103,1103,1105,1105,1
1106,E0,shared,2,118,read,1104,1104,1104,1106,1106,1
1107,E0,shared,3,235,read,1105,1105,1105,1107,1107,1
1107,E1,shared,3,99,read,1105,1105,1105,1107,1107,1
1108,E1,shared,1,117,read,1106,1106,1106,1108,1108,1
1109,E0,shared,2,42,read,1107,1107,1107,1109,1109,1
1109,E1,shared,3,183,read,1107,1107,1107,1109,1109,1
1110,E1,shared,0,56,read,1108,1108,1108,1110,1110,1
1111,E0,shared,3,227,read,1109,1109,1109,1111,1111,1
1111,E1,shared,3,15,read,1109,1109,1109,1111,1111,1
1112,E0,shared,3,227,read,1110,1110,1110,1112,1112,1
1113,E0,shared,1,97,read,1111,1111,1111,1113,1113,1
1113,E1,shared,2,78,read,1111,1111,1111,1113,1113,1
1114,E0,shared,1,129,read,1112,1112,1112,1114,1114,1
1114,E1,shared,1,129,read,1112,1112,1112,1114,1114,1
1115,E0,shared,2,134,read,1113,1113,1113,1115,1115,1
1115,E1,shared,0,212,read,1113,1113,1113,1115,1115,1
1116,E0,shared,2,42,read,1114,1114,1114,1116,1116,1
1117,E0,shared,2,118,read,1115,1115,1115,1117,1117,1
1117,E1,shared,2,30,read,1115,1115,1115,1117,1117,1
1118,E1,shared,0,144,read,1116,1116,1116,1118,1118,1
1119,E0,shared,1,229,read,1117,1117,1117,1119,1119,1
1119,E1,shared,1,157,read,1117,1117,1117,1119,1119,1
1121,E0,shared,3,31,read,1119,1119,1119,1121,1121,1
1122,E0,shared,1,125,read,1120,1120,1120,1122,1122,1
1122,E1,shared,2,186,read,1120,1120,1120,1122,1122,1
1123,E0,shared,3,203,read,1121,1121,1121,1123,1123,1
1123,E1,shared,2,70,read,1121,1121,1121,1123,1123,1
1124,E0,shared,2,82,read,1122,1122,1122,1124,1124,1
1124,E1,shared,3,7,read,1122,1122,1122,1124,1124,1
1125,E1,shared,2,94,read,1123,1123,1123,1125,1125,1
1126,E0,shared,3,95,read,1124,1124,1124,1126,1126,1
1126,E1,shared,3,95,read,1124,1124,1124,1126,1126,1
1127,E0,shared,1,129,read,1125,1125,1125,1127,1127,1
1127,E1,shared,1,5,read,1125,1125,1125,1127,1127,1
1128,E0,shared,0,180,read,1126,1126,1126,1128,1128,1
1128,E1,shared,3,219,read,1126,1126,1126,1128,1128,1
1129,E0,shared,0,44,read,1127,1127,1127,1129,1129,1
1129,E1,shared,3,159,read,1127,1127,1127,1129,1129,1
1130,E0,shared,2,18,read,1128,1128,1128,1130,1130,1
1131,E0,shared,1,5,read,1129,1129,1129,1131,1131,1
1131,E1,shared,2,30,read,1129,1129,1129,1131,1131,1
1132,E0,shared,3,143,read,1130,1130,1130,1132,1132,1
1132,E1,shared,3,143,read,1130,1130,1130,1132,1132,1
1133,E0,shared,2,246,read,1131,1131,1131,1133,1133,1
1133,E1,shared,2,42,read,1131,1131,1131,1133,1133,1
1134,E0,shared,3,227,read,1132,1132,1132,1134,1134,1
1134,E1,shared,3,191,read,1132,1132,1132,1134,1134,1
1135,E0,shared,0,224,read,1133,1133,1133,1135,1135,1
1135,E1,shared,2,66,read,1133,1133,1133,1135,1135,1
1136,E0,shared,1,9,read,1134,1134,1134,1136,1136,1
1137,E0,shared,1,21,read,1135,1135,1135,1137,1137,1
1138,E0,shared,0,84,read,1136,1136,1136,1138,1138,1
1138,E1,shared,3,115,read,1136,1136,1136,1138,1138,1
1139,E0,shared,3,159,read,1137,1137,1137,1139,1139,1
1140,E0,shared,1,37,read,1138,1138,1138,1140,1140,1
1140,E1,shared,1,169,read,1138,1138,1138,1140,1140,1
1141,E0,shared,1,197,read,1139,1139,1139,1141,1141,1
1141,E1,shared,1,137,read,1139,1139,1139,1141,1141,1
1142,E0,shared,2,154,read,1140,1140,1140,1142,1142,1
1142,E1,shared,0,4,read,1140,1140,1140,1142,1142,1
1143,E0,shared,0,152,read,1141,1141,1141,1143,1143,1
1143,E1,shared,3,223,read,1141,1141,1141,1143,1143,1
1144,E0,shared,3,127,read,1142,1142,1142,1144,1144,1
1144,E1,shared,3,83,read,1142,1142,1142,1144,1144,1
1145,E0,shared,2,150,read,1143,1143,1143,1145,1145,1
1145,E1,shared,0,132,read,1143,1143,1143,1145,1145,1
1146,E0,shared,2,126,read,1144,1144,1144,1146,1146,1
1146,E1,shared,2,126,read,1144,1144,1144,1146,1146,1
1147,E0,shared,3,19,read,1145,1145,1145,1147,1147,1
1148,E0,shared,0,104,read,1146,1146,1146,1148,1148,1
1148,E1,shared,1,89,read,1146,1146,1146,1148,1148,1
1149,E0,shared,0,232,read,1147,1147,1147,1149,1149,1
1149,E1,shared,0,24,read,1147,1147,1147,1149,1149,1
1150,E1,shared,0,4,read,1148,1148,1148,1150,1150,1
1151,E0,shared,1,133,read,1149,1149,1149,1151,1151,1
1151,E1,shared,2,58,read,1149,1149,1149,1151,1151,1
1153,E0,shared,3,151,read,1151,1151,1151,1153,1153,1
1153,E1,shared,3,151,read,1151,1151,1151,1153,1153,1
1154,E0,shared,2,190,read,1152,1152,1152,1154,1154,1
1154,E1,shared,2,146,read,1152,1152,1152,1154,1154,1
1155,E1,shared,3,35,read,1153,1153,1153,1155,1155,1
1156,E1,shared,0,64,read,1154,1154,1154,1156,1156,1
1157,E0,shared,1,65,read,1155,1155,1155,1157,1157,1
1158,E0,shared,3,71,read,1156,1156,1156,1158,1158,1
1159,E0,shared,2,234,read,1157,1157,1157,1159,1159,1
1159,E1,shared,2,234,read,1157,1157,1157,1159,1159,1
1160,E0,shared,3,139,read,1158,1158,1158,1160,1160,1
1161,E1,shared,3,131,read,1159,1159,1159,1161,1161,1
1162,E0,shared,1,137,read,1160,1160,1160,1162,1162,1
1162,E1,shared,1,61,read,1160,1160,1160,1162,1162,1
1163,E1,shared,2,98,read,1161,1161,1161,1163,1163,1
1164,E0,shared,1,117,read,1162,1162,1162,1164,1164,1
1164,E1,shared,0,8,read,1162,1162,1162,1164,1164,1
1165,E1,shared,0,80,read,1163,1163,1163,1165,1165,1
1166,E0,shared,3,19,read,1164,1164,1164,1166,1166,1
1166,E1,shared,3,19,read,1164,1164,1164,1166,1166,1
1167,E1,shared,1,185,read,1165,1165,1165,1167,1167,1
1168,E0,shared,1,201,read,1166,1166,1166,1168,1168,1
1168,E1,shared,0,76,read,1166,1166,1166,1168,1168,1
1169,E0,shared,1,233,read,1167,1167,1167,1169,1169,1
1169,E1,shared,1,9,read,1167,1167,1167,1169,1169,1
1170,E0,shared,2,70,read,1168,1168,1168,1170,1170,1
1170,E1,shared,2,46,read,1168,1168,1168,1170,1170,1
1171,E0,shared,2,114,read,1169,1169,1169,1171,1171,1
1171,E1,shared,2,86,read,1169,1169,1169,1171,1171,1
1172,E0,shared,0,128,read,1170,1170,1170,1172,1172,1
1172,E1,shared,0,168,read,1170,1170,1170,1172,1172,1
1173,E0,shared,2,238,read,1171,1171,1171,1173,1173,1
1173,E1,shared,2,10,read,1171,1171,1171,1173,1173,1
1174,E0,shared,2,154,read,1172,1172,1172,1174,1174,1
1175,E0,shared,1,57,read,1173,1173,1173,1175,1175,1
1175,E1,shared,1,137,read,1173,1173,1173,1175,1175,1
1176,E0,shared,0,4,read,1174,1174,1174,1176,1176,1
1176,E1,shared,0,4,read,1174,1174,1174,1176,1176,1
1177,E0,shared,3,151,read,1175,1175,1175,1177,1177,1
1178,E0,shared,0,236,read,1176,1176,1176,1178,1178,1
1178,E1,shared,0,192,read,1176,1176,1176,1178,1178,1
1179,E0,shared,0,4,read,1177,1177,1177,1179,1179,1
1179,E1,shared,3,195,read,1177,1177,1177,1179,1179,1
1180,E0,shared,3,239,read,1178,1178,1178,1180,1180,1
1180,E1,shared,0,172,read,1178,1178,1178,1180,1180,1
1181,E0,shared,0,176,read,1179,1179,1179,1181,1181,1
1181,E1,shared,3,155,read,1179,1179,1179,1181,1181,1
1182,E0,shared,3,183,read,1180,1180,1180,1182,1182,1
1182,E1,shared,2,186,read,1180,1180,1180,1182,1182,1
1183,E1,shared,0,80,read,1181,1181,1181,1183,1183,1
1184,E0,shared,1,121,read,1182,1182,1182,1184,1184,1
1185,E0,shared,0,244,read,1183,1183,1183,1185,1185,1
1185,E1,shared,0,208,read,1183,1183,1183,1185,1185,1
1186,E1,shared,0,76,read,1184,1184,1184,1186,1186,1
1187,E0,shared,2,138,read,1185,1185,1185,1187,1187,1
1188,E0,shared,0,116,read,1186,1186,1186,1188,1188,1
1189,E0,shared,3,95,read,1187,1187,1187,1189,1189,1
1189,E1,shared,3,95,read,1187,1187,1187,1189,1189,1
1190,E0,shared,3,39,read,1188,1188,1188,1190,1190,1
1190,E1,shared,3,131,read,1188,1188,1188,1190,1190,1
1191,E0,shared,3,115,read,1189,1189,1189,1191,1191,1
1191,E1,shared,3,27,read,1189,1189,1189,1191,1191,1
1192,E1,shared,1,189,read,1190,1190,1190,1192,1192,1
1193,E0,shared,3,219,read,1191,1191,1191,1193,1193,1
1193,E1,shared,0,148,read,1191,1191,1191,1193,1193,1
1194,E0,shared,0,12,read,1192,1192,1192,1194,1194,1
1196,E0,shared,0,128,read,1194,1194,1194,1196,1196,1
1196,E1,shared,0,200,read,1194,1194,1194,1196,1196,1
1197,E0,shared,1,253,read,1195,1195,1195,1197,1197,1
1197,E1,shared,1,253,read,1195,1195,1195,1197,1197,1
1198,E0,shared,2,174,read,1196,1196,1196,1198,1198,1
1199,E0,shared,3,211,read,1197,1197,1197,1199,1199,1
1199,E1,shared,3,251,read,1197,1197,1197,1199,1199,1
1200,E1,shared,3,63,read,1198,1198,1198,1200,1200,1
1202,E0,shared,0,8,read,1200,1200,1200,1202,1202,1
1202,E1,shared,0,116,read,1200,1200,1200,1202,1202,1
1203,E0,shared,2,50,read,1201,1201,1201,1203,1203,1
1203,E1,shared,2,138,read,1201,1201,1201,1203,1203,1
1204,E0,shared,2,162,read,1202,1202,1202,1204,1204,1
1205,E0,shared,0,128,read,1203,1203,1203,1205,1205,1
1205,E1,shared,1,53,read,1203,1203,1203,1205,1205,1
1206,E0,shared,0,240,read,1204,1204,1204,1206,1206,1
1206,E1,shared,0,240,read,1204,1204,1204,1206,1206,1
1207,E0,shared,0,248,read,1205,1205,1205,1207,1207,1
1207,E1,shared,0,184,read,1205,1205,1205,1207,1207,1
1208,E0,shared,2,146,read,1206,1206,1206,1208,1208,1
1208,E1,shared,2,146,read,1206,1206,1206,1208,1208,1
1209,E0,shared,0,160,read,1207,1207,1207,1209,1209,1
1210,E0,shared,3,71,read,1208,1208,1208,1210,1210,1
1210,E1,shared,3,167,read,1208,1208,1208,1210,1210,1
1211,E0,shared,0,100,read,1209,1209,1209,1211,1211,1
1212,E0,shared,1,245,read,1210,1210,1210,1212,1212,1
1212,E1,shared,1,125,read,1210,1210,1210,1212,1212,1
1213,E0,shared,1,113,read,1211,1211,1211,1213,1213,1
1214,E0,shared,0,188,read,1212,1212,1212,1214,1214,1
1214,E1,shared,0,148,read,1212,1212,1212,1214,1214,1
1215,E0,shared,1,157,read,1213,1213,1213,1215,1215,1
1215,E1,shared,2,198,read,1213,1213,1213,1215,1215,1
1216,E0,shared,0,136,read,1214,1214,1214,1216,1216,1
1217,E0,shared,3,139,read,1215,1215,1215,1217,1217,1
1217,E1,shared,0,168,read,1215,1215,1215,1217,1217,1
1218,E0,shared,3,83,read,1216,1216,1216,1218,1218,1
1218,E1,shared,3,95,read,1216,1216,1216,1218,1218,1
1219,E0,shared,0,228,read,1217,1217,1217,1219,1219,1
1219,E1,shared,0,252,read,1217,1217,1217,1219,1219,1
1220,E0,shared,0,224,read,1218,1218,1218,1220,1220,1
1220,E1,shared,0,56,read,1218,1218,1218,1220,1220,1
1221,E0,shared,2,222,read,1219,1219,1219,1221,1221,1
1221,E1,shared,0,32,read,1219,1219,1219,1221,1221,1
1222,E0,shared,2,162,read,1220,1220,1220,1222,1222,1
1222,E1,shared,1,109,read,1220,1220,1220,1222,1222,1
1223,E0,shared,0,4,read,1221,1221,1221,1223,1223,1
1223,E1,shared,3,95,read,1221,1221,1221,1223,1223,1
1224,E0,shared,0,132,read,1222,1222,1222,1224,1224,1
1224,E1,shared,0,224,read,1222,1222,1222,1224,1224,1
1225,E0,shared,1,189,read,1223,1223,1223,1225,1225,1
1225,E1,shared,1,249,read,1223,1223,1223,1225,1225,1
1226,E0,shared,2,150,read,1224,1224,1224,1226,1226,1
1226,E1,shared,2,22,read,1224,1224,1224,1226,1226,1
1227,E0,shared,1,53,read,1225,1225,1225,1227,1227,1
1227,E1,shared,1,53,read,1225,1225,1225,1227,1227,1
1228,E0,shared,1,149,read,1226,1226,1226,1228,1228,1
1229,E0,shared,1,77,read,1227,1227,1227,1229,1229,1
1229,E1,shared,1,121,read,1227,1227,1227,1229,1229,1
1230,E0,shared,0,84,read,1228,1228,1228,1230,1230,1
1230,E1,shared,2,30,read,1228,1228,1228,1230,1230,1
1231,E0,shared,0,216,read,1229,1229,1229,1231,1231,1
1232,E0,shared,0,24,read,1230,1230,1230,1232,1232,1
1232,E1,shared,0,112,read,1230,1230,1230,1232,1232,1
1233,E0,shared,0,208,read,1231,1231,1231,1233,1233,1
1234,E0,shared,0,188,read,1232,1232,1232,1234,1234,1
1234,E1,shared,0,96,read,1232,1232,1232,1234,1234,1
1235,E0,shared,0,208,read,1233,1233,1233,1235,1235,1
1235,E1,shared,3,11,read,1233,1233,1233,1235,1235,1
1236,E1,shared,3,223,read,1234,1234,1234,1236,1236,1
1237,E0,shared,1,245,read,1235,1235,1235,1237,1237,1
1237,E1,shared,1,245,read,1235,1235,1235,1237,1237,1
1238,E0,shared,3,67,read,1236,1236,1236,1238,1238,1
1239,E0,shared,3,239,read,1237,1237,1237,1239,1239,1
1239,E1,shared,0,172,read,1237,1237,1237,1239,1239,1
1240,E0,shared,1,109,read,1238,1238,1238,1240,1240,1
1240,E1,shared,1,173,read,1238,1238,1238,1240,1240,1
1241,E0,shared,1,213,read,1239,1239,1239,1241,1241,1
1241,E1,shared,1,13,read,1239,1239,1239,1241,1241,1
1243,E0,shared,2,14,read,1241,1241,1241,1243,1243,1
1243,E1,shared,2,38,read,1241,1241,1241,1243,1243,1
1244,E0,shared,2,186,read,1242,1242,1242,1244,1244,1
1244,E1,shared,2,26,read,1242,1242,1242,1244,1244,1
1245,E0,shared,2,250,read,1243,1243,1243,1245,1245,1
1245,E1,shared,0,4,read,1243,1243,1243,1245,1245,1
1246,E0,shared,2,218,read,1244,1244,1244,1246,1246,1
1246,E1,shared,2,190,read,1244,1244,1244,1246,1246,1
1247,E0,shared,3,43,read,1245,1245,1245,1247,1247,1
1247,E1,shared,3,43,read,1245,1245,1245,1247,1247,1
1248,E0,shared,0,172,read,1246,1246,1246,1248,1248,1
1248,E1,shared,0,124,read,1246,1246,1246,1248,1248,1
1249,E1,shared,1,217,read,1247,1247,1247,1249,1249,1
1250,E0,shared,2,150,read,1248,1248,1248,1250,1250,1
1250,E1,shared,0,236,read,1248,1248,1248,1250,1250,1
1251,E0,shared,1,33,read,1249,1249,1249,1251,1251,1
1251,E1,shared,3,251,read,1249,1249,1249,1251,1251,1
1252,E0,shared,1,45,read,1250,1250,1250,1252,1252,1
1252,E1,shared,1,65,read,1250,1250,1250,1252,1252,1
1253,E1,shared,2,186,read,1251,1251,1251,1253,1253,1
1254,E0,shared,3,167,read,1252,1252,1252,1254,1254,1
1254,E1,shared,1,45,read,1252,1252,1252,1254,1254,1
1255,E0,shared,1,13,read,1253,1253,1253,1255,1255,1
1256,E0,shared,0,48,read,1254,1254,1254,1256,1256,1
1257,E0,shared,3,183,read,1255,1255,1255,1257,1257,1
1257,E1,shared,3,219,read,1255,1255,1255,1257,1257,1
1258,E1,shared,1,13,read,1256,1256,1256,1258,1258,1
1259,E0,shared,0,32,read,1257,1257,1257,1259,1259,1
1259,E1,shared,0,104,read,1257,1257,1257,1259,1259,1
1260,E0,shared,1,185,read,1258,1258,1258,1260,1260,1
1260,E1,shared,1,93,read,1258,1258,1258,1260,1260,1
1261,E0,shared,3,115,read,1259,1259,1259,1261,1261,1
1261,E1,shared,3,215,read,1259,1259,1259,1261,1261,1
1262,E0,shared,0,44,read,1260,1260,1260,1262,1262,1
1262,E1,shared,3,199,read,1260,1260,1260,1262,1262,1
1263,E0,shared,2,110,read,1261,1261,1261,1263,1263,1
1263,E1,shared,0,68,read,1261,1261,1261,1263,1263,1
1264,E0,shared,3,235,read,1262,1262,1262,1264,1264,1
1264,E1,shared,3,163,read,1262,1262,1262,1264,1264,1
1265,E0,shared,0,228,read,1263,1263,1263,1265,1265,1
1265,E1,shared,2,10,read,1263,1263,1263,1265,1265,1
1266,E0,shared,2,182,read,1264,1264,1264,1266,1266,1
1267,E0,shared,2,218,read,1265,1265,1265,1267,1267,1
1267,E1,shared,2,54,read,1265,1265,1265,1267,1267,1
1268,E0,shared,0,120,read,1266,1266,1266,1268,1268,1
1268,E1,shared,3,159,read,1266,1266,1266,1268,1268,1
1269,E0,shared,3,111,read,1267,1267,1267,1269,1269,1
1269,E1,shared,3,87,read,1267,1267,1267,1269,1269,1
1270,E0,shared,0,168,read,1268,1268,1268,1270,1270,1
1270,E1,shared,0,88,read,1268,1268,1268,1270,1270,1
1271,E0,shared,3,231,read,1269,1269,1269,1271,1271,1
1271,E1,shared,3,91,read,1269,1269,1269,1271,1271,1
1272,E0,shared,3,179,read,1270,1270,1270,1272,1272,1
1272,E1,shared,2,146,read,1270,1270,1270,1272,1272,1
1273,E0,shared,0,8,read,1271,1271,1271,1273,1273,1
1273,E1,shared,0,8,read,1271,1271,1271,1273,1273,1
1274,E0,shared,0,68,read,1272,1272,1272,1274,1274,1
1274,E1,shared,0,176,read,1272,1272,1272,1274,1274,1
1276,E1,shared,2,170,read,1274,1274,1274,1276,1276,1
1277,E1,shared,3,223,read,1275,1275,1275,1277,1277,1
1278,E0,shared,3,183,read,1276,1276,1276,1278,1278,1
1278,E1,shared,1,69,read,1276,1276,1276,1278,1278,1
1279,E0,shared,0,216,read,1277,1277,1277,1279,1279,1
1279,E1,shared,0,212,read,1277,1277,1277,1279,1279,1
1280,E0,shared,1,153,read,1278,1278,1278,1280,1280,1
1280,E1,shared,1,153,read,1278,1278,1278,1280,1280,1
1281,E1,shared,0,68,read,1279,1279,1279,1281,1281,1
1282,E1,shared,1,89,read,1280,1280,1280,1282,1282,1
1283,E0,shared,0,156,read,1281,1281,1281,1283,1283,1
1283,E1,shared,3,155,read,1281,1281,1281,1283,1283,1
1284,E0,shared,3,11,read,1282,1282,1282,1284,1284,1
1284,E1,shared,3,55,read,1282,1282,1282,1284,1284,1
1285,E0,shared,0,168,read,1283,1283,1283,1285,1285,1
1285,E1,shared,0,28,read,1283,1283,1283,1285,1285,1
1286,E0,shared,3,115,read,1284,1284,1284,1286,1286,1
1287,E1,shared,3,15,read,1285,1285,1285,1287,1287,1
1288,E1,shared,3,55,read,1286,1286,1286,1288,1288,1
1289,E1,shared,3,119,read,1287,1287,1287,1289,1289,1
1290,E0,shared,3,3,read,1288,1288,1288,1290,1290,1
1290,E1,shared,3,139,read,1288,1288,1288,1290,1290,1
1291,E1,shared,3,191,read,1289,1289,1289,1291,1291,1
1292,E0,shared,0,232,read,1290,1290,1290,1292,1292,1
1292,E1,shared,0,56,read,1290,1290,1290,1292,1292,1
1293,E0,shared,3,171,read,1291,1291,1291,1293,1293,1
1293,E1,shared,3,171,read,1291,1291,1291,1293,1293,1
1294,E0,shared,1,241,read,1292,1292,1292,1294,1294,1
1294,E1,shared,1,89,read,1292,1292,1292,1294,1294,1
1295,E0,shared,3,199,read,1293,1293,1293,1295,1295,1
1295,E1,shared,3,199,read,1293,1293,1293,1295,1295,1
1296,E0,shared,2,138,read,1294,1294,1294,1296,1296,1
1296,E1,shared,2,122,read,1294,1294,1294,1296,1296,1
1297,E0,shared,2,218,read,1295,1295,1295,1297,1297,1
1298,E1,shared,0,184,read,1296,1296,1296,1298,1298,1
1299,E0,shared,2,246,read,1297,1297,1297,1299,1299,1
1300,E1,shared,1,45,read,1298,1298,1298,1300,1300,1
1301,E0,shared,3,143,read,1299,1299,1299,1301,1301,1
1301,E1,shared,3,131,read,1299,1299,1299,1301,1301,1
1302,E0,shared,0,132,read,1300,1300,1300,1302,1302,1
1302,E1,shared,2,162,read,1300,1300,1300,1302,1302,1
1303,E0,shared,3,71,read,1301,1301,1301,1303,1303,1
1303,E1,shared,3,115,read,1301,1301,1301,1303,1303,1
1304,E0,shared,0,152,read,1302,1302,1302,1304,1304,1
1304,E1,shared,1,81,read,1302,1302,1302,1304,1304,1
1305,E0,shared,2,230,read,1303,1303,1303,1305,1305,1
1305,E1,shared,2,114,read,1303,1303,1303,1305,1305,1
1306,E0,shared,3,51,read,1304,1304,1304,1306,1306,1
1306,E1,shared,1,97,read,1304,1304,1304,1306,1306,1
1307,E0,shared,2,30,read,1305,1305,1305,1307,1307,1
1307,E1,shared,2,18,read,1305,1305,1305,1307,1307,1
1308,E0,shared,0,44,read,1306,1306,1306,1308,1308,1
1308,E1,shared,0,152,read,1306,1306,1306,1308,1308,1
1309,E0,shared,1,197,read,1307,1307,1307,1309,1309,1
1309,E1,shared,2,218,read,1307,1307,1307,1309,1309,1
1310,E0,shared,0,76,read,1308,1308,1308,1310,1310,1
1310,E1,shared,0,48,read,1308,1308,1308,1310,1310,1
1311,E0,shared,2,194,read,1309,1309,1309,1311,1311,1
1312,E0,shared,0,136,read,1310,1310,1310,1312,1312,1
1312,E1,shared,0,244,read,1310,1310,1310,1312,1312,1
1313,E1,shared,1,89,read,1311,1311,1311,1313,1313,1
1314,E0,shared,0,20,read,1312,1312,1312,1314,1314,1
1314,E1,shared,0,20,read,1312,1312,1312,1314,1314,1
1315,E0,shared,2,46,read,1313,1313,1313,1315,1315,1
1316,E1,shared,1,17,read,1314,1314,1314,1316,1316,1
1317,E1,shared,3,59,read,1315,1315,1315,1317,1317,1
1318,E1,shared,1,197,read,1316,1316,1316,1318,1318,1
1319,E1,shared,3,159,read,1317,1317,1317,1319,1319,1
1320,E0,shared,3,15,read,1318,1318,1318,1320,1320,1
1321,E0,shared,1,9,read,1319,1319,1319,1321,1321,1
1321,E1,shared,1,137,read,1319,1319,1319,1321,1321,1
1322,E0,shared,2,62,read,1320,1320,1320,1322,1322,1
1322,E1,shared,2,134,read,1320,1320,1320,1322,1322,1
1323,E0,shared,3,215,read,1321,1321,1321,1323,1323,1
1323,E1,shared,2,114,read,1321,1321,1321,1323,1323,1
1324,E1,shared,0,248,read,1322,1322,1322,1324,1324,1
1325,E0,shared,2,198,read,1323,1323,1323,1325,1325,1
1325,E1,shared,1,5,read,1323,1323,1323,1325,1325,1
1326,E0,shared,2,66,read,1324,1324,1324,1326,1326,1
1327,E0,shared,0,88,read,1325,1325,1325,1327,1327,1
1328,E0,shared,2,158,read,1326,1326,1326,1328,1328,1
1328,E1,shared,0,100,read,1326,1326,1326,1328,1328,1
1329,E0,shared,3,139,read,1327,1327,1327,1329,1329,1
1329,E1,shared,3,131,read,1327,1327,1327,1329,1329,1
1330,E0,shared,2,118,read,1328,1328,1328,1330,1330,1
1330,E1,shared,2,118,read,1328,1328,1328,1330,1330,1
1331,E0,shared,1,33,read,1329,1329,1329,1331,1331,1
1331,E1,shared,3,43,read,1329,1329,1329,1331,1331,1
1332,E1,shared,2,26,read,1330,1330,1330,1332,1332,1
1333,E0,shared,0,20,read,1331,1331,1331,1333,1333,1
1333,E1,shared,0,148,read,1331,1331,1331,1333,1333,1
1334,E1,shared,0,180,read,1332,1332,1332,1334,1334,1
1335,E0,shared,3,59,read,1333,1333,1333,1335,1335,1
1335,E1,shared,1,105,read,1333,1333,1333,1335,1335,1
1336,E0,shared,1,245,read,1334,1334,1334,1336,1336,1
1336,E1,shared,1,245,read,1334,1334,1334,1336,1336,1
1337,E0,shared,2,198,read,1335,1335,1335,1337,1337,1
1337,E1,shared,2,102,read,1335,1335,1335,1337,1337,1
1338,E1,shared,2,170,read,1336,1336,1336,1338,1338,1
1339,E0,shared,1,53,read,1337,1337,1337,1339,1339,1
1339,E1,shared,1,37,read,1337,1337,1337,1339,1339,1
1340,E0,shared,1,53,read,1338,1338,1338,1340,1340,1
1340,E1,shared,2,190,read,1338,1338,1338,1340,1340,1
1341,E0,shared,0,164,read,1339,1339,1339,1341,1341,1
1341,E1,shared,0,80,read,1339,1339,1339,1341,1341,1
1342,E0,shared,1,181,read,1340,1340,1340,1342,1342,1
1343,E0,shared,3,131,read,1341,1341,1341,1343,1343,1
1343,E1,shared,3,15,read,1341,1341,1341,1343,1343,1
1344,E0,shared,0,16,read,1342,1342,1342,1344,1344,1
1344,E1,shared,0,144,read,1342,1342,1342,1344,1344,1
1345,E0,shared,0,148,read,1343,1343,1343,1345,1345,1
1345,E1,shared,0,84,read,1343,1343,1343,1345,1345,1
1346,E0,shared,2,90,read,1344,1344,1344,1346,1346,1
1347,E0,shared,3,203,read,1345,1345,1345,1347,1347,1
1347,E1,shared,3,15,read,1345,1345,1345,1347,1347,1
1348,E0,shared,0,148,read,1346,1346,1346,1348,1348,1
1348,E1,shared,1,29,read,1346,1346,1346,1348,1348,1
1349,E0,shared,2,10,read,1347,1347,1347,1349,1349,1
1350,E0,shared,3,27,read,1348,1348,1348,1350,1350,1
1350,E1,shared,1,69,read,1348,1348,1348,1350,1350,1
1351,E0,shared,1,181,read,1349,1349,1349,1351,1351,1
1351,E1,shared,1,181,read,1349,1349,1349,1351,1351,1
1352,E0,shared,1,121,read,1350,1350,1350,1352,1352,1
1352,E1,shared,1,205,read,1350,1350,1350,1352,1352,1
1354,E0,shared,3,171,read,1352,1352,1352,1354,1354,1
1354,E1,shared,2,182,read,1352,1352,1352,1354,1354,1
1355,E0,shared,0,44,read,1353,1353,1353,1355,1355,1
1355,E1,shared,0,44,read,1353,1353,1353,1355,1355,1
1356,E0,shared,2,178,read,1354,1354,1354,1356,1356,1
1356,E1,shared,1,93,read,1354,1354,1354,1356,1356,1
1357,E0,shared,3,27,read,1355,1355,1355,1357,1357,1
1357,E1,shared,3,47,read,1355,1355,1355,1357,1357,1
1358,E0,shared,1,133,read,1356,1356,1356,1358,1358,1
1358,E1,shared,1,57,read,1356,1356,1356,1358,1358,1
1359,E0,shared,2,166,read,1357,1357,1357,1359,1359,1
1359,E1,shared,2,102,read,1357,1357,1357,1359,1359,1
1360,E0,shared,0,72,read,1358,1358,1358,1360,1360,1
1360,E1,shared,0,72,read,1358,1358,1358,1360,1360,1
1361,E0,shared,2,82,read,1359,1359,1359,1361,1361,1
1361,E1,shared,2,134,read,1359,1359,1359,1361,1361,1
1362,E0,shared,1,193,read,1360,1360,1360,1362,1362,1
1362,E1,shared,1,221,read,1360,1360,1360,1362,1362,1
1363,E0,shared,3,207,read,1361,1361,1361,1363,1363,1
1363,E1,shared,3,235,read,1361,1361,1361,1363,1363,1
1364,E0,shared,2,10,read,1362,1362,1362,1364,1364,1
1365,E0,shared,2,10,read,1363,1363,1363,1365,1365,1
1365,E1,shared,2,206,read,1363,1363,1363,1365,1365,1
1366,E0,shared,3,191,read,1364,1364,1364,1366,1366,1
1366,E1,shared,3,191,read,1364,1364,1364,1366,1366,1
1367,E0,shared,0,144,read,1365,1365,1365,1367,1367,1
1367,E1,shared,3,3,read,1365,1365,1365,1367,1367,1
1368,E1,shared,1,77,read,1366,1366,1366,1368,1368,1
1369,E1,shared,3,111,read,1367,1367,1367,1369,1369,1
1370,E0,shared,3,111,read,1368,1368,1368,1370,1370,1
1370,E1,shared,1,189,read,1368,1368,1368,1370,1370,1
1371,E0,shared,1,17,read,1369,1369,1369,1371,1371,1
1371,E1,shared,2,234,read,1369,1369,1369,1371,1371,1
1372,E0,shared,3,111,read,1370,1370,1370,1372,1372,1
1372,E1,shared,1,73,read,1370,1370,1370,1372,1372,1
1373,E0,shared,2,222,read,1371,1371,1371,1373,1373,1
1373,E1,shared,3,95,read,1371,1371,1371,1373,1373,1
1374,E0,shared,3,227,read,1372,1372,1372,1374,1374,1
1374,E1,shared,3,227,read,1372,1372,1372,1374,1374,1
1375,E0,shared,2,138,read,1373,1373,1373,1375,1375,1
1376,E0,shared,0,68,read,1374,1374,1374,1376,1376,1
1377,E0,shared,2,98,read,1375,1375,1375,1377,1377,1
1377,E1,shared,2,98,read,1375,1375,1375,1377,1377,1
1378,E0,shared,2,114,read,1376,1376,1376,1378,1378,1
1378,E1,shared,2,222,read,1376,1376,1376,1378,1378,1
1379,E0,shared,1,153,read,1377,1377,1377,1379,1379,1
1379,E1,shared,2,134,read,1377,1377,1377,1379,1379,1
1380,E1,shared,1,17,read,1378,1378,1378,1380,1380,1
1381,E0,shared,2,102,read,1379,1379,1379,1381,1381,1
1381,E1,shared,2,186,read,1379,1379,1379,1381,1381,1
1382,E0,shared,3,19,read,1380,1380,1380,1382,1382,1
1382,E1,shared,3,219,read,1380,1380,1380,1382,1382,1
1383,E0,shared,3,87,read,1381,1381,1381,1383,1383,1
1383,E1,shared,3,87,read,1381,1381,1381,1383,1383,1
1384,E0,shared,3,155,read,1382,1382,1382,1384,1384,1
1384,E1,shared,3,203,read,1382,1382,1382,1384,1384,1
1385,E0,shared,1,181,read,1383,1383,1383,1385,1385,1
1385,E1,shared,0,200,read,1383,1383,1383,1385,1385,1
1386,E0,shared,1,253,read,1384,1384,1384,1386,1386,1
1386,E1,shared,1,145,read,1384,1384,1384,1386,1386,1
1387,E0,shared,0,144,read,1385,1385,1385,1387,1387,1
1387,E1,shared,0,144,read,1385,1385,1385,1387,1387,1
1388,E0,shared,2,230,read,1386,1386,1386,1388,1388,1
1388,E1,shared,2,82,read,1386,1386,1386,1388,1388,1
1389,E1,shared,0,128,read,1387,1387,1387,1389,1389,1
1390,E0,shared,0,128,read,1388,1388,1388,1390,1390,1
1390,E1,shared,0,208,read,1388,1388,1388,1390,1390,1
1391,E0,shared,3,43,read,1389,1389,1389,1391,1391,1
1391,E1,shared,2,234,read,1389,1389,1389,1391,1391,1
1392,E1,shared,2,234,read,1390,1390,1390,1392,1392,1
1393,E0,shared,1,113,read,1391,1391,1391,1393,1393,1
1393,E1,shared,1,165,read,1391,1391,1391,1393,1393,1
1394,E0,shared,2,174,read,1392,1392,1392,1394,1394,1
1394,E1,shared,2,174,read,1392,1392,1392,1394,1394,1
1395,E0,shared,0,160,read,1393,1393,1393,1395,1395,1
1395,E1,shared,0,56,read,1393,1393,1393,1395,1395,1
1396,E0,shared,0,44,read,1394,1394,1394,1396,1396,1
1396,E1,shared,0,44,read,1394,1394,1394,1396,1396,1
1397,E0,shared,2,138,read,1395,1395,1395,1397,1397,1
1397,E1,shared,2,198,read,1395,1395,1395,1397,1397,1
1398,E0,shared,0,216,read,1396,1396,1396,1398,1398,1
1399,E0,shared,2,194,read,1397,1397,1397,1399,1399,1
1399,E1,shared,3,23,read,1397,1397,1397,1399,1399,1
1400,E0,shared,0,252,read,1398,1398,1398,1400,1400,1
1400,E1,shared,0,164,read,1398,1398,1398,1400,1400,1
1401,E0,shared,0,172,read,1399,1399,1399,1401,1401,1
1401,E1,shared,0,156,read,1399,1399,1399,1401,1401,1
1402,E0,shared,2,238,read,1400,1400,1400,1402,1402,1
1402,E1,shared,2,46,read,1400,1400,1400,1402,1402,1
1403,E0,shared,2,30,read,1401,1401,1401,1403,1403,1
1403,E1,shared,2,58,read,1401,1401,1401,1403,1403,1
1404,E0,shared,3,63,read,1402,1402,1402,1404,1404,1
1404,E1,shared,0,108,read,1402,1402,1402,1404,1404,1
1405,E0,shared,2,118,read,1403,1403,1403,1405,1405,1
1405,E1,shared,2,114,read,1403,1403,1403,1405,1405,1
1406,E0,shared,1,13,read,1404,1404,1404,1406,1406,1
1406,E1,shared,1,29,read,1404,1404,1404,1406,1406,1
1407,E0,shared,3,23,read,1405,1405,1405,1407,1407,1
1407,E1,shared,2,142,read,1405,1405,1405,1407,1407,1
1408,E0,shared,1,245,read,1406,1406,1406,1408,1408,1
1408,E1,shared,1,201,read,1406,1406,1406,1408,1408,1
1409,E0,shared,2,142,read,1407,1407,1407,1409,1409,1
1409,E1,shared,2,206,read,1407,1407,1407,1409,1409,1
1410,E0,shared,3,211,read,1408,1408,1408,1410,1410,1
1411,E0,shared,1,33,read,1409,1409,1409,1411,1411,1
1411,E1,shared,1,1,read,1409,1409,1409,1411,1411,1
1412,E0,shared,1,185,read,1410,1410,1410,1412,1412,1
1412,E1,shared,1,229,read,1410,1410,1410,1412,1412,1
1413,E0,shared,0,96,read,1411,1411,1411,1413,1413,1
1413,E1,shared,0,96,read,1411,1411,1411,1413,1413,1
1414,E0,shared,2,134,read,1412,1412,1412,1414,1414,1
1414,E1,shared,2,54,read,1412,1412,1412,1414,1414,1
1415,E0,shared,2,242,read,1413,1413,1413,1415,1415,1
1415,E1,shared,2,118,read,1413,1413,1413,1415,1415,1
1416,E1,shared,0,132,read,1414,1414,1414,1416,1416,1
1417,E0,shared,3,131,read,1415,1415,1415,1417,1417,1
1417,E1,shared,3,47,read,1415,1415,1415,1417,1417,1
1418,E0,shared,0,160,read,1416,1416,1416,1418,1418,1
1418,E1,shared,0,160,read,1416,1416,1416,1418,1418,1
1419,E0,shared,1,237,read,1417,1417,1417,1419,1419,1
1419,E1,shared,1,237,read,1417,1417,1417,1419,1419,1
1420,E0,shared,3,159,read,1418,1418,1418,1420,1420,1
1421,E0,shared,2,142,read,1419,1419,1419,1421,1421,1
1421,E1,shared,1,17,read,1419,1419,1419,1421,1421,1
1422,E0,shared,2,58,read,1420,1420,1420,1422,1422,1
1422,E1,shared,2,58,read,1420,1420,1420,1422,1422,1
1424,E0,shared,0,240,read,1422,1422,1422,1424,1424,1
1424,E1,shared,2,74,read,1422,1422,1422,1424,1424,1
1425,E1,shared,0,208,read,1423,1423,1423,1425,1425,1
1426,E0,shared,1,29,read,1424,1424,1424,1426,1426,1
1426,E1,shared,1,93,read,1424,1424,1424,1426,1426,1
1427,E1,shared,1,181,read,1425,1425,1425,1427,1427,1
1428,E0,shared,3,67,read,1426,1426,1426,1428,1428,1
1428,E1,shared,2,190,read,1426,1426,1426,1428,1428,1
1429,E0,shared,1,17,read,1427,1427,1427,1429,1429,1
1430,E0,shared,2,222,read,1428,1428,1428,1430,1430,1
1430,E1,shared,2,222,read,1428,1428,1428,1430,1430,1
1432,E0,shared,1,121,read,1430,1430,1430,1432,1432,1
1433,E0,shared,0,36,read,1431,1431,1431,1433,1433,1
1433,E1,shared,1,73,read,1431,1431,1431,1433,1433,1
1434,E0,shared,1,177,read,1432,1432,1432,1434,1434,1
1434,E1,shared,1,73,read,1432,1432,1432,1434,1434,1
1435,E0,shared,2,170,read,1433,1433,1433,1435,1435,1
1435,E1,shared,2,142,read,1433,1433,1433,1435,1435,1
1436,E0,shared,0,160,read,1434,1434,1434,1436,1436,1
1437,E1,shared,3,187,read,1435,1435,1435,1437,1437,1
1438,E0,shared,3,247,read,1436,1436,1436,1438,1438,1
1438,E1,shared,3,123,read,1436,1436,1436,1438,1438,1
1439,E0,shared,1,241,read,1437,1437,1437,1439,1439,1
1439,E1,shared,1,241,read,1437,1437,1437,1439,1439,1
1440,E0,shared,0,144,read,1438,1438,1438,1440,1440,1
1440,E1,shared,0,20,read,1438,1438,1438,1440,1440,1
1441,E0,shared,1,65,read,1439,1439,1439,1441,1441,1
1442,E0,shared,1,201,read,1440,1440,1440,1442,1442,1
1443,E0,shared,1,77,read,1441,1441,1441,1443,1443,1
1443,E1,shared,1,77,read,1441,1441,1441,1443,1443,1
1445,E0,shared,0,128,read,1443,1443,1443,1445,1445,1
1445,E1,shared,2,158,read,1443,1443,1443,1445,1445,1
1446,E0,shared,1,141,read,1444,1444,1444,1446,1446,1
1446,E1,shared,3,219,read,1444,1444,1444,1446,1446,1
1447,E0,shared,2,206,read,1445,1445,1445,1447,1447,1
1447,E1,shared,2,118,read,1445,1445,1445,1447,1447,1
1448,E0,shared,3,175,read,1446,1446,1446,1448,1448,1
1448,E1,shared,3,151,read,1446,1446,1446,1448,1448,1
1449,E0,shared,2,246,read,1447,1447,1447,1449,1449,1
1449,E1,shared,1,13,read,1447,1447,1447,1449,1449,1
1450,E0,shared,3,111,read,1448,1448,1448,1450,1450,1
1450,E1,shared,3,167,read,1448,1448,1448,1450,1450,1
1451,E0,shared,0,228,read,1449,1449,1449,1451,1451,1
1451,E1,shared,0,212,read,1449,1449,1449,1451,1451,1
1452,E0,shared,2,166,read,1450,1450,1450,1452,1452,1
1453,E0,shared,0,172,read,1451,1451,1451,1453,1453,1
1453,E1,shared,0,188,read,1451,1451,1451,1453,1453,1
1454,E0,shared,3,243,read,1452,1452,1452,1454,1454,1
1454,E1,shared,2,6,read,1452,1452,1452,1454,1454,1
1455,E0,shared,0,48,read,1453,1453,1453,1455,1455,1
1455,E1,shared,1,1,read,1453,1453,1453,1455,1455,1
1456,E1,shared,2,238,read,1454,1454,1454,1456,1456,1
1457,E0,shared,3,191,read,1455,1455,1455,1457,1457,1
1457,E1,shared,3,139,read,1455,1455,1455,1457,1457,1
1458,E0,shared,2,170,read,1456,1456,1456,1458,1458,1
1458,E1,shared,2,26,read,1456,1456,1456,1458,1458,1
1459,E0,shared,0,212,read,1457,1457,1457,1459,1459,1
1459,E1,shared,0,172,read,1457,1457,1457,1459,1459,1
1460,E0,shared,2,62,read,1458,1458,1458,1460,1460,1
1460,E1,shared,2,174,read,1458,1458,1458,1460,1460,1
1461,E0,shared,0,176,read,1459,1459,1459,1461,1461,1
1461,E1,shared,0,164,read,1459,1459,1459,1461,1461,1
1462,E0,shared,2,186,read,1460,1460,1460,1462,1462,1
1462,E1,shared,2,226,read,1460,1460,1460,1462,1462,1
1463,E0,shared,0,36,read,1461,1461,1461,1463,1463,1
1463,E1,shared,2,114,read,1461,1461,1461,1463,1463,1
1464,E0,shared,3,35,read,1462,1462,1462,1464,1464,1
1464,E1,shared,3,35,read,1462,1462,1462,1464,1464,1
1465,E0,shared,0,48,read,1463,1463,1463,1465,1465,1
1465,E1,shared,0,84,read,1463,1463,1463,1465,1465,1
1466,E0,shared,0,200,read,1464,1464,1464,1466,1466,1
1466,E1,shared,0,200,read,1464,1464,1464,1466,1466,1
1467,E0,shared,1,77,read,1465,1465,1465,1467,1467,1
1467,E1,shared,1,177,read,1465,1465,1465,1467,1467,1
1468,E0,shared,1,145,read,1466,1466,1466,1468,1468,1
1468,E1,shared,2,34,read,1466,1466,1466,1468,1468,1
1469,E0,shared,2,54,read,1467,1467,1467,1469,1469,1
1470,E0,shared,0,216,read,1468,1468,1468,1470,1470,1
1470,E1,shared,0,76,read,1468,1468,1468,1470,1470,1
1471,E0,shared,3,83,read,1469,1469,1469,1471,1471,1
1472,E1,shared,3,75,read,1470,1470,1470,1472,1472,1
1473,E0,shared,1,81,read,1471,1471,1471,1473,1473,1
1473,E1,shared,1,29,read,1471,1471,1471,1473,1473,1
1474,E1,shared,2,202,read,1472,1472,1472,1474,1474,1
1475,E0,shared,1,177,read,1473,1473,1473,1475,1475,1
1475,E1,shared,1,9,read,1473,1473,1473,1475,1475,1
1476,E0,shared,3,155,read,1474,1474,1474,1476,1476,1
1476,E1,shared,0,72,read,1474,1474,1474,1476,1476,1
1477,E1,shared,2,198,read,1475,1475,1475,1477,1477,1
1478,E0,shared,0,28,read,1476,1476,1476,1478,1478,1
1478,E1,shared,0,124,read,1476,1476,1476,1478,1478,1
1479,E0,shared,1,157,read,1477,1477,1477,1479,1479,1
1479,E1,shared,1,157,read,1477,1477,1477,1479,1479,1
1480,E0,shared,2,82,read,1478,1478,1478,1480,1480,1
1480,E1,shared,2,234,read,1478,1478,1478,1480,1480,1
1481,E0,shared,1,197,read,1479,1479,1479,1481,1481,1
1481,E1,shared,1,117,read,1479,1479,1479,1481,1481,1
1482,E0,shared,3,59,read,1480,1480,1480,1482,1482,1
1482,E1,shared,0,232,read,1480,1480,1480,1482,1482,1
1483,E0,shared,3,243,read,1481,1481,1481,1483,1483,1
1483,E1,shared,3,215,read,1481,1481,1481,1483,1483,1
1484,E1,shared,0,144,read,1482,1482,1482,1484,1484,1
1485,E0,shared,2,86,read,1483,1483,1483,1485,1485,1
1485,E1,shared,2,86,read,1483,1483,1483,1485,1485,1
1486,E0,shared,2,58,read,1484,1484,1484,1486,1486,1
1486,E1,shared,3,175,read,1484,1484,1484,1486,1486,1
1487,E1,shared,2,226,read,1485,1485,1485,1487,1487,1
1488,E0,shared,3,59,read,1486,1486,1486,1488,1488,1
1488,E1,shared,3,103,read,1486,1486,1486,1488,1488,1
1489,E1,shared,2,70,read,1487,1487,1487,1489,1489,1
1490,E0,shared,2,246,read,1488,1488,1488,1490,1490,1
1490,E1,shared,1,29,read,1488,1488,1488,1490,1490,1
1491,E0,shared,3,191,read,1489,1489,1489,1491,1491,1
1491,E1,shared,3,11,read,1489,1489,1489,1491,1491,1
1492,E0,shared,0,12,read,1490,1490,1490,1492,1492,1
1492,E1,shared,0,12,read,1490,1490,1490,1492,1492,1
1493,E0,shared,2,246,read,1491,1491,1491,1493,1493,1
1493,E1,shared,2,214,read,1491,1491,1491,1493,1493,1
1494,E1,shared,0,252,read,1492,1492,1492,1494,1494,1
1495,E0,shared,1,125,read,1493,1493,1493,1495,1495,1
1496,E0,shared,0,236,read,1494,1494,1494,1496,1496,1
1496,E1,shared,0,220,read,1494,1494,1494,1496,1496,1
1497,E0,shared,2,182,read,1495,1495,1495,1497,1497,1
1497,E1,shared,2,130,read,1495,1495,1495,1497,1497,1
1498,E0,shared,1,41,read,1496,1496,1496,1498,1498,1
1499,E0,shared,3,127,read,1497,1497,1497,1499,1499,1
1499,E1,shared,0,128,read,1497,1497,1497,1499,1499,1
1500,E0,shared,3,99,read,1498,1498,1498,1500,1500,1
1500,E1,shared,3,207,read,1498,1498,1498,1500,1500,1
1501,E0,shared,3,195,read,1499,1499,1499,1501,1501,1
1501,E1,shared,2,42,read,1499,1499,1499,1501,1501,1
1502,E0,shared,1,133,read,1500,1500,1500,1502,1502,1
1502,E1,shared,1,177,read,1500,1500,1500,1502,1502,1
1503,E0,shared,3,143,read,1501,1501,1501,1503,1503,1
1503,E1,shared,0,40,read,1501,1501,1501,1503,1503,1
1504,E0,shared,3,83,read,1502,1502,1502,1504,1504,1
1504,E1,shared,3,83,read,1502,1502,1502,1504,1504,1
1505,E0,shared,0,180,read,1503,1503,1503,1505,1505,1
1505,E1,shared,0,212,read,1503,1503,1503,1505,1505,1
1506,E0,shared,3,123,read,1504,1504,1504,1506,1506,1
1506,E1,shared,0,12,read,1504,1504,1504,1506,1506,1
1507,E1,shared,1,173,read,1505,1505,1505,1507,1507,1
1508,E0,shared,3,91,read,1506,1506,1506,1508,1508,1
1509,E0,shared,0,104,read,1507,1507,1507,1509,1509,1
1509,E1,shared,0,228,read,1507,1507,1507,1509,1509,1
1510,E0,shared,1,73,read,1508,1508,1508,1510,1510,1
1510,E1,shared,1,241,read,1508,1508,1508,1510,1510,1
1511,E0,shared,1,249,read,1509,1509,1509,1511,1511,1
1511,E1,shared,0,0,read,1509,1509,1509,1511,1511,1
1512,E0,shared,1,45,read,1510,1510,1510,1512,1512,1
1512,E1,shared,1,141,read,1510,1510,1510,1512,1512,1
1513,E0,shared,2,170,read,1511,1511,1511,1513,1513,1
1513,E1,shared,2,170,read,1511,1511,1511,1513,1513,1
1514,E0,shared,2,170,read,1512,1512,1512,1514,1514,1
1514,E1,shared,0,200,read,1512,1512,1512,1514,1514,1
1515,E0,shared,0,184,read,1513,1513,1513,1515,1515,1
1515,E1,shared,0,184,read,1513,1513,1513,1515,1515,1
1516,E0,shared,3,203,read,1514,1514,1514,1516,1516,1
1516,E1,shared,1,33,read,1514,1514,1514,1516,1516,1
1517,E0,shared,1,213,read,1515,1515,1515,1517,1517,1
1517,E1,shared,0,60,read,1515,1515,1515,1517,1517,1
1518,E0,shared,1,113,read,1516,1516,1516,1518,1518,1
1518,E1,shared,1,73,read,1516,1516,1516,1518,1518,1
1519,E0,shared,3,107,read,1517,1517,1517,1519,1519,1
1519,E1,shared,3,27,read,1517,1517,1517,1519,1519,1
1520,E0,shared,0,52,read,1518,1518,1518,1520,1520,1
1520,E1,shared,0,144,read,1518,1518,1518,1520,1520,1
1521,E0,shared,2,126,read,1519,1519,1519,1521,1521,1
1521,E1,shared,2,126,read,1519,1519,1519,1521,1521,1
1522,E0,shared,2,242,read,1520,1520,1520,1522,1522,1
1522,E1,shared,2,150,read,1520,1520,1520,1522,1522,1
1523,E0,shared,1,173,read,1521,1521,1521,1523,1523,1
1523,E1,shared,1,173,read,1521,1521,1521,1523,1523,1
1524,E0,shared,1,21,read,1522,1522,1522,1524,1524,1
1524,E1,shared,1,229,read,1522,1522,1522,1524,1524,1
1525,E0,shared,2,234,read,1523,1523,1523,1525,1525,1
1525,E1,shared,1,41,read,1523,1523,1523,1525,1525,1
1526,E1,shared,1,161,read,1524,1524,1524,1526,1526,1
1527,E0,shared,0,152,read,1525,1525,1525,1527,1527,1
1527,E1,shared,0,8,read,1525,1525,1525,1527,1527,1
1528,E1,shared,3,43,read,1526,1526,1526,1528,1528,1
1529,E0,shared,1,193,read,1527,1527,1527,1529,1529,1
1529,E1,shared,1,193,read,1527,1527,1527,1529,1529,1
1530,E0,shared,2,194,read,1528,1528,1528,1530,1530,1
1531,E0,shared,3,23,read,1529,1529,1529,1531,1531,1
1531,E1,shared,3,251,read,1529,1529,1529,1531,1531,1
1532,E0,shared,0,224,read,1530,1530,1530,1532,1532,1
1532,E1,shared,2,98,read,1530,1530,1530,1532,1532,1
1533,E1,shared,3,35,read,1531,1531,1531,1533,1533,1
1534,E0,shared,2,46,read,1532,1532,1532,1534,1534,1
1534,E1,shared,2,46,read,1532,1532,1532,1534,1534,1
1535,E1,shared,3,59,read,1533,1533,1533,1535,1535,1
1536,E0,shared,0,56,read,1534,1534,1534,1536,1536,1
1536,E1,shared,0,36,read,1534,1534,1534,1536,1536,1
1537,E0,shared,2,6,read,1535,1535,1535,1537,1537,1
1537,E1,shared,2,214,read,1535,1535,1535,1537,1537,1
1538,E0,shared,0,204,read,1536,1536,1536,1538,1538,1
1538,E1,shared,0,52,read,1536,1536,1536,1538,1538,1
1539,E0,shared,3,51,read,1537,1537,1537,1539,1539,1
1539,E1,shared,3,35,read,1537,1537,1537,1539,1539,1
1540,E0,shared,1,221,read,1538,1538,1538,1540,1540,1
1540,E1,shared,1,121,read,1538,1538,1538,1540,1540,1
1541,E1,shared,3,127,read,1539,1539,1539,1541,1541,1
1542,E0,shared,3,35,read,1540,1540,1540,1542,1542,1
1542,E1,shared,3,35,read,1540,1540,1540,1542,1542,1
1543,E0,shared,0,48,read,1541,1541,1541,1543,1543,1
1545,E0,shared,2,106,read,1543,1543,1543,1545,1545,1
1545,E1,shared,2,210,read,1543,1543,1543,1545,1545,1
1546,E0,shared,2,170,read,1544,1544,1544,1546,1546,1
1546,E1,shared,0,16,read,1544,1544,1544,1546,1546,1
1547,E0,shared,0,136,read,1545,1545,1545,1547,1547,1
1547,E1,shared,2,54,read,1545,1545,1545,1547,1547,1
1548,E0,shared,3,123,read,1546,1546,1546,1548,1548,1
1548,E1,shared,3,123,read,1546,1546,1546,1548,1548,1
1549,E0,shared,0,104,read,1547,1547,1547,1549,1549,1
1549,E1,shared,0,104,read,1547,1547,1547,1549,1549,1
1550,E0,shared,2,70,read,1548,1548,1548,1550,1550,1
1550,E1,shared,0,196,read,1548,1548,1548,1550,1550,1
1551,E0,shared,3,7,read,1549,1549,1549,1551,1551,1
1551,E1,shared,3,175,read,1549,1549,1549,1551,1551,1
1552,E0,shared,0,36,read,1550,1550,1550,1552,1552,1
1552,E1,shared,3,115,read,1550,1550,1550,1552,1552,1
1553,E0,shared,0,152,read,1551,1551,1551,1553,1553,1
1553,E1,shared,1,73,read,1551,1551,1551,1553,1553,1
1554,E0,shared,2,26,read,1552,1552,1552,1554,1554,1
1555,E0,shared,0,4,read,1553,1553,1553,1555,1555,1
1555,E1,shared,0,56,read,1553,1553,1553,1555,1555,1
1557,E0,shared,0,108,read,1555,1555,1555,1557,1557,1
1558,E0,shared,3,187,read,1556,1556,1556,1558,1558,1
1559,E0,shared,1,197,read,1557,1557,1557,1559,1559,1
1559,E1,shared,1,197,read,1557,1557,1557,1559,1559,1
1560,E0,shared,3,147,read,1558,1558,1558,1560,1560,1
1560,E1,shared,3,195,read,1558,1558,1558,1560,1560,1
1561,E0,shared,1,37,read,1559,1559,1559,1561,1561,1
1561,E1,shared,1,161,read,1559,1559,1559,1561,1561,1
1562,E0,shared,1,229,read,1560,1560,1560,1562,1562,1
1562,E1,shared,1,113,read,1560,1560,1560,1562,1562,1
1563,E0,shared,2,6,read,1561,1561,1561,1563,1563,1
1564,E0,shared,2,238,read,1562,1562,1562,1564,1564,1
1564,E1,shared,2,194,read,1562,1562,1562,1564,1564,1
1565,E0,shared,1,177,read,1563,1563,1563,1565,1565,1
1565,E1,shared,1,177,read,1563,1563,1563,1565,1565,1
1566,E0,shared,1,25,read,1564,1564,1564,1566,1566,1
1566,E1,shared,1,153,read,1564,1564,1564,1566,1566,1
1567,E0,shared,0,204,read,1565,1565,1565,1567,1567,1
1567,E1,shared,0,0,read,1565,1565,1565,1567,1567,1
1568,E0,shared,1,153,read,1566,1566,1566,1568,1568,1
1568,E1,shared,0,124,read,1566,1566,1566,1568,1568,1
1569,E1,shared,3,167,read,1567,1567,1567,1569,1569,1
1570,E0,shared,0,220,read,1568,1568,1568,1570,1570,1
1570,E1,shared,0,168,read,1568,1568,1568,1570,1570,1
1571,E0,shared,1,193,read,1569,1569,1569,1571,1571,1
1571,E1,shared,1,113,read,1569,1569,1569,1571,1571,1
1572,E0,shared,3,115,read,1570,1570,1570,1572,1572,1
1572,E1,shared,3,47,read,1570,1570,1570,1572,1572,1
1573,E0,shared,3,99,read,1571,1571,1571,1573,1573,1
1574,E0,shared,1,205,read,1572,1572,1572,1574,1574,1
1574,E1,shared,1,65,read,1572,1572,1572,1574,1574,1
1575,E0,shared,2,206,read,1573,1573,1573,1575,1575,1
1575,E1,shared,3,135,read,1573,1573,1573,1575,1575,1
1576,E0,shared,2,30,read,1574,1574,1574,1576,1576,1
1577,E0,shared,1,1,read,1575,1575,1575,1577,1577,1
1577,E1,shared,1,1,read,1575,1575,1575,1577,1577,1
1578,E0,shared,0,212,read,1576,1576,1576,1578,1578,1
1579,E1,shared,0,152,read,1577,1577,1577,1579,1579,1
1580,E0,shared,3,227,read,1578,1578,1578,1580,1580,1
1580,E1,shared,3,95,read,1578,1578,1578,1580,1580,1
1581,E0,shared,2,34,read,1579,1579,1579,1581,1581,1
1581,E1,shared,0,164,read,1579,1579,1579,1581,1581,1
1582,E0,shared,2,238,read,1580,1580,1580,1582,1582,1
1582,E1,shared,2,238,read,1580,1580,1580,1582,1582,1
1583,E0,shared,1,57,read,1581,1581,1581,1583,1583,1
1584,E0,shared,2,42,read,1582,1582,1582,1584,1584,1
1584,E1,shared,2,10,read,1582,1582,1582,1584,1584,1
1585,E0,shared,2,174,read,1583,1583,1583,1585,1585,1
1585,E1,shared,3,43,read,1583,1583,1583,1585,1585,1
1586,E0,shared,3,175,read,1584,1584,1584,1586,1586,1
1586,E1,shared,3,135,read,1584,1584,1584,1586,1586,1
1587,E0,shared,1,29,read,1585,1585,1585,1587,1587,1
1588,E0,shared,2,10,read,1586,1586,1586,1588,1588,1
1588,E1,shared,0,140,read,1586,1586,1586,1588,1588,1
1589,E1,shared,2,166,read,1587,1587,1587,1589,1589,1
1590,E0,shared,2,78,read,1588,1588,1588,1590,1590,1
1590,E1,shared,2,78,read,1588,1588,1588,1590,1590,1
1591,E0,shared,3,131,read,1589,1589,1589,1591,1591,1
1591,E1,shared,3,27,read,1589,1589,1589,1591,1591,1
1592,E0,shared,1,157,read,1590,1590,1590,1592,1592,1
1592,E1,shared,0,200,read,1590,1590,1590,1592,1592,1
1593,E0,shared,3,59,read,1591,1591,1591,1593,1593,1
1593,E1,shared,3,3,read,1591,1591,1591,1593,1593,1
1594,E1,shared,1,9,read,1592,1592,1592,1594,1594,1
1595,E0,shared,2,6,read,1593,1593,1593,1595,1595,1
1595,E1,shared,3,139,read,1593,1593,1593,1595,1595,1
1597,E0,shared,2,54,read,1595,1595,1595,1597,1597,1
1597,E1,shared,2,26,read,1595,1595,1595,1597,1597,1
1598,E0,shared,2,210,read,1596,1596,1596,1598,1598,1
1598,E1,shared,0,244,read,1596,1596,1596,1598,1598,1
1599,E1,shared,2,226,read,1597,1597,1597,1599,1599,1
1600,E0,shared,0,220,read,1598,1598,1598,1600,1600,1
1600,E1,shared,2,230,read,1598,1598,1598,1600,1600,1
1601,E0,shared,2,82,read,1599,1599,1599,1601,1601,1
1601,E1,shared,2,130,read,1599,1599,1599,1601,1601,1
1602,E0,shared,1,53,read,1600,1600,1600,1602,1602,1
1602,E1,shared,1,233,read,1600,1600,1600,1602,1602,1
1603,E0,shared,1,45,read,1601,1601,1601,1603,1603,1
1603,E1,shared,1,77,read,1601,1601,1601,1603,1603,1
1604,E0,shared,2,6,read,1602,1602,1602,1604,1604,1
1604,E1,shared,1,117,read,1602,1602,1602,1604,1604,1
1605,E0,shared,2,250,read,1603,1603,1603,1605,1605,1
1605,E1,shared,2,42,read,1603,1603,1603,1605,1605,1
1606,E0,shared,2,14,read,1604,1604,1604,1606,1606,1
1606,E1,shared,1,41,read,1604,1604,1604,1606,1606,1
1607,E0,shared,0,72,read,1605,1605,1605,1607,1607,1
1608,E1,shared,0,220,read,1606,1606,1606,1608,1608,1
1609,E0,shared,0,180,read,1607,1607,1607,1609,1609,1
1609,E1,shared,0,180,read,1607,1607,1607,1609,1609,1
1610,E0,shared,0,36,read,1608,1608,1608,1610,1610,1
1610,E1,shared,2,106,read,1608,1608,1608,1610,1610,1
1611,E0,shared,3,183,read,1609,1609,1609,1611,1611,1
1611,E1,shared,3,183,read,1609,1609,1609,1611,1611,1
1612,E0,shared,0,180,read,1610,1610,1610,1612,1612,1
1613,E0,shared,0,152,read,1611,1611,1611,1613,1613,1
1614,E0,shared,2,50,read,1612,1612,1612,1614,1614,1
1614,E1,shared,2,14,read,1612,1612,1612,1614,1614,1
1615,E0,shared,0,116,read,1613,1613,1613,1615,1615,1
1615,E1,shared,0,192,read,1613,1613,1613,1615,1615,1
1616,E0,shared,0,108,read,1614,1614,1614,1616,1616,1
1616,E1,shared,0,248,read,1614,1614,1614,1616,1616,1
1617,E0,shared,3,187,read,1615,1615,1615,1617,1617,1
1617,E1,shared,3,191,read,1615,1615,1615,1617,1617,1
1618,E0,shared,0,4,read,1616,1616,1616,1618,1618,1
1619,E0,shared,1,185,read,1617,1617,1617,1619,1619,1
1619,E1,shared,0,68,read,1617,1617,1617,1619,1619,1
1620,E0,shared,3,115,read,1618,1618,1618,1620,1620,1
1621,E0,shared,0,204,read,1619,1619,1619,1621,1621,1
1621,E1,shared,0,180,read,1619,1619,1619,1621,1621,1
1622,E0,shared,0,100,read,1620,1620,1620,1622,1622,1
1622,E1,shared,1,161,read,1620,1620,1620,1622,1622,1
1623,E1,shared,1,165,read,1621,1621,1621,1623,1623,1
1624,E0,shared,0,24,read,1622,1622,1622,1624,1624,1
1625,E0,shared,2,122,read,1623,1623,1623,1625,1625,1
1625,E1,shared,2,166,read,1623,1623,1623,1625,1625,1
1626,E0,shared,2,110,read,1624,1624,1624,1626,1626,1
1626,E1,shared,2,110,read,1624,1624,1624,1626,1626,1
1627,E0,shared,2,30,read,1625,1625,1625,1627,1627,1
1627,E1,shared,2,94,read,1625,1625,1625,1627,1627,1
1628,E0,shared,0,128,read,1626,1626,1626,1628,1628,1
1628,E1,shared,0,152,read,1626,1626,1626,1628,1628,1
1629,E0,shared,2,2,read,1627,1627,1627,1629,1629,1
1630,E0,shared,0,80,read,1628,1628,1628,1630,1630,1
1631,E0,shared,1,93,read,1629,1629,1629,1631,1631,1
1632,E0,shared,3,7,read,1630,1630,1630,1632,1632,1
1632,E1,shared,3,7,read,1630,1630,1630,1632,1632,1
1633,E0,shared,3,99,read,1631,1631,1631,1633,1633,1
1633,E1,shared,3,107,read,1631,1631,1631,1633,1633,1
1634,E0,shared,0,108,read,1632,1632,1632,1634,1634,1
1634,E1,shared,0,124,read,1632,1632,1632,1634,1634,1
1635,E0,shared,2,118,read,1633,1633,1633,1635,1635,1
1635,E1,shared,2,6,read,1633,1633,1633,1635,1635,1
1636,E0,shared,1,217,read,1634,1634,1634,1636,1636,1
1636,E1,shared,1,13,read,1634,1634,1634,1636,1636,1
1637,E0,shared,1,117,read,1635,1635,1635,1637,1637,1
1637,E1,shared,1,117,read,1635,1635,1635,1637,1637,1
1638,E0,shared,1,49,read,1636,1636,1636,1638,1638,1
1638,E1,shared,1,77,read,1636,1636,1636,1638,1638,1
1639,E0,shared,3,123,read,1637,1637,1637,1639,1639,1
1640,E1,shared,3,107,read,1638,1638,1638,1640,1640,1
1641,E1,shared,1,125,read,1639,1639,1639,1641,1641,1
1642,E0,shared,1,57,read,1640,1640,1640,1642,1642,1
1642,E1,shared,1,237,read,1640,1640,1640,1642,1642,1
1643,E0,shared,1,153,read,1641,1641,1641,1643,1643,1
1643,E1,shared,1,153,read,1641,1641,1641,1643,1643,1
1644,E0,shared,3,39,read,1642,1642,1642,1644,1644,1
1644,E1,shared,3,59,read,1642,1642,1642,1644,1644,1
1645,E0,shared,0,184,read,1643,1643,1643,1645,1645,1
1645,E1,shared,0,148,read,1643,1643,1643,1645,1645,1
1646,E1,shared,1,253,read,1644,1644,1644,1646,1646,1
1647,E0,shared,3,27,read,1645,1645,1645,1647,1647,1
1647,E1,shared,3,179,read,1645,1645,1645,1647,1647,1
1649,E0,shared,3,239,read,1647,1647,1647,1649,1649,1
1649,E1,shared,0,124,read,1647,1647,1647,1649,1649,1
1650,E0,shared,0,144,read,1648,1648,1648,1650,1650,1
1651,E1,shared,3,107,read,1649,1649,1649,1651,1651,1
1652,E0,shared,2,154,read,1650,1650,1650,1652,1652,1
1652,E1,shared,0,52,read,1650,1650,1650,1652,1652,1
1653,E0,shared,0,156,read,1651,1651,1651,1653,1653,1
1654,E0,shared,1,29,read,1652,1652,1652,1654,1654,1
1654,E1,shared,2,74,read,1652,1652,1652,1654,1654,1
1655,E0,shared,3,31,read,1653,1653,1653,1655,1655,1
1655,E1,shared,3,31,read,1653,1653,1653,1655,1655,1
1656,E1,shared,2,66,read,1654,1654,1654,1656,1656,1
1657,E0,shared,3,75,read,1655,1655,1655,1657,1657,1
1658,E0,shared,1,245,read,1656,1656,1656,1658,1658,1
1658,E1,shared,1,209,read,1656,1656,1656,1658,1658,1
1659,E0,shared,1,73,read,1657,1657,1657,1659,1659,1
1659,E1,shared,1,85,read,1657,1657,1657,1659,1659,1
1660,E1,shared,0,32,read,1658,1658,1658,1660,1660,1
1661,E1,shared,1,113,read,1659,1659,1659,1661,1661,1
1662,E0,shared,0,184,read,1660,1660,1660,1662,1662,1
1663,E0,shared,0,28,read,1661,1661,1661,1663,1663,1
1663,E1,shared,0,20,read,1661,1661,1661,1663,1663,1
1664,E0,shared,2,10,read,1662,1662,1662,1664,1664,1
1664,E1,shared,2,10,read,1662,1662,1662,1664,1664,1
1666,E0,shared,2,166,read,1664,1664,1664,1666,1666,1
1666,E1,shared,2,90,read,1664,1664,1664,1666,1666,1
1667,E0,shared,3,167,read,1665,1665,1665,1667,1667,1
1667,E1,shared,3,167,read,1665,1665,1665,1667,1667,1
1668,E1,shared,0,120,read,1666,1666,1666,1668,1668,1
1669,E0,shared,1,49,read,1667,1667,1667,1669,1669,1
1670,E0,shared,0,244,read,1668,1668,1668,1670,1670,1
1670,E1,shared,0,152,read,1668,1668,1668,1670,1670,1
1671,E0,shared,3,159,read,1669,1669,1669,1671,1671,1
1671,E1,shared,0,80,read,1669,1669,1669,1671,1671,1
1672,E0,shared,1,121,read,1670,1670,1670,1672,1672,1
1672,E1,shared,1,121,read,1670,1670,1670,1672,1672,1
1673,E0,shared,2,38,read,1671,1671,1671,1673,1673,1
1673,E1,shared,2,38,read,1671,1671,1671,1673,1673,1
1674,E0,shared,0,92,read,1672,1672,1672,1674,1674,1
1674,E1,shared,0,144,read,1672,1672,1672,1674,1674,1
1675,E0,shared,1,101,read,1673,1673,1673,1675,1675,1
1675,E1,shared,1,145,read,1673,1673,1673,1675,1675,1
1676,E0,shared,3,95,read,1674,1674,1674,1676,1676,1
1677,E0,shared,0,204,read,1675,1675,1675,1677,1677,1
1677,E1,shared,0,88,read,1675,1675,1675,1677,1677,1
1678,E0,shared,0,12,read,1676,1676,1676,1678,1678,1
1678,E1,shared,3,39,read,1676,1676,1676,1678,1678,1
1679,E1,shared,1,117,read,1677,1677,1677,1679,1679,1
1680,E0,shared,2,86,read,1678,1678,1678,1680,1680,1
1680,E1,shared,2,154,read,1678,1678,1678,1680,1680,1
1681,E0,shared,2,86,read,1679,1679,1679,1681,1681,1
1681,E1,shared,0,52,read,1679,1679,1679,1681,1681,1
1682,E0,shared,1,21,read,1680,1680,1680,1682,1682,1
1682,E1,shared,0,196,read,1680,1680,1680,1682,1682,1
1683,E0,shared,1,253,read,1681,1681,1681,1683,1683,1
1684,E0,shared,1,5,read,1682,1682,1682,1684,1684,1
1684,E1,shared,0,236,read,1682,1682,1682,1684,1684,1
1685,E0,shared,3,155,read,1683,1683,1683,1685,1685,1
1685,E1,shared,3,243,read,1683,1683,1683,1685,1685,1
1686,E0,shared,1,181,read,1684,1684,1684,1686,1686,1
1686,E1,shared,3,43,read,1684,1684,1684,1686,1686,1
1687,E0,shared,2,102,read,1685,1685,1685,1687,1687,1
1687,E1,shared,2,218,read,1685,1685,1685,1687,1687,1
1688,E1,shared,0,156,read,1686,1686,1686,1688,1688,1
1689,E0,shared,2,130,read,1687,1687,1687,1689,1689,1
1689,E1,shared,2,130,read,1687,1687,1687,1689,1689,1
1691,E0,shared,0,20,read,1689,1689,1689,1691,1691,1
1691,E1,shared,2,90,read,1689,1689,1689,1691,1691,1
1692,E0,shared,0,128,read,1690,1690,1690,1692,1692,1
1693,E0,shared,0,188,read,1691,1691,1691,1693,1693,1
1693,E1,shared,0,152,read,1691,1691,1691,1693,1693,1
1694,E0,shared,1,173,read,1692,1692,1692,1694,1694,1
1694,E1,shared,1,133,read,1692,1692,1692,1694,1694,1
1695,E0,shared,3,147,read,1693,1693,1693,1695,1695,1
1695,E1,shared,3,147,read,1693,1693,1693,1695,1695,1
1696,E0,shared,0,84,read,1694,1694,1694,1696,1696,1
1696,E1,shared,0,4,read,1694,1694,1694,1696,1696,1
1697,E0,shared,1,173,read,1695,1695,1695,1697,1697,1
1697,E1,shared,1,233,read,1695,1695,1695,1697,1697,1
1698,E1,shared,3,35,read,1696,1696,1696,1698,1698,1
1699,E0,shared,3,223,read,1697,1697,1697,1699,1699,1
1699,E1,shared,3,223,read,1697,1697,1697,1699,1699,1
1700,E0,shared,1,209,read,1698,1698,1698,1700,1700,1
1700,E1,shared,1,161,read,1698,1698,1698,1700,1700,1
1701,E0,shared,2,194,read,1699,1699,1699,1701,1701,1
1702,E1,shared,2,210,read,1700,1700,1700,1702,1702,1
1703,E0,shared,2,170,read,1701,1701,1701,1703,1703,1
1703,E1,shared,2,170,read,1701,1701,1701,1703,1703,1
1704,E1,shared,1,169,read,1702,1702,1702,1704,1704,1
1705,E0,shared,1,33,read,1703,1703,1703,1705,1705,1
1705,E1,shared,0,48,read,1703,1703,1703,1705,1705,1
1706,E0,shared,3,167,read,1704,1704,1704,1706,1706,1
1707,E0,shared,0,136,read,1705,1705,1705,1707,1707,1
1708,E0,shared,2,198,read,1706,1706,1706,1708,1708,1
1708,E1,shared,2,198,read,1706,1706,1706,1708,1708,1
1710,E0,shared,1,53,read,1708,1708,1708,1710,1710,1
1710,E1,shared,3,3,read,1708,1708,1708,1710,1710,1
1711,E0,shared,1,97,read,1709,1709,1709,1711,1711,1
1711,E1,shared,1,233,read,1709,1709,1709,1711,1711,1
1712,E1,shared,0,84,read,1710,1710,1710,1712,1712,1
1713,E1,shared,0,200,read,1711,1711,1711,1713,1713,1
1714,E0,shared,0,92,read,1712,1712,1712,1714,1714,1
1715,E0,shared,2,170,read,1713,1713,1713,1715,1715,1
1715,E1,shared,2,170,read,1713,1713,1713,1715,1715,1
1716,E0,shared,1,133,read,1714,1714,1714,1716,1716,1
1716,E1,shared,1,121,read,1714,1714,1714,1716,1716,1
1717,E1,shared,0,148,read,1715,1715,1715,1717,1717,1
1718,E0,shared,2,182,read,1716,1716,1716,1718,1718,1
1718,E1,shared,2,18,read,1716,1716,1716,1718,1718,1
1719,E0,shared,1,177,read,1717,1717,1717,1719,1719,1
1719,E1,shared,1,177,read,1717,1717,1717,1719,1719,1
1720,E0,shared,3,231,read,1718,1718,1718,1720,1720,1
1720,E1,shared,3,251,read,1718,1718,1718,1720,1720,1
1721,E0,shared,3,191,read,1719,1719,1719,1721,1721,1
1721,E1,shared,3,83,read,1719,1719,1719,1721,1721,1
1722,E0,shared,1,89,read,1720,1720,1720,1722,1722,1
1723,E1,shared,3,3,read,1721,1721,1721,1723,1723,1
1724,E0,shared,3,75,read,1722,1722,1722,1724,1724,1
1724,E1,shared,3,135,read,1722,1722,1722,1724,1724,1
1725,E0,shared,1,45,read,1723,1723,1723,1725,1725,1
1725,E1,shared,1,145,read,1723,1723,1723,1725,1725,1
1726,E0,shared,2,6,read,1724,1724,1724,1726,1726,1
1726,E1,shared,3,63,read,1724,1724,1724,1726,1726,1
1727,E0,shared,0,96,read,1725,1725,1725,1727,1727,1
1727,E1,shared,0,252,read,1725,1725,1725,1727,1727,1
1729,E0,shared,0,244,read,1727,1727,1727,1729,1729,1
1729,E1,shared,0,244,read,1727,1727,1727,1729,1729,1
1730,E0,shared,0,24,read,1728,1728,1728,1730,1730,1
1730,E1,shared,0,208,read,1728,1728,1728,1730,1730,1
1731,E0,shared,2,174,read,1729,1729,1729,1731,1731,1
1732,E0,shared,3,175,read,1730,1730,1730,1732,1732,1
1732,E1,shared,1,233,read,1730,1730,1730,1732,1732,1
1733,E0,shared,1,229,read,1731,1731,1731,1733,1733,1
1733,E1,shared,3,7,read,1731,1731,1731,1733,1733,1
1734,E0,shared,0,200,read,1732,1732,1732,1734,1734,1
1734,E1,shared,1,165,read,1732,1732,1732,1734,1734,1
1735,E0,shared,2,70,read,1733,1733,1733,1735,1735,1
1735,E1,shared,2,70,read,1733,1733,1733,1735,1735,1
1736,E0,shared,2,114,read,1734,1734,1734,1736,1736,1
1736,E1,shared,2,238,read,1734,1734,1734,1736,1736,1
1737,E0,shared,3,239,read,1735,1735,1735,1737,1737,1
1737,E1,shared,3,251,read,1735,1735,1735,1737,1737,1
1738,E0,shared,3,59,read,1736,1736,1736,1738,1738,1
1738,E1,shared,3,219,read,1736,1736,1736,1738,1738,1
1739,E1,shared,2,158,read,1737,1737,1737,1739,1739,1
1740,E0,shared,3,135,read,1738,1738,1738,1740,1740,1
1740,E1,shared,3,135,read,1738,1738,1738,1740,1740,1
1741,E0,shared,0,64,read,1739,1739,1739,1741,1741,1
1741,E1,shared,0,164,read,1739,1739,1739,1741,1741,1
1742,E0,shared,2,170,read,1740,1740,1740,1742,1742,1
1742,E1,shared,2,246,read,1740,1740,1740,1742,1742,1
1743,E0,shared,3,31,read,1741,1741,1741,1743,1743,1
1743,E1,shared,3,227,read,1741,1741,1741,1743,1743,1
1744,E1,shared,0,208,read,1742,1742,1742,1744,1744,1
1745,E1,shared,1,93,read,1743,1743,1743,1745,1745,1
1746,E0,shared,1,145,read,1744,1744,1744,1746,1746,1
1746,E1,shared,1,157,read,1744,1744,1744,1746,1746,1
1747,E0,shared,0,112,read,1745,1745,1745,1747,1747,1
1747,E1,shared,1,173,read,1745,1745,1745,1747,1747,1
1748,E0,shared,0,176,read,1746,1746,1746,1748,1748,1
1748,E1,shared,2,142,read,1746,1746,1746,1748,1748,1
1749,E0,shared,1,113,read,1747,1747,1747,1749,1749,1
1749,E1,shared,1,173,read,1747,1747,1747,1749,1749,1
1750,E0,shared,2,66,read,1748,1748,1748,1750,1750,1
1750,E1,shared,2,10,read,1748,1748,1748,1750,1750,1
1751,E0,shared,1,33,read,1749,1749,1749,1751,1751,1
1752,E1,shared,3,99,read,1750,1750,1750,1752,1752,1
1753,E0,shared,3,79,read,1751,1751,1751,1753,1753,1
1753,E1,shared,3,151,read,1751,1751,1751,1753,1753,1
1754,E0,shared,2,66,read,1752,1752,1752,1754,1754,1
1754,E1,shared,2,66,read,1752,1752,1752,1754,1754,1
1755,E0,shared,0,40,read,1753,1753,1753,1755,1755,1
1755,E1,shared,0,40,read,1753,1753,1753,1755,1755,1
1756,E0,shared,2,54,read,1754,1754,1754,1756,1756,1
1756,E1,shared,2,90,read,1754,1754,1754,1756,1756,1
1757,E0,shared,1,241,read,1755,1755,1755,1757,1757,1
1757,E1,shared,3,3,read,1755,1755,1755,1757,1757,1
1758,E0,shared,0,192,read,1756,1756,1756,1758,1758,1
1758,E1,shared,0,152,read,1756,1756,1756,1758,1758,1
1759,E0,shared,2,238,read,1757,1757,1757,1759,1759,1
1761,E1,shared,3,255,read,1759,1759,1759,1761,1761,1
1762,E0,shared,1,9,read,1760,1760,1760,1762,1762,1
1762,E1,shared,2,214,read,1760,1760,1760,1762,1762,1
1763,E1,shared,3,75,read,1761,1761,1761,1763,1763,1
1764,E0,shared,1,113,read,1762,1762,1762,1764,1764,1
1764,E1,shared,1,213,read,1762,1762,1762,1764,1764,1
1765,E0,shared,3,199,read,1763,1763,1763,1765,1765,1
1765,E1,shared,3,199,read,1763,1763,1763,1765,1765,1
1766,E0,shared,0,204,read,1764,1764,1764,1766,1766,1
1766,E1,shared,0,112,read,1764,1764,1764,1766,1766,1
1767,E1,shared,1,73,read,1765,1765,1765,1767,1767,1
1768,E0,shared,2,158,read,1766,1766,1766,1768,1768,1
1768,E1,shared,2,158,read,1766,1766,1766,1768,1768,1
1769,E0,shared,3,199,read,1767,1767,1767,1769,1769,1
1769,E1,shared,3,199,read,1767,1767,1767,1769,1769,1
1770,E0,shared,2,94,read,1768,1768,1768,1770,1770,1
1770,E1,shared,2,106,read,1768,1768,1768,1770,1770,1
1771,E0,shared,0,80,read,1769,1769,1769,1771,1771,1
1771,E1,shared,0,152,read,1769,1769,1769,1771,1771,1
1772,E0,shared,2,206,read,1770,1770,1770,1772,1772,1
1772,E1,shared,2,186,read,1770,1770,1770,1772,1772,1
1773,E0,shared,1,45,read,1771,1771,1771,1773,1773,1
1773,E1,shared,1,245,read,1771,1771,1771,1773,1773,1
1775,E0,shared,0,8,read,1773,1773,1773,1775,1775,1
1775,E1,shared,0,8,read,1773,1773,1773,1775,1775,1
1776,E0,shared,3,135,read,1774,1774,1774,1776,1776,1
1776,E1,shared,0,252,read,1774,1774,1774,1776,1776,1
1777,E0,shared,0,144,read,1775,1775,1775,1777,1777,1
1777,E1,shared,0,44,read,1775,1775,1775,1777,1777,1
1778,E0,shared,3,123,read,1776,1776,1776,1778,1778,1
1778,E1,shared,3,155,read,1776,1776,1776,1778,1778,1
1779,E0,shared,1,25,read,1777,1777,1777,1779,1779,1
1780,E0,shared,2,26,read,1778,1778,1778,1780,1780,1
1781,E0,shared,2,98,read,1779,1779,1779,1781,1781,1
1781,E1,shared,2,30,read,1779,1779,1779,1781,1781,1
1782,E0,shared,2,254,read,1780,1780,1780,1782,1782,1
1782,E1,shared,0,28,read,1780,1780,1780,1782,1782,1
1783,E0,shared,3,167,read,1781,1781,1781,1783,1783,1
1783,E1,shared,1,29,read,1781,1781,1781,1783,1783,1
1786,E0,shared,2,50,read,1784,1784,1784,1786,1786,1
1786,E1,shared,2,150,read,1784,1784,1784,1786,1786,1
1787,E0,shared,1,97,read,1785,1785,1785,1787,1787,1
1787,E1,shared,1,157,read,1785,1785,1785,1787,1787,1
1788,E0,shared,1,189,read,1786,1786,1786,1788,1788,1
1788,E1,shared,1,245,read,1786,1786,1786,1788,1788,1
1789,E0,shared,2,122,read,1787,1787,1787,1789,1789,1
1789,E1,shared,1,9,read,1787,1787,1787,1789,1789,1
1790,E0,shared,1,25,read,1788,1788,1788,1790,1790,1
1790,E1,shared,0,252,read,1788,1788,1788,1790,1790,1
1791,E1,shared,1,221,read,1789,1789,1789,1791,1791,1
1792,E0,shared,2,182,read,1790,1790,1790,1792,1792,1
1794,E0,shared,1,137,read,1792,1792,1792,1794,1794,1
1794,E1,shared,0,232,read,1792,1792,1792,1794,1794,1
1795,E0,shared,0,196,read,1793,1793,1793,1795,1795,1
1795,E1,shared,1,5,read,1793,1793,1793,1795,1795,1
1796,E0,shared,1,149,read,1794,1794,1794,1796,1796,1
1796,E1,shared,1,157,read,1794,1794,1794,1796,1796,1
1797,E0,shared,2,110,read,1795,1795,1795,1797,1797,1
1797,E1,shared,2,54,read,1795,1795,1795,1797,1797,1
1798,E1,shared,1,13,read,1796,1796,1796,1798,1798,1
1799,E0,shared,0,124,read,1797,1797,1797,1799,1799,1
1799,E1,shared,1,205,read,1797,1797,1797,1799,1799,1
1800,E0,shared,3,131,read,1798,1798,1798,1800,1800,1
1800,E1,shared,3,75,read,1798,1798,1798,1800,1800,1
1801,E0,shared,1,5,read,1799,1799,1799,1801,1801,1
1802,E0,shared,0,40,read,1800,1800,1800,1802,1802,1
1802,E1,shared,0,216,read,1800,1800,1800,1802,1802,1
1803,E0,shared,2,162,read,1801,1801,1801,1803,1803,1
1803,E1,shared,2,162,read,1801,1801,1801,1803,1803,1
1804,E0,shared,1,101,read,1802,1802,1802,1804,1804,1
1805,E0,shared,3,123,read,1803,1803,1803,1805,1805,1
1806,E0,shared,2,170,read,1804,1804,1804,1806,1806,1
1806,E1,shared,2,94,read,1804,1804,1804,1806,1806,1
1808,E0,shared,0,80,read,1806,1806,1806,1808,1808,1
1808,E1,shared,3,167,read,1806,1806,1806,1808,1808,1
1809,E1,shared,1,165,read,1807,1807,1807,1809,1809,1
1810,E0,shared,3,111,read,1808,1808,1808,1810,1810,1
1810,E1,shared,1,93,read,1808,1808,1808,1810,1810,1
1811,E0,shared,2,138,read,1809,1809,1809,1811,1811,1
1811,E1,shared,2,138,read,1809,1809,1809,1811,1811,1
1812,E0,shared,0,136,read,1810,1810,1810,1812,1812,1
1812,E1,shared,2,230,read,1810,1810,1810,1812,1812,1
1813,E0,shared,2,86,read,1811,1811,1811,1813,1813,1
1813,E1,shared,2,158,read,1811,1811,1811,1813,1813,1
1814,E0,shared,1,17,read,1812,1812,1812,1814,1814,1
1814,E1,shared,3,39,read,1812,1812,1812,1814,1814,1
1815,E0,shared,1,145,read,1813,1813,1813,1815,1815,1
1815,E1,shared,1,145,read,1813,1813,1813,1815,1815,1
1816,E0,shared,3,235,read,1814,1814,1814,1816,1816,1
1816,E1,shared,1,69,read,1814,1814,1814,1816,1816,1
1817,E0,shared,1,65,read,1815,1815,1815,1817,1817,1
1818,E0,shared,3,7,read,1816,1816,1816,1818,1818,1
1818,E1,shared,3,79,read,1816,1816,1816,1818,1818,1
1819,E0,shared,3,99,read,1817,1817,1817,1819,1819,1
1819,E1,shared,3,47,read,1817,1817,1817,1819,1819,1
1820,E0,shared,2,154,read,1818,1818,1818,1820,1820,1
1820,E1,shared,2,214,read,1818,1818,1818,1820,1820,1
1821,E1,shared,0,156,read,1819,1819,1819,1821,1821,1
1822,E1,shared,2,218,read,1820,1820,1820,1822,1822,1
1823,E0,shared,1,65,read,1821,1821,1821,1823,1823,1
1823,E1,shared,1,177,read,1821,1821,1821,1823,1823,1
1824,E0,shared,3,119,read,1822,1822,1822,1824,1824,1
1824,E1,shared,1,101,read,1822,1822,1822,1824,1824,1
1825,E0,shared,1,17,read,1823,1823,1823,1825,1825,1
1825,E1,shared,1,185,read,1823,1823,1823,1825,1825,1
1826,E0,shared,1,233,read,1824,1824,1824,1826,1826,1
1826,E1,shared,1,129,read,1824,1824,1824,1826,1826,1
1827,E0,shared,1,97,read,1825,1825,1825,1827,1827,1
1827,E1,shared,1,121,read,1825,1825,1825,1827,1827,1
1828,E0,shared,2,214,read,1826,1826,1826,1828,1828,1
1828,E1,shared,2,46,read,1826,1826,1826,1828,1828,1
1829,E0,shared,2,62,read,1827,1827,1827,1829,1829,1
1829,E1,shared,1,209,read,1827,1827,1827,1829,1829,1
1830,E1,shared,1,85,read,1828,1828,1828,1830,1830,1
1831,E0,shared,3,87,read,1829,1829,1829,1831,1831,1
1831,E1,shared,1,29,read,1829,1829,1829,1831,1831,1
1832,E0,shared,3,135,read,1830,1830,1830,1832,1832,1
1832,E1,shared,3,123,read,1830,1830,1830,1832,1832,1
1833,E0,shared,3,203,read,1831,1831,1831,1833,1833,1
1833,E1,shared,2,6,read,1831,1831,1831,1833,1833,1
1834,E0,shared,3,139,read,1832,1832,1832,1834,1834,1
1835,E0,shared,2,214,read,1833,1833,1833,1835,1835,1
1835,E1,shared,2,214,read,1833,1833,1833,1835,1835,1
1836,E0,shared,0,172,read,1834,1834,1834,1836,1836,1
1836,E1,shared,0,8,read,1834,1834,1834,1836,1836,1
1837,E1,shared,3,43,read,1835,1835,1835,1837,1837,1
1838,E0,shared,2,58,read,1836,1836,1836,1838,1838,1
1838,E1,shared,0,148,read,1836,1836,1836,1838,1838,1
1839,E0,shared,0,208,read,1837,1837,1837,1839,1839,1
1841,E0,shared,3,203,read,1839,1839,1839,1841,1841,1
1841,E1,shared,3,203,read,1839,1839,1839,1841,1841,1
1842,E0,shared,0,132,read,1840,1840,1840,1842,1842,1
1842,E1,shared,2,18,read,1840,1840,1840,1842,1842,1
1843,E0,shared,0,184,read,1841,1841,1841,1843,1843,1
1846,E0,shared,2,58,read,1844,1844,1844,1846,1846,1
1846,E1,shared,2,58,read,1844,1844,1844,1846,1846,1
1847,E0,shared,1,45,read,1845,1845,1845,1847,1847,1
1847,E1,shared,1,45,read,1845,1845,1845,1847,1847,1
1850,E0,shared,2,114,read,1848,1848,1848,1850,1850,1
1850,E1,shared,2,126,read,1848,1848,1848,1850,1850,1
1851,E1,shared,3,171,read,1849,1849,1849,1851,1851,1
1852,E0,shared,0,212,read,1850,1850,1850,1852,1852,1
1852,E1,shared,0,212,read,1850,1850,1850,1852,1852,1
1853,E0,shared,0,204,read,1851,1851,1851,1853,1853,1
1853,E1,shared,0,204,read,1851,1851,1851,1853,1853,1
1854,E0,shared,2,178,read,1852,1852,1852,1854,1854,1
1854,E1,shared,3,31,read,1852,1852,1852,1854,1854,1
1855,E1,shared,2,86,read,1853,1853,1853,1855,1855,1
1856,E0,shared,2,246,read,1854,1854,1854,1856,1856,1
1856,E1,shared,0,28,read,1854,1854,1854,1856,1856,1
1857,E0,shared,1,105,read,1855,1855,1855,1857,1857,1
1857,E1,shared,3,159,read,1855,1855,1855,1857,1857,1
1858,E0,shared,3,91,read,1856,1856,1856,1858,1858,1
1859,E0,shared,0,180,read,1857,1857,1857,1859,1859,1
1859,E1,shared,0,128,read,1857,1857,1857,1859,1859,1
1860,E0,shared,3,147,read,1858,1858,1858,1860,1860,1
1860,E1,shared,1,197,read,1858,1858,1858,1860,1860,1
1861,E1,shared,2,102,read,1859,1859,1859,1861,1861,1
1862,E0,shared,1,101,read,1860,1860,1860,1862,1862,1
1862,E1,shared,1,177,read,1860,1860,1860,1862,1862,1
1863,E0,shared,2,78,read,1861,1861,1861,1863,1863,1
1863,E1,shared,2,46,read,1861,1861,1861,1863,1863,1
1864,E0,shared,2,230,read,1862,1862,1862,1864,1864,1
1864,E1,shared,2,122,read,1862,1862,1862,1864,1864,1
1866,E1,shared,1,201,read,1864,1864,1864,1866,1866,1
1867,E0,shared,2,150,read,1865,1865,1865,1867,1867,1
1867,E1,shared,2,150,read,1865,1865,1865,1867,1867,1
1868,E0,shared,2,234,read,1866,1866,1866,1868,1868,1
1868,E1,shared,1,137,read,1866,1866,1866,1868,1868,1
1869,E0,shared,3,231,read,1867,1867,1867,1869,1869,1
1869,E1,shared,3,79,read,1867,1867,1867,1869,1869,1
1870,E0,shared,0,116,read,1868,1868,1868,1870,1870,1
1870,E1,shared,0,116,read,1868,1868,1868,1870,1870,1
1871,E0,shared,2,126,read,1869,1869,1869,1871,1871,1
1871,E1,shared,3,227,read,1869,1869,1869,1871,1871,1
1872,E0,shared,2,242,read,1870,1870,1870,1872,1872,1
1872,E1,shared,2,142,read,1870,1870,1870,1872,1872,1
1874,E0,shared,1,161,read,1872,1872,1872,1874,1874,1
1874,E1,shared,1,161,read,1872,1872,1872,1874,1874,1
1875,E0,shared,1,181,read,1873,1873,1873,1875,1875,1
1875,E1,shared,0,16,read,1873,1873,1873,1875,1875,1
1876,E0,shared,0,100,read,1874,1874,1874,1876,1876,1
1876,E1,shared,0,96,read,1874,1874,1874,1876,1876,1
1877,E0,shared,1,121,read,1875,1875,1875,1877,1877,1
1877,E1,shared,1,121,read,1875,1875,1875,1877,1877,1
1878,E0,shared,1,221,read,1876,1876,1876,1878,1878,1
1878,E1,shared,1,201,read,1876,1876,1876,1878,1878,1
1879,E0,shared,0,84,read,1877,1877,1877,1879,1879,1
1879,E1,shared,0,204,read,1877,1877,1877,1879,1879,1
1880,E0,shared,3,183,read,1878,1878,1878,1880,1880,1
1880,E1,shared,3,183,read,1878,1878,1878,1880,1880,1
1882,E0,shared,3,99,read,1880,1880,1880,1882,1882,1
1882,E1,shared,3,239,read,1880,1880,1880,1882,1882,1
1883,E0,shared,2,114,read,1881,1881,1881,1883,1883,1
1883,E1,shared,2,234,read,1881,1881,1881,1883,1883,1
1884,E0,shared,0,84,read,1882,1882,1882,1884,1884,1
1884,E1,shared,0,84,read,1882,1882,1882,1884,1884,1
1885,E0,shared,3,87,read,1883,1883,1883,1885,1885,1
1885,E1,shared,0,140,read,1883,1883,1883,1885,1885,1
1886,E0,shared,1,209,read,1884,1884,1884,1886,1886,1
1887,E0,shared,2,18,read,1885,1885,1885,1887,1887,1
1887,E1,shared,2,74,read,1885,1885,1885,1887,1887,1
1888,E1,shared,2,74,read,1886,1886,1886,1888,1888,1
1889,E0,shared,2,206,read,1887,1887,1887,1889,1889,1
1889,E1,shared,2,166,read,1887,1887,1887,1889,1889,1
1890,E0,shared,3,47,read,1888,1888,1888,1890,1890,1
1890,E1,shared,0,240,read,1888,1888,1888,1890,1890,1
1891,E0,shared,2,130,read,1889,1889,1889,1891,1891,1
1891,E1,shared,2,114,read,1889,1889,1889,1891,1891,1
1892,E1,shared,3,51,read,1890,1890,1890,1892,1892,1
1893,E0,shared,1,53,read,1891,1891,1891,1893,1893,1
1894,E0,shared,2,58,read,1892,1892,1892,1894,1894,1
1894,E1,shared,2,94,read,1892,1892,1892,1894,1894,1
1895,E0,shared,0,8,read,1893,1893,1893,1895,1895,1
1895,E1,shared,0,188,read,1893,1893,1893,1895,1895,1
1896,E1,shared,3,195,read,1894,1894,1894,1896,1896,1
1897,E0,shared,0,96,read,1895,1895,1895,1897,1897,1
1897,E1,shared,0,216,read,1895,1895,1895,1897,1897,1
1898,E0,shared,3,3,read,1896,1896,1896,1898,1898,1
1899,E0,shared,3,135,read,1897,1897,1897,1899,1899,1
1900,E0,shared,1,45,read,1898,1898,1898,1900,1900,1
1900,E1,shared,1,173,read,1898,1898,1898,1900,1900,1
1901,E0,shared,2,226,read,1899,1899,1899,1901,1901,1
1901,E1,shared,2,66,read,1899,1899,1899,1901,1901,1
1902,E0,shared,2,42,read,1900,1900,1900,1902,1902,1
1902,E1,shared,2,42,read,1900,1900,1900,1902,1902,1
1903,E0,shared,1,17,read,1901,1901,1901,1903,1903,1
1903,E1,shared,1,17,read,1901,1901,1901,1903,1903,1
1904,E0,shared,2,30,read,1902,1902,1902,1904,1904,1
1904,E1,shared,3,147,read,1902,1902,1902,1904,1904,1
1905,E0,shared,1,225,read,1903,1903,1903,1905,1905,1
1905,E1,shared,1,17,read,1903,1903,1903,1905,1905,1
1907,E0,shared,1,189,read,1905,1905,1905,1907,1907,1
1908,E0,shared,0,248,read,1906,1906,1906,1908,1908,1
1908,E1,shared,0,204,read,1906,1906,1906,1908,1908,1
1909,E0,shared,1,237,read,1907,1907,1907,1909,1909,1
1909,E1,shared,2,150,read,1907,1907,1907,1909,1909,1
1910,E0,shared,3,47,read,1908,1908,1908,1910,1910,1
1910,E1,shared,0,52,read,1908,1908,1908,1910,1910,1
1911,E0,shared,1,137,read,1909,1909,1909,1911,1911,1
1911,E1,shared,1,137,read,1909,1909,1909,1911,1911,1
1912,E0,shared,1,41,read,1910,1910,1910,1912,1912,1
1912,E1,shared,1,41,read,1910,1910,1910,1912,1912,1
1913,E0,shared,0,148,read,1911,1911,1911,1913,1913,1
1913,E1,shared,2,34,read,1911,1911,1911,1913,1913,1
1914,E1,shared,1,125,read,1912,1912,1912,1914,1914,1
1915,E0,shared,2,110,read,1913,1913,1913,1915,1915,1
1915,E1,shared,2,110,read,1913,1913,1913,1915,1915,1
1916,E0,shared,3,175,read,1914,1914,1914,1916,1916,1
1916,E1,shared,1,241,read,1914,1914,1914,1916,1916,1
1917,E0,shared,0,20,read,1915,1915,1915,1917,1917,1
1918,E0,shared,0,20,read,1916,1916,1916,1918,1918,1
1919,E0,shared,1,197,read,1917,1917,1917,1919,1919,1
1919,E1,shared,1,97,read,1917,1917,1917,1919,1919,1
1920,E0,shared,1,101,read,1918,1918,1918,1920,1920,1
1920,E1,shared,3,87,read,1918,1918,1918,1920,1920,1
1921,E0,shared,3,119,read,1919,1919,1919,1921,1921,1
1921,E1,shared,3,147,read,1919,1919,1919,1921,1921,1
1922,E1,shared,2,14,read,1920,1920,1920,1922,1922,1
1924,E0,shared,2,18,read,1922,1922,1922,1924,1924,1
1924,E1,shared,2,46,read,1922,1922,1922,1924,1924,1
1925,E0,shared,0,192,read,1923,1923,1923,1925,1925,1
1926,E0,shared,3,199,read,1924,1924,1924,1926,1926,1
1926,E1,shared,0,136,read,1924,1924,1924,1926,1926,1
1927,E0,shared,0,220,read,1925,1925,1925,1927,1927,1
1927,E1,shared,0,208,read,1925,1925,1925,1927,1927,1
1930,E0,shared,0,164,read,1928,1928,1928,1930,1930,1
1930,E1,shared,0,28,read,1928,1928,1928,1930,1930,1
1931,E0,shared,3,139,read,1929,1929,1929,1931,1931,1
1932,E0,shared,0,44,read,1930,1930,1930,1932,1932,1
1932,E1,shared,0,232,read,1930,1930,1930,1932,1932,1
1933,E0,shared,3,247,read,1931,1931,1931,1933,1933,1
1933,E1,shared,2,174,read,1931,1931,1931,1933,1933,1
1934,E0,shared,3,179,read,1932,1932,1932,1934,1934,1
1934,E1,shared,2,74,read,1932,1932,1932,1934,1934,1
1935,E0,shared,0,116,read,1933,1933,1933,1935,1935,1
1935,E1,shared,3,67,read,1933,1933,1933,1935,1935,1
1936,E0,shared,1,77,read,1934,1934,1934,1936,1936,1
1937,E0,shared,0,96,read,1935,1935,1935,1937,1937,1
1937,E1,shared,0,16,read,1935,1935,1935,1937,1937,1
1938,E0,shared,0,220,read,1936,1936,1936,1938,1938,1
1938,E1,shared,3,63,read,1936,1936,1936,1938,1938,1
1939,E1,shared,3,171,read,1937,1937,1937,1939,1939,1
1941,E1,shared,1,5,read,1939,1939,1939,1941,1941,1
1942,E0,shared,2,22,read,1940,1940,1940,1942,1942,1
1942,E1,shared,2,22,read,1940,1940,1940,1942,1942,1
1943,E0,shared,0,20,read,1941,1941,1941,1943,1943,1
1944,E0,shared,0,16,read,1942,1942,1942,1944,1944,1
1944,E1,shared,0,16,read,1942,1942,1942,1944,1944,1
1945,E0,shared,1,209,read,1943,1943,1943,1945,1945,1
1946,E0,shared,1,33,read,1944,1944,1944,1946,1946,1
1947,E1,shared,2,226,read,1945,1945,1945,1947,1947,1
1948,E0,shared,3,79,read,1946,1946,1946,1948,1948,1
1948,E1,shared,0,244,read,1946,1946,1946,1948,1948,1
1949,E0,shared,0,164,read,1947,1947,1947,1949,1949,1
1949,E1,shared,0,164,read,1947,1947,1947,1949,1949,1
1950,E0,shared,0,84,read,1948,1948,1948,1950,1950,1
1951,E0,shared,1,173,read,1949,1949,1949,1951,1951,1
1951,E1,shared,1,25,read,1949,1949,1949,1951,1951,1
1952,E0,shared,2,138,read,1950,1950,1950,1952,1952,1
1953,E0,shared,0,32,read,1951,1951,1951,1953,1953,1
1953,E1,shared,3,223,read,1951,1951,1951,1953,1953,1
1954,E0,shared,2,166,read,1952,1952,1952,1954,1954,1
1954,E1,shared,2,238,read,1952,1952,1952,1954,1954,1
1955,E0,shared,0,160,read,1953,1953,1953,1955,1955,1
1955,E1,shared,0,148,read,1953,1953,1953,1955,1955,1
1956,E0,shared,2,238,read,1954,1954,1954,1956,1956,1
1957,E0,shared,0,120,read,1955,1955,1955,1957,1957,1
1957,E1,shared,0,36,read,1955,1955,1955,1957,1957,1
1958,E0,shared,1,197,read,1956,1956,1956,1958,1958,1
1958,E1,shared,1,29,read,1956,1956,1956,1958,1958,1
1959,E0,shared,3,143,read,1957,1957,1957,1959,1959,1
1959,E1,shared,3,83,read,1957,1957,1957,1959,1959,1
1960,E0,shared,3,19,read,1958,1958,1958,1960,1960,1
1960,E1,shared,3,139,read,1958,1958,1958,1960,1960,1
1961,E0,shared,2,74,read,1959,1959,1959,1961,1961,1
1961,E1,shared,2,158,read,1959,1959,1959,1961,1961,1
1962,E0,shared,2,46,read,1960,1960,1960,1962,1962,1
1962,E1,shared,2,130,read,1960,1960,1960,1962,1962,1
1963,E1,shared,2,50,read,1961,1961,1961,1963,1963,1
1964,E0,shared,0,200,read,1962,1962,1962,1964,1964,1
1964,E1,shared,2,30,read,1962,1962,1962,1964,1964,1
1965,E0,shared,2,186,read,1963,1963,1963,1965,1965,1
1965,E1,shared,2,10,read,1963,1963,1963,1965,1965,1
1966,E1,shared,0,24,read,1964,1964,1964,1966,1966,1
1967,E0,shared,2,110,read,1965,1965,1965,1967,1967,1
1967,E1,shared,2,110,read,1965,1965,1965,1967,1967,1
1968,E0,shared,0,148,read,1966,1966,1966,1968,1968,1
1968,E1,shared,0,212,read,1966,1966,1966,1968,1968,1
1969,E0,shared,2,110,read,1967,1967,1967,1969,1969,1
1969,E1,shared,3,103,read,1967,1967,1967,1969,1969,1
1970,E0,shared,2,214,read,1968,1968,1968,1970,1970,1
1970,E1,shared,1,237,read,1968,1968,1968,1970,1970,1
1971,E0,shared,0,252,read,1969,1969,1969,1971,1971,1
1971,E1,shared,0,192,read,1969,1969,1969,1971,1971,1
1972,E1,shared,1,217,read,1970,1970,1970,1972,1972,1
1973,E1,shared,1,13,read,1971,1971,1971,1973,1973,1
1974,E0,shared,1,153,read,1972,1972,1972,1974,1974,1
1974,E1,shared,1,73,read,1972,1972,1972,1974,1974,1
1975,E0,shared,1,201,read,1973,1973,1973,1975,1975,1
1975,E1,shared,1,229,read,1973,1973,1973,1975,1975,1
1976,E0,shared,3,47,read,1974,1974,1974,1976,1976,1
1977,E0,shared,3,179,read,1975,1975,1975,1977,1977,1
1977,E1,shared,3,127,read,1975,1975,1975,1977,1977,1
1978,E1,shared,1,105,read,1976,1976,1976,1978,1978,1
1979,E0,shared,2,162,read,1977,1977,1977,1979,1979,1
1979,E1,shared,2,22,read,1977,1977,1977,1979,1979,1
1980,E0,shared,1,197,read,1978,1978,1978,1980,1980,1
1980,E1,shared,1,197,read,1978,1978,1978,1980,1980,1
1981,E1,shared,1,49,read,1979,1979,1979,1981,1981,1
1982,E0,shared,1,29,read,1980,1980,1980,1982,1982,1
1982,E1,shared,1,141,read,1980,1980,1980,1982,1982,1
1983,E0,shared,1,33,read,1981,1981,1981,1983,1983,1
1983,E1,shared,1,45,read,1981,1981,1981,1983,1983,1
1984,E0,shared,1,209,read,1982,1982,1982,1984,1984,1
1984,E1,shared,1,169,read,1982,1982,1982,1984,1984,1
1985,E0,shared,3,247,read,1983,1983,1983,1985,1985,1
1985,E1,shared,3,215,read,1983,1983,1983,1985,1985,1
1986,E0,shared,3,199,read,1984,1984,1984,1986,1986,1
1986,E1,shared,3,39,read,1984,1984,1984,1986,1986,1
1987,E0,shared,0,24,read,1985,1985,1985,1987,1987,1
1987,E1,shared,3,183,read,1985,1985,1985,1987,1987,1
1988,E0,shared,1,121,read,1986,1986,1986,1988,1988,1
1988,E1,shared,1,5,read,1986,1986,1986,1988,1988,1
1989,E0,shared,2,138,read,1987,1987,1987,1989,1989,1
1989,E1,shared,0,96,read,1987,1987,1987,1989,1989,1
1990,E0,shared,2,234,read,1988,1988,1988,1990,1990,1
1990,E1,shared,2,250,read,1988,1988,1988,1990,1990,1
1991,E0,shared,3,111,read,1989,1989,1989,1991,1991,1
1991,E1,shared,3,111,read,1989,1989,1989,1991,1991,1
1992,E1,shared,3,87,read,1990,1990,1990,1992,1992,1
1993,E1,shared,1,133,read,1991,1991,1991,1993,1993,1
1994,E1,shared,2,54,read,1992,1992,1992,1994,1994,1
1995,E0,shared,2,234,read,1993,1993,1993,1995,1995,1
1995,E1,shared,2,234,read,1993,1993,1993,1995,1995,1
1996,E0,shared,2,210,read,1994,1994,1994,1996,1996,1
1996,E1,shared,2,130,read,1994,1994,1994,1996,1996,1
1997,E0,shared,1,17,read,1995,1995,1995,1997,1997,1
1997,E1,shared,1,245,read,1995,1995,1995,1997,1997,1
1998,E1,shared,0,92,read,1996,1996,1996,1998,1998,1
1999,E0,shared,1,177,read,1997,1997,1997,1999,1999,1
1999,E1,shared,1,13,read,1997,1997,1997,1999,1999,1
2000,E0,shared,3,75,read,1998,1998,1998,2000,2000,1
2001,E0,shared,0,160,read,1999,1999,1999,2001,2001,1
2001,E1,shared,2,178,read,1999,1999,1999,2001,2001,1
2002,E0,shared,1,81,read,2000,2000,2000,2002,2002,1
2002,E1,shared,0,112,read,2000,2000,2000,2002,2002,1
2003,E0,shared,2,98,read,2001,2001,2001,2003,2003,1
2003,E1,shared,2,50,read,2001,2001,2001,2003,2003,1
2004,E1,shared,2,194,read,2002,2002,2002,2004,2004,1
2005,E0,shared,1,157,read,2003,2003,2003,2005,2005,1
2005,E1,shared,1,65,read,2003,2003,2003,2005,2005,1
2006,E0,shared,3,167,read,2004,2004,2004,2006,2006,1
2006,E1,shared,0,60,read,2004,2004,2004,2006,2006,1
2007,E0,shared,2,202,read,2005,2005,2005,2007,2007,1
2007,E1,shared,2,138,read,2005,2005,2005,2007,2007,1
2008,E0,shared,3,55,read,2006,2006,2006,2008,2008,1
2008,E1,shared,3,19,read,2006,2006,2006,2008,2008,1
2009,E0,shared,3,211,read,2007,2007,2007,2009,2009,1
2009,E1,shared,3,219,read,2007,2007,2007,2009,2009,1
2010,E0,shared,0,200,read,2008,2008,2008,2010,2010,1
2010,E1,shared,0,200,read,2008,2008,2008,2010,2010,1
2011,E0,shared,2,150,read,2009,2009,2009,2011,2011,1
2011,E1,shared,2,186,read,2009,2009,2009,2011,2011,1
2012,E1,shared,2,134,read,2010,2010,2010,2012,2012,1
2013,E1,shared,1,157,read,2011,2011,2011,2013,2013,1
2014,E0,shared,1,49,read,2012,2012,2012,2014,2014,1
2014,E1,shared,1,109,read,2012,2012,2012,2014,2014,1
2015,E1,shared,1,173,read,2013,2013,2013,2015,2015,1
2016,E0,shared,1,233,read,2014,2014,2014,2016,2016,1
2016,E1,shared,3,151,read,2014,2014,2014,2016,2016,1
2017,E0,shared,3,3,read,2015,2015,2015,2017,2017,1
2017,E1,shared,1,45,read,2015,2015,2015,2017,2017,1
2018,E1,shared,2,186,read,2016,2016,2016,2018,2018,1
2019,E0,shared,1,85,read,2017,2017,2017,2019,2019,1
2019,E1,shared,1,113,read,2017,2017,2017,2019,2019,1
2020,E0,shared,2,90,read,2018,2018,2018,2020,2020,1
2020,E1,shared,2,250,read,2018,2018,2018,2020,2020,1
2021,E0,shared,0,128,read,2019,2019,2019,2021,2021,1
2022,E0,shared,1,133,read,2020,2020,2020,2022,2022,1
2022,E1,shared,1,81,read,2020,2020,2020,2022,2022,1
2023,E0,shared,1,217,read,2021,2021,2021,2023,2023,1
2024,E1,shared,3,163,read,2022,2022,2022,2024,2024,1
2025,E0,shared,1,221,read,2023,2023,2023,2025,2025,1
2025,E1,shared,1,221,read,2023,2023,2023,2025,2025,1
2026,E0,shared,0,56,read,2024,2024,2024,2026,2026,1
2026,E1,shared,0,56,read,2024,2024,2024,2026,2026,1
2027,E0,shared,1,205,read,2025,2025,2025,2027,2027,1
2027,E1,shared,2,82,read,2025,2025,2025,2027,2027,1
2028,E0,shared,3,227,read,2026,2026,2026,2028,2028,1
2028,E1,shared,3,167,read,2026,2026,2026,2028,2028,1
2029,E0,shared,1,201,read,2027,2027,2027,2029,2029,1
2029,E1,shared,1,181,read,2027,2027,2027,2029,2029,1
2030,E0,shared,1,101,read,2028,2028,2028,2030,2030,1
2030,E1,shared,1,193,read,2028,2028,2028,2030,2030,1
2031,E0,shared,2,22,read,2029,2029,2029,2031,2031,1
2032,E0,shared,0,116,read,2030,2030,2030,2032,2032,1
2032,E1,shared,0,104,read,2030,2030,2030,2032,2032,1
2033,E0,shared,0,204,read,2031,2031,2031,2033,2033,1
2033,E1,shared,0,124,read,2031,2031,2031,2033,2033,1
2034,E0,shared,0,188,read,2032,2032,2032,2034,2034,1
2035,E0,shared,3,251,read,2033,2033,2033,2035,2035,1
2036,E0,shared,3,183,read,2034,2034,2034,2036,2036,1
2036,E1,shared,3,231,read,2034,2034,2034,2036,2036,1
2037,E0,shared,3,211,read,2035,2035,2035,2037,2037,1
2037,E1,shared,1,253,read,2035,2035,2035,2037,2037,1
2038,E1,shared,3,63,read,2036,2036,2036,2038,2038,1
2039,E0,shared,3,199,read,2037,2037,2037,2039,2039,1
2039,E1,shared,3,175,read,2037,2037,2037,2039,2039,1
2040,E0,shared,1,233,read,2038,2038,2038,2040,2040,1
2040,E1,shared,1,233,read,2038,2038,2038,2040,2040,1
2041,E0,shared,2,226,read,2039,2039,2039,2041,2041,1
2041,E1,shared,2,238,read,2039,2039,2039,2041,2041,1
2042,E1,shared,3,239,read,2040,2040,2040,2042,2042,1
2043,E0,shared,3,167,read,2041,2041,2041,2043,2043,1
2043,E1,shared,3,211,read,2041,2041,2041,2043,2043,1
2044,E1,shared,3,131,read,2042,2042,2042,2044,2044,1
2045,E0,shared,0,88,read,2043,2043,2043,2045,2045,1
2045,E1,shared,1,133,read,2043,2043,2043,2045,2045,1
2046,E0,shared,2,58,read,2044,2044,2044,2046,2046,1
2047,E0,shared,1,137,read,2045,2045,2045,2047,2047,1
2047,E1,shared,0,12,read,2045,2045,2045,2047,2047,1
2048,E0,shared,2,102,read,2046,2046,2046,2048,2048,1
2048,E1,shared,2,118,read,2046,2046,2046,2048,2048,1
2049,E0,shared,1,105,read,2047,2047,2047,2049,2049,1
2050,E0,shared,3,175,read,2048,2048,2048,2050,2050,1
2050,E1,shared,0,176,read,2048,2048,2048,2050,2050,1
2051,E0,shared,3,123,read,2049,2049,2049,2051,2051,1
2051,E1,shared,3,175,read,2049,2049,2049,2051,2051,1
2052,E0,shared,1,201,read,2050,2050,2050,2052,2052,1
2052,E1,shared,1,141,read,2050,2050,2050,2052,2052,1
2053,E0,shared,2,22,read,2051,2051,2051,2053,2053,1
2053,E1,shared,1,41,read,2051,2051,2051,2053,2053,1
2054,E0,shared,3,63,read,2052,2052,2052,2054,2054,1
2055,E0,shared,2,110,read,2053,2053,2053,2055,2055,1
2055,E1,shared,2,110,read,2053,2053,2053,2055,2055,1
2056,E1,shared,1,209,read,2054,2054,2054,2056,2056,1
2057,E0,shared,3,155,read,2055,2055,2055,2057,2057,1
2057,E1,shared,2,254,read,2055,2055,2055,2057,2057,1
2058,E0,shared,3,75,read,2056,2056,2056,2058,2058,1
2058,E1,shared,3,75,read,2056,2056,2056,2058,2058,1
2059,E1,shared,2,58,read,2057,2057,2057,2059,2059,1
2060,E0,shared,0,48,read,2058,2058,2058,2060,2060,1
2060,E1,shared,0,120,read,2058,2058,2058,2060,2060,1
2061,E0,shared,1,165,read,2059,2059,2059,2061,2061,1
2061,E1,shared,0,244,read,2059,2059,2059,2061,2061,1
2062,E0,shared,0,248,read,2060,2060,2060,2062,2062,1
2062,E1,shared,2,14,read,2060,2060,2060,2062,2062,1
2063,E0,shared,0,48,read,2061,2061,2061,2063,2063,1
2063,E1,shared,2,74,read,2061,2061,2061,2063,2063,1
2064,E0,shared,1,125,read,2062,2062,2062,2064,2064,1
2064,E1,shared,1,125,read,2062,2062,2062,2064,2064,1
2065,E0,shared,0,184,read,2063,2063,2063,2065,2065,1
2066,E0,shared,1,41,read,2064,2064,2064,2066,2066,1
2066,E1,shared,1,217,read,2064,2064,2064,2066,2066,1
2067,E0,shared,2,170,read,2065,2065,2065,2067,2067,1
2068,E0,shared,0,136,read,2066,2066,2066,2068,2068,1
2068,E1,shared,0,32,read,2066,2066,2066,2068,2068,1
2069,E0,shared,1,45,read,2067,2067,2067,2069,2069,1
2070,E0,shared,3,123,read,2068,2068,2068,2070,2070,1
2070,E1,shared,3,123,read,2068,2068,2068,2070,2070,1
2071,E0,shared,0,100,read,2069,2069,2069,2071,2071,1
2071,E1,shared,0,244,read,2069,2069,2069,2071,2071,1
2072,E0,shared,3,95,read,2070,2070,2070,2072,2072,1
2073,E0,shared,3,123,read,2071,2071,2071,2073,2073,1
2073,E1,shared,0,108,read,2071,2071,2071,2073,2073,1
2074,E0,shared,0,8,read,2072,2072,2072,2074,2074,1
2074,E1,shared,0,72,read,2072,2072,2072,2074,2074,1
2075,E0,shared,0,28,read,2073,2073,2073,2075,2075,1
2075,E1,shared,0,108,read,2073,2073,2073,2075,2075,1
2076,E0,shared,2,202,read,2074,2074,2074,2076,2076,1
2077,E0,shared,3,71,read,2075,2075,2075,2077,2077,1
2077,E1,shared,3,71,read,2075,2075,2075,2077,2077,1
2078,E0,shared,1,125,read,2076,2076,2076,2078,2078,1
2078,E1,shared,0,176,read,2076,2076,2076,2078,2078,1
2079,E0,shared,1,21,read,2077,2077,2077,2079,2079,1
2080,E0,shared,0,156,read,2078,2078,2078,2080,2080,1
2080,E1,shared,3,203,read,2078,2078,2078,2080,2080,1
2081,E0,shared,3,7,read,2079,2079,2079,2081,2081,1
2081,E1,shared,3,167,read,2079,2079,2079,2081,2081,1
2082,E0,shared,1,253,read,2080,2080,2080,2082,2082,1
2082,E1,shared,1,253,read,2080,2080,2080,2082,2082,1
2083,E1,shared,1,85,read,2081,2081,2081,2083,2083,1
2084,E0,shared,1,133,read,2082,2082,2082,2084,2084,1
2084,E1,shared,1,105,read,2082,2082,2082,2084,2084,1
2085,E0,shared,1,225,read,2083,2083,2083,2085,2085,1
2085,E1,shared,0,60,read,2083,2083,2083,2085,2085,1
2086,E0,shared,3,175,read,2084,2084,2084,2086,2086,1
2086,E1,shared,3,175,read,2084,2084,2084,2086,2086,1
2088,E0,shared,2,226,read,2086,2086,2086,2088,2088,1
2088,E1,shared,2,30,read,2086,2086,2086,2088,2088,1
2089,E1,shared,2,182,read,2087,2087,2087,2089,2089,1
2090,E0,shared,0,208,read,2088,2088,2088,2090,2090,1
2090,E1,shared,3,223,read,2088,2088,2088,2090,2090,1
2091,E0,shared,0,180,read,2089,2089,2089,2091,2091,1
2091,E1,shared,2,254,read,2089,2089,2089,2091,2091,1
2092,E0,shared,1,165,read,2090,2090,2090,2092,2092,1
2092,E1,shared,1,189,read,2090,2090,2090,2092,2092,1
2093,E0,shared,1,189,read,2091,2091,2091,2093,2093,1
2093,E1,shared,1,93,read,2091,2091,2091,2093,2093,1
2095,E0,shared,0,124,read,2093,2093,2093,2095,2095,1
2095,E1,shared,3,119,read,2093,2093,2093,2095,2095,1
2096,E0,shared,0,236,read,2094,2094,2094,2096,2096,1
2096,E1,shared,2,110,read,2094,2094,2094,2096,2096,1
2097,E0,shared,1,105,read,2095,2095,2095,2097,2097,1
2097,E1,shared,3,195,read,2095,2095,2095,2097,2097,1
2098,E0,shared,3,115,read,2096,2096,2096,2098,2098,1
2098,E1,shared,3,243,read,2096,2096,2096,2098,2098,1
2099,E0,shared,3,175,read,2097,2097,2097,2099,2099,1
2099,E1,shared,3,131,read,2097,2097,2097,2099,2099,1
2100,E0,shared,1,213,read,2098,2098,2098,2100,2100,1
2101,E0,shared,1,233,read,2099,2099,2099,2101,2101,1
2101,E1,shared,2,106,read,2099,2099,2099,2101,2101,1
2102,E0,shared,3,219,read,2100,2100,2100,2102,2102,1
2103,E0,shared,3,123,read,2101,2101,2101,2103,2103,1
2103,E1,shared,3,123,read,2101,2101,2101,2103,2103,1
2104,E0,shared,3,59,read,2102,2102,2102,2104,2104,1
2104,E1,shared,3,47,read,2102,2102,2102,2104,2104,1
2105,E0,shared,0,72,read,2103,2103,2103,2105,2105,1
2105,E1,shared,0,248,read,2103,2103,2103,2105,2105,1
2106,E0,shared,3,119,read,2104,2104,2104,2106,2106,1
2106,E1,shared,3,19,read,2104,2104,2104,2106,2106,1
2107,E0,shared,3,91,read,2105,2105,2105,2107,2107,1
2107,E1,shared,3,91,read,2105,2105,2105,2107,2107,1
2108,E0,shared,0,60,read,2106,2106,2106,2108,2108,1
2108,E1,shared,0,60,read,2106,2106,2106,2108,2108,1
2109,E0,shared,1,45,read,2107,2107,2107,2109,2109,1
2109,E1,shared,3,247,read,2107,2107,2107,2109,2109,1
2110,E0,shared,3,91,read,2108,2108,2108,2110,2110,1
2110,E1,shared,3,91,read,2108,2108,2108,2110,2110,1
2111,E1,shared,1,249,read,2109,2109,2109,2111,2111,1
2112,E0,shared,1,81,read,2110,2110,2110,2112,2112,1
2112,E1,shared,1,249,read,2110,2110,2110,2112,2112,1
2114,E0,shared,0,56,read,2112,2112,2112,2114,2114,1
2116,E0,shared,3,131,read,2114,2114,2114,2116,2116,1
2116,E1,shared,1,9,read,2114,2114,2114,2116,2116,1
2118,E1,shared,2,122,read,2116,2116,2116,2118,2118,1
2119,E0,shared,1,217,read,2117,2117,2117,2119,2119,1
2119,E1,shared,2,70,read,2117,2117,2117,2119,2119,1
2120,E0,shared,1,101,read,2118,2118,2118,2120,2120,1
2120,E1,shared,1,121,read,2118,2118,2118,2120,2120,1
2121,E0,shared,0,236,read,2119,2119,2119,2121,2121,1
2121,E1,shared,0,236,read,2119,2119,2119,2121,2121,1
2122,E1,shared,3,103,read,2120,2120,2120,2122,2122,1
2123,E0,shared,2,158,read,2121,2121,2121,2123,2123,1
2123,E1,shared,1,105,read,2121,2121,2121,2123,2123,1
2124,E0,shared,2,190,read,2122,2122,2122,2124,2124,1
2124,E1,shared,2,18,read,2122,2122,2122,2124,2124,1
2125,E0,shared,3,195,read,2123,2123,2123,2125,2125,1
2125,E1,shared,3,195,read,2123,2123,2123,2125,2125,1
2126,E0,shared,0,208,read,2124,2124,2124,2126,2126,1
2126,E1,shared,0,20,read,2124,2124,2124,2126,2126,1
2127,E0,shared,0,168,read,2125,2125,2125,2127,2127,1
2128,E0,shared,2,74,read,2126,2126,2126,2128,2128,1
2128,E1,shared,2,134,read,2126,2126,2126,2128,2128,1
2129,E0,shared,1,73,read,2127,2127,2127,2129,2129,1
2129,E1,shared,1,81,read,2127,2127,2127,2129,2129,1
2130,E0,shared,1,237,read,2128,2128,2128,2130,2130,1
2130,E1,shared,3,95,read,2128,2128,2128,2130,2130,1
2131,E0,shared,1,29,read,2129,2129,2129,2131,2131,1
2131,E1,shared,1,117,read,2129,2129,2129,2131,2131,1
2132,E0,shared,2,234,read,2130,2130,2130,2132,2132,1
2132,E1,shared,3,15,read,2130,2130,2130,2132,2132,1
2133,E1,shared,0,128,read,2131,2131,2131,2133,2133,1
2134,E0,shared,0,244,read,2132,2132,2132,2134,2134,1
2134,E1,shared,0,244,read,2132,2132,2132,2134,2134,1
2135,E0,shared,3,191,read,2133,2133,2133,2135,2135,1
2135,E1,shared,3,143,read,2133,2133,2133,2135,2135,1
2136,E0,shared,2,78,read,2134,2134,2134,2136,2136,1
2136,E1,shared,1,61,read,2134,2134,2134,2136,2136,1
2137,E0,shared,3,195,read,2135,2135,2135,2137,2137,1
2137,E1,shared,3,55,read,2135,2135,2135,2137,2137,1
2138,E0,shared,0,196,read,2136,2136,2136,2138,2138,1
2138,E1,shared,0,216,read,2136,2136,2136,2138,2138,1
2139,E0,shared,3,235,read,2137,2137,2137,2139,2139,1
2139,E1,shared,2,194,read,2137,2137,2137,2139,2139,1
2140,E0,shared,3,107,read,2138,2138,2138,2140,2140,1
2140,E1,shared,2,6,read,2138,2138,2138,2140,2140,1
2141,E0,shared,0,0,read,2139,2139,2139,2141,2141,1
2141,E1,shared,1,193,read,2139,2139,2139,2141,2141,1
2142,E0,shared,2,254,read,2140,2140,2140,2142,2142,1
2142,E1,shared,2,158,read,2140,2140,2140,2142,2142,1
2143,E0,shared,0,216,read,2141,2141,2141,2143,2143,1
2143,E1,shared,2,114,read,2141,2141,2141,2143,2143,1
2144,E0,shared,0,4,read,2142,2142,2142,2144,2144,1
2145,E0,shared,0,248,read,2143,2143,2143,2145,2145,1
2146,E0,shared,3,119,read,2144,2144,2144,2146,2146,1
2146,E1,shared,3,119,read,2144,2144,2144,2146,2146,1
2147,E1,shared,0,164,read,2145,2145,2145,2147,2147,1
2148,E0,shared,0,160,read,2146,2146,2146,2148,2148,1
2148,E1,shared,0,160,read,2146,2146,2146,2148,2148,1
2149,E1,shared,1,25,read,2147,2147,2147,2149,2149,1
2150,E1,shared,2,42,read,2148,2148,2148,2150,2150,1
2151,E0,shared,2,10,read,2149,2149,2149,2151,2151,1
2151,E1,shared,2,186,read,2149,2149,2149,2151,2151,1
2152,E0,shared,3,83,read,2150,2150,2150,2152,2152,1
2152,E1,shared,3,91,read,2150,2150,2150,2152,2152,1
2153,E0,shared,2,26,read,2151,2151,2151,2153,2153,1
2153,E1,shared,2,174,read,2151,2151,2151,2153,2153,1
2154,E0,shared,0,156,read,2152,2152,2152,2154,2154,1
2154,E1,shared,0,16,read,2152,2152,2152,2154,2154,1
2155,E0,shared,0,164,read,2153,2153,2153,2155,2155,1
2155,E1,shared,0,60,read,2153,2153,2153,2155,2155,1
2156,E0,shared,2,78,read,2154,2154,2154,2156,2156,1
2156,E1,shared,2,230,read,2154,2154,2154,2156,2156,1
2157,E0,shared,1,125,read,2155,2155,2155,2157,2157,1
2158,E0,shared,0,44,read,2156,2156,2156,2158,2158,1
2158,E1,shared,0,212,read,2156,2156,2156,2158,2158,1
2159,E0,shared,1,213,read,2157,2157,2157,2159,2159,1
2159,E1,shared,0,32,read,2157,2157,2157,2159,2159,1
2160,E0,shared,0,16,read,2158,2158,2158,2160,2160,1
2161,E0,shared,0,168,read,2159,2159,2159,2161,2161,1
2162,E0,shared,3,135,read,2160,2160,2160,2162,2162,1
2162,E1,shared,0,220,read,2160,2160,2160,2162,2162,1
2163,E1,shared,1,201,read,2161,2161,2161,2163,2163,1
2164,E1,shared,3,255,read,2162,2162,2162,2164,2164,1
2165,E0,shared,0,228,read,2163,2163,2163,2165,2165,1
2165,E1,shared,3,243,read,2163,2163,2163,2165,2165,1
2166,E0,shared,3,11,read,2164,2164,2164,2166,2166,1
2166,E1,shared,1,253,read,2164,2164,2164,2166,2166,1
2167,E0,shared,1,85,read,2165,2165,2165,2167,2167,1
2169,E0,shared,2,190,read,2167,2167,2167,2169,2169,1
2170,E0,shared,3,95,read,2168,2168,2168,2170,2170,1
2170,E1,shared,1,145,read,2168,2168,2168,2170,2170,1
2171,E0,shared,3,155,read,2169,2169,2169,2171,2171,1
2171,E1,shared,1,49,read,2169,2169,2169,2171,2171,1
2172,E0,shared,0,128,read,2170,2170,2170,2172,2172,1
2172,E1,shared,1,141,read,2170,2170,2170,2172,2172,1
2173,E0,shared,0,140,read,2171,2171,2171,2173,2173,1
2173,E1,shared,0,48,read,2171,2171,2171,2173,2173,1
2174,E0,shared,0,12,read,2172,2172,2172,2174,2174,1
2174,E1,shared,0,216,read,2172,2172,2172,2174,2174,1
2175,E0,shared,1,57,read,2173,2173,2173,2175,2175,1
2176,E0,shared,2,222,read,2174,2174,2174,2176,2176,1
2176,E1,shared,2,222,read,2174,2174,2174,2176,2176,1
2177,E0,shared,3,227,read,2175,2175,2175,2177,2177,1
2177,E1,shared,2,122,read,2175,2175,2175,2177,2177,1
2178,E0,shared,1,89,read,2176,2176,2176,2178,2178,1
2178,E1,shared,1,21,read,2176,2176,2176,2178,2178,1
2179,E1,shared,1,169,read,2177,2177,2177,2179,2179,1
2180,E0,shared,3,247,read,2178,2178,2178,2180,2180,1
2180,E1,shared,3,159,read,2178,2178,2178,2180,2180,1
2181,E0,shared,1,121,read,2179,2179,2179,2181,2181,1
2181,E1,shared,1,249,read,2179,2179,2179,2181,2181,1
2182,E0,shared,1,245,read,2180,2180,2180,2182,2182,1
2182,E1,shared,3,155,read,2180,2180,2180,2182,2182,1
2183,E0,shared,2,186,read,2181,2181,2181,2183,2183,1
2183,E1,shared,2,186,read,2181,2181,2181,2183,2183,1
2184,E0,shared,3,171,read,2182,2182,2182,2184,2184,1
2184,E1,shared,0,132,read,2182,2182,2182,2184,2184,1
2185,E0,shared,2,174,read,2183,2183,2183,2185,2185,1
2185,E1,shared,2,174,read,2183,2183,2183,2185,2185,1
2186,E0,shared,0,212,read,2184,2184,2184,2186,2186,1
2186,E1,shared,0,212,read,2184,2184,2184,2186,2186,1
2187,E0,shared,2,174,read,2185,2185,2185,2187,2187,1
2187,E1,shared,2,174,read,2185,2185,2185,2187,2187,1
2188,E0,shared,0,96,read,2186,2186,2186,2188,2188,1
2189,E0,shared,2,86,read,2187,2187,2187,2189,2189,1
2189,E1,shared,2,170,read,2187,2187,2187,2189,2189,1
2190,E0,shared,2,86,read,2188,2188,2188,2190,2190,1
2191,E0,shared,3,227,read,2189,2189,2189,2191,2191,1
2191,E1,shared,3,47,read,2189,2189,2189,2191,2191,1
2192,E1,shared,0,72,read,2190,2190,2190,2192,2192,1
2193,E0,shared,0,36,read,2191,2191,2191,2193,2193,1
2193,E1,shared,1,217,read,2191,2191,2191,2193,2193,1
2194,E0,shared,0,0,read,2192,2192,2192,2194,2194,1
2195,E0,shared,3,191,read,2193,2193,2193,2195,2195,1
2195,E1,shared,0,204,read,2193,2193,2193,2195,2195,1
2196,E0,shared,3,243,read,2194,2194,2194,2196,2196,1
2196,E1,shared,3,27,read,2194,2194,2194,2196,2196,1
2197,E0,shared,0,104,read,2195,2195,2195,2197,2197,1
2197,E1,shared,1,225,read,2195,2195,2195,2197,2197,1
2198,E1,shared,0,128,read,2196,2196,2196,2198,2198,1
2199,E0,shared,3,119,read,2197,2197,2197,2199,2199,1
2199,E1,shared,3,119,read,2197,2197,2197,2199,2199,1
2200,E0,shared,0,196,read,2198,2198,2198,2200,2200,1
2200,E1,shared,0,124,read,2198,2198,2198,2200,2200,1
2201,E0,shared,3,199,read,2199,2199,2199,2201,2201,1
2201,E1,shared,3,15,read,2199,2199,2199,2201,2201,1
2202,E0,shared,1,101,read,2200,2200,2200,2202,2202,1
2203,E0,shared,0,112,read,2201,2201,2201,2203,2203,1
2203,E1,shared,0,180,read,2201,2201,2201,2203,2203,1
2204,E0,shared,3,123,read,2202,2202,2202,2204,2204,1
2204,E1,shared,3,111,read,2202,2202,2202,2204,2204,1
2205,E1,shared,3,151,read,2203,2203,2203,2205,2205,1
2206,E0,shared,2,206,read,2204,2204,2204,2206,2206,1
2206,E1,shared,0,148,read,2204,2204,2204,2206,2206,1
2207,E0,shared,1,89,read,2205,2205,2205,2207,2207,1
2207,E1,shared,1,153,read,2205,2205,2205,2207,2207,1
2208,E1,shared,2,238,read,2206,2206,2206,2208,2208,1
2209,E0,shared,1,45,read,2207,2207,2207,2209,2209,1
2210,E0,shared,3,99,read,2208,2208,2208,2210,2210,1
2210,E1,shared,3,3,read,2208,2208,2208,2210,2210,1
2211,E1,shared,1,177,read,2209,2209,2209,2211,2211,1
2212,E1,shared,1,205,read,2210,2210,2210,2212,2212,1
2213,E0,shared,1,9,read,2211,2211,2211,2213,2213,1
2213,E1,shared,1,201,read,2211,2211,2211,2213,2213,1
2214,E0,shared,1,225,read,2212,2212,2212,2214,2214,1
2214,E1,shared,1,225,read,2212,2212,2212,2214,2214,1
2215,E0,shared,1,217,read,2213,2213,2213,2215,2215,1
2215,E1,shared,1,21,read,2213,2213,2213,2215,2215,1
2216,E0,shared,0,132,read,2214,2214,2214,2216,2216,1
2217,E1,shared,3,27,read,2215,2215,2215,2217,2217,1
2218,E0,shared,0,0,read,2216,2216,2216,2218,2218,1
2219,E0,shared,0,20,read,2217,2217,2217,2219,2219,1
2219,E1,shared,0,140,read,2217,2217,2217,2219,2219,1
2220,E0,shared,1,21,read,2218,2218,2218,2220,2220,1
2220,E1,shared,2,34,read,2218,2218,2218,2220,2220,1
2221,E0,shared,0,196,read,2219,2219,2219,2221,2221,1
2221,E1,shared,0,0,read,2219,2219,2219,2221,2221,1
2222,E0,shared,0,32,read,2220,2220,2220,2222,2222,1
2222,E1,shared,0,136,read,2220,2220,2220,2222,2222,1
2223,E0,shared,0,52,read,2221,2221,2221,2223,2223,1
2223,E1,shared,0,172,read,2221,2221,2221,2223,2223,1
2224,E0,shared,3,219,read,2222,2222,2222,2224,2224,1
2224,E1,shared,1,149,read,2222,2222,2222,2224,2224,1
2225,E0,shared,1,145,read,2223,2223,2223,2225,2225,1
2225,E1,shared,1,185,read,2223,2223,2223,2225,2225,1
2226,E0,shared,2,130,read,2224,2224,2224,2226,2226,1
2226,E1,shared,2,198,read,2224,2224,2224,2226,2226,1
2227,E1,shared,1,17,read,2225,2225,2225,2227,2227,1
2228,E1,shared,2,174,read,2226,2226,2226,2228,2228,1
2229,E0,shared,3,79,read,2227,2227,2227,2229,2229,1
2229,E1,shared,3,151,read,2227,2227,2227,2229,2229,1
2230,E0,shared,2,54,read,2228,2228,2228,2230,2230,1
2230,E1,shared,2,238,read,2228,2228,2228,2230,2230,1
2231,E0,shared,2,134,read,2229,2229,2229,2231,2231,1
2231,E1,shared,2,122,read,2229,2229,2229,2231,2231,1
2232,E1,shared,2,246,read,2230,2230,2230,2232,2232,1
2233,E0,shared,0,104,read,2231,2231,2231,2233,2233,1
2233,E1,shared,0,104,read,2231,2231,2231,2233,2233,1
2234,E0,shared,0,52,read,2232,2232,2232,2234,2234,1
2234,E1,shared,0,80,read,2232,2232,2232,2234,2234,1
2235,E0,shared,2,242,read,2233,2233,2233,2235,2235,1
2235,E1,shared,2,242,read,2233,2233,2233,2235,2235,1
2236,E0,shared,3,139,read,2234,2234,2234,2236,2236,1
2237,E0,shared,1,5,read,2235,2235,2235,2237,2237,1
2237,E1,shared,1,5,read,2235,2235,2235,2237,2237,1
2238,E0,shared,0,80,read,2236,2236,2236,2238,2238,1
2238,E1,shared,0,16,read,2236,2236,2236,2238,2238,1
2240,E1,shared,3,251,read,2238,2238,2238,2240,2240,1
2241,E0,shared,2,154,read,2239,2239,2239,2241,2241,1
2242,E0,shared,3,3,read,2240,2240,2240,2242,2242,1
2242,E1,shared,2,134,read,2240,2240,2240,2242,2242,1
2244,E0,shared,2,62,read,2242,2242,2242,2244,2244,1
2244,E1,shared,0,44,read,2242,2242,2242,2244,2244,1
2245,E0,shared,3,63,read,2243,2243,2243,2245,2245,1
2245,E1,shared,0,136,read,2243,2243,2243,2245,2245,1
2246,E0,shared,3,23,read,2244,2244,2244,2246,2246,1
2246,E1,shared,1,145,read,2244,2244,2244,2246,2246,1
2247,E0,shared,1,169,read,2245,2245,2245,2247,2247,1
2247,E1,shared,3,239,read,2245,2245,2245,2247,2247,1
2248,E0,shared,2,122,read,2246,2246,2246,2248,2248,1
2249,E1,shared,3,203,read,2247,2247,2247,2249,2249,1
2250,E0,shared,1,233,read,2248,2248,2248,2250,2250,1
2250,E1,shared,3,71,read,2248,2248,2248,2250,2250,1
2251,E1,shared,1,113,read,2249,2249,2249,2251,2251,1
2252,E0,shared,2,74,read,2250,2250,2250,2252,2252,1
2252,E1,shared,0,116,read,2250,2250,2250,2252,2252,1
2253,E0,shared,2,214,read,2251,2251,2251,2253,2253,1
2254,E0,shared,3,39,read,2252,2252,2252,2254,2254,1
2255,E0,shared,1,77,read,2253,2253,2253,2255,2255,1
2256,E0,shared,1,205,read,2254,2254,2254,2256,2256,1
2256,E1,shared,1,77,read,2254,2254,2254,2256,2256,1
2257,E0,shared,3,83,read,2255,2255,2255,2257,2257,1
2257,E1,shared,1,61,read,2255,2255,2255,2257,2257,1
2258,E0,shared,0,232,read,2256,2256,2256,2258,2258,1
2259,E0,shared,3,107,read,2257,2257,2257,2259,2259,1
2259,E1,shared,2,166,read,2257,2257,2257,2259,2259,1
2260,E0,shared,3,75,read,2258,2258,2258,2260,2260,1
2260,E1,shared,3,203,read,2258,2258,2258,2260,2260,1
2261,E0,shared,1,241,read,2259,2259,2259,2261,2261,1
2261,E1,shared,1,241,read,2259,2259,2259,2261,2261,1
2262,E0,shared,3,203,read,2260,2260,2260,2262,2262,1
2262,E1,shared,3,151,read,2260,2260,2260,2262,2262,1
2263,E0,shared,0,132,read,2261,2261,2261,2263,2263,1
2263,E1,shared,0,164,read,2261,2261,2261,2263,2263,1
2264,E0,shared,2,122,read,2262,2262,2262,2264,2264,1
2264,E1,shared,3,7,read,2262,2262,2262,2264,2264,1
2265,E0,shared,3,119,read,2263,2263,2263,2265,2265,1
2266,E0,shared,0,188,read,2264,2264,2264,2266,2266,1
2267,E0,shared,3,183,read,2265,2265,2265,2267,2267,1
2267,E1,shared,3,159,read,2265,2265,2265,2267,2267,1
2268,E0,shared,2,2,read,2266,2266,2266,2268,2268,1
2268,E1,shared,0,24,read,2266,2266,2266,2268,2268,1
2269,E1,shared,0,192,read,2267,2267,2267,2269,2269,1
2270,E0,shared,2,42,read,2268,2268,2268,2270,2270,1
2270,E1,shared,2,42,read,2268,2268,2268,2270,2270,1
2271,E0,shared,3,143,read,2269,2269,2269,2271,2271,1
2271,E1,shared,3,15,read,2269,2269,2269,2271,2271,1
2272,E0,shared,2,142,read,2270,2270,2270,2272,2272,1
2273,E0,shared,0,164,read,2271,2271,2271,2273,2273,1
2273,E1,shared,0,164,read,2271,2271,2271,2273,2273,1
2274,E0,shared,1,61,read,2272,2272,2272,2274,2274,1
2274,E1,shared,1,73,read,2272,2272,2272,2274,2274,1
2275,E0,shared,3,143,read,2273,2273,2273,2275,2275,1
2275,E1,shared,3,203,read,2273,2273,2273,2275,2275,1
2276,E0,shared,3,67,read,2274,2274,2274,2276,2276,1
2276,E1,shared,2,186,read,2274,2274,2274,2276,2276,1
2277,E0,shared,3,183,read,2275,2275,2275,2277,2277,1
2277,E1,shared,3,183,read,2275,2275,2275,2277,2277,1
2278,E1,shared,0,120,read,2276,2276,2276,2278,2278,1
2279,E0,shared,0,64,read,2277,2277,2277,2279,2279,1
2279,E1,shared,1,225,read,2277,2277,2277,2279,2279,1
2280,E1,shared,0,236,read,2278,2278,2278,2280,2280,1
2281,E0,shared,1,241,read,2279,2279,2279,2281,2281,1
2281,E1,shared,1,241,read,2279,2279,2279,2281,2281,1
2282,E0,shared,0,132,read,2280,2280,2280,2282,2282,1
2282,E1,shared,0,132,read,2280,2280,2280,2282,2282,1
2283,E0,shared,0,184,read,2281,2281,2281,2283,2283,1
2283,E1,shared,0,132,read,2281,2281,2281,2283,2283,1
2284,E0,shared,3,171,read,2282,2282,2282,2284,2284,1
2284,E1,shared,3,59,read,2282,2282,2282,2284,2284,1
2285,E0,shared,0,92,read,2283,2283,2283,2285,2285,1
2285,E1,shared,0,184,read,2283,2283,2283,2285,2285,1
2286,E0,shared,1,109,read,2284,2284,2284,2286,2286,1
2286,E1,shared,1,109,read,2284,2284,2284,2286,2286,1
2287,E0,shared,2,2,read,2285,2285,2285,2287,2287,1
2288,E0,shared,3,23,read,2286,2286,2286,2288,2288,1
2288,E1,shared,1,65,read,2286,2286,2286,2288,2288,1
2289,E0,shared,1,25,read,2287,2287,2287,2289,2289,1
2289,E1,shared,1,49,read,2287,2287,2287,2289,2289,1
2290,E0,shared,1,177,read,2288,2288,2288,2290,2290,1
2290,E1,shared,0,44,read,2288,2288,2288,2290,2290,1
2291,E0,shared,3,195,read,2289,2289,2289,2291,2291,1
2291,E1,shared,0,84,read,2289,2289,2289,2291,2291,1
2292,E0,shared,2,114,read,2290,2290,2290,2292,2292,1
2293,E1,shared,3,51,read,2291,2291,2291,2293,2293,1
2294,E0,shared,3,19,read,2292,2292,2292,2294,2294,1
2294,E1,shared,2,106,read,2292,2292,2292,2294,2294,1
2295,E0,shared,0,248,read,2293,2293,2293,2295,2295,1
2295,E1,shared,0,116,read,2293,2293,2293,2295,2295,1
2296,E1,shared,0,160,read,2294,2294,2294,2296,2296,1
2297,E0,shared,0,156,read,2295,2295,2295,2297,2297,1
2297,E1,shared,0,164,read,2295,2295,2295,2297,2297,1
2298,E0,shared,2,154,read,2296,2296,2296,2298,2298,1
2298,E1,shared,0,228,read,2296,2296,2296,2298,2298,1
2299,E0,shared,3,143,read,2297,2297,2297,2299,2299,1
2299,E1,shared,3,143,read,2297,2297,2297,2299,2299,1
2300,E0,shared,1,17,read,2298,2298,2298,2300,2300,1
2300,E1,shared,1,45,read,2298,2298,2298,2300,2300,1
2301,E1,shared,2,190,read,2299,2299,2299,2301,2301,1
2302,E0,shared,3,231,read,2300,2300,2300,2302,2302,1
2302,E1,shared,3,231,read,2300,2300,2300,2302,2302,1
2303,E0,shared,3,107,read,2301,2301,2301,2303,2303,1
2303,E1,shared,3,179,read,2301,2301,2301,2303,2303,1
2304,E0,shared,1,189,read,2302,2302,2302,2304,2304,1
2304,E1,shared,2,86,read,2302,2302,2302,2304,2304,1
2306,E1,shared,1,13,read,2304,2304,2304,2306,2306,1
2307,E0,shared,1,125,read,2305,2305,2305,2307,2307,1
2307,E1,shared,1,149,read,2305,2305,2305,2307,2307,1
2308,E1,shared,0,4,read,2306,2306,2306,2308,2308,1
2309,E1,shared,2,58,read,2307,2307,2307,2309,2309,1
2310,E0,shared,0,116,read,2308,2308,2308,2310,2310,1
2310,E1,shared,0,116,read,2308,2308,2308,2310,2310,1
2311,E0,shared,0,200,read,2309,2309,2309,2311,2311,1
2311,E1,shared,0,92,read,2309,2309,2309,2311,2311,1
2312,E1,shared,0,192,read,2310,2310,2310,2312,2312,1
2313,E0,shared,1,149,read,2311,2311,2311,2313,2313,1
2313,E1,shared,1,125,read,2311,2311,2311,2313,2313,1
2314,E0,shared,0,44,read,2312,2312,2312,2314,2314,1
2314,E1,shared,2,214,read,2312,2312,2312,2314,2314,1
2315,E0,shared,0,240,read,2313,2313,2313,2315,2315,1
2315,E1,shared,0,240,read,2313,2313,2313,2315,2315,1
2316,E0,shared,3,95,read,2314,2314,2314,2316,2316,1
2316,E1,shared,0,136,read,2314,2314,2314,2316,2316,1
2317,E0,shared,2,70,read,2315,2315,2315,2317,2317,1
2317,E1,shared,2,122,read,2315,2315,2315,2317,2317,1
2319,E0,shared,1,205,read,2317,2317,2317,2319,2319,1
2319,E1,shared,3,87,read,2317,2317,2317,2319,2319,1
2320,E0,shared,3,91,read,2318,2318,2318,2320,2320,1
2320,E1,shared,1,121,read,2318,2318,2318,2320,2320,1
2321,E0,shared,2,166,read,2319,2319,2319,2321,2321,1
2321,E1,shared,2,58,read,2319,2319,2319,2321,2321,1
2322,E0,shared,0,60,read,2320,2320,2320,2322,2322,1
2322,E1,shared,0,72,read,2320,2320,2320,2322,2322,1
2323,E0,shared,2,6,read,2321,2321,2321,2323,2323,1
2323,E1,shared,1,109,read,2321,2321,2321,2323,2323,1
2324,E0,shared,3,231,read,2322,2322,2322,2324,2324,1
2324,E1,shared,3,115,read,2322,2322,2322,2324,2324,1
2325,E0,shared,1,121,read,2323,2323,2323,2325,2325,1
2325,E1,shared,3,247,read,2323,2323,2323,2325,2325,1
2326,E0,shared,1,177,read,2324,2324,2324,2326,2326,1
2326,E1,shared,1,177,read,2324,2324,2324,2326,2326,1
2327,E1,shared,2,90,read,2325,2325,2325,2327,2327,1
2329,E0,shared,2,110,read,2327,2327,2327,2329,2329,1
2330,E0,shared,0,168,read,2328,2328,2328,2330,2330,1
2330,E1,shared,0,168,read,2328,2328,2328,2330,2330,1
2331,E0,shared,1,229,read,2329,2329,2329,2331,2331,1
2331,E1,shared,1,221,read,2329,2329,2329,2331,2331,1
2332,E0,shared,3,99,read,2330,2330,2330,2332,2332,1
2332,E1,shared,3,23,read,2330,2330,2330,2332,2332,1
2333,E0,shared,2,198,read,2331,2331,2331,2333,2333,1
2333,E1,shared,2,198,read,2331,2331,2331,2333,2333,1
2334,E0,shared,1,185,read,2332,2332,2332,2334,2334,1
2334,E1,shared,1,201,read,2332,2332,2332,2334,2334,1
2335,E0,shared,3,55,read,2333,2333,2333,2335,2335,1
2335,E1,shared,3,155,read,2333,2333,2333,2335,2335,1
2336,E1,shared,3,187,read,2334,2334,2334,2336,2336,1
2337,E0,shared,3,115,read,2335,2335,2335,2337,2337,1
2337,E1,shared,3,115,read,2335,2335,2335,2337,2337,1
2338,E0,shared,0,60,read,2336,2336,2336,2338,2338,1
2338,E1,shared,0,124,read,2336,2336,2336,2338,2338,1
2339,E0,shared,2,90,read,2337,2337,2337,2339,2339,1
2339,E1,shared,2,90,read,2337,2337,2337,2339,2339,1
2340,E0,shared,2,182,read,2338,2338,2338,2340,2340,1
2340,E1,shared,2,38,read,2338,2338,2338,2340,2340,1
2341,E0,shared,2,46,read,2339,2339,2339,2341,2341,1
2341,E1,shared,2,178,read,2339,2339,2339,2341,2341,1
2342,E0,shared,2,198,read,2340,2340,2340,2342,2342,1
2343,E0,shared,1,217,read,2341,2341,2341,2343,2343,1
2343,E1,shared,0,32,read,2341,2341,2341,2343,2343,1
2344,E0,shared,0,224,read,2342,2342,2342,2344,2344,1
2344,E1,shared,3,59,read,2342,2342,2342,2344,2344,1
2345,E0,shared,3,39,read,2343,2343,2343,2345,2345,1
2345,E1,shared,3,227,read,2343,2343,2343,2345,2345,1
2346,E0,shared,2,94,read,2344,2344,2344,2346,2346,1
2347,E1,shared,0,216,read,2345,2345,2345,2347,2347,1
2348,E0,shared,2,98,read,2346,2346,2346,2348,2348,1
2348,E1,shared,1,157,read,2346,2346,2346,2348,2348,1
2349,E0,shared,1,197,read,2347,2347,2347,2349,2349,1
2349,E1,shared,1,197,read,2347,2347,2347,2349,2349,1
2350,E0,shared,3,215,read,2348,2348,2348,2350,2350,1
2350,E1,shared,3,63,read,2348,2348,2348,2350,2350,1
2351,E0,shared,0,56,read,2349,2349,2349,2351,2351,1
2352,E1,shared,3,163,read,2350,2350,2350,2352,2352,1
2353,E0,shared,0,0,read,2351,2351,2351,2353,2353,1
2353,E1,shared,0,0,read,2351,2351,2351,2353,2353,1
2354,E0,shared,2,226,read,2352,2352,2352,2354,2354,1
2354,E1,shared,2,154,read,2352,2352,2352,2354,2354,1
2355,E0,shared,1,225,read,2353,2353,2353,2355,2355,1
2356,E0,shared,2,6,read,2354,2354,2354,2356,2356,1
2356,E1,shared,3,87,read,2354,2354,2354,2356,2356,1
2357,E0,shared,2,114,read,2355,2355,2355,2357,2357,1
2357,E1,shared,2,182,read,2355,2355,2355,2357,2357,1
2358,E0,shared,3,99,read,2356,2356,2356,2358,2358,1
2358,E1,shared,2,158,read,2356,2356,2356,2358,2358,1
2359,E1,shared,2,146,read,2357,2357,2357,2359,2359,1
2360,E0,shared,1,169,read,2358,2358,2358,2360,2360,1
2360,E1,shared,2,38,read,2358,2358,2358,2360,2360,1
2361,E0,shared,2,62,read,2359,2359,2359,2361,2361,1
2361,E1,shared,2,22,read,2359,2359,2359,2361,2361,1
2362,E0,shared,0,172,read,2360,2360,2360,2362,2362,1
2362,E1,shared,0,172,read,2360,2360,2360,2362,2362,1
2363,E0,shared,1,25,read,2361,2361,2361,2363,2363,1
2364,E0,shared,2,18,read,2362,2362,2362,2364,2364,1
2364,E1,shared,2,18,read,2362,2362,2362,2364,2364,1
2365,E0,shared,3,199,read,2363,2363,2363,2365,2365,1
2366,E0,shared,0,240,read,2364,2364,2364,2366,2366,1
2366,E1,shared,0,196,read,2364,2364,2364,2366,2366,1
2367,E0,shared,1,225,read,2365,2365,2365,2367,2367,1
2367,E1,shared,1,193,read,2365,2365,2365,2367,2367,1
2368,E0,shared,1,137,read,2366,2366,2366,2368,2368,1
2368,E1,shared,1,29,read,2366,2366,2366,2368,2368,1
2369,E0,shared,1,157,read,2367,2367,2367,2369,2369,1
2369,E1,shared,2,230,read,2367,2367,2367,2369,2369,1
2370,E0,shared,0,52,read,2368,2368,2368,2370,2370,1
2371,E0,shared,3,7,read,2369,2369,2369,2371,2371,1
2371,E1,shared,3,39,read,2369,2369,2369,2371,2371,1
2372,E0,shared,0,68,read,2370,2370,2370,2372,2372,1
2372,E1,shared,0,68,read,2370,2370,2370,2372,2372,1
2373,E0,shared,0,216,read,2371,2371,2371,2373,2373,1
2373,E1,shared,0,16,read,2371,2371,2371,2373,2373,1
2374,E0,shared,1,121,read,2372,2372,2372,2374,2374,1
2374,E1,shared,2,122,read,2372,2372,2372,2374,2374,1
2375,E0,shared,0,228,read,2373,2373,2373,2375,2375,1
2375,E1,shared,0,196,read,2373,2373,2373,2375,2375,1
2376,E0,shared,1,101,read,2374,2374,2374,2376,2376,1
2376,E1,shared,1,177,read,2374,2374,2374,2376,2376,1
2377,E0,shared,2,118,read,2375,2375,2375,2377,2377,1
2377,E1,shared,2,70,read,2375,2375,2375,2377,2377,1
2378,E0,shared,3,131,read,2376,2376,2376,2378,2378,1
2378,E1,shared,3,231,read,2376,2376,2376,2378,2378,1
2379,E1,shared,2,150,read,2377,2377,2377,2379,2379,1
2380,E1,shared,1,77,read,2378,2378,2378,2380,2380,1
2381,E0,shared,0,44,read,2379,2379,2379,2381,2381,1
2381,E1,shared,0,248,read,2379,2379,2379,2381,2381,1
2382,E1,shared,3,59,read,2380,2380,2380,2382,2382,1
2383,E0,shared,3,35,read,2381,2381,2381,2383,2383,1
2383,E1,shared,3,215,read,2381,2381,2381,2383,2383,1
2384,E0,shared,3,3,read,2382,2382,2382,2384,2384,1
2384,E1,shared,3,247,read,2382,2382,2382,2384,2384,1
2385,E0,shared,3,79,read,2383,2383,2383,2385,2385,1
2387,E0,shared,1,153,read,2385,2385,2385,2387,2387,1
2387,E1,shared,2,186,read,2385,2385,2385,2387,2387,1
2388,E0,shared,2,126,read,2386,2386,2386,2388,2388,1
2388,E1,shared,2,130,read,2386,2386,2386,2388,2388,1
2389,E0,shared,0,72,read,2387,2387,2387,2389,2389,1
2389,E1,shared,0,72,read,2387,2387,2387,2389,2389,1
2390,E0,shared,3,107,read,2388,2388,2388,2390,2390,1
2390,E1,shared,2,18,read,2388,2388,2388,2390,2390,1
2391,E0,shared,1,237,read,2389,2389,2389,2391,2391,1
2391,E1,shared,1,237,read,2389,2389,2389,2391,2391,1
2392,E0,shared,2,142,read,2390,2390,2390,2392,2392,1
2392,E1,shared,2,110,read,2390,2390,2390,2392,2392,1
2393,E0,shared,0,156,read,2391,2391,2391,2393,2393,1
2393,E1,shared,0,116,read,2391,2391,2391,2393,2393,1
2394,E0,shared,3,243,read,2392,2392,2392,2394,2394,1
2394,E1,shared,0,192,read,2392,2392,2392,2394,2394,1
2395,E0,shared,1,149,read,2393,2393,2393,2395,2395,1
2396,E0,shared,3,239,read,2394,2394,2394,2396,2396,1
2396,E1,shared,3,239,read,2394,2394,2394,2396,2396,1
2397,E0,shared,1,153,read,2395,2395,2395,2397,2397,1
2397,E1,shared,1,153,read,2395,2395,2395,2397,2397,1
2398,E0,shared,1,253,read,2396,2396,2396,2398,2398,1
2398,E1,shared,1,125,read,2396,2396,2396,2398,2398,1
2399,E0,shared,1,129,read,2397,2397,2397,2399,2399,1
2399,E1,shared,1,197,read,2397,2397,2397,2399,2399,1
2400,E0,shared,2,18,read,2398,2398,2398,2400,2400,1
2400,E1,shared,3,115,read,2398,2398,2398,2400,2400,1
2401,E0,shared,3,191,read,2399,2399,2399,2401,2401,1
2401,E1,shared,3,55,read,2399,2399,2399,2401,2401,1
2402,E0,shared,3,79,read,2400,2400,2400,2402,2402,1
2402,E1,shared,3,79,read,2400,2400,2400,2402,2402,1
2403,E0,shared,3,115,read,2401,2401,2401,2403,2403,1
2404,E0,shared,3,19,read,2402,2402,2402,2404,2404,1
2404,E1,shared,3,19,read,2402,2402,2402,2404,2404,1
2405,E0,shared,1,253,read,2403,2403,2403,2405,2405,1
2406,E0,shared,0,152,read,2404,2404,2404,2406,2406,1
2406,E1,shared,0,252,read,2404,2404,2404,2406,2406,1
2407,E1,shared,0,24,read,2405,2405,2405,2407,2407,1
2408,E0,shared,3,175,read,2406,2406,2406,2408,2408,1
2408,E1,shared,3,39,read,2406,2406,2406,2408,2408,1
2409,E0,shared,2,186,read,2407,2407,2407,2409,2409,1
2409,E1,shared,0,100,read,2407,2407,2407,2409,2409,1
2410,E1,shared,3,91,read,2408,2408,2408,2410,2410,1
2411,E0,shared,1,153,read,2409,2409,2409,2411,2411,1
2411,E1,shared,1,133,read,2409,2409,2409,2411,2411,1
2412,E0,shared,1,153,read,2410,2410,2410,2412,2412,1
2412,E1,shared,1,237,read,2410,2410,2410,2412,2412,1
2413,E1,shared,0,120,read,2411,2411,2411,2413,2413,1
2414,E1,shared,1,45,read,2412,2412,2412,2414,2414,1
2415,E0,shared,3,71,read,2413,2413,2413,2415,2415,1
2416,E1,shared,1,181,read,2414,2414,2414,2416,2416,1
2417,E0,shared,1,113,read,2415,2415,2415,2417,2417,1
2417,E1,shared,1,233,read,2415,2415,2415,2417,2417,1
2418,E0,shared,1,197,read,2416,2416,2416,2418,2418,1
2419,E0,shared,0,120,read,2417,2417,2417,2419,2419,1
2419,E1,shared,0,48,read,2417,2417,2417,2419,2419,1
2420,E0,shared,1,1,read,2418,2418,2418,2420,2420,1
2420,E1,shared,1,1,read,2418,2418,2418,2420,2420,1
2422,E0,shared,1,117,read,2420,2420,2420,2422,2422,1
2422,E1,shared,1,117,read,2420,2420,2420,2422,2422,1
2423,E0,shared,0,132,read,2421,2421,2421,2423,2423,1
2424,E0,shared,1,117,read,2422,2422,2422,2424,2424,1
2424,E1,shared,1,229,read,2422,2422,2422,2424,2424,1
2425,E0,shared,0,184,read,2423,2423,2423,2425,2425,1
2426,E0,shared,3,15,read,2424,2424,2424,2426,2426,1
2426,E1,shared,3,15,read,2424,2424,2424,2426,2426,1
2427,E0,shared,0,0,read,2425,2425,2425,2427,2427,1
2428,E0,shared,2,254,read,2426,2426,2426,2428,2428,1
2428,E1,shared,2,226,read,2426,2426,2426,2428,2428,1
2430,E0,shared,1,165,read,2428,2428,2428,2430,2430,1
2430,E1,shared,1,101,read,2428,2428,2428,2430,2430,1
2431,E0,shared,1,145,read,2429,2429,2429,2431,2431,1
2431,E1,shared,1,145,read,2429,2429,2429,2431,2431,1
2432,E0,shared,2,254,read,2430,2430,2430,2432,2432,1
2433,E1,shared,0,184,read,2431,2431,2431,2433,2433,1
2434,E1,shared,2,110,read,2432,2432,2432,2434,2434,1
2435,E1,shared,0,136,read,2433,2433,2433,2435,2435,1
2436,E0,shared,0,48,read,2434,2434,2434,2436,2436,1
2436,E1,shared,0,48,read,2434,2434,2434,2436,2436,1
2437,E0,shared,3,39,read,2435,2435,2435,2437,2437,1
2437,E1,shared,3,39,read,2435,2435,2435,2437,2437,1
2438,E0,shared,2,206,read,2436,2436,2436,2438,2438,1
2438,E1,shared,2,206,read,2436,2436,2436,2438,2438,1
2439,E0,shared,3,35,read,2437,2437,2437,2439,2439,1
2439,E1,shared,1,205,read,2437,2437,2437,2439,2439,1
2440,E0,shared,2,186,read,2438,2438,2438,2440,2440,1
2441,E0,shared,2,230,read,2439,2439,2439,2441,2441,1
2441,E1,shared,2,198,read,2439,2439,2439,2441,2441,1
2442,E0,shared,3,251,read,2440,2440,2440,2442,2442,1
2442,E1,shared,3,111,read,2440,2440,2440,2442,2442,1
2443,E0,shared,2,158,read,2441,2441,2441,2443,2443,1
2443,E1,shared,2,158,read,2441,2441,2441,2443,2443,1
2444,E0,shared,1,209,read,2442,2442,2442,2444,2444,1
2444,E1,shared,1,113,read,2442,2442,2442,2444,2444,1
2445,E0,shared,2,126,read,2443,2443,2443,2445,2445,1
2445,E1,shared,2,110,read,2443,2443,2443,2445,2445,1
2446,E0,shared,2,130,read,2444,2444,2444,2446,2446,1
2446,E1,shared,2,158,read,2444,2444,2444,2446,2446,1
2447,E0,shared,0,112,read,2445,2445,2445,2447,2447,1
2447,E1,shared,3,211,read,2445,2445,2445,2447,2447,1
2448,E0,shared,0,180,read,2446,2446,2446,2448,2448,1
2448,E1,shared,3,31,read,2446,2446,2446,2448,2448,1
2449,E0,shared,0,152,read,2447,2447,2447,2449,2449,1
2449,E1,shared,3,51,read,2447,2447,2447,2449,2449,1
2450,E0,shared,2,190,read,2448,2448,2448,2450,2450,1
2450,E1,shared,1,237,read,2448,2448,2448,2450,2450,1
2451,E0,shared,1,249,read,2449,2449,2449,2451,2451,1
2451,E1,shared,1,249,read,2449,2449,2449,2451,2451,1
2452,E0,shared,0,188,read,2450,2450,2450,2452,2452,1
2452,E1,shared,0,196,read,2450,2450,2450,2452,2452,1
2453,E0,shared,1,169,read,2451,2451,2451,2453,2453,1
2453,E1,shared,1,53,read,2451,2451,2451,2453,2453,1
2454,E0,shared,1,181,read,2452,2452,2452,2454,2454,1
2454,E1,shared,1,17,read,2452,2452,2452,2454,2454,1
2455,E0,shared,2,210,read,2453,2453,2453,2455,2455,1
2455,E1,shared,2,158,read,2453,2453,2453,2455,2455,1
2456,E1,shared,2,86,read,2454,2454,2454,2456,2456,1
2457,E0,shared,2,166,read,2455,2455,2455,2457,2457,1
2457,E1,shared,1,141,read,2455,2455,2455,2457,2457,1
2458,E0,shared,0,228,read,2456,2456,2456,2458,2458,1
2459,E0,shared,2,146,read,2457,2457,2457,2459,2459,1
2460,E1,shared,1,181,read,2458,2458,2458,2460,2460,1
2461,E1,shared,0,136,read,2459,2459,2459,2461,2461,1
2462,E1,shared,0,28,read,2460,2460,2460,2462,2462,1
2463,E0,shared,1,209,read,2461,2461,2461,2463,2463,1
2463,E1,shared,3,183,read,2461,2461,2461,2463,2463,1
2464,E0,shared,0,60,read,2462,2462,2462,2464,2464,1
2464,E1,shared,0,100,read,2462,2462,2462,2464,2464,1
2465,E0,shared,2,162,read,2463,2463,2463,2465,2465,1
2465,E1,shared,2,162,read,2463,2463,2463,2465,2465,1
2467,E0,shared,0,56,read,2465,2465,2465,2467,2467,1
2467,E1,shared,0,228,read,2465,2465,2465,2467,2467,1
2468,E0,shared,3,231,read,2466,2466,2466,2468,2468,1
2469,E0,shared,1,197,read,2467,2467,2467,2469,2469,1
2469,E1,shared,1,93,read,2467,2467,2467,2469,2469,1
2470,E1,shared,1,193,read,2468,2468,2468,2470,2470,1
2471,E0,shared,1,61,read,2469,2469,2469,2471,2471,1
2471,E1,shared,1,21,read,2469,2469,2469,2471,2471,1
2472,E1,shared,3,243,read,2470,2470,2470,2472,2472,1
2473,E0,shared,2,38,read,2471,2471,2471,2473,2473,1
2473,E1,shared,2,38,read,2471,2471,2471,2473,2473,1
2474,E0,shared,0,180,read,2472,2472,2472,2474,2474,1
2474,E1,shared,0,180,read,2472,2472,2472,2474,2474,1
2475,E0,shared,1,49,read,2473,2473,2473,2475,2475,1
2475,E1,shared,1,237,read,2473,2473,2473,2475,2475,1
2476,E0,shared,3,255,read,2474,2474,2474,2476,2476,1
2476,E1,shared,0,148,read,2474,2474,2474,2476,2476,1
2477,E0,shared,1,137,read,2475,2475,2475,2477,2477,1
2477,E1,shared,1,165,read,2475,2475,2475,2477,2477,1
2478,E1,shared,0,28,read,2476,2476,2476,2478,2478,1
2479,E0,shared,3,15,read,2477,2477,2477,2479,2479,1
2479,E1,shared,2,158,read,2477,2477,2477,2479,2479,1
2480,E0,shared,1,181,read,2478,2478,2478,2480,2480,1
2480,E1,shared,0,128,read,2478,2478,2478,2480,2480,1
2481,E0,shared,3,167,read,2479,2479,2479,2481,2481,1
2481,E1,shared,3,167,read,2479,2479,2479,2481,2481,1
2482,E0,shared,1,241,read,2480,2480,2480,2482,2482,1
2482,E1,shared,0,68,read,2480,2480,2480,2482,2482,1
2483,E0,shared,0,132,read,2481,2481,2481,2483,2483,1
2483,E1,shared,0,108,read,2481,2481,2481,2483,2483,1
2484,E1,shared,3,175,read,2482,2482,2482,2484,2484,1
2485,E0,shared,0,4,read,2483,2483,2483,2485,2485,1
2486,E0,shared,0,168,read,2484,2484,2484,2486,2486,1
2486,E1,shared,2,58,read,2484,2484,2484,2486,2486,1
2487,E0,shared,2,194,read,2485,2485,2485,2487,2487,1
2487,E1,shared,2,226,read,2485,2485,2485,2487,2487,1
2488,E0,shared,0,80,read,2486,2486,2486,2488,2488,1
2488,E1,shared,0,104,read,2486,2486,2486,2488,2488,1
2489,E0,shared,0,112,read,2487,2487,2487,2489,2489,1
2489,E1,shared,2,94,read,2487,2487,2487,2489,2489,1
2491,E0,shared,3,75,read,2489,2489,2489,2491,2491,1
2491,E1,shared,3,75,read,2489,2489,2489,2491,2491,1
2492,E0,shared,3,15,read,2490,2490,2490,2492,2492,1
2492,E1,shared,2,230,read,2490,2490,2490,2492,2492,1
2493,E1,shared,2,62,read,2491,2491,2491,2493,2493,1
2494,E0,shared,1,25,read,2492,2492,2492,2494,2494,1
2495,E0,shared,0,156,read,2493,2493,2493,2495,2495,1
2495,E1,shared,0,40,read,2493,2493,2493,2495,2495,1
2496,E0,shared,0,184,read,2494,2494,2494,2496,2496,1
2496,E1,shared,0,48,read,2494,2494,2494,2496,2496,1
2497,E0,shared,0,120,read,2495,2495,2495,2497,2497,1
2498,E0,shared,0,164,read,2496,2496,2496,2498,2498,1
2498,E1,shared,0,164,read,2496,2496,2496,2498,2498,1
2499,E0,shared,0,12,read,2497,2497,2497,2499,2499,1
2499,E1,shared,2,246,read,2497,2497,2497,2499,2499,1
2500,E0,shared,1,109,read,2498,2498,2498,2500,2500,1
2500,E1,shared,2,206,read,2498,2498,2498,2500,2500,1
2501,E0,shared,3,207,read,2499,2499,2499,2501,2501,1
2501,E1,shared,0,244,read,2499,2499,2499,2501,2501,1
2502,E0,shared,3,207,read,2500,2500,2500,2502,2502,1
2502,E1,shared,1,221,read,2500,2500,2500,2502,2502,1
2503,E0,shared,3,187,read,2501,2501,2501,2503,2503,1
2503,E1,shared,3,199,read,2501,2501,2501,2503,2503,1
2504,E0,shared,1,49,read,2502,2502,2502,2504,2504,1
2505,E0,shared,2,98,read,2503,2503,2503,2505,2505,1
2505,E1,shared,2,166,read,2503,2503,2503,2505,2505,1
2506,E0,shared,1,85,read,2504,2504,2504,2506,2506,1
2506,E1,shared,2,182,read,2504,2504,2504,2506,2506,1
2507,E0,shared,3,247,read,2505,2505,2505,2507,2507,1
2507,E1,shared,2,242,read,2505,2505,2505,2507,2507,1
2508,E0,shared,3,15,read,2506,2506,2506,2508,2508,1
2509,E0,shared,3,223,read,2507,2507,2507,2509,2509,1
2510,E0,shared,1,25,read,2508,2508,2508,2510,2510,1
2510,E1,shared,0,192,read,2508,2508,2508,2510,2510,1
2511,E0,shared,3,43,read,2509,2509,2509,2511,2511,1
2511,E1,shared,2,102,read,2509,2509,2509,2511,2511,1
2512,E0,shared,3,23,read,2510,2510,2510,2512,2512,1
2512,E1,shared,3,195,read,2510,2510,2510,2512,2512,1
2513,E0,shared,1,173,read,2511,2511,2511,2513,2513,1
2513,E1,shared,1,173,read,2511,2511,2511,2513,2513,1
2514,E1,shared,0,240,read,2512,2512,2512,2514,2514,1
2515,E0,shared,2,210,read,2513,2513,2513,2515,2515,1
2515,E1,shared,2,210,read,2513,2513,2513,2515,2515,1
2516,E0,shared,3,59,read,2514,2514,2514,2516,2516,1
2516,E1,shared,2,90,read,2514,2514,2514,2516,2516,1
2517,E1,shared,3,31,read,2515,2515,2515,2517,2517,1
2518,E0,shared,0,32,read,2516,2516,2516,2518,2518,1
2518,E1,shared,0,112,read,2516,2516,2516,2518,2518,1
2519,E0,shared,2,234,read,2517,2517,2517,2519,2519,1
2519,E1,shared,0,216,read,2517,2517,2517,2519,2519,1
2520,E0,shared,0,16,read,2518,2518,2518,2520,2520,1
2520,E1,shared,0,68,read,2518,2518,2518,2520,2520,1
2521,E0,shared,0,240,read,2519,2519,2519,2521,2521,1
2521,E1,shared,1,169,read,2519,2519,2519,2521,2521,1
2522,E0,shared,0,252,read,2520,2520,2520,2522,2522,1
2522,E1,shared,0,8,read,2520,2520,2520,2522,2522,1
2523,E0,shared,0,164,read,2521,2521,2521,2523,2523,1
2524,E1,shared,2,78,read,2522,2522,2522,2524,2524,1
2525,E1,shared,3,183,read,2523,2523,2523,2525,2525,1
2526,E0,shared,1,169,read,2524,2524,2524,2526,2526,1
2526,E1,shared,0,20,read,2524,2524,2524,2526,2526,1
2527,E0,shared,3,3,read,2525,2525,2525,2527,2527,1
2528,E0,shared,0,248,read,2526,2526,2526,2528,2528,1
2528,E1,shared,0,240,read,2526,2526,2526,2528,2528,1
2529,E0,shared,1,53,read,2527,2527,2527,2529,2529,1
2530,E1,shared,0,0,read,2528,2528,2528,2530,2530,1
2531,E0,shared,2,58,read,2529,2529,2529,2531,2531,1
2531,E1,shared,2,58,read,2529,2529,2529,2531,2531,1
2532,E0,shared,2,226,read,2530,2530,2530,2532,2532,1
2532,E1,shared,1,157,read,2530,2530,2530,2532,2532,1
2533,E0,shared,2,214,read,2531,2531,2531,2533,2533,1
2533,E1,shared,3,3,read,2531,2531,2531,2533,2533,1
2534,E0,shared,3,131,read,2532,2532,2532,2534,2534,1
2535,E0,shared,2,254,read,2533,2533,2533,2535,2535,1
2535,E1,shared,3,39,read,2533,2533,2533,2535,2535,1
2536,E0,shared,2,66,read,2534,2534,2534,2536,2536,1
2536,E1,shared,2,210,read,2534,2534,2534,2536,2536,1
2537,E0,shared,0,168,read,2535,2535,2535,2537,2537,1
2538,E1,shared,2,146,read,2536,2536,2536,2538,2538,1
2539,E0,shared,2,122,read,2537,2537,2537,2539,2539,1
2539,E1,shared,2,26,read,2537,2537,2537,2539,2539,1
2540,E0,shared,1,97,read,2538,2538,2538,2540,2540,1
2541,E0,shared,2,130,read,2539,2539,2539,2541,2541,1
2541,E1,shared,1,209,read,2539,2539,2539,2541,2541,1
2542,E0,shared,3,27,read,2540,2540,2540,2542,2542,1
2543,E0,shared,2,210,read,2541,2541,2541,2543,2543,1
2544,E0,shared,1,229,read,2542,2542,2542,2544,2544,1
2544,E1,shared,1,253,read,2542,2542,2542,2544,2544,1
2545,E0,shared,0,128,read,2543,2543,2543,2545,2545,1
2546,E0,shared,2,202,read,2544,2544,2544,2546,2546,1
2546,E1,shared,2,166,read,2544,2544,2544,2546,2546,1
2547,E0,shared,0,24,read,2545,2545,2545,2547,2547,1
2547,E1,shared,0,228,read,2545,2545,2545,2547,2547,1
2548,E1,shared,1,1,read,2546,2546,2546,2548,2548,1
2549,E1,shared,3,159,read,2547,2547,2547,2549,2549,1
2550,E0,shared,3,199,read,2548,2548,2548,2550,2550,1
2550,E1,shared,0,100,read,2548,2548,2548,2550,2550,1
2551,E0,shared,3,203,read,2549,2549,2549,2551,2551,1
2552,E0,shared,2,110,read,2550,2550,2550,2552,2552,1
2553,E0,shared,3,175,read,2551,2551,2551,2553,2553,1
2553,E1,shared,3,235,read,2551,2551,2551,2553,2553,1
2555,E0,shared,3,35,read,2553,2553,2553,2555,2555,1
2555,E1,shared,2,10,read,2553,2553,2553,2555,2555,1
2556,E0,shared,1,121,read,2554,2554,2554,2556,2556,1
2556,E1,shared,1,121,read,2554,2554,2554,2556,2556,1
2557,E1,shared,3,155,read,2555,2555,2555,2557,2557,1
2558,E0,shared,2,82,read,2556,2556,2556,2558,2558,1
2559,E0,shared,1,105,read,2557,2557,2557,2559,2559,1
2559,E1,shared,1,153,read,2557,2557,2557,2559,2559,1
2560,E0,shared,1,73,read,2558,2558,2558,2560,2560,1
2560,E1,shared,1,21,read,2558,2558,2558,2560,2560,1
2561,E0,shared,2,138,read,2559,2559,2559,2561,2561,1
2561,E1,shared,2,202,read,2559,2559,2559,2561,2561,1
2562,E1,shared,1,129,read,2560,2560,2560,2562,2562,1
2564,E0,shared,1,245,read,2562,2562,2562,2564,2564,1
2564,E1,shared,1,245,read,2562,2562,2562,2564,2564,1
2565,E0,shared,1,185,read,2563,2563,2563,2565,2565,1
2565,E1,shared,3,167,read,2563,2563,2563,2565,2565,1
2566,E0,shared,1,97,read,2564,2564,2564,2566,2566,1
2566,E1,shared,1,89,read,2564,2564,2564,2566,2566,1
2567,E0,shared,3,51,read,2565,2565,2565,2567,2567,1
2567,E1,shared,0,80,read,2565,2565,2565,2567,2567,1
2568,E0,shared,0,104,read,2566,2566,2566,2568,2568,1
2568,E1,shared,0,56,read,2566,2566,2566,2568,2568,1
2569,E1,shared,1,65,read,2567,2567,2567,2569,2569,1
2570,E1,shared,0,228,read,2568,2568,2568,2570,2570,1
2571,E1,shared,2,230,read,2569,2569,2569,2571,2571,1
2572,E1,shared,1,221,read,2570,2570,2570,2572,2572,1
2573,E0,shared,0,76,read,2571,2571,2571,2573,2573,1
2573,E1,shared,3,59,read,2571,2571,2571,2573,2573,1
2574,E1,shared,0,212,read,2572,2572,2572,2574,2574,1
2575,E1,shared,0,128,read,2573,2573,2573,2575,2575,1
2576,E0,shared,0,252,read,2574,2574,2574,2576,2576,1
2576,E1,shared,0,144,read,2574,2574,2574,2576,2576,1
2577,E0,shared,1,29,read,2575,2575,2575,2577,2577,1
2578,E0,shared,3,7,read,2576,2576,2576,2578,2578,1
2578,E1,shared,3,7,read,2576,2576,2576,2578,2578,1
2579,E0,shared,1,1,read,2577,2577,2577,2579,2579,1
2580,E0,shared,3,127,read,2578,2578,2578,2580,2580,1
2580,E1,shared,3,127,read,2578,2578,2578,2580,2580,1
2581,E0,shared,1,125,read,2579,2579,2579,2581,2581,1
2581,E1,shared,1,153,read,2579,2579,2579,2581,2581,1
2582,E1,shared,1,165,read,2580,2580,2580,2582,2582,1
2583,E0,shared,3,23,read,2581,2581,2581,2583,2583,1
2583,E1,shared,1,77,read,2581,2581,2581,2583,2583,1
2584,E0,shared,1,49,read,2582,2582,2582,2584,2584,1
2585,E0,shared,1,133,read,2583,2583,2583,2585,2585,1
2585,E1,shared,1,133,read,2583,2583,2583,2585,2585,1
2586,E1,shared,1,145,read,2584,2584,2584,2586,2586,1
2587,E0,shared,2,230,read,2585,2585,2585,2587,2587,1
2587,E1,shared,2,14,read,2585,2585,2585,2587,2587,1
2589,E0,shared,1,229,read,2587,2587,2587,2589,2589,1
2589,E1,shared,3,47,read,2587,2587,2587,2589,2589,1
2591,E0,shared,1,97,read,2589,2589,2589,2591,2591,1
2591,E1,shared,2,254,read,2589,2589,2589,2591,2591,1
2592,E0,shared,2,34,read,2590,2590,2590,2592,2592,1
2592,E1,shared,0,68,read,2590,2590,2590,2592,2592,1
2593,E1,shared,1,73,read,2591,2591,2591,2593,2593,1
2594,E0,shared,3,247,read,2592,2592,2592,2594,2594,1
2594,E1,shared,3,155,read,2592,2592,2592,2594,2594,1
2595,E0,shared,3,155,read,2593,2593,2593,2595,2595,1
2595,E1,shared,3,231,read,2593,2593,2593,2595,2595,1
2596,E1,shared,1,181,read,2594,2594,2594,2596,2596,1
2597,E0,shared,3,179,read,2595,2595,2595,2597,2597,1
2598,E0,shared,1,37,read,2596,2596,2596,2598,2598,1
2598,E1,shared,1,93,read,2596,2596,2596,2598,2598,1
2599,E0,shared,0,136,read,2597,2597,2597,2599,2599,1
2599,E1,shared,1,241,read,2597,2597,2597,2599,2599,1
2601,E0,shared,2,42,read,2599,2599,2599,2601,2601,1
2601,E1,shared,2,42,read,2599,2599,2599,2601,2601,1
2602,E1,shared,3,207,read,2600,2600,2600,2602,2602,1
2603,E0,shared,3,43,read,2601,2601,2601,2603,2603,1
2604,E0,shared,0,84,read,2602,2602,2602,2604,2604,1
2605,E0,shared,2,106,read,2603,2603,2603,2605,2605,1
2605,E1,shared,2,142,read,2603,2603,2603,2605,2605,1
2606,E0,shared,3,79,read,2604,2604,2604,2606,2606,1
2606,E1,shared,3,79,read,2604,2604,2604,2606,2606,1
2607,E0,shared,0,228,read,2605,2605,2605,2607,2607,1
2607,E1,shared,0,196,read,2605,2605,2605,2607,2607,1
2608,E0,shared,0,220,read,2606,2606,2606,2608,2608,1
2608,E1,shared,0,132,read,2606,2606,2606,2608,2608,1
2609,E0,shared,1,57,read,2607,2607,2607,2609,2609,1
2609,E1,shared,1,21,read,2607,2607,2607,2609,2609,1
2610,E0,shared,0,136,read,2608,2608,2608,2610,2610,1
2610,E1,shared,0,140,read,2608,2608,2608,2610,2610,1
2611,E0,shared,3,47,read,2609,2609,2609,2611,2611,1
2611,E1,shared,3,243,read,2609,2609,2609,2611,2611,1
2612,E1,shared,0,88,read,2610,2610,2610,2612,2612,1
2613,E0,shared,0,196,read,2611,2611,2611,2613,2613,1
2613,E1,shared,0,228,read,2611,2611,2611,2613,2613,1
2614,E0,shared,3,159,read,2612,2612,2612,2614,2614,1
2614,E1,shared,3,211,read,2612,2612,2612,2614,2614,1
2615,E0,shared,2,66,read,2613,2613,2613,2615,2615,1
2615,E1,shared,2,26,read,2613,2613,2613,2615,2615,1
2616,E0,shared,3,139,read,2614,2614,2614,2616,2616,1
2616,E1,shared,3,139,read,2614,2614,2614,2616,2616,1
2617,E0,shared,0,96,read,2615,2615,2615,2617,2617,1
2617,E1,shared,0,96,read,2615,2615,2615,2617,2617,1
2618,E0,shared,3,207,read,2616,2616,2616,2618,2618,1
2618,E1,shared,3,207,read,2616,2616,2616,2618,2618,1
2619,E1,shared,0,104,read,2617,2617,2617,2619,2619,1
2620,E0,shared,0,172,read,2618,2618,2618,2620,2620,1
2620,E1,shared,2,206,read,2618,2618,2618,2620,2620,1
2621,E0,shared,2,14,read,2619,2619,2619,2621,2621,1
2621,E1,shared,2,110,read,2619,2619,2619,2621,2621,1
2622,E0,shared,0,232,read,2620,2620,2620,2622,2622,1
2622,E1,shared,0,216,read,2620,2620,2620,2622,2622,1
2623,E0,shared,0,144,read,2621,2621,2621,2623,2623,1
2623,E1,shared,0,84,read,2621,2621,2621,2623,2623,1
2624,E0,shared,1,153,read,2622,2622,2622,2624,2624,1
2624,E1,shared,1,153,read,2622,2622,2622,2624,2624,1
2625,E0,shared,0,196,read,2623,2623,2623,2625,2625,1
2625,E1,shared,0,196,read,2623,2623,2623,2625,2625,1
2626,E0,shared,3,223,read,2624,2624,2624,2626,2626,1
2626,E1,shared,3,3,read,2624,2624,2624,2626,2626,1
2627,E0,shared,0,24,read,2625,2625,2625,2627,2627,1
2627,E1,shared,2,174,read,2625,2625,2625,2627,2627,1
2628,E1,shared,0,96,read,2626,2626,2626,2628,2628,1
2629,E1,shared,2,138,read,2627,2627,2627,2629,2629,1
2630,E1,shared,0,52,read,2628,2628,2628,2630,2630,1
2631,E1,shared,3,219,read,2629,2629,2629,2631,2631,1
2632,E0,shared,1,133,read,2630,2630,2630,2632,2632,1
2632,E1,shared,1,9,read,2630,2630,2630,2632,2632,1
2633,E0,shared,3,199,read,2631,2631,2631,2633,2633,1
2633,E1,shared,3,215,read,2631,2631,2631,2633,2633,1
2634,E0,shared,3,35,read,2632,2632,2632,2634,2634,1
2634,E1,shared,3,71,read,2632,2632,2632,2634,2634,1
2635,E0,shared,0,164,read,2633,2633,2633,2635,2635,1
2636,E0,shared,0,36,read,2634,2634,2634,2636,2636,1
2636,E1,shared,0,0,read,2634,2634,2634,2636,2636,1
2637,E0,shared,1,245,read,2635,2635,2635,2637,2637,1
2637,E1,shared,1,241,read,2635,2635,2635,2637,2637,1
2638,E0,shared,2,242,read,2636,2636,2636,2638,2638,1
2638,E1,shared,0,200,read,2636,2636,2636,2638,2638,1
2639,E0,shared,0,112,read,2637,2637,2637,2639,2639,1
2639,E1,shared,0,132,read,2637,2637,2637,2639,2639,1
2640,E1,shared,1,213,read,2638,2638,2638,2640,2640,1
2641,E0,shared,2,170,read,2639,2639,2639,2641,2641,1
2642,E0,shared,3,155,read,2640,2640,2640,2642,2642,1
2642,E1,shared,3,171,read,2640,2640,2640,2642,2642,1
2643,E0,shared,0,44,read,2641,2641,2641,2643,2643,1
2643,E1,shared,0,36,read,2641,2641,2641,2643,2643,1
2644,E1,shared,3,43,read,2642,2642,2642,2644,2644,1
2645,E0,shared,1,45,read,2643,2643,2643,2645,2645,1
2646,E0,shared,1,225,read,2644,2644,2644,2646,2646,1
2646,E1,shared,1,93,read,2644,2644,2644,2646,2646,1
2647,E0,shared,0,24,read,2645,2645,2645,2647,2647,1
2648,E0,shared,1,221,read,2646,2646,2646,2648,2648,1
2649,E0,shared,3,79,read,2647,2647,2647,2649,2649,1
2649,E1,shared,3,79,read,2647,2647,2647,2649,2649,1
2650,E0,shared,0,236,read,2648,2648,2648,2650,2650,1
2651,E0,shared,1,101,read,2649,2649,2649,2651,2651,1
2651,E1,shared,3,99,read,2649,2649,2649,2651,2651,1
2652,E0,shared,1,253,read,2650,2650,2650,2652,2652,1
2652,E1,shared,1,5,read,2650,2650,2650,2652,2652,1
2653,E1,shared,0,104,read,2651,2651,2651,2653,2653,1
2654,E0,shared,2,118,read,2652,2652,2652,2654,2654,1
2655,E0,shared,1,93,read,2653,2653,2653,2655,2655,1
2655,E1,shared,1,21,read,2653,2653,2653,2655,2655,1
2657,E0,shared,3,203,read,2655,2655,2655,2657,2657,1
2658,E0,shared,3,255,read,2656,2656,2656,2658,2658,1
2658,E1,shared,0,228,read,2656,2656,2656,2658,2658,1
2659,E1,shared,2,230,read,2657,2657,2657,2659,2659,1
2660,E1,shared,0,56,read,2658,2658,2658,2660,2660,1
2661,E0,shared,2,254,read,2659,2659,2659,2661,2661,1
2663,E0,shared,1,189,read,2661,2661,2661,2663,2663,1
2663,E1,shared,1,189,read,2661,2661,2661,2663,2663,1
2664,E0,shared,2,6,read,2662,2662,2662,2664,2664,1
2664,E1,shared,0,136,read,2662,2662,2662,2664,2664,1
2665,E0,shared,2,174,read,2663,2663,2663,2665,2665,1
2666,E0,shared,1,105,read,2664,2664,2664,2666,2666,1
2666,E1,shared,2,118,read,2664,2664,2664,2666,2666,1
2667,E0,shared,0,208,read,2665,2665,2665,2667,2667,1
2667,E1,shared,1,113,read,2665,2665,2665,2667,2667,1
2668,E0,shared,2,250,read,2666,2666,2666,2668,2668,1
2668,E1,shared,2,250,read,2666,2666,2666,2668,2668,1
2669,E0,shared,3,159,read,2667,2667,2667,2669,2669,1
2669,E1,shared,0,208,read,2667,2667,2667,2669,2669,1
2670,E0,shared,1,117,read,2668,2668,2668,2670,2670,1
2670,E1,shared,1,1,read,2668,2668,2668,2670,2670,1
2671,E0,shared,3,87,read,2669,2669,2669,2671,2671,1
2671,E1,shared,3,87,read,2669,2669,2669,2671,2671,1
2672,E0,shared,2,122,read,2670,2670,2670,2672,2672,1
2672,E1,shared,2,122,read,2670,2670,2670,2672,2672,1
2673,E0,shared,0,128,read,2671,2671,2671,2673,2673,1
2673,E1,shared,0,128,read,2671,2671,2671,2673,2673,1
2674,E0,shared,2,154,read,2672,2672,2672,2674,2674,1
2674,E1,shared,2,50,read,2672,2672,2672,2674,2674,1
2675,E0,shared,1,53,read,2673,2673,2673,2675,2675,1
2676,E0,shared,1,129,read,2674,2674,2674,2676,2676,1
2676,E1,shared,3,63,read,2674,2674,2674,2676,2676,1
2677,E1,shared,0,36,read,2675,2675,2675,2677,2677,1
2678,E1,shared,3,159,read,2676,2676,2676,2678,2678,1
2679,E1,shared,1,89,read,2677,2677,2677,2679,2679,1
2680,E1,shared,1,5,read,2678,2678,2678,2680,2680,1
2681,E0,shared,1,193,read,2679,2679,2679,2681,2681,1
2681,E1,shared,0,28,read,2679,2679,2679,2681,2681,1
2682,E0,shared,0,116,read,2680,2680,2680,2682,2682,1
2682,E1,shared,0,92,read,2680,2680,2680,2682,2682,1
2683,E0,shared,0,160,read,2681,2681,2681,2683,2683,1
2683,E1,shared,0,252,read,2681,2681,2681,2683,2683,1
2684,E0,shared,1,209,read,2682,2682,2682,2684,2684,1
2684,E1,shared,1,209,read,2682,2682,2682,2684,2684,1
2685,E0,shared,0,68,read,2683,2683,2683,2685,2685,1
2686,E1,shared,1,225,read,2684,2684,2684,2686,2686,1
2687,E0,shared,3,51,read,2685,2685,2685,2687,2687,1
2687,E1,shared,3,27,read,2685,2685,2685,2687,2687,1
2688,E0,shared,0,168,read,2686,2686,2686,2688,2688,1
2688,E1,shared,0,32,read,2686,2686,2686,2688,2688,1
2689,E0,shared,3,31,read,2687,2687,2687,2689,2689,1
2689,E1,shared,3,99,read,2687,2687,2687,2689,2689,1
2690,E0,shared,1,57,read,2688,2688,2688,2690,2690,1
2690,E1,shared,1,33,read,2688,2688,2688,2690,2690,1
2691,E0,shared,3,119,read,2689,2689,2689,2691,2691,1
2691,E1,shared,2,86,read,2689,2689,2689,2691,2691,1
2692,E1,shared,0,16,read,2690,2690,2690,2692,2692,1
2693,E0,shared,3,155,read,2691,2691,2691,2693,2693,1
2693,E1,shared,3,239,read,2691,2691,2691,2693,2693,1
2694,E0,shared,3,187,read,2692,2692,2692,2694,2694,1
2694,E1,shared,3,99,read,2692,2692,2692,2694,2694,1
2695,E0,shared,2,114,read,2693,2693,2693,2695,2695,1
2695,E1,shared,3,87,read,2693,2693,2693,2695,2695,1
2696,E0,shared,3,179,read,2694,2694,2694,2696,2696,1
2696,E1,shared,1,173,read,2694,2694,2694,2696,2696,1
2697,E1,shared,1,241,read,2695,2695,2695,2697,2697,1
2698,E0,shared,0,68,read,2696,2696,2696,2698,2698,1
2698,E1,shared,0,68,read,2696,2696,2696,2698,2698,1
2699,E0,shared,2,66,read,2697,2697,2697,2699,2699,1
2699,E1,shared,2,158,read,2697,2697,2697,2699,2699,1
2700,E0,shared,1,241,read,2698,2698,2698,2700,2700,1
2700,E1,shared,0,24,read,2698,2698,2698,2700,2700,1
2701,E0,shared,0,208,read,2699,2699,2699,2701,2701,1
2701,E1,shared,0,80,read,2699,2699,2699,2701,2701,1
2703,E0,shared,1,117,read,2701,2701,2701,2703,2703,1
2704,E0,shared,0,212,read,2702,2702,2702,2704,2704,1
2704,E1,shared,0,212,read,2702,2702,2702,2704,2704,1
2705,E0,shared,3,187,read,2703,2703,2703,2705,2705,1
2706,E0,shared,1,133,read,2704,2704,2704,2706,2706,1
2707,E1,shared,1,205,read,2705,2705,2705,2707,2707,1
2708,E0,shared,2,182,read,2706,2706,2706,2708,2708,1
2708,E1,shared,2,182,read,2706,2706,2706,2708,2708,1
2709,E0,shared,0,52,read,2707,2707,2707,2709,2709,1
2709,E1,shared,0,248,read,2707,2707,2707,2709,2709,1
2710,E1,shared,3,207,read,2708,2708,2708,2710,2710,1
2711,E0,shared,1,73,read,2709,2709,2709,2711,2711,1
2712,E0,shared,0,180,read,2710,2710,2710,2712,2712,1
2712,E1,shared,0,84,read,2710,2710,2710,2712,2712,1
2713,E0,shared,1,17,read,2711,2711,2711,2713,2713,1
2713,E1,shared,1,17,read,2711,2711,2711,2713,2713,1
2714,E1,shared,0,32,read,2712,2712,2712,2714,2714,1
2715,E0,shared,1,221,read,2713,2713,2713,2715,2715,1
2715,E1,shared,1,221,read,2713,2713,2713,2715,2715,1
2716,E0,shared,2,102,read,2714,2714,2714,2716,2716,1
2716,E1,shared,2,246,read,2714,2714,2714,2716,2716,1
2717,E0,shared,1,93,read,2715,2715,2715,2717,2717,1
2717,E1,shared,1,201,read,2715,2715,2715,2717,2717,1
2718,E0,shared,3,131,read,2716,2716,2716,2718,2718,1
2718,E1,shared,3,83,read,2716,2716,2716,2718,2718,1
2719,E1,shared,3,103,read,2717,2717,2717,2719,2719,1
2720,E0,shared,0,188,read,2718,2718,2718,2720,2720,1
2720,E1,shared,1,141,read,2718,2718,2718,2720,2720,1
2721,E1,shared,2,74,read,2719,2719,2719,2721,2721,1
2722,E0,shared,3,51,read,2720,2720,2720,2722,2722,1
2722,E1,shared,3,235,read,2720,2720,2720,2722,2722,1
2723,E0,shared,1,9,read,2721,2721,2721,2723,2723,1
2723,E1,shared,1,29,read,2721,2721,2721,2723,2723,1
2724,E0,shared,0,60,read,2722,2722,2722,2724,2724,1
2724,E1,shared,1,213,read,2722,2722,2722,2724,2724,1
2725,E0,shared,3,119,read,2723,2723,2723,2725,2725,1
2725,E1,shared,0,164,read,2723,2723,2723,2725,2725,1
2726,E0,shared,1,177,read,2724,2724,2724,2726,2726,1
2726,E1,shared,2,38,read,2724,2724,2724,2726,2726,1
2727,E1,shared,0,28,read,2725,2725,2725,2727,2727,1
2728,E0,shared,1,93,read,2726,2726,2726,2728,2728,1
2728,E1,shared,1,93,read,2726,2726,2726,2728,2728,1
2729,E0,shared,1,241,read,2727,2727,2727,2729,2729,1
2729,E1,shared,1,241,read,2727,2727,2727,2729,2729,1
2730,E0,shared,3,255,read,2728,2728,2728,2730,2730,1
2731,E0,shared,2,174,read,2729,2729,2729,2731,2731,1
2731,E1,shared,2,174,read,2729,2729,2729,2731,2731,1
2732,E0,shared,2,202,read,2730,2730,2730,2732,2732,1
2732,E1,shared,2,202,read,2730,2730,2730,2732,2732,1
2733,E0,shared,2,166,read,2731,2731,2731,2733,2733,1
2733,E1,shared,2,166,read,2731,2731,2731,2733,2733,1
2734,E0,shared,0,200,read,2732,2732,2732,2734,2734,1
2734,E1,shared,0,192,read,2732,2732,2732,2734,2734,1
2735,E0,shared,2,94,read,2733,2733,2733,2735,2735,1
2736,E0,shared,1,61,read,2734,2734,2734,2736,2736,1
2737,E0,shared,2,226,read,2735,2735,2735,2737,2737,1
2737,E1,shared,2,138,read,2735,2735,2735,2737,2737,1
2738,E0,shared,1,113,read,2736,2736,2736,2738,2738,1
2738,E1,shared,1,113,read,2736,2736,2736,2738,2738,1
2739,E0,shared,3,243,read,2737,2737,2737,2739,2739,1
2740,E1,shared,1,81,read,2738,2738,2738,2740,2740,1
2741,E0,shared,1,81,read,2739,2739,2739,2741,2741,1
2741,E1,shared,1,81,read,2739,2739,2739,2741,2741,1
2742,E0,shared,0,84,read,2740,2740,2740,2742,2742,1
2742,E1,shared,0,92,read,2740,2740,2740,2742,2742,1
2743,E0,shared,0,244,read,2741,2741,2741,2743,2743,1
2743,E1,shared,0,76,read,2741,2741,2741,2743,2743,1
2744,E0,shared,1,129,read,2742,2742,2742,2744,2744,1
2744,E1,shared,1,129,read,2742,2742,2742,2744,2744,1
2745,E0,shared,0,212,read,2743,2743,2743,2745,2745,1
2745,E1,shared,1,193,read,2743,2743,2743,2745,2745,1
2746,E0,shared,2,182,read,2744,2744,2744,2746,2746,1
2746,E1,shared,2,126,read,2744,2744,2744,2746,2746,1
2747,E0,shared,1,9,read,2745,2745,2745,2747,2747,1
2748,E0,shared,1,109,read,2746,2746,2746,2748,2748,1
2748,E1,shared,1,29,read,2746,2746,2746,2748,2748,1
2749,E0,shared,2,70,read,2747,2747,2747,2749,2749,1
2749,E1,shared,2,70,read,2747,2747,2747,2749,2749,1
2750,E0,shared,3,147,read,2748,2748,2748,2750,2750,1
2750,E1,shared,3,147,read,2748,2748,2748,2750,2750,1
2751,E0,shared,3,127,read,2749,2749,2749,2751,2751,1
2751,E1,shared,3,191,read,2749,2749,2749,2751,2751,1
2752,E1,shared,0,60,read,2750,2750,2750,2752,2752,1
2753,E0,shared,1,225,read,2751,2751,2751,2753,2753,1
2753,E1,shared,0,16,read,2751,2751,2751,2753,2753,1
2754,E1,shared,3,227,read,2752,2752,2752,2754,2754,1
2755,E0,shared,0,200,read,2753,2753,2753,2755,2755,1
2756,E0,shared,1,221,read,2754,2754,2754,2756,2756,1
2757,E1,shared,3,87,read,2755,2755,2755,2757,2757,1
2758,E0,shared,0,124,read,2756,2756,2756,2758,2758,1
2758,E1,shared,2,106,read,2756,2756,2756,2758,2758,1
2759,E0,shared,1,57,read,2757,2757,2757,2759,2759,1
2759,E1,shared,2,14,read,2757,2757,2757,2759,2759,1
2760,E0,shared,3,235,read,2758,2758,2758,2760,2760,1
2760,E1,shared,3,255,read,2758,2758,2758,2760,2760,1
2761,E0,shared,0,152,read,2759,2759,2759,2761,2761,1
2762,E0,shared,1,21,read,2760,2760,2760,2762,2762,1
2762,E1,shared,1,21,read,2760,2760,2760,2762,2762,1
2763,E0,shared,0,132,read,2761,2761,2761,2763,2763,1
2763,E1,shared,0,40,read,2761,2761,2761,2763,2763,1
2764,E0,shared,0,100,read,2762,2762,2762,2764,2764,1
2764,E1,shared,0,100,read,2762,2762,2762,2764,2764,1
2765,E0,shared,3,195,read,2763,2763,2763,2765,2765,1
2765,E1,shared,3,119,read,2763,2763,2763,2765,2765,1
2767,E0,shared,1,145,read,2765,2765,2765,2767,2767,1
2767,E1,shared,1,145,read,2765,2765,2765,2767,2767,1
2768,E0,shared,2,146,read,2766,2766,2766,2768,2768,1
2768,E1,shared,3,251,read,2766,2766,2766,2768,2768,1
2769,E1,shared,0,56,read,2767,2767,2767,2769,2769,1
2770,E1,shared,2,30,read,2768,2768,2768,2770,2770,1
2771,E0,shared,1,1,read,2769,2769,2769,2771,2771,1
2771,E1,shared,3,99,read,2769,2769,2769,2771,2771,1
2772,E0,shared,1,85,read,2770,2770,2770,2772,2772,1
2772,E1,shared,1,165,read,2770,2770,2770,2772,2772,1
2773,E0,shared,0,168,read,2771,2771,2771,2773,2773,1
2773,E1,shared,0,168,read,2771,2771,2771,2773,2773,1
2774,E0,shared,0,72,read,2772,2772,2772,2774,2774,1
2774,E1,shared,0,184,read,2772,2772,2772,2774,2774,1
2775,E0,shared,2,158,read,2773,2773,2773,2775,2775,1
2775,E1,shared,3,247,read,2773,2773,2773,2775,2775,1
2776,E0,shared,0,240,read,2774,2774,2774,2776,2776,1
2776,E1,shared,1,101,read,2774,2774,2774,2776,2776,1
2777,E1,shared,0,168,read,2775,2775,2775,2777,2777,1
2778,E1,shared,3,15,read,2776,2776,2776,2778,2778,1
2779,E0,shared,2,50,read,2777,2777,2777,2779,2779,1
2779,E1,shared,2,50,read,2777,2777,2777,2779,2779,1
2780,E0,shared,2,66,read,2778,2778,2778,2780,2780,1
2780,E1,shared,2,66,read,2778,2778,2778,2780,2780,1
2782,E1,shared,0,8,read,2780,2780,2780,2782,2782,1
2783,E0,shared,3,19,read,2781,2781,2781,2783,2783,1
2783,E1,shared,2,46,read,2781,2781,2781,2783,2783,1
2784,E0,shared,2,58,read,2782,2782,2782,2784,2784,1
2784,E1,shared,2,58,read,2782,2782,2782,2784,2784,1
2786,E0,shared,0,112,read,2784,2784,2784,2786,2786,1
2786,E1,shared,2,34,read,2784,2784,2784,2786,2786,1
2787,E0,shared,3,63,read,2785,2785,2785,2787,2787,1
2787,E1,shared,3,115,read,2785,2785,2785,2787,2787,1
2788,E1,shared,3,251,read,2786,2786,2786,2788,2788,1
2789,E0,shared,0,24,read,2787,2787,2787,2789,2789,1
2789,E1,shared,0,216,read,2787,2787,2787,2789,2789,1
2790,E0,shared,1,157,read,2788,2788,2788,2790,2790,1
2790,E1,shared,1,157,read,2788,2788,2788,2790,2790,1
2791,E0,shared,2,202,read,2789,2789,2789,2791,2791,1
2791,E1,shared,3,135,read,2789,2789,2789,2791,2791,1
2792,E0,shared,3,215,read,2790,2790,2790,2792,2792,1
2792,E1,shared,3,63,read,2790,2790,2790,2792,2792,1
2793,E0,shared,2,230,read,2791,2791,2791,2793,2793,1
2793,E1,shared,2,122,read,2791,2791,2791,2793,2793,1
2794,E0,shared,2,74,read,2792,2792,2792,2794,2794,1
2794,E1,shared,2,74,read,2792,2792,2792,2794,2794,1
2795,E0,shared,2,222,read,2793,2793,2793,2795,2795,1
2795,E1,shared,3,51,read,2793,2793,2793,2795,2795,1
2796,E0,shared,0,236,read,2794,2794,2794,2796,2796,1
2796,E1,shared,3,139,read,2794,2794,2794,2796,2796,1
2797,E1,shared,0,80,read,2795,2795,2795,2797,2797,1
2798,E0,shared,1,149,read,2796,2796,2796,2798,2798,1
2798,E1,shared,1,177,read,2796,2796,2796,2798,2798,1
2799,E1,shared,1,217,read,2797,2797,2797,2799,2799,1
2800,E0,shared,1,9,read,2798,2798,2798,2800,2800,1
2800,E1,shared,1,117,read,2798,2798,2798,2800,2800,1
2801,E0,shared,0,36,read,2799,2799,2799,2801,2801,1
2801,E1,shared,1,17,read,2799,2799,2799,2801,2801,1
2802,E1,shared,0,48,read,2800,2800,2800,2802,2802,1
2803,E0,shared,3,79,read,2801,2801,2801,2803,2803,1
2803,E1,shared,3,79,read,2801,2801,2801,2803,2803,1
2804,E0,shared,0,88,read,2802,2802,2802,2804,2804,1
2805,E0,shared,1,217,read,2803,2803,2803,2805,2805,1
2805,E1,shared,3,175,read,2803,2803,2803,2805,2805,1
2806,E0,shared,1,5,read,2804,2804,2804,2806,2806,1
2806,E1,shared,1,29,read,2804,2804,2804,2806,2806,1
2807,E0,shared,2,170,read,2805,2805,2805,2807,2807,1
2808,E0,shared,1,61,read,2806,2806,2806,2808,2808,1
2809,E0,shared,0,32,read,2807,2807,2807,2809,2809,1
2810,E0,shared,2,98,read,2808,2808,2808,2810,2810,1
2810,E1,shared,2,130,read,2808,2808,2808,2810,2810,1
2811,E0,shared,3,79,read,2809,2809,2809,2811,2811,1
2811,E1,shared,0,172,read,2809,2809,2809,2811,2811,1
2812,E0,shared,3,175,read,2810,2810,2810,2812,2812,1
2812,E1,shared,3,39,read,2810,2810,2810,2812,2812,1
2813,E0,shared,1,93,read,2811,2811,2811,2813,2813,1
2813,E1,shared,1,73,read,2811,2811,2811,2813,2813,1
2814,E0,shared,2,150,read,2812,2812,2812,2814,2814,1
2814,E1,shared,2,202,read,2812,2812,2812,2814,2814,1
2816,E0,shared,0,172,read,2814,2814,2814,2816,2816,1
2816,E1,shared,0,8,read,2814,2814,2814,2816,2816,1
2817,E0,shared,3,75,read,2815,2815,2815,2817,2817,1
2817,E1,shared,0,124,read,2815,2815,2815,2817,2817,1
2818,E0,shared,2,62,read,2816,2816,2816,2818,2818,1
2818,E1,shared,3,215,read,2816,2816,2816,2818,2818,1
2819,E0,shared,1,109,read,2817,2817,2817,2819,2819,1
2819,E1,shared,1,125,read,2817,2817,2817,2819,2819,1
2820,E0,shared,0,244,read,2818,2818,2818,2820,2820,1
2820,E1,shared,1,253,read,2818,2818,2818,2820,2820,1
2821,E0,shared,0,64,read,2819,2819,2819,2821,2821,1
2822,E0,shared,2,2,read,2820,2820,2820,2822,2822,1
2822,E1,shared,2,38,read,2820,2820,2820,2822,2822,1
2823,E0,shared,0,40,read,2821,2821,2821,2823,2823,1
2823,E1,shared,0,40,read,2821,2821,2821,2823,2823,1
2824,E1,shared,3,195,read,2822,2822,2822,2824,2824,1
2825,E0,shared,3,155,read,2823,2823,2823,2825,2825,1
2825,E1,shared,1,237,read,2823,2823,2823,2825,2825,1
2827,E0,shared,1,149,read,2825,2825,2825,2827,2827,1
2827,E1,shared,3,171,read,2825,2825,2825,2827,2827,1
2828,E0,shared,1,21,read,2826,2826,2826,2828,2828,1
2828,E1,shared,0,132,read,2826,2826,2826,2828,2828,1
2829,E1,shared,2,114,read,2827,2827,2827,2829,2829,1
2830,E0,shared,0,184,read,2828,2828,2828,2830,2830,1
2831,E1,shared,3,151,read,2829,2829,2829,2831,2831,1
2832,E0,shared,1,61,read,2830,2830,2830,2832,2832,1
2833,E0,shared,0,36,read,2831,2831,2831,2833,2833,1
2833,E1,shared,0,48,read,2831,2831,2831,2833,2833,1
2834,E0,shared,0,36,read,2832,2832,2832,2834,2834,1
2834,E1,shared,0,252,read,2832,2832,2832,2834,2834,1
2835,E0,shared,2,94,read,2833,2833,2833,2835,2835,1
2835,E1,shared,2,158,read,2833,2833,2833,2835,2835,1
2836,E1,shared,3,159,read,2834,2834,2834,2836,2836,1
2837,E0,shared,3,247,read,2835,2835,2835,2837,2837,1
2837,E1,shared,3,123,read,2835,2835,2835,2837,2837,1
2838,E0,shared,1,57,read,2836,2836,2836,2838,2838,1
2838,E1,shared,1,17,read,2836,2836,2836,2838,2838,1
2840,E0,shared,2,198,read,2838,2838,2838,2840,2840,1
2840,E1,shared,2,10,read,2838,2838,2838,2840,2840,1
2841,E0,shared,3,211,read,2839,2839,2839,2841,2841,1
2841,E1,shared,3,211,read,2839,2839,2839,2841,2841,1
2842,E0,shared,3,55,read,2840,2840,2840,2842,2842,1
2842,E1,shared,3,191,read,2840,2840,2840,2842,2842,1
2843,E0,shared,2,238,read,2841,2841,2841,2843,2843,1
2843,E1,shared,0,4,read,2841,2841,2841,2843,2843,1
2844,E0,shared,1,145,read,2842,2842,2842,2844,2844,1
2844,E1,shared,2,142,read,2842,2842,2842,2844,2844,1
2845,E1,shared,0,128,read,2843,2843,2843,2845,2845,1
2846,E0,shared,3,7,read,2844,2844,2844,2846,2846,1
2847,E0,shared,0,76,read,2845,2845,2845,2847,2847,1
2847,E1,shared,2,38,read,2845,2845,2845,2847,2847,1
2848,E1,shared,3,163,read,2846,2846,2846,2848,2848,1
2849,E0,shared,3,247,read,2847,2847,2847,2849,2849,1
2850,E1,shared,2,186,read,2848,2848,2848,2850,2850,1
2851,E0,shared,2,126,read,2849,2849,2849,2851,2851,1
2851,E1,shared,0,180,read,2849,2849,2849,2851,2851,1
2852,E1,shared,0,80,read,2850,2850,2850,2852,2852,1
2853,E0,shared,1,177,read,2851,2851,2851,2853,2853,1
2854,E0,shared,2,46,read,2852,2852,2852,2854,2854,1
2854,E1,shared,2,186,read,2852,2852,2852,2854,2854,1
2855,E0,shared,3,203,read,2853,2853,2853,2855,2855,1
2855,E1,shared,2,214,read,2853,2853,2853,2855,2855,1
2856,E0,shared,0,100,read,2854,2854,2854,2856,2856,1
2856,E1,shared,0,184,read,2854,2854,2854,2856,2856,1
2857,E0,shared,3,103,read,2855,2855,2855,2857,2857,1
2857,E1,shared,1,185,read,2855,2855,2855,2857,2857,1
2858,E0,shared,2,38,read,2856,2856,2856,2858,2858,1
2858,E1,shared,2,210,read,2856,2856,2856,2858,2858,1
2859,E0,shared,2,222,read,2857,2857,2857,2859,2859,1
2859,E1,shared,3,187,read,2857,2857,2857,2859,2859,1
2860,E0,shared,0,180,read,2858,2858,2858,2860,2860,1
2860,E1,shared,0,180,read,2858,2858,2858,2860,2860,1
2861,E0,shared,1,29,read,2859,2859,2859,2861,2861,1
2861,E1,shared,2,90,read,2859,2859,2859,2861,2861,1
2862,E0,shared,2,250,read,2860,2860,2860,2862,2862,1
2862,E1,shared,2,250,read,2860,2860,2860,2862,2862,1
2863,E0,shared,2,42,read,2861,2861,2861,2863,2863,1
2863,E1,shared,0,44,read,2861,2861,2861,2863,2863,1
2864,E0,shared,3,63,read,2862,2862,2862,2864,2864,1
2864,E1,shared,3,87,read,2862,2862,2862,2864,2864,1
2865,E0,shared,0,160,read,2863,2863,2863,2865,2865,1
2865,E1,shared,1,93,read,2863,2863,2863,2865,2865,1
2866,E0,shared,2,166,read,2864,2864,2864,2866,2866,1
2866,E1,shared,2,10,read,2864,2864,2864,2866,2866,1
2867,E0,shared,0,248,read,2865,2865,2865,2867,2867,1
2868,E0,shared,3,79,read,2866,2866,2866,2868,2868,1
2868,E1,shared,3,79,read,2866,2866,2866,2868,2868,1
2869,E0,shared,3,95,read,2867,2867,2867,2869,2869,1
2869,E1,shared,1,97,read,2867,2867,2867,2869,2869,1
2871,E0,shared,0,52,read,2869,2869,2869,2871,2871,1
2871,E1,shared,1,105,read,2869,2869,2869,2871,2871,1
2872,E0,shared,2,250,read,2870,2870,2870,2872,2872,1
2872,E1,shared,3,215,read,2870,2870,2870,2872,2872,1
2873,E0,shared,3,179,read,2871,2871,2871,2873,2873,1
2873,E1,shared,3,91,read,2871,2871,2871,2873,2873,1
2874,E0,shared,2,206,read,2872,2872,2872,2874,2874,1
2875,E0,shared,2,214,read,2873,2873,2873,2875,2875,1
2875,E1,shared,2,134,read,2873,2873,2873,2875,2875,1
2876,E0,shared,2,118,read,2874,2874,2874,2876,2876,1
2878,E0,shared,0,208,read,2876,2876,2876,2878,2878,1
2878,E1,shared,0,208,read,2876,2876,2876,2878,2878,1
2879,E0,shared,3,163,read,2877,2877,2877,2879,2879,1
2879,E1,shared,3,163,read,2877,2877,2877,2879,2879,1
2880,E0,shared,3,207,read,2878,2878,2878,2880,2880,1
2880,E1,shared,3,235,read,2878,2878,2878,2880,2880,1
2881,E0,shared,1,253,read,2879,2879,2879,2881,2881,1
2882,E0,shared,3,107,read,2880,2880,2880,2882,2882,1
2882,E1,shared,3,91,read,2880,2880,2880,2882,2882,1
2883,E1,shared,3,59,read,2881,2881,2881,2883,2883,1
2884,E0,shared,1,197,read,2882,2882,2882,2884,2884,1
2884,E1,shared,1,213,read,2882,2882,2882,2884,2884,1
2885,E0,shared,0,204,read,2883,2883,2883,2885,2885,1
2885,E1,shared,0,136,read,2883,2883,2883,2885,2885,1
2886,E0,shared,2,46,read,2884,2884,2884,2886,2886,1
2886,E1,shared,1,85,read,2884,2884,2884,2886,2886,1
2887,E0,shared,1,109,read,2885,2885,2885,2887,2887,1
2887,E1,shared,1,189,read,2885,2885,2885,2887,2887,1
2888,E0,shared,3,63,read,2886,2886,2886,2888,2888,1
2888,E1,shared,1,49,read,2886,2886,2886,2888,2888,1
2889,E0,shared,1,209,read,2887,2887,2887,2889,2889,1
2890,E1,shared,2,86,read,2888,2888,2888,2890,2890,1
2891,E0,shared,0,4,read,2889,2889,2889,2891,2891,1
2891,E1,shared,1,49,read,2889,2889,2889,2891,2891,1
2892,E0,shared,2,182,read,2890,2890,2890,2892,2892,1
2892,E1,shared,3,255,read,2890,2890,2890,2892,2892,1
2893,E0,shared,0,48,read,2891,2891,2891,2893,2893,1
2894,E0,shared,3,211,read,2892,2892,2892,2894,2894,1
2894,E1,shared,0,208,read,2892,2892,2892,2894,2894,1
2895,E0,shared,1,97,read,2893,2893,2893,2895,2895,1
2896,E0,shared,3,71,read,2894,2894,2894,2896,2896,1
2896,E1,shared,3,71,read,2894,2894,2894,2896,2896,1
2897,E0,shared,2,178,read,2895,2895,2895,2897,2897,1
2897,E1,shared,1,21,read,2895,2895,2895,2897,2897,1
2898,E0,shared,0,216,read,2896,2896,2896,2898,2898,1
2899,E0,shared,2,10,read,2897,2897,2897,2899,2899,1
2899,E1,shared,2,10,read,2897,2897,2897,2899,2899,1
2900,E0,shared,1,149,read,2898,2898,2898,2900,2900,1
2901,E0,shared,3,59,read,2899,2899,2899,2901,2901,1
2901,E1,shared,3,251,read,2899,2899,2899,2901,2901,1
2903,E0,shared,2,134,read,2901,2901,2901,2903,2903,1
2903,E1,shared,2,134,read,2901,2901,2901,2903,2903,1
2904,E0,shared,1,237,read,2902,2902,2902,2904,2904,1
2904,E1,shared,1,237,read,2902,2902,2902,2904,2904,1
2906,E0,shared,0,24,read,2904,2904,2904,2906,2906,1
2907,E0,shared,0,192,read,2905,2905,2905,2907,2907,1
2907,E1,shared,0,156,read,2905,2905,2905,2907,2907,1
2908,E0,shared,0,156,read,2906,2906,2906,2908,2908,1
2908,E1,shared,0,48,read,2906,2906,2906,2908,2908,1
2909,E1,shared,1,153,read,2907,2907,2907,2909,2909,1
2910,E0,shared,1,69,read,2908,2908,2908,2910,2910,1
2910,E1,shared,1,69,read,2908,2908,2908,2910,2910,1
2911,E0,shared,0,8,read,2909,2909,2909,2911,2911,1
2911,E1,shared,2,198,read,2909,2909,2909,2911,2911,1
2912,E0,shared,2,126,read,2910,2910,2910,2912,2912,1
2912,E1,shared,2,126,read,2910,2910,2910,2912,2912,1
2913,E1,shared,2,170,read,2911,2911,2911,2913,2913,1
2914,E0,shared,1,81,read,2912,2912,2912,2914,2914,1
2914,E1,shared,1,73,read,2912,2912,2912,2914,2914,1
2915,E1,shared,1,29,read,2913,2913,2913,2915,2915,1
2916,E0,shared,1,189,read,2914,2914,2914,2916,2916,1
2916,E1,shared,3,203,read,2914,2914,2914,2916,2916,1
2917,E0,shared,1,65,read,2915,2915,2915,2917,2917,1
2917,E1,shared,2,74,read,2915,2915,2915,2917,2917,1
2918,E0,shared,3,255,read,2916,2916,2916,2918,2918,1
2918,E1,shared,3,255,read,2916,2916,2916,2918,2918,1
2919,E0,shared,2,110,read,2917,2917,2917,2919,2919,1
2919,E1,shared,2,146,read,2917,2917,2917,2919,2919,1
2920,E0,shared,0,0,read,2918,2918,2918,2920,2920,1
2920,E1,shared,1,153,read,2918,2918,2918,2920,2920,1
2921,E1,shared,0,220,read,2919,2919,2919,2921,2921,1
2922,E0,shared,0,92,read,2920,2920,2920,2922,2922,1
2922,E1,shared,0,104,read,2920,2920,2920,2922,2922,1
2923,E1,shared,2,50,read,2921,2921,2921,2923,2923,1
2924,E0,shared,3,227,read,2922,2922,2922,2924,2924,1
2924,E1,shared,3,71,read,2922,2922,2922,2924,2924,1
2925,E0,shared,0,248,read,2923,2923,2923,2925,2925,1
2925,E1,shared,0,196,read,2923,2923,2923,2925,2925,1
2926,E0,shared,1,197,read,2924,2924,2924,2926,2926,1
2926,E1,shared,1,189,read,2924,2924,2924,2926,2926,1
2927,E0,shared,3,31,read,2925,2925,2925,2927,2927,1
2927,E1,shared,0,64,read,2925,2925,2925,2927,2927,1
2928,E0,shared,3,159,read,2926,2926,2926,2928,2928,1
2929,E0,shared,1,125,read,2927,2927,2927,2929,2929,1
2929,E1,shared,1,141,read,2927,2927,2927,2929,2929,1
2930,E0,shared,0,244,read,2928,2928,2928,2930,2930,1
2930,E1,shared,0,4,read,2928,2928,2928,2930,2930,1
2931,E0,shared,1,105,read,2929,2929,2929,2931,2931,1
2931,E1,shared,1,245,read,2929,2929,2929,2931,2931,1
2932,E0,shared,2,98,read,2930,2930,2930,2932,2932,1
2932,E1,shared,2,98,read,2930,2930,2930,2932,2932,1
2933,E0,shared,3,219,read,2931,2931,2931,2933,2933,1
2933,E1,shared,3,219,read,2931,2931,2931,2933,2933,1
2934,E0,shared,0,124,read,2932,2932,2932,2934,2934,1
2934,E1,shared,0,124,read,2932,2932,2932,2934,2934,1
2935,E0,shared,2,126,read,2933,2933,2933,2935,2935,1
2935,E1,shared,2,126,read,2933,2933,2933,2935,2935,1
2936,E0,shared,3,227,read,2934,2934,2934,2936,2936,1
2937,E0,shared,3,111,read,2935,2935,2935,2937,2937,1
2937,E1,shared,3,111,read,2935,2935,2935,2937,2937,1
2938,E0,shared,3,79,read,2936,2936,2936,2938,2938,1
2938,E1,shared,3,79,read,2936,2936,2936,2938,2938,1
2939,E0,shared,0,100,read,2937,2937,2937,2939,2939,1
2940,E0,shared,3,27,read,2938,2938,2938,2940,2940,1
2940,E1,shared,3,27,read,2938,2938,2938,2940,2940,1
2941,E0,shared,3,59,read,2939,2939,2939,2941,2941,1
2942,E0,shared,0,60,read,2940,2940,2940,2942,2942,1
2943,E0,shared,2,198,read,2941,2941,2941,2943,2943,1
2943,E1,shared,2,214,read,2941,2941,2941,2943,2943,1
2944,E0,shared,2,194,read,2942,2942,2942,2944,2944,1
2944,E1,shared,2,194,read,2942,2942,2942,2944,2944,1
2945,E0,shared,1,25,read,2943,2943,2943,2945,2945,1
2945,E1,shared,1,53,read,2943,2943,2943,2945,2945,1
2946,E0,shared,2,162,read,2944,2944,2944,2946,2946,1
2946,E1,shared,0,196,read,2944,2944,2944,2946,2946,1
2947,E0,shared,1,33,read,2945,2945,2945,2947,2947,1
2947,E1,shared,1,25,read,2945,2945,2945,2947,2947,1
2948,E0,shared,0,132,read,2946,2946,2946,2948,2948,1
2948,E1,shared,3,51,read,2946,2946,2946,2948,2948,1
2949,E0,shared,3,127,read,2947,2947,2947,2949,2949,1
2949,E1,shared,3,27,read,2947,2947,2947,2949,2949,1
2950,E0,shared,2,122,read,2948,2948,2948,2950,2950,1
2950,E1,shared,2,122,read,2948,2948,2948,2950,2950,1
2952,E0,shared,3,143,read,2950,2950,2950,2952,2952,1
2952,E1,shared,3,143,read,2950,2950,2950,2952,2952,1
2953,E1,shared,0,64,read,2951,2951,2951,2953,2953,1
2954,E0,shared,2,162,read,2952,2952,2952,2954,2954,1
2955,E0,shared,2,42,read,2953,2953,2953,2955,2955,1
2955,E1,shared,1,161,read,2953,2953,2953,2955,2955,1
2956,E0,shared,1,69,read,2954,2954,2954,2956,2956,1
2956,E1,shared,1,69,read,2954,2954,2954,2956,2956,1
2957,E0,shared,0,240,read,2955,2955,2955,2957,2957,1
2957,E1,shared,3,203,read,2955,2955,2955,2957,2957,1
2958,E0,shared,1,253,read,2956,2956,2956,2958,2958,1
2958,E1,shared,0,208,read,2956,2956,2956,2958,2958,1
2959,E0,shared,2,46,read,2957,2957,2957,2959,2959,1
2959,E1,shared,2,82,read,2957,2957,2957,2959,2959,1
2960,E0,shared,0,4,read,2958,2958,2958,2960,2960,1
2960,E1,shared,2,134,read,2958,2958,2958,2960,2960,1
2961,E0,shared,0,144,read,2959,2959,2959,2961,2961,1
2962,E0,shared,1,105,read,2960,2960,2960,2962,2962,1
2962,E1,shared,1,73,read,2960,2960,2960,2962,2962,1
2964,E0,shared,0,124,read,2962,2962,2962,2964,2964,1
2964,E1,shared,0,84,read,2962,2962,2962,2964,2964,1
2965,E0,shared,1,205,read,2963,2963,2963,2965,2965,1
2965,E1,shared,1,53,read,2963,2963,2963,2965,2965,1
2966,E0,shared,2,190,read,2964,2964,2964,2966,2966,1
2966,E1,shared,0,40,read,2964,2964,2964,2966,2966,1
2967,E0,shared,1,49,read,2965,2965,2965,2967,2967,1
2968,E0,shared,2,170,read,2966,2966,2966,2968,2968,1
2968,E1,shared,1,141,read,2966,2966,2966,2968,2968,1
2969,E0,shared,2,82,read,2967,2967,2967,2969,2969,1
2969,E1,shared,2,190,read,2967,2967,2967,2969,2969,1
2970,E1,shared,0,64,read,2968,2968,2968,2970,2970,1
2971,E1,shared,2,234,read,2969,2969,2969,2971,2971,1
2972,E0,shared,1,221,read,2970,2970,2970,2972,2972,1
2972,E1,shared,1,221,read,2970,2970,2970,2972,2972,1
2973,E0,shared,1,29,read,2971,2971,2971,2973,2973,1
2973,E1,shared,1,205,read,2971,2971,2971,2973,2973,1
2974,E0,shared,0,0,read,2972,2972,2972,2974,2974,1
2974,E1,shared,0,80,read,2972,2972,2972,2974,2974,1
2975,E0,shared,2,14,read,2973,2973,2973,2975,2975,1
2975,E1,shared,3,135,read,2973,2973,2973,2975,2975,1
2976,E0,shared,0,148,read,2974,2974,2974,2976,2976,1
2976,E1,shared,0,148,read,2974,2974,2974,2976,2976,1
2977,E0,shared,1,81,read,2975,2975,2975,2977,2977,1
2977,E1,shared,0,200,read,2975,2975,2975,2977,2977,1
2978,E0,shared,2,66,read,2976,2976,2976,2978,2978,1
2978,E1,shared,2,198,read,2976,2976,2976,2978,2978,1
2979,E1,shared,2,158,read,2977,2977,2977,2979,2979,1
2980,E1,shared,2,234,read,2978,2978,2978,2980,2980,1
2981,E0,shared,2,238,read,2979,2979,2979,2981,2981,1
2981,E1,shared,2,238,read,2979,2979,2979,2981,2981,1
2982,E0,shared,0,224,read,2980,2980,2980,2982,2982,1
2982,E1,shared,0,140,read,2980,2980,2980,2982,2982,1
2983,E1,shared,0,124,read,2981,2981,2981,2983,2983,1
2984,E0,shared,2,150,read,2982,2982,2982,2984,2984,1
2984,E1,shared,2,150,read,2982,2982,2982,2984,2984,1
2985,E0,shared,3,39,read,2983,2983,2983,2985,2985,1
2985,E1,shared,0,176,read,2983,2983,2983,2985,2985,1
2986,E0,shared,0,112,read,2984,2984,2984,2986,2986,1
2986,E1,shared,2,6,read,2984,2984,2984,2986,2986,1
2988,E0,shared,1,69,read,2986,2986,2986,2988,2988,1
2988,E1,shared,0,4,read,2986,2986,2986,2988,2988,1
2989,E0,shared,2,226,read,2987,2987,2987,2989,2989,1
2989,E1,shared,1,117,read,2987,2987,2987,2989,2989,1
2990,E0,shared,1,237,read,2988,2988,2988,2990,2990,1
2990,E1,shared,1,105,read,2988,2988,2988,2990,2990,1
2991,E0,shared,0,228,read,2989,2989,2989,2991,2991,1
2991,E1,shared,0,144,read,2989,2989,2989,2991,2991,1
2992,E0,shared,0,228,read,2990,2990,2990,2992,2992,1
2992,E1,shared,2,110,read,2990,2990,2990,2992,2992,1
2993,E0,shared,0,84,read,2991,2991,2991,2993,2993,1
2994,E0,shared,1,105,read,2992,2992,2992,2994,2994,1
2994,E1,shared,0,4,read,2992,2992,2992,2994,2994,1
2995,E0,shared,3,171,read,2993,2993,2993,2995,2995,1
2995,E1,shared,3,55,read,2993,2993,2993,2995,2995,1
2996,E0,shared,0,120,read,2994,2994,2994,2996,2996,1
2996,E1,shared,0,104,read,2994,2994,2994,2996,2996,1
2997,E0,shared,0,240,read,2995,2995,2995,2997,2997,1
2997,E1,shared,2,114,read,2995,2995,2995,2997,2997,1
2998,E0,shared,1,93,read,2996,2996,2996,2998,2998,1
2998,E1,shared,1,141,read,2996,2996,2996,2998,2998,1
2999,E0,shared,2,174,read,2997,2997,2997,2999,2999,1
2999,E1,shared,1,77,read,2997,2997,2997,2999,2999,1
3000,E1,shared,0,152,read,2998,2998,2998,3000,3000,1
3001,E0,shared,1,213,read,2999,2999,2999,3001,3001,1
3001,E1,shared,1,213,read,2999,2999,2999,3001,3001,1
3002,E0,shared,1,193,read,3000,3000,3000,3002,3002,1
3003,E0,shared,2,70,read,3001,3001,3001,3003,3003,1
3003,E1,shared,0,88,read,3001,3001,3001,3003,3003,1
3004,E0,shared,1,45,read,3002,3002,3002,3004,3004,1
3004,E1,shared,1,69,read,3002,3002,3002,3004,3004,1
3005,E1,shared,2,226,read,3003,3003,3003,3005,3005,1
3006,E0,shared,0,120,read,3004,3004,3004,3006,3006,1
3006,E1,shared,0,180,read,3004,3004,3004,3006,3006,1
3007,E0,shared,2,234,read,3005,3005,3005,3007,3007,1
3007,E1,shared,0,224,read,3005,3005,3005,3007,3007,1
3008,E0,shared,2,50,read,3006,3006,3006,3008,3008,1
3009,E0,shared,0,92,read,3007,3007,3007,3009,3009,1
3009,E1,shared,1,133,read,3007,3007,3007,3009,3009,1
3010,E0,shared,2,218,read,3008,3008,3008,3010,3010,1
3010,E1,shared,1,205,read,3008,3008,3008,3010,3010,1
3011,E0,shared,3,135,read,3009,3009,3009,3011,3011,1
3011,E1,shared,0,84,read,3009,3009,3009,3011,3011,1
3012,E0,shared,1,225,read,3010,3010,3010,3012,3012,1
3012,E1,shared,1,225,read,3010,3010,3010,3012,3012,1
3013,E0,shared,3,59,read,3011,3011,3011,3013,3013,1
3013,E1,shared,3,131,read,3011,3011,3011,3013,3013,1
3014,E0,shared,3,163,read,3012,3012,3012,3014,3014,1
3014,E1,shared,0,232,read,3012,3012,3012,3014,3014,1
3015,E0,shared,0,12,read,3013,3013,3013,3015,3015,1
3015,E1,shared,0,168,read,3013,3013,3013,3015,3015,1
3016,E1,shared,0,4,read,3014,3014,3014,3016,3016,1
3017,E0,shared,0,88,read,3015,3015,3015,3017,3017,1
3018,E0,shared,0,4,read,3016,3016,3016,3018,3018,1
3018,E1,shared,2,30,read,3016,3016,3016,3018,3018,1
3019,E0,shared,0,120,read,3017,3017,3017,3019,3019,1
3019,E1,shared,0,120,read,3017,3017,3017,3019,3019,1
3020,E0,shared,1,65,read,3018,3018,3018,3020,3020,1
3021,E0,shared,2,226,read,3019,3019,3019,3021,3021,1
3021,E1,shared,1,69,read,3019,3019,3019,3021,3021,1
3022,E0,shared,2,182,read,3020,3020,3020,3022,3022,1
3022,E1,shared,3,219,read,3020,3020,3020,3022,3022,1
3023,E0,shared,1,73,read,3021,3021,3021,3023,3023,1
3023,E1,shared,1,153,read,3021,3021,3021,3023,3023,1
3024,E0,shared,0,88,read,3022,3022,3022,3024,3024,1
3025,E0,shared,1,233,read,3023,3023,3023,3025,3025,1
3025,E1,shared,3,211,read,3023,3023,3023,3025,3025,1
3026,E0,shared,2,38,read,3024,3024,3024,3026,3026,1
3027,E0,shared,0,212,read,3025,3025,3025,3027,3027,1
3028,E0,shared,3,63,read,3026,3026,3026,3028,3028,1
3028,E1,shared,1,13,read,3026,3026,3026,3028,3028,1
3029,E0,shared,3,159,read,3027,3027,3027,3029,3029,1
3030,E0,shared,3,103,read,3028,3028,3028,3030,3030,1
3031,E0,shared,3,199,read,3029,3029,3029,3031,3031,1
3031,E1,shared,0,192,read,3029,3029,3029,3031,3031,1
3032,E0,shared,0,96,read,3030,3030,3030,3032,3032,1
3032,E1,shared,0,40,read,3030,3030,3030,3032,3032,1
3033,E0,shared,2,118,read,3031,3031,3031,3033,3033,1
3033,E1,shared,3,147,read,3031,3031,3031,3033,3033,1
3034,E0,shared,3,239,read,3032,3032,3032,3034,3034,1
3034,E1,shared,3,195,read,3032,3032,3032,3034,3034,1
3035,E0,shared,0,192,read,3033,3033,3033,3035,3035,1
3035,E1,shared,0,172,read,3033,3033,3033,3035,3035,1
3036,E0,shared,1,149,read,3034,3034,3034,3036,3036,1
3037,E0,shared,3,3,read,3035,3035,3035,3037,3037,1
3038,E0,shared,1,185,read,3036,3036,3036,3038,3038,1
3038,E1,shared,1,129,read,3036,3036,3036,3038,3038,1
3039,E0,shared,2,126,read,3037,3037,3037,3039,3039,1
3039,E1,shared,2,126,read,3037,3037,3037,3039,3039,1
3040,E0,shared,1,121,read,3038,3038,3038,3040,3040,1
3041,E0,shared,2,58,read,3039,3039,3039,3041,3041,1
3042,E0,shared,1,97,read,3040,3040,3040,3042,3042,1
3042,E1,shared,1,189,read,3040,3040,3040,3042,3042,1
3043,E0,shared,1,101,read,3041,3041,3041,3043,3043,1
3044,E0,shared,1,157,read,3042,3042,3042,3044,3044,1
3044,E1,shared,1,157,read,3042,3042,3042,3044,3044,1
3045,E0,shared,0,32,read,3043,3043,3043,3045,3045,1
3046,E0,shared,2,90,read,3044,3044,3044,3046,3046,1
3046,E1,shared,2,154,read,3044,3044,3044,3046,3046,1
3047,E0,shared,3,175,read,3045,3045,3045,3047,3047,1
3047,E1,shared,3,175,read,3045,3045,3045,3047,3047,1
3048,E0,shared,3,87,read,3046,3046,3046,3048,3048,1
3048,E1,shared,3,163,read,3046,3046,3046,3048,3048,1
3049,E0,shared,0,228,read,3047,3047,3047,3049,3049,1
3049,E1,shared,3,139,read,3047,3047,3047,3049,3049,1
3050,E0,shared,1,249,read,3048,3048,3048,3050,3050,1
3050,E1,shared,2,138,read,3048,3048,3048,3050,3050,1
3051,E0,shared,0,56,read,3049,3049,3049,3051,3051,1
3051,E1,shared,0,56,read,3049,3049,3049,3051,3051,1
3052,E0,shared,2,202,read,3050,3050,3050,3052,3052,1
3052,E1,shared,3,175,read,3050,3050,3050,3052,3052,1
3053,E0,shared,3,99,read,3051,3051,3051,3053,3053,1
3053,E1,shared,3,199,read,3051,3051,3051,3053,3053,1
3054,E0,shared,1,169,read,3052,3052,3052,3054,3054,1
3055,E0,shared,0,68,read,3053,3053,3053,3055,3055,1
3055,E1,shared,0,68,read,3053,3053,3053,3055,3055,1
3056,E0,shared,3,247,read,3054,3054,3054,3056,3056,1
3057,E0,shared,3,47,read,3055,3055,3055,3057,3057,1
3057,E1,shared,3,63,read,3055,3055,3055,3057,3057,1
3058,E0,shared,3,107,read,3056,3056,3056,3058,3058,1
3058,E1,shared,3,107,read,3056,3056,3056,3058,3058,1
3059,E0,shared,0,0,read,3057,3057,3057,3059,3059,1
3059,E1,shared,0,0,read,3057,3057,3057,3059,3059,1
3060,E0,shared,2,246,read,3058,3058,3058,3060,3060,1
3060,E1,shared,2,246,read,3058,3058,3058,3060,3060,1
3061,E1,shared,0,0,read,3059,3059,3059,3061,3061,1
3062,E1,shared,3,111,read,3060,3060,3060,3062,3062,1
3063,E1,shared,1,193,read,3061,3061,3061,3063,3063,1
3064,E0,shared,0,84,read,3062,3062,3062,3064,3064,1
3065,E0,shared,1,241,read,3063,3063,3063,3065,3065,1
3065,E1,shared,1,1,read,3063,3063,3063,3065,3065,1
3066,E0,shared,2,146,read,3064,3064,3064,3066,3066,1
3066,E1,shared,2,146,read,3064,3064,3064,3066,3066,1
3067,E1,shared,3,207,read,3065,3065,3065,3067,3067,1
3068,E0,shared,3,191,read,3066,3066,3066,3068,3068,1
3069,E0,shared,2,26,read,3067,3067,3067,3069,3069,1
3069,E1,shared,2,242,read,3067,3067,3067,3069,3069,1
3070,E0,shared,2,30,read,3068,3068,3068,3070,3070,1
3070,E1,shared,0,36,read,3068,3068,3068,3070,3070,1
3072,E0,shared,1,49,read,3070,3070,3070,3072,3072,1
3072,E1,shared,2,186,read,3070,3070,3070,3072,3072,1
3073,E0,shared,2,106,read,3071,3071,3071,3073,3073,1
3074,E0,shared,1,49,read,3072,3072,3072,3074,3074,1
3074,E1,shared,1,153,read,3072,3072,3072,3074,3074,1
3075,E0,shared,2,130,read,3073,3073,3073,3075,3075,1
3076,E0,shared,0,216,read,3074,3074,3074,3076,3076,1
3076,E1,shared,0,56,read,3074,3074,3074,3076,3076,1
3078,E0,shared,2,90,read,3076,3076,3076,3078,3078,1
3078,E1,shared,2,90,read,3076,3076,3076,3078,3078,1
3079,E0,shared,0,52,read,3077,3077,3077,3079,3079,1
3079,E1,shared,1,153,read,3077,3077,3077,3079,3079,1
3080,E0,shared,0,156,read,3078,3078,3078,3080,3080,1
3080,E1,shared,0,156,read,3078,3078,3078,3080,3080,1
3081,E0,shared,1,1,read,3079,3079,3079,3081,3081,1
3081,E1,shared,0,100,read,3079,3079,3079,3081,3081,1
3082,E0,shared,0,164,read,3080,3080,3080,3082,3082,1
3082,E1,shared,0,164,read,3080,3080,3080,3082,3082,1
3083,E0,shared,1,149,read,3081,3081,3081,3083,3083,1
3083,E1,shared,2,98,read,3081,3081,3081,3083,3083,1
3084,E0,shared,2,26,read,3082,3082,3082,3084,3084,1
3084,E1,shared,2,86,read,3082,3082,3082,3084,3084,1
3085,E0,shared,3,127,read,3083,3083,3083,3085,3085,1
3085,E1,shared,3,23,read,3083,3083,3083,3085,3085,1
3086,E0,shared,1,153,read,3084,3084,3084,3086,3086,1
3086,E1,shared,1,117,read,3084,3084,3084,3086,3086,1
3087,E1,shared,0,32,read,3085,3085,3085,3087,3087,1
3088,E1,shared,2,254,read,3086,3086,3086,3088,3088,1
3089,E0,shared,2,178,read,3087,3087,3087,3089,3089,1
3089,E1,shared,2,26,read,3087,3087,3087,3089,3089,1
3090,E0,shared,1,181,read,3088,3088,3088,3090,3090,1
3090,E1,shared,1,181,read,3088,3088,3088,3090,3090,1
3091,E0,shared,0,156,read,3089,3089,3089,3091,3091,1
3091,E1,shared,0,244,read,3089,3089,3089,3091,3091,1
3092,E0,shared,2,158,read,3090,3090,3090,3092,3092,1
3092,E1,shared,1,1,read,3090,3090,3090,3092,3092,1
3093,E0,shared,2,118,read,3091,3091,3091,3093,3093,1
3093,E1,shared,2,118,read,3091,3091,3091,3093,3093,1
3094,E0,shared,2,222,read,3092,3092,3092,3094,3094,1
3094,E1,shared,2,222,read,3092,3092,3092,3094,3094,1
3095,E1,shared,3,151,read,3093,3093,3093,3095,3095,1
3096,E0,shared,3,71,read,3094,3094,3094,3096,3096,1
3096,E1,shared,0,228,read,3094,3094,3094,3096,3096,1
3097,E0,shared,1,17,read,3095,3095,3095,3097,3097,1
3097,E1,shared,3,27,read,3095,3095,3095,3097,3097,1
3098,E0,shared,0,84,read,3096,3096,3096,3098,3098,1
3098,E1,shared,1,57,read,3096,3096,3096,3098,3098,1
3099,E1,shared,3,111,read,3097,3097,3097,3099,3099,1
3100,E0,shared,3,87,read,3098,3098,3098,3100,3100,1
3100,E1,shared,3,87,read,3098,3098,3098,3100,3100,1
3101,E0,shared,0,224,read,3099,3099,3099,3101,3101,1
3101,E1,shared,0,16,read,3099,3099,3099,3101,3101,1
3102,E0,shared,2,234,read,3100,3100,3100,3102,3102,1
3103,E0,shared,3,47,read,3101,3101,3101,3103,3103,1
3103,E1,shared,1,57,read,3101,3101,3101,3103,3103,1
3104,E0,shared,1,241,read,3102,3102,3102,3104,3104,1
3104,E1,shared,1,109,read,3102,3102,3102,3104,3104,1
3105,E0,shared,2,170,read,3103,3103,3103,3105,3105,1
3105,E1,shared,2,170,read,3103,3103,3103,3105,3105,1
3106,E0,shared,3,79,read,3104,3104,3104,3106,3106,1
3106,E1,shared,3,83,read,3104,3104,3104,3106,3106,1
3107,E0,shared,3,243,read,3105,3105,3105,3107,3107,1
3107,E1,shared,3,187,read,3105,3105,3105,3107,3107,1
3108,E0,shared,2,2,read,3106,3106,3106,3108,3108,1
3108,E1,shared,3,91,read,3106,3106,3106,3108,3108,1
3109,E0,shared,1,101,read,3107,3107,3107,3109,3109,1
3109,E1,shared,3,55,read,3107,3107,3107,3109,3109,1
3110,E0,shared,1,201,read,3108,3108,3108,3110,3110,1
3110,E1,shared,1,237,read,3108,3108,3108,3110,3110,1
3111,E1,shared,3,195,read,3109,3109,3109,3111,3111,1
3112,E0,shared,1,69,read,3110,3110,3110,3112,3112,1
3112,E1,shared,2,86,read,3110,3110,3110,3112,3112,1
3113,E0,shared,2,214,read,3111,3111,3111,3113,3113,1
3114,E1,shared,0,240,read,3112,3112,3112,3114,3114,1
3115,E0,shared,3,127,read,3113,3113,3113,3115,3115,1
3115,E1,shared,3,127,read,3113,3113,3113,3115,3115,1
3116,E0,shared,0,20,read,3114,3114,3114,3116,3116,1
3117,E0,shared,2,30,read,3115,3115,3115,3117,3117,1
3117,E1,shared,2,222,read,3115,3115,3115,3117,3117,1
3118,E0,shared,3,119,read,3116,3116,3116,3118,3118,1
3118,E1,shared,3,119,read,3116,3116,3116,3118,3118,1
3119,E0,shared,0,176,read,3117,3117,3117,3119,3119,1
3119,E1,shared,0,216,read,3117,3117,3117,3119,3119,1
3120,E0,shared,0,140,read,3118,3118,3118,3120,3120,1
3120,E1,shared,0,232,read,3118,3118,3118,3120,3120,1
3121,E0,shared,1,161,read,3119,3119,3119,3121,3121,1
3121,E1,shared,1,237,read,3119,3119,3119,3121,3121,1
3122,E0,shared,1,153,read,3120,3120,3120,3122,3122,1
3122,E1,shared,1,153,read,3120,3120,3120,3122,3122,1
3124,E0,shared,3,203,read,3122,3122,3122,3124,3124,1
3125,E1,shared,1,245,read,3123,3123,3123,3125,3125,1
3126,E0,shared,3,115,read,3124,3124,3124,3126,3126,1
3126,E1,shared,3,211,read,3124,3124,3124,3126,3126,1
3127,E0,shared,3,147,read,3125,3125,3125,3127,3127,1
3127,E1,shared,3,191,read,3125,3125,3125,3127,3127,1
3128,E0,shared,2,186,read,3126,3126,3126,3128,3128,1
3128,E1,shared,2,186,read,3126,3126,3126,3128,3128,1
3129,E0,shared,2,214,read,3127,3127,3127,3129,3129,1
3129,E1,shared,2,78,read,3127,3127,3127,3129,3129,1
3130,E0,shared,1,97,read,3128,3128,3128,3130,3130,1
3130,E1,shared,3,215,read,3128,3128,3128,3130,3130,1
3131,E1,shared,1,89,read,3129,3129,3129,3131,3131,1
3132,E1,shared,3,159,read,3130,3130,3130,3132,3132,1
3133,E0,shared,0,152,read,3131,3131,3131,3133,3133,1
3133,E1,shared,0,152,read,3131,3131,3131,3133,3133,1
3134,E1,shared,0,120,read,3132,3132,3132,3134,3134,1
3135,E1,shared,1,185,read,3133,3133,3133,3135,3135,1
3136,E0,shared,2,58,read,3134,3134,3134,3136,3136,1
3137,E0,shared,0,68,read,3135,3135,3135,3137,3137,1
3137,E1,shared,0,68,read,3135,3135,3135,3137,3137,1
3138,E0,shared,2,62,read,3136,3136,3136,3138,3138,1
3138,E1,shared,3,131,read,3136,3136,3136,3138,3138,1
3139,E1,shared,2,166,read,3137,3137,3137,3139,3139,1
3140,E0,shared,0,8,read,3138,3138,3138,3140,3140,1
3140,E1,shared,0,8,read,3138,3138,3138,3140,3140,1
3141,E0,shared,0,180,read,3139,3139,3139,3141,3141,1
3141,E1,shared,0,180,read,3139,3139,3139,3141,3141,1
3142,E0,shared,0,236,read,3140,3140,3140,3142,3142,1
3142,E1,shared,0,48,read,3140,3140,3140,3142,3142,1
3143,E0,shared,2,230,read,3141,3141,3141,3143,3143,1
3144,E1,shared,2,230,read,3142,3142,3142,3144,3144,1
3146,E0,shared,1,129,read,3144,3144,3144,3146,3146,1
3146,E1,shared,1,229,read,3144,3144,3144,3146,3146,1
3147,E0,shared,3,215,read,3145,3145,3145,3147,3147,1
3148,E0,shared,1,173,read,3146,3146,3146,3148,3148,1
3149,E0,shared,0,36,read,3147,3147,3147,3149,3149,1
3149,E1,shared,0,44,read,3147,3147,3147,3149,3149,1
3150,E0,shared,1,177,read,3148,3148,3148,3150,3150,1
3150,E1,shared,1,129,read,3148,3148,3148,3150,3150,1
3151,E0,shared,2,46,read,3149,3149,3149,3151,3151,1
3151,E1,shared,3,103,read,3149,3149,3149,3151,3151,1
3152,E0,shared,3,163,read,3150,3150,3150,3152,3152,1
3152,E1,shared,1,29,read,3150,3150,3150,3152,3152,1
3153,E0,shared,3,159,read,3151,3151,3151,3153,3153,1
3153,E1,shared,1,249,read,3151,3151,3151,3153,3153,1
3154,E0,shared,0,224,read,3152,3152,3152,3154,3154,1
3155,E0,shared,2,194,read,3153,3153,3153,3155,3155,1
3155,E1,shared,2,18,read,3153,3153,3153,3155,3155,1
3156,E0,shared,1,201,read,3154,3154,3154,3156,3156,1
3156,E1,shared,3,7,read,3154,3154,3154,3156,3156,1
3157,E1,shared,1,41,read,3155,3155,3155,3157,3157,1
3158,E0,shared,1,113,read,3156,3156,3156,3158,3158,1
3158,E1,shared,0,168,read,3156,3156,3156,3158,3158,1
3159,E0,shared,2,142,read,3157,3157,3157,3159,3159,1
3159,E1,shared,0,28,read,3157,3157,3157,3159,3159,1
3160,E0,shared,0,68,read,3158,3158,3158,3160,3160,1
3161,E0,shared,1,93,read,3159,3159,3159,3161,3161,1
3161,E1,shared,0,96,read,3159,3159,3159,3161,3161,1
3162,E0,shared,2,30,read,3160,3160,3160,3162,3162,1
3162,E1,shared,1,97,read,3160,3160,3160,3162,3162,1
3163,E1,shared,2,66,read,3161,3161,3161,3163,3163,1
3164,E0,shared,3,19,read,3162,3162,3162,3164,3164,1
3164,E1,shared,2,126,read,3162,3162,3162,3164,3164,1
3165,E0,shared,1,237,read,3163,3163,3163,3165,3165,1
3166,E0,shared,2,50,read,3164,3164,3164,3166,3166,1
3166,E1,shared,2,70,read,3164,3164,3164,3166,3166,1
3167,E0,shared,1,85,read,3165,3165,3165,3167,3167,1
3168,E0,shared,1,221,read,3166,3166,3166,3168,3168,1
3168,E1,shared,1,241,read,3166,3166,3166,3168,3168,1
3169,E1,shared,3,127,read,3167,3167,3167,3169,3169,1
3170,E0,shared,0,116,read,3168,3168,3168,3170,3170,1
3170,E1,shared,0,224,read,3168,3168,3168,3170,3170,1
3171,E1,shared,1,253,read,3169,3169,3169,3171,3171,1
3172,E0,shared,3,219,read,3170,3170,3170,3172,3172,1
3172,E1,shared,2,30,read,3170,3170,3170,3172,3172,1
3173,E1,shared,3,139,read,3171,3171,3171,3173,3173,1
3174,E0,shared,1,221,read,3172,3172,3172,3174,3174,1
3174,E1,shared,0,192,read,3172,3172,3172,3174,3174,1
3175,E0,shared,0,148,read,3173,3173,3173,3175,3175,1
3175,E1,shared,1,205,read,3173,3173,3173,3175,3175,1
3176,E0,shared,3,183,read,3174,3174,3174,3176,3176,1
3176,E1,shared,3,195,read,3174,3174,3174,3176,3176,1
3177,E0,shared,3,195,read,3175,3175,3175,3177,3177,1
3177,E1,shared,0,220,read,3175,3175,3175,3177,3177,1
3178,E0,shared,2,34,read,3176,3176,3176,3178,3178,1
3178,E1,shared,2,114,read,3176,3176,3176,3178,3178,1
3179,E0,shared,1,245,read,3177,3177,3177,3179,3179,1
3179,E1,shared,2,106,read,3177,3177,3177,3179,3179,1
3180,E0,shared,3,31,read,3178,3178,3178,3180,3180,1
3181,E1,shared,1,53,read,3179,3179,3179,3181,3181,1
3182,E0,shared,0,224,read,3180,3180,3180,3182,3182,1
3182,E1,shared,1,113,read,3180,3180,3180,3182,3182,1
3183,E0,shared,0,0,read,3181,3181,3181,3183,3183,1
3183,E1,shared,3,103,read,3181,3181,3181,3183,3183,1
3184,E0,shared,3,247,read,3182,3182,3182,3184,3184,1
3185,E0,shared,2,206,read,3183,3183,3183,3185,3185,1
3185,E1,shared,1,225,read,3183,3183,3183,3185,3185,1
3186,E0,shared,1,221,read,3184,3184,3184,3186,3186,1
3186,E1,shared,2,54,read,3184,3184,3184,3186,3186,1
3187,E0,shared,2,174,read,3185,3185,3185,3187,3187,1
3187,E1,shared,2,154,read,3185,3185,3185,3187,3187,1
3188,E0,shared,3,211,read,3186,3186,3186,3188,3188,1
3188,E1,shared,1,141,read,3186,3186,3186,3188,3188,1
3189,E0,shared,3,87,read,3187,3187,3187,3189,3189,1
3189,E1,shared,1,149,read,3187,3187,3187,3189,3189,1
3190,E0,shared,3,255,read,3188,3188,3188,3190,3190,1
3190,E1,shared,1,109,read,3188,3188,3188,3190,3190,1
3191,E0,shared,1,249,read,3189,3189,3189,3191,3191,1
3191,E1,shared,1,217,read,3189,3189,3189,3191,3191,1
3192,E0,shared,1,53,read,3190,3190,3190,3192,3192,1
3192,E1,shared,1,53,read,3190,3190,3190,3192,3192,1
3193,E0,shared,3,123,read,3191,3191,3191,3193,3193,1
3193,E1,shared,3,143,read,3191,3191,3191,3193,3193,1
3194,E0,shared,1,5,read,3192,3192,3192,3194,3194,1
3194,E1,shared,1,5,read,3192,3192,3192,3194,3194,1
3195,E0,shared,0,164,read,3193,3193,3193,3195,3195,1
3196,E0,shared,1,33,read,3194,3194,3194,3196,3196,1
3196,E1,shared,1,33,read,3194,3194,3194,3196,3196,1
3197,E0,shared,1,185,read,3195,3195,3195,3197,3197,1
3197,E1,shared,2,218,read,3195,3195,3195,3197,3197,1
3198,E0,shared,2,246,read,3196,3196,3196,3198,3198,1
3198,E1,shared,2,74,read,3196,3196,3196,3198,3198,1
3199,E0,shared,1,57,read,3197,3197,3197,3199,3199,1
3199,E1,shared,0,48,read,3197,3197,3197,3199,3199,1
3200,E1,shared,1,37,read,3198,3198,3198,3200,3200,1
3201,E0,shared,1,193,read,3199,3199,3199,3201,3201,1
3201,E1,shared,1,193,read,3199,3199,3199,3201,3201,1
3202,E0,shared,0,140,read,3200,3200,3200,3202,3202,1
3203,E0,shared,3,63,read,3201,3201,3201,3203,3203,1
3204,E0,shared,3,251,read,3202,3202,3202,3204,3204,1
3205,E0,shared,2,214,read,3203,3203,3203,3205,3205,1
3206,E0,shared,2,150,read,3204,3204,3204,3206,3206,1
3206,E1,shared,1,225,read,3204,3204,3204,3206,3206,1
3207,E0,shared,3,183,read,3205,3205,3205,3207,3207,1
3207,E1,shared,3,91,read,3205,3205,3205,3207,3207,1
3208,E0,shared,2,134,read,3206,3206,3206,3208,3208,1
3208,E1,shared,2,134,read,3206,3206,3206,3208,3208,1
3209,E0,shared,1,121,read,3207,3207,3207,3209,3209,1
3209,E1,shared,1,121,read,3207,3207,3207,3209,3209,1
3210,E0,shared,0,188,read,3208,3208,3208,3210,3210,1
3210,E1,shared,0,188,read,3208,3208,3208,3210,3210,1
3211,E0,shared,1,241,read,3209,3209,3209,3211,3211,1
3211,E1,shared,1,241,read,3209,3209,3209,3211,3211,1
3212,E1,shared,1,17,read,3210,3210,3210,3212,3212,1
3213,E0,shared,3,27,read,3211,3211,3211,3213,3213,1
3213,E1,shared,3,47,read,3211,3211,3211,3213,3213,1
3214,E0,shared,0,96,read,3212,3212,3212,3214,3214,1
3214,E1,shared,0,96,read,3212,3212,3212,3214,3214,1
3215,E0,shared,3,71,read,3213,3213,3213,3215,3215,1
3215,E1,shared,3,71,read,3213,3213,3213,3215,3215,1
3216,E0,shared,3,47,read,3214,3214,3214,3216,3216,1
3216,E1,shared,1,177,read,3214,3214,3214,3216,3216,1
3218,E0,shared,1,165,read,3216,3216,3216,3218,3218,1
3218,E1,shared,1,129,read,3216,3216,3216,3218,3218,1
3219,E0,shared,3,251,read,3217,3217,3217,3219,3219,1
3219,E1,shared,2,174,read,3217,3217,3217,3219,3219,1
3220,E0,shared,0,4,read,3218,3218,3218,3220,3220,1
3221,E0,shared,2,22,read,3219,3219,3219,3221,3221,1
3222,E1,shared,0,132,read,3220,3220,3220,3222,3222,1
3223,E1,shared,0,0,read,3221,3221,3221,3223,3223,1
3224,E0,shared,1,165,read,3222,3222,3222,3224,3224,1
3224,E1,shared,3,131,read,3222,3222,3222,3224,3224,1
3225,E0,shared,3,75,read,3223,3223,3223,3225,3225,1
3225,E1,shared,3,35,read,3223,3223,3223,3225,3225,1
3226,E1,shared,2,30,read,3224,3224,3224,3226,3226,1
3227,E0,shared,3,67,read,3225,3225,3225,3227,3227,1
3228,E1,shared,3,115,read,3226,3226,3226,3228,3228,1
3229,E0,shared,3,155,read,3227,3227,3227,3229,3229,1
3230,E1,shared,2,254,read,3228,3228,3228,3230,3230,1
3231,E0,shared,0,144,read,3229,3229,3229,3231,3231,1
3231,E1,shared,3,95,read,3229,3229,3229,3231,3231,1
3232,E0,shared,2,26,read,3230,3230,3230,3232,3232,1
3232,E1,shared,2,170,read,3230,3230,3230,3232,3232,1
3233,E0,shared,3,231,read,3231,3231,3231,3233,3233,1
3233,E1,shared,0,224,read,3231,3231,3231,3233,3233,1
3234,E0,shared,3,35,read,3232,3232,3232,3234,3234,1
3235,E0,shared,0,4,read,3233,3233,3233,3235,3235,1
3235,E1,shared,0,240,read,3233,3233,3233,3235,3235,1
3236,E0,shared,1,173,read,3234,3234,3234,3236,3236,1
3236,E1,shared,1,169,read,3234,3234,3234,3236,3236,1
3237,E0,shared,3,191,read,3235,3235,3235,3237,3237,1
3237,E1,shared,3,3,read,3235,3235,3235,3237,3237,1
3238,E0,shared,1,129,read,3236,3236,3236,3238,3238,1
3238,E1,shared,1,133,read,3236,3236,3236,3238,3238,1
3240,E0,shared,3,123,read,3238,3238,3238,3240,3240,1
3240,E1,shared,3,123,read,3238,3238,3238,3240,3240,1
3241,E0,shared,2,218,read,3239,3239,3239,3241,3241,1
3241,E1,shared,0,104,read,3239,3239,3239,3241,3241,1
3242,E0,shared,2,142,read,3240,3240,3240,3242,3242,1
3242,E1,shared,2,142,read,3240,3240,3240,3242,3242,1
3243,E0,shared,1,121,read,3241,3241,3241,3243,3243,1
3243,E1,shared,2,254,read,3241,3241,3241,3243,3243,1
3244,E1,shared,3,147,read,3242,3242,3242,3244,3244,1
3245,E1,shared,0,76,read,3243,3243,3243,3245,3245,1
3246,E0,shared,1,137,read,3244,3244,3244,3246,3246,1
3246,E1,shared,1,245,read,3244,3244,3244,3246,3246,1
3247,E0,shared,3,55,read,3245,3245,3245,3247,3247,1
3247,E1,shared,3,199,read,3245,3245,3245,3247,3247,1
3248,E0,shared,1,101,read,3246,3246,3246,3248,3248,1
3249,E0,shared,0,48,read,3247,3247,3247,3249,3249,1
3249,E1,shared,1,221,read,3247,3247,3247,3249,3249,1
3250,E0,shared,1,189,read,3248,3248,3248,3250,3250,1
3250,E1,shared,1,225,read,3248,3248,3248,3250,3250,1
3251,E0,shared,3,243,read,3249,3249,3249,3251,3251,1
3251,E1,shared,3,243,read,3249,3249,3249,3251,3251,1
3252,E0,shared,1,137,read,3250,3250,3250,3252,3252,1
3252,E1,shared,1,137,read,3250,3250,3250,3252,3252,1
3253,E0,shared,0,228,read,3251,3251,3251,3253,3253,1
3253,E1,shared,3,87,read,3251,3251,3251,3253,3253,1
3254,E1,shared,3,99,read,3252,3252,3252,3254,3254,1
3255,E0,shared,2,126,read,3253,3253,3253,3255,3255,1
3255,E1,shared,2,94,read,3253,3253,3253,3255,3255,1
3256,E0,shared,1,53,read,3254,3254,3254,3256,3256,1
3256,E1,shared,1,201,read,3254,3254,3254,3256,3256,1
3257,E0,shared,2,162,read,3255,3255,3255,3257,3257,1
3257,E1,shared,0,164,read,3255,3255,3255,3257,3257,1
3258,E0,shared,3,159,read,3256,3256,3256,3258,3258,1
3258,E1,shared,3,99,read,3256,3256,3256,3258,3258,1
3259,E0,shared,0,208,read,3257,3257,3257,3259,3259,1
3259,E1,shared,0,132,read,3257,3257,3257,3259,3259,1
3260,E1,shared,3,39,read,3258,3258,3258,3260,3260,1
3261,E0,shared,1,237,read,3259,3259,3259,3261,3261,1
3261,E1,shared,1,237,read,3259,3259,3259,3261,3261,1
3262,E1,shared,1,209,read,3260,3260,3260,3262,3262,1
3263,E1,shared,3,51,read,3261,3261,3261,3263,3263,1
3264,E1,shared,2,6,read,3262,3262,3262,3264,3264,1
3265,E1,shared,2,142,read,3263,3263,3263,3265,3265,1
3266,E0,shared,2,98,read,3264,3264,3264,3266,3266,1
3266,E1,shared,2,98,read,3264,3264,3264,3266,3266,1
3267,E0,shared,3,131,read,3265,3265,3265,3267,3267,1
3267,E1,shared,3,131,read,3265,3265,3265,3267,3267,1
3268,E0,shared,0,124,read,3266,3266,3266,3268,3268,1
3268,E1,shared,3,71,read,3266,3266,3266,3268,3268,1
3269,E1,shared,0,228,read,3267,3267,3267,3269,3269,1
3270,E1,shared,1,225,read,3268,3268,3268,3270,3270,1
3271,E0,shared,3,175,read,3269,3269,3269,3271,3271,1
3271,E1,shared,3,175,read,3269,3269,3269,3271,3271,1
3272,E0,shared,1,53,read,3270,3270,3270,3272,3272,1
3272,E1,shared,3,39,read,3270,3270,3270,3272,3272,1
3273,E0,shared,1,109,read,3271,3271,3271,3273,3273,1
3273,E1,shared,0,180,read,3271,3271,3271,3273,3273,1
3274,E0,shared,1,161,read,3272,3272,3272,3274,3274,1
3274,E1,shared,1,109,read,3272,3272,3272,3274,3274,1
3275,E0,shared,1,221,read,3273,3273,3273,3275,3275,1
3275,E1,shared,1,145,read,3273,3273,3273,3275,3275,1
3276,E1,shared,0,92,read,3274,3274,3274,3276,3276,1
3277,E0,shared,0,32,read,3275,3275,3275,3277,3277,1
3277,E1,shared,0,236,read,3275,3275,3275,3277,3277,1
3278,E0,shared,2,66,read,3276,3276,3276,3278,3278,1
3278,E1,shared,0,12,read,3276,3276,3276,3278,3278,1
3279,E0,shared,3,7,read,3277,3277,3277,3279,3279,1
3279,E1,shared,2,78,read,3277,3277,3277,3279,3279,1
3280,E1,shared,2,138,read,3278,3278,3278,3280,3280,1
3281,E0,shared,2,118,read,3279,3279,3279,3281,3281,1
3281,E1,shared,2,118,read,3279,3279,3279,3281,3281,1
3282,E1,shared,2,110,read,3280,3280,3280,3282,3282,1
3283,E0,shared,3,127,read,3281,3281,3281,3283,3283,1
3284,E0,shared,0,20,read,3282,3282,3282,3284,3284,1
3284,E1,shared,0,20,read,3282,3282,3282,3284,3284,1
3285,E0,shared,2,78,read,3283,3283,3283,3285,3285,1
3286,E0,shared,3,39,read,3284,3284,3284,3286,3286,1
3286,E1,shared,3,171,read,3284,3284,3284,3286,3286,1
3287,E0,shared,2,42,read,3285,3285,3285,3287,3287,1
3287,E1,shared,2,218,read,3285,3285,3285,3287,3287,1
3288,E0,shared,0,112,read,3286,3286,3286,3288,3288,1
3288,E1,shared,0,148,read,3286,3286,3286,3288,3288,1
3289,E0,shared,0,4,read,3287,3287,3287,3289,3289,1
3289,E1,shared,1,113,read,3287,3287,3287,3289,3289,1
3290,E1,shared,3,215,read,3288,3288,3288,3290,3290,1
3291,E0,shared,3,91,read,3289,3289,3289,3291,3291,1
3291,E1,shared,3,135,read,3289,3289,3289,3291,3291,1
3292,E0,shared,0,48,read,3290,3290,3290,3292,3292,1
3292,E1,shared,3,175,read,3290,3290,3290,3292,3292,1
3293,E0,shared,2,158,read,3291,3291,3291,3293,3293,1
3293,E1,shared,2,98,read,3291,3291,3291,3293,3293,1
3294,E0,shared,0,132,read,3292,3292,3292,3294,3294,1
3294,E1,shared,0,132,read,3292,3292,3292,3294,3294,1
3295,E0,shared,1,245,read,3293,3293,3293,3295,3295,1
3295,E1,shared,3,11,read,3293,3293,3293,3295,3295,1
3296,E0,shared,3,7,read,3294,3294,3294,3296,3296,1
3296,E1,shared,3,7,read,3294,3294,3294,3296,3296,1
3297,E0,shared,3,219,read,3295,3295,3295,3297,3297,1
3297,E1,shared,3,143,read,3295,3295,3295,3297,3297,1
3298,E1,shared,3,11,read,3296,3296,3296,3298,3298,1
3299,E0,shared,2,230,read,3297,3297,3297,3299,3299,1
3299,E1,shared,2,66,read,3297,3297,3297,3299,3299,1
3301,E0,shared,3,59,read,3299,3299,3299,3301,3301,1
3301,E1,shared,0,252,read,3299,3299,3299,3301,3301,1
3302,E0,shared,3,19,read,3300,3300,3300,3302,3302,1
3302,E1,shared,3,19,read,3300,3300,3300,3302,3302,1
3303,E0,shared,0,32,read,3301,3301,3301,3303,3303,1
3303,E1,shared,1,5,read,3301,3301,3301,3303,3303,1
3304,E0,shared,2,106,read,3302,3302,3302,3304,3304,1
3304,E1,shared,2,106,read,3302,3302,3302,3304,3304,1
3305,E0,shared,0,92,read,3303,3303,3303,3305,3305,1
3306,E0,shared,2,102,read,3304,3304,3304,3306,3306,1
3306,E1,shared,1,249,read,3304,3304,3304,3306,3306,1
3307,E0,shared,3,207,read,3305,3305,3305,3307,3307,1
3308,E0,shared,2,186,read,3306,3306,3306,3308,3308,1
3308,E1,shared,2,142,read,3306,3306,3306,3308,3308,1
3309,E0,shared,2,146,read,3307,3307,3307,3309,3309,1
3309,E1,shared,2,146,read,3307,3307,3307,3309,3309,1
3310,E0,shared,3,251,read,3308,3308,3308,3310,3310,1
3311,E0,shared,0,248,read,3309,3309,3309,3311,3311,1
3311,E1,shared,0,248,read,3309,3309,3309,3311,3311,1
3312,E0,shared,3,27,read,3310,3310,3310,3312,3312,1
3312,E1,shared,0,176,read,3310,3310,3310,3312,3312,1
3313,E0,shared,0,124,read,3311,3311,3311,3313,3313,1
3313,E1,shared,0,124,read,3311,3311,3311,3313,3313,1
3314,E0,shared,1,201,read,3312,3312,3312,3314,3314,1
3314,E1,shared,1,201,read,3312,3312,3312,3314,3314,1
3315,E0,shared,2,30,read,3313,3313,3313,3315,3315,1
3315,E1,shared,2,42,read,3313,3313,3313,3315,3315,1
3316,E1,shared,0,176,read,3314,3314,3314,3316,3316,1
3317,E0,shared,2,158,read,3315,3315,3315,3317,3317,1
3317,E1,shared,1,93,read,3315,3315,3315,3317,3317,1
3318,E0,shared,2,118,read,3316,3316,3316,3318,3318,1
3318,E1,shared,2,102,read,3316,3316,3316,3318,3318,1
3319,E0,shared,0,40,read,3317,3317,3317,3319,3319,1
3319,E1,shared,0,76,read,3317,3317,3317,3319,3319,1
3320,E0,shared,1,89,read,3318,3318,3318,3320,3320,1
3320,E1,shared,2,98,read,3318,3318,3318,3320,3320,1
3321,E0,shared,1,101,read,3319,3319,3319,3321,3321,1
3321,E1,shared,1,85,read,3319,3319,3319,3321,3321,1
3322,E0,shared,2,54,read,3320,3320,3320,3322,3322,1
3322,E1,shared,1,113,read,3320,3320,3320,3322,3322,1
3323,E0,shared,0,52,read,3321,3321,3321,3323,3323,1
3324,E0,shared,2,2,read,3322,3322,3322,3324,3324,1
3324,E1,shared,2,234,read,3322,3322,3322,3324,3324,1
3325,E0,shared,2,142,read,3323,3323,3323,3325,3325,1
3325,E1,shared,2,178,read,3323,3323,3323,3325,3325,1
3326,E0,shared,3,71,read,3324,3324,3324,3326,3326,1
3326,E1,shared,0,196,read,3324,3324,3324,3326,3326,1
3327,E0,shared,2,22,read,3325,3325,3325,3327,3327,1
3327,E1,shared,2,78,read,3325,3325,3325,3327,3327,1
3328,E1,shared,1,201,read,3326,3326,3326,3328,3328,1
3329,E0,shared,1,237,read,3327,3327,3327,3329,3329,1
3329,E1,shared,3,243,read,3327,3327,3327,3329,3329,1
3330,E0,shared,3,135,read,3328,3328,3328,3330,3330,1
3330,E1,shared,3,15,read,3328,3328,3328,3330,3330,1
3331,E1,shared,0,228,read,3329,3329,3329,3331,3331,1
3332,E0,shared,2,130,read,3330,3330,3330,3332,3332,1
3333,E0,shared,2,218,read,3331,3331,3331,3333,3333,1
3333,E1,shared,0,240,read,3331,3331,3331,3333,3333,1
3334,E0,shared,3,191,read,3332,3332,3332,3334,3334,1
3335,E0,shared,1,181,read,3333,3333,3333,3335,3335,1
3335,E1,shared,1,161,read,3333,3333,3333,3335,3335,1
3336,E1,shared,2,34,read,3334,3334,3334,3336,3336,1
3337,E0,shared,2,226,read,3335,3335,3335,3337,3337,1
3337,E1,shared,2,238,read,3335,3335,3335,3337,3337,1
3338,E0,shared,0,244,read,3336,3336,3336,3338,3338,1
3339,E1,shared,0,128,read,3337,3337,3337,3339,3339,1
3340,E1,shared,1,153,read,3338,3338,3338,3340,3340,1
3341,E0,shared,0,12,read,3339,3339,3339,3341,3341,1
3341,E1,shared,0,204,read,3339,3339,3339,3341,3341,1
3342,E0,shared,0,12,read,3340,3340,3340,3342,3342,1
3342,E1,shared,0,12,read,3340,3340,3340,3342,3342,1
3343,E0,shared,2,114,read,3341,3341,3341,3343,3343,1
3343,E1,shared,0,92,read,3341,3341,3341,3343,3343,1
3344,E0,shared,2,118,read,3342,3342,3342,3344,3344,1
3344,E1,shared,2,206,read,3342,3342,3342,3344,3344,1
3345,E1,shared,0,52,read,3343,3343,3343,3345,3345,1
3346,E0,shared,2,34,read,3344,3344,3344,3346,3346,1
3346,E1,shared,2,70,read,3344,3344,3344,3346,3346,1
3347,E1,shared,3,87,read,3345,3345,3345,3347,3347,1
3348,E0,shared,3,95,read,3346,3346,3346,3348,3348,1
3348,E1,shared,1,117,read,3346,3346,3346,3348,3348,1
3349,E0,shared,0,88,read,3347,3347,3347,3349,3349,1
3349,E1,shared,0,224,read,3347,3347,3347,3349,3349,1
3350,E1,shared,2,70,read,3348,3348,3348,3350,3350,1
3351,E1,shared,0,56,read,3349,3349,3349,3351,3351,1
3352,E0,shared,0,96,read,3350,3350,3350,3352,3352,1
3352,E1,shared,0,36,read,3350,3350,3350,3352,3352,1
3353,E1,shared,1,57,read,3351,3351,3351,3353,3353,1
3354,E1,shared,1,65,read,3352,3352,3352,3354,3354,1
3355,E0,shared,3,127,read,3353,3353,3353,3355,3355,1
3355,E1,shared,3,127,read,3353,3353,3353,3355,3355,1
3356,E0,shared,1,77,read,3354,3354,3354,3356,3356,1
3356,E1,shared,2,26,read,3354,3354,3354,3356,3356,1
3357,E1,shared,2,74,read,3355,3355,3355,3357,3357,1
3358,E0,shared,1,5,read,3356,3356,3356,3358,3358,1
3358,E1,shared,0,232,read,3356,3356,3356,3358,3358,1
3359,E0,shared,2,162,read,3357,3357,3357,3359,3359,1
3359,E1,shared,0,196,read,3357,3357,3357,3359,3359,1
3361,E0,shared,2,66,read,3359,3359,3359,3361,3361,1
3361,E1,shared,0,92,read,3359,3359,3359,3361,3361,1
3362,E0,shared,3,43,read,3360,3360,3360,3362,3362,1
3362,E1,shared,3,155,read,3360,3360,3360,3362,3362,1
3363,E0,shared,1,145,read,3361,3361,3361,3363,3363,1
3363,E1,shared,1,121,read,3361,3361,3361,3363,3363,1
3364,E1,shared,3,203,read,3362,3362,3362,3364,3364,1
3365,E0,shared,0,24,read,3363,3363,3363,3365,3365,1
3365,E1,shared,0,112,read,3363,3363,3363,3365,3365,1
3366,E1,shared,1,209,read,3364,3364,3364,3366,3366,1
3367,E0,shared,3,151,read,3365,3365,3365,3367,3367,1
3367,E1,shared,3,151,read,3365,3365,3365,3367,3367,1
3368,E0,shared,3,63,read,3366,3366,3366,3368,3368,1
3368,E1,shared,3,211,read,3366,3366,3366,3368,3368,1
3369,E0,shared,1,97,read,3367,3367,3367,3369,3369,1
3369,E1,shared,0,128,read,3367,3367,3367,3369,3369,1
3370,E0,shared,0,20,read,3368,3368,3368,3370,3370,1
3370,E1,shared,3,191,read,3368,3368,3368,3370,3370,1
3371,E0,shared,2,238,read,3369,3369,3369,3371,3371,1
3372,E1,shared,3,43,read,3370,3370,3370,3372,3372,1
3373,E0,shared,1,205,read,3371,3371,3371,3373,3373,1
3374,E1,shared,0,168,read,3372,3372,3372,3374,3374,1
3375,E0,shared,2,18,read,3373,3373,3373,3375,3375,1
3375,E1,shared,3,91,read,3373,3373,3373,3375,3375,1
3376,E1,shared,0,24,read,3374,3374,3374,3376,3376,1
3377,E0,shared,0,188,read,3375,3375,3375,3377,3377,1
3377,E1,shared,0,160,read,3375,3375,3375,3377,3377,1
3378,E0,shared,0,188,read,3376,3376,3376,3378,3378,1
3378,E1,shared,0,188,read,3376,3376,3376,3378,3378,1
3379,E0,shared,1,1,read,3377,3377,3377,3379,3379,1
3380,E0,shared,3,23,read,3378,3378,3378,3380,3380,1
3380,E1,shared,3,35,read,3378,3378,3378,3380,3380,1
3381,E0,shared,2,202,read,3379,3379,3379,3381,3381,1
3381,E1,shared,2,14,read,3379,3379,3379,3381,3381,1
3382,E0,shared,3,27,read,3380,3380,3380,3382,3382,1
3382,E1,shared,3,3,read,3380,3380,3380,3382,3382,1
3383,E1,shared,0,44,read,3381,3381,3381,3383,3383,1
3385,E0,shared,1,169,read,3383,3383,3383,3385,3385,1
3385,E1,shared,1,109,read,3383,3383,3383,3385,3385,1
3386,E0,shared,3,23,read,3384,3384,3384,3386,3386,1
3386,E1,shared,3,27,read,3384,3384,3384,3386,3386,1
3387,E0,shared,0,252,read,3385,3385,3385,3387,3387,1
3387,E1,shared,0,252,read,3385,3385,3385,3387,3387,1
3388,E0,shared,0,88,read,3386,3386,3386,3388,3388,1
3388,E1,shared,1,237,read,3386,3386,3386,3388,3388,1
3389,E0,shared,0,136,read,3387,3387,3387,3389,3389,1
3389,E1,shared,0,136,read,3387,3387,3387,3389,3389,1
3390,E0,shared,2,202,read,3388,3388,3388,3390,3390,1
3390,E1,shared,2,198,read,3388,3388,3388,3390,3390,1
3391,E0,shared,1,57,read,3389,3389,3389,3391,3391,1
3391,E1,shared,1,157,read,3389,3389,3389,3391,3391,1
3392,E0,shared,0,240,read,3390,3390,3390,3392,3392,1
3392,E1,shared,3,123,read,3390,3390,3390,3392,3392,1
3393,E0,shared,0,168,read,3391,3391,3391,3393,3393,1
3393,E1,shared,0,72,read,3391,3391,3391,3393,3393,1
3394,E0,shared,2,86,read,3392,3392,3392,3394,3394,1
3394,E1,shared,1,37,read,3392,3392,3392,3394,3394,1
3396,E0,shared,2,6,read,3394,3394,3394,3396,3396,1
3396,E1,shared,2,6,read,3394,3394,3394,3396,3396,1
3397,E1,shared,2,106,read,3395,3395,3395,3397,3397,1
3398,E0,shared,1,137,read,3396,3396,3396,3398,3398,1
3399,E0,shared,1,169,read,3397,3397,3397,3399,3399,1
3399,E1,shared,3,215,read,3397,3397,3397,3399,3399,1
3400,E0,shared,3,167,read,3398,3398,3398,3400,3400,1
3400,E1,shared,3,167,read,3398,3398,3398,3400,3400,1
3401,E0,shared,0,252,read,3399,3399,3399,3401,3401,1
3401,E1,shared,1,1,read,3399,3399,3399,3401,3401,1
3402,E0,shared,1,41,read,3400,3400,3400,3402,3402,1
3402,E1,shared,1,41,read,3400,3400,3400,3402,3402,1
3403,E0,shared,3,27,read,3401,3401,3401,3403,3403,1
3403,E1,shared,1,17,read,3401,3401,3401,3403,3403,1
3404,E0,shared,3,55,read,3402,3402,3402,3404,3404,1
3404,E1,shared,3,223,read,3402,3402,3402,3404,3404,1
3405,E0,shared,2,42,read,3403,3403,3403,3405,3405,1
3405,E1,shared,1,185,read,3403,3403,3403,3405,3405,1
3406,E0,shared,0,212,read,3404,3404,3404,3406,3406,1
3407,E0,shared,3,227,read,3405,3405,3405,3407,3407,1
3407,E1,shared,3,147,read,3405,3405,3405,3407,3407,1
3408,E1,shared,2,218,read,3406,3406,3406,3408,3408,1
3409,E1,shared,0,236,read,3407,3407,3407,3409,3409,1
3410,E0,shared,3,3,read,3408,3408,3408,3410,3410,1
3410,E1,shared,2,178,read,3408,3408,3408,3410,3410,1
3411,E0,shared,2,54,read,3409,3409,3409,3411,3411,1
3411,E1,shared,3,63,read,3409,3409,3409,3411,3411,1
3412,E0,shared,3,59,read,3410,3410,3410,3412,3412,1
3413,E0,shared,3,203,read,3411,3411,3411,3413,3413,1
3413,E1,shared,3,115,read,3411,3411,3411,3413,3413,1
3415,E0,shared,1,189,read,3413,3413,3413,3415,3415,1
3415,E1,shared,1,205,read,3413,3413,3413,3415,3415,1
3416,E0,shared,0,156,read,3414,3414,3414,3416,3416,1
3416,E1,shared,0,156,read,3414,3414,3414,3416,3416,1
3417,E0,shared,0,152,read,3415,3415,3415,3417,3417,1
3418,E0,shared,2,218,read,3416,3416,3416,3418,3418,1
3418,E1,shared,2,218,read,3416,3416,3416,3418,3418,1
3419,E0,shared,2,150,read,3417,3417,3417,3419,3419,1
3420,E0,shared,1,165,read,3418,3418,3418,3420,3420,1
3420,E1,shared,1,57,read,3418,3418,3418,3420,3420,1
3421,E0,shared,2,190,read,3419,3419,3419,3421,3421,1
3421,E1,shared,2,190,read,3419,3419,3419,3421,3421,1
3422,E0,shared,3,75,read,3420,3420,3420,3422,3422,1
3422,E1,shared,3,235,read,3420,3420,3420,3422,3422,1
3425,E1,shared,1,45,read,3423,3423,3423,3425,3425,1
3426,E0,shared,3,71,read,3424,3424,3424,3426,3426,1
3426,E1,shared,3,51,read,3424,3424,3424,3426,3426,1
3427,E1,shared,3,127,read,3425,3425,3425,3427,3427,1
3428,E0,shared,0,144,read,3426,3426,3426,3428,3428,1
3428,E1,shared,0,36,read,3426,3426,3426,3428,3428,1
3429,E0,shared,3,87,read,3427,3427,3427,3429,3429,1
3429,E1,shared,1,77,read,3427,3427,3427,3429,3429,1
3430,E0,shared,1,161,read,3428,3428,3428,3430,3430,1
3430,E1,shared,0,132,read,3428,3428,3428,3430,3430,1
3431,E0,shared,0,180,read,3429,3429,3429,3431,3431,1
3431,E1,shared,3,11,read,3429,3429,3429,3431,3431,1
3432,E0,shared,2,162,read,3430,3430,3430,3432,3432,1
3432,E1,shared,2,86,read,3430,3430,3430,3432,3432,1
3433,E0,shared,0,232,read,3431,3431,3431,3433,3433,1
3434,E0,shared,1,177,read,3432,3432,3432,3434,3434,1
3434,E1,shared,1,177,read,3432,3432,3432,3434,3434,1
3436,E1,shared,0,220,read,3434,3434,3434,3436,3436,1
3437,E0,shared,1,217,read,3435,3435,3435,3437,3437,1
3438,E0,shared,0,44,read,3436,3436,3436,3438,3438,1
3438,E1,shared,0,208,read,3436,3436,3436,3438,3438,1
3439,E0,shared,0,148,read,3437,3437,3437,3439,3439,1
3439,E1,shared,2,242,read,3437,3437,3437,3439,3439,1
3440,E0,shared,1,81,read,3438,3438,3438,3440,3440,1
3440,E1,shared,2,238,read,3438,3438,3438,3440,3440,1
3441,E0,shared,1,181,read,3439,3439,3439,3441,3441,1
3442,E1,shared,3,31,read,3440,3440,3440,3442,3442,1
3443,E0,shared,2,134,read,3441,3441,3441,3443,3443,1
3443,E1,shared,2,214,read,3441,3441,3441,3443,3443,1
3444,E0,shared,3,63,read,3442,3442,3442,3444,3444,1
3445,E0,shared,3,43,read,3443,3443,3443,3445,3445,1
3445,E1,shared,3,43,read,3443,3443,3443,3445,3445,1
3446,E1,shared,1,69,read,3444,3444,3444,3446,3446,1
3447,E0,shared,3,203,read,3445,3445,3445,3447,3447,1
3447,E1,shared,3,179,read,3445,3445,3445,3447,3447,1
3448,E1,shared,0,52,read,3446,3446,3446,3448,3448,1
3449,E1,shared,1,153,read,3447,3447,3447,3449,3449,1
3450,E1,shared,2,158,read,3448,3448,3448,3450,3450,1
3451,E0,shared,0,224,read,3449,3449,3449,3451,3451,1
3452,E0,shared,1,137,read,3450,3450,3450,3452,3452,1
3452,E1,shared,3,159,read,3450,3450,3450,3452,3452,1
3453,E0,shared,2,42,read,3451,3451,3451,3453,3453,1
3453,E1,shared,3,199,read,3451,3451,3451,3453,3453,1
3454,E0,shared,2,234,read,3452,3452,3452,3454,3454,1
3455,E1,shared,3,15,read,3453,3453,3453,3455,3455,1
3456,E0,shared,3,175,read,3454,3454,3454,3456,3456,1
3456,E1,shared,3,47,read,3454,3454,3454,3456,3456,1
3457,E1,shared,3,147,read,3455,3455,3455,3457,3457,1
3458,E1,shared,3,79,read,3456,3456,3456,3458,3458,1
3459,E0,shared,1,57,read,3457,3457,3457,3459,3459,1
3459,E1,shared,1,57,read,3457,3457,3457,3459,3459,1
3460,E0,shared,3,95,read,3458,3458,3458,3460,3460,1
3460,E1,shared,1,205,read,3458,3458,3458,3460,3460,1
3461,E0,shared,3,219,read,3459,3459,3459,3461,3461,1
3462,E0,shared,0,184,read,3460,3460,3460,3462,3462,1
3462,E1,shared,1,105,read,3460,3460,3460,3462,3462,1
3463,E1,shared,2,118,read,3461,3461,3461,3463,3463,1
3464,E0,shared,1,201,read,3462,3462,3462,3464,3464,1
3464,E1,shared,1,201,read,3462,3462,3462,3464,3464,1
3465,E1,shared,3,119,read,3463,3463,3463,3465,3465,1
3466,E0,shared,0,240,read,3464,3464,3464,3466,3466,1
3467,E0,shared,3,75,read,3465,3465,3465,3467,3467,1
3468,E0,shared,1,145,read,3466,3466,3466,3468,3468,1
3470,E0,shared,3,207,read,3468,3468,3468,3470,3470,1
3471,E1,shared,2,46,read,3469,3469,3469,3471,3471,1
3472,E0,shared,0,116,read,3470,3470,3470,3472,3472,1
3472,E1,shared,3,219,read,3470,3470,3470,3472,3472,1
3473,E1,shared,2,98,read,3471,3471,3471,3473,3473,1
3474,E0,shared,1,225,read,3472,3472,3472,3474,3474,1
3475,E0,shared,1,29,read,3473,3473,3473,3475,3475,1
3475,E1,shared,1,213,read,3473,3473,3473,3475,3475,1
3476,E0,shared,2,198,read,3474,3474,3474,3476,3476,1
3477,E0,shared,3,203,read,3475,3475,3475,3477,3477,1
3477,E1,shared,0,160,read,3475,3475,3475,3477,3477,1
3478,E1,shared,1,93,read,3476,3476,3476,3478,3478,1
3479,E0,shared,2,122,read,3477,3477,3477,3479,3479,1
3479,E1,shared,2,122,read,3477,3477,3477,3479,3479,1
3480,E0,shared,2,234,read,3478,3478,3478,3480,3480,1
3480,E1,shared,2,26,read,3478,3478,3478,3480,3480,1
3481,E0,shared,3,231,read,3479,3479,3479,3481,3481,1
3481,E1,shared,3,231,read,3479,3479,3479,3481,3481,1
3482,E1,shared,3,75,read,3480,3480,3480,3482,3482,1
3483,E0,shared,0,140,read,3481,3481,3481,3483,3483,1
3484,E0,shared,3,231,read,3482,3482,3482,3484,3484,1
3484,E1,shared,3,231,read,3482,3482,3482,3484,3484,1
3485,E0,shared,3,83,read,3483,3483,3483,3485,3485,1
3485,E1,shared,3,187,read,3483,3483,3483,3485,3485,1
3486,E0,shared,3,119,read,3484,3484,3484,3486,3486,1
3487,E1,shared,2,74,read,3485,3485,3485,3487,3487,1
3488,E0,shared,3,27,read,3486,3486,3486,3488,3488,1
3488,E1,shared,3,27,read,3486,3486,3486,3488,3488,1
3489,E0,shared,0,24,read,3487,3487,3487,3489,3489,1
3489,E1,shared,0,196,read,3487,3487,3487,3489,3489,1
3490,E0,shared,0,16,read,3488,3488,3488,3490,3490,1
3490,E1,shared,0,16,read,3488,3488,3488,3490,3490,1
3491,E0,shared,0,164,read,3489,3489,3489,3491,3491,1
3491,E1,shared,0,144,read,3489,3489,3489,3491,3491,1
3492,E0,shared,2,254,read,3490,3490,3490,3492,3492,1
3493,E0,shared,2,170,read,3491,3491,3491,3493,3493,1
3494,E1,shared,2,34,read,3492,3492,3492,3494,3494,1
3495,E0,shared,0,236,read,3493,3493,3493,3495,3495,1
3495,E1,shared,0,72,read,3493,3493,3493,3495,3495,1
3496,E0,shared,2,254,read,3494,3494,3494,3496,3496,1
3496,E1,shared,2,254,read,3494,3494,3494,3496,3496,1
3497,E0,shared,2,186,read,3495,3495,3495,3497,3497,1
3497,E1,shared,2,186,read,3495,3495,3495,3497,3497,1
3498,E0,shared,1,205,read,3496,3496,3496,3498,3498,1
3498,E1,shared,0,240,read,3496,3496,3496,3498,3498,1
3499,E0,shared,1,225,read,3497,3497,3497,3499,3499,1
3499,E1,shared,2,142,read,3497,3497,3497,3499,3499,1
3500,E0,shared,1,169,read,3498,3498,3498,3500,3500,1
3500,E1,shared,1,73,read,3498,3498,3498,3500,3500,1
3501,E0,shared,3,91,read,3499,3499,3499,3501,3501,1
3501,E1,shared,3,7,read,3499,3499,3499,3501,3501,1
3502,E1,shared,0,88,read,3500,3500,3500,3502,3502,1
3503,E0,shared,2,10,read,3501,3501,3501,3503,3503,1
3504,E1,shared,0,120,read,3502,3502,3502,3504,3504,1
3506,E0,shared,2,170,read,3504,3504,3504,3506,3506,1
3506,E1,shared,2,86,read,3504,3504,3504,3506,3506,1
3507,E0,shared,1,137,read,3505,3505,3505,3507,3507,1
3507,E1,shared,1,153,read,3505,3505,3505,3507,3507,1
3508,E0,shared,1,173,read,3506,3506,3506,3508,3508,1
3508,E1,shared,1,153,read,3506,3506,3506,3508,3508,1
3509,E0,shared,0,124,read,3507,3507,3507,3509,3509,1
3510,E0,shared,2,194,read,3508,3508,3508,3510,3510,1
3510,E1,shared,2,194,read,3508,3508,3508,3510,3510,1
3511,E0,shared,3,203,read,3509,3509,3509,3511,3511,1
3511,E1,shared,2,82,read,3509,3509,3509,3511,3511,1
3512,E0,shared,1,45,read,3510,3510,3510,3512,3512,1
3513,E0,shared,2,6,read,3511,3511,3511,3513,3513,1
3513,E1,shared,2,62,read,3511,3511,3511,3513,3513,1
3514,E0,shared,0,84,read,3512,3512,3512,3514,3514,1
3514,E1,shared,0,84,read,3512,3512,3512,3514,3514,1
3515,E0,shared,1,13,read,3513,3513,3513,3515,3515,1
3515,E1,shared,1,109,read,3513,3513,3513,3515,3515,1
3516,E0,shared,3,51,read,3514,3514,3514,3516,3516,1
3516,E1,shared,3,51,read,3514,3514,3514,3516,3516,1
3517,E0,shared,3,3,read,3515,3515,3515,3517,3517,1
3517,E1,shared,3,19,read,3515,3515,3515,3517,3517,1
3518,E0,shared,3,135,read,3516,3516,3516,3518,3518,1
3518,E1,shared,3,3,read,3516,3516,3516,3518,3518,1
3519,E0,shared,0,68,read,3517,3517,3517,3519,3519,1
3519,E1,shared,0,48,read,3517,3517,3517,3519,3519,1
3520,E0,shared,1,229,read,3518,3518,3518,3520,3520,1
3520,E1,shared,1,181,read,3518,3518,3518,3520,3520,1
3521,E0,shared,0,108,read,3519,3519,3519,3521,3521,1
3521,E1,shared,0,108,read,3519,3519,3519,3521,3521,1
3522,E0,shared,3,71,read,3520,3520,3520,3522,3522,1
3522,E1,shared,2,234,read,3520,3520,3520,3522,3522,1
3524,E0,shared,0,100,read,3522,3522,3522,3524,3524,1
3524,E1,shared,0,40,read,3522,3522,3522,3524,3524,1
3525,E0,shared,0,88,read,3523,3523,3523,3525,3525,1
3525,E1,shared,2,250,read,3523,3523,3523,3525,3525,1
3526,E0,shared,0,248,read,3524,3524,3524,3526,3526,1
3526,E1,shared,2,82,read,3524,3524,3524,3526,3526,1
3527,E0,shared,3,211,read,3525,3525,3525,3527,3527,1
3529,E0,shared,3,79,read,3527,3527,3527,3529,3529,1
3529,E1,shared,3,79,read,3527,3527,3527,3529,3529,1
3530,E0,shared,0,112,read,3528,3528,3528,3530,3530,1
3530,E1,shared,0,128,read,3528,3528,3528,3530,3530,1
3531,E1,shared,3,147,read,3529,3529,3529,3531,3531,1
3532,E0,shared,2,130,read,3530,3530,3530,3532,3532,1
3532,E1,shared,1,93,read,3530,3530,3530,3532,3532,1
3533,E0,shared,0,224,read,3531,3531,3531,3533,3533,1
3533,E1,shared,0,224,read,3531,3531,3531,3533,3533,1
3534,E0,shared,1,213,read,3532,3532,3532,3534,3534,1
3534,E1,shared,1,213,read,3532,3532,3532,3534,3534,1
3535,E0,shared,3,91,read,3533,3533,3533,3535,3535,1
3535,E1,shared,3,175,read,3533,3533,3533,3535,3535,1
3536,E0,shared,1,217,read,3534,3534,3534,3536,3536,1
3537,E0,shared,3,147,read,3535,3535,3535,3537,3537,1
3537,E1,shared,3,147,read,3535,3535,3535,3537,3537,1
3538,E0,shared,2,86,read,3536,3536,3536,3538,3538,1
3538,E1,shared,2,158,read,3536,3536,3536,3538,3538,1
3539,E0,shared,3,83,read,3537,3537,3537,3539,3539,1
3539,E1,shared,3,31,read,3537,3537,3537,3539,3539,1
3540,E0,shared,0,44,read,3538,3538,3538,3540,3540,1
3541,E1,shared,2,210,read,3539,3539,3539,3541,3541,1
3542,E0,shared,2,38,read,3540,3540,3540,3542,3542,1
3542,E1,shared,0,4,read,3540,3540,3540,3542,3542,1
3543,E0,shared,1,93,read,3541,3541,3541,3543,3543,1
3543,E1,shared,1,57,read,3541,3541,3541,3543,3543,1
3544,E0,shared,1,117,read,3542,3542,3542,3544,3544,1
3544,E1,shared,3,123,read,3542,3542,3542,3544,3544,1
3545,E0,shared,3,67,read,3543,3543,3543,3545,3545,1
3545,E1,shared,3,223,read,3543,3543,3543,3545,3545,1
3546,E0,shared,0,172,read,3544,3544,3544,3546,3546,1
3547,E0,shared,0,44,read,3545,3545,3545,3547,3547,1
3547,E1,shared,0,188,read,3545,3545,3545,3547,3547,1
3548,E0,shared,0,204,read,3546,3546,3546,3548,3548,1
3548,E1,shared,0,112,read,3546,3546,3546,3548,3548,1
3549,E1,shared,1,153,read,3547,3547,3547,3549,3549,1
3550,E0,shared,1,49,read,3548,3548,3548,3550,3550,1
3550,E1,shared,1,165,read,3548,3548,3548,3550,3550,1
3551,E0,shared,2,118,read,3549,3549,3549,3551,3551,1
3551,E1,shared,1,189,read,3549,3549,3549,3551,3551,1
3552,E0,shared,1,85,read,3550,3550,3550,3552,3552,1
3553,E0,shared,2,102,read,3551,3551,3551,3553,3553,1
3553,E1,shared,2,226,read,3551,3551,3551,3553,3553,1
3554,E1,shared,2,98,read,3552,3552,3552,3554,3554,1
3555,E0,shared,1,133,read,3553,3553,3553,3555,3555,1
3555,E1,shared,3,223,read,3553,3553,3553,3555,3555,1
3556,E0,shared,0,220,read,3554,3554,3554,3556,3556,1
3556,E1,shared,3,83,read,3554,3554,3554,3556,3556,1
3558,E0,shared,0,84,read,3556,3556,3556,3558,3558,1
3558,E1,shared,0,84,read,3556,3556,3556,3558,3558,1
3559,E0,shared,1,1,read,3557,3557,3557,3559,3559,1
3559,E1,shared,1,45,read,3557,3557,3557,3559,3559,1
3560,E0,shared,3,95,read,3558,3558,3558,3560,3560,1
3561,E1,shared,0,184,read,3559,3559,3559,3561,3561,1
3562,E0,shared,0,0,read,3560,3560,3560,3562,3562,1
3562,E1,shared,0,224,read,3560,3560,3560,3562,3562,1
3563,E0,shared,2,130,read,3561,3561,3561,3563,3563,1
3563,E1,shared,2,6,read,3561,3561,3561,3563,3563,1
3564,E0,shared,2,46,read,3562,3562,3562,3564,3564,1
3564,E1,shared,3,139,read,3562,3562,3562,3564,3564,1
3565,E0,shared,3,95,read,3563,3563,3563,3565,3565,1
3565,E1,shared,3,235,read,3563,3563,3563,3565,3565,1
3566,E0,shared,3,127,read,3564,3564,3564,3566,3566,1
3566,E1,shared,0,236,read,3564,3564,3564,3566,3566,1
3567,E0,shared,0,28,read,3565,3565,3565,3567,3567,1
3567,E1,shared,0,128,read,3565,3565,3565,3567,3567,1
3568,E0,shared,1,185,read,3566,3566,3566,3568,3568,1
3568,E1,shared,1,185,read,3566,3566,3566,3568,3568,1
3569,E0,shared,0,212,read,3567,3567,3567,3569,3569,1
3570,E1,shared,2,166,read,3568,3568,3568,3570,3570,1
3571,E0,shared,1,29,read,3569,3569,3569,3571,3571,1
3571,E1,shared,1,29,read,3569,3569,3569,3571,3571,1
3572,E0,shared,3,195,read,3570,3570,3570,3572,3572,1
3572,E1,shared,3,75,read,3570,3570,3570,3572,3572,1
3573,E0,shared,0,116,read,3571,3571,3571,3573,3573,1
3573,E1,shared,0,212,read,3571,3571,3571,3573,3573,1
3574,E1,shared,3,211,read,3572,3572,3572,3574,3574,1
3575,E0,shared,3,39,read,3573,3573,3573,3575,3575,1
3575,E1,shared,3,199,read,3573,3573,3573,3575,3575,1
3576,E0,shared,3,147,read,3574,3574,3574,3576,3576,1
3576,E1,shared,3,147,read,3574,3574,3574,3576,3576,1
3577,E0,shared,0,92,read,3575,3575,3575,3577,3577,1
3577,E1,shared,3,47,read,3575,3575,3575,3577,3577,1
3578,E0,shared,3,87,read,3576,3576,3576,3578,3578,1
3580,E0,shared,2,190,read,3578,3578,3578,3580,3580,1
3580,E1,shared,0,104,read,3578,3578,3578,3580,3580,1
3581,E0,shared,2,254,read,3579,3579,3579,3581,3581,1
3581,E1,shared,2,122,read,3579,3579,3579,3581,3581,1
3582,E0,shared,2,102,read,3580,3580,3580,3582,3582,1
3582,E1,shared,0,144,read,3580,3580,3580,3582,3582,1
3583,E0,shared,1,45,read,3581,3581,3581,3583,3583,1
3583,E1,shared,1,193,read,3581,3581,3581,3583,3583,1
3584,E1,shared,3,139,read,3582,3582,3582,3584,3584,1
3585,E0,shared,1,133,read,3583,3583,3583,3585,3585,1
3585,E1,shared,1,161,read,3583,3583,3583,3585,3585,1
3586,E0,shared,3,199,read,3584,3584,3584,3586,3586,1
3586,E1,shared,3,199,read,3584,3584,3584,3586,3586,1
3587,E0,shared,2,22,read,3585,3585,3585,3587,3587,1
3588,E0,shared,0,44,read,3586,3586,3586,3588,3588,1
3588,E1,shared,2,186,read,3586,3586,3586,3588,3588,1
3589,E0,shared,2,122,read,3587,3587,3587,3589,3589,1
3589,E1,shared,2,234,read,3587,3587,3587,3589,3589,1
3590,E0,shared,3,195,read,3588,3588,3588,3590,3590,1
3591,E0,shared,0,212,read,3589,3589,3589,3591,3591,1
3591,E1,shared,0,16,read,3589,3589,3589,3591,3591,1
3592,E0,shared,0,216,read,3590,3590,3590,3592,3592,1
3592,E1,shared,0,168,read,3590,3590,3590,3592,3592,1
3593,E0,shared,3,247,read,3591,3591,3591,3593,3593,1
3593,E1,shared,3,127,read,3591,3591,3591,3593,3593,1
3594,E0,shared,1,181,read,3592,3592,3592,3594,3594,1
3594,E1,shared,0,200,read,3592,3592,3592,3594,3594,1
3595,E0,shared,1,9,read,3593,3593,3593,3595,3595,1
3595,E1,shared,2,46,read,3593,3593,3593,3595,3595,1
3596,E0,shared,1,253,read,3594,3594,3594,3596,3596,1
3596,E1,shared,1,1,read,3594,3594,3594,3596,3596,1
3597,E0,shared,1,221,read,3595,3595,3595,3597,3597,1
3598,E0,shared,1,89,read,3596,3596,3596,3598,3598,1
3600,E0,shared,0,28,read,3598,3598,3598,3600,3600,1
3600,E1,shared,0,28,read,3598,3598,3598,3600,3600,1
3601,E0,shared,0,252,read,3599,3599,3599,3601,3601,1
3601,E1,shared,0,252,read,3599,3599,3599,3601,3601,1
3602,E0,shared,0,28,read,3600,3600,3600,3602,3602,1
3602,E1,shared,0,28,read,3600,3600,3600,3602,3602,1
3603,E1,shared,2,18,read,3601,3601,3601,3603,3603,1
3604,E0,shared,0,112,read,3602,3602,3602,3604,3604,1
3604,E1,shared,2,42,read,3602,3602,3602,3604,3604,1
3605,E0,shared,3,63,read,3603,3603,3603,3605,3605,1
3605,E1,shared,2,250,read,3603,3603,3603,3605,3605,1
3606,E0,shared,1,13,read,3604,3604,3604,3606,3606,1
3606,E1,shared,0,8,read,3604,3604,3604,3606,3606,1
3607,E0,shared,2,10,read,3605,3605,3605,3607,3607,1
3607,E1,shared,2,158,read,3605,3605,3605,3607,3607,1
3608,E0,shared,0,240,read,3606,3606,3606,3608,3608,1
3608,E1,shared,0,92,read,3606,3606,3606,3608,3608,1
3609,E1,shared,0,60,read,3607,3607,3607,3609,3609,1
3610,E1,shared,1,93,read,3608,3608,3608,3610,3610,1
3611,E0,shared,0,52,read,3609,3609,3609,3611,3611,1
3611,E1,shared,0,32,read,3609,3609,3609,3611,3611,1
3612,E0,shared,1,113,read,3610,3610,3610,3612,3612,1
3612,E1,shared,3,27,read,3610,3610,3610,3612,3612,1
3613,E0,shared,0,148,read,3611,3611,3611,3613,3613,1
3613,E1,shared,0,64,read,3611,3611,3611,3613,3613,1
3614,E0,shared,1,41,read,3612,3612,3612,3614,3614,1
3614,E1,shared,2,26,read,3612,3612,3612,3614,3614,1
3615,E0,shared,1,153,read,3613,3613,3613,3615,3615,1
3615,E1,shared,1,77,read,3613,3613,3613,3615,3615,1
3616,E0,shared,3,119,read,3614,3614,3614,3616,3616,1
3616,E1,shared,1,249,read,3614,3614,3614,3616,3616,1
3617,E0,shared,1,33,read,3615,3615,3615,3617,3617,1
3618,E0,shared,0,184,read,3616,3616,3616,3618,3618,1
3618,E1,shared,0,184,read,3616,3616,3616,3618,3618,1
3619,E1,shared,2,26,read,3617,3617,3617,3619,3619,1
3620,E1,shared,3,207,read,3618,3618,3618,3620,3620,1
3621,E0,shared,2,198,read,3619,3619,3619,3621,3621,1
3621,E1,shared,2,198,read,3619,3619,3619,3621,3621,1
3622,E1,shared,1,137,read,3620,3620,3620,3622,3622,1
3623,E0,shared,3,179,read,3621,3621,3621,3623,3623,1
3623,E1,shared,0,100,read,3621,3621,3621,3623,3623,1
3624,E0,shared,1,205,read,3622,3622,3622,3624,3624,1
3626,E0,shared,3,127,read,3624,3624,3624,3626,3626,1
3626,E1,shared,3,203,read,3624,3624,3624,3626,3626,1
3627,E0,shared,3,207,read,3625,3625,3625,3627,3627,1
3627,E1,shared,3,115,read,3625,3625,3625,3627,3627,1
3628,E0,shared,3,131,read,3626,3626,3626,3628,3628,1
3628,E1,shared,3,107,read,3626,3626,3626,3628,3628,1
3629,E0,shared,1,101,read,3627,3627,3627,3629,3629,1
3629,E1,shared,0,140,read,3627,3627,3627,3629,3629,1
3630,E0,shared,3,187,read,3628,3628,3628,3630,3630,1
3630,E1,shared,3,187,read,3628,3628,3628,3630,3630,1
3631,E0,shared,2,34,read,3629,3629,3629,3631,3631,1
3631,E1,shared,2,70,read,3629,3629,3629,3631,3631,1
3632,E0,shared,0,132,read,3630,3630,3630,3632,3632,1
3632,E1,shared,1,113,read,3630,3630,3630,3632,3632,1
3633,E0,shared,1,161,read,3631,3631,3631,3633,3633,1
3633,E1,shared,1,153,read,3631,3631,3631,3633,3633,1
3634,E0,shared,2,174,read,3632,3632,3632,3634,3634,1
3635,E1,shared,1,5,read,3633,3633,3633,3635,3635,1
3636,E0,shared,3,3,read,3634,3634,3634,3636,3636,1
3637,E1,shared,3,247,read,3635,3635,3635,3637,3637,1
3638,E0,shared,1,209,read,3636,3636,3636,3638,3638,1
3638,E1,shared,1,185,read,3636,3636,3636,3638,3638,1
3639,E0,shared,1,9,read,3637,3637,3637,3639,3639,1
3641,E0,shared,2,62,read,3639,3639,3639,3641,3641,1
3641,E1,shared,3,211,read,3639,3639,3639,3641,3641,1
3642,E0,shared,2,222,read,3640,3640,3640,3642,3642,1
3642,E1,shared,2,34,read,3640,3640,3640,3642,3642,1
3643,E0,shared,1,89,read,3641,3641,3641,3643,3643,1
3643,E1,shared,1,201,read,3641,3641,3641,3643,3643,1
3644,E0,shared,0,176,read,3642,3642,3642,3644,3644,1
3644,E1,shared,0,12,read,3642,3642,3642,3644,3644,1
3645,E0,shared,2,98,read,3643,3643,3643,3645,3645,1
3645,E1,shared,2,246,read,3643,3643,3643,3645,3645,1
3646,E0,shared,0,156,read,3644,3644,3644,3646,3646,1
3646,E1,shared,0,156,read,3644,3644,3644,3646,3646,1
3647,E0,shared,0,100,read,3645,3645,3645,3647,3647,1
3647,E1,shared,0,140,read,3645,3645,3645,3647,3647,1
3648,E0,shared,2,110,read,3646,3646,3646,3648,3648,1
3648,E1,shared,2,38,read,3646,3646,3646,3648,3648,1
3649,E1,shared,0,184,read,3647,3647,3647,3649,3649,1
3650,E0,shared,2,154,read,3648,3648,3648,3650,3650,1
3650,E1,shared,2,198,read,3648,3648,3648,3650,3650,1
3651,E0,shared,0,104,read,3649,3649,3649,3651,3651,1
3651,E1,shared,0,36,read,3649,3649,3649,3651,3651,1
3652,E0,shared,3,51,read,3650,3650,3650,3652,3652,1
3653,E0,shared,0,40,read,3651,3651,3651,3653,3653,1
3653,E1,shared,0,248,read,3651,3651,3651,3653,3653,1
3654,E0,shared,0,76,read,3652,3652,3652,3654,3654,1
3654,E1,shared,1,133,read,3652,3652,3652,3654,3654,1
3655,E0,shared,0,56,read,3653,3653,3653,3655,3655,1
3655,E1,shared,2,130,read,3653,3653,3653,3655,3655,1
3656,E0,shared,2,2,read,3654,3654,3654,3656,3656,1
3656,E1,shared,2,102,read,3654,3654,3654,3656,3656,1
3657,E0,shared,3,71,read,3655,3655,3655,3657,3657,1
3657,E1,shared,1,189,read,3655,3655,3655,3657,3657,1
3658,E1,shared,2,126,read,3656,3656,3656,3658,3658,1
3660,E0,shared,0,112,read,3658,3658,3658,3660,3660,1
3661,E1,shared,0,4,read,3659,3659,3659,3661,3661,1
3662,E0,shared,1,177,read,3660,3660,3660,3662,3662,1
3662,E1,shared,1,177,read,3660,3660,3660,3662,3662,1
3663,E1,shared,2,150,read,3661,3661,3661,3663,3663,1
3664,E1,shared,3,255,read,3662,3662,3662,3664,3664,1
3665,E0,shared,2,138,read,3663,3663,3663,3665,3665,1
3666,E0,shared,2,198,read,3664,3664,3664,3666,3666,1
3666,E1,shared,0,104,read,3664,3664,3664,3666,3666,1
3667,E0,shared,3,87,read,3665,3665,3665,3667,3667,1
3668,E0,shared,3,3,read,3666,3666,3666,3668,3668,1
3668,E1,shared,3,119,read,3666,3666,3666,3668,3668,1
3669,E0,shared,1,85,read,3667,3667,3667,3669,3669,1
3669,E1,shared,1,85,read,3667,3667,3667,3669,3669,1
3670,E0,shared,3,59,read,3668,3668,3668,3670,3670,1
3670,E1,shared,3,163,read,3668,3668,3668,3670,3670,1
3671,E0,shared,2,62,read,3669,3669,3669,3671,3671,1
3672,E0,shared,2,114,read,3670,3670,3670,3672,3672,1
3672,E1,shared,2,114,read,3670,3670,3670,3672,3672,1
3673,E0,shared,2,230,read,3671,3671,3671,3673,3673,1
3673,E1,shared,2,230,read,3671,3671,3671,3673,3673,1
3674,E0,shared,0,24,read,3672,3672,3672,3674,3674,1
3674,E1,shared,1,33,read,3672,3672,3672,3674,3674,1
3675,E0,shared,3,227,read,3673,3673,3673,3675,3675,1
3675,E1,shared,3,171,read,3673,3673,3673,3675,3675,1
3676,E0,shared,2,162,read,3674,3674,3674,3676,3676,1
3676,E1,shared,2,162,read,3674,3674,3674,3676,3676,1
3677,E0,shared,3,215,read,3675,3675,3675,3677,3677,1
3677,E1,shared,2,218,read,3675,3675,3675,3677,3677,1
3678,E0,shared,0,76,read,3676,3676,3676,3678,3678,1
3679,E0,shared,0,88,read,3677,3677,3677,3679,3679,1
3679,E1,shared,0,88,read,3677,3677,3677,3679,3679,1
3680,E0,shared,1,81,read,3678,3678,3678,3680,3680,1
3680,E1,shared,1,81,read,3678,3678,3678,3680,3680,1
3681,E1,shared,3,19,read,3679,3679,3679,3681,3681,1
3682,E1,shared,3,107,read,3680,3680,3680,3682,3682,1
3683,E0,shared,3,7,read,3681,3681,3681,3683,3683,1
3683,E1,shared,3,7,read,3681,3681,3681,3683,3683,1
3684,E0,shared,0,96,read,3682,3682,3682,3684,3684,1
3684,E1,shared,0,48,read,3682,3682,3682,3684,3684,1
3685,E0,shared,3,167,read,3683,3683,3683,3685,3685,1
3685,E1,shared,0,236,read,3683,3683,3683,3685,3685,1
3687,E0,shared,1,253,read,3685,3685,3685,3687,3687,1
3687,E1,shared,1,217,read,3685,3685,3685,3687,3687,1
3688,E1,shared,3,239,read,3686,3686,3686,3688,3688,1
3689,E0,shared,2,222,read,3687,3687,3687,3689,3689,1
3690,E0,shared,0,28,read,3688,3688,3688,3690,3690,1
3690,E1,shared,0,68,read,3688,3688,3688,3690,3690,1
3691,E0,shared,1,29,read,3689,3689,3689,3691,3691,1
3691,E1,shared,1,173,read,3689,3689,3689,3691,3691,1
3692,E0,shared,2,22,read,3690,3690,3690,3692,3692,1
3693,E0,shared,2,250,read,3691,3691,3691,3693,3693,1
3693,E1,shared,2,250,read,3691,3691,3691,3693,3693,1
3694,E0,shared,3,47,read,3692,3692,3692,3694,3694,1
3694,E1,shared,0,84,read,3692,3692,3692,3694,3694,1
3695,E0,shared,1,97,read,3693,3693,3693,3695,3695,1
3695,E1,shared,1,33,read,3693,3693,3693,3695,3695,1
3696,E0,shared,1,249,read,3694,3694,3694,3696,3696,1
3696,E1,shared,1,125,read,3694,3694,3694,3696,3696,1
3698,E0,shared,0,252,read,3696,3696,3696,3698,3698,1
3699,E0,shared,2,42,read,3697,3697,3697,3699,3699,1
3699,E1,shared,0,68,read,3697,3697,3697,3699,3699,1
3700,E0,shared,2,134,read,3698,3698,3698,3700,3700,1
3700,E1,shared,0,180,read,3698,3698,3698,3700,3700,1
3701,E0,shared,1,49,read,3699,3699,3699,3701,3701,1
3701,E1,shared,2,230,read,3699,3699,3699,3701,3701,1
3702,E0,shared,3,23,read,3700,3700,3700,3702,3702,1
3702,E1,shared,3,199,read,3700,3700,3700,3702,3702,1
3703,E0,shared,0,208,read,3701,3701,3701,3703,3703,1
3703,E1,shared,1,245,read,3701,3701,3701,3703,3703,1
3704,E0,shared,1,65,read,3702,3702,3702,3704,3704,1
3704,E1,shared,1,65,read,3702,3702,3702,3704,3704,1
3705,E0,shared,1,197,read,3703,3703,3703,3705,3705,1
3705,E1,shared,0,72,read,3703,3703,3703,3705,3705,1
3706,E0,shared,1,49,read,3704,3704,3704,3706,3706,1
3707,E0,shared,2,154,read,3705,3705,3705,3707,3707,1
3707,E1,shared,2,250,read,3705,3705,3705,3707,3707,1
3708,E0,shared,3,147,read,3706,3706,3706,3708,3708,1
3708,E1,shared,3,83,read,3706,3706,3706,3708,3708,1
3709,E1,shared,0,80,read,3707,3707,3707,3709,3709,1
3710,E0,shared,2,166,read,3708,3708,3708,3710,3710,1
3710,E1,shared,2,166,read,3708,3708,3708,3710,3710,1
3713,E0,shared,1,13,read,3711,3711,3711,3713,3713,1
3714,E0,shared,2,126,read,3712,3712,3712,3714,3714,1
3715,E0,shared,2,242,read,3713,3713,3713,3715,3715,1
3716,E1,shared,1,105,read,3714,3714,3714,3716,3716,1
3717,E0,shared,2,150,read,3715,3715,3715,3717,3717,1
3717,E1,shared,2,150,read,3715,3715,3715,3717,3717,1
3718,E0,shared,2,42,read,3716,3716,3716,3718,3718,1
3718,E1,shared,2,230,read,3716,3716,3716,3718,3718,1
3719,E0,shared,2,134,read,3717,3717,3717,3719,3719,1
3719,E1,shared,1,41,read,3717,3717,3717,3719,3719,1
3720,E0,shared,3,139,read,3718,3718,3718,3720,3720,1
3721,E0,shared,2,90,read,3719,3719,3719,3721,3721,1
3721,E1,shared,2,62,read,3719,3719,3719,3721,3721,1
3722,E1,shared,2,154,read,3720,3720,3720,3722,3722,1
3723,E0,shared,3,131,read,3721,3721,3721,3723,3723,1
3723,E1,shared,3,131,read,3721,3721,3721,3723,3723,1
3724,E1,shared,3,171,read,3722,3722,3722,3724,3724,1
3725,E0,shared,3,119,read,3723,3723,3723,3725,3725,1
3725,E1,shared,3,119,read,3723,3723,3723,3725,3725,1
3727,E0,shared,2,146,read,3725,3725,3725,3727,3727,1
3727,E1,shared,2,234,read,3725,3725,3725,3727,3727,1
3728,E0,shared,0,184,read,3726,3726,3726,3728,3728,1
3728,E1,shared,0,8,read,3726,3726,3726,3728,3728,1
3729,E0,shared,0,84,read,3727,3727,3727,3729,3729,1
3729,E1,shared,2,230,read,3727,3727,3727,3729,3729,1
3730,E0,shared,0,212,read,3728,3728,3728,3730,3730,1
3730,E1,shared,2,14,read,3728,3728,3728,3730,3730,1
3731,E0,shared,1,241,read,3729,3729,3729,3731,3731,1
3731,E1,shared,1,201,read,3729,3729,3729,3731,3731,1
3732,E0,shared,3,227,read,3730,3730,3730,3732,3732,1
3733,E0,shared,2,126,read,3731,3731,3731,3733,3733,1
3733,E1,shared,2,218,read,3731,3731,3731,3733,3733,1
3734,E0,shared,1,157,read,3732,3732,3732,3734,3734,1
3734,E1,shared,3,187,read,3732,3732,3732,3734,3734,1
3735,E0,shared,1,157,read,3733,3733,3733,3735,3735,1
3735,E1,shared,2,250,read,3733,3733,3733,3735,3735,1
3736,E0,shared,3,95,read,3734,3734,3734,3736,3736,1
3736,E1,shared,3,67,read,3734,3734,3734,3736,3736,1
3737,E0,shared,2,10,read,3735,3735,3735,3737,3737,1
3737,E1,shared,1,245,read,3735,3735,3735,3737,3737,1
3738,E0,shared,2,14,read,3736,3736,3736,3738,3738,1
3738,E1,shared,0,192,read,3736,3736,3736,3738,3738,1
3739,E0,shared,0,164,read,3737,3737,3737,3739,3739,1
3739,E1,shared,0,212,read,3737,3737,3737,3739,3739,1
3740,E0,shared,3,183,read,3738,3738,3738,3740,3740,1
3741,E0,shared,2,54,read,3739,3739,3739,3741,3741,1
3741,E1,shared,2,138,read,3739,3739,3739,3741,3741,1
3742,E0,shared,0,188,read,3740,3740,3740,3742,3742,1
3743,E0,shared,1,125,read,3741,3741,3741,3743,3743,1
3743,E1,shared,1,241,read,3741,3741,3741,3743,3743,1
3744,E0,shared,1,29,read,3742,3742,3742,3744,3744,1
3745,E0,shared,2,230,read,3743,3743,3743,3745,3745,1
3745,E1,shared,2,198,read,3743,3743,3743,3745,3745,1
3746,E1,shared,0,164,read,3744,3744,3744,3746,3746,1
3747,E0,shared,1,217,read,3745,3745,3745,3747,3747,1
3747,E1,shared,1,217,read,3745,3745,3745,3747,3747,1
3748,E0,shared,2,230,read,3746,3746,3746,3748,3748,1
3748,E1,shared,2,186,read,3746,3746,3746,3748,3748,1
3749,E0,shared,1,241,read,3747,3747,3747,3749,3749,1
3749,E1,shared,1,241,read,3747,3747,3747,3749,3749,1
3751,E0,shared,3,103,read,3749,3749,3749,3751,3751,1
3751,E1,shared,3,143,read,3749,3749,3749,3751,3751,1
3752,E0,shared,3,107,read,3750,3750,3750,3752,3752,1
3752,E1,shared,3,87,read,3750,3750,3750,3752,3752,1
3753,E0,shared,2,126,read,3751,3751,3751,3753,3753,1
3753,E1,shared,2,126,read,3751,3751,3751,3753,3753,1
3754,E1,shared,2,186,read,3752,3752,3752,3754,3754,1
3755,E0,shared,0,212,read,3753,3753,3753,3755,3755,1
3755,E1,shared,0,156,read,3753,3753,3753,3755,3755,1
3756,E0,shared,0,216,read,3754,3754,3754,3756,3756,1
3756,E1,shared,1,121,read,3754,3754,3754,3756,3756,1
3757,E0,shared,3,19,read,3755,3755,3755,3757,3757,1
3757,E1,shared,3,19,read,3755,3755,3755,3757,3757,1
3758,E1,shared,0,80,read,3756,3756,3756,3758,3758,1
3759,E0,shared,2,166,read,3757,3757,3757,3759,3759,1
3760,E0,shared,3,31,read,3758,3758,3758,3760,3760,1
3760,E1,shared,3,135,read,3758,3758,3758,3760,3760,1
3762,E0,shared,0,164,read,3760,3760,3760,3762,3762,1
3762,E1,shared,0,84,read,3760,3760,3760,3762,3762,1
3763,E0,shared,0,72,read,3761,3761,3761,3763,3763,1
3763,E1,shared,1,13,read,3761,3761,3761,3763,3763,1
3764,E0,shared,0,24,read,3762,3762,3762,3764,3764,1
3764,E1,shared,2,214,read,3762,3762,3762,3764,3764,1
3765,E0,shared,3,151,read,3763,3763,3763,3765,3765,1
3765,E1,shared,3,151,read,3763,3763,3763,3765,3765,1
3766,E0,shared,1,201,read,3764,3764,3764,3766,3766,1
3766,E1,shared,1,133,read,3764,3764,3764,3766,3766,1
3767,E0,shared,0,124,read,3765,3765,3765,3767,3767,1
3767,E1,shared,0,188,read,3765,3765,3765,3767,3767,1
3768,E0,shared,1,213,read,3766,3766,3766,3768,3768,1
3769,E0,shared,1,13,read,3767,3767,3767,3769,3769,1
3770,E0,shared,0,28,read,3768,3768,3768,3770,3770,1
3771,E0,shared,0,56,read,3769,3769,3769,3771,3771,1
3771,E1,shared,0,72,read,3769,3769,3769,3771,3771,1
3772,E0,shared,3,99,read,3770,3770,3770,3772,3772,1
3772,E1,shared,2,70,read,3770,3770,3770,3772,3772,1
3773,E0,shared,0,44,read,3771,3771,3771,3773,3773,1
3773,E1,shared,0,240,read,3771,3771,3771,3773,3773,1
3774,E0,shared,3,55,read,3772,3772,3772,3774,3774,1
3775,E0,shared,3,75,read,3773,3773,3773,3775,3775,1
3776,E0,shared,2,182,read,3774,3774,3774,3776,3776,1
3776,E1,shared,2,182,read,3774,3774,3774,3776,3776,1
3777,E1,shared,2,210,read,3775,3775,3775,3777,3777,1
3778,E0,shared,0,12,read,3776,3776,3776,3778,3778,1
3778,E1,shared,0,12,read,3776,3776,3776,3778,3778,1
3779,E0,shared,1,17,read,3777,3777,3777,3779,3779,1
3779,E1,shared,1,93,read,3777,3777,3777,3779,3779,1
3780,E1,shared,2,90,read,3778,3778,3778,3780,3780,1
3781,E0,shared,1,221,read,3779,3779,3779,3781,3781,1
3781,E1,shared,3,27,read,3779,3779,3779,3781,3781,1
3782,E0,shared,2,46,read,3780,3780,3780,3782,3782,1
3782,E1,shared,3,83,read,3780,3780,3780,3782,3782,1
3783,E0,shared,3,59,read,3781,3781,3781,3783,3783,1
3783,E1,shared,3,143,read,3781,3781,3781,3783,3783,1
3784,E0,shared,3,151,read,3782,3782,3782,3784,3784,1
3785,E1,shared,3,171,read,3783,3783,3783,3785,3785,1
3786,E0,shared,0,140,read,3784,3784,3784,3786,3786,1
3786,E1,shared,0,140,read,3784,3784,3784,3786,3786,1
3787,E0,shared,2,18,read,3785,3785,3785,3787,3787,1
3787,E1,shared,2,2,read,3785,3785,3785,3787,3787,1
3788,E0,shared,2,134,read,3786,3786,3786,3788,3788,1
3788,E1,shared,2,198,read,3786,3786,3786,3788,3788,1
3789,E1,shared,0,148,read,3787,3787,3787,3789,3789,1
3790,E0,shared,3,163,read,3788,3788,3788,3790,3790,1
3790,E1,shared,3,163,read,3788,3788,3788,3790,3790,1
3791,E0,shared,3,111,read,3789,3789,3789,3791,3791,1
3792,E0,shared,1,1,read,3790,3790,3790,3792,3792,1
3792,E1,shared,1,157,read,3790,3790,3790,3792,3792,1
3793,E0,shared,1,237,read,3791,3791,3791,3793,3793,1
3793,E1,shared,0,148,read,3791,3791,3791,3793,3793,1
3794,E0,shared,1,149,read,3792,3792,3792,3794,3794,1
3794,E1,shared,1,189,read,3792,3792,3792,3794,3794,1
3795,E0,shared,1,197,read,3793,3793,3793,3795,3795,1
3795,E1,shared,1,197,read,3793,3793,3793,3795,3795,1
3796,E0,shared,0,132,read,3794,3794,3794,3796,3796,1
3797,E0,shared,3,67,read,3795,3795,3795,3797,3797,1
3797,E1,shared,3,67,read,3795,3795,3795,3797,3797,1
3798,E0,shared,3,19,read,3796,3796,3796,3798,3798,1
3799,E0,shared,3,83,read,3797,3797,3797,3799,3799,1
3799,E1,shared,3,83,read,3797,3797,3797,3799,3799,1
3800,E0,shared,3,147,read,3798,3798,3798,3800,3800,1
3800,E1,shared,3,75,read,3798,3798,3798,3800,3800,1
3801,E0,shared,1,65,read,3799,3799,3799,3801,3801,1
3802,E1,shared,2,98,read,3800,3800,3800,3802,3802,1
3803,E0,shared,0,96,read,3801,3801,3801,3803,3803,1
3803,E1,shared,0,96,read,3801,3801,3801,3803,3803,1
3804,E0,shared,0,40,read,3802,3802,3802,3804,3804,1
3804,E1,shared,2,166,read,3802,3802,3802,3804,3804,1
3805,E0,shared,2,78,read,3803,3803,3803,3805,3805,1
3806,E0,shared,2,70,read,3804,3804,3804,3806,3806,1
3806,E1,shared,2,222,read,3804,3804,3804,3806,3806,1
3807,E0,shared,1,61,read,3805,3805,3805,3807,3807,1
3808,E0,shared,0,16,read,3806,3806,3806,3808,3808,1
3808,E1,shared,3,203,read,3806,3806,3806,3808,3808,1
3809,E0,shared,1,13,read,3807,3807,3807,3809,3809,1
3810,E0,shared,1,213,read,3808,3808,3808,3810,3810,1
3810,E1,shared,1,221,read,3808,3808,3808,3810,3810,1
3811,E1,shared,1,73,read,3809,3809,3809,3811,3811,1
3812,E1,shared,3,155,read,3810,3810,3810,3812,3812,1
3813,E1,shared,3,143,read,3811,3811,3811,3813,3813,1
3814,E0,shared,0,232,read,3812,3812,3812,3814,3814,1
3814,E1,shared,0,20,read,3812,3812,3812,3814,3814,1
3815,E0,shared,1,177,read,3813,3813,3813,3815,3815,1
3815,E1,shared,0,120,read,3813,3813,3813,3815,3815,1
3816,E0,shared,0,172,read,3814,3814,3814,3816,3816,1
3816,E1,shared,0,172,read,3814,3814,3814,3816,3816,1
3817,E1,shared,1,209,read,3815,3815,3815,3817,3817,1
3818,E0,shared,3,151,read,3816,3816,3816,3818,3818,1
3818,E1,shared,1,233,read,3816,3816,3816,3818,3818,1
3819,E0,shared,3,227,read,3817,3817,3817,3819,3819,1
3819,E1,shared,3,223,read,3817,3817,3817,3819,3819,1
3820,E0,shared,2,250,read,3818,3818,3818,3820,3820,1
3820,E1,shared,3,139,read,3818,3818,3818,3820,3820,1
3821,E1,shared,2,58,read,3819,3819,3819,3821,3821,1
3822,E0,shared,0,140,read,3820,3820,3820,3822,3822,1
3823,E1,shared,3,71,read,3821,3821,3821,3823,3823,1
3824,E0,shared,2,154,read,3822,3822,3822,3824,3824,1
3824,E1,shared,0,216,read,3822,3822,3822,3824,3824,1
3825,E0,shared,3,19,read,3823,3823,3823,3825,3825,1
3825,E1,shared,3,59,read,3823,3823,3823,3825,3825,1
3826,E1,shared,2,150,read,3824,3824,3824,3826,3826,1
3827,E0,shared,3,15,read,3825,3825,3825,3827,3827,1
3827,E1,shared,3,15,read,3825,3825,3825,3827,3827,1
3828,E0,shared,3,79,read,3826,3826,3826,3828,3828,1
3829,E0,shared,2,62,read,3827,3827,3827,3829,3829,1
3829,E1,shared,2,186,read,3827,3827,3827,3829,3829,1
3830,E0,shared,0,236,read,3828,3828,3828,3830,3830,1
3831,E0,shared,1,125,read,3829,3829,3829,3831,3831,1
3831,E1,shared,0,172,read,3829,3829,3829,3831,3831,1
3832,E0,shared,1,9,read,3830,3830,3830,3832,3832,1
3832,E1,shared,3,35,read,3830,3830,3830,3832,3832,1
3833,E0,shared,1,185,read,3831,3831,3831,3833,3833,1
3834,E0,shared,0,140,read,3832,3832,3832,3834,3834,1
3834,E1,shared,0,48,read,3832,3832,3832,3834,3834,1
3835,E0,shared,2,186,read,3833,3833,3833,3835,3835,1
3835,E1,shared,2,50,read,3833,3833,3833,3835,3835,1
3836,E0,shared,3,95,read,3834,3834,3834,3836,3836,1
3837,E0,shared,1,133,read,3835,3835,3835,3837,3837,1
3837,E1,shared,1,53,read,3835,3835,3835,3837,3837,1
3839,E0,shared,2,46,read,3837,3837,3837,3839,3839,1
3839,E1,shared,1,89,read,3837,3837,3837,3839,3839,1
3840,E0,shared,0,140,read,3838,3838,3838,3840,3840,1
3840,E1,shared,1,121,read,3838,3838,3838,3840,3840,1
3841,E0,shared,0,100,read,3839,3839,3839,3841,3841,1
3841,E1,shared,3,35,read,3839,3839,3839,3841,3841,1
3842,E0,shared,1,61,read,3840,3840,3840,3842,3842,1
3843,E0,shared,3,111,read,3841,3841,3841,3843,3843,1
3843,E1,shared,3,51,read,3841,3841,3841,3843,3843,1
3844,E0,shared,3,151,read,3842,3842,3842,3844,3844,1
3844,E1,shared,3,3,read,3842,3842,3842,3844,3844,1
3845,E0,shared,1,157,read,3843,3843,3843,3845,3845,1
3845,E1,shared,1,53,read,3843,3843,3843,3845,3845,1
3846,E0,shared,2,34,read,3844,3844,3844,3846,3846,1
3846,E1,shared,2,94,read,3844,3844,3844,3846,3846,1
3847,E0,shared,3,211,read,3845,3845,3845,3847,3847,1
3847,E1,shared,3,163,read,3845,3845,3845,3847,3847,1
3848,E0,shared,3,135,read,3846,3846,3846,3848,3848,1
3848,E1,shared,3,11,read,3846,3846,3846,3848,3848,1
3849,E0,shared,2,174,read,3847,3847,3847,3849,3849,1
3849,E1,shared,2,122,read,3847,3847,3847,3849,3849,1
3850,E0,shared,1,133,read,3848,3848,3848,3850,3850,1
3850,E1,shared,1,85,read,3848,3848,3848,3850,3850,1
3851,E1,shared,1,165,read,3849,3849,3849,3851,3851,1
3852,E0,shared,2,38,read,3850,3850,3850,3852,3852,1
3853,E0,shared,3,83,read,3851,3851,3851,3853,3853,1
3853,E1,shared,3,135,read,3851,3851,3851,3853,3853,1
3854,E0,shared,2,14,read,3852,3852,3852,3854,3854,1
3854,E1,shared,2,14,read,3852,3852,3852,3854,3854,1
3855,E0,shared,1,77,read,3853,3853,3853,3855,3855,1
3855,E1,shared,0,68,read,3853,3853,3853,3855,3855,1
3856,E0,shared,2,150,read,3854,3854,3854,3856,3856,1
3856,E1,shared,0,204,read,3854,3854,3854,3856,3856,1
3857,E0,shared,3,227,read,3855,3855,3855,3857,3857,1
3857,E1,shared,3,7,read,3855,3855,3855,3857,3857,1
3858,E0,shared,2,102,read,3856,3856,3856,3858,3858,1
3858,E1,shared,3,11,read,3856,3856,3856,3858,3858,1
3859,E1,shared,3,175,read,3857,3857,3857,3859,3859,1
3860,E0,shared,1,117,read,3858,3858,3858,3860,3860,1
3861,E0,shared,2,246,read,3859,3859,3859,3861,3861,1
3861,E1,shared,2,186,read,3859,3859,3859,3861,3861,1
3862,E0,shared,1,221,read,3860,3860,3860,3862,3862,1
3862,E1,shared,2,222,read,3860,3860,3860,3862,3862,1
3863,E0,shared,2,10,read,3861,3861,3861,3863,3863,1
3863,E1,shared,2,230,read,3861,3861,3861,3863,3863,1
3864,E0,shared,0,48,read,3862,3862,3862,3864,3864,1
3864,E1,shared,0,48,read,3862,3862,3862,3864,3864,1
3865,E0,shared,3,239,read,3863,3863,3863,3865,3865,1
3866,E0,shared,0,68,read,3864,3864,3864,3866,3866,1
3866,E1,shared,0,208,read,3864,3864,3864,3866,3866,1
3867,E0,shared,3,111,read,3865,3865,3865,3867,3867,1
3867,E1,shared,3,239,read,3865,3865,3865,3867,3867,1
3868,E0,shared,3,71,read,3866,3866,3866,3868,3868,1
3868,E1,shared,3,63,read,3866,3866,3866,3868,3868,1
3869,E0,shared,1,229,read,3867,3867,3867,3869,3869,1
3869,E1,shared,1,237,read,3867,3867,3867,3869,3869,1
3870,E0,shared,0,224,read,3868,3868,3868,3870,3870,1
3870,E1,shared,0,224,read,3868,3868,3868,3870,3870,1
3871,E0,shared,0,64,read,3869,3869,3869,3871,3871,1
3871,E1,shared,3,47,read,3869,3869,3869,3871,3871,1
3872,E1,shared,1,197,read,3870,3870,3870,3872,3872,1
3873,E0,shared,1,113,read,3871,3871,3871,3873,3873,1
3874,E0,shared,2,22,read,3872,3872,3872,3874,3874,1
3874,E1,shared,2,50,read,3872,3872,3872,3874,3874,1
3875,E0,shared,2,218,read,3873,3873,3873,3875,3875,1
3875,E1,shared,2,218,read,3873,3873,3873,3875,3875,1
3876,E0,shared,1,197,read,3874,3874,3874,3876,3876,1
3876,E1,shared,1,129,read,3874,3874,3874,3876,3876,1
3877,E0,shared,3,247,read,3875,3875,3875,3877,3877,1
3878,E0,shared,2,34,read,3876,3876,3876,3878,3878,1
3878,E1,shared,1,77,read,3876,3876,3876,3878,3878,1
3879,E0,shared,2,38,read,3877,3877,3877,3879,3879,1
3879,E1,shared,2,198,read,3877,3877,3877,3879,3879,1
3881,E1,shared,0,36,read,3879,3879,3879,3881,3881,1
3882,E0,shared,3,35,read,3880,3880,3880,3882,3882,1
3882,E1,shared,1,45,read,3880,3880,3880,3882,3882,1
3883,E0,shared,1,21,read,3881,3881,3881,3883,3883,1
3884,E0,shared,0,124,read,3882,3882,3882,3884,3884,1
3884,E1,shared,1,37,read,3882,3882,3882,3884,3884,1
3885,E0,shared,0,200,read,3883,3883,3883,3885,3885,1
3885,E1,shared,0,200,read,3883,3883,3883,3885,3885,1
3886,E1,shared,2,162,read,3884,3884,3884,3886,3886,1
3887,E0,shared,2,142,read,3885,3885,3885,3887,3887,1
3887,E1,shared,2,142,read,3885,3885,3885,3887,3887,1
3888,E0,shared,3,63,read,3886,3886,3886,3888,3888,1
3888,E1,shared,3,199,read,3886,3886,3886,3888,3888,1
3889,E0,shared,0,4,read,3887,3887,3887,3889,3889,1
3890,E0,shared,0,216,read,3888,3888,3888,3890,3890,1
3891,E0,shared,0,64,read,3889,3889,3889,3891,3891,1
3891,E1,shared,0,200,read,3889,3889,3889,3891,3891,1
3892,E0,shared,3,95,read,3890,3890,3890,3892,3892,1
3893,E0,shared,0,64,read,3891,3891,3891,3893,3893,1
3893,E1,shared,1,25,read,3891,3891,3891,3893,3893,1
3894,E0,shared,1,221,read,3892,3892,3892,3894,3894,1
3894,E1,shared,0,148,read,3892,3892,3892,3894,3894,1
3895,E0,shared,2,46,read,3893,3893,3893,3895,3895,1
3895,E1,shared,2,162,read,3893,3893,3893,3895,3895,1
3896,E0,shared,0,180,read,3894,3894,3894,3896,3896,1
3896,E1,shared,0,180,read,3894,3894,3894,3896,3896,1
3897,E0,shared,1,93,read,3895,3895,3895,3897,3897,1
3897,E1,shared,3,203,read,3895,3895,3895,3897,3897,1
3898,E0,shared,1,89,read,3896,3896,3896,3898,3898,1
3898,E1,shared,1,89,read,3896,3896,3896,3898,3898,1
3899,E1,shared,3,199,read,3897,3897,3897,3899,3899,1
3900,E0,shared,0,120,read,3898,3898,3898,3900,3900,1
3900,E1,shared,2,98,read,3898,3898,3898,3900,3900,1
3901,E0,shared,1,113,read,3899,3899,3899,3901,3901,1
3901,E1,shared,2,210,read,3899,3899,3899,3901,3901,1
3902,E0,shared,0,184,read,3900,3900,3900,3902,3902,1
3902,E1,shared,1,181,read,3900,3900,3900,3902,3902,1
3903,E0,shared,3,183,read,3901,3901,3901,3903,3903,1
3904,E0,shared,1,197,read,3902,3902,3902,3904,3904,1
3904,E1,shared,3,71,read,3902,3902,3902,3904,3904,1
3905,E0,shared,3,219,read,3903,3903,3903,3905,3905,1
3905,E1,shared,3,223,read,3903,3903,3903,3905,3905,1
3906,E0,shared,0,8,read,3904,3904,3904,3906,3906,1
3906,E1,shared,0,224,read,3904,3904,3904,3906,3906,1
3907,E0,shared,1,217,read,3905,3905,3905,3907,3907,1
3907,E1,shared,3,51,read,3905,3905,3905,3907,3907,1
3908,E0,shared,0,56,read,3906,3906,3906,3908,3908,1
3908,E1,shared,1,33,read,3906,3906,3906,3908,3908,1
3909,E0,shared,1,125,read,3907,3907,3907,3909,3909,1
3909,E1,shared,1,225,read,3907,3907,3907,3909,3909,1
3910,E1,shared,0,228,read,3908,3908,3908,3910,3910,1
3911,E0,shared,3,103,read,3909,3909,3909,3911,3911,1
3911,E1,shared,3,211,read,3909,3909,3909,3911,3911,1
3912,E0,shared,0,188,read,3910,3910,3910,3912,3912,1
3912,E1,shared,0,228,read,3910,3910,3910,3912,3912,1
3913,E0,shared,1,25,read,3911,3911,3911,3913,3913,1
3913,E1,shared,1,185,read,3911,3911,3911,3913,3913,1
3914,E0,shared,3,167,read,3912,3912,3912,3914,3914,1
3914,E1,shared,3,195,read,3912,3912,3912,3914,3914,1
3915,E0,shared,2,170,read,3913,3913,3913,3915,3915,1
3915,E1,shared,0,208,read,3913,3913,3913,3915,3915,1
3916,E0,shared,3,71,read,3914,3914,3914,3916,3916,1
3916,E1,shared,3,131,read,3914,3914,3914,3916,3916,1
3918,E0,shared,3,99,read,3916,3916,3916,3918,3918,1
3918,E1,shared,3,227,read,3916,3916,3916,3918,3918,1
3919,E0,shared,2,250,read,3917,3917,3917,3919,3919,1
3919,E1,shared,3,251,read,3917,3917,3917,3919,3919,1
3920,E0,shared,0,108,read,3918,3918,3918,3920,3920,1
3920,E1,shared,0,184,read,3918,3918,3918,3920,3920,1
3921,E0,shared,3,11,read,3919,3919,3919,3921,3921,1
3921,E1,shared,3,71,read,3919,3919,3919,3921,3921,1
3922,E0,shared,2,18,read,3920,3920,3920,3922,3922,1
3922,E1,shared,2,130,read,3920,3920,3920,3922,3922,1
3924,E0,shared,2,214,read,3922,3922,3922,3924,3924,1
3924,E1,shared,2,214,read,3922,3922,3922,3924,3924,1
3925,E0,shared,3,139,read,3923,3923,3923,3925,3925,1
3925,E1,shared,3,55,read,3923,3923,3923,3925,3925,1
3926,E1,shared,0,48,read,3924,3924,3924,3926,3926,1
3927,E1,shared,2,78,read,3925,3925,3925,3927,3927,1
3928,E0,shared,0,164,read,3926,3926,3926,3928,3928,1
3928,E1,shared,0,212,read,3926,3926,3926,3928,3928,1
3929,E1,shared,0,248,read,3927,3927,3927,3929,3929,1
3930,E0,shared,0,96,read,3928,3928,3928,3930,3930,1
3930,E1,shared,0,236,read,3928,3928,3928,3930,3930,1
3931,E0,shared,2,78,read,3929,3929,3929,3931,3931,1
3931,E1,shared,1,1,read,3929,3929,3929,3931,3931,1
3932,E0,shared,2,158,read,3930,3930,3930,3932,3932,1
3933,E1,shared,3,95,read,3931,3931,3931,3933,3933,1
3934,E0,shared,2,78,read,3932,3932,3932,3934,3934,1
3934,E1,shared,2,78,read,3932,3932,3932,3934,3934,1
3935,E0,shared,1,13,read,3933,3933,3933,3935,3935,1
3935,E1,shared,1,13,read,3933,3933,3933,3935,3935,1
3936,E1,shared,3,251,read,3934,3934,3934,3936,3936,1
3937,E0,shared,3,27,read,3935,3935,3935,3937,3937,1
3937,E1,shared,3,103,read,3935,3935,3935,3937,3937,1
3938,E0,shared,2,190,read,3936,3936,3936,3938,3938,1
3938,E1,shared,2,190,read,3936,3936,3936,3938,3938,1
3939,E0,shared,3,51,read,3937,3937,3937,3939,3939,1
3939,E1,shared,3,179,read,3937,3937,3937,3939,3939,1
3940,E0,shared,3,31,read,3938,3938,3938,3940,3940,1
3940,E1,shared,2,198,read,3938,3938,3938,3940,3940,1
3941,E1,shared,0,32,read,3939,3939,3939,3941,3941,1
3942,E0,shared,3,71,read,3940,3940,3940,3942,3942,1
3942,E1,shared,3,223,read,3940,3940,3940,3942,3942,1
3943,E1,shared,2,38,read,3941,3941,3941,3943,3943,1
3944,E0,shared,1,201,read,3942,3942,3942,3944,3944,1
3944,E1,shared,0,12,read,3942,3942,3942,3944,3944,1
3945,E0,shared,3,179,read,3943,3943,3943,3945,3945,1
3945,E1,shared,3,179,read,3943,3943,3943,3945,3945,1
3946,E0,shared,0,164,read,3944,3944,3944,3946,3946,1
3946,E1,shared,1,157,read,3944,3944,3944,3946,3946,1
3947,E0,shared,3,19,read,3945,3945,3945,3947,3947,1
3947,E1,shared,2,102,read,3945,3945,3945,3947,3947,1
3948,E0,shared,0,20,read,3946,3946,3946,3948,3948,1
3948,E1,shared,0,20,read,3946,3946,3946,3948,3948,1
3949,E0,shared,2,122,read,3947,3947,3947,3949,3949,1
3950,E0,shared,3,231,read,3948,3948,3948,3950,3950,1
3950,E1,shared,3,231,read,3948,3948,3948,3950,3950,1
3951,E0,shared,3,11,read,3949,3949,3949,3951,3951,1
3951,E1,shared,3,11,read,3949,3949,3949,3951,3951,1
3952,E0,shared,2,30,read,3950,3950,3950,3952,3952,1
3952,E1,shared,2,66,read,3950,3950,3950,3952,3952,1
3953,E0,shared,1,101,read,3951,3951,3951,3953,3953,1
3953,E1,shared,1,101,read,3951,3951,3951,3953,3953,1
3954,E0,shared,2,110,read,3952,3952,3952,3954,3954,1
3954,E1,shared,3,99,read,3952,3952,3952,3954,3954,1
3955,E0,shared,1,209,read,3953,3953,3953,3955,3955,1
3956,E0,shared,3,67,read,3954,3954,3954,3956,3956,1
3956,E1,shared,2,146,read,3954,3954,3954,3956,3956,1
3957,E1,shared,1,201,read,3955,3955,3955,3957,3957,1
3958,E0,shared,0,92,read,3956,3956,3956,3958,3958,1
3958,E1,shared,0,92,read,3956,3956,3956,3958,3958,1
3959,E0,shared,0,12,read,3957,3957,3957,3959,3959,1
3959,E1,shared,0,184,read,3957,3957,3957,3959,3959,1
3960,E0,shared,1,113,read,3958,3958,3958,3960,3960,1
3960,E1,shared,1,113,read,3958,3958,3958,3960,3960,1
3961,E0,shared,3,207,read,3959,3959,3959,3961,3961,1
3961,E1,shared,2,182,read,3959,3959,3959,3961,3961,1
3962,E0,shared,0,164,read,3960,3960,3960,3962,3962,1
3962,E1,shared,0,164,read,3960,3960,3960,3962,3962,1
3963,E0,shared,3,247,read,3961,3961,3961,3963,3963,1
3964,E0,shared,3,139,read,3962,3962,3962,3964,3964,1
3965,E0,shared,0,44,read,3963,3963,3963,3965,3965,1
3965,E1,shared,0,44,read,3963,3963,3963,3965,3965,1
3966,E0,shared,2,34,read,3964,3964,3964,3966,3966,1
3966,E1,shared,2,210,read,3964,3964,3964,3966,3966,1
3967,E0,shared,0,88,read,3965,3965,3965,3967,3967,1
3967,E1,shared,0,88,read,3965,3965,3965,3967,3967,1
3968,E0,shared,3,79,read,3966,3966,3966,3968,3968,1
3968,E1,shared,0,68,read,3966,3966,3966,3968,3968,1
3969,E1,shared,2,2,read,3967,3967,3967,3969,3969,1
3970,E0,shared,3,159,read,3968,3968,3968,3970,3970,1
3970,E1,shared,3,67,read,3968,3968,3968,3970,3970,1
3971,E0,shared,3,159,read,3969,3969,3969,3971,3971,1
3971,E1,shared,3,171,read,3969,3969,3969,3971,3971,1
3972,E0,shared,2,58,read,3970,3970,3970,3972,3972,1
3972,E1,shared,2,202,read,3970,3970,3970,3972,3972,1
3973,E0,shared,0,48,read,3971,3971,3971,3973,3973,1
3973,E1,shared,0,48,read,3971,3971,3971,3973,3973,1
3974,E0,shared,1,165,read,3972,3972,3972,3974,3974,1
3974,E1,shared,1,77,read,3972,3972,3972,3974,3974,1
3975,E0,shared,3,255,read,3973,3973,3973,3975,3975,1
3975,E1,shared,3,59,read,3973,3973,3973,3975,3975,1
3976,E0,shared,2,170,read,3974,3974,3974,3976,3976,1
3976,E1,shared,2,170,read,3974,3974,3974,3976,3976,1
3977,E0,shared,3,203,read,3975,3975,3975,3977,3977,1
3978,E1,shared,0,160,read,3976,3976,3976,3978,3978,1
3979,E1,shared,2,158,read,3977,3977,3977,3979,3979,1
3980,E1,shared,2,94,read,3978,3978,3978,3980,3980,1
3981,E0,shared,2,18,read,3979,3979,3979,3981,3981,1
3981,E1,shared,1,149,read,3979,3979,3979,3981,3981,1
3982,E0,shared,0,84,read,3980,3980,3980,3982,3982,1
3982,E1,shared,0,136,read,3980,3980,3980,3982,3982,1
3983,E0,shared,0,12,read,3981,3981,3981,3983,3983,1
3983,E1,shared,0,164,read,3981,3981,3981,3983,3983,1
3984,E0,shared,2,166,read,3982,3982,3982,3984,3984,1
3984,E1,shared,2,178,read,3982,3982,3982,3984,3984,1
3985,E0,shared,0,112,read,3983,3983,3983,3985,3985,1
3985,E1,shared,0,64,read,3983,3983,3983,3985,3985,1
3986,E0,shared,2,190,read,3984,3984,3984,3986,3986,1
3986,E1,shared,2,126,read,3984,3984,3984,3986,3986,1
3987,E0,shared,2,110,read,3985,3985,3985,3987,3987,1
3987,E1,shared,1,69,read,3985,3985,3985,3987,3987,1
3988,E0,shared,2,170,read,3986,3986,3986,3988,3988,1
3988,E1,shared,2,166,read,3986,3986,3986,3988,3988,1
3989,E0,shared,1,241,read,3987,3987,3987,3989,3989,1
3989,E1,shared,1,125,read,3987,3987,3987,3989,3989,1
3990,E0,shared,3,79,read,3988,3988,3988,3990,3990,1
3990,E1,shared,2,146,read,3988,3988,3988,3990,3990,1
3991,E0,shared,0,124,read,3989,3989,3989,3991,3991,1
3991,E1,shared,0,208,read,3989,3989,3989,3991,3991,1
3992,E1,shared,3,255,read,3990,3990,3990,3992,3992,1
3993,E0,shared,3,71,read,3991,3991,3991,3993,3993,1
3993,E1,shared,3,207,read,3991,3991,3991,3993,3993,1
3994,E1,shared,0,140,read,3992,3992,3992,3994,3994,1
3995,E0,shared,1,21,read,3993,3993,3993,3995,3995,1
3995,E1,shared,2,74,read,3993,3993,3993,3995,3995,1
3996,E0,shared,3,175,read,3994,3994,3994,3996,3996,1
3997,E1,shared,1,45,read,3995,3995,3995,3997,3997,1
3998,E0,shared,1,21,read,3996,3996,3996,3998,3998,1
3998,E1,shared,1,21,read,3996,3996,3996,3998,3998,1
3999,E0,shared,1,209,read,3997,3997,3997,3999,3999,1
3999,E1,shared,1,81,read,3997,3997,3997,3999,3999,1
4000,E0,shared,3,155,read,3998,3998,3998,4000,4000,1
4000,E1,shared,3,95,read,3998,3998,3998,4000,4000,1
4001,E0,shared,2,254,read,3999,3999,3999,4001,4001,1
4001,E1,shared,2,254,read,3999,3999,3999,4001,4001,1
4002,E0,shared,0,4,read,4000,4000,4000,4002,4002,1
4002,E1,shared,0,128,read,4000,4000,4000,4002,4002,1
4003,E0,shared,3,75,read,4001,4001,4001,4003,4003,1
4003,E1,shared,3,191,read,4001,4001,4001,4003,4003,1
4004,E0,shared,0,64,read,4002,4002,4002,4004,4004,1
4004,E1,shared,1,169,read,4002,4002,4002,4004,4004,1
4005,E0,shared,1,21,read,4003,4003,4003,4005,4005,1
4005,E1,shared,1,37,read,4003,4003,4003,4005,4005,1
4006,E0,shared,3,99,read,4004,4004,4004,4006,4006,1
4006,E1,shared,0,8,read,4004,4004,4004,4006,4006,1
4007,E0,shared,3,207,read,4005,4005,4005,4007,4007,1
4007,E1,shared,3,55,read,4005,4005,4005,4007,4007,1
4008,E0,shared,2,10,read,4006,4006,4006,4008,4008,1
4008,E1,shared,3,83,read,4006,4006,4006,4008,4008,1
4009,E0,shared,2,214,read,4007,4007,4007,4009,4009,1
4009,E1,shared,0,24,read,4007,4007,4007,4009,4009,1
4011,E0,shared,1,237,read,4009,4009,4009,4011,4011,1
4011,E1,shared,1,181,read,4009,4009,4009,4011,4011,1
4012,E1,shared,0,128,read,4010,4010,4010,4012,4012,1
4013,E0,shared,1,177,read,4011,4011,4011,4013,4013,1
4013,E1,shared,2,166,read,4011,4011,4011,4013,4013,1
4014,E0,shared,1,73,read,4012,4012,4012,4014,4014,1
4014,E1,shared,1,17,read,4012,4012,4012,4014,4014,1
4015,E0,shared,0,8,read,4013,4013,4013,4015,4015,1
4015,E1,shared,0,8,read,4013,4013,4013,4015,4015,1
4016,E0,shared,0,36,read,4014,4014,4014,4016,4016,1
4016,E1,shared,0,36,read,4014,4014,4014,4016,4016,1
4017,E0,shared,2,90,read,4015,4015,4015,4017,4017,1
4018,E0,shared,2,170,read,4016,4016,4016,4018,4018,1
4018,E1,shared,3,163,read,4016,4016,4016,4018,4018,1
4019,E0,shared,1,9,read,4017,4017,4017,4019,4019,1
4019,E1,shared,1,177,read,4017,4017,4017,4019,4019,1
4020,E0,shared,2,86,read,4018,4018,4018,4020,4020,1
4020,E1,shared,2,206,read,4018,4018,4018,4020,4020,1
4021,E1,shared,1,157,read,4019,4019,4019,4021,4021,1
4022,E0,shared,1,37,read,4020,4020,4020,4022,4022,1
4022,E1,shared,3,3,read,4020,4020,4020,4022,4022,1
4023,E0,shared,3,111,read,4021,4021,4021,4023,4023,1
4024,E0,shared,1,121,read,4022,4022,4022,4024,4024,1
4024,E1,shared,1,121,read,4022,4022,4022,4024,4024,1
4025,E0,shared,0,112,read,4023,4023,4023,4025,4025,1
4025,E1,shared,3,39,read,4023,4023,4023,4025,4025,1
4026,E0,shared,0,108,read,4024,4024,4024,4026,4026,1
4026,E1,shared,3,127,read,4024,4024,4024,4026,4026,1
4027,E1,shared,2,130,read,4025,4025,4025,4027,4027,1
4028,E0,shared,3,243,read,4026,4026,4026,4028,4028,1
4028,E1,shared,1,69,read,4026,4026,4026,4028,4028,1
4029,E0,shared,1,237,read,4027,4027,4027,4029,4029,1
4029,E1,shared,1,213,read,4027,4027,4027,4029,4029,1
4030,E0,shared,2,234,read,4028,4028,4028,4030,4030,1
4031,E0,shared,1,77,read,4029,4029,4029,4031,4031,1
4032,E0,shared,1,177,read,4030,4030,4030,4032,4032,1
4032,E1,shared,1,149,read,4030,4030,4030,4032,4032,1
4033,E0,shared,1,33,read,4031,4031,4031,4033,4033,1
4033,E1,shared,1,85,read,4031,4031,4031,4033,4033,1
4034,E0,shared,0,136,read,4032,4032,4032,4034,4034,1
4034,E1,shared,0,128,read,4032,4032,4032,4034,4034,1
4035,E0,shared,1,129,read,4033,4033,4033,4035,4035,1
4035,E1,shared,1,129,read,4033,4033,4033,4035,4035,1
4036,E0,shared,0,108,read,4034,4034,4034,4036,4036,1
4036,E1,shared,0,104,read,4034,4034,4034,4036,4036,1
4037,E0,shared,3,215,read,4035,4035,4035,4037,4037,1
4037,E1,shared,3,19,read,4035,4035,4035,4037,4037,1
4038,E0,shared,0,28,read,4036,4036,4036,4038,4038,1
4038,E1,shared,0,44,read,4036,4036,4036,4038,4038,1
4039,E1,shared,3,63,read,4037,4037,4037,4039,4039,1
4040,E0,shared,3,187,read,4038,4038,4038,4040,4040,1
4040,E1,shared,2,226,read,4038,4038,4038,4040,4040,1
4041,E0,shared,3,139,read,4039,4039,4039,4041,4041,1
4041,E1,shared,3,111,read,4039,4039,4039,4041,4041,1
4042,E0,shared,1,73,read,4040,4040,4040,4042,4042,1
4042,E1,shared,1,73,read,4040,4040,4040,4042,4042,1
4043,E0,shared,3,103,read,4041,4041,4041,4043,4043,1
4043,E1,shared,2,242,read,4041,4041,4041,4043,4043,1
4044,E0,shared,1,17,read,4042,4042,4042,4044,4044,1
4044,E1,shared,1,93,read,4042,4042,4042,4044,4044,1
4045,E0,shared,3,203,read,4043,4043,4043,4045,4045,1
4045,E1,shared,1,181,read,4043,4043,4043,4045,4045,1
4046,E1,shared,1,33,read,4044,4044,4044,4046,4046,1
4047,E0,shared,0,24,read,4045,4045,4045,4047,4047,1
4047,E1,shared,0,24,read,4045,4045,4045,4047,4047,1
4048,E0,shared,0,244,read,4046,4046,4046,4048,4048,1
4049,E0,shared,2,178,read,4047,4047,4047,4049,4049,1
4049,E1,shared,3,103,read,4047,4047,4047,4049,4049,1
4050,E0,shared,0,228,read,4048,4048,4048,4050,4050,1
4050,E1,shared,0,228,read,4048,4048,4048,4050,4050,1
4051,E0,shared,2,38,read,4049,4049,4049,4051,4051,1
4052,E0,shared,3,91,read,4050,4050,4050,4052,4052,1
4053,E0,shared,0,48,read,4051,4051,4051,4053,4053,1
4053,E1,shared,0,132,read,4051,4051,4051,4053,4053,1
4054,E0,shared,3,31,read,4052,4052,4052,4054,4054,1
4054,E1,shared,2,162,read,4052,4052,4052,4054,4054,1
4055,E0,shared,3,143,read,4053,4053,4053,4055,4055,1
4055,E1,shared,3,151,read,4053,4053,4053,4055,4055,1
4056,E1,shared,1,233,read,4054,4054,4054,4056,4056,1
4057,E1,shared,1,133,read,4055,4055,4055,4057,4057,1
4058,E0,shared,2,82,read,4056,4056,4056,4058,4058,1
4058,E1,shared,2,46,read,4056,4056,4056,4058,4058,1
4059,E0,shared,0,20,read,4057,4057,4057,4059,4059,1
4059,E1,shared,1,225,read,4057,4057,4057,4059,4059,1
4060,E1,shared,3,19,read,4058,4058,4058,4060,4060,1
4061,E0,shared,1,5,read,4059,4059,4059,4061,4061,1
4061,E1,shared,1,5,read,4059,4059,4059,4061,4061,1
4062,E0,shared,1,153,read,4060,4060,4060,4062,4062,1
4062,E1,shared,3,143,read,4060,4060,4060,4062,4062,1
4063,E0,shared,3,7,read,4061,4061,4061,4063,4063,1
4063,E1,shared,3,7,read,4061,4061,4061,4063,4063,1
4064,E0,shared,3,131,read,4062,4062,4062,4064,4064,1
4064,E1,shared,3,119,read,4062,4062,4062,4064,4064,1
4065,E0,shared,1,81,read,4063,4063,4063,4065,4065,1
4065,E1,shared,1,237,read,4063,4063,4063,4065,4065,1
4066,E0,shared,0,68,read,4064,4064,4064,4066,4066,1
4066,E1,shared,0,68,read,4064,4064,4064,4066,4066,1
4067,E0,shared,0,152,read,4065,4065,4065,4067,4067,1
4067,E1,shared,0,96,read,4065,4065,4065,4067,4067,1
4068,E0,shared,2,254,read,4066,4066,4066,4068,4068,1
4068,E1,shared,2,254,read,4066,4066,4066,4068,4068,1
4069,E0,shared,0,64,read,4067,4067,4067,4069,4069,1
4069,E1,shared,0,68,read,4067,4067,4067,4069,4069,1
4070,E0,shared,3,39,read,4068,4068,4068,4070,4070,1
4070,E1,shared,3,39,read,4068,4068,4068,4070,4070,1
4071,E0,shared,3,147,read,4069,4069,4069,4071,4071,1
4071,E1,shared,3,147,read,4069,4069,4069,4071,4071,1
4073,E0,shared,1,125,read,4071,4071,4071,4073,4073,1
4073,E1,shared,1,241,read,4071,4071,4071,4073,4073,1
4074,E0,shared,3,127,read,4072,4072,4072,4074,4074,1
4074,E1,shared,2,174,read,4072,4072,4072,4074,4074,1
4075,E1,shared,1,101,read,4073,4073,4073,4075,4075,1
4076,E0,shared,1,173,read,4074,4074,4074,4076,4076,1
4077,E0,shared,2,90,read,4075,4075,4075,4077,4077,1
4077,E1,shared,2,90,read,4075,4075,4075,4077,4077,1
4078,E0,shared,3,131,read,4076,4076,4076,4078,4078,1
4078,E1,shared,3,55,read,4076,4076,4076,4078,4078,1
4079,E0,shared,2,102,read,4077,4077,4077,4079,4079,1
4079,E1,shared,2,170,read,4077,4077,4077,4079,4079,1
4080,E0,shared,1,25,read,4078,4078,4078,4080,4080,1
4080,E1,shared,2,62,read,4078,4078,4078,4080,4080,1
4081,E0,shared,3,139,read,4079,4079,4079,4081,4081,1
4081,E1,shared,3,139,read,4079,4079,4079,4081,4081,1
4082,E0,shared,2,218,read,4080,4080,4080,4082,4082,1
4083,E0,shared,0,192,read,4081,4081,4081,4083,4083,1
4083,E1,shared,0,192,read,4081,4081,4081,4083,4083,1
4084,E0,shared,1,125,read,4082,4082,4082,4084,4084,1
4084,E1,shared,1,9,read,4082,4082,4082,4084,4084,1
4085,E0,shared,3,235,read,4083,4083,4083,4085,4085,1
4085,E1,shared,1,73,read,4083,4083,4083,4085,4085,1
4086,E0,shared,3,23,read,4084,4084,4084,4086,4086,1
4086,E1,shared,3,79,read,4084,4084,4084,4086,4086,1
4087,E0,shared,1,57,read,4085,4085,4085,4087,4087,1
4087,E1,shared,1,57,read,4085,4085,4085,4087,4087,1
4088,E0,shared,2,178,read,4086,4086,4086,4088,4088,1
4088,E1,shared,1,73,read,4086,4086,4086,4088,4088,1
4089,E0,shared,1,189,read,4087,4087,4087,4089,4089,1
4089,E1,shared,2,178,read,4087,4087,4087,4089,4089,1
4090,E0,shared,2,254,read,4088,4088,4088,4090,4090,1
4090,E1,shared,2,126,read,4088,4088,4088,4090,4090,1
4091,E0,shared,1,161,read,4089,4089,4089,4091,4091,1
4091,E1,shared,1,161,read,4089,4089,4089,4091,4091,1
4092,E0,shared,1,77,read,4090,4090,4090,4092,4092,1
4092,E1,shared,1,53,read,4090,4090,4090,4092,4092,1
4093,E0,shared,3,11,read,4091,4091,4091,4093,4093,1
4093,E1,shared,3,15,read,4091,4091,4091,4093,4093,1
4094,E0,shared,2,50,read,4092,4092,4092,4094,4094,1
4094,E1,shared,2,50,read,4092,4092,4092,4094,4094,1
4095,E0,shared,2,58,read,4093,4093,4093,4095,4095,1
4095,E1,shared,2,214,read,4093,4093,4093,4095,4095,1
4096,E0,shared,2,166,read,4094,4094,4094,4096,4096,1
4096,E1,shared,2,190,read,4094,4094,4094,4096,4096,1
4097,E0,shared,2,202,read,4095,4095,4095,4097,4097,1
4097,E1,shared,2,202,read,4095,4095,4095,4097,4097,1
4098,E0,shared,1,89,read,4096,4096,4096,4098,4098,1
4098,E1,shared,1,77,read,4096,4096,4096,4098,4098,1
4099,E0,shared,3,203,read,4097,4097,4097,4099,4099,1
4099,E1,shared,3,175,read,4097,4097,4097,4099,4099,1
4100,E0,shared,3,135,read,4098,4098,4098,4100,4100,1
4100,E1,shared,1,133,read,4098,4098,4098,4100,4100,1
4101,E0,shared,2,242,read,4099,4099,4099,4101,4101,1
4102,E0,shared,0,136,read,4100,4100,4100,4102,4102,1
4102,E1,shared,2,222,read,4100,4100,4100,4102,4102,1
4103,E0,shared,2,90,read,4101,4101,4101,4103,4103,1
4103,E1,shared,2,22,read,4101,4101,4101,4103,4103,1
4105,E0,shared,0,196,read,4103,4103,4103,4105,4105,1
4105,E1,shared,1,241,read,4103,4103,4103,4105,4105,1
4106,E0,shared,3,147,read,4104,4104,4104,4106,4106,1
4106,E1,shared,3,79,read,4104,4104,4104,4106,4106,1
4107,E0,shared,2,178,read,4105,4105,4105,4107,4107,1
4107,E1,shared,2,174,read,4105,4105,4105,4107,4107,1
4108,E0,shared,0,180,read,4106,4106,4106,4108,4108,1
4108,E1,shared,0,124,read,4106,4106,4106,4108,4108,1
4109,E0,shared,1,21,read,4107,4107,4107,4109,4109,1
4109,E1,shared,1,105,read,4107,4107,4107,4109,4109,1
4110,E0,shared,1,37,read,4108,4108,4108,4110,4110,1
4110,E1,shared,1,141,read,4108,4108,4108,4110,4110,1
4111,E0,shared,1,145,read,4109,4109,4109,4111,4111,1
4111,E1,shared,2,10,read,4109,4109,4109,4111,4111,1
4112,E0,shared,3,143,read,4110,4110,4110,4112,4112,1
4112,E1,shared,3,87,read,4110,4110,4110,4112,4112,1
4113,E0,shared,1,9,read,4111,4111,4111,4113,4113,1
4113,E1,shared,3,59,read,4111,4111,4111,4113,4113,1
4114,E1,shared,0,80,read,4112,4112,4112,4114,4114,1
4115,E1,shared,2,162,read,4113,4113,4113,4115,4115,1
4116,E0,shared,3,203,read,4114,4114,4114,4116,4116,1
4117,E0,shared,1,69,read,4115,4115,4115,4117,4117,1
4117,E1,shared,1,69,read,4115,4115,4115,4117,4117,1
4118,E0,shared,1,245,read,4116,4116,4116,4118,4118,1
4118,E1,shared,0,48,read,4116,4116,4116,4118,4118,1
4119,E0,shared,2,54,read,4117,4117,4117,4119,4119,1
4119,E1,shared,3,223,read,4117,4117,4117,4119,4119,1
4120,E0,shared,0,40,read,4118,4118,4118,4120,4120,1
4120,E1,shared,3,47,read,4118,4118,4118,4120,4120,1
4121,E0,shared,1,133,read,4119,4119,4119,4121,4121,1
4122,E0,shared,1,85,read,4120,4120,4120,4122,4122,1
4122,E1,shared,1,85,read,4120,4120,4120,4122,4122,1
4123,E0,shared,2,118,read,4121,4121,4121,4123,4123,1
4123,E1,shared,1,29,read,4121,4121,4121,4123,4123,1
4124,E0,shared,1,93,read,4122,4122,4122,4124,4124,1
4125,E0,shared,3,83,read,4123,4123,4123,4125,4125,1
4125,E1,shared,3,11,read,4123,4123,4123,4125,4125,1
4126,E1,shared,3,87,read,4124,4124,4124,4126,4126,1
4127,E0,shared,3,175,read,4125,4125,4125,4127,4127,1
4127,E1,shared,3,39,read,4125,4125,4125,4127,4127,1
4129,E0,shared,3,231,read,4127,4127,4127,4129,4129,1
4129,E1,shared,3,19,read,4127,4127,4127,4129,4129,1
4130,E0,shared,3,135,read,4128,4128,4128,4130,4130,1
4130,E1,shared,3,135,read,4128,4128,4128,4130,4130,1
4131,E0,shared,3,231,read,4129,4129,4129,4131,4131,1
4131,E1,shared,3,175,read,4129,4129,4129,4131,4131,1
4132,E0,shared,1,233,read,4130,4130,4130,4132,4132,1
4132,E1,shared,2,206,read,4130,4130,4130,4132,4132,1
4133,E0,shared,3,123,read,4131,4131,4131,4133,4133,1
4133,E1,shared,3,123,read,4131,4131,4131,4133,4133,1
4134,E0,shared,3,167,read,4132,4132,4132,4134,4134,1
4135,E1,shared,3,179,read,4133,4133,4133,4135,4135,1
4136,E0,shared,3,79,read,4134,4134,4134,4136,4136,1
4136,E1,shared,3,87,read,4134,4134,4134,4136,4136,1
4137,E0,shared,3,39,read,4135,4135,4135,4137,4137,1
4137,E1,shared,0,48,read,4135,4135,4135,4137,4137,1
4138,E0,shared,3,11,read,4136,4136,4136,4138,4138,1
4138,E1,shared,2,242,read,4136,4136,4136,4138,4138,1
4139,E1,shared,0,240,read,4137,4137,4137,4139,4139,1
4140,E0,shared,0,96,read,4138,4138,4138,4140,4140,1
4140,E1,shared,0,96,read,4138,4138,4138,4140,4140,1
4141,E0,shared,2,214,read,4139,4139,4139,4141,4141,1
4141,E1,shared,2,66,read,4139,4139,4139,4141,4141,1
4142,E1,shared,0,120,read,4140,4140,4140,4142,4142,1
4143,E0,shared,1,157,read,4141,4141,4141,4143,4143,1
4143,E1,shared,0,224,read,4141,4141,4141,4143,4143,1
4144,E0,shared,2,22,read,4142,4142,4142,4144,4144,1
4144,E1,shared,1,205,read,4142,4142,4142,4144,4144,1
4145,E0,shared,2,46,read,4143,4143,4143,4145,4145,1
4145,E1,shared,2,102,read,4143,4143,4143,4145,4145,1
4146,E0,shared,2,14,read,4144,4144,4144,4146,4146,1
4146,E1,shared,3,111,read,4144,4144,4144,4146,4146,1
4147,E0,shared,3,155,read,4145,4145,4145,4147,4147,1
4147,E1,shared,3,55,read,4145,4145,4145,4147,4147,1
4148,E0,shared,2,162,read,4146,4146,4146,4148,4148,1
4149,E0,shared,3,215,read,4147,4147,4147,4149,4149,1
4149,E1,shared,1,221,read,4147,4147,4147,4149,4149,1
4150,E0,shared,0,88,read,4148,4148,4148,4150,4150,1
4150,E1,shared,0,228,read,4148,4148,4148,4150,4150,1
4152,E0,shared,3,27,read,4150,4150,4150,4152,4152,1
4152,E1,shared,3,27,read,4150,4150,4150,4152,4152,1
4153,E0,shared,3,139,read,4151,4151,4151,4153,4153,1
4153,E1,shared,3,139,read,4151,4151,4151,4153,4153,1
4154,E0,shared,3,91,read,4152,4152,4152,4154,4154,1
4154,E1,shared,3,91,read,4152,4152,4152,4154,4154,1
4155,E0,shared,2,210,read,4153,4153,4153,4155,4155,1
4156,E0,shared,2,130,read,4154,4154,4154,4156,4156,1
4156,E1,shared,2,254,read,4154,4154,4154,4156,4156,1
4157,E0,shared,2,210,read,4155,4155,4155,4157,4157,1
4158,E0,shared,2,130,read,4156,4156,4156,4158,4158,1
4159,E0,shared,1,125,read,4157,4157,4157,4159,4159,1
4159,E1,shared,1,245,read,4157,4157,4157,4159,4159,1
4160,E0,shared,1,61,read,4158,4158,4158,4160,4160,1
4160,E1,shared,1,45,read,4158,4158,4158,4160,4160,1
4161,E0,shared,3,55,read,4159,4159,4159,4161,4161,1
4161,E1,shared,1,137,read,4159,4159,4159,4161,4161,1
4162,E0,shared,0,236,read,4160,4160,4160,4162,4162,1
4162,E1,shared,0,220,read,4160,4160,4160,4162,4162,1
4163,E0,shared,2,174,read,4161,4161,4161,4163,4163,1
4163,E1,shared,1,133,read,4161,4161,4161,4163,4163,1
4164,E0,shared,3,67,read,4162,4162,4162,4164,4164,1
4164,E1,shared,3,251,read,4162,4162,4162,4164,4164,1
4165,E0,shared,0,84,read,4163,4163,4163,4165,4165,1
4165,E1,shared,0,84,read,4163,4163,4163,4165,4165,1
4166,E0,shared,3,23,read,4164,4164,4164,4166,4166,1
4166,E1,shared,0,156,read,4164,4164,4164,4166,4166,1
4167,E0,shared,1,221,read,4165,4165,4165,4167,4167,1
4167,E1,shared,1,221,read,4165,4165,4165,4167,4167,1
4168,E0,shared,0,152,read,4166,4166,4166,4168,4168,1
4168,E1,shared,0,24,read,4166,4166,4166,4168,4168,1
4169,E0,shared,2,114,read,4167,4167,4167,4169,4169,1
4169,E1,shared,2,118,read,4167,4167,4167,4169,4169,1
4170,E0,shared,1,117,read,4168,4168,4168,4170,4170,1
4170,E1,shared,1,5,read,4168,4168,4168,4170,4170,1
4171,E0,shared,2,198,read,4169,4169,4169,4171,4171,1
4171,E1,shared,1,21,read,4169,4169,4169,4171,4171,1
4172,E0,shared,2,234,read,4170,4170,4170,4172,4172,1
4172,E1,shared,2,90,read,4170,4170,4170,4172,4172,1
4173,E0,shared,3,247,read,4171,4171,4171,4173,4173,1
4173,E1,shared,3,99,read,4171,4171,4171,4173,4173,1
4174,E0,shared,3,163,read,4172,4172,4172,4174,4174,1
4174,E1,shared,1,5,read,4172,4172,4172,4174,4174,1
4175,E0,shared,1,93,read,4173,4173,4173,4175,4175,1
4175,E1,shared,1,77,read,4173,4173,4173,4175,4175,1
4176,E0,shared,2,174,read,4174,4174,4174,4176,4176,1
4176,E1,shared,2,254,read,4174,4174,4174,4176,4176,1
4177,E0,shared,2,98,read,4175,4175,4175,4177,4177,1
4177,E1,shared,2,74,read,4175,4175,4175,4177,4177,1
4178,E1,shared,0,48,read,4176,4176,4176,4178,4178,1
4179,E0,shared,1,181,read,4177,4177,4177,4179,4179,1
4179,E1,shared,3,251,read,4177,4177,4177,4179,4179,1
4180,E0,shared,1,21,read,4178,4178,4178,4180,4180,1
4180,E1,shared,1,21,read,4178,4178,4178,4180,4180,1
4181,E0,shared,1,77,read,4179,4179,4179,4181,4181,1
4181,E1,shared,2,222,read,4179,4179,4179,4181,4181,1
4182,E0,shared,2,130,read,4180,4180,4180,4182,4182,1
4182,E1,shared,1,217,read,4180,4180,4180,4182,4182,1
4183,E1,shared,3,83,read,4181,4181,4181,4183,4183,1
4184,E0,shared,0,240,read,4182,4182,4182,4184,4184,1
4184,E1,shared,0,204,read,4182,4182,4182,4184,4184,1
4185,E0,shared,1,57,read,4183,4183,4183,4185,4185,1
4186,E0,shared,3,247,read,4184,4184,4184,4186,4186,1
4186,E1,shared,3,95,read,4184,4184,4184,4186,4186,1
4187,E0,shared,1,125,read,4185,4185,4185,4187,4187,1
4187,E1,shared,1,245,read,4185,4185,4185,4187,4187,1
4188,E0,shared,2,30,read,4186,4186,4186,4188,4188,1
4188,E1,shared,0,96,read,4186,4186,4186,4188,4188,1
4189,E0,shared,2,218,read,4187,4187,4187,4189,4189,1
4189,E1,shared,2,66,read,4187,4187,4187,4189,4189,1
4190,E0,shared,1,253,read,4188,4188,4188,4190,4190,1
4190,E1,shared,3,127,read,4188,4188,4188,4190,4190,1
4191,E0,shared,0,144,read,4189,4189,4189,4191,4191,1
4191,E1,shared,0,144,read,4189,4189,4189,4191,4191,1
4192,E0,shared,0,240,read,4190,4190,4190,4192,4192,1
4192,E1,shared,0,64,read,4190,4190,4190,4192,4192,1
4193,E0,shared,3,91,read,4191,4191,4191,4193,4193,1
4194,E0,shared,1,169,read,4192,4192,4192,4194,4194,1
4194,E1,shared,1,133,read,4192,4192,4192,4194,4194,1
4195,E0,shared,2,90,read,4193,4193,4193,4195,4195,1
4195,E1,shared,2,14,read,4193,4193,4193,4195,4195,1
4196,E0,shared,0,192,read,4194,4194,4194,4196,4196,1
4197,E0,shared,2,138,read,4195,4195,4195,4197,4197,1
4197,E1,shared,2,138,read,4195,4195,4195,4197,4197,1
4198,E0,shared,2,46,read,4196,4196,4196,4198,4198,1
4198,E1,shared,2,230,read,4196,4196,4196,4198,4198,1
4199,E1,shared,3,11,read,4197,4197,4197,4199,4199,1
4200,E0,shared,2,150,read,4198,4198,4198,4200,4200,1
4200,E1,shared,3,171,read,4198,4198,4198,4200,4200,1
4201,E0,shared,3,247,read,4199,4199,4199,4201,4201,1
4201,E1,shared,3,247,read,4199,4199,4199,4201,4201,1
4202,E1,shared,0,24,read,4200,4200,4200,4202,4202,1
4203,E0,shared,2,66,read,4201,4201,4201,4203,4203,1
4203,E1,shared,2,110,read,4201,4201,4201,4203,4203,1
4204,E0,shared,2,190,read,4202,4202,4202,4204,4204,1
4204,E1,shared,2,46,read,4202,4202,4202,4204,4204,1
4205,E1,shared,0,196,read,4203,4203,4203,4205,4205,1
4206,E0,shared,2,162,read,4204,4204,4204,4206,4206,1
4207,E1,shared,0,108,read,4205,4205,4205,4207,4207,1
4208,E0,shared,2,6,read,4206,4206,4206,4208,4208,1
4208,E1,shared,2,150,read,4206,4206,4206,4208,4208,1
4209,E0,shared,3,91,read,4207,4207,4207,4209,4209,1
4210,E1,shared,2,58,read,4208,4208,4208,4210,4210,1
4211,E0,shared,2,130,read,4209,4209,4209,4211,4211,1
4212,E0,shared,3,243,read,4210,4210,4210,4212,4212,1
4212,E1,shared,3,107,read,4210,4210,4210,4212,4212,1
4213,E0,shared,0,52,read,4211,4211,4211,4213,4213,1
4213,E1,shared,3,87,read,4211,4211,4211,4213,4213,1
4214,E0,shared,3,75,read,4212,4212,4212,4214,4214,1
4214,E1,shared,3,123,read,4212,4212,4212,4214,4214,1
4215,E0,shared,3,87,read,4213,4213,4213,4215,4215,1
4215,E1,shared,3,107,read,4213,4213,4213,4215,4215,1
4216,E1,shared,0,172,read,4214,4214,4214,4216,4216,1
4217,E0,shared,1,149,read,4215,4215,4215,4217,4217,1
4218,E0,shared,0,232,read,4216,4216,4216,4218,4218,1
4218,E1,shared,0,120,read,4216,4216,4216,4218,4218,1
4219,E0,shared,1,141,read,4217,4217,4217,4219,4219,1
4219,E1,shared,1,49,read,4217,4217,4217,4219,4219,1
4220,E0,shared,2,110,read,4218,4218,4218,4220,4220,1
4220,E1,shared,2,118,read,4218,4218,4218,4220,4220,1
4221,E1,shared,0,124,read,4219,4219,4219,4221,4221,1
4222,E0,shared,1,93,read,4220,4220,4220,4222,4222,1
4223,E0,shared,0,8,read,4221,4221,4221,4223,4223,1
4224,E0,shared,3,23,read,4222,4222,4222,4224,4224,1
4224,E1,shared,3,243,read,4222,4222,4222,4224,4224,1
4225,E0,shared,1,61,read,4223,4223,4223,4225,4225,1
4225,E1,shared,3,31,read,4223,4223,4223,4225,4225,1
4226,E0,shared,2,130,read,4224,4224,4224,4226,4226,1
4226,E1,shared,2,2,read,4224,4224,4224,4226,4226,1
4227,E0,shared,0,232,read,4225,4225,4225,4227,4227,1
4227,E1,shared,0,108,read,4225,4225,4225,4227,4227,1
4228,E0,shared,1,157,read,4226,4226,4226,4228,4228,1
4229,E0,shared,0,240,read,4227,4227,4227,4229,4229,1
4229,E1,shared,2,2,read,4227,4227,4227,4229,4229,1
4230,E0,shared,1,61,read,4228,4228,4228,4230,4230,1
4230,E1,shared,2,150,read,4228,4228,4228,4230,4230,1
4231,E0,shared,3,171,read,4229,4229,4229,4231,4231,1
4231,E1,shared,3,159,read,4229,4229,4229,4231,4231,1
4232,E1,shared,3,139,read,4230,4230,4230,4232,4232,1
4233,E0,shared,1,193,read,4231,4231,4231,4233,4233,1
4233,E1,shared,1,193,read,4231,4231,4231,4233,4233,1
4234,E0,shared,0,180,read,4232,4232,4232,4234,4234,1
4234,E1,shared,1,45,read,4232,4232,4232,4234,4234,1
4235,E0,shared,3,215,read,4233,4233,4233,4235,4235,1
4236,E0,shared,0,184,read,4234,4234,4234,4236,4236,1
4236,E1,shared,2,110,read,4234,4234,4234,4236,4236,1
4237,E0,shared,0,40,read,4235,4235,4235,4237,4237,1
4238,E0,shared,2,74,read,4236,4236,4236,4238,4238,1
4238,E1,shared,2,202,read,4236,4236,4236,4238,4238,1
4239,E0,shared,1,253,read,4237,4237,4237,4239,4239,1
4239,E1,shared,1,109,read,4237,4237,4237,4239,4239,1
4240,E1,shared,3,171,read,4238,4238,4238,4240,4240,1
4241,E0,shared,1,221,read,4239,4239,4239,4241,4241,1
4241,E1,shared,1,21,read,4239,4239,4239,4241,4241,1
4242,E0,shared,2,146,read,4240,4240,4240,4242,4242,1
4242,E1,shared,2,114,read,4240,4240,4240,4242,4242,1
4243,E0,shared,1,85,read,4241,4241,4241,4243,4243,1
4243,E1,shared,1,145,read,4241,4241,4241,4243,4243,1
4244,E0,shared,1,1,read,4242,4242,4242,4244,4244,1
4244,E1,shared,1,1,read,4242,4242,4242,4244,4244,1
4245,E1,shared,2,74,read,4243,4243,4243,4245,4245,1
4246,E0,shared,0,32,read,4244,4244,4244,4246,4246,1
4248,E0,shared,0,180,read,4246,4246,4246,4248,4248,1
4248,E1,shared,0,64,read,4246,4246,4246,4248,4248,1
4251,E0,shared,0,184,read,4249,4249,4249,4251,4251,1
4251,E1,shared,1,149,read,4249,4249,4249,4251,4251,1
4252,E0,shared,1,249,read,4250,4250,4250,4252,4252,1
4252,E1,shared,2,54,read,4250,4250,4250,4252,4252,1
4253,E0,shared,3,171,read,4251,4251,4251,4253,4253,1
4253,E1,shared,3,87,read,4251,4251,4251,4253,4253,1
4254,E0,shared,1,29,read,4252,4252,4252,4254,4254,1
4254,E1,shared,1,209,read,4252,4252,4252,4254,4254,1
4255,E0,shared,0,240,read,4253,4253,4253,4255,4255,1
4255,E1,shared,3,219,read,4253,4253,4253,4255,4255,1
4256,E0,shared,1,221,read,4254,4254,4254,4256,4256,1
4256,E1,shared,1,221,read,4254,4254,4254,4256,4256,1
4257,E0,shared,1,109,read,4255,4255,4255,4257,4257,1
4257,E1,shared,1,177,read,4255,4255,4255,4257,4257,1
4258,E0,shared,3,135,read,4256,4256,4256,4258,4258,1
4258,E1,shared,3,111,read,4256,4256,4256,4258,4258,1
4259,E0,shared,3,171,read,4257,4257,4257,4259,4259,1
4260,E1,shared,2,226,read,4258,4258,4258,4260,4260,1
4261,E0,shared,1,125,read,4259,4259,4259,4261,4261,1
4261,E1,shared,1,41,read,4259,4259,4259,4261,4261,1
4262,E0,shared,0,132,read,4260,4260,4260,4262,4262,1
4262,E1,shared,0,140,read,4260,4260,4260,4262,4262,1
4263,E0,shared,3,55,read,4261,4261,4261,4263,4263,1
4263,E1,shared,3,139,read,4261,4261,4261,4263,4263,1
4264,E0,shared,0,8,read,4262,4262,4262,4264,4264,1
4264,E1,shared,0,132,read,4262,4262,4262,4264,4264,1
4265,E0,shared,3,115,read,4263,4263,4263,4265,4265,1
4265,E1,shared,3,83,read,4263,4263,4263,4265,4265,1
4266,E0,shared,0,212,read,4264,4264,4264,4266,4266,1
4266,E1,shared,1,185,read,4264,4264,4264,4266,4266,1
4267,E0,shared,1,197,read,4265,4265,4265,4267,4267,1
4268,E0,shared,3,219,read,4266,4266,4266,4268,4268,1
4268,E1,shared,3,219,read,4266,4266,4266,4268,4268,1
4269,E0,shared,3,203,read,4267,4267,4267,4269,4269,1
4269,E1,shared,1,25,read,4267,4267,4267,4269,4269,1
4270,E0,shared,1,129,read,4268,4268,4268,4270,4270,1
4270,E1,shared,3,115,read,4268,4268,4268,4270,4270,1
4271,E0,shared,2,114,read,4269,4269,4269,4271,4271,1
4272,E0,shared,1,249,read,4270,4270,4270,4272,4272,1
4272,E1,shared,0,92,read,4270,4270,4270,4272,4272,1
4273,E0,shared,1,1,read,4271,4271,4271,4273,4273,1
4273,E1,shared,1,1,read,4271,4271,4271,4273,4273,1
4274,E0,shared,2,242,read,4272,4272,4272,4274,4274,1
4274,E1,shared,2,106,read,4272,4272,4272,4274,4274,1
4275,E0,shared,3,79,read,4273,4273,4273,4275,4275,1
4275,E1,shared,3,79,read,4273,4273,4273,4275,4275,1
4276,E0,shared,0,228,read,4274,4274,4274,4276,4276,1
4276,E1,shared,0,100,read,4274,4274,4274,4276,4276,1
4277,E0,shared,3,167,read,4275,4275,4275,4277,4277,1
4278,E0,shared,0,184,read,4276,4276,4276,4278,4278,1
4278,E1,shared,1,157,read,4276,4276,4276,4278,4278,1
4279,E1,shared,0,92,read,4277,4277,4277,4279,4279,1
4280,E0,shared,1,5,read,4278,4278,4278,4280,4280,1
4280,E1,shared,1,5,read,4278,4278,4278,4280,4280,1
4281,E0,shared,1,17,read,4279,4279,4279,4281,4281,1
4281,E1,shared,1,229,read,4279,4279,4279,4281,4281,1
4282,E0,shared,3,27,read,4280,4280,4280,4282,4282,1
4282,E1,shared,1,37,read,4280,4280,4280,4282,4282,1
4283,E0,shared,3,231,read,4281,4281,4281,4283,4283,1
4283,E1,shared,3,55,read,4281,4281,4281,4283,4283,1
4284,E0,shared,2,230,read,4282,4282,4282,4284,4284,1
4284,E1,shared,2,82,read,4282,4282,4282,4284,4284,1
4285,E0,shared,3,191,read,4283,4283,4283,4285,4285,1
4285,E1,shared,3,247,read,4283,4283,4283,4285,4285,1
4286,E0,shared,1,89,read,4284,4284,4284,4286,4286,1
4286,E1,shared,1,1,read,4284,4284,4284,4286,4286,1
4287,E0,shared,2,198,read,4285,4285,4285,4287,4287,1
4287,E1,shared,2,202,read,4285,4285,4285,4287,4287,1
4288,E0,shared,0,132,read,4286,4286,4286,4288,4288,1
4288,E1,shared,1,181,read,4286,4286,4286,4288,4288,1
4289,E1,shared,1,53,read,4287,4287,4287,4289,4289,1
4290,E0,shared,0,216,read,4288,4288,4288,4290,4290,1
4290,E1,shared,0,216,read,4288,4288,4288,4290,4290,1
4291,E0,shared,0,56,read,4289,4289,4289,4291,4291,1
4291,E1,shared,0,56,read,4289,4289,4289,4291,4291,1
4292,E0,shared,1,233,read,4290,4290,4290,4292,4292,1
4292,E1,shared,0,248,read,4290,4290,4290,4292,4292,1
4293,E1,shared,2,202,read,4291,4291,4291,4293,4293,1
4294,E0,shared,3,3,read,4292,4292,4292,4294,4294,1
4294,E1,shared,3,3,read,4292,4292,4292,4294,4294,1
4295,E0,shared,3,103,read,4293,4293,4293,4295,4295,1
4295,E1,shared,0,32,read,4293,4293,4293,4295,4295,1
4297,E1,shared,0,220,read,4295,4295,4295,4297,4297,1
4298,E0,shared,1,137,read,4296,4296,4296,4298,4298,1
4298,E1,shared,1,185,read,4296,4296,4296,4298,4298,1
4299,E0,shared,2,230,read,4297,4297,4297,4299,4299,1
4300,E0,shared,0,44,read,4298,4298,4298,4300,4300,1
4300,E1,shared,0,44,read,4298,4298,4298,4300,4300,1
4301,E0,shared,1,141,read,4299,4299,4299,4301,4301,1
4301,E1,shared,1,225,read,4299,4299,4299,4301,4301,1
4302,E0,shared,1,1,read,4300,4300,4300,4302,4302,1
4302,E1,shared,1,125,read,4300,4300,4300,4302,4302,1
4303,E0,shared,3,103,read,4301,4301,4301,4303,4303,1
4304,E0,shared,3,231,read,4302,4302,4302,4304,4304,1
4304,E1,shared,3,243,read,4302,4302,4302,4304,4304,1
4305,E0,shared,2,182,read,4303,4303,4303,4305,4305,1
4305,E1,shared,2,82,read,4303,4303,4303,4305,4305,1
4306,E0,shared,0,180,read,4304,4304,4304,4306,4306,1
4306,E1,shared,0,132,read,4304,4304,4304,4306,4306,1
4307,E0,shared,0,100,read,4305,4305,4305,4307,4307,1
4307,E1,shared,0,232,read,4305,4305,4305,4307,4307,1
4308,E0,shared,3,191,read,4306,4306,4306,4308,4308,1
4308,E1,shared,0,240,read,4306,4306,4306,4308,4308,1
4309,E0,shared,0,88,read,4307,4307,4307,4309,4309,1
4309,E1,shared,0,236,read,4307,4307,4307,4309,4309,1
4310,E0,shared,1,185,read,4308,4308,4308,4310,4310,1
4310,E1,shared,1,253,read,4308,4308,4308,4310,4310,1
4311,E0,shared,1,185,read,4309,4309,4309,4311,4311,1
4311,E1,shared,1,9,read,4309,4309,4309,4311,4311,1
4312,E1,shared,2,94,read,4310,4310,4310,4312,4312,1
4313,E1,shared,3,19,read,4311,4311,4311,4313,4313,1
4314,E0,shared,2,18,read,4312,4312,4312,4314,4314,1
4314,E1,shared,0,36,read,4312,4312,4312,4314,4314,1
4315,E0,shared,3,51,read,4313,4313,4313,4315,4315,1
4315,E1,shared,3,51,read,4313,4313,4313,4315,4315,1
4316,E0,shared,0,28,read,4314,4314,4314,4316,4316,1
4316,E1,shared,2,114,read,4314,4314,4314,4316,4316,1
4317,E0,shared,1,17,read,4315,4315,4315,4317,4317,1
4317,E1,shared,1,25,read,4315,4315,4315,4317,4317,1
4318,E0,shared,1,25,read,4316,4316,4316,4318,4318,1
4318,E1,shared,1,25,read,4316,4316,4316,4318,4318,1
4319,E1,shared,2,86,read,4317,4317,4317,4319,4319,1
4320,E0,shared,2,70,read,4318,4318,4318,4320,4320,1
4320,E1,shared,2,158,read,4318,4318,4318,4320,4320,1
4321,E0,shared,2,130,read,4319,4319,4319,4321,4321,1
4322,E0,shared,1,5,read,4320,4320,4320,4322,4322,1
4323,E0,shared,2,154,read,4321,4321,4321,4323,4323,1
4323,E1,shared,2,154,read,4321,4321,4321,4323,4323,1
4324,E0,shared,0,44,read,4322,4322,4322,4324,4324,1
4324,E1,shared,2,10,read,4322,4322,4322,4324,4324,1
4325,E0,shared,2,198,read,4323,4323,4323,4325,4325,1
4325,E1,shared,1,121,read,4323,4323,4323,4325,4325,1
4326,E0,shared,0,76,read,4324,4324,4324,4326,4326,1
4326,E1,shared,0,76,read,4324,4324,4324,4326,4326,1
4327,E0,shared,1,141,read,4325,4325,4325,4327,4327,1
4327,E1,shared,1,77,read,4325,4325,4325,4327,4327,1
4328,E0,shared,1,213,read,4326,4326,4326,4328,4328,1
4329,E0,shared,2,242,read,4327,4327,4327,4329,4329,1
4329,E1,shared,2,26,read,4327,4327,4327,4329,4329,1
4330,E0,shared,3,59,read,4328,4328,4328,4330,4330,1
4330,E1,shared,1,69,read,4328,4328,4328,4330,4330,1
4331,E1,shared,3,175,read,4329,4329,4329,4331,4331,1
4332,E0,shared,3,83,read,4330,4330,4330,4332,4332,1
4333,E0,shared,3,183,read,4331,4331,4331,4333,4333,1
4334,E0,shared,3,187,read,4332,4332,4332,4334,4334,1
4334,E1,shared,3,187,read,4332,4332,4332,4334,4334,1
4335,E0,shared,3,39,read,4333,4333,4333,4335,4335,1
4335,E1,shared,3,123,read,4333,4333,4333,4335,4335,1
4336,E1,shared,2,174,read,4334,4334,4334,4336,4336,1
4337,E0,shared,0,64,read,4335,4335,4335,4337,4337,1
4337,E1,shared,1,65,read,4335,4335,4335,4337,4337,1
4338,E0,shared,3,199,read,4336,4336,4336,4338,4338,1
4338,E1,shared,3,139,read,4336,4336,4336,4338,4338,1
4339,E0,shared,1,53,read,4337,4337,4337,4339,4339,1
4339,E1,shared,1,145,read,4337,4337,4337,4339,4339,1
4340,E0,shared,0,144,read,4338,4338,4338,4340,4340,1
4340,E1,shared,0,16,read,4338,4338,4338,4340,4340,1
4341,E1,shared,2,82,read,4339,4339,4339,4341,4341,1
4342,E0,shared,1,149,read,4340,4340,4340,4342,4342,1
4343,E0,shared,3,15,read,4341,4341,4341,4343,4343,1
4343,E1,shared,1,5,read,4341,4341,4341,4343,4343,1
4344,E0,shared,2,150,read,4342,4342,4342,4344,4344,1
4344,E1,shared,1,37,read,4342,4342,4342,4344,4344,1
4345,E1,shared,1,73,read,4343,4343,4343,4345,4345,1
4346,E0,shared,0,132,read,4344,4344,4344,4346,4346,1
4346,E1,shared,0,132,read,4344,4344,4344,4346,4346,1
4347,E0,shared,3,155,read,4345,4345,4345,4347,4347,1
4347,E1,shared,2,250,read,4345,4345,4345,4347,4347,1
4348,E0,shared,0,160,read,4346,4346,4346,4348,4348,1
4348,E1,shared,0,56,read,4346,4346,4346,4348,4348,1
4349,E0,shared,2,6,read,4347,4347,4347,4349,4349,1
4349,E1,shared,2,6,read,4347,4347,4347,4349,4349,1
4350,E0,shared,3,223,read,4348,4348,4348,4350,4350,1
4351,E0,shared,2,110,read,4349,4349,4349,4351,4351,1
4351,E1,shared,2,250,read,4349,4349,4349,4351,4351,1
4352,E0,shared,0,164,read,4350,4350,4350,4352,4352,1
4352,E1,shared,0,216,read,4350,4350,4350,4352,4352,1
4353,E0,shared,1,153,read,4351,4351,4351,4353,4353,1
4353,E1,shared,1,53,read,4351,4351,4351,4353,4353,1
4354,E0,shared,2,194,read,4352,4352,4352,4354,4354,1
4354,E1,shared,0,220,read,4352,4352,4352,4354,4354,1
4355,E0,shared,3,199,read,4353,4353,4353,4355,4355,1
4355,E1,shared,3,27,read,4353,4353,4353,4355,4355,1
4356,E0,shared,2,22,read,4354,4354,4354,4356,4356,1
4356,E1,shared,2,86,read,4354,4354,4354,4356,4356,1
4357,E0,shared,2,254,read,4355,4355,4355,4357,4357,1
4357,E1,shared,2,134,read,4355,4355,4355,4357,4357,1
4358,E0,shared,2,114,read,4356,4356,4356,4358,4358,1
4358,E1,shared,0,192,read,4356,4356,4356,4358,4358,1
4359,E0,shared,1,109,read,4357,4357,4357,4359,4359,1
4360,E0,shared,3,115,read,4358,4358,4358,4360,4360,1
4360,E1,shared,3,71,read,4358,4358,4358,4360,4360,1
4361,E0,shared,0,44,read,4359,4359,4359,4361,4361,1
4362,E0,shared,0,76,read,4360,4360,4360,4362,4362,1
4362,E1,shared,0,100,read,4360,4360,4360,4362,4362,1
4363,E0,shared,1,205,read,4361,4361,4361,4363,4363,1
4363,E1,shared,1,205,read,4361,4361,4361,4363,4363,1
4365,E1,shared,0,96,read,4363,4363,4363,4365,4365,1
4366,E0,shared,1,173,read,4364,4364,4364,4366,4366,1
4366,E1,shared,1,53,read,4364,4364,4364,4366,4366,1
4367,E0,shared,3,203,read,4365,4365,4365,4367,4367,1
4367,E1,shared,3,203,read,4365,4365,4365,4367,4367,1
4368,E0,shared,1,57,read,4366,4366,4366,4368,4368,1
4368,E1,shared,3,179,read,4366,4366,4366,4368,4368,1
4369,E0,shared,3,3,read,4367,4367,4367,4369,4369,1
4369,E1,shared,1,181,read,4367,4367,4367,4369,4369,1
4370,E0,shared,0,168,read,4368,4368,4368,4370,4370,1
4370,E1,shared,2,2,read,4368,4368,4368,4370,4370,1
4371,E0,shared,0,224,read,4369,4369,4369,4371,4371,1
4371,E1,shared,2,38,read,4369,4369,4369,4371,4371,1
4372,E0,shared,1,149,read,4370,4370,4370,4372,4372,1
4373,E1,shared,2,106,read,4371,4371,4371,4373,4373,1
4374,E0,shared,0,196,read,4372,4372,4372,4374,4374,1
4374,E1,shared,0,228,read,4372,4372,4372,4374,4374,1
4375,E0,shared,1,85,read,4373,4373,4373,4375,4375,1
4376,E0,shared,0,104,read,4374,4374,4374,4376,4376,1
4376,E1,shared,1,217,read,4374,4374,4374,4376,4376,1
4377,E0,shared,2,126,read,4375,4375,4375,4377,4377,1
4377,E1,shared,2,78,read,4375,4375,4375,4377,4377,1
4378,E0,shared,0,24,read,4376,4376,4376,4378,4378,1
4378,E1,shared,2,38,read,4376,4376,4376,4378,4378,1
4379,E0,shared,1,205,read,4377,4377,4377,4379,4379,1
4379,E1,shared,3,67,read,4377,4377,4377,4379,4379,1
4380,E0,shared,0,8,read,4378,4378,4378,4380,4380,1
4380,E1,shared,0,68,read,4378,4378,4378,4380,4380,1
4381,E0,shared,3,143,read,4379,4379,4379,4381,4381,1
4381,E1,shared,3,171,read,4379,4379,4379,4381,4381,1
4382,E1,shared,2,10,read,4380,4380,4380,4382,4382,1
4383,E1,shared,0,72,read,4381,4381,4381,4383,4383,1
4384,E0,shared,2,98,read,4382,4382,4382,4384,4384,1
4384,E1,shared,2,110,read,4382,4382,4382,4384,4384,1
4385,E0,shared,2,118,read,4383,4383,4383,4385,4385,1
4385,E1,shared,0,144,read,4383,4383,4383,4385,4385,1
4386,E0,shared,0,56,read,4384,4384,4384,4386,4386,1
4386,E1,shared,0,176,read,4384,4384,4384,4386,4386,1
4387,E0,shared,2,14,read,4385,4385,4385,4387,4387,1
4387,E1,shared,3,39,read,4385,4385,4385,4387,4387,1
4388,E0,shared,0,32,read,4386,4386,4386,4388,4388,1
4389,E0,shared,1,229,read,4387,4387,4387,4389,4389,1
4389,E1,shared,1,229,read,4387,4387,4387,4389,4389,1
4390,E0,shared,3,211,read,4388,4388,4388,4390,4390,1
4390,E1,shared,2,130,read,4388,4388,4388,4390,4390,1
4391,E0,shared,3,231,read,4389,4389,4389,4391,4391,1
4391,E1,shared,3,251,read,4389,4389,4389,4391,4391,1
4392,E0,shared,2,34,read,4390,4390,4390,4392,4392,1
4392,E1,shared,2,42,read,4390,4390,4390,4392,4392,1
4393,E0,shared,1,225,read,4391,4391,4391,4393,4393,1
4393,E1,shared,1,237,read,4391,4391,4391,4393,4393,1
4394,E1,shared,0,132,read,4392,4392,4392,4394,4394,1
4395,E0,shared,0,216,read,4393,4393,4393,4395,4395,1
4395,E1,shared,0,236,read,4393,4393,4393,4395,4395,1
4396,E0,shared,2,114,read,4394,4394,4394,4396,4396,1
4396,E1,shared,2,130,read,4394,4394,4394,4396,4396,1
4397,E0,shared,2,178,read,4395,4395,4395,4397,4397,1
4397,E1,shared,2,90,read,4395,4395,4395,4397,4397,1
4398,E0,shared,0,172,read,4396,4396,4396,4398,4398,1
4398,E1,shared,0,20,read,4396,4396,4396,4398,4398,1
4399,E0,shared,1,137,read,4397,4397,4397,4399,4399,1
4399,E1,shared,1,189,read,4397,4397,4397,4399,4399,1
4400,E0,shared,0,68,read,4398,4398,4398,4400,4400,1
4400,E1,shared,0,84,read,4398,4398,4398,4400,4400,1
4401,E0,shared,2,178,read,4399,4399,4399,4401,4401,1
4401,E1,shared,2,106,read,4399,4399,4399,4401,4401,1
4402,E0,shared,2,74,read,4400,4400,4400,4402,4402,1
4402,E1,shared,2,22,read,4400,4400,4400,4402,4402,1
4403,E0,shared,0,212,read,4401,4401,4401,4403,4403,1
4403,E1,shared,0,212,read,4401,4401,4401,4403,4403,1
4404,E0,shared,2,234,read,4402,4402,4402,4404,4404,1
4404,E1,shared,2,122,read,4402,4402,4402,4404,4404,1
4405,E0,shared,1,81,read,4403,4403,4403,4405,4405,1
4406,E1,shared,1,25,read,4404,4404,4404,4406,4406,1
4407,E0,shared,0,244,read,4405,4405,4405,4407,4407,1
4407,E1,shared,3,247,read,4405,4405,4405,4407,4407,1
4408,E0,shared,1,93,read,4406,4406,4406,4408,4408,1
4409,E0,shared,1,181,read,4407,4407,4407,4409,4409,1
4409,E1,shared,1,153,read,4407,4407,4407,4409,4409,1
4410,E0,shared,3,7,read,4408,4408,4408,4410,4410,1
4411,E1,shared,2,50,read,4409,4409,4409,4411,4411,1
4412,E0,shared,1,21,read,4410,4410,4410,4412,4412,1
4412,E1,shared,1,21,read,4410,4410,4410,4412,4412,1
4413,E0,shared,1,45,read,4411,4411,4411,4413,4413,1
4414,E0,shared,3,75,read,4412,4412,4412,4414,4414,1
4414,E1,shared,3,219,read,4412,4412,4412,4414,4414,1
4415,E1,shared,1,217,read,4413,4413,4413,4415,4415,1
4416,E0,shared,2,62,read,4414,4414,4414,4416,4416,1
4416,E1,shared,2,82,read,4414,4414,4414,4416,4416,1
4417,E0,shared,0,20,read,4415,4415,4415,4417,4417,1
4417,E1,shared,0,20,read,4415,4415,4415,4417,4417,1
4418,E1,shared,3,227,read,4416,4416,4416,4418,4418,1
4419,E0,shared,3,135,read,4417,4417,4417,4419,4419,1
4419,E1,shared,3,51,read,4417,4417,4417,4419,4419,1
4420,E0,shared,0,192,read,4418,4418,4418,4420,4420,1
4420,E1,shared,0,216,read,4418,4418,4418,4420,4420,1
4421,E1,shared,1,205,read,4419,4419,4419,4421,4421,1
4422,E0,shared,2,122,read,4420,4420,4420,4422,4422,1
4425,E0,shared,1,157,read,4423,4423,4423,4425,4425,1
4425,E1,shared,1,97,read,4423,4423,4423,4425,4425,1
4426,E0,shared,0,108,read,4424,4424,4424,4426,4426,1
4426,E1,shared,0,108,read,4424,4424,4424,4426,4426,1
4427,E0,shared,2,142,read,4425,4425,4425,4427,4427,1
4427,E1,shared,2,42,read,4425,4425,4425,4427,4427,1
4428,E0,shared,2,70,read,4426,4426,4426,4428,4428,1
4428,E1,shared,2,142,read,4426,4426,4426,4428,4428,1
4429,E1,shared,1,73,read,4427,4427,4427,4429,4429,1
4430,E1,shared,2,126,read,4428,4428,4428,4430,4430,1
4431,E0,shared,1,165,read,4429,4429,4429,4431,4431,1
4431,E1,shared,1,229,read,4429,4429,4429,4431,4431,1
4432,E0,shared,3,247,read,4430,4430,4430,4432,4432,1
4432,E1,shared,3,223,read,4430,4430,4430,4432,4432,1
4433,E1,shared,1,57,read,4431,4431,4431,4433,4433,1
4434,E0,shared,1,253,read,4432,4432,4432,4434,4434,1
4434,E1,shared,3,75,read,4432,4432,4432,4434,4434,1
4435,E0,shared,0,16,read,4433,4433,4433,4435,4435,1
4436,E0,shared,1,109,read,4434,4434,4434,4436,4436,1
4436,E1,shared,1,161,read,4434,4434,4434,4436,4436,1
4437,E0,shared,3,147,read,4435,4435,4435,4437,4437,1
4437,E1,shared,1,57,read,4435,4435,4435,4437,4437,1
4438,E0,shared,1,33,read,4436,4436,4436,4438,4438,1
4438,E1,shared,2,130,read,4436,4436,4436,4438,4438,1
4439,E0,shared,0,216,read,4437,4437,4437,4439,4439,1
4439,E1,shared,0,0,read,4437,4437,4437,4439,4439,1
4440,E0,shared,1,117,read,4438,4438,4438,4440,4440,1
4441,E0,shared,0,56,read,4439,4439,4439,4441,4441,1
4442,E1,shared,3,11,read,4440,4440,4440,4442,4442,1
4443,E0,shared,3,251,read,4441,4441,4441,4443,4443,1
4443,E1,shared,3,151,read,4441,4441,4441,4443,4443,1
4444,E0,shared,2,94,read,4442,4442,4442,4444,4444,1
4444,E1,shared,2,38,read,4442,4442,4442,4444,4444,1
4445,E0,shared,2,126,read,4443,4443,4443,4445,4445,1
4445,E1,shared,2,126,read,4443,4443,4443,4445,4445,1
4446,E0,shared,1,13,read,4444,4444,4444,4446,4446,1
4446,E1,shared,2,210,read,4444,4444,4444,4446,4446,1
4447,E0,shared,3,107,read,4445,4445,4445,4447,4447,1
4447,E1,shared,3,119,read,4445,4445,4445,4447,4447,1
4448,E0,shared,0,156,read,4446,4446,4446,4448,4448,1
4448,E1,shared,0,216,read,4446,4446,4446,4448,4448,1
4449,E0,shared,3,123,read,4447,4447,4447,4449,4449,1
4449,E1,shared,3,155,read,4447,4447,4447,4449,4449,1
4450,E0,shared,3,119,read,4448,4448,4448,4450,4450,1
4450,E1,shared,3,87,read,4448,4448,4448,4450,4450,1
4451,E0,shared,1,25,read,4449,4449,4449,4451,4451,1
4451,E1,shared,1,161,read,4449,4449,4449,4451,4451,1
4452,E0,shared,0,148,read,4450,4450,4450,4452,4452,1
4452,E1,shared,0,148,read,4450,4450,4450,4452,4452,1
4453,E0,shared,0,196,read,4451,4451,4451,4453,4453,1
4454,E0,shared,0,192,read,4452,4452,4452,4454,4454,1
4454,E1,shared,2,182,read,4452,4452,4452,4454,4454,1
4455,E1,shared,0,64,read,4453,4453,4453,4455,4455,1
4456,E1,shared,1,113,read,4454,4454,4454,4456,4456,1
4457,E1,shared,3,71,read,4455,4455,4455,4457,4457,1
4458,E0,shared,0,216,read,4456,4456,4456,4458,4458,1
4459,E0,shared,0,188,read,4457,4457,4457,4459,4459,1
4459,E1,shared,3,215,read,4457,4457,4457,4459,4459,1
4460,E0,shared,2,130,read,4458,4458,4458,4460,4460,1
4460,E1,shared,3,235,read,4458,4458,4458,4460,4460,1
4461,E0,shared,2,50,read,4459,4459,4459,4461,4461,1
4461,E1,shared,2,134,read,4459,4459,4459,4461,4461,1
4462,E0,shared,1,89,read,4460,4460,4460,4462,4462,1
4464,E0,shared,1,65,read,4462,4462,4462,4464,4464,1
4464,E1,shared,1,29,read,4462,4462,4462,4464,4464,1
4465,E0,shared,3,79,read,4463,4463,4463,4465,4465,1
4465,E1,shared,2,102,read,4463,4463,4463,4465,4465,1
4466,E0,shared,1,89,read,4464,4464,4464,4466,4466,1
4467,E0,shared,1,181,read,4465,4465,4465,4467,4467,1
4468,E0,shared,0,196,read,4466,4466,4466,4468,4468,1
4468,E1,shared,0,224,read,4466,4466,4466,4468,4468,1
4469,E0,shared,2,142,read,4467,4467,4467,4469,4469,1
4469,E1,shared,0,152,read,4467,4467,4467,4469,4469,1
4470,E1,shared,0,0,read,4468,4468,4468,4470,4470,1
4471,E0,shared,1,57,read,4469,4469,4469,4471,4471,1
4471,E1,shared,3,139,read,4469,4469,4469,4471,4471,1
4472,E0,shared,1,249,read,4470,4470,4470,4472,4472,1
4472,E1,shared,1,49,read,4470,4470,4470,4472,4472,1
4473,E0,shared,0,204,read,4471,4471,4471,4473,4473,1
4473,E1,shared,0,204,read,4471,4471,4471,4473,4473,1
4474,E0,shared,0,180,read,4472,4472,4472,4474,4474,1
4474,E1,shared,1,105,read,4472,4472,4472,4474,4474,1
4475,E0,shared,3,115,read,4473,4473,4473,4475,4475,1
4475,E1,shared,3,91,read,4473,4473,4473,4475,4475,1
4476,E0,shared,3,35,read,4474,4474,4474,4476,4476,1
4476,E1,shared,3,3,read,4474,4474,4474,4476,4476,1
4477,E0,shared,2,182,read,4475,4475,4475,4477,4477,1
4477,E1,shared,2,162,read,4475,4475,4475,4477,4477,1
4478,E1,shared,0,44,read,4476,4476,4476,4478,4478,1
4479,E1,shared,1,77,read,4477,4477,4477,4479,4479,1
4480,E0,shared,3,159,read,4478,4478,4478,4480,4480,1
4480,E1,shared,2,82,read,4478,4478,4478,4480,4480,1
4481,E0,shared,1,145,read,4479,4479,4479,4481,4481,1
4481,E1,shared,1,137,read,4479,4479,4479,4481,4481,1
4482,E0,shared,0,228,read,4480,4480,4480,4482,4482,1
4482,E1,shared,0,252,read,4480,4480,4480,4482,4482,1
4483,E0,shared,1,169,read,4481,4481,4481,4483,4483,1
4483,E1,shared,2,2,read,4481,4481,4481,4483,4483,1
4484,E0,shared,2,210,read,4482,4482,4482,4484,4484,1
4485,E0,shared,3,163,read,4483,4483,4483,4485,4485,1
4485,E1,shared,1,193,read,4483,4483,4483,4485,4485,1
4486,E0,shared,3,83,read,4484,4484,4484,4486,4486,1
4486,E1,shared,3,59,read,4484,4484,4484,4486,4486,1
4487,E0,shared,3,227,read,4485,4485,4485,4487,4487,1
4488,E1,shared,0,92,read,4486,4486,4486,4488,4488,1
4489,E1,shared,1,181,read,4487,4487,4487,4489,4489,1
4490,E1,shared,0,208,read,4488,4488,4488,4490,4490,1
4491,E0,shared,0,208,read,4489,4489,4489,4491,4491,1
4491,E1,shared,0,76,read,4489,4489,4489,4491,4491,1
4492,E0,shared,2,250,read,4490,4490,4490,4492,4492,1
4492,E1,shared,2,146,read,4490,4490,4490,4492,4492,1
4493,E0,shared,0,80,read,4491,4491,4491,4493,4493,1
4493,E1,shared,0,92,read,4491,4491,4491,4493,4493,1
4494,E1,shared,2,130,read,4492,4492,4492,4494,4494,1
4495,E0,shared,3,103,read,4493,4493,4493,4495,4495,1
4495,E1,shared,0,16,read,4493,4493,4493,4495,4495,1
4496,E1,shared,1,29,read,4494,4494,4494,4496,4496,1
4497,E0,shared,2,242,read,4495,4495,4495,4497,4497,1
4497,E1,shared,2,182,read,4495,4495,4495,4497,4497,1
4498,E0,shared,0,20,read,4496,4496,4496,4498,4498,1
4498,E1,shared,1,213,read,4496,4496,4496,4498,4498,1
4499,E0,shared,3,75,read,4497,4497,4497,4499,4499,1
4499,E1,shared,3,75,read,4497,4497,4497,4499,4499,1
4500,E0,shared,2,142,read,4498,4498,4498,4500,4500,1
4500,E1,shared,0,188,read,4498,4498,4498,4500,4500,1
4501,E0,shared,1,33,read,4499,4499,4499,4501,4501,1
4501,E1,shared,1,141,read,4499,4499,4499,4501,4501,1
4502,E0,shared,0,136,read,4500,4500,4500,4502,4502,1
4502,E1,shared,0,164,read,4500,4500,4500,4502,4502,1
4504,E0,shared,2,6,read,4502,4502,4502,4504,4504,1
4505,E0,shared,0,16,read,4503,4503,4503,4505,4505,1
4505,E1,shared,0,212,read,4503,4503,4503,4505,4505,1
4506,E0,shared,2,234,read,4504,4504,4504,4506,4506,1
4506,E1,shared,3,223,read,4504,4504,4504,4506,4506,1
4507,E0,shared,2,170,read,4505,4505,4505,4507,4507,1
4507,E1,shared,2,34,read,4505,4505,4505,4507,4507,1
4508,E0,shared,2,90,read,4506,4506,4506,4508,4508,1
4508,E1,shared,2,138,read,4506,4506,4506,4508,4508,1
4509,E1,shared,2,102,read,4507,4507,4507,4509,4509,1
4510,E0,shared,0,148,read,4508,4508,4508,4510,4510,1
4511,E0,shared,3,155,read,4509,4509,4509,4511,4511,1
4511,E1,shared,3,135,read,4509,4509,4509,4511,4511,1
4512,E0,shared,3,95,read,4510,4510,4510,4512,4512,1
4513,E1,shared,3,55,read,4511,4511,4511,4513,4513,1
4514,E1,shared,1,45,read,4512,4512,4512,4514,4514,1
4515,E0,shared,1,89,read,4513,4513,4513,4515,4515,1
4515,E1,shared,2,250,read,4513,4513,4513,4515,4515,1
4516,E0,shared,1,17,read,4514,4514,4514,4516,4516,1
4516,E1,shared,1,17,read,4514,4514,4514,4516,4516,1
4517,E1,shared,1,161,read,4515,4515,4515,4517,4517,1
4518,E0,shared,0,140,read,4516,4516,4516,4518,4518,1
4518,E1,shared,2,86,read,4516,4516,4516,4518,4518,1
4519,E0,shared,1,193,read,4517,4517,4517,4519,4519,1
4519,E1,shared,1,189,read,4517,4517,4517,4519,4519,1
4520,E0,shared,3,219,read,4518,4518,4518,4520,4520,1
4521,E0,shared,3,151,read,4519,4519,4519,4521,4521,1
4521,E1,shared,3,151,read,4519,4519,4519,4521,4521,1
4522,E0,shared,2,110,read,4520,4520,4520,4522,4522,1
4522,E1,shared,1,137,read,4520,4520,4520,4522,4522,1
4523,E0,shared,0,28,read,4521,4521,4521,4523,4523,1
4523,E1,shared,0,252,read,4521,4521,4521,4523,4523,1
4524,E0,shared,2,118,read,4522,4522,4522,4524,4524,1
4525,E1,shared,2,66,read,4523,4523,4523,4525,4525,1
4526,E0,shared,2,198,read,4524,4524,4524,4526,4526,1
4526,E1,shared,1,41,read,4524,4524,4524,4526,4526,1
4527,E0,shared,2,94,read,4525,4525,4525,4527,4527,1
4527,E1,shared,0,156,read,4525,4525,4525,4527,4527,1
4528,E0,shared,0,68,read,4526,4526,4526,4528,4528,1
4528,E1,shared,0,56,read,4526,4526,4526,4528,4528,1
4529,E0,shared,1,229,read,4527,4527,4527,4529,4529,1
4529,E1,shared,1,69,read,4527,4527,4527,4529,4529,1
4530,E0,shared,2,174,read,4528,4528,4528,4530,4530,1
4530,E1,shared,0,68,read,4528,4528,4528,4530,4530,1
4531,E0,shared,3,39,read,4529,4529,4529,4531,4531,1
4531,E1,shared,1,37,read,4529,4529,4529,4531,4531,1
4532,E1,shared,1,153,read,4530,4530,4530,4532,4532,1
4533,E1,shared,0,128,read,4531,4531,4531,4533,4533,1
4534,E0,shared,3,63,read,4532,4532,4532,4534,4534,1
4534,E1,shared,3,31,read,4532,4532,4532,4534,4534,1
4535,E0,shared,2,10,read,4533,4533,4533,4535,4535,1
4535,E1,shared,2,10,read,4533,4533,4533,4535,4535,1
4536,E0,shared,1,65,read,4534,4534,4534,4536,4536,1
4536,E1,shared,3,175,read,4534,4534,4534,4536,4536,1
4537,E0,shared,3,163,read,4535,4535,4535,4537,4537,1
4537,E1,shared,2,34,read,4535,4535,4535,4537,4537,1
4538,E0,shared,0,80,read,4536,4536,4536,4538,4538,1
4538,E1,shared,0,84,read,4536,4536,4536,4538,4538,1
4539,E0,shared,0,248,read,4537,4537,4537,4539,4539,1
4539,E1,shared,2,222,read,4537,4537,4537,4539,4539,1
4540,E0,shared,1,29,read,4538,4538,4538,4540,4540,1
4540,E1,shared,0,72,read,4538,4538,4538,4540,4540,1
4541,E0,shared,3,195,read,4539,4539,4539,4541,4541,1
4541,E1,shared,3,215,read,4539,4539,4539,4541,4541,1
4542,E0,shared,1,105,read,4540,4540,4540,4542,4542,1
4542,E1,shared,1,185,read,4540,4540,4540,4542,4542,1
4543,E0,shared,3,27,read,4541,4541,4541,4543,4543,1
4543,E1,shared,3,91,read,4541,4541,4541,4543,4543,1
4544,E0,shared,2,34,read,4542,4542,4542,4544,4544,1
4544,E1,shared,2,42,read,4542,4542,4542,4544,4544,1
4545,E0,shared,0,228,read,4543,4543,4543,4545,4545,1
4545,E1,shared,0,88,read,4543,4543,4543,4545,4545,1
4546,E0,shared,2,190,read,4544,4544,4544,4546,4546,1
4546,E1,shared,2,190,read,4544,4544,4544,4546,4546,1
4547,E1,shared,2,142,read,4545,4545,4545,4547,4547,1
4548,E0,shared,3,83,read,4546,4546,4546,4548,4548,1
4548,E1,shared,3,83,read,4546,4546,4546,4548,4548,1
4549,E0,shared,2,34,read,4547,4547,4547,4549,4549,1
4549,E1,shared,2,142,read,4547,4547,4547,4549,4549,1
4550,E0,shared,2,166,read,4548,4548,4548,4550,4550,1
4550,E1,shared,2,218,read,4548,4548,4548,4550,4550,1
4551,E1,shared,2,102,read,4549,4549,4549,4551,4551,1
4553,E0,shared,3,19,read,4551,4551,4551,4553,4553,1
4554,E0,shared,1,13,read,4552,4552,4552,4554,4554,1
4554,E1,shared,1,213,read,4552,4552,4552,4554,4554,1
4555,E0,shared,0,208,read,4553,4553,4553,4555,4555,1
4555,E1,shared,3,75,read,4553,4553,4553,4555,4555,1
4556,E0,shared,2,238,read,4554,4554,4554,4556,4556,1
4556,E1,shared,2,82,read,4554,4554,4554,4556,4556,1
4557,E0,shared,1,193,read,4555,4555,4555,4557,4557,1
4558,E0,shared,1,137,read,4556,4556,4556,4558,4558,1
4558,E1,shared,1,229,read,4556,4556,4556,4558,4558,1
4559,E0,shared,3,251,read,4557,4557,4557,4559,4559,1
4561,E0,shared,0,216,read,4559,4559,4559,4561,4561,1
4561,E1,shared,0,172,read,4559,4559,4559,4561,4561,1
4562,E0,shared,0,108,read,4560,4560,4560,4562,4562,1
4563,E0,shared,0,0,read,4561,4561,4561,4563,4563,1
4563,E1,shared,2,146,read,4561,4561,4561,4563,4563,1
4564,E0,shared,2,46,read,4562,4562,4562,4564,4564,1
4564,E1,shared,2,46,read,4562,4562,4562,4564,4564,1
4565,E0,shared,1,117,read,4563,4563,4563,4565,4565,1
4565,E1,shared,1,85,read,4563,4563,4563,4565,4565,1
4567,E0,shared,2,42,read,4565,4565,4565,4567,4567,1
4568,E0,shared,1,165,read,4566,4566,4566,4568,4568,1
4568,E1,shared,1,233,read,4566,4566,4566,4568,4568,1
4569,E0,shared,3,255,read,4567,4567,4567,4569,4569,1
4569,E1,shared,3,247,read,4567,4567,4567,4569,4569,1
4570,E0,shared,0,252,read,4568,4568,4568,4570,4570,1
4570,E1,shared,0,120,read,4568,4568,4568,4570,4570,1
4571,E0,shared,3,67,read,4569,4569,4569,4571,4571,1
4571,E1,shared,3,75,read,4569,4569,4569,4571,4571,1
4572,E0,shared,2,178,read,4570,4570,4570,4572,4572,1
4572,E1,shared,0,172,read,4570,4570,4570,4572,4572,1
4573,E1,shared,0,28,read,4571,4571,4571,4573,4573,1
4574,E0,shared,0,44,read,4572,4572,4572,4574,4574,1
4574,E1,shared,1,141,read,4572,4572,4572,4574,4574,1
4575,E0,shared,3,151,read,4573,4573,4573,4575,4575,1
4575,E1,shared,2,138,read,4573,4573,4573,4575,4575,1
4576,E1,shared,2,14,read,4574,4574,4574,4576,4576,1
4578,E0,shared,3,119,read,4576,4576,4576,4578,4578,1
4578,E1,shared,3,167,read,4576,4576,4576,4578,4578,1
4579,E0,shared,1,81,read,4577,4577,4577,4579,4579,1
4579,E1,shared,1,73,read,4577,4577,4577,4579,4579,1
4580,E0,shared,1,209,read,4578,4578,4578,4580,4580,1
4580,E1,shared,1,93,read,4578,4578,4578,4580,4580,1
4581,E0,shared,2,10,read,4579,4579,4579,4581,4581,1
4581,E1,shared,2,22,read,4579,4579,4579,4581,4581,1
4582,E0,shared,1,65,read,4580,4580,4580,4582,4582,1
4582,E1,shared,1,129,read,4580,4580,4580,4582,4582,1
4583,E0,shared,1,129,read,4581,4581,4581,4583,4583,1
4583,E1,shared,1,225,read,4581,4581,4581,4583,4583,1
4584,E0,shared,2,30,read,4582,4582,4582,4584,4584,1
4584,E1,shared,2,6,read,4582,4582,4582,4584,4584,1
4586,E0,shared,2,202,read,4584,4584,4584,4586,4586,1
4587,E0,shared,2,38,read,4585,4585,4585,4587,4587,1
4587,E1,shared,1,61,read,4585,4585,4585,4587,4587,1
4588,E0,shared,3,15,read,4586,4586,4586,4588,4588,1
4588,E1,shared,2,178,read,4586,4586,4586,4588,4588,1
4589,E0,shared,3,163,read,4587,4587,4587,4589,4589,1
4589,E1,shared,3,163,read,4587,4587,4587,4589,4589,1
4590,E0,shared,2,66,read,4588,4588,4588,4590,4590,1
4590,E1,shared,2,46,read,4588,4588,4588,4590,4590,1
4591,E1,shared,3,155,read,4589,4589,4589,4591,4591,1
4592,E0,shared,2,118,read,4590,4590,4590,4592,4592,1
4592,E1,shared,2,118,read,4590,4590,4590,4592,4592,1
4593,E0,shared,3,239,read,4591,4591,4591,4593,4593,1
4594,E0,shared,0,96,read,4592,4592,4592,4594,4594,1
4594,E1,shared,1,17,read,4592,4592,4592,4594,4594,1
4595,E0,shared,2,254,read,4593,4593,4593,4595,4595,1
4595,E1,shared,2,118,read,4593,4593,4593,4595,4595,1
4596,E0,shared,1,17,read,4594,4594,4594,4596,4596,1
4597,E0,shared,2,246,read,4595,4595,4595,4597,4597,1
4597,E1,shared,2,102,read,4595,4595,4595,4597,4597,1
4598,E0,shared,2,170,read,4596,4596,4596,4598,4598,1
4598,E1,shared,2,86,read,4596,4596,4596,4598,4598,1
4599,E0,shared,0,16,read,4597,4597,4597,4599,4599,1
4599,E1,shared,3,155,read,4597,4597,4597,4599,4599,1
4600,E0,shared,2,226,read,4598,4598,4598,4600,4600,1
4600,E1,shared,2,162,read,4598,4598,4598,4600,4600,1
4601,E0,shared,2,90,read,4599,4599,4599,4601,4601,1
4601,E1,shared,2,90,read,4599,4599,4599,4601,4601,1
4602,E0,shared,3,43,read,4600,4600,4600,4602,4602,1
4602,E1,shared,1,153,read,4600,4600,4600,4602,4602,1
4603,E0,shared,3,227,read,4601,4601,4601,4603,4603,1
4603,E1,shared,3,239,read,4601,4601,4601,4603,4603,1
4604,E0,shared,1,17,read,4602,4602,4602,4604,4604,1
4604,E1,shared,1,17,read,4602,4602,4602,4604,4604,1
4605,E0,shared,0,104,read,4603,4603,4603,4605,4605,1
4606,E0,shared,1,233,read,4604,4604,4604,4606,4606,1
4606,E1,shared,1,129,read,4604,4604,4604,4606,4606,1
4607,E0,shared,2,114,read,4605,4605,4605,4607,4607,1
4607,E1,shared,0,96,read,4605,4605,4605,4607,4607,1
4608,E1,shared,1,241,read,4606,4606,4606,4608,4608,1
4609,E0,shared,1,189,read,4607,4607,4607,4609,4609,1
4609,E1,shared,1,141,read,4607,4607,4607,4609,4609,1
4610,E0,shared,2,214,read,4608,4608,4608,4610,4610,1
4610,E1,shared,2,214,read,4608,4608,4608,4610,4610,1
4611,E0,shared,2,194,read,4609,4609,4609,4611,4611,1
4612,E1,shared,1,209,read,4610,4610,4610,4612,4612,1
4613,E0,shared,0,232,read,4611,4611,4611,4613,4613,1
4613,E1,shared,0,188,read,4611,4611,4611,4613,4613,1
4614,E0,shared,2,134,read,4612,4612,4612,4614,4614,1
4614,E1,shared,2,134,read,4612,4612,4612,4614,4614,1
4615,E0,shared,0,124,read,4613,4613,4613,4615,4615,1
4615,E1,shared,0,176,read,4613,4613,4613,4615,4615,1
4616,E0,shared,0,224,read,4614,4614,4614,4616,4616,1
4616,E1,shared,0,124,read,4614,4614,4614,4616,4616,1
4617,E1,shared,0,92,read,4615,4615,4615,4617,4617,1
4619,E1,shared,1,237,read,4617,4617,4617,4619,4619,1
4621,E0,shared,2,178,read,4619,4619,4619,4621,4621,1
4621,E1,shared,0,204,read,4619,4619,4619,4621,4621,1
4622,E1,shared,0,160,read,4620,4620,4620,4622,4622,1
4623,E0,shared,1,57,read,4621,4621,4621,4623,4623,1
4623,E1,shared,2,234,read,4621,4621,4621,4623,4623,1
4624,E0,shared,1,181,read,4622,4622,4622,4624,4624,1
4624,E1,shared,1,41,read,4622,4622,4622,4624,4624,1
4625,E0,shared,3,195,read,4623,4623,4623,4625,4625,1
4625,E1,shared,1,101,read,4623,4623,4623,4625,4625,1
4626,E0,shared,2,74,read,4624,4624,4624,4626,4626,1
4626,E1,shared,2,110,read,4624,4624,4624,4626,4626,1
4627,E0,shared,1,197,read,4625,4625,4625,4627,4627,1
4627,E1,shared,1,17,read,4625,4625,4625,4627,4627,1
4628,E1,shared,1,33,read,4626,4626,4626,4628,4628,1
4629,E1,shared,0,100,read,4627,4627,4627,4629,4629,1
4630,E0,shared,1,125,read,4628,4628,4628,4630,4630,1
4631,E0,shared,1,25,read,4629,4629,4629,4631,4631,1
4631,E1,shared,2,114,read,4629,4629,4629,4631,4631,1
4632,E1,shared,1,65,read,4630,4630,4630,4632,4632,1
4633,E0,shared,1,25,read,4631,4631,4631,4633,4633,1
4633,E1,shared,1,193,read,4631,4631,4631,4633,4633,1
4634,E0,shared,2,94,read,4632,4632,4632,4634,4634,1
4634,E1,shared,2,66,read,4632,4632,4632,4634,4634,1
4635,E0,shared,3,119,read,4633,4633,4633,4635,4635,1
4635,E1,shared,3,179,read,4633,4633,4633,4635,4635,1
4636,E0,shared,1,129,read,4634,4634,4634,4636,4636,1
4636,E1,shared,1,129,read,4634,4634,4634,4636,4636,1
4637,E0,shared,2,58,read,4635,4635,4635,4637,4637,1
4637,E1,shared,1,13,read,4635,4635,4635,4637,4637,1
4638,E1,shared,3,243,read,4636,4636,4636,4638,4638,1
4639,E0,shared,1,181,read,4637,4637,4637,4639,4639,1
4639,E1,shared,1,181,read,4637,4637,4637,4639,4639,1
4640,E0,shared,1,29,read,4638,4638,4638,4640,4640,1
4641,E1,shared,0,32,read,4639,4639,4639,4641,4641,1
4642,E0,shared,2,134,read,4640,4640,4640,4642,4642,1
4642,E1,shared,2,134,read,4640,4640,4640,4642,4642,1
4643,E0,shared,1,37,read,4641,4641,4641,4643,4643,1
4644,E0,shared,2,6,read,4642,4642,4642,4644,4644,1
4644,E1,shared,2,230,read,4642,4642,4642,4644,4644,1
4645,E0,shared,2,186,read,4643,4643,4643,4645,4645,1
4647,E0,shared,0,48,read,4645,4645,4645,4647,4647,1
4648,E0,shared,0,184,read,4646,4646,4646,4648,4648,1
4648,E1,shared,0,192,read,4646,4646,4646,4648,4648,1
4649,E0,shared,2,150,read,4647,4647,4647,4649,4649,1
4649,E1,shared,2,114,read,4647,4647,4647,4649,4649,1
4650,E0,shared,1,105,read,4648,4648,4648,4650,4650,1
4651,E1,shared,0,44,read,4649,4649,4649,4651,4651,1
4652,E0,shared,1,45,read,4650,4650,4650,4652,4652,1
4652,E1,shared,1,45,read,4650,4650,4650,4652,4652,1
4653,E1,shared,0,200,read,4651,4651,4651,4653,4653,1
4654,E0,shared,2,126,read,4652,4652,4652,4654,4654,1
4654,E1,shared,0,196,read,4652,4652,4652,4654,4654,1
4655,E0,shared,2,174,read,4653,4653,4653,4655,4655,1
4655,E1,shared,1,237,read,4653,4653,4653,4655,4655,1
4656,E0,shared,3,3,read,4654,4654,4654,4656,4656,1
4656,E1,shared,3,3,read,4654,4654,4654,4656,4656,1
4657,E1,shared,3,23,read,4655,4655,4655,4657,4657,1
4658,E0,shared,2,226,read,4656,4656,4656,4658,4658,1
4658,E1,shared,2,2,read,4656,4656,4656,4658,4658,1
4659,E1,shared,0,156,read,4657,4657,4657,4659,4659,1
4660,E0,shared,1,61,read,4658,4658,4658,4660,4660,1
4660,E1,shared,1,61,read,4658,4658,4658,4660,4660,1
4661,E0,shared,2,138,read,4659,4659,4659,4661,4661,1
4661,E1,shared,2,94,read,4659,4659,4659,4661,4661,1
4662,E1,shared,3,219,read,4660,4660,4660,4662,4662,1
4663,E1,shared,0,52,read,4661,4661,4661,4663,4663,1
4664,E0,shared,3,215,read,4662,4662,4662,4664,4664,1
4664,E1,shared,3,155,read,4662,4662,4662,4664,4664,1
4665,E0,shared,2,198,read,4663,4663,4663,4665,4665,1
4665,E1,shared,2,198,read,4663,4663,4663,4665,4665,1
4666,E0,shared,1,229,read,4664,4664,4664,4666,4666,1
4666,E1,shared,1,193,read,4664,4664,4664,4666,4666,1
4667,E0,shared,3,163,read,4665,4665,4665,4667,4667,1
4667,E1,shared,1,141,read,4665,4665,4665,4667,4667,1
4668,E0,shared,1,17,read,4666,4666,4666,4668,4668,1
4668,E1,shared,1,25,read,4666,4666,4666,4668,4668,1
4669,E0,shared,2,38,read,4667,4667,4667,4669,4669,1
4669,E1,shared,2,178,read,4667,4667,4667,4669,4669,1
4670,E0,shared,2,162,read,4668,4668,4668,4670,4670,1
4670,E1,shared,2,154,read,4668,4668,4668,4670,4670,1
4671,E0,shared,0,228,read,4669,4669,4669,4671,4671,1
4672,E1,shared,0,16,read,4670,4670,4670,4672,4672,1
4673,E1,shared,3,239,read,4671,4671,4671,4673,4673,1
4674,E0,shared,0,252,read,4672,4672,4672,4674,4674,1
4674,E1,shared,0,4,read,4672,4672,4672,4674,4674,1
4675,E0,shared,2,150,read,4673,4673,4673,4675,4675,1
4675,E1,shared,0,204,read,4673,4673,4673,4675,4675,1
4676,E1,shared,0,184,read,4674,4674,4674,4676,4676,1
4678,E1,shared,3,79,read,4676,4676,4676,4678,4678,1
4679,E0,shared,1,249,read,4677,4677,4677,4679,4679,1
4679,E1,shared,1,105,read,4677,4677,4677,4679,4679,1
4680,E0,shared,3,147,read,4678,4678,4678,4680,4680,1
4680,E1,shared,3,247,read,4678,4678,4678,4680,4680,1
4681,E0,shared,0,20,read,4679,4679,4679,4681,4681,1
4681,E1,shared,3,99,read,4679,4679,4679,4681,4681,1
4682,E0,shared,2,130,read,4680,4680,4680,4682,4682,1
4682,E1,shared,2,130,read,4680,4680,4680,4682,4682,1
4683,E0,shared,2,242,read,4681,4681,4681,4683,4683,1
4684,E0,shared,3,99,read,4682,4682,4682,4684,4684,1
4684,E1,shared,0,24,read,4682,4682,4682,4684,4684,1
4685,E0,shared,2,226,read,4683,4683,4683,4685,4685,1
4685,E1,shared,2,178,read,4683,4683,4683,4685,4685,1
4686,E0,shared,3,155,read,4684,4684,4684,4686,4686,1
4686,E1,shared,3,163,read,4684,4684,4684,4686,4686,1
4687,E0,shared,1,45,read,4685,4685,4685,4687,4687,1
4687,E1,shared,1,45,read,4685,4685,4685,4687,4687,1
4688,E0,shared,0,136,read,4686,4686,4686,4688,4688,1
4688,E1,shared,1,65,read,4686,4686,4686,4688,4688,1
4689,E0,shared,2,114,read,4687,4687,4687,4689,4689,1
4689,E1,shared,2,30,read,4687,4687,4687,4689,4689,1
4691,E0,shared,2,10,read,4689,4689,4689,4691,4691,1
4691,E1,shared,2,154,read,4689,4689,4689,4691,4691,1
4692,E0,shared,0,84,read,4690,4690,4690,4692,4692,1
4694,E0,shared,0,88,read,4692,4692,4692,4694,4694,1
4695,E0,shared,0,160,read,4693,4693,4693,4695,4695,1
4695,E1,shared,0,188,read,4693,4693,4693,4695,4695,1
4696,E1,shared,0,176,read,4694,4694,4694,4696,4696,1
4697,E0,shared,3,191,read,4695,4695,4695,4697,4697,1
4697,E1,shared,3,11,read,4695,4695,4695,4697,4697,1
4698,E1,shared,0,48,read,4696,4696,4696,4698,4698,1
4699,E0,shared,3,115,read,4697,4697,4697,4699,4699,1
4699,E1,shared,3,199,read,4697,4697,4697,4699,4699,1
4700,E0,shared,2,110,read,4698,4698,4698,4700,4700,1
4700,E1,shared,3,211,read,4698,4698,4698,4700,4700,1
4701,E0,shared,1,229,read,4699,4699,4699,4701,4701,1
4701,E1,shared,3,83,read,4699,4699,4699,4701,4701,1
4702,E0,shared,1,169,read,4700,4700,4700,4702,4702,1
4702,E1,shared,1,249,read,4700,4700,4700,4702,4702,1
4703,E0,shared,2,118,read,4701,4701,4701,4703,4703,1
4703,E1,shared,2,142,read,4701,4701,4701,4703,4703,1
4704,E1,shared,1,133,read,4702,4702,4702,4704,4704,1
4705,E1,shared,3,63,read,4703,4703,4703,4705,4705,1
4706,E1,shared,1,21,read,4704,4704,4704,4706,4706,1
4707,E0,shared,0,176,read,4705,4705,4705,4707,4707,1
4707,E1,shared,0,248,read,4705,4705,4705,4707,4707,1
4708,E0,shared,0,44,read,4706,4706,4706,4708,4708,1
4708,E1,shared,2,238,read,4706,4706,4706,4708,4708,1
4709,E0,shared,0,160,read,4707,4707,4707,4709,4709,1
4709,E1,shared,0,216,read,4707,4707,4707,4709,4709,1
4710,E1,shared,0,148,read,4708,4708,4708,4710,4710,1
4711,E0,shared,3,163,read,4709,4709,4709,4711,4711,1
4711,E1,shared,0,228,read,4709,4709,4709,4711,4711,1
4712,E0,shared,0,52,read,4710,4710,4710,4712,4712,1
4712,E1,shared,0,0,read,4710,4710,4710,4712,4712,1
4713,E0,shared,1,17,read,4711,4711,4711,4713,4713,1
4714,E0,shared,3,31,read,4712,4712,4712,4714,4714,1
4714,E1,shared,0,92,read,4712,4712,4712,4714,4714,1
4715,E0,shared,2,86,read,4713,4713,4713,4715,4715,1
4715,E1,shared,1,45,read,4713,4713,4713,4715,4715,1
4716,E0,shared,3,171,read,4714,4714,4714,4716,4716,1
4716,E1,shared,3,195,read,4714,4714,4714,4716,4716,1
4718,E0,shared,0,12,read,4716,4716,4716,4718,4718,1
4718,E1,shared,0,48,read,4716,4716,4716,4718,4718,1
4719,E0,shared,0,220,read,4717,4717,4717,4719,4719,1
4719,E1,shared,0,244,read,4717,4717,4717,4719,4719,1
4720,E0,shared,3,123,read,4718,4718,4718,4720,4720,1
4720,E1,shared,0,68,read,4718,4718,4718,4720,4720,1
4721,E1,shared,3,87,read,4719,4719,4719,4721,4721,1
4722,E0,shared,0,44,read,4720,4720,4720,4722,4722,1
4722,E1,shared,0,152,read,4720,4720,4720,4722,4722,1
4723,E0,shared,1,161,read,4721,4721,4721,4723,4723,1
4724,E0,shared,1,185,read,4722,4722,4722,4724,4724,1
4724,E1,shared,1,33,read,4722,4722,4722,4724,4724,1
4725,E0,shared,2,58,read,4723,4723,4723,4725,4725,1
4725,E1,shared,2,102,read,4723,4723,4723,4725,4725,1
4726,E0,shared,3,147,read,4724,4724,4724,4726,4726,1
4726,E1,shared,3,147,read,4724,4724,4724,4726,4726,1
4727,E0,shared,2,54,read,4725,4725,4725,4727,4727,1
4727,E1,shared,2,86,read,4725,4725,4725,4727,4727,1
4728,E0,shared,2,246,read,4726,4726,4726,4728,4728,1
4729,E0,shared,1,9,read,4727,4727,4727,4729,4729,1
4730,E0,shared,0,68,read,4728,4728,4728,4730,4730,1
4732,E1,shared,2,138,read,4730,4730,4730,4732,4732,1
4733,E0,shared,1,117,read,4731,4731,4731,4733,4733,1
4734,E0,shared,1,73,read,4732,4732,4732,4734,4734,1
4734,E1,shared,3,179,read,4732,4732,4732,4734,4734,1
4735,E0,shared,1,197,read,4733,4733,4733,4735,4735,1
4735,E1,shared,1,93,read,4733,4733,4733,4735,4735,1
4736,E0,shared,1,253,read,4734,4734,4734,4736,4736,1
4737,E0,shared,2,26,read,4735,4735,4735,4737,4737,1
4737,E1,shared,2,26,read,4735,4735,4735,4737,4737,1
4738,E0,shared,0,12,read,4736,4736,4736,4738,4738,1
4738,E1,shared,2,26,read,4736,4736,4736,4738,4738,1
4739,E0,shared,0,164,read,4737,4737,4737,4739,4739,1
4739,E1,shared,0,164,read,4737,4737,4737,4739,4739,1
4740,E1,shared,2,230,read,4738,4738,4738,4740,4740,1
4742,E0,shared,2,30,read,4740,4740,4740,4742,4742,1
4742,E1,shared,2,66,read,4740,4740,4740,4742,4742,1
4743,E0,shared,2,226,read,4741,4741,4741,4743,4743,1
4743,E1,shared,2,186,read,4741,4741,4741,4743,4743,1
4744,E0,shared,3,19,read,4742,4742,4742,4744,4744,1
4744,E1,shared,3,135,read,4742,4742,4742,4744,4744,1
4745,E0,shared,2,106,read,4743,4743,4743,4745,4745,1
4745,E1,shared,2,34,read,4743,4743,4743,4745,4745,1
4746,E0,shared,2,74,read,4744,4744,4744,4746,4746,1
4746,E1,shared,2,98,read,4744,4744,4744,4746,4746,1
4747,E0,shared,1,109,read,4745,4745,4745,4747,4747,1
4747,E1,shared,1,181,read,4745,4745,4745,4747,4747,1
4748,E1,shared,1,173,read,4746,4746,4746,4748,4748,1
4749,E1,shared,3,139,read,4747,4747,4747,4749,4749,1
4750,E0,shared,0,104,read,4748,4748,4748,4750,4750,1
4750,E1,shared,0,104,read,4748,4748,4748,4750,4750,1
4751,E1,shared,3,235,read,4749,4749,4749,4751,4751,1
4752,E0,shared,1,197,read,4750,4750,4750,4752,4752,1
4752,E1,shared,1,9,read,4750,4750,4750,4752,4752,1
4753,E0,shared,3,219,read,4751,4751,4751,4753,4753,1
4753,E1,shared,1,197,read,4751,4751,4751,4753,4753,1
4754,E0,shared,2,98,read,4752,4752,4752,4754,4754,1
4755,E0,shared,1,65,read,4753,4753,4753,4755,4755,1
4756,E0,shared,2,2,read,4754,4754,4754,4756,4756,1
4756,E1,shared,1,89,read,4754,4754,4754,4756,4756,1
4757,E0,shared,1,193,read,4755,4755,4755,4757,4757,1
4758,E0,shared,1,85,read,4756,4756,4756,4758,4758,1
4758,E1,shared,0,136,read,4756,4756,4756,4758,4758,1
4759,E1,shared,1,13,read,4757,4757,4757,4759,4759,1
4760,E0,shared,2,222,read,4758,4758,4758,4760,4760,1
4760,E1,shared,2,206,read,4758,4758,4758,4760,4760,1
4761,E0,shared,1,81,read,4759,4759,4759,4761,4761,1
4761,E1,shared,1,101,read,4759,4759,4759,4761,4761,1
4762,E1,shared,3,143,read,4760,4760,4760,4762,4762,1
4763,E1,shared,3,243,read,4761,4761,4761,4763,4763,1
4764,E0,shared,3,151,read,4762,4762,4762,4764,4764,1
4764,E1,shared,0,200,read,4762,4762,4762,4764,4764,1
4765,E0,shared,0,12,read,4763,4763,4763,4765,4765,1
4765,E1,shared,0,92,read,4763,4763,4763,4765,4765,1
4766,E1,shared,2,30,read,4764,4764,4764,4766,4766,1
4767,E0,shared,1,249,read,4765,4765,4765,4767,4767,1
4767,E1,shared,1,37,read,4765,4765,4765,4767,4767,1
4768,E0,shared,3,199,read,4766,4766,4766,4768,4768,1
4768,E1,shared,3,187,read,4766,4766,4766,4768,4768,1
4769,E0,shared,1,1,read,4767,4767,4767,4769,4769,1
4769,E1,shared,1,245,read,4767,4767,4767,4769,4769,1
4770,E0,shared,0,172,read,4768,4768,4768,4770,4770,1
4770,E1,shared,1,57,read,4768,4768,4768,4770,4770,1
4771,E0,shared,2,22,read,4769,4769,4769,4771,4771,1
4772,E0,shared,3,63,read,4770,4770,4770,4772,4772,1
4773,E0,shared,0,152,read,4771,4771,4771,4773,4773,1
4774,E1,shared,2,122,read,4772,4772,4772,4774,4774,1
4775,E1,shared,3,163,read,4773,4773,4773,4775,4775,1
4776,E1,shared,2,206,read,4774,4774,4774,4776,4776,1
4777,E1,shared,0,68,read,4775,4775,4775,4777,4777,1
4778,E0,shared,3,123,read,4776,4776,4776,4778,4778,1
4778,E1,shared,0,184,read,4776,4776,4776,4778,4778,1
4779,E0,shared,0,128,read,4777,4777,4777,4779,4779,1
4779,E1,shared,1,149,read,4777,4777,4777,4779,4779,1
4780,E0,shared,3,27,read,4778,4778,4778,4780,4780,1
4780,E1,shared,3,27,read,4778,4778,4778,4780,4780,1
4781,E0,shared,0,248,read,4779,4779,4779,4781,4781,1
4781,E1,shared,0,248,read,4779,4779,4779,4781,4781,1
4782,E0,shared,1,237,read,4780,4780,4780,4782,4782,1
4783,E0,shared,0,156,read,4781,4781,4781,4783,4783,1
4783,E1,shared,0,244,read,4781,4781,4781,4783,4783,1
4784,E0,shared,0,136,read,4782,4782,4782,4784,4784,1
4784,E1,shared,0,112,read,4782,4782,4782,4784,4784,1
4785,E1,shared,1,57,read,4783,4783,4783,4785,4785,1
4786,E0,shared,3,31,read,4784,4784,4784,4786,4786,1
4786,E1,shared,3,219,read,4784,4784,4784,4786,4786,1
4787,E1,shared,3,231,read,4785,4785,4785,4787,4787,1
4788,E0,shared,1,253,read,4786,4786,4786,4788,4788,1
4788,E1,shared,1,145,read,4786,4786,4786,4788,4788,1
4789,E0,shared,3,151,read,4787,4787,4787,4789,4789,1
4789,E1,shared,3,203,read,4787,4787,4787,4789,4789,1
4790,E0,shared,2,222,read,4788,4788,4788,4790,4790,1
4790,E1,shared,2,222,read,4788,4788,4788,4790,4790,1
4791,E1,shared,2,10,read,4789,4789,4789,4791,4791,1
4792,E0,shared,1,41,read,4790,4790,4790,4792,4792,1
4792,E1,shared,1,41,read,4790,4790,4790,4792,4792,1
4793,E0,shared,3,239,read,4791,4791,4791,4793,4793,1
4793,E1,shared,3,11,read,4791,4791,4791,4793,4793,1
4794,E0,shared,3,175,read,4792,4792,4792,4794,4794,1
4795,E0,shared,2,66,read,4793,4793,4793,4795,4795,1
4796,E0,shared,3,159,read,4794,4794,4794,4796,4796,1
4797,E0,shared,1,249,read,4795,4795,4795,4797,4797,1
4798,E0,shared,2,122,read,4796,4796,4796,4798,4798,1
4798,E1,shared,2,122,read,4796,4796,4796,4798,4798,1
4799,E1,shared,3,23,read,4797,4797,4797,4799,4799,1
4800,E0,shared,0,168,read,4798,4798,4798,4800,4800,1
4800,E1,shared,2,62,read,4798,4798,4798,4800,4800,1
4801,E0,shared,3,55,read,4799,4799,4799,4801,4801,1
4801,E1,shared,0,236,read,4799,4799,4799,4801,4801,1
4802,E0,shared,2,14,read,4800,4800,4800,4802,4802,1
4802,E1,shared,2,214,read,4800,4800,4800,4802,4802,1
4803,E0,shared,2,10,read,4801,4801,4801,4803,4803,1
4803,E1,shared,1,245,read,4801,4801,4801,4803,4803,1
4804,E0,shared,1,45,read,4802,4802,4802,4804,4804,1
4804,E1,shared,1,205,read,4802,4802,4802,4804,4804,1
4805,E0,shared,1,141,read,4803,4803,4803,4805,4805,1
4805,E1,shared,1,141,read,4803,4803,4803,4805,4805,1
4806,E1,shared,1,105,read,4804,4804,4804,4806,4806,1
4807,E0,shared,1,185,read,4805,4805,4805,4807,4807,1
4807,E1,shared,2,50,read,4805,4805,4805,4807,4807,1
4808,E0,shared,0,28,read,4806,4806,4806,4808,4808,1
4808,E1,shared,0,184,read,4806,4806,4806,4808,4808,1
4809,E0,shared,0,140,read,4807,4807,4807,4809,4809,1
4809,E1,shared,0,12,read,4807,4807,4807,4809,4809,1
4810,E0,shared,0,204,read,4808,4808,4808,4810,4810,1
4810,E1,shared,3,127,read,4808,4808,4808,4810,4810,1
4811,E0,shared,1,97,read,4809,4809,4809,4811,4811,1
4811,E1,shared,1,97,read,4809,4809,4809,4811,4811,1
4812,E0,shared,0,204,read,4810,4810,4810,4812,4812,1
4812,E1,shared,0,244,read,4810,4810,4810,4812,4812,1
4813,E1,shared,1,205,read,4811,4811,4811,4813,4813,1
4814,E0,shared,2,230,read,4812,4812,4812,4814,4814,1
4814,E1,shared,2,230,read,4812,4812,4812,4814,4814,1
4815,E0,shared,1,137,read,4813,4813,4813,4815,4815,1
4815,E1,shared,1,65,read,4813,4813,4813,4815,4815,1
4816,E0,shared,0,248,read,4814,4814,4814,4816,4816,1
4817,E0,shared,0,84,read,4815,4815,4815,4817,4817,1
4817,E1,shared,2,198,read,4815,4815,4815,4817,4817,1
4818,E0,shared,2,186,read,4816,4816,4816,4818,4818,1
4818,E1,shared,2,234,read,4816,4816,4816,4818,4818,1
4819,E0,shared,3,247,read,4817,4817,4817,4819,4819,1
4819,E1,shared,0,172,read,4817,4817,4817,4819,4819,1
4820,E0,shared,2,102,read,4818,4818,4818,4820,4820,1
4820,E1,shared,2,174,read,4818,4818,4818,4820,4820,1
4821,E1,shared,0,140,read,4819,4819,4819,4821,4821,1
4822,E0,shared,3,139,read,4820,4820,4820,4822,4822,1
4822,E1,shared,3,139,read,4820,4820,4820,4822,4822,1
4823,E0,shared,0,176,read,4821,4821,4821,4823,4823,1
4823,E1,shared,0,96,read,4821,4821,4821,4823,4823,1
4824,E1,shared,3,95,read,4822,4822,4822,4824,4824,1
4825,E0,shared,0,224,read,4823,4823,4823,4825,4825,1
4825,E1,shared,0,224,read,4823,4823,4823,4825,4825,1
4826,E0,shared,0,148,read,4824,4824,4824,4826,4826,1
4826,E1,shared,0,148,read,4824,4824,4824,4826,4826,1
4827,E0,shared,1,33,read,4825,4825,4825,4827,4827,1
4827,E1,shared,1,33,read,4825,4825,4825,4827,4827,1
4828,E1,shared,0,232,read,4826,4826,4826,4828,4828,1
4829,E0,shared,1,237,read,4827,4827,4827,4829,4829,1
4829,E1,shared,1,237,read,4827,4827,4827,4829,4829,1
4830,E0,shared,1,241,read,4828,4828,4828,4830,4830,1
4830,E1,shared,3,35,read,4828,4828,4828,4830,4830,1
4831,E0,shared,2,190,read,4829,4829,4829,4831,4831,1
4831,E1,shared,2,190,read,4829,4829,4829,4831,4831,1
4833,E0,shared,1,29,read,4831,4831,4831,4833,4833,1
4833,E1,shared,1,61,read,4831,4831,4831,4833,4833,1
4834,E1,shared,2,142,read,4832,4832,4832,4834,4834,1
4835,E0,shared,0,236,read,4833,4833,4833,4835,4835,1
4835,E1,shared,0,200,read,4833,4833,4833,4835,4835,1
4836,E0,shared,1,221,read,4834,4834,4834,4836,4836,1
4836,E1,shared,1,221,read,4834,4834,4834,4836,4836,1
4837,E0,shared,0,180,read,4835,4835,4835,4837,4837,1
4837,E1,shared,0,180,read,4835,4835,4835,4837,4837,1
4838,E0,shared,3,111,read,4836,4836,4836,4838,4838,1
4838,E1,shared,3,147,read,4836,4836,4836,4838,4838,1
4839,E0,shared,1,49,read,4837,4837,4837,4839,4839,1
4839,E1,shared,1,49,read,4837,4837,4837,4839,4839,1
4840,E0,shared,1,41,read,4838,4838,4838,4840,4840,1
4840,E1,shared,1,225,read,4838,4838,4838,4840,4840,1
4841,E0,shared,3,7,read,4839,4839,4839,4841,4841,1
4841,E1,shared,1,17,read,4839,4839,4839,4841,4841,1
4842,E0,shared,3,127,read,4840,4840,4840,4842,4842,1
4842,E1,shared,2,190,read,4840,4840,4840,4842,4842,1
4843,E0,shared,3,223,read,4841,4841,4841,4843,4843,1
4843,E1,shared,3,223,read,4841,4841,4841,4843,4843,1
4844,E1,shared,0,112,read,4842,4842,4842,4844,4844,1
4845,E0,shared,0,232,read,4843,4843,4843,4845,4845,1
4846,E1,shared,3,119,read,4844,4844,4844,4846,4846,1
4847,E0,shared,0,16,read,4845,4845,4845,4847,4847,1
4847,E1,shared,2,66,read,4845,4845,4845,4847,4847,1
4848,E0,shared,0,56,read,4846,4846,4846,4848,4848,1
4848,E1,shared,0,56,read,4846,4846,4846,4848,4848,1
4849,E0,shared,0,240,read,4847,4847,4847,4849,4849,1
4849,E1,shared,3,143,read,4847,4847,4847,4849,4849,1
4850,E0,shared,0,100,read,4848,4848,4848,4850,4850,1
4851,E1,shared,2,42,read,4849,4849,4849,4851,4851,1
4852,E0,shared,2,82,read,4850,4850,4850,4852,4852,1
4852,E1,shared,2,218,read,4850,4850,4850,4852,4852,1
4853,E0,shared,0,24,read,4851,4851,4851,4853,4853,1
4854,E0,shared,0,32,read,4852,4852,4852,4854,4854,1
4854,E1,shared,0,32,read,4852,4852,4852,4854,4854,1
4855,E1,shared,1,229,read,4853,4853,4853,4855,4855,1
4856,E0,shared,1,21,read,4854,4854,4854,4856,4856,1
4856,E1,shared,1,21,read,4854,4854,4854,4856,4856,1
4857,E0,shared,0,204,read,4855,4855,4855,4857,4857,1
4857,E1,shared,0,204,read,4855,4855,4855,4857,4857,1
4858,E0,shared,2,150,read,4856,4856,4856,4858,4858,1
4859,E0,shared,0,36,read,4857,4857,4857,4859,4859,1
4859,E1,shared,0,36,read,4857,4857,4857,4859,4859,1
4860,E0,shared,0,16,read,4858,4858,4858,4860,4860,1
4860,E1,shared,0,172,read,4858,4858,4858,4860,4860,1
4861,E0,shared,1,193,read,4859,4859,4859,4861,4861,1
4861,E1,shared,2,78,read,4859,4859,4859,4861,4861,1
4862,E1,shared,0,108,read,4860,4860,4860,4862,4862,1
4864,E0,shared,3,251,read,4862,4862,4862,4864,4864,1
4865,E0,shared,2,86,read,4863,4863,4863,4865,4865,1
4865,E1,shared,2,38,read,4863,4863,4863,4865,4865,1
4866,E0,shared,2,162,read,4864,4864,4864,4866,4866,1
4866,E1,shared,2,106,read,4864,4864,4864,4866,4866,1
4867,E0,shared,1,109,read,4865,4865,4865,4867,4867,1
4867,E1,shared,1,9,read,4865,4865,4865,4867,4867,1
4868,E1,shared,1,209,read,4866,4866,4866,4868,4868,1
4869,E0,shared,3,127,read,4867,4867,4867,4869,4869,1
4869,E1,shared,3,43,read,4867,4867,4867,4869,4869,1
4870,E0,shared,2,126,read,4868,4868,4868,4870,4870,1
4870,E1,shared,2,126,read,4868,4868,4868,4870,4870,1
4871,E0,shared,3,23,read,4869,4869,4869,4871,4871,1
4871,E1,shared,1,137,read,4869,4869,4869,4871,4871,1
4872,E0,shared,1,77,read,4870,4870,4870,4872,4872,1
4873,E0,shared,3,183,read,4871,4871,4871,4873,4873,1
4874,E0,shared,0,16,read,4872,4872,4872,4874,4874,1
4875,E0,shared,2,254,read,4873,4873,4873,4875,4875,1
4875,E1,shared,1,89,read,4873,4873,4873,4875,4875,1
4876,E1,shared,1,245,read,4874,4874,4874,4876,4876,1
4877,E1,shared,2,90,read,4875,4875,4875,4877,4877,1
4878,E0,shared,3,79,read,4876,4876,4876,4878,4878,1
4878,E1,shared,3,91,read,4876,4876,4876,4878,4878,1
4879,E0,shared,1,17,read,4877,4877,4877,4879,4879,1
4879,E1,shared,1,17,read,4877,4877,4877,4879,4879,1
4880,E0,shared,2,74,read,4878,4878,4878,4880,4880,1
4881,E0,shared,3,151,read,4879,4879,4879,4881,4881,1
4881,E1,shared,3,151,read,4879,4879,4879,4881,4881,1
4882,E0,shared,3,175,read,4880,4880,4880,4882,4882,1
4882,E1,shared,3,91,read,4880,4880,4880,4882,4882,1
4883,E0,shared,1,229,read,4881,4881,4881,4883,4883,1
4883,E1,shared,1,229,read,4881,4881,4881,4883,4883,1
4884,E0,shared,2,114,read,4882,4882,4882,4884,4884,1
4884,E1,shared,1,161,read,4882,4882,4882,4884,4884,1
4885,E0,shared,3,51,read,4883,4883,4883,4885,4885,1
4885,E1,shared,3,35,read,4883,4883,4883,4885,4885,1
4886,E0,shared,1,61,read,4884,4884,4884,4886,4886,1
4887,E0,shared,1,201,read,4885,4885,4885,4887,4887,1
4887,E1,shared,1,201,read,4885,4885,4885,4887,4887,1
4888,E0,shared,0,192,read,4886,4886,4886,4888,4888,1
4889,E0,shared,0,148,read,4887,4887,4887,4889,4889,1
4889,E1,shared,2,210,read,4887,4887,4887,4889,4889,1
4890,E1,shared,1,5,read,4888,4888,4888,4890,4890,1
4891,E0,shared,0,124,read,4889,4889,4889,4891,4891,1
4891,E1,shared,3,135,read,4889,4889,4889,4891,4891,1
4892,E0,shared,3,19,read,4890,4890,4890,4892,4892,1
4892,E1,shared,0,156,read,4890,4890,4890,4892,4892,1
4893,E0,shared,2,66,read,4891,4891,4891,4893,4893,1
4893,E1,shared,2,254,read,4891,4891,4891,4893,4893,1
4894,E0,shared,1,181,read,4892,4892,4892,4894,4894,1
4894,E1,shared,1,181,read,4892,4892,4892,4894,4894,1
4895,E0,shared,2,102,read,4893,4893,4893,4895,4895,1
4895,E1,shared,2,78,read,4893,4893,4893,4895,4895,1
4896,E0,shared,0,4,read,4894,4894,4894,4896,4896,1
4896,E1,shared,0,104,read,4894,4894,4894,4896,4896,1
4897,E0,shared,0,252,read,4895,4895,4895,4897,4897,1
4898,E0,shared,0,128,read,4896,4896,4896,4898,4898,1
4898,E1,shared,0,112,read,4896,4896,4896,4898,4898,1
4899,E1,shared,1,21,read,4897,4897,4897,4899,4899,1
4900,E0,shared,2,6,read,4898,4898,4898,4900,4900,1
4901,E1,shared,3,119,read,4899,4899,4899,4901,4901,1
4902,E0,shared,0,168,read,4900,4900,4900,4902,4902,1
4902,E1,shared,0,56,read,4900,4900,4900,4902,4902,1
4903,E1,shared,0,120,read,4901,4901,4901,4903,4903,1
4904,E0,shared,2,190,read,4902,4902,4902,4904,4904,1
4904,E1,shared,2,18,read,4902,4902,4902,4904,4904,1
4905,E0,shared,1,253,read,4903,4903,4903,4905,4905,1
4905,E1,shared,1,253,read,4903,4903,4903,4905,4905,1
4906,E0,shared,1,209,read,4904,4904,4904,4906,4906,1
4906,E1,shared,1,209,read,4904,4904,4904,4906,4906,1
4907,E0,shared,2,138,read,4905,4905,4905,4907,4907,1
4907,E1,shared,2,138,read,4905,4905,4905,4907,4907,1
4908,E0,shared,2,98,read,4906,4906,4906,4908,4908,1
4908,E1,shared,2,46,read,4906,4906,4906,4908,4908,1
4909,E0,shared,3,119,read,4907,4907,4907,4909,4909,1
4910,E0,shared,3,103,read,4908,4908,4908,4910,4910,1
4910,E1,shared,3,103,read,4908,4908,4908,4910,4910,1
4911,E1,shared,3,23,read,4909,4909,4909,4911,4911,1
4912,E1,shared,0,212,read,4910,4910,4910,4912,4912,1
4913,E0,shared,2,66,read,4911,4911,4911,4913,4913,1
4913,E1,shared,2,66,read,4911,4911,4911,4913,4913,1
4914,E0,shared,0,100,read,4912,4912,4912,4914,4914,1
4914,E1,shared,0,100,read,4912,4912,4912,4914,4914,1
4915,E0,shared,1,229,read,4913,4913,4913,4915,4915,1
4915,E1,shared,2,66,read,4913,4913,4913,4915,4915,1
4916,E0,shared,3,135,read,4914,4914,4914,4916,4916,1
4916,E1,shared,3,175,read,4914,4914,4914,4916,4916,1
4917,E0,shared,0,96,read,4915,4915,4915,4917,4917,1
4917,E1,shared,0,96,read,4915,4915,4915,4917,4917,1
4918,E0,shared,2,6,read,4916,4916,4916,4918,4918,1
4918,E1,shared,2,134,read,4916,4916,4916,4918,4918,1
4919,E0,shared,2,186,read,4917,4917,4917,4919,4919,1
4919,E1,shared,3,67,read,4917,4917,4917,4919,4919,1
4920,E0,shared,2,242,read,4918,4918,4918,4920,4920,1
4920,E1,shared,3,139,read,4918,4918,4918,4920,4920,1
4921,E0,shared,3,3,read,4919,4919,4919,4921,4921,1
4921,E1,shared,3,95,read,4919,4919,4919,4921,4921,1
4922,E0,shared,1,77,read,4920,4920,4920,4922,4922,1
4922,E1,shared,3,251,read,4920,4920,4920,4922,4922,1
4923,E0,shared,1,81,read,4921,4921,4921,4923,4923,1
4923,E1,shared,1,73,read,4921,4921,4921,4923,4923,1
4924,E1,shared,1,1,read,4922,4922,4922,4924,4924,1
4925,E0,shared,3,7,read,4923,4923,4923,4925,4925,1
4925,E1,shared,0,232,read,4923,4923,4923,4925,4925,1
4926,E0,shared,0,112,read,4924,4924,4924,4926,4926,1
4926,E1,shared,0,100,read,4924,4924,4924,4926,4926,1
4927,E0,shared,1,121,read,4925,4925,4925,4927,4927,1
4927,E1,shared,1,161,read,4925,4925,4925,4927,4927,1
4928,E0,shared,0,80,read,4926,4926,4926,4928,4928,1
4929,E0,shared,2,134,read,4927,4927,4927,4929,4929,1
4929,E1,shared,3,171,read,4927,4927,4927,4929,4929,1
4930,E0,shared,0,104,read,4928,4928,4928,4930,4930,1
4930,E1,shared,0,24,read,4928,4928,4928,4930,4930,1
4931,E0,shared,3,119,read,4929,4929,4929,4931,4931,1
4931,E1,shared,3,47,read,4929,4929,4929,4931,4931,1
4932,E0,shared,2,210,read,4930,4930,4930,4932,4932,1
4932,E1,shared,0,156,read,4930,4930,4930,4932,4932,1
4934,E0,shared,2,82,read,4932,4932,4932,4934,4934,1
4934,E1,shared,2,82,read,4932,4932,4932,4934,4934,1
4935,E0,shared,2,186,read,4933,4933,4933,4935,4935,1
4935,E1,shared,2,190,read,4933,4933,4933,4935,4935,1
4936,E0,shared,0,172,read,4934,4934,4934,4936,4936,1
4936,E1,shared,0,116,read,4934,4934,4934,4936,4936,1
4937,E0,shared,1,17,read,4935,4935,4935,4937,4937,1
4937,E1,shared,1,249,read,4935,4935,4935,4937,4937,1
4939,E0,shared,0,80,read,4937,4937,4937,4939,4939,1
4939,E1,shared,0,184,read,4937,4937,4937,4939,4939,1
4940,E0,shared,2,182,read,4938,4938,4938,4940,4940,1
4940,E1,shared,2,42,read,4938,4938,4938,4940,4940,1
4941,E0,shared,1,49,read,4939,4939,4939,4941,4941,1
4941,E1,shared,1,49,read,4939,4939,4939,4941,4941,1
4942,E0,shared,3,243,read,4940,4940,4940,4942,4942,1
4942,E1,shared,3,175,read,4940,4940,4940,4942,4942,1
4943,E0,shared,0,36,read,4941,4941,4941,4943,4943,1
4943,E1,shared,0,36,read,4941,4941,4941,4943,4943,1
4944,E0,shared,3,255,read,4942,4942,4942,4944,4944,1
4944,E1,shared,3,99,read,4942,4942,4942,4944,4944,1
4945,E0,shared,0,4,read,4943,4943,4943,4945,4945,1
4945,E1,shared,0,136,read,4943,4943,4943,4945,4945,1
4946,E0,shared,0,112,read,4944,4944,4944,4946,4946,1
4946,E1,shared,0,112,read,4944,4944,4944,4946,4946,1
4947,E0,shared,2,34,read,4945,4945,4945,4947,4947,1
4947,E1,shared,2,34,read,4945,4945,4945,4947,4947,1
4948,E0,shared,2,54,read,4946,4946,4946,4948,4948,1
4949,E0,shared,1,85,read,4947,4947,4947,4949,4949,1
4950,E0,shared,0,104,read,4948,4948,4948,4950,4950,1
4950,E1,shared,3,187,read,4948,4948,4948,4950,4950,1
4951,E0,shared,1,233,read,4949,4949,4949,4951,4951,1
4951,E1,shared,1,29,read,4949,4949,4949,4951,4951,1
4952,E0,shared,2,58,read,4950,4950,4950,4952,4952,1
4954,E0,shared,1,213,read,4952,4952,4952,4954,4954,1
4954,E1,shared,1,73,read,4952,4952,4952,4954,4954,1
4955,E1,shared,2,166,read,4953,4953,4953,4955,4955,1
4956,E0,shared,3,99,read,4954,4954,4954,4956,4956,1
4956,E1,shared,3,71,read,4954,4954,4954,4956,4956,1
4957,E0,shared,2,50,read,4955,4955,4955,4957,4957,1
4958,E0,shared,0,184,read,4956,4956,4956,4958,4958,1
4958,E1,shared,0,184,read,4956,4956,4956,4958,4958,1
4959,E0,shared,2,202,read,4957,4957,4957,4959,4959,1
4960,E0,shared,3,91,read,4958,4958,4958,4960,4960,1
4960,E1,shared,1,65,read,4958,4958,4958,4960,4960,1
4961,E0,shared,3,247,read,4959,4959,4959,4961,4961,1
4961,E1,shared,3,51,read,4959,4959,4959,4961,4961,1
4962,E0,shared,2,166,read,4960,4960,4960,4962,4962,1
4962,E1,shared,2,190,read,4960,4960,4960,4962,4962,1
4963,E0,shared,1,61,read,4961,4961,4961,4963,4963,1
4963,E1,shared,1,197,read,4961,4961,4961,4963,4963,1
4964,E0,shared,3,219,read,4962,4962,4962,4964,4964,1
4964,E1,shared,3,239,read,4962,4962,4962,4964,4964,1
4965,E0,shared,0,100,read,4963,4963,4963,4965,4965,1
4965,E1,shared,0,100,read,4963,4963,4963,4965,4965,1
4966,E0,shared,0,116,read,4964,4964,4964,4966,4966,1
4966,E1,shared,0,0,read,4964,4964,4964,4966,4966,1
4967,E0,shared,2,10,read,4965,4965,4965,4967,4967,1
4967,E1,shared,0,160,read,4965,4965,4965,4967,4967,1
4968,E1,shared,0,188,read,4966,4966,4966,4968,4968,1
4969,E0,shared,2,106,read,4967,4967,4967,4969,4969,1
4969,E1,shared,2,106,read,4967,4967,4967,4969,4969,1
4970,E0,shared,2,66,read,4968,4968,4968,4970,4970,1
4970,E1,shared,2,66,read,4968,4968,4968,4970,4970,1
4971,E0,shared,2,14,read,4969,4969,4969,4971,4971,1
4971,E1,shared,2,118,read,4969,4969,4969,4971,4971,1
4972,E0,shared,0,228,read,4970,4970,4970,4972,4972,1
4972,E1,shared,0,152,read,4970,4970,4970,4972,4972,1
4973,E0,shared,1,45,read,4971,4971,4971,4973,4973,1
4973,E1,shared,1,209,read,4971,4971,4971,4973,4973,1
4974,E1,shared,1,141,read,4972,4972,4972,4974,4974,1
4975,E0,shared,1,37,read,4973,4973,4973,4975,4975,1
4976,E0,shared,2,70,read,4974,4974,4974,4976,4976,1
4976,E1,shared,3,39,read,4974,4974,4974,4976,4976,1
4977,E0,shared,0,176,read,4975,4975,4975,4977,4977,1
4977,E1,shared,2,78,read,4975,4975,4975,4977,4977,1
4978,E0,shared,3,31,read,4976,4976,4976,4978,4978,1
4978,E1,shared,3,31,read,4976,4976,4976,4978,4978,1
4979,E0,shared,0,8,read,4977,4977,4977,4979,4979,1
4979,E1,shared,1,189,read,4977,4977,4977,4979,4979,1
4980,E0,shared,3,215,read,4978,4978,4978,4980,4980,1
4980,E1,shared,3,155,read,4978,4978,4978,4980,4980,1
4981,E0,shared,2,82,read,4979,4979,4979,4981,4981,1
4981,E1,shared,2,30,read,4979,4979,4979,4981,4981,1
4982,E0,shared,1,173,read,4980,4980,4980,4982,4982,1
4982,E1,shared,1,245,read,4980,4980,4980,4982,4982,1
4983,E0,shared,1,105,read,4981,4981,4981,4983,4983,1
4983,E1,shared,1,157,read,4981,4981,4981,4983,4983,1
4984,E0,shared,3,171,read,4982,4982,4982,4984,4984,1
4984,E1,shared,3,127,read,4982,4982,4982,4984,4984,1
4985,E0,shared,0,0,read,4983,4983,4983,4985,4985,1
4985,E1,shared,0,144,read,4983,4983,4983,4985,4985,1
4986,E0,shared,0,48,read,4984,4984,4984,4986,4986,1
4987,E1,shared,0,156,read,4985,4985,4985,4987,4987,1
4988,E0,shared,1,49,read,4986,4986,4986,4988,4988,1
4988,E1,shared,0,128,read,4986,4986,4986,4988,4988,1
4989,E0,shared,3,147,read,4987,4987,4987,4989,4989,1
4990,E0,shared,0,12,read,4988,4988,4988,4990,4990,1
4990,E1,shared,0,32,read,4988,4988,4988,4990,4990,1
4991,E0,shared,3,231,read,4989,4989,4989,4991,4991,1
4992,E0,shared,0,116,read,4990,4990,4990,4992,4992,1
4993,E0,shared,0,68,read,4991,4991,4991,4993,4993,1
4993,E1,shared,2,202,read,4991,4991,4991,4993,4993,1
4994,E0,shared,0,72,read,4992,4992,4992,4994,4994,1
4994,E1,shared,0,8,read,4992,4992,4992,4994,4994,1
4995,E0,shared,3,215,read,4993,4993,4993,4995,4995,1
4995,E1,shared,0,60,read,4993,4993,4993,4995,4995,1
4996,E0,shared,3,195,read,4994,4994,4994,4996,4996,1
4996,E1,shared,3,55,read,4994,4994,4994,4996,4996,1
4997,E0,shared,3,139,read,4995,4995,4995,4997,4997,1
4997,E1,shared,3,7,read,4995,4995,4995,4997,4997,1
4998,E0,shared,1,121,read,4996,4996,4996,4998,4998,1
4998,E1,shared,2,234,read,4996,4996,4996,4998,4998,1
4999,E0,shared,1,217,read,4997,4997,4997,4999,4999,1
4999,E1,shared,1,201,read,4997,4997,4997,4999,4999,1
5000,E0,shared,0,12,read,4998,4998,4998,5000,5000,1
5000,E1,shared,0,240,read,4998,4998,4998,5000,5000,1
5001,E0,shared,3,211,read,4999,4999,4999,5001,5001,1
5001,E1,shared,2,54,read,4999,4999,4999,5001,5001,1
5002,E1,shared,3,231,read,5000,5000,5000,5002,5002,1
5003,E0,shared,1,145,read,5001,5001,5001,5003,5003,1
5003,E1,shared,1,145,read,5001,5001,5001,5003,5003,1
5004,E0,shared,1,201,read,5002,5002,5002,5004,5004,1
5006,E1,shared,0,8,read,5004,5004,5004,5006,5006,1
5007,E0,shared,3,175,read,5005,5005,5005,5007,5007,1
5007,E1,shared,1,169,read,5005,5005,5005,5007,5007,1
5008,E0,shared,1,57,read,5006,5006,5006,5008,5008,1
5008,E1,shared,1,57,read,5006,5006,5006,5008,5008,1
5009,E0,shared,2,10,read,5007,5007,5007,5009,5009,1
5009,E1,shared,2,226,read,5007,5007,5007,5009,5009,1
