configuration,b,M,guard_bits,sample_seed,shot,syndrome_converged,logical_action_match,logically_correct,syndrome_valid_logical_error,non_convergence,float_logically_correct,iterations,float_iterations,relay_legs,float_relay_legs,selected_solution_weight,float_selected_solution_weight,prior_clipping,lambda_saturation,check_message_saturation,variable_message_saturation,marginal_saturation,accumulator_saturation,stored_operation_count,marginal_operation_count
balanced,14,16,4,20260809,0,1,1,1,0,0,1,37,23,1,1,318.1463945999453,328.6641794878916,0,0,0,4830196,816662,0,34039080,2506824
balanced,14,16,4,20260809,1,1,1,1,0,0,1,42,17,1,1,319.244503996015,298.31313780294295,0,0,0,2523460,451981,0,38629800,2845584
balanced,14,16,4,20260809,2,1,1,1,0,0,1,40,25,1,1,386.867476264577,388.67262118387396,0,0,0,1671363,315436,0,36793512,2710080
balanced,14,16,4,20260809,3,1,1,1,0,0,1,41,36,1,1,367.00421729754777,362.1952545164906,0,0,0,5568371,953157,0,37711656,2777832
balanced,14,16,4,20260809,4,1,1,1,0,0,1,17,15,1,1,410.41626611945526,319.89038709201327,0,0,0,0,0,0,15676200,1151784
balanced,14,16,4,20260809,5,1,1,1,0,0,1,53,16,1,1,263.4989090628512,274.69419033665883,0,0,0,2083125,403145,0,48729384,3590856
balanced,14,16,4,20260809,6,1,1,1,0,0,1,105,23,2,1,300.9012935576799,302.4205950937307,0,0,0,19660127,3258135,0,96472872,7113960
balanced,14,16,4,20260809,7,1,1,1,0,0,1,34,114,1,2,367.54835723090434,343.06178101531583,0,0,0,1518428,274463,0,31284648,2303568
balanced,14,16,4,20260809,8,1,1,1,0,0,1,28,56,1,1,353.32071911028163,359.70213395503305,0,0,0,62815,13238,0,25775784,1897056
balanced,14,16,4,20260809,9,1,1,1,0,0,1,236,334,4,6,378.3173077795402,342.90550571574124,0,0,0,18626519,3091758,0,216749736,15989472
balanced,14,16,4,20260809,10,1,1,1,0,0,1,23,39,1,1,338.3058737049273,351.1709519540915,0,0,0,9352,2418,0,21185064,1558296
balanced,14,16,4,20260809,11,1,1,1,0,0,1,121,21,2,1,380.8342795536672,361.91901569493524,0,0,0,18097494,3007783,0,111163176,8197992
balanced,14,16,4,20260809,12,1,1,1,0,0,1,42,52,1,1,390.6551592319578,385.6277491698546,0,0,0,2118915,382514,0,38629800,2845584
balanced,14,16,4,20260809,13,1,1,1,0,0,1,110,471,2,8,398.79693298877976,444.04929026291046,0,0,0,14080009,2367036,0,101063592,7452720
balanced,14,16,4,20260809,14,1,1,1,0,0,1,32,61,1,1,338.5979398863363,344.9932359701255,0,0,0,674628,131771,0,29448360,2168064
balanced,14,16,4,20260809,15,1,1,1,0,0,1,122,185,2,3,373.827506408031,392.8371303649066,0,0,0,16253272,2715641,0,112081320,8265744
balanced,14,16,4,20260809,16,1,1,1,0,0,1,108,34,2,1,405.912169111567,393.06636497611544,0,0,0,17659752,2936857,0,99227304,7317216
balanced,14,16,4,20260809,17,1,1,1,0,0,1,37,22,1,1,305.6760592640092,350.00538713651184,0,0,0,5175958,872917,0,34039080,2506824
balanced,14,16,4,20260809,18,1,1,1,0,0,1,234,22,4,1,470.8397686465337,453.84616372582457,0,0,0,18205795,3016987,0,214913448,15853968
balanced,14,16,4,20260809,19,1,1,1,0,0,1,27,25,1,1,381.1940697065229,387.839971311754,0,0,0,62242,13714,0,24857640,1829304
balanced,14,16,4,20260809,20,1,1,1,0,0,1,44,24,1,1,286.36505775018753,279.96045497823843,0,0,0,5580899,954637,0,40466088,2981088
balanced,14,16,4,20260809,21,1,1,1,0,0,1,14,14,1,1,273.57854771508386,273.57854771508386,0,0,0,0,0,0,12921768,948528
balanced,14,16,4,20260809,22,1,1,1,0,0,1,25,22,1,1,308.5124129581066,360.3091827740966,0,0,0,213813,45143,0,23021352,1693800
balanced,14,16,4,20260809,23,1,1,1,0,0,1,38,16,1,1,348.9287107278032,360.65008896626534,0,0,0,3289471,567989,0,34957224,2574576
balanced,14,16,4,20260809,24,1,1,1,0,0,1,29,19,1,1,311.34676067526306,299.5748059099719,0,0,0,679992,130394,0,26693928,1964808
balanced,14,16,4,20260809,25,1,1,1,0,0,1,27,22,1,1,233.46049367038287,231.49009693130174,0,0,0,286433,59876,0,24857640,1829304
balanced,14,16,4,20260809,26,1,1,1,0,0,1,27,27,1,1,287.54706712272224,298.1364026687779,0,0,0,21875,5508,0,24857640,1829304
balanced,14,16,4,20260809,27,1,1,1,0,0,1,19,38,1,1,282.4251143019695,279.68360395475577,0,0,0,408,146,0,17512488,1287288
balanced,14,16,4,20260809,28,1,1,1,0,0,1,123,249,2,4,352.7661824040307,332.2408439188472,0,0,0,19164008,3173865,0,112999464,8333496
balanced,14,16,4,20260809,29,1,1,1,0,0,1,29,43,1,1,342.08492718851875,385.2152367537198,0,0,0,837420,161009,0,26693928,1964808
balanced,14,16,4,20260809,30,1,1,1,0,0,1,17,33,1,1,332.7156967748629,325.8828210696963,0,0,0,0,0,0,15676200,1151784
balanced,14,16,4,20260809,31,1,1,1,0,0,1,26,20,1,1,282.4417930129109,285.52694858161897,0,0,0,978215,181219,0,23939496,1761552
balanced,14,16,4,20260809,32,1,1,1,0,0,1,23,28,1,1,353.87693487265017,340.4050680907237,0,0,0,377280,75898,0,21185064,1558296
balanced,14,16,4,20260809,33,1,1,1,0,0,1,17,18,1,1,351.2539752513059,346.02187035022496,0,0,0,0,0,0,15676200,1151784
balanced,14,16,4,20260809,34,1,1,1,0,0,1,218,226,4,4,353.1610338875759,385.6033038513326,0,0,0,18983861,3144983,0,200223144,14769936
balanced,14,16,4,20260809,35,1,1,1,0,0,1,45,52,1,1,441.364641160651,407.4045599519107,0,0,0,5174696,876300,0,41384232,3048840
balanced,14,16,4,20260809,36,1,1,1,0,0,1,44,25,1,1,385.2338679066979,396.351264363206,0,0,0,3003791,520997,0,40466088,2981088
balanced,14,16,4,20260809,37,0,1,0,0,1,0,980,980,16,16,,,0,0,0,14941544,2499945,0,899848872,66396960
balanced,14,16,4,20260809,38,1,1,1,0,0,1,258,37,4,1,422.40202735656385,391.12588992694896,0,0,0,16718395,2789292,0,236948904,17480016
balanced,14,16,4,20260809,39,1,1,1,0,0,1,25,37,1,1,343.76950382381267,360.0953822279208,0,0,0,1948,509,0,23021352,1693800
balanced,14,16,4,20260809,40,1,1,1,0,0,1,16,33,1,1,280.6114019145944,293.50734883469914,0,0,0,0,0,0,14758056,1084032
balanced,14,16,4,20260809,41,1,1,1,0,0,1,18,18,1,1,293.7052144960676,226.82538599575787,0,0,0,9,14,0,16594344,1219536
balanced,14,16,4,20260809,42,1,1,1,0,0,1,47,25,1,1,328.7853623556117,328.3955906081728,0,0,0,4128215,722796,0,43220520,3184344
balanced,14,16,4,20260809,43,1,1,1,0,0,1,29,21,1,1,327.8708032616791,343.36213996198785,0,0,0,1649857,294603,0,26693928,1964808
balanced,14,16,4,20260809,44,1,1,1,0,0,1,32,18,1,1,415.53792045987825,396.4687337538469,0,0,0,1466269,268945,0,29448360,2168064
balanced,14,16,4,20260809,45,1,1,1,0,0,1,21,26,1,1,260.790073795145,247.19065710579184,0,0,0,3096,780,0,19348776,1422792
balanced,14,16,4,20260809,46,1,1,1,0,0,1,110,25,2,1,433.4422018792269,399.623139095343,0,0,0,17089744,2831278,0,101063592,7452720
balanced,14,16,4,20260809,47,1,1,1,0,0,1,137,22,2,1,321.2874231281608,300.8377827556977,0,0,0,16975964,2827184,0,125853480,9282024
balanced,14,16,4,20260809,48,1,1,1,0,0,1,31,27,1,1,411.17963838383093,391.10301773934555,0,0,0,240737,52214,0,28530216,2100312
balanced,14,16,4,20260809,49,1,1,1,0,0,1,29,25,1,1,383.9185769363319,379.82016155951317,0,0,0,2289,643,0,26693928,1964808
balanced,14,16,4,20260809,50,1,1,1,0,0,1,30,31,1,1,317.9132485500227,313.24746694633507,0,0,0,494186,96277,0,27612072,2032560
balanced,14,16,4,20260809,51,1,1,1,0,0,1,30,17,1,1,263.7509668181009,272.420109038991,0,0,0,1718471,306728,0,27612072,2032560
balanced,14,16,4,20260809,52,1,1,1,0,0,1,41,44,1,1,296.2232499367866,258.6872963628482,0,0,0,6400021,1075962,0,37711656,2777832
balanced,14,16,4,20260809,53,1,1,1,0,0,1,48,80,1,1,340.8877484362215,353.6181848264015,0,0,0,2202276,423756,0,44138664,3252096
balanced,14,16,4,20260809,54,1,1,1,0,0,1,30,46,1,1,388.574463848896,385.9629727434567,0,0,0,705533,130700,0,27612072,2032560
balanced,14,16,4,20260809,55,1,1,1,0,0,1,36,25,1,1,391.83426521971865,405.4659368855956,0,0,0,3418611,589400,0,33120936,2439072
balanced,14,16,4,20260809,56,1,1,1,0,0,1,29,184,1,3,330.546580202735,348.3060198881217,0,0,0,1531344,277224,0,26693928,1964808
balanced,14,16,4,20260809,57,1,1,1,0,0,1,17,19,1,1,319.78759681830473,335.1588456344334,0,0,0,0,0,0,15676200,1151784
balanced,14,16,4,20260809,58,1,1,1,0,0,1,28,16,1,1,317.1992605606455,303.81979552907956,0,0,0,1424057,257105,0,25775784,1897056
balanced,14,16,4,20260809,59,1,1,1,0,0,1,44,45,1,1,442.29743084299844,452.26105662239297,0,0,0,2345843,429130,0,40466088,2981088
balanced,14,16,4,20260809,60,1,1,1,0,0,1,182,30,3,1,311.8730303476734,331.04892371412643,0,0,0,19562579,3243720,0,167169960,12330864
balanced,14,16,4,20260809,61,1,1,1,0,0,1,288,247,5,4,422.65483980004853,419.521480659494,0,0,0,9657498,1657985,0,264493224,19512576
balanced,14,16,4,20260809,62,1,1,1,0,0,1,35,28,1,1,375.23815819477284,414.8972389588573,0,0,0,1252346,226872,0,32202792,2371320
balanced,14,16,4,20260809,63,1,1,1,0,0,1,110,37,2,1,400.39808772109376,385.642096417405,0,0,0,8934881,1586077,0,101063592,7452720
balanced,14,16,4,20260809,64,1,1,1,0,0,1,21,23,1,1,292.47487136357347,278.7770616951118,0,0,0,2570,705,0,19348776,1422792
balanced,14,16,4,20260809,65,1,1,1,0,0,1,15,31,1,1,285.58125895758644,298.46332625844525,0,0,0,0,0,0,13839912,1016280
balanced,14,16,4,20260809,66,1,1,1,0,0,1,33,22,1,1,306.2017227738768,310.05971627856,0,0,0,2328224,411551,0,30366504,2235816
balanced,14,16,4,20260809,67,1,1,1,0,0,1,35,31,1,1,430.6190126023324,428.84117822222026,0,0,0,2612239,458632,0,32202792,2371320
balanced,14,16,4,20260809,68,1,1,1,0,0,1,24,20,1,1,285.73332162990243,290.45936733726637,0,0,0,282045,57473,0,22103208,1626048
balanced,14,16,4,20260809,69,1,1,1,0,0,1,36,35,1,1,371.4201925964611,355.31448491275955,0,0,0,2365134,416973,0,33120936,2439072
balanced,14,16,4,20260809,70,1,1,1,0,0,1,40,32,1,1,307.2022832024958,324.2738142332343,0,0,0,1333985,256686,0,36793512,2710080
balanced,14,16,4,20260809,71,1,1,1,0,0,1,24,19,1,1,228.5749587491972,253.9745954435926,0,0,0,404639,80036,0,22103208,1626048
balanced,14,16,4,20260809,72,1,1,1,0,0,1,22,30,1,1,370.64213244020436,345.2601536845826,0,0,0,22,11,0,20266920,1490544
balanced,14,16,4,20260809,73,1,1,1,0,0,1,40,16,1,1,271.09474733407797,272.94166483059627,0,0,0,2964975,518539,0,36793512,2710080
balanced,14,16,4,20260809,74,1,1,1,0,0,1,42,30,1,1,438.8387048398205,393.94997139003056,0,0,0,1075923,206008,0,38629800,2845584
balanced,14,16,4,20260809,75,1,1,1,0,0,1,97,104,2,2,384.38370623794793,379.9423287006333,0,0,0,18668063,3093989,0,89127720,6571944
balanced,14,16,4,20260809,76,1,1,1,0,0,1,29,30,1,1,386.6004632550951,386.90030226549425,0,0,0,69853,15129,0,26693928,1964808
balanced,14,16,4,20260809,77,1,1,1,0,0,1,39,27,1,1,341.35240873970747,335.72277966329,0,0,0,4216419,721364,0,35875368,2642328
balanced,14,16,4,20260809,78,1,1,1,0,0,1,113,120,2,2,304.8689884630296,334.84901268840355,0,0,0,20622495,3415515,0,103818024,7655976
balanced,14,16,4,20260809,79,1,1,1,0,0,1,47,16,1,1,303.32468129049903,273.0699800584164,0,0,0,8027466,1343087,0,43220520,3184344
balanced,14,16,4,20260809,80,1,1,1,0,0,1,20,29,1,1,384.1977355660755,390.7174692338731,0,0,0,36,36,0,18430632,1355040
balanced,14,16,4,20260809,81,1,1,1,0,0,1,28,20,1,1,378.978317567707,363.0386420998793,0,0,0,272278,56632,0,25775784,1897056
balanced,14,16,4,20260809,82,1,1,1,0,0,1,35,30,1,1,314.07108307873284,303.2887316188873,0,0,0,1624069,305201,0,32202792,2371320
balanced,14,16,4,20260809,83,1,1,1,0,0,1,22,34,1,1,404.13317694081593,363.06592510765,0,0,0,719,195,0,20266920,1490544
balanced,14,16,4,20260809,84,1,1,1,0,0,1,46,27,1,1,415.59369971343506,357.15246147857147,0,0,0,4886468,838187,0,42302376,3116592
balanced,14,16,4,20260809,85,1,1,1,0,0,1,19,29,1,1,214.33441560825503,257.4272679986892,0,0,0,3504,882,0,17512488,1287288
balanced,14,16,4,20260809,86,1,1,1,0,0,1,35,50,1,1,315.43982862278983,338.1824667100422,0,0,0,3508115,607730,0,32202792,2371320
balanced,14,16,4,20260809,87,1,1,1,0,0,1,37,162,1,3,303.125243753404,322.8378844463758,0,0,0,2471122,434735,0,34039080,2506824
balanced,14,16,4,20260809,88,1,1,1,0,0,1,28,42,1,1,340.3919498461496,377.6572523052703,0,0,0,1316854,238864,0,25775784,1897056
balanced,14,16,4,20260809,89,1,1,1,0,0,1,99,32,2,1,362.8654569377215,366.4414296001787,0,0,0,18662187,3098497,0,90964008,6707448
balanced,14,16,4,20260809,90,1,1,1,0,0,1,21,16,1,1,304.36271079121286,311.677600028673,0,0,0,10630,2294,0,19348776,1422792
balanced,14,16,4,20260809,91,1,1,1,0,0,1,234,524,4,9,531.3734537103442,507.0068833867473,0,0,0,15540908,2600853,0,214913448,15853968
balanced,14,16,4,20260809,92,1,1,1,0,0,1,41,26,1,1,322.7155043235801,343.5577990850549,0,0,0,2458488,447036,0,37711656,2777832
balanced,14,16,4,20260809,93,1,1,1,0,0,1,21,31,1,1,330.4522182724087,300.4789985779083,0,0,0,5830,1380,0,19348776,1422792
balanced,14,16,4,20260809,94,1,1,1,0,0,1,31,33,1,1,344.76009683693974,362.5856886511678,0,0,0,747127,145016,0,28530216,2100312
balanced,14,16,4,20260809,95,1,1,1,0,0,1,17,18,1,1,348.3839892393951,339.04132144161815,0,0,0,0,0,0,15676200,1151784
balanced,14,16,4,20260809,96,1,1,1,0,0,1,162,16,3,1,305.1140708489718,300.6408532896441,0,0,0,19789621,3280414,0,148807080,10975824
balanced,14,16,4,20260809,97,1,1,1,0,0,1,33,345,1,6,466.1886615022887,417.980230749307,0,0,0,2193331,392589,0,30366504,2235816
balanced,14,16,4,20260809,98,1,1,1,0,0,1,22,25,1,1,327.33594158445766,326.960255386557,0,0,0,39937,8444,0,20266920,1490544
balanced,14,16,4,20260809,99,1,1,1,0,0,1,25,44,1,1,355.7805720157923,326.94040353973685,0,0,0,2,3,0,23021352,1693800
balanced,14,16,4,20260809,100,1,1,1,0,0,1,35,161,1,3,376.2285641786908,399.8671233225304,0,0,0,1278315,242562,0,32202792,2371320
balanced,14,16,4,20260809,101,1,1,1,0,0,1,168,18,3,1,358.06632039672434,309.140936455733,0,0,0,19025233,3165864,0,154315944,11382336
balanced,14,16,4,20260809,102,1,1,1,0,0,1,26,113,1,2,272.6439639243604,251.44306191146518,0,0,0,1718155,309595,0,23939496,1761552
balanced,14,16,4,20260809,103,1,1,1,0,0,1,106,54,2,1,407.4040634136925,410.70648991171845,0,0,0,18697013,3099262,0,97391016,7181712
balanced,14,16,4,20260809,104,1,1,1,0,0,1,25,18,1,1,290.83895956349977,295.380544476776,0,0,0,37221,8478,0,23021352,1693800
balanced,14,16,4,20260809,105,1,1,1,0,0,1,31,58,1,1,422.2582574949289,391.04841419798083,0,0,0,852254,160201,0,28530216,2100312
balanced,14,16,4,20260809,106,1,1,1,0,0,1,32,35,1,1,308.1091799185616,302.2556580886102,0,0,0,1145212,217811,0,29448360,2168064
balanced,14,16,4,20260809,107,1,1,1,0,0,1,55,133,1,2,296.3432288872443,356.0995573300848,0,0,0,8220201,1391298,0,50565672,3726360
balanced,14,16,4,20260809,108,1,1,1,0,0,1,18,228,1,4,357.0339576978198,366.3840904689731,0,0,0,0,0,0,16594344,1219536
balanced,14,16,4,20260809,109,1,1,1,0,0,1,38,34,1,1,368.5845542802915,379.0741094134602,0,0,0,1153723,209044,0,34957224,2574576
balanced,14,16,4,20260809,110,1,1,1,0,0,1,37,49,1,1,441.6374304536615,413.1985613690827,0,0,0,70109,18032,0,34039080,2506824
balanced,14,16,4,20260809,111,1,1,1,0,0,1,37,54,1,1,398.0083123076955,404.2715570445873,0,0,0,540670,110938,0,34039080,2506824
balanced,14,16,4,20260809,112,1,1,1,0,0,1,28,48,1,1,330.3181042673114,329.8719165750861,0,0,0,522548,102608,0,25775784,1897056
balanced,14,16,4,20260809,113,1,1,1,0,0,1,41,26,1,1,280.98431817549726,276.2851926126827,0,0,0,2896374,532549,0,37711656,2777832
balanced,14,16,4,20260809,114,1,1,1,0,0,1,651,20,11,1,356.1389374440263,349.97869022261057,0,0,0,19066723,3161515,0,597779496,44106552
balanced,14,16,4,20260809,115,1,1,1,0,0,1,30,19,1,1,280.29823150691584,261.4680266731877,0,0,0,137501,29848,0,27612072,2032560
balanced,14,16,4,20260809,116,1,1,1,0,0,1,25,34,1,1,323.21488746233183,334.35677903390723,0,0,0,540496,106667,0,23021352,1693800
balanced,14,16,4,20260809,117,1,1,1,0,0,1,101,120,2,2,389.6427468688375,419.127855815928,0,0,0,18512214,3078846,0,92800296,6842952
balanced,14,16,4,20260809,118,1,1,1,0,0,1,24,18,1,1,347.4686720716745,344.0011686597601,0,0,0,16138,3637,0,22103208,1626048
balanced,14,16,4,20260809,119,1,1,1,0,0,1,22,28,1,1,291.67056369975626,293.7021099222694,0,0,0,56979,11954,0,20266920,1490544
balanced,14,16,4,20260809,120,1,1,1,0,0,1,56,20,1,1,292.9333712977218,285.0630681786598,0,0,0,10383861,1754075,0,51483816,3794112
balanced,14,16,4,20260809,121,1,1,1,0,0,1,32,29,1,1,442.7166953769953,463.4497246426643,0,0,0,539647,108846,0,29448360,2168064
balanced,14,16,4,20260809,122,1,1,1,0,0,1,48,33,1,1,337.08276075473293,323.65360269006106,0,0,0,8524916,1425300,0,44138664,3252096
balanced,14,16,4,20260809,123,1,1,1,0,0,1,18,29,1,1,365.0605178432185,403.87720113420835,0,0,0,0,0,0,16594344,1219536
balanced,14,16,4,20260809,124,1,1,1,0,0,1,53,440,1,7,328.94615599261283,350.3179562433677,0,0,0,10102725,1690928,0,48729384,3590856
balanced,14,16,4,20260809,125,1,1,1,0,0,1,37,61,1,1,358.01359672029184,354.7803852639372,0,0,0,3760817,644205,0,34039080,2506824
balanced,14,16,4,20260809,126,1,1,1,0,0,1,30,25,1,1,408.04438006846533,354.90696138202713,0,0,0,431145,87166,0,27612072,2032560
balanced,14,16,4,20260809,127,1,1,1,0,0,1,30,38,1,1,368.04427371581585,369.43141632645563,0,0,0,502229,96203,0,27612072,2032560
balanced,14,16,4,20260810,0,1,1,1,0,0,1,34,50,1,1,500.9250440338453,502.49721104526446,0,0,0,661376,130544,0,31284648,2303568
balanced,14,16,4,20260810,1,1,1,1,0,0,1,15,50,1,1,315.2086960472403,319.08627542985323,0,0,0,0,0,0,13839912,1016280
balanced,14,16,4,20260810,2,1,1,1,0,0,1,27,34,1,1,328.4555325767011,333.84935737985114,0,0,0,1073172,200449,0,24857640,1829304
balanced,14,16,4,20260810,3,1,1,1,0,0,1,225,63,4,1,349.8893989122661,348.1625220704026,0,0,0,19673476,3258895,0,206650152,15244200
balanced,14,16,4,20260810,4,1,1,1,0,0,1,125,109,2,2,361.39156030550595,367.39040561063484,0,0,0,16709343,2784173,0,114835752,8469000
balanced,14,16,4,20260810,5,1,1,1,0,0,1,33,26,1,1,376.6419291294545,381.153274841904,0,0,0,2437883,427529,0,30366504,2235816
balanced,14,16,4,20260810,6,1,1,1,0,0,1,24,33,1,1,323.41076255152734,322.41231137976,0,0,0,544852,105477,0,22103208,1626048
balanced,14,16,4,20260810,7,1,1,1,0,0,1,26,117,1,2,300.77962120470977,339.54945456192297,0,0,0,727124,138364,0,23939496,1761552
balanced,14,16,4,20260810,8,1,1,1,0,0,1,47,41,1,1,395.78526449464493,403.7327931923545,0,0,0,958204,186516,0,43220520,3184344
balanced,14,16,4,20260810,9,1,1,1,0,0,1,188,178,3,3,408.40304374569945,413.17602964338323,0,0,0,17487173,2917303,0,172678824,12737376
balanced,14,16,4,20260810,10,1,1,1,0,0,1,29,21,1,1,391.1208559091043,390.5269860841997,0,0,0,92702,20201,0,26693928,1964808
balanced,14,16,4,20260810,11,1,1,1,0,0,1,19,44,1,1,322.48308138886375,328.14111163253386,0,0,0,0,0,0,17512488,1287288
balanced,14,16,4,20260810,12,1,1,1,0,0,1,26,23,1,1,363.29005184646144,309.88896537221774,0,0,0,1546350,276822,0,23939496,1761552
balanced,14,16,4,20260810,13,1,1,1,0,0,1,34,28,1,1,309.2197442624654,308.7297321968356,0,0,0,2709708,472603,0,31284648,2303568
balanced,14,16,4,20260810,14,1,1,1,0,0,1,184,21,3,1,325.42996143523544,292.0137652710964,0,0,0,20095970,3331098,0,169006248,12466368
balanced,14,16,4,20260810,15,1,1,1,0,0,1,16,40,1,1,273.29692897709754,339.24973309515616,0,0,0,0,0,0,14758056,1084032
balanced,14,16,4,20260810,16,1,1,1,0,0,1,29,24,1,1,271.83376783809126,270.0420088370274,0,0,0,165458,36047,0,26693928,1964808
balanced,14,16,4,20260810,17,1,1,1,0,0,1,26,13,1,1,393.2434727162663,381.6427260802042,0,0,0,39595,9183,0,23939496,1761552
balanced,14,16,4,20260810,18,1,1,1,0,0,1,54,18,1,1,306.332404546578,299.6085724802879,0,0,0,9427769,1575904,0,49647528,3658608
balanced,14,16,4,20260810,19,1,1,1,0,0,1,29,36,1,1,377.47886895757136,368.8315699259588,0,0,0,164796,34726,0,26693928,1964808
balanced,14,16,4,20260810,20,1,1,1,0,0,1,16,35,1,1,307.02095243760357,323.12511019006047,0,0,0,0,0,0,14758056,1084032
balanced,14,16,4,20260810,21,1,1,1,0,0,1,133,30,2,1,325.29759283719704,296.4717643378872,0,0,0,20292516,3359916,0,122180904,9011016
balanced,14,16,4,20260810,22,1,1,1,0,0,1,26,33,1,1,258.8488401344117,273.4804678591191,0,0,0,732339,142098,0,23939496,1761552
balanced,14,16,4,20260810,23,1,1,1,0,0,1,134,28,2,1,404.052726536491,351.1825132953932,0,0,0,17288379,2880766,0,123099048,9078768
balanced,14,16,4,20260810,24,1,1,1,0,0,1,28,26,1,1,341.5640614914419,349.4407365165133,0,0,0,171458,37356,0,25775784,1897056
balanced,14,16,4,20260810,25,1,1,1,0,0,1,29,45,1,1,339.0157676881215,407.60111912158175,0,0,0,366186,72074,0,26693928,1964808
balanced,14,16,4,20260810,26,1,1,1,0,0,1,181,66,3,1,510.01727401808824,455.28849804885164,0,0,0,14018043,2362748,0,166251816,12263112
balanced,14,16,4,20260810,27,1,1,1,0,0,1,44,25,1,1,366.1912450757294,382.17007459500917,0,0,0,2226035,395541,0,40466088,2981088
balanced,14,16,4,20260810,28,1,1,1,0,0,1,16,15,1,1,397.2290254529588,398.52242230150136,0,0,0,0,0,0,14758056,1084032
balanced,14,16,4,20260810,29,1,1,1,0,0,1,241,126,4,2,343.582876495453,337.72514575306855,0,0,0,14950154,2502125,0,221340456,16328232
balanced,14,16,4,20260810,30,1,1,1,0,0,1,32,21,1,1,263.3198737606095,248.57562665168305,0,0,0,2447131,448456,0,29448360,2168064
balanced,14,16,4,20260810,31,1,1,1,0,0,1,20,69,1,1,336.5171363064717,322.96210429496466,0,0,0,154,86,0,18430632,1355040
balanced,14,16,4,20260810,32,1,1,1,0,0,1,52,16,1,1,353.5959157507848,388.1751902535789,0,0,0,8646548,1456883,0,47811240,3523104
balanced,14,16,4,20260810,33,1,1,1,0,0,1,117,47,2,1,364.6241650682414,439.3346654948589,0,0,0,14227278,2379563,0,107490600,7926984
balanced,14,16,4,20260810,34,1,1,1,0,0,1,28,20,1,1,413.55825711524534,402.1761809856231,0,0,0,3135,823,0,25775784,1897056
balanced,14,16,4,20260810,35,1,1,1,0,0,1,20,36,1,1,263.591571947936,263.76366473461053,0,0,0,19509,4166,0,18430632,1355040
balanced,14,16,4,20260810,36,1,1,1,0,0,1,38,37,1,1,252.3353940488227,247.66362282152159,0,0,0,5482532,925551,0,34957224,2574576
balanced,14,16,4,20260810,37,1,1,1,0,0,1,23,21,1,1,257.9066197750411,273.0842234902355,0,0,0,711016,135671,0,21185064,1558296
balanced,14,16,4,20260810,38,1,1,1,0,0,1,21,16,1,1,224.96356980016563,232.0928665866565,0,0,0,24211,5903,0,19348776,1422792
balanced,14,16,4,20260810,39,1,1,1,0,0,1,26,23,1,1,301.2387626345279,311.1790682404327,0,0,0,886140,165270,0,23939496,1761552
balanced,14,16,4,20260810,40,1,1,1,0,0,1,34,33,1,1,316.1874079489505,339.1082961229702,0,0,0,1083955,203320,0,31284648,2303568
balanced,14,16,4,20260810,41,1,1,1,0,0,1,49,20,1,1,425.2630744084266,432.7248528330902,0,0,0,5214779,892933,0,45056808,3319848
balanced,14,16,4,20260810,42,1,1,1,0,0,1,34,18,1,1,328.27332835472896,313.7804428261875,0,0,0,2828676,494993,0,31284648,2303568
balanced,14,16,4,20260810,43,1,1,1,0,0,1,17,14,1,1,260.6769847589577,273.66490937024776,0,0,0,0,0,0,15676200,1151784
balanced,14,16,4,20260810,44,1,1,1,0,0,1,46,22,1,1,280.26303832828273,260.17455082985055,0,0,0,6167764,1068962,0,42302376,3116592
balanced,14,16,4,20260810,45,1,1,1,0,0,1,709,430,12,7,353.40263553862997,360.88183333398666,0,0,0,19233118,3188449,0,651031848,48036168
balanced,14,16,4,20260810,46,1,1,1,0,0,1,23,18,1,1,355.3890245257553,366.97673023523055,0,0,0,100513,21440,0,21185064,1558296
balanced,14,16,4,20260810,47,1,1,1,0,0,1,24,22,1,1,361.7735430036529,342.8523414560916,0,0,0,1862,535,0,22103208,1626048
balanced,14,16,4,20260810,48,1,1,1,0,0,1,50,129,1,2,369.7434741433471,395.49588217723164,0,0,0,703813,144379,0,45974952,3387600
balanced,14,16,4,20260810,49,1,1,1,0,0,1,35,31,1,1,455.36623456258314,470.7772840558175,0,0,0,55387,13630,0,32202792,2371320
balanced,14,16,4,20260810,50,1,1,1,0,0,1,221,308,4,5,402.58922677817964,452.88876445072606,0,0,0,13254322,2231640,0,202977576,14973192
balanced,14,16,4,20260810,51,1,1,1,0,0,1,50,364,1,6,326.3486988815714,304.1668453408929,0,0,0,3846848,672215,0,45974952,3387600
balanced,14,16,4,20260810,52,1,1,1,0,0,1,31,36,1,1,294.4148628524576,292.7506541601039,0,0,0,3577963,610448,0,28530216,2100312
balanced,14,16,4,20260810,53,1,1,1,0,0,1,21,37,1,1,266.85435224448014,326.72724854792114,0,0,0,0,0,0,19348776,1422792
balanced,14,16,4,20260810,54,1,1,1,0,0,1,27,28,1,1,336.15383539168187,324.24686502327734,0,0,0,1203900,220010,0,24857640,1829304
balanced,14,16,4,20260810,55,1,1,1,0,0,1,176,110,3,2,365.154958967362,345.0508594501022,0,0,0,18784716,3117751,0,161661096,11924352
balanced,14,16,4,20260810,56,1,1,1,0,0,1,24,11,1,1,320.02366905946644,329.64955882880326,0,0,0,63753,13063,0,22103208,1626048
balanced,14,16,4,20260810,57,1,1,1,0,0,1,60,29,1,1,309.0152333501335,314.855744819478,0,0,0,12651549,2108871,0,55156392,4065120
balanced,14,16,4,20260810,58,1,1,1,0,0,1,20,619,1,10,385.31600568204044,393.87377888446616,0,0,0,0,0,0,18430632,1355040
balanced,14,16,4,20260810,59,1,1,1,0,0,1,46,19,1,1,334.2643550746262,335.1119373839855,0,0,0,7587232,1272583,0,42302376,3116592
balanced,14,16,4,20260810,60,1,1,1,0,0,1,602,367,10,6,380.58410231608855,381.01843214094004,0,0,0,18094035,3002287,0,552790440,40786704
balanced,14,16,4,20260810,61,1,1,1,0,0,1,71,51,1,1,388.33561833112265,384.1582002591374,0,0,0,11697078,1997469,0,65255976,4810392
balanced,14,16,4,20260810,62,1,1,1,0,0,1,16,17,1,1,348.47225157148796,357.1627484002779,0,0,0,0,0,0,14758056,1084032
balanced,14,16,4,20260810,63,1,1,1,0,0,1,26,34,1,1,308.08282826675793,308.7777434379728,0,0,0,10708,2914,0,23939496,1761552
balanced,14,16,4,20260810,64,1,1,1,0,0,1,24,34,1,1,360.25674046849434,358.35719165376827,0,0,0,13792,3138,0,22103208,1626048
balanced,14,16,4,20260810,65,1,1,1,0,0,1,38,47,1,1,358.24620495855527,363.0432324967421,0,0,0,1066903,202879,0,34957224,2574576
balanced,14,16,4,20260810,66,1,1,1,0,0,1,33,31,1,1,323.9085646565777,307.32101096042214,0,0,0,885182,164816,0,30366504,2235816
balanced,14,16,4,20260810,67,1,1,1,0,0,1,42,27,1,1,365.2330985982811,384.68736673372445,0,0,0,3386425,600203,0,38629800,2845584
balanced,14,16,4,20260810,68,1,1,1,0,0,1,104,162,2,3,363.1472502295487,355.9352543997918,0,0,0,20117376,3329349,0,95554728,7046208
balanced,14,16,4,20260810,69,1,1,1,0,0,1,46,113,1,2,358.07143443272355,375.8819997757764,0,0,0,4695385,803645,0,42302376,3116592
balanced,14,16,4,20260810,70,1,1,1,0,0,1,24,25,1,1,467.05467331496743,433.5208307549157,0,0,0,57443,12127,0,22103208,1626048
balanced,14,16,4,20260810,71,1,1,1,0,0,1,31,31,1,1,338.15441722790655,336.7533139896732,0,0,0,1453861,271358,0,28530216,2100312
balanced,14,16,4,20260810,72,1,1,1,0,0,1,71,43,1,1,364.3657510846558,310.2234092341623,0,0,0,15020327,2509484,0,65255976,4810392
balanced,14,16,4,20260810,73,1,1,1,0,0,1,29,102,1,2,380.0812305840373,353.6692118498463,0,0,0,4531,1093,0,26693928,1964808
balanced,14,16,4,20260810,74,1,1,1,0,0,1,26,43,1,1,403.70153976537256,401.2858387074041,0,0,0,37399,9300,0,23939496,1761552
balanced,14,16,4,20260810,75,1,1,1,0,0,1,33,50,1,1,338.1886219579162,324.13404739487135,0,0,0,822494,161817,0,30366504,2235816
balanced,14,16,4,20260810,76,1,1,1,0,0,1,25,23,1,1,399.7949975583371,391.9725536314147,0,0,0,74896,16476,0,23021352,1693800
balanced,14,16,4,20260810,77,1,1,1,0,0,1,35,23,1,1,419.2525612318509,393.7124496750945,0,0,0,1241899,236387,0,32202792,2371320
balanced,14,16,4,20260810,78,1,1,1,0,0,1,233,116,4,2,413.9407266240544,374.80335415336606,0,0,0,17977285,2990218,0,213995304,15786216
balanced,14,16,4,20260810,79,1,1,1,0,0,1,37,317,1,5,459.9063230176823,467.3834863630699,0,0,0,2728089,475614,0,34039080,2506824
balanced,14,16,4,20260810,80,1,0,0,1,0,1,41,186,1,3,457.5687963884229,468.7299889820115,0,0,0,932036,175481,0,37711656,2777832
balanced,14,16,4,20260810,81,1,1,1,0,0,1,48,57,1,1,365.85703506893947,380.6844122033713,0,0,0,7080591,1200106,0,44138664,3252096
balanced,14,16,4,20260810,82,1,1,1,0,0,1,33,42,1,1,397.3672987807833,386.27129450147584,0,0,0,1127811,214146,0,30366504,2235816
balanced,14,16,4,20260810,83,1,1,1,0,0,1,28,25,1,1,324.3564036980701,334.8051483298557,0,0,0,322448,67058,0,25775784,1897056
balanced,14,16,4,20260810,84,1,1,1,0,0,1,28,44,1,1,360.41048031361333,375.9310045884768,0,0,0,10016,2552,0,25775784,1897056
balanced,14,16,4,20260810,85,1,1,1,0,0,1,25,23,1,1,318.8930084157718,317.8474096116789,0,0,0,760,262,0,23021352,1693800
balanced,14,16,4,20260810,86,1,1,1,0,0,1,25,54,1,1,355.0727547005422,372.93033090595804,0,0,0,26381,5709,0,23021352,1693800
balanced,14,16,4,20260810,87,1,1,1,0,0,1,38,42,1,1,368.165161183587,361.0139855623321,0,0,0,1646231,296973,0,34957224,2574576
balanced,14,16,4,20260810,88,1,1,1,0,0,1,37,25,1,1,275.88258134632684,275.7587636331284,0,0,0,3071747,530509,0,34039080,2506824
balanced,14,16,4,20260810,89,1,1,1,0,0,1,26,21,1,1,350.59060661285326,337.70771190579063,0,0,0,160213,33404,0,23939496,1761552
balanced,14,16,4,20260810,90,1,1,1,0,0,1,34,26,1,1,357.0661045447322,378.4694595345113,0,0,0,1598699,302538,0,31284648,2303568
balanced,14,16,4,20260810,91,1,1,1,0,0,1,259,618,4,10,399.55826517913283,378.9988369839565,0,0,0,19136786,3179748,0,237867048,17547768
balanced,14,16,4,20260810,92,1,1,1,0,0,1,34,17,1,1,351.200438083204,357.7294501982791,0,0,0,968157,186574,0,31284648,2303568
balanced,14,16,4,20260810,93,1,1,1,0,0,1,34,26,1,1,338.55158970915016,355.6940944962528,0,0,0,2650302,464400,0,31284648,2303568
balanced,14,16,4,20260810,94,1,1,1,0,0,1,36,47,1,1,370.02951223973685,383.5899170816034,0,0,0,3214327,554629,0,33120936,2439072
balanced,14,16,4,20260810,95,1,1,1,0,0,1,20,54,1,1,318.67305876420704,334.50434369585696,0,0,0,4,4,0,18430632,1355040
balanced,14,16,4,20260810,96,1,1,1,0,0,1,219,23,4,1,343.3430540548312,340.5832031091288,0,0,0,17651509,2935369,0,201141288,14837688
balanced,14,16,4,20260810,97,1,1,1,0,0,1,26,40,1,1,331.09517688974597,334.7190444299579,0,0,0,822406,159024,0,23939496,1761552
balanced,14,16,4,20260810,98,1,1,1,0,0,1,20,33,1,1,340.9275362383744,457.0496719417851,0,0,0,0,0,0,18430632,1355040
balanced,14,16,4,20260810,99,1,1,1,0,0,1,73,39,1,1,407.50021345925813,372.04870729193954,0,0,0,16135488,2677260,0,67092264,4945896
balanced,14,16,4,20260810,100,1,1,1,0,0,1,34,18,1,1,412.13187278808306,365.2936732462871,0,0,0,1367290,252427,0,31284648,2303568
balanced,14,16,4,20260810,101,1,1,1,0,0,1,58,238,1,4,440.80917790851413,454.4985935865019,0,0,0,10446894,1746049,0,53320104,3929616
balanced,14,16,4,20260810,102,1,1,1,0,0,1,175,23,3,1,343.779643548883,335.99578813258216,0,0,0,18677104,3098699,0,160742952,11856600
balanced,14,16,4,20260810,103,1,1,1,0,0,1,23,37,1,1,431.1074228274101,396.3706190417895,0,0,0,1298,349,0,21185064,1558296
balanced,14,16,4,20260810,104,1,1,1,0,0,1,32,62,1,1,314.05782676933114,316.18319336089365,0,0,0,876517,168558,0,29448360,2168064
balanced,14,16,4,20260810,105,1,1,1,0,0,1,40,122,1,2,355.0078967322838,335.46372952776915,0,0,0,5085655,860157,0,36793512,2710080
balanced,14,16,4,20260810,106,1,1,1,0,0,1,270,102,5,2,295.5160233341899,299.67054548016336,0,0,0,21114320,3494948,0,247966632,18293040
balanced,14,16,4,20260810,107,1,1,1,0,0,1,175,238,3,4,446.94989017082355,485.37157856072145,0,0,0,15747375,2622909,0,160742952,11856600
balanced,14,16,4,20260810,108,1,1,1,0,0,1,43,75,1,1,305.89675204011985,348.82497823704784,0,0,0,4768217,826031,0,39547944,2913336
balanced,14,16,4,20260810,109,1,1,1,0,0,1,23,26,1,1,342.3649370075662,386.3130395759481,0,0,0,148,64,0,21185064,1558296
balanced,14,16,4,20260810,110,1,1,1,0,0,1,22,132,1,2,419.78220162157083,411.16075928144755,0,0,0,1700,523,0,20266920,1490544
balanced,14,16,4,20260810,111,1,1,1,0,0,1,282,307,5,5,387.8167010811784,388.6953316811241,0,0,0,20608756,3410822,0,258984360,19106064
balanced,14,16,4,20260810,112,1,1,1,0,0,1,32,20,1,1,319.5921713208034,312.0021857091162,0,0,0,2027639,369472,0,29448360,2168064
balanced,14,16,4,20260810,113,1,1,1,0,0,1,21,27,1,1,285.0882272442966,284.41383120031895,0,0,0,26,21,0,19348776,1422792
balanced,14,16,4,20260810,114,1,1,1,0,0,1,25,24,1,1,334.72523796690984,287.96351552182637,0,0,0,170991,35653,0,23021352,1693800
balanced,14,16,4,20260810,115,1,1,1,0,0,1,41,28,1,1,418.46082751248423,452.704581223363,0,0,0,4559053,782327,0,37711656,2777832
balanced,14,16,4,20260810,116,1,1,1,0,0,1,30,21,1,1,334.2975583957202,303.6337049253732,0,0,0,2188757,383011,0,27612072,2032560
balanced,14,16,4,20260810,117,1,1,1,0,0,1,18,19,1,1,318.06256707475353,309.4625952148559,0,0,0,0,0,0,16594344,1219536
balanced,14,16,4,20260810,118,1,1,1,0,0,1,34,22,1,1,398.59384092916594,404.73965642984615,0,0,0,1534025,277639,0,31284648,2303568
balanced,14,16,4,20260810,119,1,1,1,0,0,1,22,22,1,1,336.7294018135441,334.8824843170258,0,0,0,1268,400,0,20266920,1490544
balanced,14,16,4,20260810,120,1,1,1,0,0,1,242,161,4,3,413.7192529466708,463.46220535913295,0,0,0,18585202,3096593,0,222258600,16395984
balanced,14,16,4,20260810,121,1,1,1,0,0,1,25,24,1,1,319.36573281146127,408.3094381638691,0,0,0,39490,8880,0,23021352,1693800
balanced,14,16,4,20260810,122,1,1,1,0,0,1,23,20,1,1,274.8403756116801,269.880330374349,0,0,0,200178,41930,0,21185064,1558296
balanced,14,16,4,20260810,123,1,1,1,0,0,1,23,22,1,1,238.56411660048644,271.9414818441023,0,0,0,614342,118533,0,21185064,1558296
balanced,14,16,4,20260810,124,1,1,1,0,0,1,38,34,1,1,435.4121070024497,405.9155659010146,0,0,0,899326,173979,0,34957224,2574576
balanced,14,16,4,20260810,125,1,1,1,0,0,1,33,30,1,1,326.2626758815749,305.0931984546422,0,0,0,1287611,243748,0,30366504,2235816
balanced,14,16,4,20260810,126,1,1,1,0,0,1,37,77,1,1,402.20231895870086,405.9638843931541,0,0,0,116355,25361,0,34039080,2506824
balanced,14,16,4,20260810,127,1,1,1,0,0,1,35,31,1,1,354.9904173802573,356.2425807154525,0,0,0,1115399,214063,0,32202792,2371320
balanced,14,16,4,20260811,0,1,1,1,0,0,1,16,16,1,1,262.37930013542746,268.4099853823129,0,0,0,0,0,0,14758056,1084032
balanced,14,16,4,20260811,1,1,1,1,0,0,1,290,26,5,1,354.18785617674644,346.0440848582283,0,0,0,17383084,2883171,0,266329512,19648080
balanced,14,16,4,20260811,2,1,1,1,0,0,1,18,17,1,1,291.4765626780254,298.59105050714606,0,0,0,0,0,0,16594344,1219536
balanced,14,16,4,20260811,3,1,1,1,0,0,1,33,33,1,1,339.1254738902512,341.9062094430152,0,0,0,2240436,396044,0,30366504,2235816
balanced,14,16,4,20260811,4,1,1,1,0,0,1,25,24,1,1,278.27994510684584,310.144580346704,0,0,0,24872,5387,0,23021352,1693800
balanced,14,16,4,20260811,5,1,1,1,0,0,1,24,36,1,1,359.4424662641918,337.53348554432023,0,0,0,296145,60452,0,22103208,1626048
balanced,14,16,4,20260811,6,1,1,1,0,0,1,13,27,1,1,296.66235282947207,285.0249958991975,0,0,0,0,0,0,12003624,880776
balanced,14,16,4,20260811,7,1,1,1,0,0,1,15,29,1,1,362.015705197418,370.46398150017615,0,0,0,0,0,0,13839912,1016280
balanced,14,16,4,20260811,8,1,1,1,0,0,1,39,24,1,1,279.27677513732647,250.36298374970147,0,0,0,5353726,905067,0,35875368,2642328
balanced,14,16,4,20260811,9,1,1,1,0,0,1,22,55,1,1,278.03105040507415,276.894902302146,0,0,0,0,0,0,20266920,1490544
balanced,14,16,4,20260811,10,1,1,1,0,0,1,25,19,1,1,297.817460853556,379.24179635321434,0,0,0,6331,1657,0,23021352,1693800
balanced,14,16,4,20260811,11,1,1,1,0,0,1,24,37,1,1,348.23021386122525,380.29612669288656,0,0,0,79397,17409,0,22103208,1626048
balanced,14,16,4,20260811,12,1,1,1,0,0,1,162,40,3,1,281.1451164878938,308.87711623578684,0,0,0,20500459,3395478,0,148807080,10975824
balanced,14,16,4,20260811,13,1,1,1,0,0,1,18,19,1,1,397.66012872506343,389.7371157082861,0,0,0,0,0,0,16594344,1219536
balanced,14,16,4,20260811,14,1,1,1,0,0,1,12,22,1,1,301.6422466688425,298.0035701712604,0,0,0,0,0,0,11085480,813024
balanced,14,16,4,20260811,15,1,1,1,0,0,1,168,27,3,1,352.7732902488323,352.2146639671643,0,0,0,18055861,2999895,0,154315944,11382336
balanced,14,16,4,20260811,16,1,1,1,0,0,1,28,32,1,1,407.2859866119445,320.3868593020909,0,0,0,70243,15531,0,25775784,1897056
balanced,14,16,4,20260811,17,1,1,1,0,0,1,26,25,1,1,313.343238852454,328.3803319394158,0,0,0,483273,95227,0,23939496,1761552
balanced,14,16,4,20260811,18,1,1,1,0,0,1,106,26,2,1,330.47201806597104,313.1791949162632,0,0,0,15559421,2606520,0,97391016,7181712
balanced,14,16,4,20260811,19,1,1,1,0,0,1,13,12,1,1,346.64990185581377,349.3068650983686,0,0,0,0,0,0,12003624,880776
balanced,14,16,4,20260811,20,1,1,1,0,0,1,28,33,1,1,351.2387677050016,383.47641805762953,0,0,0,23945,5283,0,25775784,1897056
balanced,14,16,4,20260811,21,1,1,1,0,0,1,102,116,2,2,371.85163057909006,349.39841892355446,0,0,0,16546001,2757332,0,93718440,6910704
balanced,14,16,4,20260811,22,1,1,1,0,0,1,34,26,1,1,372.56134402314507,346.45236781633423,0,0,0,817103,162117,0,31284648,2303568
balanced,14,16,4,20260811,23,1,1,1,0,0,1,23,12,1,1,391.10536656527154,396.09518539861455,0,0,0,233459,48814,0,21185064,1558296
balanced,14,16,4,20260811,24,1,1,1,0,0,1,34,43,1,1,314.05139802507273,289.5408566636942,0,0,0,2002373,358960,0,31284648,2303568
balanced,14,16,4,20260811,25,1,1,1,0,0,1,171,38,3,1,345.22710745576114,355.0731787583196,0,0,0,17470110,2913245,0,157070376,11585592
balanced,14,16,4,20260811,26,0,1,0,0,1,1,980,965,16,16,,271.23676404114093,0,0,0,17272234,2874109,0,899848872,66396960
balanced,14,16,4,20260811,27,1,1,1,0,0,1,40,41,1,1,310.6062124644927,318.5075931560136,0,0,0,4216142,730639,0,36793512,2710080
balanced,14,16,4,20260811,28,1,1,1,0,0,1,23,48,1,1,345.8983501406883,386.14033923900104,0,0,0,137664,28959,0,21185064,1558296
balanced,14,16,4,20260811,29,1,1,1,0,0,1,12,14,1,1,224.3826823337472,224.3826823337472,0,0,0,0,0,0,11085480,813024
balanced,14,16,4,20260811,30,1,1,1,0,0,1,27,124,1,2,326.40069245042974,340.09004408901075,0,0,0,170180,35054,0,24857640,1829304
balanced,14,16,4,20260811,31,1,1,1,0,0,1,34,41,1,1,399.75268634348583,378.162235264782,0,0,0,815185,156847,0,31284648,2303568
balanced,14,16,4,20260811,32,1,1,1,0,0,1,17,12,1,1,247.68081151962488,215.00474153107203,0,0,0,12585,2654,0,15676200,1151784
balanced,14,16,4,20260811,33,1,1,1,0,0,1,93,110,2,2,358.63930221964137,362.12480711348127,0,0,0,17632368,2927278,0,85455144,6300936
balanced,14,16,4,20260811,34,1,1,1,0,0,1,39,18,1,1,330.4362347825345,333.7492319753178,0,0,0,6061598,1018400,0,35875368,2642328
balanced,14,16,4,20260811,35,1,1,1,0,0,1,18,19,1,1,264.77502062038656,263.2351755070142,0,0,0,12,12,0,16594344,1219536
balanced,14,16,4,20260811,36,1,1,1,0,0,1,25,45,1,1,343.7124461877345,298.3208713755464,0,0,0,403134,81202,0,23021352,1693800
balanced,14,16,4,20260811,37,1,1,1,0,0,1,18,28,1,1,431.56383241501396,399.0062715217257,0,0,0,0,0,0,16594344,1219536
balanced,14,16,4,20260811,38,1,1,1,0,0,1,18,54,1,1,291.72211858824795,287.73910624103246,0,0,0,51,30,0,16594344,1219536
balanced,14,16,4,20260811,39,1,1,1,0,0,1,104,129,2,2,399.048752586414,417.66101274591654,0,0,0,19695124,3264432,0,95554728,7046208
balanced,14,16,4,20260811,40,1,1,1,0,0,1,27,19,1,1,361.0515387688968,392.4691886578542,0,0,0,546857,107051,0,24857640,1829304
balanced,14,16,4,20260811,41,1,1,1,0,0,1,110,106,2,2,395.7836228101387,402.44999398766424,0,0,0,16691822,2785146,0,101063592,7452720
balanced,14,16,4,20260811,42,1,1,1,0,0,1,358,479,6,8,444.3749097745696,428.49477162371943,0,0,0,18560968,3074181,0,328763304,24255216
balanced,14,16,4,20260811,43,1,1,1,0,0,1,29,22,1,1,306.1355747022932,313.51326092239094,0,0,0,399787,79078,0,26693928,1964808
balanced,14,16,4,20260811,44,1,1,1,0,0,1,37,29,1,1,318.53915201936843,336.1529613281305,0,0,0,831377,175120,0,34039080,2506824
balanced,14,16,4,20260811,45,1,1,1,0,0,1,21,36,1,1,317.9943987380136,322.79054258183567,0,0,0,301,127,0,19348776,1422792
balanced,14,16,4,20260811,46,1,1,1,0,0,1,32,26,1,1,269.32480903077067,254.5864312637279,0,0,0,992045,190738,0,29448360,2168064
balanced,14,16,4,20260811,47,1,1,1,0,0,1,30,29,1,1,241.79600901516608,255.37491213138046,0,0,0,2435355,424052,0,27612072,2032560
balanced,14,16,4,20260811,48,1,1,1,0,0,1,19,20,1,1,301.8877831526562,304.5140835364925,0,0,0,0,0,0,17512488,1287288
balanced,14,16,4,20260811,49,1,1,1,0,0,1,60,34,1,1,429.8169952215884,454.08362411958126,0,0,0,11786933,1972626,0,55156392,4065120
balanced,14,16,4,20260811,50,1,1,1,0,0,1,42,138,1,2,348.1259283908073,358.35014779166596,0,0,0,5874635,992922,0,38629800,2845584
balanced,14,16,4,20260811,51,1,1,1,0,0,1,30,74,1,1,479.1926824478271,438.7788733386483,0,0,0,522847,102601,0,27612072,2032560
balanced,14,16,4,20260811,52,1,1,1,0,0,1,45,34,1,1,392.68007284015073,391.5077297650133,0,0,0,5860756,987199,0,41384232,3048840
balanced,14,16,4,20260811,53,1,1,1,0,0,1,104,43,2,1,293.17086779099066,314.5338378780973,0,0,0,20304007,3362831,0,95554728,7046208
balanced,14,16,4,20260811,54,1,1,1,0,0,1,39,32,1,1,283.14465503490203,289.3392497497555,0,0,0,1052899,200030,0,35875368,2642328
balanced,14,16,4,20260811,55,1,1,1,0,0,1,90,20,2,1,300.4171258620216,292.50152611366485,0,0,0,19903598,3302833,0,82700712,6097680
balanced,14,16,4,20260811,56,1,1,1,0,0,1,23,31,1,1,414.46724762106436,419.86043994506076,0,0,0,287,114,0,21185064,1558296
balanced,14,16,4,20260811,57,1,1,1,0,0,1,39,31,1,1,340.55856226475095,356.7090761697151,0,0,0,4014317,685001,0,35875368,2642328
balanced,14,16,4,20260811,58,1,1,1,0,0,1,320,101,5,2,367.92588623108577,327.4378024261945,0,0,0,18304062,3042034,0,293873832,21680640
balanced,14,16,4,20260811,59,1,1,1,0,0,1,28,28,1,1,372.1179026741252,365.01040690344985,0,0,0,1006722,189321,0,25775784,1897056
balanced,14,16,4,20260811,60,1,1,1,0,0,1,52,28,1,1,397.9184029090969,377.2088838623064,0,0,0,5409365,939033,0,47811240,3523104
balanced,14,16,4,20260811,61,1,1,1,0,0,1,60,405,1,7,356.3721988119868,326.49913972844183,0,0,0,11405777,1909717,0,55156392,4065120
balanced,14,16,4,20260811,62,1,1,1,0,0,1,53,25,1,1,364.37251069785884,350.75247858914923,0,0,0,5488754,933148,0,48729384,3590856
balanced,14,16,4,20260811,63,1,1,1,0,0,1,39,46,1,1,430.12130003296204,433.3790079432776,0,0,0,392094,79487,0,35875368,2642328
balanced,14,16,4,20260811,64,1,1,1,0,0,1,23,50,1,1,355.4061364076151,350.6716607031354,0,0,0,0,1,0,21185064,1558296
balanced,14,16,4,20260811,65,1,1,1,0,0,1,24,29,1,1,393.25719648689136,399.1279519410133,0,0,0,8023,2090,0,22103208,1626048
balanced,14,16,4,20260811,66,1,1,1,0,0,1,20,35,1,1,361.5280956796556,355.47978874140875,0,0,0,246,125,0,18430632,1355040
balanced,14,16,4,20260811,67,1,1,1,0,0,1,35,27,1,1,355.03803649795975,343.50918667537564,0,0,0,528143,104167,0,32202792,2371320
balanced,14,16,4,20260811,68,1,1,1,0,0,1,27,18,1,1,350.2125130823699,327.39705920294324,0,0,0,71889,15872,0,24857640,1829304
balanced,14,16,4,20260811,69,1,1,1,0,0,1,121,28,2,1,365.34478717561745,355.52472390107096,0,0,0,17426173,2896267,0,111163176,8197992
balanced,14,16,4,20260811,70,1,1,1,0,0,1,26,48,1,1,374.33018017905874,383.0416072586699,0,0,0,15357,3614,0,23939496,1761552
balanced,14,16,4,20260811,71,1,1,1,0,0,1,50,52,1,1,337.40105092380276,328.4500041533661,0,0,0,6692695,1133833,0,45974952,3387600
balanced,14,16,4,20260811,72,1,1,1,0,0,1,28,26,1,1,344.56781663248194,360.43281541075726,0,0,0,675572,135478,0,25775784,1897056
balanced,14,16,4,20260811,73,1,1,1,0,0,1,61,29,1,1,343.4049395353,329.17559020234796,0,0,0,12505819,2083060,0,56074536,4132872
balanced,14,16,4,20260811,74,1,1,1,0,0,1,19,23,1,1,343.2432537384384,341.16384852442735,0,0,0,498,178,0,17512488,1287288
balanced,14,16,4,20260811,75,1,1,1,0,0,1,50,23,1,1,344.44433553308863,354.9349772789574,0,0,0,8804030,1475173,0,45974952,3387600
balanced,14,16,4,20260811,76,1,1,1,0,0,1,36,29,1,1,362.94670037282424,304.56853799789,0,0,0,856381,171197,0,33120936,2439072
balanced,14,16,4,20260811,77,1,1,1,0,0,1,15,12,1,1,241.30676430367558,233.3446944862225,0,0,0,0,0,0,13839912,1016280
balanced,14,16,4,20260811,78,1,1,1,0,0,1,30,18,1,1,355.0356923093477,347.3510766392733,0,0,0,127827,28587,0,27612072,2032560
balanced,14,16,4,20260811,79,1,1,1,0,0,1,31,28,1,1,289.18494823662456,295.9087803029147,0,0,0,3290969,561409,0,28530216,2100312
balanced,14,16,4,20260811,80,1,1,1,0,0,1,20,19,1,1,414.30474430897164,368.60845641319315,0,0,0,0,0,0,18430632,1355040
balanced,14,16,4,20260811,81,1,1,1,0,0,1,41,26,1,1,314.631091612531,315.54788804295686,0,0,0,4263482,730351,0,37711656,2777832
balanced,14,16,4,20260811,82,1,1,1,0,0,1,22,43,1,1,391.36694398727127,339.6461705996305,0,0,0,653,213,0,20266920,1490544
balanced,14,16,4,20260811,83,1,1,1,0,0,1,28,24,1,1,315.7427094384781,376.6489398256998,0,0,0,214412,45251,0,25775784,1897056
balanced,14,16,4,20260811,84,1,1,1,0,0,1,68,34,1,1,348.9497279703652,347.47073959380543,0,0,0,9926957,1664467,0,62501544,4607136
balanced,14,16,4,20260811,85,1,1,1,0,0,1,24,26,1,1,359.89639975504576,368.4111071280349,0,0,0,80369,17280,0,22103208,1626048
balanced,14,16,4,20260811,86,1,1,1,0,0,1,15,21,1,1,402.2020801580414,371.45916373392015,0,0,0,0,0,0,13839912,1016280
balanced,14,16,4,20260811,87,1,1,1,0,0,1,30,22,1,1,339.1691574782235,332.69635528423316,0,0,0,72197,16850,0,27612072,2032560
balanced,14,16,4,20260811,88,1,1,1,0,0,1,131,880,2,15,341.85517513113507,362.7411293753963,0,0,0,12047435,2025675,0,120344616,8875512
balanced,14,16,4,20260811,89,0,0,0,0,1,1,980,296,16,5,,431.0421105658183,0,0,0,14951943,2489151,0,899848872,66396960
balanced,14,16,4,20260811,90,1,1,1,0,0,1,18,19,1,1,266.0833490061839,248.5390381696219,0,0,0,0,0,0,16594344,1219536
balanced,14,16,4,20260811,91,1,1,1,0,0,1,704,26,12,1,334.9587370266122,325.97872445829364,0,0,0,19894369,3293713,0,646441128,47697408
balanced,14,16,4,20260811,92,1,1,1,0,0,1,24,20,1,1,332.66585075694934,344.0726973434448,0,0,0,61103,13159,0,22103208,1626048
balanced,14,16,4,20260811,93,1,1,1,0,0,1,24,39,1,1,356.59127371710576,342.14692708559517,0,0,0,59906,13391,0,22103208,1626048
balanced,14,16,4,20260811,94,1,1,1,0,0,1,34,35,1,1,391.335572907109,390.64242576667743,0,0,0,2114457,373632,0,31284648,2303568
balanced,14,16,4,20260811,95,1,1,1,0,0,1,38,24,1,1,388.8029178083958,366.0463554212187,0,0,0,2526947,450830,0,34957224,2574576
balanced,14,16,4,20260811,96,1,1,1,0,0,1,32,53,1,1,307.8303582970109,312.40196883544706,0,0,0,2336939,409894,0,29448360,2168064
balanced,14,16,4,20260811,97,1,1,1,0,0,1,33,35,1,1,329.7211905199242,321.65807455359396,0,0,0,2168743,383694,0,30366504,2235816
balanced,14,16,4,20260811,98,1,1,1,0,0,1,111,40,2,1,349.0312451079128,350.4627587480217,0,0,0,13659949,2292330,0,101981736,7520472
balanced,14,16,4,20260811,99,1,1,1,0,0,1,23,25,1,1,399.59590512292357,393.1045969814098,0,0,0,5058,1322,0,21185064,1558296
balanced,14,16,4,20260811,100,1,1,1,0,0,1,28,22,1,1,308.7778709004791,320.0218523209311,0,0,0,1539410,274827,0,25775784,1897056
balanced,14,16,4,20260811,101,1,1,1,0,0,1,25,41,1,1,281.5881275107177,310.3605661874101,0,0,0,45940,11820,0,23021352,1693800
balanced,14,16,4,20260811,102,1,1,1,0,0,1,26,20,1,1,350.19844508272354,342.71146874002136,0,0,0,215126,43857,0,23939496,1761552
balanced,14,16,4,20260811,103,1,1,1,0,0,1,59,517,1,9,420.01962400377784,446.6647168290747,0,0,0,8126962,1377831,0,54238248,3997368
balanced,14,16,4,20260811,104,1,1,1,0,0,1,35,195,1,3,277.7980874524941,290.34640460723324,0,0,0,3829255,661611,0,32202792,2371320
balanced,14,16,4,20260811,105,1,1,1,0,0,1,40,24,1,1,361.6006186230934,387.1453837982566,0,0,0,3960269,681853,0,36793512,2710080
balanced,14,16,4,20260811,106,1,1,1,0,0,1,29,41,1,1,296.4385355978579,312.11519189307097,0,0,0,728078,141061,0,26693928,1964808
balanced,14,16,4,20260811,107,1,1,1,0,0,1,14,10,1,1,212.91150769673595,205.6180083746308,0,0,0,0,0,0,12921768,948528
balanced,14,16,4,20260811,108,1,1,1,0,0,1,22,29,1,1,321.7724623358846,303.60055109270354,0,0,0,1644,564,0,20266920,1490544
balanced,14,16,4,20260811,109,1,1,1,0,0,1,30,58,1,1,365.21194283568445,340.0409368398708,0,0,0,264299,56905,0,27612072,2032560
balanced,14,16,4,20260811,110,1,1,1,0,0,1,32,38,1,1,319.264631917845,316.1812097376424,0,0,0,406041,81011,0,29448360,2168064
balanced,14,16,4,20260811,111,1,1,1,0,0,1,30,38,1,1,362.88661233150174,409.76875425245396,0,0,0,152420,32815,0,27612072,2032560
balanced,14,16,4,20260811,112,1,1,1,0,0,1,27,29,1,1,347.46923167141824,345.45353935025344,0,0,0,239478,49892,0,24857640,1829304
balanced,14,16,4,20260811,113,1,1,1,0,0,1,34,29,1,1,358.9956205869761,344.4878958561114,0,0,0,263188,55768,0,31284648,2303568
balanced,14,16,4,20260811,114,1,1,1,0,0,1,58,32,1,1,304.7277873904246,277.2171984072662,0,0,0,11781944,1967847,0,53320104,3929616
balanced,14,16,4,20260811,115,1,1,1,0,0,1,28,60,1,1,355.83274894932924,382.4102726353649,0,0,0,29650,6443,0,25775784,1897056
balanced,14,16,4,20260811,116,1,1,1,0,0,1,25,33,1,1,426.681995283382,394.8168550562574,0,0,0,5605,1504,0,23021352,1693800
balanced,14,16,4,20260811,117,1,1,1,0,0,1,22,44,1,1,333.56506186058857,329.0796873900657,0,0,0,9,6,0,20266920,1490544
balanced,14,16,4,20260811,118,1,1,1,0,0,1,25,26,1,1,329.3852895911089,344.3935691795101,0,0,0,2572,715,0,23021352,1693800
balanced,14,16,4,20260811,119,1,1,1,0,0,1,14,13,1,1,312.92092868015783,320.01956260793014,0,0,0,0,0,0,12921768,948528
balanced,14,16,4,20260811,120,1,1,1,0,0,1,40,34,1,1,341.4762790301352,356.61174448334054,0,0,0,4917403,836391,0,36793512,2710080
balanced,14,16,4,20260811,121,1,1,1,0,0,1,40,28,1,1,355.5428215204845,338.7521528407234,0,0,0,3395432,606576,0,36793512,2710080
balanced,14,16,4,20260811,122,1,1,1,0,0,1,21,19,1,1,321.8637668483584,391.783992267762,0,0,0,38221,7906,0,19348776,1422792
balanced,14,16,4,20260811,123,1,1,1,0,0,1,27,26,1,1,311.2684692633176,285.8174063479526,0,0,0,1603659,288387,0,24857640,1829304
balanced,14,16,4,20260811,124,1,1,1,0,0,1,27,22,1,1,236.85906242362532,304.54982036433637,0,0,0,186370,39616,0,24857640,1829304
balanced,14,16,4,20260811,125,1,1,1,0,0,1,174,165,3,3,416.67764383825323,391.1146290835929,0,0,0,17524078,2924766,0,159824808,11788848
balanced,14,16,4,20260811,126,1,1,1,0,0,1,29,18,1,1,333.17707230193685,271.45392278510127,0,0,0,279387,56381,0,26693928,1964808
balanced,14,16,4,20260811,127,1,1,1,0,0,1,34,19,1,1,275.0040561759737,341.1770092080748,0,0,0,3972026,679252,0,31284648,2303568
balanced,14,16,4,20260812,0,1,1,1,0,0,1,25,20,1,1,438.6404458329534,436.5197715002364,0,0,0,5751,1461,0,23021352,1693800
balanced,14,16,4,20260812,1,1,1,1,0,0,1,23,18,1,1,304.03879830808467,306.6642146765293,0,0,0,7402,1752,0,21185064,1558296
balanced,14,16,4,20260812,2,1,1,1,0,0,1,36,21,1,1,233.9144437939978,227.07702204659108,0,0,0,5258818,887652,0,33120936,2439072
balanced,14,16,4,20260812,3,1,1,1,0,0,1,45,117,1,2,296.404625786425,303.04175216212366,0,0,0,7527733,1260603,0,41384232,3048840
balanced,14,16,4,20260812,4,1,1,1,0,0,1,22,49,1,1,278.1361715059813,285.64027079600805,0,0,0,39368,8493,0,20266920,1490544
balanced,14,16,4,20260812,5,1,1,1,0,0,1,23,21,1,1,290.35090078993886,295.2370915150707,0,0,0,66449,14940,0,21185064,1558296
balanced,14,16,4,20260812,6,1,1,1,0,0,1,33,28,1,1,313.90096164868135,312.2084790000639,0,0,0,1842120,335069,0,30366504,2235816
balanced,14,16,4,20260812,7,1,1,1,0,0,1,29,33,1,1,389.26193869766803,376.9105464849191,0,0,0,453779,89309,0,26693928,1964808
balanced,14,16,4,20260812,8,1,1,1,0,0,1,23,33,1,1,318.4626091457743,274.3366256979524,0,0,0,128,90,0,21185064,1558296
balanced,14,16,4,20260812,9,1,1,1,0,0,1,37,35,1,1,310.8756651714451,315.3349581098211,0,0,0,1557888,282456,0,34039080,2506824
balanced,14,16,4,20260812,10,1,1,1,0,0,1,25,19,1,1,368.6792364338761,346.36567468816867,0,0,0,708046,136788,0,23021352,1693800
balanced,14,16,4,20260812,11,1,1,1,0,0,1,116,28,2,1,340.246731563673,338.1028561336176,0,0,0,18722534,3109722,0,106572456,7859232
balanced,14,16,4,20260812,12,1,1,1,0,0,1,34,43,1,1,372.94070167310554,370.30047666831763,0,0,0,2111122,374595,0,31284648,2303568
balanced,14,16,4,20260812,13,1,1,1,0,0,1,18,29,1,1,341.9891990223394,294.595644590318,0,0,0,0,0,0,16594344,1219536
balanced,14,16,4,20260812,14,1,1,1,0,0,1,312,28,5,1,385.52178148244536,371.262768556567,0,0,0,19280103,3194082,0,286528680,21138624
balanced,14,16,4,20260812,15,1,1,1,0,0,1,120,220,2,4,448.62212831994725,479.2347464755894,0,0,0,16679185,2778655,0,110245032,8130240
balanced,14,16,4,20260812,16,1,1,1,0,0,1,117,31,2,1,473.9821263240134,420.2375896584432,0,0,0,15464453,2570820,0,107490600,7926984
balanced,14,16,4,20260812,17,1,1,1,0,0,1,30,43,1,1,367.8527323023482,326.85694294431363,0,0,0,218857,46246,0,27612072,2032560
balanced,14,16,4,20260812,18,1,1,1,0,0,1,29,22,1,1,304.3994747079175,356.76369007373313,0,0,0,154763,36124,0,26693928,1964808
balanced,14,16,4,20260812,19,1,1,1,0,0,1,11,18,1,1,236.2441230387979,268.67289583081913,0,0,0,0,0,0,10167336,745272
balanced,14,16,4,20260812,20,1,1,1,0,0,1,57,155,1,3,323.3402469797408,310.5360667580271,0,0,0,9519981,1597113,0,52401960,3861864
balanced,14,16,4,20260812,21,1,1,1,0,0,1,19,23,1,1,289.3983115268237,289.535760985581,0,0,0,25,17,0,17512488,1287288
balanced,14,16,4,20260812,22,1,1,1,0,0,1,20,35,1,1,341.3463518799986,374.17446781399747,0,0,0,621,228,0,18430632,1355040
balanced,14,16,4,20260812,23,1,1,1,0,0,1,33,53,1,1,338.14691690259,339.9837202705264,0,0,0,2591481,456859,0,30366504,2235816
balanced,14,16,4,20260812,24,1,1,1,0,0,1,103,25,2,1,414.11790271580963,368.78207766784817,0,0,0,18688728,3095904,0,94636584,6978456
balanced,14,16,4,20260812,25,1,1,1,0,0,1,74,25,1,1,361.58861319700605,363.95000408929667,0,0,0,16366427,2715207,0,68010408,5013648
balanced,14,16,4,20260812,26,1,1,1,0,0,1,21,116,1,2,388.71180625441065,362.0355881261344,0,0,0,0,0,0,19348776,1422792
balanced,14,16,4,20260812,27,1,1,1,0,0,1,123,45,2,1,415.62685653855516,370.4246912508262,0,0,0,15472556,2579888,0,112999464,8333496
balanced,14,16,4,20260812,28,1,1,1,0,0,1,24,21,1,1,315.5931456524138,314.1377685761714,0,0,0,160428,33425,0,22103208,1626048
balanced,14,16,4,20260812,29,1,1,1,0,0,1,23,21,1,1,229.1588111767497,327.60128852658295,0,0,0,75286,16746,0,21185064,1558296
balanced,14,16,4,20260812,30,1,1,1,0,0,1,21,25,1,1,340.78292310142774,374.24014432910883,0,0,0,0,0,0,19348776,1422792
balanced,14,16,4,20260812,31,1,1,1,0,0,1,33,547,1,9,411.0174922983248,415.3923391321074,0,0,0,30197,7321,0,30366504,2235816
balanced,14,16,4,20260812,32,1,1,1,0,0,1,23,21,1,1,280.606797038507,321.49226940563267,0,0,0,391652,78687,0,21185064,1558296
balanced,14,16,4,20260812,33,1,1,1,0,0,1,18,13,1,1,245.72046493747033,245.02731779703873,0,0,0,0,0,0,16594344,1219536
balanced,14,16,4,20260812,34,1,1,1,0,0,1,25,30,1,1,289.9825713621567,312.39365303700936,0,0,0,64601,14283,0,23021352,1693800
balanced,14,16,4,20260812,35,1,1,1,0,0,1,16,33,1,1,290.13825661343543,323.8813919095372,0,0,0,0,0,0,14758056,1084032
balanced,14,16,4,20260812,36,1,1,1,0,0,1,13,20,1,1,326.3783342626157,320.37860494209514,0,0,0,0,0,0,12003624,880776
balanced,14,16,4,20260812,37,1,1,1,0,0,1,48,29,1,1,375.6521349524848,422.2188700361146,0,0,0,5896159,1006279,0,44138664,3252096
balanced,14,16,4,20260812,38,1,1,1,0,0,1,51,18,1,1,313.82341002359675,347.597208178417,0,0,0,7000830,1188197,0,46893096,3455352
balanced,14,16,4,20260812,39,1,1,1,0,0,1,58,35,1,1,369.537424521434,351.28473351476356,0,0,0,11057134,1847316,0,53320104,3929616
balanced,14,16,4,20260812,40,1,1,1,0,0,1,36,32,1,1,313.9647802025342,308.0538427432989,0,0,0,2395451,422681,0,33120936,2439072
balanced,14,16,4,20260812,41,1,1,1,0,0,1,44,35,1,1,328.97280648985935,384.47929980238365,0,0,0,6172625,1043937,0,40466088,2981088
balanced,14,16,4,20260812,42,1,1,1,0,0,1,18,47,1,1,298.9678875102346,327.42117814170393,0,0,0,106,36,0,16594344,1219536
balanced,14,16,4,20260812,43,1,1,1,0,0,1,21,28,1,1,343.86733655922126,364.6139317665576,0,0,0,0,0,0,19348776,1422792
balanced,14,16,4,20260812,44,1,1,1,0,0,1,16,19,1,1,364.6566120115125,377.5126181155498,0,0,0,0,0,0,14758056,1084032
balanced,14,16,4,20260812,45,1,1,1,0,0,1,31,114,1,2,420.86173511877564,431.00324177761024,0,0,0,881717,163188,0,28530216,2100312
balanced,14,16,4,20260812,46,1,1,1,0,0,1,73,33,1,1,455.58381645548883,418.73479857922007,0,0,0,12188915,2037347,0,67092264,4945896
balanced,14,16,4,20260812,47,1,1,1,0,0,1,40,111,1,2,412.7930497933978,411.7056805836161,0,0,0,4527738,780661,0,36793512,2710080
balanced,14,16,4,20260812,48,1,1,1,0,0,1,45,29,1,1,309.8985239314869,255.6873913901798,0,0,0,5984957,1014431,0,41384232,3048840
balanced,14,16,4,20260812,49,1,1,1,0,0,1,46,27,1,1,401.4779548978722,379.31340082064946,0,0,0,5576982,956244,0,42302376,3116592
balanced,14,16,4,20260812,50,1,1,1,0,0,1,38,23,1,1,356.4101109989491,337.031714450167,0,0,0,555188,112783,0,34957224,2574576
balanced,14,16,4,20260812,51,1,1,1,0,0,1,35,28,1,1,337.0155288353708,360.26733218200155,0,0,0,4269882,726395,0,32202792,2371320
balanced,14,16,4,20260812,52,1,1,1,0,0,1,20,18,1,1,302.46004419816325,326.65998832102775,0,0,0,0,0,0,18430632,1355040
balanced,14,16,4,20260812,53,1,1,1,0,0,1,43,22,1,1,323.7766157587237,340.09614480547674,0,0,0,4683060,802904,0,39547944,2913336
balanced,14,16,4,20260812,54,1,1,1,0,0,1,109,46,2,1,350.50997454781725,319.9263869071459,0,0,0,19104455,3169902,0,100145448,7384968
balanced,14,16,4,20260812,55,1,1,1,0,0,1,172,33,3,1,350.653703401659,346.660148194832,0,0,0,19535492,3237038,0,157988520,11653344
balanced,14,16,4,20260812,56,1,1,1,0,0,1,120,53,2,1,329.5598227882399,330.40740509759917,0,0,0,4737831,901651,0,110245032,8130240
balanced,14,16,4,20260812,57,1,1,1,0,0,1,119,32,2,1,379.79847409847105,363.313910577607,0,0,0,17874048,2969783,0,109326888,8062488
balanced,14,16,4,20260812,58,1,1,1,0,0,1,24,23,1,1,364.96635536461224,306.3546604485922,0,0,0,46591,10206,0,22103208,1626048
balanced,14,16,4,20260812,59,1,1,1,0,0,1,41,35,1,1,362.80694680319345,361.7636160471902,0,0,0,365410,82723,0,37711656,2777832
balanced,14,16,4,20260812,60,1,1,1,0,0,1,29,16,1,1,254.82029342776767,269.59620937792516,0,0,0,1587288,284908,0,26693928,1964808
balanced,14,16,4,20260812,61,1,1,1,0,0,1,26,167,1,3,285.57247256030075,319.95247452409126,0,0,0,25174,5995,0,23939496,1761552
balanced,14,16,4,20260812,62,1,1,1,0,0,1,30,48,1,1,394.7773302735211,380.00652961117885,0,0,0,1434242,258156,0,27612072,2032560
balanced,14,16,4,20260812,63,1,1,1,0,0,1,64,41,1,1,380.15433982945626,337.45399250487725,0,0,0,12076123,2024373,0,58828968,4336128
balanced,14,16,4,20260812,64,1,1,1,0,0,1,25,80,1,1,441.4040216925581,414.0281796697244,0,0,0,29475,6639,0,23021352,1693800
balanced,14,16,4,20260812,65,1,1,1,0,0,1,30,30,1,1,356.02023190800605,341.1126089713282,0,0,0,720624,134819,0,27612072,2032560
balanced,14,16,4,20260812,66,1,1,1,0,0,1,29,28,1,1,394.53818179185555,426.53270720096816,0,0,0,509114,98902,0,26693928,1964808
balanced,14,16,4,20260812,67,1,1,1,0,0,1,38,34,1,1,382.5538780409343,376.32263142020355,0,0,0,1133845,215689,0,34957224,2574576
balanced,14,16,4,20260812,68,1,1,1,0,0,1,34,61,1,1,277.865185656442,299.7973192599499,0,0,0,2771695,485080,0,31284648,2303568
balanced,14,16,4,20260812,69,1,1,1,0,0,1,71,38,1,1,396.1926137720878,407.5248358760693,0,0,0,13476600,2279676,0,65255976,4810392
balanced,14,16,4,20260812,70,1,1,1,0,0,1,22,29,1,1,338.84631270942396,330.61928775666564,0,0,0,234744,49402,0,20266920,1490544
balanced,14,16,4,20260812,71,1,1,1,0,0,1,48,130,1,2,411.36240679315347,435.69874150200457,0,0,0,5949850,1007324,0,44138664,3252096
balanced,14,16,4,20260812,72,1,1,1,0,0,1,64,37,1,1,389.64681842703556,383.7191074858303,0,0,0,10557765,1791556,0,58828968,4336128
balanced,14,16,4,20260812,73,1,1,1,0,0,1,46,254,1,4,366.1569124695609,372.99970456091256,0,0,0,5250024,894903,0,42302376,3116592
balanced,14,16,4,20260812,74,1,1,1,0,0,1,22,34,1,1,248.5470517357317,248.9516327615676,0,0,0,219676,46486,0,20266920,1490544
balanced,14,16,4,20260812,75,1,1,1,0,0,1,23,41,1,1,376.3729998761279,398.7727976897486,0,0,0,2547,757,0,21185064,1558296
balanced,14,16,4,20260812,76,1,1,1,0,0,1,36,17,1,1,443.39039755163003,371.68792864058435,0,0,0,490469,106095,0,33120936,2439072
balanced,14,16,4,20260812,77,1,1,1,0,0,1,22,24,1,1,358.2802605245878,387.82239637231305,0,0,0,8530,2031,0,20266920,1490544
balanced,14,16,4,20260812,78,1,1,1,0,0,1,51,53,1,1,432.41752167383015,431.569904401166,0,0,0,5842433,985356,0,46893096,3455352
balanced,14,16,4,20260812,79,1,1,1,0,0,1,30,29,1,1,310.8121322176341,374.809939822754,0,0,0,3341476,570685,0,27612072,2032560
balanced,14,16,4,20260812,80,1,1,1,0,0,1,28,25,1,1,320.4605694766267,303.7984014316621,0,0,0,920696,178028,0,25775784,1897056
balanced,14,16,4,20260812,81,1,1,1,0,0,1,37,32,1,1,317.5724892366905,293.7180048947099,0,0,0,800449,155314,0,34039080,2506824
balanced,14,16,4,20260812,82,1,1,1,0,0,1,25,29,1,1,364.0693075354386,355.895274948315,0,0,0,180,87,0,23021352,1693800
balanced,14,16,4,20260812,83,1,1,1,0,0,1,100,137,2,2,411.69305957015877,436.7024285673883,0,0,0,18724402,3101988,0,91882152,6775200
balanced,14,16,4,20260812,84,1,1,1,0,0,1,36,32,1,1,348.771080700209,401.86879306556733,0,0,0,364707,73948,0,33120936,2439072
balanced,14,16,4,20260812,85,1,1,1,0,0,1,29,111,1,2,361.69268490827847,363.5776015656551,0,0,0,126542,26415,0,26693928,1964808
balanced,14,16,4,20260812,86,1,1,1,0,0,1,35,126,1,2,365.49953931244096,386.1484331381581,0,0,0,1242386,245061,0,32202792,2371320
balanced,14,16,4,20260812,87,1,1,1,0,0,1,115,21,2,1,344.15109191382186,336.5006638775774,0,0,0,20514046,3395188,0,105654312,7791480
balanced,14,16,4,20260812,88,1,1,1,0,0,1,27,22,1,1,375.91366880018745,388.74627422715804,0,0,0,151612,31532,0,24857640,1829304
balanced,14,16,4,20260812,89,1,1,1,0,0,1,18,15,1,1,249.27523847893954,252.60861062415904,0,0,0,501,173,0,16594344,1219536
balanced,14,16,4,20260812,90,1,1,1,0,0,1,15,22,1,1,264.2028324580343,286.7451967392052,0,0,0,0,0,0,13839912,1016280
balanced,14,16,4,20260812,91,1,1,1,0,0,1,23,26,1,1,341.8405795638909,365.307911665685,0,0,0,34653,7574,0,21185064,1558296
balanced,14,16,4,20260812,92,1,1,1,0,0,1,16,39,1,1,412.63672998251855,407.48975524567436,0,0,0,0,0,0,14758056,1084032
balanced,14,16,4,20260812,93,1,1,1,0,0,1,35,24,1,1,339.03876966092764,338.0655531251256,0,0,0,1576490,285963,0,32202792,2371320
balanced,14,16,4,20260812,94,1,1,1,0,0,1,39,28,1,1,330.42780729731066,371.1261826474308,0,0,0,2480312,442216,0,35875368,2642328
balanced,14,16,4,20260812,95,1,1,1,0,0,1,23,30,1,1,315.35796107736314,298.5059124027605,0,0,0,0,0,0,21185064,1558296
balanced,14,16,4,20260812,96,1,1,1,0,0,1,24,42,1,1,419.93421456309466,338.5283846899328,0,0,0,34322,8118,0,22103208,1626048
balanced,14,16,4,20260812,97,1,1,1,0,0,1,27,109,1,2,325.724745650625,319.902805738345,0,0,0,234587,47205,0,24857640,1829304
balanced,14,16,4,20260812,98,1,1,1,0,0,1,30,46,1,1,403.01476107339363,418.80075074398684,0,0,0,66210,15953,0,27612072,2032560
balanced,14,16,4,20260812,99,1,1,1,0,0,1,28,38,1,1,327.57298812551846,345.7561727059149,0,0,0,125761,26899,0,25775784,1897056
balanced,14,16,4,20260812,100,1,1,1,0,0,1,50,38,1,1,384.6597276448132,383.4596623579074,0,0,0,6000032,1022645,0,45974952,3387600
balanced,14,16,4,20260812,101,1,1,1,0,0,1,112,116,2,2,377.27850771174235,383.21180628305876,0,0,0,12595372,2116152,0,102899880,7588224
balanced,14,16,4,20260812,102,1,1,1,0,0,1,21,37,1,1,380.6366084418912,373.31799229035175,0,0,0,0,0,0,19348776,1422792
balanced,14,16,4,20260812,103,1,1,1,0,0,1,43,36,1,1,336.90656788392874,331.36670005181935,0,0,0,4344262,748631,0,39547944,2913336
balanced,14,16,4,20260812,104,1,1,1,0,0,1,19,17,1,1,357.4138418064703,342.3149288997753,0,0,0,0,0,0,17512488,1287288
balanced,14,16,4,20260812,105,1,1,1,0,0,1,223,160,4,3,348.31032790178165,375.63292713603016,0,0,0,16475320,2746938,0,204813864,15108696
balanced,14,16,4,20260812,106,1,1,1,0,0,1,31,20,1,1,394.00234803553855,394.73985084546564,0,0,0,2726031,469134,0,28530216,2100312
balanced,14,16,4,20260812,107,1,1,1,0,0,1,109,655,2,11,342.8166736929266,358.0291312790323,0,0,0,19143796,3181724,0,100145448,7384968
balanced,14,16,4,20260812,108,1,1,1,0,0,1,27,27,1,1,394.31551835742596,377.1709502882819,0,0,0,2297,583,0,24857640,1829304
balanced,14,16,4,20260812,109,1,1,1,0,0,1,20,41,1,1,322.3365405362646,320.13323376200583,0,0,0,300,110,0,18430632,1355040
balanced,14,16,4,20260812,110,1,1,1,0,0,1,20,13,1,1,183.05494180327491,181.49747475777087,0,0,0,154767,32742,0,18430632,1355040
balanced,14,16,4,20260812,111,1,1,1,0,0,1,34,41,1,1,391.59554142657464,387.0294615186163,0,0,0,113068,26694,0,31284648,2303568
balanced,14,16,4,20260812,112,1,1,1,0,0,1,43,47,1,1,331.2135708320345,311.52823875056015,0,0,0,3417548,596853,0,39547944,2913336
balanced,14,16,4,20260812,113,1,1,1,0,0,1,59,34,1,1,407.2839752908963,397.7014412041411,0,0,0,10245286,1708427,0,54238248,3997368
balanced,14,16,4,20260812,114,1,1,1,0,0,1,18,16,1,1,376.30175681371196,362.6696780355107,0,0,0,0,0,0,16594344,1219536
balanced,14,16,4,20260812,115,1,1,1,0,0,1,27,17,1,1,382.42586630727544,392.7025538380016,0,0,0,23540,5672,0,24857640,1829304
balanced,14,16,4,20260812,116,1,1,1,0,0,1,25,22,1,1,328.874621075027,320.2597530131729,0,0,0,98916,20824,0,23021352,1693800
balanced,14,16,4,20260812,117,1,1,1,0,0,1,26,24,1,1,352.9412195825846,370.651701132769,0,0,0,16603,3659,0,23939496,1761552
balanced,14,16,4,20260812,118,1,1,1,0,0,1,59,45,1,1,417.56175888924724,395.7567076209075,0,0,0,11130777,1854355,0,54238248,3997368
balanced,14,16,4,20260812,119,1,1,1,0,0,1,25,114,1,2,315.17217926862486,315.30254287312334,0,0,0,219468,45642,0,23021352,1693800
balanced,14,16,4,20260812,120,1,1,1,0,0,1,13,29,1,1,305.11918448890356,309.99698307406715,0,0,0,0,0,0,12003624,880776
balanced,14,16,4,20260812,121,1,1,1,0,0,1,65,44,1,1,352.7928961859316,356.83964524352393,0,0,0,12860915,2147815,0,59747112,4403880
balanced,14,16,4,20260812,122,1,1,1,0,0,1,31,28,1,1,343.54297825413096,342.30297215115786,0,0,0,1002993,187811,0,28530216,2100312
balanced,14,16,4,20260812,123,1,1,1,0,0,1,34,36,1,1,424.75021617604745,407.54409361450223,0,0,0,1880990,339424,0,31284648,2303568
balanced,14,16,4,20260812,124,1,1,1,0,0,1,34,24,1,1,413.5323488431959,337.2883026642484,0,0,0,388123,83606,0,31284648,2303568
balanced,14,16,4,20260812,125,1,1,1,0,0,1,56,34,1,1,435.82644222556144,399.6093371646509,0,0,0,8218513,1381919,0,51483816,3794112
balanced,14,16,4,20260812,126,1,1,1,0,0,1,23,23,1,1,338.87336339645447,337.7204770557595,0,0,0,336411,68344,0,21185064,1558296
balanced,14,16,4,20260812,127,1,1,1,0,0,1,33,29,1,1,342.67644184646906,378.2345324091849,0,0,0,1860516,334065,0,30366504,2235816
balanced,14,16,4,20260813,0,1,1,1,0,0,1,173,259,3,4,320.1888890837285,349.9311516000427,0,0,0,19315729,3203418,0,158906664,11721096
balanced,14,16,4,20260813,1,1,1,1,0,0,1,21,30,1,1,357.2914331515125,321.1984073170287,0,0,0,5720,1430,0,19348776,1422792
balanced,14,16,4,20260813,2,1,1,1,0,0,1,27,23,1,1,404.23575525068475,397.57543228840905,0,0,0,119493,25676,0,24857640,1829304
balanced,14,16,4,20260813,3,1,1,1,0,0,1,26,21,1,1,337.2309231730778,294.03879410917034,0,0,0,4602,1184,0,23939496,1761552
balanced,14,16,4,20260813,4,1,1,1,0,0,1,25,27,1,1,348.78278983846434,338.2292360522222,0,0,0,14502,3435,0,23021352,1693800
balanced,14,16,4,20260813,5,1,1,1,0,0,1,70,129,1,2,256.4322641917446,263.5690255503285,0,0,0,16440281,2744023,0,64337832,4742640
balanced,14,16,4,20260813,6,1,1,1,0,0,1,117,29,2,1,337.4827994705428,363.9986353154242,0,0,0,18608137,3095776,0,107490600,7926984
balanced,14,16,4,20260813,7,1,1,1,0,0,1,17,19,1,1,325.5595569269899,322.22706879716213,0,0,0,0,0,0,15676200,1151784
balanced,14,16,4,20260813,8,1,1,1,0,0,1,32,25,1,1,350.1781904587092,343.57872197140046,0,0,0,1870526,332817,0,29448360,2168064
balanced,14,16,4,20260813,9,1,1,1,0,0,1,171,132,3,2,452.52755187880217,414.95074410053996,0,0,0,15196084,2532385,0,157070376,11585592
balanced,14,16,4,20260813,10,1,1,1,0,0,1,56,258,1,4,369.4607404491426,368.39609812300307,0,0,0,5629388,989145,0,51483816,3794112
balanced,14,16,4,20260813,11,1,1,1,0,0,1,19,30,1,1,292.4846710151942,263.79758398974,0,0,0,0,0,0,17512488,1287288
balanced,14,16,4,20260813,12,1,1,1,0,0,1,12,30,1,1,303.81627719348353,304.550657887391,0,0,0,0,0,0,11085480,813024
balanced,14,16,4,20260813,13,1,1,1,0,0,1,18,21,1,1,343.41326228620784,335.3022522446897,0,0,0,0,0,0,16594344,1219536
balanced,14,16,4,20260813,14,1,1,1,0,0,1,27,125,1,2,369.2662689538034,395.1070083106933,0,0,0,63797,14048,0,24857640,1829304
balanced,14,16,4,20260813,15,1,1,1,0,0,1,170,117,3,2,425.0539059100532,330.7336079687972,0,0,0,17090994,2843773,0,156152232,11517840
balanced,14,16,4,20260813,16,1,1,1,0,0,1,38,62,1,1,362.82187196842585,366.83417420753267,0,0,0,3793017,658664,0,34957224,2574576
balanced,14,16,4,20260813,17,1,1,1,0,0,1,26,31,1,1,388.0456126317609,398.40988922641657,0,0,0,72840,15468,0,23939496,1761552
balanced,14,16,4,20260813,18,1,1,1,0,0,1,28,45,1,1,284.87102468563717,287.5140629862135,0,0,0,309429,63536,0,25775784,1897056
balanced,14,16,4,20260813,19,1,1,1,0,0,1,32,24,1,1,405.2282959378695,388.3367400147191,0,0,0,2075311,366112,0,29448360,2168064
balanced,14,16,4,20260813,20,1,1,1,0,0,1,42,258,1,4,319.1920816806416,347.0432388824624,0,0,0,3797987,648394,0,38629800,2845584
balanced,14,16,4,20260813,21,1,1,1,0,0,1,64,44,1,1,353.470729447975,398.57316820903765,0,0,0,10211722,1718121,0,58828968,4336128
balanced,14,16,4,20260813,22,1,1,1,0,0,1,20,24,1,1,349.851078803326,329.32839236431755,0,0,0,543,263,0,18430632,1355040
balanced,14,16,4,20260813,23,1,1,1,0,0,1,26,35,1,1,350.48698354546644,354.51631612690585,0,0,0,312478,64112,0,23939496,1761552
balanced,14,16,4,20260813,24,1,1,1,0,0,1,32,37,1,1,311.5196768560181,315.89184971108915,0,0,0,1777102,317976,0,29448360,2168064
balanced,14,16,4,20260813,25,1,1,1,0,0,1,108,59,2,1,421.9574394094489,424.0351392561671,0,0,0,14252314,2386321,0,99227304,7317216
balanced,14,16,4,20260813,26,1,1,1,0,0,1,18,14,1,1,279.83087349646235,282.0451285231401,0,0,0,0,0,0,16594344,1219536
balanced,14,16,4,20260813,27,1,1,1,0,0,1,27,28,1,1,299.9857237226,279.3103704664742,0,0,0,392602,82522,0,24857640,1829304
balanced,14,16,4,20260813,28,1,1,1,0,0,1,43,28,1,1,312.4850299089268,304.4301267694177,0,0,0,5248781,888292,0,39547944,2913336
balanced,14,16,4,20260813,29,1,1,1,0,0,1,25,305,1,5,350.55464781843773,352.0173330499033,0,0,0,39169,8178,0,23021352,1693800
balanced,14,16,4,20260813,30,1,1,1,0,0,1,27,34,1,1,388.1786242184488,386.940386025874,0,0,0,315933,62798,0,24857640,1829304
balanced,14,16,4,20260813,31,1,1,1,0,0,1,31,33,1,1,336.56291763510524,324.7598412733876,0,0,0,860687,162036,0,28530216,2100312
balanced,14,16,4,20260813,32,1,1,1,0,0,1,24,28,1,1,410.53204474795257,426.1593105894092,0,0,0,4663,1110,0,22103208,1626048
balanced,14,16,4,20260813,33,1,1,1,0,0,1,29,36,1,1,377.7144928347095,320.93044997295385,0,0,0,777405,149108,0,26693928,1964808
balanced,14,16,4,20260813,34,1,1,1,0,0,1,121,25,2,1,351.5537074454718,310.8506420983517,0,0,0,18636128,3100995,0,111163176,8197992
balanced,14,16,4,20260813,35,1,1,1,0,0,1,67,27,1,1,379.09999220399527,335.68379849429965,0,0,0,9617362,1664568,0,61583400,4539384
balanced,14,16,4,20260813,36,1,1,1,0,0,1,76,20,1,1,354.3187855299692,353.258955005414,0,0,0,14779344,2468514,0,69846696,5149152
balanced,14,16,4,20260813,37,1,1,1,0,0,1,28,24,1,1,248.7381233197583,254.37791531233654,0,0,0,2042726,362918,0,25775784,1897056
balanced,14,16,4,20260813,38,1,1,1,0,0,1,46,38,1,1,423.9472840737468,418.77831860042926,0,0,0,6187169,1045912,0,42302376,3116592
balanced,14,16,4,20260813,39,1,1,1,0,0,1,38,18,1,1,344.2570863249326,343.01796423735107,0,0,0,5205404,877991,0,34957224,2574576
balanced,14,16,4,20260813,40,1,1,1,0,0,1,42,47,1,1,276.8857901310235,363.1640692513466,0,0,0,5143877,876980,0,38629800,2845584
balanced,14,16,4,20260813,41,1,1,1,0,0,1,30,32,1,1,354.8304884907709,347.57420175836415,0,0,0,1300178,239659,0,27612072,2032560
balanced,14,16,4,20260813,42,1,1,1,0,0,1,18,17,1,1,292.8724187995557,280.96636813215787,0,0,0,0,0,0,16594344,1219536
balanced,14,16,4,20260813,43,1,1,1,0,0,1,473,117,8,2,263.37944563044243,271.8717181440985,0,0,0,19220145,3190122,0,434349864,32046696
balanced,14,16,4,20260813,44,1,1,1,0,0,1,29,17,1,1,339.3775655234087,329.26949587813056,0,0,0,1639815,294627,0,26693928,1964808
balanced,14,16,4,20260813,45,1,1,1,0,0,1,184,574,3,10,361.31814474340024,339.9113004866065,0,0,0,19757232,3275185,0,169006248,12466368
balanced,14,16,4,20260813,46,1,1,1,0,0,1,28,19,1,1,302.7109197521736,272.58261784316204,0,0,0,593199,114237,0,25775784,1897056
balanced,14,16,4,20260813,47,1,1,1,0,0,1,28,20,1,1,306.3029166030992,306.8767418756181,0,0,0,1039926,193396,0,25775784,1897056
balanced,14,16,4,20260813,48,1,1,1,0,0,1,20,28,1,1,357.2387529679846,432.5780940181603,0,0,0,0,0,0,18430632,1355040
balanced,14,16,4,20260813,49,1,1,1,0,0,1,175,44,3,1,387.0268701282777,374.7904783706736,0,0,0,15009758,2511773,0,160742952,11856600
balanced,14,16,4,20260813,50,1,1,1,0,0,1,36,36,1,1,345.41876251517823,350.84168803874195,0,0,0,1904289,347922,0,33120936,2439072
balanced,14,16,4,20260813,51,1,1,1,0,0,1,19,46,1,1,270.8177602441584,261.3928486981134,0,0,0,0,0,0,17512488,1287288
balanced,14,16,4,20260813,52,1,1,1,0,0,1,59,18,1,1,318.9936529168249,313.4163697623837,0,0,0,11266264,1881350,0,54238248,3997368
balanced,14,16,4,20260813,53,1,1,1,0,0,1,357,119,6,2,439.68257459795484,382.4193092882675,0,0,0,20461054,3388695,0,327845160,24187464
balanced,14,16,4,20260813,54,1,1,1,0,0,1,72,38,1,1,334.6760148069003,313.517108074725,0,0,0,14841770,2473126,0,66174120,4878144
balanced,14,16,4,20260813,55,1,1,1,0,0,1,32,26,1,1,305.8040569623696,296.37684310327086,0,0,0,1109844,213361,0,29448360,2168064
balanced,14,16,4,20260813,56,1,1,1,0,0,1,36,431,1,7,380.9591860581421,402.71415590903155,0,0,0,3112132,548458,0,33120936,2439072
balanced,14,16,4,20260813,57,1,1,1,0,0,1,27,66,1,1,315.6241613106896,318.01620542458113,0,0,0,1907555,335525,0,24857640,1829304
balanced,14,16,4,20260813,58,1,1,1,0,0,1,44,33,1,1,359.54951261713256,356.1786039085903,0,0,0,4654476,805656,0,40466088,2981088
balanced,14,16,4,20260813,59,1,1,1,0,0,1,290,491,5,8,406.02119643748404,468.5352667285921,0,0,0,19153533,3174726,0,266329512,19648080
balanced,14,16,4,20260813,60,1,1,1,0,0,1,28,32,1,1,307.92592138505063,321.32110899227763,0,0,0,84018,19320,0,25775784,1897056
balanced,14,16,4,20260813,61,1,1,1,0,0,1,19,31,1,1,293.76343229783294,299.9959782897494,0,0,0,0,0,0,17512488,1287288
balanced,14,16,4,20260813,62,1,1,1,0,0,1,79,104,1,2,360.8923728538904,344.5753925764391,0,0,0,13866263,2333921,0,72601128,5352408
balanced,14,16,4,20260813,63,1,1,1,0,0,1,27,25,1,1,356.46860112998127,352.07792200635987,0,0,0,1004545,186889,0,24857640,1829304
balanced,14,16,4,20260813,64,1,1,1,0,0,1,24,12,1,1,318.2552628433698,297.84309604971196,0,0,0,90873,19789,0,22103208,1626048
balanced,14,16,4,20260813,65,1,1,1,0,0,1,13,32,1,1,257.1615435259091,278.07488604877494,0,0,0,0,0,0,12003624,880776
balanced,14,16,4,20260813,66,1,1,1,0,0,1,28,33,1,1,400.84925304662664,385.75122479737706,0,0,0,5724,1483,0,25775784,1897056
balanced,14,16,4,20260813,67,1,1,1,0,0,1,109,24,2,1,363.8806142707033,325.4582044545121,0,0,0,15875602,2641978,0,100145448,7384968
balanced,14,16,4,20260813,68,1,1,1,0,0,1,57,35,1,1,288.2726291480502,273.89382925035216,0,0,0,10433506,1744091,0,52401960,3861864
balanced,14,16,4,20260813,69,1,1,1,0,0,1,24,12,1,1,291.1411667892532,278.1157059356673,0,0,0,114481,25778,0,22103208,1626048
balanced,14,16,4,20260813,70,1,1,1,0,0,1,29,29,1,1,364.3627573759335,377.8963648298077,0,0,0,176256,35877,0,26693928,1964808
balanced,14,16,4,20260813,71,1,1,1,0,0,1,233,229,4,4,447.72195827753086,466.1227344262403,0,0,0,12774169,2131567,0,213995304,15786216
balanced,14,16,4,20260813,72,1,1,1,0,0,1,24,72,1,1,296.90946758058624,293.2092538680656,0,0,0,14597,3285,0,22103208,1626048
balanced,14,16,4,20260813,73,1,1,1,0,0,1,52,137,1,2,320.3536691237229,347.1904362696873,0,0,0,9616923,1611154,0,47811240,3523104
balanced,14,16,4,20260813,74,1,1,1,0,0,1,160,173,3,3,376.26147277585017,389.8264502277758,0,0,0,2542016,504272,0,146970792,10840320
balanced,14,16,4,20260813,75,1,1,1,0,0,1,61,24,1,1,318.00933608083017,300.9322744196139,0,0,0,8094482,1390891,0,56074536,4132872
balanced,14,16,4,20260813,76,1,1,1,0,0,1,23,15,1,1,262.7578562270542,245.58704788078867,0,0,0,9573,2205,0,21185064,1558296
balanced,14,16,4,20260813,77,1,1,1,0,0,1,78,20,1,1,416.70099278848284,398.8820404582768,0,0,0,10543549,1790423,0,71682984,5284656
balanced,14,16,4,20260813,78,1,1,1,0,0,1,30,46,1,1,311.39337738348263,383.23265921029747,0,0,0,742624,143514,0,27612072,2032560
balanced,14,16,4,20260813,79,1,1,1,0,0,1,26,27,1,1,300.94286178935005,299.8938337697269,0,0,0,437430,84369,0,23939496,1761552
balanced,14,16,4,20260813,80,1,1,1,0,0,1,111,130,2,2,350.0196972220172,328.74958980456813,0,0,0,16580297,2772410,0,101981736,7520472
balanced,14,16,4,20260813,81,1,1,1,0,0,1,34,18,1,1,287.48612453286466,284.64075618560594,0,0,0,3417198,586180,0,31284648,2303568
balanced,14,16,4,20260813,82,1,1,1,0,0,1,23,25,1,1,319.949548186268,336.58449290037936,0,0,0,31801,7299,0,21185064,1558296
balanced,14,16,4,20260813,83,1,1,1,0,0,1,187,178,3,3,360.77464656822815,368.13517270304476,0,0,0,17604792,2925176,0,171760680,12669624
balanced,14,16,4,20260813,84,1,1,1,0,0,1,16,17,1,1,238.76922066046473,243.3408311989009,0,0,0,0,0,0,14758056,1084032
balanced,14,16,4,20260813,85,1,1,1,0,0,1,44,23,1,1,394.16733844589436,390.1603317323329,0,0,0,2888610,503753,0,40466088,2981088
balanced,14,16,4,20260813,86,1,1,1,0,0,1,38,24,1,1,283.0596511634259,279.4739560874712,0,0,0,4257093,730697,0,34957224,2574576
balanced,14,16,4,20260813,87,1,1,1,0,0,1,39,22,1,1,233.80907365321195,218.8582166341635,0,0,0,5556602,941810,0,35875368,2642328
balanced,14,16,4,20260813,88,1,1,1,0,0,1,23,18,1,1,280.93481263506527,295.1622647573207,0,0,0,960490,180055,0,21185064,1558296
balanced,14,16,4,20260813,89,1,1,1,0,0,1,253,34,4,1,455.9114669163848,400.51813849270724,0,0,0,18163282,3013873,0,232358184,17141256
balanced,14,16,4,20260813,90,1,1,1,0,0,1,13,41,1,1,287.9594323122336,299.86636731604995,0,0,0,0,0,0,12003624,880776
balanced,14,16,4,20260813,91,1,1,1,0,0,1,21,38,1,1,266.34047644810926,254.53740008639164,0,0,0,1033,301,0,19348776,1422792
balanced,14,16,4,20260813,92,1,1,1,0,0,1,551,26,9,1,434.0910874527098,386.27623023830586,0,0,0,19066508,3162250,0,505965096,37331352
balanced,14,16,4,20260813,93,1,1,1,0,0,1,17,22,1,1,269.62908510573516,272.556107793052,0,0,0,0,0,0,15676200,1151784
balanced,14,16,4,20260813,94,1,1,1,0,0,1,28,33,1,1,329.4593141901498,311.81293046540657,0,0,0,2044788,358679,0,25775784,1897056
balanced,14,16,4,20260813,95,1,1,1,0,0,1,33,49,1,1,381.66564218259475,377.0825218989321,0,0,0,2445195,428965,0,30366504,2235816
balanced,14,16,4,20260813,96,1,1,1,0,0,1,29,33,1,1,320.3965118912975,348.8579747861179,0,0,0,392520,78803,0,26693928,1964808
balanced,14,16,4,20260813,97,1,1,1,0,0,1,52,136,1,2,411.8021735078189,433.12723825691444,0,0,0,5729585,978276,0,47811240,3523104
balanced,14,16,4,20260813,98,1,1,1,0,0,1,36,35,1,1,358.129369742729,363.06805901014314,0,0,0,2305514,405152,0,33120936,2439072
balanced,14,16,4,20260813,99,1,1,1,0,0,1,30,23,1,1,363.9257005562024,346.3809746848733,0,0,0,662257,126302,0,27612072,2032560
balanced,14,16,4,20260813,100,1,1,1,0,0,1,53,27,1,1,345.7706070774097,360.3151147188121,0,0,0,8508142,1428057,0,48729384,3590856
balanced,14,16,4,20260813,101,1,1,1,0,0,1,127,17,2,1,266.9753771630406,298.26800153110685,0,0,0,20605020,3410966,0,116672040,8604504
balanced,14,16,4,20260813,102,1,1,1,0,0,1,297,43,5,1,386.60219289511014,349.9496794210485,0,0,0,18690758,3115835,0,272756520,20122344
balanced,14,16,4,20260813,103,1,1,1,0,0,1,188,44,3,1,368.74927893526643,373.3544009927977,0,0,0,19112724,3173239,0,172678824,12737376
balanced,14,16,4,20260813,104,1,1,1,0,0,1,29,31,1,1,358.2815590673213,350.3152875934755,0,0,0,1032974,194615,0,26693928,1964808
balanced,14,16,4,20260813,105,1,1,1,0,0,1,50,112,1,2,340.6065017722722,343.1186801975963,0,0,0,6981490,1182572,0,45974952,3387600
balanced,14,16,4,20260813,106,1,1,1,0,0,1,30,24,1,1,323.8549599426309,314.1002467876954,0,0,0,1799095,321483,0,27612072,2032560
balanced,14,16,4,20260813,107,1,1,1,0,0,1,33,50,1,1,449.08766840238036,454.02682802105255,0,0,0,968270,181391,0,30366504,2235816
balanced,14,16,4,20260813,108,1,1,1,0,0,1,19,34,1,1,274.16886743028215,245.1453988812899,0,0,0,0,0,0,17512488,1287288
balanced,14,16,4,20260813,109,1,1,1,0,0,0,33,980,1,16,390.97258001745234,,0,0,0,528195,106641,0,30366504,2235816
balanced,14,16,4,20260813,110,1,1,1,0,0,1,38,26,1,1,383.3255942532145,373.9778840621872,0,0,0,2881477,505007,0,34957224,2574576
balanced,14,16,4,20260813,111,1,1,1,0,0,1,94,455,2,8,292.0362660657782,303.02833327751176,0,0,0,21160313,3500470,0,86373288,6368688
balanced,14,16,4,20260813,112,1,1,1,0,0,1,18,44,1,1,376.3102742304553,369.6379033484395,0,0,0,0,0,0,16594344,1219536
balanced,14,16,4,20260813,113,1,1,1,0,0,1,207,28,4,1,284.9079619048254,248.65034492039683,0,0,0,21072758,3486246,0,190123560,14024664
balanced,14,16,4,20260813,114,1,1,1,0,0,1,27,36,1,1,386.75666713130926,361.1384718093646,0,0,0,35350,7641,0,24857640,1829304
balanced,14,16,4,20260813,115,1,1,1,0,0,1,24,17,1,1,321.6777879037828,334.67963777807824,0,0,0,752,230,0,22103208,1626048
balanced,14,16,4,20260813,116,1,1,1,0,0,1,51,45,1,1,317.7574664641461,331.09658195762773,0,0,0,3129556,554720,0,46893096,3455352
balanced,14,16,4,20260813,117,1,1,1,0,0,1,28,31,1,1,297.2888574977323,298.8472088796549,0,0,0,1479196,267857,0,25775784,1897056
balanced,14,16,4,20260813,118,1,1,1,0,0,1,22,23,1,1,316.09331945135114,325.4434519014776,0,0,0,7626,1730,0,20266920,1490544
balanced,14,16,4,20260813,119,1,1,1,0,0,1,24,31,1,1,333.21425384916176,336.4570276536355,0,0,0,5598,1300,0,22103208,1626048
balanced,14,16,4,20260813,120,1,1,1,0,0,1,24,17,1,1,316.17890803226896,320.9872087872861,0,0,0,117813,25136,0,22103208,1626048
balanced,14,16,4,20260813,121,1,1,1,0,0,1,38,30,1,1,446.63233814940884,448.62924113499713,0,0,0,1690651,314184,0,34957224,2574576
balanced,14,16,4,20260813,122,1,1,1,0,0,1,20,23,1,1,310.59728441390973,293.04571580544126,0,0,0,0,0,0,18430632,1355040
balanced,14,16,4,20260813,123,1,1,1,0,0,1,112,48,2,1,310.33424729333706,303.2341382017859,0,0,0,19719198,3268211,0,102899880,7588224
balanced,14,16,4,20260813,124,1,1,1,0,0,1,37,45,1,1,318.8607026738446,319.7205341663269,0,0,0,1544633,287248,0,34039080,2506824
balanced,14,16,4,20260813,125,1,1,1,0,0,1,33,55,1,1,348.98632513254216,375.44985907941475,0,0,0,102339,23637,0,30366504,2235816
balanced,14,16,4,20260813,126,1,1,1,0,0,1,217,46,4,1,365.33863544315454,363.93036960579946,0,0,0,17379898,2884305,0,199305000,14702184
balanced,14,16,4,20260813,127,1,1,1,0,0,1,21,65,1,1,312.40654202158265,315.1010415064334,0,0,0,1654,501,0,19348776,1422792
balanced,16,16,4,20260809,0,1,1,1,0,0,1,37,23,1,1,318.1463945999453,328.6641794878916,0,0,0,3260636,558714,0,34039080,2506824
balanced,16,16,4,20260809,1,1,1,1,0,0,1,42,17,1,1,319.244503996015,298.31313780294295,0,0,0,678662,133653,0,38629800,2845584
balanced,16,16,4,20260809,2,1,1,1,0,0,1,40,25,1,1,386.867476264577,388.67262118387396,0,0,0,145555,34389,0,36793512,2710080
balanced,16,16,4,20260809,3,1,1,1,0,0,1,41,36,1,1,367.00421729754777,362.1952545164906,0,0,0,3068077,544300,0,37711656,2777832
balanced,16,16,4,20260809,4,1,1,1,0,0,1,17,15,1,1,410.41626611945526,319.89038709201327,0,0,0,0,0,0,15676200,1151784
balanced,16,16,4,20260809,5,1,1,1,0,0,1,53,16,1,1,263.4989090628512,274.69419033665883,0,0,0,377133,84732,0,48729384,3590856
balanced,16,16,4,20260809,6,1,1,1,0,0,1,112,23,2,1,292.70493146364004,302.4205950937307,0,0,0,17819493,2951483,0,102899880,7588224
balanced,16,16,4,20260809,7,1,1,1,0,0,1,34,114,1,2,367.54835723090434,343.06178101531583,0,0,0,330650,67073,0,31284648,2303568
balanced,16,16,4,20260809,8,1,1,1,0,0,1,28,56,1,1,353.32071911028163,359.70213395503305,0,0,0,0,0,0,25775784,1897056
balanced,16,16,4,20260809,9,1,1,1,0,0,1,258,334,4,6,366.6000527719956,342.90550571574124,0,0,0,16714173,2773904,0,236948904,17480016
balanced,16,16,4,20260809,10,1,1,1,0,0,1,23,39,1,1,338.3058737049273,351.1709519540915,0,0,0,0,0,0,21185064,1558296
balanced,16,16,4,20260809,11,1,1,1,0,0,1,289,21,5,1,403.43640741397036,361.91901569493524,0,0,0,16072471,2672177,0,265411368,19580328
balanced,16,16,4,20260809,12,1,1,1,0,0,1,42,52,1,1,390.6551592319578,385.6277491698546,0,0,0,568042,113187,0,38629800,2845584
balanced,16,16,4,20260809,13,1,1,1,0,0,1,110,471,2,8,427.4320978705345,444.04929026291046,0,0,0,11164098,1886767,0,101063592,7452720
balanced,16,16,4,20260809,14,1,1,1,0,0,1,32,61,1,1,338.5979398863363,344.9932359701255,0,0,0,5196,1227,0,29448360,2168064
balanced,16,16,4,20260809,15,1,1,1,0,0,1,122,185,2,3,353.9673039297087,392.8371303649066,0,0,0,13933017,2316469,0,112081320,8265744
balanced,16,16,4,20260809,16,1,1,1,0,0,1,118,34,2,1,428.2475738057816,393.06636497611544,0,0,0,15792321,2620835,0,108408744,7994736
balanced,16,16,4,20260809,17,1,1,1,0,0,1,37,22,1,1,305.6760592640092,350.00538713651184,0,0,0,3604371,614872,0,34039080,2506824
balanced,16,16,4,20260809,18,1,1,1,0,0,1,177,22,3,1,472.1753071822053,453.84616372582457,0,0,0,16216717,2689015,0,162579240,11992104
balanced,16,16,4,20260809,19,1,1,1,0,0,1,27,25,1,1,381.1940697065229,387.839971311754,0,0,0,0,0,0,24857640,1829304
balanced,16,16,4,20260809,20,1,1,1,0,0,1,44,24,1,1,286.36505775018753,279.96045497823843,0,0,0,3320630,579103,0,40466088,2981088
balanced,16,16,4,20260809,21,1,1,1,0,0,1,14,14,1,1,273.57854771508386,273.57854771508386,0,0,0,0,0,0,12921768,948528
balanced,16,16,4,20260809,22,1,1,1,0,0,1,25,22,1,1,308.5124129581066,360.3091827740966,0,0,0,18,12,0,23021352,1693800
balanced,16,16,4,20260809,23,1,1,1,0,0,1,38,16,1,1,348.9287107278032,360.65008896626534,0,0,0,1590504,285187,0,34957224,2574576
balanced,16,16,4,20260809,24,1,1,1,0,0,1,29,19,1,1,311.34676067526306,299.5748059099719,0,0,0,43051,9944,0,26693928,1964808
balanced,16,16,4,20260809,25,1,1,1,0,0,1,27,22,1,1,233.46049367038287,231.49009693130174,0,0,0,3811,1041,0,24857640,1829304
balanced,16,16,4,20260809,26,1,1,1,0,0,1,27,27,1,1,287.54706712272224,298.1364026687779,0,0,0,0,0,0,24857640,1829304
balanced,16,16,4,20260809,27,1,1,1,0,0,1,19,38,1,1,282.4251143019695,279.68360395475577,0,0,0,0,0,0,17512488,1287288
balanced,16,16,4,20260809,28,1,1,1,0,0,1,762,249,13,4,351.76596320147996,332.2408439188472,0,0,0,17541485,2904891,0,699693480,51627024
balanced,16,16,4,20260809,29,1,1,1,0,0,1,29,43,1,1,342.08492718851875,385.2152367537198,0,0,0,15690,3613,0,26693928,1964808
balanced,16,16,4,20260809,30,1,1,1,0,0,1,17,33,1,1,332.7156967748629,325.8828210696963,0,0,0,0,0,0,15676200,1151784
balanced,16,16,4,20260809,31,1,1,1,0,0,1,26,20,1,1,282.4417930129109,285.52694858161897,0,0,0,25292,5332,0,23939496,1761552
balanced,16,16,4,20260809,32,1,1,1,0,0,1,23,28,1,1,353.87693487265017,340.4050680907237,0,0,0,8,8,0,21185064,1558296
balanced,16,16,4,20260809,33,1,1,1,0,0,1,17,18,1,1,351.2539752513059,346.02187035022496,0,0,0,0,0,0,15676200,1151784
balanced,16,16,4,20260809,34,1,1,1,0,0,1,227,226,4,4,360.8187196957269,385.6033038513326,0,0,0,17215158,2849248,0,208486440,15379704
balanced,16,16,4,20260809,35,1,1,1,0,0,1,45,52,1,1,441.364641160651,407.4045599519107,0,0,0,3316232,569273,0,41384232,3048840
balanced,16,16,4,20260809,36,1,1,1,0,0,1,44,25,1,1,385.2338679066979,396.351264363206,0,0,0,1317164,240317,0,40466088,2981088
balanced,16,16,4,20260809,37,0,0,0,0,1,0,980,980,16,16,,,0,0,0,12852105,2139701,0,899848872,66396960
balanced,16,16,4,20260809,38,1,1,1,0,0,1,112,37,2,1,424.0336994106734,391.12588992694896,0,0,0,14175667,2368532,0,102899880,7588224
balanced,16,16,4,20260809,39,1,1,1,0,0,1,25,37,1,1,343.76950382381267,360.0953822279208,0,0,0,0,0,0,23021352,1693800
balanced,16,16,4,20260809,40,1,1,1,0,0,1,16,33,1,1,280.6114019145944,293.50734883469914,0,0,0,0,0,0,14758056,1084032
balanced,16,16,4,20260809,41,1,1,1,0,0,1,18,18,1,1,293.7052144960676,226.82538599575787,0,0,0,0,0,0,16594344,1219536
balanced,16,16,4,20260809,42,1,1,1,0,0,1,47,25,1,1,328.7853623556117,328.3955906081728,0,0,0,1696047,318385,0,43220520,3184344
balanced,16,16,4,20260809,43,1,1,1,0,0,1,29,21,1,1,327.8708032616791,343.36213996198785,0,0,0,237987,48768,0,26693928,1964808
balanced,16,16,4,20260809,44,1,1,1,0,0,1,32,18,1,1,415.53792045987825,396.4687337538469,0,0,0,196964,40149,0,29448360,2168064
balanced,16,16,4,20260809,45,1,1,1,0,0,1,21,26,1,1,260.790073795145,247.19065710579184,0,0,0,0,0,0,19348776,1422792
balanced,16,16,4,20260809,46,1,1,1,0,0,1,111,25,2,1,409.58740438325236,399.623139095343,0,0,0,15555253,2576274,0,101981736,7520472
balanced,16,16,4,20260809,47,1,1,1,0,0,1,223,22,4,1,307.76632450019235,300.8377827556977,0,0,0,15118400,2509816,0,204813864,15108696
balanced,16,16,4,20260809,48,1,1,1,0,0,1,31,27,1,1,411.17963838383093,391.10301773934555,0,0,0,332,126,0,28530216,2100312
balanced,16,16,4,20260809,49,1,1,1,0,0,1,29,25,1,1,383.9185769363319,379.82016155951317,0,0,0,0,0,0,26693928,1964808
balanced,16,16,4,20260809,50,1,1,1,0,0,1,30,31,1,1,317.9132485500227,313.24746694633507,0,0,0,4718,1115,0,27612072,2032560
balanced,16,16,4,20260809,51,1,1,1,0,0,1,30,17,1,1,263.7509668181009,272.420109038991,0,0,0,259555,53508,0,27612072,2032560
balanced,16,16,4,20260809,52,1,1,1,0,0,1,41,44,1,1,296.2232499367866,258.6872963628482,0,0,0,4796736,811259,0,37711656,2777832
balanced,16,16,4,20260809,53,1,1,1,0,0,1,48,80,1,1,340.8877484362215,353.6181848264015,0,0,0,283217,63434,0,44138664,3252096
balanced,16,16,4,20260809,54,1,1,1,0,0,1,30,46,1,1,388.574463848896,385.9629727434567,0,0,0,44493,9365,0,27612072,2032560
balanced,16,16,4,20260809,55,1,1,1,0,0,1,36,25,1,1,391.83426521971865,405.4659368855956,0,0,0,1644963,299908,0,33120936,2439072
balanced,16,16,4,20260809,56,1,1,1,0,0,1,29,184,1,3,330.546580202735,348.3060198881217,0,0,0,178551,37144,0,26693928,1964808
balanced,16,16,4,20260809,57,1,1,1,0,0,1,17,19,1,1,319.78759681830473,335.1588456344334,0,0,0,0,0,0,15676200,1151784
balanced,16,16,4,20260809,58,1,1,1,0,0,1,28,16,1,1,317.1992605606455,303.81979552907956,0,0,0,130961,27044,0,25775784,1897056
balanced,16,16,4,20260809,59,1,1,1,0,0,1,44,45,1,1,442.29743084299844,452.26105662239297,0,0,0,345015,73571,0,40466088,2981088
balanced,16,16,4,20260809,60,1,1,1,0,0,1,105,30,2,1,313.8368464497967,331.04892371412643,0,0,0,17396141,2886230,0,96472872,7113960
balanced,16,16,4,20260809,61,1,1,1,0,0,1,176,247,3,4,413.57292041868203,419.521480659494,0,0,0,5086466,916032,0,161661096,11924352
balanced,16,16,4,20260809,62,1,1,1,0,0,1,35,28,1,1,375.23815819477284,414.8972389588573,0,0,0,209768,42567,0,32202792,2371320
balanced,16,16,4,20260809,63,1,1,1,0,0,1,99,37,2,1,413.0120941652665,385.642096417405,0,0,0,4187863,769434,0,90964008,6707448
balanced,16,16,4,20260809,64,1,1,1,0,0,1,21,23,1,1,292.47487136357347,278.7770616951118,0,0,0,0,0,0,19348776,1422792
balanced,16,16,4,20260809,65,1,1,1,0,0,1,15,31,1,1,285.58125895758644,298.46332625844525,0,0,0,0,0,0,13839912,1016280
balanced,16,16,4,20260809,66,1,1,1,0,0,1,33,22,1,1,306.2017227738768,310.05971627856,0,0,0,629733,121564,0,30366504,2235816
balanced,16,16,4,20260809,67,1,1,1,0,0,1,35,31,1,1,430.6190126023324,428.84117822222026,0,0,0,935747,177476,0,32202792,2371320
balanced,16,16,4,20260809,68,1,1,1,0,0,1,24,20,1,1,285.73332162990243,290.45936733726637,0,0,0,1367,448,0,22103208,1626048
balanced,16,16,4,20260809,69,1,1,1,0,0,1,36,35,1,1,371.4201925964611,355.31448491275955,0,0,0,689928,133512,0,33120936,2439072
balanced,16,16,4,20260809,70,1,1,1,0,0,1,40,32,1,1,307.2022832024958,324.2738142332343,0,0,0,78886,18882,0,36793512,2710080
balanced,16,16,4,20260809,71,1,1,1,0,0,1,24,19,1,1,228.5749587491972,253.9745954435926,0,0,0,1011,347,0,22103208,1626048
balanced,16,16,4,20260809,72,1,1,1,0,0,1,22,30,1,1,370.64213244020436,345.2601536845826,0,0,0,0,0,0,20266920,1490544
balanced,16,16,4,20260809,73,1,1,1,0,0,1,40,16,1,1,271.09474733407797,272.94166483059627,0,0,0,1098473,205702,0,36793512,2710080
balanced,16,16,4,20260809,74,1,1,1,0,0,1,42,30,1,1,438.8387048398205,393.94997139003056,0,0,0,93747,20565,0,38629800,2845584
balanced,16,16,4,20260809,75,1,1,1,0,0,1,110,104,2,2,391.1384943108595,379.9423287006333,0,0,0,16974519,2812699,0,101063592,7452720
balanced,16,16,4,20260809,76,1,1,1,0,0,1,29,30,1,1,386.6004632550951,386.90030226549425,0,0,0,0,0,0,26693928,1964808
balanced,16,16,4,20260809,77,1,1,1,0,0,1,39,27,1,1,341.35240873970747,335.72277966329,0,0,0,2484949,432612,0,35875368,2642328
balanced,16,16,4,20260809,78,1,1,1,0,0,1,105,120,2,2,323.69281361419314,334.84901268840355,0,0,0,18928587,3133779,0,96472872,7113960
balanced,16,16,4,20260809,79,1,1,1,0,0,1,47,16,1,1,303.32468129049903,273.0699800584164,0,0,0,6409145,1076225,0,43220520,3184344
balanced,16,16,4,20260809,80,1,1,1,0,0,1,20,29,1,1,384.1977355660755,390.7174692338731,0,0,0,0,0,0,18430632,1355040
balanced,16,16,4,20260809,81,1,1,1,0,0,1,28,20,1,1,378.978317567707,363.0386420998793,0,0,0,4,4,0,25775784,1897056
balanced,16,16,4,20260809,82,1,1,1,0,0,1,35,30,1,1,314.07108307873284,303.2887316188873,0,0,0,261078,53695,0,32202792,2371320
balanced,16,16,4,20260809,83,1,1,1,0,0,1,22,34,1,1,404.13317694081593,363.06592510765,0,0,0,0,0,0,20266920,1490544
balanced,16,16,4,20260809,84,1,1,1,0,0,1,46,27,1,1,415.59369971343506,357.15246147857147,0,0,0,2611880,466323,0,42302376,3116592
balanced,16,16,4,20260809,85,1,1,1,0,0,1,19,29,1,1,214.33441560825503,257.4272679986892,0,0,0,0,0,0,17512488,1287288
balanced,16,16,4,20260809,86,1,1,1,0,0,1,35,50,1,1,315.43982862278983,338.1824667100422,0,0,0,1580139,288967,0,32202792,2371320
balanced,16,16,4,20260809,87,1,1,1,0,0,1,37,162,1,3,303.125243753404,322.8378844463758,0,0,0,816540,155181,0,34039080,2506824
balanced,16,16,4,20260809,88,1,1,1,0,0,1,28,42,1,1,340.3919498461496,377.6572523052703,0,0,0,124234,26111,0,25775784,1897056
balanced,16,16,4,20260809,89,1,1,1,0,0,1,115,32,2,1,392.53329341297206,366.4414296001787,0,0,0,16736779,2777815,0,105654312,7791480
balanced,16,16,4,20260809,90,1,1,1,0,0,1,21,16,1,1,304.36271079121286,311.677600028673,0,0,0,0,0,0,19348776,1422792
balanced,16,16,4,20260809,91,1,1,1,0,0,1,137,524,2,9,503.4132880698481,507.0068833867473,0,0,0,13155235,2195497,0,125853480,9282024
balanced,16,16,4,20260809,92,1,1,1,0,0,1,41,26,1,1,322.7155043235801,343.5577990850549,0,0,0,450837,92825,0,37711656,2777832
balanced,16,16,4,20260809,93,1,1,1,0,0,1,21,31,1,1,330.4522182724087,300.4789985779083,0,0,0,0,0,0,19348776,1422792
balanced,16,16,4,20260809,94,1,1,1,0,0,1,31,33,1,1,344.76009683693974,362.5856886511678,0,0,0,5662,1418,0,28530216,2100312
balanced,16,16,4,20260809,95,1,1,1,0,0,1,17,18,1,1,348.3839892393951,339.04132144161815,0,0,0,0,0,0,15676200,1151784
balanced,16,16,4,20260809,96,1,1,1,0,0,1,107,16,2,1,313.26296663806676,300.6408532896441,0,0,0,17918141,2970465,0,98309160,7249464
balanced,16,16,4,20260809,97,1,1,1,0,0,1,33,345,1,6,466.1886615022887,417.980230749307,0,0,0,442129,90193,0,30366504,2235816
balanced,16,16,4,20260809,98,1,1,1,0,0,1,22,25,1,1,327.33594158445766,326.960255386557,0,0,0,0,0,0,20266920,1490544
balanced,16,16,4,20260809,99,1,1,1,0,0,1,25,44,1,1,355.7805720157923,326.94040353973685,0,0,0,0,0,0,23021352,1693800
balanced,16,16,4,20260809,100,1,1,1,0,0,1,35,161,1,3,376.2285641786908,399.8671233225304,0,0,0,86939,20295,0,32202792,2371320
balanced,16,16,4,20260809,101,1,1,1,0,0,1,101,18,2,1,336.1811701978843,309.140936455733,0,0,0,16693420,2773645,0,92800296,6842952
balanced,16,16,4,20260809,102,1,1,1,0,0,1,26,113,1,2,272.6439639243604,251.44306191146518,0,0,0,250895,52122,0,23939496,1761552
balanced,16,16,4,20260809,103,1,1,1,0,0,1,289,54,5,1,413.98049490177,410.70648991171845,0,0,0,16971625,2812997,0,265411368,19580328
balanced,16,16,4,20260809,104,1,1,1,0,0,1,25,18,1,1,290.83895956349977,295.380544476776,0,0,0,0,0,0,23021352,1693800
balanced,16,16,4,20260809,105,1,1,1,0,0,1,31,58,1,1,422.2582574949289,391.04841419798083,0,0,0,54958,11772,0,28530216,2100312
balanced,16,16,4,20260809,106,1,1,1,0,0,1,32,35,1,1,308.1091799185616,302.2556580886102,0,0,0,42595,9831,0,29448360,2168064
balanced,16,16,4,20260809,107,1,1,1,0,0,1,55,133,1,2,296.3432288872443,356.0995573300848,0,0,0,5635162,972099,0,50565672,3726360
balanced,16,16,4,20260809,108,1,1,1,0,0,1,18,228,1,4,357.0339576978198,366.3840904689731,0,0,0,0,0,0,16594344,1219536
balanced,16,16,4,20260809,109,1,1,1,0,0,1,38,34,1,1,368.5845542802915,379.0741094134602,0,0,0,167273,34111,0,34957224,2574576
balanced,16,16,4,20260809,110,1,1,1,0,0,1,37,49,1,1,441.6374304536615,413.1985613690827,0,0,0,0,0,0,34039080,2506824
balanced,16,16,4,20260809,111,1,1,1,0,0,1,37,54,1,1,398.0083123076955,404.2715570445873,0,0,0,11244,2574,0,34039080,2506824
balanced,16,16,4,20260809,112,1,1,1,0,0,1,28,48,1,1,330.3181042673114,329.8719165750861,0,0,0,3186,761,0,25775784,1897056
balanced,16,16,4,20260809,113,1,1,1,0,0,1,41,26,1,1,280.98431817549726,276.2851926126827,0,0,0,456389,96648,0,37711656,2777832
balanced,16,16,4,20260809,114,1,1,1,0,0,1,237,20,4,1,417.86317035888965,349.97869022261057,0,0,0,17190087,2852896,0,217667880,16057224
balanced,16,16,4,20260809,115,1,1,1,0,0,1,30,19,1,1,280.29823150691584,261.4680266731877,0,0,0,48,32,0,27612072,2032560
balanced,16,16,4,20260809,116,1,1,1,0,0,1,25,34,1,1,323.21488746233183,334.35677903390723,0,0,0,36,23,0,23021352,1693800
balanced,16,16,4,20260809,117,1,1,1,0,0,1,113,120,2,2,409.65161369897737,419.127855815928,0,0,0,16218273,2698159,0,103818024,7655976
balanced,16,16,4,20260809,118,1,1,1,0,0,1,24,18,1,1,347.4686720716745,344.0011686597601,0,0,0,0,0,0,22103208,1626048
balanced,16,16,4,20260809,119,1,1,1,0,0,1,22,28,1,1,291.67056369975626,293.7021099222694,0,0,0,0,0,0,20266920,1490544
balanced,16,16,4,20260809,120,1,1,1,0,0,1,56,20,1,1,292.9333712977218,285.0630681786598,0,0,0,7607504,1296527,0,51483816,3794112
balanced,16,16,4,20260809,121,1,1,1,0,0,1,32,29,1,1,442.7166953769953,463.4497246426643,0,0,0,950,312,0,29448360,2168064
balanced,16,16,4,20260809,122,1,1,1,0,0,1,48,33,1,1,337.08276075473293,323.65360269006106,0,0,0,6783057,1140011,0,44138664,3252096
balanced,16,16,4,20260809,123,1,1,1,0,0,1,18,29,1,1,365.0605178432185,403.87720113420835,0,0,0,0,0,0,16594344,1219536
balanced,16,16,4,20260809,124,1,1,1,0,0,1,53,440,1,7,328.94615599261283,350.3179562433677,0,0,0,8174974,1373383,0,48729384,3590856
balanced,16,16,4,20260809,125,1,1,1,0,0,1,37,61,1,1,358.01359672029184,354.7803852639372,0,0,0,2115078,371797,0,34039080,2506824
balanced,16,16,4,20260809,126,1,1,1,0,0,1,30,25,1,1,408.04438006846533,354.90696138202713,0,0,0,4,4,0,27612072,2032560
balanced,16,16,4,20260809,127,1,1,1,0,0,1,30,38,1,1,368.04427371581585,369.43141632645563,0,0,0,19099,4203,0,27612072,2032560
balanced,16,16,4,20260810,0,1,1,1,0,0,1,34,50,1,1,500.9250440338453,502.49721104526446,0,0,0,16024,3574,0,31284648,2303568
balanced,16,16,4,20260810,1,1,1,1,0,0,1,15,50,1,1,315.2086960472403,319.08627542985323,0,0,0,0,0,0,13839912,1016280
balanced,16,16,4,20260810,2,1,1,1,0,0,1,27,34,1,1,328.4555325767011,333.84935737985114,0,0,0,43475,9541,0,24857640,1829304
balanced,16,16,4,20260810,3,1,1,1,0,0,1,245,63,4,1,364.846706262799,348.1625220704026,0,0,0,17965726,2974466,0,225013032,16599240
balanced,16,16,4,20260810,4,1,1,1,0,0,1,133,109,2,2,380.898334248175,367.39040561063484,0,0,0,14725340,2448868,0,122180904,9011016
balanced,16,16,4,20260810,5,1,1,1,0,0,1,33,26,1,1,376.6419291294545,381.153274841904,0,0,0,801668,152019,0,30366504,2235816
balanced,16,16,4,20260810,6,1,1,1,0,0,1,24,33,1,1,323.41076255152734,322.41231137976,0,0,0,4571,1093,0,22103208,1626048
balanced,16,16,4,20260810,7,1,1,1,0,0,1,26,117,1,2,300.77962120470977,339.54945456192297,0,0,0,6209,1488,0,23939496,1761552
balanced,16,16,4,20260810,8,1,1,1,0,0,1,47,41,1,1,395.78526449464493,403.7327931923545,0,0,0,89145,20277,0,43220520,3184344
balanced,16,16,4,20260810,9,1,1,1,0,0,1,654,178,11,3,437.7732171562254,413.17602964338323,0,0,0,15112023,2524383,0,600533928,44309808
balanced,16,16,4,20260810,10,1,1,1,0,0,1,29,21,1,1,391.1208559091043,390.5269860841997,0,0,0,48,28,0,26693928,1964808
balanced,16,16,4,20260810,11,1,1,1,0,0,1,19,44,1,1,322.48308138886375,328.14111163253386,0,0,0,0,0,0,17512488,1287288
balanced,16,16,4,20260810,12,1,1,1,0,0,1,26,23,1,1,363.29005184646144,309.88896537221774,0,0,0,234868,48390,0,23939496,1761552
balanced,16,16,4,20260810,13,1,1,1,0,0,1,34,28,1,1,309.2197442624654,308.7297321968356,0,0,0,1019152,191117,0,31284648,2303568
balanced,16,16,4,20260810,14,1,1,1,0,0,1,136,21,2,1,348.5466698686019,292.0137652710964,0,0,0,18273279,3027820,0,124935336,9214272
balanced,16,16,4,20260810,15,1,1,1,0,0,1,16,40,1,1,273.29692897709754,339.24973309515616,0,0,0,0,0,0,14758056,1084032
balanced,16,16,4,20260810,16,1,1,1,0,0,1,29,24,1,1,271.83376783809126,270.0420088370274,0,0,0,138,62,0,26693928,1964808
balanced,16,16,4,20260810,17,1,1,1,0,0,1,26,13,1,1,393.2434727162663,381.6427260802042,0,0,0,0,0,0,23939496,1761552
balanced,16,16,4,20260810,18,1,1,1,0,0,1,54,18,1,1,306.332404546578,299.6085724802879,0,0,0,7770800,1298607,0,49647528,3658608
balanced,16,16,4,20260810,19,1,1,1,0,0,1,29,36,1,1,377.47886895757136,368.8315699259588,0,0,0,0,0,0,26693928,1964808
balanced,16,16,4,20260810,20,1,1,1,0,0,1,16,35,1,1,307.02095243760357,323.12511019006047,0,0,0,0,0,0,14758056,1084032
balanced,16,16,4,20260810,21,1,1,1,0,0,1,134,30,2,1,339.7979436601418,296.4717643378872,0,0,0,18566845,3076634,0,123099048,9078768
balanced,16,16,4,20260810,22,1,1,1,0,0,1,26,33,1,1,258.8488401344117,273.4804678591191,0,0,0,9213,2207,0,23939496,1761552
balanced,16,16,4,20260810,23,1,1,1,0,0,1,136,28,2,1,414.44454464203875,351.1825132953932,0,0,0,15080470,2508510,0,124935336,9214272
balanced,16,16,4,20260810,24,1,1,1,0,0,1,28,26,1,1,341.5640614914419,349.4407365165133,0,0,0,20,16,0,25775784,1897056
balanced,16,16,4,20260810,25,1,1,1,0,0,1,29,45,1,1,339.0157676881215,407.60111912158175,0,0,0,3922,884,0,26693928,1964808
balanced,16,16,4,20260810,26,1,1,1,0,0,1,300,66,5,1,508.6328700561561,455.28849804885164,0,0,0,10989636,1856237,0,275510952,20325600
balanced,16,16,4,20260810,27,1,1,1,0,0,1,44,25,1,1,366.1912450757294,382.17007459500917,0,0,0,555697,108665,0,40466088,2981088
balanced,16,16,4,20260810,28,1,1,1,0,0,1,16,15,1,1,397.2290254529588,398.52242230150136,0,0,0,0,0,0,14758056,1084032
balanced,16,16,4,20260810,29,1,1,1,0,0,1,160,126,3,2,336.36621511878025,337.72514575306855,0,0,0,12768967,2126944,0,146970792,10840320
balanced,16,16,4,20260810,30,1,1,1,0,0,1,32,21,1,1,263.3198737606095,248.57562665168305,0,0,0,271737,58968,0,29448360,2168064
balanced,16,16,4,20260810,31,1,1,1,0,0,1,20,69,1,1,336.5171363064717,322.96210429496466,0,0,0,0,0,0,18430632,1355040
balanced,16,16,4,20260810,32,1,1,1,0,0,1,52,16,1,1,353.5959157507848,388.1751902535789,0,0,0,6532875,1103724,0,47811240,3523104
balanced,16,16,4,20260810,33,1,1,1,0,0,1,121,47,2,1,373.05898540964546,439.3346654948589,0,0,0,11813577,1965930,0,111163176,8197992
balanced,16,16,4,20260810,34,1,1,1,0,0,1,28,20,1,1,413.55825711524534,402.1761809856231,0,0,0,0,0,0,25775784,1897056
balanced,16,16,4,20260810,35,1,1,1,0,0,1,20,36,1,1,263.591571947936,263.76366473461053,0,0,0,0,0,0,18430632,1355040
balanced,16,16,4,20260810,36,1,1,1,0,0,1,38,37,1,1,252.3353940488227,247.66362282152159,0,0,0,3782292,646916,0,34957224,2574576
balanced,16,16,4,20260810,37,1,1,1,0,0,1,23,21,1,1,257.9066197750411,273.0842234902355,0,0,0,4458,1234,0,21185064,1558296
balanced,16,16,4,20260810,38,1,1,1,0,0,1,21,16,1,1,224.96356980016563,232.0928665866565,0,0,0,0,0,0,19348776,1422792
balanced,16,16,4,20260810,39,1,1,1,0,0,1,26,23,1,1,301.2387626345279,311.1790682404327,0,0,0,22144,4644,0,23939496,1761552
balanced,16,16,4,20260810,40,1,1,1,0,0,1,34,33,1,1,316.1874079489505,339.1082961229702,0,0,0,69852,14985,0,31284648,2303568
balanced,16,16,4,20260810,41,1,1,1,0,0,1,49,20,1,1,425.2630744084266,432.7248528330902,0,0,0,3036565,535788,0,45056808,3319848
balanced,16,16,4,20260810,42,1,1,1,0,0,1,34,18,1,1,328.27332835472896,313.7804428261875,0,0,0,953151,179742,0,31284648,2303568
balanced,16,16,4,20260810,43,1,1,1,0,0,1,17,14,1,1,260.6769847589577,273.66490937024776,0,0,0,0,0,0,15676200,1151784
balanced,16,16,4,20260810,44,1,1,1,0,0,1,46,22,1,1,280.26303832828273,260.17455082985055,0,0,0,2972374,548967,0,42302376,3116592
balanced,16,16,4,20260810,45,1,1,1,0,0,1,410,430,7,7,381.3911743743714,360.88183333398666,0,0,0,17555544,2907846,0,376506792,27778320
balanced,16,16,4,20260810,46,1,1,1,0,0,1,23,18,1,1,355.3890245257553,366.97673023523055,0,0,0,0,0,0,21185064,1558296
balanced,16,16,4,20260810,47,1,1,1,0,0,1,24,22,1,1,361.7735430036529,342.8523414560916,0,0,0,0,0,0,22103208,1626048
balanced,16,16,4,20260810,48,1,1,1,0,0,1,50,129,1,2,369.7434741433471,395.49588217723164,0,0,0,17940,4138,0,45974952,3387600
balanced,16,16,4,20260810,49,1,1,1,0,0,1,35,31,1,1,455.36623456258314,470.7772840558175,0,0,0,0,0,0,32202792,2371320
balanced,16,16,4,20260810,50,1,1,1,0,0,1,103,308,2,5,402.8760245409651,452.88876445072606,0,0,0,9951444,1685468,0,94636584,6978456
balanced,16,16,4,20260810,51,1,1,1,0,0,1,50,364,1,6,326.3486988815714,304.1668453408929,0,0,0,1893685,336278,0,45974952,3387600
balanced,16,16,4,20260810,52,1,1,1,0,0,1,31,36,1,1,294.4148628524576,292.7506541601039,0,0,0,2001743,352424,0,28530216,2100312
balanced,16,16,4,20260810,53,1,1,1,0,0,1,21,37,1,1,266.85435224448014,326.72724854792114,0,0,0,0,0,0,19348776,1422792
balanced,16,16,4,20260810,54,1,1,1,0,0,1,27,28,1,1,336.15383539168187,324.24686502327734,0,0,0,85438,18006,0,24857640,1829304
balanced,16,16,4,20260810,55,1,1,1,0,0,1,187,110,3,2,363.1967665384713,345.0508594501022,0,0,0,16968301,2815131,0,171760680,12669624
balanced,16,16,4,20260810,56,1,1,1,0,0,1,24,11,1,1,320.02366905946644,329.64955882880326,0,0,0,0,0,0,22103208,1626048
balanced,16,16,4,20260810,57,1,1,1,0,0,1,60,29,1,1,309.0152333501335,314.855744819478,0,0,0,10780598,1799420,0,55156392,4065120
balanced,16,16,4,20260810,58,1,1,1,0,0,1,20,619,1,10,385.31600568204044,393.87377888446616,0,0,0,0,0,0,18430632,1355040
balanced,16,16,4,20260810,59,1,1,1,0,0,1,46,19,1,1,334.2643550746262,335.1119373839855,0,0,0,5922235,996903,0,42302376,3116592
balanced,16,16,4,20260810,60,1,1,1,0,0,1,709,367,12,6,376.9984935725034,381.01843214094004,0,0,0,16302793,2704142,0,651031848,48036168
balanced,16,16,4,20260810,61,1,1,1,0,0,1,71,51,1,1,388.33561833112265,384.1582002591374,0,0,0,7755078,1336060,0,65255976,4810392
balanced,16,16,4,20260810,62,1,1,1,0,0,1,16,17,1,1,348.47225157148796,357.1627484002779,0,0,0,0,0,0,14758056,1084032
balanced,16,16,4,20260810,63,1,1,1,0,0,1,26,34,1,1,308.08282826675793,308.7777434379728,0,0,0,0,0,0,23939496,1761552
balanced,16,16,4,20260810,64,1,1,1,0,0,1,24,34,1,1,360.25674046849434,358.35719165376827,0,0,0,0,0,0,22103208,1626048
balanced,16,16,4,20260810,65,1,1,1,0,0,1,38,47,1,1,358.24620495855527,363.0432324967421,0,0,0,120979,27586,0,34957224,2574576
balanced,16,16,4,20260810,66,1,1,1,0,0,1,33,31,1,1,323.9085646565777,307.32101096042214,0,0,0,71985,15435,0,30366504,2235816
balanced,16,16,4,20260810,67,1,1,1,0,0,1,42,27,1,1,365.2330985982811,384.68736673372445,0,0,0,1079253,204147,0,38629800,2845584
balanced,16,16,4,20260810,68,1,1,1,0,0,1,242,162,4,3,361.3028642567052,355.9352543997918,0,0,0,18534771,3067115,0,222258600,16395984
balanced,16,16,4,20260810,69,1,1,1,0,0,1,46,113,1,2,358.07143443272355,375.8819997757764,0,0,0,2662627,467018,0,42302376,3116592
balanced,16,16,4,20260810,70,1,1,1,0,0,1,24,25,1,1,467.05467331496743,433.5208307549157,0,0,0,0,0,0,22103208,1626048
balanced,16,16,4,20260810,71,1,1,1,0,0,1,31,31,1,1,338.15441722790655,336.7533139896732,0,0,0,102374,22228,0,28530216,2100312
balanced,16,16,4,20260810,72,1,1,1,0,0,1,71,43,1,1,364.3657510846558,310.2234092341623,0,0,0,12788513,2135094,0,65255976,4810392
balanced,16,16,4,20260810,73,1,1,1,0,0,1,29,102,1,2,380.0812305840373,353.6692118498463,0,0,0,0,0,0,26693928,1964808
balanced,16,16,4,20260810,74,1,1,1,0,0,1,26,43,1,1,403.70153976537256,401.2858387074041,0,0,0,0,0,0,23939496,1761552
balanced,16,16,4,20260810,75,1,1,1,0,0,1,33,50,1,1,338.1886219579162,324.13404739487135,0,0,0,70260,17311,0,30366504,2235816
balanced,16,16,4,20260810,76,1,1,1,0,0,1,25,23,1,1,399.7949975583371,391.9725536314147,0,0,0,0,0,0,23021352,1693800
balanced,16,16,4,20260810,77,1,1,1,0,0,1,35,23,1,1,419.2525612318509,393.7124496750945,0,0,0,67517,15303,0,32202792,2371320
balanced,16,16,4,20260810,78,1,1,1,0,0,1,103,116,2,2,373.48868853936443,374.80335415336606,0,0,0,15931719,2645567,0,94636584,6978456
balanced,16,16,4,20260810,79,1,1,1,0,0,1,37,317,1,5,459.9063230176823,467.3834863630699,0,0,0,1006345,187623,0,34039080,2506824
balanced,16,16,4,20260810,80,1,0,0,1,0,1,41,186,1,3,457.5687963884229,468.7299889820115,0,0,0,121797,26194,0,37711656,2777832
balanced,16,16,4,20260810,81,1,1,1,0,0,1,48,57,1,1,365.85703506893947,380.6844122033713,0,0,0,4586447,801182,0,44138664,3252096
balanced,16,16,4,20260810,82,1,1,1,0,0,1,33,42,1,1,397.3672987807833,386.27129450147584,0,0,0,41107,9611,0,30366504,2235816
balanced,16,16,4,20260810,83,1,1,1,0,0,1,28,25,1,1,324.3564036980701,334.8051483298557,0,0,0,21,18,0,25775784,1897056
balanced,16,16,4,20260810,84,1,1,1,0,0,1,28,44,1,1,360.41048031361333,375.9310045884768,0,0,0,0,0,0,25775784,1897056
balanced,16,16,4,20260810,85,1,1,1,0,0,1,25,23,1,1,318.8930084157718,317.8474096116789,0,0,0,0,0,0,23021352,1693800
balanced,16,16,4,20260810,86,1,1,1,0,0,1,25,54,1,1,355.0727547005422,372.93033090595804,0,0,0,0,0,0,23021352,1693800
balanced,16,16,4,20260810,87,1,1,1,0,0,1,38,42,1,1,368.165161183587,361.0139855623321,0,0,0,327086,65953,0,34957224,2574576
balanced,16,16,4,20260810,88,1,1,1,0,0,1,37,25,1,1,275.88258134632684,275.7587636331284,0,0,0,1441688,259072,0,34039080,2506824
balanced,16,16,4,20260810,89,1,1,1,0,0,1,26,21,1,1,350.59060661285326,337.70771190579063,0,0,0,0,0,0,23939496,1761552
balanced,16,16,4,20260810,90,1,1,1,0,0,1,34,26,1,1,357.0661045447322,378.4694595345113,0,0,0,135961,29579,0,31284648,2303568
balanced,16,16,4,20260810,91,1,1,1,0,0,1,380,618,6,10,416.0191811294344,378.9988369839565,0,0,0,17056911,2832846,0,348962472,25745760
balanced,16,16,4,20260810,92,1,1,1,0,0,1,34,17,1,1,351.200438083204,357.7294501982791,0,0,0,21572,4737,0,31284648,2303568
balanced,16,16,4,20260810,93,1,1,1,0,0,1,34,26,1,1,338.55158970915016,355.6940944962528,0,0,0,850347,165145,0,31284648,2303568
balanced,16,16,4,20260810,94,1,1,1,0,0,1,36,47,1,1,370.02951223973685,383.5899170816034,0,0,0,1596704,285879,0,33120936,2439072
balanced,16,16,4,20260810,95,1,1,1,0,0,1,20,54,1,1,318.67305876420704,334.50434369585696,0,0,0,0,0,0,18430632,1355040
balanced,16,16,4,20260810,96,1,1,1,0,0,1,223,23,4,1,334.0987792361627,340.5832031091288,0,0,0,15683928,2605140,0,204813864,15108696
balanced,16,16,4,20260810,97,1,1,1,0,0,1,26,40,1,1,331.09517688974597,334.7190444299579,0,0,0,10295,2442,0,23939496,1761552
balanced,16,16,4,20260810,98,1,1,1,0,0,1,20,33,1,1,340.9275362383744,457.0496719417851,0,0,0,0,0,0,18430632,1355040
balanced,16,16,4,20260810,99,1,1,1,0,0,1,73,39,1,1,407.50021345925813,372.04870729193954,0,0,0,14000269,2324010,0,67092264,4945896
balanced,16,16,4,20260810,100,1,1,1,0,0,1,34,18,1,1,412.13187278808306,365.2936732462871,0,0,0,115557,24244,0,31284648,2303568
balanced,16,16,4,20260810,101,1,1,1,0,0,1,58,238,1,4,440.80917790851413,454.4985935865019,0,0,0,8591800,1437822,0,53320104,3929616
balanced,16,16,4,20260810,102,1,1,1,0,0,1,114,23,2,1,344.79331859240256,335.99578813258216,0,0,0,16704295,2772692,0,104736168,7723728
balanced,16,16,4,20260810,103,1,1,1,0,0,1,23,37,1,1,431.1074228274101,396.3706190417895,0,0,0,0,0,0,21185064,1558296
balanced,16,16,4,20260810,104,1,1,1,0,0,1,32,62,1,1,314.05782676933114,316.18319336089365,0,0,0,34202,7997,0,29448360,2168064
balanced,16,16,4,20260810,105,1,1,1,0,0,1,40,122,1,2,355.0078967322838,335.46372952776915,0,0,0,3477878,594285,0,36793512,2710080
balanced,16,16,4,20260810,106,1,1,1,0,0,1,274,102,5,2,277.41092682746046,299.67054548016336,0,0,0,19437040,3218234,0,251639208,18564048
balanced,16,16,4,20260810,107,1,1,1,0,0,1,132,238,2,4,426.3969435549467,485.37157856072145,0,0,0,13927154,2311739,0,121262760,8943264
balanced,16,16,4,20260810,108,1,1,1,0,0,1,43,75,1,1,305.89675204011985,348.82497823704784,0,0,0,2650726,466630,0,39547944,2913336
balanced,16,16,4,20260810,109,1,1,1,0,0,1,23,26,1,1,342.3649370075662,386.3130395759481,0,0,0,0,0,0,21185064,1558296
balanced,16,16,4,20260810,110,1,1,1,0,0,1,22,132,1,2,419.78220162157083,411.16075928144755,0,0,0,0,0,0,20266920,1490544
balanced,16,16,4,20260810,111,1,1,1,0,0,1,344,307,6,5,372.9449752573182,388.6953316811241,0,0,0,19027967,3148829,0,315909288,23306688
balanced,16,16,4,20260810,112,1,1,1,0,0,1,32,20,1,1,319.5921713208034,312.0021857091162,0,0,0,271849,56017,0,29448360,2168064
balanced,16,16,4,20260810,113,1,1,1,0,0,1,21,27,1,1,285.0882272442966,284.41383120031895,0,0,0,0,0,0,19348776,1422792
balanced,16,16,4,20260810,114,1,1,1,0,0,1,25,24,1,1,334.72523796690984,287.96351552182637,0,0,0,484,176,0,23021352,1693800
balanced,16,16,4,20260810,115,1,1,1,0,0,1,41,28,1,1,418.46082751248423,452.704581223363,0,0,0,2471083,437464,0,37711656,2777832
balanced,16,16,4,20260810,116,1,1,1,0,0,1,30,21,1,1,334.2975583957202,303.6337049253732,0,0,0,727239,139468,0,27612072,2032560
balanced,16,16,4,20260810,117,1,1,1,0,0,1,18,19,1,1,318.06256707475353,309.4625952148559,0,0,0,0,0,0,16594344,1219536
balanced,16,16,4,20260810,118,1,1,1,0,0,1,34,22,1,1,398.59384092916594,404.73965642984615,0,0,0,171993,35796,0,31284648,2303568
balanced,16,16,4,20260810,119,1,1,1,0,0,1,22,22,1,1,336.7294018135441,334.8824843170258,0,0,0,0,0,0,20266920,1490544
balanced,16,16,4,20260810,120,1,1,1,0,0,1,348,161,6,3,443.70114858771944,463.46220535913295,0,0,0,15750301,2651472,0,319581864,23577696
balanced,16,16,4,20260810,121,1,1,1,0,0,1,25,24,1,1,319.36573281146127,408.3094381638691,0,0,0,0,0,0,23021352,1693800
balanced,16,16,4,20260810,122,1,1,1,0,0,1,23,20,1,1,274.8403756116801,269.880330374349,0,0,0,66,37,0,21185064,1558296
balanced,16,16,4,20260810,123,1,1,1,0,0,1,23,22,1,1,238.56411660048644,271.9414818441023,0,0,0,1806,612,0,21185064,1558296
balanced,16,16,4,20260810,124,1,1,1,0,0,1,38,34,1,1,435.4121070024497,405.9155659010146,0,0,0,60137,14837,0,34957224,2574576
balanced,16,16,4,20260810,125,1,1,1,0,0,1,33,30,1,1,326.2626758815749,305.0931984546422,0,0,0,52923,12171,0,30366504,2235816
balanced,16,16,4,20260810,126,1,1,1,0,0,1,37,77,1,1,402.20231895870086,405.9638843931541,0,0,0,0,0,0,34039080,2506824
balanced,16,16,4,20260810,127,1,1,1,0,0,1,35,31,1,1,354.9904173802573,356.2425807154525,0,0,0,147400,33956,0,32202792,2371320
balanced,16,16,4,20260811,0,1,1,1,0,0,1,16,16,1,1,262.37930013542746,268.4099853823129,0,0,0,0,0,0,14758056,1084032
balanced,16,16,4,20260811,1,1,1,1,0,0,1,248,26,4,1,374.3373943717422,346.0440848582283,0,0,0,15570004,2584883,0,227767464,16802496
balanced,16,16,4,20260811,2,1,1,1,0,0,1,18,17,1,1,291.4765626780254,298.59105050714606,0,0,0,0,0,0,16594344,1219536
balanced,16,16,4,20260811,3,1,1,1,0,0,1,33,33,1,1,339.1254738902512,341.9062094430152,0,0,0,570670,111627,0,30366504,2235816
balanced,16,16,4,20260811,4,1,1,1,0,0,1,25,24,1,1,278.27994510684584,310.144580346704,0,0,0,0,0,0,23021352,1693800
balanced,16,16,4,20260811,5,1,1,1,0,0,1,24,36,1,1,359.4424662641918,337.53348554432023,0,0,0,0,0,0,22103208,1626048
balanced,16,16,4,20260811,6,1,1,1,0,0,1,13,27,1,1,296.66235282947207,285.0249958991975,0,0,0,0,0,0,12003624,880776
balanced,16,16,4,20260811,7,1,1,1,0,0,1,15,29,1,1,362.015705197418,370.46398150017615,0,0,0,0,0,0,13839912,1016280
balanced,16,16,4,20260811,8,1,1,1,0,0,1,39,24,1,1,279.27677513732647,250.36298374970147,0,0,0,3762384,641554,0,35875368,2642328
balanced,16,16,4,20260811,9,1,1,1,0,0,1,22,55,1,1,278.03105040507415,276.894902302146,0,0,0,0,0,0,20266920,1490544
balanced,16,16,4,20260811,10,1,1,1,0,0,1,25,19,1,1,297.817460853556,379.24179635321434,0,0,0,0,0,0,23021352,1693800
balanced,16,16,4,20260811,11,1,1,1,0,0,1,24,37,1,1,348.23021386122525,380.29612669288656,0,0,0,0,0,0,22103208,1626048
balanced,16,16,4,20260811,12,1,1,1,0,0,1,187,40,3,1,266.7693378316609,308.87711623578684,0,0,0,18732090,3102657,0,171760680,12669624
balanced,16,16,4,20260811,13,1,1,1,0,0,1,18,19,1,1,397.66012872506343,389.7371157082861,0,0,0,0,0,0,16594344,1219536
balanced,16,16,4,20260811,14,1,1,1,0,0,1,12,22,1,1,301.6422466688425,298.0035701712604,0,0,0,0,0,0,11085480,813024
balanced,16,16,4,20260811,15,1,1,1,0,0,1,102,27,2,1,382.2704222980128,352.2146639671643,0,0,0,16153557,2679983,0,93718440,6910704
balanced,16,16,4,20260811,16,1,1,1,0,0,1,28,32,1,1,407.2859866119445,320.3868593020909,0,0,0,0,0,0,25775784,1897056
balanced,16,16,4,20260811,17,1,1,1,0,0,1,26,25,1,1,313.343238852454,328.3803319394158,0,0,0,4464,1092,0,23939496,1761552
balanced,16,16,4,20260811,18,1,1,1,0,0,1,391,26,7,1,333.3388319047542,313.1791949162632,0,0,0,12676778,2125086,0,359062056,26491032
balanced,16,16,4,20260811,19,1,1,1,0,0,1,13,12,1,1,346.64990185581377,349.3068650983686,0,0,0,0,0,0,12003624,880776
balanced,16,16,4,20260811,20,1,1,1,0,0,1,28,33,1,1,351.2387677050016,383.47641805762953,0,0,0,0,0,0,25775784,1897056
balanced,16,16,4,20260811,21,1,1,1,0,0,1,190,116,3,2,421.3506546637674,349.39841892355446,0,0,0,14308232,2383406,0,174515112,12872880
balanced,16,16,4,20260811,22,1,1,1,0,0,1,34,26,1,1,372.56134402314507,346.45236781633423,0,0,0,37937,9809,0,31284648,2303568
balanced,16,16,4,20260811,23,1,1,1,0,0,1,23,12,1,1,391.10536656527154,396.09518539861455,0,0,0,0,0,0,21185064,1558296
balanced,16,16,4,20260811,24,1,1,1,0,0,1,34,43,1,1,314.05139802507273,289.5408566636942,0,0,0,367412,75669,0,31284648,2303568
balanced,16,16,4,20260811,25,1,1,1,0,0,1,111,38,2,1,351.2070930048459,355.0731787583196,0,0,0,14888288,2484534,0,101981736,7520472
balanced,16,16,4,20260811,26,1,1,1,0,0,1,714,965,12,16,279.36115967986535,271.23676404114093,0,0,0,15102576,2507827,0,655622568,48374928
balanced,16,16,4,20260811,27,1,1,1,0,0,1,40,41,1,1,310.6062124644927,318.5075931560136,0,0,0,1930707,354093,0,36793512,2710080
balanced,16,16,4,20260811,28,1,1,1,0,0,1,23,48,1,1,345.8983501406883,386.14033923900104,0,0,0,0,0,0,21185064,1558296
balanced,16,16,4,20260811,29,1,1,1,0,0,1,12,14,1,1,224.3826823337472,224.3826823337472,0,0,0,0,0,0,11085480,813024
balanced,16,16,4,20260811,30,1,1,1,0,0,1,27,124,1,2,326.40069245042974,340.09004408901075,0,0,0,288,84,0,24857640,1829304
balanced,16,16,4,20260811,31,1,1,1,0,0,1,34,41,1,1,399.75268634348583,378.162235264782,0,0,0,5751,1628,0,31284648,2303568
balanced,16,16,4,20260811,32,1,1,1,0,0,1,17,12,1,1,247.68081151962488,215.00474153107203,0,0,0,0,0,0,15676200,1151784
balanced,16,16,4,20260811,33,1,1,1,0,0,1,96,110,2,2,356.62029213709036,362.12480711348127,0,0,0,15503523,2571938,0,88209576,6504192
balanced,16,16,4,20260811,34,1,1,1,0,0,1,39,18,1,1,330.4362347825345,333.7492319753178,0,0,0,4451916,754330,0,35875368,2642328
balanced,16,16,4,20260811,35,1,1,1,0,0,1,18,19,1,1,264.77502062038656,263.2351755070142,0,0,0,0,0,0,16594344,1219536
balanced,16,16,4,20260811,36,1,1,1,0,0,1,25,45,1,1,343.7124461877345,298.3208713755464,0,0,0,1092,311,0,23021352,1693800
balanced,16,16,4,20260811,37,1,1,1,0,0,1,18,28,1,1,431.56383241501396,399.0062715217257,0,0,0,0,0,0,16594344,1219536
balanced,16,16,4,20260811,38,1,1,1,0,0,1,18,54,1,1,291.72211858824795,287.73910624103246,0,0,0,0,0,0,16594344,1219536
balanced,16,16,4,20260811,39,1,1,1,0,0,1,167,129,3,2,419.32541584573664,417.66101274591654,0,0,0,18062415,2991079,0,153397800,11314584
balanced,16,16,4,20260811,40,1,1,1,0,0,1,27,19,1,1,361.0515387688968,392.4691886578542,0,0,0,1401,419,0,24857640,1829304
balanced,16,16,4,20260811,41,1,1,1,0,0,1,101,106,2,2,408.6073452068413,402.44999398766424,0,0,0,14502041,2409272,0,92800296,6842952
balanced,16,16,4,20260811,42,1,1,1,0,0,1,520,479,9,8,421.1023330554394,428.49477162371943,0,0,0,16887105,2798553,0,477502632,35231040
balanced,16,16,4,20260811,43,1,1,1,0,0,1,29,22,1,1,306.1355747022932,313.51326092239094,0,0,0,6273,1392,0,26693928,1964808
balanced,16,16,4,20260811,44,1,1,1,0,0,1,37,29,1,1,318.53915201936843,336.1529613281305,0,0,0,32370,9193,0,34039080,2506824
balanced,16,16,4,20260811,45,1,1,1,0,0,1,21,36,1,1,317.9943987380136,322.79054258183567,0,0,0,0,0,0,19348776,1422792
balanced,16,16,4,20260811,46,1,1,1,0,0,1,32,26,1,1,269.32480903077067,254.5864312637279,0,0,0,50125,10921,0,29448360,2168064
balanced,16,16,4,20260811,47,1,1,1,0,0,1,30,29,1,1,241.79600901516608,255.37491213138046,0,0,0,848723,160110,0,27612072,2032560
balanced,16,16,4,20260811,48,1,1,1,0,0,1,19,20,1,1,301.8877831526562,304.5140835364925,0,0,0,0,0,0,17512488,1287288
balanced,16,16,4,20260811,49,1,1,1,0,0,1,60,34,1,1,429.8169952215884,454.08362411958126,0,0,0,9504247,1603879,0,55156392,4065120
balanced,16,16,4,20260811,50,1,1,1,0,0,1,42,138,1,2,348.1259283908073,358.35014779166596,0,0,0,4212677,716116,0,38629800,2845584
balanced,16,16,4,20260811,51,1,1,1,0,0,1,30,74,1,1,479.1926824478271,438.7788733386483,0,0,0,9559,2155,0,27612072,2032560
balanced,16,16,4,20260811,52,1,1,1,0,0,1,45,34,1,1,392.68007284015073,391.5077297650133,0,0,0,4235424,718630,0,41384232,3048840
balanced,16,16,4,20260811,53,1,1,1,0,0,1,120,43,2,1,292.98203708757615,314.5338378780973,0,0,0,18552816,3073403,0,110245032,8130240
balanced,16,16,4,20260811,54,1,1,1,0,0,1,39,32,1,1,283.14465503490203,289.3392497497555,0,0,0,112722,24963,0,35875368,2642328
balanced,16,16,4,20260811,55,1,1,1,0,0,1,101,20,2,1,308.5448738202797,292.50152611366485,0,0,0,17968127,2979465,0,92800296,6842952
balanced,16,16,4,20260811,56,1,1,1,0,0,1,23,31,1,1,414.46724762106436,419.86043994506076,0,0,0,0,0,0,21185064,1558296
balanced,16,16,4,20260811,57,1,1,1,0,0,1,39,31,1,1,340.55856226475095,356.7090761697151,0,0,0,2352672,410429,0,35875368,2642328
balanced,16,16,4,20260811,58,1,1,1,0,0,1,128,101,2,2,335.8655825413341,327.4378024261945,0,0,0,16324050,2707768,0,117590184,8672256
balanced,16,16,4,20260811,59,1,1,1,0,0,1,28,28,1,1,372.1179026741252,365.01040690344985,0,0,0,29760,6480,0,25775784,1897056
balanced,16,16,4,20260811,60,1,1,1,0,0,1,52,28,1,1,397.9184029090969,377.2088838623064,0,0,0,2634031,478786,0,47811240,3523104
balanced,16,16,4,20260811,61,1,1,1,0,0,1,60,405,1,7,356.3721988119868,326.49913972844183,0,0,0,9336040,1562189,0,55156392,4065120
balanced,16,16,4,20260811,62,1,1,1,0,0,1,53,25,1,1,364.37251069785884,350.75247858914923,0,0,0,3470755,600546,0,48729384,3590856
balanced,16,16,4,20260811,63,1,1,1,0,0,1,39,46,1,1,430.12130003296204,433.3790079432776,0,0,0,9484,2509,0,35875368,2642328
balanced,16,16,4,20260811,64,1,1,1,0,0,1,23,50,1,1,355.4061364076151,350.6716607031354,0,0,0,0,0,0,21185064,1558296
balanced,16,16,4,20260811,65,1,1,1,0,0,1,24,29,1,1,393.25719648689136,399.1279519410133,0,0,0,0,0,0,22103208,1626048
balanced,16,16,4,20260811,66,1,1,1,0,0,1,20,35,1,1,361.5280956796556,355.47978874140875,0,0,0,0,0,0,18430632,1355040
balanced,16,16,4,20260811,67,1,1,1,0,0,1,35,27,1,1,355.03803649795975,343.50918667537564,0,0,0,34413,7916,0,32202792,2371320
balanced,16,16,4,20260811,68,1,1,1,0,0,1,27,18,1,1,350.2125130823699,327.39705920294324,0,0,0,0,0,0,24857640,1829304
balanced,16,16,4,20260811,69,1,1,1,0,0,1,117,28,2,1,358.21549038912656,355.52472390107096,0,0,0,15522966,2572284,0,107490600,7926984
balanced,16,16,4,20260811,70,1,1,1,0,0,1,26,48,1,1,374.33018017905874,383.0416072586699,0,0,0,0,0,0,23939496,1761552
balanced,16,16,4,20260811,71,1,1,1,0,0,1,50,52,1,1,337.40105092380276,328.4500041533661,0,0,0,4776138,810608,0,45974952,3387600
balanced,16,16,4,20260811,72,1,1,1,0,0,1,28,26,1,1,344.56781663248194,360.43281541075726,0,0,0,2891,758,0,25775784,1897056
balanced,16,16,4,20260811,73,1,1,1,0,0,1,61,29,1,1,343.4049395353,329.17559020234796,0,0,0,10636319,1776534,0,56074536,4132872
balanced,16,16,4,20260811,74,1,1,1,0,0,1,19,23,1,1,343.2432537384384,341.16384852442735,0,0,0,0,0,0,17512488,1287288
balanced,16,16,4,20260811,75,1,1,1,0,0,1,50,23,1,1,344.44433553308863,354.9349772789574,0,0,0,6836946,1156982,0,45974952,3387600
balanced,16,16,4,20260811,76,1,1,1,0,0,1,36,29,1,1,362.94670037282424,304.56853799789,0,0,0,8817,2184,0,33120936,2439072
balanced,16,16,4,20260811,77,1,1,1,0,0,1,15,12,1,1,241.30676430367558,233.3446944862225,0,0,0,0,0,0,13839912,1016280
balanced,16,16,4,20260811,78,1,1,1,0,0,1,30,18,1,1,355.0356923093477,347.3510766392733,0,0,0,4,4,0,27612072,2032560
balanced,16,16,4,20260811,79,1,1,1,0,0,1,31,28,1,1,289.18494823662456,295.9087803029147,0,0,0,1801766,317261,0,28530216,2100312
balanced,16,16,4,20260811,80,1,1,1,0,0,1,20,19,1,1,414.30474430897164,368.60845641319315,0,0,0,0,0,0,18430632,1355040
balanced,16,16,4,20260811,81,1,1,1,0,0,1,41,26,1,1,314.631091612531,315.54788804295686,0,0,0,2565846,445536,0,37711656,2777832
balanced,16,16,4,20260811,82,1,1,1,0,0,1,22,43,1,1,391.36694398727127,339.6461705996305,0,0,0,0,0,0,20266920,1490544
balanced,16,16,4,20260811,83,1,1,1,0,0,1,28,24,1,1,315.7427094384781,376.6489398256998,0,0,0,272,101,0,25775784,1897056
balanced,16,16,4,20260811,84,1,1,1,0,0,1,68,34,1,1,348.9497279703652,347.47073959380543,0,0,0,7906393,1321221,0,62501544,4607136
balanced,16,16,4,20260811,85,1,1,1,0,0,1,24,26,1,1,359.89639975504576,368.4111071280349,0,0,0,0,0,0,22103208,1626048
balanced,16,16,4,20260811,86,1,1,1,0,0,1,15,21,1,1,402.2020801580414,371.45916373392015,0,0,0,0,0,0,13839912,1016280
balanced,16,16,4,20260811,87,1,1,1,0,0,1,30,22,1,1,339.1691574782235,332.69635528423316,0,0,0,8,8,0,27612072,2032560
balanced,16,16,4,20260811,88,1,1,1,0,0,1,463,880,8,15,356.7136301590526,362.7411293753963,0,0,0,9896620,1638152,0,425168424,31369176
balanced,16,16,4,20260811,89,1,1,1,0,0,1,739,296,12,5,432.900069437767,431.0421105658183,0,0,0,13065213,2167374,0,678576168,50068728
balanced,16,16,4,20260811,90,1,1,1,0,0,1,18,19,1,1,266.0833490061839,248.5390381696219,0,0,0,0,0,0,16594344,1219536
balanced,16,16,4,20260811,91,1,1,1,0,0,1,671,26,11,1,354.6794276513781,325.97872445829364,0,0,0,18296605,3028029,0,616142376,45461592
balanced,16,16,4,20260811,92,1,1,1,0,0,1,24,20,1,1,332.66585075694934,344.0726973434448,0,0,0,0,0,0,22103208,1626048
balanced,16,16,4,20260811,93,1,1,1,0,0,1,24,39,1,1,356.59127371710576,342.14692708559517,0,0,0,0,0,0,22103208,1626048
balanced,16,16,4,20260811,94,1,1,1,0,0,1,34,35,1,1,391.335572907109,390.64242576667743,0,0,0,498953,99686,0,31284648,2303568
balanced,16,16,4,20260811,95,1,1,1,0,0,1,38,24,1,1,388.8029178083958,366.0463554212187,0,0,0,615744,122745,0,34957224,2574576
balanced,16,16,4,20260811,96,1,1,1,0,0,1,32,53,1,1,307.8303582970109,312.40196883544706,0,0,0,713889,138622,0,29448360,2168064
balanced,16,16,4,20260811,97,1,1,1,0,0,1,33,35,1,1,329.7211905199242,321.65807455359396,0,0,0,559556,110768,0,30366504,2235816
balanced,16,16,4,20260811,98,1,1,1,0,0,1,249,40,4,1,350.90399135870814,350.4627587480217,0,0,0,10975459,1852322,0,228685608,16870248
balanced,16,16,4,20260811,99,1,1,1,0,0,1,23,25,1,1,399.59590512292357,393.1045969814098,0,0,0,0,0,0,21185064,1558296
balanced,16,16,4,20260811,100,1,1,1,0,0,1,28,22,1,1,308.7778709004791,320.0218523209311,0,0,0,231431,47316,0,25775784,1897056
balanced,16,16,4,20260811,101,1,1,1,0,0,1,25,41,1,1,281.5881275107177,310.3605661874101,0,0,0,0,0,0,23021352,1693800
balanced,16,16,4,20260811,102,1,1,1,0,0,1,26,20,1,1,350.19844508272354,342.71146874002136,0,0,0,40,36,0,23939496,1761552
balanced,16,16,4,20260811,103,1,1,1,0,0,1,59,517,1,9,420.01962400377784,446.6647168290747,0,0,0,5313871,916256,0,54238248,3997368
balanced,16,16,4,20260811,104,1,1,1,0,0,1,35,195,1,3,277.7980874524941,290.34640460723324,0,0,0,1813034,331241,0,32202792,2371320
balanced,16,16,4,20260811,105,1,1,1,0,0,1,40,24,1,1,361.6006186230934,387.1453837982566,0,0,0,2053800,366445,0,36793512,2710080
balanced,16,16,4,20260811,106,1,1,1,0,0,1,29,41,1,1,296.4385355978579,312.11519189307097,0,0,0,4087,1109,0,26693928,1964808
balanced,16,16,4,20260811,107,1,1,1,0,0,1,14,10,1,1,212.91150769673595,205.6180083746308,0,0,0,0,0,0,12921768,948528
balanced,16,16,4,20260811,108,1,1,1,0,0,1,22,29,1,1,321.7724623358846,303.60055109270354,0,0,0,0,0,0,20266920,1490544
balanced,16,16,4,20260811,109,1,1,1,0,0,1,30,58,1,1,365.21194283568445,340.0409368398708,0,0,0,389,150,0,27612072,2032560
balanced,16,16,4,20260811,110,1,1,1,0,0,1,32,38,1,1,319.264631917845,316.1812097376424,0,0,0,14696,3656,0,29448360,2168064
balanced,16,16,4,20260811,111,1,1,1,0,0,1,30,38,1,1,362.88661233150174,409.76875425245396,0,0,0,861,267,0,27612072,2032560
balanced,16,16,4,20260811,112,1,1,1,0,0,1,27,29,1,1,347.46923167141824,345.45353935025344,0,0,0,866,258,0,24857640,1829304
balanced,16,16,4,20260811,113,1,1,1,0,0,1,34,29,1,1,358.9956205869761,344.4878958561114,0,0,0,460,154,0,31284648,2303568
balanced,16,16,4,20260811,114,1,1,1,0,0,1,58,32,1,1,304.7277873904246,277.2171984072662,0,0,0,9753771,1633304,0,53320104,3929616
balanced,16,16,4,20260811,115,1,1,1,0,0,1,28,60,1,1,355.83274894932924,382.4102726353649,0,0,0,0,0,0,25775784,1897056
balanced,16,16,4,20260811,116,1,1,1,0,0,1,25,33,1,1,426.681995283382,394.8168550562574,0,0,0,0,0,0,23021352,1693800
balanced,16,16,4,20260811,117,1,1,1,0,0,1,22,44,1,1,333.56506186058857,329.0796873900657,0,0,0,0,0,0,20266920,1490544
balanced,16,16,4,20260811,118,1,1,1,0,0,1,25,26,1,1,329.3852895911089,344.3935691795101,0,0,0,0,0,0,23021352,1693800
balanced,16,16,4,20260811,119,1,1,1,0,0,1,14,13,1,1,312.92092868015783,320.01956260793014,0,0,0,0,0,0,12921768,948528
balanced,16,16,4,20260811,120,1,1,1,0,0,1,40,34,1,1,341.4762790301352,356.61174448334054,0,0,0,3100876,536162,0,36793512,2710080
balanced,16,16,4,20260811,121,1,1,1,0,0,1,40,28,1,1,355.5428215204845,338.7521528407234,0,0,0,849325,173265,0,36793512,2710080
balanced,16,16,4,20260811,122,1,1,1,0,0,1,21,19,1,1,321.8637668483584,391.783992267762,0,0,0,0,0,0,19348776,1422792
balanced,16,16,4,20260811,123,1,1,1,0,0,1,27,26,1,1,311.2684692633176,285.8174063479526,0,0,0,204894,41881,0,24857640,1829304
balanced,16,16,4,20260811,124,1,1,1,0,0,1,27,22,1,1,236.85906242362532,304.54982036433637,0,0,0,108,42,0,24857640,1829304
balanced,16,16,4,20260811,125,1,1,1,0,0,1,123,165,2,3,394.846253648213,391.1146290835929,0,0,0,14874219,2489650,0,112999464,8333496
balanced,16,16,4,20260811,126,1,1,1,0,0,1,29,18,1,1,333.17707230193685,271.45392278510127,0,0,0,3039,743,0,26693928,1964808
balanced,16,16,4,20260811,127,1,1,1,0,0,1,34,19,1,1,275.0040561759737,341.1770092080748,0,0,0,2169731,383645,0,31284648,2303568
balanced,16,16,4,20260812,0,1,1,1,0,0,1,25,20,1,1,438.6404458329534,436.5197715002364,0,0,0,0,0,0,23021352,1693800
balanced,16,16,4,20260812,1,1,1,1,0,0,1,23,18,1,1,304.03879830808467,306.6642146765293,0,0,0,0,0,0,21185064,1558296
balanced,16,16,4,20260812,2,1,1,1,0,0,1,36,21,1,1,233.9144437939978,227.07702204659108,0,0,0,3606072,615782,0,33120936,2439072
balanced,16,16,4,20260812,3,1,1,1,0,0,1,45,117,1,2,296.404625786425,303.04175216212366,0,0,0,6003025,1008365,0,41384232,3048840
balanced,16,16,4,20260812,4,1,1,1,0,0,1,22,49,1,1,278.1361715059813,285.64027079600805,0,0,0,0,0,0,20266920,1490544
balanced,16,16,4,20260812,5,1,1,1,0,0,1,23,21,1,1,290.35090078993886,295.2370915150707,0,0,0,0,0,0,21185064,1558296
balanced,16,16,4,20260812,6,1,1,1,0,0,1,33,28,1,1,313.90096164868135,312.2084790000639,0,0,0,292822,58996,0,30366504,2235816
balanced,16,16,4,20260812,7,1,1,1,0,0,1,29,33,1,1,389.26193869766803,376.9105464849191,0,0,0,14153,3141,0,26693928,1964808
balanced,16,16,4,20260812,8,1,1,1,0,0,1,23,33,1,1,318.4626091457743,274.3366256979524,0,0,0,0,0,0,21185064,1558296
balanced,16,16,4,20260812,9,1,1,1,0,0,1,37,35,1,1,310.8756651714451,315.3349581098211,0,0,0,373651,75405,0,34039080,2506824
balanced,16,16,4,20260812,10,1,1,1,0,0,1,25,19,1,1,368.6792364338761,346.36567468816867,0,0,0,2614,794,0,23021352,1693800
balanced,16,16,4,20260812,11,1,1,1,0,0,1,180,28,3,1,324.4733678543181,338.1028561336176,0,0,0,16624757,2763317,0,165333672,12195360
balanced,16,16,4,20260812,12,1,1,1,0,0,1,34,43,1,1,372.94070167310554,370.30047666831763,0,0,0,534376,105020,0,31284648,2303568
balanced,16,16,4,20260812,13,1,1,1,0,0,1,18,29,1,1,341.9891990223394,294.595644590318,0,0,0,0,0,0,16594344,1219536
balanced,16,16,4,20260812,14,1,1,1,0,0,1,309,28,5,1,416.154178702628,371.262768556567,0,0,0,17643245,2921803,0,283774248,20935368
balanced,16,16,4,20260812,15,1,1,1,0,0,1,97,220,2,4,432.6719367557936,479.2347464755894,0,0,0,14228115,2373652,0,89127720,6571944
balanced,16,16,4,20260812,16,1,1,1,0,0,1,235,31,4,1,437.98776764659146,420.2375896584432,0,0,0,13527562,2245827,0,215831592,15921720
balanced,16,16,4,20260812,17,1,1,1,0,0,1,30,43,1,1,367.8527323023482,326.85694294431363,0,0,0,28,24,0,27612072,2032560
balanced,16,16,4,20260812,18,1,1,1,0,0,1,29,22,1,1,304.3994747079175,356.76369007373313,0,0,0,81,30,0,26693928,1964808
balanced,16,16,4,20260812,19,1,1,1,0,0,1,11,18,1,1,236.2441230387979,268.67289583081913,0,0,0,0,0,0,10167336,745272
balanced,16,16,4,20260812,20,1,1,1,0,0,1,57,155,1,3,323.3402469797408,310.5360667580271,0,0,0,7578134,1272320,0,52401960,3861864
balanced,16,16,4,20260812,21,1,1,1,0,0,1,19,23,1,1,289.3983115268237,289.535760985581,0,0,0,0,0,0,17512488,1287288
balanced,16,16,4,20260812,22,1,1,1,0,0,1,20,35,1,1,341.3463518799986,374.17446781399747,0,0,0,0,0,0,18430632,1355040
balanced,16,16,4,20260812,23,1,1,1,0,0,1,33,53,1,1,338.14691690259,339.9837202705264,0,0,0,803215,154554,0,30366504,2235816
balanced,16,16,4,20260812,24,1,1,1,0,0,1,140,25,2,1,400.1176019907738,368.78207766784817,0,0,0,17080959,2828760,0,128607912,9485280
balanced,16,16,4,20260812,25,1,1,1,0,0,1,74,25,1,1,361.58861319700605,363.95000408929667,0,0,0,14631514,2429177,0,68010408,5013648
balanced,16,16,4,20260812,26,1,1,1,0,0,1,21,116,1,2,388.71180625441065,362.0355881261344,0,0,0,0,0,0,19348776,1422792
balanced,16,16,4,20260812,27,1,1,1,0,0,1,104,45,2,1,394.5617608168629,370.4246912508262,0,0,0,12879814,2156542,0,95554728,7046208
balanced,16,16,4,20260812,28,1,1,1,0,0,1,24,21,1,1,315.5931456524138,314.1377685761714,0,0,0,4,4,0,22103208,1626048
balanced,16,16,4,20260812,29,1,1,1,0,0,1,23,21,1,1,229.1588111767497,327.60128852658295,0,0,0,0,0,0,21185064,1558296
balanced,16,16,4,20260812,30,1,1,1,0,0,1,21,25,1,1,340.78292310142774,374.24014432910883,0,0,0,0,0,0,19348776,1422792
balanced,16,16,4,20260812,31,1,1,1,0,0,1,33,547,1,9,411.0174922983248,415.3923391321074,0,0,0,0,0,0,30366504,2235816
balanced,16,16,4,20260812,32,1,1,1,0,0,1,23,21,1,1,280.606797038507,321.49226940563267,0,0,0,4,4,0,21185064,1558296
balanced,16,16,4,20260812,33,1,1,1,0,0,1,18,13,1,1,245.72046493747033,245.02731779703873,0,0,0,0,0,0,16594344,1219536
balanced,16,16,4,20260812,34,1,1,1,0,0,1,25,30,1,1,289.9825713621567,312.39365303700936,0,0,0,0,0,0,23021352,1693800
balanced,16,16,4,20260812,35,1,1,1,0,0,1,16,33,1,1,290.13825661343543,323.8813919095372,0,0,0,0,0,0,14758056,1084032
balanced,16,16,4,20260812,36,1,1,1,0,0,1,13,20,1,1,326.3783342626157,320.37860494209514,0,0,0,0,0,0,12003624,880776
balanced,16,16,4,20260812,37,1,1,1,0,0,1,48,29,1,1,375.6521349524848,422.2188700361146,0,0,0,3681350,635351,0,44138664,3252096
balanced,16,16,4,20260812,38,1,1,1,0,0,1,51,18,1,1,313.82341002359675,347.597208178417,0,0,0,4682417,807132,0,46893096,3455352
balanced,16,16,4,20260812,39,1,1,1,0,0,1,58,35,1,1,369.537424521434,351.28473351476356,0,0,0,9112132,1524610,0,53320104,3929616
balanced,16,16,4,20260812,40,1,1,1,0,0,1,36,32,1,1,313.9647802025342,308.0538427432989,0,0,0,751998,143071,0,33120936,2439072
balanced,16,16,4,20260812,41,1,1,1,0,0,1,44,35,1,1,328.97280648985935,384.47929980238365,0,0,0,4168373,714823,0,40466088,2981088
balanced,16,16,4,20260812,42,1,1,1,0,0,1,18,47,1,1,298.9678875102346,327.42117814170393,0,0,0,0,0,0,16594344,1219536
balanced,16,16,4,20260812,43,1,1,1,0,0,1,21,28,1,1,343.86733655922126,364.6139317665576,0,0,0,0,0,0,19348776,1422792
balanced,16,16,4,20260812,44,1,1,1,0,0,1,16,19,1,1,364.6566120115125,377.5126181155498,0,0,0,0,0,0,14758056,1084032
balanced,16,16,4,20260812,45,1,1,1,0,0,1,31,114,1,2,420.86173511877564,431.00324177761024,0,0,0,97579,20975,0,28530216,2100312
balanced,16,16,4,20260812,46,1,1,1,0,0,1,73,33,1,1,455.58381645548883,418.73479857922007,0,0,0,10255594,1706735,0,67092264,4945896
balanced,16,16,4,20260812,47,1,1,1,0,0,1,40,111,1,2,412.7930497933978,411.7056805836161,0,0,0,2352816,420376,0,36793512,2710080
balanced,16,16,4,20260812,48,1,1,1,0,0,1,45,29,1,1,309.8985239314869,255.6873913901798,0,0,0,4156428,710586,0,41384232,3048840
balanced,16,16,4,20260812,49,1,1,1,0,0,1,46,27,1,1,401.4779548978722,379.31340082064946,0,0,0,3014767,547058,0,42302376,3116592
balanced,16,16,4,20260812,50,1,1,1,0,0,1,38,23,1,1,356.4101109989491,337.031714450167,0,0,0,17119,4024,0,34957224,2574576
balanced,16,16,4,20260812,51,1,1,1,0,0,1,35,28,1,1,337.0155288353708,360.26733218200155,0,0,0,2596938,451649,0,32202792,2371320
balanced,16,16,4,20260812,52,1,1,1,0,0,1,20,18,1,1,302.46004419816325,326.65998832102775,0,0,0,0,0,0,18430632,1355040
balanced,16,16,4,20260812,53,1,1,1,0,0,1,43,22,1,1,323.7766157587237,340.09614480547674,0,0,0,2680503,469118,0,39547944,2913336
balanced,16,16,4,20260812,54,1,1,1,0,0,1,111,46,2,1,350.77715138911174,319.9263869071459,0,0,0,17178165,2851091,0,101981736,7520472
balanced,16,16,4,20260812,55,1,1,1,0,0,1,157,33,3,1,363.7400202697472,346.660148194832,0,0,0,17869196,2958507,0,144216360,10637064
balanced,16,16,4,20260812,56,1,1,1,0,0,1,120,53,2,1,329.5589387728482,330.40740509759917,0,0,0,1163363,252975,0,110245032,8130240
balanced,16,16,4,20260812,57,1,1,1,0,0,1,123,32,2,1,379.51543893537996,363.313910577607,0,0,0,15822623,2628635,0,112999464,8333496
balanced,16,16,4,20260812,58,1,1,1,0,0,1,24,23,1,1,364.96635536461224,306.3546604485922,0,0,0,0,0,0,22103208,1626048
balanced,16,16,4,20260812,59,1,1,1,0,0,1,41,35,1,1,362.80694680319345,361.7636160471902,0,0,0,488,226,0,37711656,2777832
balanced,16,16,4,20260812,60,1,1,1,0,0,1,29,16,1,1,254.82029342776767,269.59620937792516,0,0,0,232071,47512,0,26693928,1964808
balanced,16,16,4,20260812,61,1,1,1,0,0,1,26,167,1,3,285.57247256030075,319.95247452409126,0,0,0,0,0,0,23939496,1761552
balanced,16,16,4,20260812,62,1,1,1,0,0,1,30,48,1,1,394.7773302735211,380.00652961117885,0,0,0,146350,30982,0,27612072,2032560
balanced,16,16,4,20260812,63,1,1,1,0,0,1,64,41,1,1,380.15433982945626,337.45399250487725,0,0,0,9444070,1588921,0,58828968,4336128
balanced,16,16,4,20260812,64,1,1,1,0,0,1,25,80,1,1,441.4040216925581,414.0281796697244,0,0,0,0,0,0,23021352,1693800
balanced,16,16,4,20260812,65,1,1,1,0,0,1,30,30,1,1,356.02023190800605,341.1126089713282,0,0,0,50196,10725,0,27612072,2032560
balanced,16,16,4,20260812,66,1,1,1,0,0,1,29,28,1,1,394.53818179185555,426.53270720096816,0,0,0,4286,1117,0,26693928,1964808
balanced,16,16,4,20260812,67,1,1,1,0,0,1,38,34,1,1,382.5538780409343,376.32263142020355,0,0,0,38926,8533,0,34957224,2574576
balanced,16,16,4,20260812,68,1,1,1,0,0,1,34,61,1,1,277.865185656442,299.7973192599499,0,0,0,1010965,191507,0,31284648,2303568
balanced,16,16,4,20260812,69,1,1,1,0,0,1,71,38,1,1,396.1926137720878,407.5248358760693,0,0,0,9997004,1695908,0,65255976,4810392
balanced,16,16,4,20260812,70,1,1,1,0,0,1,22,29,1,1,338.84631270942396,330.61928775666564,0,0,0,0,0,0,20266920,1490544
balanced,16,16,4,20260812,71,1,1,1,0,0,1,48,130,1,2,411.36240679315347,435.69874150200457,0,0,0,4145227,705664,0,44138664,3252096
balanced,16,16,4,20260812,72,1,1,1,0,0,1,64,37,1,1,389.64681842703556,383.7191074858303,0,0,0,7225448,1236489,0,58828968,4336128
balanced,16,16,4,20260812,73,1,1,1,0,0,1,46,254,1,4,366.1569124695609,372.99970456091256,0,0,0,3453320,591985,0,42302376,3116592
balanced,16,16,4,20260812,74,1,1,1,0,0,1,22,34,1,1,248.5470517357317,248.9516327615676,0,0,0,0,0,0,20266920,1490544
balanced,16,16,4,20260812,75,1,1,1,0,0,1,23,41,1,1,376.3729998761279,398.7727976897486,0,0,0,0,0,0,21185064,1558296
balanced,16,16,4,20260812,76,1,1,1,0,0,1,36,17,1,1,443.39039755163003,371.68792864058435,0,0,0,8009,2003,0,33120936,2439072
balanced,16,16,4,20260812,77,1,1,1,0,0,1,22,24,1,1,358.2802605245878,387.82239637231305,0,0,0,0,0,0,20266920,1490544
balanced,16,16,4,20260812,78,1,1,1,0,0,1,51,53,1,1,432.41752167383015,431.569904401166,0,0,0,4153151,705877,0,46893096,3455352
balanced,16,16,4,20260812,79,1,1,1,0,0,1,30,29,1,1,310.8121322176341,374.809939822754,0,0,0,1853740,326708,0,27612072,2032560
balanced,16,16,4,20260812,80,1,1,1,0,0,1,28,25,1,1,320.4605694766267,303.7984014316621,0,0,0,30780,7262,0,25775784,1897056
balanced,16,16,4,20260812,81,1,1,1,0,0,1,37,32,1,1,317.5724892366905,293.7180048947099,0,0,0,4264,1268,0,34039080,2506824
balanced,16,16,4,20260812,82,1,1,1,0,0,1,25,29,1,1,364.0693075354386,355.895274948315,0,0,0,0,0,0,23021352,1693800
balanced,16,16,4,20260812,83,1,1,1,0,0,1,293,137,5,2,459.64478586552946,436.7024285673883,0,0,0,17126642,2835184,0,269083944,19851336
balanced,16,16,4,20260812,84,1,1,1,0,0,1,36,32,1,1,348.771080700209,401.86879306556733,0,0,0,4228,1100,0,33120936,2439072
balanced,16,16,4,20260812,85,1,1,1,0,0,1,29,111,1,2,361.69268490827847,363.5776015656551,0,0,0,178,70,0,26693928,1964808
balanced,16,16,4,20260812,86,1,1,1,0,0,1,35,126,1,2,365.49953931244096,386.1484331381581,0,0,0,42985,10150,0,32202792,2371320
balanced,16,16,4,20260812,87,1,1,1,0,0,1,98,21,2,1,354.5989522091889,336.5006638775774,0,0,0,18929848,3132378,0,90045864,6639696
balanced,16,16,4,20260812,88,1,1,1,0,0,1,27,22,1,1,375.91366880018745,388.74627422715804,0,0,0,249,92,0,24857640,1829304
balanced,16,16,4,20260812,89,1,1,1,0,0,1,18,15,1,1,249.27523847893954,252.60861062415904,0,0,0,0,0,0,16594344,1219536
balanced,16,16,4,20260812,90,1,1,1,0,0,1,15,22,1,1,264.2028324580343,286.7451967392052,0,0,0,0,0,0,13839912,1016280
balanced,16,16,4,20260812,91,1,1,1,0,0,1,23,26,1,1,341.8405795638909,365.307911665685,0,0,0,0,0,0,21185064,1558296
balanced,16,16,4,20260812,92,1,1,1,0,0,1,16,39,1,1,412.63672998251855,407.48975524567436,0,0,0,0,0,0,14758056,1084032
balanced,16,16,4,20260812,93,1,1,1,0,0,1,35,24,1,1,339.03876966092764,338.0655531251256,0,0,0,162998,34165,0,32202792,2371320
balanced,16,16,4,20260812,94,1,1,1,0,0,1,39,28,1,1,330.42780729731066,371.1261826474308,0,0,0,724559,140307,0,35875368,2642328
balanced,16,16,4,20260812,95,1,1,1,0,0,1,23,30,1,1,315.35796107736314,298.5059124027605,0,0,0,0,0,0,21185064,1558296
balanced,16,16,4,20260812,96,1,1,1,0,0,1,24,42,1,1,419.93421456309466,338.5283846899328,0,0,0,0,0,0,22103208,1626048
balanced,16,16,4,20260812,97,1,1,1,0,0,1,27,109,1,2,325.724745650625,319.902805738345,0,0,0,0,0,0,24857640,1829304
balanced,16,16,4,20260812,98,1,1,1,0,0,1,30,46,1,1,403.01476107339363,418.80075074398684,0,0,0,0,0,0,27612072,2032560
balanced,16,16,4,20260812,99,1,1,1,0,0,1,28,38,1,1,327.57298812551846,345.7561727059149,0,0,0,0,0,0,25775784,1897056
balanced,16,16,4,20260812,100,1,1,1,0,0,1,50,38,1,1,384.6597276448132,383.4596623579074,0,0,0,3870422,665675,0,45974952,3387600
balanced,16,16,4,20260812,101,1,1,1,0,0,1,115,116,2,2,425.9474105385119,383.21180628305876,0,0,0,10478111,1748657,0,105654312,7791480
balanced,16,16,4,20260812,102,1,1,1,0,0,1,21,37,1,1,380.6366084418912,373.31799229035175,0,0,0,0,0,0,19348776,1422792
balanced,16,16,4,20260812,103,1,1,1,0,0,1,43,36,1,1,336.90656788392874,331.36670005181935,0,0,0,2299860,406764,0,39547944,2913336
balanced,16,16,4,20260812,104,1,1,1,0,0,1,19,17,1,1,357.4138418064703,342.3149288997753,0,0,0,0,0,0,17512488,1287288
balanced,16,16,4,20260812,105,1,1,1,0,0,1,108,160,2,3,334.96504648508244,375.63292713603016,0,0,0,13808716,2303582,0,99227304,7317216
balanced,16,16,4,20260812,106,1,1,1,0,0,1,31,20,1,1,394.00234803553855,394.73985084546564,0,0,0,1225957,222298,0,28530216,2100312
balanced,16,16,4,20260812,107,1,1,1,0,0,1,132,655,2,11,347.1521943210935,358.0291312790323,0,0,0,16794246,2798117,0,121262760,8943264
balanced,16,16,4,20260812,108,1,1,1,0,0,1,27,27,1,1,394.31551835742596,377.1709502882819,0,0,0,0,0,0,24857640,1829304
balanced,16,16,4,20260812,109,1,1,1,0,0,1,20,41,1,1,322.3365405362646,320.13323376200583,0,0,0,0,0,0,18430632,1355040
balanced,16,16,4,20260812,110,1,1,1,0,0,1,20,13,1,1,183.05494180327491,181.49747475777087,0,0,0,0,0,0,18430632,1355040
balanced,16,16,4,20260812,111,1,1,1,0,0,1,34,41,1,1,391.59554142657464,387.0294615186163,0,0,0,0,0,0,31284648,2303568
balanced,16,16,4,20260812,112,1,1,1,0,0,1,43,47,1,1,331.2135708320345,311.52823875056015,0,0,0,1533339,274750,0,39547944,2913336
balanced,16,16,4,20260812,113,1,1,1,0,0,1,59,34,1,1,407.2839752908963,397.7014412041411,0,0,0,8476012,1416629,0,54238248,3997368
balanced,16,16,4,20260812,114,1,1,1,0,0,1,18,16,1,1,376.30175681371196,362.6696780355107,0,0,0,0,0,0,16594344,1219536
balanced,16,16,4,20260812,115,1,1,1,0,0,1,27,17,1,1,382.42586630727544,392.7025538380016,0,0,0,0,0,0,24857640,1829304
balanced,16,16,4,20260812,116,1,1,1,0,0,1,25,22,1,1,328.874621075027,320.2597530131729,0,0,0,0,0,0,23021352,1693800
balanced,16,16,4,20260812,117,1,1,1,0,0,1,26,24,1,1,352.9412195825846,370.651701132769,0,0,0,0,0,0,23939496,1761552
balanced,16,16,4,20260812,118,1,1,1,0,0,1,59,45,1,1,417.56175888924724,395.7567076209075,0,0,0,9524317,1587676,0,54238248,3997368
balanced,16,16,4,20260812,119,1,1,1,0,0,1,25,114,1,2,315.17217926862486,315.30254287312334,0,0,0,378,124,0,23021352,1693800
balanced,16,16,4,20260812,120,1,1,1,0,0,1,13,29,1,1,305.11918448890356,309.99698307406715,0,0,0,0,0,0,12003624,880776
balanced,16,16,4,20260812,121,1,1,1,0,0,1,65,44,1,1,352.7928961859316,356.83964524352393,0,0,0,10645094,1781401,0,59747112,4403880
balanced,16,16,4,20260812,122,1,1,1,0,0,1,31,28,1,1,343.54297825413096,342.30297215115786,0,0,0,124653,27325,0,28530216,2100312
balanced,16,16,4,20260812,123,1,1,1,0,0,1,34,36,1,1,424.75021617604745,407.54409361450223,0,0,0,342286,70053,0,31284648,2303568
balanced,16,16,4,20260812,124,1,1,1,0,0,1,34,24,1,1,413.5323488431959,337.2883026642484,0,0,0,7526,2376,0,31284648,2303568
balanced,16,16,4,20260812,125,1,1,1,0,0,1,56,34,1,1,435.82644222556144,399.6093371646509,0,0,0,6175598,1042906,0,51483816,3794112
balanced,16,16,4,20260812,126,1,1,1,0,0,1,23,23,1,1,338.87336339645447,337.7204770557595,0,0,0,0,0,0,21185064,1558296
balanced,16,16,4,20260812,127,1,1,1,0,0,1,33,29,1,1,342.67644184646906,378.2345324091849,0,0,0,353692,71774,0,30366504,2235816
balanced,16,16,4,20260813,0,1,1,1,0,0,1,242,259,4,4,343.7782245018679,349.9311516000427,0,0,0,17315845,2873439,0,222258600,16395984
balanced,16,16,4,20260813,1,1,1,1,0,0,1,21,30,1,1,357.2914331515125,321.1984073170287,0,0,0,0,0,0,19348776,1422792
balanced,16,16,4,20260813,2,1,1,1,0,0,1,27,23,1,1,404.23575525068475,397.57543228840905,0,0,0,0,0,0,24857640,1829304
balanced,16,16,4,20260813,3,1,1,1,0,0,1,26,21,1,1,337.2309231730778,294.03879410917034,0,0,0,0,0,0,23939496,1761552
balanced,16,16,4,20260813,4,1,1,1,0,0,1,25,27,1,1,348.78278983846434,338.2292360522222,0,0,0,0,0,0,23021352,1693800
balanced,16,16,4,20260813,5,1,1,1,0,0,1,70,129,1,2,256.4322641917446,263.5690255503285,0,0,0,13963457,2333665,0,64337832,4742640
balanced,16,16,4,20260813,6,1,1,1,0,0,1,122,29,2,1,326.0216790460383,363.9986353154242,0,0,0,16478000,2737074,0,112081320,8265744
balanced,16,16,4,20260813,7,1,1,1,0,0,1,17,19,1,1,325.5595569269899,322.22706879716213,0,0,0,0,0,0,15676200,1151784
balanced,16,16,4,20260813,8,1,1,1,0,0,1,32,25,1,1,350.1781904587092,343.57872197140046,0,0,0,364331,73404,0,29448360,2168064
balanced,16,16,4,20260813,9,1,1,1,0,0,1,124,132,2,2,412.531354768931,414.95074410053996,0,0,0,13126945,2179517,0,113917608,8401248
balanced,16,16,4,20260813,10,1,1,1,0,0,1,56,258,1,4,369.4607404491426,368.39609812300307,0,0,0,2879548,507936,0,51483816,3794112
balanced,16,16,4,20260813,11,1,1,1,0,0,1,19,30,1,1,292.4846710151942,263.79758398974,0,0,0,0,0,0,17512488,1287288
balanced,16,16,4,20260813,12,1,1,1,0,0,1,12,30,1,1,303.81627719348353,304.550657887391,0,0,0,0,0,0,11085480,813024
balanced,16,16,4,20260813,13,1,1,1,0,0,1,18,21,1,1,343.41326228620784,335.3022522446897,0,0,0,0,0,0,16594344,1219536
balanced,16,16,4,20260813,14,1,1,1,0,0,1,27,125,1,2,369.2662689538034,395.1070083106933,0,0,0,0,0,0,24857640,1829304
balanced,16,16,4,20260813,15,1,1,1,0,0,1,161,117,3,2,360.21683059749205,330.7336079687972,0,0,0,14940923,2477723,0,147888936,10908072
balanced,16,16,4,20260813,16,1,1,1,0,0,1,38,62,1,1,362.82187196842585,366.83417420753267,0,0,0,1643539,305347,0,34957224,2574576
balanced,16,16,4,20260813,17,1,1,1,0,0,1,26,31,1,1,388.0456126317609,398.40988922641657,0,0,0,0,0,0,23939496,1761552
balanced,16,16,4,20260813,18,1,1,1,0,0,1,28,45,1,1,284.87102468563717,287.5140629862135,0,0,0,4299,1177,0,25775784,1897056
balanced,16,16,4,20260813,19,1,1,1,0,0,1,32,24,1,1,405.2282959378695,388.3367400147191,0,0,0,529740,103159,0,29448360,2168064
balanced,16,16,4,20260813,20,1,1,1,0,0,1,42,258,1,4,319.1920816806416,347.0432388824624,0,0,0,2143016,374932,0,38629800,2845584
balanced,16,16,4,20260813,21,1,1,1,0,0,1,64,44,1,1,353.470729447975,398.57316820903765,0,0,0,7962101,1335792,0,58828968,4336128
balanced,16,16,4,20260813,22,1,1,1,0,0,1,20,24,1,1,349.851078803326,329.32839236431755,0,0,0,0,0,0,18430632,1355040
balanced,16,16,4,20260813,23,1,1,1,0,0,1,26,35,1,1,350.48698354546644,354.51631612690585,0,0,0,379,144,0,23939496,1761552
balanced,16,16,4,20260813,24,1,1,1,0,0,1,32,37,1,1,311.5196768560181,315.89184971108915,0,0,0,325394,67643,0,29448360,2168064
balanced,16,16,4,20260813,25,1,1,1,0,0,1,120,59,2,1,440.7148275280506,424.0351392561671,0,0,0,11825684,1973617,0,110245032,8130240
balanced,16,16,4,20260813,26,1,1,1,0,0,1,18,14,1,1,279.83087349646235,282.0451285231401,0,0,0,0,0,0,16594344,1219536
balanced,16,16,4,20260813,27,1,1,1,0,0,1,27,28,1,1,299.9857237226,279.3103704664742,0,0,0,803,298,0,24857640,1829304
balanced,16,16,4,20260813,28,1,1,1,0,0,1,43,28,1,1,312.4850299089268,304.4301267694177,0,0,0,3360177,580065,0,39547944,2913336
balanced,16,16,4,20260813,29,1,1,1,0,0,1,25,305,1,5,350.55464781843773,352.0173330499033,0,0,0,0,0,0,23021352,1693800
balanced,16,16,4,20260813,30,1,1,1,0,0,1,27,34,1,1,388.1786242184488,386.940386025874,0,0,0,3242,781,0,24857640,1829304
balanced,16,16,4,20260813,31,1,1,1,0,0,1,31,33,1,1,336.56291763510524,324.7598412733876,0,0,0,59741,12912,0,28530216,2100312
balanced,16,16,4,20260813,32,1,1,1,0,0,1,24,28,1,1,410.53204474795257,426.1593105894092,0,0,0,0,0,0,22103208,1626048
balanced,16,16,4,20260813,33,1,1,1,0,0,1,29,36,1,1,377.7144928347095,320.93044997295385,0,0,0,5458,1508,0,26693928,1964808
balanced,16,16,4,20260813,34,1,1,1,0,0,1,109,25,2,1,336.0771793815063,310.8506420983517,0,0,0,16317423,2714164,0,100145448,7384968
balanced,16,16,4,20260813,35,1,1,1,0,0,1,67,27,1,1,379.09999220399527,335.68379849429965,0,0,0,5507413,968615,0,61583400,4539384
balanced,16,16,4,20260813,36,1,1,1,0,0,1,76,20,1,1,354.3187855299692,353.258955005414,0,0,0,12091351,2025010,0,69846696,5149152
balanced,16,16,4,20260813,37,1,1,1,0,0,1,28,24,1,1,248.7381233197583,254.37791531233654,0,0,0,443978,89719,0,25775784,1897056
balanced,16,16,4,20260813,38,1,1,1,0,0,1,46,38,1,1,423.9472840737468,418.77831860042926,0,0,0,4264253,728664,0,42302376,3116592
balanced,16,16,4,20260813,39,1,1,1,0,0,1,38,18,1,1,344.2570863249326,343.01796423735107,0,0,0,3638252,621127,0,34957224,2574576
balanced,16,16,4,20260813,40,1,1,1,0,0,1,42,47,1,1,276.8857901310235,363.1640692513466,0,0,0,3131902,545433,0,38629800,2845584
balanced,16,16,4,20260813,41,1,1,1,0,0,1,30,32,1,1,354.8304884907709,347.57420175836415,0,0,0,79674,16736,0,27612072,2032560
balanced,16,16,4,20260813,42,1,1,1,0,0,1,18,17,1,1,292.8724187995557,280.96636813215787,0,0,0,0,0,0,16594344,1219536
balanced,16,16,4,20260813,43,1,1,1,0,0,1,156,117,3,2,266.7271963928464,271.8717181440985,0,0,0,17330369,2875007,0,143298216,10569312
balanced,16,16,4,20260813,44,1,1,1,0,0,1,29,17,1,1,339.3775655234087,329.26949587813056,0,0,0,226439,46222,0,26693928,1964808
balanced,16,16,4,20260813,45,1,1,1,0,0,1,257,574,4,10,341.1643917068144,339.9113004866065,0,0,0,18011522,2984218,0,236030760,17412264
balanced,16,16,4,20260813,46,1,1,1,0,0,1,28,19,1,1,302.7109197521736,272.58261784316204,0,0,0,9217,2016,0,25775784,1897056
balanced,16,16,4,20260813,47,1,1,1,0,0,1,28,20,1,1,306.3029166030992,306.8767418756181,0,0,0,34239,7253,0,25775784,1897056
balanced,16,16,4,20260813,48,1,1,1,0,0,1,20,28,1,1,357.2387529679846,432.5780940181603,0,0,0,0,0,0,18430632,1355040
balanced,16,16,4,20260813,49,1,1,1,0,0,1,164,44,3,1,392.497654843981,374.7904783706736,0,0,0,12159834,2047259,0,150643368,11111328
balanced,16,16,4,20260813,50,1,1,1,0,0,1,36,36,1,1,345.41876251517823,350.84168803874195,0,0,0,412779,83731,0,33120936,2439072
balanced,16,16,4,20260813,51,1,1,1,0,0,1,19,46,1,1,270.8177602441584,261.3928486981134,0,0,0,0,0,0,17512488,1287288
balanced,16,16,4,20260813,52,1,1,1,0,0,1,59,18,1,1,318.9936529168249,313.4163697623837,0,0,0,9375282,1568311,0,54238248,3997368
balanced,16,16,4,20260813,53,1,1,1,0,0,1,107,119,2,2,443.3379890122769,382.4193092882675,0,0,0,18762193,3106407,0,98309160,7249464
balanced,16,16,4,20260813,54,1,1,1,0,0,1,72,38,1,1,334.6760148069003,313.517108074725,0,0,0,12786332,2124002,0,66174120,4878144
balanced,16,16,4,20260813,55,1,1,1,0,0,1,32,26,1,1,305.8040569623696,296.37684310327086,0,0,0,40377,9403,0,29448360,2168064
balanced,16,16,4,20260813,56,1,1,1,0,0,1,36,431,1,7,380.9591860581421,402.71415590903155,0,0,0,994508,192227,0,33120936,2439072
balanced,16,16,4,20260813,57,1,1,1,0,0,1,27,66,1,1,315.6241613106896,318.01620542458113,0,0,0,455652,90001,0,24857640,1829304
balanced,16,16,4,20260813,58,1,1,1,0,0,1,44,33,1,1,359.54951261713256,356.1786039085903,0,0,0,2156871,395135,0,40466088,2981088
balanced,16,16,4,20260813,59,1,1,1,0,0,1,223,491,4,8,434.92861736064555,468.5352667285921,0,0,0,17327808,2873349,0,204813864,15108696
balanced,16,16,4,20260813,60,1,1,1,0,0,1,28,32,1,1,307.92592138505063,321.32110899227763,0,0,0,0,0,0,25775784,1897056
balanced,16,16,4,20260813,61,1,1,1,0,0,1,19,31,1,1,293.76343229783294,299.9959782897494,0,0,0,0,0,0,17512488,1287288
balanced,16,16,4,20260813,62,1,1,1,0,0,1,79,104,1,2,360.8923728538904,344.5753925764391,0,0,0,11218181,1880697,0,72601128,5352408
balanced,16,16,4,20260813,63,1,1,1,0,0,1,27,25,1,1,356.46860112998127,352.07792200635987,0,0,0,38286,8050,0,24857640,1829304
balanced,16,16,4,20260813,64,1,1,1,0,0,1,24,12,1,1,318.2552628433698,297.84309604971196,0,0,0,0,0,0,22103208,1626048
balanced,16,16,4,20260813,65,1,1,1,0,0,1,13,32,1,1,257.1615435259091,278.07488604877494,0,0,0,0,0,0,12003624,880776
balanced,16,16,4,20260813,66,1,1,1,0,0,1,28,33,1,1,400.84925304662664,385.75122479737706,0,0,0,0,0,0,25775784,1897056
balanced,16,16,4,20260813,67,1,1,1,0,0,1,174,24,3,1,341.96278660746214,325.4582044545121,0,0,0,13796225,2295867,0,159824808,11788848
balanced,16,16,4,20260813,68,1,1,1,0,0,1,57,35,1,1,288.2726291480502,273.89382925035216,0,0,0,8536295,1431471,0,52401960,3861864
balanced,16,16,4,20260813,69,1,1,1,0,0,1,24,12,1,1,291.1411667892532,278.1157059356673,0,0,0,0,0,0,22103208,1626048
balanced,16,16,4,20260813,70,1,1,1,0,0,1,29,29,1,1,364.3627573759335,377.8963648298077,0,0,0,94,35,0,26693928,1964808
balanced,16,16,4,20260813,71,1,1,1,0,0,1,638,229,11,4,455.6439248256375,466.1227344262403,0,0,0,10295406,1726067,0,585843624,43225776
balanced,16,16,4,20260813,72,1,1,1,0,0,1,24,72,1,1,296.90946758058624,293.2092538680656,0,0,0,0,0,0,22103208,1626048
balanced,16,16,4,20260813,73,1,1,1,0,0,1,52,137,1,2,320.3536691237229,347.1904362696873,0,0,0,7381712,1256989,0,47811240,3523104
balanced,16,16,4,20260813,74,1,1,1,0,0,1,155,173,3,3,400.47575655443353,389.8264502277758,0,0,0,138787,33715,0,142380072,10501560
balanced,16,16,4,20260813,75,1,1,1,0,0,1,61,24,1,1,318.00933608083017,300.9322744196139,0,0,0,4610660,813864,0,56074536,4132872
balanced,16,16,4,20260813,76,1,1,1,0,0,1,23,15,1,1,262.7578562270542,245.58704788078867,0,0,0,0,0,0,21185064,1558296
balanced,16,16,4,20260813,77,1,1,1,0,0,1,78,20,1,1,416.70099278848284,398.8820404582768,0,0,0,7754426,1310935,0,71682984,5284656
balanced,16,16,4,20260813,78,1,1,1,0,0,1,30,46,1,1,311.39337738348263,383.23265921029747,0,0,0,5446,1321,0,27612072,2032560
balanced,16,16,4,20260813,79,1,1,1,0,0,1,26,27,1,1,300.94286178935005,299.8938337697269,0,0,0,3806,944,0,23939496,1761552
balanced,16,16,4,20260813,80,1,1,1,0,0,1,109,130,2,2,350.4609301537305,328.74958980456813,0,0,0,14181215,2367113,0,100145448,7384968
balanced,16,16,4,20260813,81,1,1,1,0,0,1,34,18,1,1,287.48612453286466,284.64075618560594,0,0,0,1785972,316540,0,31284648,2303568
balanced,16,16,4,20260813,82,1,1,1,0,0,1,23,25,1,1,319.949548186268,336.58449290037936,0,0,0,0,0,0,21185064,1558296
balanced,16,16,4,20260813,83,1,1,1,0,0,1,171,178,3,3,328.9128939449689,368.13517270304476,0,0,0,15704013,2606219,0,157070376,11585592
balanced,16,16,4,20260813,84,1,1,1,0,0,1,16,17,1,1,238.76922066046473,243.3408311989009,0,0,0,0,0,0,14758056,1084032
balanced,16,16,4,20260813,85,1,1,1,0,0,1,44,23,1,1,394.16733844589436,390.1603317323329,0,0,0,1072072,199601,0,40466088,2981088
balanced,16,16,4,20260813,86,1,1,1,0,0,1,38,24,1,1,283.0596511634259,279.4739560874712,0,0,0,2434879,426684,0,34957224,2574576
balanced,16,16,4,20260813,87,1,1,1,0,0,1,39,22,1,1,233.80907365321195,218.8582166341635,0,0,0,3777588,646451,0,35875368,2642328
balanced,16,16,4,20260813,88,1,1,1,0,0,1,23,18,1,1,280.93481263506527,295.1622647573207,0,0,0,17453,3989,0,21185064,1558296
balanced,16,16,4,20260813,89,1,1,1,0,0,1,362,34,6,1,432.10952124157944,400.51813849270724,0,0,0,16405190,2720053,0,332435880,24526224
balanced,16,16,4,20260813,90,1,1,1,0,0,1,13,41,1,1,287.9594323122336,299.86636731604995,0,0,0,0,0,0,12003624,880776
balanced,16,16,4,20260813,91,1,1,1,0,0,1,21,38,1,1,266.34047644810926,254.53740008639164,0,0,0,0,0,0,19348776,1422792
balanced,16,16,4,20260813,92,1,1,1,0,0,1,337,26,6,1,418.05220839920594,386.27623023830586,0,0,0,17274699,2863410,0,309482280,22832424
balanced,16,16,4,20260813,93,1,1,1,0,0,1,17,22,1,1,269.62908510573516,272.556107793052,0,0,0,0,0,0,15676200,1151784
balanced,16,16,4,20260813,94,1,1,1,0,0,1,28,33,1,1,329.4593141901498,311.81293046540657,0,0,0,552669,108628,0,25775784,1897056
balanced,16,16,4,20260813,95,1,1,1,0,0,1,33,49,1,1,381.66564218259475,377.0825218989321,0,0,0,815650,154759,0,30366504,2235816
balanced,16,16,4,20260813,96,1,1,1,0,0,1,29,33,1,1,320.3965118912975,348.8579747861179,0,0,0,2192,551,0,26693928,1964808
balanced,16,16,4,20260813,97,1,1,1,0,0,1,52,136,1,2,411.8021735078189,433.12723825691444,0,0,0,3224913,565138,0,47811240,3523104
balanced,16,16,4,20260813,98,1,1,1,0,0,1,36,35,1,1,358.129369742729,363.06805901014314,0,0,0,675939,130307,0,33120936,2439072
balanced,16,16,4,20260813,99,1,1,1,0,0,1,30,23,1,1,363.9257005562024,346.3809746848733,0,0,0,41377,9178,0,27612072,2032560
balanced,16,16,4,20260813,100,1,1,1,0,0,1,53,27,1,1,345.7706070774097,360.3151147188121,0,0,0,6779457,1138415,0,48729384,3590856
balanced,16,16,4,20260813,101,1,1,1,0,0,1,99,17,2,1,275.7484130695907,298.26800153110685,0,0,0,18974127,3139460,0,90964008,6707448
balanced,16,16,4,20260813,102,1,1,1,0,0,1,465,43,8,1,367.2105480826422,349.9496794210485,0,0,0,16105534,2690048,0,427004712,31504680
balanced,16,16,4,20260813,103,1,1,1,0,0,1,180,44,3,1,380.36483420767183,373.3544009927977,0,0,0,16959437,2818972,0,165333672,12195360
balanced,16,16,4,20260813,104,1,1,1,0,0,1,29,31,1,1,358.2815590673213,350.3152875934755,0,0,0,34514,7853,0,26693928,1964808
balanced,16,16,4,20260813,105,1,1,1,0,0,1,50,112,1,2,340.6065017722722,343.1186801975963,0,0,0,4665464,810307,0,45974952,3387600
balanced,16,16,4,20260813,106,1,1,1,0,0,1,30,24,1,1,323.8549599426309,314.1002467876954,0,0,0,302609,62515,0,27612072,2032560
balanced,16,16,4,20260813,107,1,1,1,0,0,1,33,50,1,1,449.08766840238036,454.02682802105255,0,0,0,27060,5717,0,30366504,2235816
balanced,16,16,4,20260813,108,1,1,1,0,0,1,19,34,1,1,274.16886743028215,245.1453988812899,0,0,0,0,0,0,17512488,1287288
balanced,16,16,4,20260813,109,1,1,1,0,0,0,33,980,1,16,390.97258001745234,,0,0,0,3031,745,0,30366504,2235816
balanced,16,16,4,20260813,110,1,1,1,0,0,1,38,26,1,1,383.3255942532145,373.9778840621872,0,0,0,1010128,191584,0,34957224,2574576
balanced,16,16,4,20260813,111,0,0,0,0,1,1,980,455,16,8,,303.02833327751176,0,0,0,19503129,3225211,0,899848872,66396960
balanced,16,16,4,20260813,112,1,1,1,0,0,1,18,44,1,1,376.3102742304553,369.6379033484395,0,0,0,0,0,0,16594344,1219536
balanced,16,16,4,20260813,113,1,1,1,0,0,1,225,28,4,1,245.61946383175155,248.65034492039683,0,0,0,19525049,3229590,0,206650152,15244200
balanced,16,16,4,20260813,114,1,1,1,0,0,1,27,36,1,1,386.75666713130926,361.1384718093646,0,0,0,0,0,0,24857640,1829304
balanced,16,16,4,20260813,115,1,1,1,0,0,1,24,17,1,1,321.6777879037828,334.67963777807824,0,0,0,0,0,0,22103208,1626048
balanced,16,16,4,20260813,116,1,1,1,0,0,1,51,45,1,1,317.7574664641461,331.09658195762773,0,0,0,1234626,228256,0,46893096,3455352
balanced,16,16,4,20260813,117,1,1,1,0,0,1,28,31,1,1,297.2888574977323,298.8472088796549,0,0,0,157564,33088,0,25775784,1897056
balanced,16,16,4,20260813,118,1,1,1,0,0,1,22,23,1,1,316.09331945135114,325.4434519014776,0,0,0,0,0,0,20266920,1490544
balanced,16,16,4,20260813,119,1,1,1,0,0,1,24,31,1,1,333.21425384916176,336.4570276536355,0,0,0,0,0,0,22103208,1626048
balanced,16,16,4,20260813,120,1,1,1,0,0,1,24,17,1,1,316.17890803226896,320.9872087872861,0,0,0,0,0,0,22103208,1626048
balanced,16,16,4,20260813,121,1,1,1,0,0,1,38,30,1,1,446.63233814940884,448.62924113499713,0,0,0,201259,43288,0,34957224,2574576
balanced,16,16,4,20260813,122,1,1,1,0,0,1,20,23,1,1,310.59728441390973,293.04571580544126,0,0,0,0,0,0,18430632,1355040
balanced,16,16,4,20260813,123,1,1,1,0,0,1,116,48,2,1,331.7111780080372,303.2341382017859,0,0,0,17953439,2972988,0,106572456,7859232
balanced,16,16,4,20260813,124,1,1,1,0,0,1,37,45,1,1,318.8607026738446,319.7205341663269,0,0,0,170293,36532,0,34039080,2506824
balanced,16,16,4,20260813,125,1,1,1,0,0,1,33,55,1,1,348.98632513254216,375.44985907941475,0,0,0,0,0,0,30366504,2235816
balanced,16,16,4,20260813,126,1,1,1,0,0,1,184,46,3,1,379.0717146913749,363.93036960579946,0,0,0,15138630,2512494,0,169006248,12466368
balanced,16,16,4,20260813,127,1,1,1,0,0,1,21,65,1,1,312.40654202158265,315.1010415064334,0,0,0,0,0,0,19348776,1422792
balanced,18,16,4,20260809,0,1,1,1,0,0,1,37,23,1,1,318.1463945999453,328.6641794878916,0,0,0,1759215,311994,0,34039080,2506824
balanced,18,16,4,20260809,1,1,1,1,0,0,1,42,17,1,1,319.244503996015,298.31313780294295,0,0,0,8398,1993,0,38629800,2845584
balanced,18,16,4,20260809,2,1,1,1,0,0,1,40,25,1,1,386.867476264577,388.67262118387396,0,0,0,0,0,0,36793512,2710080
balanced,18,16,4,20260809,3,1,1,1,0,0,1,41,36,1,1,367.00421729754777,362.1952545164906,0,0,0,1014148,189635,0,37711656,2777832
balanced,18,16,4,20260809,4,1,1,1,0,0,1,17,15,1,1,410.41626611945526,319.89038709201327,0,0,0,0,0,0,15676200,1151784
balanced,18,16,4,20260809,5,1,1,1,0,0,1,53,16,1,1,263.4989090628512,274.69419033665883,0,0,0,5154,1941,0,48729384,3590856
balanced,18,16,4,20260809,6,1,1,1,0,0,1,123,23,2,1,297.45836646982224,302.4205950937307,0,0,0,16112690,2669144,0,112999464,8333496
balanced,18,16,4,20260809,7,1,1,1,0,0,1,34,114,1,2,367.54835723090434,343.06178101531583,0,0,0,7060,1726,0,31284648,2303568
balanced,18,16,4,20260809,8,1,1,1,0,0,1,28,56,1,1,353.32071911028163,359.70213395503305,0,0,0,0,0,0,25775784,1897056
balanced,18,16,4,20260809,9,1,1,1,0,0,1,195,334,3,6,369.60673241514496,342.90550571574124,0,0,0,14977836,2484002,0,179105832,13211640
balanced,18,16,4,20260809,10,1,1,1,0,0,1,23,39,1,1,338.3058737049273,351.1709519540915,0,0,0,0,0,0,21185064,1558296
balanced,18,16,4,20260809,11,1,1,1,0,0,1,126,21,2,1,397.1857347032975,361.91901569493524,0,0,0,14281117,2372542,0,115753896,8536752
balanced,18,16,4,20260809,12,1,1,1,0,0,1,42,52,1,1,390.6551592319578,385.6277491698546,0,0,0,39741,10031,0,38629800,2845584
balanced,18,16,4,20260809,13,1,1,1,0,0,1,129,471,2,8,425.7646527461692,444.04929026291046,0,0,0,8687180,1469844,0,118508328,8740008
balanced,18,16,4,20260809,14,1,1,1,0,0,1,32,61,1,1,338.5979398863363,344.9932359701255,0,0,0,0,0,0,29448360,2168064
balanced,18,16,4,20260809,15,1,1,1,0,0,1,111,185,2,3,364.64992516126006,392.8371303649066,0,0,0,12248326,2032091,0,101981736,7520472
balanced,18,16,4,20260809,16,1,1,1,0,0,1,120,34,2,1,431.05347727240144,393.06636497611544,0,0,0,14243851,2362731,0,110245032,8130240
balanced,18,16,4,20260809,17,1,1,1,0,0,1,37,22,1,1,305.6760592640092,350.00538713651184,0,0,0,2091399,366618,0,34039080,2506824
balanced,18,16,4,20260809,18,1,1,1,0,0,1,361,22,6,1,481.2211163545831,453.84616372582457,0,0,0,14326768,2377407,0,331517736,24458472
balanced,18,16,4,20260809,19,1,1,1,0,0,1,27,25,1,1,381.1940697065229,387.839971311754,0,0,0,0,0,0,24857640,1829304
balanced,18,16,4,20260809,20,1,1,1,0,0,1,44,24,1,1,286.36505775018753,279.96045497823843,0,0,0,1445609,265580,0,40466088,2981088
balanced,18,16,4,20260809,21,1,1,1,0,0,1,14,14,1,1,273.57854771508386,273.57854771508386,0,0,0,0,0,0,12921768,948528
balanced,18,16,4,20260809,22,1,1,1,0,0,1,25,22,1,1,308.5124129581066,360.3091827740966,0,0,0,0,0,0,23021352,1693800
balanced,18,16,4,20260809,23,1,1,1,0,0,1,38,16,1,1,348.9287107278032,360.65008896626534,0,0,0,266515,55486,0,34957224,2574576
balanced,18,16,4,20260809,24,1,1,1,0,0,1,29,19,1,1,311.34676067526306,299.5748059099719,0,0,0,0,0,0,26693928,1964808
balanced,18,16,4,20260809,25,1,1,1,0,0,1,27,22,1,1,233.46049367038287,231.49009693130174,0,0,0,0,0,0,24857640,1829304
balanced,18,16,4,20260809,26,1,1,1,0,0,1,27,27,1,1,287.54706712272224,298.1364026687779,0,0,0,0,0,0,24857640,1829304
balanced,18,16,4,20260809,27,1,1,1,0,0,1,19,38,1,1,282.4251143019695,279.68360395475577,0,0,0,0,0,0,17512488,1287288
balanced,18,16,4,20260809,28,1,1,1,0,0,1,108,249,2,4,355.1463468511163,332.2408439188472,0,0,0,16014720,2653434,0,99227304,7317216
balanced,18,16,4,20260809,29,1,1,1,0,0,1,29,43,1,1,342.08492718851875,385.2152367537198,0,0,0,0,0,0,26693928,1964808
balanced,18,16,4,20260809,30,1,1,1,0,0,1,17,33,1,1,332.7156967748629,325.8828210696963,0,0,0,0,0,0,15676200,1151784
balanced,18,16,4,20260809,31,1,1,1,0,0,1,26,20,1,1,282.4417930129109,285.52694858161897,0,0,0,0,0,0,23939496,1761552
balanced,18,16,4,20260809,32,1,1,1,0,0,1,23,28,1,1,353.87693487265017,340.4050680907237,0,0,0,0,0,0,21185064,1558296
balanced,18,16,4,20260809,33,1,1,1,0,0,1,17,18,1,1,351.2539752513059,346.02187035022496,0,0,0,0,0,0,15676200,1151784
balanced,18,16,4,20260809,34,1,1,1,0,0,1,230,226,4,4,349.2986429318704,385.6033038513326,0,0,0,15621203,2586650,0,211240872,15582960
balanced,18,16,4,20260809,35,1,1,1,0,0,1,45,52,1,1,441.364641160651,407.4045599519107,0,0,0,1674238,298761,0,41384232,3048840
balanced,18,16,4,20260809,36,1,1,1,0,0,1,44,25,1,1,385.2338679066979,396.351264363206,0,0,0,141591,29688,0,40466088,2981088
balanced,18,16,4,20260809,37,0,1,0,0,1,0,980,980,16,16,,,0,0,0,11280488,1877020,0,899848872,66396960
balanced,18,16,4,20260809,38,1,1,1,0,0,1,719,37,12,1,438.4047308106591,391.12588992694896,0,0,0,12044663,2010020,0,660213288,48713688
balanced,18,16,4,20260809,39,1,1,1,0,0,1,25,37,1,1,343.76950382381267,360.0953822279208,0,0,0,0,0,0,23021352,1693800
balanced,18,16,4,20260809,40,1,1,1,0,0,1,16,33,1,1,280.6114019145944,293.50734883469914,0,0,0,0,0,0,14758056,1084032
balanced,18,16,4,20260809,41,1,1,1,0,0,1,18,18,1,1,293.7052144960676,226.82538599575787,0,0,0,0,0,0,16594344,1219536
balanced,18,16,4,20260809,42,1,1,1,0,0,1,47,25,1,1,328.7853623556117,328.3955906081728,0,0,0,187221,41993,0,43220520,3184344
balanced,18,16,4,20260809,43,1,1,1,0,0,1,29,21,1,1,327.8708032616791,343.36213996198785,0,0,0,86,54,0,26693928,1964808
balanced,18,16,4,20260809,44,1,1,1,0,0,1,32,18,1,1,415.53792045987825,396.4687337538469,0,0,0,1107,284,0,29448360,2168064
balanced,18,16,4,20260809,45,1,1,1,0,0,1,21,26,1,1,260.790073795145,247.19065710579184,0,0,0,0,0,0,19348776,1422792
balanced,18,16,4,20260809,46,1,1,1,0,0,1,191,25,3,1,442.3585484682807,399.623139095343,0,0,0,14089015,2335250,0,175433256,12940632
balanced,18,16,4,20260809,47,1,1,1,0,0,1,132,22,2,1,322.2455250828707,300.8377827556977,0,0,0,13571160,2252440,0,121262760,8943264
balanced,18,16,4,20260809,48,1,1,1,0,0,1,31,27,1,1,411.17963838383093,391.10301773934555,0,0,0,0,0,0,28530216,2100312
balanced,18,16,4,20260809,49,1,1,1,0,0,1,29,25,1,1,383.9185769363319,379.82016155951317,0,0,0,0,0,0,26693928,1964808
balanced,18,16,4,20260809,50,1,1,1,0,0,1,30,31,1,1,317.9132485500227,313.24746694633507,0,0,0,0,0,0,27612072,2032560
balanced,18,16,4,20260809,51,1,1,1,0,0,1,30,17,1,1,263.7509668181009,272.420109038991,0,0,0,8,8,0,27612072,2032560
balanced,18,16,4,20260809,52,1,1,1,0,0,1,41,44,1,1,296.2232499367866,258.6872963628482,0,0,0,3301218,564473,0,37711656,2777832
balanced,18,16,4,20260809,53,1,1,1,0,0,1,48,80,1,1,340.8877484362215,353.6181848264015,0,0,0,2728,947,0,44138664,3252096
balanced,18,16,4,20260809,54,1,1,1,0,0,1,30,46,1,1,388.574463848896,385.9629727434567,0,0,0,0,0,0,27612072,2032560
balanced,18,16,4,20260809,55,1,1,1,0,0,1,36,25,1,1,391.83426521971865,405.4659368855956,0,0,0,213039,44892,0,33120936,2439072
balanced,18,16,4,20260809,56,1,1,1,0,0,1,29,184,1,3,330.546580202735,348.3060198881217,0,0,0,0,0,0,26693928,1964808
balanced,18,16,4,20260809,57,1,1,1,0,0,1,17,19,1,1,319.78759681830473,335.1588456344334,0,0,0,0,0,0,15676200,1151784
balanced,18,16,4,20260809,58,1,1,1,0,0,1,28,16,1,1,317.1992605606455,303.81979552907956,0,0,0,0,0,0,25775784,1897056
balanced,18,16,4,20260809,59,1,1,1,0,0,1,44,45,1,1,442.29743084299844,452.26105662239297,0,0,0,1455,436,0,40466088,2981088
balanced,18,16,4,20260809,60,1,1,1,0,0,1,98,30,2,1,305.84319375159146,331.04892371412643,0,0,0,15484514,2568272,0,90045864,6639696
balanced,18,16,4,20260809,61,1,1,1,0,0,1,228,247,4,4,404.70434019340007,419.521480659494,0,0,0,1616600,328890,0,209404584,15447456
balanced,18,16,4,20260809,62,1,1,1,0,0,1,35,28,1,1,375.23815819477284,414.8972389588573,0,0,0,1726,440,0,32202792,2371320
balanced,18,16,4,20260809,63,1,1,1,0,0,1,131,37,2,1,393.6414097305346,385.642096417405,0,0,0,1530981,303949,0,120344616,8875512
balanced,18,16,4,20260809,64,1,1,1,0,0,1,21,23,1,1,292.47487136357347,278.7770616951118,0,0,0,0,0,0,19348776,1422792
balanced,18,16,4,20260809,65,1,1,1,0,0,1,15,31,1,1,285.58125895758644,298.46332625844525,0,0,0,0,0,0,13839912,1016280
balanced,18,16,4,20260809,66,1,1,1,0,0,1,33,22,1,1,306.2017227738768,310.05971627856,0,0,0,12419,2725,0,30366504,2235816
balanced,18,16,4,20260809,67,1,1,1,0,0,1,35,31,1,1,430.6190126023324,428.84117822222026,0,0,0,34655,7205,0,32202792,2371320
balanced,18,16,4,20260809,68,1,1,1,0,0,1,24,20,1,1,285.73332162990243,290.45936733726637,0,0,0,0,0,0,22103208,1626048
balanced,18,16,4,20260809,69,1,1,1,0,0,1,36,35,1,1,371.4201925964611,355.31448491275955,0,0,0,9178,2103,0,33120936,2439072
balanced,18,16,4,20260809,70,1,1,1,0,0,1,40,32,1,1,307.2022832024958,324.2738142332343,0,0,0,9,6,0,36793512,2710080
balanced,18,16,4,20260809,71,1,1,1,0,0,1,24,19,1,1,228.5749587491972,253.9745954435926,0,0,0,0,0,0,22103208,1626048
balanced,18,16,4,20260809,72,1,1,1,0,0,1,22,30,1,1,370.64213244020436,345.2601536845826,0,0,0,0,0,0,20266920,1490544
balanced,18,16,4,20260809,73,1,1,1,0,0,1,40,16,1,1,271.09474733407797,272.94166483059627,0,0,0,60519,13047,0,36793512,2710080
balanced,18,16,4,20260809,74,1,1,1,0,0,1,42,30,1,1,438.8387048398205,393.94997139003056,0,0,0,80,44,0,38629800,2845584
balanced,18,16,4,20260809,75,1,1,1,0,0,1,92,104,2,2,377.71414865172056,379.9423287006333,0,0,0,15434322,2558405,0,84537000,6233184
balanced,18,16,4,20260809,76,1,1,1,0,0,1,29,30,1,1,386.6004632550951,386.90030226549425,0,0,0,0,0,0,26693928,1964808
balanced,18,16,4,20260809,77,1,1,1,0,0,1,39,27,1,1,341.35240873970747,335.72277966329,0,0,0,966784,179787,0,35875368,2642328
balanced,18,16,4,20260809,78,1,1,1,0,0,1,113,120,2,2,371.765555080721,334.84901268840355,0,0,0,17372916,2877148,0,103818024,7655976
balanced,18,16,4,20260809,79,1,1,1,0,0,1,47,16,1,1,303.32468129049903,273.0699800584164,0,0,0,4883666,824626,0,43220520,3184344
balanced,18,16,4,20260809,80,1,1,1,0,0,1,20,29,1,1,384.1977355660755,390.7174692338731,0,0,0,0,0,0,18430632,1355040
balanced,18,16,4,20260809,81,1,1,1,0,0,1,28,20,1,1,378.978317567707,363.0386420998793,0,0,0,0,0,0,25775784,1897056
balanced,18,16,4,20260809,82,1,1,1,0,0,1,35,30,1,1,314.07108307873284,303.2887316188873,0,0,0,4976,1237,0,32202792,2371320
balanced,18,16,4,20260809,83,1,1,1,0,0,1,22,34,1,1,404.13317694081593,363.06592510765,0,0,0,0,0,0,20266920,1490544
balanced,18,16,4,20260809,84,1,1,1,0,0,1,46,27,1,1,415.59369971343506,357.15246147857147,0,0,0,726681,143349,0,42302376,3116592
balanced,18,16,4,20260809,85,1,1,1,0,0,1,19,29,1,1,214.33441560825503,257.4272679986892,0,0,0,0,0,0,17512488,1287288
balanced,18,16,4,20260809,86,1,1,1,0,0,1,35,50,1,1,315.43982862278983,338.1824667100422,0,0,0,202631,41808,0,32202792,2371320
balanced,18,16,4,20260809,87,1,1,1,0,0,1,37,162,1,3,303.125243753404,322.8378844463758,0,0,0,83127,18538,0,34039080,2506824
balanced,18,16,4,20260809,88,1,1,1,0,0,1,28,42,1,1,340.3919498461496,377.6572523052703,0,0,0,0,0,0,25775784,1897056
balanced,18,16,4,20260809,89,1,1,1,0,0,1,159,32,3,1,367.84711352293004,366.4414296001787,0,0,0,15039057,2495729,0,146052648,10772568
balanced,18,16,4,20260809,90,1,1,1,0,0,1,21,16,1,1,304.36271079121286,311.677600028673,0,0,0,0,0,0,19348776,1422792
balanced,18,16,4,20260809,91,1,1,1,0,0,1,287,524,5,9,561.9419757277576,507.0068833867473,0,0,0,11367998,1891799,0,263575080,19444824
balanced,18,16,4,20260809,92,1,1,1,0,0,1,41,26,1,1,322.7155043235801,343.5577990850549,0,0,0,4375,1094,0,37711656,2777832
balanced,18,16,4,20260809,93,1,1,1,0,0,1,21,31,1,1,330.4522182724087,300.4789985779083,0,0,0,0,0,0,19348776,1422792
balanced,18,16,4,20260809,94,1,1,1,0,0,1,31,33,1,1,344.76009683693974,362.5856886511678,0,0,0,0,0,0,28530216,2100312
balanced,18,16,4,20260809,95,1,1,1,0,0,1,17,18,1,1,348.3839892393951,339.04132144161815,0,0,0,0,0,0,15676200,1151784
balanced,18,16,4,20260809,96,1,1,1,0,0,1,133,16,2,1,333.6863762029601,300.6408532896441,0,0,0,16226634,2690755,0,122180904,9011016
balanced,18,16,4,20260809,97,1,1,1,0,0,1,33,345,1,6,466.1886615022887,417.980230749307,0,0,0,3553,812,0,30366504,2235816
balanced,18,16,4,20260809,98,1,1,1,0,0,1,22,25,1,1,327.33594158445766,326.960255386557,0,0,0,0,0,0,20266920,1490544
balanced,18,16,4,20260809,99,1,1,1,0,0,1,25,44,1,1,355.7805720157923,326.94040353973685,0,0,0,0,0,0,23021352,1693800
balanced,18,16,4,20260809,100,1,1,1,0,0,1,35,161,1,3,376.2285641786908,399.8671233225304,0,0,0,0,0,0,32202792,2371320
balanced,18,16,4,20260809,101,1,1,1,0,0,1,136,18,2,1,352.8555512307253,309.140936455733,0,0,0,14829221,2460631,0,124935336,9214272
balanced,18,16,4,20260809,102,1,1,1,0,0,1,26,113,1,2,272.6439639243604,251.44306191146518,0,0,0,52,26,0,23939496,1761552
balanced,18,16,4,20260809,103,1,1,1,0,0,1,103,54,2,1,416.7065473434467,410.70648991171845,0,0,0,15398516,2553473,0,94636584,6978456
balanced,18,16,4,20260809,104,1,1,1,0,0,1,25,18,1,1,290.83895956349977,295.380544476776,0,0,0,0,0,0,23021352,1693800
balanced,18,16,4,20260809,105,1,1,1,0,0,1,31,58,1,1,422.2582574949289,391.04841419798083,0,0,0,0,0,0,28530216,2100312
balanced,18,16,4,20260809,106,1,1,1,0,0,1,32,35,1,1,308.1091799185616,302.2556580886102,0,0,0,0,0,0,29448360,2168064
balanced,18,16,4,20260809,107,1,1,1,0,0,1,55,133,1,2,296.3432288872443,356.0995573300848,0,0,0,3326457,589021,0,50565672,3726360
balanced,18,16,4,20260809,108,1,1,1,0,0,1,18,228,1,4,357.0339576978198,366.3840904689731,0,0,0,0,0,0,16594344,1219536
balanced,18,16,4,20260809,109,1,1,1,0,0,1,38,34,1,1,368.5845542802915,379.0741094134602,0,0,0,742,216,0,34957224,2574576
balanced,18,16,4,20260809,110,1,1,1,0,0,1,37,49,1,1,441.6374304536615,413.1985613690827,0,0,0,0,0,0,34039080,2506824
balanced,18,16,4,20260809,111,1,1,1,0,0,1,37,54,1,1,398.0083123076955,404.2715570445873,0,0,0,0,0,0,34039080,2506824
balanced,18,16,4,20260809,112,1,1,1,0,0,1,28,48,1,1,330.3181042673114,329.8719165750861,0,0,0,0,0,0,25775784,1897056
balanced,18,16,4,20260809,113,1,1,1,0,0,1,41,26,1,1,280.98431817549726,276.2851926126827,0,0,0,5527,1576,0,37711656,2777832
balanced,18,16,4,20260809,114,1,1,1,0,0,1,137,20,2,1,340.33028015377465,349.97869022261057,0,0,0,15459796,2566143,0,125853480,9282024
balanced,18,16,4,20260809,115,1,1,1,0,0,1,30,19,1,1,280.29823150691584,261.4680266731877,0,0,0,0,0,0,27612072,2032560
balanced,18,16,4,20260809,116,1,1,1,0,0,1,25,34,1,1,323.21488746233183,334.35677903390723,0,0,0,0,0,0,23021352,1693800
balanced,18,16,4,20260809,117,1,1,1,0,0,1,129,120,2,2,394.92577998584244,419.127855815928,0,0,0,14221014,2365629,0,118508328,8740008
balanced,18,16,4,20260809,118,1,1,1,0,0,1,24,18,1,1,347.4686720716745,344.0011686597601,0,0,0,0,0,0,22103208,1626048
balanced,18,16,4,20260809,119,1,1,1,0,0,1,22,28,1,1,291.67056369975626,293.7021099222694,0,0,0,0,0,0,20266920,1490544
balanced,18,16,4,20260809,120,1,1,1,0,0,1,56,20,1,1,292.9333712977218,285.0630681786598,0,0,0,5355618,911264,0,51483816,3794112
balanced,18,16,4,20260809,121,1,1,1,0,0,1,32,29,1,1,442.7166953769953,463.4497246426643,0,0,0,0,0,0,29448360,2168064
balanced,18,16,4,20260809,122,1,1,1,0,0,1,48,33,1,1,337.08276075473293,323.65360269006106,0,0,0,5086426,861503,0,44138664,3252096
balanced,18,16,4,20260809,123,1,1,1,0,0,1,18,29,1,1,365.0605178432185,403.87720113420835,0,0,0,0,0,0,16594344,1219536
balanced,18,16,4,20260809,124,1,1,1,0,0,1,53,440,1,7,328.94615599261283,350.3179562433677,0,0,0,6435773,1083470,0,48729384,3590856
balanced,18,16,4,20260809,125,1,1,1,0,0,1,37,61,1,1,358.01359672029184,354.7803852639372,0,0,0,689411,132935,0,34039080,2506824
balanced,18,16,4,20260809,126,1,1,1,0,0,1,30,25,1,1,408.04438006846533,354.90696138202713,0,0,0,0,0,0,27612072,2032560
balanced,18,16,4,20260809,127,1,1,1,0,0,1,30,38,1,1,368.04427371581585,369.43141632645563,0,0,0,0,0,0,27612072,2032560
balanced,18,16,4,20260810,0,1,1,1,0,0,1,34,50,1,1,500.9250440338453,502.49721104526446,0,0,0,0,0,0,31284648,2303568
balanced,18,16,4,20260810,1,1,1,1,0,0,1,15,50,1,1,315.2086960472403,319.08627542985323,0,0,0,0,0,0,13839912,1016280
balanced,18,16,4,20260810,2,1,1,1,0,0,1,27,34,1,1,328.4555325767011,333.84935737985114,0,0,0,0,0,0,24857640,1829304
balanced,18,16,4,20260810,3,1,1,1,0,0,1,350,63,6,1,374.9672335744446,348.1625220704026,0,0,0,16397867,2715051,0,321418152,23713200
balanced,18,16,4,20260810,4,1,1,1,0,0,1,129,109,2,2,374.83834010166777,367.39040561063484,0,0,0,13092193,2174562,0,118508328,8740008
balanced,18,16,4,20260810,5,1,1,1,0,0,1,33,26,1,1,376.6419291294545,381.153274841904,0,0,0,16526,3373,0,30366504,2235816
balanced,18,16,4,20260810,6,1,1,1,0,0,1,24,33,1,1,323.41076255152734,322.41231137976,0,0,0,0,0,0,22103208,1626048
balanced,18,16,4,20260810,7,1,1,1,0,0,1,26,117,1,2,300.77962120470977,339.54945456192297,0,0,0,0,0,0,23939496,1761552
balanced,18,16,4,20260810,8,1,1,1,0,0,1,47,41,1,1,395.78526449464493,403.7327931923545,0,0,0,107,60,0,43220520,3184344
balanced,18,16,4,20260810,9,1,1,1,0,0,1,656,178,11,3,437.34576213410156,413.17602964338323,0,0,0,13128199,2186172,0,602370216,44445312
balanced,18,16,4,20260810,10,1,1,1,0,0,1,29,21,1,1,391.1208559091043,390.5269860841997,0,0,0,0,0,0,26693928,1964808
balanced,18,16,4,20260810,11,1,1,1,0,0,1,19,44,1,1,322.48308138886375,328.14111163253386,0,0,0,0,0,0,17512488,1287288
balanced,18,16,4,20260810,12,1,1,1,0,0,1,26,23,1,1,363.29005184646144,309.88896537221774,0,0,0,4,4,0,23939496,1761552
balanced,18,16,4,20260810,13,1,1,1,0,0,1,34,28,1,1,309.2197442624654,308.7297321968356,0,0,0,33121,6792,0,31284648,2303568
balanced,18,16,4,20260810,14,1,1,1,0,0,1,161,21,3,1,330.10027473862976,292.0137652710964,0,0,0,16665953,2761255,0,147888936,10908072
balanced,18,16,4,20260810,15,1,1,1,0,0,1,16,40,1,1,273.29692897709754,339.24973309515616,0,0,0,0,0,0,14758056,1084032
balanced,18,16,4,20260810,16,1,1,1,0,0,1,29,24,1,1,271.83376783809126,270.0420088370274,0,0,0,0,0,0,26693928,1964808
balanced,18,16,4,20260810,17,1,1,1,0,0,1,26,13,1,1,393.2434727162663,381.6427260802042,0,0,0,0,0,0,23939496,1761552
balanced,18,16,4,20260810,18,1,1,1,0,0,1,54,18,1,1,306.332404546578,299.6085724802879,0,0,0,6298252,1055147,0,49647528,3658608
balanced,18,16,4,20260810,19,1,1,1,0,0,1,29,36,1,1,377.47886895757136,368.8315699259588,0,0,0,0,0,0,26693928,1964808
balanced,18,16,4,20260810,20,1,1,1,0,0,1,16,35,1,1,307.02095243760357,323.12511019006047,0,0,0,0,0,0,14758056,1084032
balanced,18,16,4,20260810,21,1,1,1,0,0,1,180,30,3,1,331.18995124371065,296.4717643378872,0,0,0,16910124,2803519,0,165333672,12195360
balanced,18,16,4,20260810,22,1,1,1,0,0,1,26,33,1,1,258.8488401344117,273.4804678591191,0,0,0,0,0,0,23939496,1761552
balanced,18,16,4,20260810,23,1,1,1,0,0,1,136,28,2,1,401.1063128429219,351.1825132953932,0,0,0,13326262,2210409,0,124935336,9214272
balanced,18,16,4,20260810,24,1,1,1,0,0,1,28,26,1,1,341.5640614914419,349.4407365165133,0,0,0,0,0,0,25775784,1897056
balanced,18,16,4,20260810,25,1,1,1,0,0,1,29,45,1,1,339.0157676881215,407.60111912158175,0,0,0,0,0,0,26693928,1964808
balanced,18,16,4,20260810,26,1,1,1,0,0,1,169,66,3,1,502.67408122146514,455.28849804885164,0,0,0,8491509,1436629,0,155234088,11450088
balanced,18,16,4,20260810,27,1,1,1,0,0,1,44,25,1,1,366.1912450757294,382.17007459500917,0,0,0,4569,1137,0,40466088,2981088
balanced,18,16,4,20260810,28,1,1,1,0,0,1,16,15,1,1,397.2290254529588,398.52242230150136,0,0,0,0,0,0,14758056,1084032
balanced,18,16,4,20260810,29,1,1,1,0,0,1,232,126,4,2,324.8531805571057,337.72514575306855,0,0,0,11195650,1858880,0,213077160,15718464
balanced,18,16,4,20260810,30,1,1,1,0,0,1,32,21,1,1,263.3198737606095,248.57562665168305,0,0,0,314,94,0,29448360,2168064
balanced,18,16,4,20260810,31,1,1,1,0,0,1,20,69,1,1,336.5171363064717,322.96210429496466,0,0,0,0,0,0,18430632,1355040
balanced,18,16,4,20260810,32,1,1,1,0,0,1,52,16,1,1,353.5959157507848,388.1751902535789,0,0,0,4756061,807932,0,47811240,3523104
balanced,18,16,4,20260810,33,1,1,1,0,0,1,121,47,2,1,375.97296789268574,439.3346654948589,0,0,0,10061108,1666988,0,111163176,8197992
balanced,18,16,4,20260810,34,1,1,1,0,0,1,28,20,1,1,413.55825711524534,402.1761809856231,0,0,0,0,0,0,25775784,1897056
balanced,18,16,4,20260810,35,1,1,1,0,0,1,20,36,1,1,263.591571947936,263.76366473461053,0,0,0,0,0,0,18430632,1355040
balanced,18,16,4,20260810,36,1,1,1,0,0,1,38,37,1,1,252.3353940488227,247.66362282152159,0,0,0,2197070,384653,0,34957224,2574576
balanced,18,16,4,20260810,37,1,1,1,0,0,1,23,21,1,1,257.9066197750411,273.0842234902355,0,0,0,0,0,0,21185064,1558296
balanced,18,16,4,20260810,38,1,1,1,0,0,1,21,16,1,1,224.96356980016563,232.0928665866565,0,0,0,0,0,0,19348776,1422792
balanced,18,16,4,20260810,39,1,1,1,0,0,1,26,23,1,1,301.2387626345279,311.1790682404327,0,0,0,0,0,0,23939496,1761552
balanced,18,16,4,20260810,40,1,1,1,0,0,1,34,33,1,1,316.1874079489505,339.1082961229702,0,0,0,8,8,0,31284648,2303568
balanced,18,16,4,20260810,41,1,1,1,0,0,1,49,20,1,1,425.2630744084266,432.7248528330902,0,0,0,1065974,203570,0,45056808,3319848
balanced,18,16,4,20260810,42,1,1,1,0,0,1,34,18,1,1,328.27332835472896,313.7804428261875,0,0,0,45857,9918,0,31284648,2303568
balanced,18,16,4,20260810,43,1,1,1,0,0,1,17,14,1,1,260.6769847589577,273.66490937024776,0,0,0,0,0,0,15676200,1151784
balanced,18,16,4,20260810,44,1,1,1,0,0,1,46,22,1,1,280.26303832828273,260.17455082985055,0,0,0,630012,128985,0,42302376,3116592
balanced,18,16,4,20260810,45,1,1,1,0,0,1,246,430,4,7,376.40884855529856,360.88183333398666,0,0,0,16046064,2658105,0,225931176,16666992
balanced,18,16,4,20260810,46,1,1,1,0,0,1,23,18,1,1,355.3890245257553,366.97673023523055,0,0,0,0,0,0,21185064,1558296
balanced,18,16,4,20260810,47,1,1,1,0,0,1,24,22,1,1,361.7735430036529,342.8523414560916,0,0,0,0,0,0,22103208,1626048
balanced,18,16,4,20260810,48,1,1,1,0,0,1,50,129,1,2,369.7434741433471,395.49588217723164,0,0,0,0,0,0,45974952,3387600
balanced,18,16,4,20260810,49,1,1,1,0,0,1,35,31,1,1,455.36623456258314,470.7772840558175,0,0,0,0,0,0,32202792,2371320
balanced,18,16,4,20260810,50,1,1,1,0,0,1,122,308,2,5,435.22690474992726,452.88876445072606,0,0,0,7366674,1246238,0,112081320,8265744
balanced,18,16,4,20260810,51,1,1,1,0,0,1,50,364,1,6,326.3486988815714,304.1668453408929,0,0,0,556050,110331,0,45974952,3387600
balanced,18,16,4,20260810,52,1,1,1,0,0,1,31,36,1,1,294.4148628524576,292.7506541601039,0,0,0,565879,110603,0,28530216,2100312
balanced,18,16,4,20260810,53,1,1,1,0,0,1,21,37,1,1,266.85435224448014,326.72724854792114,0,0,0,0,0,0,19348776,1422792
balanced,18,16,4,20260810,54,1,1,1,0,0,1,27,28,1,1,336.15383539168187,324.24686502327734,0,0,0,0,0,0,24857640,1829304
balanced,18,16,4,20260810,55,1,1,1,0,0,1,194,110,3,2,380.67376293146424,345.0508594501022,0,0,0,15334592,2544337,0,178187688,13143888
balanced,18,16,4,20260810,56,1,1,1,0,0,1,24,11,1,1,320.02366905946644,329.64955882880326,0,0,0,0,0,0,22103208,1626048
balanced,18,16,4,20260810,57,1,1,1,0,0,1,60,29,1,1,309.0152333501335,314.855744819478,0,0,0,9100624,1520179,0,55156392,4065120
balanced,18,16,4,20260810,58,1,1,1,0,0,1,20,619,1,10,385.31600568204044,393.87377888446616,0,0,0,0,0,0,18430632,1355040
balanced,18,16,4,20260810,59,1,1,1,0,0,1,46,19,1,1,334.2643550746262,335.1119373839855,0,0,0,4406498,746982,0,42302376,3116592
balanced,18,16,4,20260810,60,1,1,1,0,0,1,649,367,11,6,399.9558316546701,381.01843214094004,0,0,0,14714568,2441060,0,595943208,43971048
balanced,18,16,4,20260810,61,1,1,1,0,0,1,71,51,1,1,388.33561833112265,384.1582002591374,0,0,0,4889241,855911,0,65255976,4810392
balanced,18,16,4,20260810,62,1,1,1,0,0,1,16,17,1,1,348.47225157148796,357.1627484002779,0,0,0,0,0,0,14758056,1084032
balanced,18,16,4,20260810,63,1,1,1,0,0,1,26,34,1,1,308.08282826675793,308.7777434379728,0,0,0,0,0,0,23939496,1761552
balanced,18,16,4,20260810,64,1,1,1,0,0,1,24,34,1,1,360.25674046849434,358.35719165376827,0,0,0,0,0,0,22103208,1626048
balanced,18,16,4,20260810,65,1,1,1,0,0,1,38,47,1,1,358.24620495855527,363.0432324967421,0,0,0,20,20,0,34957224,2574576
balanced,18,16,4,20260810,66,1,1,1,0,0,1,33,31,1,1,323.9085646565777,307.32101096042214,0,0,0,0,0,0,30366504,2235816
balanced,18,16,4,20260810,67,1,1,1,0,0,1,42,27,1,1,365.2330985982811,384.68736673372445,0,0,0,106203,22400,0,38629800,2845584
balanced,18,16,4,20260810,68,1,1,1,0,0,1,109,162,2,3,342.83107738578485,355.9352543997918,0,0,0,17039714,2820499,0,100145448,7384968
balanced,18,16,4,20260810,69,1,1,1,0,0,1,46,113,1,2,358.07143443272355,375.8819997757764,0,0,0,976863,183906,0,42302376,3116592
balanced,18,16,4,20260810,70,1,1,1,0,0,1,24,25,1,1,467.05467331496743,433.5208307549157,0,0,0,0,0,0,22103208,1626048
balanced,18,16,4,20260810,71,1,1,1,0,0,1,31,31,1,1,338.15441722790655,336.7533139896732,0,0,0,0,0,0,28530216,2100312
balanced,18,16,4,20260810,72,1,1,1,0,0,1,71,43,1,1,364.3657510846558,310.2234092341623,0,0,0,11007822,1835844,0,65255976,4810392
balanced,18,16,4,20260810,73,1,1,1,0,0,1,29,102,1,2,380.0812305840373,353.6692118498463,0,0,0,0,0,0,26693928,1964808
balanced,18,16,4,20260810,74,1,1,1,0,0,1,26,43,1,1,403.70153976537256,401.2858387074041,0,0,0,0,0,0,23939496,1761552
balanced,18,16,4,20260810,75,1,1,1,0,0,1,33,50,1,1,338.1886219579162,324.13404739487135,0,0,0,0,0,0,30366504,2235816
balanced,18,16,4,20260810,76,1,1,1,0,0,1,25,23,1,1,399.7949975583371,391.9725536314147,0,0,0,0,0,0,23021352,1693800
balanced,18,16,4,20260810,77,1,1,1,0,0,1,35,23,1,1,419.2525612318509,393.7124496750945,0,0,0,0,0,0,32202792,2371320
balanced,18,16,4,20260810,78,1,1,1,0,0,1,112,116,2,2,368.76532480210176,374.80335415336606,0,0,0,14233518,2362302,0,102899880,7588224
balanced,18,16,4,20260810,79,1,1,1,0,0,1,37,317,1,5,459.9063230176823,467.3834863630699,0,0,0,48312,10370,0,34039080,2506824
balanced,18,16,4,20260810,80,1,0,0,1,0,1,41,186,1,3,457.5687963884229,468.7299889820115,0,0,0,496,172,0,37711656,2777832
balanced,18,16,4,20260810,81,1,1,1,0,0,1,48,57,1,1,365.85703506893947,380.6844122033713,0,0,0,2046166,379574,0,44138664,3252096
balanced,18,16,4,20260810,82,1,1,1,0,0,1,33,42,1,1,397.3672987807833,386.27129450147584,0,0,0,0,0,0,30366504,2235816
balanced,18,16,4,20260810,83,1,1,1,0,0,1,28,25,1,1,324.3564036980701,334.8051483298557,0,0,0,0,0,0,25775784,1897056
balanced,18,16,4,20260810,84,1,1,1,0,0,1,28,44,1,1,360.41048031361333,375.9310045884768,0,0,0,0,0,0,25775784,1897056
balanced,18,16,4,20260810,85,1,1,1,0,0,1,25,23,1,1,318.8930084157718,317.8474096116789,0,0,0,0,0,0,23021352,1693800
balanced,18,16,4,20260810,86,1,1,1,0,0,1,25,54,1,1,355.0727547005422,372.93033090595804,0,0,0,0,0,0,23021352,1693800
balanced,18,16,4,20260810,87,1,1,1,0,0,1,38,42,1,1,368.165161183587,361.0139855623321,0,0,0,6876,1581,0,34957224,2574576
balanced,18,16,4,20260810,88,1,1,1,0,0,1,37,25,1,1,275.88258134632684,275.7587636331284,0,0,0,214928,43710,0,34039080,2506824
balanced,18,16,4,20260810,89,1,1,1,0,0,1,26,21,1,1,350.59060661285326,337.70771190579063,0,0,0,0,0,0,23939496,1761552
balanced,18,16,4,20260810,90,1,1,1,0,0,1,34,26,1,1,357.0661045447322,378.4694595345113,0,0,0,369,114,0,31284648,2303568
balanced,18,16,4,20260810,91,1,1,1,0,0,1,599,618,10,10,387.1035715695797,378.9988369839565,0,0,0,15306197,2538005,0,550036008,40583448
balanced,18,16,4,20260810,92,1,1,1,0,0,1,34,17,1,1,351.200438083204,357.7294501982791,0,0,0,0,0,0,31284648,2303568
balanced,18,16,4,20260810,93,1,1,1,0,0,1,34,26,1,1,338.55158970915016,355.6940944962528,0,0,0,12587,2973,0,31284648,2303568
balanced,18,16,4,20260810,94,1,1,1,0,0,1,36,47,1,1,370.02951223973685,383.5899170816034,0,0,0,304040,60555,0,33120936,2439072
balanced,18,16,4,20260810,95,1,1,1,0,0,1,20,54,1,1,318.67305876420704,334.50434369585696,0,0,0,0,0,0,18430632,1355040
balanced,18,16,4,20260810,96,1,1,1,0,0,1,215,23,4,1,338.823910683182,340.5832031091288,0,0,0,13990742,2323342,0,197468712,14566680
balanced,18,16,4,20260810,97,1,1,1,0,0,1,26,40,1,1,331.09517688974597,334.7190444299579,0,0,0,0,0,0,23939496,1761552
balanced,18,16,4,20260810,98,1,1,1,0,0,1,20,33,1,1,340.9275362383744,457.0496719417851,0,0,0,0,0,0,18430632,1355040
balanced,18,16,4,20260810,99,1,1,1,0,0,1,73,39,1,1,407.50021345925813,372.04870729193954,0,0,0,12151881,2014596,0,67092264,4945896
balanced,18,16,4,20260810,100,1,1,1,0,0,1,34,18,1,1,412.13187278808306,365.2936732462871,0,0,0,34,21,0,31284648,2303568
balanced,18,16,4,20260810,101,1,1,1,0,0,1,58,238,1,4,440.80917790851413,454.4985935865019,0,0,0,6937308,1163395,0,53320104,3929616
balanced,18,16,4,20260810,102,1,1,1,0,0,1,118,23,2,1,330.2461589048251,335.99578813258216,0,0,0,14923741,2478394,0,108408744,7994736
balanced,18,16,4,20260810,103,1,1,1,0,0,1,23,37,1,1,431.1074228274101,396.3706190417895,0,0,0,0,0,0,21185064,1558296
balanced,18,16,4,20260810,104,1,1,1,0,0,1,32,62,1,1,314.05782676933114,316.18319336089365,0,0,0,0,0,0,29448360,2168064
balanced,18,16,4,20260810,105,1,1,1,0,0,1,40,122,1,2,355.0078967322838,335.46372952776915,0,0,0,1978267,346666,0,36793512,2710080
balanced,18,16,4,20260810,106,1,1,1,0,0,1,112,102,2,2,282.94185472305645,299.67054548016336,0,0,0,17825654,2952673,0,102899880,7588224
balanced,18,16,4,20260810,107,1,1,1,0,0,1,173,238,3,4,448.73486109207767,485.37157856072145,0,0,0,12433474,2063941,0,158906664,11721096
balanced,18,16,4,20260810,108,1,1,1,0,0,1,43,75,1,1,305.89675204011985,348.82497823704784,0,0,0,1062408,197560,0,39547944,2913336
balanced,18,16,4,20260810,109,1,1,1,0,0,1,23,26,1,1,342.3649370075662,386.3130395759481,0,0,0,0,0,0,21185064,1558296
balanced,18,16,4,20260810,110,1,1,1,0,0,1,22,132,1,2,419.78220162157083,411.16075928144755,0,0,0,0,0,0,20266920,1490544
balanced,18,16,4,20260810,111,1,1,1,0,0,1,289,307,5,5,378.41371611072964,388.6953316811241,0,0,0,17535046,2902883,0,265411368,19580328
balanced,18,16,4,20260810,112,1,1,1,0,0,1,32,20,1,1,319.5921713208034,312.0021857091162,0,0,0,1639,472,0,29448360,2168064
balanced,18,16,4,20260810,113,1,1,1,0,0,1,21,27,1,1,285.0882272442966,284.41383120031895,0,0,0,0,0,0,19348776,1422792
balanced,18,16,4,20260810,114,1,1,1,0,0,1,25,24,1,1,334.72523796690984,287.96351552182637,0,0,0,0,0,0,23021352,1693800
balanced,18,16,4,20260810,115,1,1,1,0,0,1,41,28,1,1,418.46082751248423,452.704581223363,0,0,0,762038,146616,0,37711656,2777832
balanced,18,16,4,20260810,116,1,1,1,0,0,1,30,21,1,1,334.2975583957202,303.6337049253732,0,0,0,10330,2295,0,27612072,2032560
balanced,18,16,4,20260810,117,1,1,1,0,0,1,18,19,1,1,318.06256707475353,309.4625952148559,0,0,0,0,0,0,16594344,1219536
balanced,18,16,4,20260810,118,1,1,1,0,0,1,34,22,1,1,398.59384092916594,404.73965642984615,0,0,0,0,0,0,31284648,2303568
balanced,18,16,4,20260810,119,1,1,1,0,0,1,22,22,1,1,336.7294018135441,334.8824843170258,0,0,0,0,0,0,20266920,1490544
balanced,18,16,4,20260810,120,1,1,1,0,0,1,284,161,5,3,425.1451298279388,463.46220535913295,0,0,0,12529543,2111467,0,260820648,19241568
balanced,18,16,4,20260810,121,1,1,1,0,0,1,25,24,1,1,319.36573281146127,408.3094381638691,0,0,0,0,0,0,23021352,1693800
balanced,18,16,4,20260810,122,1,1,1,0,0,1,23,20,1,1,274.8403756116801,269.880330374349,0,0,0,0,0,0,21185064,1558296
balanced,18,16,4,20260810,123,1,1,1,0,0,1,23,22,1,1,238.56411660048644,271.9414818441023,0,0,0,0,0,0,21185064,1558296
balanced,18,16,4,20260810,124,1,1,1,0,0,1,38,34,1,1,435.4121070024497,405.9155659010146,0,0,0,0,0,0,34957224,2574576
balanced,18,16,4,20260810,125,1,1,1,0,0,1,33,30,1,1,326.2626758815749,305.0931984546422,0,0,0,0,0,0,30366504,2235816
balanced,18,16,4,20260810,126,1,1,1,0,0,1,37,77,1,1,402.20231895870086,405.9638843931541,0,0,0,0,0,0,34039080,2506824
balanced,18,16,4,20260810,127,1,1,1,0,0,1,35,31,1,1,354.9904173802573,356.2425807154525,0,0,0,139,58,0,32202792,2371320
balanced,18,16,4,20260811,0,1,1,1,0,0,1,16,16,1,1,262.37930013542746,268.4099853823129,0,0,0,0,0,0,14758056,1084032
balanced,18,16,4,20260811,1,1,1,1,0,0,1,255,26,4,1,407.9685166915566,346.0440848582283,0,0,0,13839571,2299318,0,234194472,17276760
balanced,18,16,4,20260811,2,1,1,1,0,0,1,18,17,1,1,291.4765626780254,298.59105050714606,0,0,0,0,0,0,16594344,1219536
balanced,18,16,4,20260811,3,1,1,1,0,0,1,33,33,1,1,339.1254738902512,341.9062094430152,0,0,0,5414,1282,0,30366504,2235816
balanced,18,16,4,20260811,4,1,1,1,0,0,1,25,24,1,1,278.27994510684584,310.144580346704,0,0,0,0,0,0,23021352,1693800
balanced,18,16,4,20260811,5,1,1,1,0,0,1,24,36,1,1,359.4424662641918,337.53348554432023,0,0,0,0,0,0,22103208,1626048
balanced,18,16,4,20260811,6,1,1,1,0,0,1,13,27,1,1,296.66235282947207,285.0249958991975,0,0,0,0,0,0,12003624,880776
balanced,18,16,4,20260811,7,1,1,1,0,0,1,15,29,1,1,362.015705197418,370.46398150017615,0,0,0,0,0,0,13839912,1016280
balanced,18,16,4,20260811,8,1,1,1,0,0,1,39,24,1,1,279.27677513732647,250.36298374970147,0,0,0,2294661,400221,0,35875368,2642328
balanced,18,16,4,20260811,9,1,1,1,0,0,1,22,55,1,1,278.03105040507415,276.894902302146,0,0,0,0,0,0,20266920,1490544
balanced,18,16,4,20260811,10,1,1,1,0,0,1,25,19,1,1,297.817460853556,379.24179635321434,0,0,0,0,0,0,23021352,1693800
balanced,18,16,4,20260811,11,1,1,1,0,0,1,24,37,1,1,348.23021386122525,380.29612669288656,0,0,0,0,0,0,22103208,1626048
balanced,18,16,4,20260811,12,1,1,1,0,0,1,188,40,3,1,273.11673888791745,308.87711623578684,0,0,0,17123437,2836343,0,172678824,12737376
balanced,18,16,4,20260811,13,1,1,1,0,0,1,18,19,1,1,397.66012872506343,389.7371157082861,0,0,0,0,0,0,16594344,1219536
balanced,18,16,4,20260811,14,1,1,1,0,0,1,12,22,1,1,301.6422466688425,298.0035701712604,0,0,0,0,0,0,11085480,813024
balanced,18,16,4,20260811,15,1,1,1,0,0,1,164,27,3,1,358.2579999065142,352.2146639671643,0,0,0,14513906,2406701,0,150643368,11111328
balanced,18,16,4,20260811,16,1,1,1,0,0,1,28,32,1,1,407.2859866119445,320.3868593020909,0,0,0,0,0,0,25775784,1897056
balanced,18,16,4,20260811,17,1,1,1,0,0,1,26,25,1,1,313.343238852454,328.3803319394158,0,0,0,0,0,0,23939496,1761552
balanced,18,16,4,20260811,18,1,1,1,0,0,1,173,26,3,1,337.0102936879339,313.1791949162632,0,0,0,10553952,1759066,0,158906664,11721096
balanced,18,16,4,20260811,19,1,1,1,0,0,1,13,12,1,1,346.64990185581377,349.3068650983686,0,0,0,0,0,0,12003624,880776
balanced,18,16,4,20260811,20,1,1,1,0,0,1,28,33,1,1,351.2387677050016,383.47641805762953,0,0,0,0,0,0,25775784,1897056
balanced,18,16,4,20260811,21,1,1,1,0,0,1,219,116,4,2,381.8358537296473,349.39841892355446,0,0,0,12522206,2080451,0,201141288,14837688
balanced,18,16,4,20260811,22,1,1,1,0,0,1,34,26,1,1,372.56134402314507,346.45236781633423,0,0,0,0,0,0,31284648,2303568
balanced,18,16,4,20260811,23,1,1,1,0,0,1,23,12,1,1,391.10536656527154,396.09518539861455,0,0,0,0,0,0,21185064,1558296
balanced,18,16,4,20260811,24,1,1,1,0,0,1,34,43,1,1,314.05139802507273,289.5408566636942,0,0,0,211,90,0,31284648,2303568
balanced,18,16,4,20260811,25,1,1,1,0,0,1,123,38,2,1,339.16186907878614,355.0731787583196,0,0,0,12721222,2122474,0,112999464,8333496
balanced,18,16,4,20260811,26,0,1,0,0,1,1,980,965,16,16,,271.23676404114093,0,0,0,13341232,2218194,0,899848872,66396960
balanced,18,16,4,20260811,27,1,1,1,0,0,1,40,41,1,1,310.6062124644927,318.5075931560136,0,0,0,300017,61889,0,36793512,2710080
balanced,18,16,4,20260811,28,1,1,1,0,0,1,23,48,1,1,345.8983501406883,386.14033923900104,0,0,0,0,0,0,21185064,1558296
balanced,18,16,4,20260811,29,1,1,1,0,0,1,12,14,1,1,224.3826823337472,224.3826823337472,0,0,0,0,0,0,11085480,813024
balanced,18,16,4,20260811,30,1,1,1,0,0,1,27,124,1,2,326.40069245042974,340.09004408901075,0,0,0,0,0,0,24857640,1829304
balanced,18,16,4,20260811,31,1,1,1,0,0,1,34,41,1,1,399.75268634348583,378.162235264782,0,0,0,0,0,0,31284648,2303568
balanced,18,16,4,20260811,32,1,1,1,0,0,1,17,12,1,1,247.68081151962488,215.00474153107203,0,0,0,0,0,0,15676200,1151784
balanced,18,16,4,20260811,33,1,1,1,0,0,1,96,110,2,2,355.9456869508241,362.12480711348127,0,0,0,13692116,2271026,0,88209576,6504192
balanced,18,16,4,20260811,34,1,1,1,0,0,1,39,18,1,1,330.4362347825345,333.7492319753178,0,0,0,2938849,504865,0,35875368,2642328
balanced,18,16,4,20260811,35,1,1,1,0,0,1,18,19,1,1,264.77502062038656,263.2351755070142,0,0,0,0,0,0,16594344,1219536
balanced,18,16,4,20260811,36,1,1,1,0,0,1,25,45,1,1,343.7124461877345,298.3208713755464,0,0,0,0,0,0,23021352,1693800
balanced,18,16,4,20260811,37,1,1,1,0,0,1,18,28,1,1,431.56383241501396,399.0062715217257,0,0,0,0,0,0,16594344,1219536
balanced,18,16,4,20260811,38,1,1,1,0,0,1,18,54,1,1,291.72211858824795,287.73910624103246,0,0,0,0,0,0,16594344,1219536
balanced,18,16,4,20260811,39,1,1,1,0,0,1,137,129,2,2,388.42810855520656,417.66101274591654,0,0,0,16565351,2743796,0,125853480,9282024
balanced,18,16,4,20260811,40,1,1,1,0,0,1,27,19,1,1,361.0515387688968,392.4691886578542,0,0,0,0,0,0,24857640,1829304
balanced,18,16,4,20260811,41,1,1,1,0,0,1,116,106,2,2,403.7370109530004,402.44999398766424,0,0,0,12804537,2124155,0,106572456,7859232
balanced,18,16,4,20260811,42,1,1,1,0,0,1,641,479,11,8,407.4251898945006,428.49477162371943,0,0,0,15306425,2538192,0,588598056,43429032
balanced,18,16,4,20260811,43,1,1,1,0,0,1,29,22,1,1,306.1355747022932,313.51326092239094,0,0,0,0,0,0,26693928,1964808
balanced,18,16,4,20260811,44,1,1,1,0,0,1,37,29,1,1,318.53915201936843,336.1529613281305,0,0,0,0,0,0,34039080,2506824
balanced,18,16,4,20260811,45,1,1,1,0,0,1,21,36,1,1,317.9943987380136,322.79054258183567,0,0,0,0,0,0,19348776,1422792
balanced,18,16,4,20260811,46,1,1,1,0,0,1,32,26,1,1,269.32480903077067,254.5864312637279,0,0,0,0,0,0,29448360,2168064
balanced,18,16,4,20260811,47,1,1,1,0,0,1,30,29,1,1,241.79600901516608,255.37491213138046,0,0,0,19332,4217,0,27612072,2032560
balanced,18,16,4,20260811,48,1,1,1,0,0,1,19,20,1,1,301.8877831526562,304.5140835364925,0,0,0,0,0,0,17512488,1287288
balanced,18,16,4,20260811,49,1,1,1,0,0,1,60,34,1,1,429.8169952215884,454.08362411958126,0,0,0,7109954,1205944,0,55156392,4065120
balanced,18,16,4,20260811,50,1,1,1,0,0,1,42,138,1,2,348.1259283908073,358.35014779166596,0,0,0,2717137,468472,0,38629800,2845584
balanced,18,16,4,20260811,51,1,1,1,0,0,1,30,74,1,1,479.1926824478271,438.7788733386483,0,0,0,0,0,0,27612072,2032560
balanced,18,16,4,20260811,52,1,1,1,0,0,1,45,34,1,1,392.68007284015073,391.5077297650133,0,0,0,2727187,470516,0,41384232,3048840
balanced,18,16,4,20260811,53,1,1,1,0,0,1,101,43,2,1,285.0375533159979,314.5338378780973,0,0,0,16911380,2802831,0,92800296,6842952
balanced,18,16,4,20260811,54,1,1,1,0,0,1,39,32,1,1,283.14465503490203,289.3392497497555,0,0,0,349,104,0,35875368,2642328
balanced,18,16,4,20260811,55,1,1,1,0,0,1,96,20,2,1,309.06681218942845,292.50152611366485,0,0,0,16264327,2697522,0,88209576,6504192
balanced,18,16,4,20260811,56,1,1,1,0,0,1,23,31,1,1,414.46724762106436,419.86043994506076,0,0,0,0,0,0,21185064,1558296
balanced,18,16,4,20260811,57,1,1,1,0,0,1,39,31,1,1,340.55856226475095,356.7090761697151,0,0,0,874516,162728,0,35875368,2642328
balanced,18,16,4,20260811,58,1,1,1,0,0,1,347,101,6,2,344.140625573134,327.4378024261945,0,0,0,14685912,2434415,0,318663720,23509944
balanced,18,16,4,20260811,59,1,1,1,0,0,1,28,28,1,1,372.1179026741252,365.01040690344985,0,0,0,0,0,0,25775784,1897056
balanced,18,16,4,20260811,60,1,1,1,0,0,1,52,28,1,1,397.9184029090969,377.2088838623064,0,0,0,596095,119543,0,47811240,3523104
balanced,18,16,4,20260811,61,1,1,1,0,0,1,60,405,1,7,356.3721988119868,326.49913972844183,0,0,0,7608196,1274822,0,55156392,4065120
balanced,18,16,4,20260811,62,1,1,1,0,0,1,53,25,1,1,364.37251069785884,350.75247858914923,0,0,0,1623449,295601,0,48729384,3590856
balanced,18,16,4,20260811,63,1,1,1,0,0,1,39,46,1,1,430.12130003296204,433.3790079432776,0,0,0,0,0,0,35875368,2642328
balanced,18,16,4,20260811,64,1,1,1,0,0,1,23,50,1,1,355.4061364076151,350.6716607031354,0,0,0,0,0,0,21185064,1558296
balanced,18,16,4,20260811,65,1,1,1,0,0,1,24,29,1,1,393.25719648689136,399.1279519410133,0,0,0,0,0,0,22103208,1626048
balanced,18,16,4,20260811,66,1,1,1,0,0,1,20,35,1,1,361.5280956796556,355.47978874140875,0,0,0,0,0,0,18430632,1355040
balanced,18,16,4,20260811,67,1,1,1,0,0,1,35,27,1,1,355.03803649795975,343.50918667537564,0,0,0,0,0,0,32202792,2371320
balanced,18,16,4,20260811,68,1,1,1,0,0,1,27,18,1,1,350.2125130823699,327.39705920294324,0,0,0,0,0,0,24857640,1829304
balanced,18,16,4,20260811,69,1,1,1,0,0,1,102,28,2,1,352.8543046971621,355.52472390107096,0,0,0,13957934,2311110,0,93718440,6910704
balanced,18,16,4,20260811,70,1,1,1,0,0,1,26,48,1,1,374.33018017905874,383.0416072586699,0,0,0,0,0,0,23939496,1761552
balanced,18,16,4,20260811,71,1,1,1,0,0,1,50,52,1,1,337.40105092380276,328.4500041533661,0,0,0,3195753,546724,0,45974952,3387600
balanced,18,16,4,20260811,72,1,1,1,0,0,1,28,26,1,1,344.56781663248194,360.43281541075726,0,0,0,0,0,0,25775784,1897056
balanced,18,16,4,20260811,73,1,1,1,0,0,1,61,29,1,1,343.4049395353,329.17559020234796,0,0,0,8870245,1484298,0,56074536,4132872
balanced,18,16,4,20260811,74,1,1,1,0,0,1,19,23,1,1,343.2432537384384,341.16384852442735,0,0,0,0,0,0,17512488,1287288
balanced,18,16,4,20260811,75,1,1,1,0,0,1,50,23,1,1,344.44433553308863,354.9349772789574,0,0,0,4727619,816102,0,45974952,3387600
balanced,18,16,4,20260811,76,1,1,1,0,0,1,36,29,1,1,362.94670037282424,304.56853799789,0,0,0,0,0,0,33120936,2439072
balanced,18,16,4,20260811,77,1,1,1,0,0,1,15,12,1,1,241.30676430367558,233.3446944862225,0,0,0,0,0,0,13839912,1016280
balanced,18,16,4,20260811,78,1,1,1,0,0,1,30,18,1,1,355.0356923093477,347.3510766392733,0,0,0,0,0,0,27612072,2032560
balanced,18,16,4,20260811,79,1,1,1,0,0,1,31,28,1,1,289.18494823662456,295.9087803029147,0,0,0,423129,84748,0,28530216,2100312
balanced,18,16,4,20260811,80,1,1,1,0,0,1,20,19,1,1,414.30474430897164,368.60845641319315,0,0,0,0,0,0,18430632,1355040
balanced,18,16,4,20260811,81,1,1,1,0,0,1,41,26,1,1,314.631091612531,315.54788804295686,0,0,0,1090631,197554,0,37711656,2777832
balanced,18,16,4,20260811,82,1,1,1,0,0,1,22,43,1,1,391.36694398727127,339.6461705996305,0,0,0,0,0,0,20266920,1490544
balanced,18,16,4,20260811,83,1,1,1,0,0,1,28,24,1,1,315.7427094384781,376.6489398256998,0,0,0,0,0,0,25775784,1897056
balanced,18,16,4,20260811,84,1,1,1,0,0,1,68,34,1,1,348.9497279703652,347.47073959380543,0,0,0,6340950,1061317,0,62501544,4607136
balanced,18,16,4,20260811,85,1,1,1,0,0,1,24,26,1,1,359.89639975504576,368.4111071280349,0,0,0,0,0,0,22103208,1626048
balanced,18,16,4,20260811,86,1,1,1,0,0,1,15,21,1,1,402.2020801580414,371.45916373392015,0,0,0,0,0,0,13839912,1016280
balanced,18,16,4,20260811,87,1,1,1,0,0,1,30,22,1,1,339.1691574782235,332.69635528423316,0,0,0,0,0,0,27612072,2032560
balanced,18,16,4,20260811,88,1,1,1,0,0,1,219,880,4,15,350.30260266270454,362.7411293753963,0,0,0,8465909,1405210,0,201141288,14837688
balanced,18,16,4,20260811,89,1,1,1,0,0,1,676,296,11,5,440.6594298593855,431.0421105658183,0,0,0,11570095,1920919,0,620733096,45800352
balanced,18,16,4,20260811,90,1,1,1,0,0,1,18,19,1,1,266.0833490061839,248.5390381696219,0,0,0,0,0,0,16594344,1219536
balanced,18,16,4,20260811,91,1,1,1,0,0,1,655,26,11,1,391.4511003630149,325.97872445829364,0,0,0,16803639,2781777,0,601452072,44377560
balanced,18,16,4,20260811,92,1,1,1,0,0,1,24,20,1,1,332.66585075694934,344.0726973434448,0,0,0,0,0,0,22103208,1626048
balanced,18,16,4,20260811,93,1,1,1,0,0,1,24,39,1,1,356.59127371710576,342.14692708559517,0,0,0,0,0,0,22103208,1626048
balanced,18,16,4,20260811,94,1,1,1,0,0,1,34,35,1,1,391.335572907109,390.64242576667743,0,0,0,137,66,0,31284648,2303568
balanced,18,16,4,20260811,95,1,1,1,0,0,1,38,24,1,1,388.8029178083958,366.0463554212187,0,0,0,3180,833,0,34957224,2574576
balanced,18,16,4,20260811,96,1,1,1,0,0,1,32,53,1,1,307.8303582970109,312.40196883544706,0,0,0,2249,792,0,29448360,2168064
balanced,18,16,4,20260811,97,1,1,1,0,0,1,33,35,1,1,329.7211905199242,321.65807455359396,0,0,0,3688,958,0,30366504,2235816
balanced,18,16,4,20260811,98,1,1,1,0,0,1,120,40,2,1,342.3681474902875,350.4627587480217,0,0,0,8407247,1429615,0,110245032,8130240
balanced,18,16,4,20260811,99,1,1,1,0,0,1,23,25,1,1,399.59590512292357,393.1045969814098,0,0,0,0,0,0,21185064,1558296
balanced,18,16,4,20260811,100,1,1,1,0,0,1,28,22,1,1,308.7778709004791,320.0218523209311,0,0,0,0,0,0,25775784,1897056
balanced,18,16,4,20260811,101,1,1,1,0,0,1,25,41,1,1,281.5881275107177,310.3605661874101,0,0,0,0,0,0,23021352,1693800
balanced,18,16,4,20260811,102,1,1,1,0,0,1,26,20,1,1,350.19844508272354,342.71146874002136,0,0,0,0,0,0,23939496,1761552
balanced,18,16,4,20260811,103,1,1,1,0,0,1,59,517,1,9,420.01962400377784,446.6647168290747,0,0,0,2880234,511795,0,54238248,3997368
balanced,18,16,4,20260811,104,1,1,1,0,0,1,35,195,1,3,277.7980874524941,290.34640460723324,0,0,0,228197,48555,0,32202792,2371320
balanced,18,16,4,20260811,105,1,1,1,0,0,1,40,24,1,1,361.6006186230934,387.1453837982566,0,0,0,531022,104567,0,36793512,2710080
balanced,18,16,4,20260811,106,1,1,1,0,0,1,29,41,1,1,296.4385355978579,312.11519189307097,0,0,0,0,0,0,26693928,1964808
balanced,18,16,4,20260811,107,1,1,1,0,0,1,14,10,1,1,212.91150769673595,205.6180083746308,0,0,0,0,0,0,12921768,948528
balanced,18,16,4,20260811,108,1,1,1,0,0,1,22,29,1,1,321.7724623358846,303.60055109270354,0,0,0,0,0,0,20266920,1490544
balanced,18,16,4,20260811,109,1,1,1,0,0,1,30,58,1,1,365.21194283568445,340.0409368398708,0,0,0,0,0,0,27612072,2032560
balanced,18,16,4,20260811,110,1,1,1,0,0,1,32,38,1,1,319.264631917845,316.1812097376424,0,0,0,0,0,0,29448360,2168064
balanced,18,16,4,20260811,111,1,1,1,0,0,1,30,38,1,1,362.88661233150174,409.76875425245396,0,0,0,0,0,0,27612072,2032560
balanced,18,16,4,20260811,112,1,1,1,0,0,1,27,29,1,1,347.46923167141824,345.45353935025344,0,0,0,0,0,0,24857640,1829304
balanced,18,16,4,20260811,113,1,1,1,0,0,1,34,29,1,1,358.9956205869761,344.4878958561114,0,0,0,0,0,0,31284648,2303568
balanced,18,16,4,20260811,114,1,1,1,0,0,1,58,32,1,1,304.7277873904246,277.2171984072662,0,0,0,7936853,1332143,0,53320104,3929616
balanced,18,16,4,20260811,115,1,1,1,0,0,1,28,60,1,1,355.83274894932924,382.4102726353649,0,0,0,0,0,0,25775784,1897056
balanced,18,16,4,20260811,116,1,1,1,0,0,1,25,33,1,1,426.681995283382,394.8168550562574,0,0,0,0,0,0,23021352,1693800
balanced,18,16,4,20260811,117,1,1,1,0,0,1,22,44,1,1,333.56506186058857,329.0796873900657,0,0,0,0,0,0,20266920,1490544
balanced,18,16,4,20260811,118,1,1,1,0,0,1,25,26,1,1,329.3852895911089,344.3935691795101,0,0,0,0,0,0,23021352,1693800
balanced,18,16,4,20260811,119,1,1,1,0,0,1,14,13,1,1,312.92092868015783,320.01956260793014,0,0,0,0,0,0,12921768,948528
balanced,18,16,4,20260811,120,1,1,1,0,0,1,40,34,1,1,341.4762790301352,356.61174448334054,0,0,0,1482651,267916,0,36793512,2710080
balanced,18,16,4,20260811,121,1,1,1,0,0,1,40,28,1,1,355.5428215204845,338.7521528407234,0,0,0,19910,4653,0,36793512,2710080
balanced,18,16,4,20260811,122,1,1,1,0,0,1,21,19,1,1,321.8637668483584,391.783992267762,0,0,0,0,0,0,19348776,1422792
balanced,18,16,4,20260811,123,1,1,1,0,0,1,27,26,1,1,311.2684692633176,285.8174063479526,0,0,0,106,46,0,24857640,1829304
balanced,18,16,4,20260811,124,1,1,1,0,0,1,27,22,1,1,236.85906242362532,304.54982036433637,0,0,0,0,0,0,24857640,1829304
balanced,18,16,4,20260811,125,1,1,1,0,0,1,172,165,3,3,396.66946680165904,391.1146290835929,0,0,0,12565838,2100700,0,157988520,11653344
balanced,18,16,4,20260811,126,1,1,1,0,0,1,29,18,1,1,333.17707230193685,271.45392278510127,0,0,0,0,0,0,26693928,1964808
balanced,18,16,4,20260811,127,1,1,1,0,0,1,34,19,1,1,275.0040561759737,341.1770092080748,0,0,0,589779,115846,0,31284648,2303568
balanced,18,16,4,20260812,0,1,1,1,0,0,1,25,20,1,1,438.6404458329534,436.5197715002364,0,0,0,0,0,0,23021352,1693800
balanced,18,16,4,20260812,1,1,1,1,0,0,1,23,18,1,1,304.03879830808467,306.6642146765293,0,0,0,0,0,0,21185064,1558296
balanced,18,16,4,20260812,2,1,1,1,0,0,1,36,21,1,1,233.9144437939978,227.07702204659108,0,0,0,2059317,361730,0,33120936,2439072
balanced,18,16,4,20260812,3,1,1,1,0,0,1,45,117,1,2,296.404625786425,303.04175216212366,0,0,0,4544878,769073,0,41384232,3048840
balanced,18,16,4,20260812,4,1,1,1,0,0,1,22,49,1,1,278.1361715059813,285.64027079600805,0,0,0,0,0,0,20266920,1490544
balanced,18,16,4,20260812,5,1,1,1,0,0,1,23,21,1,1,290.35090078993886,295.2370915150707,0,0,0,0,0,0,21185064,1558296
balanced,18,16,4,20260812,6,1,1,1,0,0,1,33,28,1,1,313.90096164868135,312.2084790000639,0,0,0,4051,977,0,30366504,2235816
balanced,18,16,4,20260812,7,1,1,1,0,0,1,29,33,1,1,389.26193869766803,376.9105464849191,0,0,0,0,0,0,26693928,1964808
balanced,18,16,4,20260812,8,1,1,1,0,0,1,23,33,1,1,318.4626091457743,274.3366256979524,0,0,0,0,0,0,21185064,1558296
balanced,18,16,4,20260812,9,1,1,1,0,0,1,37,35,1,1,310.8756651714451,315.3349581098211,0,0,0,10337,2675,0,34039080,2506824
balanced,18,16,4,20260812,10,1,1,1,0,0,1,25,19,1,1,368.6792364338761,346.36567468816867,0,0,0,0,0,0,23021352,1693800
balanced,18,16,4,20260812,11,1,1,1,0,0,1,125,28,2,1,342.62082603550857,338.1028561336176,0,0,0,14698660,2444235,0,114835752,8469000
balanced,18,16,4,20260812,12,1,1,1,0,0,1,34,43,1,1,372.94070167310554,370.30047666831763,0,0,0,1347,466,0,31284648,2303568
balanced,18,16,4,20260812,13,1,1,1,0,0,1,18,29,1,1,341.9891990223394,294.595644590318,0,0,0,0,0,0,16594344,1219536
balanced,18,16,4,20260812,14,1,1,1,0,0,1,243,28,4,1,379.32038845444083,371.262768556567,0,0,0,16143635,2675089,0,223176744,16463736
balanced,18,16,4,20260812,15,1,1,1,0,0,1,111,220,2,4,450.4514242053607,479.2347464755894,0,0,0,12139626,2022734,0,101981736,7520472
balanced,18,16,4,20260812,16,1,1,1,0,0,1,290,31,5,1,465.9869863179584,420.2375896584432,0,0,0,11874502,1969477,0,266329512,19648080
balanced,18,16,4,20260812,17,1,1,1,0,0,1,30,43,1,1,367.8527323023482,326.85694294431363,0,0,0,0,0,0,27612072,2032560
balanced,18,16,4,20260812,18,1,1,1,0,0,1,29,22,1,1,304.3994747079175,356.76369007373313,0,0,0,0,0,0,26693928,1964808
balanced,18,16,4,20260812,19,1,1,1,0,0,1,11,18,1,1,236.2441230387979,268.67289583081913,0,0,0,0,0,0,10167336,745272
balanced,18,16,4,20260812,20,1,1,1,0,0,1,57,155,1,3,323.3402469797408,310.5360667580271,0,0,0,5920724,996587,0,52401960,3861864
balanced,18,16,4,20260812,21,1,1,1,0,0,1,19,23,1,1,289.3983115268237,289.535760985581,0,0,0,0,0,0,17512488,1287288
balanced,18,16,4,20260812,22,1,1,1,0,0,1,20,35,1,1,341.3463518799986,374.17446781399747,0,0,0,0,0,0,18430632,1355040
balanced,18,16,4,20260812,23,1,1,1,0,0,1,33,53,1,1,338.14691690259,339.9837202705264,0,0,0,18157,4027,0,30366504,2235816
balanced,18,16,4,20260812,24,1,1,1,0,0,1,361,25,6,1,406.5805454271348,368.78207766784817,0,0,0,15580376,2581525,0,331517736,24458472
balanced,18,16,4,20260812,25,1,1,1,0,0,1,74,25,1,1,361.58861319700605,363.95000408929667,0,0,0,13013068,2161899,0,68010408,5013648
balanced,18,16,4,20260812,26,1,1,1,0,0,1,21,116,1,2,388.71180625441065,362.0355881261344,0,0,0,0,0,0,19348776,1422792
balanced,18,16,4,20260812,27,1,1,1,0,0,1,98,45,2,1,381.59857594790225,370.4246912508262,0,0,0,10597341,1774329,0,90045864,6639696
balanced,18,16,4,20260812,28,1,1,1,0,0,1,24,21,1,1,315.5931456524138,314.1377685761714,0,0,0,0,0,0,22103208,1626048
balanced,18,16,4,20260812,29,1,1,1,0,0,1,23,21,1,1,229.1588111767497,327.60128852658295,0,0,0,0,0,0,21185064,1558296
balanced,18,16,4,20260812,30,1,1,1,0,0,1,21,25,1,1,340.78292310142774,374.24014432910883,0,0,0,0,0,0,19348776,1422792
balanced,18,16,4,20260812,31,1,1,1,0,0,1,33,547,1,9,411.0174922983248,415.3923391321074,0,0,0,0,0,0,30366504,2235816
balanced,18,16,4,20260812,32,1,1,1,0,0,1,23,21,1,1,280.606797038507,321.49226940563267,0,0,0,0,0,0,21185064,1558296
balanced,18,16,4,20260812,33,1,1,1,0,0,1,18,13,1,1,245.72046493747033,245.02731779703873,0,0,0,0,0,0,16594344,1219536
balanced,18,16,4,20260812,34,1,1,1,0,0,1,25,30,1,1,289.9825713621567,312.39365303700936,0,0,0,0,0,0,23021352,1693800
balanced,18,16,4,20260812,35,1,1,1,0,0,1,16,33,1,1,290.13825661343543,323.8813919095372,0,0,0,0,0,0,14758056,1084032
balanced,18,16,4,20260812,36,1,1,1,0,0,1,13,20,1,1,326.3783342626157,320.37860494209514,0,0,0,0,0,0,12003624,880776
balanced,18,16,4,20260812,37,1,1,1,0,0,1,48,29,1,1,375.6521349524848,422.2188700361146,0,0,0,2059039,356727,0,44138664,3252096
balanced,18,16,4,20260812,38,1,1,1,0,0,1,51,18,1,1,313.82341002359675,347.597208178417,0,0,0,2541456,453200,0,46893096,3455352
balanced,18,16,4,20260812,39,1,1,1,0,0,1,58,35,1,1,369.537424521434,351.28473351476356,0,0,0,7365421,1235302,0,53320104,3929616
balanced,18,16,4,20260812,40,1,1,1,0,0,1,36,32,1,1,313.9647802025342,308.0538427432989,0,0,0,10928,2832,0,33120936,2439072
balanced,18,16,4,20260812,41,1,1,1,0,0,1,44,35,1,1,328.97280648985935,384.47929980238365,0,0,0,2343602,412303,0,40466088,2981088
balanced,18,16,4,20260812,42,1,1,1,0,0,1,18,47,1,1,298.9678875102346,327.42117814170393,0,0,0,0,0,0,16594344,1219536
balanced,18,16,4,20260812,43,1,1,1,0,0,1,21,28,1,1,343.86733655922126,364.6139317665576,0,0,0,0,0,0,19348776,1422792
balanced,18,16,4,20260812,44,1,1,1,0,0,1,16,19,1,1,364.6566120115125,377.5126181155498,0,0,0,0,0,0,14758056,1084032
balanced,18,16,4,20260812,45,1,1,1,0,0,1,31,114,1,2,420.86173511877564,431.00324177761024,0,0,0,8,8,0,28530216,2100312
balanced,18,16,4,20260812,46,1,1,1,0,0,1,73,33,1,1,455.58381645548883,418.73479857922007,0,0,0,8710984,1449926,0,67092264,4945896
balanced,18,16,4,20260812,47,1,1,1,0,0,1,40,111,1,2,412.7930497933978,411.7056805836161,0,0,0,641008,125756,0,36793512,2710080
balanced,18,16,4,20260812,48,1,1,1,0,0,1,45,29,1,1,309.8985239314869,255.6873913901798,0,0,0,2483393,434660,0,41384232,3048840
balanced,18,16,4,20260812,49,1,1,1,0,0,1,46,27,1,1,401.4779548978722,379.31340082064946,0,0,0,695660,138333,0,42302376,3116592
balanced,18,16,4,20260812,50,1,1,1,0,0,1,38,23,1,1,356.4101109989491,337.031714450167,0,0,0,0,0,0,34957224,2574576
balanced,18,16,4,20260812,51,1,1,1,0,0,1,35,28,1,1,337.0155288353708,360.26733218200155,0,0,0,1040643,193936,0,32202792,2371320
balanced,18,16,4,20260812,52,1,1,1,0,0,1,20,18,1,1,302.46004419816325,326.65998832102775,0,0,0,0,0,0,18430632,1355040
balanced,18,16,4,20260812,53,1,1,1,0,0,1,43,22,1,1,323.7766157587237,340.09614480547674,0,0,0,1045156,193733,0,39547944,2913336
balanced,18,16,4,20260812,54,1,1,1,0,0,1,101,46,2,1,337.80884802033955,319.9263869071459,0,0,0,15433714,2561238,0,92800296,6842952
balanced,18,16,4,20260812,55,1,1,1,0,0,1,161,33,3,1,357.0898524457931,346.660148194832,0,0,0,16349050,2708059,0,147888936,10908072
balanced,18,16,4,20260812,56,1,1,1,0,0,1,120,53,2,1,324.6820242030763,330.40740509759917,0,0,0,75779,21848,0,110245032,8130240
balanced,18,16,4,20260812,57,1,1,1,0,0,1,133,32,2,1,364.28814278900484,363.313910577607,0,0,0,14074483,2337302,0,122180904,9011016
balanced,18,16,4,20260812,58,1,1,1,0,0,1,24,23,1,1,364.96635536461224,306.3546604485922,0,0,0,0,0,0,22103208,1626048
balanced,18,16,4,20260812,59,1,1,1,0,0,1,41,35,1,1,362.80694680319345,361.7636160471902,0,0,0,0,0,0,37711656,2777832
balanced,18,16,4,20260812,60,1,1,1,0,0,1,29,16,1,1,254.82029342776767,269.59620937792516,0,0,0,0,0,0,26693928,1964808
balanced,18,16,4,20260812,61,1,1,1,0,0,1,26,167,1,3,285.57247256030075,319.95247452409126,0,0,0,0,0,0,23939496,1761552
balanced,18,16,4,20260812,62,1,1,1,0,0,1,30,48,1,1,394.7773302735211,380.00652961117885,0,0,0,0,0,0,27612072,2032560
balanced,18,16,4,20260812,63,1,1,1,0,0,1,64,41,1,1,380.15433982945626,337.45399250487725,0,0,0,7250635,1223474,0,58828968,4336128
balanced,18,16,4,20260812,64,1,1,1,0,0,1,25,80,1,1,441.4040216925581,414.0281796697244,0,0,0,0,0,0,23021352,1693800
balanced,18,16,4,20260812,65,1,1,1,0,0,1,30,30,1,1,356.02023190800605,341.1126089713282,0,0,0,0,0,0,27612072,2032560
balanced,18,16,4,20260812,66,1,1,1,0,0,1,29,28,1,1,394.53818179185555,426.53270720096816,0,0,0,0,0,0,26693928,1964808
balanced,18,16,4,20260812,67,1,1,1,0,0,1,38,34,1,1,382.5538780409343,376.32263142020355,0,0,0,0,0,0,34957224,2574576
balanced,18,16,4,20260812,68,1,1,1,0,0,1,34,61,1,1,277.865185656442,299.7973192599499,0,0,0,48762,11074,0,31284648,2303568
balanced,18,16,4,20260812,69,1,1,1,0,0,1,71,38,1,1,396.1926137720878,407.5248358760693,0,0,0,7334497,1247044,0,65255976,4810392
balanced,18,16,4,20260812,70,1,1,1,0,0,1,22,29,1,1,338.84631270942396,330.61928775666564,0,0,0,0,0,0,20266920,1490544
balanced,18,16,4,20260812,71,1,1,1,0,0,1,48,130,1,2,411.36240679315347,435.69874150200457,0,0,0,2598573,449001,0,44138664,3252096
balanced,18,16,4,20260812,72,1,1,1,0,0,1,64,37,1,1,389.64681842703556,383.7191074858303,0,0,0,4679481,808858,0,58828968,4336128
balanced,18,16,4,20260812,73,1,1,1,0,0,1,46,254,1,4,366.1569124695609,372.99970456091256,0,0,0,1949013,341510,0,42302376,3116592
balanced,18,16,4,20260812,74,1,1,1,0,0,1,22,34,1,1,248.5470517357317,248.9516327615676,0,0,0,0,0,0,20266920,1490544
balanced,18,16,4,20260812,75,1,1,1,0,0,1,23,41,1,1,376.3729998761279,398.7727976897486,0,0,0,0,0,0,21185064,1558296
balanced,18,16,4,20260812,76,1,1,1,0,0,1,36,17,1,1,443.39039755163003,371.68792864058435,0,0,0,0,0,0,33120936,2439072
balanced,18,16,4,20260812,77,1,1,1,0,0,1,22,24,1,1,358.2802605245878,387.82239637231305,0,0,0,0,0,0,20266920,1490544
balanced,18,16,4,20260812,78,1,1,1,0,0,1,51,53,1,1,432.41752167383015,431.569904401166,0,0,0,2637602,456241,0,46893096,3455352
balanced,18,16,4,20260812,79,1,1,1,0,0,1,30,29,1,1,310.8121322176341,374.809939822754,0,0,0,504438,98505,0,27612072,2032560
balanced,18,16,4,20260812,80,1,1,1,0,0,1,28,25,1,1,320.4605694766267,303.7984014316621,0,0,0,0,0,0,25775784,1897056
balanced,18,16,4,20260812,81,1,1,1,0,0,1,37,32,1,1,317.5724892366905,293.7180048947099,0,0,0,0,0,0,34039080,2506824
balanced,18,16,4,20260812,82,1,1,1,0,0,1,25,29,1,1,364.0693075354386,355.895274948315,0,0,0,0,0,0,23021352,1693800
balanced,18,16,4,20260812,83,1,1,1,0,0,1,107,137,2,2,424.3242189658386,436.7024285673883,0,0,0,15643616,2590709,0,98309160,7249464
balanced,18,16,4,20260812,84,1,1,1,0,0,1,36,32,1,1,348.771080700209,401.86879306556733,0,0,0,0,0,0,33120936,2439072
balanced,18,16,4,20260812,85,1,1,1,0,0,1,29,111,1,2,361.69268490827847,363.5776015656551,0,0,0,0,0,0,26693928,1964808
balanced,18,16,4,20260812,86,1,1,1,0,0,1,35,126,1,2,365.49953931244096,386.1484331381581,0,0,0,0,0,0,32202792,2371320
balanced,18,16,4,20260812,87,1,1,1,0,0,1,98,21,2,1,347.48727735482976,336.5006638775774,0,0,0,17452555,2889422,0,90045864,6639696
balanced,18,16,4,20260812,88,1,1,1,0,0,1,27,22,1,1,375.91366880018745,388.74627422715804,0,0,0,0,0,0,24857640,1829304
balanced,18,16,4,20260812,89,1,1,1,0,0,1,18,15,1,1,249.27523847893954,252.60861062415904,0,0,0,0,0,0,16594344,1219536
balanced,18,16,4,20260812,90,1,1,1,0,0,1,15,22,1,1,264.2028324580343,286.7451967392052,0,0,0,0,0,0,13839912,1016280
balanced,18,16,4,20260812,91,1,1,1,0,0,1,23,26,1,1,341.8405795638909,365.307911665685,0,0,0,0,0,0,21185064,1558296
balanced,18,16,4,20260812,92,1,1,1,0,0,1,16,39,1,1,412.63672998251855,407.48975524567436,0,0,0,0,0,0,14758056,1084032
balanced,18,16,4,20260812,93,1,1,1,0,0,1,35,24,1,1,339.03876966092764,338.0655531251256,0,0,0,0,0,0,32202792,2371320
balanced,18,16,4,20260812,94,1,1,1,0,0,1,39,28,1,1,330.42780729731066,371.1261826474308,0,0,0,5365,1572,0,35875368,2642328
balanced,18,16,4,20260812,95,1,1,1,0,0,1,23,30,1,1,315.35796107736314,298.5059124027605,0,0,0,0,0,0,21185064,1558296
balanced,18,16,4,20260812,96,1,1,1,0,0,1,24,42,1,1,419.93421456309466,338.5283846899328,0,0,0,0,0,0,22103208,1626048
balanced,18,16,4,20260812,97,1,1,1,0,0,1,27,109,1,2,325.724745650625,319.902805738345,0,0,0,0,0,0,24857640,1829304
balanced,18,16,4,20260812,98,1,1,1,0,0,1,30,46,1,1,403.01476107339363,418.80075074398684,0,0,0,0,0,0,27612072,2032560
balanced,18,16,4,20260812,99,1,1,1,0,0,1,28,38,1,1,327.57298812551846,345.7561727059149,0,0,0,0,0,0,25775784,1897056
balanced,18,16,4,20260812,100,1,1,1,0,0,1,50,38,1,1,384.6597276448132,383.4596623579074,0,0,0,2144977,378543,0,45974952,3387600
balanced,18,16,4,20260812,101,1,1,1,0,0,1,99,116,2,2,379.25955615392866,383.21180628305876,0,0,0,8916643,1487923,0,90964008,6707448
balanced,18,16,4,20260812,102,1,1,1,0,0,1,21,37,1,1,380.6366084418912,373.31799229035175,0,0,0,0,0,0,19348776,1422792
balanced,18,16,4,20260812,103,1,1,1,0,0,1,43,36,1,1,336.90656788392874,331.36670005181935,0,0,0,728360,140633,0,39547944,2913336
balanced,18,16,4,20260812,104,1,1,1,0,0,1,19,17,1,1,357.4138418064703,342.3149288997753,0,0,0,0,0,0,17512488,1287288
balanced,18,16,4,20260812,105,1,1,1,0,0,1,218,160,4,3,345.7460603747154,375.63292713603016,0,0,0,11657938,1938299,0,200223144,14769936
balanced,18,16,4,20260812,106,1,1,1,0,0,1,31,20,1,1,394.00234803553855,394.73985084546564,0,0,0,98794,19899,0,28530216,2100312
balanced,18,16,4,20260812,107,1,1,1,0,0,1,107,655,2,11,343.8160088800856,358.0291312790323,0,0,0,14580485,2428459,0,98309160,7249464
balanced,18,16,4,20260812,108,1,1,1,0,0,1,27,27,1,1,394.31551835742596,377.1709502882819,0,0,0,0,0,0,24857640,1829304
balanced,18,16,4,20260812,109,1,1,1,0,0,1,20,41,1,1,322.3365405362646,320.13323376200583,0,0,0,0,0,0,18430632,1355040
balanced,18,16,4,20260812,110,1,1,1,0,0,1,20,13,1,1,183.05494180327491,181.49747475777087,0,0,0,0,0,0,18430632,1355040
balanced,18,16,4,20260812,111,1,1,1,0,0,1,34,41,1,1,391.59554142657464,387.0294615186163,0,0,0,0,0,0,31284648,2303568
balanced,18,16,4,20260812,112,1,1,1,0,0,1,43,47,1,1,331.2135708320345,311.52823875056015,0,0,0,228876,46391,0,39547944,2913336
balanced,18,16,4,20260812,113,1,1,1,0,0,1,59,34,1,1,407.2839752908963,397.7014412041411,0,0,0,6820774,1143709,0,54238248,3997368
balanced,18,16,4,20260812,114,1,1,1,0,0,1,18,16,1,1,376.30175681371196,362.6696780355107,0,0,0,0,0,0,16594344,1219536
balanced,18,16,4,20260812,115,1,1,1,0,0,1,27,17,1,1,382.42586630727544,392.7025538380016,0,0,0,0,0,0,24857640,1829304
balanced,18,16,4,20260812,116,1,1,1,0,0,1,25,22,1,1,328.874621075027,320.2597530131729,0,0,0,0,0,0,23021352,1693800
balanced,18,16,4,20260812,117,1,1,1,0,0,1,26,24,1,1,352.9412195825846,370.651701132769,0,0,0,0,0,0,23939496,1761552
balanced,18,16,4,20260812,118,1,1,1,0,0,1,59,45,1,1,417.56175888924724,395.7567076209075,0,0,0,8039602,1343235,0,54238248,3997368
balanced,18,16,4,20260812,119,1,1,1,0,0,1,25,114,1,2,315.17217926862486,315.30254287312334,0,0,0,0,0,0,23021352,1693800
balanced,18,16,4,20260812,120,1,1,1,0,0,1,13,29,1,1,305.11918448890356,309.99698307406715,0,0,0,0,0,0,12003624,880776
balanced,18,16,4,20260812,121,1,1,1,0,0,1,65,44,1,1,352.7928961859316,356.83964524352393,0,0,0,8745395,1464057,0,59747112,4403880
balanced,18,16,4,20260812,122,1,1,1,0,0,1,31,28,1,1,343.54297825413096,342.30297215115786,0,0,0,9,6,0,28530216,2100312
balanced,18,16,4,20260812,123,1,1,1,0,0,1,34,36,1,1,424.75021617604745,407.54409361450223,0,0,0,276,102,0,31284648,2303568
balanced,18,16,4,20260812,124,1,1,1,0,0,1,34,24,1,1,413.5323488431959,337.2883026642484,0,0,0,0,0,0,31284648,2303568
balanced,18,16,4,20260812,125,1,1,1,0,0,1,56,34,1,1,435.82644222556144,399.6093371646509,0,0,0,4445661,755689,0,51483816,3794112
balanced,18,16,4,20260812,126,1,1,1,0,0,1,23,23,1,1,338.87336339645447,337.7204770557595,0,0,0,0,0,0,21185064,1558296
balanced,18,16,4,20260812,127,1,1,1,0,0,1,33,29,1,1,342.67644184646906,378.2345324091849,0,0,0,21,14,0,30366504,2235816
balanced,18,16,4,20260813,0,1,1,1,0,0,1,281,259,5,4,331.7887867479602,349.9311516000427,0,0,0,15525388,2576496,0,258066216,19038312
balanced,18,16,4,20260813,1,1,1,1,0,0,1,21,30,1,1,357.2914331515125,321.1984073170287,0,0,0,0,0,0,19348776,1422792
balanced,18,16,4,20260813,2,1,1,1,0,0,1,27,23,1,1,404.23575525068475,397.57543228840905,0,0,0,0,0,0,24857640,1829304
balanced,18,16,4,20260813,3,1,1,1,0,0,1,26,21,1,1,337.2309231730778,294.03879410917034,0,0,0,0,0,0,23939496,1761552
balanced,18,16,4,20260813,4,1,1,1,0,0,1,25,27,1,1,348.78278983846434,338.2292360522222,0,0,0,0,0,0,23021352,1693800
balanced,18,16,4,20260813,5,1,1,1,0,0,1,70,129,1,2,256.4322641917446,263.5690255503285,0,0,0,11943389,1992009,0,64337832,4742640
balanced,18,16,4,20260813,6,1,1,1,0,0,1,102,29,2,1,327.7879777076537,363.9986353154242,0,0,0,14766988,2450769,0,93718440,6910704
balanced,18,16,4,20260813,7,1,1,1,0,0,1,17,19,1,1,325.5595569269899,322.22706879716213,0,0,0,0,0,0,15676200,1151784
balanced,18,16,4,20260813,8,1,1,1,0,0,1,32,25,1,1,350.1781904587092,343.57872197140046,0,0,0,45,28,0,29448360,2168064
balanced,18,16,4,20260813,9,1,1,1,0,0,1,174,132,3,2,412.79164756931675,414.95074410053996,0,0,0,11525350,1910111,0,159824808,11788848
balanced,18,16,4,20260813,10,1,1,1,0,0,1,56,258,1,4,369.4607404491426,368.39609812300307,0,0,0,1204523,219763,0,51483816,3794112
balanced,18,16,4,20260813,11,1,1,1,0,0,1,19,30,1,1,292.4846710151942,263.79758398974,0,0,0,0,0,0,17512488,1287288
balanced,18,16,4,20260813,12,1,1,1,0,0,1,12,30,1,1,303.81627719348353,304.550657887391,0,0,0,0,0,0,11085480,813024
balanced,18,16,4,20260813,13,1,1,1,0,0,1,18,21,1,1,343.41326228620784,335.3022522446897,0,0,0,0,0,0,16594344,1219536
balanced,18,16,4,20260813,14,1,1,1,0,0,1,27,125,1,2,369.2662689538034,395.1070083106933,0,0,0,0,0,0,24857640,1829304
balanced,18,16,4,20260813,15,1,1,1,0,0,1,164,117,3,2,389.6813717916648,330.7336079687972,0,0,0,13294536,2199302,0,150643368,11111328
balanced,18,16,4,20260813,16,1,1,1,0,0,1,38,62,1,1,362.82187196842585,366.83417420753267,0,0,0,169630,36164,0,34957224,2574576
balanced,18,16,4,20260813,17,1,1,1,0,0,1,26,31,1,1,388.0456126317609,398.40988922641657,0,0,0,0,0,0,23939496,1761552
balanced,18,16,4,20260813,18,1,1,1,0,0,1,28,45,1,1,284.87102468563717,287.5140629862135,0,0,0,0,0,0,25775784,1897056
balanced,18,16,4,20260813,19,1,1,1,0,0,1,32,24,1,1,405.2282959378695,388.3367400147191,0,0,0,1670,487,0,29448360,2168064
balanced,18,16,4,20260813,20,1,1,1,0,0,1,42,258,1,4,319.1920816806416,347.0432388824624,0,0,0,671092,128911,0,38629800,2845584
balanced,18,16,4,20260813,21,1,1,1,0,0,1,64,44,1,1,353.470729447975,398.57316820903765,0,0,0,6269435,1049749,0,58828968,4336128
balanced,18,16,4,20260813,22,1,1,1,0,0,1,20,24,1,1,349.851078803326,329.32839236431755,0,0,0,0,0,0,18430632,1355040
balanced,18,16,4,20260813,23,1,1,1,0,0,1,26,35,1,1,350.48698354546644,354.51631612690585,0,0,0,0,0,0,23939496,1761552
balanced,18,16,4,20260813,24,1,1,1,0,0,1,32,37,1,1,311.5196768560181,315.89184971108915,0,0,0,50,30,0,29448360,2168064
balanced,18,16,4,20260813,25,1,1,1,0,0,1,185,59,3,1,450.91123223202214,424.0351392561671,0,0,0,10033243,1672614,0,169924392,12534120
balanced,18,16,4,20260813,26,1,1,1,0,0,1,18,14,1,1,279.83087349646235,282.0451285231401,0,0,0,0,0,0,16594344,1219536
balanced,18,16,4,20260813,27,1,1,1,0,0,1,27,28,1,1,299.9857237226,279.3103704664742,0,0,0,0,0,0,24857640,1829304
balanced,18,16,4,20260813,28,1,1,1,0,0,1,43,28,1,1,312.4850299089268,304.4301267694177,0,0,0,1607198,291071,0,39547944,2913336
balanced,18,16,4,20260813,29,1,1,1,0,0,1,25,305,1,5,350.55464781843773,352.0173330499033,0,0,0,0,0,0,23021352,1693800
balanced,18,16,4,20260813,30,1,1,1,0,0,1,27,34,1,1,388.1786242184488,386.940386025874,0,0,0,0,0,0,24857640,1829304
balanced,18,16,4,20260813,31,1,1,1,0,0,1,31,33,1,1,336.56291763510524,324.7598412733876,0,0,0,0,0,0,28530216,2100312
balanced,18,16,4,20260813,32,1,1,1,0,0,1,24,28,1,1,410.53204474795257,426.1593105894092,0,0,0,0,0,0,22103208,1626048
balanced,18,16,4,20260813,33,1,1,1,0,0,1,29,36,1,1,377.7144928347095,320.93044997295385,0,0,0,0,0,0,26693928,1964808
balanced,18,16,4,20260813,34,1,1,1,0,0,1,156,25,3,1,329.8990298367735,310.8506420983517,0,0,0,14375318,2389256,0,143298216,10569312
balanced,18,16,4,20260813,35,1,1,1,0,0,1,67,27,1,1,379.09999220399527,335.68379849429965,0,0,0,2902055,513224,0,61583400,4539384
balanced,18,16,4,20260813,36,1,1,1,0,0,1,76,20,1,1,354.3187855299692,353.258955005414,0,0,0,9865968,1650426,0,69846696,5149152
balanced,18,16,4,20260813,37,1,1,1,0,0,1,28,24,1,1,248.7381233197583,254.37791531233654,0,0,0,980,321,0,25775784,1897056
balanced,18,16,4,20260813,38,1,1,1,0,0,1,46,38,1,1,423.9472840737468,418.77831860042926,0,0,0,2529779,442209,0,42302376,3116592
balanced,18,16,4,20260813,39,1,1,1,0,0,1,38,18,1,1,344.2570863249326,343.01796423735107,0,0,0,2140679,375102,0,34957224,2574576
balanced,18,16,4,20260813,40,1,1,1,0,0,1,42,47,1,1,276.8857901310235,363.1640692513466,0,0,0,1360508,250492,0,38629800,2845584
balanced,18,16,4,20260813,41,1,1,1,0,0,1,30,32,1,1,354.8304884907709,347.57420175836415,0,0,0,0,0,0,27612072,2032560
balanced,18,16,4,20260813,42,1,1,1,0,0,1,18,17,1,1,292.8724187995557,280.96636813215787,0,0,0,0,0,0,16594344,1219536
balanced,18,16,4,20260813,43,1,1,1,0,0,1,414,117,7,2,297.0524911855718,271.8717181440985,0,0,0,15641972,2594967,0,380179368,28049328
balanced,18,16,4,20260813,44,1,1,1,0,0,1,29,17,1,1,339.3775655234087,329.26949587813056,0,0,0,18,12,0,26693928,1964808
balanced,18,16,4,20260813,45,1,1,1,0,0,1,235,574,4,10,332.85024602869737,339.9113004866065,0,0,0,16464645,2727901,0,215831592,15921720
balanced,18,16,4,20260813,46,1,1,1,0,0,1,28,19,1,1,302.7109197521736,272.58261784316204,0,0,0,0,0,0,25775784,1897056
balanced,18,16,4,20260813,47,1,1,1,0,0,1,28,20,1,1,306.3029166030992,306.8767418756181,0,0,0,0,0,0,25775784,1897056
balanced,18,16,4,20260813,48,1,1,1,0,0,1,20,28,1,1,357.2387529679846,432.5780940181603,0,0,0,0,0,0,18430632,1355040
balanced,18,16,4,20260813,49,1,1,1,0,0,1,342,44,6,1,398.9104859363424,374.7904783706736,0,0,0,9663814,1632642,0,314073000,23171184
balanced,18,16,4,20260813,50,1,1,1,0,0,1,36,36,1,1,345.41876251517823,350.84168803874195,0,0,0,12109,3130,0,33120936,2439072
balanced,18,16,4,20260813,51,1,1,1,0,0,1,19,46,1,1,270.8177602441584,261.3928486981134,0,0,0,0,0,0,17512488,1287288
balanced,18,16,4,20260813,52,1,1,1,0,0,1,59,18,1,1,318.9936529168249,313.4163697623837,0,0,0,7629722,1279949,0,54238248,3997368
balanced,18,16,4,20260813,53,1,1,1,0,0,1,170,119,3,2,398.92158802853965,382.4193092882675,0,0,0,17196183,2848165,0,156152232,11517840
balanced,18,16,4,20260813,54,1,1,1,0,0,1,72,38,1,1,334.6760148069003,313.517108074725,0,0,0,11188453,1857704,0,66174120,4878144
balanced,18,16,4,20260813,55,1,1,1,0,0,1,32,26,1,1,305.8040569623696,296.37684310327086,0,0,0,0,0,0,29448360,2168064
balanced,18,16,4,20260813,56,1,1,1,0,0,1,36,431,1,7,380.9591860581421,402.71415590903155,0,0,0,33600,7743,0,33120936,2439072
balanced,18,16,4,20260813,57,1,1,1,0,0,1,27,66,1,1,315.6241613106896,318.01620542458113,0,0,0,82,42,0,24857640,1829304
balanced,18,16,4,20260813,58,1,1,1,0,0,1,44,33,1,1,359.54951261713256,356.1786039085903,0,0,0,418180,87340,0,40466088,2981088
balanced,18,16,4,20260813,59,1,1,1,0,0,1,257,491,4,8,411.8601692618377,468.5352667285921,0,0,0,15654487,2594967,0,236030760,17412264
balanced,18,16,4,20260813,60,1,1,1,0,0,1,28,32,1,1,307.92592138505063,321.32110899227763,0,0,0,0,0,0,25775784,1897056
balanced,18,16,4,20260813,61,1,1,1,0,0,1,19,31,1,1,293.76343229783294,299.9959782897494,0,0,0,0,0,0,17512488,1287288
balanced,18,16,4,20260813,62,1,1,1,0,0,1,79,104,1,2,360.8923728538904,344.5753925764391,0,0,0,9383816,1566743,0,72601128,5352408
balanced,18,16,4,20260813,63,1,1,1,0,0,1,27,25,1,1,356.46860112998127,352.07792200635987,0,0,0,0,0,0,24857640,1829304
balanced,18,16,4,20260813,64,1,1,1,0,0,1,24,12,1,1,318.2552628433698,297.84309604971196,0,0,0,0,0,0,22103208,1626048
balanced,18,16,4,20260813,65,1,1,1,0,0,1,13,32,1,1,257.1615435259091,278.07488604877494,0,0,0,0,0,0,12003624,880776
balanced,18,16,4,20260813,66,1,1,1,0,0,1,28,33,1,1,400.84925304662664,385.75122479737706,0,0,0,0,0,0,25775784,1897056
balanced,18,16,4,20260813,67,1,1,1,0,0,1,181,24,3,1,344.6528350480912,325.4582044545121,0,0,0,11953172,1992789,0,166251816,12263112
balanced,18,16,4,20260813,68,1,1,1,0,0,1,57,35,1,1,288.2726291480502,273.89382925035216,0,0,0,6740056,1135918,0,52401960,3861864
balanced,18,16,4,20260813,69,1,1,1,0,0,1,24,12,1,1,291.1411667892532,278.1157059356673,0,0,0,0,0,0,22103208,1626048
balanced,18,16,4,20260813,70,1,1,1,0,0,1,29,29,1,1,364.3627573759335,377.8963648298077,0,0,0,0,0,0,26693928,1964808
balanced,18,16,4,20260813,71,1,1,1,0,0,1,173,229,3,4,433.41047291630707,466.1227344262403,0,0,0,8143744,1366036,0,158906664,11721096
balanced,18,16,4,20260813,72,1,1,1,0,0,1,24,72,1,1,296.90946758058624,293.2092538680656,0,0,0,0,0,0,22103208,1626048
balanced,18,16,4,20260813,73,1,1,1,0,0,1,52,137,1,2,320.3536691237229,347.1904362696873,0,0,0,4787112,830751,0,47811240,3523104
balanced,18,16,4,20260813,74,1,1,1,0,0,1,165,173,3,3,413.41221998144914,389.8264502277758,0,0,0,0,0,0,151561512,11179080
balanced,18,16,4,20260813,75,1,1,1,0,0,1,61,24,1,1,318.00933608083017,300.9322744196139,0,0,0,1924362,356788,0,56074536,4132872
balanced,18,16,4,20260813,76,1,1,1,0,0,1,23,15,1,1,262.7578562270542,245.58704788078867,0,0,0,0,0,0,21185064,1558296
balanced,18,16,4,20260813,77,1,1,1,0,0,1,78,20,1,1,416.70099278848284,398.8820404582768,0,0,0,5744624,970235,0,71682984,5284656
balanced,18,16,4,20260813,78,1,1,1,0,0,1,30,46,1,1,311.39337738348263,383.23265921029747,0,0,0,0,0,0,27612072,2032560
balanced,18,16,4,20260813,79,1,1,1,0,0,1,26,27,1,1,300.94286178935005,299.8938337697269,0,0,0,0,0,0,23939496,1761552
balanced,18,16,4,20260813,80,1,1,1,0,0,1,104,130,2,2,347.66273077175566,328.74958980456813,0,0,0,12372663,2056916,0,95554728,7046208
balanced,18,16,4,20260813,81,1,1,1,0,0,1,34,18,1,1,287.48612453286466,284.64075618560594,0,0,0,419828,83169,0,31284648,2303568
balanced,18,16,4,20260813,82,1,1,1,0,0,1,23,25,1,1,319.949548186268,336.58449290037936,0,0,0,0,0,0,21185064,1558296
balanced,18,16,4,20260813,83,1,1,1,0,0,1,165,178,3,3,355.28355762926503,368.13517270304476,0,0,0,14119423,2342669,0,151561512,11179080
balanced,18,16,4,20260813,84,1,1,1,0,0,1,16,17,1,1,238.76922066046473,243.3408311989009,0,0,0,0,0,0,14758056,1084032
balanced,18,16,4,20260813,85,1,1,1,0,0,1,44,23,1,1,394.16733844589436,390.1603317323329,0,0,0,63458,13191,0,40466088,2981088
balanced,18,16,4,20260813,86,1,1,1,0,0,1,38,24,1,1,283.0596511634259,279.4739560874712,0,0,0,935076,174499,0,34957224,2574576
balanced,18,16,4,20260813,87,1,1,1,0,0,1,39,22,1,1,233.80907365321195,218.8582166341635,0,0,0,2214279,386608,0,35875368,2642328
balanced,18,16,4,20260813,88,1,1,1,0,0,1,23,18,1,1,280.93481263506527,295.1622647573207,0,0,0,0,0,0,21185064,1558296
balanced,18,16,4,20260813,89,1,1,1,0,0,1,256,34,4,1,411.20111379932735,400.51813849270724,0,0,0,14845897,2461372,0,235112616,17344512
balanced,18,16,4,20260813,90,1,1,1,0,0,1,13,41,1,1,287.9594323122336,299.86636731604995,0,0,0,0,0,0,12003624,880776
balanced,18,16,4,20260813,91,1,1,1,0,0,1,21,38,1,1,266.34047644810926,254.53740008639164,0,0,0,0,0,0,19348776,1422792
balanced,18,16,4,20260813,92,1,1,1,0,0,1,124,26,2,1,383.6511066164808,386.27623023830586,0,0,0,15647305,2594787,0,113917608,8401248
balanced,18,16,4,20260813,93,1,1,1,0,0,1,17,22,1,1,269.62908510573516,272.556107793052,0,0,0,0,0,0,15676200,1151784
balanced,18,16,4,20260813,94,1,1,1,0,0,1,28,33,1,1,329.4593141901498,311.81293046540657,0,0,0,439,206,0,25775784,1897056
balanced,18,16,4,20260813,95,1,1,1,0,0,1,33,49,1,1,381.66564218259475,377.0825218989321,0,0,0,13915,3106,0,30366504,2235816
balanced,18,16,4,20260813,96,1,1,1,0,0,1,29,33,1,1,320.3965118912975,348.8579747861179,0,0,0,0,0,0,26693928,1964808
balanced,18,16,4,20260813,97,1,1,1,0,0,1,52,136,1,2,411.8021735078189,433.12723825691444,0,0,0,1252284,231748,0,47811240,3523104
balanced,18,16,4,20260813,98,1,1,1,0,0,1,36,35,1,1,358.129369742729,363.06805901014314,0,0,0,7879,1815,0,33120936,2439072
balanced,18,16,4,20260813,99,1,1,1,0,0,1,30,23,1,1,363.9257005562024,346.3809746848733,0,0,0,0,0,0,27612072,2032560
balanced,18,16,4,20260813,100,1,1,1,0,0,1,53,27,1,1,345.7706070774097,360.3151147188121,0,0,0,5271920,889308,0,48729384,3590856
balanced,18,16,4,20260813,101,1,1,1,0,0,1,118,17,2,1,260.2515450967504,298.26800153110685,0,0,0,17460232,2890324,0,108408744,7994736
balanced,18,16,4,20260813,102,1,1,1,0,0,1,470,43,8,1,368.1425981081046,349.9496794210485,0,0,0,13975727,2328692,0,431595432,31843440
balanced,18,16,4,20260813,103,1,1,1,0,0,1,119,44,2,1,366.9751772309225,373.3544009927977,0,0,0,15001420,2493711,0,109326888,8062488
balanced,18,16,4,20260813,104,1,1,1,0,0,1,29,31,1,1,358.2815590673213,350.3152875934755,0,0,0,0,0,0,26693928,1964808
balanced,18,16,4,20260813,105,1,1,1,0,0,1,50,112,1,2,340.6065017722722,343.1186801975963,0,0,0,2233968,411364,0,45974952,3387600
balanced,18,16,4,20260813,106,1,1,1,0,0,1,30,24,1,1,323.8549599426309,314.1002467876954,0,0,0,0,0,0,27612072,2032560
balanced,18,16,4,20260813,107,1,1,1,0,0,1,33,50,1,1,449.08766840238036,454.02682802105255,0,0,0,0,0,0,30366504,2235816
balanced,18,16,4,20260813,108,1,1,1,0,0,1,19,34,1,1,274.16886743028215,245.1453988812899,0,0,0,0,0,0,17512488,1287288
balanced,18,16,4,20260813,109,1,1,1,0,0,0,33,980,1,16,390.97258001745234,,0,0,0,0,0,0,30366504,2235816
balanced,18,16,4,20260813,110,1,1,1,0,0,1,38,26,1,1,383.3255942532145,373.9778840621872,0,0,0,37735,8565,0,34957224,2574576
balanced,18,16,4,20260813,111,1,1,1,0,0,1,607,455,10,8,309.5587988728038,303.02833327751176,0,0,0,17969923,2971800,0,557381160,41125464
balanced,18,16,4,20260813,112,1,1,1,0,0,1,18,44,1,1,376.3102742304553,369.6379033484395,0,0,0,0,0,0,16594344,1219536
balanced,18,16,4,20260813,113,1,1,1,0,0,1,109,28,2,1,251.30730816295167,248.65034492039683,0,0,0,18039032,2985282,0,100145448,7384968
balanced,18,16,4,20260813,114,1,1,1,0,0,1,27,36,1,1,386.75666713130926,361.1384718093646,0,0,0,0,0,0,24857640,1829304
balanced,18,16,4,20260813,115,1,1,1,0,0,1,24,17,1,1,321.6777879037828,334.67963777807824,0,0,0,0,0,0,22103208,1626048
balanced,18,16,4,20260813,116,1,1,1,0,0,1,51,45,1,1,317.7574664641461,331.09658195762773,0,0,0,91174,19223,0,46893096,3455352
balanced,18,16,4,20260813,117,1,1,1,0,0,1,28,31,1,1,297.2888574977323,298.8472088796549,0,0,0,0,0,0,25775784,1897056
balanced,18,16,4,20260813,118,1,1,1,0,0,1,22,23,1,1,316.09331945135114,325.4434519014776,0,0,0,0,0,0,20266920,1490544
balanced,18,16,4,20260813,119,1,1,1,0,0,1,24,31,1,1,333.21425384916176,336.4570276536355,0,0,0,0,0,0,22103208,1626048
balanced,18,16,4,20260813,120,1,1,1,0,0,1,24,17,1,1,316.17890803226896,320.9872087872861,0,0,0,0,0,0,22103208,1626048
balanced,18,16,4,20260813,121,1,1,1,0,0,1,38,30,1,1,446.63233814940884,448.62924113499713,0,0,0,417,150,0,34957224,2574576
balanced,18,16,4,20260813,122,1,1,1,0,0,1,20,23,1,1,310.59728441390973,293.04571580544126,0,0,0,0,0,0,18430632,1355040
balanced,18,16,4,20260813,123,1,1,1,0,0,1,115,48,2,1,297.24334901842053,303.2341382017859,0,0,0,16390736,2713772,0,105654312,7791480
balanced,18,16,4,20260813,124,1,1,1,0,0,1,37,45,1,1,318.8607026738446,319.7205341663269,0,0,0,130,66,0,34039080,2506824
balanced,18,16,4,20260813,125,1,1,1,0,0,1,33,55,1,1,348.98632513254216,375.44985907941475,0,0,0,0,0,0,30366504,2235816
balanced,18,16,4,20260813,126,1,1,1,0,0,1,182,46,3,1,368.58652712850943,363.93036960579946,0,0,0,13240470,2189873,0,167169960,12330864
balanced,18,16,4,20260813,127,1,1,1,0,0,1,21,65,1,1,312.40654202158265,315.1010415064334,0,0,0,0,0,0,19348776,1422792
high_success,14,16,4,20260809,0,1,1,1,0,0,1,37,50,1,1,305.55001081021453,316.150507998773,0,0,0,26239,6226,0,34039080,2506824
high_success,14,16,4,20260809,1,1,1,1,0,0,1,51,54,1,1,301.4131020079944,295.8421562823993,0,0,0,0,0,0,46893096,3455352
high_success,14,16,4,20260809,2,1,1,1,0,0,1,74,49,1,1,390.05367717959547,376.9920874030173,0,0,0,6059434,1041678,0,68010408,5013648
high_success,14,16,4,20260809,3,1,1,1,0,0,1,56,50,1,1,355.07409456717556,411.0690501344702,0,0,0,2118188,434144,0,51483816,3794112
high_success,14,16,4,20260809,4,1,1,1,0,0,1,53,77,1,1,319.88950307662157,316.859506003368,0,0,0,0,0,0,48729384,3590856
high_success,14,16,4,20260809,5,1,1,1,0,0,1,111,61,2,1,328.2130603949798,284.78755843446555,0,0,0,7102296,1212054,0,101981736,7520472
high_success,14,16,4,20260809,6,1,1,1,0,0,1,94,97,2,2,320.7666021111063,290.8862795278997,0,0,0,9338,2932,0,86373288,6368688
high_success,14,16,4,20260809,7,1,1,1,0,0,1,56,57,1,1,357.31860687854106,345.37354468468345,0,0,0,3788758,669820,0,51483816,3794112
high_success,14,16,4,20260809,8,1,1,1,0,0,1,54,96,1,2,337.51386556784337,353.3943827468188,0,0,0,68478,14602,0,49647528,3658608
high_success,14,16,4,20260809,9,1,1,1,0,0,1,185,113,3,2,369.4279720679531,337.6555566732169,0,0,0,207943,45630,0,169924392,12534120
high_success,14,16,4,20260809,10,1,1,1,0,0,1,53,36,1,1,310.5067186071732,300.9064406211655,0,0,0,10811,3060,0,48729384,3590856
high_success,14,16,4,20260809,11,1,1,1,0,0,1,289,109,5,2,410.8158406936278,369.49244399825045,0,0,0,483101,103675,0,265411368,19580328
high_success,14,16,4,20260809,12,1,1,1,0,0,1,60,106,1,2,409.8993753164099,378.383950687313,0,0,0,0,0,0,55156392,4065120
high_success,14,16,4,20260809,13,1,1,1,0,0,1,108,477,2,8,406.6792767032342,462.0833092594942,0,0,0,14023913,2349026,0,99227304,7317216
high_success,14,16,4,20260809,14,1,1,1,0,0,1,39,74,1,1,423.85757918949764,345.5072850150399,0,0,0,0,0,0,35875368,2642328
high_success,14,16,4,20260809,15,1,1,1,0,0,1,179,109,3,2,373.8350978159116,344.4792779342199,0,0,0,1933639,374230,0,164415528,12127608
high_success,14,16,4,20260809,16,1,1,1,0,0,1,125,106,2,2,430.1381651636791,416.9069244965026,0,0,0,5569917,959837,0,114835752,8469000
high_success,14,16,4,20260809,17,1,1,1,0,0,1,58,116,1,2,294.5323698581094,340.0324543479306,0,0,0,46082,12476,0,53320104,3929616
high_success,14,16,4,20260809,18,1,1,1,0,0,1,356,367,6,6,492.21594480458856,480.13675174531954,0,0,0,7056874,1208143,0,326927016,24119712
high_success,14,16,4,20260809,19,1,1,1,0,0,1,41,55,1,1,375.8485716269149,357.5249128663397,0,0,0,0,0,0,37711656,2777832
high_success,14,16,4,20260809,20,1,1,1,0,0,1,74,99,1,2,295.8497901266065,291.7513747497878,0,0,0,9096947,1536342,0,68010408,5013648
high_success,14,16,4,20260809,21,1,1,1,0,0,1,26,43,1,1,271.03848372018774,274.81767044471906,0,0,0,0,0,0,23939496,1761552
high_success,14,16,4,20260809,22,1,1,1,0,0,1,40,108,1,2,320.50100238223763,322.68522182561094,0,0,0,25210,5705,0,36793512,2710080
high_success,14,16,4,20260809,23,1,1,1,0,0,1,109,112,2,2,387.7779405141488,379.7379039079678,0,0,0,595284,123012,0,100145448,7384968
high_success,14,16,4,20260809,24,1,1,1,0,0,1,117,63,2,1,342.6588400099866,302.67489240317093,0,0,0,9305563,1572994,0,107490600,7926984
high_success,14,16,4,20260809,25,1,1,1,0,0,1,123,110,2,2,249.24589175117694,245.84062319376295,0,0,0,3368458,599821,0,112999464,8333496
high_success,14,16,4,20260809,26,1,1,1,0,0,1,121,64,2,1,316.5537977549744,368.44346496315643,0,0,0,10531992,1774360,0,111163176,8197992
high_success,14,16,4,20260809,27,1,1,1,0,0,1,120,106,2,2,275.0090194316663,272.99131908360266,0,0,0,9140258,1547125,0,110245032,8130240
high_success,14,16,4,20260809,28,1,1,1,0,0,1,119,280,2,5,363.9222391143418,338.26973088999637,0,0,0,7292396,1289056,0,109326888,8062488
high_success,14,16,4,20260809,29,1,1,1,0,0,1,113,37,2,1,340.98719870122443,361.0660008043983,0,0,0,2516493,456743,0,103818024,7655976
high_success,14,16,4,20260809,30,1,1,1,0,0,1,56,45,1,1,335.8874928717877,334.80387685725094,0,0,0,19124,5406,0,51483816,3794112
high_success,14,16,4,20260809,31,1,1,1,0,0,1,22,54,1,1,275.3124962264201,281.4285332048003,0,0,0,0,0,0,20266920,1490544
high_success,14,16,4,20260809,32,1,1,1,0,0,1,52,68,1,1,334.1424512311711,355.35740079521946,0,0,0,2924320,525588,0,47811240,3523104
high_success,14,16,4,20260809,33,1,1,1,0,0,1,110,71,2,1,361.2420609818213,347.96007531107284,0,0,0,7302520,1242515,0,101063592,7452720
high_success,14,16,4,20260809,34,1,1,1,0,0,1,219,219,4,4,344.5735464080275,357.4694933281322,0,0,0,5302569,915506,0,201141288,14837688
high_success,14,16,4,20260809,35,1,1,1,0,0,1,64,117,1,2,412.50528973540565,414.9017858583601,0,0,0,15176,4791,0,58828968,4336128
high_success,14,16,4,20260809,36,1,1,1,0,0,1,127,113,2,2,405.52137837475493,413.991497947047,0,0,0,5630253,984856,0,116672040,8604504
high_success,14,16,4,20260809,37,0,1,0,0,1,1,1940,1066,32,18,,375.90166586652606,0,0,0,2432425,444290,0,1781267112,131438880
high_success,14,16,4,20260809,38,1,1,1,0,0,1,106,121,2,2,425.30455376743816,413.8628949981056,0,0,0,64426,15724,0,97391016,7181712
high_success,14,16,4,20260809,39,1,1,1,0,0,1,75,35,1,1,336.89212124604023,346.645950385584,0,0,0,1006884,199883,0,68928552,5081400
high_success,14,16,4,20260809,40,1,1,1,0,0,1,106,48,2,1,296.14580548767685,278.6305544268014,0,0,0,10353,2669,0,97391016,7181712
high_success,14,16,4,20260809,41,1,1,1,0,0,1,40,55,1,1,239.4027688953207,220.81232332305785,0,0,0,50344,9962,0,36793512,2710080
high_success,14,16,4,20260809,42,1,1,1,0,0,1,349,183,6,3,347.5803226027661,348.17049607957125,0,0,0,22732,6526,0,320500008,23645448
high_success,14,16,4,20260809,43,1,1,1,0,0,1,50,41,1,1,402.01405949414766,348.33280089578216,0,0,0,4913722,853491,0,45974952,3387600
high_success,14,16,4,20260809,44,1,1,1,0,0,1,40,34,1,1,384.61057828523064,387.93090982489014,0,0,0,0,0,0,36793512,2710080
high_success,14,16,4,20260809,45,1,1,1,0,0,1,131,29,2,1,301.0453168570814,244.10550153708377,0,0,0,10822725,1824160,0,120344616,8875512
high_success,14,16,4,20260809,46,1,1,1,0,0,1,40,118,1,2,392.36621478311866,430.56729962244316,0,0,0,0,0,0,36793512,2710080
high_success,14,16,4,20260809,47,1,1,1,0,0,1,105,154,2,3,331.89122956223457,300.01492801363406,0,0,0,12768520,2146416,0,96472872,7113960
high_success,14,16,4,20260809,48,1,1,1,0,0,1,49,112,1,2,392.6752934211929,377.7454500939423,0,0,0,259302,57171,0,45056808,3319848
high_success,14,16,4,20260809,49,1,1,1,0,0,1,51,42,1,1,326.4988095837539,372.69263280380574,0,0,0,0,0,0,46893096,3455352
high_success,14,16,4,20260809,50,1,1,1,0,0,1,29,45,1,1,312.3957280116331,307.0209460082193,0,0,0,0,0,0,26693928,1964808
high_success,14,16,4,20260809,51,1,1,1,0,0,1,46,35,1,1,270.88026360459173,302.69024565728876,0,0,0,195344,42381,0,42302376,3116592
high_success,14,16,4,20260809,52,1,1,1,0,0,1,42,33,1,1,252.36892901675873,255.01196803964532,0,0,0,38350,8447,0,38629800,2845584
high_success,14,16,4,20260809,53,1,1,1,0,0,1,129,56,2,1,362.26342210287305,313.08784763895227,0,0,0,0,0,0,118508328,8740008
high_success,14,16,4,20260809,54,1,1,1,0,0,1,38,107,1,2,378.1257195381372,412.8174821688817,0,0,0,0,0,0,34957224,2574576
high_success,14,16,4,20260809,55,1,1,1,0,0,1,183,64,3,1,453.16155159259347,391.48906564653146,0,0,0,7408139,1262230,0,168088104,12398616
high_success,14,16,4,20260809,56,1,1,1,0,0,1,108,176,2,3,336.4052077065073,325.0559488778861,0,0,0,8926772,1519620,0,99227304,7317216
high_success,14,16,4,20260809,57,1,1,1,0,0,1,75,17,1,1,316.688516628645,315.7211805205401,0,0,0,9599531,1621847,0,68928552,5081400
high_success,14,16,4,20260809,58,1,1,1,0,0,1,46,43,1,1,344.88527933146213,317.00908710413137,0,0,0,0,0,0,42302376,3116592
high_success,14,16,4,20260809,59,1,1,1,0,0,1,62,65,1,1,434.81272223819707,428.8830827790339,0,0,0,24287,5417,0,56992680,4200624
high_success,14,16,4,20260809,60,1,1,1,0,0,1,159,111,3,2,313.75149635253865,301.56852893963224,0,0,0,6558694,1124028,0,146052648,10772568
high_success,14,16,4,20260809,61,1,1,1,0,0,1,95,229,2,4,387.93618423462743,396.99775024913134,0,0,0,21520,6247,0,87291432,6436440
high_success,14,16,4,20260809,62,1,1,1,0,0,1,70,48,1,1,365.1642157454962,401.3753352709339,0,0,0,15853,4707,0,64337832,4742640
high_success,14,16,4,20260809,63,1,1,1,0,0,1,44,128,1,2,428.8281907903941,412.15507292145514,0,0,0,136,68,0,40466088,2981088
high_success,14,16,4,20260809,64,1,1,1,0,0,1,19,62,1,1,278.7770616951118,284.65331145204266,0,0,0,0,0,0,17512488,1287288
high_success,14,16,4,20260809,65,1,1,1,0,0,1,30,24,1,1,291.32337817013274,284.0163272597328,0,0,0,2242,875,0,27612072,2032560
high_success,14,16,4,20260809,66,1,1,1,0,0,1,94,74,2,1,305.62639426108376,320.81288060526276,0,0,0,3377217,606981,0,86373288,6368688
high_success,14,16,4,20260809,67,1,1,1,0,0,1,111,105,2,2,463.14056609258296,450.39138118882147,0,0,0,1273930,249965,0,101981736,7520472
high_success,14,16,4,20260809,68,1,1,1,0,0,1,35,192,1,3,278.0653128719078,348.7469720331705,0,0,0,0,0,0,32202792,2371320
high_success,14,16,4,20260809,69,1,1,1,0,0,1,44,54,1,1,359.1234501595909,353.00652948684586,0,0,0,5105,1501,0,40466088,2981088
high_success,14,16,4,20260809,70,1,1,1,0,0,1,57,69,1,1,310.88219261150005,290.49033004110197,0,0,0,62,59,0,52401960,3861864
high_success,14,16,4,20260809,71,1,1,1,0,0,1,73,47,1,1,233.1465689666065,267.97486048301334,0,0,0,1952267,379951,0,67092264,4945896
high_success,14,16,4,20260809,72,1,1,1,0,0,1,108,105,2,2,374.28479867455906,349.59750763204715,0,0,0,5245461,1032551,0,99227304,7317216
high_success,14,16,4,20260809,73,1,1,1,0,0,1,52,119,1,2,331.86996921267814,283.1554623235277,0,0,0,373079,78358,0,47811240,3523104
high_success,14,16,4,20260809,74,1,1,1,0,0,1,61,57,1,1,398.7787774029572,387.9874855651864,0,0,0,1035267,212409,0,56074536,4132872
high_success,14,16,4,20260809,75,1,1,1,0,0,1,70,123,1,2,430.7796585502889,412.245938158712,0,0,0,3432788,608307,0,64337832,4742640
high_success,14,16,4,20260809,76,1,1,1,0,0,1,110,50,2,1,389.2073730339626,397.1305695605759,0,0,0,9397355,1593350,0,101063592,7452720
high_success,14,16,4,20260809,77,1,1,1,0,0,1,114,99,2,2,334.20918669021125,347.60080791066207,0,0,0,6855403,1176779,0,104736168,7723728
high_success,14,16,4,20260809,78,1,1,1,0,0,1,107,100,2,2,302.6490371358126,295.9252053905493,0,0,0,9657111,1631237,0,98309160,7249464
high_success,14,16,4,20260809,79,1,1,1,0,0,1,47,42,1,1,335.311299049251,270.8175975206705,0,0,0,0,0,0,43220520,3184344
high_success,14,16,4,20260809,80,1,1,1,0,0,1,183,115,3,2,413.09306253758547,380.40374020520085,0,0,0,9409121,1600093,0,168088104,12398616
high_success,14,16,4,20260809,81,1,1,1,0,0,1,111,37,2,1,368.2143507360722,402.7657631798756,0,0,0,12726909,2143477,0,101981736,7520472
high_success,14,16,4,20260809,82,1,1,1,0,0,1,106,98,2,2,340.3230488784791,312.4037230212386,0,0,0,10585432,1781142,0,97391016,7181712
high_success,14,16,4,20260809,83,1,1,1,0,0,1,61,64,1,1,370.4829043143718,372.7825107515174,0,0,0,0,0,0,56074536,4132872
high_success,14,16,4,20260809,84,1,1,1,0,0,1,189,111,3,2,455.8206781776741,411.61440529026436,0,0,0,0,0,0,173596968,12805128
high_success,14,16,4,20260809,85,1,1,1,0,0,1,35,34,1,1,218.80674915219106,223.69670432752292,0,0,0,315276,68734,0,32202792,2371320
high_success,14,16,4,20260809,86,1,1,1,0,0,1,77,78,1,1,352.4878697897103,412.1596308905322,0,0,0,8789953,1494359,0,70764840,5216904
high_success,14,16,4,20260809,87,1,1,1,0,0,1,175,171,3,3,330.81027765508463,321.36576945339345,0,0,0,959945,198612,0,160742952,11856600
high_success,14,16,4,20260809,88,1,1,1,0,0,1,71,30,1,1,377.12830770045304,330.74109469125915,0,0,0,10066700,1703833,0,65255976,4810392
high_success,14,16,4,20260809,89,1,1,1,0,0,1,220,35,4,1,404.4491027305438,382.9451424142334,0,0,0,10361241,1747088,0,202059432,14905440
high_success,14,16,4,20260809,90,1,1,1,0,0,1,130,46,2,1,340.9222269213898,370.29109898211834,0,0,0,10539475,1772911,0,119426472,8807760
high_success,14,16,4,20260809,91,1,1,1,0,0,1,252,233,4,4,484.66981925192107,485.3949279802032,0,0,0,0,0,0,231440040,17073504
high_success,14,16,4,20260809,92,1,1,1,0,0,1,41,105,1,2,317.1575995245718,331.6189028144149,0,0,0,2361,789,0,37711656,2777832
high_success,14,16,4,20260809,93,1,1,1,0,0,1,43,43,1,1,295.6517768406006,294.1119317272283,0,0,0,0,0,0,39547944,2913336
high_success,14,16,4,20260809,94,1,1,1,0,0,1,119,40,2,1,355.54249732921335,351.03375147423196,0,0,0,0,0,0,109326888,8062488
high_success,14,16,4,20260809,95,1,1,1,0,0,1,34,24,1,1,348.0778008716408,344.74623244281975,0,0,0,866,365,0,31284648,2303568
high_success,14,16,4,20260809,96,1,1,1,0,0,1,132,37,2,1,318.69196734061995,308.73224184787404,0,0,0,5877102,1012845,0,121262760,8943264
high_success,14,16,4,20260809,97,1,1,1,0,0,1,117,117,2,2,395.697537006446,379.4573697465472,0,0,0,99888,23986,0,107490600,7926984
high_success,14,16,4,20260809,98,1,1,1,0,0,1,56,55,1,1,343.75970392707166,321.77892080084104,0,0,0,379,224,0,51483816,3794112
high_success,14,16,4,20260809,99,1,1,1,0,0,1,61,104,1,2,318.1060524796931,306.4904972072877,0,0,0,164,164,0,56074536,4132872
high_success,14,16,4,20260809,100,1,1,1,0,0,1,44,102,1,2,413.8353972973408,350.4373976384833,0,0,0,0,0,0,40466088,2981088
high_success,14,16,4,20260809,101,1,1,1,0,0,1,128,105,2,2,335.89417896758965,321.19061946609963,0,0,0,5673770,978365,0,117590184,8672256
high_success,14,16,4,20260809,102,1,1,1,0,0,1,227,33,4,1,260.6209355838287,230.96983702531816,0,0,0,15949761,2674843,0,208486440,15379704
high_success,14,16,4,20260809,103,1,1,1,0,0,1,115,56,2,1,396.1211567482866,422.3090402641789,0,0,0,94926,20945,0,105654312,7791480
high_success,14,16,4,20260809,104,1,1,1,0,0,1,46,55,1,1,279.1098242470955,281.5018680399602,0,0,0,156518,33150,0,42302376,3116592
high_success,14,16,4,20260809,105,1,1,1,0,0,1,77,119,1,2,379.49944335620603,426.1257354359191,0,0,0,2661025,482523,0,70764840,5216904
high_success,14,16,4,20260809,106,1,1,1,0,0,1,37,52,1,1,297.62888873369275,290.5481698056984,0,0,0,46,30,0,34039080,2506824
high_success,14,16,4,20260809,107,1,1,1,0,0,1,130,112,2,2,318.29842720297626,311.76010852012644,0,0,0,275,183,0,119426472,8807760
high_success,14,16,4,20260809,108,1,1,1,0,0,1,113,137,2,2,392.8638061073749,365.9038456897733,0,0,0,7596501,1293943,0,103818024,7655976
high_success,14,16,4,20260809,109,1,1,1,0,0,1,35,49,1,1,376.2589780051825,363.5772414406199,0,0,0,0,0,0,32202792,2371320
high_success,14,16,4,20260809,110,1,1,1,0,0,1,177,169,3,3,471.3022782485611,479.7279096871564,0,0,0,64,65,0,162579240,11992104
high_success,14,16,4,20260809,111,1,1,1,0,0,1,74,50,1,1,388.37976696980843,370.80084185716714,0,0,0,330,162,0,68010408,5013648
high_success,14,16,4,20260809,112,1,1,1,0,0,1,26,122,1,2,329.4982912348448,361.5322558499053,0,0,0,0,0,0,23939496,1761552
high_success,14,16,4,20260809,113,1,1,1,0,0,1,108,36,2,1,299.7445987778016,271.6416502974638,0,0,0,13897132,2326907,0,99227304,7317216
high_success,14,16,4,20260809,114,1,1,1,0,0,1,102,470,2,8,351.72858118069064,360.7632206642122,0,0,0,6838690,1174539,0,93718440,6910704
high_success,14,16,4,20260809,115,1,1,1,0,0,1,28,33,1,1,275.2668813669328,276.4188833712093,0,0,0,0,0,0,25775784,1897056
high_success,14,16,4,20260809,116,1,1,1,0,0,1,59,109,1,2,332.15867053481225,340.77811960221123,0,0,0,1479051,282630,0,54238248,3997368
high_success,14,16,4,20260809,117,1,1,1,0,0,1,113,109,2,2,398.7303820079878,419.54963349621175,0,0,0,10083048,1701643,0,103818024,7655976
high_success,14,16,4,20260809,118,1,1,1,0,0,1,80,75,1,1,348.66873767960703,327.4844959274664,0,0,0,4095132,717577,0,73519272,5420160
high_success,14,16,4,20260809,119,1,1,1,0,0,1,126,75,2,1,310.19417680786364,302.2177009896234,0,0,0,0,0,0,115753896,8536752
high_success,14,16,4,20260809,120,1,1,1,0,0,1,110,287,2,5,294.78670376113644,293.2598992533241,0,0,0,11954748,2012515,0,101063592,7452720
high_success,14,16,4,20260809,121,1,1,1,0,0,1,301,115,5,2,492.51364922863655,465.0928012029778,0,0,0,5303818,922557,0,276429096,20393352
high_success,14,16,4,20260809,122,1,1,1,0,0,1,34,37,1,1,333.0571256048586,283.98789769180485,0,0,0,0,0,0,31284648,2303568
high_success,14,16,4,20260809,123,1,1,1,0,0,1,47,42,1,1,374.37340679766857,418.95242141121133,0,0,0,1117,383,0,43220520,3184344
high_success,14,16,4,20260809,124,1,1,1,0,0,1,243,118,4,2,330.0614974088729,333.93197127670703,0,0,0,12558456,2111107,0,223176744,16463736
high_success,14,16,4,20260809,125,1,1,1,0,0,1,35,55,1,1,351.5145790985248,360.5798427452356,0,0,0,0,0,0,32202792,2371320
high_success,14,16,4,20260809,126,1,1,1,0,0,1,156,34,3,1,370.8707670907123,370.35545532330787,0,0,0,5876076,1022388,0,143298216,10569312
high_success,14,16,4,20260809,127,1,1,1,0,0,1,128,40,2,1,406.5296390446075,367.958886298706,0,0,0,1110,463,0,117590184,8672256
high_success,14,16,4,20260810,0,1,1,1,0,0,1,67,79,1,1,480.8124033205825,481.47777210069887,0,0,0,4878262,850616,0,61583400,4539384
high_success,14,16,4,20260810,1,1,1,1,0,0,1,31,36,1,1,309.04388017571375,309.04388017571375,0,0,0,0,0,0,28530216,2100312
high_success,14,16,4,20260810,2,1,1,1,0,0,1,74,37,1,1,324.6141466832845,314.88502200173843,0,0,0,8440901,1431601,0,68010408,5013648
high_success,14,16,4,20260810,3,1,1,1,0,0,1,130,182,2,3,345.79098353544737,353.9056908881456,0,0,0,14338321,2410642,0,119426472,8807760
high_success,14,16,4,20260810,4,1,1,1,0,0,1,298,134,5,2,394.64872802117463,384.5816108762466,0,0,0,0,0,0,273674664,20190096
high_success,14,16,4,20260810,5,1,1,1,0,0,1,49,48,1,1,402.39280073000907,376.2521573820157,0,0,0,1066544,215987,0,45056808,3319848
high_success,14,16,4,20260810,6,1,1,1,0,0,1,23,66,1,1,317.60359603138767,314.4803128312264,0,0,0,0,0,0,21185064,1558296
high_success,14,16,4,20260810,7,1,1,1,0,0,1,112,119,2,2,329.25796313632867,334.0312337061729,0,0,0,12838695,2154178,0,102899880,7588224
high_success,14,16,4,20260810,8,1,1,1,0,0,1,182,170,3,3,439.9874129338052,410.1333188541713,0,0,0,0,0,0,167169960,12330864
high_success,14,16,4,20260810,9,1,1,1,0,0,1,640,221,11,4,428.4625411109955,400.46717825585915,0,0,0,0,0,0,587679912,43361280
high_success,14,16,4,20260810,10,1,1,1,0,0,1,42,54,1,1,389.27482274900456,422.5043776597895,0,0,0,326,138,0,38629800,2845584
high_success,14,16,4,20260810,11,1,1,1,0,0,1,50,27,1,1,310.6350021916819,310.1666754338604,0,0,0,5768426,990314,0,45974952,3387600
high_success,14,16,4,20260810,12,1,1,1,0,0,1,34,64,1,1,307.26354900377316,319.9507509102992,0,0,0,270929,58078,0,31284648,2303568
high_success,14,16,4,20260810,13,1,1,1,0,0,1,413,77,7,1,361.3212262792217,302.64376608609143,0,0,0,10266448,1744900,0,379261224,27981576
high_success,14,16,4,20260810,14,1,1,1,0,0,1,63,108,1,2,300.91635632150917,298.4314092906592,0,0,0,3887074,688568,0,57910824,4268376
high_success,14,16,4,20260810,15,1,1,1,0,0,1,17,31,1,1,252.22248931897155,252.62795436019908,0,0,0,0,0,0,15676200,1151784
high_success,14,16,4,20260810,16,1,1,1,0,0,1,47,133,1,2,283.2190543618213,298.7414779931553,0,0,0,0,0,0,43220520,3184344
high_success,14,16,4,20260810,17,1,1,1,0,0,1,38,102,1,2,432.5891002910465,408.8726675973493,0,0,0,16587,3896,0,34957224,2574576
high_success,14,16,4,20260810,18,1,1,1,0,0,1,72,33,1,1,306.56581176443586,324.8603188768418,0,0,0,63506,13872,0,66174120,4878144
high_success,14,16,4,20260810,19,1,1,1,0,0,1,123,114,2,2,409.08216131030713,413.93723163280686,0,0,0,6898162,1176578,0,112999464,8333496
high_success,14,16,4,20260810,20,1,1,1,0,0,1,127,170,2,3,328.7127935113688,326.9828909787338,0,0,0,9727730,1645340,0,116672040,8604504
high_success,14,16,4,20260810,21,1,1,1,0,0,1,376,34,6,1,332.0115732765717,293.2766805129858,0,0,0,4306403,764736,0,345289896,25474752
high_success,14,16,4,20260810,22,1,1,1,0,0,1,77,42,1,1,259.93352705306546,300.44596591051925,0,0,0,6506207,1126640,0,70764840,5216904
high_success,14,16,4,20260810,23,1,1,1,0,0,1,47,172,1,3,356.6532976900697,364.9729736776376,0,0,0,0,0,0,43220520,3184344
high_success,14,16,4,20260810,24,1,1,1,0,0,1,66,38,1,1,329.59581165515885,329.40740687148184,0,0,0,2536444,462179,0,60665256,4471632
high_success,14,16,4,20260810,25,1,1,1,0,0,1,58,102,1,2,323.69010880759095,362.3792411478169,0,0,0,2957481,530439,0,53320104,3929616
high_success,14,16,4,20260810,26,1,1,1,0,0,1,179,46,3,1,521.6993816857919,454.9033375519107,0,0,0,3811471,667491,0,164415528,12127608
high_success,14,16,4,20260810,27,1,1,1,0,0,1,56,71,1,1,367.95742112817027,359.53289445473746,0,0,0,0,0,0,51483816,3794112
high_success,14,16,4,20260810,28,1,1,1,0,0,1,45,30,1,1,387.6062702116176,382.2633596771818,0,0,0,0,0,0,41384232,3048840
high_success,14,16,4,20260810,29,1,1,1,0,0,1,118,182,2,3,341.50032524329924,329.53295071902664,0,0,0,0,0,0,108408744,7994736
high_success,14,16,4,20260810,30,1,1,1,0,0,1,102,56,2,1,274.0383851707942,316.8858096154092,0,0,0,9813095,1654778,0,93718440,6910704
high_success,14,16,4,20260810,31,1,1,1,0,0,1,119,135,2,2,337.2139804370564,311.6635102448413,0,0,0,11607492,1951562,0,109326888,8062488
high_success,14,16,4,20260810,32,1,1,1,0,0,1,31,53,1,1,342.511195653736,336.8729348425182,0,0,0,0,0,0,28530216,2100312
high_success,14,16,4,20260810,33,1,1,1,0,0,1,784,123,13,2,371.46208276537504,361.8619357840276,0,0,0,4899857,853039,0,719892648,53117568
high_success,14,16,4,20260810,34,1,1,1,0,0,1,320,117,5,2,456.2904077873641,446.2644175823433,0,0,0,0,0,0,293873832,21680640
high_success,14,16,4,20260810,35,1,1,1,0,0,1,106,285,2,5,277.9291029275699,273.0382634158195,0,0,0,13786694,2326915,0,97391016,7181712
high_success,14,16,4,20260810,36,1,1,1,0,0,1,47,53,1,1,268.9787330744349,250.8665973388951,0,0,0,1438213,275631,0,43220520,3184344
high_success,14,16,4,20260810,37,1,1,1,0,0,1,31,59,1,1,267.84315739772256,267.53696967202205,0,0,0,0,0,0,28530216,2100312
high_success,14,16,4,20260810,38,1,1,1,0,0,1,33,53,1,1,237.64900335488142,229.84136838532922,0,0,0,0,0,0,30366504,2235816
high_success,14,16,4,20260810,39,1,1,1,0,0,1,94,102,2,2,305.319556079215,324.2111113507683,0,0,0,454381,102741,0,86373288,6368688
high_success,14,16,4,20260810,40,1,1,1,0,0,1,116,40,2,1,329.2713778472756,326.0938743027125,0,0,0,13155979,2207877,0,106572456,7859232
high_success,14,16,4,20260810,41,1,1,1,0,0,1,48,47,1,1,411.1589156833457,414.1220672936548,0,0,0,1153435,226925,0,44138664,3252096
high_success,14,16,4,20260810,42,1,1,1,0,0,1,110,77,2,1,338.9824394709004,313.781327162606,0,0,0,11365392,1912280,0,101063592,7452720
high_success,14,16,4,20260810,43,1,1,1,0,0,1,58,64,1,1,260.6769847589577,262.60925398697077,0,0,0,8940531,1512696,0,53320104,3929616
high_success,14,16,4,20260810,44,1,1,1,0,0,1,19,45,1,1,275.70253975706356,255.72671260162355,0,0,0,0,0,0,17512488,1287288
high_success,14,16,4,20260810,45,1,1,1,0,0,1,417,406,7,7,387.8944423394401,363.0352069008299,0,0,0,6491795,1148099,0,382933800,28252584
high_success,14,16,4,20260810,46,1,1,1,0,0,1,29,101,1,2,361.7899303075512,437.0346116964404,0,0,0,0,0,0,26693928,1964808
high_success,14,16,4,20260810,47,1,1,1,0,0,1,32,33,1,1,339.42244533667645,342.78686840627927,0,0,0,0,0,0,29448360,2168064
high_success,14,16,4,20260810,48,1,1,1,0,0,1,353,237,6,4,430.2256441256991,437.8510322984505,0,0,0,0,0,0,324172584,23916456
high_success,14,16,4,20260810,49,1,1,1,0,0,1,127,76,2,1,506.1194654203407,448.08846717470544,0,0,0,2188617,409795,0,116672040,8604504
high_success,14,16,4,20260810,50,1,1,1,0,0,1,50,55,1,1,391.48906460255336,395.7961896283625,0,0,0,1705851,323938,0,45974952,3387600
high_success,14,16,4,20260810,51,1,1,1,0,0,1,80,80,1,1,307.78982886571316,297.52844471568017,0,0,0,9156144,1549247,0,73519272,5420160
high_success,14,16,4,20260810,52,1,1,1,0,0,1,29,35,1,1,287.9972191539217,296.87532721841785,0,0,0,0,0,0,26693928,1964808
high_success,14,16,4,20260810,53,1,1,1,0,0,1,104,43,2,1,248.2648193699033,301.34068782367393,0,0,0,10798296,1821632,0,95554728,7046208
high_success,14,16,4,20260810,54,1,1,1,0,0,1,55,111,1,2,377.9662967764704,332.5778270436096,0,0,0,432,232,0,50565672,3726360
high_success,14,16,4,20260810,55,1,1,1,0,0,1,120,109,2,2,331.21630183335895,363.0354105325575,0,0,0,15679157,2621561,0,110245032,8130240
high_success,14,16,4,20260810,56,1,1,1,0,0,1,45,60,1,1,350.421304581026,331.9440597036099,0,0,0,0,0,0,41384232,3048840
high_success,14,16,4,20260810,57,1,1,1,0,0,1,55,49,1,1,297.04059847088024,311.7728096435494,0,0,0,10670,3030,0,50565672,3726360
high_success,14,16,4,20260810,58,1,1,1,0,0,1,132,139,2,2,360.12514936581204,374.7382704206857,0,0,0,10105326,1706406,0,121262760,8943264
high_success,14,16,4,20260810,59,1,1,1,0,0,1,41,75,1,1,335.111053047567,356.13584076258337,0,0,0,0,0,0,37711656,2777832
high_success,14,16,4,20260810,60,1,1,1,0,0,1,836,546,14,9,380.27268702970287,352.88977024211886,0,0,0,13827756,2316556,0,767636136,56640672
high_success,14,16,4,20260810,61,1,1,1,0,0,1,109,114,2,2,405.1737118187938,429.8016892800439,0,0,0,0,0,0,100145448,7384968
high_success,14,16,4,20260810,62,1,1,1,0,0,1,106,117,2,2,377.87295592859857,369.68287716787245,0,0,0,10635454,1791667,0,97391016,7181712
high_success,14,16,4,20260810,63,1,1,1,0,0,1,103,53,2,1,307.2189773423099,288.20036780516136,0,0,0,5572768,960107,0,94636584,6978456
high_success,14,16,4,20260810,64,1,1,1,0,0,1,110,26,2,1,392.4208936006505,346.8799249825793,0,0,0,0,0,0,101063592,7452720
high_success,14,16,4,20260810,65,1,1,1,0,0,1,119,131,2,2,397.74181829473116,385.0217409706862,0,0,0,104603,20110,0,109326888,8062488
high_success,14,16,4,20260810,66,1,1,1,0,0,1,96,69,2,1,319.4371149273916,325.4911188082316,0,0,0,8287353,1407292,0,88209576,6504192
high_success,14,16,4,20260810,67,1,1,1,0,0,1,75,40,1,1,395.88446168207497,377.30150944445603,0,0,0,4096163,715223,0,68928552,5081400
high_success,14,16,4,20260810,68,1,1,1,0,0,1,490,170,8,3,379.6530251853701,369.2061704712322,0,0,0,10310914,1772713,0,449958312,33198480
high_success,14,16,4,20260810,69,1,1,1,0,0,1,50,37,1,1,366.1870909689427,369.11869570514153,0,0,0,1331269,257586,0,45974952,3387600
high_success,14,16,4,20260810,70,1,1,1,0,0,1,412,226,7,4,477.11361864435975,476.1246533791149,0,0,0,5906582,1000204,0,378343080,27913824
high_success,14,16,4,20260810,71,1,1,1,0,0,1,25,106,1,2,320.41158200524353,374.8179136462761,0,0,0,0,0,0,23021352,1693800
high_success,14,16,4,20260810,72,1,1,1,0,0,1,39,69,1,1,291.5410590126605,330.7976878621055,0,0,0,0,0,0,35875368,2642328
high_success,14,16,4,20260810,73,1,1,1,0,0,1,122,109,2,2,380.27180706655304,373.41741947891063,0,0,0,0,0,0,112081320,8265744
high_success,14,16,4,20260810,74,1,1,1,0,0,1,175,291,3,5,415.8488883832283,405.14488261985093,0,0,0,2458803,448507,0,160742952,11856600
high_success,14,16,4,20260810,75,1,1,1,0,0,1,77,56,1,1,321.88166485712554,312.12695170219,0,0,0,202489,47087,0,70764840,5216904
high_success,14,16,4,20260810,76,1,1,1,0,0,1,107,30,2,1,392.6657010928731,383.3539885794074,0,0,0,3966590,696965,0,98309160,7249464
high_success,14,16,4,20260810,77,1,1,1,0,0,1,229,112,4,2,461.76306260532436,401.2254323164161,0,0,0,0,0,0,210322728,15515208
high_success,14,16,4,20260810,78,1,1,1,0,0,1,107,101,2,2,404.28856089198104,377.9266729187573,0,0,0,11778157,1977512,0,98309160,7249464
high_success,14,16,4,20260810,79,1,1,1,0,0,1,432,76,7,1,504.7522575511937,442.7207063561003,0,0,0,273358,59317,0,396705960,29268864
high_success,14,16,4,20260810,80,1,1,1,0,0,0,602,68,10,1,493.91254052956634,438.1456061464654,0,0,0,0,0,0,552790440,40786704
high_success,14,16,4,20260810,81,1,1,1,0,0,1,78,543,1,9,365.8579190843311,403.4748641600306,0,0,0,11431405,1925483,0,71682984,5284656
high_success,14,16,4,20260810,82,1,1,1,0,0,1,66,71,1,1,410.9983349571086,379.3965932517508,0,0,0,2470302,451393,0,60665256,4471632
high_success,14,16,4,20260810,83,1,1,1,0,0,1,45,40,1,1,325.4916677856065,374.1675138213759,0,0,0,0,0,0,41384232,3048840
high_success,14,16,4,20260810,84,1,1,1,0,0,1,110,117,2,2,369.94414379525244,384.9236891632781,0,0,0,688940,147103,0,101063592,7452720
high_success,14,16,4,20260810,85,1,1,1,0,0,1,55,70,1,1,321.91490795623884,317.79594810637764,0,0,0,23435,5822,0,50565672,3726360
high_success,14,16,4,20260810,86,1,1,1,0,0,1,346,43,6,1,396.87632339094796,358.18813971257424,0,0,0,4204,1352,0,317745576,23442192
high_success,14,16,4,20260810,87,1,1,1,0,0,1,253,126,4,2,424.27887815254394,394.8517439135003,0,0,0,0,0,0,232358184,17141256
high_success,14,16,4,20260810,88,1,1,1,0,0,1,25,21,1,1,292.5168076348516,277.4466289485322,0,0,0,0,0,0,23021352,1693800
high_success,14,16,4,20260810,89,1,1,1,0,0,1,72,35,1,1,335.376315386423,337.70771190579063,0,0,0,5360159,931913,0,66174120,4878144
high_success,14,16,4,20260810,90,1,1,1,0,0,1,51,224,1,4,365.6412040529278,374.78636109249067,0,0,0,257708,55847,0,46893096,3455352
high_success,14,16,4,20260810,91,1,1,1,0,0,1,1298,276,22,5,398.5274771236991,404.02655543807384,0,0,0,6224256,1068034,0,1191818664,87942096
high_success,14,16,4,20260810,92,1,1,1,0,0,1,220,170,4,3,399.58508146549093,370.8172598009853,0,0,0,10614629,1786224,0,202059432,14905440
high_success,14,16,4,20260810,93,1,1,1,0,0,1,65,114,1,2,334.54466206311764,358.9843934074316,0,0,0,3597553,639274,0,59747112,4403880
high_success,14,16,4,20260810,94,1,1,1,0,0,1,1485,218,25,4,404.54458404156964,401.77173873986584,0,0,0,0,0,0,1363511592,100611720
high_success,14,16,4,20260810,95,1,1,1,0,0,1,74,36,1,1,297.01867454418186,338.4692831578903,0,0,0,134359,29949,0,68010408,5013648
high_success,14,16,4,20260810,96,1,1,1,0,0,1,117,112,2,2,336.5162982787516,338.34795378474746,0,0,0,13797625,2320410,0,107490600,7926984
high_success,14,16,4,20260810,97,1,1,1,0,0,1,28,31,1,1,331.78832370915063,325.3325524995467,0,0,0,0,0,0,25775784,1897056
high_success,14,16,4,20260810,98,1,1,1,0,0,1,47,116,1,2,439.9760403243074,376.5058026741401,0,0,0,56,40,0,43220520,3184344
high_success,14,16,4,20260810,99,1,1,1,0,0,1,54,52,1,1,369.35273147958776,314.6359105696715,0,0,0,526964,108599,0,49647528,3658608
high_success,14,16,4,20260810,100,1,1,1,0,0,1,56,49,1,1,336.4107142821904,340.4576687957615,0,0,0,86236,18505,0,51483816,3794112
high_success,14,16,4,20260810,101,1,1,1,0,0,1,51,123,1,2,415.9579118687496,408.4560342044556,0,0,0,461,165,0,46893096,3455352
high_success,14,16,4,20260810,102,1,1,1,0,0,1,101,140,2,2,337.4314982021621,319.6694749028326,0,0,0,13266323,2225826,0,92800296,6842952
high_success,14,16,4,20260810,103,1,1,1,0,0,1,179,135,3,2,426.3418305890059,416.133758157142,0,0,0,3517670,635430,0,164415528,12127608
high_success,14,16,4,20260810,104,1,1,1,0,0,1,59,114,1,2,321.1366556994212,324.3184059715014,0,0,0,1012499,212292,0,54238248,3997368
high_success,14,16,4,20260810,105,1,1,1,0,0,1,72,120,1,2,317.45402775728394,344.4991009536021,0,0,0,12140,4015,0,66174120,4878144
high_success,14,16,4,20260810,106,1,1,1,0,0,1,288,104,5,2,287.6935790862406,285.9736201481203,0,0,0,17632325,2940939,0,264493224,19512576
high_success,14,16,4,20260810,107,1,1,1,0,0,1,64,259,1,4,391.32215003937597,472.84246446828183,0,0,0,3175034,576270,0,58828968,4336128
high_success,14,16,4,20260810,108,1,1,1,0,0,1,51,60,1,1,310.15487482723034,302.75640261136914,0,0,0,2744280,497229,0,46893096,3455352
high_success,14,16,4,20260810,109,1,1,1,0,0,1,124,98,2,2,338.273635586895,341.84228029308736,0,0,0,2528573,464671,0,113917608,8401248
high_success,14,16,4,20260810,110,1,1,1,0,0,1,109,109,2,2,451.84719662429995,426.7136279126988,0,0,0,11026982,1861668,0,100145448,7384968
high_success,14,16,4,20260810,111,1,1,1,0,0,1,313,66,5,1,391.5678523611366,355.55023423300537,0,0,0,6414441,1114135,0,287446824,21206376
high_success,14,16,4,20260810,112,1,1,1,0,0,1,71,40,1,1,357.04218189447477,357.1887006911105,0,0,0,2182606,405362,0,65255976,4810392
high_success,14,16,4,20260810,113,1,1,1,0,0,1,30,72,1,1,278.56803548084486,274.4089725095023,0,0,0,0,0,0,27612072,2032560
high_success,14,16,4,20260810,114,1,1,1,0,0,1,21,45,1,1,280.1410712738771,317.693172137837,0,0,0,0,0,0,19348776,1422792
high_success,14,16,4,20260810,115,1,1,1,0,0,1,74,140,1,2,415.98568841664854,436.7000103733625,0,0,0,3114236,558980,0,68010408,5013648
high_success,14,16,4,20260810,116,1,1,1,0,0,1,26,75,1,1,306.9698903663811,300.2975194843653,0,0,0,0,0,0,23939496,1761552
high_success,14,16,4,20260810,117,1,1,1,0,0,1,100,105,2,2,325.51235684115613,321.32770507539726,0,0,0,10906712,1836722,0,91882152,6775200
high_success,14,16,4,20260810,118,1,1,1,0,0,1,230,74,4,1,442.4908530501509,391.1073638922978,0,0,0,0,0,0,211240872,15582960
high_success,14,16,4,20260810,119,1,1,1,0,0,1,58,38,1,1,323.2817376809637,328.15953658715415,0,0,0,4319115,753893,0,53320104,3929616
high_success,14,16,4,20260810,120,1,1,1,0,0,1,176,113,3,2,426.991825850587,415.5100989714974,0,0,0,11926908,2003493,0,161661096,11924352
high_success,14,16,4,20260810,121,1,1,1,0,0,1,115,122,2,2,334.0617537358313,335.46566986856965,0,0,0,7474780,1273688,0,105654312,7791480
high_success,14,16,4,20260810,122,1,1,1,0,0,1,30,47,1,1,265.1295361278866,258.0553975158233,0,0,0,0,0,0,27612072,2032560
high_success,14,16,4,20260810,123,1,1,1,0,0,1,53,234,1,4,265.9838075018389,280.2042742860628,0,0,0,193651,48986,0,48729384,3590856
high_success,14,16,4,20260810,124,1,1,1,0,0,1,41,98,1,2,380.2973655884095,408.7139233859103,0,0,0,0,0,0,37711656,2777832
high_success,14,16,4,20260810,125,1,1,1,0,0,1,43,98,1,2,302.04750776657295,303.786761281438,0,0,0,7326,2022,0,39547944,2913336
high_success,14,16,4,20260810,126,1,1,1,0,0,1,116,42,2,1,432.7864605495205,399.09777374810454,0,0,0,9040197,1529679,0,106572456,7859232
high_success,14,16,4,20260810,127,1,1,1,0,0,1,26,36,1,1,362.5627157712985,362.8503977501174,0,0,0,0,0,0,23939496,1761552
high_success,14,16,4,20260811,0,1,1,1,0,0,1,38,23,1,1,262.72411758213116,261.68615331602274,0,0,0,9,6,0,34957224,2574576
high_success,14,16,4,20260811,1,1,1,1,0,0,1,770,114,13,2,355.43913549654997,366.01236679438296,0,0,0,7396200,1263231,0,707038632,52169040
high_success,14,16,4,20260811,2,1,1,1,0,0,1,51,42,1,1,301.131114823069,294.2185566821802,0,0,0,4295944,749956,0,46893096,3455352
high_success,14,16,4,20260811,3,1,1,1,0,0,1,45,67,1,1,346.12024981797845,353.26896681233745,0,0,0,0,0,0,41384232,3048840
high_success,14,16,4,20260811,4,1,1,1,0,0,1,196,164,3,3,291.36161576113136,278.62412935208556,0,0,0,4150,1272,0,180023976,13279392
high_success,14,16,4,20260811,5,1,1,1,0,0,1,101,111,2,2,332.366528933735,319.2250534899358,0,0,0,9867936,1696034,0,92800296,6842952
high_success,14,16,4,20260811,6,1,1,1,0,0,1,21,39,1,1,270.52824890805505,270.71011490720934,0,0,0,0,0,0,19348776,1422792
high_success,14,16,4,20260811,7,1,1,1,0,0,1,78,44,1,1,373.69719295653067,354.59961064814166,0,0,0,9281564,1576616,0,71682984,5284656
high_success,14,16,4,20260811,8,1,1,1,0,0,1,113,53,2,1,275.84848200156875,259.0367073774198,0,0,0,8729697,1487309,0,103818024,7655976
high_success,14,16,4,20260811,9,1,1,1,0,0,1,74,54,1,1,281.26795917260876,278.43563143091,0,0,0,9997844,1689231,0,68010408,5013648
high_success,14,16,4,20260811,10,1,1,1,0,0,1,32,20,1,1,278.2676039972531,273.38980541208946,0,0,0,6832,2019,0,29448360,2168064
high_success,14,16,4,20260811,11,1,1,1,0,0,1,73,27,1,1,334.53197140417876,362.8071293229601,0,0,0,13669,3839,0,67092264,4945896
high_success,14,16,4,20260811,12,1,1,1,0,0,1,227,22,4,1,283.48759117741406,246.07675295778228,0,0,0,7051819,1208834,0,208486440,15379704
high_success,14,16,4,20260811,13,1,1,1,0,0,1,165,158,3,3,404.50085971798546,409.484145853029,0,0,0,10714010,1809241,0,151561512,11179080
high_success,14,16,4,20260811,14,1,1,1,0,0,1,36,43,1,1,309.29812843956813,303.57451589685553,0,0,0,0,0,0,33120936,2439072
high_success,14,16,4,20260811,15,1,1,1,0,0,1,182,107,3,2,392.54771013505064,380.7811549955769,0,0,0,10765988,1814672,0,167169960,12330864
high_success,14,16,4,20260811,16,1,1,1,0,0,1,162,128,3,2,355.32499766505987,346.4042102159903,0,0,0,4513150,797984,0,148807080,10975824
high_success,14,16,4,20260811,17,1,1,1,0,0,1,66,31,1,1,310.8063991347773,346.2527171022018,0,0,0,5441900,940453,0,60665256,4471632
high_success,14,16,4,20260811,18,1,1,1,0,0,1,118,116,2,2,320.44636072857156,335.37330800540644,0,0,0,12933382,2169835,0,108408744,7994736
high_success,14,16,4,20260811,19,1,1,1,0,0,1,23,30,1,1,316.6001322510972,303.20585858318793,0,0,0,0,0,0,21185064,1558296
high_success,14,16,4,20260811,20,1,1,1,0,0,1,111,104,2,2,365.39111797753606,359.35442436160577,0,0,0,1107570,227525,0,101981736,7520472
high_success,14,16,4,20260811,21,1,1,1,0,0,1,121,99,2,2,364.2350830053698,329.6015043832722,0,0,0,1163032,231394,0,111163176,8197992
high_success,14,16,4,20260811,22,1,1,1,0,0,1,64,109,1,2,335.4195204053038,356.3490095761374,0,0,0,1068887,211715,0,58828968,4336128
high_success,14,16,4,20260811,23,1,1,1,0,0,1,107,61,2,1,364.091518181315,384.11386007372323,0,0,0,8938682,1512253,0,98309160,7249464
high_success,14,16,4,20260811,24,1,1,1,0,0,1,73,32,1,1,291.222054809026,284.95884668070124,0,0,0,9009103,1524710,0,67092264,4945896
high_success,14,16,4,20260811,25,1,1,1,0,0,1,130,168,2,3,350.81780957489093,338.76211380614234,0,0,0,11782624,1981913,0,119426472,8807760
high_success,14,16,4,20260811,26,1,1,1,0,0,1,1000,618,17,10,284.4960234703008,276.4866044001057,0,0,0,5679982,998745,0,918211752,67752000
high_success,14,16,4,20260811,27,1,1,1,0,0,1,132,106,2,2,323.53897858032826,332.51889089682777,0,0,0,10391079,1764268,0,121262760,8943264
high_success,14,16,4,20260811,28,1,1,1,0,0,1,159,165,3,3,343.56984381310554,349.49710117249276,0,0,0,3600647,641247,0,146052648,10772568
high_success,14,16,4,20260811,29,1,1,1,0,0,1,34,117,1,2,226.6341805350745,243.8058728967317,0,0,0,1370273,264453,0,31284648,2303568
high_success,14,16,4,20260811,30,1,1,1,0,0,1,31,52,1,1,332.15061678648215,324.71652505325994,0,0,0,0,0,0,28530216,2100312
high_success,14,16,4,20260811,31,1,1,1,0,0,1,57,75,1,1,394.7011525225419,375.5364773378419,0,0,0,36432,7937,0,52401960,3861864
high_success,14,16,4,20260811,32,1,1,1,0,0,1,23,133,1,2,215.4102062512727,215.00474153107203,0,0,0,0,0,0,21185064,1558296
high_success,14,16,4,20260811,33,1,1,1,0,0,1,39,36,1,1,336.1170316676389,342.53002907211555,0,0,0,0,0,0,35875368,2642328
high_success,14,16,4,20260811,34,1,1,1,0,0,1,67,173,1,3,329.3867908013183,358.9683919309658,0,0,0,10373870,1750017,0,61583400,4539384
high_success,14,16,4,20260811,35,1,1,1,0,0,1,30,30,1,1,288.0016818063665,269.9581235579127,0,0,0,18292,4263,0,27612072,2032560
high_success,14,16,4,20260811,36,1,1,1,0,0,1,56,32,1,1,308.31499240277907,300.17324228551905,0,0,0,7005292,1197158,0,51483816,3794112
high_success,14,16,4,20260811,37,1,1,1,0,0,1,60,125,1,2,399.8634866343296,428.9612520947321,0,0,0,3952526,697116,0,55156392,4065120
high_success,14,16,4,20260811,38,1,1,1,0,0,1,112,36,2,1,305.31626300186343,288.43313739685567,0,0,0,666,335,0,102899880,7588224
high_success,14,16,4,20260811,39,1,1,1,0,0,1,132,120,2,2,396.5256983209857,401.10480477693824,0,0,0,786,399,0,121262760,8943264
high_success,14,16,4,20260811,40,1,1,1,0,0,1,47,53,1,1,362.53686602792294,363.68787502535264,0,0,0,3006682,538514,0,43220520,3184344
high_success,14,16,4,20260811,41,1,1,1,0,0,1,125,102,2,2,392.11445129235733,390.4998128927117,0,0,0,5510425,956021,0,114835752,8469000
high_success,14,16,4,20260811,42,1,1,1,0,0,1,36,60,1,1,387.9954543801733,406.7639183814407,0,0,0,0,0,0,33120936,2439072
high_success,14,16,4,20260811,43,1,1,1,0,0,1,358,300,6,5,338.34063291580594,338.55967544705027,0,0,0,4579129,805243,0,328763304,24255216
high_success,14,16,4,20260811,44,1,1,1,0,0,1,38,43,1,1,327.6861491539229,328.58243128889956,0,0,0,0,0,0,34957224,2574576
high_success,14,16,4,20260811,45,1,1,1,0,0,1,110,71,2,1,358.26739343797703,321.5383792466405,0,0,0,0,0,0,101063592,7452720
high_success,14,16,4,20260811,46,1,1,1,0,0,1,100,105,2,2,301.61205853105434,274.70734965166196,0,0,0,430,200,0,91882152,6775200
high_success,14,16,4,20260811,47,1,1,1,0,0,1,25,126,1,2,247.78860179454477,248.35419830523938,0,0,0,0,0,0,23021352,1693800
high_success,14,16,4,20260811,48,1,1,1,0,0,1,119,113,2,2,350.729549071685,333.66925964845984,0,0,0,5973767,1027253,0,109326888,8062488
high_success,14,16,4,20260811,49,1,1,1,0,0,1,115,116,2,2,443.999994990939,430.8613325219013,0,0,0,217172,47510,0,105654312,7791480
high_success,14,16,4,20260811,50,1,1,1,0,0,1,37,40,1,1,387.9443357714109,338.86203200859416,0,0,0,12184,3121,0,34039080,2506824
high_success,14,16,4,20260811,51,1,1,1,0,0,1,482,463,8,8,488.2282760018959,487.77081105263545,0,0,0,3556377,629911,0,442613160,32656464
high_success,14,16,4,20260811,52,1,1,1,0,0,1,52,43,1,1,382.80360607743546,396.51550557266535,0,0,0,2131372,394104,0,47811240,3523104
high_success,14,16,4,20260811,53,1,1,1,0,0,1,36,22,1,1,303.91476913247425,276.7553707104807,0,0,0,4488,1279,0,33120936,2439072
high_success,14,16,4,20260811,54,1,1,1,0,0,1,105,75,2,1,282.07758972735314,272.321992557026,0,0,0,12067233,2026421,0,96472872,7113960
high_success,14,16,4,20260811,55,1,1,1,0,0,1,60,98,1,2,287.7967043305675,293.99859770668206,0,0,0,7521183,1282389,0,55156392,4065120
high_success,14,16,4,20260811,56,1,1,1,0,0,1,43,236,1,4,423.0388808782376,425.96343567582727,0,0,0,41293,9276,0,39547944,2913336
high_success,14,16,4,20260811,57,1,1,1,0,0,1,38,52,1,1,353.02400256085264,356.9096385066411,0,0,0,9,6,0,34957224,2574576
high_success,14,16,4,20260811,58,1,1,1,0,0,1,41,28,1,1,323.6594997170548,323.65861570166317,0,0,0,846518,169822,0,37711656,2777832
high_success,14,16,4,20260811,59,1,1,1,0,0,1,80,38,1,1,378.5582317248951,367.65063255029145,0,0,0,7369150,1265852,0,73519272,5420160
high_success,14,16,4,20260811,60,1,1,1,0,0,1,52,119,1,2,344.44423786503944,376.19998592574484,0,0,0,0,0,0,47811240,3523104
high_success,14,16,4,20260811,61,1,1,1,0,0,1,42,69,1,1,285.8554624869321,290.86281101221874,0,0,0,46,43,0,38629800,2845584
high_success,14,16,4,20260811,62,1,1,1,0,0,1,63,101,1,2,357.04138853092513,389.0790005728495,0,0,0,3050762,550891,0,57910824,4268376
high_success,14,16,4,20260811,63,1,1,1,0,0,1,103,77,2,1,412.1359163775751,398.6108258443763,0,0,0,88261,19543,0,94636584,6978456
high_success,14,16,4,20260811,64,1,1,1,0,0,1,41,28,1,1,303.6858328432943,310.0465618237163,0,0,0,786355,158439,0,37711656,2777832
high_success,14,16,4,20260811,65,1,1,1,0,0,1,66,59,1,1,422.47965912491935,446.40787169524174,0,0,0,0,0,0,60665256,4471632
high_success,14,16,4,20260811,66,1,1,1,0,0,1,56,58,1,1,331.3369314313147,348.662174946508,0,0,0,18915,4902,0,51483816,3794112
high_success,14,16,4,20260811,67,1,1,1,0,0,1,74,174,1,3,342.2232546798244,374.4618183297165,0,0,0,28768,6222,0,68010408,5013648
high_success,14,16,4,20260811,68,1,1,1,0,0,1,99,302,2,5,343.7111782192994,355.1451396287564,0,0,0,0,0,0,90964008,6707448
high_success,14,16,4,20260811,69,1,1,1,0,0,1,65,28,1,1,391.72253545393215,336.0161455999498,0,0,0,7625102,1297869,0,59747112,4403880
high_success,14,16,4,20260811,70,1,1,1,0,0,1,126,44,2,1,384.23114550524224,361.71391698533535,0,0,0,2500842,462862,0,115753896,8536752
high_success,14,16,4,20260811,71,1,1,1,0,0,1,25,50,1,1,310.01490580566326,308.7609740384013,0,0,0,0,0,0,23021352,1693800
high_success,14,16,4,20260811,72,1,1,1,0,0,1,41,45,1,1,352.84321601808324,345.5304999137636,0,0,0,0,0,0,37711656,2777832
high_success,14,16,4,20260811,73,1,1,1,0,0,1,25,39,1,1,310.44466236312,318.4108032467203,0,0,0,0,0,0,23021352,1693800
high_success,14,16,4,20260811,74,1,1,1,0,0,1,125,59,2,1,348.261598436808,337.42066115182286,0,0,0,7986760,1358064,0,114835752,8469000
high_success,14,16,4,20260811,75,1,1,1,0,0,1,52,120,1,2,342.8312505552352,389.25042487372843,0,0,0,3896921,689744,0,47811240,3523104
high_success,14,16,4,20260811,76,1,1,1,0,0,1,34,30,1,1,297.42338731005077,352.03910087719373,0,0,0,0,0,0,31284648,2303568
high_success,14,16,4,20260811,77,1,1,1,0,0,1,24,18,1,1,229.30055294741283,241.5944464028796,0,0,0,0,0,0,22103208,1626048
high_success,14,16,4,20260811,78,1,1,1,0,0,1,47,69,1,1,344.03162911500544,361.4175684384247,0,0,0,34612,7639,0,43220520,3184344
high_success,14,16,4,20260811,79,1,1,1,0,0,1,97,109,2,2,300.7559170726969,305.9887124414038,0,0,0,12932660,2172550,0,89127720,6571944
high_success,14,16,4,20260811,80,1,1,1,0,0,1,60,36,1,1,334.5720061584315,331.5864796614706,0,0,0,2019332,374221,0,55156392,4065120
high_success,14,16,4,20260811,81,1,1,1,0,0,1,49,29,1,1,325.8422271087139,300.3901199716811,0,0,0,0,0,0,45056808,3319848
high_success,14,16,4,20260811,82,1,1,1,0,0,1,123,172,2,3,366.54175547561056,355.38682341886033,0,0,0,7874292,1335294,0,112999464,8333496
high_success,14,16,4,20260811,83,1,1,1,0,0,1,44,54,1,1,315.3372443972505,310.17353174366633,0,0,0,451495,93504,0,40466088,2981088
high_success,14,16,4,20260811,84,1,1,1,0,0,1,112,254,2,4,345.9527377499671,357.89439804239316,0,0,0,2723905,493570,0,102899880,7588224
high_success,14,16,4,20260811,85,1,1,1,0,0,1,37,40,1,1,354.48362219517344,383.90614081849697,0,0,0,0,0,0,34039080,2506824
high_success,14,16,4,20260811,86,1,1,1,0,0,1,63,64,1,1,407.9533747461918,383.04052008604026,0,0,0,4340698,765927,0,57910824,4268376
high_success,14,16,4,20260811,87,1,1,1,0,0,1,112,70,2,1,336.96114960317635,331.162731670248,0,0,0,11927621,2009307,0,102899880,7588224
high_success,14,16,4,20260811,88,1,1,1,0,0,1,109,550,2,9,354.1444872600301,371.7421152554231,0,0,0,0,0,0,100145448,7384968
high_success,14,16,4,20260811,89,1,1,1,0,0,1,777,830,13,14,428.5364417843821,460.63652041949786,0,0,0,8592612,1440878,0,713465640,52643304
high_success,14,16,4,20260811,90,1,1,1,0,0,1,25,41,1,1,246.74639515316642,253.47111123484825,0,0,0,0,0,0,23021352,1693800
high_success,14,16,4,20260811,91,1,1,1,0,0,1,29,37,1,1,313.27848194620765,331.23690150020354,0,0,0,0,0,0,26693928,1964808
high_success,14,16,4,20260811,92,1,1,1,0,0,1,22,103,1,2,323.01129861190566,335.61138043512676,0,0,0,0,0,0,20266920,1490544
high_success,14,16,4,20260811,93,1,1,1,0,0,1,140,66,2,1,369.127642125812,351.92684948515307,0,0,0,13576581,2274617,0,128607912,9485280
high_success,14,16,4,20260811,94,1,1,1,0,0,1,45,48,1,1,383.1934849721052,439.6565307495067,0,0,0,104343,22198,0,41384232,3048840
high_success,14,16,4,20260811,95,1,1,1,0,0,1,78,101,1,2,359.5995543930811,374.82312330435013,0,0,0,7080113,1210980,0,71682984,5284656
high_success,14,16,4,20260811,96,1,1,1,0,0,1,173,108,3,2,371.5312499012854,341.73015014700286,0,0,0,0,0,0,158906664,11721096
high_success,14,16,4,20260811,97,1,1,1,0,0,1,64,54,1,1,317.60038182777305,367.11336014650004,0,0,0,6378474,1108901,0,58828968,4336128
high_success,14,16,4,20260811,98,1,1,1,0,0,1,286,117,5,2,362.4057575273758,365.69161511791134,0,0,0,1760892,330054,0,262656936,19377072
high_success,14,16,4,20260811,99,1,1,1,0,0,1,73,54,1,1,401.81585677116743,392.0068688151424,0,0,0,5365699,935374,0,67092264,4945896
high_success,14,16,4,20260811,100,1,1,1,0,0,1,181,32,3,1,361.7195496309361,312.9449007341063,0,0,0,11202603,1890158,0,166251816,12263112
high_success,14,16,4,20260811,101,1,1,1,0,0,1,102,49,2,1,298.5255275957883,292.88357011544406,0,0,0,8023079,1362828,0,93718440,6910704
high_success,14,16,4,20260811,102,1,1,1,0,0,1,56,61,1,1,335.6146327669585,338.4743410909629,0,0,0,72005,15785,0,51483816,3794112
high_success,14,16,4,20260811,103,1,1,1,0,0,1,118,120,2,2,421.0384147633931,426.3059854170224,0,0,0,7668819,1308285,0,108408744,7994736
high_success,14,16,4,20260811,104,1,1,1,0,0,1,37,60,1,1,273.02990079647054,272.1794481245644,0,0,0,0,0,0,34039080,2506824
high_success,14,16,4,20260811,105,1,1,1,0,0,1,40,117,1,2,364.3577439188772,392.7135461519895,0,0,0,0,0,0,36793512,2710080
high_success,14,16,4,20260811,106,1,1,1,0,0,1,112,52,2,1,298.40281075871593,297.3255901122037,0,0,0,12659251,2125290,0,102899880,7588224
high_success,14,16,4,20260811,107,1,1,1,0,0,1,23,25,1,1,213.4956104759808,204.39591662938196,0,0,0,0,0,0,21185064,1558296
high_success,14,16,4,20260811,108,1,1,1,0,0,1,38,47,1,1,289.8043487661604,286.587910591134,0,0,0,3030,996,0,34957224,2574576
high_success,14,16,4,20260811,109,1,1,1,0,0,1,64,124,1,2,352.74029533656517,371.72123039579793,0,0,0,2389607,436087,0,58828968,4336128
high_success,14,16,4,20260811,110,1,1,1,0,0,1,99,36,2,1,310.7735816093179,312.35982039569103,0,0,0,4890378,962315,0,90964008,6707448
high_success,14,16,4,20260811,111,1,1,1,0,0,1,66,40,1,1,381.6416946185137,357.2980446737748,0,0,0,308,169,0,60665256,4471632
high_success,14,16,4,20260811,112,1,1,1,0,0,1,49,52,1,1,335.79839561541064,390.49946123507516,0,0,0,4182,1282,0,45056808,3319848
high_success,14,16,4,20260811,113,1,1,1,0,0,1,96,30,2,1,342.1978463924362,338.4065030777366,0,0,0,8235264,1418286,0,88209576,6504192
high_success,14,16,4,20260811,114,1,1,1,0,0,1,45,26,1,1,261.2837441177988,272.05171740187177,0,0,0,86850,19414,0,41384232,3048840
high_success,14,16,4,20260811,115,1,1,1,0,0,1,167,114,3,2,391.6867908904345,404.911569149475,0,0,0,8912448,1509272,0,153397800,11314584
high_success,14,16,4,20260811,116,1,1,1,0,0,1,66,124,1,2,397.90112693060064,427.64881987145645,0,0,0,899518,180044,0,60665256,4471632
high_success,14,16,4,20260811,117,1,1,1,0,0,1,39,64,1,1,318.96539604475856,312.7013031787319,0,0,0,0,0,0,35875368,2642328
high_success,14,16,4,20260811,118,1,1,1,0,0,1,32,126,1,2,319.93059920173704,338.2026720968636,0,0,0,0,0,0,29448360,2168064
high_success,14,16,4,20260811,119,1,1,1,0,0,1,230,39,4,1,358.87986835485077,320.424143633766,0,0,0,12639567,2122545,0,211240872,15582960
high_success,14,16,4,20260811,120,1,1,1,0,0,1,67,45,1,1,334.9679760400351,356.1453893617876,0,0,0,10434,3330,0,61583400,4539384
high_success,14,16,4,20260811,121,1,1,1,0,0,1,127,61,2,1,335.88075799639535,335.6473857418423,0,0,0,9977749,1688425,0,116672040,8604504
high_success,14,16,4,20260811,122,1,1,1,0,0,1,26,60,1,1,315.1942089411042,306.48379780215,0,0,0,0,0,0,23939496,1761552
high_success,14,16,4,20260811,123,1,1,1,0,0,1,103,132,2,2,286.17265132620975,289.43694067605,0,0,0,10392422,1772040,0,94636584,6978456
high_success,14,16,4,20260811,124,1,1,1,0,0,1,76,32,1,1,270.6337442728104,265.08729418395114,0,0,0,3108213,569204,0,69846696,5149152
high_success,14,16,4,20260811,125,1,1,1,0,0,1,311,162,5,3,407.09405626335035,383.4224685236482,0,0,0,30092,6944,0,285610536,21070872
high_success,14,16,4,20260811,126,1,1,1,0,0,1,26,37,1,1,277.7583645471585,305.2522159346038,0,0,0,0,0,0,23939496,1761552
high_success,14,16,4,20260811,127,1,1,1,0,0,1,40,42,1,1,338.4100019830878,284.3700422064216,0,0,0,412,171,0,36793512,2710080
high_success,14,16,4,20260812,0,1,1,1,0,0,1,63,79,1,1,462.3679500667775,449.1026207827527,0,0,0,0,0,0,57910824,4268376
high_success,14,16,4,20260812,1,1,1,1,0,0,1,56,119,1,2,300.0744781913189,290.55958762242096,0,0,0,4989114,863570,0,51483816,3794112
high_success,14,16,4,20260812,2,1,1,1,0,0,1,111,44,2,1,222.00750911120832,259.31034793301,0,0,0,10883575,1830205,0,101981736,7520472
high_success,14,16,4,20260812,3,1,1,1,0,0,1,99,110,2,2,296.0951634574871,301.3608051517465,0,0,0,5814345,1006638,0,90964008,6707448
high_success,14,16,4,20260812,4,1,1,1,0,0,1,64,120,1,2,269.7750159285819,301.57195609161147,0,0,0,6185011,1055076,0,58828968,4336128
high_success,14,16,4,20260812,5,1,1,1,0,0,1,27,33,1,1,281.5412901945348,317.6230437752688,0,0,0,0,0,0,24857640,1829304
high_success,14,16,4,20260812,6,1,1,1,0,0,1,113,137,2,2,333.0731216973122,328.9334730880445,0,0,0,12053182,2018601,0,103818024,7655976
high_success,14,16,4,20260812,7,1,1,1,0,0,1,100,70,2,1,381.7800298261109,392.52711206289996,0,0,0,3203,942,0,91882152,6775200
high_success,14,16,4,20260812,8,1,1,1,0,0,1,79,31,1,1,265.802528683075,246.7856874977366,0,0,0,9521286,1609784,0,72601128,5352408
high_success,14,16,4,20260812,9,1,1,1,0,0,1,58,34,1,1,297.4822755189275,324.8132617403292,0,0,0,4102,1204,0,53320104,3929616
high_success,14,16,4,20260812,10,1,1,1,0,0,1,36,47,1,1,432.9327645503496,345.9602096469411,0,0,0,57720,12221,0,33120936,2439072
high_success,14,16,4,20260812,11,1,1,1,0,0,1,48,60,1,1,308.69037060448784,322.18673424165877,0,0,0,2266733,416098,0,44138664,3252096
high_success,14,16,4,20260812,12,1,1,1,0,0,1,103,119,2,2,367.75671504121453,382.3864141275789,0,0,0,8608896,1461209,0,94636584,6978456
high_success,14,16,4,20260812,13,1,1,1,0,0,1,180,25,3,1,346.3778712592064,349.7262556525371,0,0,0,12988019,2178059,0,165333672,12195360
high_success,14,16,4,20260812,14,1,1,1,0,0,1,288,191,5,3,373.465032663138,383.55289941233934,0,0,0,11752439,1975328,0,264493224,19512576
high_success,14,16,4,20260812,15,1,1,1,0,0,1,114,120,2,2,455.6199656997595,455.019893393934,0,0,0,22738,5928,0,104736168,7723728
high_success,14,16,4,20260812,16,1,1,1,0,0,1,71,106,1,2,406.79039514854117,436.40068016204793,0,0,0,170,108,0,65255976,4810392
high_success,14,16,4,20260812,17,1,1,1,0,0,1,55,62,1,1,417.9508542796515,307.67400898468645,0,0,0,2468489,451309,0,50565672,3726360
high_success,14,16,4,20260812,18,1,1,1,0,0,1,59,29,1,1,351.56754653064695,304.3994747079175,0,0,0,0,0,0,54238248,3997368
high_success,14,16,4,20260812,19,1,1,1,0,0,1,93,97,2,2,252.70504600686493,251.55215998719677,0,0,0,11112773,1882401,0,85455144,6300936
high_success,14,16,4,20260812,20,1,1,1,0,0,1,294,100,5,2,329.2042851679454,336.97342353268084,0,0,0,8069628,1374784,0,270002088,19919088
high_success,14,16,4,20260812,21,1,1,1,0,0,1,48,27,1,1,294.2752260965956,285.8117324354773,0,0,0,2713188,491447,0,44138664,3252096
high_success,14,16,4,20260812,22,1,1,1,0,0,1,113,107,2,2,344.43059350938887,361.7006785291277,0,0,0,11452185,1925960,0,103818024,7655976
high_success,14,16,4,20260812,23,1,1,1,0,0,1,34,128,1,2,343.78606172919956,356.89088526712146,0,0,0,4521,1444,0,31284648,2303568
high_success,14,16,4,20260812,24,1,1,1,0,0,1,227,54,4,1,385.18910221410727,377.4646839245512,0,0,0,0,0,0,208486440,15379704
high_success,14,16,4,20260812,25,1,1,1,0,0,1,126,72,2,1,373.39077017874376,364.68039472540465,0,0,0,15727929,2628020,0,115753896,8536752
high_success,14,16,4,20260812,26,1,1,1,0,0,1,78,65,1,1,350.9003271714365,355.747170472289,0,0,0,1911377,373438,0,71682984,5284656
high_success,14,16,4,20260812,27,1,1,1,0,0,1,64,128,1,2,353.37081316820087,380.64493138980094,0,0,0,21550,5501,0,58828968,4336128
high_success,14,16,4,20260812,28,1,1,1,0,0,1,48,39,1,1,318.86113231343415,353.9431353512151,0,0,0,196065,42232,0,44138664,3252096
high_success,14,16,4,20260812,29,1,1,1,0,0,1,110,52,2,1,255.01635343108396,251.91907119613376,0,0,0,0,0,0,101063592,7452720
high_success,14,16,4,20260812,30,1,1,1,0,0,1,79,106,1,2,341.5264165324227,363.0536653982483,0,0,0,0,0,0,72601128,5352408
high_success,14,16,4,20260812,31,1,1,1,0,0,1,615,495,10,8,424.82860944013225,421.1477047624355,0,0,0,6386115,1118836,0,564726312,41667480
high_success,14,16,4,20260812,32,1,1,1,0,0,1,41,25,1,1,268.698978019299,362.06867022508175,0,0,0,478628,100902,0,37711656,2777832
high_success,14,16,4,20260812,33,1,1,1,0,0,1,98,58,2,1,252.38913850830602,256.6280644331008,0,0,0,4443304,776921,0,90045864,6639696
high_success,14,16,4,20260812,34,1,1,1,0,0,1,57,104,1,2,297.11098381222905,312.184985240454,0,0,0,1257631,243572,0,52401960,3861864
high_success,14,16,4,20260812,35,1,1,1,0,0,1,76,46,1,1,284.4819591563455,266.1573807750202,0,0,0,14863390,2486951,0,69846696,5149152
high_success,14,16,4,20260812,36,1,1,1,0,0,1,48,57,1,1,319.1264419279268,324.8376051338517,0,0,0,2098093,386911,0,44138664,3252096
high_success,14,16,4,20260812,37,1,1,1,0,0,1,39,42,1,1,364.93185519048984,347.98468741770586,0,0,0,0,0,0,35875368,2642328
high_success,14,16,4,20260812,38,1,1,1,0,0,1,104,54,2,1,335.41215586789815,337.8433790388733,0,0,0,240539,51768,0,95554728,7046208
high_success,14,16,4,20260812,39,1,1,1,0,0,1,62,99,1,2,375.9832175134618,356.4863423998131,0,0,0,4463271,788186,0,56992680,4200624
high_success,14,16,4,20260812,40,1,1,1,0,0,1,69,32,1,1,290.29948752197254,278.1284823613233,0,0,0,129594,27914,0,63419688,4674888
high_success,14,16,4,20260812,41,1,1,1,0,0,1,51,29,1,1,309.5930517749787,352.60493227565496,0,0,0,26006,6338,0,46893096,3455352
high_success,14,16,4,20260812,42,1,1,1,0,0,1,56,67,1,1,279.4935281083118,278.4255791063981,0,0,0,116429,25244,0,51483816,3794112
high_success,14,16,4,20260812,43,1,1,1,0,0,1,72,46,1,1,357.095452852264,355.8190872690061,0,0,0,11101075,1873660,0,66174120,4878144
high_success,14,16,4,20260812,44,1,1,1,0,0,1,34,78,1,1,368.58666759845187,374.5109809590388,0,0,0,0,0,0,31284648,2303568
high_success,14,16,4,20260812,45,1,1,1,0,0,1,111,131,2,2,434.1437567961659,441.9378921014235,0,0,0,5778609,1008414,0,101981736,7520472
high_success,14,16,4,20260812,46,1,1,1,0,0,1,190,247,3,4,465.3902068479115,474.17603234350395,0,0,0,5636896,972621,0,174515112,12872880
high_success,14,16,4,20260812,47,1,1,1,0,0,1,178,104,3,2,424.5003717641943,394.21744121874576,0,0,0,6318282,1085487,0,163497384,12059856
high_success,14,16,4,20260812,48,1,1,1,0,0,1,42,40,1,1,274.30053556507403,300.62070260729524,0,0,0,64,41,0,38629800,2845584
high_success,14,16,4,20260812,49,1,1,1,0,0,1,94,78,2,1,363.518657169185,347.2896308504803,0,0,0,3965824,699663,0,86373288,6368688
high_success,14,16,4,20260812,50,1,1,1,0,0,1,26,104,1,2,307.57824953759626,334.65577203105414,0,0,0,0,0,0,23939496,1761552
high_success,14,16,4,20260812,51,1,1,1,0,0,1,45,73,1,1,337.1139218144792,341.6777989863979,0,0,0,686731,144718,0,41384232,3048840
high_success,14,16,4,20260812,52,1,1,1,0,0,1,100,35,2,1,302.20901464689024,307.5429861257976,0,0,0,9614674,1611763,0,91882152,6775200
high_success,14,16,4,20260812,53,1,1,1,0,0,1,56,114,1,2,366.81519431114884,333.1931792790813,0,0,0,136,93,0,51483816,3794112
high_success,14,16,4,20260812,54,1,1,1,0,0,1,55,110,1,2,321.891297417877,363.6403757966888,0,0,0,706512,140940,0,50565672,3726360
high_success,14,16,4,20260812,55,1,1,1,0,0,1,181,69,3,1,335.3891932822502,314.107895839221,0,0,0,8878705,1504306,0,166251816,12263112
high_success,14,16,4,20260812,56,1,1,1,0,0,1,241,125,4,2,356.2343148184245,352.17957298195813,0,0,0,275,134,0,221340456,16328232
high_success,14,16,4,20260812,57,1,1,1,0,0,1,97,105,2,2,354.68657174456166,364.5094843215385,0,0,0,9044594,1533180,0,89127720,6571944
high_success,14,16,4,20260812,58,1,1,1,0,0,1,20,40,1,1,302.2272797430102,304.479662280756,0,0,0,0,0,0,18430632,1355040
high_success,14,16,4,20260812,59,1,1,1,0,0,1,113,108,2,2,384.90425396152335,353.10381712068005,0,0,0,5698452,982056,0,103818024,7655976
high_success,14,16,4,20260812,60,1,1,1,0,0,1,113,71,2,1,292.041476745789,262.9480413860258,0,0,0,0,0,0,103818024,7655976
high_success,14,16,4,20260812,61,1,1,1,0,0,1,73,125,1,2,298.8275740128853,285.9258851484817,0,0,0,9367795,1590786,0,67092264,4945896
high_success,14,16,4,20260812,62,1,1,1,0,0,1,31,47,1,1,388.53257078519096,381.922652191224,0,0,0,0,0,0,28530216,2100312
high_success,14,16,4,20260812,63,1,1,1,0,0,1,111,43,2,1,350.81579895561583,337.6066590009679,0,0,0,67630,15846,0,101981736,7520472
high_success,14,16,4,20260812,64,1,1,1,0,0,1,70,102,1,2,402.66668348315534,416.58465945157536,0,0,0,10751,2943,0,64337832,4742640
high_success,14,16,4,20260812,65,1,1,1,0,0,1,48,70,1,1,343.36499118804716,338.7448027108578,0,0,0,7266,2098,0,44138664,3252096
high_success,14,16,4,20260812,66,1,1,1,0,0,1,78,111,1,2,395.093039689017,430.0539074783721,0,0,0,1749749,330185,0,71682984,5284656
high_success,14,16,4,20260812,67,1,1,1,0,0,1,105,165,2,3,380.69821215784657,395.2078362451818,0,0,0,1909176,356578,0,96472872,7113960
high_success,14,16,4,20260812,68,1,1,1,0,0,1,101,64,2,1,281.3145730339285,281.6750355607187,0,0,0,4800370,841829,0,92800296,6842952
high_success,14,16,4,20260812,69,1,1,1,0,0,1,50,56,1,1,383.52802642672305,397.2619157700177,0,0,0,118678,25191,0,45974952,3387600
high_success,14,16,4,20260812,70,1,1,1,0,0,1,169,419,3,7,362.42172350661167,367.7536879217008,0,0,0,10871616,1829777,0,155234088,11450088
high_success,14,16,4,20260812,71,1,1,1,0,0,1,64,39,1,1,397.84701286121003,390.8573419652499,0,0,0,4345154,763638,0,58828968,4336128
high_success,14,16,4,20260812,72,1,1,1,0,0,1,42,44,1,1,389.21092265829094,389.07129676776026,0,0,0,4,5,0,38629800,2845584
high_success,14,16,4,20260812,73,1,1,1,0,0,1,55,221,1,4,350.6306918941581,378.06667763547784,0,0,0,3494490,618186,0,50565672,3726360
high_success,14,16,4,20260812,74,1,1,1,0,0,1,38,30,1,1,253.0343551656244,260.9578441178303,0,0,0,0,0,0,34957224,2574576
high_success,14,16,4,20260812,75,1,1,1,0,0,1,98,59,2,1,383.76636746150535,365.05394629211105,0,0,0,3139802,571333,0,90045864,6639696
high_success,14,16,4,20260812,76,1,1,1,0,0,1,31,51,1,1,370.065257618161,376.04166870601057,0,0,0,0,0,0,28530216,2100312
high_success,14,16,4,20260812,77,1,1,1,0,0,1,98,58,2,1,361.8079487172216,324.72175459653465,0,0,0,13849365,2323630,0,90045864,6639696
high_success,14,16,4,20260812,78,1,1,1,0,0,1,786,586,13,10,456.21045186755964,466.4486473061885,0,0,0,9804,2433,0,721728936,53253072
high_success,14,16,4,20260812,79,1,1,1,0,0,1,57,97,1,2,307.86660286048357,311.9482806415891,0,0,0,5799158,996870,0,52401960,3861864
high_success,14,16,4,20260812,80,1,1,1,0,0,1,47,37,1,1,317.0576598174848,298.50540612419945,0,0,0,3584,1043,0,43220520,3184344
high_success,14,16,4,20260812,81,1,1,1,0,0,1,214,68,4,1,316.68532785736824,299.96964874497576,0,0,0,36,36,0,196550568,14498928
high_success,14,16,4,20260812,82,1,1,1,0,0,1,28,220,1,4,334.4343469083832,342.58442437355757,0,0,0,0,0,0,25775784,1897056
high_success,14,16,4,20260812,83,1,1,1,0,0,1,74,55,1,1,411.64906368028755,402.7061646231989,0,0,0,4338611,758897,0,68010408,5013648
high_success,14,16,4,20260812,84,1,1,1,0,0,1,15,53,1,1,322.98186855154944,377.5669192599738,0,0,0,0,0,0,13839912,1016280
high_success,14,16,4,20260812,85,1,1,1,0,0,1,40,45,1,1,351.16358490633706,345.3003757549662,0,0,0,1164,407,0,36793512,2710080
high_success,14,16,4,20260812,86,1,1,1,0,0,1,97,109,2,2,405.74153856502505,400.6738588686834,0,0,0,9634006,1627618,0,89127720,6571944
high_success,14,16,4,20260812,87,1,1,1,0,0,1,27,53,1,1,326.39629070078377,323.2065508985331,0,0,0,0,0,0,24857640,1829304
high_success,14,16,4,20260812,88,1,1,1,0,0,1,101,51,2,1,381.8878861381579,384.02556285709727,0,0,0,633359,130312,0,92800296,6842952
high_success,14,16,4,20260812,89,1,1,1,0,0,1,112,38,2,1,248.9699344476038,239.2152209716415,0,0,0,14665909,2451634,0,102899880,7588224
high_success,14,16,4,20260812,90,1,1,1,0,0,1,52,72,1,1,263.76156424198945,282.1951865832182,0,0,0,1100740,233572,0,47811240,3523104
high_success,14,16,4,20260812,91,1,1,1,0,0,1,121,50,2,1,367.70414078931015,329.46086475425113,0,0,0,3212605,586960,0,111163176,8197992
high_success,14,16,4,20260812,92,1,1,1,0,0,1,103,135,2,2,453.912655458033,415.40265593585866,0,0,0,822541,166039,0,94636584,6978456
high_success,14,16,4,20260812,93,1,1,1,0,0,1,163,38,3,1,352.1776289448086,330.19757033897815,0,0,0,0,0,0,149725224,11043576
high_success,14,16,4,20260812,94,1,1,1,0,0,1,78,40,1,1,316.4697051494902,337.4214679300435,0,0,0,9757495,1650776,0,71682984,5284656
high_success,14,16,4,20260812,95,1,1,1,0,0,1,45,42,1,1,292.30394970583535,296.82928429754514,0,0,0,0,0,0,41384232,3048840
high_success,14,16,4,20260812,96,1,1,1,0,0,1,122,59,2,1,350.36253926616297,336.27600247321385,0,0,0,13978114,2342099,0,112081320,8265744
high_success,14,16,4,20260812,97,1,1,1,0,0,1,136,172,2,3,337.80648984897925,343.87445395612934,0,0,0,4589811,799534,0,124935336,9214272
high_success,14,16,4,20260812,98,1,1,1,0,0,1,39,74,1,1,377.5641594654777,380.6717199695927,0,0,0,0,0,0,35875368,2642328
high_success,14,16,4,20260812,99,1,1,1,0,0,1,30,108,1,2,338.6416844353823,335.54348826111425,0,0,0,0,0,0,27612072,2032560
high_success,14,16,4,20260812,100,1,1,1,0,0,1,74,66,1,1,376.69174171649775,370.31910053239915,0,0,0,4192290,732851,0,68010408,5013648
high_success,14,16,4,20260812,101,1,1,1,0,0,1,111,57,2,1,383.8715159094222,378.59149632028857,0,0,0,7392880,1260835,0,101981736,7520472
high_success,14,16,4,20260812,102,1,1,1,0,0,1,47,112,1,2,365.10400826418027,390.3235924395173,0,0,0,0,0,0,43220520,3184344
high_success,14,16,4,20260812,103,1,1,1,0,0,1,37,55,1,1,355.3991680791694,323.4589040723753,0,0,0,0,0,0,34039080,2506824
high_success,14,16,4,20260812,104,1,1,1,0,0,1,28,18,1,1,354.6770214562565,343.3142640869343,0,0,0,0,0,0,25775784,1897056
high_success,14,16,4,20260812,105,1,1,1,0,0,1,108,25,2,1,337.64146530009356,322.5199914205882,0,0,0,536338,110908,0,99227304,7317216
high_success,14,16,4,20260812,106,1,1,1,0,0,1,38,44,1,1,398.5901052219425,388.049787359275,0,0,0,0,0,0,34957224,2574576
high_success,14,16,4,20260812,107,1,1,1,0,0,1,122,429,2,7,344.2554850674707,377.54866661621026,0,0,0,5465882,946713,0,112081320,8265744
high_success,14,16,4,20260812,108,1,1,1,0,0,1,139,121,2,2,449.0682882685461,420.2178196391223,0,0,0,5945116,1026017,0,127689768,9417528
high_success,14,16,4,20260812,109,1,1,1,0,0,1,159,101,3,2,341.34463397708714,350.3670888649941,0,0,0,12101346,2035429,0,146052648,10772568
high_success,14,16,4,20260812,110,1,1,1,0,0,1,30,20,1,1,178.17802723350303,178.17802723350303,0,0,0,1866,628,0,27612072,2032560
high_success,14,16,4,20260812,111,1,1,1,0,0,1,104,51,2,1,420.8443619814818,376.0040433953472,0,0,0,0,0,0,95554728,7046208
high_success,14,16,4,20260812,112,1,1,1,0,0,1,102,101,2,2,309.1133234979685,309.0712178576099,0,0,0,3746976,662161,0,93718440,6910704
high_success,14,16,4,20260812,113,1,1,1,0,0,1,123,132,2,2,422.7971549397122,418.6580975992166,0,0,0,0,0,0,112999464,8333496
high_success,14,16,4,20260812,114,1,1,1,0,0,1,60,68,1,1,363.80829372027057,369.4320986124225,0,0,0,1311865,258953,0,55156392,4065120
high_success,14,16,4,20260812,115,1,1,1,0,0,1,41,49,1,1,369.2667686103177,369.95991575074925,0,0,0,0,0,0,37711656,2777832
high_success,14,16,4,20260812,116,1,1,1,0,0,1,66,114,1,2,317.02132734980955,347.200119478386,0,0,0,1096118,222229,0,60665256,4471632
high_success,14,16,4,20260812,117,1,1,1,0,0,1,106,111,2,2,364.49415080970437,368.210189749381,0,0,0,0,0,0,97391016,7181712
high_success,14,16,4,20260812,118,1,1,1,0,0,1,166,199,3,3,417.74027356194654,406.9097690358745,0,0,0,11600170,1953963,0,152479656,11246832
high_success,14,16,4,20260812,119,1,1,1,0,0,1,28,101,1,2,327.1960132793296,338.71317621468023,0,0,0,0,0,0,25775784,1897056
high_success,14,16,4,20260812,120,1,1,1,0,0,1,79,45,1,1,388.7425127036904,335.5437562761291,0,0,0,11985757,2017945,0,72601128,5352408
high_success,14,16,4,20260812,121,1,1,1,0,0,1,113,231,2,4,389.964453324367,388.6452677231986,0,0,0,1240072,253679,0,103818024,7655976
high_success,14,16,4,20260812,122,1,1,1,0,0,1,133,36,2,1,340.0276178216095,337.59811436141854,0,0,0,4525129,792100,0,122180904,9011016
high_success,14,16,4,20260812,123,1,1,1,0,0,1,71,36,1,1,416.9448025914576,383.9097460023322,0,0,0,6202970,1066318,0,65255976,4810392
high_success,14,16,4,20260812,124,1,1,1,0,0,1,62,54,1,1,380.02069284891934,356.5403201415652,0,0,0,4870983,845813,0,56992680,4200624
high_success,14,16,4,20260812,125,1,1,1,0,0,1,188,119,3,2,449.085670787033,403.62284544764134,0,0,0,73,66,0,172678824,12737376
high_success,14,16,4,20260812,126,1,1,1,0,0,1,32,19,1,1,397.8533136028219,339.2612061845235,0,0,0,0,0,0,29448360,2168064
high_success,14,16,4,20260812,127,1,1,1,0,0,1,55,115,1,2,425.18770223926964,359.387095957704,0,0,0,1730229,326951,0,50565672,3726360
high_success,14,16,4,20260813,0,1,1,1,0,0,1,136,165,2,3,312.70194274520895,308.1863743965921,0,0,0,7118597,1218582,0,124935336,9214272
high_success,14,16,4,20260813,1,1,1,1,0,0,1,47,30,1,1,296.2905070963624,298.5420052976897,0,0,0,1028696,201874,0,43220520,3184344
high_success,14,16,4,20260813,2,1,1,1,0,0,1,53,33,1,1,386.07027405217974,385.9427237434696,0,0,0,0,0,0,48729384,3590856
high_success,14,16,4,20260813,3,1,1,1,0,0,1,59,105,1,2,300.7765497530751,312.5712331676559,0,0,0,5446060,941573,0,54238248,3997368
high_success,14,16,4,20260813,4,1,1,1,0,0,1,156,61,3,1,345.2845826784768,304.04711867103134,0,0,0,5499060,951477,0,143298216,10569312
high_success,14,16,4,20260813,5,1,1,1,0,0,1,121,139,2,2,262.3111955977498,249.56607245809073,0,0,0,14760810,2470673,0,111163176,8197992
high_success,14,16,4,20260813,6,1,1,1,0,0,1,241,162,4,3,371.26877208501054,354.79072445755526,0,0,0,13518946,2268645,0,221340456,16328232
high_success,14,16,4,20260813,7,1,1,1,0,0,1,19,43,1,1,307.2901367200921,394.19348589791986,0,0,0,0,0,0,17512488,1287288
high_success,14,16,4,20260813,8,1,1,1,0,0,1,77,36,1,1,364.8442487043315,344.2857940538105,0,0,0,3495774,630333,0,70764840,5216904
high_success,14,16,4,20260813,9,1,1,1,0,0,1,180,124,3,2,442.4175080535824,386.23228683626405,0,0,0,0,0,0,165333672,12195360
high_success,14,16,4,20260813,10,1,1,1,0,0,1,219,239,4,4,377.1457794692133,381.08887598273947,0,0,0,6747741,1158169,0,201141288,14837688
high_success,14,16,4,20260813,11,1,1,1,0,0,1,20,110,1,2,306.4298124422088,267.0102898671581,0,0,0,0,0,0,18430632,1355040
high_success,14,16,4,20260813,12,1,1,1,0,0,1,23,23,1,1,304.95523891322694,313.457789053994,0,0,0,0,0,0,21185064,1558296
high_success,14,16,4,20260813,13,1,1,1,0,0,1,33,60,1,1,336.4008644263488,363.217837609478,0,0,0,0,0,0,30366504,2235816
high_success,14,16,4,20260813,14,1,1,1,0,0,1,369,587,6,10,442.3928197444568,394.9892109608183,0,0,0,320183,70975,0,338862888,25000488
high_success,14,16,4,20260813,15,1,1,1,0,0,1,127,127,2,2,353.4910546923928,348.6132561072293,0,0,0,12401780,2082453,0,116672040,8604504
high_success,14,16,4,20260813,16,1,1,1,0,0,1,48,34,1,1,323.26665137131715,328.9926235346122,0,0,0,385054,80658,0,44138664,3252096
high_success,14,16,4,20260813,17,1,1,1,0,0,1,57,109,1,2,381.80290936006224,391.43325925704323,0,0,0,0,0,0,52401960,3861864
high_success,14,16,4,20260813,18,1,1,1,0,0,1,56,69,1,1,292.6934686125596,293.93170668474943,0,0,0,2777308,502394,0,51483816,3794112
high_success,14,16,4,20260813,19,1,1,1,0,0,1,27,118,1,2,364.0533727987027,394.76474266974066,0,0,0,0,0,0,24857640,1829304
high_success,14,16,4,20260813,20,1,1,1,0,0,1,113,46,2,1,331.02708458664836,350.9801852196015,0,0,0,4207858,739967,0,103818024,7655976
high_success,14,16,4,20260813,21,1,1,1,0,0,1,68,64,1,1,423.5341061750744,356.92669674010915,0,0,0,2514732,461525,0,62501544,4607136
high_success,14,16,4,20260813,22,1,1,1,0,0,1,71,40,1,1,329.32839236431755,341.1810528880711,0,0,0,2607305,477267,0,65255976,4810392
high_success,14,16,4,20260813,23,1,1,1,0,0,1,51,104,1,2,346.8631160052545,382.11955614487385,0,0,0,113479,24534,0,46893096,3455352
high_success,14,16,4,20260813,24,1,1,1,0,0,1,45,39,1,1,314.6359893857408,318.0890737533805,0,0,0,0,0,0,41384232,3048840
high_success,14,16,4,20260813,25,1,1,1,0,0,1,181,56,3,1,434.58623784330564,396.5143008047463,0,0,0,6789242,1170737,0,166251816,12263112
high_success,14,16,4,20260813,26,1,1,1,0,0,1,108,51,2,1,323.39376109097395,272.41389461076744,0,0,0,5450471,959450,0,99227304,7317216
high_success,14,16,4,20260813,27,1,1,1,0,0,1,33,20,1,1,276.07715901011966,337.9117540401326,0,0,0,85292,18196,0,30366504,2235816
high_success,14,16,4,20260813,28,1,1,1,0,0,1,114,75,2,1,293.55042773038144,281.4216208259206,0,0,0,1326915,261371,0,104736168,7723728
high_success,14,16,4,20260813,29,1,1,1,0,0,1,71,106,1,2,347.85696224591203,374.19926466223296,0,0,0,3862501,682162,0,65255976,4810392
high_success,14,16,4,20260813,30,1,1,1,0,0,1,74,138,1,2,393.9388886670388,434.46496160592807,0,0,0,3737967,665398,0,68010408,5013648
high_success,14,16,4,20260813,31,1,1,1,0,0,1,71,102,1,2,341.69174641359547,335.1084245742545,0,0,0,388622,84280,0,65255976,4810392
high_success,14,16,4,20260813,32,1,1,1,0,0,1,65,167,1,3,398.06700740843394,425.6841714477754,0,0,0,1041616,207396,0,59747112,4403880
high_success,14,16,4,20260813,33,1,1,1,0,0,1,55,60,1,1,379.548529931944,314.20750160102847,0,0,0,27,18,0,50565672,3726360
high_success,14,16,4,20260813,34,1,1,1,0,0,1,49,42,1,1,313.2742330863535,310.8515261137434,0,0,0,197293,43022,0,45056808,3319848
high_success,14,16,4,20260813,35,1,1,1,0,0,1,102,63,2,1,347.6891261561976,342.0030498557809,0,0,0,8119089,1381293,0,93718440,6910704
high_success,14,16,4,20260813,36,1,1,1,0,0,1,102,103,2,2,360.7635905198432,356.79835482952285,0,0,0,13962693,2336259,0,93718440,6910704
high_success,14,16,4,20260813,37,1,1,1,0,0,1,125,110,2,2,259.54186449431694,299.79069579247334,0,0,0,7105223,1215207,0,114835752,8469000
high_success,14,16,4,20260813,38,1,1,1,0,0,1,52,63,1,1,423.32501821820387,473.4929291223498,0,0,0,8069,2156,0,47811240,3523104
high_success,14,16,4,20260813,39,1,1,1,0,0,1,67,119,1,2,341.2262052362872,373.0434500639886,0,0,0,941,377,0,61583400,4539384
high_success,14,16,4,20260813,40,1,1,1,0,0,1,29,63,1,1,272.1564497715714,277.6947430404066,0,0,0,0,0,0,26693928,1964808
high_success,14,16,4,20260813,41,1,1,1,0,0,1,112,161,2,3,346.6028024179882,356.05822055713946,0,0,0,10204517,1732046,0,102899880,7588224
high_success,14,16,4,20260813,42,1,1,1,0,0,1,73,36,1,1,292.27485102141736,283.6048254271893,0,0,0,8246301,1403166,0,67092264,4945896
high_success,14,16,4,20260813,43,1,1,1,0,0,1,132,950,2,16,269.52005893287946,262.7252534312521,0,0,0,8700986,1482323,0,121262760,8943264
high_success,14,16,4,20260813,44,1,1,1,0,0,1,64,112,1,2,329.9626426975352,342.15994177065676,0,0,0,638180,133084,0,58828968,4336128
high_success,14,16,4,20260813,45,1,1,1,0,0,1,525,112,9,2,348.8807405339254,342.0849217336133,0,0,0,9549470,1615373,0,482093352,35569800
high_success,14,16,4,20260813,46,1,1,1,0,0,1,94,108,2,2,283.9563296535171,297.41649960085,0,0,0,7424790,1262384,0,86373288,6368688
high_success,14,16,4,20260813,47,1,1,1,0,0,1,70,33,1,1,349.41833801300163,303.3721958020355,0,0,0,7527256,1282103,0,64337832,4742640
high_success,14,16,4,20260813,48,1,1,1,0,0,1,58,67,1,1,384.88258888141934,377.2650130165206,0,0,0,123607,27905,0,53320104,3929616
high_success,14,16,4,20260813,49,1,1,1,0,0,1,346,654,6,11,403.11991688743626,405.4039575288251,0,0,0,32364,9073,0,317745576,23442192
high_success,14,16,4,20260813,50,1,1,1,0,0,1,40,65,1,1,345.53678834428666,332.54886373299667,0,0,0,15600,3987,0,36793512,2710080
high_success,14,16,4,20260813,51,1,1,1,0,0,1,59,39,1,1,305.632421506025,261.3928486981134,0,0,0,2507999,465053,0,54238248,3997368
high_success,14,16,4,20260813,52,1,1,1,0,0,1,66,44,1,1,286.176189006958,289.69835649100384,0,0,0,3488662,620347,0,60665256,4471632
high_success,14,16,4,20260813,53,1,1,1,0,0,1,115,173,2,3,424.03595928165436,393.8584488496718,0,0,0,10500040,1772155,0,105654312,7791480
high_success,14,16,4,20260813,54,1,1,1,0,0,1,43,103,1,2,320.76245513704424,333.24055171979523,0,0,0,6,7,0,39547944,2913336
high_success,14,16,4,20260813,55,1,1,1,0,0,1,43,26,1,1,293.59551555942437,294.5939667311917,0,0,0,660541,138357,0,39547944,2913336
high_success,14,16,4,20260813,56,1,1,1,0,0,1,238,137,4,2,381.2324107936596,379.13215707158315,0,0,0,791,466,0,218586024,16124976
high_success,14,16,4,20260813,57,1,1,1,0,0,1,42,97,1,2,367.6380698097053,346.8736164836162,0,0,0,634579,133295,0,38629800,2845584
high_success,14,16,4,20260813,58,1,1,1,0,0,1,62,115,1,2,378.6710961389345,418.6060125330745,0,0,0,1633,582,0,56992680,4200624
high_success,14,16,4,20260813,59,1,1,1,0,0,1,128,537,2,9,416.48753008616904,450.12906320882445,0,0,0,9208202,1609410,0,117590184,8672256
high_success,14,16,4,20260813,60,1,1,1,0,0,1,42,30,1,1,333.32182540367774,304.6898969539345,0,0,0,0,0,0,38629800,2845584
high_success,14,16,4,20260813,61,1,1,1,0,0,1,99,90,2,2,323.9537121294987,314.2536881683663,0,0,0,6407562,1097771,0,90964008,6707448
high_success,14,16,4,20260813,62,1,1,1,0,0,1,112,68,2,1,359.85691778127875,333.24186483229846,0,0,0,11570479,1945987,0,102899880,7588224
high_success,14,16,4,20260813,63,1,1,1,0,0,1,183,64,3,1,376.5736955404931,341.68610454286585,0,0,0,13487570,2259674,0,168088104,12398616
high_success,14,16,4,20260813,64,1,1,1,0,0,1,31,50,1,1,289.7162321068455,292.3425324906818,0,0,0,1721,740,0,28530216,2100312
high_success,14,16,4,20260813,65,1,1,1,0,0,1,28,135,1,2,257.1615435259091,272.67078361851384,0,0,0,3395,1103,0,25775784,1897056
high_success,14,16,4,20260813,66,1,1,1,0,0,1,104,76,2,1,382.85627196705553,376.14079954686486,0,0,0,6025699,1029011,0,95554728,7046208
high_success,14,16,4,20260813,67,1,1,1,0,0,1,108,110,2,2,333.13178786695215,335.8198286819658,0,0,0,0,0,0,99227304,7317216
high_success,14,16,4,20260813,68,1,1,1,0,0,1,60,69,1,1,284.0531234311235,286.4211312880408,0,0,0,13502,3431,0,55156392,4065120
high_success,14,16,4,20260813,69,1,1,1,0,0,1,28,20,1,1,280.00104368987314,271.7495234214058,0,0,0,8560,2566,0,25775784,1897056
high_success,14,16,4,20260813,70,1,1,1,0,0,1,51,46,1,1,358.3357700822818,362.12330579558125,0,0,0,2778907,502951,0,46893096,3455352
high_success,14,16,4,20260813,71,1,1,1,0,0,1,1564,526,26,9,467.6540102300153,463.34352218979245,0,0,0,5048228,858310,0,1436044968,105964128
high_success,14,16,4,20260813,72,1,1,1,0,0,1,104,113,2,2,284.40598070150764,319.3028860326692,0,0,0,4752918,830964,0,95554728,7046208
high_success,14,16,4,20260813,73,1,1,1,0,0,1,63,66,1,1,300.95782409948276,300.5574812877429,0,0,0,2366939,435112,0,57910824,4268376
high_success,14,16,4,20260813,74,1,1,1,0,0,1,46,37,1,1,344.7226028375244,371.52700407469126,0,0,0,0,0,0,42302376,3116592
high_success,14,16,4,20260813,75,1,1,1,0,0,1,62,102,1,2,311.0598987960736,305.5511981193787,0,0,0,30156,8847,0,56992680,4200624
high_success,14,16,4,20260813,76,1,1,1,0,0,1,37,24,1,1,242.9607474969524,244.45089977786057,0,0,0,7979,2031,0,34039080,2506824
high_success,14,16,4,20260813,77,1,1,1,0,0,1,106,167,2,3,431.6285471986719,443.6543913652894,0,0,0,0,0,0,97391016,7181712
high_success,14,16,4,20260813,78,1,1,1,0,0,1,59,45,1,1,318.52267416997347,324.9551268258796,0,0,0,2007403,373219,0,54238248,3997368
high_success,14,16,4,20260813,79,1,1,1,0,0,1,28,101,1,2,301.0663410319129,299.93196108015326,0,0,0,0,0,0,25775784,1897056
high_success,14,16,4,20260813,80,1,1,1,0,0,1,80,136,1,2,333.747179358654,336.62542355410795,0,0,0,2357511,432183,0,73519272,5420160
high_success,14,16,4,20260813,81,1,1,1,0,0,1,52,25,1,1,275.73362501900294,285.9414971385273,0,0,0,6114083,1049307,0,47811240,3523104
high_success,14,16,4,20260813,82,1,1,1,0,0,1,61,109,1,2,317.9857317631179,341.2865377153572,0,0,0,6503290,1115985,0,56074536,4132872
high_success,14,16,4,20260813,83,1,1,1,0,0,1,167,128,3,2,373.2923302785266,331.4860004212024,0,0,0,7639507,1301662,0,153397800,11314584
high_success,14,16,4,20260813,84,1,1,1,0,0,1,30,37,1,1,242.5003544043204,250.75211346302956,0,0,0,0,0,0,27612072,2032560
high_success,14,16,4,20260813,85,1,1,1,0,0,1,44,106,1,2,390.52954596370387,391.8703057097051,0,0,0,248720,53749,0,40466088,2981088
high_success,14,16,4,20260813,86,1,1,1,0,0,1,116,107,2,2,304.6350986188526,280.11412180627536,0,0,0,6013699,1073278,0,106572456,7859232
high_success,14,16,4,20260813,87,1,1,1,0,0,1,152,161,3,3,250.83395892740157,259.860127606676,0,0,0,10928641,1847189,0,139625640,10298304
high_success,14,16,4,20260813,88,1,1,1,0,0,1,28,91,1,2,307.5671217276113,292.13097824529143,0,0,0,0,0,0,25775784,1897056
high_success,14,16,4,20260813,89,1,1,1,0,0,1,69,47,1,1,375.8432311774419,381.53107550864195,0,0,0,1662,734,0,63419688,4674888
high_success,14,16,4,20260813,90,1,1,1,0,0,1,95,30,2,1,280.8301355257427,284.7813793513335,0,0,0,10110135,1704245,0,87291432,6436440
high_success,14,16,4,20260813,91,1,1,1,0,0,1,33,42,1,1,263.9181950742098,260.8548827750357,0,0,0,0,0,0,30366504,2235816
high_success,14,16,4,20260813,92,1,1,1,0,0,1,184,375,3,6,417.1839825511062,446.0983994107325,0,0,0,5538973,962751,0,169006248,12466368
high_success,14,16,4,20260813,93,1,1,1,0,0,1,28,27,1,1,318.2780739433674,277.4038351092961,0,0,0,0,0,0,25775784,1897056
high_success,14,16,4,20260813,94,1,1,1,0,0,1,36,35,1,1,324.98698064621385,295.044544278146,0,0,0,88815,18854,0,33120936,2439072
high_success,14,16,4,20260813,95,1,1,1,0,0,1,119,42,2,1,381.2253228691725,360.51243337075067,0,0,0,8192378,1392368,0,109326888,8062488
high_success,14,16,4,20260813,96,1,1,1,0,0,1,37,20,1,1,322.9638345013785,329.8917725814215,0,0,0,0,0,0,34039080,2506824
high_success,14,16,4,20260813,97,1,1,1,0,0,1,45,116,1,2,409.2584122017428,442.65850502818773,0,0,0,0,0,0,41384232,3048840
high_success,14,16,4,20260813,98,1,1,1,0,0,1,158,110,3,2,415.5749607136545,373.2580157286062,0,0,0,3963885,697224,0,145134504,10704816
high_success,14,16,4,20260813,99,1,1,1,0,0,1,31,162,1,3,344.93952255060947,371.9643204042568,0,0,0,0,0,0,28530216,2100312
high_success,14,16,4,20260813,100,1,1,1,0,0,1,108,43,2,1,354.7468509633181,316.7601794550043,0,0,0,7841399,1335772,0,99227304,7317216
high_success,14,16,4,20260813,101,1,1,1,0,0,1,24,17,1,1,251.2938370822915,259.27356483851827,0,0,0,0,0,0,22103208,1626048
high_success,14,16,4,20260813,102,1,1,1,0,0,1,527,38,9,1,367.9575000804583,353.7628845921156,0,0,0,7747910,1315749,0,483929640,35705304
high_success,14,16,4,20260813,103,1,1,1,0,0,1,166,105,3,2,370.578574499653,377.8171018137457,0,0,0,1590061,302611,0,152479656,11246832
high_success,14,16,4,20260813,104,1,1,1,0,0,1,257,590,4,10,414.9248613322186,371.60431270096217,0,0,0,4334582,758612,0,236030760,17412264
high_success,14,16,4,20260813,105,1,1,1,0,0,1,103,132,2,2,329.8569625428239,333.86867319213167,0,0,0,8161678,1384583,0,94636584,6978456
high_success,14,16,4,20260813,106,1,1,1,0,0,1,113,51,2,1,363.8694510804054,329.8174457674751,0,0,0,13089019,2191374,0,103818024,7655976
high_success,14,16,4,20260813,107,1,1,1,0,0,1,57,121,1,2,432.28989420784046,511.76929986513164,0,0,0,1677,580,0,52401960,3861864
high_success,14,16,4,20260813,108,1,1,1,0,0,1,30,33,1,1,283.30617820649775,242.11451747161775,0,0,0,0,0,0,27612072,2032560
high_success,14,16,4,20260813,109,1,1,1,0,0,1,1846,464,31,8,401.1166495640326,398.38268584059676,0,0,0,517499,105975,0,1694961576,125070192
high_success,14,16,4,20260813,110,1,1,1,0,0,1,114,68,2,1,408.49045600555405,367.9781547416666,0,0,0,9819629,1659127,0,104736168,7723728
high_success,14,16,4,20260813,111,1,1,1,0,0,1,515,612,9,10,310.5572500445711,335.02480134891584,0,0,0,14320942,2396770,0,472911912,34892280
high_success,14,16,4,20260813,112,1,1,1,0,0,1,73,52,1,1,385.53322980581197,380.11819525561873,0,0,0,8945796,1513820,0,67092264,4945896
high_success,14,16,4,20260813,113,1,1,1,0,0,1,223,49,4,1,250.901843442751,255.4725696447686,0,0,0,14847089,2484809,0,204813864,15108696
high_success,14,16,4,20260813,114,1,1,1,0,0,1,34,59,1,1,393.65782232731993,367.7920592632123,0,0,0,0,0,0,31284648,2303568
high_success,14,16,4,20260813,115,1,1,1,0,0,1,136,116,2,2,364.2163066007964,351.57580358970966,0,0,0,5464940,944348,0,124935336,9214272
high_success,14,16,4,20260813,116,1,1,1,0,0,1,136,91,2,2,315.62375088381543,295.7942115852386,0,0,0,2463511,453472,0,124935336,9214272
high_success,14,16,4,20260813,117,1,1,1,0,0,1,40,52,1,1,325.5338271747982,310.99807886397264,0,0,0,91341,20429,0,36793512,2710080
high_success,14,16,4,20260813,118,1,1,1,0,0,1,40,28,1,1,323.91576369930044,321.52925021588663,0,0,0,58164,12989,0,36793512,2710080
high_success,14,16,4,20260813,119,1,1,1,0,0,1,39,52,1,1,337.3092266541547,347.3831687824045,0,0,0,0,0,0,35875368,2642328
high_success,14,16,4,20260813,120,1,1,1,0,0,1,49,101,1,2,312.8594605080011,337.6184205046024,0,0,0,1084233,222246,0,45056808,3319848
high_success,14,16,4,20260813,121,1,1,1,0,0,1,55,290,1,5,437.16530709367737,468.9807837702102,0,0,0,0,0,0,50565672,3726360
high_success,14,16,4,20260813,122,1,1,1,0,0,1,41,61,1,1,283.49967044706113,286.53055185673327,0,0,0,0,0,0,37711656,2777832
high_success,14,16,4,20260813,123,1,1,1,0,0,1,34,53,1,1,298.378613105957,285.23713734113096,0,0,0,0,0,0,31284648,2303568
high_success,14,16,4,20260813,124,1,1,1,0,0,1,109,73,2,1,331.570346150089,317.967363033831,0,0,0,9071919,1535882,0,100145448,7384968
high_success,14,16,4,20260813,125,1,1,1,0,0,1,79,101,1,2,280.5453520498297,321.80563378649833,0,0,0,12778077,2154373,0,72601128,5352408
high_success,14,16,4,20260813,126,1,1,1,0,0,1,227,75,4,1,365.9467627659934,341.034180686038,0,0,0,4214217,737122,0,208486440,15379704
high_success,14,16,4,20260813,127,1,1,1,0,0,1,40,113,1,2,312.07016009676124,307.9068282163679,0,0,0,4,4,0,36793512,2710080
high_success,16,16,4,20260809,0,1,1,1,0,0,1,37,50,1,1,305.55001081021453,316.150507998773,0,0,0,0,0,0,34039080,2506824
high_success,16,16,4,20260809,1,1,1,1,0,0,1,51,54,1,1,301.4131020079944,295.8421562823993,0,0,0,0,0,0,46893096,3455352
high_success,16,16,4,20260809,2,1,1,1,0,0,1,74,49,1,1,390.05367717959547,376.9920874030173,0,0,0,3607479,637986,0,68010408,5013648
high_success,16,16,4,20260809,3,1,1,1,0,0,1,56,50,1,1,355.07409456717556,411.0690501344702,0,0,0,20041,4903,0,51483816,3794112
high_success,16,16,4,20260809,4,1,1,1,0,0,1,53,77,1,1,319.88950307662157,316.859506003368,0,0,0,0,0,0,48729384,3590856
high_success,16,16,4,20260809,5,1,1,1,0,0,1,125,61,2,1,304.55270525569,284.78755843446555,0,0,0,4617847,803053,0,114835752,8469000
high_success,16,16,4,20260809,6,1,1,1,0,0,1,94,97,2,2,320.7666021111063,290.8862795278997,0,0,0,0,0,0,86373288,6368688
high_success,16,16,4,20260809,7,1,1,1,0,0,1,56,57,1,1,357.31860687854106,345.37354468468345,0,0,0,1345836,258689,0,51483816,3794112
high_success,16,16,4,20260809,8,1,1,1,0,0,1,54,96,1,2,337.51386556784337,353.3943827468188,0,0,0,0,0,0,49647528,3658608
high_success,16,16,4,20260809,9,1,1,1,0,0,1,358,113,6,2,337.9432387724209,337.6555566732169,0,0,0,0,0,0,328763304,24255216
high_success,16,16,4,20260809,10,1,1,1,0,0,1,53,36,1,1,310.5067186071732,300.9064406211655,0,0,0,0,0,0,48729384,3590856
high_success,16,16,4,20260809,11,1,1,1,0,0,1,197,109,3,2,369.2094609750159,369.49244399825045,0,0,0,0,0,0,180942120,13347144
high_success,16,16,4,20260809,12,1,1,1,0,0,1,60,106,1,2,409.8993753164099,378.383950687313,0,0,0,0,0,0,55156392,4065120
high_success,16,16,4,20260809,13,1,1,1,0,0,1,102,477,2,8,409.5032470606791,462.0833092594942,0,0,0,11532731,1940154,0,93718440,6910704
high_success,16,16,4,20260809,14,1,1,1,0,0,1,39,74,1,1,423.85757918949764,345.5072850150399,0,0,0,0,0,0,35875368,2642328
high_success,16,16,4,20260809,15,1,1,1,0,0,1,308,109,5,2,362.03004006534695,344.4792779342199,0,0,0,82223,17448,0,282856104,20867616
high_success,16,16,4,20260809,16,1,1,1,0,0,1,107,106,2,2,405.3838160965488,416.9069244965026,0,0,0,3088384,551378,0,98309160,7249464
high_success,16,16,4,20260809,17,1,1,1,0,0,1,58,116,1,2,294.5323698581094,340.0324543479306,0,0,0,0,0,0,53320104,3929616
high_success,16,16,4,20260809,18,1,1,1,0,0,1,492,367,8,6,476.78920265961915,480.13675174531954,0,0,0,4492829,785710,0,451794600,33333984
high_success,16,16,4,20260809,19,1,1,1,0,0,1,41,55,1,1,375.8485716269149,357.5249128663397,0,0,0,0,0,0,37711656,2777832
high_success,16,16,4,20260809,20,1,1,1,0,0,1,74,99,1,2,295.8497901266065,291.7513747497878,0,0,0,6703318,1144042,0,68010408,5013648
high_success,16,16,4,20260809,21,1,1,1,0,0,1,26,43,1,1,271.03848372018774,274.81767044471906,0,0,0,0,0,0,23939496,1761552
high_success,16,16,4,20260809,22,1,1,1,0,0,1,40,108,1,2,320.50100238223763,322.68522182561094,0,0,0,0,0,0,36793512,2710080
high_success,16,16,4,20260809,23,1,1,1,0,0,1,124,112,2,2,393.1846833831027,379.7379039079678,0,0,0,18,10,0,113917608,8401248
high_success,16,16,4,20260809,24,1,1,1,0,0,1,249,63,4,1,326.9374486961258,302.67489240317093,0,0,0,6820441,1165534,0,228685608,16870248
high_success,16,16,4,20260809,25,1,1,1,0,0,1,245,110,4,2,265.05498214063607,245.84062319376295,0,0,0,1046667,204636,0,225013032,16599240
high_success,16,16,4,20260809,26,1,1,1,0,0,1,104,64,2,1,321.6488962727771,368.44346496315643,0,0,0,8070634,1370251,0,95554728,7046208
high_success,16,16,4,20260809,27,1,1,1,0,0,1,102,106,2,2,274.31587261226156,272.99131908360266,0,0,0,6683321,1143244,0,93718440,6910704
high_success,16,16,4,20260809,28,1,1,1,0,0,1,366,280,6,5,341.4698561049395,338.26973088999637,0,0,0,3940322,692649,0,336108456,24797232
high_success,16,16,4,20260809,29,1,1,1,0,0,1,132,37,2,1,336.9597954001817,361.0660008043983,0,0,0,430766,89474,0,121262760,8943264
high_success,16,16,4,20260809,30,1,1,1,0,0,1,56,45,1,1,335.8874928717877,334.80387685725094,0,0,0,0,0,0,51483816,3794112
high_success,16,16,4,20260809,31,1,1,1,0,0,1,22,54,1,1,275.3124962264201,281.4285332048003,0,0,0,0,0,0,20266920,1490544
high_success,16,16,4,20260809,32,1,1,1,0,0,1,52,68,1,1,334.1424512311711,355.35740079521946,0,0,0,694399,142065,0,47811240,3523104
high_success,16,16,4,20260809,33,1,1,1,0,0,1,130,71,2,1,359.56170564149977,347.96007531107284,0,0,0,4928710,851747,0,119426472,8807760
high_success,16,16,4,20260809,34,1,1,1,0,0,1,221,219,4,4,374.4997914474485,357.4694933281322,0,0,0,2959342,528874,0,202977576,14973192
high_success,16,16,4,20260809,35,1,1,1,0,0,1,64,117,1,2,412.50528973540565,414.9017858583601,0,0,0,0,0,0,58828968,4336128
high_success,16,16,4,20260809,36,1,1,1,0,0,1,113,113,2,2,408.75458951008255,413.991497947047,0,0,0,2877545,519087,0,103818024,7655976
high_success,16,16,4,20260809,37,0,0,0,0,1,1,1940,1066,32,18,,375.90166586652606,0,0,0,419931,86385,0,1781267112,131438880
high_success,16,16,4,20260809,38,1,1,1,0,0,1,107,121,2,2,427.36437362518814,413.8628949981056,0,0,0,0,0,0,98309160,7249464
high_success,16,16,4,20260809,39,1,1,1,0,0,1,75,35,1,1,336.89212124604023,346.645950385584,0,0,0,8061,2078,0,68928552,5081400
high_success,16,16,4,20260809,40,1,1,1,0,0,1,101,48,2,1,286.1034102335374,278.6305544268014,0,0,0,0,0,0,92800296,6842952
high_success,16,16,4,20260809,41,1,1,1,0,0,1,40,55,1,1,239.4027688953207,220.81232332305785,0,0,0,0,0,0,36793512,2710080
high_success,16,16,4,20260809,42,1,1,1,0,0,1,260,183,4,3,369.75094952032305,348.17049607957125,0,0,0,0,0,0,238785192,17615520
high_success,16,16,4,20260809,43,1,1,1,0,0,1,50,41,1,1,402.01405949414766,348.33280089578216,0,0,0,2462813,449882,0,45974952,3387600
high_success,16,16,4,20260809,44,1,1,1,0,0,1,40,34,1,1,384.61057828523064,387.93090982489014,0,0,0,0,0,0,36793512,2710080
high_success,16,16,4,20260809,45,1,1,1,0,0,1,169,29,3,1,277.70149992423546,244.10550153708377,0,0,0,8273227,1403419,0,155234088,11450088
high_success,16,16,4,20260809,46,1,1,1,0,0,1,40,118,1,2,392.36621478311866,430.56729962244316,0,0,0,0,0,0,36793512,2710080
high_success,16,16,4,20260809,47,1,1,1,0,0,1,165,154,3,3,317.92693615997996,300.01492801363406,0,0,0,10183358,1717645,0,151561512,11179080
high_success,16,16,4,20260809,48,1,1,1,0,0,1,49,112,1,2,392.6752934211929,377.7454500939423,0,0,0,0,0,0,45056808,3319848
high_success,16,16,4,20260809,49,1,1,1,0,0,1,51,42,1,1,326.4988095837539,372.69263280380574,0,0,0,0,0,0,46893096,3455352
high_success,16,16,4,20260809,50,1,1,1,0,0,1,29,45,1,1,312.3957280116331,307.0209460082193,0,0,0,0,0,0,26693928,1964808
high_success,16,16,4,20260809,51,1,1,1,0,0,1,46,35,1,1,270.88026360459173,302.69024565728876,0,0,0,0,0,0,42302376,3116592
high_success,16,16,4,20260809,52,1,1,1,0,0,1,42,33,1,1,252.36892901675873,255.01196803964532,0,0,0,0,0,0,38629800,2845584
high_success,16,16,4,20260809,53,1,1,1,0,0,1,129,56,2,1,362.26342210287305,313.08784763895227,0,0,0,0,0,0,118508328,8740008
high_success,16,16,4,20260809,54,1,1,1,0,0,1,38,107,1,2,378.1257195381372,412.8174821688817,0,0,0,0,0,0,34957224,2574576
high_success,16,16,4,20260809,55,1,1,1,0,0,1,188,64,3,1,454.4820006313357,391.48906564653146,0,0,0,4962748,861491,0,172678824,12737376
high_success,16,16,4,20260809,56,1,1,1,0,0,1,116,176,2,3,332.7131413863078,325.0559488778861,0,0,0,6178984,1064689,0,106572456,7859232
high_success,16,16,4,20260809,57,1,1,1,0,0,1,75,17,1,1,316.688516628645,315.7211805205401,0,0,0,7111437,1212380,0,68928552,5081400
high_success,16,16,4,20260809,58,1,1,1,0,0,1,46,43,1,1,344.88527933146213,317.00908710413137,0,0,0,0,0,0,42302376,3116592
high_success,16,16,4,20260809,59,1,1,1,0,0,1,62,65,1,1,434.81272223819707,428.8830827790339,0,0,0,0,0,0,56992680,4200624
high_success,16,16,4,20260809,60,1,1,1,0,0,1,117,111,2,2,313.34136804134187,301.56852893963224,0,0,0,4086918,716769,0,107490600,7926984
high_success,16,16,4,20260809,61,1,1,1,0,0,1,95,229,2,4,387.93618423462743,396.99775024913134,0,0,0,0,0,0,87291432,6436440
high_success,16,16,4,20260809,62,1,1,1,0,0,1,70,48,1,1,365.1642157454962,401.3753352709339,0,0,0,0,0,0,64337832,4742640
high_success,16,16,4,20260809,63,1,1,1,0,0,1,44,128,1,2,428.8281907903941,412.15507292145514,0,0,0,0,0,0,40466088,2981088
high_success,16,16,4,20260809,64,1,1,1,0,0,1,19,62,1,1,278.7770616951118,284.65331145204266,0,0,0,0,0,0,17512488,1287288
high_success,16,16,4,20260809,65,1,1,1,0,0,1,30,24,1,1,291.32337817013274,284.0163272597328,0,0,0,0,0,0,27612072,2032560
high_success,16,16,4,20260809,66,1,1,1,0,0,1,91,74,2,1,305.6263942610838,320.81288060526276,0,0,0,983966,194173,0,83618856,6165432
high_success,16,16,4,20260809,67,1,1,1,0,0,1,115,105,2,2,479.58714972595806,450.39138118882147,0,0,0,30844,6522,0,105654312,7791480
high_success,16,16,4,20260809,68,1,1,1,0,0,1,35,192,1,3,278.0653128719078,348.7469720331705,0,0,0,0,0,0,32202792,2371320
high_success,16,16,4,20260809,69,1,1,1,0,0,1,44,54,1,1,359.1234501595909,353.00652948684586,0,0,0,0,0,0,40466088,2981088
high_success,16,16,4,20260809,70,1,1,1,0,0,1,57,69,1,1,310.88219261150005,290.49033004110197,0,0,0,0,0,0,52401960,3861864
high_success,16,16,4,20260809,71,1,1,1,0,0,1,73,47,1,1,233.1465689666065,267.97486048301334,0,0,0,102442,21547,0,67092264,4945896
high_success,16,16,4,20260809,72,1,1,1,0,0,1,96,105,2,2,367.4222543360292,349.59750763204715,0,0,0,291466,65123,0,88209576,6504192
high_success,16,16,4,20260809,73,1,1,1,0,0,1,52,119,1,2,331.86996921267814,283.1554623235277,0,0,0,4,4,0,47811240,3523104
high_success,16,16,4,20260809,74,1,1,1,0,0,1,61,57,1,1,398.7787774029572,387.9874855651864,0,0,0,2756,827,0,56074536,4132872
high_success,16,16,4,20260809,75,1,1,1,0,0,1,70,123,1,2,430.7796585502889,412.245938158712,0,0,0,1119059,216658,0,64337832,4742640
high_success,16,16,4,20260809,76,1,1,1,0,0,1,124,50,2,1,392.43400417438613,397.1305695605759,0,0,0,6865380,1173641,0,113917608,8401248
high_success,16,16,4,20260809,77,1,1,1,0,0,1,116,99,2,2,350.3300826804351,347.60080791066207,0,0,0,4310717,751733,0,106572456,7859232
high_success,16,16,4,20260809,78,1,1,1,0,0,1,102,100,2,2,308.5076649606118,295.9252053905493,0,0,0,7190772,1224196,0,93718440,6910704
high_success,16,16,4,20260809,79,1,1,1,0,0,1,47,42,1,1,335.311299049251,270.8175975206705,0,0,0,0,0,0,43220520,3184344
high_success,16,16,4,20260809,80,1,1,1,0,0,1,101,115,2,2,404.71258279132644,380.40374020520085,0,0,0,6711963,1151000,0,92800296,6842952
high_success,16,16,4,20260809,81,1,1,1,0,0,1,126,37,2,1,381.1517281024056,402.7657631798756,0,0,0,9892185,1667186,0,115753896,8536752
high_success,16,16,4,20260809,82,1,1,1,0,0,1,100,98,2,2,367.12286943112787,312.4037230212386,0,0,0,8165514,1385405,0,91882152,6775200
high_success,16,16,4,20260809,83,1,1,1,0,0,1,61,64,1,1,370.4829043143718,372.7825107515174,0,0,0,0,0,0,56074536,4132872
high_success,16,16,4,20260809,84,1,1,1,0,0,1,189,111,3,2,455.8206781776741,411.61440529026436,0,0,0,0,0,0,173596968,12805128
high_success,16,16,4,20260809,85,1,1,1,0,0,1,35,34,1,1,218.80674915219106,223.69670432752292,0,0,0,0,0,0,32202792,2371320
high_success,16,16,4,20260809,86,1,1,1,0,0,1,77,78,1,1,352.4878697897103,412.1596308905322,0,0,0,6191776,1063789,0,70764840,5216904
high_success,16,16,4,20260809,87,1,1,1,0,0,1,120,171,2,3,361.8876759275936,321.36576945339345,0,0,0,2008,775,0,110245032,8130240
high_success,16,16,4,20260809,88,1,1,1,0,0,1,71,30,1,1,377.12830770045304,330.74109469125915,0,0,0,7404138,1263802,0,65255976,4810392
high_success,16,16,4,20260809,89,1,1,1,0,0,1,254,35,4,1,412.7559103432206,382.9451424142334,0,0,0,7868833,1338105,0,233276328,17209008
high_success,16,16,4,20260809,90,1,1,1,0,0,1,117,46,2,1,334.4903658552828,370.29109898211834,0,0,0,8130080,1377696,0,107490600,7926984
high_success,16,16,4,20260809,91,1,1,1,0,0,1,252,233,4,4,484.66981925192107,485.3949279802032,0,0,0,0,0,0,231440040,17073504
high_success,16,16,4,20260809,92,1,1,1,0,0,1,41,105,1,2,317.1575995245718,331.6189028144149,0,0,0,0,0,0,37711656,2777832
high_success,16,16,4,20260809,93,1,1,1,0,0,1,43,43,1,1,295.6517768406006,294.1119317272283,0,0,0,0,0,0,39547944,2913336
high_success,16,16,4,20260809,94,1,1,1,0,0,1,119,40,2,1,355.54249732921335,351.03375147423196,0,0,0,0,0,0,109326888,8062488
high_success,16,16,4,20260809,95,1,1,1,0,0,1,34,24,1,1,348.0778008716408,344.74623244281975,0,0,0,0,0,0,31284648,2303568
high_success,16,16,4,20260809,96,1,1,1,0,0,1,301,37,5,1,326.0701012164859,308.73224184787404,0,0,0,3406532,604080,0,276429096,20393352
high_success,16,16,4,20260809,97,1,1,1,0,0,1,107,117,2,2,402.9985009006441,379.4573697465472,0,0,0,0,0,0,98309160,7249464
high_success,16,16,4,20260809,98,1,1,1,0,0,1,56,55,1,1,343.75970392707166,321.77892080084104,0,0,0,0,0,0,51483816,3794112
high_success,16,16,4,20260809,99,1,1,1,0,0,1,61,104,1,2,318.1060524796931,306.4904972072877,0,0,0,0,0,0,56074536,4132872
high_success,16,16,4,20260809,100,1,1,1,0,0,1,44,102,1,2,413.8353972973408,350.4373976384833,0,0,0,0,0,0,40466088,2981088
high_success,16,16,4,20260809,101,1,1,1,0,0,1,128,105,2,2,350.93038719646427,321.19061946609963,0,0,0,3217227,573014,0,117590184,8672256
high_success,16,16,4,20260809,102,1,1,1,0,0,1,126,33,2,1,239.60890765626186,230.96983702531816,0,0,0,13127726,2205337,0,115753896,8536752
high_success,16,16,4,20260809,103,1,1,1,0,0,1,115,56,2,1,408.87567374043533,422.3090402641789,0,0,0,0,0,0,105654312,7791480
high_success,16,16,4,20260809,104,1,1,1,0,0,1,46,55,1,1,279.1098242470955,281.5018680399602,0,0,0,0,0,0,42302376,3116592
high_success,16,16,4,20260809,105,1,1,1,0,0,1,77,119,1,2,379.49944335620603,426.1257354359191,0,0,0,517444,106754,0,70764840,5216904
high_success,16,16,4,20260809,106,1,1,1,0,0,1,37,52,1,1,297.62888873369275,290.5481698056984,0,0,0,0,0,0,34039080,2506824
high_success,16,16,4,20260809,107,1,1,1,0,0,1,130,112,2,2,318.29842720297626,311.76010852012644,0,0,0,0,0,0,119426472,8807760
high_success,16,16,4,20260809,108,1,1,1,0,0,1,224,137,4,2,361.67658063305873,365.9038456897733,0,0,0,5145267,888814,0,205732008,15176448
high_success,16,16,4,20260809,109,1,1,1,0,0,1,35,49,1,1,376.2589780051825,363.5772414406199,0,0,0,0,0,0,32202792,2371320
high_success,16,16,4,20260809,110,1,1,1,0,0,1,177,169,3,3,471.3022782485611,479.7279096871564,0,0,0,0,0,0,162579240,11992104
high_success,16,16,4,20260809,111,1,1,1,0,0,1,74,50,1,1,388.37976696980843,370.80084185716714,0,0,0,0,0,0,68010408,5013648
high_success,16,16,4,20260809,112,1,1,1,0,0,1,26,122,1,2,329.4982912348448,361.5322558499053,0,0,0,0,0,0,23939496,1761552
high_success,16,16,4,20260809,113,1,1,1,0,0,1,93,36,2,1,303.6078002655403,271.6416502974638,0,0,0,11416082,1920052,0,85455144,6300936
high_success,16,16,4,20260809,114,1,1,1,0,0,1,113,470,2,8,358.64949130976345,360.7632206642122,0,0,0,4207529,740004,0,103818024,7655976
high_success,16,16,4,20260809,115,1,1,1,0,0,1,28,33,1,1,275.2668813669328,276.4188833712093,0,0,0,0,0,0,25775784,1897056
high_success,16,16,4,20260809,116,1,1,1,0,0,1,59,109,1,2,332.15867053481225,340.77811960221123,0,0,0,55734,11142,0,54238248,3997368
high_success,16,16,4,20260809,117,1,1,1,0,0,1,186,109,3,2,409.476965497091,419.54963349621175,0,0,0,7607829,1296423,0,170842536,12601872
high_success,16,16,4,20260809,118,1,1,1,0,0,1,80,75,1,1,348.66873767960703,327.4844959274664,0,0,0,1789840,339711,0,73519272,5420160
high_success,16,16,4,20260809,119,1,1,1,0,0,1,126,75,2,1,310.19417680786364,302.2177009896234,0,0,0,0,0,0,115753896,8536752
high_success,16,16,4,20260809,120,1,1,1,0,0,1,169,287,3,5,306.73494396821,293.2598992533241,0,0,0,9395423,1588494,0,155234088,11450088
high_success,16,16,4,20260809,121,1,1,1,0,0,1,135,115,2,2,469.29070147495344,465.0928012029778,0,0,0,2687577,488417,0,124017192,9146520
high_success,16,16,4,20260809,122,1,1,1,0,0,1,34,37,1,1,333.0571256048586,283.98789769180485,0,0,0,0,0,0,31284648,2303568
high_success,16,16,4,20260809,123,1,1,1,0,0,1,47,42,1,1,374.37340679766857,418.95242141121133,0,0,0,0,0,0,43220520,3184344
high_success,16,16,4,20260809,124,1,1,1,0,0,1,415,118,7,2,364.24479336820684,333.93197127670703,0,0,0,10028847,1691281,0,381097512,28117080
high_success,16,16,4,20260809,125,1,1,1,0,0,1,35,55,1,1,351.5145790985248,360.5798427452356,0,0,0,0,0,0,32202792,2371320
high_success,16,16,4,20260809,126,1,1,1,0,0,1,102,34,2,1,357.18881132359905,370.35545532330787,0,0,0,3154908,565981,0,93718440,6910704
high_success,16,16,4,20260809,127,1,1,1,0,0,1,117,40,2,1,403.9895747286845,367.958886298706,0,0,0,0,0,0,107490600,7926984
high_success,16,16,4,20260810,0,1,1,1,0,0,1,67,79,1,1,480.8124033205825,481.47777210069887,0,0,0,2455687,454599,0,61583400,4539384
high_success,16,16,4,20260810,1,1,1,1,0,0,1,31,36,1,1,309.04388017571375,309.04388017571375,0,0,0,0,0,0,28530216,2100312
high_success,16,16,4,20260810,2,1,1,1,0,0,1,74,37,1,1,324.6141466832845,314.88502200173843,0,0,0,5984594,1027291,0,68010408,5013648
high_success,16,16,4,20260810,3,1,1,1,0,0,1,378,182,6,3,399.3835685059835,353.9056908881456,0,0,0,11532636,1941396,0,347126184,25610256
high_success,16,16,4,20260810,4,1,1,1,0,0,1,298,134,5,2,394.64872802117463,384.5816108762466,0,0,0,0,0,0,273674664,20190096
high_success,16,16,4,20260810,5,1,1,1,0,0,1,49,48,1,1,402.39280073000907,376.2521573820157,0,0,0,5793,1737,0,45056808,3319848
high_success,16,16,4,20260810,6,1,1,1,0,0,1,23,66,1,1,317.60359603138767,314.4803128312264,0,0,0,0,0,0,21185064,1558296
high_success,16,16,4,20260810,7,1,1,1,0,0,1,127,119,2,2,330.05591758071125,334.0312337061729,0,0,0,10344426,1745313,0,116672040,8604504
high_success,16,16,4,20260810,8,1,1,1,0,0,1,182,170,3,3,439.9874129338052,410.1333188541713,0,0,0,0,0,0,167169960,12330864
high_success,16,16,4,20260810,9,1,1,1,0,0,1,640,221,11,4,428.4625411109955,400.46717825585915,0,0,0,0,0,0,587679912,43361280
high_success,16,16,4,20260810,10,1,1,1,0,0,1,42,54,1,1,389.27482274900456,422.5043776597895,0,0,0,0,0,0,38629800,2845584
high_success,16,16,4,20260810,11,1,1,1,0,0,1,50,27,1,1,310.6350021916819,310.1666754338604,0,0,0,3372276,597512,0,45974952,3387600
high_success,16,16,4,20260810,12,1,1,1,0,0,1,34,64,1,1,307.26354900377316,319.9507509102992,0,0,0,0,0,0,31284648,2303568
high_success,16,16,4,20260810,13,1,1,1,0,0,1,180,77,3,1,302.0060346939873,302.64376608609143,0,0,0,7456986,1272425,0,165333672,12195360
high_success,16,16,4,20260810,14,1,1,1,0,0,1,63,108,1,2,300.91635632150917,298.4314092906592,0,0,0,1454390,276483,0,57910824,4268376
high_success,16,16,4,20260810,15,1,1,1,0,0,1,17,31,1,1,252.22248931897155,252.62795436019908,0,0,0,0,0,0,15676200,1151784
high_success,16,16,4,20260810,16,1,1,1,0,0,1,47,133,1,2,283.2190543618213,298.7414779931553,0,0,0,0,0,0,43220520,3184344
high_success,16,16,4,20260810,17,1,1,1,0,0,1,38,102,1,2,432.5891002910465,408.8726675973493,0,0,0,0,0,0,34957224,2574576
high_success,16,16,4,20260810,18,1,1,1,0,0,1,72,33,1,1,306.56581176443586,324.8603188768418,0,0,0,0,0,0,66174120,4878144
high_success,16,16,4,20260810,19,1,1,1,0,0,1,119,114,2,2,435.9994697965144,413.93723163280686,0,0,0,4461233,778005,0,109326888,8062488
high_success,16,16,4,20260810,20,1,1,1,0,0,1,169,170,3,3,363.736320134143,326.9828909787338,0,0,0,7208857,1229220,0,155234088,11450088
high_success,16,16,4,20260810,21,1,1,1,0,0,1,237,34,4,1,348.01049865170785,293.2766805129858,0,0,0,1669943,314628,0,217667880,16057224
high_success,16,16,4,20260810,22,1,1,1,0,0,1,77,42,1,1,259.93352705306546,300.44596591051925,0,0,0,3807227,672612,0,70764840,5216904
high_success,16,16,4,20260810,23,1,1,1,0,0,1,47,172,1,3,356.6532976900697,364.9729736776376,0,0,0,0,0,0,43220520,3184344
high_success,16,16,4,20260810,24,1,1,1,0,0,1,66,38,1,1,329.59581165515885,329.40740687148184,0,0,0,422275,88945,0,60665256,4471632
high_success,16,16,4,20260810,25,1,1,1,0,0,1,58,102,1,2,323.69010880759095,362.3792411478169,0,0,0,726212,147871,0,53320104,3929616
high_success,16,16,4,20260810,26,1,1,1,0,0,1,186,46,3,1,483.45590235423737,454.9033375519107,0,0,0,1638247,304431,0,170842536,12601872
high_success,16,16,4,20260810,27,1,1,1,0,0,1,56,71,1,1,367.95742112817027,359.53289445473746,0,0,0,0,0,0,51483816,3794112
high_success,16,16,4,20260810,28,1,1,1,0,0,1,45,30,1,1,387.6062702116176,382.2633596771818,0,0,0,0,0,0,41384232,3048840
high_success,16,16,4,20260810,29,1,1,1,0,0,1,118,182,2,3,341.50032524329924,329.53295071902664,0,0,0,0,0,0,108408744,7994736
high_success,16,16,4,20260810,30,1,1,1,0,0,1,132,56,2,1,292.6778920255877,316.8858096154092,0,0,0,7392754,1257407,0,121262760,8943264
high_success,16,16,4,20260810,31,1,1,1,0,0,1,110,135,2,2,312.47355631190464,311.6635102448413,0,0,0,9118725,1541808,0,101063592,7452720
high_success,16,16,4,20260810,32,1,1,1,0,0,1,31,53,1,1,342.511195653736,336.8729348425182,0,0,0,0,0,0,28530216,2100312
high_success,16,16,4,20260810,33,1,1,1,0,0,1,1313,123,22,2,397.16955691542944,361.8619357840276,0,0,0,2452938,448702,0,1205590824,88958376
high_success,16,16,4,20260810,34,1,1,1,0,0,1,320,117,5,2,456.2904077873641,446.2644175823433,0,0,0,0,0,0,293873832,21680640
high_success,16,16,4,20260810,35,1,1,1,0,0,1,286,285,5,5,298.92614975008433,273.0382634158195,0,0,0,10859284,1831529,0,262656936,19377072
high_success,16,16,4,20260810,36,1,1,1,0,0,1,47,53,1,1,268.9787330744349,250.8665973388951,0,0,0,50486,10562,0,43220520,3184344
high_success,16,16,4,20260810,37,1,1,1,0,0,1,31,59,1,1,267.84315739772256,267.53696967202205,0,0,0,0,0,0,28530216,2100312
high_success,16,16,4,20260810,38,1,1,1,0,0,1,33,53,1,1,237.64900335488142,229.84136838532922,0,0,0,0,0,0,30366504,2235816
high_success,16,16,4,20260810,39,1,1,1,0,0,1,99,102,2,2,351.4785887891824,324.2111113507683,0,0,0,0,0,0,90964008,6707448
high_success,16,16,4,20260810,40,1,1,1,0,0,1,111,40,2,1,336.4061284485042,326.0938743027125,0,0,0,10602636,1786230,0,101981736,7520472
high_success,16,16,4,20260810,41,1,1,1,0,0,1,48,47,1,1,411.1589156833457,414.1220672936548,0,0,0,9352,2660,0,44138664,3252096
high_success,16,16,4,20260810,42,1,1,1,0,0,1,102,77,2,1,342.56592210843985,313.781327162606,0,0,0,8862498,1501617,0,93718440,6910704
high_success,16,16,4,20260810,43,1,1,1,0,0,1,58,64,1,1,260.6769847589577,262.60925398697077,0,0,0,6476560,1109194,0,53320104,3929616
high_success,16,16,4,20260810,44,1,1,1,0,0,1,19,45,1,1,275.70253975706356,255.72671260162355,0,0,0,0,0,0,17512488,1287288
high_success,16,16,4,20260810,45,1,1,1,0,0,1,767,406,13,7,369.66483884763517,363.0352069008299,0,0,0,3145257,564776,0,704284200,51965784
high_success,16,16,4,20260810,46,1,1,1,0,0,1,29,101,1,2,361.7899303075512,437.0346116964404,0,0,0,0,0,0,26693928,1964808
high_success,16,16,4,20260810,47,1,1,1,0,0,1,32,33,1,1,339.42244533667645,342.78686840627927,0,0,0,0,0,0,29448360,2168064
high_success,16,16,4,20260810,48,1,1,1,0,0,1,353,237,6,4,430.2256441256991,437.8510322984505,0,0,0,0,0,0,324172584,23916456
high_success,16,16,4,20260810,49,1,1,1,0,0,1,120,76,2,1,509.7986840634312,448.08846717470544,0,0,0,228133,48024,0,110245032,8130240
high_success,16,16,4,20260810,50,1,1,1,0,0,1,50,55,1,1,391.48906460255336,395.7961896283625,0,0,0,81592,16811,0,45974952,3387600
high_success,16,16,4,20260810,51,1,1,1,0,0,1,80,80,1,1,307.78982886571316,297.52844471568017,0,0,0,6733311,1149162,0,73519272,5420160
high_success,16,16,4,20260810,52,1,1,1,0,0,1,29,35,1,1,287.9972191539217,296.87532721841785,0,0,0,0,0,0,26693928,1964808
high_success,16,16,4,20260810,53,1,1,1,0,0,1,102,43,2,1,227.57223345268753,301.34068782367393,0,0,0,8178548,1389873,0,93718440,6910704
high_success,16,16,4,20260810,54,1,1,1,0,0,1,55,111,1,2,377.9662967764704,332.5778270436096,0,0,0,0,0,0,50565672,3726360
high_success,16,16,4,20260810,55,1,1,1,0,0,1,108,109,2,2,338.6517871079892,363.0354105325575,0,0,0,13166497,2208884,0,99227304,7317216
high_success,16,16,4,20260810,56,1,1,1,0,0,1,45,60,1,1,350.421304581026,331.9440597036099,0,0,0,0,0,0,41384232,3048840
high_success,16,16,4,20260810,57,1,1,1,0,0,1,55,49,1,1,297.04059847088024,311.7728096435494,0,0,0,0,0,0,50565672,3726360
high_success,16,16,4,20260810,58,1,1,1,0,0,1,305,139,5,2,394.7204479768179,374.7382704206857,0,0,0,7593697,1293786,0,280101672,20664360
high_success,16,16,4,20260810,59,1,1,1,0,0,1,41,75,1,1,335.111053047567,356.13584076258337,0,0,0,0,0,0,37711656,2777832
high_success,16,16,4,20260810,60,1,1,1,0,0,1,646,546,11,9,397.87184431152036,352.88977024211886,0,0,0,11341917,1908339,0,593188776,43767792
high_success,16,16,4,20260810,61,1,1,1,0,0,1,109,114,2,2,405.1737118187938,429.8016892800439,0,0,0,0,0,0,100145448,7384968
high_success,16,16,4,20260810,62,1,1,1,0,0,1,106,117,2,2,373.51073018620554,369.68287716787245,0,0,0,8169610,1385575,0,97391016,7181712
high_success,16,16,4,20260810,63,1,1,1,0,0,1,118,53,2,1,320.4458048386308,288.20036780516136,0,0,0,3195152,568243,0,108408744,7994736
high_success,16,16,4,20260810,64,1,1,1,0,0,1,110,26,2,1,392.4208936006505,346.8799249825793,0,0,0,0,0,0,101063592,7452720
high_success,16,16,4,20260810,65,1,1,1,0,0,1,107,131,2,2,388.103119730009,385.0217409706862,0,0,0,0,0,0,98309160,7249464
high_success,16,16,4,20260810,66,1,1,1,0,0,1,101,69,2,1,319.43711492739163,325.4911188082316,0,0,0,5814426,998832,0,92800296,6842952
high_success,16,16,4,20260810,67,1,1,1,0,0,1,75,40,1,1,395.88446168207497,377.30150944445603,0,0,0,1813253,341649,0,68928552,5081400
high_success,16,16,4,20260810,68,1,1,1,0,0,1,299,170,5,3,358.7509891572486,369.2061704712322,0,0,0,6501036,1119700,0,274592808,20257848
high_success,16,16,4,20260810,69,1,1,1,0,0,1,50,37,1,1,366.1870909689427,369.11869570514153,0,0,0,34181,7560,0,45974952,3387600
high_success,16,16,4,20260810,70,1,1,1,0,0,1,168,226,3,4,463.8614234244203,476.1246533791149,0,0,0,3809411,652652,0,154315944,11382336
high_success,16,16,4,20260810,71,1,1,1,0,0,1,25,106,1,2,320.41158200524353,374.8179136462761,0,0,0,0,0,0,23021352,1693800
high_success,16,16,4,20260810,72,1,1,1,0,0,1,39,69,1,1,291.5410590126605,330.7976878621055,0,0,0,0,0,0,35875368,2642328
high_success,16,16,4,20260810,73,1,1,1,0,0,1,122,109,2,2,380.27180706655304,373.41741947891063,0,0,0,0,0,0,112081320,8265744
high_success,16,16,4,20260810,74,1,1,1,0,0,1,109,291,2,5,413.32125707723276,405.14488261985093,0,0,0,417853,86983,0,100145448,7384968
high_success,16,16,4,20260810,75,1,1,1,0,0,1,77,56,1,1,321.88166485712554,312.12695170219,0,0,0,0,0,0,70764840,5216904
high_success,16,16,4,20260810,76,1,1,1,0,0,1,103,30,2,1,400.62865524674476,383.3539885794074,0,0,0,1543050,294346,0,94636584,6978456
high_success,16,16,4,20260810,77,1,1,1,0,0,1,229,112,4,2,461.76306260532436,401.2254323164161,0,0,0,0,0,0,210322728,15515208
high_success,16,16,4,20260810,78,1,1,1,0,0,1,103,101,2,2,403.84451562756,377.9266729187573,0,0,0,9327689,1575037,0,94636584,6978456
high_success,16,16,4,20260810,79,1,1,1,0,0,1,200,76,3,1,476.1710355532612,442.7207063561003,0,0,0,0,0,0,183696552,13550400
high_success,16,16,4,20260810,80,1,1,1,0,0,0,602,68,10,1,493.91254052956634,438.1456061464654,0,0,0,0,0,0,552790440,40786704
high_success,16,16,4,20260810,81,1,1,1,0,0,1,78,543,1,9,365.8579190843311,403.4748641600306,0,0,0,8888245,1505480,0,71682984,5284656
high_success,16,16,4,20260810,82,1,1,1,0,0,1,66,71,1,1,410.9983349571086,379.3965932517508,0,0,0,395456,83287,0,60665256,4471632
high_success,16,16,4,20260810,83,1,1,1,0,0,1,45,40,1,1,325.4916677856065,374.1675138213759,0,0,0,0,0,0,41384232,3048840
high_success,16,16,4,20260810,84,1,1,1,0,0,1,120,117,2,2,371.53445708605244,384.9236891632781,0,0,0,272,134,0,110245032,8130240
high_success,16,16,4,20260810,85,1,1,1,0,0,1,55,70,1,1,321.91490795623884,317.79594810637764,0,0,0,0,0,0,50565672,3726360
high_success,16,16,4,20260810,86,1,1,1,0,0,1,170,43,3,1,384.69192659437846,358.18813971257424,0,0,0,0,0,0,156152232,11517840
high_success,16,16,4,20260810,87,1,1,1,0,0,1,253,126,4,2,424.27887815254394,394.8517439135003,0,0,0,0,0,0,232358184,17141256
high_success,16,16,4,20260810,88,1,1,1,0,0,1,25,21,1,1,292.5168076348516,277.4466289485322,0,0,0,0,0,0,23021352,1693800
high_success,16,16,4,20260810,89,1,1,1,0,0,1,72,35,1,1,335.376315386423,337.70771190579063,0,0,0,2813699,506764,0,66174120,4878144
high_success,16,16,4,20260810,90,1,1,1,0,0,1,51,224,1,4,365.6412040529278,374.78636109249067,0,0,0,0,0,0,46893096,3455352
high_success,16,16,4,20260810,91,0,1,0,0,1,1,1940,276,32,5,,404.02655543807384,0,0,0,3729607,658464,0,1781267112,131438880
high_success,16,16,4,20260810,92,1,1,1,0,0,1,195,170,3,3,390.5887851811806,370.8172598009853,0,0,0,8196431,1389368,0,179105832,13211640
high_success,16,16,4,20260810,93,1,1,1,0,0,1,65,114,1,2,334.54466206311764,358.9843934074316,0,0,0,1253562,241886,0,59747112,4403880
high_success,16,16,4,20260810,94,1,1,1,0,0,1,1485,218,25,4,404.54458404156964,401.77173873986584,0,0,0,0,0,0,1363511592,100611720
high_success,16,16,4,20260810,95,1,1,1,0,0,1,74,36,1,1,297.01867454418186,338.4692831578903,0,0,0,0,0,0,68010408,5013648
high_success,16,16,4,20260810,96,1,1,1,0,0,1,233,112,4,2,340.14108616202395,338.34795378474746,0,0,0,11078352,1869017,0,213995304,15786216
high_success,16,16,4,20260810,97,1,1,1,0,0,1,28,31,1,1,331.78832370915063,325.3325524995467,0,0,0,0,0,0,25775784,1897056
high_success,16,16,4,20260810,98,1,1,1,0,0,1,47,116,1,2,439.9760403243074,376.5058026741401,0,0,0,0,0,0,43220520,3184344
high_success,16,16,4,20260810,99,1,1,1,0,0,1,54,52,1,1,369.35273147958776,314.6359105696715,0,0,0,52,36,0,49647528,3658608
high_success,16,16,4,20260810,100,1,1,1,0,0,1,56,49,1,1,336.4107142821904,340.4576687957615,0,0,0,0,0,0,51483816,3794112
high_success,16,16,4,20260810,101,1,1,1,0,0,1,51,123,1,2,415.9579118687496,408.4560342044556,0,0,0,0,0,0,46893096,3455352
high_success,16,16,4,20260810,102,1,1,1,0,0,1,166,140,3,2,333.10633620945407,319.6694749028326,0,0,0,10687293,1800758,0,152479656,11246832
high_success,16,16,4,20260810,103,1,1,1,0,0,1,114,135,2,2,432.7144720941313,416.133758157142,0,0,0,949183,189690,0,104736168,7723728
high_success,16,16,4,20260810,104,1,1,1,0,0,1,59,114,1,2,321.1366556994212,324.3184059715014,0,0,0,2240,692,0,54238248,3997368
high_success,16,16,4,20260810,105,1,1,1,0,0,1,72,120,1,2,317.45402775728394,344.4991009536021,0,0,0,0,0,0,66174120,4878144
high_success,16,16,4,20260810,106,1,1,1,0,0,1,114,104,2,2,287.63782884047396,285.9736201481203,0,0,0,15146980,2533119,0,104736168,7723728
high_success,16,16,4,20260810,107,1,1,1,0,0,1,64,259,1,4,391.32215003937597,472.84246446828183,0,0,0,732594,148231,0,58828968,4336128
high_success,16,16,4,20260810,108,1,1,1,0,0,1,51,60,1,1,310.15487482723034,302.75640261136914,0,0,0,517763,108785,0,46893096,3455352
high_success,16,16,4,20260810,109,1,1,1,0,0,1,102,98,2,2,328.0884277124961,341.84228029308736,0,0,0,413565,86957,0,93718440,6910704
high_success,16,16,4,20260810,110,1,1,1,0,0,1,99,109,2,2,404.444752213297,426.7136279126988,0,0,0,8222616,1400596,0,90964008,6707448
high_success,16,16,4,20260810,111,1,1,1,0,0,1,302,66,5,1,381.24481568122394,355.55023423300537,0,0,0,3669657,648638,0,277347240,20461104
high_success,16,16,4,20260810,112,1,1,1,0,0,1,71,40,1,1,357.04218189447477,357.1887006911105,0,0,0,251157,53430,0,65255976,4810392
high_success,16,16,4,20260810,113,1,1,1,0,0,1,30,72,1,1,278.56803548084486,274.4089725095023,0,0,0,0,0,0,27612072,2032560
high_success,16,16,4,20260810,114,1,1,1,0,0,1,21,45,1,1,280.1410712738771,317.693172137837,0,0,0,0,0,0,19348776,1422792
high_success,16,16,4,20260810,115,1,1,1,0,0,1,74,140,1,2,415.98568841664854,436.7000103733625,0,0,0,865378,172241,0,68010408,5013648
high_success,16,16,4,20260810,116,1,1,1,0,0,1,26,75,1,1,306.9698903663811,300.2975194843653,0,0,0,0,0,0,23939496,1761552
high_success,16,16,4,20260810,117,1,1,1,0,0,1,106,105,2,2,316.62854422825103,321.32770507539726,0,0,0,8401568,1423875,0,97391016,7181712
high_success,16,16,4,20260810,118,1,1,1,0,0,1,230,74,4,1,442.4908530501509,391.1073638922978,0,0,0,0,0,0,211240872,15582960
high_success,16,16,4,20260810,119,1,1,1,0,0,1,58,38,1,1,323.2817376809637,328.15953658715415,0,0,0,1953171,362643,0,53320104,3929616
high_success,16,16,4,20260810,120,1,1,1,0,0,1,243,113,4,2,439.0582011571877,415.5100989714974,0,0,0,9442824,1595688,0,223176744,16463736
high_success,16,16,4,20260810,121,1,1,1,0,0,1,113,122,2,2,327.9942946159477,335.46566986856965,0,0,0,4991654,866103,0,103818024,7655976
high_success,16,16,4,20260810,122,1,1,1,0,0,1,30,47,1,1,265.1295361278866,258.0553975158233,0,0,0,0,0,0,27612072,2032560
high_success,16,16,4,20260810,123,1,1,1,0,0,1,53,234,1,4,265.9838075018389,280.2042742860628,0,0,0,0,0,0,48729384,3590856
high_success,16,16,4,20260810,124,1,1,1,0,0,1,41,98,1,2,380.2973655884095,408.7139233859103,0,0,0,0,0,0,37711656,2777832
high_success,16,16,4,20260810,125,1,1,1,0,0,1,43,98,1,2,302.04750776657295,303.786761281438,0,0,0,0,0,0,39547944,2913336
high_success,16,16,4,20260810,126,1,1,1,0,0,1,106,42,2,1,426.75814396075697,399.09777374810454,0,0,0,6541340,1118148,0,97391016,7181712
high_success,16,16,4,20260810,127,1,1,1,0,0,1,26,36,1,1,362.5627157712985,362.8503977501174,0,0,0,0,0,0,23939496,1761552
high_success,16,16,4,20260811,0,1,1,1,0,0,1,38,23,1,1,262.72411758213116,261.68615331602274,0,0,0,0,0,0,34957224,2574576
high_success,16,16,4,20260811,1,1,1,1,0,0,1,112,114,2,2,351.5347488976678,366.01236679438296,0,0,0,4868075,845081,0,102899880,7588224
high_success,16,16,4,20260811,2,1,1,1,0,0,1,51,42,1,1,301.131114823069,294.2185566821802,0,0,0,1880419,352340,0,46893096,3455352
high_success,16,16,4,20260811,3,1,1,1,0,0,1,45,67,1,1,346.12024981797845,353.26896681233745,0,0,0,0,0,0,41384232,3048840
high_success,16,16,4,20260811,4,1,1,1,0,0,1,195,164,3,3,282.26192151324915,278.62412935208556,0,0,0,0,0,0,179105832,13211640
high_success,16,16,4,20260811,5,1,1,1,0,0,1,100,111,2,2,344.86855041405994,319.2250534899358,0,0,0,6642913,1140568,0,91882152,6775200
high_success,16,16,4,20260811,6,1,1,1,0,0,1,21,39,1,1,270.52824890805505,270.71011490720934,0,0,0,0,0,0,19348776,1422792
high_success,16,16,4,20260811,7,1,1,1,0,0,1,78,44,1,1,373.69719295653067,354.59961064814166,0,0,0,6610073,1131355,0,71682984,5284656
high_success,16,16,4,20260811,8,1,1,1,0,0,1,104,53,2,1,272.9659248962198,259.0367073774198,0,0,0,6069545,1042944,0,95554728,7046208
high_success,16,16,4,20260811,9,1,1,1,0,0,1,74,54,1,1,281.26795917260876,278.43563143091,0,0,0,7368451,1249254,0,68010408,5013648
high_success,16,16,4,20260811,10,1,1,1,0,0,1,32,20,1,1,278.2676039972531,273.38980541208946,0,0,0,0,0,0,29448360,2168064
high_success,16,16,4,20260811,11,1,1,1,0,0,1,73,27,1,1,334.53197140417876,362.8071293229601,0,0,0,0,0,0,67092264,4945896
high_success,16,16,4,20260811,12,1,1,1,0,0,1,164,22,3,1,273.0221085085034,246.07675295778228,0,0,0,4456002,779673,0,150643368,11111328
high_success,16,16,4,20260811,13,1,1,1,0,0,1,182,158,3,3,416.26816851024427,409.484145853029,0,0,0,8072575,1373142,0,167169960,12330864
high_success,16,16,4,20260811,14,1,1,1,0,0,1,36,43,1,1,309.29812843956813,303.57451589685553,0,0,0,0,0,0,33120936,2439072
high_success,16,16,4,20260811,15,1,1,1,0,0,1,159,107,3,2,407.6404854226622,380.7811549955769,0,0,0,8252015,1399082,0,146052648,10772568
high_success,16,16,4,20260811,16,1,1,1,0,0,1,110,128,2,2,351.12838619613103,346.4042102159903,0,0,0,1915132,363136,0,101063592,7452720
high_success,16,16,4,20260811,17,1,1,1,0,0,1,66,31,1,1,310.8063991347773,346.2527171022018,0,0,0,2974420,533840,0,60665256,4471632
high_success,16,16,4,20260811,18,1,1,1,0,0,1,116,116,2,2,326.56998457803047,335.37330800540644,0,0,0,10427291,1755851,0,106572456,7859232
high_success,16,16,4,20260811,19,1,1,1,0,0,1,23,30,1,1,316.6001322510972,303.20585858318793,0,0,0,0,0,0,21185064,1558296
high_success,16,16,4,20260811,20,1,1,1,0,0,1,118,104,2,2,401.6621989977776,359.35442436160577,0,0,0,3560,1272,0,108408744,7994736
high_success,16,16,4,20260811,21,1,1,1,0,0,1,190,99,3,2,383.61926236292135,329.6015043832722,0,0,0,13323,3123,0,174515112,12872880
high_success,16,16,4,20260811,22,1,1,1,0,0,1,64,109,1,2,335.4195204053038,356.3490095761374,0,0,0,6522,1798,0,58828968,4336128
high_success,16,16,4,20260811,23,1,1,1,0,0,1,136,61,2,1,384.63855261587315,384.11386007372323,0,0,0,6391997,1091209,0,124935336,9214272
high_success,16,16,4,20260811,24,1,1,1,0,0,1,73,32,1,1,291.222054809026,284.95884668070124,0,0,0,6584146,1126681,0,67092264,4945896
high_success,16,16,4,20260811,25,1,1,1,0,0,1,165,168,3,3,347.22489349366055,338.76211380614234,0,0,0,9176380,1553157,0,151561512,11179080
high_success,16,16,4,20260811,26,1,1,1,0,0,1,346,618,6,10,278.36287482021334,276.4866044001057,0,0,0,2897289,522094,0,317745576,23442192
high_success,16,16,4,20260811,27,1,1,1,0,0,1,133,106,2,2,323.53897858032826,332.51889089682777,0,0,0,7654728,1304880,0,122180904,9011016
high_success,16,16,4,20260811,28,1,1,1,0,0,1,189,165,3,3,345.1050423916483,349.49710117249276,0,0,0,1218031,235800,0,173596968,12805128
high_success,16,16,4,20260811,29,1,1,1,0,0,1,34,117,1,2,226.6341805350745,243.8058728967317,0,0,0,26942,5958,0,31284648,2303568
high_success,16,16,4,20260811,30,1,1,1,0,0,1,31,52,1,1,332.15061678648215,324.71652505325994,0,0,0,0,0,0,28530216,2100312
high_success,16,16,4,20260811,31,1,1,1,0,0,1,57,75,1,1,394.7011525225419,375.5364773378419,0,0,0,0,0,0,52401960,3861864
high_success,16,16,4,20260811,32,1,1,1,0,0,1,23,133,1,2,215.4102062512727,215.00474153107203,0,0,0,0,0,0,21185064,1558296
high_success,16,16,4,20260811,33,1,1,1,0,0,1,39,36,1,1,336.1170316676389,342.53002907211555,0,0,0,0,0,0,35875368,2642328
high_success,16,16,4,20260811,34,1,1,1,0,0,1,67,173,1,3,329.3867908013183,358.9683919309658,0,0,0,7887598,1341067,0,61583400,4539384
high_success,16,16,4,20260811,35,1,1,1,0,0,1,30,30,1,1,288.0016818063665,269.9581235579127,0,0,0,0,0,0,27612072,2032560
high_success,16,16,4,20260811,36,1,1,1,0,0,1,56,32,1,1,308.31499240277907,300.17324228551905,0,0,0,4491782,783607,0,51483816,3794112
high_success,16,16,4,20260811,37,1,1,1,0,0,1,60,125,1,2,399.8634866343296,428.9612520947321,0,0,0,1538711,293190,0,55156392,4065120
high_success,16,16,4,20260811,38,1,1,1,0,0,1,112,36,2,1,305.31626300186343,288.43313739685567,0,0,0,0,0,0,102899880,7588224
high_success,16,16,4,20260811,39,1,1,1,0,0,1,132,120,2,2,396.5256983209857,401.10480477693824,0,0,0,0,0,0,121262760,8943264
high_success,16,16,4,20260811,40,1,1,1,0,0,1,47,53,1,1,362.53686602792294,363.68787502535264,0,0,0,773316,156504,0,43220520,3184344
high_success,16,16,4,20260811,41,1,1,1,0,0,1,123,102,2,2,384.4867502200117,390.4998128927117,0,0,0,2993635,540393,0,112999464,8333496
high_success,16,16,4,20260811,42,1,1,1,0,0,1,36,60,1,1,387.9954543801733,406.7639183814407,0,0,0,0,0,0,33120936,2439072
high_success,16,16,4,20260811,43,1,1,1,0,0,1,100,300,2,5,310.19586288907067,338.55967544705027,0,0,0,1997910,371165,0,91882152,6775200
high_success,16,16,4,20260811,44,1,1,1,0,0,1,38,43,1,1,327.6861491539229,328.58243128889956,0,0,0,0,0,0,34957224,2574576
high_success,16,16,4,20260811,45,1,1,1,0,0,1,110,71,2,1,358.26739343797703,321.5383792466405,0,0,0,0,0,0,101063592,7452720
high_success,16,16,4,20260811,46,1,1,1,0,0,1,100,105,2,2,301.61205853105434,274.70734965166196,0,0,0,0,0,0,91882152,6775200
high_success,16,16,4,20260811,47,1,1,1,0,0,1,25,126,1,2,247.78860179454477,248.35419830523938,0,0,0,0,0,0,23021352,1693800
high_success,16,16,4,20260811,48,1,1,1,0,0,1,102,113,2,2,375.40453635196104,333.66925964845984,0,0,0,3479643,617683,0,93718440,6910704
high_success,16,16,4,20260811,49,1,1,1,0,0,1,185,116,3,2,466.24430633038685,430.8613325219013,0,0,0,0,0,0,169924392,12534120
high_success,16,16,4,20260811,50,1,1,1,0,0,1,37,40,1,1,387.9443357714109,338.86203200859416,0,0,0,0,0,0,34039080,2506824
high_success,16,16,4,20260811,51,1,1,1,0,0,1,678,463,11,8,463.73177679606226,487.77081105263545,0,0,0,1185673,231370,0,622569384,45935856
high_success,16,16,4,20260811,52,1,1,1,0,0,1,52,43,1,1,382.80360607743546,396.51550557266535,0,0,0,178938,36926,0,47811240,3523104
high_success,16,16,4,20260811,53,1,1,1,0,0,1,36,22,1,1,303.91476913247425,276.7553707104807,0,0,0,0,0,0,33120936,2439072
high_success,16,16,4,20260811,54,1,1,1,0,0,1,137,75,2,1,296.9115474987429,272.321992557026,0,0,0,9591859,1619525,0,125853480,9282024
high_success,16,16,4,20260811,55,1,1,1,0,0,1,60,98,1,2,287.7967043305675,293.99859770668206,0,0,0,5006703,866784,0,55156392,4065120
high_success,16,16,4,20260811,56,1,1,1,0,0,1,43,236,1,4,423.0388808782376,425.96343567582727,0,0,0,0,0,0,39547944,2913336
high_success,16,16,4,20260811,57,1,1,1,0,0,1,38,52,1,1,353.02400256085264,356.9096385066411,0,0,0,0,0,0,34957224,2574576
high_success,16,16,4,20260811,58,1,1,1,0,0,1,41,28,1,1,323.6594997170548,323.65861570166317,0,0,0,3049,764,0,37711656,2777832
high_success,16,16,4,20260811,59,1,1,1,0,0,1,80,38,1,1,378.5582317248951,367.65063255029145,0,0,0,4593224,803023,0,73519272,5420160
high_success,16,16,4,20260811,60,1,1,1,0,0,1,52,119,1,2,344.44423786503944,376.19998592574484,0,0,0,0,0,0,47811240,3523104
high_success,16,16,4,20260811,61,1,1,1,0,0,1,42,69,1,1,285.8554624869321,290.86281101221874,0,0,0,0,0,0,38629800,2845584
high_success,16,16,4,20260811,62,1,1,1,0,0,1,63,101,1,2,357.04138853092513,389.0790005728495,0,0,0,686192,140184,0,57910824,4268376
high_success,16,16,4,20260811,63,1,1,1,0,0,1,351,77,6,1,454.7126534911856,398.6108258443763,0,0,0,0,0,0,322336296,23780952
high_success,16,16,4,20260811,64,1,1,1,0,0,1,41,28,1,1,303.6858328432943,310.0465618237163,0,0,0,3349,929,0,37711656,2777832
high_success,16,16,4,20260811,65,1,1,1,0,0,1,66,59,1,1,422.47965912491935,446.40787169524174,0,0,0,0,0,0,60665256,4471632
high_success,16,16,4,20260811,66,1,1,1,0,0,1,56,58,1,1,331.3369314313147,348.662174946508,0,0,0,0,0,0,51483816,3794112
high_success,16,16,4,20260811,67,1,1,1,0,0,1,74,174,1,3,342.2232546798244,374.4618183297165,0,0,0,0,0,0,68010408,5013648
high_success,16,16,4,20260811,68,1,1,1,0,0,1,99,302,2,5,343.7111782192994,355.1451396287564,0,0,0,0,0,0,90964008,6707448
high_success,16,16,4,20260811,69,1,1,1,0,0,1,65,28,1,1,391.72253545393215,336.0161455999498,0,0,0,5174640,894449,0,59747112,4403880
high_success,16,16,4,20260811,70,1,1,1,0,0,1,178,44,3,1,386.31873423860156,361.71391698533535,0,0,0,382063,79623,0,163497384,12059856
high_success,16,16,4,20260811,71,1,1,1,0,0,1,25,50,1,1,310.01490580566326,308.7609740384013,0,0,0,0,0,0,23021352,1693800
high_success,16,16,4,20260811,72,1,1,1,0,0,1,41,45,1,1,352.84321601808324,345.5304999137636,0,0,0,0,0,0,37711656,2777832
high_success,16,16,4,20260811,73,1,1,1,0,0,1,25,39,1,1,310.44466236312,318.4108032467203,0,0,0,0,0,0,23021352,1693800
high_success,16,16,4,20260811,74,1,1,1,0,0,1,128,59,2,1,366.04569681584616,337.42066115182286,0,0,0,5486576,945889,0,117590184,8672256
high_success,16,16,4,20260811,75,1,1,1,0,0,1,52,120,1,2,342.8312505552352,389.25042487372843,0,0,0,1387888,270850,0,47811240,3523104
high_success,16,16,4,20260811,76,1,1,1,0,0,1,34,30,1,1,297.42338731005077,352.03910087719373,0,0,0,0,0,0,31284648,2303568
high_success,16,16,4,20260811,77,1,1,1,0,0,1,24,18,1,1,229.30055294741283,241.5944464028796,0,0,0,0,0,0,22103208,1626048
high_success,16,16,4,20260811,78,1,1,1,0,0,1,47,69,1,1,344.03162911500544,361.4175684384247,0,0,0,0,0,0,43220520,3184344
high_success,16,16,4,20260811,79,1,1,1,0,0,1,104,109,2,2,303.7998387669021,305.9887124414038,0,0,0,10397645,1754419,0,95554728,7046208
high_success,16,16,4,20260811,80,1,1,1,0,0,1,60,36,1,1,334.5720061584315,331.5864796614706,0,0,0,208039,44528,0,55156392,4065120
high_success,16,16,4,20260811,81,1,1,1,0,0,1,49,29,1,1,325.8422271087139,300.3901199716811,0,0,0,0,0,0,45056808,3319848
high_success,16,16,4,20260811,82,1,1,1,0,0,1,127,172,2,3,368.5900392938369,355.38682341886033,0,0,0,5477657,942346,0,116672040,8604504
high_success,16,16,4,20260811,83,1,1,1,0,0,1,44,54,1,1,315.3372443972505,310.17353174366633,0,0,0,0,0,0,40466088,2981088
high_success,16,16,4,20260811,84,1,1,1,0,0,1,179,254,3,4,359.8197912236998,357.89439804239316,0,0,0,611870,121612,0,164415528,12127608
high_success,16,16,4,20260811,85,1,1,1,0,0,1,37,40,1,1,354.48362219517344,383.90614081849697,0,0,0,0,0,0,34039080,2506824
high_success,16,16,4,20260811,86,1,1,1,0,0,1,63,64,1,1,407.9533747461918,383.04052008604026,0,0,0,1780733,332716,0,57910824,4268376
high_success,16,16,4,20260811,87,1,1,1,0,0,1,97,70,2,1,339.31280881439545,331.162731670248,0,0,0,9288163,1572312,0,89127720,6571944
high_success,16,16,4,20260811,88,1,1,1,0,0,1,109,550,2,9,354.1444872600301,371.7421152554231,0,0,0,0,0,0,100145448,7384968
high_success,16,16,4,20260811,89,1,1,1,0,0,1,1546,830,26,14,448.5328306253696,460.63652041949786,0,0,0,6480541,1095217,0,1419518376,104744592
high_success,16,16,4,20260811,90,1,1,1,0,0,1,25,41,1,1,246.74639515316642,253.47111123484825,0,0,0,0,0,0,23021352,1693800
high_success,16,16,4,20260811,91,1,1,1,0,0,1,29,37,1,1,313.27848194620765,331.23690150020354,0,0,0,0,0,0,26693928,1964808
high_success,16,16,4,20260811,92,1,1,1,0,0,1,22,103,1,2,323.01129861190566,335.61138043512676,0,0,0,0,0,0,20266920,1490544
high_success,16,16,4,20260811,93,1,1,1,0,0,1,187,66,3,1,400.41834682870245,351.92684948515307,0,0,0,11081134,1864275,0,171760680,12669624
high_success,16,16,4,20260811,94,1,1,1,0,0,1,45,48,1,1,383.1934849721052,439.6565307495067,0,0,0,0,0,0,41384232,3048840
high_success,16,16,4,20260811,95,1,1,1,0,0,1,78,101,1,2,359.5995543930811,374.82312330435013,0,0,0,4564112,796072,0,71682984,5284656
high_success,16,16,4,20260811,96,1,1,1,0,0,1,173,108,3,2,371.5312499012854,341.73015014700286,0,0,0,0,0,0,158906664,11721096
high_success,16,16,4,20260811,97,1,1,1,0,0,1,64,54,1,1,317.60038182777305,367.11336014650004,0,0,0,3519945,628129,0,58828968,4336128
high_success,16,16,4,20260811,98,1,1,1,0,0,1,112,117,2,2,352.19538208411745,365.69161511791134,0,0,0,101824,21424,0,102899880,7588224
high_success,16,16,4,20260811,99,1,1,1,0,0,1,73,54,1,1,401.81585677116743,392.0068688151424,0,0,0,2796146,504141,0,67092264,4945896
high_success,16,16,4,20260811,100,1,1,1,0,0,1,121,32,2,1,320.90692934117794,312.9449007341063,0,0,0,8555979,1451328,0,111163176,8197992
high_success,16,16,4,20260811,101,1,1,1,0,0,1,95,49,2,1,293.3424246582621,292.88357011544406,0,0,0,5584236,960958,0,87291432,6436440
high_success,16,16,4,20260811,102,1,1,1,0,0,1,56,61,1,1,335.6146327669585,338.4743410909629,0,0,0,0,0,0,51483816,3794112
high_success,16,16,4,20260811,103,1,1,1,0,0,1,106,120,2,2,419.3264771843732,426.3059854170224,0,0,0,5164666,895617,0,97391016,7181712
high_success,16,16,4,20260811,104,1,1,1,0,0,1,37,60,1,1,273.02990079647054,272.1794481245644,0,0,0,0,0,0,34039080,2506824
high_success,16,16,4,20260811,105,1,1,1,0,0,1,40,117,1,2,364.3577439188772,392.7135461519895,0,0,0,0,0,0,36793512,2710080
high_success,16,16,4,20260811,106,1,1,1,0,0,1,92,52,2,1,305.4630244288006,297.3255901122037,0,0,0,10152642,1712463,0,84537000,6233184
high_success,16,16,4,20260811,107,1,1,1,0,0,1,23,25,1,1,213.4956104759808,204.39591662938196,0,0,0,0,0,0,21185064,1558296
high_success,16,16,4,20260811,108,1,1,1,0,0,1,38,47,1,1,289.8043487661604,286.587910591134,0,0,0,0,0,0,34957224,2574576
high_success,16,16,4,20260811,109,1,1,1,0,0,1,64,124,1,2,352.74029533656517,371.72123039579793,0,0,0,385634,82808,0,58828968,4336128
high_success,16,16,4,20260811,110,1,1,1,0,0,1,109,36,2,1,326.9353673690955,312.35982039569103,0,0,0,157914,36661,0,100145448,7384968
high_success,16,16,4,20260811,111,1,1,1,0,0,1,66,40,1,1,381.6416946185137,357.2980446737748,0,0,0,0,0,0,60665256,4471632
high_success,16,16,4,20260811,112,1,1,1,0,0,1,49,52,1,1,335.79839561541064,390.49946123507516,0,0,0,0,0,0,45056808,3319848
high_success,16,16,4,20260811,113,1,1,1,0,0,1,95,30,2,1,356.731081459062,338.4065030777366,0,0,0,5365807,930421,0,87291432,6436440
high_success,16,16,4,20260811,114,1,1,1,0,0,1,45,26,1,1,261.2837441177988,272.05171740187177,0,0,0,0,0,0,41384232,3048840
high_success,16,16,4,20260811,115,1,1,1,0,0,1,235,114,4,2,389.0099432616416,404.911569149475,0,0,0,6414501,1098783,0,215831592,15921720
high_success,16,16,4,20260811,116,1,1,1,0,0,1,66,124,1,2,397.90112693060064,427.64881987145645,0,0,0,2487,699,0,60665256,4471632
high_success,16,16,4,20260811,117,1,1,1,0,0,1,39,64,1,1,318.96539604475856,312.7013031787319,0,0,0,0,0,0,35875368,2642328
high_success,16,16,4,20260811,118,1,1,1,0,0,1,32,126,1,2,319.93059920173704,338.2026720968636,0,0,0,0,0,0,29448360,2168064
high_success,16,16,4,20260811,119,1,1,1,0,0,1,227,39,4,1,353.33165023520814,320.424143633766,0,0,0,10154436,1714436,0,208486440,15379704
high_success,16,16,4,20260811,120,1,1,1,0,0,1,67,45,1,1,334.9679760400351,356.1453893617876,0,0,0,0,0,0,61583400,4539384
high_success,16,16,4,20260811,121,1,1,1,0,0,1,158,61,3,1,340.522543888313,335.6473857418423,0,0,0,7404713,1261016,0,145134504,10704816
high_success,16,16,4,20260811,122,1,1,1,0,0,1,26,60,1,1,315.1942089411042,306.48379780215,0,0,0,0,0,0,23939496,1761552
high_success,16,16,4,20260811,123,1,1,1,0,0,1,105,132,2,2,278.31355517238313,289.43694067605,0,0,0,7214886,1233334,0,96472872,7113960
high_success,16,16,4,20260811,124,1,1,1,0,0,1,76,32,1,1,270.6337442728104,265.08729418395114,0,0,0,706786,142159,0,69846696,5149152
high_success,16,16,4,20260811,125,1,1,1,0,0,1,140,162,2,3,411.8262227131038,383.4224685236482,0,0,0,0,0,0,128607912,9485280
high_success,16,16,4,20260811,126,1,1,1,0,0,1,26,37,1,1,277.7583645471585,305.2522159346038,0,0,0,0,0,0,23939496,1761552
high_success,16,16,4,20260811,127,1,1,1,0,0,1,40,42,1,1,338.4100019830878,284.3700422064216,0,0,0,0,0,0,36793512,2710080
high_success,16,16,4,20260812,0,1,1,1,0,0,1,63,79,1,1,462.3679500667775,449.1026207827527,0,0,0,0,0,0,57910824,4268376
high_success,16,16,4,20260812,1,1,1,1,0,0,1,56,119,1,2,300.0744781913189,290.55958762242096,0,0,0,2511969,457013,0,51483816,3794112
high_success,16,16,4,20260812,2,1,1,1,0,0,1,112,44,2,1,233.6082557472704,259.31034793301,0,0,0,8468789,1432675,0,102899880,7588224
high_success,16,16,4,20260812,3,1,1,1,0,0,1,92,110,2,2,300.972078027259,301.3608051517465,0,0,0,3227891,577145,0,84537000,6233184
high_success,16,16,4,20260812,4,1,1,1,0,0,1,64,120,1,2,269.7750159285819,301.57195609161147,0,0,0,4034594,698110,0,58828968,4336128
high_success,16,16,4,20260812,5,1,1,1,0,0,1,27,33,1,1,281.5412901945348,317.6230437752688,0,0,0,0,0,0,24857640,1829304
high_success,16,16,4,20260812,6,1,1,1,0,0,1,123,137,2,2,354.22255445147414,328.9334730880445,0,0,0,9663006,1626022,0,112999464,8333496
high_success,16,16,4,20260812,7,1,1,1,0,0,1,102,70,2,1,382.013437766279,392.52711206289996,0,0,0,0,0,0,93718440,6910704
high_success,16,16,4,20260812,8,1,1,1,0,0,1,79,31,1,1,265.802528683075,246.7856874977366,0,0,0,7026881,1199812,0,72601128,5352408
high_success,16,16,4,20260812,9,1,1,1,0,0,1,58,34,1,1,297.4822755189275,324.8132617403292,0,0,0,0,0,0,53320104,3929616
high_success,16,16,4,20260812,10,1,1,1,0,0,1,36,47,1,1,432.9327645503496,345.9602096469411,0,0,0,0,0,0,33120936,2439072
high_success,16,16,4,20260812,11,1,1,1,0,0,1,48,60,1,1,308.69037060448784,322.18673424165877,0,0,0,266697,56803,0,44138664,3252096
high_success,16,16,4,20260812,12,1,1,1,0,0,1,115,119,2,2,410.1573043066088,382.3864141275789,0,0,0,6098685,1047812,0,105654312,7791480
high_success,16,16,4,20260812,13,1,1,1,0,0,1,112,25,2,1,351.1606024726639,349.7262556525371,0,0,0,10438269,1752456,0,102899880,7588224
high_success,16,16,4,20260812,14,1,1,1,0,0,1,217,191,4,3,380.4760877698974,383.55289941233934,0,0,0,9271164,1568131,0,199305000,14702184
high_success,16,16,4,20260812,15,1,1,1,0,0,1,114,120,2,2,455.3698201638782,455.019893393934,0,0,0,0,0,0,104736168,7723728
high_success,16,16,4,20260812,16,1,1,1,0,0,1,71,106,1,2,406.79039514854117,436.40068016204793,0,0,0,0,0,0,65255976,4810392
high_success,16,16,4,20260812,17,1,1,1,0,0,1,55,62,1,1,417.9508542796515,307.67400898468645,0,0,0,392145,83047,0,50565672,3726360
high_success,16,16,4,20260812,18,1,1,1,0,0,1,59,29,1,1,351.56754653064695,304.3994747079175,0,0,0,0,0,0,54238248,3997368
high_success,16,16,4,20260812,19,1,1,1,0,0,1,100,97,2,2,271.9990607859769,251.55215998719677,0,0,0,8177116,1394967,0,91882152,6775200
high_success,16,16,4,20260812,20,1,1,1,0,0,1,306,100,5,2,327.5925079567635,336.97342353268084,0,0,0,5469073,946306,0,281019816,20732112
high_success,16,16,4,20260812,21,1,1,1,0,0,1,48,27,1,1,294.2752260965956,285.8117324354773,0,0,0,541666,112791,0,44138664,3252096
high_success,16,16,4,20260812,22,1,1,1,0,0,1,237,107,4,2,369.9072769704785,361.7006785291277,0,0,0,8987362,1520751,0,217667880,16057224
high_success,16,16,4,20260812,23,1,1,1,0,0,1,34,128,1,2,343.78606172919956,356.89088526712146,0,0,0,0,0,0,31284648,2303568
high_success,16,16,4,20260812,24,1,1,1,0,0,1,227,54,4,1,385.18910221410727,377.4646839245512,0,0,0,0,0,0,208486440,15379704
high_success,16,16,4,20260812,25,1,1,1,0,0,1,110,72,2,1,385.6846639552374,364.68039472540465,0,0,0,13260223,2224381,0,101063592,7452720
high_success,16,16,4,20260812,26,1,1,1,0,0,1,78,65,1,1,350.9003271714365,355.747170472289,0,0,0,73267,16233,0,71682984,5284656
high_success,16,16,4,20260812,27,1,1,1,0,0,1,64,128,1,2,353.37081316820087,380.64493138980094,0,0,0,0,0,0,58828968,4336128
high_success,16,16,4,20260812,28,1,1,1,0,0,1,48,39,1,1,318.86113231343415,353.9431353512151,0,0,0,0,0,0,44138664,3252096
high_success,16,16,4,20260812,29,1,1,1,0,0,1,110,52,2,1,255.01635343108396,251.91907119613376,0,0,0,0,0,0,101063592,7452720
high_success,16,16,4,20260812,30,1,1,1,0,0,1,79,106,1,2,341.5264165324227,363.0536653982483,0,0,0,0,0,0,72601128,5352408
high_success,16,16,4,20260812,31,1,1,1,0,0,1,484,495,8,8,456.6700570375649,421.1477047624355,0,0,0,3201292,575719,0,444449448,32791968
high_success,16,16,4,20260812,32,1,1,1,0,0,1,41,25,1,1,268.698978019299,362.06867022508175,0,0,0,23,12,0,37711656,2777832
high_success,16,16,4,20260812,33,1,1,1,0,0,1,115,58,2,1,262.85373672041305,256.6280644331008,0,0,0,2027707,379602,0,105654312,7791480
high_success,16,16,4,20260812,34,1,1,1,0,0,1,57,104,1,2,297.11098381222905,312.184985240454,0,0,0,28803,6181,0,52401960,3861864
high_success,16,16,4,20260812,35,1,1,1,0,0,1,76,46,1,1,284.4819591563455,266.1573807750202,0,0,0,12373935,2077747,0,69846696,5149152
high_success,16,16,4,20260812,36,1,1,1,0,0,1,48,57,1,1,319.1264419279268,324.8376051338517,0,0,0,202549,43687,0,44138664,3252096
high_success,16,16,4,20260812,37,1,1,1,0,0,1,39,42,1,1,364.93185519048984,347.98468741770586,0,0,0,0,0,0,35875368,2642328
high_success,16,16,4,20260812,38,1,1,1,0,0,1,128,54,2,1,318.7500177468597,337.8433790388733,0,0,0,0,0,0,117590184,8672256
high_success,16,16,4,20260812,39,1,1,1,0,0,1,62,99,1,2,375.9832175134618,356.4863423998131,0,0,0,1876152,349741,0,56992680,4200624
high_success,16,16,4,20260812,40,1,1,1,0,0,1,69,32,1,1,290.29948752197254,278.1284823613233,0,0,0,0,0,0,63419688,4674888
high_success,16,16,4,20260812,41,1,1,1,0,0,1,51,29,1,1,309.5930517749787,352.60493227565496,0,0,0,0,0,0,46893096,3455352
high_success,16,16,4,20260812,42,1,1,1,0,0,1,56,67,1,1,279.4935281083118,278.4255791063981,0,0,0,0,0,0,51483816,3794112
high_success,16,16,4,20260812,43,1,1,1,0,0,1,72,46,1,1,357.095452852264,355.8190872690061,0,0,0,8438667,1432409,0,66174120,4878144
high_success,16,16,4,20260812,44,1,1,1,0,0,1,34,78,1,1,368.58666759845187,374.5109809590388,0,0,0,0,0,0,31284648,2303568
high_success,16,16,4,20260812,45,1,1,1,0,0,1,105,131,2,2,457.69283863732005,441.9378921014235,0,0,0,3045736,547570,0,96472872,7113960
high_success,16,16,4,20260812,46,1,1,1,0,0,1,252,247,4,4,462.771919453585,474.17603234350395,0,0,0,3185817,570605,0,231440040,17073504
high_success,16,16,4,20260812,47,1,1,1,0,0,1,102,104,2,2,395.11841367174935,394.21744121874576,0,0,0,3794041,670154,0,93718440,6910704
high_success,16,16,4,20260812,48,1,1,1,0,0,1,42,40,1,1,274.30053556507403,300.62070260729524,0,0,0,0,0,0,38629800,2845584
high_success,16,16,4,20260812,49,1,1,1,0,0,1,95,78,2,1,354.3099189613995,347.2896308504803,0,0,0,1526931,289755,0,87291432,6436440
high_success,16,16,4,20260812,50,1,1,1,0,0,1,26,104,1,2,307.57824953759626,334.65577203105414,0,0,0,0,0,0,23939496,1761552
high_success,16,16,4,20260812,51,1,1,1,0,0,1,45,73,1,1,337.1139218144792,341.6777989863979,0,0,0,40,24,0,41384232,3048840
high_success,16,16,4,20260812,52,1,1,1,0,0,1,119,35,2,1,306.23923092269456,307.5429861257976,0,0,0,7403875,1249344,0,109326888,8062488
high_success,16,16,4,20260812,53,1,1,1,0,0,1,56,114,1,2,366.81519431114884,333.1931792790813,0,0,0,0,0,0,51483816,3794112
high_success,16,16,4,20260812,54,1,1,1,0,0,1,55,110,1,2,321.891297417877,363.6403757966888,0,0,0,1405,560,0,50565672,3726360
high_success,16,16,4,20260812,55,1,1,1,0,0,1,149,69,3,1,344.19050468591274,314.107895839221,0,0,0,6385008,1094522,0,136871208,10095048
high_success,16,16,4,20260812,56,1,1,1,0,0,1,241,125,4,2,356.2343148184245,352.17957298195813,0,0,0,0,0,0,221340456,16328232
high_success,16,16,4,20260812,57,1,1,1,0,0,1,107,105,2,2,355.0920367857893,364.5094843215385,0,0,0,6487593,1107285,0,98309160,7249464
high_success,16,16,4,20260812,58,1,1,1,0,0,1,20,40,1,1,302.2272797430102,304.479662280756,0,0,0,0,0,0,18430632,1355040
high_success,16,16,4,20260812,59,1,1,1,0,0,1,138,108,2,2,378.10253473583145,353.10381712068005,0,0,0,3252203,581712,0,126771624,9349776
high_success,16,16,4,20260812,60,1,1,1,0,0,1,113,71,2,1,292.041476745789,262.9480413860258,0,0,0,0,0,0,103818024,7655976
high_success,16,16,4,20260812,61,1,1,1,0,0,1,73,125,1,2,298.8275740128853,285.9258851484817,0,0,0,6649831,1136142,0,67092264,4945896
high_success,16,16,4,20260812,62,1,1,1,0,0,1,31,47,1,1,388.53257078519096,381.922652191224,0,0,0,0,0,0,28530216,2100312
high_success,16,16,4,20260812,63,1,1,1,0,0,1,111,43,2,1,350.81579895561583,337.6066590009679,0,0,0,0,0,0,101981736,7520472
high_success,16,16,4,20260812,64,1,1,1,0,0,1,70,102,1,2,402.66668348315534,416.58465945157536,0,0,0,0,0,0,64337832,4742640
high_success,16,16,4,20260812,65,1,1,1,0,0,1,48,70,1,1,343.36499118804716,338.7448027108578,0,0,0,0,0,0,44138664,3252096
high_success,16,16,4,20260812,66,1,1,1,0,0,1,78,111,1,2,395.093039689017,430.0539074783721,0,0,0,115149,24941,0,71682984,5284656
high_success,16,16,4,20260812,67,1,1,1,0,0,1,547,165,9,3,434.4776631610539,395.2078362451818,0,0,0,144283,31124,0,502292520,37060344
high_success,16,16,4,20260812,68,1,1,1,0,0,1,124,64,2,1,293.0971441377367,281.6750355607187,0,0,0,2230977,413447,0,113917608,8401248
high_success,16,16,4,20260812,69,1,1,1,0,0,1,50,56,1,1,383.52802642672305,397.2619157700177,0,0,0,0,0,0,45974952,3387600
high_success,16,16,4,20260812,70,1,1,1,0,0,1,229,419,4,7,382.09578397639007,367.7536879217008,0,0,0,8400846,1424412,0,210322728,15515208
high_success,16,16,4,20260812,71,1,1,1,0,0,1,64,39,1,1,397.84701286121003,390.8573419652499,0,0,0,1903363,354298,0,58828968,4336128
high_success,16,16,4,20260812,72,1,1,1,0,0,1,42,44,1,1,389.21092265829094,389.07129676776026,0,0,0,0,0,0,38629800,2845584
high_success,16,16,4,20260812,73,1,1,1,0,0,1,55,221,1,4,350.6306918941581,378.06667763547784,0,0,0,1135264,221687,0,50565672,3726360
high_success,16,16,4,20260812,74,1,1,1,0,0,1,38,30,1,1,253.0343551656244,260.9578441178303,0,0,0,0,0,0,34957224,2574576
high_success,16,16,4,20260812,75,1,1,1,0,0,1,110,59,2,1,395.9984410972389,365.05394629211105,0,0,0,775965,154711,0,101063592,7452720
high_success,16,16,4,20260812,76,1,1,1,0,0,1,31,51,1,1,370.065257618161,376.04166870601057,0,0,0,0,0,0,28530216,2100312
high_success,16,16,4,20260812,77,1,1,1,0,0,1,100,58,2,1,358.996056203443,324.72175459653465,0,0,0,11238572,1892571,0,91882152,6775200
high_success,16,16,4,20260812,78,1,1,1,0,0,1,182,586,3,10,448.5880752121865,466.4486473061885,0,0,0,0,0,0,167169960,12330864
high_success,16,16,4,20260812,79,1,1,1,0,0,1,57,97,1,2,307.86660286048357,311.9482806415891,0,0,0,3343915,593742,0,52401960,3861864
high_success,16,16,4,20260812,80,1,1,1,0,0,1,47,37,1,1,317.0576598174848,298.50540612419945,0,0,0,0,0,0,43220520,3184344
high_success,16,16,4,20260812,81,1,1,1,0,0,1,214,68,4,1,316.68532785736824,299.96964874497576,0,0,0,0,0,0,196550568,14498928
high_success,16,16,4,20260812,82,1,1,1,0,0,1,28,220,1,4,334.4343469083832,342.58442437355757,0,0,0,0,0,0,25775784,1897056
high_success,16,16,4,20260812,83,1,1,1,0,0,1,74,55,1,1,411.64906368028755,402.7061646231989,0,0,0,1921951,358739,0,68010408,5013648
high_success,16,16,4,20260812,84,1,1,1,0,0,1,15,53,1,1,322.98186855154944,377.5669192599738,0,0,0,0,0,0,13839912,1016280
high_success,16,16,4,20260812,85,1,1,1,0,0,1,40,45,1,1,351.16358490633706,345.3003757549662,0,0,0,0,0,0,36793512,2710080
high_success,16,16,4,20260812,86,1,1,1,0,0,1,125,109,2,2,359.77135519614444,400.6738588686834,0,0,0,7147210,1218102,0,114835752,8469000
high_success,16,16,4,20260812,87,1,1,1,0,0,1,27,53,1,1,326.39629070078377,323.2065508985331,0,0,0,0,0,0,24857640,1829304
high_success,16,16,4,20260812,88,1,1,1,0,0,1,122,51,2,1,381.3352845892637,384.02556285709727,0,0,0,157,74,0,112081320,8265744
high_success,16,16,4,20260812,89,1,1,1,0,0,1,110,38,2,1,277.7957629469136,239.2152209716415,0,0,0,12205718,2047771,0,101063592,7452720
high_success,16,16,4,20260812,90,1,1,1,0,0,1,52,72,1,1,263.76156424198945,282.1951865832182,0,0,0,7212,1795,0,47811240,3523104
high_success,16,16,4,20260812,91,1,1,1,0,0,1,107,50,2,1,373.45557361308056,329.46086475425113,0,0,0,866972,183729,0,98309160,7249464
high_success,16,16,4,20260812,92,1,1,1,0,0,1,120,135,2,2,441.76497014984676,415.40265593585866,0,0,0,1224,457,0,110245032,8130240
high_success,16,16,4,20260812,93,1,1,1,0,0,1,163,38,3,1,352.1776289448086,330.19757033897815,0,0,0,0,0,0,149725224,11043576
high_success,16,16,4,20260812,94,1,1,1,0,0,1,78,40,1,1,316.4697051494902,337.4214679300435,0,0,0,7221190,1230274,0,71682984,5284656
high_success,16,16,4,20260812,95,1,1,1,0,0,1,45,42,1,1,292.30394970583535,296.82928429754514,0,0,0,0,0,0,41384232,3048840
high_success,16,16,4,20260812,96,1,1,1,0,0,1,234,59,4,1,364.90079036461685,336.27600247321385,0,0,0,11459892,1927984,0,214913448,15853968
high_success,16,16,4,20260812,97,1,1,1,0,0,1,116,172,2,3,335.1556131410862,343.87445395612934,0,0,0,2259552,409424,0,106572456,7859232
high_success,16,16,4,20260812,98,1,1,1,0,0,1,39,74,1,1,377.5641594654777,380.6717199695927,0,0,0,0,0,0,35875368,2642328
high_success,16,16,4,20260812,99,1,1,1,0,0,1,30,108,1,2,338.6416844353823,335.54348826111425,0,0,0,0,0,0,27612072,2032560
high_success,16,16,4,20260812,100,1,1,1,0,0,1,74,66,1,1,376.69174171649775,370.31910053239915,0,0,0,1891279,355828,0,68010408,5013648
high_success,16,16,4,20260812,101,1,1,1,0,0,1,126,57,2,1,400.8530344935384,378.59149632028857,0,0,0,4914819,853585,0,115753896,8536752
high_success,16,16,4,20260812,102,1,1,1,0,0,1,47,112,1,2,365.10400826418027,390.3235924395173,0,0,0,0,0,0,43220520,3184344
high_success,16,16,4,20260812,103,1,1,1,0,0,1,37,55,1,1,355.3991680791694,323.4589040723753,0,0,0,0,0,0,34039080,2506824
high_success,16,16,4,20260812,104,1,1,1,0,0,1,28,18,1,1,354.6770214562565,343.3142640869343,0,0,0,0,0,0,25775784,1897056
high_success,16,16,4,20260812,105,1,1,1,0,0,1,118,25,2,1,327.4821711193222,322.5199914205882,0,0,0,223,106,0,108408744,7994736
high_success,16,16,4,20260812,106,1,1,1,0,0,1,38,44,1,1,398.5901052219425,388.049787359275,0,0,0,0,0,0,34957224,2574576
high_success,16,16,4,20260812,107,1,1,1,0,0,1,103,429,2,7,332.3548881345542,377.54866661621026,0,0,0,2956387,530089,0,94636584,6978456
high_success,16,16,4,20260812,108,1,1,1,0,0,1,131,121,2,2,420.49927661070797,420.2178196391223,0,0,0,3341249,594888,0,120344616,8875512
high_success,16,16,4,20260812,109,1,1,1,0,0,1,106,101,2,2,348.1764907823933,350.3670888649941,0,0,0,9471662,1597475,0,97391016,7181712
high_success,16,16,4,20260812,110,1,1,1,0,0,1,30,20,1,1,178.17802723350303,178.17802723350303,0,0,0,0,0,0,27612072,2032560
high_success,16,16,4,20260812,111,1,1,1,0,0,1,104,51,2,1,420.8443619814818,376.0040433953472,0,0,0,0,0,0,95554728,7046208
high_success,16,16,4,20260812,112,1,1,1,0,0,1,113,101,2,2,323.0875358601899,309.0712178576099,0,0,0,1429465,276871,0,103818024,7655976
high_success,16,16,4,20260812,113,1,1,1,0,0,1,123,132,2,2,422.7971549397122,418.6580975992166,0,0,0,0,0,0,112999464,8333496
high_success,16,16,4,20260812,114,1,1,1,0,0,1,60,68,1,1,363.80829372027057,369.4320986124225,0,0,0,16027,3956,0,55156392,4065120
high_success,16,16,4,20260812,115,1,1,1,0,0,1,41,49,1,1,369.2667686103177,369.95991575074925,0,0,0,0,0,0,37711656,2777832
high_success,16,16,4,20260812,116,1,1,1,0,0,1,66,114,1,2,317.02132734980955,347.200119478386,0,0,0,2901,947,0,60665256,4471632
high_success,16,16,4,20260812,117,1,1,1,0,0,1,106,111,2,2,364.49415080970437,368.210189749381,0,0,0,0,0,0,97391016,7181712
high_success,16,16,4,20260812,118,1,1,1,0,0,1,174,199,3,3,416.1801184636256,406.9097690358745,0,0,0,9008237,1527484,0,159824808,11788848
high_success,16,16,4,20260812,119,1,1,1,0,0,1,28,101,1,2,327.1960132793296,338.71317621468023,0,0,0,0,0,0,25775784,1897056
high_success,16,16,4,20260812,120,1,1,1,0,0,1,79,45,1,1,388.7425127036904,335.5437562761291,0,0,0,9394210,1588763,0,72601128,5352408
high_success,16,16,4,20260812,121,1,1,1,0,0,1,121,231,2,4,382.5708152228327,388.6452677231986,0,0,0,10123,2535,0,111163176,8197992
high_success,16,16,4,20260812,122,1,1,1,0,0,1,124,36,2,1,347.44459702833115,337.59811436141854,0,0,0,2100417,389649,0,113917608,8401248
high_success,16,16,4,20260812,123,1,1,1,0,0,1,71,36,1,1,416.9448025914576,383.9097460023322,0,0,0,3717117,655477,0,65255976,4810392
high_success,16,16,4,20260812,124,1,1,1,0,0,1,62,54,1,1,380.02069284891934,356.5403201415652,0,0,0,2483307,450206,0,56992680,4200624
high_success,16,16,4,20260812,125,1,1,1,0,0,1,188,119,3,2,449.085670787033,403.62284544764134,0,0,0,0,0,0,172678824,12737376
high_success,16,16,4,20260812,126,1,1,1,0,0,1,32,19,1,1,397.8533136028219,339.2612061845235,0,0,0,0,0,0,29448360,2168064
high_success,16,16,4,20260812,127,1,1,1,0,0,1,55,115,1,2,425.18770223926964,359.387095957704,0,0,0,78667,16617,0,50565672,3726360
high_success,16,16,4,20260813,0,1,1,1,0,0,1,161,165,3,3,381.870805368115,308.1863743965921,0,0,0,4604879,803345,0,147888936,10908072
high_success,16,16,4,20260813,1,1,1,1,0,0,1,47,30,1,1,296.2905070963624,298.5420052976897,0,0,0,10412,2766,0,43220520,3184344
high_success,16,16,4,20260813,2,1,1,1,0,0,1,53,33,1,1,386.07027405217974,385.9427237434696,0,0,0,0,0,0,48729384,3590856
high_success,16,16,4,20260813,3,1,1,1,0,0,1,59,105,1,2,300.7765497530751,312.5712331676559,0,0,0,3063930,543910,0,54238248,3997368
high_success,16,16,4,20260813,4,1,1,1,0,0,1,221,61,4,1,351.19964300747426,304.04711867103134,0,0,0,3062936,548405,0,202977576,14973192
high_success,16,16,4,20260813,5,1,1,1,0,0,1,115,139,2,2,255.75207696955218,249.56607245809073,0,0,0,12270773,2062095,0,105654312,7791480
high_success,16,16,4,20260813,6,1,1,1,0,0,1,119,162,2,3,348.9906837579741,354.79072445755526,0,0,0,10967654,1846751,0,109326888,8062488
high_success,16,16,4,20260813,7,1,1,1,0,0,1,19,43,1,1,307.2901367200921,394.19348589791986,0,0,0,0,0,0,17512488,1287288
high_success,16,16,4,20260813,8,1,1,1,0,0,1,77,36,1,1,364.8442487043315,344.2857940538105,0,0,0,1030290,202810,0,70764840,5216904
high_success,16,16,4,20260813,9,1,1,1,0,0,1,180,124,3,2,442.4175080535824,386.23228683626405,0,0,0,0,0,0,165333672,12195360
high_success,16,16,4,20260813,10,1,1,1,0,0,1,124,239,2,4,398.77425071792123,381.08887598273947,0,0,0,4229698,740083,0,113917608,8401248
high_success,16,16,4,20260813,11,1,1,1,0,0,1,20,110,1,2,306.4298124422088,267.0102898671581,0,0,0,0,0,0,18430632,1355040
high_success,16,16,4,20260813,12,1,1,1,0,0,1,23,23,1,1,304.95523891322694,313.457789053994,0,0,0,0,0,0,21185064,1558296
high_success,16,16,4,20260813,13,1,1,1,0,0,1,33,60,1,1,336.4008644263488,363.217837609478,0,0,0,0,0,0,30366504,2235816
high_success,16,16,4,20260813,14,1,1,1,0,0,1,127,587,2,10,382.86538938284946,394.9892109608183,0,0,0,68,52,0,116672040,8604504
high_success,16,16,4,20260813,15,1,1,1,0,0,1,160,127,3,2,371.9515619740957,348.6132561072293,0,0,0,9917598,1672883,0,146970792,10840320
high_success,16,16,4,20260813,16,1,1,1,0,0,1,48,34,1,1,323.26665137131715,328.9926235346122,0,0,0,0,0,0,44138664,3252096
high_success,16,16,4,20260813,17,1,1,1,0,0,1,57,109,1,2,381.80290936006224,391.43325925704323,0,0,0,0,0,0,52401960,3861864
high_success,16,16,4,20260813,18,1,1,1,0,0,1,56,69,1,1,292.6934686125596,293.93170668474943,0,0,0,615715,126742,0,51483816,3794112
high_success,16,16,4,20260813,19,1,1,1,0,0,1,27,118,1,2,364.0533727987027,394.76474266974066,0,0,0,0,0,0,24857640,1829304
high_success,16,16,4,20260813,20,1,1,1,0,0,1,98,46,2,1,335.81864742492553,350.9801852196015,0,0,0,1816187,335978,0,90045864,6639696
high_success,16,16,4,20260813,21,1,1,1,0,0,1,68,64,1,1,423.5341061750744,356.92669674010915,0,0,0,491663,96641,0,62501544,4607136
high_success,16,16,4,20260813,22,1,1,1,0,0,1,71,40,1,1,329.32839236431755,341.1810528880711,0,0,0,416677,88522,0,65255976,4810392
high_success,16,16,4,20260813,23,1,1,1,0,0,1,51,104,1,2,346.8631160052545,382.11955614487385,0,0,0,0,0,0,46893096,3455352
high_success,16,16,4,20260813,24,1,1,1,0,0,1,45,39,1,1,314.6359893857408,318.0890737533805,0,0,0,0,0,0,41384232,3048840
high_success,16,16,4,20260813,25,1,1,1,0,0,1,112,56,2,1,415.7822432423876,396.5143008047463,0,0,0,4097244,721457,0,102899880,7588224
high_success,16,16,4,20260813,26,1,1,1,0,0,1,108,51,2,1,305.5011075911849,272.41389461076744,0,0,0,2705860,489164,0,99227304,7317216
high_success,16,16,4,20260813,27,1,1,1,0,0,1,33,20,1,1,276.07715901011966,337.9117540401326,0,0,0,0,0,0,30366504,2235816
high_success,16,16,4,20260813,28,1,1,1,0,0,1,134,75,2,1,289.9117509117725,281.4216208259206,0,0,0,23928,5292,0,123099048,9078768
high_success,16,16,4,20260813,29,1,1,1,0,0,1,71,106,1,2,347.85696224591203,374.19926466223296,0,0,0,1494282,287433,0,65255976,4810392
high_success,16,16,4,20260813,30,1,1,1,0,0,1,74,138,1,2,393.9388886670388,434.46496160592807,0,0,0,1267200,245840,0,68010408,5013648
high_success,16,16,4,20260813,31,1,1,1,0,0,1,71,102,1,2,341.69174641359547,335.1084245742545,0,0,0,9,6,0,65255976,4810392
high_success,16,16,4,20260813,32,1,1,1,0,0,1,65,167,1,3,398.06700740843394,425.6841714477754,0,0,0,6295,1862,0,59747112,4403880
high_success,16,16,4,20260813,33,1,1,1,0,0,1,55,60,1,1,379.548529931944,314.20750160102847,0,0,0,0,0,0,50565672,3726360
high_success,16,16,4,20260813,34,1,1,1,0,0,1,49,42,1,1,313.2742330863535,310.8515261137434,0,0,0,0,0,0,45056808,3319848
high_success,16,16,4,20260813,35,1,1,1,0,0,1,103,63,2,1,374.08348102556516,342.0030498557809,0,0,0,5580202,962763,0,94636584,6978456
high_success,16,16,4,20260813,36,1,1,1,0,0,1,118,103,2,2,349.3149744764962,356.79835482952285,0,0,0,11485134,1928209,0,108408744,7994736
high_success,16,16,4,20260813,37,1,1,1,0,0,1,111,110,2,2,262.57274590398913,299.79069579247334,0,0,0,4589702,800008,0,101981736,7520472
high_success,16,16,4,20260813,38,1,1,1,0,0,1,52,63,1,1,423.32501821820387,473.4929291223498,0,0,0,0,0,0,47811240,3523104
high_success,16,16,4,20260813,39,1,1,1,0,0,1,67,119,1,2,341.2262052362872,373.0434500639886,0,0,0,0,0,0,61583400,4539384
high_success,16,16,4,20260813,40,1,1,1,0,0,1,29,63,1,1,272.1564497715714,277.6947430404066,0,0,0,0,0,0,26693928,1964808
high_success,16,16,4,20260813,41,1,1,1,0,0,1,125,161,2,3,365.413616566491,356.05822055713946,0,0,0,7396676,1261387,0,114835752,8469000
high_success,16,16,4,20260813,42,1,1,1,0,0,1,73,36,1,1,292.27485102141736,283.6048254271893,0,0,0,5751961,990229,0,67092264,4945896
high_success,16,16,4,20260813,43,1,1,1,0,0,1,134,950,2,16,272.0453142914322,262.7252534312521,0,0,0,6035498,1038111,0,123099048,9078768
high_success,16,16,4,20260813,44,1,1,1,0,0,1,64,112,1,2,329.9626426975352,342.15994177065676,0,0,0,248,117,0,58828968,4336128
high_success,16,16,4,20260813,45,1,1,1,0,0,1,238,112,4,2,347.9933691464077,342.0849217336133,0,0,0,7014763,1198677,0,218586024,16124976
high_success,16,16,4,20260813,46,1,1,1,0,0,1,117,108,2,2,296.94425458583396,297.41649960085,0,0,0,5105228,882718,0,107490600,7926984
high_success,16,16,4,20260813,47,1,1,1,0,0,1,70,33,1,1,349.41833801300163,303.3721958020355,0,0,0,5073849,878451,0,64337832,4742640
high_success,16,16,4,20260813,48,1,1,1,0,0,1,58,67,1,1,384.88258888141934,377.2650130165206,0,0,0,0,0,0,53320104,3929616
high_success,16,16,4,20260813,49,1,1,1,0,0,1,380,654,6,11,389.1567537881034,405.4039575288251,0,0,0,0,0,0,348962472,25745760
high_success,16,16,4,20260813,50,1,1,1,0,0,1,40,65,1,1,345.53678834428666,332.54886373299667,0,0,0,0,0,0,36793512,2710080
high_success,16,16,4,20260813,51,1,1,1,0,0,1,59,39,1,1,305.632421506025,261.3928486981134,0,0,0,351841,74844,0,54238248,3997368
high_success,16,16,4,20260813,52,1,1,1,0,0,1,66,44,1,1,286.176189006958,289.69835649100384,0,0,0,1095039,213780,0,60665256,4471632
high_success,16,16,4,20260813,53,1,1,1,0,0,1,103,173,2,3,400.0623055295305,393.8584488496718,0,0,0,7970479,1354985,0,94636584,6978456
high_success,16,16,4,20260813,54,1,1,1,0,0,1,43,103,1,2,320.76245513704424,333.24055171979523,0,0,0,0,0,0,39547944,2913336
high_success,16,16,4,20260813,55,1,1,1,0,0,1,43,26,1,1,293.59551555942437,294.5939667311917,0,0,0,22,13,0,39547944,2913336
high_success,16,16,4,20260813,56,1,1,1,0,0,1,238,137,4,2,381.2324107936596,379.13215707158315,0,0,0,0,0,0,218586024,16124976
high_success,16,16,4,20260813,57,1,1,1,0,0,1,42,97,1,2,367.6380698097053,346.8736164836162,0,0,0,200,94,0,38629800,2845584
high_success,16,16,4,20260813,58,1,1,1,0,0,1,62,115,1,2,378.6710961389345,418.6060125330745,0,0,0,0,0,0,56992680,4200624
high_success,16,16,4,20260813,59,1,1,1,0,0,1,107,537,2,9,413.97115795852596,450.12906320882445,0,0,0,4731083,855805,0,98309160,7249464
high_success,16,16,4,20260813,60,1,1,1,0,0,1,42,30,1,1,333.32182540367774,304.6898969539345,0,0,0,0,0,0,38629800,2845584
high_success,16,16,4,20260813,61,1,1,1,0,0,1,102,90,2,2,326.7684179390657,314.2536881683663,0,0,0,3957782,695486,0,93718440,6910704
high_success,16,16,4,20260813,62,1,1,1,0,0,1,98,68,2,1,358.5875587547162,333.24186483229846,0,0,0,9084290,1537698,0,90045864,6639696
high_success,16,16,4,20260813,63,1,1,1,0,0,1,225,64,4,1,414.1103324162002,341.68610454286585,0,0,0,11003907,1852626,0,206650152,15244200
high_success,16,16,4,20260813,64,1,1,1,0,0,1,31,50,1,1,289.7162321068455,292.3425324906818,0,0,0,0,0,0,28530216,2100312
high_success,16,16,4,20260813,65,1,1,1,0,0,1,28,135,1,2,257.1615435259091,272.67078361851384,0,0,0,0,0,0,25775784,1897056
high_success,16,16,4,20260813,66,1,1,1,0,0,1,136,76,2,1,383.70839407157825,376.14079954686486,0,0,0,3642633,635215,0,124935336,9214272
high_success,16,16,4,20260813,67,1,1,1,0,0,1,108,110,2,2,333.13178786695215,335.8198286819658,0,0,0,0,0,0,99227304,7317216
high_success,16,16,4,20260813,68,1,1,1,0,0,1,60,69,1,1,284.0531234311235,286.4211312880408,0,0,0,0,0,0,55156392,4065120
high_success,16,16,4,20260813,69,1,1,1,0,0,1,28,20,1,1,280.00104368987314,271.7495234214058,0,0,0,0,0,0,25775784,1897056
high_success,16,16,4,20260813,70,1,1,1,0,0,1,51,46,1,1,358.3357700822818,362.12330579558125,0,0,0,575980,120817,0,46893096,3455352
high_success,16,16,4,20260813,71,1,1,1,0,0,1,946,526,16,9,461.6195662210319,463.34352218979245,0,0,0,2994783,527207,0,868631976,64093392
high_success,16,16,4,20260813,72,1,1,1,0,0,1,112,113,2,2,310.5033102575478,319.3028860326692,0,0,0,2235549,409531,0,102899880,7588224
high_success,16,16,4,20260813,73,1,1,1,0,0,1,63,66,1,1,300.95782409948276,300.5574812877429,0,0,0,299680,62846,0,57910824,4268376
high_success,16,16,4,20260813,74,1,1,1,0,0,1,46,37,1,1,344.7226028375244,371.52700407469126,0,0,0,0,0,0,42302376,3116592
high_success,16,16,4,20260813,75,1,1,1,0,0,1,62,102,1,2,311.0598987960736,305.5511981193787,0,0,0,0,0,0,56992680,4200624
high_success,16,16,4,20260813,76,1,1,1,0,0,1,37,24,1,1,242.9607474969524,244.45089977786057,0,0,0,0,0,0,34039080,2506824
high_success,16,16,4,20260813,77,1,1,1,0,0,1,106,167,2,3,431.6285471986719,443.6543913652894,0,0,0,0,0,0,97391016,7181712
high_success,16,16,4,20260813,78,1,1,1,0,0,1,59,45,1,1,318.52267416997347,324.9551268258796,0,0,0,170968,35930,0,54238248,3997368
high_success,16,16,4,20260813,79,1,1,1,0,0,1,28,101,1,2,301.0663410319129,299.93196108015326,0,0,0,0,0,0,25775784,1897056
high_success,16,16,4,20260813,80,1,1,1,0,0,1,80,136,1,2,333.747179358654,336.62542355410795,0,0,0,337757,71996,0,73519272,5420160
high_success,16,16,4,20260813,81,1,1,1,0,0,1,52,25,1,1,275.73362501900294,285.9414971385273,0,0,0,3637478,642603,0,47811240,3523104
high_success,16,16,4,20260813,82,1,1,1,0,0,1,61,109,1,2,317.9857317631179,341.2865377153572,0,0,0,3971076,698574,0,56074536,4132872
high_success,16,16,4,20260813,83,1,1,1,0,0,1,167,128,3,2,341.94709482401214,331.4860004212024,0,0,0,5140765,888507,0,153397800,11314584
high_success,16,16,4,20260813,84,1,1,1,0,0,1,30,37,1,1,242.5003544043204,250.75211346302956,0,0,0,0,0,0,27612072,2032560
high_success,16,16,4,20260813,85,1,1,1,0,0,1,44,106,1,2,390.52954596370387,391.8703057097051,0,0,0,0,0,0,40466088,2981088
high_success,16,16,4,20260813,86,1,1,1,0,0,1,165,107,3,2,300.92449066551467,280.11412180627536,0,0,0,2731250,494355,0,151561512,11179080
high_success,16,16,4,20260813,87,1,1,1,0,0,1,168,161,3,3,257.3236790739817,259.860127606676,0,0,0,8242450,1400372,0,154315944,11382336
high_success,16,16,4,20260813,88,1,1,1,0,0,1,28,91,1,2,307.5671217276113,292.13097824529143,0,0,0,0,0,0,25775784,1897056
high_success,16,16,4,20260813,89,1,1,1,0,0,1,69,47,1,1,375.8432311774419,381.53107550864195,0,0,0,0,0,0,63419688,4674888
high_success,16,16,4,20260813,90,1,1,1,0,0,1,98,30,2,1,300.0324897734946,284.7813793513335,0,0,0,7671924,1302238,0,90045864,6639696
high_success,16,16,4,20260813,91,1,1,1,0,0,1,33,42,1,1,263.9181950742098,260.8548827750357,0,0,0,0,0,0,30366504,2235816
high_success,16,16,4,20260813,92,1,1,1,0,0,1,160,375,3,6,415.41969793754174,446.0983994107325,0,0,0,3035343,539745,0,146970792,10840320
high_success,16,16,4,20260813,93,1,1,1,0,0,1,28,27,1,1,318.2780739433674,277.4038351092961,0,0,0,0,0,0,25775784,1897056
high_success,16,16,4,20260813,94,1,1,1,0,0,1,36,35,1,1,324.98698064621385,295.044544278146,0,0,0,0,0,0,33120936,2439072
high_success,16,16,4,20260813,95,1,1,1,0,0,1,157,42,3,1,388.97960370172245,360.51243337075067,0,0,0,5688226,980398,0,144216360,10637064
high_success,16,16,4,20260813,96,1,1,1,0,0,1,37,20,1,1,322.9638345013785,329.8917725814215,0,0,0,0,0,0,34039080,2506824
high_success,16,16,4,20260813,97,1,1,1,0,0,1,45,116,1,2,409.2584122017428,442.65850502818773,0,0,0,0,0,0,41384232,3048840
high_success,16,16,4,20260813,98,1,1,1,0,0,1,133,110,2,2,390.2602674701491,373.2580157286062,0,0,0,1546053,291678,0,122180904,9011016
high_success,16,16,4,20260813,99,1,1,1,0,0,1,31,162,1,3,344.93952255060947,371.9643204042568,0,0,0,0,0,0,28530216,2100312
high_success,16,16,4,20260813,100,1,1,1,0,0,1,134,43,2,1,396.501718985411,316.7601794550043,0,0,0,5351549,923852,0,123099048,9078768
high_success,16,16,4,20260813,101,1,1,1,0,0,1,24,17,1,1,251.2938370822915,259.27356483851827,0,0,0,0,0,0,22103208,1626048
high_success,16,16,4,20260813,102,1,1,1,0,0,1,469,38,8,1,384.24764019698006,353.7628845921156,0,0,0,5369423,923513,0,430677288,31775688
high_success,16,16,4,20260813,103,1,1,1,0,0,1,107,105,2,2,380.9677738713133,377.8171018137457,0,0,0,56975,11926,0,98309160,7249464
high_success,16,16,4,20260813,104,1,1,1,0,0,1,131,590,2,10,391.95607607190016,371.60431270096217,0,0,0,2078065,379798,0,120344616,8875512
high_success,16,16,4,20260813,105,1,1,1,0,0,1,125,132,2,2,330.0906632296115,333.86867319213167,0,0,0,5708676,981923,0,114835752,8469000
high_success,16,16,4,20260813,106,1,1,1,0,0,1,106,51,2,1,342.15533615615004,329.8174457674751,0,0,0,10687727,1798043,0,97391016,7181712
high_success,16,16,4,20260813,107,1,1,1,0,0,1,57,121,1,2,432.28989420784046,511.76929986513164,0,0,0,0,0,0,52401960,3861864
high_success,16,16,4,20260813,108,1,1,1,0,0,1,30,33,1,1,283.30617820649775,242.11451747161775,0,0,0,0,0,0,27612072,2032560
high_success,16,16,4,20260813,109,1,1,1,0,0,1,492,464,8,8,404.4221724673488,398.38268584059676,0,0,0,46,23,0,451794600,33333984
high_success,16,16,4,20260813,110,1,1,1,0,0,1,221,68,4,1,400.78667871502,367.9781547416666,0,0,0,7335522,1249973,0,202977576,14973192
high_success,16,16,4,20260813,111,1,1,1,0,0,1,614,612,10,10,305.38225393103835,335.02480134891584,0,0,0,11826071,1986581,0,563808168,41599728
high_success,16,16,4,20260813,112,1,1,1,0,0,1,73,52,1,1,385.53322980581197,380.11819525561873,0,0,0,6544030,1117945,0,67092264,4945896
high_success,16,16,4,20260813,113,1,1,1,0,0,1,101,49,2,1,257.1668200031425,255.4725696447686,0,0,0,12362232,2075677,0,92800296,6842952
high_success,16,16,4,20260813,114,1,1,1,0,0,1,34,59,1,1,393.65782232731993,367.7920592632123,0,0,0,0,0,0,31284648,2303568
high_success,16,16,4,20260813,115,1,1,1,0,0,1,112,116,2,2,350.51660661340367,351.57580358970966,0,0,0,3013408,541217,0,102899880,7588224
high_success,16,16,4,20260813,116,1,1,1,0,0,1,105,91,2,2,305.9543894603747,295.7942115852386,0,0,0,359289,74740,0,96472872,7113960
high_success,16,16,4,20260813,117,1,1,1,0,0,1,40,52,1,1,325.5338271747982,310.99807886397264,0,0,0,0,0,0,36793512,2710080
high_success,16,16,4,20260813,118,1,1,1,0,0,1,40,28,1,1,323.91576369930044,321.52925021588663,0,0,0,0,0,0,36793512,2710080
high_success,16,16,4,20260813,119,1,1,1,0,0,1,39,52,1,1,337.3092266541547,347.3831687824045,0,0,0,0,0,0,35875368,2642328
high_success,16,16,4,20260813,120,1,1,1,0,0,1,49,101,1,2,312.8594605080011,337.6184205046024,0,0,0,7432,2281,0,45056808,3319848
high_success,16,16,4,20260813,121,1,1,1,0,0,1,55,290,1,5,437.16530709367737,468.9807837702102,0,0,0,0,0,0,50565672,3726360
high_success,16,16,4,20260813,122,1,1,1,0,0,1,41,61,1,1,283.49967044706113,286.53055185673327,0,0,0,0,0,0,37711656,2777832
high_success,16,16,4,20260813,123,1,1,1,0,0,1,34,53,1,1,298.378613105957,285.23713734113096,0,0,0,0,0,0,31284648,2303568
high_success,16,16,4,20260813,124,1,1,1,0,0,1,114,73,2,1,337.2891393762418,317.967363033831,0,0,0,6553143,1121971,0,104736168,7723728
high_success,16,16,4,20260813,125,1,1,1,0,0,1,79,101,1,2,280.5453520498297,321.80563378649833,0,0,0,9994318,1688712,0,72601128,5352408
high_success,16,16,4,20260813,126,1,1,1,0,0,1,114,75,2,1,361.96936472381594,341.034180686038,0,0,0,1861852,349096,0,104736168,7723728
high_success,16,16,4,20260813,127,1,1,1,0,0,1,40,113,1,2,312.07016009676124,307.9068282163679,0,0,0,0,0,0,36793512,2710080
high_success,18,16,4,20260809,0,1,1,1,0,0,1,37,50,1,1,305.55001081021453,316.150507998773,0,0,0,0,0,0,34039080,2506824
high_success,18,16,4,20260809,1,1,1,1,0,0,1,51,54,1,1,301.4131020079944,295.8421562823993,0,0,0,0,0,0,46893096,3455352
high_success,18,16,4,20260809,2,1,1,1,0,0,1,74,49,1,1,390.05367717959547,376.9920874030173,0,0,0,1345032,258573,0,68010408,5013648
high_success,18,16,4,20260809,3,1,1,1,0,0,1,56,50,1,1,355.07409456717556,411.0690501344702,0,0,0,0,0,0,51483816,3794112
high_success,18,16,4,20260809,4,1,1,1,0,0,1,53,77,1,1,319.88950307662157,316.859506003368,0,0,0,0,0,0,48729384,3590856
high_success,18,16,4,20260809,5,1,1,1,0,0,1,114,61,2,1,291.93585015114076,284.78755843446555,0,0,0,2184359,402290,0,104736168,7723728
high_success,18,16,4,20260809,6,1,1,1,0,0,1,94,97,2,2,320.7666021111063,290.8862795278997,0,0,0,0,0,0,86373288,6368688
high_success,18,16,4,20260809,7,1,1,1,0,0,1,56,57,1,1,357.31860687854106,345.37354468468345,0,0,0,28420,6621,0,51483816,3794112
high_success,18,16,4,20260809,8,1,1,1,0,0,1,54,96,1,2,337.51386556784337,353.3943827468188,0,0,0,0,0,0,49647528,3658608
high_success,18,16,4,20260809,9,1,1,1,0,0,1,358,113,6,2,337.9432387724209,337.6555566732169,0,0,0,0,0,0,328763304,24255216
high_success,18,16,4,20260809,10,1,1,1,0,0,1,53,36,1,1,310.5067186071732,300.9064406211655,0,0,0,0,0,0,48729384,3590856
high_success,18,16,4,20260809,11,1,1,1,0,0,1,197,109,3,2,369.2094609750159,369.49244399825045,0,0,0,0,0,0,180942120,13347144
high_success,18,16,4,20260809,12,1,1,1,0,0,1,60,106,1,2,409.8993753164099,378.383950687313,0,0,0,0,0,0,55156392,4065120
high_success,18,16,4,20260809,13,1,1,1,0,0,1,237,477,4,8,431.94414164468174,462.0833092594942,0,0,0,9045433,1530573,0,217667880,16057224
high_success,18,16,4,20260809,14,1,1,1,0,0,1,39,74,1,1,423.85757918949764,345.5072850150399,0,0,0,0,0,0,35875368,2642328
high_success,18,16,4,20260809,15,1,1,1,0,0,1,180,109,3,2,364.86504913509316,344.4792779342199,0,0,0,0,0,0,165333672,12195360
high_success,18,16,4,20260809,16,1,1,1,0,0,1,115,106,2,2,420.8742691024928,416.9069244965026,0,0,0,829037,166992,0,105654312,7791480
high_success,18,16,4,20260809,17,1,1,1,0,0,1,58,116,1,2,294.5323698581094,340.0324543479306,0,0,0,0,0,0,53320104,3929616
high_success,18,16,4,20260809,18,1,1,1,0,0,1,355,367,6,6,489.5720222879788,480.13675174531954,0,0,0,2099587,388329,0,326008872,24051960
high_success,18,16,4,20260809,19,1,1,1,0,0,1,41,55,1,1,375.8485716269149,357.5249128663397,0,0,0,0,0,0,37711656,2777832
high_success,18,16,4,20260809,20,1,1,1,0,0,1,74,99,1,2,295.8497901266065,291.7513747497878,0,0,0,4339554,757008,0,68010408,5013648
high_success,18,16,4,20260809,21,1,1,1,0,0,1,26,43,1,1,271.03848372018774,274.81767044471906,0,0,0,0,0,0,23939496,1761552
high_success,18,16,4,20260809,22,1,1,1,0,0,1,40,108,1,2,320.50100238223763,322.68522182561094,0,0,0,0,0,0,36793512,2710080
high_success,18,16,4,20260809,23,1,1,1,0,0,1,124,112,2,2,393.1846833831027,379.7379039079678,0,0,0,0,0,0,113917608,8401248
high_success,18,16,4,20260809,24,1,1,1,0,0,1,105,63,2,1,285.0291211855315,302.67489240317093,0,0,0,4350147,760716,0,96472872,7113960
high_success,18,16,4,20260809,25,1,1,1,0,0,1,130,110,2,2,246.70671112961878,245.84062319376295,0,0,0,11698,3016,0,119426472,8807760
high_success,18,16,4,20260809,26,1,1,1,0,0,1,116,64,2,1,318.2584366727333,368.44346496315643,0,0,0,5638071,970788,0,106572456,7859232
high_success,18,16,4,20260809,27,1,1,1,0,0,1,95,106,2,2,270.1321048618944,272.99131908360266,0,0,0,4227892,739889,0,87291432,6436440
high_success,18,16,4,20260809,28,1,1,1,0,0,1,188,280,3,5,366.1333077894509,338.26973088999637,0,0,0,1679103,323877,0,172678824,12737376
high_success,18,16,4,20260809,29,1,1,1,0,0,1,112,37,2,1,337.9075387194328,361.0660008043983,0,0,0,0,0,0,102899880,7588224
high_success,18,16,4,20260809,30,1,1,1,0,0,1,56,45,1,1,335.8874928717877,334.80387685725094,0,0,0,0,0,0,51483816,3794112
high_success,18,16,4,20260809,31,1,1,1,0,0,1,22,54,1,1,275.3124962264201,281.4285332048003,0,0,0,0,0,0,20266920,1490544
high_success,18,16,4,20260809,32,1,1,1,0,0,1,52,68,1,1,334.1424512311711,355.35740079521946,0,0,0,1443,509,0,47811240,3523104
high_success,18,16,4,20260809,33,1,1,1,0,0,1,228,71,4,1,363.7156943478983,347.96007531107284,0,0,0,2723019,491515,0,209404584,15447456
high_success,18,16,4,20260809,34,1,1,1,0,0,1,460,219,8,4,344.7447198147221,357.4694933281322,0,0,0,895672,175093,0,422413992,31165920
high_success,18,16,4,20260809,35,1,1,1,0,0,1,64,117,1,2,412.50528973540565,414.9017858583601,0,0,0,0,0,0,58828968,4336128
high_success,18,16,4,20260809,36,1,1,1,0,0,1,107,113,2,2,390.10989846107816,413.991497947047,0,0,0,675012,137031,0,98309160,7249464
high_success,18,16,4,20260809,37,1,1,1,0,0,1,1274,1066,21,18,389.93858857351313,375.90166586652606,0,0,0,0,0,0,1169783208,86316048
high_success,18,16,4,20260809,38,1,1,1,0,0,1,107,121,2,2,427.36437362518814,413.8628949981056,0,0,0,0,0,0,98309160,7249464
high_success,18,16,4,20260809,39,1,1,1,0,0,1,75,35,1,1,336.89212124604023,346.645950385584,0,0,0,0,0,0,68928552,5081400
high_success,18,16,4,20260809,40,1,1,1,0,0,1,101,48,2,1,286.1034102335374,278.6305544268014,0,0,0,0,0,0,92800296,6842952
high_success,18,16,4,20260809,41,1,1,1,0,0,1,40,55,1,1,239.4027688953207,220.81232332305785,0,0,0,0,0,0,36793512,2710080
high_success,18,16,4,20260809,42,1,1,1,0,0,1,260,183,4,3,369.75094952032305,348.17049607957125,0,0,0,0,0,0,238785192,17615520
high_success,18,16,4,20260809,43,1,1,1,0,0,1,50,41,1,1,402.01405949414766,348.33280089578216,0,0,0,384439,81840,0,45974952,3387600
high_success,18,16,4,20260809,44,1,1,1,0,0,1,40,34,1,1,384.61057828523064,387.93090982489014,0,0,0,0,0,0,36793512,2710080
high_success,18,16,4,20260809,45,1,1,1,0,0,1,100,29,2,1,275.8170898883621,244.10550153708377,0,0,0,5842918,1004614,0,91882152,6775200
high_success,18,16,4,20260809,46,1,1,1,0,0,1,40,118,1,2,392.36621478311866,430.56729962244316,0,0,0,0,0,0,36793512,2710080
high_success,18,16,4,20260809,47,1,1,1,0,0,1,107,154,2,3,316.03924477451943,300.01492801363406,0,0,0,7711563,1313169,0,98309160,7249464
high_success,18,16,4,20260809,48,1,1,1,0,0,1,49,112,1,2,392.6752934211929,377.7454500939423,0,0,0,0,0,0,45056808,3319848
high_success,18,16,4,20260809,49,1,1,1,0,0,1,51,42,1,1,326.4988095837539,372.69263280380574,0,0,0,0,0,0,46893096,3455352
high_success,18,16,4,20260809,50,1,1,1,0,0,1,29,45,1,1,312.3957280116331,307.0209460082193,0,0,0,0,0,0,26693928,1964808
high_success,18,16,4,20260809,51,1,1,1,0,0,1,46,35,1,1,270.88026360459173,302.69024565728876,0,0,0,0,0,0,42302376,3116592
high_success,18,16,4,20260809,52,1,1,1,0,0,1,42,33,1,1,252.36892901675873,255.01196803964532,0,0,0,0,0,0,38629800,2845584
high_success,18,16,4,20260809,53,1,1,1,0,0,1,129,56,2,1,362.26342210287305,313.08784763895227,0,0,0,0,0,0,118508328,8740008
high_success,18,16,4,20260809,54,1,1,1,0,0,1,38,107,1,2,378.1257195381372,412.8174821688817,0,0,0,0,0,0,34957224,2574576
high_success,18,16,4,20260809,55,1,1,1,0,0,1,120,64,2,1,430.8783504422526,391.48906564653146,0,0,0,2557922,464893,0,110245032,8130240
high_success,18,16,4,20260809,56,1,1,1,0,0,1,97,176,2,3,323.26461627809977,325.0559488778861,0,0,0,3626652,640360,0,89127720,6571944
high_success,18,16,4,20260809,57,1,1,1,0,0,1,75,17,1,1,316.688516628645,315.7211805205401,0,0,0,4713103,819161,0,68928552,5081400
high_success,18,16,4,20260809,58,1,1,1,0,0,1,46,43,1,1,344.88527933146213,317.00908710413137,0,0,0,0,0,0,42302376,3116592
high_success,18,16,4,20260809,59,1,1,1,0,0,1,62,65,1,1,434.81272223819707,428.8830827790339,0,0,0,0,0,0,56992680,4200624
high_success,18,16,4,20260809,60,1,1,1,0,0,1,110,111,2,2,303.73505443758995,301.56852893963224,0,0,0,1721480,323089,0,101063592,7452720
high_success,18,16,4,20260809,61,1,1,1,0,0,1,95,229,2,4,387.93618423462743,396.99775024913134,0,0,0,0,0,0,87291432,6436440
high_success,18,16,4,20260809,62,1,1,1,0,0,1,70,48,1,1,365.1642157454962,401.3753352709339,0,0,0,0,0,0,64337832,4742640
high_success,18,16,4,20260809,63,1,1,1,0,0,1,44,128,1,2,428.8281907903941,412.15507292145514,0,0,0,0,0,0,40466088,2981088
high_success,18,16,4,20260809,64,1,1,1,0,0,1,19,62,1,1,278.7770616951118,284.65331145204266,0,0,0,0,0,0,17512488,1287288
high_success,18,16,4,20260809,65,1,1,1,0,0,1,30,24,1,1,291.32337817013274,284.0163272597328,0,0,0,0,0,0,27612072,2032560
high_success,18,16,4,20260809,66,1,1,1,0,0,1,91,74,2,1,308.53379610716627,320.81288060526276,0,0,0,8474,2194,0,83618856,6165432
high_success,18,16,4,20260809,67,1,1,1,0,0,1,117,105,2,2,452.74697995625183,450.39138118882147,0,0,0,0,0,0,107490600,7926984
high_success,18,16,4,20260809,68,1,1,1,0,0,1,35,192,1,3,278.0653128719078,348.7469720331705,0,0,0,0,0,0,32202792,2371320
high_success,18,16,4,20260809,69,1,1,1,0,0,1,44,54,1,1,359.1234501595909,353.00652948684586,0,0,0,0,0,0,40466088,2981088
high_success,18,16,4,20260809,70,1,1,1,0,0,1,57,69,1,1,310.88219261150005,290.49033004110197,0,0,0,0,0,0,52401960,3861864
high_success,18,16,4,20260809,71,1,1,1,0,0,1,73,47,1,1,233.1465689666065,267.97486048301334,0,0,0,0,0,0,67092264,4945896
high_success,18,16,4,20260809,72,1,1,1,0,0,1,108,105,2,2,376.0425874188199,349.59750763204715,0,0,0,0,0,0,99227304,7317216
high_success,18,16,4,20260809,73,1,1,1,0,0,1,52,119,1,2,331.86996921267814,283.1554623235277,0,0,0,0,0,0,47811240,3523104
high_success,18,16,4,20260809,74,1,1,1,0,0,1,61,57,1,1,398.7787774029572,387.9874855651864,0,0,0,0,0,0,56074536,4132872
high_success,18,16,4,20260809,75,1,1,1,0,0,1,70,123,1,2,430.7796585502889,412.245938158712,0,0,0,21819,5113,0,64337832,4742640
high_success,18,16,4,20260809,76,1,1,1,0,0,1,122,50,2,1,400.65456883751546,397.1305695605759,0,0,0,4411459,768108,0,112081320,8265744
high_success,18,16,4,20260809,77,1,1,1,0,0,1,107,99,2,2,341.8447641574207,347.60080791066207,0,0,0,1977563,371307,0,98309160,7249464
high_success,18,16,4,20260809,78,1,1,1,0,0,1,107,100,2,2,300.3975389344853,295.9252053905493,0,0,0,4766923,828567,0,98309160,7249464
high_success,18,16,4,20260809,79,1,1,1,0,0,1,47,42,1,1,335.311299049251,270.8175975206705,0,0,0,0,0,0,43220520,3184344
high_success,18,16,4,20260809,80,1,1,1,0,0,1,134,115,2,2,387.36912720269686,380.40374020520085,0,0,0,4251158,744246,0,123099048,9078768
high_success,18,16,4,20260809,81,1,1,1,0,0,1,131,37,2,1,370.2992867812028,402.7657631798756,0,0,0,7449427,1262657,0,120344616,8875512
high_success,18,16,4,20260809,82,1,1,1,0,0,1,121,98,2,2,333.05965671155013,312.4037230212386,0,0,0,5784393,993407,0,111163176,8197992
high_success,18,16,4,20260809,83,1,1,1,0,0,1,61,64,1,1,370.4829043143718,372.7825107515174,0,0,0,0,0,0,56074536,4132872
high_success,18,16,4,20260809,84,1,1,1,0,0,1,189,111,3,2,455.8206781776741,411.61440529026436,0,0,0,0,0,0,173596968,12805128
high_success,18,16,4,20260809,85,1,1,1,0,0,1,35,34,1,1,218.80674915219106,223.69670432752292,0,0,0,0,0,0,32202792,2371320
high_success,18,16,4,20260809,86,1,1,1,0,0,1,77,78,1,1,352.4878697897103,412.1596308905322,0,0,0,3758770,661016,0,70764840,5216904
high_success,18,16,4,20260809,87,1,1,1,0,0,1,127,171,2,3,349.9597756293947,321.36576945339345,0,0,0,0,0,0,116672040,8604504
high_success,18,16,4,20260809,88,1,1,1,0,0,1,71,30,1,1,377.12830770045304,330.74109469125915,0,0,0,4895864,851039,0,65255976,4810392
high_success,18,16,4,20260809,89,1,1,1,0,0,1,123,35,2,1,389.90879686591927,382.9451424142334,0,0,0,5413086,936823,0,112999464,8333496
high_success,18,16,4,20260809,90,1,1,1,0,0,1,116,46,2,1,319.90285662962106,370.29109898211834,0,0,0,5741066,985667,0,106572456,7859232
high_success,18,16,4,20260809,91,1,1,1,0,0,1,252,233,4,4,484.66981925192107,485.3949279802032,0,0,0,0,0,0,231440040,17073504
high_success,18,16,4,20260809,92,1,1,1,0,0,1,41,105,1,2,317.1575995245718,331.6189028144149,0,0,0,0,0,0,37711656,2777832
high_success,18,16,4,20260809,93,1,1,1,0,0,1,43,43,1,1,295.6517768406006,294.1119317272283,0,0,0,0,0,0,39547944,2913336
high_success,18,16,4,20260809,94,1,1,1,0,0,1,119,40,2,1,355.54249732921335,351.03375147423196,0,0,0,0,0,0,109326888,8062488
high_success,18,16,4,20260809,95,1,1,1,0,0,1,34,24,1,1,348.0778008716408,344.74623244281975,0,0,0,0,0,0,31284648,2303568
high_success,18,16,4,20260809,96,1,1,1,0,0,1,93,37,2,1,318.3857792938925,308.73224184787404,0,0,0,1171929,227271,0,85455144,6300936
high_success,18,16,4,20260809,97,1,1,1,0,0,1,107,117,2,2,402.9985009006441,379.4573697465472,0,0,0,0,0,0,98309160,7249464
high_success,18,16,4,20260809,98,1,1,1,0,0,1,56,55,1,1,343.75970392707166,321.77892080084104,0,0,0,0,0,0,51483816,3794112
high_success,18,16,4,20260809,99,1,1,1,0,0,1,61,104,1,2,318.1060524796931,306.4904972072877,0,0,0,0,0,0,56074536,4132872
high_success,18,16,4,20260809,100,1,1,1,0,0,1,44,102,1,2,413.8353972973408,350.4373976384833,0,0,0,0,0,0,40466088,2981088
high_success,18,16,4,20260809,101,1,1,1,0,0,1,133,105,2,2,342.85138276676423,321.19061946609963,0,0,0,969064,191264,0,122180904,9011016
high_success,18,16,4,20260809,102,1,1,1,0,0,1,98,33,2,1,236.95282842909873,230.96983702531816,0,0,0,10577606,1786080,0,90045864,6639696
high_success,18,16,4,20260809,103,1,1,1,0,0,1,115,56,2,1,408.87567374043533,422.3090402641789,0,0,0,0,0,0,105654312,7791480
high_success,18,16,4,20260809,104,1,1,1,0,0,1,46,55,1,1,279.1098242470955,281.5018680399602,0,0,0,0,0,0,42302376,3116592
high_success,18,16,4,20260809,105,1,1,1,0,0,1,77,119,1,2,379.49944335620603,426.1257354359191,0,0,0,153,70,0,70764840,5216904
high_success,18,16,4,20260809,106,1,1,1,0,0,1,37,52,1,1,297.62888873369275,290.5481698056984,0,0,0,0,0,0,34039080,2506824
high_success,18,16,4,20260809,107,1,1,1,0,0,1,130,112,2,2,318.29842720297626,311.76010852012644,0,0,0,0,0,0,119426472,8807760
high_success,18,16,4,20260809,108,1,1,1,0,0,1,291,137,5,2,387.9261870128643,365.9038456897733,0,0,0,2848685,510190,0,267247656,19715832
high_success,18,16,4,20260809,109,1,1,1,0,0,1,35,49,1,1,376.2589780051825,363.5772414406199,0,0,0,0,0,0,32202792,2371320
high_success,18,16,4,20260809,110,1,1,1,0,0,1,177,169,3,3,471.3022782485611,479.7279096871564,0,0,0,0,0,0,162579240,11992104
high_success,18,16,4,20260809,111,1,1,1,0,0,1,74,50,1,1,388.37976696980843,370.80084185716714,0,0,0,0,0,0,68010408,5013648
high_success,18,16,4,20260809,112,1,1,1,0,0,1,26,122,1,2,329.4982912348448,361.5322558499053,0,0,0,0,0,0,23939496,1761552
high_success,18,16,4,20260809,113,1,1,1,0,0,1,114,36,2,1,298.5917124371066,271.6416502974638,0,0,0,8965896,1517395,0,104736168,7723728
high_success,18,16,4,20260809,114,1,1,1,0,0,1,187,470,3,8,407.7584457260857,360.7632206642122,0,0,0,1791212,337798,0,171760680,12669624
high_success,18,16,4,20260809,115,1,1,1,0,0,1,28,33,1,1,275.2668813669328,276.4188833712093,0,0,0,0,0,0,25775784,1897056
high_success,18,16,4,20260809,116,1,1,1,0,0,1,59,109,1,2,332.15867053481225,340.77811960221123,0,0,0,0,0,0,54238248,3997368
high_success,18,16,4,20260809,117,1,1,1,0,0,1,109,109,2,2,403.88089782242633,419.54963349621175,0,0,0,5140248,888960,0,100145448,7384968
high_success,18,16,4,20260809,118,1,1,1,0,0,1,80,75,1,1,348.66873767960703,327.4844959274664,0,0,0,171841,29553,0,73519272,5420160
high_success,18,16,4,20260809,119,1,1,1,0,0,1,126,75,2,1,310.19417680786364,302.2177009896234,0,0,0,0,0,0,115753896,8536752
high_success,18,16,4,20260809,120,1,1,1,0,0,1,122,287,2,5,289.2157580355413,293.2598992533241,0,0,0,6925868,1181956,0,112081320,8265744
high_success,18,16,4,20260809,121,1,1,1,0,0,1,158,115,3,2,459.6381482390126,465.0928012029778,0,0,0,515603,106578,0,145134504,10704816
high_success,18,16,4,20260809,122,1,1,1,0,0,1,34,37,1,1,333.0571256048586,283.98789769180485,0,0,0,0,0,0,31284648,2303568
high_success,18,16,4,20260809,123,1,1,1,0,0,1,47,42,1,1,374.37340679766857,418.95242141121133,0,0,0,0,0,0,43220520,3184344
high_success,18,16,4,20260809,124,1,1,1,0,0,1,533,118,9,2,353.6850834203858,333.93197127670703,0,0,0,7641198,1297082,0,489438504,36111816
high_success,18,16,4,20260809,125,1,1,1,0,0,1,35,55,1,1,351.5145790985248,360.5798427452356,0,0,0,0,0,0,32202792,2371320
high_success,18,16,4,20260809,126,1,1,1,0,0,1,95,34,2,1,371.4813751533838,370.35545532330787,0,0,0,856798,167629,0,87291432,6436440
high_success,18,16,4,20260809,127,1,1,1,0,0,1,117,40,2,1,403.9895747286845,367.958886298706,0,0,0,0,0,0,107490600,7926984
high_success,18,16,4,20260810,0,1,1,1,0,0,1,67,79,1,1,480.8124033205825,481.47777210069887,0,0,0,455581,97474,0,61583400,4539384
high_success,18,16,4,20260810,1,1,1,1,0,0,1,31,36,1,1,309.04388017571375,309.04388017571375,0,0,0,0,0,0,28530216,2100312
high_success,18,16,4,20260810,2,1,1,1,0,0,1,74,37,1,1,324.6141466832845,314.88502200173843,0,0,0,3600209,637512,0,68010408,5013648
high_success,18,16,4,20260810,3,1,1,1,0,0,1,471,182,8,3,379.04063956486533,353.9056908881456,0,0,0,9024470,1527680,0,432513576,31911192
high_success,18,16,4,20260810,4,1,1,1,0,0,1,298,134,5,2,394.64872802117463,384.5816108762466,0,0,0,0,0,0,273674664,20190096
high_success,18,16,4,20260810,5,1,1,1,0,0,1,49,48,1,1,402.39280073000907,376.2521573820157,0,0,0,0,0,0,45056808,3319848
high_success,18,16,4,20260810,6,1,1,1,0,0,1,23,66,1,1,317.60359603138767,314.4803128312264,0,0,0,0,0,0,21185064,1558296
high_success,18,16,4,20260810,7,1,1,1,0,0,1,97,119,2,2,319.3853007272544,334.0312337061729,0,0,0,7859015,1335433,0,89127720,6571944
high_success,18,16,4,20260810,8,1,1,1,0,0,1,182,170,3,3,439.9874129338052,410.1333188541713,0,0,0,0,0,0,167169960,12330864
high_success,18,16,4,20260810,9,1,1,1,0,0,1,640,221,11,4,428.4625411109955,400.46717825585915,0,0,0,0,0,0,587679912,43361280
high_success,18,16,4,20260810,10,1,1,1,0,0,1,42,54,1,1,389.27482274900456,422.5043776597895,0,0,0,0,0,0,38629800,2845584
high_success,18,16,4,20260810,11,1,1,1,0,0,1,50,27,1,1,310.6350021916819,310.1666754338604,0,0,0,1072997,211672,0,45974952,3387600
high_success,18,16,4,20260810,12,1,1,1,0,0,1,34,64,1,1,307.26354900377316,319.9507509102992,0,0,0,0,0,0,31284648,2303568
high_success,18,16,4,20260810,13,1,1,1,0,0,1,159,77,3,1,304.26164150895255,302.64376608609143,0,0,0,4959237,858311,0,146052648,10772568
high_success,18,16,4,20260810,14,1,1,1,0,0,1,63,108,1,2,300.91635632150917,298.4314092906592,0,0,0,35190,6862,0,57910824,4268376
high_success,18,16,4,20260810,15,1,1,1,0,0,1,17,31,1,1,252.22248931897155,252.62795436019908,0,0,0,0,0,0,15676200,1151784
high_success,18,16,4,20260810,16,1,1,1,0,0,1,47,133,1,2,283.2190543618213,298.7414779931553,0,0,0,0,0,0,43220520,3184344
high_success,18,16,4,20260810,17,1,1,1,0,0,1,38,102,1,2,432.5891002910465,408.8726675973493,0,0,0,0,0,0,34957224,2574576
high_success,18,16,4,20260810,18,1,1,1,0,0,1,72,33,1,1,306.56581176443586,324.8603188768418,0,0,0,0,0,0,66174120,4878144
high_success,18,16,4,20260810,19,1,1,1,0,0,1,111,114,2,2,418.05556261855475,413.93723163280686,0,0,0,2084965,386976,0,101981736,7520472
high_success,18,16,4,20260810,20,1,1,1,0,0,1,113,170,2,3,331.3382098798134,326.9828909787338,0,0,0,4756549,827791,0,103818024,7655976
high_success,18,16,4,20260810,21,1,1,1,0,0,1,240,34,4,1,322.64370796183806,293.2766805129858,0,0,0,106998,22615,0,220422312,16260480
high_success,18,16,4,20260810,22,1,1,1,0,0,1,77,42,1,1,259.93352705306546,300.44596591051925,0,0,0,1462767,279033,0,70764840,5216904
high_success,18,16,4,20260810,23,1,1,1,0,0,1,47,172,1,3,356.6532976900697,364.9729736776376,0,0,0,0,0,0,43220520,3184344
high_success,18,16,4,20260810,24,1,1,1,0,0,1,66,38,1,1,329.59581165515885,329.40740687148184,0,0,0,0,0,0,60665256,4471632
high_success,18,16,4,20260810,25,1,1,1,0,0,1,58,102,1,2,323.69010880759095,362.3792411478169,0,0,0,153,70,0,53320104,3929616
high_success,18,16,4,20260810,26,1,1,1,0,0,1,183,46,3,1,522.3417483608453,454.9033375519107,0,0,0,53661,9067,0,168088104,12398616
high_success,18,16,4,20260810,27,1,1,1,0,0,1,56,71,1,1,367.95742112817027,359.53289445473746,0,0,0,0,0,0,51483816,3794112
high_success,18,16,4,20260810,28,1,1,1,0,0,1,45,30,1,1,387.6062702116176,382.2633596771818,0,0,0,0,0,0,41384232,3048840
high_success,18,16,4,20260810,29,1,1,1,0,0,1,118,182,2,3,341.50032524329924,329.53295071902664,0,0,0,0,0,0,108408744,7994736
high_success,18,16,4,20260810,30,1,1,1,0,0,1,102,56,2,1,266.74832951903704,316.8858096154092,0,0,0,5013048,867938,0,93718440,6910704
high_success,18,16,4,20260810,31,1,1,1,0,0,1,175,135,3,2,355.0749212722885,311.6635102448413,0,0,0,6670307,1139865,0,160742952,11856600
high_success,18,16,4,20260810,32,1,1,1,0,0,1,31,53,1,1,342.511195653736,336.8729348425182,0,0,0,0,0,0,28530216,2100312
high_success,18,16,4,20260810,33,1,1,1,0,0,1,777,123,13,2,391.71981439010506,361.8619357840276,0,0,0,434694,88570,0,713465640,52643304
high_success,18,16,4,20260810,34,1,1,1,0,0,1,320,117,5,2,456.2904077873641,446.2644175823433,0,0,0,0,0,0,293873832,21680640
high_success,18,16,4,20260810,35,1,1,1,0,0,1,97,285,2,5,252.85602955336495,273.0382634158195,0,0,0,8358027,1418215,0,89127720,6571944
high_success,18,16,4,20260810,36,1,1,1,0,0,1,47,53,1,1,268.9787330744349,250.8665973388951,0,0,0,0,0,0,43220520,3184344
high_success,18,16,4,20260810,37,1,1,1,0,0,1,31,59,1,1,267.84315739772256,267.53696967202205,0,0,0,0,0,0,28530216,2100312
high_success,18,16,4,20260810,38,1,1,1,0,0,1,33,53,1,1,237.64900335488142,229.84136838532922,0,0,0,0,0,0,30366504,2235816
high_success,18,16,4,20260810,39,1,1,1,0,0,1,99,102,2,2,351.4785887891824,324.2111113507683,0,0,0,0,0,0,90964008,6707448
high_success,18,16,4,20260810,40,1,1,1,0,0,1,121,40,2,1,316.43696253708646,326.0938743027125,0,0,0,8131709,1380296,0,111163176,8197992
high_success,18,16,4,20260810,41,1,1,1,0,0,1,48,47,1,1,411.1589156833457,414.1220672936548,0,0,0,0,0,0,44138664,3252096
high_success,18,16,4,20260810,42,1,1,1,0,0,1,118,77,2,1,354.2218272399564,313.781327162606,0,0,0,6402080,1097939,0,108408744,7994736
high_success,18,16,4,20260810,43,1,1,1,0,0,1,58,64,1,1,260.6769847589577,262.60925398697077,0,0,0,4032696,708108,0,53320104,3929616
high_success,18,16,4,20260810,44,1,1,1,0,0,1,19,45,1,1,275.70253975706356,255.72671260162355,0,0,0,0,0,0,17512488,1287288
high_success,18,16,4,20260810,45,1,1,1,0,0,1,414,406,7,7,385.0908991354564,363.0352069008299,0,0,0,881675,177090,0,380179368,28049328
high_success,18,16,4,20260810,46,1,1,1,0,0,1,29,101,1,2,361.7899303075512,437.0346116964404,0,0,0,0,0,0,26693928,1964808
high_success,18,16,4,20260810,47,1,1,1,0,0,1,32,33,1,1,339.42244533667645,342.78686840627927,0,0,0,0,0,0,29448360,2168064
high_success,18,16,4,20260810,48,1,1,1,0,0,1,353,237,6,4,430.2256441256991,437.8510322984505,0,0,0,0,0,0,324172584,23916456
high_success,18,16,4,20260810,49,1,1,1,0,0,1,130,76,2,1,492.6104761806371,448.08846717470544,0,0,0,0,0,0,119426472,8807760
high_success,18,16,4,20260810,50,1,1,1,0,0,1,50,55,1,1,391.48906460255336,395.7961896283625,0,0,0,0,0,0,45974952,3387600
high_success,18,16,4,20260810,51,1,1,1,0,0,1,80,80,1,1,307.78982886571316,297.52844471568017,0,0,0,4370989,760419,0,73519272,5420160
high_success,18,16,4,20260810,52,1,1,1,0,0,1,29,35,1,1,287.9972191539217,296.87532721841785,0,0,0,0,0,0,26693928,1964808
high_success,18,16,4,20260810,53,1,1,1,0,0,1,100,43,2,1,246.87764107364848,301.34068782367393,0,0,0,5708383,983741,0,91882152,6775200
high_success,18,16,4,20260810,54,1,1,1,0,0,1,55,111,1,2,377.9662967764704,332.5778270436096,0,0,0,0,0,0,50565672,3726360
high_success,18,16,4,20260810,55,1,1,1,0,0,1,165,109,3,2,362.89146250713554,363.0354105325575,0,0,0,10678432,1799823,0,151561512,11179080
high_success,18,16,4,20260810,56,1,1,1,0,0,1,45,60,1,1,350.421304581026,331.9440597036099,0,0,0,0,0,0,41384232,3048840
high_success,18,16,4,20260810,57,1,1,1,0,0,1,55,49,1,1,297.04059847088024,311.7728096435494,0,0,0,0,0,0,50565672,3726360
high_success,18,16,4,20260810,58,1,1,1,0,0,1,111,139,2,2,360.12426462811004,374.7382704206857,0,0,0,5134641,890093,0,101981736,7520472
high_success,18,16,4,20260810,59,1,1,1,0,0,1,41,75,1,1,335.111053047567,356.13584076258337,0,0,0,0,0,0,37711656,2777832
high_success,18,16,4,20260810,60,1,1,1,0,0,1,604,546,10,9,379.65669890571223,352.88977024211886,0,0,0,8871014,1502742,0,554626728,40922208
high_success,18,16,4,20260810,61,1,1,1,0,0,1,109,114,2,2,405.1737118187938,429.8016892800439,0,0,0,0,0,0,100145448,7384968
high_success,18,16,4,20260810,62,1,1,1,0,0,1,220,117,4,2,400.0263347993905,369.68287716787245,0,0,0,5731221,984700,0,202059432,14905440
high_success,18,16,4,20260810,63,1,1,1,0,0,1,169,53,3,1,311.69042654982746,288.20036780516136,0,0,0,983647,193529,0,155234088,11450088
high_success,18,16,4,20260810,64,1,1,1,0,0,1,110,26,2,1,392.4208936006505,346.8799249825793,0,0,0,0,0,0,101063592,7452720
high_success,18,16,4,20260810,65,1,1,1,0,0,1,107,131,2,2,388.103119730009,385.0217409706862,0,0,0,0,0,0,98309160,7249464
high_success,18,16,4,20260810,66,1,1,1,0,0,1,139,69,2,1,334.17179558389614,325.4911188082316,0,0,0,3450519,610625,0,127689768,9417528
high_success,18,16,4,20260810,67,1,1,1,0,0,1,75,40,1,1,395.88446168207497,377.30150944445603,0,0,0,167034,33711,0,68928552,5081400
high_success,18,16,4,20260810,68,1,1,1,0,0,1,466,170,8,3,390.25002647940613,369.2061704712322,0,0,0,3872124,677466,0,427922856,31572432
high_success,18,16,4,20260810,69,1,1,1,0,0,1,50,37,1,1,366.1870909689427,369.11869570514153,0,0,0,0,0,0,45974952,3387600
high_success,18,16,4,20260810,70,1,1,1,0,0,1,173,226,3,4,460.2031353966652,476.1246533791149,0,0,0,1945337,350134,0,158906664,11721096
high_success,18,16,4,20260810,71,1,1,1,0,0,1,25,106,1,2,320.41158200524353,374.8179136462761,0,0,0,0,0,0,23021352,1693800
high_success,18,16,4,20260810,72,1,1,1,0,0,1,39,69,1,1,291.5410590126605,330.7976878621055,0,0,0,0,0,0,35875368,2642328
high_success,18,16,4,20260810,73,1,1,1,0,0,1,122,109,2,2,380.27180706655304,373.41741947891063,0,0,0,0,0,0,112081320,8265744
high_success,18,16,4,20260810,74,1,1,1,0,0,1,200,291,3,5,398.05266333794805,405.14488261985093,0,0,0,0,0,0,183696552,13550400
high_success,18,16,4,20260810,75,1,1,1,0,0,1,77,56,1,1,321.88166485712554,312.12695170219,0,0,0,0,0,0,70764840,5216904
high_success,18,16,4,20260810,76,1,1,1,0,0,1,97,30,2,1,407.6577917456541,383.3539885794074,0,0,0,53987,11244,0,89127720,6571944
high_success,18,16,4,20260810,77,1,1,1,0,0,1,229,112,4,2,461.76306260532436,401.2254323164161,0,0,0,0,0,0,210322728,15515208
high_success,18,16,4,20260810,78,1,1,1,0,0,1,166,101,3,2,387.1900646347309,377.9266729187573,0,0,0,6966799,1190179,0,152479656,11246832
high_success,18,16,4,20260810,79,1,1,1,0,0,1,200,76,3,1,476.1710355532612,442.7207063561003,0,0,0,0,0,0,183696552,13550400
high_success,18,16,4,20260810,80,1,1,1,0,0,0,602,68,10,1,493.91254052956634,438.1456061464654,0,0,0,0,0,0,552790440,40786704
high_success,18,16,4,20260810,81,1,1,1,0,0,1,78,543,1,9,365.8579190843311,403.4748641600306,0,0,0,6417901,1098986,0,71682984,5284656
high_success,18,16,4,20260810,82,1,1,1,0,0,1,66,71,1,1,410.9983349571086,379.3965932517508,0,0,0,0,0,0,60665256,4471632
high_success,18,16,4,20260810,83,1,1,1,0,0,1,45,40,1,1,325.4916677856065,374.1675138213759,0,0,0,0,0,0,41384232,3048840
high_success,18,16,4,20260810,84,1,1,1,0,0,1,120,117,2,2,371.53445708605244,384.9236891632781,0,0,0,0,0,0,110245032,8130240
high_success,18,16,4,20260810,85,1,1,1,0,0,1,55,70,1,1,321.91490795623884,317.79594810637764,0,0,0,0,0,0,50565672,3726360
high_success,18,16,4,20260810,86,1,1,1,0,0,1,170,43,3,1,384.69192659437846,358.18813971257424,0,0,0,0,0,0,156152232,11517840
high_success,18,16,4,20260810,87,1,1,1,0,0,1,253,126,4,2,424.27887815254394,394.8517439135003,0,0,0,0,0,0,232358184,17141256
high_success,18,16,4,20260810,88,1,1,1,0,0,1,25,21,1,1,292.5168076348516,277.4466289485322,0,0,0,0,0,0,23021352,1693800
high_success,18,16,4,20260810,89,1,1,1,0,0,1,72,35,1,1,335.376315386423,337.70771190579063,0,0,0,666592,134235,0,66174120,4878144
high_success,18,16,4,20260810,90,1,1,1,0,0,1,51,224,1,4,365.6412040529278,374.78636109249067,0,0,0,0,0,0,46893096,3455352
high_success,18,16,4,20260810,91,1,1,1,0,0,1,585,276,10,5,384.4904026518045,404.02655543807384,0,0,0,1335145,257007,0,537181992,39634920
high_success,18,16,4,20260810,92,1,1,1,0,0,1,239,170,4,3,383.16807926102126,370.8172598009853,0,0,0,5822186,1000468,0,219504168,16192728
high_success,18,16,4,20260810,93,1,1,1,0,0,1,65,114,1,2,334.54466206311764,358.9843934074316,0,0,0,33511,6909,0,59747112,4403880
high_success,18,16,4,20260810,94,1,1,1,0,0,1,1485,218,25,4,404.54458404156964,401.77173873986584,0,0,0,0,0,0,1363511592,100611720
high_success,18,16,4,20260810,95,1,1,1,0,0,1,74,36,1,1,297.01867454418186,338.4692831578903,0,0,0,0,0,0,68010408,5013648
high_success,18,16,4,20260810,96,1,1,1,0,0,1,120,112,2,2,332.09201843780147,338.34795378474746,0,0,0,8567669,1453948,0,110245032,8130240
high_success,18,16,4,20260810,97,1,1,1,0,0,1,28,31,1,1,331.78832370915063,325.3325524995467,0,0,0,0,0,0,25775784,1897056
high_success,18,16,4,20260810,98,1,1,1,0,0,1,47,116,1,2,439.9760403243074,376.5058026741401,0,0,0,0,0,0,43220520,3184344
high_success,18,16,4,20260810,99,1,1,1,0,0,1,54,52,1,1,369.35273147958776,314.6359105696715,0,0,0,0,0,0,49647528,3658608
high_success,18,16,4,20260810,100,1,1,1,0,0,1,56,49,1,1,336.4107142821904,340.4576687957615,0,0,0,0,0,0,51483816,3794112
high_success,18,16,4,20260810,101,1,1,1,0,0,1,51,123,1,2,415.9579118687496,408.4560342044556,0,0,0,0,0,0,46893096,3455352
high_success,18,16,4,20260810,102,1,1,1,0,0,1,182,140,3,2,335.35138375826995,319.6694749028326,0,0,0,8197939,1390763,0,167169960,12330864
high_success,18,16,4,20260810,103,1,1,1,0,0,1,116,135,2,2,398.9124813124219,416.133758157142,0,0,0,5590,1547,0,106572456,7859232
high_success,18,16,4,20260810,104,1,1,1,0,0,1,59,114,1,2,321.1366556994212,324.3184059715014,0,0,0,0,0,0,54238248,3997368
high_success,18,16,4,20260810,105,1,1,1,0,0,1,72,120,1,2,317.45402775728394,344.4991009536021,0,0,0,0,0,0,66174120,4878144
high_success,18,16,4,20260810,106,1,1,1,0,0,1,288,104,5,2,277.2865629274522,285.9736201481203,0,0,0,12673771,2127378,0,264493224,19512576
high_success,18,16,4,20260810,107,1,1,1,0,0,1,64,259,1,4,391.32215003937597,472.84246446828183,0,0,0,575,214,0,58828968,4336128
high_success,18,16,4,20260810,108,1,1,1,0,0,1,51,60,1,1,310.15487482723034,302.75640261136914,0,0,0,0,0,0,46893096,3455352
high_success,18,16,4,20260810,109,1,1,1,0,0,1,111,98,2,2,327.08339662608125,341.84228029308736,0,0,0,0,0,0,101981736,7520472
high_success,18,16,4,20260810,110,1,1,1,0,0,1,190,109,3,2,439.073684942607,426.7136279126988,0,0,0,5599135,966895,0,174515112,12872880
high_success,18,16,4,20260810,111,1,1,1,0,0,1,529,66,9,1,387.72886052606475,355.55023423300537,0,0,0,1336098,257095,0,485765928,35840808
high_success,18,16,4,20260810,112,1,1,1,0,0,1,71,40,1,1,357.04218189447477,357.1887006911105,0,0,0,0,0,0,65255976,4810392
high_success,18,16,4,20260810,113,1,1,1,0,0,1,30,72,1,1,278.56803548084486,274.4089725095023,0,0,0,0,0,0,27612072,2032560
high_success,18,16,4,20260810,114,1,1,1,0,0,1,21,45,1,1,280.1410712738771,317.693172137837,0,0,0,0,0,0,19348776,1422792
high_success,18,16,4,20260810,115,1,1,1,0,0,1,74,140,1,2,415.98568841664854,436.7000103733625,0,0,0,3748,1291,0,68010408,5013648
high_success,18,16,4,20260810,116,1,1,1,0,0,1,26,75,1,1,306.9698903663811,300.2975194843653,0,0,0,0,0,0,23939496,1761552
high_success,18,16,4,20260810,117,1,1,1,0,0,1,103,105,2,2,333.04711939118476,321.32770507539726,0,0,0,5990145,1029597,0,94636584,6978456
high_success,18,16,4,20260810,118,1,1,1,0,0,1,230,74,4,1,442.4908530501509,391.1073638922978,0,0,0,0,0,0,211240872,15582960
high_success,18,16,4,20260810,119,1,1,1,0,0,1,58,38,1,1,323.2817376809637,328.15953658715415,0,0,0,211877,44404,0,53320104,3929616
high_success,18,16,4,20260810,120,1,1,1,0,0,1,436,113,7,2,446.86574151178075,415.5100989714974,0,0,0,6996663,1194226,0,400378536,29539872
high_success,18,16,4,20260810,121,1,1,1,0,0,1,100,122,2,2,329.87798590520765,335.46566986856965,0,0,0,2562047,464049,0,91882152,6775200
high_success,18,16,4,20260810,122,1,1,1,0,0,1,30,47,1,1,265.1295361278866,258.0553975158233,0,0,0,0,0,0,27612072,2032560
high_success,18,16,4,20260810,123,1,1,1,0,0,1,53,234,1,4,265.9838075018389,280.2042742860628,0,0,0,0,0,0,48729384,3590856
high_success,18,16,4,20260810,124,1,1,1,0,0,1,41,98,1,2,380.2973655884095,408.7139233859103,0,0,0,0,0,0,37711656,2777832
high_success,18,16,4,20260810,125,1,1,1,0,0,1,43,98,1,2,302.04750776657295,303.786761281438,0,0,0,0,0,0,39547944,2913336
high_success,18,16,4,20260810,126,1,1,1,0,0,1,128,42,2,1,438.1415909852068,399.09777374810454,0,0,0,4096193,717095,0,117590184,8672256
high_success,18,16,4,20260810,127,1,1,1,0,0,1,26,36,1,1,362.5627157712985,362.8503977501174,0,0,0,0,0,0,23939496,1761552
high_success,18,16,4,20260811,0,1,1,1,0,0,1,38,23,1,1,262.72411758213116,261.68615331602274,0,0,0,0,0,0,34957224,2574576
high_success,18,16,4,20260811,1,1,1,1,0,0,1,1182,114,20,2,382.13052073966344,366.01236679438296,0,0,0,2481992,452882,0,1085313960,80082864
high_success,18,16,4,20260811,2,1,1,1,0,0,1,51,42,1,1,301.131114823069,294.2185566821802,0,0,0,135504,27743,0,46893096,3455352
high_success,18,16,4,20260811,3,1,1,1,0,0,1,45,67,1,1,346.12024981797845,353.26896681233745,0,0,0,0,0,0,41384232,3048840
high_success,18,16,4,20260811,4,1,1,1,0,0,1,195,164,3,3,282.26192151324915,278.62412935208556,0,0,0,0,0,0,179105832,13211640
high_success,18,16,4,20260811,5,1,1,1,0,0,1,112,111,2,2,328.25603983697135,319.2250534899358,0,0,0,4185862,732922,0,102899880,7588224
high_success,18,16,4,20260811,6,1,1,1,0,0,1,21,39,1,1,270.52824890805505,270.71011490720934,0,0,0,0,0,0,19348776,1422792
high_success,18,16,4,20260811,7,1,1,1,0,0,1,78,44,1,1,373.69719295653067,354.59961064814166,0,0,0,4165778,729187,0,71682984,5284656
high_success,18,16,4,20260811,8,1,1,1,0,0,1,164,53,3,1,280.13387339751944,259.0367073774198,0,0,0,3590313,633883,0,150643368,11111328
high_success,18,16,4,20260811,9,1,1,1,0,0,1,74,54,1,1,281.26795917260876,278.43563143091,0,0,0,4979968,856181,0,68010408,5013648
high_success,18,16,4,20260811,10,1,1,1,0,0,1,32,20,1,1,278.2676039972531,273.38980541208946,0,0,0,0,0,0,29448360,2168064
high_success,18,16,4,20260811,11,1,1,1,0,0,1,73,27,1,1,334.53197140417876,362.8071293229601,0,0,0,0,0,0,67092264,4945896
high_success,18,16,4,20260811,12,1,1,1,0,0,1,168,22,3,1,267.63739073352855,246.07675295778228,0,0,0,2029931,375061,0,154315944,11382336
high_success,18,16,4,20260811,13,1,1,1,0,0,1,186,158,3,3,424.4470354522276,409.484145853029,0,0,0,5557050,957594,0,170842536,12601872
high_success,18,16,4,20260811,14,1,1,1,0,0,1,36,43,1,1,309.29812843956813,303.57451589685553,0,0,0,0,0,0,33120936,2439072
high_success,18,16,4,20260811,15,1,1,1,0,0,1,100,107,2,2,356.8067888010495,380.7811549955769,0,0,0,5796054,997105,0,91882152,6775200
high_success,18,16,4,20260811,16,1,1,1,0,0,1,109,128,2,2,381.45591896909934,346.4042102159903,0,0,0,194057,41726,0,100145448,7384968
high_success,18,16,4,20260811,17,1,1,1,0,0,1,66,31,1,1,310.8063991347773,346.2527171022018,0,0,0,774075,154799,0,60665256,4471632
high_success,18,16,4,20260811,18,1,1,1,0,0,1,135,116,2,2,325.4470063981712,335.37330800540644,0,0,0,7972210,1354974,0,124017192,9146520
high_success,18,16,4,20260811,19,1,1,1,0,0,1,23,30,1,1,316.6001322510972,303.20585858318793,0,0,0,0,0,0,21185064,1558296
high_success,18,16,4,20260811,20,1,1,1,0,0,1,165,104,3,2,363.45653704960455,359.35442436160577,0,0,0,0,0,0,151561512,11179080
high_success,18,16,4,20260811,21,1,1,1,0,0,1,224,99,4,2,392.44608314794294,329.6015043832722,0,0,0,0,0,0,205732008,15176448
high_success,18,16,4,20260811,22,1,1,1,0,0,1,64,109,1,2,335.4195204053038,356.3490095761374,0,0,0,0,0,0,58828968,4336128
high_success,18,16,4,20260811,23,1,1,1,0,0,1,125,61,2,1,404.2563965331852,384.11386007372323,0,0,0,4056979,707341,0,114835752,8469000
high_success,18,16,4,20260811,24,1,1,1,0,0,1,73,32,1,1,291.222054809026,284.95884668070124,0,0,0,4213480,734621,0,67092264,4945896
high_success,18,16,4,20260811,25,1,1,1,0,0,1,107,168,2,3,344.3882184284754,338.76211380614234,0,0,0,6731591,1151412,0,98309160,7249464
high_success,18,16,4,20260811,26,1,1,1,0,0,1,1013,618,17,10,266.9800728583769,276.4866044001057,0,0,0,715288,140004,0,930147624,68632776
high_success,18,16,4,20260811,27,1,1,1,0,0,1,111,106,2,2,326.9479451712326,332.51889089682777,0,0,0,5169412,894022,0,101981736,7520472
high_success,18,16,4,20260811,28,1,1,1,0,0,1,101,165,2,3,334.3829562794581,349.49710117249276,0,0,0,30655,6457,0,92800296,6842952
high_success,18,16,4,20260811,29,1,1,1,0,0,1,34,117,1,2,226.6341805350745,243.8058728967317,0,0,0,0,0,0,31284648,2303568
high_success,18,16,4,20260811,30,1,1,1,0,0,1,31,52,1,1,332.15061678648215,324.71652505325994,0,0,0,0,0,0,28530216,2100312
high_success,18,16,4,20260811,31,1,1,1,0,0,1,57,75,1,1,394.7011525225419,375.5364773378419,0,0,0,0,0,0,52401960,3861864
high_success,18,16,4,20260811,32,1,1,1,0,0,1,23,133,1,2,215.4102062512727,215.00474153107203,0,0,0,0,0,0,21185064,1558296
high_success,18,16,4,20260811,33,1,1,1,0,0,1,39,36,1,1,336.1170316676389,342.53002907211555,0,0,0,0,0,0,35875368,2642328
high_success,18,16,4,20260811,34,1,1,1,0,0,1,67,173,1,3,329.3867908013183,358.9683919309658,0,0,0,5451026,939949,0,61583400,4539384
high_success,18,16,4,20260811,35,1,1,1,0,0,1,30,30,1,1,288.0016818063665,269.9581235579127,0,0,0,0,0,0,27612072,2032560
high_success,18,16,4,20260811,36,1,1,1,0,0,1,56,32,1,1,308.31499240277907,300.17324228551905,0,0,0,2081438,385810,0,51483816,3794112
high_success,18,16,4,20260811,37,1,1,1,0,0,1,60,125,1,2,399.8634866343296,428.9612520947321,0,0,0,62244,13032,0,55156392,4065120
high_success,18,16,4,20260811,38,1,1,1,0,0,1,112,36,2,1,305.31626300186343,288.43313739685567,0,0,0,0,0,0,102899880,7588224
high_success,18,16,4,20260811,39,1,1,1,0,0,1,132,120,2,2,396.5256983209857,401.10480477693824,0,0,0,0,0,0,121262760,8943264
high_success,18,16,4,20260811,40,1,1,1,0,0,1,47,53,1,1,362.53686602792294,363.68787502535264,0,0,0,905,350,0,43220520,3184344
high_success,18,16,4,20260811,41,1,1,1,0,0,1,122,102,2,2,391.22621835281836,390.4998128927117,0,0,0,832127,162663,0,112081320,8265744
high_success,18,16,4,20260811,42,1,1,1,0,0,1,36,60,1,1,387.9954543801733,406.7639183814407,0,0,0,0,0,0,33120936,2439072
high_success,18,16,4,20260811,43,1,1,1,0,0,1,177,300,3,5,337.6085161816063,338.55967544705027,0,0,0,172597,37076,0,162579240,11992104
high_success,18,16,4,20260811,44,1,1,1,0,0,1,38,43,1,1,327.6861491539229,328.58243128889956,0,0,0,0,0,0,34957224,2574576
high_success,18,16,4,20260811,45,1,1,1,0,0,1,110,71,2,1,358.26739343797703,321.5383792466405,0,0,0,0,0,0,101063592,7452720
high_success,18,16,4,20260811,46,1,1,1,0,0,1,100,105,2,2,301.61205853105434,274.70734965166196,0,0,0,0,0,0,91882152,6775200
high_success,18,16,4,20260811,47,1,1,1,0,0,1,25,126,1,2,247.78860179454477,248.35419830523938,0,0,0,0,0,0,23021352,1693800
high_success,18,16,4,20260811,48,1,1,1,0,0,1,112,113,2,2,347.7112089617388,333.66925964845984,0,0,0,1110851,218167,0,102899880,7588224
high_success,18,16,4,20260811,49,1,1,1,0,0,1,185,116,3,2,466.24430633038685,430.8613325219013,0,0,0,0,0,0,169924392,12534120
high_success,18,16,4,20260811,50,1,1,1,0,0,1,37,40,1,1,387.9443357714109,338.86203200859416,0,0,0,0,0,0,34039080,2506824
high_success,18,16,4,20260811,51,1,1,1,0,0,1,662,463,11,8,469.06076152501385,487.77081105263545,0,0,0,12057,3160,0,607879080,44851824
high_success,18,16,4,20260811,52,1,1,1,0,0,1,52,43,1,1,382.80360607743546,396.51550557266535,0,0,0,0,0,0,47811240,3523104
high_success,18,16,4,20260811,53,1,1,1,0,0,1,36,22,1,1,303.91476913247425,276.7553707104807,0,0,0,0,0,0,33120936,2439072
high_success,18,16,4,20260811,54,1,1,1,0,0,1,108,75,2,1,287.562299385035,272.321992557026,0,0,0,7155612,1219279,0,99227304,7317216
high_success,18,16,4,20260811,55,1,1,1,0,0,1,60,98,1,2,287.7967043305675,293.99859770668206,0,0,0,2630774,476328,0,55156392,4065120
high_success,18,16,4,20260811,56,1,1,1,0,0,1,43,236,1,4,423.0388808782376,425.96343567582727,0,0,0,0,0,0,39547944,2913336
high_success,18,16,4,20260811,57,1,1,1,0,0,1,38,52,1,1,353.02400256085264,356.9096385066411,0,0,0,0,0,0,34957224,2574576
high_success,18,16,4,20260811,58,1,1,1,0,0,1,41,28,1,1,323.6594997170548,323.65861570166317,0,0,0,0,0,0,37711656,2777832
high_success,18,16,4,20260811,59,1,1,1,0,0,1,80,38,1,1,378.5582317248951,367.65063255029145,0,0,0,2130284,392947,0,73519272,5420160
high_success,18,16,4,20260811,60,1,1,1,0,0,1,52,119,1,2,344.44423786503944,376.19998592574484,0,0,0,0,0,0,47811240,3523104
high_success,18,16,4,20260811,61,1,1,1,0,0,1,42,69,1,1,285.8554624869321,290.86281101221874,0,0,0,0,0,0,38629800,2845584
high_success,18,16,4,20260811,62,1,1,1,0,0,1,63,101,1,2,357.04138853092513,389.0790005728495,0,0,0,183,70,0,57910824,4268376
high_success,18,16,4,20260811,63,1,1,1,0,0,1,351,77,6,1,454.7126534911856,398.6108258443763,0,0,0,0,0,0,322336296,23780952
high_success,18,16,4,20260811,64,1,1,1,0,0,1,41,28,1,1,303.6858328432943,310.0465618237163,0,0,0,0,0,0,37711656,2777832
high_success,18,16,4,20260811,65,1,1,1,0,0,1,66,59,1,1,422.47965912491935,446.40787169524174,0,0,0,0,0,0,60665256,4471632
high_success,18,16,4,20260811,66,1,1,1,0,0,1,56,58,1,1,331.3369314313147,348.662174946508,0,0,0,0,0,0,51483816,3794112
high_success,18,16,4,20260811,67,1,1,1,0,0,1,74,174,1,3,342.2232546798244,374.4618183297165,0,0,0,0,0,0,68010408,5013648
high_success,18,16,4,20260811,68,1,1,1,0,0,1,99,302,2,5,343.7111782192994,355.1451396287564,0,0,0,0,0,0,90964008,6707448
high_success,18,16,4,20260811,69,1,1,1,0,0,1,65,28,1,1,391.72253545393215,336.0161455999498,0,0,0,2792941,505037,0,59747112,4403880
high_success,18,16,4,20260811,70,1,1,1,0,0,1,166,44,3,1,380.71951560007983,361.71391698533535,0,0,0,0,0,0,152479656,11246832
high_success,18,16,4,20260811,71,1,1,1,0,0,1,25,50,1,1,310.01490580566326,308.7609740384013,0,0,0,0,0,0,23021352,1693800
high_success,18,16,4,20260811,72,1,1,1,0,0,1,41,45,1,1,352.84321601808324,345.5304999137636,0,0,0,0,0,0,37711656,2777832
high_success,18,16,4,20260811,73,1,1,1,0,0,1,25,39,1,1,310.44466236312,318.4108032467203,0,0,0,0,0,0,23021352,1693800
high_success,18,16,4,20260811,74,1,1,1,0,0,1,120,59,2,1,363.2658452784738,337.42066115182286,0,0,0,3099688,553066,0,110245032,8130240
high_success,18,16,4,20260811,75,1,1,1,0,0,1,52,120,1,2,342.8312505552352,389.25042487372843,0,0,0,27017,6339,0,47811240,3523104
high_success,18,16,4,20260811,76,1,1,1,0,0,1,34,30,1,1,297.42338731005077,352.03910087719373,0,0,0,0,0,0,31284648,2303568
high_success,18,16,4,20260811,77,1,1,1,0,0,1,24,18,1,1,229.30055294741283,241.5944464028796,0,0,0,0,0,0,22103208,1626048
high_success,18,16,4,20260811,78,1,1,1,0,0,1,47,69,1,1,344.03162911500544,361.4175684384247,0,0,0,0,0,0,43220520,3184344
high_success,18,16,4,20260811,79,1,1,1,0,0,1,120,109,2,2,310.3692356642646,305.9887124414038,0,0,0,7925676,1348772,0,110245032,8130240
high_success,18,16,4,20260811,80,1,1,1,0,0,1,60,36,1,1,334.5720061584315,331.5864796614706,0,0,0,0,0,0,55156392,4065120
high_success,18,16,4,20260811,81,1,1,1,0,0,1,49,29,1,1,325.8422271087139,300.3901199716811,0,0,0,0,0,0,45056808,3319848
high_success,18,16,4,20260811,82,1,1,1,0,0,1,98,172,2,3,365.2403982125019,355.38682341886033,0,0,0,3107294,555810,0,90045864,6639696
high_success,18,16,4,20260811,83,1,1,1,0,0,1,44,54,1,1,315.3372443972505,310.17353174366633,0,0,0,0,0,0,40466088,2981088
high_success,18,16,4,20260811,84,1,1,1,0,0,1,218,254,4,4,375.1351725573759,357.89439804239316,0,0,0,953,366,0,200223144,14769936
high_success,18,16,4,20260811,85,1,1,1,0,0,1,37,40,1,1,354.48362219517344,383.90614081849697,0,0,0,0,0,0,34039080,2506824
high_success,18,16,4,20260811,86,1,1,1,0,0,1,63,64,1,1,407.9533747461918,383.04052008604026,0,0,0,116069,24100,0,57910824,4268376
high_success,18,16,4,20260811,87,1,1,1,0,0,1,97,70,2,1,357.671357131497,331.162731670248,0,0,0,6826232,1165840,0,89127720,6571944
high_success,18,16,4,20260811,88,1,1,1,0,0,1,109,550,2,9,354.1444872600301,371.7421152554231,0,0,0,0,0,0,100145448,7384968
high_success,18,16,4,20260811,89,1,1,1,0,0,1,191,830,3,14,428.41220851087405,460.63652041949786,0,0,0,4416931,757424,0,175433256,12940632
high_success,18,16,4,20260811,90,1,1,1,0,0,1,25,41,1,1,246.74639515316642,253.47111123484825,0,0,0,0,0,0,23021352,1693800
high_success,18,16,4,20260811,91,1,1,1,0,0,1,29,37,1,1,313.27848194620765,331.23690150020354,0,0,0,0,0,0,26693928,1964808
high_success,18,16,4,20260811,92,1,1,1,0,0,1,22,103,1,2,323.01129861190566,335.61138043512676,0,0,0,0,0,0,20266920,1490544
high_success,18,16,4,20260811,93,1,1,1,0,0,1,100,66,2,1,377.187660284707,351.92684948515307,0,0,0,8614247,1461075,0,91882152,6775200
high_success,18,16,4,20260811,94,1,1,1,0,0,1,45,48,1,1,383.1934849721052,439.6565307495067,0,0,0,0,0,0,41384232,3048840
high_success,18,16,4,20260811,95,1,1,1,0,0,1,78,101,1,2,359.5995543930811,374.82312330435013,0,0,0,2114515,389367,0,71682984,5284656
high_success,18,16,4,20260811,96,1,1,1,0,0,1,173,108,3,2,371.5312499012854,341.73015014700286,0,0,0,0,0,0,158906664,11721096
high_success,18,16,4,20260811,97,1,1,1,0,0,1,64,54,1,1,317.60038182777305,367.11336014650004,0,0,0,1163558,225189,0,58828968,4336128
high_success,18,16,4,20260811,98,1,1,1,0,0,1,101,117,2,2,376.4221696160479,365.69161511791134,0,0,0,0,0,0,92800296,6842952
high_success,18,16,4,20260811,99,1,1,1,0,0,1,73,54,1,1,401.81585677116743,392.0068688151424,0,0,0,655223,133595,0,67092264,4945896
high_success,18,16,4,20260811,100,1,1,1,0,0,1,96,32,2,1,323.992084909886,312.9449007341063,0,0,0,6187193,1058834,0,88209576,6504192
high_success,18,16,4,20260811,101,1,1,1,0,0,1,111,49,2,1,299.7207756912009,292.88357011544406,0,0,0,3215093,572725,0,101981736,7520472
high_success,18,16,4,20260811,102,1,1,1,0,0,1,56,61,1,1,335.6146327669585,338.4743410909629,0,0,0,0,0,0,51483816,3794112
high_success,18,16,4,20260811,103,1,1,1,0,0,1,348,120,6,2,451.3645874887944,426.3059854170224,0,0,0,2744246,496729,0,319581864,23577696
high_success,18,16,4,20260811,104,1,1,1,0,0,1,37,60,1,1,273.02990079647054,272.1794481245644,0,0,0,0,0,0,34039080,2506824
high_success,18,16,4,20260811,105,1,1,1,0,0,1,40,117,1,2,364.3577439188772,392.7135461519895,0,0,0,0,0,0,36793512,2710080
high_success,18,16,4,20260811,106,1,1,1,0,0,1,100,52,2,1,294.70985978107103,297.3255901122037,0,0,0,7687876,1307093,0,91882152,6775200
high_success,18,16,4,20260811,107,1,1,1,0,0,1,23,25,1,1,213.4956104759808,204.39591662938196,0,0,0,0,0,0,21185064,1558296
high_success,18,16,4,20260811,108,1,1,1,0,0,1,38,47,1,1,289.8043487661604,286.587910591134,0,0,0,0,0,0,34957224,2574576
high_success,18,16,4,20260811,109,1,1,1,0,0,1,64,124,1,2,352.74029533656517,371.72123039579793,0,0,0,0,0,0,58828968,4336128
high_success,18,16,4,20260811,110,1,1,1,0,0,1,109,36,2,1,315.28031100876757,312.35982039569103,0,0,0,0,0,0,100145448,7384968
high_success,18,16,4,20260811,111,1,1,1,0,0,1,66,40,1,1,381.6416946185137,357.2980446737748,0,0,0,0,0,0,60665256,4471632
high_success,18,16,4,20260811,112,1,1,1,0,0,1,49,52,1,1,335.79839561541064,390.49946123507516,0,0,0,0,0,0,45056808,3319848
high_success,18,16,4,20260811,113,1,1,1,0,0,1,103,30,2,1,349.6148252781311,338.4065030777366,0,0,0,2965400,535857,0,94636584,6978456
high_success,18,16,4,20260811,114,1,1,1,0,0,1,45,26,1,1,261.2837441177988,272.05171740187177,0,0,0,0,0,0,41384232,3048840
high_success,18,16,4,20260811,115,1,1,1,0,0,1,244,114,4,2,425.89599639013534,404.911569149475,0,0,0,3964590,696272,0,224094888,16531488
high_success,18,16,4,20260811,116,1,1,1,0,0,1,66,124,1,2,397.90112693060064,427.64881987145645,0,0,0,0,0,0,60665256,4471632
high_success,18,16,4,20260811,117,1,1,1,0,0,1,39,64,1,1,318.96539604475856,312.7013031787319,0,0,0,0,0,0,35875368,2642328
high_success,18,16,4,20260811,118,1,1,1,0,0,1,32,126,1,2,319.93059920173704,338.2026720968636,0,0,0,0,0,0,29448360,2168064
high_success,18,16,4,20260811,119,1,1,1,0,0,1,197,39,3,1,337.3011482663497,320.424143633766,0,0,0,7671931,1304647,0,180942120,13347144
high_success,18,16,4,20260811,120,1,1,1,0,0,1,67,45,1,1,334.9679760400351,356.1453893617876,0,0,0,0,0,0,61583400,4539384
high_success,18,16,4,20260811,121,1,1,1,0,0,1,113,61,2,1,335.548109068369,335.6473857418423,0,0,0,4944003,856061,0,103818024,7655976
high_success,18,16,4,20260811,122,1,1,1,0,0,1,26,60,1,1,315.1942089411042,306.48379780215,0,0,0,0,0,0,23939496,1761552
high_success,18,16,4,20260811,123,1,1,1,0,0,1,106,132,2,2,282.03669938606834,289.43694067605,0,0,0,4756258,823662,0,97391016,7181712
high_success,18,16,4,20260811,124,1,1,1,0,0,1,76,32,1,1,270.6337442728104,265.08729418395114,0,0,0,1759,700,0,69846696,5149152
high_success,18,16,4,20260811,125,1,1,1,0,0,1,140,162,2,3,411.8262227131038,383.4224685236482,0,0,0,0,0,0,128607912,9485280
high_success,18,16,4,20260811,126,1,1,1,0,0,1,26,37,1,1,277.7583645471585,305.2522159346038,0,0,0,0,0,0,23939496,1761552
high_success,18,16,4,20260811,127,1,1,1,0,0,1,40,42,1,1,338.4100019830878,284.3700422064216,0,0,0,0,0,0,36793512,2710080
high_success,18,16,4,20260812,0,1,1,1,0,0,1,63,79,1,1,462.3679500667775,449.1026207827527,0,0,0,0,0,0,57910824,4268376
high_success,18,16,4,20260812,1,1,1,1,0,0,1,56,119,1,2,300.0744781913189,290.55958762242096,0,0,0,362245,77510,0,51483816,3794112
high_success,18,16,4,20260812,2,1,1,1,0,0,1,125,44,2,1,235.40001474833423,259.31034793301,0,0,0,6104786,1045955,0,114835752,8469000
high_success,18,16,4,20260812,3,1,1,1,0,0,1,109,110,2,2,312.97829002557546,301.3608051517465,0,0,0,974021,192510,0,100145448,7384968
high_success,18,16,4,20260812,4,1,1,1,0,0,1,64,120,1,2,269.7750159285819,301.57195609161147,0,0,0,2121755,383216,0,58828968,4336128
high_success,18,16,4,20260812,5,1,1,1,0,0,1,27,33,1,1,281.5412901945348,317.6230437752688,0,0,0,0,0,0,24857640,1829304
high_success,18,16,4,20260812,6,1,1,1,0,0,1,112,137,2,2,313.05606142980827,328.9334730880445,0,0,0,7360736,1248233,0,102899880,7588224
high_success,18,16,4,20260812,7,1,1,1,0,0,1,102,70,2,1,382.013437766279,392.52711206289996,0,0,0,0,0,0,93718440,6910704
high_success,18,16,4,20260812,8,1,1,1,0,0,1,79,31,1,1,265.802528683075,246.7856874977366,0,0,0,4584155,798977,0,72601128,5352408
high_success,18,16,4,20260812,9,1,1,1,0,0,1,58,34,1,1,297.4822755189275,324.8132617403292,0,0,0,0,0,0,53320104,3929616
high_success,18,16,4,20260812,10,1,1,1,0,0,1,36,47,1,1,432.9327645503496,345.9602096469411,0,0,0,0,0,0,33120936,2439072
high_success,18,16,4,20260812,11,1,1,1,0,0,1,48,60,1,1,308.69037060448784,322.18673424165877,0,0,0,0,0,0,44138664,3252096
high_success,18,16,4,20260812,12,1,1,1,0,0,1,107,119,2,2,379.74530446534555,382.3864141275789,0,0,0,3671784,649037,0,98309160,7249464
high_success,18,16,4,20260812,13,1,1,1,0,0,1,107,25,2,1,297.53725734532094,349.7262556525371,0,0,0,8117572,1371800,0,98309160,7249464
high_success,18,16,4,20260812,14,1,1,1,0,0,1,161,191,3,3,388.2127106636737,383.55289941233934,0,0,0,6802039,1163890,0,147888936,10908072
high_success,18,16,4,20260812,15,1,1,1,0,0,1,114,120,2,2,455.3698201638782,455.019893393934,0,0,0,0,0,0,104736168,7723728
high_success,18,16,4,20260812,16,1,1,1,0,0,1,71,106,1,2,406.79039514854117,436.40068016204793,0,0,0,0,0,0,65255976,4810392
high_success,18,16,4,20260812,17,1,1,1,0,0,1,55,62,1,1,417.9508542796515,307.67400898468645,0,0,0,0,0,0,50565672,3726360
high_success,18,16,4,20260812,18,1,1,1,0,0,1,59,29,1,1,351.56754653064695,304.3994747079175,0,0,0,0,0,0,54238248,3997368
high_success,18,16,4,20260812,19,1,1,1,0,0,1,106,97,2,2,251.88183938819606,251.55215998719677,0,0,0,5510878,952553,0,97391016,7181712
high_success,18,16,4,20260812,20,1,1,1,0,0,1,168,100,3,2,347.45198173032776,336.97342353268084,0,0,0,2962080,532837,0,154315944,11382336
high_success,18,16,4,20260812,21,1,1,1,0,0,1,48,27,1,1,294.2752260965956,285.8117324354773,0,0,0,0,0,0,44138664,3252096
high_success,18,16,4,20260812,22,1,1,1,0,0,1,116,107,2,2,364.1172636024878,361.7006785291277,0,0,0,6536227,1118709,0,106572456,7859232
high_success,18,16,4,20260812,23,1,1,1,0,0,1,34,128,1,2,343.78606172919956,356.89088526712146,0,0,0,0,0,0,31284648,2303568
high_success,18,16,4,20260812,24,1,1,1,0,0,1,227,54,4,1,385.18910221410727,377.4646839245512,0,0,0,0,0,0,208486440,15379704
high_success,18,16,4,20260812,25,1,1,1,0,0,1,114,72,2,1,394.0336629424685,364.68039472540465,0,0,0,10789070,1818927,0,104736168,7723728
high_success,18,16,4,20260812,26,1,1,1,0,0,1,78,65,1,1,350.9003271714365,355.747170472289,0,0,0,0,0,0,71682984,5284656
high_success,18,16,4,20260812,27,1,1,1,0,0,1,64,128,1,2,353.37081316820087,380.64493138980094,0,0,0,0,0,0,58828968,4336128
high_success,18,16,4,20260812,28,1,1,1,0,0,1,48,39,1,1,318.86113231343415,353.9431353512151,0,0,0,0,0,0,44138664,3252096
high_success,18,16,4,20260812,29,1,1,1,0,0,1,110,52,2,1,255.01635343108396,251.91907119613376,0,0,0,0,0,0,101063592,7452720
high_success,18,16,4,20260812,30,1,1,1,0,0,1,79,106,1,2,341.5264165324227,363.0536653982483,0,0,0,0,0,0,72601128,5352408
high_success,18,16,4,20260812,31,1,1,1,0,0,1,476,495,8,8,411.3903392402982,421.1477047624355,0,0,0,906286,175469,0,437104296,32249952
high_success,18,16,4,20260812,32,1,1,1,0,0,1,41,25,1,1,268.698978019299,362.06867022508175,0,0,0,0,0,0,37711656,2777832
high_success,18,16,4,20260812,33,1,1,1,0,0,1,105,58,2,1,256.2843398230507,256.6280644331008,0,0,0,215953,46504,0,96472872,7113960
high_success,18,16,4,20260812,34,1,1,1,0,0,1,57,104,1,2,297.11098381222905,312.184985240454,0,0,0,0,0,0,52401960,3861864
high_success,18,16,4,20260812,35,1,1,1,0,0,1,76,46,1,1,284.4819591563455,266.1573807750202,0,0,0,9895796,1670996,0,69846696,5149152
high_success,18,16,4,20260812,36,1,1,1,0,0,1,48,57,1,1,319.1264419279268,324.8376051338517,0,0,0,0,0,0,44138664,3252096
high_success,18,16,4,20260812,37,1,1,1,0,0,1,39,42,1,1,364.93185519048984,347.98468741770586,0,0,0,0,0,0,35875368,2642328
high_success,18,16,4,20260812,38,1,1,1,0,0,1,128,54,2,1,318.7500177468597,337.8433790388733,0,0,0,0,0,0,117590184,8672256
high_success,18,16,4,20260812,39,1,1,1,0,0,1,62,99,1,2,375.9832175134618,356.4863423998131,0,0,0,92919,18304,0,56992680,4200624
high_success,18,16,4,20260812,40,1,1,1,0,0,1,69,32,1,1,290.29948752197254,278.1284823613233,0,0,0,0,0,0,63419688,4674888
high_success,18,16,4,20260812,41,1,1,1,0,0,1,51,29,1,1,309.5930517749787,352.60493227565496,0,0,0,0,0,0,46893096,3455352
high_success,18,16,4,20260812,42,1,1,1,0,0,1,56,67,1,1,279.4935281083118,278.4255791063981,0,0,0,0,0,0,51483816,3794112
high_success,18,16,4,20260812,43,1,1,1,0,0,1,72,46,1,1,357.095452852264,355.8190872690061,0,0,0,5954952,1021740,0,66174120,4878144
high_success,18,16,4,20260812,44,1,1,1,0,0,1,34,78,1,1,368.58666759845187,374.5109809590388,0,0,0,0,0,0,31284648,2303568
high_success,18,16,4,20260812,45,1,1,1,0,0,1,115,131,2,2,437.6456200569521,441.9378921014235,0,0,0,844931,170929,0,105654312,7791480
high_success,18,16,4,20260812,46,1,1,1,0,0,1,195,247,3,4,456.0208541710315,474.17603234350395,0,0,0,928052,182791,0,179105832,13211640
high_success,18,16,4,20260812,47,1,1,1,0,0,1,107,104,2,2,399.99532792049433,394.21744121874576,0,0,0,1408260,270161,0,98309160,7249464
high_success,18,16,4,20260812,48,1,1,1,0,0,1,42,40,1,1,274.30053556507403,300.62070260729524,0,0,0,0,0,0,38629800,2845584
high_success,18,16,4,20260812,49,1,1,1,0,0,1,106,78,2,1,351.8241288045124,347.2896308504803,0,0,0,84485,18308,0,97391016,7181712
high_success,18,16,4,20260812,50,1,1,1,0,0,1,26,104,1,2,307.57824953759626,334.65577203105414,0,0,0,0,0,0,23939496,1761552
high_success,18,16,4,20260812,51,1,1,1,0,0,1,45,73,1,1,337.1139218144792,341.6777989863979,0,0,0,0,0,0,41384232,3048840
high_success,18,16,4,20260812,52,1,1,1,0,0,1,105,35,2,1,322.32535202927943,307.5429861257976,0,0,0,5272569,896942,0,96472872,7113960
high_success,18,16,4,20260812,53,1,1,1,0,0,1,56,114,1,2,366.81519431114884,333.1931792790813,0,0,0,0,0,0,51483816,3794112
high_success,18,16,4,20260812,54,1,1,1,0,0,1,55,110,1,2,321.891297417877,363.6403757966888,0,0,0,0,0,0,50565672,3726360
high_success,18,16,4,20260812,55,1,1,1,0,0,1,163,69,3,1,366.44844633081317,314.107895839221,0,0,0,3904039,685429,0,149725224,11043576
high_success,18,16,4,20260812,56,1,1,1,0,0,1,241,125,4,2,356.2343148184245,352.17957298195813,0,0,0,0,0,0,221340456,16328232
high_success,18,16,4,20260812,57,1,1,1,0,0,1,113,105,2,2,371.5688139762315,364.5094843215385,0,0,0,4110925,722956,0,103818024,7655976
high_success,18,16,4,20260812,58,1,1,1,0,0,1,20,40,1,1,302.2272797430102,304.479662280756,0,0,0,0,0,0,18430632,1355040
high_success,18,16,4,20260812,59,1,1,1,0,0,1,123,108,2,2,406.6941136474903,353.10381712068005,0,0,0,991477,196107,0,112999464,8333496
high_success,18,16,4,20260812,60,1,1,1,0,0,1,113,71,2,1,292.041476745789,262.9480413860258,0,0,0,0,0,0,103818024,7655976
high_success,18,16,4,20260812,61,1,1,1,0,0,1,73,125,1,2,298.8275740128853,285.9258851484817,0,0,0,4147145,723012,0,67092264,4945896
high_success,18,16,4,20260812,62,1,1,1,0,0,1,31,47,1,1,388.53257078519096,381.922652191224,0,0,0,0,0,0,28530216,2100312
high_success,18,16,4,20260812,63,1,1,1,0,0,1,111,43,2,1,350.81579895561583,337.6066590009679,0,0,0,0,0,0,101981736,7520472
high_success,18,16,4,20260812,64,1,1,1,0,0,1,70,102,1,2,402.66668348315534,416.58465945157536,0,0,0,0,0,0,64337832,4742640
high_success,18,16,4,20260812,65,1,1,1,0,0,1,48,70,1,1,343.36499118804716,338.7448027108578,0,0,0,0,0,0,44138664,3252096
high_success,18,16,4,20260812,66,1,1,1,0,0,1,78,111,1,2,395.093039689017,430.0539074783721,0,0,0,0,0,0,71682984,5284656
high_success,18,16,4,20260812,67,1,1,1,0,0,1,119,165,2,3,405.420678510283,395.2078362451818,0,0,0,0,0,0,109326888,8062488
high_success,18,16,4,20260812,68,1,1,1,0,0,1,100,64,2,1,292.0686216970499,281.6750355607187,0,0,0,276276,59333,0,91882152,6775200
high_success,18,16,4,20260812,69,1,1,1,0,0,1,50,56,1,1,383.52802642672305,397.2619157700177,0,0,0,0,0,0,45974952,3387600
high_success,18,16,4,20260812,70,1,1,1,0,0,1,320,419,5,7,372.4650034181966,367.7536879217008,0,0,0,5932771,1019826,0,293873832,21680640
high_success,18,16,4,20260812,71,1,1,1,0,0,1,64,39,1,1,397.84701286121003,390.8573419652499,0,0,0,166751,35787,0,58828968,4336128
high_success,18,16,4,20260812,72,1,1,1,0,0,1,42,44,1,1,389.21092265829094,389.07129676776026,0,0,0,0,0,0,38629800,2845584
high_success,18,16,4,20260812,73,1,1,1,0,0,1,55,221,1,4,350.6306918941581,378.06667763547784,0,0,0,10391,2730,0,50565672,3726360
high_success,18,16,4,20260812,74,1,1,1,0,0,1,38,30,1,1,253.0343551656244,260.9578441178303,0,0,0,0,0,0,34957224,2574576
high_success,18,16,4,20260812,75,1,1,1,0,0,1,109,59,2,1,382.38007318064217,365.05394629211105,0,0,0,1096,420,0,100145448,7384968
high_success,18,16,4,20260812,76,1,1,1,0,0,1,31,51,1,1,370.065257618161,376.04166870601057,0,0,0,0,0,0,28530216,2100312
high_success,18,16,4,20260812,77,1,1,1,0,0,1,103,58,2,1,371.6063656574625,324.72175459653465,0,0,0,8735956,1479938,0,94636584,6978456
high_success,18,16,4,20260812,78,1,1,1,0,0,1,182,586,3,10,448.5880752121865,466.4486473061885,0,0,0,0,0,0,167169960,12330864
high_success,18,16,4,20260812,79,1,1,1,0,0,1,57,97,1,2,307.86660286048357,311.9482806415891,0,0,0,1078154,210519,0,52401960,3861864
high_success,18,16,4,20260812,80,1,1,1,0,0,1,47,37,1,1,317.0576598174848,298.50540612419945,0,0,0,0,0,0,43220520,3184344
high_success,18,16,4,20260812,81,1,1,1,0,0,1,214,68,4,1,316.68532785736824,299.96964874497576,0,0,0,0,0,0,196550568,14498928
high_success,18,16,4,20260812,82,1,1,1,0,0,1,28,220,1,4,334.4343469083832,342.58442437355757,0,0,0,0,0,0,25775784,1897056
high_success,18,16,4,20260812,83,1,1,1,0,0,1,74,55,1,1,411.64906368028755,402.7061646231989,0,0,0,150017,31337,0,68010408,5013648
high_success,18,16,4,20260812,84,1,1,1,0,0,1,15,53,1,1,322.98186855154944,377.5669192599738,0,0,0,0,0,0,13839912,1016280
high_success,18,16,4,20260812,85,1,1,1,0,0,1,40,45,1,1,351.16358490633706,345.3003757549662,0,0,0,0,0,0,36793512,2710080
high_success,18,16,4,20260812,86,1,1,1,0,0,1,107,109,2,2,364.6482700869433,400.6738588686834,0,0,0,4706295,819006,0,98309160,7249464
high_success,18,16,4,20260812,87,1,1,1,0,0,1,27,53,1,1,326.39629070078377,323.2065508985331,0,0,0,0,0,0,24857640,1829304
high_success,18,16,4,20260812,88,1,1,1,0,0,1,122,51,2,1,381.3352845892637,384.02556285709727,0,0,0,0,0,0,112081320,8265744
high_success,18,16,4,20260812,89,1,1,1,0,0,1,104,38,2,1,248.58209133850798,239.2152209716415,0,0,0,9773683,1649681,0,95554728,7046208
high_success,18,16,4,20260812,90,1,1,1,0,0,1,52,72,1,1,263.76156424198945,282.1951865832182,0,0,0,0,0,0,47811240,3523104
high_success,18,16,4,20260812,91,1,1,1,0,0,1,116,50,2,1,346.8236441907134,329.46086475425113,0,0,0,851,313,0,106572456,7859232
high_success,18,16,4,20260812,92,1,1,1,0,0,1,190,135,3,2,457.4362526758712,415.40265593585866,0,0,0,0,0,0,174515112,12872880
high_success,18,16,4,20260812,93,1,1,1,0,0,1,163,38,3,1,352.1776289448086,330.19757033897815,0,0,0,0,0,0,149725224,11043576
high_success,18,16,4,20260812,94,1,1,1,0,0,1,78,40,1,1,316.4697051494902,337.4214679300435,0,0,0,4778965,826728,0,71682984,5284656
high_success,18,16,4,20260812,95,1,1,1,0,0,1,45,42,1,1,292.30394970583535,296.82928429754514,0,0,0,0,0,0,41384232,3048840
high_success,18,16,4,20260812,96,1,1,1,0,0,1,230,59,4,1,373.37562679152944,336.27600247321385,0,0,0,8982474,1522639,0,211240872,15582960
high_success,18,16,4,20260812,97,1,1,1,0,0,1,125,172,2,3,334.8785827449873,343.87445395612934,0,0,0,420223,92285,0,114835752,8469000
high_success,18,16,4,20260812,98,1,1,1,0,0,1,39,74,1,1,377.5641594654777,380.6717199695927,0,0,0,0,0,0,35875368,2642328
high_success,18,16,4,20260812,99,1,1,1,0,0,1,30,108,1,2,338.6416844353823,335.54348826111425,0,0,0,0,0,0,27612072,2032560
high_success,18,16,4,20260812,100,1,1,1,0,0,1,74,66,1,1,376.69174171649775,370.31910053239915,0,0,0,186082,40969,0,68010408,5013648
high_success,18,16,4,20260812,101,1,1,1,0,0,1,128,57,2,1,380.36098098932234,378.59149632028857,0,0,0,2475262,449388,0,117590184,8672256
high_success,18,16,4,20260812,102,1,1,1,0,0,1,47,112,1,2,365.10400826418027,390.3235924395173,0,0,0,0,0,0,43220520,3184344
high_success,18,16,4,20260812,103,1,1,1,0,0,1,37,55,1,1,355.3991680791694,323.4589040723753,0,0,0,0,0,0,34039080,2506824
high_success,18,16,4,20260812,104,1,1,1,0,0,1,28,18,1,1,354.6770214562565,343.3142640869343,0,0,0,0,0,0,25775784,1897056
high_success,18,16,4,20260812,105,1,1,1,0,0,1,99,25,2,1,323.01072159077785,322.5199914205882,0,0,0,0,0,0,90964008,6707448
high_success,18,16,4,20260812,106,1,1,1,0,0,1,38,44,1,1,398.5901052219425,388.049787359275,0,0,0,0,0,0,34957224,2574576
high_success,18,16,4,20260812,107,1,1,1,0,0,1,96,429,2,7,343.2624876301847,377.54866661621026,0,0,0,756599,153431,0,88209576,6504192
high_success,18,16,4,20260812,108,1,1,1,0,0,1,129,121,2,2,418.98085133661675,420.2178196391223,0,0,0,1050805,206610,0,118508328,8740008
high_success,18,16,4,20260812,109,1,1,1,0,0,1,117,101,2,2,328.62093802683444,350.3670888649941,0,0,0,7057943,1203837,0,107490600,7926984
high_success,18,16,4,20260812,110,1,1,1,0,0,1,30,20,1,1,178.17802723350303,178.17802723350303,0,0,0,0,0,0,27612072,2032560
high_success,18,16,4,20260812,111,1,1,1,0,0,1,104,51,2,1,420.8443619814818,376.0040433953472,0,0,0,0,0,0,95554728,7046208
high_success,18,16,4,20260812,112,1,1,1,0,0,1,118,101,2,2,314.84998889577696,309.0712178576099,0,0,0,72806,14856,0,108408744,7994736
high_success,18,16,4,20260812,113,1,1,1,0,0,1,123,132,2,2,422.7971549397122,418.6580975992166,0,0,0,0,0,0,112999464,8333496
high_success,18,16,4,20260812,114,1,1,1,0,0,1,60,68,1,1,363.80829372027057,369.4320986124225,0,0,0,0,0,0,55156392,4065120
high_success,18,16,4,20260812,115,1,1,1,0,0,1,41,49,1,1,369.2667686103177,369.95991575074925,0,0,0,0,0,0,37711656,2777832
high_success,18,16,4,20260812,116,1,1,1,0,0,1,66,114,1,2,317.02132734980955,347.200119478386,0,0,0,0,0,0,60665256,4471632
high_success,18,16,4,20260812,117,1,1,1,0,0,1,106,111,2,2,364.49415080970437,368.210189749381,0,0,0,0,0,0,97391016,7181712
high_success,18,16,4,20260812,118,1,1,1,0,0,1,159,199,3,3,402.0880510401987,406.9097690358745,0,0,0,6489610,1111245,0,146052648,10772568
high_success,18,16,4,20260812,119,1,1,1,0,0,1,28,101,1,2,327.1960132793296,338.71317621468023,0,0,0,0,0,0,25775784,1897056
high_success,18,16,4,20260812,120,1,1,1,0,0,1,79,45,1,1,388.7425127036904,335.5437562761291,0,0,0,6941789,1186110,0,72601128,5352408
high_success,18,16,4,20260812,121,1,1,1,0,0,1,136,231,2,4,364.3951956442078,388.6452677231986,0,0,0,0,0,0,124935336,9214272
high_success,18,16,4,20260812,122,1,1,1,0,0,1,125,36,2,1,347.235928910749,337.59811436141854,0,0,0,224831,47183,0,114835752,8469000
high_success,18,16,4,20260812,123,1,1,1,0,0,1,71,36,1,1,416.9448025914576,383.9097460023322,0,0,0,1403664,268034,0,65255976,4810392
high_success,18,16,4,20260812,124,1,1,1,0,0,1,62,54,1,1,380.02069284891934,356.5403201415652,0,0,0,504155,101607,0,56992680,4200624
high_success,18,16,4,20260812,125,1,1,1,0,0,1,188,119,3,2,449.085670787033,403.62284544764134,0,0,0,0,0,0,172678824,12737376
high_success,18,16,4,20260812,126,1,1,1,0,0,1,32,19,1,1,397.8533136028219,339.2612061845235,0,0,0,0,0,0,29448360,2168064
high_success,18,16,4,20260812,127,1,1,1,0,0,1,55,115,1,2,425.18770223926964,359.387095957704,0,0,0,0,0,0,50565672,3726360
high_success,18,16,4,20260813,0,1,1,1,0,0,1,116,165,2,3,322.758262941327,308.1863743965921,0,0,0,2202350,402920,0,106572456,7859232
high_success,18,16,4,20260813,1,1,1,1,0,0,1,47,30,1,1,296.2905070963624,298.5420052976897,0,0,0,0,0,0,43220520,3184344
high_success,18,16,4,20260813,2,1,1,1,0,0,1,53,33,1,1,386.07027405217974,385.9427237434696,0,0,0,0,0,0,48729384,3590856
high_success,18,16,4,20260813,3,1,1,1,0,0,1,59,105,1,2,300.7765497530751,312.5712331676559,0,0,0,922655,178564,0,54238248,3997368
high_success,18,16,4,20260813,4,1,1,1,0,0,1,107,61,2,1,335.172982421067,304.04711867103134,0,0,0,861087,167977,0,98309160,7249464
high_success,18,16,4,20260813,5,1,1,1,0,0,1,105,139,2,2,257.11505237569054,249.56607245809073,0,0,0,9797147,1654779,0,96472872,7113960
high_success,18,16,4,20260813,6,1,1,1,0,0,1,159,162,3,3,335.61291711723527,354.79072445755526,0,0,0,8478977,1437898,0,146052648,10772568
high_success,18,16,4,20260813,7,1,1,1,0,0,1,19,43,1,1,307.2901367200921,394.19348589791986,0,0,0,0,0,0,17512488,1287288
high_success,18,16,4,20260813,8,1,1,1,0,0,1,77,36,1,1,364.8442487043315,344.2857940538105,0,0,0,11238,2932,0,70764840,5216904
high_success,18,16,4,20260813,9,1,1,1,0,0,1,180,124,3,2,442.4175080535824,386.23228683626405,0,0,0,0,0,0,165333672,12195360
high_success,18,16,4,20260813,10,1,1,1,0,0,1,253,239,4,4,389.0899576476792,381.08887598273947,0,0,0,1948993,365618,0,232358184,17141256
high_success,18,16,4,20260813,11,1,1,1,0,0,1,20,110,1,2,306.4298124422088,267.0102898671581,0,0,0,0,0,0,18430632,1355040
high_success,18,16,4,20260813,12,1,1,1,0,0,1,23,23,1,1,304.95523891322694,313.457789053994,0,0,0,0,0,0,21185064,1558296
high_success,18,16,4,20260813,13,1,1,1,0,0,1,33,60,1,1,336.4008644263488,363.217837609478,0,0,0,0,0,0,30366504,2235816
high_success,18,16,4,20260813,14,1,1,1,0,0,1,127,587,2,10,382.86538938284946,394.9892109608183,0,0,0,0,0,0,116672040,8604504
high_success,18,16,4,20260813,15,1,1,1,0,0,1,176,127,3,2,380.5701267050762,348.6132561072293,0,0,0,7465604,1270414,0,161661096,11924352
high_success,18,16,4,20260813,16,1,1,1,0,0,1,48,34,1,1,323.26665137131715,328.9926235346122,0,0,0,0,0,0,44138664,3252096
high_success,18,16,4,20260813,17,1,1,1,0,0,1,57,109,1,2,381.80290936006224,391.43325925704323,0,0,0,0,0,0,52401960,3861864
high_success,18,16,4,20260813,18,1,1,1,0,0,1,56,69,1,1,292.6934686125596,293.93170668474943,0,0,0,534,246,0,51483816,3794112
high_success,18,16,4,20260813,19,1,1,1,0,0,1,27,118,1,2,364.0533727987027,394.76474266974066,0,0,0,0,0,0,24857640,1829304
high_success,18,16,4,20260813,20,1,1,1,0,0,1,106,46,2,1,321.67783647294044,350.9801852196015,0,0,0,132579,28574,0,97391016,7181712
high_success,18,16,4,20260813,21,1,1,1,0,0,1,68,64,1,1,423.5341061750744,356.92669674010915,0,0,0,223,70,0,62501544,4607136
high_success,18,16,4,20260813,22,1,1,1,0,0,1,71,40,1,1,329.32839236431755,341.1810528880711,0,0,0,0,0,0,65255976,4810392
high_success,18,16,4,20260813,23,1,1,1,0,0,1,51,104,1,2,346.8631160052545,382.11955614487385,0,0,0,0,0,0,46893096,3455352
high_success,18,16,4,20260813,24,1,1,1,0,0,1,45,39,1,1,314.6359893857408,318.0890737533805,0,0,0,0,0,0,41384232,3048840
high_success,18,16,4,20260813,25,1,1,1,0,0,1,99,56,2,1,406.3167075620164,396.5143008047463,0,0,0,1731380,325230,0,90964008,6707448
high_success,18,16,4,20260813,26,1,1,1,0,0,1,133,51,2,1,305.48385443374156,272.41389461076744,0,0,0,585300,119466,0,122180904,9011016
high_success,18,16,4,20260813,27,1,1,1,0,0,1,33,20,1,1,276.07715901011966,337.9117540401326,0,0,0,0,0,0,30366504,2235816
high_success,18,16,4,20260813,28,1,1,1,0,0,1,112,75,2,1,292.1641334495183,281.4216208259206,0,0,0,0,0,0,102899880,7588224
high_success,18,16,4,20260813,29,1,1,1,0,0,1,71,106,1,2,347.85696224591203,374.19926466223296,0,0,0,77894,17416,0,65255976,4810392
high_success,18,16,4,20260813,30,1,1,1,0,0,1,74,138,1,2,393.9388886670388,434.46496160592807,0,0,0,27327,5340,0,68010408,5013648
high_success,18,16,4,20260813,31,1,1,1,0,0,1,71,102,1,2,341.69174641359547,335.1084245742545,0,0,0,0,0,0,65255976,4810392
high_success,18,16,4,20260813,32,1,1,1,0,0,1,65,167,1,3,398.06700740843394,425.6841714477754,0,0,0,0,0,0,59747112,4403880
high_success,18,16,4,20260813,33,1,1,1,0,0,1,55,60,1,1,379.548529931944,314.20750160102847,0,0,0,0,0,0,50565672,3726360
high_success,18,16,4,20260813,34,1,1,1,0,0,1,49,42,1,1,313.2742330863535,310.8515261137434,0,0,0,0,0,0,45056808,3319848
high_success,18,16,4,20260813,35,1,1,1,0,0,1,95,63,2,1,346.97747274721576,342.0030498557809,0,0,0,3135361,559617,0,87291432,6436440
high_success,18,16,4,20260813,36,1,1,1,0,0,1,102,103,2,2,338.77999409782416,356.79835482952285,0,0,0,9091220,1536825,0,93718440,6910704
high_success,18,16,4,20260813,37,1,1,1,0,0,1,160,110,3,2,278.98650022779907,299.79069579247334,0,0,0,2178986,399343,0,146970792,10840320
high_success,18,16,4,20260813,38,1,1,1,0,0,1,52,63,1,1,423.32501821820387,473.4929291223498,0,0,0,0,0,0,47811240,3523104
high_success,18,16,4,20260813,39,1,1,1,0,0,1,67,119,1,2,341.2262052362872,373.0434500639886,0,0,0,0,0,0,61583400,4539384
high_success,18,16,4,20260813,40,1,1,1,0,0,1,29,63,1,1,272.1564497715714,277.6947430404066,0,0,0,0,0,0,26693928,1964808
high_success,18,16,4,20260813,41,1,1,1,0,0,1,254,161,4,3,376.80543109960723,356.05822055713946,0,0,0,4899413,849329,0,233276328,17209008
high_success,18,16,4,20260813,42,1,1,1,0,0,1,73,36,1,1,292.27485102141736,283.6048254271893,0,0,0,3325427,590242,0,67092264,4945896
high_success,18,16,4,20260813,43,1,1,1,0,0,1,734,950,12,16,271.2853509699286,262.7252534312521,0,0,0,3571345,629371,0,673985448,49729968
high_success,18,16,4,20260813,44,1,1,1,0,0,1,64,112,1,2,329.9626426975352,342.15994177065676,0,0,0,0,0,0,58828968,4336128
high_success,18,16,4,20260813,45,1,1,1,0,0,1,524,112,9,2,336.39033047646336,342.0849217336133,0,0,0,4550701,794078,0,481175208,35502048
high_success,18,16,4,20260813,46,1,1,1,0,0,1,127,108,2,2,289.1218103378847,297.41649960085,0,0,0,2821555,506617,0,116672040,8604504
high_success,18,16,4,20260813,47,1,1,1,0,0,1,70,33,1,1,349.41833801300163,303.3721958020355,0,0,0,2700258,489060,0,64337832,4742640
high_success,18,16,4,20260813,48,1,1,1,0,0,1,58,67,1,1,384.88258888141934,377.2650130165206,0,0,0,0,0,0,53320104,3929616
high_success,18,16,4,20260813,49,1,1,1,0,0,1,380,654,6,11,389.1567537881034,405.4039575288251,0,0,0,0,0,0,348962472,25745760
high_success,18,16,4,20260813,50,1,1,1,0,0,1,40,65,1,1,345.53678834428666,332.54886373299667,0,0,0,0,0,0,36793512,2710080
high_success,18,16,4,20260813,51,1,1,1,0,0,1,59,39,1,1,305.632421506025,261.3928486981134,0,0,0,0,0,0,54238248,3997368
high_success,18,16,4,20260813,52,1,1,1,0,0,1,66,44,1,1,286.176189006958,289.69835649100384,0,0,0,16827,3698,0,60665256,4471632
high_success,18,16,4,20260813,53,1,1,1,0,0,1,103,173,2,3,400.0623055295305,393.8584488496718,0,0,0,5517649,952237,0,94636584,6978456
high_success,18,16,4,20260813,54,1,1,1,0,0,1,43,103,1,2,320.76245513704424,333.24055171979523,0,0,0,0,0,0,39547944,2913336
high_success,18,16,4,20260813,55,1,1,1,0,0,1,43,26,1,1,293.59551555942437,294.5939667311917,0,0,0,0,0,0,39547944,2913336
high_success,18,16,4,20260813,56,1,1,1,0,0,1,238,137,4,2,381.2324107936596,379.13215707158315,0,0,0,0,0,0,218586024,16124976
high_success,18,16,4,20260813,57,1,1,1,0,0,1,42,97,1,2,367.6380698097053,346.8736164836162,0,0,0,0,0,0,38629800,2845584
high_success,18,16,4,20260813,58,1,1,1,0,0,1,62,115,1,2,378.6710961389345,418.6060125330745,0,0,0,0,0,0,56992680,4200624
high_success,18,16,4,20260813,59,1,1,1,0,0,1,105,537,2,9,419.26100222187495,450.12906320882445,0,0,0,1555794,298922,0,96472872,7113960
high_success,18,16,4,20260813,60,1,1,1,0,0,1,42,30,1,1,333.32182540367774,304.6898969539345,0,0,0,0,0,0,38629800,2845584
high_success,18,16,4,20260813,61,1,1,1,0,0,1,109,90,2,2,311.6282717999217,314.2536881683663,0,0,0,1606807,302843,0,100145448,7384968
high_success,18,16,4,20260813,62,1,1,1,0,0,1,112,68,2,1,357.5826927364377,333.24186483229846,0,0,0,6608450,1131664,0,102899880,7588224
high_success,18,16,4,20260813,63,1,1,1,0,0,1,109,64,2,1,355.14257199613155,341.68610454286585,0,0,0,8526367,1445462,0,100145448,7384968
high_success,18,16,4,20260813,64,1,1,1,0,0,1,31,50,1,1,289.7162321068455,292.3425324906818,0,0,0,0,0,0,28530216,2100312
high_success,18,16,4,20260813,65,1,1,1,0,0,1,28,135,1,2,257.1615435259091,272.67078361851384,0,0,0,0,0,0,25775784,1897056
high_success,18,16,4,20260813,66,1,1,1,0,0,1,119,76,2,1,403.74830396312217,376.14079954686486,0,0,0,1474276,276450,0,109326888,8062488
high_success,18,16,4,20260813,67,1,1,1,0,0,1,108,110,2,2,333.13178786695215,335.8198286819658,0,0,0,0,0,0,99227304,7317216
high_success,18,16,4,20260813,68,1,1,1,0,0,1,60,69,1,1,284.0531234311235,286.4211312880408,0,0,0,0,0,0,55156392,4065120
high_success,18,16,4,20260813,69,1,1,1,0,0,1,28,20,1,1,280.00104368987314,271.7495234214058,0,0,0,0,0,0,25775784,1897056
high_success,18,16,4,20260813,70,1,1,1,0,0,1,51,46,1,1,358.3357700822818,362.12330579558125,0,0,0,193,91,0,46893096,3455352
high_success,18,16,4,20260813,71,1,1,1,0,0,1,893,526,15,9,459.29621127012933,463.34352218979245,0,0,0,1145465,222291,0,819970344,60502536
high_success,18,16,4,20260813,72,1,1,1,0,0,1,124,113,2,2,296.78787897798134,319.3028860326692,0,0,0,278232,60480,0,113917608,8401248
high_success,18,16,4,20260813,73,1,1,1,0,0,1,63,66,1,1,300.95782409948276,300.5574812877429,0,0,0,0,0,0,57910824,4268376
high_success,18,16,4,20260813,74,1,1,1,0,0,1,46,37,1,1,344.7226028375244,371.52700407469126,0,0,0,0,0,0,42302376,3116592
high_success,18,16,4,20260813,75,1,1,1,0,0,1,62,102,1,2,311.0598987960736,305.5511981193787,0,0,0,0,0,0,56992680,4200624
high_success,18,16,4,20260813,76,1,1,1,0,0,1,37,24,1,1,242.9607474969524,244.45089977786057,0,0,0,0,0,0,34039080,2506824
high_success,18,16,4,20260813,77,1,1,1,0,0,1,106,167,2,3,431.6285471986719,443.6543913652894,0,0,0,0,0,0,97391016,7181712
high_success,18,16,4,20260813,78,1,1,1,0,0,1,59,45,1,1,318.52267416997347,324.9551268258796,0,0,0,0,0,0,54238248,3997368
high_success,18,16,4,20260813,79,1,1,1,0,0,1,28,101,1,2,301.0663410319129,299.93196108015326,0,0,0,0,0,0,25775784,1897056
high_success,18,16,4,20260813,80,1,1,1,0,0,1,80,136,1,2,333.747179358654,336.62542355410795,0,0,0,0,0,0,73519272,5420160
high_success,18,16,4,20260813,81,1,1,1,0,0,1,52,25,1,1,275.73362501900294,285.9414971385273,0,0,0,1237765,241566,0,47811240,3523104
high_success,18,16,4,20260813,82,1,1,1,0,0,1,61,109,1,2,317.9857317631179,341.2865377153572,0,0,0,1572939,297822,0,56074536,4132872
high_success,18,16,4,20260813,83,1,1,1,0,0,1,168,128,3,2,340.2142629583373,331.4860004212024,0,0,0,2769256,498207,0,154315944,11382336
high_success,18,16,4,20260813,84,1,1,1,0,0,1,30,37,1,1,242.5003544043204,250.75211346302956,0,0,0,0,0,0,27612072,2032560
high_success,18,16,4,20260813,85,1,1,1,0,0,1,44,106,1,2,390.52954596370387,391.8703057097051,0,0,0,0,0,0,40466088,2981088
high_success,18,16,4,20260813,86,1,1,1,0,0,1,248,107,4,2,326.2054243958529,280.11412180627536,0,0,0,527536,110912,0,227767464,16802496
high_success,18,16,4,20260813,87,1,1,1,0,0,1,167,161,3,3,263.01329175699203,259.860127606676,0,0,0,5770014,991018,0,153397800,11314584
high_success,18,16,4,20260813,88,1,1,1,0,0,1,28,91,1,2,307.5671217276113,292.13097824529143,0,0,0,0,0,0,25775784,1897056
high_success,18,16,4,20260813,89,1,1,1,0,0,1,69,47,1,1,375.8432311774419,381.53107550864195,0,0,0,0,0,0,63419688,4674888
high_success,18,16,4,20260813,90,1,1,1,0,0,1,96,30,2,1,296.61553328550997,284.7813793513335,0,0,0,5289442,912257,0,88209576,6504192
high_success,18,16,4,20260813,91,1,1,1,0,0,1,33,42,1,1,263.9181950742098,260.8548827750357,0,0,0,0,0,0,30366504,2235816
high_success,18,16,4,20260813,92,1,1,1,0,0,1,178,375,3,6,405.54658400916685,446.0983994107325,0,0,0,1005368,204571,0,163497384,12059856
high_success,18,16,4,20260813,93,1,1,1,0,0,1,28,27,1,1,318.2780739433674,277.4038351092961,0,0,0,0,0,0,25775784,1897056
high_success,18,16,4,20260813,94,1,1,1,0,0,1,36,35,1,1,324.98698064621385,295.044544278146,0,0,0,0,0,0,33120936,2439072
high_success,18,16,4,20260813,95,1,1,1,0,0,1,109,42,2,1,387.57896944411357,360.51243337075067,0,0,0,3239616,578177,0,100145448,7384968
high_success,18,16,4,20260813,96,1,1,1,0,0,1,37,20,1,1,322.9638345013785,329.8917725814215,0,0,0,0,0,0,34039080,2506824
high_success,18,16,4,20260813,97,1,1,1,0,0,1,45,116,1,2,409.2584122017428,442.65850502818773,0,0,0,0,0,0,41384232,3048840
high_success,18,16,4,20260813,98,1,1,1,0,0,1,121,110,2,2,394.03398885271696,373.2580157286062,0,0,0,66462,13539,0,111163176,8197992
high_success,18,16,4,20260813,99,1,1,1,0,0,1,31,162,1,3,344.93952255060947,371.9643204042568,0,0,0,0,0,0,28530216,2100312
high_success,18,16,4,20260813,100,1,1,1,0,0,1,106,43,2,1,344.9930218237743,316.7601794550043,0,0,0,3008215,537718,0,97391016,7181712
high_success,18,16,4,20260813,101,1,1,1,0,0,1,24,17,1,1,251.2938370822915,259.27356483851827,0,0,0,0,0,0,22103208,1626048
high_success,18,16,4,20260813,102,1,1,1,0,0,1,311,38,5,1,423.4163152193843,353.7628845921156,0,0,0,3017460,542296,0,285610536,21070872
high_success,18,16,4,20260813,103,1,1,1,0,0,1,103,105,2,2,382.15442007559517,377.8171018137457,0,0,0,0,0,0,94636584,6978456
high_success,18,16,4,20260813,104,1,1,1,0,0,1,343,590,6,10,382.29417600855606,371.60431270096217,0,0,0,297117,61701,0,314991144,23238936
high_success,18,16,4,20260813,105,1,1,1,0,0,1,111,132,2,2,343.60664843032714,333.86867319213167,0,0,0,3315938,591270,0,101981736,7520472
high_success,18,16,4,20260813,106,1,1,1,0,0,1,115,51,2,1,343.31292538925425,329.8174457674751,0,0,0,8316265,1408845,0,105654312,7791480
high_success,18,16,4,20260813,107,1,1,1,0,0,1,57,121,1,2,432.28989420784046,511.76929986513164,0,0,0,0,0,0,52401960,3861864
high_success,18,16,4,20260813,108,1,1,1,0,0,1,30,33,1,1,283.30617820649775,242.11451747161775,0,0,0,0,0,0,27612072,2032560
high_success,18,16,4,20260813,109,1,1,1,0,0,1,492,464,8,8,404.4221724673488,398.38268584059676,0,0,0,0,0,0,451794600,33333984
high_success,18,16,4,20260813,110,1,1,1,0,0,1,250,68,4,1,412.206485621038,367.9781547416666,0,0,0,4886195,847354,0,229603752,16938000
high_success,18,16,4,20260813,111,1,1,1,0,0,1,592,612,10,10,314.6796258257047,335.02480134891584,0,0,0,9404739,1588636,0,543609000,40109184
high_success,18,16,4,20260813,112,1,1,1,0,0,1,73,52,1,1,385.53322980581197,380.11819525561873,0,0,0,4180669,730262,0,67092264,4945896
high_success,18,16,4,20260813,113,1,1,1,0,0,1,194,49,3,1,266.04110492444966,255.4725696447686,0,0,0,9886127,1668881,0,178187688,13143888
high_success,18,16,4,20260813,114,1,1,1,0,0,1,34,59,1,1,393.65782232731993,367.7920592632123,0,0,0,0,0,0,31284648,2303568
high_success,18,16,4,20260813,115,1,1,1,0,0,1,101,116,2,2,324.412707856536,351.57580358970966,0,0,0,799113,159973,0,92800296,6842952
high_success,18,16,4,20260813,116,1,1,1,0,0,1,115,91,2,2,349.127098637441,295.7942115852386,0,0,0,0,0,0,105654312,7791480
high_success,18,16,4,20260813,117,1,1,1,0,0,1,40,52,1,1,325.5338271747982,310.99807886397264,0,0,0,0,0,0,36793512,2710080
high_success,18,16,4,20260813,118,1,1,1,0,0,1,40,28,1,1,323.91576369930044,321.52925021588663,0,0,0,0,0,0,36793512,2710080
high_success,18,16,4,20260813,119,1,1,1,0,0,1,39,52,1,1,337.3092266541547,347.3831687824045,0,0,0,0,0,0,35875368,2642328
high_success,18,16,4,20260813,120,1,1,1,0,0,1,49,101,1,2,312.8594605080011,337.6184205046024,0,0,0,0,0,0,45056808,3319848
high_success,18,16,4,20260813,121,1,1,1,0,0,1,55,290,1,5,437.16530709367737,468.9807837702102,0,0,0,0,0,0,50565672,3726360
high_success,18,16,4,20260813,122,1,1,1,0,0,1,41,61,1,1,283.49967044706113,286.53055185673327,0,0,0,0,0,0,37711656,2777832
high_success,18,16,4,20260813,123,1,1,1,0,0,1,34,53,1,1,298.378613105957,285.23713734113096,0,0,0,0,0,0,31284648,2303568
high_success,18,16,4,20260813,124,1,1,1,0,0,1,125,73,2,1,370.54057324217587,317.967363033831,0,0,0,4091465,717348,0,114835752,8469000
high_success,18,16,4,20260813,125,1,1,1,0,0,1,79,101,1,2,280.5453520498297,321.80563378649833,0,0,0,7475351,1273207,0,72601128,5352408
high_success,18,16,4,20260813,126,1,1,1,0,0,1,112,75,2,1,380.66609292044836,341.034180686038,0,0,0,200025,41827,0,102899880,7588224
high_success,18,16,4,20260813,127,1,1,1,0,0,1,40,113,1,2,312.07016009676124,307.9068282163679,0,0,0,0,0,0,36793512,2710080
low_latency,14,16,4,20260809,0,1,1,1,0,0,1,37,23,1,1,318.1463945999453,328.6641794878916,0,0,0,4830196,816662,0,34039080,2506824
low_latency,14,16,4,20260809,1,1,1,1,0,0,1,42,17,1,1,319.244503996015,298.31313780294295,0,0,0,2523460,451981,0,38629800,2845584
low_latency,14,16,4,20260809,2,1,1,1,0,0,1,40,25,1,1,386.867476264577,388.67262118387396,0,0,0,1671363,315436,0,36793512,2710080
low_latency,14,16,4,20260809,3,1,1,1,0,0,1,41,36,1,1,367.00421729754777,362.1952545164906,0,0,0,5568371,953157,0,37711656,2777832
low_latency,14,16,4,20260809,4,1,1,1,0,0,1,17,15,1,1,410.41626611945526,319.89038709201327,0,0,0,0,0,0,15676200,1151784
low_latency,14,16,4,20260809,5,1,1,1,0,0,1,53,16,1,1,263.4989090628512,274.69419033665883,0,0,0,2083125,403145,0,48729384,3590856
low_latency,14,16,4,20260809,6,1,1,1,0,0,1,91,23,2,1,304.5876638983668,302.4205950937307,0,0,0,19660127,3258135,0,83618856,6165432
low_latency,14,16,4,20260809,7,1,1,1,0,0,1,34,211,1,4,367.54835723090434,376.20504979397975,0,0,0,1518428,274463,0,31284648,2303568
low_latency,14,16,4,20260809,8,1,1,1,0,0,1,28,56,1,1,353.32071911028163,359.70213395503305,0,0,0,62815,13238,0,25775784,1897056
low_latency,14,16,4,20260809,9,1,1,1,0,0,1,156,205,3,4,365.2781741731055,385.4889766661306,0,0,0,31829376,5357144,0,143298216,10569312
low_latency,14,16,4,20260809,10,1,1,1,0,0,1,23,39,1,1,338.3058737049273,351.1709519540915,0,0,0,9352,2418,0,21185064,1558296
low_latency,14,16,4,20260809,11,1,1,1,0,0,1,88,21,2,1,376.479303232659,361.91901569493524,0,0,0,18097494,3007783,0,80864424,5962176
low_latency,14,16,4,20260809,12,1,1,1,0,0,1,42,52,1,1,390.6551592319578,385.6277491698546,0,0,0,2118915,382514,0,38629800,2845584
low_latency,14,16,4,20260809,13,1,1,1,0,0,1,131,92,2,2,432.79555655355153,395.2418514783643,0,0,0,24819422,4203721,0,120344616,8875512
low_latency,14,16,4,20260809,14,1,1,1,0,0,1,32,61,1,1,338.5979398863363,344.9932359701255,0,0,0,674628,131771,0,29448360,2168064
low_latency,14,16,4,20260809,15,1,1,1,0,0,1,107,91,2,2,342.4199477583178,382.18807071665816,0,0,0,18063869,3052662,0,98309160,7249464
low_latency,14,16,4,20260809,16,1,1,1,0,0,1,93,34,2,1,454.6929019602283,393.06636497611544,0,0,0,17684597,2941532,0,85455144,6300936
low_latency,14,16,4,20260809,17,1,1,1,0,0,1,37,22,1,1,305.6760592640092,350.00538713651184,0,0,0,5175958,872917,0,34039080,2506824
low_latency,14,16,4,20260809,18,1,1,1,0,0,1,104,22,2,1,453.17301086056773,453.84616372582457,0,0,0,18793020,3128096,0,95554728,7046208
low_latency,14,16,4,20260809,19,1,1,1,0,0,1,27,25,1,1,381.1940697065229,387.839971311754,0,0,0,62242,13714,0,24857640,1829304
low_latency,14,16,4,20260809,20,1,1,1,0,0,1,44,24,1,1,286.36505775018753,279.96045497823843,0,0,0,5580899,954637,0,40466088,2981088
low_latency,14,16,4,20260809,21,1,1,1,0,0,1,14,14,1,1,273.57854771508386,273.57854771508386,0,0,0,0,0,0,12921768,948528
low_latency,14,16,4,20260809,22,1,1,1,0,0,1,25,22,1,1,308.5124129581066,360.3091827740966,0,0,0,213813,45143,0,23021352,1693800
low_latency,14,16,4,20260809,23,1,1,1,0,0,1,38,16,1,1,348.9287107278032,360.65008896626534,0,0,0,3289471,567989,0,34957224,2574576
low_latency,14,16,4,20260809,24,1,1,1,0,0,1,29,19,1,1,311.34676067526306,299.5748059099719,0,0,0,679992,130394,0,26693928,1964808
low_latency,14,16,4,20260809,25,1,1,1,0,0,1,27,22,1,1,233.46049367038287,231.49009693130174,0,0,0,286433,59876,0,24857640,1829304
low_latency,14,16,4,20260809,26,1,1,1,0,0,1,27,27,1,1,287.54706712272224,298.1364026687779,0,0,0,21875,5508,0,24857640,1829304
low_latency,14,16,4,20260809,27,1,1,1,0,0,1,19,38,1,1,282.4251143019695,279.68360395475577,0,0,0,408,146,0,17512488,1287288
low_latency,14,16,4,20260809,28,1,1,1,0,0,1,221,195,4,3,410.5948334492215,384.3595301189147,0,0,0,47121160,7963521,0,202977576,14973192
low_latency,14,16,4,20260809,29,1,1,1,0,0,1,29,43,1,1,342.08492718851875,385.2152367537198,0,0,0,837420,161009,0,26693928,1964808
low_latency,14,16,4,20260809,30,1,1,1,0,0,1,17,33,1,1,332.7156967748629,325.8828210696963,0,0,0,0,0,0,15676200,1151784
low_latency,14,16,4,20260809,31,1,1,1,0,0,1,26,20,1,1,282.4417930129109,285.52694858161897,0,0,0,978215,181219,0,23939496,1761552
low_latency,14,16,4,20260809,32,1,1,1,0,0,1,23,28,1,1,353.87693487265017,340.4050680907237,0,0,0,377280,75898,0,21185064,1558296
low_latency,14,16,4,20260809,33,1,1,1,0,0,1,17,18,1,1,351.2539752513059,346.02187035022496,0,0,0,0,0,0,15676200,1151784
low_latency,14,16,4,20260809,34,1,1,1,0,0,1,153,82,3,2,327.94782963557384,337.70401879698346,0,0,0,33672704,5638001,0,140543784,10366056
low_latency,14,16,4,20260809,35,1,1,1,0,0,1,45,52,1,1,441.364641160651,407.4045599519107,0,0,0,5174696,876300,0,41384232,3048840
low_latency,14,16,4,20260809,36,1,1,1,0,0,1,44,25,1,1,385.2338679066979,396.351264363206,0,0,0,3003791,520997,0,40466088,2981088
low_latency,14,16,4,20260809,37,0,1,0,0,1,0,260,260,4,4,,,0,0,0,51264232,8805391,0,238785192,17615520
low_latency,14,16,4,20260809,38,1,1,1,0,0,1,90,37,2,1,397.5509418570029,391.12588992694896,0,0,0,16718395,2789292,0,82700712,6097680
low_latency,14,16,4,20260809,39,1,1,1,0,0,1,25,37,1,1,343.76950382381267,360.0953822279208,0,0,0,1948,509,0,23021352,1693800
low_latency,14,16,4,20260809,40,1,1,1,0,0,1,16,33,1,1,280.6114019145944,293.50734883469914,0,0,0,0,0,0,14758056,1084032
low_latency,14,16,4,20260809,41,1,1,1,0,0,1,18,18,1,1,293.7052144960676,226.82538599575787,0,0,0,9,14,0,16594344,1219536
low_latency,14,16,4,20260809,42,1,1,1,0,0,1,47,25,1,1,328.7853623556117,328.3955906081728,0,0,0,4128215,722796,0,43220520,3184344
low_latency,14,16,4,20260809,43,1,1,1,0,0,1,29,21,1,1,327.8708032616791,343.36213996198785,0,0,0,1649857,294603,0,26693928,1964808
low_latency,14,16,4,20260809,44,1,1,1,0,0,1,32,18,1,1,415.53792045987825,396.4687337538469,0,0,0,1466269,268945,0,29448360,2168064
low_latency,14,16,4,20260809,45,1,1,1,0,0,1,21,26,1,1,260.790073795145,247.19065710579184,0,0,0,3096,780,0,19348776,1422792
low_latency,14,16,4,20260809,46,1,1,1,0,0,1,97,25,2,1,466.1404431682649,399.623139095343,0,0,0,17122492,2837347,0,89127720,6571944
low_latency,14,16,4,20260809,47,1,1,1,0,0,1,84,22,2,1,301.84703655278213,300.8377827556977,0,0,0,16975964,2827184,0,77191848,5691168
low_latency,14,16,4,20260809,48,1,1,1,0,0,1,31,27,1,1,411.17963838383093,391.10301773934555,0,0,0,240737,52214,0,28530216,2100312
low_latency,14,16,4,20260809,49,1,1,1,0,0,1,29,25,1,1,383.9185769363319,379.82016155951317,0,0,0,2289,643,0,26693928,1964808
low_latency,14,16,4,20260809,50,1,1,1,0,0,1,30,31,1,1,317.9132485500227,313.24746694633507,0,0,0,494186,96277,0,27612072,2032560
low_latency,14,16,4,20260809,51,1,1,1,0,0,1,30,17,1,1,263.7509668181009,272.420109038991,0,0,0,1718471,306728,0,27612072,2032560
low_latency,14,16,4,20260809,52,1,1,1,0,0,1,41,44,1,1,296.2232499367866,258.6872963628482,0,0,0,6400021,1075962,0,37711656,2777832
low_latency,14,16,4,20260809,53,1,1,1,0,0,1,48,80,1,1,340.8877484362215,353.6181848264015,0,0,0,2202276,423756,0,44138664,3252096
low_latency,14,16,4,20260809,54,1,1,1,0,0,1,30,46,1,1,388.574463848896,385.9629727434567,0,0,0,705533,130700,0,27612072,2032560
low_latency,14,16,4,20260809,55,1,1,1,0,0,1,36,25,1,1,391.83426521971865,405.4659368855956,0,0,0,3418611,589400,0,33120936,2439072
low_latency,14,16,4,20260809,56,1,1,1,0,0,1,29,84,1,2,330.546580202735,332.84023113687635,0,0,0,1531344,277224,0,26693928,1964808
low_latency,14,16,4,20260809,57,1,1,1,0,0,1,17,19,1,1,319.78759681830473,335.1588456344334,0,0,0,0,0,0,15676200,1151784
low_latency,14,16,4,20260809,58,1,1,1,0,0,1,28,16,1,1,317.1992605606455,303.81979552907956,0,0,0,1424057,257105,0,25775784,1897056
low_latency,14,16,4,20260809,59,1,1,1,0,0,1,44,45,1,1,442.29743084299844,452.26105662239297,0,0,0,2345843,429130,0,40466088,2981088
low_latency,14,16,4,20260809,60,1,1,1,0,0,1,89,30,2,1,292.44980409907396,331.04892371412643,0,0,0,19562579,3243720,0,81782568,6029928
low_latency,14,16,4,20260809,61,0,1,0,0,1,0,260,260,4,4,,,0,0,0,35062560,6127790,0,238785192,17615520
low_latency,14,16,4,20260809,62,1,1,1,0,0,1,35,28,1,1,375.23815819477284,414.8972389588573,0,0,0,1252346,226872,0,32202792,2371320
low_latency,14,16,4,20260809,63,1,1,1,0,0,1,98,37,2,1,433.2277085421558,385.642096417405,0,0,0,9100014,1616999,0,90045864,6639696
low_latency,14,16,4,20260809,64,1,1,1,0,0,1,21,23,1,1,292.47487136357347,278.7770616951118,0,0,0,2570,705,0,19348776,1422792
low_latency,14,16,4,20260809,65,1,1,1,0,0,1,15,31,1,1,285.58125895758644,298.46332625844525,0,0,0,0,0,0,13839912,1016280
low_latency,14,16,4,20260809,66,1,1,1,0,0,1,33,22,1,1,306.2017227738768,310.05971627856,0,0,0,2328224,411551,0,30366504,2235816
low_latency,14,16,4,20260809,67,1,1,1,0,0,1,35,31,1,1,430.6190126023324,428.84117822222026,0,0,0,2612239,458632,0,32202792,2371320
low_latency,14,16,4,20260809,68,1,1,1,0,0,1,24,20,1,1,285.73332162990243,290.45936733726637,0,0,0,282045,57473,0,22103208,1626048
low_latency,14,16,4,20260809,69,1,1,1,0,0,1,36,35,1,1,371.4201925964611,355.31448491275955,0,0,0,2365134,416973,0,33120936,2439072
low_latency,14,16,4,20260809,70,1,1,1,0,0,1,40,32,1,1,307.2022832024958,324.2738142332343,0,0,0,1333985,256686,0,36793512,2710080
low_latency,14,16,4,20260809,71,1,1,1,0,0,1,24,19,1,1,228.5749587491972,253.9745954435926,0,0,0,404639,80036,0,22103208,1626048
low_latency,14,16,4,20260809,72,1,1,1,0,0,1,22,30,1,1,370.64213244020436,345.2601536845826,0,0,0,22,11,0,20266920,1490544
low_latency,14,16,4,20260809,73,1,1,1,0,0,1,40,16,1,1,271.09474733407797,272.94166483059627,0,0,0,2964975,518539,0,36793512,2710080
low_latency,14,16,4,20260809,74,1,1,1,0,0,1,42,30,1,1,438.8387048398205,393.94997139003056,0,0,0,1075923,206008,0,38629800,2845584
low_latency,14,16,4,20260809,75,1,1,1,0,0,1,85,83,2,2,377.021001511289,422.4829592123523,0,0,0,18668063,3093989,0,78109992,5758920
low_latency,14,16,4,20260809,76,1,1,1,0,0,1,29,30,1,1,386.6004632550951,386.90030226549425,0,0,0,69853,15129,0,26693928,1964808
low_latency,14,16,4,20260809,77,1,1,1,0,0,1,39,27,1,1,341.35240873970747,335.72277966329,0,0,0,4216419,721364,0,35875368,2642328
low_latency,14,16,4,20260809,78,1,1,1,0,0,1,90,84,2,2,339.337701468038,302.0250953999348,0,0,0,20622495,3415515,0,82700712,6097680
low_latency,14,16,4,20260809,79,1,1,1,0,0,1,47,16,1,1,303.32468129049903,273.0699800584164,0,0,0,8027466,1343087,0,43220520,3184344
low_latency,14,16,4,20260809,80,1,1,1,0,0,1,20,29,1,1,384.1977355660755,390.7174692338731,0,0,0,36,36,0,18430632,1355040
low_latency,14,16,4,20260809,81,1,1,1,0,0,1,28,20,1,1,378.978317567707,363.0386420998793,0,0,0,272278,56632,0,25775784,1897056
low_latency,14,16,4,20260809,82,1,1,1,0,0,1,35,30,1,1,314.07108307873284,303.2887316188873,0,0,0,1624069,305201,0,32202792,2371320
low_latency,14,16,4,20260809,83,1,1,1,0,0,1,22,34,1,1,404.13317694081593,363.06592510765,0,0,0,719,195,0,20266920,1490544
low_latency,14,16,4,20260809,84,1,1,1,0,0,1,46,27,1,1,415.59369971343506,357.15246147857147,0,0,0,4886468,838187,0,42302376,3116592
low_latency,14,16,4,20260809,85,1,1,1,0,0,1,19,29,1,1,214.33441560825503,257.4272679986892,0,0,0,3504,882,0,17512488,1287288
low_latency,14,16,4,20260809,86,1,1,1,0,0,1,35,50,1,1,315.43982862278983,338.1824667100422,0,0,0,3508115,607730,0,32202792,2371320
low_latency,14,16,4,20260809,87,1,1,1,0,0,1,37,99,1,2,303.125243753404,312.8721032697201,0,0,0,2471122,434735,0,34039080,2506824
low_latency,14,16,4,20260809,88,1,1,1,0,0,1,28,42,1,1,340.3919498461496,377.6572523052703,0,0,0,1316854,238864,0,25775784,1897056
low_latency,14,16,4,20260809,89,1,1,1,0,0,1,100,32,2,1,369.6194825610788,366.4414296001787,0,0,0,19356666,3227235,0,91882152,6775200
low_latency,14,16,4,20260809,90,1,1,1,0,0,1,21,16,1,1,304.36271079121286,311.677600028673,0,0,0,10630,2294,0,19348776,1422792
low_latency,14,16,4,20260809,91,1,1,1,0,0,0,108,260,2,4,478.5727032558314,,0,0,0,17700486,2999188,0,99227304,7317216
low_latency,14,16,4,20260809,92,1,1,1,0,0,1,41,26,1,1,322.7155043235801,343.5577990850549,0,0,0,2458488,447036,0,37711656,2777832
low_latency,14,16,4,20260809,93,1,1,1,0,0,1,21,31,1,1,330.4522182724087,300.4789985779083,0,0,0,5830,1380,0,19348776,1422792
low_latency,14,16,4,20260809,94,1,1,1,0,0,1,31,33,1,1,344.76009683693974,362.5856886511678,0,0,0,747127,145016,0,28530216,2100312
low_latency,14,16,4,20260809,95,1,1,1,0,0,1,17,18,1,1,348.3839892393951,339.04132144161815,0,0,0,0,0,0,15676200,1151784
low_latency,14,16,4,20260809,96,1,1,1,0,0,1,88,16,2,1,312.4009899354025,300.6408532896441,0,0,0,19789621,3280414,0,80864424,5962176
low_latency,14,16,4,20260809,97,1,1,1,0,0,1,33,89,1,2,466.1886615022887,417.4423246295261,0,0,0,2193331,392589,0,30366504,2235816
low_latency,14,16,4,20260809,98,1,1,1,0,0,1,22,25,1,1,327.33594158445766,326.960255386557,0,0,0,39937,8444,0,20266920,1490544
low_latency,14,16,4,20260809,99,1,1,1,0,0,1,25,44,1,1,355.7805720157923,326.94040353973685,0,0,0,2,3,0,23021352,1693800
low_latency,14,16,4,20260809,100,1,1,1,0,0,1,35,90,1,2,376.2285641786908,335.43470040703517,0,0,0,1278315,242562,0,32202792,2371320
low_latency,14,16,4,20260809,101,1,1,1,0,0,1,96,18,2,1,335.87314851083227,309.140936455733,0,0,0,19085311,3176844,0,88209576,6504192
low_latency,14,16,4,20260809,102,1,1,1,0,0,1,26,82,1,2,272.6439639243604,246.2784652424893,0,0,0,1718155,309595,0,23939496,1761552
low_latency,14,16,4,20260809,103,1,1,1,0,0,1,158,54,3,1,440.08849170710414,410.70648991171845,0,0,0,33527471,5626163,0,145134504,10704816
low_latency,14,16,4,20260809,104,1,1,1,0,0,1,25,18,1,1,290.83895956349977,295.380544476776,0,0,0,37221,8478,0,23021352,1693800
low_latency,14,16,4,20260809,105,1,1,1,0,0,1,31,58,1,1,422.2582574949289,391.04841419798083,0,0,0,852254,160201,0,28530216,2100312
low_latency,14,16,4,20260809,106,1,1,1,0,0,1,32,35,1,1,308.1091799185616,302.2556580886102,0,0,0,1145212,217811,0,29448360,2168064
low_latency,14,16,4,20260809,107,1,1,1,0,0,1,55,111,1,2,296.3432288872443,315.72230127220996,0,0,0,8220201,1391298,0,50565672,3726360
low_latency,14,16,4,20260809,108,1,1,1,0,0,1,18,103,1,2,357.0339576978198,340.0301651829569,0,0,0,0,0,0,16594344,1219536
low_latency,14,16,4,20260809,109,1,1,1,0,0,1,38,34,1,1,368.5845542802915,379.0741094134602,0,0,0,1153723,209044,0,34957224,2574576
low_latency,14,16,4,20260809,110,1,1,1,0,0,1,37,49,1,1,441.6374304536615,413.1985613690827,0,0,0,70109,18032,0,34039080,2506824
low_latency,14,16,4,20260809,111,1,1,1,0,0,1,37,54,1,1,398.0083123076955,404.2715570445873,0,0,0,540670,110938,0,34039080,2506824
low_latency,14,16,4,20260809,112,1,1,1,0,0,1,28,48,1,1,330.3181042673114,329.8719165750861,0,0,0,522548,102608,0,25775784,1897056
low_latency,14,16,4,20260809,113,1,1,1,0,0,1,41,26,1,1,280.98431817549726,276.2851926126827,0,0,0,2896374,532549,0,37711656,2777832
low_latency,14,16,4,20260809,114,1,1,1,0,0,1,152,20,3,1,347.3161734525173,349.97869022261057,0,0,0,31502082,5303327,0,139625640,10298304
low_latency,14,16,4,20260809,115,1,1,1,0,0,1,30,19,1,1,280.29823150691584,261.4680266731877,0,0,0,137501,29848,0,27612072,2032560
low_latency,14,16,4,20260809,116,1,1,1,0,0,1,25,34,1,1,323.21488746233183,334.35677903390723,0,0,0,540496,106667,0,23021352,1693800
low_latency,14,16,4,20260809,117,1,1,1,0,0,1,104,147,2,3,392.30213237049145,390.9320559884411,0,0,0,19569767,3277159,0,95554728,7046208
low_latency,14,16,4,20260809,118,1,1,1,0,0,1,24,18,1,1,347.4686720716745,344.0011686597601,0,0,0,16138,3637,0,22103208,1626048
low_latency,14,16,4,20260809,119,1,1,1,0,0,1,22,28,1,1,291.67056369975626,293.7021099222694,0,0,0,56979,11954,0,20266920,1490544
low_latency,14,16,4,20260809,120,1,1,1,0,0,1,56,20,1,1,292.9333712977218,285.0630681786598,0,0,0,10383861,1754075,0,51483816,3794112
low_latency,14,16,4,20260809,121,1,1,1,0,0,1,32,29,1,1,442.7166953769953,463.4497246426643,0,0,0,539647,108846,0,29448360,2168064
low_latency,14,16,4,20260809,122,1,1,1,0,0,1,48,33,1,1,337.08276075473293,323.65360269006106,0,0,0,8524916,1425300,0,44138664,3252096
low_latency,14,16,4,20260809,123,1,1,1,0,0,1,18,29,1,1,365.0605178432185,403.87720113420835,0,0,0,0,0,0,16594344,1219536
low_latency,14,16,4,20260809,124,1,1,1,0,0,1,53,145,1,3,328.94615599261283,338.62337278406545,0,0,0,10102725,1690928,0,48729384,3590856
low_latency,14,16,4,20260809,125,1,1,1,0,0,1,37,61,1,1,358.01359672029184,354.7803852639372,0,0,0,3760817,644205,0,34039080,2506824
low_latency,14,16,4,20260809,126,1,1,1,0,0,1,30,25,1,1,408.04438006846533,354.90696138202713,0,0,0,431145,87166,0,27612072,2032560
low_latency,14,16,4,20260809,127,1,1,1,0,0,1,30,38,1,1,368.04427371581585,369.43141632645563,0,0,0,502229,96203,0,27612072,2032560
low_latency,14,16,4,20260810,0,1,1,1,0,0,1,34,50,1,1,500.9250440338453,502.49721104526446,0,0,0,661376,130544,0,31284648,2303568
low_latency,14,16,4,20260810,1,1,1,1,0,0,1,15,50,1,1,315.2086960472403,319.08627542985323,0,0,0,0,0,0,13839912,1016280
low_latency,14,16,4,20260810,2,1,1,1,0,0,1,27,34,1,1,328.4555325767011,333.84935737985114,0,0,0,1073172,200449,0,24857640,1829304
low_latency,14,16,4,20260810,3,1,1,1,0,0,1,134,63,2,1,354.0341548151466,348.1625220704026,0,0,0,29307102,4944918,0,123099048,9078768
low_latency,14,16,4,20260810,4,0,1,0,0,1,1,260,84,4,2,,368.53671171565543,0,0,0,58606383,9918116,0,238785192,17615520
low_latency,14,16,4,20260810,5,1,1,1,0,0,1,33,26,1,1,376.6419291294545,381.153274841904,0,0,0,2437883,427529,0,30366504,2235816
low_latency,14,16,4,20260810,6,1,1,1,0,0,1,24,33,1,1,323.41076255152734,322.41231137976,0,0,0,544852,105477,0,22103208,1626048
low_latency,14,16,4,20260810,7,1,1,1,0,0,1,26,112,1,2,300.77962120470977,302.4345316043893,0,0,0,727124,138364,0,23939496,1761552
low_latency,14,16,4,20260810,8,1,1,1,0,0,1,47,41,1,1,395.78526449464493,403.7327931923545,0,0,0,958204,186516,0,43220520,3184344
low_latency,14,16,4,20260810,9,0,1,0,0,1,1,260,105,4,2,,393.4808503552399,0,0,0,52675820,9001162,0,238785192,17615520
low_latency,14,16,4,20260810,10,1,1,1,0,0,1,29,21,1,1,391.1208559091043,390.5269860841997,0,0,0,92702,20201,0,26693928,1964808
low_latency,14,16,4,20260810,11,1,1,1,0,0,1,19,44,1,1,322.48308138886375,328.14111163253386,0,0,0,0,0,0,17512488,1287288
low_latency,14,16,4,20260810,12,1,1,1,0,0,1,26,23,1,1,363.29005184646144,309.88896537221774,0,0,0,1546350,276822,0,23939496,1761552
low_latency,14,16,4,20260810,13,1,1,1,0,0,1,34,28,1,1,309.2197442624654,308.7297321968356,0,0,0,2709708,472603,0,31284648,2303568
low_latency,14,16,4,20260810,14,1,1,1,0,0,1,91,21,2,1,328.69898429064426,292.0137652710964,0,0,0,20096040,3331116,0,83618856,6165432
low_latency,14,16,4,20260810,15,1,1,1,0,0,1,16,40,1,1,273.29692897709754,339.24973309515616,0,0,0,0,0,0,14758056,1084032
low_latency,14,16,4,20260810,16,1,1,1,0,0,1,29,24,1,1,271.83376783809126,270.0420088370274,0,0,0,165458,36047,0,26693928,1964808
low_latency,14,16,4,20260810,17,1,1,1,0,0,1,26,13,1,1,393.2434727162663,381.6427260802042,0,0,0,39595,9183,0,23939496,1761552
low_latency,14,16,4,20260810,18,1,1,1,0,0,1,54,18,1,1,306.332404546578,299.6085724802879,0,0,0,9427769,1575904,0,49647528,3658608
low_latency,14,16,4,20260810,19,1,1,1,0,0,1,29,36,1,1,377.47886895757136,368.8315699259588,0,0,0,164796,34726,0,26693928,1964808
low_latency,14,16,4,20260810,20,1,1,1,0,0,1,16,35,1,1,307.02095243760357,323.12511019006047,0,0,0,0,0,0,14758056,1084032
low_latency,14,16,4,20260810,21,0,1,0,0,1,1,260,30,4,1,,296.4717643378872,0,0,0,62996510,10625354,0,238785192,17615520
low_latency,14,16,4,20260810,22,1,1,1,0,0,1,26,33,1,1,258.8488401344117,273.4804678591191,0,0,0,732339,142098,0,23939496,1761552
low_latency,14,16,4,20260810,23,1,1,1,0,0,1,183,28,3,1,396.3959963156036,351.1825132953932,0,0,0,39340193,6672992,0,168088104,12398616
low_latency,14,16,4,20260810,24,1,1,1,0,0,1,28,26,1,1,341.5640614914419,349.4407365165133,0,0,0,171458,37356,0,25775784,1897056
low_latency,14,16,4,20260810,25,1,1,1,0,0,1,29,45,1,1,339.0157676881215,407.60111912158175,0,0,0,366186,72074,0,26693928,1964808
low_latency,14,16,4,20260810,26,1,1,1,0,0,1,97,66,2,1,484.6032153245945,455.28849804885164,0,0,0,14033645,2365588,0,89127720,6571944
low_latency,14,16,4,20260810,27,1,1,1,0,0,1,44,25,1,1,366.1912450757294,382.17007459500917,0,0,0,2226035,395541,0,40466088,2981088
low_latency,14,16,4,20260810,28,1,1,1,0,0,1,16,15,1,1,397.2290254529588,398.52242230150136,0,0,0,0,0,0,14758056,1084032
low_latency,14,16,4,20260810,29,1,1,1,0,0,1,193,125,3,2,367.389390269556,346.256590400744,0,0,0,37448876,6432699,0,177269544,13076136
low_latency,14,16,4,20260810,30,1,1,1,0,0,1,32,21,1,1,263.3198737606095,248.57562665168305,0,0,0,2447131,448456,0,29448360,2168064
low_latency,14,16,4,20260810,31,1,1,1,0,0,1,20,69,1,1,336.5171363064717,322.96210429496466,0,0,0,154,86,0,18430632,1355040
low_latency,14,16,4,20260810,32,1,1,1,0,0,1,52,16,1,1,353.5959157507848,388.1751902535789,0,0,0,8646548,1456883,0,47811240,3523104
low_latency,14,16,4,20260810,33,0,0,0,0,1,1,260,47,4,1,,439.3346654948589,0,0,0,38588381,6763207,0,238785192,17615520
low_latency,14,16,4,20260810,34,1,1,1,0,0,1,28,20,1,1,413.55825711524534,402.1761809856231,0,0,0,3135,823,0,25775784,1897056
low_latency,14,16,4,20260810,35,1,1,1,0,0,1,20,36,1,1,263.591571947936,263.76366473461053,0,0,0,19509,4166,0,18430632,1355040
low_latency,14,16,4,20260810,36,1,1,1,0,0,1,38,37,1,1,252.3353940488227,247.66362282152159,0,0,0,5482532,925551,0,34957224,2574576
low_latency,14,16,4,20260810,37,1,1,1,0,0,1,23,21,1,1,257.9066197750411,273.0842234902355,0,0,0,711016,135671,0,21185064,1558296
low_latency,14,16,4,20260810,38,1,1,1,0,0,1,21,16,1,1,224.96356980016563,232.0928665866565,0,0,0,24211,5903,0,19348776,1422792
low_latency,14,16,4,20260810,39,1,1,1,0,0,1,26,23,1,1,301.2387626345279,311.1790682404327,0,0,0,886140,165270,0,23939496,1761552
low_latency,14,16,4,20260810,40,1,1,1,0,0,1,34,33,1,1,316.1874079489505,339.1082961229702,0,0,0,1083955,203320,0,31284648,2303568
low_latency,14,16,4,20260810,41,1,1,1,0,0,1,49,20,1,1,425.2630744084266,432.7248528330902,0,0,0,5214779,892933,0,45056808,3319848
low_latency,14,16,4,20260810,42,1,1,1,0,0,1,34,18,1,1,328.27332835472896,313.7804428261875,0,0,0,2828676,494993,0,31284648,2303568
low_latency,14,16,4,20260810,43,1,1,1,0,0,1,17,14,1,1,260.6769847589577,273.66490937024776,0,0,0,0,0,0,15676200,1151784
low_latency,14,16,4,20260810,44,1,1,1,0,0,1,46,22,1,1,280.26303832828273,260.17455082985055,0,0,0,6167764,1068962,0,42302376,3116592
low_latency,14,16,4,20260810,45,1,1,1,0,0,1,225,225,4,4,340.19195477053347,348.5877635854779,0,0,0,48643477,8230938,0,206650152,15244200
low_latency,14,16,4,20260810,46,1,1,1,0,0,1,23,18,1,1,355.3890245257553,366.97673023523055,0,0,0,100513,21440,0,21185064,1558296
low_latency,14,16,4,20260810,47,1,1,1,0,0,1,24,22,1,1,361.7735430036529,342.8523414560916,0,0,0,1862,535,0,22103208,1626048
low_latency,14,16,4,20260810,48,1,1,1,0,0,1,50,85,1,2,369.7434741433471,392.17491743610816,0,0,0,703813,144379,0,45974952,3387600
low_latency,14,16,4,20260810,49,1,1,1,0,0,1,35,31,1,1,455.36623456258314,470.7772840558175,0,0,0,55387,13630,0,32202792,2371320
low_latency,14,16,4,20260810,50,0,0,0,0,1,1,260,98,4,2,,399.1631340517338,0,0,0,43128663,7442766,0,238785192,17615520
low_latency,14,16,4,20260810,51,1,1,1,0,0,0,50,260,1,4,326.3486988815714,,0,0,0,3846848,672215,0,45974952,3387600
low_latency,14,16,4,20260810,52,1,1,1,0,0,1,31,36,1,1,294.4148628524576,292.7506541601039,0,0,0,3577963,610448,0,28530216,2100312
low_latency,14,16,4,20260810,53,1,1,1,0,0,1,21,37,1,1,266.85435224448014,326.72724854792114,0,0,0,0,0,0,19348776,1422792
low_latency,14,16,4,20260810,54,1,1,1,0,0,1,27,28,1,1,336.15383539168187,324.24686502327734,0,0,0,1203900,220010,0,24857640,1829304
low_latency,14,16,4,20260810,55,1,1,1,0,0,1,84,87,2,2,333.13515110665986,341.5973161441128,0,0,0,18784716,3117751,0,77191848,5691168
low_latency,14,16,4,20260810,56,1,1,1,0,0,1,24,11,1,1,320.02366905946644,329.64955882880326,0,0,0,63753,13063,0,22103208,1626048
low_latency,14,16,4,20260810,57,1,1,1,0,0,1,60,29,1,1,309.0152333501335,314.855744819478,0,0,0,12651549,2108871,0,55156392,4065120
low_latency,14,16,4,20260810,58,1,1,1,0,0,0,20,260,1,4,385.31600568204044,,0,0,0,0,0,0,18430632,1355040
low_latency,14,16,4,20260810,59,1,1,1,0,0,1,46,19,1,1,334.2643550746262,335.1119373839855,0,0,0,7587232,1272583,0,42302376,3116592
low_latency,14,16,4,20260810,60,1,1,1,0,0,1,162,157,3,3,363.69720840683067,352.6944902143023,0,0,0,31680561,5334604,0,148807080,10975824
low_latency,14,16,4,20260810,61,1,1,1,0,0,1,71,51,1,1,388.33561833112265,384.1582002591374,0,0,0,11697078,1997469,0,65255976,4810392
low_latency,14,16,4,20260810,62,1,1,1,0,0,1,16,17,1,1,348.47225157148796,357.1627484002779,0,0,0,0,0,0,14758056,1084032
low_latency,14,16,4,20260810,63,1,1,1,0,0,1,26,34,1,1,308.08282826675793,308.7777434379728,0,0,0,10708,2914,0,23939496,1761552
low_latency,14,16,4,20260810,64,1,1,1,0,0,1,24,34,1,1,360.25674046849434,358.35719165376827,0,0,0,13792,3138,0,22103208,1626048
low_latency,14,16,4,20260810,65,1,1,1,0,0,1,38,47,1,1,358.24620495855527,363.0432324967421,0,0,0,1066903,202879,0,34957224,2574576
low_latency,14,16,4,20260810,66,1,1,1,0,0,1,33,31,1,1,323.9085646565777,307.32101096042214,0,0,0,885182,164816,0,30366504,2235816
low_latency,14,16,4,20260810,67,1,1,1,0,0,1,42,27,1,1,365.2330985982811,384.68736673372445,0,0,0,3386425,600203,0,38629800,2845584
low_latency,14,16,4,20260810,68,1,1,1,0,0,1,213,91,4,2,347.7690855417924,349.06409235832587,0,0,0,46195159,7780639,0,195632424,14431176
low_latency,14,16,4,20260810,69,1,1,1,0,0,1,46,86,1,2,358.07143443272355,367.3664087084224,0,0,0,4695385,803645,0,42302376,3116592
low_latency,14,16,4,20260810,70,1,1,1,0,0,1,24,25,1,1,467.05467331496743,433.5208307549157,0,0,0,57443,12127,0,22103208,1626048
low_latency,14,16,4,20260810,71,1,1,1,0,0,1,31,31,1,1,338.15441722790655,336.7533139896732,0,0,0,1453861,271358,0,28530216,2100312
low_latency,14,16,4,20260810,72,1,1,1,0,0,1,71,43,1,1,364.3657510846558,310.2234092341623,0,0,0,15020327,2509484,0,65255976,4810392
low_latency,14,16,4,20260810,73,1,1,1,0,0,1,29,99,1,2,380.0812305840373,343.6495435596057,0,0,0,4531,1093,0,26693928,1964808
low_latency,14,16,4,20260810,74,1,1,1,0,0,1,26,43,1,1,403.70153976537256,401.2858387074041,0,0,0,37399,9300,0,23939496,1761552
low_latency,14,16,4,20260810,75,1,1,1,0,0,1,33,50,1,1,338.1886219579162,324.13404739487135,0,0,0,822494,161817,0,30366504,2235816
low_latency,14,16,4,20260810,76,1,1,1,0,0,1,25,23,1,1,399.7949975583371,391.9725536314147,0,0,0,74896,16476,0,23021352,1693800
low_latency,14,16,4,20260810,77,1,1,1,0,0,1,35,23,1,1,419.2525612318509,393.7124496750945,0,0,0,1241899,236387,0,32202792,2371320
low_latency,14,16,4,20260810,78,1,1,1,0,0,1,170,93,3,2,407.1705380842301,369.0658819571893,0,0,0,33658882,5713812,0,156152232,11517840
low_latency,14,16,4,20260810,79,1,1,1,0,0,1,37,90,1,2,459.9063230176823,479.7584200363751,0,0,0,2728089,475614,0,34039080,2506824
low_latency,14,16,4,20260810,80,1,0,0,1,0,0,41,260,1,4,457.5687963884229,,0,0,0,932036,175481,0,37711656,2777832
low_latency,14,16,4,20260810,81,1,1,1,0,0,1,48,57,1,1,365.85703506893947,380.6844122033713,0,0,0,7080591,1200106,0,44138664,3252096
low_latency,14,16,4,20260810,82,1,1,1,0,0,1,33,42,1,1,397.3672987807833,386.27129450147584,0,0,0,1127811,214146,0,30366504,2235816
low_latency,14,16,4,20260810,83,1,1,1,0,0,1,28,25,1,1,324.3564036980701,334.8051483298557,0,0,0,322448,67058,0,25775784,1897056
low_latency,14,16,4,20260810,84,1,1,1,0,0,1,28,44,1,1,360.41048031361333,375.9310045884768,0,0,0,10016,2552,0,25775784,1897056
low_latency,14,16,4,20260810,85,1,1,1,0,0,1,25,23,1,1,318.8930084157718,317.8474096116789,0,0,0,760,262,0,23021352,1693800
low_latency,14,16,4,20260810,86,1,1,1,0,0,1,25,54,1,1,355.0727547005422,372.93033090595804,0,0,0,26381,5709,0,23021352,1693800
low_latency,14,16,4,20260810,87,1,1,1,0,0,1,38,42,1,1,368.165161183587,361.0139855623321,0,0,0,1646231,296973,0,34957224,2574576
low_latency,14,16,4,20260810,88,1,1,1,0,0,1,37,25,1,1,275.88258134632684,275.7587636331284,0,0,0,3071747,530509,0,34039080,2506824
low_latency,14,16,4,20260810,89,1,1,1,0,0,1,26,21,1,1,350.59060661285326,337.70771190579063,0,0,0,160213,33404,0,23939496,1761552
low_latency,14,16,4,20260810,90,1,1,1,0,0,1,34,26,1,1,357.0661045447322,378.4694595345113,0,0,0,1598699,302538,0,31284648,2303568
low_latency,14,16,4,20260810,91,0,1,0,0,1,1,260,134,4,2,,368.0483101265537,0,0,0,57582377,9779635,0,238785192,17615520
low_latency,14,16,4,20260810,92,1,1,1,0,0,1,34,17,1,1,351.200438083204,357.7294501982791,0,0,0,968157,186574,0,31284648,2303568
low_latency,14,16,4,20260810,93,1,1,1,0,0,1,34,26,1,1,338.55158970915016,355.6940944962528,0,0,0,2650302,464400,0,31284648,2303568
low_latency,14,16,4,20260810,94,1,1,1,0,0,1,36,47,1,1,370.02951223973685,383.5899170816034,0,0,0,3214327,554629,0,33120936,2439072
low_latency,14,16,4,20260810,95,1,1,1,0,0,1,20,54,1,1,318.67305876420704,334.50434369585696,0,0,0,4,4,0,18430632,1355040
low_latency,14,16,4,20260810,96,1,1,1,0,0,1,93,23,2,1,317.6228818031436,340.5832031091288,0,0,0,17660343,2937017,0,85455144,6300936
low_latency,14,16,4,20260810,97,1,1,1,0,0,1,26,40,1,1,331.09517688974597,334.7190444299579,0,0,0,822406,159024,0,23939496,1761552
low_latency,14,16,4,20260810,98,1,1,1,0,0,1,20,33,1,1,340.9275362383744,457.0496719417851,0,0,0,0,0,0,18430632,1355040
low_latency,14,16,4,20260810,99,1,1,1,0,0,1,73,39,1,1,407.50021345925813,372.04870729193954,0,0,0,16135488,2677260,0,67092264,4945896
low_latency,14,16,4,20260810,100,1,1,1,0,0,1,34,18,1,1,412.13187278808306,365.2936732462871,0,0,0,1367290,252427,0,31284648,2303568
low_latency,14,16,4,20260810,101,1,1,1,0,0,1,58,113,1,2,440.80917790851413,451.64127055844665,0,0,0,10446894,1746049,0,53320104,3929616
low_latency,14,16,4,20260810,102,0,1,0,0,1,1,260,23,4,1,,335.99578813258216,0,0,0,59310748,10070370,0,238785192,17615520
low_latency,14,16,4,20260810,103,1,1,1,0,0,1,23,37,1,1,431.1074228274101,396.3706190417895,0,0,0,1298,349,0,21185064,1558296
low_latency,14,16,4,20260810,104,1,1,1,0,0,1,32,62,1,1,314.05782676933114,316.18319336089365,0,0,0,876517,168558,0,29448360,2168064
low_latency,14,16,4,20260810,105,1,1,1,0,0,1,40,89,1,2,355.0078967322838,343.237473950101,0,0,0,5085655,860157,0,36793512,2710080
low_latency,14,16,4,20260810,106,1,1,1,0,0,1,90,82,2,2,265.1462203044946,274.9427590039885,0,0,0,21114321,3494949,0,82700712,6097680
low_latency,14,16,4,20260810,107,1,1,1,0,0,1,89,104,2,2,423.0552278044879,415.040432025336,0,0,0,15747375,2622909,0,81782568,6029928
low_latency,14,16,4,20260810,108,1,1,1,0,0,1,43,75,1,1,305.89675204011985,348.82497823704784,0,0,0,4768217,826031,0,39547944,2913336
low_latency,14,16,4,20260810,109,1,1,1,0,0,1,23,26,1,1,342.3649370075662,386.3130395759481,0,0,0,148,64,0,21185064,1558296
low_latency,14,16,4,20260810,110,1,1,1,0,0,1,22,88,1,2,419.78220162157083,414.70015878452955,0,0,0,1700,523,0,20266920,1490544
low_latency,14,16,4,20260810,111,1,1,1,0,0,1,119,136,2,2,372.7771201336784,388.6554542471033,0,0,0,26508464,4450958,0,109326888,8062488
low_latency,14,16,4,20260810,112,1,1,1,0,0,1,32,20,1,1,319.5921713208034,312.0021857091162,0,0,0,2027639,369472,0,29448360,2168064
low_latency,14,16,4,20260810,113,1,1,1,0,0,1,21,27,1,1,285.0882272442966,284.41383120031895,0,0,0,26,21,0,19348776,1422792
low_latency,14,16,4,20260810,114,1,1,1,0,0,1,25,24,1,1,334.72523796690984,287.96351552182637,0,0,0,170991,35653,0,23021352,1693800
low_latency,14,16,4,20260810,115,1,1,1,0,0,1,41,28,1,1,418.46082751248423,452.704581223363,0,0,0,4559053,782327,0,37711656,2777832
low_latency,14,16,4,20260810,116,1,1,1,0,0,1,30,21,1,1,334.2975583957202,303.6337049253732,0,0,0,2188757,383011,0,27612072,2032560
low_latency,14,16,4,20260810,117,1,1,1,0,0,1,18,19,1,1,318.06256707475353,309.4625952148559,0,0,0,0,0,0,16594344,1219536
low_latency,14,16,4,20260810,118,1,1,1,0,0,1,34,22,1,1,398.59384092916594,404.73965642984615,0,0,0,1534025,277639,0,31284648,2303568
low_latency,14,16,4,20260810,119,1,1,1,0,0,1,22,22,1,1,336.7294018135441,334.8824843170258,0,0,0,1268,400,0,20266920,1490544
low_latency,14,16,4,20260810,120,0,1,0,0,1,1,260,91,4,2,,431.5404699928288,0,0,0,58490778,9910798,0,238785192,17615520
low_latency,14,16,4,20260810,121,1,1,1,0,0,1,25,24,1,1,319.36573281146127,408.3094381638691,0,0,0,39490,8880,0,23021352,1693800
low_latency,14,16,4,20260810,122,1,1,1,0,0,1,23,20,1,1,274.8403756116801,269.880330374349,0,0,0,200178,41930,0,21185064,1558296
low_latency,14,16,4,20260810,123,1,1,1,0,0,1,23,22,1,1,238.56411660048644,271.9414818441023,0,0,0,614342,118533,0,21185064,1558296
low_latency,14,16,4,20260810,124,1,1,1,0,0,1,38,34,1,1,435.4121070024497,405.9155659010146,0,0,0,899326,173979,0,34957224,2574576
low_latency,14,16,4,20260810,125,1,1,1,0,0,1,33,30,1,1,326.2626758815749,305.0931984546422,0,0,0,1287611,243748,0,30366504,2235816
low_latency,14,16,4,20260810,126,1,1,1,0,0,1,37,77,1,1,402.20231895870086,405.9638843931541,0,0,0,116355,25361,0,34039080,2506824
low_latency,14,16,4,20260810,127,1,1,1,0,0,1,35,31,1,1,354.9904173802573,356.2425807154525,0,0,0,1115399,214063,0,32202792,2371320
low_latency,14,16,4,20260811,0,1,1,1,0,0,1,16,16,1,1,262.37930013542746,268.4099853823129,0,0,0,0,0,0,14758056,1084032
low_latency,14,16,4,20260811,1,0,1,0,0,1,1,260,26,4,1,,346.0440848582283,0,0,0,59360017,10062467,0,238785192,17615520
low_latency,14,16,4,20260811,2,1,1,1,0,0,1,18,17,1,1,291.4765626780254,298.59105050714606,0,0,0,0,0,0,16594344,1219536
low_latency,14,16,4,20260811,3,1,1,1,0,0,1,33,33,1,1,339.1254738902512,341.9062094430152,0,0,0,2240436,396044,0,30366504,2235816
low_latency,14,16,4,20260811,4,1,1,1,0,0,1,25,24,1,1,278.27994510684584,310.144580346704,0,0,0,24872,5387,0,23021352,1693800
low_latency,14,16,4,20260811,5,1,1,1,0,0,1,24,36,1,1,359.4424662641918,337.53348554432023,0,0,0,296145,60452,0,22103208,1626048
low_latency,14,16,4,20260811,6,1,1,1,0,0,1,13,27,1,1,296.66235282947207,285.0249958991975,0,0,0,0,0,0,12003624,880776
low_latency,14,16,4,20260811,7,1,1,1,0,0,1,15,29,1,1,362.015705197418,370.46398150017615,0,0,0,0,0,0,13839912,1016280
low_latency,14,16,4,20260811,8,1,1,1,0,0,1,39,24,1,1,279.27677513732647,250.36298374970147,0,0,0,5353726,905067,0,35875368,2642328
low_latency,14,16,4,20260811,9,1,1,1,0,0,1,22,55,1,1,278.03105040507415,276.894902302146,0,0,0,0,0,0,20266920,1490544
low_latency,14,16,4,20260811,10,1,1,1,0,0,1,25,19,1,1,297.817460853556,379.24179635321434,0,0,0,6331,1657,0,23021352,1693800
low_latency,14,16,4,20260811,11,1,1,1,0,0,1,24,37,1,1,348.23021386122525,380.29612669288656,0,0,0,79397,17409,0,22103208,1626048
low_latency,14,16,4,20260811,12,1,1,1,0,0,1,159,40,3,1,259.14213997633277,308.87711623578684,0,0,0,35444292,5948919,0,146052648,10772568
low_latency,14,16,4,20260811,13,1,1,1,0,0,1,18,19,1,1,397.66012872506343,389.7371157082861,0,0,0,0,0,0,16594344,1219536
low_latency,14,16,4,20260811,14,1,1,1,0,0,1,12,22,1,1,301.6422466688425,298.0035701712604,0,0,0,0,0,0,11085480,813024
low_latency,14,16,4,20260811,15,1,1,1,0,0,1,137,27,2,1,401.998916892333,352.2146639671643,0,0,0,28282657,4778810,0,125853480,9282024
low_latency,14,16,4,20260811,16,1,1,1,0,0,1,28,32,1,1,407.2859866119445,320.3868593020909,0,0,0,70243,15531,0,25775784,1897056
low_latency,14,16,4,20260811,17,1,1,1,0,0,1,26,25,1,1,313.343238852454,328.3803319394158,0,0,0,483273,95227,0,23939496,1761552
low_latency,14,16,4,20260811,18,0,1,0,0,1,1,260,26,4,1,,313.1791949162632,0,0,0,57044874,9691052,0,238785192,17615520
low_latency,14,16,4,20260811,19,1,1,1,0,0,1,13,12,1,1,346.64990185581377,349.3068650983686,0,0,0,0,0,0,12003624,880776
low_latency,14,16,4,20260811,20,1,1,1,0,0,1,28,33,1,1,351.2387677050016,383.47641805762953,0,0,0,23945,5283,0,25775784,1897056
low_latency,14,16,4,20260811,21,1,1,1,0,0,1,94,130,2,2,354.00071634000665,345.6434354101665,0,0,0,16560616,2760030,0,86373288,6368688
low_latency,14,16,4,20260811,22,1,1,1,0,0,1,34,26,1,1,372.56134402314507,346.45236781633423,0,0,0,817103,162117,0,31284648,2303568
low_latency,14,16,4,20260811,23,1,1,1,0,0,1,23,12,1,1,391.10536656527154,396.09518539861455,0,0,0,233459,48814,0,21185064,1558296
low_latency,14,16,4,20260811,24,1,1,1,0,0,1,34,43,1,1,314.05139802507273,289.5408566636942,0,0,0,2002373,358960,0,31284648,2303568
low_latency,14,16,4,20260811,25,1,1,1,0,0,1,91,38,2,1,324.3392314962971,355.0731787583196,0,0,0,17470118,2913247,0,83618856,6165432
low_latency,14,16,4,20260811,26,0,1,0,0,1,1,260,158,4,3,,265.51779811351435,0,0,0,60106104,10182917,0,238785192,17615520
low_latency,14,16,4,20260811,27,1,1,1,0,0,1,40,41,1,1,310.6062124644927,318.5075931560136,0,0,0,4216142,730639,0,36793512,2710080
low_latency,14,16,4,20260811,28,1,1,1,0,0,1,23,48,1,1,345.8983501406883,386.14033923900104,0,0,0,137664,28959,0,21185064,1558296
low_latency,14,16,4,20260811,29,1,1,1,0,0,1,12,14,1,1,224.3826823337472,224.3826823337472,0,0,0,0,0,0,11085480,813024
low_latency,14,16,4,20260811,30,1,1,1,0,0,1,27,96,1,2,326.40069245042974,340.37114523023,0,0,0,170180,35054,0,24857640,1829304
low_latency,14,16,4,20260811,31,1,1,1,0,0,1,34,41,1,1,399.75268634348583,378.162235264782,0,0,0,815185,156847,0,31284648,2303568
low_latency,14,16,4,20260811,32,1,1,1,0,0,1,17,12,1,1,247.68081151962488,215.00474153107203,0,0,0,12585,2654,0,15676200,1151784
low_latency,14,16,4,20260811,33,1,1,1,0,0,1,91,101,2,2,340.4488196200375,349.425448616787,0,0,0,17632578,2927337,0,83618856,6165432
low_latency,14,16,4,20260811,34,1,1,1,0,0,1,39,18,1,1,330.4362347825345,333.7492319753178,0,0,0,6061598,1018400,0,35875368,2642328
low_latency,14,16,4,20260811,35,1,1,1,0,0,1,18,19,1,1,264.77502062038656,263.2351755070142,0,0,0,12,12,0,16594344,1219536
low_latency,14,16,4,20260811,36,1,1,1,0,0,1,25,45,1,1,343.7124461877345,298.3208713755464,0,0,0,403134,81202,0,23021352,1693800
low_latency,14,16,4,20260811,37,1,1,1,0,0,1,18,28,1,1,431.56383241501396,399.0062715217257,0,0,0,0,0,0,16594344,1219536
low_latency,14,16,4,20260811,38,1,1,1,0,0,1,18,54,1,1,291.72211858824795,287.73910624103246,0,0,0,51,30,0,16594344,1219536
low_latency,14,16,4,20260811,39,1,1,1,0,0,1,118,85,2,2,382.2600557362207,372.5044228802784,0,0,0,24473316,4111367,0,108408744,7994736
low_latency,14,16,4,20260811,40,1,1,1,0,0,1,27,19,1,1,361.0515387688968,392.4691886578542,0,0,0,546857,107051,0,24857640,1829304
low_latency,14,16,4,20260811,41,1,1,1,0,0,1,102,99,2,2,401.8134233995787,412.29223962131067,0,0,0,17497496,2934787,0,93718440,6910704
low_latency,14,16,4,20260811,42,1,1,1,0,0,1,176,149,3,3,415.6988641476691,418.9375190030465,0,0,0,36367140,6173779,0,161661096,11924352
low_latency,14,16,4,20260811,43,1,1,1,0,0,1,29,22,1,1,306.1355747022932,313.51326092239094,0,0,0,399787,79078,0,26693928,1964808
low_latency,14,16,4,20260811,44,1,1,1,0,0,1,37,29,1,1,318.53915201936843,336.1529613281305,0,0,0,831377,175120,0,34039080,2506824
low_latency,14,16,4,20260811,45,1,1,1,0,0,1,21,36,1,1,317.9943987380136,322.79054258183567,0,0,0,301,127,0,19348776,1422792
low_latency,14,16,4,20260811,46,1,1,1,0,0,1,32,26,1,1,269.32480903077067,254.5864312637279,0,0,0,992045,190738,0,29448360,2168064
low_latency,14,16,4,20260811,47,1,1,1,0,0,1,30,29,1,1,241.79600901516608,255.37491213138046,0,0,0,2435355,424052,0,27612072,2032560
low_latency,14,16,4,20260811,48,1,1,1,0,0,1,19,20,1,1,301.8877831526562,304.5140835364925,0,0,0,0,0,0,17512488,1287288
low_latency,14,16,4,20260811,49,1,1,1,0,0,1,60,34,1,1,429.8169952215884,454.08362411958126,0,0,0,11786933,1972626,0,55156392,4065120
low_latency,14,16,4,20260811,50,1,1,1,0,0,1,42,183,1,3,348.1259283908073,387.1922159452188,0,0,0,5874635,992922,0,38629800,2845584
low_latency,14,16,4,20260811,51,1,1,1,0,0,1,30,74,1,1,479.1926824478271,438.7788733386483,0,0,0,522847,102601,0,27612072,2032560
low_latency,14,16,4,20260811,52,1,1,1,0,0,1,45,34,1,1,392.68007284015073,391.5077297650133,0,0,0,5860756,987199,0,41384232,3048840
low_latency,14,16,4,20260811,53,1,1,1,0,0,1,102,43,2,1,311.8067108895431,314.5338378780973,0,0,0,21071553,3506641,0,93718440,6910704
low_latency,14,16,4,20260811,54,1,1,1,0,0,1,39,32,1,1,283.14465503490203,289.3392497497555,0,0,0,1052899,200030,0,35875368,2642328
low_latency,14,16,4,20260811,55,1,1,1,0,0,1,88,20,2,1,303.50231699595963,292.50152611366485,0,0,0,19903598,3302833,0,80864424,5962176
low_latency,14,16,4,20260811,56,1,1,1,0,0,1,23,31,1,1,414.46724762106436,419.86043994506076,0,0,0,287,114,0,21185064,1558296
low_latency,14,16,4,20260811,57,1,1,1,0,0,1,39,31,1,1,340.55856226475095,356.7090761697151,0,0,0,4014317,685001,0,35875368,2642328
low_latency,14,16,4,20260811,58,1,1,1,0,0,1,230,105,4,2,342.28322623987,346.9969218895564,0,0,0,50215370,8506891,0,211240872,15582960
low_latency,14,16,4,20260811,59,1,1,1,0,0,1,28,28,1,1,372.1179026741252,365.01040690344985,0,0,0,1006722,189321,0,25775784,1897056
low_latency,14,16,4,20260811,60,1,1,1,0,0,1,52,28,1,1,397.9184029090969,377.2088838623064,0,0,0,5409365,939033,0,47811240,3523104
low_latency,14,16,4,20260811,61,1,1,1,0,0,1,60,223,1,4,356.3721988119868,335.04676528820295,0,0,0,11405777,1909717,0,55156392,4065120
low_latency,14,16,4,20260811,62,1,1,1,0,0,1,53,25,1,1,364.37251069785884,350.75247858914923,0,0,0,5488754,933148,0,48729384,3590856
low_latency,14,16,4,20260811,63,1,1,1,0,0,1,39,46,1,1,430.12130003296204,433.3790079432776,0,0,0,392094,79487,0,35875368,2642328
low_latency,14,16,4,20260811,64,1,1,1,0,0,1,23,50,1,1,355.4061364076151,350.6716607031354,0,0,0,0,1,0,21185064,1558296
low_latency,14,16,4,20260811,65,1,1,1,0,0,1,24,29,1,1,393.25719648689136,399.1279519410133,0,0,0,8023,2090,0,22103208,1626048
low_latency,14,16,4,20260811,66,1,1,1,0,0,1,20,35,1,1,361.5280956796556,355.47978874140875,0,0,0,246,125,0,18430632,1355040
low_latency,14,16,4,20260811,67,1,1,1,0,0,1,35,27,1,1,355.03803649795975,343.50918667537564,0,0,0,528143,104167,0,32202792,2371320
low_latency,14,16,4,20260811,68,1,1,1,0,0,1,27,18,1,1,350.2125130823699,327.39705920294324,0,0,0,71889,15872,0,24857640,1829304
low_latency,14,16,4,20260811,69,1,1,1,0,0,1,87,28,2,1,361.13963015194906,355.52472390107096,0,0,0,17426173,2896267,0,79946280,5894424
low_latency,14,16,4,20260811,70,1,1,1,0,0,1,26,48,1,1,374.33018017905874,383.0416072586699,0,0,0,15357,3614,0,23939496,1761552
low_latency,14,16,4,20260811,71,1,1,1,0,0,1,50,52,1,1,337.40105092380276,328.4500041533661,0,0,0,6692695,1133833,0,45974952,3387600
low_latency,14,16,4,20260811,72,1,1,1,0,0,1,28,26,1,1,344.56781663248194,360.43281541075726,0,0,0,675572,135478,0,25775784,1897056
low_latency,14,16,4,20260811,73,1,1,1,0,0,1,61,29,1,1,343.4049395353,329.17559020234796,0,0,0,12505819,2083060,0,56074536,4132872
low_latency,14,16,4,20260811,74,1,1,1,0,0,1,19,23,1,1,343.2432537384384,341.16384852442735,0,0,0,498,178,0,17512488,1287288
low_latency,14,16,4,20260811,75,1,1,1,0,0,1,50,23,1,1,344.44433553308863,354.9349772789574,0,0,0,8804030,1475173,0,45974952,3387600
low_latency,14,16,4,20260811,76,1,1,1,0,0,1,36,29,1,1,362.94670037282424,304.56853799789,0,0,0,856381,171197,0,33120936,2439072
low_latency,14,16,4,20260811,77,1,1,1,0,0,1,15,12,1,1,241.30676430367558,233.3446944862225,0,0,0,0,0,0,13839912,1016280
low_latency,14,16,4,20260811,78,1,1,1,0,0,1,30,18,1,1,355.0356923093477,347.3510766392733,0,0,0,127827,28587,0,27612072,2032560
low_latency,14,16,4,20260811,79,1,1,1,0,0,1,31,28,1,1,289.18494823662456,295.9087803029147,0,0,0,3290969,561409,0,28530216,2100312
low_latency,14,16,4,20260811,80,1,1,1,0,0,1,20,19,1,1,414.30474430897164,368.60845641319315,0,0,0,0,0,0,18430632,1355040
low_latency,14,16,4,20260811,81,1,1,1,0,0,1,41,26,1,1,314.631091612531,315.54788804295686,0,0,0,4263482,730351,0,37711656,2777832
low_latency,14,16,4,20260811,82,1,1,1,0,0,1,22,43,1,1,391.36694398727127,339.6461705996305,0,0,0,653,213,0,20266920,1490544
low_latency,14,16,4,20260811,83,1,1,1,0,0,1,28,24,1,1,315.7427094384781,376.6489398256998,0,0,0,214412,45251,0,25775784,1897056
low_latency,14,16,4,20260811,84,1,1,1,0,0,1,68,34,1,1,348.9497279703652,347.47073959380543,0,0,0,9926957,1664467,0,62501544,4607136
low_latency,14,16,4,20260811,85,1,1,1,0,0,1,24,26,1,1,359.89639975504576,368.4111071280349,0,0,0,80369,17280,0,22103208,1626048
low_latency,14,16,4,20260811,86,1,1,1,0,0,1,15,21,1,1,402.2020801580414,371.45916373392015,0,0,0,0,0,0,13839912,1016280
low_latency,14,16,4,20260811,87,1,1,1,0,0,1,30,22,1,1,339.1691574782235,332.69635528423316,0,0,0,72197,16850,0,27612072,2032560
low_latency,14,16,4,20260811,88,0,0,0,0,1,0,260,260,4,4,,,0,0,0,32412563,5819746,0,238785192,17615520
low_latency,14,16,4,20260811,89,0,0,0,0,1,0,260,260,4,4,,,0,0,0,47694422,8269101,0,238785192,17615520
low_latency,14,16,4,20260811,90,1,1,1,0,0,1,18,19,1,1,266.0833490061839,248.5390381696219,0,0,0,0,0,0,16594344,1219536
low_latency,14,16,4,20260811,91,1,1,1,0,0,1,218,26,4,1,348.1269115423741,325.97872445829364,0,0,0,45856013,7737516,0,200223144,14769936
low_latency,14,16,4,20260811,92,1,1,1,0,0,1,24,20,1,1,332.66585075694934,344.0726973434448,0,0,0,61103,13159,0,22103208,1626048
low_latency,14,16,4,20260811,93,1,1,1,0,0,1,24,39,1,1,356.59127371710576,342.14692708559517,0,0,0,59906,13391,0,22103208,1626048
low_latency,14,16,4,20260811,94,1,1,1,0,0,1,34,35,1,1,391.335572907109,390.64242576667743,0,0,0,2114457,373632,0,31284648,2303568
low_latency,14,16,4,20260811,95,1,1,1,0,0,1,38,24,1,1,388.8029178083958,366.0463554212187,0,0,0,2526947,450830,0,34957224,2574576
low_latency,14,16,4,20260811,96,1,1,1,0,0,1,32,53,1,1,307.8303582970109,312.40196883544706,0,0,0,2336939,409894,0,29448360,2168064
low_latency,14,16,4,20260811,97,1,1,1,0,0,1,33,35,1,1,329.7211905199242,321.65807455359396,0,0,0,2168743,383694,0,30366504,2235816
low_latency,14,16,4,20260811,98,1,1,1,0,0,1,125,40,2,1,346.3126737646031,350.4627587480217,0,0,0,21021723,3599081,0,114835752,8469000
low_latency,14,16,4,20260811,99,1,1,1,0,0,1,23,25,1,1,399.59590512292357,393.1045969814098,0,0,0,5058,1322,0,21185064,1558296
low_latency,14,16,4,20260811,100,1,1,1,0,0,1,28,22,1,1,308.7778709004791,320.0218523209311,0,0,0,1539410,274827,0,25775784,1897056
low_latency,14,16,4,20260811,101,1,1,1,0,0,1,25,41,1,1,281.5881275107177,310.3605661874101,0,0,0,45940,11820,0,23021352,1693800
low_latency,14,16,4,20260811,102,1,1,1,0,0,1,26,20,1,1,350.19844508272354,342.71146874002136,0,0,0,215126,43857,0,23939496,1761552
low_latency,14,16,4,20260811,103,1,1,1,0,0,1,59,108,1,2,420.01962400377784,468.54844284436257,0,0,0,8126962,1377831,0,54238248,3997368
low_latency,14,16,4,20260811,104,1,1,1,0,0,0,35,260,1,4,277.7980874524941,,0,0,0,3829255,661611,0,32202792,2371320
low_latency,14,16,4,20260811,105,1,1,1,0,0,1,40,24,1,1,361.6006186230934,387.1453837982566,0,0,0,3960269,681853,0,36793512,2710080
low_latency,14,16,4,20260811,106,1,1,1,0,0,1,29,41,1,1,296.4385355978579,312.11519189307097,0,0,0,728078,141061,0,26693928,1964808
low_latency,14,16,4,20260811,107,1,1,1,0,0,1,14,10,1,1,212.91150769673595,205.6180083746308,0,0,0,0,0,0,12921768,948528
low_latency,14,16,4,20260811,108,1,1,1,0,0,1,22,29,1,1,321.7724623358846,303.60055109270354,0,0,0,1644,564,0,20266920,1490544
low_latency,14,16,4,20260811,109,1,1,1,0,0,1,30,58,1,1,365.21194283568445,340.0409368398708,0,0,0,264299,56905,0,27612072,2032560
low_latency,14,16,4,20260811,110,1,1,1,0,0,1,32,38,1,1,319.264631917845,316.1812097376424,0,0,0,406041,81011,0,29448360,2168064
low_latency,14,16,4,20260811,111,1,1,1,0,0,1,30,38,1,1,362.88661233150174,409.76875425245396,0,0,0,152420,32815,0,27612072,2032560
low_latency,14,16,4,20260811,112,1,1,1,0,0,1,27,29,1,1,347.46923167141824,345.45353935025344,0,0,0,239478,49892,0,24857640,1829304
low_latency,14,16,4,20260811,113,1,1,1,0,0,1,34,29,1,1,358.9956205869761,344.4878958561114,0,0,0,263188,55768,0,31284648,2303568
low_latency,14,16,4,20260811,114,1,1,1,0,0,1,58,32,1,1,304.7277873904246,277.2171984072662,0,0,0,11781944,1967847,0,53320104,3929616
low_latency,14,16,4,20260811,115,1,1,1,0,0,1,28,60,1,1,355.83274894932924,382.4102726353649,0,0,0,29650,6443,0,25775784,1897056
low_latency,14,16,4,20260811,116,1,1,1,0,0,1,25,33,1,1,426.681995283382,394.8168550562574,0,0,0,5605,1504,0,23021352,1693800
low_latency,14,16,4,20260811,117,1,1,1,0,0,1,22,44,1,1,333.56506186058857,329.0796873900657,0,0,0,9,6,0,20266920,1490544
low_latency,14,16,4,20260811,118,1,1,1,0,0,1,25,26,1,1,329.3852895911089,344.3935691795101,0,0,0,2572,715,0,23021352,1693800
low_latency,14,16,4,20260811,119,1,1,1,0,0,1,14,13,1,1,312.92092868015783,320.01956260793014,0,0,0,0,0,0,12921768,948528
low_latency,14,16,4,20260811,120,1,1,1,0,0,1,40,34,1,1,341.4762790301352,356.61174448334054,0,0,0,4917403,836391,0,36793512,2710080
low_latency,14,16,4,20260811,121,1,1,1,0,0,1,40,28,1,1,355.5428215204845,338.7521528407234,0,0,0,3395432,606576,0,36793512,2710080
low_latency,14,16,4,20260811,122,1,1,1,0,0,1,21,19,1,1,321.8637668483584,391.783992267762,0,0,0,38221,7906,0,19348776,1422792
low_latency,14,16,4,20260811,123,1,1,1,0,0,1,27,26,1,1,311.2684692633176,285.8174063479526,0,0,0,1603659,288387,0,24857640,1829304
low_latency,14,16,4,20260811,124,1,1,1,0,0,1,27,22,1,1,236.85906242362532,304.54982036433637,0,0,0,186370,39616,0,24857640,1829304
low_latency,14,16,4,20260811,125,1,1,1,0,0,1,154,144,3,3,397.52224750656717,365.0025843352477,0,0,0,29863208,5042754,0,141461928,10433808
low_latency,14,16,4,20260811,126,1,1,1,0,0,1,29,18,1,1,333.17707230193685,271.45392278510127,0,0,0,279387,56381,0,26693928,1964808
low_latency,14,16,4,20260811,127,1,1,1,0,0,1,34,19,1,1,275.0040561759737,341.1770092080748,0,0,0,3972026,679252,0,31284648,2303568
low_latency,14,16,4,20260812,0,1,1,1,0,0,1,25,20,1,1,438.6404458329534,436.5197715002364,0,0,0,5751,1461,0,23021352,1693800
low_latency,14,16,4,20260812,1,1,1,1,0,0,1,23,18,1,1,304.03879830808467,306.6642146765293,0,0,0,7402,1752,0,21185064,1558296
low_latency,14,16,4,20260812,2,1,1,1,0,0,1,36,21,1,1,233.9144437939978,227.07702204659108,0,0,0,5258818,887652,0,33120936,2439072
low_latency,14,16,4,20260812,3,1,1,1,0,0,1,45,83,1,2,296.404625786425,291.55790477372034,0,0,0,7527733,1260603,0,41384232,3048840
low_latency,14,16,4,20260812,4,1,1,1,0,0,1,22,49,1,1,278.1361715059813,285.64027079600805,0,0,0,39368,8493,0,20266920,1490544
low_latency,14,16,4,20260812,5,1,1,1,0,0,1,23,21,1,1,290.35090078993886,295.2370915150707,0,0,0,66449,14940,0,21185064,1558296
low_latency,14,16,4,20260812,6,1,1,1,0,0,1,33,28,1,1,313.90096164868135,312.2084790000639,0,0,0,1842120,335069,0,30366504,2235816
low_latency,14,16,4,20260812,7,1,1,1,0,0,1,29,33,1,1,389.26193869766803,376.9105464849191,0,0,0,453779,89309,0,26693928,1964808
low_latency,14,16,4,20260812,8,1,1,1,0,0,1,23,33,1,1,318.4626091457743,274.3366256979524,0,0,0,128,90,0,21185064,1558296
low_latency,14,16,4,20260812,9,1,1,1,0,0,1,37,35,1,1,310.8756651714451,315.3349581098211,0,0,0,1557888,282456,0,34039080,2506824
low_latency,14,16,4,20260812,10,1,1,1,0,0,1,25,19,1,1,368.6792364338761,346.36567468816867,0,0,0,708046,136788,0,23021352,1693800
low_latency,14,16,4,20260812,11,1,1,1,0,0,1,130,28,2,1,332.1357219234383,338.1028561336176,0,0,0,29005556,4887613,0,119426472,8807760
low_latency,14,16,4,20260812,12,1,1,1,0,0,1,34,43,1,1,372.94070167310554,370.30047666831763,0,0,0,2111122,374595,0,31284648,2303568
low_latency,14,16,4,20260812,13,1,1,1,0,0,1,18,29,1,1,341.9891990223394,294.595644590318,0,0,0,0,0,0,16594344,1219536
low_latency,14,16,4,20260812,14,1,1,1,0,0,1,94,28,2,1,388.6028205074618,371.262768556567,0,0,0,19280127,3194087,0,86373288,6368688
low_latency,14,16,4,20260812,15,1,1,1,0,0,1,105,92,2,2,459.05295827298164,430.7573248245004,0,0,0,17641450,2959197,0,96472872,7113960
low_latency,14,16,4,20260812,16,0,1,0,0,1,1,260,31,4,1,,420.2375896584432,0,0,0,54387502,9276435,0,238785192,17615520
low_latency,14,16,4,20260812,17,1,1,1,0,0,1,30,43,1,1,367.8527323023482,326.85694294431363,0,0,0,218857,46246,0,27612072,2032560
low_latency,14,16,4,20260812,18,1,1,1,0,0,1,29,22,1,1,304.3994747079175,356.76369007373313,0,0,0,154763,36124,0,26693928,1964808
low_latency,14,16,4,20260812,19,1,1,1,0,0,1,11,18,1,1,236.2441230387979,268.67289583081913,0,0,0,0,0,0,10167336,745272
low_latency,14,16,4,20260812,20,1,1,1,0,0,1,57,97,1,2,323.3402469797408,322.70736466529587,0,0,0,9519981,1597113,0,52401960,3861864
low_latency,14,16,4,20260812,21,1,1,1,0,0,1,19,23,1,1,289.3983115268237,289.535760985581,0,0,0,25,17,0,17512488,1287288
low_latency,14,16,4,20260812,22,1,1,1,0,0,1,20,35,1,1,341.3463518799986,374.17446781399747,0,0,0,621,228,0,18430632,1355040
low_latency,14,16,4,20260812,23,1,1,1,0,0,1,33,53,1,1,338.14691690259,339.9837202705264,0,0,0,2591481,456859,0,30366504,2235816
low_latency,14,16,4,20260812,24,1,1,1,0,0,1,133,25,2,1,404.24022065899237,368.78207766784817,0,0,0,29100590,4884444,0,122180904,9011016
low_latency,14,16,4,20260812,25,1,1,1,0,0,1,74,25,1,1,361.58861319700605,363.95000408929667,0,0,0,16366427,2715207,0,68010408,5013648
low_latency,14,16,4,20260812,26,1,1,1,0,0,0,21,260,1,4,388.71180625441065,,0,0,0,0,0,0,19348776,1422792
low_latency,14,16,4,20260812,27,1,1,1,0,0,1,88,45,2,1,398.88522542770744,370.4246912508262,0,0,0,15472556,2579888,0,80864424,5962176
low_latency,14,16,4,20260812,28,1,1,1,0,0,1,24,21,1,1,315.5931456524138,314.1377685761714,0,0,0,160428,33425,0,22103208,1626048
low_latency,14,16,4,20260812,29,1,1,1,0,0,1,23,21,1,1,229.1588111767497,327.60128852658295,0,0,0,75286,16746,0,21185064,1558296
low_latency,14,16,4,20260812,30,1,1,1,0,0,1,21,25,1,1,340.78292310142774,374.24014432910883,0,0,0,0,0,0,19348776,1422792
low_latency,14,16,4,20260812,31,1,1,1,0,0,0,33,260,1,4,411.0174922983248,,0,0,0,30197,7321,0,30366504,2235816
low_latency,14,16,4,20260812,32,1,1,1,0,0,1,23,21,1,1,280.606797038507,321.49226940563267,0,0,0,391652,78687,0,21185064,1558296
low_latency,14,16,4,20260812,33,1,1,1,0,0,1,18,13,1,1,245.72046493747033,245.02731779703873,0,0,0,0,0,0,16594344,1219536
low_latency,14,16,4,20260812,34,1,1,1,0,0,1,25,30,1,1,289.9825713621567,312.39365303700936,0,0,0,64601,14283,0,23021352,1693800
low_latency,14,16,4,20260812,35,1,1,1,0,0,1,16,33,1,1,290.13825661343543,323.8813919095372,0,0,0,0,0,0,14758056,1084032
low_latency,14,16,4,20260812,36,1,1,1,0,0,1,13,20,1,1,326.3783342626157,320.37860494209514,0,0,0,0,0,0,12003624,880776
low_latency,14,16,4,20260812,37,1,1,1,0,0,1,48,29,1,1,375.6521349524848,422.2188700361146,0,0,0,5896159,1006279,0,44138664,3252096
low_latency,14,16,4,20260812,38,1,1,1,0,0,1,51,18,1,1,313.82341002359675,347.597208178417,0,0,0,7000830,1188197,0,46893096,3455352
low_latency,14,16,4,20260812,39,1,1,1,0,0,1,58,35,1,1,369.537424521434,351.28473351476356,0,0,0,11057134,1847316,0,53320104,3929616
low_latency,14,16,4,20260812,40,1,1,1,0,0,1,36,32,1,1,313.9647802025342,308.0538427432989,0,0,0,2395451,422681,0,33120936,2439072
low_latency,14,16,4,20260812,41,1,1,1,0,0,1,44,35,1,1,328.97280648985935,384.47929980238365,0,0,0,6172625,1043937,0,40466088,2981088
low_latency,14,16,4,20260812,42,1,1,1,0,0,1,18,47,1,1,298.9678875102346,327.42117814170393,0,0,0,106,36,0,16594344,1219536
low_latency,14,16,4,20260812,43,1,1,1,0,0,1,21,28,1,1,343.86733655922126,364.6139317665576,0,0,0,0,0,0,19348776,1422792
low_latency,14,16,4,20260812,44,1,1,1,0,0,1,16,19,1,1,364.6566120115125,377.5126181155498,0,0,0,0,0,0,14758056,1084032
low_latency,14,16,4,20260812,45,1,1,1,0,0,1,31,99,1,2,420.86173511877564,429.7743969158564,0,0,0,881717,163188,0,28530216,2100312
low_latency,14,16,4,20260812,46,1,1,1,0,0,1,73,33,1,1,455.58381645548883,418.73479857922007,0,0,0,12188915,2037347,0,67092264,4945896
low_latency,14,16,4,20260812,47,1,1,1,0,0,1,40,147,1,3,412.7930497933978,391.6255366904232,0,0,0,4527738,780661,0,36793512,2710080
low_latency,14,16,4,20260812,48,1,1,1,0,0,1,45,29,1,1,309.8985239314869,255.6873913901798,0,0,0,5984957,1014431,0,41384232,3048840
low_latency,14,16,4,20260812,49,1,1,1,0,0,1,46,27,1,1,401.4779548978722,379.31340082064946,0,0,0,5576982,956244,0,42302376,3116592
low_latency,14,16,4,20260812,50,1,1,1,0,0,1,38,23,1,1,356.4101109989491,337.031714450167,0,0,0,555188,112783,0,34957224,2574576
low_latency,14,16,4,20260812,51,1,1,1,0,0,1,35,28,1,1,337.0155288353708,360.26733218200155,0,0,0,4269882,726395,0,32202792,2371320
low_latency,14,16,4,20260812,52,1,1,1,0,0,1,20,18,1,1,302.46004419816325,326.65998832102775,0,0,0,0,0,0,18430632,1355040
low_latency,14,16,4,20260812,53,1,1,1,0,0,1,43,22,1,1,323.7766157587237,340.09614480547674,0,0,0,4683060,802904,0,39547944,2913336
low_latency,14,16,4,20260812,54,1,1,1,0,0,1,147,46,3,1,373.3497419286074,319.9263869071459,0,0,0,33116854,5550754,0,135034920,9959544
low_latency,14,16,4,20260812,55,1,1,1,0,0,1,100,33,2,1,358.4218727682621,346.660148194832,0,0,0,20398494,3395509,0,91882152,6775200
low_latency,14,16,4,20260812,56,1,1,1,0,0,1,175,53,3,1,357.9398376713184,330.40740509759917,0,0,0,7508341,1485246,0,160742952,11856600
low_latency,14,16,4,20260812,57,1,1,1,0,0,1,103,32,2,1,364.6936078302324,363.313910577607,0,0,0,19652878,3295197,0,94636584,6978456
low_latency,14,16,4,20260812,58,1,1,1,0,0,1,24,23,1,1,364.96635536461224,306.3546604485922,0,0,0,46591,10206,0,22103208,1626048
low_latency,14,16,4,20260812,59,1,1,1,0,0,1,41,35,1,1,362.80694680319345,361.7636160471902,0,0,0,365410,82723,0,37711656,2777832
low_latency,14,16,4,20260812,60,1,1,1,0,0,1,29,16,1,1,254.82029342776767,269.59620937792516,0,0,0,1587288,284908,0,26693928,1964808
low_latency,14,16,4,20260812,61,1,1,1,0,0,1,26,166,1,3,285.57247256030075,343.71305472015536,0,0,0,25174,5995,0,23939496,1761552
low_latency,14,16,4,20260812,62,1,1,1,0,0,1,30,48,1,1,394.7773302735211,380.00652961117885,0,0,0,1434242,258156,0,27612072,2032560
low_latency,14,16,4,20260812,63,1,1,1,0,0,1,64,41,1,1,380.15433982945626,337.45399250487725,0,0,0,12076123,2024373,0,58828968,4336128
low_latency,14,16,4,20260812,64,1,1,1,0,0,1,25,80,1,1,441.4040216925581,414.0281796697244,0,0,0,29475,6639,0,23021352,1693800
low_latency,14,16,4,20260812,65,1,1,1,0,0,1,30,30,1,1,356.02023190800605,341.1126089713282,0,0,0,720624,134819,0,27612072,2032560
low_latency,14,16,4,20260812,66,1,1,1,0,0,1,29,28,1,1,394.53818179185555,426.53270720096816,0,0,0,509114,98902,0,26693928,1964808
low_latency,14,16,4,20260812,67,1,1,1,0,0,1,38,34,1,1,382.5538780409343,376.32263142020355,0,0,0,1133845,215689,0,34957224,2574576
low_latency,14,16,4,20260812,68,1,1,1,0,0,1,34,61,1,1,277.865185656442,299.7973192599499,0,0,0,2771695,485080,0,31284648,2303568
low_latency,14,16,4,20260812,69,1,1,1,0,0,1,71,38,1,1,396.1926137720878,407.5248358760693,0,0,0,13476600,2279676,0,65255976,4810392
low_latency,14,16,4,20260812,70,1,1,1,0,0,1,22,29,1,1,338.84631270942396,330.61928775666564,0,0,0,234744,49402,0,20266920,1490544
low_latency,14,16,4,20260812,71,1,1,1,0,0,1,48,106,1,2,411.36240679315347,434.61602918668177,0,0,0,5949850,1007324,0,44138664,3252096
low_latency,14,16,4,20260812,72,1,1,1,0,0,1,64,37,1,1,389.64681842703556,383.7191074858303,0,0,0,10557765,1791556,0,58828968,4336128
low_latency,14,16,4,20260812,73,1,1,1,0,0,0,46,260,1,4,366.1569124695609,,0,0,0,5250024,894903,0,42302376,3116592
low_latency,14,16,4,20260812,74,1,1,1,0,0,1,22,34,1,1,248.5470517357317,248.9516327615676,0,0,0,219676,46486,0,20266920,1490544
low_latency,14,16,4,20260812,75,1,1,1,0,0,1,23,41,1,1,376.3729998761279,398.7727976897486,0,0,0,2547,757,0,21185064,1558296
low_latency,14,16,4,20260812,76,1,1,1,0,0,1,36,17,1,1,443.39039755163003,371.68792864058435,0,0,0,490469,106095,0,33120936,2439072
low_latency,14,16,4,20260812,77,1,1,1,0,0,1,22,24,1,1,358.2802605245878,387.82239637231305,0,0,0,8530,2031,0,20266920,1490544
low_latency,14,16,4,20260812,78,1,1,1,0,0,1,51,53,1,1,432.41752167383015,431.569904401166,0,0,0,5842433,985356,0,46893096,3455352
low_latency,14,16,4,20260812,79,1,1,1,0,0,1,30,29,1,1,310.8121322176341,374.809939822754,0,0,0,3341476,570685,0,27612072,2032560
low_latency,14,16,4,20260812,80,1,1,1,0,0,1,28,25,1,1,320.4605694766267,303.7984014316621,0,0,0,920696,178028,0,25775784,1897056
low_latency,14,16,4,20260812,81,1,1,1,0,0,1,37,32,1,1,317.5724892366905,293.7180048947099,0,0,0,800449,155314,0,34039080,2506824
low_latency,14,16,4,20260812,82,1,1,1,0,0,1,25,29,1,1,364.0693075354386,355.895274948315,0,0,0,180,87,0,23021352,1693800
low_latency,14,16,4,20260812,83,1,1,1,0,0,1,90,86,2,2,411.23790201749387,414.6727728632028,0,0,0,18724402,3101988,0,82700712,6097680
low_latency,14,16,4,20260812,84,1,1,1,0,0,1,36,32,1,1,348.771080700209,401.86879306556733,0,0,0,364707,73948,0,33120936,2439072
low_latency,14,16,4,20260812,85,1,1,1,0,0,1,29,85,1,2,361.69268490827847,356.44830477916423,0,0,0,126542,26415,0,26693928,1964808
low_latency,14,16,4,20260812,86,1,1,1,0,0,1,35,85,1,2,365.49953931244096,353.90853211869523,0,0,0,1242386,245061,0,32202792,2371320
low_latency,14,16,4,20260812,87,1,1,1,0,0,1,104,21,2,1,339.5681971931269,336.5006638775774,0,0,0,22082296,3684573,0,95554728,7046208
low_latency,14,16,4,20260812,88,1,1,1,0,0,1,27,22,1,1,375.91366880018745,388.74627422715804,0,0,0,151612,31532,0,24857640,1829304
low_latency,14,16,4,20260812,89,1,1,1,0,0,1,18,15,1,1,249.27523847893954,252.60861062415904,0,0,0,501,173,0,16594344,1219536
low_latency,14,16,4,20260812,90,1,1,1,0,0,1,15,22,1,1,264.2028324580343,286.7451967392052,0,0,0,0,0,0,13839912,1016280
low_latency,14,16,4,20260812,91,1,1,1,0,0,1,23,26,1,1,341.8405795638909,365.307911665685,0,0,0,34653,7574,0,21185064,1558296
low_latency,14,16,4,20260812,92,1,1,1,0,0,1,16,39,1,1,412.63672998251855,407.48975524567436,0,0,0,0,0,0,14758056,1084032
low_latency,14,16,4,20260812,93,1,1,1,0,0,1,35,24,1,1,339.03876966092764,338.0655531251256,0,0,0,1576490,285963,0,32202792,2371320
low_latency,14,16,4,20260812,94,1,1,1,0,0,1,39,28,1,1,330.42780729731066,371.1261826474308,0,0,0,2480312,442216,0,35875368,2642328
low_latency,14,16,4,20260812,95,1,1,1,0,0,1,23,30,1,1,315.35796107736314,298.5059124027605,0,0,0,0,0,0,21185064,1558296
low_latency,14,16,4,20260812,96,1,1,1,0,0,1,24,42,1,1,419.93421456309466,338.5283846899328,0,0,0,34322,8118,0,22103208,1626048
low_latency,14,16,4,20260812,97,1,1,1,0,0,1,27,86,1,2,325.724745650625,319.902805738345,0,0,0,234587,47205,0,24857640,1829304
low_latency,14,16,4,20260812,98,1,1,1,0,0,1,30,46,1,1,403.01476107339363,418.80075074398684,0,0,0,66210,15953,0,27612072,2032560
low_latency,14,16,4,20260812,99,1,1,1,0,0,1,28,38,1,1,327.57298812551846,345.7561727059149,0,0,0,125761,26899,0,25775784,1897056
low_latency,14,16,4,20260812,100,1,1,1,0,0,1,50,38,1,1,384.6597276448132,383.4596623579074,0,0,0,6000032,1022645,0,45974952,3387600
low_latency,14,16,4,20260812,101,1,1,1,0,0,1,102,95,2,2,378.99178836488875,385.2229259941645,0,0,0,13592691,2306376,0,93718440,6910704
low_latency,14,16,4,20260812,102,1,1,1,0,0,1,21,37,1,1,380.6366084418912,373.31799229035175,0,0,0,0,0,0,19348776,1422792
low_latency,14,16,4,20260812,103,1,1,1,0,0,1,43,36,1,1,336.90656788392874,331.36670005181935,0,0,0,4344262,748631,0,39547944,2913336
low_latency,14,16,4,20260812,104,1,1,1,0,0,1,19,17,1,1,357.4138418064703,342.3149288997753,0,0,0,0,0,0,17512488,1287288
low_latency,14,16,4,20260812,105,0,0,0,0,1,0,260,260,4,4,,,0,0,0,39123911,6796724,0,238785192,17615520
low_latency,14,16,4,20260812,106,1,1,1,0,0,1,31,20,1,1,394.00234803553855,394.73985084546564,0,0,0,2726031,469134,0,28530216,2100312
low_latency,14,16,4,20260812,107,1,1,1,0,0,1,168,103,3,2,342.8166736929266,347.2203934221079,0,0,0,35673252,6033150,0,154315944,11382336
low_latency,14,16,4,20260812,108,1,1,1,0,0,1,27,27,1,1,394.31551835742596,377.1709502882819,0,0,0,2297,583,0,24857640,1829304
low_latency,14,16,4,20260812,109,1,1,1,0,0,1,20,41,1,1,322.3365405362646,320.13323376200583,0,0,0,300,110,0,18430632,1355040
low_latency,14,16,4,20260812,110,1,1,1,0,0,1,20,13,1,1,183.05494180327491,181.49747475777087,0,0,0,154767,32742,0,18430632,1355040
low_latency,14,16,4,20260812,111,1,1,1,0,0,1,34,41,1,1,391.59554142657464,387.0294615186163,0,0,0,113068,26694,0,31284648,2303568
low_latency,14,16,4,20260812,112,1,1,1,0,0,1,43,47,1,1,331.2135708320345,311.52823875056015,0,0,0,3417548,596853,0,39547944,2913336
low_latency,14,16,4,20260812,113,1,1,1,0,0,1,59,34,1,1,407.2839752908963,397.7014412041411,0,0,0,10245286,1708427,0,54238248,3997368
low_latency,14,16,4,20260812,114,1,1,1,0,0,1,18,16,1,1,376.30175681371196,362.6696780355107,0,0,0,0,0,0,16594344,1219536
low_latency,14,16,4,20260812,115,1,1,1,0,0,1,27,17,1,1,382.42586630727544,392.7025538380016,0,0,0,23540,5672,0,24857640,1829304
low_latency,14,16,4,20260812,116,1,1,1,0,0,1,25,22,1,1,328.874621075027,320.2597530131729,0,0,0,98916,20824,0,23021352,1693800
low_latency,14,16,4,20260812,117,1,1,1,0,0,1,26,24,1,1,352.9412195825846,370.651701132769,0,0,0,16603,3659,0,23939496,1761552
low_latency,14,16,4,20260812,118,1,1,1,0,0,1,59,45,1,1,417.56175888924724,395.7567076209075,0,0,0,11130777,1854355,0,54238248,3997368
low_latency,14,16,4,20260812,119,1,1,1,0,0,0,25,260,1,4,315.17217926862486,,0,0,0,219468,45642,0,23021352,1693800
low_latency,14,16,4,20260812,120,1,1,1,0,0,1,13,29,1,1,305.11918448890356,309.99698307406715,0,0,0,0,0,0,12003624,880776
low_latency,14,16,4,20260812,121,1,1,1,0,0,1,65,44,1,1,352.7928961859316,356.83964524352393,0,0,0,12860915,2147815,0,59747112,4403880
low_latency,14,16,4,20260812,122,1,1,1,0,0,1,31,28,1,1,343.54297825413096,342.30297215115786,0,0,0,1002993,187811,0,28530216,2100312
low_latency,14,16,4,20260812,123,1,1,1,0,0,1,34,36,1,1,424.75021617604745,407.54409361450223,0,0,0,1880990,339424,0,31284648,2303568
low_latency,14,16,4,20260812,124,1,1,1,0,0,1,34,24,1,1,413.5323488431959,337.2883026642484,0,0,0,388123,83606,0,31284648,2303568
low_latency,14,16,4,20260812,125,1,1,1,0,0,1,56,34,1,1,435.82644222556144,399.6093371646509,0,0,0,8218513,1381919,0,51483816,3794112
low_latency,14,16,4,20260812,126,1,1,1,0,0,1,23,23,1,1,338.87336339645447,337.7204770557595,0,0,0,336411,68344,0,21185064,1558296
low_latency,14,16,4,20260812,127,1,1,1,0,0,1,33,29,1,1,342.67644184646906,378.2345324091849,0,0,0,1860516,334065,0,30366504,2235816
low_latency,14,16,4,20260813,0,1,1,1,0,0,1,208,191,4,3,356.0345817150388,327.942249573218,0,0,0,46797802,7875395,0,191041704,14092416
low_latency,14,16,4,20260813,1,1,1,1,0,0,1,21,30,1,1,357.2914331515125,321.1984073170287,0,0,0,5720,1430,0,19348776,1422792
low_latency,14,16,4,20260813,2,1,1,1,0,0,1,27,23,1,1,404.23575525068475,397.57543228840905,0,0,0,119493,25676,0,24857640,1829304
low_latency,14,16,4,20260813,3,1,1,1,0,0,1,26,21,1,1,337.2309231730778,294.03879410917034,0,0,0,4602,1184,0,23939496,1761552
low_latency,14,16,4,20260813,4,1,1,1,0,0,1,25,27,1,1,348.78278983846434,338.2292360522222,0,0,0,14502,3435,0,23021352,1693800
low_latency,14,16,4,20260813,5,1,1,1,0,0,1,70,90,1,2,256.4322641917446,254.8429571242275,0,0,0,16440281,2744023,0,64337832,4742640
low_latency,14,16,4,20260813,6,1,1,1,0,0,1,98,29,2,1,329.54957851623857,363.9986353154242,0,0,0,19173183,3198912,0,90045864,6639696
low_latency,14,16,4,20260813,7,1,1,1,0,0,1,17,19,1,1,325.5595569269899,322.22706879716213,0,0,0,0,0,0,15676200,1151784
low_latency,14,16,4,20260813,8,1,1,1,0,0,1,32,25,1,1,350.1781904587092,343.57872197140046,0,0,0,1870526,332817,0,29448360,2168064
low_latency,14,16,4,20260813,9,1,1,1,0,0,1,121,85,2,2,405.2284618351064,411.08620532348704,0,0,0,21604181,3655610,0,111163176,8197992
low_latency,14,16,4,20260813,10,1,1,1,0,0,1,56,94,1,2,369.4607404491426,389.4638765371068,0,0,0,5629388,989145,0,51483816,3794112
low_latency,14,16,4,20260813,11,1,1,1,0,0,1,19,30,1,1,292.4846710151942,263.79758398974,0,0,0,0,0,0,17512488,1287288
low_latency,14,16,4,20260813,12,1,1,1,0,0,1,12,30,1,1,303.81627719348353,304.550657887391,0,0,0,0,0,0,11085480,813024
low_latency,14,16,4,20260813,13,1,1,1,0,0,1,18,21,1,1,343.41326228620784,335.3022522446897,0,0,0,0,0,0,16594344,1219536
low_latency,14,16,4,20260813,14,1,1,1,0,0,1,27,125,1,2,369.2662689538034,396.5651983616972,0,0,0,63797,14048,0,24857640,1829304
low_latency,14,16,4,20260813,15,1,1,1,0,0,1,165,114,3,2,366.9197034096399,334.87056621247797,0,0,0,31374130,5294864,0,151561512,11179080
low_latency,14,16,4,20260813,16,1,1,1,0,0,1,38,62,1,1,362.82187196842585,366.83417420753267,0,0,0,3793017,658664,0,34957224,2574576
low_latency,14,16,4,20260813,17,1,1,1,0,0,1,26,31,1,1,388.0456126317609,398.40988922641657,0,0,0,72840,15468,0,23939496,1761552
low_latency,14,16,4,20260813,18,1,1,1,0,0,1,28,45,1,1,284.87102468563717,287.5140629862135,0,0,0,309429,63536,0,25775784,1897056
low_latency,14,16,4,20260813,19,1,1,1,0,0,1,32,24,1,1,405.2282959378695,388.3367400147191,0,0,0,2075311,366112,0,29448360,2168064
low_latency,14,16,4,20260813,20,1,1,1,0,0,1,42,142,1,3,319.1920816806416,346.34990553936103,0,0,0,3797987,648394,0,38629800,2845584
low_latency,14,16,4,20260813,21,1,1,1,0,0,1,64,44,1,1,353.470729447975,398.57316820903765,0,0,0,10211722,1718121,0,58828968,4336128
low_latency,14,16,4,20260813,22,1,1,1,0,0,1,20,24,1,1,349.851078803326,329.32839236431755,0,0,0,543,263,0,18430632,1355040
low_latency,14,16,4,20260813,23,1,1,1,0,0,1,26,35,1,1,350.48698354546644,354.51631612690585,0,0,0,312478,64112,0,23939496,1761552
low_latency,14,16,4,20260813,24,1,1,1,0,0,1,32,37,1,1,311.5196768560181,315.89184971108915,0,0,0,1777102,317976,0,29448360,2168064
low_latency,14,16,4,20260813,25,1,1,1,0,0,1,171,59,3,1,424.83656729926764,424.0351392561671,0,0,0,28763099,4937187,0,157070376,11585592
low_latency,14,16,4,20260813,26,1,1,1,0,0,1,18,14,1,1,279.83087349646235,282.0451285231401,0,0,0,0,0,0,16594344,1219536
low_latency,14,16,4,20260813,27,1,1,1,0,0,1,27,28,1,1,299.9857237226,279.3103704664742,0,0,0,392602,82522,0,24857640,1829304
low_latency,14,16,4,20260813,28,1,1,1,0,0,1,43,28,1,1,312.4850299089268,304.4301267694177,0,0,0,5248781,888292,0,39547944,2913336
low_latency,14,16,4,20260813,29,1,1,1,0,0,1,25,89,1,2,350.55464781843773,343.88401877555236,0,0,0,39169,8178,0,23021352,1693800
low_latency,14,16,4,20260813,30,1,1,1,0,0,1,27,34,1,1,388.1786242184488,386.940386025874,0,0,0,315933,62798,0,24857640,1829304
low_latency,14,16,4,20260813,31,1,1,1,0,0,1,31,33,1,1,336.56291763510524,324.7598412733876,0,0,0,860687,162036,0,28530216,2100312
low_latency,14,16,4,20260813,32,1,1,1,0,0,1,24,28,1,1,410.53204474795257,426.1593105894092,0,0,0,4663,1110,0,22103208,1626048
low_latency,14,16,4,20260813,33,1,1,1,0,0,1,29,36,1,1,377.7144928347095,320.93044997295385,0,0,0,777405,149108,0,26693928,1964808
low_latency,14,16,4,20260813,34,1,1,1,0,0,1,84,25,2,1,331.9796480200793,310.8506420983517,0,0,0,18636128,3100995,0,77191848,5691168
low_latency,14,16,4,20260813,35,1,1,1,0,0,1,67,27,1,1,379.09999220399527,335.68379849429965,0,0,0,9617362,1664568,0,61583400,4539384
low_latency,14,16,4,20260813,36,1,1,1,0,0,1,76,20,1,1,354.3187855299692,353.258955005414,0,0,0,14779344,2468514,0,69846696,5149152
low_latency,14,16,4,20260813,37,1,1,1,0,0,1,28,24,1,1,248.7381233197583,254.37791531233654,0,0,0,2042726,362918,0,25775784,1897056
low_latency,14,16,4,20260813,38,1,1,1,0,0,1,46,38,1,1,423.9472840737468,418.77831860042926,0,0,0,6187169,1045912,0,42302376,3116592
low_latency,14,16,4,20260813,39,1,1,1,0,0,1,38,18,1,1,344.2570863249326,343.01796423735107,0,0,0,5205404,877991,0,34957224,2574576
low_latency,14,16,4,20260813,40,1,1,1,0,0,1,42,47,1,1,276.8857901310235,363.1640692513466,0,0,0,5143877,876980,0,38629800,2845584
low_latency,14,16,4,20260813,41,1,1,1,0,0,1,30,32,1,1,354.8304884907709,347.57420175836415,0,0,0,1300178,239659,0,27612072,2032560
low_latency,14,16,4,20260813,42,1,1,1,0,0,1,18,17,1,1,292.8724187995557,280.96636813215787,0,0,0,0,0,0,16594344,1219536
low_latency,14,16,4,20260813,43,1,1,1,0,0,1,95,94,2,2,285.7213106142859,283.82599592417995,0,0,0,19404863,3223929,0,87291432,6436440
low_latency,14,16,4,20260813,44,1,1,1,0,0,1,29,17,1,1,339.3775655234087,329.26949587813056,0,0,0,1639815,294627,0,26693928,1964808
low_latency,14,16,4,20260813,45,1,1,1,0,0,1,173,174,3,3,364.0850362822769,365.29437519037145,0,0,0,36497521,6184914,0,158906664,11721096
low_latency,14,16,4,20260813,46,1,1,1,0,0,1,28,19,1,1,302.7109197521736,272.58261784316204,0,0,0,593199,114237,0,25775784,1897056
low_latency,14,16,4,20260813,47,1,1,1,0,0,1,28,20,1,1,306.3029166030992,306.8767418756181,0,0,0,1039926,193396,0,25775784,1897056
low_latency,14,16,4,20260813,48,1,1,1,0,0,1,20,28,1,1,357.2387529679846,432.5780940181603,0,0,0,0,0,0,18430632,1355040
low_latency,14,16,4,20260813,49,1,1,1,0,0,1,111,44,2,1,408.92960424844887,374.7904783706736,0,0,0,18071800,3070018,0,101981736,7520472
low_latency,14,16,4,20260813,50,1,1,1,0,0,1,36,36,1,1,345.41876251517823,350.84168803874195,0,0,0,1904289,347922,0,33120936,2439072
low_latency,14,16,4,20260813,51,1,1,1,0,0,1,19,46,1,1,270.8177602441584,261.3928486981134,0,0,0,0,0,0,17512488,1287288
low_latency,14,16,4,20260813,52,1,1,1,0,0,1,59,18,1,1,318.9936529168249,313.4163697623837,0,0,0,11266264,1881350,0,54238248,3997368
low_latency,14,16,4,20260813,53,1,1,1,0,0,1,105,214,2,4,393.73089821993483,394.98037926400195,0,0,0,22454668,3754845,0,96472872,7113960
low_latency,14,16,4,20260813,54,1,1,1,0,0,1,72,38,1,1,334.6760148069003,313.517108074725,0,0,0,14841770,2473126,0,66174120,4878144
low_latency,14,16,4,20260813,55,1,1,1,0,0,1,32,26,1,1,305.8040569623696,296.37684310327086,0,0,0,1109844,213361,0,29448360,2168064
low_latency,14,16,4,20260813,56,1,1,1,0,0,1,36,125,1,2,380.9591860581421,359.44040806794885,0,0,0,3112132,548458,0,33120936,2439072
low_latency,14,16,4,20260813,57,1,1,1,0,0,1,27,66,1,1,315.6241613106896,318.01620542458113,0,0,0,1907555,335525,0,24857640,1829304
low_latency,14,16,4,20260813,58,1,1,1,0,0,1,44,33,1,1,359.54951261713256,356.1786039085903,0,0,0,4654476,805656,0,40466088,2981088
low_latency,14,16,4,20260813,59,1,1,1,0,0,0,104,260,2,4,392.0315136576256,,0,0,0,20929549,3500739,0,95554728,7046208
low_latency,14,16,4,20260813,60,1,1,1,0,0,1,28,32,1,1,307.92592138505063,321.32110899227763,0,0,0,84018,19320,0,25775784,1897056
low_latency,14,16,4,20260813,61,1,1,1,0,0,1,19,31,1,1,293.76343229783294,299.9959782897494,0,0,0,0,0,0,17512488,1287288
low_latency,14,16,4,20260813,62,1,1,1,0,0,1,79,84,1,2,360.8923728538904,348.21318505862956,0,0,0,13866263,2333921,0,72601128,5352408
low_latency,14,16,4,20260813,63,1,1,1,0,0,1,27,25,1,1,356.46860112998127,352.07792200635987,0,0,0,1004545,186889,0,24857640,1829304
low_latency,14,16,4,20260813,64,1,1,1,0,0,1,24,12,1,1,318.2552628433698,297.84309604971196,0,0,0,90873,19789,0,22103208,1626048
low_latency,14,16,4,20260813,65,1,1,1,0,0,1,13,32,1,1,257.1615435259091,278.07488604877494,0,0,0,0,0,0,12003624,880776
low_latency,14,16,4,20260813,66,1,1,1,0,0,1,28,33,1,1,400.84925304662664,385.75122479737706,0,0,0,5724,1483,0,25775784,1897056
low_latency,14,16,4,20260813,67,1,1,1,0,0,1,164,24,3,1,338.2118727958574,325.4582044545121,0,0,0,29613758,5022064,0,150643368,11111328
low_latency,14,16,4,20260813,68,1,1,1,0,0,1,57,35,1,1,288.2726291480502,273.89382925035216,0,0,0,10433506,1744091,0,52401960,3861864
low_latency,14,16,4,20260813,69,1,1,1,0,0,1,24,12,1,1,291.1411667892532,278.1157059356673,0,0,0,114481,25778,0,22103208,1626048
low_latency,14,16,4,20260813,70,1,1,1,0,0,1,29,29,1,1,364.3627573759335,377.8963648298077,0,0,0,176256,35877,0,26693928,1964808
low_latency,14,16,4,20260813,71,1,1,1,0,0,0,129,260,2,4,453.5445704035493,,0,0,0,18117062,3073031,0,118508328,8740008
low_latency,14,16,4,20260813,72,1,1,1,0,0,1,24,72,1,1,296.90946758058624,293.2092538680656,0,0,0,14597,3285,0,22103208,1626048
low_latency,14,16,4,20260813,73,1,1,1,0,0,1,52,88,1,2,320.3536691237229,304.4325345076236,0,0,0,9616923,1611154,0,47811240,3523104
low_latency,14,16,4,20260813,74,0,0,0,0,1,0,260,260,4,4,,,0,0,0,20362691,3814653,0,238785192,17615520
low_latency,14,16,4,20260813,75,1,1,1,0,0,1,61,24,1,1,318.00933608083017,300.9322744196139,0,0,0,8094482,1390891,0,56074536,4132872
low_latency,14,16,4,20260813,76,1,1,1,0,0,1,23,15,1,1,262.7578562270542,245.58704788078867,0,0,0,9573,2205,0,21185064,1558296
low_latency,14,16,4,20260813,77,1,1,1,0,0,1,78,20,1,1,416.70099278848284,398.8820404582768,0,0,0,10543549,1790423,0,71682984,5284656
low_latency,14,16,4,20260813,78,1,1,1,0,0,1,30,46,1,1,311.39337738348263,383.23265921029747,0,0,0,742624,143514,0,27612072,2032560
low_latency,14,16,4,20260813,79,1,1,1,0,0,1,26,27,1,1,300.94286178935005,299.8938337697269,0,0,0,437430,84369,0,23939496,1761552
low_latency,14,16,4,20260813,80,1,1,1,0,0,1,179,162,3,3,353.09774727594646,345.9221658605902,0,0,0,35638279,6086966,0,164415528,12127608
low_latency,14,16,4,20260813,81,1,1,1,0,0,1,34,18,1,1,287.48612453286466,284.64075618560594,0,0,0,3417198,586180,0,31284648,2303568
low_latency,14,16,4,20260813,82,1,1,1,0,0,1,23,25,1,1,319.949548186268,336.58449290037936,0,0,0,31801,7299,0,21185064,1558296
low_latency,14,16,4,20260813,83,1,1,1,0,0,1,152,84,3,2,330.4527390583412,324.8554900470498,0,0,0,30714007,5168043,0,139625640,10298304
low_latency,14,16,4,20260813,84,1,1,1,0,0,1,16,17,1,1,238.76922066046473,243.3408311989009,0,0,0,0,0,0,14758056,1084032
low_latency,14,16,4,20260813,85,1,1,1,0,0,1,44,23,1,1,394.16733844589436,390.1603317323329,0,0,0,2888610,503753,0,40466088,2981088
low_latency,14,16,4,20260813,86,1,1,1,0,0,1,38,24,1,1,283.0596511634259,279.4739560874712,0,0,0,4257093,730697,0,34957224,2574576
low_latency,14,16,4,20260813,87,1,1,1,0,0,1,39,22,1,1,233.80907365321195,218.8582166341635,0,0,0,5556602,941810,0,35875368,2642328
low_latency,14,16,4,20260813,88,1,1,1,0,0,1,23,18,1,1,280.93481263506527,295.1622647573207,0,0,0,960490,180055,0,21185064,1558296
low_latency,14,16,4,20260813,89,0,1,0,0,1,1,260,34,4,1,,400.51813849270724,0,0,0,57748286,9785316,0,238785192,17615520
low_latency,14,16,4,20260813,90,1,1,1,0,0,1,13,41,1,1,287.9594323122336,299.86636731604995,0,0,0,0,0,0,12003624,880776
low_latency,14,16,4,20260813,91,1,1,1,0,0,1,21,38,1,1,266.34047644810926,254.53740008639164,0,0,0,1033,301,0,19348776,1422792
low_latency,14,16,4,20260813,92,1,1,1,0,0,1,103,26,2,1,391.9454586636274,386.27623023830586,0,0,0,20509580,3429151,0,94636584,6978456
low_latency,14,16,4,20260813,93,1,1,1,0,0,1,17,22,1,1,269.62908510573516,272.556107793052,0,0,0,0,0,0,15676200,1151784
low_latency,14,16,4,20260813,94,1,1,1,0,0,1,28,33,1,1,329.4593141901498,311.81293046540657,0,0,0,2044788,358679,0,25775784,1897056
low_latency,14,16,4,20260813,95,1,1,1,0,0,1,33,49,1,1,381.66564218259475,377.0825218989321,0,0,0,2445195,428965,0,30366504,2235816
low_latency,14,16,4,20260813,96,1,1,1,0,0,1,29,33,1,1,320.3965118912975,348.8579747861179,0,0,0,392520,78803,0,26693928,1964808
low_latency,14,16,4,20260813,97,1,1,1,0,0,1,52,91,1,2,411.8021735078189,438.005036842078,0,0,0,5729585,978276,0,47811240,3523104
low_latency,14,16,4,20260813,98,1,1,1,0,0,1,36,35,1,1,358.129369742729,363.06805901014314,0,0,0,2305514,405152,0,33120936,2439072
low_latency,14,16,4,20260813,99,1,1,1,0,0,1,30,23,1,1,363.9257005562024,346.3809746848733,0,0,0,662257,126302,0,27612072,2032560
low_latency,14,16,4,20260813,100,1,1,1,0,0,1,53,27,1,1,345.7706070774097,360.3151147188121,0,0,0,8508142,1428057,0,48729384,3590856
low_latency,14,16,4,20260813,101,1,1,1,0,0,1,87,17,2,1,251.2938370822915,298.26800153110685,0,0,0,20605020,3410966,0,79946280,5894424
low_latency,14,16,4,20260813,102,0,1,0,0,1,1,260,43,4,1,,349.9496794210485,0,0,0,56781675,9646691,0,238785192,17615520
low_latency,14,16,4,20260813,103,1,1,1,0,0,1,123,44,2,1,414.19110824579167,373.3544009927977,0,0,0,26915687,4531601,0,112999464,8333496
low_latency,14,16,4,20260813,104,1,1,1,0,0,1,29,31,1,1,358.2815590673213,350.3152875934755,0,0,0,1032974,194615,0,26693928,1964808
low_latency,14,16,4,20260813,105,1,1,1,0,0,1,50,98,1,2,340.6065017722722,322.41220534504396,0,0,0,6981490,1182572,0,45974952,3387600
low_latency,14,16,4,20260813,106,1,1,1,0,0,1,30,24,1,1,323.8549599426309,314.1002467876954,0,0,0,1799095,321483,0,27612072,2032560
low_latency,14,16,4,20260813,107,1,1,1,0,0,1,33,50,1,1,449.08766840238036,454.02682802105255,0,0,0,968270,181391,0,30366504,2235816
low_latency,14,16,4,20260813,108,1,1,1,0,0,1,19,34,1,1,274.16886743028215,245.1453988812899,0,0,0,0,0,0,17512488,1287288
low_latency,14,16,4,20260813,109,1,1,1,0,0,0,33,260,1,4,390.97258001745234,,0,0,0,528195,106641,0,30366504,2235816
low_latency,14,16,4,20260813,110,1,1,1,0,0,1,38,26,1,1,383.3255942532145,373.9778840621872,0,0,0,2881477,505007,0,34957224,2574576
low_latency,14,16,4,20260813,111,1,1,1,0,0,1,92,111,2,2,296.44886998208796,313.3492285692124,0,0,0,21172016,3502677,0,84537000,6233184
low_latency,14,16,4,20260813,112,1,1,1,0,0,1,18,44,1,1,376.3102742304553,369.6379033484395,0,0,0,0,0,0,16594344,1219536
low_latency,14,16,4,20260813,113,1,1,1,0,0,1,93,28,2,1,244.17801137646083,248.65034492039683,0,0,0,21076010,3486845,0,85455144,6300936
low_latency,14,16,4,20260813,114,1,1,1,0,0,1,27,36,1,1,386.75666713130926,361.1384718093646,0,0,0,35350,7641,0,24857640,1829304
low_latency,14,16,4,20260813,115,1,1,1,0,0,1,24,17,1,1,321.6777879037828,334.67963777807824,0,0,0,752,230,0,22103208,1626048
low_latency,14,16,4,20260813,116,1,1,1,0,0,1,51,45,1,1,317.7574664641461,331.09658195762773,0,0,0,3129556,554720,0,46893096,3455352
low_latency,14,16,4,20260813,117,1,1,1,0,0,1,28,31,1,1,297.2888574977323,298.8472088796549,0,0,0,1479196,267857,0,25775784,1897056
low_latency,14,16,4,20260813,118,1,1,1,0,0,1,22,23,1,1,316.09331945135114,325.4434519014776,0,0,0,7626,1730,0,20266920,1490544
low_latency,14,16,4,20260813,119,1,1,1,0,0,1,24,31,1,1,333.21425384916176,336.4570276536355,0,0,0,5598,1300,0,22103208,1626048
low_latency,14,16,4,20260813,120,1,1,1,0,0,1,24,17,1,1,316.17890803226896,320.9872087872861,0,0,0,117813,25136,0,22103208,1626048
low_latency,14,16,4,20260813,121,1,1,1,0,0,1,38,30,1,1,446.63233814940884,448.62924113499713,0,0,0,1690651,314184,0,34957224,2574576
low_latency,14,16,4,20260813,122,1,1,1,0,0,1,20,23,1,1,310.59728441390973,293.04571580544126,0,0,0,0,0,0,18430632,1355040
low_latency,14,16,4,20260813,123,1,1,1,0,0,1,97,48,2,1,312.0406546832912,303.2341382017859,0,0,0,19975249,3315261,0,89127720,6571944
low_latency,14,16,4,20260813,124,1,1,1,0,0,1,37,45,1,1,318.8607026738446,319.7205341663269,0,0,0,1544633,287248,0,34039080,2506824
low_latency,14,16,4,20260813,125,1,1,1,0,0,1,33,55,1,1,348.98632513254216,375.44985907941475,0,0,0,102339,23637,0,30366504,2235816
low_latency,14,16,4,20260813,126,1,1,1,0,0,1,194,46,3,1,372.0799960777947,363.93036960579946,0,0,0,38094774,6486938,0,178187688,13143888
low_latency,14,16,4,20260813,127,1,1,1,0,0,1,21,65,1,1,312.40654202158265,315.1010415064334,0,0,0,1654,501,0,19348776,1422792
low_latency,16,16,4,20260809,0,1,1,1,0,0,1,37,23,1,1,318.1463945999453,328.6641794878916,0,0,0,3260636,558714,0,34039080,2506824
low_latency,16,16,4,20260809,1,1,1,1,0,0,1,42,17,1,1,319.244503996015,298.31313780294295,0,0,0,678662,133653,0,38629800,2845584
low_latency,16,16,4,20260809,2,1,1,1,0,0,1,40,25,1,1,386.867476264577,388.67262118387396,0,0,0,145555,34389,0,36793512,2710080
low_latency,16,16,4,20260809,3,1,1,1,0,0,1,41,36,1,1,367.00421729754777,362.1952545164906,0,0,0,3068077,544300,0,37711656,2777832
low_latency,16,16,4,20260809,4,1,1,1,0,0,1,17,15,1,1,410.41626611945526,319.89038709201327,0,0,0,0,0,0,15676200,1151784
low_latency,16,16,4,20260809,5,1,1,1,0,0,1,53,16,1,1,263.4989090628512,274.69419033665883,0,0,0,377133,84732,0,48729384,3590856
low_latency,16,16,4,20260809,6,1,1,1,0,0,1,88,23,2,1,304.5876638983668,302.4205950937307,0,0,0,17819493,2951483,0,80864424,5962176
low_latency,16,16,4,20260809,7,1,1,1,0,0,1,34,211,1,4,367.54835723090434,376.20504979397975,0,0,0,330650,67073,0,31284648,2303568
low_latency,16,16,4,20260809,8,1,1,1,0,0,1,28,56,1,1,353.32071911028163,359.70213395503305,0,0,0,0,0,0,25775784,1897056
low_latency,16,16,4,20260809,9,1,1,1,0,0,1,156,205,3,4,365.2781741731055,385.4889766661306,0,0,0,21945255,3781312,0,143298216,10569312
low_latency,16,16,4,20260809,10,1,1,1,0,0,1,23,39,1,1,338.3058737049273,351.1709519540915,0,0,0,0,0,0,21185064,1558296
low_latency,16,16,4,20260809,11,1,1,1,0,0,1,88,21,2,1,376.479303232659,361.91901569493524,0,0,0,16072471,2672177,0,80864424,5962176
low_latency,16,16,4,20260809,12,1,1,1,0,0,1,42,52,1,1,390.6551592319578,385.6277491698546,0,0,0,568042,113187,0,38629800,2845584
low_latency,16,16,4,20260809,13,1,1,1,0,0,1,131,92,2,2,457.33083765725945,395.2418514783643,0,0,0,15065037,2636405,0,120344616,8875512
low_latency,16,16,4,20260809,14,1,1,1,0,0,1,32,61,1,1,338.5979398863363,344.9932359701255,0,0,0,5196,1227,0,29448360,2168064
low_latency,16,16,4,20260809,15,1,1,1,0,0,1,90,91,2,2,342.4199477583178,382.18807071665816,0,0,0,13933017,2316469,0,82700712,6097680
low_latency,16,16,4,20260809,16,1,1,1,0,0,1,93,34,2,1,454.6929019602283,393.06636497611544,0,0,0,15792321,2620835,0,85455144,6300936
low_latency,16,16,4,20260809,17,1,1,1,0,0,1,37,22,1,1,305.6760592640092,350.00538713651184,0,0,0,3604371,614872,0,34039080,2506824
low_latency,16,16,4,20260809,18,1,1,1,0,0,1,103,22,2,1,465.1792225378573,453.84616372582457,0,0,0,16217245,2689122,0,94636584,6978456
low_latency,16,16,4,20260809,19,1,1,1,0,0,1,27,25,1,1,381.1940697065229,387.839971311754,0,0,0,0,0,0,24857640,1829304
low_latency,16,16,4,20260809,20,1,1,1,0,0,1,44,24,1,1,286.36505775018753,279.96045497823843,0,0,0,3320630,579103,0,40466088,2981088
low_latency,16,16,4,20260809,21,1,1,1,0,0,1,14,14,1,1,273.57854771508386,273.57854771508386,0,0,0,0,0,0,12921768,948528
low_latency,16,16,4,20260809,22,1,1,1,0,0,1,25,22,1,1,308.5124129581066,360.3091827740966,0,0,0,18,12,0,23021352,1693800
low_latency,16,16,4,20260809,23,1,1,1,0,0,1,38,16,1,1,348.9287107278032,360.65008896626534,0,0,0,1590504,285187,0,34957224,2574576
low_latency,16,16,4,20260809,24,1,1,1,0,0,1,29,19,1,1,311.34676067526306,299.5748059099719,0,0,0,43051,9944,0,26693928,1964808
low_latency,16,16,4,20260809,25,1,1,1,0,0,1,27,22,1,1,233.46049367038287,231.49009693130174,0,0,0,3811,1041,0,24857640,1829304
low_latency,16,16,4,20260809,26,1,1,1,0,0,1,27,27,1,1,287.54706712272224,298.1364026687779,0,0,0,0,0,0,24857640,1829304
low_latency,16,16,4,20260809,27,1,1,1,0,0,1,19,38,1,1,282.4251143019695,279.68360395475577,0,0,0,0,0,0,17512488,1287288
low_latency,16,16,4,20260809,28,1,1,1,0,0,1,219,195,4,3,387.2995584484868,384.3595301189147,0,0,0,30334767,5326124,0,201141288,14837688
low_latency,16,16,4,20260809,29,1,1,1,0,0,1,29,43,1,1,342.08492718851875,385.2152367537198,0,0,0,15690,3613,0,26693928,1964808
low_latency,16,16,4,20260809,30,1,1,1,0,0,1,17,33,1,1,332.7156967748629,325.8828210696963,0,0,0,0,0,0,15676200,1151784
low_latency,16,16,4,20260809,31,1,1,1,0,0,1,26,20,1,1,282.4417930129109,285.52694858161897,0,0,0,25292,5332,0,23939496,1761552
low_latency,16,16,4,20260809,32,1,1,1,0,0,1,23,28,1,1,353.87693487265017,340.4050680907237,0,0,0,8,8,0,21185064,1558296
low_latency,16,16,4,20260809,33,1,1,1,0,0,1,17,18,1,1,351.2539752513059,346.02187035022496,0,0,0,0,0,0,15676200,1151784
low_latency,16,16,4,20260809,34,1,1,1,0,0,1,175,82,3,2,350.26139138128127,337.70401879698346,0,0,0,25384371,4376467,0,160742952,11856600
low_latency,16,16,4,20260809,35,1,1,1,0,0,1,45,52,1,1,441.364641160651,407.4045599519107,0,0,0,3316232,569273,0,41384232,3048840
low_latency,16,16,4,20260809,36,1,1,1,0,0,1,44,25,1,1,385.2338679066979,396.351264363206,0,0,0,1317164,240317,0,40466088,2981088
low_latency,16,16,4,20260809,37,0,1,0,0,1,0,260,260,4,4,,,0,0,0,28861259,5225017,0,238785192,17615520
low_latency,16,16,4,20260809,38,1,1,1,0,0,1,90,37,2,1,419.9196617771379,391.12588992694896,0,0,0,14175667,2368532,0,82700712,6097680
low_latency,16,16,4,20260809,39,1,1,1,0,0,1,25,37,1,1,343.76950382381267,360.0953822279208,0,0,0,0,0,0,23021352,1693800
low_latency,16,16,4,20260809,40,1,1,1,0,0,1,16,33,1,1,280.6114019145944,293.50734883469914,0,0,0,0,0,0,14758056,1084032
low_latency,16,16,4,20260809,41,1,1,1,0,0,1,18,18,1,1,293.7052144960676,226.82538599575787,0,0,0,0,0,0,16594344,1219536
low_latency,16,16,4,20260809,42,1,1,1,0,0,1,47,25,1,1,328.7853623556117,328.3955906081728,0,0,0,1696047,318385,0,43220520,3184344
low_latency,16,16,4,20260809,43,1,1,1,0,0,1,29,21,1,1,327.8708032616791,343.36213996198785,0,0,0,237987,48768,0,26693928,1964808
low_latency,16,16,4,20260809,44,1,1,1,0,0,1,32,18,1,1,415.53792045987825,396.4687337538469,0,0,0,196964,40149,0,29448360,2168064
low_latency,16,16,4,20260809,45,1,1,1,0,0,1,21,26,1,1,260.790073795145,247.19065710579184,0,0,0,0,0,0,19348776,1422792
low_latency,16,16,4,20260809,46,1,1,1,0,0,1,86,25,2,1,484.03682922343705,399.623139095343,0,0,0,15555253,2576274,0,79028136,5826672
low_latency,16,16,4,20260809,47,1,1,1,0,0,1,84,22,2,1,301.84703655278213,300.8377827556977,0,0,0,15118400,2509816,0,77191848,5691168
low_latency,16,16,4,20260809,48,1,1,1,0,0,1,31,27,1,1,411.17963838383093,391.10301773934555,0,0,0,332,126,0,28530216,2100312
low_latency,16,16,4,20260809,49,1,1,1,0,0,1,29,25,1,1,383.9185769363319,379.82016155951317,0,0,0,0,0,0,26693928,1964808
low_latency,16,16,4,20260809,50,1,1,1,0,0,1,30,31,1,1,317.9132485500227,313.24746694633507,0,0,0,4718,1115,0,27612072,2032560
low_latency,16,16,4,20260809,51,1,1,1,0,0,1,30,17,1,1,263.7509668181009,272.420109038991,0,0,0,259555,53508,0,27612072,2032560
low_latency,16,16,4,20260809,52,1,1,1,0,0,1,41,44,1,1,296.2232499367866,258.6872963628482,0,0,0,4796736,811259,0,37711656,2777832
low_latency,16,16,4,20260809,53,1,1,1,0,0,1,48,80,1,1,340.8877484362215,353.6181848264015,0,0,0,283217,63434,0,44138664,3252096
low_latency,16,16,4,20260809,54,1,1,1,0,0,1,30,46,1,1,388.574463848896,385.9629727434567,0,0,0,44493,9365,0,27612072,2032560
low_latency,16,16,4,20260809,55,1,1,1,0,0,1,36,25,1,1,391.83426521971865,405.4659368855956,0,0,0,1644963,299908,0,33120936,2439072
low_latency,16,16,4,20260809,56,1,1,1,0,0,1,29,84,1,2,330.546580202735,332.84023113687635,0,0,0,178551,37144,0,26693928,1964808
low_latency,16,16,4,20260809,57,1,1,1,0,0,1,17,19,1,1,319.78759681830473,335.1588456344334,0,0,0,0,0,0,15676200,1151784
low_latency,16,16,4,20260809,58,1,1,1,0,0,1,28,16,1,1,317.1992605606455,303.81979552907956,0,0,0,130961,27044,0,25775784,1897056
low_latency,16,16,4,20260809,59,1,1,1,0,0,1,44,45,1,1,442.29743084299844,452.26105662239297,0,0,0,345015,73571,0,40466088,2981088
low_latency,16,16,4,20260809,60,1,1,1,0,0,1,85,30,2,1,317.4439403876536,331.04892371412643,0,0,0,17396141,2886230,0,78109992,5758920
low_latency,16,16,4,20260809,61,0,1,0,0,1,0,260,260,4,4,,,0,0,0,10409836,1985389,0,238785192,17615520
low_latency,16,16,4,20260809,62,1,1,1,0,0,1,35,28,1,1,375.23815819477284,414.8972389588573,0,0,0,209768,42567,0,32202792,2371320
low_latency,16,16,4,20260809,63,1,1,1,0,0,1,98,37,2,1,433.2277085421558,385.642096417405,0,0,0,4187863,769434,0,90045864,6639696
low_latency,16,16,4,20260809,64,1,1,1,0,0,1,21,23,1,1,292.47487136357347,278.7770616951118,0,0,0,0,0,0,19348776,1422792
low_latency,16,16,4,20260809,65,1,1,1,0,0,1,15,31,1,1,285.58125895758644,298.46332625844525,0,0,0,0,0,0,13839912,1016280
low_latency,16,16,4,20260809,66,1,1,1,0,0,1,33,22,1,1,306.2017227738768,310.05971627856,0,0,0,629733,121564,0,30366504,2235816
low_latency,16,16,4,20260809,67,1,1,1,0,0,1,35,31,1,1,430.6190126023324,428.84117822222026,0,0,0,935747,177476,0,32202792,2371320
low_latency,16,16,4,20260809,68,1,1,1,0,0,1,24,20,1,1,285.73332162990243,290.45936733726637,0,0,0,1367,448,0,22103208,1626048
low_latency,16,16,4,20260809,69,1,1,1,0,0,1,36,35,1,1,371.4201925964611,355.31448491275955,0,0,0,689928,133512,0,33120936,2439072
low_latency,16,16,4,20260809,70,1,1,1,0,0,1,40,32,1,1,307.2022832024958,324.2738142332343,0,0,0,78886,18882,0,36793512,2710080
low_latency,16,16,4,20260809,71,1,1,1,0,0,1,24,19,1,1,228.5749587491972,253.9745954435926,0,0,0,1011,347,0,22103208,1626048
low_latency,16,16,4,20260809,72,1,1,1,0,0,1,22,30,1,1,370.64213244020436,345.2601536845826,0,0,0,0,0,0,20266920,1490544
low_latency,16,16,4,20260809,73,1,1,1,0,0,1,40,16,1,1,271.09474733407797,272.94166483059627,0,0,0,1098473,205702,0,36793512,2710080
low_latency,16,16,4,20260809,74,1,1,1,0,0,1,42,30,1,1,438.8387048398205,393.94997139003056,0,0,0,93747,20565,0,38629800,2845584
low_latency,16,16,4,20260809,75,1,1,1,0,0,1,85,83,2,2,377.021001511289,422.4829592123523,0,0,0,16974519,2812699,0,78109992,5758920
low_latency,16,16,4,20260809,76,1,1,1,0,0,1,29,30,1,1,386.6004632550951,386.90030226549425,0,0,0,0,0,0,26693928,1964808
low_latency,16,16,4,20260809,77,1,1,1,0,0,1,39,27,1,1,341.35240873970747,335.72277966329,0,0,0,2484949,432612,0,35875368,2642328
low_latency,16,16,4,20260809,78,1,1,1,0,0,1,85,84,2,2,339.337701468038,302.0250953999348,0,0,0,18928587,3133779,0,78109992,5758920
low_latency,16,16,4,20260809,79,1,1,1,0,0,1,47,16,1,1,303.32468129049903,273.0699800584164,0,0,0,6409145,1076225,0,43220520,3184344
low_latency,16,16,4,20260809,80,1,1,1,0,0,1,20,29,1,1,384.1977355660755,390.7174692338731,0,0,0,0,0,0,18430632,1355040
low_latency,16,16,4,20260809,81,1,1,1,0,0,1,28,20,1,1,378.978317567707,363.0386420998793,0,0,0,4,4,0,25775784,1897056
low_latency,16,16,4,20260809,82,1,1,1,0,0,1,35,30,1,1,314.07108307873284,303.2887316188873,0,0,0,261078,53695,0,32202792,2371320
low_latency,16,16,4,20260809,83,1,1,1,0,0,1,22,34,1,1,404.13317694081593,363.06592510765,0,0,0,0,0,0,20266920,1490544
low_latency,16,16,4,20260809,84,1,1,1,0,0,1,46,27,1,1,415.59369971343506,357.15246147857147,0,0,0,2611880,466323,0,42302376,3116592
low_latency,16,16,4,20260809,85,1,1,1,0,0,1,19,29,1,1,214.33441560825503,257.4272679986892,0,0,0,0,0,0,17512488,1287288
low_latency,16,16,4,20260809,86,1,1,1,0,0,1,35,50,1,1,315.43982862278983,338.1824667100422,0,0,0,1580139,288967,0,32202792,2371320
low_latency,16,16,4,20260809,87,1,1,1,0,0,1,37,99,1,2,303.125243753404,312.8721032697201,0,0,0,816540,155181,0,34039080,2506824
low_latency,16,16,4,20260809,88,1,1,1,0,0,1,28,42,1,1,340.3919498461496,377.6572523052703,0,0,0,124234,26111,0,25775784,1897056
low_latency,16,16,4,20260809,89,1,1,1,0,0,1,94,32,2,1,366.99406619263425,366.4414296001787,0,0,0,16736779,2777815,0,86373288,6368688
low_latency,16,16,4,20260809,90,1,1,1,0,0,1,21,16,1,1,304.36271079121286,311.677600028673,0,0,0,0,0,0,19348776,1422792
low_latency,16,16,4,20260809,91,1,1,1,0,0,0,108,260,2,4,478.5727032558314,,0,0,0,13217404,2207002,0,99227304,7317216
low_latency,16,16,4,20260809,92,1,1,1,0,0,1,41,26,1,1,322.7155043235801,343.5577990850549,0,0,0,450837,92825,0,37711656,2777832
low_latency,16,16,4,20260809,93,1,1,1,0,0,1,21,31,1,1,330.4522182724087,300.4789985779083,0,0,0,0,0,0,19348776,1422792
low_latency,16,16,4,20260809,94,1,1,1,0,0,1,31,33,1,1,344.76009683693974,362.5856886511678,0,0,0,5662,1418,0,28530216,2100312
low_latency,16,16,4,20260809,95,1,1,1,0,0,1,17,18,1,1,348.3839892393951,339.04132144161815,0,0,0,0,0,0,15676200,1151784
low_latency,16,16,4,20260809,96,1,1,1,0,0,1,85,16,2,1,312.4009899354025,300.6408532896441,0,0,0,17918141,2970465,0,78109992,5758920
low_latency,16,16,4,20260809,97,1,1,1,0,0,1,33,89,1,2,466.1886615022887,417.4423246295261,0,0,0,442129,90193,0,30366504,2235816
low_latency,16,16,4,20260809,98,1,1,1,0,0,1,22,25,1,1,327.33594158445766,326.960255386557,0,0,0,0,0,0,20266920,1490544
low_latency,16,16,4,20260809,99,1,1,1,0,0,1,25,44,1,1,355.7805720157923,326.94040353973685,0,0,0,0,0,0,23021352,1693800
low_latency,16,16,4,20260809,100,1,1,1,0,0,1,35,90,1,2,376.2285641786908,335.43470040703517,0,0,0,86939,20295,0,32202792,2371320
low_latency,16,16,4,20260809,101,1,1,1,0,0,1,96,18,2,1,335.87314851083227,309.140936455733,0,0,0,16693420,2773645,0,88209576,6504192
low_latency,16,16,4,20260809,102,1,1,1,0,0,1,26,82,1,2,272.6439639243604,246.2784652424893,0,0,0,250895,52122,0,23939496,1761552
low_latency,16,16,4,20260809,103,1,1,1,0,0,1,158,54,3,1,440.08849170710414,410.70648991171845,0,0,0,24165160,4159783,0,145134504,10704816
low_latency,16,16,4,20260809,104,1,1,1,0,0,1,25,18,1,1,290.83895956349977,295.380544476776,0,0,0,0,0,0,23021352,1693800
low_latency,16,16,4,20260809,105,1,1,1,0,0,1,31,58,1,1,422.2582574949289,391.04841419798083,0,0,0,54958,11772,0,28530216,2100312
low_latency,16,16,4,20260809,106,1,1,1,0,0,1,32,35,1,1,308.1091799185616,302.2556580886102,0,0,0,42595,9831,0,29448360,2168064
low_latency,16,16,4,20260809,107,1,1,1,0,0,1,55,111,1,2,296.3432288872443,315.72230127220996,0,0,0,5635162,972099,0,50565672,3726360
low_latency,16,16,4,20260809,108,1,1,1,0,0,1,18,103,1,2,357.0339576978198,340.0301651829569,0,0,0,0,0,0,16594344,1219536
low_latency,16,16,4,20260809,109,1,1,1,0,0,1,38,34,1,1,368.5845542802915,379.0741094134602,0,0,0,167273,34111,0,34957224,2574576
low_latency,16,16,4,20260809,110,1,1,1,0,0,1,37,49,1,1,441.6374304536615,413.1985613690827,0,0,0,0,0,0,34039080,2506824
low_latency,16,16,4,20260809,111,1,1,1,0,0,1,37,54,1,1,398.0083123076955,404.2715570445873,0,0,0,11244,2574,0,34039080,2506824
low_latency,16,16,4,20260809,112,1,1,1,0,0,1,28,48,1,1,330.3181042673114,329.8719165750861,0,0,0,3186,761,0,25775784,1897056
low_latency,16,16,4,20260809,113,1,1,1,0,0,1,41,26,1,1,280.98431817549726,276.2851926126827,0,0,0,456389,96648,0,37711656,2777832
low_latency,16,16,4,20260809,114,1,1,1,0,0,1,152,20,3,1,340.59234138622713,349.97869022261057,0,0,0,21582215,3717932,0,139625640,10298304
low_latency,16,16,4,20260809,115,1,1,1,0,0,1,30,19,1,1,280.29823150691584,261.4680266731877,0,0,0,48,32,0,27612072,2032560
low_latency,16,16,4,20260809,116,1,1,1,0,0,1,25,34,1,1,323.21488746233183,334.35677903390723,0,0,0,36,23,0,23021352,1693800
low_latency,16,16,4,20260809,117,1,1,1,0,0,1,103,147,2,3,391.2026361734406,390.9320559884411,0,0,0,16229274,2700099,0,94636584,6978456
low_latency,16,16,4,20260809,118,1,1,1,0,0,1,24,18,1,1,347.4686720716745,344.0011686597601,0,0,0,0,0,0,22103208,1626048
low_latency,16,16,4,20260809,119,1,1,1,0,0,1,22,28,1,1,291.67056369975626,293.7021099222694,0,0,0,0,0,0,20266920,1490544
low_latency,16,16,4,20260809,120,1,1,1,0,0,1,56,20,1,1,292.9333712977218,285.0630681786598,0,0,0,7607504,1296527,0,51483816,3794112
low_latency,16,16,4,20260809,121,1,1,1,0,0,1,32,29,1,1,442.7166953769953,463.4497246426643,0,0,0,950,312,0,29448360,2168064
low_latency,16,16,4,20260809,122,1,1,1,0,0,1,48,33,1,1,337.08276075473293,323.65360269006106,0,0,0,6783057,1140011,0,44138664,3252096
low_latency,16,16,4,20260809,123,1,1,1,0,0,1,18,29,1,1,365.0605178432185,403.87720113420835,0,0,0,0,0,0,16594344,1219536
low_latency,16,16,4,20260809,124,1,1,1,0,0,1,53,145,1,3,328.94615599261283,338.62337278406545,0,0,0,8174974,1373383,0,48729384,3590856
low_latency,16,16,4,20260809,125,1,1,1,0,0,1,37,61,1,1,358.01359672029184,354.7803852639372,0,0,0,2115078,371797,0,34039080,2506824
low_latency,16,16,4,20260809,126,1,1,1,0,0,1,30,25,1,1,408.04438006846533,354.90696138202713,0,0,0,4,4,0,27612072,2032560
low_latency,16,16,4,20260809,127,1,1,1,0,0,1,30,38,1,1,368.04427371581585,369.43141632645563,0,0,0,19099,4203,0,27612072,2032560
low_latency,16,16,4,20260810,0,1,1,1,0,0,1,34,50,1,1,500.9250440338453,502.49721104526446,0,0,0,16024,3574,0,31284648,2303568
low_latency,16,16,4,20260810,1,1,1,1,0,0,1,15,50,1,1,315.2086960472403,319.08627542985323,0,0,0,0,0,0,13839912,1016280
low_latency,16,16,4,20260810,2,1,1,1,0,0,1,27,34,1,1,328.4555325767011,333.84935737985114,0,0,0,43475,9541,0,24857640,1829304
low_latency,16,16,4,20260810,3,1,1,1,0,0,1,109,63,2,1,372.9131381407377,348.1625220704026,0,0,0,18024546,2985658,0,100145448,7384968
low_latency,16,16,4,20260810,4,0,1,0,0,1,1,260,84,4,2,,368.53671171565543,0,0,0,34342716,6150004,0,238785192,17615520
low_latency,16,16,4,20260810,5,1,1,1,0,0,1,33,26,1,1,376.6419291294545,381.153274841904,0,0,0,801668,152019,0,30366504,2235816
low_latency,16,16,4,20260810,6,1,1,1,0,0,1,24,33,1,1,323.41076255152734,322.41231137976,0,0,0,4571,1093,0,22103208,1626048
low_latency,16,16,4,20260810,7,1,1,1,0,0,1,26,112,1,2,300.77962120470977,302.4345316043893,0,0,0,6209,1488,0,23939496,1761552
low_latency,16,16,4,20260810,8,1,1,1,0,0,1,47,41,1,1,395.78526449464493,403.7327931923545,0,0,0,89145,20277,0,43220520,3184344
low_latency,16,16,4,20260810,9,0,1,0,0,1,1,260,105,4,2,,393.4808503552399,0,0,0,27748648,4982287,0,238785192,17615520
low_latency,16,16,4,20260810,10,1,1,1,0,0,1,29,21,1,1,391.1208559091043,390.5269860841997,0,0,0,48,28,0,26693928,1964808
low_latency,16,16,4,20260810,11,1,1,1,0,0,1,19,44,1,1,322.48308138886375,328.14111163253386,0,0,0,0,0,0,17512488,1287288
low_latency,16,16,4,20260810,12,1,1,1,0,0,1,26,23,1,1,363.29005184646144,309.88896537221774,0,0,0,234868,48390,0,23939496,1761552
low_latency,16,16,4,20260810,13,1,1,1,0,0,1,34,28,1,1,309.2197442624654,308.7297321968356,0,0,0,1019152,191117,0,31284648,2303568
low_latency,16,16,4,20260810,14,1,1,1,0,0,1,91,21,2,1,328.69898429064426,292.0137652710964,0,0,0,18273279,3027820,0,83618856,6165432
low_latency,16,16,4,20260810,15,1,1,1,0,0,1,16,40,1,1,273.29692897709754,339.24973309515616,0,0,0,0,0,0,14758056,1084032
low_latency,16,16,4,20260810,16,1,1,1,0,0,1,29,24,1,1,271.83376783809126,270.0420088370274,0,0,0,138,62,0,26693928,1964808
low_latency,16,16,4,20260810,17,1,1,1,0,0,1,26,13,1,1,393.2434727162663,381.6427260802042,0,0,0,0,0,0,23939496,1761552
low_latency,16,16,4,20260810,18,1,1,1,0,0,1,54,18,1,1,306.332404546578,299.6085724802879,0,0,0,7770800,1298607,0,49647528,3658608
low_latency,16,16,4,20260810,19,1,1,1,0,0,1,29,36,1,1,377.47886895757136,368.8315699259588,0,0,0,0,0,0,26693928,1964808
low_latency,16,16,4,20260810,20,1,1,1,0,0,1,16,35,1,1,307.02095243760357,323.12511019006047,0,0,0,0,0,0,14758056,1084032
low_latency,16,16,4,20260810,21,0,1,0,0,1,1,260,30,4,1,,296.4717643378872,0,0,0,38438577,6839582,0,238785192,17615520
low_latency,16,16,4,20260810,22,1,1,1,0,0,1,26,33,1,1,258.8488401344117,273.4804678591191,0,0,0,9213,2207,0,23939496,1761552
low_latency,16,16,4,20260810,23,1,1,1,0,0,1,183,28,3,1,396.3959963156036,351.1825132953932,0,0,0,23492138,4118934,0,168088104,12398616
low_latency,16,16,4,20260810,24,1,1,1,0,0,1,28,26,1,1,341.5640614914419,349.4407365165133,0,0,0,20,16,0,25775784,1897056
low_latency,16,16,4,20260810,25,1,1,1,0,0,1,29,45,1,1,339.0157676881215,407.60111912158175,0,0,0,3922,884,0,26693928,1964808
low_latency,16,16,4,20260810,26,1,1,1,0,0,1,106,66,2,1,492.46231115739425,455.28849804885164,0,0,0,10990511,1856420,0,97391016,7181712
low_latency,16,16,4,20260810,27,1,1,1,0,0,1,44,25,1,1,366.1912450757294,382.17007459500917,0,0,0,555697,108665,0,40466088,2981088
low_latency,16,16,4,20260810,28,1,1,1,0,0,1,16,15,1,1,397.2290254529588,398.52242230150136,0,0,0,0,0,0,14758056,1084032
low_latency,16,16,4,20260810,29,1,1,1,0,0,1,193,125,3,2,367.389390269556,346.256590400744,0,0,0,18972578,3365175,0,177269544,13076136
low_latency,16,16,4,20260810,30,1,1,1,0,0,1,32,21,1,1,263.3198737606095,248.57562665168305,0,0,0,271737,58968,0,29448360,2168064
low_latency,16,16,4,20260810,31,1,1,1,0,0,1,20,69,1,1,336.5171363064717,322.96210429496466,0,0,0,0,0,0,18430632,1355040
low_latency,16,16,4,20260810,32,1,1,1,0,0,1,52,16,1,1,353.5959157507848,388.1751902535789,0,0,0,6532875,1103724,0,47811240,3523104
low_latency,16,16,4,20260810,33,0,0,0,0,1,1,260,47,4,1,,439.3346654948589,0,0,0,19338288,3433128,0,238785192,17615520
low_latency,16,16,4,20260810,34,1,1,1,0,0,1,28,20,1,1,413.55825711524534,402.1761809856231,0,0,0,0,0,0,25775784,1897056
low_latency,16,16,4,20260810,35,1,1,1,0,0,1,20,36,1,1,263.591571947936,263.76366473461053,0,0,0,0,0,0,18430632,1355040
low_latency,16,16,4,20260810,36,1,1,1,0,0,1,38,37,1,1,252.3353940488227,247.66362282152159,0,0,0,3782292,646916,0,34957224,2574576
low_latency,16,16,4,20260810,37,1,1,1,0,0,1,23,21,1,1,257.9066197750411,273.0842234902355,0,0,0,4458,1234,0,21185064,1558296
low_latency,16,16,4,20260810,38,1,1,1,0,0,1,21,16,1,1,224.96356980016563,232.0928665866565,0,0,0,0,0,0,19348776,1422792
low_latency,16,16,4,20260810,39,1,1,1,0,0,1,26,23,1,1,301.2387626345279,311.1790682404327,0,0,0,22144,4644,0,23939496,1761552
low_latency,16,16,4,20260810,40,1,1,1,0,0,1,34,33,1,1,316.1874079489505,339.1082961229702,0,0,0,69852,14985,0,31284648,2303568
low_latency,16,16,4,20260810,41,1,1,1,0,0,1,49,20,1,1,425.2630744084266,432.7248528330902,0,0,0,3036565,535788,0,45056808,3319848
low_latency,16,16,4,20260810,42,1,1,1,0,0,1,34,18,1,1,328.27332835472896,313.7804428261875,0,0,0,953151,179742,0,31284648,2303568
low_latency,16,16,4,20260810,43,1,1,1,0,0,1,17,14,1,1,260.6769847589577,273.66490937024776,0,0,0,0,0,0,15676200,1151784
low_latency,16,16,4,20260810,44,1,1,1,0,0,1,46,22,1,1,280.26303832828273,260.17455082985055,0,0,0,2972374,548967,0,42302376,3116592
low_latency,16,16,4,20260810,45,1,1,1,0,0,1,233,225,4,4,340.19195477053347,348.5877635854779,0,0,0,30797821,5408721,0,213995304,15786216
low_latency,16,16,4,20260810,46,1,1,1,0,0,1,23,18,1,1,355.3890245257553,366.97673023523055,0,0,0,0,0,0,21185064,1558296
low_latency,16,16,4,20260810,47,1,1,1,0,0,1,24,22,1,1,361.7735430036529,342.8523414560916,0,0,0,0,0,0,22103208,1626048
low_latency,16,16,4,20260810,48,1,1,1,0,0,1,50,85,1,2,369.7434741433471,392.17491743610816,0,0,0,17940,4138,0,45974952,3387600
low_latency,16,16,4,20260810,49,1,1,1,0,0,1,35,31,1,1,455.36623456258314,470.7772840558175,0,0,0,0,0,0,32202792,2371320
low_latency,16,16,4,20260810,50,0,0,0,0,1,1,260,98,4,2,,399.1631340517338,0,0,0,18529250,3364357,0,238785192,17615520
low_latency,16,16,4,20260810,51,1,1,1,0,0,0,50,260,1,4,326.3486988815714,,0,0,0,1893685,336278,0,45974952,3387600
low_latency,16,16,4,20260810,52,1,1,1,0,0,1,31,36,1,1,294.4148628524576,292.7506541601039,0,0,0,2001743,352424,0,28530216,2100312
low_latency,16,16,4,20260810,53,1,1,1,0,0,1,21,37,1,1,266.85435224448014,326.72724854792114,0,0,0,0,0,0,19348776,1422792
low_latency,16,16,4,20260810,54,1,1,1,0,0,1,27,28,1,1,336.15383539168187,324.24686502327734,0,0,0,85438,18006,0,24857640,1829304
low_latency,16,16,4,20260810,55,1,1,1,0,0,1,84,87,2,2,333.13515110665986,341.5973161441128,0,0,0,16968301,2815131,0,77191848,5691168
low_latency,16,16,4,20260810,56,1,1,1,0,0,1,24,11,1,1,320.02366905946644,329.64955882880326,0,0,0,0,0,0,22103208,1626048
low_latency,16,16,4,20260810,57,1,1,1,0,0,1,60,29,1,1,309.0152333501335,314.855744819478,0,0,0,10780598,1799420,0,55156392,4065120
low_latency,16,16,4,20260810,58,1,1,1,0,0,0,20,260,1,4,385.31600568204044,,0,0,0,0,0,0,18430632,1355040
low_latency,16,16,4,20260810,59,1,1,1,0,0,1,46,19,1,1,334.2643550746262,335.1119373839855,0,0,0,5922235,996903,0,42302376,3116592
low_latency,16,16,4,20260810,60,1,1,1,0,0,1,184,157,3,3,371.42037566027983,352.6944902143023,0,0,0,24036655,4168067,0,169006248,12466368
low_latency,16,16,4,20260810,61,1,1,1,0,0,1,71,51,1,1,388.33561833112265,384.1582002591374,0,0,0,7755078,1336060,0,65255976,4810392
low_latency,16,16,4,20260810,62,1,1,1,0,0,1,16,17,1,1,348.47225157148796,357.1627484002779,0,0,0,0,0,0,14758056,1084032
low_latency,16,16,4,20260810,63,1,1,1,0,0,1,26,34,1,1,308.08282826675793,308.7777434379728,0,0,0,0,0,0,23939496,1761552
low_latency,16,16,4,20260810,64,1,1,1,0,0,1,24,34,1,1,360.25674046849434,358.35719165376827,0,0,0,0,0,0,22103208,1626048
low_latency,16,16,4,20260810,65,1,1,1,0,0,1,38,47,1,1,358.24620495855527,363.0432324967421,0,0,0,120979,27586,0,34957224,2574576
low_latency,16,16,4,20260810,66,1,1,1,0,0,1,33,31,1,1,323.9085646565777,307.32101096042214,0,0,0,71985,15435,0,30366504,2235816
low_latency,16,16,4,20260810,67,1,1,1,0,0,1,42,27,1,1,365.2330985982811,384.68736673372445,0,0,0,1079253,204147,0,38629800,2845584
low_latency,16,16,4,20260810,68,1,1,1,0,0,1,131,91,2,2,344.59018393008876,349.06409235832587,0,0,0,21760060,3695387,0,120344616,8875512
low_latency,16,16,4,20260810,69,1,1,1,0,0,1,46,86,1,2,358.07143443272355,367.3664087084224,0,0,0,2662627,467018,0,42302376,3116592
low_latency,16,16,4,20260810,70,1,1,1,0,0,1,24,25,1,1,467.05467331496743,433.5208307549157,0,0,0,0,0,0,22103208,1626048
low_latency,16,16,4,20260810,71,1,1,1,0,0,1,31,31,1,1,338.15441722790655,336.7533139896732,0,0,0,102374,22228,0,28530216,2100312
low_latency,16,16,4,20260810,72,1,1,1,0,0,1,71,43,1,1,364.3657510846558,310.2234092341623,0,0,0,12788513,2135094,0,65255976,4810392
low_latency,16,16,4,20260810,73,1,1,1,0,0,1,29,99,1,2,380.0812305840373,343.6495435596057,0,0,0,0,0,0,26693928,1964808
low_latency,16,16,4,20260810,74,1,1,1,0,0,1,26,43,1,1,403.70153976537256,401.2858387074041,0,0,0,0,0,0,23939496,1761552
low_latency,16,16,4,20260810,75,1,1,1,0,0,1,33,50,1,1,338.1886219579162,324.13404739487135,0,0,0,70260,17311,0,30366504,2235816
low_latency,16,16,4,20260810,76,1,1,1,0,0,1,25,23,1,1,399.7949975583371,391.9725536314147,0,0,0,0,0,0,23021352,1693800
low_latency,16,16,4,20260810,77,1,1,1,0,0,1,35,23,1,1,419.2525612318509,393.7124496750945,0,0,0,67517,15303,0,32202792,2371320
low_latency,16,16,4,20260810,78,0,1,0,0,1,1,260,93,4,2,,369.0658819571893,0,0,0,33096702,5929046,0,238785192,17615520
low_latency,16,16,4,20260810,79,1,1,1,0,0,1,37,90,1,2,459.9063230176823,479.7584200363751,0,0,0,1006345,187623,0,34039080,2506824
low_latency,16,16,4,20260810,80,1,0,0,1,0,0,41,260,1,4,457.5687963884229,,0,0,0,121797,26194,0,37711656,2777832
low_latency,16,16,4,20260810,81,1,1,1,0,0,1,48,57,1,1,365.85703506893947,380.6844122033713,0,0,0,4586447,801182,0,44138664,3252096
low_latency,16,16,4,20260810,82,1,1,1,0,0,1,33,42,1,1,397.3672987807833,386.27129450147584,0,0,0,41107,9611,0,30366504,2235816
low_latency,16,16,4,20260810,83,1,1,1,0,0,1,28,25,1,1,324.3564036980701,334.8051483298557,0,0,0,21,18,0,25775784,1897056
low_latency,16,16,4,20260810,84,1,1,1,0,0,1,28,44,1,1,360.41048031361333,375.9310045884768,0,0,0,0,0,0,25775784,1897056
low_latency,16,16,4,20260810,85,1,1,1,0,0,1,25,23,1,1,318.8930084157718,317.8474096116789,0,0,0,0,0,0,23021352,1693800
low_latency,16,16,4,20260810,86,1,1,1,0,0,1,25,54,1,1,355.0727547005422,372.93033090595804,0,0,0,0,0,0,23021352,1693800
low_latency,16,16,4,20260810,87,1,1,1,0,0,1,38,42,1,1,368.165161183587,361.0139855623321,0,0,0,327086,65953,0,34957224,2574576
low_latency,16,16,4,20260810,88,1,1,1,0,0,1,37,25,1,1,275.88258134632684,275.7587636331284,0,0,0,1441688,259072,0,34039080,2506824
low_latency,16,16,4,20260810,89,1,1,1,0,0,1,26,21,1,1,350.59060661285326,337.70771190579063,0,0,0,0,0,0,23939496,1761552
low_latency,16,16,4,20260810,90,1,1,1,0,0,1,34,26,1,1,357.0661045447322,378.4694595345113,0,0,0,135961,29579,0,31284648,2303568
low_latency,16,16,4,20260810,91,0,1,0,0,1,1,260,134,4,2,,368.0483101265537,0,0,0,32504064,5819170,0,238785192,17615520
low_latency,16,16,4,20260810,92,1,1,1,0,0,1,34,17,1,1,351.200438083204,357.7294501982791,0,0,0,21572,4737,0,31284648,2303568
low_latency,16,16,4,20260810,93,1,1,1,0,0,1,34,26,1,1,338.55158970915016,355.6940944962528,0,0,0,850347,165145,0,31284648,2303568
low_latency,16,16,4,20260810,94,1,1,1,0,0,1,36,47,1,1,370.02951223973685,383.5899170816034,0,0,0,1596704,285879,0,33120936,2439072
low_latency,16,16,4,20260810,95,1,1,1,0,0,1,20,54,1,1,318.67305876420704,334.50434369585696,0,0,0,0,0,0,18430632,1355040
low_latency,16,16,4,20260810,96,1,1,1,0,0,1,99,23,2,1,316.3901743614316,340.5832031091288,0,0,0,15683931,2605141,0,90964008,6707448
low_latency,16,16,4,20260810,97,1,1,1,0,0,1,26,40,1,1,331.09517688974597,334.7190444299579,0,0,0,10295,2442,0,23939496,1761552
low_latency,16,16,4,20260810,98,1,1,1,0,0,1,20,33,1,1,340.9275362383744,457.0496719417851,0,0,0,0,0,0,18430632,1355040
low_latency,16,16,4,20260810,99,1,1,1,0,0,1,73,39,1,1,407.50021345925813,372.04870729193954,0,0,0,14000269,2324010,0,67092264,4945896
low_latency,16,16,4,20260810,100,1,1,1,0,0,1,34,18,1,1,412.13187278808306,365.2936732462871,0,0,0,115557,24244,0,31284648,2303568
low_latency,16,16,4,20260810,101,1,1,1,0,0,1,58,113,1,2,440.80917790851413,451.64127055844665,0,0,0,8591800,1437822,0,53320104,3929616
low_latency,16,16,4,20260810,102,0,1,0,0,1,1,260,23,4,1,,335.99578813258216,0,0,0,33293345,5947750,0,238785192,17615520
low_latency,16,16,4,20260810,103,1,1,1,0,0,1,23,37,1,1,431.1074228274101,396.3706190417895,0,0,0,0,0,0,21185064,1558296
low_latency,16,16,4,20260810,104,1,1,1,0,0,1,32,62,1,1,314.05782676933114,316.18319336089365,0,0,0,34202,7997,0,29448360,2168064
low_latency,16,16,4,20260810,105,1,1,1,0,0,1,40,89,1,2,355.0078967322838,343.237473950101,0,0,0,3477878,594285,0,36793512,2710080
low_latency,16,16,4,20260810,106,1,1,1,0,0,1,91,82,2,2,271.4645870085304,274.9427590039885,0,0,0,19437040,3218234,0,83618856,6165432
low_latency,16,16,4,20260810,107,1,1,1,0,0,1,100,104,2,2,429.7790595497512,415.040432025336,0,0,0,13927157,2311740,0,91882152,6775200
low_latency,16,16,4,20260810,108,1,1,1,0,0,1,43,75,1,1,305.89675204011985,348.82497823704784,0,0,0,2650726,466630,0,39547944,2913336
low_latency,16,16,4,20260810,109,1,1,1,0,0,1,23,26,1,1,342.3649370075662,386.3130395759481,0,0,0,0,0,0,21185064,1558296
low_latency,16,16,4,20260810,110,1,1,1,0,0,1,22,88,1,2,419.78220162157083,414.70015878452955,0,0,0,0,0,0,20266920,1490544
low_latency,16,16,4,20260810,111,1,1,1,0,0,1,103,136,2,2,373.47026695308307,388.6554542471033,0,0,0,19039206,3150862,0,94636584,6978456
low_latency,16,16,4,20260810,112,1,1,1,0,0,1,32,20,1,1,319.5921713208034,312.0021857091162,0,0,0,271849,56017,0,29448360,2168064
low_latency,16,16,4,20260810,113,1,1,1,0,0,1,21,27,1,1,285.0882272442966,284.41383120031895,0,0,0,0,0,0,19348776,1422792
low_latency,16,16,4,20260810,114,1,1,1,0,0,1,25,24,1,1,334.72523796690984,287.96351552182637,0,0,0,484,176,0,23021352,1693800
low_latency,16,16,4,20260810,115,1,1,1,0,0,1,41,28,1,1,418.46082751248423,452.704581223363,0,0,0,2471083,437464,0,37711656,2777832
low_latency,16,16,4,20260810,116,1,1,1,0,0,1,30,21,1,1,334.2975583957202,303.6337049253732,0,0,0,727239,139468,0,27612072,2032560
low_latency,16,16,4,20260810,117,1,1,1,0,0,1,18,19,1,1,318.06256707475353,309.4625952148559,0,0,0,0,0,0,16594344,1219536
low_latency,16,16,4,20260810,118,1,1,1,0,0,1,34,22,1,1,398.59384092916594,404.73965642984615,0,0,0,171993,35796,0,31284648,2303568
low_latency,16,16,4,20260810,119,1,1,1,0,0,1,22,22,1,1,336.7294018135441,334.8824843170258,0,0,0,0,0,0,20266920,1490544
low_latency,16,16,4,20260810,120,0,1,0,0,1,1,260,91,4,2,,431.5404699928288,0,0,0,33654765,6061414,0,238785192,17615520
low_latency,16,16,4,20260810,121,1,1,1,0,0,1,25,24,1,1,319.36573281146127,408.3094381638691,0,0,0,0,0,0,23021352,1693800
low_latency,16,16,4,20260810,122,1,1,1,0,0,1,23,20,1,1,274.8403756116801,269.880330374349,0,0,0,66,37,0,21185064,1558296
low_latency,16,16,4,20260810,123,1,1,1,0,0,1,23,22,1,1,238.56411660048644,271.9414818441023,0,0,0,1806,612,0,21185064,1558296
low_latency,16,16,4,20260810,124,1,1,1,0,0,1,38,34,1,1,435.4121070024497,405.9155659010146,0,0,0,60137,14837,0,34957224,2574576
low_latency,16,16,4,20260810,125,1,1,1,0,0,1,33,30,1,1,326.2626758815749,305.0931984546422,0,0,0,52923,12171,0,30366504,2235816
low_latency,16,16,4,20260810,126,1,1,1,0,0,1,37,77,1,1,402.20231895870086,405.9638843931541,0,0,0,0,0,0,34039080,2506824
low_latency,16,16,4,20260810,127,1,1,1,0,0,1,35,31,1,1,354.9904173802573,356.2425807154525,0,0,0,147400,33956,0,32202792,2371320
low_latency,16,16,4,20260811,0,1,1,1,0,0,1,16,16,1,1,262.37930013542746,268.4099853823129,0,0,0,0,0,0,14758056,1084032
low_latency,16,16,4,20260811,1,0,1,0,0,1,1,260,26,4,1,,346.0440848582283,0,0,0,32919481,5915696,0,238785192,17615520
low_latency,16,16,4,20260811,2,1,1,1,0,0,1,18,17,1,1,291.4765626780254,298.59105050714606,0,0,0,0,0,0,16594344,1219536
low_latency,16,16,4,20260811,3,1,1,1,0,0,1,33,33,1,1,339.1254738902512,341.9062094430152,0,0,0,570670,111627,0,30366504,2235816
low_latency,16,16,4,20260811,4,1,1,1,0,0,1,25,24,1,1,278.27994510684584,310.144580346704,0,0,0,0,0,0,23021352,1693800
low_latency,16,16,4,20260811,5,1,1,1,0,0,1,24,36,1,1,359.4424662641918,337.53348554432023,0,0,0,0,0,0,22103208,1626048
low_latency,16,16,4,20260811,6,1,1,1,0,0,1,13,27,1,1,296.66235282947207,285.0249958991975,0,0,0,0,0,0,12003624,880776
low_latency,16,16,4,20260811,7,1,1,1,0,0,1,15,29,1,1,362.015705197418,370.46398150017615,0,0,0,0,0,0,13839912,1016280
low_latency,16,16,4,20260811,8,1,1,1,0,0,1,39,24,1,1,279.27677513732647,250.36298374970147,0,0,0,3762384,641554,0,35875368,2642328
low_latency,16,16,4,20260811,9,1,1,1,0,0,1,22,55,1,1,278.03105040507415,276.894902302146,0,0,0,0,0,0,20266920,1490544
low_latency,16,16,4,20260811,10,1,1,1,0,0,1,25,19,1,1,297.817460853556,379.24179635321434,0,0,0,0,0,0,23021352,1693800
low_latency,16,16,4,20260811,11,1,1,1,0,0,1,24,37,1,1,348.23021386122525,380.29612669288656,0,0,0,0,0,0,22103208,1626048
low_latency,16,16,4,20260811,12,1,1,1,0,0,1,159,40,3,1,259.14213997633277,308.87711623578684,0,0,0,25338559,4353476,0,146052648,10772568
low_latency,16,16,4,20260811,13,1,1,1,0,0,1,18,19,1,1,397.66012872506343,389.7371157082861,0,0,0,0,0,0,16594344,1219536
low_latency,16,16,4,20260811,14,1,1,1,0,0,1,12,22,1,1,301.6422466688425,298.0035701712604,0,0,0,0,0,0,11085480,813024
low_latency,16,16,4,20260811,15,1,1,1,0,0,1,214,27,4,1,378.95185911016347,352.2146639671643,0,0,0,26666985,4697131,0,196550568,14498928
low_latency,16,16,4,20260811,16,1,1,1,0,0,1,28,32,1,1,407.2859866119445,320.3868593020909,0,0,0,0,0,0,25775784,1897056
low_latency,16,16,4,20260811,17,1,1,1,0,0,1,26,25,1,1,313.343238852454,328.3803319394158,0,0,0,4464,1092,0,23939496,1761552
low_latency,16,16,4,20260811,18,0,1,0,0,1,1,260,26,4,1,,313.1791949162632,0,0,0,31201944,5615839,0,238785192,17615520
low_latency,16,16,4,20260811,19,1,1,1,0,0,1,13,12,1,1,346.64990185581377,349.3068650983686,0,0,0,0,0,0,12003624,880776
low_latency,16,16,4,20260811,20,1,1,1,0,0,1,28,33,1,1,351.2387677050016,383.47641805762953,0,0,0,0,0,0,25775784,1897056
low_latency,16,16,4,20260811,21,1,1,1,0,0,1,94,130,2,2,354.00071634000665,345.6434354101665,0,0,0,14308232,2383406,0,86373288,6368688
low_latency,16,16,4,20260811,22,1,1,1,0,0,1,34,26,1,1,372.56134402314507,346.45236781633423,0,0,0,37937,9809,0,31284648,2303568
low_latency,16,16,4,20260811,23,1,1,1,0,0,1,23,12,1,1,391.10536656527154,396.09518539861455,0,0,0,0,0,0,21185064,1558296
low_latency,16,16,4,20260811,24,1,1,1,0,0,1,34,43,1,1,314.05139802507273,289.5408566636942,0,0,0,367412,75669,0,31284648,2303568
low_latency,16,16,4,20260811,25,1,1,1,0,0,1,88,38,2,1,355.51122458299017,355.0731787583196,0,0,0,14888288,2484534,0,80864424,5962176
low_latency,16,16,4,20260811,26,0,1,0,0,1,1,260,158,4,3,,265.51779811351435,0,0,0,33774744,6068718,0,238785192,17615520
low_latency,16,16,4,20260811,27,1,1,1,0,0,1,40,41,1,1,310.6062124644927,318.5075931560136,0,0,0,1930707,354093,0,36793512,2710080
low_latency,16,16,4,20260811,28,1,1,1,0,0,1,23,48,1,1,345.8983501406883,386.14033923900104,0,0,0,0,0,0,21185064,1558296
low_latency,16,16,4,20260811,29,1,1,1,0,0,1,12,14,1,1,224.3826823337472,224.3826823337472,0,0,0,0,0,0,11085480,813024
low_latency,16,16,4,20260811,30,1,1,1,0,0,1,27,96,1,2,326.40069245042974,340.37114523023,0,0,0,288,84,0,24857640,1829304
low_latency,16,16,4,20260811,31,1,1,1,0,0,1,34,41,1,1,399.75268634348583,378.162235264782,0,0,0,5751,1628,0,31284648,2303568
low_latency,16,16,4,20260811,32,1,1,1,0,0,1,17,12,1,1,247.68081151962488,215.00474153107203,0,0,0,0,0,0,15676200,1151784
low_latency,16,16,4,20260811,33,1,1,1,0,0,1,91,101,2,2,340.4488196200375,349.425448616787,0,0,0,15503523,2571938,0,83618856,6165432
low_latency,16,16,4,20260811,34,1,1,1,0,0,1,39,18,1,1,330.4362347825345,333.7492319753178,0,0,0,4451916,754330,0,35875368,2642328
low_latency,16,16,4,20260811,35,1,1,1,0,0,1,18,19,1,1,264.77502062038656,263.2351755070142,0,0,0,0,0,0,16594344,1219536
low_latency,16,16,4,20260811,36,1,1,1,0,0,1,25,45,1,1,343.7124461877345,298.3208713755464,0,0,0,1092,311,0,23021352,1693800
low_latency,16,16,4,20260811,37,1,1,1,0,0,1,18,28,1,1,431.56383241501396,399.0062715217257,0,0,0,0,0,0,16594344,1219536
low_latency,16,16,4,20260811,38,1,1,1,0,0,1,18,54,1,1,291.72211858824795,287.73910624103246,0,0,0,0,0,0,16594344,1219536
low_latency,16,16,4,20260811,39,1,1,1,0,0,1,115,85,2,2,382.2600557362207,372.5044228802784,0,0,0,18533253,3083634,0,105654312,7791480
low_latency,16,16,4,20260811,40,1,1,1,0,0,1,27,19,1,1,361.0515387688968,392.4691886578542,0,0,0,1401,419,0,24857640,1829304
low_latency,16,16,4,20260811,41,1,1,1,0,0,1,102,99,2,2,401.8134233995787,412.29223962131067,0,0,0,14508418,2410383,0,93718440,6910704
low_latency,16,16,4,20260811,42,0,1,0,0,1,1,260,149,4,3,,418.9375190030465,0,0,0,30119984,5380180,0,238785192,17615520
low_latency,16,16,4,20260811,43,1,1,1,0,0,1,29,22,1,1,306.1355747022932,313.51326092239094,0,0,0,6273,1392,0,26693928,1964808
low_latency,16,16,4,20260811,44,1,1,1,0,0,1,37,29,1,1,318.53915201936843,336.1529613281305,0,0,0,32370,9193,0,34039080,2506824
low_latency,16,16,4,20260811,45,1,1,1,0,0,1,21,36,1,1,317.9943987380136,322.79054258183567,0,0,0,0,0,0,19348776,1422792
low_latency,16,16,4,20260811,46,1,1,1,0,0,1,32,26,1,1,269.32480903077067,254.5864312637279,0,0,0,50125,10921,0,29448360,2168064
low_latency,16,16,4,20260811,47,1,1,1,0,0,1,30,29,1,1,241.79600901516608,255.37491213138046,0,0,0,848723,160110,0,27612072,2032560
low_latency,16,16,4,20260811,48,1,1,1,0,0,1,19,20,1,1,301.8877831526562,304.5140835364925,0,0,0,0,0,0,17512488,1287288
low_latency,16,16,4,20260811,49,1,1,1,0,0,1,60,34,1,1,429.8169952215884,454.08362411958126,0,0,0,9504247,1603879,0,55156392,4065120
low_latency,16,16,4,20260811,50,1,1,1,0,0,1,42,183,1,3,348.1259283908073,387.1922159452188,0,0,0,4212677,716116,0,38629800,2845584
low_latency,16,16,4,20260811,51,1,1,1,0,0,1,30,74,1,1,479.1926824478271,438.7788733386483,0,0,0,9559,2155,0,27612072,2032560
low_latency,16,16,4,20260811,52,1,1,1,0,0,1,45,34,1,1,392.68007284015073,391.5077297650133,0,0,0,4235424,718630,0,41384232,3048840
low_latency,16,16,4,20260811,53,1,1,1,0,0,1,103,43,2,1,345.6050043600724,314.5338378780973,0,0,0,18560281,3074794,0,94636584,6978456
low_latency,16,16,4,20260811,54,1,1,1,0,0,1,39,32,1,1,283.14465503490203,289.3392497497555,0,0,0,112722,24963,0,35875368,2642328
low_latency,16,16,4,20260811,55,1,1,1,0,0,1,85,20,2,1,303.50231699595963,292.50152611366485,0,0,0,17968127,2979465,0,78109992,5758920
low_latency,16,16,4,20260811,56,1,1,1,0,0,1,23,31,1,1,414.46724762106436,419.86043994506076,0,0,0,0,0,0,21185064,1558296
low_latency,16,16,4,20260811,57,1,1,1,0,0,1,39,31,1,1,340.55856226475095,356.7090761697151,0,0,0,2352672,410429,0,35875368,2642328
low_latency,16,16,4,20260811,58,1,1,1,0,0,1,194,105,3,2,344.9086426083146,346.9969218895564,0,0,0,28186617,4943500,0,178187688,13143888
low_latency,16,16,4,20260811,59,1,1,1,0,0,1,28,28,1,1,372.1179026741252,365.01040690344985,0,0,0,29760,6480,0,25775784,1897056
low_latency,16,16,4,20260811,60,1,1,1,0,0,1,52,28,1,1,397.9184029090969,377.2088838623064,0,0,0,2634031,478786,0,47811240,3523104
low_latency,16,16,4,20260811,61,1,1,1,0,0,1,60,223,1,4,356.3721988119868,335.04676528820295,0,0,0,9336040,1562189,0,55156392,4065120
low_latency,16,16,4,20260811,62,1,1,1,0,0,1,53,25,1,1,364.37251069785884,350.75247858914923,0,0,0,3470755,600546,0,48729384,3590856
low_latency,16,16,4,20260811,63,1,1,1,0,0,1,39,46,1,1,430.12130003296204,433.3790079432776,0,0,0,9484,2509,0,35875368,2642328
low_latency,16,16,4,20260811,64,1,1,1,0,0,1,23,50,1,1,355.4061364076151,350.6716607031354,0,0,0,0,0,0,21185064,1558296
low_latency,16,16,4,20260811,65,1,1,1,0,0,1,24,29,1,1,393.25719648689136,399.1279519410133,0,0,0,0,0,0,22103208,1626048
low_latency,16,16,4,20260811,66,1,1,1,0,0,1,20,35,1,1,361.5280956796556,355.47978874140875,0,0,0,0,0,0,18430632,1355040
low_latency,16,16,4,20260811,67,1,1,1,0,0,1,35,27,1,1,355.03803649795975,343.50918667537564,0,0,0,34413,7916,0,32202792,2371320
low_latency,16,16,4,20260811,68,1,1,1,0,0,1,27,18,1,1,350.2125130823699,327.39705920294324,0,0,0,0,0,0,24857640,1829304
low_latency,16,16,4,20260811,69,1,1,1,0,0,1,87,28,2,1,361.13963015194906,355.52472390107096,0,0,0,15522966,2572284,0,79946280,5894424
low_latency,16,16,4,20260811,70,1,1,1,0,0,1,26,48,1,1,374.33018017905874,383.0416072586699,0,0,0,0,0,0,23939496,1761552
low_latency,16,16,4,20260811,71,1,1,1,0,0,1,50,52,1,1,337.40105092380276,328.4500041533661,0,0,0,4776138,810608,0,45974952,3387600
low_latency,16,16,4,20260811,72,1,1,1,0,0,1,28,26,1,1,344.56781663248194,360.43281541075726,0,0,0,2891,758,0,25775784,1897056
low_latency,16,16,4,20260811,73,1,1,1,0,0,1,61,29,1,1,343.4049395353,329.17559020234796,0,0,0,10636319,1776534,0,56074536,4132872
low_latency,16,16,4,20260811,74,1,1,1,0,0,1,19,23,1,1,343.2432537384384,341.16384852442735,0,0,0,0,0,0,17512488,1287288
low_latency,16,16,4,20260811,75,1,1,1,0,0,1,50,23,1,1,344.44433553308863,354.9349772789574,0,0,0,6836946,1156982,0,45974952,3387600
low_latency,16,16,4,20260811,76,1,1,1,0,0,1,36,29,1,1,362.94670037282424,304.56853799789,0,0,0,8817,2184,0,33120936,2439072
low_latency,16,16,4,20260811,77,1,1,1,0,0,1,15,12,1,1,241.30676430367558,233.3446944862225,0,0,0,0,0,0,13839912,1016280
low_latency,16,16,4,20260811,78,1,1,1,0,0,1,30,18,1,1,355.0356923093477,347.3510766392733,0,0,0,4,4,0,27612072,2032560
low_latency,16,16,4,20260811,79,1,1,1,0,0,1,31,28,1,1,289.18494823662456,295.9087803029147,0,0,0,1801766,317261,0,28530216,2100312
low_latency,16,16,4,20260811,80,1,1,1,0,0,1,20,19,1,1,414.30474430897164,368.60845641319315,0,0,0,0,0,0,18430632,1355040
low_latency,16,16,4,20260811,81,1,1,1,0,0,1,41,26,1,1,314.631091612531,315.54788804295686,0,0,0,2565846,445536,0,37711656,2777832
low_latency,16,16,4,20260811,82,1,1,1,0,0,1,22,43,1,1,391.36694398727127,339.6461705996305,0,0,0,0,0,0,20266920,1490544
low_latency,16,16,4,20260811,83,1,1,1,0,0,1,28,24,1,1,315.7427094384781,376.6489398256998,0,0,0,272,101,0,25775784,1897056
low_latency,16,16,4,20260811,84,1,1,1,0,0,1,68,34,1,1,348.9497279703652,347.47073959380543,0,0,0,7906393,1321221,0,62501544,4607136
low_latency,16,16,4,20260811,85,1,1,1,0,0,1,24,26,1,1,359.89639975504576,368.4111071280349,0,0,0,0,0,0,22103208,1626048
low_latency,16,16,4,20260811,86,1,1,1,0,0,1,15,21,1,1,402.2020801580414,371.45916373392015,0,0,0,0,0,0,13839912,1016280
low_latency,16,16,4,20260811,87,1,1,1,0,0,1,30,22,1,1,339.1691574782235,332.69635528423316,0,0,0,8,8,0,27612072,2032560
low_latency,16,16,4,20260811,88,0,0,0,0,1,0,260,260,4,4,,,0,0,0,12038834,2078861,0,238785192,17615520
low_latency,16,16,4,20260811,89,0,0,0,0,1,0,260,260,4,4,,,0,0,0,20474386,3660706,0,238785192,17615520
low_latency,16,16,4,20260811,90,1,1,1,0,0,1,18,19,1,1,266.0833490061839,248.5390381696219,0,0,0,0,0,0,16594344,1219536
low_latency,16,16,4,20260811,91,1,1,1,0,0,1,213,26,4,1,341.46481828746937,325.97872445829364,0,0,0,28972923,5083486,0,195632424,14431176
low_latency,16,16,4,20260811,92,1,1,1,0,0,1,24,20,1,1,332.66585075694934,344.0726973434448,0,0,0,0,0,0,22103208,1626048
low_latency,16,16,4,20260811,93,1,1,1,0,0,1,24,39,1,1,356.59127371710576,342.14692708559517,0,0,0,0,0,0,22103208,1626048
low_latency,16,16,4,20260811,94,1,1,1,0,0,1,34,35,1,1,391.335572907109,390.64242576667743,0,0,0,498953,99686,0,31284648,2303568
low_latency,16,16,4,20260811,95,1,1,1,0,0,1,38,24,1,1,388.8029178083958,366.0463554212187,0,0,0,615744,122745,0,34957224,2574576
low_latency,16,16,4,20260811,96,1,1,1,0,0,1,32,53,1,1,307.8303582970109,312.40196883544706,0,0,0,713889,138622,0,29448360,2168064
low_latency,16,16,4,20260811,97,1,1,1,0,0,1,33,35,1,1,329.7211905199242,321.65807455359396,0,0,0,559556,110768,0,30366504,2235816
low_latency,16,16,4,20260811,98,1,1,1,0,0,1,125,40,2,1,346.3126737646031,350.4627587480217,0,0,0,12154872,2087828,0,114835752,8469000
low_latency,16,16,4,20260811,99,1,1,1,0,0,1,23,25,1,1,399.59590512292357,393.1045969814098,0,0,0,0,0,0,21185064,1558296
low_latency,16,16,4,20260811,100,1,1,1,0,0,1,28,22,1,1,308.7778709004791,320.0218523209311,0,0,0,231431,47316,0,25775784,1897056
low_latency,16,16,4,20260811,101,1,1,1,0,0,1,25,41,1,1,281.5881275107177,310.3605661874101,0,0,0,0,0,0,23021352,1693800
low_latency,16,16,4,20260811,102,1,1,1,0,0,1,26,20,1,1,350.19844508272354,342.71146874002136,0,0,0,40,36,0,23939496,1761552
low_latency,16,16,4,20260811,103,1,1,1,0,0,1,59,108,1,2,420.01962400377784,468.54844284436257,0,0,0,5313871,916256,0,54238248,3997368
low_latency,16,16,4,20260811,104,1,1,1,0,0,0,35,260,1,4,277.7980874524941,,0,0,0,1813034,331241,0,32202792,2371320
low_latency,16,16,4,20260811,105,1,1,1,0,0,1,40,24,1,1,361.6006186230934,387.1453837982566,0,0,0,2053800,366445,0,36793512,2710080
low_latency,16,16,4,20260811,106,1,1,1,0,0,1,29,41,1,1,296.4385355978579,312.11519189307097,0,0,0,4087,1109,0,26693928,1964808
low_latency,16,16,4,20260811,107,1,1,1,0,0,1,14,10,1,1,212.91150769673595,205.6180083746308,0,0,0,0,0,0,12921768,948528
low_latency,16,16,4,20260811,108,1,1,1,0,0,1,22,29,1,1,321.7724623358846,303.60055109270354,0,0,0,0,0,0,20266920,1490544
low_latency,16,16,4,20260811,109,1,1,1,0,0,1,30,58,1,1,365.21194283568445,340.0409368398708,0,0,0,389,150,0,27612072,2032560
low_latency,16,16,4,20260811,110,1,1,1,0,0,1,32,38,1,1,319.264631917845,316.1812097376424,0,0,0,14696,3656,0,29448360,2168064
low_latency,16,16,4,20260811,111,1,1,1,0,0,1,30,38,1,1,362.88661233150174,409.76875425245396,0,0,0,861,267,0,27612072,2032560
low_latency,16,16,4,20260811,112,1,1,1,0,0,1,27,29,1,1,347.46923167141824,345.45353935025344,0,0,0,866,258,0,24857640,1829304
low_latency,16,16,4,20260811,113,1,1,1,0,0,1,34,29,1,1,358.9956205869761,344.4878958561114,0,0,0,460,154,0,31284648,2303568
low_latency,16,16,4,20260811,114,1,1,1,0,0,1,58,32,1,1,304.7277873904246,277.2171984072662,0,0,0,9753771,1633304,0,53320104,3929616
low_latency,16,16,4,20260811,115,1,1,1,0,0,1,28,60,1,1,355.83274894932924,382.4102726353649,0,0,0,0,0,0,25775784,1897056
low_latency,16,16,4,20260811,116,1,1,1,0,0,1,25,33,1,1,426.681995283382,394.8168550562574,0,0,0,0,0,0,23021352,1693800
low_latency,16,16,4,20260811,117,1,1,1,0,0,1,22,44,1,1,333.56506186058857,329.0796873900657,0,0,0,0,0,0,20266920,1490544
low_latency,16,16,4,20260811,118,1,1,1,0,0,1,25,26,1,1,329.3852895911089,344.3935691795101,0,0,0,0,0,0,23021352,1693800
low_latency,16,16,4,20260811,119,1,1,1,0,0,1,14,13,1,1,312.92092868015783,320.01956260793014,0,0,0,0,0,0,12921768,948528
low_latency,16,16,4,20260811,120,1,1,1,0,0,1,40,34,1,1,341.4762790301352,356.61174448334054,0,0,0,3100876,536162,0,36793512,2710080
low_latency,16,16,4,20260811,121,1,1,1,0,0,1,40,28,1,1,355.5428215204845,338.7521528407234,0,0,0,849325,173265,0,36793512,2710080
low_latency,16,16,4,20260811,122,1,1,1,0,0,1,21,19,1,1,321.8637668483584,391.783992267762,0,0,0,0,0,0,19348776,1422792
low_latency,16,16,4,20260811,123,1,1,1,0,0,1,27,26,1,1,311.2684692633176,285.8174063479526,0,0,0,204894,41881,0,24857640,1829304
low_latency,16,16,4,20260811,124,1,1,1,0,0,1,27,22,1,1,236.85906242362532,304.54982036433637,0,0,0,108,42,0,24857640,1829304
low_latency,16,16,4,20260811,125,1,1,1,0,0,1,162,144,3,3,405.2584550445494,365.0025843352477,0,0,0,20170026,3500774,0,148807080,10975824
low_latency,16,16,4,20260811,126,1,1,1,0,0,1,29,18,1,1,333.17707230193685,271.45392278510127,0,0,0,3039,743,0,26693928,1964808
low_latency,16,16,4,20260811,127,1,1,1,0,0,1,34,19,1,1,275.0040561759737,341.1770092080748,0,0,0,2169731,383645,0,31284648,2303568
low_latency,16,16,4,20260812,0,1,1,1,0,0,1,25,20,1,1,438.6404458329534,436.5197715002364,0,0,0,0,0,0,23021352,1693800
low_latency,16,16,4,20260812,1,1,1,1,0,0,1,23,18,1,1,304.03879830808467,306.6642146765293,0,0,0,0,0,0,21185064,1558296
low_latency,16,16,4,20260812,2,1,1,1,0,0,1,36,21,1,1,233.9144437939978,227.07702204659108,0,0,0,3606072,615782,0,33120936,2439072
low_latency,16,16,4,20260812,3,1,1,1,0,0,1,45,83,1,2,296.404625786425,291.55790477372034,0,0,0,6003025,1008365,0,41384232,3048840
low_latency,16,16,4,20260812,4,1,1,1,0,0,1,22,49,1,1,278.1361715059813,285.64027079600805,0,0,0,0,0,0,20266920,1490544
low_latency,16,16,4,20260812,5,1,1,1,0,0,1,23,21,1,1,290.35090078993886,295.2370915150707,0,0,0,0,0,0,21185064,1558296
low_latency,16,16,4,20260812,6,1,1,1,0,0,1,33,28,1,1,313.90096164868135,312.2084790000639,0,0,0,292822,58996,0,30366504,2235816
low_latency,16,16,4,20260812,7,1,1,1,0,0,1,29,33,1,1,389.26193869766803,376.9105464849191,0,0,0,14153,3141,0,26693928,1964808
low_latency,16,16,4,20260812,8,1,1,1,0,0,1,23,33,1,1,318.4626091457743,274.3366256979524,0,0,0,0,0,0,21185064,1558296
low_latency,16,16,4,20260812,9,1,1,1,0,0,1,37,35,1,1,310.8756651714451,315.3349581098211,0,0,0,373651,75405,0,34039080,2506824
low_latency,16,16,4,20260812,10,1,1,1,0,0,1,25,19,1,1,368.6792364338761,346.36567468816867,0,0,0,2614,794,0,23021352,1693800
low_latency,16,16,4,20260812,11,1,1,1,0,0,1,130,28,2,1,332.1357219234383,338.1028561336176,0,0,0,19939901,3411260,0,119426472,8807760
low_latency,16,16,4,20260812,12,1,1,1,0,0,1,34,43,1,1,372.94070167310554,370.30047666831763,0,0,0,534376,105020,0,31284648,2303568
low_latency,16,16,4,20260812,13,1,1,1,0,0,1,18,29,1,1,341.9891990223394,294.595644590318,0,0,0,0,0,0,16594344,1219536
low_latency,16,16,4,20260812,14,1,1,1,0,0,1,94,28,2,1,388.6028205074618,371.262768556567,0,0,0,17643245,2921803,0,86373288,6368688
low_latency,16,16,4,20260812,15,1,1,1,0,0,1,104,92,2,2,476.94934432815376,430.7573248245004,0,0,0,14229577,2373926,0,95554728,7046208
low_latency,16,16,4,20260812,16,0,1,0,0,1,1,260,31,4,1,,420.2375896584432,0,0,0,27888371,5035058,0,238785192,17615520
low_latency,16,16,4,20260812,17,1,1,1,0,0,1,30,43,1,1,367.8527323023482,326.85694294431363,0,0,0,28,24,0,27612072,2032560
low_latency,16,16,4,20260812,18,1,1,1,0,0,1,29,22,1,1,304.3994747079175,356.76369007373313,0,0,0,81,30,0,26693928,1964808
low_latency,16,16,4,20260812,19,1,1,1,0,0,1,11,18,1,1,236.2441230387979,268.67289583081913,0,0,0,0,0,0,10167336,745272
low_latency,16,16,4,20260812,20,1,1,1,0,0,1,57,97,1,2,323.3402469797408,322.70736466529587,0,0,0,7578134,1272320,0,52401960,3861864
low_latency,16,16,4,20260812,21,1,1,1,0,0,1,19,23,1,1,289.3983115268237,289.535760985581,0,0,0,0,0,0,17512488,1287288
low_latency,16,16,4,20260812,22,1,1,1,0,0,1,20,35,1,1,341.3463518799986,374.17446781399747,0,0,0,0,0,0,18430632,1355040
low_latency,16,16,4,20260812,23,1,1,1,0,0,1,33,53,1,1,338.14691690259,339.9837202705264,0,0,0,803215,154554,0,30366504,2235816
low_latency,16,16,4,20260812,24,1,1,1,0,0,1,89,25,2,1,403.11740590824365,368.78207766784817,0,0,0,17080959,2828760,0,81782568,6029928
low_latency,16,16,4,20260812,25,1,1,1,0,0,1,74,25,1,1,361.58861319700605,363.95000408929667,0,0,0,14631514,2429177,0,68010408,5013648
low_latency,16,16,4,20260812,26,1,1,1,0,0,0,21,260,1,4,388.71180625441065,,0,0,0,0,0,0,19348776,1422792
low_latency,16,16,4,20260812,27,1,1,1,0,0,1,100,45,2,1,405.01335410902504,370.4246912508262,0,0,0,12879814,2156542,0,91882152,6775200
low_latency,16,16,4,20260812,28,1,1,1,0,0,1,24,21,1,1,315.5931456524138,314.1377685761714,0,0,0,4,4,0,22103208,1626048
low_latency,16,16,4,20260812,29,1,1,1,0,0,1,23,21,1,1,229.1588111767497,327.60128852658295,0,0,0,0,0,0,21185064,1558296
low_latency,16,16,4,20260812,30,1,1,1,0,0,1,21,25,1,1,340.78292310142774,374.24014432910883,0,0,0,0,0,0,19348776,1422792
low_latency,16,16,4,20260812,31,1,1,1,0,0,0,33,260,1,4,411.0174922983248,,0,0,0,0,0,0,30366504,2235816
low_latency,16,16,4,20260812,32,1,1,1,0,0,1,23,21,1,1,280.606797038507,321.49226940563267,0,0,0,4,4,0,21185064,1558296
low_latency,16,16,4,20260812,33,1,1,1,0,0,1,18,13,1,1,245.72046493747033,245.02731779703873,0,0,0,0,0,0,16594344,1219536
low_latency,16,16,4,20260812,34,1,1,1,0,0,1,25,30,1,1,289.9825713621567,312.39365303700936,0,0,0,0,0,0,23021352,1693800
low_latency,16,16,4,20260812,35,1,1,1,0,0,1,16,33,1,1,290.13825661343543,323.8813919095372,0,0,0,0,0,0,14758056,1084032
low_latency,16,16,4,20260812,36,1,1,1,0,0,1,13,20,1,1,326.3783342626157,320.37860494209514,0,0,0,0,0,0,12003624,880776
low_latency,16,16,4,20260812,37,1,1,1,0,0,1,48,29,1,1,375.6521349524848,422.2188700361146,0,0,0,3681350,635351,0,44138664,3252096
low_latency,16,16,4,20260812,38,1,1,1,0,0,1,51,18,1,1,313.82341002359675,347.597208178417,0,0,0,4682417,807132,0,46893096,3455352
low_latency,16,16,4,20260812,39,1,1,1,0,0,1,58,35,1,1,369.537424521434,351.28473351476356,0,0,0,9112132,1524610,0,53320104,3929616
low_latency,16,16,4,20260812,40,1,1,1,0,0,1,36,32,1,1,313.9647802025342,308.0538427432989,0,0,0,751998,143071,0,33120936,2439072
low_latency,16,16,4,20260812,41,1,1,1,0,0,1,44,35,1,1,328.97280648985935,384.47929980238365,0,0,0,4168373,714823,0,40466088,2981088
low_latency,16,16,4,20260812,42,1,1,1,0,0,1,18,47,1,1,298.9678875102346,327.42117814170393,0,0,0,0,0,0,16594344,1219536
low_latency,16,16,4,20260812,43,1,1,1,0,0,1,21,28,1,1,343.86733655922126,364.6139317665576,0,0,0,0,0,0,19348776,1422792
low_latency,16,16,4,20260812,44,1,1,1,0,0,1,16,19,1,1,364.6566120115125,377.5126181155498,0,0,0,0,0,0,14758056,1084032
low_latency,16,16,4,20260812,45,1,1,1,0,0,1,31,99,1,2,420.86173511877564,429.7743969158564,0,0,0,97579,20975,0,28530216,2100312
low_latency,16,16,4,20260812,46,1,1,1,0,0,1,73,33,1,1,455.58381645548883,418.73479857922007,0,0,0,10255594,1706735,0,67092264,4945896
low_latency,16,16,4,20260812,47,1,1,1,0,0,1,40,147,1,3,412.7930497933978,391.6255366904232,0,0,0,2352816,420376,0,36793512,2710080
low_latency,16,16,4,20260812,48,1,1,1,0,0,1,45,29,1,1,309.8985239314869,255.6873913901798,0,0,0,4156428,710586,0,41384232,3048840
low_latency,16,16,4,20260812,49,1,1,1,0,0,1,46,27,1,1,401.4779548978722,379.31340082064946,0,0,0,3014767,547058,0,42302376,3116592
low_latency,16,16,4,20260812,50,1,1,1,0,0,1,38,23,1,1,356.4101109989491,337.031714450167,0,0,0,17119,4024,0,34957224,2574576
low_latency,16,16,4,20260812,51,1,1,1,0,0,1,35,28,1,1,337.0155288353708,360.26733218200155,0,0,0,2596938,451649,0,32202792,2371320
low_latency,16,16,4,20260812,52,1,1,1,0,0,1,20,18,1,1,302.46004419816325,326.65998832102775,0,0,0,0,0,0,18430632,1355040
low_latency,16,16,4,20260812,53,1,1,1,0,0,1,43,22,1,1,323.7766157587237,340.09614480547674,0,0,0,2680503,469118,0,39547944,2913336
low_latency,16,16,4,20260812,54,1,1,1,0,0,1,147,46,3,1,342.9251701413818,319.9263869071459,0,0,0,24309012,4178493,0,135034920,9959544
low_latency,16,16,4,20260812,55,1,1,1,0,0,1,100,33,2,1,358.4218727682621,346.660148194832,0,0,0,17878934,2960237,0,91882152,6775200
low_latency,16,16,4,20260812,56,1,1,1,0,0,1,192,53,3,1,344.9351748222615,330.40740509759917,0,0,0,1176029,257100,0,176351400,13008384
low_latency,16,16,4,20260812,57,1,1,1,0,0,1,103,32,2,1,364.6936078302324,363.313910577607,0,0,0,15890750,2641225,0,94636584,6978456
low_latency,16,16,4,20260812,58,1,1,1,0,0,1,24,23,1,1,364.96635536461224,306.3546604485922,0,0,0,0,0,0,22103208,1626048
low_latency,16,16,4,20260812,59,1,1,1,0,0,1,41,35,1,1,362.80694680319345,361.7636160471902,0,0,0,488,226,0,37711656,2777832
low_latency,16,16,4,20260812,60,1,1,1,0,0,1,29,16,1,1,254.82029342776767,269.59620937792516,0,0,0,232071,47512,0,26693928,1964808
low_latency,16,16,4,20260812,61,1,1,1,0,0,1,26,166,1,3,285.57247256030075,343.71305472015536,0,0,0,0,0,0,23939496,1761552
low_latency,16,16,4,20260812,62,1,1,1,0,0,1,30,48,1,1,394.7773302735211,380.00652961117885,0,0,0,146350,30982,0,27612072,2032560
low_latency,16,16,4,20260812,63,1,1,1,0,0,1,64,41,1,1,380.15433982945626,337.45399250487725,0,0,0,9444070,1588921,0,58828968,4336128
low_latency,16,16,4,20260812,64,1,1,1,0,0,1,25,80,1,1,441.4040216925581,414.0281796697244,0,0,0,0,0,0,23021352,1693800
low_latency,16,16,4,20260812,65,1,1,1,0,0,1,30,30,1,1,356.02023190800605,341.1126089713282,0,0,0,50196,10725,0,27612072,2032560
low_latency,16,16,4,20260812,66,1,1,1,0,0,1,29,28,1,1,394.53818179185555,426.53270720096816,0,0,0,4286,1117,0,26693928,1964808
low_latency,16,16,4,20260812,67,1,1,1,0,0,1,38,34,1,1,382.5538780409343,376.32263142020355,0,0,0,38926,8533,0,34957224,2574576
low_latency,16,16,4,20260812,68,1,1,1,0,0,1,34,61,1,1,277.865185656442,299.7973192599499,0,0,0,1010965,191507,0,31284648,2303568
low_latency,16,16,4,20260812,69,1,1,1,0,0,1,71,38,1,1,396.1926137720878,407.5248358760693,0,0,0,9997004,1695908,0,65255976,4810392
low_latency,16,16,4,20260812,70,1,1,1,0,0,1,22,29,1,1,338.84631270942396,330.61928775666564,0,0,0,0,0,0,20266920,1490544
low_latency,16,16,4,20260812,71,1,1,1,0,0,1,48,106,1,2,411.36240679315347,434.61602918668177,0,0,0,4145227,705664,0,44138664,3252096
low_latency,16,16,4,20260812,72,1,1,1,0,0,1,64,37,1,1,389.64681842703556,383.7191074858303,0,0,0,7225448,1236489,0,58828968,4336128
low_latency,16,16,4,20260812,73,1,1,1,0,0,0,46,260,1,4,366.1569124695609,,0,0,0,3453320,591985,0,42302376,3116592
low_latency,16,16,4,20260812,74,1,1,1,0,0,1,22,34,1,1,248.5470517357317,248.9516327615676,0,0,0,0,0,0,20266920,1490544
low_latency,16,16,4,20260812,75,1,1,1,0,0,1,23,41,1,1,376.3729998761279,398.7727976897486,0,0,0,0,0,0,21185064,1558296
low_latency,16,16,4,20260812,76,1,1,1,0,0,1,36,17,1,1,443.39039755163003,371.68792864058435,0,0,0,8009,2003,0,33120936,2439072
low_latency,16,16,4,20260812,77,1,1,1,0,0,1,22,24,1,1,358.2802605245878,387.82239637231305,0,0,0,0,0,0,20266920,1490544
low_latency,16,16,4,20260812,78,1,1,1,0,0,1,51,53,1,1,432.41752167383015,431.569904401166,0,0,0,4153151,705877,0,46893096,3455352
low_latency,16,16,4,20260812,79,1,1,1,0,0,1,30,29,1,1,310.8121322176341,374.809939822754,0,0,0,1853740,326708,0,27612072,2032560
low_latency,16,16,4,20260812,80,1,1,1,0,0,1,28,25,1,1,320.4605694766267,303.7984014316621,0,0,0,30780,7262,0,25775784,1897056
low_latency,16,16,4,20260812,81,1,1,1,0,0,1,37,32,1,1,317.5724892366905,293.7180048947099,0,0,0,4264,1268,0,34039080,2506824
low_latency,16,16,4,20260812,82,1,1,1,0,0,1,25,29,1,1,364.0693075354386,355.895274948315,0,0,0,0,0,0,23021352,1693800
low_latency,16,16,4,20260812,83,1,1,1,0,0,1,86,86,2,2,405.361652260563,414.6727728632028,0,0,0,17126642,2835184,0,79028136,5826672
low_latency,16,16,4,20260812,84,1,1,1,0,0,1,36,32,1,1,348.771080700209,401.86879306556733,0,0,0,4228,1100,0,33120936,2439072
low_latency,16,16,4,20260812,85,1,1,1,0,0,1,29,85,1,2,361.69268490827847,356.44830477916423,0,0,0,178,70,0,26693928,1964808
low_latency,16,16,4,20260812,86,1,1,1,0,0,1,35,85,1,2,365.49953931244096,353.90853211869523,0,0,0,42985,10150,0,32202792,2371320
low_latency,16,16,4,20260812,87,1,1,1,0,0,1,100,21,2,1,346.6974943006446,336.5006638775774,0,0,0,18935618,3133367,0,91882152,6775200
low_latency,16,16,4,20260812,88,1,1,1,0,0,1,27,22,1,1,375.91366880018745,388.74627422715804,0,0,0,249,92,0,24857640,1829304
low_latency,16,16,4,20260812,89,1,1,1,0,0,1,18,15,1,1,249.27523847893954,252.60861062415904,0,0,0,0,0,0,16594344,1219536
low_latency,16,16,4,20260812,90,1,1,1,0,0,1,15,22,1,1,264.2028324580343,286.7451967392052,0,0,0,0,0,0,13839912,1016280
low_latency,16,16,4,20260812,91,1,1,1,0,0,1,23,26,1,1,341.8405795638909,365.307911665685,0,0,0,0,0,0,21185064,1558296
low_latency,16,16,4,20260812,92,1,1,1,0,0,1,16,39,1,1,412.63672998251855,407.48975524567436,0,0,0,0,0,0,14758056,1084032
low_latency,16,16,4,20260812,93,1,1,1,0,0,1,35,24,1,1,339.03876966092764,338.0655531251256,0,0,0,162998,34165,0,32202792,2371320
low_latency,16,16,4,20260812,94,1,1,1,0,0,1,39,28,1,1,330.42780729731066,371.1261826474308,0,0,0,724559,140307,0,35875368,2642328
low_latency,16,16,4,20260812,95,1,1,1,0,0,1,23,30,1,1,315.35796107736314,298.5059124027605,0,0,0,0,0,0,21185064,1558296
low_latency,16,16,4,20260812,96,1,1,1,0,0,1,24,42,1,1,419.93421456309466,338.5283846899328,0,0,0,0,0,0,22103208,1626048
low_latency,16,16,4,20260812,97,1,1,1,0,0,1,27,86,1,2,325.724745650625,319.902805738345,0,0,0,0,0,0,24857640,1829304
low_latency,16,16,4,20260812,98,1,1,1,0,0,1,30,46,1,1,403.01476107339363,418.80075074398684,0,0,0,0,0,0,27612072,2032560
low_latency,16,16,4,20260812,99,1,1,1,0,0,1,28,38,1,1,327.57298812551846,345.7561727059149,0,0,0,0,0,0,25775784,1897056
low_latency,16,16,4,20260812,100,1,1,1,0,0,1,50,38,1,1,384.6597276448132,383.4596623579074,0,0,0,3870422,665675,0,45974952,3387600
low_latency,16,16,4,20260812,101,1,1,1,0,0,1,102,95,2,2,378.99178836488875,385.2229259941645,0,0,0,10482970,1749556,0,93718440,6910704
low_latency,16,16,4,20260812,102,1,1,1,0,0,1,21,37,1,1,380.6366084418912,373.31799229035175,0,0,0,0,0,0,19348776,1422792
low_latency,16,16,4,20260812,103,1,1,1,0,0,1,43,36,1,1,336.90656788392874,331.36670005181935,0,0,0,2299860,406764,0,39547944,2913336
low_latency,16,16,4,20260812,104,1,1,1,0,0,1,19,17,1,1,357.4138418064703,342.3149288997753,0,0,0,0,0,0,17512488,1287288
low_latency,16,16,4,20260812,105,0,0,0,0,1,0,260,260,4,4,,,0,0,0,17213474,3010053,0,238785192,17615520
low_latency,16,16,4,20260812,106,1,1,1,0,0,1,31,20,1,1,394.00234803553855,394.73985084546564,0,0,0,1225957,222298,0,28530216,2100312
low_latency,16,16,4,20260812,107,1,1,1,0,0,1,168,103,3,2,342.8166736929266,347.2203934221079,0,0,0,23354590,4032915,0,154315944,11382336
low_latency,16,16,4,20260812,108,1,1,1,0,0,1,27,27,1,1,394.31551835742596,377.1709502882819,0,0,0,0,0,0,24857640,1829304
low_latency,16,16,4,20260812,109,1,1,1,0,0,1,20,41,1,1,322.3365405362646,320.13323376200583,0,0,0,0,0,0,18430632,1355040
low_latency,16,16,4,20260812,110,1,1,1,0,0,1,20,13,1,1,183.05494180327491,181.49747475777087,0,0,0,0,0,0,18430632,1355040
low_latency,16,16,4,20260812,111,1,1,1,0,0,1,34,41,1,1,391.59554142657464,387.0294615186163,0,0,0,0,0,0,31284648,2303568
low_latency,16,16,4,20260812,112,1,1,1,0,0,1,43,47,1,1,331.2135708320345,311.52823875056015,0,0,0,1533339,274750,0,39547944,2913336
low_latency,16,16,4,20260812,113,1,1,1,0,0,1,59,34,1,1,407.2839752908963,397.7014412041411,0,0,0,8476012,1416629,0,54238248,3997368
low_latency,16,16,4,20260812,114,1,1,1,0,0,1,18,16,1,1,376.30175681371196,362.6696780355107,0,0,0,0,0,0,16594344,1219536
low_latency,16,16,4,20260812,115,1,1,1,0,0,1,27,17,1,1,382.42586630727544,392.7025538380016,0,0,0,0,0,0,24857640,1829304
low_latency,16,16,4,20260812,116,1,1,1,0,0,1,25,22,1,1,328.874621075027,320.2597530131729,0,0,0,0,0,0,23021352,1693800
low_latency,16,16,4,20260812,117,1,1,1,0,0,1,26,24,1,1,352.9412195825846,370.651701132769,0,0,0,0,0,0,23939496,1761552
low_latency,16,16,4,20260812,118,1,1,1,0,0,1,59,45,1,1,417.56175888924724,395.7567076209075,0,0,0,9524317,1587676,0,54238248,3997368
low_latency,16,16,4,20260812,119,1,1,1,0,0,0,25,260,1,4,315.17217926862486,,0,0,0,378,124,0,23021352,1693800
low_latency,16,16,4,20260812,120,1,1,1,0,0,1,13,29,1,1,305.11918448890356,309.99698307406715,0,0,0,0,0,0,12003624,880776
low_latency,16,16,4,20260812,121,1,1,1,0,0,1,65,44,1,1,352.7928961859316,356.83964524352393,0,0,0,10645094,1781401,0,59747112,4403880
low_latency,16,16,4,20260812,122,1,1,1,0,0,1,31,28,1,1,343.54297825413096,342.30297215115786,0,0,0,124653,27325,0,28530216,2100312
low_latency,16,16,4,20260812,123,1,1,1,0,0,1,34,36,1,1,424.75021617604745,407.54409361450223,0,0,0,342286,70053,0,31284648,2303568
low_latency,16,16,4,20260812,124,1,1,1,0,0,1,34,24,1,1,413.5323488431959,337.2883026642484,0,0,0,7526,2376,0,31284648,2303568
low_latency,16,16,4,20260812,125,1,1,1,0,0,1,56,34,1,1,435.82644222556144,399.6093371646509,0,0,0,6175598,1042906,0,51483816,3794112
low_latency,16,16,4,20260812,126,1,1,1,0,0,1,23,23,1,1,338.87336339645447,337.7204770557595,0,0,0,0,0,0,21185064,1558296
low_latency,16,16,4,20260812,127,1,1,1,0,0,1,33,29,1,1,342.67644184646906,378.2345324091849,0,0,0,353692,71774,0,30366504,2235816
low_latency,16,16,4,20260813,0,1,1,1,0,0,1,224,191,4,3,332.88736292297745,327.942249573218,0,0,0,30481198,5339873,0,205732008,15176448
low_latency,16,16,4,20260813,1,1,1,1,0,0,1,21,30,1,1,357.2914331515125,321.1984073170287,0,0,0,0,0,0,19348776,1422792
low_latency,16,16,4,20260813,2,1,1,1,0,0,1,27,23,1,1,404.23575525068475,397.57543228840905,0,0,0,0,0,0,24857640,1829304
low_latency,16,16,4,20260813,3,1,1,1,0,0,1,26,21,1,1,337.2309231730778,294.03879410917034,0,0,0,0,0,0,23939496,1761552
low_latency,16,16,4,20260813,4,1,1,1,0,0,1,25,27,1,1,348.78278983846434,338.2292360522222,0,0,0,0,0,0,23021352,1693800
low_latency,16,16,4,20260813,5,1,1,1,0,0,1,70,90,1,2,256.4322641917446,254.8429571242275,0,0,0,13963457,2333665,0,64337832,4742640
low_latency,16,16,4,20260813,6,1,1,1,0,0,1,98,29,2,1,329.54957851623857,363.9986353154242,0,0,0,16480790,2737590,0,90045864,6639696
low_latency,16,16,4,20260813,7,1,1,1,0,0,1,17,19,1,1,325.5595569269899,322.22706879716213,0,0,0,0,0,0,15676200,1151784
low_latency,16,16,4,20260813,8,1,1,1,0,0,1,32,25,1,1,350.1781904587092,343.57872197140046,0,0,0,364331,73404,0,29448360,2168064
low_latency,16,16,4,20260813,9,1,1,1,0,0,1,121,85,2,2,405.2284618351064,411.08620532348704,0,0,0,14460429,2441720,0,111163176,8197992
low_latency,16,16,4,20260813,10,1,1,1,0,0,1,56,94,1,2,369.4607404491426,389.4638765371068,0,0,0,2879548,507936,0,51483816,3794112
low_latency,16,16,4,20260813,11,1,1,1,0,0,1,19,30,1,1,292.4846710151942,263.79758398974,0,0,0,0,0,0,17512488,1287288
low_latency,16,16,4,20260813,12,1,1,1,0,0,1,12,30,1,1,303.81627719348353,304.550657887391,0,0,0,0,0,0,11085480,813024
low_latency,16,16,4,20260813,13,1,1,1,0,0,1,18,21,1,1,343.41326228620784,335.3022522446897,0,0,0,0,0,0,16594344,1219536
low_latency,16,16,4,20260813,14,1,1,1,0,0,1,27,125,1,2,369.2662689538034,396.5651983616972,0,0,0,0,0,0,24857640,1829304
low_latency,16,16,4,20260813,15,1,1,1,0,0,1,158,114,3,2,368.4604325384039,334.87056621247797,0,0,0,21202584,3662625,0,145134504,10704816
low_latency,16,16,4,20260813,16,1,1,1,0,0,1,38,62,1,1,362.82187196842585,366.83417420753267,0,0,0,1643539,305347,0,34957224,2574576
low_latency,16,16,4,20260813,17,1,1,1,0,0,1,26,31,1,1,388.0456126317609,398.40988922641657,0,0,0,0,0,0,23939496,1761552
low_latency,16,16,4,20260813,18,1,1,1,0,0,1,28,45,1,1,284.87102468563717,287.5140629862135,0,0,0,4299,1177,0,25775784,1897056
low_latency,16,16,4,20260813,19,1,1,1,0,0,1,32,24,1,1,405.2282959378695,388.3367400147191,0,0,0,529740,103159,0,29448360,2168064
low_latency,16,16,4,20260813,20,1,1,1,0,0,1,42,142,1,3,319.1920816806416,346.34990553936103,0,0,0,2143016,374932,0,38629800,2845584
low_latency,16,16,4,20260813,21,1,1,1,0,0,1,64,44,1,1,353.470729447975,398.57316820903765,0,0,0,7962101,1335792,0,58828968,4336128
low_latency,16,16,4,20260813,22,1,1,1,0,0,1,20,24,1,1,349.851078803326,329.32839236431755,0,0,0,0,0,0,18430632,1355040
low_latency,16,16,4,20260813,23,1,1,1,0,0,1,26,35,1,1,350.48698354546644,354.51631612690585,0,0,0,379,144,0,23939496,1761552
low_latency,16,16,4,20260813,24,1,1,1,0,0,1,32,37,1,1,311.5196768560181,315.89184971108915,0,0,0,325394,67643,0,29448360,2168064
low_latency,16,16,4,20260813,25,1,1,1,0,0,1,113,59,2,1,426.1694358712566,424.0351392561671,0,0,0,11973824,2002045,0,103818024,7655976
low_latency,16,16,4,20260813,26,1,1,1,0,0,1,18,14,1,1,279.83087349646235,282.0451285231401,0,0,0,0,0,0,16594344,1219536
low_latency,16,16,4,20260813,27,1,1,1,0,0,1,27,28,1,1,299.9857237226,279.3103704664742,0,0,0,803,298,0,24857640,1829304
low_latency,16,16,4,20260813,28,1,1,1,0,0,1,43,28,1,1,312.4850299089268,304.4301267694177,0,0,0,3360177,580065,0,39547944,2913336
low_latency,16,16,4,20260813,29,1,1,1,0,0,1,25,89,1,2,350.55464781843773,343.88401877555236,0,0,0,0,0,0,23021352,1693800
low_latency,16,16,4,20260813,30,1,1,1,0,0,1,27,34,1,1,388.1786242184488,386.940386025874,0,0,0,3242,781,0,24857640,1829304
low_latency,16,16,4,20260813,31,1,1,1,0,0,1,31,33,1,1,336.56291763510524,324.7598412733876,0,0,0,59741,12912,0,28530216,2100312
low_latency,16,16,4,20260813,32,1,1,1,0,0,1,24,28,1,1,410.53204474795257,426.1593105894092,0,0,0,0,0,0,22103208,1626048
low_latency,16,16,4,20260813,33,1,1,1,0,0,1,29,36,1,1,377.7144928347095,320.93044997295385,0,0,0,5458,1508,0,26693928,1964808
low_latency,16,16,4,20260813,34,1,1,1,0,0,1,84,25,2,1,331.9796480200793,310.8506420983517,0,0,0,16317423,2714164,0,77191848,5691168
low_latency,16,16,4,20260813,35,1,1,1,0,0,1,67,27,1,1,379.09999220399527,335.68379849429965,0,0,0,5507413,968615,0,61583400,4539384
low_latency,16,16,4,20260813,36,1,1,1,0,0,1,76,20,1,1,354.3187855299692,353.258955005414,0,0,0,12091351,2025010,0,69846696,5149152
low_latency,16,16,4,20260813,37,1,1,1,0,0,1,28,24,1,1,248.7381233197583,254.37791531233654,0,0,0,443978,89719,0,25775784,1897056
low_latency,16,16,4,20260813,38,1,1,1,0,0,1,46,38,1,1,423.9472840737468,418.77831860042926,0,0,0,4264253,728664,0,42302376,3116592
low_latency,16,16,4,20260813,39,1,1,1,0,0,1,38,18,1,1,344.2570863249326,343.01796423735107,0,0,0,3638252,621127,0,34957224,2574576
low_latency,16,16,4,20260813,40,1,1,1,0,0,1,42,47,1,1,276.8857901310235,363.1640692513466,0,0,0,3131902,545433,0,38629800,2845584
low_latency,16,16,4,20260813,41,1,1,1,0,0,1,30,32,1,1,354.8304884907709,347.57420175836415,0,0,0,79674,16736,0,27612072,2032560
low_latency,16,16,4,20260813,42,1,1,1,0,0,1,18,17,1,1,292.8724187995557,280.96636813215787,0,0,0,0,0,0,16594344,1219536
low_latency,16,16,4,20260813,43,1,1,1,0,0,1,95,94,2,2,285.7213106142859,283.82599592417995,0,0,0,17330369,2875008,0,87291432,6436440
low_latency,16,16,4,20260813,44,1,1,1,0,0,1,29,17,1,1,339.3775655234087,329.26949587813056,0,0,0,226439,46222,0,26693928,1964808
low_latency,16,16,4,20260813,45,1,1,1,0,0,1,230,174,4,3,366.88168416751176,365.29437519037145,0,0,0,29388431,5153302,0,211240872,15582960
low_latency,16,16,4,20260813,46,1,1,1,0,0,1,28,19,1,1,302.7109197521736,272.58261784316204,0,0,0,9217,2016,0,25775784,1897056
low_latency,16,16,4,20260813,47,1,1,1,0,0,1,28,20,1,1,306.3029166030992,306.8767418756181,0,0,0,34239,7253,0,25775784,1897056
low_latency,16,16,4,20260813,48,1,1,1,0,0,1,20,28,1,1,357.2387529679846,432.5780940181603,0,0,0,0,0,0,18430632,1355040
low_latency,16,16,4,20260813,49,1,1,1,0,0,1,111,44,2,1,408.92960424844887,374.7904783706736,0,0,0,12392492,2091858,0,101981736,7520472
low_latency,16,16,4,20260813,50,1,1,1,0,0,1,36,36,1,1,345.41876251517823,350.84168803874195,0,0,0,412779,83731,0,33120936,2439072
low_latency,16,16,4,20260813,51,1,1,1,0,0,1,19,46,1,1,270.8177602441584,261.3928486981134,0,0,0,0,0,0,17512488,1287288
low_latency,16,16,4,20260813,52,1,1,1,0,0,1,59,18,1,1,318.9936529168249,313.4163697623837,0,0,0,9375282,1568311,0,54238248,3997368
low_latency,16,16,4,20260813,53,1,1,1,0,0,1,105,214,2,4,393.73089821993483,394.98037926400195,0,0,0,18843561,3121562,0,96472872,7113960
low_latency,16,16,4,20260813,54,1,1,1,0,0,1,72,38,1,1,334.6760148069003,313.517108074725,0,0,0,12786332,2124002,0,66174120,4878144
low_latency,16,16,4,20260813,55,1,1,1,0,0,1,32,26,1,1,305.8040569623696,296.37684310327086,0,0,0,40377,9403,0,29448360,2168064
low_latency,16,16,4,20260813,56,1,1,1,0,0,1,36,125,1,2,380.9591860581421,359.44040806794885,0,0,0,994508,192227,0,33120936,2439072
low_latency,16,16,4,20260813,57,1,1,1,0,0,1,27,66,1,1,315.6241613106896,318.01620542458113,0,0,0,455652,90001,0,24857640,1829304
low_latency,16,16,4,20260813,58,1,1,1,0,0,1,44,33,1,1,359.54951261713256,356.1786039085903,0,0,0,2156871,395135,0,40466088,2981088
low_latency,16,16,4,20260813,59,1,1,1,0,0,0,104,260,2,4,392.0315136576256,,0,0,0,17389050,2884639,0,95554728,7046208
low_latency,16,16,4,20260813,60,1,1,1,0,0,1,28,32,1,1,307.92592138505063,321.32110899227763,0,0,0,0,0,0,25775784,1897056
low_latency,16,16,4,20260813,61,1,1,1,0,0,1,19,31,1,1,293.76343229783294,299.9959782897494,0,0,0,0,0,0,17512488,1287288
low_latency,16,16,4,20260813,62,1,1,1,0,0,1,79,84,1,2,360.8923728538904,348.21318505862956,0,0,0,11218181,1880697,0,72601128,5352408
low_latency,16,16,4,20260813,63,1,1,1,0,0,1,27,25,1,1,356.46860112998127,352.07792200635987,0,0,0,38286,8050,0,24857640,1829304
low_latency,16,16,4,20260813,64,1,1,1,0,0,1,24,12,1,1,318.2552628433698,297.84309604971196,0,0,0,0,0,0,22103208,1626048
low_latency,16,16,4,20260813,65,1,1,1,0,0,1,13,32,1,1,257.1615435259091,278.07488604877494,0,0,0,0,0,0,12003624,880776
low_latency,16,16,4,20260813,66,1,1,1,0,0,1,28,33,1,1,400.84925304662664,385.75122479737706,0,0,0,0,0,0,25775784,1897056
low_latency,16,16,4,20260813,67,1,1,1,0,0,1,87,24,2,1,332.2354620290347,325.4582044545121,0,0,0,13796225,2295867,0,79946280,5894424
low_latency,16,16,4,20260813,68,1,1,1,0,0,1,57,35,1,1,288.2726291480502,273.89382925035216,0,0,0,8536295,1431471,0,52401960,3861864
low_latency,16,16,4,20260813,69,1,1,1,0,0,1,24,12,1,1,291.1411667892532,278.1157059356673,0,0,0,0,0,0,22103208,1626048
low_latency,16,16,4,20260813,70,1,1,1,0,0,1,29,29,1,1,364.3627573759335,377.8963648298077,0,0,0,94,35,0,26693928,1964808
low_latency,16,16,4,20260813,71,1,1,1,0,0,0,129,260,2,4,446.8207386582859,,0,0,0,11211399,1912735,0,118508328,8740008
low_latency,16,16,4,20260813,72,1,1,1,0,0,1,24,72,1,1,296.90946758058624,293.2092538680656,0,0,0,0,0,0,22103208,1626048
low_latency,16,16,4,20260813,73,1,1,1,0,0,1,52,88,1,2,320.3536691237229,304.4325345076236,0,0,0,7381712,1256989,0,47811240,3523104
low_latency,16,16,4,20260813,74,0,0,0,0,1,0,260,260,4,4,,,0,0,0,572673,126425,0,238785192,17615520
low_latency,16,16,4,20260813,75,1,1,1,0,0,1,61,24,1,1,318.00933608083017,300.9322744196139,0,0,0,4610660,813864,0,56074536,4132872
low_latency,16,16,4,20260813,76,1,1,1,0,0,1,23,15,1,1,262.7578562270542,245.58704788078867,0,0,0,0,0,0,21185064,1558296
low_latency,16,16,4,20260813,77,1,1,1,0,0,1,78,20,1,1,416.70099278848284,398.8820404582768,0,0,0,7754426,1310935,0,71682984,5284656
low_latency,16,16,4,20260813,78,1,1,1,0,0,1,30,46,1,1,311.39337738348263,383.23265921029747,0,0,0,5446,1321,0,27612072,2032560
low_latency,16,16,4,20260813,79,1,1,1,0,0,1,26,27,1,1,300.94286178935005,299.8938337697269,0,0,0,3806,944,0,23939496,1761552
low_latency,16,16,4,20260813,80,1,1,1,0,0,1,221,162,4,3,353.9453295853058,345.9221658605902,0,0,0,24779861,4426633,0,202977576,14973192
low_latency,16,16,4,20260813,81,1,1,1,0,0,1,34,18,1,1,287.48612453286466,284.64075618560594,0,0,0,1785972,316540,0,31284648,2303568
low_latency,16,16,4,20260813,82,1,1,1,0,0,1,23,25,1,1,319.949548186268,336.58449290037936,0,0,0,0,0,0,21185064,1558296
low_latency,16,16,4,20260813,83,1,1,1,0,0,1,161,84,3,2,338.9692141410869,324.8554900470498,0,0,0,21193827,3658847,0,147888936,10908072
low_latency,16,16,4,20260813,84,1,1,1,0,0,1,16,17,1,1,238.76922066046473,243.3408311989009,0,0,0,0,0,0,14758056,1084032
low_latency,16,16,4,20260813,85,1,1,1,0,0,1,44,23,1,1,394.16733844589436,390.1603317323329,0,0,0,1072072,199601,0,40466088,2981088
low_latency,16,16,4,20260813,86,1,1,1,0,0,1,38,24,1,1,283.0596511634259,279.4739560874712,0,0,0,2434879,426684,0,34957224,2574576
low_latency,16,16,4,20260813,87,1,1,1,0,0,1,39,22,1,1,233.80907365321195,218.8582166341635,0,0,0,3777588,646451,0,35875368,2642328
low_latency,16,16,4,20260813,88,1,1,1,0,0,1,23,18,1,1,280.93481263506527,295.1622647573207,0,0,0,17453,3989,0,21185064,1558296
low_latency,16,16,4,20260813,89,0,1,0,0,1,1,260,34,4,1,,400.51813849270724,0,0,0,36090356,6430009,0,238785192,17615520
low_latency,16,16,4,20260813,90,1,1,1,0,0,1,13,41,1,1,287.9594323122336,299.86636731604995,0,0,0,0,0,0,12003624,880776
low_latency,16,16,4,20260813,91,1,1,1,0,0,1,21,38,1,1,266.34047644810926,254.53740008639164,0,0,0,0,0,0,19348776,1422792
low_latency,16,16,4,20260813,92,1,1,1,0,0,1,103,26,2,1,391.9454586636274,386.27623023830586,0,0,0,17305745,2869122,0,94636584,6978456
low_latency,16,16,4,20260813,93,1,1,1,0,0,1,17,22,1,1,269.62908510573516,272.556107793052,0,0,0,0,0,0,15676200,1151784
low_latency,16,16,4,20260813,94,1,1,1,0,0,1,28,33,1,1,329.4593141901498,311.81293046540657,0,0,0,552669,108628,0,25775784,1897056
low_latency,16,16,4,20260813,95,1,1,1,0,0,1,33,49,1,1,381.66564218259475,377.0825218989321,0,0,0,815650,154759,0,30366504,2235816
low_latency,16,16,4,20260813,96,1,1,1,0,0,1,29,33,1,1,320.3965118912975,348.8579747861179,0,0,0,2192,551,0,26693928,1964808
low_latency,16,16,4,20260813,97,1,1,1,0,0,1,52,91,1,2,411.8021735078189,438.005036842078,0,0,0,3224913,565138,0,47811240,3523104
low_latency,16,16,4,20260813,98,1,1,1,0,0,1,36,35,1,1,358.129369742729,363.06805901014314,0,0,0,675939,130307,0,33120936,2439072
low_latency,16,16,4,20260813,99,1,1,1,0,0,1,30,23,1,1,363.9257005562024,346.3809746848733,0,0,0,41377,9178,0,27612072,2032560
low_latency,16,16,4,20260813,100,1,1,1,0,0,1,53,27,1,1,345.7706070774097,360.3151147188121,0,0,0,6779457,1138415,0,48729384,3590856
low_latency,16,16,4,20260813,101,1,1,1,0,0,1,86,17,2,1,251.2938370822915,298.26800153110685,0,0,0,18974127,3139460,0,79028136,5826672
low_latency,16,16,4,20260813,102,0,1,0,0,1,1,260,43,4,1,,349.9496794210485,0,0,0,30694136,5512663,0,238785192,17615520
low_latency,16,16,4,20260813,103,1,1,1,0,0,1,123,44,2,1,413.36386584530715,373.3544009927977,0,0,0,18984353,3217797,0,112999464,8333496
low_latency,16,16,4,20260813,104,1,1,1,0,0,1,29,31,1,1,358.2815590673213,350.3152875934755,0,0,0,34514,7853,0,26693928,1964808
low_latency,16,16,4,20260813,105,1,1,1,0,0,1,50,98,1,2,340.6065017722722,322.41220534504396,0,0,0,4665464,810307,0,45974952,3387600
low_latency,16,16,4,20260813,106,1,1,1,0,0,1,30,24,1,1,323.8549599426309,314.1002467876954,0,0,0,302609,62515,0,27612072,2032560
low_latency,16,16,4,20260813,107,1,1,1,0,0,1,33,50,1,1,449.08766840238036,454.02682802105255,0,0,0,27060,5717,0,30366504,2235816
low_latency,16,16,4,20260813,108,1,1,1,0,0,1,19,34,1,1,274.16886743028215,245.1453988812899,0,0,0,0,0,0,17512488,1287288
low_latency,16,16,4,20260813,109,1,1,1,0,0,0,33,260,1,4,390.97258001745234,,0,0,0,3031,745,0,30366504,2235816
low_latency,16,16,4,20260813,110,1,1,1,0,0,1,38,26,1,1,383.3255942532145,373.9778840621872,0,0,0,1010128,191584,0,34957224,2574576
low_latency,16,16,4,20260813,111,1,1,1,0,0,1,92,111,2,2,296.44886998208796,313.3492285692124,0,0,0,19503129,3225211,0,84537000,6233184
low_latency,16,16,4,20260813,112,1,1,1,0,0,1,18,44,1,1,376.3102742304553,369.6379033484395,0,0,0,0,0,0,16594344,1219536
low_latency,16,16,4,20260813,113,1,1,1,0,0,1,90,28,2,1,244.17801137646083,248.65034492039683,0,0,0,19525049,3229590,0,82700712,6097680
low_latency,16,16,4,20260813,114,1,1,1,0,0,1,27,36,1,1,386.75666713130926,361.1384718093646,0,0,0,0,0,0,24857640,1829304
low_latency,16,16,4,20260813,115,1,1,1,0,0,1,24,17,1,1,321.6777879037828,334.67963777807824,0,0,0,0,0,0,22103208,1626048
low_latency,16,16,4,20260813,116,1,1,1,0,0,1,51,45,1,1,317.7574664641461,331.09658195762773,0,0,0,1234626,228256,0,46893096,3455352
low_latency,16,16,4,20260813,117,1,1,1,0,0,1,28,31,1,1,297.2888574977323,298.8472088796549,0,0,0,157564,33088,0,25775784,1897056
low_latency,16,16,4,20260813,118,1,1,1,0,0,1,22,23,1,1,316.09331945135114,325.4434519014776,0,0,0,0,0,0,20266920,1490544
low_latency,16,16,4,20260813,119,1,1,1,0,0,1,24,31,1,1,333.21425384916176,336.4570276536355,0,0,0,0,0,0,22103208,1626048
low_latency,16,16,4,20260813,120,1,1,1,0,0,1,24,17,1,1,316.17890803226896,320.9872087872861,0,0,0,0,0,0,22103208,1626048
low_latency,16,16,4,20260813,121,1,1,1,0,0,1,38,30,1,1,446.63233814940884,448.62924113499713,0,0,0,201259,43288,0,34957224,2574576
low_latency,16,16,4,20260813,122,1,1,1,0,0,1,20,23,1,1,310.59728441390973,293.04571580544126,0,0,0,0,0,0,18430632,1355040
low_latency,16,16,4,20260813,123,1,1,1,0,0,1,97,48,2,1,312.0406546832912,303.2341382017859,0,0,0,17953611,2973021,0,89127720,6571944
low_latency,16,16,4,20260813,124,1,1,1,0,0,1,37,45,1,1,318.8607026738446,319.7205341663269,0,0,0,170293,36532,0,34039080,2506824
low_latency,16,16,4,20260813,125,1,1,1,0,0,1,33,55,1,1,348.98632513254216,375.44985907941475,0,0,0,0,0,0,30366504,2235816
low_latency,16,16,4,20260813,126,1,1,1,0,0,1,214,46,4,1,370.06790542773786,363.93036960579946,0,0,0,20971332,3662220,0,196550568,14498928
low_latency,16,16,4,20260813,127,1,1,1,0,0,1,21,65,1,1,312.40654202158265,315.1010415064334,0,0,0,0,0,0,19348776,1422792
low_latency,18,16,4,20260809,0,1,1,1,0,0,1,37,23,1,1,318.1463945999453,328.6641794878916,0,0,0,1759215,311994,0,34039080,2506824
low_latency,18,16,4,20260809,1,1,1,1,0,0,1,42,17,1,1,319.244503996015,298.31313780294295,0,0,0,8398,1993,0,38629800,2845584
low_latency,18,16,4,20260809,2,1,1,1,0,0,1,40,25,1,1,386.867476264577,388.67262118387396,0,0,0,0,0,0,36793512,2710080
low_latency,18,16,4,20260809,3,1,1,1,0,0,1,41,36,1,1,367.00421729754777,362.1952545164906,0,0,0,1014148,189635,0,37711656,2777832
low_latency,18,16,4,20260809,4,1,1,1,0,0,1,17,15,1,1,410.41626611945526,319.89038709201327,0,0,0,0,0,0,15676200,1151784
low_latency,18,16,4,20260809,5,1,1,1,0,0,1,53,16,1,1,263.4989090628512,274.69419033665883,0,0,0,5154,1941,0,48729384,3590856
low_latency,18,16,4,20260809,6,1,1,1,0,0,1,88,23,2,1,304.5876638983668,302.4205950937307,0,0,0,16112690,2669144,0,80864424,5962176
low_latency,18,16,4,20260809,7,1,1,1,0,0,1,34,211,1,4,367.54835723090434,376.20504979397975,0,0,0,7060,1726,0,31284648,2303568
low_latency,18,16,4,20260809,8,1,1,1,0,0,1,28,56,1,1,353.32071911028163,359.70213395503305,0,0,0,0,0,0,25775784,1897056
low_latency,18,16,4,20260809,9,1,1,1,0,0,1,156,205,3,4,365.2781741731055,385.4889766661306,0,0,0,15112496,2511649,0,143298216,10569312
low_latency,18,16,4,20260809,10,1,1,1,0,0,1,23,39,1,1,338.3058737049273,351.1709519540915,0,0,0,0,0,0,21185064,1558296
low_latency,18,16,4,20260809,11,1,1,1,0,0,1,88,21,2,1,376.479303232659,361.91901569493524,0,0,0,14281117,2372542,0,80864424,5962176
low_latency,18,16,4,20260809,12,1,1,1,0,0,1,42,52,1,1,390.6551592319578,385.6277491698546,0,0,0,39741,10031,0,38629800,2845584
low_latency,18,16,4,20260809,13,1,1,1,0,0,1,131,92,2,2,455.0960773726722,395.2418514783643,0,0,0,8774079,1486846,0,120344616,8875512
low_latency,18,16,4,20260809,14,1,1,1,0,0,1,32,61,1,1,338.5979398863363,344.9932359701255,0,0,0,0,0,0,29448360,2168064
low_latency,18,16,4,20260809,15,1,1,1,0,0,1,90,91,2,2,342.4199477583178,382.18807071665816,0,0,0,12248326,2032091,0,82700712,6097680
low_latency,18,16,4,20260809,16,1,1,1,0,0,1,93,34,2,1,454.6929019602283,393.06636497611544,0,0,0,14243851,2362731,0,85455144,6300936
low_latency,18,16,4,20260809,17,1,1,1,0,0,1,37,22,1,1,305.6760592640092,350.00538713651184,0,0,0,2091399,366618,0,34039080,2506824
low_latency,18,16,4,20260809,18,1,1,1,0,0,1,94,22,2,1,447.3143830357685,453.84616372582457,0,0,0,14326768,2377407,0,86373288,6368688
low_latency,18,16,4,20260809,19,1,1,1,0,0,1,27,25,1,1,381.1940697065229,387.839971311754,0,0,0,0,0,0,24857640,1829304
low_latency,18,16,4,20260809,20,1,1,1,0,0,1,44,24,1,1,286.36505775018753,279.96045497823843,0,0,0,1445609,265580,0,40466088,2981088
low_latency,18,16,4,20260809,21,1,1,1,0,0,1,14,14,1,1,273.57854771508386,273.57854771508386,0,0,0,0,0,0,12921768,948528
low_latency,18,16,4,20260809,22,1,1,1,0,0,1,25,22,1,1,308.5124129581066,360.3091827740966,0,0,0,0,0,0,23021352,1693800
low_latency,18,16,4,20260809,23,1,1,1,0,0,1,38,16,1,1,348.9287107278032,360.65008896626534,0,0,0,266515,55486,0,34957224,2574576
low_latency,18,16,4,20260809,24,1,1,1,0,0,1,29,19,1,1,311.34676067526306,299.5748059099719,0,0,0,0,0,0,26693928,1964808
low_latency,18,16,4,20260809,25,1,1,1,0,0,1,27,22,1,1,233.46049367038287,231.49009693130174,0,0,0,0,0,0,24857640,1829304
low_latency,18,16,4,20260809,26,1,1,1,0,0,1,27,27,1,1,287.54706712272224,298.1364026687779,0,0,0,0,0,0,24857640,1829304
low_latency,18,16,4,20260809,27,1,1,1,0,0,1,19,38,1,1,282.4251143019695,279.68360395475577,0,0,0,0,0,0,17512488,1287288
low_latency,18,16,4,20260809,28,1,1,1,0,0,1,215,195,4,3,385.0480602471594,384.3595301189147,0,0,0,16560423,2765796,0,197468712,14566680
low_latency,18,16,4,20260809,29,1,1,1,0,0,1,29,43,1,1,342.08492718851875,385.2152367537198,0,0,0,0,0,0,26693928,1964808
low_latency,18,16,4,20260809,30,1,1,1,0,0,1,17,33,1,1,332.7156967748629,325.8828210696963,0,0,0,0,0,0,15676200,1151784
low_latency,18,16,4,20260809,31,1,1,1,0,0,1,26,20,1,1,282.4417930129109,285.52694858161897,0,0,0,0,0,0,23939496,1761552
low_latency,18,16,4,20260809,32,1,1,1,0,0,1,23,28,1,1,353.87693487265017,340.4050680907237,0,0,0,0,0,0,21185064,1558296
low_latency,18,16,4,20260809,33,1,1,1,0,0,1,17,18,1,1,351.2539752513059,346.02187035022496,0,0,0,0,0,0,15676200,1151784
low_latency,18,16,4,20260809,34,1,1,1,0,0,1,175,82,3,2,350.26139138128127,337.70401879698346,0,0,0,16120844,2689790,0,160742952,11856600
low_latency,18,16,4,20260809,35,1,1,1,0,0,1,45,52,1,1,441.364641160651,407.4045599519107,0,0,0,1674238,298761,0,41384232,3048840
low_latency,18,16,4,20260809,36,1,1,1,0,0,1,44,25,1,1,385.2338679066979,396.351264363206,0,0,0,141591,29688,0,40466088,2981088
low_latency,18,16,4,20260809,37,0,1,0,0,1,0,260,260,4,4,,,0,0,0,11701773,1964820,0,238785192,17615520
low_latency,18,16,4,20260809,38,1,1,1,0,0,1,90,37,2,1,415.042747207366,391.12588992694896,0,0,0,12044663,2010020,0,82700712,6097680
low_latency,18,16,4,20260809,39,1,1,1,0,0,1,25,37,1,1,343.76950382381267,360.0953822279208,0,0,0,0,0,0,23021352,1693800
low_latency,18,16,4,20260809,40,1,1,1,0,0,1,16,33,1,1,280.6114019145944,293.50734883469914,0,0,0,0,0,0,14758056,1084032
low_latency,18,16,4,20260809,41,1,1,1,0,0,1,18,18,1,1,293.7052144960676,226.82538599575787,0,0,0,0,0,0,16594344,1219536
low_latency,18,16,4,20260809,42,1,1,1,0,0,1,47,25,1,1,328.7853623556117,328.3955906081728,0,0,0,187221,41993,0,43220520,3184344
low_latency,18,16,4,20260809,43,1,1,1,0,0,1,29,21,1,1,327.8708032616791,343.36213996198785,0,0,0,86,54,0,26693928,1964808
low_latency,18,16,4,20260809,44,1,1,1,0,0,1,32,18,1,1,415.53792045987825,396.4687337538469,0,0,0,1107,284,0,29448360,2168064
low_latency,18,16,4,20260809,45,1,1,1,0,0,1,21,26,1,1,260.790073795145,247.19065710579184,0,0,0,0,0,0,19348776,1422792
low_latency,18,16,4,20260809,46,1,1,1,0,0,1,90,25,2,1,488.91374379320894,399.623139095343,0,0,0,14089015,2335250,0,82700712,6097680
low_latency,18,16,4,20260809,47,1,1,1,0,0,1,84,22,2,1,301.84703655278213,300.8377827556977,0,0,0,13571160,2252440,0,77191848,5691168
low_latency,18,16,4,20260809,48,1,1,1,0,0,1,31,27,1,1,411.17963838383093,391.10301773934555,0,0,0,0,0,0,28530216,2100312
low_latency,18,16,4,20260809,49,1,1,1,0,0,1,29,25,1,1,383.9185769363319,379.82016155951317,0,0,0,0,0,0,26693928,1964808
low_latency,18,16,4,20260809,50,1,1,1,0,0,1,30,31,1,1,317.9132485500227,313.24746694633507,0,0,0,0,0,0,27612072,2032560
low_latency,18,16,4,20260809,51,1,1,1,0,0,1,30,17,1,1,263.7509668181009,272.420109038991,0,0,0,8,8,0,27612072,2032560
low_latency,18,16,4,20260809,52,1,1,1,0,0,1,41,44,1,1,296.2232499367866,258.6872963628482,0,0,0,3301218,564473,0,37711656,2777832
low_latency,18,16,4,20260809,53,1,1,1,0,0,1,48,80,1,1,340.8877484362215,353.6181848264015,0,0,0,2728,947,0,44138664,3252096
low_latency,18,16,4,20260809,54,1,1,1,0,0,1,30,46,1,1,388.574463848896,385.9629727434567,0,0,0,0,0,0,27612072,2032560
low_latency,18,16,4,20260809,55,1,1,1,0,0,1,36,25,1,1,391.83426521971865,405.4659368855956,0,0,0,213039,44892,0,33120936,2439072
low_latency,18,16,4,20260809,56,1,1,1,0,0,1,29,84,1,2,330.546580202735,332.84023113687635,0,0,0,0,0,0,26693928,1964808
low_latency,18,16,4,20260809,57,1,1,1,0,0,1,17,19,1,1,319.78759681830473,335.1588456344334,0,0,0,0,0,0,15676200,1151784
low_latency,18,16,4,20260809,58,1,1,1,0,0,1,28,16,1,1,317.1992605606455,303.81979552907956,0,0,0,0,0,0,25775784,1897056
low_latency,18,16,4,20260809,59,1,1,1,0,0,1,44,45,1,1,442.29743084299844,452.26105662239297,0,0,0,1455,436,0,40466088,2981088
low_latency,18,16,4,20260809,60,1,1,1,0,0,1,89,30,2,1,312.5661414814631,331.04892371412643,0,0,0,15484514,2568272,0,81782568,6029928
low_latency,18,16,4,20260809,61,0,1,0,0,1,0,260,260,4,4,,,0,0,0,1651393,337382,0,238785192,17615520
low_latency,18,16,4,20260809,62,1,1,1,0,0,1,35,28,1,1,375.23815819477284,414.8972389588573,0,0,0,1726,440,0,32202792,2371320
low_latency,18,16,4,20260809,63,1,1,1,0,0,1,98,37,2,1,433.2277085421558,385.642096417405,0,0,0,1530981,303949,0,90045864,6639696
low_latency,18,16,4,20260809,64,1,1,1,0,0,1,21,23,1,1,292.47487136357347,278.7770616951118,0,0,0,0,0,0,19348776,1422792
low_latency,18,16,4,20260809,65,1,1,1,0,0,1,15,31,1,1,285.58125895758644,298.46332625844525,0,0,0,0,0,0,13839912,1016280
low_latency,18,16,4,20260809,66,1,1,1,0,0,1,33,22,1,1,306.2017227738768,310.05971627856,0,0,0,12419,2725,0,30366504,2235816
low_latency,18,16,4,20260809,67,1,1,1,0,0,1,35,31,1,1,430.6190126023324,428.84117822222026,0,0,0,34655,7205,0,32202792,2371320
low_latency,18,16,4,20260809,68,1,1,1,0,0,1,24,20,1,1,285.73332162990243,290.45936733726637,0,0,0,0,0,0,22103208,1626048
low_latency,18,16,4,20260809,69,1,1,1,0,0,1,36,35,1,1,371.4201925964611,355.31448491275955,0,0,0,9178,2103,0,33120936,2439072
low_latency,18,16,4,20260809,70,1,1,1,0,0,1,40,32,1,1,307.2022832024958,324.2738142332343,0,0,0,9,6,0,36793512,2710080
low_latency,18,16,4,20260809,71,1,1,1,0,0,1,24,19,1,1,228.5749587491972,253.9745954435926,0,0,0,0,0,0,22103208,1626048
low_latency,18,16,4,20260809,72,1,1,1,0,0,1,22,30,1,1,370.64213244020436,345.2601536845826,0,0,0,0,0,0,20266920,1490544
low_latency,18,16,4,20260809,73,1,1,1,0,0,1,40,16,1,1,271.09474733407797,272.94166483059627,0,0,0,60519,13047,0,36793512,2710080
low_latency,18,16,4,20260809,74,1,1,1,0,0,1,42,30,1,1,438.8387048398205,393.94997139003056,0,0,0,80,44,0,38629800,2845584
low_latency,18,16,4,20260809,75,1,1,1,0,0,1,85,83,2,2,377.021001511289,422.4829592123523,0,0,0,15434322,2558405,0,78109992,5758920
low_latency,18,16,4,20260809,76,1,1,1,0,0,1,29,30,1,1,386.6004632550951,386.90030226549425,0,0,0,0,0,0,26693928,1964808
low_latency,18,16,4,20260809,77,1,1,1,0,0,1,39,27,1,1,341.35240873970747,335.72277966329,0,0,0,966784,179787,0,35875368,2642328
low_latency,18,16,4,20260809,78,1,1,1,0,0,1,84,84,2,2,339.337701468038,302.0250953999348,0,0,0,17372916,2877148,0,77191848,5691168
low_latency,18,16,4,20260809,79,1,1,1,0,0,1,47,16,1,1,303.32468129049903,273.0699800584164,0,0,0,4883666,824626,0,43220520,3184344
low_latency,18,16,4,20260809,80,1,1,1,0,0,1,20,29,1,1,384.1977355660755,390.7174692338731,0,0,0,0,0,0,18430632,1355040
low_latency,18,16,4,20260809,81,1,1,1,0,0,1,28,20,1,1,378.978317567707,363.0386420998793,0,0,0,0,0,0,25775784,1897056
low_latency,18,16,4,20260809,82,1,1,1,0,0,1,35,30,1,1,314.07108307873284,303.2887316188873,0,0,0,4976,1237,0,32202792,2371320
low_latency,18,16,4,20260809,83,1,1,1,0,0,1,22,34,1,1,404.13317694081593,363.06592510765,0,0,0,0,0,0,20266920,1490544
low_latency,18,16,4,20260809,84,1,1,1,0,0,1,46,27,1,1,415.59369971343506,357.15246147857147,0,0,0,726681,143349,0,42302376,3116592
low_latency,18,16,4,20260809,85,1,1,1,0,0,1,19,29,1,1,214.33441560825503,257.4272679986892,0,0,0,0,0,0,17512488,1287288
low_latency,18,16,4,20260809,86,1,1,1,0,0,1,35,50,1,1,315.43982862278983,338.1824667100422,0,0,0,202631,41808,0,32202792,2371320
low_latency,18,16,4,20260809,87,1,1,1,0,0,1,37,99,1,2,303.125243753404,312.8721032697201,0,0,0,83127,18538,0,34039080,2506824
low_latency,18,16,4,20260809,88,1,1,1,0,0,1,28,42,1,1,340.3919498461496,377.6572523052703,0,0,0,0,0,0,25775784,1897056
low_latency,18,16,4,20260809,89,1,1,1,0,0,1,94,32,2,1,366.99406619263425,366.4414296001787,0,0,0,15039057,2495729,0,86373288,6368688
low_latency,18,16,4,20260809,90,1,1,1,0,0,1,21,16,1,1,304.36271079121286,311.677600028673,0,0,0,0,0,0,19348776,1422792
low_latency,18,16,4,20260809,91,1,1,1,0,0,0,108,260,2,4,478.5727032558314,,0,0,0,11367998,1891799,0,99227304,7317216
low_latency,18,16,4,20260809,92,1,1,1,0,0,1,41,26,1,1,322.7155043235801,343.5577990850549,0,0,0,4375,1094,0,37711656,2777832
low_latency,18,16,4,20260809,93,1,1,1,0,0,1,21,31,1,1,330.4522182724087,300.4789985779083,0,0,0,0,0,0,19348776,1422792
low_latency,18,16,4,20260809,94,1,1,1,0,0,1,31,33,1,1,344.76009683693974,362.5856886511678,0,0,0,0,0,0,28530216,2100312
low_latency,18,16,4,20260809,95,1,1,1,0,0,1,17,18,1,1,348.3839892393951,339.04132144161815,0,0,0,0,0,0,15676200,1151784
low_latency,18,16,4,20260809,96,1,1,1,0,0,1,84,16,2,1,312.4009899354025,300.6408532896441,0,0,0,16226634,2690755,0,77191848,5691168
low_latency,18,16,4,20260809,97,1,1,1,0,0,1,33,89,1,2,466.1886615022887,417.4423246295261,0,0,0,3553,812,0,30366504,2235816
low_latency,18,16,4,20260809,98,1,1,1,0,0,1,22,25,1,1,327.33594158445766,326.960255386557,0,0,0,0,0,0,20266920,1490544
low_latency,18,16,4,20260809,99,1,1,1,0,0,1,25,44,1,1,355.7805720157923,326.94040353973685,0,0,0,0,0,0,23021352,1693800
low_latency,18,16,4,20260809,100,1,1,1,0,0,1,35,90,1,2,376.2285641786908,335.43470040703517,0,0,0,0,0,0,32202792,2371320
low_latency,18,16,4,20260809,101,1,1,1,0,0,1,96,18,2,1,335.87314851083227,309.140936455733,0,0,0,14829221,2460631,0,88209576,6504192
low_latency,18,16,4,20260809,102,1,1,1,0,0,1,26,82,1,2,272.6439639243604,246.2784652424893,0,0,0,52,26,0,23939496,1761552
low_latency,18,16,4,20260809,103,1,1,1,0,0,1,158,54,3,1,440.08849170710414,410.70648991171845,0,0,0,15797163,2636220,0,145134504,10704816
low_latency,18,16,4,20260809,104,1,1,1,0,0,1,25,18,1,1,290.83895956349977,295.380544476776,0,0,0,0,0,0,23021352,1693800
low_latency,18,16,4,20260809,105,1,1,1,0,0,1,31,58,1,1,422.2582574949289,391.04841419798083,0,0,0,0,0,0,28530216,2100312
low_latency,18,16,4,20260809,106,1,1,1,0,0,1,32,35,1,1,308.1091799185616,302.2556580886102,0,0,0,0,0,0,29448360,2168064
low_latency,18,16,4,20260809,107,1,1,1,0,0,1,55,111,1,2,296.3432288872443,315.72230127220996,0,0,0,3326457,589021,0,50565672,3726360
low_latency,18,16,4,20260809,108,1,1,1,0,0,1,18,103,1,2,357.0339576978198,340.0301651829569,0,0,0,0,0,0,16594344,1219536
low_latency,18,16,4,20260809,109,1,1,1,0,0,1,38,34,1,1,368.5845542802915,379.0741094134602,0,0,0,742,216,0,34957224,2574576
low_latency,18,16,4,20260809,110,1,1,1,0,0,1,37,49,1,1,441.6374304536615,413.1985613690827,0,0,0,0,0,0,34039080,2506824
low_latency,18,16,4,20260809,111,1,1,1,0,0,1,37,54,1,1,398.0083123076955,404.2715570445873,0,0,0,0,0,0,34039080,2506824
low_latency,18,16,4,20260809,112,1,1,1,0,0,1,28,48,1,1,330.3181042673114,329.8719165750861,0,0,0,0,0,0,25775784,1897056
low_latency,18,16,4,20260809,113,1,1,1,0,0,1,41,26,1,1,280.98431817549726,276.2851926126827,0,0,0,5527,1576,0,37711656,2777832
low_latency,18,16,4,20260809,114,1,1,1,0,0,1,152,20,3,1,340.59234138622713,349.97869022261057,0,0,0,15508535,2576566,0,139625640,10298304
low_latency,18,16,4,20260809,115,1,1,1,0,0,1,30,19,1,1,280.29823150691584,261.4680266731877,0,0,0,0,0,0,27612072,2032560
low_latency,18,16,4,20260809,116,1,1,1,0,0,1,25,34,1,1,323.21488746233183,334.35677903390723,0,0,0,0,0,0,23021352,1693800
low_latency,18,16,4,20260809,117,1,1,1,0,0,1,115,147,2,3,393.7213108950356,390.9320559884411,0,0,0,14221014,2365629,0,105654312,7791480
low_latency,18,16,4,20260809,118,1,1,1,0,0,1,24,18,1,1,347.4686720716745,344.0011686597601,0,0,0,0,0,0,22103208,1626048
low_latency,18,16,4,20260809,119,1,1,1,0,0,1,22,28,1,1,291.67056369975626,293.7021099222694,0,0,0,0,0,0,20266920,1490544
low_latency,18,16,4,20260809,120,1,1,1,0,0,1,56,20,1,1,292.9333712977218,285.0630681786598,0,0,0,5355618,911264,0,51483816,3794112
low_latency,18,16,4,20260809,121,1,1,1,0,0,1,32,29,1,1,442.7166953769953,463.4497246426643,0,0,0,0,0,0,29448360,2168064
low_latency,18,16,4,20260809,122,1,1,1,0,0,1,48,33,1,1,337.08276075473293,323.65360269006106,0,0,0,5086426,861503,0,44138664,3252096
low_latency,18,16,4,20260809,123,1,1,1,0,0,1,18,29,1,1,365.0605178432185,403.87720113420835,0,0,0,0,0,0,16594344,1219536
low_latency,18,16,4,20260809,124,1,1,1,0,0,1,53,145,1,3,328.94615599261283,338.62337278406545,0,0,0,6435773,1083470,0,48729384,3590856
low_latency,18,16,4,20260809,125,1,1,1,0,0,1,37,61,1,1,358.01359672029184,354.7803852639372,0,0,0,689411,132935,0,34039080,2506824
low_latency,18,16,4,20260809,126,1,1,1,0,0,1,30,25,1,1,408.04438006846533,354.90696138202713,0,0,0,0,0,0,27612072,2032560
low_latency,18,16,4,20260809,127,1,1,1,0,0,1,30,38,1,1,368.04427371581585,369.43141632645563,0,0,0,0,0,0,27612072,2032560
low_latency,18,16,4,20260810,0,1,1,1,0,0,1,34,50,1,1,500.9250440338453,502.49721104526446,0,0,0,0,0,0,31284648,2303568
low_latency,18,16,4,20260810,1,1,1,1,0,0,1,15,50,1,1,315.2086960472403,319.08627542985323,0,0,0,0,0,0,13839912,1016280
low_latency,18,16,4,20260810,2,1,1,1,0,0,1,27,34,1,1,328.4555325767011,333.84935737985114,0,0,0,0,0,0,24857640,1829304
low_latency,18,16,4,20260810,3,1,1,1,0,0,1,109,63,2,1,372.9131381407377,348.1625220704026,0,0,0,16397867,2715051,0,100145448,7384968
low_latency,18,16,4,20260810,4,0,1,0,0,1,1,260,84,4,2,,368.53671171565543,0,0,0,13991573,2358708,0,238785192,17615520
low_latency,18,16,4,20260810,5,1,1,1,0,0,1,33,26,1,1,376.6419291294545,381.153274841904,0,0,0,16526,3373,0,30366504,2235816
low_latency,18,16,4,20260810,6,1,1,1,0,0,1,24,33,1,1,323.41076255152734,322.41231137976,0,0,0,0,0,0,22103208,1626048
low_latency,18,16,4,20260810,7,1,1,1,0,0,1,26,112,1,2,300.77962120470977,302.4345316043893,0,0,0,0,0,0,23939496,1761552
low_latency,18,16,4,20260810,8,1,1,1,0,0,1,47,41,1,1,395.78526449464493,403.7327931923545,0,0,0,107,60,0,43220520,3184344
low_latency,18,16,4,20260810,9,0,1,0,0,1,1,260,105,4,2,,393.4808503552399,0,0,0,13395162,2241841,0,238785192,17615520
low_latency,18,16,4,20260810,10,1,1,1,0,0,1,29,21,1,1,391.1208559091043,390.5269860841997,0,0,0,0,0,0,26693928,1964808
low_latency,18,16,4,20260810,11,1,1,1,0,0,1,19,44,1,1,322.48308138886375,328.14111163253386,0,0,0,0,0,0,17512488,1287288
low_latency,18,16,4,20260810,12,1,1,1,0,0,1,26,23,1,1,363.29005184646144,309.88896537221774,0,0,0,4,4,0,23939496,1761552
low_latency,18,16,4,20260810,13,1,1,1,0,0,1,34,28,1,1,309.2197442624654,308.7297321968356,0,0,0,33121,6792,0,31284648,2303568
low_latency,18,16,4,20260810,14,1,1,1,0,0,1,91,21,2,1,328.69898429064426,292.0137652710964,0,0,0,16665953,2761255,0,83618856,6165432
low_latency,18,16,4,20260810,15,1,1,1,0,0,1,16,40,1,1,273.29692897709754,339.24973309515616,0,0,0,0,0,0,14758056,1084032
low_latency,18,16,4,20260810,16,1,1,1,0,0,1,29,24,1,1,271.83376783809126,270.0420088370274,0,0,0,0,0,0,26693928,1964808
low_latency,18,16,4,20260810,17,1,1,1,0,0,1,26,13,1,1,393.2434727162663,381.6427260802042,0,0,0,0,0,0,23939496,1761552
low_latency,18,16,4,20260810,18,1,1,1,0,0,1,54,18,1,1,306.332404546578,299.6085724802879,0,0,0,6298252,1055147,0,49647528,3658608
low_latency,18,16,4,20260810,19,1,1,1,0,0,1,29,36,1,1,377.47886895757136,368.8315699259588,0,0,0,0,0,0,26693928,1964808
low_latency,18,16,4,20260810,20,1,1,1,0,0,1,16,35,1,1,307.02095243760357,323.12511019006047,0,0,0,0,0,0,14758056,1084032
low_latency,18,16,4,20260810,21,0,1,0,0,1,1,260,30,4,1,,296.4717643378872,0,0,0,17802185,2988402,0,238785192,17615520
low_latency,18,16,4,20260810,22,1,1,1,0,0,1,26,33,1,1,258.8488401344117,273.4804678591191,0,0,0,0,0,0,23939496,1761552
low_latency,18,16,4,20260810,23,1,1,1,0,0,1,183,28,3,1,396.3959963156036,351.1825132953932,0,0,0,13584336,2263952,0,168088104,12398616
low_latency,18,16,4,20260810,24,1,1,1,0,0,1,28,26,1,1,341.5640614914419,349.4407365165133,0,0,0,0,0,0,25775784,1897056
low_latency,18,16,4,20260810,25,1,1,1,0,0,1,29,45,1,1,339.0157676881215,407.60111912158175,0,0,0,0,0,0,26693928,1964808
low_latency,18,16,4,20260810,26,1,1,1,0,0,1,102,66,2,1,493.1205744227318,455.28849804885164,0,0,0,8491509,1436629,0,93718440,6910704
low_latency,18,16,4,20260810,27,1,1,1,0,0,1,44,25,1,1,366.1912450757294,382.17007459500917,0,0,0,4569,1137,0,40466088,2981088
low_latency,18,16,4,20260810,28,1,1,1,0,0,1,16,15,1,1,397.2290254529588,398.52242230150136,0,0,0,0,0,0,14758056,1084032
low_latency,18,16,4,20260810,29,1,1,1,0,0,1,193,125,3,2,367.389390269556,346.256590400744,0,0,0,11249907,1870539,0,177269544,13076136
low_latency,18,16,4,20260810,30,1,1,1,0,0,1,32,21,1,1,263.3198737606095,248.57562665168305,0,0,0,314,94,0,29448360,2168064
low_latency,18,16,4,20260810,31,1,1,1,0,0,1,20,69,1,1,336.5171363064717,322.96210429496466,0,0,0,0,0,0,18430632,1355040
low_latency,18,16,4,20260810,32,1,1,1,0,0,1,52,16,1,1,353.5959157507848,388.1751902535789,0,0,0,4756061,807932,0,47811240,3523104
low_latency,18,16,4,20260810,33,0,0,0,0,1,1,260,47,4,1,,439.3346654948589,0,0,0,10061733,1667228,0,238785192,17615520
low_latency,18,16,4,20260810,34,1,1,1,0,0,1,28,20,1,1,413.55825711524534,402.1761809856231,0,0,0,0,0,0,25775784,1897056
low_latency,18,16,4,20260810,35,1,1,1,0,0,1,20,36,1,1,263.591571947936,263.76366473461053,0,0,0,0,0,0,18430632,1355040
low_latency,18,16,4,20260810,36,1,1,1,0,0,1,38,37,1,1,252.3353940488227,247.66362282152159,0,0,0,2197070,384653,0,34957224,2574576
low_latency,18,16,4,20260810,37,1,1,1,0,0,1,23,21,1,1,257.9066197750411,273.0842234902355,0,0,0,0,0,0,21185064,1558296
low_latency,18,16,4,20260810,38,1,1,1,0,0,1,21,16,1,1,224.96356980016563,232.0928665866565,0,0,0,0,0,0,19348776,1422792
low_latency,18,16,4,20260810,39,1,1,1,0,0,1,26,23,1,1,301.2387626345279,311.1790682404327,0,0,0,0,0,0,23939496,1761552
low_latency,18,16,4,20260810,40,1,1,1,0,0,1,34,33,1,1,316.1874079489505,339.1082961229702,0,0,0,8,8,0,31284648,2303568
low_latency,18,16,4,20260810,41,1,1,1,0,0,1,49,20,1,1,425.2630744084266,432.7248528330902,0,0,0,1065974,203570,0,45056808,3319848
low_latency,18,16,4,20260810,42,1,1,1,0,0,1,34,18,1,1,328.27332835472896,313.7804428261875,0,0,0,45857,9918,0,31284648,2303568
low_latency,18,16,4,20260810,43,1,1,1,0,0,1,17,14,1,1,260.6769847589577,273.66490937024776,0,0,0,0,0,0,15676200,1151784
low_latency,18,16,4,20260810,44,1,1,1,0,0,1,46,22,1,1,280.26303832828273,260.17455082985055,0,0,0,630012,128985,0,42302376,3116592
low_latency,18,16,4,20260810,45,1,1,1,0,0,1,228,225,4,4,340.19195477053347,348.5877635854779,0,0,0,16629798,2776946,0,209404584,15447456
low_latency,18,16,4,20260810,46,1,1,1,0,0,1,23,18,1,1,355.3890245257553,366.97673023523055,0,0,0,0,0,0,21185064,1558296
low_latency,18,16,4,20260810,47,1,1,1,0,0,1,24,22,1,1,361.7735430036529,342.8523414560916,0,0,0,0,0,0,22103208,1626048
low_latency,18,16,4,20260810,48,1,1,1,0,0,1,50,85,1,2,369.7434741433471,392.17491743610816,0,0,0,0,0,0,45974952,3387600
low_latency,18,16,4,20260810,49,1,1,1,0,0,1,35,31,1,1,455.36623456258314,470.7772840558175,0,0,0,0,0,0,32202792,2371320
low_latency,18,16,4,20260810,50,0,0,0,0,1,1,260,98,4,2,,399.1631340517338,0,0,0,7504341,1277125,0,238785192,17615520
low_latency,18,16,4,20260810,51,1,1,1,0,0,0,50,260,1,4,326.3486988815714,,0,0,0,556050,110331,0,45974952,3387600
low_latency,18,16,4,20260810,52,1,1,1,0,0,1,31,36,1,1,294.4148628524576,292.7506541601039,0,0,0,565879,110603,0,28530216,2100312
low_latency,18,16,4,20260810,53,1,1,1,0,0,1,21,37,1,1,266.85435224448014,326.72724854792114,0,0,0,0,0,0,19348776,1422792
low_latency,18,16,4,20260810,54,1,1,1,0,0,1,27,28,1,1,336.15383539168187,324.24686502327734,0,0,0,0,0,0,24857640,1829304
low_latency,18,16,4,20260810,55,1,1,1,0,0,1,84,87,2,2,333.13515110665986,341.5973161441128,0,0,0,15334592,2544337,0,77191848,5691168
low_latency,18,16,4,20260810,56,1,1,1,0,0,1,24,11,1,1,320.02366905946644,329.64955882880326,0,0,0,0,0,0,22103208,1626048
low_latency,18,16,4,20260810,57,1,1,1,0,0,1,60,29,1,1,309.0152333501335,314.855744819478,0,0,0,9100624,1520179,0,55156392,4065120
low_latency,18,16,4,20260810,58,1,1,1,0,0,0,20,260,1,4,385.31600568204044,,0,0,0,0,0,0,18430632,1355040
low_latency,18,16,4,20260810,59,1,1,1,0,0,1,46,19,1,1,334.2643550746262,335.1119373839855,0,0,0,4406498,746982,0,42302376,3116592
low_latency,18,16,4,20260810,60,1,1,1,0,0,1,177,157,3,3,366.54346109050795,352.6944902143023,0,0,0,15040586,2507580,0,162579240,11992104
low_latency,18,16,4,20260810,61,1,1,1,0,0,1,71,51,1,1,388.33561833112265,384.1582002591374,0,0,0,4889241,855911,0,65255976,4810392
low_latency,18,16,4,20260810,62,1,1,1,0,0,1,16,17,1,1,348.47225157148796,357.1627484002779,0,0,0,0,0,0,14758056,1084032
low_latency,18,16,4,20260810,63,1,1,1,0,0,1,26,34,1,1,308.08282826675793,308.7777434379728,0,0,0,0,0,0,23939496,1761552
low_latency,18,16,4,20260810,64,1,1,1,0,0,1,24,34,1,1,360.25674046849434,358.35719165376827,0,0,0,0,0,0,22103208,1626048
low_latency,18,16,4,20260810,65,1,1,1,0,0,1,38,47,1,1,358.24620495855527,363.0432324967421,0,0,0,20,20,0,34957224,2574576
low_latency,18,16,4,20260810,66,1,1,1,0,0,1,33,31,1,1,323.9085646565777,307.32101096042214,0,0,0,0,0,0,30366504,2235816
low_latency,18,16,4,20260810,67,1,1,1,0,0,1,42,27,1,1,365.2330985982811,384.68736673372445,0,0,0,106203,22400,0,38629800,2845584
low_latency,18,16,4,20260810,68,1,1,1,0,0,1,118,91,2,2,353.1066590128345,349.06409235832587,0,0,0,17040254,2820645,0,108408744,7994736
low_latency,18,16,4,20260810,69,1,1,1,0,0,1,46,86,1,2,358.07143443272355,367.3664087084224,0,0,0,976863,183906,0,42302376,3116592
low_latency,18,16,4,20260810,70,1,1,1,0,0,1,24,25,1,1,467.05467331496743,433.5208307549157,0,0,0,0,0,0,22103208,1626048
low_latency,18,16,4,20260810,71,1,1,1,0,0,1,31,31,1,1,338.15441722790655,336.7533139896732,0,0,0,0,0,0,28530216,2100312
low_latency,18,16,4,20260810,72,1,1,1,0,0,1,71,43,1,1,364.3657510846558,310.2234092341623,0,0,0,11007822,1835844,0,65255976,4810392
low_latency,18,16,4,20260810,73,1,1,1,0,0,1,29,99,1,2,380.0812305840373,343.6495435596057,0,0,0,0,0,0,26693928,1964808
low_latency,18,16,4,20260810,74,1,1,1,0,0,1,26,43,1,1,403.70153976537256,401.2858387074041,0,0,0,0,0,0,23939496,1761552
low_latency,18,16,4,20260810,75,1,1,1,0,0,1,33,50,1,1,338.1886219579162,324.13404739487135,0,0,0,0,0,0,30366504,2235816
low_latency,18,16,4,20260810,76,1,1,1,0,0,1,25,23,1,1,399.7949975583371,391.9725536314147,0,0,0,0,0,0,23021352,1693800
low_latency,18,16,4,20260810,77,1,1,1,0,0,1,35,23,1,1,419.2525612318509,393.7124496750945,0,0,0,0,0,0,32202792,2371320
low_latency,18,16,4,20260810,78,0,1,0,0,1,1,260,93,4,2,,369.0658819571893,0,0,0,14784891,2476473,0,238785192,17615520
low_latency,18,16,4,20260810,79,1,1,1,0,0,1,37,90,1,2,459.9063230176823,479.7584200363751,0,0,0,48312,10370,0,34039080,2506824
low_latency,18,16,4,20260810,80,1,0,0,1,0,0,41,260,1,4,457.5687963884229,,0,0,0,496,172,0,37711656,2777832
low_latency,18,16,4,20260810,81,1,1,1,0,0,1,48,57,1,1,365.85703506893947,380.6844122033713,0,0,0,2046166,379574,0,44138664,3252096
low_latency,18,16,4,20260810,82,1,1,1,0,0,1,33,42,1,1,397.3672987807833,386.27129450147584,0,0,0,0,0,0,30366504,2235816
low_latency,18,16,4,20260810,83,1,1,1,0,0,1,28,25,1,1,324.3564036980701,334.8051483298557,0,0,0,0,0,0,25775784,1897056
low_latency,18,16,4,20260810,84,1,1,1,0,0,1,28,44,1,1,360.41048031361333,375.9310045884768,0,0,0,0,0,0,25775784,1897056
low_latency,18,16,4,20260810,85,1,1,1,0,0,1,25,23,1,1,318.8930084157718,317.8474096116789,0,0,0,0,0,0,23021352,1693800
low_latency,18,16,4,20260810,86,1,1,1,0,0,1,25,54,1,1,355.0727547005422,372.93033090595804,0,0,0,0,0,0,23021352,1693800
low_latency,18,16,4,20260810,87,1,1,1,0,0,1,38,42,1,1,368.165161183587,361.0139855623321,0,0,0,6876,1581,0,34957224,2574576
low_latency,18,16,4,20260810,88,1,1,1,0,0,1,37,25,1,1,275.88258134632684,275.7587636331284,0,0,0,214928,43710,0,34039080,2506824
low_latency,18,16,4,20260810,89,1,1,1,0,0,1,26,21,1,1,350.59060661285326,337.70771190579063,0,0,0,0,0,0,23939496,1761552
low_latency,18,16,4,20260810,90,1,1,1,0,0,1,34,26,1,1,357.0661045447322,378.4694595345113,0,0,0,369,114,0,31284648,2303568
low_latency,18,16,4,20260810,91,0,1,0,0,1,1,260,134,4,2,,368.0483101265537,0,0,0,15692140,2618797,0,238785192,17615520
low_latency,18,16,4,20260810,92,1,1,1,0,0,1,34,17,1,1,351.200438083204,357.7294501982791,0,0,0,0,0,0,31284648,2303568
low_latency,18,16,4,20260810,93,1,1,1,0,0,1,34,26,1,1,338.55158970915016,355.6940944962528,0,0,0,12587,2973,0,31284648,2303568
low_latency,18,16,4,20260810,94,1,1,1,0,0,1,36,47,1,1,370.02951223973685,383.5899170816034,0,0,0,304040,60555,0,33120936,2439072
low_latency,18,16,4,20260810,95,1,1,1,0,0,1,20,54,1,1,318.67305876420704,334.50434369585696,0,0,0,0,0,0,18430632,1355040
low_latency,18,16,4,20260810,96,1,1,1,0,0,1,99,23,2,1,317.6228818031436,340.5832031091288,0,0,0,13990742,2323342,0,90964008,6707448
low_latency,18,16,4,20260810,97,1,1,1,0,0,1,26,40,1,1,331.09517688974597,334.7190444299579,0,0,0,0,0,0,23939496,1761552
low_latency,18,16,4,20260810,98,1,1,1,0,0,1,20,33,1,1,340.9275362383744,457.0496719417851,0,0,0,0,0,0,18430632,1355040
low_latency,18,16,4,20260810,99,1,1,1,0,0,1,73,39,1,1,407.50021345925813,372.04870729193954,0,0,0,12151881,2014596,0,67092264,4945896
low_latency,18,16,4,20260810,100,1,1,1,0,0,1,34,18,1,1,412.13187278808306,365.2936732462871,0,0,0,34,21,0,31284648,2303568
low_latency,18,16,4,20260810,101,1,1,1,0,0,1,58,113,1,2,440.80917790851413,451.64127055844665,0,0,0,6937308,1163395,0,53320104,3929616
low_latency,18,16,4,20260810,102,0,1,0,0,1,1,260,23,4,1,,335.99578813258216,0,0,0,15539985,2606215,0,238785192,17615520
low_latency,18,16,4,20260810,103,1,1,1,0,0,1,23,37,1,1,431.1074228274101,396.3706190417895,0,0,0,0,0,0,21185064,1558296
low_latency,18,16,4,20260810,104,1,1,1,0,0,1,32,62,1,1,314.05782676933114,316.18319336089365,0,0,0,0,0,0,29448360,2168064
low_latency,18,16,4,20260810,105,1,1,1,0,0,1,40,89,1,2,355.0078967322838,343.237473950101,0,0,0,1978267,346666,0,36793512,2710080
low_latency,18,16,4,20260810,106,1,1,1,0,0,1,108,82,2,2,265.1462203044946,274.9427590039885,0,0,0,17825654,2952673,0,99227304,7317216
low_latency,18,16,4,20260810,107,1,1,1,0,0,1,96,104,2,2,438.2403764580693,415.040432025336,0,0,0,12433474,2063941,0,88209576,6504192
low_latency,18,16,4,20260810,108,1,1,1,0,0,1,43,75,1,1,305.89675204011985,348.82497823704784,0,0,0,1062408,197560,0,39547944,2913336
low_latency,18,16,4,20260810,109,1,1,1,0,0,1,23,26,1,1,342.3649370075662,386.3130395759481,0,0,0,0,0,0,21185064,1558296
low_latency,18,16,4,20260810,110,1,1,1,0,0,1,22,88,1,2,419.78220162157083,414.70015878452955,0,0,0,0,0,0,20266920,1490544
low_latency,18,16,4,20260810,111,1,1,1,0,0,1,215,136,4,2,376.8746514951054,388.6554542471033,0,0,0,18136673,3027343,0,197468712,14566680
low_latency,18,16,4,20260810,112,1,1,1,0,0,1,32,20,1,1,319.5921713208034,312.0021857091162,0,0,0,1639,472,0,29448360,2168064
low_latency,18,16,4,20260810,113,1,1,1,0,0,1,21,27,1,1,285.0882272442966,284.41383120031895,0,0,0,0,0,0,19348776,1422792
low_latency,18,16,4,20260810,114,1,1,1,0,0,1,25,24,1,1,334.72523796690984,287.96351552182637,0,0,0,0,0,0,23021352,1693800
low_latency,18,16,4,20260810,115,1,1,1,0,0,1,41,28,1,1,418.46082751248423,452.704581223363,0,0,0,762038,146616,0,37711656,2777832
low_latency,18,16,4,20260810,116,1,1,1,0,0,1,30,21,1,1,334.2975583957202,303.6337049253732,0,0,0,10330,2295,0,27612072,2032560
low_latency,18,16,4,20260810,117,1,1,1,0,0,1,18,19,1,1,318.06256707475353,309.4625952148559,0,0,0,0,0,0,16594344,1219536
low_latency,18,16,4,20260810,118,1,1,1,0,0,1,34,22,1,1,398.59384092916594,404.73965642984615,0,0,0,0,0,0,31284648,2303568
low_latency,18,16,4,20260810,119,1,1,1,0,0,1,22,22,1,1,336.7294018135441,334.8824843170258,0,0,0,0,0,0,20266920,1490544
low_latency,18,16,4,20260810,120,0,1,0,0,1,1,260,91,4,2,,431.5404699928288,0,0,0,13146845,2238166,0,238785192,17615520
low_latency,18,16,4,20260810,121,1,1,1,0,0,1,25,24,1,1,319.36573281146127,408.3094381638691,0,0,0,0,0,0,23021352,1693800
low_latency,18,16,4,20260810,122,1,1,1,0,0,1,23,20,1,1,274.8403756116801,269.880330374349,0,0,0,0,0,0,21185064,1558296
low_latency,18,16,4,20260810,123,1,1,1,0,0,1,23,22,1,1,238.56411660048644,271.9414818441023,0,0,0,0,0,0,21185064,1558296
low_latency,18,16,4,20260810,124,1,1,1,0,0,1,38,34,1,1,435.4121070024497,405.9155659010146,0,0,0,0,0,0,34957224,2574576
low_latency,18,16,4,20260810,125,1,1,1,0,0,1,33,30,1,1,326.2626758815749,305.0931984546422,0,0,0,0,0,0,30366504,2235816
low_latency,18,16,4,20260810,126,1,1,1,0,0,1,37,77,1,1,402.20231895870086,405.9638843931541,0,0,0,0,0,0,34039080,2506824
low_latency,18,16,4,20260810,127,1,1,1,0,0,1,35,31,1,1,354.9904173802573,356.2425807154525,0,0,0,139,58,0,32202792,2371320
low_latency,18,16,4,20260811,0,1,1,1,0,0,1,16,16,1,1,262.37930013542746,268.4099853823129,0,0,0,0,0,0,14758056,1084032
low_latency,18,16,4,20260811,1,0,1,0,0,1,1,260,26,4,1,,346.0440848582283,0,0,0,14340694,2403042,0,238785192,17615520
low_latency,18,16,4,20260811,2,1,1,1,0,0,1,18,17,1,1,291.4765626780254,298.59105050714606,0,0,0,0,0,0,16594344,1219536
low_latency,18,16,4,20260811,3,1,1,1,0,0,1,33,33,1,1,339.1254738902512,341.9062094430152,0,0,0,5414,1282,0,30366504,2235816
low_latency,18,16,4,20260811,4,1,1,1,0,0,1,25,24,1,1,278.27994510684584,310.144580346704,0,0,0,0,0,0,23021352,1693800
low_latency,18,16,4,20260811,5,1,1,1,0,0,1,24,36,1,1,359.4424662641918,337.53348554432023,0,0,0,0,0,0,22103208,1626048
low_latency,18,16,4,20260811,6,1,1,1,0,0,1,13,27,1,1,296.66235282947207,285.0249958991975,0,0,0,0,0,0,12003624,880776
low_latency,18,16,4,20260811,7,1,1,1,0,0,1,15,29,1,1,362.015705197418,370.46398150017615,0,0,0,0,0,0,13839912,1016280
low_latency,18,16,4,20260811,8,1,1,1,0,0,1,39,24,1,1,279.27677513732647,250.36298374970147,0,0,0,2294661,400221,0,35875368,2642328
low_latency,18,16,4,20260811,9,1,1,1,0,0,1,22,55,1,1,278.03105040507415,276.894902302146,0,0,0,0,0,0,20266920,1490544
low_latency,18,16,4,20260811,10,1,1,1,0,0,1,25,19,1,1,297.817460853556,379.24179635321434,0,0,0,0,0,0,23021352,1693800
low_latency,18,16,4,20260811,11,1,1,1,0,0,1,24,37,1,1,348.23021386122525,380.29612669288656,0,0,0,0,0,0,22103208,1626048
low_latency,18,16,4,20260811,12,1,1,1,0,0,1,159,40,3,1,259.14213997633277,308.87711623578684,0,0,0,17404602,2893797,0,146052648,10772568
low_latency,18,16,4,20260811,13,1,1,1,0,0,1,18,19,1,1,397.66012872506343,389.7371157082861,0,0,0,0,0,0,16594344,1219536
low_latency,18,16,4,20260811,14,1,1,1,0,0,1,12,22,1,1,301.6422466688425,298.0035701712604,0,0,0,0,0,0,11085480,813024
low_latency,18,16,4,20260811,15,1,1,1,0,0,1,247,27,4,1,378.5463943899628,352.2146639671643,0,0,0,14887221,2484258,0,226849320,16734744
low_latency,18,16,4,20260811,16,1,1,1,0,0,1,28,32,1,1,407.2859866119445,320.3868593020909,0,0,0,0,0,0,25775784,1897056
low_latency,18,16,4,20260811,17,1,1,1,0,0,1,26,25,1,1,313.343238852454,328.3803319394158,0,0,0,0,0,0,23939496,1761552
low_latency,18,16,4,20260811,18,0,1,0,0,1,1,260,26,4,1,,313.1791949162632,0,0,0,11541356,1962863,0,238785192,17615520
low_latency,18,16,4,20260811,19,1,1,1,0,0,1,13,12,1,1,346.64990185581377,349.3068650983686,0,0,0,0,0,0,12003624,880776
low_latency,18,16,4,20260811,20,1,1,1,0,0,1,28,33,1,1,351.2387677050016,383.47641805762953,0,0,0,0,0,0,25775784,1897056
low_latency,18,16,4,20260811,21,1,1,1,0,0,1,94,130,2,2,354.00071634000665,345.6434354101665,0,0,0,12522206,2080451,0,86373288,6368688
low_latency,18,16,4,20260811,22,1,1,1,0,0,1,34,26,1,1,372.56134402314507,346.45236781633423,0,0,0,0,0,0,31284648,2303568
low_latency,18,16,4,20260811,23,1,1,1,0,0,1,23,12,1,1,391.10536656527154,396.09518539861455,0,0,0,0,0,0,21185064,1558296
low_latency,18,16,4,20260811,24,1,1,1,0,0,1,34,43,1,1,314.05139802507273,289.5408566636942,0,0,0,211,90,0,31284648,2303568
low_latency,18,16,4,20260811,25,1,1,1,0,0,1,98,38,2,1,356.6098364436224,355.0731787583196,0,0,0,12721222,2122474,0,90045864,6639696
low_latency,18,16,4,20260811,26,0,1,0,0,1,1,260,158,4,3,,265.51779811351435,0,0,0,13883976,2330746,0,238785192,17615520
low_latency,18,16,4,20260811,27,1,1,1,0,0,1,40,41,1,1,310.6062124644927,318.5075931560136,0,0,0,300017,61889,0,36793512,2710080
low_latency,18,16,4,20260811,28,1,1,1,0,0,1,23,48,1,1,345.8983501406883,386.14033923900104,0,0,0,0,0,0,21185064,1558296
low_latency,18,16,4,20260811,29,1,1,1,0,0,1,12,14,1,1,224.3826823337472,224.3826823337472,0,0,0,0,0,0,11085480,813024
low_latency,18,16,4,20260811,30,1,1,1,0,0,1,27,96,1,2,326.40069245042974,340.37114523023,0,0,0,0,0,0,24857640,1829304
low_latency,18,16,4,20260811,31,1,1,1,0,0,1,34,41,1,1,399.75268634348583,378.162235264782,0,0,0,0,0,0,31284648,2303568
low_latency,18,16,4,20260811,32,1,1,1,0,0,1,17,12,1,1,247.68081151962488,215.00474153107203,0,0,0,0,0,0,15676200,1151784
low_latency,18,16,4,20260811,33,1,1,1,0,0,1,91,101,2,2,340.4488196200375,349.425448616787,0,0,0,13692116,2271026,0,83618856,6165432
low_latency,18,16,4,20260811,34,1,1,1,0,0,1,39,18,1,1,330.4362347825345,333.7492319753178,0,0,0,2938849,504865,0,35875368,2642328
low_latency,18,16,4,20260811,35,1,1,1,0,0,1,18,19,1,1,264.77502062038656,263.2351755070142,0,0,0,0,0,0,16594344,1219536
low_latency,18,16,4,20260811,36,1,1,1,0,0,1,25,45,1,1,343.7124461877345,298.3208713755464,0,0,0,0,0,0,23021352,1693800
low_latency,18,16,4,20260811,37,1,1,1,0,0,1,18,28,1,1,431.56383241501396,399.0062715217257,0,0,0,0,0,0,16594344,1219536
low_latency,18,16,4,20260811,38,1,1,1,0,0,1,18,54,1,1,291.72211858824795,287.73910624103246,0,0,0,0,0,0,16594344,1219536
low_latency,18,16,4,20260811,39,1,1,1,0,0,1,101,85,2,2,373.2072273757277,372.5044228802784,0,0,0,16565351,2743796,0,92800296,6842952
low_latency,18,16,4,20260811,40,1,1,1,0,0,1,27,19,1,1,361.0515387688968,392.4691886578542,0,0,0,0,0,0,24857640,1829304
low_latency,18,16,4,20260811,41,1,1,1,0,0,1,102,99,2,2,401.8134233995787,412.29223962131067,0,0,0,12804537,2124155,0,93718440,6910704
low_latency,18,16,4,20260811,42,1,1,1,0,0,1,152,149,3,3,415.6988641476691,418.9375190030465,0,0,0,15407659,2559407,0,139625640,10298304
low_latency,18,16,4,20260811,43,1,1,1,0,0,1,29,22,1,1,306.1355747022932,313.51326092239094,0,0,0,0,0,0,26693928,1964808
low_latency,18,16,4,20260811,44,1,1,1,0,0,1,37,29,1,1,318.53915201936843,336.1529613281305,0,0,0,0,0,0,34039080,2506824
low_latency,18,16,4,20260811,45,1,1,1,0,0,1,21,36,1,1,317.9943987380136,322.79054258183567,0,0,0,0,0,0,19348776,1422792
low_latency,18,16,4,20260811,46,1,1,1,0,0,1,32,26,1,1,269.32480903077067,254.5864312637279,0,0,0,0,0,0,29448360,2168064
low_latency,18,16,4,20260811,47,1,1,1,0,0,1,30,29,1,1,241.79600901516608,255.37491213138046,0,0,0,19332,4217,0,27612072,2032560
low_latency,18,16,4,20260811,48,1,1,1,0,0,1,19,20,1,1,301.8877831526562,304.5140835364925,0,0,0,0,0,0,17512488,1287288
low_latency,18,16,4,20260811,49,1,1,1,0,0,1,60,34,1,1,429.8169952215884,454.08362411958126,0,0,0,7109954,1205944,0,55156392,4065120
low_latency,18,16,4,20260811,50,1,1,1,0,0,1,42,183,1,3,348.1259283908073,387.1922159452188,0,0,0,2717137,468472,0,38629800,2845584
low_latency,18,16,4,20260811,51,1,1,1,0,0,1,30,74,1,1,479.1926824478271,438.7788733386483,0,0,0,0,0,0,27612072,2032560
low_latency,18,16,4,20260811,52,1,1,1,0,0,1,45,34,1,1,392.68007284015073,391.5077297650133,0,0,0,2727187,470516,0,41384232,3048840
low_latency,18,16,4,20260811,53,1,1,1,0,0,1,94,43,2,1,311.40124584831557,314.5338378780973,0,0,0,16911380,2802831,0,86373288,6368688
low_latency,18,16,4,20260811,54,1,1,1,0,0,1,39,32,1,1,283.14465503490203,289.3392497497555,0,0,0,349,104,0,35875368,2642328
low_latency,18,16,4,20260811,55,1,1,1,0,0,1,85,20,2,1,303.50231699595963,292.50152611366485,0,0,0,16264327,2697522,0,78109992,5758920
low_latency,18,16,4,20260811,56,1,1,1,0,0,1,23,31,1,1,414.46724762106436,419.86043994506076,0,0,0,0,0,0,21185064,1558296
low_latency,18,16,4,20260811,57,1,1,1,0,0,1,39,31,1,1,340.55856226475095,356.7090761697151,0,0,0,874516,162728,0,35875368,2642328
low_latency,18,16,4,20260811,58,1,1,1,0,0,1,194,105,3,2,344.9086426083146,346.9969218895564,0,0,0,15275927,2555152,0,178187688,13143888
low_latency,18,16,4,20260811,59,1,1,1,0,0,1,28,28,1,1,372.1179026741252,365.01040690344985,0,0,0,0,0,0,25775784,1897056
low_latency,18,16,4,20260811,60,1,1,1,0,0,1,52,28,1,1,397.9184029090969,377.2088838623064,0,0,0,596095,119543,0,47811240,3523104
low_latency,18,16,4,20260811,61,1,1,1,0,0,1,60,223,1,4,356.3721988119868,335.04676528820295,0,0,0,7608196,1274822,0,55156392,4065120
low_latency,18,16,4,20260811,62,1,1,1,0,0,1,53,25,1,1,364.37251069785884,350.75247858914923,0,0,0,1623449,295601,0,48729384,3590856
low_latency,18,16,4,20260811,63,1,1,1,0,0,1,39,46,1,1,430.12130003296204,433.3790079432776,0,0,0,0,0,0,35875368,2642328
low_latency,18,16,4,20260811,64,1,1,1,0,0,1,23,50,1,1,355.4061364076151,350.6716607031354,0,0,0,0,0,0,21185064,1558296
low_latency,18,16,4,20260811,65,1,1,1,0,0,1,24,29,1,1,393.25719648689136,399.1279519410133,0,0,0,0,0,0,22103208,1626048
low_latency,18,16,4,20260811,66,1,1,1,0,0,1,20,35,1,1,361.5280956796556,355.47978874140875,0,0,0,0,0,0,18430632,1355040
low_latency,18,16,4,20260811,67,1,1,1,0,0,1,35,27,1,1,355.03803649795975,343.50918667537564,0,0,0,0,0,0,32202792,2371320
low_latency,18,16,4,20260811,68,1,1,1,0,0,1,27,18,1,1,350.2125130823699,327.39705920294324,0,0,0,0,0,0,24857640,1829304
low_latency,18,16,4,20260811,69,1,1,1,0,0,1,87,28,2,1,361.13963015194906,355.52472390107096,0,0,0,13957934,2311110,0,79946280,5894424
low_latency,18,16,4,20260811,70,1,1,1,0,0,1,26,48,1,1,374.33018017905874,383.0416072586699,0,0,0,0,0,0,23939496,1761552
low_latency,18,16,4,20260811,71,1,1,1,0,0,1,50,52,1,1,337.40105092380276,328.4500041533661,0,0,0,3195753,546724,0,45974952,3387600
low_latency,18,16,4,20260811,72,1,1,1,0,0,1,28,26,1,1,344.56781663248194,360.43281541075726,0,0,0,0,0,0,25775784,1897056
low_latency,18,16,4,20260811,73,1,1,1,0,0,1,61,29,1,1,343.4049395353,329.17559020234796,0,0,0,8870245,1484298,0,56074536,4132872
low_latency,18,16,4,20260811,74,1,1,1,0,0,1,19,23,1,1,343.2432537384384,341.16384852442735,0,0,0,0,0,0,17512488,1287288
low_latency,18,16,4,20260811,75,1,1,1,0,0,1,50,23,1,1,344.44433553308863,354.9349772789574,0,0,0,4727619,816102,0,45974952,3387600
low_latency,18,16,4,20260811,76,1,1,1,0,0,1,36,29,1,1,362.94670037282424,304.56853799789,0,0,0,0,0,0,33120936,2439072
low_latency,18,16,4,20260811,77,1,1,1,0,0,1,15,12,1,1,241.30676430367558,233.3446944862225,0,0,0,0,0,0,13839912,1016280
low_latency,18,16,4,20260811,78,1,1,1,0,0,1,30,18,1,1,355.0356923093477,347.3510766392733,0,0,0,0,0,0,27612072,2032560
low_latency,18,16,4,20260811,79,1,1,1,0,0,1,31,28,1,1,289.18494823662456,295.9087803029147,0,0,0,423129,84748,0,28530216,2100312
low_latency,18,16,4,20260811,80,1,1,1,0,0,1,20,19,1,1,414.30474430897164,368.60845641319315,0,0,0,0,0,0,18430632,1355040
low_latency,18,16,4,20260811,81,1,1,1,0,0,1,41,26,1,1,314.631091612531,315.54788804295686,0,0,0,1090631,197554,0,37711656,2777832
low_latency,18,16,4,20260811,82,1,1,1,0,0,1,22,43,1,1,391.36694398727127,339.6461705996305,0,0,0,0,0,0,20266920,1490544
low_latency,18,16,4,20260811,83,1,1,1,0,0,1,28,24,1,1,315.7427094384781,376.6489398256998,0,0,0,0,0,0,25775784,1897056
low_latency,18,16,4,20260811,84,1,1,1,0,0,1,68,34,1,1,348.9497279703652,347.47073959380543,0,0,0,6340950,1061317,0,62501544,4607136
low_latency,18,16,4,20260811,85,1,1,1,0,0,1,24,26,1,1,359.89639975504576,368.4111071280349,0,0,0,0,0,0,22103208,1626048
low_latency,18,16,4,20260811,86,1,1,1,0,0,1,15,21,1,1,402.2020801580414,371.45916373392015,0,0,0,0,0,0,13839912,1016280
low_latency,18,16,4,20260811,87,1,1,1,0,0,1,30,22,1,1,339.1691574782235,332.69635528423316,0,0,0,0,0,0,27612072,2032560
low_latency,18,16,4,20260811,88,0,0,0,0,1,0,260,260,4,4,,,0,0,0,8467181,1405547,0,238785192,17615520
low_latency,18,16,4,20260811,89,0,0,0,0,1,0,260,260,4,4,,,0,0,0,11591505,1926124,0,238785192,17615520
low_latency,18,16,4,20260811,90,1,1,1,0,0,1,18,19,1,1,266.0833490061839,248.5390381696219,0,0,0,0,0,0,16594344,1219536
low_latency,18,16,4,20260811,91,1,1,1,0,0,1,214,26,4,1,368.28137643583136,325.97872445829364,0,0,0,17156035,2854277,0,196550568,14498928
low_latency,18,16,4,20260811,92,1,1,1,0,0,1,24,20,1,1,332.66585075694934,344.0726973434448,0,0,0,0,0,0,22103208,1626048
low_latency,18,16,4,20260811,93,1,1,1,0,0,1,24,39,1,1,356.59127371710576,342.14692708559517,0,0,0,0,0,0,22103208,1626048
low_latency,18,16,4,20260811,94,1,1,1,0,0,1,34,35,1,1,391.335572907109,390.64242576667743,0,0,0,137,66,0,31284648,2303568
low_latency,18,16,4,20260811,95,1,1,1,0,0,1,38,24,1,1,388.8029178083958,366.0463554212187,0,0,0,3180,833,0,34957224,2574576
low_latency,18,16,4,20260811,96,1,1,1,0,0,1,32,53,1,1,307.8303582970109,312.40196883544706,0,0,0,2249,792,0,29448360,2168064
low_latency,18,16,4,20260811,97,1,1,1,0,0,1,33,35,1,1,329.7211905199242,321.65807455359396,0,0,0,3688,958,0,30366504,2235816
low_latency,18,16,4,20260811,98,1,1,1,0,0,1,125,40,2,1,346.3126737646031,350.4627587480217,0,0,0,8407901,1429796,0,114835752,8469000
low_latency,18,16,4,20260811,99,1,1,1,0,0,1,23,25,1,1,399.59590512292357,393.1045969814098,0,0,0,0,0,0,21185064,1558296
low_latency,18,16,4,20260811,100,1,1,1,0,0,1,28,22,1,1,308.7778709004791,320.0218523209311,0,0,0,0,0,0,25775784,1897056
low_latency,18,16,4,20260811,101,1,1,1,0,0,1,25,41,1,1,281.5881275107177,310.3605661874101,0,0,0,0,0,0,23021352,1693800
low_latency,18,16,4,20260811,102,1,1,1,0,0,1,26,20,1,1,350.19844508272354,342.71146874002136,0,0,0,0,0,0,23939496,1761552
low_latency,18,16,4,20260811,103,1,1,1,0,0,1,59,108,1,2,420.01962400377784,468.54844284436257,0,0,0,2880234,511795,0,54238248,3997368
low_latency,18,16,4,20260811,104,1,1,1,0,0,0,35,260,1,4,277.7980874524941,,0,0,0,228197,48555,0,32202792,2371320
low_latency,18,16,4,20260811,105,1,1,1,0,0,1,40,24,1,1,361.6006186230934,387.1453837982566,0,0,0,531022,104567,0,36793512,2710080
low_latency,18,16,4,20260811,106,1,1,1,0,0,1,29,41,1,1,296.4385355978579,312.11519189307097,0,0,0,0,0,0,26693928,1964808
low_latency,18,16,4,20260811,107,1,1,1,0,0,1,14,10,1,1,212.91150769673595,205.6180083746308,0,0,0,0,0,0,12921768,948528
low_latency,18,16,4,20260811,108,1,1,1,0,0,1,22,29,1,1,321.7724623358846,303.60055109270354,0,0,0,0,0,0,20266920,1490544
low_latency,18,16,4,20260811,109,1,1,1,0,0,1,30,58,1,1,365.21194283568445,340.0409368398708,0,0,0,0,0,0,27612072,2032560
low_latency,18,16,4,20260811,110,1,1,1,0,0,1,32,38,1,1,319.264631917845,316.1812097376424,0,0,0,0,0,0,29448360,2168064
low_latency,18,16,4,20260811,111,1,1,1,0,0,1,30,38,1,1,362.88661233150174,409.76875425245396,0,0,0,0,0,0,27612072,2032560
low_latency,18,16,4,20260811,112,1,1,1,0,0,1,27,29,1,1,347.46923167141824,345.45353935025344,0,0,0,0,0,0,24857640,1829304
low_latency,18,16,4,20260811,113,1,1,1,0,0,1,34,29,1,1,358.9956205869761,344.4878958561114,0,0,0,0,0,0,31284648,2303568
low_latency,18,16,4,20260811,114,1,1,1,0,0,1,58,32,1,1,304.7277873904246,277.2171984072662,0,0,0,7936853,1332143,0,53320104,3929616
low_latency,18,16,4,20260811,115,1,1,1,0,0,1,28,60,1,1,355.83274894932924,382.4102726353649,0,0,0,0,0,0,25775784,1897056
low_latency,18,16,4,20260811,116,1,1,1,0,0,1,25,33,1,1,426.681995283382,394.8168550562574,0,0,0,0,0,0,23021352,1693800
low_latency,18,16,4,20260811,117,1,1,1,0,0,1,22,44,1,1,333.56506186058857,329.0796873900657,0,0,0,0,0,0,20266920,1490544
low_latency,18,16,4,20260811,118,1,1,1,0,0,1,25,26,1,1,329.3852895911089,344.3935691795101,0,0,0,0,0,0,23021352,1693800
low_latency,18,16,4,20260811,119,1,1,1,0,0,1,14,13,1,1,312.92092868015783,320.01956260793014,0,0,0,0,0,0,12921768,948528
low_latency,18,16,4,20260811,120,1,1,1,0,0,1,40,34,1,1,341.4762790301352,356.61174448334054,0,0,0,1482651,267916,0,36793512,2710080
low_latency,18,16,4,20260811,121,1,1,1,0,0,1,40,28,1,1,355.5428215204845,338.7521528407234,0,0,0,19910,4653,0,36793512,2710080
low_latency,18,16,4,20260811,122,1,1,1,0,0,1,21,19,1,1,321.8637668483584,391.783992267762,0,0,0,0,0,0,19348776,1422792
low_latency,18,16,4,20260811,123,1,1,1,0,0,1,27,26,1,1,311.2684692633176,285.8174063479526,0,0,0,106,46,0,24857640,1829304
low_latency,18,16,4,20260811,124,1,1,1,0,0,1,27,22,1,1,236.85906242362532,304.54982036433637,0,0,0,0,0,0,24857640,1829304
low_latency,18,16,4,20260811,125,1,1,1,0,0,1,157,144,3,3,388.1721150564407,365.0025843352477,0,0,0,12786989,2146086,0,144216360,10637064
low_latency,18,16,4,20260811,126,1,1,1,0,0,1,29,18,1,1,333.17707230193685,271.45392278510127,0,0,0,0,0,0,26693928,1964808
low_latency,18,16,4,20260811,127,1,1,1,0,0,1,34,19,1,1,275.0040561759737,341.1770092080748,0,0,0,589779,115846,0,31284648,2303568
low_latency,18,16,4,20260812,0,1,1,1,0,0,1,25,20,1,1,438.6404458329534,436.5197715002364,0,0,0,0,0,0,23021352,1693800
low_latency,18,16,4,20260812,1,1,1,1,0,0,1,23,18,1,1,304.03879830808467,306.6642146765293,0,0,0,0,0,0,21185064,1558296
low_latency,18,16,4,20260812,2,1,1,1,0,0,1,36,21,1,1,233.9144437939978,227.07702204659108,0,0,0,2059317,361730,0,33120936,2439072
low_latency,18,16,4,20260812,3,1,1,1,0,0,1,45,83,1,2,296.404625786425,291.55790477372034,0,0,0,4544878,769073,0,41384232,3048840
low_latency,18,16,4,20260812,4,1,1,1,0,0,1,22,49,1,1,278.1361715059813,285.64027079600805,0,0,0,0,0,0,20266920,1490544
low_latency,18,16,4,20260812,5,1,1,1,0,0,1,23,21,1,1,290.35090078993886,295.2370915150707,0,0,0,0,0,0,21185064,1558296
low_latency,18,16,4,20260812,6,1,1,1,0,0,1,33,28,1,1,313.90096164868135,312.2084790000639,0,0,0,4051,977,0,30366504,2235816
low_latency,18,16,4,20260812,7,1,1,1,0,0,1,29,33,1,1,389.26193869766803,376.9105464849191,0,0,0,0,0,0,26693928,1964808
low_latency,18,16,4,20260812,8,1,1,1,0,0,1,23,33,1,1,318.4626091457743,274.3366256979524,0,0,0,0,0,0,21185064,1558296
low_latency,18,16,4,20260812,9,1,1,1,0,0,1,37,35,1,1,310.8756651714451,315.3349581098211,0,0,0,10337,2675,0,34039080,2506824
low_latency,18,16,4,20260812,10,1,1,1,0,0,1,25,19,1,1,368.6792364338761,346.36567468816867,0,0,0,0,0,0,23021352,1693800
low_latency,18,16,4,20260812,11,1,1,1,0,0,1,130,28,2,1,332.1357219234383,338.1028561336176,0,0,0,14741517,2453018,0,119426472,8807760
low_latency,18,16,4,20260812,12,1,1,1,0,0,1,34,43,1,1,372.94070167310554,370.30047666831763,0,0,0,1347,466,0,31284648,2303568
low_latency,18,16,4,20260812,13,1,1,1,0,0,1,18,29,1,1,341.9891990223394,294.595644590318,0,0,0,0,0,0,16594344,1219536
low_latency,18,16,4,20260812,14,1,1,1,0,0,1,94,28,2,1,388.6028205074618,371.262768556567,0,0,0,16143635,2675089,0,86373288,6368688
low_latency,18,16,4,20260812,15,1,1,1,0,0,1,92,92,2,2,459.5126974732451,430.7573248245004,0,0,0,12139626,2022734,0,84537000,6233184
low_latency,18,16,4,20260812,16,0,1,0,0,1,1,260,31,4,1,,420.2375896584432,0,0,0,12155569,2028178,0,238785192,17615520
low_latency,18,16,4,20260812,17,1,1,1,0,0,1,30,43,1,1,367.8527323023482,326.85694294431363,0,0,0,0,0,0,27612072,2032560
low_latency,18,16,4,20260812,18,1,1,1,0,0,1,29,22,1,1,304.3994747079175,356.76369007373313,0,0,0,0,0,0,26693928,1964808
low_latency,18,16,4,20260812,19,1,1,1,0,0,1,11,18,1,1,236.2441230387979,268.67289583081913,0,0,0,0,0,0,10167336,745272
low_latency,18,16,4,20260812,20,1,1,1,0,0,1,57,97,1,2,323.3402469797408,322.70736466529587,0,0,0,5920724,996587,0,52401960,3861864
low_latency,18,16,4,20260812,21,1,1,1,0,0,1,19,23,1,1,289.3983115268237,289.535760985581,0,0,0,0,0,0,17512488,1287288
low_latency,18,16,4,20260812,22,1,1,1,0,0,1,20,35,1,1,341.3463518799986,374.17446781399747,0,0,0,0,0,0,18430632,1355040
low_latency,18,16,4,20260812,23,1,1,1,0,0,1,33,53,1,1,338.14691690259,339.9837202705264,0,0,0,18157,4027,0,30366504,2235816
low_latency,18,16,4,20260812,24,1,1,1,0,0,1,94,25,2,1,404.24022065899237,368.78207766784817,0,0,0,15580376,2581525,0,86373288,6368688
low_latency,18,16,4,20260812,25,1,1,1,0,0,1,74,25,1,1,361.58861319700605,363.95000408929667,0,0,0,13013068,2161899,0,68010408,5013648
low_latency,18,16,4,20260812,26,1,1,1,0,0,0,21,260,1,4,388.71180625441065,,0,0,0,0,0,0,19348776,1422792
low_latency,18,16,4,20260812,27,1,1,1,0,0,1,127,45,2,1,401.92739101963843,370.4246912508262,0,0,0,10598997,1774720,0,116672040,8604504
low_latency,18,16,4,20260812,28,1,1,1,0,0,1,24,21,1,1,315.5931456524138,314.1377685761714,0,0,0,0,0,0,22103208,1626048
low_latency,18,16,4,20260812,29,1,1,1,0,0,1,23,21,1,1,229.1588111767497,327.60128852658295,0,0,0,0,0,0,21185064,1558296
low_latency,18,16,4,20260812,30,1,1,1,0,0,1,21,25,1,1,340.78292310142774,374.24014432910883,0,0,0,0,0,0,19348776,1422792
low_latency,18,16,4,20260812,31,1,1,1,0,0,0,33,260,1,4,411.0174922983248,,0,0,0,0,0,0,30366504,2235816
low_latency,18,16,4,20260812,32,1,1,1,0,0,1,23,21,1,1,280.606797038507,321.49226940563267,0,0,0,0,0,0,21185064,1558296
low_latency,18,16,4,20260812,33,1,1,1,0,0,1,18,13,1,1,245.72046493747033,245.02731779703873,0,0,0,0,0,0,16594344,1219536
low_latency,18,16,4,20260812,34,1,1,1,0,0,1,25,30,1,1,289.9825713621567,312.39365303700936,0,0,0,0,0,0,23021352,1693800
low_latency,18,16,4,20260812,35,1,1,1,0,0,1,16,33,1,1,290.13825661343543,323.8813919095372,0,0,0,0,0,0,14758056,1084032
low_latency,18,16,4,20260812,36,1,1,1,0,0,1,13,20,1,1,326.3783342626157,320.37860494209514,0,0,0,0,0,0,12003624,880776
low_latency,18,16,4,20260812,37,1,1,1,0,0,1,48,29,1,1,375.6521349524848,422.2188700361146,0,0,0,2059039,356727,0,44138664,3252096
low_latency,18,16,4,20260812,38,1,1,1,0,0,1,51,18,1,1,313.82341002359675,347.597208178417,0,0,0,2541456,453200,0,46893096,3455352
low_latency,18,16,4,20260812,39,1,1,1,0,0,1,58,35,1,1,369.537424521434,351.28473351476356,0,0,0,7365421,1235302,0,53320104,3929616
low_latency,18,16,4,20260812,40,1,1,1,0,0,1,36,32,1,1,313.9647802025342,308.0538427432989,0,0,0,10928,2832,0,33120936,2439072
low_latency,18,16,4,20260812,41,1,1,1,0,0,1,44,35,1,1,328.97280648985935,384.47929980238365,0,0,0,2343602,412303,0,40466088,2981088
low_latency,18,16,4,20260812,42,1,1,1,0,0,1,18,47,1,1,298.9678875102346,327.42117814170393,0,0,0,0,0,0,16594344,1219536
low_latency,18,16,4,20260812,43,1,1,1,0,0,1,21,28,1,1,343.86733655922126,364.6139317665576,0,0,0,0,0,0,19348776,1422792
low_latency,18,16,4,20260812,44,1,1,1,0,0,1,16,19,1,1,364.6566120115125,377.5126181155498,0,0,0,0,0,0,14758056,1084032
low_latency,18,16,4,20260812,45,1,1,1,0,0,1,31,99,1,2,420.86173511877564,429.7743969158564,0,0,0,8,8,0,28530216,2100312
low_latency,18,16,4,20260812,46,1,1,1,0,0,1,73,33,1,1,455.58381645548883,418.73479857922007,0,0,0,8710984,1449926,0,67092264,4945896
low_latency,18,16,4,20260812,47,1,1,1,0,0,1,40,147,1,3,412.7930497933978,391.6255366904232,0,0,0,641008,125756,0,36793512,2710080
low_latency,18,16,4,20260812,48,1,1,1,0,0,1,45,29,1,1,309.8985239314869,255.6873913901798,0,0,0,2483393,434660,0,41384232,3048840
low_latency,18,16,4,20260812,49,1,1,1,0,0,1,46,27,1,1,401.4779548978722,379.31340082064946,0,0,0,695660,138333,0,42302376,3116592
low_latency,18,16,4,20260812,50,1,1,1,0,0,1,38,23,1,1,356.4101109989491,337.031714450167,0,0,0,0,0,0,34957224,2574576
low_latency,18,16,4,20260812,51,1,1,1,0,0,1,35,28,1,1,337.0155288353708,360.26733218200155,0,0,0,1040643,193936,0,32202792,2371320
low_latency,18,16,4,20260812,52,1,1,1,0,0,1,20,18,1,1,302.46004419816325,326.65998832102775,0,0,0,0,0,0,18430632,1355040
low_latency,18,16,4,20260812,53,1,1,1,0,0,1,43,22,1,1,323.7766157587237,340.09614480547674,0,0,0,1045156,193733,0,39547944,2913336
low_latency,18,16,4,20260812,54,1,1,1,0,0,1,147,46,3,1,364.4286858200258,319.9263869071459,0,0,0,15937285,2665268,0,135034920,9959544
low_latency,18,16,4,20260812,55,1,1,1,0,0,1,100,33,2,1,358.4218727682621,346.660148194832,0,0,0,16349050,2708059,0,91882152,6775200
low_latency,18,16,4,20260812,56,1,1,1,0,0,1,192,53,3,1,344.9351748222615,330.40740509759917,0,0,0,75779,21848,0,176351400,13008384
low_latency,18,16,4,20260812,57,1,1,1,0,0,1,103,32,2,1,364.6936078302324,363.313910577607,0,0,0,14074483,2337302,0,94636584,6978456
low_latency,18,16,4,20260812,58,1,1,1,0,0,1,24,23,1,1,364.96635536461224,306.3546604485922,0,0,0,0,0,0,22103208,1626048
low_latency,18,16,4,20260812,59,1,1,1,0,0,1,41,35,1,1,362.80694680319345,361.7636160471902,0,0,0,0,0,0,37711656,2777832
low_latency,18,16,4,20260812,60,1,1,1,0,0,1,29,16,1,1,254.82029342776767,269.59620937792516,0,0,0,0,0,0,26693928,1964808
low_latency,18,16,4,20260812,61,1,1,1,0,0,1,26,166,1,3,285.57247256030075,343.71305472015536,0,0,0,0,0,0,23939496,1761552
low_latency,18,16,4,20260812,62,1,1,1,0,0,1,30,48,1,1,394.7773302735211,380.00652961117885,0,0,0,0,0,0,27612072,2032560
low_latency,18,16,4,20260812,63,1,1,1,0,0,1,64,41,1,1,380.15433982945626,337.45399250487725,0,0,0,7250635,1223474,0,58828968,4336128
low_latency,18,16,4,20260812,64,1,1,1,0,0,1,25,80,1,1,441.4040216925581,414.0281796697244,0,0,0,0,0,0,23021352,1693800
low_latency,18,16,4,20260812,65,1,1,1,0,0,1,30,30,1,1,356.02023190800605,341.1126089713282,0,0,0,0,0,0,27612072,2032560
low_latency,18,16,4,20260812,66,1,1,1,0,0,1,29,28,1,1,394.53818179185555,426.53270720096816,0,0,0,0,0,0,26693928,1964808
low_latency,18,16,4,20260812,67,1,1,1,0,0,1,38,34,1,1,382.5538780409343,376.32263142020355,0,0,0,0,0,0,34957224,2574576
low_latency,18,16,4,20260812,68,1,1,1,0,0,1,34,61,1,1,277.865185656442,299.7973192599499,0,0,0,48762,11074,0,31284648,2303568
low_latency,18,16,4,20260812,69,1,1,1,0,0,1,71,38,1,1,396.1926137720878,407.5248358760693,0,0,0,7334497,1247044,0,65255976,4810392
low_latency,18,16,4,20260812,70,1,1,1,0,0,1,22,29,1,1,338.84631270942396,330.61928775666564,0,0,0,0,0,0,20266920,1490544
low_latency,18,16,4,20260812,71,1,1,1,0,0,1,48,106,1,2,411.36240679315347,434.61602918668177,0,0,0,2598573,449001,0,44138664,3252096
low_latency,18,16,4,20260812,72,1,1,1,0,0,1,64,37,1,1,389.64681842703556,383.7191074858303,0,0,0,4679481,808858,0,58828968,4336128
low_latency,18,16,4,20260812,73,1,1,1,0,0,0,46,260,1,4,366.1569124695609,,0,0,0,1949013,341510,0,42302376,3116592
low_latency,18,16,4,20260812,74,1,1,1,0,0,1,22,34,1,1,248.5470517357317,248.9516327615676,0,0,0,0,0,0,20266920,1490544
low_latency,18,16,4,20260812,75,1,1,1,0,0,1,23,41,1,1,376.3729998761279,398.7727976897486,0,0,0,0,0,0,21185064,1558296
low_latency,18,16,4,20260812,76,1,1,1,0,0,1,36,17,1,1,443.39039755163003,371.68792864058435,0,0,0,0,0,0,33120936,2439072
low_latency,18,16,4,20260812,77,1,1,1,0,0,1,22,24,1,1,358.2802605245878,387.82239637231305,0,0,0,0,0,0,20266920,1490544
low_latency,18,16,4,20260812,78,1,1,1,0,0,1,51,53,1,1,432.41752167383015,431.569904401166,0,0,0,2637602,456241,0,46893096,3455352
low_latency,18,16,4,20260812,79,1,1,1,0,0,1,30,29,1,1,310.8121322176341,374.809939822754,0,0,0,504438,98505,0,27612072,2032560
low_latency,18,16,4,20260812,80,1,1,1,0,0,1,28,25,1,1,320.4605694766267,303.7984014316621,0,0,0,0,0,0,25775784,1897056
low_latency,18,16,4,20260812,81,1,1,1,0,0,1,37,32,1,1,317.5724892366905,293.7180048947099,0,0,0,0,0,0,34039080,2506824
low_latency,18,16,4,20260812,82,1,1,1,0,0,1,25,29,1,1,364.0693075354386,355.895274948315,0,0,0,0,0,0,23021352,1693800
low_latency,18,16,4,20260812,83,1,1,1,0,0,1,86,86,2,2,405.361652260563,414.6727728632028,0,0,0,15643616,2590709,0,79028136,5826672
low_latency,18,16,4,20260812,84,1,1,1,0,0,1,36,32,1,1,348.771080700209,401.86879306556733,0,0,0,0,0,0,33120936,2439072
low_latency,18,16,4,20260812,85,1,1,1,0,0,1,29,85,1,2,361.69268490827847,356.44830477916423,0,0,0,0,0,0,26693928,1964808
low_latency,18,16,4,20260812,86,1,1,1,0,0,1,35,85,1,2,365.49953931244096,353.90853211869523,0,0,0,0,0,0,32202792,2371320
low_latency,18,16,4,20260812,87,1,1,1,0,0,1,100,21,2,1,344.4451117628988,336.5006638775774,0,0,0,17452555,2889422,0,91882152,6775200
low_latency,18,16,4,20260812,88,1,1,1,0,0,1,27,22,1,1,375.91366880018745,388.74627422715804,0,0,0,0,0,0,24857640,1829304
low_latency,18,16,4,20260812,89,1,1,1,0,0,1,18,15,1,1,249.27523847893954,252.60861062415904,0,0,0,0,0,0,16594344,1219536
low_latency,18,16,4,20260812,90,1,1,1,0,0,1,15,22,1,1,264.2028324580343,286.7451967392052,0,0,0,0,0,0,13839912,1016280
low_latency,18,16,4,20260812,91,1,1,1,0,0,1,23,26,1,1,341.8405795638909,365.307911665685,0,0,0,0,0,0,21185064,1558296
low_latency,18,16,4,20260812,92,1,1,1,0,0,1,16,39,1,1,412.63672998251855,407.48975524567436,0,0,0,0,0,0,14758056,1084032
low_latency,18,16,4,20260812,93,1,1,1,0,0,1,35,24,1,1,339.03876966092764,338.0655531251256,0,0,0,0,0,0,32202792,2371320
low_latency,18,16,4,20260812,94,1,1,1,0,0,1,39,28,1,1,330.42780729731066,371.1261826474308,0,0,0,5365,1572,0,35875368,2642328
low_latency,18,16,4,20260812,95,1,1,1,0,0,1,23,30,1,1,315.35796107736314,298.5059124027605,0,0,0,0,0,0,21185064,1558296
low_latency,18,16,4,20260812,96,1,1,1,0,0,1,24,42,1,1,419.93421456309466,338.5283846899328,0,0,0,0,0,0,22103208,1626048
low_latency,18,16,4,20260812,97,1,1,1,0,0,1,27,86,1,2,325.724745650625,319.902805738345,0,0,0,0,0,0,24857640,1829304
low_latency,18,16,4,20260812,98,1,1,1,0,0,1,30,46,1,1,403.01476107339363,418.80075074398684,0,0,0,0,0,0,27612072,2032560
low_latency,18,16,4,20260812,99,1,1,1,0,0,1,28,38,1,1,327.57298812551846,345.7561727059149,0,0,0,0,0,0,25775784,1897056
low_latency,18,16,4,20260812,100,1,1,1,0,0,1,50,38,1,1,384.6597276448132,383.4596623579074,0,0,0,2144977,378543,0,45974952,3387600
low_latency,18,16,4,20260812,101,1,1,1,0,0,1,102,95,2,2,378.99178836488875,385.2229259941645,0,0,0,8916643,1487923,0,93718440,6910704
low_latency,18,16,4,20260812,102,1,1,1,0,0,1,21,37,1,1,380.6366084418912,373.31799229035175,0,0,0,0,0,0,19348776,1422792
low_latency,18,16,4,20260812,103,1,1,1,0,0,1,43,36,1,1,336.90656788392874,331.36670005181935,0,0,0,728360,140633,0,39547944,2913336
low_latency,18,16,4,20260812,104,1,1,1,0,0,1,19,17,1,1,357.4138418064703,342.3149288997753,0,0,0,0,0,0,17512488,1287288
low_latency,18,16,4,20260812,105,0,0,0,0,1,0,260,260,4,4,,,0,0,0,11670600,1941923,0,238785192,17615520
low_latency,18,16,4,20260812,106,1,1,1,0,0,1,31,20,1,1,394.00234803553855,394.73985084546564,0,0,0,98794,19899,0,28530216,2100312
low_latency,18,16,4,20260812,107,1,1,1,0,0,1,168,103,3,2,337.93975912315466,347.2203934221079,0,0,0,14892958,2492273,0,154315944,11382336
low_latency,18,16,4,20260812,108,1,1,1,0,0,1,27,27,1,1,394.31551835742596,377.1709502882819,0,0,0,0,0,0,24857640,1829304
low_latency,18,16,4,20260812,109,1,1,1,0,0,1,20,41,1,1,322.3365405362646,320.13323376200583,0,0,0,0,0,0,18430632,1355040
low_latency,18,16,4,20260812,110,1,1,1,0,0,1,20,13,1,1,183.05494180327491,181.49747475777087,0,0,0,0,0,0,18430632,1355040
low_latency,18,16,4,20260812,111,1,1,1,0,0,1,34,41,1,1,391.59554142657464,387.0294615186163,0,0,0,0,0,0,31284648,2303568
low_latency,18,16,4,20260812,112,1,1,1,0,0,1,43,47,1,1,331.2135708320345,311.52823875056015,0,0,0,228876,46391,0,39547944,2913336
low_latency,18,16,4,20260812,113,1,1,1,0,0,1,59,34,1,1,407.2839752908963,397.7014412041411,0,0,0,6820774,1143709,0,54238248,3997368
low_latency,18,16,4,20260812,114,1,1,1,0,0,1,18,16,1,1,376.30175681371196,362.6696780355107,0,0,0,0,0,0,16594344,1219536
low_latency,18,16,4,20260812,115,1,1,1,0,0,1,27,17,1,1,382.42586630727544,392.7025538380016,0,0,0,0,0,0,24857640,1829304
low_latency,18,16,4,20260812,116,1,1,1,0,0,1,25,22,1,1,328.874621075027,320.2597530131729,0,0,0,0,0,0,23021352,1693800
low_latency,18,16,4,20260812,117,1,1,1,0,0,1,26,24,1,1,352.9412195825846,370.651701132769,0,0,0,0,0,0,23939496,1761552
low_latency,18,16,4,20260812,118,1,1,1,0,0,1,59,45,1,1,417.56175888924724,395.7567076209075,0,0,0,8039602,1343235,0,54238248,3997368
low_latency,18,16,4,20260812,119,1,1,1,0,0,0,25,260,1,4,315.17217926862486,,0,0,0,0,0,0,23021352,1693800
low_latency,18,16,4,20260812,120,1,1,1,0,0,1,13,29,1,1,305.11918448890356,309.99698307406715,0,0,0,0,0,0,12003624,880776
low_latency,18,16,4,20260812,121,1,1,1,0,0,1,65,44,1,1,352.7928961859316,356.83964524352393,0,0,0,8745395,1464057,0,59747112,4403880
low_latency,18,16,4,20260812,122,1,1,1,0,0,1,31,28,1,1,343.54297825413096,342.30297215115786,0,0,0,9,6,0,28530216,2100312
low_latency,18,16,4,20260812,123,1,1,1,0,0,1,34,36,1,1,424.75021617604745,407.54409361450223,0,0,0,276,102,0,31284648,2303568
low_latency,18,16,4,20260812,124,1,1,1,0,0,1,34,24,1,1,413.5323488431959,337.2883026642484,0,0,0,0,0,0,31284648,2303568
low_latency,18,16,4,20260812,125,1,1,1,0,0,1,56,34,1,1,435.82644222556144,399.6093371646509,0,0,0,4445661,755689,0,51483816,3794112
low_latency,18,16,4,20260812,126,1,1,1,0,0,1,23,23,1,1,338.87336339645447,337.7204770557595,0,0,0,0,0,0,21185064,1558296
low_latency,18,16,4,20260812,127,1,1,1,0,0,1,33,29,1,1,342.67644184646906,378.2345324091849,0,0,0,21,14,0,30366504,2235816
low_latency,18,16,4,20260813,0,1,1,1,0,0,1,224,191,4,3,332.88736292297745,327.942249573218,0,0,0,16327825,2741803,0,205732008,15176448
low_latency,18,16,4,20260813,1,1,1,1,0,0,1,21,30,1,1,357.2914331515125,321.1984073170287,0,0,0,0,0,0,19348776,1422792
low_latency,18,16,4,20260813,2,1,1,1,0,0,1,27,23,1,1,404.23575525068475,397.57543228840905,0,0,0,0,0,0,24857640,1829304
low_latency,18,16,4,20260813,3,1,1,1,0,0,1,26,21,1,1,337.2309231730778,294.03879410917034,0,0,0,0,0,0,23939496,1761552
low_latency,18,16,4,20260813,4,1,1,1,0,0,1,25,27,1,1,348.78278983846434,338.2292360522222,0,0,0,0,0,0,23021352,1693800
low_latency,18,16,4,20260813,5,1,1,1,0,0,1,70,90,1,2,256.4322641917446,254.8429571242275,0,0,0,11943389,1992009,0,64337832,4742640
low_latency,18,16,4,20260813,6,1,1,1,0,0,1,98,29,2,1,329.54957851623857,363.9986353154242,0,0,0,14766988,2450769,0,90045864,6639696
low_latency,18,16,4,20260813,7,1,1,1,0,0,1,17,19,1,1,325.5595569269899,322.22706879716213,0,0,0,0,0,0,15676200,1151784
low_latency,18,16,4,20260813,8,1,1,1,0,0,1,32,25,1,1,350.1781904587092,343.57872197140046,0,0,0,45,28,0,29448360,2168064
low_latency,18,16,4,20260813,9,1,1,1,0,0,1,121,85,2,2,405.2284618351064,411.08620532348704,0,0,0,11528853,1910899,0,111163176,8197992
low_latency,18,16,4,20260813,10,1,1,1,0,0,1,56,94,1,2,369.4607404491426,389.4638765371068,0,0,0,1204523,219763,0,51483816,3794112
low_latency,18,16,4,20260813,11,1,1,1,0,0,1,19,30,1,1,292.4846710151942,263.79758398974,0,0,0,0,0,0,17512488,1287288
low_latency,18,16,4,20260813,12,1,1,1,0,0,1,12,30,1,1,303.81627719348353,304.550657887391,0,0,0,0,0,0,11085480,813024
low_latency,18,16,4,20260813,13,1,1,1,0,0,1,18,21,1,1,343.41326228620784,335.3022522446897,0,0,0,0,0,0,16594344,1219536
low_latency,18,16,4,20260813,14,1,1,1,0,0,1,27,125,1,2,369.2662689538034,396.5651983616972,0,0,0,0,0,0,24857640,1829304
low_latency,18,16,4,20260813,15,1,1,1,0,0,1,153,114,3,2,362.04278883986797,334.87056621247797,0,0,0,13559325,2253837,0,140543784,10366056
low_latency,18,16,4,20260813,16,1,1,1,0,0,1,38,62,1,1,362.82187196842585,366.83417420753267,0,0,0,169630,36164,0,34957224,2574576
low_latency,18,16,4,20260813,17,1,1,1,0,0,1,26,31,1,1,388.0456126317609,398.40988922641657,0,0,0,0,0,0,23939496,1761552
low_latency,18,16,4,20260813,18,1,1,1,0,0,1,28,45,1,1,284.87102468563717,287.5140629862135,0,0,0,0,0,0,25775784,1897056
low_latency,18,16,4,20260813,19,1,1,1,0,0,1,32,24,1,1,405.2282959378695,388.3367400147191,0,0,0,1670,487,0,29448360,2168064
low_latency,18,16,4,20260813,20,1,1,1,0,0,1,42,142,1,3,319.1920816806416,346.34990553936103,0,0,0,671092,128911,0,38629800,2845584
low_latency,18,16,4,20260813,21,1,1,1,0,0,1,64,44,1,1,353.470729447975,398.57316820903765,0,0,0,6269435,1049749,0,58828968,4336128
low_latency,18,16,4,20260813,22,1,1,1,0,0,1,20,24,1,1,349.851078803326,329.32839236431755,0,0,0,0,0,0,18430632,1355040
low_latency,18,16,4,20260813,23,1,1,1,0,0,1,26,35,1,1,350.48698354546644,354.51631612690585,0,0,0,0,0,0,23939496,1761552
low_latency,18,16,4,20260813,24,1,1,1,0,0,1,32,37,1,1,311.5196768560181,315.89184971108915,0,0,0,50,30,0,29448360,2168064
low_latency,18,16,4,20260813,25,1,1,1,0,0,1,151,59,3,1,418.1127355540043,424.0351392561671,0,0,0,10098903,1685775,0,138707496,10230552
low_latency,18,16,4,20260813,26,1,1,1,0,0,1,18,14,1,1,279.83087349646235,282.0451285231401,0,0,0,0,0,0,16594344,1219536
low_latency,18,16,4,20260813,27,1,1,1,0,0,1,27,28,1,1,299.9857237226,279.3103704664742,0,0,0,0,0,0,24857640,1829304
low_latency,18,16,4,20260813,28,1,1,1,0,0,1,43,28,1,1,312.4850299089268,304.4301267694177,0,0,0,1607198,291071,0,39547944,2913336
low_latency,18,16,4,20260813,29,1,1,1,0,0,1,25,89,1,2,350.55464781843773,343.88401877555236,0,0,0,0,0,0,23021352,1693800
low_latency,18,16,4,20260813,30,1,1,1,0,0,1,27,34,1,1,388.1786242184488,386.940386025874,0,0,0,0,0,0,24857640,1829304
low_latency,18,16,4,20260813,31,1,1,1,0,0,1,31,33,1,1,336.56291763510524,324.7598412733876,0,0,0,0,0,0,28530216,2100312
low_latency,18,16,4,20260813,32,1,1,1,0,0,1,24,28,1,1,410.53204474795257,426.1593105894092,0,0,0,0,0,0,22103208,1626048
low_latency,18,16,4,20260813,33,1,1,1,0,0,1,29,36,1,1,377.7144928347095,320.93044997295385,0,0,0,0,0,0,26693928,1964808
low_latency,18,16,4,20260813,34,1,1,1,0,0,1,84,25,2,1,331.9796480200793,310.8506420983517,0,0,0,14375318,2389256,0,77191848,5691168
low_latency,18,16,4,20260813,35,1,1,1,0,0,1,67,27,1,1,379.09999220399527,335.68379849429965,0,0,0,2902055,513224,0,61583400,4539384
low_latency,18,16,4,20260813,36,1,1,1,0,0,1,76,20,1,1,354.3187855299692,353.258955005414,0,0,0,9865968,1650426,0,69846696,5149152
low_latency,18,16,4,20260813,37,1,1,1,0,0,1,28,24,1,1,248.7381233197583,254.37791531233654,0,0,0,980,321,0,25775784,1897056
low_latency,18,16,4,20260813,38,1,1,1,0,0,1,46,38,1,1,423.9472840737468,418.77831860042926,0,0,0,2529779,442209,0,42302376,3116592
low_latency,18,16,4,20260813,39,1,1,1,0,0,1,38,18,1,1,344.2570863249326,343.01796423735107,0,0,0,2140679,375102,0,34957224,2574576
low_latency,18,16,4,20260813,40,1,1,1,0,0,1,42,47,1,1,276.8857901310235,363.1640692513466,0,0,0,1360508,250492,0,38629800,2845584
low_latency,18,16,4,20260813,41,1,1,1,0,0,1,30,32,1,1,354.8304884907709,347.57420175836415,0,0,0,0,0,0,27612072,2032560
low_latency,18,16,4,20260813,42,1,1,1,0,0,1,18,17,1,1,292.8724187995557,280.96636813215787,0,0,0,0,0,0,16594344,1219536
low_latency,18,16,4,20260813,43,1,1,1,0,0,1,95,94,2,2,285.7213106142859,283.82599592417995,0,0,0,15641972,2594967,0,87291432,6436440
low_latency,18,16,4,20260813,44,1,1,1,0,0,1,29,17,1,1,339.3775655234087,329.26949587813056,0,0,0,18,12,0,26693928,1964808
low_latency,18,16,4,20260813,45,1,1,1,0,0,1,163,174,3,3,390.21591226358373,365.29437519037145,0,0,0,16603825,2756462,0,149725224,11043576
low_latency,18,16,4,20260813,46,1,1,1,0,0,1,28,19,1,1,302.7109197521736,272.58261784316204,0,0,0,0,0,0,25775784,1897056
low_latency,18,16,4,20260813,47,1,1,1,0,0,1,28,20,1,1,306.3029166030992,306.8767418756181,0,0,0,0,0,0,25775784,1897056
low_latency,18,16,4,20260813,48,1,1,1,0,0,1,20,28,1,1,357.2387529679846,432.5780940181603,0,0,0,0,0,0,18430632,1355040
low_latency,18,16,4,20260813,49,1,1,1,0,0,1,111,44,2,1,408.92960424844887,374.7904783706736,0,0,0,9663814,1632642,0,101981736,7520472
low_latency,18,16,4,20260813,50,1,1,1,0,0,1,36,36,1,1,345.41876251517823,350.84168803874195,0,0,0,12109,3130,0,33120936,2439072
low_latency,18,16,4,20260813,51,1,1,1,0,0,1,19,46,1,1,270.8177602441584,261.3928486981134,0,0,0,0,0,0,17512488,1287288
low_latency,18,16,4,20260813,52,1,1,1,0,0,1,59,18,1,1,318.9936529168249,313.4163697623837,0,0,0,7629722,1279949,0,54238248,3997368
low_latency,18,16,4,20260813,53,1,1,1,0,0,1,105,214,2,4,393.73089821993483,394.98037926400195,0,0,0,17196183,2848165,0,96472872,7113960
low_latency,18,16,4,20260813,54,1,1,1,0,0,1,72,38,1,1,334.6760148069003,313.517108074725,0,0,0,11188453,1857704,0,66174120,4878144
low_latency,18,16,4,20260813,55,1,1,1,0,0,1,32,26,1,1,305.8040569623696,296.37684310327086,0,0,0,0,0,0,29448360,2168064
low_latency,18,16,4,20260813,56,1,1,1,0,0,1,36,125,1,2,380.9591860581421,359.44040806794885,0,0,0,33600,7743,0,33120936,2439072
low_latency,18,16,4,20260813,57,1,1,1,0,0,1,27,66,1,1,315.6241613106896,318.01620542458113,0,0,0,82,42,0,24857640,1829304
low_latency,18,16,4,20260813,58,1,1,1,0,0,1,44,33,1,1,359.54951261713256,356.1786039085903,0,0,0,418180,87340,0,40466088,2981088
low_latency,18,16,4,20260813,59,1,1,1,0,0,0,104,260,2,4,392.0315136576256,,0,0,0,15654487,2594967,0,95554728,7046208
low_latency,18,16,4,20260813,60,1,1,1,0,0,1,28,32,1,1,307.92592138505063,321.32110899227763,0,0,0,0,0,0,25775784,1897056
low_latency,18,16,4,20260813,61,1,1,1,0,0,1,19,31,1,1,293.76343229783294,299.9959782897494,0,0,0,0,0,0,17512488,1287288
low_latency,18,16,4,20260813,62,1,1,1,0,0,1,79,84,1,2,360.8923728538904,348.21318505862956,0,0,0,9383816,1566743,0,72601128,5352408
low_latency,18,16,4,20260813,63,1,1,1,0,0,1,27,25,1,1,356.46860112998127,352.07792200635987,0,0,0,0,0,0,24857640,1829304
low_latency,18,16,4,20260813,64,1,1,1,0,0,1,24,12,1,1,318.2552628433698,297.84309604971196,0,0,0,0,0,0,22103208,1626048
low_latency,18,16,4,20260813,65,1,1,1,0,0,1,13,32,1,1,257.1615435259091,278.07488604877494,0,0,0,0,0,0,12003624,880776
low_latency,18,16,4,20260813,66,1,1,1,0,0,1,28,33,1,1,400.84925304662664,385.75122479737706,0,0,0,0,0,0,25775784,1897056
low_latency,18,16,4,20260813,67,1,1,1,0,0,1,87,24,2,1,332.2354620290347,325.4582044545121,0,0,0,11953172,1992789,0,79946280,5894424
low_latency,18,16,4,20260813,68,1,1,1,0,0,1,57,35,1,1,288.2726291480502,273.89382925035216,0,0,0,6740056,1135918,0,52401960,3861864
low_latency,18,16,4,20260813,69,1,1,1,0,0,1,24,12,1,1,291.1411667892532,278.1157059356673,0,0,0,0,0,0,22103208,1626048
low_latency,18,16,4,20260813,70,1,1,1,0,0,1,29,29,1,1,364.3627573759335,377.8963648298077,0,0,0,0,0,0,26693928,1964808
low_latency,18,16,4,20260813,71,1,1,1,0,0,0,129,260,2,4,446.8207386582859,,0,0,0,8144694,1366336,0,118508328,8740008
low_latency,18,16,4,20260813,72,1,1,1,0,0,1,24,72,1,1,296.90946758058624,293.2092538680656,0,0,0,0,0,0,22103208,1626048
low_latency,18,16,4,20260813,73,1,1,1,0,0,1,52,88,1,2,320.3536691237229,304.4325345076236,0,0,0,4787112,830751,0,47811240,3523104
low_latency,18,16,4,20260813,74,0,0,0,0,1,0,260,260,4,4,,,0,0,0,0,0,0,238785192,17615520
low_latency,18,16,4,20260813,75,1,1,1,0,0,1,61,24,1,1,318.00933608083017,300.9322744196139,0,0,0,1924362,356788,0,56074536,4132872
low_latency,18,16,4,20260813,76,1,1,1,0,0,1,23,15,1,1,262.7578562270542,245.58704788078867,0,0,0,0,0,0,21185064,1558296
low_latency,18,16,4,20260813,77,1,1,1,0,0,1,78,20,1,1,416.70099278848284,398.8820404582768,0,0,0,5744624,970235,0,71682984,5284656
low_latency,18,16,4,20260813,78,1,1,1,0,0,1,30,46,1,1,311.39337738348263,383.23265921029747,0,0,0,0,0,0,27612072,2032560
low_latency,18,16,4,20260813,79,1,1,1,0,0,1,26,27,1,1,300.94286178935005,299.8938337697269,0,0,0,0,0,0,23939496,1761552
low_latency,18,16,4,20260813,80,1,1,1,0,0,1,221,162,4,3,353.9453295853058,345.9221658605902,0,0,0,12601521,2105651,0,202977576,14973192
low_latency,18,16,4,20260813,81,1,1,1,0,0,1,34,18,1,1,287.48612453286466,284.64075618560594,0,0,0,419828,83169,0,31284648,2303568
low_latency,18,16,4,20260813,82,1,1,1,0,0,1,23,25,1,1,319.949548186268,336.58449290037936,0,0,0,0,0,0,21185064,1558296
low_latency,18,16,4,20260813,83,1,1,1,0,0,1,148,84,3,2,341.2207123424142,324.8554900470498,0,0,0,14291100,2377673,0,135953064,10027296
low_latency,18,16,4,20260813,84,1,1,1,0,0,1,16,17,1,1,238.76922066046473,243.3408311989009,0,0,0,0,0,0,14758056,1084032
low_latency,18,16,4,20260813,85,1,1,1,0,0,1,44,23,1,1,394.16733844589436,390.1603317323329,0,0,0,63458,13191,0,40466088,2981088
low_latency,18,16,4,20260813,86,1,1,1,0,0,1,38,24,1,1,283.0596511634259,279.4739560874712,0,0,0,935076,174499,0,34957224,2574576
low_latency,18,16,4,20260813,87,1,1,1,0,0,1,39,22,1,1,233.80907365321195,218.8582166341635,0,0,0,2214279,386608,0,35875368,2642328
low_latency,18,16,4,20260813,88,1,1,1,0,0,1,23,18,1,1,280.93481263506527,295.1622647573207,0,0,0,0,0,0,21185064,1558296
low_latency,18,16,4,20260813,89,0,1,0,0,1,1,260,34,4,1,,400.51813849270724,0,0,0,15868668,2673287,0,238785192,17615520
low_latency,18,16,4,20260813,90,1,1,1,0,0,1,13,41,1,1,287.9594323122336,299.86636731604995,0,0,0,0,0,0,12003624,880776
low_latency,18,16,4,20260813,91,1,1,1,0,0,1,21,38,1,1,266.34047644810926,254.53740008639164,0,0,0,0,0,0,19348776,1422792
low_latency,18,16,4,20260813,92,1,1,1,0,0,1,103,26,2,1,391.9454586636274,386.27623023830586,0,0,0,15647305,2594787,0,94636584,6978456
low_latency,18,16,4,20260813,93,1,1,1,0,0,1,17,22,1,1,269.62908510573516,272.556107793052,0,0,0,0,0,0,15676200,1151784
low_latency,18,16,4,20260813,94,1,1,1,0,0,1,28,33,1,1,329.4593141901498,311.81293046540657,0,0,0,439,206,0,25775784,1897056
low_latency,18,16,4,20260813,95,1,1,1,0,0,1,33,49,1,1,381.66564218259475,377.0825218989321,0,0,0,13915,3106,0,30366504,2235816
low_latency,18,16,4,20260813,96,1,1,1,0,0,1,29,33,1,1,320.3965118912975,348.8579747861179,0,0,0,0,0,0,26693928,1964808
low_latency,18,16,4,20260813,97,1,1,1,0,0,1,52,91,1,2,411.8021735078189,438.005036842078,0,0,0,1252284,231748,0,47811240,3523104
low_latency,18,16,4,20260813,98,1,1,1,0,0,1,36,35,1,1,358.129369742729,363.06805901014314,0,0,0,7879,1815,0,33120936,2439072
low_latency,18,16,4,20260813,99,1,1,1,0,0,1,30,23,1,1,363.9257005562024,346.3809746848733,0,0,0,0,0,0,27612072,2032560
low_latency,18,16,4,20260813,100,1,1,1,0,0,1,53,27,1,1,345.7706070774097,360.3151147188121,0,0,0,5271920,889308,0,48729384,3590856
low_latency,18,16,4,20260813,101,1,1,1,0,0,1,86,17,2,1,251.2938370822915,298.26800153110685,0,0,0,17460232,2890324,0,79028136,5826672
low_latency,18,16,4,20260813,102,0,1,0,0,1,1,260,43,4,1,,349.9496794210485,0,0,0,14351756,2407168,0,238785192,17615520
low_latency,18,16,4,20260813,103,1,1,1,0,0,1,123,44,2,1,413.36386584530715,373.3544009927977,0,0,0,15010579,2495702,0,112999464,8333496
low_latency,18,16,4,20260813,104,1,1,1,0,0,1,29,31,1,1,358.2815590673213,350.3152875934755,0,0,0,0,0,0,26693928,1964808
low_latency,18,16,4,20260813,105,1,1,1,0,0,1,50,98,1,2,340.6065017722722,322.41220534504396,0,0,0,2233968,411364,0,45974952,3387600
low_latency,18,16,4,20260813,106,1,1,1,0,0,1,30,24,1,1,323.8549599426309,314.1002467876954,0,0,0,0,0,0,27612072,2032560
low_latency,18,16,4,20260813,107,1,1,1,0,0,1,33,50,1,1,449.08766840238036,454.02682802105255,0,0,0,0,0,0,30366504,2235816
low_latency,18,16,4,20260813,108,1,1,1,0,0,1,19,34,1,1,274.16886743028215,245.1453988812899,0,0,0,0,0,0,17512488,1287288
low_latency,18,16,4,20260813,109,1,1,1,0,0,0,33,260,1,4,390.97258001745234,,0,0,0,0,0,0,30366504,2235816
low_latency,18,16,4,20260813,110,1,1,1,0,0,1,38,26,1,1,383.3255942532145,373.9778840621872,0,0,0,37735,8565,0,34957224,2574576
low_latency,18,16,4,20260813,111,1,1,1,0,0,1,92,111,2,2,296.44886998208796,313.3492285692124,0,0,0,17969923,2971800,0,84537000,6233184
low_latency,18,16,4,20260813,112,1,1,1,0,0,1,18,44,1,1,376.3102742304553,369.6379033484395,0,0,0,0,0,0,16594344,1219536
low_latency,18,16,4,20260813,113,1,1,1,0,0,1,90,28,2,1,244.17801137646083,248.65034492039683,0,0,0,18039032,2985282,0,82700712,6097680
low_latency,18,16,4,20260813,114,1,1,1,0,0,1,27,36,1,1,386.75666713130926,361.1384718093646,0,0,0,0,0,0,24857640,1829304
low_latency,18,16,4,20260813,115,1,1,1,0,0,1,24,17,1,1,321.6777879037828,334.67963777807824,0,0,0,0,0,0,22103208,1626048
low_latency,18,16,4,20260813,116,1,1,1,0,0,1,51,45,1,1,317.7574664641461,331.09658195762773,0,0,0,91174,19223,0,46893096,3455352
low_latency,18,16,4,20260813,117,1,1,1,0,0,1,28,31,1,1,297.2888574977323,298.8472088796549,0,0,0,0,0,0,25775784,1897056
low_latency,18,16,4,20260813,118,1,1,1,0,0,1,22,23,1,1,316.09331945135114,325.4434519014776,0,0,0,0,0,0,20266920,1490544
low_latency,18,16,4,20260813,119,1,1,1,0,0,1,24,31,1,1,333.21425384916176,336.4570276536355,0,0,0,0,0,0,22103208,1626048
low_latency,18,16,4,20260813,120,1,1,1,0,0,1,24,17,1,1,316.17890803226896,320.9872087872861,0,0,0,0,0,0,22103208,1626048
low_latency,18,16,4,20260813,121,1,1,1,0,0,1,38,30,1,1,446.63233814940884,448.62924113499713,0,0,0,417,150,0,34957224,2574576
low_latency,18,16,4,20260813,122,1,1,1,0,0,1,20,23,1,1,310.59728441390973,293.04571580544126,0,0,0,0,0,0,18430632,1355040
low_latency,18,16,4,20260813,123,1,1,1,0,0,1,97,48,2,1,312.0406546832912,303.2341382017859,0,0,0,16390736,2713772,0,89127720,6571944
low_latency,18,16,4,20260813,124,1,1,1,0,0,1,37,45,1,1,318.8607026738446,319.7205341663269,0,0,0,130,66,0,34039080,2506824
low_latency,18,16,4,20260813,125,1,1,1,0,0,1,33,55,1,1,348.98632513254216,375.44985907941475,0,0,0,0,0,0,30366504,2235816
low_latency,18,16,4,20260813,126,1,1,1,0,0,1,188,46,3,1,380.82195409085915,363.93036960579946,0,0,0,13271150,2197244,0,172678824,12737376
low_latency,18,16,4,20260813,127,1,1,1,0,0,1,21,65,1,1,312.40654202158265,315.1010415064334,0,0,0,0,0,0,19348776,1422792
