sample_seed,shot,global_iteration,relay_leg,iteration_in_leg,residual_weight,running_best,iterations_since_best,new_best,converged
20260809,0,1,1,1,159,136,1,0,0
20260809,0,2,1,2,183,136,2,0,0
20260809,0,3,1,3,102,102,0,1,0
20260809,0,4,1,4,78,78,0,1,0
20260809,0,5,1,5,90,78,1,0,0
20260809,0,6,1,6,82,78,2,0,0
20260809,0,7,1,7,59,59,0,1,0
20260809,0,8,1,8,88,59,1,0,0
20260809,0,9,1,9,63,59,2,0,0
20260809,0,10,1,10,46,46,0,1,0
20260809,0,11,1,11,41,41,0,1,0
20260809,0,12,1,12,46,41,1,0,0
20260809,0,13,1,13,37,37,0,1,0
20260809,0,14,1,14,39,37,1,0,0
20260809,0,15,1,15,27,27,0,1,0
20260809,0,16,1,16,33,27,1,0,0
20260809,0,17,1,17,26,26,0,1,0
20260809,0,18,1,18,27,26,1,0,0
20260809,0,19,1,19,17,17,0,1,0
20260809,0,20,1,20,20,17,1,0,0
20260809,0,21,1,21,19,17,2,0,0
20260809,0,22,1,22,11,11,0,1,0
20260809,0,23,1,23,20,11,1,0,0
20260809,0,24,1,24,20,11,2,0,0
20260809,0,25,1,25,14,11,3,0,0
20260809,0,26,1,26,14,11,4,0,0
20260809,0,27,1,27,14,11,5,0,0
20260809,0,28,1,28,10,10,0,1,0
20260809,0,29,1,29,10,10,1,0,0
20260809,0,30,1,30,8,8,0,1,0
20260809,0,31,1,31,9,8,1,0,0
20260809,0,32,1,32,7,7,0,1,0
20260809,0,33,1,33,6,6,0,1,0
20260809,0,34,1,34,5,5,0,1,0
20260809,0,35,1,35,4,4,0,1,0
20260809,0,36,1,36,1,1,0,1,0
20260809,0,37,1,37,0,0,0,1,1
20260809,1,1,1,1,195,157,1,0,0
20260809,1,2,1,2,168,157,2,0,0
20260809,1,3,1,3,118,118,0,1,0
20260809,1,4,1,4,124,118,1,0,0
20260809,1,5,1,5,105,105,0,1,0
20260809,1,6,1,6,86,86,0,1,0
20260809,1,7,1,7,76,76,0,1,0
20260809,1,8,1,8,74,74,0,1,0
20260809,1,9,1,9,66,66,0,1,0
20260809,1,10,1,10,59,59,0,1,0
20260809,1,11,1,11,64,59,1,0,0
20260809,1,12,1,12,38,38,0,1,0
20260809,1,13,1,13,40,38,1,0,0
20260809,1,14,1,14,46,38,2,0,0
20260809,1,15,1,15,56,38,3,0,0
20260809,1,16,1,16,42,38,4,0,0
20260809,1,17,1,17,35,35,0,1,0
20260809,1,18,1,18,37,35,1,0,0
20260809,1,19,1,19,39,35,2,0,0
20260809,1,20,1,20,28,28,0,1,0
20260809,1,21,1,21,31,28,1,0,0
20260809,1,22,1,22,25,25,0,1,0
20260809,1,23,1,23,31,25,1,0,0
20260809,1,24,1,24,18,18,0,1,0
20260809,1,25,1,25,31,18,1,0,0
20260809,1,26,1,26,31,18,2,0,0
20260809,1,27,1,27,36,18,3,0,0
20260809,1,28,1,28,26,18,4,0,0
20260809,1,29,1,29,20,18,5,0,0
20260809,1,30,1,30,12,12,0,1,0
20260809,1,31,1,31,15,12,1,0,0
20260809,1,32,1,32,13,12,2,0,0
20260809,1,33,1,33,17,12,3,0,0
20260809,1,34,1,34,20,12,4,0,0
20260809,1,35,1,35,18,12,5,0,0
20260809,1,36,1,36,21,12,6,0,0
20260809,1,37,1,37,15,12,7,0,0
20260809,1,38,1,38,11,11,0,1,0
20260809,1,39,1,39,18,11,1,0,0
20260809,1,40,1,40,13,11,2,0,0
20260809,1,41,1,41,14,11,3,0,0
20260809,1,42,1,42,9,9,0,1,0
20260809,1,43,1,43,16,9,1,0,0
20260809,1,44,1,44,12,9,2,0,0
20260809,1,45,1,45,16,9,3,0,0
20260809,1,46,1,46,6,6,0,1,0
20260809,1,47,1,47,9,6,1,0,0
20260809,1,48,1,48,9,6,2,0,0
20260809,1,49,1,49,6,6,3,0,0
20260809,1,50,1,50,3,3,0,1,0
20260809,1,51,1,51,0,0,0,1,1
20260809,2,1,1,1,356,216,1,0,0
20260809,2,2,1,2,237,216,2,0,0
20260809,2,3,1,3,145,145,0,1,0
20260809,2,4,1,4,153,145,1,0,0
20260809,2,5,1,5,125,125,0,1,0
20260809,2,6,1,6,98,98,0,1,0
20260809,2,7,1,7,79,79,0,1,0
20260809,2,8,1,8,72,72,0,1,0
20260809,2,9,1,9,81,72,1,0,0
20260809,2,10,1,10,85,72,2,0,0
20260809,2,11,1,11,78,72,3,0,0
20260809,2,12,1,12,74,72,4,0,0
20260809,2,13,1,13,66,66,0,1,0
20260809,2,14,1,14,67,66,1,0,0
20260809,2,15,1,15,51,51,0,1,0
20260809,2,16,1,16,43,43,0,1,0
20260809,2,17,1,17,32,32,0,1,0
20260809,2,18,1,18,43,32,1,0,0
20260809,2,19,1,19,29,29,0,1,0
20260809,2,20,1,20,36,29,1,0,0
20260809,2,21,1,21,33,29,2,0,0
20260809,2,22,1,22,29,29,3,0,0
20260809,2,23,1,23,33,29,4,0,0
20260809,2,24,1,24,31,29,5,0,0
20260809,2,25,1,25,27,27,0,1,0
20260809,2,26,1,26,31,27,1,0,0
20260809,2,27,1,27,22,22,0,1,0
20260809,2,28,1,28,20,20,0,1,0
20260809,2,29,1,29,23,20,1,0,0
20260809,2,30,1,30,29,20,2,0,0
20260809,2,31,1,31,27,20,3,0,0
20260809,2,32,1,32,22,20,4,0,0
20260809,2,33,1,33,27,20,5,0,0
20260809,2,34,1,34,24,20,6,0,0
20260809,2,35,1,35,24,20,7,0,0
20260809,2,36,1,36,28,20,8,0,0
20260809,2,37,1,37,31,20,9,0,0
20260809,2,38,1,38,21,20,10,0,0
20260809,2,39,1,39,20,20,11,0,0
20260809,2,40,1,40,13,13,0,1,0
20260809,2,41,1,41,13,13,1,0,0
20260809,2,42,1,42,14,13,2,0,0
20260809,2,43,1,43,13,13,3,0,0
20260809,2,44,1,44,9,9,0,1,0
20260809,2,45,1,45,13,9,1,0,0
20260809,2,46,1,46,13,9,2,0,0
20260809,2,47,1,47,12,9,3,0,0
20260809,2,48,1,48,11,9,4,0,0
20260809,2,49,1,49,12,9,5,0,0
20260809,2,50,1,50,15,9,6,0,0
20260809,2,51,1,51,12,9,7,0,0
20260809,2,52,1,52,14,9,8,0,0
20260809,2,53,1,53,12,9,9,0,0
20260809,2,54,1,54,14,9,10,0,0
20260809,2,55,1,55,12,9,11,0,0
20260809,2,56,1,56,11,9,12,0,0
20260809,2,57,1,57,12,9,13,0,0
20260809,2,58,1,58,12,9,14,0,0
20260809,2,59,1,59,12,9,15,0,0
20260809,2,60,1,60,13,9,16,0,0
20260809,2,61,1,61,12,9,17,0,0
20260809,2,62,1,62,12,9,18,0,0
20260809,2,63,1,63,10,9,19,0,0
20260809,2,64,1,64,9,9,20,0,0
20260809,2,65,1,65,12,9,21,0,0
20260809,2,66,1,66,15,9,22,0,0
20260809,2,67,1,67,12,9,23,0,0
20260809,2,68,1,68,14,9,24,0,0
20260809,2,69,1,69,12,9,25,0,0
20260809,2,70,1,70,10,9,26,0,0
20260809,2,71,1,71,8,8,0,1,0
20260809,2,72,1,72,7,7,0,1,0
20260809,2,73,1,73,9,7,1,0,0
20260809,2,74,1,74,0,0,0,1,1
20260809,3,1,1,1,284,203,1,0,0
20260809,3,2,1,2,209,203,2,0,0
20260809,3,3,1,3,145,145,0,1,0
20260809,3,4,1,4,123,123,0,1,0
20260809,3,5,1,5,108,108,0,1,0
20260809,3,6,1,6,77,77,0,1,0
20260809,3,7,1,7,92,77,1,0,0
20260809,3,8,1,8,73,73,0,1,0
20260809,3,9,1,9,69,69,0,1,0
20260809,3,10,1,10,59,59,0,1,0
20260809,3,11,1,11,57,57,0,1,0
20260809,3,12,1,12,41,41,0,1,0
20260809,3,13,1,13,36,36,0,1,0
20260809,3,14,1,14,30,30,0,1,0
20260809,3,15,1,15,26,26,0,1,0
20260809,3,16,1,16,19,19,0,1,0
20260809,3,17,1,17,18,18,0,1,0
20260809,3,18,1,18,16,16,0,1,0
20260809,3,19,1,19,27,16,1,0,0
20260809,3,20,1,20,17,16,2,0,0
20260809,3,21,1,21,23,16,3,0,0
20260809,3,22,1,22,22,16,4,0,0
20260809,3,23,1,23,17,16,5,0,0
20260809,3,24,1,24,12,12,0,1,0
20260809,3,25,1,25,17,12,1,0,0
20260809,3,26,1,26,17,12,2,0,0
20260809,3,27,1,27,5,5,0,1,0
20260809,3,28,1,28,10,5,1,0,0
20260809,3,29,1,29,15,5,2,0,0
20260809,3,30,1,30,14,5,3,0,0
20260809,3,31,1,31,15,5,4,0,0
20260809,3,32,1,32,6,5,5,0,0
20260809,3,33,1,33,12,5,6,0,0
20260809,3,34,1,34,12,5,7,0,0
20260809,3,35,1,35,16,5,8,0,0
20260809,3,36,1,36,7,5,9,0,0
20260809,3,37,1,37,13,5,10,0,0
20260809,3,38,1,38,12,5,11,0,0
20260809,3,39,1,39,11,5,12,0,0
20260809,3,40,1,40,9,5,13,0,0
20260809,3,41,1,41,12,5,14,0,0
20260809,3,42,1,42,10,5,15,0,0
20260809,3,43,1,43,11,5,16,0,0
20260809,3,44,1,44,8,5,17,0,0
20260809,3,45,1,45,13,5,18,0,0
20260809,3,46,1,46,9,5,19,0,0
20260809,3,47,1,47,9,5,20,0,0
20260809,3,48,1,48,6,5,21,0,0
20260809,3,49,1,49,10,5,22,0,0
20260809,3,50,1,50,16,5,23,0,0
20260809,3,51,1,51,12,5,24,0,0
20260809,3,52,1,52,9,5,25,0,0
20260809,3,53,1,53,4,4,0,1,0
20260809,3,54,1,54,5,4,1,0,0
20260809,3,55,1,55,5,4,2,0,0
20260809,3,56,1,56,0,0,0,1,1
20260809,4,1,1,1,251,172,1,0,0
20260809,4,2,1,2,184,172,2,0,0
20260809,4,3,1,3,106,106,0,1,0
20260809,4,4,1,4,117,106,1,0,0
20260809,4,5,1,5,103,103,0,1,0
20260809,4,6,1,6,98,98,0,1,0
20260809,4,7,1,7,95,95,0,1,0
20260809,4,8,1,8,63,63,0,1,0
20260809,4,9,1,9,73,63,1,0,0
20260809,4,10,1,10,80,63,2,0,0
20260809,4,11,1,11,49,49,0,1,0
20260809,4,12,1,12,65,49,1,0,0
20260809,4,13,1,13,54,49,2,0,0
20260809,4,14,1,14,56,49,3,0,0
20260809,4,15,1,15,44,44,0,1,0
20260809,4,16,1,16,48,44,1,0,0
20260809,4,17,1,17,41,41,0,1,0
20260809,4,18,1,18,45,41,1,0,0
20260809,4,19,1,19,34,34,0,1,0
20260809,4,20,1,20,38,34,1,0,0
20260809,4,21,1,21,37,34,2,0,0
20260809,4,22,1,22,37,34,3,0,0
20260809,4,23,1,23,37,34,4,0,0
20260809,4,24,1,24,37,34,5,0,0
20260809,4,25,1,25,29,29,0,1,0
20260809,4,26,1,26,35,29,1,0,0
20260809,4,27,1,27,40,29,2,0,0
20260809,4,28,1,28,42,29,3,0,0
20260809,4,29,1,29,27,27,0,1,0
20260809,4,30,1,30,24,24,0,1,0
20260809,4,31,1,31,26,24,1,0,0
20260809,4,32,1,32,19,19,0,1,0
20260809,4,33,1,33,26,19,1,0,0
20260809,4,34,1,34,22,19,2,0,0
20260809,4,35,1,35,30,19,3,0,0
20260809,4,36,1,36,27,19,4,0,0
20260809,4,37,1,37,28,19,5,0,0
20260809,4,38,1,38,25,19,6,0,0
20260809,4,39,1,39,29,19,7,0,0
20260809,4,40,1,40,33,19,8,0,0
20260809,4,41,1,41,25,19,9,0,0
20260809,4,42,1,42,31,19,10,0,0
20260809,4,43,1,43,24,19,11,0,0
20260809,4,44,1,44,22,19,12,0,0
20260809,4,45,1,45,22,19,13,0,0
20260809,4,46,1,46,21,19,14,0,0
20260809,4,47,1,47,10,10,0,1,0
20260809,4,48,1,48,3,3,0,1,0
20260809,4,49,1,49,6,3,1,0,0
20260809,4,50,1,50,7,3,2,0,0
20260809,4,51,1,51,6,3,3,0,0
20260809,4,52,1,52,7,3,4,0,0
20260809,4,53,1,53,0,0,0,1,1
20260809,5,1,1,1,267,162,1,0,0
20260809,5,2,1,2,181,162,2,0,0
20260809,5,3,1,3,135,135,0,1,0
20260809,5,4,1,4,114,114,0,1,0
20260809,5,5,1,5,115,114,1,0,0
20260809,5,6,1,6,100,100,0,1,0
20260809,5,7,1,7,93,93,0,1,0
20260809,5,8,1,8,93,93,1,0,0
20260809,5,9,1,9,83,83,0,1,0
20260809,5,10,1,10,79,79,0,1,0
20260809,5,11,1,11,61,61,0,1,0
20260809,5,12,1,12,47,47,0,1,0
20260809,5,13,1,13,61,47,1,0,0
20260809,5,14,1,14,53,47,2,0,0
20260809,5,15,1,15,61,47,3,0,0
20260809,5,16,1,16,70,47,4,0,0
20260809,5,17,1,17,54,47,5,0,0
20260809,5,18,1,18,55,47,6,0,0
20260809,5,19,1,19,60,47,7,0,0
20260809,5,20,1,20,56,47,8,0,0
20260809,5,21,1,21,51,47,9,0,0
20260809,5,22,1,22,36,36,0,1,0
20260809,5,23,1,23,34,34,0,1,0
20260809,5,24,1,24,22,22,0,1,0
20260809,5,25,1,25,24,22,1,0,0
20260809,5,26,1,26,25,22,2,0,0
20260809,5,27,1,27,30,22,3,0,0
20260809,5,28,1,28,29,22,4,0,0
20260809,5,29,1,29,20,20,0,1,0
20260809,5,30,1,30,17,17,0,1,0
20260809,5,31,1,31,31,17,1,0,0
20260809,5,32,1,32,21,17,2,0,0
20260809,5,33,1,33,22,17,3,0,0
20260809,5,34,1,34,21,17,4,0,0
20260809,5,35,1,35,21,17,5,0,0
20260809,5,36,1,36,29,17,6,0,0
20260809,5,37,1,37,29,17,7,0,0
20260809,5,38,1,38,31,17,8,0,0
20260809,5,39,1,39,16,16,0,1,0
20260809,5,40,1,40,15,15,0,1,0
20260809,5,41,1,41,13,13,0,1,0
20260809,5,42,1,42,7,7,0,1,0
20260809,5,43,1,43,10,7,1,0,0
20260809,5,44,1,44,10,7,2,0,0
20260809,5,45,1,45,7,7,3,0,0
20260809,5,46,1,46,11,7,4,0,0
20260809,5,47,1,47,10,7,5,0,0
20260809,5,48,1,48,4,4,0,1,0
20260809,5,49,1,49,9,4,1,0,0
20260809,5,50,1,50,2,2,0,1,0
20260809,5,51,1,51,7,2,1,0,0
20260809,5,52,1,52,1,1,0,1,0
20260809,5,53,1,53,1,1,1,0,0
20260809,5,54,1,54,2,1,2,0,0
20260809,5,55,1,55,1,1,3,0,0
20260809,5,56,1,56,1,1,4,0,0
20260809,5,57,1,57,1,1,5,0,0
20260809,5,58,1,58,2,1,6,0,0
20260809,5,59,1,59,1,1,7,0,0
20260809,5,60,1,60,1,1,8,0,0
20260809,5,61,1,61,1,1,9,0,0
20260809,5,62,1,62,2,1,10,0,0
20260809,5,63,1,63,1,1,11,0,0
20260809,5,64,1,64,1,1,12,0,0
20260809,5,65,1,65,1,1,13,0,0
20260809,5,66,1,66,2,1,14,0,0
20260809,5,67,1,67,1,1,15,0,0
20260809,5,68,1,68,1,1,16,0,0
20260809,5,69,1,69,1,1,17,0,0
20260809,5,70,1,70,2,1,18,0,0
20260809,5,71,1,71,1,1,19,0,0
20260809,5,72,1,72,1,1,20,0,0
20260809,5,73,1,73,1,1,21,0,0
20260809,5,74,1,74,2,1,22,0,0
20260809,5,75,1,75,1,1,23,0,0
20260809,5,76,1,76,1,1,24,0,0
20260809,5,77,1,77,1,1,25,0,0
20260809,5,78,1,78,2,1,26,0,0
20260809,5,79,1,79,1,1,27,0,0
20260809,5,80,1,80,1,1,28,0,0
20260809,5,81,2,1,855,1,29,0,0
20260809,5,82,2,2,852,1,30,0,0
20260809,5,83,2,3,876,1,31,0,0
20260809,5,84,2,4,729,1,32,0,0
20260809,5,85,2,5,861,1,33,0,0
20260809,5,86,2,6,771,1,34,0,0
20260809,5,87,2,7,750,1,35,0,0
20260809,5,88,2,8,142,1,36,0,0
20260809,5,89,2,9,96,1,37,0,0
20260809,5,90,2,10,65,1,38,0,0
20260809,5,91,2,11,50,1,39,0,0
20260809,5,92,2,12,37,1,40,0,0
20260809,5,93,2,13,35,1,41,0,0
20260809,5,94,2,14,34,1,42,0,0
20260809,5,95,2,15,32,1,43,0,0
20260809,5,96,2,16,18,1,44,0,0
20260809,5,97,2,17,19,1,45,0,0
20260809,5,98,2,18,25,1,46,0,0
20260809,5,99,2,19,22,1,47,0,0
20260809,5,100,2,20,19,1,48,0,0
20260809,5,101,2,21,22,1,49,0,0
20260809,5,102,2,22,17,1,50,0,0
20260809,5,103,2,23,9,1,51,0,0
20260809,5,104,2,24,12,1,52,0,0
20260809,5,105,2,25,9,1,53,0,0
20260809,5,106,2,26,6,1,54,0,0
20260809,5,107,2,27,8,1,55,0,0
20260809,5,108,2,28,9,1,56,0,0
20260809,5,109,2,29,8,1,57,0,0
20260809,5,110,2,30,6,1,58,0,0
20260809,5,111,2,31,11,1,59,0,0
20260809,5,112,2,32,9,1,60,0,0
20260809,5,113,2,33,12,1,61,0,0
20260809,5,114,2,34,14,1,62,0,0
20260809,5,115,2,35,13,1,63,0,0
20260809,5,116,2,36,22,1,64,0,0
20260809,5,117,2,37,21,1,65,0,0
20260809,5,118,2,38,46,1,66,0,0
20260809,5,119,2,39,159,1,67,0,0
20260809,5,120,2,40,318,1,68,0,0
20260809,5,121,2,41,475,1,69,0,0
20260809,5,122,2,42,435,1,70,0,0
20260809,5,123,2,43,339,1,71,0,0
20260809,5,124,2,44,184,1,72,0,0
20260809,5,125,2,45,70,1,73,0,0
20260809,5,126,2,46,57,1,74,0,0
20260809,5,127,2,47,53,1,75,0,0
20260809,5,128,2,48,32,1,76,0,0
20260809,5,129,2,49,40,1,77,0,0
20260809,5,130,2,50,33,1,78,0,0
20260809,5,131,2,51,36,1,79,0,0
20260809,5,132,2,52,44,1,80,0,0
20260809,5,133,2,53,33,1,81,0,0
20260809,5,134,2,54,30,1,82,0,0
20260809,5,135,2,55,40,1,83,0,0
20260809,5,136,2,56,52,1,84,0,0
20260809,5,137,2,57,80,1,85,0,0
20260809,5,138,2,58,168,1,86,0,0
20260809,5,139,2,59,282,1,87,0,0
20260809,5,140,2,60,266,1,88,0,0
20260809,5,141,3,1,701,1,89,0,0
20260809,5,142,3,2,709,1,90,0,0
20260809,5,143,3,3,181,1,91,0,0
20260809,5,144,3,4,107,1,92,0,0
20260809,5,145,3,5,115,1,93,0,0
20260809,5,146,3,6,74,1,94,0,0
20260809,5,147,3,7,65,1,95,0,0
20260809,5,148,3,8,48,1,96,0,0
20260809,5,149,3,9,53,1,97,0,0
20260809,5,150,3,10,52,1,98,0,0
20260809,5,151,3,11,52,1,99,0,0
20260809,5,152,3,12,34,1,100,0,0
20260809,5,153,3,13,33,1,101,0,0
20260809,5,154,3,14,17,1,102,0,0
20260809,5,155,3,15,19,1,103,0,0
20260809,5,156,3,16,21,1,104,0,0
20260809,5,157,3,17,17,1,105,0,0
20260809,5,158,3,18,15,1,106,0,0
20260809,5,159,3,19,4,1,107,0,0
20260809,5,160,3,20,0,0,0,1,1
20260809,6,1,1,1,229,161,1,0,0
20260809,6,2,1,2,181,161,2,0,0
20260809,6,3,1,3,110,110,0,1,0
20260809,6,4,1,4,130,110,1,0,0
20260809,6,5,1,5,105,105,0,1,0
20260809,6,6,1,6,78,78,0,1,0
20260809,6,7,1,7,76,76,0,1,0
20260809,6,8,1,8,68,68,0,1,0
20260809,6,9,1,9,60,60,0,1,0
20260809,6,10,1,10,57,57,0,1,0
20260809,6,11,1,11,47,47,0,1,0
20260809,6,12,1,12,58,47,1,0,0
20260809,6,13,1,13,53,47,2,0,0
20260809,6,14,1,14,50,47,3,0,0
20260809,6,15,1,15,50,47,4,0,0
20260809,6,16,1,16,48,47,5,0,0
20260809,6,17,1,17,41,41,0,1,0
20260809,6,18,1,18,38,38,0,1,0
20260809,6,19,1,19,37,37,0,1,0
20260809,6,20,1,20,40,37,1,0,0
20260809,6,21,1,21,50,37,2,0,0
20260809,6,22,1,22,43,37,3,0,0
20260809,6,23,1,23,47,37,4,0,0
20260809,6,24,1,24,42,37,5,0,0
20260809,6,25,1,25,42,37,6,0,0
20260809,6,26,1,26,35,35,0,1,0
20260809,6,27,1,27,37,35,1,0,0
20260809,6,28,1,28,35,35,2,0,0
20260809,6,29,1,29,33,33,0,1,0
20260809,6,30,1,30,41,33,1,0,0
20260809,6,31,1,31,44,33,2,0,0
20260809,6,32,1,32,39,33,3,0,0
20260809,6,33,1,33,34,33,4,0,0
20260809,6,34,1,34,34,33,5,0,0
20260809,6,35,1,35,36,33,6,0,0
20260809,6,36,1,36,32,32,0,1,0
20260809,6,37,1,37,31,31,0,1,0
20260809,6,38,1,38,34,31,1,0,0
20260809,6,39,1,39,27,27,0,1,0
20260809,6,40,1,40,26,26,0,1,0
20260809,6,41,1,41,25,25,0,1,0
20260809,6,42,1,42,29,25,1,0,0
20260809,6,43,1,43,27,25,2,0,0
20260809,6,44,1,44,27,25,3,0,0
20260809,6,45,1,45,27,25,4,0,0
20260809,6,46,1,46,29,25,5,0,0
20260809,6,47,1,47,23,23,0,1,0
20260809,6,48,1,48,25,23,1,0,0
20260809,6,49,1,49,22,22,0,1,0
20260809,6,50,1,50,19,19,0,1,0
20260809,6,51,1,51,16,16,0,1,0
20260809,6,52,1,52,18,16,1,0,0
20260809,6,53,1,53,21,16,2,0,0
20260809,6,54,1,54,25,16,3,0,0
20260809,6,55,1,55,16,16,4,0,0
20260809,6,56,1,56,15,15,0,1,0
20260809,6,57,1,57,14,14,0,1,0
20260809,6,58,1,58,15,14,1,0,0
20260809,6,59,1,59,15,14,2,0,0
20260809,6,60,1,60,19,14,3,0,0
20260809,6,61,1,61,16,14,4,0,0
20260809,6,62,1,62,13,13,0,1,0
20260809,6,63,1,63,17,13,1,0,0
20260809,6,64,1,64,19,13,2,0,0
20260809,6,65,1,65,18,13,3,0,0
20260809,6,66,1,66,17,13,4,0,0
20260809,6,67,1,67,11,11,0,1,0
20260809,6,68,1,68,9,9,0,1,0
20260809,6,69,1,69,12,9,1,0,0
20260809,6,70,1,70,11,9,2,0,0
20260809,6,71,1,71,9,9,3,0,0
20260809,6,72,1,72,7,7,0,1,0
20260809,6,73,1,73,12,7,1,0,0
20260809,6,74,1,74,13,7,2,0,0
20260809,6,75,1,75,8,7,3,0,0
20260809,6,76,1,76,12,7,4,0,0
20260809,6,77,1,77,13,7,5,0,0
20260809,6,78,1,78,9,7,6,0,0
20260809,6,79,1,79,12,7,7,0,0
20260809,6,80,1,80,9,7,8,0,0
20260809,6,81,2,1,858,7,9,0,0
20260809,6,82,2,2,843,7,10,0,0
20260809,6,83,2,3,866,7,11,0,0
20260809,6,84,2,4,105,7,12,0,0
20260809,6,85,2,5,93,7,13,0,0
20260809,6,86,2,6,106,7,14,0,0
20260809,6,87,2,7,74,7,15,0,0
20260809,6,88,2,8,51,7,16,0,0
20260809,6,89,2,9,46,7,17,0,0
20260809,6,90,2,10,39,7,18,0,0
20260809,6,91,2,11,33,7,19,0,0
20260809,6,92,2,12,34,7,20,0,0
20260809,6,93,2,13,28,7,21,0,0
20260809,6,94,2,14,27,7,22,0,0
20260809,6,95,2,15,26,7,23,0,0
20260809,6,96,2,16,21,7,24,0,0
20260809,6,97,2,17,15,7,25,0,0
20260809,6,98,2,18,18,7,26,0,0
20260809,6,99,2,19,17,7,27,0,0
20260809,6,100,2,20,12,7,28,0,0
20260809,6,101,2,21,13,7,29,0,0
20260809,6,102,2,22,12,7,30,0,0
20260809,6,103,2,23,9,7,31,0,0
20260809,6,104,2,24,14,7,32,0,0
20260809,6,105,2,25,8,7,33,0,0
20260809,6,106,2,26,12,7,34,0,0
20260809,6,107,2,27,10,7,35,0,0
20260809,6,108,2,28,10,7,36,0,0
20260809,6,109,2,29,10,7,37,0,0
20260809,6,110,2,30,11,7,38,0,0
20260809,6,111,2,31,14,7,39,0,0
20260809,6,112,2,32,9,7,40,0,0
20260809,6,113,2,33,25,7,41,0,0
20260809,6,114,2,34,81,7,42,0,0
20260809,6,115,2,35,180,7,43,0,0
20260809,6,116,2,36,382,7,44,0,0
20260809,6,117,2,37,484,7,45,0,0
20260809,6,118,2,38,379,7,46,0,0
20260809,6,119,2,39,194,7,47,0,0
20260809,6,120,2,40,99,7,48,0,0
20260809,6,121,2,41,37,7,49,0,0
20260809,6,122,2,42,16,7,50,0,0
20260809,6,123,2,43,19,7,51,0,0
20260809,6,124,2,44,10,7,52,0,0
20260809,6,125,2,45,8,7,53,0,0
20260809,6,126,2,46,11,7,54,0,0
20260809,6,127,2,47,11,7,55,0,0
20260809,6,128,2,48,17,7,56,0,0
20260809,6,129,2,49,11,7,57,0,0
20260809,6,130,2,50,5,5,0,1,0
20260809,6,131,2,51,7,5,1,0,0
20260809,6,132,2,52,9,5,2,0,0
20260809,6,133,2,53,7,5,3,0,0
20260809,6,134,2,54,1,1,0,1,0
20260809,6,135,2,55,10,1,1,0,0
20260809,6,136,2,56,3,1,2,0,0
20260809,6,137,2,57,4,1,3,0,0
20260809,6,138,2,58,3,1,4,0,0
20260809,6,139,2,59,7,1,5,0,0
20260809,6,140,2,60,10,1,6,0,0
20260809,6,141,3,1,861,1,7,0,0
20260809,6,142,3,2,159,1,8,0,0
20260809,6,143,3,3,110,1,9,0,0
20260809,6,144,3,4,65,1,10,0,0
20260809,6,145,3,5,36,1,11,0,0
20260809,6,146,3,6,29,1,12,0,0
20260809,6,147,3,7,21,1,13,0,0
20260809,6,148,3,8,21,1,14,0,0
20260809,6,149,3,9,7,1,15,0,0
20260809,6,150,3,10,7,1,16,0,0
20260809,6,151,3,11,8,1,17,0,0
20260809,6,152,3,12,5,1,18,0,0
20260809,6,153,3,13,3,1,19,0,0
20260809,6,154,3,14,5,1,20,0,0
20260809,6,155,3,15,4,1,21,0,0
20260809,6,156,3,16,7,1,22,0,0
20260809,6,157,3,17,5,1,23,0,0
20260809,6,158,3,18,7,1,24,0,0
20260809,6,159,3,19,10,1,25,0,0
20260809,6,160,3,20,8,1,26,0,0
20260809,6,161,3,21,7,1,27,0,0
20260809,6,162,3,22,9,1,28,0,0
20260809,6,163,3,23,12,1,29,0,0
20260809,6,164,3,24,16,1,30,0,0
20260809,6,165,3,25,19,1,31,0,0
20260809,6,166,3,26,22,1,32,0,0
20260809,6,167,3,27,19,1,33,0,0
20260809,6,168,3,28,18,1,34,0,0
20260809,6,169,3,29,19,1,35,0,0
20260809,6,170,3,30,37,1,36,0,0
20260809,6,171,3,31,136,1,37,0,0
20260809,6,172,3,32,361,1,38,0,0
20260809,6,173,3,33,593,1,39,0,0
20260809,6,174,3,34,455,1,40,0,0
20260809,6,175,3,35,208,1,41,0,0
20260809,6,176,3,36,77,1,42,0,0
20260809,6,177,3,37,36,1,43,0,0
20260809,6,178,3,38,28,1,44,0,0
20260809,6,179,3,39,27,1,45,0,0
20260809,6,180,3,40,37,1,46,0,0
20260809,6,181,3,41,29,1,47,0,0
20260809,6,182,3,42,29,1,48,0,0
20260809,6,183,3,43,26,1,49,0,0
20260809,6,184,3,44,18,1,50,0,0
20260809,6,185,3,45,19,1,51,0,0
20260809,6,186,3,46,20,1,52,0,0
20260809,6,187,3,47,15,1,53,0,0
20260809,6,188,3,48,14,1,54,0,0
20260809,6,189,3,49,23,1,55,0,0
20260809,6,190,3,50,27,1,56,0,0
20260809,6,191,3,51,17,1,57,0,0
20260809,6,192,3,52,27,1,58,0,0
20260809,6,193,3,53,17,1,59,0,0
20260809,6,194,3,54,10,1,60,0,0
20260809,6,195,3,55,15,1,61,0,0
20260809,6,196,3,56,12,1,62,0,0
20260809,6,197,3,57,13,1,63,0,0
20260809,6,198,3,58,11,1,64,0,0
20260809,6,199,3,59,12,1,65,0,0
20260809,6,200,3,60,4,1,66,0,0
20260809,6,201,4,1,859,1,67,0,0
20260809,6,202,4,2,125,1,68,0,0
20260809,6,203,4,3,85,1,69,0,0
20260809,6,204,4,4,75,1,70,0,0
20260809,6,205,4,5,48,1,71,0,0
20260809,6,206,4,6,39,1,72,0,0
20260809,6,207,4,7,29,1,73,0,0
20260809,6,208,4,8,24,1,74,0,0
20260809,6,209,4,9,25,1,75,0,0
20260809,6,210,4,10,21,1,76,0,0
20260809,6,211,4,11,25,1,77,0,0
20260809,6,212,4,12,15,1,78,0,0
20260809,6,213,4,13,20,1,79,0,0
20260809,6,214,4,14,21,1,80,0,0
20260809,6,215,4,15,20,1,81,0,0
20260809,6,216,4,16,17,1,82,0,0
20260809,6,217,4,17,15,1,83,0,0
20260809,6,218,4,18,9,1,84,0,0
20260809,6,219,4,19,11,1,85,0,0
20260809,6,220,4,20,11,1,86,0,0
20260809,6,221,4,21,15,1,87,0,0
20260809,6,222,4,22,13,1,88,0,0
20260809,6,223,4,23,11,1,89,0,0
20260809,6,224,4,24,10,1,90,0,0
20260809,6,225,4,25,12,1,91,0,0
20260809,6,226,4,26,12,1,92,0,0
20260809,6,227,4,27,14,1,93,0,0
20260809,6,228,4,28,10,1,94,0,0
20260809,6,229,4,29,16,1,95,0,0
20260809,6,230,4,30,21,1,96,0,0
20260809,6,231,4,31,15,1,97,0,0
20260809,6,232,4,32,13,1,98,0,0
20260809,6,233,4,33,16,1,99,0,0
20260809,6,234,4,34,12,1,100,0,0
20260809,6,235,4,35,9,1,101,0,0
20260809,6,236,4,36,16,1,102,0,0
20260809,6,237,4,37,15,1,103,0,0
20260809,6,238,4,38,6,1,104,0,0
20260809,6,239,4,39,9,1,105,0,0
20260809,6,240,4,40,18,1,106,0,0
20260809,6,241,4,41,27,1,107,0,0
20260809,6,242,4,42,22,1,108,0,0
20260809,6,243,4,43,19,1,109,0,0
20260809,6,244,4,44,24,1,110,0,0
20260809,6,245,4,45,19,1,111,0,0
20260809,6,246,4,46,25,1,112,0,0
20260809,6,247,4,47,40,1,113,0,0
20260809,6,248,4,48,39,1,114,0,0
20260809,6,249,4,49,66,1,115,0,0
20260809,6,250,4,50,143,1,116,0,0
20260809,6,251,4,51,235,1,117,0,0
20260809,6,252,4,52,140,1,118,0,0
20260809,6,253,4,53,28,1,119,0,0
20260809,6,254,4,54,18,1,120,0,0
20260809,6,255,4,55,21,1,121,0,0
20260809,6,256,4,56,28,1,122,0,0
20260809,6,257,4,57,21,1,123,0,0
20260809,6,258,4,58,22,1,124,0,0
20260809,6,259,4,59,18,1,125,0,0
20260809,6,260,4,60,27,1,126,0,0
20260809,6,261,5,1,857,1,127,0,0
20260809,6,262,5,2,152,1,128,0,0
20260809,6,263,5,3,81,1,129,0,0
20260809,6,264,5,4,69,1,130,0,0
20260809,6,265,5,5,60,1,131,0,0
20260809,6,266,5,6,57,1,132,0,0
20260809,6,267,5,7,44,1,133,0,0
20260809,6,268,5,8,44,1,134,0,0
20260809,6,269,5,9,41,1,135,0,0
20260809,6,270,5,10,54,1,136,0,0
20260809,6,271,5,11,55,1,137,0,0
20260809,6,272,5,12,55,1,138,0,0
20260809,6,273,5,13,50,1,139,0,0
20260809,6,274,5,14,43,1,140,0,0
20260809,6,275,5,15,24,1,141,0,0
20260809,6,276,5,16,21,1,142,0,0
20260809,6,277,5,17,7,1,143,0,0
20260809,6,278,5,18,11,1,144,0,0
20260809,6,279,5,19,7,1,145,0,0
20260809,6,280,5,20,7,1,146,0,0
20260809,6,281,5,21,5,1,147,0,0
20260809,6,282,5,22,8,1,148,0,0
20260809,6,283,5,23,11,1,149,0,0
20260809,6,284,5,24,5,1,150,0,0
20260809,6,285,5,25,5,1,151,0,0
20260809,6,286,5,26,6,1,152,0,0
20260809,6,287,5,27,2,1,153,0,0
20260809,6,288,5,28,2,1,154,0,0
20260809,6,289,5,29,5,1,155,0,0
20260809,6,290,5,30,4,1,156,0,0
20260809,6,291,5,31,4,1,157,0,0
20260809,6,292,5,32,4,1,158,0,0
20260809,6,293,5,33,10,1,159,0,0
20260809,6,294,5,34,14,1,160,0,0
20260809,6,295,5,35,22,1,161,0,0
20260809,6,296,5,36,29,1,162,0,0
20260809,6,297,5,37,45,1,163,0,0
20260809,6,298,5,38,91,1,164,0,0
20260809,6,299,5,39,201,1,165,0,0
20260809,6,300,5,40,380,1,166,0,0
20260809,6,301,5,41,314,1,167,0,0
20260809,6,302,5,42,241,1,168,0,0
20260809,6,303,5,43,209,1,169,0,0
20260809,6,304,5,44,150,1,170,0,0
20260809,6,305,5,45,66,1,171,0,0
20260809,6,306,5,46,37,1,172,0,0
20260809,6,307,5,47,29,1,173,0,0
20260809,6,308,5,48,16,1,174,0,0
20260809,6,309,5,49,22,1,175,0,0
20260809,6,310,5,50,20,1,176,0,0
20260809,6,311,5,51,17,1,177,0,0
20260809,6,312,5,52,19,1,178,0,0
20260809,6,313,5,53,19,1,179,0,0
20260809,6,314,5,54,29,1,180,0,0
20260809,6,315,5,55,17,1,181,0,0
20260809,6,316,5,56,18,1,182,0,0
20260809,6,317,5,57,16,1,183,0,0
20260809,6,318,5,58,19,1,184,0,0
20260809,6,319,5,59,14,1,185,0,0
20260809,6,320,5,60,10,1,186,0,0
20260809,6,321,6,1,851,1,187,0,0
20260809,6,322,6,2,151,1,188,0,0
20260809,6,323,6,3,39,1,189,0,0
20260809,6,324,6,4,33,1,190,0,0
20260809,6,325,6,5,25,1,191,0,0
20260809,6,326,6,6,24,1,192,0,0
20260809,6,327,6,7,18,1,193,0,0
20260809,6,328,6,8,14,1,194,0,0
20260809,6,329,6,9,20,1,195,0,0
20260809,6,330,6,10,14,1,196,0,0
20260809,6,331,6,11,16,1,197,0,0
20260809,6,332,6,12,23,1,198,0,0
20260809,6,333,6,13,23,1,199,0,0
20260809,6,334,6,14,23,1,200,0,0
20260809,6,335,6,15,19,1,201,0,0
20260809,6,336,6,16,23,1,202,0,0
20260809,6,337,6,17,17,1,203,0,0
20260809,6,338,6,18,27,1,204,0,0
20260809,6,339,6,19,25,1,205,0,0
20260809,6,340,6,20,39,1,206,0,0
20260809,6,341,6,21,43,1,207,0,0
20260809,6,342,6,22,39,1,208,0,0
20260809,6,343,6,23,36,1,209,0,0
20260809,6,344,6,24,29,1,210,0,0
20260809,6,345,6,25,27,1,211,0,0
20260809,6,346,6,26,34,1,212,0,0
20260809,6,347,6,27,31,1,213,0,0
20260809,6,348,6,28,29,1,214,0,0
20260809,6,349,6,29,17,1,215,0,0
20260809,6,350,6,30,9,1,216,0,0
20260809,6,351,6,31,13,1,217,0,0
20260809,6,352,6,32,16,1,218,0,0
20260809,6,353,6,33,10,1,219,0,0
20260809,6,354,6,34,6,1,220,0,0
20260809,6,355,6,35,7,1,221,0,0
20260809,6,356,6,36,8,1,222,0,0
20260809,6,357,6,37,11,1,223,0,0
20260809,6,358,6,38,12,1,224,0,0
20260809,6,359,6,39,14,1,225,0,0
20260809,6,360,6,40,12,1,226,0,0
20260809,6,361,6,41,12,1,227,0,0
20260809,6,362,6,42,16,1,228,0,0
20260809,6,363,6,43,11,1,229,0,0
20260809,6,364,6,44,10,1,230,0,0
20260809,6,365,6,45,14,1,231,0,0
20260809,6,366,6,46,10,1,232,0,0
20260809,6,367,6,47,21,1,233,0,0
20260809,6,368,6,48,29,1,234,0,0
20260809,6,369,6,49,68,1,235,0,0
20260809,6,370,6,50,126,1,236,0,0
20260809,6,371,6,51,232,1,237,0,0
20260809,6,372,6,52,291,1,238,0,0
20260809,6,373,6,53,259,1,239,0,0
20260809,6,374,6,54,287,1,240,0,0
20260809,6,375,6,55,219,1,241,0,0
20260809,6,376,6,56,90,1,242,0,0
20260809,6,377,6,57,25,1,243,0,0
20260809,6,378,6,58,26,1,244,0,0
20260809,6,379,6,59,21,1,245,0,0
20260809,6,380,6,60,20,1,246,0,0
20260809,6,381,7,1,833,1,247,0,0
20260809,6,382,7,2,399,1,248,0,0
20260809,6,383,7,3,122,1,249,0,0
20260809,6,384,7,4,67,1,250,0,0
20260809,6,385,7,5,68,1,251,0,0
20260809,6,386,7,6,64,1,252,0,0
20260809,6,387,7,7,63,1,253,0,0
20260809,6,388,7,8,59,1,254,0,0
20260809,6,389,7,9,50,1,255,0,0
20260809,6,390,7,10,46,1,256,0,0
20260809,6,391,7,11,46,1,257,0,0
20260809,6,392,7,12,40,1,258,0,0
20260809,6,393,7,13,27,1,259,0,0
20260809,6,394,7,14,21,1,260,0,0
20260809,6,395,7,15,25,1,261,0,0
20260809,6,396,7,16,26,1,262,0,0
20260809,6,397,7,17,15,1,263,0,0
20260809,6,398,7,18,10,1,264,0,0
20260809,6,399,7,19,19,1,265,0,0
20260809,6,400,7,20,12,1,266,0,0
20260809,6,401,7,21,6,1,267,0,0
20260809,6,402,7,22,9,1,268,0,0
20260809,6,403,7,23,9,1,269,0,0
20260809,6,404,7,24,8,1,270,0,0
20260809,6,405,7,25,12,1,271,0,0
20260809,6,406,7,26,12,1,272,0,0
20260809,6,407,7,27,13,1,273,0,0
20260809,6,408,7,28,12,1,274,0,0
20260809,6,409,7,29,15,1,275,0,0
20260809,6,410,7,30,11,1,276,0,0
20260809,6,411,7,31,8,1,277,0,0
20260809,6,412,7,32,11,1,278,0,0
20260809,6,413,7,33,10,1,279,0,0
20260809,6,414,7,34,15,1,280,0,0
20260809,6,415,7,35,30,1,281,0,0
20260809,6,416,7,36,37,1,282,0,0
20260809,6,417,7,37,73,1,283,0,0
20260809,6,418,7,38,146,1,284,0,0
20260809,6,419,7,39,381,1,285,0,0
20260809,6,420,7,40,395,1,286,0,0
20260809,6,421,7,41,303,1,287,0,0
20260809,6,422,7,42,194,1,288,0,0
20260809,6,423,7,43,184,1,289,0,0
20260809,6,424,7,44,167,1,290,0,0
20260809,6,425,7,45,89,1,291,0,0
20260809,6,426,7,46,41,1,292,0,0
20260809,6,427,7,47,34,1,293,0,0
20260809,6,428,7,48,37,1,294,0,0
20260809,6,429,7,49,34,1,295,0,0
20260809,6,430,7,50,30,1,296,0,0
20260809,6,431,7,51,26,1,297,0,0
20260809,6,432,7,52,31,1,298,0,0
20260809,6,433,7,53,17,1,299,0,0
20260809,6,434,7,54,21,1,300,0,0
20260809,6,435,7,55,19,1,301,0,0
20260809,6,436,7,56,22,1,302,0,0
20260809,6,437,7,57,17,1,303,0,0
20260809,6,438,7,58,17,1,304,0,0
20260809,6,439,7,59,21,1,305,0,0
20260809,6,440,7,60,15,1,306,0,0
20260809,6,441,8,1,880,1,307,0,0
20260809,6,442,8,2,166,1,308,0,0
20260809,6,443,8,3,85,1,309,0,0
20260809,6,444,8,4,52,1,310,0,0
20260809,6,445,8,5,26,1,311,0,0
20260809,6,446,8,6,19,1,312,0,0
20260809,6,447,8,7,16,1,313,0,0
20260809,6,448,8,8,28,1,314,0,0
20260809,6,449,8,9,7,1,315,0,0
20260809,6,450,8,10,8,1,316,0,0
20260809,6,451,8,11,9,1,317,0,0
20260809,6,452,8,12,6,1,318,0,0
20260809,6,453,8,13,4,1,319,0,0
20260809,6,454,8,14,4,1,320,0,0
20260809,6,455,8,15,2,1,321,0,0
20260809,6,456,8,16,1,1,322,0,0
20260809,6,457,8,17,1,1,323,0,0
20260809,6,458,8,18,0,0,0,1,1
20260809,7,1,1,1,264,188,1,0,0
20260809,7,2,1,2,171,171,0,1,0
20260809,7,3,1,3,108,108,0,1,0
20260809,7,4,1,4,121,108,1,0,0
20260809,7,5,1,5,72,72,0,1,0
20260809,7,6,1,6,48,48,0,1,0
20260809,7,7,1,7,55,48,1,0,0
20260809,7,8,1,8,47,47,0,1,0
20260809,7,9,1,9,49,47,1,0,0
20260809,7,10,1,10,39,39,0,1,0
20260809,7,11,1,11,31,31,0,1,0
20260809,7,12,1,12,40,31,1,0,0
20260809,7,13,1,13,31,31,2,0,0
20260809,7,14,1,14,26,26,0,1,0
20260809,7,15,1,15,28,26,1,0,0
20260809,7,16,1,16,33,26,2,0,0
20260809,7,17,1,17,22,22,0,1,0
20260809,7,18,1,18,21,21,0,1,0
20260809,7,19,1,19,18,18,0,1,0
20260809,7,20,1,20,19,18,1,0,0
20260809,7,21,1,21,23,18,2,0,0
20260809,7,22,1,22,20,18,3,0,0
20260809,7,23,1,23,26,18,4,0,0
20260809,7,24,1,24,20,18,5,0,0
20260809,7,25,1,25,5,5,0,1,0
20260809,7,26,1,26,13,5,1,0,0
20260809,7,27,1,27,9,5,2,0,0
20260809,7,28,1,28,12,5,3,0,0
20260809,7,29,1,29,12,5,4,0,0
20260809,7,30,1,30,9,5,5,0,0
20260809,7,31,1,31,8,5,6,0,0
20260809,7,32,1,32,5,5,7,0,0
20260809,7,33,1,33,6,5,8,0,0
20260809,7,34,1,34,3,3,0,1,0
20260809,7,35,1,35,5,3,1,0,0
20260809,7,36,1,36,3,3,2,0,0
20260809,7,37,1,37,2,2,0,1,0
20260809,7,38,1,38,1,1,0,1,0
20260809,7,39,1,39,1,1,1,0,0
20260809,7,40,1,40,3,1,2,0,0
20260809,7,41,1,41,6,1,3,0,0
20260809,7,42,1,42,5,1,4,0,0
20260809,7,43,1,43,2,1,5,0,0
20260809,7,44,1,44,3,1,6,0,0
20260809,7,45,1,45,2,1,7,0,0
20260809,7,46,1,46,3,1,8,0,0
20260809,7,47,1,47,3,1,9,0,0
20260809,7,48,1,48,6,1,10,0,0
20260809,7,49,1,49,2,1,11,0,0
20260809,7,50,1,50,1,1,12,0,0
20260809,7,51,1,51,2,1,13,0,0
20260809,7,52,1,52,1,1,14,0,0
20260809,7,53,1,53,2,1,15,0,0
20260809,7,54,1,54,2,1,16,0,0
20260809,7,55,1,55,3,1,17,0,0
20260809,7,56,1,56,0,0,0,1,1
20260809,8,1,1,1,310,195,1,0,0
20260809,8,2,1,2,188,188,0,1,0
20260809,8,3,1,3,125,125,0,1,0
20260809,8,4,1,4,118,118,0,1,0
20260809,8,5,1,5,98,98,0,1,0
20260809,8,6,1,6,78,78,0,1,0
20260809,8,7,1,7,70,70,0,1,0
20260809,8,8,1,8,79,70,1,0,0
20260809,8,9,1,9,82,70,2,0,0
20260809,8,10,1,10,77,70,3,0,0
20260809,8,11,1,11,80,70,4,0,0
20260809,8,12,1,12,68,68,0,1,0
20260809,8,13,1,13,55,55,0,1,0
20260809,8,14,1,14,59,55,1,0,0
20260809,8,15,1,15,56,55,2,0,0
20260809,8,16,1,16,48,48,0,1,0
20260809,8,17,1,17,53,48,1,0,0
20260809,8,18,1,18,44,44,0,1,0
20260809,8,19,1,19,48,44,1,0,0
20260809,8,20,1,20,42,42,0,1,0
20260809,8,21,1,21,40,40,0,1,0
20260809,8,22,1,22,41,40,1,0,0
20260809,8,23,1,23,33,33,0,1,0
20260809,8,24,1,24,34,33,1,0,0
20260809,8,25,1,25,30,30,0,1,0
20260809,8,26,1,26,33,30,1,0,0
20260809,8,27,1,27,26,26,0,1,0
20260809,8,28,1,28,30,26,1,0,0
20260809,8,29,1,29,23,23,0,1,0
20260809,8,30,1,30,17,17,0,1,0
20260809,8,31,1,31,19,17,1,0,0
20260809,8,32,1,32,25,17,2,0,0
20260809,8,33,1,33,21,17,3,0,0
20260809,8,34,1,34,19,17,4,0,0
20260809,8,35,1,35,7,7,0,1,0
20260809,8,36,1,36,12,7,1,0,0
20260809,8,37,1,37,13,7,2,0,0
20260809,8,38,1,38,6,6,0,1,0
20260809,8,39,1,39,9,6,1,0,0
20260809,8,40,1,40,8,6,2,0,0
20260809,8,41,1,41,9,6,3,0,0
20260809,8,42,1,42,4,4,0,1,0
20260809,8,43,1,43,9,4,1,0,0
20260809,8,44,1,44,8,4,2,0,0
20260809,8,45,1,45,6,4,3,0,0
20260809,8,46,1,46,10,4,4,0,0
20260809,8,47,1,47,6,4,5,0,0
20260809,8,48,1,48,6,4,6,0,0
20260809,8,49,1,49,5,4,7,0,0
20260809,8,50,1,50,6,4,8,0,0
20260809,8,51,1,51,9,4,9,0,0
20260809,8,52,1,52,3,3,0,1,0
20260809,8,53,1,53,3,3,1,0,0
20260809,8,54,1,54,0,0,0,1,1
20260809,9,1,1,1,307,195,1,0,0
20260809,9,2,1,2,201,195,2,0,0
20260809,9,3,1,3,135,135,0,1,0
20260809,9,4,1,4,92,92,0,1,0
20260809,9,5,1,5,91,91,0,1,0
20260809,9,6,1,6,87,87,0,1,0
20260809,9,7,1,7,83,83,0,1,0
20260809,9,8,1,8,92,83,1,0,0
20260809,9,9,1,9,84,83,2,0,0
20260809,9,10,1,10,76,76,0,1,0
20260809,9,11,1,11,73,73,0,1,0
20260809,9,12,1,12,62,62,0,1,0
20260809,9,13,1,13,55,55,0,1,0
20260809,9,14,1,14,45,45,0,1,0
20260809,9,15,1,15,46,45,1,0,0
20260809,9,16,1,16,43,43,0,1,0
20260809,9,17,1,17,46,43,1,0,0
20260809,9,18,1,18,43,43,2,0,0
20260809,9,19,1,19,37,37,0,1,0
20260809,9,20,1,20,40,37,1,0,0
20260809,9,21,1,21,28,28,0,1,0
20260809,9,22,1,22,29,28,1,0,0
20260809,9,23,1,23,26,26,0,1,0
20260809,9,24,1,24,36,26,1,0,0
20260809,9,25,1,25,27,26,2,0,0
20260809,9,26,1,26,36,26,3,0,0
20260809,9,27,1,27,23,23,0,1,0
20260809,9,28,1,28,33,23,1,0,0
20260809,9,29,1,29,19,19,0,1,0
20260809,9,30,1,30,36,19,1,0,0
20260809,9,31,1,31,30,19,2,0,0
20260809,9,32,1,32,28,19,3,0,0
20260809,9,33,1,33,12,12,0,1,0
20260809,9,34,1,34,39,12,1,0,0
20260809,9,35,1,35,27,12,2,0,0
20260809,9,36,1,36,32,12,3,0,0
20260809,9,37,1,37,37,12,4,0,0
20260809,9,38,1,38,33,12,5,0,0
20260809,9,39,1,39,31,12,6,0,0
20260809,9,40,1,40,31,12,7,0,0
20260809,9,41,1,41,34,12,8,0,0
20260809,9,42,1,42,32,12,9,0,0
20260809,9,43,1,43,31,12,10,0,0
20260809,9,44,1,44,29,12,11,0,0
20260809,9,45,1,45,33,12,12,0,0
20260809,9,46,1,46,33,12,13,0,0
20260809,9,47,1,47,30,12,14,0,0
20260809,9,48,1,48,31,12,15,0,0
20260809,9,49,1,49,31,12,16,0,0
20260809,9,50,1,50,33,12,17,0,0
20260809,9,51,1,51,24,12,18,0,0
20260809,9,52,1,52,29,12,19,0,0
20260809,9,53,1,53,15,12,20,0,0
20260809,9,54,1,54,20,12,21,0,0
20260809,9,55,1,55,22,12,22,0,0
20260809,9,56,1,56,22,12,23,0,0
20260809,9,57,1,57,23,12,24,0,0
20260809,9,58,1,58,20,12,25,0,0
20260809,9,59,1,59,23,12,26,0,0
20260809,9,60,1,60,21,12,27,0,0
20260809,9,61,1,61,19,12,28,0,0
20260809,9,62,1,62,21,12,29,0,0
20260809,9,63,1,63,21,12,30,0,0
20260809,9,64,1,64,22,12,31,0,0
20260809,9,65,1,65,25,12,32,0,0
20260809,9,66,1,66,22,12,33,0,0
20260809,9,67,1,67,19,12,34,0,0
20260809,9,68,1,68,21,12,35,0,0
20260809,9,69,1,69,19,12,36,0,0
20260809,9,70,1,70,20,12,37,0,0
20260809,9,71,1,71,24,12,38,0,0
20260809,9,72,1,72,22,12,39,0,0
20260809,9,73,1,73,27,12,40,0,0
20260809,9,74,1,74,11,11,0,1,0
20260809,9,75,1,75,19,11,1,0,0
20260809,9,76,1,76,21,11,2,0,0
20260809,9,77,1,77,24,11,3,0,0
20260809,9,78,1,78,18,11,4,0,0
20260809,9,79,1,79,22,11,5,0,0
20260809,9,80,1,80,24,11,6,0,0
20260809,9,81,2,1,878,11,7,0,0
20260809,9,82,2,2,881,11,8,0,0
20260809,9,83,2,3,885,11,9,0,0
20260809,9,84,2,4,153,11,10,0,0
20260809,9,85,2,5,117,11,11,0,0
20260809,9,86,2,6,98,11,12,0,0
20260809,9,87,2,7,69,11,13,0,0
20260809,9,88,2,8,54,11,14,0,0
20260809,9,89,2,9,47,11,15,0,0
20260809,9,90,2,10,41,11,16,0,0
20260809,9,91,2,11,30,11,17,0,0
20260809,9,92,2,12,19,11,18,0,0
20260809,9,93,2,13,23,11,19,0,0
20260809,9,94,2,14,37,11,20,0,0
20260809,9,95,2,15,19,11,21,0,0
20260809,9,96,2,16,22,11,22,0,0
20260809,9,97,2,17,21,11,23,0,0
20260809,9,98,2,18,28,11,24,0,0
20260809,9,99,2,19,19,11,25,0,0
20260809,9,100,2,20,24,11,26,0,0
20260809,9,101,2,21,28,11,27,0,0
20260809,9,102,2,22,23,11,28,0,0
20260809,9,103,2,23,18,11,29,0,0
20260809,9,104,2,24,17,11,30,0,0
20260809,9,105,2,25,14,11,31,0,0
20260809,9,106,2,26,14,11,32,0,0
20260809,9,107,2,27,10,10,0,1,0
20260809,9,108,2,28,13,10,1,0,0
20260809,9,109,2,29,17,10,2,0,0
20260809,9,110,2,30,23,10,3,0,0
20260809,9,111,2,31,16,10,4,0,0
20260809,9,112,2,32,15,10,5,0,0
20260809,9,113,2,33,10,10,6,0,0
20260809,9,114,2,34,14,10,7,0,0
20260809,9,115,2,35,11,10,8,0,0
20260809,9,116,2,36,1,1,0,1,0
20260809,9,117,2,37,3,1,1,0,0
20260809,9,118,2,38,5,1,2,0,0
20260809,9,119,2,39,8,1,3,0,0
20260809,9,120,2,40,8,1,4,0,0
20260809,9,121,2,41,2,1,5,0,0
20260809,9,122,2,42,2,1,6,0,0
20260809,9,123,2,43,3,1,7,0,0
20260809,9,124,2,44,7,1,8,0,0
20260809,9,125,2,45,16,1,9,0,0
20260809,9,126,2,46,46,1,10,0,0
20260809,9,127,2,47,124,1,11,0,0
20260809,9,128,2,48,272,1,12,0,0
20260809,9,129,2,49,441,1,13,0,0
20260809,9,130,2,50,396,1,14,0,0
20260809,9,131,2,51,277,1,15,0,0
20260809,9,132,2,52,233,1,16,0,0
20260809,9,133,2,53,200,1,17,0,0
20260809,9,134,2,54,176,1,18,0,0
20260809,9,135,2,55,77,1,19,0,0
20260809,9,136,2,56,42,1,20,0,0
20260809,9,137,2,57,40,1,21,0,0
20260809,9,138,2,58,31,1,22,0,0
20260809,9,139,2,59,23,1,23,0,0
20260809,9,140,2,60,12,1,24,0,0
20260809,9,141,3,1,817,1,25,0,0
20260809,9,142,3,2,327,1,26,0,0
20260809,9,143,3,3,137,1,27,0,0
20260809,9,144,3,4,75,1,28,0,0
20260809,9,145,3,5,45,1,29,0,0
20260809,9,146,3,6,33,1,30,0,0
20260809,9,147,3,7,25,1,31,0,0
20260809,9,148,3,8,23,1,32,0,0
20260809,9,149,3,9,17,1,33,0,0
20260809,9,150,3,10,20,1,34,0,0
20260809,9,151,3,11,8,1,35,0,0
20260809,9,152,3,12,6,1,36,0,0
20260809,9,153,3,13,3,1,37,0,0
20260809,9,154,3,14,3,1,38,0,0
20260809,9,155,3,15,3,1,39,0,0
20260809,9,156,3,16,6,1,40,0,0
20260809,9,157,3,17,6,1,41,0,0
20260809,9,158,3,18,13,1,42,0,0
20260809,9,159,3,19,13,1,43,0,0
20260809,9,160,3,20,13,1,44,0,0
20260809,9,161,3,21,13,1,45,0,0
20260809,9,162,3,22,20,1,46,0,0
20260809,9,163,3,23,46,1,47,0,0
20260809,9,164,3,24,131,1,48,0,0
20260809,9,165,3,25,301,1,49,0,0
20260809,9,166,3,26,396,1,50,0,0
20260809,9,167,3,27,322,1,51,0,0
20260809,9,168,3,28,247,1,52,0,0
20260809,9,169,3,29,206,1,53,0,0
20260809,9,170,3,30,157,1,54,0,0
20260809,9,171,3,31,85,1,55,0,0
20260809,9,172,3,32,35,1,56,0,0
20260809,9,173,3,33,15,1,57,0,0
20260809,9,174,3,34,19,1,58,0,0
20260809,9,175,3,35,10,1,59,0,0
20260809,9,176,3,36,10,1,60,0,0
20260809,9,177,3,37,10,1,61,0,0
20260809,9,178,3,38,6,1,62,0,0
20260809,9,179,3,39,3,1,63,0,0
20260809,9,180,3,40,6,1,64,0,0
20260809,9,181,3,41,5,1,65,0,0
20260809,9,182,3,42,8,1,66,0,0
20260809,9,183,3,43,9,1,67,0,0
20260809,9,184,3,44,5,1,68,0,0
20260809,9,185,3,45,10,1,69,0,0
20260809,9,186,3,46,15,1,70,0,0
20260809,9,187,3,47,9,1,71,0,0
20260809,9,188,3,48,9,1,72,0,0
20260809,9,189,3,49,4,1,73,0,0
20260809,9,190,3,50,4,1,74,0,0
20260809,9,191,3,51,5,1,75,0,0
20260809,9,192,3,52,7,1,76,0,0
20260809,9,193,3,53,17,1,77,0,0
20260809,9,194,3,54,20,1,78,0,0
20260809,9,195,3,55,36,1,79,0,0
20260809,9,196,3,56,63,1,80,0,0
20260809,9,197,3,57,106,1,81,0,0
20260809,9,198,3,58,239,1,82,0,0
20260809,9,199,3,59,301,1,83,0,0
20260809,9,200,3,60,345,1,84,0,0
20260809,9,201,4,1,702,1,85,0,0
20260809,9,202,4,2,730,1,86,0,0
20260809,9,203,4,3,141,1,87,0,0
20260809,9,204,4,4,97,1,88,0,0
20260809,9,205,4,5,103,1,89,0,0
20260809,9,206,4,6,75,1,90,0,0
20260809,9,207,4,7,62,1,91,0,0
20260809,9,208,4,8,74,1,92,0,0
20260809,9,209,4,9,65,1,93,0,0
20260809,9,210,4,10,53,1,94,0,0
20260809,9,211,4,11,45,1,95,0,0
20260809,9,212,4,12,43,1,96,0,0
20260809,9,213,4,13,41,1,97,0,0
20260809,9,214,4,14,49,1,98,0,0
20260809,9,215,4,15,44,1,99,0,0
20260809,9,216,4,16,35,1,100,0,0
20260809,9,217,4,17,38,1,101,0,0
20260809,9,218,4,18,32,1,102,0,0
20260809,9,219,4,19,41,1,103,0,0
20260809,9,220,4,20,47,1,104,0,0
20260809,9,221,4,21,55,1,105,0,0
20260809,9,222,4,22,34,1,106,0,0
20260809,9,223,4,23,27,1,107,0,0
20260809,9,224,4,24,31,1,108,0,0
20260809,9,225,4,25,33,1,109,0,0
20260809,9,226,4,26,53,1,110,0,0
20260809,9,227,4,27,58,1,111,0,0
20260809,9,228,4,28,65,1,112,0,0
20260809,9,229,4,29,61,1,113,0,0
20260809,9,230,4,30,99,1,114,0,0
20260809,9,231,4,31,105,1,115,0,0
20260809,9,232,4,32,119,1,116,0,0
20260809,9,233,4,33,119,1,117,0,0
20260809,9,234,4,34,53,1,118,0,0
20260809,9,235,4,35,33,1,119,0,0
20260809,9,236,4,36,25,1,120,0,0
20260809,9,237,4,37,24,1,121,0,0
20260809,9,238,4,38,34,1,122,0,0
20260809,9,239,4,39,22,1,123,0,0
20260809,9,240,4,40,14,1,124,0,0
20260809,9,241,4,41,14,1,125,0,0
20260809,9,242,4,42,23,1,126,0,0
20260809,9,243,4,43,20,1,127,0,0
20260809,9,244,4,44,18,1,128,0,0
20260809,9,245,4,45,18,1,129,0,0
20260809,9,246,4,46,22,1,130,0,0
20260809,9,247,4,47,23,1,131,0,0
20260809,9,248,4,48,26,1,132,0,0
20260809,9,249,4,49,19,1,133,0,0
20260809,9,250,4,50,20,1,134,0,0
20260809,9,251,4,51,17,1,135,0,0
20260809,9,252,4,52,24,1,136,0,0
20260809,9,253,4,53,23,1,137,0,0
20260809,9,254,4,54,21,1,138,0,0
20260809,9,255,4,55,29,1,139,0,0
20260809,9,256,4,56,39,1,140,0,0
20260809,9,257,4,57,33,1,141,0,0
20260809,9,258,4,58,22,1,142,0,0
20260809,9,259,4,59,19,1,143,0,0
20260809,9,260,4,60,20,1,144,0,0
20260809,9,261,5,1,861,1,145,0,0
20260809,9,262,5,2,367,1,146,0,0
20260809,9,263,5,3,101,1,147,0,0
20260809,9,264,5,4,88,1,148,0,0
20260809,9,265,5,5,59,1,149,0,0
20260809,9,266,5,6,55,1,150,0,0
20260809,9,267,5,7,46,1,151,0,0
20260809,9,268,5,8,20,1,152,0,0
20260809,9,269,5,9,29,1,153,0,0
20260809,9,270,5,10,40,1,154,0,0
20260809,9,271,5,11,63,1,155,0,0
20260809,9,272,5,12,60,1,156,0,0
20260809,9,273,5,13,35,1,157,0,0
20260809,9,274,5,14,36,1,158,0,0
20260809,9,275,5,15,29,1,159,0,0
20260809,9,276,5,16,16,1,160,0,0
20260809,9,277,5,17,17,1,161,0,0
20260809,9,278,5,18,22,1,162,0,0
20260809,9,279,5,19,24,1,163,0,0
20260809,9,280,5,20,17,1,164,0,0
20260809,9,281,5,21,14,1,165,0,0
20260809,9,282,5,22,12,1,166,0,0
20260809,9,283,5,23,12,1,167,0,0
20260809,9,284,5,24,17,1,168,0,0
20260809,9,285,5,25,13,1,169,0,0
20260809,9,286,5,26,18,1,170,0,0
20260809,9,287,5,27,11,1,171,0,0
20260809,9,288,5,28,9,1,172,0,0
20260809,9,289,5,29,17,1,173,0,0
20260809,9,290,5,30,23,1,174,0,0
20260809,9,291,5,31,25,1,175,0,0
20260809,9,292,5,32,48,1,176,0,0
20260809,9,293,5,33,87,1,177,0,0
20260809,9,294,5,34,252,1,178,0,0
20260809,9,295,5,35,387,1,179,0,0
20260809,9,296,5,36,216,1,180,0,0
20260809,9,297,5,37,158,1,181,0,0
20260809,9,298,5,38,157,1,182,0,0
20260809,9,299,5,39,186,1,183,0,0
20260809,9,300,5,40,216,1,184,0,0
20260809,9,301,5,41,216,1,185,0,0
20260809,9,302,5,42,172,1,186,0,0
20260809,9,303,5,43,61,1,187,0,0
20260809,9,304,5,44,36,1,188,0,0
20260809,9,305,5,45,25,1,189,0,0
20260809,9,306,5,46,29,1,190,0,0
20260809,9,307,5,47,23,1,191,0,0
20260809,9,308,5,48,23,1,192,0,0
20260809,9,309,5,49,15,1,193,0,0
20260809,9,310,5,50,15,1,194,0,0
20260809,9,311,5,51,16,1,195,0,0
20260809,9,312,5,52,16,1,196,0,0
20260809,9,313,5,53,11,1,197,0,0
20260809,9,314,5,54,18,1,198,0,0
20260809,9,315,5,55,13,1,199,0,0
20260809,9,316,5,56,19,1,200,0,0
20260809,9,317,5,57,26,1,201,0,0
20260809,9,318,5,58,28,1,202,0,0
20260809,9,319,5,59,17,1,203,0,0
20260809,9,320,5,60,13,1,204,0,0
20260809,9,321,6,1,841,1,205,0,0
20260809,9,322,6,2,222,1,206,0,0
20260809,9,323,6,3,92,1,207,0,0
20260809,9,324,6,4,91,1,208,0,0
20260809,9,325,6,5,42,1,209,0,0
20260809,9,326,6,6,50,1,210,0,0
20260809,9,327,6,7,48,1,211,0,0
20260809,9,328,6,8,51,1,212,0,0
20260809,9,329,6,9,32,1,213,0,0
20260809,9,330,6,10,30,1,214,0,0
20260809,9,331,6,11,38,1,215,0,0
20260809,9,332,6,12,51,1,216,0,0
20260809,9,333,6,13,44,1,217,0,0
20260809,9,334,6,14,24,1,218,0,0
20260809,9,335,6,15,16,1,219,0,0
20260809,9,336,6,16,16,1,220,0,0
20260809,9,337,6,17,10,1,221,0,0
20260809,9,338,6,18,12,1,222,0,0
20260809,9,339,6,19,19,1,223,0,0
20260809,9,340,6,20,26,1,224,0,0
20260809,9,341,6,21,27,1,225,0,0
20260809,9,342,6,22,14,1,226,0,0
20260809,9,343,6,23,14,1,227,0,0
20260809,9,344,6,24,13,1,228,0,0
20260809,9,345,6,25,18,1,229,0,0
20260809,9,346,6,26,12,1,230,0,0
20260809,9,347,6,27,8,1,231,0,0
20260809,9,348,6,28,8,1,232,0,0
20260809,9,349,6,29,12,1,233,0,0
20260809,9,350,6,30,22,1,234,0,0
20260809,9,351,6,31,11,1,235,0,0
20260809,9,352,6,32,14,1,236,0,0
20260809,9,353,6,33,12,1,237,0,0
20260809,9,354,6,34,14,1,238,0,0
20260809,9,355,6,35,24,1,239,0,0
20260809,9,356,6,36,21,1,240,0,0
20260809,9,357,6,37,19,1,241,0,0
20260809,9,358,6,38,15,1,242,0,0
20260809,9,359,6,39,15,1,243,0,0
20260809,9,360,6,40,16,1,244,0,0
20260809,9,361,6,41,36,1,245,0,0
20260809,9,362,6,42,58,1,246,0,0
20260809,9,363,6,43,136,1,247,0,0
20260809,9,364,6,44,298,1,248,0,0
20260809,9,365,6,45,433,1,249,0,0
20260809,9,366,6,46,338,1,250,0,0
20260809,9,367,6,47,286,1,251,0,0
20260809,9,368,6,48,222,1,252,0,0
20260809,9,369,6,49,173,1,253,0,0
20260809,9,370,6,50,97,1,254,0,0
20260809,9,371,6,51,79,1,255,0,0
20260809,9,372,6,52,47,1,256,0,0
20260809,9,373,6,53,54,1,257,0,0
20260809,9,374,6,54,48,1,258,0,0
20260809,9,375,6,55,32,1,259,0,0
20260809,9,376,6,56,36,1,260,0,0
20260809,9,377,6,57,68,1,261,0,0
20260809,9,378,6,58,95,1,262,0,0
20260809,9,379,6,59,80,1,263,0,0
20260809,9,380,6,60,64,1,264,0,0
20260809,9,381,7,1,794,1,265,0,0
20260809,9,382,7,2,506,1,266,0,0
20260809,9,383,7,3,134,1,267,0,0
20260809,9,384,7,4,82,1,268,0,0
20260809,9,385,7,5,76,1,269,0,0
20260809,9,386,7,6,62,1,270,0,0
20260809,9,387,7,7,54,1,271,0,0
20260809,9,388,7,8,44,1,272,0,0
20260809,9,389,7,9,41,1,273,0,0
20260809,9,390,7,10,29,1,274,0,0
20260809,9,391,7,11,43,1,275,0,0
20260809,9,392,7,12,39,1,276,0,0
20260809,9,393,7,13,35,1,277,0,0
20260809,9,394,7,14,33,1,278,0,0
20260809,9,395,7,15,29,1,279,0,0
20260809,9,396,7,16,28,1,280,0,0
20260809,9,397,7,17,28,1,281,0,0
20260809,9,398,7,18,26,1,282,0,0
20260809,9,399,7,19,24,1,283,0,0
20260809,9,400,7,20,20,1,284,0,0
20260809,9,401,7,21,18,1,285,0,0
20260809,9,402,7,22,20,1,286,0,0
20260809,9,403,7,23,23,1,287,0,0
20260809,9,404,7,24,26,1,288,0,0
20260809,9,405,7,25,30,1,289,0,0
20260809,9,406,7,26,8,1,290,0,0
20260809,9,407,7,27,15,1,291,0,0
20260809,9,408,7,28,27,1,292,0,0
20260809,9,409,7,29,29,1,293,0,0
20260809,9,410,7,30,20,1,294,0,0
20260809,9,411,7,31,22,1,295,0,0
20260809,9,412,7,32,23,1,296,0,0
20260809,9,413,7,33,19,1,297,0,0
20260809,9,414,7,34,16,1,298,0,0
20260809,9,415,7,35,7,1,299,0,0
20260809,9,416,7,36,7,1,300,0,0
20260809,9,417,7,37,13,1,301,0,0
20260809,9,418,7,38,12,1,302,0,0
20260809,9,419,7,39,9,1,303,0,0
20260809,9,420,7,40,6,1,304,0,0
20260809,9,421,7,41,7,1,305,0,0
20260809,9,422,7,42,13,1,306,0,0
20260809,9,423,7,43,19,1,307,0,0
20260809,9,424,7,44,24,1,308,0,0
20260809,9,425,7,45,25,1,309,0,0
20260809,9,426,7,46,25,1,310,0,0
20260809,9,427,7,47,67,1,311,0,0
20260809,9,428,7,48,137,1,312,0,0
20260809,9,429,7,49,317,1,313,0,0
20260809,9,430,7,50,570,1,314,0,0
20260809,9,431,7,51,347,1,315,0,0
20260809,9,432,7,52,67,1,316,0,0
20260809,9,433,7,53,34,1,317,0,0
20260809,9,434,7,54,27,1,318,0,0
20260809,9,435,7,55,25,1,319,0,0
20260809,9,436,7,56,25,1,320,0,0
20260809,9,437,7,57,38,1,321,0,0
20260809,9,438,7,58,14,1,322,0,0
20260809,9,439,7,59,14,1,323,0,0
20260809,9,440,7,60,11,1,324,0,0
20260809,9,441,8,1,893,1,325,0,0
20260809,9,442,8,2,169,1,326,0,0
20260809,9,443,8,3,50,1,327,0,0
20260809,9,444,8,4,43,1,328,0,0
20260809,9,445,8,5,42,1,329,0,0
20260809,9,446,8,6,26,1,330,0,0
20260809,9,447,8,7,38,1,331,0,0
20260809,9,448,8,8,36,1,332,0,0
20260809,9,449,8,9,29,1,333,0,0
20260809,9,450,8,10,23,1,334,0,0
20260809,9,451,8,11,25,1,335,0,0
20260809,9,452,8,12,24,1,336,0,0
20260809,9,453,8,13,21,1,337,0,0
20260809,9,454,8,14,19,1,338,0,0
20260809,9,455,8,15,10,1,339,0,0
20260809,9,456,8,16,10,1,340,0,0
20260809,9,457,8,17,8,1,341,0,0
20260809,9,458,8,18,11,1,342,0,0
20260809,9,459,8,19,12,1,343,0,0
20260809,9,460,8,20,10,1,344,0,0
20260809,9,461,8,21,21,1,345,0,0
20260809,9,462,8,22,22,1,346,0,0
20260809,9,463,8,23,36,1,347,0,0
20260809,9,464,8,24,55,1,348,0,0
20260809,9,465,8,25,100,1,349,0,0
20260809,9,466,8,26,101,1,350,0,0
20260809,9,467,8,27,47,1,351,0,0
20260809,9,468,8,28,18,1,352,0,0
20260809,9,469,8,29,37,1,353,0,0
20260809,9,470,8,30,91,1,354,0,0
20260809,9,471,8,31,188,1,355,0,0
20260809,9,472,8,32,348,1,356,0,0
20260809,9,473,8,33,173,1,357,0,0
20260809,9,474,8,34,87,1,358,0,0
20260809,9,475,8,35,43,1,359,0,0
20260809,9,476,8,36,41,1,360,0,0
20260809,9,477,8,37,22,1,361,0,0
20260809,9,478,8,38,16,1,362,0,0
20260809,9,479,8,39,42,1,363,0,0
20260809,9,480,8,40,62,1,364,0,0
20260809,9,481,8,41,99,1,365,0,0
20260809,9,482,8,42,93,1,366,0,0
20260809,9,483,8,43,84,1,367,0,0
20260809,9,484,8,44,67,1,368,0,0
20260809,9,485,8,45,93,1,369,0,0
20260809,9,486,8,46,76,1,370,0,0
20260809,9,487,8,47,73,1,371,0,0
20260809,9,488,8,48,106,1,372,0,0
20260809,9,489,8,49,167,1,373,0,0
20260809,9,490,8,50,192,1,374,0,0
20260809,9,491,8,51,237,1,375,0,0
20260809,9,492,8,52,196,1,376,0,0
20260809,9,493,8,53,131,1,377,0,0
20260809,9,494,8,54,31,1,378,0,0
20260809,9,495,8,55,5,1,379,0,0
20260809,9,496,8,56,5,1,380,0,0
20260809,9,497,8,57,8,1,381,0,0
20260809,9,498,8,58,8,1,382,0,0
20260809,9,499,8,59,2,1,383,0,0
20260809,9,500,8,60,2,1,384,0,0
20260809,9,501,9,1,884,1,385,0,0
20260809,9,502,9,2,120,1,386,0,0
20260809,9,503,9,3,72,1,387,0,0
20260809,9,504,9,4,53,1,388,0,0
20260809,9,505,9,5,44,1,389,0,0
20260809,9,506,9,6,35,1,390,0,0
20260809,9,507,9,7,33,1,391,0,0
20260809,9,508,9,8,26,1,392,0,0
20260809,9,509,9,9,24,1,393,0,0
20260809,9,510,9,10,24,1,394,0,0
20260809,9,511,9,11,20,1,395,0,0
20260809,9,512,9,12,24,1,396,0,0
20260809,9,513,9,13,24,1,397,0,0
20260809,9,514,9,14,18,1,398,0,0
20260809,9,515,9,15,18,1,399,0,0
20260809,9,516,9,16,16,1,400,0,0
20260809,9,517,9,17,15,1,401,0,0
20260809,9,518,9,18,17,1,402,0,0
20260809,9,519,9,19,19,1,403,0,0
20260809,9,520,9,20,17,1,404,0,0
20260809,9,521,9,21,20,1,405,0,0
20260809,9,522,9,22,7,1,406,0,0
20260809,9,523,9,23,12,1,407,0,0
20260809,9,524,9,24,14,1,408,0,0
20260809,9,525,9,25,8,1,409,0,0
20260809,9,526,9,26,11,1,410,0,0
20260809,9,527,9,27,1,1,411,0,0
20260809,9,528,9,28,1,1,412,0,0
20260809,9,529,9,29,4,1,413,0,0
20260809,9,530,9,30,8,1,414,0,0
20260809,9,531,9,31,10,1,415,0,0
20260809,9,532,9,32,10,1,416,0,0
20260809,9,533,9,33,5,1,417,0,0
20260809,9,534,9,34,38,1,418,0,0
20260809,9,535,9,35,69,1,419,0,0
20260809,9,536,9,36,164,1,420,0,0
20260809,9,537,9,37,362,1,421,0,0
20260809,9,538,9,38,397,1,422,0,0
20260809,9,539,9,39,274,1,423,0,0
20260809,9,540,9,40,240,1,424,0,0
20260809,9,541,9,41,241,1,425,0,0
20260809,9,542,9,42,216,1,426,0,0
20260809,9,543,9,43,159,1,427,0,0
20260809,9,544,9,44,54,1,428,0,0
20260809,9,545,9,45,39,1,429,0,0
20260809,9,546,9,46,27,1,430,0,0
20260809,9,547,9,47,21,1,431,0,0
20260809,9,548,9,48,15,1,432,0,0
20260809,9,549,9,49,19,1,433,0,0
20260809,9,550,9,50,20,1,434,0,0
20260809,9,551,9,51,11,1,435,0,0
20260809,9,552,9,52,14,1,436,0,0
20260809,9,553,9,53,11,1,437,0,0
20260809,9,554,9,54,18,1,438,0,0
20260809,9,555,9,55,12,1,439,0,0
20260809,9,556,9,56,16,1,440,0,0
20260809,9,557,9,57,10,1,441,0,0
20260809,9,558,9,58,12,1,442,0,0
20260809,9,559,9,59,16,1,443,0,0
20260809,9,560,9,60,14,1,444,0,0
20260809,9,561,10,1,882,1,445,0,0
20260809,9,562,10,2,167,1,446,0,0
20260809,9,563,10,3,90,1,447,0,0
20260809,9,564,10,4,101,1,448,0,0
20260809,9,565,10,5,51,1,449,0,0
20260809,9,566,10,6,47,1,450,0,0
20260809,9,567,10,7,33,1,451,0,0
20260809,9,568,10,8,36,1,452,0,0
20260809,9,569,10,9,39,1,453,0,0
20260809,9,570,10,10,33,1,454,0,0
20260809,9,571,10,11,23,1,455,0,0
20260809,9,572,10,12,19,1,456,0,0
20260809,9,573,10,13,21,1,457,0,0
20260809,9,574,10,14,23,1,458,0,0
20260809,9,575,10,15,23,1,459,0,0
20260809,9,576,10,16,18,1,460,0,0
20260809,9,577,10,17,15,1,461,0,0
20260809,9,578,10,18,17,1,462,0,0
20260809,9,579,10,19,18,1,463,0,0
20260809,9,580,10,20,23,1,464,0,0
20260809,9,581,10,21,29,1,465,0,0
20260809,9,582,10,22,34,1,466,0,0
20260809,9,583,10,23,46,1,467,0,0
20260809,9,584,10,24,99,1,468,0,0
20260809,9,585,10,25,152,1,469,0,0
20260809,9,586,10,26,183,1,470,0,0
20260809,9,587,10,27,154,1,471,0,0
20260809,9,588,10,28,141,1,472,0,0
20260809,9,589,10,29,163,1,473,0,0
20260809,9,590,10,30,148,1,474,0,0
20260809,9,591,10,31,137,1,475,0,0
20260809,9,592,10,32,138,1,476,0,0
20260809,9,593,10,33,134,1,477,0,0
20260809,9,594,10,34,128,1,478,0,0
20260809,9,595,10,35,145,1,479,0,0
20260809,9,596,10,36,94,1,480,0,0
20260809,9,597,10,37,47,1,481,0,0
20260809,9,598,10,38,31,1,482,0,0
20260809,9,599,10,39,38,1,483,0,0
20260809,9,600,10,40,37,1,484,0,0
20260809,9,601,10,41,22,1,485,0,0
20260809,9,602,10,42,25,1,486,0,0
20260809,9,603,10,43,25,1,487,0,0
20260809,9,604,10,44,27,1,488,0,0
20260809,9,605,10,45,24,1,489,0,0
20260809,9,606,10,46,21,1,490,0,0
20260809,9,607,10,47,21,1,491,0,0
20260809,9,608,10,48,27,1,492,0,0
20260809,9,609,10,49,28,1,493,0,0
20260809,9,610,10,50,20,1,494,0,0
20260809,9,611,10,51,26,1,495,0,0
20260809,9,612,10,52,23,1,496,0,0
20260809,9,613,10,53,26,1,497,0,0
20260809,9,614,10,54,22,1,498,0,0
20260809,9,615,10,55,14,1,499,0,0
20260809,9,616,10,56,21,1,500,0,0
20260809,9,617,10,57,41,1,501,0,0
20260809,9,618,10,58,44,1,502,0,0
20260809,9,619,10,59,109,1,503,0,0
20260809,9,620,10,60,240,1,504,0,0
20260809,9,621,11,1,730,1,505,0,0
20260809,9,622,11,2,573,1,506,0,0
20260809,9,623,11,3,107,1,507,0,0
20260809,9,624,11,4,67,1,508,0,0
20260809,9,625,11,5,37,1,509,0,0
20260809,9,626,11,6,29,1,510,0,0
20260809,9,627,11,7,39,1,511,0,0
20260809,9,628,11,8,33,1,512,0,0
20260809,9,629,11,9,24,1,513,0,0
20260809,9,630,11,10,24,1,514,0,0
20260809,9,631,11,11,17,1,515,0,0
20260809,9,632,11,12,12,1,516,0,0
20260809,9,633,11,13,6,1,517,0,0
20260809,9,634,11,14,10,1,518,0,0
20260809,9,635,11,15,13,1,519,0,0
20260809,9,636,11,16,13,1,520,0,0
20260809,9,637,11,17,8,1,521,0,0
20260809,9,638,11,18,7,1,522,0,0
20260809,9,639,11,19,8,1,523,0,0
20260809,9,640,11,20,7,1,524,0,0
20260809,9,641,11,21,7,1,525,0,0
20260809,9,642,11,22,3,1,526,0,0
20260809,9,643,11,23,11,1,527,0,0
20260809,9,644,11,24,12,1,528,0,0
20260809,9,645,11,25,19,1,529,0,0
20260809,9,646,11,26,25,1,530,0,0
20260809,9,647,11,27,26,1,531,0,0
20260809,9,648,11,28,21,1,532,0,0
20260809,9,649,11,29,30,1,533,0,0
20260809,9,650,11,30,34,1,534,0,0
20260809,9,651,11,31,84,1,535,0,0
20260809,9,652,11,32,173,1,536,0,0
20260809,9,653,11,33,330,1,537,0,0
20260809,9,654,11,34,439,1,538,0,0
20260809,9,655,11,35,252,1,539,0,0
20260809,9,656,11,36,238,1,540,0,0
20260809,9,657,11,37,190,1,541,0,0
20260809,9,658,11,38,108,1,542,0,0
20260809,9,659,11,39,37,1,543,0,0
20260809,9,660,11,40,20,1,544,0,0
20260809,9,661,11,41,23,1,545,0,0
20260809,9,662,11,42,19,1,546,0,0
20260809,9,663,11,43,17,1,547,0,0
20260809,9,664,11,44,20,1,548,0,0
20260809,9,665,11,45,11,1,549,0,0
20260809,9,666,11,46,9,1,550,0,0
20260809,9,667,11,47,9,1,551,0,0
20260809,9,668,11,48,9,1,552,0,0
20260809,9,669,11,49,6,1,553,0,0
20260809,9,670,11,50,2,1,554,0,0
20260809,9,671,11,51,2,1,555,0,0
20260809,9,672,11,52,2,1,556,0,0
20260809,9,673,11,53,11,1,557,0,0
20260809,9,674,11,54,21,1,558,0,0
20260809,9,675,11,55,28,1,559,0,0
20260809,9,676,11,56,10,1,560,0,0
20260809,9,677,11,57,16,1,561,0,0
20260809,9,678,11,58,18,1,562,0,0
20260809,9,679,11,59,18,1,563,0,0
20260809,9,680,11,60,17,1,564,0,0
20260809,9,681,12,1,852,1,565,0,0
20260809,9,682,12,2,143,1,566,0,0
20260809,9,683,12,3,50,1,567,0,0
20260809,9,684,12,4,54,1,568,0,0
20260809,9,685,12,5,47,1,569,0,0
20260809,9,686,12,6,50,1,570,0,0
20260809,9,687,12,7,34,1,571,0,0
20260809,9,688,12,8,20,1,572,0,0
20260809,9,689,12,9,18,1,573,0,0
20260809,9,690,12,10,9,1,574,0,0
20260809,9,691,12,11,7,1,575,0,0
20260809,9,692,12,12,10,1,576,0,0
20260809,9,693,12,13,8,1,577,0,0
20260809,9,694,12,14,5,1,578,0,0
20260809,9,695,12,15,9,1,579,0,0
20260809,9,696,12,16,7,1,580,0,0
20260809,9,697,12,17,5,1,581,0,0
20260809,9,698,12,18,5,1,582,0,0
20260809,9,699,12,19,0,0,0,1,1
20260809,10,1,1,1,228,174,1,0,0
20260809,10,2,1,2,182,174,2,0,0
20260809,10,3,1,3,116,116,0,1,0
20260809,10,4,1,4,93,93,0,1,0
20260809,10,5,1,5,81,81,0,1,0
20260809,10,6,1,6,85,81,1,0,0
20260809,10,7,1,7,77,77,0,1,0
20260809,10,8,1,8,51,51,0,1,0
20260809,10,9,1,9,61,51,1,0,0
20260809,10,10,1,10,61,51,2,0,0
20260809,10,11,1,11,52,51,3,0,0
20260809,10,12,1,12,36,36,0,1,0
20260809,10,13,1,13,40,36,1,0,0
20260809,10,14,1,14,29,29,0,1,0
20260809,10,15,1,15,20,20,0,1,0
20260809,10,16,1,16,19,19,0,1,0
20260809,10,17,1,17,30,19,1,0,0
20260809,10,18,1,18,28,19,2,0,0
20260809,10,19,1,19,30,19,3,0,0
20260809,10,20,1,20,18,18,0,1,0
20260809,10,21,1,21,21,18,1,0,0
20260809,10,22,1,22,24,18,2,0,0
20260809,10,23,1,23,26,18,3,0,0
20260809,10,24,1,24,31,18,4,0,0
20260809,10,25,1,25,28,18,5,0,0
20260809,10,26,1,26,27,18,6,0,0
20260809,10,27,1,27,19,18,7,0,0
20260809,10,28,1,28,17,17,0,1,0
20260809,10,29,1,29,13,13,0,1,0
20260809,10,30,1,30,15,13,1,0,0
20260809,10,31,1,31,16,13,2,0,0
20260809,10,32,1,32,10,10,0,1,0
20260809,10,33,1,33,10,10,1,0,0
20260809,10,34,1,34,16,10,2,0,0
20260809,10,35,1,35,6,6,0,1,0
20260809,10,36,1,36,16,6,1,0,0
20260809,10,37,1,37,4,4,0,1,0
20260809,10,38,1,38,8,4,1,0,0
20260809,10,39,1,39,12,4,2,0,0
20260809,10,40,1,40,11,4,3,0,0
20260809,10,41,1,41,16,4,4,0,0
20260809,10,42,1,42,4,4,5,0,0
20260809,10,43,1,43,10,4,6,0,0
20260809,10,44,1,44,12,4,7,0,0
20260809,10,45,1,45,9,4,8,0,0
20260809,10,46,1,46,14,4,9,0,0
20260809,10,47,1,47,15,4,10,0,0
20260809,10,48,1,48,11,4,11,0,0
20260809,10,49,1,49,11,4,12,0,0
20260809,10,50,1,50,16,4,13,0,0
20260809,10,51,1,51,7,4,14,0,0
20260809,10,52,1,52,8,4,15,0,0
20260809,10,53,1,53,0,0,0,1,1
20260809,11,1,1,1,288,195,1,0,0
20260809,11,2,1,2,219,195,2,0,0
20260809,11,3,1,3,136,136,0,1,0
20260809,11,4,1,4,145,136,1,0,0
20260809,11,5,1,5,141,136,2,0,0
20260809,11,6,1,6,113,113,0,1,0
20260809,11,7,1,7,96,96,0,1,0
20260809,11,8,1,8,101,96,1,0,0
20260809,11,9,1,9,81,81,0,1,0
20260809,11,10,1,10,68,68,0,1,0
20260809,11,11,1,11,58,58,0,1,0
20260809,11,12,1,12,61,58,1,0,0
20260809,11,13,1,13,49,49,0,1,0
20260809,11,14,1,14,58,49,1,0,0
20260809,11,15,1,15,57,49,2,0,0
20260809,11,16,1,16,46,46,0,1,0
20260809,11,17,1,17,29,29,0,1,0
20260809,11,18,1,18,36,29,1,0,0
20260809,11,19,1,19,26,26,0,1,0
20260809,11,20,1,20,23,23,0,1,0
20260809,11,21,1,21,31,23,1,0,0
20260809,11,22,1,22,32,23,2,0,0
20260809,11,23,1,23,28,23,3,0,0
20260809,11,24,1,24,24,23,4,0,0
20260809,11,25,1,25,27,23,5,0,0
20260809,11,26,1,26,21,21,0,1,0
20260809,11,27,1,27,24,21,1,0,0
20260809,11,28,1,28,29,21,2,0,0
20260809,11,29,1,29,23,21,3,0,0
20260809,11,30,1,30,24,21,4,0,0
20260809,11,31,1,31,26,21,5,0,0
20260809,11,32,1,32,23,21,6,0,0
20260809,11,33,1,33,21,21,7,0,0
20260809,11,34,1,34,19,19,0,1,0
20260809,11,35,1,35,21,19,1,0,0
20260809,11,36,1,36,18,18,0,1,0
20260809,11,37,1,37,20,18,1,0,0
20260809,11,38,1,38,19,18,2,0,0
20260809,11,39,1,39,13,13,0,1,0
20260809,11,40,1,40,15,13,1,0,0
20260809,11,41,1,41,16,13,2,0,0
20260809,11,42,1,42,15,13,3,0,0
20260809,11,43,1,43,17,13,4,0,0
20260809,11,44,1,44,18,13,5,0,0
20260809,11,45,1,45,16,13,6,0,0
20260809,11,46,1,46,19,13,7,0,0
20260809,11,47,1,47,14,13,8,0,0
20260809,11,48,1,48,23,13,9,0,0
20260809,11,49,1,49,12,12,0,1,0
20260809,11,50,1,50,12,12,1,0,0
20260809,11,51,1,51,13,12,2,0,0
20260809,11,52,1,52,18,12,3,0,0
20260809,11,53,1,53,12,12,4,0,0
20260809,11,54,1,54,15,12,5,0,0
20260809,11,55,1,55,17,12,6,0,0
20260809,11,56,1,56,16,12,7,0,0
20260809,11,57,1,57,12,12,8,0,0
20260809,11,58,1,58,12,12,9,0,0
20260809,11,59,1,59,8,8,0,1,0
20260809,11,60,1,60,11,8,1,0,0
20260809,11,61,1,61,12,8,2,0,0
20260809,11,62,1,62,14,8,3,0,0
20260809,11,63,1,63,7,7,0,1,0
20260809,11,64,1,64,11,7,1,0,0
20260809,11,65,1,65,12,7,2,0,0
20260809,11,66,1,66,11,7,3,0,0
20260809,11,67,1,67,8,7,4,0,0
20260809,11,68,1,68,11,7,5,0,0
20260809,11,69,1,69,9,7,6,0,0
20260809,11,70,1,70,11,7,7,0,0
20260809,11,71,1,71,4,4,0,1,0
20260809,11,72,1,72,11,4,1,0,0
20260809,11,73,1,73,9,4,2,0,0
20260809,11,74,1,74,11,4,3,0,0
20260809,11,75,1,75,9,4,4,0,0
20260809,11,76,1,76,11,4,5,0,0
20260809,11,77,1,77,6,4,6,0,0
20260809,11,78,1,78,11,4,7,0,0
20260809,11,79,1,79,7,4,8,0,0
20260809,11,80,1,80,11,4,9,0,0
20260809,11,81,2,1,891,4,10,0,0
20260809,11,82,2,2,830,4,11,0,0
20260809,11,83,2,3,855,4,12,0,0
20260809,11,84,2,4,149,4,13,0,0
20260809,11,85,2,5,177,4,14,0,0
20260809,11,86,2,6,165,4,15,0,0
20260809,11,87,2,7,109,4,16,0,0
20260809,11,88,2,8,98,4,17,0,0
20260809,11,89,2,9,70,4,18,0,0
20260809,11,90,2,10,43,4,19,0,0
20260809,11,91,2,11,39,4,20,0,0
20260809,11,92,2,12,45,4,21,0,0
20260809,11,93,2,13,40,4,22,0,0
20260809,11,94,2,14,51,4,23,0,0
20260809,11,95,2,15,47,4,24,0,0
20260809,11,96,2,16,32,4,25,0,0
20260809,11,97,2,17,25,4,26,0,0
20260809,11,98,2,18,21,4,27,0,0
20260809,11,99,2,19,18,4,28,0,0
20260809,11,100,2,20,17,4,29,0,0
20260809,11,101,2,21,16,4,30,0,0
20260809,11,102,2,22,14,4,31,0,0
20260809,11,103,2,23,16,4,32,0,0
20260809,11,104,2,24,8,4,33,0,0
20260809,11,105,2,25,10,4,34,0,0
20260809,11,106,2,26,11,4,35,0,0
20260809,11,107,2,27,11,4,36,0,0
20260809,11,108,2,28,9,4,37,0,0
20260809,11,109,2,29,12,4,38,0,0
20260809,11,110,2,30,14,4,39,0,0
20260809,11,111,2,31,16,4,40,0,0
20260809,11,112,2,32,13,4,41,0,0
20260809,11,113,2,33,12,4,42,0,0
20260809,11,114,2,34,13,4,43,0,0
20260809,11,115,2,35,34,4,44,0,0
20260809,11,116,2,36,60,4,45,0,0
20260809,11,117,2,37,206,4,46,0,0
20260809,11,118,2,38,420,4,47,0,0
20260809,11,119,2,39,458,4,48,0,0
20260809,11,120,2,40,487,4,49,0,0
20260809,11,121,2,41,269,4,50,0,0
20260809,11,122,2,42,91,4,51,0,0
20260809,11,123,2,43,65,4,52,0,0
20260809,11,124,2,44,62,4,53,0,0
20260809,11,125,2,45,48,4,54,0,0
20260809,11,126,2,46,47,4,55,0,0
20260809,11,127,2,47,41,4,56,0,0
20260809,11,128,2,48,41,4,57,0,0
20260809,11,129,2,49,39,4,58,0,0
20260809,11,130,2,50,22,4,59,0,0
20260809,11,131,2,51,14,4,60,0,0
20260809,11,132,2,52,25,4,61,0,0
20260809,11,133,2,53,18,4,62,0,0
20260809,11,134,2,54,16,4,63,0,0
20260809,11,135,2,55,14,4,64,0,0
20260809,11,136,2,56,15,4,65,0,0
20260809,11,137,2,57,14,4,66,0,0
20260809,11,138,2,58,24,4,67,0,0
20260809,11,139,2,59,22,4,68,0,0
20260809,11,140,2,60,18,4,69,0,0
20260809,11,141,3,1,892,4,70,0,0
20260809,11,142,3,2,239,4,71,0,0
20260809,11,143,3,3,141,4,72,0,0
20260809,11,144,3,4,110,4,73,0,0
20260809,11,145,3,5,68,4,74,0,0
20260809,11,146,3,6,81,4,75,0,0
20260809,11,147,3,7,68,4,76,0,0
20260809,11,148,3,8,64,4,77,0,0
20260809,11,149,3,9,56,4,78,0,0
20260809,11,150,3,10,52,4,79,0,0
20260809,11,151,3,11,62,4,80,0,0
20260809,11,152,3,12,42,4,81,0,0
20260809,11,153,3,13,36,4,82,0,0
20260809,11,154,3,14,35,4,83,0,0
20260809,11,155,3,15,30,4,84,0,0
20260809,11,156,3,16,33,4,85,0,0
20260809,11,157,3,17,31,4,86,0,0
20260809,11,158,3,18,28,4,87,0,0
20260809,11,159,3,19,25,4,88,0,0
20260809,11,160,3,20,24,4,89,0,0
20260809,11,161,3,21,15,4,90,0,0
20260809,11,162,3,22,25,4,91,0,0
20260809,11,163,3,23,17,4,92,0,0
20260809,11,164,3,24,13,4,93,0,0
20260809,11,165,3,25,13,4,94,0,0
20260809,11,166,3,26,25,4,95,0,0
20260809,11,167,3,27,24,4,96,0,0
20260809,11,168,3,28,19,4,97,0,0
20260809,11,169,3,29,16,4,98,0,0
20260809,11,170,3,30,19,4,99,0,0
20260809,11,171,3,31,15,4,100,0,0
20260809,11,172,3,32,19,4,101,0,0
20260809,11,173,3,33,16,4,102,0,0
20260809,11,174,3,34,20,4,103,0,0
20260809,11,175,3,35,14,4,104,0,0
20260809,11,176,3,36,14,4,105,0,0
20260809,11,177,3,37,13,4,106,0,0
20260809,11,178,3,38,11,4,107,0,0
20260809,11,179,3,39,10,4,108,0,0
20260809,11,180,3,40,19,4,109,0,0
20260809,11,181,3,41,23,4,110,0,0
20260809,11,182,3,42,40,4,111,0,0
20260809,11,183,3,43,56,4,112,0,0
20260809,11,184,3,44,77,4,113,0,0
20260809,11,185,3,45,128,4,114,0,0
20260809,11,186,3,46,226,4,115,0,0
20260809,11,187,3,47,232,4,116,0,0
20260809,11,188,3,48,221,4,117,0,0
20260809,11,189,3,49,230,4,118,0,0
20260809,11,190,3,50,246,4,119,0,0
20260809,11,191,3,51,218,4,120,0,0
20260809,11,192,3,52,156,4,121,0,0
20260809,11,193,3,53,50,4,122,0,0
20260809,11,194,3,54,36,4,123,0,0
20260809,11,195,3,55,31,4,124,0,0
20260809,11,196,3,56,17,4,125,0,0
20260809,11,197,3,57,17,4,126,0,0
20260809,11,198,3,58,13,4,127,0,0
20260809,11,199,3,59,16,4,128,0,0
20260809,11,200,3,60,8,4,129,0,0
20260809,11,201,4,1,871,4,130,0,0
20260809,11,202,4,2,213,4,131,0,0
20260809,11,203,4,3,154,4,132,0,0
20260809,11,204,4,4,111,4,133,0,0
20260809,11,205,4,5,71,4,134,0,0
20260809,11,206,4,6,52,4,135,0,0
20260809,11,207,4,7,53,4,136,0,0
20260809,11,208,4,8,51,4,137,0,0
20260809,11,209,4,9,41,4,138,0,0
20260809,11,210,4,10,43,4,139,0,0
20260809,11,211,4,11,34,4,140,0,0
20260809,11,212,4,12,45,4,141,0,0
20260809,11,213,4,13,21,4,142,0,0
20260809,11,214,4,14,10,4,143,0,0
20260809,11,215,4,15,7,4,144,0,0
20260809,11,216,4,16,3,3,0,1,0
20260809,11,217,4,17,5,3,1,0,0
20260809,11,218,4,18,3,3,2,0,0
20260809,11,219,4,19,3,3,3,0,0
20260809,11,220,4,20,3,3,4,0,0
20260809,11,221,4,21,0,0,0,1,1
20260809,12,1,1,1,313,204,1,0,0
20260809,12,2,1,2,283,204,2,0,0
20260809,12,3,1,3,166,166,0,1,0
20260809,12,4,1,4,165,165,0,1,0
20260809,12,5,1,5,140,140,0,1,0
20260809,12,6,1,6,133,133,0,1,0
20260809,12,7,1,7,128,128,0,1,0
20260809,12,8,1,8,134,128,1,0,0
20260809,12,9,1,9,116,116,0,1,0
20260809,12,10,1,10,107,107,0,1,0
20260809,12,11,1,11,89,89,0,1,0
20260809,12,12,1,12,96,89,1,0,0
20260809,12,13,1,13,79,79,0,1,0
20260809,12,14,1,14,50,50,0,1,0
20260809,12,15,1,15,66,50,1,0,0
20260809,12,16,1,16,57,50,2,0,0
20260809,12,17,1,17,57,50,3,0,0
20260809,12,18,1,18,62,50,4,0,0
20260809,12,19,1,19,51,50,5,0,0
20260809,12,20,1,20,45,45,0,1,0
20260809,12,21,1,21,53,45,1,0,0
20260809,12,22,1,22,49,45,2,0,0
20260809,12,23,1,23,45,45,3,0,0
20260809,12,24,1,24,46,45,4,0,0
20260809,12,25,1,25,42,42,0,1,0
20260809,12,26,1,26,29,29,0,1,0
20260809,12,27,1,27,47,29,1,0,0
20260809,12,28,1,28,39,29,2,0,0
20260809,12,29,1,29,39,29,3,0,0
20260809,12,30,1,30,40,29,4,0,0
20260809,12,31,1,31,32,29,5,0,0
20260809,12,32,1,32,33,29,6,0,0
20260809,12,33,1,33,31,29,7,0,0
20260809,12,34,1,34,32,29,8,0,0
20260809,12,35,1,35,32,29,9,0,0
20260809,12,36,1,36,29,29,10,0,0
20260809,12,37,1,37,31,29,11,0,0
20260809,12,38,1,38,24,24,0,1,0
20260809,12,39,1,39,23,23,0,1,0
20260809,12,40,1,40,18,18,0,1,0
20260809,12,41,1,41,24,18,1,0,0
20260809,12,42,1,42,29,18,2,0,0
20260809,12,43,1,43,25,18,3,0,0
20260809,12,44,1,44,17,17,0,1,0
20260809,12,45,1,45,13,13,0,1,0
20260809,12,46,1,46,18,13,1,0,0
20260809,12,47,1,47,23,13,2,0,0
20260809,12,48,1,48,17,13,3,0,0
20260809,12,49,1,49,15,13,4,0,0
20260809,12,50,1,50,5,5,0,1,0
20260809,12,51,1,51,8,5,1,0,0
20260809,12,52,1,52,6,5,2,0,0
20260809,12,53,1,53,5,5,3,0,0
20260809,12,54,1,54,5,5,4,0,0
20260809,12,55,1,55,6,5,5,0,0
20260809,12,56,1,56,2,2,0,1,0
20260809,12,57,1,57,5,2,1,0,0
20260809,12,58,1,58,5,2,2,0,0
20260809,12,59,1,59,4,2,3,0,0
20260809,12,60,1,60,0,0,0,1,1
20260809,13,1,1,1,335,215,1,0,0
20260809,13,2,1,2,232,215,2,0,0
20260809,13,3,1,3,147,147,0,1,0
20260809,13,4,1,4,151,147,1,0,0
20260809,13,5,1,5,178,147,2,0,0
20260809,13,6,1,6,118,118,0,1,0
20260809,13,7,1,7,114,114,0,1,0
20260809,13,8,1,8,108,108,0,1,0
20260809,13,9,1,9,104,104,0,1,0
20260809,13,10,1,10,78,78,0,1,0
20260809,13,11,1,11,65,65,0,1,0
20260809,13,12,1,12,55,55,0,1,0
20260809,13,13,1,13,41,41,0,1,0
20260809,13,14,1,14,56,41,1,0,0
20260809,13,15,1,15,28,28,0,1,0
20260809,13,16,1,16,23,23,0,1,0
20260809,13,17,1,17,24,23,1,0,0
20260809,13,18,1,18,21,21,0,1,0
20260809,13,19,1,19,17,17,0,1,0
20260809,13,20,1,20,11,11,0,1,0
20260809,13,21,1,21,9,9,0,1,0
20260809,13,22,1,22,8,8,0,1,0
20260809,13,23,1,23,7,7,0,1,0
20260809,13,24,1,24,8,7,1,0,0
20260809,13,25,1,25,7,7,2,0,0
20260809,13,26,1,26,8,7,3,0,0
20260809,13,27,1,27,7,7,4,0,0
20260809,13,28,1,28,2,2,0,1,0
20260809,13,29,1,29,5,2,1,0,0
20260809,13,30,1,30,2,2,2,0,0
20260809,13,31,1,31,1,1,0,1,0
20260809,13,32,1,32,2,1,1,0,0
20260809,13,33,1,33,1,1,2,0,0
20260809,13,34,1,34,2,1,3,0,0
20260809,13,35,1,35,1,1,4,0,0
20260809,13,36,1,36,2,1,5,0,0
20260809,13,37,1,37,1,1,6,0,0
20260809,13,38,1,38,2,1,7,0,0
20260809,13,39,1,39,1,1,8,0,0
20260809,13,40,1,40,2,1,9,0,0
20260809,13,41,1,41,1,1,10,0,0
20260809,13,42,1,42,2,1,11,0,0
20260809,13,43,1,43,1,1,12,0,0
20260809,13,44,1,44,2,1,13,0,0
20260809,13,45,1,45,1,1,14,0,0
20260809,13,46,1,46,2,1,15,0,0
20260809,13,47,1,47,1,1,16,0,0
20260809,13,48,1,48,2,1,17,0,0
20260809,13,49,1,49,1,1,18,0,0
20260809,13,50,1,50,2,1,19,0,0
20260809,13,51,1,51,1,1,20,0,0
20260809,13,52,1,52,2,1,21,0,0
20260809,13,53,1,53,1,1,22,0,0
20260809,13,54,1,54,2,1,23,0,0
20260809,13,55,1,55,1,1,24,0,0
20260809,13,56,1,56,2,1,25,0,0
20260809,13,57,1,57,1,1,26,0,0
20260809,13,58,1,58,2,1,27,0,0
20260809,13,59,1,59,1,1,28,0,0
20260809,13,60,1,60,2,1,29,0,0
20260809,13,61,1,61,1,1,30,0,0
20260809,13,62,1,62,2,1,31,0,0
20260809,13,63,1,63,1,1,32,0,0
20260809,13,64,1,64,2,1,33,0,0
20260809,13,65,1,65,1,1,34,0,0
20260809,13,66,1,66,2,1,35,0,0
20260809,13,67,1,67,1,1,36,0,0
20260809,13,68,1,68,2,1,37,0,0
20260809,13,69,1,69,1,1,38,0,0
20260809,13,70,1,70,2,1,39,0,0
20260809,13,71,1,71,1,1,40,0,0
20260809,13,72,1,72,2,1,41,0,0
20260809,13,73,1,73,1,1,42,0,0
20260809,13,74,1,74,2,1,43,0,0
20260809,13,75,1,75,1,1,44,0,0
20260809,13,76,1,76,2,1,45,0,0
20260809,13,77,1,77,1,1,46,0,0
20260809,13,78,1,78,2,1,47,0,0
20260809,13,79,1,79,1,1,48,0,0
20260809,13,80,1,80,2,1,49,0,0
20260809,13,81,2,1,829,1,50,0,0
20260809,13,82,2,2,862,1,51,0,0
20260809,13,83,2,3,881,1,52,0,0
20260809,13,84,2,4,747,1,53,0,0
20260809,13,85,2,5,881,1,54,0,0
20260809,13,86,2,6,728,1,55,0,0
20260809,13,87,2,7,703,1,56,0,0
20260809,13,88,2,8,259,1,57,0,0
20260809,13,89,2,9,129,1,58,0,0
20260809,13,90,2,10,103,1,59,0,0
20260809,13,91,2,11,72,1,60,0,0
20260809,13,92,2,12,83,1,61,0,0
20260809,13,93,2,13,70,1,62,0,0
20260809,13,94,2,14,60,1,63,0,0
20260809,13,95,2,15,52,1,64,0,0
20260809,13,96,2,16,44,1,65,0,0
20260809,13,97,2,17,42,1,66,0,0
20260809,13,98,2,18,47,1,67,0,0
20260809,13,99,2,19,40,1,68,0,0
20260809,13,100,2,20,43,1,69,0,0
20260809,13,101,2,21,46,1,70,0,0
20260809,13,102,2,22,31,1,71,0,0
20260809,13,103,2,23,38,1,72,0,0
20260809,13,104,2,24,27,1,73,0,0
20260809,13,105,2,25,26,1,74,0,0
20260809,13,106,2,26,25,1,75,0,0
20260809,13,107,2,27,12,1,76,0,0
20260809,13,108,2,28,14,1,77,0,0
20260809,13,109,2,29,14,1,78,0,0
20260809,13,110,2,30,10,1,79,0,0
20260809,13,111,2,31,9,1,80,0,0
20260809,13,112,2,32,11,1,81,0,0
20260809,13,113,2,33,6,1,82,0,0
20260809,13,114,2,34,12,1,83,0,0
20260809,13,115,2,35,8,1,84,0,0
20260809,13,116,2,36,12,1,85,0,0
20260809,13,117,2,37,7,1,86,0,0
20260809,13,118,2,38,7,1,87,0,0
20260809,13,119,2,39,8,1,88,0,0
20260809,13,120,2,40,13,1,89,0,0
20260809,13,121,2,41,24,1,90,0,0
20260809,13,122,2,42,37,1,91,0,0
20260809,13,123,2,43,47,1,92,0,0
20260809,13,124,2,44,86,1,93,0,0
20260809,13,125,2,45,236,1,94,0,0
20260809,13,126,2,46,385,1,95,0,0
20260809,13,127,2,47,482,1,96,0,0
20260809,13,128,2,48,460,1,97,0,0
20260809,13,129,2,49,106,1,98,0,0
20260809,13,130,2,50,44,1,99,0,0
20260809,13,131,2,51,35,1,100,0,0
20260809,13,132,2,52,39,1,101,0,0
20260809,13,133,2,53,36,1,102,0,0
20260809,13,134,2,54,28,1,103,0,0
20260809,13,135,2,55,20,1,104,0,0
20260809,13,136,2,56,18,1,105,0,0
20260809,13,137,2,57,16,1,106,0,0
20260809,13,138,2,58,17,1,107,0,0
20260809,13,139,2,59,17,1,108,0,0
20260809,13,140,2,60,15,1,109,0,0
20260809,13,141,3,1,856,1,110,0,0
20260809,13,142,3,2,216,1,111,0,0
20260809,13,143,3,3,106,1,112,0,0
20260809,13,144,3,4,72,1,113,0,0
20260809,13,145,3,5,35,1,114,0,0
20260809,13,146,3,6,34,1,115,0,0
20260809,13,147,3,7,33,1,116,0,0
20260809,13,148,3,8,33,1,117,0,0
20260809,13,149,3,9,27,1,118,0,0
20260809,13,150,3,10,29,1,119,0,0
20260809,13,151,3,11,22,1,120,0,0
20260809,13,152,3,12,25,1,121,0,0
20260809,13,153,3,13,17,1,122,0,0
20260809,13,154,3,14,23,1,123,0,0
20260809,13,155,3,15,17,1,124,0,0
20260809,13,156,3,16,18,1,125,0,0
20260809,13,157,3,17,11,1,126,0,0
20260809,13,158,3,18,18,1,127,0,0
20260809,13,159,3,19,10,1,128,0,0
20260809,13,160,3,20,12,1,129,0,0
20260809,13,161,3,21,11,1,130,0,0
20260809,13,162,3,22,10,1,131,0,0
20260809,13,163,3,23,11,1,132,0,0
20260809,13,164,3,24,5,1,133,0,0
20260809,13,165,3,25,8,1,134,0,0
20260809,13,166,3,26,9,1,135,0,0
20260809,13,167,3,27,15,1,136,0,0
20260809,13,168,3,28,16,1,137,0,0
20260809,13,169,3,29,17,1,138,0,0
20260809,13,170,3,30,26,1,139,0,0
20260809,13,171,3,31,44,1,140,0,0
20260809,13,172,3,32,84,1,141,0,0
20260809,13,173,3,33,214,1,142,0,0
20260809,13,174,3,34,296,1,143,0,0
20260809,13,175,3,35,262,1,144,0,0
20260809,13,176,3,36,255,1,145,0,0
20260809,13,177,3,37,245,1,146,0,0
20260809,13,178,3,38,234,1,147,0,0
20260809,13,179,3,39,220,1,148,0,0
20260809,13,180,3,40,200,1,149,0,0
20260809,13,181,3,41,154,1,150,0,0
20260809,13,182,3,42,82,1,151,0,0
20260809,13,183,3,43,53,1,152,0,0
20260809,13,184,3,44,44,1,153,0,0
20260809,13,185,3,45,37,1,154,0,0
20260809,13,186,3,46,23,1,155,0,0
20260809,13,187,3,47,19,1,156,0,0
20260809,13,188,3,48,20,1,157,0,0
20260809,13,189,3,49,16,1,158,0,0
20260809,13,190,3,50,20,1,159,0,0
20260809,13,191,3,51,35,1,160,0,0
20260809,13,192,3,52,30,1,161,0,0
20260809,13,193,3,53,26,1,162,0,0
20260809,13,194,3,54,24,1,163,0,0
20260809,13,195,3,55,19,1,164,0,0
20260809,13,196,3,56,16,1,165,0,0
20260809,13,197,3,57,17,1,166,0,0
20260809,13,198,3,58,13,1,167,0,0
20260809,13,199,3,59,17,1,168,0,0
20260809,13,200,3,60,12,1,169,0,0
20260809,13,201,4,1,868,1,170,0,0
20260809,13,202,4,2,206,1,171,0,0
20260809,13,203,4,3,96,1,172,0,0
20260809,13,204,4,4,81,1,173,0,0
20260809,13,205,4,5,50,1,174,0,0
20260809,13,206,4,6,34,1,175,0,0
20260809,13,207,4,7,42,1,176,0,0
20260809,13,208,4,8,32,1,177,0,0
20260809,13,209,4,9,38,1,178,0,0
20260809,13,210,4,10,35,1,179,0,0
20260809,13,211,4,11,35,1,180,0,0
20260809,13,212,4,12,24,1,181,0,0
20260809,13,213,4,13,23,1,182,0,0
20260809,13,214,4,14,17,1,183,0,0
20260809,13,215,4,15,13,1,184,0,0
20260809,13,216,4,16,10,1,185,0,0
20260809,13,217,4,17,8,1,186,0,0
20260809,13,218,4,18,6,1,187,0,0
20260809,13,219,4,19,9,1,188,0,0
20260809,13,220,4,20,10,1,189,0,0
20260809,13,221,4,21,5,1,190,0,0
20260809,13,222,4,22,3,1,191,0,0
20260809,13,223,4,23,7,1,192,0,0
20260809,13,224,4,24,3,1,193,0,0
20260809,13,225,4,25,4,1,194,0,0
20260809,13,226,4,26,4,1,195,0,0
20260809,13,227,4,27,6,1,196,0,0
20260809,13,228,4,28,7,1,197,0,0
20260809,13,229,4,29,5,1,198,0,0
20260809,13,230,4,30,7,1,199,0,0
20260809,13,231,4,31,21,1,200,0,0
20260809,13,232,4,32,20,1,201,0,0
20260809,13,233,4,33,26,1,202,0,0
20260809,13,234,4,34,50,1,203,0,0
20260809,13,235,4,35,105,1,204,0,0
20260809,13,236,4,36,267,1,205,0,0
20260809,13,237,4,37,351,1,206,0,0
20260809,13,238,4,38,272,1,207,0,0
20260809,13,239,4,39,284,1,208,0,0
20260809,13,240,4,40,259,1,209,0,0
20260809,13,241,4,41,183,1,210,0,0
20260809,13,242,4,42,101,1,211,0,0
20260809,13,243,4,43,35,1,212,0,0
20260809,13,244,4,44,13,1,213,0,0
20260809,13,245,4,45,10,1,214,0,0
20260809,13,246,4,46,12,1,215,0,0
20260809,13,247,4,47,15,1,216,0,0
20260809,13,248,4,48,15,1,217,0,0
20260809,13,249,4,49,11,1,218,0,0
20260809,13,250,4,50,9,1,219,0,0
20260809,13,251,4,51,9,1,220,0,0
20260809,13,252,4,52,8,1,221,0,0
20260809,13,253,4,53,3,1,222,0,0
20260809,13,254,4,54,9,1,223,0,0
20260809,13,255,4,55,3,1,224,0,0
20260809,13,256,4,56,3,1,225,0,0
20260809,13,257,4,57,13,1,226,0,0
20260809,13,258,4,58,7,1,227,0,0
20260809,13,259,4,59,10,1,228,0,0
20260809,13,260,4,60,10,1,229,0,0
20260809,13,261,5,1,883,1,230,0,0
20260809,13,262,5,2,157,1,231,0,0
20260809,13,263,5,3,82,1,232,0,0
20260809,13,264,5,4,64,1,233,0,0
20260809,13,265,5,5,50,1,234,0,0
20260809,13,266,5,6,46,1,235,0,0
20260809,13,267,5,7,46,1,236,0,0
20260809,13,268,5,8,37,1,237,0,0
20260809,13,269,5,9,30,1,238,0,0
20260809,13,270,5,10,31,1,239,0,0
20260809,13,271,5,11,24,1,240,0,0
20260809,13,272,5,12,21,1,241,0,0
20260809,13,273,5,13,19,1,242,0,0
20260809,13,274,5,14,17,1,243,0,0
20260809,13,275,5,15,21,1,244,0,0
20260809,13,276,5,16,13,1,245,0,0
20260809,13,277,5,17,13,1,246,0,0
20260809,13,278,5,18,16,1,247,0,0
20260809,13,279,5,19,15,1,248,0,0
20260809,13,280,5,20,8,1,249,0,0
20260809,13,281,5,21,11,1,250,0,0
20260809,13,282,5,22,8,1,251,0,0
20260809,13,283,5,23,7,1,252,0,0
20260809,13,284,5,24,7,1,253,0,0
20260809,13,285,5,25,5,1,254,0,0
20260809,13,286,5,26,9,1,255,0,0
20260809,13,287,5,27,6,1,256,0,0
20260809,13,288,5,28,4,1,257,0,0
20260809,13,289,5,29,8,1,258,0,0
20260809,13,290,5,30,6,1,259,0,0
20260809,13,291,5,31,7,1,260,0,0
20260809,13,292,5,32,18,1,261,0,0
20260809,13,293,5,33,24,1,262,0,0
20260809,13,294,5,34,56,1,263,0,0
20260809,13,295,5,35,110,1,264,0,0
20260809,13,296,5,36,284,1,265,0,0
20260809,13,297,5,37,423,1,266,0,0
20260809,13,298,5,38,334,1,267,0,0
20260809,13,299,5,39,225,1,268,0,0
20260809,13,300,5,40,242,1,269,0,0
20260809,13,301,5,41,195,1,270,0,0
20260809,13,302,5,42,154,1,271,0,0
20260809,13,303,5,43,125,1,272,0,0
20260809,13,304,5,44,60,1,273,0,0
20260809,13,305,5,45,49,1,274,0,0
20260809,13,306,5,46,41,1,275,0,0
20260809,13,307,5,47,41,1,276,0,0
20260809,13,308,5,48,30,1,277,0,0
20260809,13,309,5,49,32,1,278,0,0
20260809,13,310,5,50,38,1,279,0,0
20260809,13,311,5,51,40,1,280,0,0
20260809,13,312,5,52,49,1,281,0,0
20260809,13,313,5,53,38,1,282,0,0
20260809,13,314,5,54,32,1,283,0,0
20260809,13,315,5,55,26,1,284,0,0
20260809,13,316,5,56,24,1,285,0,0
20260809,13,317,5,57,13,1,286,0,0
20260809,13,318,5,58,17,1,287,0,0
20260809,13,319,5,59,24,1,288,0,0
20260809,13,320,5,60,25,1,289,0,0
20260809,13,321,6,1,852,1,290,0,0
20260809,13,322,6,2,187,1,291,0,0
20260809,13,323,6,3,144,1,292,0,0
20260809,13,324,6,4,103,1,293,0,0
20260809,13,325,6,5,101,1,294,0,0
20260809,13,326,6,6,84,1,295,0,0
20260809,13,327,6,7,65,1,296,0,0
20260809,13,328,6,8,51,1,297,0,0
20260809,13,329,6,9,30,1,298,0,0
20260809,13,330,6,10,39,1,299,0,0
20260809,13,331,6,11,29,1,300,0,0
20260809,13,332,6,12,22,1,301,0,0
20260809,13,333,6,13,14,1,302,0,0
20260809,13,334,6,14,12,1,303,0,0
20260809,13,335,6,15,17,1,304,0,0
20260809,13,336,6,16,12,1,305,0,0
20260809,13,337,6,17,20,1,306,0,0
20260809,13,338,6,18,15,1,307,0,0
20260809,13,339,6,19,18,1,308,0,0
20260809,13,340,6,20,13,1,309,0,0
20260809,13,341,6,21,16,1,310,0,0
20260809,13,342,6,22,9,1,311,0,0
20260809,13,343,6,23,22,1,312,0,0
20260809,13,344,6,24,36,1,313,0,0
20260809,13,345,6,25,25,1,314,0,0
20260809,13,346,6,26,11,1,315,0,0
20260809,13,347,6,27,8,1,316,0,0
20260809,13,348,6,28,12,1,317,0,0
20260809,13,349,6,29,8,1,318,0,0
20260809,13,350,6,30,12,1,319,0,0
20260809,13,351,6,31,18,1,320,0,0
20260809,13,352,6,32,17,1,321,0,0
20260809,13,353,6,33,30,1,322,0,0
20260809,13,354,6,34,83,1,323,0,0
20260809,13,355,6,35,225,1,324,0,0
20260809,13,356,6,36,420,1,325,0,0
20260809,13,357,6,37,453,1,326,0,0
20260809,13,358,6,38,407,1,327,0,0
20260809,13,359,6,39,252,1,328,0,0
20260809,13,360,6,40,70,1,329,0,0
20260809,13,361,6,41,41,1,330,0,0
20260809,13,362,6,42,45,1,331,0,0
20260809,13,363,6,43,41,1,332,0,0
20260809,13,364,6,44,36,1,333,0,0
20260809,13,365,6,45,32,1,334,0,0
20260809,13,366,6,46,26,1,335,0,0
20260809,13,367,6,47,24,1,336,0,0
20260809,13,368,6,48,25,1,337,0,0
20260809,13,369,6,49,29,1,338,0,0
20260809,13,370,6,50,37,1,339,0,0
20260809,13,371,6,51,33,1,340,0,0
20260809,13,372,6,52,31,1,341,0,0
20260809,13,373,6,53,31,1,342,0,0
20260809,13,374,6,54,32,1,343,0,0
20260809,13,375,6,55,27,1,344,0,0
20260809,13,376,6,56,31,1,345,0,0
20260809,13,377,6,57,41,1,346,0,0
20260809,13,378,6,58,30,1,347,0,0
20260809,13,379,6,59,28,1,348,0,0
20260809,13,380,6,60,35,1,349,0,0
20260809,13,381,7,1,867,1,350,0,0
20260809,13,382,7,2,385,1,351,0,0
20260809,13,383,7,3,150,1,352,0,0
20260809,13,384,7,4,88,1,353,0,0
20260809,13,385,7,5,61,1,354,0,0
20260809,13,386,7,6,39,1,355,0,0
20260809,13,387,7,7,33,1,356,0,0
20260809,13,388,7,8,34,1,357,0,0
20260809,13,389,7,9,40,1,358,0,0
20260809,13,390,7,10,38,1,359,0,0
20260809,13,391,7,11,19,1,360,0,0
20260809,13,392,7,12,26,1,361,0,0
20260809,13,393,7,13,20,1,362,0,0
20260809,13,394,7,14,20,1,363,0,0
20260809,13,395,7,15,27,1,364,0,0
20260809,13,396,7,16,10,1,365,0,0
20260809,13,397,7,17,12,1,366,0,0
20260809,13,398,7,18,10,1,367,0,0
20260809,13,399,7,19,19,1,368,0,0
20260809,13,400,7,20,16,1,369,0,0
20260809,13,401,7,21,16,1,370,0,0
20260809,13,402,7,22,12,1,371,0,0
20260809,13,403,7,23,9,1,372,0,0
20260809,13,404,7,24,10,1,373,0,0
20260809,13,405,7,25,14,1,374,0,0
20260809,13,406,7,26,11,1,375,0,0
20260809,13,407,7,27,10,1,376,0,0
20260809,13,408,7,28,8,1,377,0,0
20260809,13,409,7,29,6,1,378,0,0
20260809,13,410,7,30,3,1,379,0,0
20260809,13,411,7,31,3,1,380,0,0
20260809,13,412,7,32,8,1,381,0,0
20260809,13,413,7,33,12,1,382,0,0
20260809,13,414,7,34,12,1,383,0,0
20260809,13,415,7,35,20,1,384,0,0
20260809,13,416,7,36,18,1,385,0,0
20260809,13,417,7,37,13,1,386,0,0
20260809,13,418,7,38,33,1,387,0,0
20260809,13,419,7,39,37,1,388,0,0
20260809,13,420,7,40,46,1,389,0,0
20260809,13,421,7,41,48,1,390,0,0
20260809,13,422,7,42,64,1,391,0,0
20260809,13,423,7,43,100,1,392,0,0
20260809,13,424,7,44,122,1,393,0,0
20260809,13,425,7,45,146,1,394,0,0
20260809,13,426,7,46,92,1,395,0,0
20260809,13,427,7,47,21,1,396,0,0
20260809,13,428,7,48,15,1,397,0,0
20260809,13,429,7,49,6,1,398,0,0
20260809,13,430,7,50,6,1,399,0,0
20260809,13,431,7,51,4,1,400,0,0
20260809,13,432,7,52,18,1,401,0,0
20260809,13,433,7,53,17,1,402,0,0
20260809,13,434,7,54,18,1,403,0,0
20260809,13,435,7,55,9,1,404,0,0
20260809,13,436,7,56,4,1,405,0,0
20260809,13,437,7,57,3,1,406,0,0
20260809,13,438,7,58,3,1,407,0,0
20260809,13,439,7,59,3,1,408,0,0
20260809,13,440,7,60,4,1,409,0,0
20260809,13,441,8,1,843,1,410,0,0
20260809,13,442,8,2,141,1,411,0,0
20260809,13,443,8,3,79,1,412,0,0
20260809,13,444,8,4,64,1,413,0,0
20260809,13,445,8,5,47,1,414,0,0
20260809,13,446,8,6,43,1,415,0,0
20260809,13,447,8,7,23,1,416,0,0
20260809,13,448,8,8,14,1,417,0,0
20260809,13,449,8,9,14,1,418,0,0
20260809,13,450,8,10,16,1,419,0,0
20260809,13,451,8,11,13,1,420,0,0
20260809,13,452,8,12,13,1,421,0,0
20260809,13,453,8,13,12,1,422,0,0
20260809,13,454,8,14,10,1,423,0,0
20260809,13,455,8,15,10,1,424,0,0
20260809,13,456,8,16,7,1,425,0,0
20260809,13,457,8,17,7,1,426,0,0
20260809,13,458,8,18,4,1,427,0,0
20260809,13,459,8,19,6,1,428,0,0
20260809,13,460,8,20,7,1,429,0,0
20260809,13,461,8,21,3,1,430,0,0
20260809,13,462,8,22,4,1,431,0,0
20260809,13,463,8,23,6,1,432,0,0
20260809,13,464,8,24,7,1,433,0,0
20260809,13,465,8,25,6,1,434,0,0
20260809,13,466,8,26,9,1,435,0,0
20260809,13,467,8,27,12,1,436,0,0
20260809,13,468,8,28,35,1,437,0,0
20260809,13,469,8,29,68,1,438,0,0
20260809,13,470,8,30,139,1,439,0,0
20260809,13,471,8,31,236,1,440,0,0
20260809,13,472,8,32,237,1,441,0,0
20260809,13,473,8,33,221,1,442,0,0
20260809,13,474,8,34,267,1,443,0,0
20260809,13,475,8,35,298,1,444,0,0
20260809,13,476,8,36,271,1,445,0,0
20260809,13,477,8,37,260,1,446,0,0
20260809,13,478,8,38,237,1,447,0,0
20260809,13,479,8,39,175,1,448,0,0
20260809,13,480,8,40,67,1,449,0,0
20260809,13,481,8,41,59,1,450,0,0
20260809,13,482,8,42,60,1,451,0,0
20260809,13,483,8,43,56,1,452,0,0
20260809,13,484,8,44,43,1,453,0,0
20260809,13,485,8,45,39,1,454,0,0
20260809,13,486,8,46,27,1,455,0,0
20260809,13,487,8,47,26,1,456,0,0
20260809,13,488,8,48,17,1,457,0,0
20260809,13,489,8,49,17,1,458,0,0
20260809,13,490,8,50,21,1,459,0,0
20260809,13,491,8,51,17,1,460,0,0
20260809,13,492,8,52,19,1,461,0,0
20260809,13,493,8,53,19,1,462,0,0
20260809,13,494,8,54,19,1,463,0,0
20260809,13,495,8,55,13,1,464,0,0
20260809,13,496,8,56,14,1,465,0,0
20260809,13,497,8,57,13,1,466,0,0
20260809,13,498,8,58,25,1,467,0,0
20260809,13,499,8,59,18,1,468,0,0
20260809,13,500,8,60,15,1,469,0,0
20260809,13,501,9,1,878,1,470,0,0
20260809,13,502,9,2,176,1,471,0,0
20260809,13,503,9,3,123,1,472,0,0
20260809,13,504,9,4,117,1,473,0,0
20260809,13,505,9,5,107,1,474,0,0
20260809,13,506,9,6,115,1,475,0,0
20260809,13,507,9,7,78,1,476,0,0
20260809,13,508,9,8,60,1,477,0,0
20260809,13,509,9,9,38,1,478,0,0
20260809,13,510,9,10,45,1,479,0,0
20260809,13,511,9,11,55,1,480,0,0
20260809,13,512,9,12,45,1,481,0,0
20260809,13,513,9,13,33,1,482,0,0
20260809,13,514,9,14,29,1,483,0,0
20260809,13,515,9,15,34,1,484,0,0
20260809,13,516,9,16,46,1,485,0,0
20260809,13,517,9,17,36,1,486,0,0
20260809,13,518,9,18,22,1,487,0,0
20260809,13,519,9,19,29,1,488,0,0
20260809,13,520,9,20,28,1,489,0,0
20260809,13,521,9,21,22,1,490,0,0
20260809,13,522,9,22,29,1,491,0,0
20260809,13,523,9,23,34,1,492,0,0
20260809,13,524,9,24,25,1,493,0,0
20260809,13,525,9,25,15,1,494,0,0
20260809,13,526,9,26,14,1,495,0,0
20260809,13,527,9,27,12,1,496,0,0
20260809,13,528,9,28,23,1,497,0,0
20260809,13,529,9,29,27,1,498,0,0
20260809,13,530,9,30,20,1,499,0,0
20260809,13,531,9,31,13,1,500,0,0
20260809,13,532,9,32,18,1,501,0,0
20260809,13,533,9,33,20,1,502,0,0
20260809,13,534,9,34,19,1,503,0,0
20260809,13,535,9,35,22,1,504,0,0
20260809,13,536,9,36,25,1,505,0,0
20260809,13,537,9,37,17,1,506,0,0
20260809,13,538,9,38,15,1,507,0,0
20260809,13,539,9,39,10,1,508,0,0
20260809,13,540,9,40,14,1,509,0,0
20260809,13,541,9,41,10,1,510,0,0
20260809,13,542,9,42,11,1,511,0,0
20260809,13,543,9,43,11,1,512,0,0
20260809,13,544,9,44,9,1,513,0,0
20260809,13,545,9,45,8,1,514,0,0
20260809,13,546,9,46,8,1,515,0,0
20260809,13,547,9,47,14,1,516,0,0
20260809,13,548,9,48,14,1,517,0,0
20260809,13,549,9,49,13,1,518,0,0
20260809,13,550,9,50,11,1,519,0,0
20260809,13,551,9,51,19,1,520,0,0
20260809,13,552,9,52,28,1,521,0,0
20260809,13,553,9,53,60,1,522,0,0
20260809,13,554,9,54,128,1,523,0,0
20260809,13,555,9,55,272,1,524,0,0
20260809,13,556,9,56,350,1,525,0,0
20260809,13,557,9,57,244,1,526,0,0
20260809,13,558,9,58,238,1,527,0,0
20260809,13,559,9,59,222,1,528,0,0
20260809,13,560,9,60,162,1,529,0,0
20260809,13,561,10,1,572,1,530,0,0
20260809,13,562,10,2,645,1,531,0,0
20260809,13,563,10,3,171,1,532,0,0
20260809,13,564,10,4,87,1,533,0,0
20260809,13,565,10,5,101,1,534,0,0
20260809,13,566,10,6,92,1,535,0,0
20260809,13,567,10,7,81,1,536,0,0
20260809,13,568,10,8,74,1,537,0,0
20260809,13,569,10,9,61,1,538,0,0
20260809,13,570,10,10,53,1,539,0,0
20260809,13,571,10,11,42,1,540,0,0
20260809,13,572,10,12,28,1,541,0,0
20260809,13,573,10,13,26,1,542,0,0
20260809,13,574,10,14,18,1,543,0,0
20260809,13,575,10,15,23,1,544,0,0
20260809,13,576,10,16,15,1,545,0,0
20260809,13,577,10,17,12,1,546,0,0
20260809,13,578,10,18,17,1,547,0,0
20260809,13,579,10,19,10,1,548,0,0
20260809,13,580,10,20,13,1,549,0,0
20260809,13,581,10,21,7,1,550,0,0
20260809,13,582,10,22,7,1,551,0,0
20260809,13,583,10,23,7,1,552,0,0
20260809,13,584,10,24,5,1,553,0,0
20260809,13,585,10,25,6,1,554,0,0
20260809,13,586,10,26,4,1,555,0,0
20260809,13,587,10,27,2,1,556,0,0
20260809,13,588,10,28,3,1,557,0,0
20260809,13,589,10,29,6,1,558,0,0
20260809,13,590,10,30,8,1,559,0,0
20260809,13,591,10,31,6,1,560,0,0
20260809,13,592,10,32,15,1,561,0,0
20260809,13,593,10,33,17,1,562,0,0
20260809,13,594,10,34,14,1,563,0,0
20260809,13,595,10,35,24,1,564,0,0
20260809,13,596,10,36,16,1,565,0,0
20260809,13,597,10,37,14,1,566,0,0
20260809,13,598,10,38,17,1,567,0,0
20260809,13,599,10,39,36,1,568,0,0
20260809,13,600,10,40,86,1,569,0,0
20260809,13,601,10,41,215,1,570,0,0
20260809,13,602,10,42,439,1,571,0,0
20260809,13,603,10,43,444,1,572,0,0
20260809,13,604,10,44,406,1,573,0,0
20260809,13,605,10,45,177,1,574,0,0
20260809,13,606,10,46,139,1,575,0,0
20260809,13,607,10,47,40,1,576,0,0
20260809,13,608,10,48,11,1,577,0,0
20260809,13,609,10,49,17,1,578,0,0
20260809,13,610,10,50,12,1,579,0,0
20260809,13,611,10,51,9,1,580,0,0
20260809,13,612,10,52,16,1,581,0,0
20260809,13,613,10,53,13,1,582,0,0
20260809,13,614,10,54,6,1,583,0,0
20260809,13,615,10,55,7,1,584,0,0
20260809,13,616,10,56,2,1,585,0,0
20260809,13,617,10,57,3,1,586,0,0
20260809,13,618,10,58,2,1,587,0,0
20260809,13,619,10,59,2,1,588,0,0
20260809,13,620,10,60,7,1,589,0,0
20260809,13,621,11,1,849,1,590,0,0
20260809,13,622,11,2,169,1,591,0,0
20260809,13,623,11,3,94,1,592,0,0
20260809,13,624,11,4,60,1,593,0,0
20260809,13,625,11,5,43,1,594,0,0
20260809,13,626,11,6,46,1,595,0,0
20260809,13,627,11,7,41,1,596,0,0
20260809,13,628,11,8,42,1,597,0,0
20260809,13,629,11,9,32,1,598,0,0
20260809,13,630,11,10,29,1,599,0,0
20260809,13,631,11,11,24,1,600,0,0
20260809,13,632,11,12,16,1,601,0,0
20260809,13,633,11,13,17,1,602,0,0
20260809,13,634,11,14,16,1,603,0,0
20260809,13,635,11,15,14,1,604,0,0
20260809,13,636,11,16,13,1,605,0,0
20260809,13,637,11,17,11,1,606,0,0
20260809,13,638,11,18,11,1,607,0,0
20260809,13,639,11,19,14,1,608,0,0
20260809,13,640,11,20,13,1,609,0,0
20260809,13,641,11,21,20,1,610,0,0
20260809,13,642,11,22,20,1,611,0,0
20260809,13,643,11,23,30,1,612,0,0
20260809,13,644,11,24,44,1,613,0,0
20260809,13,645,11,25,96,1,614,0,0
20260809,13,646,11,26,141,1,615,0,0
20260809,13,647,11,27,195,1,616,0,0
20260809,13,648,11,28,185,1,617,0,0
20260809,13,649,11,29,255,1,618,0,0
20260809,13,650,11,30,275,1,619,0,0
20260809,13,651,11,31,67,1,620,0,0
20260809,13,652,11,32,28,1,621,0,0
20260809,13,653,11,33,20,1,622,0,0
20260809,13,654,11,34,21,1,623,0,0
20260809,13,655,11,35,15,1,624,0,0
20260809,13,656,11,36,16,1,625,0,0
20260809,13,657,11,37,20,1,626,0,0
20260809,13,658,11,38,13,1,627,0,0
20260809,13,659,11,39,4,1,628,0,0
20260809,13,660,11,40,0,0,0,1,1
20260809,14,1,1,1,297,196,1,0,0
20260809,14,2,1,2,233,196,2,0,0
20260809,14,3,1,3,140,140,0,1,0
20260809,14,4,1,4,139,139,0,1,0
20260809,14,5,1,5,118,118,0,1,0
20260809,14,6,1,6,88,88,0,1,0
20260809,14,7,1,7,80,80,0,1,0
20260809,14,8,1,8,59,59,0,1,0
20260809,14,9,1,9,59,59,1,0,0
20260809,14,10,1,10,46,46,0,1,0
20260809,14,11,1,11,34,34,0,1,0
20260809,14,12,1,12,29,29,0,1,0
20260809,14,13,1,13,33,29,1,0,0
20260809,14,14,1,14,33,29,2,0,0
20260809,14,15,1,15,34,29,3,0,0
20260809,14,16,1,16,32,29,4,0,0
20260809,14,17,1,17,33,29,5,0,0
20260809,14,18,1,18,31,29,6,0,0
20260809,14,19,1,19,33,29,7,0,0
20260809,14,20,1,20,30,29,8,0,0
20260809,14,21,1,21,24,24,0,1,0
20260809,14,22,1,22,27,24,1,0,0
20260809,14,23,1,23,21,21,0,1,0
20260809,14,24,1,24,27,21,1,0,0
20260809,14,25,1,25,21,21,2,0,0
20260809,14,26,1,26,18,18,0,1,0
20260809,14,27,1,27,11,11,0,1,0
20260809,14,28,1,28,14,11,1,0,0
20260809,14,29,1,29,15,11,2,0,0
20260809,14,30,1,30,12,11,3,0,0
20260809,14,31,1,31,13,11,4,0,0
20260809,14,32,1,32,14,11,5,0,0
20260809,14,33,1,33,11,11,6,0,0
20260809,14,34,1,34,13,11,7,0,0
20260809,14,35,1,35,11,11,8,0,0
20260809,14,36,1,36,11,11,9,0,0
20260809,14,37,1,37,7,7,0,1,0
20260809,14,38,1,38,8,7,1,0,0
20260809,14,39,1,39,0,0,0,1,1
20260809,15,1,1,1,286,177,1,0,0
20260809,15,2,1,2,187,177,2,0,0
20260809,15,3,1,3,146,146,0,1,0
20260809,15,4,1,4,139,139,0,1,0
20260809,15,5,1,5,133,133,0,1,0
20260809,15,6,1,6,118,118,0,1,0
20260809,15,7,1,7,101,101,0,1,0
20260809,15,8,1,8,109,101,1,0,0
20260809,15,9,1,9,90,90,0,1,0
20260809,15,10,1,10,89,89,0,1,0
20260809,15,11,1,11,74,74,0,1,0
20260809,15,12,1,12,78,74,1,0,0
20260809,15,13,1,13,77,74,2,0,0
20260809,15,14,1,14,73,73,0,1,0
20260809,15,15,1,15,86,73,1,0,0
20260809,15,16,1,16,82,73,2,0,0
20260809,15,17,1,17,71,71,0,1,0
20260809,15,18,1,18,77,71,1,0,0
20260809,15,19,1,19,75,71,2,0,0
20260809,15,20,1,20,68,68,0,1,0
20260809,15,21,1,21,61,61,0,1,0
20260809,15,22,1,22,65,61,1,0,0
20260809,15,23,1,23,52,52,0,1,0
20260809,15,24,1,24,48,48,0,1,0
20260809,15,25,1,25,40,40,0,1,0
20260809,15,26,1,26,34,34,0,1,0
20260809,15,27,1,27,49,34,1,0,0
20260809,15,28,1,28,43,34,2,0,0
20260809,15,29,1,29,43,34,3,0,0
20260809,15,30,1,30,39,34,4,0,0
20260809,15,31,1,31,44,34,5,0,0
20260809,15,32,1,32,33,33,0,1,0
20260809,15,33,1,33,35,33,1,0,0
20260809,15,34,1,34,24,24,0,1,0
20260809,15,35,1,35,23,23,0,1,0
20260809,15,36,1,36,23,23,1,0,0
20260809,15,37,1,37,20,20,0,1,0
20260809,15,38,1,38,22,20,1,0,0
20260809,15,39,1,39,18,18,0,1,0
20260809,15,40,1,40,27,18,1,0,0
20260809,15,41,1,41,24,18,2,0,0
20260809,15,42,1,42,22,18,3,0,0
20260809,15,43,1,43,19,18,4,0,0
20260809,15,44,1,44,18,18,5,0,0
20260809,15,45,1,45,19,18,6,0,0
20260809,15,46,1,46,23,18,7,0,0
20260809,15,47,1,47,16,16,0,1,0
20260809,15,48,1,48,19,16,1,0,0
20260809,15,49,1,49,14,14,0,1,0
20260809,15,50,1,50,17,14,1,0,0
20260809,15,51,1,51,15,14,2,0,0
20260809,15,52,1,52,12,12,0,1,0
20260809,15,53,1,53,11,11,0,1,0
20260809,15,54,1,54,15,11,1,0,0
20260809,15,55,1,55,13,11,2,0,0
20260809,15,56,1,56,11,11,3,0,0
20260809,15,57,1,57,17,11,4,0,0
20260809,15,58,1,58,12,11,5,0,0
20260809,15,59,1,59,13,11,6,0,0
20260809,15,60,1,60,13,11,7,0,0
20260809,15,61,1,61,10,10,0,1,0
20260809,15,62,1,62,12,10,1,0,0
20260809,15,63,1,63,10,10,2,0,0
20260809,15,64,1,64,6,6,0,1,0
20260809,15,65,1,65,6,6,1,0,0
20260809,15,66,1,66,8,6,2,0,0
20260809,15,67,1,67,7,6,3,0,0
20260809,15,68,1,68,10,6,4,0,0
20260809,15,69,1,69,6,6,5,0,0
20260809,15,70,1,70,5,5,0,1,0
20260809,15,71,1,71,3,3,0,1,0
20260809,15,72,1,72,2,2,0,1,0
20260809,15,73,1,73,6,2,1,0,0
20260809,15,74,1,74,4,2,2,0,0
20260809,15,75,1,75,5,2,3,0,0
20260809,15,76,1,76,4,2,4,0,0
20260809,15,77,1,77,3,2,5,0,0
20260809,15,78,1,78,2,2,6,0,0
20260809,15,79,1,79,5,2,7,0,0
20260809,15,80,1,80,2,2,8,0,0
20260809,15,81,2,1,848,2,9,0,0
20260809,15,82,2,2,831,2,10,0,0
20260809,15,83,2,3,870,2,11,0,0
20260809,15,84,2,4,147,2,12,0,0
20260809,15,85,2,5,653,2,13,0,0
20260809,15,86,2,6,799,2,14,0,0
20260809,15,87,2,7,267,2,15,0,0
20260809,15,88,2,8,142,2,16,0,0
20260809,15,89,2,9,75,2,17,0,0
20260809,15,90,2,10,42,2,18,0,0
20260809,15,91,2,11,38,2,19,0,0
20260809,15,92,2,12,23,2,20,0,0
20260809,15,93,2,13,18,2,21,0,0
20260809,15,94,2,14,14,2,22,0,0
20260809,15,95,2,15,17,2,23,0,0
20260809,15,96,2,16,8,2,24,0,0
20260809,15,97,2,17,12,2,25,0,0
20260809,15,98,2,18,9,2,26,0,0
20260809,15,99,2,19,6,2,27,0,0
20260809,15,100,2,20,8,2,28,0,0
20260809,15,101,2,21,10,2,29,0,0
20260809,15,102,2,22,12,2,30,0,0
20260809,15,103,2,23,12,2,31,0,0
20260809,15,104,2,24,14,2,32,0,0
20260809,15,105,2,25,11,2,33,0,0
20260809,15,106,2,26,13,2,34,0,0
20260809,15,107,2,27,8,2,35,0,0
20260809,15,108,2,28,16,2,36,0,0
20260809,15,109,2,29,17,2,37,0,0
20260809,15,110,2,30,25,2,38,0,0
20260809,15,111,2,31,45,2,39,0,0
20260809,15,112,2,32,91,2,40,0,0
20260809,15,113,2,33,188,2,41,0,0
20260809,15,114,2,34,182,2,42,0,0
20260809,15,115,2,35,189,2,43,0,0
20260809,15,116,2,36,229,2,44,0,0
20260809,15,117,2,37,236,2,45,0,0
20260809,15,118,2,38,257,2,46,0,0
20260809,15,119,2,39,208,2,47,0,0
20260809,15,120,2,40,230,2,48,0,0
20260809,15,121,2,41,179,2,49,0,0
20260809,15,122,2,42,109,2,50,0,0
20260809,15,123,2,43,68,2,51,0,0
20260809,15,124,2,44,37,2,52,0,0
20260809,15,125,2,45,40,2,53,0,0
20260809,15,126,2,46,36,2,54,0,0
20260809,15,127,2,47,23,2,55,0,0
20260809,15,128,2,48,23,2,56,0,0
20260809,15,129,2,49,16,2,57,0,0
20260809,15,130,2,50,15,2,58,0,0
20260809,15,131,2,51,19,2,59,0,0
20260809,15,132,2,52,16,2,60,0,0
20260809,15,133,2,53,19,2,61,0,0
20260809,15,134,2,54,17,2,62,0,0
20260809,15,135,2,55,18,2,63,0,0
20260809,15,136,2,56,19,2,64,0,0
20260809,15,137,2,57,34,2,65,0,0
20260809,15,138,2,58,16,2,66,0,0
20260809,15,139,2,59,25,2,67,0,0
20260809,15,140,2,60,19,2,68,0,0
20260809,15,141,3,1,889,2,69,0,0
20260809,15,142,3,2,174,2,70,0,0
20260809,15,143,3,3,86,2,71,0,0
20260809,15,144,3,4,57,2,72,0,0
20260809,15,145,3,5,43,2,73,0,0
20260809,15,146,3,6,37,2,74,0,0
20260809,15,147,3,7,31,2,75,0,0
20260809,15,148,3,8,29,2,76,0,0
20260809,15,149,3,9,22,2,77,0,0
20260809,15,150,3,10,14,2,78,0,0
20260809,15,151,3,11,11,2,79,0,0
20260809,15,152,3,12,17,2,80,0,0
20260809,15,153,3,13,16,2,81,0,0
20260809,15,154,3,14,13,2,82,0,0
20260809,15,155,3,15,16,2,83,0,0
20260809,15,156,3,16,17,2,84,0,0
20260809,15,157,3,17,20,2,85,0,0
20260809,15,158,3,18,18,2,86,0,0
20260809,15,159,3,19,11,2,87,0,0
20260809,15,160,3,20,11,2,88,0,0
20260809,15,161,3,21,15,2,89,0,0
20260809,15,162,3,22,15,2,90,0,0
20260809,15,163,3,23,9,2,91,0,0
20260809,15,164,3,24,11,2,92,0,0
20260809,15,165,3,25,8,2,93,0,0
20260809,15,166,3,26,12,2,94,0,0
20260809,15,167,3,27,11,2,95,0,0
20260809,15,168,3,28,7,2,96,0,0
20260809,15,169,3,29,5,2,97,0,0
20260809,15,170,3,30,5,2,98,0,0
20260809,15,171,3,31,7,2,99,0,0
20260809,15,172,3,32,12,2,100,0,0
20260809,15,173,3,33,17,2,101,0,0
20260809,15,174,3,34,15,2,102,0,0
20260809,15,175,3,35,7,2,103,0,0
20260809,15,176,3,36,3,2,104,0,0
20260809,15,177,3,37,3,2,105,0,0
20260809,15,178,3,38,3,2,106,0,0
20260809,15,179,3,39,5,2,107,0,0
20260809,15,180,3,40,12,2,108,0,0
20260809,15,181,3,41,38,2,109,0,0
20260809,15,182,3,42,109,2,110,0,0
20260809,15,183,3,43,289,2,111,0,0
20260809,15,184,3,44,485,2,112,0,0
20260809,15,185,3,45,331,2,113,0,0
20260809,15,186,3,46,252,2,114,0,0
20260809,15,187,3,47,253,2,115,0,0
20260809,15,188,3,48,199,2,116,0,0
20260809,15,189,3,49,124,2,117,0,0
20260809,15,190,3,50,60,2,118,0,0
20260809,15,191,3,51,33,2,119,0,0
20260809,15,192,3,52,18,2,120,0,0
20260809,15,193,3,53,19,2,121,0,0
20260809,15,194,3,54,14,2,122,0,0
20260809,15,195,3,55,10,2,123,0,0
20260809,15,196,3,56,8,2,124,0,0
20260809,15,197,3,57,3,2,125,0,0
20260809,15,198,3,58,3,2,126,0,0
20260809,15,199,3,59,4,2,127,0,0
20260809,15,200,3,60,0,0,0,1,1
20260809,16,1,1,1,285,215,1,0,0
20260809,16,2,1,2,247,215,2,0,0
20260809,16,3,1,3,174,174,0,1,0
20260809,16,4,1,4,186,174,1,0,0
20260809,16,5,1,5,160,160,0,1,0
20260809,16,6,1,6,150,150,0,1,0
20260809,16,7,1,7,131,131,0,1,0
20260809,16,8,1,8,117,117,0,1,0
20260809,16,9,1,9,105,105,0,1,0
20260809,16,10,1,10,96,96,0,1,0
20260809,16,11,1,11,95,95,0,1,0
20260809,16,12,1,12,80,80,0,1,0
20260809,16,13,1,13,61,61,0,1,0
20260809,16,14,1,14,74,61,1,0,0
20260809,16,15,1,15,60,60,0,1,0
20260809,16,16,1,16,67,60,1,0,0
20260809,16,17,1,17,63,60,2,0,0
20260809,16,18,1,18,56,56,0,1,0
20260809,16,19,1,19,64,56,1,0,0
20260809,16,20,1,20,53,53,0,1,0
20260809,16,21,1,21,38,38,0,1,0
20260809,16,22,1,22,54,38,1,0,0
20260809,16,23,1,23,42,38,2,0,0
20260809,16,24,1,24,41,38,3,0,0
20260809,16,25,1,25,34,34,0,1,0
20260809,16,26,1,26,36,34,1,0,0
20260809,16,27,1,27,28,28,0,1,0
20260809,16,28,1,28,22,22,0,1,0
20260809,16,29,1,29,27,22,1,0,0
20260809,16,30,1,30,24,22,2,0,0
20260809,16,31,1,31,15,15,0,1,0
20260809,16,32,1,32,15,15,1,0,0
20260809,16,33,1,33,18,15,2,0,0
20260809,16,34,1,34,15,15,3,0,0
20260809,16,35,1,35,20,15,4,0,0
20260809,16,36,1,36,14,14,0,1,0
20260809,16,37,1,37,18,14,1,0,0
20260809,16,38,1,38,15,14,2,0,0
20260809,16,39,1,39,18,14,3,0,0
20260809,16,40,1,40,16,14,4,0,0
20260809,16,41,1,41,11,11,0,1,0
20260809,16,42,1,42,17,11,1,0,0
20260809,16,43,1,43,18,11,2,0,0
20260809,16,44,1,44,12,11,3,0,0
20260809,16,45,1,45,12,11,4,0,0
20260809,16,46,1,46,14,11,5,0,0
20260809,16,47,1,47,8,8,0,1,0
20260809,16,48,1,48,4,4,0,1,0
20260809,16,49,1,49,3,3,0,1,0
20260809,16,50,1,50,2,2,0,1,0
20260809,16,51,1,51,2,2,1,0,0
20260809,16,52,1,52,2,2,2,0,0
20260809,16,53,1,53,1,1,0,1,0
20260809,16,54,1,54,2,1,1,0,0
20260809,16,55,1,55,2,1,2,0,0
20260809,16,56,1,56,2,1,3,0,0
20260809,16,57,1,57,1,1,4,0,0
20260809,16,58,1,58,2,1,5,0,0
20260809,16,59,1,59,2,1,6,0,0
20260809,16,60,1,60,2,1,7,0,0
20260809,16,61,1,61,1,1,8,0,0
20260809,16,62,1,62,2,1,9,0,0
20260809,16,63,1,63,2,1,10,0,0
20260809,16,64,1,64,2,1,11,0,0
20260809,16,65,1,65,1,1,12,0,0
20260809,16,66,1,66,2,1,13,0,0
20260809,16,67,1,67,2,1,14,0,0
20260809,16,68,1,68,2,1,15,0,0
20260809,16,69,1,69,1,1,16,0,0
20260809,16,70,1,70,2,1,17,0,0
20260809,16,71,1,71,2,1,18,0,0
20260809,16,72,1,72,2,1,19,0,0
20260809,16,73,1,73,1,1,20,0,0
20260809,16,74,1,74,2,1,21,0,0
20260809,16,75,1,75,2,1,22,0,0
20260809,16,76,1,76,2,1,23,0,0
20260809,16,77,1,77,1,1,24,0,0
20260809,16,78,1,78,2,1,25,0,0
20260809,16,79,1,79,2,1,26,0,0
20260809,16,80,1,80,2,1,27,0,0
20260809,16,81,2,1,868,1,28,0,0
20260809,16,82,2,2,843,1,29,0,0
20260809,16,83,2,3,849,1,30,0,0
20260809,16,84,2,4,820,1,31,0,0
20260809,16,85,2,5,857,1,32,0,0
20260809,16,86,2,6,626,1,33,0,0
20260809,16,87,2,7,589,1,34,0,0
20260809,16,88,2,8,194,1,35,0,0
20260809,16,89,2,9,82,1,36,0,0
20260809,16,90,2,10,48,1,37,0,0
20260809,16,91,2,11,48,1,38,0,0
20260809,16,92,2,12,26,1,39,0,0
20260809,16,93,2,13,33,1,40,0,0
20260809,16,94,2,14,28,1,41,0,0
20260809,16,95,2,15,16,1,42,0,0
20260809,16,96,2,16,16,1,43,0,0
20260809,16,97,2,17,14,1,44,0,0
20260809,16,98,2,18,12,1,45,0,0
20260809,16,99,2,19,13,1,46,0,0
20260809,16,100,2,20,5,1,47,0,0
20260809,16,101,2,21,4,1,48,0,0
20260809,16,102,2,22,7,1,49,0,0
20260809,16,103,2,23,6,1,50,0,0
20260809,16,104,2,24,13,1,51,0,0
20260809,16,105,2,25,8,1,52,0,0
20260809,16,106,2,26,6,1,53,0,0
20260809,16,107,2,27,3,1,54,0,0
20260809,16,108,2,28,4,1,55,0,0
20260809,16,109,2,29,6,1,56,0,0
20260809,16,110,2,30,15,1,57,0,0
20260809,16,111,2,31,15,1,58,0,0
20260809,16,112,2,32,31,1,59,0,0
20260809,16,113,2,33,51,1,60,0,0
20260809,16,114,2,34,95,1,61,0,0
20260809,16,115,2,35,214,1,62,0,0
20260809,16,116,2,36,441,1,63,0,0
20260809,16,117,2,37,324,1,64,0,0
20260809,16,118,2,38,340,1,65,0,0
20260809,16,119,2,39,208,1,66,0,0
20260809,16,120,2,40,82,1,67,0,0
20260809,16,121,2,41,38,1,68,0,0
20260809,16,122,2,42,42,1,69,0,0
20260809,16,123,2,43,22,1,70,0,0
20260809,16,124,2,44,21,1,71,0,0
20260809,16,125,2,45,15,1,72,0,0
20260809,16,126,2,46,14,1,73,0,0
20260809,16,127,2,47,11,1,74,0,0
20260809,16,128,2,48,10,1,75,0,0
20260809,16,129,2,49,6,1,76,0,0
20260809,16,130,2,50,4,1,77,0,0
20260809,16,131,2,51,8,1,78,0,0
20260809,16,132,2,52,6,1,79,0,0
20260809,16,133,2,53,5,1,80,0,0
20260809,16,134,2,54,9,1,81,0,0
20260809,16,135,2,55,3,1,82,0,0
20260809,16,136,2,56,5,1,83,0,0
20260809,16,137,2,57,4,1,84,0,0
20260809,16,138,2,58,5,1,85,0,0
20260809,16,139,2,59,10,1,86,0,0
20260809,16,140,2,60,17,1,87,0,0
20260809,16,141,3,1,836,1,88,0,0
20260809,16,142,3,2,182,1,89,0,0
20260809,16,143,3,3,82,1,90,0,0
20260809,16,144,3,4,77,1,91,0,0
20260809,16,145,3,5,46,1,92,0,0
20260809,16,146,3,6,34,1,93,0,0
20260809,16,147,3,7,37,1,94,0,0
20260809,16,148,3,8,27,1,95,0,0
20260809,16,149,3,9,22,1,96,0,0
20260809,16,150,3,10,22,1,97,0,0
20260809,16,151,3,11,18,1,98,0,0
20260809,16,152,3,12,14,1,99,0,0
20260809,16,153,3,13,11,1,100,0,0
20260809,16,154,3,14,5,1,101,0,0
20260809,16,155,3,15,5,1,102,0,0
20260809,16,156,3,16,10,1,103,0,0
20260809,16,157,3,17,5,1,104,0,0
20260809,16,158,3,18,3,1,105,0,0
20260809,16,159,3,19,3,1,106,0,0
20260809,16,160,3,20,0,0,0,1,1
20260809,17,1,1,1,269,178,1,0,0
20260809,17,2,1,2,198,178,2,0,0
20260809,17,3,1,3,118,118,0,1,0
20260809,17,4,1,4,107,107,0,1,0
20260809,17,5,1,5,119,107,1,0,0
20260809,17,6,1,6,102,102,0,1,0
20260809,17,7,1,7,82,82,0,1,0
20260809,17,8,1,8,59,59,0,1,0
20260809,17,9,1,9,73,59,1,0,0
20260809,17,10,1,10,69,59,2,0,0
20260809,17,11,1,11,60,59,3,0,0
20260809,17,12,1,12,39,39,0,1,0
20260809,17,13,1,13,30,30,0,1,0
20260809,17,14,1,14,26,26,0,1,0
20260809,17,15,1,15,26,26,1,0,0
20260809,17,16,1,16,28,26,2,0,0
20260809,17,17,1,17,25,25,0,1,0
20260809,17,18,1,18,26,25,1,0,0
20260809,17,19,1,19,29,25,2,0,0
20260809,17,20,1,20,23,23,0,1,0
20260809,17,21,1,21,22,22,0,1,0
20260809,17,22,1,22,26,22,1,0,0
20260809,17,23,1,23,27,22,2,0,0
20260809,17,24,1,24,32,22,3,0,0
20260809,17,25,1,25,23,22,4,0,0
20260809,17,26,1,26,31,22,5,0,0
20260809,17,27,1,27,16,16,0,1,0
20260809,17,28,1,28,22,16,1,0,0
20260809,17,29,1,29,19,16,2,0,0
20260809,17,30,1,30,18,16,3,0,0
20260809,17,31,1,31,17,16,4,0,0
20260809,17,32,1,32,15,15,0,1,0
20260809,17,33,1,33,16,15,1,0,0
20260809,17,34,1,34,13,13,0,1,0
20260809,17,35,1,35,14,13,1,0,0
20260809,17,36,1,36,15,13,2,0,0
20260809,17,37,1,37,16,13,3,0,0
20260809,17,38,1,38,16,13,4,0,0
20260809,17,39,1,39,13,13,5,0,0
20260809,17,40,1,40,10,10,0,1,0
20260809,17,41,1,41,12,10,1,0,0
20260809,17,42,1,42,9,9,0,1,0
20260809,17,43,1,43,13,9,1,0,0
20260809,17,44,1,44,12,9,2,0,0
20260809,17,45,1,45,7,7,0,1,0
20260809,17,46,1,46,14,7,1,0,0
20260809,17,47,1,47,4,4,0,1,0
20260809,17,48,1,48,6,4,1,0,0
20260809,17,49,1,49,6,4,2,0,0
20260809,17,50,1,50,6,4,3,0,0
20260809,17,51,1,51,6,4,4,0,0
20260809,17,52,1,52,6,4,5,0,0
20260809,17,53,1,53,6,4,6,0,0
20260809,17,54,1,54,6,4,7,0,0
20260809,17,55,1,55,5,4,8,0,0
20260809,17,56,1,56,6,4,9,0,0
20260809,17,57,1,57,3,3,0,1,0
20260809,17,58,1,58,0,0,0,1,1
20260809,18,1,1,1,338,232,1,0,0
20260809,18,2,1,2,225,225,0,1,0
20260809,18,3,1,3,137,137,0,1,0
20260809,18,4,1,4,163,137,1,0,0
20260809,18,5,1,5,144,137,2,0,0
20260809,18,6,1,6,144,137,3,0,0
20260809,18,7,1,7,122,122,0,1,0
20260809,18,8,1,8,121,121,0,1,0
20260809,18,9,1,9,89,89,0,1,0
20260809,18,10,1,10,95,89,1,0,0
20260809,18,11,1,11,80,80,0,1,0
20260809,18,12,1,12,91,80,1,0,0
20260809,18,13,1,13,78,78,0,1,0
20260809,18,14,1,14,83,78,1,0,0
20260809,18,15,1,15,86,78,2,0,0
20260809,18,16,1,16,79,78,3,0,0
20260809,18,17,1,17,66,66,0,1,0
20260809,18,18,1,18,69,66,1,0,0
20260809,18,19,1,19,65,65,0,1,0
20260809,18,20,1,20,59,59,0,1,0
20260809,18,21,1,21,51,51,0,1,0
20260809,18,22,1,22,46,46,0,1,0
20260809,18,23,1,23,50,46,1,0,0
20260809,18,24,1,24,30,30,0,1,0
20260809,18,25,1,25,52,30,1,0,0
20260809,18,26,1,26,44,30,2,0,0
20260809,18,27,1,27,49,30,3,0,0
20260809,18,28,1,28,37,30,4,0,0
20260809,18,29,1,29,39,30,5,0,0
20260809,18,30,1,30,40,30,6,0,0
20260809,18,31,1,31,38,30,7,0,0
20260809,18,32,1,32,23,23,0,1,0
20260809,18,33,1,33,31,23,1,0,0
20260809,18,34,1,34,15,15,0,1,0
20260809,18,35,1,35,21,15,1,0,0
20260809,18,36,1,36,19,15,2,0,0
20260809,18,37,1,37,13,13,0,1,0
20260809,18,38,1,38,16,13,1,0,0
20260809,18,39,1,39,16,13,2,0,0
20260809,18,40,1,40,12,12,0,1,0
20260809,18,41,1,41,19,12,1,0,0
20260809,18,42,1,42,18,12,2,0,0
20260809,18,43,1,43,19,12,3,0,0
20260809,18,44,1,44,10,10,0,1,0
20260809,18,45,1,45,13,10,1,0,0
20260809,18,46,1,46,9,9,0,1,0
20260809,18,47,1,47,16,9,1,0,0
20260809,18,48,1,48,9,9,2,0,0
20260809,18,49,1,49,18,9,3,0,0
20260809,18,50,1,50,19,9,4,0,0
20260809,18,51,1,51,9,9,5,0,0
20260809,18,52,1,52,17,9,6,0,0
20260809,18,53,1,53,12,9,7,0,0
20260809,18,54,1,54,12,9,8,0,0
20260809,18,55,1,55,14,9,9,0,0
20260809,18,56,1,56,17,9,10,0,0
20260809,18,57,1,57,16,9,11,0,0
20260809,18,58,1,58,13,9,12,0,0
20260809,18,59,1,59,17,9,13,0,0
20260809,18,60,1,60,16,9,14,0,0
20260809,18,61,1,61,13,9,15,0,0
20260809,18,62,1,62,15,9,16,0,0
20260809,18,63,1,63,16,9,17,0,0
20260809,18,64,1,64,16,9,18,0,0
20260809,18,65,1,65,16,9,19,0,0
20260809,18,66,1,66,15,9,20,0,0
20260809,18,67,1,67,8,8,0,1,0
20260809,18,68,1,68,11,8,1,0,0
20260809,18,69,1,69,11,8,2,0,0
20260809,18,70,1,70,17,8,3,0,0
20260809,18,71,1,71,17,8,4,0,0
20260809,18,72,1,72,13,8,5,0,0
20260809,18,73,1,73,18,8,6,0,0
20260809,18,74,1,74,12,8,7,0,0
20260809,18,75,1,75,15,8,8,0,0
20260809,18,76,1,76,10,8,9,0,0
20260809,18,77,1,77,12,8,10,0,0
20260809,18,78,1,78,13,8,11,0,0
20260809,18,79,1,79,21,8,12,0,0
20260809,18,80,1,80,12,8,13,0,0
20260809,18,81,2,1,868,8,14,0,0
20260809,18,82,2,2,853,8,15,0,0
20260809,18,83,2,3,877,8,16,0,0
20260809,18,84,2,4,860,8,17,0,0
20260809,18,85,2,5,873,8,18,0,0
20260809,18,86,2,6,783,8,19,0,0
20260809,18,87,2,7,714,8,20,0,0
20260809,18,88,2,8,215,8,21,0,0
20260809,18,89,2,9,149,8,22,0,0
20260809,18,90,2,10,121,8,23,0,0
20260809,18,91,2,11,85,8,24,0,0
20260809,18,92,2,12,79,8,25,0,0
20260809,18,93,2,13,80,8,26,0,0
20260809,18,94,2,14,67,8,27,0,0
20260809,18,95,2,15,68,8,28,0,0
20260809,18,96,2,16,64,8,29,0,0
20260809,18,97,2,17,37,8,30,0,0
20260809,18,98,2,18,44,8,31,0,0
20260809,18,99,2,19,38,8,32,0,0
20260809,18,100,2,20,29,8,33,0,0
20260809,18,101,2,21,27,8,34,0,0
20260809,18,102,2,22,20,8,35,0,0
20260809,18,103,2,23,26,8,36,0,0
20260809,18,104,2,24,17,8,37,0,0
20260809,18,105,2,25,22,8,38,0,0
20260809,18,106,2,26,15,8,39,0,0
20260809,18,107,2,27,17,8,40,0,0
20260809,18,108,2,28,14,8,41,0,0
20260809,18,109,2,29,18,8,42,0,0
20260809,18,110,2,30,14,8,43,0,0
20260809,18,111,2,31,16,8,44,0,0
20260809,18,112,2,32,21,8,45,0,0
20260809,18,113,2,33,19,8,46,0,0
20260809,18,114,2,34,14,8,47,0,0
20260809,18,115,2,35,13,8,48,0,0
20260809,18,116,2,36,13,8,49,0,0
20260809,18,117,2,37,13,8,50,0,0
20260809,18,118,2,38,10,8,51,0,0
20260809,18,119,2,39,8,8,52,0,0
20260809,18,120,2,40,12,8,53,0,0
20260809,18,121,2,41,12,8,54,0,0
20260809,18,122,2,42,11,8,55,0,0
20260809,18,123,2,43,16,8,56,0,0
20260809,18,124,2,44,20,8,57,0,0
20260809,18,125,2,45,22,8,58,0,0
20260809,18,126,2,46,17,8,59,0,0
20260809,18,127,2,47,48,8,60,0,0
20260809,18,128,2,48,100,8,61,0,0
20260809,18,129,2,49,251,8,62,0,0
20260809,18,130,2,50,462,8,63,0,0
20260809,18,131,2,51,450,8,64,0,0
20260809,18,132,2,52,435,8,65,0,0
20260809,18,133,2,53,265,8,66,0,0
20260809,18,134,2,54,60,8,67,0,0
20260809,18,135,2,55,52,8,68,0,0
20260809,18,136,2,56,34,8,69,0,0
20260809,18,137,2,57,32,8,70,0,0
20260809,18,138,2,58,24,8,71,0,0
20260809,18,139,2,59,16,8,72,0,0
20260809,18,140,2,60,16,8,73,0,0
20260809,18,141,3,1,842,8,74,0,0
20260809,18,142,3,2,298,8,75,0,0
20260809,18,143,3,3,124,8,76,0,0
20260809,18,144,3,4,93,8,77,0,0
20260809,18,145,3,5,71,8,78,0,0
20260809,18,146,3,6,71,8,79,0,0
20260809,18,147,3,7,54,8,80,0,0
20260809,18,148,3,8,42,8,81,0,0
20260809,18,149,3,9,40,8,82,0,0
20260809,18,150,3,10,42,8,83,0,0
20260809,18,151,3,11,41,8,84,0,0
20260809,18,152,3,12,34,8,85,0,0
20260809,18,153,3,13,39,8,86,0,0
20260809,18,154,3,14,39,8,87,0,0
20260809,18,155,3,15,36,8,88,0,0
20260809,18,156,3,16,30,8,89,0,0
20260809,18,157,3,17,27,8,90,0,0
20260809,18,158,3,18,24,8,91,0,0
20260809,18,159,3,19,26,8,92,0,0
20260809,18,160,3,20,24,8,93,0,0
20260809,18,161,3,21,31,8,94,0,0
20260809,18,162,3,22,42,8,95,0,0
20260809,18,163,3,23,30,8,96,0,0
20260809,18,164,3,24,23,8,97,0,0
20260809,18,165,3,25,20,8,98,0,0
20260809,18,166,3,26,13,8,99,0,0
20260809,18,167,3,27,10,8,100,0,0
20260809,18,168,3,28,11,8,101,0,0
20260809,18,169,3,29,13,8,102,0,0
20260809,18,170,3,30,18,8,103,0,0
20260809,18,171,3,31,32,8,104,0,0
20260809,18,172,3,32,22,8,105,0,0
20260809,18,173,3,33,19,8,106,0,0
20260809,18,174,3,34,40,8,107,0,0
20260809,18,175,3,35,100,8,108,0,0
20260809,18,176,3,36,218,8,109,0,0
20260809,18,177,3,37,289,8,110,0,0
20260809,18,178,3,38,213,8,111,0,0
20260809,18,179,3,39,188,8,112,0,0
20260809,18,180,3,40,137,8,113,0,0
20260809,18,181,3,41,55,8,114,0,0
20260809,18,182,3,42,51,8,115,0,0
20260809,18,183,3,43,36,8,116,0,0
20260809,18,184,3,44,34,8,117,0,0
20260809,18,185,3,45,19,8,118,0,0
20260809,18,186,3,46,20,8,119,0,0
20260809,18,187,3,47,21,8,120,0,0
20260809,18,188,3,48,21,8,121,0,0
20260809,18,189,3,49,25,8,122,0,0
20260809,18,190,3,50,23,8,123,0,0
20260809,18,191,3,51,18,8,124,0,0
20260809,18,192,3,52,19,8,125,0,0
20260809,18,193,3,53,17,8,126,0,0
20260809,18,194,3,54,16,8,127,0,0
20260809,18,195,3,55,13,8,128,0,0
20260809,18,196,3,56,18,8,129,0,0
20260809,18,197,3,57,14,8,130,0,0
20260809,18,198,3,58,14,8,131,0,0
20260809,18,199,3,59,11,8,132,0,0
20260809,18,200,3,60,10,8,133,0,0
20260809,18,201,4,1,864,8,134,0,0
20260809,18,202,4,2,133,8,135,0,0
20260809,18,203,4,3,78,8,136,0,0
20260809,18,204,4,4,60,8,137,0,0
20260809,18,205,4,5,62,8,138,0,0
20260809,18,206,4,6,50,8,139,0,0
20260809,18,207,4,7,57,8,140,0,0
20260809,18,208,4,8,30,8,141,0,0
20260809,18,209,4,9,32,8,142,0,0
20260809,18,210,4,10,21,8,143,0,0
20260809,18,211,4,11,34,8,144,0,0
20260809,18,212,4,12,42,8,145,0,0
20260809,18,213,4,13,31,8,146,0,0
20260809,18,214,4,14,34,8,147,0,0
20260809,18,215,4,15,22,8,148,0,0
20260809,18,216,4,16,31,8,149,0,0
20260809,18,217,4,17,23,8,150,0,0
20260809,18,218,4,18,25,8,151,0,0
20260809,18,219,4,19,24,8,152,0,0
20260809,18,220,4,20,27,8,153,0,0
20260809,18,221,4,21,26,8,154,0,0
20260809,18,222,4,22,14,8,155,0,0
20260809,18,223,4,23,11,8,156,0,0
20260809,18,224,4,24,12,8,157,0,0
20260809,18,225,4,25,18,8,158,0,0
20260809,18,226,4,26,16,8,159,0,0
20260809,18,227,4,27,17,8,160,0,0
20260809,18,228,4,28,16,8,161,0,0
20260809,18,229,4,29,14,8,162,0,0
20260809,18,230,4,30,21,8,163,0,0
20260809,18,231,4,31,29,8,164,0,0
20260809,18,232,4,32,30,8,165,0,0
20260809,18,233,4,33,20,8,166,0,0
20260809,18,234,4,34,15,8,167,0,0
20260809,18,235,4,35,26,8,168,0,0
20260809,18,236,4,36,47,8,169,0,0
20260809,18,237,4,37,122,8,170,0,0
20260809,18,238,4,38,288,8,171,0,0
20260809,18,239,4,39,392,8,172,0,0
20260809,18,240,4,40,338,8,173,0,0
20260809,18,241,4,41,323,8,174,0,0
20260809,18,242,4,42,305,8,175,0,0
20260809,18,243,4,43,153,8,176,0,0
20260809,18,244,4,44,74,8,177,0,0
20260809,18,245,4,45,35,8,178,0,0
20260809,18,246,4,46,33,8,179,0,0
20260809,18,247,4,47,31,8,180,0,0
20260809,18,248,4,48,24,8,181,0,0
20260809,18,249,4,49,23,8,182,0,0
20260809,18,250,4,50,13,8,183,0,0
20260809,18,251,4,51,13,8,184,0,0
20260809,18,252,4,52,8,8,185,0,0
20260809,18,253,4,53,3,3,0,1,0
20260809,18,254,4,54,5,3,1,0,0
20260809,18,255,4,55,8,3,2,0,0
20260809,18,256,4,56,7,3,3,0,0
20260809,18,257,4,57,5,3,4,0,0
20260809,18,258,4,58,5,3,5,0,0
20260809,18,259,4,59,3,3,6,0,0
20260809,18,260,4,60,10,3,7,0,0
20260809,18,261,5,1,887,3,8,0,0
20260809,18,262,5,2,220,3,9,0,0
20260809,18,263,5,3,147,3,10,0,0
20260809,18,264,5,4,104,3,11,0,0
20260809,18,265,5,5,66,3,12,0,0
20260809,18,266,5,6,66,3,13,0,0
20260809,18,267,5,7,55,3,14,0,0
20260809,18,268,5,8,51,3,15,0,0
20260809,18,269,5,9,36,3,16,0,0
20260809,18,270,5,10,40,3,17,0,0
20260809,18,271,5,11,40,3,18,0,0
20260809,18,272,5,12,35,3,19,0,0
20260809,18,273,5,13,31,3,20,0,0
20260809,18,274,5,14,27,3,21,0,0
20260809,18,275,5,15,27,3,22,0,0
20260809,18,276,5,16,28,3,23,0,0
20260809,18,277,5,17,19,3,24,0,0
20260809,18,278,5,18,31,3,25,0,0
20260809,18,279,5,19,23,3,26,0,0
20260809,18,280,5,20,35,3,27,0,0
20260809,18,281,5,21,35,3,28,0,0
20260809,18,282,5,22,22,3,29,0,0
20260809,18,283,5,23,22,3,30,0,0
20260809,18,284,5,24,39,3,31,0,0
20260809,18,285,5,25,35,3,32,0,0
20260809,18,286,5,26,37,3,33,0,0
20260809,18,287,5,27,75,3,34,0,0
20260809,18,288,5,28,165,3,35,0,0
20260809,18,289,5,29,221,3,36,0,0
20260809,18,290,5,30,202,3,37,0,0
20260809,18,291,5,31,186,3,38,0,0
20260809,18,292,5,32,183,3,39,0,0
20260809,18,293,5,33,178,3,40,0,0
20260809,18,294,5,34,154,3,41,0,0
20260809,18,295,5,35,160,3,42,0,0
20260809,18,296,5,36,190,3,43,0,0
20260809,18,297,5,37,152,3,44,0,0
20260809,18,298,5,38,68,3,45,0,0
20260809,18,299,5,39,32,3,46,0,0
20260809,18,300,5,40,24,3,47,0,0
20260809,18,301,5,41,36,3,48,0,0
20260809,18,302,5,42,39,3,49,0,0
20260809,18,303,5,43,28,3,50,0,0
20260809,18,304,5,44,30,3,51,0,0
20260809,18,305,5,45,24,3,52,0,0
20260809,18,306,5,46,17,3,53,0,0
20260809,18,307,5,47,17,3,54,0,0
20260809,18,308,5,48,26,3,55,0,0
20260809,18,309,5,49,21,3,56,0,0
20260809,18,310,5,50,25,3,57,0,0
20260809,18,311,5,51,35,3,58,0,0
20260809,18,312,5,52,34,3,59,0,0
20260809,18,313,5,53,56,3,60,0,0
20260809,18,314,5,54,71,3,61,0,0
20260809,18,315,5,55,129,3,62,0,0
20260809,18,316,5,56,196,3,63,0,0
20260809,18,317,5,57,145,3,64,0,0
20260809,18,318,5,58,97,3,65,0,0
20260809,18,319,5,59,65,3,66,0,0
20260809,18,320,5,60,65,3,67,0,0
20260809,18,321,6,1,744,3,68,0,0
20260809,18,322,6,2,618,3,69,0,0
20260809,18,323,6,3,198,3,70,0,0
20260809,18,324,6,4,143,3,71,0,0
20260809,18,325,6,5,99,3,72,0,0
20260809,18,326,6,6,93,3,73,0,0
20260809,18,327,6,7,106,3,74,0,0
20260809,18,328,6,8,75,3,75,0,0
20260809,18,329,6,9,66,3,76,0,0
20260809,18,330,6,10,51,3,77,0,0
20260809,18,331,6,11,57,3,78,0,0
20260809,18,332,6,12,52,3,79,0,0
20260809,18,333,6,13,45,3,80,0,0
20260809,18,334,6,14,32,3,81,0,0
20260809,18,335,6,15,40,3,82,0,0
20260809,18,336,6,16,42,3,83,0,0
20260809,18,337,6,17,24,3,84,0,0
20260809,18,338,6,18,17,3,85,0,0
20260809,18,339,6,19,21,3,86,0,0
20260809,18,340,6,20,18,3,87,0,0
20260809,18,341,6,21,17,3,88,0,0
20260809,18,342,6,22,17,3,89,0,0
20260809,18,343,6,23,12,3,90,0,0
20260809,18,344,6,24,15,3,91,0,0
20260809,18,345,6,25,18,3,92,0,0
20260809,18,346,6,26,14,3,93,0,0
20260809,18,347,6,27,10,3,94,0,0
20260809,18,348,6,28,14,3,95,0,0
20260809,18,349,6,29,13,3,96,0,0
20260809,18,350,6,30,18,3,97,0,0
20260809,18,351,6,31,23,3,98,0,0
20260809,18,352,6,32,18,3,99,0,0
20260809,18,353,6,33,16,3,100,0,0
20260809,18,354,6,34,20,3,101,0,0
20260809,18,355,6,35,13,3,102,0,0
20260809,18,356,6,36,15,3,103,0,0
20260809,18,357,6,37,9,3,104,0,0
20260809,18,358,6,38,16,3,105,0,0
20260809,18,359,6,39,11,3,106,0,0
20260809,18,360,6,40,8,3,107,0,0
20260809,18,361,6,41,8,3,108,0,0
20260809,18,362,6,42,18,3,109,0,0
20260809,18,363,6,43,10,3,110,0,0
20260809,18,364,6,44,4,3,111,0,0
20260809,18,365,6,45,10,3,112,0,0
20260809,18,366,6,46,9,3,113,0,0
20260809,18,367,6,47,10,3,114,0,0
20260809,18,368,6,48,11,3,115,0,0
20260809,18,369,6,49,10,3,116,0,0
20260809,18,370,6,50,12,3,117,0,0
20260809,18,371,6,51,12,3,118,0,0
20260809,18,372,6,52,12,3,119,0,0
20260809,18,373,6,53,8,3,120,0,0
20260809,18,374,6,54,4,3,121,0,0
20260809,18,375,6,55,1,1,0,1,0
20260809,18,376,6,56,6,1,1,0,0
20260809,18,377,6,57,5,1,2,0,0
20260809,18,378,6,58,6,1,3,0,0
20260809,18,379,6,59,8,1,4,0,0
20260809,18,380,6,60,4,1,5,0,0
20260809,18,381,7,1,841,1,6,0,0
20260809,18,382,7,2,183,1,7,0,0
20260809,18,383,7,3,114,1,8,0,0
20260809,18,384,7,4,98,1,9,0,0
20260809,18,385,7,5,69,1,10,0,0
20260809,18,386,7,6,69,1,11,0,0
20260809,18,387,7,7,51,1,12,0,0
20260809,18,388,7,8,52,1,13,0,0
20260809,18,389,7,9,51,1,14,0,0
20260809,18,390,7,10,39,1,15,0,0
20260809,18,391,7,11,38,1,16,0,0
20260809,18,392,7,12,35,1,17,0,0
20260809,18,393,7,13,36,1,18,0,0
20260809,18,394,7,14,30,1,19,0,0
20260809,18,395,7,15,28,1,20,0,0
20260809,18,396,7,16,32,1,21,0,0
20260809,18,397,7,17,24,1,22,0,0
20260809,18,398,7,18,11,1,23,0,0
20260809,18,399,7,19,10,1,24,0,0
20260809,18,400,7,20,13,1,25,0,0
20260809,18,401,7,21,13,1,26,0,0
20260809,18,402,7,22,13,1,27,0,0
20260809,18,403,7,23,13,1,28,0,0
20260809,18,404,7,24,17,1,29,0,0
20260809,18,405,7,25,23,1,30,0,0
20260809,18,406,7,26,42,1,31,0,0
20260809,18,407,7,27,44,1,32,0,0
20260809,18,408,7,28,63,1,33,0,0
20260809,18,409,7,29,93,1,34,0,0
20260809,18,410,7,30,167,1,35,0,0
20260809,18,411,7,31,164,1,36,0,0
20260809,18,412,7,32,93,1,37,0,0
20260809,18,413,7,33,65,1,38,0,0
20260809,18,414,7,34,41,1,39,0,0
20260809,18,415,7,35,47,1,40,0,0
20260809,18,416,7,36,38,1,41,0,0
20260809,18,417,7,37,51,1,42,0,0
20260809,18,418,7,38,44,1,43,0,0
20260809,18,419,7,39,27,1,44,0,0
20260809,18,420,7,40,22,1,45,0,0
20260809,18,421,7,41,15,1,46,0,0
20260809,18,422,7,42,13,1,47,0,0
20260809,18,423,7,43,10,1,48,0,0
20260809,18,424,7,44,13,1,49,0,0
20260809,18,425,7,45,4,1,50,0,0
20260809,18,426,7,46,7,1,51,0,0
20260809,18,427,7,47,5,1,52,0,0
20260809,18,428,7,48,6,1,53,0,0
20260809,18,429,7,49,4,1,54,0,0
20260809,18,430,7,50,4,1,55,0,0
20260809,18,431,7,51,7,1,56,0,0
20260809,18,432,7,52,8,1,57,0,0
20260809,18,433,7,53,6,1,58,0,0
20260809,18,434,7,54,11,1,59,0,0
20260809,18,435,7,55,8,1,60,0,0
20260809,18,436,7,56,10,1,61,0,0
20260809,18,437,7,57,2,1,62,0,0
20260809,18,438,7,58,8,1,63,0,0
20260809,18,439,7,59,6,1,64,0,0
20260809,18,440,7,60,11,1,65,0,0
20260809,18,441,8,1,865,1,66,0,0
20260809,18,442,8,2,184,1,67,0,0
20260809,18,443,8,3,95,1,68,0,0
20260809,18,444,8,4,55,1,69,0,0
20260809,18,445,8,5,34,1,70,0,0
20260809,18,446,8,6,36,1,71,0,0
20260809,18,447,8,7,35,1,72,0,0
20260809,18,448,8,8,32,1,73,0,0
20260809,18,449,8,9,54,1,74,0,0
20260809,18,450,8,10,43,1,75,0,0
20260809,18,451,8,11,43,1,76,0,0
20260809,18,452,8,12,38,1,77,0,0
20260809,18,453,8,13,40,1,78,0,0
20260809,18,454,8,14,30,1,79,0,0
20260809,18,455,8,15,17,1,80,0,0
20260809,18,456,8,16,19,1,81,0,0
20260809,18,457,8,17,11,1,82,0,0
20260809,18,458,8,18,16,1,83,0,0
20260809,18,459,8,19,18,1,84,0,0
20260809,18,460,8,20,12,1,85,0,0
20260809,18,461,8,21,11,1,86,0,0
20260809,18,462,8,22,8,1,87,0,0
20260809,18,463,8,23,9,1,88,0,0
20260809,18,464,8,24,9,1,89,0,0
20260809,18,465,8,25,10,1,90,0,0
20260809,18,466,8,26,9,1,91,0,0
20260809,18,467,8,27,13,1,92,0,0
20260809,18,468,8,28,14,1,93,0,0
20260809,18,469,8,29,10,1,94,0,0
20260809,18,470,8,30,11,1,95,0,0
20260809,18,471,8,31,10,1,96,0,0
20260809,18,472,8,32,8,1,97,0,0
20260809,18,473,8,33,11,1,98,0,0
20260809,18,474,8,34,17,1,99,0,0
20260809,18,475,8,35,7,1,100,0,0
20260809,18,476,8,36,13,1,101,0,0
20260809,18,477,8,37,19,1,102,0,0
20260809,18,478,8,38,26,1,103,0,0
20260809,18,479,8,39,39,1,104,0,0
20260809,18,480,8,40,71,1,105,0,0
20260809,18,481,8,41,192,1,106,0,0
20260809,18,482,8,42,352,1,107,0,0
20260809,18,483,8,43,416,1,108,0,0
20260809,18,484,8,44,249,1,109,0,0
20260809,18,485,8,45,199,1,110,0,0
20260809,18,486,8,46,145,1,111,0,0
20260809,18,487,8,47,86,1,112,0,0
20260809,18,488,8,48,47,1,113,0,0
20260809,18,489,8,49,28,1,114,0,0
20260809,18,490,8,50,21,1,115,0,0
20260809,18,491,8,51,20,1,116,0,0
20260809,18,492,8,52,24,1,117,0,0
20260809,18,493,8,53,21,1,118,0,0
20260809,18,494,8,54,16,1,119,0,0
20260809,18,495,8,55,27,1,120,0,0
20260809,18,496,8,56,28,1,121,0,0
20260809,18,497,8,57,23,1,122,0,0
20260809,18,498,8,58,18,1,123,0,0
20260809,18,499,8,59,16,1,124,0,0
20260809,18,500,8,60,25,1,125,0,0
20260809,18,501,9,1,893,1,126,0,0
20260809,18,502,9,2,125,1,127,0,0
20260809,18,503,9,3,53,1,128,0,0
20260809,18,504,9,4,38,1,129,0,0
20260809,18,505,9,5,42,1,130,0,0
20260809,18,506,9,6,38,1,131,0,0
20260809,18,507,9,7,30,1,132,0,0
20260809,18,508,9,8,23,1,133,0,0
20260809,18,509,9,9,25,1,134,0,0
20260809,18,510,9,10,22,1,135,0,0
20260809,18,511,9,11,12,1,136,0,0
20260809,18,512,9,12,14,1,137,0,0
20260809,18,513,9,13,15,1,138,0,0
20260809,18,514,9,14,21,1,139,0,0
20260809,18,515,9,15,20,1,140,0,0
20260809,18,516,9,16,16,1,141,0,0
20260809,18,517,9,17,18,1,142,0,0
20260809,18,518,9,18,17,1,143,0,0
20260809,18,519,9,19,18,1,144,0,0
20260809,18,520,9,20,16,1,145,0,0
20260809,18,521,9,21,16,1,146,0,0
20260809,18,522,9,22,11,1,147,0,0
20260809,18,523,9,23,11,1,148,0,0
20260809,18,524,9,24,13,1,149,0,0
20260809,18,525,9,25,18,1,150,0,0
20260809,18,526,9,26,22,1,151,0,0
20260809,18,527,9,27,29,1,152,0,0
20260809,18,528,9,28,28,1,153,0,0
20260809,18,529,9,29,30,1,154,0,0
20260809,18,530,9,30,34,1,155,0,0
20260809,18,531,9,31,52,1,156,0,0
20260809,18,532,9,32,91,1,157,0,0
20260809,18,533,9,33,120,1,158,0,0
20260809,18,534,9,34,192,1,159,0,0
20260809,18,535,9,35,205,1,160,0,0
20260809,18,536,9,36,108,1,161,0,0
20260809,18,537,9,37,46,1,162,0,0
20260809,18,538,9,38,28,1,163,0,0
20260809,18,539,9,39,25,1,164,0,0
20260809,18,540,9,40,19,1,165,0,0
20260809,18,541,9,41,8,1,166,0,0
20260809,18,542,9,42,13,1,167,0,0
20260809,18,543,9,43,9,1,168,0,0
20260809,18,544,9,44,11,1,169,0,0
20260809,18,545,9,45,9,1,170,0,0
20260809,18,546,9,46,9,1,171,0,0
20260809,18,547,9,47,11,1,172,0,0
20260809,18,548,9,48,10,1,173,0,0
20260809,18,549,9,49,8,1,174,0,0
20260809,18,550,9,50,10,1,175,0,0
20260809,18,551,9,51,11,1,176,0,0
20260809,18,552,9,52,5,1,177,0,0
20260809,18,553,9,53,5,1,178,0,0
20260809,18,554,9,54,9,1,179,0,0
20260809,18,555,9,55,10,1,180,0,0
20260809,18,556,9,56,3,1,181,0,0
20260809,18,557,9,57,4,1,182,0,0
20260809,18,558,9,58,4,1,183,0,0
20260809,18,559,9,59,11,1,184,0,0
20260809,18,560,9,60,26,1,185,0,0
20260809,18,561,10,1,887,1,186,0,0
20260809,18,562,10,2,150,1,187,0,0
20260809,18,563,10,3,130,1,188,0,0
20260809,18,564,10,4,120,1,189,0,0
20260809,18,565,10,5,88,1,190,0,0
20260809,18,566,10,6,65,1,191,0,0
20260809,18,567,10,7,59,1,192,0,0
20260809,18,568,10,8,54,1,193,0,0
20260809,18,569,10,9,39,1,194,0,0
20260809,18,570,10,10,46,1,195,0,0
20260809,18,571,10,11,41,1,196,0,0
20260809,18,572,10,12,50,1,197,0,0
20260809,18,573,10,13,62,1,198,0,0
20260809,18,574,10,14,43,1,199,0,0
20260809,18,575,10,15,43,1,200,0,0
20260809,18,576,10,16,32,1,201,0,0
20260809,18,577,10,17,41,1,202,0,0
20260809,18,578,10,18,31,1,203,0,0
20260809,18,579,10,19,24,1,204,0,0
20260809,18,580,10,20,21,1,205,0,0
20260809,18,581,10,21,8,1,206,0,0
20260809,18,582,10,22,14,1,207,0,0
20260809,18,583,10,23,5,1,208,0,0
20260809,18,584,10,24,8,1,209,0,0
20260809,18,585,10,25,10,1,210,0,0
20260809,18,586,10,26,7,1,211,0,0
20260809,18,587,10,27,6,1,212,0,0
20260809,18,588,10,28,9,1,213,0,0
20260809,18,589,10,29,6,1,214,0,0
20260809,18,590,10,30,8,1,215,0,0
20260809,18,591,10,31,8,1,216,0,0
20260809,18,592,10,32,3,1,217,0,0
20260809,18,593,10,33,5,1,218,0,0
20260809,18,594,10,34,0,0,0,1,1
20260809,19,1,1,1,215,171,1,0,0
20260809,19,2,1,2,233,171,2,0,0
20260809,19,3,1,3,132,132,0,1,0
20260809,19,4,1,4,106,106,0,1,0
20260809,19,5,1,5,135,106,1,0,0
20260809,19,6,1,6,95,95,0,1,0
20260809,19,7,1,7,88,88,0,1,0
20260809,19,8,1,8,98,88,1,0,0
20260809,19,9,1,9,87,87,0,1,0
20260809,19,10,1,10,78,78,0,1,0
20260809,19,11,1,11,70,70,0,1,0
20260809,19,12,1,12,57,57,0,1,0
20260809,19,13,1,13,60,57,1,0,0
20260809,19,14,1,14,58,57,2,0,0
20260809,19,15,1,15,30,30,0,1,0
20260809,19,16,1,16,27,27,0,1,0
20260809,19,17,1,17,26,26,0,1,0
20260809,19,18,1,18,20,20,0,1,0
20260809,19,19,1,19,22,20,1,0,0
20260809,19,20,1,20,10,10,0,1,0
20260809,19,21,1,21,18,10,1,0,0
20260809,19,22,1,22,3,3,0,1,0
20260809,19,23,1,23,12,3,1,0,0
20260809,19,24,1,24,15,3,2,0,0
20260809,19,25,1,25,14,3,3,0,0
20260809,19,26,1,26,13,3,4,0,0
20260809,19,27,1,27,7,3,5,0,0
20260809,19,28,1,28,12,3,6,0,0
20260809,19,29,1,29,13,3,7,0,0
20260809,19,30,1,30,10,3,8,0,0
20260809,19,31,1,31,16,3,9,0,0
20260809,19,32,1,32,6,3,10,0,0
20260809,19,33,1,33,12,3,11,0,0
20260809,19,34,1,34,9,3,12,0,0
20260809,19,35,1,35,12,3,13,0,0
20260809,19,36,1,36,9,3,14,0,0
20260809,19,37,1,37,5,3,15,0,0
20260809,19,38,1,38,1,1,0,1,0
20260809,19,39,1,39,1,1,1,0,0
20260809,19,40,1,40,1,1,2,0,0
20260809,19,41,1,41,0,0,0,1,1
20260809,20,1,1,1,199,149,1,0,0
20260809,20,2,1,2,142,142,0,1,0
20260809,20,3,1,3,88,88,0,1,0
20260809,20,4,1,4,77,77,0,1,0
20260809,20,5,1,5,73,73,0,1,0
20260809,20,6,1,6,48,48,0,1,0
20260809,20,7,1,7,41,41,0,1,0
20260809,20,8,1,8,38,38,0,1,0
20260809,20,9,1,9,35,35,0,1,0
20260809,20,10,1,10,30,30,0,1,0
20260809,20,11,1,11,31,30,1,0,0
20260809,20,12,1,12,24,24,0,1,0
20260809,20,13,1,13,14,14,0,1,0
20260809,20,14,1,14,18,14,1,0,0
20260809,20,15,1,15,19,14,2,0,0
20260809,20,16,1,16,13,13,0,1,0
20260809,20,17,1,17,16,13,1,0,0
20260809,20,18,1,18,18,13,2,0,0
20260809,20,19,1,19,18,13,3,0,0
20260809,20,20,1,20,14,13,4,0,0
20260809,20,21,1,21,10,10,0,1,0
20260809,20,22,1,22,17,10,1,0,0
20260809,20,23,1,23,12,10,2,0,0
20260809,20,24,1,24,12,10,3,0,0
20260809,20,25,1,25,7,7,0,1,0
20260809,20,26,1,26,11,7,1,0,0
20260809,20,27,1,27,9,7,2,0,0
20260809,20,28,1,28,6,6,0,1,0
20260809,20,29,1,29,3,3,0,1,0
20260809,20,30,1,30,9,3,1,0,0
20260809,20,31,1,31,9,3,2,0,0
20260809,20,32,1,32,13,3,3,0,0
20260809,20,33,1,33,9,3,4,0,0
20260809,20,34,1,34,9,3,5,0,0
20260809,20,35,1,35,9,3,6,0,0
20260809,20,36,1,36,10,3,7,0,0
20260809,20,37,1,37,9,3,8,0,0
20260809,20,38,1,38,8,3,9,0,0
20260809,20,39,1,39,6,3,10,0,0
20260809,20,40,1,40,6,3,11,0,0
20260809,20,41,1,41,6,3,12,0,0
20260809,20,42,1,42,3,3,13,0,0
20260809,20,43,1,43,6,3,14,0,0
20260809,20,44,1,44,9,3,15,0,0
20260809,20,45,1,45,5,3,16,0,0
20260809,20,46,1,46,9,3,17,0,0
20260809,20,47,1,47,8,3,18,0,0
20260809,20,48,1,48,9,3,19,0,0
20260809,20,49,1,49,5,3,20,0,0
20260809,20,50,1,50,9,3,21,0,0
20260809,20,51,1,51,7,3,22,0,0
20260809,20,52,1,52,9,3,23,0,0
20260809,20,53,1,53,7,3,24,0,0
20260809,20,54,1,54,9,3,25,0,0
20260809,20,55,1,55,6,3,26,0,0
20260809,20,56,1,56,6,3,27,0,0
20260809,20,57,1,57,6,3,28,0,0
20260809,20,58,1,58,9,3,29,0,0
20260809,20,59,1,59,5,3,30,0,0
20260809,20,60,1,60,9,3,31,0,0
20260809,20,61,1,61,6,3,32,0,0
20260809,20,62,1,62,10,3,33,0,0
20260809,20,63,1,63,3,3,34,0,0
20260809,20,64,1,64,6,3,35,0,0
20260809,20,65,1,65,6,3,36,0,0
20260809,20,66,1,66,8,3,37,0,0
20260809,20,67,1,67,5,3,38,0,0
20260809,20,68,1,68,2,2,0,1,0
20260809,20,69,1,69,6,2,1,0,0
20260809,20,70,1,70,6,2,2,0,0
20260809,20,71,1,71,6,2,3,0,0
20260809,20,72,1,72,6,2,4,0,0
20260809,20,73,1,73,3,2,5,0,0
20260809,20,74,1,74,0,0,0,1,1
20260809,21,1,1,1,193,147,1,0,0
20260809,21,2,1,2,125,125,0,1,0
20260809,21,3,1,3,82,82,0,1,0
20260809,21,4,1,4,59,59,0,1,0
20260809,21,5,1,5,41,41,0,1,0
20260809,21,6,1,6,37,37,0,1,0
20260809,21,7,1,7,27,27,0,1,0
20260809,21,8,1,8,23,23,0,1,0
20260809,21,9,1,9,23,23,1,0,0
20260809,21,10,1,10,25,23,2,0,0
20260809,21,11,1,11,16,16,0,1,0
20260809,21,12,1,12,17,16,1,0,0
20260809,21,13,1,13,11,11,0,1,0
20260809,21,14,1,14,8,8,0,1,0
20260809,21,15,1,15,2,2,0,1,0
20260809,21,16,1,16,6,2,1,0,0
20260809,21,17,1,17,5,2,2,0,0
20260809,21,18,1,18,6,2,3,0,0
20260809,21,19,1,19,7,2,4,0,0
20260809,21,20,1,20,6,2,5,0,0
20260809,21,21,1,21,5,2,6,0,0
20260809,21,22,1,22,6,2,7,0,0
20260809,21,23,1,23,7,2,8,0,0
20260809,21,24,1,24,6,2,9,0,0
20260809,21,25,1,25,1,1,0,1,0
20260809,21,26,1,26,0,0,0,1,1
20260809,22,1,1,1,241,173,1,0,0
20260809,22,2,1,2,187,173,2,0,0
20260809,22,3,1,3,121,121,0,1,0
20260809,22,4,1,4,138,121,1,0,0
20260809,22,5,1,5,101,101,0,1,0
20260809,22,6,1,6,110,101,1,0,0
20260809,22,7,1,7,98,98,0,1,0
20260809,22,8,1,8,84,84,0,1,0
20260809,22,9,1,9,91,84,1,0,0
20260809,22,10,1,10,84,84,2,0,0
20260809,22,11,1,11,69,69,0,1,0
20260809,22,12,1,12,57,57,0,1,0
20260809,22,13,1,13,46,46,0,1,0
20260809,22,14,1,14,48,46,1,0,0
20260809,22,15,1,15,38,38,0,1,0
20260809,22,16,1,16,40,38,1,0,0
20260809,22,17,1,17,29,29,0,1,0
20260809,22,18,1,18,21,21,0,1,0
20260809,22,19,1,19,20,20,0,1,0
20260809,22,20,1,20,16,16,0,1,0
20260809,22,21,1,21,21,16,1,0,0
20260809,22,22,1,22,18,16,2,0,0
20260809,22,23,1,23,15,15,0,1,0
20260809,22,24,1,24,19,15,1,0,0
20260809,22,25,1,25,19,15,2,0,0
20260809,22,26,1,26,10,10,0,1,0
20260809,22,27,1,27,15,10,1,0,0
20260809,22,28,1,28,12,10,2,0,0
20260809,22,29,1,29,8,8,0,1,0
20260809,22,30,1,30,9,8,1,0,0
20260809,22,31,1,31,8,8,2,0,0
20260809,22,32,1,32,9,8,3,0,0
20260809,22,33,1,33,6,6,0,1,0
20260809,22,34,1,34,6,6,1,0,0
20260809,22,35,1,35,9,6,2,0,0
20260809,22,36,1,36,9,6,3,0,0
20260809,22,37,1,37,5,5,0,1,0
20260809,22,38,1,38,5,5,1,0,0
20260809,22,39,1,39,3,3,0,1,0
20260809,22,40,1,40,0,0,0,1,1
20260809,23,1,1,1,280,199,1,0,0
20260809,23,2,1,2,219,199,2,0,0
20260809,23,3,1,3,128,128,0,1,0
20260809,23,4,1,4,144,128,1,0,0
20260809,23,5,1,5,129,128,2,0,0
20260809,23,6,1,6,101,101,0,1,0
20260809,23,7,1,7,108,101,1,0,0
20260809,23,8,1,8,87,87,0,1,0
20260809,23,9,1,9,84,84,0,1,0
20260809,23,10,1,10,99,84,1,0,0
20260809,23,11,1,11,66,66,0,1,0
20260809,23,12,1,12,67,66,1,0,0
20260809,23,13,1,13,57,57,0,1,0
20260809,23,14,1,14,53,53,0,1,0
20260809,23,15,1,15,36,36,0,1,0
20260809,23,16,1,16,40,36,1,0,0
20260809,23,17,1,17,36,36,2,0,0
20260809,23,18,1,18,42,36,3,0,0
20260809,23,19,1,19,43,36,4,0,0
20260809,23,20,1,20,41,36,5,0,0
20260809,23,21,1,21,39,36,6,0,0
20260809,23,22,1,22,42,36,7,0,0
20260809,23,23,1,23,36,36,8,0,0
20260809,23,24,1,24,36,36,9,0,0
20260809,23,25,1,25,34,34,0,1,0
20260809,23,26,1,26,42,34,1,0,0
20260809,23,27,1,27,38,34,2,0,0
20260809,23,28,1,28,36,34,3,0,0
20260809,23,29,1,29,27,27,0,1,0
20260809,23,30,1,30,33,27,1,0,0
20260809,23,31,1,31,27,27,2,0,0
20260809,23,32,1,32,31,27,3,0,0
20260809,23,33,1,33,25,25,0,1,0
20260809,23,34,1,34,31,25,1,0,0
20260809,23,35,1,35,31,25,2,0,0
20260809,23,36,1,36,31,25,3,0,0
20260809,23,37,1,37,32,25,4,0,0
20260809,23,38,1,38,33,25,5,0,0
20260809,23,39,1,39,36,25,6,0,0
20260809,23,40,1,40,28,25,7,0,0
20260809,23,41,1,41,25,25,8,0,0
20260809,23,42,1,42,33,25,9,0,0
20260809,23,43,1,43,28,25,10,0,0
20260809,23,44,1,44,27,25,11,0,0
20260809,23,45,1,45,31,25,12,0,0
20260809,23,46,1,46,29,25,13,0,0
20260809,23,47,1,47,25,25,14,0,0
20260809,23,48,1,48,27,25,15,0,0
20260809,23,49,1,49,23,23,0,1,0
20260809,23,50,1,50,28,23,1,0,0
20260809,23,51,1,51,24,23,2,0,0
20260809,23,52,1,52,24,23,3,0,0
20260809,23,53,1,53,33,23,4,0,0
20260809,23,54,1,54,25,23,5,0,0
20260809,23,55,1,55,28,23,6,0,0
20260809,23,56,1,56,21,21,0,1,0
20260809,23,57,1,57,21,21,1,0,0
20260809,23,58,1,58,28,21,2,0,0
20260809,23,59,1,59,25,21,3,0,0
20260809,23,60,1,60,28,21,4,0,0
20260809,23,61,1,61,28,21,5,0,0
20260809,23,62,1,62,21,21,6,0,0
20260809,23,63,1,63,26,21,7,0,0
20260809,23,64,1,64,18,18,0,1,0
20260809,23,65,1,65,19,18,1,0,0
20260809,23,66,1,66,18,18,2,0,0
20260809,23,67,1,67,22,18,3,0,0
20260809,23,68,1,68,15,15,0,1,0
20260809,23,69,1,69,20,15,1,0,0
20260809,23,70,1,70,20,15,2,0,0
20260809,23,71,1,71,21,15,3,0,0
20260809,23,72,1,72,19,15,4,0,0
20260809,23,73,1,73,23,15,5,0,0
20260809,23,74,1,74,23,15,6,0,0
20260809,23,75,1,75,20,15,7,0,0
20260809,23,76,1,76,18,15,8,0,0
20260809,23,77,1,77,23,15,9,0,0
20260809,23,78,1,78,16,15,10,0,0
20260809,23,79,1,79,11,11,0,1,0
20260809,23,80,1,80,16,11,1,0,0
20260809,23,81,2,1,889,11,2,0,0
20260809,23,82,2,2,843,11,3,0,0
20260809,23,83,2,3,922,11,4,0,0
20260809,23,84,2,4,169,11,5,0,0
20260809,23,85,2,5,213,11,6,0,0
20260809,23,86,2,6,214,11,7,0,0
20260809,23,87,2,7,118,11,8,0,0
20260809,23,88,2,8,62,11,9,0,0
20260809,23,89,2,9,50,11,10,0,0
20260809,23,90,2,10,40,11,11,0,0
20260809,23,91,2,11,55,11,12,0,0
20260809,23,92,2,12,44,11,13,0,0
20260809,23,93,2,13,52,11,14,0,0
20260809,23,94,2,14,28,11,15,0,0
20260809,23,95,2,15,26,11,16,0,0
20260809,23,96,2,16,25,11,17,0,0
20260809,23,97,2,17,23,11,18,0,0
20260809,23,98,2,18,16,11,19,0,0
20260809,23,99,2,19,21,11,20,0,0
20260809,23,100,2,20,10,10,0,1,0
20260809,23,101,2,21,9,9,0,1,0
20260809,23,102,2,22,7,7,0,1,0
20260809,23,103,2,23,7,7,1,0,0
20260809,23,104,2,24,11,7,2,0,0
20260809,23,105,2,25,11,7,3,0,0
20260809,23,106,2,26,9,7,4,0,0
20260809,23,107,2,27,12,7,5,0,0
20260809,23,108,2,28,7,7,6,0,0
20260809,23,109,2,29,6,6,0,1,0
20260809,23,110,2,30,7,6,1,0,0
20260809,23,111,2,31,7,6,2,0,0
20260809,23,112,2,32,9,6,3,0,0
20260809,23,113,2,33,9,6,4,0,0
20260809,23,114,2,34,15,6,5,0,0
20260809,23,115,2,35,13,6,6,0,0
20260809,23,116,2,36,11,6,7,0,0
20260809,23,117,2,37,8,6,8,0,0
20260809,23,118,2,38,17,6,9,0,0
20260809,23,119,2,39,9,6,10,0,0
20260809,23,120,2,40,15,6,11,0,0
20260809,23,121,2,41,44,6,12,0,0
20260809,23,122,2,42,157,6,13,0,0
20260809,23,123,2,43,419,6,14,0,0
20260809,23,124,2,44,415,6,15,0,0
20260809,23,125,2,45,298,6,16,0,0
20260809,23,126,2,46,241,6,17,0,0
20260809,23,127,2,47,198,6,18,0,0
20260809,23,128,2,48,67,6,19,0,0
20260809,23,129,2,49,31,6,20,0,0
20260809,23,130,2,50,31,6,21,0,0
20260809,23,131,2,51,32,6,22,0,0
20260809,23,132,2,52,21,6,23,0,0
20260809,23,133,2,53,22,6,24,0,0
20260809,23,134,2,54,23,6,25,0,0
20260809,23,135,2,55,19,6,26,0,0
20260809,23,136,2,56,21,6,27,0,0
20260809,23,137,2,57,22,6,28,0,0
20260809,23,138,2,58,17,6,29,0,0
20260809,23,139,2,59,9,6,30,0,0
20260809,23,140,2,60,14,6,31,0,0
20260809,23,141,3,1,833,6,32,0,0
20260809,23,142,3,2,203,6,33,0,0
20260809,23,143,3,3,119,6,34,0,0
20260809,23,144,3,4,97,6,35,0,0
20260809,23,145,3,5,59,6,36,0,0
20260809,23,146,3,6,61,6,37,0,0
20260809,23,147,3,7,57,6,38,0,0
20260809,23,148,3,8,50,6,39,0,0
20260809,23,149,3,9,44,6,40,0,0
20260809,23,150,3,10,37,6,41,0,0
20260809,23,151,3,11,46,6,42,0,0
20260809,23,152,3,12,47,6,43,0,0
20260809,23,153,3,13,45,6,44,0,0
20260809,23,154,3,14,43,6,45,0,0
20260809,23,155,3,15,38,6,46,0,0
20260809,23,156,3,16,21,6,47,0,0
20260809,23,157,3,17,22,6,48,0,0
20260809,23,158,3,18,13,6,49,0,0
20260809,23,159,3,19,23,6,50,0,0
20260809,23,160,3,20,16,6,51,0,0
20260809,23,161,3,21,16,6,52,0,0
20260809,23,162,3,22,16,6,53,0,0
20260809,23,163,3,23,22,6,54,0,0
20260809,23,164,3,24,17,6,55,0,0
20260809,23,165,3,25,13,6,56,0,0
20260809,23,166,3,26,16,6,57,0,0
20260809,23,167,3,27,18,6,58,0,0
20260809,23,168,3,28,12,6,59,0,0
20260809,23,169,3,29,15,6,60,0,0
20260809,23,170,3,30,15,6,61,0,0
20260809,23,171,3,31,13,6,62,0,0
20260809,23,172,3,32,18,6,63,0,0
20260809,23,173,3,33,26,6,64,0,0
20260809,23,174,3,34,20,6,65,0,0
20260809,23,175,3,35,26,6,66,0,0
20260809,23,176,3,36,29,6,67,0,0
20260809,23,177,3,37,23,6,68,0,0
20260809,23,178,3,38,38,6,69,0,0
20260809,23,179,3,39,73,6,70,0,0
20260809,23,180,3,40,178,6,71,0,0
20260809,23,181,3,41,426,6,72,0,0
20260809,23,182,3,42,396,6,73,0,0
20260809,23,183,3,43,283,6,74,0,0
20260809,23,184,3,44,248,6,75,0,0
20260809,23,185,3,45,175,6,76,0,0
20260809,23,186,3,46,132,6,77,0,0
20260809,23,187,3,47,104,6,78,0,0
20260809,23,188,3,48,53,6,79,0,0
20260809,23,189,3,49,39,6,80,0,0
20260809,23,190,3,50,36,6,81,0,0
20260809,23,191,3,51,34,6,82,0,0
20260809,23,192,3,52,37,6,83,0,0
20260809,23,193,3,53,25,6,84,0,0
20260809,23,194,3,54,36,6,85,0,0
20260809,23,195,3,55,34,6,86,0,0
20260809,23,196,3,56,28,6,87,0,0
20260809,23,197,3,57,28,6,88,0,0
20260809,23,198,3,58,24,6,89,0,0
20260809,23,199,3,59,21,6,90,0,0
20260809,23,200,3,60,25,6,91,0,0
20260809,23,201,4,1,835,6,92,0,0
20260809,23,202,4,2,203,6,93,0,0
20260809,23,203,4,3,93,6,94,0,0
20260809,23,204,4,4,79,6,95,0,0
20260809,23,205,4,5,54,6,96,0,0
20260809,23,206,4,6,49,6,97,0,0
20260809,23,207,4,7,40,6,98,0,0
20260809,23,208,4,8,58,6,99,0,0
20260809,23,209,4,9,34,6,100,0,0
20260809,23,210,4,10,33,6,101,0,0
20260809,23,211,4,11,25,6,102,0,0
20260809,23,212,4,12,16,6,103,0,0
20260809,23,213,4,13,27,6,104,0,0
20260809,23,214,4,14,19,6,105,0,0
20260809,23,215,4,15,28,6,106,0,0
20260809,23,216,4,16,21,6,107,0,0
20260809,23,217,4,17,23,6,108,0,0
20260809,23,218,4,18,17,6,109,0,0
20260809,23,219,4,19,15,6,110,0,0
20260809,23,220,4,20,11,6,111,0,0
20260809,23,221,4,21,16,6,112,0,0
20260809,23,222,4,22,13,6,113,0,0
20260809,23,223,4,23,15,6,114,0,0
20260809,23,224,4,24,8,6,115,0,0
20260809,23,225,4,25,10,6,116,0,0
20260809,23,226,4,26,20,6,117,0,0
20260809,23,227,4,27,27,6,118,0,0
20260809,23,228,4,28,37,6,119,0,0
20260809,23,229,4,29,59,6,120,0,0
20260809,23,230,4,30,93,6,121,0,0
20260809,23,231,4,31,201,6,122,0,0
20260809,23,232,4,32,211,6,123,0,0
20260809,23,233,4,33,224,6,124,0,0
20260809,23,234,4,34,248,6,125,0,0
20260809,23,235,4,35,236,6,126,0,0
20260809,23,236,4,36,237,6,127,0,0
20260809,23,237,4,37,251,6,128,0,0
20260809,23,238,4,38,225,6,129,0,0
20260809,23,239,4,39,180,6,130,0,0
20260809,23,240,4,40,93,6,131,0,0
20260809,23,241,4,41,32,6,132,0,0
20260809,23,242,4,42,29,6,133,0,0
20260809,23,243,4,43,24,6,134,0,0
20260809,23,244,4,44,32,6,135,0,0
20260809,23,245,4,45,36,6,136,0,0
20260809,23,246,4,46,23,6,137,0,0
20260809,23,247,4,47,26,6,138,0,0
20260809,23,248,4,48,26,6,139,0,0
20260809,23,249,4,49,16,6,140,0,0
20260809,23,250,4,50,14,6,141,0,0
20260809,23,251,4,51,25,6,142,0,0
20260809,23,252,4,52,17,6,143,0,0
20260809,23,253,4,53,17,6,144,0,0
20260809,23,254,4,54,24,6,145,0,0
20260809,23,255,4,55,32,6,146,0,0
20260809,23,256,4,56,24,6,147,0,0
20260809,23,257,4,57,30,6,148,0,0
20260809,23,258,4,58,29,6,149,0,0
20260809,23,259,4,59,20,6,150,0,0
20260809,23,260,4,60,19,6,151,0,0
20260809,23,261,5,1,870,6,152,0,0
20260809,23,262,5,2,212,6,153,0,0
20260809,23,263,5,3,66,6,154,0,0
20260809,23,264,5,4,66,6,155,0,0
20260809,23,265,5,5,50,6,156,0,0
20260809,23,266,5,6,45,6,157,0,0
20260809,23,267,5,7,50,6,158,0,0
20260809,23,268,5,8,31,6,159,0,0
20260809,23,269,5,9,31,6,160,0,0
20260809,23,270,5,10,26,6,161,0,0
20260809,23,271,5,11,25,6,162,0,0
20260809,23,272,5,12,19,6,163,0,0
20260809,23,273,5,13,21,6,164,0,0
20260809,23,274,5,14,15,6,165,0,0
20260809,23,275,5,15,17,6,166,0,0
20260809,23,276,5,16,19,6,167,0,0
20260809,23,277,5,17,13,6,168,0,0
20260809,23,278,5,18,11,6,169,0,0
20260809,23,279,5,19,9,6,170,0,0
20260809,23,280,5,20,11,6,171,0,0
20260809,23,281,5,21,10,6,172,0,0
20260809,23,282,5,22,9,6,173,0,0
20260809,23,283,5,23,9,6,174,0,0
20260809,23,284,5,24,2,2,0,1,0
20260809,23,285,5,25,4,2,1,0,0
20260809,23,286,5,26,9,2,2,0,0
20260809,23,287,5,27,11,2,3,0,0
20260809,23,288,5,28,33,2,4,0,0
20260809,23,289,5,29,75,2,5,0,0
20260809,23,290,5,30,148,2,6,0,0
20260809,23,291,5,31,294,2,7,0,0
20260809,23,292,5,32,407,2,8,0,0
20260809,23,293,5,33,297,2,9,0,0
20260809,23,294,5,34,253,2,10,0,0
20260809,23,295,5,35,217,2,11,0,0
20260809,23,296,5,36,138,2,12,0,0
20260809,23,297,5,37,45,2,13,0,0
20260809,23,298,5,38,29,2,14,0,0
20260809,23,299,5,39,20,2,15,0,0
20260809,23,300,5,40,17,2,16,0,0
20260809,23,301,5,41,9,2,17,0,0
20260809,23,302,5,42,7,2,18,0,0
20260809,23,303,5,43,4,2,19,0,0
20260809,23,304,5,44,2,2,20,0,0
20260809,23,305,5,45,4,2,21,0,0
20260809,23,306,5,46,4,2,22,0,0
20260809,23,307,5,47,5,2,23,0,0
20260809,23,308,5,48,7,2,24,0,0
20260809,23,309,5,49,7,2,25,0,0
20260809,23,310,5,50,5,2,26,0,0
20260809,23,311,5,51,5,2,27,0,0
20260809,23,312,5,52,2,2,28,0,0
20260809,23,313,5,53,4,2,29,0,0
20260809,23,314,5,54,5,2,30,0,0
20260809,23,315,5,55,10,2,31,0,0
20260809,23,316,5,56,8,2,32,0,0
20260809,23,317,5,57,5,2,33,0,0
20260809,23,318,5,58,4,2,34,0,0
20260809,23,319,5,59,6,2,35,0,0
20260809,23,320,5,60,0,0,0,1,1
20260809,24,1,1,1,171,144,1,0,0
20260809,24,2,1,2,185,144,2,0,0
20260809,24,3,1,3,116,116,0,1,0
20260809,24,4,1,4,102,102,0,1,0
20260809,24,5,1,5,101,101,0,1,0
20260809,24,6,1,6,77,77,0,1,0
20260809,24,7,1,7,78,77,1,0,0
20260809,24,8,1,8,56,56,0,1,0
20260809,24,9,1,9,61,56,1,0,0
20260809,24,10,1,10,61,56,2,0,0
20260809,24,11,1,11,57,56,3,0,0
20260809,24,12,1,12,58,56,4,0,0
20260809,24,13,1,13,58,56,5,0,0
20260809,24,14,1,14,42,42,0,1,0
20260809,24,15,1,15,46,42,1,0,0
20260809,24,16,1,16,43,42,2,0,0
20260809,24,17,1,17,49,42,3,0,0
20260809,24,18,1,18,36,36,0,1,0
20260809,24,19,1,19,41,36,1,0,0
20260809,24,20,1,20,43,36,2,0,0
20260809,24,21,1,21,42,36,3,0,0
20260809,24,22,1,22,26,26,0,1,0
20260809,24,23,1,23,39,26,1,0,0
20260809,24,24,1,24,32,26,2,0,0
20260809,24,25,1,25,30,26,3,0,0
20260809,24,26,1,26,27,26,4,0,0
20260809,24,27,1,27,31,26,5,0,0
20260809,24,28,1,28,25,25,0,1,0
20260809,24,29,1,29,33,25,1,0,0
20260809,24,30,1,30,15,15,0,1,0
20260809,24,31,1,31,15,15,1,0,0
20260809,24,32,1,32,11,11,0,1,0
20260809,24,33,1,33,7,7,0,1,0
20260809,24,34,1,34,7,7,1,0,0
20260809,24,35,1,35,1,1,0,1,0
20260809,24,36,1,36,7,1,1,0,0
20260809,24,37,1,37,11,1,2,0,0
20260809,24,38,1,38,7,1,3,0,0
20260809,24,39,1,39,8,1,4,0,0
20260809,24,40,1,40,4,1,5,0,0
20260809,24,41,1,41,2,1,6,0,0
20260809,24,42,1,42,1,1,7,0,0
20260809,24,43,1,43,1,1,8,0,0
20260809,24,44,1,44,2,1,9,0,0
20260809,24,45,1,45,4,1,10,0,0
20260809,24,46,1,46,2,1,11,0,0
20260809,24,47,1,47,1,1,12,0,0
20260809,24,48,1,48,2,1,13,0,0
20260809,24,49,1,49,2,1,14,0,0
20260809,24,50,1,50,2,1,15,0,0
20260809,24,51,1,51,1,1,16,0,0
20260809,24,52,1,52,2,1,17,0,0
20260809,24,53,1,53,4,1,18,0,0
20260809,24,54,1,54,2,1,19,0,0
20260809,24,55,1,55,3,1,20,0,0
20260809,24,56,1,56,3,1,21,0,0
20260809,24,57,1,57,2,1,22,0,0
20260809,24,58,1,58,5,1,23,0,0
20260809,24,59,1,59,5,1,24,0,0
20260809,24,60,1,60,3,1,25,0,0
20260809,24,61,1,61,1,1,26,0,0
20260809,24,62,1,62,3,1,27,0,0
20260809,24,63,1,63,6,1,28,0,0
20260809,24,64,1,64,2,1,29,0,0
20260809,24,65,1,65,4,1,30,0,0
20260809,24,66,1,66,3,1,31,0,0
20260809,24,67,1,67,5,1,32,0,0
20260809,24,68,1,68,3,1,33,0,0
20260809,24,69,1,69,2,1,34,0,0
20260809,24,70,1,70,3,1,35,0,0
20260809,24,71,1,71,3,1,36,0,0
20260809,24,72,1,72,3,1,37,0,0
20260809,24,73,1,73,4,1,38,0,0
20260809,24,74,1,74,4,1,39,0,0
20260809,24,75,1,75,5,1,40,0,0
20260809,24,76,1,76,3,1,41,0,0
20260809,24,77,1,77,1,1,42,0,0
20260809,24,78,1,78,4,1,43,0,0
20260809,24,79,1,79,5,1,44,0,0
20260809,24,80,1,80,3,1,45,0,0
20260809,24,81,2,1,864,1,46,0,0
20260809,24,82,2,2,819,1,47,0,0
20260809,24,83,2,3,901,1,48,0,0
20260809,24,84,2,4,681,1,49,0,0
20260809,24,85,2,5,875,1,50,0,0
20260809,24,86,2,6,791,1,51,0,0
20260809,24,87,2,7,770,1,52,0,0
20260809,24,88,2,8,100,1,53,0,0
20260809,24,89,2,9,60,1,54,0,0
20260809,24,90,2,10,36,1,55,0,0
20260809,24,91,2,11,42,1,56,0,0
20260809,24,92,2,12,30,1,57,0,0
20260809,24,93,2,13,39,1,58,0,0
20260809,24,94,2,14,32,1,59,0,0
20260809,24,95,2,15,32,1,60,0,0
20260809,24,96,2,16,17,1,61,0,0
20260809,24,97,2,17,20,1,62,0,0
20260809,24,98,2,18,13,1,63,0,0
20260809,24,99,2,19,10,1,64,0,0
20260809,24,100,2,20,3,1,65,0,0
20260809,24,101,2,21,8,1,66,0,0
20260809,24,102,2,22,4,1,67,0,0
20260809,24,103,2,23,11,1,68,0,0
20260809,24,104,2,24,14,1,69,0,0
20260809,24,105,2,25,17,1,70,0,0
20260809,24,106,2,26,22,1,71,0,0
20260809,24,107,2,27,14,1,72,0,0
20260809,24,108,2,28,11,1,73,0,0
20260809,24,109,2,29,11,1,74,0,0
20260809,24,110,2,30,11,1,75,0,0
20260809,24,111,2,31,26,1,76,0,0
20260809,24,112,2,32,52,1,77,0,0
20260809,24,113,2,33,120,1,78,0,0
20260809,24,114,2,34,319,1,79,0,0
20260809,24,115,2,35,546,1,80,0,0
20260809,24,116,2,36,294,1,81,0,0
20260809,24,117,2,37,169,1,82,0,0
20260809,24,118,2,38,58,1,83,0,0
20260809,24,119,2,39,38,1,84,0,0
20260809,24,120,2,40,28,1,85,0,0
20260809,24,121,2,41,25,1,86,0,0
20260809,24,122,2,42,21,1,87,0,0
20260809,24,123,2,43,16,1,88,0,0
20260809,24,124,2,44,7,1,89,0,0
20260809,24,125,2,45,6,1,90,0,0
20260809,24,126,2,46,5,1,91,0,0
20260809,24,127,2,47,6,1,92,0,0
20260809,24,128,2,48,0,0,0,1,1
20260809,25,1,1,1,162,122,1,0,0
20260809,25,2,1,2,138,122,2,0,0
20260809,25,3,1,3,110,110,0,1,0
20260809,25,4,1,4,97,97,0,1,0
20260809,25,5,1,5,90,90,0,1,0
20260809,25,6,1,6,87,87,0,1,0
20260809,25,7,1,7,75,75,0,1,0
20260809,25,8,1,8,54,54,0,1,0
20260809,25,9,1,9,59,54,1,0,0
20260809,25,10,1,10,67,54,2,0,0
20260809,25,11,1,11,56,54,3,0,0
20260809,25,12,1,12,55,54,4,0,0
20260809,25,13,1,13,61,54,5,0,0
20260809,25,14,1,14,47,47,0,1,0
20260809,25,15,1,15,46,46,0,1,0
20260809,25,16,1,16,62,46,1,0,0
20260809,25,17,1,17,44,44,0,1,0
20260809,25,18,1,18,48,44,1,0,0
20260809,25,19,1,19,43,43,0,1,0
20260809,25,20,1,20,47,43,1,0,0
20260809,25,21,1,21,46,43,2,0,0
20260809,25,22,1,22,46,43,3,0,0
20260809,25,23,1,23,61,43,4,0,0
20260809,25,24,1,24,49,43,5,0,0
20260809,25,25,1,25,47,43,6,0,0
20260809,25,26,1,26,45,43,7,0,0
20260809,25,27,1,27,43,43,8,0,0
20260809,25,28,1,28,42,42,0,1,0
20260809,25,29,1,29,51,42,1,0,0
20260809,25,30,1,30,41,41,0,1,0
20260809,25,31,1,31,48,41,1,0,0
20260809,25,32,1,32,41,41,2,0,0
20260809,25,33,1,33,37,37,0,1,0
20260809,25,34,1,34,37,37,1,0,0
20260809,25,35,1,35,36,36,0,1,0
20260809,25,36,1,36,41,36,1,0,0
20260809,25,37,1,37,36,36,2,0,0
20260809,25,38,1,38,30,30,0,1,0
20260809,25,39,1,39,26,26,0,1,0
20260809,25,40,1,40,25,25,0,1,0
20260809,25,41,1,41,14,14,0,1,0
20260809,25,42,1,42,23,14,1,0,0
20260809,25,43,1,43,15,14,2,0,0
20260809,25,44,1,44,17,14,3,0,0
20260809,25,45,1,45,14,14,4,0,0
20260809,25,46,1,46,18,14,5,0,0
20260809,25,47,1,47,14,14,6,0,0
20260809,25,48,1,48,14,14,7,0,0
20260809,25,49,1,49,12,12,0,1,0
20260809,25,50,1,50,9,9,0,1,0
20260809,25,51,1,51,9,9,1,0,0
20260809,25,52,1,52,9,9,2,0,0
20260809,25,53,1,53,6,6,0,1,0
20260809,25,54,1,54,9,6,1,0,0
20260809,25,55,1,55,7,6,2,0,0
20260809,25,56,1,56,9,6,3,0,0
20260809,25,57,1,57,8,6,4,0,0
20260809,25,58,1,58,9,6,5,0,0
20260809,25,59,1,59,6,6,6,0,0
20260809,25,60,1,60,9,6,7,0,0
20260809,25,61,1,61,8,6,8,0,0
20260809,25,62,1,62,9,6,9,0,0
20260809,25,63,1,63,8,6,10,0,0
20260809,25,64,1,64,9,6,11,0,0
20260809,25,65,1,65,10,6,12,0,0
20260809,25,66,1,66,9,6,13,0,0
20260809,25,67,1,67,6,6,14,0,0
20260809,25,68,1,68,6,6,15,0,0
20260809,25,69,1,69,3,3,0,1,0
20260809,25,70,1,70,3,3,1,0,0
20260809,25,71,1,71,5,3,2,0,0
20260809,25,72,1,72,6,3,3,0,0
20260809,25,73,1,73,5,3,4,0,0
20260809,25,74,1,74,6,3,5,0,0
20260809,25,75,1,75,10,3,6,0,0
20260809,25,76,1,76,9,3,7,0,0
20260809,25,77,1,77,8,3,8,0,0
20260809,25,78,1,78,6,3,9,0,0
20260809,25,79,1,79,6,3,10,0,0
20260809,25,80,1,80,9,3,11,0,0
20260809,25,81,2,1,840,3,12,0,0
20260809,25,82,2,2,846,3,13,0,0
20260809,25,83,2,3,886,3,14,0,0
20260809,25,84,2,4,201,3,15,0,0
20260809,25,85,2,5,858,3,16,0,0
20260809,25,86,2,6,807,3,17,0,0
20260809,25,87,2,7,206,3,18,0,0
20260809,25,88,2,8,65,3,19,0,0
20260809,25,89,2,9,65,3,20,0,0
20260809,25,90,2,10,45,3,21,0,0
20260809,25,91,2,11,29,3,22,0,0
20260809,25,92,2,12,37,3,23,0,0
20260809,25,93,2,13,31,3,24,0,0
20260809,25,94,2,14,30,3,25,0,0
20260809,25,95,2,15,38,3,26,0,0
20260809,25,96,2,16,30,3,27,0,0
20260809,25,97,2,17,25,3,28,0,0
20260809,25,98,2,18,25,3,29,0,0
20260809,25,99,2,19,22,3,30,0,0
20260809,25,100,2,20,22,3,31,0,0
20260809,25,101,2,21,18,3,32,0,0
20260809,25,102,2,22,14,3,33,0,0
20260809,25,103,2,23,15,3,34,0,0
20260809,25,104,2,24,12,3,35,0,0
20260809,25,105,2,25,6,3,36,0,0
20260809,25,106,2,26,10,3,37,0,0
20260809,25,107,2,27,11,3,38,0,0
20260809,25,108,2,28,6,3,39,0,0
20260809,25,109,2,29,6,3,40,0,0
20260809,25,110,2,30,5,3,41,0,0
20260809,25,111,2,31,2,2,0,1,0
20260809,25,112,2,32,5,2,1,0,0
20260809,25,113,2,33,9,2,2,0,0
20260809,25,114,2,34,21,2,3,0,0
20260809,25,115,2,35,19,2,4,0,0
20260809,25,116,2,36,37,2,5,0,0
20260809,25,117,2,37,46,2,6,0,0
20260809,25,118,2,38,105,2,7,0,0
20260809,25,119,2,39,211,2,8,0,0
20260809,25,120,2,40,200,2,9,0,0
20260809,25,121,2,41,180,2,10,0,0
20260809,25,122,2,42,186,2,11,0,0
20260809,25,123,2,43,171,2,12,0,0
20260809,25,124,2,44,198,2,13,0,0
20260809,25,125,2,45,218,2,14,0,0
20260809,25,126,2,46,227,2,15,0,0
20260809,25,127,2,47,210,2,16,0,0
20260809,25,128,2,48,170,2,17,0,0
20260809,25,129,2,49,28,2,18,0,0
20260809,25,130,2,50,9,2,19,0,0
20260809,25,131,2,51,7,2,20,0,0
20260809,25,132,2,52,6,2,21,0,0
20260809,25,133,2,53,7,2,22,0,0
20260809,25,134,2,54,1,1,0,1,0
20260809,25,135,2,55,1,1,1,0,0
20260809,25,136,2,56,1,1,2,0,0
20260809,25,137,2,57,2,1,3,0,0
20260809,25,138,2,58,5,1,4,0,0
20260809,25,139,2,59,4,1,5,0,0
20260809,25,140,2,60,6,1,6,0,0
20260809,25,141,3,1,869,1,7,0,0
20260809,25,142,3,2,216,1,8,0,0
20260809,25,143,3,3,91,1,9,0,0
20260809,25,144,3,4,61,1,10,0,0
20260809,25,145,3,5,47,1,11,0,0
20260809,25,146,3,6,35,1,12,0,0
20260809,25,147,3,7,23,1,13,0,0
20260809,25,148,3,8,17,1,14,0,0
20260809,25,149,3,9,19,1,15,0,0
20260809,25,150,3,10,7,1,16,0,0
20260809,25,151,3,11,6,1,17,0,0
20260809,25,152,3,12,3,1,18,0,0
20260809,25,153,3,13,6,1,19,0,0
20260809,25,154,3,14,4,1,20,0,0
20260809,25,155,3,15,2,1,21,0,0
20260809,25,156,3,16,1,1,22,0,0
20260809,25,157,3,17,3,1,23,0,0
20260809,25,158,3,18,0,0,0,1,1
20260809,26,1,1,1,228,164,1,0,0
20260809,26,2,1,2,181,164,2,0,0
20260809,26,3,1,3,107,107,0,1,0
20260809,26,4,1,4,116,107,1,0,0
20260809,26,5,1,5,87,87,0,1,0
20260809,26,6,1,6,77,77,0,1,0
20260809,26,7,1,7,88,77,1,0,0
20260809,26,8,1,8,55,55,0,1,0
20260809,26,9,1,9,74,55,1,0,0
20260809,26,10,1,10,68,55,2,0,0
20260809,26,11,1,11,60,55,3,0,0
20260809,26,12,1,12,56,55,4,0,0
20260809,26,13,1,13,62,55,5,0,0
20260809,26,14,1,14,46,46,0,1,0
20260809,26,15,1,15,44,44,0,1,0
20260809,26,16,1,16,29,29,0,1,0
20260809,26,17,1,17,30,29,1,0,0
20260809,26,18,1,18,31,29,2,0,0
20260809,26,19,1,19,35,29,3,0,0
20260809,26,20,1,20,30,29,4,0,0
20260809,26,21,1,21,26,26,0,1,0
20260809,26,22,1,22,18,18,0,1,0
20260809,26,23,1,23,28,18,1,0,0
20260809,26,24,1,24,21,18,2,0,0
20260809,26,25,1,25,18,18,3,0,0
20260809,26,26,1,26,13,13,0,1,0
20260809,26,27,1,27,14,13,1,0,0
20260809,26,28,1,28,13,13,2,0,0
20260809,26,29,1,29,12,12,0,1,0
20260809,26,30,1,30,11,11,0,1,0
20260809,26,31,1,31,16,11,1,0,0
20260809,26,32,1,32,11,11,2,0,0
20260809,26,33,1,33,10,10,0,1,0
20260809,26,34,1,34,9,9,0,1,0
20260809,26,35,1,35,10,9,1,0,0
20260809,26,36,1,36,7,7,0,1,0
20260809,26,37,1,37,10,7,1,0,0
20260809,26,38,1,38,9,7,2,0,0
20260809,26,39,1,39,12,7,3,0,0
20260809,26,40,1,40,8,7,4,0,0
20260809,26,41,1,41,10,7,5,0,0
20260809,26,42,1,42,7,7,6,0,0
20260809,26,43,1,43,10,7,7,0,0
20260809,26,44,1,44,11,7,8,0,0
20260809,26,45,1,45,10,7,9,0,0
20260809,26,46,1,46,7,7,10,0,0
20260809,26,47,1,47,10,7,11,0,0
20260809,26,48,1,48,7,7,12,0,0
20260809,26,49,1,49,10,7,13,0,0
20260809,26,50,1,50,7,7,14,0,0
20260809,26,51,1,51,10,7,15,0,0
20260809,26,52,1,52,8,7,16,0,0
20260809,26,53,1,53,10,7,17,0,0
20260809,26,54,1,54,7,7,18,0,0
20260809,26,55,1,55,10,7,19,0,0
20260809,26,56,1,56,7,7,20,0,0
20260809,26,57,1,57,12,7,21,0,0
20260809,26,58,1,58,11,7,22,0,0
20260809,26,59,1,59,10,7,23,0,0
20260809,26,60,1,60,6,6,0,1,0
20260809,26,61,1,61,12,6,1,0,0
20260809,26,62,1,62,6,6,2,0,0
20260809,26,63,1,63,10,6,3,0,0
20260809,26,64,1,64,8,6,4,0,0
20260809,26,65,1,65,10,6,5,0,0
20260809,26,66,1,66,7,6,6,0,0
20260809,26,67,1,67,10,6,7,0,0
20260809,26,68,1,68,9,6,8,0,0
20260809,26,69,1,69,12,6,9,0,0
20260809,26,70,1,70,12,6,10,0,0
20260809,26,71,1,71,10,6,11,0,0
20260809,26,72,1,72,7,6,12,0,0
20260809,26,73,1,73,12,6,13,0,0
20260809,26,74,1,74,7,6,14,0,0
20260809,26,75,1,75,10,6,15,0,0
20260809,26,76,1,76,8,6,16,0,0
20260809,26,77,1,77,10,6,17,0,0
20260809,26,78,1,78,9,6,18,0,0
20260809,26,79,1,79,10,6,19,0,0
20260809,26,80,1,80,11,6,20,0,0
20260809,26,81,2,1,859,6,21,0,0
20260809,26,82,2,2,846,6,22,0,0
20260809,26,83,2,3,847,6,23,0,0
20260809,26,84,2,4,788,6,24,0,0
20260809,26,85,2,5,887,6,25,0,0
20260809,26,86,2,6,714,6,26,0,0
20260809,26,87,2,7,683,6,27,0,0
20260809,26,88,2,8,192,6,28,0,0
20260809,26,89,2,9,103,6,29,0,0
20260809,26,90,2,10,90,6,30,0,0
20260809,26,91,2,11,71,6,31,0,0
20260809,26,92,2,12,75,6,32,0,0
20260809,26,93,2,13,58,6,33,0,0
20260809,26,94,2,14,60,6,34,0,0
20260809,26,95,2,15,50,6,35,0,0
20260809,26,96,2,16,74,6,36,0,0
20260809,26,97,2,17,57,6,37,0,0
20260809,26,98,2,18,59,6,38,0,0
20260809,26,99,2,19,37,6,39,0,0
20260809,26,100,2,20,40,6,40,0,0
20260809,26,101,2,21,18,6,41,0,0
20260809,26,102,2,22,10,6,42,0,0
20260809,26,103,2,23,0,0,0,1,1
20260809,27,1,1,1,170,137,1,0,0
20260809,27,2,1,2,152,137,2,0,0
20260809,27,3,1,3,77,77,0,1,0
20260809,27,4,1,4,78,77,1,0,0
20260809,27,5,1,5,63,63,0,1,0
20260809,27,6,1,6,43,43,0,1,0
20260809,27,7,1,7,45,43,1,0,0
20260809,27,8,1,8,35,35,0,1,0
20260809,27,9,1,9,30,30,0,1,0
20260809,27,10,1,10,22,22,0,1,0
20260809,27,11,1,11,18,18,0,1,0
20260809,27,12,1,12,18,18,1,0,0
20260809,27,13,1,13,24,18,2,0,0
20260809,27,14,1,14,23,18,3,0,0
20260809,27,15,1,15,19,18,4,0,0
20260809,27,16,1,16,27,18,5,0,0
20260809,27,17,1,17,20,18,6,0,0
20260809,27,18,1,18,22,18,7,0,0
20260809,27,19,1,19,24,18,8,0,0
20260809,27,20,1,20,21,18,9,0,0
20260809,27,21,1,21,17,17,0,1,0
20260809,27,22,1,22,16,16,0,1,0
20260809,27,23,1,23,11,11,0,1,0
20260809,27,24,1,24,19,11,1,0,0
20260809,27,25,1,25,11,11,2,0,0
20260809,27,26,1,26,16,11,3,0,0
20260809,27,27,1,27,16,11,4,0,0
20260809,27,28,1,28,21,11,5,0,0
20260809,27,29,1,29,14,11,6,0,0
20260809,27,30,1,30,19,11,7,0,0
20260809,27,31,1,31,15,11,8,0,0
20260809,27,32,1,32,22,11,9,0,0
20260809,27,33,1,33,16,11,10,0,0
20260809,27,34,1,34,16,11,11,0,0
20260809,27,35,1,35,13,11,12,0,0
20260809,27,36,1,36,12,11,13,0,0
20260809,27,37,1,37,10,10,0,1,0
20260809,27,38,1,38,6,6,0,1,0
20260809,27,39,1,39,5,5,0,1,0
20260809,27,40,1,40,7,5,1,0,0
20260809,27,41,1,41,2,2,0,1,0
20260809,27,42,1,42,6,2,1,0,0
20260809,27,43,1,43,6,2,2,0,0
20260809,27,44,1,44,9,2,3,0,0
20260809,27,45,1,45,5,2,4,0,0
20260809,27,46,1,46,9,2,5,0,0
20260809,27,47,1,47,7,2,6,0,0
20260809,27,48,1,48,9,2,7,0,0
20260809,27,49,1,49,7,2,8,0,0
20260809,27,50,1,50,9,2,9,0,0
20260809,27,51,1,51,7,2,10,0,0
20260809,27,52,1,52,9,2,11,0,0
20260809,27,53,1,53,7,2,12,0,0
20260809,27,54,1,54,9,2,13,0,0
20260809,27,55,1,55,7,2,14,0,0
20260809,27,56,1,56,9,2,15,0,0
20260809,27,57,1,57,7,2,16,0,0
20260809,27,58,1,58,9,2,17,0,0
20260809,27,59,1,59,6,2,18,0,0
20260809,27,60,1,60,9,2,19,0,0
20260809,27,61,1,61,7,2,20,0,0
20260809,27,62,1,62,9,2,21,0,0
20260809,27,63,1,63,7,2,22,0,0
20260809,27,64,1,64,9,2,23,0,0
20260809,27,65,1,65,7,2,24,0,0
20260809,27,66,1,66,9,2,25,0,0
20260809,27,67,1,67,7,2,26,0,0
20260809,27,68,1,68,9,2,27,0,0
20260809,27,69,1,69,7,2,28,0,0
20260809,27,70,1,70,9,2,29,0,0
20260809,27,71,1,71,7,2,30,0,0
20260809,27,72,1,72,9,2,31,0,0
20260809,27,73,1,73,7,2,32,0,0
20260809,27,74,1,74,9,2,33,0,0
20260809,27,75,1,75,9,2,34,0,0
20260809,27,76,1,76,9,2,35,0,0
20260809,27,77,1,77,7,2,36,0,0
20260809,27,78,1,78,9,2,37,0,0
20260809,27,79,1,79,7,2,38,0,0
20260809,27,80,1,80,6,2,39,0,0
20260809,27,81,2,1,894,2,40,0,0
20260809,27,82,2,2,855,2,41,0,0
20260809,27,83,2,3,835,2,42,0,0
20260809,27,84,2,4,771,2,43,0,0
20260809,27,85,2,5,855,2,44,0,0
20260809,27,86,2,6,784,2,45,0,0
20260809,27,87,2,7,768,2,46,0,0
20260809,27,88,2,8,203,2,47,0,0
20260809,27,89,2,9,77,2,48,0,0
20260809,27,90,2,10,48,2,49,0,0
20260809,27,91,2,11,40,2,50,0,0
20260809,27,92,2,12,35,2,51,0,0
20260809,27,93,2,13,34,2,52,0,0
20260809,27,94,2,14,22,2,53,0,0
20260809,27,95,2,15,26,2,54,0,0
20260809,27,96,2,16,25,2,55,0,0
20260809,27,97,2,17,28,2,56,0,0
20260809,27,98,2,18,21,2,57,0,0
20260809,27,99,2,19,24,2,58,0,0
20260809,27,100,2,20,16,2,59,0,0
20260809,27,101,2,21,17,2,60,0,0
20260809,27,102,2,22,18,2,61,0,0
20260809,27,103,2,23,6,2,62,0,0
20260809,27,104,2,24,9,2,63,0,0
20260809,27,105,2,25,7,2,64,0,0
20260809,27,106,2,26,2,2,65,0,0
20260809,27,107,2,27,0,0,0,1,1
20260809,28,1,1,1,270,182,1,0,0
20260809,28,2,1,2,189,182,2,0,0
20260809,28,3,1,3,117,117,0,1,0
20260809,28,4,1,4,113,113,0,1,0
20260809,28,5,1,5,79,79,0,1,0
20260809,28,6,1,6,66,66,0,1,0
20260809,28,7,1,7,52,52,0,1,0
20260809,28,8,1,8,58,52,1,0,0
20260809,28,9,1,9,50,50,0,1,0
20260809,28,10,1,10,52,50,1,0,0
20260809,28,11,1,11,47,47,0,1,0
20260809,28,12,1,12,32,32,0,1,0
20260809,28,13,1,13,34,32,1,0,0
20260809,28,14,1,14,36,32,2,0,0
20260809,28,15,1,15,28,28,0,1,0
20260809,28,16,1,16,31,28,1,0,0
20260809,28,17,1,17,21,21,0,1,0
20260809,28,18,1,18,29,21,1,0,0
20260809,28,19,1,19,23,21,2,0,0
20260809,28,20,1,20,28,21,3,0,0
20260809,28,21,1,21,27,21,4,0,0
20260809,28,22,1,22,22,21,5,0,0
20260809,28,23,1,23,21,21,6,0,0
20260809,28,24,1,24,20,20,0,1,0
20260809,28,25,1,25,26,20,1,0,0
20260809,28,26,1,26,26,20,2,0,0
20260809,28,27,1,27,24,20,3,0,0
20260809,28,28,1,28,18,18,0,1,0
20260809,28,29,1,29,23,18,1,0,0
20260809,28,30,1,30,24,18,2,0,0
20260809,28,31,1,31,23,18,3,0,0
20260809,28,32,1,32,18,18,4,0,0
20260809,28,33,1,33,19,18,5,0,0
20260809,28,34,1,34,22,18,6,0,0
20260809,28,35,1,35,23,18,7,0,0
20260809,28,36,1,36,20,18,8,0,0
20260809,28,37,1,37,15,15,0,1,0
20260809,28,38,1,38,21,15,1,0,0
20260809,28,39,1,39,20,15,2,0,0
20260809,28,40,1,40,24,15,3,0,0
20260809,28,41,1,41,27,15,4,0,0
20260809,28,42,1,42,23,15,5,0,0
20260809,28,43,1,43,19,15,6,0,0
20260809,28,44,1,44,23,15,7,0,0
20260809,28,45,1,45,24,15,8,0,0
20260809,28,46,1,46,22,15,9,0,0
20260809,28,47,1,47,19,15,10,0,0
20260809,28,48,1,48,22,15,11,0,0
20260809,28,49,1,49,17,15,12,0,0
20260809,28,50,1,50,23,15,13,0,0
20260809,28,51,1,51,21,15,14,0,0
20260809,28,52,1,52,15,15,15,0,0
20260809,28,53,1,53,22,15,16,0,0
20260809,28,54,1,54,18,15,17,0,0
20260809,28,55,1,55,24,15,18,0,0
20260809,28,56,1,56,21,15,19,0,0
20260809,28,57,1,57,22,15,20,0,0
20260809,28,58,1,58,16,15,21,0,0
20260809,28,59,1,59,14,14,0,1,0
20260809,28,60,1,60,18,14,1,0,0
20260809,28,61,1,61,17,14,2,0,0
20260809,28,62,1,62,22,14,3,0,0
20260809,28,63,1,63,16,14,4,0,0
20260809,28,64,1,64,19,14,5,0,0
20260809,28,65,1,65,20,14,6,0,0
20260809,28,66,1,66,21,14,7,0,0
20260809,28,67,1,67,18,14,8,0,0
20260809,28,68,1,68,18,14,9,0,0
20260809,28,69,1,69,17,14,10,0,0
20260809,28,70,1,70,19,14,11,0,0
20260809,28,71,1,71,16,14,12,0,0
20260809,28,72,1,72,22,14,13,0,0
20260809,28,73,1,73,22,14,14,0,0
20260809,28,74,1,74,18,14,15,0,0
20260809,28,75,1,75,19,14,16,0,0
20260809,28,76,1,76,23,14,17,0,0
20260809,28,77,1,77,13,13,0,1,0
20260809,28,78,1,78,23,13,1,0,0
20260809,28,79,1,79,18,13,2,0,0
20260809,28,80,1,80,16,13,3,0,0
20260809,28,81,2,1,844,13,4,0,0
20260809,28,82,2,2,844,13,5,0,0
20260809,28,83,2,3,815,13,6,0,0
20260809,28,84,2,4,694,13,7,0,0
20260809,28,85,2,5,811,13,8,0,0
20260809,28,86,2,6,834,13,9,0,0
20260809,28,87,2,7,764,13,10,0,0
20260809,28,88,2,8,253,13,11,0,0
20260809,28,89,2,9,135,13,12,0,0
20260809,28,90,2,10,82,13,13,0,0
20260809,28,91,2,11,60,13,14,0,0
20260809,28,92,2,12,58,13,15,0,0
20260809,28,93,2,13,57,13,16,0,0
20260809,28,94,2,14,42,13,17,0,0
20260809,28,95,2,15,49,13,18,0,0
20260809,28,96,2,16,43,13,19,0,0
20260809,28,97,2,17,38,13,20,0,0
20260809,28,98,2,18,29,13,21,0,0
20260809,28,99,2,19,38,13,22,0,0
20260809,28,100,2,20,31,13,23,0,0
20260809,28,101,2,21,21,13,24,0,0
20260809,28,102,2,22,17,13,25,0,0
20260809,28,103,2,23,26,13,26,0,0
20260809,28,104,2,24,28,13,27,0,0
20260809,28,105,2,25,12,12,0,1,0
20260809,28,106,2,26,8,8,0,1,0
20260809,28,107,2,27,15,8,1,0,0
20260809,28,108,2,28,10,8,2,0,0
20260809,28,109,2,29,13,8,3,0,0
20260809,28,110,2,30,10,8,4,0,0
20260809,28,111,2,31,15,8,5,0,0
20260809,28,112,2,32,15,8,6,0,0
20260809,28,113,2,33,20,8,7,0,0
20260809,28,114,2,34,19,8,8,0,0
20260809,28,115,2,35,13,8,9,0,0
20260809,28,116,2,36,18,8,10,0,0
20260809,28,117,2,37,20,8,11,0,0
20260809,28,118,2,38,22,8,12,0,0
20260809,28,119,2,39,38,8,13,0,0
20260809,28,120,2,40,65,8,14,0,0
20260809,28,121,2,41,99,8,15,0,0
20260809,28,122,2,42,194,8,16,0,0
20260809,28,123,2,43,230,8,17,0,0
20260809,28,124,2,44,233,8,18,0,0
20260809,28,125,2,45,228,8,19,0,0
20260809,28,126,2,46,214,8,20,0,0
20260809,28,127,2,47,184,8,21,0,0
20260809,28,128,2,48,235,8,22,0,0
20260809,28,129,2,49,231,8,23,0,0
20260809,28,130,2,50,220,8,24,0,0
20260809,28,131,2,51,171,8,25,0,0
20260809,28,132,2,52,87,8,26,0,0
20260809,28,133,2,53,35,8,27,0,0
20260809,28,134,2,54,30,8,28,0,0
20260809,28,135,2,55,30,8,29,0,0
20260809,28,136,2,56,32,8,30,0,0
20260809,28,137,2,57,34,8,31,0,0
20260809,28,138,2,58,30,8,32,0,0
20260809,28,139,2,59,33,8,33,0,0
20260809,28,140,2,60,29,8,34,0,0
20260809,28,141,3,1,903,8,35,0,0
20260809,28,142,3,2,181,8,36,0,0
20260809,28,143,3,3,69,8,37,0,0
20260809,28,144,3,4,39,8,38,0,0
20260809,28,145,3,5,40,8,39,0,0
20260809,28,146,3,6,36,8,40,0,0
20260809,28,147,3,7,23,8,41,0,0
20260809,28,148,3,8,14,8,42,0,0
20260809,28,149,3,9,11,8,43,0,0
20260809,28,150,3,10,13,8,44,0,0
20260809,28,151,3,11,9,8,45,0,0
20260809,28,152,3,12,10,8,46,0,0
20260809,28,153,3,13,15,8,47,0,0
20260809,28,154,3,14,6,6,0,1,0
20260809,28,155,3,15,5,5,0,1,0
20260809,28,156,3,16,4,4,0,1,0
20260809,28,157,3,17,6,4,1,0,0
20260809,28,158,3,18,3,3,0,1,0
20260809,28,159,3,19,4,3,1,0,0
20260809,28,160,3,20,9,3,2,0,0
20260809,28,161,3,21,6,3,3,0,0
20260809,28,162,3,22,5,3,4,0,0
20260809,28,163,3,23,9,3,5,0,0
20260809,28,164,3,24,7,3,6,0,0
20260809,28,165,3,25,5,3,7,0,0
20260809,28,166,3,26,5,3,8,0,0
20260809,28,167,3,27,2,2,0,1,0
20260809,28,168,3,28,9,2,1,0,0
20260809,28,169,3,29,14,2,2,0,0
20260809,28,170,3,30,22,2,3,0,0
20260809,28,171,3,31,99,2,4,0,0
20260809,28,172,3,32,260,2,5,0,0
20260809,28,173,3,33,416,2,6,0,0
20260809,28,174,3,34,250,2,7,0,0
20260809,28,175,3,35,190,2,8,0,0
20260809,28,176,3,36,235,2,9,0,0
20260809,28,177,3,37,215,2,10,0,0
20260809,28,178,3,38,175,2,11,0,0
20260809,28,179,3,39,152,2,12,0,0
20260809,28,180,3,40,66,2,13,0,0
20260809,28,181,3,41,56,2,14,0,0
20260809,28,182,3,42,47,2,15,0,0
20260809,28,183,3,43,31,2,16,0,0
20260809,28,184,3,44,34,2,17,0,0
20260809,28,185,3,45,19,2,18,0,0
20260809,28,186,3,46,20,2,19,0,0
20260809,28,187,3,47,26,2,20,0,0
20260809,28,188,3,48,23,2,21,0,0
20260809,28,189,3,49,18,2,22,0,0
20260809,28,190,3,50,15,2,23,0,0
20260809,28,191,3,51,12,2,24,0,0
20260809,28,192,3,52,17,2,25,0,0
20260809,28,193,3,53,25,2,26,0,0
20260809,28,194,3,54,21,2,27,0,0
20260809,28,195,3,55,12,2,28,0,0
20260809,28,196,3,56,7,2,29,0,0
20260809,28,197,3,57,18,2,30,0,0
20260809,28,198,3,58,24,2,31,0,0
20260809,28,199,3,59,27,2,32,0,0
20260809,28,200,3,60,35,2,33,0,0
20260809,28,201,4,1,873,2,34,0,0
20260809,28,202,4,2,310,2,35,0,0
20260809,28,203,4,3,131,2,36,0,0
20260809,28,204,4,4,94,2,37,0,0
20260809,28,205,4,5,70,2,38,0,0
20260809,28,206,4,6,60,2,39,0,0
20260809,28,207,4,7,47,2,40,0,0
20260809,28,208,4,8,36,2,41,0,0
20260809,28,209,4,9,33,2,42,0,0
20260809,28,210,4,10,20,2,43,0,0
20260809,28,211,4,11,13,2,44,0,0
20260809,28,212,4,12,15,2,45,0,0
20260809,28,213,4,13,23,2,46,0,0
20260809,28,214,4,14,13,2,47,0,0
20260809,28,215,4,15,17,2,48,0,0
20260809,28,216,4,16,9,2,49,0,0
20260809,28,217,4,17,8,2,50,0,0
20260809,28,218,4,18,11,2,51,0,0
20260809,28,219,4,19,7,2,52,0,0
20260809,28,220,4,20,10,2,53,0,0
20260809,28,221,4,21,10,2,54,0,0
20260809,28,222,4,22,8,2,55,0,0
20260809,28,223,4,23,8,2,56,0,0
20260809,28,224,4,24,13,2,57,0,0
20260809,28,225,4,25,19,2,58,0,0
20260809,28,226,4,26,24,2,59,0,0
20260809,28,227,4,27,20,2,60,0,0
20260809,28,228,4,28,22,2,61,0,0
20260809,28,229,4,29,32,2,62,0,0
20260809,28,230,4,30,35,2,63,0,0
20260809,28,231,4,31,75,2,64,0,0
20260809,28,232,4,32,139,2,65,0,0
20260809,28,233,4,33,236,2,66,0,0
20260809,28,234,4,34,281,2,67,0,0
20260809,28,235,4,35,195,2,68,0,0
20260809,28,236,4,36,227,2,69,0,0
20260809,28,237,4,37,204,2,70,0,0
20260809,28,238,4,38,164,2,71,0,0
20260809,28,239,4,39,79,2,72,0,0
20260809,28,240,4,40,46,2,73,0,0
20260809,28,241,4,41,30,2,74,0,0
20260809,28,242,4,42,23,2,75,0,0
20260809,28,243,4,43,19,2,76,0,0
20260809,28,244,4,44,25,2,77,0,0
20260809,28,245,4,45,22,2,78,0,0
20260809,28,246,4,46,32,2,79,0,0
20260809,28,247,4,47,29,2,80,0,0
20260809,28,248,4,48,18,2,81,0,0
20260809,28,249,4,49,16,2,82,0,0
20260809,28,250,4,50,18,2,83,0,0
20260809,28,251,4,51,16,2,84,0,0
20260809,28,252,4,52,23,2,85,0,0
20260809,28,253,4,53,17,2,86,0,0
20260809,28,254,4,54,19,2,87,0,0
20260809,28,255,4,55,18,2,88,0,0
20260809,28,256,4,56,28,2,89,0,0
20260809,28,257,4,57,38,2,90,0,0
20260809,28,258,4,58,78,2,91,0,0
20260809,28,259,4,59,177,2,92,0,0
20260809,28,260,4,60,259,2,93,0,0
20260809,28,261,5,1,778,2,94,0,0
20260809,28,262,5,2,433,2,95,0,0
20260809,28,263,5,3,132,2,96,0,0
20260809,28,264,5,4,90,2,97,0,0
20260809,28,265,5,5,70,2,98,0,0
20260809,28,266,5,6,53,2,99,0,0
20260809,28,267,5,7,27,2,100,0,0
20260809,28,268,5,8,36,2,101,0,0
20260809,28,269,5,9,22,2,102,0,0
20260809,28,270,5,10,30,2,103,0,0
20260809,28,271,5,11,22,2,104,0,0
20260809,28,272,5,12,23,2,105,0,0
20260809,28,273,5,13,13,2,106,0,0
20260809,28,274,5,14,14,2,107,0,0
20260809,28,275,5,15,19,2,108,0,0
20260809,28,276,5,16,15,2,109,0,0
20260809,28,277,5,17,15,2,110,0,0
20260809,28,278,5,18,14,2,111,0,0
20260809,28,279,5,19,18,2,112,0,0
20260809,28,280,5,20,24,2,113,0,0
20260809,28,281,5,21,13,2,114,0,0
20260809,28,282,5,22,17,2,115,0,0
20260809,28,283,5,23,14,2,116,0,0
20260809,28,284,5,24,29,2,117,0,0
20260809,28,285,5,25,23,2,118,0,0
20260809,28,286,5,26,32,2,119,0,0
20260809,28,287,5,27,26,2,120,0,0
20260809,28,288,5,28,22,2,121,0,0
20260809,28,289,5,29,39,2,122,0,0
20260809,28,290,5,30,56,2,123,0,0
20260809,28,291,5,31,152,2,124,0,0
20260809,28,292,5,32,288,2,125,0,0
20260809,28,293,5,33,316,2,126,0,0
20260809,28,294,5,34,254,2,127,0,0
20260809,28,295,5,35,238,2,128,0,0
20260809,28,296,5,36,238,2,129,0,0
20260809,28,297,5,37,215,2,130,0,0
20260809,28,298,5,38,200,2,131,0,0
20260809,28,299,5,39,123,2,132,0,0
20260809,28,300,5,40,60,2,133,0,0
20260809,28,301,5,41,44,2,134,0,0
20260809,28,302,5,42,38,2,135,0,0
20260809,28,303,5,43,35,2,136,0,0
20260809,28,304,5,44,22,2,137,0,0
20260809,28,305,5,45,27,2,138,0,0
20260809,28,306,5,46,32,2,139,0,0
20260809,28,307,5,47,32,2,140,0,0
20260809,28,308,5,48,31,2,141,0,0
20260809,28,309,5,49,25,2,142,0,0
20260809,28,310,5,50,30,2,143,0,0
20260809,28,311,5,51,31,2,144,0,0
20260809,28,312,5,52,27,2,145,0,0
20260809,28,313,5,53,25,2,146,0,0
20260809,28,314,5,54,23,2,147,0,0
20260809,28,315,5,55,15,2,148,0,0
20260809,28,316,5,56,12,2,149,0,0
20260809,28,317,5,57,14,2,150,0,0
20260809,28,318,5,58,30,2,151,0,0
20260809,28,319,5,59,47,2,152,0,0
20260809,28,320,5,60,121,2,153,0,0
20260809,28,321,6,1,887,2,154,0,0
20260809,28,322,6,2,293,2,155,0,0
20260809,28,323,6,3,94,2,156,0,0
20260809,28,324,6,4,70,2,157,0,0
20260809,28,325,6,5,49,2,158,0,0
20260809,28,326,6,6,34,2,159,0,0
20260809,28,327,6,7,30,2,160,0,0
20260809,28,328,6,8,30,2,161,0,0
20260809,28,329,6,9,31,2,162,0,0
20260809,28,330,6,10,26,2,163,0,0
20260809,28,331,6,11,32,2,164,0,0
20260809,28,332,6,12,26,2,165,0,0
20260809,28,333,6,13,21,2,166,0,0
20260809,28,334,6,14,12,2,167,0,0
20260809,28,335,6,15,8,2,168,0,0
20260809,28,336,6,16,17,2,169,0,0
20260809,28,337,6,17,13,2,170,0,0
20260809,28,338,6,18,19,2,171,0,0
20260809,28,339,6,19,15,2,172,0,0
20260809,28,340,6,20,16,2,173,0,0
20260809,28,341,6,21,13,2,174,0,0
20260809,28,342,6,22,11,2,175,0,0
20260809,28,343,6,23,14,2,176,0,0
20260809,28,344,6,24,12,2,177,0,0
20260809,28,345,6,25,10,2,178,0,0
20260809,28,346,6,26,14,2,179,0,0
20260809,28,347,6,27,14,2,180,0,0
20260809,28,348,6,28,14,2,181,0,0
20260809,28,349,6,29,25,2,182,0,0
20260809,28,350,6,30,35,2,183,0,0
20260809,28,351,6,31,79,2,184,0,0
20260809,28,352,6,32,159,2,185,0,0
20260809,28,353,6,33,226,2,186,0,0
20260809,28,354,6,34,261,2,187,0,0
20260809,28,355,6,35,213,2,188,0,0
20260809,28,356,6,36,213,2,189,0,0
20260809,28,357,6,37,205,2,190,0,0
20260809,28,358,6,38,235,2,191,0,0
20260809,28,359,6,39,234,2,192,0,0
20260809,28,360,6,40,210,2,193,0,0
20260809,28,361,6,41,98,2,194,0,0
20260809,28,362,6,42,41,2,195,0,0
20260809,28,363,6,43,31,2,196,0,0
20260809,28,364,6,44,17,2,197,0,0
20260809,28,365,6,45,15,2,198,0,0
20260809,28,366,6,46,6,2,199,0,0
20260809,28,367,6,47,6,2,200,0,0
20260809,28,368,6,48,0,0,0,1,1
20260809,29,1,1,1,250,168,1,0,0
20260809,29,2,1,2,202,168,2,0,0
20260809,29,3,1,3,126,126,0,1,0
20260809,29,4,1,4,90,90,0,1,0
20260809,29,5,1,5,99,90,1,0,0
20260809,29,6,1,6,70,70,0,1,0
20260809,29,7,1,7,69,69,0,1,0
20260809,29,8,1,8,51,51,0,1,0
20260809,29,9,1,9,48,48,0,1,0
20260809,29,10,1,10,51,48,1,0,0
20260809,29,11,1,11,56,48,2,0,0
20260809,29,12,1,12,41,41,0,1,0
20260809,29,13,1,13,44,41,1,0,0
20260809,29,14,1,14,33,33,0,1,0
20260809,29,15,1,15,23,23,0,1,0
20260809,29,16,1,16,27,23,1,0,0
20260809,29,17,1,17,30,23,2,0,0
20260809,29,18,1,18,30,23,3,0,0
20260809,29,19,1,19,28,23,4,0,0
20260809,29,20,1,20,24,23,5,0,0
20260809,29,21,1,21,23,23,6,0,0
20260809,29,22,1,22,15,15,0,1,0
20260809,29,23,1,23,25,15,1,0,0
20260809,29,24,1,24,21,15,2,0,0
20260809,29,25,1,25,33,15,3,0,0
20260809,29,26,1,26,20,15,4,0,0
20260809,29,27,1,27,23,15,5,0,0
20260809,29,28,1,28,18,15,6,0,0
20260809,29,29,1,29,22,15,7,0,0
20260809,29,30,1,30,26,15,8,0,0
20260809,29,31,1,31,28,15,9,0,0
20260809,29,32,1,32,30,15,10,0,0
20260809,29,33,1,33,23,15,11,0,0
20260809,29,34,1,34,23,15,12,0,0
20260809,29,35,1,35,25,15,13,0,0
20260809,29,36,1,36,22,15,14,0,0
20260809,29,37,1,37,23,15,15,0,0
20260809,29,38,1,38,17,15,16,0,0
20260809,29,39,1,39,21,15,17,0,0
20260809,29,40,1,40,25,15,18,0,0
20260809,29,41,1,41,19,15,19,0,0
20260809,29,42,1,42,17,15,20,0,0
20260809,29,43,1,43,14,14,0,1,0
20260809,29,44,1,44,12,12,0,1,0
20260809,29,45,1,45,19,12,1,0,0
20260809,29,46,1,46,21,12,2,0,0
20260809,29,47,1,47,20,12,3,0,0
20260809,29,48,1,48,23,12,4,0,0
20260809,29,49,1,49,18,12,5,0,0
20260809,29,50,1,50,19,12,6,0,0
20260809,29,51,1,51,25,12,7,0,0
20260809,29,52,1,52,22,12,8,0,0
20260809,29,53,1,53,13,12,9,0,0
20260809,29,54,1,54,8,8,0,1,0
20260809,29,55,1,55,11,8,1,0,0
20260809,29,56,1,56,11,8,2,0,0
20260809,29,57,1,57,10,8,3,0,0
20260809,29,58,1,58,7,7,0,1,0
20260809,29,59,1,59,6,6,0,1,0
20260809,29,60,1,60,8,6,1,0,0
20260809,29,61,1,61,5,5,0,1,0
20260809,29,62,1,62,5,5,1,0,0
20260809,29,63,1,63,6,5,2,0,0
20260809,29,64,1,64,8,5,3,0,0
20260809,29,65,1,65,4,4,0,1,0
20260809,29,66,1,66,8,4,1,0,0
20260809,29,67,1,67,7,4,2,0,0
20260809,29,68,1,68,9,4,3,0,0
20260809,29,69,1,69,7,4,4,0,0
20260809,29,70,1,70,7,4,5,0,0
20260809,29,71,1,71,5,4,6,0,0
20260809,29,72,1,72,6,4,7,0,0
20260809,29,73,1,73,7,4,8,0,0
20260809,29,74,1,74,4,4,9,0,0
20260809,29,75,1,75,8,4,10,0,0
20260809,29,76,1,76,9,4,11,0,0
20260809,29,77,1,77,7,4,12,0,0
20260809,29,78,1,78,5,4,13,0,0
20260809,29,79,1,79,9,4,14,0,0
20260809,29,80,1,80,8,4,15,0,0
20260809,29,81,2,1,851,4,16,0,0
20260809,29,82,2,2,876,4,17,0,0
20260809,29,83,2,3,860,4,18,0,0
20260809,29,84,2,4,128,4,19,0,0
20260809,29,85,2,5,835,4,20,0,0
20260809,29,86,2,6,849,4,21,0,0
20260809,29,87,2,7,151,4,22,0,0
20260809,29,88,2,8,113,4,23,0,0
20260809,29,89,2,9,94,4,24,0,0
20260809,29,90,2,10,70,4,25,0,0
20260809,29,91,2,11,50,4,26,0,0
20260809,29,92,2,12,43,4,27,0,0
20260809,29,93,2,13,36,4,28,0,0
20260809,29,94,2,14,24,4,29,0,0
20260809,29,95,2,15,18,4,30,0,0
20260809,29,96,2,16,17,4,31,0,0
20260809,29,97,2,17,16,4,32,0,0
20260809,29,98,2,18,11,4,33,0,0
20260809,29,99,2,19,16,4,34,0,0
20260809,29,100,2,20,11,4,35,0,0
20260809,29,101,2,21,9,4,36,0,0
20260809,29,102,2,22,12,4,37,0,0
20260809,29,103,2,23,10,4,38,0,0
20260809,29,104,2,24,5,4,39,0,0
20260809,29,105,2,25,5,4,40,0,0
20260809,29,106,2,26,12,4,41,0,0
20260809,29,107,2,27,11,4,42,0,0
20260809,29,108,2,28,22,4,43,0,0
20260809,29,109,2,29,23,4,44,0,0
20260809,29,110,2,30,18,4,45,0,0
20260809,29,111,2,31,19,4,46,0,0
20260809,29,112,2,32,23,4,47,0,0
20260809,29,113,2,33,24,4,48,0,0
20260809,29,114,2,34,21,4,49,0,0
20260809,29,115,2,35,39,4,50,0,0
20260809,29,116,2,36,43,4,51,0,0
20260809,29,117,2,37,80,4,52,0,0
20260809,29,118,2,38,208,4,53,0,0
20260809,29,119,2,39,322,4,54,0,0
20260809,29,120,2,40,244,4,55,0,0
20260809,29,121,2,41,238,4,56,0,0
20260809,29,122,2,42,218,4,57,0,0
20260809,29,123,2,43,139,4,58,0,0
20260809,29,124,2,44,47,4,59,0,0
20260809,29,125,2,45,15,4,60,0,0
20260809,29,126,2,46,9,4,61,0,0
20260809,29,127,2,47,2,2,0,1,0
20260809,29,128,2,48,5,2,1,0,0
20260809,29,129,2,49,2,2,2,0,0
20260809,29,130,2,50,2,2,3,0,0
20260809,29,131,2,51,1,1,0,1,0
20260809,29,132,2,52,3,1,1,0,0
20260809,29,133,2,53,4,1,2,0,0
20260809,29,134,2,54,2,1,3,0,0
20260809,29,135,2,55,1,1,4,0,0
20260809,29,136,2,56,1,1,5,0,0
20260809,29,137,2,57,0,0,0,1,1
20260809,30,1,1,1,250,177,1,0,0
20260809,30,2,1,2,162,162,0,1,0
20260809,30,3,1,3,108,108,0,1,0
20260809,30,4,1,4,95,95,0,1,0
20260809,30,5,1,5,86,86,0,1,0
20260809,30,6,1,6,61,61,0,1,0
20260809,30,7,1,7,55,55,0,1,0
20260809,30,8,1,8,63,55,1,0,0
20260809,30,9,1,9,47,47,0,1,0
20260809,30,10,1,10,47,47,1,0,0
20260809,30,11,1,11,40,40,0,1,0
20260809,30,12,1,12,34,34,0,1,0
20260809,30,13,1,13,33,33,0,1,0
20260809,30,14,1,14,31,31,0,1,0
20260809,30,15,1,15,32,31,1,0,0
20260809,30,16,1,16,29,29,0,1,0
20260809,30,17,1,17,31,29,1,0,0
20260809,30,18,1,18,32,29,2,0,0
20260809,30,19,1,19,28,28,0,1,0
20260809,30,20,1,20,23,23,0,1,0
20260809,30,21,1,21,20,20,0,1,0
20260809,30,22,1,22,24,20,1,0,0
20260809,30,23,1,23,22,20,2,0,0
20260809,30,24,1,24,21,20,3,0,0
20260809,30,25,1,25,14,14,0,1,0
20260809,30,26,1,26,16,14,1,0,0
20260809,30,27,1,27,16,14,2,0,0
20260809,30,28,1,28,14,14,3,0,0
20260809,30,29,1,29,15,14,4,0,0
20260809,30,30,1,30,8,8,0,1,0
20260809,30,31,1,31,17,8,1,0,0
20260809,30,32,1,32,12,8,2,0,0
20260809,30,33,1,33,14,8,3,0,0
20260809,30,34,1,34,11,8,4,0,0
20260809,30,35,1,35,18,8,5,0,0
20260809,30,36,1,36,19,8,6,0,0
20260809,30,37,1,37,19,8,7,0,0
20260809,30,38,1,38,16,8,8,0,0
20260809,30,39,1,39,14,8,9,0,0
20260809,30,40,1,40,15,8,10,0,0
20260809,30,41,1,41,12,8,11,0,0
20260809,30,42,1,42,12,8,12,0,0
20260809,30,43,1,43,11,8,13,0,0
20260809,30,44,1,44,8,8,14,0,0
20260809,30,45,1,45,10,8,15,0,0
20260809,30,46,1,46,8,8,16,0,0
20260809,30,47,1,47,3,3,0,1,0
20260809,30,48,1,48,8,3,1,0,0
20260809,30,49,1,49,6,3,2,0,0
20260809,30,50,1,50,8,3,3,0,0
20260809,30,51,1,51,5,3,4,0,0
20260809,30,52,1,52,4,3,5,0,0
20260809,30,53,1,53,4,3,6,0,0
20260809,30,54,1,54,4,3,7,0,0
20260809,30,55,1,55,1,1,0,1,0
20260809,30,56,1,56,0,0,0,1,1
20260809,31,1,1,1,192,153,1,0,0
20260809,31,2,1,2,170,153,2,0,0
20260809,31,3,1,3,92,92,0,1,0
20260809,31,4,1,4,94,92,1,0,0
20260809,31,5,1,5,73,73,0,1,0
20260809,31,6,1,6,63,63,0,1,0
20260809,31,7,1,7,60,60,0,1,0
20260809,31,8,1,8,49,49,0,1,0
20260809,31,9,1,9,43,43,0,1,0
20260809,31,10,1,10,38,38,0,1,0
20260809,31,11,1,11,39,38,1,0,0
20260809,31,12,1,12,36,36,0,1,0
20260809,31,13,1,13,28,28,0,1,0
20260809,31,14,1,14,22,22,0,1,0
20260809,31,15,1,15,19,19,0,1,0
20260809,31,16,1,16,6,6,0,1,0
20260809,31,17,1,17,2,2,0,1,0
20260809,31,18,1,18,1,1,0,1,0
20260809,31,19,1,19,1,1,1,0,0
20260809,31,20,1,20,3,1,2,0,0
20260809,31,21,1,21,1,1,3,0,0
20260809,31,22,1,22,0,0,0,1,1
20260810,0,1,1,1,401,257,1,0,0
20260810,0,2,1,2,258,257,2,0,0
20260810,0,3,1,3,193,193,0,1,0
20260810,0,4,1,4,209,193,1,0,0
20260810,0,5,1,5,183,183,0,1,0
20260810,0,6,1,6,167,167,0,1,0
20260810,0,7,1,7,151,151,0,1,0
20260810,0,8,1,8,128,128,0,1,0
20260810,0,9,1,9,135,128,1,0,0
20260810,0,10,1,10,122,122,0,1,0
20260810,0,11,1,11,102,102,0,1,0
20260810,0,12,1,12,73,73,0,1,0
20260810,0,13,1,13,64,64,0,1,0
20260810,0,14,1,14,66,64,1,0,0
20260810,0,15,1,15,63,63,0,1,0
20260810,0,16,1,16,69,63,1,0,0
20260810,0,17,1,17,51,51,0,1,0
20260810,0,18,1,18,39,39,0,1,0
20260810,0,19,1,19,52,39,1,0,0
20260810,0,20,1,20,48,39,2,0,0
20260810,0,21,1,21,33,33,0,1,0
20260810,0,22,1,22,33,33,1,0,0
20260810,0,23,1,23,31,31,0,1,0
20260810,0,24,1,24,25,25,0,1,0
20260810,0,25,1,25,20,20,0,1,0
20260810,0,26,1,26,34,20,1,0,0
20260810,0,27,1,27,17,17,0,1,0
20260810,0,28,1,28,20,17,1,0,0
20260810,0,29,1,29,19,17,2,0,0
20260810,0,30,1,30,20,17,3,0,0
20260810,0,31,1,31,17,17,4,0,0
20260810,0,32,1,32,20,17,5,0,0
20260810,0,33,1,33,18,17,6,0,0
20260810,0,34,1,34,19,17,7,0,0
20260810,0,35,1,35,19,17,8,0,0
20260810,0,36,1,36,15,15,0,1,0
20260810,0,37,1,37,18,15,1,0,0
20260810,0,38,1,38,16,15,2,0,0
20260810,0,39,1,39,17,15,3,0,0
20260810,0,40,1,40,20,15,4,0,0
20260810,0,41,1,41,15,15,5,0,0
20260810,0,42,1,42,16,15,6,0,0
20260810,0,43,1,43,14,14,0,1,0
20260810,0,44,1,44,15,14,1,0,0
20260810,0,45,1,45,11,11,0,1,0
20260810,0,46,1,46,16,11,1,0,0
20260810,0,47,1,47,15,11,2,0,0
20260810,0,48,1,48,16,11,3,0,0
20260810,0,49,1,49,12,11,4,0,0
20260810,0,50,1,50,13,11,5,0,0
20260810,0,51,1,51,17,11,6,0,0
20260810,0,52,1,52,15,11,7,0,0
20260810,0,53,1,53,17,11,8,0,0
20260810,0,54,1,54,13,11,9,0,0
20260810,0,55,1,55,12,11,10,0,0
20260810,0,56,1,56,12,11,11,0,0
20260810,0,57,1,57,19,11,12,0,0
20260810,0,58,1,58,9,9,0,1,0
20260810,0,59,1,59,6,6,0,1,0
20260810,0,60,1,60,5,5,0,1,0
20260810,0,61,1,61,7,5,1,0,0
20260810,0,62,1,62,6,5,2,0,0
20260810,0,63,1,63,3,3,0,1,0
20260810,0,64,1,64,2,2,0,1,0
20260810,0,65,1,65,3,2,1,0,0
20260810,0,66,1,66,2,2,2,0,0
20260810,0,67,1,67,0,0,0,1,1
20260810,1,1,1,1,259,183,1,0,0
20260810,1,2,1,2,171,171,0,1,0
20260810,1,3,1,3,121,121,0,1,0
20260810,1,4,1,4,135,121,1,0,0
20260810,1,5,1,5,83,83,0,1,0
20260810,1,6,1,6,79,79,0,1,0
20260810,1,7,1,7,63,63,0,1,0
20260810,1,8,1,8,56,56,0,1,0
20260810,1,9,1,9,36,36,0,1,0
20260810,1,10,1,10,37,36,1,0,0
20260810,1,11,1,11,36,36,2,0,0
20260810,1,12,1,12,36,36,3,0,0
20260810,1,13,1,13,33,33,0,1,0
20260810,1,14,1,14,15,15,0,1,0
20260810,1,15,1,15,16,15,1,0,0
20260810,1,16,1,16,14,14,0,1,0
20260810,1,17,1,17,11,11,0,1,0
20260810,1,18,1,18,11,11,1,0,0
20260810,1,19,1,19,16,11,2,0,0
20260810,1,20,1,20,7,7,0,1,0
20260810,1,21,1,21,9,7,1,0,0
20260810,1,22,1,22,8,7,2,0,0
20260810,1,23,1,23,7,7,3,0,0
20260810,1,24,1,24,6,6,0,1,0
20260810,1,25,1,25,4,4,0,1,0
20260810,1,26,1,26,9,4,1,0,0
20260810,1,27,1,27,6,4,2,0,0
20260810,1,28,1,28,7,4,3,0,0
20260810,1,29,1,29,6,4,4,0,0
20260810,1,30,1,30,3,3,0,1,0
20260810,1,31,1,31,0,0,0,1,1
20260810,2,1,1,1,230,173,1,0,0
20260810,2,2,1,2,180,173,2,0,0
20260810,2,3,1,3,111,111,0,1,0
20260810,2,4,1,4,108,108,0,1,0
20260810,2,5,1,5,91,91,0,1,0
20260810,2,6,1,6,75,75,0,1,0
20260810,2,7,1,7,67,67,0,1,0
20260810,2,8,1,8,50,50,0,1,0
20260810,2,9,1,9,39,39,0,1,0
20260810,2,10,1,10,47,39,1,0,0
20260810,2,11,1,11,44,39,2,0,0
20260810,2,12,1,12,42,39,3,0,0
20260810,2,13,1,13,21,21,0,1,0
20260810,2,14,1,14,17,17,0,1,0
20260810,2,15,1,15,12,12,0,1,0
20260810,2,16,1,16,16,12,1,0,0
20260810,2,17,1,17,11,11,0,1,0
20260810,2,18,1,18,9,9,0,1,0
20260810,2,19,1,19,16,9,1,0,0
20260810,2,20,1,20,14,9,2,0,0
20260810,2,21,1,21,17,9,3,0,0
20260810,2,22,1,22,14,9,4,0,0
20260810,2,23,1,23,14,9,5,0,0
20260810,2,24,1,24,15,9,6,0,0
20260810,2,25,1,25,17,9,7,0,0
20260810,2,26,1,26,15,9,8,0,0
20260810,2,27,1,27,6,6,0,1,0
20260810,2,28,1,28,8,6,1,0,0
20260810,2,29,1,29,8,6,2,0,0
20260810,2,30,1,30,6,6,3,0,0
20260810,2,31,1,31,8,6,4,0,0
20260810,2,32,1,32,9,6,5,0,0
20260810,2,33,1,33,5,5,0,1,0
20260810,2,34,1,34,8,5,1,0,0
20260810,2,35,1,35,11,5,2,0,0
20260810,2,36,1,36,10,5,3,0,0
20260810,2,37,1,37,5,5,4,0,0
20260810,2,38,1,38,5,5,5,0,0
20260810,2,39,1,39,7,5,6,0,0
20260810,2,40,1,40,5,5,7,0,0
20260810,2,41,1,41,9,5,8,0,0
20260810,2,42,1,42,7,5,9,0,0
20260810,2,43,1,43,8,5,10,0,0
20260810,2,44,1,44,8,5,11,0,0
20260810,2,45,1,45,8,5,12,0,0
20260810,2,46,1,46,9,5,13,0,0
20260810,2,47,1,47,7,5,14,0,0
20260810,2,48,1,48,5,5,15,0,0
20260810,2,49,1,49,11,5,16,0,0
20260810,2,50,1,50,11,5,17,0,0
20260810,2,51,1,51,8,5,18,0,0
20260810,2,52,1,52,8,5,19,0,0
20260810,2,53,1,53,5,5,20,0,0
20260810,2,54,1,54,8,5,21,0,0
20260810,2,55,1,55,7,5,22,0,0
20260810,2,56,1,56,5,5,23,0,0
20260810,2,57,1,57,8,5,24,0,0
20260810,2,58,1,58,11,5,25,0,0
20260810,2,59,1,59,5,5,26,0,0
20260810,2,60,1,60,8,5,27,0,0
20260810,2,61,1,61,11,5,28,0,0
20260810,2,62,1,62,5,5,29,0,0
20260810,2,63,1,63,8,5,30,0,0
20260810,2,64,1,64,7,5,31,0,0
20260810,2,65,1,65,8,5,32,0,0
20260810,2,66,1,66,2,2,0,1,0
20260810,2,67,1,67,6,2,1,0,0
20260810,2,68,1,68,7,2,2,0,0
20260810,2,69,1,69,8,2,3,0,0
20260810,2,70,1,70,5,2,4,0,0
20260810,2,71,1,71,8,2,5,0,0
20260810,2,72,1,72,5,2,6,0,0
20260810,2,73,1,73,3,2,7,0,0
20260810,2,74,1,74,0,0,0,1,1
20260810,3,1,1,1,251,184,1,0,0
20260810,3,2,1,2,165,165,0,1,0
20260810,3,3,1,3,111,111,0,1,0
20260810,3,4,1,4,105,105,0,1,0
20260810,3,5,1,5,76,76,0,1,0
20260810,3,6,1,6,65,65,0,1,0
20260810,3,7,1,7,59,59,0,1,0
20260810,3,8,1,8,52,52,0,1,0
20260810,3,9,1,9,50,50,0,1,0
20260810,3,10,1,10,51,50,1,0,0
20260810,3,11,1,11,32,32,0,1,0
20260810,3,12,1,12,30,30,0,1,0
20260810,3,13,1,13,15,15,0,1,0
20260810,3,14,1,14,15,15,1,0,0
20260810,3,15,1,15,8,8,0,1,0
20260810,3,16,1,16,12,8,1,0,0
20260810,3,17,1,17,14,8,2,0,0
20260810,3,18,1,18,12,8,3,0,0
20260810,3,19,1,19,18,8,4,0,0
20260810,3,20,1,20,11,8,5,0,0
20260810,3,21,1,21,13,8,6,0,0
20260810,3,22,1,22,8,8,7,0,0
20260810,3,23,1,23,15,8,8,0,0
20260810,3,24,1,24,7,7,0,1,0
20260810,3,25,1,25,10,7,1,0,0
20260810,3,26,1,26,8,7,2,0,0
20260810,3,27,1,27,8,7,3,0,0
20260810,3,28,1,28,8,7,4,0,0
20260810,3,29,1,29,4,4,0,1,0
20260810,3,30,1,30,6,4,1,0,0
20260810,3,31,1,31,4,4,2,0,0
20260810,3,32,1,32,5,4,3,0,0
20260810,3,33,1,33,7,4,4,0,0
20260810,3,34,1,34,4,4,5,0,0
20260810,3,35,1,35,5,4,6,0,0
20260810,3,36,1,36,8,4,7,0,0
20260810,3,37,1,37,6,4,8,0,0
20260810,3,38,1,38,5,4,9,0,0
20260810,3,39,1,39,8,4,10,0,0
20260810,3,40,1,40,5,4,11,0,0
20260810,3,41,1,41,2,2,0,1,0
20260810,3,42,1,42,7,2,1,0,0
20260810,3,43,1,43,3,2,2,0,0
20260810,3,44,1,44,3,2,3,0,0
20260810,3,45,1,45,4,2,4,0,0
20260810,3,46,1,46,7,2,5,0,0
20260810,3,47,1,47,5,2,6,0,0
20260810,3,48,1,48,3,2,7,0,0
20260810,3,49,1,49,6,2,8,0,0
20260810,3,50,1,50,5,2,9,0,0
20260810,3,51,1,51,2,2,10,0,0
20260810,3,52,1,52,7,2,11,0,0
20260810,3,53,1,53,5,2,12,0,0
20260810,3,54,1,54,5,2,13,0,0
20260810,3,55,1,55,2,2,14,0,0
20260810,3,56,1,56,4,2,15,0,0
20260810,3,57,1,57,7,2,16,0,0
20260810,3,58,1,58,5,2,17,0,0
20260810,3,59,1,59,5,2,18,0,0
20260810,3,60,1,60,7,2,19,0,0
20260810,3,61,1,61,8,2,20,0,0
20260810,3,62,1,62,2,2,21,0,0
20260810,3,63,1,63,2,2,22,0,0
20260810,3,64,1,64,2,2,23,0,0
20260810,3,65,1,65,2,2,24,0,0
20260810,3,66,1,66,4,2,25,0,0
20260810,3,67,1,67,5,2,26,0,0
20260810,3,68,1,68,7,2,27,0,0
20260810,3,69,1,69,5,2,28,0,0
20260810,3,70,1,70,4,2,29,0,0
20260810,3,71,1,71,5,2,30,0,0
20260810,3,72,1,72,2,2,31,0,0
20260810,3,73,1,73,2,2,32,0,0
20260810,3,74,1,74,3,2,33,0,0
20260810,3,75,1,75,5,2,34,0,0
20260810,3,76,1,76,2,2,35,0,0
20260810,3,77,1,77,5,2,36,0,0
20260810,3,78,1,78,5,2,37,0,0
20260810,3,79,1,79,3,2,38,0,0
20260810,3,80,1,80,9,2,39,0,0
20260810,3,81,2,1,872,2,40,0,0
20260810,3,82,2,2,858,2,41,0,0
20260810,3,83,2,3,885,2,42,0,0
20260810,3,84,2,4,811,2,43,0,0
20260810,3,85,2,5,853,2,44,0,0
20260810,3,86,2,6,706,2,45,0,0
20260810,3,87,2,7,717,2,46,0,0
20260810,3,88,2,8,165,2,47,0,0
20260810,3,89,2,9,105,2,48,0,0
20260810,3,90,2,10,97,2,49,0,0
20260810,3,91,2,11,62,2,50,0,0
20260810,3,92,2,12,60,2,51,0,0
20260810,3,93,2,13,37,2,52,0,0
20260810,3,94,2,14,36,2,53,0,0
20260810,3,95,2,15,27,2,54,0,0
20260810,3,96,2,16,23,2,55,0,0
20260810,3,97,2,17,18,2,56,0,0
20260810,3,98,2,18,9,2,57,0,0
20260810,3,99,2,19,23,2,58,0,0
20260810,3,100,2,20,23,2,59,0,0
20260810,3,101,2,21,25,2,60,0,0
20260810,3,102,2,22,16,2,61,0,0
20260810,3,103,2,23,18,2,62,0,0
20260810,3,104,2,24,16,2,63,0,0
20260810,3,105,2,25,19,2,64,0,0
20260810,3,106,2,26,20,2,65,0,0
20260810,3,107,2,27,14,2,66,0,0
20260810,3,108,2,28,21,2,67,0,0
20260810,3,109,2,29,18,2,68,0,0
20260810,3,110,2,30,19,2,69,0,0
20260810,3,111,2,31,17,2,70,0,0
20260810,3,112,2,32,22,2,71,0,0
20260810,3,113,2,33,26,2,72,0,0
20260810,3,114,2,34,33,2,73,0,0
20260810,3,115,2,35,36,2,74,0,0
20260810,3,116,2,36,36,2,75,0,0
20260810,3,117,2,37,46,2,76,0,0
20260810,3,118,2,38,82,2,77,0,0
20260810,3,119,2,39,122,2,78,0,0
20260810,3,120,2,40,214,2,79,0,0
20260810,3,121,2,41,185,2,80,0,0
20260810,3,122,2,42,218,2,81,0,0
20260810,3,123,2,43,205,2,82,0,0
20260810,3,124,2,44,197,2,83,0,0
20260810,3,125,2,45,171,2,84,0,0
20260810,3,126,2,46,156,2,85,0,0
20260810,3,127,2,47,72,2,86,0,0
20260810,3,128,2,48,46,2,87,0,0
20260810,3,129,2,49,43,2,88,0,0
20260810,3,130,2,50,35,2,89,0,0
20260810,3,131,2,51,22,2,90,0,0
20260810,3,132,2,52,20,2,91,0,0
20260810,3,133,2,53,15,2,92,0,0
20260810,3,134,2,54,5,2,93,0,0
20260810,3,135,2,55,11,2,94,0,0
20260810,3,136,2,56,11,2,95,0,0
20260810,3,137,2,57,9,2,96,0,0
20260810,3,138,2,58,13,2,97,0,0
20260810,3,139,2,59,11,2,98,0,0
20260810,3,140,2,60,11,2,99,0,0
20260810,3,141,3,1,863,2,100,0,0
20260810,3,142,3,2,131,2,101,0,0
20260810,3,143,3,3,62,2,102,0,0
20260810,3,144,3,4,49,2,103,0,0
20260810,3,145,3,5,38,2,104,0,0
20260810,3,146,3,6,33,2,105,0,0
20260810,3,147,3,7,32,2,106,0,0
20260810,3,148,3,8,27,2,107,0,0
20260810,3,149,3,9,24,2,108,0,0
20260810,3,150,3,10,21,2,109,0,0
20260810,3,151,3,11,4,2,110,0,0
20260810,3,152,3,12,0,0,0,1,1
20260810,4,1,1,1,302,178,1,0,0
20260810,4,2,1,2,224,178,2,0,0
20260810,4,3,1,3,142,142,0,1,0
20260810,4,4,1,4,178,142,1,0,0
20260810,4,5,1,5,151,142,2,0,0
20260810,4,6,1,6,133,133,0,1,0
20260810,4,7,1,7,117,117,0,1,0
20260810,4,8,1,8,111,111,0,1,0
20260810,4,9,1,9,114,111,1,0,0
20260810,4,10,1,10,114,111,2,0,0
20260810,4,11,1,11,99,99,0,1,0
20260810,4,12,1,12,89,89,0,1,0
20260810,4,13,1,13,99,89,1,0,0
20260810,4,14,1,14,105,89,2,0,0
20260810,4,15,1,15,97,89,3,0,0
20260810,4,16,1,16,94,89,4,0,0
20260810,4,17,1,17,86,86,0,1,0
20260810,4,18,1,18,80,80,0,1,0
20260810,4,19,1,19,77,77,0,1,0
20260810,4,20,1,20,87,77,1,0,0
20260810,4,21,1,21,81,77,2,0,0
20260810,4,22,1,22,79,77,3,0,0
20260810,4,23,1,23,89,77,4,0,0
20260810,4,24,1,24,86,77,5,0,0
20260810,4,25,1,25,79,77,6,0,0
20260810,4,26,1,26,78,77,7,0,0
20260810,4,27,1,27,85,77,8,0,0
20260810,4,28,1,28,88,77,9,0,0
20260810,4,29,1,29,80,77,10,0,0
20260810,4,30,1,30,68,68,0,1,0
20260810,4,31,1,31,89,68,1,0,0
20260810,4,32,1,32,83,68,2,0,0
20260810,4,33,1,33,74,68,3,0,0
20260810,4,34,1,34,80,68,4,0,0
20260810,4,35,1,35,98,68,5,0,0
20260810,4,36,1,36,86,68,6,0,0
20260810,4,37,1,37,83,68,7,0,0
20260810,4,38,1,38,88,68,8,0,0
20260810,4,39,1,39,68,68,9,0,0
20260810,4,40,1,40,85,68,10,0,0
20260810,4,41,1,41,67,67,0,1,0
20260810,4,42,1,42,66,66,0,1,0
20260810,4,43,1,43,79,66,1,0,0
20260810,4,44,1,44,78,66,2,0,0
20260810,4,45,1,45,75,66,3,0,0
20260810,4,46,1,46,78,66,4,0,0
20260810,4,47,1,47,81,66,5,0,0
20260810,4,48,1,48,83,66,6,0,0
20260810,4,49,1,49,66,66,7,0,0
20260810,4,50,1,50,73,66,8,0,0
20260810,4,51,1,51,72,66,9,0,0
20260810,4,52,1,52,65,65,0,1,0
20260810,4,53,1,53,59,59,0,1,0
20260810,4,54,1,54,66,59,1,0,0
20260810,4,55,1,55,66,59,2,0,0
20260810,4,56,1,56,65,59,3,0,0
20260810,4,57,1,57,56,56,0,1,0
20260810,4,58,1,58,62,56,1,0,0
20260810,4,59,1,59,60,56,2,0,0
20260810,4,60,1,60,67,56,3,0,0
20260810,4,61,1,61,61,56,4,0,0
20260810,4,62,1,62,62,56,5,0,0
20260810,4,63,1,63,63,56,6,0,0
20260810,4,64,1,64,65,56,7,0,0
20260810,4,65,1,65,69,56,8,0,0
20260810,4,66,1,66,62,56,9,0,0
20260810,4,67,1,67,62,56,10,0,0
20260810,4,68,1,68,56,56,11,0,0
20260810,4,69,1,69,76,56,12,0,0
20260810,4,70,1,70,75,56,13,0,0
20260810,4,71,1,71,53,53,0,1,0
20260810,4,72,1,72,59,53,1,0,0
20260810,4,73,1,73,72,53,2,0,0
20260810,4,74,1,74,78,53,3,0,0
20260810,4,75,1,75,69,53,4,0,0
20260810,4,76,1,76,62,53,5,0,0
20260810,4,77,1,77,70,53,6,0,0
20260810,4,78,1,78,68,53,7,0,0
20260810,4,79,1,79,69,53,8,0,0
20260810,4,80,1,80,69,53,9,0,0
20260810,4,81,2,1,749,53,10,0,0
20260810,4,82,2,2,516,53,11,0,0
20260810,4,83,2,3,437,53,12,0,0
20260810,4,84,2,4,156,53,13,0,0
20260810,4,85,2,5,112,53,14,0,0
20260810,4,86,2,6,107,53,15,0,0
20260810,4,87,2,7,89,53,16,0,0
20260810,4,88,2,8,80,53,17,0,0
20260810,4,89,2,9,90,53,18,0,0
20260810,4,90,2,10,64,53,19,0,0
20260810,4,91,2,11,63,53,20,0,0
20260810,4,92,2,12,69,53,21,0,0
20260810,4,93,2,13,59,53,22,0,0
20260810,4,94,2,14,43,43,0,1,0
20260810,4,95,2,15,44,43,1,0,0
20260810,4,96,2,16,39,39,0,1,0
20260810,4,97,2,17,42,39,1,0,0
20260810,4,98,2,18,42,39,2,0,0
20260810,4,99,2,19,36,36,0,1,0
20260810,4,100,2,20,39,36,1,0,0
20260810,4,101,2,21,40,36,2,0,0
20260810,4,102,2,22,36,36,3,0,0
20260810,4,103,2,23,25,25,0,1,0
20260810,4,104,2,24,25,25,1,0,0
20260810,4,105,2,25,26,25,2,0,0
20260810,4,106,2,26,29,25,3,0,0
20260810,4,107,2,27,31,25,4,0,0
20260810,4,108,2,28,26,25,5,0,0
20260810,4,109,2,29,19,19,0,1,0
20260810,4,110,2,30,24,19,1,0,0
20260810,4,111,2,31,33,19,2,0,0
20260810,4,112,2,32,29,19,3,0,0
20260810,4,113,2,33,29,19,4,0,0
20260810,4,114,2,34,20,19,5,0,0
20260810,4,115,2,35,21,19,6,0,0
20260810,4,116,2,36,20,19,7,0,0
20260810,4,117,2,37,23,19,8,0,0
20260810,4,118,2,38,27,19,9,0,0
20260810,4,119,2,39,49,19,10,0,0
20260810,4,120,2,40,31,19,11,0,0
20260810,4,121,2,41,16,16,0,1,0
20260810,4,122,2,42,19,16,1,0,0
20260810,4,123,2,43,24,16,2,0,0
20260810,4,124,2,44,28,16,3,0,0
20260810,4,125,2,45,31,16,4,0,0
20260810,4,126,2,46,27,16,5,0,0
20260810,4,127,2,47,31,16,6,0,0
20260810,4,128,2,48,28,16,7,0,0
20260810,4,129,2,49,40,16,8,0,0
20260810,4,130,2,50,41,16,9,0,0
20260810,4,131,2,51,22,16,10,0,0
20260810,4,132,2,52,30,16,11,0,0
20260810,4,133,2,53,20,16,12,0,0
20260810,4,134,2,54,15,15,0,1,0
20260810,4,135,2,55,19,15,1,0,0
20260810,4,136,2,56,20,15,2,0,0
20260810,4,137,2,57,28,15,3,0,0
20260810,4,138,2,58,28,15,4,0,0
20260810,4,139,2,59,61,15,5,0,0
20260810,4,140,2,60,87,15,6,0,0
20260810,4,141,3,1,810,15,7,0,0
20260810,4,142,3,2,400,15,8,0,0
20260810,4,143,3,3,77,15,9,0,0
20260810,4,144,3,4,45,15,10,0,0
20260810,4,145,3,5,47,15,11,0,0
20260810,4,146,3,6,55,15,12,0,0
20260810,4,147,3,7,40,15,13,0,0
20260810,4,148,3,8,43,15,14,0,0
20260810,4,149,3,9,32,15,15,0,0
20260810,4,150,3,10,23,15,16,0,0
20260810,4,151,3,11,26,15,17,0,0
20260810,4,152,3,12,20,15,18,0,0
20260810,4,153,3,13,18,15,19,0,0
20260810,4,154,3,14,8,8,0,1,0
20260810,4,155,3,15,13,8,1,0,0
20260810,4,156,3,16,12,8,2,0,0
20260810,4,157,3,17,10,8,3,0,0
20260810,4,158,3,18,14,8,4,0,0
20260810,4,159,3,19,24,8,5,0,0
20260810,4,160,3,20,19,8,6,0,0
20260810,4,161,3,21,15,8,7,0,0
20260810,4,162,3,22,16,8,8,0,0
20260810,4,163,3,23,14,8,9,0,0
20260810,4,164,3,24,26,8,10,0,0
20260810,4,165,3,25,38,8,11,0,0
20260810,4,166,3,26,50,8,12,0,0
20260810,4,167,3,27,90,8,13,0,0
20260810,4,168,3,28,200,8,14,0,0
20260810,4,169,3,29,343,8,15,0,0
20260810,4,170,3,30,241,8,16,0,0
20260810,4,171,3,31,184,8,17,0,0
20260810,4,172,3,32,112,8,18,0,0
20260810,4,173,3,33,59,8,19,0,0
20260810,4,174,3,34,31,8,20,0,0
20260810,4,175,3,35,23,8,21,0,0
20260810,4,176,3,36,23,8,22,0,0
20260810,4,177,3,37,12,8,23,0,0
20260810,4,178,3,38,7,7,0,1,0
20260810,4,179,3,39,6,6,0,1,0
20260810,4,180,3,40,4,4,0,1,0
20260810,4,181,3,41,7,4,1,0,0
20260810,4,182,3,42,7,4,2,0,0
20260810,4,183,3,43,0,0,0,1,1
20260810,5,1,1,1,235,192,1,0,0
20260810,5,2,1,2,256,192,2,0,0
20260810,5,3,1,3,159,159,0,1,0
20260810,5,4,1,4,141,141,0,1,0
20260810,5,5,1,5,145,141,1,0,0
20260810,5,6,1,6,95,95,0,1,0
20260810,5,7,1,7,87,87,0,1,0
20260810,5,8,1,8,67,67,0,1,0
20260810,5,9,1,9,66,66,0,1,0
20260810,5,10,1,10,65,65,0,1,0
20260810,5,11,1,11,67,65,1,0,0
20260810,5,12,1,12,46,46,0,1,0
20260810,5,13,1,13,45,45,0,1,0
20260810,5,14,1,14,38,38,0,1,0
20260810,5,15,1,15,32,32,0,1,0
20260810,5,16,1,16,33,32,1,0,0
20260810,5,17,1,17,22,22,0,1,0
20260810,5,18,1,18,23,22,1,0,0
20260810,5,19,1,19,25,22,2,0,0
20260810,5,20,1,20,27,22,3,0,0
20260810,5,21,1,21,26,22,4,0,0
20260810,5,22,1,22,27,22,5,0,0
20260810,5,23,1,23,25,22,6,0,0
20260810,5,24,1,24,27,22,7,0,0
20260810,5,25,1,25,26,22,8,0,0
20260810,5,26,1,26,23,22,9,0,0
20260810,5,27,1,27,21,21,0,1,0
20260810,5,28,1,28,18,18,0,1,0
20260810,5,29,1,29,18,18,1,0,0
20260810,5,30,1,30,14,14,0,1,0
20260810,5,31,1,31,15,14,1,0,0
20260810,5,32,1,32,15,14,2,0,0
20260810,5,33,1,33,11,11,0,1,0
20260810,5,34,1,34,9,9,0,1,0
20260810,5,35,1,35,11,9,1,0,0
20260810,5,36,1,36,14,9,2,0,0
20260810,5,37,1,37,13,9,3,0,0
20260810,5,38,1,38,12,9,4,0,0
20260810,5,39,1,39,7,7,0,1,0
20260810,5,40,1,40,6,6,0,1,0
20260810,5,41,1,41,5,5,0,1,0
20260810,5,42,1,42,3,3,0,1,0
20260810,5,43,1,43,5,3,1,0,0
20260810,5,44,1,44,3,3,2,0,0
20260810,5,45,1,45,3,3,3,0,0
20260810,5,46,1,46,6,3,4,0,0
20260810,5,47,1,47,5,3,5,0,0
20260810,5,48,1,48,2,2,0,1,0
20260810,5,49,1,49,0,0,0,1,1
20260810,6,1,1,1,238,175,1,0,0
20260810,6,2,1,2,190,175,2,0,0
20260810,6,3,1,3,132,132,0,1,0
20260810,6,4,1,4,102,102,0,1,0
20260810,6,5,1,5,83,83,0,1,0
20260810,6,6,1,6,57,57,0,1,0
20260810,6,7,1,7,44,44,0,1,0
20260810,6,8,1,8,43,43,0,1,0
20260810,6,9,1,9,35,35,0,1,0
20260810,6,10,1,10,45,35,1,0,0
20260810,6,11,1,11,38,35,2,0,0
20260810,6,12,1,12,27,27,0,1,0
20260810,6,13,1,13,29,27,1,0,0
20260810,6,14,1,14,24,24,0,1,0
20260810,6,15,1,15,15,15,0,1,0
20260810,6,16,1,16,14,14,0,1,0
20260810,6,17,1,17,9,9,0,1,0
20260810,6,18,1,18,6,6,0,1,0
20260810,6,19,1,19,5,5,0,1,0
20260810,6,20,1,20,3,3,0,1,0
20260810,6,21,1,21,2,2,0,1,0
20260810,6,22,1,22,1,1,0,1,0
20260810,6,23,1,23,0,0,0,1,1
20260810,7,1,1,1,261,179,1,0,0
20260810,7,2,1,2,231,179,2,0,0
20260810,7,3,1,3,138,138,0,1,0
20260810,7,4,1,4,114,114,0,1,0
20260810,7,5,1,5,119,114,1,0,0
20260810,7,6,1,6,84,84,0,1,0
20260810,7,7,1,7,84,84,1,0,0
20260810,7,8,1,8,95,84,2,0,0
20260810,7,9,1,9,85,84,3,0,0
20260810,7,10,1,10,61,61,0,1,0
20260810,7,11,1,11,55,55,0,1,0
20260810,7,12,1,12,51,51,0,1,0
20260810,7,13,1,13,34,34,0,1,0
20260810,7,14,1,14,41,34,1,0,0
20260810,7,15,1,15,33,33,0,1,0
20260810,7,16,1,16,38,33,1,0,0
20260810,7,17,1,17,28,28,0,1,0
20260810,7,18,1,18,34,28,1,0,0
20260810,7,19,1,19,30,28,2,0,0
20260810,7,20,1,20,28,28,3,0,0
20260810,7,21,1,21,25,25,0,1,0
20260810,7,22,1,22,24,24,0,1,0
20260810,7,23,1,23,14,14,0,1,0
20260810,7,24,1,24,5,5,0,1,0
20260810,7,25,1,25,7,5,1,0,0
20260810,7,26,1,26,6,5,2,0,0
20260810,7,27,1,27,4,4,0,1,0
20260810,7,28,1,28,2,2,0,1,0
20260810,7,29,1,29,2,2,1,0,0
20260810,7,30,1,30,1,1,0,1,0
20260810,7,31,1,31,2,1,1,0,0
20260810,7,32,1,32,2,1,2,0,0
20260810,7,33,1,33,2,1,3,0,0
20260810,7,34,1,34,2,1,4,0,0
20260810,7,35,1,35,1,1,5,0,0
20260810,7,36,1,36,3,1,6,0,0
20260810,7,37,1,37,1,1,7,0,0
20260810,7,38,1,38,2,1,8,0,0
20260810,7,39,1,39,2,1,9,0,0
20260810,7,40,1,40,2,1,10,0,0
20260810,7,41,1,41,1,1,11,0,0
20260810,7,42,1,42,1,1,12,0,0
20260810,7,43,1,43,2,1,13,0,0
20260810,7,44,1,44,1,1,14,0,0
20260810,7,45,1,45,2,1,15,0,0
20260810,7,46,1,46,2,1,16,0,0
20260810,7,47,1,47,2,1,17,0,0
20260810,7,48,1,48,2,1,18,0,0
20260810,7,49,1,49,1,1,19,0,0
20260810,7,50,1,50,2,1,20,0,0
20260810,7,51,1,51,2,1,21,0,0
20260810,7,52,1,52,2,1,22,0,0
20260810,7,53,1,53,1,1,23,0,0
20260810,7,54,1,54,1,1,24,0,0
20260810,7,55,1,55,1,1,25,0,0
20260810,7,56,1,56,2,1,26,0,0
20260810,7,57,1,57,2,1,27,0,0
20260810,7,58,1,58,2,1,28,0,0
20260810,7,59,1,59,2,1,29,0,0
20260810,7,60,1,60,1,1,30,0,0
20260810,7,61,1,61,2,1,31,0,0
20260810,7,62,1,62,4,1,32,0,0
20260810,7,63,1,63,2,1,33,0,0
20260810,7,64,1,64,1,1,34,0,0
20260810,7,65,1,65,1,1,35,0,0
20260810,7,66,1,66,1,1,36,0,0
20260810,7,67,1,67,2,1,37,0,0
20260810,7,68,1,68,1,1,38,0,0
20260810,7,69,1,69,1,1,39,0,0
20260810,7,70,1,70,2,1,40,0,0
20260810,7,71,1,71,1,1,41,0,0
20260810,7,72,1,72,2,1,42,0,0
20260810,7,73,1,73,2,1,43,0,0
20260810,7,74,1,74,1,1,44,0,0
20260810,7,75,1,75,4,1,45,0,0
20260810,7,76,1,76,1,1,46,0,0
20260810,7,77,1,77,1,1,47,0,0
20260810,7,78,1,78,1,1,48,0,0
20260810,7,79,1,79,2,1,49,0,0
20260810,7,80,1,80,1,1,50,0,0
20260810,7,81,2,1,862,1,51,0,0
20260810,7,82,2,2,860,1,52,0,0
20260810,7,83,2,3,854,1,53,0,0
20260810,7,84,2,4,738,1,54,0,0
20260810,7,85,2,5,876,1,55,0,0
20260810,7,86,2,6,651,1,56,0,0
20260810,7,87,2,7,662,1,57,0,0
20260810,7,88,2,8,178,1,58,0,0
20260810,7,89,2,9,89,1,59,0,0
20260810,7,90,2,10,42,1,60,0,0
20260810,7,91,2,11,51,1,61,0,0
20260810,7,92,2,12,40,1,62,0,0
20260810,7,93,2,13,53,1,63,0,0
20260810,7,94,2,14,31,1,64,0,0
20260810,7,95,2,15,42,1,65,0,0
20260810,7,96,2,16,41,1,66,0,0
20260810,7,97,2,17,21,1,67,0,0
20260810,7,98,2,18,24,1,68,0,0
20260810,7,99,2,19,20,1,69,0,0
20260810,7,100,2,20,17,1,70,0,0
20260810,7,101,2,21,26,1,71,0,0
20260810,7,102,2,22,26,1,72,0,0
20260810,7,103,2,23,20,1,73,0,0
20260810,7,104,2,24,17,1,74,0,0
20260810,7,105,2,25,17,1,75,0,0
20260810,7,106,2,26,17,1,76,0,0
20260810,7,107,2,27,14,1,77,0,0
20260810,7,108,2,28,31,1,78,0,0
20260810,7,109,2,29,30,1,79,0,0
20260810,7,110,2,30,33,1,80,0,0
20260810,7,111,2,31,46,1,81,0,0
20260810,7,112,2,32,66,1,82,0,0
20260810,7,113,2,33,171,1,83,0,0
20260810,7,114,2,34,366,1,84,0,0
20260810,7,115,2,35,392,1,85,0,0
20260810,7,116,2,36,287,1,86,0,0
20260810,7,117,2,37,240,1,87,0,0
20260810,7,118,2,38,249,1,88,0,0
20260810,7,119,2,39,170,1,89,0,0
20260810,7,120,2,40,54,1,90,0,0
20260810,7,121,2,41,52,1,91,0,0
20260810,7,122,2,42,35,1,92,0,0
20260810,7,123,2,43,27,1,93,0,0
20260810,7,124,2,44,13,1,94,0,0
20260810,7,125,2,45,20,1,95,0,0
20260810,7,126,2,46,12,1,96,0,0
20260810,7,127,2,47,19,1,97,0,0
20260810,7,128,2,48,12,1,98,0,0
20260810,7,129,2,49,14,1,99,0,0
20260810,7,130,2,50,17,1,100,0,0
20260810,7,131,2,51,12,1,101,0,0
20260810,7,132,2,52,5,1,102,0,0
20260810,7,133,2,53,1,1,103,0,0
20260810,7,134,2,54,8,1,104,0,0
20260810,7,135,2,55,8,1,105,0,0
20260810,7,136,2,56,3,1,106,0,0
20260810,7,137,2,57,8,1,107,0,0
20260810,7,138,2,58,7,1,108,0,0
20260810,7,139,2,59,3,1,109,0,0
20260810,7,140,2,60,2,1,110,0,0
20260810,7,141,3,1,890,1,111,0,0
20260810,7,142,3,2,210,1,112,0,0
20260810,7,143,3,3,78,1,113,0,0
20260810,7,144,3,4,55,1,114,0,0
20260810,7,145,3,5,53,1,115,0,0
20260810,7,146,3,6,38,1,116,0,0
20260810,7,147,3,7,26,1,117,0,0
20260810,7,148,3,8,24,1,118,0,0
20260810,7,149,3,9,31,1,119,0,0
20260810,7,150,3,10,30,1,120,0,0
20260810,7,151,3,11,23,1,121,0,0
20260810,7,152,3,12,25,1,122,0,0
20260810,7,153,3,13,15,1,123,0,0
20260810,7,154,3,14,16,1,124,0,0
20260810,7,155,3,15,20,1,125,0,0
20260810,7,156,3,16,14,1,126,0,0
20260810,7,157,3,17,11,1,127,0,0
20260810,7,158,3,18,16,1,128,0,0
20260810,7,159,3,19,25,1,129,0,0
20260810,7,160,3,20,19,1,130,0,0
20260810,7,161,3,21,17,1,131,0,0
20260810,7,162,3,22,5,1,132,0,0
20260810,7,163,3,23,15,1,133,0,0
20260810,7,164,3,24,12,1,134,0,0
20260810,7,165,3,25,7,1,135,0,0
20260810,7,166,3,26,9,1,136,0,0
20260810,7,167,3,27,10,1,137,0,0
20260810,7,168,3,28,6,1,138,0,0
20260810,7,169,3,29,9,1,139,0,0
20260810,7,170,3,30,5,1,140,0,0
20260810,7,171,3,31,5,1,141,0,0
20260810,7,172,3,32,4,1,142,0,0
20260810,7,173,3,33,0,0,0,1,1
20260810,8,1,1,1,354,219,1,0,0
20260810,8,2,1,2,225,219,2,0,0
20260810,8,3,1,3,163,163,0,1,0
20260810,8,4,1,4,158,158,0,1,0
20260810,8,5,1,5,131,131,0,1,0
20260810,8,6,1,6,134,131,1,0,0
20260810,8,7,1,7,115,115,0,1,0
20260810,8,8,1,8,106,106,0,1,0
20260810,8,9,1,9,93,93,0,1,0
20260810,8,10,1,10,105,93,1,0,0
20260810,8,11,1,11,101,93,2,0,0
20260810,8,12,1,12,92,92,0,1,0
20260810,8,13,1,13,77,77,0,1,0
20260810,8,14,1,14,80,77,1,0,0
20260810,8,15,1,15,70,70,0,1,0
20260810,8,16,1,16,72,70,1,0,0
20260810,8,17,1,17,62,62,0,1,0
20260810,8,18,1,18,58,58,0,1,0
20260810,8,19,1,19,59,58,1,0,0
20260810,8,20,1,20,60,58,2,0,0
20260810,8,21,1,21,47,47,0,1,0
20260810,8,22,1,22,61,47,1,0,0
20260810,8,23,1,23,45,45,0,1,0
20260810,8,24,1,24,54,45,1,0,0
20260810,8,25,1,25,46,45,2,0,0
20260810,8,26,1,26,51,45,3,0,0
20260810,8,27,1,27,65,45,4,0,0
20260810,8,28,1,28,56,45,5,0,0
20260810,8,29,1,29,47,45,6,0,0
20260810,8,30,1,30,48,45,7,0,0
20260810,8,31,1,31,45,45,8,0,0
20260810,8,32,1,32,49,45,9,0,0
20260810,8,33,1,33,41,41,0,1,0
20260810,8,34,1,34,36,36,0,1,0
20260810,8,35,1,35,37,36,1,0,0
20260810,8,36,1,36,40,36,2,0,0
20260810,8,37,1,37,33,33,0,1,0
20260810,8,38,1,38,39,33,1,0,0
20260810,8,39,1,39,43,33,2,0,0
20260810,8,40,1,40,42,33,3,0,0
20260810,8,41,1,41,35,33,4,0,0
20260810,8,42,1,42,48,33,5,0,0
20260810,8,43,1,43,51,33,6,0,0
20260810,8,44,1,44,46,33,7,0,0
20260810,8,45,1,45,50,33,8,0,0
20260810,8,46,1,46,50,33,9,0,0
20260810,8,47,1,47,40,33,10,0,0
20260810,8,48,1,48,40,33,11,0,0
20260810,8,49,1,49,35,33,12,0,0
20260810,8,50,1,50,36,33,13,0,0
20260810,8,51,1,51,36,33,14,0,0
20260810,8,52,1,52,31,31,0,1,0
20260810,8,53,1,53,35,31,1,0,0
20260810,8,54,1,54,28,28,0,1,0
20260810,8,55,1,55,38,28,1,0,0
20260810,8,56,1,56,34,28,2,0,0
20260810,8,57,1,57,31,28,3,0,0
20260810,8,58,1,58,32,28,4,0,0
20260810,8,59,1,59,34,28,5,0,0
20260810,8,60,1,60,32,28,6,0,0
20260810,8,61,1,61,25,25,0,1,0
20260810,8,62,1,62,25,25,1,0,0
20260810,8,63,1,63,18,18,0,1,0
20260810,8,64,1,64,31,18,1,0,0
20260810,8,65,1,65,18,18,2,0,0
20260810,8,66,1,66,24,18,3,0,0
20260810,8,67,1,67,28,18,4,0,0
20260810,8,68,1,68,30,18,5,0,0
20260810,8,69,1,69,25,18,6,0,0
20260810,8,70,1,70,27,18,7,0,0
20260810,8,71,1,71,26,18,8,0,0
20260810,8,72,1,72,32,18,9,0,0
20260810,8,73,1,73,20,18,10,0,0
20260810,8,74,1,74,31,18,11,0,0
20260810,8,75,1,75,34,18,12,0,0
20260810,8,76,1,76,31,18,13,0,0
20260810,8,77,1,77,16,16,0,1,0
20260810,8,78,1,78,34,16,1,0,0
20260810,8,79,1,79,22,16,2,0,0
20260810,8,80,1,80,28,16,3,0,0
20260810,8,81,2,1,850,16,4,0,0
20260810,8,82,2,2,719,16,5,0,0
20260810,8,83,2,3,678,16,6,0,0
20260810,8,84,2,4,216,16,7,0,0
20260810,8,85,2,5,164,16,8,0,0
20260810,8,86,2,6,146,16,9,0,0
20260810,8,87,2,7,124,16,10,0,0
20260810,8,88,2,8,88,16,11,0,0
20260810,8,89,2,9,68,16,12,0,0
20260810,8,90,2,10,76,16,13,0,0
20260810,8,91,2,11,78,16,14,0,0
20260810,8,92,2,12,67,16,15,0,0
20260810,8,93,2,13,56,16,16,0,0
20260810,8,94,2,14,37,16,17,0,0
20260810,8,95,2,15,44,16,18,0,0
20260810,8,96,2,16,49,16,19,0,0
20260810,8,97,2,17,43,16,20,0,0
20260810,8,98,2,18,41,16,21,0,0
20260810,8,99,2,19,39,16,22,0,0
20260810,8,100,2,20,40,16,23,0,0
20260810,8,101,2,21,22,16,24,0,0
20260810,8,102,2,22,26,16,25,0,0
20260810,8,103,2,23,22,16,26,0,0
20260810,8,104,2,24,18,16,27,0,0
20260810,8,105,2,25,24,16,28,0,0
20260810,8,106,2,26,21,16,29,0,0
20260810,8,107,2,27,26,16,30,0,0
20260810,8,108,2,28,17,16,31,0,0
20260810,8,109,2,29,20,16,32,0,0
20260810,8,110,2,30,13,13,0,1,0
20260810,8,111,2,31,11,11,0,1,0
20260810,8,112,2,32,24,11,1,0,0
20260810,8,113,2,33,21,11,2,0,0
20260810,8,114,2,34,22,11,3,0,0
20260810,8,115,2,35,22,11,4,0,0
20260810,8,116,2,36,16,11,5,0,0
20260810,8,117,2,37,55,11,6,0,0
20260810,8,118,2,38,129,11,7,0,0
20260810,8,119,2,39,217,11,8,0,0
20260810,8,120,2,40,284,11,9,0,0
20260810,8,121,2,41,250,11,10,0,0
20260810,8,122,2,42,231,11,11,0,0
20260810,8,123,2,43,173,11,12,0,0
20260810,8,124,2,44,59,11,13,0,0
20260810,8,125,2,45,25,11,14,0,0
20260810,8,126,2,46,18,11,15,0,0
20260810,8,127,2,47,15,11,16,0,0
20260810,8,128,2,48,21,11,17,0,0
20260810,8,129,2,49,11,11,18,0,0
20260810,8,130,2,50,12,11,19,0,0
20260810,8,131,2,51,5,5,0,1,0
20260810,8,132,2,52,7,5,1,0,0
20260810,8,133,2,53,6,5,2,0,0
20260810,8,134,2,54,1,1,0,1,0
20260810,8,135,2,55,0,0,0,1,1
20260810,9,1,1,1,337,213,1,0,0
20260810,9,2,1,2,240,213,2,0,0
20260810,9,3,1,3,134,134,0,1,0
20260810,9,4,1,4,143,134,1,0,0
20260810,9,5,1,5,148,134,2,0,0
20260810,9,6,1,6,112,112,0,1,0
20260810,9,7,1,7,135,112,1,0,0
20260810,9,8,1,8,125,112,2,0,0
20260810,9,9,1,9,108,108,0,1,0
20260810,9,10,1,10,109,108,1,0,0
20260810,9,11,1,11,103,103,0,1,0
20260810,9,12,1,12,74,74,0,1,0
20260810,9,13,1,13,56,56,0,1,0
20260810,9,14,1,14,59,56,1,0,0
20260810,9,15,1,15,66,56,2,0,0
20260810,9,16,1,16,57,56,3,0,0
20260810,9,17,1,17,51,51,0,1,0
20260810,9,18,1,18,57,51,1,0,0
20260810,9,19,1,19,64,51,2,0,0
20260810,9,20,1,20,51,51,3,0,0
20260810,9,21,1,21,54,51,4,0,0
20260810,9,22,1,22,54,51,5,0,0
20260810,9,23,1,23,51,51,6,0,0
20260810,9,24,1,24,57,51,7,0,0
20260810,9,25,1,25,48,48,0,1,0
20260810,9,26,1,26,54,48,1,0,0
20260810,9,27,1,27,45,45,0,1,0
20260810,9,28,1,28,58,45,1,0,0
20260810,9,29,1,29,60,45,2,0,0
20260810,9,30,1,30,72,45,3,0,0
20260810,9,31,1,31,52,45,4,0,0
20260810,9,32,1,32,51,45,5,0,0
20260810,9,33,1,33,56,45,6,0,0
20260810,9,34,1,34,52,45,7,0,0
20260810,9,35,1,35,52,45,8,0,0
20260810,9,36,1,36,47,45,9,0,0
20260810,9,37,1,37,50,45,10,0,0
20260810,9,38,1,38,52,45,11,0,0
20260810,9,39,1,39,42,42,0,1,0
20260810,9,40,1,40,60,42,1,0,0
20260810,9,41,1,41,57,42,2,0,0
20260810,9,42,1,42,54,42,3,0,0
20260810,9,43,1,43,38,38,0,1,0
20260810,9,44,1,44,57,38,1,0,0
20260810,9,45,1,45,53,38,2,0,0
20260810,9,46,1,46,51,38,3,0,0
20260810,9,47,1,47,62,38,4,0,0
20260810,9,48,1,48,49,38,5,0,0
20260810,9,49,1,49,52,38,6,0,0
20260810,9,50,1,50,56,38,7,0,0
20260810,9,51,1,51,61,38,8,0,0
20260810,9,52,1,52,54,38,9,0,0
20260810,9,53,1,53,50,38,10,0,0
20260810,9,54,1,54,52,38,11,0,0
20260810,9,55,1,55,50,38,12,0,0
20260810,9,56,1,56,57,38,13,0,0
20260810,9,57,1,57,51,38,14,0,0
20260810,9,58,1,58,54,38,15,0,0
20260810,9,59,1,59,46,38,16,0,0
20260810,9,60,1,60,54,38,17,0,0
20260810,9,61,1,61,65,38,18,0,0
20260810,9,62,1,62,55,38,19,0,0
20260810,9,63,1,63,58,38,20,0,0
20260810,9,64,1,64,54,38,21,0,0
20260810,9,65,1,65,61,38,22,0,0
20260810,9,66,1,66,62,38,23,0,0
20260810,9,67,1,67,60,38,24,0,0
20260810,9,68,1,68,61,38,25,0,0
20260810,9,69,1,69,44,38,26,0,0
20260810,9,70,1,70,49,38,27,0,0
20260810,9,71,1,71,55,38,28,0,0
20260810,9,72,1,72,43,38,29,0,0
20260810,9,73,1,73,42,38,30,0,0
20260810,9,74,1,74,37,37,0,1,0
20260810,9,75,1,75,33,33,0,1,0
20260810,9,76,1,76,39,33,1,0,0
20260810,9,77,1,77,24,24,0,1,0
20260810,9,78,1,78,36,24,1,0,0
20260810,9,79,1,79,34,24,2,0,0
20260810,9,80,1,80,29,24,3,0,0
20260810,9,81,2,1,835,24,4,0,0
20260810,9,82,2,2,572,24,5,0,0
20260810,9,83,2,3,487,24,6,0,0
20260810,9,84,2,4,147,24,7,0,0
20260810,9,85,2,5,94,24,8,0,0
20260810,9,86,2,6,66,24,9,0,0
20260810,9,87,2,7,59,24,10,0,0
20260810,9,88,2,8,62,24,11,0,0
20260810,9,89,2,9,48,24,12,0,0
20260810,9,90,2,10,44,24,13,0,0
20260810,9,91,2,11,41,24,14,0,0
20260810,9,92,2,12,34,24,15,0,0
20260810,9,93,2,13,37,24,16,0,0
20260810,9,94,2,14,25,24,17,0,0
20260810,9,95,2,15,29,24,18,0,0
20260810,9,96,2,16,36,24,19,0,0
20260810,9,97,2,17,20,20,0,1,0
20260810,9,98,2,18,15,15,0,1,0
20260810,9,99,2,19,12,12,0,1,0
20260810,9,100,2,20,11,11,0,1,0
20260810,9,101,2,21,8,8,0,1,0
20260810,9,102,2,22,6,6,0,1,0
20260810,9,103,2,23,10,6,1,0,0
20260810,9,104,2,24,10,6,2,0,0
20260810,9,105,2,25,8,6,3,0,0
20260810,9,106,2,26,10,6,4,0,0
20260810,9,107,2,27,10,6,5,0,0
20260810,9,108,2,28,5,5,0,1,0
20260810,9,109,2,29,10,5,1,0,0
20260810,9,110,2,30,12,5,2,0,0
20260810,9,111,2,31,11,5,3,0,0
20260810,9,112,2,32,13,5,4,0,0
20260810,9,113,2,33,5,5,5,0,0
20260810,9,114,2,34,8,5,6,0,0
20260810,9,115,2,35,10,5,7,0,0
20260810,9,116,2,36,10,5,8,0,0
20260810,9,117,2,37,4,4,0,1,0
20260810,9,118,2,38,8,4,1,0,0
20260810,9,119,2,39,6,4,2,0,0
20260810,9,120,2,40,9,4,3,0,0
20260810,9,121,2,41,7,4,4,0,0
20260810,9,122,2,42,10,4,5,0,0
20260810,9,123,2,43,8,4,6,0,0
20260810,9,124,2,44,10,4,7,0,0
20260810,9,125,2,45,36,4,8,0,0
20260810,9,126,2,46,64,4,9,0,0
20260810,9,127,2,47,178,4,10,0,0
20260810,9,128,2,48,442,4,11,0,0
20260810,9,129,2,49,579,4,12,0,0
20260810,9,130,2,50,323,4,13,0,0
20260810,9,131,2,51,178,4,14,0,0
20260810,9,132,2,52,53,4,15,0,0
20260810,9,133,2,53,34,4,16,0,0
20260810,9,134,2,54,32,4,17,0,0
20260810,9,135,2,55,26,4,18,0,0
20260810,9,136,2,56,22,4,19,0,0
20260810,9,137,2,57,24,4,20,0,0
20260810,9,138,2,58,12,4,21,0,0
20260810,9,139,2,59,13,4,22,0,0
20260810,9,140,2,60,18,4,23,0,0
20260810,9,141,3,1,852,4,24,0,0
20260810,9,142,3,2,216,4,25,0,0
20260810,9,143,3,3,92,4,26,0,0
20260810,9,144,3,4,75,4,27,0,0
20260810,9,145,3,5,66,4,28,0,0
20260810,9,146,3,6,80,4,29,0,0
20260810,9,147,3,7,60,4,30,0,0
20260810,9,148,3,8,73,4,31,0,0
20260810,9,149,3,9,67,4,32,0,0
20260810,9,150,3,10,48,4,33,0,0
20260810,9,151,3,11,39,4,34,0,0
20260810,9,152,3,12,44,4,35,0,0
20260810,9,153,3,13,38,4,36,0,0
20260810,9,154,3,14,42,4,37,0,0
20260810,9,155,3,15,25,4,38,0,0
20260810,9,156,3,16,21,4,39,0,0
20260810,9,157,3,17,35,4,40,0,0
20260810,9,158,3,18,20,4,41,0,0
20260810,9,159,3,19,21,4,42,0,0
20260810,9,160,3,20,20,4,43,0,0
20260810,9,161,3,21,18,4,44,0,0
20260810,9,162,3,22,17,4,45,0,0
20260810,9,163,3,23,22,4,46,0,0
20260810,9,164,3,24,25,4,47,0,0
20260810,9,165,3,25,34,4,48,0,0
20260810,9,166,3,26,23,4,49,0,0
20260810,9,167,3,27,16,4,50,0,0
20260810,9,168,3,28,19,4,51,0,0
20260810,9,169,3,29,20,4,52,0,0
20260810,9,170,3,30,16,4,53,0,0
20260810,9,171,3,31,18,4,54,0,0
20260810,9,172,3,32,27,4,55,0,0
20260810,9,173,3,33,28,4,56,0,0
20260810,9,174,3,34,47,4,57,0,0
20260810,9,175,3,35,138,4,58,0,0
20260810,9,176,3,36,326,4,59,0,0
20260810,9,177,3,37,439,4,60,0,0
20260810,9,178,3,38,252,4,61,0,0
20260810,9,179,3,39,222,4,62,0,0
20260810,9,180,3,40,199,4,63,0,0
20260810,9,181,3,41,148,4,64,0,0
20260810,9,182,3,42,106,4,65,0,0
20260810,9,183,3,43,66,4,66,0,0
20260810,9,184,3,44,34,4,67,0,0
20260810,9,185,3,45,19,4,68,0,0
20260810,9,186,3,46,16,4,69,0,0
20260810,9,187,3,47,15,4,70,0,0
20260810,9,188,3,48,14,4,71,0,0
20260810,9,189,3,49,28,4,72,0,0
20260810,9,190,3,50,19,4,73,0,0
20260810,9,191,3,51,13,4,74,0,0
20260810,9,192,3,52,12,4,75,0,0
20260810,9,193,3,53,15,4,76,0,0
20260810,9,194,3,54,13,4,77,0,0
20260810,9,195,3,55,11,4,78,0,0
20260810,9,196,3,56,8,4,79,0,0
20260810,9,197,3,57,9,4,80,0,0
20260810,9,198,3,58,8,4,81,0,0
20260810,9,199,3,59,8,4,82,0,0
20260810,9,200,3,60,5,4,83,0,0
20260810,9,201,4,1,880,4,84,0,0
20260810,9,202,4,2,181,4,85,0,0
20260810,9,203,4,3,96,4,86,0,0
20260810,9,204,4,4,62,4,87,0,0
20260810,9,205,4,5,63,4,88,0,0
20260810,9,206,4,6,48,4,89,0,0
20260810,9,207,4,7,45,4,90,0,0
20260810,9,208,4,8,41,4,91,0,0
20260810,9,209,4,9,42,4,92,0,0
20260810,9,210,4,10,38,4,93,0,0
20260810,9,211,4,11,34,4,94,0,0
20260810,9,212,4,12,30,4,95,0,0
20260810,9,213,4,13,33,4,96,0,0
20260810,9,214,4,14,29,4,97,0,0
20260810,9,215,4,15,35,4,98,0,0
20260810,9,216,4,16,27,4,99,0,0
20260810,9,217,4,17,24,4,100,0,0
20260810,9,218,4,18,29,4,101,0,0
20260810,9,219,4,19,26,4,102,0,0
20260810,9,220,4,20,19,4,103,0,0
20260810,9,221,4,21,17,4,104,0,0
20260810,9,222,4,22,11,4,105,0,0
20260810,9,223,4,23,12,4,106,0,0
20260810,9,224,4,24,20,4,107,0,0
20260810,9,225,4,25,22,4,108,0,0
20260810,9,226,4,26,14,4,109,0,0
20260810,9,227,4,27,16,4,110,0,0
20260810,9,228,4,28,21,4,111,0,0
20260810,9,229,4,29,17,4,112,0,0
20260810,9,230,4,30,21,4,113,0,0
20260810,9,231,4,31,28,4,114,0,0
20260810,9,232,4,32,29,4,115,0,0
20260810,9,233,4,33,30,4,116,0,0
20260810,9,234,4,34,41,4,117,0,0
20260810,9,235,4,35,74,4,118,0,0
20260810,9,236,4,36,62,4,119,0,0
20260810,9,237,4,37,116,4,120,0,0
20260810,9,238,4,38,254,4,121,0,0
20260810,9,239,4,39,334,4,122,0,0
20260810,9,240,4,40,205,4,123,0,0
20260810,9,241,4,41,161,4,124,0,0
20260810,9,242,4,42,101,4,125,0,0
20260810,9,243,4,43,43,4,126,0,0
20260810,9,244,4,44,35,4,127,0,0
20260810,9,245,4,45,47,4,128,0,0
20260810,9,246,4,46,27,4,129,0,0
20260810,9,247,4,47,24,4,130,0,0
20260810,9,248,4,48,23,4,131,0,0
20260810,9,249,4,49,23,4,132,0,0
20260810,9,250,4,50,20,4,133,0,0
20260810,9,251,4,51,21,4,134,0,0
20260810,9,252,4,52,17,4,135,0,0
20260810,9,253,4,53,14,4,136,0,0
20260810,9,254,4,54,23,4,137,0,0
20260810,9,255,4,55,20,4,138,0,0
20260810,9,256,4,56,22,4,139,0,0
20260810,9,257,4,57,19,4,140,0,0
20260810,9,258,4,58,12,4,141,0,0
20260810,9,259,4,59,10,4,142,0,0
20260810,9,260,4,60,4,4,143,0,0
20260810,9,261,5,1,856,4,144,0,0
20260810,9,262,5,2,161,4,145,0,0
20260810,9,263,5,3,98,4,146,0,0
20260810,9,264,5,4,75,4,147,0,0
20260810,9,265,5,5,79,4,148,0,0
20260810,9,266,5,6,75,4,149,0,0
20260810,9,267,5,7,47,4,150,0,0
20260810,9,268,5,8,46,4,151,0,0
20260810,9,269,5,9,36,4,152,0,0
20260810,9,270,5,10,27,4,153,0,0
20260810,9,271,5,11,31,4,154,0,0
20260810,9,272,5,12,48,4,155,0,0
20260810,9,273,5,13,28,4,156,0,0
20260810,9,274,5,14,19,4,157,0,0
20260810,9,275,5,15,26,4,158,0,0
20260810,9,276,5,16,12,4,159,0,0
20260810,9,277,5,17,12,4,160,0,0
20260810,9,278,5,18,10,4,161,0,0
20260810,9,279,5,19,15,4,162,0,0
20260810,9,280,5,20,5,4,163,0,0
20260810,9,281,5,21,10,4,164,0,0
20260810,9,282,5,22,9,4,165,0,0
20260810,9,283,5,23,11,4,166,0,0
20260810,9,284,5,24,11,4,167,0,0
20260810,9,285,5,25,9,4,168,0,0
20260810,9,286,5,26,3,3,0,1,0
20260810,9,287,5,27,18,3,1,0,0
20260810,9,288,5,28,18,3,2,0,0
20260810,9,289,5,29,20,3,3,0,0
20260810,9,290,5,30,40,3,4,0,0
20260810,9,291,5,31,99,3,5,0,0
20260810,9,292,5,32,225,3,6,0,0
20260810,9,293,5,33,465,3,7,0,0
20260810,9,294,5,34,462,3,8,0,0
20260810,9,295,5,35,367,3,9,0,0
20260810,9,296,5,36,274,3,10,0,0
20260810,9,297,5,37,101,3,11,0,0
20260810,9,298,5,38,41,3,12,0,0
20260810,9,299,5,39,25,3,13,0,0
20260810,9,300,5,40,28,3,14,0,0
20260810,9,301,5,41,26,3,15,0,0
20260810,9,302,5,42,20,3,16,0,0
20260810,9,303,5,43,18,3,17,0,0
20260810,9,304,5,44,17,3,18,0,0
20260810,9,305,5,45,19,3,19,0,0
20260810,9,306,5,46,19,3,20,0,0
20260810,9,307,5,47,12,3,21,0,0
20260810,9,308,5,48,15,3,22,0,0
20260810,9,309,5,49,10,3,23,0,0
20260810,9,310,5,50,18,3,24,0,0
20260810,9,311,5,51,12,3,25,0,0
20260810,9,312,5,52,10,3,26,0,0
20260810,9,313,5,53,8,3,27,0,0
20260810,9,314,5,54,15,3,28,0,0
20260810,9,315,5,55,14,3,29,0,0
20260810,9,316,5,56,14,3,30,0,0
20260810,9,317,5,57,11,3,31,0,0
20260810,9,318,5,58,9,3,32,0,0
20260810,9,319,5,59,5,3,33,0,0
20260810,9,320,5,60,6,3,34,0,0
20260810,9,321,6,1,890,3,35,0,0
20260810,9,322,6,2,211,3,36,0,0
20260810,9,323,6,3,128,3,37,0,0
20260810,9,324,6,4,97,3,38,0,0
20260810,9,325,6,5,77,3,39,0,0
20260810,9,326,6,6,73,3,40,0,0
20260810,9,327,6,7,65,3,41,0,0
20260810,9,328,6,8,47,3,42,0,0
20260810,9,329,6,9,46,3,43,0,0
20260810,9,330,6,10,31,3,44,0,0
20260810,9,331,6,11,25,3,45,0,0
20260810,9,332,6,12,29,3,46,0,0
20260810,9,333,6,13,25,3,47,0,0
20260810,9,334,6,14,35,3,48,0,0
20260810,9,335,6,15,46,3,49,0,0
20260810,9,336,6,16,36,3,50,0,0
20260810,9,337,6,17,36,3,51,0,0
20260810,9,338,6,18,48,3,52,0,0
20260810,9,339,6,19,40,3,53,0,0
20260810,9,340,6,20,37,3,54,0,0
20260810,9,341,6,21,42,3,55,0,0
20260810,9,342,6,22,30,3,56,0,0
20260810,9,343,6,23,18,3,57,0,0
20260810,9,344,6,24,17,3,58,0,0
20260810,9,345,6,25,24,3,59,0,0
20260810,9,346,6,26,34,3,60,0,0
20260810,9,347,6,27,41,3,61,0,0
20260810,9,348,6,28,38,3,62,0,0
20260810,9,349,6,29,90,3,63,0,0
20260810,9,350,6,30,134,3,64,0,0
20260810,9,351,6,31,211,3,65,0,0
20260810,9,352,6,32,246,3,66,0,0
20260810,9,353,6,33,223,3,67,0,0
20260810,9,354,6,34,239,3,68,0,0
20260810,9,355,6,35,226,3,69,0,0
20260810,9,356,6,36,205,3,70,0,0
20260810,9,357,6,37,204,3,71,0,0
20260810,9,358,6,38,136,3,72,0,0
20260810,9,359,6,39,74,3,73,0,0
20260810,9,360,6,40,25,3,74,0,0
20260810,9,361,6,41,14,3,75,0,0
20260810,9,362,6,42,15,3,76,0,0
20260810,9,363,6,43,11,3,77,0,0
20260810,9,364,6,44,11,3,78,0,0
20260810,9,365,6,45,12,3,79,0,0
20260810,9,366,6,46,13,3,80,0,0
20260810,9,367,6,47,11,3,81,0,0
20260810,9,368,6,48,11,3,82,0,0
20260810,9,369,6,49,17,3,83,0,0
20260810,9,370,6,50,11,3,84,0,0
20260810,9,371,6,51,15,3,85,0,0
20260810,9,372,6,52,12,3,86,0,0
20260810,9,373,6,53,10,3,87,0,0
20260810,9,374,6,54,7,3,88,0,0
20260810,9,375,6,55,15,3,89,0,0
20260810,9,376,6,56,13,3,90,0,0
20260810,9,377,6,57,13,3,91,0,0
20260810,9,378,6,58,9,3,92,0,0
20260810,9,379,6,59,13,3,93,0,0
20260810,9,380,6,60,19,3,94,0,0
20260810,9,381,7,1,854,3,95,0,0
20260810,9,382,7,2,240,3,96,0,0
20260810,9,383,7,3,129,3,97,0,0
20260810,9,384,7,4,99,3,98,0,0
20260810,9,385,7,5,85,3,99,0,0
20260810,9,386,7,6,62,3,100,0,0
20260810,9,387,7,7,30,3,101,0,0
20260810,9,388,7,8,30,3,102,0,0
20260810,9,389,7,9,41,3,103,0,0
20260810,9,390,7,10,31,3,104,0,0
20260810,9,391,7,11,36,3,105,0,0
20260810,9,392,7,12,29,3,106,0,0
20260810,9,393,7,13,29,3,107,0,0
20260810,9,394,7,14,20,3,108,0,0
20260810,9,395,7,15,21,3,109,0,0
20260810,9,396,7,16,14,3,110,0,0
20260810,9,397,7,17,19,3,111,0,0
20260810,9,398,7,18,16,3,112,0,0
20260810,9,399,7,19,20,3,113,0,0
20260810,9,400,7,20,19,3,114,0,0
20260810,9,401,7,21,22,3,115,0,0
20260810,9,402,7,22,15,3,116,0,0
20260810,9,403,7,23,22,3,117,0,0
20260810,9,404,7,24,19,3,118,0,0
20260810,9,405,7,25,33,3,119,0,0
20260810,9,406,7,26,35,3,120,0,0
20260810,9,407,7,27,35,3,121,0,0
20260810,9,408,7,28,24,3,122,0,0
20260810,9,409,7,29,20,3,123,0,0
20260810,9,410,7,30,10,3,124,0,0
20260810,9,411,7,31,12,3,125,0,0
20260810,9,412,7,32,10,3,126,0,0
20260810,9,413,7,33,11,3,127,0,0
20260810,9,414,7,34,3,3,128,0,0
20260810,9,415,7,35,5,3,129,0,0
20260810,9,416,7,36,7,3,130,0,0
20260810,9,417,7,37,7,3,131,0,0
20260810,9,418,7,38,10,3,132,0,0
20260810,9,419,7,39,8,3,133,0,0
20260810,9,420,7,40,10,3,134,0,0
20260810,9,421,7,41,12,3,135,0,0
20260810,9,422,7,42,37,3,136,0,0
20260810,9,423,7,43,65,3,137,0,0
20260810,9,424,7,44,122,3,138,0,0
20260810,9,425,7,45,226,3,139,0,0
20260810,9,426,7,46,292,3,140,0,0
20260810,9,427,7,47,282,3,141,0,0
20260810,9,428,7,48,232,3,142,0,0
20260810,9,429,7,49,243,3,143,0,0
20260810,9,430,7,50,246,3,144,0,0
20260810,9,431,7,51,199,3,145,0,0
20260810,9,432,7,52,165,3,146,0,0
20260810,9,433,7,53,85,3,147,0,0
20260810,9,434,7,54,57,3,148,0,0
20260810,9,435,7,55,55,3,149,0,0
20260810,9,436,7,56,43,3,150,0,0
20260810,9,437,7,57,41,3,151,0,0
20260810,9,438,7,58,28,3,152,0,0
20260810,9,439,7,59,35,3,153,0,0
20260810,9,440,7,60,15,3,154,0,0
20260810,9,441,8,1,844,3,155,0,0
20260810,9,442,8,2,246,3,156,0,0
20260810,9,443,8,3,137,3,157,0,0
20260810,9,444,8,4,99,3,158,0,0
20260810,9,445,8,5,71,3,159,0,0
20260810,9,446,8,6,67,3,160,0,0
20260810,9,447,8,7,83,3,161,0,0
20260810,9,448,8,8,58,3,162,0,0
20260810,9,449,8,9,43,3,163,0,0
20260810,9,450,8,10,52,3,164,0,0
20260810,9,451,8,11,40,3,165,0,0
20260810,9,452,8,12,36,3,166,0,0
20260810,9,453,8,13,37,3,167,0,0
20260810,9,454,8,14,49,3,168,0,0
20260810,9,455,8,15,32,3,169,0,0
20260810,9,456,8,16,29,3,170,0,0
20260810,9,457,8,17,28,3,171,0,0
20260810,9,458,8,18,18,3,172,0,0
20260810,9,459,8,19,29,3,173,0,0
20260810,9,460,8,20,33,3,174,0,0
20260810,9,461,8,21,20,3,175,0,0
20260810,9,462,8,22,18,3,176,0,0
20260810,9,463,8,23,13,3,177,0,0
20260810,9,464,8,24,15,3,178,0,0
20260810,9,465,8,25,17,3,179,0,0
20260810,9,466,8,26,23,3,180,0,0
20260810,9,467,8,27,21,3,181,0,0
20260810,9,468,8,28,26,3,182,0,0
20260810,9,469,8,29,34,3,183,0,0
20260810,9,470,8,30,27,3,184,0,0
20260810,9,471,8,31,30,3,185,0,0
20260810,9,472,8,32,35,3,186,0,0
20260810,9,473,8,33,55,3,187,0,0
20260810,9,474,8,34,85,3,188,0,0
20260810,9,475,8,35,160,3,189,0,0
20260810,9,476,8,36,250,3,190,0,0
20260810,9,477,8,37,212,3,191,0,0
20260810,9,478,8,38,221,3,192,0,0
20260810,9,479,8,39,232,3,193,0,0
20260810,9,480,8,40,233,3,194,0,0
20260810,9,481,8,41,204,3,195,0,0
20260810,9,482,8,42,173,3,196,0,0
20260810,9,483,8,43,135,3,197,0,0
20260810,9,484,8,44,56,3,198,0,0
20260810,9,485,8,45,31,3,199,0,0
20260810,9,486,8,46,25,3,200,0,0
20260810,9,487,8,47,25,3,201,0,0
20260810,9,488,8,48,23,3,202,0,0
20260810,9,489,8,49,18,3,203,0,0
20260810,9,490,8,50,14,3,204,0,0
20260810,9,491,8,51,21,3,205,0,0
20260810,9,492,8,52,19,3,206,0,0
20260810,9,493,8,53,17,3,207,0,0
20260810,9,494,8,54,17,3,208,0,0
20260810,9,495,8,55,17,3,209,0,0
20260810,9,496,8,56,15,3,210,0,0
20260810,9,497,8,57,19,3,211,0,0
20260810,9,498,8,58,20,3,212,0,0
20260810,9,499,8,59,17,3,213,0,0
20260810,9,500,8,60,18,3,214,0,0
20260810,9,501,9,1,884,3,215,0,0
20260810,9,502,9,2,190,3,216,0,0
20260810,9,503,9,3,105,3,217,0,0
20260810,9,504,9,4,94,3,218,0,0
20260810,9,505,9,5,63,3,219,0,0
20260810,9,506,9,6,55,3,220,0,0
20260810,9,507,9,7,61,3,221,0,0
20260810,9,508,9,8,41,3,222,0,0
20260810,9,509,9,9,44,3,223,0,0
20260810,9,510,9,10,42,3,224,0,0
20260810,9,511,9,11,29,3,225,0,0
20260810,9,512,9,12,23,3,226,0,0
20260810,9,513,9,13,30,3,227,0,0
20260810,9,514,9,14,24,3,228,0,0
20260810,9,515,9,15,21,3,229,0,0
20260810,9,516,9,16,17,3,230,0,0
20260810,9,517,9,17,14,3,231,0,0
20260810,9,518,9,18,15,3,232,0,0
20260810,9,519,9,19,16,3,233,0,0
20260810,9,520,9,20,19,3,234,0,0
20260810,9,521,9,21,21,3,235,0,0
20260810,9,522,9,22,21,3,236,0,0
20260810,9,523,9,23,13,3,237,0,0
20260810,9,524,9,24,13,3,238,0,0
20260810,9,525,9,25,27,3,239,0,0
20260810,9,526,9,26,29,3,240,0,0
20260810,9,527,9,27,33,3,241,0,0
20260810,9,528,9,28,35,3,242,0,0
20260810,9,529,9,29,67,3,243,0,0
20260810,9,530,9,30,134,3,244,0,0
20260810,9,531,9,31,230,3,245,0,0
20260810,9,532,9,32,230,3,246,0,0
20260810,9,533,9,33,217,3,247,0,0
20260810,9,534,9,34,192,3,248,0,0
20260810,9,535,9,35,191,3,249,0,0
20260810,9,536,9,36,152,3,250,0,0
20260810,9,537,9,37,65,3,251,0,0
20260810,9,538,9,38,36,3,252,0,0
20260810,9,539,9,39,24,3,253,0,0
20260810,9,540,9,40,24,3,254,0,0
20260810,9,541,9,41,12,3,255,0,0
20260810,9,542,9,42,14,3,256,0,0
20260810,9,543,9,43,0,0,0,1,1
20260810,10,1,1,1,372,221,1,0,0
20260810,10,2,1,2,268,221,2,0,0
20260810,10,3,1,3,158,158,0,1,0
20260810,10,4,1,4,152,152,0,1,0
20260810,10,5,1,5,152,152,1,0,0
20260810,10,6,1,6,127,127,0,1,0
20260810,10,7,1,7,124,124,0,1,0
20260810,10,8,1,8,117,117,0,1,0
20260810,10,9,1,9,90,90,0,1,0
20260810,10,10,1,10,82,82,0,1,0
20260810,10,11,1,11,63,63,0,1,0
20260810,10,12,1,12,63,63,1,0,0
20260810,10,13,1,13,68,63,2,0,0
20260810,10,14,1,14,52,52,0,1,0
20260810,10,15,1,15,52,52,1,0,0
20260810,10,16,1,16,39,39,0,1,0
20260810,10,17,1,17,28,28,0,1,0
20260810,10,18,1,18,29,28,1,0,0
20260810,10,19,1,19,20,20,0,1,0
20260810,10,20,1,20,16,16,0,1,0
20260810,10,21,1,21,17,16,1,0,0
20260810,10,22,1,22,23,16,2,0,0
20260810,10,23,1,23,18,16,3,0,0
20260810,10,24,1,24,19,16,4,0,0
20260810,10,25,1,25,15,15,0,1,0
20260810,10,26,1,26,11,11,0,1,0
20260810,10,27,1,27,11,11,1,0,0
20260810,10,28,1,28,11,11,2,0,0
20260810,10,29,1,29,9,9,0,1,0
20260810,10,30,1,30,9,9,1,0,0
20260810,10,31,1,31,17,9,2,0,0
20260810,10,32,1,32,16,9,3,0,0
20260810,10,33,1,33,6,6,0,1,0
20260810,10,34,1,34,3,3,0,1,0
20260810,10,35,1,35,8,3,1,0,0
20260810,10,36,1,36,7,3,2,0,0
20260810,10,37,1,37,4,3,3,0,0
20260810,10,38,1,38,6,3,4,0,0
20260810,10,39,1,39,2,2,0,1,0
20260810,10,40,1,40,10,2,1,0,0
20260810,10,41,1,41,9,2,2,0,0
20260810,10,42,1,42,0,0,0,1,1
20260810,11,1,1,1,255,172,1,0,0
20260810,11,2,1,2,156,156,0,1,0
20260810,11,3,1,3,94,94,0,1,0
20260810,11,4,1,4,64,64,0,1,0
20260810,11,5,1,5,47,47,0,1,0
20260810,11,6,1,6,30,30,0,1,0
20260810,11,7,1,7,28,28,0,1,0
20260810,11,8,1,8,18,18,0,1,0
20260810,11,9,1,9,16,16,0,1,0
20260810,11,10,1,10,9,9,0,1,0
20260810,11,11,1,11,14,9,1,0,0
20260810,11,12,1,12,12,9,2,0,0
20260810,11,13,1,13,7,7,0,1,0
20260810,11,14,1,14,9,7,1,0,0
20260810,11,15,1,15,9,7,2,0,0
20260810,11,16,1,16,8,7,3,0,0
20260810,11,17,1,17,9,7,4,0,0
20260810,11,18,1,18,13,7,5,0,0
20260810,11,19,1,19,10,7,6,0,0
20260810,11,20,1,20,9,7,7,0,0
20260810,11,21,1,21,9,7,8,0,0
20260810,11,22,1,22,8,7,9,0,0
20260810,11,23,1,23,9,7,10,0,0
20260810,11,24,1,24,4,4,0,1,0
20260810,11,25,1,25,6,4,1,0,0
20260810,11,26,1,26,7,4,2,0,0
20260810,11,27,1,27,6,4,3,0,0
20260810,11,28,1,28,7,4,4,0,0
20260810,11,29,1,29,3,3,0,1,0
20260810,11,30,1,30,7,3,1,0,0
20260810,11,31,1,31,5,3,2,0,0
20260810,11,32,1,32,7,3,3,0,0
20260810,11,33,1,33,9,3,4,0,0
20260810,11,34,1,34,5,3,5,0,0
20260810,11,35,1,35,5,3,6,0,0
20260810,11,36,1,36,7,3,7,0,0
20260810,11,37,1,37,7,3,8,0,0
20260810,11,38,1,38,5,3,9,0,0
20260810,11,39,1,39,5,3,10,0,0
20260810,11,40,1,40,6,3,11,0,0
20260810,11,41,1,41,3,3,12,0,0
20260810,11,42,1,42,7,3,13,0,0
20260810,11,43,1,43,3,3,14,0,0
20260810,11,44,1,44,8,3,15,0,0
20260810,11,45,1,45,7,3,16,0,0
20260810,11,46,1,46,7,3,17,0,0
20260810,11,47,1,47,5,3,18,0,0
20260810,11,48,1,48,7,3,19,0,0
20260810,11,49,1,49,6,3,20,0,0
20260810,11,50,1,50,0,0,0,1,1
20260810,12,1,1,1,208,158,1,0,0
20260810,12,2,1,2,155,155,0,1,0
20260810,12,3,1,3,107,107,0,1,0
20260810,12,4,1,4,77,77,0,1,0
20260810,12,5,1,5,69,69,0,1,0
20260810,12,6,1,6,52,52,0,1,0
20260810,12,7,1,7,35,35,0,1,0
20260810,12,8,1,8,41,35,1,0,0
20260810,12,9,1,9,19,19,0,1,0
20260810,12,10,1,10,21,19,1,0,0
20260810,12,11,1,11,13,13,0,1,0
20260810,12,12,1,12,17,13,1,0,0
20260810,12,13,1,13,20,13,2,0,0
20260810,12,14,1,14,12,12,0,1,0
20260810,12,15,1,15,16,12,1,0,0
20260810,12,16,1,16,9,9,0,1,0
20260810,12,17,1,17,14,9,1,0,0
20260810,12,18,1,18,12,9,2,0,0
20260810,12,19,1,19,13,9,3,0,0
20260810,12,20,1,20,8,8,0,1,0
20260810,12,21,1,21,10,8,1,0,0
20260810,12,22,1,22,13,8,2,0,0
20260810,12,23,1,23,18,8,3,0,0
20260810,12,24,1,24,16,8,4,0,0
20260810,12,25,1,25,8,8,5,0,0
20260810,12,26,1,26,10,8,6,0,0
20260810,12,27,1,27,10,8,7,0,0
20260810,12,28,1,28,9,8,8,0,0
20260810,12,29,1,29,7,7,0,1,0
20260810,12,30,1,30,6,6,0,1,0
20260810,12,31,1,31,6,6,1,0,0
20260810,12,32,1,32,3,3,0,1,0
20260810,12,33,1,33,3,3,1,0,0
20260810,12,34,1,34,0,0,0,1,1
20260810,13,1,1,1,228,169,1,0,0
20260810,13,2,1,2,136,136,0,1,0
20260810,13,3,1,3,94,94,0,1,0
20260810,13,4,1,4,82,82,0,1,0
20260810,13,5,1,5,86,82,1,0,0
20260810,13,6,1,6,62,62,0,1,0
20260810,13,7,1,7,59,59,0,1,0
20260810,13,8,1,8,51,51,0,1,0
20260810,13,9,1,9,54,51,1,0,0
20260810,13,10,1,10,40,40,0,1,0
20260810,13,11,1,11,55,40,1,0,0
20260810,13,12,1,12,41,40,2,0,0
20260810,13,13,1,13,44,40,3,0,0
20260810,13,14,1,14,49,40,4,0,0
20260810,13,15,1,15,27,27,0,1,0
20260810,13,16,1,16,38,27,1,0,0
20260810,13,17,1,17,33,27,2,0,0
20260810,13,18,1,18,24,24,0,1,0
20260810,13,19,1,19,31,24,1,0,0
20260810,13,20,1,20,25,24,2,0,0
20260810,13,21,1,21,25,24,3,0,0
20260810,13,22,1,22,23,23,0,1,0
20260810,13,23,1,23,30,23,1,0,0
20260810,13,24,1,24,29,23,2,0,0
20260810,13,25,1,25,22,22,0,1,0
20260810,13,26,1,26,22,22,1,0,0
20260810,13,27,1,27,24,22,2,0,0
20260810,13,28,1,28,22,22,3,0,0
20260810,13,29,1,29,23,22,4,0,0
20260810,13,30,1,30,23,22,5,0,0
20260810,13,31,1,31,15,15,0,1,0
20260810,13,32,1,32,14,14,0,1,0
20260810,13,33,1,33,21,14,1,0,0
20260810,13,34,1,34,23,14,2,0,0
20260810,13,35,1,35,20,14,3,0,0
20260810,13,36,1,36,24,14,4,0,0
20260810,13,37,1,37,13,13,0,1,0
20260810,13,38,1,38,22,13,1,0,0
20260810,13,39,1,39,16,13,2,0,0
20260810,13,40,1,40,22,13,3,0,0
20260810,13,41,1,41,10,10,0,1,0
20260810,13,42,1,42,12,10,1,0,0
20260810,13,43,1,43,13,10,2,0,0
20260810,13,44,1,44,14,10,3,0,0
20260810,13,45,1,45,14,10,4,0,0
20260810,13,46,1,46,12,10,5,0,0
20260810,13,47,1,47,6,6,0,1,0
20260810,13,48,1,48,15,6,1,0,0
20260810,13,49,1,49,9,6,2,0,0
20260810,13,50,1,50,15,6,3,0,0
20260810,13,51,1,51,17,6,4,0,0
20260810,13,52,1,52,16,6,5,0,0
20260810,13,53,1,53,16,6,6,0,0
20260810,13,54,1,54,9,6,7,0,0
20260810,13,55,1,55,12,6,8,0,0
20260810,13,56,1,56,13,6,9,0,0
20260810,13,57,1,57,13,6,10,0,0
20260810,13,58,1,58,14,6,11,0,0
20260810,13,59,1,59,13,6,12,0,0
20260810,13,60,1,60,10,6,13,0,0
20260810,13,61,1,61,16,6,14,0,0
20260810,13,62,1,62,14,6,15,0,0
20260810,13,63,1,63,14,6,16,0,0
20260810,13,64,1,64,12,6,17,0,0
20260810,13,65,1,65,8,6,18,0,0
20260810,13,66,1,66,4,4,0,1,0
20260810,13,67,1,67,7,4,1,0,0
20260810,13,68,1,68,4,4,2,0,0
20260810,13,69,1,69,5,4,3,0,0
20260810,13,70,1,70,4,4,4,0,0
20260810,13,71,1,71,7,4,5,0,0
20260810,13,72,1,72,4,4,6,0,0
20260810,13,73,1,73,6,4,7,0,0
20260810,13,74,1,74,6,4,8,0,0
20260810,13,75,1,75,5,4,9,0,0
20260810,13,76,1,76,5,4,10,0,0
20260810,13,77,1,77,7,4,11,0,0
20260810,13,78,1,78,5,4,12,0,0
20260810,13,79,1,79,7,4,13,0,0
20260810,13,80,1,80,6,4,14,0,0
20260810,13,81,2,1,834,4,15,0,0
20260810,13,82,2,2,854,4,16,0,0
20260810,13,83,2,3,884,4,17,0,0
20260810,13,84,2,4,771,4,18,0,0
20260810,13,85,2,5,893,4,19,0,0
20260810,13,86,2,6,691,4,20,0,0
20260810,13,87,2,7,699,4,21,0,0
20260810,13,88,2,8,203,4,22,0,0
20260810,13,89,2,9,80,4,23,0,0
20260810,13,90,2,10,52,4,24,0,0
20260810,13,91,2,11,42,4,25,0,0
20260810,13,92,2,12,42,4,26,0,0
20260810,13,93,2,13,29,4,27,0,0
20260810,13,94,2,14,26,4,28,0,0
20260810,13,95,2,15,23,4,29,0,0
20260810,13,96,2,16,30,4,30,0,0
20260810,13,97,2,17,22,4,31,0,0
20260810,13,98,2,18,21,4,32,0,0
20260810,13,99,2,19,16,4,33,0,0
20260810,13,100,2,20,18,4,34,0,0
20260810,13,101,2,21,17,4,35,0,0
20260810,13,102,2,22,14,4,36,0,0
20260810,13,103,2,23,10,4,37,0,0
20260810,13,104,2,24,19,4,38,0,0
20260810,13,105,2,25,12,4,39,0,0
20260810,13,106,2,26,15,4,40,0,0
20260810,13,107,2,27,13,4,41,0,0
20260810,13,108,2,28,14,4,42,0,0
20260810,13,109,2,29,17,4,43,0,0
20260810,13,110,2,30,11,4,44,0,0
20260810,13,111,2,31,8,4,45,0,0
20260810,13,112,2,32,15,4,46,0,0
20260810,13,113,2,33,9,4,47,0,0
20260810,13,114,2,34,5,4,48,0,0
20260810,13,115,2,35,5,4,49,0,0
20260810,13,116,2,36,6,4,50,0,0
20260810,13,117,2,37,3,3,0,1,0
20260810,13,118,2,38,11,3,1,0,0
20260810,13,119,2,39,25,3,2,0,0
20260810,13,120,2,40,61,3,3,0,0
20260810,13,121,2,41,176,3,4,0,0
20260810,13,122,2,42,387,3,5,0,0
20260810,13,123,2,43,467,3,6,0,0
20260810,13,124,2,44,300,3,7,0,0
20260810,13,125,2,45,260,3,8,0,0
20260810,13,126,2,46,233,3,9,0,0
20260810,13,127,2,47,147,3,10,0,0
20260810,13,128,2,48,52,3,11,0,0
20260810,13,129,2,49,29,3,12,0,0
20260810,13,130,2,50,23,3,13,0,0
20260810,13,131,2,51,22,3,14,0,0
20260810,13,132,2,52,21,3,15,0,0
20260810,13,133,2,53,7,3,16,0,0
20260810,13,134,2,54,16,3,17,0,0
20260810,13,135,2,55,17,3,18,0,0
20260810,13,136,2,56,11,3,19,0,0
20260810,13,137,2,57,3,3,20,0,0
20260810,13,138,2,58,0,0,0,1,1
20260810,14,1,1,1,205,170,1,0,0
20260810,14,2,1,2,158,158,0,1,0
20260810,14,3,1,3,109,109,0,1,0
20260810,14,4,1,4,86,86,0,1,0
20260810,14,5,1,5,62,62,0,1,0
20260810,14,6,1,6,55,55,0,1,0
20260810,14,7,1,7,56,55,1,0,0
20260810,14,8,1,8,59,55,2,0,0
20260810,14,9,1,9,49,49,0,1,0
20260810,14,10,1,10,50,49,1,0,0
20260810,14,11,1,11,42,42,0,1,0
20260810,14,12,1,12,36,36,0,1,0
20260810,14,13,1,13,43,36,1,0,0
20260810,14,14,1,14,35,35,0,1,0
20260810,14,15,1,15,39,35,1,0,0
20260810,14,16,1,16,29,29,0,1,0
20260810,14,17,1,17,37,29,1,0,0
20260810,14,18,1,18,29,29,2,0,0
20260810,14,19,1,19,30,29,3,0,0
20260810,14,20,1,20,38,29,4,0,0
20260810,14,21,1,21,24,24,0,1,0
20260810,14,22,1,22,18,18,0,1,0
20260810,14,23,1,23,21,18,1,0,0
20260810,14,24,1,24,25,18,2,0,0
20260810,14,25,1,25,13,13,0,1,0
20260810,14,26,1,26,16,13,1,0,0
20260810,14,27,1,27,17,13,2,0,0
20260810,14,28,1,28,18,13,3,0,0
20260810,14,29,1,29,14,13,4,0,0
20260810,14,30,1,30,14,13,5,0,0
20260810,14,31,1,31,14,13,6,0,0
20260810,14,32,1,32,10,10,0,1,0
20260810,14,33,1,33,8,8,0,1,0
20260810,14,34,1,34,7,7,0,1,0
20260810,14,35,1,35,7,7,1,0,0
20260810,14,36,1,36,5,5,0,1,0
20260810,14,37,1,37,4,4,0,1,0
20260810,14,38,1,38,8,4,1,0,0
20260810,14,39,1,39,5,4,2,0,0
20260810,14,40,1,40,8,4,3,0,0
20260810,14,41,1,41,6,4,4,0,0
20260810,14,42,1,42,8,4,5,0,0
20260810,14,43,1,43,7,4,6,0,0
20260810,14,44,1,44,8,4,7,0,0
20260810,14,45,1,45,7,4,8,0,0
20260810,14,46,1,46,8,4,9,0,0
20260810,14,47,1,47,5,4,10,0,0
20260810,14,48,1,48,8,4,11,0,0
20260810,14,49,1,49,8,4,12,0,0
20260810,14,50,1,50,8,4,13,0,0
20260810,14,51,1,51,8,4,14,0,0
20260810,14,52,1,52,5,4,15,0,0
20260810,14,53,1,53,3,3,0,1,0
20260810,14,54,1,54,8,3,1,0,0
20260810,14,55,1,55,8,3,2,0,0
20260810,14,56,1,56,4,3,3,0,0
20260810,14,57,1,57,4,3,4,0,0
20260810,14,58,1,58,2,2,0,1,0
20260810,14,59,1,59,4,2,1,0,0
20260810,14,60,1,60,4,2,2,0,0
20260810,14,61,1,61,4,2,3,0,0
20260810,14,62,1,62,3,2,4,0,0
20260810,14,63,1,63,0,0,0,1,1
20260810,15,1,1,1,162,131,1,0,0
20260810,15,2,1,2,128,128,0,1,0
20260810,15,3,1,3,91,91,0,1,0
20260810,15,4,1,4,84,84,0,1,0
20260810,15,5,1,5,33,33,0,1,0
20260810,15,6,1,6,27,27,0,1,0
20260810,15,7,1,7,23,23,0,1,0
20260810,15,8,1,8,15,15,0,1,0
20260810,15,9,1,9,6,6,0,1,0
20260810,15,10,1,10,3,3,0,1,0
20260810,15,11,1,11,6,3,1,0,0
20260810,15,12,1,12,3,3,2,0,0
20260810,15,13,1,13,7,3,3,0,0
20260810,15,14,1,14,4,3,4,0,0
20260810,15,15,1,15,4,3,5,0,0
20260810,15,16,1,16,7,3,6,0,0
20260810,15,17,1,17,0,0,0,1,1
20260810,16,1,1,1,192,137,1,0,0
20260810,16,2,1,2,193,137,2,0,0
20260810,16,3,1,3,115,115,0,1,0
20260810,16,4,1,4,116,115,1,0,0
20260810,16,5,1,5,101,101,0,1,0
20260810,16,6,1,6,75,75,0,1,0
20260810,16,7,1,7,79,75,1,0,0
20260810,16,8,1,8,70,70,0,1,0
20260810,16,9,1,9,77,70,1,0,0
20260810,16,10,1,10,65,65,0,1,0
20260810,16,11,1,11,60,60,0,1,0
20260810,16,12,1,12,62,60,1,0,0
20260810,16,13,1,13,69,60,2,0,0
20260810,16,14,1,14,60,60,3,0,0
20260810,16,15,1,15,55,55,0,1,0
20260810,16,16,1,16,51,51,0,1,0
20260810,16,17,1,17,48,48,0,1,0
20260810,16,18,1,18,50,48,1,0,0
20260810,16,19,1,19,54,48,2,0,0
20260810,16,20,1,20,43,43,0,1,0
20260810,16,21,1,21,48,43,1,0,0
20260810,16,22,1,22,38,38,0,1,0
20260810,16,23,1,23,50,38,1,0,0
20260810,16,24,1,24,40,38,2,0,0
20260810,16,25,1,25,36,36,0,1,0
20260810,16,26,1,26,31,31,0,1,0
20260810,16,27,1,27,28,28,0,1,0
20260810,16,28,1,28,38,28,1,0,0
20260810,16,29,1,29,31,28,2,0,0
20260810,16,30,1,30,21,21,0,1,0
20260810,16,31,1,31,25,21,1,0,0
20260810,16,32,1,32,23,21,2,0,0
20260810,16,33,1,33,20,20,0,1,0
20260810,16,34,1,34,22,20,1,0,0
20260810,16,35,1,35,18,18,0,1,0
20260810,16,36,1,36,19,18,1,0,0
20260810,16,37,1,37,16,16,0,1,0
20260810,16,38,1,38,17,16,1,0,0
20260810,16,39,1,39,15,15,0,1,0
20260810,16,40,1,40,19,15,1,0,0
20260810,16,41,1,41,9,9,0,1,0
20260810,16,42,1,42,4,4,0,1,0
20260810,16,43,1,43,1,1,0,1,0
20260810,16,44,1,44,1,1,1,0,0
20260810,16,45,1,45,1,1,2,0,0
20260810,16,46,1,46,3,1,3,0,0
20260810,16,47,1,47,0,0,0,1,1
20260810,17,1,1,1,354,220,1,0,0
20260810,17,2,1,2,241,220,2,0,0
20260810,17,3,1,3,171,171,0,1,0
20260810,17,4,1,4,183,171,1,0,0
20260810,17,5,1,5,153,153,0,1,0
20260810,17,6,1,6,141,141,0,1,0
20260810,17,7,1,7,114,114,0,1,0
20260810,17,8,1,8,86,86,0,1,0
20260810,17,9,1,9,75,75,0,1,0
20260810,17,10,1,10,72,72,0,1,0
20260810,17,11,1,11,59,59,0,1,0
20260810,17,12,1,12,55,55,0,1,0
20260810,17,13,1,13,51,51,0,1,0
20260810,17,14,1,14,42,42,0,1,0
20260810,17,15,1,15,42,42,1,0,0
20260810,17,16,1,16,39,39,0,1,0
20260810,17,17,1,17,26,26,0,1,0
20260810,17,18,1,18,23,23,0,1,0
20260810,17,19,1,19,15,15,0,1,0
20260810,17,20,1,20,20,15,1,0,0
20260810,17,21,1,21,13,13,0,1,0
20260810,17,22,1,22,17,13,1,0,0
20260810,17,23,1,23,17,13,2,0,0
20260810,17,24,1,24,14,13,3,0,0
20260810,17,25,1,25,7,7,0,1,0
20260810,17,26,1,26,7,7,1,0,0
20260810,17,27,1,27,11,7,2,0,0
20260810,17,28,1,28,6,6,0,1,0
20260810,17,29,1,29,6,6,1,0,0
20260810,17,30,1,30,6,6,2,0,0
20260810,17,31,1,31,9,6,3,0,0
20260810,17,32,1,32,8,6,4,0,0
20260810,17,33,1,33,6,6,5,0,0
20260810,17,34,1,34,8,6,6,0,0
20260810,17,35,1,35,9,6,7,0,0
20260810,17,36,1,36,11,6,8,0,0
20260810,17,37,1,37,8,6,9,0,0
20260810,17,38,1,38,0,0,0,1,1
20260810,18,1,1,1,209,165,1,0,0
20260810,18,2,1,2,191,165,2,0,0
20260810,18,3,1,3,121,121,0,1,0
20260810,18,4,1,4,134,121,1,0,0
20260810,18,5,1,5,98,98,0,1,0
20260810,18,6,1,6,86,86,0,1,0
20260810,18,7,1,7,76,76,0,1,0
20260810,18,8,1,8,78,76,1,0,0
20260810,18,9,1,9,68,68,0,1,0
20260810,18,10,1,10,62,62,0,1,0
20260810,18,11,1,11,55,55,0,1,0
20260810,18,12,1,12,49,49,0,1,0
20260810,18,13,1,13,40,40,0,1,0
20260810,18,14,1,14,36,36,0,1,0
20260810,18,15,1,15,29,29,0,1,0
20260810,18,16,1,16,33,29,1,0,0
20260810,18,17,1,17,31,29,2,0,0
20260810,18,18,1,18,27,27,0,1,0
20260810,18,19,1,19,17,17,0,1,0
20260810,18,20,1,20,24,17,1,0,0
20260810,18,21,1,21,19,17,2,0,0
20260810,18,22,1,22,22,17,3,0,0
20260810,18,23,1,23,17,17,4,0,0
20260810,18,24,1,24,16,16,0,1,0
20260810,18,25,1,25,16,16,1,0,0
20260810,18,26,1,26,15,15,0,1,0
20260810,18,27,1,27,14,14,0,1,0
20260810,18,28,1,28,19,14,1,0,0
20260810,18,29,1,29,13,13,0,1,0
20260810,18,30,1,30,19,13,1,0,0
20260810,18,31,1,31,16,13,2,0,0
20260810,18,32,1,32,15,13,3,0,0
20260810,18,33,1,33,10,10,0,1,0
20260810,18,34,1,34,15,10,1,0,0
20260810,18,35,1,35,11,10,2,0,0
20260810,18,36,1,36,14,10,3,0,0
20260810,18,37,1,37,11,10,4,0,0
20260810,18,38,1,38,11,10,5,0,0
20260810,18,39,1,39,15,10,6,0,0
20260810,18,40,1,40,11,10,7,0,0
20260810,18,41,1,41,15,10,8,0,0
20260810,18,42,1,42,15,10,9,0,0
20260810,18,43,1,43,13,10,10,0,0
20260810,18,44,1,44,12,10,11,0,0
20260810,18,45,1,45,9,9,0,1,0
20260810,18,46,1,46,14,9,1,0,0
20260810,18,47,1,47,8,8,0,1,0
20260810,18,48,1,48,10,8,1,0,0
20260810,18,49,1,49,13,8,2,0,0
20260810,18,50,1,50,10,8,3,0,0
20260810,18,51,1,51,15,8,4,0,0
20260810,18,52,1,52,14,8,5,0,0
20260810,18,53,1,53,5,5,0,1,0
20260810,18,54,1,54,13,5,1,0,0
20260810,18,55,1,55,4,4,0,1,0
20260810,18,56,1,56,3,3,0,1,0
20260810,18,57,1,57,7,3,1,0,0
20260810,18,58,1,58,5,3,2,0,0
20260810,18,59,1,59,5,3,3,0,0
20260810,18,60,1,60,8,3,4,0,0
20260810,18,61,1,61,3,3,5,0,0
20260810,18,62,1,62,9,3,6,0,0
20260810,18,63,1,63,3,3,7,0,0
20260810,18,64,1,64,2,2,0,1,0
20260810,18,65,1,65,8,2,1,0,0
20260810,18,66,1,66,5,2,2,0,0
20260810,18,67,1,67,7,2,3,0,0
20260810,18,68,1,68,3,2,4,0,0
20260810,18,69,1,69,6,2,5,0,0
20260810,18,70,1,70,6,2,6,0,0
20260810,18,71,1,71,3,2,7,0,0
20260810,18,72,1,72,0,0,0,1,1
20260810,19,1,1,1,339,214,1,0,0
20260810,19,2,1,2,254,214,2,0,0
20260810,19,3,1,3,166,166,0,1,0
20260810,19,4,1,4,202,166,1,0,0
20260810,19,5,1,5,155,155,0,1,0
20260810,19,6,1,6,123,123,0,1,0
20260810,19,7,1,7,116,116,0,1,0
20260810,19,8,1,8,111,111,0,1,0
20260810,19,9,1,9,80,80,0,1,0
20260810,19,10,1,10,91,80,1,0,0
20260810,19,11,1,11,74,74,0,1,0
20260810,19,12,1,12,74,74,1,0,0
20260810,19,13,1,13,54,54,0,1,0
20260810,19,14,1,14,59,54,1,0,0
20260810,19,15,1,15,64,54,2,0,0
20260810,19,16,1,16,64,54,3,0,0
20260810,19,17,1,17,67,54,4,0,0
20260810,19,18,1,18,63,54,5,0,0
20260810,19,19,1,19,52,52,0,1,0
20260810,19,20,1,20,47,47,0,1,0
20260810,19,21,1,21,50,47,1,0,0
20260810,19,22,1,22,50,47,2,0,0
20260810,19,23,1,23,52,47,3,0,0
20260810,19,24,1,24,42,42,0,1,0
20260810,19,25,1,25,38,38,0,1,0
20260810,19,26,1,26,33,33,0,1,0
20260810,19,27,1,27,40,33,1,0,0
20260810,19,28,1,28,43,33,2,0,0
20260810,19,29,1,29,31,31,0,1,0
20260810,19,30,1,30,36,31,1,0,0
20260810,19,31,1,31,39,31,2,0,0
20260810,19,32,1,32,33,31,3,0,0
20260810,19,33,1,33,36,31,4,0,0
20260810,19,34,1,34,24,24,0,1,0
20260810,19,35,1,35,29,24,1,0,0
20260810,19,36,1,36,24,24,2,0,0
20260810,19,37,1,37,31,24,3,0,0
20260810,19,38,1,38,22,22,0,1,0
20260810,19,39,1,39,32,22,1,0,0
20260810,19,40,1,40,28,22,2,0,0
20260810,19,41,1,41,23,22,3,0,0
20260810,19,42,1,42,18,18,0,1,0
20260810,19,43,1,43,19,18,1,0,0
20260810,19,44,1,44,22,18,2,0,0
20260810,19,45,1,45,22,18,3,0,0
20260810,19,46,1,46,18,18,4,0,0
20260810,19,47,1,47,21,18,5,0,0
20260810,19,48,1,48,13,13,0,1,0
20260810,19,49,1,49,13,13,1,0,0
20260810,19,50,1,50,18,13,2,0,0
20260810,19,51,1,51,26,13,3,0,0
20260810,19,52,1,52,25,13,4,0,0
20260810,19,53,1,53,23,13,5,0,0
20260810,19,54,1,54,18,13,6,0,0
20260810,19,55,1,55,18,13,7,0,0
20260810,19,56,1,56,9,9,0,1,0
20260810,19,57,1,57,7,7,0,1,0
20260810,19,58,1,58,16,7,1,0,0
20260810,19,59,1,59,12,7,2,0,0
20260810,19,60,1,60,12,7,3,0,0
20260810,19,61,1,61,10,7,4,0,0
20260810,19,62,1,62,7,7,5,0,0
20260810,19,63,1,63,7,7,6,0,0
20260810,19,64,1,64,6,6,0,1,0
20260810,19,65,1,65,6,6,1,0,0
20260810,19,66,1,66,9,6,2,0,0
20260810,19,67,1,67,13,6,3,0,0
20260810,19,68,1,68,10,6,4,0,0
20260810,19,69,1,69,10,6,5,0,0
20260810,19,70,1,70,7,6,6,0,0
20260810,19,71,1,71,8,6,7,0,0
20260810,19,72,1,72,6,6,8,0,0
20260810,19,73,1,73,11,6,9,0,0
20260810,19,74,1,74,15,6,10,0,0
20260810,19,75,1,75,11,6,11,0,0
20260810,19,76,1,76,8,6,12,0,0
20260810,19,77,1,77,10,6,13,0,0
20260810,19,78,1,78,7,6,14,0,0
20260810,19,79,1,79,13,6,15,0,0
20260810,19,80,1,80,11,6,16,0,0
20260810,19,81,2,1,840,6,17,0,0
20260810,19,82,2,2,832,6,18,0,0
20260810,19,83,2,3,863,6,19,0,0
20260810,19,84,2,4,787,6,20,0,0
20260810,19,85,2,5,864,6,21,0,0
20260810,19,86,2,6,719,6,22,0,0
20260810,19,87,2,7,677,6,23,0,0
20260810,19,88,2,8,239,6,24,0,0
20260810,19,89,2,9,150,6,25,0,0
20260810,19,90,2,10,127,6,26,0,0
20260810,19,91,2,11,91,6,27,0,0
20260810,19,92,2,12,70,6,28,0,0
20260810,19,93,2,13,72,6,29,0,0
20260810,19,94,2,14,62,6,30,0,0
20260810,19,95,2,15,60,6,31,0,0
20260810,19,96,2,16,52,6,32,0,0
20260810,19,97,2,17,56,6,33,0,0
20260810,19,98,2,18,49,6,34,0,0
20260810,19,99,2,19,33,6,35,0,0
20260810,19,100,2,20,32,6,36,0,0
20260810,19,101,2,21,24,6,37,0,0
20260810,19,102,2,22,26,6,38,0,0
20260810,19,103,2,23,24,6,39,0,0
20260810,19,104,2,24,25,6,40,0,0
20260810,19,105,2,25,33,6,41,0,0
20260810,19,106,2,26,25,6,42,0,0
20260810,19,107,2,27,25,6,43,0,0
20260810,19,108,2,28,25,6,44,0,0
20260810,19,109,2,29,20,6,45,0,0
20260810,19,110,2,30,24,6,46,0,0
20260810,19,111,2,31,18,6,47,0,0
20260810,19,112,2,32,15,6,48,0,0
20260810,19,113,2,33,16,6,49,0,0
20260810,19,114,2,34,17,6,50,0,0
20260810,19,115,2,35,14,6,51,0,0
20260810,19,116,2,36,12,6,52,0,0
20260810,19,117,2,37,18,6,53,0,0
20260810,19,118,2,38,15,6,54,0,0
20260810,19,119,2,39,13,6,55,0,0
20260810,19,120,2,40,11,6,56,0,0
20260810,19,121,2,41,20,6,57,0,0
20260810,19,122,2,42,14,6,58,0,0
20260810,19,123,2,43,11,6,59,0,0
20260810,19,124,2,44,14,6,60,0,0
20260810,19,125,2,45,14,6,61,0,0
20260810,19,126,2,46,9,6,62,0,0
20260810,19,127,2,47,10,6,63,0,0
20260810,19,128,2,48,11,6,64,0,0
20260810,19,129,2,49,8,6,65,0,0
20260810,19,130,2,50,4,4,0,1,0
20260810,19,131,2,51,18,4,1,0,0
20260810,19,132,2,52,11,4,2,0,0
20260810,19,133,2,53,16,4,3,0,0
20260810,19,134,2,54,18,4,4,0,0
20260810,19,135,2,55,19,4,5,0,0
20260810,19,136,2,56,27,4,6,0,0
20260810,19,137,2,57,45,4,7,0,0
20260810,19,138,2,58,109,4,8,0,0
20260810,19,139,2,59,263,4,9,0,0
20260810,19,140,2,60,364,4,10,0,0
20260810,19,141,3,1,809,4,11,0,0
20260810,19,142,3,2,730,4,12,0,0
20260810,19,143,3,3,163,4,13,0,0
20260810,19,144,3,4,100,4,14,0,0
20260810,19,145,3,5,91,4,15,0,0
20260810,19,146,3,6,74,4,16,0,0
20260810,19,147,3,7,70,4,17,0,0
20260810,19,148,3,8,65,4,18,0,0
20260810,19,149,3,9,62,4,19,0,0
20260810,19,150,3,10,54,4,20,0,0
20260810,19,151,3,11,68,4,21,0,0
20260810,19,152,3,12,62,4,22,0,0
20260810,19,153,3,13,56,4,23,0,0
20260810,19,154,3,14,35,4,24,0,0
20260810,19,155,3,15,32,4,25,0,0
20260810,19,156,3,16,29,4,26,0,0
20260810,19,157,3,17,24,4,27,0,0
20260810,19,158,3,18,24,4,28,0,0
20260810,19,159,3,19,19,4,29,0,0
20260810,19,160,3,20,16,4,30,0,0
20260810,19,161,3,21,13,4,31,0,0
20260810,19,162,3,22,14,4,32,0,0
20260810,19,163,3,23,16,4,33,0,0
20260810,19,164,3,24,15,4,34,0,0
20260810,19,165,3,25,16,4,35,0,0
20260810,19,166,3,26,15,4,36,0,0
20260810,19,167,3,27,16,4,37,0,0
20260810,19,168,3,28,8,4,38,0,0
20260810,19,169,3,29,9,4,39,0,0
20260810,19,170,3,30,14,4,40,0,0
20260810,19,171,3,31,18,4,41,0,0
20260810,19,172,3,32,21,4,42,0,0
20260810,19,173,3,33,19,4,43,0,0
20260810,19,174,3,34,21,4,44,0,0
20260810,19,175,3,35,11,4,45,0,0
20260810,19,176,3,36,8,4,46,0,0
20260810,19,177,3,37,10,4,47,0,0
20260810,19,178,3,38,12,4,48,0,0
20260810,19,179,3,39,40,4,49,0,0
20260810,19,180,3,40,119,4,50,0,0
20260810,19,181,3,41,273,4,51,0,0
20260810,19,182,3,42,404,4,52,0,0
20260810,19,183,3,43,300,4,53,0,0
20260810,19,184,3,44,189,4,54,0,0
20260810,19,185,3,45,195,4,55,0,0
20260810,19,186,3,46,186,4,56,0,0
20260810,19,187,3,47,203,4,57,0,0
20260810,19,188,3,48,175,4,58,0,0
20260810,19,189,3,49,66,4,59,0,0
20260810,19,190,3,50,45,4,60,0,0
20260810,19,191,3,51,37,4,61,0,0
20260810,19,192,3,52,38,4,62,0,0
20260810,19,193,3,53,29,4,63,0,0
20260810,19,194,3,54,27,4,64,0,0
20260810,19,195,3,55,27,4,65,0,0
20260810,19,196,3,56,25,4,66,0,0
20260810,19,197,3,57,21,4,67,0,0
20260810,19,198,3,58,17,4,68,0,0
20260810,19,199,3,59,19,4,69,0,0
20260810,19,200,3,60,19,4,70,0,0
20260810,19,201,4,1,851,4,71,0,0
20260810,19,202,4,2,248,4,72,0,0
20260810,19,203,4,3,125,4,73,0,0
20260810,19,204,4,4,108,4,74,0,0
20260810,19,205,4,5,95,4,75,0,0
20260810,19,206,4,6,82,4,76,0,0
20260810,19,207,4,7,72,4,77,0,0
20260810,19,208,4,8,80,4,78,0,0
20260810,19,209,4,9,69,4,79,0,0
20260810,19,210,4,10,73,4,80,0,0
20260810,19,211,4,11,57,4,81,0,0
20260810,19,212,4,12,49,4,82,0,0
20260810,19,213,4,13,39,4,83,0,0
20260810,19,214,4,14,44,4,84,0,0
20260810,19,215,4,15,30,4,85,0,0
20260810,19,216,4,16,17,4,86,0,0
20260810,19,217,4,17,18,4,87,0,0
20260810,19,218,4,18,11,4,88,0,0
20260810,19,219,4,19,14,4,89,0,0
20260810,19,220,4,20,9,4,90,0,0
20260810,19,221,4,21,10,4,91,0,0
20260810,19,222,4,22,7,4,92,0,0
20260810,19,223,4,23,5,4,93,0,0
20260810,19,224,4,24,6,4,94,0,0
20260810,19,225,4,25,6,4,95,0,0
20260810,19,226,4,26,9,4,96,0,0
20260810,19,227,4,27,8,4,97,0,0
20260810,19,228,4,28,13,4,98,0,0
20260810,19,229,4,29,10,4,99,0,0
20260810,19,230,4,30,12,4,100,0,0
20260810,19,231,4,31,10,4,101,0,0
20260810,19,232,4,32,19,4,102,0,0
20260810,19,233,4,33,15,4,103,0,0
20260810,19,234,4,34,4,4,104,0,0
20260810,19,235,4,35,6,4,105,0,0
20260810,19,236,4,36,6,4,106,0,0
20260810,19,237,4,37,2,2,0,1,0
20260810,19,238,4,38,1,1,0,1,0
20260810,19,239,4,39,4,1,1,0,0
20260810,19,240,4,40,5,1,2,0,0
20260810,19,241,4,41,7,1,3,0,0
20260810,19,242,4,42,3,1,4,0,0
20260810,19,243,4,43,4,1,5,0,0
20260810,19,244,4,44,8,1,6,0,0
20260810,19,245,4,45,14,1,7,0,0
20260810,19,246,4,46,27,1,8,0,0
20260810,19,247,4,47,64,1,9,0,0
20260810,19,248,4,48,123,1,10,0,0
20260810,19,249,4,49,277,1,11,0,0
20260810,19,250,4,50,458,1,12,0,0
20260810,19,251,4,51,222,1,13,0,0
20260810,19,252,4,52,188,1,14,0,0
20260810,19,253,4,53,116,1,15,0,0
20260810,19,254,4,54,61,1,16,0,0
20260810,19,255,4,55,24,1,17,0,0
20260810,19,256,4,56,21,1,18,0,0
20260810,19,257,4,57,21,1,19,0,0
20260810,19,258,4,58,13,1,20,0,0
20260810,19,259,4,59,12,1,21,0,0
20260810,19,260,4,60,6,1,22,0,0
20260810,19,261,5,1,862,1,23,0,0
20260810,19,262,5,2,153,1,24,0,0
20260810,19,263,5,3,86,1,25,0,0
20260810,19,264,5,4,62,1,26,0,0
20260810,19,265,5,5,65,1,27,0,0
20260810,19,266,5,6,45,1,28,0,0
20260810,19,267,5,7,43,1,29,0,0
20260810,19,268,5,8,46,1,30,0,0
20260810,19,269,5,9,35,1,31,0,0
20260810,19,270,5,10,34,1,32,0,0
20260810,19,271,5,11,32,1,33,0,0
20260810,19,272,5,12,28,1,34,0,0
20260810,19,273,5,13,25,1,35,0,0
20260810,19,274,5,14,18,1,36,0,0
20260810,19,275,5,15,28,1,37,0,0
20260810,19,276,5,16,22,1,38,0,0
20260810,19,277,5,17,26,1,39,0,0
20260810,19,278,5,18,21,1,40,0,0
20260810,19,279,5,19,22,1,41,0,0
20260810,19,280,5,20,12,1,42,0,0
20260810,19,281,5,21,12,1,43,0,0
20260810,19,282,5,22,11,1,44,0,0
20260810,19,283,5,23,9,1,45,0,0
20260810,19,284,5,24,14,1,46,0,0
20260810,19,285,5,25,18,1,47,0,0
20260810,19,286,5,26,16,1,48,0,0
20260810,19,287,5,27,15,1,49,0,0
20260810,19,288,5,28,9,1,50,0,0
20260810,19,289,5,29,13,1,51,0,0
20260810,19,290,5,30,13,1,52,0,0
20260810,19,291,5,31,18,1,53,0,0
20260810,19,292,5,32,16,1,54,0,0
20260810,19,293,5,33,16,1,55,0,0
20260810,19,294,5,34,17,1,56,0,0
20260810,19,295,5,35,11,1,57,0,0
20260810,19,296,5,36,4,1,58,0,0
20260810,19,297,5,37,12,1,59,0,0
20260810,19,298,5,38,9,1,60,0,0
20260810,19,299,5,39,12,1,61,0,0
20260810,19,300,5,40,10,1,62,0,0
20260810,19,301,5,41,10,1,63,0,0
20260810,19,302,5,42,10,1,64,0,0
20260810,19,303,5,43,10,1,65,0,0
20260810,19,304,5,44,8,1,66,0,0
20260810,19,305,5,45,21,1,67,0,0
20260810,19,306,5,46,66,1,68,0,0
20260810,19,307,5,47,222,1,69,0,0
20260810,19,308,5,48,399,1,70,0,0
20260810,19,309,5,49,326,1,71,0,0
20260810,19,310,5,50,374,1,72,0,0
20260810,19,311,5,51,369,1,73,0,0
20260810,19,312,5,52,255,1,74,0,0
20260810,19,313,5,53,82,1,75,0,0
20260810,19,314,5,54,48,1,76,0,0
20260810,19,315,5,55,40,1,77,0,0
20260810,19,316,5,56,36,1,78,0,0
20260810,19,317,5,57,28,1,79,0,0
20260810,19,318,5,58,22,1,80,0,0
20260810,19,319,5,59,18,1,81,0,0
20260810,19,320,5,60,12,1,82,0,0
20260810,19,321,6,1,903,1,83,0,0
20260810,19,322,6,2,179,1,84,0,0
20260810,19,323,6,3,120,1,85,0,0
20260810,19,324,6,4,82,1,86,0,0
20260810,19,325,6,5,83,1,87,0,0
20260810,19,326,6,6,62,1,88,0,0
20260810,19,327,6,7,66,1,89,0,0
20260810,19,328,6,8,53,1,90,0,0
20260810,19,329,6,9,39,1,91,0,0
20260810,19,330,6,10,32,1,92,0,0
20260810,19,331,6,11,27,1,93,0,0
20260810,19,332,6,12,30,1,94,0,0
20260810,19,333,6,13,35,1,95,0,0
20260810,19,334,6,14,31,1,96,0,0
20260810,19,335,6,15,25,1,97,0,0
20260810,19,336,6,16,25,1,98,0,0
20260810,19,337,6,17,27,1,99,0,0
20260810,19,338,6,18,11,1,100,0,0
20260810,19,339,6,19,15,1,101,0,0
20260810,19,340,6,20,10,1,102,0,0
20260810,19,341,6,21,20,1,103,0,0
20260810,19,342,6,22,13,1,104,0,0
20260810,19,343,6,23,9,1,105,0,0
20260810,19,344,6,24,9,1,106,0,0
20260810,19,345,6,25,6,1,107,0,0
20260810,19,346,6,26,5,1,108,0,0
20260810,19,347,6,27,10,1,109,0,0
20260810,19,348,6,28,11,1,110,0,0
20260810,19,349,6,29,7,1,111,0,0
20260810,19,350,6,30,6,1,112,0,0
20260810,19,351,6,31,4,1,113,0,0
20260810,19,352,6,32,5,1,114,0,0
20260810,19,353,6,33,4,1,115,0,0
20260810,19,354,6,34,7,1,116,0,0
20260810,19,355,6,35,8,1,117,0,0
20260810,19,356,6,36,13,1,118,0,0
20260810,19,357,6,37,12,1,119,0,0
20260810,19,358,6,38,25,1,120,0,0
20260810,19,359,6,39,11,1,121,0,0
20260810,19,360,6,40,14,1,122,0,0
20260810,19,361,6,41,11,1,123,0,0
20260810,19,362,6,42,30,1,124,0,0
20260810,19,363,6,43,17,1,125,0,0
20260810,19,364,6,44,14,1,126,0,0
20260810,19,365,6,45,27,1,127,0,0
20260810,19,366,6,46,18,1,128,0,0
20260810,19,367,6,47,35,1,129,0,0
20260810,19,368,6,48,45,1,130,0,0
20260810,19,369,6,49,126,1,131,0,0
20260810,19,370,6,50,173,1,132,0,0
20260810,19,371,6,51,54,1,133,0,0
20260810,19,372,6,52,8,1,134,0,0
20260810,19,373,6,53,2,1,135,0,0
20260810,19,374,6,54,3,1,136,0,0
20260810,19,375,6,55,3,1,137,0,0
20260810,19,376,6,56,3,1,138,0,0
20260810,19,377,6,57,5,1,139,0,0
20260810,19,378,6,58,6,1,140,0,0
20260810,19,379,6,59,5,1,141,0,0
20260810,19,380,6,60,1,1,142,0,0
20260810,19,381,7,1,896,1,143,0,0
20260810,19,382,7,2,97,1,144,0,0
20260810,19,383,7,3,70,1,145,0,0
20260810,19,384,7,4,56,1,146,0,0
20260810,19,385,7,5,55,1,147,0,0
20260810,19,386,7,6,46,1,148,0,0
20260810,19,387,7,7,41,1,149,0,0
20260810,19,388,7,8,37,1,150,0,0
20260810,19,389,7,9,35,1,151,0,0
20260810,19,390,7,10,40,1,152,0,0
20260810,19,391,7,11,43,1,153,0,0
20260810,19,392,7,12,29,1,154,0,0
20260810,19,393,7,13,25,1,155,0,0
20260810,19,394,7,14,11,1,156,0,0
20260810,19,395,7,15,9,1,157,0,0
20260810,19,396,7,16,15,1,158,0,0
20260810,19,397,7,17,9,1,159,0,0
20260810,19,398,7,18,11,1,160,0,0
20260810,19,399,7,19,11,1,161,0,0
20260810,19,400,7,20,11,1,162,0,0
20260810,19,401,7,21,10,1,163,0,0
20260810,19,402,7,22,7,1,164,0,0
20260810,19,403,7,23,8,1,165,0,0
20260810,19,404,7,24,4,1,166,0,0
20260810,19,405,7,25,8,1,167,0,0
20260810,19,406,7,26,2,1,168,0,0
20260810,19,407,7,27,7,1,169,0,0
20260810,19,408,7,28,10,1,170,0,0
20260810,19,409,7,29,12,1,171,0,0
20260810,19,410,7,30,24,1,172,0,0
20260810,19,411,7,31,26,1,173,0,0
20260810,19,412,7,32,39,1,174,0,0
20260810,19,413,7,33,42,1,175,0,0
20260810,19,414,7,34,96,1,176,0,0
20260810,19,415,7,35,274,1,177,0,0
20260810,19,416,7,36,544,1,178,0,0
20260810,19,417,7,37,313,1,179,0,0
20260810,19,418,7,38,160,1,180,0,0
20260810,19,419,7,39,90,1,181,0,0
20260810,19,420,7,40,55,1,182,0,0
20260810,19,421,7,41,44,1,183,0,0
20260810,19,422,7,42,34,1,184,0,0
20260810,19,423,7,43,25,1,185,0,0
20260810,19,424,7,44,16,1,186,0,0
20260810,19,425,7,45,21,1,187,0,0
20260810,19,426,7,46,23,1,188,0,0
20260810,19,427,7,47,18,1,189,0,0
20260810,19,428,7,48,21,1,190,0,0
20260810,19,429,7,49,24,1,191,0,0
20260810,19,430,7,50,19,1,192,0,0
20260810,19,431,7,51,13,1,193,0,0
20260810,19,432,7,52,17,1,194,0,0
20260810,19,433,7,53,18,1,195,0,0
20260810,19,434,7,54,17,1,196,0,0
20260810,19,435,7,55,12,1,197,0,0
20260810,19,436,7,56,16,1,198,0,0
20260810,19,437,7,57,12,1,199,0,0
20260810,19,438,7,58,13,1,200,0,0
20260810,19,439,7,59,10,1,201,0,0
20260810,19,440,7,60,6,1,202,0,0
20260810,19,441,8,1,856,1,203,0,0
20260810,19,442,8,2,150,1,204,0,0
20260810,19,443,8,3,95,1,205,0,0
20260810,19,444,8,4,58,1,206,0,0
20260810,19,445,8,5,43,1,207,0,0
20260810,19,446,8,6,47,1,208,0,0
20260810,19,447,8,7,34,1,209,0,0
20260810,19,448,8,8,23,1,210,0,0
20260810,19,449,8,9,25,1,211,0,0
20260810,19,450,8,10,21,1,212,0,0
20260810,19,451,8,11,15,1,213,0,0
20260810,19,452,8,12,7,1,214,0,0
20260810,19,453,8,13,4,1,215,0,0
20260810,19,454,8,14,5,1,216,0,0
20260810,19,455,8,15,6,1,217,0,0
20260810,19,456,8,16,10,1,218,0,0
20260810,19,457,8,17,10,1,219,0,0
20260810,19,458,8,18,10,1,220,0,0
20260810,19,459,8,19,13,1,221,0,0
20260810,19,460,8,20,12,1,222,0,0
20260810,19,461,8,21,14,1,223,0,0
20260810,19,462,8,22,11,1,224,0,0
20260810,19,463,8,23,21,1,225,0,0
20260810,19,464,8,24,30,1,226,0,0
20260810,19,465,8,25,45,1,227,0,0
20260810,19,466,8,26,133,1,228,0,0
20260810,19,467,8,27,241,1,229,0,0
20260810,19,468,8,28,263,1,230,0,0
20260810,19,469,8,29,216,1,231,0,0
20260810,19,470,8,30,214,1,232,0,0
20260810,19,471,8,31,222,1,233,0,0
20260810,19,472,8,32,238,1,234,0,0
20260810,19,473,8,33,245,1,235,0,0
20260810,19,474,8,34,195,1,236,0,0
20260810,19,475,8,35,151,1,237,0,0
20260810,19,476,8,36,73,1,238,0,0
20260810,19,477,8,37,54,1,239,0,0
20260810,19,478,8,38,36,1,240,0,0
20260810,19,479,8,39,39,1,241,0,0
20260810,19,480,8,40,35,1,242,0,0
20260810,19,481,8,41,31,1,243,0,0
20260810,19,482,8,42,28,1,244,0,0
20260810,19,483,8,43,23,1,245,0,0
20260810,19,484,8,44,15,1,246,0,0
20260810,19,485,8,45,19,1,247,0,0
20260810,19,486,8,46,12,1,248,0,0
20260810,19,487,8,47,10,1,249,0,0
20260810,19,488,8,48,8,1,250,0,0
20260810,19,489,8,49,9,1,251,0,0
20260810,19,490,8,50,6,1,252,0,0
20260810,19,491,8,51,8,1,253,0,0
20260810,19,492,8,52,7,1,254,0,0
20260810,19,493,8,53,12,1,255,0,0
20260810,19,494,8,54,8,1,256,0,0
20260810,19,495,8,55,5,1,257,0,0
20260810,19,496,8,56,2,1,258,0,0
20260810,19,497,8,57,5,1,259,0,0
20260810,19,498,8,58,0,0,0,1,1
20260810,20,1,1,1,283,182,1,0,0
20260810,20,2,1,2,173,173,0,1,0
20260810,20,3,1,3,101,101,0,1,0
20260810,20,4,1,4,118,101,1,0,0
20260810,20,5,1,5,74,74,0,1,0
20260810,20,6,1,6,46,46,0,1,0
20260810,20,7,1,7,49,46,1,0,0
20260810,20,8,1,8,43,43,0,1,0
20260810,20,9,1,9,36,36,0,1,0
20260810,20,10,1,10,24,24,0,1,0
20260810,20,11,1,11,30,24,1,0,0
20260810,20,12,1,12,25,24,2,0,0
20260810,20,13,1,13,31,24,3,0,0
20260810,20,14,1,14,28,24,4,0,0
20260810,20,15,1,15,23,23,0,1,0
20260810,20,16,1,16,33,23,1,0,0
20260810,20,17,1,17,29,23,2,0,0
20260810,20,18,1,18,33,23,3,0,0
20260810,20,19,1,19,28,23,4,0,0
20260810,20,20,1,20,29,23,5,0,0
20260810,20,21,1,21,28,23,6,0,0
20260810,20,22,1,22,25,23,7,0,0
20260810,20,23,1,23,27,23,8,0,0
20260810,20,24,1,24,26,23,9,0,0
20260810,20,25,1,25,24,23,10,0,0
20260810,20,26,1,26,23,23,11,0,0
20260810,20,27,1,27,17,17,0,1,0
20260810,20,28,1,28,18,17,1,0,0
20260810,20,29,1,29,20,17,2,0,0
20260810,20,30,1,30,18,17,3,0,0
20260810,20,31,1,31,16,16,0,1,0
20260810,20,32,1,32,22,16,1,0,0
20260810,20,33,1,33,17,16,2,0,0
20260810,20,34,1,34,13,13,0,1,0
20260810,20,35,1,35,8,8,0,1,0
20260810,20,36,1,36,10,8,1,0,0
20260810,20,37,1,37,6,6,0,1,0
20260810,20,38,1,38,10,6,1,0,0
20260810,20,39,1,39,14,6,2,0,0
20260810,20,40,1,40,14,6,3,0,0
20260810,20,41,1,41,11,6,4,0,0
20260810,20,42,1,42,12,6,5,0,0
20260810,20,43,1,43,12,6,6,0,0
20260810,20,44,1,44,8,6,7,0,0
20260810,20,45,1,45,6,6,8,0,0
20260810,20,46,1,46,7,6,9,0,0
20260810,20,47,1,47,9,6,10,0,0
20260810,20,48,1,48,8,6,11,0,0
20260810,20,49,1,49,8,6,12,0,0
20260810,20,50,1,50,8,6,13,0,0
20260810,20,51,1,51,9,6,14,0,0
20260810,20,52,1,52,8,6,15,0,0
20260810,20,53,1,53,1,1,0,1,0
20260810,20,54,1,54,2,1,1,0,0
20260810,20,55,1,55,2,1,2,0,0
20260810,20,56,1,56,2,1,3,0,0
20260810,20,57,1,57,1,1,4,0,0
20260810,20,58,1,58,2,1,5,0,0
20260810,20,59,1,59,2,1,6,0,0
20260810,20,60,1,60,2,1,7,0,0
20260810,20,61,1,61,1,1,8,0,0
20260810,20,62,1,62,2,1,9,0,0
20260810,20,63,1,63,2,1,10,0,0
20260810,20,64,1,64,2,1,11,0,0
20260810,20,65,1,65,1,1,12,0,0
20260810,20,66,1,66,2,1,13,0,0
20260810,20,67,1,67,2,1,14,0,0
20260810,20,68,1,68,2,1,15,0,0
20260810,20,69,1,69,1,1,16,0,0
20260810,20,70,1,70,2,1,17,0,0
20260810,20,71,1,71,2,1,18,0,0
20260810,20,72,1,72,2,1,19,0,0
20260810,20,73,1,73,1,1,20,0,0
20260810,20,74,1,74,2,1,21,0,0
20260810,20,75,1,75,2,1,22,0,0
20260810,20,76,1,76,2,1,23,0,0
20260810,20,77,1,77,1,1,24,0,0
20260810,20,78,1,78,2,1,25,0,0
20260810,20,79,1,79,2,1,26,0,0
20260810,20,80,1,80,2,1,27,0,0
20260810,20,81,2,1,829,1,28,0,0
20260810,20,82,2,2,830,1,29,0,0
20260810,20,83,2,3,841,1,30,0,0
20260810,20,84,2,4,724,1,31,0,0
20260810,20,85,2,5,850,1,32,0,0
20260810,20,86,2,6,720,1,33,0,0
20260810,20,87,2,7,673,1,34,0,0
20260810,20,88,2,8,195,1,35,0,0
20260810,20,89,2,9,124,1,36,0,0
20260810,20,90,2,10,75,1,37,0,0
20260810,20,91,2,11,60,1,38,0,0
20260810,20,92,2,12,66,1,39,0,0
20260810,20,93,2,13,54,1,40,0,0
20260810,20,94,2,14,42,1,41,0,0
20260810,20,95,2,15,41,1,42,0,0
20260810,20,96,2,16,35,1,43,0,0
20260810,20,97,2,17,24,1,44,0,0
20260810,20,98,2,18,23,1,45,0,0
20260810,20,99,2,19,35,1,46,0,0
20260810,20,100,2,20,22,1,47,0,0
20260810,20,101,2,21,8,1,48,0,0
20260810,20,102,2,22,8,1,49,0,0
20260810,20,103,2,23,10,1,50,0,0
20260810,20,104,2,24,9,1,51,0,0
20260810,20,105,2,25,5,1,52,0,0
20260810,20,106,2,26,9,1,53,0,0
20260810,20,107,2,27,11,1,54,0,0
20260810,20,108,2,28,10,1,55,0,0
20260810,20,109,2,29,2,1,56,0,0
20260810,20,110,2,30,5,1,57,0,0
20260810,20,111,2,31,3,1,58,0,0
20260810,20,112,2,32,0,0,0,1,1
20260810,21,1,1,1,229,163,1,0,0
20260810,21,2,1,2,211,163,2,0,0
20260810,21,3,1,3,129,129,0,1,0
20260810,21,4,1,4,121,121,0,1,0
20260810,21,5,1,5,120,120,0,1,0
20260810,21,6,1,6,92,92,0,1,0
20260810,21,7,1,7,90,90,0,1,0
20260810,21,8,1,8,82,82,0,1,0
20260810,21,9,1,9,83,82,1,0,0
20260810,21,10,1,10,60,60,0,1,0
20260810,21,11,1,11,60,60,1,0,0
20260810,21,12,1,12,41,41,0,1,0
20260810,21,13,1,13,52,41,1,0,0
20260810,21,14,1,14,35,35,0,1,0
20260810,21,15,1,15,40,35,1,0,0
20260810,21,16,1,16,38,35,2,0,0
20260810,21,17,1,17,38,35,3,0,0
20260810,21,18,1,18,26,26,0,1,0
20260810,21,19,1,19,21,21,0,1,0
20260810,21,20,1,20,35,21,1,0,0
20260810,21,21,1,21,37,21,2,0,0
20260810,21,22,1,22,29,21,3,0,0
20260810,21,23,1,23,31,21,4,0,0
20260810,21,24,1,24,26,21,5,0,0
20260810,21,25,1,25,22,21,6,0,0
20260810,21,26,1,26,26,21,7,0,0
20260810,21,27,1,27,26,21,8,0,0
20260810,21,28,1,28,21,21,9,0,0
20260810,21,29,1,29,31,21,10,0,0
20260810,21,30,1,30,24,21,11,0,0
20260810,21,31,1,31,34,21,12,0,0
20260810,21,32,1,32,24,21,13,0,0
20260810,21,33,1,33,25,21,14,0,0
20260810,21,34,1,34,33,21,15,0,0
20260810,21,35,1,35,30,21,16,0,0
20260810,21,36,1,36,40,21,17,0,0
20260810,21,37,1,37,31,21,18,0,0
20260810,21,38,1,38,24,21,19,0,0
20260810,21,39,1,39,27,21,20,0,0
20260810,21,40,1,40,27,21,21,0,0
20260810,21,41,1,41,29,21,22,0,0
20260810,21,42,1,42,22,21,23,0,0
20260810,21,43,1,43,18,18,0,1,0
20260810,21,44,1,44,20,18,1,0,0
20260810,21,45,1,45,18,18,2,0,0
20260810,21,46,1,46,19,18,3,0,0
20260810,21,47,1,47,20,18,4,0,0
20260810,21,48,1,48,17,17,0,1,0
20260810,21,49,1,49,17,17,1,0,0
20260810,21,50,1,50,18,17,2,0,0
20260810,21,51,1,51,17,17,3,0,0
20260810,21,52,1,52,15,15,0,1,0
20260810,21,53,1,53,15,15,1,0,0
20260810,21,54,1,54,24,15,2,0,0
20260810,21,55,1,55,15,15,3,0,0
20260810,21,56,1,56,12,12,0,1,0
20260810,21,57,1,57,13,12,1,0,0
20260810,21,58,1,58,18,12,2,0,0
20260810,21,59,1,59,8,8,0,1,0
20260810,21,60,1,60,18,8,1,0,0
20260810,21,61,1,61,14,8,2,0,0
20260810,21,62,1,62,9,8,3,0,0
20260810,21,63,1,63,12,8,4,0,0
20260810,21,64,1,64,9,8,5,0,0
20260810,21,65,1,65,9,8,6,0,0
20260810,21,66,1,66,8,8,7,0,0
20260810,21,67,1,67,16,8,8,0,0
20260810,21,68,1,68,11,8,9,0,0
20260810,21,69,1,69,13,8,10,0,0
20260810,21,70,1,70,11,8,11,0,0
20260810,21,71,1,71,9,8,12,0,0
20260810,21,72,1,72,12,8,13,0,0
20260810,21,73,1,73,11,8,14,0,0
20260810,21,74,1,74,14,8,15,0,0
20260810,21,75,1,75,11,8,16,0,0
20260810,21,76,1,76,12,8,17,0,0
20260810,21,77,1,77,8,8,18,0,0
20260810,21,78,1,78,15,8,19,0,0
20260810,21,79,1,79,14,8,20,0,0
20260810,21,80,1,80,14,8,21,0,0
20260810,21,81,2,1,858,8,22,0,0
20260810,21,82,2,2,867,8,23,0,0
20260810,21,83,2,3,858,8,24,0,0
20260810,21,84,2,4,507,8,25,0,0
20260810,21,85,2,5,908,8,26,0,0
20260810,21,86,2,6,624,8,27,0,0
20260810,21,87,2,7,320,8,28,0,0
20260810,21,88,2,8,113,8,29,0,0
20260810,21,89,2,9,82,8,30,0,0
20260810,21,90,2,10,62,8,31,0,0
20260810,21,91,2,11,33,8,32,0,0
20260810,21,92,2,12,20,8,33,0,0
20260810,21,93,2,13,25,8,34,0,0
20260810,21,94,2,14,25,8,35,0,0
20260810,21,95,2,15,26,8,36,0,0
20260810,21,96,2,16,16,8,37,0,0
20260810,21,97,2,17,19,8,38,0,0
20260810,21,98,2,18,19,8,39,0,0
20260810,21,99,2,19,15,8,40,0,0
20260810,21,100,2,20,12,8,41,0,0
20260810,21,101,2,21,10,8,42,0,0
20260810,21,102,2,22,11,8,43,0,0
20260810,21,103,2,23,16,8,44,0,0
20260810,21,104,2,24,9,8,45,0,0
20260810,21,105,2,25,18,8,46,0,0
20260810,21,106,2,26,12,8,47,0,0
20260810,21,107,2,27,6,6,0,1,0
20260810,21,108,2,28,12,6,1,0,0
20260810,21,109,2,29,9,6,2,0,0
20260810,21,110,2,30,10,6,3,0,0
20260810,21,111,2,31,9,6,4,0,0
20260810,21,112,2,32,11,6,5,0,0
20260810,21,113,2,33,17,6,6,0,0
20260810,21,114,2,34,16,6,7,0,0
20260810,21,115,2,35,18,6,8,0,0
20260810,21,116,2,36,17,6,9,0,0
20260810,21,117,2,37,11,6,10,0,0
20260810,21,118,2,38,10,6,11,0,0
20260810,21,119,2,39,4,4,0,1,0
20260810,21,120,2,40,10,4,1,0,0
20260810,21,121,2,41,22,4,2,0,0
20260810,21,122,2,42,13,4,3,0,0
20260810,21,123,2,43,35,4,4,0,0
20260810,21,124,2,44,102,4,5,0,0
20260810,21,125,2,45,289,4,6,0,0
20260810,21,126,2,46,448,4,7,0,0
20260810,21,127,2,47,381,4,8,0,0
20260810,21,128,2,48,413,4,9,0,0
20260810,21,129,2,49,252,4,10,0,0
20260810,21,130,2,50,173,4,11,0,0
20260810,21,131,2,51,51,4,12,0,0
20260810,21,132,2,52,26,4,13,0,0
20260810,21,133,2,53,29,4,14,0,0
20260810,21,134,2,54,20,4,15,0,0
20260810,21,135,2,55,23,4,16,0,0
20260810,21,136,2,56,19,4,17,0,0
20260810,21,137,2,57,22,4,18,0,0
20260810,21,138,2,58,23,4,19,0,0
20260810,21,139,2,59,14,4,20,0,0
20260810,21,140,2,60,10,4,21,0,0
20260810,21,141,3,1,836,4,22,0,0
20260810,21,142,3,2,170,4,23,0,0
20260810,21,143,3,3,67,4,24,0,0
20260810,21,144,3,4,55,4,25,0,0
20260810,21,145,3,5,47,4,26,0,0
20260810,21,146,3,6,41,4,27,0,0
20260810,21,147,3,7,48,4,28,0,0
20260810,21,148,3,8,42,4,29,0,0
20260810,21,149,3,9,29,4,30,0,0
20260810,21,150,3,10,33,4,31,0,0
20260810,21,151,3,11,27,4,32,0,0
20260810,21,152,3,12,29,4,33,0,0
20260810,21,153,3,13,28,4,34,0,0
20260810,21,154,3,14,21,4,35,0,0
20260810,21,155,3,15,18,4,36,0,0
20260810,21,156,3,16,21,4,37,0,0
20260810,21,157,3,17,18,4,38,0,0
20260810,21,158,3,18,20,4,39,0,0
20260810,21,159,3,19,20,4,40,0,0
20260810,21,160,3,20,19,4,41,0,0
20260810,21,161,3,21,24,4,42,0,0
20260810,21,162,3,22,24,4,43,0,0
20260810,21,163,3,23,25,4,44,0,0
20260810,21,164,3,24,22,4,45,0,0
20260810,21,165,3,25,34,4,46,0,0
20260810,21,166,3,26,26,4,47,0,0
20260810,21,167,3,27,26,4,48,0,0
20260810,21,168,3,28,12,4,49,0,0
20260810,21,169,3,29,15,4,50,0,0
20260810,21,170,3,30,11,4,51,0,0
20260810,21,171,3,31,11,4,52,0,0
20260810,21,172,3,32,24,4,53,0,0
20260810,21,173,3,33,18,4,54,0,0
20260810,21,174,3,34,7,4,55,0,0
20260810,21,175,3,35,12,4,56,0,0
20260810,21,176,3,36,17,4,57,0,0
20260810,21,177,3,37,19,4,58,0,0
20260810,21,178,3,38,38,4,59,0,0
20260810,21,179,3,39,65,4,60,0,0
20260810,21,180,3,40,140,4,61,0,0
20260810,21,181,3,41,206,4,62,0,0
20260810,21,182,3,42,230,4,63,0,0
20260810,21,183,3,43,142,4,64,0,0
20260810,21,184,3,44,131,4,65,0,0
20260810,21,185,3,45,178,4,66,0,0
20260810,21,186,3,46,198,4,67,0,0
20260810,21,187,3,47,228,4,68,0,0
20260810,21,188,3,48,143,4,69,0,0
20260810,21,189,3,49,58,4,70,0,0
20260810,21,190,3,50,29,4,71,0,0
20260810,21,191,3,51,17,4,72,0,0
20260810,21,192,3,52,30,4,73,0,0
20260810,21,193,3,53,16,4,74,0,0
20260810,21,194,3,54,12,4,75,0,0
20260810,21,195,3,55,12,4,76,0,0
20260810,21,196,3,56,6,4,77,0,0
20260810,21,197,3,57,5,4,78,0,0
20260810,21,198,3,58,10,4,79,0,0
20260810,21,199,3,59,7,4,80,0,0
20260810,21,200,3,60,4,4,81,0,0
20260810,21,201,4,1,862,4,82,0,0
20260810,21,202,4,2,125,4,83,0,0
20260810,21,203,4,3,21,4,84,0,0
20260810,21,204,4,4,19,4,85,0,0
20260810,21,205,4,5,18,4,86,0,0
20260810,21,206,4,6,16,4,87,0,0
20260810,21,207,4,7,8,4,88,0,0
20260810,21,208,4,8,5,4,89,0,0
20260810,21,209,4,9,5,4,90,0,0
20260810,21,210,4,10,3,3,0,1,0
20260810,21,211,4,11,3,3,1,0,0
20260810,21,212,4,12,4,3,2,0,0
20260810,21,213,4,13,2,2,0,1,0
20260810,21,214,4,14,4,2,1,0,0
20260810,21,215,4,15,3,2,2,0,0
20260810,21,216,4,16,0,0,0,1,1
20260810,22,1,1,1,169,138,1,0,0
20260810,22,2,1,2,137,137,0,1,0
20260810,22,3,1,3,75,75,0,1,0
20260810,22,4,1,4,66,66,0,1,0
20260810,22,5,1,5,55,55,0,1,0
20260810,22,6,1,6,38,38,0,1,0
20260810,22,7,1,7,42,38,1,0,0
20260810,22,8,1,8,36,36,0,1,0
20260810,22,9,1,9,38,36,1,0,0
20260810,22,10,1,10,40,36,2,0,0
20260810,22,11,1,11,47,36,3,0,0
20260810,22,12,1,12,34,34,0,1,0
20260810,22,13,1,13,40,34,1,0,0
20260810,22,14,1,14,33,33,0,1,0
20260810,22,15,1,15,33,33,1,0,0
20260810,22,16,1,16,21,21,0,1,0
20260810,22,17,1,17,27,21,1,0,0
20260810,22,18,1,18,23,21,2,0,0
20260810,22,19,1,19,23,21,3,0,0
20260810,22,20,1,20,13,13,0,1,0
20260810,22,21,1,21,20,13,1,0,0
20260810,22,22,1,22,26,13,2,0,0
20260810,22,23,1,23,21,13,3,0,0
20260810,22,24,1,24,15,13,4,0,0
20260810,22,25,1,25,17,13,5,0,0
20260810,22,26,1,26,15,13,6,0,0
20260810,22,27,1,27,29,13,7,0,0
20260810,22,28,1,28,17,13,8,0,0
20260810,22,29,1,29,21,13,9,0,0
20260810,22,30,1,30,22,13,10,0,0
20260810,22,31,1,31,18,13,11,0,0
20260810,22,32,1,32,10,10,0,1,0
20260810,22,33,1,33,17,10,1,0,0
20260810,22,34,1,34,7,7,0,1,0
20260810,22,35,1,35,13,7,1,0,0
20260810,22,36,1,36,8,7,2,0,0
20260810,22,37,1,37,12,7,3,0,0
20260810,22,38,1,38,9,7,4,0,0
20260810,22,39,1,39,7,7,5,0,0
20260810,22,40,1,40,9,7,6,0,0
20260810,22,41,1,41,11,7,7,0,0
20260810,22,42,1,42,11,7,8,0,0
20260810,22,43,1,43,9,7,9,0,0
20260810,22,44,1,44,5,5,0,1,0
20260810,22,45,1,45,9,5,1,0,0
20260810,22,46,1,46,7,5,2,0,0
20260810,22,47,1,47,9,5,3,0,0
20260810,22,48,1,48,8,5,4,0,0
20260810,22,49,1,49,8,5,5,0,0
20260810,22,50,1,50,10,5,6,0,0
20260810,22,51,1,51,9,5,7,0,0
20260810,22,52,1,52,10,5,8,0,0
20260810,22,53,1,53,8,5,9,0,0
20260810,22,54,1,54,5,5,10,0,0
20260810,22,55,1,55,9,5,11,0,0
20260810,22,56,1,56,8,5,12,0,0
20260810,22,57,1,57,9,5,13,0,0
20260810,22,58,1,58,8,5,14,0,0
20260810,22,59,1,59,9,5,15,0,0
20260810,22,60,1,60,7,5,16,0,0
20260810,22,61,1,61,4,4,0,1,0
20260810,22,62,1,62,9,4,1,0,0
20260810,22,63,1,63,11,4,2,0,0
20260810,22,64,1,64,5,4,3,0,0
20260810,22,65,1,65,9,4,4,0,0
20260810,22,66,1,66,18,4,5,0,0
20260810,22,67,1,67,12,4,6,0,0
20260810,22,68,1,68,9,4,7,0,0
20260810,22,69,1,69,6,4,8,0,0
20260810,22,70,1,70,6,4,9,0,0
20260810,22,71,1,71,9,4,10,0,0
20260810,22,72,1,72,10,4,11,0,0
20260810,22,73,1,73,8,4,12,0,0
20260810,22,74,1,74,6,4,13,0,0
20260810,22,75,1,75,7,4,14,0,0
20260810,22,76,1,76,1,1,0,1,0
20260810,22,77,1,77,0,0,0,1,1
20260810,23,1,1,1,221,179,1,0,0
20260810,23,2,1,2,193,179,2,0,0
20260810,23,3,1,3,118,118,0,1,0
20260810,23,4,1,4,118,118,1,0,0
20260810,23,5,1,5,101,101,0,1,0
20260810,23,6,1,6,63,63,0,1,0
20260810,23,7,1,7,52,52,0,1,0
20260810,23,8,1,8,51,51,0,1,0
20260810,23,9,1,9,60,51,1,0,0
20260810,23,10,1,10,59,51,2,0,0
20260810,23,11,1,11,54,51,3,0,0
20260810,23,12,1,12,48,48,0,1,0
20260810,23,13,1,13,50,48,1,0,0
20260810,23,14,1,14,45,45,0,1,0
20260810,23,15,1,15,47,45,1,0,0
20260810,23,16,1,16,47,45,2,0,0
20260810,23,17,1,17,57,45,3,0,0
20260810,23,18,1,18,53,45,4,0,0
20260810,23,19,1,19,39,39,0,1,0
20260810,23,20,1,20,40,39,1,0,0
20260810,23,21,1,21,38,38,0,1,0
20260810,23,22,1,22,22,22,0,1,0
20260810,23,23,1,23,27,22,1,0,0
20260810,23,24,1,24,18,18,0,1,0
20260810,23,25,1,25,24,18,1,0,0
20260810,23,26,1,26,30,18,2,0,0
20260810,23,27,1,27,27,18,3,0,0
20260810,23,28,1,28,24,18,4,0,0
20260810,23,29,1,29,27,18,5,0,0
20260810,23,30,1,30,27,18,6,0,0
20260810,23,31,1,31,19,18,7,0,0
20260810,23,32,1,32,19,18,8,0,0
20260810,23,33,1,33,22,18,9,0,0
20260810,23,34,1,34,31,18,10,0,0
20260810,23,35,1,35,18,18,11,0,0
20260810,23,36,1,36,30,18,12,0,0
20260810,23,37,1,37,15,15,0,1,0
20260810,23,38,1,38,12,12,0,1,0
20260810,23,39,1,39,9,9,0,1,0
20260810,23,40,1,40,16,9,1,0,0
20260810,23,41,1,41,9,9,2,0,0
20260810,23,42,1,42,9,9,3,0,0
20260810,23,43,1,43,3,3,0,1,0
20260810,23,44,1,44,3,3,1,0,0
20260810,23,45,1,45,7,3,2,0,0
20260810,23,46,1,46,3,3,3,0,0
20260810,23,47,1,47,0,0,0,1,1
20260810,24,1,1,1,251,181,1,0,0
20260810,24,2,1,2,214,181,2,0,0
20260810,24,3,1,3,134,134,0,1,0
20260810,24,4,1,4,133,133,0,1,0
20260810,24,5,1,5,134,133,1,0,0
20260810,24,6,1,6,107,107,0,1,0
20260810,24,7,1,7,98,98,0,1,0
20260810,24,8,1,8,79,79,0,1,0
20260810,24,9,1,9,66,66,0,1,0
20260810,24,10,1,10,72,66,1,0,0
20260810,24,11,1,11,64,64,0,1,0
20260810,24,12,1,12,49,49,0,1,0
20260810,24,13,1,13,56,49,1,0,0
20260810,24,14,1,14,36,36,0,1,0
20260810,24,15,1,15,56,36,1,0,0
20260810,24,16,1,16,44,36,2,0,0
20260810,24,17,1,17,44,36,3,0,0
20260810,24,18,1,18,46,36,4,0,0
20260810,24,19,1,19,37,36,5,0,0
20260810,24,20,1,20,40,36,6,0,0
20260810,24,21,1,21,39,36,7,0,0
20260810,24,22,1,22,34,34,0,1,0
20260810,24,23,1,23,33,33,0,1,0
20260810,24,24,1,24,35,33,1,0,0
20260810,24,25,1,25,36,33,2,0,0
20260810,24,26,1,26,27,27,0,1,0
20260810,24,27,1,27,41,27,1,0,0
20260810,24,28,1,28,34,27,2,0,0
20260810,24,29,1,29,31,27,3,0,0
20260810,24,30,1,30,35,27,4,0,0
20260810,24,31,1,31,32,27,5,0,0
20260810,24,32,1,32,21,21,0,1,0
20260810,24,33,1,33,22,21,1,0,0
20260810,24,34,1,34,30,21,2,0,0
20260810,24,35,1,35,30,21,3,0,0
20260810,24,36,1,36,27,21,4,0,0
20260810,24,37,1,37,18,18,0,1,0
20260810,24,38,1,38,16,16,0,1,0
20260810,24,39,1,39,21,16,1,0,0
20260810,24,40,1,40,17,16,2,0,0
20260810,24,41,1,41,10,10,0,1,0
20260810,24,42,1,42,9,9,0,1,0
20260810,24,43,1,43,5,5,0,1,0
20260810,24,44,1,44,4,4,0,1,0
20260810,24,45,1,45,2,2,0,1,0
20260810,24,46,1,46,2,2,1,0,0
20260810,24,47,1,47,3,2,2,0,0
20260810,24,48,1,48,1,1,0,1,0
20260810,24,49,1,49,1,1,1,0,0
20260810,24,50,1,50,3,1,2,0,0
20260810,24,51,1,51,2,1,3,0,0
20260810,24,52,1,52,1,1,4,0,0
20260810,24,53,1,53,1,1,5,0,0
20260810,24,54,1,54,1,1,6,0,0
20260810,24,55,1,55,3,1,7,0,0
20260810,24,56,1,56,1,1,8,0,0
20260810,24,57,1,57,1,1,9,0,0
20260810,24,58,1,58,4,1,10,0,0
20260810,24,59,1,59,3,1,11,0,0
20260810,24,60,1,60,3,1,12,0,0
20260810,24,61,1,61,1,1,13,0,0
20260810,24,62,1,62,1,1,14,0,0
20260810,24,63,1,63,1,1,15,0,0
20260810,24,64,1,64,1,1,16,0,0
20260810,24,65,1,65,1,1,17,0,0
20260810,24,66,1,66,0,0,0,1,1
20260810,25,1,1,1,282,193,1,0,0
20260810,25,2,1,2,248,193,2,0,0
20260810,25,3,1,3,145,145,0,1,0
20260810,25,4,1,4,113,113,0,1,0
20260810,25,5,1,5,117,113,1,0,0
20260810,25,6,1,6,88,88,0,1,0
20260810,25,7,1,7,100,88,1,0,0
20260810,25,8,1,8,89,88,2,0,0
20260810,25,9,1,9,67,67,0,1,0
20260810,25,10,1,10,71,67,1,0,0
20260810,25,11,1,11,72,67,2,0,0
20260810,25,12,1,12,54,54,0,1,0
20260810,25,13,1,13,57,54,1,0,0
20260810,25,14,1,14,57,54,2,0,0
20260810,25,15,1,15,54,54,3,0,0
20260810,25,16,1,16,45,45,0,1,0
20260810,25,17,1,17,46,45,1,0,0
20260810,25,18,1,18,41,41,0,1,0
20260810,25,19,1,19,40,40,0,1,0
20260810,25,20,1,20,38,38,0,1,0
20260810,25,21,1,21,35,35,0,1,0
20260810,25,22,1,22,30,30,0,1,0
20260810,25,23,1,23,35,30,1,0,0
20260810,25,24,1,24,30,30,2,0,0
20260810,25,25,1,25,32,30,3,0,0
20260810,25,26,1,26,24,24,0,1,0
20260810,25,27,1,27,25,24,1,0,0
20260810,25,28,1,28,15,15,0,1,0
20260810,25,29,1,29,21,15,1,0,0
20260810,25,30,1,30,14,14,0,1,0
20260810,25,31,1,31,15,14,1,0,0
20260810,25,32,1,32,16,14,2,0,0
20260810,25,33,1,33,12,12,0,1,0
20260810,25,34,1,34,12,12,1,0,0
20260810,25,35,1,35,15,12,2,0,0
20260810,25,36,1,36,9,9,0,1,0
20260810,25,37,1,37,12,9,1,0,0
20260810,25,38,1,38,2,2,0,1,0
20260810,25,39,1,39,10,2,1,0,0
20260810,25,40,1,40,8,2,2,0,0
20260810,25,41,1,41,12,2,3,0,0
20260810,25,42,1,42,6,2,4,0,0
20260810,25,43,1,43,7,2,5,0,0
20260810,25,44,1,44,9,2,6,0,0
20260810,25,45,1,45,6,2,7,0,0
20260810,25,46,1,46,3,2,8,0,0
20260810,25,47,1,47,6,2,9,0,0
20260810,25,48,1,48,10,2,10,0,0
20260810,25,49,1,49,13,2,11,0,0
20260810,25,50,1,50,5,2,12,0,0
20260810,25,51,1,51,6,2,13,0,0
20260810,25,52,1,52,9,2,14,0,0
20260810,25,53,1,53,12,2,15,0,0
20260810,25,54,1,54,7,2,16,0,0
20260810,25,55,1,55,6,2,17,0,0
20260810,25,56,1,56,7,2,18,0,0
20260810,25,57,1,57,4,2,19,0,0
20260810,25,58,1,58,0,0,0,1,1
20260810,26,1,1,1,375,233,1,0,0
20260810,26,2,1,2,275,233,2,0,0
20260810,26,3,1,3,159,159,0,1,0
20260810,26,4,1,4,168,159,1,0,0
20260810,26,5,1,5,143,143,0,1,0
20260810,26,6,1,6,126,126,0,1,0
20260810,26,7,1,7,149,126,1,0,0
20260810,26,8,1,8,127,126,2,0,0
20260810,26,9,1,9,106,106,0,1,0
20260810,26,10,1,10,98,98,0,1,0
20260810,26,11,1,11,109,98,1,0,0
20260810,26,12,1,12,116,98,2,0,0
20260810,26,13,1,13,94,94,0,1,0
20260810,26,14,1,14,105,94,1,0,0
20260810,26,15,1,15,82,82,0,1,0
20260810,26,16,1,16,80,80,0,1,0
20260810,26,17,1,17,63,63,0,1,0
20260810,26,18,1,18,62,62,0,1,0
20260810,26,19,1,19,65,62,1,0,0
20260810,26,20,1,20,74,62,2,0,0
20260810,26,21,1,21,61,61,0,1,0
20260810,26,22,1,22,51,51,0,1,0
20260810,26,23,1,23,40,40,0,1,0
20260810,26,24,1,24,51,40,1,0,0
20260810,26,25,1,25,57,40,2,0,0
20260810,26,26,1,26,53,40,3,0,0
20260810,26,27,1,27,41,40,4,0,0
20260810,26,28,1,28,44,40,5,0,0
20260810,26,29,1,29,50,40,6,0,0
20260810,26,30,1,30,40,40,7,0,0
20260810,26,31,1,31,36,36,0,1,0
20260810,26,32,1,32,40,36,1,0,0
20260810,26,33,1,33,30,30,0,1,0
20260810,26,34,1,34,34,30,1,0,0
20260810,26,35,1,35,30,30,2,0,0
20260810,26,36,1,36,42,30,3,0,0
20260810,26,37,1,37,38,30,4,0,0
20260810,26,38,1,38,39,30,5,0,0
20260810,26,39,1,39,30,30,6,0,0
20260810,26,40,1,40,30,30,7,0,0
20260810,26,41,1,41,32,30,8,0,0
20260810,26,42,1,42,37,30,9,0,0
20260810,26,43,1,43,20,20,0,1,0
20260810,26,44,1,44,34,20,1,0,0
20260810,26,45,1,45,27,20,2,0,0
20260810,26,46,1,46,32,20,3,0,0
20260810,26,47,1,47,20,20,4,0,0
20260810,26,48,1,48,15,15,0,1,0
20260810,26,49,1,49,19,15,1,0,0
20260810,26,50,1,50,35,15,2,0,0
20260810,26,51,1,51,23,15,3,0,0
20260810,26,52,1,52,22,15,4,0,0
20260810,26,53,1,53,22,15,5,0,0
20260810,26,54,1,54,21,15,6,0,0
20260810,26,55,1,55,25,15,7,0,0
20260810,26,56,1,56,17,15,8,0,0
20260810,26,57,1,57,16,15,9,0,0
20260810,26,58,1,58,24,15,10,0,0
20260810,26,59,1,59,35,15,11,0,0
20260810,26,60,1,60,18,15,12,0,0
20260810,26,61,1,61,23,15,13,0,0
20260810,26,62,1,62,28,15,14,0,0
20260810,26,63,1,63,23,15,15,0,0
20260810,26,64,1,64,21,15,16,0,0
20260810,26,65,1,65,26,15,17,0,0
20260810,26,66,1,66,20,15,18,0,0
20260810,26,67,1,67,18,15,19,0,0
20260810,26,68,1,68,24,15,20,0,0
20260810,26,69,1,69,20,15,21,0,0
20260810,26,70,1,70,26,15,22,0,0
20260810,26,71,1,71,32,15,23,0,0
20260810,26,72,1,72,19,15,24,0,0
20260810,26,73,1,73,22,15,25,0,0
20260810,26,74,1,74,22,15,26,0,0
20260810,26,75,1,75,23,15,27,0,0
20260810,26,76,1,76,17,15,28,0,0
20260810,26,77,1,77,21,15,29,0,0
20260810,26,78,1,78,22,15,30,0,0
20260810,26,79,1,79,22,15,31,0,0
20260810,26,80,1,80,19,15,32,0,0
20260810,26,81,2,1,891,15,33,0,0
20260810,26,82,2,2,838,15,34,0,0
20260810,26,83,2,3,829,15,35,0,0
20260810,26,84,2,4,685,15,36,0,0
20260810,26,85,2,5,839,15,37,0,0
20260810,26,86,2,6,801,15,38,0,0
20260810,26,87,2,7,646,15,39,0,0
20260810,26,88,2,8,198,15,40,0,0
20260810,26,89,2,9,119,15,41,0,0
20260810,26,90,2,10,83,15,42,0,0
20260810,26,91,2,11,65,15,43,0,0
20260810,26,92,2,12,76,15,44,0,0
20260810,26,93,2,13,54,15,45,0,0
20260810,26,94,2,14,59,15,46,0,0
20260810,26,95,2,15,47,15,47,0,0
20260810,26,96,2,16,44,15,48,0,0
20260810,26,97,2,17,36,15,49,0,0
20260810,26,98,2,18,38,15,50,0,0
20260810,26,99,2,19,32,15,51,0,0
20260810,26,100,2,20,34,15,52,0,0
20260810,26,101,2,21,19,15,53,0,0
20260810,26,102,2,22,26,15,54,0,0
20260810,26,103,2,23,30,15,55,0,0
20260810,26,104,2,24,27,15,56,0,0
20260810,26,105,2,25,26,15,57,0,0
20260810,26,106,2,26,22,15,58,0,0
20260810,26,107,2,27,26,15,59,0,0
20260810,26,108,2,28,36,15,60,0,0
20260810,26,109,2,29,27,15,61,0,0
20260810,26,110,2,30,22,15,62,0,0
20260810,26,111,2,31,18,15,63,0,0
20260810,26,112,2,32,14,14,0,1,0
20260810,26,113,2,33,7,7,0,1,0
20260810,26,114,2,34,14,7,1,0,0
20260810,26,115,2,35,14,7,2,0,0
20260810,26,116,2,36,20,7,3,0,0
20260810,26,117,2,37,12,7,4,0,0
20260810,26,118,2,38,12,7,5,0,0
20260810,26,119,2,39,7,7,6,0,0
20260810,26,120,2,40,7,7,7,0,0
20260810,26,121,2,41,12,7,8,0,0
20260810,26,122,2,42,16,7,9,0,0
20260810,26,123,2,43,16,7,10,0,0
20260810,26,124,2,44,11,7,11,0,0
20260810,26,125,2,45,8,7,12,0,0
20260810,26,126,2,46,11,7,13,0,0
20260810,26,127,2,47,11,7,14,0,0
20260810,26,128,2,48,22,7,15,0,0
20260810,26,129,2,49,12,7,16,0,0
20260810,26,130,2,50,25,7,17,0,0
20260810,26,131,2,51,32,7,18,0,0
20260810,26,132,2,52,37,7,19,0,0
20260810,26,133,2,53,22,7,20,0,0
20260810,26,134,2,54,7,7,21,0,0
20260810,26,135,2,55,5,5,0,1,0
20260810,26,136,2,56,15,5,1,0,0
20260810,26,137,2,57,11,5,2,0,0
20260810,26,138,2,58,15,5,3,0,0
20260810,26,139,2,59,9,5,4,0,0
20260810,26,140,2,60,10,5,5,0,0
20260810,26,141,3,1,852,5,6,0,0
20260810,26,142,3,2,139,5,7,0,0
20260810,26,143,3,3,81,5,8,0,0
20260810,26,144,3,4,97,5,9,0,0
20260810,26,145,3,5,77,5,10,0,0
20260810,26,146,3,6,72,5,11,0,0
20260810,26,147,3,7,61,5,12,0,0
20260810,26,148,3,8,58,5,13,0,0
20260810,26,149,3,9,47,5,14,0,0
20260810,26,150,3,10,43,5,15,0,0
20260810,26,151,3,11,47,5,16,0,0
20260810,26,152,3,12,41,5,17,0,0
20260810,26,153,3,13,30,5,18,0,0
20260810,26,154,3,14,19,5,19,0,0
20260810,26,155,3,15,10,5,20,0,0
20260810,26,156,3,16,16,5,21,0,0
20260810,26,157,3,17,8,5,22,0,0
20260810,26,158,3,18,2,2,0,1,0
20260810,26,159,3,19,4,2,1,0,0
20260810,26,160,3,20,2,2,2,0,0
20260810,26,161,3,21,2,2,3,0,0
20260810,26,162,3,22,1,1,0,1,0
20260810,26,163,3,23,3,1,1,0,0
20260810,26,164,3,24,2,1,2,0,0
20260810,26,165,3,25,5,1,3,0,0
20260810,26,166,3,26,4,1,4,0,0
20260810,26,167,3,27,6,1,5,0,0
20260810,26,168,3,28,5,1,6,0,0
20260810,26,169,3,29,2,1,7,0,0
20260810,26,170,3,30,4,1,8,0,0
20260810,26,171,3,31,11,1,9,0,0
20260810,26,172,3,32,10,1,10,0,0
20260810,26,173,3,33,41,1,11,0,0
20260810,26,174,3,34,85,1,12,0,0
20260810,26,175,3,35,175,1,13,0,0
20260810,26,176,3,36,454,1,14,0,0
20260810,26,177,3,37,559,1,15,0,0
20260810,26,178,3,38,314,1,16,0,0
20260810,26,179,3,39,189,1,17,0,0
20260810,26,180,3,40,107,1,18,0,0
20260810,26,181,3,41,52,1,19,0,0
20260810,26,182,3,42,27,1,20,0,0
20260810,26,183,3,43,18,1,21,0,0
20260810,26,184,3,44,18,1,22,0,0
20260810,26,185,3,45,15,1,23,0,0
20260810,26,186,3,46,15,1,24,0,0
20260810,26,187,3,47,16,1,25,0,0
20260810,26,188,3,48,15,1,26,0,0
20260810,26,189,3,49,13,1,27,0,0
20260810,26,190,3,50,10,1,28,0,0
20260810,26,191,3,51,1,1,29,0,0
20260810,26,192,3,52,1,1,30,0,0
20260810,26,193,3,53,1,1,31,0,0
20260810,26,194,3,54,1,1,32,0,0
20260810,26,195,3,55,3,1,33,0,0
20260810,26,196,3,56,1,1,34,0,0
20260810,26,197,3,57,3,1,35,0,0
20260810,26,198,3,58,7,1,36,0,0
20260810,26,199,3,59,25,1,37,0,0
20260810,26,200,3,60,45,1,38,0,0
20260810,26,201,4,1,885,1,39,0,0
20260810,26,202,4,2,192,1,40,0,0
20260810,26,203,4,3,113,1,41,0,0
20260810,26,204,4,4,85,1,42,0,0
20260810,26,205,4,5,71,1,43,0,0
20260810,26,206,4,6,60,1,44,0,0
20260810,26,207,4,7,39,1,45,0,0
20260810,26,208,4,8,31,1,46,0,0
20260810,26,209,4,9,22,1,47,0,0
20260810,26,210,4,10,23,1,48,0,0
20260810,26,211,4,11,26,1,49,0,0
20260810,26,212,4,12,22,1,50,0,0
20260810,26,213,4,13,24,1,51,0,0
20260810,26,214,4,14,18,1,52,0,0
20260810,26,215,4,15,12,1,53,0,0
20260810,26,216,4,16,14,1,54,0,0
20260810,26,217,4,17,16,1,55,0,0
20260810,26,218,4,18,9,1,56,0,0
20260810,26,219,4,19,7,1,57,0,0
20260810,26,220,4,20,22,1,58,0,0
20260810,26,221,4,21,28,1,59,0,0
20260810,26,222,4,22,29,1,60,0,0
20260810,26,223,4,23,20,1,61,0,0
20260810,26,224,4,24,26,1,62,0,0
20260810,26,225,4,25,33,1,63,0,0
20260810,26,226,4,26,40,1,64,0,0
20260810,26,227,4,27,46,1,65,0,0
20260810,26,228,4,28,69,1,66,0,0
20260810,26,229,4,29,67,1,67,0,0
20260810,26,230,4,30,75,1,68,0,0
20260810,26,231,4,31,52,1,69,0,0
20260810,26,232,4,32,31,1,70,0,0
20260810,26,233,4,33,13,1,71,0,0
20260810,26,234,4,34,20,1,72,0,0
20260810,26,235,4,35,11,1,73,0,0
20260810,26,236,4,36,16,1,74,0,0
20260810,26,237,4,37,11,1,75,0,0
20260810,26,238,4,38,8,1,76,0,0
20260810,26,239,4,39,4,1,77,0,0
20260810,26,240,4,40,2,1,78,0,0
20260810,26,241,4,41,2,1,79,0,0
20260810,26,242,4,42,0,0,0,1,1
20260810,27,1,1,1,314,203,1,0,0
20260810,27,2,1,2,258,203,2,0,0
20260810,27,3,1,3,141,141,0,1,0
20260810,27,4,1,4,165,141,1,0,0
20260810,27,5,1,5,163,141,2,0,0
20260810,27,6,1,6,134,134,0,1,0
20260810,27,7,1,7,138,134,1,0,0
20260810,27,8,1,8,125,125,0,1,0
20260810,27,9,1,9,120,120,0,1,0
20260810,27,10,1,10,105,105,0,1,0
20260810,27,11,1,11,114,105,1,0,0
20260810,27,12,1,12,111,105,2,0,0
20260810,27,13,1,13,88,88,0,1,0
20260810,27,14,1,14,86,86,0,1,0
20260810,27,15,1,15,86,86,1,0,0
20260810,27,16,1,16,82,82,0,1,0
20260810,27,17,1,17,75,75,0,1,0
20260810,27,18,1,18,81,75,1,0,0
20260810,27,19,1,19,76,75,2,0,0
20260810,27,20,1,20,70,70,0,1,0
20260810,27,21,1,21,75,70,1,0,0
20260810,27,22,1,22,64,64,0,1,0
20260810,27,23,1,23,67,64,1,0,0
20260810,27,24,1,24,61,61,0,1,0
20260810,27,25,1,25,59,59,0,1,0
20260810,27,26,1,26,61,59,1,0,0
20260810,27,27,1,27,51,51,0,1,0
20260810,27,28,1,28,39,39,0,1,0
20260810,27,29,1,29,56,39,1,0,0
20260810,27,30,1,30,49,39,2,0,0
20260810,27,31,1,31,53,39,3,0,0
20260810,27,32,1,32,38,38,0,1,0
20260810,27,33,1,33,44,38,1,0,0
20260810,27,34,1,34,48,38,2,0,0
20260810,27,35,1,35,43,38,3,0,0
20260810,27,36,1,36,36,36,0,1,0
20260810,27,37,1,37,32,32,0,1,0
20260810,27,38,1,38,35,32,1,0,0
20260810,27,39,1,39,31,31,0,1,0
20260810,27,40,1,40,29,29,0,1,0
20260810,27,41,1,41,24,24,0,1,0
20260810,27,42,1,42,23,23,0,1,0
20260810,27,43,1,43,18,18,0,1,0
20260810,27,44,1,44,14,14,0,1,0
20260810,27,45,1,45,18,14,1,0,0
20260810,27,46,1,46,8,8,0,1,0
20260810,27,47,1,47,10,8,1,0,0
20260810,27,48,1,48,9,8,2,0,0
20260810,27,49,1,49,5,5,0,1,0
20260810,27,50,1,50,9,5,1,0,0
20260810,27,51,1,51,10,5,2,0,0
20260810,27,52,1,52,3,3,0,1,0
20260810,27,53,1,53,3,3,1,0,0
20260810,27,54,1,54,6,3,2,0,0
20260810,27,55,1,55,3,3,3,0,0
20260810,27,56,1,56,0,0,0,1,1
20260810,28,1,1,1,329,222,1,0,0
20260810,28,2,1,2,288,222,2,0,0
20260810,28,3,1,3,148,148,0,1,0
20260810,28,4,1,4,171,148,1,0,0
20260810,28,5,1,5,121,121,0,1,0
20260810,28,6,1,6,88,88,0,1,0
20260810,28,7,1,7,74,74,0,1,0
20260810,28,8,1,8,66,66,0,1,0
20260810,28,9,1,9,48,48,0,1,0
20260810,28,10,1,10,39,39,0,1,0
20260810,28,11,1,11,37,37,0,1,0
20260810,28,12,1,12,38,37,1,0,0
20260810,28,13,1,13,27,27,0,1,0
20260810,28,14,1,14,29,27,1,0,0
20260810,28,15,1,15,29,27,2,0,0
20260810,28,16,1,16,21,21,0,1,0
20260810,28,17,1,17,23,21,1,0,0
20260810,28,18,1,18,21,21,2,0,0
20260810,28,19,1,19,25,21,3,0,0
20260810,28,20,1,20,26,21,4,0,0
20260810,28,21,1,21,25,21,5,0,0
20260810,28,22,1,22,20,20,0,1,0
20260810,28,23,1,23,13,13,0,1,0
20260810,28,24,1,24,25,13,1,0,0
20260810,28,25,1,25,30,13,2,0,0
20260810,28,26,1,26,19,13,3,0,0
20260810,28,27,1,27,15,13,4,0,0
20260810,28,28,1,28,18,13,5,0,0
20260810,28,29,1,29,21,13,6,0,0
20260810,28,30,1,30,23,13,7,0,0
20260810,28,31,1,31,22,13,8,0,0
20260810,28,32,1,32,18,13,9,0,0
20260810,28,33,1,33,17,13,10,0,0
20260810,28,34,1,34,14,13,11,0,0
20260810,28,35,1,35,15,13,12,0,0
20260810,28,36,1,36,19,13,13,0,0
20260810,28,37,1,37,10,10,0,1,0
20260810,28,38,1,38,12,10,1,0,0
20260810,28,39,1,39,11,10,2,0,0
20260810,28,40,1,40,15,10,3,0,0
20260810,28,41,1,41,4,4,0,1,0
20260810,28,42,1,42,6,4,1,0,0
20260810,28,43,1,43,6,4,2,0,0
20260810,28,44,1,44,6,4,3,0,0
20260810,28,45,1,45,0,0,0,1,1
20260810,29,1,1,1,236,163,1,0,0
20260810,29,2,1,2,196,163,2,0,0
20260810,29,3,1,3,110,110,0,1,0
20260810,29,4,1,4,137,110,1,0,0
20260810,29,5,1,5,113,110,2,0,0
20260810,29,6,1,6,112,110,3,0,0
20260810,29,7,1,7,122,110,4,0,0
20260810,29,8,1,8,72,72,0,1,0
20260810,29,9,1,9,72,72,1,0,0
20260810,29,10,1,10,68,68,0,1,0
20260810,29,11,1,11,66,66,0,1,0
20260810,29,12,1,12,71,66,1,0,0
20260810,29,13,1,13,62,62,0,1,0
20260810,29,14,1,14,58,58,0,1,0
20260810,29,15,1,15,52,52,0,1,0
20260810,29,16,1,16,52,52,1,0,0
20260810,29,17,1,17,54,52,2,0,0
20260810,29,18,1,18,47,47,0,1,0
20260810,29,19,1,19,55,47,1,0,0
20260810,29,20,1,20,48,47,2,0,0
20260810,29,21,1,21,39,39,0,1,0
20260810,29,22,1,22,35,35,0,1,0
20260810,29,23,1,23,32,32,0,1,0
20260810,29,24,1,24,25,25,0,1,0
20260810,29,25,1,25,19,19,0,1,0
20260810,29,26,1,26,15,15,0,1,0
20260810,29,27,1,27,17,15,1,0,0
20260810,29,28,1,28,15,15,2,0,0
20260810,29,29,1,29,9,9,0,1,0
20260810,29,30,1,30,16,9,1,0,0
20260810,29,31,1,31,16,9,2,0,0
20260810,29,32,1,32,15,9,3,0,0
20260810,29,33,1,33,16,9,4,0,0
20260810,29,34,1,34,15,9,5,0,0
20260810,29,35,1,35,8,8,0,1,0
20260810,29,36,1,36,18,8,1,0,0
20260810,29,37,1,37,16,8,2,0,0
20260810,29,38,1,38,18,8,3,0,0
20260810,29,39,1,39,18,8,4,0,0
20260810,29,40,1,40,18,8,5,0,0
20260810,29,41,1,41,7,7,0,1,0
20260810,29,42,1,42,18,7,1,0,0
20260810,29,43,1,43,12,7,2,0,0
20260810,29,44,1,44,18,7,3,0,0
20260810,29,45,1,45,16,7,4,0,0
20260810,29,46,1,46,16,7,5,0,0
20260810,29,47,1,47,9,7,6,0,0
20260810,29,48,1,48,18,7,7,0,0
20260810,29,49,1,49,17,7,8,0,0
20260810,29,50,1,50,17,7,9,0,0
20260810,29,51,1,51,12,7,10,0,0
20260810,29,52,1,52,18,7,11,0,0
20260810,29,53,1,53,18,7,12,0,0
20260810,29,54,1,54,16,7,13,0,0
20260810,29,55,1,55,15,7,14,0,0
20260810,29,56,1,56,18,7,15,0,0
20260810,29,57,1,57,14,7,16,0,0
20260810,29,58,1,58,18,7,17,0,0
20260810,29,59,1,59,15,7,18,0,0
20260810,29,60,1,60,18,7,19,0,0
20260810,29,61,1,61,11,7,20,0,0
20260810,29,62,1,62,18,7,21,0,0
20260810,29,63,1,63,9,7,22,0,0
20260810,29,64,1,64,18,7,23,0,0
20260810,29,65,1,65,10,7,24,0,0
20260810,29,66,1,66,15,7,25,0,0
20260810,29,67,1,67,15,7,26,0,0
20260810,29,68,1,68,15,7,27,0,0
20260810,29,69,1,69,17,7,28,0,0
20260810,29,70,1,70,18,7,29,0,0
20260810,29,71,1,71,12,7,30,0,0
20260810,29,72,1,72,16,7,31,0,0
20260810,29,73,1,73,18,7,32,0,0
20260810,29,74,1,74,18,7,33,0,0
20260810,29,75,1,75,13,7,34,0,0
20260810,29,76,1,76,17,7,35,0,0
20260810,29,77,1,77,10,7,36,0,0
20260810,29,78,1,78,15,7,37,0,0
20260810,29,79,1,79,8,7,38,0,0
20260810,29,80,1,80,9,7,39,0,0
20260810,29,81,2,1,875,7,40,0,0
20260810,29,82,2,2,635,7,41,0,0
20260810,29,83,2,3,583,7,42,0,0
20260810,29,84,2,4,161,7,43,0,0
20260810,29,85,2,5,115,7,44,0,0
20260810,29,86,2,6,117,7,45,0,0
20260810,29,87,2,7,88,7,46,0,0
20260810,29,88,2,8,82,7,47,0,0
20260810,29,89,2,9,52,7,48,0,0
20260810,29,90,2,10,50,7,49,0,0
20260810,29,91,2,11,52,7,50,0,0
20260810,29,92,2,12,48,7,51,0,0
20260810,29,93,2,13,36,7,52,0,0
20260810,29,94,2,14,32,7,53,0,0
20260810,29,95,2,15,25,7,54,0,0
20260810,29,96,2,16,36,7,55,0,0
20260810,29,97,2,17,55,7,56,0,0
20260810,29,98,2,18,50,7,57,0,0
20260810,29,99,2,19,33,7,58,0,0
20260810,29,100,2,20,32,7,59,0,0
20260810,29,101,2,21,22,7,60,0,0
20260810,29,102,2,22,29,7,61,0,0
20260810,29,103,2,23,36,7,62,0,0
20260810,29,104,2,24,34,7,63,0,0
20260810,29,105,2,25,35,7,64,0,0
20260810,29,106,2,26,35,7,65,0,0
20260810,29,107,2,27,36,7,66,0,0
20260810,29,108,2,28,27,7,67,0,0
20260810,29,109,2,29,22,7,68,0,0
20260810,29,110,2,30,20,7,69,0,0
20260810,29,111,2,31,29,7,70,0,0
20260810,29,112,2,32,44,7,71,0,0
20260810,29,113,2,33,41,7,72,0,0
20260810,29,114,2,34,57,7,73,0,0
20260810,29,115,2,35,70,7,74,0,0
20260810,29,116,2,36,92,7,75,0,0
20260810,29,117,2,37,125,7,76,0,0
20260810,29,118,2,38,103,7,77,0,0
20260810,29,119,2,39,60,7,78,0,0
20260810,29,120,2,40,34,7,79,0,0
20260810,29,121,2,41,39,7,80,0,0
20260810,29,122,2,42,26,7,81,0,0
20260810,29,123,2,43,30,7,82,0,0
20260810,29,124,2,44,15,7,83,0,0
20260810,29,125,2,45,15,7,84,0,0
20260810,29,126,2,46,28,7,85,0,0
20260810,29,127,2,47,31,7,86,0,0
20260810,29,128,2,48,31,7,87,0,0
20260810,29,129,2,49,22,7,88,0,0
20260810,29,130,2,50,20,7,89,0,0
20260810,29,131,2,51,21,7,90,0,0
20260810,29,132,2,52,18,7,91,0,0
20260810,29,133,2,53,30,7,92,0,0
20260810,29,134,2,54,33,7,93,0,0
20260810,29,135,2,55,28,7,94,0,0
20260810,29,136,2,56,40,7,95,0,0
20260810,29,137,2,57,43,7,96,0,0
20260810,29,138,2,58,22,7,97,0,0
20260810,29,139,2,59,30,7,98,0,0
20260810,29,140,2,60,39,7,99,0,0
20260810,29,141,3,1,837,7,100,0,0
20260810,29,142,3,2,603,7,101,0,0
20260810,29,143,3,3,106,7,102,0,0
20260810,29,144,3,4,51,7,103,0,0
20260810,29,145,3,5,36,7,104,0,0
20260810,29,146,3,6,37,7,105,0,0
20260810,29,147,3,7,38,7,106,0,0
20260810,29,148,3,8,45,7,107,0,0
20260810,29,149,3,9,39,7,108,0,0
20260810,29,150,3,10,28,7,109,0,0
20260810,29,151,3,11,25,7,110,0,0
20260810,29,152,3,12,27,7,111,0,0
20260810,29,153,3,13,21,7,112,0,0
20260810,29,154,3,14,16,7,113,0,0
20260810,29,155,3,15,18,7,114,0,0
20260810,29,156,3,16,21,7,115,0,0
20260810,29,157,3,17,18,7,116,0,0
20260810,29,158,3,18,27,7,117,0,0
20260810,29,159,3,19,19,7,118,0,0
20260810,29,160,3,20,24,7,119,0,0
20260810,29,161,3,21,17,7,120,0,0
20260810,29,162,3,22,13,7,121,0,0
20260810,29,163,3,23,12,7,122,0,0
20260810,29,164,3,24,24,7,123,0,0
20260810,29,165,3,25,47,7,124,0,0
20260810,29,166,3,26,45,7,125,0,0
20260810,29,167,3,27,47,7,126,0,0
20260810,29,168,3,28,90,7,127,0,0
20260810,29,169,3,29,129,7,128,0,0
20260810,29,170,3,30,92,7,129,0,0
20260810,29,171,3,31,82,7,130,0,0
20260810,29,172,3,32,57,7,131,0,0
20260810,29,173,3,33,46,7,132,0,0
20260810,29,174,3,34,52,7,133,0,0
20260810,29,175,3,35,22,7,134,0,0
20260810,29,176,3,36,17,7,135,0,0
20260810,29,177,3,37,18,7,136,0,0
20260810,29,178,3,38,8,7,137,0,0
20260810,29,179,3,39,15,7,138,0,0
20260810,29,180,3,40,11,7,139,0,0
20260810,29,181,3,41,8,7,140,0,0
20260810,29,182,3,42,11,7,141,0,0
20260810,29,183,3,43,13,7,142,0,0
20260810,29,184,3,44,13,7,143,0,0
20260810,29,185,3,45,43,7,144,0,0
20260810,29,186,3,46,73,7,145,0,0
20260810,29,187,3,47,173,7,146,0,0
20260810,29,188,3,48,346,7,147,0,0
20260810,29,189,3,49,397,7,148,0,0
20260810,29,190,3,50,451,7,149,0,0
20260810,29,191,3,51,351,7,150,0,0
20260810,29,192,3,52,59,7,151,0,0
20260810,29,193,3,53,31,7,152,0,0
20260810,29,194,3,54,22,7,153,0,0
20260810,29,195,3,55,32,7,154,0,0
20260810,29,196,3,56,18,7,155,0,0
20260810,29,197,3,57,21,7,156,0,0
20260810,29,198,3,58,18,7,157,0,0
20260810,29,199,3,59,20,7,158,0,0
20260810,29,200,3,60,17,7,159,0,0
20260810,29,201,4,1,883,7,160,0,0
20260810,29,202,4,2,205,7,161,0,0
20260810,29,203,4,3,74,7,162,0,0
20260810,29,204,4,4,45,7,163,0,0
20260810,29,205,4,5,42,7,164,0,0
20260810,29,206,4,6,54,7,165,0,0
20260810,29,207,4,7,45,7,166,0,0
20260810,29,208,4,8,29,7,167,0,0
20260810,29,209,4,9,24,7,168,0,0
20260810,29,210,4,10,30,7,169,0,0
20260810,29,211,4,11,19,7,170,0,0
20260810,29,212,4,12,35,7,171,0,0
20260810,29,213,4,13,35,7,172,0,0
20260810,29,214,4,14,47,7,173,0,0
20260810,29,215,4,15,52,7,174,0,0
20260810,29,216,4,16,34,7,175,0,0
20260810,29,217,4,17,17,7,176,0,0
20260810,29,218,4,18,22,7,177,0,0
20260810,29,219,4,19,16,7,178,0,0
20260810,29,220,4,20,23,7,179,0,0
20260810,29,221,4,21,21,7,180,0,0
20260810,29,222,4,22,21,7,181,0,0
20260810,29,223,4,23,17,7,182,0,0
20260810,29,224,4,24,18,7,183,0,0
20260810,29,225,4,25,14,7,184,0,0
20260810,29,226,4,26,11,7,185,0,0
20260810,29,227,4,27,16,7,186,0,0
20260810,29,228,4,28,23,7,187,0,0
20260810,29,229,4,29,43,7,188,0,0
20260810,29,230,4,30,41,7,189,0,0
20260810,29,231,4,31,24,7,190,0,0
20260810,29,232,4,32,14,7,191,0,0
20260810,29,233,4,33,13,7,192,0,0
20260810,29,234,4,34,27,7,193,0,0
20260810,29,235,4,35,22,7,194,0,0
20260810,29,236,4,36,34,7,195,0,0
20260810,29,237,4,37,45,7,196,0,0
20260810,29,238,4,38,40,7,197,0,0
20260810,29,239,4,39,18,7,198,0,0
20260810,29,240,4,40,31,7,199,0,0
20260810,29,241,4,41,24,7,200,0,0
20260810,29,242,4,42,41,7,201,0,0
20260810,29,243,4,43,61,7,202,0,0
20260810,29,244,4,44,63,7,203,0,0
20260810,29,245,4,45,59,7,204,0,0
20260810,29,246,4,46,32,7,205,0,0
20260810,29,247,4,47,20,7,206,0,0
20260810,29,248,4,48,8,7,207,0,0
20260810,29,249,4,49,20,7,208,0,0
20260810,29,250,4,50,49,7,209,0,0
20260810,29,251,4,51,81,7,210,0,0
20260810,29,252,4,52,123,7,211,0,0
20260810,29,253,4,53,164,7,212,0,0
20260810,29,254,4,54,233,7,213,0,0
20260810,29,255,4,55,233,7,214,0,0
20260810,29,256,4,56,186,7,215,0,0
20260810,29,257,4,57,211,7,216,0,0
20260810,29,258,4,58,196,7,217,0,0
20260810,29,259,4,59,186,7,218,0,0
20260810,29,260,4,60,93,7,219,0,0
20260810,29,261,5,1,524,7,220,0,0
20260810,29,262,5,2,613,7,221,0,0
20260810,29,263,5,3,150,7,222,0,0
20260810,29,264,5,4,72,7,223,0,0
20260810,29,265,5,5,73,7,224,0,0
20260810,29,266,5,6,73,7,225,0,0
20260810,29,267,5,7,49,7,226,0,0
20260810,29,268,5,8,55,7,227,0,0
20260810,29,269,5,9,61,7,228,0,0
20260810,29,270,5,10,50,7,229,0,0
20260810,29,271,5,11,44,7,230,0,0
20260810,29,272,5,12,38,7,231,0,0
20260810,29,273,5,13,41,7,232,0,0
20260810,29,274,5,14,46,7,233,0,0
20260810,29,275,5,15,47,7,234,0,0
20260810,29,276,5,16,37,7,235,0,0
20260810,29,277,5,17,35,7,236,0,0
20260810,29,278,5,18,43,7,237,0,0
20260810,29,279,5,19,32,7,238,0,0
20260810,29,280,5,20,47,7,239,0,0
20260810,29,281,5,21,46,7,240,0,0
20260810,29,282,5,22,58,7,241,0,0
20260810,29,283,5,23,48,7,242,0,0
20260810,29,284,5,24,34,7,243,0,0
20260810,29,285,5,25,41,7,244,0,0
20260810,29,286,5,26,44,7,245,0,0
20260810,29,287,5,27,35,7,246,0,0
20260810,29,288,5,28,19,7,247,0,0
20260810,29,289,5,29,34,7,248,0,0
20260810,29,290,5,30,32,7,249,0,0
20260810,29,291,5,31,31,7,250,0,0
20260810,29,292,5,32,27,7,251,0,0
20260810,29,293,5,33,21,7,252,0,0
20260810,29,294,5,34,28,7,253,0,0
20260810,29,295,5,35,31,7,254,0,0
20260810,29,296,5,36,49,7,255,0,0
20260810,29,297,5,37,40,7,256,0,0
20260810,29,298,5,38,42,7,257,0,0
20260810,29,299,5,39,30,7,258,0,0
20260810,29,300,5,40,29,7,259,0,0
20260810,29,301,5,41,30,7,260,0,0
20260810,29,302,5,42,45,7,261,0,0
20260810,29,303,5,43,56,7,262,0,0
20260810,29,304,5,44,50,7,263,0,0
20260810,29,305,5,45,45,7,264,0,0
20260810,29,306,5,46,43,7,265,0,0
20260810,29,307,5,47,31,7,266,0,0
20260810,29,308,5,48,24,7,267,0,0
20260810,29,309,5,49,27,7,268,0,0
20260810,29,310,5,50,24,7,269,0,0
20260810,29,311,5,51,30,7,270,0,0
20260810,29,312,5,52,50,7,271,0,0
20260810,29,313,5,53,62,7,272,0,0
20260810,29,314,5,54,74,7,273,0,0
20260810,29,315,5,55,49,7,274,0,0
20260810,29,316,5,56,56,7,275,0,0
20260810,29,317,5,57,46,7,276,0,0
20260810,29,318,5,58,27,7,277,0,0
20260810,29,319,5,59,32,7,278,0,0
20260810,29,320,5,60,44,7,279,0,0
20260810,29,321,6,1,761,7,280,0,0
20260810,29,322,6,2,473,7,281,0,0
20260810,29,323,6,3,105,7,282,0,0
20260810,29,324,6,4,55,7,283,0,0
20260810,29,325,6,5,56,7,284,0,0
20260810,29,326,6,6,67,7,285,0,0
20260810,29,327,6,7,78,7,286,0,0
20260810,29,328,6,8,67,7,287,0,0
20260810,29,329,6,9,47,7,288,0,0
20260810,29,330,6,10,43,7,289,0,0
20260810,29,331,6,11,55,7,290,0,0
20260810,29,332,6,12,50,7,291,0,0
20260810,29,333,6,13,40,7,292,0,0
20260810,29,334,6,14,43,7,293,0,0
20260810,29,335,6,15,57,7,294,0,0
20260810,29,336,6,16,49,7,295,0,0
20260810,29,337,6,17,41,7,296,0,0
20260810,29,338,6,18,33,7,297,0,0
20260810,29,339,6,19,40,7,298,0,0
20260810,29,340,6,20,40,7,299,0,0
20260810,29,341,6,21,32,7,300,0,0
20260810,29,342,6,22,30,7,301,0,0
20260810,29,343,6,23,38,7,302,0,0
20260810,29,344,6,24,33,7,303,0,0
20260810,29,345,6,25,27,7,304,0,0
20260810,29,346,6,26,16,7,305,0,0
20260810,29,347,6,27,14,7,306,0,0
20260810,29,348,6,28,13,7,307,0,0
20260810,29,349,6,29,12,7,308,0,0
20260810,29,350,6,30,22,7,309,0,0
20260810,29,351,6,31,18,7,310,0,0
20260810,29,352,6,32,16,7,311,0,0
20260810,29,353,6,33,15,7,312,0,0
20260810,29,354,6,34,16,7,313,0,0
20260810,29,355,6,35,16,7,314,0,0
20260810,29,356,6,36,24,7,315,0,0
20260810,29,357,6,37,30,7,316,0,0
20260810,29,358,6,38,51,7,317,0,0
20260810,29,359,6,39,65,7,318,0,0
20260810,29,360,6,40,96,7,319,0,0
20260810,29,361,6,41,140,7,320,0,0
20260810,29,362,6,42,213,7,321,0,0
20260810,29,363,6,43,223,7,322,0,0
20260810,29,364,6,44,84,7,323,0,0
20260810,29,365,6,45,58,7,324,0,0
20260810,29,366,6,46,47,7,325,0,0
20260810,29,367,6,47,46,7,326,0,0
20260810,29,368,6,48,41,7,327,0,0
20260810,29,369,6,49,32,7,328,0,0
20260810,29,370,6,50,30,7,329,0,0
20260810,29,371,6,51,29,7,330,0,0
20260810,29,372,6,52,24,7,331,0,0
20260810,29,373,6,53,27,7,332,0,0
20260810,29,374,6,54,27,7,333,0,0
20260810,29,375,6,55,22,7,334,0,0
20260810,29,376,6,56,16,7,335,0,0
20260810,29,377,6,57,16,7,336,0,0
20260810,29,378,6,58,14,7,337,0,0
20260810,29,379,6,59,30,7,338,0,0
20260810,29,380,6,60,27,7,339,0,0
20260810,29,381,7,1,872,7,340,0,0
20260810,29,382,7,2,158,7,341,0,0
20260810,29,383,7,3,68,7,342,0,0
20260810,29,384,7,4,63,7,343,0,0
20260810,29,385,7,5,59,7,344,0,0
20260810,29,386,7,6,73,7,345,0,0
20260810,29,387,7,7,48,7,346,0,0
20260810,29,388,7,8,49,7,347,0,0
20260810,29,389,7,9,37,7,348,0,0
20260810,29,390,7,10,33,7,349,0,0
20260810,29,391,7,11,27,7,350,0,0
20260810,29,392,7,12,25,7,351,0,0
20260810,29,393,7,13,24,7,352,0,0
20260810,29,394,7,14,20,7,353,0,0
20260810,29,395,7,15,33,7,354,0,0
20260810,29,396,7,16,29,7,355,0,0
20260810,29,397,7,17,32,7,356,0,0
20260810,29,398,7,18,35,7,357,0,0
20260810,29,399,7,19,40,7,358,0,0
20260810,29,400,7,20,33,7,359,0,0
20260810,29,401,7,21,34,7,360,0,0
20260810,29,402,7,22,35,7,361,0,0
20260810,29,403,7,23,57,7,362,0,0
20260810,29,404,7,24,44,7,363,0,0
20260810,29,405,7,25,30,7,364,0,0
20260810,29,406,7,26,31,7,365,0,0
20260810,29,407,7,27,22,7,366,0,0
20260810,29,408,7,28,23,7,367,0,0
20260810,29,409,7,29,24,7,368,0,0
20260810,29,410,7,30,25,7,369,0,0
20260810,29,411,7,31,18,7,370,0,0
20260810,29,412,7,32,15,7,371,0,0
20260810,29,413,7,33,9,7,372,0,0
20260810,29,414,7,34,8,7,373,0,0
20260810,29,415,7,35,5,5,0,1,0
20260810,29,416,7,36,3,3,0,1,0
20260810,29,417,7,37,7,3,1,0,0
20260810,29,418,7,38,9,3,2,0,0
20260810,29,419,7,39,13,3,3,0,0
20260810,29,420,7,40,11,3,4,0,0
20260810,29,421,7,41,15,3,5,0,0
20260810,29,422,7,42,19,3,6,0,0
20260810,29,423,7,43,19,3,7,0,0
20260810,29,424,7,44,48,3,8,0,0
20260810,29,425,7,45,112,3,9,0,0
20260810,29,426,7,46,206,3,10,0,0
20260810,29,427,7,47,441,3,11,0,0
20260810,29,428,7,48,379,3,12,0,0
20260810,29,429,7,49,56,3,13,0,0
20260810,29,430,7,50,18,3,14,0,0
20260810,29,431,7,51,17,3,15,0,0
20260810,29,432,7,52,12,3,16,0,0
20260810,29,433,7,53,8,3,17,0,0
20260810,29,434,7,54,3,3,18,0,0
20260810,29,435,7,55,0,0,0,1,1
20260810,30,1,1,1,187,140,1,0,0
20260810,30,2,1,2,136,136,0,1,0
20260810,30,3,1,3,92,92,0,1,0
20260810,30,4,1,4,115,92,1,0,0
20260810,30,5,1,5,101,92,2,0,0
20260810,30,6,1,6,81,81,0,1,0
20260810,30,7,1,7,77,77,0,1,0
20260810,30,8,1,8,61,61,0,1,0
20260810,30,9,1,9,65,61,1,0,0
20260810,30,10,1,10,70,61,2,0,0
20260810,30,11,1,11,52,52,0,1,0
20260810,30,12,1,12,48,48,0,1,0
20260810,30,13,1,13,61,48,1,0,0
20260810,30,14,1,14,48,48,2,0,0
20260810,30,15,1,15,42,42,0,1,0
20260810,30,16,1,16,47,42,1,0,0
20260810,30,17,1,17,44,42,2,0,0
20260810,30,18,1,18,33,33,0,1,0
20260810,30,19,1,19,37,33,1,0,0
20260810,30,20,1,20,37,33,2,0,0
20260810,30,21,1,21,39,33,3,0,0
20260810,30,22,1,22,34,33,4,0,0
20260810,30,23,1,23,34,33,5,0,0
20260810,30,24,1,24,26,26,0,1,0
20260810,30,25,1,25,9,9,0,1,0
20260810,30,26,1,26,17,9,1,0,0
20260810,30,27,1,27,14,9,2,0,0
20260810,30,28,1,28,16,9,3,0,0
20260810,30,29,1,29,10,9,4,0,0
20260810,30,30,1,30,16,9,5,0,0
20260810,30,31,1,31,9,9,6,0,0
20260810,30,32,1,32,15,9,7,0,0
20260810,30,33,1,33,10,9,8,0,0
20260810,30,34,1,34,12,9,9,0,0
20260810,30,35,1,35,7,7,0,1,0
20260810,30,36,1,36,8,7,1,0,0
20260810,30,37,1,37,11,7,2,0,0
20260810,30,38,1,38,11,7,3,0,0
20260810,30,39,1,39,11,7,4,0,0
20260810,30,40,1,40,12,7,5,0,0
20260810,30,41,1,41,11,7,6,0,0
20260810,30,42,1,42,11,7,7,0,0
20260810,30,43,1,43,11,7,8,0,0
20260810,30,44,1,44,10,7,9,0,0
20260810,30,45,1,45,11,7,10,0,0
20260810,30,46,1,46,8,7,11,0,0
20260810,30,47,1,47,8,7,12,0,0
20260810,30,48,1,48,14,7,13,0,0
20260810,30,49,1,49,11,7,14,0,0
20260810,30,50,1,50,10,7,15,0,0
20260810,30,51,1,51,8,7,16,0,0
20260810,30,52,1,52,5,5,0,1,0
20260810,30,53,1,53,8,5,1,0,0
20260810,30,54,1,54,3,3,0,1,0
20260810,30,55,1,55,6,3,1,0,0
20260810,30,56,1,56,11,3,2,0,0
20260810,30,57,1,57,8,3,3,0,0
20260810,30,58,1,58,11,3,4,0,0
20260810,30,59,1,59,7,3,5,0,0
20260810,30,60,1,60,8,3,6,0,0
20260810,30,61,1,61,3,3,7,0,0
20260810,30,62,1,62,3,3,8,0,0
20260810,30,63,1,63,5,3,9,0,0
20260810,30,64,1,64,5,3,10,0,0
20260810,30,65,1,65,11,3,11,0,0
20260810,30,66,1,66,8,3,12,0,0
20260810,30,67,1,67,7,3,13,0,0
20260810,30,68,1,68,8,3,14,0,0
20260810,30,69,1,69,6,3,15,0,0
20260810,30,70,1,70,9,3,16,0,0
20260810,30,71,1,71,8,3,17,0,0
20260810,30,72,1,72,7,3,18,0,0
20260810,30,73,1,73,10,3,19,0,0
20260810,30,74,1,74,7,3,20,0,0
20260810,30,75,1,75,6,3,21,0,0
20260810,30,76,1,76,6,3,22,0,0
20260810,30,77,1,77,5,3,23,0,0
20260810,30,78,1,78,8,3,24,0,0
20260810,30,79,1,79,8,3,25,0,0
20260810,30,80,1,80,2,2,0,1,0
20260810,30,81,2,1,833,2,1,0,0
20260810,30,82,2,2,844,2,2,0,0
20260810,30,83,2,3,849,2,3,0,0
20260810,30,84,2,4,798,2,4,0,0
20260810,30,85,2,5,864,2,5,0,0
20260810,30,86,2,6,794,2,6,0,0
20260810,30,87,2,7,749,2,7,0,0
20260810,30,88,2,8,128,2,8,0,0
20260810,30,89,2,9,92,2,9,0,0
20260810,30,90,2,10,70,2,10,0,0
20260810,30,91,2,11,57,2,11,0,0
20260810,30,92,2,12,35,2,12,0,0
20260810,30,93,2,13,39,2,13,0,0
20260810,30,94,2,14,27,2,14,0,0
20260810,30,95,2,15,19,2,15,0,0
20260810,30,96,2,16,19,2,16,0,0
20260810,30,97,2,17,18,2,17,0,0
20260810,30,98,2,18,15,2,18,0,0
20260810,30,99,2,19,16,2,19,0,0
20260810,30,100,2,20,15,2,20,0,0
20260810,30,101,2,21,19,2,21,0,0
20260810,30,102,2,22,14,2,22,0,0
20260810,30,103,2,23,10,2,23,0,0
20260810,30,104,2,24,8,2,24,0,0
20260810,30,105,2,25,5,2,25,0,0
20260810,30,106,2,26,1,1,0,1,0
20260810,30,107,2,27,6,1,1,0,0
20260810,30,108,2,28,0,0,0,1,1
20260810,31,1,1,1,228,171,1,0,0
20260810,31,2,1,2,169,169,0,1,0
20260810,31,3,1,3,117,117,0,1,0
20260810,31,4,1,4,100,100,0,1,0
20260810,31,5,1,5,105,100,1,0,0
20260810,31,6,1,6,73,73,0,1,0
20260810,31,7,1,7,84,73,1,0,0
20260810,31,8,1,8,53,53,0,1,0
20260810,31,9,1,9,64,53,1,0,0
20260810,31,10,1,10,51,51,0,1,0
20260810,31,11,1,11,65,51,1,0,0
20260810,31,12,1,12,44,44,0,1,0
20260810,31,13,1,13,44,44,1,0,0
20260810,31,14,1,14,45,44,2,0,0
20260810,31,15,1,15,43,43,0,1,0
20260810,31,16,1,16,43,43,1,0,0
20260810,31,17,1,17,47,43,2,0,0
20260810,31,18,1,18,41,41,0,1,0
20260810,31,19,1,19,41,41,1,0,0
20260810,31,20,1,20,47,41,2,0,0
20260810,31,21,1,21,35,35,0,1,0
20260810,31,22,1,22,34,34,0,1,0
20260810,31,23,1,23,35,34,1,0,0
20260810,31,24,1,24,27,27,0,1,0
20260810,31,25,1,25,26,26,0,1,0
20260810,31,26,1,26,21,21,0,1,0
20260810,31,27,1,27,24,21,1,0,0
20260810,31,28,1,28,17,17,0,1,0
20260810,31,29,1,29,8,8,0,1,0
20260810,31,30,1,30,8,8,1,0,0
20260810,31,31,1,31,8,8,2,0,0
20260810,31,32,1,32,8,8,3,0,0
20260810,31,33,1,33,4,4,0,1,0
20260810,31,34,1,34,8,4,1,0,0
20260810,31,35,1,35,7,4,2,0,0
20260810,31,36,1,36,8,4,3,0,0
20260810,31,37,1,37,10,4,4,0,0
20260810,31,38,1,38,8,4,5,0,0
20260810,31,39,1,39,5,4,6,0,0
20260810,31,40,1,40,8,4,7,0,0
20260810,31,41,1,41,7,4,8,0,0
20260810,31,42,1,42,8,4,9,0,0
20260810,31,43,1,43,7,4,10,0,0
20260810,31,44,1,44,8,4,11,0,0
20260810,31,45,1,45,5,4,12,0,0
20260810,31,46,1,46,8,4,13,0,0
20260810,31,47,1,47,9,4,14,0,0
20260810,31,48,1,48,8,4,15,0,0
20260810,31,49,1,49,7,4,16,0,0
20260810,31,50,1,50,8,4,17,0,0
20260810,31,51,1,51,2,2,0,1,0
20260810,31,52,1,52,8,2,1,0,0
20260810,31,53,1,53,10,2,2,0,0
20260810,31,54,1,54,8,2,3,0,0
20260810,31,55,1,55,7,2,4,0,0
20260810,31,56,1,56,8,2,5,0,0
20260810,31,57,1,57,10,2,6,0,0
20260810,31,58,1,58,8,2,7,0,0
20260810,31,59,1,59,5,2,8,0,0
20260810,31,60,1,60,8,2,9,0,0
20260810,31,61,1,61,7,2,10,0,0
20260810,31,62,1,62,5,2,11,0,0
20260810,31,63,1,63,5,2,12,0,0
20260810,31,64,1,64,7,2,13,0,0
20260810,31,65,1,65,5,2,14,0,0
20260810,31,66,1,66,5,2,15,0,0
20260810,31,67,1,67,8,2,16,0,0
20260810,31,68,1,68,3,2,17,0,0
20260810,31,69,1,69,5,2,18,0,0
20260810,31,70,1,70,7,2,19,0,0
20260810,31,71,1,71,8,2,20,0,0
20260810,31,72,1,72,4,2,21,0,0
20260810,31,73,1,73,8,2,22,0,0
20260810,31,74,1,74,7,2,23,0,0
20260810,31,75,1,75,5,2,24,0,0
20260810,31,76,1,76,7,2,25,0,0
20260810,31,77,1,77,8,2,26,0,0
20260810,31,78,1,78,7,2,27,0,0
20260810,31,79,1,79,8,2,28,0,0
20260810,31,80,1,80,10,2,29,0,0
20260810,31,81,2,1,877,2,30,0,0
20260810,31,82,2,2,881,2,31,0,0
20260810,31,83,2,3,893,2,32,0,0
20260810,31,84,2,4,782,2,33,0,0
20260810,31,85,2,5,914,2,34,0,0
20260810,31,86,2,6,787,2,35,0,0
20260810,31,87,2,7,704,2,36,0,0
20260810,31,88,2,8,203,2,37,0,0
20260810,31,89,2,9,80,2,38,0,0
20260810,31,90,2,10,59,2,39,0,0
20260810,31,91,2,11,31,2,40,0,0
20260810,31,92,2,12,38,2,41,0,0
20260810,31,93,2,13,35,2,42,0,0
20260810,31,94,2,14,33,2,43,0,0
20260810,31,95,2,15,30,2,44,0,0
20260810,31,96,2,16,29,2,45,0,0
20260810,31,97,2,17,28,2,46,0,0
20260810,31,98,2,18,29,2,47,0,0
20260810,31,99,2,19,21,2,48,0,0
20260810,31,100,2,20,14,2,49,0,0
20260810,31,101,2,21,14,2,50,0,0
20260810,31,102,2,22,14,2,51,0,0
20260810,31,103,2,23,13,2,52,0,0
20260810,31,104,2,24,11,2,53,0,0
20260810,31,105,2,25,13,2,54,0,0
20260810,31,106,2,26,15,2,55,0,0
20260810,31,107,2,27,14,2,56,0,0
20260810,31,108,2,28,14,2,57,0,0
20260810,31,109,2,29,16,2,58,0,0
20260810,31,110,2,30,17,2,59,0,0
20260810,31,111,2,31,15,2,60,0,0
20260810,31,112,2,32,14,2,61,0,0
20260810,31,113,2,33,3,2,62,0,0
20260810,31,114,2,34,3,2,63,0,0
20260810,31,115,2,35,9,2,64,0,0
20260810,31,116,2,36,9,2,65,0,0
20260810,31,117,2,37,15,2,66,0,0
20260810,31,118,2,38,19,2,67,0,0
20260810,31,119,2,39,16,2,68,0,0
20260810,31,120,2,40,24,2,69,0,0
20260810,31,121,2,41,28,2,70,0,0
20260810,31,122,2,42,57,2,71,0,0
20260810,31,123,2,43,128,2,72,0,0
20260810,31,124,2,44,265,2,73,0,0
20260810,31,125,2,45,314,2,74,0,0
20260810,31,126,2,46,274,2,75,0,0
20260810,31,127,2,47,246,2,76,0,0
20260810,31,128,2,48,172,2,77,0,0
20260810,31,129,2,49,80,2,78,0,0
20260810,31,130,2,50,36,2,79,0,0
20260810,31,131,2,51,35,2,80,0,0
20260810,31,132,2,52,29,2,81,0,0
20260810,31,133,2,53,26,2,82,0,0
20260810,31,134,2,54,22,2,83,0,0
20260810,31,135,2,55,10,2,84,0,0
20260810,31,136,2,56,8,2,85,0,0
20260810,31,137,2,57,12,2,86,0,0
20260810,31,138,2,58,22,2,87,0,0
20260810,31,139,2,59,14,2,88,0,0
20260810,31,140,2,60,16,2,89,0,0
20260810,31,141,3,1,860,2,90,0,0
20260810,31,142,3,2,188,2,91,0,0
20260810,31,143,3,3,101,2,92,0,0
20260810,31,144,3,4,80,2,93,0,0
20260810,31,145,3,5,72,2,94,0,0
20260810,31,146,3,6,51,2,95,0,0
20260810,31,147,3,7,42,2,96,0,0
20260810,31,148,3,8,36,2,97,0,0
20260810,31,149,3,9,39,2,98,0,0
20260810,31,150,3,10,33,2,99,0,0
20260810,31,151,3,11,25,2,100,0,0
20260810,31,152,3,12,25,2,101,0,0
20260810,31,153,3,13,32,2,102,0,0
20260810,31,154,3,14,24,2,103,0,0
20260810,31,155,3,15,14,2,104,0,0
20260810,31,156,3,16,20,2,105,0,0
20260810,31,157,3,17,18,2,106,0,0
20260810,31,158,3,18,21,2,107,0,0
20260810,31,159,3,19,16,2,108,0,0
20260810,31,160,3,20,17,2,109,0,0
20260810,31,161,3,21,23,2,110,0,0
20260810,31,162,3,22,17,2,111,0,0
20260810,31,163,3,23,18,2,112,0,0
20260810,31,164,3,24,28,2,113,0,0
20260810,31,165,3,25,24,2,114,0,0
20260810,31,166,3,26,24,2,115,0,0
20260810,31,167,3,27,17,2,116,0,0
20260810,31,168,3,28,37,2,117,0,0
20260810,31,169,3,29,68,2,118,0,0
20260810,31,170,3,30,182,2,119,0,0
20260810,31,171,3,31,296,2,120,0,0
20260810,31,172,3,32,254,2,121,0,0
20260810,31,173,3,33,222,2,122,0,0
20260810,31,174,3,34,210,2,123,0,0
20260810,31,175,3,35,145,2,124,0,0
20260810,31,176,3,36,97,2,125,0,0
20260810,31,177,3,37,12,2,126,0,0
20260810,31,178,3,38,8,2,127,0,0
20260810,31,179,3,39,12,2,128,0,0
20260810,31,180,3,40,9,2,129,0,0
20260810,31,181,3,41,6,2,130,0,0
20260810,31,182,3,42,6,2,131,0,0
20260810,31,183,3,43,7,2,132,0,0
20260810,31,184,3,44,6,2,133,0,0
20260810,31,185,3,45,5,2,134,0,0
20260810,31,186,3,46,9,2,135,0,0
20260810,31,187,3,47,8,2,136,0,0
20260810,31,188,3,48,9,2,137,0,0
20260810,31,189,3,49,24,2,138,0,0
20260810,31,190,3,50,26,2,139,0,0
20260810,31,191,3,51,42,2,140,0,0
20260810,31,192,3,52,126,2,141,0,0
20260810,31,193,3,53,334,2,142,0,0
20260810,31,194,3,54,469,2,143,0,0
20260810,31,195,3,55,301,2,144,0,0
20260810,31,196,3,56,290,2,145,0,0
20260810,31,197,3,57,277,2,146,0,0
20260810,31,198,3,58,168,2,147,0,0
20260810,31,199,3,59,91,2,148,0,0
20260810,31,200,3,60,52,2,149,0,0
20260810,31,201,4,1,481,2,150,0,0
20260810,31,202,4,2,626,2,151,0,0
20260810,31,203,4,3,152,2,152,0,0
20260810,31,204,4,4,75,2,153,0,0
20260810,31,205,4,5,62,2,154,0,0
20260810,31,206,4,6,27,2,155,0,0
20260810,31,207,4,7,24,2,156,0,0
20260810,31,208,4,8,26,2,157,0,0
20260810,31,209,4,9,34,2,158,0,0
20260810,31,210,4,10,36,2,159,0,0
20260810,31,211,4,11,24,2,160,0,0
20260810,31,212,4,12,18,2,161,0,0
20260810,31,213,4,13,6,2,162,0,0
20260810,31,214,4,14,7,2,163,0,0
20260810,31,215,4,15,11,2,164,0,0
20260810,31,216,4,16,17,2,165,0,0
20260810,31,217,4,17,19,2,166,0,0
20260810,31,218,4,18,16,2,167,0,0
20260810,31,219,4,19,13,2,168,0,0
20260810,31,220,4,20,8,2,169,0,0
20260810,31,221,4,21,10,2,170,0,0
20260810,31,222,4,22,6,2,171,0,0
20260810,31,223,4,23,11,2,172,0,0
20260810,31,224,4,24,8,2,173,0,0
20260810,31,225,4,25,4,2,174,0,0
20260810,31,226,4,26,6,2,175,0,0
20260810,31,227,4,27,3,2,176,0,0
20260810,31,228,4,28,1,1,0,1,0
20260810,31,229,4,29,2,1,1,0,0
20260810,31,230,4,30,2,1,2,0,0
20260810,31,231,4,31,1,1,3,0,0
20260810,31,232,4,32,3,1,4,0,0
20260810,31,233,4,33,2,1,5,0,0
20260810,31,234,4,34,2,1,6,0,0
20260810,31,235,4,35,1,1,7,0,0
20260810,31,236,4,36,0,0,0,1,1
20260811,0,1,1,1,168,142,1,0,0
20260811,0,2,1,2,147,142,2,0,0
20260811,0,3,1,3,85,85,0,1,0
20260811,0,4,1,4,93,85,1,0,0
20260811,0,5,1,5,70,70,0,1,0
20260811,0,6,1,6,48,48,0,1,0
20260811,0,7,1,7,50,48,1,0,0
20260811,0,8,1,8,39,39,0,1,0
20260811,0,9,1,9,37,37,0,1,0
20260811,0,10,1,10,35,35,0,1,0
20260811,0,11,1,11,30,30,0,1,0
20260811,0,12,1,12,40,30,1,0,0
20260811,0,13,1,13,37,30,2,0,0
20260811,0,14,1,14,29,29,0,1,0
20260811,0,15,1,15,25,25,0,1,0
20260811,0,16,1,16,31,25,1,0,0
20260811,0,17,1,17,24,24,0,1,0
20260811,0,18,1,18,25,24,1,0,0
20260811,0,19,1,19,27,24,2,0,0
20260811,0,20,1,20,23,23,0,1,0
20260811,0,21,1,21,27,23,1,0,0
20260811,0,22,1,22,18,18,0,1,0
20260811,0,23,1,23,20,18,1,0,0
20260811,0,24,1,24,14,14,0,1,0
20260811,0,25,1,25,15,14,1,0,0
20260811,0,26,1,26,26,14,2,0,0
20260811,0,27,1,27,17,14,3,0,0
20260811,0,28,1,28,14,14,4,0,0
20260811,0,29,1,29,13,13,0,1,0
20260811,0,30,1,30,16,13,1,0,0
20260811,0,31,1,31,13,13,2,0,0
20260811,0,32,1,32,18,13,3,0,0
20260811,0,33,1,33,14,13,4,0,0
20260811,0,34,1,34,6,6,0,1,0
20260811,0,35,1,35,11,6,1,0,0
20260811,0,36,1,36,5,5,0,1,0
20260811,0,37,1,37,2,2,0,1,0
20260811,0,38,1,38,0,0,0,1,1
20260811,1,1,1,1,242,176,1,0,0
20260811,1,2,1,2,198,176,2,0,0
20260811,1,3,1,3,154,154,0,1,0
20260811,1,4,1,4,162,154,1,0,0
20260811,1,5,1,5,120,120,0,1,0
20260811,1,6,1,6,97,97,0,1,0
20260811,1,7,1,7,94,94,0,1,0
20260811,1,8,1,8,91,91,0,1,0
20260811,1,9,1,9,94,91,1,0,0
20260811,1,10,1,10,77,77,0,1,0
20260811,1,11,1,11,70,70,0,1,0
20260811,1,12,1,12,49,49,0,1,0
20260811,1,13,1,13,60,49,1,0,0
20260811,1,14,1,14,49,49,2,0,0
20260811,1,15,1,15,39,39,0,1,0
20260811,1,16,1,16,39,39,1,0,0
20260811,1,17,1,17,52,39,2,0,0
20260811,1,18,1,18,43,39,3,0,0
20260811,1,19,1,19,41,39,4,0,0
20260811,1,20,1,20,36,36,0,1,0
20260811,1,21,1,21,35,35,0,1,0
20260811,1,22,1,22,40,35,1,0,0
20260811,1,23,1,23,43,35,2,0,0
20260811,1,24,1,24,43,35,3,0,0
20260811,1,25,1,25,39,35,4,0,0
20260811,1,26,1,26,35,35,5,0,0
20260811,1,27,1,27,42,35,6,0,0
20260811,1,28,1,28,33,33,0,1,0
20260811,1,29,1,29,45,33,1,0,0
20260811,1,30,1,30,41,33,2,0,0
20260811,1,31,1,31,40,33,3,0,0
20260811,1,32,1,32,32,32,0,1,0
20260811,1,33,1,33,32,32,1,0,0
20260811,1,34,1,34,29,29,0,1,0
20260811,1,35,1,35,30,29,1,0,0
20260811,1,36,1,36,29,29,2,0,0
20260811,1,37,1,37,34,29,3,0,0
20260811,1,38,1,38,27,27,0,1,0
20260811,1,39,1,39,32,27,1,0,0
20260811,1,40,1,40,22,22,0,1,0
20260811,1,41,1,41,24,22,1,0,0
20260811,1,42,1,42,29,22,2,0,0
20260811,1,43,1,43,27,22,3,0,0
20260811,1,44,1,44,29,22,4,0,0
20260811,1,45,1,45,28,22,5,0,0
20260811,1,46,1,46,22,22,6,0,0
20260811,1,47,1,47,23,22,7,0,0
20260811,1,48,1,48,22,22,8,0,0
20260811,1,49,1,49,29,22,9,0,0
20260811,1,50,1,50,22,22,10,0,0
20260811,1,51,1,51,17,17,0,1,0
20260811,1,52,1,52,17,17,1,0,0
20260811,1,53,1,53,16,16,0,1,0
20260811,1,54,1,54,16,16,1,0,0
20260811,1,55,1,55,16,16,2,0,0
20260811,1,56,1,56,10,10,0,1,0
20260811,1,57,1,57,12,10,1,0,0
20260811,1,58,1,58,14,10,2,0,0
20260811,1,59,1,59,16,10,3,0,0
20260811,1,60,1,60,14,10,4,0,0
20260811,1,61,1,61,18,10,5,0,0
20260811,1,62,1,62,20,10,6,0,0
20260811,1,63,1,63,22,10,7,0,0
20260811,1,64,1,64,12,10,8,0,0
20260811,1,65,1,65,20,10,9,0,0
20260811,1,66,1,66,15,10,10,0,0
20260811,1,67,1,67,18,10,11,0,0
20260811,1,68,1,68,14,10,12,0,0
20260811,1,69,1,69,18,10,13,0,0
20260811,1,70,1,70,14,10,14,0,0
20260811,1,71,1,71,19,10,15,0,0
20260811,1,72,1,72,16,10,16,0,0
20260811,1,73,1,73,17,10,17,0,0
20260811,1,74,1,74,22,10,18,0,0
20260811,1,75,1,75,21,10,19,0,0
20260811,1,76,1,76,15,10,20,0,0
20260811,1,77,1,77,19,10,21,0,0
20260811,1,78,1,78,17,10,22,0,0
20260811,1,79,1,79,18,10,23,0,0
20260811,1,80,1,80,17,10,24,0,0
20260811,1,81,2,1,869,10,25,0,0
20260811,1,82,2,2,851,10,26,0,0
20260811,1,83,2,3,862,10,27,0,0
20260811,1,84,2,4,849,10,28,0,0
20260811,1,85,2,5,863,10,29,0,0
20260811,1,86,2,6,696,10,30,0,0
20260811,1,87,2,7,719,10,31,0,0
20260811,1,88,2,8,214,10,32,0,0
20260811,1,89,2,9,88,10,33,0,0
20260811,1,90,2,10,60,10,34,0,0
20260811,1,91,2,11,57,10,35,0,0
20260811,1,92,2,12,55,10,36,0,0
20260811,1,93,2,13,52,10,37,0,0
20260811,1,94,2,14,54,10,38,0,0
20260811,1,95,2,15,33,10,39,0,0
20260811,1,96,2,16,21,10,40,0,0
20260811,1,97,2,17,27,10,41,0,0
20260811,1,98,2,18,23,10,42,0,0
20260811,1,99,2,19,17,10,43,0,0
20260811,1,100,2,20,11,10,44,0,0
20260811,1,101,2,21,7,7,0,1,0
20260811,1,102,2,22,6,6,0,1,0
20260811,1,103,2,23,4,4,0,1,0
20260811,1,104,2,24,3,3,0,1,0
20260811,1,105,2,25,4,3,1,0,0
20260811,1,106,2,26,0,0,0,1,1
20260811,2,1,1,1,228,155,1,0,0
20260811,2,2,1,2,178,155,2,0,0
20260811,2,3,1,3,121,121,0,1,0
20260811,2,4,1,4,107,107,0,1,0
20260811,2,5,1,5,87,87,0,1,0
20260811,2,6,1,6,45,45,0,1,0
20260811,2,7,1,7,40,40,0,1,0
20260811,2,8,1,8,31,31,0,1,0
20260811,2,9,1,9,34,31,1,0,0
20260811,2,10,1,10,19,19,0,1,0
20260811,2,11,1,11,24,19,1,0,0
20260811,2,12,1,12,35,19,2,0,0
20260811,2,13,1,13,27,19,3,0,0
20260811,2,14,1,14,23,19,4,0,0
20260811,2,15,1,15,25,19,5,0,0
20260811,2,16,1,16,18,18,0,1,0
20260811,2,17,1,17,9,9,0,1,0
20260811,2,18,1,18,8,8,0,1,0
20260811,2,19,1,19,9,8,1,0,0
20260811,2,20,1,20,11,8,2,0,0
20260811,2,21,1,21,9,8,3,0,0
20260811,2,22,1,22,7,7,0,1,0
20260811,2,23,1,23,6,6,0,1,0
20260811,2,24,1,24,9,6,1,0,0
20260811,2,25,1,25,5,5,0,1,0
20260811,2,26,1,26,6,5,1,0,0
20260811,2,27,1,27,9,5,2,0,0
20260811,2,28,1,28,9,5,3,0,0
20260811,2,29,1,29,6,5,4,0,0
20260811,2,30,1,30,7,5,5,0,0
20260811,2,31,1,31,9,5,6,0,0
20260811,2,32,1,32,6,5,7,0,0
20260811,2,33,1,33,6,5,8,0,0
20260811,2,34,1,34,9,5,9,0,0
20260811,2,35,1,35,9,5,10,0,0
20260811,2,36,1,36,5,5,11,0,0
20260811,2,37,1,37,9,5,12,0,0
20260811,2,38,1,38,3,3,0,1,0
20260811,2,39,1,39,3,3,1,0,0
20260811,2,40,1,40,2,2,0,1,0
20260811,2,41,1,41,3,2,1,0,0
20260811,2,42,1,42,6,2,2,0,0
20260811,2,43,1,43,6,2,3,0,0
20260811,2,44,1,44,3,2,4,0,0
20260811,2,45,1,45,5,2,5,0,0
20260811,2,46,1,46,6,2,6,0,0
20260811,2,47,1,47,5,2,7,0,0
20260811,2,48,1,48,6,2,8,0,0
20260811,2,49,1,49,2,2,9,0,0
20260811,2,50,1,50,3,2,10,0,0
20260811,2,51,1,51,0,0,0,1,1
20260811,3,1,1,1,317,203,1,0,0
20260811,3,2,1,2,194,194,0,1,0
20260811,3,3,1,3,144,144,0,1,0
20260811,3,4,1,4,156,144,1,0,0
20260811,3,5,1,5,133,133,0,1,0
20260811,3,6,1,6,117,117,0,1,0
20260811,3,7,1,7,111,111,0,1,0
20260811,3,8,1,8,112,111,1,0,0
20260811,3,9,1,9,105,105,0,1,0
20260811,3,10,1,10,85,85,0,1,0
20260811,3,11,1,11,92,85,1,0,0
20260811,3,12,1,12,82,82,0,1,0
20260811,3,13,1,13,56,56,0,1,0
20260811,3,14,1,14,54,54,0,1,0
20260811,3,15,1,15,51,51,0,1,0
20260811,3,16,1,16,44,44,0,1,0
20260811,3,17,1,17,38,38,0,1,0
20260811,3,18,1,18,25,25,0,1,0
20260811,3,19,1,19,18,18,0,1,0
20260811,3,20,1,20,24,18,1,0,0
20260811,3,21,1,21,24,18,2,0,0
20260811,3,22,1,22,30,18,3,0,0
20260811,3,23,1,23,30,18,4,0,0
20260811,3,24,1,24,30,18,5,0,0
20260811,3,25,1,25,28,18,6,0,0
20260811,3,26,1,26,22,18,7,0,0
20260811,3,27,1,27,19,18,8,0,0
20260811,3,28,1,28,21,18,9,0,0
20260811,3,29,1,29,26,18,10,0,0
20260811,3,30,1,30,20,18,11,0,0
20260811,3,31,1,31,23,18,12,0,0
20260811,3,32,1,32,23,18,13,0,0
20260811,3,33,1,33,17,17,0,1,0
20260811,3,34,1,34,16,16,0,1,0
20260811,3,35,1,35,16,16,1,0,0
20260811,3,36,1,36,14,14,0,1,0
20260811,3,37,1,37,20,14,1,0,0
20260811,3,38,1,38,22,14,2,0,0
20260811,3,39,1,39,17,14,3,0,0
20260811,3,40,1,40,7,7,0,1,0
20260811,3,41,1,41,5,5,0,1,0
20260811,3,42,1,42,8,5,1,0,0
20260811,3,43,1,43,9,5,2,0,0
20260811,3,44,1,44,3,3,0,1,0
20260811,3,45,1,45,0,0,0,1,1
20260811,4,1,1,1,192,152,1,0,0
20260811,4,2,1,2,154,152,2,0,0
20260811,4,3,1,3,115,115,0,1,0
20260811,4,4,1,4,81,81,0,1,0
20260811,4,5,1,5,86,81,1,0,0
20260811,4,6,1,6,74,74,0,1,0
20260811,4,7,1,7,78,74,1,0,0
20260811,4,8,1,8,62,62,0,1,0
20260811,4,9,1,9,44,44,0,1,0
20260811,4,10,1,10,48,44,1,0,0
20260811,4,11,1,11,48,44,2,0,0
20260811,4,12,1,12,42,42,0,1,0
20260811,4,13,1,13,36,36,0,1,0
20260811,4,14,1,14,34,34,0,1,0
20260811,4,15,1,15,36,34,1,0,0
20260811,4,16,1,16,30,30,0,1,0
20260811,4,17,1,17,35,30,1,0,0
20260811,4,18,1,18,30,30,2,0,0
20260811,4,19,1,19,35,30,3,0,0
20260811,4,20,1,20,42,30,4,0,0
20260811,4,21,1,21,40,30,5,0,0
20260811,4,22,1,22,37,30,6,0,0
20260811,4,23,1,23,33,30,7,0,0
20260811,4,24,1,24,37,30,8,0,0
20260811,4,25,1,25,40,30,9,0,0
20260811,4,26,1,26,37,30,10,0,0
20260811,4,27,1,27,35,30,11,0,0
20260811,4,28,1,28,42,30,12,0,0
20260811,4,29,1,29,29,29,0,1,0
20260811,4,30,1,30,32,29,1,0,0
20260811,4,31,1,31,37,29,2,0,0
20260811,4,32,1,32,36,29,3,0,0
20260811,4,33,1,33,33,29,4,0,0
20260811,4,34,1,34,30,29,5,0,0
20260811,4,35,1,35,33,29,6,0,0
20260811,4,36,1,36,22,22,0,1,0
20260811,4,37,1,37,25,22,1,0,0
20260811,4,38,1,38,24,22,2,0,0
20260811,4,39,1,39,20,20,0,1,0
20260811,4,40,1,40,20,20,1,0,0
20260811,4,41,1,41,23,20,2,0,0
20260811,4,42,1,42,23,20,3,0,0
20260811,4,43,1,43,16,16,0,1,0
20260811,4,44,1,44,16,16,1,0,0
20260811,4,45,1,45,16,16,2,0,0
20260811,4,46,1,46,18,16,3,0,0
20260811,4,47,1,47,12,12,0,1,0
20260811,4,48,1,48,21,12,1,0,0
20260811,4,49,1,49,16,12,2,0,0
20260811,4,50,1,50,17,12,3,0,0
20260811,4,51,1,51,19,12,4,0,0
20260811,4,52,1,52,20,12,5,0,0
20260811,4,53,1,53,15,12,6,0,0
20260811,4,54,1,54,14,12,7,0,0
20260811,4,55,1,55,17,12,8,0,0
20260811,4,56,1,56,14,12,9,0,0
20260811,4,57,1,57,14,12,10,0,0
20260811,4,58,1,58,14,12,11,0,0
20260811,4,59,1,59,16,12,12,0,0
20260811,4,60,1,60,7,7,0,1,0
20260811,4,61,1,61,10,7,1,0,0
20260811,4,62,1,62,13,7,2,0,0
20260811,4,63,1,63,8,7,3,0,0
20260811,4,64,1,64,13,7,4,0,0
20260811,4,65,1,65,15,7,5,0,0
20260811,4,66,1,66,13,7,6,0,0
20260811,4,67,1,67,14,7,7,0,0
20260811,4,68,1,68,10,7,8,0,0
20260811,4,69,1,69,14,7,9,0,0
20260811,4,70,1,70,14,7,10,0,0
20260811,4,71,1,71,14,7,11,0,0
20260811,4,72,1,72,11,7,12,0,0
20260811,4,73,1,73,14,7,13,0,0
20260811,4,74,1,74,13,7,14,0,0
20260811,4,75,1,75,10,7,15,0,0
20260811,4,76,1,76,10,7,16,0,0
20260811,4,77,1,77,9,7,17,0,0
20260811,4,78,1,78,13,7,18,0,0
20260811,4,79,1,79,9,7,19,0,0
20260811,4,80,1,80,15,7,20,0,0
20260811,4,81,2,1,888,7,21,0,0
20260811,4,82,2,2,830,7,22,0,0
20260811,4,83,2,3,861,7,23,0,0
20260811,4,84,2,4,113,7,24,0,0
20260811,4,85,2,5,66,7,25,0,0
20260811,4,86,2,6,60,7,26,0,0
20260811,4,87,2,7,55,7,27,0,0
20260811,4,88,2,8,32,7,28,0,0
20260811,4,89,2,9,34,7,29,0,0
20260811,4,90,2,10,24,7,30,0,0
20260811,4,91,2,11,28,7,31,0,0
20260811,4,92,2,12,26,7,32,0,0
20260811,4,93,2,13,26,7,33,0,0
20260811,4,94,2,14,23,7,34,0,0
20260811,4,95,2,15,14,7,35,0,0
20260811,4,96,2,16,12,7,36,0,0
20260811,4,97,2,17,12,7,37,0,0
20260811,4,98,2,18,17,7,38,0,0
20260811,4,99,2,19,9,7,39,0,0
20260811,4,100,2,20,5,5,0,1,0
20260811,4,101,2,21,9,5,1,0,0
20260811,4,102,2,22,10,5,2,0,0
20260811,4,103,2,23,10,5,3,0,0
20260811,4,104,2,24,5,5,4,0,0
20260811,4,105,2,25,1,1,0,1,0
20260811,4,106,2,26,11,1,1,0,0
20260811,4,107,2,27,10,1,2,0,0
20260811,4,108,2,28,16,1,3,0,0
20260811,4,109,2,29,12,1,4,0,0
20260811,4,110,2,30,20,1,5,0,0
20260811,4,111,2,31,52,1,6,0,0
20260811,4,112,2,32,153,1,7,0,0
20260811,4,113,2,33,325,1,8,0,0
20260811,4,114,2,34,345,1,9,0,0
20260811,4,115,2,35,269,1,10,0,0
20260811,4,116,2,36,216,1,11,0,0
20260811,4,117,2,37,260,1,12,0,0
20260811,4,118,2,38,215,1,13,0,0
20260811,4,119,2,39,189,1,14,0,0
20260811,4,120,2,40,113,1,15,0,0
20260811,4,121,2,41,25,1,16,0,0
20260811,4,122,2,42,11,1,17,0,0
20260811,4,123,2,43,7,1,18,0,0
20260811,4,124,2,44,8,1,19,0,0
20260811,4,125,2,45,9,1,20,0,0
20260811,4,126,2,46,10,1,21,0,0
20260811,4,127,2,47,11,1,22,0,0
20260811,4,128,2,48,9,1,23,0,0
20260811,4,129,2,49,4,1,24,0,0
20260811,4,130,2,50,4,1,25,0,0
20260811,4,131,2,51,7,1,26,0,0
20260811,4,132,2,52,5,1,27,0,0
20260811,4,133,2,53,5,1,28,0,0
20260811,4,134,2,54,8,1,29,0,0
20260811,4,135,2,55,8,1,30,0,0
20260811,4,136,2,56,3,1,31,0,0
20260811,4,137,2,57,1,1,32,0,0
20260811,4,138,2,58,8,1,33,0,0
20260811,4,139,2,59,5,1,34,0,0
20260811,4,140,2,60,4,1,35,0,0
20260811,4,141,3,1,866,1,36,0,0
20260811,4,142,3,2,156,1,37,0,0
20260811,4,143,3,3,76,1,38,0,0
20260811,4,144,3,4,73,1,39,0,0
20260811,4,145,3,5,56,1,40,0,0
20260811,4,146,3,6,53,1,41,0,0
20260811,4,147,3,7,66,1,42,0,0
20260811,4,148,3,8,54,1,43,0,0
20260811,4,149,3,9,43,1,44,0,0
20260811,4,150,3,10,44,1,45,0,0
20260811,4,151,3,11,29,1,46,0,0
20260811,4,152,3,12,26,1,47,0,0
20260811,4,153,3,13,22,1,48,0,0
20260811,4,154,3,14,25,1,49,0,0
20260811,4,155,3,15,20,1,50,0,0
20260811,4,156,3,16,20,1,51,0,0
20260811,4,157,3,17,18,1,52,0,0
20260811,4,158,3,18,12,1,53,0,0
20260811,4,159,3,19,12,1,54,0,0
20260811,4,160,3,20,14,1,55,0,0
20260811,4,161,3,21,7,1,56,0,0
20260811,4,162,3,22,14,1,57,0,0
20260811,4,163,3,23,7,1,58,0,0
20260811,4,164,3,24,9,1,59,0,0
20260811,4,165,3,25,4,1,60,0,0
20260811,4,166,3,26,8,1,61,0,0
20260811,4,167,3,27,11,1,62,0,0
20260811,4,168,3,28,13,1,63,0,0
20260811,4,169,3,29,16,1,64,0,0
20260811,4,170,3,30,17,1,65,0,0
20260811,4,171,3,31,42,1,66,0,0
20260811,4,172,3,32,99,1,67,0,0
20260811,4,173,3,33,170,1,68,0,0
20260811,4,174,3,34,321,1,69,0,0
20260811,4,175,3,35,401,1,70,0,0
20260811,4,176,3,36,309,1,71,0,0
20260811,4,177,3,37,238,1,72,0,0
20260811,4,178,3,38,176,1,73,0,0
20260811,4,179,3,39,48,1,74,0,0
20260811,4,180,3,40,21,1,75,0,0
20260811,4,181,3,41,18,1,76,0,0
20260811,4,182,3,42,19,1,77,0,0
20260811,4,183,3,43,17,1,78,0,0
20260811,4,184,3,44,12,1,79,0,0
20260811,4,185,3,45,7,1,80,0,0
20260811,4,186,3,46,7,1,81,0,0
20260811,4,187,3,47,10,1,82,0,0
20260811,4,188,3,48,16,1,83,0,0
20260811,4,189,3,49,7,1,84,0,0
20260811,4,190,3,50,7,1,85,0,0
20260811,4,191,3,51,6,1,86,0,0
20260811,4,192,3,52,3,1,87,0,0
20260811,4,193,3,53,2,1,88,0,0
20260811,4,194,3,54,11,1,89,0,0
20260811,4,195,3,55,7,1,90,0,0
20260811,4,196,3,56,10,1,91,0,0
20260811,4,197,3,57,5,1,92,0,0
20260811,4,198,3,58,8,1,93,0,0
20260811,4,199,3,59,8,1,94,0,0
20260811,4,200,3,60,9,1,95,0,0
20260811,4,201,4,1,880,1,96,0,0
20260811,4,202,4,2,177,1,97,0,0
20260811,4,203,4,3,91,1,98,0,0
20260811,4,204,4,4,78,1,99,0,0
20260811,4,205,4,5,68,1,100,0,0
20260811,4,206,4,6,55,1,101,0,0
20260811,4,207,4,7,37,1,102,0,0
20260811,4,208,4,8,33,1,103,0,0
20260811,4,209,4,9,31,1,104,0,0
20260811,4,210,4,10,24,1,105,0,0
20260811,4,211,4,11,28,1,106,0,0
20260811,4,212,4,12,25,1,107,0,0
20260811,4,213,4,13,30,1,108,0,0
20260811,4,214,4,14,24,1,109,0,0
20260811,4,215,4,15,19,1,110,0,0
20260811,4,216,4,16,19,1,111,0,0
20260811,4,217,4,17,20,1,112,0,0
20260811,4,218,4,18,10,1,113,0,0
20260811,4,219,4,19,10,1,114,0,0
20260811,4,220,4,20,13,1,115,0,0
20260811,4,221,4,21,19,1,116,0,0
20260811,4,222,4,22,16,1,117,0,0
20260811,4,223,4,23,12,1,118,0,0
20260811,4,224,4,24,7,1,119,0,0
20260811,4,225,4,25,11,1,120,0,0
20260811,4,226,4,26,21,1,121,0,0
20260811,4,227,4,27,23,1,122,0,0
20260811,4,228,4,28,6,1,123,0,0
20260811,4,229,4,29,11,1,124,0,0
20260811,4,230,4,30,14,1,125,0,0
20260811,4,231,4,31,19,1,126,0,0
20260811,4,232,4,32,15,1,127,0,0
20260811,4,233,4,33,15,1,128,0,0
20260811,4,234,4,34,13,1,129,0,0
20260811,4,235,4,35,9,1,130,0,0
20260811,4,236,4,36,5,1,131,0,0
20260811,4,237,4,37,11,1,132,0,0
20260811,4,238,4,38,17,1,133,0,0
20260811,4,239,4,39,27,1,134,0,0
20260811,4,240,4,40,25,1,135,0,0
20260811,4,241,4,41,18,1,136,0,0
20260811,4,242,4,42,16,1,137,0,0
20260811,4,243,4,43,23,1,138,0,0
20260811,4,244,4,44,22,1,139,0,0
20260811,4,245,4,45,24,1,140,0,0
20260811,4,246,4,46,26,1,141,0,0
20260811,4,247,4,47,14,1,142,0,0
20260811,4,248,4,48,13,1,143,0,0
20260811,4,249,4,49,10,1,144,0,0
20260811,4,250,4,50,9,1,145,0,0
20260811,4,251,4,51,19,1,146,0,0
20260811,4,252,4,52,12,1,147,0,0
20260811,4,253,4,53,10,1,148,0,0
20260811,4,254,4,54,13,1,149,0,0
20260811,4,255,4,55,6,1,150,0,0
20260811,4,256,4,56,8,1,151,0,0
20260811,4,257,4,57,5,1,152,0,0
20260811,4,258,4,58,3,1,153,0,0
20260811,4,259,4,59,6,1,154,0,0
20260811,4,260,4,60,8,1,155,0,0
20260811,4,261,5,1,881,1,156,0,0
20260811,4,262,5,2,116,1,157,0,0
20260811,4,263,5,3,94,1,158,0,0
20260811,4,264,5,4,65,1,159,0,0
20260811,4,265,5,5,66,1,160,0,0
20260811,4,266,5,6,69,1,161,0,0
20260811,4,267,5,7,58,1,162,0,0
20260811,4,268,5,8,55,1,163,0,0
20260811,4,269,5,9,57,1,164,0,0
20260811,4,270,5,10,45,1,165,0,0
20260811,4,271,5,11,36,1,166,0,0
20260811,4,272,5,12,37,1,167,0,0
20260811,4,273,5,13,25,1,168,0,0
20260811,4,274,5,14,26,1,169,0,0
20260811,4,275,5,15,30,1,170,0,0
20260811,4,276,5,16,30,1,171,0,0
20260811,4,277,5,17,15,1,172,0,0
20260811,4,278,5,18,14,1,173,0,0
20260811,4,279,5,19,14,1,174,0,0
20260811,4,280,5,20,14,1,175,0,0
20260811,4,281,5,21,8,1,176,0,0
20260811,4,282,5,22,7,1,177,0,0
20260811,4,283,5,23,9,1,178,0,0
20260811,4,284,5,24,9,1,179,0,0
20260811,4,285,5,25,8,1,180,0,0
20260811,4,286,5,26,8,1,181,0,0
20260811,4,287,5,27,4,1,182,0,0
20260811,4,288,5,28,6,1,183,0,0
20260811,4,289,5,29,5,1,184,0,0
20260811,4,290,5,30,6,1,185,0,0
20260811,4,291,5,31,5,1,186,0,0
20260811,4,292,5,32,5,1,187,0,0
20260811,4,293,5,33,6,1,188,0,0
20260811,4,294,5,34,6,1,189,0,0
20260811,4,295,5,35,10,1,190,0,0
20260811,4,296,5,36,7,1,191,0,0
20260811,4,297,5,37,6,1,192,0,0
20260811,4,298,5,38,2,1,193,0,0
20260811,4,299,5,39,4,1,194,0,0
20260811,4,300,5,40,8,1,195,0,0
20260811,4,301,5,41,14,1,196,0,0
20260811,4,302,5,42,30,1,197,0,0
20260811,4,303,5,43,53,1,198,0,0
20260811,4,304,5,44,239,1,199,0,0
20260811,4,305,5,45,401,1,200,0,0
20260811,4,306,5,46,394,1,201,0,0
20260811,4,307,5,47,450,1,202,0,0
20260811,4,308,5,48,381,1,203,0,0
20260811,4,309,5,49,173,1,204,0,0
20260811,4,310,5,50,68,1,205,0,0
20260811,4,311,5,51,31,1,206,0,0
20260811,4,312,5,52,24,1,207,0,0
20260811,4,313,5,53,29,1,208,0,0
20260811,4,314,5,54,11,1,209,0,0
20260811,4,315,5,55,16,1,210,0,0
20260811,4,316,5,56,11,1,211,0,0
20260811,4,317,5,57,12,1,212,0,0
20260811,4,318,5,58,7,1,213,0,0
20260811,4,319,5,59,3,1,214,0,0
20260811,4,320,5,60,10,1,215,0,0
20260811,4,321,6,1,865,1,216,0,0
20260811,4,322,6,2,153,1,217,0,0
20260811,4,323,6,3,90,1,218,0,0
20260811,4,324,6,4,69,1,219,0,0
20260811,4,325,6,5,38,1,220,0,0
20260811,4,326,6,6,25,1,221,0,0
20260811,4,327,6,7,31,1,222,0,0
20260811,4,328,6,8,18,1,223,0,0
20260811,4,329,6,9,15,1,224,0,0
20260811,4,330,6,10,11,1,225,0,0
20260811,4,331,6,11,11,1,226,0,0
20260811,4,332,6,12,8,1,227,0,0
20260811,4,333,6,13,5,1,228,0,0
20260811,4,334,6,14,6,1,229,0,0
20260811,4,335,6,15,6,1,230,0,0
20260811,4,336,6,16,6,1,231,0,0
20260811,4,337,6,17,7,1,232,0,0
20260811,4,338,6,18,5,1,233,0,0
20260811,4,339,6,19,3,1,234,0,0
20260811,4,340,6,20,4,1,235,0,0
20260811,4,341,6,21,2,1,236,0,0
20260811,4,342,6,22,8,1,237,0,0
20260811,4,343,6,23,5,1,238,0,0
20260811,4,344,6,24,6,1,239,0,0
20260811,4,345,6,25,5,1,240,0,0
20260811,4,346,6,26,7,1,241,0,0
20260811,4,347,6,27,5,1,242,0,0
20260811,4,348,6,28,5,1,243,0,0
20260811,4,349,6,29,4,1,244,0,0
20260811,4,350,6,30,0,0,0,1,1
20260811,5,1,1,1,208,185,1,0,0
20260811,5,2,1,2,174,174,0,1,0
20260811,5,3,1,3,103,103,0,1,0
20260811,5,4,1,4,101,101,0,1,0
20260811,5,5,1,5,88,88,0,1,0
20260811,5,6,1,6,69,69,0,1,0
20260811,5,7,1,7,62,62,0,1,0
20260811,5,8,1,8,38,38,0,1,0
20260811,5,9,1,9,34,34,0,1,0
20260811,5,10,1,10,34,34,1,0,0
20260811,5,11,1,11,34,34,2,0,0
20260811,5,12,1,12,26,26,0,1,0
20260811,5,13,1,13,16,16,0,1,0
20260811,5,14,1,14,33,16,1,0,0
20260811,5,15,1,15,26,16,2,0,0
20260811,5,16,1,16,30,16,3,0,0
20260811,5,17,1,17,19,16,4,0,0
20260811,5,18,1,18,20,16,5,0,0
20260811,5,19,1,19,23,16,6,0,0
20260811,5,20,1,20,16,16,7,0,0
20260811,5,21,1,21,14,14,0,1,0
20260811,5,22,1,22,14,14,1,0,0
20260811,5,23,1,23,18,14,2,0,0
20260811,5,24,1,24,12,12,0,1,0
20260811,5,25,1,25,19,12,1,0,0
20260811,5,26,1,26,20,12,2,0,0
20260811,5,27,1,27,20,12,3,0,0
20260811,5,28,1,28,18,12,4,0,0
20260811,5,29,1,29,18,12,5,0,0
20260811,5,30,1,30,13,12,6,0,0
20260811,5,31,1,31,18,12,7,0,0
20260811,5,32,1,32,18,12,8,0,0
20260811,5,33,1,33,21,12,9,0,0
20260811,5,34,1,34,20,12,10,0,0
20260811,5,35,1,35,17,12,11,0,0
20260811,5,36,1,36,9,9,0,1,0
20260811,5,37,1,37,23,9,1,0,0
20260811,5,38,1,38,15,9,2,0,0
20260811,5,39,1,39,21,9,3,0,0
20260811,5,40,1,40,16,9,4,0,0
20260811,5,41,1,41,11,9,5,0,0
20260811,5,42,1,42,14,9,6,0,0
20260811,5,43,1,43,13,9,7,0,0
20260811,5,44,1,44,12,9,8,0,0
20260811,5,45,1,45,9,9,9,0,0
20260811,5,46,1,46,12,9,10,0,0
20260811,5,47,1,47,13,9,11,0,0
20260811,5,48,1,48,8,8,0,1,0
20260811,5,49,1,49,15,8,1,0,0
20260811,5,50,1,50,12,8,2,0,0
20260811,5,51,1,51,13,8,3,0,0
20260811,5,52,1,52,10,8,4,0,0
20260811,5,53,1,53,10,8,5,0,0
20260811,5,54,1,54,9,8,6,0,0
20260811,5,55,1,55,9,8,7,0,0
20260811,5,56,1,56,8,8,8,0,0
20260811,5,57,1,57,2,2,0,1,0
20260811,5,58,1,58,7,2,1,0,0
20260811,5,59,1,59,1,1,0,1,0
20260811,5,60,1,60,1,1,1,0,0
20260811,5,61,1,61,8,1,2,0,0
20260811,5,62,1,62,3,1,3,0,0
20260811,5,63,1,63,8,1,4,0,0
20260811,5,64,1,64,4,1,5,0,0
20260811,5,65,1,65,5,1,6,0,0
20260811,5,66,1,66,4,1,7,0,0
20260811,5,67,1,67,7,1,8,0,0
20260811,5,68,1,68,8,1,9,0,0
20260811,5,69,1,69,6,1,10,0,0
20260811,5,70,1,70,5,1,11,0,0
20260811,5,71,1,71,8,1,12,0,0
20260811,5,72,1,72,7,1,13,0,0
20260811,5,73,1,73,7,1,14,0,0
20260811,5,74,1,74,8,1,15,0,0
20260811,5,75,1,75,5,1,16,0,0
20260811,5,76,1,76,9,1,17,0,0
20260811,5,77,1,77,5,1,18,0,0
20260811,5,78,1,78,5,1,19,0,0
20260811,5,79,1,79,4,1,20,0,0
20260811,5,80,1,80,6,1,21,0,0
20260811,5,81,2,1,872,1,22,0,0
20260811,5,82,2,2,852,1,23,0,0
20260811,5,83,2,3,860,1,24,0,0
20260811,5,84,2,4,797,1,25,0,0
20260811,5,85,2,5,830,1,26,0,0
20260811,5,86,2,6,714,1,27,0,0
20260811,5,87,2,7,671,1,28,0,0
20260811,5,88,2,8,190,1,29,0,0
20260811,5,89,2,9,102,1,30,0,0
20260811,5,90,2,10,61,1,31,0,0
20260811,5,91,2,11,48,1,32,0,0
20260811,5,92,2,12,28,1,33,0,0
20260811,5,93,2,13,22,1,34,0,0
20260811,5,94,2,14,19,1,35,0,0
20260811,5,95,2,15,20,1,36,0,0
20260811,5,96,2,16,18,1,37,0,0
20260811,5,97,2,17,15,1,38,0,0
20260811,5,98,2,18,14,1,39,0,0
20260811,5,99,2,19,14,1,40,0,0
20260811,5,100,2,20,11,1,41,0,0
20260811,5,101,2,21,10,1,42,0,0
20260811,5,102,2,22,9,1,43,0,0
20260811,5,103,2,23,4,1,44,0,0
20260811,5,104,2,24,5,1,45,0,0
20260811,5,105,2,25,6,1,46,0,0
20260811,5,106,2,26,5,1,47,0,0
20260811,5,107,2,27,10,1,48,0,0
20260811,5,108,2,28,12,1,49,0,0
20260811,5,109,2,29,21,1,50,0,0
20260811,5,110,2,30,29,1,51,0,0
20260811,5,111,2,31,35,1,52,0,0
20260811,5,112,2,32,95,1,53,0,0
20260811,5,113,2,33,194,1,54,0,0
20260811,5,114,2,34,302,1,55,0,0
20260811,5,115,2,35,191,1,56,0,0
20260811,5,116,2,36,192,1,57,0,0
20260811,5,117,2,37,227,1,58,0,0
20260811,5,118,2,38,212,1,59,0,0
20260811,5,119,2,39,180,1,60,0,0
20260811,5,120,2,40,200,1,61,0,0
20260811,5,121,2,41,190,1,62,0,0
20260811,5,122,2,42,61,1,63,0,0
20260811,5,123,2,43,22,1,64,0,0
20260811,5,124,2,44,10,1,65,0,0
20260811,5,125,2,45,12,1,66,0,0
20260811,5,126,2,46,16,1,67,0,0
20260811,5,127,2,47,8,1,68,0,0
20260811,5,128,2,48,14,1,69,0,0
20260811,5,129,2,49,11,1,70,0,0
20260811,5,130,2,50,12,1,71,0,0
20260811,5,131,2,51,10,1,72,0,0
20260811,5,132,2,52,7,1,73,0,0
20260811,5,133,2,53,13,1,74,0,0
20260811,5,134,2,54,17,1,75,0,0
20260811,5,135,2,55,20,1,76,0,0
20260811,5,136,2,56,26,1,77,0,0
20260811,5,137,2,57,42,1,78,0,0
20260811,5,138,2,58,96,1,79,0,0
20260811,5,139,2,59,196,1,80,0,0
20260811,5,140,2,60,266,1,81,0,0
20260811,5,141,3,1,741,1,82,0,0
20260811,5,142,3,2,379,1,83,0,0
20260811,5,143,3,3,116,1,84,0,0
20260811,5,144,3,4,46,1,85,0,0
20260811,5,145,3,5,47,1,86,0,0
20260811,5,146,3,6,23,1,87,0,0
20260811,5,147,3,7,21,1,88,0,0
20260811,5,148,3,8,15,1,89,0,0
20260811,5,149,3,9,14,1,90,0,0
20260811,5,150,3,10,13,1,91,0,0
20260811,5,151,3,11,6,1,92,0,0
20260811,5,152,3,12,9,1,93,0,0
20260811,5,153,3,13,6,1,94,0,0
20260811,5,154,3,14,7,1,95,0,0
20260811,5,155,3,15,3,1,96,0,0
20260811,5,156,3,16,3,1,97,0,0
20260811,5,157,3,17,9,1,98,0,0
20260811,5,158,3,18,8,1,99,0,0
20260811,5,159,3,19,5,1,100,0,0
20260811,5,160,3,20,7,1,101,0,0
20260811,5,161,3,21,1,1,102,0,0
20260811,5,162,3,22,0,0,0,1,1
20260811,6,1,1,1,188,144,1,0,0
20260811,6,2,1,2,122,122,0,1,0
20260811,6,3,1,3,67,67,0,1,0
20260811,6,4,1,4,59,59,0,1,0
20260811,6,5,1,5,59,59,1,0,0
20260811,6,6,1,6,34,34,0,1,0
20260811,6,7,1,7,41,34,1,0,0
20260811,6,8,1,8,25,25,0,1,0
20260811,6,9,1,9,29,25,1,0,0
20260811,6,10,1,10,40,25,2,0,0
20260811,6,11,1,11,27,25,3,0,0
20260811,6,12,1,12,30,25,4,0,0
20260811,6,13,1,13,24,24,0,1,0
20260811,6,14,1,14,25,24,1,0,0
20260811,6,15,1,15,27,24,2,0,0
20260811,6,16,1,16,17,17,0,1,0
20260811,6,17,1,17,12,12,0,1,0
20260811,6,18,1,18,11,11,0,1,0
20260811,6,19,1,19,9,9,0,1,0
20260811,6,20,1,20,2,2,0,1,0
20260811,6,21,1,21,0,0,0,1,1
20260811,7,1,1,1,296,200,1,0,0
20260811,7,2,1,2,213,200,2,0,0
20260811,7,3,1,3,149,149,0,1,0
20260811,7,4,1,4,153,149,1,0,0
20260811,7,5,1,5,121,121,0,1,0
20260811,7,6,1,6,94,94,0,1,0
20260811,7,7,1,7,89,89,0,1,0
20260811,7,8,1,8,67,67,0,1,0
20260811,7,9,1,9,55,55,0,1,0
20260811,7,10,1,10,54,54,0,1,0
20260811,7,11,1,11,41,41,0,1,0
20260811,7,12,1,12,47,41,1,0,0
20260811,7,13,1,13,38,38,0,1,0
20260811,7,14,1,14,26,26,0,1,0
20260811,7,15,1,15,20,20,0,1,0
20260811,7,16,1,16,23,20,1,0,0
20260811,7,17,1,17,18,18,0,1,0
20260811,7,18,1,18,16,16,0,1,0
20260811,7,19,1,19,22,16,1,0,0
20260811,7,20,1,20,24,16,2,0,0
20260811,7,21,1,21,26,16,3,0,0
20260811,7,22,1,22,20,16,4,0,0
20260811,7,23,1,23,18,16,5,0,0
20260811,7,24,1,24,23,16,6,0,0
20260811,7,25,1,25,19,16,7,0,0
20260811,7,26,1,26,14,14,0,1,0
20260811,7,27,1,27,15,14,1,0,0
20260811,7,28,1,28,20,14,2,0,0
20260811,7,29,1,29,16,14,3,0,0
20260811,7,30,1,30,11,11,0,1,0
20260811,7,31,1,31,14,11,1,0,0
20260811,7,32,1,32,22,11,2,0,0
20260811,7,33,1,33,17,11,3,0,0
20260811,7,34,1,34,13,11,4,0,0
20260811,7,35,1,35,14,11,5,0,0
20260811,7,36,1,36,13,11,6,0,0
20260811,7,37,1,37,12,11,7,0,0
20260811,7,38,1,38,15,11,8,0,0
20260811,7,39,1,39,17,11,9,0,0
20260811,7,40,1,40,13,11,10,0,0
20260811,7,41,1,41,16,11,11,0,0
20260811,7,42,1,42,15,11,12,0,0
20260811,7,43,1,43,14,11,13,0,0
20260811,7,44,1,44,13,11,14,0,0
20260811,7,45,1,45,17,11,15,0,0
20260811,7,46,1,46,14,11,16,0,0
20260811,7,47,1,47,11,11,17,0,0
20260811,7,48,1,48,15,11,18,0,0
20260811,7,49,1,49,10,10,0,1,0
20260811,7,50,1,50,11,10,1,0,0
20260811,7,51,1,51,13,10,2,0,0
20260811,7,52,1,52,12,10,3,0,0
20260811,7,53,1,53,15,10,4,0,0
20260811,7,54,1,54,9,9,0,1,0
20260811,7,55,1,55,12,9,1,0,0
20260811,7,56,1,56,11,9,2,0,0
20260811,7,57,1,57,17,9,3,0,0
20260811,7,58,1,58,11,9,4,0,0
20260811,7,59,1,59,9,9,5,0,0
20260811,7,60,1,60,15,9,6,0,0
20260811,7,61,1,61,15,9,7,0,0
20260811,7,62,1,62,14,9,8,0,0
20260811,7,63,1,63,16,9,9,0,0
20260811,7,64,1,64,15,9,10,0,0
20260811,7,65,1,65,13,9,11,0,0
20260811,7,66,1,66,13,9,12,0,0
20260811,7,67,1,67,10,9,13,0,0
20260811,7,68,1,68,11,9,14,0,0
20260811,7,69,1,69,10,9,15,0,0
20260811,7,70,1,70,7,7,0,1,0
20260811,7,71,1,71,10,7,1,0,0
20260811,7,72,1,72,8,7,2,0,0
20260811,7,73,1,73,10,7,3,0,0
20260811,7,74,1,74,10,7,4,0,0
20260811,7,75,1,75,6,6,0,1,0
20260811,7,76,1,76,4,4,0,1,0
20260811,7,77,1,77,7,4,1,0,0
20260811,7,78,1,78,0,0,0,1,1
20260811,8,1,1,1,151,132,1,0,0
20260811,8,2,1,2,170,132,2,0,0
20260811,8,3,1,3,103,103,0,1,0
20260811,8,4,1,4,83,83,0,1,0
20260811,8,5,1,5,73,73,0,1,0
20260811,8,6,1,6,58,58,0,1,0
20260811,8,7,1,7,46,46,0,1,0
20260811,8,8,1,8,43,43,0,1,0
20260811,8,9,1,9,33,33,0,1,0
20260811,8,10,1,10,36,33,1,0,0
20260811,8,11,1,11,23,23,0,1,0
20260811,8,12,1,12,25,23,1,0,0
20260811,8,13,1,13,36,23,2,0,0
20260811,8,14,1,14,43,23,3,0,0
20260811,8,15,1,15,25,23,4,0,0
20260811,8,16,1,16,28,23,5,0,0
20260811,8,17,1,17,31,23,6,0,0
20260811,8,18,1,18,40,23,7,0,0
20260811,8,19,1,19,28,23,8,0,0
20260811,8,20,1,20,22,22,0,1,0
20260811,8,21,1,21,24,22,1,0,0
20260811,8,22,1,22,29,22,2,0,0
20260811,8,23,1,23,24,22,3,0,0
20260811,8,24,1,24,32,22,4,0,0
20260811,8,25,1,25,20,20,0,1,0
20260811,8,26,1,26,16,16,0,1,0
20260811,8,27,1,27,17,16,1,0,0
20260811,8,28,1,28,17,16,2,0,0
20260811,8,29,1,29,17,16,3,0,0
20260811,8,30,1,30,20,16,4,0,0
20260811,8,31,1,31,12,12,0,1,0
20260811,8,32,1,32,16,12,1,0,0
20260811,8,33,1,33,16,12,2,0,0
20260811,8,34,1,34,16,12,3,0,0
20260811,8,35,1,35,14,12,4,0,0
20260811,8,36,1,36,17,12,5,0,0
20260811,8,37,1,37,12,12,6,0,0
20260811,8,38,1,38,14,12,7,0,0
20260811,8,39,1,39,10,10,0,1,0
20260811,8,40,1,40,9,9,0,1,0
20260811,8,41,1,41,1,1,0,1,0
20260811,8,42,1,42,1,1,1,0,0
20260811,8,43,1,43,2,1,2,0,0
20260811,8,44,1,44,2,1,3,0,0
20260811,8,45,1,45,1,1,4,0,0
20260811,8,46,1,46,1,1,5,0,0
20260811,8,47,1,47,1,1,6,0,0
20260811,8,48,1,48,3,1,7,0,0
20260811,8,49,1,49,3,1,8,0,0
20260811,8,50,1,50,3,1,9,0,0
20260811,8,51,1,51,3,1,10,0,0
20260811,8,52,1,52,3,1,11,0,0
20260811,8,53,1,53,3,1,12,0,0
20260811,8,54,1,54,3,1,13,0,0
20260811,8,55,1,55,3,1,14,0,0
20260811,8,56,1,56,3,1,15,0,0
20260811,8,57,1,57,3,1,16,0,0
20260811,8,58,1,58,3,1,17,0,0
20260811,8,59,1,59,3,1,18,0,0
20260811,8,60,1,60,3,1,19,0,0
20260811,8,61,1,61,3,1,20,0,0
20260811,8,62,1,62,3,1,21,0,0
20260811,8,63,1,63,3,1,22,0,0
20260811,8,64,1,64,3,1,23,0,0
20260811,8,65,1,65,3,1,24,0,0
20260811,8,66,1,66,3,1,25,0,0
20260811,8,67,1,67,3,1,26,0,0
20260811,8,68,1,68,3,1,27,0,0
20260811,8,69,1,69,3,1,28,0,0
20260811,8,70,1,70,3,1,29,0,0
20260811,8,71,1,71,3,1,30,0,0
20260811,8,72,1,72,3,1,31,0,0
20260811,8,73,1,73,3,1,32,0,0
20260811,8,74,1,74,3,1,33,0,0
20260811,8,75,1,75,3,1,34,0,0
20260811,8,76,1,76,3,1,35,0,0
20260811,8,77,1,77,3,1,36,0,0
20260811,8,78,1,78,3,1,37,0,0
20260811,8,79,1,79,3,1,38,0,0
20260811,8,80,1,80,3,1,39,0,0
20260811,8,81,2,1,849,1,40,0,0
20260811,8,82,2,2,847,1,41,0,0
20260811,8,83,2,3,884,1,42,0,0
20260811,8,84,2,4,761,1,43,0,0
20260811,8,85,2,5,856,1,44,0,0
20260811,8,86,2,6,753,1,45,0,0
20260811,8,87,2,7,706,1,46,0,0
20260811,8,88,2,8,166,1,47,0,0
20260811,8,89,2,9,76,1,48,0,0
20260811,8,90,2,10,77,1,49,0,0
20260811,8,91,2,11,59,1,50,0,0
20260811,8,92,2,12,47,1,51,0,0
20260811,8,93,2,13,36,1,52,0,0
20260811,8,94,2,14,35,1,53,0,0
20260811,8,95,2,15,32,1,54,0,0
20260811,8,96,2,16,29,1,55,0,0
20260811,8,97,2,17,36,1,56,0,0
20260811,8,98,2,18,33,1,57,0,0
20260811,8,99,2,19,25,1,58,0,0
20260811,8,100,2,20,15,1,59,0,0
20260811,8,101,2,21,9,1,60,0,0
20260811,8,102,2,22,13,1,61,0,0
20260811,8,103,2,23,12,1,62,0,0
20260811,8,104,2,24,16,1,63,0,0
20260811,8,105,2,25,12,1,64,0,0
20260811,8,106,2,26,3,1,65,0,0
20260811,8,107,2,27,3,1,66,0,0
20260811,8,108,2,28,7,1,67,0,0
20260811,8,109,2,29,3,1,68,0,0
20260811,8,110,2,30,0,0,0,1,1
20260811,9,1,1,1,188,144,1,0,0
20260811,9,2,1,2,148,144,2,0,0
20260811,9,3,1,3,103,103,0,1,0
20260811,9,4,1,4,87,87,0,1,0
20260811,9,5,1,5,90,87,1,0,0
20260811,9,6,1,6,86,86,0,1,0
20260811,9,7,1,7,78,78,0,1,0
20260811,9,8,1,8,61,61,0,1,0
20260811,9,9,1,9,70,61,1,0,0
20260811,9,10,1,10,57,57,0,1,0
20260811,9,11,1,11,67,57,1,0,0
20260811,9,12,1,12,54,54,0,1,0
20260811,9,13,1,13,58,54,1,0,0
20260811,9,14,1,14,32,32,0,1,0
20260811,9,15,1,15,35,32,1,0,0
20260811,9,16,1,16,30,30,0,1,0
20260811,9,17,1,17,23,23,0,1,0
20260811,9,18,1,18,14,14,0,1,0
20260811,9,19,1,19,19,14,1,0,0
20260811,9,20,1,20,21,14,2,0,0
20260811,9,21,1,21,21,14,3,0,0
20260811,9,22,1,22,10,10,0,1,0
20260811,9,23,1,23,13,10,1,0,0
20260811,9,24,1,24,14,10,2,0,0
20260811,9,25,1,25,9,9,0,1,0
20260811,9,26,1,26,11,9,1,0,0
20260811,9,27,1,27,10,9,2,0,0
20260811,9,28,1,28,5,5,0,1,0
20260811,9,29,1,29,10,5,1,0,0
20260811,9,30,1,30,10,5,2,0,0
20260811,9,31,1,31,8,5,3,0,0
20260811,9,32,1,32,6,5,4,0,0
20260811,9,33,1,33,6,5,5,0,0
20260811,9,34,1,34,8,5,6,0,0
20260811,9,35,1,35,11,5,7,0,0
20260811,9,36,1,36,8,5,8,0,0
20260811,9,37,1,37,8,5,9,0,0
20260811,9,38,1,38,7,5,10,0,0
20260811,9,39,1,39,5,5,11,0,0
20260811,9,40,1,40,8,5,12,0,0
20260811,9,41,1,41,5,5,13,0,0
20260811,9,42,1,42,3,3,0,1,0
20260811,9,43,1,43,5,3,1,0,0
20260811,9,44,1,44,3,3,2,0,0
20260811,9,45,1,45,3,3,3,0,0
20260811,9,46,1,46,3,3,4,0,0
20260811,9,47,1,47,3,3,5,0,0
20260811,9,48,1,48,2,2,0,1,0
20260811,9,49,1,49,3,2,1,0,0
20260811,9,50,1,50,5,2,2,0,0
20260811,9,51,1,51,5,2,3,0,0
20260811,9,52,1,52,5,2,4,0,0
20260811,9,53,1,53,6,2,5,0,0
20260811,9,54,1,54,5,2,6,0,0
20260811,9,55,1,55,5,2,7,0,0
20260811,9,56,1,56,4,2,8,0,0
20260811,9,57,1,57,2,2,9,0,0
20260811,9,58,1,58,2,2,10,0,0
20260811,9,59,1,59,2,2,11,0,0
20260811,9,60,1,60,3,2,12,0,0
20260811,9,61,1,61,3,2,13,0,0
20260811,9,62,1,62,2,2,14,0,0
20260811,9,63,1,63,5,2,15,0,0
20260811,9,64,1,64,5,2,16,0,0
20260811,9,65,1,65,5,2,17,0,0
20260811,9,66,1,66,5,2,18,0,0
20260811,9,67,1,67,3,2,19,0,0
20260811,9,68,1,68,5,2,20,0,0
20260811,9,69,1,69,6,2,21,0,0
20260811,9,70,1,70,2,2,22,0,0
20260811,9,71,1,71,6,2,23,0,0
20260811,9,72,1,72,5,2,24,0,0
20260811,9,73,1,73,5,2,25,0,0
20260811,9,74,1,74,0,0,0,1,1
20260811,10,1,1,1,229,159,1,0,0
20260811,10,2,1,2,192,159,2,0,0
20260811,10,3,1,3,117,117,0,1,0
20260811,10,4,1,4,113,113,0,1,0
20260811,10,5,1,5,93,93,0,1,0
20260811,10,6,1,6,61,61,0,1,0
20260811,10,7,1,7,37,37,0,1,0
20260811,10,8,1,8,25,25,0,1,0
20260811,10,9,1,9,22,22,0,1,0
20260811,10,10,1,10,19,19,0,1,0
20260811,10,11,1,11,18,18,0,1,0
20260811,10,12,1,12,18,18,1,0,0
20260811,10,13,1,13,20,18,2,0,0
20260811,10,14,1,14,17,17,0,1,0
20260811,10,15,1,15,14,14,0,1,0
20260811,10,16,1,16,12,12,0,1,0
20260811,10,17,1,17,14,12,1,0,0
20260811,10,18,1,18,13,12,2,0,0
20260811,10,19,1,19,10,10,0,1,0
20260811,10,20,1,20,7,7,0,1,0
20260811,10,21,1,21,9,7,1,0,0
20260811,10,22,1,22,11,7,2,0,0
20260811,10,23,1,23,11,7,3,0,0
20260811,10,24,1,24,10,7,4,0,0
20260811,10,25,1,25,8,7,5,0,0
20260811,10,26,1,26,10,7,6,0,0
20260811,10,27,1,27,11,7,7,0,0
20260811,10,28,1,28,8,7,8,0,0
20260811,10,29,1,29,4,4,0,1,0
20260811,10,30,1,30,3,3,0,1,0
20260811,10,31,1,31,2,2,0,1,0
20260811,10,32,1,32,0,0,0,1,1
20260811,11,1,1,1,279,193,1,0,0
20260811,11,2,1,2,237,193,2,0,0
20260811,11,3,1,3,143,143,0,1,0
20260811,11,4,1,4,151,143,1,0,0
20260811,11,5,1,5,129,129,0,1,0
20260811,11,6,1,6,116,116,0,1,0
20260811,11,7,1,7,110,110,0,1,0
20260811,11,8,1,8,104,104,0,1,0
20260811,11,9,1,9,104,104,1,0,0
20260811,11,10,1,10,87,87,0,1,0
20260811,11,11,1,11,66,66,0,1,0
20260811,11,12,1,12,77,66,1,0,0
20260811,11,13,1,13,74,66,2,0,0
20260811,11,14,1,14,67,66,3,0,0
20260811,11,15,1,15,71,66,4,0,0
20260811,11,16,1,16,72,66,5,0,0
20260811,11,17,1,17,70,66,6,0,0
20260811,11,18,1,18,48,48,0,1,0
20260811,11,19,1,19,61,48,1,0,0
20260811,11,20,1,20,63,48,2,0,0
20260811,11,21,1,21,50,48,3,0,0
20260811,11,22,1,22,37,37,0,1,0
20260811,11,23,1,23,45,37,1,0,0
20260811,11,24,1,24,38,37,2,0,0
20260811,11,25,1,25,44,37,3,0,0
20260811,11,26,1,26,44,37,4,0,0
20260811,11,27,1,27,35,35,0,1,0
20260811,11,28,1,28,40,35,1,0,0
20260811,11,29,1,29,32,32,0,1,0
20260811,11,30,1,30,43,32,1,0,0
20260811,11,31,1,31,42,32,2,0,0
20260811,11,32,1,32,28,28,0,1,0
20260811,11,33,1,33,27,27,0,1,0
20260811,11,34,1,34,30,27,1,0,0
20260811,11,35,1,35,26,26,0,1,0
20260811,11,36,1,36,18,18,0,1,0
20260811,11,37,1,37,26,18,1,0,0
20260811,11,38,1,38,19,18,2,0,0
20260811,11,39,1,39,18,18,3,0,0
20260811,11,40,1,40,26,18,4,0,0
20260811,11,41,1,41,20,18,5,0,0
20260811,11,42,1,42,20,18,6,0,0
20260811,11,43,1,43,20,18,7,0,0
20260811,11,44,1,44,19,18,8,0,0
20260811,11,45,1,45,17,17,0,1,0
20260811,11,46,1,46,16,16,0,1,0
20260811,11,47,1,47,7,7,0,1,0
20260811,11,48,1,48,15,7,1,0,0
20260811,11,49,1,49,16,7,2,0,0
20260811,11,50,1,50,12,7,3,0,0
20260811,11,51,1,51,7,7,4,0,0
20260811,11,52,1,52,12,7,5,0,0
20260811,11,53,1,53,14,7,6,0,0
20260811,11,54,1,54,12,7,7,0,0
20260811,11,55,1,55,14,7,8,0,0
20260811,11,56,1,56,6,6,0,1,0
20260811,11,57,1,57,10,6,1,0,0
20260811,11,58,1,58,9,6,2,0,0
20260811,11,59,1,59,14,6,3,0,0
20260811,11,60,1,60,16,6,4,0,0
20260811,11,61,1,61,11,6,5,0,0
20260811,11,62,1,62,6,6,6,0,0
20260811,11,63,1,63,7,6,7,0,0
20260811,11,64,1,64,4,4,0,1,0
20260811,11,65,1,65,5,4,1,0,0
20260811,11,66,1,66,4,4,2,0,0
20260811,11,67,1,67,5,4,3,0,0
20260811,11,68,1,68,7,4,4,0,0
20260811,11,69,1,69,7,4,5,0,0
20260811,11,70,1,70,5,4,6,0,0
20260811,11,71,1,71,4,4,7,0,0
20260811,11,72,1,72,8,4,8,0,0
20260811,11,73,1,73,0,0,0,1,1
20260811,12,1,1,1,177,135,1,0,0
20260811,12,2,1,2,136,135,2,0,0
20260811,12,3,1,3,75,75,0,1,0
20260811,12,4,1,4,74,74,0,1,0
20260811,12,5,1,5,72,72,0,1,0
20260811,12,6,1,6,59,59,0,1,0
20260811,12,7,1,7,38,38,0,1,0
20260811,12,8,1,8,53,38,1,0,0
20260811,12,9,1,9,49,38,2,0,0
20260811,12,10,1,10,42,38,3,0,0
20260811,12,11,1,11,35,35,0,1,0
20260811,12,12,1,12,40,35,1,0,0
20260811,12,13,1,13,32,32,0,1,0
20260811,12,14,1,14,35,32,1,0,0
20260811,12,15,1,15,32,32,2,0,0
20260811,12,16,1,16,26,26,0,1,0
20260811,12,17,1,17,11,11,0,1,0
20260811,12,18,1,18,19,11,1,0,0
20260811,12,19,1,19,14,11,2,0,0
20260811,12,20,1,20,20,11,3,0,0
20260811,12,21,1,21,17,11,4,0,0
20260811,12,22,1,22,14,11,5,0,0
20260811,12,23,1,23,19,11,6,0,0
20260811,12,24,1,24,18,11,7,0,0
20260811,12,25,1,25,12,11,8,0,0
20260811,12,26,1,26,15,11,9,0,0
20260811,12,27,1,27,10,10,0,1,0
20260811,12,28,1,28,16,10,1,0,0
20260811,12,29,1,29,14,10,2,0,0
20260811,12,30,1,30,19,10,3,0,0
20260811,12,31,1,31,8,8,0,1,0
20260811,12,32,1,32,16,8,1,0,0
20260811,12,33,1,33,18,8,2,0,0
20260811,12,34,1,34,12,8,3,0,0
20260811,12,35,1,35,11,8,4,0,0
20260811,12,36,1,36,12,8,5,0,0
20260811,12,37,1,37,8,8,6,0,0
20260811,12,38,1,38,10,8,7,0,0
20260811,12,39,1,39,8,8,8,0,0
20260811,12,40,1,40,7,7,0,1,0
20260811,12,41,1,41,3,3,0,1,0
20260811,12,42,1,42,10,3,1,0,0
20260811,12,43,1,43,9,3,2,0,0
20260811,12,44,1,44,10,3,3,0,0
20260811,12,45,1,45,10,3,4,0,0
20260811,12,46,1,46,10,3,5,0,0
20260811,12,47,1,47,8,3,6,0,0
20260811,12,48,1,48,10,3,7,0,0
20260811,12,49,1,49,10,3,8,0,0
20260811,12,50,1,50,10,3,9,0,0
20260811,12,51,1,51,7,3,10,0,0
20260811,12,52,1,52,10,3,11,0,0
20260811,12,53,1,53,8,3,12,0,0
20260811,12,54,1,54,10,3,13,0,0
20260811,12,55,1,55,8,3,14,0,0
20260811,12,56,1,56,7,3,15,0,0
20260811,12,57,1,57,6,3,16,0,0
20260811,12,58,1,58,10,3,17,0,0
20260811,12,59,1,59,6,3,18,0,0
20260811,12,60,1,60,10,3,19,0,0
20260811,12,61,1,61,5,3,20,0,0
20260811,12,62,1,62,7,3,21,0,0
20260811,12,63,1,63,8,3,22,0,0
20260811,12,64,1,64,10,3,23,0,0
20260811,12,65,1,65,10,3,24,0,0
20260811,12,66,1,66,10,3,25,0,0
20260811,12,67,1,67,7,3,26,0,0
20260811,12,68,1,68,10,3,27,0,0
20260811,12,69,1,69,7,3,28,0,0
20260811,12,70,1,70,10,3,29,0,0
20260811,12,71,1,71,10,3,30,0,0
20260811,12,72,1,72,10,3,31,0,0
20260811,12,73,1,73,6,3,32,0,0
20260811,12,74,1,74,10,3,33,0,0
20260811,12,75,1,75,9,3,34,0,0
20260811,12,76,1,76,10,3,35,0,0
20260811,12,77,1,77,6,3,36,0,0
20260811,12,78,1,78,10,3,37,0,0
20260811,12,79,1,79,10,3,38,0,0
20260811,12,80,1,80,7,3,39,0,0
20260811,12,81,2,1,895,3,40,0,0
20260811,12,82,2,2,849,3,41,0,0
20260811,12,83,2,3,865,3,42,0,0
20260811,12,84,2,4,735,3,43,0,0
20260811,12,85,2,5,861,3,44,0,0
20260811,12,86,2,6,807,3,45,0,0
20260811,12,87,2,7,765,3,46,0,0
20260811,12,88,2,8,182,3,47,0,0
20260811,12,89,2,9,102,3,48,0,0
20260811,12,90,2,10,81,3,49,0,0
20260811,12,91,2,11,42,3,50,0,0
20260811,12,92,2,12,37,3,51,0,0
20260811,12,93,2,13,23,3,52,0,0
20260811,12,94,2,14,18,3,53,0,0
20260811,12,95,2,15,18,3,54,0,0
20260811,12,96,2,16,16,3,55,0,0
20260811,12,97,2,17,13,3,56,0,0
20260811,12,98,2,18,15,3,57,0,0
20260811,12,99,2,19,4,3,58,0,0
20260811,12,100,2,20,6,3,59,0,0
20260811,12,101,2,21,9,3,60,0,0
20260811,12,102,2,22,8,3,61,0,0
20260811,12,103,2,23,10,3,62,0,0
20260811,12,104,2,24,4,3,63,0,0
20260811,12,105,2,25,3,3,64,0,0
20260811,12,106,2,26,3,3,65,0,0
20260811,12,107,2,27,4,3,66,0,0
20260811,12,108,2,28,3,3,67,0,0
20260811,12,109,2,29,0,0,0,1,1
20260811,13,1,1,1,276,201,1,0,0
20260811,13,2,1,2,207,201,2,0,0
20260811,13,3,1,3,129,129,0,1,0
20260811,13,4,1,4,124,124,0,1,0
20260811,13,5,1,5,109,109,0,1,0
20260811,13,6,1,6,85,85,0,1,0
20260811,13,7,1,7,75,75,0,1,0
20260811,13,8,1,8,79,75,1,0,0
20260811,13,9,1,9,67,67,0,1,0
20260811,13,10,1,10,68,67,1,0,0
20260811,13,11,1,11,57,57,0,1,0
20260811,13,12,1,12,56,56,0,1,0
20260811,13,13,1,13,50,50,0,1,0
20260811,13,14,1,14,39,39,0,1,0
20260811,13,15,1,15,42,39,1,0,0
20260811,13,16,1,16,32,32,0,1,0
20260811,13,17,1,17,37,32,1,0,0
20260811,13,18,1,18,32,32,2,0,0
20260811,13,19,1,19,26,26,0,1,0
20260811,13,20,1,20,27,26,1,0,0
20260811,13,21,1,21,34,26,2,0,0
20260811,13,22,1,22,31,26,3,0,0
20260811,13,23,1,23,28,26,4,0,0
20260811,13,24,1,24,29,26,5,0,0
20260811,13,25,1,25,28,26,6,0,0
20260811,13,26,1,26,28,26,7,0,0
20260811,13,27,1,27,19,19,0,1,0
20260811,13,28,1,28,20,19,1,0,0
20260811,13,29,1,29,19,19,2,0,0
20260811,13,30,1,30,19,19,3,0,0
20260811,13,31,1,31,14,14,0,1,0
20260811,13,32,1,32,11,11,0,1,0
20260811,13,33,1,33,12,11,1,0,0
20260811,13,34,1,34,18,11,2,0,0
20260811,13,35,1,35,13,11,3,0,0
20260811,13,36,1,36,17,11,4,0,0
20260811,13,37,1,37,12,11,5,0,0
20260811,13,38,1,38,13,11,6,0,0
20260811,13,39,1,39,16,11,7,0,0
20260811,13,40,1,40,16,11,8,0,0
20260811,13,41,1,41,17,11,9,0,0
20260811,13,42,1,42,11,11,10,0,0
20260811,13,43,1,43,8,8,0,1,0
20260811,13,44,1,44,6,6,0,1,0
20260811,13,45,1,45,9,6,1,0,0
20260811,13,46,1,46,11,6,2,0,0
20260811,13,47,1,47,12,6,3,0,0
20260811,13,48,1,48,9,6,4,0,0
20260811,13,49,1,49,11,6,5,0,0
20260811,13,50,1,50,13,6,6,0,0
20260811,13,51,1,51,9,6,7,0,0
20260811,13,52,1,52,11,6,8,0,0
20260811,13,53,1,53,9,6,9,0,0
20260811,13,54,1,54,11,6,10,0,0
20260811,13,55,1,55,8,6,11,0,0
20260811,13,56,1,56,11,6,12,0,0
20260811,13,57,1,57,8,6,13,0,0
20260811,13,58,1,58,11,6,14,0,0
20260811,13,59,1,59,7,6,15,0,0
20260811,13,60,1,60,11,6,16,0,0
20260811,13,61,1,61,10,6,17,0,0
20260811,13,62,1,62,9,6,18,0,0
20260811,13,63,1,63,9,6,19,0,0
20260811,13,64,1,64,8,6,20,0,0
20260811,13,65,1,65,8,6,21,0,0
20260811,13,66,1,66,7,6,22,0,0
20260811,13,67,1,67,11,6,23,0,0
20260811,13,68,1,68,8,6,24,0,0
20260811,13,69,1,69,11,6,25,0,0
20260811,13,70,1,70,11,6,26,0,0
20260811,13,71,1,71,11,6,27,0,0
20260811,13,72,1,72,11,6,28,0,0
20260811,13,73,1,73,11,6,29,0,0
20260811,13,74,1,74,7,6,30,0,0
20260811,13,75,1,75,11,6,31,0,0
20260811,13,76,1,76,6,6,32,0,0
20260811,13,77,1,77,11,6,33,0,0
20260811,13,78,1,78,9,6,34,0,0
20260811,13,79,1,79,11,6,35,0,0
20260811,13,80,1,80,9,6,36,0,0
20260811,13,81,2,1,817,6,37,0,0
20260811,13,82,2,2,805,6,38,0,0
20260811,13,83,2,3,888,6,39,0,0
20260811,13,84,2,4,722,6,40,0,0
20260811,13,85,2,5,854,6,41,0,0
20260811,13,86,2,6,767,6,42,0,0
20260811,13,87,2,7,734,6,43,0,0
20260811,13,88,2,8,203,6,44,0,0
20260811,13,89,2,9,101,6,45,0,0
20260811,13,90,2,10,85,6,46,0,0
20260811,13,91,2,11,50,6,47,0,0
20260811,13,92,2,12,45,6,48,0,0
20260811,13,93,2,13,47,6,49,0,0
20260811,13,94,2,14,38,6,50,0,0
20260811,13,95,2,15,29,6,51,0,0
20260811,13,96,2,16,43,6,52,0,0
20260811,13,97,2,17,26,6,53,0,0
20260811,13,98,2,18,30,6,54,0,0
20260811,13,99,2,19,21,6,55,0,0
20260811,13,100,2,20,15,6,56,0,0
20260811,13,101,2,21,22,6,57,0,0
20260811,13,102,2,22,21,6,58,0,0
20260811,13,103,2,23,18,6,59,0,0
20260811,13,104,2,24,19,6,60,0,0
20260811,13,105,2,25,13,6,61,0,0
20260811,13,106,2,26,21,6,62,0,0
20260811,13,107,2,27,14,6,63,0,0
20260811,13,108,2,28,13,6,64,0,0
20260811,13,109,2,29,1,1,0,1,0
20260811,13,110,2,30,6,1,1,0,0
20260811,13,111,2,31,4,1,2,0,0
20260811,13,112,2,32,3,1,3,0,0
20260811,13,113,2,33,3,1,4,0,0
20260811,13,114,2,34,9,1,5,0,0
20260811,13,115,2,35,12,1,6,0,0
20260811,13,116,2,36,7,1,7,0,0
20260811,13,117,2,37,13,1,8,0,0
20260811,13,118,2,38,21,1,9,0,0
20260811,13,119,2,39,23,1,10,0,0
20260811,13,120,2,40,17,1,11,0,0
20260811,13,121,2,41,18,1,12,0,0
20260811,13,122,2,42,13,1,13,0,0
20260811,13,123,2,43,15,1,14,0,0
20260811,13,124,2,44,34,1,15,0,0
20260811,13,125,2,45,65,1,16,0,0
20260811,13,126,2,46,211,1,17,0,0
20260811,13,127,2,47,354,1,18,0,0
20260811,13,128,2,48,323,1,19,0,0
20260811,13,129,2,49,280,1,20,0,0
20260811,13,130,2,50,216,1,21,0,0
20260811,13,131,2,51,128,1,22,0,0
20260811,13,132,2,52,52,1,23,0,0
20260811,13,133,2,53,46,1,24,0,0
20260811,13,134,2,54,45,1,25,0,0
20260811,13,135,2,55,47,1,26,0,0
20260811,13,136,2,56,31,1,27,0,0
20260811,13,137,2,57,30,1,28,0,0
20260811,13,138,2,58,27,1,29,0,0
20260811,13,139,2,59,19,1,30,0,0
20260811,13,140,2,60,13,1,31,0,0
20260811,13,141,3,1,806,1,32,0,0
20260811,13,142,3,2,209,1,33,0,0
20260811,13,143,3,3,94,1,34,0,0
20260811,13,144,3,4,86,1,35,0,0
20260811,13,145,3,5,74,1,36,0,0
20260811,13,146,3,6,48,1,37,0,0
20260811,13,147,3,7,41,1,38,0,0
20260811,13,148,3,8,34,1,39,0,0
20260811,13,149,3,9,29,1,40,0,0
20260811,13,150,3,10,24,1,41,0,0
20260811,13,151,3,11,13,1,42,0,0
20260811,13,152,3,12,14,1,43,0,0
20260811,13,153,3,13,7,1,44,0,0
20260811,13,154,3,14,10,1,45,0,0
20260811,13,155,3,15,8,1,46,0,0
20260811,13,156,3,16,6,1,47,0,0
20260811,13,157,3,17,4,1,48,0,0
20260811,13,158,3,18,5,1,49,0,0
20260811,13,159,3,19,4,1,50,0,0
20260811,13,160,3,20,5,1,51,0,0
20260811,13,161,3,21,5,1,52,0,0
20260811,13,162,3,22,5,1,53,0,0
20260811,13,163,3,23,3,1,54,0,0
20260811,13,164,3,24,6,1,55,0,0
20260811,13,165,3,25,3,1,56,0,0
20260811,13,166,3,26,6,1,57,0,0
20260811,13,167,3,27,5,1,58,0,0
20260811,13,168,3,28,11,1,59,0,0
20260811,13,169,3,29,4,1,60,0,0
20260811,13,170,3,30,7,1,61,0,0
20260811,13,171,3,31,8,1,62,0,0
20260811,13,172,3,32,10,1,63,0,0
20260811,13,173,3,33,10,1,64,0,0
20260811,13,174,3,34,22,1,65,0,0
20260811,13,175,3,35,20,1,66,0,0
20260811,13,176,3,36,55,1,67,0,0
20260811,13,177,3,37,163,1,68,0,0
20260811,13,178,3,38,336,1,69,0,0
20260811,13,179,3,39,350,1,70,0,0
20260811,13,180,3,40,300,1,71,0,0
20260811,13,181,3,41,238,1,72,0,0
20260811,13,182,3,42,241,1,73,0,0
20260811,13,183,3,43,208,1,74,0,0
20260811,13,184,3,44,141,1,75,0,0
20260811,13,185,3,45,80,1,76,0,0
20260811,13,186,3,46,50,1,77,0,0
20260811,13,187,3,47,49,1,78,0,0
20260811,13,188,3,48,39,1,79,0,0
20260811,13,189,3,49,32,1,80,0,0
20260811,13,190,3,50,37,1,81,0,0
20260811,13,191,3,51,33,1,82,0,0
20260811,13,192,3,52,23,1,83,0,0
20260811,13,193,3,53,24,1,84,0,0
20260811,13,194,3,54,22,1,85,0,0
20260811,13,195,3,55,21,1,86,0,0
20260811,13,196,3,56,20,1,87,0,0
20260811,13,197,3,57,16,1,88,0,0
20260811,13,198,3,58,16,1,89,0,0
20260811,13,199,3,59,24,1,90,0,0
20260811,13,200,3,60,21,1,91,0,0
20260811,13,201,4,1,842,1,92,0,0
20260811,13,202,4,2,229,1,93,0,0
20260811,13,203,4,3,138,1,94,0,0
20260811,13,204,4,4,115,1,95,0,0
20260811,13,205,4,5,90,1,96,0,0
20260811,13,206,4,6,86,1,97,0,0
20260811,13,207,4,7,77,1,98,0,0
20260811,13,208,4,8,66,1,99,0,0
20260811,13,209,4,9,59,1,100,0,0
20260811,13,210,4,10,73,1,101,0,0
20260811,13,211,4,11,55,1,102,0,0
20260811,13,212,4,12,44,1,103,0,0
20260811,13,213,4,13,37,1,104,0,0
20260811,13,214,4,14,37,1,105,0,0
20260811,13,215,4,15,43,1,106,0,0
20260811,13,216,4,16,34,1,107,0,0
20260811,13,217,4,17,35,1,108,0,0
20260811,13,218,4,18,25,1,109,0,0
20260811,13,219,4,19,23,1,110,0,0
20260811,13,220,4,20,19,1,111,0,0
20260811,13,221,4,21,22,1,112,0,0
20260811,13,222,4,22,17,1,113,0,0
20260811,13,223,4,23,21,1,114,0,0
20260811,13,224,4,24,27,1,115,0,0
20260811,13,225,4,25,11,1,116,0,0
20260811,13,226,4,26,10,1,117,0,0
20260811,13,227,4,27,10,1,118,0,0
20260811,13,228,4,28,11,1,119,0,0
20260811,13,229,4,29,11,1,120,0,0
20260811,13,230,4,30,8,1,121,0,0
20260811,13,231,4,31,10,1,122,0,0
20260811,13,232,4,32,12,1,123,0,0
20260811,13,233,4,33,9,1,124,0,0
20260811,13,234,4,34,16,1,125,0,0
20260811,13,235,4,35,19,1,126,0,0
20260811,13,236,4,36,21,1,127,0,0
20260811,13,237,4,37,15,1,128,0,0
20260811,13,238,4,38,26,1,129,0,0
20260811,13,239,4,39,63,1,130,0,0
20260811,13,240,4,40,86,1,131,0,0
20260811,13,241,4,41,205,1,132,0,0
20260811,13,242,4,42,394,1,133,0,0
20260811,13,243,4,43,450,1,134,0,0
20260811,13,244,4,44,405,1,135,0,0
20260811,13,245,4,45,154,1,136,0,0
20260811,13,246,4,46,77,1,137,0,0
20260811,13,247,4,47,42,1,138,0,0
20260811,13,248,4,48,21,1,139,0,0
20260811,13,249,4,49,31,1,140,0,0
20260811,13,250,4,50,28,1,141,0,0
20260811,13,251,4,51,32,1,142,0,0
20260811,13,252,4,52,27,1,143,0,0
20260811,13,253,4,53,18,1,144,0,0
20260811,13,254,4,54,11,1,145,0,0
20260811,13,255,4,55,14,1,146,0,0
20260811,13,256,4,56,9,1,147,0,0
20260811,13,257,4,57,9,1,148,0,0
20260811,13,258,4,58,6,1,149,0,0
20260811,13,259,4,59,8,1,150,0,0
20260811,13,260,4,60,5,1,151,0,0
20260811,13,261,5,1,868,1,152,0,0
20260811,13,262,5,2,127,1,153,0,0
20260811,13,263,5,3,74,1,154,0,0
20260811,13,264,5,4,63,1,155,0,0
20260811,13,265,5,5,52,1,156,0,0
20260811,13,266,5,6,36,1,157,0,0
20260811,13,267,5,7,22,1,158,0,0
20260811,13,268,5,8,15,1,159,0,0
20260811,13,269,5,9,9,1,160,0,0
20260811,13,270,5,10,12,1,161,0,0
20260811,13,271,5,11,9,1,162,0,0
20260811,13,272,5,12,11,1,163,0,0
20260811,13,273,5,13,11,1,164,0,0
20260811,13,274,5,14,5,1,165,0,0
20260811,13,275,5,15,10,1,166,0,0
20260811,13,276,5,16,9,1,167,0,0
20260811,13,277,5,17,8,1,168,0,0
20260811,13,278,5,18,7,1,169,0,0
20260811,13,279,5,19,5,1,170,0,0
20260811,13,280,5,20,7,1,171,0,0
20260811,13,281,5,21,8,1,172,0,0
20260811,13,282,5,22,4,1,173,0,0
20260811,13,283,5,23,10,1,174,0,0
20260811,13,284,5,24,5,1,175,0,0
20260811,13,285,5,25,9,1,176,0,0
20260811,13,286,5,26,11,1,177,0,0
20260811,13,287,5,27,11,1,178,0,0
20260811,13,288,5,28,5,1,179,0,0
20260811,13,289,5,29,3,1,180,0,0
20260811,13,290,5,30,7,1,181,0,0
20260811,13,291,5,31,8,1,182,0,0
20260811,13,292,5,32,11,1,183,0,0
20260811,13,293,5,33,27,1,184,0,0
20260811,13,294,5,34,49,1,185,0,0
20260811,13,295,5,35,156,1,186,0,0
20260811,13,296,5,36,383,1,187,0,0
20260811,13,297,5,37,563,1,188,0,0
20260811,13,298,5,38,462,1,189,0,0
20260811,13,299,5,39,291,1,190,0,0
20260811,13,300,5,40,133,1,191,0,0
20260811,13,301,5,41,58,1,192,0,0
20260811,13,302,5,42,42,1,193,0,0
20260811,13,303,5,43,34,1,194,0,0
20260811,13,304,5,44,21,1,195,0,0
20260811,13,305,5,45,18,1,196,0,0
20260811,13,306,5,46,21,1,197,0,0
20260811,13,307,5,47,21,1,198,0,0
20260811,13,308,5,48,18,1,199,0,0
20260811,13,309,5,49,16,1,200,0,0
20260811,13,310,5,50,16,1,201,0,0
20260811,13,311,5,51,14,1,202,0,0
20260811,13,312,5,52,9,1,203,0,0
20260811,13,313,5,53,11,1,204,0,0
20260811,13,314,5,54,9,1,205,0,0
20260811,13,315,5,55,8,1,206,0,0
20260811,13,316,5,56,6,1,207,0,0
20260811,13,317,5,57,7,1,208,0,0
20260811,13,318,5,58,2,1,209,0,0
20260811,13,319,5,59,1,1,210,0,0
20260811,13,320,5,60,5,1,211,0,0
20260811,13,321,6,1,891,1,212,0,0
20260811,13,322,6,2,120,1,213,0,0
20260811,13,323,6,3,97,1,214,0,0
20260811,13,324,6,4,97,1,215,0,0
20260811,13,325,6,5,60,1,216,0,0
20260811,13,326,6,6,78,1,217,0,0
20260811,13,327,6,7,58,1,218,0,0
20260811,13,328,6,8,57,1,219,0,0
20260811,13,329,6,9,52,1,220,0,0
20260811,13,330,6,10,52,1,221,0,0
20260811,13,331,6,11,54,1,222,0,0
20260811,13,332,6,12,33,1,223,0,0
20260811,13,333,6,13,23,1,224,0,0
20260811,13,334,6,14,24,1,225,0,0
20260811,13,335,6,15,27,1,226,0,0
20260811,13,336,6,16,23,1,227,0,0
20260811,13,337,6,17,30,1,228,0,0
20260811,13,338,6,18,28,1,229,0,0
20260811,13,339,6,19,21,1,230,0,0
20260811,13,340,6,20,20,1,231,0,0
20260811,13,341,6,21,20,1,232,0,0
20260811,13,342,6,22,20,1,233,0,0
20260811,13,343,6,23,19,1,234,0,0
20260811,13,344,6,24,28,1,235,0,0
20260811,13,345,6,25,23,1,236,0,0
20260811,13,346,6,26,19,1,237,0,0
20260811,13,347,6,27,17,1,238,0,0
20260811,13,348,6,28,24,1,239,0,0
20260811,13,349,6,29,35,1,240,0,0
20260811,13,350,6,30,32,1,241,0,0
20260811,13,351,6,31,35,1,242,0,0
20260811,13,352,6,32,92,1,243,0,0
20260811,13,353,6,33,195,1,244,0,0
20260811,13,354,6,34,258,1,245,0,0
20260811,13,355,6,35,227,1,246,0,0
20260811,13,356,6,36,226,1,247,0,0
20260811,13,357,6,37,187,1,248,0,0
20260811,13,358,6,38,214,1,249,0,0
20260811,13,359,6,39,214,1,250,0,0
20260811,13,360,6,40,189,1,251,0,0
20260811,13,361,6,41,137,1,252,0,0
20260811,13,362,6,42,91,1,253,0,0
20260811,13,363,6,43,52,1,254,0,0
20260811,13,364,6,44,39,1,255,0,0
20260811,13,365,6,45,40,1,256,0,0
20260811,13,366,6,46,34,1,257,0,0
20260811,13,367,6,47,32,1,258,0,0
20260811,13,368,6,48,35,1,259,0,0
20260811,13,369,6,49,27,1,260,0,0
20260811,13,370,6,50,19,1,261,0,0
20260811,13,371,6,51,21,1,262,0,0
20260811,13,372,6,52,25,1,263,0,0
20260811,13,373,6,53,23,1,264,0,0
20260811,13,374,6,54,19,1,265,0,0
20260811,13,375,6,55,23,1,266,0,0
20260811,13,376,6,56,26,1,267,0,0
20260811,13,377,6,57,43,1,268,0,0
20260811,13,378,6,58,75,1,269,0,0
20260811,13,379,6,59,130,1,270,0,0
20260811,13,380,6,60,166,1,271,0,0
20260811,13,381,7,1,812,1,272,0,0
20260811,13,382,7,2,391,1,273,0,0
20260811,13,383,7,3,117,1,274,0,0
20260811,13,384,7,4,78,1,275,0,0
20260811,13,385,7,5,83,1,276,0,0
20260811,13,386,7,6,51,1,277,0,0
20260811,13,387,7,7,49,1,278,0,0
20260811,13,388,7,8,27,1,279,0,0
20260811,13,389,7,9,26,1,280,0,0
20260811,13,390,7,10,24,1,281,0,0
20260811,13,391,7,11,20,1,282,0,0
20260811,13,392,7,12,14,1,283,0,0
20260811,13,393,7,13,14,1,284,0,0
20260811,13,394,7,14,16,1,285,0,0
20260811,13,395,7,15,19,1,286,0,0
20260811,13,396,7,16,13,1,287,0,0
20260811,13,397,7,17,11,1,288,0,0
20260811,13,398,7,18,9,1,289,0,0
20260811,13,399,7,19,7,1,290,0,0
20260811,13,400,7,20,13,1,291,0,0
20260811,13,401,7,21,7,1,292,0,0
20260811,13,402,7,22,6,1,293,0,0
20260811,13,403,7,23,7,1,294,0,0
20260811,13,404,7,24,6,1,295,0,0
20260811,13,405,7,25,9,1,296,0,0
20260811,13,406,7,26,3,1,297,0,0
20260811,13,407,7,27,10,1,298,0,0
20260811,13,408,7,28,15,1,299,0,0
20260811,13,409,7,29,17,1,300,0,0
20260811,13,410,7,30,23,1,301,0,0
20260811,13,411,7,31,20,1,302,0,0
20260811,13,412,7,32,20,1,303,0,0
20260811,13,413,7,33,29,1,304,0,0
20260811,13,414,7,34,74,1,305,0,0
20260811,13,415,7,35,215,1,306,0,0
20260811,13,416,7,36,269,1,307,0,0
20260811,13,417,7,37,240,1,308,0,0
20260811,13,418,7,38,203,1,309,0,0
20260811,13,419,7,39,212,1,310,0,0
20260811,13,420,7,40,232,1,311,0,0
20260811,13,421,7,41,186,1,312,0,0
20260811,13,422,7,42,93,1,313,0,0
20260811,13,423,7,43,31,1,314,0,0
20260811,13,424,7,44,10,1,315,0,0
20260811,13,425,7,45,8,1,316,0,0
20260811,13,426,7,46,10,1,317,0,0
20260811,13,427,7,47,11,1,318,0,0
20260811,13,428,7,48,7,1,319,0,0
20260811,13,429,7,49,2,1,320,0,0
20260811,13,430,7,50,4,1,321,0,0
20260811,13,431,7,51,4,1,322,0,0
20260811,13,432,7,52,6,1,323,0,0
20260811,13,433,7,53,8,1,324,0,0
20260811,13,434,7,54,7,1,325,0,0
20260811,13,435,7,55,12,1,326,0,0
20260811,13,436,7,56,22,1,327,0,0
20260811,13,437,7,57,22,1,328,0,0
20260811,13,438,7,58,58,1,329,0,0
20260811,13,439,7,59,168,1,330,0,0
20260811,13,440,7,60,308,1,331,0,0
20260811,13,441,8,1,825,1,332,0,0
20260811,13,442,8,2,454,1,333,0,0
20260811,13,443,8,3,131,1,334,0,0
20260811,13,444,8,4,103,1,335,0,0
20260811,13,445,8,5,97,1,336,0,0
20260811,13,446,8,6,72,1,337,0,0
20260811,13,447,8,7,77,1,338,0,0
20260811,13,448,8,8,65,1,339,0,0
20260811,13,449,8,9,55,1,340,0,0
20260811,13,450,8,10,48,1,341,0,0
20260811,13,451,8,11,50,1,342,0,0
20260811,13,452,8,12,50,1,343,0,0
20260811,13,453,8,13,35,1,344,0,0
20260811,13,454,8,14,37,1,345,0,0
20260811,13,455,8,15,30,1,346,0,0
20260811,13,456,8,16,16,1,347,0,0
20260811,13,457,8,17,21,1,348,0,0
20260811,13,458,8,18,24,1,349,0,0
20260811,13,459,8,19,18,1,350,0,0
20260811,13,460,8,20,19,1,351,0,0
20260811,13,461,8,21,14,1,352,0,0
20260811,13,462,8,22,15,1,353,0,0
20260811,13,463,8,23,14,1,354,0,0
20260811,13,464,8,24,8,1,355,0,0
20260811,13,465,8,25,10,1,356,0,0
20260811,13,466,8,26,11,1,357,0,0
20260811,13,467,8,27,12,1,358,0,0
20260811,13,468,8,28,11,1,359,0,0
20260811,13,469,8,29,4,1,360,0,0
20260811,13,470,8,30,2,1,361,0,0
20260811,13,471,8,31,1,1,362,0,0
20260811,13,472,8,32,6,1,363,0,0
20260811,13,473,8,33,6,1,364,0,0
20260811,13,474,8,34,6,1,365,0,0
20260811,13,475,8,35,4,1,366,0,0
20260811,13,476,8,36,1,1,367,0,0
20260811,13,477,8,37,1,1,368,0,0
20260811,13,478,8,38,4,1,369,0,0
20260811,13,479,8,39,5,1,370,0,0
20260811,13,480,8,40,5,1,371,0,0
20260811,13,481,8,41,5,1,372,0,0
20260811,13,482,8,42,11,1,373,0,0
20260811,13,483,8,43,44,1,374,0,0
20260811,13,484,8,44,116,1,375,0,0
20260811,13,485,8,45,284,1,376,0,0
20260811,13,486,8,46,525,1,377,0,0
20260811,13,487,8,47,386,1,378,0,0
20260811,13,488,8,48,264,1,379,0,0
20260811,13,489,8,49,225,1,380,0,0
20260811,13,490,8,50,140,1,381,0,0
20260811,13,491,8,51,63,1,382,0,0
20260811,13,492,8,52,43,1,383,0,0
20260811,13,493,8,53,25,1,384,0,0
20260811,13,494,8,54,21,1,385,0,0
20260811,13,495,8,55,28,1,386,0,0
20260811,13,496,8,56,22,1,387,0,0
20260811,13,497,8,57,16,1,388,0,0
20260811,13,498,8,58,15,1,389,0,0
20260811,13,499,8,59,15,1,390,0,0
20260811,13,500,8,60,11,1,391,0,0
20260811,13,501,9,1,863,1,392,0,0
20260811,13,502,9,2,233,1,393,0,0
20260811,13,503,9,3,108,1,394,0,0
20260811,13,504,9,4,73,1,395,0,0
20260811,13,505,9,5,53,1,396,0,0
20260811,13,506,9,6,38,1,397,0,0
20260811,13,507,9,7,46,1,398,0,0
20260811,13,508,9,8,48,1,399,0,0
20260811,13,509,9,9,51,1,400,0,0
20260811,13,510,9,10,50,1,401,0,0
20260811,13,511,9,11,46,1,402,0,0
20260811,13,512,9,12,39,1,403,0,0
20260811,13,513,9,13,34,1,404,0,0
20260811,13,514,9,14,43,1,405,0,0
20260811,13,515,9,15,26,1,406,0,0
20260811,13,516,9,16,30,1,407,0,0
20260811,13,517,9,17,24,1,408,0,0
20260811,13,518,9,18,23,1,409,0,0
20260811,13,519,9,19,22,1,410,0,0
20260811,13,520,9,20,20,1,411,0,0
20260811,13,521,9,21,20,1,412,0,0
20260811,13,522,9,22,29,1,413,0,0
20260811,13,523,9,23,27,1,414,0,0
20260811,13,524,9,24,23,1,415,0,0
20260811,13,525,9,25,20,1,416,0,0
20260811,13,526,9,26,21,1,417,0,0
20260811,13,527,9,27,23,1,418,0,0
20260811,13,528,9,28,19,1,419,0,0
20260811,13,529,9,29,17,1,420,0,0
20260811,13,530,9,30,21,1,421,0,0
20260811,13,531,9,31,31,1,422,0,0
20260811,13,532,9,32,35,1,423,0,0
20260811,13,533,9,33,30,1,424,0,0
20260811,13,534,9,34,40,1,425,0,0
20260811,13,535,9,35,64,1,426,0,0
20260811,13,536,9,36,121,1,427,0,0
20260811,13,537,9,37,338,1,428,0,0
20260811,13,538,9,38,521,1,429,0,0
20260811,13,539,9,39,378,1,430,0,0
20260811,13,540,9,40,205,1,431,0,0
20260811,13,541,9,41,105,1,432,0,0
20260811,13,542,9,42,52,1,433,0,0
20260811,13,543,9,43,48,1,434,0,0
20260811,13,544,9,44,34,1,435,0,0
20260811,13,545,9,45,26,1,436,0,0
20260811,13,546,9,46,19,1,437,0,0
20260811,13,547,9,47,13,1,438,0,0
20260811,13,548,9,48,8,1,439,0,0
20260811,13,549,9,49,5,1,440,0,0
20260811,13,550,9,50,6,1,441,0,0
20260811,13,551,9,51,3,1,442,0,0
20260811,13,552,9,52,3,1,443,0,0
20260811,13,553,9,53,2,1,444,0,0
20260811,13,554,9,54,2,1,445,0,0
20260811,13,555,9,55,2,1,446,0,0
20260811,13,556,9,56,2,1,447,0,0
20260811,13,557,9,57,5,1,448,0,0
20260811,13,558,9,58,2,1,449,0,0
20260811,13,559,9,59,10,1,450,0,0
20260811,13,560,9,60,10,1,451,0,0
20260811,13,561,10,1,847,1,452,0,0
20260811,13,562,10,2,215,1,453,0,0
20260811,13,563,10,3,141,1,454,0,0
20260811,13,564,10,4,101,1,455,0,0
20260811,13,565,10,5,69,1,456,0,0
20260811,13,566,10,6,62,1,457,0,0
20260811,13,567,10,7,45,1,458,0,0
20260811,13,568,10,8,36,1,459,0,0
20260811,13,569,10,9,23,1,460,0,0
20260811,13,570,10,10,16,1,461,0,0
20260811,13,571,10,11,19,1,462,0,0
20260811,13,572,10,12,10,1,463,0,0
20260811,13,573,10,13,5,1,464,0,0
20260811,13,574,10,14,4,1,465,0,0
20260811,13,575,10,15,1,1,466,0,0
20260811,13,576,10,16,0,0,0,1,1
20260811,14,1,1,1,235,171,1,0,0
20260811,14,2,1,2,222,171,2,0,0
20260811,14,3,1,3,136,136,0,1,0
20260811,14,4,1,4,143,136,1,0,0
20260811,14,5,1,5,99,99,0,1,0
20260811,14,6,1,6,50,50,0,1,0
20260811,14,7,1,7,62,50,1,0,0
20260811,14,8,1,8,54,50,2,0,0
20260811,14,9,1,9,56,50,3,0,0
20260811,14,10,1,10,40,40,0,1,0
20260811,14,11,1,11,40,40,1,0,0
20260811,14,12,1,12,26,26,0,1,0
20260811,14,13,1,13,33,26,1,0,0
20260811,14,14,1,14,24,24,0,1,0
20260811,14,15,1,15,30,24,1,0,0
20260811,14,16,1,16,28,24,2,0,0
20260811,14,17,1,17,25,24,3,0,0
20260811,14,18,1,18,23,23,0,1,0
20260811,14,19,1,19,20,20,0,1,0
20260811,14,20,1,20,26,20,1,0,0
20260811,14,21,1,21,29,20,2,0,0
20260811,14,22,1,22,26,20,3,0,0
20260811,14,23,1,23,20,20,4,0,0
20260811,14,24,1,24,23,20,5,0,0
20260811,14,25,1,25,22,20,6,0,0
20260811,14,26,1,26,20,20,7,0,0
20260811,14,27,1,27,13,13,0,1,0
20260811,14,28,1,28,17,13,1,0,0
20260811,14,29,1,29,11,11,0,1,0
20260811,14,30,1,30,11,11,1,0,0
20260811,14,31,1,31,11,11,2,0,0
20260811,14,32,1,32,14,11,3,0,0
20260811,14,33,1,33,14,11,4,0,0
20260811,14,34,1,34,9,9,0,1,0
20260811,14,35,1,35,5,5,0,1,0
20260811,14,36,1,36,0,0,0,1,1
20260811,15,1,1,1,262,192,1,0,0
20260811,15,2,1,2,208,192,2,0,0
20260811,15,3,1,3,136,136,0,1,0
20260811,15,4,1,4,129,129,0,1,0
20260811,15,5,1,5,111,111,0,1,0
20260811,15,6,1,6,106,106,0,1,0
20260811,15,7,1,7,98,98,0,1,0
20260811,15,8,1,8,96,96,0,1,0
20260811,15,9,1,9,85,85,0,1,0
20260811,15,10,1,10,70,70,0,1,0
20260811,15,11,1,11,82,70,1,0,0
20260811,15,12,1,12,76,70,2,0,0
20260811,15,13,1,13,59,59,0,1,0
20260811,15,14,1,14,64,59,1,0,0
20260811,15,15,1,15,56,56,0,1,0
20260811,15,16,1,16,60,56,1,0,0
20260811,15,17,1,17,53,53,0,1,0
20260811,15,18,1,18,39,39,0,1,0
20260811,15,19,1,19,33,33,0,1,0
20260811,15,20,1,20,39,33,1,0,0
20260811,15,21,1,21,33,33,2,0,0
20260811,15,22,1,22,36,33,3,0,0
20260811,15,23,1,23,22,22,0,1,0
20260811,15,24,1,24,24,22,1,0,0
20260811,15,25,1,25,22,22,2,0,0
20260811,15,26,1,26,27,22,3,0,0
20260811,15,27,1,27,30,22,4,0,0
20260811,15,28,1,28,18,18,0,1,0
20260811,15,29,1,29,19,18,1,0,0
20260811,15,30,1,30,16,16,0,1,0
20260811,15,31,1,31,10,10,0,1,0
20260811,15,32,1,32,12,10,1,0,0
20260811,15,33,1,33,13,10,2,0,0
20260811,15,34,1,34,15,10,3,0,0
20260811,15,35,1,35,19,10,4,0,0
20260811,15,36,1,36,15,10,5,0,0
20260811,15,37,1,37,11,10,6,0,0
20260811,15,38,1,38,13,10,7,0,0
20260811,15,39,1,39,7,7,0,1,0
20260811,15,40,1,40,8,7,1,0,0
20260811,15,41,1,41,6,6,0,1,0
20260811,15,42,1,42,8,6,1,0,0
20260811,15,43,1,43,1,1,0,1,0
20260811,15,44,1,44,11,1,1,0,0
20260811,15,45,1,45,6,1,2,0,0
20260811,15,46,1,46,8,1,3,0,0
20260811,15,47,1,47,4,1,4,0,0
20260811,15,48,1,48,2,1,5,0,0
20260811,15,49,1,49,4,1,6,0,0
20260811,15,50,1,50,2,1,7,0,0
20260811,15,51,1,51,3,1,8,0,0
20260811,15,52,1,52,2,1,9,0,0
20260811,15,53,1,53,2,1,10,0,0
20260811,15,54,1,54,2,1,11,0,0
20260811,15,55,1,55,4,1,12,0,0
20260811,15,56,1,56,4,1,13,0,0
20260811,15,57,1,57,2,1,14,0,0
20260811,15,58,1,58,2,1,15,0,0
20260811,15,59,1,59,3,1,16,0,0
20260811,15,60,1,60,5,1,17,0,0
20260811,15,61,1,61,2,1,18,0,0
20260811,15,62,1,62,2,1,19,0,0
20260811,15,63,1,63,2,1,20,0,0
20260811,15,64,1,64,5,1,21,0,0
20260811,15,65,1,65,3,1,22,0,0
20260811,15,66,1,66,2,1,23,0,0
20260811,15,67,1,67,4,1,24,0,0
20260811,15,68,1,68,3,1,25,0,0
20260811,15,69,1,69,3,1,26,0,0
20260811,15,70,1,70,2,1,27,0,0
20260811,15,71,1,71,1,1,28,0,0
20260811,15,72,1,72,4,1,29,0,0
20260811,15,73,1,73,4,1,30,0,0
20260811,15,74,1,74,2,1,31,0,0
20260811,15,75,1,75,2,1,32,0,0
20260811,15,76,1,76,3,1,33,0,0
20260811,15,77,1,77,2,1,34,0,0
20260811,15,78,1,78,5,1,35,0,0
20260811,15,79,1,79,2,1,36,0,0
20260811,15,80,1,80,1,1,37,0,0
20260811,15,81,2,1,830,1,38,0,0
20260811,15,82,2,2,860,1,39,0,0
20260811,15,83,2,3,843,1,40,0,0
20260811,15,84,2,4,722,1,41,0,0
20260811,15,85,2,5,871,1,42,0,0
20260811,15,86,2,6,688,1,43,0,0
20260811,15,87,2,7,682,1,44,0,0
20260811,15,88,2,8,249,1,45,0,0
20260811,15,89,2,9,155,1,46,0,0
20260811,15,90,2,10,124,1,47,0,0
20260811,15,91,2,11,62,1,48,0,0
20260811,15,92,2,12,45,1,49,0,0
20260811,15,93,2,13,36,1,50,0,0
20260811,15,94,2,14,29,1,51,0,0
20260811,15,95,2,15,18,1,52,0,0
20260811,15,96,2,16,19,1,53,0,0
20260811,15,97,2,17,18,1,54,0,0
20260811,15,98,2,18,13,1,55,0,0
20260811,15,99,2,19,16,1,56,0,0
20260811,15,100,2,20,8,1,57,0,0
20260811,15,101,2,21,12,1,58,0,0
20260811,15,102,2,22,11,1,59,0,0
20260811,15,103,2,23,12,1,60,0,0
20260811,15,104,2,24,13,1,61,0,0
20260811,15,105,2,25,7,1,62,0,0
20260811,15,106,2,26,9,1,63,0,0
20260811,15,107,2,27,10,1,64,0,0
20260811,15,108,2,28,18,1,65,0,0
20260811,15,109,2,29,8,1,66,0,0
20260811,15,110,2,30,7,1,67,0,0
20260811,15,111,2,31,1,1,68,0,0
20260811,15,112,2,32,8,1,69,0,0
20260811,15,113,2,33,5,1,70,0,0
20260811,15,114,2,34,8,1,71,0,0
20260811,15,115,2,35,22,1,72,0,0
20260811,15,116,2,36,12,1,73,0,0
20260811,15,117,2,37,33,1,74,0,0
20260811,15,118,2,38,109,1,75,0,0
20260811,15,119,2,39,275,1,76,0,0
20260811,15,120,2,40,433,1,77,0,0
20260811,15,121,2,41,292,1,78,0,0
20260811,15,122,2,42,275,1,79,0,0
20260811,15,123,2,43,262,1,80,0,0
20260811,15,124,2,44,230,1,81,0,0
20260811,15,125,2,45,150,1,82,0,0
20260811,15,126,2,46,94,1,83,0,0
20260811,15,127,2,47,64,1,84,0,0
20260811,15,128,2,48,53,1,85,0,0
20260811,15,129,2,49,43,1,86,0,0
20260811,15,130,2,50,32,1,87,0,0
20260811,15,131,2,51,20,1,88,0,0
20260811,15,132,2,52,24,1,89,0,0
20260811,15,133,2,53,27,1,90,0,0
20260811,15,134,2,54,26,1,91,0,0
20260811,15,135,2,55,16,1,92,0,0
20260811,15,136,2,56,22,1,93,0,0
20260811,15,137,2,57,16,1,94,0,0
20260811,15,138,2,58,23,1,95,0,0
20260811,15,139,2,59,16,1,96,0,0
20260811,15,140,2,60,22,1,97,0,0
20260811,15,141,3,1,868,1,98,0,0
20260811,15,142,3,2,152,1,99,0,0
20260811,15,143,3,3,86,1,100,0,0
20260811,15,144,3,4,74,1,101,0,0
20260811,15,145,3,5,50,1,102,0,0
20260811,15,146,3,6,58,1,103,0,0
20260811,15,147,3,7,42,1,104,0,0
20260811,15,148,3,8,40,1,105,0,0
20260811,15,149,3,9,21,1,106,0,0
20260811,15,150,3,10,19,1,107,0,0
20260811,15,151,3,11,9,1,108,0,0
20260811,15,152,3,12,9,1,109,0,0
20260811,15,153,3,13,13,1,110,0,0
20260811,15,154,3,14,14,1,111,0,0
20260811,15,155,3,15,12,1,112,0,0
20260811,15,156,3,16,9,1,113,0,0
20260811,15,157,3,17,15,1,114,0,0
20260811,15,158,3,18,6,1,115,0,0
20260811,15,159,3,19,6,1,116,0,0
20260811,15,160,3,20,12,1,117,0,0
20260811,15,161,3,21,13,1,118,0,0
20260811,15,162,3,22,13,1,119,0,0
20260811,15,163,3,23,13,1,120,0,0
20260811,15,164,3,24,11,1,121,0,0
20260811,15,165,3,25,14,1,122,0,0
20260811,15,166,3,26,14,1,123,0,0
20260811,15,167,3,27,29,1,124,0,0
20260811,15,168,3,28,21,1,125,0,0
20260811,15,169,3,29,12,1,126,0,0
20260811,15,170,3,30,34,1,127,0,0
20260811,15,171,3,31,95,1,128,0,0
20260811,15,172,3,32,283,1,129,0,0
20260811,15,173,3,33,438,1,130,0,0
20260811,15,174,3,34,304,1,131,0,0
20260811,15,175,3,35,262,1,132,0,0
20260811,15,176,3,36,148,1,133,0,0
20260811,15,177,3,37,94,1,134,0,0
20260811,15,178,3,38,58,1,135,0,0
20260811,15,179,3,39,42,1,136,0,0
20260811,15,180,3,40,43,1,137,0,0
20260811,15,181,3,41,32,1,138,0,0
20260811,15,182,3,42,32,1,139,0,0
20260811,15,183,3,43,30,1,140,0,0
20260811,15,184,3,44,22,1,141,0,0
20260811,15,185,3,45,18,1,142,0,0
20260811,15,186,3,46,20,1,143,0,0
20260811,15,187,3,47,14,1,144,0,0
20260811,15,188,3,48,15,1,145,0,0
20260811,15,189,3,49,16,1,146,0,0
20260811,15,190,3,50,14,1,147,0,0
20260811,15,191,3,51,14,1,148,0,0
20260811,15,192,3,52,14,1,149,0,0
20260811,15,193,3,53,9,1,150,0,0
20260811,15,194,3,54,7,1,151,0,0
20260811,15,195,3,55,4,1,152,0,0
20260811,15,196,3,56,7,1,153,0,0
20260811,15,197,3,57,11,1,154,0,0
20260811,15,198,3,58,6,1,155,0,0
20260811,15,199,3,59,3,1,156,0,0
20260811,15,200,3,60,5,1,157,0,0
20260811,15,201,4,1,866,1,158,0,0
20260811,15,202,4,2,146,1,159,0,0
20260811,15,203,4,3,44,1,160,0,0
20260811,15,204,4,4,49,1,161,0,0
20260811,15,205,4,5,41,1,162,0,0
20260811,15,206,4,6,26,1,163,0,0
20260811,15,207,4,7,20,1,164,0,0
20260811,15,208,4,8,22,1,165,0,0
20260811,15,209,4,9,16,1,166,0,0
20260811,15,210,4,10,12,1,167,0,0
20260811,15,211,4,11,26,1,168,0,0
20260811,15,212,4,12,23,1,169,0,0
20260811,15,213,4,13,16,1,170,0,0
20260811,15,214,4,14,7,1,171,0,0
20260811,15,215,4,15,6,1,172,0,0
20260811,15,216,4,16,3,1,173,0,0
20260811,15,217,4,17,5,1,174,0,0
20260811,15,218,4,18,4,1,175,0,0
20260811,15,219,4,19,6,1,176,0,0
20260811,15,220,4,20,8,1,177,0,0
20260811,15,221,4,21,13,1,178,0,0
20260811,15,222,4,22,10,1,179,0,0
20260811,15,223,4,23,12,1,180,0,0
20260811,15,224,4,24,22,1,181,0,0
20260811,15,225,4,25,46,1,182,0,0
20260811,15,226,4,26,108,1,183,0,0
20260811,15,227,4,27,274,1,184,0,0
20260811,15,228,4,28,427,1,185,0,0
20260811,15,229,4,29,307,1,186,0,0
20260811,15,230,4,30,291,1,187,0,0
20260811,15,231,4,31,258,1,188,0,0
20260811,15,232,4,32,189,1,189,0,0
20260811,15,233,4,33,40,1,190,0,0
20260811,15,234,4,34,24,1,191,0,0
20260811,15,235,4,35,18,1,192,0,0
20260811,15,236,4,36,21,1,193,0,0
20260811,15,237,4,37,18,1,194,0,0
20260811,15,238,4,38,16,1,195,0,0
20260811,15,239,4,39,15,1,196,0,0
20260811,15,240,4,40,12,1,197,0,0
20260811,15,241,4,41,16,1,198,0,0
20260811,15,242,4,42,6,1,199,0,0
20260811,15,243,4,43,11,1,200,0,0
20260811,15,244,4,44,7,1,201,0,0
20260811,15,245,4,45,8,1,202,0,0
20260811,15,246,4,46,6,1,203,0,0
20260811,15,247,4,47,4,1,204,0,0
20260811,15,248,4,48,4,1,205,0,0
20260811,15,249,4,49,17,1,206,0,0
20260811,15,250,4,50,26,1,207,0,0
20260811,15,251,4,51,51,1,208,0,0
20260811,15,252,4,52,145,1,209,0,0
20260811,15,253,4,53,346,1,210,0,0
20260811,15,254,4,54,271,1,211,0,0
20260811,15,255,4,55,212,1,212,0,0
20260811,15,256,4,56,224,1,213,0,0
20260811,15,257,4,57,215,1,214,0,0
20260811,15,258,4,58,219,1,215,0,0
20260811,15,259,4,59,213,1,216,0,0
20260811,15,260,4,60,199,1,217,0,0
20260811,15,261,5,1,681,1,218,0,0
20260811,15,262,5,2,620,1,219,0,0
20260811,15,263,5,3,142,1,220,0,0
20260811,15,264,5,4,90,1,221,0,0
20260811,15,265,5,5,67,1,222,0,0
20260811,15,266,5,6,61,1,223,0,0
20260811,15,267,5,7,60,1,224,0,0
20260811,15,268,5,8,59,1,225,0,0
20260811,15,269,5,9,44,1,226,0,0
20260811,15,270,5,10,40,1,227,0,0
20260811,15,271,5,11,48,1,228,0,0
20260811,15,272,5,12,37,1,229,0,0
20260811,15,273,5,13,33,1,230,0,0
20260811,15,274,5,14,34,1,231,0,0
20260811,15,275,5,15,36,1,232,0,0
20260811,15,276,5,16,26,1,233,0,0
20260811,15,277,5,17,26,1,234,0,0
20260811,15,278,5,18,33,1,235,0,0
20260811,15,279,5,19,26,1,236,0,0
20260811,15,280,5,20,23,1,237,0,0
20260811,15,281,5,21,23,1,238,0,0
20260811,15,282,5,22,19,1,239,0,0
20260811,15,283,5,23,24,1,240,0,0
20260811,15,284,5,24,20,1,241,0,0
20260811,15,285,5,25,29,1,242,0,0
20260811,15,286,5,26,23,1,243,0,0
20260811,15,287,5,27,25,1,244,0,0
20260811,15,288,5,28,22,1,245,0,0
20260811,15,289,5,29,23,1,246,0,0
20260811,15,290,5,30,26,1,247,0,0
20260811,15,291,5,31,30,1,248,0,0
20260811,15,292,5,32,31,1,249,0,0
20260811,15,293,5,33,47,1,250,0,0
20260811,15,294,5,34,63,1,251,0,0
20260811,15,295,5,35,98,1,252,0,0
20260811,15,296,5,36,113,1,253,0,0
20260811,15,297,5,37,152,1,254,0,0
20260811,15,298,5,38,77,1,255,0,0
20260811,15,299,5,39,49,1,256,0,0
20260811,15,300,5,40,16,1,257,0,0
20260811,15,301,5,41,11,1,258,0,0
20260811,15,302,5,42,11,1,259,0,0
20260811,15,303,5,43,8,1,260,0,0
20260811,15,304,5,44,9,1,261,0,0
20260811,15,305,5,45,7,1,262,0,0
20260811,15,306,5,46,5,1,263,0,0
20260811,15,307,5,47,6,1,264,0,0
20260811,15,308,5,48,8,1,265,0,0
20260811,15,309,5,49,2,1,266,0,0
20260811,15,310,5,50,6,1,267,0,0
20260811,15,311,5,51,8,1,268,0,0
20260811,15,312,5,52,6,1,269,0,0
20260811,15,313,5,53,5,1,270,0,0
20260811,15,314,5,54,3,1,271,0,0
20260811,15,315,5,55,3,1,272,0,0
20260811,15,316,5,56,6,1,273,0,0
20260811,15,317,5,57,8,1,274,0,0
20260811,15,318,5,58,11,1,275,0,0
20260811,15,319,5,59,7,1,276,0,0
20260811,15,320,5,60,16,1,277,0,0
20260811,15,321,6,1,865,1,278,0,0
20260811,15,322,6,2,168,1,279,0,0
20260811,15,323,6,3,104,1,280,0,0
20260811,15,324,6,4,100,1,281,0,0
20260811,15,325,6,5,75,1,282,0,0
20260811,15,326,6,6,56,1,283,0,0
20260811,15,327,6,7,50,1,284,0,0
20260811,15,328,6,8,41,1,285,0,0
20260811,15,329,6,9,34,1,286,0,0
20260811,15,330,6,10,40,1,287,0,0
20260811,15,331,6,11,29,1,288,0,0
20260811,15,332,6,12,36,1,289,0,0
20260811,15,333,6,13,28,1,290,0,0
20260811,15,334,6,14,22,1,291,0,0
20260811,15,335,6,15,22,1,292,0,0
20260811,15,336,6,16,19,1,293,0,0
20260811,15,337,6,17,18,1,294,0,0
20260811,15,338,6,18,13,1,295,0,0
20260811,15,339,6,19,19,1,296,0,0
20260811,15,340,6,20,16,1,297,0,0
20260811,15,341,6,21,19,1,298,0,0
20260811,15,342,6,22,14,1,299,0,0
20260811,15,343,6,23,16,1,300,0,0
20260811,15,344,6,24,19,1,301,0,0
20260811,15,345,6,25,15,1,302,0,0
20260811,15,346,6,26,6,1,303,0,0
20260811,15,347,6,27,5,1,304,0,0
20260811,15,348,6,28,12,1,305,0,0
20260811,15,349,6,29,17,1,306,0,0
20260811,15,350,6,30,19,1,307,0,0
20260811,15,351,6,31,14,1,308,0,0
20260811,15,352,6,32,31,1,309,0,0
20260811,15,353,6,33,34,1,310,0,0
20260811,15,354,6,34,62,1,311,0,0
20260811,15,355,6,35,120,1,312,0,0
20260811,15,356,6,36,246,1,313,0,0
20260811,15,357,6,37,391,1,314,0,0
20260811,15,358,6,38,278,1,315,0,0
20260811,15,359,6,39,282,1,316,0,0
20260811,15,360,6,40,183,1,317,0,0
20260811,15,361,6,41,148,1,318,0,0
20260811,15,362,6,42,102,1,319,0,0
20260811,15,363,6,43,75,1,320,0,0
20260811,15,364,6,44,40,1,321,0,0
20260811,15,365,6,45,57,1,322,0,0
20260811,15,366,6,46,55,1,323,0,0
20260811,15,367,6,47,45,1,324,0,0
20260811,15,368,6,48,48,1,325,0,0
20260811,15,369,6,49,31,1,326,0,0
20260811,15,370,6,50,32,1,327,0,0
20260811,15,371,6,51,33,1,328,0,0
20260811,15,372,6,52,23,1,329,0,0
20260811,15,373,6,53,23,1,330,0,0
20260811,15,374,6,54,24,1,331,0,0
20260811,15,375,6,55,21,1,332,0,0
20260811,15,376,6,56,27,1,333,0,0
20260811,15,377,6,57,21,1,334,0,0
20260811,15,378,6,58,10,1,335,0,0
20260811,15,379,6,59,17,1,336,0,0
20260811,15,380,6,60,18,1,337,0,0
20260811,15,381,7,1,860,1,338,0,0
20260811,15,382,7,2,186,1,339,0,0
20260811,15,383,7,3,96,1,340,0,0
20260811,15,384,7,4,60,1,341,0,0
20260811,15,385,7,5,38,1,342,0,0
20260811,15,386,7,6,38,1,343,0,0
20260811,15,387,7,7,32,1,344,0,0
20260811,15,388,7,8,20,1,345,0,0
20260811,15,389,7,9,21,1,346,0,0
20260811,15,390,7,10,26,1,347,0,0
20260811,15,391,7,11,27,1,348,0,0
20260811,15,392,7,12,19,1,349,0,0
20260811,15,393,7,13,17,1,350,0,0
20260811,15,394,7,14,12,1,351,0,0
20260811,15,395,7,15,17,1,352,0,0
20260811,15,396,7,16,17,1,353,0,0
20260811,15,397,7,17,19,1,354,0,0
20260811,15,398,7,18,15,1,355,0,0
20260811,15,399,7,19,16,1,356,0,0
20260811,15,400,7,20,14,1,357,0,0
20260811,15,401,7,21,15,1,358,0,0
20260811,15,402,7,22,11,1,359,0,0
20260811,15,403,7,23,10,1,360,0,0
20260811,15,404,7,24,10,1,361,0,0
20260811,15,405,7,25,8,1,362,0,0
20260811,15,406,7,26,6,1,363,0,0
20260811,15,407,7,27,6,1,364,0,0
20260811,15,408,7,28,11,1,365,0,0
20260811,15,409,7,29,22,1,366,0,0
20260811,15,410,7,30,22,1,367,0,0
20260811,15,411,7,31,21,1,368,0,0
20260811,15,412,7,32,29,1,369,0,0
20260811,15,413,7,33,33,1,370,0,0
20260811,15,414,7,34,32,1,371,0,0
20260811,15,415,7,35,38,1,372,0,0
20260811,15,416,7,36,87,1,373,0,0
20260811,15,417,7,37,138,1,374,0,0
20260811,15,418,7,38,236,1,375,0,0
20260811,15,419,7,39,244,1,376,0,0
20260811,15,420,7,40,170,1,377,0,0
20260811,15,421,7,41,123,1,378,0,0
20260811,15,422,7,42,90,1,379,0,0
20260811,15,423,7,43,83,1,380,0,0
20260811,15,424,7,44,74,1,381,0,0
20260811,15,425,7,45,52,1,382,0,0
20260811,15,426,7,46,25,1,383,0,0
20260811,15,427,7,47,17,1,384,0,0
20260811,15,428,7,48,20,1,385,0,0
20260811,15,429,7,49,16,1,386,0,0
20260811,15,430,7,50,12,1,387,0,0
20260811,15,431,7,51,9,1,388,0,0
20260811,15,432,7,52,12,1,389,0,0
20260811,15,433,7,53,6,1,390,0,0
20260811,15,434,7,54,5,1,391,0,0
20260811,15,435,7,55,9,1,392,0,0
20260811,15,436,7,56,5,1,393,0,0
20260811,15,437,7,57,0,0,0,1,1
20260811,16,1,1,1,227,168,1,0,0
20260811,16,2,1,2,190,168,2,0,0
20260811,16,3,1,3,118,118,0,1,0
20260811,16,4,1,4,115,115,0,1,0
20260811,16,5,1,5,95,95,0,1,0
20260811,16,6,1,6,68,68,0,1,0
20260811,16,7,1,7,73,68,1,0,0
20260811,16,8,1,8,56,56,0,1,0
20260811,16,9,1,9,49,49,0,1,0
20260811,16,10,1,10,36,36,0,1,0
20260811,16,11,1,11,39,36,1,0,0
20260811,16,12,1,12,39,36,2,0,0
20260811,16,13,1,13,37,36,3,0,0
20260811,16,14,1,14,37,36,4,0,0
20260811,16,15,1,15,24,24,0,1,0
20260811,16,16,1,16,23,23,0,1,0
20260811,16,17,1,17,29,23,1,0,0
20260811,16,18,1,18,27,23,2,0,0
20260811,16,19,1,19,30,23,3,0,0
20260811,16,20,1,20,33,23,4,0,0
20260811,16,21,1,21,29,23,5,0,0
20260811,16,22,1,22,29,23,6,0,0
20260811,16,23,1,23,27,23,7,0,0
20260811,16,24,1,24,25,23,8,0,0
20260811,16,25,1,25,25,23,9,0,0
20260811,16,26,1,26,27,23,10,0,0
20260811,16,27,1,27,23,23,11,0,0
20260811,16,28,1,28,23,23,12,0,0
20260811,16,29,1,29,29,23,13,0,0
20260811,16,30,1,30,18,18,0,1,0
20260811,16,31,1,31,14,14,0,1,0
20260811,16,32,1,32,23,14,1,0,0
20260811,16,33,1,33,25,14,2,0,0
20260811,16,34,1,34,17,14,3,0,0
20260811,16,35,1,35,13,13,0,1,0
20260811,16,36,1,36,15,13,1,0,0
20260811,16,37,1,37,18,13,2,0,0
20260811,16,38,1,38,17,13,3,0,0
20260811,16,39,1,39,15,13,4,0,0
20260811,16,40,1,40,22,13,5,0,0
20260811,16,41,1,41,20,13,6,0,0
20260811,16,42,1,42,15,13,7,0,0
20260811,16,43,1,43,15,13,8,0,0
20260811,16,44,1,44,17,13,9,0,0
20260811,16,45,1,45,23,13,10,0,0
20260811,16,46,1,46,20,13,11,0,0
20260811,16,47,1,47,17,13,12,0,0
20260811,16,48,1,48,18,13,13,0,0
20260811,16,49,1,49,13,13,14,0,0
20260811,16,50,1,50,19,13,15,0,0
20260811,16,51,1,51,17,13,16,0,0
20260811,16,52,1,52,25,13,17,0,0
20260811,16,53,1,53,16,13,18,0,0
20260811,16,54,1,54,20,13,19,0,0
20260811,16,55,1,55,16,13,20,0,0
20260811,16,56,1,56,18,13,21,0,0
20260811,16,57,1,57,16,13,22,0,0
20260811,16,58,1,58,15,13,23,0,0
20260811,16,59,1,59,12,12,0,1,0
20260811,16,60,1,60,14,12,1,0,0
20260811,16,61,1,61,16,12,2,0,0
20260811,16,62,1,62,17,12,3,0,0
20260811,16,63,1,63,21,12,4,0,0
20260811,16,64,1,64,12,12,5,0,0
20260811,16,65,1,65,23,12,6,0,0
20260811,16,66,1,66,19,12,7,0,0
20260811,16,67,1,67,12,12,8,0,0
20260811,16,68,1,68,12,12,9,0,0
20260811,16,69,1,69,9,9,0,1,0
20260811,16,70,1,70,6,6,0,1,0
20260811,16,71,1,71,9,6,1,0,0
20260811,16,72,1,72,10,6,2,0,0
20260811,16,73,1,73,12,6,3,0,0
20260811,16,74,1,74,11,6,4,0,0
20260811,16,75,1,75,9,6,5,0,0
20260811,16,76,1,76,7,6,6,0,0
20260811,16,77,1,77,12,6,7,0,0
20260811,16,78,1,78,11,6,8,0,0
20260811,16,79,1,79,9,6,9,0,0
20260811,16,80,1,80,10,6,10,0,0
20260811,16,81,2,1,837,6,11,0,0
20260811,16,82,2,2,882,6,12,0,0
20260811,16,83,2,3,872,6,13,0,0
20260811,16,84,2,4,647,6,14,0,0
20260811,16,85,2,5,845,6,15,0,0
20260811,16,86,2,6,761,6,16,0,0
20260811,16,87,2,7,543,6,17,0,0
20260811,16,88,2,8,187,6,18,0,0
20260811,16,89,2,9,95,6,19,0,0
20260811,16,90,2,10,70,6,20,0,0
20260811,16,91,2,11,66,6,21,0,0
20260811,16,92,2,12,53,6,22,0,0
20260811,16,93,2,13,42,6,23,0,0
20260811,16,94,2,14,25,6,24,0,0
20260811,16,95,2,15,28,6,25,0,0
20260811,16,96,2,16,25,6,26,0,0
20260811,16,97,2,17,20,6,27,0,0
20260811,16,98,2,18,19,6,28,0,0
20260811,16,99,2,19,27,6,29,0,0
20260811,16,100,2,20,24,6,30,0,0
20260811,16,101,2,21,16,6,31,0,0
20260811,16,102,2,22,12,6,32,0,0
20260811,16,103,2,23,15,6,33,0,0
20260811,16,104,2,24,11,6,34,0,0
20260811,16,105,2,25,13,6,35,0,0
20260811,16,106,2,26,13,6,36,0,0
20260811,16,107,2,27,13,6,37,0,0
20260811,16,108,2,28,15,6,38,0,0
20260811,16,109,2,29,15,6,39,0,0
20260811,16,110,2,30,30,6,40,0,0
20260811,16,111,2,31,37,6,41,0,0
20260811,16,112,2,32,28,6,42,0,0
20260811,16,113,2,33,22,6,43,0,0
20260811,16,114,2,34,12,6,44,0,0
20260811,16,115,2,35,2,2,0,1,0
20260811,16,116,2,36,3,2,1,0,0
20260811,16,117,2,37,4,2,2,0,0
20260811,16,118,2,38,8,2,3,0,0
20260811,16,119,2,39,5,2,4,0,0
20260811,16,120,2,40,5,2,5,0,0
20260811,16,121,2,41,4,2,6,0,0
20260811,16,122,2,42,4,2,7,0,0
20260811,16,123,2,43,4,2,8,0,0
20260811,16,124,2,44,4,2,9,0,0
20260811,16,125,2,45,7,2,10,0,0
20260811,16,126,2,46,4,2,11,0,0
20260811,16,127,2,47,9,2,12,0,0
20260811,16,128,2,48,8,2,13,0,0
20260811,16,129,2,49,9,2,14,0,0
20260811,16,130,2,50,16,2,15,0,0
20260811,16,131,2,51,26,2,16,0,0
20260811,16,132,2,52,18,2,17,0,0
20260811,16,133,2,53,25,2,18,0,0
20260811,16,134,2,54,55,2,19,0,0
20260811,16,135,2,55,73,2,20,0,0
20260811,16,136,2,56,145,2,21,0,0
20260811,16,137,2,57,298,2,22,0,0
20260811,16,138,2,58,394,2,23,0,0
20260811,16,139,2,59,336,2,24,0,0
20260811,16,140,2,60,260,2,25,0,0
20260811,16,141,3,1,552,2,26,0,0
20260811,16,142,3,2,654,2,27,0,0
20260811,16,143,3,3,236,2,28,0,0
20260811,16,144,3,4,120,2,29,0,0
20260811,16,145,3,5,94,2,30,0,0
20260811,16,146,3,6,73,2,31,0,0
20260811,16,147,3,7,46,2,32,0,0
20260811,16,148,3,8,46,2,33,0,0
20260811,16,149,3,9,43,2,34,0,0
20260811,16,150,3,10,36,2,35,0,0
20260811,16,151,3,11,43,2,36,0,0
20260811,16,152,3,12,24,2,37,0,0
20260811,16,153,3,13,16,2,38,0,0
20260811,16,154,3,14,17,2,39,0,0
20260811,16,155,3,15,15,2,40,0,0
20260811,16,156,3,16,19,2,41,0,0
20260811,16,157,3,17,12,2,42,0,0
20260811,16,158,3,18,14,2,43,0,0
20260811,16,159,3,19,18,2,44,0,0
20260811,16,160,3,20,18,2,45,0,0
20260811,16,161,3,21,28,2,46,0,0
20260811,16,162,3,22,24,2,47,0,0
20260811,16,163,3,23,29,2,48,0,0
20260811,16,164,3,24,39,2,49,0,0
20260811,16,165,3,25,31,2,50,0,0
20260811,16,166,3,26,34,2,51,0,0
20260811,16,167,3,27,67,2,52,0,0
20260811,16,168,3,28,118,2,53,0,0
20260811,16,169,3,29,170,2,54,0,0
20260811,16,170,3,30,258,2,55,0,0
20260811,16,171,3,31,224,2,56,0,0
20260811,16,172,3,32,192,2,57,0,0
20260811,16,173,3,33,210,2,58,0,0
20260811,16,174,3,34,179,2,59,0,0
20260811,16,175,3,35,142,2,60,0,0
20260811,16,176,3,36,38,2,61,0,0
20260811,16,177,3,37,13,2,62,0,0
20260811,16,178,3,38,15,2,63,0,0
20260811,16,179,3,39,16,2,64,0,0
20260811,16,180,3,40,21,2,65,0,0
20260811,16,181,3,41,15,2,66,0,0
20260811,16,182,3,42,15,2,67,0,0
20260811,16,183,3,43,27,2,68,0,0
20260811,16,184,3,44,22,2,69,0,0
20260811,16,185,3,45,10,2,70,0,0
20260811,16,186,3,46,6,2,71,0,0
20260811,16,187,3,47,12,2,72,0,0
20260811,16,188,3,48,13,2,73,0,0
20260811,16,189,3,49,10,2,74,0,0
20260811,16,190,3,50,8,2,75,0,0
20260811,16,191,3,51,8,2,76,0,0
20260811,16,192,3,52,8,2,77,0,0
20260811,16,193,3,53,17,2,78,0,0
20260811,16,194,3,54,13,2,79,0,0
20260811,16,195,3,55,12,2,80,0,0
20260811,16,196,3,56,14,2,81,0,0
20260811,16,197,3,57,17,2,82,0,0
20260811,16,198,3,58,18,2,83,0,0
20260811,16,199,3,59,29,2,84,0,0
20260811,16,200,3,60,49,2,85,0,0
20260811,16,201,4,1,857,2,86,0,0
20260811,16,202,4,2,443,2,87,0,0
20260811,16,203,4,3,152,2,88,0,0
20260811,16,204,4,4,102,2,89,0,0
20260811,16,205,4,5,64,2,90,0,0
20260811,16,206,4,6,58,2,91,0,0
20260811,16,207,4,7,44,2,92,0,0
20260811,16,208,4,8,36,2,93,0,0
20260811,16,209,4,9,37,2,94,0,0
20260811,16,210,4,10,32,2,95,0,0
20260811,16,211,4,11,24,2,96,0,0
20260811,16,212,4,12,15,2,97,0,0
20260811,16,213,4,13,20,2,98,0,0
20260811,16,214,4,14,16,2,99,0,0
20260811,16,215,4,15,15,2,100,0,0
20260811,16,216,4,16,10,2,101,0,0
20260811,16,217,4,17,9,2,102,0,0
20260811,16,218,4,18,7,2,103,0,0
20260811,16,219,4,19,6,2,104,0,0
20260811,16,220,4,20,11,2,105,0,0
20260811,16,221,4,21,5,2,106,0,0
20260811,16,222,4,22,8,2,107,0,0
20260811,16,223,4,23,18,2,108,0,0
20260811,16,224,4,24,34,2,109,0,0
20260811,16,225,4,25,47,2,110,0,0
20260811,16,226,4,26,66,2,111,0,0
20260811,16,227,4,27,123,2,112,0,0
20260811,16,228,4,28,197,2,113,0,0
20260811,16,229,4,29,243,2,114,0,0
20260811,16,230,4,30,240,2,115,0,0
20260811,16,231,4,31,240,2,116,0,0
20260811,16,232,4,32,267,2,117,0,0
20260811,16,233,4,33,252,2,118,0,0
20260811,16,234,4,34,223,2,119,0,0
20260811,16,235,4,35,142,2,120,0,0
20260811,16,236,4,36,66,2,121,0,0
20260811,16,237,4,37,24,2,122,0,0
20260811,16,238,4,38,14,2,123,0,0
20260811,16,239,4,39,4,2,124,0,0
20260811,16,240,4,40,4,2,125,0,0
20260811,16,241,4,41,4,2,126,0,0
20260811,16,242,4,42,5,2,127,0,0
20260811,16,243,4,43,6,2,128,0,0
20260811,16,244,4,44,1,1,0,1,0
20260811,16,245,4,45,3,1,1,0,0
20260811,16,246,4,46,2,1,2,0,0
20260811,16,247,4,47,2,1,3,0,0
20260811,16,248,4,48,4,1,4,0,0
20260811,16,249,4,49,2,1,5,0,0
20260811,16,250,4,50,3,1,6,0,0
20260811,16,251,4,51,2,1,7,0,0
20260811,16,252,4,52,2,1,8,0,0
20260811,16,253,4,53,4,1,9,0,0
20260811,16,254,4,54,7,1,10,0,0
20260811,16,255,4,55,12,1,11,0,0
20260811,16,256,4,56,13,1,12,0,0
20260811,16,257,4,57,16,1,13,0,0
20260811,16,258,4,58,10,1,14,0,0
20260811,16,259,4,59,24,1,15,0,0
20260811,16,260,4,60,55,1,16,0,0
20260811,16,261,5,1,882,1,17,0,0
20260811,16,262,5,2,322,1,18,0,0
20260811,16,263,5,3,74,1,19,0,0
20260811,16,264,5,4,46,1,20,0,0
20260811,16,265,5,5,41,1,21,0,0
20260811,16,266,5,6,34,1,22,0,0
20260811,16,267,5,7,21,1,23,0,0
20260811,16,268,5,8,21,1,24,0,0
20260811,16,269,5,9,21,1,25,0,0
20260811,16,270,5,10,19,1,26,0,0
20260811,16,271,5,11,15,1,27,0,0
20260811,16,272,5,12,15,1,28,0,0
20260811,16,273,5,13,15,1,29,0,0
20260811,16,274,5,14,9,1,30,0,0
20260811,16,275,5,15,7,1,31,0,0
20260811,16,276,5,16,8,1,32,0,0
20260811,16,277,5,17,9,1,33,0,0
20260811,16,278,5,18,10,1,34,0,0
20260811,16,279,5,19,11,1,35,0,0
20260811,16,280,5,20,18,1,36,0,0
20260811,16,281,5,21,13,1,37,0,0
20260811,16,282,5,22,15,1,38,0,0
20260811,16,283,5,23,13,1,39,0,0
20260811,16,284,5,24,4,1,40,0,0
20260811,16,285,5,25,3,1,41,0,0
20260811,16,286,5,26,5,1,42,0,0
20260811,16,287,5,27,13,1,43,0,0
20260811,16,288,5,28,33,1,44,0,0
20260811,16,289,5,29,124,1,45,0,0
20260811,16,290,5,30,314,1,46,0,0
20260811,16,291,5,31,480,1,47,0,0
20260811,16,292,5,32,266,1,48,0,0
20260811,16,293,5,33,255,1,49,0,0
20260811,16,294,5,34,218,1,50,0,0
20260811,16,295,5,35,219,1,51,0,0
20260811,16,296,5,36,145,1,52,0,0
20260811,16,297,5,37,34,1,53,0,0
20260811,16,298,5,38,26,1,54,0,0
20260811,16,299,5,39,21,1,55,0,0
20260811,16,300,5,40,19,1,56,0,0
20260811,16,301,5,41,15,1,57,0,0
20260811,16,302,5,42,12,1,58,0,0
20260811,16,303,5,43,12,1,59,0,0
20260811,16,304,5,44,10,1,60,0,0
20260811,16,305,5,45,7,1,61,0,0
20260811,16,306,5,46,0,0,0,1,1
20260811,17,1,1,1,227,171,1,0,0
20260811,17,2,1,2,323,171,2,0,0
20260811,17,3,1,3,137,137,0,1,0
20260811,17,4,1,4,145,137,1,0,0
20260811,17,5,1,5,148,137,2,0,0
20260811,17,6,1,6,106,106,0,1,0
20260811,17,7,1,7,78,78,0,1,0
20260811,17,8,1,8,64,64,0,1,0
20260811,17,9,1,9,59,59,0,1,0
20260811,17,10,1,10,61,59,1,0,0
20260811,17,11,1,11,48,48,0,1,0
20260811,17,12,1,12,52,48,1,0,0
20260811,17,13,1,13,43,43,0,1,0
20260811,17,14,1,14,27,27,0,1,0
20260811,17,15,1,15,20,20,0,1,0
20260811,17,16,1,16,19,19,0,1,0
20260811,17,17,1,17,23,19,1,0,0
20260811,17,18,1,18,20,19,2,0,0
20260811,17,19,1,19,21,19,3,0,0
20260811,17,20,1,20,21,19,4,0,0
20260811,17,21,1,21,26,19,5,0,0
20260811,17,22,1,22,17,17,0,1,0
20260811,17,23,1,23,21,17,1,0,0
20260811,17,24,1,24,20,17,2,0,0
20260811,17,25,1,25,19,17,3,0,0
20260811,17,26,1,26,15,15,0,1,0
20260811,17,27,1,27,18,15,1,0,0
20260811,17,28,1,28,9,9,0,1,0
20260811,17,29,1,29,11,9,1,0,0
20260811,17,30,1,30,10,9,2,0,0
20260811,17,31,1,31,10,9,3,0,0
20260811,17,32,1,32,9,9,4,0,0
20260811,17,33,1,33,3,3,0,1,0
20260811,17,34,1,34,7,3,1,0,0
20260811,17,35,1,35,3,3,2,0,0
20260811,17,36,1,36,6,3,3,0,0
20260811,17,37,1,37,7,3,4,0,0
20260811,17,38,1,38,7,3,5,0,0
20260811,17,39,1,39,3,3,6,0,0
20260811,17,40,1,40,7,3,7,0,0
20260811,17,41,1,41,7,3,8,0,0
20260811,17,42,1,42,10,3,9,0,0
20260811,17,43,1,43,6,3,10,0,0
20260811,17,44,1,44,7,3,11,0,0
20260811,17,45,1,45,4,3,12,0,0
20260811,17,46,1,46,5,3,13,0,0
20260811,17,47,1,47,6,3,14,0,0
20260811,17,48,1,48,7,3,15,0,0
20260811,17,49,1,49,3,3,16,0,0
20260811,17,50,1,50,7,3,17,0,0
20260811,17,51,1,51,4,3,18,0,0
20260811,17,52,1,52,6,3,19,0,0
20260811,17,53,1,53,7,3,20,0,0
20260811,17,54,1,54,4,3,21,0,0
20260811,17,55,1,55,7,3,22,0,0
20260811,17,56,1,56,6,3,23,0,0
20260811,17,57,1,57,9,3,24,0,0
20260811,17,58,1,58,7,3,25,0,0
20260811,17,59,1,59,7,3,26,0,0
20260811,17,60,1,60,4,3,27,0,0
20260811,17,61,1,61,7,3,28,0,0
20260811,17,62,1,62,6,3,29,0,0
20260811,17,63,1,63,2,2,0,1,0
20260811,17,64,1,64,2,2,1,0,0
20260811,17,65,1,65,2,2,2,0,0
20260811,17,66,1,66,0,0,0,1,1
20260811,18,1,1,1,240,174,1,0,0
20260811,18,2,1,2,211,174,2,0,0
20260811,18,3,1,3,135,135,0,1,0
20260811,18,4,1,4,142,135,1,0,0
20260811,18,5,1,5,94,94,0,1,0
20260811,18,6,1,6,77,77,0,1,0
20260811,18,7,1,7,82,77,1,0,0
20260811,18,8,1,8,49,49,0,1,0
20260811,18,9,1,9,56,49,1,0,0
20260811,18,10,1,10,41,41,0,1,0
20260811,18,11,1,11,41,41,1,0,0
20260811,18,12,1,12,43,41,2,0,0
20260811,18,13,1,13,45,41,3,0,0
20260811,18,14,1,14,41,41,4,0,0
20260811,18,15,1,15,33,33,0,1,0
20260811,18,16,1,16,27,27,0,1,0
20260811,18,17,1,17,29,27,1,0,0
20260811,18,18,1,18,30,27,2,0,0
20260811,18,19,1,19,25,25,0,1,0
20260811,18,20,1,20,21,21,0,1,0
20260811,18,21,1,21,19,19,0,1,0
20260811,18,22,1,22,15,15,0,1,0
20260811,18,23,1,23,13,13,0,1,0
20260811,18,24,1,24,12,12,0,1,0
20260811,18,25,1,25,9,9,0,1,0
20260811,18,26,1,26,13,9,1,0,0
20260811,18,27,1,27,4,4,0,1,0
20260811,18,28,1,28,9,4,1,0,0
20260811,18,29,1,29,15,4,2,0,0
20260811,18,30,1,30,12,4,3,0,0
20260811,18,31,1,31,12,4,4,0,0
20260811,18,32,1,32,10,4,5,0,0
20260811,18,33,1,33,14,4,6,0,0
20260811,18,34,1,34,11,4,7,0,0
20260811,18,35,1,35,17,4,8,0,0
20260811,18,36,1,36,13,4,9,0,0
20260811,18,37,1,37,14,4,10,0,0
20260811,18,38,1,38,14,4,11,0,0
20260811,18,39,1,39,13,4,12,0,0
20260811,18,40,1,40,8,4,13,0,0
20260811,18,41,1,41,5,4,14,0,0
20260811,18,42,1,42,8,4,15,0,0
20260811,18,43,1,43,15,4,16,0,0
20260811,18,44,1,44,11,4,17,0,0
20260811,18,45,1,45,11,4,18,0,0
20260811,18,46,1,46,10,4,19,0,0
20260811,18,47,1,47,11,4,20,0,0
20260811,18,48,1,48,7,4,21,0,0
20260811,18,49,1,49,10,4,22,0,0
20260811,18,50,1,50,13,4,23,0,0
20260811,18,51,1,51,4,4,24,0,0
20260811,18,52,1,52,5,4,25,0,0
20260811,18,53,1,53,1,1,0,1,0
20260811,18,54,1,54,1,1,1,0,0
20260811,18,55,1,55,3,1,2,0,0
20260811,18,56,1,56,3,1,3,0,0
20260811,18,57,1,57,5,1,4,0,0
20260811,18,58,1,58,8,1,5,0,0
20260811,18,59,1,59,3,1,6,0,0
20260811,18,60,1,60,2,1,7,0,0
20260811,18,61,1,61,5,1,8,0,0
20260811,18,62,1,62,4,1,9,0,0
20260811,18,63,1,63,2,1,10,0,0
20260811,18,64,1,64,4,1,11,0,0
20260811,18,65,1,65,4,1,12,0,0
20260811,18,66,1,66,3,1,13,0,0
20260811,18,67,1,67,5,1,14,0,0
20260811,18,68,1,68,7,1,15,0,0
20260811,18,69,1,69,5,1,16,0,0
20260811,18,70,1,70,3,1,17,0,0
20260811,18,71,1,71,2,1,18,0,0
20260811,18,72,1,72,4,1,19,0,0
20260811,18,73,1,73,6,1,20,0,0
20260811,18,74,1,74,3,1,21,0,0
20260811,18,75,1,75,3,1,22,0,0
20260811,18,76,1,76,1,1,23,0,0
20260811,18,77,1,77,1,1,24,0,0
20260811,18,78,1,78,1,1,25,0,0
20260811,18,79,1,79,4,1,26,0,0
20260811,18,80,1,80,2,1,27,0,0
20260811,18,81,2,1,857,1,28,0,0
20260811,18,82,2,2,862,1,29,0,0
20260811,18,83,2,3,833,1,30,0,0
20260811,18,84,2,4,789,1,31,0,0
20260811,18,85,2,5,847,1,32,0,0
20260811,18,86,2,6,777,1,33,0,0
20260811,18,87,2,7,720,1,34,0,0
20260811,18,88,2,8,187,1,35,0,0
20260811,18,89,2,9,100,1,36,0,0
20260811,18,90,2,10,93,1,37,0,0
20260811,18,91,2,11,55,1,38,0,0
20260811,18,92,2,12,54,1,39,0,0
20260811,18,93,2,13,58,1,40,0,0
20260811,18,94,2,14,43,1,41,0,0
20260811,18,95,2,15,39,1,42,0,0
20260811,18,96,2,16,31,1,43,0,0
20260811,18,97,2,17,29,1,44,0,0
20260811,18,98,2,18,22,1,45,0,0
20260811,18,99,2,19,21,1,46,0,0
20260811,18,100,2,20,25,1,47,0,0
20260811,18,101,2,21,23,1,48,0,0
20260811,18,102,2,22,18,1,49,0,0
20260811,18,103,2,23,13,1,50,0,0
20260811,18,104,2,24,6,1,51,0,0
20260811,18,105,2,25,6,1,52,0,0
20260811,18,106,2,26,3,1,53,0,0
20260811,18,107,2,27,5,1,54,0,0
20260811,18,108,2,28,0,0,0,1,1
20260811,19,1,1,1,202,157,1,0,0
20260811,19,2,1,2,156,156,0,1,0
20260811,19,3,1,3,86,86,0,1,0
20260811,19,4,1,4,87,86,1,0,0
20260811,19,5,1,5,50,50,0,1,0
20260811,19,6,1,6,39,39,0,1,0
20260811,19,7,1,7,31,31,0,1,0
20260811,19,8,1,8,22,22,0,1,0
20260811,19,9,1,9,40,22,1,0,0
20260811,19,10,1,10,30,22,2,0,0
20260811,19,11,1,11,32,22,3,0,0
20260811,19,12,1,12,29,22,4,0,0
20260811,19,13,1,13,25,22,5,0,0
20260811,19,14,1,14,29,22,6,0,0
20260811,19,15,1,15,25,22,7,0,0
20260811,19,16,1,16,20,20,0,1,0
20260811,19,17,1,17,19,19,0,1,0
20260811,19,18,1,18,22,19,1,0,0
20260811,19,19,1,19,19,19,2,0,0
20260811,19,20,1,20,15,15,0,1,0
20260811,19,21,1,21,3,3,0,1,0
20260811,19,22,1,22,3,3,1,0,0
20260811,19,23,1,23,0,0,0,1,1
20260811,20,1,1,1,232,177,1,0,0
20260811,20,2,1,2,227,177,2,0,0
20260811,20,3,1,3,133,133,0,1,0
20260811,20,4,1,4,137,133,1,0,0
20260811,20,5,1,5,134,133,2,0,0
20260811,20,6,1,6,101,101,0,1,0
20260811,20,7,1,7,74,74,0,1,0
20260811,20,8,1,8,76,74,1,0,0
20260811,20,9,1,9,73,73,0,1,0
20260811,20,10,1,10,61,61,0,1,0
20260811,20,11,1,11,79,61,1,0,0
20260811,20,12,1,12,75,61,2,0,0
20260811,20,13,1,13,73,61,3,0,0
20260811,20,14,1,14,65,61,4,0,0
20260811,20,15,1,15,65,61,5,0,0
20260811,20,16,1,16,65,61,6,0,0
20260811,20,17,1,17,59,59,0,1,0
20260811,20,18,1,18,56,56,0,1,0
20260811,20,19,1,19,51,51,0,1,0
20260811,20,20,1,20,30,30,0,1,0
20260811,20,21,1,21,55,30,1,0,0
20260811,20,22,1,22,33,30,2,0,0
20260811,20,23,1,23,43,30,3,0,0
20260811,20,24,1,24,29,29,0,1,0
20260811,20,25,1,25,31,29,1,0,0
20260811,20,26,1,26,37,29,2,0,0
20260811,20,27,1,27,32,29,3,0,0
20260811,20,28,1,28,37,29,4,0,0
20260811,20,29,1,29,35,29,5,0,0
20260811,20,30,1,30,28,28,0,1,0
20260811,20,31,1,31,26,26,0,1,0
20260811,20,32,1,32,30,26,1,0,0
20260811,20,33,1,33,25,25,0,1,0
20260811,20,34,1,34,22,22,0,1,0
20260811,20,35,1,35,19,19,0,1,0
20260811,20,36,1,36,22,19,1,0,0
20260811,20,37,1,37,22,19,2,0,0
20260811,20,38,1,38,33,19,3,0,0
20260811,20,39,1,39,25,19,4,0,0
20260811,20,40,1,40,24,19,5,0,0
20260811,20,41,1,41,28,19,6,0,0
20260811,20,42,1,42,28,19,7,0,0
20260811,20,43,1,43,22,19,8,0,0
20260811,20,44,1,44,22,19,9,0,0
20260811,20,45,1,45,24,19,10,0,0
20260811,20,46,1,46,23,19,11,0,0
20260811,20,47,1,47,27,19,12,0,0
20260811,20,48,1,48,27,19,13,0,0
20260811,20,49,1,49,24,19,14,0,0
20260811,20,50,1,50,18,18,0,1,0
20260811,20,51,1,51,17,17,0,1,0
20260811,20,52,1,52,16,16,0,1,0
20260811,20,53,1,53,12,12,0,1,0
20260811,20,54,1,54,13,12,1,0,0
20260811,20,55,1,55,14,12,2,0,0
20260811,20,56,1,56,9,9,0,1,0
20260811,20,57,1,57,9,9,1,0,0
20260811,20,58,1,58,14,9,2,0,0
20260811,20,59,1,59,10,9,3,0,0
20260811,20,60,1,60,16,9,4,0,0
20260811,20,61,1,61,11,9,5,0,0
20260811,20,62,1,62,8,8,0,1,0
20260811,20,63,1,63,11,8,1,0,0
20260811,20,64,1,64,13,8,2,0,0
20260811,20,65,1,65,10,8,3,0,0
20260811,20,66,1,66,4,4,0,1,0
20260811,20,67,1,67,17,4,1,0,0
20260811,20,68,1,68,12,4,2,0,0
20260811,20,69,1,69,11,4,3,0,0
20260811,20,70,1,70,9,4,4,0,0
20260811,20,71,1,71,11,4,5,0,0
20260811,20,72,1,72,4,4,6,0,0
20260811,20,73,1,73,9,4,7,0,0
20260811,20,74,1,74,10,4,8,0,0
20260811,20,75,1,75,10,4,9,0,0
20260811,20,76,1,76,11,4,10,0,0
20260811,20,77,1,77,15,4,11,0,0
20260811,20,78,1,78,8,4,12,0,0
20260811,20,79,1,79,14,4,13,0,0
20260811,20,80,1,80,7,4,14,0,0
20260811,20,81,2,1,882,4,15,0,0
20260811,20,82,2,2,836,4,16,0,0
20260811,20,83,2,3,867,4,17,0,0
20260811,20,84,2,4,149,4,18,0,0
20260811,20,85,2,5,370,4,19,0,0
20260811,20,86,2,6,468,4,20,0,0
20260811,20,87,2,7,307,4,21,0,0
20260811,20,88,2,8,142,4,22,0,0
20260811,20,89,2,9,88,4,23,0,0
20260811,20,90,2,10,68,4,24,0,0
20260811,20,91,2,11,82,4,25,0,0
20260811,20,92,2,12,64,4,26,0,0
20260811,20,93,2,13,55,4,27,0,0
20260811,20,94,2,14,60,4,28,0,0
20260811,20,95,2,15,52,4,29,0,0
20260811,20,96,2,16,46,4,30,0,0
20260811,20,97,2,17,34,4,31,0,0
20260811,20,98,2,18,25,4,32,0,0
20260811,20,99,2,19,35,4,33,0,0
20260811,20,100,2,20,29,4,34,0,0
20260811,20,101,2,21,31,4,35,0,0
20260811,20,102,2,22,20,4,36,0,0
20260811,20,103,2,23,18,4,37,0,0
20260811,20,104,2,24,22,4,38,0,0
20260811,20,105,2,25,24,4,39,0,0
20260811,20,106,2,26,20,4,40,0,0
20260811,20,107,2,27,13,4,41,0,0
20260811,20,108,2,28,13,4,42,0,0
20260811,20,109,2,29,9,4,43,0,0
20260811,20,110,2,30,10,4,44,0,0
20260811,20,111,2,31,12,4,45,0,0
20260811,20,112,2,32,11,4,46,0,0
20260811,20,113,2,33,10,4,47,0,0
20260811,20,114,2,34,14,4,48,0,0
20260811,20,115,2,35,10,4,49,0,0
20260811,20,116,2,36,6,4,50,0,0
20260811,20,117,2,37,3,3,0,1,0
20260811,20,118,2,38,6,3,1,0,0
20260811,20,119,2,39,11,3,2,0,0
20260811,20,120,2,40,9,3,3,0,0
20260811,20,121,2,41,7,3,4,0,0
20260811,20,122,2,42,7,3,5,0,0
20260811,20,123,2,43,10,3,6,0,0
20260811,20,124,2,44,7,3,7,0,0
20260811,20,125,2,45,3,3,8,0,0
20260811,20,126,2,46,4,3,9,0,0
20260811,20,127,2,47,2,2,0,1,0
20260811,20,128,2,48,5,2,1,0,0
20260811,20,129,2,49,2,2,2,0,0
20260811,20,130,2,50,6,2,3,0,0
20260811,20,131,2,51,7,2,4,0,0
20260811,20,132,2,52,10,2,5,0,0
20260811,20,133,2,53,9,2,6,0,0
20260811,20,134,2,54,8,2,7,0,0
20260811,20,135,2,55,27,2,8,0,0
20260811,20,136,2,56,43,2,9,0,0
20260811,20,137,2,57,126,2,10,0,0
20260811,20,138,2,58,254,2,11,0,0
20260811,20,139,2,59,531,2,12,0,0
20260811,20,140,2,60,572,2,13,0,0
20260811,20,141,3,1,608,2,14,0,0
20260811,20,142,3,2,785,2,15,0,0
20260811,20,143,3,3,165,2,16,0,0
20260811,20,144,3,4,125,2,17,0,0
20260811,20,145,3,5,154,2,18,0,0
20260811,20,146,3,6,118,2,19,0,0
20260811,20,147,3,7,90,2,20,0,0
20260811,20,148,3,8,74,2,21,0,0
20260811,20,149,3,9,59,2,22,0,0
20260811,20,150,3,10,56,2,23,0,0
20260811,20,151,3,11,59,2,24,0,0
20260811,20,152,3,12,47,2,25,0,0
20260811,20,153,3,13,55,2,26,0,0
20260811,20,154,3,14,53,2,27,0,0
20260811,20,155,3,15,38,2,28,0,0
20260811,20,156,3,16,35,2,29,0,0
20260811,20,157,3,17,44,2,30,0,0
20260811,20,158,3,18,40,2,31,0,0
20260811,20,159,3,19,26,2,32,0,0
20260811,20,160,3,20,29,2,33,0,0
20260811,20,161,3,21,24,2,34,0,0
20260811,20,162,3,22,17,2,35,0,0
20260811,20,163,3,23,22,2,36,0,0
20260811,20,164,3,24,9,2,37,0,0
20260811,20,165,3,25,9,2,38,0,0
20260811,20,166,3,26,3,2,39,0,0
20260811,20,167,3,27,0,0,0,1,1
20260811,21,1,1,1,278,189,1,0,0
20260811,21,2,1,2,241,189,2,0,0
20260811,21,3,1,3,140,140,0,1,0
20260811,21,4,1,4,145,140,1,0,0
20260811,21,5,1,5,120,120,0,1,0
20260811,21,6,1,6,109,109,0,1,0
20260811,21,7,1,7,103,103,0,1,0
20260811,21,8,1,8,102,102,0,1,0
20260811,21,9,1,9,89,89,0,1,0
20260811,21,10,1,10,67,67,0,1,0
20260811,21,11,1,11,71,67,1,0,0
20260811,21,12,1,12,72,67,2,0,0
20260811,21,13,1,13,68,67,3,0,0
20260811,21,14,1,14,55,55,0,1,0
20260811,21,15,1,15,60,55,1,0,0
20260811,21,16,1,16,58,55,2,0,0
20260811,21,17,1,17,63,55,3,0,0
20260811,21,18,1,18,53,53,0,1,0
20260811,21,19,1,19,59,53,1,0,0
20260811,21,20,1,20,54,53,2,0,0
20260811,21,21,1,21,52,52,0,1,0
20260811,21,22,1,22,57,52,1,0,0
20260811,21,23,1,23,49,49,0,1,0
20260811,21,24,1,24,46,46,0,1,0
20260811,21,25,1,25,44,44,0,1,0
20260811,21,26,1,26,45,44,1,0,0
20260811,21,27,1,27,49,44,2,0,0
20260811,21,28,1,28,47,44,3,0,0
20260811,21,29,1,29,49,44,4,0,0
20260811,21,30,1,30,38,38,0,1,0
20260811,21,31,1,31,48,38,1,0,0
20260811,21,32,1,32,41,38,2,0,0
20260811,21,33,1,33,39,38,3,0,0
20260811,21,34,1,34,45,38,4,0,0
20260811,21,35,1,35,38,38,5,0,0
20260811,21,36,1,36,35,35,0,1,0
20260811,21,37,1,37,35,35,1,0,0
20260811,21,38,1,38,39,35,2,0,0
20260811,21,39,1,39,31,31,0,1,0
20260811,21,40,1,40,33,31,1,0,0
20260811,21,41,1,41,25,25,0,1,0
20260811,21,42,1,42,34,25,1,0,0
20260811,21,43,1,43,29,25,2,0,0
20260811,21,44,1,44,35,25,3,0,0
20260811,21,45,1,45,29,25,4,0,0
20260811,21,46,1,46,34,25,5,0,0
20260811,21,47,1,47,29,25,6,0,0
20260811,21,48,1,48,29,25,7,0,0
20260811,21,49,1,49,29,25,8,0,0
20260811,21,50,1,50,16,16,0,1,0
20260811,21,51,1,51,19,16,1,0,0
20260811,21,52,1,52,22,16,2,0,0
20260811,21,53,1,53,15,15,0,1,0
20260811,21,54,1,54,17,15,1,0,0
20260811,21,55,1,55,8,8,0,1,0
20260811,21,56,1,56,11,8,1,0,0
20260811,21,57,1,57,16,8,2,0,0
20260811,21,58,1,58,17,8,3,0,0
20260811,21,59,1,59,21,8,4,0,0
20260811,21,60,1,60,13,8,5,0,0
20260811,21,61,1,61,17,8,6,0,0
20260811,21,62,1,62,18,8,7,0,0
20260811,21,63,1,63,15,8,8,0,0
20260811,21,64,1,64,18,8,9,0,0
20260811,21,65,1,65,14,8,10,0,0
20260811,21,66,1,66,18,8,11,0,0
20260811,21,67,1,67,13,8,12,0,0
20260811,21,68,1,68,20,8,13,0,0
20260811,21,69,1,69,14,8,14,0,0
20260811,21,70,1,70,17,8,15,0,0
20260811,21,71,1,71,17,8,16,0,0
20260811,21,72,1,72,15,8,17,0,0
20260811,21,73,1,73,13,8,18,0,0
20260811,21,74,1,74,18,8,19,0,0
20260811,21,75,1,75,15,8,20,0,0
20260811,21,76,1,76,18,8,21,0,0
20260811,21,77,1,77,16,8,22,0,0
20260811,21,78,1,78,18,8,23,0,0
20260811,21,79,1,79,14,8,24,0,0
20260811,21,80,1,80,14,8,25,0,0
20260811,21,81,2,1,875,8,26,0,0
20260811,21,82,2,2,816,8,27,0,0
20260811,21,83,2,3,879,8,28,0,0
20260811,21,84,2,4,188,8,29,0,0
20260811,21,85,2,5,441,8,30,0,0
20260811,21,86,2,6,545,8,31,0,0
20260811,21,87,2,7,360,8,32,0,0
20260811,21,88,2,8,99,8,33,0,0
20260811,21,89,2,9,72,8,34,0,0
20260811,21,90,2,10,78,8,35,0,0
20260811,21,91,2,11,52,8,36,0,0
20260811,21,92,2,12,50,8,37,0,0
20260811,21,93,2,13,50,8,38,0,0
20260811,21,94,2,14,48,8,39,0,0
20260811,21,95,2,15,40,8,40,0,0
20260811,21,96,2,16,23,8,41,0,0
20260811,21,97,2,17,25,8,42,0,0
20260811,21,98,2,18,23,8,43,0,0
20260811,21,99,2,19,21,8,44,0,0
20260811,21,100,2,20,27,8,45,0,0
20260811,21,101,2,21,23,8,46,0,0
20260811,21,102,2,22,15,8,47,0,0
20260811,21,103,2,23,8,8,48,0,0
20260811,21,104,2,24,3,3,0,1,0
20260811,21,105,2,25,4,3,1,0,0
20260811,21,106,2,26,5,3,2,0,0
20260811,21,107,2,27,5,3,3,0,0
20260811,21,108,2,28,3,3,4,0,0
20260811,21,109,2,29,2,2,0,1,0
20260811,21,110,2,30,4,2,1,0,0
20260811,21,111,2,31,3,2,2,0,0
20260811,21,112,2,32,6,2,3,0,0
20260811,21,113,2,33,5,2,4,0,0
20260811,21,114,2,34,4,2,5,0,0
20260811,21,115,2,35,4,2,6,0,0
20260811,21,116,2,36,2,2,7,0,0
20260811,21,117,2,37,2,2,8,0,0
20260811,21,118,2,38,1,1,0,1,0
20260811,21,119,2,39,0,0,0,1,1
20260811,22,1,1,1,272,191,1,0,0
20260811,22,2,1,2,238,191,2,0,0
20260811,22,3,1,3,136,136,0,1,0
20260811,22,4,1,4,116,116,0,1,0
20260811,22,5,1,5,110,110,0,1,0
20260811,22,6,1,6,69,69,0,1,0
20260811,22,7,1,7,64,64,0,1,0
20260811,22,8,1,8,58,58,0,1,0
20260811,22,9,1,9,65,58,1,0,0
20260811,22,10,1,10,45,45,0,1,0
20260811,22,11,1,11,33,33,0,1,0
20260811,22,12,1,12,56,33,1,0,0
20260811,22,13,1,13,57,33,2,0,0
20260811,22,14,1,14,37,33,3,0,0
20260811,22,15,1,15,37,33,4,0,0
20260811,22,16,1,16,36,33,5,0,0
20260811,22,17,1,17,28,28,0,1,0
20260811,22,18,1,18,20,20,0,1,0
20260811,22,19,1,19,23,20,1,0,0
20260811,22,20,1,20,22,20,2,0,0
20260811,22,21,1,21,19,19,0,1,0
20260811,22,22,1,22,21,19,1,0,0
20260811,22,23,1,23,21,19,2,0,0
20260811,22,24,1,24,24,19,3,0,0
20260811,22,25,1,25,26,19,4,0,0
20260811,22,26,1,26,12,12,0,1,0
20260811,22,27,1,27,15,12,1,0,0
20260811,22,28,1,28,18,12,2,0,0
20260811,22,29,1,29,21,12,3,0,0
20260811,22,30,1,30,17,12,4,0,0
20260811,22,31,1,31,19,12,5,0,0
20260811,22,32,1,32,26,12,6,0,0
20260811,22,33,1,33,14,12,7,0,0
20260811,22,34,1,34,22,12,8,0,0
20260811,22,35,1,35,24,12,9,0,0
20260811,22,36,1,36,19,12,10,0,0
20260811,22,37,1,37,18,12,11,0,0
20260811,22,38,1,38,9,9,0,1,0
20260811,22,39,1,39,7,7,0,1,0
20260811,22,40,1,40,17,7,1,0,0
20260811,22,41,1,41,15,7,2,0,0
20260811,22,42,1,42,15,7,3,0,0
20260811,22,43,1,43,16,7,4,0,0
20260811,22,44,1,44,13,7,5,0,0
20260811,22,45,1,45,15,7,6,0,0
20260811,22,46,1,46,17,7,7,0,0
20260811,22,47,1,47,16,7,8,0,0
20260811,22,48,1,48,15,7,9,0,0
20260811,22,49,1,49,11,7,10,0,0
20260811,22,50,1,50,9,7,11,0,0
20260811,22,51,1,51,8,7,12,0,0
20260811,22,52,1,52,8,7,13,0,0
20260811,22,53,1,53,8,7,14,0,0
20260811,22,54,1,54,5,5,0,1,0
20260811,22,55,1,55,8,5,1,0,0
20260811,22,56,1,56,6,5,2,0,0
20260811,22,57,1,57,5,5,3,0,0
20260811,22,58,1,58,3,3,0,1,0
20260811,22,59,1,59,5,3,1,0,0
20260811,22,60,1,60,5,3,2,0,0
20260811,22,61,1,61,7,3,3,0,0
20260811,22,62,1,62,5,3,4,0,0
20260811,22,63,1,63,2,2,0,1,0
20260811,22,64,1,64,0,0,0,1,1
20260811,23,1,1,1,303,203,1,0,0
20260811,23,2,1,2,231,203,2,0,0
20260811,23,3,1,3,133,133,0,1,0
20260811,23,4,1,4,159,133,1,0,0
20260811,23,5,1,5,123,123,0,1,0
20260811,23,6,1,6,87,87,0,1,0
20260811,23,7,1,7,82,82,0,1,0
20260811,23,8,1,8,78,78,0,1,0
20260811,23,9,1,9,86,78,1,0,0
20260811,23,10,1,10,80,78,2,0,0
20260811,23,11,1,11,74,74,0,1,0
20260811,23,12,1,12,69,69,0,1,0
20260811,23,13,1,13,68,68,0,1,0
20260811,23,14,1,14,59,59,0,1,0
20260811,23,15,1,15,55,55,0,1,0
20260811,23,16,1,16,55,55,1,0,0
20260811,23,17,1,17,59,55,2,0,0
20260811,23,18,1,18,39,39,0,1,0
20260811,23,19,1,19,56,39,1,0,0
20260811,23,20,1,20,38,38,0,1,0
20260811,23,21,1,21,37,37,0,1,0
20260811,23,22,1,22,24,24,0,1,0
20260811,23,23,1,23,23,23,0,1,0
20260811,23,24,1,24,18,18,0,1,0
20260811,23,25,1,25,29,18,1,0,0
20260811,23,26,1,26,14,14,0,1,0
20260811,23,27,1,27,20,14,1,0,0
20260811,23,28,1,28,22,14,2,0,0
20260811,23,29,1,29,19,14,3,0,0
20260811,23,30,1,30,17,14,4,0,0
20260811,23,31,1,31,11,11,0,1,0
20260811,23,32,1,32,16,11,1,0,0
20260811,23,33,1,33,11,11,2,0,0
20260811,23,34,1,34,15,11,3,0,0
20260811,23,35,1,35,11,11,4,0,0
20260811,23,36,1,36,16,11,5,0,0
20260811,23,37,1,37,14,11,6,0,0
20260811,23,38,1,38,12,11,7,0,0
20260811,23,39,1,39,13,11,8,0,0
20260811,23,40,1,40,15,11,9,0,0
20260811,23,41,1,41,17,11,10,0,0
20260811,23,42,1,42,14,11,11,0,0
20260811,23,43,1,43,11,11,12,0,0
20260811,23,44,1,44,14,11,13,0,0
20260811,23,45,1,45,16,11,14,0,0
20260811,23,46,1,46,9,9,0,1,0
20260811,23,47,1,47,8,8,0,1,0
20260811,23,48,1,48,15,8,1,0,0
20260811,23,49,1,49,8,8,2,0,0
20260811,23,50,1,50,16,8,3,0,0
20260811,23,51,1,51,18,8,4,0,0
20260811,23,52,1,52,16,8,5,0,0
20260811,23,53,1,53,10,8,6,0,0
20260811,23,54,1,54,10,8,7,0,0
20260811,23,55,1,55,13,8,8,0,0
20260811,23,56,1,56,14,8,9,0,0
20260811,23,57,1,57,15,8,10,0,0
20260811,23,58,1,58,7,7,0,1,0
20260811,23,59,1,59,15,7,1,0,0
20260811,23,60,1,60,9,7,2,0,0
20260811,23,61,1,61,15,7,3,0,0
20260811,23,62,1,62,14,7,4,0,0
20260811,23,63,1,63,9,7,5,0,0
20260811,23,64,1,64,14,7,6,0,0
20260811,23,65,1,65,14,7,7,0,0
20260811,23,66,1,66,12,7,8,0,0
20260811,23,67,1,67,12,7,9,0,0
20260811,23,68,1,68,11,7,10,0,0
20260811,23,69,1,69,16,7,11,0,0
20260811,23,70,1,70,13,7,12,0,0
20260811,23,71,1,71,16,7,13,0,0
20260811,23,72,1,72,8,7,14,0,0
20260811,23,73,1,73,15,7,15,0,0
20260811,23,74,1,74,9,7,16,0,0
20260811,23,75,1,75,16,7,17,0,0
20260811,23,76,1,76,18,7,18,0,0
20260811,23,77,1,77,16,7,19,0,0
20260811,23,78,1,78,12,7,20,0,0
20260811,23,79,1,79,12,7,21,0,0
20260811,23,80,1,80,13,7,22,0,0
20260811,23,81,2,1,834,7,23,0,0
20260811,23,82,2,2,808,7,24,0,0
20260811,23,83,2,3,862,7,25,0,0
20260811,23,84,2,4,759,7,26,0,0
20260811,23,85,2,5,866,7,27,0,0
20260811,23,86,2,6,847,7,28,0,0
20260811,23,87,2,7,780,7,29,0,0
20260811,23,88,2,8,227,7,30,0,0
20260811,23,89,2,9,130,7,31,0,0
20260811,23,90,2,10,88,7,32,0,0
20260811,23,91,2,11,55,7,33,0,0
20260811,23,92,2,12,45,7,34,0,0
20260811,23,93,2,13,44,7,35,0,0
20260811,23,94,2,14,46,7,36,0,0
20260811,23,95,2,15,33,7,37,0,0
20260811,23,96,2,16,25,7,38,0,0
20260811,23,97,2,17,19,7,39,0,0
20260811,23,98,2,18,16,7,40,0,0
20260811,23,99,2,19,9,7,41,0,0
20260811,23,100,2,20,14,7,42,0,0
20260811,23,101,2,21,7,7,43,0,0
20260811,23,102,2,22,6,6,0,1,0
20260811,23,103,2,23,5,5,0,1,0
20260811,23,104,2,24,5,5,1,0,0
20260811,23,105,2,25,4,4,0,1,0
20260811,23,106,2,26,2,2,0,1,0
20260811,23,107,2,27,5,2,1,0,0
20260811,23,108,2,28,4,2,2,0,0
20260811,23,109,2,29,1,1,0,1,0
20260811,23,110,2,30,1,1,1,0,0
20260811,23,111,2,31,1,1,2,0,0
20260811,23,112,2,32,4,1,3,0,0
20260811,23,113,2,33,7,1,4,0,0
20260811,23,114,2,34,7,1,5,0,0
20260811,23,115,2,35,10,1,6,0,0
20260811,23,116,2,36,21,1,7,0,0
20260811,23,117,2,37,15,1,8,0,0
20260811,23,118,2,38,13,1,9,0,0
20260811,23,119,2,39,14,1,10,0,0
20260811,23,120,2,40,24,1,11,0,0
20260811,23,121,2,41,68,1,12,0,0
20260811,23,122,2,42,212,1,13,0,0
20260811,23,123,2,43,370,1,14,0,0
20260811,23,124,2,44,318,1,15,0,0
20260811,23,125,2,45,309,1,16,0,0
20260811,23,126,2,46,250,1,17,0,0
20260811,23,127,2,47,211,1,18,0,0
20260811,23,128,2,48,67,1,19,0,0
20260811,23,129,2,49,33,1,20,0,0
20260811,23,130,2,50,37,1,21,0,0
20260811,23,131,2,51,25,1,22,0,0
20260811,23,132,2,52,36,1,23,0,0
20260811,23,133,2,53,43,1,24,0,0
20260811,23,134,2,54,56,1,25,0,0
20260811,23,135,2,55,34,1,26,0,0
20260811,23,136,2,56,22,1,27,0,0
20260811,23,137,2,57,27,1,28,0,0
20260811,23,138,2,58,25,1,29,0,0
20260811,23,139,2,59,29,1,30,0,0
20260811,23,140,2,60,26,1,31,0,0
20260811,23,141,3,1,860,1,32,0,0
20260811,23,142,3,2,212,1,33,0,0
20260811,23,143,3,3,88,1,34,0,0
20260811,23,144,3,4,49,1,35,0,0
20260811,23,145,3,5,45,1,36,0,0
20260811,23,146,3,6,37,1,37,0,0
20260811,23,147,3,7,27,1,38,0,0
20260811,23,148,3,8,27,1,39,0,0
20260811,23,149,3,9,20,1,40,0,0
20260811,23,150,3,10,19,1,41,0,0
20260811,23,151,3,11,20,1,42,0,0
20260811,23,152,3,12,14,1,43,0,0
20260811,23,153,3,13,15,1,44,0,0
20260811,23,154,3,14,11,1,45,0,0
20260811,23,155,3,15,10,1,46,0,0
20260811,23,156,3,16,9,1,47,0,0
20260811,23,157,3,17,5,1,48,0,0
20260811,23,158,3,18,8,1,49,0,0
20260811,23,159,3,19,5,1,50,0,0
20260811,23,160,3,20,11,1,51,0,0
20260811,23,161,3,21,11,1,52,0,0
20260811,23,162,3,22,19,1,53,0,0
20260811,23,163,3,23,31,1,54,0,0
20260811,23,164,3,24,34,1,55,0,0
20260811,23,165,3,25,61,1,56,0,0
20260811,23,166,3,26,135,1,57,0,0
20260811,23,167,3,27,282,1,58,0,0
20260811,23,168,3,28,266,1,59,0,0
20260811,23,169,3,29,245,1,60,0,0
20260811,23,170,3,30,208,1,61,0,0
20260811,23,171,3,31,242,1,62,0,0
20260811,23,172,3,32,230,1,63,0,0
20260811,23,173,3,33,200,1,64,0,0
20260811,23,174,3,34,186,1,65,0,0
20260811,23,175,3,35,132,1,66,0,0
20260811,23,176,3,36,43,1,67,0,0
20260811,23,177,3,37,11,1,68,0,0
20260811,23,178,3,38,14,1,69,0,0
20260811,23,179,3,39,10,1,70,0,0
20260811,23,180,3,40,4,1,71,0,0
20260811,23,181,3,41,1,1,72,0,0
20260811,23,182,3,42,1,1,73,0,0
20260811,23,183,3,43,1,1,74,0,0
20260811,23,184,3,44,0,0,0,1,1
20260811,24,1,1,1,196,157,1,0,0
20260811,24,2,1,2,184,157,2,0,0
20260811,24,3,1,3,108,108,0,1,0
20260811,24,4,1,4,105,105,0,1,0
20260811,24,5,1,5,85,85,0,1,0
20260811,24,6,1,6,66,66,0,1,0
20260811,24,7,1,7,66,66,1,0,0
20260811,24,8,1,8,58,58,0,1,0
20260811,24,9,1,9,48,48,0,1,0
20260811,24,10,1,10,46,46,0,1,0
20260811,24,11,1,11,30,30,0,1,0
20260811,24,12,1,12,33,30,1,0,0
20260811,24,13,1,13,36,30,2,0,0
20260811,24,14,1,14,35,30,3,0,0
20260811,24,15,1,15,39,30,4,0,0
20260811,24,16,1,16,28,28,0,1,0
20260811,24,17,1,17,37,28,1,0,0
20260811,24,18,1,18,30,28,2,0,0
20260811,24,19,1,19,27,27,0,1,0
20260811,24,20,1,20,22,22,0,1,0
20260811,24,21,1,21,17,17,0,1,0
20260811,24,22,1,22,26,17,1,0,0
20260811,24,23,1,23,25,17,2,0,0
20260811,24,24,1,24,23,17,3,0,0
20260811,24,25,1,25,16,16,0,1,0
20260811,24,26,1,26,22,16,1,0,0
20260811,24,27,1,27,14,14,0,1,0
20260811,24,28,1,28,18,14,1,0,0
20260811,24,29,1,29,14,14,2,0,0
20260811,24,30,1,30,11,11,0,1,0
20260811,24,31,1,31,13,11,1,0,0
20260811,24,32,1,32,12,11,2,0,0
20260811,24,33,1,33,13,11,3,0,0
20260811,24,34,1,34,9,9,0,1,0
20260811,24,35,1,35,3,3,0,1,0
20260811,24,36,1,36,9,3,1,0,0
20260811,24,37,1,37,9,3,2,0,0
20260811,24,38,1,38,9,3,3,0,0
20260811,24,39,1,39,10,3,4,0,0
20260811,24,40,1,40,9,3,5,0,0
20260811,24,41,1,41,6,3,6,0,0
20260811,24,42,1,42,6,3,7,0,0
20260811,24,43,1,43,3,3,8,0,0
20260811,24,44,1,44,9,3,9,0,0
20260811,24,45,1,45,6,3,10,0,0
20260811,24,46,1,46,9,3,11,0,0
20260811,24,47,1,47,9,3,12,0,0
20260811,24,48,1,48,9,3,13,0,0
20260811,24,49,1,49,8,3,14,0,0
20260811,24,50,1,50,9,3,15,0,0
20260811,24,51,1,51,9,3,16,0,0
20260811,24,52,1,52,9,3,17,0,0
20260811,24,53,1,53,8,3,18,0,0
20260811,24,54,1,54,9,3,19,0,0
20260811,24,55,1,55,8,3,20,0,0
20260811,24,56,1,56,6,3,21,0,0
20260811,24,57,1,57,8,3,22,0,0
20260811,24,58,1,58,10,3,23,0,0
20260811,24,59,1,59,9,3,24,0,0
20260811,24,60,1,60,9,3,25,0,0
20260811,24,61,1,61,9,3,26,0,0
20260811,24,62,1,62,8,3,27,0,0
20260811,24,63,1,63,6,3,28,0,0
20260811,24,64,1,64,9,3,29,0,0
20260811,24,65,1,65,8,3,30,0,0
20260811,24,66,1,66,9,3,31,0,0
20260811,24,67,1,67,12,3,32,0,0
20260811,24,68,1,68,9,3,33,0,0
20260811,24,69,1,69,8,3,34,0,0
20260811,24,70,1,70,3,3,35,0,0
20260811,24,71,1,71,9,3,36,0,0
20260811,24,72,1,72,6,3,37,0,0
20260811,24,73,1,73,0,0,0,1,1
20260811,25,1,1,1,240,169,1,0,0
20260811,25,2,1,2,184,169,2,0,0
20260811,25,3,1,3,113,113,0,1,0
20260811,25,4,1,4,114,113,1,0,0
20260811,25,5,1,5,103,103,0,1,0
20260811,25,6,1,6,102,102,0,1,0
20260811,25,7,1,7,73,73,0,1,0
20260811,25,8,1,8,65,65,0,1,0
20260811,25,9,1,9,48,48,0,1,0
20260811,25,10,1,10,39,39,0,1,0
20260811,25,11,1,11,47,39,1,0,0
20260811,25,12,1,12,42,39,2,0,0
20260811,25,13,1,13,42,39,3,0,0
20260811,25,14,1,14,47,39,4,0,0
20260811,25,15,1,15,39,39,5,0,0
20260811,25,16,1,16,38,38,0,1,0
20260811,25,17,1,17,43,38,1,0,0
20260811,25,18,1,18,35,35,0,1,0
20260811,25,19,1,19,31,31,0,1,0
20260811,25,20,1,20,26,26,0,1,0
20260811,25,21,1,21,30,26,1,0,0
20260811,25,22,1,22,29,26,2,0,0
20260811,25,23,1,23,29,26,3,0,0
20260811,25,24,1,24,31,26,4,0,0
20260811,25,25,1,25,23,23,0,1,0
20260811,25,26,1,26,27,23,1,0,0
20260811,25,27,1,27,26,23,2,0,0
20260811,25,28,1,28,23,23,3,0,0
20260811,25,29,1,29,17,17,0,1,0
20260811,25,30,1,30,16,16,0,1,0
20260811,25,31,1,31,22,16,1,0,0
20260811,25,32,1,32,22,16,2,0,0
20260811,25,33,1,33,14,14,0,1,0
20260811,25,34,1,34,11,11,0,1,0
20260811,25,35,1,35,16,11,1,0,0
20260811,25,36,1,36,13,11,2,0,0
20260811,25,37,1,37,17,11,3,0,0
20260811,25,38,1,38,14,11,4,0,0
20260811,25,39,1,39,17,11,5,0,0
20260811,25,40,1,40,14,11,6,0,0
20260811,25,41,1,41,10,10,0,1,0
20260811,25,42,1,42,16,10,1,0,0
20260811,25,43,1,43,17,10,2,0,0
20260811,25,44,1,44,13,10,3,0,0
20260811,25,45,1,45,15,10,4,0,0
20260811,25,46,1,46,14,10,5,0,0
20260811,25,47,1,47,24,10,6,0,0
20260811,25,48,1,48,23,10,7,0,0
20260811,25,49,1,49,15,10,8,0,0
20260811,25,50,1,50,12,10,9,0,0
20260811,25,51,1,51,16,10,10,0,0
20260811,25,52,1,52,9,9,0,1,0
20260811,25,53,1,53,15,9,1,0,0
20260811,25,54,1,54,15,9,2,0,0
20260811,25,55,1,55,16,9,3,0,0
20260811,25,56,1,56,14,9,4,0,0
20260811,25,57,1,57,15,9,5,0,0
20260811,25,58,1,58,15,9,6,0,0
20260811,25,59,1,59,13,9,7,0,0
20260811,25,60,1,60,13,9,8,0,0
20260811,25,61,1,61,16,9,9,0,0
20260811,25,62,1,62,9,9,10,0,0
20260811,25,63,1,63,15,9,11,0,0
20260811,25,64,1,64,13,9,12,0,0
20260811,25,65,1,65,17,9,13,0,0
20260811,25,66,1,66,16,9,14,0,0
20260811,25,67,1,67,8,8,0,1,0
20260811,25,68,1,68,9,8,1,0,0
20260811,25,69,1,69,6,6,0,1,0
20260811,25,70,1,70,11,6,1,0,0
20260811,25,71,1,71,10,6,2,0,0
20260811,25,72,1,72,11,6,3,0,0
20260811,25,73,1,73,8,6,4,0,0
20260811,25,74,1,74,8,6,5,0,0
20260811,25,75,1,75,12,6,6,0,0
20260811,25,76,1,76,11,6,7,0,0
20260811,25,77,1,77,11,6,8,0,0
20260811,25,78,1,78,9,6,9,0,0
20260811,25,79,1,79,10,6,10,0,0
20260811,25,80,1,80,13,6,11,0,0
20260811,25,81,2,1,864,6,12,0,0
20260811,25,82,2,2,834,6,13,0,0
20260811,25,83,2,3,822,6,14,0,0
20260811,25,84,2,4,772,6,15,0,0
20260811,25,85,2,5,861,6,16,0,0
20260811,25,86,2,6,755,6,17,0,0
20260811,25,87,2,7,719,6,18,0,0
20260811,25,88,2,8,186,6,19,0,0
20260811,25,89,2,9,101,6,20,0,0
20260811,25,90,2,10,76,6,21,0,0
20260811,25,91,2,11,51,6,22,0,0
20260811,25,92,2,12,56,6,23,0,0
20260811,25,93,2,13,49,6,24,0,0
20260811,25,94,2,14,41,6,25,0,0
20260811,25,95,2,15,30,6,26,0,0
20260811,25,96,2,16,32,6,27,0,0
20260811,25,97,2,17,26,6,28,0,0
20260811,25,98,2,18,10,6,29,0,0
20260811,25,99,2,19,16,6,30,0,0
20260811,25,100,2,20,11,6,31,0,0
20260811,25,101,2,21,9,6,32,0,0
20260811,25,102,2,22,9,6,33,0,0
20260811,25,103,2,23,8,6,34,0,0
20260811,25,104,2,24,4,4,0,1,0
20260811,25,105,2,25,3,3,0,1,0
20260811,25,106,2,26,6,3,1,0,0
20260811,25,107,2,27,4,3,2,0,0
20260811,25,108,2,28,2,2,0,1,0
20260811,25,109,2,29,7,2,1,0,0
20260811,25,110,2,30,10,2,2,0,0
20260811,25,111,2,31,18,2,3,0,0
20260811,25,112,2,32,24,2,4,0,0
20260811,25,113,2,33,46,2,5,0,0
20260811,25,114,2,34,84,2,6,0,0
20260811,25,115,2,35,197,2,7,0,0
20260811,25,116,2,36,458,2,8,0,0
20260811,25,117,2,37,479,2,9,0,0
20260811,25,118,2,38,361,2,10,0,0
20260811,25,119,2,39,246,2,11,0,0
20260811,25,120,2,40,185,2,12,0,0
20260811,25,121,2,41,63,2,13,0,0
20260811,25,122,2,42,22,2,14,0,0
20260811,25,123,2,43,17,2,15,0,0
20260811,25,124,2,44,16,2,16,0,0
20260811,25,125,2,45,15,2,17,0,0
20260811,25,126,2,46,10,2,18,0,0
20260811,25,127,2,47,4,2,19,0,0
20260811,25,128,2,48,7,2,20,0,0
20260811,25,129,2,49,11,2,21,0,0
20260811,25,130,2,50,8,2,22,0,0
20260811,25,131,2,51,5,2,23,0,0
20260811,25,132,2,52,3,2,24,0,0
20260811,25,133,2,53,4,2,25,0,0
20260811,25,134,2,54,5,2,26,0,0
20260811,25,135,2,55,8,2,27,0,0
20260811,25,136,2,56,9,2,28,0,0
20260811,25,137,2,57,11,2,29,0,0
20260811,25,138,2,58,13,2,30,0,0
20260811,25,139,2,59,26,2,31,0,0
20260811,25,140,2,60,8,2,32,0,0
20260811,25,141,3,1,878,2,33,0,0
20260811,25,142,3,2,247,2,34,0,0
20260811,25,143,3,3,163,2,35,0,0
20260811,25,144,3,4,109,2,36,0,0
20260811,25,145,3,5,57,2,37,0,0
20260811,25,146,3,6,39,2,38,0,0
20260811,25,147,3,7,32,2,39,0,0
20260811,25,148,3,8,34,2,40,0,0
20260811,25,149,3,9,25,2,41,0,0
20260811,25,150,3,10,31,2,42,0,0
20260811,25,151,3,11,39,2,43,0,0
20260811,25,152,3,12,28,2,44,0,0
20260811,25,153,3,13,33,2,45,0,0
20260811,25,154,3,14,16,2,46,0,0
20260811,25,155,3,15,25,2,47,0,0
20260811,25,156,3,16,16,2,48,0,0
20260811,25,157,3,17,15,2,49,0,0
20260811,25,158,3,18,12,2,50,0,0
20260811,25,159,3,19,11,2,51,0,0
20260811,25,160,3,20,13,2,52,0,0
20260811,25,161,3,21,11,2,53,0,0
20260811,25,162,3,22,7,2,54,0,0
20260811,25,163,3,23,9,2,55,0,0
20260811,25,164,3,24,8,2,56,0,0
20260811,25,165,3,25,10,2,57,0,0
20260811,25,166,3,26,16,2,58,0,0
20260811,25,167,3,27,17,2,59,0,0
20260811,25,168,3,28,19,2,60,0,0
20260811,25,169,3,29,21,2,61,0,0
20260811,25,170,3,30,23,2,62,0,0
20260811,25,171,3,31,21,2,63,0,0
20260811,25,172,3,32,23,2,64,0,0
20260811,25,173,3,33,14,2,65,0,0
20260811,25,174,3,34,15,2,66,0,0
20260811,25,175,3,35,20,2,67,0,0
20260811,25,176,3,36,30,2,68,0,0
20260811,25,177,3,37,118,2,69,0,0
20260811,25,178,3,38,337,2,70,0,0
20260811,25,179,3,39,441,2,71,0,0
20260811,25,180,3,40,276,2,72,0,0
20260811,25,181,3,41,207,2,73,0,0
20260811,25,182,3,42,198,2,74,0,0
20260811,25,183,3,43,203,2,75,0,0
20260811,25,184,3,44,184,2,76,0,0
20260811,25,185,3,45,86,2,77,0,0
20260811,25,186,3,46,50,2,78,0,0
20260811,25,187,3,47,34,2,79,0,0
20260811,25,188,3,48,23,2,80,0,0
20260811,25,189,3,49,24,2,81,0,0
20260811,25,190,3,50,20,2,82,0,0
20260811,25,191,3,51,16,2,83,0,0
20260811,25,192,3,52,12,2,84,0,0
20260811,25,193,3,53,8,2,85,0,0
20260811,25,194,3,54,7,2,86,0,0
20260811,25,195,3,55,8,2,87,0,0
20260811,25,196,3,56,9,2,88,0,0
20260811,25,197,3,57,5,2,89,0,0
20260811,25,198,3,58,5,2,90,0,0
20260811,25,199,3,59,7,2,91,0,0
20260811,25,200,3,60,8,2,92,0,0
20260811,25,201,4,1,887,2,93,0,0
20260811,25,202,4,2,175,2,94,0,0
20260811,25,203,4,3,132,2,95,0,0
20260811,25,204,4,4,85,2,96,0,0
20260811,25,205,4,5,56,2,97,0,0
20260811,25,206,4,6,50,2,98,0,0
20260811,25,207,4,7,49,2,99,0,0
20260811,25,208,4,8,42,2,100,0,0
20260811,25,209,4,9,35,2,101,0,0
20260811,25,210,4,10,20,2,102,0,0
20260811,25,211,4,11,21,2,103,0,0
20260811,25,212,4,12,19,2,104,0,0
20260811,25,213,4,13,13,2,105,0,0
20260811,25,214,4,14,13,2,106,0,0
20260811,25,215,4,15,12,2,107,0,0
20260811,25,216,4,16,12,2,108,0,0
20260811,25,217,4,17,11,2,109,0,0
20260811,25,218,4,18,12,2,110,0,0
20260811,25,219,4,19,13,2,111,0,0
20260811,25,220,4,20,12,2,112,0,0
20260811,25,221,4,21,8,2,113,0,0
20260811,25,222,4,22,5,2,114,0,0
20260811,25,223,4,23,12,2,115,0,0
20260811,25,224,4,24,10,2,116,0,0
20260811,25,225,4,25,7,2,117,0,0
20260811,25,226,4,26,5,2,118,0,0
20260811,25,227,4,27,11,2,119,0,0
20260811,25,228,4,28,8,2,120,0,0
20260811,25,229,4,29,7,2,121,0,0
20260811,25,230,4,30,13,2,122,0,0
20260811,25,231,4,31,12,2,123,0,0
20260811,25,232,4,32,18,2,124,0,0
20260811,25,233,4,33,25,2,125,0,0
20260811,25,234,4,34,35,2,126,0,0
20260811,25,235,4,35,78,2,127,0,0
20260811,25,236,4,36,269,2,128,0,0
20260811,25,237,4,37,553,2,129,0,0
20260811,25,238,4,38,472,2,130,0,0
20260811,25,239,4,39,234,2,131,0,0
20260811,25,240,4,40,99,2,132,0,0
20260811,25,241,4,41,42,2,133,0,0
20260811,25,242,4,42,38,2,134,0,0
20260811,25,243,4,43,32,2,135,0,0
20260811,25,244,4,44,37,2,136,0,0
20260811,25,245,4,45,27,2,137,0,0
20260811,25,246,4,46,38,2,138,0,0
20260811,25,247,4,47,34,2,139,0,0
20260811,25,248,4,48,28,2,140,0,0
20260811,25,249,4,49,27,2,141,0,0
20260811,25,250,4,50,34,2,142,0,0
20260811,25,251,4,51,17,2,143,0,0
20260811,25,252,4,52,36,2,144,0,0
20260811,25,253,4,53,31,2,145,0,0
20260811,25,254,4,54,45,2,146,0,0
20260811,25,255,4,55,37,2,147,0,0
20260811,25,256,4,56,82,2,148,0,0
20260811,25,257,4,57,131,2,149,0,0
20260811,25,258,4,58,178,2,150,0,0
20260811,25,259,4,59,177,2,151,0,0
20260811,25,260,4,60,173,2,152,0,0
20260811,25,261,5,1,658,2,153,0,0
20260811,25,262,5,2,552,2,154,0,0
20260811,25,263,5,3,189,2,155,0,0
20260811,25,264,5,4,100,2,156,0,0
20260811,25,265,5,5,66,2,157,0,0
20260811,25,266,5,6,43,2,158,0,0
20260811,25,267,5,7,48,2,159,0,0
20260811,25,268,5,8,48,2,160,0,0
20260811,25,269,5,9,51,2,161,0,0
20260811,25,270,5,10,30,2,162,0,0
20260811,25,271,5,11,29,2,163,0,0
20260811,25,272,5,12,25,2,164,0,0
20260811,25,273,5,13,28,2,165,0,0
20260811,25,274,5,14,27,2,166,0,0
20260811,25,275,5,15,27,2,167,0,0
20260811,25,276,5,16,16,2,168,0,0
20260811,25,277,5,17,11,2,169,0,0
20260811,25,278,5,18,18,2,170,0,0
20260811,25,279,5,19,19,2,171,0,0
20260811,25,280,5,20,13,2,172,0,0
20260811,25,281,5,21,17,2,173,0,0
20260811,25,282,5,22,14,2,174,0,0
20260811,25,283,5,23,14,2,175,0,0
20260811,25,284,5,24,11,2,176,0,0
20260811,25,285,5,25,7,2,177,0,0
20260811,25,286,5,26,16,2,178,0,0
20260811,25,287,5,27,14,2,179,0,0
20260811,25,288,5,28,17,2,180,0,0
20260811,25,289,5,29,24,2,181,0,0
20260811,25,290,5,30,32,2,182,0,0
20260811,25,291,5,31,49,2,183,0,0
20260811,25,292,5,32,78,2,184,0,0
20260811,25,293,5,33,145,2,185,0,0
20260811,25,294,5,34,313,2,186,0,0
20260811,25,295,5,35,460,2,187,0,0
20260811,25,296,5,36,401,2,188,0,0
20260811,25,297,5,37,209,2,189,0,0
20260811,25,298,5,38,160,2,190,0,0
20260811,25,299,5,39,132,2,191,0,0
20260811,25,300,5,40,67,2,192,0,0
20260811,25,301,5,41,28,2,193,0,0
20260811,25,302,5,42,23,2,194,0,0
20260811,25,303,5,43,34,2,195,0,0
20260811,25,304,5,44,34,2,196,0,0
20260811,25,305,5,45,31,2,197,0,0
20260811,25,306,5,46,19,2,198,0,0
20260811,25,307,5,47,24,2,199,0,0
20260811,25,308,5,48,26,2,200,0,0
20260811,25,309,5,49,27,2,201,0,0
20260811,25,310,5,50,22,2,202,0,0
20260811,25,311,5,51,15,2,203,0,0
20260811,25,312,5,52,17,2,204,0,0
20260811,25,313,5,53,10,2,205,0,0
20260811,25,314,5,54,10,2,206,0,0
20260811,25,315,5,55,8,2,207,0,0
20260811,25,316,5,56,2,2,208,0,0
20260811,25,317,5,57,5,2,209,0,0
20260811,25,318,5,58,2,2,210,0,0
20260811,25,319,5,59,1,1,0,1,0
20260811,25,320,5,60,0,0,0,1,1
20260811,26,1,1,1,173,130,1,0,0
20260811,26,2,1,2,139,130,2,0,0
20260811,26,3,1,3,81,81,0,1,0
20260811,26,4,1,4,78,78,0,1,0
20260811,26,5,1,5,64,64,0,1,0
20260811,26,6,1,6,48,48,0,1,0
20260811,26,7,1,7,49,48,1,0,0
20260811,26,8,1,8,44,44,0,1,0
20260811,26,9,1,9,44,44,1,0,0
20260811,26,10,1,10,41,41,0,1,0
20260811,26,11,1,11,33,33,0,1,0
20260811,26,12,1,12,27,27,0,1,0
20260811,26,13,1,13,29,27,1,0,0
20260811,26,14,1,14,19,19,0,1,0
20260811,26,15,1,15,21,19,1,0,0
20260811,26,16,1,16,26,19,2,0,0
20260811,26,17,1,17,20,19,3,0,0
20260811,26,18,1,18,23,19,4,0,0
20260811,26,19,1,19,24,19,5,0,0
20260811,26,20,1,20,22,19,6,0,0
20260811,26,21,1,21,15,15,0,1,0
20260811,26,22,1,22,20,15,1,0,0
20260811,26,23,1,23,17,15,2,0,0
20260811,26,24,1,24,17,15,3,0,0
20260811,26,25,1,25,18,15,4,0,0
20260811,26,26,1,26,16,15,5,0,0
20260811,26,27,1,27,12,12,0,1,0
20260811,26,28,1,28,16,12,1,0,0
20260811,26,29,1,29,22,12,2,0,0
20260811,26,30,1,30,23,12,3,0,0
20260811,26,31,1,31,19,12,4,0,0
20260811,26,32,1,32,16,12,5,0,0
20260811,26,33,1,33,17,12,6,0,0
20260811,26,34,1,34,17,12,7,0,0
20260811,26,35,1,35,23,12,8,0,0
20260811,26,36,1,36,13,12,9,0,0
20260811,26,37,1,37,18,12,10,0,0
20260811,26,38,1,38,16,12,11,0,0
20260811,26,39,1,39,19,12,12,0,0
20260811,26,40,1,40,6,6,0,1,0
20260811,26,41,1,41,9,6,1,0,0
20260811,26,42,1,42,19,6,2,0,0
20260811,26,43,1,43,14,6,3,0,0
20260811,26,44,1,44,13,6,4,0,0
20260811,26,45,1,45,11,6,5,0,0
20260811,26,46,1,46,13,6,6,0,0
20260811,26,47,1,47,10,6,7,0,0
20260811,26,48,1,48,8,6,8,0,0
20260811,26,49,1,49,13,6,9,0,0
20260811,26,50,1,50,13,6,10,0,0
20260811,26,51,1,51,12,6,11,0,0
20260811,26,52,1,52,9,6,12,0,0
20260811,26,53,1,53,12,6,13,0,0
20260811,26,54,1,54,12,6,14,0,0
20260811,26,55,1,55,13,6,15,0,0
20260811,26,56,1,56,12,6,16,0,0
20260811,26,57,1,57,13,6,17,0,0
20260811,26,58,1,58,11,6,18,0,0
20260811,26,59,1,59,15,6,19,0,0
20260811,26,60,1,60,6,6,20,0,0
20260811,26,61,1,61,9,6,21,0,0
20260811,26,62,1,62,13,6,22,0,0
20260811,26,63,1,63,10,6,23,0,0
20260811,26,64,1,64,13,6,24,0,0
20260811,26,65,1,65,14,6,25,0,0
20260811,26,66,1,66,8,6,26,0,0
20260811,26,67,1,67,6,6,27,0,0
20260811,26,68,1,68,11,6,28,0,0
20260811,26,69,1,69,6,6,29,0,0
20260811,26,70,1,70,8,6,30,0,0
20260811,26,71,1,71,7,6,31,0,0
20260811,26,72,1,72,7,6,32,0,0
20260811,26,73,1,73,7,6,33,0,0
20260811,26,74,1,74,4,4,0,1,0
20260811,26,75,1,75,5,4,1,0,0
20260811,26,76,1,76,4,4,2,0,0
20260811,26,77,1,77,2,2,0,1,0
20260811,26,78,1,78,3,2,1,0,0
20260811,26,79,1,79,5,2,2,0,0
20260811,26,80,1,80,4,2,3,0,0
20260811,26,81,2,1,846,2,4,0,0
20260811,26,82,2,2,830,2,5,0,0
20260811,26,83,2,3,852,2,6,0,0
20260811,26,84,2,4,638,2,7,0,0
20260811,26,85,2,5,829,2,8,0,0
20260811,26,86,2,6,808,2,9,0,0
20260811,26,87,2,7,737,2,10,0,0
20260811,26,88,2,8,112,2,11,0,0
20260811,26,89,2,9,52,2,12,0,0
20260811,26,90,2,10,34,2,13,0,0
20260811,26,91,2,11,28,2,14,0,0
20260811,26,92,2,12,28,2,15,0,0
20260811,26,93,2,13,29,2,16,0,0
20260811,26,94,2,14,24,2,17,0,0
20260811,26,95,2,15,19,2,18,0,0
20260811,26,96,2,16,20,2,19,0,0
20260811,26,97,2,17,19,2,20,0,0
20260811,26,98,2,18,14,2,21,0,0
20260811,26,99,2,19,13,2,22,0,0
20260811,26,100,2,20,8,2,23,0,0
20260811,26,101,2,21,4,2,24,0,0
20260811,26,102,2,22,13,2,25,0,0
20260811,26,103,2,23,15,2,26,0,0
20260811,26,104,2,24,7,2,27,0,0
20260811,26,105,2,25,10,2,28,0,0
20260811,26,106,2,26,10,2,29,0,0
20260811,26,107,2,27,15,2,30,0,0
20260811,26,108,2,28,15,2,31,0,0
20260811,26,109,2,29,12,2,32,0,0
20260811,26,110,2,30,21,2,33,0,0
20260811,26,111,2,31,15,2,34,0,0
20260811,26,112,2,32,10,2,35,0,0
20260811,26,113,2,33,19,2,36,0,0
20260811,26,114,2,34,26,2,37,0,0
20260811,26,115,2,35,73,2,38,0,0
20260811,26,116,2,36,146,2,39,0,0
20260811,26,117,2,37,281,2,40,0,0
20260811,26,118,2,38,424,2,41,0,0
20260811,26,119,2,39,510,2,42,0,0
20260811,26,120,2,40,207,2,43,0,0
20260811,26,121,2,41,104,2,44,0,0
20260811,26,122,2,42,52,2,45,0,0
20260811,26,123,2,43,22,2,46,0,0
20260811,26,124,2,44,12,2,47,0,0
20260811,26,125,2,45,11,2,48,0,0
20260811,26,126,2,46,5,2,49,0,0
20260811,26,127,2,47,9,2,50,0,0
20260811,26,128,2,48,7,2,51,0,0
20260811,26,129,2,49,10,2,52,0,0
20260811,26,130,2,50,6,2,53,0,0
20260811,26,131,2,51,12,2,54,0,0
20260811,26,132,2,52,5,2,55,0,0
20260811,26,133,2,53,10,2,56,0,0
20260811,26,134,2,54,4,2,57,0,0
20260811,26,135,2,55,7,2,58,0,0
20260811,26,136,2,56,5,2,59,0,0
20260811,26,137,2,57,14,2,60,0,0
20260811,26,138,2,58,23,2,61,0,0
20260811,26,139,2,59,52,2,62,0,0
20260811,26,140,2,60,148,2,63,0,0
20260811,26,141,3,1,896,2,64,0,0
20260811,26,142,3,2,313,2,65,0,0
20260811,26,143,3,3,56,2,66,0,0
20260811,26,144,3,4,39,2,67,0,0
20260811,26,145,3,5,32,2,68,0,0
20260811,26,146,3,6,26,2,69,0,0
20260811,26,147,3,7,22,2,70,0,0
20260811,26,148,3,8,15,2,71,0,0
20260811,26,149,3,9,4,2,72,0,0
20260811,26,150,3,10,1,1,0,1,0
20260811,26,151,3,11,2,1,1,0,0
20260811,26,152,3,12,11,1,2,0,0
20260811,26,153,3,13,11,1,3,0,0
20260811,26,154,3,14,6,1,4,0,0
20260811,26,155,3,15,2,1,5,0,0
20260811,26,156,3,16,2,1,6,0,0
20260811,26,157,3,17,1,1,7,0,0
20260811,26,158,3,18,2,1,8,0,0
20260811,26,159,3,19,1,1,9,0,0
20260811,26,160,3,20,2,1,10,0,0
20260811,26,161,3,21,2,1,11,0,0
20260811,26,162,3,22,6,1,12,0,0
20260811,26,163,3,23,3,1,13,0,0
20260811,26,164,3,24,2,1,14,0,0
20260811,26,165,3,25,10,1,15,0,0
20260811,26,166,3,26,15,1,16,0,0
20260811,26,167,3,27,29,1,17,0,0
20260811,26,168,3,28,65,1,18,0,0
20260811,26,169,3,29,138,1,19,0,0
20260811,26,170,3,30,305,1,20,0,0
20260811,26,171,3,31,296,1,21,0,0
20260811,26,172,3,32,301,1,22,0,0
20260811,26,173,3,33,237,1,23,0,0
20260811,26,174,3,34,245,1,24,0,0
20260811,26,175,3,35,239,1,25,0,0
20260811,26,176,3,36,195,1,26,0,0
20260811,26,177,3,37,130,1,27,0,0
20260811,26,178,3,38,31,1,28,0,0
20260811,26,179,3,39,17,1,29,0,0
20260811,26,180,3,40,13,1,30,0,0
20260811,26,181,3,41,11,1,31,0,0
20260811,26,182,3,42,9,1,32,0,0
20260811,26,183,3,43,16,1,33,0,0
20260811,26,184,3,44,11,1,34,0,0
20260811,26,185,3,45,7,1,35,0,0
20260811,26,186,3,46,11,1,36,0,0
20260811,26,187,3,47,6,1,37,0,0
20260811,26,188,3,48,7,1,38,0,0
20260811,26,189,3,49,9,1,39,0,0
20260811,26,190,3,50,9,1,40,0,0
20260811,26,191,3,51,12,1,41,0,0
20260811,26,192,3,52,20,1,42,0,0
20260811,26,193,3,53,23,1,43,0,0
20260811,26,194,3,54,28,1,44,0,0
20260811,26,195,3,55,73,1,45,0,0
20260811,26,196,3,56,153,1,46,0,0
20260811,26,197,3,57,283,1,47,0,0
20260811,26,198,3,58,244,1,48,0,0
20260811,26,199,3,59,225,1,49,0,0
20260811,26,200,3,60,204,1,50,0,0
20260811,26,201,4,1,683,1,51,0,0
20260811,26,202,4,2,600,1,52,0,0
20260811,26,203,4,3,121,1,53,0,0
20260811,26,204,4,4,55,1,54,0,0
20260811,26,205,4,5,35,1,55,0,0
20260811,26,206,4,6,30,1,56,0,0
20260811,26,207,4,7,25,1,57,0,0
20260811,26,208,4,8,17,1,58,0,0
20260811,26,209,4,9,23,1,59,0,0
20260811,26,210,4,10,13,1,60,0,0
20260811,26,211,4,11,17,1,61,0,0
20260811,26,212,4,12,10,1,62,0,0
20260811,26,213,4,13,10,1,63,0,0
20260811,26,214,4,14,3,1,64,0,0
20260811,26,215,4,15,5,1,65,0,0
20260811,26,216,4,16,6,1,66,0,0
20260811,26,217,4,17,7,1,67,0,0
20260811,26,218,4,18,6,1,68,0,0
20260811,26,219,4,19,5,1,69,0,0
20260811,26,220,4,20,7,1,70,0,0
20260811,26,221,4,21,6,1,71,0,0
20260811,26,222,4,22,9,1,72,0,0
20260811,26,223,4,23,12,1,73,0,0
20260811,26,224,4,24,15,1,74,0,0
20260811,26,225,4,25,19,1,75,0,0
20260811,26,226,4,26,34,1,76,0,0
20260811,26,227,4,27,45,1,77,0,0
20260811,26,228,4,28,137,1,78,0,0
20260811,26,229,4,29,357,1,79,0,0
20260811,26,230,4,30,593,1,80,0,0
20260811,26,231,4,31,311,1,81,0,0
20260811,26,232,4,32,229,1,82,0,0
20260811,26,233,4,33,148,1,83,0,0
20260811,26,234,4,34,106,1,84,0,0
20260811,26,235,4,35,33,1,85,0,0
20260811,26,236,4,36,20,1,86,0,0
20260811,26,237,4,37,10,1,87,0,0
20260811,26,238,4,38,11,1,88,0,0
20260811,26,239,4,39,10,1,89,0,0
20260811,26,240,4,40,11,1,90,0,0
20260811,26,241,4,41,8,1,91,0,0
20260811,26,242,4,42,8,1,92,0,0
20260811,26,243,4,43,12,1,93,0,0
20260811,26,244,4,44,14,1,94,0,0
20260811,26,245,4,45,8,1,95,0,0
20260811,26,246,4,46,13,1,96,0,0
20260811,26,247,4,47,18,1,97,0,0
20260811,26,248,4,48,18,1,98,0,0
20260811,26,249,4,49,12,1,99,0,0
20260811,26,250,4,50,13,1,100,0,0
20260811,26,251,4,51,9,1,101,0,0
20260811,26,252,4,52,9,1,102,0,0
20260811,26,253,4,53,9,1,103,0,0
20260811,26,254,4,54,17,1,104,0,0
20260811,26,255,4,55,14,1,105,0,0
20260811,26,256,4,56,12,1,106,0,0
20260811,26,257,4,57,29,1,107,0,0
20260811,26,258,4,58,57,1,108,0,0
20260811,26,259,4,59,149,1,109,0,0
20260811,26,260,4,60,304,1,110,0,0
20260811,26,261,5,1,853,1,111,0,0
20260811,26,262,5,2,659,1,112,0,0
20260811,26,263,5,3,96,1,113,0,0
20260811,26,264,5,4,52,1,114,0,0
20260811,26,265,5,5,29,1,115,0,0
20260811,26,266,5,6,30,1,116,0,0
20260811,26,267,5,7,31,1,117,0,0
20260811,26,268,5,8,24,1,118,0,0
20260811,26,269,5,9,16,1,119,0,0
20260811,26,270,5,10,21,1,120,0,0
20260811,26,271,5,11,17,1,121,0,0
20260811,26,272,5,12,10,1,122,0,0
20260811,26,273,5,13,12,1,123,0,0
20260811,26,274,5,14,12,1,124,0,0
20260811,26,275,5,15,5,1,125,0,0
20260811,26,276,5,16,4,1,126,0,0
20260811,26,277,5,17,3,1,127,0,0
20260811,26,278,5,18,3,1,128,0,0
20260811,26,279,5,19,8,1,129,0,0
20260811,26,280,5,20,5,1,130,0,0
20260811,26,281,5,21,3,1,131,0,0
20260811,26,282,5,22,6,1,132,0,0
20260811,26,283,5,23,3,1,133,0,0
20260811,26,284,5,24,2,1,134,0,0
20260811,26,285,5,25,7,1,135,0,0
20260811,26,286,5,26,14,1,136,0,0
20260811,26,287,5,27,17,1,137,0,0
20260811,26,288,5,28,28,1,138,0,0
20260811,26,289,5,29,38,1,139,0,0
20260811,26,290,5,30,69,1,140,0,0
20260811,26,291,5,31,184,1,141,0,0
20260811,26,292,5,32,310,1,142,0,0
20260811,26,293,5,33,216,1,143,0,0
20260811,26,294,5,34,245,1,144,0,0
20260811,26,295,5,35,241,1,145,0,0
20260811,26,296,5,36,252,1,146,0,0
20260811,26,297,5,37,232,1,147,0,0
20260811,26,298,5,38,186,1,148,0,0
20260811,26,299,5,39,161,1,149,0,0
20260811,26,300,5,40,65,1,150,0,0
20260811,26,301,5,41,29,1,151,0,0
20260811,26,302,5,42,23,1,152,0,0
20260811,26,303,5,43,17,1,153,0,0
20260811,26,304,5,44,17,1,154,0,0
20260811,26,305,5,45,16,1,155,0,0
20260811,26,306,5,46,12,1,156,0,0
20260811,26,307,5,47,7,1,157,0,0
20260811,26,308,5,48,9,1,158,0,0
20260811,26,309,5,49,8,1,159,0,0
20260811,26,310,5,50,8,1,160,0,0
20260811,26,311,5,51,2,1,161,0,0
20260811,26,312,5,52,4,1,162,0,0
20260811,26,313,5,53,2,1,163,0,0
20260811,26,314,5,54,2,1,164,0,0
20260811,26,315,5,55,1,1,165,0,0
20260811,26,316,5,56,3,1,166,0,0
20260811,26,317,5,57,6,1,167,0,0
20260811,26,318,5,58,4,1,168,0,0
20260811,26,319,5,59,3,1,169,0,0
20260811,26,320,5,60,6,1,170,0,0
20260811,26,321,6,1,833,1,171,0,0
20260811,26,322,6,2,208,1,172,0,0
20260811,26,323,6,3,99,1,173,0,0
20260811,26,324,6,4,55,1,174,0,0
20260811,26,325,6,5,44,1,175,0,0
20260811,26,326,6,6,42,1,176,0,0
20260811,26,327,6,7,22,1,177,0,0
20260811,26,328,6,8,20,1,178,0,0
20260811,26,329,6,9,24,1,179,0,0
20260811,26,330,6,10,17,1,180,0,0
20260811,26,331,6,11,17,1,181,0,0
20260811,26,332,6,12,19,1,182,0,0
20260811,26,333,6,13,12,1,183,0,0
20260811,26,334,6,14,16,1,184,0,0
20260811,26,335,6,15,15,1,185,0,0
20260811,26,336,6,16,8,1,186,0,0
20260811,26,337,6,17,9,1,187,0,0
20260811,26,338,6,18,13,1,188,0,0
20260811,26,339,6,19,16,1,189,0,0
20260811,26,340,6,20,10,1,190,0,0
20260811,26,341,6,21,9,1,191,0,0
20260811,26,342,6,22,7,1,192,0,0
20260811,26,343,6,23,10,1,193,0,0
20260811,26,344,6,24,13,1,194,0,0
20260811,26,345,6,25,13,1,195,0,0
20260811,26,346,6,26,17,1,196,0,0
20260811,26,347,6,27,21,1,197,0,0
20260811,26,348,6,28,42,1,198,0,0
20260811,26,349,6,29,76,1,199,0,0
20260811,26,350,6,30,206,1,200,0,0
20260811,26,351,6,31,398,1,201,0,0
20260811,26,352,6,32,297,1,202,0,0
20260811,26,353,6,33,196,1,203,0,0
20260811,26,354,6,34,173,1,204,0,0
20260811,26,355,6,35,166,1,205,0,0
20260811,26,356,6,36,181,1,206,0,0
20260811,26,357,6,37,124,1,207,0,0
20260811,26,358,6,38,58,1,208,0,0
20260811,26,359,6,39,43,1,209,0,0
20260811,26,360,6,40,28,1,210,0,0
20260811,26,361,6,41,22,1,211,0,0
20260811,26,362,6,42,16,1,212,0,0
20260811,26,363,6,43,15,1,213,0,0
20260811,26,364,6,44,8,1,214,0,0
20260811,26,365,6,45,12,1,215,0,0
20260811,26,366,6,46,16,1,216,0,0
20260811,26,367,6,47,15,1,217,0,0
20260811,26,368,6,48,7,1,218,0,0
20260811,26,369,6,49,16,1,219,0,0
20260811,26,370,6,50,9,1,220,0,0
20260811,26,371,6,51,6,1,221,0,0
20260811,26,372,6,52,5,1,222,0,0
20260811,26,373,6,53,1,1,223,0,0
20260811,26,374,6,54,7,1,224,0,0
20260811,26,375,6,55,4,1,225,0,0
20260811,26,376,6,56,8,1,226,0,0
20260811,26,377,6,57,3,1,227,0,0
20260811,26,378,6,58,3,1,228,0,0
20260811,26,379,6,59,2,1,229,0,0
20260811,26,380,6,60,5,1,230,0,0
20260811,26,381,7,1,867,1,231,0,0
20260811,26,382,7,2,173,1,232,0,0
20260811,26,383,7,3,73,1,233,0,0
20260811,26,384,7,4,77,1,234,0,0
20260811,26,385,7,5,57,1,235,0,0
20260811,26,386,7,6,55,1,236,0,0
20260811,26,387,7,7,47,1,237,0,0
20260811,26,388,7,8,35,1,238,0,0
20260811,26,389,7,9,47,1,239,0,0
20260811,26,390,7,10,45,1,240,0,0
20260811,26,391,7,11,30,1,241,0,0
20260811,26,392,7,12,19,1,242,0,0
20260811,26,393,7,13,15,1,243,0,0
20260811,26,394,7,14,9,1,244,0,0
20260811,26,395,7,15,11,1,245,0,0
20260811,26,396,7,16,9,1,246,0,0
20260811,26,397,7,17,9,1,247,0,0
20260811,26,398,7,18,2,1,248,0,0
20260811,26,399,7,19,1,1,249,0,0
20260811,26,400,7,20,2,1,250,0,0
20260811,26,401,7,21,5,1,251,0,0
20260811,26,402,7,22,2,1,252,0,0
20260811,26,403,7,23,5,1,253,0,0
20260811,26,404,7,24,3,1,254,0,0
20260811,26,405,7,25,6,1,255,0,0
20260811,26,406,7,26,7,1,256,0,0
20260811,26,407,7,27,9,1,257,0,0
20260811,26,408,7,28,6,1,258,0,0
20260811,26,409,7,29,10,1,259,0,0
20260811,26,410,7,30,11,1,260,0,0
20260811,26,411,7,31,6,1,261,0,0
20260811,26,412,7,32,12,1,262,0,0
20260811,26,413,7,33,5,1,263,0,0
20260811,26,414,7,34,25,1,264,0,0
20260811,26,415,7,35,65,1,265,0,0
20260811,26,416,7,36,171,1,266,0,0
20260811,26,417,7,37,436,1,267,0,0
20260811,26,418,7,38,753,1,268,0,0
20260811,26,419,7,39,370,1,269,0,0
20260811,26,420,7,40,61,1,270,0,0
20260811,26,421,7,41,38,1,271,0,0
20260811,26,422,7,42,15,1,272,0,0
20260811,26,423,7,43,11,1,273,0,0
20260811,26,424,7,44,13,1,274,0,0
20260811,26,425,7,45,10,1,275,0,0
20260811,26,426,7,46,12,1,276,0,0
20260811,26,427,7,47,11,1,277,0,0
20260811,26,428,7,48,5,1,278,0,0
20260811,26,429,7,49,7,1,279,0,0
20260811,26,430,7,50,10,1,280,0,0
20260811,26,431,7,51,10,1,281,0,0
20260811,26,432,7,52,5,1,282,0,0
20260811,26,433,7,53,2,1,283,0,0
20260811,26,434,7,54,3,1,284,0,0
20260811,26,435,7,55,11,1,285,0,0
20260811,26,436,7,56,6,1,286,0,0
20260811,26,437,7,57,9,1,287,0,0
20260811,26,438,7,58,9,1,288,0,0
20260811,26,439,7,59,18,1,289,0,0
20260811,26,440,7,60,23,1,290,0,0
20260811,26,441,8,1,841,1,291,0,0
20260811,26,442,8,2,175,1,292,0,0
20260811,26,443,8,3,50,1,293,0,0
20260811,26,444,8,4,28,1,294,0,0
20260811,26,445,8,5,23,1,295,0,0
20260811,26,446,8,6,28,1,296,0,0
20260811,26,447,8,7,18,1,297,0,0
20260811,26,448,8,8,17,1,298,0,0
20260811,26,449,8,9,21,1,299,0,0
20260811,26,450,8,10,16,1,300,0,0
20260811,26,451,8,11,6,1,301,0,0
20260811,26,452,8,12,10,1,302,0,0
20260811,26,453,8,13,13,1,303,0,0
20260811,26,454,8,14,6,1,304,0,0
20260811,26,455,8,15,8,1,305,0,0
20260811,26,456,8,16,7,1,306,0,0
20260811,26,457,8,17,3,1,307,0,0
20260811,26,458,8,18,4,1,308,0,0
20260811,26,459,8,19,8,1,309,0,0
20260811,26,460,8,20,5,1,310,0,0
20260811,26,461,8,21,4,1,311,0,0
20260811,26,462,8,22,3,1,312,0,0
20260811,26,463,8,23,8,1,313,0,0
20260811,26,464,8,24,8,1,314,0,0
20260811,26,465,8,25,7,1,315,0,0
20260811,26,466,8,26,10,1,316,0,0
20260811,26,467,8,27,13,1,317,0,0
20260811,26,468,8,28,18,1,318,0,0
20260811,26,469,8,29,34,1,319,0,0
20260811,26,470,8,30,78,1,320,0,0
20260811,26,471,8,31,171,1,321,0,0
20260811,26,472,8,32,274,1,322,0,0
20260811,26,473,8,33,247,1,323,0,0
20260811,26,474,8,34,291,1,324,0,0
20260811,26,475,8,35,286,1,325,0,0
20260811,26,476,8,36,265,1,326,0,0
20260811,26,477,8,37,164,1,327,0,0
20260811,26,478,8,38,117,1,328,0,0
20260811,26,479,8,39,48,1,329,0,0
20260811,26,480,8,40,21,1,330,0,0
20260811,26,481,8,41,12,1,331,0,0
20260811,26,482,8,42,17,1,332,0,0
20260811,26,483,8,43,17,1,333,0,0
20260811,26,484,8,44,15,1,334,0,0
20260811,26,485,8,45,9,1,335,0,0
20260811,26,486,8,46,11,1,336,0,0
20260811,26,487,8,47,10,1,337,0,0
20260811,26,488,8,48,10,1,338,0,0
20260811,26,489,8,49,15,1,339,0,0
20260811,26,490,8,50,10,1,340,0,0
20260811,26,491,8,51,17,1,341,0,0
20260811,26,492,8,52,14,1,342,0,0
20260811,26,493,8,53,15,1,343,0,0
20260811,26,494,8,54,11,1,344,0,0
20260811,26,495,8,55,13,1,345,0,0
20260811,26,496,8,56,23,1,346,0,0
20260811,26,497,8,57,30,1,347,0,0
20260811,26,498,8,58,53,1,348,0,0
20260811,26,499,8,59,76,1,349,0,0
20260811,26,500,8,60,90,1,350,0,0
20260811,26,501,9,1,774,1,351,0,0
20260811,26,502,9,2,354,1,352,0,0
20260811,26,503,9,3,102,1,353,0,0
20260811,26,504,9,4,42,1,354,0,0
20260811,26,505,9,5,50,1,355,0,0
20260811,26,506,9,6,27,1,356,0,0
20260811,26,507,9,7,17,1,357,0,0
20260811,26,508,9,8,20,1,358,0,0
20260811,26,509,9,9,15,1,359,0,0
20260811,26,510,9,10,11,1,360,0,0
20260811,26,511,9,11,19,1,361,0,0
20260811,26,512,9,12,17,1,362,0,0
20260811,26,513,9,13,10,1,363,0,0
20260811,26,514,9,14,9,1,364,0,0
20260811,26,515,9,15,14,1,365,0,0
20260811,26,516,9,16,11,1,366,0,0
20260811,26,517,9,17,6,1,367,0,0
20260811,26,518,9,18,5,1,368,0,0
20260811,26,519,9,19,2,1,369,0,0
20260811,26,520,9,20,3,1,370,0,0
20260811,26,521,9,21,7,1,371,0,0
20260811,26,522,9,22,5,1,372,0,0
20260811,26,523,9,23,11,1,373,0,0
20260811,26,524,9,24,19,1,374,0,0
20260811,26,525,9,25,27,1,375,0,0
20260811,26,526,9,26,44,1,376,0,0
20260811,26,527,9,27,69,1,377,0,0
20260811,26,528,9,28,161,1,378,0,0
20260811,26,529,9,29,243,1,379,0,0
20260811,26,530,9,30,256,1,380,0,0
20260811,26,531,9,31,254,1,381,0,0
20260811,26,532,9,32,250,1,382,0,0
20260811,26,533,9,33,217,1,383,0,0
20260811,26,534,9,34,220,1,384,0,0
20260811,26,535,9,35,196,1,385,0,0
20260811,26,536,9,36,131,1,386,0,0
20260811,26,537,9,37,37,1,387,0,0
20260811,26,538,9,38,12,1,388,0,0
20260811,26,539,9,39,8,1,389,0,0
20260811,26,540,9,40,12,1,390,0,0
20260811,26,541,9,41,7,1,391,0,0
20260811,26,542,9,42,11,1,392,0,0
20260811,26,543,9,43,14,1,393,0,0
20260811,26,544,9,44,10,1,394,0,0
20260811,26,545,9,45,3,1,395,0,0
20260811,26,546,9,46,3,1,396,0,0
20260811,26,547,9,47,9,1,397,0,0
20260811,26,548,9,48,9,1,398,0,0
20260811,26,549,9,49,17,1,399,0,0
20260811,26,550,9,50,12,1,400,0,0
20260811,26,551,9,51,7,1,401,0,0
20260811,26,552,9,52,7,1,402,0,0
20260811,26,553,9,53,3,1,403,0,0
20260811,26,554,9,54,3,1,404,0,0
20260811,26,555,9,55,9,1,405,0,0
20260811,26,556,9,56,10,1,406,0,0
20260811,26,557,9,57,21,1,407,0,0
20260811,26,558,9,58,86,1,408,0,0
20260811,26,559,9,59,237,1,409,0,0
20260811,26,560,9,60,482,1,410,0,0
20260811,26,561,10,1,891,1,411,0,0
20260811,26,562,10,2,640,1,412,0,0
20260811,26,563,10,3,109,1,413,0,0
20260811,26,564,10,4,60,1,414,0,0
20260811,26,565,10,5,49,1,415,0,0
20260811,26,566,10,6,38,1,416,0,0
20260811,26,567,10,7,25,1,417,0,0
20260811,26,568,10,8,13,1,418,0,0
20260811,26,569,10,9,14,1,419,0,0
20260811,26,570,10,10,17,1,420,0,0
20260811,26,571,10,11,22,1,421,0,0
20260811,26,572,10,12,8,1,422,0,0
20260811,26,573,10,13,14,1,423,0,0
20260811,26,574,10,14,7,1,424,0,0
20260811,26,575,10,15,10,1,425,0,0
20260811,26,576,10,16,9,1,426,0,0
20260811,26,577,10,17,11,1,427,0,0
20260811,26,578,10,18,9,1,428,0,0
20260811,26,579,10,19,7,1,429,0,0
20260811,26,580,10,20,10,1,430,0,0
20260811,26,581,10,21,12,1,431,0,0
20260811,26,582,10,22,7,1,432,0,0
20260811,26,583,10,23,8,1,433,0,0
20260811,26,584,10,24,7,1,434,0,0
20260811,26,585,10,25,8,1,435,0,0
20260811,26,586,10,26,10,1,436,0,0
20260811,26,587,10,27,8,1,437,0,0
20260811,26,588,10,28,13,1,438,0,0
20260811,26,589,10,29,14,1,439,0,0
20260811,26,590,10,30,19,1,440,0,0
20260811,26,591,10,31,15,1,441,0,0
20260811,26,592,10,32,27,1,442,0,0
20260811,26,593,10,33,52,1,443,0,0
20260811,26,594,10,34,101,1,444,0,0
20260811,26,595,10,35,313,1,445,0,0
20260811,26,596,10,36,565,1,446,0,0
20260811,26,597,10,37,329,1,447,0,0
20260811,26,598,10,38,144,1,448,0,0
20260811,26,599,10,39,36,1,449,0,0
20260811,26,600,10,40,14,1,450,0,0
20260811,26,601,10,41,7,1,451,0,0
20260811,26,602,10,42,11,1,452,0,0
20260811,26,603,10,43,9,1,453,0,0
20260811,26,604,10,44,15,1,454,0,0
20260811,26,605,10,45,7,1,455,0,0
20260811,26,606,10,46,6,1,456,0,0
20260811,26,607,10,47,3,1,457,0,0
20260811,26,608,10,48,4,1,458,0,0
20260811,26,609,10,49,5,1,459,0,0
20260811,26,610,10,50,5,1,460,0,0
20260811,26,611,10,51,6,1,461,0,0
20260811,26,612,10,52,5,1,462,0,0
20260811,26,613,10,53,4,1,463,0,0
20260811,26,614,10,54,4,1,464,0,0
20260811,26,615,10,55,7,1,465,0,0
20260811,26,616,10,56,4,1,466,0,0
20260811,26,617,10,57,9,1,467,0,0
20260811,26,618,10,58,18,1,468,0,0
20260811,26,619,10,59,21,1,469,0,0
20260811,26,620,10,60,57,1,470,0,0
20260811,26,621,11,1,891,1,471,0,0
20260811,26,622,11,2,189,1,472,0,0
20260811,26,623,11,3,48,1,473,0,0
20260811,26,624,11,4,25,1,474,0,0
20260811,26,625,11,5,12,1,475,0,0
20260811,26,626,11,6,10,1,476,0,0
20260811,26,627,11,7,12,1,477,0,0
20260811,26,628,11,8,8,1,478,0,0
20260811,26,629,11,9,9,1,479,0,0
20260811,26,630,11,10,7,1,480,0,0
20260811,26,631,11,11,15,1,481,0,0
20260811,26,632,11,12,17,1,482,0,0
20260811,26,633,11,13,19,1,483,0,0
20260811,26,634,11,14,9,1,484,0,0
20260811,26,635,11,15,6,1,485,0,0
20260811,26,636,11,16,6,1,486,0,0
20260811,26,637,11,17,6,1,487,0,0
20260811,26,638,11,18,9,1,488,0,0
20260811,26,639,11,19,12,1,489,0,0
20260811,26,640,11,20,15,1,490,0,0
20260811,26,641,11,21,12,1,491,0,0
20260811,26,642,11,22,14,1,492,0,0
20260811,26,643,11,23,16,1,493,0,0
20260811,26,644,11,24,11,1,494,0,0
20260811,26,645,11,25,7,1,495,0,0
20260811,26,646,11,26,24,1,496,0,0
20260811,26,647,11,27,59,1,497,0,0
20260811,26,648,11,28,130,1,498,0,0
20260811,26,649,11,29,322,1,499,0,0
20260811,26,650,11,30,440,1,500,0,0
20260811,26,651,11,31,292,1,501,0,0
20260811,26,652,11,32,238,1,502,0,0
20260811,26,653,11,33,209,1,503,0,0
20260811,26,654,11,34,175,1,504,0,0
20260811,26,655,11,35,129,1,505,0,0
20260811,26,656,11,36,27,1,506,0,0
20260811,26,657,11,37,17,1,507,0,0
20260811,26,658,11,38,9,1,508,0,0
20260811,26,659,11,39,9,1,509,0,0
20260811,26,660,11,40,2,1,510,0,0
20260811,26,661,11,41,2,1,511,0,0
20260811,26,662,11,42,10,1,512,0,0
20260811,26,663,11,43,8,1,513,0,0
20260811,26,664,11,44,5,1,514,0,0
20260811,26,665,11,45,3,1,515,0,0
20260811,26,666,11,46,3,1,516,0,0
20260811,26,667,11,47,1,1,517,0,0
20260811,26,668,11,48,3,1,518,0,0
20260811,26,669,11,49,4,1,519,0,0
20260811,26,670,11,50,6,1,520,0,0
20260811,26,671,11,51,4,1,521,0,0
20260811,26,672,11,52,4,1,522,0,0
20260811,26,673,11,53,5,1,523,0,0
20260811,26,674,11,54,6,1,524,0,0
20260811,26,675,11,55,8,1,525,0,0
20260811,26,676,11,56,14,1,526,0,0
20260811,26,677,11,57,34,1,527,0,0
20260811,26,678,11,58,79,1,528,0,0
20260811,26,679,11,59,242,1,529,0,0
20260811,26,680,11,60,367,1,530,0,0
20260811,26,681,12,1,861,1,531,0,0
20260811,26,682,12,2,483,1,532,0,0
20260811,26,683,12,3,106,1,533,0,0
20260811,26,684,12,4,61,1,534,0,0
20260811,26,685,12,5,43,1,535,0,0
20260811,26,686,12,6,29,1,536,0,0
20260811,26,687,12,7,29,1,537,0,0
20260811,26,688,12,8,23,1,538,0,0
20260811,26,689,12,9,23,1,539,0,0
20260811,26,690,12,10,18,1,540,0,0
20260811,26,691,12,11,13,1,541,0,0
20260811,26,692,12,12,5,1,542,0,0
20260811,26,693,12,13,8,1,543,0,0
20260811,26,694,12,14,7,1,544,0,0
20260811,26,695,12,15,6,1,545,0,0
20260811,26,696,12,16,7,1,546,0,0
20260811,26,697,12,17,8,1,547,0,0
20260811,26,698,12,18,12,1,548,0,0
20260811,26,699,12,19,12,1,549,0,0
20260811,26,700,12,20,11,1,550,0,0
20260811,26,701,12,21,15,1,551,0,0
20260811,26,702,12,22,9,1,552,0,0
20260811,26,703,12,23,5,1,553,0,0
20260811,26,704,12,24,8,1,554,0,0
20260811,26,705,12,25,10,1,555,0,0
20260811,26,706,12,26,20,1,556,0,0
20260811,26,707,12,27,16,1,557,0,0
20260811,26,708,12,28,49,1,558,0,0
20260811,26,709,12,29,158,1,559,0,0
20260811,26,710,12,30,403,1,560,0,0
20260811,26,711,12,31,446,1,561,0,0
20260811,26,712,12,32,360,1,562,0,0
20260811,26,713,12,33,306,1,563,0,0
20260811,26,714,12,34,198,1,564,0,0
20260811,26,715,12,35,77,1,565,0,0
20260811,26,716,12,36,30,1,566,0,0
20260811,26,717,12,37,17,1,567,0,0
20260811,26,718,12,38,10,1,568,0,0
20260811,26,719,12,39,10,1,569,0,0
20260811,26,720,12,40,5,1,570,0,0
20260811,26,721,12,41,5,1,571,0,0
20260811,26,722,12,42,3,1,572,0,0
20260811,26,723,12,43,6,1,573,0,0
20260811,26,724,12,44,7,1,574,0,0
20260811,26,725,12,45,7,1,575,0,0
20260811,26,726,12,46,6,1,576,0,0
20260811,26,727,12,47,4,1,577,0,0
20260811,26,728,12,48,7,1,578,0,0
20260811,26,729,12,49,5,1,579,0,0
20260811,26,730,12,50,2,1,580,0,0
20260811,26,731,12,51,4,1,581,0,0
20260811,26,732,12,52,7,1,582,0,0
20260811,26,733,12,53,8,1,583,0,0
20260811,26,734,12,54,13,1,584,0,0
20260811,26,735,12,55,15,1,585,0,0
20260811,26,736,12,56,15,1,586,0,0
20260811,26,737,12,57,28,1,587,0,0
20260811,26,738,12,58,60,1,588,0,0
20260811,26,739,12,59,160,1,589,0,0
20260811,26,740,12,60,356,1,590,0,0
20260811,26,741,13,1,794,1,591,0,0
20260811,26,742,13,2,539,1,592,0,0
20260811,26,743,13,3,96,1,593,0,0
20260811,26,744,13,4,48,1,594,0,0
20260811,26,745,13,5,40,1,595,0,0
20260811,26,746,13,6,33,1,596,0,0
20260811,26,747,13,7,33,1,597,0,0
20260811,26,748,13,8,22,1,598,0,0
20260811,26,749,13,9,33,1,599,0,0
20260811,26,750,13,10,14,1,600,0,0
20260811,26,751,13,11,23,1,601,0,0
20260811,26,752,13,12,15,1,602,0,0
20260811,26,753,13,13,17,1,603,0,0
20260811,26,754,13,14,15,1,604,0,0
20260811,26,755,13,15,6,1,605,0,0
20260811,26,756,13,16,13,1,606,0,0
20260811,26,757,13,17,16,1,607,0,0
20260811,26,758,13,18,5,1,608,0,0
20260811,26,759,13,19,9,1,609,0,0
20260811,26,760,13,20,6,1,610,0,0
20260811,26,761,13,21,7,1,611,0,0
20260811,26,762,13,22,4,1,612,0,0
20260811,26,763,13,23,6,1,613,0,0
20260811,26,764,13,24,11,1,614,0,0
20260811,26,765,13,25,12,1,615,0,0
20260811,26,766,13,26,10,1,616,0,0
20260811,26,767,13,27,9,1,617,0,0
20260811,26,768,13,28,7,1,618,0,0
20260811,26,769,13,29,6,1,619,0,0
20260811,26,770,13,30,5,1,620,0,0
20260811,26,771,13,31,7,1,621,0,0
20260811,26,772,13,32,6,1,622,0,0
20260811,26,773,13,33,5,1,623,0,0
20260811,26,774,13,34,11,1,624,0,0
20260811,26,775,13,35,15,1,625,0,0
20260811,26,776,13,36,15,1,626,0,0
20260811,26,777,13,37,16,1,627,0,0
20260811,26,778,13,38,30,1,628,0,0
20260811,26,779,13,39,38,1,629,0,0
20260811,26,780,13,40,138,1,630,0,0
20260811,26,781,13,41,365,1,631,0,0
20260811,26,782,13,42,569,1,632,0,0
20260811,26,783,13,43,326,1,633,0,0
20260811,26,784,13,44,268,1,634,0,0
20260811,26,785,13,45,189,1,635,0,0
20260811,26,786,13,46,102,1,636,0,0
20260811,26,787,13,47,59,1,637,0,0
20260811,26,788,13,48,46,1,638,0,0
20260811,26,789,13,49,36,1,639,0,0
20260811,26,790,13,50,24,1,640,0,0
20260811,26,791,13,51,28,1,641,0,0
20260811,26,792,13,52,19,1,642,0,0
20260811,26,793,13,53,16,1,643,0,0
20260811,26,794,13,54,16,1,644,0,0
20260811,26,795,13,55,18,1,645,0,0
20260811,26,796,13,56,11,1,646,0,0
20260811,26,797,13,57,10,1,647,0,0
20260811,26,798,13,58,6,1,648,0,0
20260811,26,799,13,59,6,1,649,0,0
20260811,26,800,13,60,6,1,650,0,0
20260811,26,801,14,1,864,1,651,0,0
20260811,26,802,14,2,124,1,652,0,0
20260811,26,803,14,3,68,1,653,0,0
20260811,26,804,14,4,57,1,654,0,0
20260811,26,805,14,5,45,1,655,0,0
20260811,26,806,14,6,51,1,656,0,0
20260811,26,807,14,7,47,1,657,0,0
20260811,26,808,14,8,27,1,658,0,0
20260811,26,809,14,9,19,1,659,0,0
20260811,26,810,14,10,33,1,660,0,0
20260811,26,811,14,11,32,1,661,0,0
20260811,26,812,14,12,19,1,662,0,0
20260811,26,813,14,13,29,1,663,0,0
20260811,26,814,14,14,19,1,664,0,0
20260811,26,815,14,15,20,1,665,0,0
20260811,26,816,14,16,15,1,666,0,0
20260811,26,817,14,17,13,1,667,0,0
20260811,26,818,14,18,18,1,668,0,0
20260811,26,819,14,19,24,1,669,0,0
20260811,26,820,14,20,16,1,670,0,0
20260811,26,821,14,21,13,1,671,0,0
20260811,26,822,14,22,9,1,672,0,0
20260811,26,823,14,23,9,1,673,0,0
20260811,26,824,14,24,9,1,674,0,0
20260811,26,825,14,25,17,1,675,0,0
20260811,26,826,14,26,12,1,676,0,0
20260811,26,827,14,27,15,1,677,0,0
20260811,26,828,14,28,14,1,678,0,0
20260811,26,829,14,29,20,1,679,0,0
20260811,26,830,14,30,22,1,680,0,0
20260811,26,831,14,31,15,1,681,0,0
20260811,26,832,14,32,18,1,682,0,0
20260811,26,833,14,33,22,1,683,0,0
20260811,26,834,14,34,45,1,684,0,0
20260811,26,835,14,35,128,1,685,0,0
20260811,26,836,14,36,310,1,686,0,0
20260811,26,837,14,37,485,1,687,0,0
20260811,26,838,14,38,352,1,688,0,0
20260811,26,839,14,39,209,1,689,0,0
20260811,26,840,14,40,171,1,690,0,0
20260811,26,841,14,41,156,1,691,0,0
20260811,26,842,14,42,115,1,692,0,0
20260811,26,843,14,43,45,1,693,0,0
20260811,26,844,14,44,14,1,694,0,0
20260811,26,845,14,45,3,1,695,0,0
20260811,26,846,14,46,5,1,696,0,0
20260811,26,847,14,47,3,1,697,0,0
20260811,26,848,14,48,3,1,698,0,0
20260811,26,849,14,49,1,1,699,0,0
20260811,26,850,14,50,2,1,700,0,0
20260811,26,851,14,51,3,1,701,0,0
20260811,26,852,14,52,1,1,702,0,0
20260811,26,853,14,53,1,1,703,0,0
20260811,26,854,14,54,3,1,704,0,0
20260811,26,855,14,55,4,1,705,0,0
20260811,26,856,14,56,5,1,706,0,0
20260811,26,857,14,57,1,1,707,0,0
20260811,26,858,14,58,6,1,708,0,0
20260811,26,859,14,59,4,1,709,0,0
20260811,26,860,14,60,15,1,710,0,0
20260811,26,861,15,1,871,1,711,0,0
20260811,26,862,15,2,164,1,712,0,0
20260811,26,863,15,3,51,1,713,0,0
20260811,26,864,15,4,41,1,714,0,0
20260811,26,865,15,5,30,1,715,0,0
20260811,26,866,15,6,16,1,716,0,0
20260811,26,867,15,7,15,1,717,0,0
20260811,26,868,15,8,7,1,718,0,0
20260811,26,869,15,9,8,1,719,0,0
20260811,26,870,15,10,11,1,720,0,0
20260811,26,871,15,11,4,1,721,0,0
20260811,26,872,15,12,3,1,722,0,0
20260811,26,873,15,13,3,1,723,0,0
20260811,26,874,15,14,3,1,724,0,0
20260811,26,875,15,15,6,1,725,0,0
20260811,26,876,15,16,12,1,726,0,0
20260811,26,877,15,17,10,1,727,0,0
20260811,26,878,15,18,6,1,728,0,0
20260811,26,879,15,19,2,1,729,0,0
20260811,26,880,15,20,8,1,730,0,0
20260811,26,881,15,21,7,1,731,0,0
20260811,26,882,15,22,6,1,732,0,0
20260811,26,883,15,23,2,1,733,0,0
20260811,26,884,15,24,5,1,734,0,0
20260811,26,885,15,25,7,1,735,0,0
20260811,26,886,15,26,9,1,736,0,0
20260811,26,887,15,27,10,1,737,0,0
20260811,26,888,15,28,21,1,738,0,0
20260811,26,889,15,29,36,1,739,0,0
20260811,26,890,15,30,91,1,740,0,0
20260811,26,891,15,31,276,1,741,0,0
20260811,26,892,15,32,725,1,742,0,0
20260811,26,893,15,33,688,1,743,0,0
20260811,26,894,15,34,101,1,744,0,0
20260811,26,895,15,35,70,1,745,0,0
20260811,26,896,15,36,75,1,746,0,0
20260811,26,897,15,37,51,1,747,0,0
20260811,26,898,15,38,45,1,748,0,0
20260811,26,899,15,39,43,1,749,0,0
20260811,26,900,15,40,45,1,750,0,0
20260811,26,901,15,41,30,1,751,0,0
20260811,26,902,15,42,40,1,752,0,0
20260811,26,903,15,43,40,1,753,0,0
20260811,26,904,15,44,32,1,754,0,0
20260811,26,905,15,45,31,1,755,0,0
20260811,26,906,15,46,34,1,756,0,0
20260811,26,907,15,47,29,1,757,0,0
20260811,26,908,15,48,33,1,758,0,0
20260811,26,909,15,49,27,1,759,0,0
20260811,26,910,15,50,30,1,760,0,0
20260811,26,911,15,51,26,1,761,0,0
20260811,26,912,15,52,20,1,762,0,0
20260811,26,913,15,53,25,1,763,0,0
20260811,26,914,15,54,26,1,764,0,0
20260811,26,915,15,55,24,1,765,0,0
20260811,26,916,15,56,20,1,766,0,0
20260811,26,917,15,57,19,1,767,0,0
20260811,26,918,15,58,20,1,768,0,0
20260811,26,919,15,59,16,1,769,0,0
20260811,26,920,15,60,17,1,770,0,0
20260811,26,921,16,1,858,1,771,0,0
20260811,26,922,16,2,186,1,772,0,0
20260811,26,923,16,3,38,1,773,0,0
20260811,26,924,16,4,24,1,774,0,0
20260811,26,925,16,5,31,1,775,0,0
20260811,26,926,16,6,32,1,776,0,0
20260811,26,927,16,7,22,1,777,0,0
20260811,26,928,16,8,10,1,778,0,0
20260811,26,929,16,9,16,1,779,0,0
20260811,26,930,16,10,10,1,780,0,0
20260811,26,931,16,11,8,1,781,0,0
20260811,26,932,16,12,6,1,782,0,0
20260811,26,933,16,13,4,1,783,0,0
20260811,26,934,16,14,3,1,784,0,0
20260811,26,935,16,15,9,1,785,0,0
20260811,26,936,16,16,4,1,786,0,0
20260811,26,937,16,17,10,1,787,0,0
20260811,26,938,16,18,6,1,788,0,0
20260811,26,939,16,19,5,1,789,0,0
20260811,26,940,16,20,5,1,790,0,0
20260811,26,941,16,21,12,1,791,0,0
20260811,26,942,16,22,9,1,792,0,0
20260811,26,943,16,23,11,1,793,0,0
20260811,26,944,16,24,16,1,794,0,0
20260811,26,945,16,25,11,1,795,0,0
20260811,26,946,16,26,32,1,796,0,0
20260811,26,947,16,27,51,1,797,0,0
20260811,26,948,16,28,98,1,798,0,0
20260811,26,949,16,29,192,1,799,0,0
20260811,26,950,16,30,256,1,800,0,0
20260811,26,951,16,31,240,1,801,0,0
20260811,26,952,16,32,192,1,802,0,0
20260811,26,953,16,33,240,1,803,0,0
20260811,26,954,16,34,233,1,804,0,0
20260811,26,955,16,35,236,1,805,0,0
20260811,26,956,16,36,202,1,806,0,0
20260811,26,957,16,37,178,1,807,0,0
20260811,26,958,16,38,122,1,808,0,0
20260811,26,959,16,39,55,1,809,0,0
20260811,26,960,16,40,28,1,810,0,0
20260811,26,961,16,41,22,1,811,0,0
20260811,26,962,16,42,14,1,812,0,0
20260811,26,963,16,43,15,1,813,0,0
20260811,26,964,16,44,14,1,814,0,0
20260811,26,965,16,45,18,1,815,0,0
20260811,26,966,16,46,16,1,816,0,0
20260811,26,967,16,47,15,1,817,0,0
20260811,26,968,16,48,14,1,818,0,0
20260811,26,969,16,49,15,1,819,0,0
20260811,26,970,16,50,12,1,820,0,0
20260811,26,971,16,51,18,1,821,0,0
20260811,26,972,16,52,17,1,822,0,0
20260811,26,973,16,53,20,1,823,0,0
20260811,26,974,16,54,18,1,824,0,0
20260811,26,975,16,55,34,1,825,0,0
20260811,26,976,16,56,51,1,826,0,0
20260811,26,977,16,57,89,1,827,0,0
20260811,26,978,16,58,223,1,828,0,0
20260811,26,979,16,59,395,1,829,0,0
20260811,26,980,16,60,300,1,830,0,0
20260811,26,981,17,1,670,1,831,0,0
20260811,26,982,17,2,568,1,832,0,0
20260811,26,983,17,3,214,1,833,0,0
20260811,26,984,17,4,73,1,834,0,0
20260811,26,985,17,5,59,1,835,0,0
20260811,26,986,17,6,46,1,836,0,0
20260811,26,987,17,7,41,1,837,0,0
20260811,26,988,17,8,43,1,838,0,0
20260811,26,989,17,9,35,1,839,0,0
20260811,26,990,17,10,35,1,840,0,0
20260811,26,991,17,11,25,1,841,0,0
20260811,26,992,17,12,22,1,842,0,0
20260811,26,993,17,13,22,1,843,0,0
20260811,26,994,17,14,20,1,844,0,0
20260811,26,995,17,15,20,1,845,0,0
20260811,26,996,17,16,17,1,846,0,0
20260811,26,997,17,17,17,1,847,0,0
20260811,26,998,17,18,25,1,848,0,0
20260811,26,999,17,19,27,1,849,0,0
20260811,26,1000,17,20,16,1,850,0,0
20260811,26,1001,17,21,15,1,851,0,0
20260811,26,1002,17,22,12,1,852,0,0
20260811,26,1003,17,23,16,1,853,0,0
20260811,26,1004,17,24,17,1,854,0,0
20260811,26,1005,17,25,13,1,855,0,0
20260811,26,1006,17,26,10,1,856,0,0
20260811,26,1007,17,27,7,1,857,0,0
20260811,26,1008,17,28,11,1,858,0,0
20260811,26,1009,17,29,11,1,859,0,0
20260811,26,1010,17,30,11,1,860,0,0
20260811,26,1011,17,31,11,1,861,0,0
20260811,26,1012,17,32,10,1,862,0,0
20260811,26,1013,17,33,8,1,863,0,0
20260811,26,1014,17,34,6,1,864,0,0
20260811,26,1015,17,35,18,1,865,0,0
20260811,26,1016,17,36,21,1,866,0,0
20260811,26,1017,17,37,25,1,867,0,0
20260811,26,1018,17,38,49,1,868,0,0
20260811,26,1019,17,39,35,1,869,0,0
20260811,26,1020,17,40,60,1,870,0,0
20260811,26,1021,17,41,202,1,871,0,0
20260811,26,1022,17,42,432,1,872,0,0
20260811,26,1023,17,43,368,1,873,0,0
20260811,26,1024,17,44,208,1,874,0,0
20260811,26,1025,17,45,158,1,875,0,0
20260811,26,1026,17,46,142,1,876,0,0
20260811,26,1027,17,47,169,1,877,0,0
20260811,26,1028,17,48,156,1,878,0,0
20260811,26,1029,17,49,24,1,879,0,0
20260811,26,1030,17,50,16,1,880,0,0
20260811,26,1031,17,51,14,1,881,0,0
20260811,26,1032,17,52,19,1,882,0,0
20260811,26,1033,17,53,21,1,883,0,0
20260811,26,1034,17,54,14,1,884,0,0
20260811,26,1035,17,55,20,1,885,0,0
20260811,26,1036,17,56,11,1,886,0,0
20260811,26,1037,17,57,12,1,887,0,0
20260811,26,1038,17,58,10,1,888,0,0
20260811,26,1039,17,59,10,1,889,0,0
20260811,26,1040,17,60,6,1,890,0,0
20260811,26,1041,18,1,860,1,891,0,0
20260811,26,1042,18,2,194,1,892,0,0
20260811,26,1043,18,3,68,1,893,0,0
20260811,26,1044,18,4,61,1,894,0,0
20260811,26,1045,18,5,27,1,895,0,0
20260811,26,1046,18,6,21,1,896,0,0
20260811,26,1047,18,7,10,1,897,0,0
20260811,26,1048,18,8,10,1,898,0,0
20260811,26,1049,18,9,8,1,899,0,0
20260811,26,1050,18,10,5,1,900,0,0
20260811,26,1051,18,11,7,1,901,0,0
20260811,26,1052,18,12,5,1,902,0,0
20260811,26,1053,18,13,5,1,903,0,0
20260811,26,1054,18,14,6,1,904,0,0
20260811,26,1055,18,15,8,1,905,0,0
20260811,26,1056,18,16,11,1,906,0,0
20260811,26,1057,18,17,7,1,907,0,0
20260811,26,1058,18,18,10,1,908,0,0
20260811,26,1059,18,19,4,1,909,0,0
20260811,26,1060,18,20,6,1,910,0,0
20260811,26,1061,18,21,6,1,911,0,0
20260811,26,1062,18,22,5,1,912,0,0
20260811,26,1063,18,23,5,1,913,0,0
20260811,26,1064,18,24,4,1,914,0,0
20260811,26,1065,18,25,6,1,915,0,0
20260811,26,1066,18,26,6,1,916,0,0
20260811,26,1067,18,27,13,1,917,0,0
20260811,26,1068,18,28,25,1,918,0,0
20260811,26,1069,18,29,48,1,919,0,0
20260811,26,1070,18,30,107,1,920,0,0
20260811,26,1071,18,31,310,1,921,0,0
20260811,26,1072,18,32,554,1,922,0,0
20260811,26,1073,18,33,579,1,923,0,0
20260811,26,1074,18,34,233,1,924,0,0
20260811,26,1075,18,35,66,1,925,0,0
20260811,26,1076,18,36,50,1,926,0,0
20260811,26,1077,18,37,43,1,927,0,0
20260811,26,1078,18,38,30,1,928,0,0
20260811,26,1079,18,39,37,1,929,0,0
20260811,26,1080,18,40,31,1,930,0,0
20260811,26,1081,18,41,24,1,931,0,0
20260811,26,1082,18,42,25,1,932,0,0
20260811,26,1083,18,43,21,1,933,0,0
20260811,26,1084,18,44,21,1,934,0,0
20260811,26,1085,18,45,21,1,935,0,0
20260811,26,1086,18,46,17,1,936,0,0
20260811,26,1087,18,47,14,1,937,0,0
20260811,26,1088,18,48,27,1,938,0,0
20260811,26,1089,18,49,20,1,939,0,0
20260811,26,1090,18,50,14,1,940,0,0
20260811,26,1091,18,51,12,1,941,0,0
20260811,26,1092,18,52,9,1,942,0,0
20260811,26,1093,18,53,15,1,943,0,0
20260811,26,1094,18,54,12,1,944,0,0
20260811,26,1095,18,55,15,1,945,0,0
20260811,26,1096,18,56,8,1,946,0,0
20260811,26,1097,18,57,9,1,947,0,0
20260811,26,1098,18,58,10,1,948,0,0
20260811,26,1099,18,59,8,1,949,0,0
20260811,26,1100,18,60,8,1,950,0,0
20260811,26,1101,19,1,845,1,951,0,0
20260811,26,1102,19,2,228,1,952,0,0
20260811,26,1103,19,3,46,1,953,0,0
20260811,26,1104,19,4,30,1,954,0,0
20260811,26,1105,19,5,16,1,955,0,0
20260811,26,1106,19,6,13,1,956,0,0
20260811,26,1107,19,7,15,1,957,0,0
20260811,26,1108,19,8,10,1,958,0,0
20260811,26,1109,19,9,10,1,959,0,0
20260811,26,1110,19,10,12,1,960,0,0
20260811,26,1111,19,11,15,1,961,0,0
20260811,26,1112,19,12,15,1,962,0,0
20260811,26,1113,19,13,6,1,963,0,0
20260811,26,1114,19,14,3,1,964,0,0
20260811,26,1115,19,15,2,1,965,0,0
20260811,26,1116,19,16,2,1,966,0,0
20260811,26,1117,19,17,2,1,967,0,0
20260811,26,1118,19,18,2,1,968,0,0
20260811,26,1119,19,19,2,1,969,0,0
20260811,26,1120,19,20,2,1,970,0,0
20260811,26,1121,19,21,2,1,971,0,0
20260811,26,1122,19,22,2,1,972,0,0
20260811,26,1123,19,23,1,1,973,0,0
20260811,26,1124,19,24,3,1,974,0,0
20260811,26,1125,19,25,5,1,975,0,0
20260811,26,1126,19,26,1,1,976,0,0
20260811,26,1127,19,27,1,1,977,0,0
20260811,26,1128,19,28,7,1,978,0,0
20260811,26,1129,19,29,9,1,979,0,0
20260811,26,1130,19,30,24,1,980,0,0
20260811,26,1131,19,31,82,1,981,0,0
20260811,26,1132,19,32,302,1,982,0,0
20260811,26,1133,19,33,500,1,983,0,0
20260811,26,1134,19,34,433,1,984,0,0
20260811,26,1135,19,35,293,1,985,0,0
20260811,26,1136,19,36,241,1,986,0,0
20260811,26,1137,19,37,164,1,987,0,0
20260811,26,1138,19,38,35,1,988,0,0
20260811,26,1139,19,39,15,1,989,0,0
20260811,26,1140,19,40,14,1,990,0,0
20260811,26,1141,19,41,13,1,991,0,0
20260811,26,1142,19,42,10,1,992,0,0
20260811,26,1143,19,43,5,1,993,0,0
20260811,26,1144,19,44,8,1,994,0,0
20260811,26,1145,19,45,9,1,995,0,0
20260811,26,1146,19,46,2,1,996,0,0
20260811,26,1147,19,47,8,1,997,0,0
20260811,26,1148,19,48,11,1,998,0,0
20260811,26,1149,19,49,11,1,999,0,0
20260811,26,1150,19,50,17,1,1000,0,0
20260811,26,1151,19,51,14,1,1001,0,0
20260811,26,1152,19,52,7,1,1002,0,0
20260811,26,1153,19,53,5,1,1003,0,0
20260811,26,1154,19,54,8,1,1004,0,0
20260811,26,1155,19,55,9,1,1005,0,0
20260811,26,1156,19,56,7,1,1006,0,0
20260811,26,1157,19,57,3,1,1007,0,0
20260811,26,1158,19,58,12,1,1008,0,0
20260811,26,1159,19,59,30,1,1009,0,0
20260811,26,1160,19,60,55,1,1010,0,0
20260811,26,1161,20,1,859,1,1011,0,0
20260811,26,1162,20,2,151,1,1012,0,0
20260811,26,1163,20,3,59,1,1013,0,0
20260811,26,1164,20,4,27,1,1014,0,0
20260811,26,1165,20,5,28,1,1015,0,0
20260811,26,1166,20,6,25,1,1016,0,0
20260811,26,1167,20,7,16,1,1017,0,0
20260811,26,1168,20,8,18,1,1018,0,0
20260811,26,1169,20,9,12,1,1019,0,0
20260811,26,1170,20,10,20,1,1020,0,0
20260811,26,1171,20,11,18,1,1021,0,0
20260811,26,1172,20,12,9,1,1022,0,0
20260811,26,1173,20,13,11,1,1023,0,0
20260811,26,1174,20,14,13,1,1024,0,0
20260811,26,1175,20,15,12,1,1025,0,0
20260811,26,1176,20,16,9,1,1026,0,0
20260811,26,1177,20,17,6,1,1027,0,0
20260811,26,1178,20,18,13,1,1028,0,0
20260811,26,1179,20,19,4,1,1029,0,0
20260811,26,1180,20,20,4,1,1030,0,0
20260811,26,1181,20,21,3,1,1031,0,0
20260811,26,1182,20,22,5,1,1032,0,0
20260811,26,1183,20,23,9,1,1033,0,0
20260811,26,1184,20,24,7,1,1034,0,0
20260811,26,1185,20,25,7,1,1035,0,0
20260811,26,1186,20,26,9,1,1036,0,0
20260811,26,1187,20,27,9,1,1037,0,0
20260811,26,1188,20,28,16,1,1038,0,0
20260811,26,1189,20,29,14,1,1039,0,0
20260811,26,1190,20,30,13,1,1040,0,0
20260811,26,1191,20,31,9,1,1041,0,0
20260811,26,1192,20,32,6,1,1042,0,0
20260811,26,1193,20,33,12,1,1043,0,0
20260811,26,1194,20,34,26,1,1044,0,0
20260811,26,1195,20,35,54,1,1045,0,0
20260811,26,1196,20,36,176,1,1046,0,0
20260811,26,1197,20,37,355,1,1047,0,0
20260811,26,1198,20,38,391,1,1048,0,0
20260811,26,1199,20,39,285,1,1049,0,0
20260811,26,1200,20,40,292,1,1050,0,0
20260811,26,1201,20,41,192,1,1051,0,0
20260811,26,1202,20,42,118,1,1052,0,0
20260811,26,1203,20,43,41,1,1053,0,0
20260811,26,1204,20,44,28,1,1054,0,0
20260811,26,1205,20,45,21,1,1055,0,0
20260811,26,1206,20,46,21,1,1056,0,0
20260811,26,1207,20,47,21,1,1057,0,0
20260811,26,1208,20,48,15,1,1058,0,0
20260811,26,1209,20,49,21,1,1059,0,0
20260811,26,1210,20,50,18,1,1060,0,0
20260811,26,1211,20,51,18,1,1061,0,0
20260811,26,1212,20,52,16,1,1062,0,0
20260811,26,1213,20,53,12,1,1063,0,0
20260811,26,1214,20,54,6,1,1064,0,0
20260811,26,1215,20,55,5,1,1065,0,0
20260811,26,1216,20,56,6,1,1066,0,0
20260811,26,1217,20,57,4,1,1067,0,0
20260811,26,1218,20,58,2,1,1068,0,0
20260811,26,1219,20,59,3,1,1069,0,0
20260811,26,1220,20,60,3,1,1070,0,0
20260811,26,1221,21,1,875,1,1071,0,0
20260811,26,1222,21,2,179,1,1072,0,0
20260811,26,1223,21,3,32,1,1073,0,0
20260811,26,1224,21,4,17,1,1074,0,0
20260811,26,1225,21,5,24,1,1075,0,0
20260811,26,1226,21,6,28,1,1076,0,0
20260811,26,1227,21,7,20,1,1077,0,0
20260811,26,1228,21,8,14,1,1078,0,0
20260811,26,1229,21,9,12,1,1079,0,0
20260811,26,1230,21,10,11,1,1080,0,0
20260811,26,1231,21,11,21,1,1081,0,0
20260811,26,1232,21,12,15,1,1082,0,0
20260811,26,1233,21,13,16,1,1083,0,0
20260811,26,1234,21,14,16,1,1084,0,0
20260811,26,1235,21,15,3,1,1085,0,0
20260811,26,1236,21,16,6,1,1086,0,0
20260811,26,1237,21,17,2,1,1087,0,0
20260811,26,1238,21,18,6,1,1088,0,0
20260811,26,1239,21,19,5,1,1089,0,0
20260811,26,1240,21,20,3,1,1090,0,0
20260811,26,1241,21,21,0,0,0,1,1
20260811,27,1,1,1,267,184,1,0,0
20260811,27,2,1,2,188,184,2,0,0
20260811,27,3,1,3,126,126,0,1,0
20260811,27,4,1,4,116,116,0,1,0
20260811,27,5,1,5,87,87,0,1,0
20260811,27,6,1,6,63,63,0,1,0
20260811,27,7,1,7,67,63,1,0,0
20260811,27,8,1,8,59,59,0,1,0
20260811,27,9,1,9,68,59,1,0,0
20260811,27,10,1,10,56,56,0,1,0
20260811,27,11,1,11,42,42,0,1,0
20260811,27,12,1,12,53,42,1,0,0
20260811,27,13,1,13,37,37,0,1,0
20260811,27,14,1,14,33,33,0,1,0
20260811,27,15,1,15,20,20,0,1,0
20260811,27,16,1,16,29,20,1,0,0
20260811,27,17,1,17,22,20,2,0,0
20260811,27,18,1,18,21,20,3,0,0
20260811,27,19,1,19,15,15,0,1,0
20260811,27,20,1,20,15,15,1,0,0
20260811,27,21,1,21,8,8,0,1,0
20260811,27,22,1,22,15,8,1,0,0
20260811,27,23,1,23,9,8,2,0,0
20260811,27,24,1,24,12,8,3,0,0
20260811,27,25,1,25,13,8,4,0,0
20260811,27,26,1,26,15,8,5,0,0
20260811,27,27,1,27,6,6,0,1,0
20260811,27,28,1,28,11,6,1,0,0
20260811,27,29,1,29,10,6,2,0,0
20260811,27,30,1,30,15,6,3,0,0
20260811,27,31,1,31,12,6,4,0,0
20260811,27,32,1,32,20,6,5,0,0
20260811,27,33,1,33,17,6,6,0,0
20260811,27,34,1,34,15,6,7,0,0
20260811,27,35,1,35,14,6,8,0,0
20260811,27,36,1,36,15,6,9,0,0
20260811,27,37,1,37,12,6,10,0,0
20260811,27,38,1,38,15,6,11,0,0
20260811,27,39,1,39,8,6,12,0,0
20260811,27,40,1,40,15,6,13,0,0
20260811,27,41,1,41,11,6,14,0,0
20260811,27,42,1,42,12,6,15,0,0
20260811,27,43,1,43,9,6,16,0,0
20260811,27,44,1,44,14,6,17,0,0
20260811,27,45,1,45,14,6,18,0,0
20260811,27,46,1,46,15,6,19,0,0
20260811,27,47,1,47,9,6,20,0,0
20260811,27,48,1,48,15,6,21,0,0
20260811,27,49,1,49,11,6,22,0,0
20260811,27,50,1,50,15,6,23,0,0
20260811,27,51,1,51,16,6,24,0,0
20260811,27,52,1,52,15,6,25,0,0
20260811,27,53,1,53,8,6,26,0,0
20260811,27,54,1,54,15,6,27,0,0
20260811,27,55,1,55,11,6,28,0,0
20260811,27,56,1,56,15,6,29,0,0
20260811,27,57,1,57,9,6,30,0,0
20260811,27,58,1,58,16,6,31,0,0
20260811,27,59,1,59,12,6,32,0,0
20260811,27,60,1,60,15,6,33,0,0
20260811,27,61,1,61,14,6,34,0,0
20260811,27,62,1,62,15,6,35,0,0
20260811,27,63,1,63,12,6,36,0,0
20260811,27,64,1,64,15,6,37,0,0
20260811,27,65,1,65,15,6,38,0,0
20260811,27,66,1,66,10,6,39,0,0
20260811,27,67,1,67,11,6,40,0,0
20260811,27,68,1,68,12,6,41,0,0
20260811,27,69,1,69,12,6,42,0,0
20260811,27,70,1,70,10,6,43,0,0
20260811,27,71,1,71,9,6,44,0,0
20260811,27,72,1,72,9,6,45,0,0
20260811,27,73,1,73,8,6,46,0,0
20260811,27,74,1,74,9,6,47,0,0
20260811,27,75,1,75,8,6,48,0,0
20260811,27,76,1,76,9,6,49,0,0
20260811,27,77,1,77,8,6,50,0,0
20260811,27,78,1,78,9,6,51,0,0
20260811,27,79,1,79,4,4,0,1,0
20260811,27,80,1,80,9,4,1,0,0
20260811,27,81,2,1,838,4,2,0,0
20260811,27,82,2,2,834,4,3,0,0
20260811,27,83,2,3,876,4,4,0,0
20260811,27,84,2,4,761,4,5,0,0
20260811,27,85,2,5,871,4,6,0,0
20260811,27,86,2,6,684,4,7,0,0
20260811,27,87,2,7,696,4,8,0,0
20260811,27,88,2,8,223,4,9,0,0
20260811,27,89,2,9,107,4,10,0,0
20260811,27,90,2,10,60,4,11,0,0
20260811,27,91,2,11,66,4,12,0,0
20260811,27,92,2,12,65,4,13,0,0
20260811,27,93,2,13,36,4,14,0,0
20260811,27,94,2,14,47,4,15,0,0
20260811,27,95,2,15,32,4,16,0,0
20260811,27,96,2,16,39,4,17,0,0
20260811,27,97,2,17,19,4,18,0,0
20260811,27,98,2,18,29,4,19,0,0
20260811,27,99,2,19,17,4,20,0,0
20260811,27,100,2,20,28,4,21,0,0
20260811,27,101,2,21,25,4,22,0,0
20260811,27,102,2,22,20,4,23,0,0
20260811,27,103,2,23,16,4,24,0,0
20260811,27,104,2,24,13,4,25,0,0
20260811,27,105,2,25,5,4,26,0,0
20260811,27,106,2,26,10,4,27,0,0
20260811,27,107,2,27,9,4,28,0,0
20260811,27,108,2,28,13,4,29,0,0
20260811,27,109,2,29,13,4,30,0,0
20260811,27,110,2,30,15,4,31,0,0
20260811,27,111,2,31,17,4,32,0,0
20260811,27,112,2,32,27,4,33,0,0
20260811,27,113,2,33,19,4,34,0,0
20260811,27,114,2,34,17,4,35,0,0
20260811,27,115,2,35,7,4,36,0,0
20260811,27,116,2,36,12,4,37,0,0
20260811,27,117,2,37,33,4,38,0,0
20260811,27,118,2,38,76,4,39,0,0
20260811,27,119,2,39,184,4,40,0,0
20260811,27,120,2,40,274,4,41,0,0
20260811,27,121,2,41,267,4,42,0,0
20260811,27,122,2,42,253,4,43,0,0
20260811,27,123,2,43,290,4,44,0,0
20260811,27,124,2,44,213,4,45,0,0
20260811,27,125,2,45,155,4,46,0,0
20260811,27,126,2,46,43,4,47,0,0
20260811,27,127,2,47,31,4,48,0,0
20260811,27,128,2,48,31,4,49,0,0
20260811,27,129,2,49,26,4,50,0,0
20260811,27,130,2,50,23,4,51,0,0
20260811,27,131,2,51,24,4,52,0,0
20260811,27,132,2,52,19,4,53,0,0
20260811,27,133,2,53,7,4,54,0,0
20260811,27,134,2,54,8,4,55,0,0
20260811,27,135,2,55,11,4,56,0,0
20260811,27,136,2,56,19,4,57,0,0
20260811,27,137,2,57,18,4,58,0,0
20260811,27,138,2,58,23,4,59,0,0
20260811,27,139,2,59,21,4,60,0,0
20260811,27,140,2,60,23,4,61,0,0
20260811,27,141,3,1,817,4,62,0,0
20260811,27,142,3,2,255,4,63,0,0
20260811,27,143,3,3,67,4,64,0,0
20260811,27,144,3,4,53,4,65,0,0
20260811,27,145,3,5,45,4,66,0,0
20260811,27,146,3,6,39,4,67,0,0
20260811,27,147,3,7,33,4,68,0,0
20260811,27,148,3,8,33,4,69,0,0
20260811,27,149,3,9,26,4,70,0,0
20260811,27,150,3,10,23,4,71,0,0
20260811,27,151,3,11,13,4,72,0,0
20260811,27,152,3,12,7,4,73,0,0
20260811,27,153,3,13,9,4,74,0,0
20260811,27,154,3,14,16,4,75,0,0
20260811,27,155,3,15,6,4,76,0,0
20260811,27,156,3,16,14,4,77,0,0
20260811,27,157,3,17,16,4,78,0,0
20260811,27,158,3,18,16,4,79,0,0
20260811,27,159,3,19,14,4,80,0,0
20260811,27,160,3,20,15,4,81,0,0
20260811,27,161,3,21,11,4,82,0,0
20260811,27,162,3,22,4,4,83,0,0
20260811,27,163,3,23,7,4,84,0,0
20260811,27,164,3,24,9,4,85,0,0
20260811,27,165,3,25,14,4,86,0,0
20260811,27,166,3,26,7,4,87,0,0
20260811,27,167,3,27,10,4,88,0,0
20260811,27,168,3,28,8,4,89,0,0
20260811,27,169,3,29,12,4,90,0,0
20260811,27,170,3,30,7,4,91,0,0
20260811,27,171,3,31,17,4,92,0,0
20260811,27,172,3,32,12,4,93,0,0
20260811,27,173,3,33,8,4,94,0,0
20260811,27,174,3,34,9,4,95,0,0
20260811,27,175,3,35,12,4,96,0,0
20260811,27,176,3,36,11,4,97,0,0
20260811,27,177,3,37,8,4,98,0,0
20260811,27,178,3,38,11,4,99,0,0
20260811,27,179,3,39,8,4,100,0,0
20260811,27,180,3,40,7,4,101,0,0
20260811,27,181,3,41,6,4,102,0,0
20260811,27,182,3,42,6,4,103,0,0
20260811,27,183,3,43,11,4,104,0,0
20260811,27,184,3,44,11,4,105,0,0
20260811,27,185,3,45,9,4,106,0,0
20260811,27,186,3,46,9,4,107,0,0
20260811,27,187,3,47,4,4,108,0,0
20260811,27,188,3,48,10,4,109,0,0
20260811,27,189,3,49,12,4,110,0,0
20260811,27,190,3,50,10,4,111,0,0
20260811,27,191,3,51,12,4,112,0,0
20260811,27,192,3,52,26,4,113,0,0
20260811,27,193,3,53,26,4,114,0,0
20260811,27,194,3,54,41,4,115,0,0
20260811,27,195,3,55,75,4,116,0,0
20260811,27,196,3,56,193,4,117,0,0
20260811,27,197,3,57,371,4,118,0,0
20260811,27,198,3,58,335,4,119,0,0
20260811,27,199,3,59,240,4,120,0,0
20260811,27,200,3,60,189,4,121,0,0
20260811,27,201,4,1,529,4,122,0,0
20260811,27,202,4,2,556,4,123,0,0
20260811,27,203,4,3,285,4,124,0,0
20260811,27,204,4,4,139,4,125,0,0
20260811,27,205,4,5,88,4,126,0,0
20260811,27,206,4,6,53,4,127,0,0
20260811,27,207,4,7,46,4,128,0,0
20260811,27,208,4,8,30,4,129,0,0
20260811,27,209,4,9,32,4,130,0,0
20260811,27,210,4,10,33,4,131,0,0
20260811,27,211,4,11,27,4,132,0,0
20260811,27,212,4,12,18,4,133,0,0
20260811,27,213,4,13,15,4,134,0,0
20260811,27,214,4,14,20,4,135,0,0
20260811,27,215,4,15,14,4,136,0,0
20260811,27,216,4,16,9,4,137,0,0
20260811,27,217,4,17,10,4,138,0,0
20260811,27,218,4,18,5,4,139,0,0
20260811,27,219,4,19,6,4,140,0,0
20260811,27,220,4,20,7,4,141,0,0
20260811,27,221,4,21,9,4,142,0,0
20260811,27,222,4,22,3,3,0,1,0
20260811,27,223,4,23,3,3,1,0,0
20260811,27,224,4,24,4,3,2,0,0
20260811,27,225,4,25,3,3,3,0,0
20260811,27,226,4,26,0,0,0,1,1
20260811,28,1,1,1,205,170,1,0,0
20260811,28,2,1,2,156,156,0,1,0
20260811,28,3,1,3,99,99,0,1,0
20260811,28,4,1,4,101,99,1,0,0
20260811,28,5,1,5,96,96,0,1,0
20260811,28,6,1,6,68,68,0,1,0
20260811,28,7,1,7,68,68,1,0,0
20260811,28,8,1,8,66,66,0,1,0
20260811,28,9,1,9,67,66,1,0,0
20260811,28,10,1,10,56,56,0,1,0
20260811,28,11,1,11,49,49,0,1,0
20260811,28,12,1,12,57,49,1,0,0
20260811,28,13,1,13,48,48,0,1,0
20260811,28,14,1,14,64,48,1,0,0
20260811,28,15,1,15,44,44,0,1,0
20260811,28,16,1,16,49,44,1,0,0
20260811,28,17,1,17,40,40,0,1,0
20260811,28,18,1,18,39,39,0,1,0
20260811,28,19,1,19,38,38,0,1,0
20260811,28,20,1,20,33,33,0,1,0
20260811,28,21,1,21,40,33,1,0,0
20260811,28,22,1,22,44,33,2,0,0
20260811,28,23,1,23,51,33,3,0,0
20260811,28,24,1,24,38,33,4,0,0
20260811,28,25,1,25,31,31,0,1,0
20260811,28,26,1,26,35,31,1,0,0
20260811,28,27,1,27,34,31,2,0,0
20260811,28,28,1,28,26,26,0,1,0
20260811,28,29,1,29,27,26,1,0,0
20260811,28,30,1,30,23,23,0,1,0
20260811,28,31,1,31,15,15,0,1,0
20260811,28,32,1,32,19,15,1,0,0
20260811,28,33,1,33,20,15,2,0,0
20260811,28,34,1,34,18,15,3,0,0
20260811,28,35,1,35,22,15,4,0,0
20260811,28,36,1,36,20,15,5,0,0
20260811,28,37,1,37,16,15,6,0,0
20260811,28,38,1,38,20,15,7,0,0
20260811,28,39,1,39,19,15,8,0,0
20260811,28,40,1,40,19,15,9,0,0
20260811,28,41,1,41,17,15,10,0,0
20260811,28,42,1,42,7,7,0,1,0
20260811,28,43,1,43,15,7,1,0,0
20260811,28,44,1,44,15,7,2,0,0
20260811,28,45,1,45,16,7,3,0,0
20260811,28,46,1,46,14,7,4,0,0
20260811,28,47,1,47,18,7,5,0,0
20260811,28,48,1,48,15,7,6,0,0
20260811,28,49,1,49,11,7,7,0,0
20260811,28,50,1,50,11,7,8,0,0
20260811,28,51,1,51,10,7,9,0,0
20260811,28,52,1,52,8,7,10,0,0
20260811,28,53,1,53,6,6,0,1,0
20260811,28,54,1,54,6,6,1,0,0
20260811,28,55,1,55,8,6,2,0,0
20260811,28,56,1,56,11,6,3,0,0
20260811,28,57,1,57,6,6,4,0,0
20260811,28,58,1,58,6,6,5,0,0
20260811,28,59,1,59,6,6,6,0,0
20260811,28,60,1,60,6,6,7,0,0
20260811,28,61,1,61,9,6,8,0,0
20260811,28,62,1,62,4,4,0,1,0
20260811,28,63,1,63,8,4,1,0,0
20260811,28,64,1,64,2,2,0,1,0
20260811,28,65,1,65,8,2,1,0,0
20260811,28,66,1,66,4,2,2,0,0
20260811,28,67,1,67,3,2,3,0,0
20260811,28,68,1,68,4,2,4,0,0
20260811,28,69,1,69,6,2,5,0,0
20260811,28,70,1,70,10,2,6,0,0
20260811,28,71,1,71,8,2,7,0,0
20260811,28,72,1,72,8,2,8,0,0
20260811,28,73,1,73,9,2,9,0,0
20260811,28,74,1,74,11,2,10,0,0
20260811,28,75,1,75,8,2,11,0,0
20260811,28,76,1,76,11,2,12,0,0
20260811,28,77,1,77,6,2,13,0,0
20260811,28,78,1,78,10,2,14,0,0
20260811,28,79,1,79,9,2,15,0,0
20260811,28,80,1,80,2,2,16,0,0
20260811,28,81,2,1,860,2,17,0,0
20260811,28,82,2,2,833,2,18,0,0
20260811,28,83,2,3,890,2,19,0,0
20260811,28,84,2,4,315,2,20,0,0
20260811,28,85,2,5,843,2,21,0,0
20260811,28,86,2,6,616,2,22,0,0
20260811,28,87,2,7,207,2,23,0,0
20260811,28,88,2,8,97,2,24,0,0
20260811,28,89,2,9,73,2,25,0,0
20260811,28,90,2,10,60,2,26,0,0
20260811,28,91,2,11,39,2,27,0,0
20260811,28,92,2,12,38,2,28,0,0
20260811,28,93,2,13,42,2,29,0,0
20260811,28,94,2,14,29,2,30,0,0
20260811,28,95,2,15,30,2,31,0,0
20260811,28,96,2,16,19,2,32,0,0
20260811,28,97,2,17,20,2,33,0,0
20260811,28,98,2,18,9,2,34,0,0
20260811,28,99,2,19,17,2,35,0,0
20260811,28,100,2,20,11,2,36,0,0
20260811,28,101,2,21,8,2,37,0,0
20260811,28,102,2,22,5,2,38,0,0
20260811,28,103,2,23,9,2,39,0,0
20260811,28,104,2,24,7,2,40,0,0
20260811,28,105,2,25,3,2,41,0,0
20260811,28,106,2,26,4,2,42,0,0
20260811,28,107,2,27,7,2,43,0,0
20260811,28,108,2,28,3,2,44,0,0
20260811,28,109,2,29,0,0,0,1,1
20260811,29,1,1,1,141,120,1,0,0
20260811,29,2,1,2,96,96,0,1,0
20260811,29,3,1,3,63,63,0,1,0
20260811,29,4,1,4,47,47,0,1,0
20260811,29,5,1,5,35,35,0,1,0
20260811,29,6,1,6,30,30,0,1,0
20260811,29,7,1,7,33,30,1,0,0
20260811,29,8,1,8,17,17,0,1,0
20260811,29,9,1,9,19,17,1,0,0
20260811,29,10,1,10,16,16,0,1,0
20260811,29,11,1,11,12,12,0,1,0
20260811,29,12,1,12,10,10,0,1,0
20260811,29,13,1,13,10,10,1,0,0
20260811,29,14,1,14,12,10,2,0,0
20260811,29,15,1,15,10,10,3,0,0
20260811,29,16,1,16,4,4,0,1,0
20260811,29,17,1,17,10,4,1,0,0
20260811,29,18,1,18,12,4,2,0,0
20260811,29,19,1,19,10,4,3,0,0
20260811,29,20,1,20,11,4,4,0,0
20260811,29,21,1,21,11,4,5,0,0
20260811,29,22,1,22,5,4,6,0,0
20260811,29,23,1,23,10,4,7,0,0
20260811,29,24,1,24,7,4,8,0,0
20260811,29,25,1,25,10,4,9,0,0
20260811,29,26,1,26,8,4,10,0,0
20260811,29,27,1,27,4,4,11,0,0
20260811,29,28,1,28,4,4,12,0,0
20260811,29,29,1,29,7,4,13,0,0
20260811,29,30,1,30,7,4,14,0,0
20260811,29,31,1,31,6,4,15,0,0
20260811,29,32,1,32,2,2,0,1,0
20260811,29,33,1,33,3,2,1,0,0
20260811,29,34,1,34,0,0,0,1,1
20260811,30,1,1,1,270,192,1,0,0
20260811,30,2,1,2,235,192,2,0,0
20260811,30,3,1,3,129,129,0,1,0
20260811,30,4,1,4,135,129,1,0,0
20260811,30,5,1,5,125,125,0,1,0
20260811,30,6,1,6,96,96,0,1,0
20260811,30,7,1,7,70,70,0,1,0
20260811,30,8,1,8,58,58,0,1,0
20260811,30,9,1,9,52,52,0,1,0
20260811,30,10,1,10,48,48,0,1,0
20260811,30,11,1,11,55,48,1,0,0
20260811,30,12,1,12,45,45,0,1,0
20260811,30,13,1,13,37,37,0,1,0
20260811,30,14,1,14,46,37,1,0,0
20260811,30,15,1,15,34,34,0,1,0
20260811,30,16,1,16,25,25,0,1,0
20260811,30,17,1,17,33,25,1,0,0
20260811,30,18,1,18,32,25,2,0,0
20260811,30,19,1,19,31,25,3,0,0
20260811,30,20,1,20,22,22,0,1,0
20260811,30,21,1,21,26,22,1,0,0
20260811,30,22,1,22,13,13,0,1,0
20260811,30,23,1,23,12,12,0,1,0
20260811,30,24,1,24,8,8,0,1,0
20260811,30,25,1,25,13,8,1,0,0
20260811,30,26,1,26,13,8,2,0,0
20260811,30,27,1,27,10,8,3,0,0
20260811,30,28,1,28,11,8,4,0,0
20260811,30,29,1,29,9,8,5,0,0
20260811,30,30,1,30,8,8,6,0,0
20260811,30,31,1,31,0,0,0,1,1
20260811,31,1,1,1,271,202,1,0,0
20260811,31,2,1,2,212,202,2,0,0
20260811,31,3,1,3,128,128,0,1,0
20260811,31,4,1,4,146,128,1,0,0
20260811,31,5,1,5,123,123,0,1,0
20260811,31,6,1,6,108,108,0,1,0
20260811,31,7,1,7,132,108,1,0,0
20260811,31,8,1,8,96,96,0,1,0
20260811,31,9,1,9,89,89,0,1,0
20260811,31,10,1,10,83,83,0,1,0
20260811,31,11,1,11,69,69,0,1,0
20260811,31,12,1,12,74,69,1,0,0
20260811,31,13,1,13,60,60,0,1,0
20260811,31,14,1,14,53,53,0,1,0
20260811,31,15,1,15,54,53,1,0,0
20260811,31,16,1,16,51,51,0,1,0
20260811,31,17,1,17,44,44,0,1,0
20260811,31,18,1,18,49,44,1,0,0
20260811,31,19,1,19,39,39,0,1,0
20260811,31,20,1,20,37,37,0,1,0
20260811,31,21,1,21,40,37,1,0,0
20260811,31,22,1,22,48,37,2,0,0
20260811,31,23,1,23,47,37,3,0,0
20260811,31,24,1,24,35,35,0,1,0
20260811,31,25,1,25,26,26,0,1,0
20260811,31,26,1,26,41,26,1,0,0
20260811,31,27,1,27,26,26,2,0,0
20260811,31,28,1,28,32,26,3,0,0
20260811,31,29,1,29,37,26,4,0,0
20260811,31,30,1,30,31,26,5,0,0
20260811,31,31,1,31,24,24,0,1,0
20260811,31,32,1,32,28,24,1,0,0
20260811,31,33,1,33,29,24,2,0,0
20260811,31,34,1,34,28,24,3,0,0
20260811,31,35,1,35,27,24,4,0,0
20260811,31,36,1,36,36,24,5,0,0
20260811,31,37,1,37,18,18,0,1,0
20260811,31,38,1,38,16,16,0,1,0
20260811,31,39,1,39,17,16,1,0,0
20260811,31,40,1,40,12,12,0,1,0
20260811,31,41,1,41,9,9,0,1,0
20260811,31,42,1,42,9,9,1,0,0
20260811,31,43,1,43,14,9,2,0,0
20260811,31,44,1,44,6,6,0,1,0
20260811,31,45,1,45,4,4,0,1,0
20260811,31,46,1,46,7,4,1,0,0
20260811,31,47,1,47,8,4,2,0,0
20260811,31,48,1,48,7,4,3,0,0
20260811,31,49,1,49,7,4,4,0,0
20260811,31,50,1,50,5,4,5,0,0
20260811,31,51,1,51,6,4,6,0,0
20260811,31,52,1,52,9,4,7,0,0
20260811,31,53,1,53,5,4,8,0,0
20260811,31,54,1,54,6,4,9,0,0
20260811,31,55,1,55,8,4,10,0,0
20260811,31,56,1,56,7,4,11,0,0
20260811,31,57,1,57,0,0,0,1,1
20260812,0,1,1,1,348,237,1,0,0
20260812,0,2,1,2,234,234,0,1,0
20260812,0,3,1,3,139,139,0,1,0
20260812,0,4,1,4,149,139,1,0,0
20260812,0,5,1,5,132,132,0,1,0
20260812,0,6,1,6,125,125,0,1,0
20260812,0,7,1,7,104,104,0,1,0
20260812,0,8,1,8,112,104,1,0,0
20260812,0,9,1,9,97,97,0,1,0
20260812,0,10,1,10,93,93,0,1,0
20260812,0,11,1,11,89,89,0,1,0
20260812,0,12,1,12,93,89,1,0,0
20260812,0,13,1,13,87,87,0,1,0
20260812,0,14,1,14,67,67,0,1,0
20260812,0,15,1,15,60,60,0,1,0
20260812,0,16,1,16,70,60,1,0,0
20260812,0,17,1,17,62,60,2,0,0
20260812,0,18,1,18,72,60,3,0,0
20260812,0,19,1,19,72,60,4,0,0
20260812,0,20,1,20,66,60,5,0,0
20260812,0,21,1,21,45,45,0,1,0
20260812,0,22,1,22,56,45,1,0,0
20260812,0,23,1,23,38,38,0,1,0
20260812,0,24,1,24,58,38,1,0,0
20260812,0,25,1,25,48,38,2,0,0
20260812,0,26,1,26,56,38,3,0,0
20260812,0,27,1,27,40,38,4,0,0
20260812,0,28,1,28,53,38,5,0,0
20260812,0,29,1,29,32,32,0,1,0
20260812,0,30,1,30,56,32,1,0,0
20260812,0,31,1,31,45,32,2,0,0
20260812,0,32,1,32,52,32,3,0,0
20260812,0,33,1,33,32,32,4,0,0
20260812,0,34,1,34,38,32,5,0,0
20260812,0,35,1,35,52,32,6,0,0
20260812,0,36,1,36,55,32,7,0,0
20260812,0,37,1,37,45,32,8,0,0
20260812,0,38,1,38,40,32,9,0,0
20260812,0,39,1,39,35,32,10,0,0
20260812,0,40,1,40,33,32,11,0,0
20260812,0,41,1,41,34,32,12,0,0
20260812,0,42,1,42,39,32,13,0,0
20260812,0,43,1,43,47,32,14,0,0
20260812,0,44,1,44,33,32,15,0,0
20260812,0,45,1,45,30,30,0,1,0
20260812,0,46,1,46,34,30,1,0,0
20260812,0,47,1,47,28,28,0,1,0
20260812,0,48,1,48,19,19,0,1,0
20260812,0,49,1,49,17,17,0,1,0
20260812,0,50,1,50,20,17,1,0,0
20260812,0,51,1,51,18,17,2,0,0
20260812,0,52,1,52,15,15,0,1,0
20260812,0,53,1,53,17,15,1,0,0
20260812,0,54,1,54,23,15,2,0,0
20260812,0,55,1,55,20,15,3,0,0
20260812,0,56,1,56,10,10,0,1,0
20260812,0,57,1,57,14,10,1,0,0
20260812,0,58,1,58,15,10,2,0,0
20260812,0,59,1,59,6,6,0,1,0
20260812,0,60,1,60,4,4,0,1,0
20260812,0,61,1,61,3,3,0,1,0
20260812,0,62,1,62,3,3,1,0,0
20260812,0,63,1,63,0,0,0,1,1
20260812,1,1,1,1,182,151,1,0,0
20260812,1,2,1,2,181,151,2,0,0
20260812,1,3,1,3,98,98,0,1,0
20260812,1,4,1,4,91,91,0,1,0
20260812,1,5,1,5,92,91,1,0,0
20260812,1,6,1,6,64,64,0,1,0
20260812,1,7,1,7,70,64,1,0,0
20260812,1,8,1,8,58,58,0,1,0
20260812,1,9,1,9,50,50,0,1,0
20260812,1,10,1,10,53,50,1,0,0
20260812,1,11,1,11,44,44,0,1,0
20260812,1,12,1,12,46,44,1,0,0
20260812,1,13,1,13,37,37,0,1,0
20260812,1,14,1,14,35,35,0,1,0
20260812,1,15,1,15,44,35,1,0,0
20260812,1,16,1,16,28,28,0,1,0
20260812,1,17,1,17,23,23,0,1,0
20260812,1,18,1,18,24,23,1,0,0
20260812,1,19,1,19,19,19,0,1,0
20260812,1,20,1,20,12,12,0,1,0
20260812,1,21,1,21,13,12,1,0,0
20260812,1,22,1,22,11,11,0,1,0
20260812,1,23,1,23,8,8,0,1,0
20260812,1,24,1,24,5,5,0,1,0
20260812,1,25,1,25,3,3,0,1,0
20260812,1,26,1,26,4,3,1,0,0
20260812,1,27,1,27,3,3,2,0,0
20260812,1,28,1,28,3,3,3,0,0
20260812,1,29,1,29,2,2,0,1,0
20260812,1,30,1,30,1,1,0,1,0
20260812,1,31,1,31,2,1,1,0,0
20260812,1,32,1,32,1,1,2,0,0
20260812,1,33,1,33,2,1,3,0,0
20260812,1,34,1,34,1,1,4,0,0
20260812,1,35,1,35,1,1,5,0,0
20260812,1,36,1,36,2,1,6,0,0
20260812,1,37,1,37,2,1,7,0,0
20260812,1,38,1,38,1,1,8,0,0
20260812,1,39,1,39,2,1,9,0,0
20260812,1,40,1,40,2,1,10,0,0
20260812,1,41,1,41,2,1,11,0,0
20260812,1,42,1,42,2,1,12,0,0
20260812,1,43,1,43,1,1,13,0,0
20260812,1,44,1,44,3,1,14,0,0
20260812,1,45,1,45,2,1,15,0,0
20260812,1,46,1,46,2,1,16,0,0
20260812,1,47,1,47,1,1,17,0,0
20260812,1,48,1,48,1,1,18,0,0
20260812,1,49,1,49,3,1,19,0,0
20260812,1,50,1,50,2,1,20,0,0
20260812,1,51,1,51,3,1,21,0,0
20260812,1,52,1,52,2,1,22,0,0
20260812,1,53,1,53,1,1,23,0,0
20260812,1,54,1,54,1,1,24,0,0
20260812,1,55,1,55,1,1,25,0,0
20260812,1,56,1,56,0,0,0,1,1
20260812,2,1,1,1,131,123,1,0,0
20260812,2,2,1,2,105,105,0,1,0
20260812,2,3,1,3,75,75,0,1,0
20260812,2,4,1,4,67,67,0,1,0
20260812,2,5,1,5,62,62,0,1,0
20260812,2,6,1,6,62,62,1,0,0
20260812,2,7,1,7,54,54,0,1,0
20260812,2,8,1,8,48,48,0,1,0
20260812,2,9,1,9,39,39,0,1,0
20260812,2,10,1,10,35,35,0,1,0
20260812,2,11,1,11,43,35,1,0,0
20260812,2,12,1,12,33,33,0,1,0
20260812,2,13,1,13,31,31,0,1,0
20260812,2,14,1,14,26,26,0,1,0
20260812,2,15,1,15,23,23,0,1,0
20260812,2,16,1,16,22,22,0,1,0
20260812,2,17,1,17,18,18,0,1,0
20260812,2,18,1,18,28,18,1,0,0
20260812,2,19,1,19,16,16,0,1,0
20260812,2,20,1,20,16,16,1,0,0
20260812,2,21,1,21,16,16,2,0,0
20260812,2,22,1,22,12,12,0,1,0
20260812,2,23,1,23,9,9,0,1,0
20260812,2,24,1,24,14,9,1,0,0
20260812,2,25,1,25,16,9,2,0,0
20260812,2,26,1,26,10,9,3,0,0
20260812,2,27,1,27,6,6,0,1,0
20260812,2,28,1,28,7,6,1,0,0
20260812,2,29,1,29,9,6,2,0,0
20260812,2,30,1,30,9,6,3,0,0
20260812,2,31,1,31,5,5,0,1,0
20260812,2,32,1,32,9,5,1,0,0
20260812,2,33,1,33,6,5,2,0,0
20260812,2,34,1,34,9,5,3,0,0
20260812,2,35,1,35,6,5,4,0,0
20260812,2,36,1,36,9,5,5,0,0
20260812,2,37,1,37,9,5,6,0,0
20260812,2,38,1,38,5,5,7,0,0
20260812,2,39,1,39,2,2,0,1,0
20260812,2,40,1,40,9,2,1,0,0
20260812,2,41,1,41,9,2,2,0,0
20260812,2,42,1,42,12,2,3,0,0
20260812,2,43,1,43,9,2,4,0,0
20260812,2,44,1,44,8,2,5,0,0
20260812,2,45,1,45,9,2,6,0,0
20260812,2,46,1,46,6,2,7,0,0
20260812,2,47,1,47,9,2,8,0,0
20260812,2,48,1,48,6,2,9,0,0
20260812,2,49,1,49,9,2,10,0,0
20260812,2,50,1,50,6,2,11,0,0
20260812,2,51,1,51,3,2,12,0,0
20260812,2,52,1,52,4,2,13,0,0
20260812,2,53,1,53,9,2,14,0,0
20260812,2,54,1,54,9,2,15,0,0
20260812,2,55,1,55,9,2,16,0,0
20260812,2,56,1,56,9,2,17,0,0
20260812,2,57,1,57,3,2,18,0,0
20260812,2,58,1,58,8,2,19,0,0
20260812,2,59,1,59,9,2,20,0,0
20260812,2,60,1,60,7,2,21,0,0
20260812,2,61,1,61,9,2,22,0,0
20260812,2,62,1,62,8,2,23,0,0
20260812,2,63,1,63,9,2,24,0,0
20260812,2,64,1,64,9,2,25,0,0
20260812,2,65,1,65,9,2,26,0,0
20260812,2,66,1,66,7,2,27,0,0
20260812,2,67,1,67,9,2,28,0,0
20260812,2,68,1,68,9,2,29,0,0
20260812,2,69,1,69,9,2,30,0,0
20260812,2,70,1,70,9,2,31,0,0
20260812,2,71,1,71,9,2,32,0,0
20260812,2,72,1,72,9,2,33,0,0
20260812,2,73,1,73,9,2,34,0,0
20260812,2,74,1,74,8,2,35,0,0
20260812,2,75,1,75,9,2,36,0,0
20260812,2,76,1,76,10,2,37,0,0
20260812,2,77,1,77,9,2,38,0,0
20260812,2,78,1,78,6,2,39,0,0
20260812,2,79,1,79,9,2,40,0,0
20260812,2,80,1,80,3,2,41,0,0
20260812,2,81,2,1,882,2,42,0,0
20260812,2,82,2,2,871,2,43,0,0
20260812,2,83,2,3,817,2,44,0,0
20260812,2,84,2,4,801,2,45,0,0
20260812,2,85,2,5,848,2,46,0,0
20260812,2,86,2,6,803,2,47,0,0
20260812,2,87,2,7,757,2,48,0,0
20260812,2,88,2,8,196,2,49,0,0
20260812,2,89,2,9,57,2,50,0,0
20260812,2,90,2,10,44,2,51,0,0
20260812,2,91,2,11,24,2,52,0,0
20260812,2,92,2,12,29,2,53,0,0
20260812,2,93,2,13,23,2,54,0,0
20260812,2,94,2,14,13,2,55,0,0
20260812,2,95,2,15,14,2,56,0,0
20260812,2,96,2,16,15,2,57,0,0
20260812,2,97,2,17,13,2,58,0,0
20260812,2,98,2,18,15,2,59,0,0
20260812,2,99,2,19,13,2,60,0,0
20260812,2,100,2,20,11,2,61,0,0
20260812,2,101,2,21,16,2,62,0,0
20260812,2,102,2,22,11,2,63,0,0
20260812,2,103,2,23,10,2,64,0,0
20260812,2,104,2,24,7,2,65,0,0
20260812,2,105,2,25,8,2,66,0,0
20260812,2,106,2,26,6,2,67,0,0
20260812,2,107,2,27,8,2,68,0,0
20260812,2,108,2,28,6,2,69,0,0
20260812,2,109,2,29,10,2,70,0,0
20260812,2,110,2,30,16,2,71,0,0
20260812,2,111,2,31,28,2,72,0,0
20260812,2,112,2,32,98,2,73,0,0
20260812,2,113,2,33,228,2,74,0,0
20260812,2,114,2,34,332,2,75,0,0
20260812,2,115,2,35,235,2,76,0,0
20260812,2,116,2,36,246,2,77,0,0
20260812,2,117,2,37,258,2,78,0,0
20260812,2,118,2,38,174,2,79,0,0
20260812,2,119,2,39,122,2,80,0,0
20260812,2,120,2,40,17,2,81,0,0
20260812,2,121,2,41,9,2,82,0,0
20260812,2,122,2,42,7,2,83,0,0
20260812,2,123,2,43,5,2,84,0,0
20260812,2,124,2,44,3,2,85,0,0
20260812,2,125,2,45,3,2,86,0,0
20260812,2,126,2,46,4,2,87,0,0
20260812,2,127,2,47,4,2,88,0,0
20260812,2,128,2,48,3,2,89,0,0
20260812,2,129,2,49,4,2,90,0,0
20260812,2,130,2,50,7,2,91,0,0
20260812,2,131,2,51,3,2,92,0,0
20260812,2,132,2,52,6,2,93,0,0
20260812,2,133,2,53,5,2,94,0,0
20260812,2,134,2,54,3,2,95,0,0
20260812,2,135,2,55,3,2,96,0,0
20260812,2,136,2,56,2,2,97,0,0
20260812,2,137,2,57,37,2,98,0,0
20260812,2,138,2,58,146,2,99,0,0
20260812,2,139,2,59,349,2,100,0,0
20260812,2,140,2,60,403,2,101,0,0
20260812,2,141,3,1,739,2,102,0,0
20260812,2,142,3,2,592,2,103,0,0
20260812,2,143,3,3,204,2,104,0,0
20260812,2,144,3,4,65,2,105,0,0
20260812,2,145,3,5,68,2,106,0,0
20260812,2,146,3,6,45,2,107,0,0
20260812,2,147,3,7,24,2,108,0,0
20260812,2,148,3,8,16,2,109,0,0
20260812,2,149,3,9,22,2,110,0,0
20260812,2,150,3,10,19,2,111,0,0
20260812,2,151,3,11,15,2,112,0,0
20260812,2,152,3,12,14,2,113,0,0
20260812,2,153,3,13,16,2,114,0,0
20260812,2,154,3,14,10,2,115,0,0
20260812,2,155,3,15,7,2,116,0,0
20260812,2,156,3,16,8,2,117,0,0
20260812,2,157,3,17,10,2,118,0,0
20260812,2,158,3,18,13,2,119,0,0
20260812,2,159,3,19,11,2,120,0,0
20260812,2,160,3,20,4,2,121,0,0
20260812,2,161,3,21,2,2,122,0,0
20260812,2,162,3,22,4,2,123,0,0
20260812,2,163,3,23,0,0,0,1,1
20260812,3,1,1,1,181,148,1,0,0
20260812,3,2,1,2,142,142,0,1,0
20260812,3,3,1,3,103,103,0,1,0
20260812,3,4,1,4,132,103,1,0,0
20260812,3,5,1,5,97,97,0,1,0
20260812,3,6,1,6,71,71,0,1,0
20260812,3,7,1,7,60,60,0,1,0
20260812,3,8,1,8,46,46,0,1,0
20260812,3,9,1,9,41,41,0,1,0
20260812,3,10,1,10,41,41,1,0,0
20260812,3,11,1,11,43,41,2,0,0
20260812,3,12,1,12,48,41,3,0,0
20260812,3,13,1,13,40,40,0,1,0
20260812,3,14,1,14,41,40,1,0,0
20260812,3,15,1,15,32,32,0,1,0
20260812,3,16,1,16,26,26,0,1,0
20260812,3,17,1,17,20,20,0,1,0
20260812,3,18,1,18,23,20,1,0,0
20260812,3,19,1,19,25,20,2,0,0
20260812,3,20,1,20,27,20,3,0,0
20260812,3,21,1,21,29,20,4,0,0
20260812,3,22,1,22,34,20,5,0,0
20260812,3,23,1,23,27,20,6,0,0
20260812,3,24,1,24,31,20,7,0,0
20260812,3,25,1,25,25,20,8,0,0
20260812,3,26,1,26,26,20,9,0,0
20260812,3,27,1,27,18,18,0,1,0
20260812,3,28,1,28,21,18,1,0,0
20260812,3,29,1,29,26,18,2,0,0
20260812,3,30,1,30,25,18,3,0,0
20260812,3,31,1,31,29,18,4,0,0
20260812,3,32,1,32,18,18,5,0,0
20260812,3,33,1,33,25,18,6,0,0
20260812,3,34,1,34,22,18,7,0,0
20260812,3,35,1,35,24,18,8,0,0
20260812,3,36,1,36,11,11,0,1,0
20260812,3,37,1,37,17,11,1,0,0
20260812,3,38,1,38,17,11,2,0,0
20260812,3,39,1,39,13,11,3,0,0
20260812,3,40,1,40,20,11,4,0,0
20260812,3,41,1,41,17,11,5,0,0
20260812,3,42,1,42,16,11,6,0,0
20260812,3,43,1,43,17,11,7,0,0
20260812,3,44,1,44,7,7,0,1,0
20260812,3,45,1,45,15,7,1,0,0
20260812,3,46,1,46,17,7,2,0,0
20260812,3,47,1,47,14,7,3,0,0
20260812,3,48,1,48,14,7,4,0,0
20260812,3,49,1,49,16,7,5,0,0
20260812,3,50,1,50,17,7,6,0,0
20260812,3,51,1,51,17,7,7,0,0
20260812,3,52,1,52,18,7,8,0,0
20260812,3,53,1,53,18,7,9,0,0
20260812,3,54,1,54,19,7,10,0,0
20260812,3,55,1,55,18,7,11,0,0
20260812,3,56,1,56,15,7,12,0,0
20260812,3,57,1,57,17,7,13,0,0
20260812,3,58,1,58,7,7,14,0,0
20260812,3,59,1,59,11,7,15,0,0
20260812,3,60,1,60,10,7,16,0,0
20260812,3,61,1,61,9,7,17,0,0
20260812,3,62,1,62,14,7,18,0,0
20260812,3,63,1,63,12,7,19,0,0
20260812,3,64,1,64,12,7,20,0,0
20260812,3,65,1,65,8,7,21,0,0
20260812,3,66,1,66,10,7,22,0,0
20260812,3,67,1,67,10,7,23,0,0
20260812,3,68,1,68,6,6,0,1,0
20260812,3,69,1,69,9,6,1,0,0
20260812,3,70,1,70,4,4,0,1,0
20260812,3,71,1,71,6,4,1,0,0
20260812,3,72,1,72,10,4,2,0,0
20260812,3,73,1,73,9,4,3,0,0
20260812,3,74,1,74,5,4,4,0,0
20260812,3,75,1,75,9,4,5,0,0
20260812,3,76,1,76,7,4,6,0,0
20260812,3,77,1,77,2,2,0,1,0
20260812,3,78,1,78,9,2,1,0,0
20260812,3,79,1,79,6,2,2,0,0
20260812,3,80,1,80,6,2,3,0,0
20260812,3,81,2,1,879,2,4,0,0
20260812,3,82,2,2,847,2,5,0,0
20260812,3,83,2,3,856,2,6,0,0
20260812,3,84,2,4,732,2,7,0,0
20260812,3,85,2,5,878,2,8,0,0
20260812,3,86,2,6,799,2,9,0,0
20260812,3,87,2,7,756,2,10,0,0
20260812,3,88,2,8,178,2,11,0,0
20260812,3,89,2,9,87,2,12,0,0
20260812,3,90,2,10,68,2,13,0,0
20260812,3,91,2,11,58,2,14,0,0
20260812,3,92,2,12,45,2,15,0,0
20260812,3,93,2,13,54,2,16,0,0
20260812,3,94,2,14,51,2,17,0,0
20260812,3,95,2,15,29,2,18,0,0
20260812,3,96,2,16,29,2,19,0,0
20260812,3,97,2,17,27,2,20,0,0
20260812,3,98,2,18,40,2,21,0,0
20260812,3,99,2,19,27,2,22,0,0
20260812,3,100,2,20,26,2,23,0,0
20260812,3,101,2,21,18,2,24,0,0
20260812,3,102,2,22,17,2,25,0,0
20260812,3,103,2,23,18,2,26,0,0
20260812,3,104,2,24,27,2,27,0,0
20260812,3,105,2,25,11,2,28,0,0
20260812,3,106,2,26,10,2,29,0,0
20260812,3,107,2,27,9,2,30,0,0
20260812,3,108,2,28,9,2,31,0,0
20260812,3,109,2,29,13,2,32,0,0
20260812,3,110,2,30,14,2,33,0,0
20260812,3,111,2,31,21,2,34,0,0
20260812,3,112,2,32,15,2,35,0,0
20260812,3,113,2,33,23,2,36,0,0
20260812,3,114,2,34,19,2,37,0,0
20260812,3,115,2,35,31,2,38,0,0
20260812,3,116,2,36,32,2,39,0,0
20260812,3,117,2,37,72,2,40,0,0
20260812,3,118,2,38,127,2,41,0,0
20260812,3,119,2,39,228,2,42,0,0
20260812,3,120,2,40,245,2,43,0,0
20260812,3,121,2,41,185,2,44,0,0
20260812,3,122,2,42,260,2,45,0,0
20260812,3,123,2,43,153,2,46,0,0
20260812,3,124,2,44,55,2,47,0,0
20260812,3,125,2,45,23,2,48,0,0
20260812,3,126,2,46,29,2,49,0,0
20260812,3,127,2,47,35,2,50,0,0
20260812,3,128,2,48,17,2,51,0,0
20260812,3,129,2,49,11,2,52,0,0
20260812,3,130,2,50,14,2,53,0,0
20260812,3,131,2,51,12,2,54,0,0
20260812,3,132,2,52,14,2,55,0,0
20260812,3,133,2,53,8,2,56,0,0
20260812,3,134,2,54,3,2,57,0,0
20260812,3,135,2,55,5,2,58,0,0
20260812,3,136,2,56,2,2,59,0,0
20260812,3,137,2,57,2,2,60,0,0
20260812,3,138,2,58,2,2,61,0,0
20260812,3,139,2,59,5,2,62,0,0
20260812,3,140,2,60,11,2,63,0,0
20260812,3,141,3,1,839,2,64,0,0
20260812,3,142,3,2,199,2,65,0,0
20260812,3,143,3,3,50,2,66,0,0
20260812,3,144,3,4,34,2,67,0,0
20260812,3,145,3,5,17,2,68,0,0
20260812,3,146,3,6,11,2,69,0,0
20260812,3,147,3,7,12,2,70,0,0
20260812,3,148,3,8,11,2,71,0,0
20260812,3,149,3,9,12,2,72,0,0
20260812,3,150,3,10,9,2,73,0,0
20260812,3,151,3,11,8,2,74,0,0
20260812,3,152,3,12,4,2,75,0,0
20260812,3,153,3,13,7,2,76,0,0
20260812,3,154,3,14,10,2,77,0,0
20260812,3,155,3,15,8,2,78,0,0
20260812,3,156,3,16,2,2,79,0,0
20260812,3,157,3,17,9,2,80,0,0
20260812,3,158,3,18,7,2,81,0,0
20260812,3,159,3,19,21,2,82,0,0
20260812,3,160,3,20,40,2,83,0,0
20260812,3,161,3,21,65,2,84,0,0
20260812,3,162,3,22,138,2,85,0,0
20260812,3,163,3,23,245,2,86,0,0
20260812,3,164,3,24,326,2,87,0,0
20260812,3,165,3,25,500,2,88,0,0
20260812,3,166,3,26,365,2,89,0,0
20260812,3,167,3,27,49,2,90,0,0
20260812,3,168,3,28,33,2,91,0,0
20260812,3,169,3,29,20,2,92,0,0
20260812,3,170,3,30,29,2,93,0,0
20260812,3,171,3,31,16,2,94,0,0
20260812,3,172,3,32,19,2,95,0,0
20260812,3,173,3,33,15,2,96,0,0
20260812,3,174,3,34,19,2,97,0,0
20260812,3,175,3,35,14,2,98,0,0
20260812,3,176,3,36,13,2,99,0,0
20260812,3,177,3,37,11,2,100,0,0
20260812,3,178,3,38,11,2,101,0,0
20260812,3,179,3,39,8,2,102,0,0
20260812,3,180,3,40,7,2,103,0,0
20260812,3,181,3,41,4,2,104,0,0
20260812,3,182,3,42,4,2,105,0,0
20260812,3,183,3,43,7,2,106,0,0
20260812,3,184,3,44,6,2,107,0,0
20260812,3,185,3,45,8,2,108,0,0
20260812,3,186,3,46,12,2,109,0,0
20260812,3,187,3,47,7,2,110,0,0
20260812,3,188,3,48,1,1,0,1,0
20260812,3,189,3,49,4,1,1,0,0
20260812,3,190,3,50,1,1,2,0,0
20260812,3,191,3,51,3,1,3,0,0
20260812,3,192,3,52,7,1,4,0,0
20260812,3,193,3,53,7,1,5,0,0
20260812,3,194,3,54,17,1,6,0,0
20260812,3,195,3,55,31,1,7,0,0
20260812,3,196,3,56,64,1,8,0,0
20260812,3,197,3,57,127,1,9,0,0
20260812,3,198,3,58,258,1,10,0,0
20260812,3,199,3,59,237,1,11,0,0
20260812,3,200,3,60,222,1,12,0,0
20260812,3,201,4,1,720,1,13,0,0
20260812,3,202,4,2,423,1,14,0,0
20260812,3,203,4,3,248,1,15,0,0
20260812,3,204,4,4,116,1,16,0,0
20260812,3,205,4,5,89,1,17,0,0
20260812,3,206,4,6,69,1,18,0,0
20260812,3,207,4,7,51,1,19,0,0
20260812,3,208,4,8,38,1,20,0,0
20260812,3,209,4,9,30,1,21,0,0
20260812,3,210,4,10,28,1,22,0,0
20260812,3,211,4,11,47,1,23,0,0
20260812,3,212,4,12,40,1,24,0,0
20260812,3,213,4,13,22,1,25,0,0
20260812,3,214,4,14,16,1,26,0,0
20260812,3,215,4,15,13,1,27,0,0
20260812,3,216,4,16,21,1,28,0,0
20260812,3,217,4,17,12,1,29,0,0
20260812,3,218,4,18,8,1,30,0,0
20260812,3,219,4,19,6,1,31,0,0
20260812,3,220,4,20,7,1,32,0,0
20260812,3,221,4,21,2,1,33,0,0
20260812,3,222,4,22,5,1,34,0,0
20260812,3,223,4,23,5,1,35,0,0
20260812,3,224,4,24,4,1,36,0,0
20260812,3,225,4,25,2,1,37,0,0
20260812,3,226,4,26,1,1,38,0,0
20260812,3,227,4,27,3,1,39,0,0
20260812,3,228,4,28,7,1,40,0,0
20260812,3,229,4,29,3,1,41,0,0
20260812,3,230,4,30,6,1,42,0,0
20260812,3,231,4,31,7,1,43,0,0
20260812,3,232,4,32,31,1,44,0,0
20260812,3,233,4,33,63,1,45,0,0
20260812,3,234,4,34,202,1,46,0,0
20260812,3,235,4,35,365,1,47,0,0
20260812,3,236,4,36,391,1,48,0,0
20260812,3,237,4,37,385,1,49,0,0
20260812,3,238,4,38,260,1,50,0,0
20260812,3,239,4,39,146,1,51,0,0
20260812,3,240,4,40,105,1,52,0,0
20260812,3,241,4,41,59,1,53,0,0
20260812,3,242,4,42,49,1,54,0,0
20260812,3,243,4,43,38,1,55,0,0
20260812,3,244,4,44,30,1,56,0,0
20260812,3,245,4,45,25,1,57,0,0
20260812,3,246,4,46,19,1,58,0,0
20260812,3,247,4,47,15,1,59,0,0
20260812,3,248,4,48,26,1,60,0,0
20260812,3,249,4,49,21,1,61,0,0
20260812,3,250,4,50,21,1,62,0,0
20260812,3,251,4,51,18,1,63,0,0
20260812,3,252,4,52,13,1,64,0,0
20260812,3,253,4,53,18,1,65,0,0
20260812,3,254,4,54,17,1,66,0,0
20260812,3,255,4,55,10,1,67,0,0
20260812,3,256,4,56,11,1,68,0,0
20260812,3,257,4,57,13,1,69,0,0
20260812,3,258,4,58,13,1,70,0,0
20260812,3,259,4,59,17,1,71,0,0
20260812,3,260,4,60,9,1,72,0,0
20260812,3,261,5,1,850,1,73,0,0
20260812,3,262,5,2,249,1,74,0,0
20260812,3,263,5,3,102,1,75,0,0
20260812,3,264,5,4,48,1,76,0,0
20260812,3,265,5,5,41,1,77,0,0
20260812,3,266,5,6,30,1,78,0,0
20260812,3,267,5,7,28,1,79,0,0
20260812,3,268,5,8,24,1,80,0,0
20260812,3,269,5,9,21,1,81,0,0
20260812,3,270,5,10,21,1,82,0,0
20260812,3,271,5,11,22,1,83,0,0
20260812,3,272,5,12,17,1,84,0,0
20260812,3,273,5,13,15,1,85,0,0
20260812,3,274,5,14,16,1,86,0,0
20260812,3,275,5,15,13,1,87,0,0
20260812,3,276,5,16,11,1,88,0,0
20260812,3,277,5,17,9,1,89,0,0
20260812,3,278,5,18,16,1,90,0,0
20260812,3,279,5,19,16,1,91,0,0
20260812,3,280,5,20,5,1,92,0,0
20260812,3,281,5,21,0,0,0,1,1
20260812,4,1,1,1,216,154,1,0,0
20260812,4,2,1,2,169,154,2,0,0
20260812,4,3,1,3,109,109,0,1,0
20260812,4,4,1,4,79,79,0,1,0
20260812,4,5,1,5,87,79,1,0,0
20260812,4,6,1,6,80,79,2,0,0
20260812,4,7,1,7,72,72,0,1,0
20260812,4,8,1,8,47,47,0,1,0
20260812,4,9,1,9,55,47,1,0,0
20260812,4,10,1,10,52,47,2,0,0
20260812,4,11,1,11,41,41,0,1,0
20260812,4,12,1,12,50,41,1,0,0
20260812,4,13,1,13,28,28,0,1,0
20260812,4,14,1,14,39,28,1,0,0
20260812,4,15,1,15,43,28,2,0,0
20260812,4,16,1,16,34,28,3,0,0
20260812,4,17,1,17,22,22,0,1,0
20260812,4,18,1,18,21,21,0,1,0
20260812,4,19,1,19,25,21,1,0,0
20260812,4,20,1,20,22,21,2,0,0
20260812,4,21,1,21,26,21,3,0,0
20260812,4,22,1,22,26,21,4,0,0
20260812,4,23,1,23,26,21,5,0,0
20260812,4,24,1,24,23,21,6,0,0
20260812,4,25,1,25,27,21,7,0,0
20260812,4,26,1,26,25,21,8,0,0
20260812,4,27,1,27,28,21,9,0,0
20260812,4,28,1,28,15,15,0,1,0
20260812,4,29,1,29,24,15,1,0,0
20260812,4,30,1,30,15,15,2,0,0
20260812,4,31,1,31,14,14,0,1,0
20260812,4,32,1,32,19,14,1,0,0
20260812,4,33,1,33,21,14,2,0,0
20260812,4,34,1,34,19,14,3,0,0
20260812,4,35,1,35,22,14,4,0,0
20260812,4,36,1,36,17,14,5,0,0
20260812,4,37,1,37,17,14,6,0,0
20260812,4,38,1,38,11,11,0,1,0
20260812,4,39,1,39,13,11,1,0,0
20260812,4,40,1,40,20,11,2,0,0
20260812,4,41,1,41,18,11,3,0,0
20260812,4,42,1,42,17,11,4,0,0
20260812,4,43,1,43,21,11,5,0,0
20260812,4,44,1,44,21,11,6,0,0
20260812,4,45,1,45,19,11,7,0,0
20260812,4,46,1,46,13,11,8,0,0
20260812,4,47,1,47,16,11,9,0,0
20260812,4,48,1,48,12,11,10,0,0
20260812,4,49,1,49,18,11,11,0,0
20260812,4,50,1,50,17,11,12,0,0
20260812,4,51,1,51,17,11,13,0,0
20260812,4,52,1,52,17,11,14,0,0
20260812,4,53,1,53,15,11,15,0,0
20260812,4,54,1,54,14,11,16,0,0
20260812,4,55,1,55,14,11,17,0,0
20260812,4,56,1,56,8,8,0,1,0
20260812,4,57,1,57,6,6,0,1,0
20260812,4,58,1,58,6,6,1,0,0
20260812,4,59,1,59,10,6,2,0,0
20260812,4,60,1,60,11,6,3,0,0
20260812,4,61,1,61,8,6,4,0,0
20260812,4,62,1,62,6,6,5,0,0
20260812,4,63,1,63,3,3,0,1,0
20260812,4,64,1,64,0,0,0,1,1
20260812,5,1,1,1,224,152,1,0,0
20260812,5,2,1,2,131,131,0,1,0
20260812,5,3,1,3,93,93,0,1,0
20260812,5,4,1,4,89,89,0,1,0
20260812,5,5,1,5,79,79,0,1,0
20260812,5,6,1,6,68,68,0,1,0
20260812,5,7,1,7,50,50,0,1,0
20260812,5,8,1,8,48,48,0,1,0
20260812,5,9,1,9,48,48,1,0,0
20260812,5,10,1,10,43,43,0,1,0
20260812,5,11,1,11,29,29,0,1,0
20260812,5,12,1,12,28,28,0,1,0
20260812,5,13,1,13,42,28,1,0,0
20260812,5,14,1,14,33,28,2,0,0
20260812,5,15,1,15,24,24,0,1,0
20260812,5,16,1,16,18,18,0,1,0
20260812,5,17,1,17,15,15,0,1,0
20260812,5,18,1,18,15,15,1,0,0
20260812,5,19,1,19,13,13,0,1,0
20260812,5,20,1,20,10,10,0,1,0
20260812,5,21,1,21,8,8,0,1,0
20260812,5,22,1,22,8,8,1,0,0
20260812,5,23,1,23,10,8,2,0,0
20260812,5,24,1,24,12,8,3,0,0
20260812,5,25,1,25,5,5,0,1,0
20260812,5,26,1,26,2,2,0,1,0
20260812,5,27,1,27,0,0,0,1,1
20260812,6,1,1,1,240,165,1,0,0
20260812,6,2,1,2,170,165,2,0,0
20260812,6,3,1,3,119,119,0,1,0
20260812,6,4,1,4,111,111,0,1,0
20260812,6,5,1,5,88,88,0,1,0
20260812,6,6,1,6,75,75,0,1,0
20260812,6,7,1,7,61,61,0,1,0
20260812,6,8,1,8,71,61,1,0,0
20260812,6,9,1,9,53,53,0,1,0
20260812,6,10,1,10,45,45,0,1,0
20260812,6,11,1,11,48,45,1,0,0
20260812,6,12,1,12,48,45,2,0,0
20260812,6,13,1,13,33,33,0,1,0
20260812,6,14,1,14,34,33,1,0,0
20260812,6,15,1,15,39,33,2,0,0
20260812,6,16,1,16,31,31,0,1,0
20260812,6,17,1,17,35,31,1,0,0
20260812,6,18,1,18,22,22,0,1,0
20260812,6,19,1,19,27,22,1,0,0
20260812,6,20,1,20,16,16,0,1,0
20260812,6,21,1,21,30,16,1,0,0
20260812,6,22,1,22,35,16,2,0,0
20260812,6,23,1,23,24,16,3,0,0
20260812,6,24,1,24,22,16,4,0,0
20260812,6,25,1,25,24,16,5,0,0
20260812,6,26,1,26,19,16,6,0,0
20260812,6,27,1,27,25,16,7,0,0
20260812,6,28,1,28,16,16,8,0,0
20260812,6,29,1,29,27,16,9,0,0
20260812,6,30,1,30,23,16,10,0,0
20260812,6,31,1,31,27,16,11,0,0
20260812,6,32,1,32,23,16,12,0,0
20260812,6,33,1,33,21,16,13,0,0
20260812,6,34,1,34,17,16,14,0,0
20260812,6,35,1,35,21,16,15,0,0
20260812,6,36,1,36,14,14,0,1,0
20260812,6,37,1,37,18,14,1,0,0
20260812,6,38,1,38,16,14,2,0,0
20260812,6,39,1,39,23,14,3,0,0
20260812,6,40,1,40,18,14,4,0,0
20260812,6,41,1,41,21,14,5,0,0
20260812,6,42,1,42,17,14,6,0,0
20260812,6,43,1,43,19,14,7,0,0
20260812,6,44,1,44,17,14,8,0,0
20260812,6,45,1,45,22,14,9,0,0
20260812,6,46,1,46,13,13,0,1,0
20260812,6,47,1,47,20,13,1,0,0
20260812,6,48,1,48,22,13,2,0,0
20260812,6,49,1,49,23,13,3,0,0
20260812,6,50,1,50,23,13,4,0,0
20260812,6,51,1,51,21,13,5,0,0
20260812,6,52,1,52,23,13,6,0,0
20260812,6,53,1,53,11,11,0,1,0
20260812,6,54,1,54,14,11,1,0,0
20260812,6,55,1,55,10,10,0,1,0
20260812,6,56,1,56,13,10,1,0,0
20260812,6,57,1,57,16,10,2,0,0
20260812,6,58,1,58,13,10,3,0,0
20260812,6,59,1,59,21,10,4,0,0
20260812,6,60,1,60,21,10,5,0,0
20260812,6,61,1,61,12,10,6,0,0
20260812,6,62,1,62,12,10,7,0,0
20260812,6,63,1,63,19,10,8,0,0
20260812,6,64,1,64,17,10,9,0,0
20260812,6,65,1,65,13,10,10,0,0
20260812,6,66,1,66,13,10,11,0,0
20260812,6,67,1,67,19,10,12,0,0
20260812,6,68,1,68,11,10,13,0,0
20260812,6,69,1,69,12,10,14,0,0
20260812,6,70,1,70,9,9,0,1,0
20260812,6,71,1,71,15,9,1,0,0
20260812,6,72,1,72,11,9,2,0,0
20260812,6,73,1,73,12,9,3,0,0
20260812,6,74,1,74,13,9,4,0,0
20260812,6,75,1,75,23,9,5,0,0
20260812,6,76,1,76,12,9,6,0,0
20260812,6,77,1,77,20,9,7,0,0
20260812,6,78,1,78,14,9,8,0,0
20260812,6,79,1,79,16,9,9,0,0
20260812,6,80,1,80,19,9,10,0,0
20260812,6,81,2,1,882,9,11,0,0
20260812,6,82,2,2,868,9,12,0,0
20260812,6,83,2,3,813,9,13,0,0
20260812,6,84,2,4,668,9,14,0,0
20260812,6,85,2,5,870,9,15,0,0
20260812,6,86,2,6,853,9,16,0,0
20260812,6,87,2,7,792,9,17,0,0
20260812,6,88,2,8,192,9,18,0,0
20260812,6,89,2,9,122,9,19,0,0
20260812,6,90,2,10,92,9,20,0,0
20260812,6,91,2,11,46,9,21,0,0
20260812,6,92,2,12,56,9,22,0,0
20260812,6,93,2,13,59,9,23,0,0
20260812,6,94,2,14,48,9,24,0,0
20260812,6,95,2,15,40,9,25,0,0
20260812,6,96,2,16,43,9,26,0,0
20260812,6,97,2,17,31,9,27,0,0
20260812,6,98,2,18,28,9,28,0,0
20260812,6,99,2,19,18,9,29,0,0
20260812,6,100,2,20,20,9,30,0,0
20260812,6,101,2,21,22,9,31,0,0
20260812,6,102,2,22,14,9,32,0,0
20260812,6,103,2,23,20,9,33,0,0
20260812,6,104,2,24,16,9,34,0,0
20260812,6,105,2,25,10,9,35,0,0
20260812,6,106,2,26,11,9,36,0,0
20260812,6,107,2,27,14,9,37,0,0
20260812,6,108,2,28,22,9,38,0,0
20260812,6,109,2,29,22,9,39,0,0
20260812,6,110,2,30,23,9,40,0,0
20260812,6,111,2,31,29,9,41,0,0
20260812,6,112,2,32,56,9,42,0,0
20260812,6,113,2,33,160,9,43,0,0
20260812,6,114,2,34,334,9,44,0,0
20260812,6,115,2,35,360,9,45,0,0
20260812,6,116,2,36,377,9,46,0,0
20260812,6,117,2,37,298,9,47,0,0
20260812,6,118,2,38,234,9,48,0,0
20260812,6,119,2,39,157,9,49,0,0
20260812,6,120,2,40,59,9,50,0,0
20260812,6,121,2,41,60,9,51,0,0
20260812,6,122,2,42,44,9,52,0,0
20260812,6,123,2,43,34,9,53,0,0
20260812,6,124,2,44,30,9,54,0,0
20260812,6,125,2,45,23,9,55,0,0
20260812,6,126,2,46,27,9,56,0,0
20260812,6,127,2,47,18,9,57,0,0
20260812,6,128,2,48,12,9,58,0,0
20260812,6,129,2,49,7,7,0,1,0
20260812,6,130,2,50,7,7,1,0,0
20260812,6,131,2,51,11,7,2,0,0
20260812,6,132,2,52,9,7,3,0,0
20260812,6,133,2,53,5,5,0,1,0
20260812,6,134,2,54,6,5,1,0,0
20260812,6,135,2,55,5,5,2,0,0
20260812,6,136,2,56,8,5,3,0,0
20260812,6,137,2,57,6,5,4,0,0
20260812,6,138,2,58,14,5,5,0,0
20260812,6,139,2,59,22,5,6,0,0
20260812,6,140,2,60,24,5,7,0,0
20260812,6,141,3,1,848,5,8,0,0
20260812,6,142,3,2,248,5,9,0,0
20260812,6,143,3,3,101,5,10,0,0
20260812,6,144,3,4,74,5,11,0,0
20260812,6,145,3,5,41,5,12,0,0
20260812,6,146,3,6,30,5,13,0,0
20260812,6,147,3,7,28,5,14,0,0
20260812,6,148,3,8,22,5,15,0,0
20260812,6,149,3,9,18,5,16,0,0
20260812,6,150,3,10,21,5,17,0,0
20260812,6,151,3,11,17,5,18,0,0
20260812,6,152,3,12,16,5,19,0,0
20260812,6,153,3,13,12,5,20,0,0
20260812,6,154,3,14,15,5,21,0,0
20260812,6,155,3,15,10,5,22,0,0
20260812,6,156,3,16,10,5,23,0,0
20260812,6,157,3,17,5,5,24,0,0
20260812,6,158,3,18,4,4,0,1,0
20260812,6,159,3,19,7,4,1,0,0
20260812,6,160,3,20,5,4,2,0,0
20260812,6,161,3,21,5,4,3,0,0
20260812,6,162,3,22,3,3,0,1,0
20260812,6,163,3,23,6,3,1,0,0
20260812,6,164,3,24,5,3,2,0,0
20260812,6,165,3,25,17,3,3,0,0
20260812,6,166,3,26,12,3,4,0,0
20260812,6,167,3,27,12,3,5,0,0
20260812,6,168,3,28,21,3,6,0,0
20260812,6,169,3,29,72,3,7,0,0
20260812,6,170,3,30,128,3,8,0,0
20260812,6,171,3,31,210,3,9,0,0
20260812,6,172,3,32,221,3,10,0,0
20260812,6,173,3,33,219,3,11,0,0
20260812,6,174,3,34,206,3,12,0,0
20260812,6,175,3,35,236,3,13,0,0
20260812,6,176,3,36,252,3,14,0,0
20260812,6,177,3,37,255,3,15,0,0
20260812,6,178,3,38,209,3,16,0,0
20260812,6,179,3,39,131,3,17,0,0
20260812,6,180,3,40,40,3,18,0,0
20260812,6,181,3,41,28,3,19,0,0
20260812,6,182,3,42,30,3,20,0,0
20260812,6,183,3,43,22,3,21,0,0
20260812,6,184,3,44,26,3,22,0,0
20260812,6,185,3,45,20,3,23,0,0
20260812,6,186,3,46,14,3,24,0,0
20260812,6,187,3,47,11,3,25,0,0
20260812,6,188,3,48,10,3,26,0,0
20260812,6,189,3,49,8,3,27,0,0
20260812,6,190,3,50,14,3,28,0,0
20260812,6,191,3,51,8,3,29,0,0
20260812,6,192,3,52,9,3,30,0,0
20260812,6,193,3,53,6,3,31,0,0
20260812,6,194,3,54,5,3,32,0,0
20260812,6,195,3,55,8,3,33,0,0
20260812,6,196,3,56,6,3,34,0,0
20260812,6,197,3,57,2,2,0,1,0
20260812,6,198,3,58,5,2,1,0,0
20260812,6,199,3,59,6,2,2,0,0
20260812,6,200,3,60,5,2,3,0,0
20260812,6,201,4,1,854,2,4,0,0
20260812,6,202,4,2,161,2,5,0,0
20260812,6,203,4,3,54,2,6,0,0
20260812,6,204,4,4,31,2,7,0,0
20260812,6,205,4,5,24,2,8,0,0
20260812,6,206,4,6,11,2,9,0,0
20260812,6,207,4,7,7,2,10,0,0
20260812,6,208,4,8,3,2,11,0,0
20260812,6,209,4,9,8,2,12,0,0
20260812,6,210,4,10,6,2,13,0,0
20260812,6,211,4,11,6,2,14,0,0
20260812,6,212,4,12,3,2,15,0,0
20260812,6,213,4,13,6,2,16,0,0
20260812,6,214,4,14,7,2,17,0,0
20260812,6,215,4,15,14,2,18,0,0
20260812,6,216,4,16,6,2,19,0,0
20260812,6,217,4,17,3,2,20,0,0
20260812,6,218,4,18,3,2,21,0,0
20260812,6,219,4,19,0,0,0,1,1
20260812,7,1,1,1,327,212,1,0,0
20260812,7,2,1,2,302,212,2,0,0
20260812,7,3,1,3,164,164,0,1,0
20260812,7,4,1,4,184,164,1,0,0
20260812,7,5,1,5,146,146,0,1,0
20260812,7,6,1,6,104,104,0,1,0
20260812,7,7,1,7,79,79,0,1,0
20260812,7,8,1,8,87,79,1,0,0
20260812,7,9,1,9,80,79,2,0,0
20260812,7,10,1,10,75,75,0,1,0
20260812,7,11,1,11,59,59,0,1,0
20260812,7,12,1,12,66,59,1,0,0
20260812,7,13,1,13,64,59,2,0,0
20260812,7,14,1,14,71,59,3,0,0
20260812,7,15,1,15,66,59,4,0,0
20260812,7,16,1,16,37,37,0,1,0
20260812,7,17,1,17,50,37,1,0,0
20260812,7,18,1,18,39,37,2,0,0
20260812,7,19,1,19,46,37,3,0,0
20260812,7,20,1,20,42,37,4,0,0
20260812,7,21,1,21,40,37,5,0,0
20260812,7,22,1,22,40,37,6,0,0
20260812,7,23,1,23,45,37,7,0,0
20260812,7,24,1,24,40,37,8,0,0
20260812,7,25,1,25,41,37,9,0,0
20260812,7,26,1,26,48,37,10,0,0
20260812,7,27,1,27,47,37,11,0,0
20260812,7,28,1,28,33,33,0,1,0
20260812,7,29,1,29,39,33,1,0,0
20260812,7,30,1,30,39,33,2,0,0
20260812,7,31,1,31,39,33,3,0,0
20260812,7,32,1,32,33,33,4,0,0
20260812,7,33,1,33,42,33,5,0,0
20260812,7,34,1,34,37,33,6,0,0
20260812,7,35,1,35,35,33,7,0,0
20260812,7,36,1,36,25,25,0,1,0
20260812,7,37,1,37,29,25,1,0,0
20260812,7,38,1,38,27,25,2,0,0
20260812,7,39,1,39,33,25,3,0,0
20260812,7,40,1,40,26,25,4,0,0
20260812,7,41,1,41,32,25,5,0,0
20260812,7,42,1,42,32,25,6,0,0
20260812,7,43,1,43,32,25,7,0,0
20260812,7,44,1,44,31,25,8,0,0
20260812,7,45,1,45,32,25,9,0,0
20260812,7,46,1,46,31,25,10,0,0
20260812,7,47,1,47,29,25,11,0,0
20260812,7,48,1,48,25,25,12,0,0
20260812,7,49,1,49,25,25,13,0,0
20260812,7,50,1,50,30,25,14,0,0
20260812,7,51,1,51,28,25,15,0,0
20260812,7,52,1,52,16,16,0,1,0
20260812,7,53,1,53,24,16,1,0,0
20260812,7,54,1,54,24,16,2,0,0
20260812,7,55,1,55,22,16,3,0,0
20260812,7,56,1,56,18,16,4,0,0
20260812,7,57,1,57,22,16,5,0,0
20260812,7,58,1,58,21,16,6,0,0
20260812,7,59,1,59,18,16,7,0,0
20260812,7,60,1,60,13,13,0,1,0
20260812,7,61,1,61,14,13,1,0,0
20260812,7,62,1,62,19,13,2,0,0
20260812,7,63,1,63,14,13,3,0,0
20260812,7,64,1,64,15,13,4,0,0
20260812,7,65,1,65,14,13,5,0,0
20260812,7,66,1,66,11,11,0,1,0
20260812,7,67,1,67,10,10,0,1,0
20260812,7,68,1,68,8,8,0,1,0
20260812,7,69,1,69,13,8,1,0,0
20260812,7,70,1,70,11,8,2,0,0
20260812,7,71,1,71,17,8,3,0,0
20260812,7,72,1,72,14,8,4,0,0
20260812,7,73,1,73,13,8,5,0,0
20260812,7,74,1,74,14,8,6,0,0
20260812,7,75,1,75,17,8,7,0,0
20260812,7,76,1,76,16,8,8,0,0
20260812,7,77,1,77,17,8,9,0,0
20260812,7,78,1,78,14,8,10,0,0
20260812,7,79,1,79,19,8,11,0,0
20260812,7,80,1,80,8,8,12,0,0
20260812,7,81,2,1,856,8,13,0,0
20260812,7,82,2,2,812,8,14,0,0
20260812,7,83,2,3,818,8,15,0,0
20260812,7,84,2,4,211,8,16,0,0
20260812,7,85,2,5,145,8,17,0,0
20260812,7,86,2,6,116,8,18,0,0
20260812,7,87,2,7,72,8,19,0,0
20260812,7,88,2,8,60,8,20,0,0
20260812,7,89,2,9,51,8,21,0,0
20260812,7,90,2,10,50,8,22,0,0
20260812,7,91,2,11,43,8,23,0,0
20260812,7,92,2,12,52,8,24,0,0
20260812,7,93,2,13,32,8,25,0,0
20260812,7,94,2,14,24,8,26,0,0
20260812,7,95,2,15,10,8,27,0,0
20260812,7,96,2,16,23,8,28,0,0
20260812,7,97,2,17,20,8,29,0,0
20260812,7,98,2,18,15,8,30,0,0
20260812,7,99,2,19,15,8,31,0,0
20260812,7,100,2,20,20,8,32,0,0
20260812,7,101,2,21,4,4,0,1,0
20260812,7,102,2,22,3,3,0,1,0
20260812,7,103,2,23,8,3,1,0,0
20260812,7,104,2,24,4,3,2,0,0
20260812,7,105,2,25,8,3,3,0,0
20260812,7,106,2,26,5,3,4,0,0
20260812,7,107,2,27,8,3,5,0,0
20260812,7,108,2,28,8,3,6,0,0
20260812,7,109,2,29,3,3,7,0,0
20260812,7,110,2,30,7,3,8,0,0
20260812,7,111,2,31,2,2,0,1,0
20260812,7,112,2,32,0,0,0,1,1
20260812,8,1,1,1,209,148,1,0,0
20260812,8,2,1,2,164,148,2,0,0
20260812,8,3,1,3,88,88,0,1,0
20260812,8,4,1,4,85,85,0,1,0
20260812,8,5,1,5,75,75,0,1,0
20260812,8,6,1,6,69,69,0,1,0
20260812,8,7,1,7,76,69,1,0,0
20260812,8,8,1,8,75,69,2,0,0
20260812,8,9,1,9,67,67,0,1,0
20260812,8,10,1,10,33,33,0,1,0
20260812,8,11,1,11,44,33,1,0,0
20260812,8,12,1,12,43,33,2,0,0
20260812,8,13,1,13,39,33,3,0,0
20260812,8,14,1,14,41,33,4,0,0
20260812,8,15,1,15,36,33,5,0,0
20260812,8,16,1,16,29,29,0,1,0
20260812,8,17,1,17,45,29,1,0,0
20260812,8,18,1,18,38,29,2,0,0
20260812,8,19,1,19,45,29,3,0,0
20260812,8,20,1,20,42,29,4,0,0
20260812,8,21,1,21,38,29,5,0,0
20260812,8,22,1,22,21,21,0,1,0
20260812,8,23,1,23,27,21,1,0,0
20260812,8,24,1,24,17,17,0,1,0
20260812,8,25,1,25,27,17,1,0,0
20260812,8,26,1,26,26,17,2,0,0
20260812,8,27,1,27,26,17,3,0,0
20260812,8,28,1,28,11,11,0,1,0
20260812,8,29,1,29,14,11,1,0,0
20260812,8,30,1,30,15,11,2,0,0
20260812,8,31,1,31,17,11,3,0,0
20260812,8,32,1,32,16,11,4,0,0
20260812,8,33,1,33,16,11,5,0,0
20260812,8,34,1,34,9,9,0,1,0
20260812,8,35,1,35,12,9,1,0,0
20260812,8,36,1,36,7,7,0,1,0
20260812,8,37,1,37,13,7,1,0,0
20260812,8,38,1,38,6,6,0,1,0
20260812,8,39,1,39,12,6,1,0,0
20260812,8,40,1,40,6,6,2,0,0
20260812,8,41,1,41,13,6,3,0,0
20260812,8,42,1,42,13,6,4,0,0
20260812,8,43,1,43,12,6,5,0,0
20260812,8,44,1,44,8,6,6,0,0
20260812,8,45,1,45,13,6,7,0,0
20260812,8,46,1,46,13,6,8,0,0
20260812,8,47,1,47,12,6,9,0,0
20260812,8,48,1,48,8,6,10,0,0
20260812,8,49,1,49,13,6,11,0,0
20260812,8,50,1,50,13,6,12,0,0
20260812,8,51,1,51,12,6,13,0,0
20260812,8,52,1,52,8,6,14,0,0
20260812,8,53,1,53,13,6,15,0,0
20260812,8,54,1,54,9,6,16,0,0
20260812,8,55,1,55,12,6,17,0,0
20260812,8,56,1,56,5,5,0,1,0
20260812,8,57,1,57,13,5,1,0,0
20260812,8,58,1,58,9,5,2,0,0
20260812,8,59,1,59,12,5,3,0,0
20260812,8,60,1,60,4,4,0,1,0
20260812,8,61,1,61,13,4,1,0,0
20260812,8,62,1,62,10,4,2,0,0
20260812,8,63,1,63,13,4,3,0,0
20260812,8,64,1,64,3,3,0,1,0
20260812,8,65,1,65,9,3,1,0,0
20260812,8,66,1,66,9,3,2,0,0
20260812,8,67,1,67,10,3,3,0,0
20260812,8,68,1,68,7,3,4,0,0
20260812,8,69,1,69,9,3,5,0,0
20260812,8,70,1,70,6,3,6,0,0
20260812,8,71,1,71,9,3,7,0,0
20260812,8,72,1,72,6,3,8,0,0
20260812,8,73,1,73,9,3,9,0,0
20260812,8,74,1,74,5,3,10,0,0
20260812,8,75,1,75,9,3,11,0,0
20260812,8,76,1,76,4,3,12,0,0
20260812,8,77,1,77,3,3,13,0,0
20260812,8,78,1,78,3,3,14,0,0
20260812,8,79,1,79,0,0,0,1,1
20260812,9,1,1,1,251,173,1,0,0
20260812,9,2,1,2,212,173,2,0,0
20260812,9,3,1,3,130,130,0,1,0
20260812,9,4,1,4,123,123,0,1,0
20260812,9,5,1,5,109,109,0,1,0
20260812,9,6,1,6,98,98,0,1,0
20260812,9,7,1,7,84,84,0,1,0
20260812,9,8,1,8,71,71,0,1,0
20260812,9,9,1,9,74,71,1,0,0
20260812,9,10,1,10,73,71,2,0,0
20260812,9,11,1,11,63,63,0,1,0
20260812,9,12,1,12,55,55,0,1,0
20260812,9,13,1,13,60,55,1,0,0
20260812,9,14,1,14,50,50,0,1,0
20260812,9,15,1,15,33,33,0,1,0
20260812,9,16,1,16,38,33,1,0,0
20260812,9,17,1,17,44,33,2,0,0
20260812,9,18,1,18,29,29,0,1,0
20260812,9,19,1,19,32,29,1,0,0
20260812,9,20,1,20,34,29,2,0,0
20260812,9,21,1,21,37,29,3,0,0
20260812,9,22,1,22,35,29,4,0,0
20260812,9,23,1,23,37,29,5,0,0
20260812,9,24,1,24,27,27,0,1,0
20260812,9,25,1,25,37,27,1,0,0
20260812,9,26,1,26,39,27,2,0,0
20260812,9,27,1,27,30,27,3,0,0
20260812,9,28,1,28,25,25,0,1,0
20260812,9,29,1,29,30,25,1,0,0
20260812,9,30,1,30,29,25,2,0,0
20260812,9,31,1,31,27,25,3,0,0
20260812,9,32,1,32,31,25,4,0,0
20260812,9,33,1,33,27,25,5,0,0
20260812,9,34,1,34,22,22,0,1,0
20260812,9,35,1,35,31,22,1,0,0
20260812,9,36,1,36,20,20,0,1,0
20260812,9,37,1,37,20,20,1,0,0
20260812,9,38,1,38,12,12,0,1,0
20260812,9,39,1,39,17,12,1,0,0
20260812,9,40,1,40,23,12,2,0,0
20260812,9,41,1,41,20,12,3,0,0
20260812,9,42,1,42,13,12,4,0,0
20260812,9,43,1,43,19,12,5,0,0
20260812,9,44,1,44,23,12,6,0,0
20260812,9,45,1,45,20,12,7,0,0
20260812,9,46,1,46,18,12,8,0,0
20260812,9,47,1,47,20,12,9,0,0
20260812,9,48,1,48,25,12,10,0,0
20260812,9,49,1,49,15,12,11,0,0
20260812,9,50,1,50,16,12,12,0,0
20260812,9,51,1,51,14,12,13,0,0
20260812,9,52,1,52,17,12,14,0,0
20260812,9,53,1,53,16,12,15,0,0
20260812,9,54,1,54,6,6,0,1,0
20260812,9,55,1,55,3,3,0,1,0
20260812,9,56,1,56,1,1,0,1,0
20260812,9,57,1,57,1,1,1,0,0
20260812,9,58,1,58,0,0,0,1,1
20260812,10,1,1,1,248,187,1,0,0
20260812,10,2,1,2,176,176,0,1,0
20260812,10,3,1,3,112,112,0,1,0
20260812,10,4,1,4,118,112,1,0,0
20260812,10,5,1,5,112,112,2,0,0
20260812,10,6,1,6,65,65,0,1,0
20260812,10,7,1,7,69,65,1,0,0
20260812,10,8,1,8,60,60,0,1,0
20260812,10,9,1,9,59,59,0,1,0
20260812,10,10,1,10,41,41,0,1,0
20260812,10,11,1,11,36,36,0,1,0
20260812,10,12,1,12,37,36,1,0,0
20260812,10,13,1,13,26,26,0,1,0
20260812,10,14,1,14,15,15,0,1,0
20260812,10,15,1,15,20,15,1,0,0
20260812,10,16,1,16,14,14,0,1,0
20260812,10,17,1,17,17,14,1,0,0
20260812,10,18,1,18,19,14,2,0,0
20260812,10,19,1,19,22,14,3,0,0
20260812,10,20,1,20,16,14,4,0,0
20260812,10,21,1,21,12,12,0,1,0
20260812,10,22,1,22,13,12,1,0,0
20260812,10,23,1,23,6,6,0,1,0
20260812,10,24,1,24,11,6,1,0,0
20260812,10,25,1,25,7,6,2,0,0
20260812,10,26,1,26,6,6,3,0,0
20260812,10,27,1,27,12,6,4,0,0
20260812,10,28,1,28,15,6,5,0,0
20260812,10,29,1,29,11,6,6,0,0
20260812,10,30,1,30,10,6,7,0,0
20260812,10,31,1,31,9,6,8,0,0
20260812,10,32,1,32,5,5,0,1,0
20260812,10,33,1,33,9,5,1,0,0
20260812,10,34,1,34,9,5,2,0,0
20260812,10,35,1,35,9,5,3,0,0
20260812,10,36,1,36,0,0,0,1,1
20260812,11,1,1,1,233,175,1,0,0
20260812,11,2,1,2,177,175,2,0,0
20260812,11,3,1,3,99,99,0,1,0
20260812,11,4,1,4,126,99,1,0,0
20260812,11,5,1,5,96,96,0,1,0
20260812,11,6,1,6,61,61,0,1,0
20260812,11,7,1,7,63,61,1,0,0
20260812,11,8,1,8,53,53,0,1,0
20260812,11,9,1,9,53,53,1,0,0
20260812,11,10,1,10,46,46,0,1,0
20260812,11,11,1,11,58,46,1,0,0
20260812,11,12,1,12,38,38,0,1,0
20260812,11,13,1,13,41,38,1,0,0
20260812,11,14,1,14,34,34,0,1,0
20260812,11,15,1,15,31,31,0,1,0
20260812,11,16,1,16,26,26,0,1,0
20260812,11,17,1,17,31,26,1,0,0
20260812,11,18,1,18,14,14,0,1,0
20260812,11,19,1,19,18,14,1,0,0
20260812,11,20,1,20,17,14,2,0,0
20260812,11,21,1,21,10,10,0,1,0
20260812,11,22,1,22,15,10,1,0,0
20260812,11,23,1,23,13,10,2,0,0
20260812,11,24,1,24,12,10,3,0,0
20260812,11,25,1,25,15,10,4,0,0
20260812,11,26,1,26,9,9,0,1,0
20260812,11,27,1,27,8,8,0,1,0
20260812,11,28,1,28,9,8,1,0,0
20260812,11,29,1,29,11,8,2,0,0
20260812,11,30,1,30,9,8,3,0,0
20260812,11,31,1,31,9,8,4,0,0
20260812,11,32,1,32,9,8,5,0,0
20260812,11,33,1,33,9,8,6,0,0
20260812,11,34,1,34,12,8,7,0,0
20260812,11,35,1,35,9,8,8,0,0
20260812,11,36,1,36,9,8,9,0,0
20260812,11,37,1,37,8,8,10,0,0
20260812,11,38,1,38,12,8,11,0,0
20260812,11,39,1,39,10,8,12,0,0
20260812,11,40,1,40,10,8,13,0,0
20260812,11,41,1,41,7,7,0,1,0
20260812,11,42,1,42,9,7,1,0,0
20260812,11,43,1,43,11,7,2,0,0
20260812,11,44,1,44,12,7,3,0,0
20260812,11,45,1,45,10,7,4,0,0
20260812,11,46,1,46,10,7,5,0,0
20260812,11,47,1,47,10,7,6,0,0
20260812,11,48,1,48,0,0,0,1,1
20260812,12,1,1,1,315,208,1,0,0
20260812,12,2,1,2,217,208,2,0,0
20260812,12,3,1,3,144,144,0,1,0
20260812,12,4,1,4,137,137,0,1,0
20260812,12,5,1,5,128,128,0,1,0
20260812,12,6,1,6,100,100,0,1,0
20260812,12,7,1,7,84,84,0,1,0
20260812,12,8,1,8,76,76,0,1,0
20260812,12,9,1,9,61,61,0,1,0
20260812,12,10,1,10,61,61,1,0,0
20260812,12,11,1,11,36,36,0,1,0
20260812,12,12,1,12,49,36,1,0,0
20260812,12,13,1,13,37,36,2,0,0
20260812,12,14,1,14,54,36,3,0,0
20260812,12,15,1,15,44,36,4,0,0
20260812,12,16,1,16,46,36,5,0,0
20260812,12,17,1,17,48,36,6,0,0
20260812,12,18,1,18,53,36,7,0,0
20260812,12,19,1,19,40,36,8,0,0
20260812,12,20,1,20,49,36,9,0,0
20260812,12,21,1,21,49,36,10,0,0
20260812,12,22,1,22,38,36,11,0,0
20260812,12,23,1,23,46,36,12,0,0
20260812,12,24,1,24,44,36,13,0,0
20260812,12,25,1,25,28,28,0,1,0
20260812,12,26,1,26,34,28,1,0,0
20260812,12,27,1,27,18,18,0,1,0
20260812,12,28,1,28,26,18,1,0,0
20260812,12,29,1,29,24,18,2,0,0
20260812,12,30,1,30,19,18,3,0,0
20260812,12,31,1,31,20,18,4,0,0
20260812,12,32,1,32,19,18,5,0,0
20260812,12,33,1,33,9,9,0,1,0
20260812,12,34,1,34,9,9,1,0,0
20260812,12,35,1,35,14,9,2,0,0
20260812,12,36,1,36,14,9,3,0,0
20260812,12,37,1,37,17,9,4,0,0
20260812,12,38,1,38,19,9,5,0,0
20260812,12,39,1,39,17,9,6,0,0
20260812,12,40,1,40,17,9,7,0,0
20260812,12,41,1,41,14,9,8,0,0
20260812,12,42,1,42,21,9,9,0,0
20260812,12,43,1,43,16,9,10,0,0
20260812,12,44,1,44,17,9,11,0,0
20260812,12,45,1,45,10,9,12,0,0
20260812,12,46,1,46,21,9,13,0,0
20260812,12,47,1,47,16,9,14,0,0
20260812,12,48,1,48,19,9,15,0,0
20260812,12,49,1,49,18,9,16,0,0
20260812,12,50,1,50,19,9,17,0,0
20260812,12,51,1,51,17,9,18,0,0
20260812,12,52,1,52,19,9,19,0,0
20260812,12,53,1,53,14,9,20,0,0
20260812,12,54,1,54,17,9,21,0,0
20260812,12,55,1,55,18,9,22,0,0
20260812,12,56,1,56,19,9,23,0,0
20260812,12,57,1,57,19,9,24,0,0
20260812,12,58,1,58,19,9,25,0,0
20260812,12,59,1,59,20,9,26,0,0
20260812,12,60,1,60,19,9,27,0,0
20260812,12,61,1,61,15,9,28,0,0
20260812,12,62,1,62,19,9,29,0,0
20260812,12,63,1,63,16,9,30,0,0
20260812,12,64,1,64,19,9,31,0,0
20260812,12,65,1,65,21,9,32,0,0
20260812,12,66,1,66,19,9,33,0,0
20260812,12,67,1,67,17,9,34,0,0
20260812,12,68,1,68,19,9,35,0,0
20260812,12,69,1,69,14,9,36,0,0
20260812,12,70,1,70,19,9,37,0,0
20260812,12,71,1,71,17,9,38,0,0
20260812,12,72,1,72,19,9,39,0,0
20260812,12,73,1,73,17,9,40,0,0
20260812,12,74,1,74,19,9,41,0,0
20260812,12,75,1,75,14,9,42,0,0
20260812,12,76,1,76,19,9,43,0,0
20260812,12,77,1,77,16,9,44,0,0
20260812,12,78,1,78,19,9,45,0,0
20260812,12,79,1,79,18,9,46,0,0
20260812,12,80,1,80,19,9,47,0,0
20260812,12,81,2,1,863,9,48,0,0
20260812,12,82,2,2,874,9,49,0,0
20260812,12,83,2,3,873,9,50,0,0
20260812,12,84,2,4,808,9,51,0,0
20260812,12,85,2,5,849,9,52,0,0
20260812,12,86,2,6,640,9,53,0,0
20260812,12,87,2,7,581,9,54,0,0
20260812,12,88,2,8,249,9,55,0,0
20260812,12,89,2,9,104,9,56,0,0
20260812,12,90,2,10,66,9,57,0,0
20260812,12,91,2,11,68,9,58,0,0
20260812,12,92,2,12,50,9,59,0,0
20260812,12,93,2,13,38,9,60,0,0
20260812,12,94,2,14,40,9,61,0,0
20260812,12,95,2,15,31,9,62,0,0
20260812,12,96,2,16,24,9,63,0,0
20260812,12,97,2,17,17,9,64,0,0
20260812,12,98,2,18,22,9,65,0,0
20260812,12,99,2,19,18,9,66,0,0
20260812,12,100,2,20,9,9,67,0,0
20260812,12,101,2,21,16,9,68,0,0
20260812,12,102,2,22,12,9,69,0,0
20260812,12,103,2,23,21,9,70,0,0
20260812,12,104,2,24,12,9,71,0,0
20260812,12,105,2,25,5,5,0,1,0
20260812,12,106,2,26,1,1,0,1,0
20260812,12,107,2,27,1,1,1,0,0
20260812,12,108,2,28,1,1,2,0,0
20260812,12,109,2,29,3,1,3,0,0
20260812,12,110,2,30,3,1,4,0,0
20260812,12,111,2,31,2,1,5,0,0
20260812,12,112,2,32,4,1,6,0,0
20260812,12,113,2,33,2,1,7,0,0
20260812,12,114,2,34,3,1,8,0,0
20260812,12,115,2,35,1,1,9,0,0
20260812,12,116,2,36,1,1,10,0,0
20260812,12,117,2,37,1,1,11,0,0
20260812,12,118,2,38,1,1,12,0,0
20260812,12,119,2,39,3,1,13,0,0
20260812,12,120,2,40,9,1,14,0,0
20260812,12,121,2,41,13,1,15,0,0
20260812,12,122,2,42,24,1,16,0,0
20260812,12,123,2,43,54,1,17,0,0
20260812,12,124,2,44,132,1,18,0,0
20260812,12,125,2,45,301,1,19,0,0
20260812,12,126,2,46,350,1,20,0,0
20260812,12,127,2,47,238,1,21,0,0
20260812,12,128,2,48,224,1,22,0,0
20260812,12,129,2,49,214,1,23,0,0
20260812,12,130,2,50,239,1,24,0,0
20260812,12,131,2,51,222,1,25,0,0
20260812,12,132,2,52,161,1,26,0,0
20260812,12,133,2,53,82,1,27,0,0
20260812,12,134,2,54,33,1,28,0,0
20260812,12,135,2,55,29,1,29,0,0
20260812,12,136,2,56,20,1,30,0,0
20260812,12,137,2,57,25,1,31,0,0
20260812,12,138,2,58,29,1,32,0,0
20260812,12,139,2,59,24,1,33,0,0
20260812,12,140,2,60,21,1,34,0,0
20260812,12,141,3,1,868,1,35,0,0
20260812,12,142,3,2,226,1,36,0,0
20260812,12,143,3,3,55,1,37,0,0
20260812,12,144,3,4,42,1,38,0,0
20260812,12,145,3,5,31,1,39,0,0
20260812,12,146,3,6,15,1,40,0,0
20260812,12,147,3,7,6,1,41,0,0
20260812,12,148,3,8,5,1,42,0,0
20260812,12,149,3,9,5,1,43,0,0
20260812,12,150,3,10,3,1,44,0,0
20260812,12,151,3,11,2,1,45,0,0
20260812,12,152,3,12,3,1,46,0,0
20260812,12,153,3,13,3,1,47,0,0
20260812,12,154,3,14,5,1,48,0,0
20260812,12,155,3,15,6,1,49,0,0
20260812,12,156,3,16,6,1,50,0,0
20260812,12,157,3,17,12,1,51,0,0
20260812,12,158,3,18,11,1,52,0,0
20260812,12,159,3,19,15,1,53,0,0
20260812,12,160,3,20,20,1,54,0,0
20260812,12,161,3,21,16,1,55,0,0
20260812,12,162,3,22,25,1,56,0,0
20260812,12,163,3,23,55,1,57,0,0
20260812,12,164,3,24,267,1,58,0,0
20260812,12,165,3,25,389,1,59,0,0
20260812,12,166,3,26,268,1,60,0,0
20260812,12,167,3,27,230,1,61,0,0
20260812,12,168,3,28,245,1,62,0,0
20260812,12,169,3,29,222,1,63,0,0
20260812,12,170,3,30,124,1,64,0,0
20260812,12,171,3,31,49,1,65,0,0
20260812,12,172,3,32,43,1,66,0,0
20260812,12,173,3,33,42,1,67,0,0
20260812,12,174,3,34,33,1,68,0,0
20260812,12,175,3,35,32,1,69,0,0
20260812,12,176,3,36,30,1,70,0,0
20260812,12,177,3,37,23,1,71,0,0
20260812,12,178,3,38,22,1,72,0,0
20260812,12,179,3,39,22,1,73,0,0
20260812,12,180,3,40,12,1,74,0,0
20260812,12,181,3,41,20,1,75,0,0
20260812,12,182,3,42,11,1,76,0,0
20260812,12,183,3,43,14,1,77,0,0
20260812,12,184,3,44,23,1,78,0,0
20260812,12,185,3,45,14,1,79,0,0
20260812,12,186,3,46,25,1,80,0,0
20260812,12,187,3,47,54,1,81,0,0
20260812,12,188,3,48,113,1,82,0,0
20260812,12,189,3,49,186,1,83,0,0
20260812,12,190,3,50,225,1,84,0,0
20260812,12,191,3,51,189,1,85,0,0
20260812,12,192,3,52,191,1,86,0,0
20260812,12,193,3,53,192,1,87,0,0
20260812,12,194,3,54,180,1,88,0,0
20260812,12,195,3,55,188,1,89,0,0
20260812,12,196,3,56,177,1,90,0,0
20260812,12,197,3,57,190,1,91,0,0
20260812,12,198,3,58,182,1,92,0,0
20260812,12,199,3,59,84,1,93,0,0
20260812,12,200,3,60,42,1,94,0,0
20260812,12,201,4,1,721,1,95,0,0
20260812,12,202,4,2,453,1,96,0,0
20260812,12,203,4,3,179,1,97,0,0
20260812,12,204,4,4,95,1,98,0,0
20260812,12,205,4,5,101,1,99,0,0
20260812,12,206,4,6,92,1,100,0,0
20260812,12,207,4,7,69,1,101,0,0
20260812,12,208,4,8,61,1,102,0,0
20260812,12,209,4,9,49,1,103,0,0
20260812,12,210,4,10,52,1,104,0,0
20260812,12,211,4,11,46,1,105,0,0
20260812,12,212,4,12,43,1,106,0,0
20260812,12,213,4,13,39,1,107,0,0
20260812,12,214,4,14,35,1,108,0,0
20260812,12,215,4,15,27,1,109,0,0
20260812,12,216,4,16,23,1,110,0,0
20260812,12,217,4,17,28,1,111,0,0
20260812,12,218,4,18,37,1,112,0,0
20260812,12,219,4,19,32,1,113,0,0
20260812,12,220,4,20,24,1,114,0,0
20260812,12,221,4,21,19,1,115,0,0
20260812,12,222,4,22,13,1,116,0,0
20260812,12,223,4,23,20,1,117,0,0
20260812,12,224,4,24,9,1,118,0,0
20260812,12,225,4,25,22,1,119,0,0
20260812,12,226,4,26,13,1,120,0,0
20260812,12,227,4,27,22,1,121,0,0
20260812,12,228,4,28,33,1,122,0,0
20260812,12,229,4,29,72,1,123,0,0
20260812,12,230,4,30,106,1,124,0,0
20260812,12,231,4,31,241,1,125,0,0
20260812,12,232,4,32,290,1,126,0,0
20260812,12,233,4,33,200,1,127,0,0
20260812,12,234,4,34,183,1,128,0,0
20260812,12,235,4,35,174,1,129,0,0
20260812,12,236,4,36,166,1,130,0,0
20260812,12,237,4,37,115,1,131,0,0
20260812,12,238,4,38,83,1,132,0,0
20260812,12,239,4,39,34,1,133,0,0
20260812,12,240,4,40,24,1,134,0,0
20260812,12,241,4,41,33,1,135,0,0
20260812,12,242,4,42,20,1,136,0,0
20260812,12,243,4,43,29,1,137,0,0
20260812,12,244,4,44,18,1,138,0,0
20260812,12,245,4,45,14,1,139,0,0
20260812,12,246,4,46,13,1,140,0,0
20260812,12,247,4,47,13,1,141,0,0
20260812,12,248,4,48,13,1,142,0,0
20260812,12,249,4,49,11,1,143,0,0
20260812,12,250,4,50,22,1,144,0,0
20260812,12,251,4,51,7,1,145,0,0
20260812,12,252,4,52,9,1,146,0,0
20260812,12,253,4,53,8,1,147,0,0
20260812,12,254,4,54,6,1,148,0,0
20260812,12,255,4,55,8,1,149,0,0
20260812,12,256,4,56,4,1,150,0,0
20260812,12,257,4,57,4,1,151,0,0
20260812,12,258,4,58,6,1,152,0,0
20260812,12,259,4,59,4,1,153,0,0
20260812,12,260,4,60,1,1,154,0,0
20260812,12,261,5,1,886,1,155,0,0
20260812,12,262,5,2,132,1,156,0,0
20260812,12,263,5,3,72,1,157,0,0
20260812,12,264,5,4,66,1,158,0,0
20260812,12,265,5,5,40,1,159,0,0
20260812,12,266,5,6,24,1,160,0,0
20260812,12,267,5,7,30,1,161,0,0
20260812,12,268,5,8,27,1,162,0,0
20260812,12,269,5,9,14,1,163,0,0
20260812,12,270,5,10,17,1,164,0,0
20260812,12,271,5,11,13,1,165,0,0
20260812,12,272,5,12,12,1,166,0,0
20260812,12,273,5,13,10,1,167,0,0
20260812,12,274,5,14,8,1,168,0,0
20260812,12,275,5,15,12,1,169,0,0
20260812,12,276,5,16,12,1,170,0,0
20260812,12,277,5,17,11,1,171,0,0
20260812,12,278,5,18,14,1,172,0,0
20260812,12,279,5,19,13,1,173,0,0
20260812,12,280,5,20,11,1,174,0,0
20260812,12,281,5,21,7,1,175,0,0
20260812,12,282,5,22,8,1,176,0,0
20260812,12,283,5,23,8,1,177,0,0
20260812,12,284,5,24,12,1,178,0,0
20260812,12,285,5,25,11,1,179,0,0
20260812,12,286,5,26,6,1,180,0,0
20260812,12,287,5,27,9,1,181,0,0
20260812,12,288,5,28,7,1,182,0,0
20260812,12,289,5,29,12,1,183,0,0
20260812,12,290,5,30,13,1,184,0,0
20260812,12,291,5,31,11,1,185,0,0
20260812,12,292,5,32,7,1,186,0,0
20260812,12,293,5,33,14,1,187,0,0
20260812,12,294,5,34,13,1,188,0,0
20260812,12,295,5,35,21,1,189,0,0
20260812,12,296,5,36,37,1,190,0,0
20260812,12,297,5,37,83,1,191,0,0
20260812,12,298,5,38,187,1,192,0,0
20260812,12,299,5,39,384,1,193,0,0
20260812,12,300,5,40,304,1,194,0,0
20260812,12,301,5,41,277,1,195,0,0
20260812,12,302,5,42,220,1,196,0,0
20260812,12,303,5,43,227,1,197,0,0
20260812,12,304,5,44,220,1,198,0,0
20260812,12,305,5,45,187,1,199,0,0
20260812,12,306,5,46,98,1,200,0,0
20260812,12,307,5,47,53,1,201,0,0
20260812,12,308,5,48,44,1,202,0,0
20260812,12,309,5,49,42,1,203,0,0
20260812,12,310,5,50,37,1,204,0,0
20260812,12,311,5,51,31,1,205,0,0
20260812,12,312,5,52,24,1,206,0,0
20260812,12,313,5,53,25,1,207,0,0
20260812,12,314,5,54,29,1,208,0,0
20260812,12,315,5,55,34,1,209,0,0
20260812,12,316,5,56,31,1,210,0,0
20260812,12,317,5,57,13,1,211,0,0
20260812,12,318,5,58,4,1,212,0,0
20260812,12,319,5,59,8,1,213,0,0
20260812,12,320,5,60,11,1,214,0,0
20260812,12,321,6,1,906,1,215,0,0
20260812,12,322,6,2,186,1,216,0,0
20260812,12,323,6,3,133,1,217,0,0
20260812,12,324,6,4,121,1,218,0,0
20260812,12,325,6,5,76,1,219,0,0
20260812,12,326,6,6,65,1,220,0,0
20260812,12,327,6,7,67,1,221,0,0
20260812,12,328,6,8,47,1,222,0,0
20260812,12,329,6,9,45,1,223,0,0
20260812,12,330,6,10,37,1,224,0,0
20260812,12,331,6,11,32,1,225,0,0
20260812,12,332,6,12,26,1,226,0,0
20260812,12,333,6,13,21,1,227,0,0
20260812,12,334,6,14,23,1,228,0,0
20260812,12,335,6,15,18,1,229,0,0
20260812,12,336,6,16,17,1,230,0,0
20260812,12,337,6,17,12,1,231,0,0
20260812,12,338,6,18,19,1,232,0,0
20260812,12,339,6,19,18,1,233,0,0
20260812,12,340,6,20,13,1,234,0,0
20260812,12,341,6,21,12,1,235,0,0
20260812,12,342,6,22,17,1,236,0,0
20260812,12,343,6,23,14,1,237,0,0
20260812,12,344,6,24,9,1,238,0,0
20260812,12,345,6,25,5,1,239,0,0
20260812,12,346,6,26,3,1,240,0,0
20260812,12,347,6,27,0,0,0,1,1
20260812,13,1,1,1,218,166,1,0,0
20260812,13,2,1,2,184,166,2,0,0
20260812,13,3,1,3,108,108,0,1,0
20260812,13,4,1,4,79,79,0,1,0
20260812,13,5,1,5,72,72,0,1,0
20260812,13,6,1,6,65,65,0,1,0
20260812,13,7,1,7,56,56,0,1,0
20260812,13,8,1,8,51,51,0,1,0
20260812,13,9,1,9,39,39,0,1,0
20260812,13,10,1,10,40,39,1,0,0
20260812,13,11,1,11,31,31,0,1,0
20260812,13,12,1,12,23,23,0,1,0
20260812,13,13,1,13,28,23,1,0,0
20260812,13,14,1,14,25,23,2,0,0
20260812,13,15,1,15,25,23,3,0,0
20260812,13,16,1,16,18,18,0,1,0
20260812,13,17,1,17,20,18,1,0,0
20260812,13,18,1,18,16,16,0,1,0
20260812,13,19,1,19,18,16,1,0,0
20260812,13,20,1,20,14,14,0,1,0
20260812,13,21,1,21,19,14,1,0,0
20260812,13,22,1,22,20,14,2,0,0
20260812,13,23,1,23,12,12,0,1,0
20260812,13,24,1,24,16,12,1,0,0
20260812,13,25,1,25,15,12,2,0,0
20260812,13,26,1,26,21,12,3,0,0
20260812,13,27,1,27,20,12,4,0,0
20260812,13,28,1,28,21,12,5,0,0
20260812,13,29,1,29,16,12,6,0,0
20260812,13,30,1,30,17,12,7,0,0
20260812,13,31,1,31,19,12,8,0,0
20260812,13,32,1,32,18,12,9,0,0
20260812,13,33,1,33,18,12,10,0,0
20260812,13,34,1,34,14,12,11,0,0
20260812,13,35,1,35,15,12,12,0,0
20260812,13,36,1,36,13,12,13,0,0
20260812,13,37,1,37,22,12,14,0,0
20260812,13,38,1,38,17,12,15,0,0
20260812,13,39,1,39,15,12,16,0,0
20260812,13,40,1,40,17,12,17,0,0
20260812,13,41,1,41,17,12,18,0,0
20260812,13,42,1,42,20,12,19,0,0
20260812,13,43,1,43,19,12,20,0,0
20260812,13,44,1,44,19,12,21,0,0
20260812,13,45,1,45,17,12,22,0,0
20260812,13,46,1,46,20,12,23,0,0
20260812,13,47,1,47,15,12,24,0,0
20260812,13,48,1,48,20,12,25,0,0
20260812,13,49,1,49,13,12,26,0,0
20260812,13,50,1,50,17,12,27,0,0
20260812,13,51,1,51,17,12,28,0,0
20260812,13,52,1,52,17,12,29,0,0
20260812,13,53,1,53,12,12,30,0,0
20260812,13,54,1,54,17,12,31,0,0
20260812,13,55,1,55,15,12,32,0,0
20260812,13,56,1,56,20,12,33,0,0
20260812,13,57,1,57,21,12,34,0,0
20260812,13,58,1,58,11,11,0,1,0
20260812,13,59,1,59,13,11,1,0,0
20260812,13,60,1,60,13,11,2,0,0
20260812,13,61,1,61,22,11,3,0,0
20260812,13,62,1,62,19,11,4,0,0
20260812,13,63,1,63,14,11,5,0,0
20260812,13,64,1,64,14,11,6,0,0
20260812,13,65,1,65,17,11,7,0,0
20260812,13,66,1,66,25,11,8,0,0
20260812,13,67,1,67,13,11,9,0,0
20260812,13,68,1,68,19,11,10,0,0
20260812,13,69,1,69,19,11,11,0,0
20260812,13,70,1,70,21,11,12,0,0
20260812,13,71,1,71,22,11,13,0,0
20260812,13,72,1,72,17,11,14,0,0
20260812,13,73,1,73,17,11,15,0,0
20260812,13,74,1,74,17,11,16,0,0
20260812,13,75,1,75,15,11,17,0,0
20260812,13,76,1,76,18,11,18,0,0
20260812,13,77,1,77,21,11,19,0,0
20260812,13,78,1,78,17,11,20,0,0
20260812,13,79,1,79,17,11,21,0,0
20260812,13,80,1,80,21,11,22,0,0
20260812,13,81,2,1,877,11,23,0,0
20260812,13,82,2,2,830,11,24,0,0
20260812,13,83,2,3,877,11,25,0,0
20260812,13,84,2,4,801,11,26,0,0
20260812,13,85,2,5,857,11,27,0,0
20260812,13,86,2,6,694,11,28,0,0
20260812,13,87,2,7,611,11,29,0,0
20260812,13,88,2,8,249,11,30,0,0
20260812,13,89,2,9,93,11,31,0,0
20260812,13,90,2,10,45,11,32,0,0
20260812,13,91,2,11,28,11,33,0,0
20260812,13,92,2,12,30,11,34,0,0
20260812,13,93,2,13,32,11,35,0,0
20260812,13,94,2,14,24,11,36,0,0
20260812,13,95,2,15,13,11,37,0,0
20260812,13,96,2,16,12,11,38,0,0
20260812,13,97,2,17,10,10,0,1,0
20260812,13,98,2,18,8,8,0,1,0
20260812,13,99,2,19,4,4,0,1,0
20260812,13,100,2,20,3,3,0,1,0
20260812,13,101,2,21,4,3,1,0,0
20260812,13,102,2,22,0,0,0,1,1
20260812,14,1,1,1,292,193,1,0,0
20260812,14,2,1,2,177,177,0,1,0
20260812,14,3,1,3,119,119,0,1,0
20260812,14,4,1,4,101,101,0,1,0
20260812,14,5,1,5,97,97,0,1,0
20260812,14,6,1,6,85,85,0,1,0
20260812,14,7,1,7,96,85,1,0,0
20260812,14,8,1,8,88,85,2,0,0
20260812,14,9,1,9,68,68,0,1,0
20260812,14,10,1,10,75,68,1,0,0
20260812,14,11,1,11,70,68,2,0,0
20260812,14,12,1,12,47,47,0,1,0
20260812,14,13,1,13,47,47,1,0,0
20260812,14,14,1,14,58,47,2,0,0
20260812,14,15,1,15,47,47,3,0,0
20260812,14,16,1,16,48,47,4,0,0
20260812,14,17,1,17,49,47,5,0,0
20260812,14,18,1,18,39,39,0,1,0
20260812,14,19,1,19,38,38,0,1,0
20260812,14,20,1,20,37,37,0,1,0
20260812,14,21,1,21,37,37,1,0,0
20260812,14,22,1,22,29,29,0,1,0
20260812,14,23,1,23,39,29,1,0,0
20260812,14,24,1,24,30,29,2,0,0
20260812,14,25,1,25,24,24,0,1,0
20260812,14,26,1,26,23,23,0,1,0
20260812,14,27,1,27,23,23,1,0,0
20260812,14,28,1,28,31,23,2,0,0
20260812,14,29,1,29,14,14,0,1,0
20260812,14,30,1,30,17,14,1,0,0
20260812,14,31,1,31,11,11,0,1,0
20260812,14,32,1,32,15,11,1,0,0
20260812,14,33,1,33,7,7,0,1,0
20260812,14,34,1,34,14,7,1,0,0
20260812,14,35,1,35,10,7,2,0,0
20260812,14,36,1,36,7,7,3,0,0
20260812,14,37,1,37,13,7,4,0,0
20260812,14,38,1,38,10,7,5,0,0
20260812,14,39,1,39,9,7,6,0,0
20260812,14,40,1,40,9,7,7,0,0
20260812,14,41,1,41,7,7,8,0,0
20260812,14,42,1,42,2,2,0,1,0
20260812,14,43,1,43,4,2,1,0,0
20260812,14,44,1,44,2,2,2,0,0
20260812,14,45,1,45,4,2,3,0,0
20260812,14,46,1,46,5,2,4,0,0
20260812,14,47,1,47,2,2,5,0,0
20260812,14,48,1,48,1,1,0,1,0
20260812,14,49,1,49,4,1,1,0,0
20260812,14,50,1,50,2,1,2,0,0
20260812,14,51,1,51,4,1,3,0,0
20260812,14,52,1,52,4,1,4,0,0
20260812,14,53,1,53,1,1,5,0,0
20260812,14,54,1,54,2,1,6,0,0
20260812,14,55,1,55,3,1,7,0,0
20260812,14,56,1,56,2,1,8,0,0
20260812,14,57,1,57,4,1,9,0,0
20260812,14,58,1,58,2,1,10,0,0
20260812,14,59,1,59,1,1,11,0,0
20260812,14,60,1,60,2,1,12,0,0
20260812,14,61,1,61,5,1,13,0,0
20260812,14,62,1,62,2,1,14,0,0
20260812,14,63,1,63,3,1,15,0,0
20260812,14,64,1,64,2,1,16,0,0
20260812,14,65,1,65,2,1,17,0,0
20260812,14,66,1,66,1,1,18,0,0
20260812,14,67,1,67,4,1,19,0,0
20260812,14,68,1,68,2,1,20,0,0
20260812,14,69,1,69,1,1,21,0,0
20260812,14,70,1,70,1,1,22,0,0
20260812,14,71,1,71,1,1,23,0,0
20260812,14,72,1,72,1,1,24,0,0
20260812,14,73,1,73,3,1,25,0,0
20260812,14,74,1,74,2,1,26,0,0
20260812,14,75,1,75,2,1,27,0,0
20260812,14,76,1,76,1,1,28,0,0
20260812,14,77,1,77,4,1,29,0,0
20260812,14,78,1,78,2,1,30,0,0
20260812,14,79,1,79,1,1,31,0,0
20260812,14,80,1,80,2,1,32,0,0
20260812,14,81,2,1,854,1,33,0,0
20260812,14,82,2,2,879,1,34,0,0
20260812,14,83,2,3,863,1,35,0,0
20260812,14,84,2,4,751,1,36,0,0
20260812,14,85,2,5,892,1,37,0,0
20260812,14,86,2,6,843,1,38,0,0
20260812,14,87,2,7,735,1,39,0,0
20260812,14,88,2,8,223,1,40,0,0
20260812,14,89,2,9,155,1,41,0,0
20260812,14,90,2,10,127,1,42,0,0
20260812,14,91,2,11,85,1,43,0,0
20260812,14,92,2,12,76,1,44,0,0
20260812,14,93,2,13,63,1,45,0,0
20260812,14,94,2,14,45,1,46,0,0
20260812,14,95,2,15,40,1,47,0,0
20260812,14,96,2,16,32,1,48,0,0
20260812,14,97,2,17,24,1,49,0,0
20260812,14,98,2,18,24,1,50,0,0
20260812,14,99,2,19,24,1,51,0,0
20260812,14,100,2,20,20,1,52,0,0
20260812,14,101,2,21,16,1,53,0,0
20260812,14,102,2,22,11,1,54,0,0
20260812,14,103,2,23,12,1,55,0,0
20260812,14,104,2,24,20,1,56,0,0
20260812,14,105,2,25,9,1,57,0,0
20260812,14,106,2,26,9,1,58,0,0
20260812,14,107,2,27,6,1,59,0,0
20260812,14,108,2,28,12,1,60,0,0
20260812,14,109,2,29,19,1,61,0,0
20260812,14,110,2,30,12,1,62,0,0
20260812,14,111,2,31,18,1,63,0,0
20260812,14,112,2,32,17,1,64,0,0
20260812,14,113,2,33,9,1,65,0,0
20260812,14,114,2,34,20,1,66,0,0
20260812,14,115,2,35,8,1,67,0,0
20260812,14,116,2,36,7,1,68,0,0
20260812,14,117,2,37,6,1,69,0,0
20260812,14,118,2,38,5,1,70,0,0
20260812,14,119,2,39,7,1,71,0,0
20260812,14,120,2,40,9,1,72,0,0
20260812,14,121,2,41,6,1,73,0,0
20260812,14,122,2,42,11,1,74,0,0
20260812,14,123,2,43,8,1,75,0,0
20260812,14,124,2,44,5,1,76,0,0
20260812,14,125,2,45,17,1,77,0,0
20260812,14,126,2,46,62,1,78,0,0
20260812,14,127,2,47,223,1,79,0,0
20260812,14,128,2,48,459,1,80,0,0
20260812,14,129,2,49,414,1,81,0,0
20260812,14,130,2,50,245,1,82,0,0
20260812,14,131,2,51,238,1,83,0,0
20260812,14,132,2,52,213,1,84,0,0
20260812,14,133,2,53,166,1,85,0,0
20260812,14,134,2,54,105,1,86,0,0
20260812,14,135,2,55,45,1,87,0,0
20260812,14,136,2,56,41,1,88,0,0
20260812,14,137,2,57,25,1,89,0,0
20260812,14,138,2,58,15,1,90,0,0
20260812,14,139,2,59,16,1,91,0,0
20260812,14,140,2,60,13,1,92,0,0
20260812,14,141,3,1,878,1,93,0,0
20260812,14,142,3,2,253,1,94,0,0
20260812,14,143,3,3,110,1,95,0,0
20260812,14,144,3,4,63,1,96,0,0
20260812,14,145,3,5,54,1,97,0,0
20260812,14,146,3,6,48,1,98,0,0
20260812,14,147,3,7,39,1,99,0,0
20260812,14,148,3,8,33,1,100,0,0
20260812,14,149,3,9,37,1,101,0,0
20260812,14,150,3,10,51,1,102,0,0
20260812,14,151,3,11,55,1,103,0,0
20260812,14,152,3,12,40,1,104,0,0
20260812,14,153,3,13,33,1,105,0,0
20260812,14,154,3,14,29,1,106,0,0
20260812,14,155,3,15,30,1,107,0,0
20260812,14,156,3,16,22,1,108,0,0
20260812,14,157,3,17,28,1,109,0,0
20260812,14,158,3,18,22,1,110,0,0
20260812,14,159,3,19,19,1,111,0,0
20260812,14,160,3,20,11,1,112,0,0
20260812,14,161,3,21,6,1,113,0,0
20260812,14,162,3,22,6,1,114,0,0
20260812,14,163,3,23,4,1,115,0,0
20260812,14,164,3,24,10,1,116,0,0
20260812,14,165,3,25,8,1,117,0,0
20260812,14,166,3,26,5,1,118,0,0
20260812,14,167,3,27,4,1,119,0,0
20260812,14,168,3,28,5,1,120,0,0
20260812,14,169,3,29,8,1,121,0,0
20260812,14,170,3,30,5,1,122,0,0
20260812,14,171,3,31,4,1,123,0,0
20260812,14,172,3,32,9,1,124,0,0
20260812,14,173,3,33,18,1,125,0,0
20260812,14,174,3,34,24,1,126,0,0
20260812,14,175,3,35,86,1,127,0,0
20260812,14,176,3,36,243,1,128,0,0
20260812,14,177,3,37,444,1,129,0,0
20260812,14,178,3,38,464,1,130,0,0
20260812,14,179,3,39,374,1,131,0,0
20260812,14,180,3,40,259,1,132,0,0
20260812,14,181,3,41,180,1,133,0,0
20260812,14,182,3,42,91,1,134,0,0
20260812,14,183,3,43,51,1,135,0,0
20260812,14,184,3,44,44,1,136,0,0
20260812,14,185,3,45,35,1,137,0,0
20260812,14,186,3,46,25,1,138,0,0
20260812,14,187,3,47,21,1,139,0,0
20260812,14,188,3,48,21,1,140,0,0
20260812,14,189,3,49,23,1,141,0,0
20260812,14,190,3,50,15,1,142,0,0
20260812,14,191,3,51,14,1,143,0,0
20260812,14,192,3,52,20,1,144,0,0
20260812,14,193,3,53,13,1,145,0,0
20260812,14,194,3,54,11,1,146,0,0
20260812,14,195,3,55,13,1,147,0,0
20260812,14,196,3,56,12,1,148,0,0
20260812,14,197,3,57,6,1,149,0,0
20260812,14,198,3,58,10,1,150,0,0
20260812,14,199,3,59,13,1,151,0,0
20260812,14,200,3,60,14,1,152,0,0
20260812,14,201,4,1,834,1,153,0,0
20260812,14,202,4,2,148,1,154,0,0
20260812,14,203,4,3,79,1,155,0,0
20260812,14,204,4,4,61,1,156,0,0
20260812,14,205,4,5,52,1,157,0,0
20260812,14,206,4,6,43,1,158,0,0
20260812,14,207,4,7,52,1,159,0,0
20260812,14,208,4,8,37,1,160,0,0
20260812,14,209,4,9,27,1,161,0,0
20260812,14,210,4,10,20,1,162,0,0
20260812,14,211,4,11,21,1,163,0,0
20260812,14,212,4,12,21,1,164,0,0
20260812,14,213,4,13,23,1,165,0,0
20260812,14,214,4,14,23,1,166,0,0
20260812,14,215,4,15,17,1,167,0,0
20260812,14,216,4,16,18,1,168,0,0
20260812,14,217,4,17,17,1,169,0,0
20260812,14,218,4,18,19,1,170,0,0
20260812,14,219,4,19,15,1,171,0,0
20260812,14,220,4,20,11,1,172,0,0
20260812,14,221,4,21,15,1,173,0,0
20260812,14,222,4,22,20,1,174,0,0
20260812,14,223,4,23,58,1,175,0,0
20260812,14,224,4,24,143,1,176,0,0
20260812,14,225,4,25,295,1,177,0,0
20260812,14,226,4,26,416,1,178,0,0
20260812,14,227,4,27,349,1,179,0,0
20260812,14,228,4,28,303,1,180,0,0
20260812,14,229,4,29,219,1,181,0,0
20260812,14,230,4,30,183,1,182,0,0
20260812,14,231,4,31,169,1,183,0,0
20260812,14,232,4,32,46,1,184,0,0
20260812,14,233,4,33,35,1,185,0,0
20260812,14,234,4,34,21,1,186,0,0
20260812,14,235,4,35,25,1,187,0,0
20260812,14,236,4,36,25,1,188,0,0
20260812,14,237,4,37,28,1,189,0,0
20260812,14,238,4,38,17,1,190,0,0
20260812,14,239,4,39,29,1,191,0,0
20260812,14,240,4,40,23,1,192,0,0
20260812,14,241,4,41,25,1,193,0,0
20260812,14,242,4,42,15,1,194,0,0
20260812,14,243,4,43,19,1,195,0,0
20260812,14,244,4,44,22,1,196,0,0
20260812,14,245,4,45,23,1,197,0,0
20260812,14,246,4,46,25,1,198,0,0
20260812,14,247,4,47,22,1,199,0,0
20260812,14,248,4,48,10,1,200,0,0
20260812,14,249,4,49,11,1,201,0,0
20260812,14,250,4,50,19,1,202,0,0
20260812,14,251,4,51,19,1,203,0,0
20260812,14,252,4,52,43,1,204,0,0
20260812,14,253,4,53,54,1,205,0,0
20260812,14,254,4,54,92,1,206,0,0
20260812,14,255,4,55,190,1,207,0,0
20260812,14,256,4,56,217,1,208,0,0
20260812,14,257,4,57,150,1,209,0,0
20260812,14,258,4,58,171,1,210,0,0
20260812,14,259,4,59,163,1,211,0,0
20260812,14,260,4,60,176,1,212,0,0
20260812,14,261,5,1,634,1,213,0,0
20260812,14,262,5,2,560,1,214,0,0
20260812,14,263,5,3,176,1,215,0,0
20260812,14,264,5,4,132,1,216,0,0
20260812,14,265,5,5,92,1,217,0,0
20260812,14,266,5,6,81,1,218,0,0
20260812,14,267,5,7,70,1,219,0,0
20260812,14,268,5,8,66,1,220,0,0
20260812,14,269,5,9,64,1,221,0,0
20260812,14,270,5,10,60,1,222,0,0
20260812,14,271,5,11,40,1,223,0,0
20260812,14,272,5,12,39,1,224,0,0
20260812,14,273,5,13,30,1,225,0,0
20260812,14,274,5,14,29,1,226,0,0
20260812,14,275,5,15,29,1,227,0,0
20260812,14,276,5,16,18,1,228,0,0
20260812,14,277,5,17,11,1,229,0,0
20260812,14,278,5,18,20,1,230,0,0
20260812,14,279,5,19,19,1,231,0,0
20260812,14,280,5,20,16,1,232,0,0
20260812,14,281,5,21,17,1,233,0,0
20260812,14,282,5,22,12,1,234,0,0
20260812,14,283,5,23,9,1,235,0,0
20260812,14,284,5,24,10,1,236,0,0
20260812,14,285,5,25,7,1,237,0,0
20260812,14,286,5,26,7,1,238,0,0
20260812,14,287,5,27,9,1,239,0,0
20260812,14,288,5,28,12,1,240,0,0
20260812,14,289,5,29,9,1,241,0,0
20260812,14,290,5,30,12,1,242,0,0
20260812,14,291,5,31,12,1,243,0,0
20260812,14,292,5,32,8,1,244,0,0
20260812,14,293,5,33,2,1,245,0,0
20260812,14,294,5,34,7,1,246,0,0
20260812,14,295,5,35,10,1,247,0,0
20260812,14,296,5,36,14,1,248,0,0
20260812,14,297,5,37,22,1,249,0,0
20260812,14,298,5,38,62,1,250,0,0
20260812,14,299,5,39,171,1,251,0,0
20260812,14,300,5,40,367,1,252,0,0
20260812,14,301,5,41,491,1,253,0,0
20260812,14,302,5,42,374,1,254,0,0
20260812,14,303,5,43,230,1,255,0,0
20260812,14,304,5,44,131,1,256,0,0
20260812,14,305,5,45,49,1,257,0,0
20260812,14,306,5,46,18,1,258,0,0
20260812,14,307,5,47,17,1,259,0,0
20260812,14,308,5,48,14,1,260,0,0
20260812,14,309,5,49,4,1,261,0,0
20260812,14,310,5,50,4,1,262,0,0
20260812,14,311,5,51,4,1,263,0,0
20260812,14,312,5,52,1,1,264,0,0
20260812,14,313,5,53,1,1,265,0,0
20260812,14,314,5,54,1,1,266,0,0
20260812,14,315,5,55,2,1,267,0,0
20260812,14,316,5,56,5,1,268,0,0
20260812,14,317,5,57,10,1,269,0,0
20260812,14,318,5,58,4,1,270,0,0
20260812,14,319,5,59,5,1,271,0,0
20260812,14,320,5,60,7,1,272,0,0
20260812,14,321,6,1,842,1,273,0,0
20260812,14,322,6,2,198,1,274,0,0
20260812,14,323,6,3,115,1,275,0,0
20260812,14,324,6,4,77,1,276,0,0
20260812,14,325,6,5,43,1,277,0,0
20260812,14,326,6,6,38,1,278,0,0
20260812,14,327,6,7,37,1,279,0,0
20260812,14,328,6,8,24,1,280,0,0
20260812,14,329,6,9,18,1,281,0,0
20260812,14,330,6,10,17,1,282,0,0
20260812,14,331,6,11,25,1,283,0,0
20260812,14,332,6,12,24,1,284,0,0
20260812,14,333,6,13,17,1,285,0,0
20260812,14,334,6,14,24,1,286,0,0
20260812,14,335,6,15,24,1,287,0,0
20260812,14,336,6,16,14,1,288,0,0
20260812,14,337,6,17,16,1,289,0,0
20260812,14,338,6,18,18,1,290,0,0
20260812,14,339,6,19,17,1,291,0,0
20260812,14,340,6,20,21,1,292,0,0
20260812,14,341,6,21,16,1,293,0,0
20260812,14,342,6,22,19,1,294,0,0
20260812,14,343,6,23,26,1,295,0,0
20260812,14,344,6,24,9,1,296,0,0
20260812,14,345,6,25,11,1,297,0,0
20260812,14,346,6,26,14,1,298,0,0
20260812,14,347,6,27,6,1,299,0,0
20260812,14,348,6,28,11,1,300,0,0
20260812,14,349,6,29,12,1,301,0,0
20260812,14,350,6,30,15,1,302,0,0
20260812,14,351,6,31,15,1,303,0,0
20260812,14,352,6,32,4,1,304,0,0
20260812,14,353,6,33,5,1,305,0,0
20260812,14,354,6,34,2,1,306,0,0
20260812,14,355,6,35,1,1,307,0,0
20260812,14,356,6,36,2,1,308,0,0
20260812,14,357,6,37,6,1,309,0,0
20260812,14,358,6,38,7,1,310,0,0
20260812,14,359,6,39,2,1,311,0,0
20260812,14,360,6,40,1,1,312,0,0
20260812,14,361,6,41,3,1,313,0,0
20260812,14,362,6,42,11,1,314,0,0
20260812,14,363,6,43,20,1,315,0,0
20260812,14,364,6,44,31,1,316,0,0
20260812,14,365,6,45,140,1,317,0,0
20260812,14,366,6,46,428,1,318,0,0
20260812,14,367,6,47,698,1,319,0,0
20260812,14,368,6,48,399,1,320,0,0
20260812,14,369,6,49,183,1,321,0,0
20260812,14,370,6,50,109,1,322,0,0
20260812,14,371,6,51,89,1,323,0,0
20260812,14,372,6,52,61,1,324,0,0
20260812,14,373,6,53,45,1,325,0,0
20260812,14,374,6,54,44,1,326,0,0
20260812,14,375,6,55,32,1,327,0,0
20260812,14,376,6,56,42,1,328,0,0
20260812,14,377,6,57,30,1,329,0,0
20260812,14,378,6,58,22,1,330,0,0
20260812,14,379,6,59,24,1,331,0,0
20260812,14,380,6,60,21,1,332,0,0
20260812,14,381,7,1,845,1,333,0,0
20260812,14,382,7,2,212,1,334,0,0
20260812,14,383,7,3,169,1,335,0,0
20260812,14,384,7,4,106,1,336,0,0
20260812,14,385,7,5,83,1,337,0,0
20260812,14,386,7,6,65,1,338,0,0
20260812,14,387,7,7,68,1,339,0,0
20260812,14,388,7,8,51,1,340,0,0
20260812,14,389,7,9,40,1,341,0,0
20260812,14,390,7,10,38,1,342,0,0
20260812,14,391,7,11,43,1,343,0,0
20260812,14,392,7,12,33,1,344,0,0
20260812,14,393,7,13,24,1,345,0,0
20260812,14,394,7,14,27,1,346,0,0
20260812,14,395,7,15,26,1,347,0,0
20260812,14,396,7,16,22,1,348,0,0
20260812,14,397,7,17,16,1,349,0,0
20260812,14,398,7,18,16,1,350,0,0
20260812,14,399,7,19,13,1,351,0,0
20260812,14,400,7,20,21,1,352,0,0
20260812,14,401,7,21,14,1,353,0,0
20260812,14,402,7,22,16,1,354,0,0
20260812,14,403,7,23,13,1,355,0,0
20260812,14,404,7,24,16,1,356,0,0
20260812,14,405,7,25,18,1,357,0,0
20260812,14,406,7,26,13,1,358,0,0
20260812,14,407,7,27,12,1,359,0,0
20260812,14,408,7,28,20,1,360,0,0
20260812,14,409,7,29,17,1,361,0,0
20260812,14,410,7,30,11,1,362,0,0
20260812,14,411,7,31,12,1,363,0,0
20260812,14,412,7,32,15,1,364,0,0
20260812,14,413,7,33,11,1,365,0,0
20260812,14,414,7,34,13,1,366,0,0
20260812,14,415,7,35,14,1,367,0,0
20260812,14,416,7,36,17,1,368,0,0
20260812,14,417,7,37,35,1,369,0,0
20260812,14,418,7,38,42,1,370,0,0
20260812,14,419,7,39,85,1,371,0,0
20260812,14,420,7,40,165,1,372,0,0
20260812,14,421,7,41,215,1,373,0,0
20260812,14,422,7,42,184,1,374,0,0
20260812,14,423,7,43,185,1,375,0,0
20260812,14,424,7,44,145,1,376,0,0
20260812,14,425,7,45,163,1,377,0,0
20260812,14,426,7,46,132,1,378,0,0
20260812,14,427,7,47,181,1,379,0,0
20260812,14,428,7,48,136,1,380,0,0
20260812,14,429,7,49,73,1,381,0,0
20260812,14,430,7,50,32,1,382,0,0
20260812,14,431,7,51,35,1,383,0,0
20260812,14,432,7,52,30,1,384,0,0
20260812,14,433,7,53,30,1,385,0,0
20260812,14,434,7,54,31,1,386,0,0
20260812,14,435,7,55,17,1,387,0,0
20260812,14,436,7,56,20,1,388,0,0
20260812,14,437,7,57,24,1,389,0,0
20260812,14,438,7,58,15,1,390,0,0
20260812,14,439,7,59,18,1,391,0,0
20260812,14,440,7,60,10,1,392,0,0
20260812,14,441,8,1,874,1,393,0,0
20260812,14,442,8,2,205,1,394,0,0
20260812,14,443,8,3,122,1,395,0,0
20260812,14,444,8,4,94,1,396,0,0
20260812,14,445,8,5,61,1,397,0,0
20260812,14,446,8,6,66,1,398,0,0
20260812,14,447,8,7,59,1,399,0,0
20260812,14,448,8,8,44,1,400,0,0
20260812,14,449,8,9,28,1,401,0,0
20260812,14,450,8,10,28,1,402,0,0
20260812,14,451,8,11,27,1,403,0,0
20260812,14,452,8,12,22,1,404,0,0
20260812,14,453,8,13,30,1,405,0,0
20260812,14,454,8,14,29,1,406,0,0
20260812,14,455,8,15,33,1,407,0,0
20260812,14,456,8,16,24,1,408,0,0
20260812,14,457,8,17,18,1,409,0,0
20260812,14,458,8,18,19,1,410,0,0
20260812,14,459,8,19,17,1,411,0,0
20260812,14,460,8,20,23,1,412,0,0
20260812,14,461,8,21,21,1,413,0,0
20260812,14,462,8,22,19,1,414,0,0
20260812,14,463,8,23,19,1,415,0,0
20260812,14,464,8,24,18,1,416,0,0
20260812,14,465,8,25,17,1,417,0,0
20260812,14,466,8,26,18,1,418,0,0
20260812,14,467,8,27,18,1,419,0,0
20260812,14,468,8,28,17,1,420,0,0
20260812,14,469,8,29,11,1,421,0,0
20260812,14,470,8,30,15,1,422,0,0
20260812,14,471,8,31,19,1,423,0,0
20260812,14,472,8,32,21,1,424,0,0
20260812,14,473,8,33,17,1,425,0,0
20260812,14,474,8,34,25,1,426,0,0
20260812,14,475,8,35,28,1,427,0,0
20260812,14,476,8,36,22,1,428,0,0
20260812,14,477,8,37,17,1,429,0,0
20260812,14,478,8,38,15,1,430,0,0
20260812,14,479,8,39,18,1,431,0,0
20260812,14,480,8,40,12,1,432,0,0
20260812,14,481,8,41,14,1,433,0,0
20260812,14,482,8,42,14,1,434,0,0
20260812,14,483,8,43,15,1,435,0,0
20260812,14,484,8,44,14,1,436,0,0
20260812,14,485,8,45,18,1,437,0,0
20260812,14,486,8,46,11,1,438,0,0
20260812,14,487,8,47,12,1,439,0,0
20260812,14,488,8,48,15,1,440,0,0
20260812,14,489,8,49,19,1,441,0,0
20260812,14,490,8,50,13,1,442,0,0
20260812,14,491,8,51,24,1,443,0,0
20260812,14,492,8,52,27,1,444,0,0
20260812,14,493,8,53,39,1,445,0,0
20260812,14,494,8,54,47,1,446,0,0
20260812,14,495,8,55,111,1,447,0,0
20260812,14,496,8,56,259,1,448,0,0
20260812,14,497,8,57,370,1,449,0,0
20260812,14,498,8,58,356,1,450,0,0
20260812,14,499,8,59,248,1,451,0,0
20260812,14,500,8,60,104,1,452,0,0
20260812,14,501,9,1,503,1,453,0,0
20260812,14,502,9,2,678,1,454,0,0
20260812,14,503,9,3,248,1,455,0,0
20260812,14,504,9,4,96,1,456,0,0
20260812,14,505,9,5,80,1,457,0,0
20260812,14,506,9,6,78,1,458,0,0
20260812,14,507,9,7,57,1,459,0,0
20260812,14,508,9,8,53,1,460,0,0
20260812,14,509,9,9,50,1,461,0,0
20260812,14,510,9,10,61,1,462,0,0
20260812,14,511,9,11,54,1,463,0,0
20260812,14,512,9,12,49,1,464,0,0
20260812,14,513,9,13,50,1,465,0,0
20260812,14,514,9,14,48,1,466,0,0
20260812,14,515,9,15,40,1,467,0,0
20260812,14,516,9,16,35,1,468,0,0
20260812,14,517,9,17,25,1,469,0,0
20260812,14,518,9,18,41,1,470,0,0
20260812,14,519,9,19,37,1,471,0,0
20260812,14,520,9,20,41,1,472,0,0
20260812,14,521,9,21,34,1,473,0,0
20260812,14,522,9,22,19,1,474,0,0
20260812,14,523,9,23,19,1,475,0,0
20260812,14,524,9,24,20,1,476,0,0
20260812,14,525,9,25,13,1,477,0,0
20260812,14,526,9,26,18,1,478,0,0
20260812,14,527,9,27,21,1,479,0,0
20260812,14,528,9,28,24,1,480,0,0
20260812,14,529,9,29,15,1,481,0,0
20260812,14,530,9,30,17,1,482,0,0
20260812,14,531,9,31,14,1,483,0,0
20260812,14,532,9,32,12,1,484,0,0
20260812,14,533,9,33,9,1,485,0,0
20260812,14,534,9,34,5,1,486,0,0
20260812,14,535,9,35,5,1,487,0,0
20260812,14,536,9,36,4,1,488,0,0
20260812,14,537,9,37,8,1,489,0,0
20260812,14,538,9,38,11,1,490,0,0
20260812,14,539,9,39,7,1,491,0,0
20260812,14,540,9,40,5,1,492,0,0
20260812,14,541,9,41,11,1,493,0,0
20260812,14,542,9,42,44,1,494,0,0
20260812,14,543,9,43,118,1,495,0,0
20260812,14,544,9,44,261,1,496,0,0
20260812,14,545,9,45,457,1,497,0,0
20260812,14,546,9,46,344,1,498,0,0
20260812,14,547,9,47,305,1,499,0,0
20260812,14,548,9,48,181,1,500,0,0
20260812,14,549,9,49,165,1,501,0,0
20260812,14,550,9,50,145,1,502,0,0
20260812,14,551,9,51,55,1,503,0,0
20260812,14,552,9,52,25,1,504,0,0
20260812,14,553,9,53,20,1,505,0,0
20260812,14,554,9,54,33,1,506,0,0
20260812,14,555,9,55,28,1,507,0,0
20260812,14,556,9,56,12,1,508,0,0
20260812,14,557,9,57,10,1,509,0,0
20260812,14,558,9,58,6,1,510,0,0
20260812,14,559,9,59,11,1,511,0,0
20260812,14,560,9,60,7,1,512,0,0
20260812,14,561,10,1,867,1,513,0,0
20260812,14,562,10,2,158,1,514,0,0
20260812,14,563,10,3,106,1,515,0,0
20260812,14,564,10,4,69,1,516,0,0
20260812,14,565,10,5,61,1,517,0,0
20260812,14,566,10,6,54,1,518,0,0
20260812,14,567,10,7,60,1,519,0,0
20260812,14,568,10,8,69,1,520,0,0
20260812,14,569,10,9,63,1,521,0,0
20260812,14,570,10,10,55,1,522,0,0
20260812,14,571,10,11,50,1,523,0,0
20260812,14,572,10,12,29,1,524,0,0
20260812,14,573,10,13,20,1,525,0,0
20260812,14,574,10,14,22,1,526,0,0
20260812,14,575,10,15,10,1,527,0,0
20260812,14,576,10,16,11,1,528,0,0
20260812,14,577,10,17,16,1,529,0,0
20260812,14,578,10,18,15,1,530,0,0
20260812,14,579,10,19,16,1,531,0,0
20260812,14,580,10,20,16,1,532,0,0
20260812,14,581,10,21,12,1,533,0,0
20260812,14,582,10,22,11,1,534,0,0
20260812,14,583,10,23,16,1,535,0,0
20260812,14,584,10,24,16,1,536,0,0
20260812,14,585,10,25,20,1,537,0,0
20260812,14,586,10,26,23,1,538,0,0
20260812,14,587,10,27,25,1,539,0,0
20260812,14,588,10,28,36,1,540,0,0
20260812,14,589,10,29,48,1,541,0,0
20260812,14,590,10,30,83,1,542,0,0
20260812,14,591,10,31,182,1,543,0,0
20260812,14,592,10,32,261,1,544,0,0
20260812,14,593,10,33,280,1,545,0,0
20260812,14,594,10,34,258,1,546,0,0
20260812,14,595,10,35,221,1,547,0,0
20260812,14,596,10,36,134,1,548,0,0
20260812,14,597,10,37,48,1,549,0,0
20260812,14,598,10,38,35,1,550,0,0
20260812,14,599,10,39,32,1,551,0,0
20260812,14,600,10,40,24,1,552,0,0
20260812,14,601,10,41,21,1,553,0,0
20260812,14,602,10,42,23,1,554,0,0
20260812,14,603,10,43,25,1,555,0,0
20260812,14,604,10,44,27,1,556,0,0
20260812,14,605,10,45,22,1,557,0,0
20260812,14,606,10,46,14,1,558,0,0
20260812,14,607,10,47,17,1,559,0,0
20260812,14,608,10,48,13,1,560,0,0
20260812,14,609,10,49,15,1,561,0,0
20260812,14,610,10,50,18,1,562,0,0
20260812,14,611,10,51,14,1,563,0,0
20260812,14,612,10,52,25,1,564,0,0
20260812,14,613,10,53,23,1,565,0,0
20260812,14,614,10,54,14,1,566,0,0
20260812,14,615,10,55,17,1,567,0,0
20260812,14,616,10,56,21,1,568,0,0
20260812,14,617,10,57,47,1,569,0,0
20260812,14,618,10,58,36,1,570,0,0
20260812,14,619,10,59,96,1,571,0,0
20260812,14,620,10,60,145,1,572,0,0
20260812,14,621,11,1,743,1,573,0,0
20260812,14,622,11,2,328,1,574,0,0
20260812,14,623,11,3,112,1,575,0,0
20260812,14,624,11,4,45,1,576,0,0
20260812,14,625,11,5,56,1,577,0,0
20260812,14,626,11,6,40,1,578,0,0
20260812,14,627,11,7,40,1,579,0,0
20260812,14,628,11,8,30,1,580,0,0
20260812,14,629,11,9,47,1,581,0,0
20260812,14,630,11,10,35,1,582,0,0
20260812,14,631,11,11,22,1,583,0,0
20260812,14,632,11,12,17,1,584,0,0
20260812,14,633,11,13,14,1,585,0,0
20260812,14,634,11,14,19,1,586,0,0
20260812,14,635,11,15,19,1,587,0,0
20260812,14,636,11,16,11,1,588,0,0
20260812,14,637,11,17,13,1,589,0,0
20260812,14,638,11,18,11,1,590,0,0
20260812,14,639,11,19,15,1,591,0,0
20260812,14,640,11,20,15,1,592,0,0
20260812,14,641,11,21,15,1,593,0,0
20260812,14,642,11,22,14,1,594,0,0
20260812,14,643,11,23,17,1,595,0,0
20260812,14,644,11,24,16,1,596,0,0
20260812,14,645,11,25,15,1,597,0,0
20260812,14,646,11,26,13,1,598,0,0
20260812,14,647,11,27,11,1,599,0,0
20260812,14,648,11,28,10,1,600,0,0
20260812,14,649,11,29,14,1,601,0,0
20260812,14,650,11,30,9,1,602,0,0
20260812,14,651,11,31,15,1,603,0,0
20260812,14,652,11,32,11,1,604,0,0
20260812,14,653,11,33,19,1,605,0,0
20260812,14,654,11,34,13,1,606,0,0
20260812,14,655,11,35,11,1,607,0,0
20260812,14,656,11,36,15,1,608,0,0
20260812,14,657,11,37,31,1,609,0,0
20260812,14,658,11,38,71,1,610,0,0
20260812,14,659,11,39,167,1,611,0,0
20260812,14,660,11,40,457,1,612,0,0
20260812,14,661,11,41,673,1,613,0,0
20260812,14,662,11,42,260,1,614,0,0
20260812,14,663,11,43,155,1,615,0,0
20260812,14,664,11,44,107,1,616,0,0
20260812,14,665,11,45,66,1,617,0,0
20260812,14,666,11,46,48,1,618,0,0
20260812,14,667,11,47,53,1,619,0,0
20260812,14,668,11,48,45,1,620,0,0
20260812,14,669,11,49,33,1,621,0,0
20260812,14,670,11,50,40,1,622,0,0
20260812,14,671,11,51,40,1,623,0,0
20260812,14,672,11,52,38,1,624,0,0
20260812,14,673,11,53,46,1,625,0,0
20260812,14,674,11,54,40,1,626,0,0
20260812,14,675,11,55,41,1,627,0,0
20260812,14,676,11,56,28,1,628,0,0
20260812,14,677,11,57,25,1,629,0,0
20260812,14,678,11,58,15,1,630,0,0
20260812,14,679,11,59,16,1,631,0,0
20260812,14,680,11,60,18,1,632,0,0
20260812,14,681,12,1,896,1,633,0,0
20260812,14,682,12,2,159,1,634,0,0
20260812,14,683,12,3,121,1,635,0,0
20260812,14,684,12,4,106,1,636,0,0
20260812,14,685,12,5,79,1,637,0,0
20260812,14,686,12,6,63,1,638,0,0
20260812,14,687,12,7,64,1,639,0,0
20260812,14,688,12,8,55,1,640,0,0
20260812,14,689,12,9,36,1,641,0,0
20260812,14,690,12,10,27,1,642,0,0
20260812,14,691,12,11,23,1,643,0,0
20260812,14,692,12,12,21,1,644,0,0
20260812,14,693,12,13,17,1,645,0,0
20260812,14,694,12,14,15,1,646,0,0
20260812,14,695,12,15,15,1,647,0,0
20260812,14,696,12,16,15,1,648,0,0
20260812,14,697,12,17,17,1,649,0,0
20260812,14,698,12,18,16,1,650,0,0
20260812,14,699,12,19,11,1,651,0,0
20260812,14,700,12,20,16,1,652,0,0
20260812,14,701,12,21,18,1,653,0,0
20260812,14,702,12,22,18,1,654,0,0
20260812,14,703,12,23,12,1,655,0,0
20260812,14,704,12,24,17,1,656,0,0
20260812,14,705,12,25,19,1,657,0,0
20260812,14,706,12,26,25,1,658,0,0
20260812,14,707,12,27,19,1,659,0,0
20260812,14,708,12,28,31,1,660,0,0
20260812,14,709,12,29,42,1,661,0,0
20260812,14,710,12,30,81,1,662,0,0
20260812,14,711,12,31,205,1,663,0,0
20260812,14,712,12,32,327,1,664,0,0
20260812,14,713,12,33,283,1,665,0,0
20260812,14,714,12,34,238,1,666,0,0
20260812,14,715,12,35,252,1,667,0,0
20260812,14,716,12,36,183,1,668,0,0
20260812,14,717,12,37,201,1,669,0,0
20260812,14,718,12,38,167,1,670,0,0
20260812,14,719,12,39,166,1,671,0,0
20260812,14,720,12,40,83,1,672,0,0
20260812,14,721,12,41,36,1,673,0,0
20260812,14,722,12,42,40,1,674,0,0
20260812,14,723,12,43,34,1,675,0,0
20260812,14,724,12,44,21,1,676,0,0
20260812,14,725,12,45,25,1,677,0,0
20260812,14,726,12,46,18,1,678,0,0
20260812,14,727,12,47,13,1,679,0,0
20260812,14,728,12,48,10,1,680,0,0
20260812,14,729,12,49,15,1,681,0,0
20260812,14,730,12,50,14,1,682,0,0
20260812,14,731,12,51,13,1,683,0,0
20260812,14,732,12,52,13,1,684,0,0
20260812,14,733,12,53,10,1,685,0,0
20260812,14,734,12,54,8,1,686,0,0
20260812,14,735,12,55,3,1,687,0,0
20260812,14,736,12,56,4,1,688,0,0
20260812,14,737,12,57,2,1,689,0,0
20260812,14,738,12,58,5,1,690,0,0
20260812,14,739,12,59,13,1,691,0,0
20260812,14,740,12,60,9,1,692,0,0
20260812,14,741,13,1,876,1,693,0,0
20260812,14,742,13,2,171,1,694,0,0
20260812,14,743,13,3,74,1,695,0,0
20260812,14,744,13,4,73,1,696,0,0
20260812,14,745,13,5,59,1,697,0,0
20260812,14,746,13,6,47,1,698,0,0
20260812,14,747,13,7,28,1,699,0,0
20260812,14,748,13,8,24,1,700,0,0
20260812,14,749,13,9,26,1,701,0,0
20260812,14,750,13,10,24,1,702,0,0
20260812,14,751,13,11,21,1,703,0,0
20260812,14,752,13,12,20,1,704,0,0
20260812,14,753,13,13,18,1,705,0,0
20260812,14,754,13,14,20,1,706,0,0
20260812,14,755,13,15,25,1,707,0,0
20260812,14,756,13,16,25,1,708,0,0
20260812,14,757,13,17,27,1,709,0,0
20260812,14,758,13,18,23,1,710,0,0
20260812,14,759,13,19,15,1,711,0,0
20260812,14,760,13,20,7,1,712,0,0
20260812,14,761,13,21,8,1,713,0,0
20260812,14,762,13,22,9,1,714,0,0
20260812,14,763,13,23,25,1,715,0,0
20260812,14,764,13,24,28,1,716,0,0
20260812,14,765,13,25,21,1,717,0,0
20260812,14,766,13,26,19,1,718,0,0
20260812,14,767,13,27,19,1,719,0,0
20260812,14,768,13,28,17,1,720,0,0
20260812,14,769,13,29,12,1,721,0,0
20260812,14,770,13,30,15,1,722,0,0
20260812,14,771,13,31,14,1,723,0,0
20260812,14,772,13,32,16,1,724,0,0
20260812,14,773,13,33,31,1,725,0,0
20260812,14,774,13,34,37,1,726,0,0
20260812,14,775,13,35,108,1,727,0,0
20260812,14,776,13,36,288,1,728,0,0
20260812,14,777,13,37,391,1,729,0,0
20260812,14,778,13,38,230,1,730,0,0
20260812,14,779,13,39,183,1,731,0,0
20260812,14,780,13,40,173,1,732,0,0
20260812,14,781,13,41,186,1,733,0,0
20260812,14,782,13,42,195,1,734,0,0
20260812,14,783,13,43,200,1,735,0,0
20260812,14,784,13,44,152,1,736,0,0
20260812,14,785,13,45,42,1,737,0,0
20260812,14,786,13,46,32,1,738,0,0
20260812,14,787,13,47,30,1,739,0,0
20260812,14,788,13,48,23,1,740,0,0
20260812,14,789,13,49,22,1,741,0,0
20260812,14,790,13,50,15,1,742,0,0
20260812,14,791,13,51,14,1,743,0,0
20260812,14,792,13,52,13,1,744,0,0
20260812,14,793,13,53,12,1,745,0,0
20260812,14,794,13,54,7,1,746,0,0
20260812,14,795,13,55,11,1,747,0,0
20260812,14,796,13,56,13,1,748,0,0
20260812,14,797,13,57,17,1,749,0,0
20260812,14,798,13,58,15,1,750,0,0
20260812,14,799,13,59,5,1,751,0,0
20260812,14,800,13,60,10,1,752,0,0
20260812,14,801,14,1,871,1,753,0,0
20260812,14,802,14,2,167,1,754,0,0
20260812,14,803,14,3,88,1,755,0,0
20260812,14,804,14,4,51,1,756,0,0
20260812,14,805,14,5,39,1,757,0,0
20260812,14,806,14,6,33,1,758,0,0
20260812,14,807,14,7,20,1,759,0,0
20260812,14,808,14,8,16,1,760,0,0
20260812,14,809,14,9,10,1,761,0,0
20260812,14,810,14,10,16,1,762,0,0
20260812,14,811,14,11,20,1,763,0,0
20260812,14,812,14,12,31,1,764,0,0
20260812,14,813,14,13,35,1,765,0,0
20260812,14,814,14,14,40,1,766,0,0
20260812,14,815,14,15,71,1,767,0,0
20260812,14,816,14,16,144,1,768,0,0
20260812,14,817,14,17,248,1,769,0,0
20260812,14,818,14,18,228,1,770,0,0
20260812,14,819,14,19,165,1,771,0,0
20260812,14,820,14,20,178,1,772,0,0
20260812,14,821,14,21,228,1,773,0,0
20260812,14,822,14,22,162,1,774,0,0
20260812,14,823,14,23,55,1,775,0,0
20260812,14,824,14,24,43,1,776,0,0
20260812,14,825,14,25,31,1,777,0,0
20260812,14,826,14,26,21,1,778,0,0
20260812,14,827,14,27,25,1,779,0,0
20260812,14,828,14,28,16,1,780,0,0
20260812,14,829,14,29,13,1,781,0,0
20260812,14,830,14,30,9,1,782,0,0
20260812,14,831,14,31,8,1,783,0,0
20260812,14,832,14,32,7,1,784,0,0
20260812,14,833,14,33,11,1,785,0,0
20260812,14,834,14,34,11,1,786,0,0
20260812,14,835,14,35,21,1,787,0,0
20260812,14,836,14,36,19,1,788,0,0
20260812,14,837,14,37,14,1,789,0,0
20260812,14,838,14,38,18,1,790,0,0
20260812,14,839,14,39,11,1,791,0,0
20260812,14,840,14,40,13,1,792,0,0
20260812,14,841,14,41,8,1,793,0,0
20260812,14,842,14,42,7,1,794,0,0
20260812,14,843,14,43,11,1,795,0,0
20260812,14,844,14,44,20,1,796,0,0
20260812,14,845,14,45,14,1,797,0,0
20260812,14,846,14,46,31,1,798,0,0
20260812,14,847,14,47,44,1,799,0,0
20260812,14,848,14,48,53,1,800,0,0
20260812,14,849,14,49,65,1,801,0,0
20260812,14,850,14,50,83,1,802,0,0
20260812,14,851,14,51,103,1,803,0,0
20260812,14,852,14,52,125,1,804,0,0
20260812,14,853,14,53,180,1,805,0,0
20260812,14,854,14,54,211,1,806,0,0
20260812,14,855,14,55,158,1,807,0,0
20260812,14,856,14,56,76,1,808,0,0
20260812,14,857,14,57,32,1,809,0,0
20260812,14,858,14,58,19,1,810,0,0
20260812,14,859,14,59,18,1,811,0,0
20260812,14,860,14,60,8,1,812,0,0
20260812,14,861,15,1,788,1,813,0,0
20260812,14,862,15,2,331,1,814,0,0
20260812,14,863,15,3,157,1,815,0,0
20260812,14,864,15,4,102,1,816,0,0
20260812,14,865,15,5,62,1,817,0,0
20260812,14,866,15,6,64,1,818,0,0
20260812,14,867,15,7,54,1,819,0,0
20260812,14,868,15,8,36,1,820,0,0
20260812,14,869,15,9,50,1,821,0,0
20260812,14,870,15,10,36,1,822,0,0
20260812,14,871,15,11,29,1,823,0,0
20260812,14,872,15,12,27,1,824,0,0
20260812,14,873,15,13,28,1,825,0,0
20260812,14,874,15,14,28,1,826,0,0
20260812,14,875,15,15,21,1,827,0,0
20260812,14,876,15,16,15,1,828,0,0
20260812,14,877,15,17,11,1,829,0,0
20260812,14,878,15,18,17,1,830,0,0
20260812,14,879,15,19,15,1,831,0,0
20260812,14,880,15,20,15,1,832,0,0
20260812,14,881,15,21,16,1,833,0,0
20260812,14,882,15,22,4,1,834,0,0
20260812,14,883,15,23,8,1,835,0,0
20260812,14,884,15,24,11,1,836,0,0
20260812,14,885,15,25,15,1,837,0,0
20260812,14,886,15,26,16,1,838,0,0
20260812,14,887,15,27,7,1,839,0,0
20260812,14,888,15,28,7,1,840,0,0
20260812,14,889,15,29,12,1,841,0,0
20260812,14,890,15,30,14,1,842,0,0
20260812,14,891,15,31,10,1,843,0,0
20260812,14,892,15,32,12,1,844,0,0
20260812,14,893,15,33,9,1,845,0,0
20260812,14,894,15,34,9,1,846,0,0
20260812,14,895,15,35,12,1,847,0,0
20260812,14,896,15,36,9,1,848,0,0
20260812,14,897,15,37,14,1,849,0,0
20260812,14,898,15,38,17,1,850,0,0
20260812,14,899,15,39,22,1,851,0,0
20260812,14,900,15,40,19,1,852,0,0
20260812,14,901,15,41,23,1,853,0,0
20260812,14,902,15,42,35,1,854,0,0
20260812,14,903,15,43,37,1,855,0,0
20260812,14,904,15,44,90,1,856,0,0
20260812,14,905,15,45,214,1,857,0,0
20260812,14,906,15,46,450,1,858,0,0
20260812,14,907,15,47,342,1,859,0,0
20260812,14,908,15,48,111,1,860,0,0
20260812,14,909,15,49,94,1,861,0,0
20260812,14,910,15,50,80,1,862,0,0
20260812,14,911,15,51,42,1,863,0,0
20260812,14,912,15,52,25,1,864,0,0
20260812,14,913,15,53,21,1,865,0,0
20260812,14,914,15,54,26,1,866,0,0
20260812,14,915,15,55,22,1,867,0,0
20260812,14,916,15,56,15,1,868,0,0
20260812,14,917,15,57,11,1,869,0,0
20260812,14,918,15,58,15,1,870,0,0
20260812,14,919,15,59,10,1,871,0,0
20260812,14,920,15,60,10,1,872,0,0
20260812,14,921,16,1,812,1,873,0,0
20260812,14,922,16,2,173,1,874,0,0
20260812,14,923,16,3,87,1,875,0,0
20260812,14,924,16,4,65,1,876,0,0
20260812,14,925,16,5,42,1,877,0,0
20260812,14,926,16,6,38,1,878,0,0
20260812,14,927,16,7,36,1,879,0,0
20260812,14,928,16,8,32,1,880,0,0
20260812,14,929,16,9,13,1,881,0,0
20260812,14,930,16,10,10,1,882,0,0
20260812,14,931,16,11,9,1,883,0,0
20260812,14,932,16,12,7,1,884,0,0
20260812,14,933,16,13,8,1,885,0,0
20260812,14,934,16,14,1,1,886,0,0
20260812,14,935,16,15,13,1,887,0,0
20260812,14,936,16,16,17,1,888,0,0
20260812,14,937,16,17,22,1,889,0,0
20260812,14,938,16,18,14,1,890,0,0
20260812,14,939,16,19,6,1,891,0,0
20260812,14,940,16,20,11,1,892,0,0
20260812,14,941,16,21,8,1,893,0,0
20260812,14,942,16,22,1,1,894,0,0
20260812,14,943,16,23,1,1,895,0,0
20260812,14,944,16,24,10,1,896,0,0
20260812,14,945,16,25,9,1,897,0,0
20260812,14,946,16,26,9,1,898,0,0
20260812,14,947,16,27,6,1,899,0,0
20260812,14,948,16,28,7,1,900,0,0
20260812,14,949,16,29,9,1,901,0,0
20260812,14,950,16,30,11,1,902,0,0
20260812,14,951,16,31,26,1,903,0,0
20260812,14,952,16,32,54,1,904,0,0
20260812,14,953,16,33,133,1,905,0,0
20260812,14,954,16,34,343,1,906,0,0
20260812,14,955,16,35,464,1,907,0,0
20260812,14,956,16,36,364,1,908,0,0
20260812,14,957,16,37,214,1,909,0,0
20260812,14,958,16,38,196,1,910,0,0
20260812,14,959,16,39,182,1,911,0,0
20260812,14,960,16,40,134,1,912,0,0
20260812,14,961,16,41,65,1,913,0,0
20260812,14,962,16,42,48,1,914,0,0
20260812,14,963,16,43,31,1,915,0,0
20260812,14,964,16,44,16,1,916,0,0
20260812,14,965,16,45,16,1,917,0,0
20260812,14,966,16,46,19,1,918,0,0
20260812,14,967,16,47,21,1,919,0,0
20260812,14,968,16,48,12,1,920,0,0
20260812,14,969,16,49,13,1,921,0,0
20260812,14,970,16,50,14,1,922,0,0
20260812,14,971,16,51,12,1,923,0,0
20260812,14,972,16,52,6,1,924,0,0
20260812,14,973,16,53,8,1,925,0,0
20260812,14,974,16,54,7,1,926,0,0
20260812,14,975,16,55,7,1,927,0,0
20260812,14,976,16,56,4,1,928,0,0
20260812,14,977,16,57,6,1,929,0,0
20260812,14,978,16,58,9,1,930,0,0
20260812,14,979,16,59,8,1,931,0,0
20260812,14,980,16,60,7,1,932,0,0
20260812,14,981,17,1,855,1,933,0,0
20260812,14,982,17,2,162,1,934,0,0
20260812,14,983,17,3,80,1,935,0,0
20260812,14,984,17,4,69,1,936,0,0
20260812,14,985,17,5,51,1,937,0,0
20260812,14,986,17,6,48,1,938,0,0
20260812,14,987,17,7,39,1,939,0,0
20260812,14,988,17,8,41,1,940,0,0
20260812,14,989,17,9,36,1,941,0,0
20260812,14,990,17,10,42,1,942,0,0
20260812,14,991,17,11,29,1,943,0,0
20260812,14,992,17,12,17,1,944,0,0
20260812,14,993,17,13,27,1,945,0,0
20260812,14,994,17,14,22,1,946,0,0
20260812,14,995,17,15,21,1,947,0,0
20260812,14,996,17,16,28,1,948,0,0
20260812,14,997,17,17,29,1,949,0,0
20260812,14,998,17,18,31,1,950,0,0
20260812,14,999,17,19,28,1,951,0,0
20260812,14,1000,17,20,26,1,952,0,0
20260812,14,1001,17,21,24,1,953,0,0
20260812,14,1002,17,22,27,1,954,0,0
20260812,14,1003,17,23,20,1,955,0,0
20260812,14,1004,17,24,24,1,956,0,0
20260812,14,1005,17,25,30,1,957,0,0
20260812,14,1006,17,26,35,1,958,0,0
20260812,14,1007,17,27,29,1,959,0,0
20260812,14,1008,17,28,24,1,960,0,0
20260812,14,1009,17,29,21,1,961,0,0
20260812,14,1010,17,30,32,1,962,0,0
20260812,14,1011,17,31,19,1,963,0,0
20260812,14,1012,17,32,33,1,964,0,0
20260812,14,1013,17,33,29,1,965,0,0
20260812,14,1014,17,34,26,1,966,0,0
20260812,14,1015,17,35,19,1,967,0,0
20260812,14,1016,17,36,20,1,968,0,0
20260812,14,1017,17,37,16,1,969,0,0
20260812,14,1018,17,38,17,1,970,0,0
20260812,14,1019,17,39,17,1,971,0,0
20260812,14,1020,17,40,19,1,972,0,0
20260812,14,1021,17,41,18,1,973,0,0
20260812,14,1022,17,42,22,1,974,0,0
20260812,14,1023,17,43,21,1,975,0,0
20260812,14,1024,17,44,17,1,976,0,0
20260812,14,1025,17,45,16,1,977,0,0
20260812,14,1026,17,46,14,1,978,0,0
20260812,14,1027,17,47,15,1,979,0,0
20260812,14,1028,17,48,13,1,980,0,0
20260812,14,1029,17,49,6,1,981,0,0
20260812,14,1030,17,50,4,1,982,0,0
20260812,14,1031,17,51,4,1,983,0,0
20260812,14,1032,17,52,4,1,984,0,0
20260812,14,1033,17,53,5,1,985,0,0
20260812,14,1034,17,54,6,1,986,0,0
20260812,14,1035,17,55,7,1,987,0,0
20260812,14,1036,17,56,8,1,988,0,0
20260812,14,1037,17,57,8,1,989,0,0
20260812,14,1038,17,58,7,1,990,0,0
20260812,14,1039,17,59,6,1,991,0,0
20260812,14,1040,17,60,6,1,992,0,0
20260812,14,1041,18,1,913,1,993,0,0
20260812,14,1042,18,2,196,1,994,0,0
20260812,14,1043,18,3,74,1,995,0,0
20260812,14,1044,18,4,58,1,996,0,0
20260812,14,1045,18,5,37,1,997,0,0
20260812,14,1046,18,6,36,1,998,0,0
20260812,14,1047,18,7,24,1,999,0,0
20260812,14,1048,18,8,27,1,1000,0,0
20260812,14,1049,18,9,25,1,1001,0,0
20260812,14,1050,18,10,15,1,1002,0,0
20260812,14,1051,18,11,8,1,1003,0,0
20260812,14,1052,18,12,15,1,1004,0,0
20260812,14,1053,18,13,17,1,1005,0,0
20260812,14,1054,18,14,12,1,1006,0,0
20260812,14,1055,18,15,12,1,1007,0,0
20260812,14,1056,18,16,9,1,1008,0,0
20260812,14,1057,18,17,7,1,1009,0,0
20260812,14,1058,18,18,6,1,1010,0,0
20260812,14,1059,18,19,11,1,1011,0,0
20260812,14,1060,18,20,8,1,1012,0,0
20260812,14,1061,18,21,6,1,1013,0,0
20260812,14,1062,18,22,5,1,1014,0,0
20260812,14,1063,18,23,5,1,1015,0,0
20260812,14,1064,18,24,9,1,1016,0,0
20260812,14,1065,18,25,10,1,1017,0,0
20260812,14,1066,18,26,13,1,1018,0,0
20260812,14,1067,18,27,8,1,1019,0,0
20260812,14,1068,18,28,7,1,1020,0,0
20260812,14,1069,18,29,9,1,1021,0,0
20260812,14,1070,18,30,24,1,1022,0,0
20260812,14,1071,18,31,55,1,1023,0,0
20260812,14,1072,18,32,105,1,1024,0,0
20260812,14,1073,18,33,243,1,1025,0,0
20260812,14,1074,18,34,363,1,1026,0,0
20260812,14,1075,18,35,301,1,1027,0,0
20260812,14,1076,18,36,327,1,1028,0,0
20260812,14,1077,18,37,325,1,1029,0,0
20260812,14,1078,18,38,224,1,1030,0,0
20260812,14,1079,18,39,62,1,1031,0,0
20260812,14,1080,18,40,42,1,1032,0,0
20260812,14,1081,18,41,36,1,1033,0,0
20260812,14,1082,18,42,36,1,1034,0,0
20260812,14,1083,18,43,21,1,1035,0,0
20260812,14,1084,18,44,28,1,1036,0,0
20260812,14,1085,18,45,33,1,1037,0,0
20260812,14,1086,18,46,34,1,1038,0,0
20260812,14,1087,18,47,34,1,1039,0,0
20260812,14,1088,18,48,31,1,1040,0,0
20260812,14,1089,18,49,21,1,1041,0,0
20260812,14,1090,18,50,16,1,1042,0,0
20260812,14,1091,18,51,10,1,1043,0,0
20260812,14,1092,18,52,5,1,1044,0,0
20260812,14,1093,18,53,7,1,1045,0,0
20260812,14,1094,18,54,11,1,1046,0,0
20260812,14,1095,18,55,12,1,1047,0,0
20260812,14,1096,18,56,11,1,1048,0,0
20260812,14,1097,18,57,10,1,1049,0,0
20260812,14,1098,18,58,14,1,1050,0,0
20260812,14,1099,18,59,15,1,1051,0,0
20260812,14,1100,18,60,20,1,1052,0,0
20260812,14,1101,19,1,831,1,1053,0,0
20260812,14,1102,19,2,179,1,1054,0,0
20260812,14,1103,19,3,146,1,1055,0,0
20260812,14,1104,19,4,109,1,1056,0,0
20260812,14,1105,19,5,78,1,1057,0,0
20260812,14,1106,19,6,76,1,1058,0,0
20260812,14,1107,19,7,72,1,1059,0,0
20260812,14,1108,19,8,55,1,1060,0,0
20260812,14,1109,19,9,51,1,1061,0,0
20260812,14,1110,19,10,52,1,1062,0,0
20260812,14,1111,19,11,43,1,1063,0,0
20260812,14,1112,19,12,31,1,1064,0,0
20260812,14,1113,19,13,21,1,1065,0,0
20260812,14,1114,19,14,18,1,1066,0,0
20260812,14,1115,19,15,19,1,1067,0,0
20260812,14,1116,19,16,16,1,1068,0,0
20260812,14,1117,19,17,14,1,1069,0,0
20260812,14,1118,19,18,16,1,1070,0,0
20260812,14,1119,19,19,23,1,1071,0,0
20260812,14,1120,19,20,19,1,1072,0,0
20260812,14,1121,19,21,11,1,1073,0,0
20260812,14,1122,19,22,6,1,1074,0,0
20260812,14,1123,19,23,10,1,1075,0,0
20260812,14,1124,19,24,8,1,1076,0,0
20260812,14,1125,19,25,14,1,1077,0,0
20260812,14,1126,19,26,10,1,1078,0,0
20260812,14,1127,19,27,26,1,1079,0,0
20260812,14,1128,19,28,35,1,1080,0,0
20260812,14,1129,19,29,107,1,1081,0,0
20260812,14,1130,19,30,299,1,1082,0,0
20260812,14,1131,19,31,565,1,1083,0,0
20260812,14,1132,19,32,418,1,1084,0,0
20260812,14,1133,19,33,301,1,1085,0,0
20260812,14,1134,19,34,97,1,1086,0,0
20260812,14,1135,19,35,47,1,1087,0,0
20260812,14,1136,19,36,39,1,1088,0,0
20260812,14,1137,19,37,30,1,1089,0,0
20260812,14,1138,19,38,30,1,1090,0,0
20260812,14,1139,19,39,27,1,1091,0,0
20260812,14,1140,19,40,29,1,1092,0,0
20260812,14,1141,19,41,20,1,1093,0,0
20260812,14,1142,19,42,30,1,1094,0,0
20260812,14,1143,19,43,22,1,1095,0,0
20260812,14,1144,19,44,15,1,1096,0,0
20260812,14,1145,19,45,12,1,1097,0,0
20260812,14,1146,19,46,15,1,1098,0,0
20260812,14,1147,19,47,10,1,1099,0,0
20260812,14,1148,19,48,22,1,1100,0,0
20260812,14,1149,19,49,14,1,1101,0,0
20260812,14,1150,19,50,18,1,1102,0,0
20260812,14,1151,19,51,20,1,1103,0,0
20260812,14,1152,19,52,14,1,1104,0,0
20260812,14,1153,19,53,13,1,1105,0,0
20260812,14,1154,19,54,9,1,1106,0,0
20260812,14,1155,19,55,19,1,1107,0,0
20260812,14,1156,19,56,20,1,1108,0,0
20260812,14,1157,19,57,17,1,1109,0,0
20260812,14,1158,19,58,14,1,1110,0,0
20260812,14,1159,19,59,6,1,1111,0,0
20260812,14,1160,19,60,16,1,1112,0,0
20260812,14,1161,20,1,828,1,1113,0,0
20260812,14,1162,20,2,349,1,1114,0,0
20260812,14,1163,20,3,102,1,1115,0,0
20260812,14,1164,20,4,85,1,1116,0,0
20260812,14,1165,20,5,70,1,1117,0,0
20260812,14,1166,20,6,47,1,1118,0,0
20260812,14,1167,20,7,42,1,1119,0,0
20260812,14,1168,20,8,40,1,1120,0,0
20260812,14,1169,20,9,40,1,1121,0,0
20260812,14,1170,20,10,25,1,1122,0,0
20260812,14,1171,20,11,27,1,1123,0,0
20260812,14,1172,20,12,29,1,1124,0,0
20260812,14,1173,20,13,28,1,1125,0,0
20260812,14,1174,20,14,27,1,1126,0,0
20260812,14,1175,20,15,23,1,1127,0,0
20260812,14,1176,20,16,18,1,1128,0,0
20260812,14,1177,20,17,16,1,1129,0,0
20260812,14,1178,20,18,14,1,1130,0,0
20260812,14,1179,20,19,14,1,1131,0,0
20260812,14,1180,20,20,18,1,1132,0,0
20260812,14,1181,20,21,21,1,1133,0,0
20260812,14,1182,20,22,15,1,1134,0,0
20260812,14,1183,20,23,12,1,1135,0,0
20260812,14,1184,20,24,6,1,1136,0,0
20260812,14,1185,20,25,7,1,1137,0,0
20260812,14,1186,20,26,4,1,1138,0,0
20260812,14,1187,20,27,7,1,1139,0,0
20260812,14,1188,20,28,7,1,1140,0,0
20260812,14,1189,20,29,5,1,1141,0,0
20260812,14,1190,20,30,5,1,1142,0,0
20260812,14,1191,20,31,9,1,1143,0,0
20260812,14,1192,20,32,9,1,1144,0,0
20260812,14,1193,20,33,6,1,1145,0,0
20260812,14,1194,20,34,7,1,1146,0,0
20260812,14,1195,20,35,5,1,1147,0,0
20260812,14,1196,20,36,7,1,1148,0,0
20260812,14,1197,20,37,5,1,1149,0,0
20260812,14,1198,20,38,3,1,1150,0,0
20260812,14,1199,20,39,3,1,1151,0,0
20260812,14,1200,20,40,5,1,1152,0,0
20260812,14,1201,20,41,7,1,1153,0,0
20260812,14,1202,20,42,5,1,1154,0,0
20260812,14,1203,20,43,9,1,1155,0,0
20260812,14,1204,20,44,14,1,1156,0,0
20260812,14,1205,20,45,16,1,1157,0,0
20260812,14,1206,20,46,40,1,1158,0,0
20260812,14,1207,20,47,78,1,1159,0,0
20260812,14,1208,20,48,119,1,1160,0,0
20260812,14,1209,20,49,264,1,1161,0,0
20260812,14,1210,20,50,499,1,1162,0,0
20260812,14,1211,20,51,283,1,1163,0,0
20260812,14,1212,20,52,272,1,1164,0,0
20260812,14,1213,20,53,274,1,1165,0,0
20260812,14,1214,20,54,204,1,1166,0,0
20260812,14,1215,20,55,157,1,1167,0,0
20260812,14,1216,20,56,83,1,1168,0,0
20260812,14,1217,20,57,56,1,1169,0,0
20260812,14,1218,20,58,36,1,1170,0,0
20260812,14,1219,20,59,21,1,1171,0,0
20260812,14,1220,20,60,23,1,1172,0,0
20260812,14,1221,21,1,739,1,1173,0,0
20260812,14,1222,21,2,360,1,1174,0,0
20260812,14,1223,21,3,122,1,1175,0,0
20260812,14,1224,21,4,77,1,1176,0,0
20260812,14,1225,21,5,68,1,1177,0,0
20260812,14,1226,21,6,51,1,1178,0,0
20260812,14,1227,21,7,60,1,1179,0,0
20260812,14,1228,21,8,49,1,1180,0,0
20260812,14,1229,21,9,52,1,1181,0,0
20260812,14,1230,21,10,48,1,1182,0,0
20260812,14,1231,21,11,44,1,1183,0,0
20260812,14,1232,21,12,35,1,1184,0,0
20260812,14,1233,21,13,31,1,1185,0,0
20260812,14,1234,21,14,31,1,1186,0,0
20260812,14,1235,21,15,32,1,1187,0,0
20260812,14,1236,21,16,21,1,1188,0,0
20260812,14,1237,21,17,22,1,1189,0,0
20260812,14,1238,21,18,15,1,1190,0,0
20260812,14,1239,21,19,27,1,1191,0,0
20260812,14,1240,21,20,21,1,1192,0,0
20260812,14,1241,21,21,16,1,1193,0,0
20260812,14,1242,21,22,16,1,1194,0,0
20260812,14,1243,21,23,20,1,1195,0,0
20260812,14,1244,21,24,18,1,1196,0,0
20260812,14,1245,21,25,20,1,1197,0,0
20260812,14,1246,21,26,24,1,1198,0,0
20260812,14,1247,21,27,20,1,1199,0,0
20260812,14,1248,21,28,18,1,1200,0,0
20260812,14,1249,21,29,26,1,1201,0,0
20260812,14,1250,21,30,13,1,1202,0,0
20260812,14,1251,21,31,13,1,1203,0,0
20260812,14,1252,21,32,20,1,1204,0,0
20260812,14,1253,21,33,26,1,1205,0,0
20260812,14,1254,21,34,30,1,1206,0,0
20260812,14,1255,21,35,45,1,1207,0,0
20260812,14,1256,21,36,62,1,1208,0,0
20260812,14,1257,21,37,86,1,1209,0,0
20260812,14,1258,21,38,209,1,1210,0,0
20260812,14,1259,21,39,371,1,1211,0,0
20260812,14,1260,21,40,346,1,1212,0,0
20260812,14,1261,21,41,230,1,1213,0,0
20260812,14,1262,21,42,190,1,1214,0,0
20260812,14,1263,21,43,154,1,1215,0,0
20260812,14,1264,21,44,65,1,1216,0,0
20260812,14,1265,21,45,42,1,1217,0,0
20260812,14,1266,21,46,18,1,1218,0,0
20260812,14,1267,21,47,14,1,1219,0,0
20260812,14,1268,21,48,14,1,1220,0,0
20260812,14,1269,21,49,15,1,1221,0,0
20260812,14,1270,21,50,10,1,1222,0,0
20260812,14,1271,21,51,17,1,1223,0,0
20260812,14,1272,21,52,14,1,1224,0,0
20260812,14,1273,21,53,21,1,1225,0,0
20260812,14,1274,21,54,13,1,1226,0,0
20260812,14,1275,21,55,14,1,1227,0,0
20260812,14,1276,21,56,12,1,1228,0,0
20260812,14,1277,21,57,9,1,1229,0,0
20260812,14,1278,21,58,18,1,1230,0,0
20260812,14,1279,21,59,19,1,1231,0,0
20260812,14,1280,21,60,14,1,1232,0,0
20260812,14,1281,22,1,845,1,1233,0,0
20260812,14,1282,22,2,188,1,1234,0,0
20260812,14,1283,22,3,69,1,1235,0,0
20260812,14,1284,22,4,54,1,1236,0,0
20260812,14,1285,22,5,31,1,1237,0,0
20260812,14,1286,22,6,21,1,1238,0,0
20260812,14,1287,22,7,26,1,1239,0,0
20260812,14,1288,22,8,22,1,1240,0,0
20260812,14,1289,22,9,18,1,1241,0,0
20260812,14,1290,22,10,9,1,1242,0,0
20260812,14,1291,22,11,17,1,1243,0,0
20260812,14,1292,22,12,20,1,1244,0,0
20260812,14,1293,22,13,23,1,1245,0,0
20260812,14,1294,22,14,22,1,1246,0,0
20260812,14,1295,22,15,10,1,1247,0,0
20260812,14,1296,22,16,15,1,1248,0,0
20260812,14,1297,22,17,10,1,1249,0,0
20260812,14,1298,22,18,23,1,1250,0,0
20260812,14,1299,22,19,14,1,1251,0,0
20260812,14,1300,22,20,14,1,1252,0,0
20260812,14,1301,22,21,11,1,1253,0,0
20260812,14,1302,22,22,12,1,1254,0,0
20260812,14,1303,22,23,15,1,1255,0,0
20260812,14,1304,22,24,8,1,1256,0,0
20260812,14,1305,22,25,2,1,1257,0,0
20260812,14,1306,22,26,11,1,1258,0,0
20260812,14,1307,22,27,10,1,1259,0,0
20260812,14,1308,22,28,9,1,1260,0,0
20260812,14,1309,22,29,13,1,1261,0,0
20260812,14,1310,22,30,38,1,1262,0,0
20260812,14,1311,22,31,93,1,1263,0,0
20260812,14,1312,22,32,291,1,1264,0,0
20260812,14,1313,22,33,476,1,1265,0,0
20260812,14,1314,22,34,418,1,1266,0,0
20260812,14,1315,22,35,367,1,1267,0,0
20260812,14,1316,22,36,231,1,1268,0,0
20260812,14,1317,22,37,97,1,1269,0,0
20260812,14,1318,22,38,77,1,1270,0,0
20260812,14,1319,22,39,78,1,1271,0,0
20260812,14,1320,22,40,41,1,1272,0,0
20260812,14,1321,22,41,42,1,1273,0,0
20260812,14,1322,22,42,48,1,1274,0,0
20260812,14,1323,22,43,36,1,1275,0,0
20260812,14,1324,22,44,35,1,1276,0,0
20260812,14,1325,22,45,21,1,1277,0,0
20260812,14,1326,22,46,28,1,1278,0,0
20260812,14,1327,22,47,29,1,1279,0,0
20260812,14,1328,22,48,27,1,1280,0,0
20260812,14,1329,22,49,24,1,1281,0,0
20260812,14,1330,22,50,21,1,1282,0,0
20260812,14,1331,22,51,23,1,1283,0,0
20260812,14,1332,22,52,23,1,1284,0,0
20260812,14,1333,22,53,18,1,1285,0,0
20260812,14,1334,22,54,18,1,1286,0,0
20260812,14,1335,22,55,15,1,1287,0,0
20260812,14,1336,22,56,10,1,1288,0,0
20260812,14,1337,22,57,15,1,1289,0,0
20260812,14,1338,22,58,24,1,1290,0,0
20260812,14,1339,22,59,15,1,1291,0,0
20260812,14,1340,22,60,12,1,1292,0,0
20260812,14,1341,23,1,839,1,1293,0,0
20260812,14,1342,23,2,170,1,1294,0,0
20260812,14,1343,23,3,78,1,1295,0,0
20260812,14,1344,23,4,48,1,1296,0,0
20260812,14,1345,23,5,55,1,1297,0,0
20260812,14,1346,23,6,53,1,1298,0,0
20260812,14,1347,23,7,42,1,1299,0,0
20260812,14,1348,23,8,39,1,1300,0,0
20260812,14,1349,23,9,32,1,1301,0,0
20260812,14,1350,23,10,35,1,1302,0,0
20260812,14,1351,23,11,31,1,1303,0,0
20260812,14,1352,23,12,18,1,1304,0,0
20260812,14,1353,23,13,14,1,1305,0,0
20260812,14,1354,23,14,40,1,1306,0,0
20260812,14,1355,23,15,32,1,1307,0,0
20260812,14,1356,23,16,17,1,1308,0,0
20260812,14,1357,23,17,20,1,1309,0,0
20260812,14,1358,23,18,29,1,1310,0,0
20260812,14,1359,23,19,12,1,1311,0,0
20260812,14,1360,23,20,19,1,1312,0,0
20260812,14,1361,23,21,24,1,1313,0,0
20260812,14,1362,23,22,31,1,1314,0,0
20260812,14,1363,23,23,37,1,1315,0,0
20260812,14,1364,23,24,69,1,1316,0,0
20260812,14,1365,23,25,111,1,1317,0,0
20260812,14,1366,23,26,156,1,1318,0,0
20260812,14,1367,23,27,164,1,1319,0,0
20260812,14,1368,23,28,185,1,1320,0,0
20260812,14,1369,23,29,145,1,1321,0,0
20260812,14,1370,23,30,161,1,1322,0,0
20260812,14,1371,23,31,142,1,1323,0,0
20260812,14,1372,23,32,137,1,1324,0,0
20260812,14,1373,23,33,165,1,1325,0,0
20260812,14,1374,23,34,154,1,1326,0,0
20260812,14,1375,23,35,213,1,1327,0,0
20260812,14,1376,23,36,167,1,1328,0,0
20260812,14,1377,23,37,48,1,1329,0,0
20260812,14,1378,23,38,35,1,1330,0,0
20260812,14,1379,23,39,41,1,1331,0,0
20260812,14,1380,23,40,35,1,1332,0,0
20260812,14,1381,23,41,31,1,1333,0,0
20260812,14,1382,23,42,23,1,1334,0,0
20260812,14,1383,23,43,20,1,1335,0,0
20260812,14,1384,23,44,25,1,1336,0,0
20260812,14,1385,23,45,25,1,1337,0,0
20260812,14,1386,23,46,19,1,1338,0,0
20260812,14,1387,23,47,11,1,1339,0,0
20260812,14,1388,23,48,18,1,1340,0,0
20260812,14,1389,23,49,17,1,1341,0,0
20260812,14,1390,23,50,22,1,1342,0,0
20260812,14,1391,23,51,21,1,1343,0,0
20260812,14,1392,23,52,20,1,1344,0,0
20260812,14,1393,23,53,16,1,1345,0,0
20260812,14,1394,23,54,20,1,1346,0,0
20260812,14,1395,23,55,18,1,1347,0,0
20260812,14,1396,23,56,13,1,1348,0,0
20260812,14,1397,23,57,30,1,1349,0,0
20260812,14,1398,23,58,41,1,1350,0,0
20260812,14,1399,23,59,56,1,1351,0,0
20260812,14,1400,23,60,31,1,1352,0,0
20260812,14,1401,24,1,841,1,1353,0,0
20260812,14,1402,24,2,323,1,1354,0,0
20260812,14,1403,24,3,111,1,1355,0,0
20260812,14,1404,24,4,65,1,1356,0,0
20260812,14,1405,24,5,59,1,1357,0,0
20260812,14,1406,24,6,47,1,1358,0,0
20260812,14,1407,24,7,36,1,1359,0,0
20260812,14,1408,24,8,37,1,1360,0,0
20260812,14,1409,24,9,32,1,1361,0,0
20260812,14,1410,24,10,28,1,1362,0,0
20260812,14,1411,24,11,23,1,1363,0,0
20260812,14,1412,24,12,22,1,1364,0,0
20260812,14,1413,24,13,26,1,1365,0,0
20260812,14,1414,24,14,21,1,1366,0,0
20260812,14,1415,24,15,18,1,1367,0,0
20260812,14,1416,24,16,14,1,1368,0,0
20260812,14,1417,24,17,12,1,1369,0,0
20260812,14,1418,24,18,14,1,1370,0,0
20260812,14,1419,24,19,15,1,1371,0,0
20260812,14,1420,24,20,16,1,1372,0,0
20260812,14,1421,24,21,12,1,1373,0,0
20260812,14,1422,24,22,12,1,1374,0,0
20260812,14,1423,24,23,12,1,1375,0,0
20260812,14,1424,24,24,8,1,1376,0,0
20260812,14,1425,24,25,8,1,1377,0,0
20260812,14,1426,24,26,2,1,1378,0,0
20260812,14,1427,24,27,7,1,1379,0,0
20260812,14,1428,24,28,8,1,1380,0,0
20260812,14,1429,24,29,4,1,1381,0,0
20260812,14,1430,24,30,5,1,1382,0,0
20260812,14,1431,24,31,11,1,1383,0,0
20260812,14,1432,24,32,14,1,1384,0,0
20260812,14,1433,24,33,16,1,1385,0,0
20260812,14,1434,24,34,27,1,1386,0,0
20260812,14,1435,24,35,56,1,1387,0,0
20260812,14,1436,24,36,152,1,1388,0,0
20260812,14,1437,24,37,361,1,1389,0,0
20260812,14,1438,24,38,427,1,1390,0,0
20260812,14,1439,24,39,415,1,1391,0,0
20260812,14,1440,24,40,343,1,1392,0,0
20260812,14,1441,24,41,269,1,1393,0,0
20260812,14,1442,24,42,90,1,1394,0,0
20260812,14,1443,24,43,38,1,1395,0,0
20260812,14,1444,24,44,29,1,1396,0,0
20260812,14,1445,24,45,32,1,1397,0,0
20260812,14,1446,24,46,25,1,1398,0,0
20260812,14,1447,24,47,19,1,1399,0,0
20260812,14,1448,24,48,12,1,1400,0,0
20260812,14,1449,24,49,16,1,1401,0,0
20260812,14,1450,24,50,19,1,1402,0,0
20260812,14,1451,24,51,13,1,1403,0,0
20260812,14,1452,24,52,17,1,1404,0,0
20260812,14,1453,24,53,12,1,1405,0,0
20260812,14,1454,24,54,10,1,1406,0,0
20260812,14,1455,24,55,6,1,1407,0,0
20260812,14,1456,24,56,6,1,1408,0,0
20260812,14,1457,24,57,9,1,1409,0,0
20260812,14,1458,24,58,17,1,1410,0,0
20260812,14,1459,24,59,13,1,1411,0,0
20260812,14,1460,24,60,10,1,1412,0,0
20260812,14,1461,25,1,874,1,1413,0,0
20260812,14,1462,25,2,191,1,1414,0,0
20260812,14,1463,25,3,137,1,1415,0,0
20260812,14,1464,25,4,109,1,1416,0,0
20260812,14,1465,25,5,83,1,1417,0,0
20260812,14,1466,25,6,74,1,1418,0,0
20260812,14,1467,25,7,59,1,1419,0,0
20260812,14,1468,25,8,55,1,1420,0,0
20260812,14,1469,25,9,51,1,1421,0,0
20260812,14,1470,25,10,46,1,1422,0,0
20260812,14,1471,25,11,38,1,1423,0,0
20260812,14,1472,25,12,34,1,1424,0,0
20260812,14,1473,25,13,32,1,1425,0,0
20260812,14,1474,25,14,34,1,1426,0,0
20260812,14,1475,25,15,32,1,1427,0,0
20260812,14,1476,25,16,32,1,1428,0,0
20260812,14,1477,25,17,27,1,1429,0,0
20260812,14,1478,25,18,29,1,1430,0,0
20260812,14,1479,25,19,24,1,1431,0,0
20260812,14,1480,25,20,30,1,1432,0,0
20260812,14,1481,25,21,25,1,1433,0,0
20260812,14,1482,25,22,27,1,1434,0,0
20260812,14,1483,25,23,25,1,1435,0,0
20260812,14,1484,25,24,19,1,1436,0,0
20260812,14,1485,25,25,20,1,1437,0,0
20260812,14,1486,25,26,27,1,1438,0,0
20260812,14,1487,25,27,19,1,1439,0,0
20260812,14,1488,25,28,19,1,1440,0,0
20260812,14,1489,25,29,19,1,1441,0,0
20260812,14,1490,25,30,16,1,1442,0,0
20260812,14,1491,25,31,23,1,1443,0,0
20260812,14,1492,25,32,27,1,1444,0,0
20260812,14,1493,25,33,20,1,1445,0,0
20260812,14,1494,25,34,20,1,1446,0,0
20260812,14,1495,25,35,19,1,1447,0,0
20260812,14,1496,25,36,36,1,1448,0,0
20260812,14,1497,25,37,24,1,1449,0,0
20260812,14,1498,25,38,39,1,1450,0,0
20260812,14,1499,25,39,42,1,1451,0,0
20260812,14,1500,25,40,44,1,1452,0,0
20260812,14,1501,25,41,45,1,1453,0,0
20260812,14,1502,25,42,72,1,1454,0,0
20260812,14,1503,25,43,118,1,1455,0,0
20260812,14,1504,25,44,115,1,1456,0,0
20260812,14,1505,25,45,57,1,1457,0,0
20260812,14,1506,25,46,44,1,1458,0,0
20260812,14,1507,25,47,48,1,1459,0,0
20260812,14,1508,25,48,51,1,1460,0,0
20260812,14,1509,25,49,43,1,1461,0,0
20260812,14,1510,25,50,27,1,1462,0,0
20260812,14,1511,25,51,20,1,1463,0,0
20260812,14,1512,25,52,14,1,1464,0,0
20260812,14,1513,25,53,21,1,1465,0,0
20260812,14,1514,25,54,35,1,1466,0,0
20260812,14,1515,25,55,27,1,1467,0,0
20260812,14,1516,25,56,22,1,1468,0,0
20260812,14,1517,25,57,10,1,1469,0,0
20260812,14,1518,25,58,7,1,1470,0,0
20260812,14,1519,25,59,5,1,1471,0,0
20260812,14,1520,25,60,13,1,1472,0,0
20260812,14,1521,26,1,856,1,1473,0,0
20260812,14,1522,26,2,149,1,1474,0,0
20260812,14,1523,26,3,82,1,1475,0,0
20260812,14,1524,26,4,60,1,1476,0,0
20260812,14,1525,26,5,44,1,1477,0,0
20260812,14,1526,26,6,30,1,1478,0,0
20260812,14,1527,26,7,22,1,1479,0,0
20260812,14,1528,26,8,25,1,1480,0,0
20260812,14,1529,26,9,29,1,1481,0,0
20260812,14,1530,26,10,20,1,1482,0,0
20260812,14,1531,26,11,16,1,1483,0,0
20260812,14,1532,26,12,16,1,1484,0,0
20260812,14,1533,26,13,22,1,1485,0,0
20260812,14,1534,26,14,15,1,1486,0,0
20260812,14,1535,26,15,13,1,1487,0,0
20260812,14,1536,26,16,12,1,1488,0,0
20260812,14,1537,26,17,16,1,1489,0,0
20260812,14,1538,26,18,9,1,1490,0,0
20260812,14,1539,26,19,10,1,1491,0,0
20260812,14,1540,26,20,14,1,1492,0,0
20260812,14,1541,26,21,14,1,1493,0,0
20260812,14,1542,26,22,9,1,1494,0,0
20260812,14,1543,26,23,13,1,1495,0,0
20260812,14,1544,26,24,10,1,1496,0,0
20260812,14,1545,26,25,15,1,1497,0,0
20260812,14,1546,26,26,9,1,1498,0,0
20260812,14,1547,26,27,11,1,1499,0,0
20260812,14,1548,26,28,7,1,1500,0,0
20260812,14,1549,26,29,14,1,1501,0,0
20260812,14,1550,26,30,16,1,1502,0,0
20260812,14,1551,26,31,15,1,1503,0,0
20260812,14,1552,26,32,19,1,1504,0,0
20260812,14,1553,26,33,32,1,1505,0,0
20260812,14,1554,26,34,48,1,1506,0,0
20260812,14,1555,26,35,95,1,1507,0,0
20260812,14,1556,26,36,182,1,1508,0,0
20260812,14,1557,26,37,317,1,1509,0,0
20260812,14,1558,26,38,290,1,1510,0,0
20260812,14,1559,26,39,257,1,1511,0,0
20260812,14,1560,26,40,204,1,1512,0,0
20260812,14,1561,26,41,165,1,1513,0,0
20260812,14,1562,26,42,66,1,1514,0,0
20260812,14,1563,26,43,34,1,1515,0,0
20260812,14,1564,26,44,26,1,1516,0,0
20260812,14,1565,26,45,24,1,1517,0,0
20260812,14,1566,26,46,18,1,1518,0,0
20260812,14,1567,26,47,19,1,1519,0,0
20260812,14,1568,26,48,27,1,1520,0,0
20260812,14,1569,26,49,34,1,1521,0,0
20260812,14,1570,26,50,30,1,1522,0,0
20260812,14,1571,26,51,27,1,1523,0,0
20260812,14,1572,26,52,21,1,1524,0,0
20260812,14,1573,26,53,20,1,1525,0,0
20260812,14,1574,26,54,21,1,1526,0,0
20260812,14,1575,26,55,13,1,1527,0,0
20260812,14,1576,26,56,19,1,1528,0,0
20260812,14,1577,26,57,19,1,1529,0,0
20260812,14,1578,26,58,10,1,1530,0,0
20260812,14,1579,26,59,13,1,1531,0,0
20260812,14,1580,26,60,10,1,1532,0,0
20260812,14,1581,27,1,881,1,1533,0,0
20260812,14,1582,27,2,215,1,1534,0,0
20260812,14,1583,27,3,105,1,1535,0,0
20260812,14,1584,27,4,74,1,1536,0,0
20260812,14,1585,27,5,51,1,1537,0,0
20260812,14,1586,27,6,57,1,1538,0,0
20260812,14,1587,27,7,40,1,1539,0,0
20260812,14,1588,27,8,38,1,1540,0,0
20260812,14,1589,27,9,16,1,1541,0,0
20260812,14,1590,27,10,21,1,1542,0,0
20260812,14,1591,27,11,20,1,1543,0,0
20260812,14,1592,27,12,15,1,1544,0,0
20260812,14,1593,27,13,7,1,1545,0,0
20260812,14,1594,27,14,4,1,1546,0,0
20260812,14,1595,27,15,11,1,1547,0,0
20260812,14,1596,27,16,8,1,1548,0,0
20260812,14,1597,27,17,13,1,1549,0,0
20260812,14,1598,27,18,7,1,1550,0,0
20260812,14,1599,27,19,3,1,1551,0,0
20260812,14,1600,27,20,2,1,1552,0,0
20260812,14,1601,27,21,9,1,1553,0,0
20260812,14,1602,27,22,17,1,1554,0,0
20260812,14,1603,27,23,29,1,1555,0,0
20260812,14,1604,27,24,23,1,1556,0,0
20260812,14,1605,27,25,53,1,1557,0,0
20260812,14,1606,27,26,102,1,1558,0,0
20260812,14,1607,27,27,274,1,1559,0,0
20260812,14,1608,27,28,449,1,1560,0,0
20260812,14,1609,27,29,356,1,1561,0,0
20260812,14,1610,27,30,178,1,1562,0,0
20260812,14,1611,27,31,79,1,1563,0,0
20260812,14,1612,27,32,24,1,1564,0,0
20260812,14,1613,27,33,23,1,1565,0,0
20260812,14,1614,27,34,17,1,1566,0,0
20260812,14,1615,27,35,14,1,1567,0,0
20260812,14,1616,27,36,14,1,1568,0,0
20260812,14,1617,27,37,18,1,1569,0,0
20260812,14,1618,27,38,15,1,1570,0,0
20260812,14,1619,27,39,14,1,1571,0,0
20260812,14,1620,27,40,10,1,1572,0,0
20260812,14,1621,27,41,6,1,1573,0,0
20260812,14,1622,27,42,8,1,1574,0,0
20260812,14,1623,27,43,11,1,1575,0,0
20260812,14,1624,27,44,16,1,1576,0,0
20260812,14,1625,27,45,23,1,1577,0,0
20260812,14,1626,27,46,16,1,1578,0,0
20260812,14,1627,27,47,28,1,1579,0,0
20260812,14,1628,27,48,24,1,1580,0,0
20260812,14,1629,27,49,54,1,1581,0,0
20260812,14,1630,27,50,93,1,1582,0,0
20260812,14,1631,27,51,168,1,1583,0,0
20260812,14,1632,27,52,381,1,1584,0,0
20260812,14,1633,27,53,443,1,1585,0,0
20260812,14,1634,27,54,187,1,1586,0,0
20260812,14,1635,27,55,94,1,1587,0,0
20260812,14,1636,27,56,59,1,1588,0,0
20260812,14,1637,27,57,30,1,1589,0,0
20260812,14,1638,27,58,27,1,1590,0,0
20260812,14,1639,27,59,27,1,1591,0,0
20260812,14,1640,27,60,20,1,1592,0,0
20260812,14,1641,28,1,784,1,1593,0,0
20260812,14,1642,28,2,474,1,1594,0,0
20260812,14,1643,28,3,106,1,1595,0,0
20260812,14,1644,28,4,62,1,1596,0,0
20260812,14,1645,28,5,58,1,1597,0,0
20260812,14,1646,28,6,73,1,1598,0,0
20260812,14,1647,28,7,49,1,1599,0,0
20260812,14,1648,28,8,42,1,1600,0,0
20260812,14,1649,28,9,42,1,1601,0,0
20260812,14,1650,28,10,44,1,1602,0,0
20260812,14,1651,28,11,25,1,1603,0,0
20260812,14,1652,28,12,19,1,1604,0,0
20260812,14,1653,28,13,35,1,1605,0,0
20260812,14,1654,28,14,27,1,1606,0,0
20260812,14,1655,28,15,29,1,1607,0,0
20260812,14,1656,28,16,22,1,1608,0,0
20260812,14,1657,28,17,12,1,1609,0,0
20260812,14,1658,28,18,20,1,1610,0,0
20260812,14,1659,28,19,21,1,1611,0,0
20260812,14,1660,28,20,18,1,1612,0,0
20260812,14,1661,28,21,16,1,1613,0,0
20260812,14,1662,28,22,14,1,1614,0,0
20260812,14,1663,28,23,11,1,1615,0,0
20260812,14,1664,28,24,11,1,1616,0,0
20260812,14,1665,28,25,16,1,1617,0,0
20260812,14,1666,28,26,22,1,1618,0,0
20260812,14,1667,28,27,27,1,1619,0,0
20260812,14,1668,28,28,26,1,1620,0,0
20260812,14,1669,28,29,18,1,1621,0,0
20260812,14,1670,28,30,17,1,1622,0,0
20260812,14,1671,28,31,22,1,1623,0,0
20260812,14,1672,28,32,22,1,1624,0,0
20260812,14,1673,28,33,33,1,1625,0,0
20260812,14,1674,28,34,28,1,1626,0,0
20260812,14,1675,28,35,9,1,1627,0,0
20260812,14,1676,28,36,4,1,1628,0,0
20260812,14,1677,28,37,5,1,1629,0,0
20260812,14,1678,28,38,6,1,1630,0,0
20260812,14,1679,28,39,6,1,1631,0,0
20260812,14,1680,28,40,3,1,1632,0,0
20260812,14,1681,28,41,5,1,1633,0,0
20260812,14,1682,28,42,6,1,1634,0,0
20260812,14,1683,28,43,3,1,1635,0,0
20260812,14,1684,28,44,6,1,1636,0,0
20260812,14,1685,28,45,10,1,1637,0,0
20260812,14,1686,28,46,10,1,1638,0,0
20260812,14,1687,28,47,21,1,1639,0,0
20260812,14,1688,28,48,18,1,1640,0,0
20260812,14,1689,28,49,18,1,1641,0,0
20260812,14,1690,28,50,34,1,1642,0,0
20260812,14,1691,28,51,59,1,1643,0,0
20260812,14,1692,28,52,166,1,1644,0,0
20260812,14,1693,28,53,282,1,1645,0,0
20260812,14,1694,28,54,342,1,1646,0,0
20260812,14,1695,28,55,316,1,1647,0,0
20260812,14,1696,28,56,312,1,1648,0,0
20260812,14,1697,28,57,285,1,1649,0,0
20260812,14,1698,28,58,222,1,1650,0,0
20260812,14,1699,28,59,84,1,1651,0,0
20260812,14,1700,28,60,62,1,1652,0,0
20260812,14,1701,29,1,546,1,1653,0,0
20260812,14,1702,29,2,531,1,1654,0,0
20260812,14,1703,29,3,167,1,1655,0,0
20260812,14,1704,29,4,84,1,1656,0,0
20260812,14,1705,29,5,61,1,1657,0,0
20260812,14,1706,29,6,50,1,1658,0,0
20260812,14,1707,29,7,60,1,1659,0,0
20260812,14,1708,29,8,40,1,1660,0,0
20260812,14,1709,29,9,37,1,1661,0,0
20260812,14,1710,29,10,34,1,1662,0,0
20260812,14,1711,29,11,27,1,1663,0,0
20260812,14,1712,29,12,29,1,1664,0,0
20260812,14,1713,29,13,29,1,1665,0,0
20260812,14,1714,29,14,27,1,1666,0,0
20260812,14,1715,29,15,30,1,1667,0,0
20260812,14,1716,29,16,25,1,1668,0,0
20260812,14,1717,29,17,25,1,1669,0,0
20260812,14,1718,29,18,21,1,1670,0,0
20260812,14,1719,29,19,12,1,1671,0,0
20260812,14,1720,29,20,14,1,1672,0,0
20260812,14,1721,29,21,14,1,1673,0,0
20260812,14,1722,29,22,14,1,1674,0,0
20260812,14,1723,29,23,13,1,1675,0,0
20260812,14,1724,29,24,14,1,1676,0,0
20260812,14,1725,29,25,16,1,1677,0,0
20260812,14,1726,29,26,17,1,1678,0,0
20260812,14,1727,29,27,13,1,1679,0,0
20260812,14,1728,29,28,10,1,1680,0,0
20260812,14,1729,29,29,10,1,1681,0,0
20260812,14,1730,29,30,8,1,1682,0,0
20260812,14,1731,29,31,9,1,1683,0,0
20260812,14,1732,29,32,4,1,1684,0,0
20260812,14,1733,29,33,11,1,1685,0,0
20260812,14,1734,29,34,13,1,1686,0,0
20260812,14,1735,29,35,25,1,1687,0,0
20260812,14,1736,29,36,25,1,1688,0,0
20260812,14,1737,29,37,36,1,1689,0,0
20260812,14,1738,29,38,112,1,1690,0,0
20260812,14,1739,29,39,247,1,1691,0,0
20260812,14,1740,29,40,266,1,1692,0,0
20260812,14,1741,29,41,238,1,1693,0,0
20260812,14,1742,29,42,280,1,1694,0,0
20260812,14,1743,29,43,248,1,1695,0,0
20260812,14,1744,29,44,231,1,1696,0,0
20260812,14,1745,29,45,231,1,1697,0,0
20260812,14,1746,29,46,213,1,1698,0,0
20260812,14,1747,29,47,147,1,1699,0,0
20260812,14,1748,29,48,84,1,1700,0,0
20260812,14,1749,29,49,35,1,1701,0,0
20260812,14,1750,29,50,22,1,1702,0,0
20260812,14,1751,29,51,16,1,1703,0,0
20260812,14,1752,29,52,11,1,1704,0,0
20260812,14,1753,29,53,6,1,1705,0,0
20260812,14,1754,29,54,6,1,1706,0,0
20260812,14,1755,29,55,6,1,1707,0,0
20260812,14,1756,29,56,15,1,1708,0,0
20260812,14,1757,29,57,7,1,1709,0,0
20260812,14,1758,29,58,8,1,1710,0,0
20260812,14,1759,29,59,8,1,1711,0,0
20260812,14,1760,29,60,10,1,1712,0,0
20260812,14,1761,30,1,869,1,1713,0,0
20260812,14,1762,30,2,154,1,1714,0,0
20260812,14,1763,30,3,62,1,1715,0,0
20260812,14,1764,30,4,51,1,1716,0,0
20260812,14,1765,30,5,50,1,1717,0,0
20260812,14,1766,30,6,55,1,1718,0,0
20260812,14,1767,30,7,33,1,1719,0,0
20260812,14,1768,30,8,31,1,1720,0,0
20260812,14,1769,30,9,37,1,1721,0,0
20260812,14,1770,30,10,26,1,1722,0,0
20260812,14,1771,30,11,21,1,1723,0,0
20260812,14,1772,30,12,21,1,1724,0,0
20260812,14,1773,30,13,21,1,1725,0,0
20260812,14,1774,30,14,12,1,1726,0,0
20260812,14,1775,30,15,23,1,1727,0,0
20260812,14,1776,30,16,16,1,1728,0,0
20260812,14,1777,30,17,15,1,1729,0,0
20260812,14,1778,30,18,10,1,1730,0,0
20260812,14,1779,30,19,12,1,1731,0,0
20260812,14,1780,30,20,9,1,1732,0,0
20260812,14,1781,30,21,9,1,1733,0,0
20260812,14,1782,30,22,5,1,1734,0,0
20260812,14,1783,30,23,8,1,1735,0,0
20260812,14,1784,30,24,4,1,1736,0,0
20260812,14,1785,30,25,9,1,1737,0,0
20260812,14,1786,30,26,15,1,1738,0,0
20260812,14,1787,30,27,21,1,1739,0,0
20260812,14,1788,30,28,79,1,1740,0,0
20260812,14,1789,30,29,316,1,1741,0,0
20260812,14,1790,30,30,509,1,1742,0,0
20260812,14,1791,30,31,321,1,1743,0,0
20260812,14,1792,30,32,297,1,1744,0,0
20260812,14,1793,30,33,254,1,1745,0,0
20260812,14,1794,30,34,206,1,1746,0,0
20260812,14,1795,30,35,176,1,1747,0,0
20260812,14,1796,30,36,73,1,1748,0,0
20260812,14,1797,30,37,42,1,1749,0,0
20260812,14,1798,30,38,50,1,1750,0,0
20260812,14,1799,30,39,39,1,1751,0,0
20260812,14,1800,30,40,28,1,1752,0,0
20260812,14,1801,30,41,32,1,1753,0,0
20260812,14,1802,30,42,18,1,1754,0,0
20260812,14,1803,30,43,19,1,1755,0,0
20260812,14,1804,30,44,19,1,1756,0,0
20260812,14,1805,30,45,5,1,1757,0,0
20260812,14,1806,30,46,7,1,1758,0,0
20260812,14,1807,30,47,8,1,1759,0,0
20260812,14,1808,30,48,11,1,1760,0,0
20260812,14,1809,30,49,12,1,1761,0,0
20260812,14,1810,30,50,6,1,1762,0,0
20260812,14,1811,30,51,8,1,1763,0,0
20260812,14,1812,30,52,9,1,1764,0,0
20260812,14,1813,30,53,9,1,1765,0,0
20260812,14,1814,30,54,9,1,1766,0,0
20260812,14,1815,30,55,4,1,1767,0,0
20260812,14,1816,30,56,4,1,1768,0,0
20260812,14,1817,30,57,1,1,1769,0,0
20260812,14,1818,30,58,1,1,1770,0,0
20260812,14,1819,30,59,4,1,1771,0,0
20260812,14,1820,30,60,2,1,1772,0,0
20260812,14,1821,31,1,846,1,1773,0,0
20260812,14,1822,31,2,144,1,1774,0,0
20260812,14,1823,31,3,82,1,1775,0,0
20260812,14,1824,31,4,77,1,1776,0,0
20260812,14,1825,31,5,61,1,1777,0,0
20260812,14,1826,31,6,48,1,1778,0,0
20260812,14,1827,31,7,41,1,1779,0,0
20260812,14,1828,31,8,25,1,1780,0,0
20260812,14,1829,31,9,26,1,1781,0,0
20260812,14,1830,31,10,23,1,1782,0,0
20260812,14,1831,31,11,13,1,1783,0,0
20260812,14,1832,31,12,12,1,1784,0,0
20260812,14,1833,31,13,7,1,1785,0,0
20260812,14,1834,31,14,9,1,1786,0,0
20260812,14,1835,31,15,8,1,1787,0,0
20260812,14,1836,31,16,11,1,1788,0,0
20260812,14,1837,31,17,4,1,1789,0,0
20260812,14,1838,31,18,4,1,1790,0,0
20260812,14,1839,31,19,7,1,1791,0,0
20260812,14,1840,31,20,2,1,1792,0,0
20260812,14,1841,31,21,7,1,1793,0,0
20260812,14,1842,31,22,7,1,1794,0,0
20260812,14,1843,31,23,10,1,1795,0,0
20260812,14,1844,31,24,7,1,1796,0,0
20260812,14,1845,31,25,12,1,1797,0,0
20260812,14,1846,31,26,12,1,1798,0,0
20260812,14,1847,31,27,35,1,1799,0,0
20260812,14,1848,31,28,57,1,1800,0,0
20260812,14,1849,31,29,113,1,1801,0,0
20260812,14,1850,31,30,215,1,1802,0,0
20260812,14,1851,31,31,284,1,1803,0,0
20260812,14,1852,31,32,257,1,1804,0,0
20260812,14,1853,31,33,282,1,1805,0,0
20260812,14,1854,31,34,297,1,1806,0,0
20260812,14,1855,31,35,251,1,1807,0,0
20260812,14,1856,31,36,200,1,1808,0,0
20260812,14,1857,31,37,95,1,1809,0,0
20260812,14,1858,31,38,37,1,1810,0,0
20260812,14,1859,31,39,23,1,1811,0,0
20260812,14,1860,31,40,19,1,1812,0,0
20260812,14,1861,31,41,25,1,1813,0,0
20260812,14,1862,31,42,20,1,1814,0,0
20260812,14,1863,31,43,15,1,1815,0,0
20260812,14,1864,31,44,12,1,1816,0,0
20260812,14,1865,31,45,7,1,1817,0,0
20260812,14,1866,31,46,15,1,1818,0,0
20260812,14,1867,31,47,14,1,1819,0,0
20260812,14,1868,31,48,16,1,1820,0,0
20260812,14,1869,31,49,9,1,1821,0,0
20260812,14,1870,31,50,12,1,1822,0,0
20260812,14,1871,31,51,12,1,1823,0,0
20260812,14,1872,31,52,14,1,1824,0,0
20260812,14,1873,31,53,10,1,1825,0,0
20260812,14,1874,31,54,46,1,1826,0,0
20260812,14,1875,31,55,90,1,1827,0,0
20260812,14,1876,31,56,186,1,1828,0,0
20260812,14,1877,31,57,236,1,1829,0,0
20260812,14,1878,31,58,181,1,1830,0,0
20260812,14,1879,31,59,207,1,1831,0,0
20260812,14,1880,31,60,202,1,1832,0,0
20260812,14,1881,32,1,714,1,1833,0,0
20260812,14,1882,32,2,395,1,1834,0,0
20260812,14,1883,32,3,146,1,1835,0,0
20260812,14,1884,32,4,98,1,1836,0,0
20260812,14,1885,32,5,68,1,1837,0,0
20260812,14,1886,32,6,48,1,1838,0,0
20260812,14,1887,32,7,46,1,1839,0,0
20260812,14,1888,32,8,44,1,1840,0,0
20260812,14,1889,32,9,50,1,1841,0,0
20260812,14,1890,32,10,39,1,1842,0,0
20260812,14,1891,32,11,25,1,1843,0,0
20260812,14,1892,32,12,36,1,1844,0,0
20260812,14,1893,32,13,30,1,1845,0,0
20260812,14,1894,32,14,31,1,1846,0,0
20260812,14,1895,32,15,25,1,1847,0,0
20260812,14,1896,32,16,24,1,1848,0,0
20260812,14,1897,32,17,21,1,1849,0,0
20260812,14,1898,32,18,18,1,1850,0,0
20260812,14,1899,32,19,16,1,1851,0,0
20260812,14,1900,32,20,19,1,1852,0,0
20260812,14,1901,32,21,12,1,1853,0,0
20260812,14,1902,32,22,8,1,1854,0,0
20260812,14,1903,32,23,13,1,1855,0,0
20260812,14,1904,32,24,7,1,1856,0,0
20260812,14,1905,32,25,10,1,1857,0,0
20260812,14,1906,32,26,5,1,1858,0,0
20260812,14,1907,32,27,4,1,1859,0,0
20260812,14,1908,32,28,5,1,1860,0,0
20260812,14,1909,32,29,5,1,1861,0,0
20260812,14,1910,32,30,4,1,1862,0,0
20260812,14,1911,32,31,4,1,1863,0,0
20260812,14,1912,32,32,4,1,1864,0,0
20260812,14,1913,32,33,6,1,1865,0,0
20260812,14,1914,32,34,8,1,1866,0,0
20260812,14,1915,32,35,18,1,1867,0,0
20260812,14,1916,32,36,32,1,1868,0,0
20260812,14,1917,32,37,28,1,1869,0,0
20260812,14,1918,32,38,44,1,1870,0,0
20260812,14,1919,32,39,64,1,1871,0,0
20260812,14,1920,32,40,195,1,1872,0,0
20260812,14,1921,32,41,332,1,1873,0,0
20260812,14,1922,32,42,267,1,1874,0,0
20260812,14,1923,32,43,231,1,1875,0,0
20260812,14,1924,32,44,261,1,1876,0,0
20260812,14,1925,32,45,221,1,1877,0,0
20260812,14,1926,32,46,186,1,1878,0,0
20260812,14,1927,32,47,135,1,1879,0,0
20260812,14,1928,32,48,78,1,1880,0,0
20260812,14,1929,32,49,47,1,1881,0,0
20260812,14,1930,32,50,43,1,1882,0,0
20260812,14,1931,32,51,44,1,1883,0,0
20260812,14,1932,32,52,30,1,1884,0,0
20260812,14,1933,32,53,34,1,1885,0,0
20260812,14,1934,32,54,21,1,1886,0,0
20260812,14,1935,32,55,21,1,1887,0,0
20260812,14,1936,32,56,19,1,1888,0,0
20260812,14,1937,32,57,14,1,1889,0,0
20260812,14,1938,32,58,8,1,1890,0,0
20260812,14,1939,32,59,10,1,1891,0,0
20260812,14,1940,32,60,8,1,1892,0,0
20260812,15,1,1,1,345,222,1,0,0
20260812,15,2,1,2,238,222,2,0,0
20260812,15,3,1,3,178,178,0,1,0
20260812,15,4,1,4,185,178,1,0,0
20260812,15,5,1,5,157,157,0,1,0
20260812,15,6,1,6,118,118,0,1,0
20260812,15,7,1,7,127,118,1,0,0
20260812,15,8,1,8,98,98,0,1,0
20260812,15,9,1,9,93,93,0,1,0
20260812,15,10,1,10,87,87,0,1,0
20260812,15,11,1,11,104,87,1,0,0
20260812,15,12,1,12,76,76,0,1,0
20260812,15,13,1,13,69,69,0,1,0
20260812,15,14,1,14,62,62,0,1,0
20260812,15,15,1,15,77,62,1,0,0
20260812,15,16,1,16,79,62,2,0,0
20260812,15,17,1,17,62,62,3,0,0
20260812,15,18,1,18,69,62,4,0,0
20260812,15,19,1,19,51,51,0,1,0
20260812,15,20,1,20,61,51,1,0,0
20260812,15,21,1,21,56,51,2,0,0
20260812,15,22,1,22,46,46,0,1,0
20260812,15,23,1,23,42,42,0,1,0
20260812,15,24,1,24,41,41,0,1,0
20260812,15,25,1,25,45,41,1,0,0
20260812,15,26,1,26,40,40,0,1,0
20260812,15,27,1,27,30,30,0,1,0
20260812,15,28,1,28,38,30,1,0,0
20260812,15,29,1,29,37,30,2,0,0
20260812,15,30,1,30,32,30,3,0,0
20260812,15,31,1,31,41,30,4,0,0
20260812,15,32,1,32,32,30,5,0,0
20260812,15,33,1,33,39,30,6,0,0
20260812,15,34,1,34,32,30,7,0,0
20260812,15,35,1,35,40,30,8,0,0
20260812,15,36,1,36,32,30,9,0,0
20260812,15,37,1,37,34,30,10,0,0
20260812,15,38,1,38,37,30,11,0,0
20260812,15,39,1,39,34,30,12,0,0
20260812,15,40,1,40,34,30,13,0,0
20260812,15,41,1,41,31,30,14,0,0
20260812,15,42,1,42,39,30,15,0,0
20260812,15,43,1,43,36,30,16,0,0
20260812,15,44,1,44,38,30,17,0,0
20260812,15,45,1,45,27,27,0,1,0
20260812,15,46,1,46,34,27,1,0,0
20260812,15,47,1,47,35,27,2,0,0
20260812,15,48,1,48,38,27,3,0,0
20260812,15,49,1,49,26,26,0,1,0
20260812,15,50,1,50,28,26,1,0,0
20260812,15,51,1,51,25,25,0,1,0
20260812,15,52,1,52,28,25,1,0,0
20260812,15,53,1,53,24,24,0,1,0
20260812,15,54,1,54,32,24,1,0,0
20260812,15,55,1,55,20,20,0,1,0
20260812,15,56,1,56,27,20,1,0,0
20260812,15,57,1,57,27,20,2,0,0
20260812,15,58,1,58,21,20,3,0,0
20260812,15,59,1,59,15,15,0,1,0
20260812,15,60,1,60,22,15,1,0,0
20260812,15,61,1,61,26,15,2,0,0
20260812,15,62,1,62,20,15,3,0,0
20260812,15,63,1,63,21,15,4,0,0
20260812,15,64,1,64,18,15,5,0,0
20260812,15,65,1,65,23,15,6,0,0
20260812,15,66,1,66,26,15,7,0,0
20260812,15,67,1,67,20,15,8,0,0
20260812,15,68,1,68,20,15,9,0,0
20260812,15,69,1,69,12,12,0,1,0
20260812,15,70,1,70,11,11,0,1,0
20260812,15,71,1,71,9,9,0,1,0
20260812,15,72,1,72,10,9,1,0,0
20260812,15,73,1,73,11,9,2,0,0
20260812,15,74,1,74,10,9,3,0,0
20260812,15,75,1,75,6,6,0,1,0
20260812,15,76,1,76,7,6,1,0,0
20260812,15,77,1,77,10,6,2,0,0
20260812,15,78,1,78,6,6,3,0,0
20260812,15,79,1,79,5,5,0,1,0
20260812,15,80,1,80,9,5,1,0,0
20260812,15,81,2,1,864,5,2,0,0
20260812,15,82,2,2,853,5,3,0,0
20260812,15,83,2,3,875,5,4,0,0
20260812,15,84,2,4,143,5,5,0,0
20260812,15,85,2,5,148,5,6,0,0
20260812,15,86,2,6,140,5,7,0,0
20260812,15,87,2,7,87,5,8,0,0
20260812,15,88,2,8,70,5,9,0,0
20260812,15,89,2,9,80,5,10,0,0
20260812,15,90,2,10,48,5,11,0,0
20260812,15,91,2,11,31,5,12,0,0
20260812,15,92,2,12,25,5,13,0,0
20260812,15,93,2,13,20,5,14,0,0
20260812,15,94,2,14,19,5,15,0,0
20260812,15,95,2,15,23,5,16,0,0
20260812,15,96,2,16,15,5,17,0,0
20260812,15,97,2,17,17,5,18,0,0
20260812,15,98,2,18,10,5,19,0,0
20260812,15,99,2,19,8,5,20,0,0
20260812,15,100,2,20,11,5,21,0,0
20260812,15,101,2,21,13,5,22,0,0
20260812,15,102,2,22,6,5,23,0,0
20260812,15,103,2,23,10,5,24,0,0
20260812,15,104,2,24,6,5,25,0,0
20260812,15,105,2,25,5,5,26,0,0
20260812,15,106,2,26,3,3,0,1,0
20260812,15,107,2,27,11,3,1,0,0
20260812,15,108,2,28,13,3,2,0,0
20260812,15,109,2,29,11,3,3,0,0
20260812,15,110,2,30,35,3,4,0,0
20260812,15,111,2,31,78,3,5,0,0
20260812,15,112,2,32,204,3,6,0,0
20260812,15,113,2,33,289,3,7,0,0
20260812,15,114,2,34,295,3,8,0,0
20260812,15,115,2,35,410,3,9,0,0
20260812,15,116,2,36,342,3,10,0,0
20260812,15,117,2,37,98,3,11,0,0
20260812,15,118,2,38,41,3,12,0,0
20260812,15,119,2,39,29,3,13,0,0
20260812,15,120,2,40,18,3,14,0,0
20260812,15,121,2,41,10,3,15,0,0
20260812,15,122,2,42,15,3,16,0,0
20260812,15,123,2,43,9,3,17,0,0
20260812,15,124,2,44,11,3,18,0,0
20260812,15,125,2,45,10,3,19,0,0
20260812,15,126,2,46,13,3,20,0,0
20260812,15,127,2,47,8,3,21,0,0
20260812,15,128,2,48,14,3,22,0,0
20260812,15,129,2,49,11,3,23,0,0
20260812,15,130,2,50,8,3,24,0,0
20260812,15,131,2,51,2,2,0,1,0
20260812,15,132,2,52,19,2,1,0,0
20260812,15,133,2,53,21,2,2,0,0
20260812,15,134,2,54,59,2,3,0,0
20260812,15,135,2,55,147,2,4,0,0
20260812,15,136,2,56,259,2,5,0,0
20260812,15,137,2,57,170,2,6,0,0
20260812,15,138,2,58,238,2,7,0,0
20260812,15,139,2,59,205,2,8,0,0
20260812,15,140,2,60,224,2,9,0,0
20260812,15,141,3,1,640,2,10,0,0
20260812,15,142,3,2,478,2,11,0,0
20260812,15,143,3,3,230,2,12,0,0
20260812,15,144,3,4,111,2,13,0,0
20260812,15,145,3,5,68,2,14,0,0
20260812,15,146,3,6,65,2,15,0,0
20260812,15,147,3,7,58,2,16,0,0
20260812,15,148,3,8,54,2,17,0,0
20260812,15,149,3,9,41,2,18,0,0
20260812,15,150,3,10,28,2,19,0,0
20260812,15,151,3,11,27,2,20,0,0
20260812,15,152,3,12,22,2,21,0,0
20260812,15,153,3,13,20,2,22,0,0
20260812,15,154,3,14,25,2,23,0,0
20260812,15,155,3,15,16,2,24,0,0
20260812,15,156,3,16,13,2,25,0,0
20260812,15,157,3,17,13,2,26,0,0
20260812,15,158,3,18,13,2,27,0,0
20260812,15,159,3,19,10,2,28,0,0
20260812,15,160,3,20,12,2,29,0,0
20260812,15,161,3,21,12,2,30,0,0
20260812,15,162,3,22,11,2,31,0,0
20260812,15,163,3,23,9,2,32,0,0
20260812,15,164,3,24,3,2,33,0,0
20260812,15,165,3,25,4,2,34,0,0
20260812,15,166,3,26,3,2,35,0,0
20260812,15,167,3,27,1,1,0,1,0
20260812,15,168,3,28,8,1,1,0,0
20260812,15,169,3,29,2,1,2,0,0
20260812,15,170,3,30,2,1,3,0,0
20260812,15,171,3,31,4,1,4,0,0
20260812,15,172,3,32,6,1,5,0,0
20260812,15,173,3,33,3,1,6,0,0
20260812,15,174,3,34,9,1,7,0,0
20260812,15,175,3,35,13,1,8,0,0
20260812,15,176,3,36,29,1,9,0,0
20260812,15,177,3,37,86,1,10,0,0
20260812,15,178,3,38,302,1,11,0,0
20260812,15,179,3,39,477,1,12,0,0
20260812,15,180,3,40,383,1,13,0,0
20260812,15,181,3,41,384,1,14,0,0
20260812,15,182,3,42,255,1,15,0,0
20260812,15,183,3,43,137,1,16,0,0
20260812,15,184,3,44,67,1,17,0,0
20260812,15,185,3,45,39,1,18,0,0
20260812,15,186,3,46,33,1,19,0,0
20260812,15,187,3,47,32,1,20,0,0
20260812,15,188,3,48,27,1,21,0,0
20260812,15,189,3,49,28,1,22,0,0
20260812,15,190,3,50,32,1,23,0,0
20260812,15,191,3,51,21,1,24,0,0
20260812,15,192,3,52,13,1,25,0,0
20260812,15,193,3,53,21,1,26,0,0
20260812,15,194,3,54,19,1,27,0,0
20260812,15,195,3,55,20,1,28,0,0
20260812,15,196,3,56,20,1,29,0,0
20260812,15,197,3,57,22,1,30,0,0
20260812,15,198,3,58,20,1,31,0,0
20260812,15,199,3,59,21,1,32,0,0
20260812,15,200,3,60,21,1,33,0,0
20260812,15,201,4,1,868,1,34,0,0
20260812,15,202,4,2,197,1,35,0,0
20260812,15,203,4,3,110,1,36,0,0
20260812,15,204,4,4,95,1,37,0,0
20260812,15,205,4,5,56,1,38,0,0
20260812,15,206,4,6,47,1,39,0,0
20260812,15,207,4,7,56,1,40,0,0
20260812,15,208,4,8,38,1,41,0,0
20260812,15,209,4,9,51,1,42,0,0
20260812,15,210,4,10,50,1,43,0,0
20260812,15,211,4,11,48,1,44,0,0
20260812,15,212,4,12,43,1,45,0,0
20260812,15,213,4,13,44,1,46,0,0
20260812,15,214,4,14,32,1,47,0,0
20260812,15,215,4,15,36,1,48,0,0
20260812,15,216,4,16,19,1,49,0,0
20260812,15,217,4,17,23,1,50,0,0
20260812,15,218,4,18,14,1,51,0,0
20260812,15,219,4,19,18,1,52,0,0
20260812,15,220,4,20,12,1,53,0,0
20260812,15,221,4,21,12,1,54,0,0
20260812,15,222,4,22,7,1,55,0,0
20260812,15,223,4,23,11,1,56,0,0
20260812,15,224,4,24,13,1,57,0,0
20260812,15,225,4,25,18,1,58,0,0
20260812,15,226,4,26,16,1,59,0,0
20260812,15,227,4,27,8,1,60,0,0
20260812,15,228,4,28,7,1,61,0,0
20260812,15,229,4,29,6,1,62,0,0
20260812,15,230,4,30,11,1,63,0,0
20260812,15,231,4,31,12,1,64,0,0
20260812,15,232,4,32,8,1,65,0,0
20260812,15,233,4,33,7,1,66,0,0
20260812,15,234,4,34,9,1,67,0,0
20260812,15,235,4,35,9,1,68,0,0
20260812,15,236,4,36,8,1,69,0,0
20260812,15,237,4,37,10,1,70,0,0
20260812,15,238,4,38,6,1,71,0,0
20260812,15,239,4,39,8,1,72,0,0
20260812,15,240,4,40,12,1,73,0,0
20260812,15,241,4,41,13,1,74,0,0
20260812,15,242,4,42,9,1,75,0,0
20260812,15,243,4,43,8,1,76,0,0
20260812,15,244,4,44,14,1,77,0,0
20260812,15,245,4,45,26,1,78,0,0
20260812,15,246,4,46,44,1,79,0,0
20260812,15,247,4,47,124,1,80,0,0
20260812,15,248,4,48,373,1,81,0,0
20260812,15,249,4,49,612,1,82,0,0
20260812,15,250,4,50,381,1,83,0,0
20260812,15,251,4,51,228,1,84,0,0
20260812,15,252,4,52,161,1,85,0,0
20260812,15,253,4,53,76,1,86,0,0
20260812,15,254,4,54,52,1,87,0,0
20260812,15,255,4,55,36,1,88,0,0
20260812,15,256,4,56,37,1,89,0,0
20260812,15,257,4,57,32,1,90,0,0
20260812,15,258,4,58,20,1,91,0,0
20260812,15,259,4,59,11,1,92,0,0
20260812,15,260,4,60,9,1,93,0,0
20260812,15,261,5,1,842,1,94,0,0
20260812,15,262,5,2,220,1,95,0,0
20260812,15,263,5,3,129,1,96,0,0
20260812,15,264,5,4,95,1,97,0,0
20260812,15,265,5,5,68,1,98,0,0
20260812,15,266,5,6,54,1,99,0,0
20260812,15,267,5,7,46,1,100,0,0
20260812,15,268,5,8,38,1,101,0,0
20260812,15,269,5,9,31,1,102,0,0
20260812,15,270,5,10,22,1,103,0,0
20260812,15,271,5,11,26,1,104,0,0
20260812,15,272,5,12,17,1,105,0,0
20260812,15,273,5,13,21,1,106,0,0
20260812,15,274,5,14,13,1,107,0,0
20260812,15,275,5,15,14,1,108,0,0
20260812,15,276,5,16,8,1,109,0,0
20260812,15,277,5,17,10,1,110,0,0
20260812,15,278,5,18,4,1,111,0,0
20260812,15,279,5,19,6,1,112,0,0
20260812,15,280,5,20,6,1,113,0,0
20260812,15,281,5,21,16,1,114,0,0
20260812,15,282,5,22,16,1,115,0,0
20260812,15,283,5,23,22,1,116,0,0
20260812,15,284,5,24,11,1,117,0,0
20260812,15,285,5,25,7,1,118,0,0
20260812,15,286,5,26,6,1,119,0,0
20260812,15,287,5,27,7,1,120,0,0
20260812,15,288,5,28,4,1,121,0,0
20260812,15,289,5,29,1,1,122,0,0
20260812,15,290,5,30,0,0,0,1,1
20260812,16,1,1,1,353,231,1,0,0
20260812,16,2,1,2,288,231,2,0,0
20260812,16,3,1,3,162,162,0,1,0
20260812,16,4,1,4,177,162,1,0,0
20260812,16,5,1,5,161,161,0,1,0
20260812,16,6,1,6,149,149,0,1,0
20260812,16,7,1,7,152,149,1,0,0
20260812,16,8,1,8,147,147,0,1,0
20260812,16,9,1,9,131,131,0,1,0
20260812,16,10,1,10,125,125,0,1,0
20260812,16,11,1,11,134,125,1,0,0
20260812,16,12,1,12,97,97,0,1,0
20260812,16,13,1,13,104,97,1,0,0
20260812,16,14,1,14,99,97,2,0,0
20260812,16,15,1,15,106,97,3,0,0
20260812,16,16,1,16,89,89,0,1,0
20260812,16,17,1,17,90,89,1,0,0
20260812,16,18,1,18,90,89,2,0,0
20260812,16,19,1,19,98,89,3,0,0
20260812,16,20,1,20,69,69,0,1,0
20260812,16,21,1,21,94,69,1,0,0
20260812,16,22,1,22,69,69,2,0,0
20260812,16,23,1,23,76,69,3,0,0
20260812,16,24,1,24,64,64,0,1,0
20260812,16,25,1,25,64,64,1,0,0
20260812,16,26,1,26,64,64,2,0,0
20260812,16,27,1,27,64,64,3,0,0
20260812,16,28,1,28,46,46,0,1,0
20260812,16,29,1,29,56,46,1,0,0
20260812,16,30,1,30,45,45,0,1,0
20260812,16,31,1,31,47,45,1,0,0
20260812,16,32,1,32,41,41,0,1,0
20260812,16,33,1,33,42,41,1,0,0
20260812,16,34,1,34,37,37,0,1,0
20260812,16,35,1,35,35,35,0,1,0
20260812,16,36,1,36,34,34,0,1,0
20260812,16,37,1,37,33,33,0,1,0
20260812,16,38,1,38,21,21,0,1,0
20260812,16,39,1,39,31,21,1,0,0
20260812,16,40,1,40,26,21,2,0,0
20260812,16,41,1,41,32,21,3,0,0
20260812,16,42,1,42,29,21,4,0,0
20260812,16,43,1,43,33,21,5,0,0
20260812,16,44,1,44,27,21,6,0,0
20260812,16,45,1,45,29,21,7,0,0
20260812,16,46,1,46,29,21,8,0,0
20260812,16,47,1,47,28,21,9,0,0
20260812,16,48,1,48,27,21,10,0,0
20260812,16,49,1,49,25,21,11,0,0
20260812,16,50,1,50,30,21,12,0,0
20260812,16,51,1,51,28,21,13,0,0
20260812,16,52,1,52,27,21,14,0,0
20260812,16,53,1,53,28,21,15,0,0
20260812,16,54,1,54,21,21,16,0,0
20260812,16,55,1,55,23,21,17,0,0
20260812,16,56,1,56,19,19,0,1,0
20260812,16,57,1,57,17,17,0,1,0
20260812,16,58,1,58,25,17,1,0,0
20260812,16,59,1,59,23,17,2,0,0
20260812,16,60,1,60,19,17,3,0,0
20260812,16,61,1,61,15,15,0,1,0
20260812,16,62,1,62,6,6,0,1,0
20260812,16,63,1,63,8,6,1,0,0
20260812,16,64,1,64,8,6,2,0,0
20260812,16,65,1,65,8,6,3,0,0
20260812,16,66,1,66,5,5,0,1,0
20260812,16,67,1,67,9,5,1,0,0
20260812,16,68,1,68,6,5,2,0,0
20260812,16,69,1,69,5,5,3,0,0
20260812,16,70,1,70,3,3,0,1,0
20260812,16,71,1,71,0,0,0,1,1
20260812,17,1,1,1,219,175,1,0,0
20260812,17,2,1,2,191,175,2,0,0
20260812,17,3,1,3,120,120,0,1,0
20260812,17,4,1,4,134,120,1,0,0
20260812,17,5,1,5,110,110,0,1,0
20260812,17,6,1,6,96,96,0,1,0
20260812,17,7,1,7,97,96,1,0,0
20260812,17,8,1,8,94,94,0,1,0
20260812,17,9,1,9,69,69,0,1,0
20260812,17,10,1,10,74,69,1,0,0
20260812,17,11,1,11,66,66,0,1,0
20260812,17,12,1,12,63,63,0,1,0
20260812,17,13,1,13,56,56,0,1,0
20260812,17,14,1,14,54,54,0,1,0
20260812,17,15,1,15,52,52,0,1,0
20260812,17,16,1,16,32,32,0,1,0
20260812,17,17,1,17,37,32,1,0,0
20260812,17,18,1,18,38,32,2,0,0
20260812,17,19,1,19,44,32,3,0,0
20260812,17,20,1,20,32,32,4,0,0
20260812,17,21,1,21,29,29,0,1,0
20260812,17,22,1,22,29,29,1,0,0
20260812,17,23,1,23,28,28,0,1,0
20260812,17,24,1,24,23,23,0,1,0
20260812,17,25,1,25,17,17,0,1,0
20260812,17,26,1,26,13,13,0,1,0
20260812,17,27,1,27,12,12,0,1,0
20260812,17,28,1,28,10,10,0,1,0
20260812,17,29,1,29,15,10,1,0,0
20260812,17,30,1,30,14,10,2,0,0
20260812,17,31,1,31,13,10,3,0,0
20260812,17,32,1,32,5,5,0,1,0
20260812,17,33,1,33,5,5,1,0,0
20260812,17,34,1,34,10,5,2,0,0
20260812,17,35,1,35,7,5,3,0,0
20260812,17,36,1,36,10,5,4,0,0
20260812,17,37,1,37,4,4,0,1,0
20260812,17,38,1,38,8,4,1,0,0
20260812,17,39,1,39,6,4,2,0,0
20260812,17,40,1,40,4,4,3,0,0
20260812,17,41,1,41,6,4,4,0,0
20260812,17,42,1,42,4,4,5,0,0
20260812,17,43,1,43,3,3,0,1,0
20260812,17,44,1,44,6,3,1,0,0
20260812,17,45,1,45,1,1,0,1,0
20260812,17,46,1,46,3,1,1,0,0
20260812,17,47,1,47,6,1,2,0,0
20260812,17,48,1,48,5,1,3,0,0
20260812,17,49,1,49,4,1,4,0,0
20260812,17,50,1,50,4,1,5,0,0
20260812,17,51,1,51,4,1,6,0,0
20260812,17,52,1,52,8,1,7,0,0
20260812,17,53,1,53,8,1,8,0,0
20260812,17,54,1,54,6,1,9,0,0
20260812,17,55,1,55,0,0,0,1,1
20260812,18,1,1,1,215,157,1,0,0
20260812,18,2,1,2,192,157,2,0,0
20260812,18,3,1,3,113,113,0,1,0
20260812,18,4,1,4,121,113,1,0,0
20260812,18,5,1,5,108,108,0,1,0
20260812,18,6,1,6,92,92,0,1,0
20260812,18,7,1,7,88,88,0,1,0
20260812,18,8,1,8,65,65,0,1,0
20260812,18,9,1,9,66,65,1,0,0
20260812,18,10,1,10,55,55,0,1,0
20260812,18,11,1,11,49,49,0,1,0
20260812,18,12,1,12,39,39,0,1,0
20260812,18,13,1,13,44,39,1,0,0
20260812,18,14,1,14,46,39,2,0,0
20260812,18,15,1,15,67,39,3,0,0
20260812,18,16,1,16,38,38,0,1,0
20260812,18,17,1,17,44,38,1,0,0
20260812,18,18,1,18,49,38,2,0,0
20260812,18,19,1,19,48,38,3,0,0
20260812,18,20,1,20,39,38,4,0,0
20260812,18,21,1,21,41,38,5,0,0
20260812,18,22,1,22,36,36,0,1,0
20260812,18,23,1,23,37,36,1,0,0
20260812,18,24,1,24,29,29,0,1,0
20260812,18,25,1,25,27,27,0,1,0
20260812,18,26,1,26,31,27,1,0,0
20260812,18,27,1,27,26,26,0,1,0
20260812,18,28,1,28,32,26,1,0,0
20260812,18,29,1,29,24,24,0,1,0
20260812,18,30,1,30,18,18,0,1,0
20260812,18,31,1,31,25,18,1,0,0
20260812,18,32,1,32,23,18,2,0,0
20260812,18,33,1,33,22,18,3,0,0
20260812,18,34,1,34,24,18,4,0,0
20260812,18,35,1,35,29,18,5,0,0
20260812,18,36,1,36,33,18,6,0,0
20260812,18,37,1,37,21,18,7,0,0
20260812,18,38,1,38,26,18,8,0,0
20260812,18,39,1,39,33,18,9,0,0
20260812,18,40,1,40,25,18,10,0,0
20260812,18,41,1,41,18,18,11,0,0
20260812,18,42,1,42,24,18,12,0,0
20260812,18,43,1,43,15,15,0,1,0
20260812,18,44,1,44,20,15,1,0,0
20260812,18,45,1,45,16,15,2,0,0
20260812,18,46,1,46,19,15,3,0,0
20260812,18,47,1,47,10,10,0,1,0
20260812,18,48,1,48,17,10,1,0,0
20260812,18,49,1,49,15,10,2,0,0
20260812,18,50,1,50,7,7,0,1,0
20260812,18,51,1,51,5,5,0,1,0
20260812,18,52,1,52,7,5,1,0,0
20260812,18,53,1,53,4,4,0,1,0
20260812,18,54,1,54,7,4,1,0,0
20260812,18,55,1,55,5,4,2,0,0
20260812,18,56,1,56,7,4,3,0,0
20260812,18,57,1,57,2,2,0,1,0
20260812,18,58,1,58,7,2,1,0,0
20260812,18,59,1,59,0,0,0,1,1
20260812,19,1,1,1,162,140,1,0,0
20260812,19,2,1,2,133,133,0,1,0
20260812,19,3,1,3,92,92,0,1,0
20260812,19,4,1,4,85,85,0,1,0
20260812,19,5,1,5,62,62,0,1,0
20260812,19,6,1,6,54,54,0,1,0
20260812,19,7,1,7,50,50,0,1,0
20260812,19,8,1,8,49,49,0,1,0
20260812,19,9,1,9,41,41,0,1,0
20260812,19,10,1,10,44,41,1,0,0
20260812,19,11,1,11,44,41,2,0,0
20260812,19,12,1,12,39,39,0,1,0
20260812,19,13,1,13,34,34,0,1,0
20260812,19,14,1,14,27,27,0,1,0
20260812,19,15,1,15,30,27,1,0,0
20260812,19,16,1,16,25,25,0,1,0
20260812,19,17,1,17,22,22,0,1,0
20260812,19,18,1,18,27,22,1,0,0
20260812,19,19,1,19,26,22,2,0,0
20260812,19,20,1,20,25,22,3,0,0
20260812,19,21,1,21,27,22,4,0,0
20260812,19,22,1,22,21,21,0,1,0
20260812,19,23,1,23,21,21,1,0,0
20260812,19,24,1,24,20,20,0,1,0
20260812,19,25,1,25,23,20,1,0,0
20260812,19,26,1,26,20,20,2,0,0
20260812,19,27,1,27,18,18,0,1,0
20260812,19,28,1,28,11,11,0,1,0
20260812,19,29,1,29,8,8,0,1,0
20260812,19,30,1,30,11,8,1,0,0
20260812,19,31,1,31,13,8,2,0,0
20260812,19,32,1,32,12,8,3,0,0
20260812,19,33,1,33,11,8,4,0,0
20260812,19,34,1,34,15,8,5,0,0
20260812,19,35,1,35,14,8,6,0,0
20260812,19,36,1,36,16,8,7,0,0
20260812,19,37,1,37,6,6,0,1,0
20260812,19,38,1,38,14,6,1,0,0
20260812,19,39,1,39,12,6,2,0,0
20260812,19,40,1,40,15,6,3,0,0
20260812,19,41,1,41,14,6,4,0,0
20260812,19,42,1,42,6,6,5,0,0
20260812,19,43,1,43,13,6,6,0,0
20260812,19,44,1,44,12,6,7,0,0
20260812,19,45,1,45,10,6,8,0,0
20260812,19,46,1,46,15,6,9,0,0
20260812,19,47,1,47,13,6,10,0,0
20260812,19,48,1,48,16,6,11,0,0
20260812,19,49,1,49,13,6,12,0,0
20260812,19,50,1,50,10,6,13,0,0
20260812,19,51,1,51,10,6,14,0,0
20260812,19,52,1,52,15,6,15,0,0
20260812,19,53,1,53,15,6,16,0,0
20260812,19,54,1,54,15,6,17,0,0
20260812,19,55,1,55,14,6,18,0,0
20260812,19,56,1,56,12,6,19,0,0
20260812,19,57,1,57,11,6,20,0,0
20260812,19,58,1,58,10,6,21,0,0
20260812,19,59,1,59,10,6,22,0,0
20260812,19,60,1,60,15,6,23,0,0
20260812,19,61,1,61,16,6,24,0,0
20260812,19,62,1,62,11,6,25,0,0
20260812,19,63,1,63,15,6,26,0,0
20260812,19,64,1,64,11,6,27,0,0
20260812,19,65,1,65,9,6,28,0,0
20260812,19,66,1,66,9,6,29,0,0
20260812,19,67,1,67,13,6,30,0,0
20260812,19,68,1,68,15,6,31,0,0
20260812,19,69,1,69,18,6,32,0,0
20260812,19,70,1,70,15,6,33,0,0
20260812,19,71,1,71,10,6,34,0,0
20260812,19,72,1,72,17,6,35,0,0
20260812,19,73,1,73,15,6,36,0,0
20260812,19,74,1,74,14,6,37,0,0
20260812,19,75,1,75,13,6,38,0,0
20260812,19,76,1,76,11,6,39,0,0
20260812,19,77,1,77,12,6,40,0,0
20260812,19,78,1,78,6,6,41,0,0
20260812,19,79,1,79,8,6,42,0,0
20260812,19,80,1,80,7,6,43,0,0
20260812,19,81,2,1,861,6,44,0,0
20260812,19,82,2,2,837,6,45,0,0
20260812,19,83,2,3,831,6,46,0,0
20260812,19,84,2,4,753,6,47,0,0
20260812,19,85,2,5,877,6,48,0,0
20260812,19,86,2,6,761,6,49,0,0
20260812,19,87,2,7,748,6,50,0,0
20260812,19,88,2,8,212,6,51,0,0
20260812,19,89,2,9,76,6,52,0,0
20260812,19,90,2,10,60,6,53,0,0
20260812,19,91,2,11,41,6,54,0,0
20260812,19,92,2,12,55,6,55,0,0
20260812,19,93,2,13,38,6,56,0,0
20260812,19,94,2,14,35,6,57,0,0
20260812,19,95,2,15,31,6,58,0,0
20260812,19,96,2,16,36,6,59,0,0
20260812,19,97,2,17,20,6,60,0,0
20260812,19,98,2,18,21,6,61,0,0
20260812,19,99,2,19,22,6,62,0,0
20260812,19,100,2,20,15,6,63,0,0
20260812,19,101,2,21,13,6,64,0,0
20260812,19,102,2,22,15,6,65,0,0
20260812,19,103,2,23,9,6,66,0,0
20260812,19,104,2,24,14,6,67,0,0
20260812,19,105,2,25,7,6,68,0,0
20260812,19,106,2,26,12,6,69,0,0
20260812,19,107,2,27,12,6,70,0,0
20260812,19,108,2,28,5,5,0,1,0
20260812,19,109,2,29,9,5,1,0,0
20260812,19,110,2,30,5,5,2,0,0
20260812,19,111,2,31,10,5,3,0,0
20260812,19,112,2,32,3,3,0,1,0
20260812,19,113,2,33,14,3,1,0,0
20260812,19,114,2,34,18,3,2,0,0
20260812,19,115,2,35,24,3,3,0,0
20260812,19,116,2,36,77,3,4,0,0
20260812,19,117,2,37,256,3,5,0,0
20260812,19,118,2,38,424,3,6,0,0
20260812,19,119,2,39,384,3,7,0,0
20260812,19,120,2,40,272,3,8,0,0
20260812,19,121,2,41,246,3,9,0,0
20260812,19,122,2,42,181,3,10,0,0
20260812,19,123,2,43,103,3,11,0,0
20260812,19,124,2,44,40,3,12,0,0
20260812,19,125,2,45,22,3,13,0,0
20260812,19,126,2,46,21,3,14,0,0
20260812,19,127,2,47,11,3,15,0,0
20260812,19,128,2,48,17,3,16,0,0
20260812,19,129,2,49,8,3,17,0,0
20260812,19,130,2,50,10,3,18,0,0
20260812,19,131,2,51,6,3,19,0,0
20260812,19,132,2,52,11,3,20,0,0
20260812,19,133,2,53,10,3,21,0,0
20260812,19,134,2,54,9,3,22,0,0
20260812,19,135,2,55,9,3,23,0,0
20260812,19,136,2,56,6,3,24,0,0
20260812,19,137,2,57,4,3,25,0,0
20260812,19,138,2,58,6,3,26,0,0
20260812,19,139,2,59,8,3,27,0,0
20260812,19,140,2,60,7,3,28,0,0
20260812,19,141,3,1,857,3,29,0,0
20260812,19,142,3,2,144,3,30,0,0
20260812,19,143,3,3,42,3,31,0,0
20260812,19,144,3,4,23,3,32,0,0
20260812,19,145,3,5,23,3,33,0,0
20260812,19,146,3,6,12,3,34,0,0
20260812,19,147,3,7,18,3,35,0,0
20260812,19,148,3,8,19,3,36,0,0
20260812,19,149,3,9,3,3,37,0,0
20260812,19,150,3,10,9,3,38,0,0
20260812,19,151,3,11,8,3,39,0,0
20260812,19,152,3,12,11,3,40,0,0
20260812,19,153,3,13,13,3,41,0,0
20260812,19,154,3,14,6,3,42,0,0
20260812,19,155,3,15,7,3,43,0,0
20260812,19,156,3,16,6,3,44,0,0
20260812,19,157,3,17,4,3,45,0,0
20260812,19,158,3,18,6,3,46,0,0
20260812,19,159,3,19,9,3,47,0,0
20260812,19,160,3,20,11,3,48,0,0
20260812,19,161,3,21,31,3,49,0,0
20260812,19,162,3,22,54,3,50,0,0
20260812,19,163,3,23,137,3,51,0,0
20260812,19,164,3,24,225,3,52,0,0
20260812,19,165,3,25,207,3,53,0,0
20260812,19,166,3,26,206,3,54,0,0
20260812,19,167,3,27,226,3,55,0,0
20260812,19,168,3,28,208,3,56,0,0
20260812,19,169,3,29,233,3,57,0,0
20260812,19,170,3,30,252,3,58,0,0
20260812,19,171,3,31,245,3,59,0,0
20260812,19,172,3,32,195,3,60,0,0
20260812,19,173,3,33,89,3,61,0,0
20260812,19,174,3,34,24,3,62,0,0
20260812,19,175,3,35,12,3,63,0,0
20260812,19,176,3,36,5,3,64,0,0
20260812,19,177,3,37,6,3,65,0,0
20260812,19,178,3,38,7,3,66,0,0
20260812,19,179,3,39,7,3,67,0,0
20260812,19,180,3,40,8,3,68,0,0
20260812,19,181,3,41,9,3,69,0,0
20260812,19,182,3,42,6,3,70,0,0
20260812,19,183,3,43,9,3,71,0,0
20260812,19,184,3,44,6,3,72,0,0
20260812,19,185,3,45,8,3,73,0,0
20260812,19,186,3,46,8,3,74,0,0
20260812,19,187,3,47,7,3,75,0,0
20260812,19,188,3,48,13,3,76,0,0
20260812,19,189,3,49,14,3,77,0,0
20260812,19,190,3,50,21,3,78,0,0
20260812,19,191,3,51,13,3,79,0,0
20260812,19,192,3,52,11,3,80,0,0
20260812,19,193,3,53,12,3,81,0,0
20260812,19,194,3,54,14,3,82,0,0
20260812,19,195,3,55,38,3,83,0,0
20260812,19,196,3,56,94,3,84,0,0
20260812,19,197,3,57,220,3,85,0,0
20260812,19,198,3,58,419,3,86,0,0
20260812,19,199,3,59,374,3,87,0,0
20260812,19,200,3,60,101,3,88,0,0
20260812,19,201,4,1,457,3,89,0,0
20260812,19,202,4,2,509,3,90,0,0
20260812,19,203,4,3,264,3,91,0,0
20260812,19,204,4,4,110,3,92,0,0
20260812,19,205,4,5,63,3,93,0,0
20260812,19,206,4,6,41,3,94,0,0
20260812,19,207,4,7,39,3,95,0,0
20260812,19,208,4,8,33,3,96,0,0
20260812,19,209,4,9,30,3,97,0,0
20260812,19,210,4,10,18,3,98,0,0
20260812,19,211,4,11,13,3,99,0,0
20260812,19,212,4,12,11,3,100,0,0
20260812,19,213,4,13,10,3,101,0,0
20260812,19,214,4,14,8,3,102,0,0
20260812,19,215,4,15,5,3,103,0,0
20260812,19,216,4,16,3,3,104,0,0
20260812,19,217,4,17,3,3,105,0,0
20260812,19,218,4,18,4,3,106,0,0
20260812,19,219,4,19,2,2,0,1,0
20260812,19,220,4,20,3,2,1,0,0
20260812,19,221,4,21,4,2,2,0,0
20260812,19,222,4,22,6,2,3,0,0
20260812,19,223,4,23,3,2,4,0,0
20260812,19,224,4,24,6,2,5,0,0
20260812,19,225,4,25,3,2,6,0,0
20260812,19,226,4,26,4,2,7,0,0
20260812,19,227,4,27,6,2,8,0,0
20260812,19,228,4,28,11,2,9,0,0
20260812,19,229,4,29,20,2,10,0,0
20260812,19,230,4,30,33,2,11,0,0
20260812,19,231,4,31,43,2,12,0,0
20260812,19,232,4,32,103,2,13,0,0
20260812,19,233,4,33,298,2,14,0,0
20260812,19,234,4,34,675,2,15,0,0
20260812,19,235,4,35,523,2,16,0,0
20260812,19,236,4,36,101,2,17,0,0
20260812,19,237,4,37,29,2,18,0,0
20260812,19,238,4,38,7,2,19,0,0
20260812,19,239,4,39,6,2,20,0,0
20260812,19,240,4,40,3,2,21,0,0
20260812,19,241,4,41,3,2,22,0,0
20260812,19,242,4,42,3,2,23,0,0
20260812,19,243,4,43,3,2,24,0,0
20260812,19,244,4,44,4,2,25,0,0
20260812,19,245,4,45,3,2,26,0,0
20260812,19,246,4,46,3,2,27,0,0
20260812,19,247,4,47,1,1,0,1,0
20260812,19,248,4,48,4,1,1,0,0
20260812,19,249,4,49,1,1,2,0,0
20260812,19,250,4,50,1,1,3,0,0
20260812,19,251,4,51,1,1,4,0,0
20260812,19,252,4,52,1,1,5,0,0
20260812,19,253,4,53,2,1,6,0,0
20260812,19,254,4,54,6,1,7,0,0
20260812,19,255,4,55,6,1,8,0,0
20260812,19,256,4,56,6,1,9,0,0
20260812,19,257,4,57,16,1,10,0,0
20260812,19,258,4,58,24,1,11,0,0
20260812,19,259,4,59,94,1,12,0,0
20260812,19,260,4,60,290,1,13,0,0
20260812,19,261,5,1,849,1,14,0,0
20260812,19,262,5,2,431,1,15,0,0
20260812,19,263,5,3,75,1,16,0,0
20260812,19,264,5,4,50,1,17,0,0
20260812,19,265,5,5,30,1,18,0,0
20260812,19,266,5,6,16,1,19,0,0
20260812,19,267,5,7,16,1,20,0,0
20260812,19,268,5,8,6,1,21,0,0
20260812,19,269,5,9,8,1,22,0,0
20260812,19,270,5,10,8,1,23,0,0
20260812,19,271,5,11,9,1,24,0,0
20260812,19,272,5,12,13,1,25,0,0
20260812,19,273,5,13,13,1,26,0,0
20260812,19,274,5,14,11,1,27,0,0
20260812,19,275,5,15,9,1,28,0,0
20260812,19,276,5,16,7,1,29,0,0
20260812,19,277,5,17,13,1,30,0,0
20260812,19,278,5,18,10,1,31,0,0
20260812,19,279,5,19,17,1,32,0,0
20260812,19,280,5,20,14,1,33,0,0
20260812,19,281,5,21,11,1,34,0,0
20260812,19,282,5,22,12,1,35,0,0
20260812,19,283,5,23,12,1,36,0,0
20260812,19,284,5,24,5,1,37,0,0
20260812,19,285,5,25,8,1,38,0,0
20260812,19,286,5,26,7,1,39,0,0
20260812,19,287,5,27,13,1,40,0,0
20260812,19,288,5,28,15,1,41,0,0
20260812,19,289,5,29,16,1,42,0,0
20260812,19,290,5,30,15,1,43,0,0
20260812,19,291,5,31,50,1,44,0,0
20260812,19,292,5,32,100,1,45,0,0
20260812,19,293,5,33,217,1,46,0,0
20260812,19,294,5,34,330,1,47,0,0
20260812,19,295,5,35,359,1,48,0,0
20260812,19,296,5,36,274,1,49,0,0
20260812,19,297,5,37,252,1,50,0,0
20260812,19,298,5,38,182,1,51,0,0
20260812,19,299,5,39,70,1,52,0,0
20260812,19,300,5,40,28,1,53,0,0
20260812,19,301,5,41,18,1,54,0,0
20260812,19,302,5,42,17,1,55,0,0
20260812,19,303,5,43,13,1,56,0,0
20260812,19,304,5,44,9,1,57,0,0
20260812,19,305,5,45,14,1,58,0,0
20260812,19,306,5,46,16,1,59,0,0
20260812,19,307,5,47,14,1,60,0,0
20260812,19,308,5,48,18,1,61,0,0
20260812,19,309,5,49,15,1,62,0,0
20260812,19,310,5,50,10,1,63,0,0
20260812,19,311,5,51,12,1,64,0,0
20260812,19,312,5,52,19,1,65,0,0
20260812,19,313,5,53,17,1,66,0,0
20260812,19,314,5,54,28,1,67,0,0
20260812,19,315,5,55,18,1,68,0,0
20260812,19,316,5,56,31,1,69,0,0
20260812,19,317,5,57,25,1,70,0,0
20260812,19,318,5,58,26,1,71,0,0
20260812,19,319,5,59,32,1,72,0,0
20260812,19,320,5,60,50,1,73,0,0
20260812,19,321,6,1,836,1,74,0,0
20260812,19,322,6,2,562,1,75,0,0
20260812,19,323,6,3,103,1,76,0,0
20260812,19,324,6,4,51,1,77,0,0
20260812,19,325,6,5,27,1,78,0,0
20260812,19,326,6,6,14,1,79,0,0
20260812,19,327,6,7,10,1,80,0,0
20260812,19,328,6,8,13,1,81,0,0
20260812,19,329,6,9,8,1,82,0,0
20260812,19,330,6,10,8,1,83,0,0
20260812,19,331,6,11,3,1,84,0,0
20260812,19,332,6,12,3,1,85,0,0
20260812,19,333,6,13,6,1,86,0,0
20260812,19,334,6,14,6,1,87,0,0
20260812,19,335,6,15,3,1,88,0,0
20260812,19,336,6,16,0,0,0,1,1
20260812,20,1,1,1,229,160,1,0,0
20260812,20,2,1,2,194,160,2,0,0
20260812,20,3,1,3,124,124,0,1,0
20260812,20,4,1,4,120,120,0,1,0
20260812,20,5,1,5,108,108,0,1,0
20260812,20,6,1,6,91,91,0,1,0
20260812,20,7,1,7,74,74,0,1,0
20260812,20,8,1,8,72,72,0,1,0
20260812,20,9,1,9,63,63,0,1,0
20260812,20,10,1,10,74,63,1,0,0
20260812,20,11,1,11,60,60,0,1,0
20260812,20,12,1,12,61,60,1,0,0
20260812,20,13,1,13,48,48,0,1,0
20260812,20,14,1,14,51,48,1,0,0
20260812,20,15,1,15,58,48,2,0,0
20260812,20,16,1,16,50,48,3,0,0
20260812,20,17,1,17,55,48,4,0,0
20260812,20,18,1,18,49,48,5,0,0
20260812,20,19,1,19,46,46,0,1,0
20260812,20,20,1,20,47,46,1,0,0
20260812,20,21,1,21,50,46,2,0,0
20260812,20,22,1,22,60,46,3,0,0
20260812,20,23,1,23,59,46,4,0,0
20260812,20,24,1,24,56,46,5,0,0
20260812,20,25,1,25,52,46,6,0,0
20260812,20,26,1,26,47,46,7,0,0
20260812,20,27,1,27,41,41,0,1,0
20260812,20,28,1,28,36,36,0,1,0
20260812,20,29,1,29,41,36,1,0,0
20260812,20,30,1,30,35,35,0,1,0
20260812,20,31,1,31,30,30,0,1,0
20260812,20,32,1,32,18,18,0,1,0
20260812,20,33,1,33,31,18,1,0,0
20260812,20,34,1,34,31,18,2,0,0
20260812,20,35,1,35,32,18,3,0,0
20260812,20,36,1,36,22,18,4,0,0
20260812,20,37,1,37,35,18,5,0,0
20260812,20,38,1,38,27,18,6,0,0
20260812,20,39,1,39,20,18,7,0,0
20260812,20,40,1,40,28,18,8,0,0
20260812,20,41,1,41,28,18,9,0,0
20260812,20,42,1,42,21,18,10,0,0
20260812,20,43,1,43,24,18,11,0,0
20260812,20,44,1,44,21,18,12,0,0
20260812,20,45,1,45,31,18,13,0,0
20260812,20,46,1,46,21,18,14,0,0
20260812,20,47,1,47,25,18,15,0,0
20260812,20,48,1,48,23,18,16,0,0
20260812,20,49,1,49,27,18,17,0,0
20260812,20,50,1,50,19,18,18,0,0
20260812,20,51,1,51,29,18,19,0,0
20260812,20,52,1,52,18,18,20,0,0
20260812,20,53,1,53,29,18,21,0,0
20260812,20,54,1,54,17,17,0,1,0
20260812,20,55,1,55,25,17,1,0,0
20260812,20,56,1,56,21,17,2,0,0
20260812,20,57,1,57,20,17,3,0,0
20260812,20,58,1,58,25,17,4,0,0
20260812,20,59,1,59,26,17,5,0,0
20260812,20,60,1,60,27,17,6,0,0
20260812,20,61,1,61,32,17,7,0,0
20260812,20,62,1,62,28,17,8,0,0
20260812,20,63,1,63,23,17,9,0,0
20260812,20,64,1,64,25,17,10,0,0
20260812,20,65,1,65,26,17,11,0,0
20260812,20,66,1,66,25,17,12,0,0
20260812,20,67,1,67,22,17,13,0,0
20260812,20,68,1,68,19,17,14,0,0
20260812,20,69,1,69,16,16,0,1,0
20260812,20,70,1,70,18,16,1,0,0
20260812,20,71,1,71,22,16,2,0,0
20260812,20,72,1,72,18,16,3,0,0
20260812,20,73,1,73,16,16,4,0,0
20260812,20,74,1,74,18,16,5,0,0
20260812,20,75,1,75,21,16,6,0,0
20260812,20,76,1,76,18,16,7,0,0
20260812,20,77,1,77,18,16,8,0,0
20260812,20,78,1,78,10,10,0,1,0
20260812,20,79,1,79,16,10,1,0,0
20260812,20,80,1,80,15,10,2,0,0
20260812,20,81,2,1,858,10,3,0,0
20260812,20,82,2,2,834,10,4,0,0
20260812,20,83,2,3,886,10,5,0,0
20260812,20,84,2,4,766,10,6,0,0
20260812,20,85,2,5,870,10,7,0,0
20260812,20,86,2,6,746,10,8,0,0
20260812,20,87,2,7,706,10,9,0,0
20260812,20,88,2,8,166,10,10,0,0
20260812,20,89,2,9,119,10,11,0,0
20260812,20,90,2,10,79,10,12,0,0
20260812,20,91,2,11,50,10,13,0,0
20260812,20,92,2,12,33,10,14,0,0
20260812,20,93,2,13,25,10,15,0,0
20260812,20,94,2,14,9,9,0,1,0
20260812,20,95,2,15,11,9,1,0,0
20260812,20,96,2,16,14,9,2,0,0
20260812,20,97,2,17,17,9,3,0,0
20260812,20,98,2,18,14,9,4,0,0
20260812,20,99,2,19,10,9,5,0,0
20260812,20,100,2,20,10,9,6,0,0
20260812,20,101,2,21,12,9,7,0,0
20260812,20,102,2,22,8,8,0,1,0
20260812,20,103,2,23,11,8,1,0,0
20260812,20,104,2,24,7,7,0,1,0
20260812,20,105,2,25,4,4,0,1,0
20260812,20,106,2,26,4,4,1,0,0
20260812,20,107,2,27,2,2,0,1,0
20260812,20,108,2,28,8,2,1,0,0
20260812,20,109,2,29,17,2,2,0,0
20260812,20,110,2,30,29,2,3,0,0
20260812,20,111,2,31,41,2,4,0,0
20260812,20,112,2,32,66,2,5,0,0
20260812,20,113,2,33,127,2,6,0,0
20260812,20,114,2,34,211,2,7,0,0
20260812,20,115,2,35,225,2,8,0,0
20260812,20,116,2,36,263,2,9,0,0
20260812,20,117,2,37,233,2,10,0,0
20260812,20,118,2,38,250,2,11,0,0
20260812,20,119,2,39,259,2,12,0,0
20260812,20,120,2,40,233,2,13,0,0
20260812,20,121,2,41,133,2,14,0,0
20260812,20,122,2,42,57,2,15,0,0
20260812,20,123,2,43,45,2,16,0,0
20260812,20,124,2,44,36,2,17,0,0
20260812,20,125,2,45,38,2,18,0,0
20260812,20,126,2,46,23,2,19,0,0
20260812,20,127,2,47,15,2,20,0,0
20260812,20,128,2,48,14,2,21,0,0
20260812,20,129,2,49,21,2,22,0,0
20260812,20,130,2,50,17,2,23,0,0
20260812,20,131,2,51,20,2,24,0,0
20260812,20,132,2,52,11,2,25,0,0
20260812,20,133,2,53,10,2,26,0,0
20260812,20,134,2,54,8,2,27,0,0
20260812,20,135,2,55,14,2,28,0,0
20260812,20,136,2,56,10,2,29,0,0
20260812,20,137,2,57,5,2,30,0,0
20260812,20,138,2,58,11,2,31,0,0
20260812,20,139,2,59,7,2,32,0,0
20260812,20,140,2,60,12,2,33,0,0
20260812,20,141,3,1,824,2,34,0,0
20260812,20,142,3,2,190,2,35,0,0
20260812,20,143,3,3,79,2,36,0,0
20260812,20,144,3,4,61,2,37,0,0
20260812,20,145,3,5,56,2,38,0,0
20260812,20,146,3,6,66,2,39,0,0
20260812,20,147,3,7,59,2,40,0,0
20260812,20,148,3,8,42,2,41,0,0
20260812,20,149,3,9,33,2,42,0,0
20260812,20,150,3,10,34,2,43,0,0
20260812,20,151,3,11,36,2,44,0,0
20260812,20,152,3,12,27,2,45,0,0
20260812,20,153,3,13,22,2,46,0,0
20260812,20,154,3,14,16,2,47,0,0
20260812,20,155,3,15,21,2,48,0,0
20260812,20,156,3,16,28,2,49,0,0
20260812,20,157,3,17,21,2,50,0,0
20260812,20,158,3,18,17,2,51,0,0
20260812,20,159,3,19,10,2,52,0,0
20260812,20,160,3,20,9,2,53,0,0
20260812,20,161,3,21,17,2,54,0,0
20260812,20,162,3,22,16,2,55,0,0
20260812,20,163,3,23,10,2,56,0,0
20260812,20,164,3,24,16,2,57,0,0
20260812,20,165,3,25,15,2,58,0,0
20260812,20,166,3,26,15,2,59,0,0
20260812,20,167,3,27,12,2,60,0,0
20260812,20,168,3,28,12,2,61,0,0
20260812,20,169,3,29,13,2,62,0,0
20260812,20,170,3,30,19,2,63,0,0
20260812,20,171,3,31,11,2,64,0,0
20260812,20,172,3,32,10,2,65,0,0
20260812,20,173,3,33,9,2,66,0,0
20260812,20,174,3,34,8,2,67,0,0
20260812,20,175,3,35,11,2,68,0,0
20260812,20,176,3,36,16,2,69,0,0
20260812,20,177,3,37,10,2,70,0,0
20260812,20,178,3,38,10,2,71,0,0
20260812,20,179,3,39,12,2,72,0,0
20260812,20,180,3,40,15,2,73,0,0
20260812,20,181,3,41,12,2,74,0,0
20260812,20,182,3,42,15,2,75,0,0
20260812,20,183,3,43,15,2,76,0,0
20260812,20,184,3,44,25,2,77,0,0
20260812,20,185,3,45,15,2,78,0,0
20260812,20,186,3,46,11,2,79,0,0
20260812,20,187,3,47,10,2,80,0,0
20260812,20,188,3,48,10,2,81,0,0
20260812,20,189,3,49,12,2,82,0,0
20260812,20,190,3,50,12,2,83,0,0
20260812,20,191,3,51,13,2,84,0,0
20260812,20,192,3,52,13,2,85,0,0
20260812,20,193,3,53,16,2,86,0,0
20260812,20,194,3,54,17,2,87,0,0
20260812,20,195,3,55,18,2,88,0,0
20260812,20,196,3,56,21,2,89,0,0
20260812,20,197,3,57,28,2,90,0,0
20260812,20,198,3,58,21,2,91,0,0
20260812,20,199,3,59,12,2,92,0,0
20260812,20,200,3,60,26,2,93,0,0
20260812,20,201,4,1,859,2,94,0,0
20260812,20,202,4,2,260,2,95,0,0
20260812,20,203,4,3,134,2,96,0,0
20260812,20,204,4,4,66,2,97,0,0
20260812,20,205,4,5,57,2,98,0,0
20260812,20,206,4,6,49,2,99,0,0
20260812,20,207,4,7,37,2,100,0,0
20260812,20,208,4,8,34,2,101,0,0
20260812,20,209,4,9,29,2,102,0,0
20260812,20,210,4,10,34,2,103,0,0
20260812,20,211,4,11,25,2,104,0,0
20260812,20,212,4,12,27,2,105,0,0
20260812,20,213,4,13,38,2,106,0,0
20260812,20,214,4,14,39,2,107,0,0
20260812,20,215,4,15,35,2,108,0,0
20260812,20,216,4,16,33,2,109,0,0
20260812,20,217,4,17,24,2,110,0,0
20260812,20,218,4,18,30,2,111,0,0
20260812,20,219,4,19,25,2,112,0,0
20260812,20,220,4,20,23,2,113,0,0
20260812,20,221,4,21,28,2,114,0,0
20260812,20,222,4,22,27,2,115,0,0
20260812,20,223,4,23,28,2,116,0,0
20260812,20,224,4,24,20,2,117,0,0
20260812,20,225,4,25,15,2,118,0,0
20260812,20,226,4,26,20,2,119,0,0
20260812,20,227,4,27,19,2,120,0,0
20260812,20,228,4,28,19,2,121,0,0
20260812,20,229,4,29,17,2,122,0,0
20260812,20,230,4,30,7,2,123,0,0
20260812,20,231,4,31,11,2,124,0,0
20260812,20,232,4,32,8,2,125,0,0
20260812,20,233,4,33,18,2,126,0,0
20260812,20,234,4,34,25,2,127,0,0
20260812,20,235,4,35,17,2,128,0,0
20260812,20,236,4,36,17,2,129,0,0
20260812,20,237,4,37,25,2,130,0,0
20260812,20,238,4,38,37,2,131,0,0
20260812,20,239,4,39,79,2,132,0,0
20260812,20,240,4,40,91,2,133,0,0
20260812,20,241,4,41,166,2,134,0,0
20260812,20,242,4,42,181,2,135,0,0
20260812,20,243,4,43,136,2,136,0,0
20260812,20,244,4,44,114,2,137,0,0
20260812,20,245,4,45,170,2,138,0,0
20260812,20,246,4,46,178,2,139,0,0
20260812,20,247,4,47,55,2,140,0,0
20260812,20,248,4,48,30,2,141,0,0
20260812,20,249,4,49,20,2,142,0,0
20260812,20,250,4,50,26,2,143,0,0
20260812,20,251,4,51,8,2,144,0,0
20260812,20,252,4,52,10,2,145,0,0
20260812,20,253,4,53,13,2,146,0,0
20260812,20,254,4,54,20,2,147,0,0
20260812,20,255,4,55,14,2,148,0,0
20260812,20,256,4,56,25,2,149,0,0
20260812,20,257,4,57,12,2,150,0,0
20260812,20,258,4,58,8,2,151,0,0
20260812,20,259,4,59,14,2,152,0,0
20260812,20,260,4,60,14,2,153,0,0
20260812,20,261,5,1,862,2,154,0,0
20260812,20,262,5,2,207,2,155,0,0
20260812,20,263,5,3,83,2,156,0,0
20260812,20,264,5,4,67,2,157,0,0
20260812,20,265,5,5,44,2,158,0,0
20260812,20,266,5,6,43,2,159,0,0
20260812,20,267,5,7,36,2,160,0,0
20260812,20,268,5,8,23,2,161,0,0
20260812,20,269,5,9,30,2,162,0,0
20260812,20,270,5,10,36,2,163,0,0
20260812,20,271,5,11,23,2,164,0,0
20260812,20,272,5,12,16,2,165,0,0
20260812,20,273,5,13,17,2,166,0,0
20260812,20,274,5,14,17,2,167,0,0
20260812,20,275,5,15,12,2,168,0,0
20260812,20,276,5,16,6,2,169,0,0
20260812,20,277,5,17,12,2,170,0,0
20260812,20,278,5,18,7,2,171,0,0
20260812,20,279,5,19,5,2,172,0,0
20260812,20,280,5,20,4,2,173,0,0
20260812,20,281,5,21,5,2,174,0,0
20260812,20,282,5,22,3,2,175,0,0
20260812,20,283,5,23,2,2,176,0,0
20260812,20,284,5,24,2,2,177,0,0
20260812,20,285,5,25,2,2,178,0,0
20260812,20,286,5,26,0,0,0,1,1
20260812,21,1,1,1,202,153,1,0,0
20260812,21,2,1,2,166,153,2,0,0
20260812,21,3,1,3,100,100,0,1,0
20260812,21,4,1,4,83,83,0,1,0
20260812,21,5,1,5,78,78,0,1,0
20260812,21,6,1,6,81,78,1,0,0
20260812,21,7,1,7,48,48,0,1,0
20260812,21,8,1,8,52,48,1,0,0
20260812,21,9,1,9,47,47,0,1,0
20260812,21,10,1,10,41,41,0,1,0
20260812,21,11,1,11,29,29,0,1,0
20260812,21,12,1,12,38,29,1,0,0
20260812,21,13,1,13,21,21,0,1,0
20260812,21,14,1,14,21,21,1,0,0
20260812,21,15,1,15,17,17,0,1,0
20260812,21,16,1,16,16,16,0,1,0
20260812,21,17,1,17,9,9,0,1,0
20260812,21,18,1,18,14,9,1,0,0
20260812,21,19,1,19,9,9,2,0,0
20260812,21,20,1,20,6,6,0,1,0
20260812,21,21,1,21,6,6,1,0,0
20260812,21,22,1,22,5,5,0,1,0
20260812,21,23,1,23,8,5,1,0,0
20260812,21,24,1,24,6,5,2,0,0
20260812,21,25,1,25,5,5,3,0,0
20260812,21,26,1,26,3,3,0,1,0
20260812,21,27,1,27,6,3,1,0,0
20260812,21,28,1,28,7,3,2,0,0
20260812,21,29,1,29,15,3,3,0,0
20260812,21,30,1,30,11,3,4,0,0
20260812,21,31,1,31,9,3,5,0,0
20260812,21,32,1,32,6,3,6,0,0
20260812,21,33,1,33,7,3,7,0,0
20260812,21,34,1,34,5,3,8,0,0
20260812,21,35,1,35,7,3,9,0,0
20260812,21,36,1,36,6,3,10,0,0
20260812,21,37,1,37,4,3,11,0,0
20260812,21,38,1,38,6,3,12,0,0
20260812,21,39,1,39,5,3,13,0,0
20260812,21,40,1,40,4,3,14,0,0
20260812,21,41,1,41,6,3,15,0,0
20260812,21,42,1,42,6,3,16,0,0
20260812,21,43,1,43,8,3,17,0,0
20260812,21,44,1,44,6,3,18,0,0
20260812,21,45,1,45,6,3,19,0,0
20260812,21,46,1,46,5,3,20,0,0
20260812,21,47,1,47,3,3,21,0,0
20260812,21,48,1,48,0,0,0,1,1
20260812,22,1,1,1,269,188,1,0,0
20260812,22,2,1,2,157,157,0,1,0
20260812,22,3,1,3,116,116,0,1,0
20260812,22,4,1,4,121,116,1,0,0
20260812,22,5,1,5,100,100,0,1,0
20260812,22,6,1,6,90,90,0,1,0
20260812,22,7,1,7,84,84,0,1,0
20260812,22,8,1,8,64,64,0,1,0
20260812,22,9,1,9,60,60,0,1,0
20260812,22,10,1,10,53,53,0,1,0
20260812,22,11,1,11,37,37,0,1,0
20260812,22,12,1,12,28,28,0,1,0
20260812,22,13,1,13,32,28,1,0,0
20260812,22,14,1,14,33,28,2,0,0
20260812,22,15,1,15,35,28,3,0,0
20260812,22,16,1,16,33,28,4,0,0
20260812,22,17,1,17,34,28,5,0,0
20260812,22,18,1,18,25,25,0,1,0
20260812,22,19,1,19,30,25,1,0,0
20260812,22,20,1,20,25,25,2,0,0
20260812,22,21,1,21,28,25,3,0,0
20260812,22,22,1,22,23,23,0,1,0
20260812,22,23,1,23,19,19,0,1,0
20260812,22,24,1,24,19,19,1,0,0
20260812,22,25,1,25,24,19,2,0,0
20260812,22,26,1,26,16,16,0,1,0
20260812,22,27,1,27,21,16,1,0,0
20260812,22,28,1,28,13,13,0,1,0
20260812,22,29,1,29,7,7,0,1,0
20260812,22,30,1,30,4,4,0,1,0
20260812,22,31,1,31,3,3,0,1,0
20260812,22,32,1,32,3,3,1,0,0
20260812,22,33,1,33,7,3,2,0,0
20260812,22,34,1,34,3,3,3,0,0
20260812,22,35,1,35,7,3,4,0,0
20260812,22,36,1,36,6,3,5,0,0
20260812,22,37,1,37,3,3,6,0,0
20260812,22,38,1,38,6,3,7,0,0
20260812,22,39,1,39,6,3,8,0,0
20260812,22,40,1,40,7,3,9,0,0
20260812,22,41,1,41,4,3,10,0,0
20260812,22,42,1,42,3,3,11,0,0
20260812,22,43,1,43,7,3,12,0,0
20260812,22,44,1,44,6,3,13,0,0
20260812,22,45,1,45,7,3,14,0,0
20260812,22,46,1,46,5,3,15,0,0
20260812,22,47,1,47,3,3,16,0,0
20260812,22,48,1,48,7,3,17,0,0
20260812,22,49,1,49,7,3,18,0,0
20260812,22,50,1,50,3,3,19,0,0
20260812,22,51,1,51,2,2,0,1,0
20260812,22,52,1,52,3,2,1,0,0
20260812,22,53,1,53,5,2,2,0,0
20260812,22,54,1,54,3,2,3,0,0
20260812,22,55,1,55,5,2,4,0,0
20260812,22,56,1,56,7,2,5,0,0
20260812,22,57,1,57,3,2,6,0,0
20260812,22,58,1,58,6,2,7,0,0
20260812,22,59,1,59,7,2,8,0,0
20260812,22,60,1,60,3,2,9,0,0
20260812,22,61,1,61,7,2,10,0,0
20260812,22,62,1,62,4,2,11,0,0
20260812,22,63,1,63,3,2,12,0,0
20260812,22,64,1,64,7,2,13,0,0
20260812,22,65,1,65,7,2,14,0,0
20260812,22,66,1,66,6,2,15,0,0
20260812,22,67,1,67,7,2,16,0,0
20260812,22,68,1,68,5,2,17,0,0
20260812,22,69,1,69,7,2,18,0,0
20260812,22,70,1,70,4,2,19,0,0
20260812,22,71,1,71,7,2,20,0,0
20260812,22,72,1,72,4,2,21,0,0
20260812,22,73,1,73,4,2,22,0,0
20260812,22,74,1,74,3,2,23,0,0
20260812,22,75,1,75,7,2,24,0,0
20260812,22,76,1,76,4,2,25,0,0
20260812,22,77,1,77,7,2,26,0,0
20260812,22,78,1,78,8,2,27,0,0
20260812,22,79,1,79,7,2,28,0,0
20260812,22,80,1,80,7,2,29,0,0
20260812,22,81,2,1,836,2,30,0,0
20260812,22,82,2,2,839,2,31,0,0
20260812,22,83,2,3,834,2,32,0,0
20260812,22,84,2,4,809,2,33,0,0
20260812,22,85,2,5,887,2,34,0,0
20260812,22,86,2,6,687,2,35,0,0
20260812,22,87,2,7,605,2,36,0,0
20260812,22,88,2,8,212,2,37,0,0
20260812,22,89,2,9,105,2,38,0,0
20260812,22,90,2,10,82,2,39,0,0
20260812,22,91,2,11,68,2,40,0,0
20260812,22,92,2,12,56,2,41,0,0
20260812,22,93,2,13,39,2,42,0,0
20260812,22,94,2,14,39,2,43,0,0
20260812,22,95,2,15,26,2,44,0,0
20260812,22,96,2,16,38,2,45,0,0
20260812,22,97,2,17,27,2,46,0,0
20260812,22,98,2,18,33,2,47,0,0
20260812,22,99,2,19,28,2,48,0,0
20260812,22,100,2,20,27,2,49,0,0
20260812,22,101,2,21,33,2,50,0,0
20260812,22,102,2,22,29,2,51,0,0
20260812,22,103,2,23,19,2,52,0,0
20260812,22,104,2,24,13,2,53,0,0
20260812,22,105,2,25,13,2,54,0,0
20260812,22,106,2,26,12,2,55,0,0
20260812,22,107,2,27,18,2,56,0,0
20260812,22,108,2,28,13,2,57,0,0
20260812,22,109,2,29,15,2,58,0,0
20260812,22,110,2,30,12,2,59,0,0
20260812,22,111,2,31,12,2,60,0,0
20260812,22,112,2,32,8,2,61,0,0
20260812,22,113,2,33,14,2,62,0,0
20260812,22,114,2,34,11,2,63,0,0
20260812,22,115,2,35,15,2,64,0,0
20260812,22,116,2,36,13,2,65,0,0
20260812,22,117,2,37,22,2,66,0,0
20260812,22,118,2,38,32,2,67,0,0
20260812,22,119,2,39,69,2,68,0,0
20260812,22,120,2,40,159,2,69,0,0
20260812,22,121,2,41,286,2,70,0,0
20260812,22,122,2,42,362,2,71,0,0
20260812,22,123,2,43,298,2,72,0,0
20260812,22,124,2,44,334,2,73,0,0
20260812,22,125,2,45,222,2,74,0,0
20260812,22,126,2,46,188,2,75,0,0
20260812,22,127,2,47,51,2,76,0,0
20260812,22,128,2,48,29,2,77,0,0
20260812,22,129,2,49,20,2,78,0,0
20260812,22,130,2,50,6,2,79,0,0
20260812,22,131,2,51,16,2,80,0,0
20260812,22,132,2,52,11,2,81,0,0
20260812,22,133,2,53,8,2,82,0,0
20260812,22,134,2,54,11,2,83,0,0
20260812,22,135,2,55,11,2,84,0,0
20260812,22,136,2,56,9,2,85,0,0
20260812,22,137,2,57,7,2,86,0,0
20260812,22,138,2,58,5,2,87,0,0
20260812,22,139,2,59,5,2,88,0,0
20260812,22,140,2,60,5,2,89,0,0
20260812,22,141,3,1,853,2,90,0,0
20260812,22,142,3,2,217,2,91,0,0
20260812,22,143,3,3,110,2,92,0,0
20260812,22,144,3,4,67,2,93,0,0
20260812,22,145,3,5,39,2,94,0,0
20260812,22,146,3,6,33,2,95,0,0
20260812,22,147,3,7,27,2,96,0,0
20260812,22,148,3,8,20,2,97,0,0
20260812,22,149,3,9,15,2,98,0,0
20260812,22,150,3,10,13,2,99,0,0
20260812,22,151,3,11,13,2,100,0,0
20260812,22,152,3,12,6,2,101,0,0
20260812,22,153,3,13,5,2,102,0,0
20260812,22,154,3,14,12,2,103,0,0
20260812,22,155,3,15,6,2,104,0,0
20260812,22,156,3,16,2,2,105,0,0
20260812,22,157,3,17,6,2,106,0,0
20260812,22,158,3,18,12,2,107,0,0
20260812,22,159,3,19,9,2,108,0,0
20260812,22,160,3,20,9,2,109,0,0
20260812,22,161,3,21,7,2,110,0,0
20260812,22,162,3,22,2,2,111,0,0
20260812,22,163,3,23,0,0,0,1,1
20260812,23,1,1,1,276,191,1,0,0
20260812,23,2,1,2,183,183,0,1,0
20260812,23,3,1,3,144,144,0,1,0
20260812,23,4,1,4,118,118,0,1,0
20260812,23,5,1,5,111,111,0,1,0
20260812,23,6,1,6,92,92,0,1,0
20260812,23,7,1,7,78,78,0,1,0
20260812,23,8,1,8,57,57,0,1,0
20260812,23,9,1,9,49,49,0,1,0
20260812,23,10,1,10,48,48,0,1,0
20260812,23,11,1,11,42,42,0,1,0
20260812,23,12,1,12,48,42,1,0,0
20260812,23,13,1,13,26,26,0,1,0
20260812,23,14,1,14,23,23,0,1,0
20260812,23,15,1,15,22,22,0,1,0
20260812,23,16,1,16,9,9,0,1,0
20260812,23,17,1,17,18,9,1,0,0
20260812,23,18,1,18,15,9,2,0,0
20260812,23,19,1,19,13,9,3,0,0
20260812,23,20,1,20,15,9,4,0,0
20260812,23,21,1,21,12,9,5,0,0
20260812,23,22,1,22,15,9,6,0,0
20260812,23,23,1,23,12,9,7,0,0
20260812,23,24,1,24,15,9,8,0,0
20260812,23,25,1,25,12,9,9,0,0
20260812,23,26,1,26,15,9,10,0,0
20260812,23,27,1,27,6,6,0,1,0
20260812,23,28,1,28,9,6,1,0,0
20260812,23,29,1,29,2,2,0,1,0
20260812,23,30,1,30,9,2,1,0,0
20260812,23,31,1,31,6,2,2,0,0
20260812,23,32,1,32,9,2,3,0,0
20260812,23,33,1,33,5,2,4,0,0
20260812,23,34,1,34,0,0,0,1,1
20260812,24,1,1,1,321,209,1,0,0
20260812,24,2,1,2,265,209,2,0,0
20260812,24,3,1,3,165,165,0,1,0
20260812,24,4,1,4,169,165,1,0,0
20260812,24,5,1,5,146,146,0,1,0
20260812,24,6,1,6,134,134,0,1,0
20260812,24,7,1,7,110,110,0,1,0
20260812,24,8,1,8,101,101,0,1,0
20260812,24,9,1,9,79,79,0,1,0
20260812,24,10,1,10,79,79,1,0,0
20260812,24,11,1,11,65,65,0,1,0
20260812,24,12,1,12,45,45,0,1,0
20260812,24,13,1,13,55,45,1,0,0
20260812,24,14,1,14,60,45,2,0,0
20260812,24,15,1,15,53,45,3,0,0
20260812,24,16,1,16,52,45,4,0,0
20260812,24,17,1,17,42,42,0,1,0
20260812,24,18,1,18,42,42,1,0,0
20260812,24,19,1,19,47,42,2,0,0
20260812,24,20,1,20,42,42,3,0,0
20260812,24,21,1,21,39,39,0,1,0
20260812,24,22,1,22,35,35,0,1,0
20260812,24,23,1,23,34,34,0,1,0
20260812,24,24,1,24,33,33,0,1,0
20260812,24,25,1,25,24,24,0,1,0
20260812,24,26,1,26,37,24,1,0,0
20260812,24,27,1,27,28,24,2,0,0
20260812,24,28,1,28,37,24,3,0,0
20260812,24,29,1,29,31,24,4,0,0
20260812,24,30,1,30,37,24,5,0,0
20260812,24,31,1,31,24,24,6,0,0
20260812,24,32,1,32,33,24,7,0,0
20260812,24,33,1,33,35,24,8,0,0
20260812,24,34,1,34,22,22,0,1,0
20260812,24,35,1,35,21,21,0,1,0
20260812,24,36,1,36,28,21,1,0,0
20260812,24,37,1,37,26,21,2,0,0
20260812,24,38,1,38,30,21,3,0,0
20260812,24,39,1,39,24,21,4,0,0
20260812,24,40,1,40,29,21,5,0,0
20260812,24,41,1,41,18,18,0,1,0
20260812,24,42,1,42,20,18,1,0,0
20260812,24,43,1,43,24,18,2,0,0
20260812,24,44,1,44,29,18,3,0,0
20260812,24,45,1,45,29,18,4,0,0
20260812,24,46,1,46,27,18,5,0,0
20260812,24,47,1,47,22,18,6,0,0
20260812,24,48,1,48,24,18,7,0,0
20260812,24,49,1,49,14,14,0,1,0
20260812,24,50,1,50,20,14,1,0,0
20260812,24,51,1,51,14,14,2,0,0
20260812,24,52,1,52,23,14,3,0,0
20260812,24,53,1,53,18,14,4,0,0
20260812,24,54,1,54,20,14,5,0,0
20260812,24,55,1,55,16,14,6,0,0
20260812,24,56,1,56,19,14,7,0,0
20260812,24,57,1,57,19,14,8,0,0
20260812,24,58,1,58,19,14,9,0,0
20260812,24,59,1,59,22,14,10,0,0
20260812,24,60,1,60,27,14,11,0,0
20260812,24,61,1,61,22,14,12,0,0
20260812,24,62,1,62,26,14,13,0,0
20260812,24,63,1,63,20,14,14,0,0
20260812,24,64,1,64,26,14,15,0,0
20260812,24,65,1,65,20,14,16,0,0
20260812,24,66,1,66,20,14,17,0,0
20260812,24,67,1,67,14,14,18,0,0
20260812,24,68,1,68,8,8,0,1,0
20260812,24,69,1,69,10,8,1,0,0
20260812,24,70,1,70,10,8,2,0,0
20260812,24,71,1,71,15,8,3,0,0
20260812,24,72,1,72,13,8,4,0,0
20260812,24,73,1,73,9,8,5,0,0
20260812,24,74,1,74,7,7,0,1,0
20260812,24,75,1,75,6,6,0,1,0
20260812,24,76,1,76,7,6,1,0,0
20260812,24,77,1,77,6,6,2,0,0
20260812,24,78,1,78,7,6,3,0,0
20260812,24,79,1,79,3,3,0,1,0
20260812,24,80,1,80,7,3,1,0,0
20260812,24,81,2,1,856,3,2,0,0
20260812,24,82,2,2,775,3,3,0,0
20260812,24,83,2,3,793,3,4,0,0
20260812,24,84,2,4,230,3,5,0,0
20260812,24,85,2,5,199,3,6,0,0
20260812,24,86,2,6,146,3,7,0,0
20260812,24,87,2,7,91,3,8,0,0
20260812,24,88,2,8,77,3,9,0,0
20260812,24,89,2,9,79,3,10,0,0
20260812,24,90,2,10,64,3,11,0,0
20260812,24,91,2,11,51,3,12,0,0
20260812,24,92,2,12,48,3,13,0,0
20260812,24,93,2,13,42,3,14,0,0
20260812,24,94,2,14,40,3,15,0,0
20260812,24,95,2,15,38,3,16,0,0
20260812,24,96,2,16,35,3,17,0,0
20260812,24,97,2,17,24,3,18,0,0
20260812,24,98,2,18,28,3,19,0,0
20260812,24,99,2,19,31,3,20,0,0
20260812,24,100,2,20,22,3,21,0,0
20260812,24,101,2,21,26,3,22,0,0
20260812,24,102,2,22,24,3,23,0,0
20260812,24,103,2,23,17,3,24,0,0
20260812,24,104,2,24,17,3,25,0,0
20260812,24,105,2,25,20,3,26,0,0
20260812,24,106,2,26,23,3,27,0,0
20260812,24,107,2,27,18,3,28,0,0
20260812,24,108,2,28,7,3,29,0,0
20260812,24,109,2,29,11,3,30,0,0
20260812,24,110,2,30,12,3,31,0,0
20260812,24,111,2,31,7,3,32,0,0
20260812,24,112,2,32,7,3,33,0,0
20260812,24,113,2,33,6,3,34,0,0
20260812,24,114,2,34,4,3,35,0,0
20260812,24,115,2,35,7,3,36,0,0
20260812,24,116,2,36,7,3,37,0,0
20260812,24,117,2,37,3,3,38,0,0
20260812,24,118,2,38,7,3,39,0,0
20260812,24,119,2,39,6,3,40,0,0
20260812,24,120,2,40,3,3,41,0,0
20260812,24,121,2,41,7,3,42,0,0
20260812,24,122,2,42,6,3,43,0,0
20260812,24,123,2,43,9,3,44,0,0
20260812,24,124,2,44,7,3,45,0,0
20260812,24,125,2,45,5,3,46,0,0
20260812,24,126,2,46,5,3,47,0,0
20260812,24,127,2,47,7,3,48,0,0
20260812,24,128,2,48,17,3,49,0,0
20260812,24,129,2,49,8,3,50,0,0
20260812,24,130,2,50,21,3,51,0,0
20260812,24,131,2,51,43,3,52,0,0
20260812,24,132,2,52,91,3,53,0,0
20260812,24,133,2,53,158,3,54,0,0
20260812,24,134,2,54,246,3,55,0,0
20260812,24,135,2,55,304,3,56,0,0
20260812,24,136,2,56,295,3,57,0,0
20260812,24,137,2,57,263,3,58,0,0
20260812,24,138,2,58,252,3,59,0,0
20260812,24,139,2,59,266,3,60,0,0
20260812,24,140,2,60,218,3,61,0,0
20260812,24,141,3,1,531,3,62,0,0
20260812,24,142,3,2,606,3,63,0,0
20260812,24,143,3,3,219,3,64,0,0
20260812,24,144,3,4,122,3,65,0,0
20260812,24,145,3,5,116,3,66,0,0
20260812,24,146,3,6,102,3,67,0,0
20260812,24,147,3,7,91,3,68,0,0
20260812,24,148,3,8,78,3,69,0,0
20260812,24,149,3,9,65,3,70,0,0
20260812,24,150,3,10,42,3,71,0,0
20260812,24,151,3,11,42,3,72,0,0
20260812,24,152,3,12,50,3,73,0,0
20260812,24,153,3,13,51,3,74,0,0
20260812,24,154,3,14,38,3,75,0,0
20260812,24,155,3,15,48,3,76,0,0
20260812,24,156,3,16,43,3,77,0,0
20260812,24,157,3,17,46,3,78,0,0
20260812,24,158,3,18,35,3,79,0,0
20260812,24,159,3,19,29,3,80,0,0
20260812,24,160,3,20,36,3,81,0,0
20260812,24,161,3,21,32,3,82,0,0
20260812,24,162,3,22,28,3,83,0,0
20260812,24,163,3,23,30,3,84,0,0
20260812,24,164,3,24,30,3,85,0,0
20260812,24,165,3,25,26,3,86,0,0
20260812,24,166,3,26,21,3,87,0,0
20260812,24,167,3,27,21,3,88,0,0
20260812,24,168,3,28,17,3,89,0,0
20260812,24,169,3,29,29,3,90,0,0
20260812,24,170,3,30,19,3,91,0,0
20260812,24,171,3,31,23,3,92,0,0
20260812,24,172,3,32,24,3,93,0,0
20260812,24,173,3,33,27,3,94,0,0
20260812,24,174,3,34,20,3,95,0,0
20260812,24,175,3,35,30,3,96,0,0
20260812,24,176,3,36,30,3,97,0,0
20260812,24,177,3,37,26,3,98,0,0
20260812,24,178,3,38,20,3,99,0,0
20260812,24,179,3,39,13,3,100,0,0
20260812,24,180,3,40,18,3,101,0,0
20260812,24,181,3,41,17,3,102,0,0
20260812,24,182,3,42,25,3,103,0,0
20260812,24,183,3,43,18,3,104,0,0
20260812,24,184,3,44,15,3,105,0,0
20260812,24,185,3,45,11,3,106,0,0
20260812,24,186,3,46,26,3,107,0,0
20260812,24,187,3,47,26,3,108,0,0
20260812,24,188,3,48,25,3,109,0,0
20260812,24,189,3,49,21,3,110,0,0
20260812,24,190,3,50,11,3,111,0,0
20260812,24,191,3,51,17,3,112,0,0
20260812,24,192,3,52,12,3,113,0,0
20260812,24,193,3,53,16,3,114,0,0
20260812,24,194,3,54,18,3,115,0,0
20260812,24,195,3,55,19,3,116,0,0
20260812,24,196,3,56,20,3,117,0,0
20260812,24,197,3,57,16,3,118,0,0
20260812,24,198,3,58,14,3,119,0,0
20260812,24,199,3,59,26,3,120,0,0
20260812,24,200,3,60,26,3,121,0,0
20260812,24,201,4,1,860,3,122,0,0
20260812,24,202,4,2,170,3,123,0,0
20260812,24,203,4,3,86,3,124,0,0
20260812,24,204,4,4,61,3,125,0,0
20260812,24,205,4,5,46,3,126,0,0
20260812,24,206,4,6,34,3,127,0,0
20260812,24,207,4,7,36,3,128,0,0
20260812,24,208,4,8,32,3,129,0,0
20260812,24,209,4,9,35,3,130,0,0
20260812,24,210,4,10,40,3,131,0,0
20260812,24,211,4,11,38,3,132,0,0
20260812,24,212,4,12,26,3,133,0,0
20260812,24,213,4,13,32,3,134,0,0
20260812,24,214,4,14,39,3,135,0,0
20260812,24,215,4,15,33,3,136,0,0
20260812,24,216,4,16,28,3,137,0,0
20260812,24,217,4,17,30,3,138,0,0
20260812,24,218,4,18,25,3,139,0,0
20260812,24,219,4,19,25,3,140,0,0
20260812,24,220,4,20,26,3,141,0,0
20260812,24,221,4,21,23,3,142,0,0
20260812,24,222,4,22,26,3,143,0,0
20260812,24,223,4,23,26,3,144,0,0
20260812,24,224,4,24,17,3,145,0,0
20260812,24,225,4,25,19,3,146,0,0
20260812,24,226,4,26,26,3,147,0,0
20260812,24,227,4,27,20,3,148,0,0
20260812,24,228,4,28,18,3,149,0,0
20260812,24,229,4,29,21,3,150,0,0
20260812,24,230,4,30,24,3,151,0,0
20260812,24,231,4,31,19,3,152,0,0
20260812,24,232,4,32,16,3,153,0,0
20260812,24,233,4,33,24,3,154,0,0
20260812,24,234,4,34,24,3,155,0,0
20260812,24,235,4,35,20,3,156,0,0
20260812,24,236,4,36,27,3,157,0,0
20260812,24,237,4,37,22,3,158,0,0
20260812,24,238,4,38,21,3,159,0,0
20260812,24,239,4,39,17,3,160,0,0
20260812,24,240,4,40,21,3,161,0,0
20260812,24,241,4,41,15,3,162,0,0
20260812,24,242,4,42,19,3,163,0,0
20260812,24,243,4,43,17,3,164,0,0
20260812,24,244,4,44,12,3,165,0,0
20260812,24,245,4,45,16,3,166,0,0
20260812,24,246,4,46,20,3,167,0,0
20260812,24,247,4,47,21,3,168,0,0
20260812,24,248,4,48,24,3,169,0,0
20260812,24,249,4,49,18,3,170,0,0
20260812,24,250,4,50,25,3,171,0,0
20260812,24,251,4,51,24,3,172,0,0
20260812,24,252,4,52,28,3,173,0,0
20260812,24,253,4,53,18,3,174,0,0
20260812,24,254,4,54,19,3,175,0,0
20260812,24,255,4,55,26,3,176,0,0
20260812,24,256,4,56,45,3,177,0,0
20260812,24,257,4,57,60,3,178,0,0
20260812,24,258,4,58,78,3,179,0,0
20260812,24,259,4,59,84,3,180,0,0
20260812,24,260,4,60,51,3,181,0,0
20260812,24,261,5,1,781,3,182,0,0
20260812,24,262,5,2,454,3,183,0,0
20260812,24,263,5,3,162,3,184,0,0
20260812,24,264,5,4,107,3,185,0,0
20260812,24,265,5,5,69,3,186,0,0
20260812,24,266,5,6,64,3,187,0,0
20260812,24,267,5,7,48,3,188,0,0
20260812,24,268,5,8,43,3,189,0,0
20260812,24,269,5,9,50,3,190,0,0
20260812,24,270,5,10,32,3,191,0,0
20260812,24,271,5,11,40,3,192,0,0
20260812,24,272,5,12,25,3,193,0,0
20260812,24,273,5,13,32,3,194,0,0
20260812,24,274,5,14,28,3,195,0,0
20260812,24,275,5,15,24,3,196,0,0
20260812,24,276,5,16,23,3,197,0,0
20260812,24,277,5,17,19,3,198,0,0
20260812,24,278,5,18,11,3,199,0,0
20260812,24,279,5,19,12,3,200,0,0
20260812,24,280,5,20,6,3,201,0,0
20260812,24,281,5,21,15,3,202,0,0
20260812,24,282,5,22,14,3,203,0,0
20260812,24,283,5,23,12,3,204,0,0
20260812,24,284,5,24,12,3,205,0,0
20260812,24,285,5,25,14,3,206,0,0
20260812,24,286,5,26,14,3,207,0,0
20260812,24,287,5,27,14,3,208,0,0
20260812,24,288,5,28,16,3,209,0,0
20260812,24,289,5,29,13,3,210,0,0
20260812,24,290,5,30,13,3,211,0,0
20260812,24,291,5,31,16,3,212,0,0
20260812,24,292,5,32,6,3,213,0,0
20260812,24,293,5,33,6,3,214,0,0
20260812,24,294,5,34,6,3,215,0,0
20260812,24,295,5,35,6,3,216,0,0
20260812,24,296,5,36,7,3,217,0,0
20260812,24,297,5,37,4,3,218,0,0
20260812,24,298,5,38,4,3,219,0,0
20260812,24,299,5,39,6,3,220,0,0
20260812,24,300,5,40,11,3,221,0,0
20260812,24,301,5,41,4,3,222,0,0
20260812,24,302,5,42,16,3,223,0,0
20260812,24,303,5,43,22,3,224,0,0
20260812,24,304,5,44,27,3,225,0,0
20260812,24,305,5,45,50,3,226,0,0
20260812,24,306,5,46,132,3,227,0,0
20260812,24,307,5,47,251,3,228,0,0
20260812,24,308,5,48,388,3,229,0,0
20260812,24,309,5,49,458,3,230,0,0
20260812,24,310,5,50,318,3,231,0,0
20260812,24,311,5,51,147,3,232,0,0
20260812,24,312,5,52,39,3,233,0,0
20260812,24,313,5,53,13,3,234,0,0
20260812,24,314,5,54,16,3,235,0,0
20260812,24,315,5,55,17,3,236,0,0
20260812,24,316,5,56,17,3,237,0,0
20260812,24,317,5,57,12,3,238,0,0
20260812,24,318,5,58,8,3,239,0,0
20260812,24,319,5,59,6,3,240,0,0
20260812,24,320,5,60,7,3,241,0,0
20260812,24,321,6,1,866,3,242,0,0
20260812,24,322,6,2,186,3,243,0,0
20260812,24,323,6,3,97,3,244,0,0
20260812,24,324,6,4,72,3,245,0,0
20260812,24,325,6,5,67,3,246,0,0
20260812,24,326,6,6,66,3,247,0,0
20260812,24,327,6,7,56,3,248,0,0
20260812,24,328,6,8,47,3,249,0,0
20260812,24,329,6,9,39,3,250,0,0
20260812,24,330,6,10,32,3,251,0,0
20260812,24,331,6,11,38,3,252,0,0
20260812,24,332,6,12,25,3,253,0,0
20260812,24,333,6,13,36,3,254,0,0
20260812,24,334,6,14,30,3,255,0,0
20260812,24,335,6,15,21,3,256,0,0
20260812,24,336,6,16,22,3,257,0,0
20260812,24,337,6,17,24,3,258,0,0
20260812,24,338,6,18,16,3,259,0,0
20260812,24,339,6,19,30,3,260,0,0
20260812,24,340,6,20,14,3,261,0,0
20260812,24,341,6,21,16,3,262,0,0
20260812,24,342,6,22,21,3,263,0,0
20260812,24,343,6,23,22,3,264,0,0
20260812,24,344,6,24,20,3,265,0,0
20260812,24,345,6,25,20,3,266,0,0
20260812,24,346,6,26,25,3,267,0,0
20260812,24,347,6,27,26,3,268,0,0
20260812,24,348,6,28,33,3,269,0,0
20260812,24,349,6,29,39,3,270,0,0
20260812,24,350,6,30,79,3,271,0,0
20260812,24,351,6,31,138,3,272,0,0
20260812,24,352,6,32,233,3,273,0,0
20260812,24,353,6,33,215,3,274,0,0
20260812,24,354,6,34,188,3,275,0,0
20260812,24,355,6,35,192,3,276,0,0
20260812,24,356,6,36,231,3,277,0,0
20260812,24,357,6,37,193,3,278,0,0
20260812,24,358,6,38,194,3,279,0,0
20260812,24,359,6,39,130,3,280,0,0
20260812,24,360,6,40,132,3,281,0,0
20260812,24,361,6,41,67,3,282,0,0
20260812,24,362,6,42,31,3,283,0,0
20260812,24,363,6,43,38,3,284,0,0
20260812,24,364,6,44,32,3,285,0,0
20260812,24,365,6,45,32,3,286,0,0
20260812,24,366,6,46,29,3,287,0,0
20260812,24,367,6,47,20,3,288,0,0
20260812,24,368,6,48,17,3,289,0,0
20260812,24,369,6,49,18,3,290,0,0
20260812,24,370,6,50,20,3,291,0,0
20260812,24,371,6,51,23,3,292,0,0
20260812,24,372,6,52,27,3,293,0,0
20260812,24,373,6,53,26,3,294,0,0
20260812,24,374,6,54,23,3,295,0,0
20260812,24,375,6,55,15,3,296,0,0
20260812,24,376,6,56,18,3,297,0,0
20260812,24,377,6,57,28,3,298,0,0
20260812,24,378,6,58,22,3,299,0,0
20260812,24,379,6,59,27,3,300,0,0
20260812,24,380,6,60,24,3,301,0,0
20260812,24,381,7,1,820,3,302,0,0
20260812,24,382,7,2,354,3,303,0,0
20260812,24,383,7,3,144,3,304,0,0
20260812,24,384,7,4,126,3,305,0,0
20260812,24,385,7,5,104,3,306,0,0
20260812,24,386,7,6,90,3,307,0,0
20260812,24,387,7,7,90,3,308,0,0
20260812,24,388,7,8,75,3,309,0,0
20260812,24,389,7,9,85,3,310,0,0
20260812,24,390,7,10,70,3,311,0,0
20260812,24,391,7,11,55,3,312,0,0
20260812,24,392,7,12,70,3,313,0,0
20260812,24,393,7,13,47,3,314,0,0
20260812,24,394,7,14,48,3,315,0,0
20260812,24,395,7,15,81,3,316,0,0
20260812,24,396,7,16,53,3,317,0,0
20260812,24,397,7,17,51,3,318,0,0
20260812,24,398,7,18,58,3,319,0,0
20260812,24,399,7,19,47,3,320,0,0
20260812,24,400,7,20,43,3,321,0,0
20260812,24,401,7,21,37,3,322,0,0
20260812,24,402,7,22,29,3,323,0,0
20260812,24,403,7,23,28,3,324,0,0
20260812,24,404,7,24,27,3,325,0,0
20260812,24,405,7,25,54,3,326,0,0
20260812,24,406,7,26,33,3,327,0,0
20260812,24,407,7,27,49,3,328,0,0
20260812,24,408,7,28,37,3,329,0,0
20260812,24,409,7,29,38,3,330,0,0
20260812,24,410,7,30,39,3,331,0,0
20260812,24,411,7,31,36,3,332,0,0
20260812,24,412,7,32,32,3,333,0,0
20260812,24,413,7,33,29,3,334,0,0
20260812,24,414,7,34,29,3,335,0,0
20260812,24,415,7,35,41,3,336,0,0
20260812,24,416,7,36,38,3,337,0,0
20260812,24,417,7,37,85,3,338,0,0
20260812,24,418,7,38,132,3,339,0,0
20260812,24,419,7,39,207,3,340,0,0
20260812,24,420,7,40,231,3,341,0,0
20260812,24,421,7,41,136,3,342,0,0
20260812,24,422,7,42,119,3,343,0,0
20260812,24,423,7,43,117,3,344,0,0
20260812,24,424,7,44,123,3,345,0,0
20260812,24,425,7,45,146,3,346,0,0
20260812,24,426,7,46,134,3,347,0,0
20260812,24,427,7,47,87,3,348,0,0
20260812,24,428,7,48,92,3,349,0,0
20260812,24,429,7,49,67,3,350,0,0
20260812,24,430,7,50,58,3,351,0,0
20260812,24,431,7,51,49,3,352,0,0
20260812,24,432,7,52,50,3,353,0,0
20260812,24,433,7,53,45,3,354,0,0
20260812,24,434,7,54,35,3,355,0,0
20260812,24,435,7,55,24,3,356,0,0
20260812,24,436,7,56,25,3,357,0,0
20260812,24,437,7,57,24,3,358,0,0
20260812,24,438,7,58,18,3,359,0,0
20260812,24,439,7,59,17,3,360,0,0
20260812,24,440,7,60,17,3,361,0,0
20260812,24,441,8,1,855,3,362,0,0
20260812,24,442,8,2,271,3,363,0,0
20260812,24,443,8,3,130,3,364,0,0
20260812,24,444,8,4,76,3,365,0,0
20260812,24,445,8,5,90,3,366,0,0
20260812,24,446,8,6,96,3,367,0,0
20260812,24,447,8,7,60,3,368,0,0
20260812,24,448,8,8,55,3,369,0,0
20260812,24,449,8,9,50,3,370,0,0
20260812,24,450,8,10,51,3,371,0,0
20260812,24,451,8,11,45,3,372,0,0
20260812,24,452,8,12,33,3,373,0,0
20260812,24,453,8,13,33,3,374,0,0
20260812,24,454,8,14,35,3,375,0,0
20260812,24,455,8,15,37,3,376,0,0
20260812,24,456,8,16,40,3,377,0,0
20260812,24,457,8,17,31,3,378,0,0
20260812,24,458,8,18,29,3,379,0,0
20260812,24,459,8,19,32,3,380,0,0
20260812,24,460,8,20,23,3,381,0,0
20260812,24,461,8,21,28,3,382,0,0
20260812,24,462,8,22,28,3,383,0,0
20260812,24,463,8,23,31,3,384,0,0
20260812,24,464,8,24,30,3,385,0,0
20260812,24,465,8,25,30,3,386,0,0
20260812,24,466,8,26,46,3,387,0,0
20260812,24,467,8,27,63,3,388,0,0
20260812,24,468,8,28,114,3,389,0,0
20260812,24,469,8,29,188,3,390,0,0
20260812,24,470,8,30,247,3,391,0,0
20260812,24,471,8,31,191,3,392,0,0
20260812,24,472,8,32,199,3,393,0,0
20260812,24,473,8,33,212,3,394,0,0
20260812,24,474,8,34,173,3,395,0,0
20260812,24,475,8,35,221,3,396,0,0
20260812,24,476,8,36,252,3,397,0,0
20260812,24,477,8,37,216,3,398,0,0
20260812,24,478,8,38,169,3,399,0,0
20260812,24,479,8,39,81,3,400,0,0
20260812,24,480,8,40,61,3,401,0,0
20260812,24,481,8,41,61,3,402,0,0
20260812,24,482,8,42,55,3,403,0,0
20260812,24,483,8,43,42,3,404,0,0
20260812,24,484,8,44,45,3,405,0,0
20260812,24,485,8,45,30,3,406,0,0
20260812,24,486,8,46,31,3,407,0,0
20260812,24,487,8,47,26,3,408,0,0
20260812,24,488,8,48,17,3,409,0,0
20260812,24,489,8,49,12,3,410,0,0
20260812,24,490,8,50,13,3,411,0,0
20260812,24,491,8,51,15,3,412,0,0
20260812,24,492,8,52,16,3,413,0,0
20260812,24,493,8,53,15,3,414,0,0
20260812,24,494,8,54,12,3,415,0,0
20260812,24,495,8,55,8,3,416,0,0
20260812,24,496,8,56,11,3,417,0,0
20260812,24,497,8,57,11,3,418,0,0
20260812,24,498,8,58,15,3,419,0,0
20260812,24,499,8,59,16,3,420,0,0
20260812,24,500,8,60,12,3,421,0,0
20260812,24,501,9,1,866,3,422,0,0
20260812,24,502,9,2,180,3,423,0,0
20260812,24,503,9,3,102,3,424,0,0
20260812,24,504,9,4,65,3,425,0,0
20260812,24,505,9,5,66,3,426,0,0
20260812,24,506,9,6,53,3,427,0,0
20260812,24,507,9,7,51,3,428,0,0
20260812,24,508,9,8,38,3,429,0,0
20260812,24,509,9,9,30,3,430,0,0
20260812,24,510,9,10,43,3,431,0,0
20260812,24,511,9,11,35,3,432,0,0
20260812,24,512,9,12,29,3,433,0,0
20260812,24,513,9,13,23,3,434,0,0
20260812,24,514,9,14,25,3,435,0,0
20260812,24,515,9,15,24,3,436,0,0
20260812,24,516,9,16,17,3,437,0,0
20260812,24,517,9,17,19,3,438,0,0
20260812,24,518,9,18,17,3,439,0,0
20260812,24,519,9,19,13,3,440,0,0
20260812,24,520,9,20,12,3,441,0,0
20260812,24,521,9,21,11,3,442,0,0
20260812,24,522,9,22,11,3,443,0,0
20260812,24,523,9,23,14,3,444,0,0
20260812,24,524,9,24,13,3,445,0,0
20260812,24,525,9,25,13,3,446,0,0
20260812,24,526,9,26,14,3,447,0,0
20260812,24,527,9,27,10,3,448,0,0
20260812,24,528,9,28,5,3,449,0,0
20260812,24,529,9,29,10,3,450,0,0
20260812,24,530,9,30,11,3,451,0,0
20260812,24,531,9,31,7,3,452,0,0
20260812,24,532,9,32,20,3,453,0,0
20260812,24,533,9,33,23,3,454,0,0
20260812,24,534,9,34,13,3,455,0,0
20260812,24,535,9,35,10,3,456,0,0
20260812,24,536,9,36,7,3,457,0,0
20260812,24,537,9,37,5,3,458,0,0
20260812,24,538,9,38,3,3,459,0,0
20260812,24,539,9,39,2,2,0,1,0
20260812,24,540,9,40,4,2,1,0,0
20260812,24,541,9,41,3,2,2,0,0
20260812,24,542,9,42,3,2,3,0,0
20260812,24,543,9,43,5,2,4,0,0
20260812,24,544,9,44,4,2,5,0,0
20260812,24,545,9,45,6,2,6,0,0
20260812,24,546,9,46,6,2,7,0,0
20260812,24,547,9,47,22,2,8,0,0
20260812,24,548,9,48,61,2,9,0,0
20260812,24,549,9,49,239,2,10,0,0
20260812,24,550,9,50,475,2,11,0,0
20260812,24,551,9,51,473,2,12,0,0
20260812,24,552,9,52,393,2,13,0,0
20260812,24,553,9,53,326,2,14,0,0
20260812,24,554,9,54,178,2,15,0,0
20260812,24,555,9,55,89,2,16,0,0
20260812,24,556,9,56,38,2,17,0,0
20260812,24,557,9,57,25,2,18,0,0
20260812,24,558,9,58,28,2,19,0,0
20260812,24,559,9,59,18,2,20,0,0
20260812,24,560,9,60,23,2,21,0,0
20260812,24,561,10,1,854,2,22,0,0
20260812,24,562,10,2,274,2,23,0,0
20260812,24,563,10,3,109,2,24,0,0
20260812,24,564,10,4,75,2,25,0,0
20260812,24,565,10,5,52,2,26,0,0
20260812,24,566,10,6,57,2,27,0,0
20260812,24,567,10,7,37,2,28,0,0
20260812,24,568,10,8,31,2,29,0,0
20260812,24,569,10,9,28,2,30,0,0
20260812,24,570,10,10,31,2,31,0,0
20260812,24,571,10,11,29,2,32,0,0
20260812,24,572,10,12,29,2,33,0,0
20260812,24,573,10,13,16,2,34,0,0
20260812,24,574,10,14,20,2,35,0,0
20260812,24,575,10,15,14,2,36,0,0
20260812,24,576,10,16,10,2,37,0,0
20260812,24,577,10,17,1,1,0,1,0
20260812,24,578,10,18,2,1,1,0,0
20260812,24,579,10,19,1,1,2,0,0
20260812,24,580,10,20,6,1,3,0,0
20260812,24,581,10,21,8,1,4,0,0
20260812,24,582,10,22,10,1,5,0,0
20260812,24,583,10,23,3,1,6,0,0
20260812,24,584,10,24,3,1,7,0,0
20260812,24,585,10,25,4,1,8,0,0
20260812,24,586,10,26,6,1,9,0,0
20260812,24,587,10,27,14,1,10,0,0
20260812,24,588,10,28,17,1,11,0,0
20260812,24,589,10,29,28,1,12,0,0
20260812,24,590,10,30,30,1,13,0,0
20260812,24,591,10,31,110,1,14,0,0
20260812,24,592,10,32,321,1,15,0,0
20260812,24,593,10,33,445,1,16,0,0
20260812,24,594,10,34,376,1,17,0,0
20260812,24,595,10,35,332,1,18,0,0
20260812,24,596,10,36,261,1,19,0,0
20260812,24,597,10,37,145,1,20,0,0
20260812,24,598,10,38,64,1,21,0,0
20260812,24,599,10,39,45,1,22,0,0
20260812,24,600,10,40,32,1,23,0,0
20260812,24,601,10,41,39,1,24,0,0
20260812,24,602,10,42,27,1,25,0,0
20260812,24,603,10,43,24,1,26,0,0
20260812,24,604,10,44,18,1,27,0,0
20260812,24,605,10,45,15,1,28,0,0
20260812,24,606,10,46,23,1,29,0,0
20260812,24,607,10,47,18,1,30,0,0
20260812,24,608,10,48,15,1,31,0,0
20260812,24,609,10,49,8,1,32,0,0
20260812,24,610,10,50,9,1,33,0,0
20260812,24,611,10,51,4,1,34,0,0
20260812,24,612,10,52,1,1,35,0,0
20260812,24,613,10,53,3,1,36,0,0
20260812,24,614,10,54,2,1,37,0,0
20260812,24,615,10,55,5,1,38,0,0
20260812,24,616,10,56,2,1,39,0,0
20260812,24,617,10,57,3,1,40,0,0
20260812,24,618,10,58,7,1,41,0,0
20260812,24,619,10,59,24,1,42,0,0
20260812,24,620,10,60,33,1,43,0,0
20260812,24,621,11,1,865,1,44,0,0
20260812,24,622,11,2,240,1,45,0,0
20260812,24,623,11,3,144,1,46,0,0
20260812,24,624,11,4,99,1,47,0,0
20260812,24,625,11,5,75,1,48,0,0
20260812,24,626,11,6,55,1,49,0,0
20260812,24,627,11,7,49,1,50,0,0
20260812,24,628,11,8,46,1,51,0,0
20260812,24,629,11,9,27,1,52,0,0
20260812,24,630,11,10,14,1,53,0,0
20260812,24,631,11,11,19,1,54,0,0
20260812,24,632,11,12,13,1,55,0,0
20260812,24,633,11,13,14,1,56,0,0
20260812,24,634,11,14,16,1,57,0,0
20260812,24,635,11,15,10,1,58,0,0
20260812,24,636,11,16,8,1,59,0,0
20260812,24,637,11,17,8,1,60,0,0
20260812,24,638,11,18,12,1,61,0,0
20260812,24,639,11,19,8,1,62,0,0
20260812,24,640,11,20,8,1,63,0,0
20260812,24,641,11,21,4,1,64,0,0
20260812,24,642,11,22,8,1,65,0,0
20260812,24,643,11,23,3,1,66,0,0
20260812,24,644,11,24,6,1,67,0,0
20260812,24,645,11,25,10,1,68,0,0
20260812,24,646,11,26,6,1,69,0,0
20260812,24,647,11,27,10,1,70,0,0
20260812,24,648,11,28,16,1,71,0,0
20260812,24,649,11,29,36,1,72,0,0
20260812,24,650,11,30,103,1,73,0,0
20260812,24,651,11,31,254,1,74,0,0
20260812,24,652,11,32,396,1,75,0,0
20260812,24,653,11,33,376,1,76,0,0
20260812,24,654,11,34,283,1,77,0,0
20260812,24,655,11,35,286,1,78,0,0
20260812,24,656,11,36,204,1,79,0,0
20260812,24,657,11,37,140,1,80,0,0
20260812,24,658,11,38,68,1,81,0,0
20260812,24,659,11,39,24,1,82,0,0
20260812,24,660,11,40,22,1,83,0,0
20260812,24,661,11,41,12,1,84,0,0
20260812,24,662,11,42,6,1,85,0,0
20260812,24,663,11,43,10,1,86,0,0
20260812,24,664,11,44,5,1,87,0,0
20260812,24,665,11,45,6,1,88,0,0
20260812,24,666,11,46,9,1,89,0,0
20260812,24,667,11,47,16,1,90,0,0
20260812,24,668,11,48,5,1,91,0,0
20260812,24,669,11,49,7,1,92,0,0
20260812,24,670,11,50,9,1,93,0,0
20260812,24,671,11,51,6,1,94,0,0
20260812,24,672,11,52,8,1,95,0,0
20260812,24,673,11,53,6,1,96,0,0
20260812,24,674,11,54,2,1,97,0,0
20260812,24,675,11,55,3,1,98,0,0
20260812,24,676,11,56,4,1,99,0,0
20260812,24,677,11,57,5,1,100,0,0
20260812,24,678,11,58,5,1,101,0,0
20260812,24,679,11,59,5,1,102,0,0
20260812,24,680,11,60,5,1,103,0,0
20260812,24,681,12,1,893,1,104,0,0
20260812,24,682,12,2,192,1,105,0,0
20260812,24,683,12,3,91,1,106,0,0
20260812,24,684,12,4,54,1,107,0,0
20260812,24,685,12,5,62,1,108,0,0
20260812,24,686,12,6,70,1,109,0,0
20260812,24,687,12,7,49,1,110,0,0
20260812,24,688,12,8,44,1,111,0,0
20260812,24,689,12,9,42,1,112,0,0
20260812,24,690,12,10,52,1,113,0,0
20260812,24,691,12,11,34,1,114,0,0
20260812,24,692,12,12,28,1,115,0,0
20260812,24,693,12,13,8,1,116,0,0
20260812,24,694,12,14,14,1,117,0,0
20260812,24,695,12,15,13,1,118,0,0
20260812,24,696,12,16,12,1,119,0,0
20260812,24,697,12,17,5,1,120,0,0
20260812,24,698,12,18,4,1,121,0,0
20260812,24,699,12,19,4,1,122,0,0
20260812,24,700,12,20,4,1,123,0,0
20260812,24,701,12,21,9,1,124,0,0
20260812,24,702,12,22,9,1,125,0,0
20260812,24,703,12,23,3,1,126,0,0
20260812,24,704,12,24,5,1,127,0,0
20260812,24,705,12,25,4,1,128,0,0
20260812,24,706,12,26,5,1,129,0,0
20260812,24,707,12,27,8,1,130,0,0
20260812,24,708,12,28,14,1,131,0,0
20260812,24,709,12,29,13,1,132,0,0
20260812,24,710,12,30,13,1,133,0,0
20260812,24,711,12,31,40,1,134,0,0
20260812,24,712,12,32,64,1,135,0,0
20260812,24,713,12,33,107,1,136,0,0
20260812,24,714,12,34,191,1,137,0,0
20260812,24,715,12,35,210,1,138,0,0
20260812,24,716,12,36,230,1,139,0,0
20260812,24,717,12,37,234,1,140,0,0
20260812,24,718,12,38,215,1,141,0,0
20260812,24,719,12,39,236,1,142,0,0
20260812,24,720,12,40,248,1,143,0,0
20260812,24,721,12,41,256,1,144,0,0
20260812,24,722,12,42,221,1,145,0,0
20260812,24,723,12,43,108,1,146,0,0
20260812,24,724,12,44,69,1,147,0,0
20260812,24,725,12,45,34,1,148,0,0
20260812,24,726,12,46,20,1,149,0,0
20260812,24,727,12,47,23,1,150,0,0
20260812,24,728,12,48,23,1,151,0,0
20260812,24,729,12,49,21,1,152,0,0
20260812,24,730,12,50,24,1,153,0,0
20260812,24,731,12,51,23,1,154,0,0
20260812,24,732,12,52,23,1,155,0,0
20260812,24,733,12,53,17,1,156,0,0
20260812,24,734,12,54,12,1,157,0,0
20260812,24,735,12,55,11,1,158,0,0
20260812,24,736,12,56,13,1,159,0,0
20260812,24,737,12,57,11,1,160,0,0
20260812,24,738,12,58,5,1,161,0,0
20260812,24,739,12,59,1,1,162,0,0
20260812,24,740,12,60,7,1,163,0,0
20260812,24,741,13,1,864,1,164,0,0
20260812,24,742,13,2,137,1,165,0,0
20260812,24,743,13,3,81,1,166,0,0
20260812,24,744,13,4,55,1,167,0,0
20260812,24,745,13,5,37,1,168,0,0
20260812,24,746,13,6,35,1,169,0,0
20260812,24,747,13,7,24,1,170,0,0
20260812,24,748,13,8,36,1,171,0,0
20260812,24,749,13,9,39,1,172,0,0
20260812,24,750,13,10,39,1,173,0,0
20260812,24,751,13,11,39,1,174,0,0
20260812,24,752,13,12,34,1,175,0,0
20260812,24,753,13,13,32,1,176,0,0
20260812,24,754,13,14,26,1,177,0,0
20260812,24,755,13,15,25,1,178,0,0
20260812,24,756,13,16,17,1,179,0,0
20260812,24,757,13,17,20,1,180,0,0
20260812,24,758,13,18,12,1,181,0,0
20260812,24,759,13,19,13,1,182,0,0
20260812,24,760,13,20,7,1,183,0,0
20260812,24,761,13,21,11,1,184,0,0
20260812,24,762,13,22,8,1,185,0,0
20260812,24,763,13,23,8,1,186,0,0
20260812,24,764,13,24,3,1,187,0,0
20260812,24,765,13,25,10,1,188,0,0
20260812,24,766,13,26,5,1,189,0,0
20260812,24,767,13,27,4,1,190,0,0
20260812,24,768,13,28,6,1,191,0,0
20260812,24,769,13,29,3,1,192,0,0
20260812,24,770,13,30,3,1,193,0,0
20260812,24,771,13,31,4,1,194,0,0
20260812,24,772,13,32,9,1,195,0,0
20260812,24,773,13,33,28,1,196,0,0
20260812,24,774,13,34,96,1,197,0,0
20260812,24,775,13,35,277,1,198,0,0
20260812,24,776,13,36,421,1,199,0,0
20260812,24,777,13,37,293,1,200,0,0
20260812,24,778,13,38,246,1,201,0,0
20260812,24,779,13,39,254,1,202,0,0
20260812,24,780,13,40,229,1,203,0,0
20260812,24,781,13,41,196,1,204,0,0
20260812,24,782,13,42,143,1,205,0,0
20260812,24,783,13,43,53,1,206,0,0
20260812,24,784,13,44,31,1,207,0,0
20260812,24,785,13,45,26,1,208,0,0
20260812,24,786,13,46,18,1,209,0,0
20260812,24,787,13,47,15,1,210,0,0
20260812,24,788,13,48,22,1,211,0,0
20260812,24,789,13,49,18,1,212,0,0
20260812,24,790,13,50,12,1,213,0,0
20260812,24,791,13,51,9,1,214,0,0
20260812,24,792,13,52,4,1,215,0,0
20260812,24,793,13,53,8,1,216,0,0
20260812,24,794,13,54,11,1,217,0,0
20260812,24,795,13,55,5,1,218,0,0
20260812,24,796,13,56,9,1,219,0,0
20260812,24,797,13,57,8,1,220,0,0
20260812,24,798,13,58,6,1,221,0,0
20260812,24,799,13,59,8,1,222,0,0
20260812,24,800,13,60,3,1,223,0,0
20260812,24,801,14,1,867,1,224,0,0
20260812,24,802,14,2,184,1,225,0,0
20260812,24,803,14,3,102,1,226,0,0
20260812,24,804,14,4,113,1,227,0,0
20260812,24,805,14,5,90,1,228,0,0
20260812,24,806,14,6,73,1,229,0,0
20260812,24,807,14,7,72,1,230,0,0
20260812,24,808,14,8,73,1,231,0,0
20260812,24,809,14,9,46,1,232,0,0
20260812,24,810,14,10,37,1,233,0,0
20260812,24,811,14,11,31,1,234,0,0
20260812,24,812,14,12,26,1,235,0,0
20260812,24,813,14,13,25,1,236,0,0
20260812,24,814,14,14,29,1,237,0,0
20260812,24,815,14,15,31,1,238,0,0
20260812,24,816,14,16,25,1,239,0,0
20260812,24,817,14,17,27,1,240,0,0
20260812,24,818,14,18,27,1,241,0,0
20260812,24,819,14,19,23,1,242,0,0
20260812,24,820,14,20,18,1,243,0,0
20260812,24,821,14,21,16,1,244,0,0
20260812,24,822,14,22,13,1,245,0,0
20260812,24,823,14,23,20,1,246,0,0
20260812,24,824,14,24,20,1,247,0,0
20260812,24,825,14,25,24,1,248,0,0
20260812,24,826,14,26,33,1,249,0,0
20260812,24,827,14,27,26,1,250,0,0
20260812,24,828,14,28,22,1,251,0,0
20260812,24,829,14,29,29,1,252,0,0
20260812,24,830,14,30,13,1,253,0,0
20260812,24,831,14,31,23,1,254,0,0
20260812,24,832,14,32,27,1,255,0,0
20260812,24,833,14,33,18,1,256,0,0
20260812,24,834,14,34,22,1,257,0,0
20260812,24,835,14,35,20,1,258,0,0
20260812,24,836,14,36,17,1,259,0,0
20260812,24,837,14,37,15,1,260,0,0
20260812,24,838,14,38,18,1,261,0,0
20260812,24,839,14,39,13,1,262,0,0
20260812,24,840,14,40,10,1,263,0,0
20260812,24,841,14,41,13,1,264,0,0
20260812,24,842,14,42,13,1,265,0,0
20260812,24,843,14,43,17,1,266,0,0
20260812,24,844,14,44,21,1,267,0,0
20260812,24,845,14,45,11,1,268,0,0
20260812,24,846,14,46,11,1,269,0,0
20260812,24,847,14,47,10,1,270,0,0
20260812,24,848,14,48,9,1,271,0,0
20260812,24,849,14,49,12,1,272,0,0
20260812,24,850,14,50,19,1,273,0,0
20260812,24,851,14,51,20,1,274,0,0
20260812,24,852,14,52,23,1,275,0,0
20260812,24,853,14,53,31,1,276,0,0
20260812,24,854,14,54,24,1,277,0,0
20260812,24,855,14,55,35,1,278,0,0
20260812,24,856,14,56,130,1,279,0,0
20260812,24,857,14,57,318,1,280,0,0
20260812,24,858,14,58,342,1,281,0,0
20260812,24,859,14,59,305,1,282,0,0
20260812,24,860,14,60,288,1,283,0,0
20260812,24,861,15,1,614,1,284,0,0
20260812,24,862,15,2,721,1,285,0,0
20260812,24,863,15,3,220,1,286,0,0
20260812,24,864,15,4,140,1,287,0,0
20260812,24,865,15,5,110,1,288,0,0
20260812,24,866,15,6,84,1,289,0,0
20260812,24,867,15,7,59,1,290,0,0
20260812,24,868,15,8,59,1,291,0,0
20260812,24,869,15,9,56,1,292,0,0
20260812,24,870,15,10,54,1,293,0,0
20260812,24,871,15,11,50,1,294,0,0
20260812,24,872,15,12,51,1,295,0,0
20260812,24,873,15,13,43,1,296,0,0
20260812,24,874,15,14,38,1,297,0,0
20260812,24,875,15,15,37,1,298,0,0
20260812,24,876,15,16,25,1,299,0,0
20260812,24,877,15,17,40,1,300,0,0
20260812,24,878,15,18,51,1,301,0,0
20260812,24,879,15,19,56,1,302,0,0
20260812,24,880,15,20,51,1,303,0,0
20260812,24,881,15,21,47,1,304,0,0
20260812,24,882,15,22,39,1,305,0,0
20260812,24,883,15,23,21,1,306,0,0
20260812,24,884,15,24,22,1,307,0,0
20260812,24,885,15,25,28,1,308,0,0
20260812,24,886,15,26,38,1,309,0,0
20260812,24,887,15,27,38,1,310,0,0
20260812,24,888,15,28,23,1,311,0,0
20260812,24,889,15,29,20,1,312,0,0
20260812,24,890,15,30,27,1,313,0,0
20260812,24,891,15,31,30,1,314,0,0
20260812,24,892,15,32,23,1,315,0,0
20260812,24,893,15,33,22,1,316,0,0
20260812,24,894,15,34,25,1,317,0,0
20260812,24,895,15,35,22,1,318,0,0
20260812,24,896,15,36,15,1,319,0,0
20260812,24,897,15,37,16,1,320,0,0
20260812,24,898,15,38,16,1,321,0,0
20260812,24,899,15,39,15,1,322,0,0
20260812,24,900,15,40,12,1,323,0,0
20260812,24,901,15,41,20,1,324,0,0
20260812,24,902,15,42,17,1,325,0,0
20260812,24,903,15,43,17,1,326,0,0
20260812,24,904,15,44,12,1,327,0,0
20260812,24,905,15,45,13,1,328,0,0
20260812,24,906,15,46,16,1,329,0,0
20260812,24,907,15,47,18,1,330,0,0
20260812,24,908,15,48,21,1,331,0,0
20260812,24,909,15,49,17,1,332,0,0
20260812,24,910,15,50,23,1,333,0,0
20260812,24,911,15,51,24,1,334,0,0
20260812,24,912,15,52,15,1,335,0,0
20260812,24,913,15,53,17,1,336,0,0
20260812,24,914,15,54,22,1,337,0,0
20260812,24,915,15,55,26,1,338,0,0
20260812,24,916,15,56,14,1,339,0,0
20260812,24,917,15,57,22,1,340,0,0
20260812,24,918,15,58,36,1,341,0,0
20260812,24,919,15,59,46,1,342,0,0
20260812,24,920,15,60,54,1,343,0,0
20260812,24,921,16,1,838,1,344,0,0
20260812,24,922,16,2,332,1,345,0,0
20260812,24,923,16,3,118,1,346,0,0
20260812,24,924,16,4,82,1,347,0,0
20260812,24,925,16,5,90,1,348,0,0
20260812,24,926,16,6,76,1,349,0,0
20260812,24,927,16,7,75,1,350,0,0
20260812,24,928,16,8,48,1,351,0,0
20260812,24,929,16,9,55,1,352,0,0
20260812,24,930,16,10,38,1,353,0,0
20260812,24,931,16,11,28,1,354,0,0
20260812,24,932,16,12,32,1,355,0,0
20260812,24,933,16,13,21,1,356,0,0
20260812,24,934,16,14,24,1,357,0,0
20260812,24,935,16,15,24,1,358,0,0
20260812,24,936,16,16,26,1,359,0,0
20260812,24,937,16,17,25,1,360,0,0
20260812,24,938,16,18,18,1,361,0,0
20260812,24,939,16,19,17,1,362,0,0
20260812,24,940,16,20,15,1,363,0,0
20260812,24,941,16,21,17,1,364,0,0
20260812,24,942,16,22,12,1,365,0,0
20260812,24,943,16,23,9,1,366,0,0
20260812,24,944,16,24,25,1,367,0,0
20260812,24,945,16,25,28,1,368,0,0
20260812,24,946,16,26,23,1,369,0,0
20260812,24,947,16,27,22,1,370,0,0
20260812,24,948,16,28,19,1,371,0,0
20260812,24,949,16,29,19,1,372,0,0
20260812,24,950,16,30,19,1,373,0,0
20260812,24,951,16,31,16,1,374,0,0
20260812,24,952,16,32,13,1,375,0,0
20260812,24,953,16,33,18,1,376,0,0
20260812,24,954,16,34,18,1,377,0,0
20260812,24,955,16,35,23,1,378,0,0
20260812,24,956,16,36,11,1,379,0,0
20260812,24,957,16,37,17,1,380,0,0
20260812,24,958,16,38,22,1,381,0,0
20260812,24,959,16,39,25,1,382,0,0
20260812,24,960,16,40,24,1,383,0,0
20260812,24,961,16,41,24,1,384,0,0
20260812,24,962,16,42,29,1,385,0,0
20260812,24,963,16,43,29,1,386,0,0
20260812,24,964,16,44,22,1,387,0,0
20260812,24,965,16,45,19,1,388,0,0
20260812,24,966,16,46,16,1,389,0,0
20260812,24,967,16,47,39,1,390,0,0
20260812,24,968,16,48,54,1,391,0,0
20260812,24,969,16,49,96,1,392,0,0
20260812,24,970,16,50,175,1,393,0,0
20260812,24,971,16,51,255,1,394,0,0
20260812,24,972,16,52,190,1,395,0,0
20260812,24,973,16,53,140,1,396,0,0
20260812,24,974,16,54,93,1,397,0,0
20260812,24,975,16,55,56,1,398,0,0
20260812,24,976,16,56,49,1,399,0,0
20260812,24,977,16,57,24,1,400,0,0
20260812,24,978,16,58,18,1,401,0,0
20260812,24,979,16,59,13,1,402,0,0
20260812,24,980,16,60,15,1,403,0,0
20260812,24,981,17,1,835,1,404,0,0
20260812,24,982,17,2,334,1,405,0,0
20260812,24,983,17,3,150,1,406,0,0
20260812,24,984,17,4,103,1,407,0,0
20260812,24,985,17,5,81,1,408,0,0
20260812,24,986,17,6,74,1,409,0,0
20260812,24,987,17,7,59,1,410,0,0
20260812,24,988,17,8,67,1,411,0,0
20260812,24,989,17,9,63,1,412,0,0
20260812,24,990,17,10,57,1,413,0,0
20260812,24,991,17,11,46,1,414,0,0
20260812,24,992,17,12,41,1,415,0,0
20260812,24,993,17,13,33,1,416,0,0
20260812,24,994,17,14,36,1,417,0,0
20260812,24,995,17,15,32,1,418,0,0
20260812,24,996,17,16,44,1,419,0,0
20260812,24,997,17,17,37,1,420,0,0
20260812,24,998,17,18,26,1,421,0,0
20260812,24,999,17,19,30,1,422,0,0
20260812,24,1000,17,20,27,1,423,0,0
20260812,24,1001,17,21,23,1,424,0,0
20260812,24,1002,17,22,36,1,425,0,0
20260812,24,1003,17,23,31,1,426,0,0
20260812,24,1004,17,24,21,1,427,0,0
20260812,24,1005,17,25,12,1,428,0,0
20260812,24,1006,17,26,11,1,429,0,0
20260812,24,1007,17,27,8,1,430,0,0
20260812,24,1008,17,28,15,1,431,0,0
20260812,24,1009,17,29,15,1,432,0,0
20260812,24,1010,17,30,10,1,433,0,0
20260812,24,1011,17,31,4,1,434,0,0
20260812,24,1012,17,32,2,1,435,0,0
20260812,24,1013,17,33,3,1,436,0,0
20260812,24,1014,17,34,6,1,437,0,0
20260812,24,1015,17,35,9,1,438,0,0
20260812,24,1016,17,36,10,1,439,0,0
20260812,24,1017,17,37,6,1,440,0,0
20260812,24,1018,17,38,11,1,441,0,0
20260812,24,1019,17,39,14,1,442,0,0
20260812,24,1020,17,40,36,1,443,0,0
20260812,24,1021,17,41,96,1,444,0,0
20260812,24,1022,17,42,289,1,445,0,0
20260812,24,1023,17,43,501,1,446,0,0
20260812,24,1024,17,44,411,1,447,0,0
20260812,24,1025,17,45,258,1,448,0,0
20260812,24,1026,17,46,229,1,449,0,0
20260812,24,1027,17,47,204,1,450,0,0
20260812,24,1028,17,48,147,1,451,0,0
20260812,24,1029,17,49,43,1,452,0,0
20260812,24,1030,17,50,43,1,453,0,0
20260812,24,1031,17,51,19,1,454,0,0
20260812,24,1032,17,52,27,1,455,0,0
20260812,24,1033,17,53,31,1,456,0,0
20260812,24,1034,17,54,22,1,457,0,0
20260812,24,1035,17,55,20,1,458,0,0
20260812,24,1036,17,56,19,1,459,0,0
20260812,24,1037,17,57,22,1,460,0,0
20260812,24,1038,17,58,18,1,461,0,0
20260812,24,1039,17,59,14,1,462,0,0
20260812,24,1040,17,60,14,1,463,0,0
20260812,24,1041,18,1,876,1,464,0,0
20260812,24,1042,18,2,179,1,465,0,0
20260812,24,1043,18,3,78,1,466,0,0
20260812,24,1044,18,4,77,1,467,0,0
20260812,24,1045,18,5,54,1,468,0,0
20260812,24,1046,18,6,47,1,469,0,0
20260812,24,1047,18,7,36,1,470,0,0
20260812,24,1048,18,8,26,1,471,0,0
20260812,24,1049,18,9,31,1,472,0,0
20260812,24,1050,18,10,21,1,473,0,0
20260812,24,1051,18,11,22,1,474,0,0
20260812,24,1052,18,12,17,1,475,0,0
20260812,24,1053,18,13,16,1,476,0,0
20260812,24,1054,18,14,5,1,477,0,0
20260812,24,1055,18,15,5,1,478,0,0
20260812,24,1056,18,16,3,1,479,0,0
20260812,24,1057,18,17,0,0,0,1,1
20260812,25,1,1,1,331,213,1,0,0
20260812,25,2,1,2,250,213,2,0,0
20260812,25,3,1,3,139,139,0,1,0
20260812,25,4,1,4,141,139,1,0,0
20260812,25,5,1,5,149,139,2,0,0
20260812,25,6,1,6,116,116,0,1,0
20260812,25,7,1,7,84,84,0,1,0
20260812,25,8,1,8,66,66,0,1,0
20260812,25,9,1,9,52,52,0,1,0
20260812,25,10,1,10,40,40,0,1,0
20260812,25,11,1,11,31,31,0,1,0
20260812,25,12,1,12,28,28,0,1,0
20260812,25,13,1,13,14,14,0,1,0
20260812,25,14,1,14,5,5,0,1,0
20260812,25,15,1,15,10,5,1,0,0
20260812,25,16,1,16,9,5,2,0,0
20260812,25,17,1,17,9,5,3,0,0
20260812,25,18,1,18,11,5,4,0,0
20260812,25,19,1,19,10,5,5,0,0
20260812,25,20,1,20,9,5,6,0,0
20260812,25,21,1,21,12,5,7,0,0
20260812,25,22,1,22,4,4,0,1,0
20260812,25,23,1,23,9,4,1,0,0
20260812,25,24,1,24,2,2,0,1,0
20260812,25,25,1,25,5,2,1,0,0
20260812,25,26,1,26,3,2,2,0,0
20260812,25,27,1,27,1,1,0,1,0
20260812,25,28,1,28,2,1,1,0,0
20260812,25,29,1,29,1,1,2,0,0
20260812,25,30,1,30,3,1,3,0,0
20260812,25,31,1,31,2,1,4,0,0
20260812,25,32,1,32,2,1,5,0,0
20260812,25,33,1,33,2,1,6,0,0
20260812,25,34,1,34,3,1,7,0,0
20260812,25,35,1,35,1,1,8,0,0
20260812,25,36,1,36,2,1,9,0,0
20260812,25,37,1,37,2,1,10,0,0
20260812,25,38,1,38,3,1,11,0,0
20260812,25,39,1,39,2,1,12,0,0
20260812,25,40,1,40,2,1,13,0,0
20260812,25,41,1,41,3,1,14,0,0
20260812,25,42,1,42,3,1,15,0,0
20260812,25,43,1,43,1,1,16,0,0
20260812,25,44,1,44,2,1,17,0,0
20260812,25,45,1,45,1,1,18,0,0
20260812,25,46,1,46,4,1,19,0,0
20260812,25,47,1,47,2,1,20,0,0
20260812,25,48,1,48,2,1,21,0,0
20260812,25,49,1,49,2,1,22,0,0
20260812,25,50,1,50,2,1,23,0,0
20260812,25,51,1,51,2,1,24,0,0
20260812,25,52,1,52,2,1,25,0,0
20260812,25,53,1,53,1,1,26,0,0
20260812,25,54,1,54,2,1,27,0,0
20260812,25,55,1,55,1,1,28,0,0
20260812,25,56,1,56,2,1,29,0,0
20260812,25,57,1,57,2,1,30,0,0
20260812,25,58,1,58,2,1,31,0,0
20260812,25,59,1,59,1,1,32,0,0
20260812,25,60,1,60,2,1,33,0,0
20260812,25,61,1,61,4,1,34,0,0
20260812,25,62,1,62,3,1,35,0,0
20260812,25,63,1,63,1,1,36,0,0
20260812,25,64,1,64,2,1,37,0,0
20260812,25,65,1,65,2,1,38,0,0
20260812,25,66,1,66,3,1,39,0,0
20260812,25,67,1,67,1,1,40,0,0
20260812,25,68,1,68,2,1,41,0,0
20260812,25,69,1,69,2,1,42,0,0
20260812,25,70,1,70,3,1,43,0,0
20260812,25,71,1,71,2,1,44,0,0
20260812,25,72,1,72,2,1,45,0,0
20260812,25,73,1,73,1,1,46,0,0
20260812,25,74,1,74,2,1,47,0,0
20260812,25,75,1,75,1,1,48,0,0
20260812,25,76,1,76,2,1,49,0,0
20260812,25,77,1,77,2,1,50,0,0
20260812,25,78,1,78,3,1,51,0,0
20260812,25,79,1,79,3,1,52,0,0
20260812,25,80,1,80,2,1,53,0,0
20260812,25,81,2,1,868,1,54,0,0
20260812,25,82,2,2,850,1,55,0,0
20260812,25,83,2,3,862,1,56,0,0
20260812,25,84,2,4,778,1,57,0,0
20260812,25,85,2,5,879,1,58,0,0
20260812,25,86,2,6,754,1,59,0,0
20260812,25,87,2,7,675,1,60,0,0
20260812,25,88,2,8,265,1,61,0,0
20260812,25,89,2,9,141,1,62,0,0
20260812,25,90,2,10,93,1,63,0,0
20260812,25,91,2,11,72,1,64,0,0
20260812,25,92,2,12,54,1,65,0,0
20260812,25,93,2,13,55,1,66,0,0
20260812,25,94,2,14,47,1,67,0,0
20260812,25,95,2,15,46,1,68,0,0
20260812,25,96,2,16,41,1,69,0,0
20260812,25,97,2,17,37,1,70,0,0
20260812,25,98,2,18,38,1,71,0,0
20260812,25,99,2,19,28,1,72,0,0
20260812,25,100,2,20,30,1,73,0,0
20260812,25,101,2,21,17,1,74,0,0
20260812,25,102,2,22,22,1,75,0,0
20260812,25,103,2,23,25,1,76,0,0
20260812,25,104,2,24,14,1,77,0,0
20260812,25,105,2,25,14,1,78,0,0
20260812,25,106,2,26,16,1,79,0,0
20260812,25,107,2,27,14,1,80,0,0
20260812,25,108,2,28,14,1,81,0,0
20260812,25,109,2,29,27,1,82,0,0
20260812,25,110,2,30,39,1,83,0,0
20260812,25,111,2,31,38,1,84,0,0
20260812,25,112,2,32,54,1,85,0,0
20260812,25,113,2,33,130,1,86,0,0
20260812,25,114,2,34,292,1,87,0,0
20260812,25,115,2,35,265,1,88,0,0
20260812,25,116,2,36,252,1,89,0,0
20260812,25,117,2,37,223,1,90,0,0
20260812,25,118,2,38,175,1,91,0,0
20260812,25,119,2,39,62,1,92,0,0
20260812,25,120,2,40,58,1,93,0,0
20260812,25,121,2,41,28,1,94,0,0
20260812,25,122,2,42,19,1,95,0,0
20260812,25,123,2,43,15,1,96,0,0
20260812,25,124,2,44,8,1,97,0,0
20260812,25,125,2,45,7,1,98,0,0
20260812,25,126,2,46,4,1,99,0,0
20260812,25,127,2,47,1,1,100,0,0
20260812,25,128,2,48,1,1,101,0,0
20260812,25,129,2,49,0,0,0,1,1
20260812,26,1,1,1,255,189,1,0,0
20260812,26,2,1,2,238,189,2,0,0
20260812,26,3,1,3,142,142,0,1,0
20260812,26,4,1,4,157,142,1,0,0
20260812,26,5,1,5,130,130,0,1,0
20260812,26,6,1,6,106,106,0,1,0
20260812,26,7,1,7,138,106,1,0,0
20260812,26,8,1,8,106,106,2,0,0
20260812,26,9,1,9,111,106,3,0,0
20260812,26,10,1,10,104,104,0,1,0
20260812,26,11,1,11,102,102,0,1,0
20260812,26,12,1,12,78,78,0,1,0
20260812,26,13,1,13,67,67,0,1,0
20260812,26,14,1,14,66,66,0,1,0
20260812,26,15,1,15,46,46,0,1,0
20260812,26,16,1,16,51,46,1,0,0
20260812,26,17,1,17,58,46,2,0,0
20260812,26,18,1,18,59,46,3,0,0
20260812,26,19,1,19,49,46,4,0,0
20260812,26,20,1,20,48,46,5,0,0
20260812,26,21,1,21,45,45,0,1,0
20260812,26,22,1,22,40,40,0,1,0
20260812,26,23,1,23,54,40,1,0,0
20260812,26,24,1,24,45,40,2,0,0
20260812,26,25,1,25,37,37,0,1,0
20260812,26,26,1,26,39,37,1,0,0
20260812,26,27,1,27,27,27,0,1,0
20260812,26,28,1,28,30,27,1,0,0
20260812,26,29,1,29,34,27,2,0,0
20260812,26,30,1,30,34,27,3,0,0
20260812,26,31,1,31,32,27,4,0,0
20260812,26,32,1,32,46,27,5,0,0
20260812,26,33,1,33,43,27,6,0,0
20260812,26,34,1,34,31,27,7,0,0
20260812,26,35,1,35,39,27,8,0,0
20260812,26,36,1,36,38,27,9,0,0
20260812,26,37,1,37,38,27,10,0,0
20260812,26,38,1,38,34,27,11,0,0
20260812,26,39,1,39,34,27,12,0,0
20260812,26,40,1,40,33,27,13,0,0
20260812,26,41,1,41,33,27,14,0,0
20260812,26,42,1,42,16,16,0,1,0
20260812,26,43,1,43,20,16,1,0,0
20260812,26,44,1,44,17,16,2,0,0
20260812,26,45,1,45,11,11,0,1,0
20260812,26,46,1,46,15,11,1,0,0
20260812,26,47,1,47,12,11,2,0,0
20260812,26,48,1,48,13,11,3,0,0
20260812,26,49,1,49,13,11,4,0,0
20260812,26,50,1,50,17,11,5,0,0
20260812,26,51,1,51,14,11,6,0,0
20260812,26,52,1,52,13,11,7,0,0
20260812,26,53,1,53,12,11,8,0,0
20260812,26,54,1,54,11,11,9,0,0
20260812,26,55,1,55,8,8,0,1,0
20260812,26,56,1,56,9,8,1,0,0
20260812,26,57,1,57,8,8,2,0,0
20260812,26,58,1,58,5,5,0,1,0
20260812,26,59,1,59,5,5,1,0,0
20260812,26,60,1,60,6,5,2,0,0
20260812,26,61,1,61,8,5,3,0,0
20260812,26,62,1,62,7,5,4,0,0
20260812,26,63,1,63,8,5,5,0,0
20260812,26,64,1,64,6,5,6,0,0
20260812,26,65,1,65,6,5,7,0,0
20260812,26,66,1,66,7,5,8,0,0
20260812,26,67,1,67,8,5,9,0,0
20260812,26,68,1,68,9,5,10,0,0
20260812,26,69,1,69,5,5,11,0,0
20260812,26,70,1,70,8,5,12,0,0
20260812,26,71,1,71,6,5,13,0,0
20260812,26,72,1,72,3,3,0,1,0
20260812,26,73,1,73,4,3,1,0,0
20260812,26,74,1,74,4,3,2,0,0
20260812,26,75,1,75,3,3,3,0,0
20260812,26,76,1,76,3,3,4,0,0
20260812,26,77,1,77,1,1,0,1,0
20260812,26,78,1,78,0,0,0,1,1
20260812,27,1,1,1,325,210,1,0,0
20260812,27,2,1,2,255,210,2,0,0
20260812,27,3,1,3,151,151,0,1,0
20260812,27,4,1,4,149,149,0,1,0
20260812,27,5,1,5,157,149,1,0,0
20260812,27,6,1,6,115,115,0,1,0
20260812,27,7,1,7,105,105,0,1,0
20260812,27,8,1,8,73,73,0,1,0
20260812,27,9,1,9,86,73,1,0,0
20260812,27,10,1,10,61,61,0,1,0
20260812,27,11,1,11,66,61,1,0,0
20260812,27,12,1,12,63,61,2,0,0
20260812,27,13,1,13,49,49,0,1,0
20260812,27,14,1,14,45,45,0,1,0
20260812,27,15,1,15,38,38,0,1,0
20260812,27,16,1,16,46,38,1,0,0
20260812,27,17,1,17,45,38,2,0,0
20260812,27,18,1,18,40,38,3,0,0
20260812,27,19,1,19,45,38,4,0,0
20260812,27,20,1,20,43,38,5,0,0
20260812,27,21,1,21,36,36,0,1,0
20260812,27,22,1,22,35,35,0,1,0
20260812,27,23,1,23,35,35,1,0,0
20260812,27,24,1,24,21,21,0,1,0
20260812,27,25,1,25,28,21,1,0,0
20260812,27,26,1,26,22,21,2,0,0
20260812,27,27,1,27,20,20,0,1,0
20260812,27,28,1,28,20,20,1,0,0
20260812,27,29,1,29,13,13,0,1,0
20260812,27,30,1,30,21,13,1,0,0
20260812,27,31,1,31,17,13,2,0,0
20260812,27,32,1,32,25,13,3,0,0
20260812,27,33,1,33,22,13,4,0,0
20260812,27,34,1,34,16,13,5,0,0
20260812,27,35,1,35,22,13,6,0,0
20260812,27,36,1,36,15,13,7,0,0
20260812,27,37,1,37,23,13,8,0,0
20260812,27,38,1,38,19,13,9,0,0
20260812,27,39,1,39,19,13,10,0,0
20260812,27,40,1,40,13,13,11,0,0
20260812,27,41,1,41,13,13,12,0,0
20260812,27,42,1,42,14,13,13,0,0
20260812,27,43,1,43,9,9,0,1,0
20260812,27,44,1,44,8,8,0,1,0
20260812,27,45,1,45,10,8,1,0,0
20260812,27,46,1,46,10,8,2,0,0
20260812,27,47,1,47,12,8,3,0,0
20260812,27,48,1,48,9,8,4,0,0
20260812,27,49,1,49,8,8,5,0,0
20260812,27,50,1,50,14,8,6,0,0
20260812,27,51,1,51,8,8,7,0,0
20260812,27,52,1,52,9,8,8,0,0
20260812,27,53,1,53,8,8,9,0,0
20260812,27,54,1,54,6,6,0,1,0
20260812,27,55,1,55,5,5,0,1,0
20260812,27,56,1,56,10,5,1,0,0
20260812,27,57,1,57,10,5,2,0,0
20260812,27,58,1,58,13,5,3,0,0
20260812,27,59,1,59,9,5,4,0,0
20260812,27,60,1,60,5,5,5,0,0
20260812,27,61,1,61,4,4,0,1,0
20260812,27,62,1,62,4,4,1,0,0
20260812,27,63,1,63,1,1,0,1,0
20260812,27,64,1,64,0,0,0,1,1
20260812,28,1,1,1,216,167,1,0,0
20260812,28,2,1,2,167,167,2,0,0
20260812,28,3,1,3,120,120,0,1,0
20260812,28,4,1,4,104,104,0,1,0
20260812,28,5,1,5,100,100,0,1,0
20260812,28,6,1,6,80,80,0,1,0
20260812,28,7,1,7,69,69,0,1,0
20260812,28,8,1,8,71,69,1,0,0
20260812,28,9,1,9,57,57,0,1,0
20260812,28,10,1,10,44,44,0,1,0
20260812,28,11,1,11,51,44,1,0,0
20260812,28,12,1,12,41,41,0,1,0
20260812,28,13,1,13,31,31,0,1,0
20260812,28,14,1,14,32,31,1,0,0
20260812,28,15,1,15,28,28,0,1,0
20260812,28,16,1,16,21,21,0,1,0
20260812,28,17,1,17,38,21,1,0,0
20260812,28,18,1,18,30,21,2,0,0
20260812,28,19,1,19,32,21,3,0,0
20260812,28,20,1,20,30,21,4,0,0
20260812,28,21,1,21,26,21,5,0,0
20260812,28,22,1,22,36,21,6,0,0
20260812,28,23,1,23,22,21,7,0,0
20260812,28,24,1,24,15,15,0,1,0
20260812,28,25,1,25,21,15,1,0,0
20260812,28,26,1,26,16,15,2,0,0
20260812,28,27,1,27,15,15,3,0,0
20260812,28,28,1,28,12,12,0,1,0
20260812,28,29,1,29,16,12,1,0,0
20260812,28,30,1,30,13,12,2,0,0
20260812,28,31,1,31,15,12,3,0,0
20260812,28,32,1,32,12,12,4,0,0
20260812,28,33,1,33,6,6,0,1,0
20260812,28,34,1,34,10,6,1,0,0
20260812,28,35,1,35,9,6,2,0,0
20260812,28,36,1,36,9,6,3,0,0
20260812,28,37,1,37,10,6,4,0,0
20260812,28,38,1,38,7,6,5,0,0
20260812,28,39,1,39,4,4,0,1,0
20260812,28,40,1,40,9,4,1,0,0
20260812,28,41,1,41,7,4,2,0,0
20260812,28,42,1,42,2,2,0,1,0
20260812,28,43,1,43,5,2,1,0,0
20260812,28,44,1,44,3,2,2,0,0
20260812,28,45,1,45,6,2,3,0,0
20260812,28,46,1,46,6,2,4,0,0
20260812,28,47,1,47,5,2,5,0,0
20260812,28,48,1,48,0,0,0,1,1
20260812,29,1,1,1,195,147,1,0,0
20260812,29,2,1,2,164,147,2,0,0
20260812,29,3,1,3,98,98,0,1,0
20260812,29,4,1,4,86,86,0,1,0
20260812,29,5,1,5,89,86,1,0,0
20260812,29,6,1,6,73,73,0,1,0
20260812,29,7,1,7,74,73,1,0,0
20260812,29,8,1,8,74,73,2,0,0
20260812,29,9,1,9,54,54,0,1,0
20260812,29,10,1,10,48,48,0,1,0
20260812,29,11,1,11,35,35,0,1,0
20260812,29,12,1,12,41,35,1,0,0
20260812,29,13,1,13,27,27,0,1,0
20260812,29,14,1,14,43,27,1,0,0
20260812,29,15,1,15,34,27,2,0,0
20260812,29,16,1,16,30,27,3,0,0
20260812,29,17,1,17,29,27,4,0,0
20260812,29,18,1,18,27,27,5,0,0
20260812,29,19,1,19,31,27,6,0,0
20260812,29,20,1,20,29,27,7,0,0
20260812,29,21,1,21,26,26,0,1,0
20260812,29,22,1,22,28,26,1,0,0
20260812,29,23,1,23,25,25,0,1,0
20260812,29,24,1,24,18,18,0,1,0
20260812,29,25,1,25,23,18,1,0,0
20260812,29,26,1,26,17,17,0,1,0
20260812,29,27,1,27,22,17,1,0,0
20260812,29,28,1,28,20,17,2,0,0
20260812,29,29,1,29,19,17,3,0,0
20260812,29,30,1,30,19,17,4,0,0
20260812,29,31,1,31,20,17,5,0,0
20260812,29,32,1,32,15,15,0,1,0
20260812,29,33,1,33,20,15,1,0,0
20260812,29,34,1,34,18,15,2,0,0
20260812,29,35,1,35,15,15,3,0,0
20260812,29,36,1,36,17,15,4,0,0
20260812,29,37,1,37,14,14,0,1,0
20260812,29,38,1,38,20,14,1,0,0
20260812,29,39,1,39,18,14,2,0,0
20260812,29,40,1,40,20,14,3,0,0
20260812,29,41,1,41,17,14,4,0,0
20260812,29,42,1,42,16,14,5,0,0
20260812,29,43,1,43,13,13,0,1,0
20260812,29,44,1,44,10,10,0,1,0
20260812,29,45,1,45,16,10,1,0,0
20260812,29,46,1,46,13,10,2,0,0
20260812,29,47,1,47,16,10,3,0,0
20260812,29,48,1,48,11,10,4,0,0
20260812,29,49,1,49,13,10,5,0,0
20260812,29,50,1,50,12,10,6,0,0
20260812,29,51,1,51,11,10,7,0,0
20260812,29,52,1,52,12,10,8,0,0
20260812,29,53,1,53,11,10,9,0,0
20260812,29,54,1,54,16,10,10,0,0
20260812,29,55,1,55,14,10,11,0,0
20260812,29,56,1,56,16,10,12,0,0
20260812,29,57,1,57,14,10,13,0,0
20260812,29,58,1,58,8,8,0,1,0
20260812,29,59,1,59,10,8,1,0,0
20260812,29,60,1,60,9,8,2,0,0
20260812,29,61,1,61,11,8,3,0,0
20260812,29,62,1,62,12,8,4,0,0
20260812,29,63,1,63,13,8,5,0,0
20260812,29,64,1,64,11,8,6,0,0
20260812,29,65,1,65,11,8,7,0,0
20260812,29,66,1,66,11,8,8,0,0
20260812,29,67,1,67,16,8,9,0,0
20260812,29,68,1,68,14,8,10,0,0
20260812,29,69,1,69,12,8,11,0,0
20260812,29,70,1,70,8,8,12,0,0
20260812,29,71,1,71,14,8,13,0,0
20260812,29,72,1,72,27,8,14,0,0
20260812,29,73,1,73,10,8,15,0,0
20260812,29,74,1,74,16,8,16,0,0
20260812,29,75,1,75,14,8,17,0,0
20260812,29,76,1,76,8,8,18,0,0
20260812,29,77,1,77,8,8,19,0,0
20260812,29,78,1,78,14,8,20,0,0
20260812,29,79,1,79,14,8,21,0,0
20260812,29,80,1,80,14,8,22,0,0
20260812,29,81,2,1,836,8,23,0,0
20260812,29,82,2,2,379,8,24,0,0
20260812,29,83,2,3,330,8,25,0,0
20260812,29,84,2,4,83,8,26,0,0
20260812,29,85,2,5,71,8,27,0,0
20260812,29,86,2,6,48,8,28,0,0
20260812,29,87,2,7,41,8,29,0,0
20260812,29,88,2,8,36,8,30,0,0
20260812,29,89,2,9,23,8,31,0,0
20260812,29,90,2,10,22,8,32,0,0
20260812,29,91,2,11,16,8,33,0,0
20260812,29,92,2,12,6,6,0,1,0
20260812,29,93,2,13,6,6,1,0,0
20260812,29,94,2,14,6,6,2,0,0
20260812,29,95,2,15,0,0,0,1,1
20260812,30,1,1,1,236,176,1,0,0
20260812,30,2,1,2,185,176,2,0,0
20260812,30,3,1,3,129,129,0,1,0
20260812,30,4,1,4,130,129,1,0,0
20260812,30,5,1,5,88,88,0,1,0
20260812,30,6,1,6,68,68,0,1,0
20260812,30,7,1,7,75,68,1,0,0
20260812,30,8,1,8,71,68,2,0,0
20260812,30,9,1,9,71,68,3,0,0
20260812,30,10,1,10,67,67,0,1,0
20260812,30,11,1,11,57,57,0,1,0
20260812,30,12,1,12,45,45,0,1,0
20260812,30,13,1,13,35,35,0,1,0
20260812,30,14,1,14,44,35,1,0,0
20260812,30,15,1,15,38,35,2,0,0
20260812,30,16,1,16,38,35,3,0,0
20260812,30,17,1,17,39,35,4,0,0
20260812,30,18,1,18,41,35,5,0,0
20260812,30,19,1,19,31,31,0,1,0
20260812,30,20,1,20,35,31,1,0,0
20260812,30,21,1,21,29,29,0,1,0
20260812,30,22,1,22,27,27,0,1,0
20260812,30,23,1,23,23,23,0,1,0
20260812,30,24,1,24,31,23,1,0,0
20260812,30,25,1,25,21,21,0,1,0
20260812,30,26,1,26,24,21,1,0,0
20260812,30,27,1,27,16,16,0,1,0
20260812,30,28,1,28,19,16,1,0,0
20260812,30,29,1,29,17,16,2,0,0
20260812,30,30,1,30,17,16,3,0,0
20260812,30,31,1,31,16,16,4,0,0
20260812,30,32,1,32,13,13,0,1,0
20260812,30,33,1,33,12,12,0,1,0
20260812,30,34,1,34,19,12,1,0,0
20260812,30,35,1,35,11,11,0,1,0
20260812,30,36,1,36,14,11,1,0,0
20260812,30,37,1,37,13,11,2,0,0
20260812,30,38,1,38,12,11,3,0,0
20260812,30,39,1,39,15,11,4,0,0
20260812,30,40,1,40,13,11,5,0,0
20260812,30,41,1,41,19,11,6,0,0
20260812,30,42,1,42,22,11,7,0,0
20260812,30,43,1,43,14,11,8,0,0
20260812,30,44,1,44,16,11,9,0,0
20260812,30,45,1,45,18,11,10,0,0
20260812,30,46,1,46,24,11,11,0,0
20260812,30,47,1,47,17,11,12,0,0
20260812,30,48,1,48,22,11,13,0,0
20260812,30,49,1,49,16,11,14,0,0
20260812,30,50,1,50,14,11,15,0,0
20260812,30,51,1,51,16,11,16,0,0
20260812,30,52,1,52,22,11,17,0,0
20260812,30,53,1,53,17,11,18,0,0
20260812,30,54,1,54,19,11,19,0,0
20260812,30,55,1,55,15,11,20,0,0
20260812,30,56,1,56,17,11,21,0,0
20260812,30,57,1,57,14,11,22,0,0
20260812,30,58,1,58,22,11,23,0,0
20260812,30,59,1,59,15,11,24,0,0
20260812,30,60,1,60,18,11,25,0,0
20260812,30,61,1,61,17,11,26,0,0
20260812,30,62,1,62,16,11,27,0,0
20260812,30,63,1,63,11,11,28,0,0
20260812,30,64,1,64,9,9,0,1,0
20260812,30,65,1,65,11,9,1,0,0
20260812,30,66,1,66,8,8,0,1,0
20260812,30,67,1,67,16,8,1,0,0
20260812,30,68,1,68,13,8,2,0,0
20260812,30,69,1,69,18,8,3,0,0
20260812,30,70,1,70,24,8,4,0,0
20260812,30,71,1,71,16,8,5,0,0
20260812,30,72,1,72,17,8,6,0,0
20260812,30,73,1,73,15,8,7,0,0
20260812,30,74,1,74,11,8,8,0,0
20260812,30,75,1,75,9,8,9,0,0
20260812,30,76,1,76,6,6,0,1,0
20260812,30,77,1,77,3,3,0,1,0
20260812,30,78,1,78,3,3,1,0,0
20260812,30,79,1,79,0,0,0,1,1
20260812,31,1,1,1,250,185,1,0,0
20260812,31,2,1,2,274,185,2,0,0
20260812,31,3,1,3,168,168,0,1,0
20260812,31,4,1,4,140,140,0,1,0
20260812,31,5,1,5,104,104,0,1,0
20260812,31,6,1,6,74,74,0,1,0
20260812,31,7,1,7,76,74,1,0,0
20260812,31,8,1,8,86,74,2,0,0
20260812,31,9,1,9,69,69,0,1,0
20260812,31,10,1,10,88,69,1,0,0
20260812,31,11,1,11,73,69,2,0,0
20260812,31,12,1,12,68,68,0,1,0
20260812,31,13,1,13,66,66,0,1,0
20260812,31,14,1,14,68,66,1,0,0
20260812,31,15,1,15,74,66,2,0,0
20260812,31,16,1,16,56,56,0,1,0
20260812,31,17,1,17,46,46,0,1,0
20260812,31,18,1,18,59,46,1,0,0
20260812,31,19,1,19,47,46,2,0,0
20260812,31,20,1,20,47,46,3,0,0
20260812,31,21,1,21,54,46,4,0,0
20260812,31,22,1,22,57,46,5,0,0
20260812,31,23,1,23,50,46,6,0,0
20260812,31,24,1,24,57,46,7,0,0
20260812,31,25,1,25,45,45,0,1,0
20260812,31,26,1,26,42,42,0,1,0
20260812,31,27,1,27,38,38,0,1,0
20260812,31,28,1,28,40,38,1,0,0
20260812,31,29,1,29,27,27,0,1,0
20260812,31,30,1,30,27,27,1,0,0
20260812,31,31,1,31,13,13,0,1,0
20260812,31,32,1,32,18,13,1,0,0
20260812,31,33,1,33,20,13,2,0,0
20260812,31,34,1,34,24,13,3,0,0
20260812,31,35,1,35,13,13,4,0,0
20260812,31,36,1,36,13,13,5,0,0
20260812,31,37,1,37,19,13,6,0,0
20260812,31,38,1,38,11,11,0,1,0
20260812,31,39,1,39,12,11,1,0,0
20260812,31,40,1,40,13,11,2,0,0
20260812,31,41,1,41,16,11,3,0,0
20260812,31,42,1,42,15,11,4,0,0
20260812,31,43,1,43,15,11,5,0,0
20260812,31,44,1,44,12,11,6,0,0
20260812,31,45,1,45,15,11,7,0,0
20260812,31,46,1,46,10,10,0,1,0
20260812,31,47,1,47,14,10,1,0,0
20260812,31,48,1,48,17,10,2,0,0
20260812,31,49,1,49,19,10,3,0,0
20260812,31,50,1,50,16,10,4,0,0
20260812,31,51,1,51,9,9,0,1,0
20260812,31,52,1,52,16,9,1,0,0
20260812,31,53,1,53,10,9,2,0,0
20260812,31,54,1,54,9,9,3,0,0
20260812,31,55,1,55,10,9,4,0,0
20260812,31,56,1,56,14,9,5,0,0
20260812,31,57,1,57,13,9,6,0,0
20260812,31,58,1,58,13,9,7,0,0
20260812,31,59,1,59,13,9,8,0,0
20260812,31,60,1,60,13,9,9,0,0
20260812,31,61,1,61,23,9,10,0,0
20260812,31,62,1,62,13,9,11,0,0
20260812,31,63,1,63,14,9,12,0,0
20260812,31,64,1,64,14,9,13,0,0
20260812,31,65,1,65,14,9,14,0,0
20260812,31,66,1,66,7,7,0,1,0
20260812,31,67,1,67,11,7,1,0,0
20260812,31,68,1,68,13,7,2,0,0
20260812,31,69,1,69,15,7,3,0,0
20260812,31,70,1,70,19,7,4,0,0
20260812,31,71,1,71,12,7,5,0,0
20260812,31,72,1,72,16,7,6,0,0
20260812,31,73,1,73,16,7,7,0,0
20260812,31,74,1,74,13,7,8,0,0
20260812,31,75,1,75,13,7,9,0,0
20260812,31,76,1,76,12,7,10,0,0
20260812,31,77,1,77,7,7,11,0,0
20260812,31,78,1,78,11,7,12,0,0
20260812,31,79,1,79,7,7,13,0,0
20260812,31,80,1,80,4,4,0,1,0
20260812,31,81,2,1,877,4,1,0,0
20260812,31,82,2,2,858,4,2,0,0
20260812,31,83,2,3,879,4,3,0,0
20260812,31,84,2,4,751,4,4,0,0
20260812,31,85,2,5,852,4,5,0,0
20260812,31,86,2,6,710,4,6,0,0
20260812,31,87,2,7,712,4,7,0,0
20260812,31,88,2,8,202,4,8,0,0
20260812,31,89,2,9,106,4,9,0,0
20260812,31,90,2,10,77,4,10,0,0
20260812,31,91,2,11,59,4,11,0,0
20260812,31,92,2,12,52,4,12,0,0
20260812,31,93,2,13,44,4,13,0,0
20260812,31,94,2,14,48,4,14,0,0
20260812,31,95,2,15,48,4,15,0,0
20260812,31,96,2,16,36,4,16,0,0
20260812,31,97,2,17,32,4,17,0,0
20260812,31,98,2,18,31,4,18,0,0
20260812,31,99,2,19,34,4,19,0,0
20260812,31,100,2,20,24,4,20,0,0
20260812,31,101,2,21,28,4,21,0,0
20260812,31,102,2,22,22,4,22,0,0
20260812,31,103,2,23,16,4,23,0,0
20260812,31,104,2,24,21,4,24,0,0
20260812,31,105,2,25,24,4,25,0,0
20260812,31,106,2,26,27,4,26,0,0
20260812,31,107,2,27,25,4,27,0,0
20260812,31,108,2,28,23,4,28,0,0
20260812,31,109,2,29,30,4,29,0,0
20260812,31,110,2,30,28,4,30,0,0
20260812,31,111,2,31,28,4,31,0,0
20260812,31,112,2,32,17,4,32,0,0
20260812,31,113,2,33,18,4,33,0,0
20260812,31,114,2,34,24,4,34,0,0
20260812,31,115,2,35,23,4,35,0,0
20260812,31,116,2,36,23,4,36,0,0
20260812,31,117,2,37,19,4,37,0,0
20260812,31,118,2,38,19,4,38,0,0
20260812,31,119,2,39,19,4,39,0,0
20260812,31,120,2,40,19,4,40,0,0
20260812,31,121,2,41,21,4,41,0,0
20260812,31,122,2,42,20,4,42,0,0
20260812,31,123,2,43,20,4,43,0,0
20260812,31,124,2,44,23,4,44,0,0
20260812,31,125,2,45,29,4,45,0,0
20260812,31,126,2,46,31,4,46,0,0
20260812,31,127,2,47,38,4,47,0,0
20260812,31,128,2,48,28,4,48,0,0
20260812,31,129,2,49,31,4,49,0,0
20260812,31,130,2,50,34,4,50,0,0
20260812,31,131,2,51,38,4,51,0,0
20260812,31,132,2,52,24,4,52,0,0
20260812,31,133,2,53,20,4,53,0,0
20260812,31,134,2,54,18,4,54,0,0
20260812,31,135,2,55,20,4,55,0,0
20260812,31,136,2,56,16,4,56,0,0
20260812,31,137,2,57,20,4,57,0,0
20260812,31,138,2,58,19,4,58,0,0
20260812,31,139,2,59,13,4,59,0,0
20260812,31,140,2,60,14,4,60,0,0
20260812,31,141,3,1,849,4,61,0,0
20260812,31,142,3,2,246,4,62,0,0
20260812,31,143,3,3,120,4,63,0,0
20260812,31,144,3,4,107,4,64,0,0
20260812,31,145,3,5,66,4,65,0,0
20260812,31,146,3,6,50,4,66,0,0
20260812,31,147,3,7,44,4,67,0,0
20260812,31,148,3,8,57,4,68,0,0
20260812,31,149,3,9,62,4,69,0,0
20260812,31,150,3,10,61,4,70,0,0
20260812,31,151,3,11,47,4,71,0,0
20260812,31,152,3,12,42,4,72,0,0
20260812,31,153,3,13,48,4,73,0,0
20260812,31,154,3,14,43,4,74,0,0
20260812,31,155,3,15,40,4,75,0,0
20260812,31,156,3,16,28,4,76,0,0
20260812,31,157,3,17,28,4,77,0,0
20260812,31,158,3,18,41,4,78,0,0
20260812,31,159,3,19,44,4,79,0,0
20260812,31,160,3,20,34,4,80,0,0
20260812,31,161,3,21,40,4,81,0,0
20260812,31,162,3,22,48,4,82,0,0
20260812,31,163,3,23,33,4,83,0,0
20260812,31,164,3,24,31,4,84,0,0
20260812,31,165,3,25,33,4,85,0,0
20260812,31,166,3,26,32,4,86,0,0
20260812,31,167,3,27,41,4,87,0,0
20260812,31,168,3,28,25,4,88,0,0
20260812,31,169,3,29,28,4,89,0,0
20260812,31,170,3,30,21,4,90,0,0
20260812,31,171,3,31,24,4,91,0,0
20260812,31,172,3,32,27,4,92,0,0
20260812,31,173,3,33,37,4,93,0,0
20260812,31,174,3,34,27,4,94,0,0
20260812,31,175,3,35,30,4,95,0,0
20260812,31,176,3,36,29,4,96,0,0
20260812,31,177,3,37,34,4,97,0,0
20260812,31,178,3,38,30,4,98,0,0
20260812,31,179,3,39,23,4,99,0,0
20260812,31,180,3,40,41,4,100,0,0
20260812,31,181,3,41,33,4,101,0,0
20260812,31,182,3,42,27,4,102,0,0
20260812,31,183,3,43,36,4,103,0,0
20260812,31,184,3,44,41,4,104,0,0
20260812,31,185,3,45,36,4,105,0,0
20260812,31,186,3,46,36,4,106,0,0
20260812,31,187,3,47,32,4,107,0,0
20260812,31,188,3,48,43,4,108,0,0
20260812,31,189,3,49,26,4,109,0,0
20260812,31,190,3,50,27,4,110,0,0
20260812,31,191,3,51,34,4,111,0,0
20260812,31,192,3,52,28,4,112,0,0
20260812,31,193,3,53,32,4,113,0,0
20260812,31,194,3,54,29,4,114,0,0
20260812,31,195,3,55,29,4,115,0,0
20260812,31,196,3,56,26,4,116,0,0
20260812,31,197,3,57,19,4,117,0,0
20260812,31,198,3,58,25,4,118,0,0
20260812,31,199,3,59,23,4,119,0,0
20260812,31,200,3,60,19,4,120,0,0
20260812,31,201,4,1,859,4,121,0,0
20260812,31,202,4,2,361,4,122,0,0
20260812,31,203,4,3,131,4,123,0,0
20260812,31,204,4,4,99,4,124,0,0
20260812,31,205,4,5,99,4,125,0,0
20260812,31,206,4,6,97,4,126,0,0
20260812,31,207,4,7,63,4,127,0,0
20260812,31,208,4,8,72,4,128,0,0
20260812,31,209,4,9,70,4,129,0,0
20260812,31,210,4,10,74,4,130,0,0
20260812,31,211,4,11,79,4,131,0,0
20260812,31,212,4,12,62,4,132,0,0
20260812,31,213,4,13,57,4,133,0,0
20260812,31,214,4,14,59,4,134,0,0
20260812,31,215,4,15,45,4,135,0,0
20260812,31,216,4,16,46,4,136,0,0
20260812,31,217,4,17,33,4,137,0,0
20260812,31,218,4,18,41,4,138,0,0
20260812,31,219,4,19,46,4,139,0,0
20260812,31,220,4,20,46,4,140,0,0
20260812,31,221,4,21,29,4,141,0,0
20260812,31,222,4,22,26,4,142,0,0
20260812,31,223,4,23,27,4,143,0,0
20260812,31,224,4,24,33,4,144,0,0
20260812,31,225,4,25,33,4,145,0,0
20260812,31,226,4,26,32,4,146,0,0
20260812,31,227,4,27,42,4,147,0,0
20260812,31,228,4,28,29,4,148,0,0
20260812,31,229,4,29,27,4,149,0,0
20260812,31,230,4,30,30,4,150,0,0
20260812,31,231,4,31,29,4,151,0,0
20260812,31,232,4,32,34,4,152,0,0
20260812,31,233,4,33,31,4,153,0,0
20260812,31,234,4,34,25,4,154,0,0
20260812,31,235,4,35,30,4,155,0,0
20260812,31,236,4,36,32,4,156,0,0
20260812,31,237,4,37,27,4,157,0,0
20260812,31,238,4,38,31,4,158,0,0
20260812,31,239,4,39,31,4,159,0,0
20260812,31,240,4,40,42,4,160,0,0
20260812,31,241,4,41,34,4,161,0,0
20260812,31,242,4,42,50,4,162,0,0
20260812,31,243,4,43,43,4,163,0,0
20260812,31,244,4,44,67,4,164,0,0
20260812,31,245,4,45,66,4,165,0,0
20260812,31,246,4,46,25,4,166,0,0
20260812,31,247,4,47,27,4,167,0,0
20260812,31,248,4,48,21,4,168,0,0
20260812,31,249,4,49,23,4,169,0,0
20260812,31,250,4,50,23,4,170,0,0
20260812,31,251,4,51,21,4,171,0,0
20260812,31,252,4,52,20,4,172,0,0
20260812,31,253,4,53,25,4,173,0,0
20260812,31,254,4,54,14,4,174,0,0
20260812,31,255,4,55,11,4,175,0,0
20260812,31,256,4,56,10,4,176,0,0
20260812,31,257,4,57,11,4,177,0,0
20260812,31,258,4,58,12,4,178,0,0
20260812,31,259,4,59,14,4,179,0,0
20260812,31,260,4,60,17,4,180,0,0
20260812,31,261,5,1,886,4,181,0,0
20260812,31,262,5,2,195,4,182,0,0
20260812,31,263,5,3,85,4,183,0,0
20260812,31,264,5,4,44,4,184,0,0
20260812,31,265,5,5,32,4,185,0,0
20260812,31,266,5,6,33,4,186,0,0
20260812,31,267,5,7,30,4,187,0,0
20260812,31,268,5,8,36,4,188,0,0
20260812,31,269,5,9,26,4,189,0,0
20260812,31,270,5,10,31,4,190,0,0
20260812,31,271,5,11,37,4,191,0,0
20260812,31,272,5,12,35,4,192,0,0
20260812,31,273,5,13,28,4,193,0,0
20260812,31,274,5,14,28,4,194,0,0
20260812,31,275,5,15,42,4,195,0,0
20260812,31,276,5,16,37,4,196,0,0
20260812,31,277,5,17,21,4,197,0,0
20260812,31,278,5,18,25,4,198,0,0
20260812,31,279,5,19,18,4,199,0,0
20260812,31,280,5,20,19,4,200,0,0
20260812,31,281,5,21,16,4,201,0,0
20260812,31,282,5,22,16,4,202,0,0
20260812,31,283,5,23,20,4,203,0,0
20260812,31,284,5,24,23,4,204,0,0
20260812,31,285,5,25,21,4,205,0,0
20260812,31,286,5,26,17,4,206,0,0
20260812,31,287,5,27,19,4,207,0,0
20260812,31,288,5,28,21,4,208,0,0
20260812,31,289,5,29,23,4,209,0,0
20260812,31,290,5,30,19,4,210,0,0
20260812,31,291,5,31,18,4,211,0,0
20260812,31,292,5,32,13,4,212,0,0
20260812,31,293,5,33,9,4,213,0,0
20260812,31,294,5,34,12,4,214,0,0
20260812,31,295,5,35,14,4,215,0,0
20260812,31,296,5,36,21,4,216,0,0
20260812,31,297,5,37,12,4,217,0,0
20260812,31,298,5,38,17,4,218,0,0
20260812,31,299,5,39,18,4,219,0,0
20260812,31,300,5,40,6,4,220,0,0
20260812,31,301,5,41,6,4,221,0,0
20260812,31,302,5,42,3,3,0,1,0
20260812,31,303,5,43,10,3,1,0,0
20260812,31,304,5,44,6,3,2,0,0
20260812,31,305,5,45,7,3,3,0,0
20260812,31,306,5,46,10,3,4,0,0
20260812,31,307,5,47,10,3,5,0,0
20260812,31,308,5,48,7,3,6,0,0
20260812,31,309,5,49,9,3,7,0,0
20260812,31,310,5,50,9,3,8,0,0
20260812,31,311,5,51,5,3,9,0,0
20260812,31,312,5,52,13,3,10,0,0
20260812,31,313,5,53,11,3,11,0,0
20260812,31,314,5,54,11,3,12,0,0
20260812,31,315,5,55,5,3,13,0,0
20260812,31,316,5,56,3,3,14,0,0
20260812,31,317,5,57,8,3,15,0,0
20260812,31,318,5,58,9,3,16,0,0
20260812,31,319,5,59,19,3,17,0,0
20260812,31,320,5,60,36,3,18,0,0
20260812,31,321,6,1,833,3,19,0,0
20260812,31,322,6,2,186,3,20,0,0
20260812,31,323,6,3,133,3,21,0,0
20260812,31,324,6,4,139,3,22,0,0
20260812,31,325,6,5,93,3,23,0,0
20260812,31,326,6,6,60,3,24,0,0
20260812,31,327,6,7,64,3,25,0,0
20260812,31,328,6,8,53,3,26,0,0
20260812,31,329,6,9,44,3,27,0,0
20260812,31,330,6,10,28,3,28,0,0
20260812,31,331,6,11,28,3,29,0,0
20260812,31,332,6,12,19,3,30,0,0
20260812,31,333,6,13,19,3,31,0,0
20260812,31,334,6,14,18,3,32,0,0
20260812,31,335,6,15,16,3,33,0,0
20260812,31,336,6,16,15,3,34,0,0
20260812,31,337,6,17,17,3,35,0,0
20260812,31,338,6,18,21,3,36,0,0
20260812,31,339,6,19,26,3,37,0,0
20260812,31,340,6,20,19,3,38,0,0
20260812,31,341,6,21,10,3,39,0,0
20260812,31,342,6,22,7,3,40,0,0
20260812,31,343,6,23,7,3,41,0,0
20260812,31,344,6,24,12,3,42,0,0
20260812,31,345,6,25,16,3,43,0,0
20260812,31,346,6,26,14,3,44,0,0
20260812,31,347,6,27,11,3,45,0,0
20260812,31,348,6,28,9,3,46,0,0
20260812,31,349,6,29,11,3,47,0,0
20260812,31,350,6,30,11,3,48,0,0
20260812,31,351,6,31,13,3,49,0,0
20260812,31,352,6,32,15,3,50,0,0
20260812,31,353,6,33,11,3,51,0,0
20260812,31,354,6,34,12,3,52,0,0
20260812,31,355,6,35,14,3,53,0,0
20260812,31,356,6,36,17,3,54,0,0
20260812,31,357,6,37,17,3,55,0,0
20260812,31,358,6,38,20,3,56,0,0
20260812,31,359,6,39,22,3,57,0,0
20260812,31,360,6,40,9,3,58,0,0
20260812,31,361,6,41,14,3,59,0,0
20260812,31,362,6,42,16,3,60,0,0
20260812,31,363,6,43,21,3,61,0,0
20260812,31,364,6,44,63,3,62,0,0
20260812,31,365,6,45,193,3,63,0,0
20260812,31,366,6,46,402,3,64,0,0
20260812,31,367,6,47,310,3,65,0,0
20260812,31,368,6,48,258,3,66,0,0
20260812,31,369,6,49,212,3,67,0,0
20260812,31,370,6,50,217,3,68,0,0
20260812,31,371,6,51,227,3,69,0,0
20260812,31,372,6,52,154,3,70,0,0
20260812,31,373,6,53,56,3,71,0,0
20260812,31,374,6,54,39,3,72,0,0
20260812,31,375,6,55,21,3,73,0,0
20260812,31,376,6,56,8,3,74,0,0
20260812,31,377,6,57,14,3,75,0,0
20260812,31,378,6,58,15,3,76,0,0
20260812,31,379,6,59,10,3,77,0,0
20260812,31,380,6,60,9,3,78,0,0
20260812,31,381,7,1,883,3,79,0,0
20260812,31,382,7,2,208,3,80,0,0
20260812,31,383,7,3,122,3,81,0,0
20260812,31,384,7,4,126,3,82,0,0
20260812,31,385,7,5,84,3,83,0,0
20260812,31,386,7,6,72,3,84,0,0
20260812,31,387,7,7,67,3,85,0,0
20260812,31,388,7,8,61,3,86,0,0
20260812,31,389,7,9,68,3,87,0,0
20260812,31,390,7,10,54,3,88,0,0
20260812,31,391,7,11,46,3,89,0,0
20260812,31,392,7,12,55,3,90,0,0
20260812,31,393,7,13,38,3,91,0,0
20260812,31,394,7,14,33,3,92,0,0
20260812,31,395,7,15,38,3,93,0,0
20260812,31,396,7,16,38,3,94,0,0
20260812,31,397,7,17,31,3,95,0,0
20260812,31,398,7,18,27,3,96,0,0
20260812,31,399,7,19,18,3,97,0,0
20260812,31,400,7,20,19,3,98,0,0
20260812,31,401,7,21,18,3,99,0,0
20260812,31,402,7,22,11,3,100,0,0
20260812,31,403,7,23,16,3,101,0,0
20260812,31,404,7,24,16,3,102,0,0
20260812,31,405,7,25,13,3,103,0,0
20260812,31,406,7,26,8,3,104,0,0
20260812,31,407,7,27,15,3,105,0,0
20260812,31,408,7,28,11,3,106,0,0
20260812,31,409,7,29,7,3,107,0,0
20260812,31,410,7,30,7,3,108,0,0
20260812,31,411,7,31,10,3,109,0,0
20260812,31,412,7,32,13,3,110,0,0
20260812,31,413,7,33,14,3,111,0,0
20260812,31,414,7,34,20,3,112,0,0
20260812,31,415,7,35,18,3,113,0,0
20260812,31,416,7,36,9,3,114,0,0
20260812,31,417,7,37,12,3,115,0,0
20260812,31,418,7,38,7,3,116,0,0
20260812,31,419,7,39,7,3,117,0,0
20260812,31,420,7,40,7,3,118,0,0
20260812,31,421,7,41,8,3,119,0,0
20260812,31,422,7,42,9,3,120,0,0
20260812,31,423,7,43,9,3,121,0,0
20260812,31,424,7,44,3,3,122,0,0
20260812,31,425,7,45,11,3,123,0,0
20260812,31,426,7,46,6,3,124,0,0
20260812,31,427,7,47,4,3,125,0,0
20260812,31,428,7,48,8,3,126,0,0
20260812,31,429,7,49,8,3,127,0,0
20260812,31,430,7,50,11,3,128,0,0
20260812,31,431,7,51,10,3,129,0,0
20260812,31,432,7,52,24,3,130,0,0
20260812,31,433,7,53,40,3,131,0,0
20260812,31,434,7,54,59,3,132,0,0
20260812,31,435,7,55,78,3,133,0,0
20260812,31,436,7,56,133,3,134,0,0
20260812,31,437,7,57,240,3,135,0,0
20260812,31,438,7,58,312,3,136,0,0
20260812,31,439,7,59,394,3,137,0,0
20260812,31,440,7,60,263,3,138,0,0
20260812,31,441,8,1,371,3,139,0,0
20260812,31,442,8,2,615,3,140,0,0
20260812,31,443,8,3,216,3,141,0,0
20260812,31,444,8,4,109,3,142,0,0
20260812,31,445,8,5,89,3,143,0,0
20260812,31,446,8,6,71,3,144,0,0
20260812,31,447,8,7,79,3,145,0,0
20260812,31,448,8,8,63,3,146,0,0
20260812,31,449,8,9,55,3,147,0,0
20260812,31,450,8,10,51,3,148,0,0
20260812,31,451,8,11,51,3,149,0,0
20260812,31,452,8,12,51,3,150,0,0
20260812,31,453,8,13,52,3,151,0,0
20260812,31,454,8,14,57,3,152,0,0
20260812,31,455,8,15,36,3,153,0,0
20260812,31,456,8,16,41,3,154,0,0
20260812,31,457,8,17,40,3,155,0,0
20260812,31,458,8,18,32,3,156,0,0
20260812,31,459,8,19,30,3,157,0,0
20260812,31,460,8,20,26,3,158,0,0
20260812,31,461,8,21,21,3,159,0,0
20260812,31,462,8,22,25,3,160,0,0
20260812,31,463,8,23,26,3,161,0,0
20260812,31,464,8,24,15,3,162,0,0
20260812,31,465,8,25,18,3,163,0,0
20260812,31,466,8,26,24,3,164,0,0
20260812,31,467,8,27,21,3,165,0,0
20260812,31,468,8,28,21,3,166,0,0
20260812,31,469,8,29,20,3,167,0,0
20260812,31,470,8,30,21,3,168,0,0
20260812,31,471,8,31,13,3,169,0,0
20260812,31,472,8,32,19,3,170,0,0
20260812,31,473,8,33,9,3,171,0,0
20260812,31,474,8,34,10,3,172,0,0
20260812,31,475,8,35,17,3,173,0,0
20260812,31,476,8,36,30,3,174,0,0
20260812,31,477,8,37,28,3,175,0,0
20260812,31,478,8,38,25,3,176,0,0
20260812,31,479,8,39,15,3,177,0,0
20260812,31,480,8,40,22,3,178,0,0
20260812,31,481,8,41,29,3,179,0,0
20260812,31,482,8,42,38,3,180,0,0
20260812,31,483,8,43,36,3,181,0,0
20260812,31,484,8,44,28,3,182,0,0
20260812,31,485,8,45,28,3,183,0,0
20260812,31,486,8,46,26,3,184,0,0
20260812,31,487,8,47,29,3,185,0,0
20260812,31,488,8,48,26,3,186,0,0
20260812,31,489,8,49,17,3,187,0,0
20260812,31,490,8,50,11,3,188,0,0
20260812,31,491,8,51,11,3,189,0,0
20260812,31,492,8,52,7,3,190,0,0
20260812,31,493,8,53,9,3,191,0,0
20260812,31,494,8,54,12,3,192,0,0
20260812,31,495,8,55,6,3,193,0,0
20260812,31,496,8,56,7,3,194,0,0
20260812,31,497,8,57,11,3,195,0,0
20260812,31,498,8,58,14,3,196,0,0
20260812,31,499,8,59,17,3,197,0,0
20260812,31,500,8,60,16,3,198,0,0
20260812,31,501,9,1,889,3,199,0,0
20260812,31,502,9,2,117,3,200,0,0
20260812,31,503,9,3,54,3,201,0,0
20260812,31,504,9,4,47,3,202,0,0
20260812,31,505,9,5,46,3,203,0,0
20260812,31,506,9,6,39,3,204,0,0
20260812,31,507,9,7,31,3,205,0,0
20260812,31,508,9,8,32,3,206,0,0
20260812,31,509,9,9,18,3,207,0,0
20260812,31,510,9,10,22,3,208,0,0
20260812,31,511,9,11,19,3,209,0,0
20260812,31,512,9,12,13,3,210,0,0
20260812,31,513,9,13,16,3,211,0,0
20260812,31,514,9,14,19,3,212,0,0
20260812,31,515,9,15,20,3,213,0,0
20260812,31,516,9,16,14,3,214,0,0
20260812,31,517,9,17,10,3,215,0,0
20260812,31,518,9,18,8,3,216,0,0
20260812,31,519,9,19,5,3,217,0,0
20260812,31,520,9,20,7,3,218,0,0
20260812,31,521,9,21,4,3,219,0,0
20260812,31,522,9,22,7,3,220,0,0
20260812,31,523,9,23,5,3,221,0,0
20260812,31,524,9,24,6,3,222,0,0
20260812,31,525,9,25,11,3,223,0,0
20260812,31,526,9,26,9,3,224,0,0
20260812,31,527,9,27,8,3,225,0,0
20260812,31,528,9,28,10,3,226,0,0
20260812,31,529,9,29,4,3,227,0,0
20260812,31,530,9,30,7,3,228,0,0
20260812,31,531,9,31,7,3,229,0,0
20260812,31,532,9,32,9,3,230,0,0
20260812,31,533,9,33,24,3,231,0,0
20260812,31,534,9,34,78,3,232,0,0
20260812,31,535,9,35,197,3,233,0,0
20260812,31,536,9,36,548,3,234,0,0
20260812,31,537,9,37,689,3,235,0,0
20260812,31,538,9,38,325,3,236,0,0
20260812,31,539,9,39,220,3,237,0,0
20260812,31,540,9,40,96,3,238,0,0
20260812,31,541,9,41,56,3,239,0,0
20260812,31,542,9,42,39,3,240,0,0
20260812,31,543,9,43,52,3,241,0,0
20260812,31,544,9,44,44,3,242,0,0
20260812,31,545,9,45,45,3,243,0,0
20260812,31,546,9,46,33,3,244,0,0
20260812,31,547,9,47,36,3,245,0,0
20260812,31,548,9,48,24,3,246,0,0
20260812,31,549,9,49,25,3,247,0,0
20260812,31,550,9,50,24,3,248,0,0
20260812,31,551,9,51,30,3,249,0,0
20260812,31,552,9,52,16,3,250,0,0
20260812,31,553,9,53,21,3,251,0,0
20260812,31,554,9,54,22,3,252,0,0
20260812,31,555,9,55,17,3,253,0,0
20260812,31,556,9,56,17,3,254,0,0
20260812,31,557,9,57,14,3,255,0,0
20260812,31,558,9,58,14,3,256,0,0
20260812,31,559,9,59,21,3,257,0,0
20260812,31,560,9,60,28,3,258,0,0
20260812,31,561,10,1,877,3,259,0,0
20260812,31,562,10,2,196,3,260,0,0
20260812,31,563,10,3,111,3,261,0,0
20260812,31,564,10,4,83,3,262,0,0
20260812,31,565,10,5,57,3,263,0,0
20260812,31,566,10,6,50,3,264,0,0
20260812,31,567,10,7,49,3,265,0,0
20260812,31,568,10,8,40,3,266,0,0
20260812,31,569,10,9,43,3,267,0,0
20260812,31,570,10,10,49,3,268,0,0
20260812,31,571,10,11,51,3,269,0,0
20260812,31,572,10,12,52,3,270,0,0
20260812,31,573,10,13,51,3,271,0,0
20260812,31,574,10,14,40,3,272,0,0
20260812,31,575,10,15,43,3,273,0,0
20260812,31,576,10,16,36,3,274,0,0
20260812,31,577,10,17,52,3,275,0,0
20260812,31,578,10,18,54,3,276,0,0
20260812,31,579,10,19,41,3,277,0,0
20260812,31,580,10,20,40,3,278,0,0
20260812,31,581,10,21,32,3,279,0,0
20260812,31,582,10,22,37,3,280,0,0
20260812,31,583,10,23,32,3,281,0,0
20260812,31,584,10,24,19,3,282,0,0
20260812,31,585,10,25,26,3,283,0,0
20260812,31,586,10,26,21,3,284,0,0
20260812,31,587,10,27,21,3,285,0,0
20260812,31,588,10,28,30,3,286,0,0
20260812,31,589,10,29,25,3,287,0,0
20260812,31,590,10,30,23,3,288,0,0
20260812,31,591,10,31,24,3,289,0,0
20260812,31,592,10,32,29,3,290,0,0
20260812,31,593,10,33,22,3,291,0,0
20260812,31,594,10,34,29,3,292,0,0
20260812,31,595,10,35,24,3,293,0,0
20260812,31,596,10,36,24,3,294,0,0
20260812,31,597,10,37,24,3,295,0,0
20260812,31,598,10,38,22,3,296,0,0
20260812,31,599,10,39,19,3,297,0,0
20260812,31,600,10,40,25,3,298,0,0
20260812,31,601,10,41,18,3,299,0,0
20260812,31,602,10,42,31,3,300,0,0
20260812,31,603,10,43,26,3,301,0,0
20260812,31,604,10,44,17,3,302,0,0
20260812,31,605,10,45,29,3,303,0,0
20260812,31,606,10,46,40,3,304,0,0
20260812,31,607,10,47,25,3,305,0,0
20260812,31,608,10,48,23,3,306,0,0
20260812,31,609,10,49,20,3,307,0,0
20260812,31,610,10,50,25,3,308,0,0
20260812,31,611,10,51,20,3,309,0,0
20260812,31,612,10,52,50,3,310,0,0
20260812,31,613,10,53,68,3,311,0,0
20260812,31,614,10,54,63,3,312,0,0
20260812,31,615,10,55,47,3,313,0,0
20260812,31,616,10,56,48,3,314,0,0
20260812,31,617,10,57,39,3,315,0,0
20260812,31,618,10,58,29,3,316,0,0
20260812,31,619,10,59,20,3,317,0,0
20260812,31,620,10,60,26,3,318,0,0
20260812,31,621,11,1,891,3,319,0,0
20260812,31,622,11,2,383,3,320,0,0
20260812,31,623,11,3,129,3,321,0,0
20260812,31,624,11,4,77,3,322,0,0
20260812,31,625,11,5,69,3,323,0,0
20260812,31,626,11,6,69,3,324,0,0
20260812,31,627,11,7,63,3,325,0,0
20260812,31,628,11,8,47,3,326,0,0
20260812,31,629,11,9,41,3,327,0,0
20260812,31,630,11,10,34,3,328,0,0
20260812,31,631,11,11,50,3,329,0,0
20260812,31,632,11,12,35,3,330,0,0
20260812,31,633,11,13,22,3,331,0,0
20260812,31,634,11,14,30,3,332,0,0
20260812,31,635,11,15,21,3,333,0,0
20260812,31,636,11,16,19,3,334,0,0
20260812,31,637,11,17,21,3,335,0,0
20260812,31,638,11,18,22,3,336,0,0
20260812,31,639,11,19,17,3,337,0,0
20260812,31,640,11,20,19,3,338,0,0
20260812,31,641,11,21,17,3,339,0,0
20260812,31,642,11,22,14,3,340,0,0
20260812,31,643,11,23,17,3,341,0,0
20260812,31,644,11,24,15,3,342,0,0
20260812,31,645,11,25,17,3,343,0,0
20260812,31,646,11,26,14,3,344,0,0
20260812,31,647,11,27,5,3,345,0,0
20260812,31,648,11,28,2,2,0,1,0
20260812,31,649,11,29,3,2,1,0,0
20260812,31,650,11,30,5,2,2,0,0
20260812,31,651,11,31,4,2,3,0,0
20260812,31,652,11,32,3,2,4,0,0
20260812,31,653,11,33,4,2,5,0,0
20260812,31,654,11,34,3,2,6,0,0
20260812,31,655,11,35,1,1,0,1,0
20260812,31,656,11,36,5,1,1,0,0
20260812,31,657,11,37,1,1,2,0,0
20260812,31,658,11,38,1,1,3,0,0
20260812,31,659,11,39,5,1,4,0,0
20260812,31,660,11,40,2,1,5,0,0
20260812,31,661,11,41,10,1,6,0,0
20260812,31,662,11,42,18,1,7,0,0
20260812,31,663,11,43,41,1,8,0,0
20260812,31,664,11,44,71,1,9,0,0
20260812,31,665,11,45,217,1,10,0,0
20260812,31,666,11,46,488,1,11,0,0
20260812,31,667,11,47,573,1,12,0,0
20260812,31,668,11,48,327,1,13,0,0
20260812,31,669,11,49,132,1,14,0,0
20260812,31,670,11,50,57,1,15,0,0
20260812,31,671,11,51,23,1,16,0,0
20260812,31,672,11,52,14,1,17,0,0
20260812,31,673,11,53,15,1,18,0,0
20260812,31,674,11,54,20,1,19,0,0
20260812,31,675,11,55,10,1,20,0,0
20260812,31,676,11,56,9,1,21,0,0
20260812,31,677,11,57,13,1,22,0,0
20260812,31,678,11,58,18,1,23,0,0
20260812,31,679,11,59,6,1,24,0,0
20260812,31,680,11,60,4,1,25,0,0
20260812,31,681,12,1,817,1,26,0,0
20260812,31,682,12,2,182,1,27,0,0
20260812,31,683,12,3,92,1,28,0,0
20260812,31,684,12,4,52,1,29,0,0
20260812,31,685,12,5,40,1,30,0,0
20260812,31,686,12,6,53,1,31,0,0
20260812,31,687,12,7,36,1,32,0,0
20260812,31,688,12,8,36,1,33,0,0
20260812,31,689,12,9,23,1,34,0,0
20260812,31,690,12,10,23,1,35,0,0
20260812,31,691,12,11,22,1,36,0,0
20260812,31,692,12,12,20,1,37,0,0
20260812,31,693,12,13,15,1,38,0,0
20260812,31,694,12,14,20,1,39,0,0
20260812,31,695,12,15,20,1,40,0,0
20260812,31,696,12,16,19,1,41,0,0
20260812,31,697,12,17,15,1,42,0,0
20260812,31,698,12,18,16,1,43,0,0
20260812,31,699,12,19,22,1,44,0,0
20260812,31,700,12,20,14,1,45,0,0
20260812,31,701,12,21,12,1,46,0,0
20260812,31,702,12,22,12,1,47,0,0
20260812,31,703,12,23,13,1,48,0,0
20260812,31,704,12,24,14,1,49,0,0
20260812,31,705,12,25,10,1,50,0,0
20260812,31,706,12,26,8,1,51,0,0
20260812,31,707,12,27,15,1,52,0,0
20260812,31,708,12,28,15,1,53,0,0
20260812,31,709,12,29,10,1,54,0,0
20260812,31,710,12,30,6,1,55,0,0
20260812,31,711,12,31,15,1,56,0,0
20260812,31,712,12,32,14,1,57,0,0
20260812,31,713,12,33,15,1,58,0,0
20260812,31,714,12,34,26,1,59,0,0
20260812,31,715,12,35,42,1,60,0,0
20260812,31,716,12,36,108,1,61,0,0
20260812,31,717,12,37,249,1,62,0,0
20260812,31,718,12,38,481,1,63,0,0
20260812,31,719,12,39,383,1,64,0,0
20260812,31,720,12,40,250,1,65,0,0
20260812,31,721,12,41,137,1,66,0,0
20260812,31,722,12,42,71,1,67,0,0
20260812,31,723,12,43,52,1,68,0,0
20260812,31,724,12,44,45,1,69,0,0
20260812,31,725,12,45,31,1,70,0,0
20260812,31,726,12,46,27,1,71,0,0
20260812,31,727,12,47,30,1,72,0,0
20260812,31,728,12,48,20,1,73,0,0
20260812,31,729,12,49,27,1,74,0,0
20260812,31,730,12,50,23,1,75,0,0
20260812,31,731,12,51,18,1,76,0,0
20260812,31,732,12,52,15,1,77,0,0
20260812,31,733,12,53,23,1,78,0,0
20260812,31,734,12,54,20,1,79,0,0
20260812,31,735,12,55,15,1,80,0,0
20260812,31,736,12,56,12,1,81,0,0
20260812,31,737,12,57,8,1,82,0,0
20260812,31,738,12,58,12,1,83,0,0
20260812,31,739,12,59,14,1,84,0,0
20260812,31,740,12,60,12,1,85,0,0
20260812,31,741,13,1,848,1,86,0,0
20260812,31,742,13,2,237,1,87,0,0
20260812,31,743,13,3,108,1,88,0,0
20260812,31,744,13,4,67,1,89,0,0
20260812,31,745,13,5,70,1,90,0,0
20260812,31,746,13,6,50,1,91,0,0
20260812,31,747,13,7,41,1,92,0,0
20260812,31,748,13,8,37,1,93,0,0
20260812,31,749,13,9,32,1,94,0,0
20260812,31,750,13,10,32,1,95,0,0
20260812,31,751,13,11,25,1,96,0,0
20260812,31,752,13,12,23,1,97,0,0
20260812,31,753,13,13,19,1,98,0,0
20260812,31,754,13,14,26,1,99,0,0
20260812,31,755,13,15,25,1,100,0,0
20260812,31,756,13,16,33,1,101,0,0
20260812,31,757,13,17,33,1,102,0,0
20260812,31,758,13,18,26,1,103,0,0
20260812,31,759,13,19,22,1,104,0,0
20260812,31,760,13,20,24,1,105,0,0
20260812,31,761,13,21,33,1,106,0,0
20260812,31,762,13,22,25,1,107,0,0
20260812,31,763,13,23,17,1,108,0,0
20260812,31,764,13,24,21,1,109,0,0
20260812,31,765,13,25,16,1,110,0,0
20260812,31,766,13,26,14,1,111,0,0
20260812,31,767,13,27,19,1,112,0,0
20260812,31,768,13,28,25,1,113,0,0
20260812,31,769,13,29,37,1,114,0,0
20260812,31,770,13,30,104,1,115,0,0
20260812,31,771,13,31,263,1,116,0,0
20260812,31,772,13,32,447,1,117,0,0
20260812,31,773,13,33,424,1,118,0,0
20260812,31,774,13,34,338,1,119,0,0
20260812,31,775,13,35,263,1,120,0,0
20260812,31,776,13,36,211,1,121,0,0
20260812,31,777,13,37,187,1,122,0,0
20260812,31,778,13,38,93,1,123,0,0
20260812,31,779,13,39,76,1,124,0,0
20260812,31,780,13,40,66,1,125,0,0
20260812,31,781,13,41,48,1,126,0,0
20260812,31,782,13,42,43,1,127,0,0
20260812,31,783,13,43,46,1,128,0,0
20260812,31,784,13,44,39,1,129,0,0
20260812,31,785,13,45,34,1,130,0,0
20260812,31,786,13,46,25,1,131,0,0
20260812,31,787,13,47,23,1,132,0,0
20260812,31,788,13,48,26,1,133,0,0
20260812,31,789,13,49,24,1,134,0,0
20260812,31,790,13,50,25,1,135,0,0
20260812,31,791,13,51,21,1,136,0,0
20260812,31,792,13,52,22,1,137,0,0
20260812,31,793,13,53,27,1,138,0,0
20260812,31,794,13,54,28,1,139,0,0
20260812,31,795,13,55,26,1,140,0,0
20260812,31,796,13,56,27,1,141,0,0
20260812,31,797,13,57,16,1,142,0,0
20260812,31,798,13,58,19,1,143,0,0
20260812,31,799,13,59,20,1,144,0,0
20260812,31,800,13,60,16,1,145,0,0
20260812,31,801,14,1,868,1,146,0,0
20260812,31,802,14,2,190,1,147,0,0
20260812,31,803,14,3,63,1,148,0,0
20260812,31,804,14,4,47,1,149,0,0
20260812,31,805,14,5,42,1,150,0,0
20260812,31,806,14,6,48,1,151,0,0
20260812,31,807,14,7,39,1,152,0,0
20260812,31,808,14,8,36,1,153,0,0
20260812,31,809,14,9,28,1,154,0,0
20260812,31,810,14,10,27,1,155,0,0
20260812,31,811,14,11,25,1,156,0,0
20260812,31,812,14,12,29,1,157,0,0
20260812,31,813,14,13,26,1,158,0,0
20260812,31,814,14,14,21,1,159,0,0
20260812,31,815,14,15,24,1,160,0,0
20260812,31,816,14,16,34,1,161,0,0
20260812,31,817,14,17,35,1,162,0,0
20260812,31,818,14,18,37,1,163,0,0
20260812,31,819,14,19,35,1,164,0,0
20260812,31,820,14,20,37,1,165,0,0
20260812,31,821,14,21,38,1,166,0,0
20260812,31,822,14,22,24,1,167,0,0
20260812,31,823,14,23,23,1,168,0,0
20260812,31,824,14,24,15,1,169,0,0
20260812,31,825,14,25,10,1,170,0,0
20260812,31,826,14,26,13,1,171,0,0
20260812,31,827,14,27,9,1,172,0,0
20260812,31,828,14,28,5,1,173,0,0
20260812,31,829,14,29,10,1,174,0,0
20260812,31,830,14,30,4,1,175,0,0
20260812,31,831,14,31,7,1,176,0,0
20260812,31,832,14,32,3,1,177,0,0
20260812,31,833,14,33,5,1,178,0,0
20260812,31,834,14,34,6,1,179,0,0
20260812,31,835,14,35,4,1,180,0,0
20260812,31,836,14,36,9,1,181,0,0
20260812,31,837,14,37,5,1,182,0,0
20260812,31,838,14,38,5,1,183,0,0
20260812,31,839,14,39,9,1,184,0,0
20260812,31,840,14,40,9,1,185,0,0
20260812,31,841,14,41,29,1,186,0,0
20260812,31,842,14,42,44,1,187,0,0
20260812,31,843,14,43,125,1,188,0,0
20260812,31,844,14,44,288,1,189,0,0
20260812,31,845,14,45,418,1,190,0,0
20260812,31,846,14,46,391,1,191,0,0
20260812,31,847,14,47,312,1,192,0,0
20260812,31,848,14,48,135,1,193,0,0
20260812,31,849,14,49,90,1,194,0,0
20260812,31,850,14,50,81,1,195,0,0
20260812,31,851,14,51,43,1,196,0,0
20260812,31,852,14,52,25,1,197,0,0
20260812,31,853,14,53,18,1,198,0,0
20260812,31,854,14,54,18,1,199,0,0
20260812,31,855,14,55,24,1,200,0,0
20260812,31,856,14,56,22,1,201,0,0
20260812,31,857,14,57,9,1,202,0,0
20260812,31,858,14,58,8,1,203,0,0
20260812,31,859,14,59,13,1,204,0,0
20260812,31,860,14,60,6,1,205,0,0
20260812,31,861,15,1,882,1,206,0,0
20260812,31,862,15,2,160,1,207,0,0
20260812,31,863,15,3,141,1,208,0,0
20260812,31,864,15,4,96,1,209,0,0
20260812,31,865,15,5,61,1,210,0,0
20260812,31,866,15,6,58,1,211,0,0
20260812,31,867,15,7,35,1,212,0,0
20260812,31,868,15,8,28,1,213,0,0
20260812,31,869,15,9,28,1,214,0,0
20260812,31,870,15,10,31,1,215,0,0
20260812,31,871,15,11,20,1,216,0,0
20260812,31,872,15,12,21,1,217,0,0
20260812,31,873,15,13,18,1,218,0,0
20260812,31,874,15,14,16,1,219,0,0
20260812,31,875,15,15,17,1,220,0,0
20260812,31,876,15,16,16,1,221,0,0
20260812,31,877,15,17,18,1,222,0,0
20260812,31,878,15,18,12,1,223,0,0
20260812,31,879,15,19,12,1,224,0,0
20260812,31,880,15,20,14,1,225,0,0
20260812,31,881,15,21,18,1,226,0,0
20260812,31,882,15,22,27,1,227,0,0
20260812,31,883,15,23,24,1,228,0,0
20260812,31,884,15,24,23,1,229,0,0
20260812,31,885,15,25,17,1,230,0,0
20260812,31,886,15,26,19,1,231,0,0
20260812,31,887,15,27,18,1,232,0,0
20260812,31,888,15,28,23,1,233,0,0
20260812,31,889,15,29,23,1,234,0,0
20260812,31,890,15,30,29,1,235,0,0
20260812,31,891,15,31,51,1,236,0,0
20260812,31,892,15,32,92,1,237,0,0
20260812,31,893,15,33,126,1,238,0,0
20260812,31,894,15,34,236,1,239,0,0
20260812,31,895,15,35,280,1,240,0,0
20260812,31,896,15,36,197,1,241,0,0
20260812,31,897,15,37,201,1,242,0,0
20260812,31,898,15,38,113,1,243,0,0
20260812,31,899,15,39,112,1,244,0,0
20260812,31,900,15,40,85,1,245,0,0
20260812,31,901,15,41,49,1,246,0,0
20260812,31,902,15,42,25,1,247,0,0
20260812,31,903,15,43,15,1,248,0,0
20260812,31,904,15,44,12,1,249,0,0
20260812,31,905,15,45,14,1,250,0,0
20260812,31,906,15,46,12,1,251,0,0
20260812,31,907,15,47,10,1,252,0,0
20260812,31,908,15,48,9,1,253,0,0
20260812,31,909,15,49,9,1,254,0,0
20260812,31,910,15,50,7,1,255,0,0
20260812,31,911,15,51,6,1,256,0,0
20260812,31,912,15,52,4,1,257,0,0
20260812,31,913,15,53,4,1,258,0,0
20260812,31,914,15,54,8,1,259,0,0
20260812,31,915,15,55,5,1,260,0,0
20260812,31,916,15,56,10,1,261,0,0
20260812,31,917,15,57,20,1,262,0,0
20260812,31,918,15,58,23,1,263,0,0
20260812,31,919,15,59,31,1,264,0,0
20260812,31,920,15,60,57,1,265,0,0
20260812,31,921,16,1,864,1,266,0,0
20260812,31,922,16,2,307,1,267,0,0
20260812,31,923,16,3,82,1,268,0,0
20260812,31,924,16,4,39,1,269,0,0
20260812,31,925,16,5,25,1,270,0,0
20260812,31,926,16,6,34,1,271,0,0
20260812,31,927,16,7,21,1,272,0,0
20260812,31,928,16,8,22,1,273,0,0
20260812,31,929,16,9,20,1,274,0,0
20260812,31,930,16,10,17,1,275,0,0
20260812,31,931,16,11,10,1,276,0,0
20260812,31,932,16,12,9,1,277,0,0
20260812,31,933,16,13,9,1,278,0,0
20260812,31,934,16,14,8,1,279,0,0
20260812,31,935,16,15,9,1,280,0,0
20260812,31,936,16,16,3,1,281,0,0
20260812,31,937,16,17,5,1,282,0,0
20260812,31,938,16,18,3,1,283,0,0
20260812,31,939,16,19,6,1,284,0,0
20260812,31,940,16,20,4,1,285,0,0
20260812,31,941,16,21,4,1,286,0,0
20260812,31,942,16,22,6,1,287,0,0
20260812,31,943,16,23,10,1,288,0,0
20260812,31,944,16,24,11,1,289,0,0
20260812,31,945,16,25,10,1,290,0,0
20260812,31,946,16,26,7,1,291,0,0
20260812,31,947,16,27,8,1,292,0,0
20260812,31,948,16,28,4,1,293,0,0
20260812,31,949,16,29,7,1,294,0,0
20260812,31,950,16,30,12,1,295,0,0
20260812,31,951,16,31,12,1,296,0,0
20260812,31,952,16,32,61,1,297,0,0
20260812,31,953,16,33,242,1,298,0,0
20260812,31,954,16,34,452,1,299,0,0
20260812,31,955,16,35,557,1,300,0,0
20260812,31,956,16,36,466,1,301,0,0
20260812,31,957,16,37,324,1,302,0,0
20260812,31,958,16,38,118,1,303,0,0
20260812,31,959,16,39,65,1,304,0,0
20260812,31,960,16,40,38,1,305,0,0
20260812,31,961,16,41,27,1,306,0,0
20260812,31,962,16,42,37,1,307,0,0
20260812,31,963,16,43,16,1,308,0,0
20260812,31,964,16,44,21,1,309,0,0
20260812,31,965,16,45,8,1,310,0,0
20260812,31,966,16,46,7,1,311,0,0
20260812,31,967,16,47,7,1,312,0,0
20260812,31,968,16,48,13,1,313,0,0
20260812,31,969,16,49,9,1,314,0,0
20260812,31,970,16,50,9,1,315,0,0
20260812,31,971,16,51,8,1,316,0,0
20260812,31,972,16,52,13,1,317,0,0
20260812,31,973,16,53,15,1,318,0,0
20260812,31,974,16,54,11,1,319,0,0
20260812,31,975,16,55,8,1,320,0,0
20260812,31,976,16,56,11,1,321,0,0
20260812,31,977,16,57,11,1,322,0,0
20260812,31,978,16,58,11,1,323,0,0
20260812,31,979,16,59,7,1,324,0,0
20260812,31,980,16,60,10,1,325,0,0
20260812,31,981,17,1,854,1,326,0,0
20260812,31,982,17,2,124,1,327,0,0
20260812,31,983,17,3,40,1,328,0,0
20260812,31,984,17,4,37,1,329,0,0
20260812,31,985,17,5,27,1,330,0,0
20260812,31,986,17,6,21,1,331,0,0
20260812,31,987,17,7,16,1,332,0,0
20260812,31,988,17,8,17,1,333,0,0
20260812,31,989,17,9,4,1,334,0,0
20260812,31,990,17,10,9,1,335,0,0
20260812,31,991,17,11,7,1,336,0,0
20260812,31,992,17,12,2,1,337,0,0
20260812,31,993,17,13,1,1,338,0,0
20260812,31,994,17,14,4,1,339,0,0
20260812,31,995,17,15,3,1,340,0,0
20260812,31,996,17,16,3,1,341,0,0
20260812,31,997,17,17,4,1,342,0,0
20260812,31,998,17,18,5,1,343,0,0
20260812,31,999,17,19,5,1,344,0,0
20260812,31,1000,17,20,8,1,345,0,0
20260812,31,1001,17,21,6,1,346,0,0
20260812,31,1002,17,22,9,1,347,0,0
20260812,31,1003,17,23,1,1,348,0,0
20260812,31,1004,17,24,2,1,349,0,0
20260812,31,1005,17,25,2,1,350,0,0
20260812,31,1006,17,26,2,1,351,0,0
20260812,31,1007,17,27,2,1,352,0,0
20260812,31,1008,17,28,1,1,353,0,0
20260812,31,1009,17,29,2,1,354,0,0
20260812,31,1010,17,30,2,1,355,0,0
20260812,31,1011,17,31,2,1,356,0,0
20260812,31,1012,17,32,3,1,357,0,0
20260812,31,1013,17,33,7,1,358,0,0
20260812,31,1014,17,34,4,1,359,0,0
20260812,31,1015,17,35,12,1,360,0,0
20260812,31,1016,17,36,18,1,361,0,0
20260812,31,1017,17,37,22,1,362,0,0
20260812,31,1018,17,38,57,1,363,0,0
20260812,31,1019,17,39,169,1,364,0,0
20260812,31,1020,17,40,404,1,365,0,0
20260812,31,1021,17,41,541,1,366,0,0
20260812,31,1022,17,42,373,1,367,0,0
20260812,31,1023,17,43,292,1,368,0,0
20260812,31,1024,17,44,229,1,369,0,0
20260812,31,1025,17,45,129,1,370,0,0
20260812,31,1026,17,46,62,1,371,0,0
20260812,31,1027,17,47,45,1,372,0,0
20260812,31,1028,17,48,31,1,373,0,0
20260812,31,1029,17,49,20,1,374,0,0
20260812,31,1030,17,50,19,1,375,0,0
20260812,31,1031,17,51,9,1,376,0,0
20260812,31,1032,17,52,6,1,377,0,0
20260812,31,1033,17,53,6,1,378,0,0
20260812,31,1034,17,54,7,1,379,0,0
20260812,31,1035,17,55,10,1,380,0,0
20260812,31,1036,17,56,10,1,381,0,0
20260812,31,1037,17,57,9,1,382,0,0
20260812,31,1038,17,58,8,1,383,0,0
20260812,31,1039,17,59,12,1,384,0,0
20260812,31,1040,17,60,15,1,385,0,0
20260812,31,1041,18,1,875,1,386,0,0
20260812,31,1042,18,2,184,1,387,0,0
20260812,31,1043,18,3,104,1,388,0,0
20260812,31,1044,18,4,89,1,389,0,0
20260812,31,1045,18,5,77,1,390,0,0
20260812,31,1046,18,6,49,1,391,0,0
20260812,31,1047,18,7,50,1,392,0,0
20260812,31,1048,18,8,39,1,393,0,0
20260812,31,1049,18,9,29,1,394,0,0
20260812,31,1050,18,10,34,1,395,0,0
20260812,31,1051,18,11,29,1,396,0,0
20260812,31,1052,18,12,18,1,397,0,0
20260812,31,1053,18,13,17,1,398,0,0
20260812,31,1054,18,14,16,1,399,0,0
20260812,31,1055,18,15,14,1,400,0,0
20260812,31,1056,18,16,12,1,401,0,0
20260812,31,1057,18,17,21,1,402,0,0
20260812,31,1058,18,18,21,1,403,0,0
20260812,31,1059,18,19,22,1,404,0,0
20260812,31,1060,18,20,18,1,405,0,0
20260812,31,1061,18,21,18,1,406,0,0
20260812,31,1062,18,22,18,1,407,0,0
20260812,31,1063,18,23,21,1,408,0,0
20260812,31,1064,18,24,19,1,409,0,0
20260812,31,1065,18,25,20,1,410,0,0
20260812,31,1066,18,26,20,1,411,0,0
20260812,31,1067,18,27,23,1,412,0,0
20260812,31,1068,18,28,35,1,413,0,0
20260812,31,1069,18,29,25,1,414,0,0
20260812,31,1070,18,30,38,1,415,0,0
20260812,31,1071,18,31,50,1,416,0,0
20260812,31,1072,18,32,72,1,417,0,0
20260812,31,1073,18,33,124,1,418,0,0
20260812,31,1074,18,34,200,1,419,0,0
20260812,31,1075,18,35,313,1,420,0,0
20260812,31,1076,18,36,286,1,421,0,0
20260812,31,1077,18,37,219,1,422,0,0
20260812,31,1078,18,38,159,1,423,0,0
20260812,31,1079,18,39,92,1,424,0,0
20260812,31,1080,18,40,49,1,425,0,0
20260812,31,1081,18,41,43,1,426,0,0
20260812,31,1082,18,42,49,1,427,0,0
20260812,31,1083,18,43,44,1,428,0,0
20260812,31,1084,18,44,44,1,429,0,0
20260812,31,1085,18,45,39,1,430,0,0
20260812,31,1086,18,46,30,1,431,0,0
20260812,31,1087,18,47,36,1,432,0,0
20260812,31,1088,18,48,35,1,433,0,0
20260812,31,1089,18,49,20,1,434,0,0
20260812,31,1090,18,50,15,1,435,0,0
20260812,31,1091,18,51,8,1,436,0,0
20260812,31,1092,18,52,11,1,437,0,0
20260812,31,1093,18,53,12,1,438,0,0
20260812,31,1094,18,54,7,1,439,0,0
20260812,31,1095,18,55,5,1,440,0,0
20260812,31,1096,18,56,7,1,441,0,0
20260812,31,1097,18,57,10,1,442,0,0
20260812,31,1098,18,58,10,1,443,0,0
20260812,31,1099,18,59,9,1,444,0,0
20260812,31,1100,18,60,12,1,445,0,0
20260812,31,1101,19,1,871,1,446,0,0
20260812,31,1102,19,2,171,1,447,0,0
20260812,31,1103,19,3,89,1,448,0,0
20260812,31,1104,19,4,91,1,449,0,0
20260812,31,1105,19,5,53,1,450,0,0
20260812,31,1106,19,6,38,1,451,0,0
20260812,31,1107,19,7,43,1,452,0,0
20260812,31,1108,19,8,31,1,453,0,0
20260812,31,1109,19,9,31,1,454,0,0
20260812,31,1110,19,10,33,1,455,0,0
20260812,31,1111,19,11,15,1,456,0,0
20260812,31,1112,19,12,19,1,457,0,0
20260812,31,1113,19,13,16,1,458,0,0
20260812,31,1114,19,14,28,1,459,0,0
20260812,31,1115,19,15,27,1,460,0,0
20260812,31,1116,19,16,21,1,461,0,0
20260812,31,1117,19,17,25,1,462,0,0
20260812,31,1118,19,18,27,1,463,0,0
20260812,31,1119,19,19,24,1,464,0,0
20260812,31,1120,19,20,17,1,465,0,0
20260812,31,1121,19,21,23,1,466,0,0
20260812,31,1122,19,22,19,1,467,0,0
20260812,31,1123,19,23,24,1,468,0,0
20260812,31,1124,19,24,36,1,469,0,0
20260812,31,1125,19,25,41,1,470,0,0
20260812,31,1126,19,26,37,1,471,0,0
20260812,31,1127,19,27,35,1,472,0,0
20260812,31,1128,19,28,32,1,473,0,0
20260812,31,1129,19,29,32,1,474,0,0
20260812,31,1130,19,30,37,1,475,0,0
20260812,31,1131,19,31,56,1,476,0,0
20260812,31,1132,19,32,76,1,477,0,0
20260812,31,1133,19,33,136,1,478,0,0
20260812,31,1134,19,34,209,1,479,0,0
20260812,31,1135,19,35,201,1,480,0,0
20260812,31,1136,19,36,83,1,481,0,0
20260812,31,1137,19,37,57,1,482,0,0
20260812,31,1138,19,38,41,1,483,0,0
20260812,31,1139,19,39,25,1,484,0,0
20260812,31,1140,19,40,19,1,485,0,0
20260812,31,1141,19,41,17,1,486,0,0
20260812,31,1142,19,42,20,1,487,0,0
20260812,31,1143,19,43,22,1,488,0,0
20260812,31,1144,19,44,15,1,489,0,0
20260812,31,1145,19,45,19,1,490,0,0
20260812,31,1146,19,46,18,1,491,0,0
20260812,31,1147,19,47,16,1,492,0,0
20260812,31,1148,19,48,26,1,493,0,0
20260812,31,1149,19,49,21,1,494,0,0
20260812,31,1150,19,50,33,1,495,0,0
20260812,31,1151,19,51,32,1,496,0,0
20260812,31,1152,19,52,30,1,497,0,0
20260812,31,1153,19,53,28,1,498,0,0
20260812,31,1154,19,54,25,1,499,0,0
20260812,31,1155,19,55,35,1,500,0,0
20260812,31,1156,19,56,28,1,501,0,0
20260812,31,1157,19,57,19,1,502,0,0
20260812,31,1158,19,58,19,1,503,0,0
20260812,31,1159,19,59,18,1,504,0,0
20260812,31,1160,19,60,17,1,505,0,0
20260812,31,1161,20,1,852,1,506,0,0
20260812,31,1162,20,2,238,1,507,0,0
20260812,31,1163,20,3,112,1,508,0,0
20260812,31,1164,20,4,57,1,509,0,0
20260812,31,1165,20,5,58,1,510,0,0
20260812,31,1166,20,6,49,1,511,0,0
20260812,31,1167,20,7,56,1,512,0,0
20260812,31,1168,20,8,37,1,513,0,0
20260812,31,1169,20,9,40,1,514,0,0
20260812,31,1170,20,10,37,1,515,0,0
20260812,31,1171,20,11,32,1,516,0,0
20260812,31,1172,20,12,31,1,517,0,0
20260812,31,1173,20,13,28,1,518,0,0
20260812,31,1174,20,14,27,1,519,0,0
20260812,31,1175,20,15,37,1,520,0,0
20260812,31,1176,20,16,25,1,521,0,0
20260812,31,1177,20,17,24,1,522,0,0
20260812,31,1178,20,18,23,1,523,0,0
20260812,31,1179,20,19,16,1,524,0,0
20260812,31,1180,20,20,20,1,525,0,0
20260812,31,1181,20,21,17,1,526,0,0
20260812,31,1182,20,22,14,1,527,0,0
20260812,31,1183,20,23,10,1,528,0,0
20260812,31,1184,20,24,11,1,529,0,0
20260812,31,1185,20,25,11,1,530,0,0
20260812,31,1186,20,26,11,1,531,0,0
20260812,31,1187,20,27,18,1,532,0,0
20260812,31,1188,20,28,16,1,533,0,0
20260812,31,1189,20,29,23,1,534,0,0
20260812,31,1190,20,30,28,1,535,0,0
20260812,31,1191,20,31,50,1,536,0,0
20260812,31,1192,20,32,67,1,537,0,0
20260812,31,1193,20,33,185,1,538,0,0
20260812,31,1194,20,34,293,1,539,0,0
20260812,31,1195,20,35,275,1,540,0,0
20260812,31,1196,20,36,257,1,541,0,0
20260812,31,1197,20,37,197,1,542,0,0
20260812,31,1198,20,38,149,1,543,0,0
20260812,31,1199,20,39,131,1,544,0,0
20260812,31,1200,20,40,108,1,545,0,0
20260812,31,1201,20,41,51,1,546,0,0
20260812,31,1202,20,42,39,1,547,0,0
20260812,31,1203,20,43,33,1,548,0,0
20260812,31,1204,20,44,26,1,549,0,0
20260812,31,1205,20,45,18,1,550,0,0
20260812,31,1206,20,46,17,1,551,0,0
20260812,31,1207,20,47,13,1,552,0,0
20260812,31,1208,20,48,13,1,553,0,0
20260812,31,1209,20,49,18,1,554,0,0
20260812,31,1210,20,50,22,1,555,0,0
20260812,31,1211,20,51,22,1,556,0,0
20260812,31,1212,20,52,17,1,557,0,0
20260812,31,1213,20,53,20,1,558,0,0
20260812,31,1214,20,54,21,1,559,0,0
20260812,31,1215,20,55,16,1,560,0,0
20260812,31,1216,20,56,23,1,561,0,0
20260812,31,1217,20,57,13,1,562,0,0
20260812,31,1218,20,58,15,1,563,0,0
20260812,31,1219,20,59,15,1,564,0,0
20260812,31,1220,20,60,13,1,565,0,0
20260812,31,1221,21,1,829,1,566,0,0
20260812,31,1222,21,2,278,1,567,0,0
20260812,31,1223,21,3,103,1,568,0,0
20260812,31,1224,21,4,56,1,569,0,0
20260812,31,1225,21,5,49,1,570,0,0
20260812,31,1226,21,6,44,1,571,0,0
20260812,31,1227,21,7,40,1,572,0,0
20260812,31,1228,21,8,36,1,573,0,0
20260812,31,1229,21,9,17,1,574,0,0
20260812,31,1230,21,10,12,1,575,0,0
20260812,31,1231,21,11,12,1,576,0,0
20260812,31,1232,21,12,14,1,577,0,0
20260812,31,1233,21,13,20,1,578,0,0
20260812,31,1234,21,14,12,1,579,0,0
20260812,31,1235,21,15,16,1,580,0,0
20260812,31,1236,21,16,16,1,581,0,0
20260812,31,1237,21,17,10,1,582,0,0
20260812,31,1238,21,18,18,1,583,0,0
20260812,31,1239,21,19,16,1,584,0,0
20260812,31,1240,21,20,22,1,585,0,0
20260812,31,1241,21,21,19,1,586,0,0
20260812,31,1242,21,22,30,1,587,0,0
20260812,31,1243,21,23,30,1,588,0,0
20260812,31,1244,21,24,19,1,589,0,0
20260812,31,1245,21,25,20,1,590,0,0
20260812,31,1246,21,26,16,1,591,0,0
20260812,31,1247,21,27,14,1,592,0,0
20260812,31,1248,21,28,14,1,593,0,0
20260812,31,1249,21,29,12,1,594,0,0
20260812,31,1250,21,30,17,1,595,0,0
20260812,31,1251,21,31,21,1,596,0,0
20260812,31,1252,21,32,19,1,597,0,0
20260812,31,1253,21,33,13,1,598,0,0
20260812,31,1254,21,34,14,1,599,0,0
20260812,31,1255,21,35,14,1,600,0,0
20260812,31,1256,21,36,9,1,601,0,0
20260812,31,1257,21,37,8,1,602,0,0
20260812,31,1258,21,38,10,1,603,0,0
20260812,31,1259,21,39,18,1,604,0,0
20260812,31,1260,21,40,14,1,605,0,0
20260812,31,1261,21,41,16,1,606,0,0
20260812,31,1262,21,42,14,1,607,0,0
20260812,31,1263,21,43,16,1,608,0,0
20260812,31,1264,21,44,16,1,609,0,0
20260812,31,1265,21,45,12,1,610,0,0
20260812,31,1266,21,46,6,1,611,0,0
20260812,31,1267,21,47,15,1,612,0,0
20260812,31,1268,21,48,26,1,613,0,0
20260812,31,1269,21,49,21,1,614,0,0
20260812,31,1270,21,50,15,1,615,0,0
20260812,31,1271,21,51,19,1,616,0,0
20260812,31,1272,21,52,20,1,617,0,0
20260812,31,1273,21,53,19,1,618,0,0
20260812,31,1274,21,54,17,1,619,0,0
20260812,31,1275,21,55,27,1,620,0,0
20260812,31,1276,21,56,79,1,621,0,0
20260812,31,1277,21,57,185,1,622,0,0
20260812,31,1278,21,58,373,1,623,0,0
20260812,31,1279,21,59,410,1,624,0,0
20260812,31,1280,21,60,297,1,625,0,0
20260812,31,1281,22,1,554,1,626,0,0
20260812,31,1282,22,2,642,1,627,0,0
20260812,31,1283,22,3,234,1,628,0,0
20260812,31,1284,22,4,106,1,629,0,0
20260812,31,1285,22,5,91,1,630,0,0
20260812,31,1286,22,6,57,1,631,0,0
20260812,31,1287,22,7,56,1,632,0,0
20260812,31,1288,22,8,64,1,633,0,0
20260812,31,1289,22,9,60,1,634,0,0
20260812,31,1290,22,10,38,1,635,0,0
20260812,31,1291,22,11,39,1,636,0,0
20260812,31,1292,22,12,39,1,637,0,0
20260812,31,1293,22,13,36,1,638,0,0
20260812,31,1294,22,14,39,1,639,0,0
20260812,31,1295,22,15,42,1,640,0,0
20260812,31,1296,22,16,44,1,641,0,0
20260812,31,1297,22,17,30,1,642,0,0
20260812,31,1298,22,18,28,1,643,0,0
20260812,31,1299,22,19,28,1,644,0,0
20260812,31,1300,22,20,23,1,645,0,0
20260812,31,1301,22,21,26,1,646,0,0
20260812,31,1302,22,22,32,1,647,0,0
20260812,31,1303,22,23,23,1,648,0,0
20260812,31,1304,22,24,25,1,649,0,0
20260812,31,1305,22,25,23,1,650,0,0
20260812,31,1306,22,26,19,1,651,0,0
20260812,31,1307,22,27,28,1,652,0,0
20260812,31,1308,22,28,21,1,653,0,0
20260812,31,1309,22,29,14,1,654,0,0
20260812,31,1310,22,30,22,1,655,0,0
20260812,31,1311,22,31,16,1,656,0,0
20260812,31,1312,22,32,16,1,657,0,0
20260812,31,1313,22,33,11,1,658,0,0
20260812,31,1314,22,34,9,1,659,0,0
20260812,31,1315,22,35,13,1,660,0,0
20260812,31,1316,22,36,10,1,661,0,0
20260812,31,1317,22,37,9,1,662,0,0
20260812,31,1318,22,38,11,1,663,0,0
20260812,31,1319,22,39,6,1,664,0,0
20260812,31,1320,22,40,8,1,665,0,0
20260812,31,1321,22,41,13,1,666,0,0
20260812,31,1322,22,42,18,1,667,0,0
20260812,31,1323,22,43,9,1,668,0,0
20260812,31,1324,22,44,9,1,669,0,0
20260812,31,1325,22,45,13,1,670,0,0
20260812,31,1326,22,46,13,1,671,0,0
20260812,31,1327,22,47,5,1,672,0,0
20260812,31,1328,22,48,16,1,673,0,0
20260812,31,1329,22,49,46,1,674,0,0
20260812,31,1330,22,50,82,1,675,0,0
20260812,31,1331,22,51,179,1,676,0,0
20260812,31,1332,22,52,346,1,677,0,0
20260812,31,1333,22,53,381,1,678,0,0
20260812,31,1334,22,54,207,1,679,0,0
20260812,31,1335,22,55,70,1,680,0,0
20260812,31,1336,22,56,39,1,681,0,0
20260812,31,1337,22,57,27,1,682,0,0
20260812,31,1338,22,58,18,1,683,0,0
20260812,31,1339,22,59,14,1,684,0,0
20260812,31,1340,22,60,19,1,685,0,0
20260812,31,1341,23,1,855,1,686,0,0
20260812,31,1342,23,2,357,1,687,0,0
20260812,31,1343,23,3,109,1,688,0,0
20260812,31,1344,23,4,75,1,689,0,0
20260812,31,1345,23,5,73,1,690,0,0
20260812,31,1346,23,6,59,1,691,0,0
20260812,31,1347,23,7,69,1,692,0,0
20260812,31,1348,23,8,52,1,693,0,0
20260812,31,1349,23,9,67,1,694,0,0
20260812,31,1350,23,10,60,1,695,0,0
20260812,31,1351,23,11,42,1,696,0,0
20260812,31,1352,23,12,37,1,697,0,0
20260812,31,1353,23,13,33,1,698,0,0
20260812,31,1354,23,14,41,1,699,0,0
20260812,31,1355,23,15,42,1,700,0,0
20260812,31,1356,23,16,49,1,701,0,0
20260812,31,1357,23,17,37,1,702,0,0
20260812,31,1358,23,18,48,1,703,0,0
20260812,31,1359,23,19,35,1,704,0,0
20260812,31,1360,23,20,35,1,705,0,0
20260812,31,1361,23,21,26,1,706,0,0
20260812,31,1362,23,22,22,1,707,0,0
20260812,31,1363,23,23,26,1,708,0,0
20260812,31,1364,23,24,36,1,709,0,0
20260812,31,1365,23,25,24,1,710,0,0
20260812,31,1366,23,26,15,1,711,0,0
20260812,31,1367,23,27,21,1,712,0,0
20260812,31,1368,23,28,33,1,713,0,0
20260812,31,1369,23,29,31,1,714,0,0
20260812,31,1370,23,30,22,1,715,0,0
20260812,31,1371,23,31,16,1,716,0,0
20260812,31,1372,23,32,17,1,717,0,0
20260812,31,1373,23,33,17,1,718,0,0
20260812,31,1374,23,34,23,1,719,0,0
20260812,31,1375,23,35,26,1,720,0,0
20260812,31,1376,23,36,43,1,721,0,0
20260812,31,1377,23,37,81,1,722,0,0
20260812,31,1378,23,38,89,1,723,0,0
20260812,31,1379,23,39,136,1,724,0,0
20260812,31,1380,23,40,274,1,725,0,0
20260812,31,1381,23,41,245,1,726,0,0
20260812,31,1382,23,42,127,1,727,0,0
20260812,31,1383,23,43,69,1,728,0,0
20260812,31,1384,23,44,41,1,729,0,0
20260812,31,1385,23,45,37,1,730,0,0
20260812,31,1386,23,46,27,1,731,0,0
20260812,31,1387,23,47,42,1,732,0,0
20260812,31,1388,23,48,37,1,733,0,0
20260812,31,1389,23,49,44,1,734,0,0
20260812,31,1390,23,50,24,1,735,0,0
20260812,31,1391,23,51,26,1,736,0,0
20260812,31,1392,23,52,25,1,737,0,0
20260812,31,1393,23,53,18,1,738,0,0
20260812,31,1394,23,54,11,1,739,0,0
20260812,31,1395,23,55,11,1,740,0,0
20260812,31,1396,23,56,16,1,741,0,0
20260812,31,1397,23,57,15,1,742,0,0
20260812,31,1398,23,58,18,1,743,0,0
20260812,31,1399,23,59,17,1,744,0,0
20260812,31,1400,23,60,10,1,745,0,0
20260812,31,1401,24,1,863,1,746,0,0
20260812,31,1402,24,2,160,1,747,0,0
20260812,31,1403,24,3,64,1,748,0,0
20260812,31,1404,24,4,60,1,749,0,0
20260812,31,1405,24,5,52,1,750,0,0
20260812,31,1406,24,6,61,1,751,0,0
20260812,31,1407,24,7,50,1,752,0,0
20260812,31,1408,24,8,57,1,753,0,0
20260812,31,1409,24,9,60,1,754,0,0
20260812,31,1410,24,10,56,1,755,0,0
20260812,31,1411,24,11,51,1,756,0,0
20260812,31,1412,24,12,30,1,757,0,0
20260812,31,1413,24,13,28,1,758,0,0
20260812,31,1414,24,14,42,1,759,0,0
20260812,31,1415,24,15,56,1,760,0,0
20260812,31,1416,24,16,38,1,761,0,0
20260812,31,1417,24,17,39,1,762,0,0
20260812,31,1418,24,18,38,1,763,0,0
20260812,31,1419,24,19,32,1,764,0,0
20260812,31,1420,24,20,25,1,765,0,0
20260812,31,1421,24,21,30,1,766,0,0
20260812,31,1422,24,22,30,1,767,0,0
20260812,31,1423,24,23,38,1,768,0,0
20260812,31,1424,24,24,28,1,769,0,0
20260812,31,1425,24,25,34,1,770,0,0
20260812,31,1426,24,26,17,1,771,0,0
20260812,31,1427,24,27,28,1,772,0,0
20260812,31,1428,24,28,22,1,773,0,0
20260812,31,1429,24,29,24,1,774,0,0
20260812,31,1430,24,30,19,1,775,0,0
20260812,31,1431,24,31,22,1,776,0,0
20260812,31,1432,24,32,21,1,777,0,0
20260812,31,1433,24,33,16,1,778,0,0
20260812,31,1434,24,34,19,1,779,0,0
20260812,31,1435,24,35,12,1,780,0,0
20260812,31,1436,24,36,16,1,781,0,0
20260812,31,1437,24,37,10,1,782,0,0
20260812,31,1438,24,38,14,1,783,0,0
20260812,31,1439,24,39,12,1,784,0,0
20260812,31,1440,24,40,19,1,785,0,0
20260812,31,1441,24,41,21,1,786,0,0
20260812,31,1442,24,42,12,1,787,0,0
20260812,31,1443,24,43,10,1,788,0,0
20260812,31,1444,24,44,9,1,789,0,0
20260812,31,1445,24,45,12,1,790,0,0
20260812,31,1446,24,46,10,1,791,0,0
20260812,31,1447,24,47,11,1,792,0,0
20260812,31,1448,24,48,12,1,793,0,0
20260812,31,1449,24,49,18,1,794,0,0
20260812,31,1450,24,50,17,1,795,0,0
20260812,31,1451,24,51,7,1,796,0,0
20260812,31,1452,24,52,10,1,797,0,0
20260812,31,1453,24,53,28,1,798,0,0
20260812,31,1454,24,54,63,1,799,0,0
20260812,31,1455,24,55,200,1,800,0,0
20260812,31,1456,24,56,358,1,801,0,0
20260812,31,1457,24,57,344,1,802,0,0
20260812,31,1458,24,58,269,1,803,0,0
20260812,31,1459,24,59,268,1,804,0,0
20260812,31,1460,24,60,239,1,805,0,0
20260812,31,1461,25,1,519,1,806,0,0
20260812,31,1462,25,2,620,1,807,0,0
20260812,31,1463,25,3,238,1,808,0,0
20260812,31,1464,25,4,151,1,809,0,0
20260812,31,1465,25,5,120,1,810,0,0
20260812,31,1466,25,6,77,1,811,0,0
20260812,31,1467,25,7,80,1,812,0,0
20260812,31,1468,25,8,81,1,813,0,0
20260812,31,1469,25,9,79,1,814,0,0
20260812,31,1470,25,10,84,1,815,0,0
20260812,31,1471,25,11,71,1,816,0,0
20260812,31,1472,25,12,53,1,817,0,0
20260812,31,1473,25,13,35,1,818,0,0
20260812,31,1474,25,14,55,1,819,0,0
20260812,31,1475,25,15,50,1,820,0,0
20260812,31,1476,25,16,50,1,821,0,0
20260812,31,1477,25,17,66,1,822,0,0
20260812,31,1478,25,18,72,1,823,0,0
20260812,31,1479,25,19,67,1,824,0,0
20260812,31,1480,25,20,81,1,825,0,0
20260812,31,1481,25,21,68,1,826,0,0
20260812,31,1482,25,22,52,1,827,0,0
20260812,31,1483,25,23,48,1,828,0,0
20260812,31,1484,25,24,32,1,829,0,0
20260812,31,1485,25,25,43,1,830,0,0
20260812,31,1486,25,26,38,1,831,0,0
20260812,31,1487,25,27,29,1,832,0,0
20260812,31,1488,25,28,27,1,833,0,0
20260812,31,1489,25,29,29,1,834,0,0
20260812,31,1490,25,30,35,1,835,0,0
20260812,31,1491,25,31,25,1,836,0,0
20260812,31,1492,25,32,19,1,837,0,0
20260812,31,1493,25,33,17,1,838,0,0
20260812,31,1494,25,34,17,1,839,0,0
20260812,31,1495,25,35,22,1,840,0,0
20260812,31,1496,25,36,16,1,841,0,0
20260812,31,1497,25,37,18,1,842,0,0
20260812,31,1498,25,38,15,1,843,0,0
20260812,31,1499,25,39,12,1,844,0,0
20260812,31,1500,25,40,13,1,845,0,0
20260812,31,1501,25,41,15,1,846,0,0
20260812,31,1502,25,42,12,1,847,0,0
20260812,31,1503,25,43,19,1,848,0,0
20260812,31,1504,25,44,37,1,849,0,0
20260812,31,1505,25,45,55,1,850,0,0
20260812,31,1506,25,46,70,1,851,0,0
20260812,31,1507,25,47,131,1,852,0,0
20260812,31,1508,25,48,224,1,853,0,0
20260812,31,1509,25,49,325,1,854,0,0
20260812,31,1510,25,50,205,1,855,0,0
20260812,31,1511,25,51,126,1,856,0,0
20260812,31,1512,25,52,77,1,857,0,0
20260812,31,1513,25,53,46,1,858,0,0
20260812,31,1514,25,54,38,1,859,0,0
20260812,31,1515,25,55,29,1,860,0,0
20260812,31,1516,25,56,21,1,861,0,0
20260812,31,1517,25,57,29,1,862,0,0
20260812,31,1518,25,58,28,1,863,0,0
20260812,31,1519,25,59,28,1,864,0,0
20260812,31,1520,25,60,13,1,865,0,0
20260812,31,1521,26,1,879,1,866,0,0
20260812,31,1522,26,2,289,1,867,0,0
20260812,31,1523,26,3,128,1,868,0,0
20260812,31,1524,26,4,104,1,869,0,0
20260812,31,1525,26,5,98,1,870,0,0
20260812,31,1526,26,6,69,1,871,0,0
20260812,31,1527,26,7,53,1,872,0,0
20260812,31,1528,26,8,65,1,873,0,0
20260812,31,1529,26,9,61,1,874,0,0
20260812,31,1530,26,10,46,1,875,0,0
20260812,31,1531,26,11,54,1,876,0,0
20260812,31,1532,26,12,44,1,877,0,0
20260812,31,1533,26,13,43,1,878,0,0
20260812,31,1534,26,14,46,1,879,0,0
20260812,31,1535,26,15,46,1,880,0,0
20260812,31,1536,26,16,39,1,881,0,0
20260812,31,1537,26,17,38,1,882,0,0
20260812,31,1538,26,18,29,1,883,0,0
20260812,31,1539,26,19,18,1,884,0,0
20260812,31,1540,26,20,22,1,885,0,0
20260812,31,1541,26,21,26,1,886,0,0
20260812,31,1542,26,22,22,1,887,0,0
20260812,31,1543,26,23,17,1,888,0,0
20260812,31,1544,26,24,23,1,889,0,0
20260812,31,1545,26,25,14,1,890,0,0
20260812,31,1546,26,26,12,1,891,0,0
20260812,31,1547,26,27,9,1,892,0,0
20260812,31,1548,26,28,8,1,893,0,0
20260812,31,1549,26,29,7,1,894,0,0
20260812,31,1550,26,30,8,1,895,0,0
20260812,31,1551,26,31,15,1,896,0,0
20260812,31,1552,26,32,6,1,897,0,0
20260812,31,1553,26,33,5,1,898,0,0
20260812,31,1554,26,34,5,1,899,0,0
20260812,31,1555,26,35,6,1,900,0,0
20260812,31,1556,26,36,5,1,901,0,0
20260812,31,1557,26,37,4,1,902,0,0
20260812,31,1558,26,38,9,1,903,0,0
20260812,31,1559,26,39,13,1,904,0,0
20260812,31,1560,26,40,14,1,905,0,0
20260812,31,1561,26,41,27,1,906,0,0
20260812,31,1562,26,42,69,1,907,0,0
20260812,31,1563,26,43,174,1,908,0,0
20260812,31,1564,26,44,332,1,909,0,0
20260812,31,1565,26,45,272,1,910,0,0
20260812,31,1566,26,46,343,1,911,0,0
20260812,31,1567,26,47,352,1,912,0,0
20260812,31,1568,26,48,382,1,913,0,0
20260812,31,1569,26,49,170,1,914,0,0
20260812,31,1570,26,50,68,1,915,0,0
20260812,31,1571,26,51,37,1,916,0,0
20260812,31,1572,26,52,39,1,917,0,0
20260812,31,1573,26,53,39,1,918,0,0
20260812,31,1574,26,54,41,1,919,0,0
20260812,31,1575,26,55,27,1,920,0,0
20260812,31,1576,26,56,19,1,921,0,0
20260812,31,1577,26,57,18,1,922,0,0
20260812,31,1578,26,58,15,1,923,0,0
20260812,31,1579,26,59,15,1,924,0,0
20260812,31,1580,26,60,19,1,925,0,0
20260812,31,1581,27,1,904,1,926,0,0
20260812,31,1582,27,2,223,1,927,0,0
20260812,31,1583,27,3,128,1,928,0,0
20260812,31,1584,27,4,86,1,929,0,0
20260812,31,1585,27,5,87,1,930,0,0
20260812,31,1586,27,6,69,1,931,0,0
20260812,31,1587,27,7,73,1,932,0,0
20260812,31,1588,27,8,65,1,933,0,0
20260812,31,1589,27,9,55,1,934,0,0
20260812,31,1590,27,10,42,1,935,0,0
20260812,31,1591,27,11,50,1,936,0,0
20260812,31,1592,27,12,34,1,937,0,0
20260812,31,1593,27,13,39,1,938,0,0
20260812,31,1594,27,14,42,1,939,0,0
20260812,31,1595,27,15,35,1,940,0,0
20260812,31,1596,27,16,49,1,941,0,0
20260812,31,1597,27,17,36,1,942,0,0
20260812,31,1598,27,18,36,1,943,0,0
20260812,31,1599,27,19,27,1,944,0,0
20260812,31,1600,27,20,34,1,945,0,0
20260812,31,1601,27,21,40,1,946,0,0
20260812,31,1602,27,22,31,1,947,0,0
20260812,31,1603,27,23,31,1,948,0,0
20260812,31,1604,27,24,25,1,949,0,0
20260812,31,1605,27,25,22,1,950,0,0
20260812,31,1606,27,26,26,1,951,0,0
20260812,31,1607,27,27,26,1,952,0,0
20260812,31,1608,27,28,20,1,953,0,0
20260812,31,1609,27,29,23,1,954,0,0
20260812,31,1610,27,30,36,1,955,0,0
20260812,31,1611,27,31,34,1,956,0,0
20260812,31,1612,27,32,19,1,957,0,0
20260812,31,1613,27,33,39,1,958,0,0
20260812,31,1614,27,34,62,1,959,0,0
20260812,31,1615,27,35,66,1,960,0,0
20260812,31,1616,27,36,66,1,961,0,0
20260812,31,1617,27,37,73,1,962,0,0
20260812,31,1618,27,38,48,1,963,0,0
20260812,31,1619,27,39,42,1,964,0,0
20260812,31,1620,27,40,27,1,965,0,0
20260812,31,1621,27,41,24,1,966,0,0
20260812,31,1622,27,42,16,1,967,0,0
20260812,31,1623,27,43,16,1,968,0,0
20260812,31,1624,27,44,21,1,969,0,0
20260812,31,1625,27,45,12,1,970,0,0
20260812,31,1626,27,46,17,1,971,0,0
20260812,31,1627,27,47,18,1,972,0,0
20260812,31,1628,27,48,13,1,973,0,0
20260812,31,1629,27,49,13,1,974,0,0
20260812,31,1630,27,50,17,1,975,0,0
20260812,31,1631,27,51,13,1,976,0,0
20260812,31,1632,27,52,14,1,977,0,0
20260812,31,1633,27,53,6,1,978,0,0
20260812,31,1634,27,54,10,1,979,0,0
20260812,31,1635,27,55,13,1,980,0,0
20260812,31,1636,27,56,7,1,981,0,0
20260812,31,1637,27,57,5,1,982,0,0
20260812,31,1638,27,58,7,1,983,0,0
20260812,31,1639,27,59,5,1,984,0,0
20260812,31,1640,27,60,6,1,985,0,0
20260812,31,1641,28,1,870,1,986,0,0
20260812,31,1642,28,2,174,1,987,0,0
20260812,31,1643,28,3,112,1,988,0,0
20260812,31,1644,28,4,101,1,989,0,0
20260812,31,1645,28,5,59,1,990,0,0
20260812,31,1646,28,6,67,1,991,0,0
20260812,31,1647,28,7,43,1,992,0,0
20260812,31,1648,28,8,54,1,993,0,0
20260812,31,1649,28,9,41,1,994,0,0
20260812,31,1650,28,10,41,1,995,0,0
20260812,31,1651,28,11,36,1,996,0,0
20260812,31,1652,28,12,35,1,997,0,0
20260812,31,1653,28,13,25,1,998,0,0
20260812,31,1654,28,14,32,1,999,0,0
20260812,31,1655,28,15,22,1,1000,0,0
20260812,31,1656,28,16,25,1,1001,0,0
20260812,31,1657,28,17,34,1,1002,0,0
20260812,31,1658,28,18,26,1,1003,0,0
20260812,31,1659,28,19,22,1,1004,0,0
20260812,31,1660,28,20,27,1,1005,0,0
20260812,31,1661,28,21,25,1,1006,0,0
20260812,31,1662,28,22,19,1,1007,0,0
20260812,31,1663,28,23,16,1,1008,0,0
20260812,31,1664,28,24,19,1,1009,0,0
20260812,31,1665,28,25,15,1,1010,0,0
20260812,31,1666,28,26,13,1,1011,0,0
20260812,31,1667,28,27,22,1,1012,0,0
20260812,31,1668,28,28,27,1,1013,0,0
20260812,31,1669,28,29,37,1,1014,0,0
20260812,31,1670,28,30,50,1,1015,0,0
20260812,31,1671,28,31,107,1,1016,0,0
20260812,31,1672,28,32,233,1,1017,0,0
20260812,31,1673,28,33,403,1,1018,0,0
20260812,31,1674,28,34,277,1,1019,0,0
20260812,31,1675,28,35,213,1,1020,0,0
20260812,31,1676,28,36,197,1,1021,0,0
20260812,31,1677,28,37,178,1,1022,0,0
20260812,31,1678,28,38,170,1,1023,0,0
20260812,31,1679,28,39,119,1,1024,0,0
20260812,31,1680,28,40,55,1,1025,0,0
20260812,31,1681,28,41,36,1,1026,0,0
20260812,31,1682,28,42,30,1,1027,0,0
20260812,31,1683,28,43,21,1,1028,0,0
20260812,31,1684,28,44,22,1,1029,0,0
20260812,31,1685,28,45,13,1,1030,0,0
20260812,31,1686,28,46,16,1,1031,0,0
20260812,31,1687,28,47,15,1,1032,0,0
20260812,31,1688,28,48,9,1,1033,0,0
20260812,31,1689,28,49,12,1,1034,0,0
20260812,31,1690,28,50,13,1,1035,0,0
20260812,31,1691,28,51,14,1,1036,0,0
20260812,31,1692,28,52,9,1,1037,0,0
20260812,31,1693,28,53,14,1,1038,0,0
20260812,31,1694,28,54,7,1,1039,0,0
20260812,31,1695,28,55,9,1,1040,0,0
20260812,31,1696,28,56,13,1,1041,0,0
20260812,31,1697,28,57,10,1,1042,0,0
20260812,31,1698,28,58,11,1,1043,0,0
20260812,31,1699,28,59,13,1,1044,0,0
20260812,31,1700,28,60,9,1,1045,0,0
20260812,31,1701,29,1,851,1,1046,0,0
20260812,31,1702,29,2,191,1,1047,0,0
20260812,31,1703,29,3,52,1,1048,0,0
20260812,31,1704,29,4,37,1,1049,0,0
20260812,31,1705,29,5,47,1,1050,0,0
20260812,31,1706,29,6,53,1,1051,0,0
20260812,31,1707,29,7,43,1,1052,0,0
20260812,31,1708,29,8,39,1,1053,0,0
20260812,31,1709,29,9,28,1,1054,0,0
20260812,31,1710,29,10,27,1,1055,0,0
20260812,31,1711,29,11,27,1,1056,0,0
20260812,31,1712,29,12,22,1,1057,0,0
20260812,31,1713,29,13,27,1,1058,0,0
20260812,31,1714,29,14,10,1,1059,0,0
20260812,31,1715,29,15,11,1,1060,0,0
20260812,31,1716,29,16,11,1,1061,0,0
20260812,31,1717,29,17,9,1,1062,0,0
20260812,31,1718,29,18,10,1,1063,0,0
20260812,31,1719,29,19,6,1,1064,0,0
20260812,31,1720,29,20,8,1,1065,0,0
20260812,31,1721,29,21,16,1,1066,0,0
20260812,31,1722,29,22,9,1,1067,0,0
20260812,31,1723,29,23,4,1,1068,0,0
20260812,31,1724,29,24,8,1,1069,0,0
20260812,31,1725,29,25,9,1,1070,0,0
20260812,31,1726,29,26,9,1,1071,0,0
20260812,31,1727,29,27,13,1,1072,0,0
20260812,31,1728,29,28,10,1,1073,0,0
20260812,31,1729,29,29,12,1,1074,0,0
20260812,31,1730,29,30,12,1,1075,0,0
20260812,31,1731,29,31,20,1,1076,0,0
20260812,31,1732,29,32,35,1,1077,0,0
20260812,31,1733,29,33,115,1,1078,0,0
20260812,31,1734,29,34,235,1,1079,0,0
20260812,31,1735,29,35,316,1,1080,0,0
20260812,31,1736,29,36,280,1,1081,0,0
20260812,31,1737,29,37,241,1,1082,0,0
20260812,31,1738,29,38,245,1,1083,0,0
20260812,31,1739,29,39,201,1,1084,0,0
20260812,31,1740,29,40,187,1,1085,0,0
20260812,31,1741,29,41,107,1,1086,0,0
20260812,31,1742,29,42,44,1,1087,0,0
20260812,31,1743,29,43,31,1,1088,0,0
20260812,31,1744,29,44,27,1,1089,0,0
20260812,31,1745,29,45,24,1,1090,0,0
20260812,31,1746,29,46,10,1,1091,0,0
20260812,31,1747,29,47,21,1,1092,0,0
20260812,31,1748,29,48,25,1,1093,0,0
20260812,31,1749,29,49,17,1,1094,0,0
20260812,31,1750,29,50,22,1,1095,0,0
20260812,31,1751,29,51,20,1,1096,0,0
20260812,31,1752,29,52,21,1,1097,0,0
20260812,31,1753,29,53,9,1,1098,0,0
20260812,31,1754,29,54,11,1,1099,0,0
20260812,31,1755,29,55,9,1,1100,0,0
20260812,31,1756,29,56,8,1,1101,0,0
20260812,31,1757,29,57,8,1,1102,0,0
20260812,31,1758,29,58,10,1,1103,0,0
20260812,31,1759,29,59,6,1,1104,0,0
20260812,31,1760,29,60,8,1,1105,0,0
20260812,31,1761,30,1,844,1,1106,0,0
20260812,31,1762,30,2,148,1,1107,0,0
20260812,31,1763,30,3,62,1,1108,0,0
20260812,31,1764,30,4,47,1,1109,0,0
20260812,31,1765,30,5,42,1,1110,0,0
20260812,31,1766,30,6,52,1,1111,0,0
20260812,31,1767,30,7,45,1,1112,0,0
20260812,31,1768,30,8,35,1,1113,0,0
20260812,31,1769,30,9,39,1,1114,0,0
20260812,31,1770,30,10,39,1,1115,0,0
20260812,31,1771,30,11,45,1,1116,0,0
20260812,31,1772,30,12,33,1,1117,0,0
20260812,31,1773,30,13,31,1,1118,0,0
20260812,31,1774,30,14,35,1,1119,0,0
20260812,31,1775,30,15,28,1,1120,0,0
20260812,31,1776,30,16,27,1,1121,0,0
20260812,31,1777,30,17,36,1,1122,0,0
20260812,31,1778,30,18,39,1,1123,0,0
20260812,31,1779,30,19,34,1,1124,0,0
20260812,31,1780,30,20,21,1,1125,0,0
20260812,31,1781,30,21,22,1,1126,0,0
20260812,31,1782,30,22,21,1,1127,0,0
20260812,31,1783,30,23,16,1,1128,0,0
20260812,31,1784,30,24,7,1,1129,0,0
20260812,31,1785,30,25,10,1,1130,0,0
20260812,31,1786,30,26,6,1,1131,0,0
20260812,31,1787,30,27,14,1,1132,0,0
20260812,31,1788,30,28,11,1,1133,0,0
20260812,31,1789,30,29,11,1,1134,0,0
20260812,31,1790,30,30,8,1,1135,0,0
20260812,31,1791,30,31,9,1,1136,0,0
20260812,31,1792,30,32,9,1,1137,0,0
20260812,31,1793,30,33,6,1,1138,0,0
20260812,31,1794,30,34,5,1,1139,0,0
20260812,31,1795,30,35,8,1,1140,0,0
20260812,31,1796,30,36,8,1,1141,0,0
20260812,31,1797,30,37,10,1,1142,0,0
20260812,31,1798,30,38,10,1,1143,0,0
20260812,31,1799,30,39,10,1,1144,0,0
20260812,31,1800,30,40,8,1,1145,0,0
20260812,31,1801,30,41,23,1,1146,0,0
20260812,31,1802,30,42,25,1,1147,0,0
20260812,31,1803,30,43,59,1,1148,0,0
20260812,31,1804,30,44,178,1,1149,0,0
20260812,31,1805,30,45,402,1,1150,0,0
20260812,31,1806,30,46,420,1,1151,0,0
20260812,31,1807,30,47,334,1,1152,0,0
20260812,31,1808,30,48,290,1,1153,0,0
20260812,31,1809,30,49,211,1,1154,0,0
20260812,31,1810,30,50,86,1,1155,0,0
20260812,31,1811,30,51,44,1,1156,0,0
20260812,31,1812,30,52,35,1,1157,0,0
20260812,31,1813,30,53,24,1,1158,0,0
20260812,31,1814,30,54,18,1,1159,0,0
20260812,31,1815,30,55,20,1,1160,0,0
20260812,31,1816,30,56,12,1,1161,0,0
20260812,31,1817,30,57,13,1,1162,0,0
20260812,31,1818,30,58,17,1,1163,0,0
20260812,31,1819,30,59,14,1,1164,0,0
20260812,31,1820,30,60,10,1,1165,0,0
20260812,31,1821,31,1,873,1,1166,0,0
20260812,31,1822,31,2,216,1,1167,0,0
20260812,31,1823,31,3,90,1,1168,0,0
20260812,31,1824,31,4,80,1,1169,0,0
20260812,31,1825,31,5,69,1,1170,0,0
20260812,31,1826,31,6,53,1,1171,0,0
20260812,31,1827,31,7,53,1,1172,0,0
20260812,31,1828,31,8,43,1,1173,0,0
20260812,31,1829,31,9,42,1,1174,0,0
20260812,31,1830,31,10,39,1,1175,0,0
20260812,31,1831,31,11,31,1,1176,0,0
20260812,31,1832,31,12,28,1,1177,0,0
20260812,31,1833,31,13,25,1,1178,0,0
20260812,31,1834,31,14,24,1,1179,0,0
20260812,31,1835,31,15,28,1,1180,0,0
20260812,31,1836,31,16,54,1,1181,0,0
20260812,31,1837,31,17,74,1,1182,0,0
20260812,31,1838,31,18,131,1,1183,0,0
20260812,31,1839,31,19,175,1,1184,0,0
20260812,31,1840,31,20,205,1,1185,0,0
20260812,31,1841,31,21,205,1,1186,0,0
20260812,31,1842,31,22,205,1,1187,0,0
20260812,31,1843,31,23,230,1,1188,0,0
20260812,31,1844,31,24,247,1,1189,0,0
20260812,31,1845,31,25,204,1,1190,0,0
20260812,31,1846,31,26,123,1,1191,0,0
20260812,31,1847,31,27,61,1,1192,0,0
20260812,31,1848,31,28,37,1,1193,0,0
20260812,31,1849,31,29,27,1,1194,0,0
20260812,31,1850,31,30,22,1,1195,0,0
20260812,31,1851,31,31,26,1,1196,0,0
20260812,31,1852,31,32,27,1,1197,0,0
20260812,31,1853,31,33,24,1,1198,0,0
20260812,31,1854,31,34,22,1,1199,0,0
20260812,31,1855,31,35,24,1,1200,0,0
20260812,31,1856,31,36,18,1,1201,0,0
20260812,31,1857,31,37,16,1,1202,0,0
20260812,31,1858,31,38,19,1,1203,0,0
20260812,31,1859,31,39,15,1,1204,0,0
20260812,31,1860,31,40,17,1,1205,0,0
20260812,31,1861,31,41,15,1,1206,0,0
20260812,31,1862,31,42,13,1,1207,0,0
20260812,31,1863,31,43,8,1,1208,0,0
20260812,31,1864,31,44,14,1,1209,0,0
20260812,31,1865,31,45,14,1,1210,0,0
20260812,31,1866,31,46,12,1,1211,0,0
20260812,31,1867,31,47,28,1,1212,0,0
20260812,31,1868,31,48,24,1,1213,0,0
20260812,31,1869,31,49,19,1,1214,0,0
20260812,31,1870,31,50,5,1,1215,0,0
20260812,31,1871,31,51,17,1,1216,0,0
20260812,31,1872,31,52,18,1,1217,0,0
20260812,31,1873,31,53,41,1,1218,0,0
20260812,31,1874,31,54,94,1,1219,0,0
20260812,31,1875,31,55,205,1,1220,0,0
20260812,31,1876,31,56,355,1,1221,0,0
20260812,31,1877,31,57,285,1,1222,0,0
20260812,31,1878,31,58,235,1,1223,0,0
20260812,31,1879,31,59,238,1,1224,0,0
20260812,31,1880,31,60,189,1,1225,0,0
20260812,31,1881,32,1,520,1,1226,0,0
20260812,31,1882,32,2,630,1,1227,0,0
20260812,31,1883,32,3,233,1,1228,0,0
20260812,31,1884,32,4,92,1,1229,0,0
20260812,31,1885,32,5,90,1,1230,0,0
20260812,31,1886,32,6,53,1,1231,0,0
20260812,31,1887,32,7,31,1,1232,0,0
20260812,31,1888,32,8,26,1,1233,0,0
20260812,31,1889,32,9,22,1,1234,0,0
20260812,31,1890,32,10,22,1,1235,0,0
20260812,31,1891,32,11,30,1,1236,0,0
20260812,31,1892,32,12,21,1,1237,0,0
20260812,31,1893,32,13,18,1,1238,0,0
20260812,31,1894,32,14,21,1,1239,0,0
20260812,31,1895,32,15,11,1,1240,0,0
20260812,31,1896,32,16,15,1,1241,0,0
20260812,31,1897,32,17,12,1,1242,0,0
20260812,31,1898,32,18,12,1,1243,0,0
20260812,31,1899,32,19,10,1,1244,0,0
20260812,31,1900,32,20,9,1,1245,0,0
20260812,31,1901,32,21,12,1,1246,0,0
20260812,31,1902,32,22,11,1,1247,0,0
20260812,31,1903,32,23,9,1,1248,0,0
20260812,31,1904,32,24,11,1,1249,0,0
20260812,31,1905,32,25,4,1,1250,0,0
20260812,31,1906,32,26,8,1,1251,0,0
20260812,31,1907,32,27,6,1,1252,0,0
20260812,31,1908,32,28,13,1,1253,0,0
20260812,31,1909,32,29,14,1,1254,0,0
20260812,31,1910,32,30,22,1,1255,0,0
20260812,31,1911,32,31,22,1,1256,0,0
20260812,31,1912,32,32,33,1,1257,0,0
20260812,31,1913,32,33,58,1,1258,0,0
20260812,31,1914,32,34,149,1,1259,0,0
20260812,31,1915,32,35,368,1,1260,0,0
20260812,31,1916,32,36,487,1,1261,0,0
20260812,31,1917,32,37,350,1,1262,0,0
20260812,31,1918,32,38,255,1,1263,0,0
20260812,31,1919,32,39,83,1,1264,0,0
20260812,31,1920,32,40,41,1,1265,0,0
20260812,31,1921,32,41,36,1,1266,0,0
20260812,31,1922,32,42,28,1,1267,0,0
20260812,31,1923,32,43,25,1,1268,0,0
20260812,31,1924,32,44,33,1,1269,0,0
20260812,31,1925,32,45,29,1,1270,0,0
20260812,31,1926,32,46,21,1,1271,0,0
20260812,31,1927,32,47,16,1,1272,0,0
20260812,31,1928,32,48,13,1,1273,0,0
20260812,31,1929,32,49,9,1,1274,0,0
20260812,31,1930,32,50,10,1,1275,0,0
20260812,31,1931,32,51,8,1,1276,0,0
20260812,31,1932,32,52,6,1,1277,0,0
20260812,31,1933,32,53,6,1,1278,0,0
20260812,31,1934,32,54,7,1,1279,0,0
20260812,31,1935,32,55,7,1,1280,0,0
20260812,31,1936,32,56,10,1,1281,0,0
20260812,31,1937,32,57,7,1,1282,0,0
20260812,31,1938,32,58,17,1,1283,0,0
20260812,31,1939,32,59,17,1,1284,0,0
20260812,31,1940,32,60,12,1,1285,0,0
