case_id,sample_seed,shot,trajectory,global_iteration,relay_leg,leg_iteration,original_residual_weight,partitioned_residual_weight,original_running_best,partitioned_running_best,original_decision_weight,partitioned_decision_weight,residual_hash_match,decision_hash_match,gamma_hash_match,original_converged,partitioned_converged
easy_e0,20260809,31,E0,1,1,1,192,192,153,153,324,324,1,1,1,0,0
easy_e0,20260809,31,E0,2,1,2,170,170,153,153,153,153,1,1,1,0,0
easy_e0,20260809,31,E0,3,1,3,92,92,92,92,43,43,1,1,1,0,0
easy_e0,20260809,31,E0,4,1,4,94,94,92,92,117,117,1,1,1,0,0
easy_e0,20260809,31,E0,5,1,5,73,73,73,73,71,71,1,1,1,0,0
easy_e0,20260809,31,E0,6,1,6,63,63,63,63,77,77,1,1,1,0,0
easy_e0,20260809,31,E0,7,1,7,60,60,60,60,69,69,1,1,1,0,0
easy_e0,20260809,31,E0,8,1,8,49,49,49,49,70,70,1,1,1,0,0
easy_e0,20260809,31,E0,9,1,9,43,43,43,43,72,72,1,1,1,0,0
easy_e0,20260809,31,E0,10,1,10,38,38,38,38,59,59,1,1,1,0,0
easy_e0,20260809,31,E0,11,1,11,39,39,38,38,63,63,1,1,1,0,0
easy_e0,20260809,31,E0,12,1,12,36,36,36,36,55,55,1,1,1,0,0
easy_e0,20260809,31,E0,13,1,13,28,28,28,28,55,55,1,1,1,0,0
easy_e0,20260809,31,E0,14,1,14,22,22,22,22,53,53,1,1,1,0,0
easy_e0,20260809,31,E0,15,1,15,19,19,19,19,45,45,1,1,1,0,0
easy_e0,20260809,31,E0,16,1,16,6,6,6,6,50,50,1,1,1,0,0
easy_e0,20260809,31,E0,17,1,17,2,2,2,2,47,47,1,1,1,0,0
easy_e0,20260809,31,E0,18,1,18,1,1,1,1,45,45,1,1,1,0,0
easy_e0,20260809,31,E0,19,1,19,1,1,1,1,45,45,1,1,1,0,0
easy_e0,20260809,31,E0,20,1,20,3,3,1,1,47,47,1,1,1,0,0
easy_e0,20260809,31,E0,21,1,21,1,1,1,1,45,45,1,1,1,0,0
easy_e0,20260809,31,E0,22,1,22,0,0,0,0,44,44,1,1,1,1,1
typical_e0,20260809,2,E0,1,1,1,356,356,216,216,731,731,1,1,1,0,0
typical_e0,20260809,2,E0,2,1,2,237,237,216,216,103,103,1,1,1,0,0
typical_e0,20260809,2,E0,3,1,3,145,145,145,145,101,101,1,1,1,0,0
typical_e0,20260809,2,E0,4,1,4,153,153,145,145,217,217,1,1,1,0,0
typical_e0,20260809,2,E0,5,1,5,125,125,125,125,106,106,1,1,1,0,0
typical_e0,20260809,2,E0,6,1,6,98,98,98,98,117,117,1,1,1,0,0
typical_e0,20260809,2,E0,7,1,7,79,79,79,79,114,114,1,1,1,0,0
typical_e0,20260809,2,E0,8,1,8,72,72,72,72,116,116,1,1,1,0,0
typical_e0,20260809,2,E0,9,1,9,81,81,72,72,111,111,1,1,1,0,0
typical_e0,20260809,2,E0,10,1,10,85,85,72,72,106,106,1,1,1,0,0
typical_e0,20260809,2,E0,11,1,11,78,78,72,72,86,86,1,1,1,0,0
typical_e0,20260809,2,E0,12,1,12,74,74,72,72,126,126,1,1,1,0,0
typical_e0,20260809,2,E0,13,1,13,66,66,66,66,81,81,1,1,1,0,0
typical_e0,20260809,2,E0,14,1,14,67,67,66,66,121,121,1,1,1,0,0
typical_e0,20260809,2,E0,15,1,15,51,51,51,51,65,65,1,1,1,0,0
typical_e0,20260809,2,E0,16,1,16,43,43,43,43,97,97,1,1,1,0,0
typical_e0,20260809,2,E0,17,1,17,32,32,32,32,67,67,1,1,1,0,0
typical_e0,20260809,2,E0,18,1,18,43,43,32,32,79,79,1,1,1,0,0
typical_e0,20260809,2,E0,19,1,19,29,29,29,29,86,86,1,1,1,0,0
typical_e0,20260809,2,E0,20,1,20,36,36,29,29,77,77,1,1,1,0,0
typical_e0,20260809,2,E0,21,1,21,33,33,29,29,78,78,1,1,1,0,0
typical_e0,20260809,2,E0,22,1,22,29,29,29,29,94,94,1,1,1,0,0
typical_e0,20260809,2,E0,23,1,23,33,33,29,29,70,70,1,1,1,0,0
typical_e0,20260809,2,E0,24,1,24,31,31,29,29,89,89,1,1,1,0,0
typical_e0,20260809,2,E0,25,1,25,27,27,27,27,69,69,1,1,1,0,0
typical_e0,20260809,2,E0,26,1,26,31,31,27,27,87,87,1,1,1,0,0
typical_e0,20260809,2,E0,27,1,27,22,22,22,22,74,74,1,1,1,0,0
typical_e0,20260809,2,E0,28,1,28,20,20,20,20,93,93,1,1,1,0,0
typical_e0,20260809,2,E0,29,1,29,23,23,20,20,56,56,1,1,1,0,0
typical_e0,20260809,2,E0,30,1,30,29,29,20,20,109,109,1,1,1,0,0
typical_e0,20260809,2,E0,31,1,31,27,27,20,20,58,58,1,1,1,0,0
typical_e0,20260809,2,E0,32,1,32,22,22,20,20,94,94,1,1,1,0,0
typical_e0,20260809,2,E0,33,1,33,27,27,20,20,67,67,1,1,1,0,0
typical_e0,20260809,2,E0,34,1,34,24,24,20,20,85,85,1,1,1,0,0
typical_e0,20260809,2,E0,35,1,35,24,24,20,20,57,57,1,1,1,0,0
typical_e0,20260809,2,E0,36,1,36,28,28,20,20,104,104,1,1,1,0,0
typical_e0,20260809,2,E0,37,1,37,31,31,20,20,56,56,1,1,1,0,0
typical_e0,20260809,2,E0,38,1,38,21,21,20,20,93,93,1,1,1,0,0
typical_e0,20260809,2,E0,39,1,39,20,20,20,20,57,57,1,1,1,0,0
typical_e0,20260809,2,E0,40,1,40,13,13,13,13,89,89,1,1,1,0,0
typical_e0,20260809,2,E0,41,1,41,13,13,13,13,57,57,1,1,1,0,0
typical_e0,20260809,2,E0,42,1,42,14,14,13,13,86,86,1,1,1,0,0
typical_e0,20260809,2,E0,43,1,43,13,13,13,13,57,57,1,1,1,0,0
typical_e0,20260809,2,E0,44,1,44,9,9,9,9,80,80,1,1,1,0,0
typical_e0,20260809,2,E0,45,1,45,13,13,9,9,57,57,1,1,1,0,0
typical_e0,20260809,2,E0,46,1,46,13,13,9,9,95,95,1,1,1,0,0
typical_e0,20260809,2,E0,47,1,47,12,12,9,9,59,59,1,1,1,0,0
typical_e0,20260809,2,E0,48,1,48,11,11,9,9,91,91,1,1,1,0,0
typical_e0,20260809,2,E0,49,1,49,12,12,9,9,58,58,1,1,1,0,0
typical_e0,20260809,2,E0,50,1,50,15,15,9,9,83,83,1,1,1,0,0
typical_e0,20260809,2,E0,51,1,51,12,12,9,9,59,59,1,1,1,0,0
typical_e0,20260809,2,E0,52,1,52,14,14,9,9,82,82,1,1,1,0,0
typical_e0,20260809,2,E0,53,1,53,12,12,9,9,59,59,1,1,1,0,0
typical_e0,20260809,2,E0,54,1,54,14,14,9,9,79,79,1,1,1,0,0
typical_e0,20260809,2,E0,55,1,55,12,12,9,9,58,58,1,1,1,0,0
typical_e0,20260809,2,E0,56,1,56,11,11,9,9,91,91,1,1,1,0,0
typical_e0,20260809,2,E0,57,1,57,12,12,9,9,58,58,1,1,1,0,0
typical_e0,20260809,2,E0,58,1,58,12,12,9,9,82,82,1,1,1,0,0
typical_e0,20260809,2,E0,59,1,59,12,12,9,9,59,59,1,1,1,0,0
typical_e0,20260809,2,E0,60,1,60,13,13,9,9,88,88,1,1,1,0,0
typical_e0,20260809,2,E0,61,1,61,12,12,9,9,58,58,1,1,1,0,0
typical_e0,20260809,2,E0,62,1,62,12,12,9,9,94,94,1,1,1,0,0
typical_e0,20260809,2,E0,63,1,63,10,10,9,9,60,60,1,1,1,0,0
typical_e0,20260809,2,E0,64,1,64,9,9,9,9,74,74,1,1,1,0,0
typical_e0,20260809,2,E0,65,1,65,12,12,9,9,58,58,1,1,1,0,0
typical_e0,20260809,2,E0,66,1,66,15,15,9,9,97,97,1,1,1,0,0
typical_e0,20260809,2,E0,67,1,67,12,12,9,9,58,58,1,1,1,0,0
typical_e0,20260809,2,E0,68,1,68,14,14,9,9,88,88,1,1,1,0,0
typical_e0,20260809,2,E0,69,1,69,12,12,9,9,58,58,1,1,1,0,0
typical_e0,20260809,2,E0,70,1,70,10,10,9,9,72,72,1,1,1,0,0
typical_e0,20260809,2,E0,71,1,71,8,8,8,8,59,59,1,1,1,0,0
typical_e0,20260809,2,E0,72,1,72,7,7,7,7,67,67,1,1,1,0,0
typical_e0,20260809,2,E0,73,1,73,9,9,7,7,63,63,1,1,1,0,0
typical_e0,20260809,2,E0,74,1,74,0,0,0,0,61,61,1,1,1,1,1
known_n1_failure,20260809,18,E0,1,1,1,338,338,232,232,750,750,1,1,1,0,0
known_n1_failure,20260809,18,E0,2,1,2,225,225,225,225,49,49,1,1,1,0,0
known_n1_failure,20260809,18,E0,3,1,3,137,137,137,137,121,121,1,1,1,0,0
known_n1_failure,20260809,18,E0,4,1,4,163,163,137,137,167,167,1,1,1,0,0
known_n1_failure,20260809,18,E0,5,1,5,144,144,137,137,148,148,1,1,1,0,0
known_n1_failure,20260809,18,E0,6,1,6,144,144,137,137,116,116,1,1,1,0,0
known_n1_failure,20260809,18,E0,7,1,7,122,122,122,122,166,166,1,1,1,0,0
known_n1_failure,20260809,18,E0,8,1,8,121,121,121,121,86,86,1,1,1,0,0
known_n1_failure,20260809,18,E0,9,1,9,89,89,89,89,164,164,1,1,1,0,0
known_n1_failure,20260809,18,E0,10,1,10,95,95,89,89,93,93,1,1,1,0,0
known_n1_failure,20260809,18,E0,11,1,11,80,80,80,80,147,147,1,1,1,0,0
known_n1_failure,20260809,18,E0,12,1,12,91,91,80,80,119,119,1,1,1,0,0
known_n1_failure,20260809,18,E0,13,1,13,78,78,78,78,95,95,1,1,1,0,0
known_n1_failure,20260809,18,E0,14,1,14,83,83,78,78,130,130,1,1,1,0,0
known_n1_failure,20260809,18,E0,15,1,15,86,86,78,78,103,103,1,1,1,0,0
known_n1_failure,20260809,18,E0,16,1,16,79,79,78,78,91,91,1,1,1,0,0
known_n1_failure,20260809,18,E0,17,1,17,66,66,66,66,125,125,1,1,1,0,0
known_n1_failure,20260809,18,E0,18,1,18,69,69,66,66,140,140,1,1,1,0,0
known_n1_failure,20260809,18,E0,19,1,19,65,65,65,65,78,78,1,1,1,0,0
known_n1_failure,20260809,18,E0,20,1,20,59,59,59,59,132,132,1,1,1,0,0
known_n1_failure,20260809,18,E0,21,1,21,51,51,51,51,70,70,1,1,1,0,0
known_n1_failure,20260809,18,E0,22,1,22,46,46,46,46,119,119,1,1,1,0,0
known_n1_failure,20260809,18,E0,23,1,23,50,50,46,46,65,65,1,1,1,0,0
known_n1_failure,20260809,18,E0,24,1,24,30,30,30,30,103,103,1,1,1,0,0
known_n1_failure,20260809,18,E0,25,1,25,52,52,30,30,76,76,1,1,1,0,0
known_n1_failure,20260809,18,E0,26,1,26,44,44,30,30,107,107,1,1,1,0,0
known_n1_failure,20260809,18,E0,27,1,27,49,49,30,30,86,86,1,1,1,0,0
known_n1_failure,20260809,18,E0,28,1,28,37,37,30,30,83,83,1,1,1,0,0
known_n1_failure,20260809,18,E0,29,1,29,39,39,30,30,85,85,1,1,1,0,0
known_n1_failure,20260809,18,E0,30,1,30,40,40,30,30,82,82,1,1,1,0,0
known_n1_failure,20260809,18,E0,31,1,31,38,38,30,30,81,81,1,1,1,0,0
known_n1_failure,20260809,18,E0,32,1,32,23,23,23,23,78,78,1,1,1,0,0
known_n1_failure,20260809,18,E0,33,1,33,31,31,23,23,78,78,1,1,1,0,0
known_n1_failure,20260809,18,E0,34,1,34,15,15,15,15,76,76,1,1,1,0,0
known_n1_failure,20260809,18,E0,35,1,35,21,21,15,15,70,70,1,1,1,0,0
known_n1_failure,20260809,18,E0,36,1,36,19,19,15,15,95,95,1,1,1,0,0
known_n1_failure,20260809,18,E0,37,1,37,13,13,13,13,71,71,1,1,1,0,0
known_n1_failure,20260809,18,E0,38,1,38,16,16,13,13,73,73,1,1,1,0,0
known_n1_failure,20260809,18,E0,39,1,39,16,16,13,13,73,73,1,1,1,0,0
known_n1_failure,20260809,18,E0,40,1,40,12,12,12,12,83,83,1,1,1,0,0
known_n1_failure,20260809,18,E0,41,1,41,19,19,12,12,75,75,1,1,1,0,0
known_n1_failure,20260809,18,E0,42,1,42,18,18,12,12,83,83,1,1,1,0,0
known_n1_failure,20260809,18,E0,43,1,43,19,19,12,12,72,72,1,1,1,0,0
known_n1_failure,20260809,18,E0,44,1,44,10,10,10,10,77,77,1,1,1,0,0
known_n1_failure,20260809,18,E0,45,1,45,13,13,10,10,71,71,1,1,1,0,0
known_n1_failure,20260809,18,E0,46,1,46,9,9,9,9,79,79,1,1,1,0,0
known_n1_failure,20260809,18,E0,47,1,47,16,16,9,9,76,76,1,1,1,0,0
known_n1_failure,20260809,18,E0,48,1,48,9,9,9,9,73,73,1,1,1,0,0
known_n1_failure,20260809,18,E0,49,1,49,18,18,9,9,80,80,1,1,1,0,0
known_n1_failure,20260809,18,E0,50,1,50,19,19,9,9,67,67,1,1,1,0,0
known_n1_failure,20260809,18,E0,51,1,51,9,9,9,9,92,92,1,1,1,0,0
known_n1_failure,20260809,18,E0,52,1,52,17,17,9,9,76,76,1,1,1,0,0
known_n1_failure,20260809,18,E0,53,1,53,12,12,9,9,78,78,1,1,1,0,0
known_n1_failure,20260809,18,E0,54,1,54,12,12,9,9,72,72,1,1,1,0,0
known_n1_failure,20260809,18,E0,55,1,55,14,14,9,9,85,85,1,1,1,0,0
known_n1_failure,20260809,18,E0,56,1,56,17,17,9,9,72,72,1,1,1,0,0
known_n1_failure,20260809,18,E0,57,1,57,16,16,9,9,84,84,1,1,1,0,0
known_n1_failure,20260809,18,E0,58,1,58,13,13,9,9,67,67,1,1,1,0,0
known_n1_failure,20260809,18,E0,59,1,59,17,17,9,9,93,93,1,1,1,0,0
known_n1_failure,20260809,18,E0,60,1,60,16,16,9,9,70,70,1,1,1,0,0
known_n1_failure,20260809,18,E0,61,1,61,13,13,9,9,77,77,1,1,1,0,0
known_n1_failure,20260809,18,E0,62,1,62,15,15,9,9,69,69,1,1,1,0,0
known_n1_failure,20260809,18,E0,63,1,63,16,16,9,9,79,79,1,1,1,0,0
known_n1_failure,20260809,18,E0,64,1,64,16,16,9,9,76,76,1,1,1,0,0
known_n1_failure,20260809,18,E0,65,1,65,16,16,9,9,85,85,1,1,1,0,0
known_n1_failure,20260809,18,E0,66,1,66,15,15,9,9,71,71,1,1,1,0,0
known_n1_failure,20260809,18,E0,67,1,67,8,8,8,8,73,73,1,1,1,0,0
known_n1_failure,20260809,18,E0,68,1,68,11,11,8,8,80,80,1,1,1,0,0
known_n1_failure,20260809,18,E0,69,1,69,11,11,8,8,73,73,1,1,1,0,0
known_n1_failure,20260809,18,E0,70,1,70,17,17,8,8,77,77,1,1,1,0,0
known_n1_failure,20260809,18,E0,71,1,71,17,17,8,8,77,77,1,1,1,0,0
known_n1_failure,20260809,18,E0,72,1,72,13,13,8,8,83,83,1,1,1,0,0
known_n1_failure,20260809,18,E0,73,1,73,18,18,8,8,72,72,1,1,1,0,0
known_n1_failure,20260809,18,E0,74,1,74,12,12,8,8,89,89,1,1,1,0,0
known_n1_failure,20260809,18,E0,75,1,75,15,15,8,8,73,73,1,1,1,0,0
known_n1_failure,20260809,18,E0,76,1,76,10,10,8,8,81,81,1,1,1,0,0
known_n1_failure,20260809,18,E0,77,1,77,12,12,8,8,73,73,1,1,1,0,0
known_n1_failure,20260809,18,E0,78,1,78,13,13,8,8,84,84,1,1,1,0,0
known_n1_failure,20260809,18,E0,79,1,79,21,21,8,8,72,72,1,1,1,0,0
known_n1_failure,20260809,18,E0,80,1,80,12,12,8,8,76,76,1,1,1,0,0
known_n1_failure,20260809,18,E0,81,2,1,849,849,8,8,14602,14602,1,1,1,0,0
known_n1_failure,20260809,18,E0,82,2,2,861,861,8,8,1812,1812,1,1,1,0,0
known_n1_failure,20260809,18,E0,83,2,3,839,839,8,8,13845,13845,1,1,1,0,0
known_n1_failure,20260809,18,E0,84,2,4,772,772,8,8,1006,1006,1,1,1,0,0
known_n1_failure,20260809,18,E0,85,2,5,871,871,8,8,5447,5447,1,1,1,0,0
known_n1_failure,20260809,18,E0,86,2,6,781,781,8,8,1573,1573,1,1,1,0,0
known_n1_failure,20260809,18,E0,87,2,7,769,769,8,8,588,588,1,1,1,0,0
known_n1_failure,20260809,18,E0,88,2,8,286,286,8,8,141,141,1,1,1,0,0
known_n1_failure,20260809,18,E0,89,2,9,165,165,8,8,169,169,1,1,1,0,0
known_n1_failure,20260809,18,E0,90,2,10,110,110,8,8,76,76,1,1,1,0,0
known_n1_failure,20260809,18,E0,91,2,11,86,86,8,8,124,124,1,1,1,0,0
known_n1_failure,20260809,18,E0,92,2,12,65,65,8,8,100,100,1,1,1,0,0
known_n1_failure,20260809,18,E0,93,2,13,78,78,8,8,109,109,1,1,1,0,0
known_n1_failure,20260809,18,E0,94,2,14,60,60,8,8,105,105,1,1,1,0,0
known_n1_failure,20260809,18,E0,95,2,15,53,53,8,8,66,66,1,1,1,0,0
known_n1_failure,20260809,18,E0,96,2,16,32,32,8,8,95,95,1,1,1,0,0
known_n1_failure,20260809,18,E0,97,2,17,34,34,8,8,92,92,1,1,1,0,0
known_n1_failure,20260809,18,E0,98,2,18,23,23,8,8,80,80,1,1,1,0,0
known_n1_failure,20260809,18,E0,99,2,19,32,32,8,8,92,92,1,1,1,0,0
known_n1_failure,20260809,18,E0,100,2,20,20,20,8,8,85,85,1,1,1,0,0
known_n1_failure,20260809,18,E0,101,2,21,10,10,8,8,72,72,1,1,1,0,0
known_n1_failure,20260809,18,E0,102,2,22,10,10,8,8,81,81,1,1,1,0,0
known_n1_failure,20260809,18,E0,103,2,23,11,11,8,8,72,72,1,1,1,0,0
known_n1_failure,20260809,18,E0,104,2,24,10,10,8,8,78,78,1,1,1,0,0
known_n1_failure,20260809,18,E0,105,2,25,8,8,8,8,77,77,1,1,1,0,0
known_n1_failure,20260809,18,E0,106,2,26,7,7,7,7,83,83,1,1,1,0,0
known_n1_failure,20260809,18,E0,107,2,27,9,9,7,7,77,77,1,1,1,0,0
known_n1_failure,20260809,18,E0,108,2,28,11,11,7,7,75,75,1,1,1,0,0
known_n1_failure,20260809,18,E0,109,2,29,5,5,5,5,80,80,1,1,1,0,0
known_n1_failure,20260809,18,E0,110,2,30,6,6,5,5,75,75,1,1,1,0,0
known_n1_failure,20260809,18,E0,111,2,31,6,6,5,5,79,79,1,1,1,0,0
known_n1_failure,20260809,18,E0,112,2,32,9,9,5,5,82,82,1,1,1,0,0
known_n1_failure,20260809,18,E0,113,2,33,9,9,5,5,85,85,1,1,1,0,0
known_n1_failure,20260809,18,E0,114,2,34,17,17,5,5,85,85,1,1,1,0,0
known_n1_failure,20260809,18,E0,115,2,35,17,17,5,5,84,84,1,1,1,0,0
known_n1_failure,20260809,18,E0,116,2,36,10,10,5,5,79,79,1,1,1,0,0
known_n1_failure,20260809,18,E0,117,2,37,11,11,5,5,81,81,1,1,1,0,0
known_n1_failure,20260809,18,E0,118,2,38,24,24,5,5,93,93,1,1,1,0,0
known_n1_failure,20260809,18,E0,119,2,39,21,21,5,5,85,85,1,1,1,0,0
known_n1_failure,20260809,18,E0,120,2,40,36,36,5,5,102,102,1,1,1,0,0
known_n1_failure,20260809,18,E0,121,2,41,120,120,5,5,224,224,1,1,1,0,0
known_n1_failure,20260809,18,E0,122,2,42,288,288,5,5,510,510,1,1,1,0,0
known_n1_failure,20260809,18,E0,123,2,43,408,408,5,5,748,748,1,1,1,0,0
known_n1_failure,20260809,18,E0,124,2,44,309,309,5,5,606,606,1,1,1,0,0
known_n1_failure,20260809,18,E0,125,2,45,223,223,5,5,369,369,1,1,1,0,0
known_n1_failure,20260809,18,E0,126,2,46,231,231,5,5,421,421,1,1,1,0,0
known_n1_failure,20260809,18,E0,127,2,47,244,244,5,5,608,608,1,1,1,0,0
known_n1_failure,20260809,18,E0,128,2,48,119,119,5,5,158,158,1,1,1,0,0
known_n1_failure,20260809,18,E0,129,2,49,44,44,5,5,78,78,1,1,1,0,0
known_n1_failure,20260809,18,E0,130,2,50,40,40,5,5,93,93,1,1,1,0,0
known_n1_failure,20260809,18,E0,131,2,51,35,35,5,5,97,97,1,1,1,0,0
known_n1_failure,20260809,18,E0,132,2,52,25,25,5,5,77,77,1,1,1,0,0
known_n1_failure,20260809,18,E0,133,2,53,21,21,5,5,84,84,1,1,1,0,0
known_n1_failure,20260809,18,E0,134,2,54,15,15,5,5,78,78,1,1,1,0,0
known_n1_failure,20260809,18,E0,135,2,55,21,21,5,5,82,82,1,1,1,0,0
known_n1_failure,20260809,18,E0,136,2,56,22,22,5,5,98,98,1,1,1,0,0
known_n1_failure,20260809,18,E0,137,2,57,14,14,5,5,80,80,1,1,1,0,0
known_n1_failure,20260809,18,E0,138,2,58,9,9,5,5,76,76,1,1,1,0,0
known_n1_failure,20260809,18,E0,139,2,59,8,8,5,5,79,79,1,1,1,0,0
known_n1_failure,20260809,18,E0,140,2,60,12,12,5,5,84,84,1,1,1,0,0
known_n1_failure,20260809,18,E0,141,3,1,860,860,5,5,7231,7231,1,1,1,0,0
known_n1_failure,20260809,18,E0,142,3,2,154,154,5,5,63,63,1,1,1,0,0
known_n1_failure,20260809,18,E0,143,3,3,79,79,5,5,129,129,1,1,1,0,0
known_n1_failure,20260809,18,E0,144,3,4,47,47,5,5,69,69,1,1,1,0,0
known_n1_failure,20260809,18,E0,145,3,5,41,41,5,5,76,76,1,1,1,0,0
known_n1_failure,20260809,18,E0,146,3,6,36,36,5,5,99,99,1,1,1,0,0
known_n1_failure,20260809,18,E0,147,3,7,31,31,5,5,78,78,1,1,1,0,0
known_n1_failure,20260809,18,E0,148,3,8,30,30,5,5,85,85,1,1,1,0,0
known_n1_failure,20260809,18,E0,149,3,9,25,25,5,5,78,78,1,1,1,0,0
known_n1_failure,20260809,18,E0,150,3,10,23,23,5,5,78,78,1,1,1,0,0
known_n1_failure,20260809,18,E0,151,3,11,19,19,5,5,77,77,1,1,1,0,0
known_n1_failure,20260809,18,E0,152,3,12,19,19,5,5,85,85,1,1,1,0,0
known_n1_failure,20260809,18,E0,153,3,13,19,19,5,5,84,84,1,1,1,0,0
known_n1_failure,20260809,18,E0,154,3,14,20,20,5,5,87,87,1,1,1,0,0
known_n1_failure,20260809,18,E0,155,3,15,20,20,5,5,73,73,1,1,1,0,0
known_n1_failure,20260809,18,E0,156,3,16,26,26,5,5,100,100,1,1,1,0,0
known_n1_failure,20260809,18,E0,157,3,17,28,28,5,5,81,81,1,1,1,0,0
known_n1_failure,20260809,18,E0,158,3,18,18,18,5,5,83,83,1,1,1,0,0
known_n1_failure,20260809,18,E0,159,3,19,19,19,5,5,82,82,1,1,1,0,0
known_n1_failure,20260809,18,E0,160,3,20,18,18,5,5,75,75,1,1,1,0,0
known_n1_failure,20260809,18,E0,161,3,21,16,16,5,5,80,80,1,1,1,0,0
known_n1_failure,20260809,18,E0,162,3,22,13,13,5,5,80,80,1,1,1,0,0
known_n1_failure,20260809,18,E0,163,3,23,19,19,5,5,85,85,1,1,1,0,0
known_n1_failure,20260809,18,E0,164,3,24,13,13,5,5,73,73,1,1,1,0,0
known_n1_failure,20260809,18,E0,165,3,25,14,14,5,5,91,91,1,1,1,0,0
known_n1_failure,20260809,18,E0,166,3,26,11,11,5,5,77,77,1,1,1,0,0
known_n1_failure,20260809,18,E0,167,3,27,13,13,5,5,75,75,1,1,1,0,0
known_n1_failure,20260809,18,E0,168,3,28,13,13,5,5,83,83,1,1,1,0,0
known_n1_failure,20260809,18,E0,169,3,29,12,12,5,5,78,78,1,1,1,0,0
known_n1_failure,20260809,18,E0,170,3,30,10,10,5,5,79,79,1,1,1,0,0
known_n1_failure,20260809,18,E0,171,3,31,12,12,5,5,77,77,1,1,1,0,0
known_n1_failure,20260809,18,E0,172,3,32,7,7,5,5,78,78,1,1,1,0,0
known_n1_failure,20260809,18,E0,173,3,33,7,7,5,5,74,74,1,1,1,0,0
known_n1_failure,20260809,18,E0,174,3,34,7,7,5,5,77,77,1,1,1,0,0
known_n1_failure,20260809,18,E0,175,3,35,11,11,5,5,84,84,1,1,1,0,0
known_n1_failure,20260809,18,E0,176,3,36,12,12,5,5,89,89,1,1,1,0,0
known_n1_failure,20260809,18,E0,177,3,37,13,13,5,5,81,81,1,1,1,0,0
known_n1_failure,20260809,18,E0,178,3,38,17,17,5,5,87,87,1,1,1,0,0
known_n1_failure,20260809,18,E0,179,3,39,28,28,5,5,85,85,1,1,1,0,0
known_n1_failure,20260809,18,E0,180,3,40,38,38,5,5,96,96,1,1,1,0,0
known_n1_failure,20260809,18,E0,181,3,41,116,116,5,5,166,166,1,1,1,0,0
known_n1_failure,20260809,18,E0,182,3,42,269,269,5,5,519,519,1,1,1,0,0
known_n1_failure,20260809,18,E0,183,3,43,288,288,5,5,652,652,1,1,1,0,0
known_n1_failure,20260809,18,E0,184,3,44,222,222,5,5,560,560,1,1,1,0,0
known_n1_failure,20260809,18,E0,185,3,45,222,222,5,5,679,679,1,1,1,0,0
known_n1_failure,20260809,18,E0,186,3,46,287,287,5,5,717,717,1,1,1,0,0
known_n1_failure,20260809,18,E0,187,3,47,258,258,5,5,471,471,1,1,1,0,0
known_n1_failure,20260809,18,E0,188,3,48,221,221,5,5,337,337,1,1,1,0,0
known_n1_failure,20260809,18,E0,189,3,49,75,75,5,5,105,105,1,1,1,0,0
known_n1_failure,20260809,18,E0,190,3,50,61,61,5,5,98,98,1,1,1,0,0
known_n1_failure,20260809,18,E0,191,3,51,40,40,5,5,101,101,1,1,1,0,0
known_n1_failure,20260809,18,E0,192,3,52,37,37,5,5,83,83,1,1,1,0,0
known_n1_failure,20260809,18,E0,193,3,53,33,33,5,5,76,76,1,1,1,0,0
known_n1_failure,20260809,18,E0,194,3,54,37,37,5,5,106,106,1,1,1,0,0
known_n1_failure,20260809,18,E0,195,3,55,27,27,5,5,91,91,1,1,1,0,0
known_n1_failure,20260809,18,E0,196,3,56,27,27,5,5,74,74,1,1,1,0,0
known_n1_failure,20260809,18,E0,197,3,57,21,21,5,5,92,92,1,1,1,0,0
known_n1_failure,20260809,18,E0,198,3,58,23,23,5,5,90,90,1,1,1,0,0
known_n1_failure,20260809,18,E0,199,3,59,14,14,5,5,82,82,1,1,1,0,0
known_n1_failure,20260809,18,E0,200,3,60,13,13,5,5,87,87,1,1,1,0,0
known_n1_failure,20260809,18,E0,201,4,1,832,832,5,5,4326,4326,1,1,1,0,0
known_n1_failure,20260809,18,E0,202,4,2,211,211,5,5,69,69,1,1,1,0,0
known_n1_failure,20260809,18,E0,203,4,3,131,131,5,5,202,202,1,1,1,0,0
known_n1_failure,20260809,18,E0,204,4,4,95,95,5,5,84,84,1,1,1,0,0
known_n1_failure,20260809,18,E0,205,4,5,68,68,5,5,92,92,1,1,1,0,0
known_n1_failure,20260809,18,E0,206,4,6,52,52,5,5,105,105,1,1,1,0,0
known_n1_failure,20260809,18,E0,207,4,7,54,54,5,5,102,102,1,1,1,0,0
known_n1_failure,20260809,18,E0,208,4,8,56,56,5,5,97,97,1,1,1,0,0
known_n1_failure,20260809,18,E0,209,4,9,52,52,5,5,119,119,1,1,1,0,0
known_n1_failure,20260809,18,E0,210,4,10,52,52,5,5,98,98,1,1,1,0,0
known_n1_failure,20260809,18,E0,211,4,11,48,48,5,5,84,84,1,1,1,0,0
known_n1_failure,20260809,18,E0,212,4,12,36,36,5,5,103,103,1,1,1,0,0
known_n1_failure,20260809,18,E0,213,4,13,46,46,5,5,91,91,1,1,1,0,0
known_n1_failure,20260809,18,E0,214,4,14,34,34,5,5,88,88,1,1,1,0,0
known_n1_failure,20260809,18,E0,215,4,15,28,28,5,5,102,102,1,1,1,0,0
known_n1_failure,20260809,18,E0,216,4,16,24,24,5,5,93,93,1,1,1,0,0
known_n1_failure,20260809,18,E0,217,4,17,28,28,5,5,92,92,1,1,1,0,0
known_n1_failure,20260809,18,E0,218,4,18,26,26,5,5,92,92,1,1,1,0,0
known_n1_failure,20260809,18,E0,219,4,19,27,27,5,5,88,88,1,1,1,0,0
known_n1_failure,20260809,18,E0,220,4,20,15,15,5,5,86,86,1,1,1,0,0
known_n1_failure,20260809,18,E0,221,4,21,20,20,5,5,90,90,1,1,1,0,0
known_n1_failure,20260809,18,E0,222,4,22,20,20,5,5,93,93,1,1,1,0,0
known_n1_failure,20260809,18,E0,223,4,23,21,21,5,5,93,93,1,1,1,0,0
known_n1_failure,20260809,18,E0,224,4,24,15,15,5,5,93,93,1,1,1,0,0
known_n1_failure,20260809,18,E0,225,4,25,19,19,5,5,88,88,1,1,1,0,0
known_n1_failure,20260809,18,E0,226,4,26,22,22,5,5,91,91,1,1,1,0,0
known_n1_failure,20260809,18,E0,227,4,27,14,14,5,5,91,91,1,1,1,0,0
known_n1_failure,20260809,18,E0,228,4,28,21,21,5,5,92,92,1,1,1,0,0
known_n1_failure,20260809,18,E0,229,4,29,25,25,5,5,94,94,1,1,1,0,0
known_n1_failure,20260809,18,E0,230,4,30,24,24,5,5,84,84,1,1,1,0,0
known_n1_failure,20260809,18,E0,231,4,31,13,13,5,5,96,96,1,1,1,0,0
known_n1_failure,20260809,18,E0,232,4,32,23,23,5,5,95,95,1,1,1,0,0
known_n1_failure,20260809,18,E0,233,4,33,14,14,5,5,95,95,1,1,1,0,0
known_n1_failure,20260809,18,E0,234,4,34,25,25,5,5,90,90,1,1,1,0,0
known_n1_failure,20260809,18,E0,235,4,35,29,29,5,5,102,102,1,1,1,0,0
known_n1_failure,20260809,18,E0,236,4,36,30,30,5,5,96,96,1,1,1,0,0
known_n1_failure,20260809,18,E0,237,4,37,26,26,5,5,103,103,1,1,1,0,0
known_n1_failure,20260809,18,E0,238,4,38,25,25,5,5,92,92,1,1,1,0,0
known_n1_failure,20260809,18,E0,239,4,39,22,22,5,5,94,94,1,1,1,0,0
known_n1_failure,20260809,18,E0,240,4,40,23,23,5,5,99,99,1,1,1,0,0
known_n1_failure,20260809,18,E0,241,4,41,23,23,5,5,98,98,1,1,1,0,0
known_n1_failure,20260809,18,E0,242,4,42,33,33,5,5,100,100,1,1,1,0,0
known_n1_failure,20260809,18,E0,243,4,43,33,33,5,5,104,104,1,1,1,0,0
known_n1_failure,20260809,18,E0,244,4,44,27,27,5,5,93,93,1,1,1,0,0
known_n1_failure,20260809,18,E0,245,4,45,30,30,5,5,96,96,1,1,1,0,0
known_n1_failure,20260809,18,E0,246,4,46,37,37,5,5,107,107,1,1,1,0,0
known_n1_failure,20260809,18,E0,247,4,47,70,70,5,5,112,112,1,1,1,0,0
known_n1_failure,20260809,18,E0,248,4,48,69,69,5,5,117,117,1,1,1,0,0
known_n1_failure,20260809,18,E0,249,4,49,58,58,5,5,116,116,1,1,1,0,0
known_n1_failure,20260809,18,E0,250,4,50,40,40,5,5,102,102,1,1,1,0,0
known_n1_failure,20260809,18,E0,251,4,51,22,22,5,5,90,90,1,1,1,0,0
known_n1_failure,20260809,18,E0,252,4,52,20,20,5,5,99,99,1,1,1,0,0
known_n1_failure,20260809,18,E0,253,4,53,22,22,5,5,94,94,1,1,1,0,0
known_n1_failure,20260809,18,E0,254,4,54,38,38,5,5,101,101,1,1,1,0,0
known_n1_failure,20260809,18,E0,255,4,55,39,39,5,5,100,100,1,1,1,0,0
known_n1_failure,20260809,18,E0,256,4,56,40,40,5,5,116,116,1,1,1,0,0
known_n1_failure,20260809,18,E0,257,4,57,32,32,5,5,93,93,1,1,1,0,0
known_n1_failure,20260809,18,E0,258,4,58,28,28,5,5,97,97,1,1,1,0,0
known_n1_failure,20260809,18,E0,259,4,59,24,24,5,5,89,89,1,1,1,0,0
known_n1_failure,20260809,18,E0,260,4,60,17,17,5,5,98,98,1,1,1,0,0
known_n1_failure,20260809,18,E0,261,5,1,888,888,5,5,4282,4282,1,1,1,0,0
known_n1_failure,20260809,18,E0,262,5,2,321,321,5,5,184,184,1,1,1,0,0
known_n1_failure,20260809,18,E0,263,5,3,126,126,5,5,178,178,1,1,1,0,0
known_n1_failure,20260809,18,E0,264,5,4,98,98,5,5,82,82,1,1,1,0,0
known_n1_failure,20260809,18,E0,265,5,5,72,72,5,5,135,135,1,1,1,0,0
known_n1_failure,20260809,18,E0,266,5,6,70,70,5,5,94,94,1,1,1,0,0
known_n1_failure,20260809,18,E0,267,5,7,46,46,5,5,85,85,1,1,1,0,0
known_n1_failure,20260809,18,E0,268,5,8,39,39,5,5,88,88,1,1,1,0,0
known_n1_failure,20260809,18,E0,269,5,9,39,39,5,5,97,97,1,1,1,0,0
known_n1_failure,20260809,18,E0,270,5,10,45,45,5,5,114,114,1,1,1,0,0
known_n1_failure,20260809,18,E0,271,5,11,48,48,5,5,96,96,1,1,1,0,0
known_n1_failure,20260809,18,E0,272,5,12,43,43,5,5,91,91,1,1,1,0,0
known_n1_failure,20260809,18,E0,273,5,13,27,27,5,5,96,96,1,1,1,0,0
known_n1_failure,20260809,18,E0,274,5,14,24,24,5,5,94,94,1,1,1,0,0
known_n1_failure,20260809,18,E0,275,5,15,23,23,5,5,86,86,1,1,1,0,0
known_n1_failure,20260809,18,E0,276,5,16,15,15,5,5,86,86,1,1,1,0,0
known_n1_failure,20260809,18,E0,277,5,17,10,10,5,5,93,93,1,1,1,0,0
known_n1_failure,20260809,18,E0,278,5,18,10,10,5,5,93,93,1,1,1,0,0
known_n1_failure,20260809,18,E0,279,5,19,7,7,5,5,91,91,1,1,1,0,0
known_n1_failure,20260809,18,E0,280,5,20,9,9,5,5,83,83,1,1,1,0,0
known_n1_failure,20260809,18,E0,281,5,21,15,15,5,5,85,85,1,1,1,0,0
known_n1_failure,20260809,18,E0,282,5,22,12,12,5,5,93,93,1,1,1,0,0
known_n1_failure,20260809,18,E0,283,5,23,11,11,5,5,86,86,1,1,1,0,0
known_n1_failure,20260809,18,E0,284,5,24,6,6,5,5,93,93,1,1,1,0,0
known_n1_failure,20260809,18,E0,285,5,25,8,8,5,5,86,86,1,1,1,0,0
known_n1_failure,20260809,18,E0,286,5,26,8,8,5,5,83,83,1,1,1,0,0
known_n1_failure,20260809,18,E0,287,5,27,11,11,5,5,86,86,1,1,1,0,0
known_n1_failure,20260809,18,E0,288,5,28,11,11,5,5,84,84,1,1,1,0,0
known_n1_failure,20260809,18,E0,289,5,29,7,7,5,5,94,94,1,1,1,0,0
known_n1_failure,20260809,18,E0,290,5,30,10,10,5,5,89,89,1,1,1,0,0
known_n1_failure,20260809,18,E0,291,5,31,13,13,5,5,93,93,1,1,1,0,0
known_n1_failure,20260809,18,E0,292,5,32,14,14,5,5,89,89,1,1,1,0,0
known_n1_failure,20260809,18,E0,293,5,33,9,9,5,5,101,101,1,1,1,0,0
known_n1_failure,20260809,18,E0,294,5,34,4,4,4,4,87,87,1,1,1,0,0
known_n1_failure,20260809,18,E0,295,5,35,2,2,2,2,85,85,1,1,1,0,0
known_n1_failure,20260809,18,E0,296,5,36,3,3,2,2,84,84,1,1,1,0,0
known_n1_failure,20260809,18,E0,297,5,37,2,2,2,2,85,85,1,1,1,0,0
known_n1_failure,20260809,18,E0,298,5,38,4,4,2,2,87,87,1,1,1,0,0
known_n1_failure,20260809,18,E0,299,5,39,4,4,2,2,87,87,1,1,1,0,0
known_n1_failure,20260809,18,E0,300,5,40,1,1,1,1,85,85,1,1,1,0,0
known_n1_failure,20260809,18,E0,301,5,41,1,1,1,1,85,85,1,1,1,0,0
known_n1_failure,20260809,18,E0,302,5,42,1,1,1,1,86,86,1,1,1,0,0
known_n1_failure,20260809,18,E0,303,5,43,6,6,1,1,90,90,1,1,1,0,0
known_n1_failure,20260809,18,E0,304,5,44,8,8,1,1,91,91,1,1,1,0,0
known_n1_failure,20260809,18,E0,305,5,45,12,12,1,1,91,91,1,1,1,0,0
known_n1_failure,20260809,18,E0,306,5,46,12,12,1,1,92,92,1,1,1,0,0
known_n1_failure,20260809,18,E0,307,5,47,42,42,1,1,134,134,1,1,1,0,0
known_n1_failure,20260809,18,E0,308,5,48,95,95,1,1,199,199,1,1,1,0,0
known_n1_failure,20260809,18,E0,309,5,49,235,235,1,1,421,421,1,1,1,0,0
known_n1_failure,20260809,18,E0,310,5,50,365,365,1,1,1024,1024,1,1,1,0,0
known_n1_failure,20260809,18,E0,311,5,51,316,316,1,1,987,987,1,1,1,0,0
known_n1_failure,20260809,18,E0,312,5,52,259,259,1,1,752,752,1,1,1,0,0
known_n1_failure,20260809,18,E0,313,5,53,263,263,1,1,719,719,1,1,1,0,0
known_n1_failure,20260809,18,E0,314,5,54,250,250,1,1,620,620,1,1,1,0,0
known_n1_failure,20260809,18,E0,315,5,55,167,167,1,1,533,533,1,1,1,0,0
known_n1_failure,20260809,18,E0,316,5,56,52,52,1,1,97,97,1,1,1,0,0
known_n1_failure,20260809,18,E0,317,5,57,27,27,1,1,96,96,1,1,1,0,0
known_n1_failure,20260809,18,E0,318,5,58,32,32,1,1,97,97,1,1,1,0,0
known_n1_failure,20260809,18,E0,319,5,59,21,21,1,1,91,91,1,1,1,0,0
known_n1_failure,20260809,18,E0,320,5,60,13,13,1,1,90,90,1,1,1,0,0
known_n1_failure,20260809,18,E0,321,6,1,849,849,1,1,2756,2756,1,1,1,0,0
known_n1_failure,20260809,18,E0,322,6,2,230,230,1,1,74,74,1,1,1,0,0
known_n1_failure,20260809,18,E0,323,6,3,155,155,1,1,232,232,1,1,1,0,0
known_n1_failure,20260809,18,E0,324,6,4,122,122,1,1,101,101,1,1,1,0,0
known_n1_failure,20260809,18,E0,325,6,5,114,114,1,1,163,163,1,1,1,0,0
known_n1_failure,20260809,18,E0,326,6,6,96,96,1,1,124,124,1,1,1,0,0
known_n1_failure,20260809,18,E0,327,6,7,71,71,1,1,107,107,1,1,1,0,0
known_n1_failure,20260809,18,E0,328,6,8,61,61,1,1,71,71,1,1,1,0,0
known_n1_failure,20260809,18,E0,329,6,9,57,57,1,1,130,130,1,1,1,0,0
known_n1_failure,20260809,18,E0,330,6,10,56,56,1,1,101,101,1,1,1,0,0
known_n1_failure,20260809,18,E0,331,6,11,49,49,1,1,96,96,1,1,1,0,0
known_n1_failure,20260809,18,E0,332,6,12,50,50,1,1,108,108,1,1,1,0,0
known_n1_failure,20260809,18,E0,333,6,13,54,54,1,1,77,77,1,1,1,0,0
known_n1_failure,20260809,18,E0,334,6,14,30,30,1,1,88,88,1,1,1,0,0
known_n1_failure,20260809,18,E0,335,6,15,31,31,1,1,101,101,1,1,1,0,0
known_n1_failure,20260809,18,E0,336,6,16,29,29,1,1,87,87,1,1,1,0,0
known_n1_failure,20260809,18,E0,337,6,17,25,25,1,1,95,95,1,1,1,0,0
known_n1_failure,20260809,18,E0,338,6,18,24,24,1,1,86,86,1,1,1,0,0
known_n1_failure,20260809,18,E0,339,6,19,24,24,1,1,85,85,1,1,1,0,0
known_n1_failure,20260809,18,E0,340,6,20,25,25,1,1,100,100,1,1,1,0,0
known_n1_failure,20260809,18,E0,341,6,21,20,20,1,1,86,86,1,1,1,0,0
known_n1_failure,20260809,18,E0,342,6,22,15,15,1,1,87,87,1,1,1,0,0
known_n1_failure,20260809,18,E0,343,6,23,7,7,1,1,84,84,1,1,1,0,0
known_n1_failure,20260809,18,E0,344,6,24,13,13,1,1,87,87,1,1,1,0,0
known_n1_failure,20260809,18,E0,345,6,25,8,8,1,1,90,90,1,1,1,0,0
known_n1_failure,20260809,18,E0,346,6,26,6,6,1,1,91,91,1,1,1,0,0
known_n1_failure,20260809,18,E0,347,6,27,7,7,1,1,87,87,1,1,1,0,0
known_n1_failure,20260809,18,E0,348,6,28,5,5,1,1,88,88,1,1,1,0,0
known_n1_failure,20260809,18,E0,349,6,29,4,4,1,1,89,89,1,1,1,0,0
known_n1_failure,20260809,18,E0,350,6,30,9,9,1,1,91,91,1,1,1,0,0
known_n1_failure,20260809,18,E0,351,6,31,8,8,1,1,91,91,1,1,1,0,0
known_n1_failure,20260809,18,E0,352,6,32,9,9,1,1,90,90,1,1,1,0,0
known_n1_failure,20260809,18,E0,353,6,33,8,8,1,1,88,88,1,1,1,0,0
known_n1_failure,20260809,18,E0,354,6,34,8,8,1,1,86,86,1,1,1,0,0
known_n1_failure,20260809,18,E0,355,6,35,10,10,1,1,95,95,1,1,1,0,0
known_n1_failure,20260809,18,E0,356,6,36,15,15,1,1,116,116,1,1,1,0,0
known_n1_failure,20260809,18,E0,357,6,37,26,26,1,1,103,103,1,1,1,0,0
known_n1_failure,20260809,18,E0,358,6,38,77,77,1,1,141,141,1,1,1,0,0
known_n1_failure,20260809,18,E0,359,6,39,165,165,1,1,239,239,1,1,1,0,0
known_n1_failure,20260809,18,E0,360,6,40,304,304,1,1,674,674,1,1,1,0,0
known_n1_failure,20260809,18,E0,361,6,41,295,295,1,1,453,453,1,1,1,0,0
known_n1_failure,20260809,18,E0,362,6,42,231,231,1,1,723,723,1,1,1,0,0
known_n1_failure,20260809,18,E0,363,6,43,224,224,1,1,647,647,1,1,1,0,0
known_n1_failure,20260809,18,E0,364,6,44,208,208,1,1,847,847,1,1,1,0,0
known_n1_failure,20260809,18,E0,365,6,45,216,216,1,1,898,898,1,1,1,0,0
known_n1_failure,20260809,18,E0,366,6,46,179,179,1,1,871,871,1,1,1,0,0
known_n1_failure,20260809,18,E0,367,6,47,167,167,1,1,493,493,1,1,1,0,0
known_n1_failure,20260809,18,E0,368,6,48,53,53,1,1,103,103,1,1,1,0,0
known_n1_failure,20260809,18,E0,369,6,49,39,39,1,1,106,106,1,1,1,0,0
known_n1_failure,20260809,18,E0,370,6,50,21,21,1,1,95,95,1,1,1,0,0
known_n1_failure,20260809,18,E0,371,6,51,16,16,1,1,90,90,1,1,1,0,0
known_n1_failure,20260809,18,E0,372,6,52,16,16,1,1,86,86,1,1,1,0,0
known_n1_failure,20260809,18,E0,373,6,53,10,10,1,1,94,94,1,1,1,0,0
known_n1_failure,20260809,18,E0,374,6,54,8,8,1,1,93,93,1,1,1,0,0
known_n1_failure,20260809,18,E0,375,6,55,8,8,1,1,90,90,1,1,1,0,0
known_n1_failure,20260809,18,E0,376,6,56,6,6,1,1,89,89,1,1,1,0,0
known_n1_failure,20260809,18,E0,377,6,57,7,7,1,1,93,93,1,1,1,0,0
known_n1_failure,20260809,18,E0,378,6,58,6,6,1,1,89,89,1,1,1,0,0
known_n1_failure,20260809,18,E0,379,6,59,2,2,1,1,90,90,1,1,1,0,0
known_n1_failure,20260809,18,E0,380,6,60,3,3,1,1,89,89,1,1,1,0,0
known_n1_failure,20260809,18,E0,381,7,1,827,827,1,1,8913,8913,1,1,1,0,0
known_n1_failure,20260809,18,E0,382,7,2,129,129,1,1,70,70,1,1,1,0,0
known_n1_failure,20260809,18,E0,383,7,3,64,64,1,1,122,122,1,1,1,0,0
known_n1_failure,20260809,18,E0,384,7,4,62,62,1,1,123,123,1,1,1,0,0
known_n1_failure,20260809,18,E0,385,7,5,48,48,1,1,86,86,1,1,1,0,0
known_n1_failure,20260809,18,E0,386,7,6,46,46,1,1,112,112,1,1,1,0,0
known_n1_failure,20260809,18,E0,387,7,7,46,46,1,1,117,117,1,1,1,0,0
known_n1_failure,20260809,18,E0,388,7,8,42,42,1,1,94,94,1,1,1,0,0
known_n1_failure,20260809,18,E0,389,7,9,40,40,1,1,97,97,1,1,1,0,0
known_n1_failure,20260809,18,E0,390,7,10,24,24,1,1,94,94,1,1,1,0,0
known_n1_failure,20260809,18,E0,391,7,11,26,26,1,1,107,107,1,1,1,0,0
known_n1_failure,20260809,18,E0,392,7,12,26,26,1,1,80,80,1,1,1,0,0
known_n1_failure,20260809,18,E0,393,7,13,23,23,1,1,99,99,1,1,1,0,0
known_n1_failure,20260809,18,E0,394,7,14,24,24,1,1,102,102,1,1,1,0,0
known_n1_failure,20260809,18,E0,395,7,15,27,27,1,1,77,77,1,1,1,0,0
known_n1_failure,20260809,18,E0,396,7,16,19,19,1,1,104,104,1,1,1,0,0
known_n1_failure,20260809,18,E0,397,7,17,26,26,1,1,92,92,1,1,1,0,0
known_n1_failure,20260809,18,E0,398,7,18,25,25,1,1,95,95,1,1,1,0,0
known_n1_failure,20260809,18,E0,399,7,19,40,40,1,1,112,112,1,1,1,0,0
known_n1_failure,20260809,18,E0,400,7,20,50,50,1,1,117,117,1,1,1,0,0
known_n1_failure,20260809,18,E0,401,7,21,54,54,1,1,125,125,1,1,1,0,0
known_n1_failure,20260809,18,E0,402,7,22,60,60,1,1,106,106,1,1,1,0,0
known_n1_failure,20260809,18,E0,403,7,23,78,78,1,1,139,139,1,1,1,0,0
known_n1_failure,20260809,18,E0,404,7,24,106,106,1,1,158,158,1,1,1,0,0
known_n1_failure,20260809,18,E0,405,7,25,113,113,1,1,148,148,1,1,1,0,0
known_n1_failure,20260809,18,E0,406,7,26,167,167,1,1,231,231,1,1,1,0,0
known_n1_failure,20260809,18,E0,407,7,27,237,237,1,1,411,411,1,1,1,0,0
known_n1_failure,20260809,18,E0,408,7,28,229,229,1,1,358,358,1,1,1,0,0
known_n1_failure,20260809,18,E0,409,7,29,253,253,1,1,413,413,1,1,1,0,0
known_n1_failure,20260809,18,E0,410,7,30,285,285,1,1,430,430,1,1,1,0,0
known_n1_failure,20260809,18,E0,411,7,31,254,254,1,1,365,365,1,1,1,0,0
known_n1_failure,20260809,18,E0,412,7,32,160,160,1,1,173,173,1,1,1,0,0
known_n1_failure,20260809,18,E0,413,7,33,86,86,1,1,84,84,1,1,1,0,0
known_n1_failure,20260809,18,E0,414,7,34,74,74,1,1,92,92,1,1,1,0,0
known_n1_failure,20260809,18,E0,415,7,35,58,58,1,1,115,115,1,1,1,0,0
known_n1_failure,20260809,18,E0,416,7,36,58,58,1,1,87,87,1,1,1,0,0
known_n1_failure,20260809,18,E0,417,7,37,63,63,1,1,104,104,1,1,1,0,0
known_n1_failure,20260809,18,E0,418,7,38,54,54,1,1,95,95,1,1,1,0,0
known_n1_failure,20260809,18,E0,419,7,39,58,58,1,1,111,111,1,1,1,0,0
known_n1_failure,20260809,18,E0,420,7,40,56,56,1,1,108,108,1,1,1,0,0
known_n1_failure,20260809,18,E0,421,7,41,54,54,1,1,119,119,1,1,1,0,0
known_n1_failure,20260809,18,E0,422,7,42,43,43,1,1,82,82,1,1,1,0,0
known_n1_failure,20260809,18,E0,423,7,43,38,38,1,1,85,85,1,1,1,0,0
known_n1_failure,20260809,18,E0,424,7,44,34,34,1,1,94,94,1,1,1,0,0
known_n1_failure,20260809,18,E0,425,7,45,39,39,1,1,86,86,1,1,1,0,0
known_n1_failure,20260809,18,E0,426,7,46,36,36,1,1,114,114,1,1,1,0,0
known_n1_failure,20260809,18,E0,427,7,47,38,38,1,1,81,81,1,1,1,0,0
known_n1_failure,20260809,18,E0,428,7,48,36,36,1,1,101,101,1,1,1,0,0
known_n1_failure,20260809,18,E0,429,7,49,24,24,1,1,88,88,1,1,1,0,0
known_n1_failure,20260809,18,E0,430,7,50,28,28,1,1,85,85,1,1,1,0,0
known_n1_failure,20260809,18,E0,431,7,51,38,38,1,1,113,113,1,1,1,0,0
known_n1_failure,20260809,18,E0,432,7,52,34,34,1,1,93,93,1,1,1,0,0
known_n1_failure,20260809,18,E0,433,7,53,35,35,1,1,96,96,1,1,1,0,0
known_n1_failure,20260809,18,E0,434,7,54,24,24,1,1,87,87,1,1,1,0,0
known_n1_failure,20260809,18,E0,435,7,55,23,23,1,1,99,99,1,1,1,0,0
known_n1_failure,20260809,18,E0,436,7,56,29,29,1,1,83,83,1,1,1,0,0
known_n1_failure,20260809,18,E0,437,7,57,28,28,1,1,82,82,1,1,1,0,0
known_n1_failure,20260809,18,E0,438,7,58,25,25,1,1,82,82,1,1,1,0,0
known_n1_failure,20260809,18,E0,439,7,59,26,26,1,1,88,88,1,1,1,0,0
known_n1_failure,20260809,18,E0,440,7,60,32,32,1,1,90,90,1,1,1,0,0
known_n1_failure,20260809,18,E0,441,8,1,870,870,1,1,3969,3969,1,1,1,0,0
known_n1_failure,20260809,18,E0,442,8,2,213,213,1,1,73,73,1,1,1,0,0
known_n1_failure,20260809,18,E0,443,8,3,162,162,1,1,237,237,1,1,1,0,0
known_n1_failure,20260809,18,E0,444,8,4,117,117,1,1,92,92,1,1,1,0,0
known_n1_failure,20260809,18,E0,445,8,5,92,92,1,1,98,98,1,1,1,0,0
known_n1_failure,20260809,18,E0,446,8,6,99,99,1,1,96,96,1,1,1,0,0
known_n1_failure,20260809,18,E0,447,8,7,94,94,1,1,131,131,1,1,1,0,0
known_n1_failure,20260809,18,E0,448,8,8,67,67,1,1,91,91,1,1,1,0,0
known_n1_failure,20260809,18,E0,449,8,9,52,52,1,1,81,81,1,1,1,0,0
known_n1_failure,20260809,18,E0,450,8,10,33,33,1,1,98,98,1,1,1,0,0
known_n1_failure,20260809,18,E0,451,8,11,37,37,1,1,77,77,1,1,1,0,0
known_n1_failure,20260809,18,E0,452,8,12,21,21,1,1,88,88,1,1,1,0,0
known_n1_failure,20260809,18,E0,453,8,13,21,21,1,1,83,83,1,1,1,0,0
known_n1_failure,20260809,18,E0,454,8,14,19,19,1,1,77,77,1,1,1,0,0
known_n1_failure,20260809,18,E0,455,8,15,20,20,1,1,86,86,1,1,1,0,0
known_n1_failure,20260809,18,E0,456,8,16,18,18,1,1,87,87,1,1,1,0,0
known_n1_failure,20260809,18,E0,457,8,17,18,18,1,1,78,78,1,1,1,0,0
known_n1_failure,20260809,18,E0,458,8,18,16,16,1,1,84,84,1,1,1,0,0
known_n1_failure,20260809,18,E0,459,8,19,27,27,1,1,93,93,1,1,1,0,0
known_n1_failure,20260809,18,E0,460,8,20,19,19,1,1,78,78,1,1,1,0,0
known_n1_failure,20260809,18,E0,461,8,21,15,15,1,1,87,87,1,1,1,0,0
known_n1_failure,20260809,18,E0,462,8,22,19,19,1,1,93,93,1,1,1,0,0
known_n1_failure,20260809,18,E0,463,8,23,20,20,1,1,79,79,1,1,1,0,0
known_n1_failure,20260809,18,E0,464,8,24,21,21,1,1,83,83,1,1,1,0,0
known_n1_failure,20260809,18,E0,465,8,25,17,17,1,1,79,79,1,1,1,0,0
known_n1_failure,20260809,18,E0,466,8,26,11,11,1,1,81,81,1,1,1,0,0
known_n1_failure,20260809,18,E0,467,8,27,20,20,1,1,84,84,1,1,1,0,0
known_n1_failure,20260809,18,E0,468,8,28,17,17,1,1,79,79,1,1,1,0,0
known_n1_failure,20260809,18,E0,469,8,29,16,16,1,1,81,81,1,1,1,0,0
known_n1_failure,20260809,18,E0,470,8,30,18,18,1,1,85,85,1,1,1,0,0
known_n1_failure,20260809,18,E0,471,8,31,20,20,1,1,93,93,1,1,1,0,0
known_n1_failure,20260809,18,E0,472,8,32,16,16,1,1,77,77,1,1,1,0,0
known_n1_failure,20260809,18,E0,473,8,33,14,14,1,1,82,82,1,1,1,0,0
known_n1_failure,20260809,18,E0,474,8,34,13,13,1,1,93,93,1,1,1,0,0
known_n1_failure,20260809,18,E0,475,8,35,17,17,1,1,84,84,1,1,1,0,0
known_n1_failure,20260809,18,E0,476,8,36,19,19,1,1,80,80,1,1,1,0,0
known_n1_failure,20260809,18,E0,477,8,37,26,26,1,1,92,92,1,1,1,0,0
known_n1_failure,20260809,18,E0,478,8,38,21,21,1,1,90,90,1,1,1,0,0
known_n1_failure,20260809,18,E0,479,8,39,31,31,1,1,86,86,1,1,1,0,0
known_n1_failure,20260809,18,E0,480,8,40,34,34,1,1,99,99,1,1,1,0,0
known_n1_failure,20260809,18,E0,481,8,41,43,43,1,1,95,95,1,1,1,0,0
known_n1_failure,20260809,18,E0,482,8,42,103,103,1,1,184,184,1,1,1,0,0
known_n1_failure,20260809,18,E0,483,8,43,267,267,1,1,457,457,1,1,1,0,0
known_n1_failure,20260809,18,E0,484,8,44,484,484,1,1,1310,1310,1,1,1,0,0
known_n1_failure,20260809,18,E0,485,8,45,370,370,1,1,378,378,1,1,1,0,0
known_n1_failure,20260809,18,E0,486,8,46,224,224,1,1,265,265,1,1,1,0,0
known_n1_failure,20260809,18,E0,487,8,47,133,133,1,1,156,156,1,1,1,0,0
known_n1_failure,20260809,18,E0,488,8,48,54,54,1,1,87,87,1,1,1,0,0
known_n1_failure,20260809,18,E0,489,8,49,39,39,1,1,83,83,1,1,1,0,0
known_n1_failure,20260809,18,E0,490,8,50,33,33,1,1,80,80,1,1,1,0,0
known_n1_failure,20260809,18,E0,491,8,51,26,26,1,1,95,95,1,1,1,0,0
known_n1_failure,20260809,18,E0,492,8,52,29,29,1,1,82,82,1,1,1,0,0
known_n1_failure,20260809,18,E0,493,8,53,23,23,1,1,85,85,1,1,1,0,0
known_n1_failure,20260809,18,E0,494,8,54,20,20,1,1,78,78,1,1,1,0,0
known_n1_failure,20260809,18,E0,495,8,55,17,17,1,1,81,81,1,1,1,0,0
known_n1_failure,20260809,18,E0,496,8,56,18,18,1,1,77,77,1,1,1,0,0
known_n1_failure,20260809,18,E0,497,8,57,18,18,1,1,77,77,1,1,1,0,0
known_n1_failure,20260809,18,E0,498,8,58,10,10,1,1,81,81,1,1,1,0,0
known_n1_failure,20260809,18,E0,499,8,59,11,11,1,1,85,85,1,1,1,0,0
known_n1_failure,20260809,18,E0,500,8,60,15,15,1,1,77,77,1,1,1,0,0
known_n1_failure,20260809,18,E0,501,9,1,823,823,1,1,6496,6496,1,1,1,0,0
known_n1_failure,20260809,18,E0,502,9,2,157,157,1,1,68,68,1,1,1,0,0
known_n1_failure,20260809,18,E0,503,9,3,98,98,1,1,165,165,1,1,1,0,0
known_n1_failure,20260809,18,E0,504,9,4,96,96,1,1,98,98,1,1,1,0,0
known_n1_failure,20260809,18,E0,505,9,5,76,76,1,1,98,98,1,1,1,0,0
known_n1_failure,20260809,18,E0,506,9,6,67,67,1,1,97,97,1,1,1,0,0
known_n1_failure,20260809,18,E0,507,9,7,40,40,1,1,103,103,1,1,1,0,0
known_n1_failure,20260809,18,E0,508,9,8,28,28,1,1,82,82,1,1,1,0,0
known_n1_failure,20260809,18,E0,509,9,9,32,32,1,1,80,80,1,1,1,0,0
known_n1_failure,20260809,18,E0,510,9,10,28,28,1,1,113,113,1,1,1,0,0
known_n1_failure,20260809,18,E0,511,9,11,34,34,1,1,86,86,1,1,1,0,0
known_n1_failure,20260809,18,E0,512,9,12,24,24,1,1,88,88,1,1,1,0,0
known_n1_failure,20260809,18,E0,513,9,13,27,27,1,1,90,90,1,1,1,0,0
known_n1_failure,20260809,18,E0,514,9,14,26,26,1,1,73,73,1,1,1,0,0
known_n1_failure,20260809,18,E0,515,9,15,22,22,1,1,92,92,1,1,1,0,0
known_n1_failure,20260809,18,E0,516,9,16,21,21,1,1,87,87,1,1,1,0,0
known_n1_failure,20260809,18,E0,517,9,17,17,17,1,1,85,85,1,1,1,0,0
known_n1_failure,20260809,18,E0,518,9,18,20,20,1,1,84,84,1,1,1,0,0
known_n1_failure,20260809,18,E0,519,9,19,16,16,1,1,87,87,1,1,1,0,0
known_n1_failure,20260809,18,E0,520,9,20,9,9,1,1,85,85,1,1,1,0,0
known_n1_failure,20260809,18,E0,521,9,21,9,9,1,1,90,90,1,1,1,0,0
known_n1_failure,20260809,18,E0,522,9,22,3,3,1,1,84,84,1,1,1,0,0
known_n1_failure,20260809,18,E0,523,9,23,3,3,1,1,81,81,1,1,1,0,0
known_n1_failure,20260809,18,E0,524,9,24,3,3,1,1,84,84,1,1,1,0,0
known_n1_failure,20260809,18,E0,525,9,25,1,1,1,1,86,86,1,1,1,0,0
known_n1_failure,20260809,18,E0,526,9,26,3,3,1,1,86,86,1,1,1,0,0
known_n1_failure,20260809,18,E0,527,9,27,2,2,1,1,84,84,1,1,1,0,0
known_n1_failure,20260809,18,E0,528,9,28,2,2,1,1,82,82,1,1,1,0,0
known_n1_failure,20260809,18,E0,529,9,29,2,2,1,1,82,82,1,1,1,0,0
known_n1_failure,20260809,18,E0,530,9,30,2,2,1,1,87,87,1,1,1,0,0
known_n1_failure,20260809,18,E0,531,9,31,2,2,1,1,85,85,1,1,1,0,0
known_n1_failure,20260809,18,E0,532,9,32,2,2,1,1,85,85,1,1,1,0,0
known_n1_failure,20260809,18,E0,533,9,33,2,2,1,1,83,83,1,1,1,0,0
known_n1_failure,20260809,18,E0,534,9,34,2,2,1,1,83,83,1,1,1,0,0
known_n1_failure,20260809,18,E0,535,9,35,1,1,1,1,83,83,1,1,1,0,0
known_n1_failure,20260809,18,E0,536,9,36,6,6,1,1,87,87,1,1,1,0,0
known_n1_failure,20260809,18,E0,537,9,37,12,12,1,1,88,88,1,1,1,0,0
known_n1_failure,20260809,18,E0,538,9,38,10,10,1,1,92,92,1,1,1,0,0
known_n1_failure,20260809,18,E0,539,9,39,27,27,1,1,120,120,1,1,1,0,0
known_n1_failure,20260809,18,E0,540,9,40,29,29,1,1,102,102,1,1,1,0,0
known_n1_failure,20260809,18,E0,541,9,41,18,18,1,1,94,94,1,1,1,0,0
known_n1_failure,20260809,18,E0,542,9,42,25,25,1,1,89,89,1,1,1,0,0
known_n1_failure,20260809,18,E0,543,9,43,29,29,1,1,95,95,1,1,1,0,0
known_n1_failure,20260809,18,E0,544,9,44,109,109,1,1,187,187,1,1,1,0,0
known_n1_failure,20260809,18,E0,545,9,45,250,250,1,1,566,566,1,1,1,0,0
known_n1_failure,20260809,18,E0,546,9,46,382,382,1,1,1152,1152,1,1,1,0,0
known_n1_failure,20260809,18,E0,547,9,47,277,277,1,1,701,701,1,1,1,0,0
known_n1_failure,20260809,18,E0,548,9,48,246,246,1,1,491,491,1,1,1,0,0
known_n1_failure,20260809,18,E0,549,9,49,245,245,1,1,439,439,1,1,1,0,0
known_n1_failure,20260809,18,E0,550,9,50,194,194,1,1,409,409,1,1,1,0,0
known_n1_failure,20260809,18,E0,551,9,51,66,66,1,1,104,104,1,1,1,0,0
known_n1_failure,20260809,18,E0,552,9,52,41,41,1,1,81,81,1,1,1,0,0
known_n1_failure,20260809,18,E0,553,9,53,31,31,1,1,107,107,1,1,1,0,0
known_n1_failure,20260809,18,E0,554,9,54,15,15,1,1,85,85,1,1,1,0,0
known_n1_failure,20260809,18,E0,555,9,55,11,11,1,1,80,80,1,1,1,0,0
known_n1_failure,20260809,18,E0,556,9,56,9,9,1,1,98,98,1,1,1,0,0
known_n1_failure,20260809,18,E0,557,9,57,7,7,1,1,82,82,1,1,1,0,0
known_n1_failure,20260809,18,E0,558,9,58,6,6,1,1,84,84,1,1,1,0,0
known_n1_failure,20260809,18,E0,559,9,59,8,8,1,1,92,92,1,1,1,0,0
known_n1_failure,20260809,18,E0,560,9,60,9,9,1,1,83,83,1,1,1,0,0
known_n1_failure,20260809,18,E0,561,10,1,866,866,1,1,7524,7524,1,1,1,0,0
known_n1_failure,20260809,18,E0,562,10,2,193,193,1,1,65,65,1,1,1,0,0
known_n1_failure,20260809,18,E0,563,10,3,120,120,1,1,160,160,1,1,1,0,0
known_n1_failure,20260809,18,E0,564,10,4,132,132,1,1,88,88,1,1,1,0,0
known_n1_failure,20260809,18,E0,565,10,5,78,78,1,1,117,117,1,1,1,0,0
known_n1_failure,20260809,18,E0,566,10,6,90,90,1,1,110,110,1,1,1,0,0
known_n1_failure,20260809,18,E0,567,10,7,67,67,1,1,104,104,1,1,1,0,0
known_n1_failure,20260809,18,E0,568,10,8,69,69,1,1,95,95,1,1,1,0,0
known_n1_failure,20260809,18,E0,569,10,9,48,48,1,1,103,103,1,1,1,0,0
known_n1_failure,20260809,18,E0,570,10,10,40,40,1,1,86,86,1,1,1,0,0
known_n1_failure,20260809,18,E0,571,10,11,42,42,1,1,95,95,1,1,1,0,0
known_n1_failure,20260809,18,E0,572,10,12,33,33,1,1,95,95,1,1,1,0,0
known_n1_failure,20260809,18,E0,573,10,13,26,26,1,1,83,83,1,1,1,0,0
known_n1_failure,20260809,18,E0,574,10,14,17,17,1,1,79,79,1,1,1,0,0
known_n1_failure,20260809,18,E0,575,10,15,18,18,1,1,87,87,1,1,1,0,0
known_n1_failure,20260809,18,E0,576,10,16,26,26,1,1,92,92,1,1,1,0,0
known_n1_failure,20260809,18,E0,577,10,17,19,19,1,1,87,87,1,1,1,0,0
known_n1_failure,20260809,18,E0,578,10,18,16,16,1,1,90,90,1,1,1,0,0
known_n1_failure,20260809,18,E0,579,10,19,19,19,1,1,88,88,1,1,1,0,0
known_n1_failure,20260809,18,E0,580,10,20,18,18,1,1,75,75,1,1,1,0,0
known_n1_failure,20260809,18,E0,581,10,21,20,20,1,1,97,97,1,1,1,0,0
known_n1_failure,20260809,18,E0,582,10,22,22,22,1,1,88,88,1,1,1,0,0
known_n1_failure,20260809,18,E0,583,10,23,21,21,1,1,90,90,1,1,1,0,0
known_n1_failure,20260809,18,E0,584,10,24,25,25,1,1,85,85,1,1,1,0,0
known_n1_failure,20260809,18,E0,585,10,25,19,19,1,1,90,90,1,1,1,0,0
known_n1_failure,20260809,18,E0,586,10,26,20,20,1,1,89,89,1,1,1,0,0
known_n1_failure,20260809,18,E0,587,10,27,21,21,1,1,103,103,1,1,1,0,0
known_n1_failure,20260809,18,E0,588,10,28,17,17,1,1,98,98,1,1,1,0,0
known_n1_failure,20260809,18,E0,589,10,29,17,17,1,1,93,93,1,1,1,0,0
known_n1_failure,20260809,18,E0,590,10,30,27,27,1,1,90,90,1,1,1,0,0
known_n1_failure,20260809,18,E0,591,10,31,35,35,1,1,111,111,1,1,1,0,0
known_n1_failure,20260809,18,E0,592,10,32,53,53,1,1,126,126,1,1,1,0,0
known_n1_failure,20260809,18,E0,593,10,33,103,103,1,1,179,179,1,1,1,0,0
known_n1_failure,20260809,18,E0,594,10,34,242,242,1,1,430,430,1,1,1,0,0
known_n1_failure,20260809,18,E0,595,10,35,356,356,1,1,655,655,1,1,1,0,0
known_n1_failure,20260809,18,E0,596,10,36,308,308,1,1,401,401,1,1,1,0,0
known_n1_failure,20260809,18,E0,597,10,37,301,301,1,1,468,468,1,1,1,0,0
known_n1_failure,20260809,18,E0,598,10,38,243,243,1,1,364,364,1,1,1,0,0
known_n1_failure,20260809,18,E0,599,10,39,173,173,1,1,232,232,1,1,1,0,0
known_n1_failure,20260809,18,E0,600,10,40,98,98,1,1,159,159,1,1,1,0,0
known_n1_failure,20260809,18,E0,601,10,41,111,111,1,1,111,111,1,1,1,0,0
known_n1_failure,20260809,18,E0,602,10,42,42,42,1,1,89,89,1,1,1,0,0
known_n1_failure,20260809,18,E0,603,10,43,46,46,1,1,96,96,1,1,1,0,0
known_n1_failure,20260809,18,E0,604,10,44,28,28,1,1,86,86,1,1,1,0,0
known_n1_failure,20260809,18,E0,605,10,45,23,23,1,1,90,90,1,1,1,0,0
known_n1_failure,20260809,18,E0,606,10,46,19,19,1,1,90,90,1,1,1,0,0
known_n1_failure,20260809,18,E0,607,10,47,14,14,1,1,85,85,1,1,1,0,0
known_n1_failure,20260809,18,E0,608,10,48,16,16,1,1,87,87,1,1,1,0,0
known_n1_failure,20260809,18,E0,609,10,49,18,18,1,1,87,87,1,1,1,0,0
known_n1_failure,20260809,18,E0,610,10,50,19,19,1,1,99,99,1,1,1,0,0
known_n1_failure,20260809,18,E0,611,10,51,18,18,1,1,82,82,1,1,1,0,0
known_n1_failure,20260809,18,E0,612,10,52,12,12,1,1,96,96,1,1,1,0,0
known_n1_failure,20260809,18,E0,613,10,53,26,26,1,1,93,93,1,1,1,0,0
known_n1_failure,20260809,18,E0,614,10,54,25,25,1,1,100,100,1,1,1,0,0
known_n1_failure,20260809,18,E0,615,10,55,18,18,1,1,88,88,1,1,1,0,0
known_n1_failure,20260809,18,E0,616,10,56,19,19,1,1,83,83,1,1,1,0,0
known_n1_failure,20260809,18,E0,617,10,57,17,17,1,1,80,80,1,1,1,0,0
known_n1_failure,20260809,18,E0,618,10,58,13,13,1,1,84,84,1,1,1,0,0
known_n1_failure,20260809,18,E0,619,10,59,13,13,1,1,82,82,1,1,1,0,0
known_n1_failure,20260809,18,E0,620,10,60,21,21,1,1,89,89,1,1,1,0,0
known_n1_failure,20260809,18,E0,621,11,1,839,839,1,1,7402,7402,1,1,1,0,0
known_n1_failure,20260809,18,E0,622,11,2,148,148,1,1,60,60,1,1,1,0,0
known_n1_failure,20260809,18,E0,623,11,3,99,99,1,1,148,148,1,1,1,0,0
known_n1_failure,20260809,18,E0,624,11,4,85,85,1,1,110,110,1,1,1,0,0
known_n1_failure,20260809,18,E0,625,11,5,65,65,1,1,87,87,1,1,1,0,0
known_n1_failure,20260809,18,E0,626,11,6,54,54,1,1,110,110,1,1,1,0,0
known_n1_failure,20260809,18,E0,627,11,7,41,41,1,1,83,83,1,1,1,0,0
known_n1_failure,20260809,18,E0,628,11,8,45,45,1,1,85,85,1,1,1,0,0
known_n1_failure,20260809,18,E0,629,11,9,40,40,1,1,94,94,1,1,1,0,0
known_n1_failure,20260809,18,E0,630,11,10,49,49,1,1,99,99,1,1,1,0,0
known_n1_failure,20260809,18,E0,631,11,11,34,34,1,1,102,102,1,1,1,0,0
known_n1_failure,20260809,18,E0,632,11,12,25,25,1,1,87,87,1,1,1,0,0
known_n1_failure,20260809,18,E0,633,11,13,24,24,1,1,85,85,1,1,1,0,0
known_n1_failure,20260809,18,E0,634,11,14,14,14,1,1,82,82,1,1,1,0,0
known_n1_failure,20260809,18,E0,635,11,15,11,11,1,1,80,80,1,1,1,0,0
known_n1_failure,20260809,18,E0,636,11,16,12,12,1,1,85,85,1,1,1,0,0
known_n1_failure,20260809,18,E0,637,11,17,11,11,1,1,88,88,1,1,1,0,0
known_n1_failure,20260809,18,E0,638,11,18,19,19,1,1,100,100,1,1,1,0,0
known_n1_failure,20260809,18,E0,639,11,19,27,27,1,1,94,94,1,1,1,0,0
known_n1_failure,20260809,18,E0,640,11,20,18,18,1,1,91,91,1,1,1,0,0
known_n1_failure,20260809,18,E0,641,11,21,28,28,1,1,87,87,1,1,1,0,0
known_n1_failure,20260809,18,E0,642,11,22,13,13,1,1,84,84,1,1,1,0,0
known_n1_failure,20260809,18,E0,643,11,23,19,19,1,1,92,92,1,1,1,0,0
known_n1_failure,20260809,18,E0,644,11,24,23,23,1,1,104,104,1,1,1,0,0
known_n1_failure,20260809,18,E0,645,11,25,35,35,1,1,94,94,1,1,1,0,0
known_n1_failure,20260809,18,E0,646,11,26,37,37,1,1,95,95,1,1,1,0,0
known_n1_failure,20260809,18,E0,647,11,27,41,41,1,1,102,102,1,1,1,0,0
known_n1_failure,20260809,18,E0,648,11,28,45,45,1,1,107,107,1,1,1,0,0
known_n1_failure,20260809,18,E0,649,11,29,46,46,1,1,110,110,1,1,1,0,0
known_n1_failure,20260809,18,E0,650,11,30,102,102,1,1,190,190,1,1,1,0,0
known_n1_failure,20260809,18,E0,651,11,31,202,202,1,1,230,230,1,1,1,0,0
known_n1_failure,20260809,18,E0,652,11,32,185,185,1,1,197,197,1,1,1,0,0
known_n1_failure,20260809,18,E0,653,11,33,45,45,1,1,74,74,1,1,1,0,0
known_n1_failure,20260809,18,E0,654,11,34,34,34,1,1,106,106,1,1,1,0,0
known_n1_failure,20260809,18,E0,655,11,35,41,41,1,1,91,91,1,1,1,0,0
known_n1_failure,20260809,18,E0,656,11,36,24,24,1,1,88,88,1,1,1,0,0
known_n1_failure,20260809,18,E0,657,11,37,19,19,1,1,79,79,1,1,1,0,0
known_n1_failure,20260809,18,E0,658,11,38,18,18,1,1,78,78,1,1,1,0,0
known_n1_failure,20260809,18,E0,659,11,39,15,15,1,1,90,90,1,1,1,0,0
known_n1_failure,20260809,18,E0,660,11,40,23,23,1,1,92,92,1,1,1,0,0
known_n1_failure,20260809,18,E0,661,11,41,22,22,1,1,88,88,1,1,1,0,0
known_n1_failure,20260809,18,E0,662,11,42,15,15,1,1,83,83,1,1,1,0,0
known_n1_failure,20260809,18,E0,663,11,43,7,7,1,1,84,84,1,1,1,0,0
known_n1_failure,20260809,18,E0,664,11,44,8,8,1,1,83,83,1,1,1,0,0
known_n1_failure,20260809,18,E0,665,11,45,11,11,1,1,82,82,1,1,1,0,0
known_n1_failure,20260809,18,E0,666,11,46,7,7,1,1,79,79,1,1,1,0,0
known_n1_failure,20260809,18,E0,667,11,47,4,4,1,1,80,80,1,1,1,0,0
known_n1_failure,20260809,18,E0,668,11,48,8,8,1,1,84,84,1,1,1,0,0
known_n1_failure,20260809,18,E0,669,11,49,11,11,1,1,95,95,1,1,1,0,0
known_n1_failure,20260809,18,E0,670,11,50,17,17,1,1,93,93,1,1,1,0,0
known_n1_failure,20260809,18,E0,671,11,51,15,15,1,1,89,89,1,1,1,0,0
known_n1_failure,20260809,18,E0,672,11,52,6,6,1,1,85,85,1,1,1,0,0
known_n1_failure,20260809,18,E0,673,11,53,12,12,1,1,86,86,1,1,1,0,0
known_n1_failure,20260809,18,E0,674,11,54,13,13,1,1,84,84,1,1,1,0,0
known_n1_failure,20260809,18,E0,675,11,55,64,64,1,1,135,135,1,1,1,0,0
known_n1_failure,20260809,18,E0,676,11,56,235,235,1,1,469,469,1,1,1,0,0
known_n1_failure,20260809,18,E0,677,11,57,394,394,1,1,1104,1104,1,1,1,0,0
known_n1_failure,20260809,18,E0,678,11,58,445,445,1,1,1223,1223,1,1,1,0,0
known_n1_failure,20260809,18,E0,679,11,59,421,421,1,1,921,921,1,1,1,0,0
known_n1_failure,20260809,18,E0,680,11,60,352,352,1,1,385,385,1,1,1,0,0
known_n1_failure,20260809,18,E0,681,12,1,590,590,1,1,1022,1022,1,1,1,0,0
known_n1_failure,20260809,18,E0,682,12,2,717,717,1,1,1100,1100,1,1,1,0,0
known_n1_failure,20260809,18,E0,683,12,3,214,214,1,1,34,34,1,1,1,0,0
known_n1_failure,20260809,18,E0,684,12,4,159,159,1,1,165,165,1,1,1,0,0
known_n1_failure,20260809,18,E0,685,12,5,123,123,1,1,123,123,1,1,1,0,0
known_n1_failure,20260809,18,E0,686,12,6,100,100,1,1,90,90,1,1,1,0,0
known_n1_failure,20260809,18,E0,687,12,7,95,95,1,1,124,124,1,1,1,0,0
known_n1_failure,20260809,18,E0,688,12,8,110,110,1,1,122,122,1,1,1,0,0
known_n1_failure,20260809,18,E0,689,12,9,99,99,1,1,89,89,1,1,1,0,0
known_n1_failure,20260809,18,E0,690,12,10,105,105,1,1,123,123,1,1,1,0,0
known_n1_failure,20260809,18,E0,691,12,11,95,95,1,1,104,104,1,1,1,0,0
known_n1_failure,20260809,18,E0,692,12,12,86,86,1,1,101,101,1,1,1,0,0
known_n1_failure,20260809,18,E0,693,12,13,108,108,1,1,110,110,1,1,1,0,0
known_n1_failure,20260809,18,E0,694,12,14,74,74,1,1,109,109,1,1,1,0,0
known_n1_failure,20260809,18,E0,695,12,15,59,59,1,1,75,75,1,1,1,0,0
known_n1_failure,20260809,18,E0,696,12,16,58,58,1,1,109,109,1,1,1,0,0
known_n1_failure,20260809,18,E0,697,12,17,62,62,1,1,105,105,1,1,1,0,0
known_n1_failure,20260809,18,E0,698,12,18,54,54,1,1,109,109,1,1,1,0,0
known_n1_failure,20260809,18,E0,699,12,19,66,66,1,1,104,104,1,1,1,0,0
known_n1_failure,20260809,18,E0,700,12,20,56,56,1,1,98,98,1,1,1,0,0
known_n1_failure,20260809,18,E0,701,12,21,44,44,1,1,88,88,1,1,1,0,0
known_n1_failure,20260809,18,E0,702,12,22,46,46,1,1,117,117,1,1,1,0,0
known_n1_failure,20260809,18,E0,703,12,23,34,34,1,1,92,92,1,1,1,0,0
known_n1_failure,20260809,18,E0,704,12,24,30,30,1,1,93,93,1,1,1,0,0
known_n1_failure,20260809,18,E0,705,12,25,38,38,1,1,87,87,1,1,1,0,0
known_n1_failure,20260809,18,E0,706,12,26,43,43,1,1,102,102,1,1,1,0,0
known_n1_failure,20260809,18,E0,707,12,27,34,34,1,1,91,91,1,1,1,0,0
known_n1_failure,20260809,18,E0,708,12,28,30,30,1,1,90,90,1,1,1,0,0
known_n1_failure,20260809,18,E0,709,12,29,22,22,1,1,88,88,1,1,1,0,0
known_n1_failure,20260809,18,E0,710,12,30,35,35,1,1,103,103,1,1,1,0,0
known_n1_failure,20260809,18,E0,711,12,31,32,32,1,1,96,96,1,1,1,0,0
known_n1_failure,20260809,18,E0,712,12,32,41,41,1,1,97,97,1,1,1,0,0
known_n1_failure,20260809,18,E0,713,12,33,26,26,1,1,88,88,1,1,1,0,0
known_n1_failure,20260809,18,E0,714,12,34,18,18,1,1,85,85,1,1,1,0,0
known_n1_failure,20260809,18,E0,715,12,35,20,20,1,1,94,94,1,1,1,0,0
known_n1_failure,20260809,18,E0,716,12,36,20,20,1,1,95,95,1,1,1,0,0
known_n1_failure,20260809,18,E0,717,12,37,35,35,1,1,103,103,1,1,1,0,0
known_n1_failure,20260809,18,E0,718,12,38,20,20,1,1,87,87,1,1,1,0,0
known_n1_failure,20260809,18,E0,719,12,39,22,22,1,1,86,86,1,1,1,0,0
known_n1_failure,20260809,18,E0,720,12,40,27,27,1,1,92,92,1,1,1,0,0
known_n1_failure,20260809,18,E0,721,12,41,22,22,1,1,93,93,1,1,1,0,0
known_n1_failure,20260809,18,E0,722,12,42,15,15,1,1,93,93,1,1,1,0,0
known_n1_failure,20260809,18,E0,723,12,43,26,26,1,1,89,89,1,1,1,0,0
known_n1_failure,20260809,18,E0,724,12,44,22,22,1,1,91,91,1,1,1,0,0
known_n1_failure,20260809,18,E0,725,12,45,19,19,1,1,89,89,1,1,1,0,0
known_n1_failure,20260809,18,E0,726,12,46,16,16,1,1,91,91,1,1,1,0,0
known_n1_failure,20260809,18,E0,727,12,47,18,18,1,1,100,100,1,1,1,0,0
known_n1_failure,20260809,18,E0,728,12,48,25,25,1,1,95,95,1,1,1,0,0
known_n1_failure,20260809,18,E0,729,12,49,21,21,1,1,97,97,1,1,1,0,0
known_n1_failure,20260809,18,E0,730,12,50,19,19,1,1,92,92,1,1,1,0,0
known_n1_failure,20260809,18,E0,731,12,51,15,15,1,1,92,92,1,1,1,0,0
known_n1_failure,20260809,18,E0,732,12,52,11,11,1,1,94,94,1,1,1,0,0
known_n1_failure,20260809,18,E0,733,12,53,18,18,1,1,91,91,1,1,1,0,0
known_n1_failure,20260809,18,E0,734,12,54,11,11,1,1,85,85,1,1,1,0,0
known_n1_failure,20260809,18,E0,735,12,55,29,29,1,1,95,95,1,1,1,0,0
known_n1_failure,20260809,18,E0,736,12,56,47,47,1,1,124,124,1,1,1,0,0
known_n1_failure,20260809,18,E0,737,12,57,160,160,1,1,260,260,1,1,1,0,0
known_n1_failure,20260809,18,E0,738,12,58,309,309,1,1,809,809,1,1,1,0,0
known_n1_failure,20260809,18,E0,739,12,59,377,377,1,1,659,659,1,1,1,0,0
known_n1_failure,20260809,18,E0,740,12,60,344,344,1,1,561,561,1,1,1,0,0
known_n1_failure,20260809,18,E0,741,13,1,692,692,1,1,1381,1381,1,1,1,0,0
known_n1_failure,20260809,18,E0,742,13,2,677,677,1,1,1297,1297,1,1,1,0,0
known_n1_failure,20260809,18,E0,743,13,3,244,244,1,1,110,110,1,1,1,0,0
known_n1_failure,20260809,18,E0,744,13,4,135,135,1,1,135,135,1,1,1,0,0
known_n1_failure,20260809,18,E0,745,13,5,133,133,1,1,166,166,1,1,1,0,0
known_n1_failure,20260809,18,E0,746,13,6,78,78,1,1,84,84,1,1,1,0,0
known_n1_failure,20260809,18,E0,747,13,7,71,71,1,1,123,123,1,1,1,0,0
known_n1_failure,20260809,18,E0,748,13,8,76,76,1,1,103,103,1,1,1,0,0
known_n1_failure,20260809,18,E0,749,13,9,95,95,1,1,130,130,1,1,1,0,0
known_n1_failure,20260809,18,E0,750,13,10,91,91,1,1,137,137,1,1,1,0,0
known_n1_failure,20260809,18,E0,751,13,11,60,60,1,1,79,79,1,1,1,0,0
known_n1_failure,20260809,18,E0,752,13,12,46,46,1,1,97,97,1,1,1,0,0
known_n1_failure,20260809,18,E0,753,13,13,60,60,1,1,102,102,1,1,1,0,0
known_n1_failure,20260809,18,E0,754,13,14,62,62,1,1,107,107,1,1,1,0,0
known_n1_failure,20260809,18,E0,755,13,15,36,36,1,1,86,86,1,1,1,0,0
known_n1_failure,20260809,18,E0,756,13,16,35,35,1,1,99,99,1,1,1,0,0
known_n1_failure,20260809,18,E0,757,13,17,40,40,1,1,88,88,1,1,1,0,0
known_n1_failure,20260809,18,E0,758,13,18,36,36,1,1,92,92,1,1,1,0,0
known_n1_failure,20260809,18,E0,759,13,19,36,36,1,1,97,97,1,1,1,0,0
known_n1_failure,20260809,18,E0,760,13,20,30,30,1,1,85,85,1,1,1,0,0
known_n1_failure,20260809,18,E0,761,13,21,30,30,1,1,94,94,1,1,1,0,0
known_n1_failure,20260809,18,E0,762,13,22,23,23,1,1,83,83,1,1,1,0,0
known_n1_failure,20260809,18,E0,763,13,23,26,26,1,1,90,90,1,1,1,0,0
known_n1_failure,20260809,18,E0,764,13,24,18,18,1,1,85,85,1,1,1,0,0
known_n1_failure,20260809,18,E0,765,13,25,16,16,1,1,77,77,1,1,1,0,0
known_n1_failure,20260809,18,E0,766,13,26,14,14,1,1,96,96,1,1,1,0,0
known_n1_failure,20260809,18,E0,767,13,27,21,21,1,1,81,81,1,1,1,0,0
known_n1_failure,20260809,18,E0,768,13,28,17,17,1,1,83,83,1,1,1,0,0
known_n1_failure,20260809,18,E0,769,13,29,19,19,1,1,85,85,1,1,1,0,0
known_n1_failure,20260809,18,E0,770,13,30,14,14,1,1,85,85,1,1,1,0,0
known_n1_failure,20260809,18,E0,771,13,31,6,6,1,1,84,84,1,1,1,0,0
known_n1_failure,20260809,18,E0,772,13,32,9,9,1,1,86,86,1,1,1,0,0
known_n1_failure,20260809,18,E0,773,13,33,8,8,1,1,82,82,1,1,1,0,0
known_n1_failure,20260809,18,E0,774,13,34,7,7,1,1,81,81,1,1,1,0,0
known_n1_failure,20260809,18,E0,775,13,35,7,7,1,1,90,90,1,1,1,0,0
known_n1_failure,20260809,18,E0,776,13,36,10,10,1,1,83,83,1,1,1,0,0
known_n1_failure,20260809,18,E0,777,13,37,9,9,1,1,86,86,1,1,1,0,0
known_n1_failure,20260809,18,E0,778,13,38,2,2,1,1,88,88,1,1,1,0,0
known_n1_failure,20260809,18,E0,779,13,39,21,21,1,1,97,97,1,1,1,0,0
known_n1_failure,20260809,18,E0,780,13,40,30,30,1,1,96,96,1,1,1,0,0
known_n1_failure,20260809,18,E0,781,13,41,53,53,1,1,128,128,1,1,1,0,0
known_n1_failure,20260809,18,E0,782,13,42,136,136,1,1,232,232,1,1,1,0,0
known_n1_failure,20260809,18,E0,783,13,43,267,267,1,1,638,638,1,1,1,0,0
known_n1_failure,20260809,18,E0,784,13,44,259,259,1,1,802,802,1,1,1,0,0
known_n1_failure,20260809,18,E0,785,13,45,213,213,1,1,881,881,1,1,1,0,0
known_n1_failure,20260809,18,E0,786,13,46,217,217,1,1,912,912,1,1,1,0,0
known_n1_failure,20260809,18,E0,787,13,47,259,259,1,1,974,974,1,1,1,0,0
known_n1_failure,20260809,18,E0,788,13,48,254,254,1,1,1108,1108,1,1,1,0,0
known_n1_failure,20260809,18,E0,789,13,49,216,216,1,1,944,944,1,1,1,0,0
known_n1_failure,20260809,18,E0,790,13,50,151,151,1,1,601,601,1,1,1,0,0
known_n1_failure,20260809,18,E0,791,13,51,75,75,1,1,103,103,1,1,1,0,0
known_n1_failure,20260809,18,E0,792,13,52,46,46,1,1,94,94,1,1,1,0,0
known_n1_failure,20260809,18,E0,793,13,53,30,30,1,1,93,93,1,1,1,0,0
known_n1_failure,20260809,18,E0,794,13,54,24,24,1,1,79,79,1,1,1,0,0
known_n1_failure,20260809,18,E0,795,13,55,15,15,1,1,96,96,1,1,1,0,0
known_n1_failure,20260809,18,E0,796,13,56,17,17,1,1,80,80,1,1,1,0,0
known_n1_failure,20260809,18,E0,797,13,57,14,14,1,1,84,84,1,1,1,0,0
known_n1_failure,20260809,18,E0,798,13,58,9,9,1,1,85,85,1,1,1,0,0
known_n1_failure,20260809,18,E0,799,13,59,12,12,1,1,88,88,1,1,1,0,0
known_n1_failure,20260809,18,E0,800,13,60,10,10,1,1,91,91,1,1,1,0,0
known_n1_failure,20260809,18,E0,801,14,1,825,825,1,1,7254,7254,1,1,1,0,0
known_n1_failure,20260809,18,E0,802,14,2,145,145,1,1,60,60,1,1,1,0,0
known_n1_failure,20260809,18,E0,803,14,3,104,104,1,1,138,138,1,1,1,0,0
known_n1_failure,20260809,18,E0,804,14,4,84,84,1,1,126,126,1,1,1,0,0
known_n1_failure,20260809,18,E0,805,14,5,45,45,1,1,83,83,1,1,1,0,0
known_n1_failure,20260809,18,E0,806,14,6,45,45,1,1,120,120,1,1,1,0,0
known_n1_failure,20260809,18,E0,807,14,7,33,33,1,1,83,83,1,1,1,0,0
known_n1_failure,20260809,18,E0,808,14,8,22,22,1,1,95,95,1,1,1,0,0
known_n1_failure,20260809,18,E0,809,14,9,30,30,1,1,90,90,1,1,1,0,0
known_n1_failure,20260809,18,E0,810,14,10,28,28,1,1,91,91,1,1,1,0,0
known_n1_failure,20260809,18,E0,811,14,11,18,18,1,1,81,81,1,1,1,0,0
known_n1_failure,20260809,18,E0,812,14,12,12,12,1,1,82,82,1,1,1,0,0
known_n1_failure,20260809,18,E0,813,14,13,18,18,1,1,92,92,1,1,1,0,0
known_n1_failure,20260809,18,E0,814,14,14,22,22,1,1,82,82,1,1,1,0,0
known_n1_failure,20260809,18,E0,815,14,15,10,10,1,1,84,84,1,1,1,0,0
known_n1_failure,20260809,18,E0,816,14,16,10,10,1,1,79,79,1,1,1,0,0
known_n1_failure,20260809,18,E0,817,14,17,16,16,1,1,90,90,1,1,1,0,0
known_n1_failure,20260809,18,E0,818,14,18,13,13,1,1,83,83,1,1,1,0,0
known_n1_failure,20260809,18,E0,819,14,19,9,9,1,1,84,84,1,1,1,0,0
known_n1_failure,20260809,18,E0,820,14,20,9,9,1,1,90,90,1,1,1,0,0
known_n1_failure,20260809,18,E0,821,14,21,18,18,1,1,92,92,1,1,1,0,0
known_n1_failure,20260809,18,E0,822,14,22,22,22,1,1,91,91,1,1,1,0,0
known_n1_failure,20260809,18,E0,823,14,23,34,34,1,1,96,96,1,1,1,0,0
known_n1_failure,20260809,18,E0,824,14,24,37,37,1,1,100,100,1,1,1,0,0
known_n1_failure,20260809,18,E0,825,14,25,55,55,1,1,121,121,1,1,1,0,0
known_n1_failure,20260809,18,E0,826,14,26,103,103,1,1,161,161,1,1,1,0,0
known_n1_failure,20260809,18,E0,827,14,27,242,242,1,1,378,378,1,1,1,0,0
known_n1_failure,20260809,18,E0,828,14,28,360,360,1,1,749,749,1,1,1,0,0
known_n1_failure,20260809,18,E0,829,14,29,244,244,1,1,495,495,1,1,1,0,0
known_n1_failure,20260809,18,E0,830,14,30,249,249,1,1,632,632,1,1,1,0,0
known_n1_failure,20260809,18,E0,831,14,31,217,217,1,1,693,693,1,1,1,0,0
known_n1_failure,20260809,18,E0,832,14,32,201,201,1,1,443,443,1,1,1,0,0
known_n1_failure,20260809,18,E0,833,14,33,162,162,1,1,223,223,1,1,1,0,0
known_n1_failure,20260809,18,E0,834,14,34,113,113,1,1,161,161,1,1,1,0,0
known_n1_failure,20260809,18,E0,835,14,35,43,43,1,1,82,82,1,1,1,0,0
known_n1_failure,20260809,18,E0,836,14,36,44,44,1,1,99,99,1,1,1,0,0
known_n1_failure,20260809,18,E0,837,14,37,30,30,1,1,84,84,1,1,1,0,0
known_n1_failure,20260809,18,E0,838,14,38,22,22,1,1,102,102,1,1,1,0,0
known_n1_failure,20260809,18,E0,839,14,39,28,28,1,1,97,97,1,1,1,0,0
known_n1_failure,20260809,18,E0,840,14,40,27,27,1,1,89,89,1,1,1,0,0
known_n1_failure,20260809,18,E0,841,14,41,25,25,1,1,93,93,1,1,1,0,0
known_n1_failure,20260809,18,E0,842,14,42,14,14,1,1,85,85,1,1,1,0,0
known_n1_failure,20260809,18,E0,843,14,43,21,21,1,1,89,89,1,1,1,0,0
known_n1_failure,20260809,18,E0,844,14,44,28,28,1,1,90,90,1,1,1,0,0
known_n1_failure,20260809,18,E0,845,14,45,29,29,1,1,100,100,1,1,1,0,0
known_n1_failure,20260809,18,E0,846,14,46,26,26,1,1,92,92,1,1,1,0,0
known_n1_failure,20260809,18,E0,847,14,47,36,36,1,1,104,104,1,1,1,0,0
known_n1_failure,20260809,18,E0,848,14,48,24,24,1,1,93,93,1,1,1,0,0
known_n1_failure,20260809,18,E0,849,14,49,31,31,1,1,101,101,1,1,1,0,0
known_n1_failure,20260809,18,E0,850,14,50,43,43,1,1,107,107,1,1,1,0,0
known_n1_failure,20260809,18,E0,851,14,51,37,37,1,1,94,94,1,1,1,0,0
known_n1_failure,20260809,18,E0,852,14,52,33,33,1,1,87,87,1,1,1,0,0
known_n1_failure,20260809,18,E0,853,14,53,16,16,1,1,92,92,1,1,1,0,0
known_n1_failure,20260809,18,E0,854,14,54,12,12,1,1,85,85,1,1,1,0,0
known_n1_failure,20260809,18,E0,855,14,55,15,15,1,1,95,95,1,1,1,0,0
known_n1_failure,20260809,18,E0,856,14,56,9,9,1,1,93,93,1,1,1,0,0
known_n1_failure,20260809,18,E0,857,14,57,10,10,1,1,93,93,1,1,1,0,0
known_n1_failure,20260809,18,E0,858,14,58,6,6,1,1,89,89,1,1,1,0,0
known_n1_failure,20260809,18,E0,859,14,59,8,8,1,1,90,90,1,1,1,0,0
known_n1_failure,20260809,18,E0,860,14,60,2,2,1,1,86,86,1,1,1,0,0
known_n1_failure,20260809,18,E0,861,15,1,860,860,1,1,6038,6038,1,1,1,0,0
known_n1_failure,20260809,18,E0,862,15,2,140,140,1,1,62,62,1,1,1,0,0
known_n1_failure,20260809,18,E0,863,15,3,76,76,1,1,122,122,1,1,1,0,0
known_n1_failure,20260809,18,E0,864,15,4,75,75,1,1,110,110,1,1,1,0,0
known_n1_failure,20260809,18,E0,865,15,5,58,58,1,1,101,101,1,1,1,0,0
known_n1_failure,20260809,18,E0,866,15,6,51,51,1,1,96,96,1,1,1,0,0
known_n1_failure,20260809,18,E0,867,15,7,46,46,1,1,88,88,1,1,1,0,0
known_n1_failure,20260809,18,E0,868,15,8,34,34,1,1,96,96,1,1,1,0,0
known_n1_failure,20260809,18,E0,869,15,9,35,35,1,1,92,92,1,1,1,0,0
known_n1_failure,20260809,18,E0,870,15,10,33,33,1,1,96,96,1,1,1,0,0
known_n1_failure,20260809,18,E0,871,15,11,30,30,1,1,83,83,1,1,1,0,0
known_n1_failure,20260809,18,E0,872,15,12,25,25,1,1,93,93,1,1,1,0,0
known_n1_failure,20260809,18,E0,873,15,13,20,20,1,1,93,93,1,1,1,0,0
known_n1_failure,20260809,18,E0,874,15,14,21,21,1,1,82,82,1,1,1,0,0
known_n1_failure,20260809,18,E0,875,15,15,22,22,1,1,90,90,1,1,1,0,0
known_n1_failure,20260809,18,E0,876,15,16,20,20,1,1,90,90,1,1,1,0,0
known_n1_failure,20260809,18,E0,877,15,17,20,20,1,1,83,83,1,1,1,0,0
known_n1_failure,20260809,18,E0,878,15,18,19,19,1,1,94,94,1,1,1,0,0
known_n1_failure,20260809,18,E0,879,15,19,7,7,1,1,84,84,1,1,1,0,0
known_n1_failure,20260809,18,E0,880,15,20,3,3,1,1,82,82,1,1,1,0,0
known_n1_failure,20260809,18,E0,881,15,21,9,9,1,1,87,87,1,1,1,0,0
known_n1_failure,20260809,18,E0,882,15,22,6,6,1,1,83,83,1,1,1,0,0
known_n1_failure,20260809,18,E0,883,15,23,5,5,1,1,85,85,1,1,1,0,0
known_n1_failure,20260809,18,E0,884,15,24,8,8,1,1,95,95,1,1,1,0,0
known_n1_failure,20260809,18,E0,885,15,25,10,10,1,1,86,86,1,1,1,0,0
known_n1_failure,20260809,18,E0,886,15,26,11,11,1,1,84,84,1,1,1,0,0
known_n1_failure,20260809,18,E0,887,15,27,13,13,1,1,90,90,1,1,1,0,0
known_n1_failure,20260809,18,E0,888,15,28,21,21,1,1,102,102,1,1,1,0,0
known_n1_failure,20260809,18,E0,889,15,29,18,18,1,1,94,94,1,1,1,0,0
known_n1_failure,20260809,18,E0,890,15,30,22,22,1,1,92,92,1,1,1,0,0
known_n1_failure,20260809,18,E0,891,15,31,14,14,1,1,90,90,1,1,1,0,0
known_n1_failure,20260809,18,E0,892,15,32,21,21,1,1,98,98,1,1,1,0,0
known_n1_failure,20260809,18,E0,893,15,33,18,18,1,1,94,94,1,1,1,0,0
known_n1_failure,20260809,18,E0,894,15,34,40,40,1,1,106,106,1,1,1,0,0
known_n1_failure,20260809,18,E0,895,15,35,70,70,1,1,129,129,1,1,1,0,0
known_n1_failure,20260809,18,E0,896,15,36,180,180,1,1,318,318,1,1,1,0,0
known_n1_failure,20260809,18,E0,897,15,37,322,322,1,1,817,817,1,1,1,0,0
known_n1_failure,20260809,18,E0,898,15,38,345,345,1,1,638,638,1,1,1,0,0
known_n1_failure,20260809,18,E0,899,15,39,296,296,1,1,448,448,1,1,1,0,0
known_n1_failure,20260809,18,E0,900,15,40,263,263,1,1,529,529,1,1,1,0,0
known_n1_failure,20260809,18,E0,901,15,41,232,232,1,1,457,457,1,1,1,0,0
known_n1_failure,20260809,18,E0,902,15,42,167,167,1,1,363,363,1,1,1,0,0
known_n1_failure,20260809,18,E0,903,15,43,82,82,1,1,95,95,1,1,1,0,0
known_n1_failure,20260809,18,E0,904,15,44,61,61,1,1,112,112,1,1,1,0,0
known_n1_failure,20260809,18,E0,905,15,45,32,32,1,1,86,86,1,1,1,0,0
known_n1_failure,20260809,18,E0,906,15,46,28,28,1,1,91,91,1,1,1,0,0
known_n1_failure,20260809,18,E0,907,15,47,28,28,1,1,88,88,1,1,1,0,0
known_n1_failure,20260809,18,E0,908,15,48,30,30,1,1,101,101,1,1,1,0,0
known_n1_failure,20260809,18,E0,909,15,49,21,21,1,1,89,89,1,1,1,0,0
known_n1_failure,20260809,18,E0,910,15,50,21,21,1,1,96,96,1,1,1,0,0
known_n1_failure,20260809,18,E0,911,15,51,24,24,1,1,81,81,1,1,1,0,0
known_n1_failure,20260809,18,E0,912,15,52,19,19,1,1,93,93,1,1,1,0,0
known_n1_failure,20260809,18,E0,913,15,53,17,17,1,1,85,85,1,1,1,0,0
known_n1_failure,20260809,18,E0,914,15,54,18,18,1,1,98,98,1,1,1,0,0
known_n1_failure,20260809,18,E0,915,15,55,16,16,1,1,86,86,1,1,1,0,0
known_n1_failure,20260809,18,E0,916,15,56,19,19,1,1,97,97,1,1,1,0,0
known_n1_failure,20260809,18,E0,917,15,57,18,18,1,1,83,83,1,1,1,0,0
known_n1_failure,20260809,18,E0,918,15,58,20,20,1,1,93,93,1,1,1,0,0
known_n1_failure,20260809,18,E0,919,15,59,24,24,1,1,97,97,1,1,1,0,0
known_n1_failure,20260809,18,E0,920,15,60,26,26,1,1,90,90,1,1,1,0,0
known_n1_failure,20260809,18,E0,921,16,1,850,850,1,1,5897,5897,1,1,1,0,0
known_n1_failure,20260809,18,E0,922,16,2,168,168,1,1,55,55,1,1,1,0,0
known_n1_failure,20260809,18,E0,923,16,3,107,107,1,1,184,184,1,1,1,0,0
known_n1_failure,20260809,18,E0,924,16,4,97,97,1,1,98,98,1,1,1,0,0
known_n1_failure,20260809,18,E0,925,16,5,76,76,1,1,101,101,1,1,1,0,0
known_n1_failure,20260809,18,E0,926,16,6,79,79,1,1,140,140,1,1,1,0,0
known_n1_failure,20260809,18,E0,927,16,7,54,54,1,1,100,100,1,1,1,0,0
known_n1_failure,20260809,18,E0,928,16,8,59,59,1,1,79,79,1,1,1,0,0
known_n1_failure,20260809,18,E0,929,16,9,53,53,1,1,134,134,1,1,1,0,0
known_n1_failure,20260809,18,E0,930,16,10,60,60,1,1,93,93,1,1,1,0,0
known_n1_failure,20260809,18,E0,931,16,11,42,42,1,1,93,93,1,1,1,0,0
known_n1_failure,20260809,18,E0,932,16,12,31,31,1,1,92,92,1,1,1,0,0
known_n1_failure,20260809,18,E0,933,16,13,39,39,1,1,100,100,1,1,1,0,0
known_n1_failure,20260809,18,E0,934,16,14,44,44,1,1,105,105,1,1,1,0,0
known_n1_failure,20260809,18,E0,935,16,15,34,34,1,1,91,91,1,1,1,0,0
known_n1_failure,20260809,18,E0,936,16,16,27,27,1,1,89,89,1,1,1,0,0
known_n1_failure,20260809,18,E0,937,16,17,25,25,1,1,90,90,1,1,1,0,0
known_n1_failure,20260809,18,E0,938,16,18,18,18,1,1,98,98,1,1,1,0,0
known_n1_failure,20260809,18,E0,939,16,19,16,16,1,1,80,80,1,1,1,0,0
known_n1_failure,20260809,18,E0,940,16,20,19,19,1,1,92,92,1,1,1,0,0
known_n1_failure,20260809,18,E0,941,16,21,27,27,1,1,83,83,1,1,1,0,0
known_n1_failure,20260809,18,E0,942,16,22,18,18,1,1,93,93,1,1,1,0,0
known_n1_failure,20260809,18,E0,943,16,23,21,21,1,1,82,82,1,1,1,0,0
known_n1_failure,20260809,18,E0,944,16,24,24,24,1,1,88,88,1,1,1,0,0
known_n1_failure,20260809,18,E0,945,16,25,21,21,1,1,87,87,1,1,1,0,0
known_n1_failure,20260809,18,E0,946,16,26,24,24,1,1,92,92,1,1,1,0,0
known_n1_failure,20260809,18,E0,947,16,27,21,21,1,1,82,82,1,1,1,0,0
known_n1_failure,20260809,18,E0,948,16,28,18,18,1,1,99,99,1,1,1,0,0
known_n1_failure,20260809,18,E0,949,16,29,19,19,1,1,82,82,1,1,1,0,0
known_n1_failure,20260809,18,E0,950,16,30,24,24,1,1,94,94,1,1,1,0,0
known_n1_failure,20260809,18,E0,951,16,31,26,26,1,1,91,91,1,1,1,0,0
known_n1_failure,20260809,18,E0,952,16,32,24,24,1,1,94,94,1,1,1,0,0
known_n1_failure,20260809,18,E0,953,16,33,26,26,1,1,108,108,1,1,1,0,0
known_n1_failure,20260809,18,E0,954,16,34,50,50,1,1,117,117,1,1,1,0,0
known_n1_failure,20260809,18,E0,955,16,35,85,85,1,1,126,126,1,1,1,0,0
known_n1_failure,20260809,18,E0,956,16,36,133,133,1,1,155,155,1,1,1,0,0
known_n1_failure,20260809,18,E0,957,16,37,222,222,1,1,363,363,1,1,1,0,0
known_n1_failure,20260809,18,E0,958,16,38,189,189,1,1,190,190,1,1,1,0,0
known_n1_failure,20260809,18,E0,959,16,39,102,102,1,1,111,111,1,1,1,0,0
known_n1_failure,20260809,18,E0,960,16,40,62,62,1,1,97,97,1,1,1,0,0
known_n1_failure,20260809,18,E0,961,16,41,49,49,1,1,93,93,1,1,1,0,0
known_n1_failure,20260809,18,E0,962,16,42,35,35,1,1,111,111,1,1,1,0,0
known_n1_failure,20260809,18,E0,963,16,43,27,27,1,1,88,88,1,1,1,0,0
known_n1_failure,20260809,18,E0,964,16,44,15,15,1,1,86,86,1,1,1,0,0
known_n1_failure,20260809,18,E0,965,16,45,22,22,1,1,79,79,1,1,1,0,0
known_n1_failure,20260809,18,E0,966,16,46,22,22,1,1,100,100,1,1,1,0,0
known_n1_failure,20260809,18,E0,967,16,47,19,19,1,1,84,84,1,1,1,0,0
known_n1_failure,20260809,18,E0,968,16,48,21,21,1,1,88,88,1,1,1,0,0
known_n1_failure,20260809,18,E0,969,16,49,19,19,1,1,90,90,1,1,1,0,0
known_n1_failure,20260809,18,E0,970,16,50,21,21,1,1,89,89,1,1,1,0,0
known_n1_failure,20260809,18,E0,971,16,51,16,16,1,1,84,84,1,1,1,0,0
known_n1_failure,20260809,18,E0,972,16,52,18,18,1,1,85,85,1,1,1,0,0
known_n1_failure,20260809,18,E0,973,16,53,20,20,1,1,93,93,1,1,1,0,0
known_n1_failure,20260809,18,E0,974,16,54,27,27,1,1,90,90,1,1,1,0,0
known_n1_failure,20260809,18,E0,975,16,55,17,17,1,1,88,88,1,1,1,0,0
known_n1_failure,20260809,18,E0,976,16,56,22,22,1,1,86,86,1,1,1,0,0
known_n1_failure,20260809,18,E0,977,16,57,20,20,1,1,83,83,1,1,1,0,0
known_n1_failure,20260809,18,E0,978,16,58,23,23,1,1,104,104,1,1,1,0,0
known_n1_failure,20260809,18,E0,979,16,59,23,23,1,1,89,89,1,1,1,0,0
known_n1_failure,20260809,18,E0,980,16,60,21,21,1,1,87,87,1,1,1,0,0
known_n1_failure,20260809,18,E0,981,17,1,874,874,1,1,5180,5180,1,1,1,0,0
known_n1_failure,20260809,18,E0,982,17,2,212,212,1,1,89,89,1,1,1,0,0
known_n1_failure,20260809,18,E0,983,17,3,108,108,1,1,160,160,1,1,1,0,0
known_n1_failure,20260809,18,E0,984,17,4,77,77,1,1,76,76,1,1,1,0,0
known_n1_failure,20260809,18,E0,985,17,5,50,50,1,1,92,92,1,1,1,0,0
known_n1_failure,20260809,18,E0,986,17,6,46,46,1,1,96,96,1,1,1,0,0
known_n1_failure,20260809,18,E0,987,17,7,39,39,1,1,86,86,1,1,1,0,0
known_n1_failure,20260809,18,E0,988,17,8,40,40,1,1,105,105,1,1,1,0,0
known_n1_failure,20260809,18,E0,989,17,9,49,49,1,1,127,127,1,1,1,0,0
known_n1_failure,20260809,18,E0,990,17,10,48,48,1,1,92,92,1,1,1,0,0
known_n1_failure,20260809,18,E0,991,17,11,35,35,1,1,95,95,1,1,1,0,0
known_n1_failure,20260809,18,E0,992,17,12,31,31,1,1,98,98,1,1,1,0,0
known_n1_failure,20260809,18,E0,993,17,13,23,23,1,1,86,86,1,1,1,0,0
known_n1_failure,20260809,18,E0,994,17,14,21,21,1,1,78,78,1,1,1,0,0
known_n1_failure,20260809,18,E0,995,17,15,14,14,1,1,80,80,1,1,1,0,0
known_n1_failure,20260809,18,E0,996,17,16,23,23,1,1,93,93,1,1,1,0,0
known_n1_failure,20260809,18,E0,997,17,17,24,24,1,1,89,89,1,1,1,0,0
known_n1_failure,20260809,18,E0,998,17,18,29,29,1,1,88,88,1,1,1,0,0
known_n1_failure,20260809,18,E0,999,17,19,20,20,1,1,84,84,1,1,1,0,0
known_n1_failure,20260809,18,E0,1000,17,20,20,20,1,1,78,78,1,1,1,0,0
known_n1_failure,20260809,18,E0,1001,17,21,16,16,1,1,84,84,1,1,1,0,0
known_n1_failure,20260809,18,E0,1002,17,22,22,22,1,1,89,89,1,1,1,0,0
known_n1_failure,20260809,18,E0,1003,17,23,33,33,1,1,92,92,1,1,1,0,0
known_n1_failure,20260809,18,E0,1004,17,24,27,27,1,1,87,87,1,1,1,0,0
known_n1_failure,20260809,18,E0,1005,17,25,30,30,1,1,89,89,1,1,1,0,0
known_n1_failure,20260809,18,E0,1006,17,26,19,19,1,1,91,91,1,1,1,0,0
known_n1_failure,20260809,18,E0,1007,17,27,11,11,1,1,77,77,1,1,1,0,0
known_n1_failure,20260809,18,E0,1008,17,28,15,15,1,1,82,82,1,1,1,0,0
known_n1_failure,20260809,18,E0,1009,17,29,12,12,1,1,88,88,1,1,1,0,0
known_n1_failure,20260809,18,E0,1010,17,30,17,17,1,1,87,87,1,1,1,0,0
known_n1_failure,20260809,18,E0,1011,17,31,13,13,1,1,75,75,1,1,1,0,0
known_n1_failure,20260809,18,E0,1012,17,32,16,16,1,1,80,80,1,1,1,0,0
known_n1_failure,20260809,18,E0,1013,17,33,16,16,1,1,82,82,1,1,1,0,0
known_n1_failure,20260809,18,E0,1014,17,34,16,16,1,1,84,84,1,1,1,0,0
known_n1_failure,20260809,18,E0,1015,17,35,15,15,1,1,87,87,1,1,1,0,0
known_n1_failure,20260809,18,E0,1016,17,36,16,16,1,1,79,79,1,1,1,0,0
known_n1_failure,20260809,18,E0,1017,17,37,18,18,1,1,82,82,1,1,1,0,0
known_n1_failure,20260809,18,E0,1018,17,38,21,21,1,1,88,88,1,1,1,0,0
known_n1_failure,20260809,18,E0,1019,17,39,34,34,1,1,104,104,1,1,1,0,0
known_n1_failure,20260809,18,E0,1020,17,40,48,48,1,1,118,118,1,1,1,0,0
known_n1_failure,20260809,18,E0,1021,17,41,79,79,1,1,175,175,1,1,1,0,0
known_n1_failure,20260809,18,E0,1022,17,42,179,179,1,1,312,312,1,1,1,0,0
known_n1_failure,20260809,18,E0,1023,17,43,336,336,1,1,649,649,1,1,1,0,0
known_n1_failure,20260809,18,E0,1024,17,44,310,310,1,1,607,607,1,1,1,0,0
known_n1_failure,20260809,18,E0,1025,17,45,238,238,1,1,526,526,1,1,1,0,0
known_n1_failure,20260809,18,E0,1026,17,46,214,214,1,1,525,525,1,1,1,0,0
known_n1_failure,20260809,18,E0,1027,17,47,218,218,1,1,481,481,1,1,1,0,0
known_n1_failure,20260809,18,E0,1028,17,48,243,243,1,1,610,610,1,1,1,0,0
known_n1_failure,20260809,18,E0,1029,17,49,204,204,1,1,614,614,1,1,1,0,0
known_n1_failure,20260809,18,E0,1030,17,50,154,154,1,1,490,490,1,1,1,0,0
known_n1_failure,20260809,18,E0,1031,17,51,72,72,1,1,87,87,1,1,1,0,0
known_n1_failure,20260809,18,E0,1032,17,52,51,51,1,1,97,97,1,1,1,0,0
known_n1_failure,20260809,18,E0,1033,17,53,35,35,1,1,83,83,1,1,1,0,0
known_n1_failure,20260809,18,E0,1034,17,54,25,25,1,1,80,80,1,1,1,0,0
known_n1_failure,20260809,18,E0,1035,17,55,23,23,1,1,76,76,1,1,1,0,0
known_n1_failure,20260809,18,E0,1036,17,56,23,23,1,1,92,92,1,1,1,0,0
known_n1_failure,20260809,18,E0,1037,17,57,23,23,1,1,81,81,1,1,1,0,0
known_n1_failure,20260809,18,E0,1038,17,58,18,18,1,1,74,74,1,1,1,0,0
known_n1_failure,20260809,18,E0,1039,17,59,21,21,1,1,97,97,1,1,1,0,0
known_n1_failure,20260809,18,E0,1040,17,60,19,19,1,1,80,80,1,1,1,0,0
known_n1_failure,20260809,18,E0,1041,18,1,883,883,1,1,5362,5362,1,1,1,0,0
known_n1_failure,20260809,18,E0,1042,18,2,190,190,1,1,62,62,1,1,1,0,0
known_n1_failure,20260809,18,E0,1043,18,3,90,90,1,1,140,140,1,1,1,0,0
known_n1_failure,20260809,18,E0,1044,18,4,72,72,1,1,88,88,1,1,1,0,0
known_n1_failure,20260809,18,E0,1045,18,5,47,47,1,1,95,95,1,1,1,0,0
known_n1_failure,20260809,18,E0,1046,18,6,55,55,1,1,92,92,1,1,1,0,0
known_n1_failure,20260809,18,E0,1047,18,7,39,39,1,1,93,93,1,1,1,0,0
known_n1_failure,20260809,18,E0,1048,18,8,30,30,1,1,83,83,1,1,1,0,0
known_n1_failure,20260809,18,E0,1049,18,9,28,28,1,1,77,77,1,1,1,0,0
known_n1_failure,20260809,18,E0,1050,18,10,28,28,1,1,95,95,1,1,1,0,0
known_n1_failure,20260809,18,E0,1051,18,11,25,25,1,1,86,86,1,1,1,0,0
known_n1_failure,20260809,18,E0,1052,18,12,26,26,1,1,80,80,1,1,1,0,0
known_n1_failure,20260809,18,E0,1053,18,13,22,22,1,1,91,91,1,1,1,0,0
known_n1_failure,20260809,18,E0,1054,18,14,18,18,1,1,78,78,1,1,1,0,0
known_n1_failure,20260809,18,E0,1055,18,15,14,14,1,1,82,82,1,1,1,0,0
known_n1_failure,20260809,18,E0,1056,18,16,12,12,1,1,82,82,1,1,1,0,0
known_n1_failure,20260809,18,E0,1057,18,17,13,13,1,1,79,79,1,1,1,0,0
known_n1_failure,20260809,18,E0,1058,18,18,9,9,1,1,85,85,1,1,1,0,0
known_n1_failure,20260809,18,E0,1059,18,19,9,9,1,1,80,80,1,1,1,0,0
known_n1_failure,20260809,18,E0,1060,18,20,11,11,1,1,80,80,1,1,1,0,0
known_n1_failure,20260809,18,E0,1061,18,21,19,19,1,1,84,84,1,1,1,0,0
known_n1_failure,20260809,18,E0,1062,18,22,17,17,1,1,85,85,1,1,1,0,0
known_n1_failure,20260809,18,E0,1063,18,23,4,4,1,1,77,77,1,1,1,0,0
known_n1_failure,20260809,18,E0,1064,18,24,2,2,1,1,77,77,1,1,1,0,0
known_n1_failure,20260809,18,E0,1065,18,25,5,5,1,1,77,77,1,1,1,0,0
known_n1_failure,20260809,18,E0,1066,18,26,2,2,1,1,79,79,1,1,1,0,0
known_n1_failure,20260809,18,E0,1067,18,27,1,1,1,1,77,77,1,1,1,0,0
known_n1_failure,20260809,18,E0,1068,18,28,5,5,1,1,81,81,1,1,1,0,0
known_n1_failure,20260809,18,E0,1069,18,29,13,13,1,1,102,102,1,1,1,0,0
known_n1_failure,20260809,18,E0,1070,18,30,32,32,1,1,117,117,1,1,1,0,0
known_n1_failure,20260809,18,E0,1071,18,31,49,49,1,1,117,117,1,1,1,0,0
known_n1_failure,20260809,18,E0,1072,18,32,77,77,1,1,133,133,1,1,1,0,0
known_n1_failure,20260809,18,E0,1073,18,33,206,206,1,1,322,322,1,1,1,0,0
known_n1_failure,20260809,18,E0,1074,18,34,356,356,1,1,670,670,1,1,1,0,0
known_n1_failure,20260809,18,E0,1075,18,35,265,265,1,1,625,625,1,1,1,0,0
known_n1_failure,20260809,18,E0,1076,18,36,245,245,1,1,787,787,1,1,1,0,0
known_n1_failure,20260809,18,E0,1077,18,37,232,232,1,1,682,682,1,1,1,0,0
known_n1_failure,20260809,18,E0,1078,18,38,264,264,1,1,647,647,1,1,1,0,0
known_n1_failure,20260809,18,E0,1079,18,39,293,293,1,1,796,796,1,1,1,0,0
known_n1_failure,20260809,18,E0,1080,18,40,243,243,1,1,494,494,1,1,1,0,0
known_n1_failure,20260809,18,E0,1081,18,41,174,174,1,1,271,271,1,1,1,0,0
known_n1_failure,20260809,18,E0,1082,18,42,67,67,1,1,107,107,1,1,1,0,0
known_n1_failure,20260809,18,E0,1083,18,43,66,66,1,1,114,114,1,1,1,0,0
known_n1_failure,20260809,18,E0,1084,18,44,56,56,1,1,80,80,1,1,1,0,0
known_n1_failure,20260809,18,E0,1085,18,45,53,53,1,1,85,85,1,1,1,0,0
known_n1_failure,20260809,18,E0,1086,18,46,40,40,1,1,105,105,1,1,1,0,0
known_n1_failure,20260809,18,E0,1087,18,47,42,42,1,1,96,96,1,1,1,0,0
known_n1_failure,20260809,18,E0,1088,18,48,41,41,1,1,79,79,1,1,1,0,0
known_n1_failure,20260809,18,E0,1089,18,49,36,36,1,1,97,97,1,1,1,0,0
known_n1_failure,20260809,18,E0,1090,18,50,27,27,1,1,86,86,1,1,1,0,0
known_n1_failure,20260809,18,E0,1091,18,51,34,34,1,1,76,76,1,1,1,0,0
known_n1_failure,20260809,18,E0,1092,18,52,25,25,1,1,100,100,1,1,1,0,0
known_n1_failure,20260809,18,E0,1093,18,53,31,31,1,1,88,88,1,1,1,0,0
known_n1_failure,20260809,18,E0,1094,18,54,29,29,1,1,81,81,1,1,1,0,0
known_n1_failure,20260809,18,E0,1095,18,55,24,24,1,1,104,104,1,1,1,0,0
known_n1_failure,20260809,18,E0,1096,18,56,27,27,1,1,82,82,1,1,1,0,0
known_n1_failure,20260809,18,E0,1097,18,57,19,19,1,1,76,76,1,1,1,0,0
known_n1_failure,20260809,18,E0,1098,18,58,17,17,1,1,104,104,1,1,1,0,0
known_n1_failure,20260809,18,E0,1099,18,59,20,20,1,1,81,81,1,1,1,0,0
known_n1_failure,20260809,18,E0,1100,18,60,23,23,1,1,85,85,1,1,1,0,0
known_n1_failure,20260809,18,E0,1101,19,1,906,906,1,1,5969,5969,1,1,1,0,0
known_n1_failure,20260809,18,E0,1102,19,2,227,227,1,1,78,78,1,1,1,0,0
known_n1_failure,20260809,18,E0,1103,19,3,132,132,1,1,174,174,1,1,1,0,0
known_n1_failure,20260809,18,E0,1104,19,4,106,106,1,1,85,85,1,1,1,0,0
known_n1_failure,20260809,18,E0,1105,19,5,95,95,1,1,127,127,1,1,1,0,0
known_n1_failure,20260809,18,E0,1106,19,6,98,98,1,1,114,114,1,1,1,0,0
known_n1_failure,20260809,18,E0,1107,19,7,84,84,1,1,127,127,1,1,1,0,0
known_n1_failure,20260809,18,E0,1108,19,8,71,71,1,1,95,95,1,1,1,0,0
known_n1_failure,20260809,18,E0,1109,19,9,60,60,1,1,88,88,1,1,1,0,0
known_n1_failure,20260809,18,E0,1110,19,10,47,47,1,1,102,102,1,1,1,0,0
known_n1_failure,20260809,18,E0,1111,19,11,45,45,1,1,93,93,1,1,1,0,0
known_n1_failure,20260809,18,E0,1112,19,12,40,40,1,1,84,84,1,1,1,0,0
known_n1_failure,20260809,18,E0,1113,19,13,31,31,1,1,94,94,1,1,1,0,0
known_n1_failure,20260809,18,E0,1114,19,14,43,43,1,1,81,81,1,1,1,0,0
known_n1_failure,20260809,18,E0,1115,19,15,41,41,1,1,102,102,1,1,1,0,0
known_n1_failure,20260809,18,E0,1116,19,16,35,35,1,1,85,85,1,1,1,0,0
known_n1_failure,20260809,18,E0,1117,19,17,41,41,1,1,85,85,1,1,1,0,0
known_n1_failure,20260809,18,E0,1118,19,18,37,37,1,1,82,82,1,1,1,0,0
known_n1_failure,20260809,18,E0,1119,19,19,41,41,1,1,92,92,1,1,1,0,0
known_n1_failure,20260809,18,E0,1120,19,20,34,34,1,1,93,93,1,1,1,0,0
known_n1_failure,20260809,18,E0,1121,19,21,32,32,1,1,79,79,1,1,1,0,0
known_n1_failure,20260809,18,E0,1122,19,22,35,35,1,1,88,88,1,1,1,0,0
known_n1_failure,20260809,18,E0,1123,19,23,27,27,1,1,81,81,1,1,1,0,0
known_n1_failure,20260809,18,E0,1124,19,24,20,20,1,1,87,87,1,1,1,0,0
known_n1_failure,20260809,18,E0,1125,19,25,19,19,1,1,87,87,1,1,1,0,0
known_n1_failure,20260809,18,E0,1126,19,26,18,18,1,1,82,82,1,1,1,0,0
known_n1_failure,20260809,18,E0,1127,19,27,20,20,1,1,87,87,1,1,1,0,0
known_n1_failure,20260809,18,E0,1128,19,28,21,21,1,1,88,88,1,1,1,0,0
known_n1_failure,20260809,18,E0,1129,19,29,23,23,1,1,85,85,1,1,1,0,0
known_n1_failure,20260809,18,E0,1130,19,30,18,18,1,1,85,85,1,1,1,0,0
known_n1_failure,20260809,18,E0,1131,19,31,25,25,1,1,93,93,1,1,1,0,0
known_n1_failure,20260809,18,E0,1132,19,32,24,24,1,1,86,86,1,1,1,0,0
known_n1_failure,20260809,18,E0,1133,19,33,23,23,1,1,76,76,1,1,1,0,0
known_n1_failure,20260809,18,E0,1134,19,34,18,18,1,1,99,99,1,1,1,0,0
known_n1_failure,20260809,18,E0,1135,19,35,15,15,1,1,76,76,1,1,1,0,0
known_n1_failure,20260809,18,E0,1136,19,36,11,11,1,1,94,94,1,1,1,0,0
known_n1_failure,20260809,18,E0,1137,19,37,18,18,1,1,88,88,1,1,1,0,0
known_n1_failure,20260809,18,E0,1138,19,38,18,18,1,1,86,86,1,1,1,0,0
known_n1_failure,20260809,18,E0,1139,19,39,13,13,1,1,85,85,1,1,1,0,0
known_n1_failure,20260809,18,E0,1140,19,40,12,12,1,1,86,86,1,1,1,0,0
known_n1_failure,20260809,18,E0,1141,19,41,14,14,1,1,82,82,1,1,1,0,0
known_n1_failure,20260809,18,E0,1142,19,42,18,18,1,1,82,82,1,1,1,0,0
known_n1_failure,20260809,18,E0,1143,19,43,34,34,1,1,94,94,1,1,1,0,0
known_n1_failure,20260809,18,E0,1144,19,44,51,51,1,1,102,102,1,1,1,0,0
known_n1_failure,20260809,18,E0,1145,19,45,79,79,1,1,132,132,1,1,1,0,0
known_n1_failure,20260809,18,E0,1146,19,46,215,215,1,1,276,276,1,1,1,0,0
known_n1_failure,20260809,18,E0,1147,19,47,443,443,1,1,969,969,1,1,1,0,0
known_n1_failure,20260809,18,E0,1148,19,48,508,508,1,1,682,682,1,1,1,0,0
known_n1_failure,20260809,18,E0,1149,19,49,185,185,1,1,133,133,1,1,1,0,0
known_n1_failure,20260809,18,E0,1150,19,50,95,95,1,1,131,131,1,1,1,0,0
known_n1_failure,20260809,18,E0,1151,19,51,50,50,1,1,76,76,1,1,1,0,0
known_n1_failure,20260809,18,E0,1152,19,52,29,29,1,1,83,83,1,1,1,0,0
known_n1_failure,20260809,18,E0,1153,19,53,31,31,1,1,88,88,1,1,1,0,0
known_n1_failure,20260809,18,E0,1154,19,54,24,24,1,1,90,90,1,1,1,0,0
known_n1_failure,20260809,18,E0,1155,19,55,13,13,1,1,88,88,1,1,1,0,0
known_n1_failure,20260809,18,E0,1156,19,56,14,14,1,1,98,98,1,1,1,0,0
known_n1_failure,20260809,18,E0,1157,19,57,18,18,1,1,85,85,1,1,1,0,0
known_n1_failure,20260809,18,E0,1158,19,58,16,16,1,1,88,88,1,1,1,0,0
known_n1_failure,20260809,18,E0,1159,19,59,14,14,1,1,87,87,1,1,1,0,0
known_n1_failure,20260809,18,E0,1160,19,60,18,18,1,1,94,94,1,1,1,0,0
known_n1_failure,20260809,18,E0,1161,20,1,912,912,1,1,5963,5963,1,1,1,0,0
known_n1_failure,20260809,18,E0,1162,20,2,231,231,1,1,83,83,1,1,1,0,0
known_n1_failure,20260809,18,E0,1163,20,3,156,156,1,1,195,195,1,1,1,0,0
known_n1_failure,20260809,18,E0,1164,20,4,119,119,1,1,122,122,1,1,1,0,0
known_n1_failure,20260809,18,E0,1165,20,5,104,104,1,1,118,118,1,1,1,0,0
known_n1_failure,20260809,18,E0,1166,20,6,108,108,1,1,134,134,1,1,1,0,0
known_n1_failure,20260809,18,E0,1167,20,7,86,86,1,1,90,90,1,1,1,0,0
known_n1_failure,20260809,18,E0,1168,20,8,68,68,1,1,97,97,1,1,1,0,0
known_n1_failure,20260809,18,E0,1169,20,9,52,52,1,1,94,94,1,1,1,0,0
known_n1_failure,20260809,18,E0,1170,20,10,50,50,1,1,99,99,1,1,1,0,0
known_n1_failure,20260809,18,E0,1171,20,11,54,54,1,1,112,112,1,1,1,0,0
known_n1_failure,20260809,18,E0,1172,20,12,53,53,1,1,104,104,1,1,1,0,0
known_n1_failure,20260809,18,E0,1173,20,13,45,45,1,1,97,97,1,1,1,0,0
known_n1_failure,20260809,18,E0,1174,20,14,47,47,1,1,105,105,1,1,1,0,0
known_n1_failure,20260809,18,E0,1175,20,15,48,48,1,1,98,98,1,1,1,0,0
known_n1_failure,20260809,18,E0,1176,20,16,42,42,1,1,89,89,1,1,1,0,0
known_n1_failure,20260809,18,E0,1177,20,17,43,43,1,1,106,106,1,1,1,0,0
known_n1_failure,20260809,18,E0,1178,20,18,37,37,1,1,95,95,1,1,1,0,0
known_n1_failure,20260809,18,E0,1179,20,19,43,43,1,1,91,91,1,1,1,0,0
known_n1_failure,20260809,18,E0,1180,20,20,47,47,1,1,105,105,1,1,1,0,0
known_n1_failure,20260809,18,E0,1181,20,21,54,54,1,1,103,103,1,1,1,0,0
known_n1_failure,20260809,18,E0,1182,20,22,47,47,1,1,84,84,1,1,1,0,0
known_n1_failure,20260809,18,E0,1183,20,23,33,33,1,1,85,85,1,1,1,0,0
known_n1_failure,20260809,18,E0,1184,20,24,35,35,1,1,93,93,1,1,1,0,0
known_n1_failure,20260809,18,E0,1185,20,25,40,40,1,1,96,96,1,1,1,0,0
known_n1_failure,20260809,18,E0,1186,20,26,31,31,1,1,93,93,1,1,1,0,0
known_n1_failure,20260809,18,E0,1187,20,27,29,29,1,1,83,83,1,1,1,0,0
known_n1_failure,20260809,18,E0,1188,20,28,17,17,1,1,89,89,1,1,1,0,0
known_n1_failure,20260809,18,E0,1189,20,29,17,17,1,1,91,91,1,1,1,0,0
known_n1_failure,20260809,18,E0,1190,20,30,15,15,1,1,89,89,1,1,1,0,0
known_n1_failure,20260809,18,E0,1191,20,31,11,11,1,1,83,83,1,1,1,0,0
known_n1_failure,20260809,18,E0,1192,20,32,9,9,1,1,85,85,1,1,1,0,0
known_n1_failure,20260809,18,E0,1193,20,33,11,11,1,1,85,85,1,1,1,0,0
known_n1_failure,20260809,18,E0,1194,20,34,9,9,1,1,86,86,1,1,1,0,0
known_n1_failure,20260809,18,E0,1195,20,35,17,17,1,1,89,89,1,1,1,0,0
known_n1_failure,20260809,18,E0,1196,20,36,20,20,1,1,94,94,1,1,1,0,0
known_n1_failure,20260809,18,E0,1197,20,37,13,13,1,1,94,94,1,1,1,0,0
known_n1_failure,20260809,18,E0,1198,20,38,20,20,1,1,86,86,1,1,1,0,0
known_n1_failure,20260809,18,E0,1199,20,39,21,21,1,1,94,94,1,1,1,0,0
known_n1_failure,20260809,18,E0,1200,20,40,18,18,1,1,89,89,1,1,1,0,0
known_n1_failure,20260809,18,E0,1201,20,41,15,15,1,1,87,87,1,1,1,0,0
known_n1_failure,20260809,18,E0,1202,20,42,12,12,1,1,82,82,1,1,1,0,0
known_n1_failure,20260809,18,E0,1203,20,43,10,10,1,1,86,86,1,1,1,0,0
known_n1_failure,20260809,18,E0,1204,20,44,23,23,1,1,94,94,1,1,1,0,0
known_n1_failure,20260809,18,E0,1205,20,45,26,26,1,1,96,96,1,1,1,0,0
known_n1_failure,20260809,18,E0,1206,20,46,21,21,1,1,94,94,1,1,1,0,0
known_n1_failure,20260809,18,E0,1207,20,47,21,21,1,1,89,89,1,1,1,0,0
known_n1_failure,20260809,18,E0,1208,20,48,16,16,1,1,96,96,1,1,1,0,0
known_n1_failure,20260809,18,E0,1209,20,49,29,29,1,1,93,93,1,1,1,0,0
known_n1_failure,20260809,18,E0,1210,20,50,54,54,1,1,112,112,1,1,1,0,0
known_n1_failure,20260809,18,E0,1211,20,51,107,107,1,1,175,175,1,1,1,0,0
known_n1_failure,20260809,18,E0,1212,20,52,255,255,1,1,504,504,1,1,1,0,0
known_n1_failure,20260809,18,E0,1213,20,53,352,352,1,1,610,610,1,1,1,0,0
known_n1_failure,20260809,18,E0,1214,20,54,276,276,1,1,290,290,1,1,1,0,0
known_n1_failure,20260809,18,E0,1215,20,55,225,225,1,1,213,213,1,1,1,0,0
known_n1_failure,20260809,18,E0,1216,20,56,138,138,1,1,145,145,1,1,1,0,0
known_n1_failure,20260809,18,E0,1217,20,57,106,106,1,1,119,119,1,1,1,0,0
known_n1_failure,20260809,18,E0,1218,20,58,88,88,1,1,114,114,1,1,1,0,0
known_n1_failure,20260809,18,E0,1219,20,59,43,43,1,1,106,106,1,1,1,0,0
known_n1_failure,20260809,18,E0,1220,20,60,34,34,1,1,77,77,1,1,1,0,0
known_n1_failure,20260809,18,E0,1221,21,1,724,724,1,1,1537,1537,1,1,1,0,0
known_n1_failure,20260809,18,E0,1222,21,2,456,456,1,1,359,359,1,1,1,0,0
known_n1_failure,20260809,18,E0,1223,21,3,169,169,1,1,152,152,1,1,1,0,0
known_n1_failure,20260809,18,E0,1224,21,4,101,101,1,1,125,125,1,1,1,0,0
known_n1_failure,20260809,18,E0,1225,21,5,91,91,1,1,93,93,1,1,1,0,0
known_n1_failure,20260809,18,E0,1226,21,6,69,69,1,1,91,91,1,1,1,0,0
known_n1_failure,20260809,18,E0,1227,21,7,75,75,1,1,113,113,1,1,1,0,0
known_n1_failure,20260809,18,E0,1228,21,8,61,61,1,1,103,103,1,1,1,0,0
known_n1_failure,20260809,18,E0,1229,21,9,51,51,1,1,88,88,1,1,1,0,0
known_n1_failure,20260809,18,E0,1230,21,10,41,41,1,1,99,99,1,1,1,0,0
known_n1_failure,20260809,18,E0,1231,21,11,30,30,1,1,81,81,1,1,1,0,0
known_n1_failure,20260809,18,E0,1232,21,12,35,35,1,1,84,84,1,1,1,0,0
known_n1_failure,20260809,18,E0,1233,21,13,43,43,1,1,104,104,1,1,1,0,0
known_n1_failure,20260809,18,E0,1234,21,14,34,34,1,1,96,96,1,1,1,0,0
known_n1_failure,20260809,18,E0,1235,21,15,31,31,1,1,76,76,1,1,1,0,0
known_n1_failure,20260809,18,E0,1236,21,16,25,25,1,1,102,102,1,1,1,0,0
known_n1_failure,20260809,18,E0,1237,21,17,26,26,1,1,80,80,1,1,1,0,0
known_n1_failure,20260809,18,E0,1238,21,18,23,23,1,1,92,92,1,1,1,0,0
known_n1_failure,20260809,18,E0,1239,21,19,29,29,1,1,83,83,1,1,1,0,0
known_n1_failure,20260809,18,E0,1240,21,20,24,24,1,1,81,81,1,1,1,0,0
known_n1_failure,20260809,18,E0,1241,21,21,22,22,1,1,97,97,1,1,1,0,0
known_n1_failure,20260809,18,E0,1242,21,22,22,22,1,1,80,80,1,1,1,0,0
known_n1_failure,20260809,18,E0,1243,21,23,17,17,1,1,81,81,1,1,1,0,0
known_n1_failure,20260809,18,E0,1244,21,24,18,18,1,1,86,86,1,1,1,0,0
known_n1_failure,20260809,18,E0,1245,21,25,21,21,1,1,84,84,1,1,1,0,0
known_n1_failure,20260809,18,E0,1246,21,26,19,19,1,1,77,77,1,1,1,0,0
known_n1_failure,20260809,18,E0,1247,21,27,20,20,1,1,92,92,1,1,1,0,0
known_n1_failure,20260809,18,E0,1248,21,28,14,14,1,1,81,81,1,1,1,0,0
known_n1_failure,20260809,18,E0,1249,21,29,13,13,1,1,79,79,1,1,1,0,0
known_n1_failure,20260809,18,E0,1250,21,30,10,10,1,1,79,79,1,1,1,0,0
known_n1_failure,20260809,18,E0,1251,21,31,23,23,1,1,90,90,1,1,1,0,0
known_n1_failure,20260809,18,E0,1252,21,32,21,21,1,1,101,101,1,1,1,0,0
known_n1_failure,20260809,18,E0,1253,21,33,23,23,1,1,91,91,1,1,1,0,0
known_n1_failure,20260809,18,E0,1254,21,34,24,24,1,1,80,80,1,1,1,0,0
known_n1_failure,20260809,18,E0,1255,21,35,33,33,1,1,103,103,1,1,1,0,0
known_n1_failure,20260809,18,E0,1256,21,36,29,29,1,1,103,103,1,1,1,0,0
known_n1_failure,20260809,18,E0,1257,21,37,63,63,1,1,118,118,1,1,1,0,0
known_n1_failure,20260809,18,E0,1258,21,38,140,140,1,1,185,185,1,1,1,0,0
known_n1_failure,20260809,18,E0,1259,21,39,296,296,1,1,429,429,1,1,1,0,0
known_n1_failure,20260809,18,E0,1260,21,40,393,393,1,1,817,817,1,1,1,0,0
known_n1_failure,20260809,18,E0,1261,21,41,494,494,1,1,1369,1369,1,1,1,0,0
known_n1_failure,20260809,18,E0,1262,21,42,205,205,1,1,130,130,1,1,1,0,0
known_n1_failure,20260809,18,E0,1263,21,43,62,62,1,1,99,99,1,1,1,0,0
known_n1_failure,20260809,18,E0,1264,21,44,32,32,1,1,80,80,1,1,1,0,0
known_n1_failure,20260809,18,E0,1265,21,45,26,26,1,1,90,90,1,1,1,0,0
known_n1_failure,20260809,18,E0,1266,21,46,32,32,1,1,88,88,1,1,1,0,0
known_n1_failure,20260809,18,E0,1267,21,47,33,33,1,1,96,96,1,1,1,0,0
known_n1_failure,20260809,18,E0,1268,21,48,38,38,1,1,102,102,1,1,1,0,0
known_n1_failure,20260809,18,E0,1269,21,49,28,28,1,1,85,85,1,1,1,0,0
known_n1_failure,20260809,18,E0,1270,21,50,30,30,1,1,89,89,1,1,1,0,0
known_n1_failure,20260809,18,E0,1271,21,51,32,32,1,1,93,93,1,1,1,0,0
known_n1_failure,20260809,18,E0,1272,21,52,32,32,1,1,88,88,1,1,1,0,0
known_n1_failure,20260809,18,E0,1273,21,53,23,23,1,1,91,91,1,1,1,0,0
known_n1_failure,20260809,18,E0,1274,21,54,21,21,1,1,81,81,1,1,1,0,0
known_n1_failure,20260809,18,E0,1275,21,55,18,18,1,1,89,89,1,1,1,0,0
known_n1_failure,20260809,18,E0,1276,21,56,25,25,1,1,94,94,1,1,1,0,0
known_n1_failure,20260809,18,E0,1277,21,57,16,16,1,1,85,85,1,1,1,0,0
known_n1_failure,20260809,18,E0,1278,21,58,17,17,1,1,89,89,1,1,1,0,0
known_n1_failure,20260809,18,E0,1279,21,59,17,17,1,1,89,89,1,1,1,0,0
known_n1_failure,20260809,18,E0,1280,21,60,20,20,1,1,103,103,1,1,1,0,0
known_n1_failure,20260809,18,E0,1281,22,1,858,858,1,1,6359,6359,1,1,1,0,0
known_n1_failure,20260809,18,E0,1282,22,2,181,181,1,1,61,61,1,1,1,0,0
known_n1_failure,20260809,18,E0,1283,22,3,116,116,1,1,139,139,1,1,1,0,0
known_n1_failure,20260809,18,E0,1284,22,4,108,108,1,1,110,110,1,1,1,0,0
known_n1_failure,20260809,18,E0,1285,22,5,82,82,1,1,117,117,1,1,1,0,0
known_n1_failure,20260809,18,E0,1286,22,6,68,68,1,1,93,93,1,1,1,0,0
known_n1_failure,20260809,18,E0,1287,22,7,63,63,1,1,106,106,1,1,1,0,0
known_n1_failure,20260809,18,E0,1288,22,8,76,76,1,1,106,106,1,1,1,0,0
known_n1_failure,20260809,18,E0,1289,22,9,55,55,1,1,90,90,1,1,1,0,0
known_n1_failure,20260809,18,E0,1290,22,10,40,40,1,1,88,88,1,1,1,0,0
known_n1_failure,20260809,18,E0,1291,22,11,39,39,1,1,88,88,1,1,1,0,0
known_n1_failure,20260809,18,E0,1292,22,12,44,44,1,1,95,95,1,1,1,0,0
known_n1_failure,20260809,18,E0,1293,22,13,39,39,1,1,87,87,1,1,1,0,0
known_n1_failure,20260809,18,E0,1294,22,14,25,25,1,1,89,89,1,1,1,0,0
known_n1_failure,20260809,18,E0,1295,22,15,27,27,1,1,88,88,1,1,1,0,0
known_n1_failure,20260809,18,E0,1296,22,16,23,23,1,1,95,95,1,1,1,0,0
known_n1_failure,20260809,18,E0,1297,22,17,16,16,1,1,84,84,1,1,1,0,0
known_n1_failure,20260809,18,E0,1298,22,18,18,18,1,1,85,85,1,1,1,0,0
known_n1_failure,20260809,18,E0,1299,22,19,16,16,1,1,86,86,1,1,1,0,0
known_n1_failure,20260809,18,E0,1300,22,20,25,25,1,1,113,113,1,1,1,0,0
known_n1_failure,20260809,18,E0,1301,22,21,22,22,1,1,92,92,1,1,1,0,0
known_n1_failure,20260809,18,E0,1302,22,22,31,31,1,1,87,87,1,1,1,0,0
known_n1_failure,20260809,18,E0,1303,22,23,27,27,1,1,93,93,1,1,1,0,0
known_n1_failure,20260809,18,E0,1304,22,24,29,29,1,1,78,78,1,1,1,0,0
known_n1_failure,20260809,18,E0,1305,22,25,30,30,1,1,96,96,1,1,1,0,0
known_n1_failure,20260809,18,E0,1306,22,26,42,42,1,1,99,99,1,1,1,0,0
known_n1_failure,20260809,18,E0,1307,22,27,47,47,1,1,105,105,1,1,1,0,0
known_n1_failure,20260809,18,E0,1308,22,28,63,63,1,1,103,103,1,1,1,0,0
known_n1_failure,20260809,18,E0,1309,22,29,69,69,1,1,150,150,1,1,1,0,0
known_n1_failure,20260809,18,E0,1310,22,30,94,94,1,1,112,112,1,1,1,0,0
known_n1_failure,20260809,18,E0,1311,22,31,67,67,1,1,114,114,1,1,1,0,0
known_n1_failure,20260809,18,E0,1312,22,32,73,73,1,1,115,115,1,1,1,0,0
known_n1_failure,20260809,18,E0,1313,22,33,105,105,1,1,128,128,1,1,1,0,0
known_n1_failure,20260809,18,E0,1314,22,34,113,113,1,1,207,207,1,1,1,0,0
known_n1_failure,20260809,18,E0,1315,22,35,210,210,1,1,371,371,1,1,1,0,0
known_n1_failure,20260809,18,E0,1316,22,36,241,241,1,1,450,450,1,1,1,0,0
known_n1_failure,20260809,18,E0,1317,22,37,160,160,1,1,351,351,1,1,1,0,0
known_n1_failure,20260809,18,E0,1318,22,38,41,41,1,1,82,82,1,1,1,0,0
known_n1_failure,20260809,18,E0,1319,22,39,45,45,1,1,98,98,1,1,1,0,0
known_n1_failure,20260809,18,E0,1320,22,40,32,32,1,1,89,89,1,1,1,0,0
known_n1_failure,20260809,18,E0,1321,22,41,19,19,1,1,86,86,1,1,1,0,0
known_n1_failure,20260809,18,E0,1322,22,42,18,18,1,1,93,93,1,1,1,0,0
known_n1_failure,20260809,18,E0,1323,22,43,21,21,1,1,84,84,1,1,1,0,0
known_n1_failure,20260809,18,E0,1324,22,44,24,24,1,1,83,83,1,1,1,0,0
known_n1_failure,20260809,18,E0,1325,22,45,17,17,1,1,88,88,1,1,1,0,0
known_n1_failure,20260809,18,E0,1326,22,46,20,20,1,1,88,88,1,1,1,0,0
known_n1_failure,20260809,18,E0,1327,22,47,19,19,1,1,93,93,1,1,1,0,0
known_n1_failure,20260809,18,E0,1328,22,48,18,18,1,1,92,92,1,1,1,0,0
known_n1_failure,20260809,18,E0,1329,22,49,9,9,1,1,81,81,1,1,1,0,0
known_n1_failure,20260809,18,E0,1330,22,50,15,15,1,1,92,92,1,1,1,0,0
known_n1_failure,20260809,18,E0,1331,22,51,18,18,1,1,99,99,1,1,1,0,0
known_n1_failure,20260809,18,E0,1332,22,52,16,16,1,1,87,87,1,1,1,0,0
known_n1_failure,20260809,18,E0,1333,22,53,12,12,1,1,82,82,1,1,1,0,0
known_n1_failure,20260809,18,E0,1334,22,54,12,12,1,1,90,90,1,1,1,0,0
known_n1_failure,20260809,18,E0,1335,22,55,21,21,1,1,82,82,1,1,1,0,0
known_n1_failure,20260809,18,E0,1336,22,56,15,15,1,1,93,93,1,1,1,0,0
known_n1_failure,20260809,18,E0,1337,22,57,12,12,1,1,94,94,1,1,1,0,0
known_n1_failure,20260809,18,E0,1338,22,58,18,18,1,1,92,92,1,1,1,0,0
known_n1_failure,20260809,18,E0,1339,22,59,10,10,1,1,88,88,1,1,1,0,0
known_n1_failure,20260809,18,E0,1340,22,60,17,17,1,1,90,90,1,1,1,0,0
known_n1_failure,20260809,18,E0,1341,23,1,848,848,1,1,6245,6245,1,1,1,0,0
known_n1_failure,20260809,18,E0,1342,23,2,205,205,1,1,85,85,1,1,1,0,0
known_n1_failure,20260809,18,E0,1343,23,3,125,125,1,1,182,182,1,1,1,0,0
known_n1_failure,20260809,18,E0,1344,23,4,90,90,1,1,80,80,1,1,1,0,0
known_n1_failure,20260809,18,E0,1345,23,5,67,67,1,1,112,112,1,1,1,0,0
known_n1_failure,20260809,18,E0,1346,23,6,55,55,1,1,99,99,1,1,1,0,0
known_n1_failure,20260809,18,E0,1347,23,7,53,53,1,1,88,88,1,1,1,0,0
known_n1_failure,20260809,18,E0,1348,23,8,46,46,1,1,96,96,1,1,1,0,0
known_n1_failure,20260809,18,E0,1349,23,9,47,47,1,1,84,84,1,1,1,0,0
known_n1_failure,20260809,18,E0,1350,23,10,34,34,1,1,87,87,1,1,1,0,0
known_n1_failure,20260809,18,E0,1351,23,11,24,24,1,1,100,100,1,1,1,0,0
known_n1_failure,20260809,18,E0,1352,23,12,18,18,1,1,81,81,1,1,1,0,0
known_n1_failure,20260809,18,E0,1353,23,13,19,19,1,1,79,79,1,1,1,0,0
known_n1_failure,20260809,18,E0,1354,23,14,17,17,1,1,82,82,1,1,1,0,0
known_n1_failure,20260809,18,E0,1355,23,15,22,22,1,1,93,93,1,1,1,0,0
known_n1_failure,20260809,18,E0,1356,23,16,18,18,1,1,84,84,1,1,1,0,0
known_n1_failure,20260809,18,E0,1357,23,17,18,18,1,1,98,98,1,1,1,0,0
known_n1_failure,20260809,18,E0,1358,23,18,26,26,1,1,91,91,1,1,1,0,0
known_n1_failure,20260809,18,E0,1359,23,19,17,17,1,1,85,85,1,1,1,0,0
known_n1_failure,20260809,18,E0,1360,23,20,25,25,1,1,92,92,1,1,1,0,0
known_n1_failure,20260809,18,E0,1361,23,21,13,13,1,1,86,86,1,1,1,0,0
known_n1_failure,20260809,18,E0,1362,23,22,14,14,1,1,88,88,1,1,1,0,0
known_n1_failure,20260809,18,E0,1363,23,23,12,12,1,1,84,84,1,1,1,0,0
known_n1_failure,20260809,18,E0,1364,23,24,11,11,1,1,86,86,1,1,1,0,0
known_n1_failure,20260809,18,E0,1365,23,25,15,15,1,1,79,79,1,1,1,0,0
known_n1_failure,20260809,18,E0,1366,23,26,11,11,1,1,92,92,1,1,1,0,0
known_n1_failure,20260809,18,E0,1367,23,27,11,11,1,1,87,87,1,1,1,0,0
known_n1_failure,20260809,18,E0,1368,23,28,18,18,1,1,88,88,1,1,1,0,0
known_n1_failure,20260809,18,E0,1369,23,29,16,16,1,1,79,79,1,1,1,0,0
known_n1_failure,20260809,18,E0,1370,23,30,15,15,1,1,85,85,1,1,1,0,0
known_n1_failure,20260809,18,E0,1371,23,31,11,11,1,1,81,81,1,1,1,0,0
known_n1_failure,20260809,18,E0,1372,23,32,12,12,1,1,83,83,1,1,1,0,0
known_n1_failure,20260809,18,E0,1373,23,33,11,11,1,1,85,85,1,1,1,0,0
known_n1_failure,20260809,18,E0,1374,23,34,10,10,1,1,85,85,1,1,1,0,0
known_n1_failure,20260809,18,E0,1375,23,35,13,13,1,1,84,84,1,1,1,0,0
known_n1_failure,20260809,18,E0,1376,23,36,13,13,1,1,89,89,1,1,1,0,0
known_n1_failure,20260809,18,E0,1377,23,37,29,29,1,1,102,102,1,1,1,0,0
known_n1_failure,20260809,18,E0,1378,23,38,58,58,1,1,136,136,1,1,1,0,0
known_n1_failure,20260809,18,E0,1379,23,39,148,148,1,1,242,242,1,1,1,0,0
known_n1_failure,20260809,18,E0,1380,23,40,443,443,1,1,1284,1284,1,1,1,0,0
known_n1_failure,20260809,18,E0,1381,23,41,544,544,1,1,1176,1176,1,1,1,0,0
known_n1_failure,20260809,18,E0,1382,23,42,429,429,1,1,586,586,1,1,1,0,0
known_n1_failure,20260809,18,E0,1383,23,43,241,241,1,1,198,198,1,1,1,0,0
known_n1_failure,20260809,18,E0,1384,23,44,111,111,1,1,138,138,1,1,1,0,0
known_n1_failure,20260809,18,E0,1385,23,45,91,91,1,1,112,112,1,1,1,0,0
known_n1_failure,20260809,18,E0,1386,23,46,76,76,1,1,120,120,1,1,1,0,0
known_n1_failure,20260809,18,E0,1387,23,47,67,67,1,1,137,137,1,1,1,0,0
known_n1_failure,20260809,18,E0,1388,23,48,45,45,1,1,80,80,1,1,1,0,0
known_n1_failure,20260809,18,E0,1389,23,49,50,50,1,1,106,106,1,1,1,0,0
known_n1_failure,20260809,18,E0,1390,23,50,40,40,1,1,89,89,1,1,1,0,0
known_n1_failure,20260809,18,E0,1391,23,51,43,43,1,1,101,101,1,1,1,0,0
known_n1_failure,20260809,18,E0,1392,23,52,45,45,1,1,103,103,1,1,1,0,0
known_n1_failure,20260809,18,E0,1393,23,53,41,41,1,1,92,92,1,1,1,0,0
known_n1_failure,20260809,18,E0,1394,23,54,44,44,1,1,97,97,1,1,1,0,0
known_n1_failure,20260809,18,E0,1395,23,55,49,49,1,1,112,112,1,1,1,0,0
known_n1_failure,20260809,18,E0,1396,23,56,46,46,1,1,80,80,1,1,1,0,0
known_n1_failure,20260809,18,E0,1397,23,57,28,28,1,1,102,102,1,1,1,0,0
known_n1_failure,20260809,18,E0,1398,23,58,31,31,1,1,92,92,1,1,1,0,0
known_n1_failure,20260809,18,E0,1399,23,59,26,26,1,1,85,85,1,1,1,0,0
known_n1_failure,20260809,18,E0,1400,23,60,14,14,1,1,95,95,1,1,1,0,0
known_n1_failure,20260809,18,E0,1401,24,1,859,859,1,1,4058,4058,1,1,1,0,0
known_n1_failure,20260809,18,E0,1402,24,2,272,272,1,1,124,124,1,1,1,0,0
known_n1_failure,20260809,18,E0,1403,24,3,120,120,1,1,149,149,1,1,1,0,0
known_n1_failure,20260809,18,E0,1404,24,4,82,82,1,1,70,70,1,1,1,0,0
known_n1_failure,20260809,18,E0,1405,24,5,63,63,1,1,111,111,1,1,1,0,0
known_n1_failure,20260809,18,E0,1406,24,6,60,60,1,1,85,85,1,1,1,0,0
known_n1_failure,20260809,18,E0,1407,24,7,56,56,1,1,102,102,1,1,1,0,0
known_n1_failure,20260809,18,E0,1408,24,8,49,49,1,1,84,84,1,1,1,0,0
known_n1_failure,20260809,18,E0,1409,24,9,29,29,1,1,90,90,1,1,1,0,0
known_n1_failure,20260809,18,E0,1410,24,10,32,32,1,1,86,86,1,1,1,0,0
known_n1_failure,20260809,18,E0,1411,24,11,26,26,1,1,88,88,1,1,1,0,0
known_n1_failure,20260809,18,E0,1412,24,12,24,24,1,1,89,89,1,1,1,0,0
known_n1_failure,20260809,18,E0,1413,24,13,20,20,1,1,84,84,1,1,1,0,0
known_n1_failure,20260809,18,E0,1414,24,14,18,18,1,1,92,92,1,1,1,0,0
known_n1_failure,20260809,18,E0,1415,24,15,16,16,1,1,86,86,1,1,1,0,0
known_n1_failure,20260809,18,E0,1416,24,16,15,15,1,1,90,90,1,1,1,0,0
known_n1_failure,20260809,18,E0,1417,24,17,10,10,1,1,83,83,1,1,1,0,0
known_n1_failure,20260809,18,E0,1418,24,18,7,7,1,1,82,82,1,1,1,0,0
known_n1_failure,20260809,18,E0,1419,24,19,5,5,1,1,90,90,1,1,1,0,0
known_n1_failure,20260809,18,E0,1420,24,20,7,7,1,1,85,85,1,1,1,0,0
known_n1_failure,20260809,18,E0,1421,24,21,6,6,1,1,87,87,1,1,1,0,0
known_n1_failure,20260809,18,E0,1422,24,22,6,6,1,1,87,87,1,1,1,0,0
known_n1_failure,20260809,18,E0,1423,24,23,1,1,1,1,85,85,1,1,1,0,0
known_n1_failure,20260809,18,E0,1424,24,24,10,10,1,1,89,89,1,1,1,0,0
known_n1_failure,20260809,18,E0,1425,24,25,11,11,1,1,89,89,1,1,1,0,0
known_n1_failure,20260809,18,E0,1426,24,26,10,10,1,1,90,90,1,1,1,0,0
known_n1_failure,20260809,18,E0,1427,24,27,15,15,1,1,95,95,1,1,1,0,0
known_n1_failure,20260809,18,E0,1428,24,28,14,14,1,1,96,96,1,1,1,0,0
known_n1_failure,20260809,18,E0,1429,24,29,15,15,1,1,92,92,1,1,1,0,0
known_n1_failure,20260809,18,E0,1430,24,30,21,21,1,1,103,103,1,1,1,0,0
known_n1_failure,20260809,18,E0,1431,24,31,27,27,1,1,104,104,1,1,1,0,0
known_n1_failure,20260809,18,E0,1432,24,32,47,47,1,1,109,109,1,1,1,0,0
known_n1_failure,20260809,18,E0,1433,24,33,93,93,1,1,149,149,1,1,1,0,0
known_n1_failure,20260809,18,E0,1434,24,34,230,230,1,1,394,394,1,1,1,0,0
known_n1_failure,20260809,18,E0,1435,24,35,401,401,1,1,1181,1181,1,1,1,0,0
known_n1_failure,20260809,18,E0,1436,24,36,404,404,1,1,986,986,1,1,1,0,0
known_n1_failure,20260809,18,E0,1437,24,37,308,308,1,1,467,467,1,1,1,0,0
known_n1_failure,20260809,18,E0,1438,24,38,201,201,1,1,166,166,1,1,1,0,0
known_n1_failure,20260809,18,E0,1439,24,39,125,125,1,1,132,132,1,1,1,0,0
known_n1_failure,20260809,18,E0,1440,24,40,65,65,1,1,99,99,1,1,1,0,0
known_n1_failure,20260809,18,E0,1441,24,41,44,44,1,1,100,100,1,1,1,0,0
known_n1_failure,20260809,18,E0,1442,24,42,24,24,1,1,88,88,1,1,1,0,0
known_n1_failure,20260809,18,E0,1443,24,43,10,10,1,1,81,81,1,1,1,0,0
known_n1_failure,20260809,18,E0,1444,24,44,12,12,1,1,99,99,1,1,1,0,0
known_n1_failure,20260809,18,E0,1445,24,45,13,13,1,1,88,88,1,1,1,0,0
known_n1_failure,20260809,18,E0,1446,24,46,8,8,1,1,83,83,1,1,1,0,0
known_n1_failure,20260809,18,E0,1447,24,47,12,12,1,1,96,96,1,1,1,0,0
known_n1_failure,20260809,18,E0,1448,24,48,7,7,1,1,86,86,1,1,1,0,0
known_n1_failure,20260809,18,E0,1449,24,49,15,15,1,1,85,85,1,1,1,0,0
known_n1_failure,20260809,18,E0,1450,24,50,19,19,1,1,105,105,1,1,1,0,0
known_n1_failure,20260809,18,E0,1451,24,51,14,14,1,1,88,88,1,1,1,0,0
known_n1_failure,20260809,18,E0,1452,24,52,14,14,1,1,86,86,1,1,1,0,0
known_n1_failure,20260809,18,E0,1453,24,53,17,17,1,1,102,102,1,1,1,0,0
known_n1_failure,20260809,18,E0,1454,24,54,13,13,1,1,91,91,1,1,1,0,0
known_n1_failure,20260809,18,E0,1455,24,55,11,11,1,1,86,86,1,1,1,0,0
known_n1_failure,20260809,18,E0,1456,24,56,10,10,1,1,93,93,1,1,1,0,0
known_n1_failure,20260809,18,E0,1457,24,57,10,10,1,1,91,91,1,1,1,0,0
known_n1_failure,20260809,18,E0,1458,24,58,9,9,1,1,89,89,1,1,1,0,0
known_n1_failure,20260809,18,E0,1459,24,59,9,9,1,1,87,87,1,1,1,0,0
known_n1_failure,20260809,18,E0,1460,24,60,9,9,1,1,85,85,1,1,1,0,0
known_n1_failure,20260809,18,E0,1461,25,1,832,832,1,1,7640,7640,1,1,1,0,0
known_n1_failure,20260809,18,E0,1462,25,2,149,149,1,1,56,56,1,1,1,0,0
known_n1_failure,20260809,18,E0,1463,25,3,73,73,1,1,116,116,1,1,1,0,0
known_n1_failure,20260809,18,E0,1464,25,4,58,58,1,1,98,98,1,1,1,0,0
known_n1_failure,20260809,18,E0,1465,25,5,44,44,1,1,92,92,1,1,1,0,0
known_n1_failure,20260809,18,E0,1466,25,6,51,51,1,1,98,98,1,1,1,0,0
known_n1_failure,20260809,18,E0,1467,25,7,36,36,1,1,78,78,1,1,1,0,0
known_n1_failure,20260809,18,E0,1468,25,8,31,31,1,1,93,93,1,1,1,0,0
known_n1_failure,20260809,18,E0,1469,25,9,32,32,1,1,137,137,1,1,1,0,0
known_n1_failure,20260809,18,E0,1470,25,10,20,20,1,1,80,80,1,1,1,0,0
known_n1_failure,20260809,18,E0,1471,25,11,18,18,1,1,89,89,1,1,1,0,0
known_n1_failure,20260809,18,E0,1472,25,12,21,21,1,1,88,88,1,1,1,0,0
known_n1_failure,20260809,18,E0,1473,25,13,18,18,1,1,89,89,1,1,1,0,0
known_n1_failure,20260809,18,E0,1474,25,14,23,23,1,1,89,89,1,1,1,0,0
known_n1_failure,20260809,18,E0,1475,25,15,18,18,1,1,96,96,1,1,1,0,0
known_n1_failure,20260809,18,E0,1476,25,16,22,22,1,1,83,83,1,1,1,0,0
known_n1_failure,20260809,18,E0,1477,25,17,15,15,1,1,87,87,1,1,1,0,0
known_n1_failure,20260809,18,E0,1478,25,18,18,18,1,1,88,88,1,1,1,0,0
known_n1_failure,20260809,18,E0,1479,25,19,17,17,1,1,86,86,1,1,1,0,0
known_n1_failure,20260809,18,E0,1480,25,20,18,18,1,1,97,97,1,1,1,0,0
known_n1_failure,20260809,18,E0,1481,25,21,20,20,1,1,81,81,1,1,1,0,0
known_n1_failure,20260809,18,E0,1482,25,22,15,15,1,1,85,85,1,1,1,0,0
known_n1_failure,20260809,18,E0,1483,25,23,21,21,1,1,92,92,1,1,1,0,0
known_n1_failure,20260809,18,E0,1484,25,24,30,30,1,1,86,86,1,1,1,0,0
known_n1_failure,20260809,18,E0,1485,25,25,31,31,1,1,100,100,1,1,1,0,0
known_n1_failure,20260809,18,E0,1486,25,26,30,30,1,1,91,91,1,1,1,0,0
known_n1_failure,20260809,18,E0,1487,25,27,53,53,1,1,117,117,1,1,1,0,0
known_n1_failure,20260809,18,E0,1488,25,28,66,66,1,1,122,122,1,1,1,0,0
known_n1_failure,20260809,18,E0,1489,25,29,113,113,1,1,147,147,1,1,1,0,0
known_n1_failure,20260809,18,E0,1490,25,30,171,171,1,1,183,183,1,1,1,0,0
known_n1_failure,20260809,18,E0,1491,25,31,152,152,1,1,169,169,1,1,1,0,0
known_n1_failure,20260809,18,E0,1492,25,32,86,86,1,1,111,111,1,1,1,0,0
known_n1_failure,20260809,18,E0,1493,25,33,53,53,1,1,94,94,1,1,1,0,0
known_n1_failure,20260809,18,E0,1494,25,34,36,36,1,1,95,95,1,1,1,0,0
known_n1_failure,20260809,18,E0,1495,25,35,27,27,1,1,95,95,1,1,1,0,0
known_n1_failure,20260809,18,E0,1496,25,36,10,10,1,1,84,84,1,1,1,0,0
known_n1_failure,20260809,18,E0,1497,25,37,5,5,1,1,83,83,1,1,1,0,0
known_n1_failure,20260809,18,E0,1498,25,38,11,11,1,1,89,89,1,1,1,0,0
known_n1_failure,20260809,18,E0,1499,25,39,10,10,1,1,94,94,1,1,1,0,0
known_n1_failure,20260809,18,E0,1500,25,40,9,9,1,1,84,84,1,1,1,0,0
known_n1_failure,20260809,18,E0,1501,25,41,8,8,1,1,88,88,1,1,1,0,0
known_n1_failure,20260809,18,E0,1502,25,42,8,8,1,1,82,82,1,1,1,0,0
known_n1_failure,20260809,18,E0,1503,25,43,7,7,1,1,87,87,1,1,1,0,0
known_n1_failure,20260809,18,E0,1504,25,44,11,11,1,1,90,90,1,1,1,0,0
known_n1_failure,20260809,18,E0,1505,25,45,6,6,1,1,85,85,1,1,1,0,0
known_n1_failure,20260809,18,E0,1506,25,46,11,11,1,1,88,88,1,1,1,0,0
known_n1_failure,20260809,18,E0,1507,25,47,13,13,1,1,87,87,1,1,1,0,0
known_n1_failure,20260809,18,E0,1508,25,48,13,13,1,1,90,90,1,1,1,0,0
known_n1_failure,20260809,18,E0,1509,25,49,22,22,1,1,104,104,1,1,1,0,0
known_n1_failure,20260809,18,E0,1510,25,50,26,26,1,1,99,99,1,1,1,0,0
known_n1_failure,20260809,18,E0,1511,25,51,23,23,1,1,89,89,1,1,1,0,0
known_n1_failure,20260809,18,E0,1512,25,52,27,27,1,1,102,102,1,1,1,0,0
known_n1_failure,20260809,18,E0,1513,25,53,48,48,1,1,102,102,1,1,1,0,0
known_n1_failure,20260809,18,E0,1514,25,54,66,66,1,1,145,145,1,1,1,0,0
known_n1_failure,20260809,18,E0,1515,25,55,153,153,1,1,177,177,1,1,1,0,0
known_n1_failure,20260809,18,E0,1516,25,56,274,274,1,1,399,399,1,1,1,0,0
known_n1_failure,20260809,18,E0,1517,25,57,310,310,1,1,311,311,1,1,1,0,0
known_n1_failure,20260809,18,E0,1518,25,58,189,189,1,1,163,163,1,1,1,0,0
known_n1_failure,20260809,18,E0,1519,25,59,117,117,1,1,110,110,1,1,1,0,0
known_n1_failure,20260809,18,E0,1520,25,60,59,59,1,1,87,87,1,1,1,0,0
known_n1_failure,20260809,18,E0,1521,26,1,578,578,1,1,1279,1279,1,1,1,0,0
known_n1_failure,20260809,18,E0,1522,26,2,567,567,1,1,710,710,1,1,1,0,0
known_n1_failure,20260809,18,E0,1523,26,3,232,232,1,1,93,93,1,1,1,0,0
known_n1_failure,20260809,18,E0,1524,26,4,135,135,1,1,143,143,1,1,1,0,0
known_n1_failure,20260809,18,E0,1525,26,5,129,129,1,1,121,121,1,1,1,0,0
known_n1_failure,20260809,18,E0,1526,26,6,101,101,1,1,72,72,1,1,1,0,0
known_n1_failure,20260809,18,E0,1527,26,7,92,92,1,1,147,147,1,1,1,0,0
known_n1_failure,20260809,18,E0,1528,26,8,88,88,1,1,105,105,1,1,1,0,0
known_n1_failure,20260809,18,E0,1529,26,9,70,70,1,1,90,90,1,1,1,0,0
known_n1_failure,20260809,18,E0,1530,26,10,46,46,1,1,98,98,1,1,1,0,0
known_n1_failure,20260809,18,E0,1531,26,11,35,35,1,1,88,88,1,1,1,0,0
known_n1_failure,20260809,18,E0,1532,26,12,47,47,1,1,105,105,1,1,1,0,0
known_n1_failure,20260809,18,E0,1533,26,13,54,54,1,1,82,82,1,1,1,0,0
known_n1_failure,20260809,18,E0,1534,26,14,49,49,1,1,110,110,1,1,1,0,0
known_n1_failure,20260809,18,E0,1535,26,15,46,46,1,1,86,86,1,1,1,0,0
known_n1_failure,20260809,18,E0,1536,26,16,32,32,1,1,82,82,1,1,1,0,0
known_n1_failure,20260809,18,E0,1537,26,17,28,28,1,1,91,91,1,1,1,0,0
known_n1_failure,20260809,18,E0,1538,26,18,34,34,1,1,94,94,1,1,1,0,0
known_n1_failure,20260809,18,E0,1539,26,19,33,33,1,1,84,84,1,1,1,0,0
known_n1_failure,20260809,18,E0,1540,26,20,37,37,1,1,102,102,1,1,1,0,0
known_n1_failure,20260809,18,E0,1541,26,21,18,18,1,1,80,80,1,1,1,0,0
known_n1_failure,20260809,18,E0,1542,26,22,18,18,1,1,91,91,1,1,1,0,0
known_n1_failure,20260809,18,E0,1543,26,23,19,19,1,1,87,87,1,1,1,0,0
known_n1_failure,20260809,18,E0,1544,26,24,21,21,1,1,102,102,1,1,1,0,0
known_n1_failure,20260809,18,E0,1545,26,25,22,22,1,1,97,97,1,1,1,0,0
known_n1_failure,20260809,18,E0,1546,26,26,25,25,1,1,89,89,1,1,1,0,0
known_n1_failure,20260809,18,E0,1547,26,27,19,19,1,1,80,80,1,1,1,0,0
known_n1_failure,20260809,18,E0,1548,26,28,17,17,1,1,81,81,1,1,1,0,0
known_n1_failure,20260809,18,E0,1549,26,29,15,15,1,1,91,91,1,1,1,0,0
known_n1_failure,20260809,18,E0,1550,26,30,14,14,1,1,88,88,1,1,1,0,0
known_n1_failure,20260809,18,E0,1551,26,31,13,13,1,1,83,83,1,1,1,0,0
known_n1_failure,20260809,18,E0,1552,26,32,19,19,1,1,89,89,1,1,1,0,0
known_n1_failure,20260809,18,E0,1553,26,33,8,8,1,1,90,90,1,1,1,0,0
known_n1_failure,20260809,18,E0,1554,26,34,11,11,1,1,83,83,1,1,1,0,0
known_n1_failure,20260809,18,E0,1555,26,35,7,7,1,1,88,88,1,1,1,0,0
known_n1_failure,20260809,18,E0,1556,26,36,21,21,1,1,95,95,1,1,1,0,0
known_n1_failure,20260809,18,E0,1557,26,37,15,15,1,1,84,84,1,1,1,0,0
known_n1_failure,20260809,18,E0,1558,26,38,11,11,1,1,84,84,1,1,1,0,0
known_n1_failure,20260809,18,E0,1559,26,39,4,4,1,1,82,82,1,1,1,0,0
known_n1_failure,20260809,18,E0,1560,26,40,8,8,1,1,89,89,1,1,1,0,0
known_n1_failure,20260809,18,E0,1561,26,41,19,19,1,1,92,92,1,1,1,0,0
known_n1_failure,20260809,18,E0,1562,26,42,13,13,1,1,90,90,1,1,1,0,0
known_n1_failure,20260809,18,E0,1563,26,43,6,6,1,1,82,82,1,1,1,0,0
known_n1_failure,20260809,18,E0,1564,26,44,5,5,1,1,87,87,1,1,1,0,0
known_n1_failure,20260809,18,E0,1565,26,45,10,10,1,1,86,86,1,1,1,0,0
known_n1_failure,20260809,18,E0,1566,26,46,2,2,1,1,85,85,1,1,1,0,0
known_n1_failure,20260809,18,E0,1567,26,47,2,2,1,1,85,85,1,1,1,0,0
known_n1_failure,20260809,18,E0,1568,26,48,3,3,1,1,82,82,1,1,1,0,0
known_n1_failure,20260809,18,E0,1569,26,49,3,3,1,1,86,86,1,1,1,0,0
known_n1_failure,20260809,18,E0,1570,26,50,3,3,1,1,86,86,1,1,1,0,0
known_n1_failure,20260809,18,E0,1571,26,51,1,1,1,1,87,87,1,1,1,0,0
known_n1_failure,20260809,18,E0,1572,26,52,3,3,1,1,86,86,1,1,1,0,0
known_n1_failure,20260809,18,E0,1573,26,53,4,4,1,1,84,84,1,1,1,0,0
known_n1_failure,20260809,18,E0,1574,26,54,3,3,1,1,83,83,1,1,1,0,0
known_n1_failure,20260809,18,E0,1575,26,55,1,1,1,1,87,87,1,1,1,0,0
known_n1_failure,20260809,18,E0,1576,26,56,1,1,1,1,85,85,1,1,1,0,0
known_n1_failure,20260809,18,E0,1577,26,57,7,7,1,1,87,87,1,1,1,0,0
known_n1_failure,20260809,18,E0,1578,26,58,11,11,1,1,92,92,1,1,1,0,0
known_n1_failure,20260809,18,E0,1579,26,59,18,18,1,1,97,97,1,1,1,0,0
known_n1_failure,20260809,18,E0,1580,26,60,62,62,1,1,144,144,1,1,1,0,0
known_n1_failure,20260809,18,E0,1581,27,1,911,911,1,1,7731,7731,1,1,1,0,0
known_n1_failure,20260809,18,E0,1582,27,2,177,177,1,1,98,98,1,1,1,0,0
known_n1_failure,20260809,18,E0,1583,27,3,108,108,1,1,147,147,1,1,1,0,0
known_n1_failure,20260809,18,E0,1584,27,4,80,80,1,1,85,85,1,1,1,0,0
known_n1_failure,20260809,18,E0,1585,27,5,61,61,1,1,86,86,1,1,1,0,0
known_n1_failure,20260809,18,E0,1586,27,6,44,44,1,1,98,98,1,1,1,0,0
known_n1_failure,20260809,18,E0,1587,27,7,57,57,1,1,101,101,1,1,1,0,0
known_n1_failure,20260809,18,E0,1588,27,8,44,44,1,1,86,86,1,1,1,0,0
known_n1_failure,20260809,18,E0,1589,27,9,37,37,1,1,89,89,1,1,1,0,0
known_n1_failure,20260809,18,E0,1590,27,10,34,34,1,1,87,87,1,1,1,0,0
known_n1_failure,20260809,18,E0,1591,27,11,24,24,1,1,86,86,1,1,1,0,0
known_n1_failure,20260809,18,E0,1592,27,12,12,12,1,1,79,79,1,1,1,0,0
known_n1_failure,20260809,18,E0,1593,27,13,11,11,1,1,90,90,1,1,1,0,0
known_n1_failure,20260809,18,E0,1594,27,14,14,14,1,1,89,89,1,1,1,0,0
known_n1_failure,20260809,18,E0,1595,27,15,17,17,1,1,84,84,1,1,1,0,0
known_n1_failure,20260809,18,E0,1596,27,16,18,18,1,1,84,84,1,1,1,0,0
known_n1_failure,20260809,18,E0,1597,27,17,16,16,1,1,94,94,1,1,1,0,0
known_n1_failure,20260809,18,E0,1598,27,18,12,12,1,1,87,87,1,1,1,0,0
known_n1_failure,20260809,18,E0,1599,27,19,11,11,1,1,82,82,1,1,1,0,0
known_n1_failure,20260809,18,E0,1600,27,20,14,14,1,1,85,85,1,1,1,0,0
known_n1_failure,20260809,18,E0,1601,27,21,11,11,1,1,83,83,1,1,1,0,0
known_n1_failure,20260809,18,E0,1602,27,22,7,7,1,1,86,86,1,1,1,0,0
known_n1_failure,20260809,18,E0,1603,27,23,8,8,1,1,84,84,1,1,1,0,0
known_n1_failure,20260809,18,E0,1604,27,24,8,8,1,1,83,83,1,1,1,0,0
known_n1_failure,20260809,18,E0,1605,27,25,7,7,1,1,83,83,1,1,1,0,0
known_n1_failure,20260809,18,E0,1606,27,26,3,3,1,1,86,86,1,1,1,0,0
known_n1_failure,20260809,18,E0,1607,27,27,7,7,1,1,85,85,1,1,1,0,0
known_n1_failure,20260809,18,E0,1608,27,28,17,17,1,1,87,87,1,1,1,0,0
known_n1_failure,20260809,18,E0,1609,27,29,10,10,1,1,84,84,1,1,1,0,0
known_n1_failure,20260809,18,E0,1610,27,30,9,9,1,1,85,85,1,1,1,0,0
known_n1_failure,20260809,18,E0,1611,27,31,10,10,1,1,81,81,1,1,1,0,0
known_n1_failure,20260809,18,E0,1612,27,32,6,6,1,1,86,86,1,1,1,0,0
known_n1_failure,20260809,18,E0,1613,27,33,2,2,1,1,82,82,1,1,1,0,0
known_n1_failure,20260809,18,E0,1614,27,34,6,6,1,1,82,82,1,1,1,0,0
known_n1_failure,20260809,18,E0,1615,27,35,6,6,1,1,85,85,1,1,1,0,0
known_n1_failure,20260809,18,E0,1616,27,36,25,25,1,1,96,96,1,1,1,0,0
known_n1_failure,20260809,18,E0,1617,27,37,68,68,1,1,142,142,1,1,1,0,0
known_n1_failure,20260809,18,E0,1618,27,38,143,143,1,1,282,282,1,1,1,0,0
known_n1_failure,20260809,18,E0,1619,27,39,338,338,1,1,989,989,1,1,1,0,0
known_n1_failure,20260809,18,E0,1620,27,40,356,356,1,1,789,789,1,1,1,0,0
known_n1_failure,20260809,18,E0,1621,27,41,336,336,1,1,720,720,1,1,1,0,0
known_n1_failure,20260809,18,E0,1622,27,42,300,300,1,1,490,490,1,1,1,0,0
known_n1_failure,20260809,18,E0,1623,27,43,264,264,1,1,461,461,1,1,1,0,0
known_n1_failure,20260809,18,E0,1624,27,44,139,139,1,1,115,115,1,1,1,0,0
known_n1_failure,20260809,18,E0,1625,27,45,93,93,1,1,120,120,1,1,1,0,0
known_n1_failure,20260809,18,E0,1626,27,46,64,64,1,1,81,81,1,1,1,0,0
known_n1_failure,20260809,18,E0,1627,27,47,53,53,1,1,95,95,1,1,1,0,0
known_n1_failure,20260809,18,E0,1628,27,48,32,32,1,1,91,91,1,1,1,0,0
known_n1_failure,20260809,18,E0,1629,27,49,42,42,1,1,84,84,1,1,1,0,0
known_n1_failure,20260809,18,E0,1630,27,50,43,43,1,1,97,97,1,1,1,0,0
known_n1_failure,20260809,18,E0,1631,27,51,33,33,1,1,84,84,1,1,1,0,0
known_n1_failure,20260809,18,E0,1632,27,52,33,33,1,1,89,89,1,1,1,0,0
known_n1_failure,20260809,18,E0,1633,27,53,41,41,1,1,103,103,1,1,1,0,0
known_n1_failure,20260809,18,E0,1634,27,54,27,27,1,1,91,91,1,1,1,0,0
known_n1_failure,20260809,18,E0,1635,27,55,27,27,1,1,90,90,1,1,1,0,0
known_n1_failure,20260809,18,E0,1636,27,56,25,25,1,1,87,87,1,1,1,0,0
known_n1_failure,20260809,18,E0,1637,27,57,22,22,1,1,85,85,1,1,1,0,0
known_n1_failure,20260809,18,E0,1638,27,58,28,28,1,1,82,82,1,1,1,0,0
known_n1_failure,20260809,18,E0,1639,27,59,18,18,1,1,96,96,1,1,1,0,0
known_n1_failure,20260809,18,E0,1640,27,60,28,28,1,1,93,93,1,1,1,0,0
known_n1_failure,20260809,18,E0,1641,28,1,878,878,1,1,4872,4872,1,1,1,0,0
known_n1_failure,20260809,18,E0,1642,28,2,202,202,1,1,65,65,1,1,1,0,0
known_n1_failure,20260809,18,E0,1643,28,3,114,114,1,1,197,197,1,1,1,0,0
known_n1_failure,20260809,18,E0,1644,28,4,105,105,1,1,83,83,1,1,1,0,0
known_n1_failure,20260809,18,E0,1645,28,5,77,77,1,1,125,125,1,1,1,0,0
known_n1_failure,20260809,18,E0,1646,28,6,62,62,1,1,102,102,1,1,1,0,0
known_n1_failure,20260809,18,E0,1647,28,7,59,59,1,1,91,91,1,1,1,0,0
known_n1_failure,20260809,18,E0,1648,28,8,48,48,1,1,98,98,1,1,1,0,0
known_n1_failure,20260809,18,E0,1649,28,9,38,38,1,1,90,90,1,1,1,0,0
known_n1_failure,20260809,18,E0,1650,28,10,38,38,1,1,77,77,1,1,1,0,0
known_n1_failure,20260809,18,E0,1651,28,11,53,53,1,1,112,112,1,1,1,0,0
known_n1_failure,20260809,18,E0,1652,28,12,41,41,1,1,90,90,1,1,1,0,0
known_n1_failure,20260809,18,E0,1653,28,13,37,37,1,1,98,98,1,1,1,0,0
known_n1_failure,20260809,18,E0,1654,28,14,22,22,1,1,88,88,1,1,1,0,0
known_n1_failure,20260809,18,E0,1655,28,15,19,19,1,1,89,89,1,1,1,0,0
known_n1_failure,20260809,18,E0,1656,28,16,16,16,1,1,79,79,1,1,1,0,0
known_n1_failure,20260809,18,E0,1657,28,17,21,21,1,1,91,91,1,1,1,0,0
known_n1_failure,20260809,18,E0,1658,28,18,22,22,1,1,96,96,1,1,1,0,0
known_n1_failure,20260809,18,E0,1659,28,19,27,27,1,1,83,83,1,1,1,0,0
known_n1_failure,20260809,18,E0,1660,28,20,24,24,1,1,95,95,1,1,1,0,0
known_n1_failure,20260809,18,E0,1661,28,21,24,24,1,1,81,81,1,1,1,0,0
known_n1_failure,20260809,18,E0,1662,28,22,29,29,1,1,91,91,1,1,1,0,0
known_n1_failure,20260809,18,E0,1663,28,23,23,23,1,1,95,95,1,1,1,0,0
known_n1_failure,20260809,18,E0,1664,28,24,26,26,1,1,90,90,1,1,1,0,0
known_n1_failure,20260809,18,E0,1665,28,25,38,38,1,1,110,110,1,1,1,0,0
known_n1_failure,20260809,18,E0,1666,28,26,33,33,1,1,98,98,1,1,1,0,0
known_n1_failure,20260809,18,E0,1667,28,27,32,32,1,1,90,90,1,1,1,0,0
known_n1_failure,20260809,18,E0,1668,28,28,28,28,1,1,101,101,1,1,1,0,0
known_n1_failure,20260809,18,E0,1669,28,29,25,25,1,1,91,91,1,1,1,0,0
known_n1_failure,20260809,18,E0,1670,28,30,37,37,1,1,108,108,1,1,1,0,0
known_n1_failure,20260809,18,E0,1671,28,31,28,28,1,1,99,99,1,1,1,0,0
known_n1_failure,20260809,18,E0,1672,28,32,21,21,1,1,80,80,1,1,1,0,0
known_n1_failure,20260809,18,E0,1673,28,33,18,18,1,1,91,91,1,1,1,0,0
known_n1_failure,20260809,18,E0,1674,28,34,15,15,1,1,95,95,1,1,1,0,0
known_n1_failure,20260809,18,E0,1675,28,35,19,19,1,1,87,87,1,1,1,0,0
known_n1_failure,20260809,18,E0,1676,28,36,16,16,1,1,89,89,1,1,1,0,0
known_n1_failure,20260809,18,E0,1677,28,37,22,22,1,1,94,94,1,1,1,0,0
known_n1_failure,20260809,18,E0,1678,28,38,12,12,1,1,84,84,1,1,1,0,0
known_n1_failure,20260809,18,E0,1679,28,39,10,10,1,1,89,89,1,1,1,0,0
known_n1_failure,20260809,18,E0,1680,28,40,14,14,1,1,88,88,1,1,1,0,0
known_n1_failure,20260809,18,E0,1681,28,41,9,9,1,1,81,81,1,1,1,0,0
known_n1_failure,20260809,18,E0,1682,28,42,12,12,1,1,96,96,1,1,1,0,0
known_n1_failure,20260809,18,E0,1683,28,43,18,18,1,1,83,83,1,1,1,0,0
known_n1_failure,20260809,18,E0,1684,28,44,15,15,1,1,84,84,1,1,1,0,0
known_n1_failure,20260809,18,E0,1685,28,45,17,17,1,1,100,100,1,1,1,0,0
known_n1_failure,20260809,18,E0,1686,28,46,15,15,1,1,90,90,1,1,1,0,0
known_n1_failure,20260809,18,E0,1687,28,47,15,15,1,1,88,88,1,1,1,0,0
known_n1_failure,20260809,18,E0,1688,28,48,12,12,1,1,92,92,1,1,1,0,0
known_n1_failure,20260809,18,E0,1689,28,49,14,14,1,1,85,85,1,1,1,0,0
known_n1_failure,20260809,18,E0,1690,28,50,10,10,1,1,81,81,1,1,1,0,0
known_n1_failure,20260809,18,E0,1691,28,51,18,18,1,1,106,106,1,1,1,0,0
known_n1_failure,20260809,18,E0,1692,28,52,20,20,1,1,90,90,1,1,1,0,0
known_n1_failure,20260809,18,E0,1693,28,53,15,15,1,1,81,81,1,1,1,0,0
known_n1_failure,20260809,18,E0,1694,28,54,12,12,1,1,90,90,1,1,1,0,0
known_n1_failure,20260809,18,E0,1695,28,55,12,12,1,1,78,78,1,1,1,0,0
known_n1_failure,20260809,18,E0,1696,28,56,13,13,1,1,81,81,1,1,1,0,0
known_n1_failure,20260809,18,E0,1697,28,57,16,16,1,1,97,97,1,1,1,0,0
known_n1_failure,20260809,18,E0,1698,28,58,19,19,1,1,82,82,1,1,1,0,0
known_n1_failure,20260809,18,E0,1699,28,59,12,12,1,1,84,84,1,1,1,0,0
known_n1_failure,20260809,18,E0,1700,28,60,17,17,1,1,91,91,1,1,1,0,0
known_n1_failure,20260809,18,E0,1701,29,1,901,901,1,1,6771,6771,1,1,1,0,0
known_n1_failure,20260809,18,E0,1702,29,2,215,215,1,1,118,118,1,1,1,0,0
known_n1_failure,20260809,18,E0,1703,29,3,119,119,1,1,178,178,1,1,1,0,0
known_n1_failure,20260809,18,E0,1704,29,4,92,92,1,1,100,100,1,1,1,0,0
known_n1_failure,20260809,18,E0,1705,29,5,66,66,1,1,98,98,1,1,1,0,0
known_n1_failure,20260809,18,E0,1706,29,6,60,60,1,1,144,144,1,1,1,0,0
known_n1_failure,20260809,18,E0,1707,29,7,62,62,1,1,91,91,1,1,1,0,0
known_n1_failure,20260809,18,E0,1708,29,8,47,47,1,1,92,92,1,1,1,0,0
known_n1_failure,20260809,18,E0,1709,29,9,49,49,1,1,119,119,1,1,1,0,0
known_n1_failure,20260809,18,E0,1710,29,10,44,44,1,1,92,92,1,1,1,0,0
known_n1_failure,20260809,18,E0,1711,29,11,34,34,1,1,93,93,1,1,1,0,0
known_n1_failure,20260809,18,E0,1712,29,12,26,26,1,1,101,101,1,1,1,0,0
known_n1_failure,20260809,18,E0,1713,29,13,26,26,1,1,88,88,1,1,1,0,0
known_n1_failure,20260809,18,E0,1714,29,14,28,28,1,1,87,87,1,1,1,0,0
known_n1_failure,20260809,18,E0,1715,29,15,20,20,1,1,89,89,1,1,1,0,0
known_n1_failure,20260809,18,E0,1716,29,16,24,24,1,1,85,85,1,1,1,0,0
known_n1_failure,20260809,18,E0,1717,29,17,20,20,1,1,86,86,1,1,1,0,0
known_n1_failure,20260809,18,E0,1718,29,18,16,16,1,1,76,76,1,1,1,0,0
known_n1_failure,20260809,18,E0,1719,29,19,14,14,1,1,90,90,1,1,1,0,0
known_n1_failure,20260809,18,E0,1720,29,20,17,17,1,1,85,85,1,1,1,0,0
known_n1_failure,20260809,18,E0,1721,29,21,13,13,1,1,83,83,1,1,1,0,0
known_n1_failure,20260809,18,E0,1722,29,22,16,16,1,1,86,86,1,1,1,0,0
known_n1_failure,20260809,18,E0,1723,29,23,12,12,1,1,86,86,1,1,1,0,0
known_n1_failure,20260809,18,E0,1724,29,24,20,20,1,1,84,84,1,1,1,0,0
known_n1_failure,20260809,18,E0,1725,29,25,9,9,1,1,94,94,1,1,1,0,0
known_n1_failure,20260809,18,E0,1726,29,26,13,13,1,1,82,82,1,1,1,0,0
known_n1_failure,20260809,18,E0,1727,29,27,20,20,1,1,85,85,1,1,1,0,0
known_n1_failure,20260809,18,E0,1728,29,28,22,22,1,1,91,91,1,1,1,0,0
known_n1_failure,20260809,18,E0,1729,29,29,21,21,1,1,111,111,1,1,1,0,0
known_n1_failure,20260809,18,E0,1730,29,30,15,15,1,1,84,84,1,1,1,0,0
known_n1_failure,20260809,18,E0,1731,29,31,16,16,1,1,83,83,1,1,1,0,0
known_n1_failure,20260809,18,E0,1732,29,32,13,13,1,1,87,87,1,1,1,0,0
known_n1_failure,20260809,18,E0,1733,29,33,14,14,1,1,84,84,1,1,1,0,0
known_n1_failure,20260809,18,E0,1734,29,34,13,13,1,1,82,82,1,1,1,0,0
known_n1_failure,20260809,18,E0,1735,29,35,10,10,1,1,84,84,1,1,1,0,0
known_n1_failure,20260809,18,E0,1736,29,36,10,10,1,1,91,91,1,1,1,0,0
known_n1_failure,20260809,18,E0,1737,29,37,14,14,1,1,88,88,1,1,1,0,0
known_n1_failure,20260809,18,E0,1738,29,38,14,14,1,1,85,85,1,1,1,0,0
known_n1_failure,20260809,18,E0,1739,29,39,10,10,1,1,81,81,1,1,1,0,0
known_n1_failure,20260809,18,E0,1740,29,40,5,5,1,1,82,82,1,1,1,0,0
known_n1_failure,20260809,18,E0,1741,29,41,5,5,1,1,81,81,1,1,1,0,0
known_n1_failure,20260809,18,E0,1742,29,42,9,9,1,1,86,86,1,1,1,0,0
known_n1_failure,20260809,18,E0,1743,29,43,17,17,1,1,93,93,1,1,1,0,0
known_n1_failure,20260809,18,E0,1744,29,44,23,23,1,1,96,96,1,1,1,0,0
known_n1_failure,20260809,18,E0,1745,29,45,59,59,1,1,136,136,1,1,1,0,0
known_n1_failure,20260809,18,E0,1746,29,46,186,186,1,1,326,326,1,1,1,0,0
known_n1_failure,20260809,18,E0,1747,29,47,430,430,1,1,1236,1236,1,1,1,0,0
known_n1_failure,20260809,18,E0,1748,29,48,404,404,1,1,1073,1073,1,1,1,0,0
known_n1_failure,20260809,18,E0,1749,29,49,321,321,1,1,631,631,1,1,1,0,0
known_n1_failure,20260809,18,E0,1750,29,50,277,277,1,1,390,390,1,1,1,0,0
known_n1_failure,20260809,18,E0,1751,29,51,233,233,1,1,361,361,1,1,1,0,0
known_n1_failure,20260809,18,E0,1752,29,52,188,188,1,1,352,352,1,1,1,0,0
known_n1_failure,20260809,18,E0,1753,29,53,69,69,1,1,72,72,1,1,1,0,0
known_n1_failure,20260809,18,E0,1754,29,54,40,40,1,1,107,107,1,1,1,0,0
known_n1_failure,20260809,18,E0,1755,29,55,29,29,1,1,90,90,1,1,1,0,0
known_n1_failure,20260809,18,E0,1756,29,56,30,30,1,1,95,95,1,1,1,0,0
known_n1_failure,20260809,18,E0,1757,29,57,29,29,1,1,91,91,1,1,1,0,0
known_n1_failure,20260809,18,E0,1758,29,58,21,21,1,1,85,85,1,1,1,0,0
known_n1_failure,20260809,18,E0,1759,29,59,22,22,1,1,94,94,1,1,1,0,0
known_n1_failure,20260809,18,E0,1760,29,60,20,20,1,1,81,81,1,1,1,0,0
known_n1_failure,20260809,18,E0,1761,30,1,855,855,1,1,4050,4050,1,1,1,0,0
known_n1_failure,20260809,18,E0,1762,30,2,155,155,1,1,57,57,1,1,1,0,0
known_n1_failure,20260809,18,E0,1763,30,3,145,145,1,1,235,235,1,1,1,0,0
known_n1_failure,20260809,18,E0,1764,30,4,103,103,1,1,78,78,1,1,1,0,0
known_n1_failure,20260809,18,E0,1765,30,5,70,70,1,1,105,105,1,1,1,0,0
known_n1_failure,20260809,18,E0,1766,30,6,61,61,1,1,101,101,1,1,1,0,0
known_n1_failure,20260809,18,E0,1767,30,7,49,49,1,1,78,78,1,1,1,0,0
known_n1_failure,20260809,18,E0,1768,30,8,43,43,1,1,105,105,1,1,1,0,0
known_n1_failure,20260809,18,E0,1769,30,9,43,43,1,1,87,87,1,1,1,0,0
known_n1_failure,20260809,18,E0,1770,30,10,58,58,1,1,93,93,1,1,1,0,0
known_n1_failure,20260809,18,E0,1771,30,11,44,44,1,1,100,100,1,1,1,0,0
known_n1_failure,20260809,18,E0,1772,30,12,36,36,1,1,88,88,1,1,1,0,0
known_n1_failure,20260809,18,E0,1773,30,13,31,31,1,1,74,74,1,1,1,0,0
known_n1_failure,20260809,18,E0,1774,30,14,25,25,1,1,77,77,1,1,1,0,0
known_n1_failure,20260809,18,E0,1775,30,15,28,28,1,1,87,87,1,1,1,0,0
known_n1_failure,20260809,18,E0,1776,30,16,25,25,1,1,80,80,1,1,1,0,0
known_n1_failure,20260809,18,E0,1777,30,17,23,23,1,1,88,88,1,1,1,0,0
known_n1_failure,20260809,18,E0,1778,30,18,18,18,1,1,88,88,1,1,1,0,0
known_n1_failure,20260809,18,E0,1779,30,19,19,19,1,1,77,77,1,1,1,0,0
known_n1_failure,20260809,18,E0,1780,30,20,18,18,1,1,87,87,1,1,1,0,0
known_n1_failure,20260809,18,E0,1781,30,21,12,12,1,1,85,85,1,1,1,0,0
known_n1_failure,20260809,18,E0,1782,30,22,10,10,1,1,81,81,1,1,1,0,0
known_n1_failure,20260809,18,E0,1783,30,23,10,10,1,1,81,81,1,1,1,0,0
known_n1_failure,20260809,18,E0,1784,30,24,6,6,1,1,77,77,1,1,1,0,0
known_n1_failure,20260809,18,E0,1785,30,25,9,9,1,1,81,81,1,1,1,0,0
known_n1_failure,20260809,18,E0,1786,30,26,7,7,1,1,79,79,1,1,1,0,0
known_n1_failure,20260809,18,E0,1787,30,27,5,5,1,1,79,79,1,1,1,0,0
known_n1_failure,20260809,18,E0,1788,30,28,7,7,1,1,82,82,1,1,1,0,0
known_n1_failure,20260809,18,E0,1789,30,29,5,5,1,1,78,78,1,1,1,0,0
known_n1_failure,20260809,18,E0,1790,30,30,9,9,1,1,83,83,1,1,1,0,0
known_n1_failure,20260809,18,E0,1791,30,31,9,9,1,1,84,84,1,1,1,0,0
known_n1_failure,20260809,18,E0,1792,30,32,10,10,1,1,79,79,1,1,1,0,0
known_n1_failure,20260809,18,E0,1793,30,33,10,10,1,1,87,87,1,1,1,0,0
known_n1_failure,20260809,18,E0,1794,30,34,19,19,1,1,99,99,1,1,1,0,0
known_n1_failure,20260809,18,E0,1795,30,35,16,16,1,1,89,89,1,1,1,0,0
known_n1_failure,20260809,18,E0,1796,30,36,28,28,1,1,91,91,1,1,1,0,0
known_n1_failure,20260809,18,E0,1797,30,37,91,91,1,1,160,160,1,1,1,0,0
known_n1_failure,20260809,18,E0,1798,30,38,226,226,1,1,409,409,1,1,1,0,0
known_n1_failure,20260809,18,E0,1799,30,39,344,344,1,1,828,828,1,1,1,0,0
known_n1_failure,20260809,18,E0,1800,30,40,287,287,1,1,879,879,1,1,1,0,0
known_n1_failure,20260809,18,E0,1801,30,41,321,321,1,1,942,942,1,1,1,0,0
known_n1_failure,20260809,18,E0,1802,30,42,290,290,1,1,974,974,1,1,1,0,0
known_n1_failure,20260809,18,E0,1803,30,43,226,226,1,1,401,401,1,1,1,0,0
known_n1_failure,20260809,18,E0,1804,30,44,198,198,1,1,389,389,1,1,1,0,0
known_n1_failure,20260809,18,E0,1805,30,45,67,67,1,1,63,63,1,1,1,0,0
known_n1_failure,20260809,18,E0,1806,30,46,61,61,1,1,120,120,1,1,1,0,0
known_n1_failure,20260809,18,E0,1807,30,47,34,34,1,1,79,79,1,1,1,0,0
known_n1_failure,20260809,18,E0,1808,30,48,16,16,1,1,72,72,1,1,1,0,0
known_n1_failure,20260809,18,E0,1809,30,49,10,10,1,1,78,78,1,1,1,0,0
known_n1_failure,20260809,18,E0,1810,30,50,14,14,1,1,87,87,1,1,1,0,0
known_n1_failure,20260809,18,E0,1811,30,51,15,15,1,1,84,84,1,1,1,0,0
known_n1_failure,20260809,18,E0,1812,30,52,11,11,1,1,79,79,1,1,1,0,0
known_n1_failure,20260809,18,E0,1813,30,53,6,6,1,1,84,84,1,1,1,0,0
known_n1_failure,20260809,18,E0,1814,30,54,13,13,1,1,80,80,1,1,1,0,0
known_n1_failure,20260809,18,E0,1815,30,55,14,14,1,1,84,84,1,1,1,0,0
known_n1_failure,20260809,18,E0,1816,30,56,15,15,1,1,83,83,1,1,1,0,0
known_n1_failure,20260809,18,E0,1817,30,57,7,7,1,1,79,79,1,1,1,0,0
known_n1_failure,20260809,18,E0,1818,30,58,7,7,1,1,81,81,1,1,1,0,0
known_n1_failure,20260809,18,E0,1819,30,59,4,4,1,1,81,81,1,1,1,0,0
known_n1_failure,20260809,18,E0,1820,30,60,3,3,1,1,79,79,1,1,1,0,0
known_n1_failure,20260809,18,E0,1821,31,1,851,851,1,1,8351,8351,1,1,1,0,0
known_n1_failure,20260809,18,E0,1822,31,2,170,170,1,1,86,86,1,1,1,0,0
known_n1_failure,20260809,18,E0,1823,31,3,76,76,1,1,120,120,1,1,1,0,0
known_n1_failure,20260809,18,E0,1824,31,4,57,57,1,1,84,84,1,1,1,0,0
known_n1_failure,20260809,18,E0,1825,31,5,33,33,1,1,92,92,1,1,1,0,0
known_n1_failure,20260809,18,E0,1826,31,6,51,51,1,1,114,114,1,1,1,0,0
known_n1_failure,20260809,18,E0,1827,31,7,29,29,1,1,91,91,1,1,1,0,0
known_n1_failure,20260809,18,E0,1828,31,8,35,35,1,1,79,79,1,1,1,0,0
known_n1_failure,20260809,18,E0,1829,31,9,47,47,1,1,97,97,1,1,1,0,0
known_n1_failure,20260809,18,E0,1830,31,10,37,37,1,1,81,81,1,1,1,0,0
known_n1_failure,20260809,18,E0,1831,31,11,33,33,1,1,93,93,1,1,1,0,0
known_n1_failure,20260809,18,E0,1832,31,12,33,33,1,1,84,84,1,1,1,0,0
known_n1_failure,20260809,18,E0,1833,31,13,31,31,1,1,91,91,1,1,1,0,0
known_n1_failure,20260809,18,E0,1834,31,14,30,30,1,1,86,86,1,1,1,0,0
known_n1_failure,20260809,18,E0,1835,31,15,24,24,1,1,111,111,1,1,1,0,0
known_n1_failure,20260809,18,E0,1836,31,16,25,25,1,1,87,87,1,1,1,0,0
known_n1_failure,20260809,18,E0,1837,31,17,21,21,1,1,88,88,1,1,1,0,0
known_n1_failure,20260809,18,E0,1838,31,18,25,25,1,1,95,95,1,1,1,0,0
known_n1_failure,20260809,18,E0,1839,31,19,31,31,1,1,91,91,1,1,1,0,0
known_n1_failure,20260809,18,E0,1840,31,20,18,18,1,1,93,93,1,1,1,0,0
known_n1_failure,20260809,18,E0,1841,31,21,35,35,1,1,87,87,1,1,1,0,0
known_n1_failure,20260809,18,E0,1842,31,22,35,35,1,1,127,127,1,1,1,0,0
known_n1_failure,20260809,18,E0,1843,31,23,17,17,1,1,85,85,1,1,1,0,0
known_n1_failure,20260809,18,E0,1844,31,24,17,17,1,1,81,81,1,1,1,0,0
known_n1_failure,20260809,18,E0,1845,31,25,12,12,1,1,91,91,1,1,1,0,0
known_n1_failure,20260809,18,E0,1846,31,26,13,13,1,1,87,87,1,1,1,0,0
known_n1_failure,20260809,18,E0,1847,31,27,12,12,1,1,87,87,1,1,1,0,0
known_n1_failure,20260809,18,E0,1848,31,28,17,17,1,1,92,92,1,1,1,0,0
known_n1_failure,20260809,18,E0,1849,31,29,17,17,1,1,84,84,1,1,1,0,0
known_n1_failure,20260809,18,E0,1850,31,30,20,20,1,1,95,95,1,1,1,0,0
known_n1_failure,20260809,18,E0,1851,31,31,39,39,1,1,97,97,1,1,1,0,0
known_n1_failure,20260809,18,E0,1852,31,32,67,67,1,1,141,141,1,1,1,0,0
known_n1_failure,20260809,18,E0,1853,31,33,121,121,1,1,165,165,1,1,1,0,0
known_n1_failure,20260809,18,E0,1854,31,34,313,313,1,1,457,457,1,1,1,0,0
known_n1_failure,20260809,18,E0,1855,31,35,461,461,1,1,509,509,1,1,1,0,0
known_n1_failure,20260809,18,E0,1856,31,36,356,356,1,1,282,282,1,1,1,0,0
known_n1_failure,20260809,18,E0,1857,31,37,155,155,1,1,124,124,1,1,1,0,0
known_n1_failure,20260809,18,E0,1858,31,38,85,85,1,1,102,102,1,1,1,0,0
known_n1_failure,20260809,18,E0,1859,31,39,60,60,1,1,91,91,1,1,1,0,0
known_n1_failure,20260809,18,E0,1860,31,40,44,44,1,1,99,99,1,1,1,0,0
known_n1_failure,20260809,18,E0,1861,31,41,38,38,1,1,88,88,1,1,1,0,0
known_n1_failure,20260809,18,E0,1862,31,42,37,37,1,1,88,88,1,1,1,0,0
known_n1_failure,20260809,18,E0,1863,31,43,38,38,1,1,106,106,1,1,1,0,0
known_n1_failure,20260809,18,E0,1864,31,44,37,37,1,1,90,90,1,1,1,0,0
known_n1_failure,20260809,18,E0,1865,31,45,35,35,1,1,99,99,1,1,1,0,0
known_n1_failure,20260809,18,E0,1866,31,46,25,25,1,1,86,86,1,1,1,0,0
known_n1_failure,20260809,18,E0,1867,31,47,22,22,1,1,96,96,1,1,1,0,0
known_n1_failure,20260809,18,E0,1868,31,48,19,19,1,1,98,98,1,1,1,0,0
known_n1_failure,20260809,18,E0,1869,31,49,19,19,1,1,88,88,1,1,1,0,0
known_n1_failure,20260809,18,E0,1870,31,50,12,12,1,1,84,84,1,1,1,0,0
known_n1_failure,20260809,18,E0,1871,31,51,10,10,1,1,86,86,1,1,1,0,0
known_n1_failure,20260809,18,E0,1872,31,52,16,16,1,1,92,92,1,1,1,0,0
known_n1_failure,20260809,18,E0,1873,31,53,14,14,1,1,90,90,1,1,1,0,0
known_n1_failure,20260809,18,E0,1874,31,54,13,13,1,1,85,85,1,1,1,0,0
known_n1_failure,20260809,18,E0,1875,31,55,8,8,1,1,86,86,1,1,1,0,0
known_n1_failure,20260809,18,E0,1876,31,56,15,15,1,1,90,90,1,1,1,0,0
known_n1_failure,20260809,18,E0,1877,31,57,9,9,1,1,88,88,1,1,1,0,0
known_n1_failure,20260809,18,E0,1878,31,58,10,10,1,1,88,88,1,1,1,0,0
known_n1_failure,20260809,18,E0,1879,31,59,6,6,1,1,88,88,1,1,1,0,0
known_n1_failure,20260809,18,E0,1880,31,60,13,13,1,1,89,89,1,1,1,0,0
known_n1_failure,20260809,18,E0,1881,32,1,881,881,1,1,8332,8332,1,1,1,0,0
known_n1_failure,20260809,18,E0,1882,32,2,174,174,1,1,51,51,1,1,1,0,0
known_n1_failure,20260809,18,E0,1883,32,3,121,121,1,1,167,167,1,1,1,0,0
known_n1_failure,20260809,18,E0,1884,32,4,122,122,1,1,123,123,1,1,1,0,0
known_n1_failure,20260809,18,E0,1885,32,5,90,90,1,1,123,123,1,1,1,0,0
known_n1_failure,20260809,18,E0,1886,32,6,89,89,1,1,89,89,1,1,1,0,0
known_n1_failure,20260809,18,E0,1887,32,7,79,79,1,1,136,136,1,1,1,0,0
known_n1_failure,20260809,18,E0,1888,32,8,53,53,1,1,96,96,1,1,1,0,0
known_n1_failure,20260809,18,E0,1889,32,9,42,42,1,1,114,114,1,1,1,0,0
known_n1_failure,20260809,18,E0,1890,32,10,37,37,1,1,78,78,1,1,1,0,0
known_n1_failure,20260809,18,E0,1891,32,11,28,28,1,1,107,107,1,1,1,0,0
known_n1_failure,20260809,18,E0,1892,32,12,32,32,1,1,87,87,1,1,1,0,0
known_n1_failure,20260809,18,E0,1893,32,13,30,30,1,1,96,96,1,1,1,0,0
known_n1_failure,20260809,18,E0,1894,32,14,19,19,1,1,92,92,1,1,1,0,0
known_n1_failure,20260809,18,E0,1895,32,15,27,27,1,1,97,97,1,1,1,0,0
known_n1_failure,20260809,18,E0,1896,32,16,23,23,1,1,83,83,1,1,1,0,0
known_n1_failure,20260809,18,E0,1897,32,17,19,19,1,1,82,82,1,1,1,0,0
known_n1_failure,20260809,18,E0,1898,32,18,21,21,1,1,102,102,1,1,1,0,0
known_n1_failure,20260809,18,E0,1899,32,19,32,32,1,1,90,90,1,1,1,0,0
known_n1_failure,20260809,18,E0,1900,32,20,29,29,1,1,94,94,1,1,1,0,0
known_n1_failure,20260809,18,E0,1901,32,21,25,25,1,1,102,102,1,1,1,0,0
known_n1_failure,20260809,18,E0,1902,32,22,21,21,1,1,87,87,1,1,1,0,0
known_n1_failure,20260809,18,E0,1903,32,23,12,12,1,1,82,82,1,1,1,0,0
known_n1_failure,20260809,18,E0,1904,32,24,22,22,1,1,99,99,1,1,1,0,0
known_n1_failure,20260809,18,E0,1905,32,25,18,18,1,1,80,80,1,1,1,0,0
known_n1_failure,20260809,18,E0,1906,32,26,16,16,1,1,88,88,1,1,1,0,0
known_n1_failure,20260809,18,E0,1907,32,27,16,16,1,1,90,90,1,1,1,0,0
known_n1_failure,20260809,18,E0,1908,32,28,14,14,1,1,87,87,1,1,1,0,0
known_n1_failure,20260809,18,E0,1909,32,29,21,21,1,1,98,98,1,1,1,0,0
known_n1_failure,20260809,18,E0,1910,32,30,15,15,1,1,92,92,1,1,1,0,0
known_n1_failure,20260809,18,E0,1911,32,31,23,23,1,1,90,90,1,1,1,0,0
known_n1_failure,20260809,18,E0,1912,32,32,14,14,1,1,90,90,1,1,1,0,0
known_n1_failure,20260809,18,E0,1913,32,33,13,13,1,1,84,84,1,1,1,0,0
known_n1_failure,20260809,18,E0,1914,32,34,8,8,1,1,84,84,1,1,1,0,0
known_n1_failure,20260809,18,E0,1915,32,35,7,7,1,1,93,93,1,1,1,0,0
known_n1_failure,20260809,18,E0,1916,32,36,10,10,1,1,86,86,1,1,1,0,0
known_n1_failure,20260809,18,E0,1917,32,37,4,4,1,1,88,88,1,1,1,0,0
known_n1_failure,20260809,18,E0,1918,32,38,13,13,1,1,90,90,1,1,1,0,0
known_n1_failure,20260809,18,E0,1919,32,39,11,11,1,1,87,87,1,1,1,0,0
known_n1_failure,20260809,18,E0,1920,32,40,15,15,1,1,89,89,1,1,1,0,0
known_n1_failure,20260809,18,E0,1921,32,41,21,21,1,1,95,95,1,1,1,0,0
known_n1_failure,20260809,18,E0,1922,32,42,18,18,1,1,108,108,1,1,1,0,0
known_n1_failure,20260809,18,E0,1923,32,43,57,57,1,1,124,124,1,1,1,0,0
known_n1_failure,20260809,18,E0,1924,32,44,133,133,1,1,225,225,1,1,1,0,0
known_n1_failure,20260809,18,E0,1925,32,45,232,232,1,1,378,378,1,1,1,0,0
known_n1_failure,20260809,18,E0,1926,32,46,245,245,1,1,433,433,1,1,1,0,0
known_n1_failure,20260809,18,E0,1927,32,47,233,233,1,1,380,380,1,1,1,0,0
known_n1_failure,20260809,18,E0,1928,32,48,218,218,1,1,573,573,1,1,1,0,0
known_n1_failure,20260809,18,E0,1929,32,49,232,232,1,1,828,828,1,1,1,0,0
known_n1_failure,20260809,18,E0,1930,32,50,228,228,1,1,668,668,1,1,1,0,0
known_n1_failure,20260809,18,E0,1931,32,51,204,204,1,1,548,548,1,1,1,0,0
known_n1_failure,20260809,18,E0,1932,32,52,193,193,1,1,334,334,1,1,1,0,0
known_n1_failure,20260809,18,E0,1933,32,53,120,120,1,1,219,219,1,1,1,0,0
known_n1_failure,20260809,18,E0,1934,32,54,77,77,1,1,107,107,1,1,1,0,0
known_n1_failure,20260809,18,E0,1935,32,55,50,50,1,1,113,113,1,1,1,0,0
known_n1_failure,20260809,18,E0,1936,32,56,36,36,1,1,93,93,1,1,1,0,0
known_n1_failure,20260809,18,E0,1937,32,57,26,26,1,1,98,98,1,1,1,0,0
known_n1_failure,20260809,18,E0,1938,32,58,22,22,1,1,99,99,1,1,1,0,0
known_n1_failure,20260809,18,E0,1939,32,59,22,22,1,1,93,93,1,1,1,0,0
known_n1_failure,20260809,18,E0,1940,32,60,9,9,1,1,88,88,1,1,1,0,0
known_n2_rescue,20260809,18,E1,1,1,1,338,338,232,232,750,750,1,1,1,0,0
known_n2_rescue,20260809,18,E1,2,1,2,225,225,225,225,49,49,1,1,1,0,0
known_n2_rescue,20260809,18,E1,3,1,3,137,137,137,137,121,121,1,1,1,0,0
known_n2_rescue,20260809,18,E1,4,1,4,163,163,137,137,167,167,1,1,1,0,0
known_n2_rescue,20260809,18,E1,5,1,5,144,144,137,137,148,148,1,1,1,0,0
known_n2_rescue,20260809,18,E1,6,1,6,144,144,137,137,116,116,1,1,1,0,0
known_n2_rescue,20260809,18,E1,7,1,7,122,122,122,122,166,166,1,1,1,0,0
known_n2_rescue,20260809,18,E1,8,1,8,121,121,121,121,86,86,1,1,1,0,0
known_n2_rescue,20260809,18,E1,9,1,9,89,89,89,89,164,164,1,1,1,0,0
known_n2_rescue,20260809,18,E1,10,1,10,95,95,89,89,93,93,1,1,1,0,0
known_n2_rescue,20260809,18,E1,11,1,11,80,80,80,80,147,147,1,1,1,0,0
known_n2_rescue,20260809,18,E1,12,1,12,91,91,80,80,119,119,1,1,1,0,0
known_n2_rescue,20260809,18,E1,13,1,13,78,78,78,78,95,95,1,1,1,0,0
known_n2_rescue,20260809,18,E1,14,1,14,83,83,78,78,130,130,1,1,1,0,0
known_n2_rescue,20260809,18,E1,15,1,15,86,86,78,78,103,103,1,1,1,0,0
known_n2_rescue,20260809,18,E1,16,1,16,79,79,78,78,91,91,1,1,1,0,0
known_n2_rescue,20260809,18,E1,17,1,17,66,66,66,66,125,125,1,1,1,0,0
known_n2_rescue,20260809,18,E1,18,1,18,69,69,66,66,140,140,1,1,1,0,0
known_n2_rescue,20260809,18,E1,19,1,19,65,65,65,65,78,78,1,1,1,0,0
known_n2_rescue,20260809,18,E1,20,1,20,59,59,59,59,132,132,1,1,1,0,0
known_n2_rescue,20260809,18,E1,21,1,21,51,51,51,51,70,70,1,1,1,0,0
known_n2_rescue,20260809,18,E1,22,1,22,46,46,46,46,119,119,1,1,1,0,0
known_n2_rescue,20260809,18,E1,23,1,23,50,50,46,46,65,65,1,1,1,0,0
known_n2_rescue,20260809,18,E1,24,1,24,30,30,30,30,103,103,1,1,1,0,0
known_n2_rescue,20260809,18,E1,25,1,25,52,52,30,30,76,76,1,1,1,0,0
known_n2_rescue,20260809,18,E1,26,1,26,44,44,30,30,107,107,1,1,1,0,0
known_n2_rescue,20260809,18,E1,27,1,27,49,49,30,30,86,86,1,1,1,0,0
known_n2_rescue,20260809,18,E1,28,1,28,37,37,30,30,83,83,1,1,1,0,0
known_n2_rescue,20260809,18,E1,29,1,29,39,39,30,30,85,85,1,1,1,0,0
known_n2_rescue,20260809,18,E1,30,1,30,40,40,30,30,82,82,1,1,1,0,0
known_n2_rescue,20260809,18,E1,31,1,31,38,38,30,30,81,81,1,1,1,0,0
known_n2_rescue,20260809,18,E1,32,1,32,23,23,23,23,78,78,1,1,1,0,0
known_n2_rescue,20260809,18,E1,33,1,33,31,31,23,23,78,78,1,1,1,0,0
known_n2_rescue,20260809,18,E1,34,1,34,15,15,15,15,76,76,1,1,1,0,0
known_n2_rescue,20260809,18,E1,35,1,35,21,21,15,15,70,70,1,1,1,0,0
known_n2_rescue,20260809,18,E1,36,1,36,19,19,15,15,95,95,1,1,1,0,0
known_n2_rescue,20260809,18,E1,37,1,37,13,13,13,13,71,71,1,1,1,0,0
known_n2_rescue,20260809,18,E1,38,1,38,16,16,13,13,73,73,1,1,1,0,0
known_n2_rescue,20260809,18,E1,39,1,39,16,16,13,13,73,73,1,1,1,0,0
known_n2_rescue,20260809,18,E1,40,1,40,12,12,12,12,83,83,1,1,1,0,0
known_n2_rescue,20260809,18,E1,41,1,41,19,19,12,12,75,75,1,1,1,0,0
known_n2_rescue,20260809,18,E1,42,1,42,18,18,12,12,83,83,1,1,1,0,0
known_n2_rescue,20260809,18,E1,43,1,43,19,19,12,12,72,72,1,1,1,0,0
known_n2_rescue,20260809,18,E1,44,1,44,10,10,10,10,77,77,1,1,1,0,0
known_n2_rescue,20260809,18,E1,45,1,45,13,13,10,10,71,71,1,1,1,0,0
known_n2_rescue,20260809,18,E1,46,1,46,9,9,9,9,79,79,1,1,1,0,0
known_n2_rescue,20260809,18,E1,47,1,47,16,16,9,9,76,76,1,1,1,0,0
known_n2_rescue,20260809,18,E1,48,1,48,9,9,9,9,73,73,1,1,1,0,0
known_n2_rescue,20260809,18,E1,49,1,49,18,18,9,9,80,80,1,1,1,0,0
known_n2_rescue,20260809,18,E1,50,1,50,19,19,9,9,67,67,1,1,1,0,0
known_n2_rescue,20260809,18,E1,51,1,51,9,9,9,9,92,92,1,1,1,0,0
known_n2_rescue,20260809,18,E1,52,1,52,17,17,9,9,76,76,1,1,1,0,0
known_n2_rescue,20260809,18,E1,53,1,53,12,12,9,9,78,78,1,1,1,0,0
known_n2_rescue,20260809,18,E1,54,1,54,12,12,9,9,72,72,1,1,1,0,0
known_n2_rescue,20260809,18,E1,55,1,55,14,14,9,9,85,85,1,1,1,0,0
known_n2_rescue,20260809,18,E1,56,1,56,17,17,9,9,72,72,1,1,1,0,0
known_n2_rescue,20260809,18,E1,57,1,57,16,16,9,9,84,84,1,1,1,0,0
known_n2_rescue,20260809,18,E1,58,1,58,13,13,9,9,67,67,1,1,1,0,0
known_n2_rescue,20260809,18,E1,59,1,59,17,17,9,9,93,93,1,1,1,0,0
known_n2_rescue,20260809,18,E1,60,1,60,16,16,9,9,70,70,1,1,1,0,0
known_n2_rescue,20260809,18,E1,61,1,61,13,13,9,9,77,77,1,1,1,0,0
known_n2_rescue,20260809,18,E1,62,1,62,15,15,9,9,69,69,1,1,1,0,0
known_n2_rescue,20260809,18,E1,63,1,63,16,16,9,9,79,79,1,1,1,0,0
known_n2_rescue,20260809,18,E1,64,1,64,16,16,9,9,76,76,1,1,1,0,0
known_n2_rescue,20260809,18,E1,65,1,65,16,16,9,9,85,85,1,1,1,0,0
known_n2_rescue,20260809,18,E1,66,1,66,15,15,9,9,71,71,1,1,1,0,0
known_n2_rescue,20260809,18,E1,67,1,67,8,8,8,8,73,73,1,1,1,0,0
known_n2_rescue,20260809,18,E1,68,1,68,11,11,8,8,80,80,1,1,1,0,0
known_n2_rescue,20260809,18,E1,69,1,69,11,11,8,8,73,73,1,1,1,0,0
known_n2_rescue,20260809,18,E1,70,1,70,17,17,8,8,77,77,1,1,1,0,0
known_n2_rescue,20260809,18,E1,71,1,71,17,17,8,8,77,77,1,1,1,0,0
known_n2_rescue,20260809,18,E1,72,1,72,13,13,8,8,83,83,1,1,1,0,0
known_n2_rescue,20260809,18,E1,73,1,73,18,18,8,8,72,72,1,1,1,0,0
known_n2_rescue,20260809,18,E1,74,1,74,12,12,8,8,89,89,1,1,1,0,0
known_n2_rescue,20260809,18,E1,75,1,75,15,15,8,8,73,73,1,1,1,0,0
known_n2_rescue,20260809,18,E1,76,1,76,10,10,8,8,81,81,1,1,1,0,0
known_n2_rescue,20260809,18,E1,77,1,77,12,12,8,8,73,73,1,1,1,0,0
known_n2_rescue,20260809,18,E1,78,1,78,13,13,8,8,84,84,1,1,1,0,0
known_n2_rescue,20260809,18,E1,79,1,79,21,21,8,8,72,72,1,1,1,0,0
known_n2_rescue,20260809,18,E1,80,1,80,12,12,8,8,76,76,1,1,1,0,0
known_n2_rescue,20260809,18,E1,81,2,1,868,868,8,8,14401,14401,1,1,1,0,0
known_n2_rescue,20260809,18,E1,82,2,2,853,853,8,8,1749,1749,1,1,1,0,0
known_n2_rescue,20260809,18,E1,83,2,3,877,877,8,8,13590,13590,1,1,1,0,0
known_n2_rescue,20260809,18,E1,84,2,4,860,860,8,8,1062,1062,1,1,1,0,0
known_n2_rescue,20260809,18,E1,85,2,5,873,873,8,8,5560,5560,1,1,1,0,0
known_n2_rescue,20260809,18,E1,86,2,6,783,783,8,8,1470,1470,1,1,1,0,0
known_n2_rescue,20260809,18,E1,87,2,7,714,714,8,8,555,555,1,1,1,0,0
known_n2_rescue,20260809,18,E1,88,2,8,215,215,8,8,61,61,1,1,1,0,0
known_n2_rescue,20260809,18,E1,89,2,9,149,149,8,8,212,212,1,1,1,0,0
known_n2_rescue,20260809,18,E1,90,2,10,121,121,8,8,82,82,1,1,1,0,0
known_n2_rescue,20260809,18,E1,91,2,11,85,85,8,8,136,136,1,1,1,0,0
known_n2_rescue,20260809,18,E1,92,2,12,79,79,8,8,89,89,1,1,1,0,0
known_n2_rescue,20260809,18,E1,93,2,13,80,80,8,8,103,103,1,1,1,0,0
known_n2_rescue,20260809,18,E1,94,2,14,67,67,8,8,81,81,1,1,1,0,0
known_n2_rescue,20260809,18,E1,95,2,15,68,68,8,8,123,123,1,1,1,0,0
known_n2_rescue,20260809,18,E1,96,2,16,64,64,8,8,87,87,1,1,1,0,0
known_n2_rescue,20260809,18,E1,97,2,17,37,37,8,8,77,77,1,1,1,0,0
known_n2_rescue,20260809,18,E1,98,2,18,44,44,8,8,89,89,1,1,1,0,0
known_n2_rescue,20260809,18,E1,99,2,19,38,38,8,8,84,84,1,1,1,0,0
known_n2_rescue,20260809,18,E1,100,2,20,29,29,8,8,80,80,1,1,1,0,0
known_n2_rescue,20260809,18,E1,101,2,21,27,27,8,8,87,87,1,1,1,0,0
known_n2_rescue,20260809,18,E1,102,2,22,20,20,8,8,98,98,1,1,1,0,0
known_n2_rescue,20260809,18,E1,103,2,23,26,26,8,8,85,85,1,1,1,0,0
known_n2_rescue,20260809,18,E1,104,2,24,17,17,8,8,80,80,1,1,1,0,0
known_n2_rescue,20260809,18,E1,105,2,25,22,22,8,8,86,86,1,1,1,0,0
known_n2_rescue,20260809,18,E1,106,2,26,15,15,8,8,84,84,1,1,1,0,0
known_n2_rescue,20260809,18,E1,107,2,27,17,17,8,8,83,83,1,1,1,0,0
known_n2_rescue,20260809,18,E1,108,2,28,14,14,8,8,86,86,1,1,1,0,0
known_n2_rescue,20260809,18,E1,109,2,29,18,18,8,8,88,88,1,1,1,0,0
known_n2_rescue,20260809,18,E1,110,2,30,14,14,8,8,82,82,1,1,1,0,0
known_n2_rescue,20260809,18,E1,111,2,31,16,16,8,8,82,82,1,1,1,0,0
known_n2_rescue,20260809,18,E1,112,2,32,21,21,8,8,90,90,1,1,1,0,0
known_n2_rescue,20260809,18,E1,113,2,33,19,19,8,8,86,86,1,1,1,0,0
known_n2_rescue,20260809,18,E1,114,2,34,14,14,8,8,85,85,1,1,1,0,0
known_n2_rescue,20260809,18,E1,115,2,35,13,13,8,8,87,87,1,1,1,0,0
known_n2_rescue,20260809,18,E1,116,2,36,13,13,8,8,80,80,1,1,1,0,0
known_n2_rescue,20260809,18,E1,117,2,37,13,13,8,8,81,81,1,1,1,0,0
known_n2_rescue,20260809,18,E1,118,2,38,10,10,8,8,83,83,1,1,1,0,0
known_n2_rescue,20260809,18,E1,119,2,39,8,8,8,8,88,88,1,1,1,0,0
known_n2_rescue,20260809,18,E1,120,2,40,12,12,8,8,82,82,1,1,1,0,0
known_n2_rescue,20260809,18,E1,121,2,41,12,12,8,8,78,78,1,1,1,0,0
known_n2_rescue,20260809,18,E1,122,2,42,11,11,8,8,88,88,1,1,1,0,0
known_n2_rescue,20260809,18,E1,123,2,43,16,16,8,8,83,83,1,1,1,0,0
known_n2_rescue,20260809,18,E1,124,2,44,20,20,8,8,93,93,1,1,1,0,0
known_n2_rescue,20260809,18,E1,125,2,45,22,22,8,8,85,85,1,1,1,0,0
known_n2_rescue,20260809,18,E1,126,2,46,17,17,8,8,81,81,1,1,1,0,0
known_n2_rescue,20260809,18,E1,127,2,47,48,48,8,8,110,110,1,1,1,0,0
known_n2_rescue,20260809,18,E1,128,2,48,100,100,8,8,210,210,1,1,1,0,0
known_n2_rescue,20260809,18,E1,129,2,49,251,251,8,8,474,474,1,1,1,0,0
known_n2_rescue,20260809,18,E1,130,2,50,462,462,8,8,1028,1028,1,1,1,0,0
known_n2_rescue,20260809,18,E1,131,2,51,450,450,8,8,786,786,1,1,1,0,0
known_n2_rescue,20260809,18,E1,132,2,52,435,435,8,8,709,709,1,1,1,0,0
known_n2_rescue,20260809,18,E1,133,2,53,265,265,8,8,290,290,1,1,1,0,0
known_n2_rescue,20260809,18,E1,134,2,54,60,60,8,8,85,85,1,1,1,0,0
known_n2_rescue,20260809,18,E1,135,2,55,52,52,8,8,100,100,1,1,1,0,0
known_n2_rescue,20260809,18,E1,136,2,56,34,34,8,8,89,89,1,1,1,0,0
known_n2_rescue,20260809,18,E1,137,2,57,32,32,8,8,87,87,1,1,1,0,0
known_n2_rescue,20260809,18,E1,138,2,58,24,24,8,8,86,86,1,1,1,0,0
known_n2_rescue,20260809,18,E1,139,2,59,16,16,8,8,77,77,1,1,1,0,0
known_n2_rescue,20260809,18,E1,140,2,60,16,16,8,8,85,85,1,1,1,0,0
known_n2_rescue,20260809,18,E1,141,3,1,842,842,8,8,3860,3860,1,1,1,0,0
known_n2_rescue,20260809,18,E1,142,3,2,298,298,8,8,113,113,1,1,1,0,0
known_n2_rescue,20260809,18,E1,143,3,3,124,124,8,8,170,170,1,1,1,0,0
known_n2_rescue,20260809,18,E1,144,3,4,93,93,8,8,85,85,1,1,1,0,0
known_n2_rescue,20260809,18,E1,145,3,5,71,71,8,8,99,99,1,1,1,0,0
known_n2_rescue,20260809,18,E1,146,3,6,71,71,8,8,96,96,1,1,1,0,0
known_n2_rescue,20260809,18,E1,147,3,7,54,54,8,8,84,84,1,1,1,0,0
known_n2_rescue,20260809,18,E1,148,3,8,42,42,8,8,81,81,1,1,1,0,0
known_n2_rescue,20260809,18,E1,149,3,9,40,40,8,8,85,85,1,1,1,0,0
known_n2_rescue,20260809,18,E1,150,3,10,42,42,8,8,106,106,1,1,1,0,0
known_n2_rescue,20260809,18,E1,151,3,11,41,41,8,8,90,90,1,1,1,0,0
known_n2_rescue,20260809,18,E1,152,3,12,34,34,8,8,79,79,1,1,1,0,0
known_n2_rescue,20260809,18,E1,153,3,13,39,39,8,8,94,94,1,1,1,0,0
known_n2_rescue,20260809,18,E1,154,3,14,39,39,8,8,106,106,1,1,1,0,0
known_n2_rescue,20260809,18,E1,155,3,15,36,36,8,8,82,82,1,1,1,0,0
known_n2_rescue,20260809,18,E1,156,3,16,30,30,8,8,93,93,1,1,1,0,0
known_n2_rescue,20260809,18,E1,157,3,17,27,27,8,8,84,84,1,1,1,0,0
known_n2_rescue,20260809,18,E1,158,3,18,24,24,8,8,92,92,1,1,1,0,0
known_n2_rescue,20260809,18,E1,159,3,19,26,26,8,8,86,86,1,1,1,0,0
known_n2_rescue,20260809,18,E1,160,3,20,24,24,8,8,78,78,1,1,1,0,0
known_n2_rescue,20260809,18,E1,161,3,21,31,31,8,8,106,106,1,1,1,0,0
known_n2_rescue,20260809,18,E1,162,3,22,42,42,8,8,92,92,1,1,1,0,0
known_n2_rescue,20260809,18,E1,163,3,23,30,30,8,8,91,91,1,1,1,0,0
known_n2_rescue,20260809,18,E1,164,3,24,23,23,8,8,76,76,1,1,1,0,0
known_n2_rescue,20260809,18,E1,165,3,25,20,20,8,8,84,84,1,1,1,0,0
known_n2_rescue,20260809,18,E1,166,3,26,13,13,8,8,82,82,1,1,1,0,0
known_n2_rescue,20260809,18,E1,167,3,27,10,10,8,8,74,74,1,1,1,0,0
known_n2_rescue,20260809,18,E1,168,3,28,11,11,8,8,80,80,1,1,1,0,0
known_n2_rescue,20260809,18,E1,169,3,29,13,13,8,8,87,87,1,1,1,0,0
known_n2_rescue,20260809,18,E1,170,3,30,18,18,8,8,90,90,1,1,1,0,0
known_n2_rescue,20260809,18,E1,171,3,31,32,32,8,8,98,98,1,1,1,0,0
known_n2_rescue,20260809,18,E1,172,3,32,22,22,8,8,88,88,1,1,1,0,0
known_n2_rescue,20260809,18,E1,173,3,33,19,19,8,8,92,92,1,1,1,0,0
known_n2_rescue,20260809,18,E1,174,3,34,40,40,8,8,109,109,1,1,1,0,0
known_n2_rescue,20260809,18,E1,175,3,35,100,100,8,8,180,180,1,1,1,0,0
known_n2_rescue,20260809,18,E1,176,3,36,218,218,8,8,508,508,1,1,1,0,0
known_n2_rescue,20260809,18,E1,177,3,37,289,289,8,8,627,627,1,1,1,0,0
known_n2_rescue,20260809,18,E1,178,3,38,213,213,8,8,300,300,1,1,1,0,0
known_n2_rescue,20260809,18,E1,179,3,39,188,188,8,8,395,395,1,1,1,0,0
known_n2_rescue,20260809,18,E1,180,3,40,137,137,8,8,180,180,1,1,1,0,0
known_n2_rescue,20260809,18,E1,181,3,41,55,55,8,8,88,88,1,1,1,0,0
known_n2_rescue,20260809,18,E1,182,3,42,51,51,8,8,106,106,1,1,1,0,0
known_n2_rescue,20260809,18,E1,183,3,43,36,36,8,8,90,90,1,1,1,0,0
known_n2_rescue,20260809,18,E1,184,3,44,34,34,8,8,87,87,1,1,1,0,0
known_n2_rescue,20260809,18,E1,185,3,45,19,19,8,8,81,81,1,1,1,0,0
known_n2_rescue,20260809,18,E1,186,3,46,20,20,8,8,84,84,1,1,1,0,0
known_n2_rescue,20260809,18,E1,187,3,47,21,21,8,8,80,80,1,1,1,0,0
known_n2_rescue,20260809,18,E1,188,3,48,21,21,8,8,96,96,1,1,1,0,0
known_n2_rescue,20260809,18,E1,189,3,49,25,25,8,8,88,88,1,1,1,0,0
known_n2_rescue,20260809,18,E1,190,3,50,23,23,8,8,84,84,1,1,1,0,0
known_n2_rescue,20260809,18,E1,191,3,51,18,18,8,8,94,94,1,1,1,0,0
known_n2_rescue,20260809,18,E1,192,3,52,19,19,8,8,87,87,1,1,1,0,0
known_n2_rescue,20260809,18,E1,193,3,53,17,17,8,8,85,85,1,1,1,0,0
known_n2_rescue,20260809,18,E1,194,3,54,16,16,8,8,84,84,1,1,1,0,0
known_n2_rescue,20260809,18,E1,195,3,55,13,13,8,8,87,87,1,1,1,0,0
known_n2_rescue,20260809,18,E1,196,3,56,18,18,8,8,81,81,1,1,1,0,0
known_n2_rescue,20260809,18,E1,197,3,57,14,14,8,8,79,79,1,1,1,0,0
known_n2_rescue,20260809,18,E1,198,3,58,14,14,8,8,92,92,1,1,1,0,0
known_n2_rescue,20260809,18,E1,199,3,59,11,11,8,8,86,86,1,1,1,0,0
known_n2_rescue,20260809,18,E1,200,3,60,10,10,8,8,80,80,1,1,1,0,0
known_n2_rescue,20260809,18,E1,201,4,1,864,864,8,8,7315,7315,1,1,1,0,0
known_n2_rescue,20260809,18,E1,202,4,2,133,133,8,8,63,63,1,1,1,0,0
known_n2_rescue,20260809,18,E1,203,4,3,78,78,8,8,134,134,1,1,1,0,0
known_n2_rescue,20260809,18,E1,204,4,4,60,60,8,8,99,99,1,1,1,0,0
known_n2_rescue,20260809,18,E1,205,4,5,62,62,8,8,92,92,1,1,1,0,0
known_n2_rescue,20260809,18,E1,206,4,6,50,50,8,8,111,111,1,1,1,0,0
known_n2_rescue,20260809,18,E1,207,4,7,57,57,8,8,121,121,1,1,1,0,0
known_n2_rescue,20260809,18,E1,208,4,8,30,30,8,8,75,75,1,1,1,0,0
known_n2_rescue,20260809,18,E1,209,4,9,32,32,8,8,88,88,1,1,1,0,0
known_n2_rescue,20260809,18,E1,210,4,10,21,21,8,8,77,77,1,1,1,0,0
known_n2_rescue,20260809,18,E1,211,4,11,34,34,8,8,103,103,1,1,1,0,0
known_n2_rescue,20260809,18,E1,212,4,12,42,42,8,8,90,90,1,1,1,0,0
known_n2_rescue,20260809,18,E1,213,4,13,31,31,8,8,84,84,1,1,1,0,0
known_n2_rescue,20260809,18,E1,214,4,14,34,34,8,8,87,87,1,1,1,0,0
known_n2_rescue,20260809,18,E1,215,4,15,22,22,8,8,84,84,1,1,1,0,0
known_n2_rescue,20260809,18,E1,216,4,16,31,31,8,8,78,78,1,1,1,0,0
known_n2_rescue,20260809,18,E1,217,4,17,23,23,8,8,85,85,1,1,1,0,0
known_n2_rescue,20260809,18,E1,218,4,18,25,25,8,8,86,86,1,1,1,0,0
known_n2_rescue,20260809,18,E1,219,4,19,24,24,8,8,89,89,1,1,1,0,0
known_n2_rescue,20260809,18,E1,220,4,20,27,27,8,8,82,82,1,1,1,0,0
known_n2_rescue,20260809,18,E1,221,4,21,26,26,8,8,87,87,1,1,1,0,0
known_n2_rescue,20260809,18,E1,222,4,22,14,14,8,8,79,79,1,1,1,0,0
known_n2_rescue,20260809,18,E1,223,4,23,11,11,8,8,85,85,1,1,1,0,0
known_n2_rescue,20260809,18,E1,224,4,24,12,12,8,8,81,81,1,1,1,0,0
known_n2_rescue,20260809,18,E1,225,4,25,18,18,8,8,93,93,1,1,1,0,0
known_n2_rescue,20260809,18,E1,226,4,26,16,16,8,8,94,94,1,1,1,0,0
known_n2_rescue,20260809,18,E1,227,4,27,17,17,8,8,81,81,1,1,1,0,0
known_n2_rescue,20260809,18,E1,228,4,28,16,16,8,8,83,83,1,1,1,0,0
known_n2_rescue,20260809,18,E1,229,4,29,14,14,8,8,90,90,1,1,1,0,0
known_n2_rescue,20260809,18,E1,230,4,30,21,21,8,8,87,87,1,1,1,0,0
known_n2_rescue,20260809,18,E1,231,4,31,29,29,8,8,99,99,1,1,1,0,0
known_n2_rescue,20260809,18,E1,232,4,32,30,30,8,8,94,94,1,1,1,0,0
known_n2_rescue,20260809,18,E1,233,4,33,20,20,8,8,88,88,1,1,1,0,0
known_n2_rescue,20260809,18,E1,234,4,34,15,15,8,8,85,85,1,1,1,0,0
known_n2_rescue,20260809,18,E1,235,4,35,26,26,8,8,92,92,1,1,1,0,0
known_n2_rescue,20260809,18,E1,236,4,36,47,47,8,8,113,113,1,1,1,0,0
known_n2_rescue,20260809,18,E1,237,4,37,122,122,8,8,279,279,1,1,1,0,0
known_n2_rescue,20260809,18,E1,238,4,38,288,288,8,8,785,785,1,1,1,0,0
known_n2_rescue,20260809,18,E1,239,4,39,392,392,8,8,887,887,1,1,1,0,0
known_n2_rescue,20260809,18,E1,240,4,40,338,338,8,8,629,629,1,1,1,0,0
known_n2_rescue,20260809,18,E1,241,4,41,323,323,8,8,489,489,1,1,1,0,0
known_n2_rescue,20260809,18,E1,242,4,42,305,305,8,8,491,491,1,1,1,0,0
known_n2_rescue,20260809,18,E1,243,4,43,153,153,8,8,148,148,1,1,1,0,0
known_n2_rescue,20260809,18,E1,244,4,44,74,74,8,8,97,97,1,1,1,0,0
known_n2_rescue,20260809,18,E1,245,4,45,35,35,8,8,74,74,1,1,1,0,0
known_n2_rescue,20260809,18,E1,246,4,46,33,33,8,8,95,95,1,1,1,0,0
known_n2_rescue,20260809,18,E1,247,4,47,31,31,8,8,75,75,1,1,1,0,0
known_n2_rescue,20260809,18,E1,248,4,48,24,24,8,8,81,81,1,1,1,0,0
known_n2_rescue,20260809,18,E1,249,4,49,23,23,8,8,91,91,1,1,1,0,0
known_n2_rescue,20260809,18,E1,250,4,50,13,13,8,8,89,89,1,1,1,0,0
known_n2_rescue,20260809,18,E1,251,4,51,13,13,8,8,80,80,1,1,1,0,0
known_n2_rescue,20260809,18,E1,252,4,52,8,8,8,8,73,73,1,1,1,0,0
known_n2_rescue,20260809,18,E1,253,4,53,3,3,3,3,82,82,1,1,1,0,0
known_n2_rescue,20260809,18,E1,254,4,54,5,5,3,3,81,81,1,1,1,0,0
known_n2_rescue,20260809,18,E1,255,4,55,8,8,3,3,87,87,1,1,1,0,0
known_n2_rescue,20260809,18,E1,256,4,56,7,7,3,3,75,75,1,1,1,0,0
known_n2_rescue,20260809,18,E1,257,4,57,5,5,3,3,80,80,1,1,1,0,0
known_n2_rescue,20260809,18,E1,258,4,58,5,5,3,3,74,74,1,1,1,0,0
known_n2_rescue,20260809,18,E1,259,4,59,3,3,3,3,82,82,1,1,1,0,0
known_n2_rescue,20260809,18,E1,260,4,60,10,10,3,3,77,77,1,1,1,0,0
known_n2_rescue,20260809,18,E1,261,5,1,887,887,3,3,9465,9465,1,1,1,0,0
known_n2_rescue,20260809,18,E1,262,5,2,220,220,3,3,76,76,1,1,1,0,0
known_n2_rescue,20260809,18,E1,263,5,3,147,147,3,3,161,161,1,1,1,0,0
known_n2_rescue,20260809,18,E1,264,5,4,104,104,3,3,111,111,1,1,1,0,0
known_n2_rescue,20260809,18,E1,265,5,5,66,66,3,3,98,98,1,1,1,0,0
known_n2_rescue,20260809,18,E1,266,5,6,66,66,3,3,96,96,1,1,1,0,0
known_n2_rescue,20260809,18,E1,267,5,7,55,55,3,3,97,97,1,1,1,0,0
known_n2_rescue,20260809,18,E1,268,5,8,51,51,3,3,106,106,1,1,1,0,0
known_n2_rescue,20260809,18,E1,269,5,9,36,36,3,3,93,93,1,1,1,0,0
known_n2_rescue,20260809,18,E1,270,5,10,40,40,3,3,80,80,1,1,1,0,0
known_n2_rescue,20260809,18,E1,271,5,11,40,40,3,3,101,101,1,1,1,0,0
known_n2_rescue,20260809,18,E1,272,5,12,35,35,3,3,94,94,1,1,1,0,0
known_n2_rescue,20260809,18,E1,273,5,13,31,31,3,3,81,81,1,1,1,0,0
known_n2_rescue,20260809,18,E1,274,5,14,27,27,3,3,81,81,1,1,1,0,0
known_n2_rescue,20260809,18,E1,275,5,15,27,27,3,3,97,97,1,1,1,0,0
known_n2_rescue,20260809,18,E1,276,5,16,28,28,3,3,91,91,1,1,1,0,0
known_n2_rescue,20260809,18,E1,277,5,17,19,19,3,3,86,86,1,1,1,0,0
known_n2_rescue,20260809,18,E1,278,5,18,31,31,3,3,89,89,1,1,1,0,0
known_n2_rescue,20260809,18,E1,279,5,19,23,23,3,3,105,105,1,1,1,0,0
known_n2_rescue,20260809,18,E1,280,5,20,35,35,3,3,101,101,1,1,1,0,0
known_n2_rescue,20260809,18,E1,281,5,21,35,35,3,3,96,96,1,1,1,0,0
known_n2_rescue,20260809,18,E1,282,5,22,22,22,3,3,82,82,1,1,1,0,0
known_n2_rescue,20260809,18,E1,283,5,23,22,22,3,3,83,83,1,1,1,0,0
known_n2_rescue,20260809,18,E1,284,5,24,39,39,3,3,109,109,1,1,1,0,0
known_n2_rescue,20260809,18,E1,285,5,25,35,35,3,3,99,99,1,1,1,0,0
known_n2_rescue,20260809,18,E1,286,5,26,37,37,3,3,105,105,1,1,1,0,0
known_n2_rescue,20260809,18,E1,287,5,27,75,75,3,3,138,138,1,1,1,0,0
known_n2_rescue,20260809,18,E1,288,5,28,165,165,3,3,196,196,1,1,1,0,0
known_n2_rescue,20260809,18,E1,289,5,29,221,221,3,3,303,303,1,1,1,0,0
known_n2_rescue,20260809,18,E1,290,5,30,202,202,3,3,220,220,1,1,1,0,0
known_n2_rescue,20260809,18,E1,291,5,31,186,186,3,3,238,238,1,1,1,0,0
known_n2_rescue,20260809,18,E1,292,5,32,183,183,3,3,287,287,1,1,1,0,0
known_n2_rescue,20260809,18,E1,293,5,33,178,178,3,3,328,328,1,1,1,0,0
known_n2_rescue,20260809,18,E1,294,5,34,154,154,3,3,238,238,1,1,1,0,0
known_n2_rescue,20260809,18,E1,295,5,35,160,160,3,3,256,256,1,1,1,0,0
known_n2_rescue,20260809,18,E1,296,5,36,190,190,3,3,322,322,1,1,1,0,0
known_n2_rescue,20260809,18,E1,297,5,37,152,152,3,3,198,198,1,1,1,0,0
known_n2_rescue,20260809,18,E1,298,5,38,68,68,3,3,98,98,1,1,1,0,0
known_n2_rescue,20260809,18,E1,299,5,39,32,32,3,3,88,88,1,1,1,0,0
known_n2_rescue,20260809,18,E1,300,5,40,24,24,3,3,91,91,1,1,1,0,0
known_n2_rescue,20260809,18,E1,301,5,41,36,36,3,3,104,104,1,1,1,0,0
known_n2_rescue,20260809,18,E1,302,5,42,39,39,3,3,100,100,1,1,1,0,0
known_n2_rescue,20260809,18,E1,303,5,43,28,28,3,3,93,93,1,1,1,0,0
known_n2_rescue,20260809,18,E1,304,5,44,30,30,3,3,100,100,1,1,1,0,0
known_n2_rescue,20260809,18,E1,305,5,45,24,24,3,3,96,96,1,1,1,0,0
known_n2_rescue,20260809,18,E1,306,5,46,17,17,3,3,84,84,1,1,1,0,0
known_n2_rescue,20260809,18,E1,307,5,47,17,17,3,3,89,89,1,1,1,0,0
known_n2_rescue,20260809,18,E1,308,5,48,26,26,3,3,103,103,1,1,1,0,0
known_n2_rescue,20260809,18,E1,309,5,49,21,21,3,3,92,92,1,1,1,0,0
known_n2_rescue,20260809,18,E1,310,5,50,25,25,3,3,94,94,1,1,1,0,0
known_n2_rescue,20260809,18,E1,311,5,51,35,35,3,3,101,101,1,1,1,0,0
known_n2_rescue,20260809,18,E1,312,5,52,34,34,3,3,96,96,1,1,1,0,0
known_n2_rescue,20260809,18,E1,313,5,53,56,56,3,3,112,112,1,1,1,0,0
known_n2_rescue,20260809,18,E1,314,5,54,71,71,3,3,132,132,1,1,1,0,0
known_n2_rescue,20260809,18,E1,315,5,55,129,129,3,3,266,266,1,1,1,0,0
known_n2_rescue,20260809,18,E1,316,5,56,196,196,3,3,367,367,1,1,1,0,0
known_n2_rescue,20260809,18,E1,317,5,57,145,145,3,3,154,154,1,1,1,0,0
known_n2_rescue,20260809,18,E1,318,5,58,97,97,3,3,127,127,1,1,1,0,0
known_n2_rescue,20260809,18,E1,319,5,59,65,65,3,3,105,105,1,1,1,0,0
known_n2_rescue,20260809,18,E1,320,5,60,65,65,3,3,104,104,1,1,1,0,0
known_n2_rescue,20260809,18,E1,321,6,1,744,744,3,3,1596,1596,1,1,1,0,0
known_n2_rescue,20260809,18,E1,322,6,2,618,618,3,3,699,699,1,1,1,0,0
known_n2_rescue,20260809,18,E1,323,6,3,198,198,3,3,116,116,1,1,1,0,0
known_n2_rescue,20260809,18,E1,324,6,4,143,143,3,3,91,91,1,1,1,0,0
known_n2_rescue,20260809,18,E1,325,6,5,99,99,3,3,80,80,1,1,1,0,0
known_n2_rescue,20260809,18,E1,326,6,6,93,93,3,3,106,106,1,1,1,0,0
known_n2_rescue,20260809,18,E1,327,6,7,106,106,3,3,145,145,1,1,1,0,0
known_n2_rescue,20260809,18,E1,328,6,8,75,75,3,3,94,94,1,1,1,0,0
known_n2_rescue,20260809,18,E1,329,6,9,66,66,3,3,84,84,1,1,1,0,0
known_n2_rescue,20260809,18,E1,330,6,10,51,51,3,3,104,104,1,1,1,0,0
known_n2_rescue,20260809,18,E1,331,6,11,57,57,3,3,85,85,1,1,1,0,0
known_n2_rescue,20260809,18,E1,332,6,12,52,52,3,3,94,94,1,1,1,0,0
known_n2_rescue,20260809,18,E1,333,6,13,45,45,3,3,84,84,1,1,1,0,0
known_n2_rescue,20260809,18,E1,334,6,14,32,32,3,3,89,89,1,1,1,0,0
known_n2_rescue,20260809,18,E1,335,6,15,40,40,3,3,94,94,1,1,1,0,0
known_n2_rescue,20260809,18,E1,336,6,16,42,42,3,3,112,112,1,1,1,0,0
known_n2_rescue,20260809,18,E1,337,6,17,24,24,3,3,78,78,1,1,1,0,0
known_n2_rescue,20260809,18,E1,338,6,18,17,17,3,3,87,87,1,1,1,0,0
known_n2_rescue,20260809,18,E1,339,6,19,21,21,3,3,85,85,1,1,1,0,0
known_n2_rescue,20260809,18,E1,340,6,20,18,18,3,3,85,85,1,1,1,0,0
known_n2_rescue,20260809,18,E1,341,6,21,17,17,3,3,90,90,1,1,1,0,0
known_n2_rescue,20260809,18,E1,342,6,22,17,17,3,3,83,83,1,1,1,0,0
known_n2_rescue,20260809,18,E1,343,6,23,12,12,3,3,80,80,1,1,1,0,0
known_n2_rescue,20260809,18,E1,344,6,24,15,15,3,3,88,88,1,1,1,0,0
known_n2_rescue,20260809,18,E1,345,6,25,18,18,3,3,89,89,1,1,1,0,0
known_n2_rescue,20260809,18,E1,346,6,26,14,14,3,3,80,80,1,1,1,0,0
known_n2_rescue,20260809,18,E1,347,6,27,10,10,3,3,81,81,1,1,1,0,0
known_n2_rescue,20260809,18,E1,348,6,28,14,14,3,3,92,92,1,1,1,0,0
known_n2_rescue,20260809,18,E1,349,6,29,13,13,3,3,90,90,1,1,1,0,0
known_n2_rescue,20260809,18,E1,350,6,30,18,18,3,3,82,82,1,1,1,0,0
known_n2_rescue,20260809,18,E1,351,6,31,23,23,3,3,91,91,1,1,1,0,0
known_n2_rescue,20260809,18,E1,352,6,32,18,18,3,3,85,85,1,1,1,0,0
known_n2_rescue,20260809,18,E1,353,6,33,16,16,3,3,90,90,1,1,1,0,0
known_n2_rescue,20260809,18,E1,354,6,34,20,20,3,3,87,87,1,1,1,0,0
known_n2_rescue,20260809,18,E1,355,6,35,13,13,3,3,92,92,1,1,1,0,0
known_n2_rescue,20260809,18,E1,356,6,36,15,15,3,3,84,84,1,1,1,0,0
known_n2_rescue,20260809,18,E1,357,6,37,9,9,3,3,82,82,1,1,1,0,0
known_n2_rescue,20260809,18,E1,358,6,38,16,16,3,3,90,90,1,1,1,0,0
known_n2_rescue,20260809,18,E1,359,6,39,11,11,3,3,83,83,1,1,1,0,0
known_n2_rescue,20260809,18,E1,360,6,40,8,8,3,3,83,83,1,1,1,0,0
known_n2_rescue,20260809,18,E1,361,6,41,8,8,3,3,87,87,1,1,1,0,0
known_n2_rescue,20260809,18,E1,362,6,42,18,18,3,3,87,87,1,1,1,0,0
known_n2_rescue,20260809,18,E1,363,6,43,10,10,3,3,84,84,1,1,1,0,0
known_n2_rescue,20260809,18,E1,364,6,44,4,4,3,3,83,83,1,1,1,0,0
known_n2_rescue,20260809,18,E1,365,6,45,10,10,3,3,85,85,1,1,1,0,0
known_n2_rescue,20260809,18,E1,366,6,46,9,9,3,3,87,87,1,1,1,0,0
known_n2_rescue,20260809,18,E1,367,6,47,10,10,3,3,91,91,1,1,1,0,0
known_n2_rescue,20260809,18,E1,368,6,48,11,11,3,3,87,87,1,1,1,0,0
known_n2_rescue,20260809,18,E1,369,6,49,10,10,3,3,88,88,1,1,1,0,0
known_n2_rescue,20260809,18,E1,370,6,50,12,12,3,3,87,87,1,1,1,0,0
known_n2_rescue,20260809,18,E1,371,6,51,12,12,3,3,88,88,1,1,1,0,0
known_n2_rescue,20260809,18,E1,372,6,52,12,12,3,3,88,88,1,1,1,0,0
known_n2_rescue,20260809,18,E1,373,6,53,8,8,3,3,85,85,1,1,1,0,0
known_n2_rescue,20260809,18,E1,374,6,54,4,4,3,3,87,87,1,1,1,0,0
known_n2_rescue,20260809,18,E1,375,6,55,1,1,1,1,87,87,1,1,1,0,0
known_n2_rescue,20260809,18,E1,376,6,56,6,6,1,1,85,85,1,1,1,0,0
known_n2_rescue,20260809,18,E1,377,6,57,5,5,1,1,88,88,1,1,1,0,0
known_n2_rescue,20260809,18,E1,378,6,58,6,6,1,1,89,89,1,1,1,0,0
known_n2_rescue,20260809,18,E1,379,6,59,8,8,1,1,87,87,1,1,1,0,0
known_n2_rescue,20260809,18,E1,380,6,60,4,4,1,1,88,88,1,1,1,0,0
known_n2_rescue,20260809,18,E1,381,7,1,841,841,1,1,7952,7952,1,1,1,0,0
known_n2_rescue,20260809,18,E1,382,7,2,183,183,1,1,78,78,1,1,1,0,0
known_n2_rescue,20260809,18,E1,383,7,3,114,114,1,1,190,190,1,1,1,0,0
known_n2_rescue,20260809,18,E1,384,7,4,98,98,1,1,77,77,1,1,1,0,0
known_n2_rescue,20260809,18,E1,385,7,5,69,69,1,1,96,96,1,1,1,0,0
known_n2_rescue,20260809,18,E1,386,7,6,69,69,1,1,105,105,1,1,1,0,0
known_n2_rescue,20260809,18,E1,387,7,7,51,51,1,1,98,98,1,1,1,0,0
known_n2_rescue,20260809,18,E1,388,7,8,52,52,1,1,94,94,1,1,1,0,0
known_n2_rescue,20260809,18,E1,389,7,9,51,51,1,1,106,106,1,1,1,0,0
known_n2_rescue,20260809,18,E1,390,7,10,39,39,1,1,90,90,1,1,1,0,0
known_n2_rescue,20260809,18,E1,391,7,11,38,38,1,1,110,110,1,1,1,0,0
known_n2_rescue,20260809,18,E1,392,7,12,35,35,1,1,80,80,1,1,1,0,0
known_n2_rescue,20260809,18,E1,393,7,13,36,36,1,1,108,108,1,1,1,0,0
known_n2_rescue,20260809,18,E1,394,7,14,30,30,1,1,85,85,1,1,1,0,0
known_n2_rescue,20260809,18,E1,395,7,15,28,28,1,1,88,88,1,1,1,0,0
known_n2_rescue,20260809,18,E1,396,7,16,32,32,1,1,93,93,1,1,1,0,0
known_n2_rescue,20260809,18,E1,397,7,17,24,24,1,1,88,88,1,1,1,0,0
known_n2_rescue,20260809,18,E1,398,7,18,11,11,1,1,83,83,1,1,1,0,0
known_n2_rescue,20260809,18,E1,399,7,19,10,10,1,1,96,96,1,1,1,0,0
known_n2_rescue,20260809,18,E1,400,7,20,13,13,1,1,87,87,1,1,1,0,0
known_n2_rescue,20260809,18,E1,401,7,21,13,13,1,1,81,81,1,1,1,0,0
known_n2_rescue,20260809,18,E1,402,7,22,13,13,1,1,86,86,1,1,1,0,0
known_n2_rescue,20260809,18,E1,403,7,23,13,13,1,1,94,94,1,1,1,0,0
known_n2_rescue,20260809,18,E1,404,7,24,17,17,1,1,83,83,1,1,1,0,0
known_n2_rescue,20260809,18,E1,405,7,25,23,23,1,1,118,118,1,1,1,0,0
known_n2_rescue,20260809,18,E1,406,7,26,42,42,1,1,125,125,1,1,1,0,0
known_n2_rescue,20260809,18,E1,407,7,27,44,44,1,1,107,107,1,1,1,0,0
known_n2_rescue,20260809,18,E1,408,7,28,63,63,1,1,115,115,1,1,1,0,0
known_n2_rescue,20260809,18,E1,409,7,29,93,93,1,1,160,160,1,1,1,0,0
known_n2_rescue,20260809,18,E1,410,7,30,167,167,1,1,265,265,1,1,1,0,0
known_n2_rescue,20260809,18,E1,411,7,31,164,164,1,1,166,166,1,1,1,0,0
known_n2_rescue,20260809,18,E1,412,7,32,93,93,1,1,106,106,1,1,1,0,0
known_n2_rescue,20260809,18,E1,413,7,33,65,65,1,1,103,103,1,1,1,0,0
known_n2_rescue,20260809,18,E1,414,7,34,41,41,1,1,99,99,1,1,1,0,0
known_n2_rescue,20260809,18,E1,415,7,35,47,47,1,1,92,92,1,1,1,0,0
known_n2_rescue,20260809,18,E1,416,7,36,38,38,1,1,94,94,1,1,1,0,0
known_n2_rescue,20260809,18,E1,417,7,37,51,51,1,1,115,115,1,1,1,0,0
known_n2_rescue,20260809,18,E1,418,7,38,44,44,1,1,101,101,1,1,1,0,0
known_n2_rescue,20260809,18,E1,419,7,39,27,27,1,1,97,97,1,1,1,0,0
known_n2_rescue,20260809,18,E1,420,7,40,22,22,1,1,86,86,1,1,1,0,0
known_n2_rescue,20260809,18,E1,421,7,41,15,15,1,1,93,93,1,1,1,0,0
known_n2_rescue,20260809,18,E1,422,7,42,13,13,1,1,82,82,1,1,1,0,0
known_n2_rescue,20260809,18,E1,423,7,43,10,10,1,1,84,84,1,1,1,0,0
known_n2_rescue,20260809,18,E1,424,7,44,13,13,1,1,84,84,1,1,1,0,0
known_n2_rescue,20260809,18,E1,425,7,45,4,4,1,1,91,91,1,1,1,0,0
known_n2_rescue,20260809,18,E1,426,7,46,7,7,1,1,80,80,1,1,1,0,0
known_n2_rescue,20260809,18,E1,427,7,47,5,5,1,1,81,81,1,1,1,0,0
known_n2_rescue,20260809,18,E1,428,7,48,6,6,1,1,88,88,1,1,1,0,0
known_n2_rescue,20260809,18,E1,429,7,49,4,4,1,1,82,82,1,1,1,0,0
known_n2_rescue,20260809,18,E1,430,7,50,4,4,1,1,82,82,1,1,1,0,0
known_n2_rescue,20260809,18,E1,431,7,51,7,7,1,1,86,86,1,1,1,0,0
known_n2_rescue,20260809,18,E1,432,7,52,8,8,1,1,84,84,1,1,1,0,0
known_n2_rescue,20260809,18,E1,433,7,53,6,6,1,1,86,86,1,1,1,0,0
known_n2_rescue,20260809,18,E1,434,7,54,11,11,1,1,83,83,1,1,1,0,0
known_n2_rescue,20260809,18,E1,435,7,55,8,8,1,1,88,88,1,1,1,0,0
known_n2_rescue,20260809,18,E1,436,7,56,10,10,1,1,85,85,1,1,1,0,0
known_n2_rescue,20260809,18,E1,437,7,57,2,2,1,1,82,82,1,1,1,0,0
known_n2_rescue,20260809,18,E1,438,7,58,8,8,1,1,81,81,1,1,1,0,0
known_n2_rescue,20260809,18,E1,439,7,59,6,6,1,1,82,82,1,1,1,0,0
known_n2_rescue,20260809,18,E1,440,7,60,11,11,1,1,87,87,1,1,1,0,0
known_n2_rescue,20260809,18,E1,441,8,1,865,865,1,1,8828,8828,1,1,1,0,0
known_n2_rescue,20260809,18,E1,442,8,2,184,184,1,1,94,94,1,1,1,0,0
known_n2_rescue,20260809,18,E1,443,8,3,95,95,1,1,128,128,1,1,1,0,0
known_n2_rescue,20260809,18,E1,444,8,4,55,55,1,1,84,84,1,1,1,0,0
known_n2_rescue,20260809,18,E1,445,8,5,34,34,1,1,99,99,1,1,1,0,0
known_n2_rescue,20260809,18,E1,446,8,6,36,36,1,1,88,88,1,1,1,0,0
known_n2_rescue,20260809,18,E1,447,8,7,35,35,1,1,89,89,1,1,1,0,0
known_n2_rescue,20260809,18,E1,448,8,8,32,32,1,1,110,110,1,1,1,0,0
known_n2_rescue,20260809,18,E1,449,8,9,54,54,1,1,105,105,1,1,1,0,0
known_n2_rescue,20260809,18,E1,450,8,10,43,43,1,1,101,101,1,1,1,0,0
known_n2_rescue,20260809,18,E1,451,8,11,43,43,1,1,101,101,1,1,1,0,0
known_n2_rescue,20260809,18,E1,452,8,12,38,38,1,1,111,111,1,1,1,0,0
known_n2_rescue,20260809,18,E1,453,8,13,40,40,1,1,84,84,1,1,1,0,0
known_n2_rescue,20260809,18,E1,454,8,14,30,30,1,1,87,87,1,1,1,0,0
known_n2_rescue,20260809,18,E1,455,8,15,17,17,1,1,92,92,1,1,1,0,0
known_n2_rescue,20260809,18,E1,456,8,16,19,19,1,1,80,80,1,1,1,0,0
known_n2_rescue,20260809,18,E1,457,8,17,11,11,1,1,91,91,1,1,1,0,0
known_n2_rescue,20260809,18,E1,458,8,18,16,16,1,1,91,91,1,1,1,0,0
known_n2_rescue,20260809,18,E1,459,8,19,18,18,1,1,83,83,1,1,1,0,0
known_n2_rescue,20260809,18,E1,460,8,20,12,12,1,1,87,87,1,1,1,0,0
known_n2_rescue,20260809,18,E1,461,8,21,11,11,1,1,85,85,1,1,1,0,0
known_n2_rescue,20260809,18,E1,462,8,22,8,8,1,1,83,83,1,1,1,0,0
known_n2_rescue,20260809,18,E1,463,8,23,9,9,1,1,84,84,1,1,1,0,0
known_n2_rescue,20260809,18,E1,464,8,24,9,9,1,1,79,79,1,1,1,0,0
known_n2_rescue,20260809,18,E1,465,8,25,10,10,1,1,95,95,1,1,1,0,0
known_n2_rescue,20260809,18,E1,466,8,26,9,9,1,1,80,80,1,1,1,0,0
known_n2_rescue,20260809,18,E1,467,8,27,13,13,1,1,87,87,1,1,1,0,0
known_n2_rescue,20260809,18,E1,468,8,28,14,14,1,1,92,92,1,1,1,0,0
known_n2_rescue,20260809,18,E1,469,8,29,10,10,1,1,83,83,1,1,1,0,0
known_n2_rescue,20260809,18,E1,470,8,30,11,11,1,1,84,84,1,1,1,0,0
known_n2_rescue,20260809,18,E1,471,8,31,10,10,1,1,82,82,1,1,1,0,0
known_n2_rescue,20260809,18,E1,472,8,32,8,8,1,1,90,90,1,1,1,0,0
known_n2_rescue,20260809,18,E1,473,8,33,11,11,1,1,93,93,1,1,1,0,0
known_n2_rescue,20260809,18,E1,474,8,34,17,17,1,1,92,92,1,1,1,0,0
known_n2_rescue,20260809,18,E1,475,8,35,7,7,1,1,85,85,1,1,1,0,0
known_n2_rescue,20260809,18,E1,476,8,36,13,13,1,1,90,90,1,1,1,0,0
known_n2_rescue,20260809,18,E1,477,8,37,19,19,1,1,103,103,1,1,1,0,0
known_n2_rescue,20260809,18,E1,478,8,38,26,26,1,1,101,101,1,1,1,0,0
known_n2_rescue,20260809,18,E1,479,8,39,39,39,1,1,102,102,1,1,1,0,0
known_n2_rescue,20260809,18,E1,480,8,40,71,71,1,1,151,151,1,1,1,0,0
known_n2_rescue,20260809,18,E1,481,8,41,192,192,1,1,324,324,1,1,1,0,0
known_n2_rescue,20260809,18,E1,482,8,42,352,352,1,1,1130,1130,1,1,1,0,0
known_n2_rescue,20260809,18,E1,483,8,43,416,416,1,1,1022,1022,1,1,1,0,0
known_n2_rescue,20260809,18,E1,484,8,44,249,249,1,1,317,317,1,1,1,0,0
known_n2_rescue,20260809,18,E1,485,8,45,199,199,1,1,198,198,1,1,1,0,0
known_n2_rescue,20260809,18,E1,486,8,46,145,145,1,1,144,144,1,1,1,0,0
known_n2_rescue,20260809,18,E1,487,8,47,86,86,1,1,96,96,1,1,1,0,0
known_n2_rescue,20260809,18,E1,488,8,48,47,47,1,1,94,94,1,1,1,0,0
known_n2_rescue,20260809,18,E1,489,8,49,28,28,1,1,81,81,1,1,1,0,0
known_n2_rescue,20260809,18,E1,490,8,50,21,21,1,1,78,78,1,1,1,0,0
known_n2_rescue,20260809,18,E1,491,8,51,20,20,1,1,100,100,1,1,1,0,0
known_n2_rescue,20260809,18,E1,492,8,52,24,24,1,1,99,99,1,1,1,0,0
known_n2_rescue,20260809,18,E1,493,8,53,21,21,1,1,80,80,1,1,1,0,0
known_n2_rescue,20260809,18,E1,494,8,54,16,16,1,1,85,85,1,1,1,0,0
known_n2_rescue,20260809,18,E1,495,8,55,27,27,1,1,97,97,1,1,1,0,0
known_n2_rescue,20260809,18,E1,496,8,56,28,28,1,1,103,103,1,1,1,0,0
known_n2_rescue,20260809,18,E1,497,8,57,23,23,1,1,89,89,1,1,1,0,0
known_n2_rescue,20260809,18,E1,498,8,58,18,18,1,1,82,82,1,1,1,0,0
known_n2_rescue,20260809,18,E1,499,8,59,16,16,1,1,80,80,1,1,1,0,0
known_n2_rescue,20260809,18,E1,500,8,60,25,25,1,1,93,93,1,1,1,0,0
known_n2_rescue,20260809,18,E1,501,9,1,893,893,1,1,5916,5916,1,1,1,0,0
known_n2_rescue,20260809,18,E1,502,9,2,125,125,1,1,64,64,1,1,1,0,0
known_n2_rescue,20260809,18,E1,503,9,3,53,53,1,1,95,95,1,1,1,0,0
known_n2_rescue,20260809,18,E1,504,9,4,38,38,1,1,81,81,1,1,1,0,0
known_n2_rescue,20260809,18,E1,505,9,5,42,42,1,1,102,102,1,1,1,0,0
known_n2_rescue,20260809,18,E1,506,9,6,38,38,1,1,86,86,1,1,1,0,0
known_n2_rescue,20260809,18,E1,507,9,7,30,30,1,1,89,89,1,1,1,0,0
known_n2_rescue,20260809,18,E1,508,9,8,23,23,1,1,90,90,1,1,1,0,0
known_n2_rescue,20260809,18,E1,509,9,9,25,25,1,1,84,84,1,1,1,0,0
known_n2_rescue,20260809,18,E1,510,9,10,22,22,1,1,87,87,1,1,1,0,0
known_n2_rescue,20260809,18,E1,511,9,11,12,12,1,1,80,80,1,1,1,0,0
known_n2_rescue,20260809,18,E1,512,9,12,14,14,1,1,79,79,1,1,1,0,0
known_n2_rescue,20260809,18,E1,513,9,13,15,15,1,1,94,94,1,1,1,0,0
known_n2_rescue,20260809,18,E1,514,9,14,21,21,1,1,83,83,1,1,1,0,0
known_n2_rescue,20260809,18,E1,515,9,15,20,20,1,1,80,80,1,1,1,0,0
known_n2_rescue,20260809,18,E1,516,9,16,16,16,1,1,81,81,1,1,1,0,0
known_n2_rescue,20260809,18,E1,517,9,17,18,18,1,1,84,84,1,1,1,0,0
known_n2_rescue,20260809,18,E1,518,9,18,17,17,1,1,84,84,1,1,1,0,0
known_n2_rescue,20260809,18,E1,519,9,19,18,18,1,1,89,89,1,1,1,0,0
known_n2_rescue,20260809,18,E1,520,9,20,16,16,1,1,75,75,1,1,1,0,0
known_n2_rescue,20260809,18,E1,521,9,21,16,16,1,1,76,76,1,1,1,0,0
known_n2_rescue,20260809,18,E1,522,9,22,11,11,1,1,82,82,1,1,1,0,0
known_n2_rescue,20260809,18,E1,523,9,23,11,11,1,1,82,82,1,1,1,0,0
known_n2_rescue,20260809,18,E1,524,9,24,13,13,1,1,86,86,1,1,1,0,0
known_n2_rescue,20260809,18,E1,525,9,25,18,18,1,1,79,79,1,1,1,0,0
known_n2_rescue,20260809,18,E1,526,9,26,22,22,1,1,82,82,1,1,1,0,0
known_n2_rescue,20260809,18,E1,527,9,27,29,29,1,1,96,96,1,1,1,0,0
known_n2_rescue,20260809,18,E1,528,9,28,28,28,1,1,85,85,1,1,1,0,0
known_n2_rescue,20260809,18,E1,529,9,29,30,30,1,1,93,93,1,1,1,0,0
known_n2_rescue,20260809,18,E1,530,9,30,34,34,1,1,92,92,1,1,1,0,0
known_n2_rescue,20260809,18,E1,531,9,31,52,52,1,1,99,99,1,1,1,0,0
known_n2_rescue,20260809,18,E1,532,9,32,91,91,1,1,140,140,1,1,1,0,0
known_n2_rescue,20260809,18,E1,533,9,33,120,120,1,1,193,193,1,1,1,0,0
known_n2_rescue,20260809,18,E1,534,9,34,192,192,1,1,258,258,1,1,1,0,0
known_n2_rescue,20260809,18,E1,535,9,35,205,205,1,1,265,265,1,1,1,0,0
known_n2_rescue,20260809,18,E1,536,9,36,108,108,1,1,97,97,1,1,1,0,0
known_n2_rescue,20260809,18,E1,537,9,37,46,46,1,1,101,101,1,1,1,0,0
known_n2_rescue,20260809,18,E1,538,9,38,28,28,1,1,96,96,1,1,1,0,0
known_n2_rescue,20260809,18,E1,539,9,39,25,25,1,1,89,89,1,1,1,0,0
known_n2_rescue,20260809,18,E1,540,9,40,19,19,1,1,79,79,1,1,1,0,0
known_n2_rescue,20260809,18,E1,541,9,41,8,8,1,1,86,86,1,1,1,0,0
known_n2_rescue,20260809,18,E1,542,9,42,13,13,1,1,80,80,1,1,1,0,0
known_n2_rescue,20260809,18,E1,543,9,43,9,9,1,1,85,85,1,1,1,0,0
known_n2_rescue,20260809,18,E1,544,9,44,11,11,1,1,82,82,1,1,1,0,0
known_n2_rescue,20260809,18,E1,545,9,45,9,9,1,1,86,86,1,1,1,0,0
known_n2_rescue,20260809,18,E1,546,9,46,9,9,1,1,81,81,1,1,1,0,0
known_n2_rescue,20260809,18,E1,547,9,47,11,11,1,1,81,81,1,1,1,0,0
known_n2_rescue,20260809,18,E1,548,9,48,10,10,1,1,85,85,1,1,1,0,0
known_n2_rescue,20260809,18,E1,549,9,49,8,8,1,1,84,84,1,1,1,0,0
known_n2_rescue,20260809,18,E1,550,9,50,10,10,1,1,82,82,1,1,1,0,0
known_n2_rescue,20260809,18,E1,551,9,51,11,11,1,1,91,91,1,1,1,0,0
known_n2_rescue,20260809,18,E1,552,9,52,5,5,1,1,89,89,1,1,1,0,0
known_n2_rescue,20260809,18,E1,553,9,53,5,5,1,1,88,88,1,1,1,0,0
known_n2_rescue,20260809,18,E1,554,9,54,9,9,1,1,82,82,1,1,1,0,0
known_n2_rescue,20260809,18,E1,555,9,55,10,10,1,1,82,82,1,1,1,0,0
known_n2_rescue,20260809,18,E1,556,9,56,3,3,1,1,82,82,1,1,1,0,0
known_n2_rescue,20260809,18,E1,557,9,57,4,4,1,1,85,85,1,1,1,0,0
known_n2_rescue,20260809,18,E1,558,9,58,4,4,1,1,84,84,1,1,1,0,0
known_n2_rescue,20260809,18,E1,559,9,59,11,11,1,1,86,86,1,1,1,0,0
known_n2_rescue,20260809,18,E1,560,9,60,26,26,1,1,97,97,1,1,1,0,0
known_n2_rescue,20260809,18,E1,561,10,1,887,887,1,1,7425,7425,1,1,1,0,0
known_n2_rescue,20260809,18,E1,562,10,2,150,150,1,1,58,58,1,1,1,0,0
known_n2_rescue,20260809,18,E1,563,10,3,130,130,1,1,180,180,1,1,1,0,0
known_n2_rescue,20260809,18,E1,564,10,4,120,120,1,1,106,106,1,1,1,0,0
known_n2_rescue,20260809,18,E1,565,10,5,88,88,1,1,105,105,1,1,1,0,0
known_n2_rescue,20260809,18,E1,566,10,6,65,65,1,1,109,109,1,1,1,0,0
known_n2_rescue,20260809,18,E1,567,10,7,59,59,1,1,112,112,1,1,1,0,0
known_n2_rescue,20260809,18,E1,568,10,8,54,54,1,1,77,77,1,1,1,0,0
known_n2_rescue,20260809,18,E1,569,10,9,39,39,1,1,120,120,1,1,1,0,0
known_n2_rescue,20260809,18,E1,570,10,10,46,46,1,1,89,89,1,1,1,0,0
known_n2_rescue,20260809,18,E1,571,10,11,41,41,1,1,102,102,1,1,1,0,0
known_n2_rescue,20260809,18,E1,572,10,12,50,50,1,1,117,117,1,1,1,0,0
known_n2_rescue,20260809,18,E1,573,10,13,62,62,1,1,104,104,1,1,1,0,0
known_n2_rescue,20260809,18,E1,574,10,14,43,43,1,1,87,87,1,1,1,0,0
known_n2_rescue,20260809,18,E1,575,10,15,43,43,1,1,106,106,1,1,1,0,0
known_n2_rescue,20260809,18,E1,576,10,16,32,32,1,1,97,97,1,1,1,0,0
known_n2_rescue,20260809,18,E1,577,10,17,41,41,1,1,82,82,1,1,1,0,0
known_n2_rescue,20260809,18,E1,578,10,18,31,31,1,1,113,113,1,1,1,0,0
known_n2_rescue,20260809,18,E1,579,10,19,24,24,1,1,92,92,1,1,1,0,0
known_n2_rescue,20260809,18,E1,580,10,20,21,21,1,1,85,85,1,1,1,0,0
known_n2_rescue,20260809,18,E1,581,10,21,8,8,1,1,82,82,1,1,1,0,0
known_n2_rescue,20260809,18,E1,582,10,22,14,14,1,1,88,88,1,1,1,0,0
known_n2_rescue,20260809,18,E1,583,10,23,5,5,1,1,87,87,1,1,1,0,0
known_n2_rescue,20260809,18,E1,584,10,24,8,8,1,1,83,83,1,1,1,0,0
known_n2_rescue,20260809,18,E1,585,10,25,10,10,1,1,87,87,1,1,1,0,0
known_n2_rescue,20260809,18,E1,586,10,26,7,7,1,1,85,85,1,1,1,0,0
known_n2_rescue,20260809,18,E1,587,10,27,6,6,1,1,88,88,1,1,1,0,0
known_n2_rescue,20260809,18,E1,588,10,28,9,9,1,1,85,85,1,1,1,0,0
known_n2_rescue,20260809,18,E1,589,10,29,6,6,1,1,91,91,1,1,1,0,0
known_n2_rescue,20260809,18,E1,590,10,30,8,8,1,1,82,82,1,1,1,0,0
known_n2_rescue,20260809,18,E1,591,10,31,8,8,1,1,86,86,1,1,1,0,0
known_n2_rescue,20260809,18,E1,592,10,32,3,3,1,1,90,90,1,1,1,0,0
known_n2_rescue,20260809,18,E1,593,10,33,5,5,1,1,82,82,1,1,1,0,0
known_n2_rescue,20260809,18,E1,594,10,34,0,0,0,0,85,85,1,1,1,1,1
