N,sample_seed,shot,winner_engine,parallel_iterations,syndrome_converged,logically_correct,syndrome_valid_logical_error,selected_weight,baseline_iterations,rescued_vs_engine0,selected_correction_differs_from_engine0,full_counterfactual_engine_iterations,post_winner_iterations_avoided_by_cancellation,post_winner_waste_fraction_without_cancellation,early_stop_compute_cycles,early_stop_nonwinner_work_fraction
1,20260809,0,0,37,1,1,0,305.55001081021453,37,0,0,37,0,0.0,37,0.0
1,20260809,1,0,51,1,1,0,301.4131020079944,51,0,0,51,0,0.0,51,0.0
1,20260809,2,0,74,1,1,0,390.05367717959547,74,0,0,74,0,0.0,74,0.0
1,20260809,3,0,56,1,1,0,355.07409456717556,56,0,0,56,0,0.0,56,0.0
1,20260809,4,0,53,1,1,0,319.88950307662157,53,0,0,53,0,0.0,53,0.0
1,20260809,5,0,114,1,1,0,291.93585015114076,114,0,0,114,0,0.0,114,0.0
1,20260809,6,0,94,1,1,0,320.7666021111063,94,0,0,94,0,0.0,94,0.0
1,20260809,7,0,56,1,1,0,357.31860687854106,56,0,0,56,0,0.0,56,0.0
1,20260809,8,0,54,1,1,0,337.51386556784337,54,0,0,54,0,0.0,54,0.0
1,20260809,9,0,358,1,1,0,337.9432387724209,358,0,0,358,0,0.0,358,0.0
1,20260809,10,0,53,1,1,0,310.5067186071732,53,0,0,53,0,0.0,53,0.0
1,20260809,11,0,197,1,1,0,369.2094609750159,197,0,0,197,0,0.0,197,0.0
1,20260809,12,0,60,1,1,0,409.8993753164099,60,0,0,60,0,0.0,60,0.0
1,20260809,13,0,237,1,1,0,431.94414164468174,237,0,0,237,0,0.0,237,0.0
1,20260809,14,0,39,1,1,0,423.85757918949764,39,0,0,39,0,0.0,39,0.0
1,20260809,15,0,180,1,1,0,364.86504913509316,180,0,0,180,0,0.0,180,0.0
1,20260809,16,0,115,1,1,0,420.8742691024928,115,0,0,115,0,0.0,115,0.0
1,20260809,17,0,58,1,1,0,294.5323698581094,58,0,0,58,0,0.0,58,0.0
1,20260809,18,0,355,1,1,0,489.5720222879788,355,0,0,355,0,0.0,355,0.0
1,20260809,19,0,41,1,1,0,375.8485716269149,41,0,0,41,0,0.0,41,0.0
1,20260809,20,0,74,1,1,0,295.8497901266065,74,0,0,74,0,0.0,74,0.0
1,20260809,21,0,26,1,1,0,271.03848372018774,26,0,0,26,0,0.0,26,0.0
1,20260809,22,0,40,1,1,0,320.50100238223763,40,0,0,40,0,0.0,40,0.0
1,20260809,23,0,124,1,1,0,393.1846833831027,124,0,0,124,0,0.0,124,0.0
1,20260809,24,0,105,1,1,0,285.0291211855315,105,0,0,105,0,0.0,105,0.0
1,20260809,25,0,130,1,1,0,246.70671112961878,130,0,0,130,0,0.0,130,0.0
1,20260809,26,0,116,1,1,0,318.2584366727333,116,0,0,116,0,0.0,116,0.0
1,20260809,27,0,95,1,1,0,270.1321048618944,95,0,0,95,0,0.0,95,0.0
1,20260809,28,0,188,1,1,0,366.1333077894509,188,0,0,188,0,0.0,188,0.0
1,20260809,29,0,112,1,1,0,337.9075387194328,112,0,0,112,0,0.0,112,0.0
1,20260809,30,0,56,1,1,0,335.8874928717877,56,0,0,56,0,0.0,56,0.0
1,20260809,31,0,22,1,1,0,275.3124962264201,22,0,0,22,0,0.0,22,0.0
1,20260809,32,0,52,1,1,0,334.1424512311711,52,0,0,52,0,0.0,52,0.0
1,20260809,33,0,228,1,1,0,363.7156943478983,228,0,0,228,0,0.0,228,0.0
1,20260809,34,0,460,1,1,0,344.7447198147221,460,0,0,460,0,0.0,460,0.0
1,20260809,35,0,64,1,1,0,412.50528973540565,64,0,0,64,0,0.0,64,0.0
1,20260809,36,0,107,1,1,0,390.10989846107816,107,0,0,107,0,0.0,107,0.0
1,20260809,37,0,1274,1,1,0,389.93858857351313,1274,0,0,1274,0,0.0,1274,0.0
1,20260809,38,0,107,1,1,0,427.36437362518814,107,0,0,107,0,0.0,107,0.0
1,20260809,39,0,75,1,1,0,336.89212124604023,75,0,0,75,0,0.0,75,0.0
1,20260809,40,0,101,1,1,0,286.1034102335374,101,0,0,101,0,0.0,101,0.0
1,20260809,41,0,40,1,1,0,239.4027688953207,40,0,0,40,0,0.0,40,0.0
1,20260809,42,0,260,1,1,0,369.75094952032305,260,0,0,260,0,0.0,260,0.0
1,20260809,43,0,50,1,1,0,402.01405949414766,50,0,0,50,0,0.0,50,0.0
1,20260809,44,0,40,1,1,0,384.61057828523064,40,0,0,40,0,0.0,40,0.0
1,20260809,45,0,100,1,1,0,275.8170898883621,100,0,0,100,0,0.0,100,0.0
1,20260809,46,0,40,1,1,0,392.36621478311866,40,0,0,40,0,0.0,40,0.0
1,20260809,47,0,107,1,1,0,316.03924477451943,107,0,0,107,0,0.0,107,0.0
1,20260809,48,0,49,1,1,0,392.6752934211929,49,0,0,49,0,0.0,49,0.0
1,20260809,49,0,51,1,1,0,326.4988095837539,51,0,0,51,0,0.0,51,0.0
1,20260809,50,0,29,1,1,0,312.3957280116331,29,0,0,29,0,0.0,29,0.0
1,20260809,51,0,46,1,1,0,270.88026360459173,46,0,0,46,0,0.0,46,0.0
1,20260809,52,0,42,1,1,0,252.36892901675873,42,0,0,42,0,0.0,42,0.0
1,20260809,53,0,129,1,1,0,362.26342210287305,129,0,0,129,0,0.0,129,0.0
1,20260809,54,0,38,1,1,0,378.1257195381372,38,0,0,38,0,0.0,38,0.0
1,20260809,55,0,120,1,1,0,430.8783504422526,120,0,0,120,0,0.0,120,0.0
1,20260809,56,0,97,1,1,0,323.26461627809977,97,0,0,97,0,0.0,97,0.0
1,20260809,57,0,75,1,1,0,316.688516628645,75,0,0,75,0,0.0,75,0.0
1,20260809,58,0,46,1,1,0,344.88527933146213,46,0,0,46,0,0.0,46,0.0
1,20260809,59,0,62,1,1,0,434.81272223819707,62,0,0,62,0,0.0,62,0.0
1,20260809,60,0,110,1,1,0,303.73505443758995,110,0,0,110,0,0.0,110,0.0
1,20260809,61,0,95,1,1,0,387.93618423462743,95,0,0,95,0,0.0,95,0.0
1,20260809,62,0,70,1,1,0,365.1642157454962,70,0,0,70,0,0.0,70,0.0
1,20260809,63,0,44,1,1,0,428.8281907903941,44,0,0,44,0,0.0,44,0.0
1,20260809,64,0,19,1,1,0,278.7770616951118,19,0,0,19,0,0.0,19,0.0
1,20260809,65,0,30,1,1,0,291.32337817013274,30,0,0,30,0,0.0,30,0.0
1,20260809,66,0,91,1,1,0,308.53379610716627,91,0,0,91,0,0.0,91,0.0
1,20260809,67,0,117,1,1,0,452.74697995625183,117,0,0,117,0,0.0,117,0.0
1,20260809,68,0,35,1,1,0,278.0653128719078,35,0,0,35,0,0.0,35,0.0
1,20260809,69,0,44,1,1,0,359.1234501595909,44,0,0,44,0,0.0,44,0.0
1,20260809,70,0,57,1,1,0,310.88219261150005,57,0,0,57,0,0.0,57,0.0
1,20260809,71,0,73,1,1,0,233.1465689666065,73,0,0,73,0,0.0,73,0.0
1,20260809,72,0,108,1,1,0,376.0425874188199,108,0,0,108,0,0.0,108,0.0
1,20260809,73,0,52,1,1,0,331.86996921267814,52,0,0,52,0,0.0,52,0.0
1,20260809,74,0,61,1,1,0,398.7787774029572,61,0,0,61,0,0.0,61,0.0
1,20260809,75,0,70,1,1,0,430.7796585502889,70,0,0,70,0,0.0,70,0.0
1,20260809,76,0,122,1,1,0,400.65456883751546,122,0,0,122,0,0.0,122,0.0
1,20260809,77,0,107,1,1,0,341.8447641574207,107,0,0,107,0,0.0,107,0.0
1,20260809,78,0,107,1,1,0,300.3975389344853,107,0,0,107,0,0.0,107,0.0
1,20260809,79,0,47,1,1,0,335.311299049251,47,0,0,47,0,0.0,47,0.0
1,20260809,80,0,134,1,1,0,387.36912720269686,134,0,0,134,0,0.0,134,0.0
1,20260809,81,0,131,1,1,0,370.2992867812028,131,0,0,131,0,0.0,131,0.0
1,20260809,82,0,121,1,1,0,333.05965671155013,121,0,0,121,0,0.0,121,0.0
1,20260809,83,0,61,1,1,0,370.4829043143718,61,0,0,61,0,0.0,61,0.0
1,20260809,84,0,189,1,1,0,455.8206781776741,189,0,0,189,0,0.0,189,0.0
1,20260809,85,0,35,1,1,0,218.80674915219106,35,0,0,35,0,0.0,35,0.0
1,20260809,86,0,77,1,1,0,352.4878697897103,77,0,0,77,0,0.0,77,0.0
1,20260809,87,0,127,1,1,0,349.9597756293947,127,0,0,127,0,0.0,127,0.0
1,20260809,88,0,71,1,1,0,377.12830770045304,71,0,0,71,0,0.0,71,0.0
1,20260809,89,0,123,1,1,0,389.90879686591927,123,0,0,123,0,0.0,123,0.0
1,20260809,90,0,116,1,1,0,319.90285662962106,116,0,0,116,0,0.0,116,0.0
1,20260809,91,0,252,1,1,0,484.66981925192107,252,0,0,252,0,0.0,252,0.0
1,20260809,92,0,41,1,1,0,317.1575995245718,41,0,0,41,0,0.0,41,0.0
1,20260809,93,0,43,1,1,0,295.6517768406006,43,0,0,43,0,0.0,43,0.0
1,20260809,94,0,119,1,1,0,355.54249732921335,119,0,0,119,0,0.0,119,0.0
1,20260809,95,0,34,1,1,0,348.0778008716408,34,0,0,34,0,0.0,34,0.0
1,20260809,96,0,93,1,1,0,318.3857792938925,93,0,0,93,0,0.0,93,0.0
1,20260809,97,0,107,1,1,0,402.9985009006441,107,0,0,107,0,0.0,107,0.0
1,20260809,98,0,56,1,1,0,343.75970392707166,56,0,0,56,0,0.0,56,0.0
1,20260809,99,0,61,1,1,0,318.1060524796931,61,0,0,61,0,0.0,61,0.0
1,20260809,100,0,44,1,1,0,413.8353972973408,44,0,0,44,0,0.0,44,0.0
1,20260809,101,0,133,1,1,0,342.85138276676423,133,0,0,133,0,0.0,133,0.0
1,20260809,102,0,98,1,1,0,236.95282842909873,98,0,0,98,0,0.0,98,0.0
1,20260809,103,0,115,1,1,0,408.87567374043533,115,0,0,115,0,0.0,115,0.0
1,20260809,104,0,46,1,1,0,279.1098242470955,46,0,0,46,0,0.0,46,0.0
1,20260809,105,0,77,1,1,0,379.49944335620603,77,0,0,77,0,0.0,77,0.0
1,20260809,106,0,37,1,1,0,297.62888873369275,37,0,0,37,0,0.0,37,0.0
1,20260809,107,0,130,1,1,0,318.29842720297626,130,0,0,130,0,0.0,130,0.0
1,20260809,108,0,291,1,1,0,387.9261870128643,291,0,0,291,0,0.0,291,0.0
1,20260809,109,0,35,1,1,0,376.2589780051825,35,0,0,35,0,0.0,35,0.0
1,20260809,110,0,177,1,1,0,471.3022782485611,177,0,0,177,0,0.0,177,0.0
1,20260809,111,0,74,1,1,0,388.37976696980843,74,0,0,74,0,0.0,74,0.0
1,20260809,112,0,26,1,1,0,329.4982912348448,26,0,0,26,0,0.0,26,0.0
1,20260809,113,0,114,1,1,0,298.5917124371066,114,0,0,114,0,0.0,114,0.0
1,20260809,114,0,187,1,1,0,407.7584457260857,187,0,0,187,0,0.0,187,0.0
1,20260809,115,0,28,1,1,0,275.2668813669328,28,0,0,28,0,0.0,28,0.0
1,20260809,116,0,59,1,1,0,332.15867053481225,59,0,0,59,0,0.0,59,0.0
1,20260809,117,0,109,1,1,0,403.88089782242633,109,0,0,109,0,0.0,109,0.0
1,20260809,118,0,80,1,1,0,348.66873767960703,80,0,0,80,0,0.0,80,0.0
1,20260809,119,0,126,1,1,0,310.19417680786364,126,0,0,126,0,0.0,126,0.0
1,20260809,120,0,122,1,1,0,289.2157580355413,122,0,0,122,0,0.0,122,0.0
1,20260809,121,0,158,1,1,0,459.6381482390126,158,0,0,158,0,0.0,158,0.0
1,20260809,122,0,34,1,1,0,333.0571256048586,34,0,0,34,0,0.0,34,0.0
1,20260809,123,0,47,1,1,0,374.37340679766857,47,0,0,47,0,0.0,47,0.0
1,20260809,124,0,533,1,1,0,353.6850834203858,533,0,0,533,0,0.0,533,0.0
1,20260809,125,0,35,1,1,0,351.5145790985248,35,0,0,35,0,0.0,35,0.0
1,20260809,126,0,95,1,1,0,371.4813751533838,95,0,0,95,0,0.0,95,0.0
1,20260809,127,0,117,1,1,0,403.9895747286845,117,0,0,117,0,0.0,117,0.0
1,20260810,0,0,67,1,1,0,480.8124033205825,67,0,0,67,0,0.0,67,0.0
1,20260810,1,0,31,1,1,0,309.04388017571375,31,0,0,31,0,0.0,31,0.0
1,20260810,2,0,74,1,1,0,324.6141466832845,74,0,0,74,0,0.0,74,0.0
1,20260810,3,0,471,1,1,0,379.04063956486533,471,0,0,471,0,0.0,471,0.0
1,20260810,4,0,298,1,1,0,394.64872802117463,298,0,0,298,0,0.0,298,0.0
1,20260810,5,0,49,1,1,0,402.39280073000907,49,0,0,49,0,0.0,49,0.0
1,20260810,6,0,23,1,1,0,317.60359603138767,23,0,0,23,0,0.0,23,0.0
1,20260810,7,0,97,1,1,0,319.3853007272544,97,0,0,97,0,0.0,97,0.0
1,20260810,8,0,182,1,1,0,439.9874129338052,182,0,0,182,0,0.0,182,0.0
1,20260810,9,0,640,1,1,0,428.4625411109955,640,0,0,640,0,0.0,640,0.0
1,20260810,10,0,42,1,1,0,389.27482274900456,42,0,0,42,0,0.0,42,0.0
1,20260810,11,0,50,1,1,0,310.6350021916819,50,0,0,50,0,0.0,50,0.0
1,20260810,12,0,34,1,1,0,307.26354900377316,34,0,0,34,0,0.0,34,0.0
1,20260810,13,0,159,1,1,0,304.26164150895255,159,0,0,159,0,0.0,159,0.0
1,20260810,14,0,63,1,1,0,300.91635632150917,63,0,0,63,0,0.0,63,0.0
1,20260810,15,0,17,1,1,0,252.22248931897155,17,0,0,17,0,0.0,17,0.0
1,20260810,16,0,47,1,1,0,283.2190543618213,47,0,0,47,0,0.0,47,0.0
1,20260810,17,0,38,1,1,0,432.5891002910465,38,0,0,38,0,0.0,38,0.0
1,20260810,18,0,72,1,1,0,306.56581176443586,72,0,0,72,0,0.0,72,0.0
1,20260810,19,0,111,1,1,0,418.05556261855475,111,0,0,111,0,0.0,111,0.0
1,20260810,20,0,113,1,1,0,331.3382098798134,113,0,0,113,0,0.0,113,0.0
1,20260810,21,0,240,1,1,0,322.64370796183806,240,0,0,240,0,0.0,240,0.0
1,20260810,22,0,77,1,1,0,259.93352705306546,77,0,0,77,0,0.0,77,0.0
1,20260810,23,0,47,1,1,0,356.6532976900697,47,0,0,47,0,0.0,47,0.0
1,20260810,24,0,66,1,1,0,329.59581165515885,66,0,0,66,0,0.0,66,0.0
1,20260810,25,0,58,1,1,0,323.69010880759095,58,0,0,58,0,0.0,58,0.0
1,20260810,26,0,183,1,1,0,522.3417483608453,183,0,0,183,0,0.0,183,0.0
1,20260810,27,0,56,1,1,0,367.95742112817027,56,0,0,56,0,0.0,56,0.0
1,20260810,28,0,45,1,1,0,387.6062702116176,45,0,0,45,0,0.0,45,0.0
1,20260810,29,0,118,1,1,0,341.50032524329924,118,0,0,118,0,0.0,118,0.0
1,20260810,30,0,102,1,1,0,266.74832951903704,102,0,0,102,0,0.0,102,0.0
1,20260810,31,0,175,1,1,0,355.0749212722885,175,0,0,175,0,0.0,175,0.0
1,20260810,32,0,31,1,1,0,342.511195653736,31,0,0,31,0,0.0,31,0.0
1,20260810,33,0,777,1,1,0,391.71981439010506,777,0,0,777,0,0.0,777,0.0
1,20260810,34,0,320,1,1,0,456.2904077873641,320,0,0,320,0,0.0,320,0.0
1,20260810,35,0,97,1,1,0,252.85602955336495,97,0,0,97,0,0.0,97,0.0
1,20260810,36,0,47,1,1,0,268.9787330744349,47,0,0,47,0,0.0,47,0.0
1,20260810,37,0,31,1,1,0,267.84315739772256,31,0,0,31,0,0.0,31,0.0
1,20260810,38,0,33,1,1,0,237.64900335488142,33,0,0,33,0,0.0,33,0.0
1,20260810,39,0,99,1,1,0,351.4785887891824,99,0,0,99,0,0.0,99,0.0
1,20260810,40,0,121,1,1,0,316.43696253708646,121,0,0,121,0,0.0,121,0.0
1,20260810,41,0,48,1,1,0,411.1589156833457,48,0,0,48,0,0.0,48,0.0
1,20260810,42,0,118,1,1,0,354.2218272399564,118,0,0,118,0,0.0,118,0.0
1,20260810,43,0,58,1,1,0,260.6769847589577,58,0,0,58,0,0.0,58,0.0
1,20260810,44,0,19,1,1,0,275.70253975706356,19,0,0,19,0,0.0,19,0.0
1,20260810,45,0,414,1,1,0,385.0908991354564,414,0,0,414,0,0.0,414,0.0
1,20260810,46,0,29,1,1,0,361.7899303075512,29,0,0,29,0,0.0,29,0.0
1,20260810,47,0,32,1,1,0,339.42244533667645,32,0,0,32,0,0.0,32,0.0
1,20260810,48,0,353,1,1,0,430.2256441256991,353,0,0,353,0,0.0,353,0.0
1,20260810,49,0,130,1,1,0,492.6104761806371,130,0,0,130,0,0.0,130,0.0
1,20260810,50,0,50,1,1,0,391.48906460255336,50,0,0,50,0,0.0,50,0.0
1,20260810,51,0,80,1,1,0,307.78982886571316,80,0,0,80,0,0.0,80,0.0
1,20260810,52,0,29,1,1,0,287.9972191539217,29,0,0,29,0,0.0,29,0.0
1,20260810,53,0,100,1,1,0,246.87764107364848,100,0,0,100,0,0.0,100,0.0
1,20260810,54,0,55,1,1,0,377.9662967764704,55,0,0,55,0,0.0,55,0.0
1,20260810,55,0,165,1,1,0,362.89146250713554,165,0,0,165,0,0.0,165,0.0
1,20260810,56,0,45,1,1,0,350.421304581026,45,0,0,45,0,0.0,45,0.0
1,20260810,57,0,55,1,1,0,297.04059847088024,55,0,0,55,0,0.0,55,0.0
1,20260810,58,0,111,1,1,0,360.12426462811004,111,0,0,111,0,0.0,111,0.0
1,20260810,59,0,41,1,1,0,335.111053047567,41,0,0,41,0,0.0,41,0.0
1,20260810,60,0,604,1,1,0,379.65669890571223,604,0,0,604,0,0.0,604,0.0
1,20260810,61,0,109,1,1,0,405.1737118187938,109,0,0,109,0,0.0,109,0.0
1,20260810,62,0,220,1,1,0,400.0263347993905,220,0,0,220,0,0.0,220,0.0
1,20260810,63,0,169,1,1,0,311.69042654982746,169,0,0,169,0,0.0,169,0.0
1,20260810,64,0,110,1,1,0,392.4208936006505,110,0,0,110,0,0.0,110,0.0
1,20260810,65,0,107,1,1,0,388.103119730009,107,0,0,107,0,0.0,107,0.0
1,20260810,66,0,139,1,1,0,334.17179558389614,139,0,0,139,0,0.0,139,0.0
1,20260810,67,0,75,1,1,0,395.88446168207497,75,0,0,75,0,0.0,75,0.0
1,20260810,68,0,466,1,1,0,390.25002647940613,466,0,0,466,0,0.0,466,0.0
1,20260810,69,0,50,1,1,0,366.1870909689427,50,0,0,50,0,0.0,50,0.0
1,20260810,70,0,173,1,1,0,460.2031353966652,173,0,0,173,0,0.0,173,0.0
1,20260810,71,0,25,1,1,0,320.41158200524353,25,0,0,25,0,0.0,25,0.0
1,20260810,72,0,39,1,1,0,291.5410590126605,39,0,0,39,0,0.0,39,0.0
1,20260810,73,0,122,1,1,0,380.27180706655304,122,0,0,122,0,0.0,122,0.0
1,20260810,74,0,200,1,1,0,398.05266333794805,200,0,0,200,0,0.0,200,0.0
1,20260810,75,0,77,1,1,0,321.88166485712554,77,0,0,77,0,0.0,77,0.0
1,20260810,76,0,97,1,1,0,407.6577917456541,97,0,0,97,0,0.0,97,0.0
1,20260810,77,0,229,1,1,0,461.76306260532436,229,0,0,229,0,0.0,229,0.0
1,20260810,78,0,166,1,1,0,387.1900646347309,166,0,0,166,0,0.0,166,0.0
1,20260810,79,0,200,1,1,0,476.1710355532612,200,0,0,200,0,0.0,200,0.0
1,20260810,80,0,602,1,1,0,493.91254052956634,602,0,0,602,0,0.0,602,0.0
1,20260810,81,0,78,1,1,0,365.8579190843311,78,0,0,78,0,0.0,78,0.0
1,20260810,82,0,66,1,1,0,410.9983349571086,66,0,0,66,0,0.0,66,0.0
1,20260810,83,0,45,1,1,0,325.4916677856065,45,0,0,45,0,0.0,45,0.0
1,20260810,84,0,120,1,1,0,371.53445708605244,120,0,0,120,0,0.0,120,0.0
1,20260810,85,0,55,1,1,0,321.91490795623884,55,0,0,55,0,0.0,55,0.0
1,20260810,86,0,170,1,1,0,384.69192659437846,170,0,0,170,0,0.0,170,0.0
1,20260810,87,0,253,1,1,0,424.27887815254394,253,0,0,253,0,0.0,253,0.0
1,20260810,88,0,25,1,1,0,292.5168076348516,25,0,0,25,0,0.0,25,0.0
1,20260810,89,0,72,1,1,0,335.376315386423,72,0,0,72,0,0.0,72,0.0
1,20260810,90,0,51,1,1,0,365.6412040529278,51,0,0,51,0,0.0,51,0.0
1,20260810,91,0,585,1,1,0,384.4904026518045,585,0,0,585,0,0.0,585,0.0
1,20260810,92,0,239,1,1,0,383.16807926102126,239,0,0,239,0,0.0,239,0.0
1,20260810,93,0,65,1,1,0,334.54466206311764,65,0,0,65,0,0.0,65,0.0
1,20260810,94,0,1485,1,1,0,404.54458404156964,1485,0,0,1485,0,0.0,1485,0.0
1,20260810,95,0,74,1,1,0,297.01867454418186,74,0,0,74,0,0.0,74,0.0
1,20260810,96,0,120,1,1,0,332.09201843780147,120,0,0,120,0,0.0,120,0.0
1,20260810,97,0,28,1,1,0,331.78832370915063,28,0,0,28,0,0.0,28,0.0
1,20260810,98,0,47,1,1,0,439.9760403243074,47,0,0,47,0,0.0,47,0.0
1,20260810,99,0,54,1,1,0,369.35273147958776,54,0,0,54,0,0.0,54,0.0
1,20260810,100,0,56,1,1,0,336.4107142821904,56,0,0,56,0,0.0,56,0.0
1,20260810,101,0,51,1,1,0,415.9579118687496,51,0,0,51,0,0.0,51,0.0
1,20260810,102,0,182,1,1,0,335.35138375826995,182,0,0,182,0,0.0,182,0.0
1,20260810,103,0,116,1,1,0,398.9124813124219,116,0,0,116,0,0.0,116,0.0
1,20260810,104,0,59,1,1,0,321.1366556994212,59,0,0,59,0,0.0,59,0.0
1,20260810,105,0,72,1,1,0,317.45402775728394,72,0,0,72,0,0.0,72,0.0
1,20260810,106,0,288,1,1,0,277.2865629274522,288,0,0,288,0,0.0,288,0.0
1,20260810,107,0,64,1,1,0,391.32215003937597,64,0,0,64,0,0.0,64,0.0
1,20260810,108,0,51,1,1,0,310.15487482723034,51,0,0,51,0,0.0,51,0.0
1,20260810,109,0,111,1,1,0,327.08339662608125,111,0,0,111,0,0.0,111,0.0
1,20260810,110,0,190,1,1,0,439.073684942607,190,0,0,190,0,0.0,190,0.0
1,20260810,111,0,529,1,1,0,387.72886052606475,529,0,0,529,0,0.0,529,0.0
1,20260810,112,0,71,1,1,0,357.04218189447477,71,0,0,71,0,0.0,71,0.0
1,20260810,113,0,30,1,1,0,278.56803548084486,30,0,0,30,0,0.0,30,0.0
1,20260810,114,0,21,1,1,0,280.1410712738771,21,0,0,21,0,0.0,21,0.0
1,20260810,115,0,74,1,1,0,415.98568841664854,74,0,0,74,0,0.0,74,0.0
1,20260810,116,0,26,1,1,0,306.9698903663811,26,0,0,26,0,0.0,26,0.0
1,20260810,117,0,103,1,1,0,333.04711939118476,103,0,0,103,0,0.0,103,0.0
1,20260810,118,0,230,1,1,0,442.4908530501509,230,0,0,230,0,0.0,230,0.0
1,20260810,119,0,58,1,1,0,323.2817376809637,58,0,0,58,0,0.0,58,0.0
1,20260810,120,0,436,1,1,0,446.86574151178075,436,0,0,436,0,0.0,436,0.0
1,20260810,121,0,100,1,1,0,329.87798590520765,100,0,0,100,0,0.0,100,0.0
1,20260810,122,0,30,1,1,0,265.1295361278866,30,0,0,30,0,0.0,30,0.0
1,20260810,123,0,53,1,1,0,265.9838075018389,53,0,0,53,0,0.0,53,0.0
1,20260810,124,0,41,1,1,0,380.2973655884095,41,0,0,41,0,0.0,41,0.0
1,20260810,125,0,43,1,1,0,302.04750776657295,43,0,0,43,0,0.0,43,0.0
1,20260810,126,0,128,1,1,0,438.1415909852068,128,0,0,128,0,0.0,128,0.0
1,20260810,127,0,26,1,1,0,362.5627157712985,26,0,0,26,0,0.0,26,0.0
1,20260811,0,0,38,1,1,0,262.72411758213116,38,0,0,38,0,0.0,38,0.0
1,20260811,1,0,1182,1,1,0,382.13052073966344,1182,0,0,1182,0,0.0,1182,0.0
1,20260811,2,0,51,1,1,0,301.131114823069,51,0,0,51,0,0.0,51,0.0
1,20260811,3,0,45,1,1,0,346.12024981797845,45,0,0,45,0,0.0,45,0.0
1,20260811,4,0,195,1,1,0,282.26192151324915,195,0,0,195,0,0.0,195,0.0
1,20260811,5,0,112,1,1,0,328.25603983697135,112,0,0,112,0,0.0,112,0.0
1,20260811,6,0,21,1,1,0,270.52824890805505,21,0,0,21,0,0.0,21,0.0
1,20260811,7,0,78,1,1,0,373.69719295653067,78,0,0,78,0,0.0,78,0.0
1,20260811,8,0,164,1,1,0,280.13387339751944,164,0,0,164,0,0.0,164,0.0
1,20260811,9,0,74,1,1,0,281.26795917260876,74,0,0,74,0,0.0,74,0.0
1,20260811,10,0,32,1,1,0,278.2676039972531,32,0,0,32,0,0.0,32,0.0
1,20260811,11,0,73,1,1,0,334.53197140417876,73,0,0,73,0,0.0,73,0.0
1,20260811,12,0,168,1,1,0,267.63739073352855,168,0,0,168,0,0.0,168,0.0
1,20260811,13,0,186,1,1,0,424.4470354522276,186,0,0,186,0,0.0,186,0.0
1,20260811,14,0,36,1,1,0,309.29812843956813,36,0,0,36,0,0.0,36,0.0
1,20260811,15,0,100,1,1,0,356.8067888010495,100,0,0,100,0,0.0,100,0.0
1,20260811,16,0,109,1,1,0,381.45591896909934,109,0,0,109,0,0.0,109,0.0
1,20260811,17,0,66,1,1,0,310.8063991347773,66,0,0,66,0,0.0,66,0.0
1,20260811,18,0,135,1,1,0,325.4470063981712,135,0,0,135,0,0.0,135,0.0
1,20260811,19,0,23,1,1,0,316.6001322510972,23,0,0,23,0,0.0,23,0.0
1,20260811,20,0,165,1,1,0,363.45653704960455,165,0,0,165,0,0.0,165,0.0
1,20260811,21,0,224,1,1,0,392.44608314794294,224,0,0,224,0,0.0,224,0.0
1,20260811,22,0,64,1,1,0,335.4195204053038,64,0,0,64,0,0.0,64,0.0
1,20260811,23,0,125,1,1,0,404.2563965331852,125,0,0,125,0,0.0,125,0.0
1,20260811,24,0,73,1,1,0,291.222054809026,73,0,0,73,0,0.0,73,0.0
1,20260811,25,0,107,1,1,0,344.3882184284754,107,0,0,107,0,0.0,107,0.0
1,20260811,26,0,1013,1,1,0,266.9800728583769,1013,0,0,1013,0,0.0,1013,0.0
1,20260811,27,0,111,1,1,0,326.9479451712326,111,0,0,111,0,0.0,111,0.0
1,20260811,28,0,101,1,1,0,334.3829562794581,101,0,0,101,0,0.0,101,0.0
1,20260811,29,0,34,1,1,0,226.6341805350745,34,0,0,34,0,0.0,34,0.0
1,20260811,30,0,31,1,1,0,332.15061678648215,31,0,0,31,0,0.0,31,0.0
1,20260811,31,0,57,1,1,0,394.7011525225419,57,0,0,57,0,0.0,57,0.0
1,20260811,32,0,23,1,1,0,215.4102062512727,23,0,0,23,0,0.0,23,0.0
1,20260811,33,0,39,1,1,0,336.1170316676389,39,0,0,39,0,0.0,39,0.0
1,20260811,34,0,67,1,1,0,329.3867908013183,67,0,0,67,0,0.0,67,0.0
1,20260811,35,0,30,1,1,0,288.0016818063665,30,0,0,30,0,0.0,30,0.0
1,20260811,36,0,56,1,1,0,308.31499240277907,56,0,0,56,0,0.0,56,0.0
1,20260811,37,0,60,1,1,0,399.8634866343296,60,0,0,60,0,0.0,60,0.0
1,20260811,38,0,112,1,1,0,305.31626300186343,112,0,0,112,0,0.0,112,0.0
1,20260811,39,0,132,1,1,0,396.5256983209857,132,0,0,132,0,0.0,132,0.0
1,20260811,40,0,47,1,1,0,362.53686602792294,47,0,0,47,0,0.0,47,0.0
1,20260811,41,0,122,1,1,0,391.22621835281836,122,0,0,122,0,0.0,122,0.0
1,20260811,42,0,36,1,1,0,387.9954543801733,36,0,0,36,0,0.0,36,0.0
1,20260811,43,0,177,1,1,0,337.6085161816063,177,0,0,177,0,0.0,177,0.0
1,20260811,44,0,38,1,1,0,327.6861491539229,38,0,0,38,0,0.0,38,0.0
1,20260811,45,0,110,1,1,0,358.26739343797703,110,0,0,110,0,0.0,110,0.0
1,20260811,46,0,100,1,1,0,301.61205853105434,100,0,0,100,0,0.0,100,0.0
1,20260811,47,0,25,1,1,0,247.78860179454477,25,0,0,25,0,0.0,25,0.0
1,20260811,48,0,112,1,1,0,347.7112089617388,112,0,0,112,0,0.0,112,0.0
1,20260811,49,0,185,1,1,0,466.24430633038685,185,0,0,185,0,0.0,185,0.0
1,20260811,50,0,37,1,1,0,387.9443357714109,37,0,0,37,0,0.0,37,0.0
1,20260811,51,0,662,1,1,0,469.06076152501385,662,0,0,662,0,0.0,662,0.0
1,20260811,52,0,52,1,1,0,382.80360607743546,52,0,0,52,0,0.0,52,0.0
1,20260811,53,0,36,1,1,0,303.91476913247425,36,0,0,36,0,0.0,36,0.0
1,20260811,54,0,108,1,1,0,287.562299385035,108,0,0,108,0,0.0,108,0.0
1,20260811,55,0,60,1,1,0,287.7967043305675,60,0,0,60,0,0.0,60,0.0
1,20260811,56,0,43,1,1,0,423.0388808782376,43,0,0,43,0,0.0,43,0.0
1,20260811,57,0,38,1,1,0,353.02400256085264,38,0,0,38,0,0.0,38,0.0
1,20260811,58,0,41,1,1,0,323.6594997170548,41,0,0,41,0,0.0,41,0.0
1,20260811,59,0,80,1,1,0,378.5582317248951,80,0,0,80,0,0.0,80,0.0
1,20260811,60,0,52,1,1,0,344.44423786503944,52,0,0,52,0,0.0,52,0.0
1,20260811,61,0,42,1,1,0,285.8554624869321,42,0,0,42,0,0.0,42,0.0
1,20260811,62,0,63,1,1,0,357.04138853092513,63,0,0,63,0,0.0,63,0.0
1,20260811,63,0,351,1,1,0,454.7126534911856,351,0,0,351,0,0.0,351,0.0
1,20260811,64,0,41,1,1,0,303.6858328432943,41,0,0,41,0,0.0,41,0.0
1,20260811,65,0,66,1,1,0,422.47965912491935,66,0,0,66,0,0.0,66,0.0
1,20260811,66,0,56,1,1,0,331.3369314313147,56,0,0,56,0,0.0,56,0.0
1,20260811,67,0,74,1,1,0,342.2232546798244,74,0,0,74,0,0.0,74,0.0
1,20260811,68,0,99,1,1,0,343.7111782192994,99,0,0,99,0,0.0,99,0.0
1,20260811,69,0,65,1,1,0,391.72253545393215,65,0,0,65,0,0.0,65,0.0
1,20260811,70,0,166,1,1,0,380.71951560007983,166,0,0,166,0,0.0,166,0.0
1,20260811,71,0,25,1,1,0,310.01490580566326,25,0,0,25,0,0.0,25,0.0
1,20260811,72,0,41,1,1,0,352.84321601808324,41,0,0,41,0,0.0,41,0.0
1,20260811,73,0,25,1,1,0,310.44466236312,25,0,0,25,0,0.0,25,0.0
1,20260811,74,0,120,1,1,0,363.2658452784738,120,0,0,120,0,0.0,120,0.0
1,20260811,75,0,52,1,1,0,342.8312505552352,52,0,0,52,0,0.0,52,0.0
1,20260811,76,0,34,1,1,0,297.42338731005077,34,0,0,34,0,0.0,34,0.0
1,20260811,77,0,24,1,1,0,229.30055294741283,24,0,0,24,0,0.0,24,0.0
1,20260811,78,0,47,1,1,0,344.03162911500544,47,0,0,47,0,0.0,47,0.0
1,20260811,79,0,120,1,1,0,310.3692356642646,120,0,0,120,0,0.0,120,0.0
1,20260811,80,0,60,1,1,0,334.5720061584315,60,0,0,60,0,0.0,60,0.0
1,20260811,81,0,49,1,1,0,325.8422271087139,49,0,0,49,0,0.0,49,0.0
1,20260811,82,0,98,1,1,0,365.2403982125019,98,0,0,98,0,0.0,98,0.0
1,20260811,83,0,44,1,1,0,315.3372443972505,44,0,0,44,0,0.0,44,0.0
1,20260811,84,0,218,1,1,0,375.1351725573759,218,0,0,218,0,0.0,218,0.0
1,20260811,85,0,37,1,1,0,354.48362219517344,37,0,0,37,0,0.0,37,0.0
1,20260811,86,0,63,1,1,0,407.9533747461918,63,0,0,63,0,0.0,63,0.0
1,20260811,87,0,97,1,1,0,357.671357131497,97,0,0,97,0,0.0,97,0.0
1,20260811,88,0,109,1,1,0,354.1444872600301,109,0,0,109,0,0.0,109,0.0
1,20260811,89,0,191,1,1,0,428.41220851087405,191,0,0,191,0,0.0,191,0.0
1,20260811,90,0,25,1,1,0,246.74639515316642,25,0,0,25,0,0.0,25,0.0
1,20260811,91,0,29,1,1,0,313.27848194620765,29,0,0,29,0,0.0,29,0.0
1,20260811,92,0,22,1,1,0,323.01129861190566,22,0,0,22,0,0.0,22,0.0
1,20260811,93,0,100,1,1,0,377.187660284707,100,0,0,100,0,0.0,100,0.0
1,20260811,94,0,45,1,1,0,383.1934849721052,45,0,0,45,0,0.0,45,0.0
1,20260811,95,0,78,1,1,0,359.5995543930811,78,0,0,78,0,0.0,78,0.0
1,20260811,96,0,173,1,1,0,371.5312499012854,173,0,0,173,0,0.0,173,0.0
1,20260811,97,0,64,1,1,0,317.60038182777305,64,0,0,64,0,0.0,64,0.0
1,20260811,98,0,101,1,1,0,376.4221696160479,101,0,0,101,0,0.0,101,0.0
1,20260811,99,0,73,1,1,0,401.81585677116743,73,0,0,73,0,0.0,73,0.0
1,20260811,100,0,96,1,1,0,323.992084909886,96,0,0,96,0,0.0,96,0.0
1,20260811,101,0,111,1,1,0,299.7207756912009,111,0,0,111,0,0.0,111,0.0
1,20260811,102,0,56,1,1,0,335.6146327669585,56,0,0,56,0,0.0,56,0.0
1,20260811,103,0,348,1,1,0,451.3645874887944,348,0,0,348,0,0.0,348,0.0
1,20260811,104,0,37,1,1,0,273.02990079647054,37,0,0,37,0,0.0,37,0.0
1,20260811,105,0,40,1,1,0,364.3577439188772,40,0,0,40,0,0.0,40,0.0
1,20260811,106,0,100,1,1,0,294.70985978107103,100,0,0,100,0,0.0,100,0.0
1,20260811,107,0,23,1,1,0,213.4956104759808,23,0,0,23,0,0.0,23,0.0
1,20260811,108,0,38,1,1,0,289.8043487661604,38,0,0,38,0,0.0,38,0.0
1,20260811,109,0,64,1,1,0,352.74029533656517,64,0,0,64,0,0.0,64,0.0
1,20260811,110,0,109,1,1,0,315.28031100876757,109,0,0,109,0,0.0,109,0.0
1,20260811,111,0,66,1,1,0,381.6416946185137,66,0,0,66,0,0.0,66,0.0
1,20260811,112,0,49,1,1,0,335.79839561541064,49,0,0,49,0,0.0,49,0.0
1,20260811,113,0,103,1,1,0,349.6148252781311,103,0,0,103,0,0.0,103,0.0
1,20260811,114,0,45,1,1,0,261.2837441177988,45,0,0,45,0,0.0,45,0.0
1,20260811,115,0,244,1,1,0,425.89599639013534,244,0,0,244,0,0.0,244,0.0
1,20260811,116,0,66,1,1,0,397.90112693060064,66,0,0,66,0,0.0,66,0.0
1,20260811,117,0,39,1,1,0,318.96539604475856,39,0,0,39,0,0.0,39,0.0
1,20260811,118,0,32,1,1,0,319.93059920173704,32,0,0,32,0,0.0,32,0.0
1,20260811,119,0,197,1,1,0,337.3011482663497,197,0,0,197,0,0.0,197,0.0
1,20260811,120,0,67,1,1,0,334.9679760400351,67,0,0,67,0,0.0,67,0.0
1,20260811,121,0,113,1,1,0,335.548109068369,113,0,0,113,0,0.0,113,0.0
1,20260811,122,0,26,1,1,0,315.1942089411042,26,0,0,26,0,0.0,26,0.0
1,20260811,123,0,106,1,1,0,282.03669938606834,106,0,0,106,0,0.0,106,0.0
1,20260811,124,0,76,1,1,0,270.6337442728104,76,0,0,76,0,0.0,76,0.0
1,20260811,125,0,140,1,1,0,411.8262227131038,140,0,0,140,0,0.0,140,0.0
1,20260811,126,0,26,1,1,0,277.7583645471585,26,0,0,26,0,0.0,26,0.0
1,20260811,127,0,40,1,1,0,338.4100019830878,40,0,0,40,0,0.0,40,0.0
1,20260812,0,0,63,1,1,0,462.3679500667775,63,0,0,63,0,0.0,63,0.0
1,20260812,1,0,56,1,1,0,300.0744781913189,56,0,0,56,0,0.0,56,0.0
1,20260812,2,0,125,1,1,0,235.40001474833423,125,0,0,125,0,0.0,125,0.0
1,20260812,3,0,109,1,1,0,312.97829002557546,109,0,0,109,0,0.0,109,0.0
1,20260812,4,0,64,1,1,0,269.7750159285819,64,0,0,64,0,0.0,64,0.0
1,20260812,5,0,27,1,1,0,281.5412901945348,27,0,0,27,0,0.0,27,0.0
1,20260812,6,0,112,1,1,0,313.05606142980827,112,0,0,112,0,0.0,112,0.0
1,20260812,7,0,102,1,1,0,382.013437766279,102,0,0,102,0,0.0,102,0.0
1,20260812,8,0,79,1,1,0,265.802528683075,79,0,0,79,0,0.0,79,0.0
1,20260812,9,0,58,1,1,0,297.4822755189275,58,0,0,58,0,0.0,58,0.0
1,20260812,10,0,36,1,1,0,432.9327645503496,36,0,0,36,0,0.0,36,0.0
1,20260812,11,0,48,1,1,0,308.69037060448784,48,0,0,48,0,0.0,48,0.0
1,20260812,12,0,107,1,1,0,379.74530446534555,107,0,0,107,0,0.0,107,0.0
1,20260812,13,0,107,1,1,0,297.53725734532094,107,0,0,107,0,0.0,107,0.0
1,20260812,14,0,161,1,1,0,388.2127106636737,161,0,0,161,0,0.0,161,0.0
1,20260812,15,0,114,1,1,0,455.3698201638782,114,0,0,114,0,0.0,114,0.0
1,20260812,16,0,71,1,1,0,406.79039514854117,71,0,0,71,0,0.0,71,0.0
1,20260812,17,0,55,1,1,0,417.9508542796515,55,0,0,55,0,0.0,55,0.0
1,20260812,18,0,59,1,1,0,351.56754653064695,59,0,0,59,0,0.0,59,0.0
1,20260812,19,0,106,1,1,0,251.88183938819606,106,0,0,106,0,0.0,106,0.0
1,20260812,20,0,168,1,1,0,347.45198173032776,168,0,0,168,0,0.0,168,0.0
1,20260812,21,0,48,1,1,0,294.2752260965956,48,0,0,48,0,0.0,48,0.0
1,20260812,22,0,116,1,1,0,364.1172636024878,116,0,0,116,0,0.0,116,0.0
1,20260812,23,0,34,1,1,0,343.78606172919956,34,0,0,34,0,0.0,34,0.0
1,20260812,24,0,227,1,1,0,385.18910221410727,227,0,0,227,0,0.0,227,0.0
1,20260812,25,0,114,1,1,0,394.0336629424685,114,0,0,114,0,0.0,114,0.0
1,20260812,26,0,78,1,1,0,350.9003271714365,78,0,0,78,0,0.0,78,0.0
1,20260812,27,0,64,1,1,0,353.37081316820087,64,0,0,64,0,0.0,64,0.0
1,20260812,28,0,48,1,1,0,318.86113231343415,48,0,0,48,0,0.0,48,0.0
1,20260812,29,0,110,1,1,0,255.01635343108396,110,0,0,110,0,0.0,110,0.0
1,20260812,30,0,79,1,1,0,341.5264165324227,79,0,0,79,0,0.0,79,0.0
1,20260812,31,0,476,1,1,0,411.3903392402982,476,0,0,476,0,0.0,476,0.0
1,20260812,32,0,41,1,1,0,268.698978019299,41,0,0,41,0,0.0,41,0.0
1,20260812,33,0,105,1,1,0,256.2843398230507,105,0,0,105,0,0.0,105,0.0
1,20260812,34,0,57,1,1,0,297.11098381222905,57,0,0,57,0,0.0,57,0.0
1,20260812,35,0,76,1,1,0,284.4819591563455,76,0,0,76,0,0.0,76,0.0
1,20260812,36,0,48,1,1,0,319.1264419279268,48,0,0,48,0,0.0,48,0.0
1,20260812,37,0,39,1,1,0,364.93185519048984,39,0,0,39,0,0.0,39,0.0
1,20260812,38,0,128,1,1,0,318.7500177468597,128,0,0,128,0,0.0,128,0.0
1,20260812,39,0,62,1,1,0,375.9832175134618,62,0,0,62,0,0.0,62,0.0
1,20260812,40,0,69,1,1,0,290.29948752197254,69,0,0,69,0,0.0,69,0.0
1,20260812,41,0,51,1,1,0,309.5930517749787,51,0,0,51,0,0.0,51,0.0
1,20260812,42,0,56,1,1,0,279.4935281083118,56,0,0,56,0,0.0,56,0.0
1,20260812,43,0,72,1,1,0,357.095452852264,72,0,0,72,0,0.0,72,0.0
1,20260812,44,0,34,1,1,0,368.58666759845187,34,0,0,34,0,0.0,34,0.0
1,20260812,45,0,115,1,1,0,437.6456200569521,115,0,0,115,0,0.0,115,0.0
1,20260812,46,0,195,1,1,0,456.0208541710315,195,0,0,195,0,0.0,195,0.0
1,20260812,47,0,107,1,1,0,399.99532792049433,107,0,0,107,0,0.0,107,0.0
1,20260812,48,0,42,1,1,0,274.30053556507403,42,0,0,42,0,0.0,42,0.0
1,20260812,49,0,106,1,1,0,351.8241288045124,106,0,0,106,0,0.0,106,0.0
1,20260812,50,0,26,1,1,0,307.57824953759626,26,0,0,26,0,0.0,26,0.0
1,20260812,51,0,45,1,1,0,337.1139218144792,45,0,0,45,0,0.0,45,0.0
1,20260812,52,0,105,1,1,0,322.32535202927943,105,0,0,105,0,0.0,105,0.0
1,20260812,53,0,56,1,1,0,366.81519431114884,56,0,0,56,0,0.0,56,0.0
1,20260812,54,0,55,1,1,0,321.891297417877,55,0,0,55,0,0.0,55,0.0
1,20260812,55,0,163,1,1,0,366.44844633081317,163,0,0,163,0,0.0,163,0.0
1,20260812,56,0,241,1,1,0,356.2343148184245,241,0,0,241,0,0.0,241,0.0
1,20260812,57,0,113,1,1,0,371.5688139762315,113,0,0,113,0,0.0,113,0.0
1,20260812,58,0,20,1,1,0,302.2272797430102,20,0,0,20,0,0.0,20,0.0
1,20260812,59,0,123,1,1,0,406.6941136474903,123,0,0,123,0,0.0,123,0.0
1,20260812,60,0,113,1,1,0,292.041476745789,113,0,0,113,0,0.0,113,0.0
1,20260812,61,0,73,1,1,0,298.8275740128853,73,0,0,73,0,0.0,73,0.0
1,20260812,62,0,31,1,1,0,388.53257078519096,31,0,0,31,0,0.0,31,0.0
1,20260812,63,0,111,1,1,0,350.81579895561583,111,0,0,111,0,0.0,111,0.0
1,20260812,64,0,70,1,1,0,402.66668348315534,70,0,0,70,0,0.0,70,0.0
1,20260812,65,0,48,1,1,0,343.36499118804716,48,0,0,48,0,0.0,48,0.0
1,20260812,66,0,78,1,1,0,395.093039689017,78,0,0,78,0,0.0,78,0.0
1,20260812,67,0,119,1,1,0,405.420678510283,119,0,0,119,0,0.0,119,0.0
1,20260812,68,0,100,1,1,0,292.0686216970499,100,0,0,100,0,0.0,100,0.0
1,20260812,69,0,50,1,1,0,383.52802642672305,50,0,0,50,0,0.0,50,0.0
1,20260812,70,0,320,1,1,0,372.4650034181966,320,0,0,320,0,0.0,320,0.0
1,20260812,71,0,64,1,1,0,397.84701286121003,64,0,0,64,0,0.0,64,0.0
1,20260812,72,0,42,1,1,0,389.21092265829094,42,0,0,42,0,0.0,42,0.0
1,20260812,73,0,55,1,1,0,350.6306918941581,55,0,0,55,0,0.0,55,0.0
1,20260812,74,0,38,1,1,0,253.0343551656244,38,0,0,38,0,0.0,38,0.0
1,20260812,75,0,109,1,1,0,382.38007318064217,109,0,0,109,0,0.0,109,0.0
1,20260812,76,0,31,1,1,0,370.065257618161,31,0,0,31,0,0.0,31,0.0
1,20260812,77,0,103,1,1,0,371.6063656574625,103,0,0,103,0,0.0,103,0.0
1,20260812,78,0,182,1,1,0,448.5880752121865,182,0,0,182,0,0.0,182,0.0
1,20260812,79,0,57,1,1,0,307.86660286048357,57,0,0,57,0,0.0,57,0.0
1,20260812,80,0,47,1,1,0,317.0576598174848,47,0,0,47,0,0.0,47,0.0
1,20260812,81,0,214,1,1,0,316.68532785736824,214,0,0,214,0,0.0,214,0.0
1,20260812,82,0,28,1,1,0,334.4343469083832,28,0,0,28,0,0.0,28,0.0
1,20260812,83,0,74,1,1,0,411.64906368028755,74,0,0,74,0,0.0,74,0.0
1,20260812,84,0,15,1,1,0,322.98186855154944,15,0,0,15,0,0.0,15,0.0
1,20260812,85,0,40,1,1,0,351.16358490633706,40,0,0,40,0,0.0,40,0.0
1,20260812,86,0,107,1,1,0,364.6482700869433,107,0,0,107,0,0.0,107,0.0
1,20260812,87,0,27,1,1,0,326.39629070078377,27,0,0,27,0,0.0,27,0.0
1,20260812,88,0,122,1,1,0,381.3352845892637,122,0,0,122,0,0.0,122,0.0
1,20260812,89,0,104,1,1,0,248.58209133850798,104,0,0,104,0,0.0,104,0.0
1,20260812,90,0,52,1,1,0,263.76156424198945,52,0,0,52,0,0.0,52,0.0
1,20260812,91,0,116,1,1,0,346.8236441907134,116,0,0,116,0,0.0,116,0.0
1,20260812,92,0,190,1,1,0,457.4362526758712,190,0,0,190,0,0.0,190,0.0
1,20260812,93,0,163,1,1,0,352.1776289448086,163,0,0,163,0,0.0,163,0.0
1,20260812,94,0,78,1,1,0,316.4697051494902,78,0,0,78,0,0.0,78,0.0
1,20260812,95,0,45,1,1,0,292.30394970583535,45,0,0,45,0,0.0,45,0.0
1,20260812,96,0,230,1,1,0,373.37562679152944,230,0,0,230,0,0.0,230,0.0
1,20260812,97,0,125,1,1,0,334.8785827449873,125,0,0,125,0,0.0,125,0.0
1,20260812,98,0,39,1,1,0,377.5641594654777,39,0,0,39,0,0.0,39,0.0
1,20260812,99,0,30,1,1,0,338.6416844353823,30,0,0,30,0,0.0,30,0.0
1,20260812,100,0,74,1,1,0,376.69174171649775,74,0,0,74,0,0.0,74,0.0
1,20260812,101,0,128,1,1,0,380.36098098932234,128,0,0,128,0,0.0,128,0.0
1,20260812,102,0,47,1,1,0,365.10400826418027,47,0,0,47,0,0.0,47,0.0
1,20260812,103,0,37,1,1,0,355.3991680791694,37,0,0,37,0,0.0,37,0.0
1,20260812,104,0,28,1,1,0,354.6770214562565,28,0,0,28,0,0.0,28,0.0
1,20260812,105,0,99,1,1,0,323.01072159077785,99,0,0,99,0,0.0,99,0.0
1,20260812,106,0,38,1,1,0,398.5901052219425,38,0,0,38,0,0.0,38,0.0
1,20260812,107,0,96,1,1,0,343.2624876301847,96,0,0,96,0,0.0,96,0.0
1,20260812,108,0,129,1,1,0,418.98085133661675,129,0,0,129,0,0.0,129,0.0
1,20260812,109,0,117,1,1,0,328.62093802683444,117,0,0,117,0,0.0,117,0.0
1,20260812,110,0,30,1,1,0,178.17802723350303,30,0,0,30,0,0.0,30,0.0
1,20260812,111,0,104,1,1,0,420.8443619814818,104,0,0,104,0,0.0,104,0.0
1,20260812,112,0,118,1,1,0,314.84998889577696,118,0,0,118,0,0.0,118,0.0
1,20260812,113,0,123,1,1,0,422.7971549397122,123,0,0,123,0,0.0,123,0.0
1,20260812,114,0,60,1,1,0,363.80829372027057,60,0,0,60,0,0.0,60,0.0
1,20260812,115,0,41,1,1,0,369.2667686103177,41,0,0,41,0,0.0,41,0.0
1,20260812,116,0,66,1,1,0,317.02132734980955,66,0,0,66,0,0.0,66,0.0
1,20260812,117,0,106,1,1,0,364.49415080970437,106,0,0,106,0,0.0,106,0.0
1,20260812,118,0,159,1,1,0,402.0880510401987,159,0,0,159,0,0.0,159,0.0
1,20260812,119,0,28,1,1,0,327.1960132793296,28,0,0,28,0,0.0,28,0.0
1,20260812,120,0,79,1,1,0,388.7425127036904,79,0,0,79,0,0.0,79,0.0
1,20260812,121,0,136,1,1,0,364.3951956442078,136,0,0,136,0,0.0,136,0.0
1,20260812,122,0,125,1,1,0,347.235928910749,125,0,0,125,0,0.0,125,0.0
1,20260812,123,0,71,1,1,0,416.9448025914576,71,0,0,71,0,0.0,71,0.0
1,20260812,124,0,62,1,1,0,380.02069284891934,62,0,0,62,0,0.0,62,0.0
1,20260812,125,0,188,1,1,0,449.085670787033,188,0,0,188,0,0.0,188,0.0
1,20260812,126,0,32,1,1,0,397.8533136028219,32,0,0,32,0,0.0,32,0.0
1,20260812,127,0,55,1,1,0,425.18770223926964,55,0,0,55,0,0.0,55,0.0
1,20260813,0,0,116,1,1,0,322.758262941327,116,0,0,116,0,0.0,116,0.0
1,20260813,1,0,47,1,1,0,296.2905070963624,47,0,0,47,0,0.0,47,0.0
1,20260813,2,0,53,1,1,0,386.07027405217974,53,0,0,53,0,0.0,53,0.0
1,20260813,3,0,59,1,1,0,300.7765497530751,59,0,0,59,0,0.0,59,0.0
1,20260813,4,0,107,1,1,0,335.172982421067,107,0,0,107,0,0.0,107,0.0
1,20260813,5,0,105,1,1,0,257.11505237569054,105,0,0,105,0,0.0,105,0.0
1,20260813,6,0,159,1,1,0,335.61291711723527,159,0,0,159,0,0.0,159,0.0
1,20260813,7,0,19,1,1,0,307.2901367200921,19,0,0,19,0,0.0,19,0.0
1,20260813,8,0,77,1,1,0,364.8442487043315,77,0,0,77,0,0.0,77,0.0
1,20260813,9,0,180,1,1,0,442.4175080535824,180,0,0,180,0,0.0,180,0.0
1,20260813,10,0,253,1,1,0,389.0899576476792,253,0,0,253,0,0.0,253,0.0
1,20260813,11,0,20,1,1,0,306.4298124422088,20,0,0,20,0,0.0,20,0.0
1,20260813,12,0,23,1,1,0,304.95523891322694,23,0,0,23,0,0.0,23,0.0
1,20260813,13,0,33,1,1,0,336.4008644263488,33,0,0,33,0,0.0,33,0.0
1,20260813,14,0,127,1,1,0,382.86538938284946,127,0,0,127,0,0.0,127,0.0
1,20260813,15,0,176,1,1,0,380.5701267050762,176,0,0,176,0,0.0,176,0.0
1,20260813,16,0,48,1,1,0,323.26665137131715,48,0,0,48,0,0.0,48,0.0
1,20260813,17,0,57,1,1,0,381.80290936006224,57,0,0,57,0,0.0,57,0.0
1,20260813,18,0,56,1,1,0,292.6934686125596,56,0,0,56,0,0.0,56,0.0
1,20260813,19,0,27,1,1,0,364.0533727987027,27,0,0,27,0,0.0,27,0.0
1,20260813,20,0,106,1,1,0,321.67783647294044,106,0,0,106,0,0.0,106,0.0
1,20260813,21,0,68,1,1,0,423.5341061750744,68,0,0,68,0,0.0,68,0.0
1,20260813,22,0,71,1,1,0,329.32839236431755,71,0,0,71,0,0.0,71,0.0
1,20260813,23,0,51,1,1,0,346.8631160052545,51,0,0,51,0,0.0,51,0.0
1,20260813,24,0,45,1,1,0,314.6359893857408,45,0,0,45,0,0.0,45,0.0
1,20260813,25,0,99,1,1,0,406.3167075620164,99,0,0,99,0,0.0,99,0.0
1,20260813,26,0,133,1,1,0,305.48385443374156,133,0,0,133,0,0.0,133,0.0
1,20260813,27,0,33,1,1,0,276.07715901011966,33,0,0,33,0,0.0,33,0.0
1,20260813,28,0,112,1,1,0,292.1641334495183,112,0,0,112,0,0.0,112,0.0
1,20260813,29,0,71,1,1,0,347.85696224591203,71,0,0,71,0,0.0,71,0.0
1,20260813,30,0,74,1,1,0,393.9388886670388,74,0,0,74,0,0.0,74,0.0
1,20260813,31,0,71,1,1,0,341.69174641359547,71,0,0,71,0,0.0,71,0.0
1,20260813,32,0,65,1,1,0,398.06700740843394,65,0,0,65,0,0.0,65,0.0
1,20260813,33,0,55,1,1,0,379.548529931944,55,0,0,55,0,0.0,55,0.0
1,20260813,34,0,49,1,1,0,313.2742330863535,49,0,0,49,0,0.0,49,0.0
1,20260813,35,0,95,1,1,0,346.97747274721576,95,0,0,95,0,0.0,95,0.0
1,20260813,36,0,102,1,1,0,338.77999409782416,102,0,0,102,0,0.0,102,0.0
1,20260813,37,0,160,1,1,0,278.98650022779907,160,0,0,160,0,0.0,160,0.0
1,20260813,38,0,52,1,1,0,423.32501821820387,52,0,0,52,0,0.0,52,0.0
1,20260813,39,0,67,1,1,0,341.2262052362872,67,0,0,67,0,0.0,67,0.0
1,20260813,40,0,29,1,1,0,272.1564497715714,29,0,0,29,0,0.0,29,0.0
1,20260813,41,0,254,1,1,0,376.80543109960723,254,0,0,254,0,0.0,254,0.0
1,20260813,42,0,73,1,1,0,292.27485102141736,73,0,0,73,0,0.0,73,0.0
1,20260813,43,0,734,1,1,0,271.2853509699286,734,0,0,734,0,0.0,734,0.0
1,20260813,44,0,64,1,1,0,329.9626426975352,64,0,0,64,0,0.0,64,0.0
1,20260813,45,0,524,1,1,0,336.39033047646336,524,0,0,524,0,0.0,524,0.0
1,20260813,46,0,127,1,1,0,289.1218103378847,127,0,0,127,0,0.0,127,0.0
1,20260813,47,0,70,1,1,0,349.41833801300163,70,0,0,70,0,0.0,70,0.0
1,20260813,48,0,58,1,1,0,384.88258888141934,58,0,0,58,0,0.0,58,0.0
1,20260813,49,0,380,1,1,0,389.1567537881034,380,0,0,380,0,0.0,380,0.0
1,20260813,50,0,40,1,1,0,345.53678834428666,40,0,0,40,0,0.0,40,0.0
1,20260813,51,0,59,1,1,0,305.632421506025,59,0,0,59,0,0.0,59,0.0
1,20260813,52,0,66,1,1,0,286.176189006958,66,0,0,66,0,0.0,66,0.0
1,20260813,53,0,103,1,1,0,400.0623055295305,103,0,0,103,0,0.0,103,0.0
1,20260813,54,0,43,1,1,0,320.76245513704424,43,0,0,43,0,0.0,43,0.0
1,20260813,55,0,43,1,1,0,293.59551555942437,43,0,0,43,0,0.0,43,0.0
1,20260813,56,0,238,1,1,0,381.2324107936596,238,0,0,238,0,0.0,238,0.0
1,20260813,57,0,42,1,1,0,367.6380698097053,42,0,0,42,0,0.0,42,0.0
1,20260813,58,0,62,1,1,0,378.6710961389345,62,0,0,62,0,0.0,62,0.0
1,20260813,59,0,105,1,1,0,419.26100222187495,105,0,0,105,0,0.0,105,0.0
1,20260813,60,0,42,1,1,0,333.32182540367774,42,0,0,42,0,0.0,42,0.0
1,20260813,61,0,109,1,1,0,311.6282717999217,109,0,0,109,0,0.0,109,0.0
1,20260813,62,0,112,1,1,0,357.5826927364377,112,0,0,112,0,0.0,112,0.0
1,20260813,63,0,109,1,1,0,355.14257199613155,109,0,0,109,0,0.0,109,0.0
1,20260813,64,0,31,1,1,0,289.7162321068455,31,0,0,31,0,0.0,31,0.0
1,20260813,65,0,28,1,1,0,257.1615435259091,28,0,0,28,0,0.0,28,0.0
1,20260813,66,0,119,1,1,0,403.74830396312217,119,0,0,119,0,0.0,119,0.0
1,20260813,67,0,108,1,1,0,333.13178786695215,108,0,0,108,0,0.0,108,0.0
1,20260813,68,0,60,1,1,0,284.0531234311235,60,0,0,60,0,0.0,60,0.0
1,20260813,69,0,28,1,1,0,280.00104368987314,28,0,0,28,0,0.0,28,0.0
1,20260813,70,0,51,1,1,0,358.3357700822818,51,0,0,51,0,0.0,51,0.0
1,20260813,71,0,893,1,1,0,459.29621127012933,893,0,0,893,0,0.0,893,0.0
1,20260813,72,0,124,1,1,0,296.78787897798134,124,0,0,124,0,0.0,124,0.0
1,20260813,73,0,63,1,1,0,300.95782409948276,63,0,0,63,0,0.0,63,0.0
1,20260813,74,0,46,1,1,0,344.7226028375244,46,0,0,46,0,0.0,46,0.0
1,20260813,75,0,62,1,1,0,311.0598987960736,62,0,0,62,0,0.0,62,0.0
1,20260813,76,0,37,1,1,0,242.9607474969524,37,0,0,37,0,0.0,37,0.0
1,20260813,77,0,106,1,1,0,431.6285471986719,106,0,0,106,0,0.0,106,0.0
1,20260813,78,0,59,1,1,0,318.52267416997347,59,0,0,59,0,0.0,59,0.0
1,20260813,79,0,28,1,1,0,301.0663410319129,28,0,0,28,0,0.0,28,0.0
1,20260813,80,0,80,1,1,0,333.747179358654,80,0,0,80,0,0.0,80,0.0
1,20260813,81,0,52,1,1,0,275.73362501900294,52,0,0,52,0,0.0,52,0.0
1,20260813,82,0,61,1,1,0,317.9857317631179,61,0,0,61,0,0.0,61,0.0
1,20260813,83,0,168,1,1,0,340.2142629583373,168,0,0,168,0,0.0,168,0.0
1,20260813,84,0,30,1,1,0,242.5003544043204,30,0,0,30,0,0.0,30,0.0
1,20260813,85,0,44,1,1,0,390.52954596370387,44,0,0,44,0,0.0,44,0.0
1,20260813,86,0,248,1,1,0,326.2054243958529,248,0,0,248,0,0.0,248,0.0
1,20260813,87,0,167,1,1,0,263.01329175699203,167,0,0,167,0,0.0,167,0.0
1,20260813,88,0,28,1,1,0,307.5671217276113,28,0,0,28,0,0.0,28,0.0
1,20260813,89,0,69,1,1,0,375.8432311774419,69,0,0,69,0,0.0,69,0.0
1,20260813,90,0,96,1,1,0,296.61553328550997,96,0,0,96,0,0.0,96,0.0
1,20260813,91,0,33,1,1,0,263.9181950742098,33,0,0,33,0,0.0,33,0.0
1,20260813,92,0,178,1,1,0,405.54658400916685,178,0,0,178,0,0.0,178,0.0
1,20260813,93,0,28,1,1,0,318.2780739433674,28,0,0,28,0,0.0,28,0.0
1,20260813,94,0,36,1,1,0,324.98698064621385,36,0,0,36,0,0.0,36,0.0
1,20260813,95,0,109,1,1,0,387.57896944411357,109,0,0,109,0,0.0,109,0.0
1,20260813,96,0,37,1,1,0,322.9638345013785,37,0,0,37,0,0.0,37,0.0
1,20260813,97,0,45,1,1,0,409.2584122017428,45,0,0,45,0,0.0,45,0.0
1,20260813,98,0,121,1,1,0,394.03398885271696,121,0,0,121,0,0.0,121,0.0
1,20260813,99,0,31,1,1,0,344.93952255060947,31,0,0,31,0,0.0,31,0.0
1,20260813,100,0,106,1,1,0,344.9930218237743,106,0,0,106,0,0.0,106,0.0
1,20260813,101,0,24,1,1,0,251.2938370822915,24,0,0,24,0,0.0,24,0.0
1,20260813,102,0,311,1,1,0,423.4163152193843,311,0,0,311,0,0.0,311,0.0
1,20260813,103,0,103,1,1,0,382.15442007559517,103,0,0,103,0,0.0,103,0.0
1,20260813,104,0,343,1,1,0,382.29417600855606,343,0,0,343,0,0.0,343,0.0
1,20260813,105,0,111,1,1,0,343.60664843032714,111,0,0,111,0,0.0,111,0.0
1,20260813,106,0,115,1,1,0,343.31292538925425,115,0,0,115,0,0.0,115,0.0
1,20260813,107,0,57,1,1,0,432.28989420784046,57,0,0,57,0,0.0,57,0.0
1,20260813,108,0,30,1,1,0,283.30617820649775,30,0,0,30,0,0.0,30,0.0
1,20260813,109,0,492,1,1,0,404.4221724673488,492,0,0,492,0,0.0,492,0.0
1,20260813,110,0,250,1,1,0,412.206485621038,250,0,0,250,0,0.0,250,0.0
1,20260813,111,0,592,1,1,0,314.6796258257047,592,0,0,592,0,0.0,592,0.0
1,20260813,112,0,73,1,1,0,385.53322980581197,73,0,0,73,0,0.0,73,0.0
1,20260813,113,0,194,1,1,0,266.04110492444966,194,0,0,194,0,0.0,194,0.0
1,20260813,114,0,34,1,1,0,393.65782232731993,34,0,0,34,0,0.0,34,0.0
1,20260813,115,0,101,1,1,0,324.412707856536,101,0,0,101,0,0.0,101,0.0
1,20260813,116,0,115,1,1,0,349.127098637441,115,0,0,115,0,0.0,115,0.0
1,20260813,117,0,40,1,1,0,325.5338271747982,40,0,0,40,0,0.0,40,0.0
1,20260813,118,0,40,1,1,0,323.91576369930044,40,0,0,40,0,0.0,40,0.0
1,20260813,119,0,39,1,1,0,337.3092266541547,39,0,0,39,0,0.0,39,0.0
1,20260813,120,0,49,1,1,0,312.8594605080011,49,0,0,49,0,0.0,49,0.0
1,20260813,121,0,55,1,1,0,437.16530709367737,55,0,0,55,0,0.0,55,0.0
1,20260813,122,0,41,1,1,0,283.49967044706113,41,0,0,41,0,0.0,41,0.0
1,20260813,123,0,34,1,1,0,298.378613105957,34,0,0,34,0,0.0,34,0.0
1,20260813,124,0,125,1,1,0,370.54057324217587,125,0,0,125,0,0.0,125,0.0
1,20260813,125,0,79,1,1,0,280.5453520498297,79,0,0,79,0,0.0,79,0.0
1,20260813,126,0,112,1,1,0,380.66609292044836,112,0,0,112,0,0.0,112,0.0
1,20260813,127,0,40,1,1,0,312.07016009676124,40,0,0,40,0,0.0,40,0.0
2,20260809,0,0,37,1,1,0,305.55001081021453,37,0,0,74,0,0.0,74,0.5
2,20260809,1,0,51,1,1,0,301.4131020079944,51,0,0,102,0,0.0,102,0.5
2,20260809,2,0,74,1,1,0,390.05367717959547,74,0,0,148,0,0.0,148,0.5
2,20260809,3,0,56,1,1,0,355.07409456717556,56,0,0,112,0,0.0,112,0.5
2,20260809,4,0,53,1,1,0,319.88950307662157,53,0,0,106,0,0.0,106,0.5
2,20260809,5,1,109,1,1,0,284.21464786370336,114,0,1,223,5,0.02242152466367713,218,0.5
2,20260809,6,0,94,1,1,0,320.7666021111063,94,0,0,199,11,0.05527638190954774,188,0.5
2,20260809,7,0,56,1,1,0,357.31860687854106,56,0,0,112,0,0.0,112,0.5
2,20260809,8,0,54,1,1,0,337.51386556784337,54,0,0,108,0,0.0,108,0.5
2,20260809,9,1,176,1,1,0,390.776879375812,358,0,1,534,182,0.3408239700374532,352,0.5
2,20260809,10,0,53,1,1,0,310.5067186071732,53,0,0,106,0,0.0,106,0.5
2,20260809,11,0,197,1,1,0,369.2094609750159,197,0,0,455,61,0.13406593406593406,394,0.5
2,20260809,12,0,60,1,1,0,409.8993753164099,60,0,0,120,0,0.0,120,0.5
2,20260809,13,1,140,1,1,0,419.51633225147447,237,0,1,377,97,0.2572944297082228,280,0.5
2,20260809,14,0,39,1,1,0,423.85757918949764,39,0,0,78,0,0.0,78,0.5
2,20260809,15,1,139,1,1,0,367.2808367955942,180,0,1,319,41,0.12852664576802508,278,0.5
2,20260809,16,0,115,1,1,0,420.8742691024928,115,0,0,468,238,0.5085470085470085,230,0.5
2,20260809,17,0,58,1,1,0,294.5323698581094,58,0,0,116,0,0.0,116,0.5
2,20260809,18,0,355,1,1,0,489.5720222879788,355,0,0,1154,444,0.3847487001733102,710,0.5
2,20260809,19,0,41,1,1,0,375.8485716269149,41,0,0,82,0,0.0,82,0.5
2,20260809,20,0,74,1,1,0,295.8497901266065,74,0,0,148,0,0.0,148,0.5
2,20260809,21,0,26,1,1,0,271.03848372018774,26,0,0,52,0,0.0,52,0.5
2,20260809,22,0,40,1,1,0,320.50100238223763,40,0,0,80,0,0.0,80,0.5
2,20260809,23,1,104,1,1,0,361.61414460354587,124,0,1,228,20,0.08771929824561403,208,0.5
2,20260809,24,0,105,1,1,0,285.0291211855315,105,0,0,215,5,0.023255813953488372,210,0.5
2,20260809,25,1,107,1,1,0,241.53312498562178,130,0,1,237,23,0.0970464135021097,214,0.5
2,20260809,26,1,114,1,1,0,286.69860079797127,116,0,1,230,2,0.008695652173913044,228,0.5
2,20260809,27,0,95,1,1,0,270.1321048618944,95,0,0,193,3,0.015544041450777202,190,0.5
2,20260809,28,0,188,1,1,0,366.1333077894509,188,0,0,539,163,0.30241187384044527,376,0.5
2,20260809,29,1,100,1,1,0,341.4469379014879,112,0,1,212,12,0.05660377358490566,200,0.5
2,20260809,30,0,56,1,1,0,335.8874928717877,56,0,0,112,0,0.0,112,0.5
2,20260809,31,0,22,1,1,0,275.3124962264201,22,0,0,44,0,0.0,44,0.5
2,20260809,32,0,52,1,1,0,334.1424512311711,52,0,0,104,0,0.0,104,0.5
2,20260809,33,1,166,1,1,0,379.84400733252966,228,0,1,394,62,0.15736040609137056,332,0.5
2,20260809,34,1,232,1,1,0,395.35882424604836,460,0,1,692,228,0.32947976878612717,464,0.5
2,20260809,35,0,64,1,1,0,412.50528973540565,64,0,0,128,0,0.0,128,0.5
2,20260809,36,0,107,1,1,0,390.10989846107816,107,0,0,265,51,0.19245283018867926,214,0.5
2,20260809,37,0,1274,1,1,0,389.93858857351313,1274,0,0,3214,666,0.2072184194150591,2548,0.5
2,20260809,38,0,107,1,1,0,427.36437362518814,107,0,0,452,238,0.5265486725663717,214,0.5
2,20260809,39,0,75,1,1,0,336.89212124604023,75,0,0,150,0,0.0,150,0.5
2,20260809,40,0,101,1,1,0,286.1034102335374,101,0,0,215,13,0.06046511627906977,202,0.5
2,20260809,41,0,40,1,1,0,239.4027688953207,40,0,0,80,0,0.0,80,0.5
2,20260809,42,1,121,1,1,0,338.76078194471313,260,0,1,381,139,0.3648293963254593,242,0.5
2,20260809,43,0,50,1,1,0,402.01405949414766,50,0,0,100,0,0.0,100,0.5
2,20260809,44,0,40,1,1,0,384.61057828523064,40,0,0,80,0,0.0,80,0.5
2,20260809,45,1,99,1,1,0,252.52181520865423,100,0,1,199,1,0.005025125628140704,198,0.5
2,20260809,46,0,40,1,1,0,392.36621478311866,40,0,0,80,0,0.0,80,0.5
2,20260809,47,0,107,1,1,0,316.03924477451943,107,0,0,294,80,0.272108843537415,214,0.5
2,20260809,48,0,49,1,1,0,392.6752934211929,49,0,0,98,0,0.0,98,0.5
2,20260809,49,0,51,1,1,0,326.4988095837539,51,0,0,102,0,0.0,102,0.5
2,20260809,50,0,29,1,1,0,312.3957280116331,29,0,0,58,0,0.0,58,0.5
2,20260809,51,0,46,1,1,0,270.88026360459173,46,0,0,92,0,0.0,92,0.5
2,20260809,52,0,42,1,1,0,252.36892901675873,42,0,0,84,0,0.0,84,0.5
2,20260809,53,1,107,1,1,0,365.83419112246656,129,0,1,236,22,0.09322033898305085,214,0.5
2,20260809,54,0,38,1,1,0,378.1257195381372,38,0,0,76,0,0.0,76,0.5
2,20260809,55,1,101,1,1,0,392.9004465118759,120,0,1,221,19,0.08597285067873303,202,0.5
2,20260809,56,0,97,1,1,0,323.26461627809977,97,0,0,325,131,0.40307692307692305,194,0.5
2,20260809,57,0,75,1,1,0,316.688516628645,75,0,0,150,0,0.0,150,0.5
2,20260809,58,0,46,1,1,0,344.88527933146213,46,0,0,92,0,0.0,92,0.5
2,20260809,59,0,62,1,1,0,434.81272223819707,62,0,0,124,0,0.0,124,0.5
2,20260809,60,1,105,1,1,0,313.8771953458272,110,0,1,215,5,0.023255813953488372,210,0.5
2,20260809,61,0,95,1,1,0,387.93618423462743,95,0,0,200,10,0.05,190,0.5
2,20260809,62,0,70,1,1,0,365.1642157454962,70,0,0,140,0,0.0,140,0.5
2,20260809,63,0,44,1,1,0,428.8281907903941,44,0,0,88,0,0.0,88,0.5
2,20260809,64,0,19,1,1,0,278.7770616951118,19,0,0,38,0,0.0,38,0.5
2,20260809,65,0,30,1,1,0,291.32337817013274,30,0,0,60,0,0.0,60,0.5
2,20260809,66,0,91,1,1,0,308.53379610716627,91,0,0,202,20,0.09900990099009901,182,0.5
2,20260809,67,1,101,1,1,0,465.9121483507699,117,0,1,218,16,0.07339449541284404,202,0.5
2,20260809,68,0,35,1,1,0,278.0653128719078,35,0,0,70,0,0.0,70,0.5
2,20260809,69,0,44,1,1,0,359.1234501595909,44,0,0,88,0,0.0,88,0.5
2,20260809,70,0,57,1,1,0,310.88219261150005,57,0,0,114,0,0.0,114,0.5
2,20260809,71,0,73,1,1,0,233.1465689666065,73,0,0,146,0,0.0,146,0.5
2,20260809,72,0,108,1,1,0,376.0425874188199,108,0,0,217,1,0.004608294930875576,216,0.5
2,20260809,73,0,52,1,1,0,331.86996921267814,52,0,0,104,0,0.0,104,0.5
2,20260809,74,0,61,1,1,0,398.7787774029572,61,0,0,122,0,0.0,122,0.5
2,20260809,75,0,70,1,1,0,430.7796585502889,70,0,0,140,0,0.0,140,0.5
2,20260809,76,0,122,1,1,0,400.65456883751546,122,0,0,643,399,0.6205287713841369,244,0.5
2,20260809,77,0,107,1,1,0,341.8447641574207,107,0,0,231,17,0.0735930735930736,214,0.5
2,20260809,78,0,107,1,1,0,300.3975389344853,107,0,0,220,6,0.02727272727272727,214,0.5
2,20260809,79,0,47,1,1,0,335.311299049251,47,0,0,94,0,0.0,94,0.5
2,20260809,80,1,115,1,1,0,418.23021437673145,134,0,1,249,19,0.07630522088353414,230,0.5
2,20260809,81,1,94,1,1,0,368.5130284866906,131,0,1,225,37,0.16444444444444445,188,0.5
2,20260809,82,1,111,1,1,0,320.86500456496844,121,0,1,232,10,0.04310344827586207,222,0.5
2,20260809,83,0,61,1,1,0,370.4829043143718,61,0,0,122,0,0.0,122,0.5
2,20260809,84,1,104,1,1,0,380.5227292543152,189,0,1,293,85,0.2901023890784983,208,0.5
2,20260809,85,0,35,1,1,0,218.80674915219106,35,0,0,70,0,0.0,70,0.5
2,20260809,86,0,77,1,1,0,352.4878697897103,77,0,0,154,0,0.0,154,0.5
2,20260809,87,1,99,1,1,0,308.6099534110858,127,0,1,226,28,0.12389380530973451,198,0.5
2,20260809,88,0,71,1,1,0,377.12830770045304,71,0,0,142,0,0.0,142,0.5
2,20260809,89,1,110,1,1,0,386.8264544726145,123,0,1,233,13,0.055793991416309016,220,0.5
2,20260809,90,1,107,1,1,0,327.46211409407533,116,0,1,223,9,0.04035874439461883,214,0.5
2,20260809,91,0,252,1,1,0,484.66981925192107,252,0,0,608,104,0.17105263157894737,504,0.5
2,20260809,92,0,41,1,1,0,317.1575995245718,41,0,0,82,0,0.0,82,0.5
2,20260809,93,0,43,1,1,0,295.6517768406006,43,0,0,86,0,0.0,86,0.5
2,20260809,94,1,99,1,1,0,355.9021104828897,119,0,1,218,20,0.09174311926605505,198,0.5
2,20260809,95,0,34,1,1,0,348.0778008716408,34,0,0,68,0,0.0,68,0.5
2,20260809,96,0,93,1,1,0,318.3857792938925,93,0,0,199,13,0.06532663316582915,186,0.5
2,20260809,97,1,101,1,1,0,387.50029049573106,107,0,1,208,6,0.028846153846153848,202,0.5
2,20260809,98,0,56,1,1,0,343.75970392707166,56,0,0,112,0,0.0,112,0.5
2,20260809,99,0,61,1,1,0,318.1060524796931,61,0,0,122,0,0.0,122,0.5
2,20260809,100,0,44,1,1,0,413.8353972973408,44,0,0,88,0,0.0,88,0.5
2,20260809,101,0,133,1,1,0,342.85138276676423,133,0,0,425,159,0.37411764705882355,266,0.5
2,20260809,102,1,90,1,1,0,231.78734774473114,98,0,1,188,8,0.0425531914893617,180,0.5
2,20260809,103,0,115,1,1,0,408.87567374043533,115,0,0,277,47,0.16967509025270758,230,0.5
2,20260809,104,0,46,1,1,0,279.1098242470955,46,0,0,92,0,0.0,92,0.5
2,20260809,105,0,77,1,1,0,379.49944335620603,77,0,0,154,0,0.0,154,0.5
2,20260809,106,0,37,1,1,0,297.62888873369275,37,0,0,74,0,0.0,74,0.5
2,20260809,107,0,130,1,1,0,318.29842720297626,130,0,0,431,171,0.39675174013921116,260,0.5
2,20260809,108,0,291,1,1,0,387.9261870128643,291,0,0,1082,500,0.46210720887245843,582,0.5
2,20260809,109,0,35,1,1,0,376.2589780051825,35,0,0,70,0,0.0,70,0.5
2,20260809,110,0,177,1,1,0,471.3022782485611,177,0,0,728,374,0.5137362637362637,354,0.5
2,20260809,111,0,74,1,1,0,388.37976696980843,74,0,0,148,0,0.0,148,0.5
2,20260809,112,0,26,1,1,0,329.4982912348448,26,0,0,52,0,0.0,52,0.5
2,20260809,113,1,98,1,1,0,291.3468267393696,114,0,1,212,16,0.07547169811320754,196,0.5
2,20260809,114,1,186,1,1,0,363.4679741452075,187,0,1,373,1,0.002680965147453083,372,0.5
2,20260809,115,0,28,1,1,0,275.2668813669328,28,0,0,56,0,0.0,56,0.5
2,20260809,116,0,59,1,1,0,332.15867053481225,59,0,0,118,0,0.0,118,0.5
2,20260809,117,0,109,1,1,0,403.88089782242633,109,0,0,221,3,0.013574660633484163,218,0.5
2,20260809,118,0,80,1,1,0,348.66873767960703,80,0,0,160,0,0.0,160,0.5
2,20260809,119,1,89,1,1,0,315.82127565555186,126,0,1,215,37,0.17209302325581396,178,0.5
2,20260809,120,1,110,1,1,0,297.4260447505327,122,0,1,232,12,0.05172413793103448,220,0.5
2,20260809,121,1,114,1,1,0,484.80401069288655,158,0,1,272,44,0.16176470588235295,228,0.5
2,20260809,122,0,34,1,1,0,333.0571256048586,34,0,0,68,0,0.0,68,0.5
2,20260809,123,0,47,1,1,0,374.37340679766857,47,0,0,94,0,0.0,94,0.5
2,20260809,124,1,130,1,1,0,342.8177915152275,533,0,1,663,403,0.6078431372549019,260,0.5
2,20260809,125,0,35,1,1,0,351.5145790985248,35,0,0,70,0,0.0,70,0.5
2,20260809,126,0,95,1,1,0,371.4813751533838,95,0,0,201,11,0.05472636815920398,190,0.5
2,20260809,127,1,115,1,1,0,387.6671062726657,117,0,1,232,2,0.008620689655172414,230,0.5
2,20260810,0,0,67,1,1,0,480.8124033205825,67,0,0,134,0,0.0,134,0.5
2,20260810,1,0,31,1,1,0,309.04388017571375,31,0,0,62,0,0.0,62,0.5
2,20260810,2,0,74,1,1,0,324.6141466832845,74,0,0,148,0,0.0,148,0.5
2,20260810,3,1,399,1,1,0,355.294666818083,471,0,1,870,72,0.08275862068965517,798,0.5
2,20260810,4,1,250,1,1,0,391.24272645659255,298,0,1,548,48,0.08759124087591241,500,0.5
2,20260810,5,0,49,1,1,0,402.39280073000907,49,0,0,98,0,0.0,98,0.5
2,20260810,6,0,23,1,1,0,317.60359603138767,23,0,0,46,0,0.0,46,0.5
2,20260810,7,0,97,1,1,0,319.3853007272544,97,0,0,263,69,0.2623574144486692,194,0.5
2,20260810,8,1,98,1,1,0,406.1867792014482,182,0,1,280,84,0.3,196,0.5
2,20260810,9,0,640,1,1,0,428.4625411109955,640,0,0,1430,150,0.1048951048951049,1280,0.5
2,20260810,10,0,42,1,1,0,389.27482274900456,42,0,0,84,0,0.0,84,0.5
2,20260810,11,0,50,1,1,0,310.6350021916819,50,0,0,100,0,0.0,100,0.5
2,20260810,12,0,34,1,1,0,307.26354900377316,34,0,0,68,0,0.0,68,0.5
2,20260810,13,1,107,1,1,0,293.1086718208968,159,0,1,266,52,0.19548872180451127,214,0.5
2,20260810,14,0,63,1,1,0,300.91635632150917,63,0,0,126,0,0.0,126,0.5
2,20260810,15,0,17,1,1,0,252.22248931897155,17,0,0,34,0,0.0,34,0.5
2,20260810,16,0,47,1,1,0,283.2190543618213,47,0,0,94,0,0.0,94,0.5
2,20260810,17,0,38,1,1,0,432.5891002910465,38,0,0,76,0,0.0,76,0.5
2,20260810,18,0,72,1,1,0,306.56581176443586,72,0,0,144,0,0.0,144,0.5
2,20260810,19,1,106,1,1,0,394.5198183787094,111,0,1,217,5,0.02304147465437788,212,0.5
2,20260810,20,1,96,1,1,0,312.1312746265167,113,0,1,209,17,0.08133971291866028,192,0.5
2,20260810,21,1,135,1,1,0,308.70434263986033,240,0,1,375,105,0.28,270,0.5
2,20260810,22,0,77,1,1,0,259.93352705306546,77,0,0,154,0,0.0,154,0.5
2,20260810,23,0,47,1,1,0,356.6532976900697,47,0,0,94,0,0.0,94,0.5
2,20260810,24,0,66,1,1,0,329.59581165515885,66,0,0,132,0,0.0,132,0.5
2,20260810,25,0,58,1,1,0,323.69010880759095,58,0,0,116,0,0.0,116,0.5
2,20260810,26,1,130,1,1,0,458.6463658308071,183,0,1,313,53,0.16932907348242812,260,0.5
2,20260810,27,0,56,1,1,0,367.95742112817027,56,0,0,112,0,0.0,112,0.5
2,20260810,28,0,45,1,1,0,387.6062702116176,45,0,0,90,0,0.0,90,0.5
2,20260810,29,0,118,1,1,0,341.50032524329924,118,0,0,281,45,0.1601423487544484,236,0.5
2,20260810,30,1,96,1,1,0,253.1648598445612,102,0,1,198,6,0.030303030303030304,192,0.5
2,20260810,31,1,120,1,1,0,318.8912003314674,175,0,1,295,55,0.1864406779661017,240,0.5
2,20260810,32,0,31,1,1,0,342.511195653736,31,0,0,62,0,0.0,62,0.5
2,20260810,33,1,413,1,1,0,375.18988769418775,777,0,1,1190,364,0.3058823529411765,826,0.5
2,20260810,34,1,162,1,1,0,429.1275155142177,320,0,1,482,158,0.3278008298755187,324,0.5
2,20260810,35,0,97,1,1,0,252.85602955336495,97,0,0,371,177,0.477088948787062,194,0.5
2,20260810,36,0,47,1,1,0,268.9787330744349,47,0,0,94,0,0.0,94,0.5
2,20260810,37,0,31,1,1,0,267.84315739772256,31,0,0,62,0,0.0,62,0.5
2,20260810,38,0,33,1,1,0,237.64900335488142,33,0,0,66,0,0.0,66,0.5
2,20260810,39,0,99,1,1,0,351.4785887891824,99,0,0,222,24,0.10810810810810811,198,0.5
2,20260810,40,1,104,1,1,0,324.55255358414945,121,0,1,225,17,0.07555555555555556,208,0.5
2,20260810,41,0,48,1,1,0,411.1589156833457,48,0,0,96,0,0.0,96,0.5
2,20260810,42,1,112,1,1,0,372.2119947027122,118,0,1,230,6,0.02608695652173913,224,0.5
2,20260810,43,0,58,1,1,0,260.6769847589577,58,0,0,116,0,0.0,116,0.5
2,20260810,44,0,19,1,1,0,275.70253975706356,19,0,0,38,0,0.0,38,0.5
2,20260810,45,1,121,1,1,0,352.29564516658684,414,0,1,535,293,0.5476635514018692,242,0.5
2,20260810,46,0,29,1,1,0,361.7899303075512,29,0,0,58,0,0.0,58,0.5
2,20260810,47,0,32,1,1,0,339.42244533667645,32,0,0,64,0,0.0,64,0.5
2,20260810,48,1,111,1,1,0,390.1049413508164,353,0,1,464,242,0.521551724137931,222,0.5
2,20260810,49,1,103,1,1,0,482.0182005832621,130,0,1,233,27,0.11587982832618025,206,0.5
2,20260810,50,0,50,1,1,0,391.48906460255336,50,0,0,100,0,0.0,100,0.5
2,20260810,51,0,80,1,1,0,307.78982886571316,80,0,0,160,0,0.0,160,0.5
2,20260810,52,0,29,1,1,0,287.9972191539217,29,0,0,58,0,0.0,58,0.5
2,20260810,53,0,100,1,1,0,246.87764107364848,100,0,0,216,16,0.07407407407407407,200,0.5
2,20260810,54,0,55,1,1,0,377.9662967764704,55,0,0,110,0,0.0,110,0.5
2,20260810,55,1,126,1,1,0,336.41706238863185,165,0,1,291,39,0.13402061855670103,252,0.5
2,20260810,56,0,45,1,1,0,350.421304581026,45,0,0,90,0,0.0,90,0.5
2,20260810,57,0,55,1,1,0,297.04059847088024,55,0,0,110,0,0.0,110,0.5
2,20260810,58,1,94,1,1,0,358.73797106955715,111,0,1,205,17,0.08292682926829269,188,0.5
2,20260810,59,0,41,1,1,0,335.111053047567,41,0,0,82,0,0.0,82,0.5
2,20260810,60,1,238,1,1,0,367.3252694888479,604,0,1,842,366,0.4346793349168646,476,0.5
2,20260810,61,0,109,1,1,0,405.1737118187938,109,0,0,233,15,0.06437768240343347,218,0.5
2,20260810,62,1,102,1,1,0,350.59423583933403,220,0,1,322,118,0.36645962732919257,204,0.5
2,20260810,63,1,115,1,1,0,328.4696951178708,169,0,1,284,54,0.19014084507042253,230,0.5
2,20260810,64,0,110,1,1,0,392.4208936006505,110,0,0,231,11,0.047619047619047616,220,0.5
2,20260810,65,1,106,1,1,0,396.37522690678725,107,0,1,213,1,0.004694835680751174,212,0.5
2,20260810,66,1,109,1,1,0,337.092461051291,139,0,1,248,30,0.12096774193548387,218,0.5
2,20260810,67,0,75,1,1,0,395.88446168207497,75,0,0,150,0,0.0,150,0.5
2,20260810,68,1,227,1,1,0,361.3489895787993,466,0,1,693,239,0.3448773448773449,454,0.5
2,20260810,69,0,50,1,1,0,366.1870909689427,50,0,0,100,0,0.0,100,0.5
2,20260810,70,0,173,1,1,0,460.2031353966652,173,0,0,368,22,0.059782608695652176,346,0.5
2,20260810,71,0,25,1,1,0,320.41158200524353,25,0,0,50,0,0.0,50,0.5
2,20260810,72,0,39,1,1,0,291.5410590126605,39,0,0,78,0,0.0,78,0.5
2,20260810,73,0,122,1,1,0,380.27180706655304,122,0,0,253,9,0.03557312252964427,244,0.5
2,20260810,74,1,110,1,1,0,416.4087885933836,200,0,1,310,90,0.2903225806451613,220,0.5
2,20260810,75,0,77,1,1,0,321.88166485712554,77,0,0,154,0,0.0,154,0.5
2,20260810,76,0,97,1,1,0,407.6577917456541,97,0,0,195,1,0.005128205128205128,194,0.5
2,20260810,77,1,110,1,1,0,429.37304492081216,229,0,1,339,119,0.35103244837758113,220,0.5
2,20260810,78,0,166,1,1,0,387.1900646347309,166,0,0,633,301,0.4755134281200632,332,0.5
2,20260810,79,1,138,1,1,0,459.42253277246647,200,0,1,338,62,0.1834319526627219,276,0.5
2,20260810,80,1,300,1,1,0,474.63588489456504,602,0,1,902,302,0.3348115299334812,600,0.5
2,20260810,81,0,78,1,1,0,365.8579190843311,78,0,0,156,0,0.0,156,0.5
2,20260810,82,0,66,1,1,0,410.9983349571086,66,0,0,132,0,0.0,132,0.5
2,20260810,83,0,45,1,1,0,325.4916677856065,45,0,0,90,0,0.0,90,0.5
2,20260810,84,1,103,1,1,0,383.64413652926464,120,0,1,223,17,0.07623318385650224,206,0.5
2,20260810,85,0,55,1,1,0,321.91490795623884,55,0,0,110,0,0.0,110,0.5
2,20260810,86,1,169,1,1,0,358.9317980913205,170,0,1,339,1,0.0029498525073746312,338,0.5
2,20260810,87,1,158,1,1,0,415.32334330296544,253,0,1,411,95,0.23114355231143552,316,0.5
2,20260810,88,0,25,1,1,0,292.5168076348516,25,0,0,50,0,0.0,50,0.5
2,20260810,89,0,72,1,1,0,335.376315386423,72,0,0,144,0,0.0,144,0.5
2,20260810,90,0,51,1,1,0,365.6412040529278,51,0,0,102,0,0.0,102,0.5
2,20260810,91,1,373,1,1,0,385.7481969187682,585,0,1,958,212,0.22129436325678498,746,0.5
2,20260810,92,1,123,1,1,0,367.115350739533,239,0,1,362,116,0.32044198895027626,246,0.5
2,20260810,93,0,65,1,1,0,334.54466206311764,65,0,0,130,0,0.0,130,0.5
2,20260810,94,1,103,1,1,0,394.66145131928516,1485,0,1,1588,1382,0.8702770780856424,206,0.5
2,20260810,95,0,74,1,1,0,297.01867454418186,74,0,0,148,0,0.0,148,0.5
2,20260810,96,1,111,1,1,0,317.39929640454824,120,0,1,231,9,0.03896103896103896,222,0.5
2,20260810,97,0,28,1,1,0,331.78832370915063,28,0,0,56,0,0.0,56,0.5
2,20260810,98,0,47,1,1,0,439.9760403243074,47,0,0,94,0,0.0,94,0.5
2,20260810,99,0,54,1,1,0,369.35273147958776,54,0,0,108,0,0.0,108,0.5
2,20260810,100,0,56,1,1,0,336.4107142821904,56,0,0,112,0,0.0,112,0.5
2,20260810,101,0,51,1,1,0,415.9579118687496,51,0,0,102,0,0.0,102,0.5
2,20260810,102,1,114,1,1,0,325.76682005204646,182,0,1,296,68,0.22972972972972974,228,0.5
2,20260810,103,1,111,1,1,0,403.6650326242393,116,0,1,227,5,0.022026431718061675,222,0.5
2,20260810,104,0,59,1,1,0,321.1366556994212,59,0,0,118,0,0.0,118,0.5
2,20260810,105,0,72,1,1,0,317.45402775728394,72,0,0,144,0,0.0,144,0.5
2,20260810,106,1,99,1,1,0,266.2690350552433,288,0,1,387,189,0.4883720930232558,198,0.5
2,20260810,107,0,64,1,1,0,391.32215003937597,64,0,0,128,0,0.0,128,0.5
2,20260810,108,0,51,1,1,0,310.15487482723034,51,0,0,102,0,0.0,102,0.5
2,20260810,109,1,101,1,1,0,362.871419491078,111,0,1,212,10,0.04716981132075472,202,0.5
2,20260810,110,1,169,1,1,0,444.95916232016884,190,0,1,359,21,0.0584958217270195,338,0.5
2,20260810,111,1,124,1,1,0,357.46535018848436,529,0,1,653,405,0.6202143950995406,248,0.5
2,20260810,112,0,71,1,1,0,357.04218189447477,71,0,0,142,0,0.0,142,0.5
2,20260810,113,0,30,1,1,0,278.56803548084486,30,0,0,60,0,0.0,60,0.5
2,20260810,114,0,21,1,1,0,280.1410712738771,21,0,0,42,0,0.0,42,0.5
2,20260810,115,0,74,1,1,0,415.98568841664854,74,0,0,148,0,0.0,148,0.5
2,20260810,116,0,26,1,1,0,306.9698903663811,26,0,0,52,0,0.0,52,0.5
2,20260810,117,1,93,1,1,0,330.0014287031156,103,0,1,196,10,0.05102040816326531,186,0.5
2,20260810,118,1,113,1,1,0,422.5373008031957,230,0,1,343,117,0.34110787172011664,226,0.5
2,20260810,119,0,58,1,1,0,323.2817376809637,58,0,0,116,0,0.0,116,0.5
2,20260810,120,1,103,1,1,0,409.40395185736617,436,0,1,539,333,0.6178107606679035,206,0.5
2,20260810,121,0,100,1,1,0,329.87798590520765,100,0,0,230,30,0.13043478260869565,200,0.5
2,20260810,122,0,30,1,1,0,265.1295361278866,30,0,0,60,0,0.0,60,0.5
2,20260810,123,0,53,1,1,0,265.9838075018389,53,0,0,106,0,0.0,106,0.5
2,20260810,124,0,41,1,1,0,380.2973655884095,41,0,0,82,0,0.0,82,0.5
2,20260810,125,0,43,1,1,0,302.04750776657295,43,0,0,86,0,0.0,86,0.5
2,20260810,126,1,119,1,1,0,409.29548786553653,128,0,1,247,9,0.03643724696356275,238,0.5
2,20260810,127,0,26,1,1,0,362.5627157712985,26,0,0,52,0,0.0,52,0.5
2,20260811,0,0,38,1,1,0,262.72411758213116,38,0,0,76,0,0.0,76,0.5
2,20260811,1,1,231,1,1,0,387.96458763921237,1182,0,1,1413,951,0.673036093418259,462,0.5
2,20260811,2,0,51,1,1,0,301.131114823069,51,0,0,102,0,0.0,102,0.5
2,20260811,3,0,45,1,1,0,346.12024981797845,45,0,0,90,0,0.0,90,0.5
2,20260811,4,1,115,1,1,0,312.8585054800849,195,0,1,310,80,0.25806451612903225,230,0.5
2,20260811,5,0,112,1,1,0,328.25603983697135,112,0,0,241,17,0.07053941908713693,224,0.5
2,20260811,6,0,21,1,1,0,270.52824890805505,21,0,0,42,0,0.0,42,0.5
2,20260811,7,0,78,1,1,0,373.69719295653067,78,0,0,156,0,0.0,156,0.5
2,20260811,8,1,90,1,1,0,254.5467512994269,164,0,1,254,74,0.29133858267716534,180,0.5
2,20260811,9,0,74,1,1,0,281.26795917260876,74,0,0,148,0,0.0,148,0.5
2,20260811,10,0,32,1,1,0,278.2676039972531,32,0,0,64,0,0.0,64,0.5
2,20260811,11,0,73,1,1,0,334.53197140417876,73,0,0,146,0,0.0,146,0.5
2,20260811,12,1,159,1,1,0,275.5177115339319,168,0,1,327,9,0.027522935779816515,318,0.5
2,20260811,13,1,100,1,1,0,381.0280329923555,186,0,1,286,86,0.3006993006993007,200,0.5
2,20260811,14,0,36,1,1,0,309.29812843956813,36,0,0,72,0,0.0,72,0.5
2,20260811,15,0,100,1,1,0,356.8067888010495,100,0,0,279,79,0.2831541218637993,200,0.5
2,20260811,16,0,109,1,1,0,381.45591896909934,109,0,0,235,17,0.07234042553191489,218,0.5
2,20260811,17,0,66,1,1,0,310.8063991347773,66,0,0,132,0,0.0,132,0.5
2,20260811,18,1,116,1,1,0,331.1423900288015,135,0,1,251,19,0.07569721115537849,232,0.5
2,20260811,19,0,23,1,1,0,316.6001322510972,23,0,0,46,0,0.0,46,0.5
2,20260811,20,0,165,1,1,0,363.45653704960455,165,0,0,335,5,0.014925373134328358,330,0.5
2,20260811,21,1,193,1,1,0,357.46618300252595,224,0,1,417,31,0.07434052757793765,386,0.5
2,20260811,22,0,64,1,1,0,335.4195204053038,64,0,0,128,0,0.0,128,0.5
2,20260811,23,0,125,1,1,0,404.2563965331852,125,0,0,254,4,0.015748031496062992,250,0.5
2,20260811,24,0,73,1,1,0,291.222054809026,73,0,0,146,0,0.0,146,0.5
2,20260811,25,0,107,1,1,0,344.3882184284754,107,0,0,279,65,0.23297491039426524,214,0.5
2,20260811,26,1,309,1,1,0,271.27242409076234,1013,0,1,1322,704,0.5325264750378215,618,0.5
2,20260811,27,0,111,1,1,0,326.9479451712326,111,0,0,229,7,0.03056768558951965,222,0.5
2,20260811,28,0,101,1,1,0,334.3829562794581,101,0,0,231,29,0.12554112554112554,202,0.5
2,20260811,29,0,34,1,1,0,226.6341805350745,34,0,0,68,0,0.0,68,0.5
2,20260811,30,0,31,1,1,0,332.15061678648215,31,0,0,62,0,0.0,62,0.5
2,20260811,31,0,57,1,1,0,394.7011525225419,57,0,0,114,0,0.0,114,0.5
2,20260811,32,0,23,1,1,0,215.4102062512727,23,0,0,46,0,0.0,46,0.5
2,20260811,33,0,39,1,1,0,336.1170316676389,39,0,0,78,0,0.0,78,0.5
2,20260811,34,0,67,1,1,0,329.3867908013183,67,0,0,134,0,0.0,134,0.5
2,20260811,35,0,30,1,1,0,288.0016818063665,30,0,0,60,0,0.0,60,0.5
2,20260811,36,0,56,1,1,0,308.31499240277907,56,0,0,112,0,0.0,112,0.5
2,20260811,37,0,60,1,1,0,399.8634866343296,60,0,0,120,0,0.0,120,0.5
2,20260811,38,0,112,1,1,0,305.31626300186343,112,0,0,244,20,0.08196721311475409,224,0.5
2,20260811,39,1,104,1,1,0,420.1794565039062,132,0,1,236,28,0.11864406779661017,208,0.5
2,20260811,40,0,47,1,1,0,362.53686602792294,47,0,0,94,0,0.0,94,0.5
2,20260811,41,0,122,1,1,0,391.22621835281836,122,0,0,359,115,0.3203342618384401,244,0.5
2,20260811,42,0,36,1,1,0,387.9954543801733,36,0,0,72,0,0.0,72,0.5
2,20260811,43,1,104,1,1,0,320.35712677732886,177,0,1,281,73,0.2597864768683274,208,0.5
2,20260811,44,0,38,1,1,0,327.6861491539229,38,0,0,76,0,0.0,76,0.5
2,20260811,45,0,110,1,1,0,358.26739343797703,110,0,0,221,1,0.004524886877828055,220,0.5
2,20260811,46,0,100,1,1,0,301.61205853105434,100,0,0,219,19,0.0867579908675799,200,0.5
2,20260811,47,0,25,1,1,0,247.78860179454477,25,0,0,50,0,0.0,50,0.5
2,20260811,48,1,103,1,1,0,350.0600931965814,112,0,1,215,9,0.04186046511627907,206,0.5
2,20260811,49,1,97,1,1,0,440.5808197955658,185,0,1,282,88,0.3120567375886525,194,0.5
2,20260811,50,0,37,1,1,0,387.9443357714109,37,0,0,74,0,0.0,74,0.5
2,20260811,51,1,516,1,1,0,465.34678866973445,662,0,1,1178,146,0.12393887945670629,1032,0.5
2,20260811,52,0,52,1,1,0,382.80360607743546,52,0,0,104,0,0.0,104,0.5
2,20260811,53,0,36,1,1,0,303.91476913247425,36,0,0,72,0,0.0,72,0.5
2,20260811,54,0,108,1,1,0,287.562299385035,108,0,0,225,9,0.04,216,0.5
2,20260811,55,0,60,1,1,0,287.7967043305675,60,0,0,120,0,0.0,120,0.5
2,20260811,56,0,43,1,1,0,423.0388808782376,43,0,0,86,0,0.0,86,0.5
2,20260811,57,0,38,1,1,0,353.02400256085264,38,0,0,76,0,0.0,76,0.5
2,20260811,58,0,41,1,1,0,323.6594997170548,41,0,0,82,0,0.0,82,0.5
2,20260811,59,0,80,1,1,0,378.5582317248951,80,0,0,160,0,0.0,160,0.5
2,20260811,60,0,52,1,1,0,344.44423786503944,52,0,0,104,0,0.0,104,0.5
2,20260811,61,0,42,1,1,0,285.8554624869321,42,0,0,84,0,0.0,84,0.5
2,20260811,62,0,63,1,1,0,357.04138853092513,63,0,0,126,0,0.0,126,0.5
2,20260811,63,1,118,1,1,0,437.78503636913285,351,0,1,469,233,0.4968017057569296,236,0.5
2,20260811,64,0,41,1,1,0,303.6858328432943,41,0,0,82,0,0.0,82,0.5
2,20260811,65,0,66,1,1,0,422.47965912491935,66,0,0,132,0,0.0,132,0.5
2,20260811,66,0,56,1,1,0,331.3369314313147,56,0,0,112,0,0.0,112,0.5
2,20260811,67,0,74,1,1,0,342.2232546798244,74,0,0,148,0,0.0,148,0.5
2,20260811,68,0,99,1,1,0,343.7111782192994,99,0,0,204,6,0.029411764705882353,198,0.5
2,20260811,69,0,65,1,1,0,391.72253545393215,65,0,0,130,0,0.0,130,0.5
2,20260811,70,1,124,1,1,0,400.996035777128,166,0,1,290,42,0.14482758620689656,248,0.5
2,20260811,71,0,25,1,1,0,310.01490580566326,25,0,0,50,0,0.0,50,0.5
2,20260811,72,0,41,1,1,0,352.84321601808324,41,0,0,82,0,0.0,82,0.5
2,20260811,73,0,25,1,1,0,310.44466236312,25,0,0,50,0,0.0,50,0.5
2,20260811,74,0,120,1,1,0,363.2658452784738,120,0,0,407,167,0.4103194103194103,240,0.5
2,20260811,75,0,52,1,1,0,342.8312505552352,52,0,0,104,0,0.0,104,0.5
2,20260811,76,0,34,1,1,0,297.42338731005077,34,0,0,68,0,0.0,68,0.5
2,20260811,77,0,24,1,1,0,229.30055294741283,24,0,0,48,0,0.0,48,0.5
2,20260811,78,0,47,1,1,0,344.03162911500544,47,0,0,94,0,0.0,94,0.5
2,20260811,79,0,120,1,1,0,310.3692356642646,120,0,0,352,112,0.3181818181818182,240,0.5
2,20260811,80,0,60,1,1,0,334.5720061584315,60,0,0,120,0,0.0,120,0.5
2,20260811,81,0,49,1,1,0,325.8422271087139,49,0,0,98,0,0.0,98,0.5
2,20260811,82,0,98,1,1,0,365.2403982125019,98,0,0,206,10,0.04854368932038835,196,0.5
2,20260811,83,0,44,1,1,0,315.3372443972505,44,0,0,88,0,0.0,88,0.5
2,20260811,84,1,176,1,1,0,364.0514535307948,218,0,1,394,42,0.1065989847715736,352,0.5
2,20260811,85,0,37,1,1,0,354.48362219517344,37,0,0,74,0,0.0,74,0.5
2,20260811,86,0,63,1,1,0,407.9533747461918,63,0,0,126,0,0.0,126,0.5
2,20260811,87,1,95,1,1,0,359.74126997634687,97,0,1,192,2,0.010416666666666666,190,0.5
2,20260811,88,0,109,1,1,0,354.1444872600301,109,0,0,845,627,0.7420118343195267,218,0.5
2,20260811,89,0,191,1,1,0,428.41220851087405,191,0,0,488,106,0.21721311475409835,382,0.5
2,20260811,90,0,25,1,1,0,246.74639515316642,25,0,0,50,0,0.0,50,0.5
2,20260811,91,0,29,1,1,0,313.27848194620765,29,0,0,58,0,0.0,58,0.5
2,20260811,92,0,22,1,1,0,323.01129861190566,22,0,0,44,0,0.0,44,0.5
2,20260811,93,0,100,1,1,0,377.187660284707,100,0,0,208,8,0.038461538461538464,200,0.5
2,20260811,94,0,45,1,1,0,383.1934849721052,45,0,0,90,0,0.0,90,0.5
2,20260811,95,0,78,1,1,0,359.5995543930811,78,0,0,156,0,0.0,156,0.5
2,20260811,96,1,105,1,1,0,343.98076401191156,173,0,1,278,68,0.2446043165467626,210,0.5
2,20260811,97,0,64,1,1,0,317.60038182777305,64,0,0,128,0,0.0,128,0.5
2,20260811,98,0,101,1,1,0,376.4221696160479,101,0,0,269,67,0.24907063197026022,202,0.5
2,20260811,99,0,73,1,1,0,401.81585677116743,73,0,0,146,0,0.0,146,0.5
2,20260811,100,0,96,1,1,0,323.992084909886,96,0,0,198,6,0.030303030303030304,192,0.5
2,20260811,101,1,93,1,1,0,297.69275424379913,111,0,1,204,18,0.08823529411764706,186,0.5
2,20260811,102,0,56,1,1,0,335.6146327669585,56,0,0,112,0,0.0,112,0.5
2,20260811,103,1,118,1,1,0,425.50986429193745,348,0,1,466,230,0.49356223175965663,236,0.5
2,20260811,104,0,37,1,1,0,273.02990079647054,37,0,0,74,0,0.0,74,0.5
2,20260811,105,0,40,1,1,0,364.3577439188772,40,0,0,80,0,0.0,80,0.5
2,20260811,106,1,95,1,1,0,297.40435938630685,100,0,1,195,5,0.02564102564102564,190,0.5
2,20260811,107,0,23,1,1,0,213.4956104759808,23,0,0,46,0,0.0,46,0.5
2,20260811,108,0,38,1,1,0,289.8043487661604,38,0,0,76,0,0.0,76,0.5
2,20260811,109,0,64,1,1,0,352.74029533656517,64,0,0,128,0,0.0,128,0.5
2,20260811,110,1,108,1,1,0,334.8890143131386,109,0,1,217,1,0.004608294930875576,216,0.5
2,20260811,111,0,66,1,1,0,381.6416946185137,66,0,0,132,0,0.0,132,0.5
2,20260811,112,0,49,1,1,0,335.79839561541064,49,0,0,98,0,0.0,98,0.5
2,20260811,113,0,103,1,1,0,349.6148252781311,103,0,0,214,8,0.037383177570093455,206,0.5
2,20260811,114,0,45,1,1,0,261.2837441177988,45,0,0,90,0,0.0,90,0.5
2,20260811,115,1,198,1,1,0,387.76566997686484,244,0,1,442,46,0.10407239819004525,396,0.5
2,20260811,116,0,66,1,1,0,397.90112693060064,66,0,0,132,0,0.0,132,0.5
2,20260811,117,0,39,1,1,0,318.96539604475856,39,0,0,78,0,0.0,78,0.5
2,20260811,118,0,32,1,1,0,319.93059920173704,32,0,0,64,0,0.0,64,0.5
2,20260811,119,1,96,1,1,0,341.57781372993577,197,0,1,293,101,0.3447098976109215,192,0.5
2,20260811,120,0,67,1,1,0,334.9679760400351,67,0,0,134,0,0.0,134,0.5
2,20260811,121,1,109,1,1,0,358.7102139144388,113,0,1,222,4,0.018018018018018018,218,0.5
2,20260811,122,0,26,1,1,0,315.1942089411042,26,0,0,52,0,0.0,52,0.5
2,20260811,123,1,98,1,1,0,297.44906331513675,106,0,1,204,8,0.0392156862745098,196,0.5
2,20260811,124,0,76,1,1,0,270.6337442728104,76,0,0,152,0,0.0,152,0.5
2,20260811,125,0,140,1,1,0,411.8262227131038,140,0,0,326,46,0.1411042944785276,280,0.5
2,20260811,126,0,26,1,1,0,277.7583645471585,26,0,0,52,0,0.0,52,0.5
2,20260811,127,0,40,1,1,0,338.4100019830878,40,0,0,80,0,0.0,80,0.5
2,20260812,0,0,63,1,1,0,462.3679500667775,63,0,0,126,0,0.0,126,0.5
2,20260812,1,0,56,1,1,0,300.0744781913189,56,0,0,112,0,0.0,112,0.5
2,20260812,2,1,105,1,1,0,228.86874536203985,125,0,1,230,20,0.08695652173913043,210,0.5
2,20260812,3,0,109,1,1,0,312.97829002557546,109,0,0,225,7,0.03111111111111111,218,0.5
2,20260812,4,0,64,1,1,0,269.7750159285819,64,0,0,128,0,0.0,128,0.5
2,20260812,5,0,27,1,1,0,281.5412901945348,27,0,0,54,0,0.0,54,0.5
2,20260812,6,1,99,1,1,0,312.9382783673996,112,0,1,211,13,0.061611374407582936,198,0.5
2,20260812,7,0,102,1,1,0,382.013437766279,102,0,0,215,11,0.05116279069767442,204,0.5
2,20260812,8,0,79,1,1,0,265.802528683075,79,0,0,158,0,0.0,158,0.5
2,20260812,9,0,58,1,1,0,297.4822755189275,58,0,0,116,0,0.0,116,0.5
2,20260812,10,0,36,1,1,0,432.9327645503496,36,0,0,72,0,0.0,72,0.5
2,20260812,11,0,48,1,1,0,308.69037060448784,48,0,0,96,0,0.0,96,0.5
2,20260812,12,0,107,1,1,0,379.74530446534555,107,0,0,270,56,0.2074074074074074,214,0.5
2,20260812,13,1,103,1,1,0,307.99503385393785,107,0,1,210,4,0.01904761904761905,206,0.5
2,20260812,14,0,161,1,1,0,388.2127106636737,161,0,0,333,11,0.03303303303303303,322,0.5
2,20260812,15,0,114,1,1,0,455.3698201638782,114,0,0,283,55,0.19434628975265017,228,0.5
2,20260812,16,0,71,1,1,0,406.79039514854117,71,0,0,142,0,0.0,142,0.5
2,20260812,17,0,55,1,1,0,417.9508542796515,55,0,0,110,0,0.0,110,0.5
2,20260812,18,0,59,1,1,0,351.56754653064695,59,0,0,118,0,0.0,118,0.5
2,20260812,19,0,106,1,1,0,251.88183938819606,106,0,0,274,62,0.22627737226277372,212,0.5
2,20260812,20,1,157,1,1,0,334.7892757815645,168,0,1,325,11,0.033846153846153845,314,0.5
2,20260812,21,0,48,1,1,0,294.2752260965956,48,0,0,96,0,0.0,96,0.5
2,20260812,22,1,103,1,1,0,361.073932535001,116,0,1,219,13,0.0593607305936073,206,0.5
2,20260812,23,0,34,1,1,0,343.78606172919956,34,0,0,68,0,0.0,68,0.5
2,20260812,24,1,101,1,1,0,409.59193254561325,227,0,1,328,126,0.38414634146341464,202,0.5
2,20260812,25,1,104,1,1,0,397.49843086631586,114,0,1,218,10,0.045871559633027525,208,0.5
2,20260812,26,0,78,1,1,0,350.9003271714365,78,0,0,156,0,0.0,156,0.5
2,20260812,27,0,64,1,1,0,353.37081316820087,64,0,0,128,0,0.0,128,0.5
2,20260812,28,0,48,1,1,0,318.86113231343415,48,0,0,96,0,0.0,96,0.5
2,20260812,29,0,110,1,1,0,255.01635343108396,110,0,0,229,9,0.039301310043668124,220,0.5
2,20260812,30,0,79,1,1,0,341.5264165324227,79,0,0,158,0,0.0,158,0.5
2,20260812,31,1,229,1,1,0,420.2718498611766,476,0,1,705,247,0.350354609929078,458,0.5
2,20260812,32,0,41,1,1,0,268.698978019299,41,0,0,82,0,0.0,82,0.5
2,20260812,33,1,101,1,1,0,279.9304443065606,105,0,1,206,4,0.019417475728155338,202,0.5
2,20260812,34,0,57,1,1,0,297.11098381222905,57,0,0,114,0,0.0,114,0.5
2,20260812,35,0,76,1,1,0,284.4819591563455,76,0,0,152,0,0.0,152,0.5
2,20260812,36,0,48,1,1,0,319.1264419279268,48,0,0,96,0,0.0,96,0.5
2,20260812,37,0,39,1,1,0,364.93185519048984,39,0,0,78,0,0.0,78,0.5
2,20260812,38,1,103,1,1,0,319.6829218637876,128,0,1,231,25,0.10822510822510822,206,0.5
2,20260812,39,0,62,1,1,0,375.9832175134618,62,0,0,124,0,0.0,124,0.5
2,20260812,40,0,69,1,1,0,290.29948752197254,69,0,0,138,0,0.0,138,0.5
2,20260812,41,0,51,1,1,0,309.5930517749787,51,0,0,102,0,0.0,102,0.5
2,20260812,42,0,56,1,1,0,279.4935281083118,56,0,0,112,0,0.0,112,0.5
2,20260812,43,0,72,1,1,0,357.095452852264,72,0,0,144,0,0.0,144,0.5
2,20260812,44,0,34,1,1,0,368.58666759845187,34,0,0,68,0,0.0,68,0.5
2,20260812,45,0,115,1,1,0,437.6456200569521,115,0,0,232,2,0.008620689655172414,230,0.5
2,20260812,46,0,195,1,1,0,456.0208541710315,195,0,0,455,65,0.14285714285714285,390,0.5
2,20260812,47,0,107,1,1,0,399.99532792049433,107,0,0,397,183,0.4609571788413098,214,0.5
2,20260812,48,0,42,1,1,0,274.30053556507403,42,0,0,84,0,0.0,84,0.5
2,20260812,49,0,106,1,1,0,351.8241288045124,106,0,0,214,2,0.009345794392523364,212,0.5
2,20260812,50,0,26,1,1,0,307.57824953759626,26,0,0,52,0,0.0,52,0.5
2,20260812,51,0,45,1,1,0,337.1139218144792,45,0,0,90,0,0.0,90,0.5
2,20260812,52,1,101,1,1,0,307.79669828922545,105,0,1,206,4,0.019417475728155338,202,0.5
2,20260812,53,0,56,1,1,0,366.81519431114884,56,0,0,112,0,0.0,112,0.5
2,20260812,54,0,55,1,1,0,321.891297417877,55,0,0,110,0,0.0,110,0.5
2,20260812,55,1,105,1,1,0,351.1036621574916,163,0,1,268,58,0.21641791044776118,210,0.5
2,20260812,56,1,106,1,1,0,329.5580547574565,241,0,1,347,135,0.38904899135446686,212,0.5
2,20260812,57,0,113,1,1,0,371.5688139762315,113,0,0,281,55,0.19572953736654805,226,0.5
2,20260812,58,0,20,1,1,0,302.2272797430102,20,0,0,40,0,0.0,40,0.5
2,20260812,59,0,123,1,1,0,406.6941136474903,123,0,0,256,10,0.0390625,246,0.5
2,20260812,60,1,112,1,1,0,275.22712556309557,113,0,1,225,1,0.0044444444444444444,224,0.5
2,20260812,61,0,73,1,1,0,298.8275740128853,73,0,0,146,0,0.0,146,0.5
2,20260812,62,0,31,1,1,0,388.53257078519096,31,0,0,62,0,0.0,62,0.5
2,20260812,63,0,111,1,1,0,350.81579895561583,111,0,0,285,63,0.22105263157894736,222,0.5
2,20260812,64,0,70,1,1,0,402.66668348315534,70,0,0,140,0,0.0,140,0.5
2,20260812,65,0,48,1,1,0,343.36499118804716,48,0,0,96,0,0.0,96,0.5
2,20260812,66,0,78,1,1,0,395.093039689017,78,0,0,156,0,0.0,156,0.5
2,20260812,67,0,119,1,1,0,405.420678510283,119,0,0,287,49,0.17073170731707318,238,0.5
2,20260812,68,0,100,1,1,0,292.0686216970499,100,0,0,278,78,0.2805755395683453,200,0.5
2,20260812,69,0,50,1,1,0,383.52802642672305,50,0,0,100,0,0.0,100,0.5
2,20260812,70,1,225,1,1,0,361.7810535335871,320,0,1,545,95,0.1743119266055046,450,0.5
2,20260812,71,0,64,1,1,0,397.84701286121003,64,0,0,128,0,0.0,128,0.5
2,20260812,72,0,42,1,1,0,389.21092265829094,42,0,0,84,0,0.0,84,0.5
2,20260812,73,0,55,1,1,0,350.6306918941581,55,0,0,110,0,0.0,110,0.5
2,20260812,74,0,38,1,1,0,253.0343551656244,38,0,0,76,0,0.0,76,0.5
2,20260812,75,1,97,1,1,0,386.783323929199,109,0,1,206,12,0.05825242718446602,194,0.5
2,20260812,76,0,31,1,1,0,370.065257618161,31,0,0,62,0,0.0,62,0.5
2,20260812,77,0,103,1,1,0,371.6063656574625,103,0,0,217,11,0.05069124423963134,206,0.5
2,20260812,78,0,182,1,1,0,448.5880752121865,182,0,0,431,67,0.1554524361948956,364,0.5
2,20260812,79,0,57,1,1,0,307.86660286048357,57,0,0,114,0,0.0,114,0.5
2,20260812,80,0,47,1,1,0,317.0576598174848,47,0,0,94,0,0.0,94,0.5
2,20260812,81,0,214,1,1,0,316.68532785736824,214,0,0,460,32,0.06956521739130435,428,0.5
2,20260812,82,0,28,1,1,0,334.4343469083832,28,0,0,56,0,0.0,56,0.5
2,20260812,83,0,74,1,1,0,411.64906368028755,74,0,0,148,0,0.0,148,0.5
2,20260812,84,0,15,1,1,0,322.98186855154944,15,0,0,30,0,0.0,30,0.5
2,20260812,85,0,40,1,1,0,351.16358490633706,40,0,0,80,0,0.0,80,0.5
2,20260812,86,1,102,1,1,0,348.5436430328349,107,0,1,209,5,0.023923444976076555,204,0.5
2,20260812,87,0,27,1,1,0,326.39629070078377,27,0,0,54,0,0.0,54,0.5
2,20260812,88,0,122,1,1,0,381.3352845892637,122,0,0,289,45,0.15570934256055363,244,0.5
2,20260812,89,1,98,1,1,0,257.94526407316755,104,0,1,202,6,0.0297029702970297,196,0.5
2,20260812,90,0,52,1,1,0,263.76156424198945,52,0,0,104,0,0.0,104,0.5
2,20260812,91,1,109,1,1,0,337.8857965300411,116,0,1,225,7,0.03111111111111111,218,0.5
2,20260812,92,1,100,1,1,0,421.0418010834951,190,0,1,290,90,0.3103448275862069,200,0.5
2,20260812,93,1,116,1,1,0,358.16023096606546,163,0,1,279,47,0.16845878136200718,232,0.5
2,20260812,94,0,78,1,1,0,316.4697051494902,78,0,0,156,0,0.0,156,0.5
2,20260812,95,0,45,1,1,0,292.30394970583535,45,0,0,90,0,0.0,90,0.5
2,20260812,96,1,100,1,1,0,332.1098569760053,230,0,1,330,130,0.3939393939393939,200,0.5
2,20260812,97,1,116,1,1,0,328.6526530756438,125,0,1,241,9,0.03734439834024896,232,0.5
2,20260812,98,0,39,1,1,0,377.5641594654777,39,0,0,78,0,0.0,78,0.5
2,20260812,99,0,30,1,1,0,338.6416844353823,30,0,0,60,0,0.0,60,0.5
2,20260812,100,0,74,1,1,0,376.69174171649775,74,0,0,148,0,0.0,148,0.5
2,20260812,101,1,114,1,1,0,385.53431696144537,128,0,1,242,14,0.05785123966942149,228,0.5
2,20260812,102,0,47,1,1,0,365.10400826418027,47,0,0,94,0,0.0,94,0.5
2,20260812,103,0,37,1,1,0,355.3991680791694,37,0,0,74,0,0.0,74,0.5
2,20260812,104,0,28,1,1,0,354.6770214562565,28,0,0,56,0,0.0,56,0.5
2,20260812,105,0,99,1,1,0,323.01072159077785,99,0,0,234,36,0.15384615384615385,198,0.5
2,20260812,106,0,38,1,1,0,398.5901052219425,38,0,0,76,0,0.0,76,0.5
2,20260812,107,0,96,1,1,0,343.2624876301847,96,0,0,377,185,0.4907161803713528,192,0.5
2,20260812,108,1,107,1,1,0,467.2708453104052,129,0,1,236,22,0.09322033898305085,214,0.5
2,20260812,109,0,117,1,1,0,328.62093802683444,117,0,0,277,43,0.1552346570397112,234,0.5
2,20260812,110,0,30,1,1,0,178.17802723350303,30,0,0,60,0,0.0,60,0.5
2,20260812,111,0,104,1,1,0,420.8443619814818,104,0,0,210,2,0.009523809523809525,208,0.5
2,20260812,112,0,118,1,1,0,314.84998889577696,118,0,0,240,4,0.016666666666666666,236,0.5
2,20260812,113,1,122,1,1,0,419.20683382476693,123,0,1,245,1,0.004081632653061225,244,0.5
2,20260812,114,0,60,1,1,0,363.80829372027057,60,0,0,120,0,0.0,120,0.5
2,20260812,115,0,41,1,1,0,369.2667686103177,41,0,0,82,0,0.0,82,0.5
2,20260812,116,0,66,1,1,0,317.02132734980955,66,0,0,132,0,0.0,132,0.5
2,20260812,117,0,106,1,1,0,364.49415080970437,106,0,0,219,7,0.0319634703196347,212,0.5
2,20260812,118,1,153,1,1,0,420.1979494375493,159,0,1,312,6,0.019230769230769232,306,0.5
2,20260812,119,0,28,1,1,0,327.1960132793296,28,0,0,56,0,0.0,56,0.5
2,20260812,120,0,79,1,1,0,388.7425127036904,79,0,0,158,0,0.0,158,0.5
2,20260812,121,1,107,1,1,0,355.0717396049763,136,0,1,243,29,0.11934156378600823,214,0.5
2,20260812,122,1,106,1,1,0,363.34051411242217,125,0,1,231,19,0.08225108225108226,212,0.5
2,20260812,123,0,71,1,1,0,416.9448025914576,71,0,0,142,0,0.0,142,0.5
2,20260812,124,0,62,1,1,0,380.02069284891934,62,0,0,124,0,0.0,124,0.5
2,20260812,125,1,105,1,1,0,429.33779600359577,188,0,1,293,83,0.2832764505119454,210,0.5
2,20260812,126,0,32,1,1,0,397.8533136028219,32,0,0,64,0,0.0,64,0.5
2,20260812,127,0,55,1,1,0,425.18770223926964,55,0,0,110,0,0.0,110,0.5
2,20260813,0,0,116,1,1,0,322.758262941327,116,0,0,240,8,0.03333333333333333,232,0.5
2,20260813,1,0,47,1,1,0,296.2905070963624,47,0,0,94,0,0.0,94,0.5
2,20260813,2,0,53,1,1,0,386.07027405217974,53,0,0,106,0,0.0,106,0.5
2,20260813,3,0,59,1,1,0,300.7765497530751,59,0,0,118,0,0.0,118,0.5
2,20260813,4,0,107,1,1,0,335.172982421067,107,0,0,234,20,0.08547008547008547,214,0.5
2,20260813,5,0,105,1,1,0,257.11505237569054,105,0,0,265,55,0.20754716981132076,210,0.5
2,20260813,6,0,159,1,1,0,335.61291711723527,159,0,0,336,18,0.05357142857142857,318,0.5
2,20260813,7,0,19,1,1,0,307.2901367200921,19,0,0,38,0,0.0,38,0.5
2,20260813,8,0,77,1,1,0,364.8442487043315,77,0,0,154,0,0.0,154,0.5
2,20260813,9,1,115,1,1,0,406.0817108421058,180,0,1,295,65,0.22033898305084745,230,0.5
2,20260813,10,1,174,1,1,0,398.98567739370566,253,0,1,427,79,0.18501170960187355,348,0.5
2,20260813,11,0,20,1,1,0,306.4298124422088,20,0,0,40,0,0.0,40,0.5
2,20260813,12,0,23,1,1,0,304.95523891322694,23,0,0,46,0,0.0,46,0.5
2,20260813,13,0,33,1,1,0,336.4008644263488,33,0,0,66,0,0.0,66,0.5
2,20260813,14,0,127,1,1,0,382.86538938284946,127,0,0,475,221,0.4652631578947368,254,0.5
2,20260813,15,1,125,1,1,0,342.01142832036487,176,0,1,301,51,0.16943521594684385,250,0.5
2,20260813,16,0,48,1,1,0,323.26665137131715,48,0,0,96,0,0.0,96,0.5
2,20260813,17,0,57,1,1,0,381.80290936006224,57,0,0,114,0,0.0,114,0.5
2,20260813,18,0,56,1,1,0,292.6934686125596,56,0,0,112,0,0.0,112,0.5
2,20260813,19,0,27,1,1,0,364.0533727987027,27,0,0,54,0,0.0,54,0.5
2,20260813,20,1,104,1,1,0,333.8312200224849,106,0,1,210,2,0.009523809523809525,208,0.5
2,20260813,21,0,68,1,1,0,423.5341061750744,68,0,0,136,0,0.0,136,0.5
2,20260813,22,0,71,1,1,0,329.32839236431755,71,0,0,142,0,0.0,142,0.5
2,20260813,23,0,51,1,1,0,346.8631160052545,51,0,0,102,0,0.0,102,0.5
2,20260813,24,0,45,1,1,0,314.6359893857408,45,0,0,90,0,0.0,90,0.5
2,20260813,25,0,99,1,1,0,406.3167075620164,99,0,0,228,30,0.13157894736842105,198,0.5
2,20260813,26,0,133,1,1,0,305.48385443374156,133,0,0,312,46,0.14743589743589744,266,0.5
2,20260813,27,0,33,1,1,0,276.07715901011966,33,0,0,66,0,0.0,66,0.5
2,20260813,28,0,112,1,1,0,292.1641334495183,112,0,0,283,59,0.20848056537102475,224,0.5
2,20260813,29,0,71,1,1,0,347.85696224591203,71,0,0,142,0,0.0,142,0.5
2,20260813,30,0,74,1,1,0,393.9388886670388,74,0,0,148,0,0.0,148,0.5
2,20260813,31,0,71,1,1,0,341.69174641359547,71,0,0,142,0,0.0,142,0.5
2,20260813,32,0,65,1,1,0,398.06700740843394,65,0,0,130,0,0.0,130,0.5
2,20260813,33,0,55,1,1,0,379.548529931944,55,0,0,110,0,0.0,110,0.5
2,20260813,34,0,49,1,1,0,313.2742330863535,49,0,0,98,0,0.0,98,0.5
2,20260813,35,0,95,1,1,0,346.97747274721576,95,0,0,206,16,0.07766990291262135,190,0.5
2,20260813,36,0,102,1,1,0,338.77999409782416,102,0,0,216,12,0.05555555555555555,204,0.5
2,20260813,37,1,109,1,1,0,258.04020278920916,160,0,1,269,51,0.1895910780669145,218,0.5
2,20260813,38,0,52,1,1,0,423.32501821820387,52,0,0,104,0,0.0,104,0.5
2,20260813,39,0,67,1,1,0,341.2262052362872,67,0,0,134,0,0.0,134,0.5
2,20260813,40,0,29,1,1,0,272.1564497715714,29,0,0,58,0,0.0,58,0.5
2,20260813,41,0,254,1,1,0,376.80543109960723,254,0,0,745,237,0.3181208053691275,508,0.5
2,20260813,42,0,73,1,1,0,292.27485102141736,73,0,0,146,0,0.0,146,0.5
2,20260813,43,0,734,1,1,0,271.2853509699286,734,0,0,1810,342,0.18895027624309393,1468,0.5
2,20260813,44,0,64,1,1,0,329.9626426975352,64,0,0,128,0,0.0,128,0.5
2,20260813,45,1,109,1,1,0,308.376769509436,524,0,1,633,415,0.655608214849921,218,0.5
2,20260813,46,1,101,1,1,0,283.5341270165764,127,0,1,228,26,0.11403508771929824,202,0.5
2,20260813,47,0,70,1,1,0,349.41833801300163,70,0,0,140,0,0.0,140,0.5
2,20260813,48,0,58,1,1,0,384.88258888141934,58,0,0,116,0,0.0,116,0.5
2,20260813,49,1,220,1,1,0,393.50923801225116,380,0,1,600,160,0.26666666666666666,440,0.5
2,20260813,50,0,40,1,1,0,345.53678834428666,40,0,0,80,0,0.0,80,0.5
2,20260813,51,0,59,1,1,0,305.632421506025,59,0,0,118,0,0.0,118,0.5
2,20260813,52,0,66,1,1,0,286.176189006958,66,0,0,132,0,0.0,132,0.5
2,20260813,53,0,103,1,1,0,400.0623055295305,103,0,0,503,297,0.5904572564612326,206,0.5
2,20260813,54,0,43,1,1,0,320.76245513704424,43,0,0,86,0,0.0,86,0.5
2,20260813,55,0,43,1,1,0,293.59551555942437,43,0,0,86,0,0.0,86,0.5
2,20260813,56,0,238,1,1,0,381.2324107936596,238,0,0,851,375,0.4406580493537015,476,0.5
2,20260813,57,0,42,1,1,0,367.6380698097053,42,0,0,84,0,0.0,84,0.5
2,20260813,58,0,62,1,1,0,378.6710961389345,62,0,0,124,0,0.0,124,0.5
2,20260813,59,0,105,1,1,0,419.26100222187495,105,0,0,336,126,0.375,210,0.5
2,20260813,60,0,42,1,1,0,333.32182540367774,42,0,0,84,0,0.0,84,0.5
2,20260813,61,1,99,1,1,0,302.5852114119143,109,0,1,208,10,0.04807692307692308,198,0.5
2,20260813,62,0,112,1,1,0,357.5826927364377,112,0,0,224,0,0.0,224,0.5
2,20260813,63,1,98,1,1,0,355.6245851271416,109,0,1,207,11,0.05314009661835749,196,0.5
2,20260813,64,0,31,1,1,0,289.7162321068455,31,0,0,62,0,0.0,62,0.5
2,20260813,65,0,28,1,1,0,257.1615435259091,28,0,0,56,0,0.0,56,0.5
2,20260813,66,0,119,1,1,0,403.74830396312217,119,0,0,366,128,0.34972677595628415,238,0.5
2,20260813,67,1,99,1,1,0,327.4586724625127,108,0,1,207,9,0.043478260869565216,198,0.5
2,20260813,68,0,60,1,1,0,284.0531234311235,60,0,0,120,0,0.0,120,0.5
2,20260813,69,0,28,1,1,0,280.00104368987314,28,0,0,56,0,0.0,56,0.5
2,20260813,70,0,51,1,1,0,358.3357700822818,51,0,0,102,0,0.0,102,0.5
2,20260813,71,1,188,1,1,0,483.83423995347954,893,0,1,1081,705,0.6521739130434783,376,0.5
2,20260813,72,1,112,1,1,0,292.2826984664391,124,0,1,236,12,0.05084745762711865,224,0.5
2,20260813,73,0,63,1,1,0,300.95782409948276,63,0,0,126,0,0.0,126,0.5
2,20260813,74,0,46,1,1,0,344.7226028375244,46,0,0,92,0,0.0,92,0.5
2,20260813,75,0,62,1,1,0,311.0598987960736,62,0,0,124,0,0.0,124,0.5
2,20260813,76,0,37,1,1,0,242.9607474969524,37,0,0,74,0,0.0,74,0.5
2,20260813,77,0,106,1,1,0,431.6285471986719,106,0,0,231,19,0.08225108225108226,212,0.5
2,20260813,78,0,59,1,1,0,318.52267416997347,59,0,0,118,0,0.0,118,0.5
2,20260813,79,0,28,1,1,0,301.0663410319129,28,0,0,56,0,0.0,56,0.5
2,20260813,80,0,80,1,1,0,333.747179358654,80,0,0,160,0,0.0,160,0.5
2,20260813,81,0,52,1,1,0,275.73362501900294,52,0,0,104,0,0.0,104,0.5
2,20260813,82,0,61,1,1,0,317.9857317631179,61,0,0,122,0,0.0,122,0.5
2,20260813,83,0,168,1,1,0,340.2142629583373,168,0,0,566,230,0.40636042402826855,336,0.5
2,20260813,84,0,30,1,1,0,242.5003544043204,30,0,0,60,0,0.0,60,0.5
2,20260813,85,0,44,1,1,0,390.52954596370387,44,0,0,88,0,0.0,88,0.5
2,20260813,86,1,122,1,1,0,316.67834187219853,248,0,1,370,126,0.34054054054054056,244,0.5
2,20260813,87,1,115,1,1,0,224.6003358467098,167,0,1,282,52,0.18439716312056736,230,0.5
2,20260813,88,0,28,1,1,0,307.5671217276113,28,0,0,56,0,0.0,56,0.5
2,20260813,89,0,69,1,1,0,375.8432311774419,69,0,0,138,0,0.0,138,0.5
2,20260813,90,0,96,1,1,0,296.61553328550997,96,0,0,197,5,0.025380710659898477,192,0.5
2,20260813,91,0,33,1,1,0,263.9181950742098,33,0,0,66,0,0.0,66,0.5
2,20260813,92,1,102,1,1,0,396.69830544608203,178,0,1,280,76,0.2714285714285714,204,0.5
2,20260813,93,0,28,1,1,0,318.2780739433674,28,0,0,56,0,0.0,56,0.5
2,20260813,94,0,36,1,1,0,324.98698064621385,36,0,0,72,0,0.0,72,0.5
2,20260813,95,1,108,1,1,0,408.16297135764245,109,0,1,217,1,0.004608294930875576,216,0.5
2,20260813,96,0,37,1,1,0,322.9638345013785,37,0,0,74,0,0.0,74,0.5
2,20260813,97,0,45,1,1,0,409.2584122017428,45,0,0,90,0,0.0,90,0.5
2,20260813,98,0,121,1,1,0,394.03398885271696,121,0,0,288,46,0.1597222222222222,242,0.5
2,20260813,99,0,31,1,1,0,344.93952255060947,31,0,0,62,0,0.0,62,0.5
2,20260813,100,0,106,1,1,0,344.9930218237743,106,0,0,220,8,0.03636363636363636,212,0.5
2,20260813,101,0,24,1,1,0,251.2938370822915,24,0,0,48,0,0.0,48,0.5
2,20260813,102,0,311,1,1,0,423.4163152193843,311,0,0,719,97,0.1349095966620306,622,0.5
2,20260813,103,0,103,1,1,0,382.15442007559517,103,0,0,274,68,0.24817518248175183,206,0.5
2,20260813,104,1,194,1,1,0,380.85536759234105,343,0,1,537,149,0.2774674115456238,388,0.5
2,20260813,105,0,111,1,1,0,343.60664843032714,111,0,0,227,5,0.022026431718061675,222,0.5
2,20260813,106,1,103,1,1,0,337.9284558089932,115,0,1,218,12,0.05504587155963303,206,0.5
2,20260813,107,0,57,1,1,0,432.28989420784046,57,0,0,114,0,0.0,114,0.5
2,20260813,108,0,30,1,1,0,283.30617820649775,30,0,0,60,0,0.0,60,0.5
2,20260813,109,0,492,1,1,0,404.4221724673488,492,0,0,1032,48,0.046511627906976744,984,0.5
2,20260813,110,1,118,1,1,0,452.77978807125476,250,0,1,368,132,0.358695652173913,236,0.5
2,20260813,111,1,421,1,1,0,302.3193325567587,592,0,1,1013,171,0.1688055281342547,842,0.5
2,20260813,112,0,73,1,1,0,385.53322980581197,73,0,0,146,0,0.0,146,0.5
2,20260813,113,1,97,1,1,0,251.30730816295164,194,0,1,291,97,0.3333333333333333,194,0.5
2,20260813,114,0,34,1,1,0,393.65782232731993,34,0,0,68,0,0.0,68,0.5
2,20260813,115,1,95,1,1,0,322.5926852987649,101,0,1,196,6,0.030612244897959183,190,0.5
2,20260813,116,0,115,1,1,0,349.127098637441,115,0,0,236,6,0.025423728813559324,230,0.5
2,20260813,117,0,40,1,1,0,325.5338271747982,40,0,0,80,0,0.0,80,0.5
2,20260813,118,0,40,1,1,0,323.91576369930044,40,0,0,80,0,0.0,80,0.5
2,20260813,119,0,39,1,1,0,337.3092266541547,39,0,0,78,0,0.0,78,0.5
2,20260813,120,0,49,1,1,0,312.8594605080011,49,0,0,98,0,0.0,98,0.5
2,20260813,121,0,55,1,1,0,437.16530709367737,55,0,0,110,0,0.0,110,0.5
2,20260813,122,0,41,1,1,0,283.49967044706113,41,0,0,82,0,0.0,82,0.5
2,20260813,123,0,34,1,1,0,298.378613105957,34,0,0,68,0,0.0,68,0.5
2,20260813,124,1,104,1,1,0,334.18098848433965,125,0,1,229,21,0.09170305676855896,208,0.5
2,20260813,125,0,79,1,1,0,280.5453520498297,79,0,0,158,0,0.0,158,0.5
2,20260813,126,0,112,1,1,0,380.66609292044836,112,0,0,334,110,0.32934131736526945,224,0.5
2,20260813,127,0,40,1,1,0,312.07016009676124,40,0,0,80,0,0.0,80,0.5
4,20260809,0,0,37,1,1,0,305.55001081021453,37,0,0,148,0,0.0,148,0.75
4,20260809,1,0,51,1,1,0,301.4131020079944,51,0,0,204,0,0.0,204,0.75
4,20260809,2,0,74,1,1,0,390.05367717959547,74,0,0,296,0,0.0,296,0.75
4,20260809,3,0,56,1,1,0,355.07409456717556,56,0,0,224,0,0.0,224,0.75
4,20260809,4,0,53,1,1,0,319.88950307662157,53,0,0,212,0,0.0,212,0.75
4,20260809,5,1,109,1,1,0,284.21464786370336,114,0,1,614,178,0.2899022801302932,436,0.75
4,20260809,6,0,94,1,1,0,320.7666021111063,94,0,0,408,32,0.0784313725490196,376,0.75
4,20260809,7,0,56,1,1,0,357.31860687854106,56,0,0,224,0,0.0,224,0.75
4,20260809,8,0,54,1,1,0,337.51386556784337,54,0,0,216,0,0.0,216,0.75
4,20260809,9,3,104,1,1,0,346.2197260003509,358,0,1,759,343,0.4519104084321476,416,0.75
4,20260809,10,0,53,1,1,0,310.5067186071732,53,0,0,212,0,0.0,212,0.75
4,20260809,11,2,189,1,1,0,377.79970103345676,197,0,1,862,106,0.12296983758700696,756,0.75
4,20260809,12,0,60,1,1,0,409.8993753164099,60,0,0,240,0,0.0,240,0.75
4,20260809,13,2,103,1,1,0,401.15274222330424,237,0,1,1204,792,0.6578073089700996,412,0.75
4,20260809,14,0,39,1,1,0,423.85757918949764,39,0,0,156,0,0.0,156,0.75
4,20260809,15,1,139,1,1,0,367.2808367955942,180,0,1,1238,682,0.5508885298869144,556,0.75
4,20260809,16,2,97,1,1,0,398.0387689876366,115,0,1,688,300,0.436046511627907,388,0.75
4,20260809,17,0,58,1,1,0,294.5323698581094,58,0,0,232,0,0.0,232,0.75
4,20260809,18,2,165,1,1,0,474.42919405834846,355,0,1,1901,1241,0.6528143082588111,660,0.75
4,20260809,19,0,41,1,1,0,375.8485716269149,41,0,0,164,0,0.0,164,0.75
4,20260809,20,0,74,1,1,0,295.8497901266065,74,0,0,296,0,0.0,296,0.75
4,20260809,21,0,26,1,1,0,271.03848372018774,26,0,0,104,0,0.0,104,0.75
4,20260809,22,0,40,1,1,0,320.50100238223763,40,0,0,160,0,0.0,160,0.75
4,20260809,23,1,104,1,1,0,361.61414460354587,124,0,1,443,27,0.060948081264108354,416,0.75
4,20260809,24,2,103,1,1,0,305.98318668042185,105,0,1,421,9,0.021377672209026127,412,0.75
4,20260809,25,3,96,1,1,0,255.2037962494494,130,0,1,494,110,0.22267206477732793,384,0.75
4,20260809,26,3,97,1,1,0,283.0738492423677,116,0,1,436,48,0.11009174311926606,388,0.75
4,20260809,27,0,95,1,1,0,270.1321048618944,95,0,0,417,37,0.08872901678657075,380,0.75
4,20260809,28,2,109,1,1,0,341.7593065559538,188,0,1,760,324,0.4263157894736842,436,0.75
4,20260809,29,1,100,1,1,0,341.4469379014879,112,0,1,446,46,0.1031390134529148,400,0.75
4,20260809,30,0,56,1,1,0,335.8874928717877,56,0,0,224,0,0.0,224,0.75
4,20260809,31,0,22,1,1,0,275.3124962264201,22,0,0,88,0,0.0,88,0.75
4,20260809,32,0,52,1,1,0,334.1424512311711,52,0,0,208,0,0.0,208,0.75
4,20260809,33,2,96,1,1,0,349.11384534613273,228,0,1,607,223,0.3673805601317957,384,0.75
4,20260809,34,3,221,1,1,0,324.7137341638276,460,0,1,1285,401,0.3120622568093385,884,0.75
4,20260809,35,0,64,1,1,0,412.50528973540565,64,0,0,256,0,0.0,256,0.75
4,20260809,36,0,107,1,1,0,390.10989846107816,107,0,0,498,70,0.14056224899598393,428,0.75
4,20260809,37,2,299,1,1,0,358.69156734722276,1274,0,1,5453,4257,0.7806711901705483,1196,0.75
4,20260809,38,2,102,1,1,0,395.9670662091345,107,0,1,684,276,0.40350877192982454,408,0.75
4,20260809,39,0,75,1,1,0,336.89212124604023,75,0,0,300,0,0.0,300,0.75
4,20260809,40,0,101,1,1,0,286.1034102335374,101,0,0,451,47,0.10421286031042129,404,0.75
4,20260809,41,0,40,1,1,0,239.4027688953207,40,0,0,160,0,0.0,160,0.75
4,20260809,42,2,110,1,1,0,333.5397520492287,260,0,1,747,307,0.4109772423025435,440,0.75
4,20260809,43,0,50,1,1,0,402.01405949414766,50,0,0,200,0,0.0,200,0.75
4,20260809,44,0,40,1,1,0,384.61057828523064,40,0,0,160,0,0.0,160,0.75
4,20260809,45,1,99,1,1,0,252.52181520865423,100,0,1,418,22,0.05263157894736842,396,0.75
4,20260809,46,0,40,1,1,0,392.36621478311866,40,0,0,160,0,0.0,160,0.75
4,20260809,47,3,96,1,1,0,305.6225925577264,107,0,1,501,117,0.23353293413173654,384,0.75
4,20260809,48,0,49,1,1,0,392.6752934211929,49,0,0,196,0,0.0,196,0.75
4,20260809,49,0,51,1,1,0,326.4988095837539,51,0,0,204,0,0.0,204,0.75
4,20260809,50,0,29,1,1,0,312.3957280116331,29,0,0,116,0,0.0,116,0.75
4,20260809,51,0,46,1,1,0,270.88026360459173,46,0,0,184,0,0.0,184,0.75
4,20260809,52,0,42,1,1,0,252.36892901675873,42,0,0,168,0,0.0,168,0.75
4,20260809,53,1,107,1,1,0,365.83419112246656,129,0,1,1232,804,0.6525974025974026,428,0.75
4,20260809,54,0,38,1,1,0,378.1257195381372,38,0,0,152,0,0.0,152,0.75
4,20260809,55,1,101,1,1,0,392.9004465118759,120,0,1,502,98,0.1952191235059761,404,0.75
4,20260809,56,0,97,1,1,0,323.26461627809977,97,0,0,686,298,0.43440233236151604,388,0.75
4,20260809,57,0,75,1,1,0,316.688516628645,75,0,0,300,0,0.0,300,0.75
4,20260809,58,0,46,1,1,0,344.88527933146213,46,0,0,184,0,0.0,184,0.75
4,20260809,59,0,62,1,1,0,434.81272223819707,62,0,0,248,0,0.0,248,0.75
4,20260809,60,1,105,1,1,0,313.8771953458272,110,0,1,842,422,0.501187648456057,420,0.75
4,20260809,61,0,95,1,1,0,387.93618423462743,95,0,0,487,107,0.21971252566735114,380,0.75
4,20260809,62,0,70,1,1,0,365.1642157454962,70,0,0,280,0,0.0,280,0.75
4,20260809,63,0,44,1,1,0,428.8281907903941,44,0,0,176,0,0.0,176,0.75
4,20260809,64,0,19,1,1,0,278.7770616951118,19,0,0,76,0,0.0,76,0.75
4,20260809,65,0,30,1,1,0,291.32337817013274,30,0,0,120,0,0.0,120,0.75
4,20260809,66,0,91,1,1,0,308.53379610716627,91,0,0,425,61,0.14352941176470588,364,0.75
4,20260809,67,1,101,1,1,0,465.9121483507699,117,0,1,466,62,0.13304721030042918,404,0.75
4,20260809,68,0,35,1,1,0,278.0653128719078,35,0,0,140,0,0.0,140,0.75
4,20260809,69,0,44,1,1,0,359.1234501595909,44,0,0,176,0,0.0,176,0.75
4,20260809,70,0,57,1,1,0,310.88219261150005,57,0,0,228,0,0.0,228,0.75
4,20260809,71,0,73,1,1,0,233.1465689666065,73,0,0,292,0,0.0,292,0.75
4,20260809,72,0,108,1,1,0,376.0425874188199,108,0,0,493,61,0.12373225152129817,432,0.75
4,20260809,73,0,52,1,1,0,331.86996921267814,52,0,0,208,0,0.0,208,0.75
4,20260809,74,0,61,1,1,0,398.7787774029572,61,0,0,244,0,0.0,244,0.75
4,20260809,75,0,70,1,1,0,430.7796585502889,70,0,0,280,0,0.0,280,0.75
4,20260809,76,2,109,1,1,0,382.80188624662185,122,0,1,913,477,0.5224534501642936,436,0.75
4,20260809,77,2,105,1,1,0,391.5529002960732,107,0,1,499,79,0.15831663326653306,420,0.75
4,20260809,78,0,107,1,1,0,300.3975389344853,107,0,0,769,341,0.4434330299089727,428,0.75
4,20260809,79,0,47,1,1,0,335.311299049251,47,0,0,188,0,0.0,188,0.75
4,20260809,80,2,110,1,1,0,395.43604899012234,134,0,1,490,50,0.10204081632653061,440,0.75
4,20260809,81,1,94,1,1,0,368.5130284866906,131,0,1,585,209,0.3572649572649573,376,0.75
4,20260809,82,1,111,1,1,0,320.86500456496844,121,0,1,482,38,0.07883817427385892,444,0.75
4,20260809,83,0,61,1,1,0,370.4829043143718,61,0,0,244,0,0.0,244,0.75
4,20260809,84,1,104,1,1,0,380.5227292543152,189,0,1,528,112,0.21212121212121213,416,0.75
4,20260809,85,0,35,1,1,0,218.80674915219106,35,0,0,140,0,0.0,140,0.75
4,20260809,86,0,77,1,1,0,352.4878697897103,77,0,0,308,0,0.0,308,0.75
4,20260809,87,1,99,1,1,0,308.6099534110858,127,0,1,473,77,0.16279069767441862,396,0.75
4,20260809,88,0,71,1,1,0,377.12830770045304,71,0,0,284,0,0.0,284,0.75
4,20260809,89,1,110,1,1,0,386.8264544726145,123,0,1,469,29,0.06183368869936034,440,0.75
4,20260809,90,3,101,1,1,0,333.29653870773126,116,0,1,431,27,0.06264501160092807,404,0.75
4,20260809,91,2,140,1,1,0,507.6879744404381,252,0,1,909,349,0.38393839383938394,560,0.75
4,20260809,92,0,41,1,1,0,317.1575995245718,41,0,0,164,0,0.0,164,0.75
4,20260809,93,0,43,1,1,0,295.6517768406006,43,0,0,172,0,0.0,172,0.75
4,20260809,94,2,97,1,1,0,369.1335653508252,119,0,1,425,37,0.08705882352941176,388,0.75
4,20260809,95,0,34,1,1,0,348.0778008716408,34,0,0,136,0,0.0,136,0.75
4,20260809,96,0,93,1,1,0,318.3857792938925,93,0,0,493,121,0.24543610547667344,372,0.75
4,20260809,97,1,101,1,1,0,387.50029049573106,107,0,1,537,133,0.24767225325884543,404,0.75
4,20260809,98,0,56,1,1,0,343.75970392707166,56,0,0,224,0,0.0,224,0.75
4,20260809,99,0,61,1,1,0,318.1060524796931,61,0,0,244,0,0.0,244,0.75
4,20260809,100,0,44,1,1,0,413.8353972973408,44,0,0,176,0,0.0,176,0.75
4,20260809,101,3,99,1,1,0,325.16167111503813,133,0,1,882,486,0.5510204081632653,396,0.75
4,20260809,102,1,90,1,1,0,231.78734774473114,98,0,1,383,23,0.06005221932114883,360,0.75
4,20260809,103,3,114,1,1,0,402.81169848267575,115,0,1,673,217,0.3224368499257058,456,0.75
4,20260809,104,0,46,1,1,0,279.1098242470955,46,0,0,184,0,0.0,184,0.75
4,20260809,105,0,77,1,1,0,379.49944335620603,77,0,0,308,0,0.0,308,0.75
4,20260809,106,0,37,1,1,0,297.62888873369275,37,0,0,148,0,0.0,148,0.75
4,20260809,107,3,120,1,1,0,314.084386828013,130,0,1,714,234,0.3277310924369748,480,0.75
4,20260809,108,3,123,1,1,0,356.2415342049418,291,0,1,1340,848,0.6328358208955224,492,0.75
4,20260809,109,0,35,1,1,0,376.2589780051825,35,0,0,140,0,0.0,140,0.75
4,20260809,110,2,103,1,1,0,467.84757195282816,177,0,1,963,551,0.5721703011422637,412,0.75
4,20260809,111,0,74,1,1,0,388.37976696980843,74,0,0,296,0,0.0,296,0.75
4,20260809,112,0,26,1,1,0,329.4982912348448,26,0,0,104,0,0.0,104,0.75
4,20260809,113,1,98,1,1,0,291.3468267393696,114,0,1,432,40,0.09259259259259259,392,0.75
4,20260809,114,2,123,1,1,0,344.98565189810483,187,0,1,622,130,0.2090032154340836,492,0.75
4,20260809,115,0,28,1,1,0,275.2668813669328,28,0,0,112,0,0.0,112,0.75
4,20260809,116,0,59,1,1,0,332.15867053481225,59,0,0,236,0,0.0,236,0.75
4,20260809,117,0,109,1,1,0,403.88089782242633,109,0,0,602,166,0.2757475083056478,436,0.75
4,20260809,118,0,80,1,1,0,348.66873767960703,80,0,0,320,0,0.0,320,0.75
4,20260809,119,1,89,1,1,0,315.82127565555186,126,0,1,412,56,0.13592233009708737,356,0.75
4,20260809,120,2,97,1,1,0,284.97771612613815,122,0,1,445,57,0.12808988764044943,388,0.75
4,20260809,121,2,100,1,1,0,447.87614201249824,158,0,1,479,79,0.1649269311064718,400,0.75
4,20260809,122,0,34,1,1,0,333.0571256048586,34,0,0,136,0,0.0,136,0.75
4,20260809,123,0,47,1,1,0,374.37340679766857,47,0,0,188,0,0.0,188,0.75
4,20260809,124,2,101,1,1,0,338.560323234984,533,0,1,921,517,0.5613463626492943,404,0.75
4,20260809,125,0,35,1,1,0,351.5145790985248,35,0,0,140,0,0.0,140,0.75
4,20260809,126,0,95,1,1,0,371.4813751533838,95,0,0,486,106,0.21810699588477367,380,0.75
4,20260809,127,1,115,1,1,0,387.6671062726657,117,0,1,467,7,0.014989293361884369,460,0.75
4,20260810,0,0,67,1,1,0,480.8124033205825,67,0,0,268,0,0.0,268,0.75
4,20260810,1,0,31,1,1,0,309.04388017571375,31,0,0,124,0,0.0,124,0.75
4,20260810,2,0,74,1,1,0,324.6141466832845,74,0,0,296,0,0.0,296,0.75
4,20260810,3,3,133,1,1,0,361.57638129521456,471,0,1,1169,637,0.5449101796407185,532,0.75
4,20260810,4,2,162,1,1,0,385.0010389272562,298,0,1,1081,433,0.4005550416281221,648,0.75
4,20260810,5,0,49,1,1,0,402.39280073000907,49,0,0,196,0,0.0,196,0.75
4,20260810,6,0,23,1,1,0,317.60359603138767,23,0,0,92,0,0.0,92,0.75
4,20260810,7,0,97,1,1,0,319.3853007272544,97,0,0,736,348,0.47282608695652173,388,0.75
4,20260810,8,1,98,1,1,0,406.1867792014482,182,0,1,493,101,0.20486815415821502,392,0.75
4,20260810,9,3,133,1,1,0,381.2374351105724,640,0,1,1716,1184,0.6899766899766899,532,0.75
4,20260810,10,0,42,1,1,0,389.27482274900456,42,0,0,168,0,0.0,168,0.75
4,20260810,11,0,50,1,1,0,310.6350021916819,50,0,0,200,0,0.0,200,0.75
4,20260810,12,0,34,1,1,0,307.26354900377316,34,0,0,136,0,0.0,136,0.75
4,20260810,13,1,107,1,1,0,293.1086718208968,159,0,1,498,70,0.14056224899598393,428,0.75
4,20260810,14,0,63,1,1,0,300.91635632150917,63,0,0,252,0,0.0,252,0.75
4,20260810,15,0,17,1,1,0,252.22248931897155,17,0,0,68,0,0.0,68,0.75
4,20260810,16,0,47,1,1,0,283.2190543618213,47,0,0,188,0,0.0,188,0.75
4,20260810,17,0,38,1,1,0,432.5891002910465,38,0,0,152,0,0.0,152,0.75
4,20260810,18,0,72,1,1,0,306.56581176443586,72,0,0,288,0,0.0,288,0.75
4,20260810,19,1,106,1,1,0,394.5198183787094,111,0,1,476,52,0.1092436974789916,424,0.75
4,20260810,20,1,96,1,1,0,312.1312746265167,113,0,1,611,227,0.37152209492635024,384,0.75
4,20260810,21,2,121,1,1,0,335.1955493939895,240,0,1,711,227,0.31926863572433195,484,0.75
4,20260810,22,0,77,1,1,0,259.93352705306546,77,0,0,308,0,0.0,308,0.75
4,20260810,23,0,47,1,1,0,356.6532976900697,47,0,0,188,0,0.0,188,0.75
4,20260810,24,0,66,1,1,0,329.59581165515885,66,0,0,264,0,0.0,264,0.75
4,20260810,25,0,58,1,1,0,323.69010880759095,58,0,0,232,0,0.0,232,0.75
4,20260810,26,1,130,1,1,0,458.6463658308071,183,0,1,877,357,0.4070695553021665,520,0.75
4,20260810,27,0,56,1,1,0,367.95742112817027,56,0,0,224,0,0.0,224,0.75
4,20260810,28,0,45,1,1,0,387.6062702116176,45,0,0,180,0,0.0,180,0.75
4,20260810,29,3,105,1,1,0,317.9454751999341,118,0,1,619,199,0.32148626817447495,420,0.75
4,20260810,30,3,93,1,1,0,262.14995675655496,102,0,1,407,35,0.085995085995086,372,0.75
4,20260810,31,2,117,1,1,0,320.6749026890992,175,0,1,610,142,0.23278688524590163,468,0.75
4,20260810,32,0,31,1,1,0,342.511195653736,31,0,0,124,0,0.0,124,0.75
4,20260810,33,2,238,1,1,0,378.59271724246344,777,0,1,1769,817,0.46184284906726963,952,0.75
4,20260810,34,1,162,1,1,0,429.1275155142177,320,0,1,1270,622,0.48976377952755906,648,0.75
4,20260810,35,3,95,1,1,0,251.44569869450066,97,0,1,1058,678,0.6408317580340265,380,0.75
4,20260810,36,0,47,1,1,0,268.9787330744349,47,0,0,188,0,0.0,188,0.75
4,20260810,37,0,31,1,1,0,267.84315739772256,31,0,0,124,0,0.0,124,0.75
4,20260810,38,0,33,1,1,0,237.64900335488142,33,0,0,132,0,0.0,132,0.75
4,20260810,39,0,99,1,1,0,351.4785887891824,99,0,0,431,35,0.08120649651972157,396,0.75
4,20260810,40,2,96,1,1,0,306.36302040883675,121,0,1,417,33,0.07913669064748201,384,0.75
4,20260810,41,0,48,1,1,0,411.1589156833457,48,0,0,192,0,0.0,192,0.75
4,20260810,42,2,94,1,1,0,326.0882609026059,118,0,1,418,42,0.10047846889952153,376,0.75
4,20260810,43,0,58,1,1,0,260.6769847589577,58,0,0,232,0,0.0,232,0.75
4,20260810,44,0,19,1,1,0,275.70253975706356,19,0,0,76,0,0.0,76,0.75
4,20260810,45,3,112,1,1,0,384.6020183254247,414,0,1,1385,937,0.6765342960288808,448,0.75
4,20260810,46,0,29,1,1,0,361.7899303075512,29,0,0,116,0,0.0,116,0.75
4,20260810,47,0,32,1,1,0,339.42244533667645,32,0,0,128,0,0.0,128,0.75
4,20260810,48,1,111,1,1,0,390.1049413508164,353,0,1,757,313,0.4134742404227213,444,0.75
4,20260810,49,1,103,1,1,0,482.0182005832621,130,0,1,532,120,0.22556390977443608,412,0.75
4,20260810,50,0,50,1,1,0,391.48906460255336,50,0,0,200,0,0.0,200,0.75
4,20260810,51,0,80,1,1,0,307.78982886571316,80,0,0,320,0,0.0,320,0.75
4,20260810,52,0,29,1,1,0,287.9972191539217,29,0,0,116,0,0.0,116,0.75
4,20260810,53,0,100,1,1,0,246.87764107364848,100,0,0,472,72,0.15254237288135594,400,0.75
4,20260810,54,0,55,1,1,0,377.9662967764704,55,0,0,220,0,0.0,220,0.75
4,20260810,55,1,126,1,1,0,336.41706238863185,165,0,1,820,316,0.3853658536585366,504,0.75
4,20260810,56,0,45,1,1,0,350.421304581026,45,0,0,180,0,0.0,180,0.75
4,20260810,57,0,55,1,1,0,297.04059847088024,55,0,0,220,0,0.0,220,0.75
4,20260810,58,1,94,1,1,0,358.73797106955715,111,0,1,428,52,0.12149532710280374,376,0.75
4,20260810,59,0,41,1,1,0,335.111053047567,41,0,0,164,0,0.0,164,0.75
4,20260810,60,2,194,1,1,0,375.5044427451236,604,0,1,1643,867,0.5276932440657334,776,0.75
4,20260810,61,2,101,1,1,0,412.02966680385316,109,0,1,471,67,0.14225053078556263,404,0.75
4,20260810,62,1,102,1,1,0,350.59423583933403,220,0,1,591,183,0.3096446700507614,408,0.75
4,20260810,63,1,115,1,1,0,328.4696951178708,169,0,1,765,305,0.39869281045751637,460,0.75
4,20260810,64,0,110,1,1,0,392.4208936006505,110,0,0,541,101,0.1866913123844732,440,0.75
4,20260810,65,1,106,1,1,0,396.37522690678725,107,0,1,558,134,0.24014336917562723,424,0.75
4,20260810,66,2,94,1,1,0,313.4615880555755,139,0,1,441,65,0.1473922902494331,376,0.75
4,20260810,67,0,75,1,1,0,395.88446168207497,75,0,0,300,0,0.0,300,0.75
4,20260810,68,3,126,1,1,0,345.7668918415852,466,0,1,1477,973,0.6587677725118484,504,0.75
4,20260810,69,0,50,1,1,0,366.1870909689427,50,0,0,200,0,0.0,200,0.75
4,20260810,70,2,105,1,1,0,460.6222206590613,173,0,1,668,248,0.3712574850299401,420,0.75
4,20260810,71,0,25,1,1,0,320.41158200524353,25,0,0,100,0,0.0,100,0.75
4,20260810,72,0,39,1,1,0,291.5410590126605,39,0,0,156,0,0.0,156,0.75
4,20260810,73,0,122,1,1,0,380.27180706655304,122,0,0,927,439,0.47357065803667747,488,0.75
4,20260810,74,3,102,1,1,0,402.41511382803833,200,0,1,522,114,0.21839080459770116,408,0.75
4,20260810,75,0,77,1,1,0,321.88166485712554,77,0,0,308,0,0.0,308,0.75
4,20260810,76,0,97,1,1,0,407.6577917456541,97,0,0,396,8,0.020202020202020204,388,0.75
4,20260810,77,1,110,1,1,0,429.37304492081216,229,0,1,592,152,0.25675675675675674,440,0.75
4,20260810,78,3,111,1,1,0,396.0373706246278,166,0,1,1022,578,0.5655577299412916,444,0.75
4,20260810,79,3,115,1,1,0,444.7699098753334,200,0,1,687,227,0.3304221251819505,460,0.75
4,20260810,80,3,131,1,0,1,473.3226479161337,602,0,1,1216,692,0.569078947368421,524,0.75
4,20260810,81,0,78,1,1,0,365.8579190843311,78,0,0,312,0,0.0,312,0.75
4,20260810,82,0,66,1,1,0,410.9983349571086,66,0,0,264,0,0.0,264,0.75
4,20260810,83,0,45,1,1,0,325.4916677856065,45,0,0,180,0,0.0,180,0.75
4,20260810,84,1,103,1,1,0,383.64413652926464,120,0,1,554,142,0.2563176895306859,412,0.75
4,20260810,85,0,55,1,1,0,321.91490795623884,55,0,0,220,0,0.0,220,0.75
4,20260810,86,3,97,1,1,0,350.42836393516166,170,0,1,540,152,0.2814814814814815,388,0.75
4,20260810,87,1,158,1,1,0,415.32334330296544,253,0,1,867,235,0.2710495963091119,632,0.75
4,20260810,88,0,25,1,1,0,292.5168076348516,25,0,0,100,0,0.0,100,0.75
4,20260810,89,0,72,1,1,0,335.376315386423,72,0,0,288,0,0.0,288,0.75
4,20260810,90,0,51,1,1,0,365.6412040529278,51,0,0,204,0,0.0,204,0.75
4,20260810,91,2,173,1,1,0,374.03572292923786,585,0,1,1540,848,0.5506493506493506,692,0.75
4,20260810,92,1,123,1,1,0,367.115350739533,239,0,1,1358,866,0.6377025036818851,492,0.75
4,20260810,93,0,65,1,1,0,334.54466206311764,65,0,0,260,0,0.0,260,0.75
4,20260810,94,1,103,1,1,0,394.66145131928516,1485,0,1,2216,1804,0.8140794223826715,412,0.75
4,20260810,95,0,74,1,1,0,297.01867454418186,74,0,0,296,0,0.0,296,0.75
4,20260810,96,2,101,1,1,0,302.8122112781904,120,0,1,446,42,0.09417040358744394,404,0.75
4,20260810,97,0,28,1,1,0,331.78832370915063,28,0,0,112,0,0.0,112,0.75
4,20260810,98,0,47,1,1,0,439.9760403243074,47,0,0,188,0,0.0,188,0.75
4,20260810,99,0,54,1,1,0,369.35273147958776,54,0,0,216,0,0.0,216,0.75
4,20260810,100,0,56,1,1,0,336.4107142821904,56,0,0,224,0,0.0,224,0.75
4,20260810,101,0,51,1,1,0,415.9579118687496,51,0,0,204,0,0.0,204,0.75
4,20260810,102,2,113,1,1,0,310.8902834274634,182,0,1,579,127,0.21934369602763384,452,0.75
4,20260810,103,2,110,1,1,0,397.76329228290695,116,0,1,512,72,0.140625,440,0.75
4,20260810,104,0,59,1,1,0,321.1366556994212,59,0,0,236,0,0.0,236,0.75
4,20260810,105,0,72,1,1,0,317.45402775728394,72,0,0,288,0,0.0,288,0.75
4,20260810,106,1,99,1,1,0,266.2690350552433,288,0,1,613,217,0.3539967373572594,396,0.75
4,20260810,107,0,64,1,1,0,391.32215003937597,64,0,0,256,0,0.0,256,0.75
4,20260810,108,0,51,1,1,0,310.15487482723034,51,0,0,204,0,0.0,204,0.75
4,20260810,109,3,98,1,1,0,335.15539441882936,111,0,1,427,35,0.08196721311475409,392,0.75
4,20260810,110,3,101,1,1,0,402.47971616545885,190,0,1,575,171,0.29739130434782607,404,0.75
4,20260810,111,2,104,1,1,0,357.3164459710613,529,0,1,874,458,0.5240274599542334,416,0.75
4,20260810,112,0,71,1,1,0,357.04218189447477,71,0,0,284,0,0.0,284,0.75
4,20260810,113,0,30,1,1,0,278.56803548084486,30,0,0,120,0,0.0,120,0.75
4,20260810,114,0,21,1,1,0,280.1410712738771,21,0,0,84,0,0.0,84,0.75
4,20260810,115,0,74,1,1,0,415.98568841664854,74,0,0,296,0,0.0,296,0.75
4,20260810,116,0,26,1,1,0,306.9698903663811,26,0,0,104,0,0.0,104,0.75
4,20260810,117,1,93,1,1,0,330.0014287031156,103,0,1,396,24,0.06060606060606061,372,0.75
4,20260810,118,1,113,1,1,0,422.5373008031957,230,0,1,708,256,0.3615819209039548,452,0.75
4,20260810,119,0,58,1,1,0,323.2817376809637,58,0,0,232,0,0.0,232,0.75
4,20260810,120,1,103,1,1,0,409.40395185736617,436,0,1,826,414,0.5012106537530266,412,0.75
4,20260810,121,3,96,1,1,0,324.3388805226524,100,0,1,426,42,0.09859154929577464,384,0.75
4,20260810,122,0,30,1,1,0,265.1295361278866,30,0,0,120,0,0.0,120,0.75
4,20260810,123,0,53,1,1,0,265.9838075018389,53,0,0,212,0,0.0,212,0.75
4,20260810,124,0,41,1,1,0,380.2973655884095,41,0,0,164,0,0.0,164,0.75
4,20260810,125,0,43,1,1,0,302.04750776657295,43,0,0,172,0,0.0,172,0.75
4,20260810,126,3,95,1,1,0,402.2528958065567,128,0,1,462,82,0.1774891774891775,380,0.75
4,20260810,127,0,26,1,1,0,362.5627157712985,26,0,0,104,0,0.0,104,0.75
4,20260811,0,0,38,1,1,0,262.72411758213116,38,0,0,152,0,0.0,152,0.75
4,20260811,1,2,178,1,1,0,372.6143304177706,1182,0,1,2072,1360,0.6563706563706564,712,0.75
4,20260811,2,0,51,1,1,0,301.131114823069,51,0,0,204,0,0.0,204,0.75
4,20260811,3,0,45,1,1,0,346.12024981797845,45,0,0,180,0,0.0,180,0.75
4,20260811,4,3,111,1,1,0,293.4020096493244,195,0,1,558,114,0.20430107526881722,444,0.75
4,20260811,5,3,102,1,1,0,332.791384780573,112,0,1,470,62,0.13191489361702127,408,0.75
4,20260811,6,0,21,1,1,0,270.52824890805505,21,0,0,84,0,0.0,84,0.75
4,20260811,7,0,78,1,1,0,373.69719295653067,78,0,0,312,0,0.0,312,0.75
4,20260811,8,1,90,1,1,0,254.5467512994269,164,0,1,546,186,0.34065934065934067,360,0.75
4,20260811,9,0,74,1,1,0,281.26795917260876,74,0,0,296,0,0.0,296,0.75
4,20260811,10,0,32,1,1,0,278.2676039972531,32,0,0,128,0,0.0,128,0.75
4,20260811,11,0,73,1,1,0,334.53197140417876,73,0,0,292,0,0.0,292,0.75
4,20260811,12,3,112,1,1,0,274.51480931794293,168,0,1,725,277,0.3820689655172414,448,0.75
4,20260811,13,1,100,1,1,0,381.0280329923555,186,0,1,535,135,0.2523364485981308,400,0.75
4,20260811,14,0,36,1,1,0,309.29812843956813,36,0,0,144,0,0.0,144,0.75
4,20260811,15,0,100,1,1,0,356.8067888010495,100,0,0,584,184,0.3150684931506849,400,0.75
4,20260811,16,0,109,1,1,0,381.45591896909934,109,0,0,463,27,0.058315334773218146,436,0.75
4,20260811,17,0,66,1,1,0,310.8063991347773,66,0,0,264,0,0.0,264,0.75
4,20260811,18,1,116,1,1,0,331.1423900288015,135,0,1,970,506,0.5216494845360825,464,0.75
4,20260811,19,0,23,1,1,0,316.6001322510972,23,0,0,92,0,0.0,92,0.75
4,20260811,20,3,110,1,1,0,355.5478573757956,165,0,1,561,121,0.21568627450980393,440,0.75
4,20260811,21,1,193,1,1,0,357.46618300252595,224,0,1,931,159,0.17078410311493017,772,0.75
4,20260811,22,0,64,1,1,0,335.4195204053038,64,0,0,256,0,0.0,256,0.75
4,20260811,23,3,111,1,1,0,369.9521821090118,125,0,1,539,95,0.17625231910946196,444,0.75
4,20260811,24,0,73,1,1,0,291.222054809026,73,0,0,292,0,0.0,292,0.75
4,20260811,25,0,107,1,1,0,344.3882184284754,107,0,0,642,214,0.3333333333333333,428,0.75
4,20260811,26,3,100,1,1,0,268.8520196318476,1013,0,1,2689,2289,0.8512458162885831,400,0.75
4,20260811,27,3,103,1,1,0,327.52599093845845,111,0,1,446,34,0.07623318385650224,412,0.75
4,20260811,28,0,101,1,1,0,334.3829562794581,101,0,0,469,65,0.13859275053304904,404,0.75
4,20260811,29,0,34,1,1,0,226.6341805350745,34,0,0,136,0,0.0,136,0.75
4,20260811,30,0,31,1,1,0,332.15061678648215,31,0,0,124,0,0.0,124,0.75
4,20260811,31,0,57,1,1,0,394.7011525225419,57,0,0,228,0,0.0,228,0.75
4,20260811,32,0,23,1,1,0,215.4102062512727,23,0,0,92,0,0.0,92,0.75
4,20260811,33,0,39,1,1,0,336.1170316676389,39,0,0,156,0,0.0,156,0.75
4,20260811,34,0,67,1,1,0,329.3867908013183,67,0,0,268,0,0.0,268,0.75
4,20260811,35,0,30,1,1,0,288.0016818063665,30,0,0,120,0,0.0,120,0.75
4,20260811,36,0,56,1,1,0,308.31499240277907,56,0,0,224,0,0.0,224,0.75
4,20260811,37,0,60,1,1,0,399.8634866343296,60,0,0,240,0,0.0,240,0.75
4,20260811,38,3,92,1,1,0,300.554938065648,112,0,1,455,87,0.1912087912087912,368,0.75
4,20260811,39,1,104,1,1,0,420.1794565039062,132,0,1,583,167,0.2864493996569468,416,0.75
4,20260811,40,0,47,1,1,0,362.53686602792294,47,0,0,188,0,0.0,188,0.75
4,20260811,41,0,122,1,1,0,391.22621835281836,122,0,0,662,174,0.2628398791540785,488,0.75
4,20260811,42,0,36,1,1,0,387.9954543801733,36,0,0,144,0,0.0,144,0.75
4,20260811,43,2,97,1,1,0,307.8712674354049,177,0,1,496,108,0.21774193548387097,388,0.75
4,20260811,44,0,38,1,1,0,327.6861491539229,38,0,0,152,0,0.0,152,0.75
4,20260811,45,2,100,1,1,0,372.65376892029843,110,0,1,429,29,0.0675990675990676,400,0.75
4,20260811,46,0,100,1,1,0,301.61205853105434,100,0,0,435,35,0.08045977011494253,400,0.75
4,20260811,47,0,25,1,1,0,247.78860179454477,25,0,0,100,0,0.0,100,0.75
4,20260811,48,2,96,1,1,0,371.86891322758805,112,0,1,423,39,0.09219858156028368,384,0.75
4,20260811,49,1,97,1,1,0,440.5808197955658,185,0,1,524,136,0.2595419847328244,388,0.75
4,20260811,50,0,37,1,1,0,387.9443357714109,37,0,0,148,0,0.0,148,0.75
4,20260811,51,3,183,1,1,0,503.44845060465224,662,0,1,1857,1125,0.6058158319870759,732,0.75
4,20260811,52,0,52,1,1,0,382.80360607743546,52,0,0,208,0,0.0,208,0.75
4,20260811,53,0,36,1,1,0,303.91476913247425,36,0,0,144,0,0.0,144,0.75
4,20260811,54,2,94,1,1,0,272.32287657241767,108,0,1,441,65,0.1473922902494331,376,0.75
4,20260811,55,0,60,1,1,0,287.7967043305675,60,0,0,240,0,0.0,240,0.75
4,20260811,56,0,43,1,1,0,423.0388808782376,43,0,0,172,0,0.0,172,0.75
4,20260811,57,0,38,1,1,0,353.02400256085264,38,0,0,152,0,0.0,152,0.75
4,20260811,58,0,41,1,1,0,323.6594997170548,41,0,0,164,0,0.0,164,0.75
4,20260811,59,0,80,1,1,0,378.5582317248951,80,0,0,320,0,0.0,320,0.75
4,20260811,60,0,52,1,1,0,344.44423786503944,52,0,0,208,0,0.0,208,0.75
4,20260811,61,0,42,1,1,0,285.8554624869321,42,0,0,168,0,0.0,168,0.75
4,20260811,62,0,63,1,1,0,357.04138853092513,63,0,0,252,0,0.0,252,0.75
4,20260811,63,1,118,1,1,0,437.78503636913285,351,0,1,824,352,0.42718446601941745,472,0.75
4,20260811,64,0,41,1,1,0,303.6858328432943,41,0,0,164,0,0.0,164,0.75
4,20260811,65,0,66,1,1,0,422.47965912491935,66,0,0,264,0,0.0,264,0.75
4,20260811,66,0,56,1,1,0,331.3369314313147,56,0,0,224,0,0.0,224,0.75
4,20260811,67,0,74,1,1,0,342.2232546798244,74,0,0,296,0,0.0,296,0.75
4,20260811,68,2,88,1,1,0,340.42285229145807,99,0,1,405,53,0.1308641975308642,352,0.75
4,20260811,69,0,65,1,1,0,391.72253545393215,65,0,0,260,0,0.0,260,0.75
4,20260811,70,2,109,1,1,0,376.24721734047546,166,0,1,526,90,0.17110266159695817,436,0.75
4,20260811,71,0,25,1,1,0,310.01490580566326,25,0,0,100,0,0.0,100,0.75
4,20260811,72,0,41,1,1,0,352.84321601808324,41,0,0,164,0,0.0,164,0.75
4,20260811,73,0,25,1,1,0,310.44466236312,25,0,0,100,0,0.0,100,0.75
4,20260811,74,2,107,1,1,0,344.5514949490679,120,0,1,679,251,0.3696612665684831,428,0.75
4,20260811,75,0,52,1,1,0,342.8312505552352,52,0,0,208,0,0.0,208,0.75
4,20260811,76,0,34,1,1,0,297.42338731005077,34,0,0,136,0,0.0,136,0.75
4,20260811,77,0,24,1,1,0,229.30055294741283,24,0,0,96,0,0.0,96,0.75
4,20260811,78,0,47,1,1,0,344.03162911500544,47,0,0,188,0,0.0,188,0.75
4,20260811,79,2,107,1,1,0,294.0379031243918,120,0,1,573,145,0.2530541012216405,428,0.75
4,20260811,80,0,60,1,1,0,334.5720061584315,60,0,0,240,0,0.0,240,0.75
4,20260811,81,0,49,1,1,0,325.8422271087139,49,0,0,196,0,0.0,196,0.75
4,20260811,82,0,98,1,1,0,365.2403982125019,98,0,0,539,147,0.2727272727272727,392,0.75
4,20260811,83,0,44,1,1,0,315.3372443972505,44,0,0,176,0,0.0,176,0.75
4,20260811,84,2,122,1,1,0,381.34092883447556,218,0,1,640,152,0.2375,488,0.75
4,20260811,85,0,37,1,1,0,354.48362219517344,37,0,0,148,0,0.0,148,0.75
4,20260811,86,0,63,1,1,0,407.9533747461918,63,0,0,252,0,0.0,252,0.75
4,20260811,87,1,95,1,1,0,359.74126997634687,97,0,1,399,19,0.047619047619047616,380,0.75
4,20260811,88,2,98,1,1,0,343.3950199234805,109,0,1,1098,706,0.6429872495446266,392,0.75
4,20260811,89,2,140,1,1,0,420.37031695035023,191,0,1,797,237,0.2973651191969887,560,0.75
4,20260811,90,0,25,1,1,0,246.74639515316642,25,0,0,100,0,0.0,100,0.75
4,20260811,91,0,29,1,1,0,313.27848194620765,29,0,0,116,0,0.0,116,0.75
4,20260811,92,0,22,1,1,0,323.01129861190566,22,0,0,88,0,0.0,88,0.75
4,20260811,93,0,100,1,1,0,377.187660284707,100,0,0,434,34,0.07834101382488479,400,0.75
4,20260811,94,0,45,1,1,0,383.1934849721052,45,0,0,180,0,0.0,180,0.75
4,20260811,95,0,78,1,1,0,359.5995543930811,78,0,0,312,0,0.0,312,0.75
4,20260811,96,3,98,1,1,0,322.03143439600944,173,0,1,503,111,0.220675944333996,392,0.75
4,20260811,97,0,64,1,1,0,317.60038182777305,64,0,0,256,0,0.0,256,0.75
4,20260811,98,3,100,1,1,0,352.54702006028003,101,0,1,610,210,0.3442622950819672,400,0.75
4,20260811,99,0,73,1,1,0,401.81585677116743,73,0,0,292,0,0.0,292,0.75
4,20260811,100,0,96,1,1,0,323.992084909886,96,0,0,414,30,0.07246376811594203,384,0.75
4,20260811,101,1,93,1,1,0,297.69275424379913,111,0,1,468,96,0.20512820512820512,372,0.75
4,20260811,102,0,56,1,1,0,335.6146327669585,56,0,0,224,0,0.0,224,0.75
4,20260811,103,2,104,1,1,0,434.95507120808304,348,0,1,689,273,0.39622641509433965,416,0.75
4,20260811,104,0,37,1,1,0,273.02990079647054,37,0,0,148,0,0.0,148,0.75
4,20260811,105,0,40,1,1,0,364.3577439188772,40,0,0,160,0,0.0,160,0.75
4,20260811,106,1,95,1,1,0,297.40435938630685,100,0,1,395,15,0.0379746835443038,380,0.75
4,20260811,107,0,23,1,1,0,213.4956104759808,23,0,0,92,0,0.0,92,0.75
4,20260811,108,0,38,1,1,0,289.8043487661604,38,0,0,152,0,0.0,152,0.75
4,20260811,109,0,64,1,1,0,352.74029533656517,64,0,0,256,0,0.0,256,0.75
4,20260811,110,2,100,1,1,0,308.0799663405006,109,0,1,426,26,0.06103286384976526,400,0.75
4,20260811,111,0,66,1,1,0,381.6416946185137,66,0,0,264,0,0.0,264,0.75
4,20260811,112,0,49,1,1,0,335.79839561541064,49,0,0,196,0,0.0,196,0.75
4,20260811,113,0,103,1,1,0,349.6148252781311,103,0,0,437,25,0.057208237986270026,412,0.75
4,20260811,114,0,45,1,1,0,261.2837441177988,45,0,0,180,0,0.0,180,0.75
4,20260811,115,2,113,1,1,0,364.14442074316514,244,0,1,717,265,0.3695955369595537,452,0.75
4,20260811,116,0,66,1,1,0,397.90112693060064,66,0,0,264,0,0.0,264,0.75
4,20260811,117,0,39,1,1,0,318.96539604475856,39,0,0,156,0,0.0,156,0.75
4,20260811,118,0,32,1,1,0,319.93059920173704,32,0,0,128,0,0.0,128,0.75
4,20260811,119,1,96,1,1,0,341.57781372993577,197,0,1,565,181,0.32035398230088497,384,0.75
4,20260811,120,0,67,1,1,0,334.9679760400351,67,0,0,268,0,0.0,268,0.75
4,20260811,121,2,106,1,1,0,355.77914925533673,113,0,1,503,79,0.15705765407554673,424,0.75
4,20260811,122,0,26,1,1,0,315.1942089411042,26,0,0,104,0,0.0,104,0.75
4,20260811,123,1,98,1,1,0,297.44906331513675,106,0,1,443,51,0.11512415349887133,392,0.75
4,20260811,124,0,76,1,1,0,270.6337442728104,76,0,0,304,0,0.0,304,0.75
4,20260811,125,2,125,1,1,0,423.80710869464343,140,0,1,588,88,0.14965986394557823,500,0.75
4,20260811,126,0,26,1,1,0,277.7583645471585,26,0,0,104,0,0.0,104,0.75
4,20260811,127,0,40,1,1,0,338.4100019830878,40,0,0,160,0,0.0,160,0.75
4,20260812,0,0,63,1,1,0,462.3679500667775,63,0,0,252,0,0.0,252,0.75
4,20260812,1,0,56,1,1,0,300.0744781913189,56,0,0,224,0,0.0,224,0.75
4,20260812,2,1,105,1,1,0,228.86874536203985,125,0,1,469,49,0.1044776119402985,420,0.75
4,20260812,3,2,105,1,1,0,339.0785835144577,109,0,1,463,43,0.09287257019438445,420,0.75
4,20260812,4,0,64,1,1,0,269.7750159285819,64,0,0,256,0,0.0,256,0.75
4,20260812,5,0,27,1,1,0,281.5412901945348,27,0,0,108,0,0.0,108,0.75
4,20260812,6,1,99,1,1,0,312.9382783673996,112,0,1,468,72,0.15384615384615385,396,0.75
4,20260812,7,0,102,1,1,0,382.013437766279,102,0,0,440,32,0.07272727272727272,408,0.75
4,20260812,8,0,79,1,1,0,265.802528683075,79,0,0,316,0,0.0,316,0.75
4,20260812,9,0,58,1,1,0,297.4822755189275,58,0,0,232,0,0.0,232,0.75
4,20260812,10,0,36,1,1,0,432.9327645503496,36,0,0,144,0,0.0,144,0.75
4,20260812,11,0,48,1,1,0,308.69037060448784,48,0,0,192,0,0.0,192,0.75
4,20260812,12,0,107,1,1,0,379.74530446534555,107,0,0,507,79,0.15581854043392504,428,0.75
4,20260812,13,3,101,1,1,0,297.07439375274737,107,0,1,415,11,0.02650602409638554,404,0.75
4,20260812,14,0,161,1,1,0,388.2127106636737,161,0,0,1101,457,0.4150772025431426,644,0.75
4,20260812,15,0,114,1,1,0,455.3698201638782,114,0,0,536,80,0.14925373134328357,456,0.75
4,20260812,16,0,71,1,1,0,406.79039514854117,71,0,0,284,0,0.0,284,0.75
4,20260812,17,0,55,1,1,0,417.9508542796515,55,0,0,220,0,0.0,220,0.75
4,20260812,18,0,59,1,1,0,351.56754653064695,59,0,0,236,0,0.0,236,0.75
4,20260812,19,2,103,1,1,0,251.72592853382102,106,0,1,500,88,0.176,412,0.75
4,20260812,20,2,100,1,1,0,322.639670230521,168,0,1,623,223,0.3579454253611557,400,0.75
4,20260812,21,0,48,1,1,0,294.2752260965956,48,0,0,192,0,0.0,192,0.75
4,20260812,22,2,102,1,1,0,355.9209011874211,116,0,1,434,26,0.059907834101382486,408,0.75
4,20260812,23,0,34,1,1,0,343.78606172919956,34,0,0,136,0,0.0,136,0.75
4,20260812,24,1,101,1,1,0,409.59193254561325,227,0,1,564,160,0.28368794326241137,404,0.75
4,20260812,25,2,102,1,1,0,446.8455712085995,114,0,1,438,30,0.0684931506849315,408,0.75
4,20260812,26,0,78,1,1,0,350.9003271714365,78,0,0,312,0,0.0,312,0.75
4,20260812,27,0,64,1,1,0,353.37081316820087,64,0,0,256,0,0.0,256,0.75
4,20260812,28,0,48,1,1,0,318.86113231343415,48,0,0,192,0,0.0,192,0.75
4,20260812,29,2,107,1,1,0,254.8321696637824,110,0,1,453,25,0.05518763796909492,428,0.75
4,20260812,30,0,79,1,1,0,341.5264165324227,79,0,0,316,0,0.0,316,0.75
4,20260812,31,1,229,1,1,0,420.2718498611766,476,0,1,1646,730,0.44349939246658565,916,0.75
4,20260812,32,0,41,1,1,0,268.698978019299,41,0,0,164,0,0.0,164,0.75
4,20260812,33,3,99,1,1,0,271.4207886510146,105,0,1,412,16,0.038834951456310676,396,0.75
4,20260812,34,0,57,1,1,0,297.11098381222905,57,0,0,228,0,0.0,228,0.75
4,20260812,35,0,76,1,1,0,284.4819591563455,76,0,0,304,0,0.0,304,0.75
4,20260812,36,0,48,1,1,0,319.1264419279268,48,0,0,192,0,0.0,192,0.75
4,20260812,37,0,39,1,1,0,364.93185519048984,39,0,0,156,0,0.0,156,0.75
4,20260812,38,1,103,1,1,0,319.6829218637876,128,0,1,502,90,0.17928286852589642,412,0.75
4,20260812,39,0,62,1,1,0,375.9832175134618,62,0,0,248,0,0.0,248,0.75
4,20260812,40,0,69,1,1,0,290.29948752197254,69,0,0,276,0,0.0,276,0.75
4,20260812,41,0,51,1,1,0,309.5930517749787,51,0,0,204,0,0.0,204,0.75
4,20260812,42,0,56,1,1,0,279.4935281083118,56,0,0,224,0,0.0,224,0.75
4,20260812,43,0,72,1,1,0,357.095452852264,72,0,0,288,0,0.0,288,0.75
4,20260812,44,0,34,1,1,0,368.58666759845187,34,0,0,136,0,0.0,136,0.75
4,20260812,45,2,105,1,1,0,421.37289147934587,115,0,1,552,132,0.2391304347826087,420,0.75
4,20260812,46,3,115,1,1,0,418.0416514387885,195,0,1,688,228,0.3313953488372093,460,0.75
4,20260812,47,2,98,1,1,0,381.3812994091816,107,0,1,653,261,0.3996937212863706,392,0.75
4,20260812,48,0,42,1,1,0,274.30053556507403,42,0,0,168,0,0.0,168,0.75
4,20260812,49,0,106,1,1,0,351.8241288045124,106,0,0,519,95,0.18304431599229287,424,0.75
4,20260812,50,0,26,1,1,0,307.57824953759626,26,0,0,104,0,0.0,104,0.75
4,20260812,51,0,45,1,1,0,337.1139218144792,45,0,0,180,0,0.0,180,0.75
4,20260812,52,1,101,1,1,0,307.79669828922545,105,0,1,548,144,0.26277372262773724,404,0.75
4,20260812,53,0,56,1,1,0,366.81519431114884,56,0,0,224,0,0.0,224,0.75
4,20260812,54,0,55,1,1,0,321.891297417877,55,0,0,220,0,0.0,220,0.75
4,20260812,55,1,105,1,1,0,351.1036621574916,163,0,1,568,148,0.2605633802816901,420,0.75
4,20260812,56,1,106,1,1,0,329.5580547574565,241,0,1,603,179,0.296849087893864,424,0.75
4,20260812,57,0,113,1,1,0,371.5688139762315,113,0,0,573,121,0.2111692844677138,452,0.75
4,20260812,58,0,20,1,1,0,302.2272797430102,20,0,0,80,0,0.0,80,0.75
4,20260812,59,2,111,1,1,0,375.5048300157239,123,0,1,540,96,0.17777777777777778,444,0.75
4,20260812,60,3,99,1,1,0,264.8794262776203,113,0,1,434,38,0.08755760368663594,396,0.75
4,20260812,61,0,73,1,1,0,298.8275740128853,73,0,0,292,0,0.0,292,0.75
4,20260812,62,0,31,1,1,0,388.53257078519096,31,0,0,124,0,0.0,124,0.75
4,20260812,63,0,111,1,1,0,350.81579895561583,111,0,0,688,244,0.3546511627906977,444,0.75
4,20260812,64,0,70,1,1,0,402.66668348315534,70,0,0,280,0,0.0,280,0.75
4,20260812,65,0,48,1,1,0,343.36499118804716,48,0,0,192,0,0.0,192,0.75
4,20260812,66,0,78,1,1,0,395.093039689017,78,0,0,312,0,0.0,312,0.75
4,20260812,67,2,115,1,1,0,379.23708320489527,119,0,1,759,299,0.3939393939393939,460,0.75
4,20260812,68,0,100,1,1,0,292.0686216970499,100,0,0,520,120,0.23076923076923078,400,0.75
4,20260812,69,0,50,1,1,0,383.52802642672305,50,0,0,200,0,0.0,200,0.75
4,20260812,70,3,139,1,1,0,356.56309632386626,320,0,1,857,301,0.35122520420070014,556,0.75
4,20260812,71,0,64,1,1,0,397.84701286121003,64,0,0,256,0,0.0,256,0.75
4,20260812,72,0,42,1,1,0,389.21092265829094,42,0,0,168,0,0.0,168,0.75
4,20260812,73,0,55,1,1,0,350.6306918941581,55,0,0,220,0,0.0,220,0.75
4,20260812,74,0,38,1,1,0,253.0343551656244,38,0,0,152,0,0.0,152,0.75
4,20260812,75,1,97,1,1,0,386.783323929199,109,0,1,518,130,0.25096525096525096,388,0.75
4,20260812,76,0,31,1,1,0,370.065257618161,31,0,0,124,0,0.0,124,0.75
4,20260812,77,2,101,1,1,0,366.053925237337,103,0,1,429,25,0.05827505827505827,404,0.75
4,20260812,78,0,182,1,1,0,448.5880752121865,182,0,0,2556,1828,0.7151799687010955,728,0.75
4,20260812,79,0,57,1,1,0,307.86660286048357,57,0,0,228,0,0.0,228,0.75
4,20260812,80,0,47,1,1,0,317.0576598174848,47,0,0,188,0,0.0,188,0.75
4,20260812,81,3,169,1,1,0,309.688947144537,214,0,1,809,133,0.16440049443757726,676,0.75
4,20260812,82,0,28,1,1,0,334.4343469083832,28,0,0,112,0,0.0,112,0.75
4,20260812,83,0,74,1,1,0,411.64906368028755,74,0,0,296,0,0.0,296,0.75
4,20260812,84,0,15,1,1,0,322.98186855154944,15,0,0,60,0,0.0,60,0.75
4,20260812,85,0,40,1,1,0,351.16358490633706,40,0,0,160,0,0.0,160,0.75
4,20260812,86,1,102,1,1,0,348.5436430328349,107,0,1,754,346,0.4588859416445623,408,0.75
4,20260812,87,0,27,1,1,0,326.39629070078377,27,0,0,108,0,0.0,108,0.75
4,20260812,88,0,122,1,1,0,381.3352845892637,122,0,0,679,191,0.2812960235640648,488,0.75
4,20260812,89,1,98,1,1,0,257.94526407316755,104,0,1,456,64,0.14035087719298245,392,0.75
4,20260812,90,0,52,1,1,0,263.76156424198945,52,0,0,208,0,0.0,208,0.75
4,20260812,91,3,105,1,1,0,363.36528283913265,116,0,1,453,33,0.0728476821192053,420,0.75
4,20260812,92,1,100,1,1,0,421.0418010834951,190,0,1,498,98,0.19678714859437751,400,0.75
4,20260812,93,2,96,1,1,0,335.56400295234033,163,0,1,475,91,0.19157894736842104,384,0.75
4,20260812,94,0,78,1,1,0,316.4697051494902,78,0,0,312,0,0.0,312,0.75
4,20260812,95,0,45,1,1,0,292.30394970583535,45,0,0,180,0,0.0,180,0.75
4,20260812,96,3,99,1,1,0,338.81695112555536,230,0,1,653,257,0.39356814701378257,396,0.75
4,20260812,97,1,116,1,1,0,328.6526530756438,125,0,1,529,65,0.12287334593572778,464,0.75
4,20260812,98,0,39,1,1,0,377.5641594654777,39,0,0,156,0,0.0,156,0.75
4,20260812,99,0,30,1,1,0,338.6416844353823,30,0,0,120,0,0.0,120,0.75
4,20260812,100,0,74,1,1,0,376.69174171649775,74,0,0,296,0,0.0,296,0.75
4,20260812,101,1,114,1,1,0,385.53431696144537,128,0,1,588,132,0.22448979591836735,456,0.75
4,20260812,102,0,47,1,1,0,365.10400826418027,47,0,0,188,0,0.0,188,0.75
4,20260812,103,0,37,1,1,0,355.3991680791694,37,0,0,148,0,0.0,148,0.75
4,20260812,104,0,28,1,1,0,354.6770214562565,28,0,0,112,0,0.0,112,0.75
4,20260812,105,0,99,1,1,0,323.01072159077785,99,0,0,462,66,0.14285714285714285,396,0.75
4,20260812,106,0,38,1,1,0,398.5901052219425,38,0,0,152,0,0.0,152,0.75
4,20260812,107,0,96,1,1,0,343.2624876301847,96,0,0,612,228,0.37254901960784315,384,0.75
4,20260812,108,1,107,1,1,0,467.2708453104052,129,0,1,480,52,0.10833333333333334,428,0.75
4,20260812,109,0,117,1,1,0,328.62093802683444,117,0,0,537,69,0.12849162011173185,468,0.75
4,20260812,110,0,30,1,1,0,178.17802723350303,30,0,0,120,0,0.0,120,0.75
4,20260812,111,0,104,1,1,0,420.8443619814818,104,0,0,510,94,0.1843137254901961,416,0.75
4,20260812,112,2,115,1,1,0,318.4010403227877,118,0,1,484,24,0.049586776859504134,460,0.75
4,20260812,113,3,121,1,1,0,439.14780794096555,123,0,1,491,7,0.014256619144602852,484,0.75
4,20260812,114,0,60,1,1,0,363.80829372027057,60,0,0,240,0,0.0,240,0.75
4,20260812,115,0,41,1,1,0,369.2667686103177,41,0,0,164,0,0.0,164,0.75
4,20260812,116,0,66,1,1,0,317.02132734980955,66,0,0,264,0,0.0,264,0.75
4,20260812,117,3,97,1,1,0,365.98894938467174,106,0,1,438,50,0.1141552511415525,388,0.75
4,20260812,118,3,115,1,1,0,407.3706728159728,159,0,1,557,97,0.1741472172351885,460,0.75
4,20260812,119,0,28,1,1,0,327.1960132793296,28,0,0,112,0,0.0,112,0.75
4,20260812,120,0,79,1,1,0,388.7425127036904,79,0,0,316,0,0.0,316,0.75
4,20260812,121,2,100,1,1,0,352.9482156912778,136,0,1,577,177,0.30675909878682844,400,0.75
4,20260812,122,1,106,1,1,0,363.34051411242217,125,0,1,606,182,0.30033003300330036,424,0.75
4,20260812,123,0,71,1,1,0,416.9448025914576,71,0,0,284,0,0.0,284,0.75
4,20260812,124,0,62,1,1,0,380.02069284891934,62,0,0,248,0,0.0,248,0.75
4,20260812,125,2,99,1,1,0,420.8314230045265,188,0,1,513,117,0.22807017543859648,396,0.75
4,20260812,126,0,32,1,1,0,397.8533136028219,32,0,0,128,0,0.0,128,0.75
4,20260812,127,0,55,1,1,0,425.18770223926964,55,0,0,220,0,0.0,220,0.75
4,20260813,0,3,109,1,1,0,315.2786589670093,116,0,1,537,101,0.18808193668528864,436,0.75
4,20260813,1,0,47,1,1,0,296.2905070963624,47,0,0,188,0,0.0,188,0.75
4,20260813,2,0,53,1,1,0,386.07027405217974,53,0,0,212,0,0.0,212,0.75
4,20260813,3,0,59,1,1,0,300.7765497530751,59,0,0,236,0,0.0,236,0.75
4,20260813,4,2,106,1,1,0,330.9707086429198,107,0,1,459,35,0.07625272331154684,424,0.75
4,20260813,5,2,92,1,1,0,242.02280071301777,105,0,1,459,91,0.19825708061002179,368,0.75
4,20260813,6,3,127,1,1,0,343.360286939774,159,0,1,1020,512,0.5019607843137255,508,0.75
4,20260813,7,0,19,1,1,0,307.2901367200921,19,0,0,76,0,0.0,76,0.75
4,20260813,8,0,77,1,1,0,364.8442487043315,77,0,0,308,0,0.0,308,0.75
4,20260813,9,1,115,1,1,0,406.0817108421058,180,0,1,741,281,0.3792172739541161,460,0.75
4,20260813,10,1,174,1,1,0,398.98567739370566,253,0,1,856,160,0.18691588785046728,696,0.75
4,20260813,11,0,20,1,1,0,306.4298124422088,20,0,0,80,0,0.0,80,0.75
4,20260813,12,0,23,1,1,0,304.95523891322694,23,0,0,92,0,0.0,92,0.75
4,20260813,13,0,33,1,1,0,336.4008644263488,33,0,0,132,0,0.0,132,0.75
4,20260813,14,0,127,1,1,0,382.86538938284946,127,0,0,927,419,0.4519956850053937,508,0.75
4,20260813,15,2,93,1,1,0,327.3974225277893,176,0,1,514,142,0.27626459143968873,372,0.75
4,20260813,16,0,48,1,1,0,323.26665137131715,48,0,0,192,0,0.0,192,0.75
4,20260813,17,0,57,1,1,0,381.80290936006224,57,0,0,228,0,0.0,228,0.75
4,20260813,18,0,56,1,1,0,292.6934686125596,56,0,0,224,0,0.0,224,0.75
4,20260813,19,0,27,1,1,0,364.0533727987027,27,0,0,108,0,0.0,108,0.75
4,20260813,20,2,99,1,1,0,358.10154599088753,106,0,1,408,12,0.029411764705882353,396,0.75
4,20260813,21,0,68,1,1,0,423.5341061750744,68,0,0,272,0,0.0,272,0.75
4,20260813,22,0,71,1,1,0,329.32839236431755,71,0,0,284,0,0.0,284,0.75
4,20260813,23,0,51,1,1,0,346.8631160052545,51,0,0,204,0,0.0,204,0.75
4,20260813,24,0,45,1,1,0,314.6359893857408,45,0,0,180,0,0.0,180,0.75
4,20260813,25,0,99,1,1,0,406.3167075620164,99,0,0,446,50,0.11210762331838565,396,0.75
4,20260813,26,2,99,1,1,0,302.577768816277,133,0,1,543,147,0.27071823204419887,396,0.75
4,20260813,27,0,33,1,1,0,276.07715901011966,33,0,0,132,0,0.0,132,0.75
4,20260813,28,2,111,1,1,0,284.2011796166735,112,0,1,507,63,0.1242603550295858,444,0.75
4,20260813,29,0,71,1,1,0,347.85696224591203,71,0,0,284,0,0.0,284,0.75
4,20260813,30,0,74,1,1,0,393.9388886670388,74,0,0,296,0,0.0,296,0.75
4,20260813,31,0,71,1,1,0,341.69174641359547,71,0,0,284,0,0.0,284,0.75
4,20260813,32,0,65,1,1,0,398.06700740843394,65,0,0,260,0,0.0,260,0.75
4,20260813,33,0,55,1,1,0,379.548529931944,55,0,0,220,0,0.0,220,0.75
4,20260813,34,0,49,1,1,0,313.2742330863535,49,0,0,196,0,0.0,196,0.75
4,20260813,35,0,95,1,1,0,346.97747274721576,95,0,0,450,70,0.15555555555555556,380,0.75
4,20260813,36,2,96,1,1,0,346.01226498935347,102,0,1,415,31,0.0746987951807229,384,0.75
4,20260813,37,1,109,1,1,0,258.04020278920916,160,0,1,515,79,0.1533980582524272,436,0.75
4,20260813,38,0,52,1,1,0,423.32501821820387,52,0,0,208,0,0.0,208,0.75
4,20260813,39,0,67,1,1,0,341.2262052362872,67,0,0,268,0,0.0,268,0.75
4,20260813,40,0,29,1,1,0,272.1564497715714,29,0,0,116,0,0.0,116,0.75
4,20260813,41,2,114,1,1,0,345.7921107244915,254,0,1,989,533,0.538928210313448,456,0.75
4,20260813,42,0,73,1,1,0,292.27485102141736,73,0,0,292,0,0.0,292,0.75
4,20260813,43,2,183,1,1,0,284.19262746444326,734,0,1,2187,1455,0.6652949245541838,732,0.75
4,20260813,44,0,64,1,1,0,329.9626426975352,64,0,0,256,0,0.0,256,0.75
4,20260813,45,1,109,1,1,0,308.376769509436,524,0,1,1201,765,0.6369691923397169,436,0.75
4,20260813,46,1,101,1,1,0,283.5341270165764,127,0,1,436,32,0.07339449541284404,404,0.75
4,20260813,47,0,70,1,1,0,349.41833801300163,70,0,0,280,0,0.0,280,0.75
4,20260813,48,0,58,1,1,0,384.88258888141934,58,0,0,232,0,0.0,232,0.75
4,20260813,49,3,128,1,1,0,388.5161796041756,380,0,1,956,444,0.46443514644351463,512,0.75
4,20260813,50,0,40,1,1,0,345.53678834428666,40,0,0,160,0,0.0,160,0.75
4,20260813,51,0,59,1,1,0,305.632421506025,59,0,0,236,0,0.0,236,0.75
4,20260813,52,0,66,1,1,0,286.176189006958,66,0,0,264,0,0.0,264,0.75
4,20260813,53,0,103,1,1,0,400.0623055295305,103,0,0,998,586,0.5871743486973948,412,0.75
4,20260813,54,0,43,1,1,0,320.76245513704424,43,0,0,172,0,0.0,172,0.75
4,20260813,55,0,43,1,1,0,293.59551555942437,43,0,0,172,0,0.0,172,0.75
4,20260813,56,3,140,1,1,0,364.1342250930862,238,0,1,1474,914,0.6200814111261872,560,0.75
4,20260813,57,0,42,1,1,0,367.6380698097053,42,0,0,168,0,0.0,168,0.75
4,20260813,58,0,62,1,1,0,378.6710961389345,62,0,0,248,0,0.0,248,0.75
4,20260813,59,0,105,1,1,0,419.26100222187495,105,0,0,831,411,0.49458483754512633,420,0.75
4,20260813,60,0,42,1,1,0,333.32182540367774,42,0,0,168,0,0.0,168,0.75
4,20260813,61,1,99,1,1,0,302.5852114119143,109,0,1,432,36,0.08333333333333333,396,0.75
4,20260813,62,2,98,1,1,0,345.8777142249784,112,0,1,436,44,0.10091743119266056,392,0.75
4,20260813,63,1,98,1,1,0,355.6245851271416,109,0,1,421,29,0.0688836104513064,392,0.75
4,20260813,64,0,31,1,1,0,289.7162321068455,31,0,0,124,0,0.0,124,0.75
4,20260813,65,0,28,1,1,0,257.1615435259091,28,0,0,112,0,0.0,112,0.75
4,20260813,66,2,112,1,1,0,391.9057626405091,119,0,1,1018,570,0.5599214145383105,448,0.75
4,20260813,67,1,99,1,1,0,327.4586724625127,108,0,1,481,85,0.17671517671517672,396,0.75
4,20260813,68,0,60,1,1,0,284.0531234311235,60,0,0,240,0,0.0,240,0.75
4,20260813,69,0,28,1,1,0,280.00104368987314,28,0,0,112,0,0.0,112,0.75
4,20260813,70,0,51,1,1,0,358.3357700822818,51,0,0,204,0,0.0,204,0.75
4,20260813,71,3,166,1,1,0,430.6000361225472,893,0,1,1793,1129,0.6296709425543782,664,0.75
4,20260813,72,2,111,1,1,0,293.3628047005749,124,0,1,471,27,0.05732484076433121,444,0.75
4,20260813,73,0,63,1,1,0,300.95782409948276,63,0,0,252,0,0.0,252,0.75
4,20260813,74,0,46,1,1,0,344.7226028375244,46,0,0,184,0,0.0,184,0.75
4,20260813,75,0,62,1,1,0,311.0598987960736,62,0,0,248,0,0.0,248,0.75
4,20260813,76,0,37,1,1,0,242.9607474969524,37,0,0,148,0,0.0,148,0.75
4,20260813,77,0,106,1,1,0,431.6285471986719,106,0,0,453,29,0.0640176600441501,424,0.75
4,20260813,78,0,59,1,1,0,318.52267416997347,59,0,0,236,0,0.0,236,0.75
4,20260813,79,0,28,1,1,0,301.0663410319129,28,0,0,112,0,0.0,112,0.75
4,20260813,80,0,80,1,1,0,333.747179358654,80,0,0,320,0,0.0,320,0.75
4,20260813,81,0,52,1,1,0,275.73362501900294,52,0,0,208,0,0.0,208,0.75
4,20260813,82,0,61,1,1,0,317.9857317631179,61,0,0,244,0,0.0,244,0.75
4,20260813,83,2,121,1,1,0,322.6289574408212,168,0,1,925,441,0.47675675675675677,484,0.75
4,20260813,84,0,30,1,1,0,242.5003544043204,30,0,0,120,0,0.0,120,0.75
4,20260813,85,0,44,1,1,0,390.52954596370387,44,0,0,176,0,0.0,176,0.75
4,20260813,86,2,115,1,1,0,347.06588176234095,248,0,1,660,200,0.30303030303030304,460,0.75
4,20260813,87,3,100,1,1,0,221.18861695781132,167,0,1,624,224,0.358974358974359,400,0.75
4,20260813,88,0,28,1,1,0,307.5671217276113,28,0,0,112,0,0.0,112,0.75
4,20260813,89,0,69,1,1,0,375.8432311774419,69,0,0,276,0,0.0,276,0.75
4,20260813,90,0,96,1,1,0,296.61553328550997,96,0,0,412,28,0.06796116504854369,384,0.75
4,20260813,91,0,33,1,1,0,263.9181950742098,33,0,0,132,0,0.0,132,0.75
4,20260813,92,1,102,1,1,0,396.69830544608203,178,0,1,514,106,0.20622568093385213,408,0.75
4,20260813,93,0,28,1,1,0,318.2780739433674,28,0,0,112,0,0.0,112,0.75
4,20260813,94,0,36,1,1,0,324.98698064621385,36,0,0,144,0,0.0,144,0.75
4,20260813,95,1,108,1,1,0,408.16297135764245,109,0,1,512,80,0.15625,432,0.75
4,20260813,96,0,37,1,1,0,322.9638345013785,37,0,0,148,0,0.0,148,0.75
4,20260813,97,0,45,1,1,0,409.2584122017428,45,0,0,180,0,0.0,180,0.75
4,20260813,98,2,105,1,1,0,367.09857746904277,121,0,1,508,88,0.1732283464566929,420,0.75
4,20260813,99,0,31,1,1,0,344.93952255060947,31,0,0,124,0,0.0,124,0.75
4,20260813,100,3,93,1,1,0,338.89590614871156,106,0,1,421,49,0.1163895486935867,372,0.75
4,20260813,101,0,24,1,1,0,251.2938370822915,24,0,0,96,0,0.0,96,0.75
4,20260813,102,0,311,1,1,0,423.4163152193843,311,0,0,2892,1648,0.5698478561549101,1244,0.75
4,20260813,103,0,103,1,1,0,382.15442007559517,103,0,0,520,108,0.2076923076923077,412,0.75
4,20260813,104,2,118,1,1,0,385.02906195873794,343,0,1,837,365,0.43608124253285546,472,0.75
4,20260813,105,3,101,1,1,0,317.7091819179394,111,0,1,439,35,0.07972665148063782,404,0.75
4,20260813,106,2,99,1,1,0,334.9648104174148,115,0,1,428,32,0.07476635514018691,396,0.75
4,20260813,107,0,57,1,1,0,432.28989420784046,57,0,0,228,0,0.0,228,0.75
4,20260813,108,0,30,1,1,0,283.30617820649775,30,0,0,120,0,0.0,120,0.75
4,20260813,109,2,363,1,1,0,421.4175863905442,492,0,1,1774,322,0.18151071025930102,1452,0.75
4,20260813,110,2,107,1,1,0,396.8187931614271,250,0,1,608,180,0.29605263157894735,428,0.75
4,20260813,111,1,421,1,1,0,302.3193325567587,592,0,1,4067,2383,0.5859355790508974,1684,0.75
4,20260813,112,0,73,1,1,0,385.53322980581197,73,0,0,292,0,0.0,292,0.75
4,20260813,113,1,97,1,1,0,251.30730816295164,194,0,1,564,176,0.3120567375886525,388,0.75
4,20260813,114,0,34,1,1,0,393.65782232731993,34,0,0,136,0,0.0,136,0.75
4,20260813,115,1,95,1,1,0,322.5926852987649,101,0,1,436,56,0.12844036697247707,380,0.75
4,20260813,116,0,115,1,1,0,349.127098637441,115,0,0,762,302,0.3963254593175853,460,0.75
4,20260813,117,0,40,1,1,0,325.5338271747982,40,0,0,160,0,0.0,160,0.75
4,20260813,118,0,40,1,1,0,323.91576369930044,40,0,0,160,0,0.0,160,0.75
4,20260813,119,0,39,1,1,0,337.3092266541547,39,0,0,156,0,0.0,156,0.75
4,20260813,120,0,49,1,1,0,312.8594605080011,49,0,0,196,0,0.0,196,0.75
4,20260813,121,0,55,1,1,0,437.16530709367737,55,0,0,220,0,0.0,220,0.75
4,20260813,122,0,41,1,1,0,283.49967044706113,41,0,0,164,0,0.0,164,0.75
4,20260813,123,0,34,1,1,0,298.378613105957,34,0,0,136,0,0.0,136,0.75
4,20260813,124,3,95,1,1,0,323.28727856609953,125,0,1,429,49,0.11421911421911422,380,0.75
4,20260813,125,0,79,1,1,0,280.5453520498297,79,0,0,316,0,0.0,316,0.75
4,20260813,126,0,112,1,1,0,380.66609292044836,112,0,0,824,376,0.4563106796116505,448,0.75
4,20260813,127,0,40,1,1,0,312.07016009676124,40,0,0,160,0,0.0,160,0.75
