sample_seed,seed_index,shot,engine,decoder_seed,syndrome_sample_hash,logical_sample_hash,syndrome_converged,logical_correct,syndrome_valid_logical_error,non_convergence,iterations,relay_legs,weight,natural_cycles,result_cycles,rng_words,gamma_coefficients,initial_rng_state,final_rng_state
20260809,0,0,0,8797755741708845560,809728c63175a221bdabe78232f505c69225402f09a3a46dd515ca176868671a,7e69d10359af14323ef4bf7f2eec044ddcbe3c4983de5ed9b3858c2ef3e2f6dc,1,1,0,0,37,1,305.55001081021453,141222862,141222861,0,0,8797755741708845560,8797755741708845560
20260809,0,0,1,4046486799679479078,809728c63175a221bdabe78232f505c69225402f09a3a46dd515ca176868671a,7e69d10359af14323ef4bf7f2eec044ddcbe3c4983de5ed9b3858c2ef3e2f6dc,1,1,0,0,37,1,305.55001081021453,141222862,141222861,0,0,4046486799679479078,4046486799679479078
20260809,0,0,2,5478164851480253976,809728c63175a221bdabe78232f505c69225402f09a3a46dd515ca176868671a,7e69d10359af14323ef4bf7f2eec044ddcbe3c4983de5ed9b3858c2ef3e2f6dc,1,1,0,0,37,1,305.55001081021453,141222862,141222861,0,0,5478164851480253976,5478164851480253976
20260809,0,0,3,15605255772535667452,809728c63175a221bdabe78232f505c69225402f09a3a46dd515ca176868671a,7e69d10359af14323ef4bf7f2eec044ddcbe3c4983de5ed9b3858c2ef3e2f6dc,1,1,0,0,37,1,305.55001081021453,141222862,141222861,0,0,15605255772535667452,15605255772535667452
20260809,0,1,0,12605300877999184540,166b15a81799b71c1c2ab601d1eea264cb1034275fa57bde52c0a7d87bdbb846,e461832bf49f723091624dcc5636e4dcc4f0c2c47272f76a3610c59d5c0c2720,1,1,0,0,51,1,301.4131020079944,194265908,194265907,0,0,12605300877999184540,12605300877999184540
20260809,0,1,1,884961374727021234,166b15a81799b71c1c2ab601d1eea264cb1034275fa57bde52c0a7d87bdbb846,e461832bf49f723091624dcc5636e4dcc4f0c2c47272f76a3610c59d5c0c2720,1,1,0,0,51,1,301.4131020079944,194265908,194265907,0,0,884961374727021234,884961374727021234
20260809,0,1,2,3292909295008761696,166b15a81799b71c1c2ab601d1eea264cb1034275fa57bde52c0a7d87bdbb846,e461832bf49f723091624dcc5636e4dcc4f0c2c47272f76a3610c59d5c0c2720,1,1,0,0,51,1,301.4131020079944,194265908,194265907,0,0,3292909295008761696,3292909295008761696
20260809,0,1,3,17548837207819755971,166b15a81799b71c1c2ab601d1eea264cb1034275fa57bde52c0a7d87bdbb846,e461832bf49f723091624dcc5636e4dcc4f0c2c47272f76a3610c59d5c0c2720,1,1,0,0,51,1,301.4131020079944,194265908,194265907,0,0,17548837207819755971,17548837207819755971
20260809,0,2,0,2266240012809103972,82b23d5bf20f75d64b81ce16a7d1b92ec6fb74c8800fd8908ce535cb20deaf60,16418623d44a0ed847bcc99bdd47e4482448a2e52ca6298f18d63d2dec7a5634,1,1,0,0,74,1,390.05367717959547,281408055,281408054,0,0,2266240012809103972,2266240012809103972
20260809,0,2,1,4774499527954843691,82b23d5bf20f75d64b81ce16a7d1b92ec6fb74c8800fd8908ce535cb20deaf60,16418623d44a0ed847bcc99bdd47e4482448a2e52ca6298f18d63d2dec7a5634,1,1,0,0,74,1,390.05367717959547,281408055,281408054,0,0,4774499527954843691,4774499527954843691
20260809,0,2,2,13865111075063579468,82b23d5bf20f75d64b81ce16a7d1b92ec6fb74c8800fd8908ce535cb20deaf60,16418623d44a0ed847bcc99bdd47e4482448a2e52ca6298f18d63d2dec7a5634,1,1,0,0,74,1,390.05367717959547,281408055,281408054,0,0,13865111075063579468,13865111075063579468
20260809,0,2,3,6027565879965372690,82b23d5bf20f75d64b81ce16a7d1b92ec6fb74c8800fd8908ce535cb20deaf60,16418623d44a0ed847bcc99bdd47e4482448a2e52ca6298f18d63d2dec7a5634,1,1,0,0,74,1,390.05367717959547,281408055,281408054,0,0,6027565879965372690,6027565879965372690
20260809,0,3,0,11596314071846552675,eb551b821cb26ac287b9bd9601e868a2a182e59e46c3f230199b0799559d6aca,5d3bade67a75582b3a1276fff4965603aacce99d17875fc2893fcae5b7a04c51,1,1,0,0,56,1,355.07409456717556,213209853,213209852,0,0,11596314071846552675,11596314071846552675
20260809,0,3,1,10184384423030001450,eb551b821cb26ac287b9bd9601e868a2a182e59e46c3f230199b0799559d6aca,5d3bade67a75582b3a1276fff4965603aacce99d17875fc2893fcae5b7a04c51,1,1,0,0,56,1,355.07409456717556,213209853,213209852,0,0,10184384423030001450,10184384423030001450
20260809,0,3,2,14590889525336413742,eb551b821cb26ac287b9bd9601e868a2a182e59e46c3f230199b0799559d6aca,5d3bade67a75582b3a1276fff4965603aacce99d17875fc2893fcae5b7a04c51,1,1,0,0,56,1,355.07409456717556,213209853,213209852,0,0,14590889525336413742,14590889525336413742
20260809,0,3,3,15501533069486074426,eb551b821cb26ac287b9bd9601e868a2a182e59e46c3f230199b0799559d6aca,5d3bade67a75582b3a1276fff4965603aacce99d17875fc2893fcae5b7a04c51,1,1,0,0,56,1,355.07409456717556,213209853,213209852,0,0,15501533069486074426,15501533069486074426
20260809,0,4,0,10141677951677065804,88b0232431c3ba6a2ea126679ed4feab56855bb830cd6697f80fab501aa06336,d094939805b9135df6af5f768bdd216743edb9b215f402a2b5842354624885bc,1,1,0,0,53,1,319.88950307662157,201843486,201843485,0,0,10141677951677065804,10141677951677065804
20260809,0,4,1,7652924299329715263,88b0232431c3ba6a2ea126679ed4feab56855bb830cd6697f80fab501aa06336,d094939805b9135df6af5f768bdd216743edb9b215f402a2b5842354624885bc,1,1,0,0,53,1,319.88950307662157,201843486,201843485,0,0,7652924299329715263,7652924299329715263
20260809,0,4,2,10469070698460948334,88b0232431c3ba6a2ea126679ed4feab56855bb830cd6697f80fab501aa06336,d094939805b9135df6af5f768bdd216743edb9b215f402a2b5842354624885bc,1,1,0,0,53,1,319.88950307662157,201843486,201843485,0,0,10469070698460948334,10469070698460948334
20260809,0,4,3,12213013971847301441,88b0232431c3ba6a2ea126679ed4feab56855bb830cd6697f80fab501aa06336,d094939805b9135df6af5f768bdd216743edb9b215f402a2b5842354624885bc,1,1,0,0,53,1,319.88950307662157,201843486,201843485,0,0,12213013971847301441,12213013971847301441
20260809,0,5,0,8763808320666350717,e97455f276f007073207e17c575f1ce4ce4a50b6020809b8126a3b9903872a1b,b8a9b66ecf8af158c7927d93c155e6c5f424aae220e1e2036457a9141ba6bdbd,1,1,0,0,171,3,316.84328107015574,651053029,651053028,192605,135504,8763808320666350717,9031751074107457166
20260809,0,5,1,8612741554530423899,e97455f276f007073207e17c575f1ce4ce4a50b6020809b8126a3b9903872a1b,b8a9b66ecf8af158c7927d93c155e6c5f424aae220e1e2036457a9141ba6bdbd,1,1,0,0,160,3,347.01317355769663,609376422,609376421,192677,135504,8612741554530423899,1363259448471898655
20260809,0,5,2,17019221213435504463,e97455f276f007073207e17c575f1ce4ce4a50b6020809b8126a3b9903872a1b,b8a9b66ecf8af158c7927d93c155e6c5f424aae220e1e2036457a9141ba6bdbd,1,1,0,0,183,3,329.40531825253197,696518812,696518811,192920,135504,17019221213435504463,18390900747683871008
20260809,0,5,3,18024218339995203717,e97455f276f007073207e17c575f1ce4ce4a50b6020809b8126a3b9903872a1b,b8a9b66ecf8af158c7927d93c155e6c5f424aae220e1e2036457a9141ba6bdbd,1,1,0,0,169,3,345.95210147102773,643475250,643475249,192404,135504,18024218339995203717,7683810645717364044
20260809,0,6,0,16046846968248299819,6915cccea23d20cacad8f8576f728e62387110f353b22570443b885966705747,491e503ba40e8d303d46b4b51b14826ae08e8c8c3ded6f1441ef1d5d53c42534,1,1,0,0,344,6,336.4875143954213,1309713132,1309713131,482460,338760,16046846968248299819,16872956026041370963
20260809,0,6,1,4229790578053323825,6915cccea23d20cacad8f8576f728e62387110f353b22570443b885966705747,491e503ba40e8d303d46b4b51b14826ae08e8c8c3ded6f1441ef1d5d53c42534,1,1,0,0,458,8,345.5750510309549,1743766781,1743766780,674329,474264,4229790578053323825,10853915614798366808
20260809,0,6,2,13089556862965044731,6915cccea23d20cacad8f8576f728e62387110f353b22570443b885966705747,491e503ba40e8d303d46b4b51b14826ae08e8c8c3ded6f1441ef1d5d53c42534,1,1,0,0,166,3,310.5734592393694,632109214,632109213,192735,135504,13089556862965044731,3030447733978602742
20260809,0,6,3,4914661607628090427,6915cccea23d20cacad8f8576f728e62387110f353b22570443b885966705747,491e503ba40e8d303d46b4b51b14826ae08e8c8c3ded6f1441ef1d5d53c42534,1,1,0,0,278,5,330.65314471588124,1058585881,1058585880,385200,271008,4914661607628090427,3576685222184403989
20260809,0,7,0,14472511681705215893,d7d2e5bc152e605a287527b1d89f7b29c3570c37ca53e46a30e079b6db5673c7,0e3bdfef7f1cf00965b73016d8fbbe07b2f1fa7df57d4369ba552574fa6edfd0,1,1,0,0,56,1,357.31860687854106,213209853,213209852,0,0,14472511681705215893,14472511681705215893
20260809,0,7,1,7896154883791277071,d7d2e5bc152e605a287527b1d89f7b29c3570c37ca53e46a30e079b6db5673c7,0e3bdfef7f1cf00965b73016d8fbbe07b2f1fa7df57d4369ba552574fa6edfd0,1,1,0,0,56,1,357.31860687854106,213209853,213209852,0,0,7896154883791277071,7896154883791277071
20260809,0,7,2,11627094531267489173,d7d2e5bc152e605a287527b1d89f7b29c3570c37ca53e46a30e079b6db5673c7,0e3bdfef7f1cf00965b73016d8fbbe07b2f1fa7df57d4369ba552574fa6edfd0,1,1,0,0,56,1,357.31860687854106,213209853,213209852,0,0,11627094531267489173,11627094531267489173
20260809,0,7,3,15892881923633400285,d7d2e5bc152e605a287527b1d89f7b29c3570c37ca53e46a30e079b6db5673c7,0e3bdfef7f1cf00965b73016d8fbbe07b2f1fa7df57d4369ba552574fa6edfd0,1,1,0,0,56,1,357.31860687854106,213209853,213209852,0,0,15892881923633400285,15892881923633400285
20260809,0,8,0,4195653764737705966,b7a8cc09030bcfa2e854e82f8c8f158b4daca6b1c82bd9ebe3565d678d713198,810ec9dd94477aeb42f7efff2ce01c4e5f1c091b09fb1b7e5534fa9b58a4109d,1,1,0,0,54,1,337.51386556784337,205632275,205632274,0,0,4195653764737705966,4195653764737705966
20260809,0,8,1,12631610141971852844,b7a8cc09030bcfa2e854e82f8c8f158b4daca6b1c82bd9ebe3565d678d713198,810ec9dd94477aeb42f7efff2ce01c4e5f1c091b09fb1b7e5534fa9b58a4109d,1,1,0,0,54,1,337.51386556784337,205632275,205632274,0,0,12631610141971852844,12631610141971852844
20260809,0,8,2,2875604248429452519,b7a8cc09030bcfa2e854e82f8c8f158b4daca6b1c82bd9ebe3565d678d713198,810ec9dd94477aeb42f7efff2ce01c4e5f1c091b09fb1b7e5534fa9b58a4109d,1,1,0,0,54,1,337.51386556784337,205632275,205632274,0,0,2875604248429452519,2875604248429452519
20260809,0,8,3,3209806993358201289,b7a8cc09030bcfa2e854e82f8c8f158b4daca6b1c82bd9ebe3565d678d713198,810ec9dd94477aeb42f7efff2ce01c4e5f1c091b09fb1b7e5534fa9b58a4109d,1,1,0,0,54,1,337.51386556784337,205632275,205632274,0,0,3209806993358201289,3209806993358201289
20260809,0,9,0,4113981703839189640,36d8b4a67fb725106f7321760eb7167fe137b6c5cb252972fba48989f22ac4a2,786c2e62da0da96eb36c5a9b45669c5cf531b8d0f3fcac5a4efba57f4d5b4db9,1,1,0,0,117,2,365.4345292638636,445392522,445392521,96621,67752,4113981703839189640,18317648583498363007
20260809,0,9,1,10216336629036633155,36d8b4a67fb725106f7321760eb7167fe137b6c5cb252972fba48989f22ac4a2,786c2e62da0da96eb36c5a9b45669c5cf531b8d0f3fcac5a4efba57f4d5b4db9,1,1,0,0,699,12,356.298895047232,2661129587,2661129586,1059318,745272,10216336629036633155,5406914849357710773
20260809,0,9,2,11742326065375311926,36d8b4a67fb725106f7321760eb7167fe137b6c5cb252972fba48989f22ac4a2,786c2e62da0da96eb36c5a9b45669c5cf531b8d0f3fcac5a4efba57f4d5b4db9,1,1,0,0,163,3,364.4659469575425,620743067,620743066,192955,135504,11742326065375311926,14021903221474299391
20260809,0,9,3,5598667336250636250,36d8b4a67fb725106f7321760eb7167fe137b6c5cb252972fba48989f22ac4a2,786c2e62da0da96eb36c5a9b45669c5cf531b8d0f3fcac5a4efba57f4d5b4db9,1,1,0,0,109,2,358.37621462922255,415082434,415082433,96845,67752,5598667336250636250,8127682739555552266
20260809,0,10,0,17802734268392651266,74cd7c06b824e534bd8c45e1e264c9ce52a7ba58cec19468ec587f0fc3e8ea40,d8be982bac46c32cebc5f42e7df5a2f5d0baf5c7821794844d7245e09a297820,1,1,0,0,53,1,310.5067186071732,201843486,201843485,0,0,17802734268392651266,17802734268392651266
20260809,0,10,1,5614213855103928757,74cd7c06b824e534bd8c45e1e264c9ce52a7ba58cec19468ec587f0fc3e8ea40,d8be982bac46c32cebc5f42e7df5a2f5d0baf5c7821794844d7245e09a297820,1,1,0,0,53,1,310.5067186071732,201843486,201843485,0,0,5614213855103928757,5614213855103928757
20260809,0,10,2,14849080725098169978,74cd7c06b824e534bd8c45e1e264c9ce52a7ba58cec19468ec587f0fc3e8ea40,d8be982bac46c32cebc5f42e7df5a2f5d0baf5c7821794844d7245e09a297820,1,1,0,0,53,1,310.5067186071732,201843486,201843485,0,0,14849080725098169978,14849080725098169978
20260809,0,10,3,14291528333637181956,74cd7c06b824e534bd8c45e1e264c9ce52a7ba58cec19468ec587f0fc3e8ea40,d8be982bac46c32cebc5f42e7df5a2f5d0baf5c7821794844d7245e09a297820,1,1,0,0,53,1,310.5067186071732,201843486,201843485,0,0,14291528333637181956,14291528333637181956
20260809,0,11,0,1621262887729756765,86b1e72bdd7a3bc17e9902fa39da1ee5f53148b72ccbaa649e9a8cd6751b4f7b,27a8ca63fa0ace2fd1e86616aad228e4d2800b73c2904b45263494aa240fba33,1,1,0,0,104,2,370.80811021566626,396137710,396137709,96066,67752,1621262887729756765,12833354884182939130
20260809,0,11,1,16128902808687320708,86b1e72bdd7a3bc17e9902fa39da1ee5f53148b72ccbaa649e9a8cd6751b4f7b,27a8ca63fa0ace2fd1e86616aad228e4d2800b73c2904b45263494aa240fba33,1,1,0,0,221,4,416.9150270315036,841558791,841558790,289000,203256,16128902808687320708,7141913970114311719
20260809,0,11,2,3490018498715410626,86b1e72bdd7a3bc17e9902fa39da1ee5f53148b72ccbaa649e9a8cd6751b4f7b,27a8ca63fa0ace2fd1e86616aad228e4d2800b73c2904b45263494aa240fba33,1,1,0,0,111,2,392.33057615847326,422659385,422659384,96218,67752,3490018498715410626,9958464021636912731
20260809,0,11,3,1499523371498738133,86b1e72bdd7a3bc17e9902fa39da1ee5f53148b72ccbaa649e9a8cd6751b4f7b,27a8ca63fa0ace2fd1e86616aad228e4d2800b73c2904b45263494aa240fba33,1,1,0,0,119,2,398.75543772752565,452969631,452969630,96152,67752,1499523371498738133,11248387325495864830
20260809,0,12,0,15283566630660765739,6bf3154165f98c3d4ecbe2b8864b80cecc0731d4daf243c7f0319201c1b169e2,dcc164ca1a8d04adc141925cddaa7a657a584a5cdef898a653578cef98b42d9a,1,1,0,0,60,1,409.8993753164099,228365009,228365008,0,0,15283566630660765739,15283566630660765739
20260809,0,12,1,12547269875732112094,6bf3154165f98c3d4ecbe2b8864b80cecc0731d4daf243c7f0319201c1b169e2,dcc164ca1a8d04adc141925cddaa7a657a584a5cdef898a653578cef98b42d9a,1,1,0,0,60,1,409.8993753164099,228365009,228365008,0,0,12547269875732112094,12547269875732112094
20260809,0,12,2,4859823193783493802,6bf3154165f98c3d4ecbe2b8864b80cecc0731d4daf243c7f0319201c1b169e2,dcc164ca1a8d04adc141925cddaa7a657a584a5cdef898a653578cef98b42d9a,1,1,0,0,60,1,409.8993753164099,228365009,228365008,0,0,4859823193783493802,4859823193783493802
20260809,0,12,3,16486611213675004948,6bf3154165f98c3d4ecbe2b8864b80cecc0731d4daf243c7f0319201c1b169e2,dcc164ca1a8d04adc141925cddaa7a657a584a5cdef898a653578cef98b42d9a,1,1,0,0,60,1,409.8993753164099,228365009,228365008,0,0,16486611213675004948,16486611213675004948
20260809,0,13,0,14705238778227004122,aecba73662b2c8d627b9cd6498bfb4791a74e045fa35781b90a429953a77cfe9,cc3190ea3eb6962cf96fed801246a62c24df6a2d3d6ba156d005207e4b0b8c6f,1,1,0,0,181,3,437.69771024090545,688941112,688941111,192798,135504,14705238778227004122,3463258964696109380
20260809,0,13,1,15001961393019595652,aecba73662b2c8d627b9cd6498bfb4791a74e045fa35781b90a429953a77cfe9,cc3190ea3eb6962cf96fed801246a62c24df6a2d3d6ba156d005207e4b0b8c6f,1,1,0,0,660,11,438.1839452398897,2512301673,2512301672,964092,677520,15001961393019595652,6721669826651318544
20260809,0,13,2,16259381703601182350,aecba73662b2c8d627b9cd6498bfb4791a74e045fa35781b90a429953a77cfe9,cc3190ea3eb6962cf96fed801246a62c24df6a2d3d6ba156d005207e4b0b8c6f,1,1,0,0,130,2,404.5474747938377,494646764,494646763,96606,67752,16259381703601182350,2690255987293243606
20260809,0,13,3,3470887690853068040,aecba73662b2c8d627b9cd6498bfb4791a74e045fa35781b90a429953a77cfe9,cc3190ea3eb6962cf96fed801246a62c24df6a2d3d6ba156d005207e4b0b8c6f,1,1,0,0,223,4,401.98417820572257,849136693,849136692,289324,203256,3470887690853068040,8714751619634602330
20260809,0,14,0,15725056645400374487,af0b26c1726dad20783c55aaa1bd13c97656fa364102be4df433c5f1da7353a7,50d94398974ef01eea644f56c355d4f593a8e87e61f0b2b313844e06a690ec32,1,1,0,0,39,1,423.85757918949764,148800440,148800439,0,0,15725056645400374487,15725056645400374487
20260809,0,14,1,6712535225929805219,af0b26c1726dad20783c55aaa1bd13c97656fa364102be4df433c5f1da7353a7,50d94398974ef01eea644f56c355d4f593a8e87e61f0b2b313844e06a690ec32,1,1,0,0,39,1,423.85757918949764,148800440,148800439,0,0,6712535225929805219,6712535225929805219
20260809,0,14,2,17714835664481827566,af0b26c1726dad20783c55aaa1bd13c97656fa364102be4df433c5f1da7353a7,50d94398974ef01eea644f56c355d4f593a8e87e61f0b2b313844e06a690ec32,1,1,0,0,39,1,423.85757918949764,148800440,148800439,0,0,17714835664481827566,17714835664481827566
20260809,0,14,3,1941164525585965043,af0b26c1726dad20783c55aaa1bd13c97656fa364102be4df433c5f1da7353a7,50d94398974ef01eea644f56c355d4f593a8e87e61f0b2b313844e06a690ec32,1,1,0,0,39,1,423.85757918949764,148800440,148800439,0,0,1941164525585965043,1941164525585965043
20260809,0,15,0,8289395461930775230,31d4658d6b8c26590a59d824d72aff23020648a8c8e726f3ea5a457ebb2dbb60,3ed9f6cd4fc370a9e555731712428f24a693cd85fe128c7f3ca78f76f3064c58,1,1,0,0,165,3,371.098524465134,628320182,628320181,192492,135504,8289395461930775230,6726455086033311123
20260809,0,15,1,3610373903898914109,31d4658d6b8c26590a59d824d72aff23020648a8c8e726f3ea5a457ebb2dbb60,3ed9f6cd4fc370a9e555731712428f24a693cd85fe128c7f3ca78f76f3064c58,1,1,0,0,200,3,381.75433268224754,760928017,760928016,192712,135504,3610373903898914109,16448398275956033227
20260809,0,15,2,5697005432108474762,31d4658d6b8c26590a59d824d72aff23020648a8c8e726f3ea5a457ebb2dbb60,3ed9f6cd4fc370a9e555731712428f24a693cd85fe128c7f3ca78f76f3064c58,1,1,0,0,574,10,380.423319115568,2185397677,2185397676,865867,609768,5697005432108474762,8698506647263801347
20260809,0,15,3,6474420321059818982,31d4658d6b8c26590a59d824d72aff23020648a8c8e726f3ea5a457ebb2dbb60,3ed9f6cd4fc370a9e555731712428f24a693cd85fe128c7f3ca78f76f3064c58,1,1,0,0,786,13,415.64263381544845,2991821742,2991821741,1156913,813024,6474420321059818982,12670822516807712188
20260809,0,16,0,3545954161664281249,71b4ac9d521af4fd064a8244179223b0599783936c681f79ab6d37516eab2b5d,bcb06181dcb53f6d4173272c3a3841b2cb6bfe37e760adef26924917c0357197,1,1,0,0,226,4,468.98106312180346,860502695,860502694,288959,203256,3545954161664281249,6208480646687822029
20260809,0,16,1,14965624683064202006,71b4ac9d521af4fd064a8244179223b0599783936c681f79ab6d37516eab2b5d,bcb06181dcb53f6d4173272c3a3841b2cb6bfe37e760adef26924917c0357197,1,1,0,0,160,3,446.9072307329536,609376021,609376020,192276,135504,14965624683064202006,6036337698512875879
20260809,0,16,2,16861754459609796612,71b4ac9d521af4fd064a8244179223b0599783936c681f79ab6d37516eab2b5d,bcb06181dcb53f6d4173272c3a3841b2cb6bfe37e760adef26924917c0357197,1,1,0,0,294,5,502.0901066914324,1119207054,1119207053,385749,271008,16861754459609796612,4866079458024007331
20260809,0,16,3,8702906712875144495,71b4ac9d521af4fd064a8244179223b0599783936c681f79ab6d37516eab2b5d,bcb06181dcb53f6d4173272c3a3841b2cb6bfe37e760adef26924917c0357197,1,1,0,0,165,3,481.2018466536265,628320815,628320814,193125,135504,8702906712875144495,916589215261493783
20260809,0,17,0,1848792289959952852,066bc5a1d13d40260c14293e012163bbe2feb4dd935bc65bd0c2c4dafd245043,1d7edc3d9996b3b6711e175b36bbc970d5592d794894a3cc12c2e4a97e7f77de,1,1,0,0,58,1,294.5323698581094,220787431,220787430,0,0,1848792289959952852,1848792289959952852
20260809,0,17,1,8369804307740391728,066bc5a1d13d40260c14293e012163bbe2feb4dd935bc65bd0c2c4dafd245043,1d7edc3d9996b3b6711e175b36bbc970d5592d794894a3cc12c2e4a97e7f77de,1,1,0,0,58,1,294.5323698581094,220787431,220787430,0,0,8369804307740391728,8369804307740391728
20260809,0,17,2,12716017321532480164,066bc5a1d13d40260c14293e012163bbe2feb4dd935bc65bd0c2c4dafd245043,1d7edc3d9996b3b6711e175b36bbc970d5592d794894a3cc12c2e4a97e7f77de,1,1,0,0,58,1,294.5323698581094,220787431,220787430,0,0,12716017321532480164,12716017321532480164
20260809,0,17,3,12157061158210928932,066bc5a1d13d40260c14293e012163bbe2feb4dd935bc65bd0c2c4dafd245043,1d7edc3d9996b3b6711e175b36bbc970d5592d794894a3cc12c2e4a97e7f77de,1,1,0,0,58,1,294.5323698581094,220787431,220787430,0,0,12157061158210928932,12157061158210928932
20260809,0,18,0,15462074353113131334,9cc09e0332d748cb9d47f78665b951e384df14e15728e7bda46e2fd0215bdf3f,1c92f033fb8eabff5381b8eb26e5106d3b15acb67b35df470434501863d5c4b0,0,0,0,1,1940,32,,7384342706,7384342706,2986950,2100312,15462074353113131334,10360345463917232242
20260809,0,18,1,6948219666594607190,9cc09e0332d748cb9d47f78665b951e384df14e15728e7bda46e2fd0215bdf3f,1c92f033fb8eabff5381b8eb26e5106d3b15acb67b35df470434501863d5c4b0,1,1,0,0,594,10,538.5117708697009,2261174640,2261174639,867050,609768,6948219666594607190,8027629547924732145
20260809,0,18,2,7142286488060204266,9cc09e0332d748cb9d47f78665b951e384df14e15728e7bda46e2fd0215bdf3f,1c92f033fb8eabff5381b8eb26e5106d3b15acb67b35df470434501863d5c4b0,0,0,0,1,1940,32,,7384344053,7384344053,2988297,2100312,7142286488060204266,6208472613370519216
20260809,0,18,3,4827261599480028049,9cc09e0332d748cb9d47f78665b951e384df14e15728e7bda46e2fd0215bdf3f,1c92f033fb8eabff5381b8eb26e5106d3b15acb67b35df470434501863d5c4b0,1,1,0,0,493,8,520.02612628025,1876373867,1876373866,673800,474264,4827261599480028049,12620852679168205026
20260809,0,19,0,2400398014029770069,42c349f05c56b8374e7a2e500010def90a08851cb4fa17e352aa4974e4f6d79c,cce19ce4564144ae6e2ea8f8549c79543b388607b6ef30ba9d8be01bdc7985a4,1,1,0,0,41,1,375.8485716269149,156378018,156378017,0,0,2400398014029770069,2400398014029770069
20260809,0,19,1,9790198515552160532,42c349f05c56b8374e7a2e500010def90a08851cb4fa17e352aa4974e4f6d79c,cce19ce4564144ae6e2ea8f8549c79543b388607b6ef30ba9d8be01bdc7985a4,1,1,0,0,41,1,375.8485716269149,156378018,156378017,0,0,9790198515552160532,9790198515552160532
20260809,0,19,2,15849044574035648685,42c349f05c56b8374e7a2e500010def90a08851cb4fa17e352aa4974e4f6d79c,cce19ce4564144ae6e2ea8f8549c79543b388607b6ef30ba9d8be01bdc7985a4,1,1,0,0,41,1,375.8485716269149,156378018,156378017,0,0,15849044574035648685,15849044574035648685
20260809,0,19,3,4825704396553578181,42c349f05c56b8374e7a2e500010def90a08851cb4fa17e352aa4974e4f6d79c,cce19ce4564144ae6e2ea8f8549c79543b388607b6ef30ba9d8be01bdc7985a4,1,1,0,0,41,1,375.8485716269149,156378018,156378017,0,0,4825704396553578181,4825704396553578181
20260809,0,20,0,1875523349383067887,d1de07ec1678d4f882cf159b04401e2f091dd81c7fdb99bbb8cf5c7a2414df39,783c355ad1b2d293d966dc05101ca060fd4d26edb56ab7c7f49587d099e42f47,1,1,0,0,74,1,295.8497901266065,281408055,281408054,0,0,1875523349383067887,1875523349383067887
20260809,0,20,1,650155048283116494,d1de07ec1678d4f882cf159b04401e2f091dd81c7fdb99bbb8cf5c7a2414df39,783c355ad1b2d293d966dc05101ca060fd4d26edb56ab7c7f49587d099e42f47,1,1,0,0,74,1,295.8497901266065,281408055,281408054,0,0,650155048283116494,650155048283116494
20260809,0,20,2,415567361325699596,d1de07ec1678d4f882cf159b04401e2f091dd81c7fdb99bbb8cf5c7a2414df39,783c355ad1b2d293d966dc05101ca060fd4d26edb56ab7c7f49587d099e42f47,1,1,0,0,74,1,295.8497901266065,281408055,281408054,0,0,415567361325699596,415567361325699596
20260809,0,20,3,264448554441166240,d1de07ec1678d4f882cf159b04401e2f091dd81c7fdb99bbb8cf5c7a2414df39,783c355ad1b2d293d966dc05101ca060fd4d26edb56ab7c7f49587d099e42f47,1,1,0,0,74,1,295.8497901266065,281408055,281408054,0,0,264448554441166240,264448554441166240
20260809,0,21,0,551847097978454530,5a83590b88819ed029e089befd7caae3e032a3d49cc41c29c95cc7913dcb2db4,8f375801003fc88b0c8a3d260ade28b87a8af1c86e28be139ccf6353f0b1c7dd,1,1,0,0,26,1,271.03848372018774,99546183,99546182,0,0,551847097978454530,551847097978454530
20260809,0,21,1,5569293638566506660,5a83590b88819ed029e089befd7caae3e032a3d49cc41c29c95cc7913dcb2db4,8f375801003fc88b0c8a3d260ade28b87a8af1c86e28be139ccf6353f0b1c7dd,1,1,0,0,26,1,271.03848372018774,99546183,99546182,0,0,5569293638566506660,5569293638566506660
20260809,0,21,2,9941794654140991538,5a83590b88819ed029e089befd7caae3e032a3d49cc41c29c95cc7913dcb2db4,8f375801003fc88b0c8a3d260ade28b87a8af1c86e28be139ccf6353f0b1c7dd,1,1,0,0,26,1,271.03848372018774,99546183,99546182,0,0,9941794654140991538,9941794654140991538
20260809,0,21,3,14150144354995165645,5a83590b88819ed029e089befd7caae3e032a3d49cc41c29c95cc7913dcb2db4,8f375801003fc88b0c8a3d260ade28b87a8af1c86e28be139ccf6353f0b1c7dd,1,1,0,0,26,1,271.03848372018774,99546183,99546182,0,0,14150144354995165645,14150144354995165645
20260809,0,22,0,8845461622687559147,8696cffaed89cfc29763fc53038712ecb6d0a3d66bccc560c2f2508d0f28c5c7,6a52cc13d78ca3915cacc662b84fcf1c99cec0fcafb9ffdf42c357da190f63ee,1,1,0,0,40,1,320.50100238223763,152589229,152589228,0,0,8845461622687559147,8845461622687559147
20260809,0,22,1,11311453404091587701,8696cffaed89cfc29763fc53038712ecb6d0a3d66bccc560c2f2508d0f28c5c7,6a52cc13d78ca3915cacc662b84fcf1c99cec0fcafb9ffdf42c357da190f63ee,1,1,0,0,40,1,320.50100238223763,152589229,152589228,0,0,11311453404091587701,11311453404091587701
20260809,0,22,2,6436863892459803647,8696cffaed89cfc29763fc53038712ecb6d0a3d66bccc560c2f2508d0f28c5c7,6a52cc13d78ca3915cacc662b84fcf1c99cec0fcafb9ffdf42c357da190f63ee,1,1,0,0,40,1,320.50100238223763,152589229,152589228,0,0,6436863892459803647,6436863892459803647
20260809,0,22,3,15918019280496877299,8696cffaed89cfc29763fc53038712ecb6d0a3d66bccc560c2f2508d0f28c5c7,6a52cc13d78ca3915cacc662b84fcf1c99cec0fcafb9ffdf42c357da190f63ee,1,1,0,0,40,1,320.50100238223763,152589229,152589228,0,0,15918019280496877299,15918019280496877299
20260809,0,23,0,6062447919674616279,7007538714962ac100d6c268c0b3f577b010b2720bd166cf745058211ea75fd9,72bf608449e1cead5ec7006f556928a60242eb68503aa907f9917fd805e8f95c,1,1,0,0,101,2,380.1952834876488,384771835,384771834,96558,67752,6062447919674616279,9690710186858140026
20260809,0,23,1,8898354168403465168,7007538714962ac100d6c268c0b3f577b010b2720bd166cf745058211ea75fd9,72bf608449e1cead5ec7006f556928a60242eb68503aa907f9917fd805e8f95c,1,1,0,0,320,5,427.21076269659034,1217714981,1217714980,385162,271008,8898354168403465168,15316921109630754414
20260809,0,23,2,12530011171754741929,7007538714962ac100d6c268c0b3f577b010b2720bd166cf745058211ea75fd9,72bf608449e1cead5ec7006f556928a60242eb68503aa907f9917fd805e8f95c,1,1,0,0,122,2,414.92140532521137,464336260,464336259,96414,67752,12530011171754741929,13417944992536771902
20260809,0,23,3,12145104578430674775,7007538714962ac100d6c268c0b3f577b010b2720bd166cf745058211ea75fd9,72bf608449e1cead5ec7006f556928a60242eb68503aa907f9917fd805e8f95c,1,1,0,0,178,3,394.54873871964736,677574759,677574758,192812,135504,12145104578430674775,3014503395387743447
20260809,0,24,0,7757827362317347828,27dccc1092ae6e81466b1d61c7d3e72d7fbab245817a719e2b473739af533d36,8ed7c07ccb53e4680f5e0df58cbe6f96d32ff4a40a7f623ba098b4cb335786af,1,1,0,0,127,2,305.3030348228176,483279849,483279848,96058,67752,7757827362317347828,4751993951996633538
20260809,0,24,1,2855576777253091380,27dccc1092ae6e81466b1d61c7d3e72d7fbab245817a719e2b473739af533d36,8ed7c07ccb53e4680f5e0df58cbe6f96d32ff4a40a7f623ba098b4cb335786af,1,1,0,0,128,2,310.2763484448406,487068759,487068758,96179,67752,2855576777253091380,755166280078432842
20260809,0,24,2,2995324197639132411,27dccc1092ae6e81466b1d61c7d3e72d7fbab245817a719e2b473739af533d36,8ed7c07ccb53e4680f5e0df58cbe6f96d32ff4a40a7f623ba098b4cb335786af,1,1,0,0,127,2,302.84790784567593,483280162,483280161,96371,67752,2995324197639132411,16999166509337455812
20260809,0,24,3,7760223062761515172,27dccc1092ae6e81466b1d61c7d3e72d7fbab245817a719e2b473739af533d36,8ed7c07ccb53e4680f5e0df58cbe6f96d32ff4a40a7f623ba098b4cb335786af,1,1,0,0,527,9,336.5734205675922,2006260081,2006260080,771271,542016,7760223062761515172,1438566109797528680
20260809,0,25,0,13260707096550732358,57a57873d4f11783ed2db6afbffdd23a03398e08c6b77287fe8755c1fa7e9bc8,e788305f04b3cde38c74906ba57b9f41015196b063bd2379557b17fcd0a28d26,1,1,0,0,200,3,319.49809733426,760928117,760928116,192812,135504,13260707096550732358,8747656401113148464
20260809,0,25,1,6605776833461096963,57a57873d4f11783ed2db6afbffdd23a03398e08c6b77287fe8755c1fa7e9bc8,e788305f04b3cde38c74906ba57b9f41015196b063bd2379557b17fcd0a28d26,1,1,0,0,158,3,271.090904950353,601798442,601798441,192275,135504,6605776833461096963,15984906386006019585
20260809,0,25,2,289219008130809828,57a57873d4f11783ed2db6afbffdd23a03398e08c6b77287fe8755c1fa7e9bc8,e788305f04b3cde38c74906ba57b9f41015196b063bd2379557b17fcd0a28d26,1,1,0,0,244,4,290.1285087756322,928700798,928700797,288860,203256,289219008130809828,10109806019696967779
20260809,0,25,3,17561840726245214630,57a57873d4f11783ed2db6afbffdd23a03398e08c6b77287fe8755c1fa7e9bc8,e788305f04b3cde38c74906ba57b9f41015196b063bd2379557b17fcd0a28d26,1,1,0,0,116,2,276.7196913151483,441603678,441603677,96566,67752,17561840726245214630,10966071210282603673
20260809,0,26,0,6932175579934644575,81d33f91b8ccbac5de15e7fa2154a0fc89ee104c12e66c1a76e013625b5111ee,ef97e558613568a505c3dab3db773d7e239a589bd06035bcb1af7ec1e6cf1035,1,1,0,0,133,2,341.42504542770973,506012856,506012855,96331,67752,6932175579934644575,6445658447530490045
20260809,0,26,1,16404895323214951940,81d33f91b8ccbac5de15e7fa2154a0fc89ee104c12e66c1a76e013625b5111ee,ef97e558613568a505c3dab3db773d7e239a589bd06035bcb1af7ec1e6cf1035,1,1,0,0,103,2,329.9648096606506,392349062,392349061,96207,67752,16404895323214951940,11381249108093554059
20260809,0,26,2,2195719759829778351,81d33f91b8ccbac5de15e7fa2154a0fc89ee104c12e66c1a76e013625b5111ee,ef97e558613568a505c3dab3db773d7e239a589bd06035bcb1af7ec1e6cf1035,1,1,0,0,106,2,304.28820753764376,403715732,403715731,96510,67752,2195719759829778351,1280333684396386441
20260809,0,26,3,13678382055998350530,81d33f91b8ccbac5de15e7fa2154a0fc89ee104c12e66c1a76e013625b5111ee,ef97e558613568a505c3dab3db773d7e239a589bd06035bcb1af7ec1e6cf1035,1,1,0,0,100,2,282.76766119564024,380982614,380982613,96126,67752,13678382055998350530,9056716048960520675
20260809,0,27,0,11884719810708706365,cd5199ea4f73ef83d40affc78c2329fe63e0f6c3f3f38bf9a488bdfe7edc2b85,184aeb6e09e2b1399d7adbf444b5beb6f53cb6c25752342fa6a25acaf55c817a,1,1,0,0,230,4,305.8961437149436,875658045,875658044,289153,203256,11884719810708706365,9463943179579768499
20260809,0,27,1,18108705045625852507,cd5199ea4f73ef83d40affc78c2329fe63e0f6c3f3f38bf9a488bdfe7edc2b85,184aeb6e09e2b1399d7adbf444b5beb6f53cb6c25752342fa6a25acaf55c817a,1,1,0,0,107,2,297.1420944002253,407504577,407504576,96566,67752,18108705045625852507,11543856073293137603
20260809,0,27,2,1565860182141286790,cd5199ea4f73ef83d40affc78c2329fe63e0f6c3f3f38bf9a488bdfe7edc2b85,184aeb6e09e2b1399d7adbf444b5beb6f53cb6c25752342fa6a25acaf55c817a,1,1,0,0,135,2,301.0869589445348,513590744,513590743,96641,67752,1565860182141286790,10327956333728902822
20260809,0,27,3,15590703475305234162,cd5199ea4f73ef83d40affc78c2329fe63e0f6c3f3f38bf9a488bdfe7edc2b85,184aeb6e09e2b1399d7adbf444b5beb6f53cb6c25752342fa6a25acaf55c817a,1,1,0,0,136,2,294.43132565823225,517379184,517379183,96292,67752,15590703475305234162,8886730639375890622
20260809,0,28,0,3658223131164006700,258ed2a3c2166ca6eb01c09e7e3e823085ca5d6b2dd8ea686050f343ca23f118,5a87de08bf0375c53209b6dddfcc726135cd7c4c2ec4742d742da654ebb4bd5d,1,1,0,0,290,5,384.4521889704082,1104051355,1104051354,385206,271008,3658223131164006700,16306700188891736346
20260809,0,28,1,9110900935259390341,258ed2a3c2166ca6eb01c09e7e3e823085ca5d6b2dd8ea686050f343ca23f118,5a87de08bf0375c53209b6dddfcc726135cd7c4c2ec4742d742da654ebb4bd5d,1,1,0,0,368,6,383.79385239923056,1400643332,1400643331,481724,338760,9110900935259390341,10737889398758322480
20260809,0,28,2,2993986314051797311,258ed2a3c2166ca6eb01c09e7e3e823085ca5d6b2dd8ea686050f343ca23f118,5a87de08bf0375c53209b6dddfcc726135cd7c4c2ec4742d742da654ebb4bd5d,1,1,0,0,174,3,376.7449108625105,662419770,662419769,192979,135504,2993986314051797311,277126189773985977
20260809,0,28,3,8314128162536399505,258ed2a3c2166ca6eb01c09e7e3e823085ca5d6b2dd8ea686050f343ca23f118,5a87de08bf0375c53209b6dddfcc726135cd7c4c2ec4742d742da654ebb4bd5d,1,1,0,0,527,9,374.23420043325746,2006259858,2006259857,771048,542016,8314128162536399505,17688104756174656784
20260809,0,29,0,11201231684163992143,6bb1ea3b1f691041612d8f944b189b92b47ab0cd8f6661834508ea60dca47fd3,8f375801003fc88b0c8a3d260ade28b87a8af1c86e28be139ccf6353f0b1c7dd,1,1,0,0,551,9,381.23890408180216,2097189875,2097189874,770129,542016,11201231684163992143,17528790656873332098
20260809,0,29,1,986750089430005861,6bb1ea3b1f691041612d8f944b189b92b47ab0cd8f6661834508ea60dca47fd3,8f375801003fc88b0c8a3d260ade28b87a8af1c86e28be139ccf6353f0b1c7dd,1,1,0,0,137,2,367.16529890295794,521168387,521168386,96706,67752,986750089430005861,11610629977269490802
20260809,0,29,2,16282601840042668484,6bb1ea3b1f691041612d8f944b189b92b47ab0cd8f6661834508ea60dca47fd3,8f375801003fc88b0c8a3d260ade28b87a8af1c86e28be139ccf6353f0b1c7dd,1,1,0,0,112,2,370.14940944638255,426448416,426448415,96460,67752,16282601840042668484,3942161113804361411
20260809,0,29,3,9307772821155360932,6bb1ea3b1f691041612d8f944b189b92b47ab0cd8f6661834508ea60dca47fd3,8f375801003fc88b0c8a3d260ade28b87a8af1c86e28be139ccf6353f0b1c7dd,1,1,0,0,188,3,363.47146487300193,715462747,715462746,192910,135504,9307772821155360932,7477020657070410985
20260809,0,30,0,5972348325028625597,9df0710ef1e0acb2745a96d0d9d1f9938274c749b4a87237dc5a3c5eb616d1bf,fbd8d8a07293b018af76b692382141513483ba2d1561c22597cc1844136b89c9,1,1,0,0,56,1,335.8874928717877,213209853,213209852,0,0,5972348325028625597,5972348325028625597
20260809,0,30,1,7927756242589418523,9df0710ef1e0acb2745a96d0d9d1f9938274c749b4a87237dc5a3c5eb616d1bf,fbd8d8a07293b018af76b692382141513483ba2d1561c22597cc1844136b89c9,1,1,0,0,56,1,335.8874928717877,213209853,213209852,0,0,7927756242589418523,7927756242589418523
20260809,0,30,2,90638685417659769,9df0710ef1e0acb2745a96d0d9d1f9938274c749b4a87237dc5a3c5eb616d1bf,fbd8d8a07293b018af76b692382141513483ba2d1561c22597cc1844136b89c9,1,1,0,0,56,1,335.8874928717877,213209853,213209852,0,0,90638685417659769,90638685417659769
20260809,0,30,3,6740459219886835240,9df0710ef1e0acb2745a96d0d9d1f9938274c749b4a87237dc5a3c5eb616d1bf,fbd8d8a07293b018af76b692382141513483ba2d1561c22597cc1844136b89c9,1,1,0,0,56,1,335.8874928717877,213209853,213209852,0,0,6740459219886835240,6740459219886835240
20260809,0,31,0,15718977782930520314,0f0ebfebcc671911a79983506df325ff262d75a1d235940f1d87b309875974d8,80b63944b8ddfb6e5a434a9eb879e1120c258bcc476715114b553fcda1566bce,1,1,0,0,22,1,275.3124962264201,84391027,84391026,0,0,15718977782930520314,15718977782930520314
20260809,0,31,1,9253345292079577902,0f0ebfebcc671911a79983506df325ff262d75a1d235940f1d87b309875974d8,80b63944b8ddfb6e5a434a9eb879e1120c258bcc476715114b553fcda1566bce,1,1,0,0,22,1,275.3124962264201,84391027,84391026,0,0,9253345292079577902,9253345292079577902
20260809,0,31,2,11632886508618833776,0f0ebfebcc671911a79983506df325ff262d75a1d235940f1d87b309875974d8,80b63944b8ddfb6e5a434a9eb879e1120c258bcc476715114b553fcda1566bce,1,1,0,0,22,1,275.3124962264201,84391027,84391026,0,0,11632886508618833776,11632886508618833776
20260809,0,31,3,9979481083436274487,0f0ebfebcc671911a79983506df325ff262d75a1d235940f1d87b309875974d8,80b63944b8ddfb6e5a434a9eb879e1120c258bcc476715114b553fcda1566bce,1,1,0,0,22,1,275.3124962264201,84391027,84391026,0,0,9979481083436274487,9979481083436274487
20260810,1,0,0,8839714986294915775,4757744a20923927e4be055c4a79ae769237a6c50ef72581027daabc242eb0e4,0c909116348ee4ce8d492f320764690dd3fd1c1e9ff996ab032ad36c49791171,1,1,0,0,67,1,480.8124033205825,254886532,254886531,0,0,8839714986294915775,8839714986294915775
20260810,1,0,1,11252400628020589870,4757744a20923927e4be055c4a79ae769237a6c50ef72581027daabc242eb0e4,0c909116348ee4ce8d492f320764690dd3fd1c1e9ff996ab032ad36c49791171,1,1,0,0,67,1,480.8124033205825,254886532,254886531,0,0,11252400628020589870,11252400628020589870
20260810,1,0,2,5064884100151038272,4757744a20923927e4be055c4a79ae769237a6c50ef72581027daabc242eb0e4,0c909116348ee4ce8d492f320764690dd3fd1c1e9ff996ab032ad36c49791171,1,1,0,0,67,1,480.8124033205825,254886532,254886531,0,0,5064884100151038272,5064884100151038272
20260810,1,0,3,3755559786090829250,4757744a20923927e4be055c4a79ae769237a6c50ef72581027daabc242eb0e4,0c909116348ee4ce8d492f320764690dd3fd1c1e9ff996ab032ad36c49791171,1,1,0,0,67,1,480.8124033205825,254886532,254886531,0,0,3755559786090829250,3755559786090829250
20260810,1,1,0,6287634936413551160,3bcaaead28573572e576adb530810418fbdbb758a6111075e54cd4ef23dd4500,baa7ceab1c33df71b6d4b4aabf68a5815ba775196aa5e8d3b4587c03d0e572b2,1,1,0,0,31,1,309.04388017571375,118490128,118490127,0,0,6287634936413551160,6287634936413551160
20260810,1,1,1,14094043944543510361,3bcaaead28573572e576adb530810418fbdbb758a6111075e54cd4ef23dd4500,baa7ceab1c33df71b6d4b4aabf68a5815ba775196aa5e8d3b4587c03d0e572b2,1,1,0,0,31,1,309.04388017571375,118490128,118490127,0,0,14094043944543510361,14094043944543510361
20260810,1,1,2,9152530957575195984,3bcaaead28573572e576adb530810418fbdbb758a6111075e54cd4ef23dd4500,baa7ceab1c33df71b6d4b4aabf68a5815ba775196aa5e8d3b4587c03d0e572b2,1,1,0,0,31,1,309.04388017571375,118490128,118490127,0,0,9152530957575195984,9152530957575195984
20260810,1,1,3,1637871047066838744,3bcaaead28573572e576adb530810418fbdbb758a6111075e54cd4ef23dd4500,baa7ceab1c33df71b6d4b4aabf68a5815ba775196aa5e8d3b4587c03d0e572b2,1,1,0,0,31,1,309.04388017571375,118490128,118490127,0,0,1637871047066838744,1637871047066838744
20260810,1,2,0,13648327618015960820,088e3a7979589c4dd0b9a7fa9f5e88f010f567c8b67e4c8703225d76bbac097f,b6ae0c37acbb0442d4771fd86181ea6367622052163a7dbadccb8b4ca48e77b8,1,1,0,0,74,1,324.6141466832845,281408055,281408054,0,0,13648327618015960820,13648327618015960820
20260810,1,2,1,4516680958580097677,088e3a7979589c4dd0b9a7fa9f5e88f010f567c8b67e4c8703225d76bbac097f,b6ae0c37acbb0442d4771fd86181ea6367622052163a7dbadccb8b4ca48e77b8,1,1,0,0,74,1,324.6141466832845,281408055,281408054,0,0,4516680958580097677,4516680958580097677
20260810,1,2,2,6574535250180131706,088e3a7979589c4dd0b9a7fa9f5e88f010f567c8b67e4c8703225d76bbac097f,b6ae0c37acbb0442d4771fd86181ea6367622052163a7dbadccb8b4ca48e77b8,1,1,0,0,74,1,324.6141466832845,281408055,281408054,0,0,6574535250180131706,6574535250180131706
20260810,1,2,3,11280450036442931413,088e3a7979589c4dd0b9a7fa9f5e88f010f567c8b67e4c8703225d76bbac097f,b6ae0c37acbb0442d4771fd86181ea6367622052163a7dbadccb8b4ca48e77b8,1,1,0,0,74,1,324.6141466832845,281408055,281408054,0,0,11280450036442931413,11280450036442931413
20260810,1,3,0,12235124074519564628,7f47942917bb3c87fe4930832587ba9e440678cb4b757dbea8cff7bd461ccf01,98ae47195ae7b4cfa3795bb80c5c7e309a2b0d72e52c6d883e90808c47a89fc1,1,1,0,0,110,2,375.0155358314672,418870670,418870669,96292,67752,12235124074519564628,17430491466803501451
20260810,1,3,1,11018947222633287285,7f47942917bb3c87fe4930832587ba9e440678cb4b757dbea8cff7bd461ccf01,98ae47195ae7b4cfa3795bb80c5c7e309a2b0d72e52c6d883e90808c47a89fc1,1,1,0,0,152,3,386.99412858337575,579065734,579065733,192301,135504,11018947222633287285,7095101056782195949
20260810,1,3,2,6440154053549947453,7f47942917bb3c87fe4930832587ba9e440678cb4b757dbea8cff7bd461ccf01,98ae47195ae7b4cfa3795bb80c5c7e309a2b0d72e52c6d883e90808c47a89fc1,1,1,0,0,579,10,379.1850855722096,2204342298,2204342297,866543,609768,6440154053549947453,2636887488899426712
20260810,1,3,3,3176918694068461216,7f47942917bb3c87fe4930832587ba9e440678cb4b757dbea8cff7bd461ccf01,98ae47195ae7b4cfa3795bb80c5c7e309a2b0d72e52c6d883e90808c47a89fc1,1,1,0,0,558,9,388.2741111562915,2123711569,2123711568,770300,542016,3176918694068461216,12733059777613068675
20260810,1,4,0,7832633304671189574,a2142c67ec4042a2f576374058ea8f65a81ecb67b628a1253c2e4282aa6a7339,72ed88f467715bf70bcc4d253af8e858da1baa1527290f5394a8dbe6746b64a3,1,1,0,0,967,16,417.4496396252037,3680790571,3680790570,1445182,1016280,7832633304671189574,7015408005180569949
20260810,1,4,1,9365783717583519640,a2142c67ec4042a2f576374058ea8f65a81ecb67b628a1253c2e4282aa6a7339,72ed88f467715bf70bcc4d253af8e858da1baa1527290f5394a8dbe6746b64a3,1,1,0,0,183,3,426.9427056849722,696518605,696518604,192713,135504,9365783717583519640,17148507727127044666
20260810,1,4,2,4701113118765620801,a2142c67ec4042a2f576374058ea8f65a81ecb67b628a1253c2e4282aa6a7339,72ed88f467715bf70bcc4d253af8e858da1baa1527290f5394a8dbe6746b64a3,1,1,0,0,213,4,394.5282831126132,811248092,811248091,288613,203256,4701113118765620801,10446184821689305130
20260810,1,4,3,5402251027171831096,a2142c67ec4042a2f576374058ea8f65a81ecb67b628a1253c2e4282aa6a7339,72ed88f467715bf70bcc4d253af8e858da1baa1527290f5394a8dbe6746b64a3,1,1,0,0,290,5,416.11196592725764,1104051596,1104051595,385447,271008,5402251027171831096,4700633724369472192
20260810,1,5,0,17891653386005265156,41cac96dd6337d6bf1cd0013384d8f41370be6c18ee0554b34652d7125a1e007,169b5b823c62b64ca7e5f8456a13c8d5d06f4ece522a58bc2b8a784dcf3609b0,1,1,0,0,49,1,402.39280073000907,186688330,186688329,0,0,17891653386005265156,17891653386005265156
20260810,1,5,1,14949428090912688785,41cac96dd6337d6bf1cd0013384d8f41370be6c18ee0554b34652d7125a1e007,169b5b823c62b64ca7e5f8456a13c8d5d06f4ece522a58bc2b8a784dcf3609b0,1,1,0,0,49,1,402.39280073000907,186688330,186688329,0,0,14949428090912688785,14949428090912688785
20260810,1,5,2,17039806656703923867,41cac96dd6337d6bf1cd0013384d8f41370be6c18ee0554b34652d7125a1e007,169b5b823c62b64ca7e5f8456a13c8d5d06f4ece522a58bc2b8a784dcf3609b0,1,1,0,0,49,1,402.39280073000907,186688330,186688329,0,0,17039806656703923867,17039806656703923867
20260810,1,5,3,15585561498578577998,41cac96dd6337d6bf1cd0013384d8f41370be6c18ee0554b34652d7125a1e007,169b5b823c62b64ca7e5f8456a13c8d5d06f4ece522a58bc2b8a784dcf3609b0,1,1,0,0,49,1,402.39280073000907,186688330,186688329,0,0,15585561498578577998,15585561498578577998
20260810,1,6,0,2119602893334385276,263a8030d18e677a364e62306f9163e994a876679cb1af65a42f770ecaa39fa8,ba3c702b24e4ef16c111bf92823170f6e81fd37fbafaccbeef52192a1c094380,1,1,0,0,23,1,317.60359603138767,88179816,88179815,0,0,2119602893334385276,2119602893334385276
20260810,1,6,1,1514891312455342317,263a8030d18e677a364e62306f9163e994a876679cb1af65a42f770ecaa39fa8,ba3c702b24e4ef16c111bf92823170f6e81fd37fbafaccbeef52192a1c094380,1,1,0,0,23,1,317.60359603138767,88179816,88179815,0,0,1514891312455342317,1514891312455342317
20260810,1,6,2,1165055019931007997,263a8030d18e677a364e62306f9163e994a876679cb1af65a42f770ecaa39fa8,ba3c702b24e4ef16c111bf92823170f6e81fd37fbafaccbeef52192a1c094380,1,1,0,0,23,1,317.60359603138767,88179816,88179815,0,0,1165055019931007997,1165055019931007997
20260810,1,6,3,7551003906483113110,263a8030d18e677a364e62306f9163e994a876679cb1af65a42f770ecaa39fa8,ba3c702b24e4ef16c111bf92823170f6e81fd37fbafaccbeef52192a1c094380,1,1,0,0,23,1,317.60359603138767,88179816,88179815,0,0,7551003906483113110,7551003906483113110
20260810,1,7,0,6756052867238520307,1f75e0440544408eeabedde389c7b635eeaec689ec71f80e554d304c1cc05516,4b00aaeb2cfd2bd50ca5e02b450eb81bf983ec23d3ada30a4bddf29a86eb29d7,1,1,0,0,190,3,392.9092261533162,723040226,723040225,192811,135504,6756052867238520307,15896530296955598919
20260810,1,7,1,993519143548042848,1f75e0440544408eeabedde389c7b635eeaec689ec71f80e554d304c1cc05516,4b00aaeb2cfd2bd50ca5e02b450eb81bf983ec23d3ada30a4bddf29a86eb29d7,1,1,0,0,173,3,342.8999873549485,658630944,658630943,192942,135504,993519143548042848,4403249421590150355
20260810,1,7,2,529847171793594266,1f75e0440544408eeabedde389c7b635eeaec689ec71f80e554d304c1cc05516,4b00aaeb2cfd2bd50ca5e02b450eb81bf983ec23d3ada30a4bddf29a86eb29d7,1,1,0,0,305,5,349.9000059323452,1160883326,1160883325,385342,271008,529847171793594266,18265827257109574868
20260810,1,7,3,445642841502018990,1f75e0440544408eeabedde389c7b635eeaec689ec71f80e554d304c1cc05516,4b00aaeb2cfd2bd50ca5e02b450eb81bf983ec23d3ada30a4bddf29a86eb29d7,1,1,0,0,112,2,355.173446830348,426448188,426448187,96232,67752,445642841502018990,8133576812145349019
20260810,1,8,0,17347899464711564992,11a8d3f3cf4dd36c7a9298c623744967e3a5c32ea8ccaa84c89f2d664c54093a,1beb99f5261e9a259ae2c93d6330a0626ac866a32c0b1f30a1f1dcd5ac7c84bf,1,1,0,0,103,2,421.09869472402625,392348997,392348996,96142,67752,17347899464711564992,8584373290941510277
20260810,1,8,1,16242277150676000938,11a8d3f3cf4dd36c7a9298c623744967e3a5c32ea8ccaa84c89f2d664c54093a,1beb99f5261e9a259ae2c93d6330a0626ac866a32c0b1f30a1f1dcd5ac7c84bf,1,1,0,0,135,2,414.4346028007892,513590327,513590326,96224,67752,16242277150676000938,2082905807142422694
20260810,1,8,2,10011031792521770431,11a8d3f3cf4dd36c7a9298c623744967e3a5c32ea8ccaa84c89f2d664c54093a,1beb99f5261e9a259ae2c93d6330a0626ac866a32c0b1f30a1f1dcd5ac7c84bf,1,1,0,0,765,13,450.29600041362687,2912257074,2912257073,1156814,813024,10011031792521770431,3350493443109280453
20260810,1,8,3,1177562860685895882,11a8d3f3cf4dd36c7a9298c623744967e3a5c32ea8ccaa84c89f2d664c54093a,1beb99f5261e9a259ae2c93d6330a0626ac866a32c0b1f30a1f1dcd5ac7c84bf,1,1,0,0,103,2,455.80070813316456,392349368,392349367,96513,67752,1177562860685895882,820398379534964212
20260810,1,9,0,10680904030723624696,499e7769844aaa5d1d1642de7209c0512c75020ad4274b40e44b306beff1b5d4,9fc4a88539c1bdf26309341188ebc7d12cc20df410aa765b073b17aaf6b87549,1,1,0,0,1430,24,432.324469819619,5443529948,5443529947,2215916,1558296,10680904030723624696,16680484826886575473
20260810,1,9,1,10467770150244613314,499e7769844aaa5d1d1642de7209c0512c75020ad4274b40e44b306beff1b5d4,9fc4a88539c1bdf26309341188ebc7d12cc20df410aa765b073b17aaf6b87549,1,1,0,0,543,9,434.0302850981056,2066879371,2066879370,769937,542016,10467770150244613314,16383569928257735103
20260810,1,9,2,11526822263270266274,499e7769844aaa5d1d1642de7209c0512c75020ad4274b40e44b306beff1b5d4,9fc4a88539c1bdf26309341188ebc7d12cc20df410aa765b073b17aaf6b87549,1,1,0,0,1334,22,445.39633892335667,5077673496,5077673495,2023042,1422792,11526822263270266274,10143212780757852671
20260810,1,9,3,10600552788143517940,499e7769844aaa5d1d1642de7209c0512c75020ad4274b40e44b306beff1b5d4,9fc4a88539c1bdf26309341188ebc7d12cc20df410aa765b073b17aaf6b87549,1,1,0,0,1095,18,466.2923170231738,4167888514,4167888513,1638299,1151784,10600552788143517940,2822702619299879625
20260810,1,10,0,14108626171013595552,c35fa0a8dd053cfb20380a2455bcff4f208254e780c7ab3c830e0f24830e0948,5c31706b53a6c11826d3bbe2fcbecc5e2314fd15bdaeae60999f558cde99c656,1,1,0,0,42,1,389.27482274900456,160166807,160166806,0,0,14108626171013595552,14108626171013595552
20260810,1,10,1,12887485610898404021,c35fa0a8dd053cfb20380a2455bcff4f208254e780c7ab3c830e0f24830e0948,5c31706b53a6c11826d3bbe2fcbecc5e2314fd15bdaeae60999f558cde99c656,1,1,0,0,42,1,389.27482274900456,160166807,160166806,0,0,12887485610898404021,12887485610898404021
20260810,1,10,2,5026783557640918368,c35fa0a8dd053cfb20380a2455bcff4f208254e780c7ab3c830e0f24830e0948,5c31706b53a6c11826d3bbe2fcbecc5e2314fd15bdaeae60999f558cde99c656,1,1,0,0,42,1,389.27482274900456,160166807,160166806,0,0,5026783557640918368,5026783557640918368
20260810,1,10,3,7088372637934754470,c35fa0a8dd053cfb20380a2455bcff4f208254e780c7ab3c830e0f24830e0948,5c31706b53a6c11826d3bbe2fcbecc5e2314fd15bdaeae60999f558cde99c656,1,1,0,0,42,1,389.27482274900456,160166807,160166806,0,0,7088372637934754470,7088372637934754470
20260810,1,11,0,15744908322155961522,33eb649aace56b2d148179d396e68c9412e6f0fee480de125ac99680a4a2257f,b1c6edd6aef6541e22141b91734d62c24acb884a22ef9a8f36aff4e19bd39999,1,1,0,0,50,1,310.6350021916819,190477119,190477118,0,0,15744908322155961522,15744908322155961522
20260810,1,11,1,14529248077396426700,33eb649aace56b2d148179d396e68c9412e6f0fee480de125ac99680a4a2257f,b1c6edd6aef6541e22141b91734d62c24acb884a22ef9a8f36aff4e19bd39999,1,1,0,0,50,1,310.6350021916819,190477119,190477118,0,0,14529248077396426700,14529248077396426700
20260810,1,11,2,10120451127766730030,33eb649aace56b2d148179d396e68c9412e6f0fee480de125ac99680a4a2257f,b1c6edd6aef6541e22141b91734d62c24acb884a22ef9a8f36aff4e19bd39999,1,1,0,0,50,1,310.6350021916819,190477119,190477118,0,0,10120451127766730030,10120451127766730030
20260810,1,11,3,12334394994909765351,33eb649aace56b2d148179d396e68c9412e6f0fee480de125ac99680a4a2257f,b1c6edd6aef6541e22141b91734d62c24acb884a22ef9a8f36aff4e19bd39999,1,1,0,0,50,1,310.6350021916819,190477119,190477118,0,0,12334394994909765351,12334394994909765351
20260810,1,12,0,2570941975186273792,7789e7efa18a432b9281485c28171761fc5f482d9e3180218dbcabf58b8c4b4e,dc9f77d20565ea626d0284baa243499fe744465b38f84c78055f1f6ba5b3fdf3,1,1,0,0,34,1,307.26354900377316,129856495,129856494,0,0,2570941975186273792,2570941975186273792
20260810,1,12,1,7454319751143994661,7789e7efa18a432b9281485c28171761fc5f482d9e3180218dbcabf58b8c4b4e,dc9f77d20565ea626d0284baa243499fe744465b38f84c78055f1f6ba5b3fdf3,1,1,0,0,34,1,307.26354900377316,129856495,129856494,0,0,7454319751143994661,7454319751143994661
20260810,1,12,2,5450711137316755903,7789e7efa18a432b9281485c28171761fc5f482d9e3180218dbcabf58b8c4b4e,dc9f77d20565ea626d0284baa243499fe744465b38f84c78055f1f6ba5b3fdf3,1,1,0,0,34,1,307.26354900377316,129856495,129856494,0,0,5450711137316755903,5450711137316755903
20260810,1,12,3,3089208554893069693,7789e7efa18a432b9281485c28171761fc5f482d9e3180218dbcabf58b8c4b4e,dc9f77d20565ea626d0284baa243499fe744465b38f84c78055f1f6ba5b3fdf3,1,1,0,0,34,1,307.26354900377316,129856495,129856494,0,0,3089208554893069693,3089208554893069693
20260810,1,13,0,3119474908883429183,8c5ef5c28cf0296a5c518b684d2f78753b34a3606fed83e40c5ac2c26dce1d64,75997f481e768710b6d5560612f7804d2c6ba87542de1975ad41e3775b52b151,1,1,0,0,189,3,331.6141292309595,719251300,719251299,192674,135504,3119474908883429183,9073422158540980614
20260810,1,13,1,18264905140061471670,8c5ef5c28cf0296a5c518b684d2f78753b34a3606fed83e40c5ac2c26dce1d64,75997f481e768710b6d5560612f7804d2c6ba87542de1975ad41e3775b52b151,1,1,0,0,138,2,316.1274562888563,524956983,524956982,96513,67752,18264905140061471670,5352396314029021834
20260810,1,13,2,11825818377293789257,8c5ef5c28cf0296a5c518b684d2f78753b34a3606fed83e40c5ac2c26dce1d64,75997f481e768710b6d5560612f7804d2c6ba87542de1975ad41e3775b52b151,1,1,0,0,117,2,321.8948998690433,445392313,445392312,96412,67752,11825818377293789257,11051648798273108571
20260810,1,13,3,14004374986067402978,8c5ef5c28cf0296a5c518b684d2f78753b34a3606fed83e40c5ac2c26dce1d64,75997f481e768710b6d5560612f7804d2c6ba87542de1975ad41e3775b52b151,1,1,0,0,283,5,325.76703918999704,1077529887,1077529886,385261,271008,14004374986067402978,7802473913592796669
20260810,1,14,0,13921168073012108925,c8a7733d1fb8e6baf3bc4e4603dca4cab9850ce92e2cf425ca5a95c336534be6,53d9602d612f26666c4acbe860c02e7b773ae14c93b5c9eb8871eb5ad4a97118,1,1,0,0,63,1,300.91635632150917,239731376,239731375,0,0,13921168073012108925,13921168073012108925
20260810,1,14,1,7002749854099204387,c8a7733d1fb8e6baf3bc4e4603dca4cab9850ce92e2cf425ca5a95c336534be6,53d9602d612f26666c4acbe860c02e7b773ae14c93b5c9eb8871eb5ad4a97118,1,1,0,0,63,1,300.91635632150917,239731376,239731375,0,0,7002749854099204387,7002749854099204387
20260810,1,14,2,18397987533501434381,c8a7733d1fb8e6baf3bc4e4603dca4cab9850ce92e2cf425ca5a95c336534be6,53d9602d612f26666c4acbe860c02e7b773ae14c93b5c9eb8871eb5ad4a97118,1,1,0,0,63,1,300.91635632150917,239731376,239731375,0,0,18397987533501434381,18397987533501434381
20260810,1,14,3,1685308312870921942,c8a7733d1fb8e6baf3bc4e4603dca4cab9850ce92e2cf425ca5a95c336534be6,53d9602d612f26666c4acbe860c02e7b773ae14c93b5c9eb8871eb5ad4a97118,1,1,0,0,63,1,300.91635632150917,239731376,239731375,0,0,1685308312870921942,1685308312870921942
20260810,1,15,0,12682690586956095751,84019289039dd794d4788f6f37d0feec7bc5513db820c58af1a6e09ef494cdf8,87e224612b3bed2bb45fa679efde5d32fa8aa81480174feaf1304a38e882fe68,1,1,0,0,17,1,252.22248931897155,65447082,65447081,0,0,12682690586956095751,12682690586956095751
20260810,1,15,1,4540782341996322137,84019289039dd794d4788f6f37d0feec7bc5513db820c58af1a6e09ef494cdf8,87e224612b3bed2bb45fa679efde5d32fa8aa81480174feaf1304a38e882fe68,1,1,0,0,17,1,252.22248931897155,65447082,65447081,0,0,4540782341996322137,4540782341996322137
20260810,1,15,2,15418501526720252337,84019289039dd794d4788f6f37d0feec7bc5513db820c58af1a6e09ef494cdf8,87e224612b3bed2bb45fa679efde5d32fa8aa81480174feaf1304a38e882fe68,1,1,0,0,17,1,252.22248931897155,65447082,65447081,0,0,15418501526720252337,15418501526720252337
20260810,1,15,3,13602555190452954721,84019289039dd794d4788f6f37d0feec7bc5513db820c58af1a6e09ef494cdf8,87e224612b3bed2bb45fa679efde5d32fa8aa81480174feaf1304a38e882fe68,1,1,0,0,17,1,252.22248931897155,65447082,65447081,0,0,13602555190452954721,13602555190452954721
20260810,1,16,0,4778280623693829611,1775eea861c87df9e570e7437f4b4d87f8367a02a84ec16b4c87fb2f8627f710,8772d9a8debd04cbbca3914d8c5a123c5705f795522c4d5d7137d5ad09168ad8,1,1,0,0,47,1,283.2190543618213,179110752,179110751,0,0,4778280623693829611,4778280623693829611
20260810,1,16,1,17401568351486913378,1775eea861c87df9e570e7437f4b4d87f8367a02a84ec16b4c87fb2f8627f710,8772d9a8debd04cbbca3914d8c5a123c5705f795522c4d5d7137d5ad09168ad8,1,1,0,0,47,1,283.2190543618213,179110752,179110751,0,0,17401568351486913378,17401568351486913378
20260810,1,16,2,9414072887827956002,1775eea861c87df9e570e7437f4b4d87f8367a02a84ec16b4c87fb2f8627f710,8772d9a8debd04cbbca3914d8c5a123c5705f795522c4d5d7137d5ad09168ad8,1,1,0,0,47,1,283.2190543618213,179110752,179110751,0,0,9414072887827956002,9414072887827956002
20260810,1,16,3,12269681997306181828,1775eea861c87df9e570e7437f4b4d87f8367a02a84ec16b4c87fb2f8627f710,8772d9a8debd04cbbca3914d8c5a123c5705f795522c4d5d7137d5ad09168ad8,1,1,0,0,47,1,283.2190543618213,179110752,179110751,0,0,12269681997306181828,12269681997306181828
20260810,1,17,0,3673036723463323741,980f7cd66cd562c96a2c477c6b60c94cfa79002420b329fdfef17b7fa35855a2,6dbad28b4285110a5003b8da030625c82a6dea3cb419d2164bcc6e61ccf00090,1,1,0,0,38,1,432.5891002910465,145011651,145011650,0,0,3673036723463323741,3673036723463323741
20260810,1,17,1,1734109629132500786,980f7cd66cd562c96a2c477c6b60c94cfa79002420b329fdfef17b7fa35855a2,6dbad28b4285110a5003b8da030625c82a6dea3cb419d2164bcc6e61ccf00090,1,1,0,0,38,1,432.5891002910465,145011651,145011650,0,0,1734109629132500786,1734109629132500786
20260810,1,17,2,11873230919755611793,980f7cd66cd562c96a2c477c6b60c94cfa79002420b329fdfef17b7fa35855a2,6dbad28b4285110a5003b8da030625c82a6dea3cb419d2164bcc6e61ccf00090,1,1,0,0,38,1,432.5891002910465,145011651,145011650,0,0,11873230919755611793,11873230919755611793
20260810,1,17,3,10433979722847405976,980f7cd66cd562c96a2c477c6b60c94cfa79002420b329fdfef17b7fa35855a2,6dbad28b4285110a5003b8da030625c82a6dea3cb419d2164bcc6e61ccf00090,1,1,0,0,38,1,432.5891002910465,145011651,145011650,0,0,10433979722847405976,10433979722847405976
20260810,1,18,0,5998232605694163604,4b3047acba171b4230d32d4a4d8bf0fb595baa077760ba9295ebf0cf246a3aaf,8088f90abf20fb1a70e9274893f63b44efded7c2ba806f1a86f9779d6e34de15,1,1,0,0,72,1,306.56581176443586,273830477,273830476,0,0,5998232605694163604,5998232605694163604
20260810,1,18,1,17636983845610381020,4b3047acba171b4230d32d4a4d8bf0fb595baa077760ba9295ebf0cf246a3aaf,8088f90abf20fb1a70e9274893f63b44efded7c2ba806f1a86f9779d6e34de15,1,1,0,0,72,1,306.56581176443586,273830477,273830476,0,0,17636983845610381020,17636983845610381020
20260810,1,18,2,17408893329955374078,4b3047acba171b4230d32d4a4d8bf0fb595baa077760ba9295ebf0cf246a3aaf,8088f90abf20fb1a70e9274893f63b44efded7c2ba806f1a86f9779d6e34de15,1,1,0,0,72,1,306.56581176443586,273830477,273830476,0,0,17408893329955374078,17408893329955374078
20260810,1,18,3,7055554145594812147,4b3047acba171b4230d32d4a4d8bf0fb595baa077760ba9295ebf0cf246a3aaf,8088f90abf20fb1a70e9274893f63b44efded7c2ba806f1a86f9779d6e34de15,1,1,0,0,72,1,306.56581176443586,273830477,273830476,0,0,7055554145594812147,7055554145594812147
20260810,1,19,0,431526302299323507,db3823fc9116a9a2538755f9cd264ca937bfe379b6d6c85bdf29896fc1aee14e,dd0c3152ac2fb5fbc5c7dcbfab3ddf5ff99fa9e528e33686312a2b054e514099,1,1,0,0,550,9,424.1979328020979,2093401265,2093401264,770308,542016,431526302299323507,13483613114729387047
20260810,1,19,1,14491980786553029103,db3823fc9116a9a2538755f9cd264ca937bfe379b6d6c85bdf29896fc1aee14e,dd0c3152ac2fb5fbc5c7dcbfab3ddf5ff99fa9e528e33686312a2b054e514099,1,1,0,0,498,8,485.4342569027757,1895319382,1895319381,675370,474264,14491980786553029103,9920320676793536815
20260810,1,19,2,16610634425742876147,db3823fc9116a9a2538755f9cd264ca937bfe379b6d6c85bdf29896fc1aee14e,dd0c3152ac2fb5fbc5c7dcbfab3ddf5ff99fa9e528e33686312a2b054e514099,1,1,0,0,307,5,450.161786534415,1168460610,1168460609,385048,271008,16610634425742876147,18234181077180385861
20260810,1,19,3,8755579399750500677,db3823fc9116a9a2538755f9cd264ca937bfe379b6d6c85bdf29896fc1aee14e,dd0c3152ac2fb5fbc5c7dcbfab3ddf5ff99fa9e528e33686312a2b054e514099,1,1,0,0,607,10,452.1442717744938,2310429051,2310429050,867204,609768,8755579399750500677,9147297583612048411
20260810,1,20,0,1807615973557573114,ab2ddea742abad9bd71c94ff9b737b1a5a881ef292681893c5e6e07b36748b47,4e807149ac354bc723b9d79a42ed8703fdccf9ca11cdeeeee13df852aa666e97,1,1,0,0,285,5,360.6465481953018,1085107621,1085107620,385417,271008,1807615973557573114,13367950777172845042
20260810,1,20,1,584914519830305683,ab2ddea742abad9bd71c94ff9b737b1a5a881ef292681893c5e6e07b36748b47,4e807149ac354bc723b9d79a42ed8703fdccf9ca11cdeeeee13df852aa666e97,1,1,0,0,112,2,346.83424434288173,426448332,426448331,96376,67752,584914519830305683,2123786239060650239
20260810,1,20,2,2338358221336335607,ab2ddea742abad9bd71c94ff9b737b1a5a881ef292681893c5e6e07b36748b47,4e807149ac354bc723b9d79a42ed8703fdccf9ca11cdeeeee13df852aa666e97,1,1,0,0,162,3,345.5718829797874,616954230,616954229,192907,135504,2338358221336335607,12188188812896498284
20260810,1,20,3,14473416950425782943,ab2ddea742abad9bd71c94ff9b737b1a5a881ef292681893c5e6e07b36748b47,4e807149ac354bc723b9d79a42ed8703fdccf9ca11cdeeeee13df852aa666e97,1,1,0,0,120,2,304.3088306995943,456758375,456758374,96107,67752,14473416950425782943,430628349086130816
20260810,1,21,0,6813046155664075182,7a2a76786967fba6b0ca2598c0cd6eaf28a9e347c68c58bdfe3d53d5db10ece2,709c3f3aa785534176fc5cdbd09f1dee22618443af5b2022e44fc5b99a52edbb,1,1,0,0,104,2,298.49630493053087,396138121,396138120,96477,67752,6813046155664075182,3949723005234017547
20260810,1,21,1,3541383146123096606,7a2a76786967fba6b0ca2598c0cd6eaf28a9e347c68c58bdfe3d53d5db10ece2,709c3f3aa785534176fc5cdbd09f1dee22618443af5b2022e44fc5b99a52edbb,1,1,0,0,216,4,358.59038797521856,822614667,822614666,288821,203256,3541383146123096606,10984424476962746708
20260810,1,21,2,11057998748488147954,7a2a76786967fba6b0ca2598c0cd6eaf28a9e347c68c58bdfe3d53d5db10ece2,709c3f3aa785534176fc5cdbd09f1dee22618443af5b2022e44fc5b99a52edbb,1,1,0,0,130,2,342.6898819995114,494646161,494646160,96003,67752,11057998748488147954,275569700175815068
20260810,1,21,3,8687497250582482820,7a2a76786967fba6b0ca2598c0cd6eaf28a9e347c68c58bdfe3d53d5db10ece2,709c3f3aa785534176fc5cdbd09f1dee22618443af5b2022e44fc5b99a52edbb,1,1,0,0,229,4,365.73506159765543,871869374,871869373,289271,203256,8687497250582482820,11480119645666630995
20260810,1,22,0,18318094137074377224,7f04728adc3be4edafe918752f7d4703fa36be04843c51b03521e58be2b0e896,cdb0b8492b7eda62b983f4ff5b3070174af30478936da7c599bf033b727e8ebb,1,1,0,0,77,1,259.93352705306546,292774422,292774421,0,0,18318094137074377224,18318094137074377224
20260810,1,22,1,11792925387749738074,7f04728adc3be4edafe918752f7d4703fa36be04843c51b03521e58be2b0e896,cdb0b8492b7eda62b983f4ff5b3070174af30478936da7c599bf033b727e8ebb,1,1,0,0,77,1,259.93352705306546,292774422,292774421,0,0,11792925387749738074,11792925387749738074
20260810,1,22,2,8850339575597371360,7f04728adc3be4edafe918752f7d4703fa36be04843c51b03521e58be2b0e896,cdb0b8492b7eda62b983f4ff5b3070174af30478936da7c599bf033b727e8ebb,1,1,0,0,77,1,259.93352705306546,292774422,292774421,0,0,8850339575597371360,8850339575597371360
20260810,1,22,3,2791214864748009952,7f04728adc3be4edafe918752f7d4703fa36be04843c51b03521e58be2b0e896,cdb0b8492b7eda62b983f4ff5b3070174af30478936da7c599bf033b727e8ebb,1,1,0,0,77,1,259.93352705306546,292774422,292774421,0,0,2791214864748009952,2791214864748009952
20260810,1,23,0,14775790003291655981,707e49233aaf9c5e8f383f89c4326c43969c4e02d48b7c7b95212eb80f93bffc,5e2cfbf97b97eb5b62f35ad23a5a1ff2d13d79ce5374f02d2d1adcdf14529135,1,1,0,0,47,1,356.6532976900697,179110752,179110751,0,0,14775790003291655981,14775790003291655981
20260810,1,23,1,9440711780698823099,707e49233aaf9c5e8f383f89c4326c43969c4e02d48b7c7b95212eb80f93bffc,5e2cfbf97b97eb5b62f35ad23a5a1ff2d13d79ce5374f02d2d1adcdf14529135,1,1,0,0,47,1,356.6532976900697,179110752,179110751,0,0,9440711780698823099,9440711780698823099
20260810,1,23,2,14977790824328456804,707e49233aaf9c5e8f383f89c4326c43969c4e02d48b7c7b95212eb80f93bffc,5e2cfbf97b97eb5b62f35ad23a5a1ff2d13d79ce5374f02d2d1adcdf14529135,1,1,0,0,47,1,356.6532976900697,179110752,179110751,0,0,14977790824328456804,14977790824328456804
20260810,1,23,3,1113158446097044901,707e49233aaf9c5e8f383f89c4326c43969c4e02d48b7c7b95212eb80f93bffc,5e2cfbf97b97eb5b62f35ad23a5a1ff2d13d79ce5374f02d2d1adcdf14529135,1,1,0,0,47,1,356.6532976900697,179110752,179110751,0,0,1113158446097044901,1113158446097044901
20260810,1,24,0,6432755272563781537,925d65f02cc83ca2f4b20c519572e1fc5603318e6b4607215d63de94ce664417,1dc137a8a2ec4f9b99fba15e88df11d6e4df0d2cb2615eeba0e3a8392fb27b82,1,1,0,0,66,1,329.59581165515885,251097743,251097742,0,0,6432755272563781537,6432755272563781537
20260810,1,24,1,4082382190877665539,925d65f02cc83ca2f4b20c519572e1fc5603318e6b4607215d63de94ce664417,1dc137a8a2ec4f9b99fba15e88df11d6e4df0d2cb2615eeba0e3a8392fb27b82,1,1,0,0,66,1,329.59581165515885,251097743,251097742,0,0,4082382190877665539,4082382190877665539
20260810,1,24,2,3771418572746203501,925d65f02cc83ca2f4b20c519572e1fc5603318e6b4607215d63de94ce664417,1dc137a8a2ec4f9b99fba15e88df11d6e4df0d2cb2615eeba0e3a8392fb27b82,1,1,0,0,66,1,329.59581165515885,251097743,251097742,0,0,3771418572746203501,3771418572746203501
20260810,1,24,3,6308024595730456512,925d65f02cc83ca2f4b20c519572e1fc5603318e6b4607215d63de94ce664417,1dc137a8a2ec4f9b99fba15e88df11d6e4df0d2cb2615eeba0e3a8392fb27b82,1,1,0,0,66,1,329.59581165515885,251097743,251097742,0,0,6308024595730456512,6308024595730456512
20260810,1,25,0,14075516971552651714,ea64d41ad4050712da3d86c742fb860248f41a205edd381d1b22286f59c295ef,076ee9b1c751cca3443d06c0e445246fee3297b1c7d620b03970c141e1d8eb3e,1,1,0,0,58,1,323.69010880759095,220787431,220787430,0,0,14075516971552651714,14075516971552651714
20260810,1,25,1,2534713456459404202,ea64d41ad4050712da3d86c742fb860248f41a205edd381d1b22286f59c295ef,076ee9b1c751cca3443d06c0e445246fee3297b1c7d620b03970c141e1d8eb3e,1,1,0,0,58,1,323.69010880759095,220787431,220787430,0,0,2534713456459404202,2534713456459404202
20260810,1,25,2,8652758802271260859,ea64d41ad4050712da3d86c742fb860248f41a205edd381d1b22286f59c295ef,076ee9b1c751cca3443d06c0e445246fee3297b1c7d620b03970c141e1d8eb3e,1,1,0,0,58,1,323.69010880759095,220787431,220787430,0,0,8652758802271260859,8652758802271260859
20260810,1,25,3,3413969091685154368,ea64d41ad4050712da3d86c742fb860248f41a205edd381d1b22286f59c295ef,076ee9b1c751cca3443d06c0e445246fee3297b1c7d620b03970c141e1d8eb3e,1,1,0,0,58,1,323.69010880759095,220787431,220787430,0,0,3413969091685154368,3413969091685154368
20260810,1,26,0,13422414391702810807,e9815e16d67d226562551216aa6af46ffb9bfe1013c381e12061dee522d2183a,f7ea48203f012146e721e99f4f9ffb49931553e141c9b01bccb3c6aecd61968a,0,0,0,1,1940,32,,7384341176,7384341176,2985420,2100312,13422414391702810807,14692275561292612853
20260810,1,26,1,5014246721371807918,e9815e16d67d226562551216aa6af46ffb9bfe1013c381e12061dee522d2183a,f7ea48203f012146e721e99f4f9ffb49931553e141c9b01bccb3c6aecd61968a,1,1,0,0,242,4,478.1961870014949,921122825,921122824,288465,203256,5014246721371807918,5903747514144992768
20260810,1,26,2,5648375293922790753,e9815e16d67d226562551216aa6af46ffb9bfe1013c381e12061dee522d2183a,f7ea48203f012146e721e99f4f9ffb49931553e141c9b01bccb3c6aecd61968a,1,1,0,0,1723,29,502.1177473178296,6558978204,6558978203,2699410,1897056,5648375293922790753,6825805523057669310
20260810,1,26,3,3087070969854321344,e9815e16d67d226562551216aa6af46ffb9bfe1013c381e12061dee522d2183a,f7ea48203f012146e721e99f4f9ffb49931553e141c9b01bccb3c6aecd61968a,1,1,0,0,1098,18,526.4179867732576,4179253925,4179253924,1637343,1151784,3087070969854321344,2566840955519568529
20260810,1,27,0,2282679293320711415,337bf10d4bfa1504cf23524cd6c3b243f4a42449dba5fc7158d9f6a96b679a89,3e86d554843b62e3c25db4c4353324171ba2e242e0c6d57fb917e61ddec85ec4,1,1,0,0,56,1,367.95742112817027,213209853,213209852,0,0,2282679293320711415,2282679293320711415
20260810,1,27,1,15381013698111867264,337bf10d4bfa1504cf23524cd6c3b243f4a42449dba5fc7158d9f6a96b679a89,3e86d554843b62e3c25db4c4353324171ba2e242e0c6d57fb917e61ddec85ec4,1,1,0,0,56,1,367.95742112817027,213209853,213209852,0,0,15381013698111867264,15381013698111867264
20260810,1,27,2,2985854384980146842,337bf10d4bfa1504cf23524cd6c3b243f4a42449dba5fc7158d9f6a96b679a89,3e86d554843b62e3c25db4c4353324171ba2e242e0c6d57fb917e61ddec85ec4,1,1,0,0,56,1,367.95742112817027,213209853,213209852,0,0,2985854384980146842,2985854384980146842
20260810,1,27,3,14934623523333182118,337bf10d4bfa1504cf23524cd6c3b243f4a42449dba5fc7158d9f6a96b679a89,3e86d554843b62e3c25db4c4353324171ba2e242e0c6d57fb917e61ddec85ec4,1,1,0,0,56,1,367.95742112817027,213209853,213209852,0,0,14934623523333182118,14934623523333182118
20260810,1,28,0,4354426345079556176,5b150ca939554ea33d7914cb7b0551a746f2b28d0b5939422a22d6be64bee580,8d04cd0994f834cda8b758b3a7d3e550815164d1c05723aea89bc3af08ca411e,1,1,0,0,45,1,387.6062702116176,171533174,171533173,0,0,4354426345079556176,4354426345079556176
20260810,1,28,1,16388720416012307981,5b150ca939554ea33d7914cb7b0551a746f2b28d0b5939422a22d6be64bee580,8d04cd0994f834cda8b758b3a7d3e550815164d1c05723aea89bc3af08ca411e,1,1,0,0,45,1,387.6062702116176,171533174,171533173,0,0,16388720416012307981,16388720416012307981
20260810,1,28,2,9700086095861946922,5b150ca939554ea33d7914cb7b0551a746f2b28d0b5939422a22d6be64bee580,8d04cd0994f834cda8b758b3a7d3e550815164d1c05723aea89bc3af08ca411e,1,1,0,0,45,1,387.6062702116176,171533174,171533173,0,0,9700086095861946922,9700086095861946922
20260810,1,28,3,12008383690168491230,5b150ca939554ea33d7914cb7b0551a746f2b28d0b5939422a22d6be64bee580,8d04cd0994f834cda8b758b3a7d3e550815164d1c05723aea89bc3af08ca411e,1,1,0,0,45,1,387.6062702116176,171533174,171533173,0,0,12008383690168491230,12008383690168491230
20260810,1,29,0,9911219062610712897,8743b3a5eb82534dc1fcf25316c585995da63d7a828c4b87af2201c8ad8949d3,7b62c639cc3ef421cac3276420d756387ee2f0ed73aac62626fac47fe7c81293,1,1,0,0,285,5,367.7670770307249,1085107814,1085107813,385610,271008,9911219062610712897,2036931634654008453
20260810,1,29,1,14908040798604247566,8743b3a5eb82534dc1fcf25316c585995da63d7a828c4b87af2201c8ad8949d3,7b62c639cc3ef421cac3276420d756387ee2f0ed73aac62626fac47fe7c81293,1,1,0,0,435,7,371.45833768075136,1655558777,1655558776,578389,406512,14908040798604247566,11747433161064741034
20260810,1,29,2,15299698509727967915,8743b3a5eb82534dc1fcf25316c585995da63d7a828c4b87af2201c8ad8949d3,7b62c639cc3ef421cac3276420d756387ee2f0ed73aac62626fac47fe7c81293,1,1,0,0,354,6,403.21143127089965,1347600409,1347600408,481847,338760,15299698509727967915,11891171810143003070
20260810,1,29,3,15952224270842355044,8743b3a5eb82534dc1fcf25316c585995da63d7a828c4b87af2201c8ad8949d3,7b62c639cc3ef421cac3276420d756387ee2f0ed73aac62626fac47fe7c81293,1,1,0,0,542,9,375.62906450453175,2063091372,2063091371,770727,542016,15952224270842355044,11525836187410655263
20260810,1,30,0,8263197901438678172,701b488fa5a51be16ecf6e0baa96ed754185fe756f07cdc8844d45127a649178,b2f530b79290ecd416fb989dca8f2e390676fdc8600d89f456684f482fb62322,1,1,0,0,159,3,288.7989366876782,605587449,605587448,192493,135504,8263197901438678172,14041861000369338693
20260810,1,30,1,8356400451962193487,701b488fa5a51be16ecf6e0baa96ed754185fe756f07cdc8844d45127a649178,b2f530b79290ecd416fb989dca8f2e390676fdc8600d89f456684f482fb62322,1,1,0,0,108,2,291.27427706396327,411292990,411292989,96190,67752,8356400451962193487,3333767702812371587
20260810,1,30,2,8503460901265667727,701b488fa5a51be16ecf6e0baa96ed754185fe756f07cdc8844d45127a649178,b2f530b79290ecd416fb989dca8f2e390676fdc8600d89f456684f482fb62322,1,1,0,0,253,4,301.75222871441656,962799856,962799855,288817,203256,8503460901265667727,2614096726922145248
20260810,1,30,3,7020413212849504234,701b488fa5a51be16ecf6e0baa96ed754185fe756f07cdc8844d45127a649178,b2f530b79290ecd416fb989dca8f2e390676fdc8600d89f456684f482fb62322,1,1,0,0,109,2,268.94236928330264,415081904,415081903,96315,67752,7020413212849504234,617399315121208834
20260810,1,31,0,12211981350920347461,ccd3b370b990a5c262ad4061ef9584b28d2aaf9479f4937602e77a6bffa1c908,7660c991e0befbcb6b2f8e92bd345f3673563cae507b365448ceded6418492e7,1,1,0,0,314,5,365.4935378091658,1194982753,1194982752,385668,271008,12211981350920347461,1313956378670760608
20260810,1,31,1,15305487118818054149,ccd3b370b990a5c262ad4061ef9584b28d2aaf9479f4937602e77a6bffa1c908,7660c991e0befbcb6b2f8e92bd345f3673563cae507b365448ceded6418492e7,1,1,0,0,236,4,355.8895271473898,898389719,898389718,288093,203256,15305487118818054149,2968848419931367797
20260810,1,31,2,10644826309320824176,ccd3b370b990a5c262ad4061ef9584b28d2aaf9479f4937602e77a6bffa1c908,7660c991e0befbcb6b2f8e92bd345f3673563cae507b365448ceded6418492e7,1,1,0,0,260,4,366.04797155376394,989321637,989321636,289075,203256,10644826309320824176,5128236462922004039
20260810,1,31,3,662204789650063320,ccd3b370b990a5c262ad4061ef9584b28d2aaf9479f4937602e77a6bffa1c908,7660c991e0befbcb6b2f8e92bd345f3673563cae507b365448ceded6418492e7,1,1,0,0,658,11,375.3160240651216,2504723573,2504723572,963570,677520,662204789650063320,8609039463547681183
20260811,2,0,0,12591140135651291638,f1db2aca0d3d593b3a080e951260fae5e608afdef13f078d64772ceb899dd763,9e50069e9783169e22141366ddddd561b12d991a1afc2f76feb5d051a3e97d49,1,1,0,0,38,1,262.72411758213116,145011651,145011650,0,0,12591140135651291638,12591140135651291638
20260811,2,0,1,16714316653523421913,f1db2aca0d3d593b3a080e951260fae5e608afdef13f078d64772ceb899dd763,9e50069e9783169e22141366ddddd561b12d991a1afc2f76feb5d051a3e97d49,1,1,0,0,38,1,262.72411758213116,145011651,145011650,0,0,16714316653523421913,16714316653523421913
20260811,2,0,2,16041619443547803910,f1db2aca0d3d593b3a080e951260fae5e608afdef13f078d64772ceb899dd763,9e50069e9783169e22141366ddddd561b12d991a1afc2f76feb5d051a3e97d49,1,1,0,0,38,1,262.72411758213116,145011651,145011650,0,0,16041619443547803910,16041619443547803910
20260811,2,0,3,8594033671594804660,f1db2aca0d3d593b3a080e951260fae5e608afdef13f078d64772ceb899dd763,9e50069e9783169e22141366ddddd561b12d991a1afc2f76feb5d051a3e97d49,1,1,0,0,38,1,262.72411758213116,145011651,145011650,0,0,8594033671594804660,8594033671594804660
20260811,2,1,0,14398923474848074007,9c324d838b825db680fd2792ea9d2894ffbfd12651db6406058ebd6fd5db4c7b,cd2b3424be3c4e34fbb2ebdfff8c64e5a8775743810406c40a163d82a04331f9,1,1,0,0,340,6,382.92758883158155,1294557467,1294557466,481951,338760,14398923474848074007,4467648285916179473
20260811,2,1,1,16276123265812513593,9c324d838b825db680fd2792ea9d2894ffbfd12651db6406058ebd6fd5db4c7b,cd2b3424be3c4e34fbb2ebdfff8c64e5a8775743810406c40a163d82a04331f9,1,1,0,0,106,2,360.01172381544285,403715652,403715651,96430,67752,16276123265812513593,15884328492817583383
20260811,2,1,2,13192738081858457196,9c324d838b825db680fd2792ea9d2894ffbfd12651db6406058ebd6fd5db4c7b,cd2b3424be3c4e34fbb2ebdfff8c64e5a8775743810406c40a163d82a04331f9,1,1,0,0,163,3,395.4479697438607,620742465,620742464,192353,135504,13192738081858457196,13470371314373475471
20260811,2,1,3,13796000423638531366,9c324d838b825db680fd2792ea9d2894ffbfd12651db6406058ebd6fd5db4c7b,cd2b3424be3c4e34fbb2ebdfff8c64e5a8775743810406c40a163d82a04331f9,1,1,0,0,197,3,399.5810775267619,749561968,749561967,193030,135504,13796000423638531366,17819698605552971227
20260811,2,2,0,5285917600812044521,4134f7f366382b01c77d548800c5c84ccaf12103dab90caa7074975a1b57f299,8edee5b30cde45fa48b234cc94fbc55748ed01d514edeadc018ee5ae459d0602,1,1,0,0,51,1,301.131114823069,194265908,194265907,0,0,5285917600812044521,5285917600812044521
20260811,2,2,1,11602283543312595792,4134f7f366382b01c77d548800c5c84ccaf12103dab90caa7074975a1b57f299,8edee5b30cde45fa48b234cc94fbc55748ed01d514edeadc018ee5ae459d0602,1,1,0,0,51,1,301.131114823069,194265908,194265907,0,0,11602283543312595792,11602283543312595792
20260811,2,2,2,13207970078766229677,4134f7f366382b01c77d548800c5c84ccaf12103dab90caa7074975a1b57f299,8edee5b30cde45fa48b234cc94fbc55748ed01d514edeadc018ee5ae459d0602,1,1,0,0,51,1,301.131114823069,194265908,194265907,0,0,13207970078766229677,13207970078766229677
20260811,2,2,3,1959518183954242825,4134f7f366382b01c77d548800c5c84ccaf12103dab90caa7074975a1b57f299,8edee5b30cde45fa48b234cc94fbc55748ed01d514edeadc018ee5ae459d0602,1,1,0,0,51,1,301.131114823069,194265908,194265907,0,0,1959518183954242825,1959518183954242825
20260811,2,3,0,4870230045874889232,805dc6a0c3753dfd22d265592e56724420b7e679ec11c424e36083d657dc4f5f,13555cd0ad8dad09cb89e3f2f9c7d9ee5c09183a2dd7bf56924f33bcc3298830,1,1,0,0,45,1,346.12024981797845,171533174,171533173,0,0,4870230045874889232,4870230045874889232
20260811,2,3,1,454751311656610879,805dc6a0c3753dfd22d265592e56724420b7e679ec11c424e36083d657dc4f5f,13555cd0ad8dad09cb89e3f2f9c7d9ee5c09183a2dd7bf56924f33bcc3298830,1,1,0,0,45,1,346.12024981797845,171533174,171533173,0,0,454751311656610879,454751311656610879
20260811,2,3,2,10464949146636023558,805dc6a0c3753dfd22d265592e56724420b7e679ec11c424e36083d657dc4f5f,13555cd0ad8dad09cb89e3f2f9c7d9ee5c09183a2dd7bf56924f33bcc3298830,1,1,0,0,45,1,346.12024981797845,171533174,171533173,0,0,10464949146636023558,10464949146636023558
20260811,2,3,3,8928468877292790955,805dc6a0c3753dfd22d265592e56724420b7e679ec11c424e36083d657dc4f5f,13555cd0ad8dad09cb89e3f2f9c7d9ee5c09183a2dd7bf56924f33bcc3298830,1,1,0,0,45,1,346.12024981797845,171533174,171533173,0,0,8928468877292790955,8928468877292790955
20260811,2,4,0,5439685464939128410,63750f0d10ca982c61627854d57bfea016771678da4aedc6f0715aac028b65e1,02606f3ecf2a08f424ba6b22f944ad70b14e65b35a60d5499785082acb6d4ee9,1,1,0,0,114,2,314.8190775449506,434026050,434026049,96516,67752,5439685464939128410,17391487311087233737
20260811,2,4,1,314622122146281499,63750f0d10ca982c61627854d57bfea016771678da4aedc6f0715aac028b65e1,02606f3ecf2a08f424ba6b22f944ad70b14e65b35a60d5499785082acb6d4ee9,1,1,0,0,350,6,331.5204237263938,1332445432,1332445431,482026,338760,314622122146281499,16889289172686811639
20260811,2,4,2,8912744058006517069,63750f0d10ca982c61627854d57bfea016771678da4aedc6f0715aac028b65e1,02606f3ecf2a08f424ba6b22f944ad70b14e65b35a60d5499785082acb6d4ee9,1,1,0,0,221,4,335.3245664026852,841558826,841558825,289035,203256,8912744058006517069,12379018157023903032
20260811,2,4,3,6927679564923091030,63750f0d10ca982c61627854d57bfea016771678da4aedc6f0715aac028b65e1,02606f3ecf2a08f424ba6b22f944ad70b14e65b35a60d5499785082acb6d4ee9,1,1,0,0,338,6,305.52629773756723,1286979948,1286979947,482010,338760,6927679564923091030,10292529484551030401
20260811,2,5,0,8792214352843502736,aa489a0cfac57a77d1e9dad95f1cbf820bb68c22a58d71417adfe503d1bd658a,820d5d8baf762ec66dcd56fed15c78bf2798d4f9bd492f4553e99b4684865498,1,1,0,0,100,2,329.44608680311944,380982727,380982726,96239,67752,8792214352843502736,4093684515775768911
20260811,2,5,1,16156309760702522902,aa489a0cfac57a77d1e9dad95f1cbf820bb68c22a58d71417adfe503d1bd658a,820d5d8baf762ec66dcd56fed15c78bf2798d4f9bd492f4553e99b4684865498,1,1,0,0,162,3,390.0655197485825,616953867,616953866,192544,135504,16156309760702522902,13911430305368894774
20260811,2,5,2,1710125467081636111,aa489a0cfac57a77d1e9dad95f1cbf820bb68c22a58d71417adfe503d1bd658a,820d5d8baf762ec66dcd56fed15c78bf2798d4f9bd492f4553e99b4684865498,1,1,0,0,336,6,410.2011715129843,1279402899,1279402898,482539,338760,1710125467081636111,1354022755786916228
20260811,2,5,3,1557531245562065172,aa489a0cfac57a77d1e9dad95f1cbf820bb68c22a58d71417adfe503d1bd658a,820d5d8baf762ec66dcd56fed15c78bf2798d4f9bd492f4553e99b4684865498,1,1,0,0,215,4,391.0621988009502,818825670,818825669,288613,203256,1557531245562065172,15013754195687429513
20260811,2,6,0,11597767561949233287,c5266b88b9053f30748f4ed87ee718c2ad638b562a580cdefcadf7c7cb04ece4,ef3a33aa5ad19039260d9a324b474a44917aec91cfab9ce21311669775d49276,1,1,0,0,21,1,270.52824890805505,80602238,80602237,0,0,11597767561949233287,11597767561949233287
20260811,2,6,1,3570044337078570290,c5266b88b9053f30748f4ed87ee718c2ad638b562a580cdefcadf7c7cb04ece4,ef3a33aa5ad19039260d9a324b474a44917aec91cfab9ce21311669775d49276,1,1,0,0,21,1,270.52824890805505,80602238,80602237,0,0,3570044337078570290,3570044337078570290
20260811,2,6,2,9057157039717809304,c5266b88b9053f30748f4ed87ee718c2ad638b562a580cdefcadf7c7cb04ece4,ef3a33aa5ad19039260d9a324b474a44917aec91cfab9ce21311669775d49276,1,1,0,0,21,1,270.52824890805505,80602238,80602237,0,0,9057157039717809304,9057157039717809304
20260811,2,6,3,4460333221835568918,c5266b88b9053f30748f4ed87ee718c2ad638b562a580cdefcadf7c7cb04ece4,ef3a33aa5ad19039260d9a324b474a44917aec91cfab9ce21311669775d49276,1,1,0,0,21,1,270.52824890805505,80602238,80602237,0,0,4460333221835568918,4460333221835568918
20260811,2,7,0,10240115457452263406,9c2b3c7f690389be3ecd7d3ea8dc733cfed6cc4c108bf93bebc0572a11c656ca,8f85aa4402eb778f21c5df56c25b8d6be417568233936b5b10ea29ebb6063d90,1,1,0,0,78,1,373.69719295653067,296563211,296563210,0,0,10240115457452263406,10240115457452263406
20260811,2,7,1,9767009608777549681,9c2b3c7f690389be3ecd7d3ea8dc733cfed6cc4c108bf93bebc0572a11c656ca,8f85aa4402eb778f21c5df56c25b8d6be417568233936b5b10ea29ebb6063d90,1,1,0,0,78,1,373.69719295653067,296563211,296563210,0,0,9767009608777549681,9767009608777549681
20260811,2,7,2,16359526742956251041,9c2b3c7f690389be3ecd7d3ea8dc733cfed6cc4c108bf93bebc0572a11c656ca,8f85aa4402eb778f21c5df56c25b8d6be417568233936b5b10ea29ebb6063d90,1,1,0,0,78,1,373.69719295653067,296563211,296563210,0,0,16359526742956251041,16359526742956251041
20260811,2,7,3,16945306689524407146,9c2b3c7f690389be3ecd7d3ea8dc733cfed6cc4c108bf93bebc0572a11c656ca,8f85aa4402eb778f21c5df56c25b8d6be417568233936b5b10ea29ebb6063d90,1,1,0,0,78,1,373.69719295653067,296563211,296563210,0,0,16945306689524407146,16945306689524407146
20260811,2,8,0,13183679499127727963,15915706cf7c451325ed31589f924323bf3fcd704b0270ce4c5e30496937d018,414f7e27ad1e3aea98efdc4afc26e04e23208c0b92cb1a3dafc406cc8afdf7b7,1,1,0,0,113,2,257.38494794159726,430237098,430237097,96353,67752,13183679499127727963,17965004355755020449
20260811,2,8,1,17725628702158157308,15915706cf7c451325ed31589f924323bf3fcd704b0270ce4c5e30496937d018,414f7e27ad1e3aea98efdc4afc26e04e23208c0b92cb1a3dafc406cc8afdf7b7,1,1,0,0,110,2,272.37536162670426,418871049,418871048,96671,67752,17725628702158157308,18398055265228774991
20260811,2,8,2,4716597684097575594,15915706cf7c451325ed31589f924323bf3fcd704b0270ce4c5e30496937d018,414f7e27ad1e3aea98efdc4afc26e04e23208c0b92cb1a3dafc406cc8afdf7b7,1,1,0,0,115,2,297.964240148098,437814599,437814598,96276,67752,4716597684097575594,17762952349882946193
20260811,2,8,3,14178775958104346239,15915706cf7c451325ed31589f924323bf3fcd704b0270ce4c5e30496937d018,414f7e27ad1e3aea98efdc4afc26e04e23208c0b92cb1a3dafc406cc8afdf7b7,1,1,0,0,169,3,283.1804479805952,643475455,643475454,192609,135504,14178775958104346239,10605977011144215227
20260811,2,9,0,7420305196817032049,043f5a34065353ea3868aa615e85399d93a954d2916fa79451f67fe7119631cc,ccc8d02c8169fdaeaaa52f9c74dfa3e1238ac5d0e89bc35223d423517f8e2b2d,1,1,0,0,74,1,281.26795917260876,281408055,281408054,0,0,7420305196817032049,7420305196817032049
20260811,2,9,1,9219705117325939880,043f5a34065353ea3868aa615e85399d93a954d2916fa79451f67fe7119631cc,ccc8d02c8169fdaeaaa52f9c74dfa3e1238ac5d0e89bc35223d423517f8e2b2d,1,1,0,0,74,1,281.26795917260876,281408055,281408054,0,0,9219705117325939880,9219705117325939880
20260811,2,9,2,16362471831327535616,043f5a34065353ea3868aa615e85399d93a954d2916fa79451f67fe7119631cc,ccc8d02c8169fdaeaaa52f9c74dfa3e1238ac5d0e89bc35223d423517f8e2b2d,1,1,0,0,74,1,281.26795917260876,281408055,281408054,0,0,16362471831327535616,16362471831327535616
20260811,2,9,3,2533856454325043007,043f5a34065353ea3868aa615e85399d93a954d2916fa79451f67fe7119631cc,ccc8d02c8169fdaeaaa52f9c74dfa3e1238ac5d0e89bc35223d423517f8e2b2d,1,1,0,0,74,1,281.26795917260876,281408055,281408054,0,0,2533856454325043007,2533856454325043007
20260811,2,10,0,2561458277920639138,89d864d2aaaf409c3b3e463a9b4dc4f366243e0766063d43a5059decf19ffc85,2b14aff0feb9688dbee136c997df54a4daad9178e473493e64a0b159c5a4b6c1,1,1,0,0,32,1,278.2676039972531,122278917,122278916,0,0,2561458277920639138,2561458277920639138
20260811,2,10,1,6359106382760083572,89d864d2aaaf409c3b3e463a9b4dc4f366243e0766063d43a5059decf19ffc85,2b14aff0feb9688dbee136c997df54a4daad9178e473493e64a0b159c5a4b6c1,1,1,0,0,32,1,278.2676039972531,122278917,122278916,0,0,6359106382760083572,6359106382760083572
20260811,2,10,2,12107965133818927477,89d864d2aaaf409c3b3e463a9b4dc4f366243e0766063d43a5059decf19ffc85,2b14aff0feb9688dbee136c997df54a4daad9178e473493e64a0b159c5a4b6c1,1,1,0,0,32,1,278.2676039972531,122278917,122278916,0,0,12107965133818927477,12107965133818927477
20260811,2,10,3,6792436213443376973,89d864d2aaaf409c3b3e463a9b4dc4f366243e0766063d43a5059decf19ffc85,2b14aff0feb9688dbee136c997df54a4daad9178e473493e64a0b159c5a4b6c1,1,1,0,0,32,1,278.2676039972531,122278917,122278916,0,0,6792436213443376973,6792436213443376973
20260811,2,11,0,8078582994456052044,75ad5fd65e339c6ff0ae738d0918db6068140601a7b17b0fa817a202a7b42538,a93ed9ef94d313cc2c0f5f7f08c764817d6a3bd823596fe661321b089c2417e7,1,1,0,0,73,1,334.53197140417876,277619266,277619265,0,0,8078582994456052044,8078582994456052044
20260811,2,11,1,10028367006213907988,75ad5fd65e339c6ff0ae738d0918db6068140601a7b17b0fa817a202a7b42538,a93ed9ef94d313cc2c0f5f7f08c764817d6a3bd823596fe661321b089c2417e7,1,1,0,0,73,1,334.53197140417876,277619266,277619265,0,0,10028367006213907988,10028367006213907988
20260811,2,11,2,12005125483646965489,75ad5fd65e339c6ff0ae738d0918db6068140601a7b17b0fa817a202a7b42538,a93ed9ef94d313cc2c0f5f7f08c764817d6a3bd823596fe661321b089c2417e7,1,1,0,0,73,1,334.53197140417876,277619266,277619265,0,0,12005125483646965489,12005125483646965489
20260811,2,11,3,16773788201155157492,75ad5fd65e339c6ff0ae738d0918db6068140601a7b17b0fa817a202a7b42538,a93ed9ef94d313cc2c0f5f7f08c764817d6a3bd823596fe661321b089c2417e7,1,1,0,0,73,1,334.53197140417876,277619266,277619265,0,0,16773788201155157492,16773788201155157492
20260811,2,12,0,12808455088834327277,123279b8b5d5e2afe2266f4b66343e9254a3e2dfa6202716daea812be8645015,44770848dc96f922549852191f498879ee80e5f988143d5e4f3c63e8b90f4899,1,1,0,0,137,2,272.8895798394267,521168174,521168173,96493,67752,12808455088834327277,16872691644683574566
20260811,2,12,1,3513819750972264668,123279b8b5d5e2afe2266f4b66343e9254a3e2dfa6202716daea812be8645015,44770848dc96f922549852191f498879ee80e5f988143d5e4f3c63e8b90f4899,1,1,0,0,109,2,287.4140289513786,415082209,415082208,96620,67752,3513819750972264668,14225196461361334431
20260811,2,12,2,11021291906143857161,123279b8b5d5e2afe2266f4b66343e9254a3e2dfa6202716daea812be8645015,44770848dc96f922549852191f498879ee80e5f988143d5e4f3c63e8b90f4899,1,1,0,0,103,2,281.22098376648637,392349035,392349034,96180,67752,11021291906143857161,1593115232699453828
20260811,2,12,3,17726068703385185505,123279b8b5d5e2afe2266f4b66343e9254a3e2dfa6202716daea812be8645015,44770848dc96f922549852191f498879ee80e5f988143d5e4f3c63e8b90f4899,1,1,0,0,368,6,303.7221701191496,1400644008,1400644007,482400,338760,17726068703385185505,13121799419857113804
20260811,2,13,0,7478962685137083256,2bd5bf5cfe88ff6a5bdaa535639fcec3c255a65910a889caf022f5a3c73f0fe3,38050104e08f814440ef5f296079ecf42a5e6a28edb69b2bda6282eccbd13a59,1,1,0,0,126,2,425.91845015790307,479491476,479491475,96474,67752,7478962685137083256,3859108314703142526
20260811,2,13,1,9886313847674239343,2bd5bf5cfe88ff6a5bdaa535639fcec3c255a65910a889caf022f5a3c73f0fe3,38050104e08f814440ef5f296079ecf42a5e6a28edb69b2bda6282eccbd13a59,1,1,0,0,576,10,443.49418026398087,2192977025,2192977024,867637,609768,9886313847674239343,8048816787397528997
20260811,2,13,2,2117351242921393914,2bd5bf5cfe88ff6a5bdaa535639fcec3c255a65910a889caf022f5a3c73f0fe3,38050104e08f814440ef5f296079ecf42a5e6a28edb69b2bda6282eccbd13a59,1,1,0,0,292,5,464.60085633250236,1111629646,1111629645,385919,271008,2117351242921393914,16278738300814679619
20260811,2,13,3,2594246223829564192,2bd5bf5cfe88ff6a5bdaa535639fcec3c255a65910a889caf022f5a3c73f0fe3,38050104e08f814440ef5f296079ecf42a5e6a28edb69b2bda6282eccbd13a59,1,1,0,0,168,3,450.63522491862324,639686223,639686222,192166,135504,2594246223829564192,11780043188850240835
20260811,2,14,0,11156411659614648304,0b07ca7597a1e3befa5068bbb3ab7491ac71879cdf7e648b0251c70203fb7c2b,de3f615d6db2b0785f82eded6c1f2fe087145e2c3a2296aceddb3a7ea70247d7,1,1,0,0,36,1,309.29812843956813,137434073,137434072,0,0,11156411659614648304,11156411659614648304
20260811,2,14,1,5999051506218194596,0b07ca7597a1e3befa5068bbb3ab7491ac71879cdf7e648b0251c70203fb7c2b,de3f615d6db2b0785f82eded6c1f2fe087145e2c3a2296aceddb3a7ea70247d7,1,1,0,0,36,1,309.29812843956813,137434073,137434072,0,0,5999051506218194596,5999051506218194596
20260811,2,14,2,6416352615440768575,0b07ca7597a1e3befa5068bbb3ab7491ac71879cdf7e648b0251c70203fb7c2b,de3f615d6db2b0785f82eded6c1f2fe087145e2c3a2296aceddb3a7ea70247d7,1,1,0,0,36,1,309.29812843956813,137434073,137434072,0,0,6416352615440768575,6416352615440768575
20260811,2,14,3,11235439061078274072,0b07ca7597a1e3befa5068bbb3ab7491ac71879cdf7e648b0251c70203fb7c2b,de3f615d6db2b0785f82eded6c1f2fe087145e2c3a2296aceddb3a7ea70247d7,1,1,0,0,36,1,309.29812843956813,137434073,137434072,0,0,11235439061078274072,11235439061078274072
20260811,2,15,0,16838006490020479505,91606617eace009644af6436e5825bba58c882af613bfb2faa2dbfe6542fb5bf,c11283978b742210b5bac55c6813232b71ec2f4d666ec74c4d3e9023cc84b3d7,1,1,0,0,537,9,405.196844057334,2044147480,2044147479,770780,542016,16838006490020479505,5887517988276465820
20260811,2,15,1,7572865775504799845,91606617eace009644af6436e5825bba58c882af613bfb2faa2dbfe6542fb5bf,c11283978b742210b5bac55c6813232b71ec2f4d666ec74c4d3e9023cc84b3d7,1,1,0,0,437,7,395.926327419986,1663135498,1663135497,577532,406512,7572865775504799845,10143937812114326726
20260811,2,15,2,7180837535790818294,91606617eace009644af6436e5825bba58c882af613bfb2faa2dbfe6542fb5bf,c11283978b742210b5bac55c6813232b71ec2f4d666ec74c4d3e9023cc84b3d7,1,1,0,0,136,2,367.0310001274492,517379315,517379314,96423,67752,7180837535790818294,16064687389449682217
20260811,2,15,3,4124140596199724581,91606617eace009644af6436e5825bba58c882af613bfb2faa2dbfe6542fb5bf,c11283978b742210b5bac55c6813232b71ec2f4d666ec74c4d3e9023cc84b3d7,1,1,0,0,223,4,392.9832383707387,849135828,849135827,288459,203256,4124140596199724581,14439053479375733380
20260811,2,16,0,221122456675719003,a7283f53b3ec917b83fef9790846e63645932745e868d8d3e6fd5e80e934d57a,ff94c1326e8a86030608434139702192bcb91b515b8909f7be7a0317a72e1ca0,1,1,0,0,135,2,335.76037749514626,513590316,513590315,96213,67752,221122456675719003,7557747349423618125
20260811,2,16,1,14538820038851895363,a7283f53b3ec917b83fef9790846e63645932745e868d8d3e6fd5e80e934d57a,ff94c1326e8a86030608434139702192bcb91b515b8909f7be7a0317a72e1ca0,1,1,0,0,306,5,365.87125093953534,1164672704,1164672703,385931,271008,14538820038851895363,10205109390542670440
20260811,2,16,2,15702219487826728759,a7283f53b3ec917b83fef9790846e63645932745e868d8d3e6fd5e80e934d57a,ff94c1326e8a86030608434139702192bcb91b515b8909f7be7a0317a72e1ca0,1,1,0,0,254,4,370.5804694894499,966589052,966589051,289224,203256,15702219487826728759,623769733436055083
20260811,2,16,3,11429912418566355977,a7283f53b3ec917b83fef9790846e63645932745e868d8d3e6fd5e80e934d57a,ff94c1326e8a86030608434139702192bcb91b515b8909f7be7a0317a72e1ca0,1,1,0,0,215,4,395.0099296525467,818825965,818825964,288908,203256,11429912418566355977,3223582243413312626
20260811,2,17,0,10520600895686187117,ee263bd5f9d676ae8ac8e590b8d0ef667faf6aae6403b59afcd12e2a2c2eb2b2,ed6acec445a90ea20ab22cba018e3b88a56d437ff574f0158ac1d18fa6385033,1,1,0,0,66,1,310.8063991347773,251097743,251097742,0,0,10520600895686187117,10520600895686187117
20260811,2,17,1,623368144879257907,ee263bd5f9d676ae8ac8e590b8d0ef667faf6aae6403b59afcd12e2a2c2eb2b2,ed6acec445a90ea20ab22cba018e3b88a56d437ff574f0158ac1d18fa6385033,1,1,0,0,66,1,310.8063991347773,251097743,251097742,0,0,623368144879257907,623368144879257907
20260811,2,17,2,8272640694434318940,ee263bd5f9d676ae8ac8e590b8d0ef667faf6aae6403b59afcd12e2a2c2eb2b2,ed6acec445a90ea20ab22cba018e3b88a56d437ff574f0158ac1d18fa6385033,1,1,0,0,66,1,310.8063991347773,251097743,251097742,0,0,8272640694434318940,8272640694434318940
20260811,2,17,3,12228679927505155319,ee263bd5f9d676ae8ac8e590b8d0ef667faf6aae6403b59afcd12e2a2c2eb2b2,ed6acec445a90ea20ab22cba018e3b88a56d437ff574f0158ac1d18fa6385033,1,1,0,0,66,1,310.8063991347773,251097743,251097742,0,0,12228679927505155319,12228679927505155319
20260811,2,18,0,12508260089232246994,5c2d602e44af77b4764f71720536cb1d315029b42cdbeaf0eceb275d6ae13517,98dd2b77f42c0649fc5ed24b1bb4f5302a8904a1157db281a6752e7b4a3f1280,1,1,0,0,254,4,373.4877980528156,966588838,966588837,289010,203256,12508260089232246994,283108806020748319
20260811,2,18,1,14873171612103806225,5c2d602e44af77b4764f71720536cb1d315029b42cdbeaf0eceb275d6ae13517,98dd2b77f42c0649fc5ed24b1bb4f5302a8904a1157db281a6752e7b4a3f1280,1,1,0,0,108,2,359.8726461691389,411293771,411293770,96971,67752,14873171612103806225,14223152157389279640
20260811,2,18,2,16635699950754571756,5c2d602e44af77b4764f71720536cb1d315029b42cdbeaf0eceb275d6ae13517,98dd2b77f42c0649fc5ed24b1bb4f5302a8904a1157db281a6752e7b4a3f1280,1,1,0,0,255,4,342.1602119695183,970378068,970378067,289451,203256,16635699950754571756,18411482132196689944
20260811,2,18,3,18163620560783231684,5c2d602e44af77b4764f71720536cb1d315029b42cdbeaf0eceb275d6ae13517,98dd2b77f42c0649fc5ed24b1bb4f5302a8904a1157db281a6752e7b4a3f1280,1,1,0,0,407,7,392.8312811261092,1549471892,1549471891,577596,406512,18163620560783231684,7906317168019555592
20260811,2,19,0,5636405336155466579,ef93ee3332dd5ef476f251c9ef893fe1c0af03aeb4c9da628dafb1ec9307bd1c,ee8c8119647b36b01af9d3c8a3613392cf7f5cf951712e5ddc9fc1e758799e40,1,1,0,0,23,1,316.6001322510972,88179816,88179815,0,0,5636405336155466579,5636405336155466579
20260811,2,19,1,16736873120485300393,ef93ee3332dd5ef476f251c9ef893fe1c0af03aeb4c9da628dafb1ec9307bd1c,ee8c8119647b36b01af9d3c8a3613392cf7f5cf951712e5ddc9fc1e758799e40,1,1,0,0,23,1,316.6001322510972,88179816,88179815,0,0,16736873120485300393,16736873120485300393
20260811,2,19,2,5212996210715989705,ef93ee3332dd5ef476f251c9ef893fe1c0af03aeb4c9da628dafb1ec9307bd1c,ee8c8119647b36b01af9d3c8a3613392cf7f5cf951712e5ddc9fc1e758799e40,1,1,0,0,23,1,316.6001322510972,88179816,88179815,0,0,5212996210715989705,5212996210715989705
20260811,2,19,3,1159806432580219818,ef93ee3332dd5ef476f251c9ef893fe1c0af03aeb4c9da628dafb1ec9307bd1c,ee8c8119647b36b01af9d3c8a3613392cf7f5cf951712e5ddc9fc1e758799e40,1,1,0,0,23,1,316.6001322510972,88179816,88179815,0,0,1159806432580219818,1159806432580219818
20260811,2,20,0,17960158587654480707,15ce8ec5e97c9c3bc9095072ab57c4d6b0320a671429c95e9971bc34b17aaa3f,34c5a50ee913fa62dfc356c2e5c89b770c3cb04ad5397f38ea576a4053eb50a6,1,1,0,0,132,2,385.41979172787023,502224320,502224319,96584,67752,17960158587654480707,4772624936302435707
20260811,2,20,1,2670367458670504084,15ce8ec5e97c9c3bc9095072ab57c4d6b0320a671429c95e9971bc34b17aaa3f,34c5a50ee913fa62dfc356c2e5c89b770c3cb04ad5397f38ea576a4053eb50a6,1,1,0,0,167,3,367.83332763682563,635897579,635897578,192311,135504,2670367458670504084,7209837428072408557
20260811,2,20,2,1716905280921498514,15ce8ec5e97c9c3bc9095072ab57c4d6b0320a671429c95e9971bc34b17aaa3f,34c5a50ee913fa62dfc356c2e5c89b770c3cb04ad5397f38ea576a4053eb50a6,1,1,0,0,493,8,418.20092575157867,1876374550,1876374549,674483,474264,1716905280921498514,1253359376614297739
20260811,2,20,3,3809082368892827210,15ce8ec5e97c9c3bc9095072ab57c4d6b0320a671429c95e9971bc34b17aaa3f,34c5a50ee913fa62dfc356c2e5c89b770c3cb04ad5397f38ea576a4053eb50a6,1,1,0,0,149,3,381.71203231452375,567700053,567700052,192987,135504,3809082368892827210,18166082767853927110
20260811,2,21,0,7576333766788032507,65f1c0fb36055fede2a082cb7e093b57106cb2f1cb672439c20224a36a4dfcff,8c13db4cd1e6a764a785ae06190386bdb8fbe3a8c7da22c1eff1feec6151250c,1,1,0,0,183,3,405.036434293301,696518391,696518390,192499,135504,7576333766788032507,16121951071688965572
20260811,2,21,1,3241010762403818525,65f1c0fb36055fede2a082cb7e093b57106cb2f1cb672439c20224a36a4dfcff,8c13db4cd1e6a764a785ae06190386bdb8fbe3a8c7da22c1eff1feec6151250c,1,1,0,0,119,2,364.3423232563969,452969834,452969833,96355,67752,3241010762403818525,12436607354119045487
20260811,2,21,2,3856427945129520666,65f1c0fb36055fede2a082cb7e093b57106cb2f1cb672439c20224a36a4dfcff,8c13db4cd1e6a764a785ae06190386bdb8fbe3a8c7da22c1eff1feec6151250c,1,1,0,0,173,3,400.7430515824584,658630555,658630554,192553,135504,3856427945129520666,6421586520019765379
20260811,2,21,3,16317301361581341599,65f1c0fb36055fede2a082cb7e093b57106cb2f1cb672439c20224a36a4dfcff,8c13db4cd1e6a764a785ae06190386bdb8fbe3a8c7da22c1eff1feec6151250c,1,1,0,0,126,2,425.7088154415388,479491782,479491781,96780,67752,16317301361581341599,10435655697422219934
20260811,2,22,0,2657287600800773129,2209e4835342cde3c2824b7c17a684a4e54e6d157a724d4d97f0b503d47fb45e,c9af79e3adbca032f900fc97ec56a8751efc38465145eaa97cfcf1fc8ca0b615,1,1,0,0,64,1,335.4195204053038,243520165,243520164,0,0,2657287600800773129,2657287600800773129
20260811,2,22,1,3694716263334677177,2209e4835342cde3c2824b7c17a684a4e54e6d157a724d4d97f0b503d47fb45e,c9af79e3adbca032f900fc97ec56a8751efc38465145eaa97cfcf1fc8ca0b615,1,1,0,0,64,1,335.4195204053038,243520165,243520164,0,0,3694716263334677177,3694716263334677177
20260811,2,22,2,15911224632276608121,2209e4835342cde3c2824b7c17a684a4e54e6d157a724d4d97f0b503d47fb45e,c9af79e3adbca032f900fc97ec56a8751efc38465145eaa97cfcf1fc8ca0b615,1,1,0,0,64,1,335.4195204053038,243520165,243520164,0,0,15911224632276608121,15911224632276608121
20260811,2,22,3,8272264627664371938,2209e4835342cde3c2824b7c17a684a4e54e6d157a724d4d97f0b503d47fb45e,c9af79e3adbca032f900fc97ec56a8751efc38465145eaa97cfcf1fc8ca0b615,1,1,0,0,64,1,335.4195204053038,243520165,243520164,0,0,8272264627664371938,8272264627664371938
20260811,2,23,0,10399951486538895167,6ddbd7ea6e2889eca7e70f6ec41cf9e23efab438d4815cc99bc86f9351aefb8e,b836adce82a6ed5aafe3c5d9328ad28ad1ea3260f9548d48dafd101bc0f56a63,1,1,0,0,195,3,402.8249278458179,741984248,741984247,192888,135504,10399951486538895167,15381696026586266315
20260811,2,23,1,12500915002308756678,6ddbd7ea6e2889eca7e70f6ec41cf9e23efab438d4815cc99bc86f9351aefb8e,b836adce82a6ed5aafe3c5d9328ad28ad1ea3260f9548d48dafd101bc0f56a63,1,1,0,0,184,3,410.5925447847293,700307413,700307412,192732,135504,12500915002308756678,17728764642329863605
20260811,2,23,2,2660893450231041898,6ddbd7ea6e2889eca7e70f6ec41cf9e23efab438d4815cc99bc86f9351aefb8e,b836adce82a6ed5aafe3c5d9328ad28ad1ea3260f9548d48dafd101bc0f56a63,1,1,0,0,103,2,398.5895772650824,392348894,392348893,96039,67752,2660893450231041898,16359069749104104937
20260811,2,23,3,5563009103890701252,6ddbd7ea6e2889eca7e70f6ec41cf9e23efab438d4815cc99bc86f9351aefb8e,b836adce82a6ed5aafe3c5d9328ad28ad1ea3260f9548d48dafd101bc0f56a63,1,1,0,0,370,6,431.638469285099,1408220865,1408220864,481679,338760,5563009103890701252,11280451987001313360
20260811,2,24,0,3296197110880321045,70d9d1dd86576b8a975c6642aec0b498cf34782de1ec4f2adba949b745e6875b,e6a7825eb3ccf60599f4e6aed6134120c884b1214722243788baf435b39ad28e,1,1,0,0,73,1,291.222054809026,277619266,277619265,0,0,3296197110880321045,3296197110880321045
20260811,2,24,1,10005775456448158414,70d9d1dd86576b8a975c6642aec0b498cf34782de1ec4f2adba949b745e6875b,e6a7825eb3ccf60599f4e6aed6134120c884b1214722243788baf435b39ad28e,1,1,0,0,73,1,291.222054809026,277619266,277619265,0,0,10005775456448158414,10005775456448158414
20260811,2,24,2,7090539706040815850,70d9d1dd86576b8a975c6642aec0b498cf34782de1ec4f2adba949b745e6875b,e6a7825eb3ccf60599f4e6aed6134120c884b1214722243788baf435b39ad28e,1,1,0,0,73,1,291.222054809026,277619266,277619265,0,0,7090539706040815850,7090539706040815850
20260811,2,24,3,1497694106894044642,70d9d1dd86576b8a975c6642aec0b498cf34782de1ec4f2adba949b745e6875b,e6a7825eb3ccf60599f4e6aed6134120c884b1214722243788baf435b39ad28e,1,1,0,0,73,1,291.222054809026,277619266,277619265,0,0,1497694106894044642,1497694106894044642
20260811,2,25,0,4924991655058300892,72b52882cd41d9c4027a027306cd70b2fd08f66d3ab22e5482cfa52fd61aac47,6bf8ef03ae988e82c213831c5c8d808d48b6d9261ac0808de4a69ae4cc0e98b1,1,1,0,0,371,6,359.6067667074997,1412009478,1412009477,481503,338760,4924991655058300892,5314586986174548259
20260811,2,25,1,10773553486900403650,72b52882cd41d9c4027a027306cd70b2fd08f66d3ab22e5482cfa52fd61aac47,6bf8ef03ae988e82c213831c5c8d808d48b6d9261ac0808de4a69ae4cc0e98b1,1,1,0,0,320,5,404.797502354038,1217715604,1217715603,385785,271008,10773553486900403650,3685955995784858836
20260811,2,25,2,2383762866722603656,72b52882cd41d9c4027a027306cd70b2fd08f66d3ab22e5482cfa52fd61aac47,6bf8ef03ae988e82c213831c5c8d808d48b6d9261ac0808de4a69ae4cc0e98b1,1,1,0,0,366,6,357.1816806020156,1393065708,1393065707,481678,338760,2383762866722603656,8975103598182253187
20260811,2,25,3,6328928684249921830,72b52882cd41d9c4027a027306cd70b2fd08f66d3ab22e5482cfa52fd61aac47,6bf8ef03ae988e82c213831c5c8d808d48b6d9261ac0808de4a69ae4cc0e98b1,1,1,0,0,1182,20,383.11540925876625,4499645631,4499645630,1830939,1287288,6328928684249921830,7188168662847043617
20260811,2,26,0,15134709048464766590,e71cf651e4ebaf402ff2aa451cc52a4ea660ec0bac7b0ceafd1a3fd7809d1177,34f1deca88628c74727ddaba05d0ca7caaa4a397d18980fe675de672557a41ca,0,0,0,1,1940,32,,7384343541,7384343541,2987785,2100312,15134709048464766590,8814311685837319270
20260811,2,26,1,10362486612339602757,e71cf651e4ebaf402ff2aa451cc52a4ea660ec0bac7b0ceafd1a3fd7809d1177,34f1deca88628c74727ddaba05d0ca7caaa4a397d18980fe675de672557a41ca,1,1,0,0,1241,21,294.832026831003,4724250261,4724250260,1927101,1355040,10362486612339602757,7695860152668751418
20260811,2,26,2,1585860068839667913,e71cf651e4ebaf402ff2aa451cc52a4ea660ec0bac7b0ceafd1a3fd7809d1177,34f1deca88628c74727ddaba05d0ca7caaa4a397d18980fe675de672557a41ca,1,1,0,0,273,5,302.57234671493245,1039642235,1039642234,385499,271008,1585860068839667913,4305799943591494730
20260811,2,26,3,17425090263045825688,e71cf651e4ebaf402ff2aa451cc52a4ea660ec0bac7b0ceafd1a3fd7809d1177,34f1deca88628c74727ddaba05d0ca7caaa4a397d18980fe675de672557a41ca,1,1,0,0,881,15,299.71552163644935,3353885989,3353885988,1346371,948528,17425090263045825688,16552067742806024396
20260811,2,27,0,11538290679992291161,82caec2a839c79750c2740d11b8cbcdfd5c1afa65c33fe52a65fe99653541785,a11984c8f1cacdd2393769eeba7f1aba622f04f6702787174dba10126bb9f085,1,1,0,0,334,6,369.8746497179269,1271824991,1271824990,482209,338760,11538290679992291161,5768175758855074298
20260811,2,27,1,16669487498354507090,82caec2a839c79750c2740d11b8cbcdfd5c1afa65c33fe52a65fe99653541785,a11984c8f1cacdd2393769eeba7f1aba622f04f6702787174dba10126bb9f085,1,1,0,0,226,4,351.7910304622333,860502944,860502943,289208,203256,16669487498354507090,13301442289204464914
20260811,2,27,2,14624168915117924406,82caec2a839c79750c2740d11b8cbcdfd5c1afa65c33fe52a65fe99653541785,a11984c8f1cacdd2393769eeba7f1aba622f04f6702787174dba10126bb9f085,1,1,0,0,105,2,344.1706744172186,399927078,399927077,96645,67752,14624168915117924406,15971386413535180455
20260811,2,27,3,5279661373153943850,82caec2a839c79750c2740d11b8cbcdfd5c1afa65c33fe52a65fe99653541785,a11984c8f1cacdd2393769eeba7f1aba622f04f6702787174dba10126bb9f085,1,1,0,0,130,2,363.23319184460706,494646319,494646318,96161,67752,5279661373153943850,1667695358163312938
20260811,2,28,0,9658996613670898465,f085cf40fcbb3d1e10af99cb7445ed802b054a58dee20f34a35dad014e80f91b,47a2664a0b6f897df60db9777188591ef244e324cb2a11120af4d3ec1d22b320,1,1,0,0,538,9,378.9390246048778,2047936563,2047936562,771074,542016,9658996613670898465,17638142300553703491
20260811,2,28,1,15355693094233425345,f085cf40fcbb3d1e10af99cb7445ed802b054a58dee20f34a35dad014e80f91b,47a2664a0b6f897df60db9777188591ef244e324cb2a11120af4d3ec1d22b320,1,1,0,0,109,2,340.17385358258394,415081682,415081681,96093,67752,15355693094233425345,16165619999308530830
20260811,2,28,2,2161195252656970725,f085cf40fcbb3d1e10af99cb7445ed802b054a58dee20f34a35dad014e80f91b,47a2664a0b6f897df60db9777188591ef244e324cb2a11120af4d3ec1d22b320,1,1,0,0,101,2,320.0537828823728,384771302,384771301,96025,67752,2161195252656970725,4351091342456711860
20260811,2,28,3,7122367077407649428,f085cf40fcbb3d1e10af99cb7445ed802b054a58dee20f34a35dad014e80f91b,47a2664a0b6f897df60db9777188591ef244e324cb2a11120af4d3ec1d22b320,1,1,0,0,155,3,351.3923356327033,590432212,590432211,192412,135504,7122367077407649428,12094967023764135223
20260811,2,29,0,12160922851109679263,bb605ed0e8ecb0cc8771d8dd616cc1334d4771011ed984978cf124b971c0e184,9222cfab9895d438e70ac06acd41b6a3326e743f622548c14b0068d3d8ac7652,1,1,0,0,34,1,226.6341805350745,129856495,129856494,0,0,12160922851109679263,12160922851109679263
20260811,2,29,1,7711765226845807627,bb605ed0e8ecb0cc8771d8dd616cc1334d4771011ed984978cf124b971c0e184,9222cfab9895d438e70ac06acd41b6a3326e743f622548c14b0068d3d8ac7652,1,1,0,0,34,1,226.6341805350745,129856495,129856494,0,0,7711765226845807627,7711765226845807627
20260811,2,29,2,4841659602579985593,bb605ed0e8ecb0cc8771d8dd616cc1334d4771011ed984978cf124b971c0e184,9222cfab9895d438e70ac06acd41b6a3326e743f622548c14b0068d3d8ac7652,1,1,0,0,34,1,226.6341805350745,129856495,129856494,0,0,4841659602579985593,4841659602579985593
20260811,2,29,3,12510534152852743340,bb605ed0e8ecb0cc8771d8dd616cc1334d4771011ed984978cf124b971c0e184,9222cfab9895d438e70ac06acd41b6a3326e743f622548c14b0068d3d8ac7652,1,1,0,0,34,1,226.6341805350745,129856495,129856494,0,0,12510534152852743340,12510534152852743340
20260811,2,30,0,13068952178398018031,a4ad416ecd3413d3d69e4f00c672d159b0db63a93333ee252f1bf4a37bab7b7b,5fbacfbf778c499a06f596919cfde77075217caa403e17873ebad817a33c4bd9,1,1,0,0,31,1,332.15061678648215,118490128,118490127,0,0,13068952178398018031,13068952178398018031
20260811,2,30,1,7477609605769523509,a4ad416ecd3413d3d69e4f00c672d159b0db63a93333ee252f1bf4a37bab7b7b,5fbacfbf778c499a06f596919cfde77075217caa403e17873ebad817a33c4bd9,1,1,0,0,31,1,332.15061678648215,118490128,118490127,0,0,7477609605769523509,7477609605769523509
20260811,2,30,2,17251434991712707408,a4ad416ecd3413d3d69e4f00c672d159b0db63a93333ee252f1bf4a37bab7b7b,5fbacfbf778c499a06f596919cfde77075217caa403e17873ebad817a33c4bd9,1,1,0,0,31,1,332.15061678648215,118490128,118490127,0,0,17251434991712707408,17251434991712707408
20260811,2,30,3,9190870494326369931,a4ad416ecd3413d3d69e4f00c672d159b0db63a93333ee252f1bf4a37bab7b7b,5fbacfbf778c499a06f596919cfde77075217caa403e17873ebad817a33c4bd9,1,1,0,0,31,1,332.15061678648215,118490128,118490127,0,0,9190870494326369931,9190870494326369931
20260811,2,31,0,10101235573465291342,aef1854a94e7f937f1b2899e4dc47e79f96cda4a7c105842a87b51e8d234a510,08f215aa0a19a792ab15b88c600fb372532b917f55efbc1bfc7489ae5c78e07d,1,1,0,0,57,1,394.7011525225419,216998642,216998641,0,0,10101235573465291342,10101235573465291342
20260811,2,31,1,2430803132911302862,aef1854a94e7f937f1b2899e4dc47e79f96cda4a7c105842a87b51e8d234a510,08f215aa0a19a792ab15b88c600fb372532b917f55efbc1bfc7489ae5c78e07d,1,1,0,0,57,1,394.7011525225419,216998642,216998641,0,0,2430803132911302862,2430803132911302862
20260811,2,31,2,6949016149331200316,aef1854a94e7f937f1b2899e4dc47e79f96cda4a7c105842a87b51e8d234a510,08f215aa0a19a792ab15b88c600fb372532b917f55efbc1bfc7489ae5c78e07d,1,1,0,0,57,1,394.7011525225419,216998642,216998641,0,0,6949016149331200316,6949016149331200316
20260811,2,31,3,18405636934484254089,aef1854a94e7f937f1b2899e4dc47e79f96cda4a7c105842a87b51e8d234a510,08f215aa0a19a792ab15b88c600fb372532b917f55efbc1bfc7489ae5c78e07d,1,1,0,0,57,1,394.7011525225419,216998642,216998641,0,0,18405636934484254089,18405636934484254089
20260812,3,0,0,270889637390886203,83059e319d2addefab75a6c0c42c5938d10c8bbe31604f81af2ff0929f046d40,c029ef44151f13cbff6ed101074e54fb5245bc36da8bcafd670bf2d3846bdf1d,1,1,0,0,63,1,462.3679500667775,239731376,239731375,0,0,270889637390886203,270889637390886203
20260812,3,0,1,18058913602537909290,83059e319d2addefab75a6c0c42c5938d10c8bbe31604f81af2ff0929f046d40,c029ef44151f13cbff6ed101074e54fb5245bc36da8bcafd670bf2d3846bdf1d,1,1,0,0,63,1,462.3679500667775,239731376,239731375,0,0,18058913602537909290,18058913602537909290
20260812,3,0,2,17984269838159480001,83059e319d2addefab75a6c0c42c5938d10c8bbe31604f81af2ff0929f046d40,c029ef44151f13cbff6ed101074e54fb5245bc36da8bcafd670bf2d3846bdf1d,1,1,0,0,63,1,462.3679500667775,239731376,239731375,0,0,17984269838159480001,17984269838159480001
20260812,3,0,3,16161486257957925543,83059e319d2addefab75a6c0c42c5938d10c8bbe31604f81af2ff0929f046d40,c029ef44151f13cbff6ed101074e54fb5245bc36da8bcafd670bf2d3846bdf1d,1,1,0,0,63,1,462.3679500667775,239731376,239731375,0,0,16161486257957925543,16161486257957925543
20260812,3,1,0,8007721504213493471,cf2904daf47e56edcdf41cb5d1c7e1d0d68744b0e372e442498d0b7f56b7b671,1ae2bcbc6c0f178c5b7465f7df5efc2c2d40f855288ca1bb26c9da3852f7929c,1,1,0,0,56,1,300.0744781913189,213209853,213209852,0,0,8007721504213493471,8007721504213493471
20260812,3,1,1,15019809085042367164,cf2904daf47e56edcdf41cb5d1c7e1d0d68744b0e372e442498d0b7f56b7b671,1ae2bcbc6c0f178c5b7465f7df5efc2c2d40f855288ca1bb26c9da3852f7929c,1,1,0,0,56,1,300.0744781913189,213209853,213209852,0,0,15019809085042367164,15019809085042367164
20260812,3,1,2,6425309328268878116,cf2904daf47e56edcdf41cb5d1c7e1d0d68744b0e372e442498d0b7f56b7b671,1ae2bcbc6c0f178c5b7465f7df5efc2c2d40f855288ca1bb26c9da3852f7929c,1,1,0,0,56,1,300.0744781913189,213209853,213209852,0,0,6425309328268878116,6425309328268878116
20260812,3,1,3,5599731993270474474,cf2904daf47e56edcdf41cb5d1c7e1d0d68744b0e372e442498d0b7f56b7b671,1ae2bcbc6c0f178c5b7465f7df5efc2c2d40f855288ca1bb26c9da3852f7929c,1,1,0,0,56,1,300.0744781913189,213209853,213209852,0,0,5599731993270474474,5599731993270474474
20260812,3,2,0,13309767019170863744,ab11360de5d13b30ced21f555b5ac8f7ae33ddb16feefcd9ccd9a0cd4b4dd89b,a93ed9ef94d313cc2c0f5f7f08c764817d6a3bd823596fe661321b089c2417e7,1,1,0,0,96,2,231.7622222661438,365827642,365827641,96310,67752,13309767019170863744,17674527828973629829
20260812,3,2,1,6191383519907286455,ab11360de5d13b30ced21f555b5ac8f7ae33ddb16feefcd9ccd9a0cd4b4dd89b,a93ed9ef94d313cc2c0f5f7f08c764817d6a3bd823596fe661321b089c2417e7,1,1,0,0,163,3,249.8088859149517,620742876,620742875,192764,135504,6191383519907286455,15556554650179094710
20260812,3,2,2,10557616102935740879,ab11360de5d13b30ced21f555b5ac8f7ae33ddb16feefcd9ccd9a0cd4b4dd89b,a93ed9ef94d313cc2c0f5f7f08c764817d6a3bd823596fe661321b089c2417e7,1,1,0,0,100,2,232.89748635368025,380982865,380982864,96377,67752,10557616102935740879,5199908168019015075
20260812,3,2,3,364463873583139413,ab11360de5d13b30ced21f555b5ac8f7ae33ddb16feefcd9ccd9a0cd4b4dd89b,a93ed9ef94d313cc2c0f5f7f08c764817d6a3bd823596fe661321b089c2417e7,1,1,0,0,101,2,226.47984265514435,384771632,384771631,96355,67752,364463873583139413,12499878129509784068
20260812,3,3,0,10210601533865766942,1edbb86cd7c487f39a7f7c9f1b87d7f97263950501eba0de3cae899823ee0665,b0c4864b552dc25ee904c5aecc4571ad9f1be0d59cdbf9f2c80450612457cf2a,1,1,0,0,160,3,326.5576629249812,609376756,609376755,193011,135504,10210601533865766942,16913793942978031012
20260812,3,3,1,5101425440545353583,1edbb86cd7c487f39a7f7c9f1b87d7f97263950501eba0de3cae899823ee0665,b0c4864b552dc25ee904c5aecc4571ad9f1be0d59cdbf9f2c80450612457cf2a,1,1,0,0,281,5,354.4099741070509,1069952405,1069952404,385357,271008,5101425440545353583,10120060129200313489
20260812,3,3,2,15413285448229474404,1edbb86cd7c487f39a7f7c9f1b87d7f97263950501eba0de3cae899823ee0665,b0c4864b552dc25ee904c5aecc4571ad9f1be0d59cdbf9f2c80450612457cf2a,1,1,0,0,220,4,327.25733195022127,837770712,837770711,289710,203256,15413285448229474404,1855801253160201541
20260812,3,3,3,1692338306826868648,1edbb86cd7c487f39a7f7c9f1b87d7f97263950501eba0de3cae899823ee0665,b0c4864b552dc25ee904c5aecc4571ad9f1be0d59cdbf9f2c80450612457cf2a,1,1,0,0,102,2,309.6207503548277,388560309,388560308,96243,67752,1692338306826868648,16888595550502071345
20260812,3,4,0,17688753493651476981,6ff99221df9055a0305ba285b3413248bb1c96e5006bd0fff968b8f90cb0ec26,95d5261385a198b3eb8ca5ce5f30e6c599ba3dbfd6d8db74b394298fb1faf5fd,1,1,0,0,64,1,269.7750159285819,243520165,243520164,0,0,17688753493651476981,17688753493651476981
20260812,3,4,1,5304703273515628451,6ff99221df9055a0305ba285b3413248bb1c96e5006bd0fff968b8f90cb0ec26,95d5261385a198b3eb8ca5ce5f30e6c599ba3dbfd6d8db74b394298fb1faf5fd,1,1,0,0,64,1,269.7750159285819,243520165,243520164,0,0,5304703273515628451,5304703273515628451
20260812,3,4,2,10509611116362879019,6ff99221df9055a0305ba285b3413248bb1c96e5006bd0fff968b8f90cb0ec26,95d5261385a198b3eb8ca5ce5f30e6c599ba3dbfd6d8db74b394298fb1faf5fd,1,1,0,0,64,1,269.7750159285819,243520165,243520164,0,0,10509611116362879019,10509611116362879019
20260812,3,4,3,4926770690183870198,6ff99221df9055a0305ba285b3413248bb1c96e5006bd0fff968b8f90cb0ec26,95d5261385a198b3eb8ca5ce5f30e6c599ba3dbfd6d8db74b394298fb1faf5fd,1,1,0,0,64,1,269.7750159285819,243520165,243520164,0,0,4926770690183870198,4926770690183870198
20260812,3,5,0,15844609613139332780,531144fbda35077b3c630d5db06e992dce4585bb0765ea7a98e0d0feb1eef710,4aa45e34ef05ae35241e9bd135671faf55111f6ba57f3fc763e8a0633c423ed0,1,1,0,0,27,1,281.5412901945348,103334972,103334971,0,0,15844609613139332780,15844609613139332780
20260812,3,5,1,17141099179094714035,531144fbda35077b3c630d5db06e992dce4585bb0765ea7a98e0d0feb1eef710,4aa45e34ef05ae35241e9bd135671faf55111f6ba57f3fc763e8a0633c423ed0,1,1,0,0,27,1,281.5412901945348,103334972,103334971,0,0,17141099179094714035,17141099179094714035
20260812,3,5,2,7381279344656525186,531144fbda35077b3c630d5db06e992dce4585bb0765ea7a98e0d0feb1eef710,4aa45e34ef05ae35241e9bd135671faf55111f6ba57f3fc763e8a0633c423ed0,1,1,0,0,27,1,281.5412901945348,103334972,103334971,0,0,7381279344656525186,7381279344656525186
20260812,3,5,3,9490233862986451456,531144fbda35077b3c630d5db06e992dce4585bb0765ea7a98e0d0feb1eef710,4aa45e34ef05ae35241e9bd135671faf55111f6ba57f3fc763e8a0633c423ed0,1,1,0,0,27,1,281.5412901945348,103334972,103334971,0,0,9490233862986451456,9490233862986451456
20260812,3,6,0,860020932602830952,32c673e5ea71d9d52ac2fc40ae6e44c5218512f1b2dc9a5c7d1461cc4dc732c3,38ac7bda3d1c2bebaee514c7bf472ec10c12ee6bd464d5e75ea8b09ff9425fcb,1,1,0,0,187,3,335.5598614791322,711673958,711673957,192910,135504,860020932602830952,13366724696140719276
20260812,3,6,1,17783348963776652427,32c673e5ea71d9d52ac2fc40ae6e44c5218512f1b2dc9a5c7d1461cc4dc732c3,38ac7bda3d1c2bebaee514c7bf472ec10c12ee6bd464d5e75ea8b09ff9425fcb,1,1,0,0,219,4,333.7518329130305,833981349,833981348,289136,203256,17783348963776652427,13194121869459445845
20260812,3,6,2,4633036249245586188,32c673e5ea71d9d52ac2fc40ae6e44c5218512f1b2dc9a5c7d1461cc4dc732c3,38ac7bda3d1c2bebaee514c7bf472ec10c12ee6bd464d5e75ea8b09ff9425fcb,1,1,0,0,103,2,314.75742658702524,392348972,392348971,96117,67752,4633036249245586188,1171157957823724652
20260812,3,6,3,9879174161228599702,32c673e5ea71d9d52ac2fc40ae6e44c5218512f1b2dc9a5c7d1461cc4dc732c3,38ac7bda3d1c2bebaee514c7bf472ec10c12ee6bd464d5e75ea8b09ff9425fcb,1,1,0,0,314,5,380.5789135367442,1194981879,1194981878,384794,271008,9879174161228599702,7461605066115879953
20260812,3,7,0,13478216063222435753,53fa68004ece09426c5ec043515cace413cb0aa63b3bb7a0d4c1073c0afc1c3f,6439411b74e32bb6b6cbb978faa49e2d7e634a18968a8cd19a92f73280c583dc,1,1,0,0,234,4,484.836473144737,890814200,890814199,290152,203256,13478216063222435753,11032748219432444100
20260812,3,7,1,15270686948862531208,53fa68004ece09426c5ec043515cace413cb0aa63b3bb7a0d4c1073c0afc1c3f,6439411b74e32bb6b6cbb978faa49e2d7e634a18968a8cd19a92f73280c583dc,1,1,0,0,112,2,399.7960704255366,426447989,426447988,96033,67752,15270686948862531208,14220336374883403823
20260812,3,7,2,15210128833306387602,53fa68004ece09426c5ec043515cace413cb0aa63b3bb7a0d4c1073c0afc1c3f,6439411b74e32bb6b6cbb978faa49e2d7e634a18968a8cd19a92f73280c583dc,1,1,0,0,521,9,433.04177673696904,1983527664,1983527663,771588,542016,15210128833306387602,2051934227175804068
20260812,3,7,3,8395039256881722955,53fa68004ece09426c5ec043515cace413cb0aa63b3bb7a0d4c1073c0afc1c3f,6439411b74e32bb6b6cbb978faa49e2d7e634a18968a8cd19a92f73280c583dc,1,1,0,0,108,2,402.92746733474064,411292898,411292897,96098,67752,8395039256881722955,2496716965208789133
20260812,3,8,0,3811912405344925325,b937f2d07c26b31a9c7923b99c72581d06067713baab2d3413dc0265d0732619,afc950804dbf5b7a744f9f7037765508df0d3fcd77034334b1114e4365ac3e95,1,1,0,0,79,1,265.802528683075,300352000,300351999,0,0,3811912405344925325,3811912405344925325
20260812,3,8,1,770383573333756264,b937f2d07c26b31a9c7923b99c72581d06067713baab2d3413dc0265d0732619,afc950804dbf5b7a744f9f7037765508df0d3fcd77034334b1114e4365ac3e95,1,1,0,0,79,1,265.802528683075,300352000,300351999,0,0,770383573333756264,770383573333756264
20260812,3,8,2,4214064921799865384,b937f2d07c26b31a9c7923b99c72581d06067713baab2d3413dc0265d0732619,afc950804dbf5b7a744f9f7037765508df0d3fcd77034334b1114e4365ac3e95,1,1,0,0,79,1,265.802528683075,300352000,300351999,0,0,4214064921799865384,4214064921799865384
20260812,3,8,3,4886524360135517221,b937f2d07c26b31a9c7923b99c72581d06067713baab2d3413dc0265d0732619,afc950804dbf5b7a744f9f7037765508df0d3fcd77034334b1114e4365ac3e95,1,1,0,0,79,1,265.802528683075,300352000,300351999,0,0,4886524360135517221,4886524360135517221
20260812,3,9,0,1137728662575136148,4ec5923733a21518b5628af0818017f0fc91e1f7bb7a65f5433269ba624d40a7,34f1deca88628c74727ddaba05d0ca7caaa4a397d18980fe675de672557a41ca,1,1,0,0,58,1,297.4822755189275,220787431,220787430,0,0,1137728662575136148,1137728662575136148
20260812,3,9,1,5624775205445137324,4ec5923733a21518b5628af0818017f0fc91e1f7bb7a65f5433269ba624d40a7,34f1deca88628c74727ddaba05d0ca7caaa4a397d18980fe675de672557a41ca,1,1,0,0,58,1,297.4822755189275,220787431,220787430,0,0,5624775205445137324,5624775205445137324
20260812,3,9,2,2168639116310477670,4ec5923733a21518b5628af0818017f0fc91e1f7bb7a65f5433269ba624d40a7,34f1deca88628c74727ddaba05d0ca7caaa4a397d18980fe675de672557a41ca,1,1,0,0,58,1,297.4822755189275,220787431,220787430,0,0,2168639116310477670,2168639116310477670
20260812,3,9,3,15753468324203663576,4ec5923733a21518b5628af0818017f0fc91e1f7bb7a65f5433269ba624d40a7,34f1deca88628c74727ddaba05d0ca7caaa4a397d18980fe675de672557a41ca,1,1,0,0,58,1,297.4822755189275,220787431,220787430,0,0,15753468324203663576,15753468324203663576
20260812,3,10,0,15051203458072892940,0a56d2d526e3952fc560dfea47768ba8d0f8e957a6944f436716e6ff4471698e,9aa22a2a77c1ac020c6e3912e01e08143d469cd15359ab5151c53aa52f6dc7e0,1,1,0,0,36,1,432.9327645503496,137434073,137434072,0,0,15051203458072892940,15051203458072892940
20260812,3,10,1,2077220433308409023,0a56d2d526e3952fc560dfea47768ba8d0f8e957a6944f436716e6ff4471698e,9aa22a2a77c1ac020c6e3912e01e08143d469cd15359ab5151c53aa52f6dc7e0,1,1,0,0,36,1,432.9327645503496,137434073,137434072,0,0,2077220433308409023,2077220433308409023
20260812,3,10,2,7690833042844380405,0a56d2d526e3952fc560dfea47768ba8d0f8e957a6944f436716e6ff4471698e,9aa22a2a77c1ac020c6e3912e01e08143d469cd15359ab5151c53aa52f6dc7e0,1,1,0,0,36,1,432.9327645503496,137434073,137434072,0,0,7690833042844380405,7690833042844380405
20260812,3,10,3,17548495152992260203,0a56d2d526e3952fc560dfea47768ba8d0f8e957a6944f436716e6ff4471698e,9aa22a2a77c1ac020c6e3912e01e08143d469cd15359ab5151c53aa52f6dc7e0,1,1,0,0,36,1,432.9327645503496,137434073,137434072,0,0,17548495152992260203,17548495152992260203
20260812,3,11,0,470894084651077011,3fbdeff3cf382272134efd028c69da3bc8a22ea8a3f74772f68e013ef523e8b3,ffbb606229868908952e5d38f41c62b6f984b207e9c1418e4f239ecb11c5576e,1,1,0,0,48,1,308.69037060448784,182899541,182899540,0,0,470894084651077011,470894084651077011
20260812,3,11,1,2208528821829052227,3fbdeff3cf382272134efd028c69da3bc8a22ea8a3f74772f68e013ef523e8b3,ffbb606229868908952e5d38f41c62b6f984b207e9c1418e4f239ecb11c5576e,1,1,0,0,48,1,308.69037060448784,182899541,182899540,0,0,2208528821829052227,2208528821829052227
20260812,3,11,2,8438799579893691721,3fbdeff3cf382272134efd028c69da3bc8a22ea8a3f74772f68e013ef523e8b3,ffbb606229868908952e5d38f41c62b6f984b207e9c1418e4f239ecb11c5576e,1,1,0,0,48,1,308.69037060448784,182899541,182899540,0,0,8438799579893691721,8438799579893691721
20260812,3,11,3,11197233909130706260,3fbdeff3cf382272134efd028c69da3bc8a22ea8a3f74772f68e013ef523e8b3,ffbb606229868908952e5d38f41c62b6f984b207e9c1418e4f239ecb11c5576e,1,1,0,0,48,1,308.69037060448784,182899541,182899540,0,0,11197233909130706260,11197233909130706260
20260812,3,12,0,9495154671304254520,a1f4651562f7825b871faee63901c2e4c18aeda1366b3f3db40b220216c83818,68bb6628e9e186a77662c8a0fc0eca4672409a0f06223750c2237648d804f47c,1,1,0,0,99,2,375.96788609262455,377193898,377193897,96199,67752,9495154671304254520,16586031870498296319
20260812,3,12,1,4420789242130913051,a1f4651562f7825b871faee63901c2e4c18aeda1366b3f3db40b220216c83818,68bb6628e9e186a77662c8a0fc0eca4672409a0f06223750c2237648d804f47c,1,1,0,0,347,6,407.419166645994,1321078524,1321078523,481485,338760,4420789242130913051,11617555900449091090
20260812,3,12,2,212042196100493734,a1f4651562f7825b871faee63901c2e4c18aeda1366b3f3db40b220216c83818,68bb6628e9e186a77662c8a0fc0eca4672409a0f06223750c2237648d804f47c,1,1,0,0,116,2,393.49827230823485,441603890,441603889,96778,67752,212042196100493734,14638046498161444108
20260812,3,12,3,2281764951248333599,a1f4651562f7825b871faee63901c2e4c18aeda1366b3f3db40b220216c83818,68bb6628e9e186a77662c8a0fc0eca4672409a0f06223750c2237648d804f47c,1,1,0,0,297,5,440.9297420106773,1130573467,1130573466,385795,271008,2281764951248333599,5799289433318206116
20260812,3,13,0,8638601424716686462,2b031b903af71146854196746f8d7cf96e6e3c2dbb6cefc3919658c9f8d349d7,6fa7aff3db2ae0b94355d8a5501b3783f29d3baf4ab6dc554e40308604439115,1,1,0,0,173,3,347.2776365427093,658630784,658630783,192782,135504,8638601424716686462,8142015567957563871
20260812,3,13,1,14424810066974182993,2b031b903af71146854196746f8d7cf96e6e3c2dbb6cefc3919658c9f8d349d7,6fa7aff3db2ae0b94355d8a5501b3783f29d3baf4ab6dc554e40308604439115,1,1,0,0,102,2,319.10816339080196,388559956,388559955,95890,67752,14424810066974182993,1509552719589232193
20260812,3,13,2,15572415580292338389,2b031b903af71146854196746f8d7cf96e6e3c2dbb6cefc3919658c9f8d349d7,6fa7aff3db2ae0b94355d8a5501b3783f29d3baf4ab6dc554e40308604439115,1,1,0,0,217,4,328.6379266176626,826403646,826403645,289011,203256,15572415580292338389,9437979780274969698
20260812,3,13,3,956876606223695265,2b031b903af71146854196746f8d7cf96e6e3c2dbb6cefc3919658c9f8d349d7,6fa7aff3db2ae0b94355d8a5501b3783f29d3baf4ab6dc554e40308604439115,1,1,0,0,159,3,335.14290621507575,605587618,605587617,192662,135504,956876606223695265,12173871107977401733
20260812,3,14,0,12992113586448757321,c9a43b9ea8af4b23503566f3ac2404c5c26356a807805321aad761995f090244,70de76ea56aa92ada328ba119fcc08498beb33f61ff4f66790deaffd3cb5e81b,1,1,0,0,403,7,399.6399398989042,1534317520,1534317519,578380,406512,12992113586448757321,4476435599176964182
20260812,3,14,1,16000821272086832410,c9a43b9ea8af4b23503566f3ac2404c5c26356a807805321aad761995f090244,70de76ea56aa92ada328ba119fcc08498beb33f61ff4f66790deaffd3cb5e81b,0,0,0,1,1940,32,,7384341607,7384341607,2985851,2100312,16000821272086832410,14389645815256749313
20260812,3,14,2,15856925949301560579,c9a43b9ea8af4b23503566f3ac2404c5c26356a807805321aad761995f090244,70de76ea56aa92ada328ba119fcc08498beb33f61ff4f66790deaffd3cb5e81b,1,1,0,0,1629,27,421.51599406431905,6200698078,6200698077,2505284,1761552,15856925949301560579,442917805177589044
20260812,3,14,3,1051783785753518844,c9a43b9ea8af4b23503566f3ac2404c5c26356a807805321aad761995f090244,70de76ea56aa92ada328ba119fcc08498beb33f61ff4f66790deaffd3cb5e81b,1,1,0,0,276,5,429.7405797501641,1051008401,1051008400,385298,271008,1051783785753518844,8068678780539078009
20260812,3,15,0,9979775049283296575,949c188dda534d99f89dc42921a550f0d44e481e541ae53cfbf351ccb7dc4f75,6e3fbb7d20a3d0bfdaed944de60dc4739ca0782555b7c7ee86781b338e71a9a1,1,1,0,0,641,11,471.25685318122584,2440313867,2440313866,963277,677520,9979775049283296575,16867372888556941785
20260812,3,15,1,3150995728896286250,949c188dda534d99f89dc42921a550f0d44e481e541ae53cfbf351ccb7dc4f75,6e3fbb7d20a3d0bfdaed944de60dc4739ca0782555b7c7ee86781b338e71a9a1,1,1,0,0,290,5,471.1971234332144,1104051690,1104051689,385541,271008,3150995728896286250,5730531285302732105
20260812,3,15,2,16234819718651444326,949c188dda534d99f89dc42921a550f0d44e481e541ae53cfbf351ccb7dc4f75,6e3fbb7d20a3d0bfdaed944de60dc4739ca0782555b7c7ee86781b338e71a9a1,1,1,0,0,111,2,451.4968870753246,422659909,422659908,96742,67752,16234819718651444326,16902336274331169994
20260812,3,15,3,6653714181112708611,949c188dda534d99f89dc42921a550f0d44e481e541ae53cfbf351ccb7dc4f75,6e3fbb7d20a3d0bfdaed944de60dc4739ca0782555b7c7ee86781b338e71a9a1,1,1,0,0,663,11,509.0592195339191,2523667215,2523667214,963267,677520,6653714181112708611,507700385830563368
20260812,3,16,0,5033594309272005557,74e177a055953dcb57560904b24b88cb0b6ae1cf161b6d1c4fe68532a31e8aeb,e8f39d86a9262db0c52cfdc7065f172476571aa872e8b383eec096e433f63438,1,1,0,0,71,1,406.79039514854117,270041688,270041687,0,0,5033594309272005557,5033594309272005557
20260812,3,16,1,9513158066089801193,74e177a055953dcb57560904b24b88cb0b6ae1cf161b6d1c4fe68532a31e8aeb,e8f39d86a9262db0c52cfdc7065f172476571aa872e8b383eec096e433f63438,1,1,0,0,71,1,406.79039514854117,270041688,270041687,0,0,9513158066089801193,9513158066089801193
20260812,3,16,2,6105102399809658477,74e177a055953dcb57560904b24b88cb0b6ae1cf161b6d1c4fe68532a31e8aeb,e8f39d86a9262db0c52cfdc7065f172476571aa872e8b383eec096e433f63438,1,1,0,0,71,1,406.79039514854117,270041688,270041687,0,0,6105102399809658477,6105102399809658477
20260812,3,16,3,10514288860956917989,74e177a055953dcb57560904b24b88cb0b6ae1cf161b6d1c4fe68532a31e8aeb,e8f39d86a9262db0c52cfdc7065f172476571aa872e8b383eec096e433f63438,1,1,0,0,71,1,406.79039514854117,270041688,270041687,0,0,10514288860956917989,10514288860956917989
20260812,3,17,0,4994072420896573804,dc486699379e2209a465592f7ed40ea8d84ed854de22bec2e5b6fa11fef81ad3,cb38e544a793f8d61a6200cc90dcbd26bf081b4ab3827f51780bb2a9d79f9a09,1,1,0,0,55,1,417.9508542796515,209421064,209421063,0,0,4994072420896573804,4994072420896573804
20260812,3,17,1,8691010055413677348,dc486699379e2209a465592f7ed40ea8d84ed854de22bec2e5b6fa11fef81ad3,cb38e544a793f8d61a6200cc90dcbd26bf081b4ab3827f51780bb2a9d79f9a09,1,1,0,0,55,1,417.9508542796515,209421064,209421063,0,0,8691010055413677348,8691010055413677348
20260812,3,17,2,5162565384172653166,dc486699379e2209a465592f7ed40ea8d84ed854de22bec2e5b6fa11fef81ad3,cb38e544a793f8d61a6200cc90dcbd26bf081b4ab3827f51780bb2a9d79f9a09,1,1,0,0,55,1,417.9508542796515,209421064,209421063,0,0,5162565384172653166,5162565384172653166
20260812,3,17,3,9118365460453191055,dc486699379e2209a465592f7ed40ea8d84ed854de22bec2e5b6fa11fef81ad3,cb38e544a793f8d61a6200cc90dcbd26bf081b4ab3827f51780bb2a9d79f9a09,1,1,0,0,55,1,417.9508542796515,209421064,209421063,0,0,9118365460453191055,9118365460453191055
20260812,3,18,0,11579165494043876679,b33d5d713b61b47d35f4f6353e989ea97f8626aa7decd391fc6f8c4c4a315034,187355b101e4d1f66c7948f93d109b63e1e0e5ec14eba8043e6428aff3a3e4ca,1,1,0,0,59,1,351.56754653064695,224576220,224576219,0,0,11579165494043876679,11579165494043876679
20260812,3,18,1,641790827222171602,b33d5d713b61b47d35f4f6353e989ea97f8626aa7decd391fc6f8c4c4a315034,187355b101e4d1f66c7948f93d109b63e1e0e5ec14eba8043e6428aff3a3e4ca,1,1,0,0,59,1,351.56754653064695,224576220,224576219,0,0,641790827222171602,641790827222171602
20260812,3,18,2,6938378821377231705,b33d5d713b61b47d35f4f6353e989ea97f8626aa7decd391fc6f8c4c4a315034,187355b101e4d1f66c7948f93d109b63e1e0e5ec14eba8043e6428aff3a3e4ca,1,1,0,0,59,1,351.56754653064695,224576220,224576219,0,0,6938378821377231705,6938378821377231705
20260812,3,18,3,4860990882073174024,b33d5d713b61b47d35f4f6353e989ea97f8626aa7decd391fc6f8c4c4a315034,187355b101e4d1f66c7948f93d109b63e1e0e5ec14eba8043e6428aff3a3e4ca,1,1,0,0,59,1,351.56754653064695,224576220,224576219,0,0,4860990882073174024,4860990882073174024
20260812,3,19,0,10783150360528218276,e9f483bc1a5a0c65a40b07da0c19dc1013426fa86383b91c1f67c9e461c6a7c0,b043323af4d4532fd0599b2e98521e578681d8baaa6a503d8b440ada9ba5c5f6,1,1,0,0,106,2,254.9611615414059,403715323,403715322,96101,67752,10783150360528218276,7551649069035055626
20260812,3,19,1,8611758862751272143,e9f483bc1a5a0c65a40b07da0c19dc1013426fa86383b91c1f67c9e461c6a7c0,b043323af4d4532fd0599b2e98521e578681d8baaa6a503d8b440ada9ba5c5f6,1,1,0,0,336,6,274.85552507272376,1279402482,1279402481,482122,338760,8611758862751272143,14862713921746398489
20260812,3,19,2,13620764775228269135,e9f483bc1a5a0c65a40b07da0c19dc1013426fa86383b91c1f67c9e461c6a7c0,b043323af4d4532fd0599b2e98521e578681d8baaa6a503d8b440ada9ba5c5f6,1,1,0,0,393,7,270.6877125320781,1496429391,1496429390,578141,406512,13620764775228269135,6388945670221442186
20260812,3,19,3,6851244554785103141,e9f483bc1a5a0c65a40b07da0c19dc1013426fa86383b91c1f67c9e461c6a7c0,b043323af4d4532fd0599b2e98521e578681d8baaa6a503d8b440ada9ba5c5f6,1,1,0,0,126,2,276.44043896534527,479491181,479491180,96179,67752,6851244554785103141,11403298604265055475
20260812,3,20,0,6745458781375798781,84f01f8e9e95cc27e18c33645511415fb68e44b498ef88ec676deecd92f4597f,9136b05e5ebbd767e678639d590ffd51738d1831121dfb19621750870c78cb89,1,1,0,0,616,10,367.7072890880148,2344527609,2344527608,866661,609768,6745458781375798781,7705041457120034897
20260812,3,20,1,5218914708274380730,84f01f8e9e95cc27e18c33645511415fb68e44b498ef88ec676deecd92f4597f,9136b05e5ebbd767e678639d590ffd51738d1831121dfb19621750870c78cb89,1,1,0,0,286,5,368.5474728407073,1088896503,1088896502,385510,271008,5218914708274380730,4474800520926798165
20260812,3,20,2,2787877284293637126,84f01f8e9e95cc27e18c33645511415fb68e44b498ef88ec676deecd92f4597f,9136b05e5ebbd767e678639d590ffd51738d1831121dfb19621750870c78cb89,1,1,0,0,318,5,359.14470629834545,1210137115,1210137114,384874,271008,2787877284293637126,1328220827644885272
20260812,3,20,3,14914166504308752209,84f01f8e9e95cc27e18c33645511415fb68e44b498ef88ec676deecd92f4597f,9136b05e5ebbd767e678639d590ffd51738d1831121dfb19621750870c78cb89,1,1,0,0,304,5,351.29375793812335,1157094569,1157094568,385374,271008,14914166504308752209,9102626066900841533
20260812,3,21,0,18442872413594831343,92d05aca13f94ca8efe956be600166e567e253c13efdc967cca8da3ebb608d83,f8e8e742b81b806604fc01df885572a777edfa92cf5e81ce6347f49d84780545,1,1,0,0,48,1,294.2752260965956,182899541,182899540,0,0,18442872413594831343,18442872413594831343
20260812,3,21,1,5589096381108553196,92d05aca13f94ca8efe956be600166e567e253c13efdc967cca8da3ebb608d83,f8e8e742b81b806604fc01df885572a777edfa92cf5e81ce6347f49d84780545,1,1,0,0,48,1,294.2752260965956,182899541,182899540,0,0,5589096381108553196,5589096381108553196
20260812,3,21,2,7413076240240655876,92d05aca13f94ca8efe956be600166e567e253c13efdc967cca8da3ebb608d83,f8e8e742b81b806604fc01df885572a777edfa92cf5e81ce6347f49d84780545,1,1,0,0,48,1,294.2752260965956,182899541,182899540,0,0,7413076240240655876,7413076240240655876
20260812,3,21,3,9401992397653530,92d05aca13f94ca8efe956be600166e567e253c13efdc967cca8da3ebb608d83,f8e8e742b81b806604fc01df885572a777edfa92cf5e81ce6347f49d84780545,1,1,0,0,48,1,294.2752260965956,182899541,182899540,0,0,9401992397653530,9401992397653530
20260812,3,22,0,14060101346848647061,0fc3a9603e722a03369cb46bda0fb12e01f1677c4f4e895a966e7aa388cd2c15,fe4783767a4eb07c309c07d466f1fa3ab0d8e52c91ec1b296d84dd5ffeaadad0,1,1,0,0,116,2,369.3369188457542,441603561,441603560,96449,67752,14060101346848647061,1112260097139911824
20260812,3,22,1,13092550254704216661,0fc3a9603e722a03369cb46bda0fb12e01f1677c4f4e895a966e7aa388cd2c15,fe4783767a4eb07c309c07d466f1fa3ab0d8e52c91ec1b296d84dd5ffeaadad0,1,1,0,0,163,3,360.1617177521739,620742433,620742432,192321,135504,13092550254704216661,4191326554561026454
20260812,3,22,2,10689571334891557137,0fc3a9603e722a03369cb46bda0fb12e01f1677c4f4e895a966e7aa388cd2c15,fe4783767a4eb07c309c07d466f1fa3ab0d8e52c91ec1b296d84dd5ffeaadad0,1,1,0,0,195,3,425.0421591637475,741984212,741984211,192852,135504,10689571334891557137,10188278349089920597
20260812,3,22,3,6027314659361686641,0fc3a9603e722a03369cb46bda0fb12e01f1677c4f4e895a966e7aa388cd2c15,fe4783767a4eb07c309c07d466f1fa3ab0d8e52c91ec1b296d84dd5ffeaadad0,1,1,0,0,245,4,378.69609277334996,932490140,932490139,289413,203256,6027314659361686641,12010830349573119040
20260812,3,23,0,12113082717464450409,80feab64c3cad56bdc38bc2b0dd576a9991071825eefbc46df19edaec4b5c8d8,248cc85f9f0dce3bf277e69057bb9c889d011daa4512df5dfaf8a9fb3e4cc3ef,1,1,0,0,34,1,343.78606172919956,129856495,129856494,0,0,12113082717464450409,12113082717464450409
20260812,3,23,1,18105656401021178839,80feab64c3cad56bdc38bc2b0dd576a9991071825eefbc46df19edaec4b5c8d8,248cc85f9f0dce3bf277e69057bb9c889d011daa4512df5dfaf8a9fb3e4cc3ef,1,1,0,0,34,1,343.78606172919956,129856495,129856494,0,0,18105656401021178839,18105656401021178839
20260812,3,23,2,5035250577699367886,80feab64c3cad56bdc38bc2b0dd576a9991071825eefbc46df19edaec4b5c8d8,248cc85f9f0dce3bf277e69057bb9c889d011daa4512df5dfaf8a9fb3e4cc3ef,1,1,0,0,34,1,343.78606172919956,129856495,129856494,0,0,5035250577699367886,5035250577699367886
20260812,3,23,3,3671193784862042250,80feab64c3cad56bdc38bc2b0dd576a9991071825eefbc46df19edaec4b5c8d8,248cc85f9f0dce3bf277e69057bb9c889d011daa4512df5dfaf8a9fb3e4cc3ef,1,1,0,0,34,1,343.78606172919956,129856495,129856494,0,0,3671193784862042250,3671193784862042250
20260812,3,24,0,16083735536231687899,ec2b21be9d4bdbc1d4193d8550501957b438020ebf5bb24160f88eac12bbf4a4,c4c81db281f1407d103770016fbc125544b2dcc247c5b73825f16839f31a3318,1,1,0,0,417,7,469.05787536240206,1587360311,1587360310,578125,406512,16083735536231687899,6487927317377171550
20260812,3,24,1,10504510604383418178,ec2b21be9d4bdbc1d4193d8550501957b438020ebf5bb24160f88eac12bbf4a4,c4c81db281f1407d103770016fbc125544b2dcc247c5b73825f16839f31a3318,1,1,0,0,1057,18,474.3909570642287,4023914427,4023914426,1638194,1151784,10504510604383418178,10941166498793881175
20260812,3,24,2,14581062685895942174,ec2b21be9d4bdbc1d4193d8550501957b438020ebf5bb24160f88eac12bbf4a4,c4c81db281f1407d103770016fbc125544b2dcc247c5b73825f16839f31a3318,1,1,0,0,118,2,422.8192330758948,449181138,449181137,96448,67752,14581062685895942174,9220441358844021182
20260812,3,24,3,14811878459342019875,ec2b21be9d4bdbc1d4193d8550501957b438020ebf5bb24160f88eac12bbf4a4,c4c81db281f1407d103770016fbc125544b2dcc247c5b73825f16839f31a3318,1,1,0,0,168,3,454.99469552281926,639686245,639686244,192188,135504,14811878459342019875,2417358067331076234
20260812,3,25,0,4876608333208029811,372f37dd1dc60d6391eac72605d0990d3282a77b4df2ec316d260e73ddcd8ca8,defba94d071a3373c27b4b15959db14a670a73a24b5fb6982c8005c912d48f42,1,1,0,0,133,2,451.2013295166631,506012971,506012970,96446,67752,4876608333208029811,4936078702085730782
20260812,3,25,1,17346861893773994781,372f37dd1dc60d6391eac72605d0990d3282a77b4df2ec316d260e73ddcd8ca8,defba94d071a3373c27b4b15959db14a670a73a24b5fb6982c8005c912d48f42,1,1,0,0,129,2,405.1141103388601,490857842,490857841,96473,67752,17346861893773994781,2875897908569077442
20260812,3,25,2,15278671596131614172,372f37dd1dc60d6391eac72605d0990d3282a77b4df2ec316d260e73ddcd8ca8,defba94d071a3373c27b4b15959db14a670a73a24b5fb6982c8005c912d48f42,1,1,0,0,159,3,434.8214829664046,605587923,605587922,192967,135504,15278671596131614172,8413499364838791272
20260812,3,25,3,4066480968967130836,372f37dd1dc60d6391eac72605d0990d3282a77b4df2ec316d260e73ddcd8ca8,defba94d071a3373c27b4b15959db14a670a73a24b5fb6982c8005c912d48f42,1,1,0,0,151,3,440.38241037124226,575277049,575277048,192405,135504,4066480968967130836,10687818622734431247
20260812,3,26,0,13442402982536081687,8230ebea7ebb54e20c27bad967a1491b5c27b2c0e7ce4b6359191e65ded7551f,11fe239a74c15097d90bb3d95154fdabac1dda1228f7f0c2fe357da6e7e6492e,1,1,0,0,78,1,350.9003271714365,296563211,296563210,0,0,13442402982536081687,13442402982536081687
20260812,3,26,1,249615083474222270,8230ebea7ebb54e20c27bad967a1491b5c27b2c0e7ce4b6359191e65ded7551f,11fe239a74c15097d90bb3d95154fdabac1dda1228f7f0c2fe357da6e7e6492e,1,1,0,0,78,1,350.9003271714365,296563211,296563210,0,0,249615083474222270,249615083474222270
20260812,3,26,2,10987875947330157818,8230ebea7ebb54e20c27bad967a1491b5c27b2c0e7ce4b6359191e65ded7551f,11fe239a74c15097d90bb3d95154fdabac1dda1228f7f0c2fe357da6e7e6492e,1,1,0,0,78,1,350.9003271714365,296563211,296563210,0,0,10987875947330157818,10987875947330157818
20260812,3,26,3,12982759662934325314,8230ebea7ebb54e20c27bad967a1491b5c27b2c0e7ce4b6359191e65ded7551f,11fe239a74c15097d90bb3d95154fdabac1dda1228f7f0c2fe357da6e7e6492e,1,1,0,0,78,1,350.9003271714365,296563211,296563210,0,0,12982759662934325314,12982759662934325314
20260812,3,27,0,14610321434395427763,957a887d803432a68277c072e9fc7e41b5dd073515753d47c1f58b6dc1be2571,26874c04b91cd65e04aadd618a390b8ee905e7238450e6ac3e3a4a8ec1c62bd5,1,1,0,0,64,1,353.37081316820087,243520165,243520164,0,0,14610321434395427763,14610321434395427763
20260812,3,27,1,8492018925260488934,957a887d803432a68277c072e9fc7e41b5dd073515753d47c1f58b6dc1be2571,26874c04b91cd65e04aadd618a390b8ee905e7238450e6ac3e3a4a8ec1c62bd5,1,1,0,0,64,1,353.37081316820087,243520165,243520164,0,0,8492018925260488934,8492018925260488934
20260812,3,27,2,10889302286371878647,957a887d803432a68277c072e9fc7e41b5dd073515753d47c1f58b6dc1be2571,26874c04b91cd65e04aadd618a390b8ee905e7238450e6ac3e3a4a8ec1c62bd5,1,1,0,0,64,1,353.37081316820087,243520165,243520164,0,0,10889302286371878647,10889302286371878647
20260812,3,27,3,14541858606917074627,957a887d803432a68277c072e9fc7e41b5dd073515753d47c1f58b6dc1be2571,26874c04b91cd65e04aadd618a390b8ee905e7238450e6ac3e3a4a8ec1c62bd5,1,1,0,0,64,1,353.37081316820087,243520165,243520164,0,0,14541858606917074627,14541858606917074627
20260812,3,28,0,6557321410357153013,da3a6d230ad6a5e3f780ecee9c793fc4ee9fc6f17023ad492c1c979ef9e49899,f1e5b5dd036de8577554a301f6ab8487130251970623487b06dbca4a45e9324b,1,1,0,0,48,1,318.86113231343415,182899541,182899540,0,0,6557321410357153013,6557321410357153013
20260812,3,28,1,10983561463285453515,da3a6d230ad6a5e3f780ecee9c793fc4ee9fc6f17023ad492c1c979ef9e49899,f1e5b5dd036de8577554a301f6ab8487130251970623487b06dbca4a45e9324b,1,1,0,0,48,1,318.86113231343415,182899541,182899540,0,0,10983561463285453515,10983561463285453515
20260812,3,28,2,12387767245634798727,da3a6d230ad6a5e3f780ecee9c793fc4ee9fc6f17023ad492c1c979ef9e49899,f1e5b5dd036de8577554a301f6ab8487130251970623487b06dbca4a45e9324b,1,1,0,0,48,1,318.86113231343415,182899541,182899540,0,0,12387767245634798727,12387767245634798727
20260812,3,28,3,4398620201468359982,da3a6d230ad6a5e3f780ecee9c793fc4ee9fc6f17023ad492c1c979ef9e49899,f1e5b5dd036de8577554a301f6ab8487130251970623487b06dbca4a45e9324b,1,1,0,0,48,1,318.86113231343415,182899541,182899540,0,0,4398620201468359982,4398620201468359982
20260812,3,29,0,14908104894443502905,8b28150527d4d0ad63f566afd584d7cdf200f40f7b711148ccf5f1178b4d5797,901ee131100fc0dbe659a4e1e7a47af41e39990d6ac7bcf1775dee2ae528fae8,1,1,0,0,110,2,274.0669548010361,418870914,418870913,96536,67752,14908104894443502905,7909370434881802492
20260812,3,29,1,5971686589032898731,8b28150527d4d0ad63f566afd584d7cdf200f40f7b711148ccf5f1178b4d5797,901ee131100fc0dbe659a4e1e7a47af41e39990d6ac7bcf1775dee2ae528fae8,1,1,0,0,95,2,257.13971069698266,362038554,362038553,96011,67752,5971686589032898731,15642626353826688569
20260812,3,29,2,17462701153201296971,8b28150527d4d0ad63f566afd584d7cdf200f40f7b711148ccf5f1178b4d5797,901ee131100fc0dbe659a4e1e7a47af41e39990d6ac7bcf1775dee2ae528fae8,1,1,0,0,159,3,298.92058118369334,605587314,605587313,192358,135504,17462701153201296971,15374403326764945732
20260812,3,29,3,464890511092190550,8b28150527d4d0ad63f566afd584d7cdf200f40f7b711148ccf5f1178b4d5797,901ee131100fc0dbe659a4e1e7a47af41e39990d6ac7bcf1775dee2ae528fae8,1,1,0,0,126,2,291.3231945883791,479491438,479491437,96436,67752,464890511092190550,11380017853285590522
20260812,3,30,0,14917229497518780788,99d20a4f97826ba100005d3f36e6b8cad456ec2abb3dd4c5be46539a632fbf1d,35a5fcc94579f35059c38d25fce2e202e0ed2d25168373c8a430e09b751958ec,1,1,0,0,79,1,341.5264165324227,300352000,300351999,0,0,14917229497518780788,14917229497518780788
20260812,3,30,1,13103032871091364742,99d20a4f97826ba100005d3f36e6b8cad456ec2abb3dd4c5be46539a632fbf1d,35a5fcc94579f35059c38d25fce2e202e0ed2d25168373c8a430e09b751958ec,1,1,0,0,79,1,341.5264165324227,300352000,300351999,0,0,13103032871091364742,13103032871091364742
20260812,3,30,2,15988178124807288827,99d20a4f97826ba100005d3f36e6b8cad456ec2abb3dd4c5be46539a632fbf1d,35a5fcc94579f35059c38d25fce2e202e0ed2d25168373c8a430e09b751958ec,1,1,0,0,79,1,341.5264165324227,300352000,300351999,0,0,15988178124807288827,15988178124807288827
20260812,3,30,3,84746036120938496,99d20a4f97826ba100005d3f36e6b8cad456ec2abb3dd4c5be46539a632fbf1d,35a5fcc94579f35059c38d25fce2e202e0ed2d25168373c8a430e09b751958ec,1,1,0,0,79,1,341.5264165324227,300352000,300351999,0,0,84746036120938496,84746036120938496
20260812,3,31,0,16432480893243593678,9023a7a648a91b0f5fbac1b7b4e9beb2fd50c191566bfd17f2a92fa99897f64f,b8747ba2f9b158d4d3c0472d8ca3415eb83a1551c4647b6ff9179884f55a55bd,1,1,0,0,318,5,419.8276047023804,1210136851,1210136850,384610,271008,16432480893243593678,16971874867847238982
20260812,3,31,1,3564658841077847673,9023a7a648a91b0f5fbac1b7b4e9beb2fd50c191566bfd17f2a92fa99897f64f,b8747ba2f9b158d4d3c0472d8ca3415eb83a1551c4647b6ff9179884f55a55bd,0,0,0,1,1940,32,,7384344520,7384344520,2988764,2100312,3564658841077847673,13380555933808546500
20260812,3,31,2,8428255007802736081,9023a7a648a91b0f5fbac1b7b4e9beb2fd50c191566bfd17f2a92fa99897f64f,b8747ba2f9b158d4d3c0472d8ca3415eb83a1551c4647b6ff9179884f55a55bd,1,1,0,0,134,2,419.3367872876044,509801780,509801779,96466,67752,8428255007802736081,2372530878986467426
20260812,3,31,3,3951769638004276557,9023a7a648a91b0f5fbac1b7b4e9beb2fd50c191566bfd17f2a92fa99897f64f,b8747ba2f9b158d4d3c0472d8ca3415eb83a1551c4647b6ff9179884f55a55bd,1,1,0,0,1258,21,455.5435106312618,4788660528,4788660527,1927955,1355040,3951769638004276557,11013073984334422244
