p,batch,batch_offset,source,sample_seed,decoder_seed,outcome_sha256,syndrome_weight,observed_logical_weight,syndrome_converged,logical_action_match,logically_correct,syndrome_valid_logical_error,non_converged,iterations,relay_legs,valid_solutions,selected_solution_weight
0.001,0,0,original_screening,2026081001,250601779,ef24e094b8d5121200ab55edf2767de777e84d68122348775ff8a89530f5c5bd,79,3,1,1,1,0,0,48,1,1,131.91877446293378
0.001,0,1,original_screening,2026081001,250601779,beea6a434bff8f167a491d7760cdc47037b4ce3aa18e5a76ce182fdbe4c6dc74,62,2,1,1,1,0,0,14,1,1,128.8159314928485
0.001,0,2,original_screening,2026081001,250601779,333f85785b311bc774b011d1abc0c483ab000604cefa30b56e28e87e775d1b79,61,5,1,1,1,0,0,101,2,1,128.15899245855846
0.001,0,3,original_screening,2026081001,250601779,e7d2d68727547f0753cc9c54a76407dbe11ba1ab7ffd5c48e4748ba6addd271c,75,5,1,1,1,0,0,39,1,1,136.88620175187484
0.001,0,4,original_screening,2026081001,250601779,b640a044f422789b782a483838471360bec6d70077a830d5fbb2e0612c8d12eb,56,8,1,1,1,0,0,20,1,1,113.92806959227362
0.001,0,5,original_screening,2026081001,250601779,7ca606fdc959c1496564351f76cab3d5d3346a45a54ccc2a15f7a2aaf7ba7af0,34,9,1,1,1,0,0,33,1,1,60.884554592675315
0.001,0,6,original_screening,2026081001,250601779,ae0a411ffe4927428de393917f4c187a3c9b5748fe310b3c8838d7ff81d6ae83,54,5,1,1,1,0,0,12,1,1,124.44020619204045
0.001,0,7,original_screening,2026081001,250601779,adae685f468df7e4f879e0f6f232f9ab828e6abc5e79fc3226706bd1ede55d6a,61,4,1,1,1,0,0,41,1,1,128.88150316580186
0.001,0,8,original_screening,2026081001,250601779,5559bb1280cc331410d0de4e2408e8743bf91187a01dc0095846be8d57481582,51,5,1,1,1,0,0,22,1,1,94.69715695037459
0.001,0,9,original_screening,2026081001,250601779,d75677c9617057d53e5663a7a820ce54f7766ba8a9b76ffe7cf01dcc05b19701,61,5,1,1,1,0,0,27,1,1,179.53238261603227
0.001,0,10,original_screening,2026081001,250601779,04544519f8ced3c6bb0cd7c315748d7564c19f51eaea0d24444c2afa8a363e5b,100,5,1,1,1,0,0,66,1,1,187.33549779437294
0.001,0,11,original_screening,2026081001,250601779,86a2a0923b9634d18416bceac06de5de22e04e9c30ddede00d191f334c4138a9,77,4,1,1,1,0,0,26,1,1,132.5790984547641
0.001,0,12,original_screening,2026081001,250601779,45c4c7bb3822779b7e1395be5897c14c84754c2272c8690a3fd3f25aebe59872,47,7,1,1,1,0,0,26,1,1,103.00936230934646
0.001,0,13,original_screening,2026081001,250601779,ba6b83d8bad3d9862a9ec750aaf9bc5f9685266c54cce8ec0d91afec19e56cf7,87,6,1,1,1,0,0,26,1,1,206.92108964146752
0.001,0,14,original_screening,2026081001,250601779,8ed6e6b23b51bda82614aae00f3740b5cdc607e8454cf8fbc9440807291df100,55,6,1,1,1,0,0,39,1,1,114.09388219631809
0.001,0,15,original_screening,2026081001,250601779,382197218735037878ecdf83c8a678c343eb249103260ff3573ad0e833031376,38,7,1,1,1,0,0,11,1,1,98.43498000658393
0.001,0,16,original_screening,2026081001,250601779,a6009c7d4afe4abca94c8c1839201ca6b9f58b9b9b5dc72b9e3ce5a8268f4c3c,51,8,1,1,1,0,0,9,1,1,110.49581120972132
0.001,0,17,original_screening,2026081001,250601779,22744727640a8c515294aea24f9687cdf57530e92d422f2b1a5d684e59bad697,61,6,1,1,1,0,0,47,1,1,221.5158138516907
0.001,0,18,original_screening,2026081001,250601779,002654d11f99fe89ff864501839a2b57cdd9e28fb9b50d32c90c55871fbc45e4,47,4,1,1,1,0,0,33,1,1,107.44497549194776
0.001,0,19,original_screening,2026081001,250601779,32598b00a3ed6ccf576e044db67372a2ee3710f49132de2b2df2b64fe15b8eba,52,4,1,1,1,0,0,30,1,1,102.75562843087528
0.001,0,20,original_screening,2026081001,250601779,ba260868edca356a3df2d490af9cbe9ad8d04791d12443fa667636cb9a388925,58,3,1,1,1,0,0,33,1,1,107.90463164740206
0.001,0,21,original_screening,2026081001,250601779,a45f140fd0e67998b6db3864854f9c926cde6e87a5364ae29b243e0388ebe70d,69,4,1,1,1,0,0,150,3,1,161.41998730283933
0.001,0,22,original_screening,2026081001,250601779,2c3adf3e66269b9afeefa1559a760edf0ccf93e68942185e2afa8e454a22f39e,48,0,1,1,1,0,0,28,1,1,91.84496729367005
0.001,0,23,original_screening,2026081001,250601779,c6a5e61a04d5b09148bf784f3893d057f53c6b9790acd88b6eba4cb39c32c1d1,50,6,1,1,1,0,0,111,2,1,114.17528299935594
0.001,0,24,original_screening,2026081001,250601779,f439f7962dd6b7d9af5e0ed125b3003c2d56ebd8a051b680f99e482c6e8a9a1d,36,6,1,1,1,0,0,13,1,1,80.12126258709606
0.001,0,25,original_screening,2026081001,250601779,3cf0d51499e12da7a69ed677e466431a3bdc2364ad2f8afcd7238696dbb7548e,51,3,1,1,1,0,0,36,1,1,111.54251218300136
0.001,0,26,original_screening,2026081001,250601779,f9d70b2daab3dda31a95140d67fd81bfabbf1fdb345c5e4c2ba7db261130dbfd,45,4,1,1,1,0,0,27,1,1,109.99018319884459
0.001,0,27,original_screening,2026081001,250601779,ad831b4d45ebaee001f3f91ce8ed975be70684d1492b6470cd7b52636d0dc4ab,68,6,1,1,1,0,0,18,1,1,131.77804732068128
0.001,0,28,original_screening,2026081001,250601779,d9fda82c88448a755554d33a4befdd41824099f9f35678f7d9ed7daeb1077dbe,61,6,1,1,1,0,0,24,1,1,121.65928898408828
0.001,0,29,original_screening,2026081001,250601779,1c5fc0db3b80827b87163e920921fb192c333a65c27a09019ba29b51878faeb7,74,9,1,1,1,0,0,39,1,1,160.3352547833742
0.001,0,30,original_screening,2026081001,250601779,df2be4dd14cd79bdc35c5e279ea29fa4e6a50d615ebf8a40698e26c56b094e60,86,3,1,1,1,0,0,28,1,1,166.44634690987442
0.001,0,31,original_screening,2026081001,250601779,42c4e3ab42d734609e3e1d1e5876a1202ae76b5b13ad791099f8d31ae07c5f9b,72,6,1,1,1,0,0,49,1,1,156.46529436812614
0.001,0,32,original_screening,2026081001,250601779,e60ca4e4312a2bd80414e4dd06aba41dab0509c86df5dee3b2b23ca5b59eeacc,52,4,1,1,1,0,0,29,1,1,123.31806581329369
0.001,0,33,original_screening,2026081001,250601779,d6e4fe822989398390fcac4053edb17263df151e0a68298a227526f482287cdf,59,7,1,1,1,0,0,31,1,1,118.11291533894067
0.001,0,34,original_screening,2026081001,250601779,49fd6f2fc697b1c6fc6d023babc61a7b9d5d1d1662c9a34a6f223c5a8e38ffbc,95,5,1,1,1,0,0,32,1,1,186.55908337662171
0.001,0,35,original_screening,2026081001,250601779,3a9c88d84f6fdc082f9688cc10756d45cb515e1d43c50d8cf94bef7da7604ab5,80,5,1,1,1,0,0,16,1,1,178.25021081053842
0.001,0,36,original_screening,2026081001,250601779,362fb2abcac0f27953afdd68f6731918d903f6921daa9287ec69dca042a164b8,67,9,1,1,1,0,0,24,1,1,115.35531722683278
0.001,0,37,original_screening,2026081001,250601779,0b539be6c0bfe8d4888f1afdc5c2df1e483056bd6042e2e50d03a3dcb2b81ac0,74,6,1,1,1,0,0,42,1,1,150.45003934467988
0.001,0,38,original_screening,2026081001,250601779,d080c02b963d1f8c7976f88420eb579ab600fa6a5945c828fe3daec3884cf036,89,8,1,1,1,0,0,51,1,1,158.08427108751675
0.001,0,39,original_screening,2026081001,250601779,a24912439aee6a58164fd7b7ed3f563bf862763458b2415ebc35fc426a381dc9,45,3,1,1,1,0,0,37,1,1,107.81624939197545
0.001,0,40,original_screening,2026081001,250601779,c6ba9415d29701b0947ee1c856149d7b58502913fc09510afc45042bbc6e24ce,82,6,1,1,1,0,0,19,1,1,184.49432436920537
0.001,0,41,original_screening,2026081001,250601779,faf729b2479cde8a3f8955d628690693ce89fb989d9a157e0dc77ff19065253f,60,4,1,1,1,0,0,154,3,1,132.86613032631345
0.001,0,42,original_screening,2026081001,250601779,5f43461aa135d5a1526e6f06dd868777ecb982c7d7f709036561f2c87fdbc111,83,5,1,1,1,0,0,48,1,1,168.69888919319135
0.001,0,43,original_screening,2026081001,250601779,dd8da5666e267c295034bc072a063256d28b3a8887016762940c06774e438045,55,6,1,1,1,0,0,8,1,1,110.53707498816372
0.001,0,44,original_screening,2026081001,250601779,3843d246ebb349e2c75191083a9f3e4dd2412239c1058c54f2f94e9bc699f836,68,9,1,1,1,0,0,20,1,1,184.45663627231468
0.001,0,45,original_screening,2026081001,250601779,bf5bcb601cc31841a9f7d2c2ef3974845c64e13833c29217b4812e9750e69dbc,85,3,1,1,1,0,0,25,1,1,219.09732886058669
0.001,0,46,original_screening,2026081001,250601779,a8b8b4ac454875cbc0fcf80aff8fb70d7a2111252b57ae570479209c18b844ef,95,4,1,1,1,0,0,22,1,1,235.06933076192092
0.001,0,47,original_screening,2026081001,250601779,79625146efb5c1ece0c3c4a314a4e496220e7d8aca990dedbd5fb6b28c3702f3,65,8,1,1,1,0,0,16,1,1,162.9333215801479
0.001,0,48,original_screening,2026081001,250601779,3124a9b49ac4a288a60ef275c93b204717a1272edb59fb9931b127e23c09c56c,74,5,1,1,1,0,0,21,1,1,170.97829967032476
0.001,0,49,original_screening,2026081001,250601779,58dacd1a8e8d0ff3148ebe6bd6809da1c639c55b076e327bb0ff8e5524815239,49,1,1,1,1,0,0,22,1,1,101.5736864836849
0.001,0,50,original_screening,2026081001,250601779,302ec531776bfbb37d217ad9eacb5ff980dbd56c2bb6cbd686ccf32fe44c231f,44,4,1,1,1,0,0,32,1,1,98.69715134150334
0.001,0,51,original_screening,2026081001,250601779,75ef513e0799e3ce9d85399e4320e1c674ca06b07d3d810d7713ed394a97df95,53,6,1,1,1,0,0,22,1,1,126.78154927920812
0.001,0,52,original_screening,2026081001,250601779,5d5472b71fac61d2a28f5777dc58ea1d3f3a653de1f8b3aac5fd7e0c8dd15b3a,66,7,1,1,1,0,0,23,1,1,193.49551108304652
0.001,0,53,original_screening,2026081001,250601779,cd3091b13d203c1f4b9ed7d675a2fefc50f718c08c1af4e9a5ee6791a0a2752b,53,5,1,1,1,0,0,179,3,1,125.48110747690706
0.001,0,54,original_screening,2026081001,250601779,4f22e45577ec7c5b08f70c757460a63e50b6d789f32dcabf312ae20132c377ad,61,4,1,1,1,0,0,31,1,1,133.2716817646138
0.001,0,55,original_screening,2026081001,250601779,74f77bafeec36994a29d4667b270d15699046061892c78c74c1bbe6cc32d9226,66,5,1,1,1,0,0,19,1,1,122.3138165542611
0.001,0,56,original_screening,2026081001,250601779,b8f6ccb3ba369bb461b9acf412be075bc160dbd4c7679a3f1a2c5b752506f913,89,5,1,1,1,0,0,28,1,1,206.38660701557293
0.001,0,57,original_screening,2026081001,250601779,fea94a1c518e92d6d998fae1b2be0bb29cb59576ca2661712bb96daf21d33d81,84,4,1,1,1,0,0,24,1,1,160.57216562729684
0.001,0,58,original_screening,2026081001,250601779,16479d8bb9820d064f7136d18be0b50c1efcf986ade283f6fa53e40fc488b08d,95,4,1,1,1,0,0,32,1,1,165.1914134942084
0.001,0,59,original_screening,2026081001,250601779,de7e198904eb38d0ffb3a835bb5eb7868e960bdda405521d8e9017c39cb0913b,64,5,1,1,1,0,0,36,1,1,179.58288313740624
0.001,0,60,original_screening,2026081001,250601779,1d154e035f363017e17834ae1923d42a9d9fb8718a88ba4f1d10fd855fdc9e0c,63,4,1,1,1,0,0,20,1,1,118.61500282507052
0.001,0,61,original_screening,2026081001,250601779,6f93cc5e119d1fd4efee5ee0c6ded6a4332a90d7cce20cf576e5b63a5e8678c4,94,7,1,1,1,0,0,35,1,1,211.22804478711817
0.001,0,62,original_screening,2026081001,250601779,8e55d0f5cc6058f91db1d21ad59cda3e12aa092d5f3ee2cc3a7b2244a8510b4f,64,2,1,1,1,0,0,16,1,1,123.5431943250135
0.001,0,63,original_screening,2026081001,250601779,bfa676a887255d16a4651897ef339ab9f0dd535b9e81728d240086e2dfb25db6,76,7,1,1,1,0,0,21,1,1,159.23047528863017
0.001,0,64,original_screening,2026081001,250601779,46fdea3598a6f79f485740508962e9111b2055df3e9550c34698aa65676c88a6,54,8,1,1,1,0,0,104,2,1,135.1706563321393
0.001,0,65,original_screening,2026081001,250601779,d2d964cb54645033e9b0cbe39b7e2510a0d7faaa84675bbd75ba443877597089,58,4,1,1,1,0,0,95,2,1,99.675654088578
0.001,0,66,original_screening,2026081001,250601779,60326e03fb5142b96886038d10ef79985c8ff4872b3f6deeadd9e5c28bbd0bd9,51,3,1,1,1,0,0,30,1,1,117.64580605334723
0.001,0,67,original_screening,2026081001,250601779,bde172b052f9c6633834c42ee2ba390fdc3fa4414c711035f4c3696c85558ffe,47,5,1,1,1,0,0,45,1,1,107.85049464842696
0.001,0,68,original_screening,2026081001,250601779,d29c0a3f50a27f4f76ba978582cd3b7d4e7d1cd1b7791c1dd2776f0271dca9b3,55,3,1,1,1,0,0,337,6,1,123.00837131853964
0.001,0,69,original_screening,2026081001,250601779,6616ee5f6f35aef1b8b91fd9a0bb27f729d9b487041e50388712a7a4392a0ed6,90,6,1,1,1,0,0,39,1,1,181.96215648902847
0.001,0,70,original_screening,2026081001,250601779,28fbfc2d05cd901aab45da2714b283f7e797102ddd08fca088eca5258451ff74,43,5,1,1,1,0,0,18,1,1,85.94138228870112
0.001,0,71,original_screening,2026081001,250601779,775be19f47148d3543ca82237edfe30e053609eead8137e2fae97d6e7fdedc9a,72,5,1,1,1,0,0,32,1,1,158.5255324329949
0.001,0,72,original_screening,2026081001,250601779,fcb629804ceaa4bfd7230bc023a00b658ff2de77a682198d5d98141c31be9dc9,71,5,1,1,1,0,0,31,1,1,156.54625381484652
0.001,0,73,original_screening,2026081001,250601779,3853f716fe72672265d62c95ea49104c71a8c4a79ff5d98e5fb215f36fd32767,67,7,1,1,1,0,0,34,1,1,137.50661981593908
0.001,0,74,original_screening,2026081001,250601779,321addfb526525275730f7809a98441b745648d0be5b892529061eb21cb58c04,53,4,1,1,1,0,0,17,1,1,128.833287313192
0.001,0,75,original_screening,2026081001,250601779,cfb0e28dc46a93019ddd60332c472ee92ca52edb12e6044281d36249a5444523,54,7,1,1,1,0,0,14,1,1,122.48163899531716
0.001,0,76,original_screening,2026081001,250601779,f9be36a1b2c884cd76c92813f53d77dbd7368308aa88da078b6439f0c4d70284,85,4,1,1,1,0,0,40,1,1,182.34667475145955
0.001,0,77,original_screening,2026081001,250601779,d544fa6ef9f8503d3173dae8a1c50e3e4c4a1f953fe3bbe49c0388a242481db4,61,4,1,1,1,0,0,108,2,1,129.1327224843091
0.001,0,78,original_screening,2026081001,250601779,4658aab68e724f8fcbfcd014da08ea53fff04d453e5c575ee1ffac510511eef6,48,1,1,1,1,0,0,15,1,1,112.23505692943121
0.001,0,79,original_screening,2026081001,250601779,b89f1469cc02b3edff7faa18e74c378aee85ff39ed284119fbe0e490e759cf2b,42,1,1,1,1,0,0,14,1,1,101.7153598996251
0.001,0,80,original_screening,2026081001,250601779,aafc77117898ce81b2ee7cd9663a0426df25ce72077950f4a8614c9892492de6,73,8,1,1,1,0,0,20,1,1,154.6341328162432
0.001,0,81,original_screening,2026081001,250601779,7f16784578566b8a830ca078dbf061a0dd6a45159e38d31ad6d39e377e6552ce,70,8,1,1,1,0,0,25,1,1,128.09310235498577
0.001,0,82,original_screening,2026081001,250601779,09011466c5a7c246abfda3f688b01d10f44dda1ffd6a28fa99271d720df9ff25,34,2,1,1,1,0,0,34,1,1,153.0942348328441
0.001,0,83,original_screening,2026081001,250601779,2bfa2897d3904da3505b4d4f9edb59e19103ca437c2d3a7d3a7dcb76b0e77301,62,5,1,1,1,0,0,125,2,1,131.27276226569683
0.001,0,84,original_screening,2026081001,250601779,7dd1636514b1b5ba57bca61f175a5c932f8ad93da1098ac172fece2b779ef388,45,5,1,1,1,0,0,68,1,1,90.58655225515166
0.001,0,85,original_screening,2026081001,250601779,b64d84c53014df0347d47b6797ab75f1ddba25180a79a9354035939b25c62d40,92,6,1,1,1,0,0,26,1,1,195.99429899981013
0.001,0,86,original_screening,2026081001,250601779,7448296b428ea861919c6ae595390dc8ac81729dbbed87ba5ab806ae1db3605b,85,5,1,1,1,0,0,18,1,1,161.40679281702944
0.001,0,87,original_screening,2026081001,250601779,a89cb5037c27c7d0ba09aab5d61d9ce1e34eb4ad192bbad80ba221f042f4e012,54,2,1,1,1,0,0,23,1,1,125.8178001729803
0.001,0,88,original_screening,2026081001,250601779,280cd249213ee8b96d77479065f0475b42518de0878660c503f247275a2b2f60,58,3,1,1,1,0,0,22,1,1,116.55214551239669
0.001,0,89,original_screening,2026081001,250601779,7c7f5e82976b9afabcfb6b95f53409bc5b24440d28a2b3ca63b903ac14843f26,52,6,1,1,1,0,0,38,1,1,128.08570611419486
0.001,0,90,original_screening,2026081001,250601779,77fdfdb98b7c69598dc74d0fd48ae2e2c607a1421591e145d035ce5e03e79138,67,7,1,1,1,0,0,50,1,1,147.9399079159797
0.001,0,91,original_screening,2026081001,250601779,0f3bad40455f5b5d57cee3398cdd8ad3378326c9c296e24cdf53311bb5292632,85,10,1,1,1,0,0,34,1,1,156.69292019952903
0.001,0,92,original_screening,2026081001,250601779,7fbbff195256d95d57ef00017002c810a336f6e1ec258a4223f68aa8f7bec7cb,60,7,1,1,1,0,0,37,1,1,114.93761236322334
0.001,0,93,original_screening,2026081001,250601779,d85485bc899b6e3c4d54d5651e47dad0576d79b09d6de631fd54f300de335c93,56,4,1,1,1,0,0,12,1,1,126.84365599647711
0.001,0,94,original_screening,2026081001,250601779,dc339fd25fdf031364504b5b2091f448f3fa0c6605293b47b051ab772e835035,51,7,1,1,1,0,0,37,1,1,122.91353550689847
0.001,0,95,original_screening,2026081001,250601779,e8ff91ac6ff22614623107ee8a03f01aeae036edafbf0c3d9afcdafb16825ee2,70,6,1,1,1,0,0,54,1,1,186.8563117411683
0.001,0,96,original_screening,2026081001,250601779,6621b5a22ff7c742cd8945316a801d1baf735485efe98a06dad5a1ead06f7286,75,4,1,1,1,0,0,37,1,1,185.80201283843823
0.001,0,97,original_screening,2026081001,250601779,b2e760a219d21394bd1ffb8893a905f887a766dc0a2cc09c7a02ffecc87439a0,54,3,1,1,1,0,0,16,1,1,150.23759400657286
0.001,0,98,original_screening,2026081001,250601779,db6c82e9d515c7cfddcd710f784fa8bfa85481adc38d8e9fd08e343fc62076ca,49,5,1,1,1,0,0,43,1,1,122.52257413186278
0.001,0,99,original_screening,2026081001,250601779,dac3fd7d2f3dd6488f8a218c96243013b79675506978879782dac5299ed7704a,71,6,1,1,1,0,0,20,1,1,154.84094058496805
0.001,0,100,original_screening,2026081001,250601779,e41ef982beb79e358e607662214e24f8f7b78cefbc93b3ecbee56df4946a430b,62,9,1,1,1,0,0,59,1,1,130.74945761738317
0.001,0,101,original_screening,2026081001,250601779,721c52d39da6ee16ec99bc6c61771bffdd8c1388dfb8ea8e60f98cb6559c7a41,74,2,1,1,1,0,0,22,1,1,143.82936661716568
0.001,0,102,original_screening,2026081001,250601779,be9686dca30b71e80be9a897bccf62796c44a1c2db90dc503c0de8d8a9dfd426,54,3,1,1,1,0,0,74,1,1,99.1339145072688
0.001,0,103,original_screening,2026081001,250601779,742d2413e131fec65bd39052745c65add5c7dcd7d09ad3dffdbefbb369d56cc7,46,7,1,1,1,0,0,18,1,1,97.17184393742278
0.001,0,104,original_screening,2026081001,250601779,eeb28e6680cf46baae1edb8f3d323fcd7108ec4ede5e1156357fd5eca05230fb,54,5,1,1,1,0,0,20,1,1,152.24833634530512
0.001,0,105,original_screening,2026081001,250601779,589ef5b32c0e09a5231540fbebf466fd09c6ab6a54ab1523ba10f02cfae27e6a,64,8,1,1,1,0,0,30,1,1,133.02335922208695
0.001,0,106,original_screening,2026081001,250601779,d5f12e2cb03ed2a33aee25ff9a0a9dcf01b621f0e376bf7418a02430be81c625,61,0,1,1,1,0,0,18,1,1,143.7626518739924
0.001,0,107,original_screening,2026081001,250601779,23e8d4805426a5914474fe27692ccfe2a67b0827f6fdf743b5a0f6a275c84328,74,4,1,1,1,0,0,159,3,1,142.01418644322936
0.001,0,108,original_screening,2026081001,250601779,9bbaeaad9d0b1abc498f544327d496495b580220cf460a09944d8113e41f6bdd,55,7,1,1,1,0,0,13,1,1,134.31599548217415
0.001,0,109,original_screening,2026081001,250601779,eda4147cc7b4253155e83a49163c0e6baf6d1e79e3712c0750f2e62c4f8b6a06,50,6,1,1,1,0,0,11,1,1,112.01259931008666
0.001,0,110,original_screening,2026081001,250601779,57ffae521ce107f1cfadedfad095c69912b84f271c264092c0027b42ebde3846,82,7,1,1,1,0,0,39,1,1,157.3789045379341
0.001,0,111,original_screening,2026081001,250601779,c04a687e2109a5b327cc55845cae9cd0297c4fcb0ee43000d6400437672c6743,77,6,1,1,1,0,0,39,1,1,183.13285814190192
0.001,0,112,original_screening,2026081001,250601779,f0344a4448868bc7d913df84d89ae0288810406e46f5cd6982001ffcf6911858,77,5,1,1,1,0,0,126,2,1,153.1965937438105
0.001,0,113,original_screening,2026081001,250601779,c374aaf9c649c69d47d694d79f25c78d2c9d1d7fddd044a65c45d21867bc5ccb,66,6,1,1,1,0,0,20,1,1,133.92342466655697
0.001,0,114,original_screening,2026081001,250601779,34060b642ba19406adf694cc012760e52ced7d119acd08e09d0f93bc9c86ed5d,83,6,1,1,1,0,0,48,1,1,174.25170602689752
0.001,0,115,original_screening,2026081001,250601779,7f43355fe1eaef3d791a84361c7dfef9621888a6127231644d7d8890fd05b6ce,54,4,1,1,1,0,0,39,1,1,126.19379213295498
0.001,0,116,original_screening,2026081001,250601779,dba66efac7d7b8205b619d73c50ed1bd5e225ebcf5877d1521f7b1d1b2d60d4d,45,3,1,1,1,0,0,56,1,1,85.68695226081059
0.001,0,117,original_screening,2026081001,250601779,a248b83b9a0790fc5b11224b499b9ed702a77d58ad26fd4cea250b31682904f6,77,6,1,1,1,0,0,13,1,1,178.43191749485868
0.001,0,118,original_screening,2026081001,250601779,0ed289511d7d3cacee44ac6d9c0c81c4701cc797f57ce79596275715d7016415,64,6,1,1,1,0,0,19,1,1,149.60360229574144
0.001,0,119,original_screening,2026081001,250601779,4a72ace972cfdfc867c466cc45336c624144183297df989f16e65ad282254b73,80,3,1,1,1,0,0,28,1,1,183.6888261320672
0.001,0,120,original_screening,2026081001,250601779,cbbb1e4ee35a60bdaa7d68c4ac46c9252b368091edeea699ebc294afcae6723c,47,5,1,1,1,0,0,42,1,1,85.68695226081059
0.001,0,121,original_screening,2026081001,250601779,9b9da832763e11aec37fe54d3ca8c0ed00e4891d79f14c1864013764565a651d,55,6,1,1,1,0,0,42,1,1,116.27788080423608
0.001,0,122,original_screening,2026081001,250601779,5e447c244035a1cc8b71518e30d1eee7dc1c22af643ee4c1a1069e263d72afe9,78,7,1,1,1,0,0,110,2,1,165.45369738567425
0.001,0,123,original_screening,2026081001,250601779,33f606591c4ac6076fc25110369aa0c37d5126652d7465a2260b02de515a151c,91,7,1,1,1,0,0,29,1,1,188.89947730413837
0.001,0,124,original_screening,2026081001,250601779,8510016a43de9dc668e105cc6b52aecfedc197b6a52186dc9933485974a39919,69,7,1,1,1,0,0,31,1,1,130.96475775311288
0.001,0,125,original_screening,2026081001,250601779,6dd6817743c457d6d8059ffced320caf5a7b4bb5baa9dfc024c49c857dd7b08c,86,5,1,1,1,0,0,65,1,1,182.2879957076147
0.001,0,126,original_screening,2026081001,250601779,bb3fe6bbbd7aa88a3aa3ca920900612455dbd389d0706fc9919857f31b20f1d0,49,5,1,1,1,0,0,37,1,1,86.30659296086993
0.001,0,127,original_screening,2026081001,250601779,b14267b211b0fb1d7a289cb82f7258c2239030ea23ec11e5914c8e098b0c92a1,85,6,1,1,1,0,0,29,1,1,182.05808983555434
0.001,0,128,original_screening,2026081001,250601779,19ace185b0ca0a280ccaacea2b8382f68021169177e166fd20ddbb13289594b7,71,5,1,1,1,0,0,25,1,1,146.92588262907938
0.001,0,129,original_screening,2026081001,250601779,30e8177141a1c2f0bb2e19ff6bec090f1b9ab9da96b6b3827abd7a8494b90342,55,5,1,1,1,0,0,10,1,1,100.84112302097932
0.001,0,130,original_screening,2026081001,250601779,424a77a93ef332ef7f9b999dbb03296e663f881e439c3d1877591ac55cff6887,80,5,1,1,1,0,0,50,1,1,170.34829188404706
0.001,0,131,original_screening,2026081001,250601779,d78f258a5fb9f29a8b5738fb917f3b2e01562d776fe10a54b75e299a50bc82e6,81,8,1,1,1,0,0,42,1,1,165.1628230981608
0.001,0,132,original_screening,2026081001,250601779,d5da1531236b9ec0292e3b5ab483edf3d21648ab27a93d2af89bfd90a0b55eb9,73,9,1,1,1,0,0,72,1,1,162.3620753271061
0.001,0,133,original_screening,2026081001,250601779,4793ddfc3c56b27d209f66475da7ea941e756e4d688f260e8710f55a2c24f942,56,4,1,1,1,0,0,32,1,1,120.50384978467928
0.001,0,134,original_screening,2026081001,250601779,deb2834c38a6be4896559bce626664858fe2b20d1807923cd668066e646456ed,103,6,1,1,1,0,0,45,1,1,186.22513245746364
0.001,0,135,original_screening,2026081001,250601779,cbc31306cf7c59bef6ffb3d040205ff16a5ffc53e8add09609db4e4de2355bd6,56,3,1,1,1,0,0,12,1,1,172.1026972769591
0.001,0,136,original_screening,2026081001,250601779,7221e8d4ced98d5627d6a501f54234ab05e3a7e0a256aeda16d5333126ededce,50,4,1,1,1,0,0,23,1,1,101.44981891416023
0.001,0,137,original_screening,2026081001,250601779,92957912802f79ee92417e0b7bca3e9cbd7f59a470b59b6f3c8974b2375bf33a,46,5,1,1,1,0,0,31,1,1,134.93990941331967
0.001,0,138,original_screening,2026081001,250601779,cc79c123e7338d19f4edb26c4773a6a664088de8ff94cdda14c491579db39270,45,4,1,1,1,0,0,26,1,1,99.05013010113086
0.001,0,139,original_screening,2026081001,250601779,69a482694974cd7c5872528d08a1b5857748a4dfe28ce4c60f4ab0b449283bd6,65,5,1,1,1,0,0,12,1,1,129.25642670489037
0.001,0,140,original_screening,2026081001,250601779,cb6406ee3d1959d45987a21b331c9c5a5bcc8ba72f84d1661bfd2915edaa1a10,71,7,1,1,1,0,0,16,1,1,136.6026628079416
0.001,0,141,original_screening,2026081001,250601779,1aa613f1732e348b770bd6c2bee414151e7ec5e5b4c73a161db276d16cb1fa39,35,5,1,1,1,0,0,8,1,1,82.71409201424564
0.001,0,142,original_screening,2026081001,250601779,f0851a746a4e52e79bc1d0e2d90be38721bf606bd6042b2e871e2c68bfbd2c4c,51,4,1,1,1,0,0,12,1,1,108.5444789917576
0.001,0,143,original_screening,2026081001,250601779,f59f88582c55b67f6173bf375d718d76cd9093e911b209ff513cafe63149f990,57,1,1,1,1,0,0,19,1,1,167.97008922106116
0.001,0,144,original_screening,2026081001,250601779,6520535acbe27aa12578b84cd8d0a6a7a6901f5e59d43c2d9193209ab793b4b3,71,7,1,1,1,0,0,30,1,1,135.9092185723261
0.001,0,145,original_screening,2026081001,250601779,57c6dbc720ba0605bf2f480bf6b475b3c4f1b7afdade1e1a0d2ae8d9c930a27f,86,5,1,1,1,0,0,106,2,1,176.55717576195528
0.001,0,146,original_screening,2026081001,250601779,224624a2825b5bc8aed88b56ed3e8681fdbd041b171d11b98c20cff2f4f36cfc,72,4,1,1,1,0,0,102,2,1,170.68692154453515
0.001,0,147,original_screening,2026081001,250601779,d4c3e8f717ca885e599736c053221666b855b816ed9cbc2a69e48e443ef161de,63,2,1,1,1,0,0,13,1,1,128.98584633050717
0.001,0,148,original_screening,2026081001,250601779,3eb6da7c4004e945b5a9b16480346a06e0d0b0545f1aeec59876885ce2fa9e6d,23,4,1,1,1,0,0,10,1,1,59.56829347551119
0.001,0,149,original_screening,2026081001,250601779,1940db604f87a029808f28dac0f0ae571b9571dec0d77962939074067fc55035,54,8,1,1,1,0,0,29,1,1,99.8755745954942
0.001,0,150,original_screening,2026081001,250601779,259543825e1fef89426616cebf9adf2ae93d66de699c055ed85e606bb76a1dd5,83,7,1,1,1,0,0,34,1,1,176.0162263960239
0.001,0,151,original_screening,2026081001,250601779,d0ef1dfcd60300808b742cf95b6b5c25441b6de281fb4e2118df1f1086da91fe,76,1,1,1,1,0,0,27,1,1,158.71460933336056
0.001,0,152,original_screening,2026081001,250601779,917a25f1ebf166e5a277a7ba9f0fe80066a53210071f2215ee3d9376cc634bed,59,5,1,1,1,0,0,27,1,1,124.23931346580753
0.001,0,153,original_screening,2026081001,250601779,167e8cc9bf37db310ab30d0a5dcb2476e5ce0f1a7681f008ca837cb752ecadaa,101,6,1,1,1,0,0,19,1,1,184.65434199115123
0.001,0,154,original_screening,2026081001,250601779,a5f2aa2750835f9447da0851ee78e045551c6f3525a23db9449c53e96ffd36e1,42,4,1,1,1,0,0,79,1,1,104.12453725427228
0.001,0,155,original_screening,2026081001,250601779,2b6399105f42e2973a9722f7259f83722943e3b2cd9a2df64ab2a56293779b88,30,3,1,1,1,0,0,11,1,1,72.77295131177732
0.001,0,156,original_screening,2026081001,250601779,f52229ffa6b3df343dfa361246c17b79a08395ee0895c70b224b18c08e7971ad,64,7,1,1,1,0,0,51,1,1,131.9415564297033
0.001,0,157,original_screening,2026081001,250601779,627e875b2c1bfe16e16a7d3a5ac70fce4acee2f6354c5e26730dbbeb39469ba7,75,6,1,1,1,0,0,46,1,1,180.142377664567
0.001,0,158,original_screening,2026081001,250601779,72d9245bafbf5a4507636e8f394e1536563eed65a31fed4e2467b3d200885d85,55,7,1,1,1,0,0,9,1,1,139.79734378175635
0.001,0,159,original_screening,2026081001,250601779,53cec4991a00179d2015e15e72b61ec5e5e0fb4fee53af89c227dce77be6e5ec,44,2,1,1,1,0,0,18,1,1,85.28735425069661
0.001,0,160,original_screening,2026081001,250601779,7349491bc06ec81d8f5a3d9b823febe52dc8ce8d108b92900efb647d0f54817f,49,6,1,1,1,0,0,22,1,1,143.26557498705697
0.001,0,161,original_screening,2026081001,250601779,1410daff6683ba6574d6a8bd41588cf8713a0102005db6ed6c9455de919ad8a7,104,5,1,1,1,0,0,40,1,1,267.55330014042204
0.001,0,162,original_screening,2026081001,250601779,0ed9b2fd75a09bd45dd1681cc029e6b4a9fe7a15b3a449d1cff13a290fb56180,46,3,1,1,1,0,0,17,1,1,112.87340749671642
0.001,0,163,original_screening,2026081001,250601779,61c72f821b3bb08134efea20f93085f1d169a2fe381aa0102b5feaab34963a04,49,9,1,1,1,0,0,13,1,1,111.87350649209168
0.001,0,164,original_screening,2026081001,250601779,7f0cb586c7cf827720b66b0f78b8d319b233ad07231cffa4a0a2cba1fca7ac0a,70,9,1,1,1,0,0,115,2,1,168.48984974950648
0.001,0,165,original_screening,2026081001,250601779,af39be1c7f26c5d2576c9fde63f40393311ef2ca775a1ef11bf829282cc7036b,43,5,1,1,1,0,0,15,1,1,92.04943761450882
0.001,0,166,original_screening,2026081001,250601779,69fe9b8717083cbc078974e7b354a546d6136d421136e7d388ca741c6fcd03ad,41,1,1,1,1,0,0,48,1,1,71.65257574390607
0.001,0,167,original_screening,2026081001,250601779,8863687d5fb00da7c9cb850e76df06c1af71b6cabafb07fa1f65b6693515bcbe,77,5,1,1,1,0,0,37,1,1,167.3349638774265
0.001,0,168,original_screening,2026081001,250601779,3031e10eefc7a2fbde76dc0b685025942756a2119584d37f6c3e88817a3bad32,61,4,1,1,1,0,0,43,1,1,129.15690994337754
0.001,0,169,original_screening,2026081001,250601779,c13da5939cb267a222de50e94cb32ca5f43f236431a7f43be060d6010ac1d1fb,81,7,1,1,1,0,0,29,1,1,146.96492183456826
0.001,0,170,original_screening,2026081001,250601779,c405e302b3f6623cfad1d0983624e5a88a3212fcf555b6ec3dbc0bece03c4818,77,3,1,1,1,0,0,27,1,1,156.27198794344105
0.001,0,171,original_screening,2026081001,250601779,eb9806ac704861316fe36f49f85b20e6058c5a68f708b12545e26ff560cf5af4,86,8,1,1,1,0,0,16,1,1,247.7384989119204
0.001,0,172,original_screening,2026081001,250601779,a94176b84679d8a3bf38128a7a3c4ff6d1e95fab059f6f3d6a8d2803cf0d0991,76,4,1,1,1,0,0,17,1,1,157.43969095049405
0.001,0,173,original_screening,2026081001,250601779,671f7e53b1bba0c774d48845aaf48ecb5d8284952fbe7413571844b37c614baf,56,4,1,1,1,0,0,37,1,1,205.69295072189595
0.001,0,174,original_screening,2026081001,250601779,ee0688fe578386b831fa7b7acc5099881485a4036d9116d8f30ddc9d65428300,48,4,1,1,1,0,0,15,1,1,96.66074274339402
0.001,0,175,original_screening,2026081001,250601779,d53d5f1c518f737949af410d5f771dda3f2a076daa03d4644910d1112cdd75ff,69,7,1,1,1,0,0,23,1,1,158.88339410182337
0.001,0,176,original_screening,2026081001,250601779,1296fb69cb0d8d6b40a723391eb07be2ec6373450400ce436e19661a98df58a9,52,6,1,1,1,0,0,60,1,1,107.48706771367164
0.001,0,177,original_screening,2026081001,250601779,688ec1d8e9adc21321a026b2046d26e78d461c90957fc9f8dce940acb37bea38,54,5,1,1,1,0,0,33,1,1,108.232645245108
0.001,0,178,original_screening,2026081001,250601779,c3e0f520a0beaa1c124aead48fe0555fdf710fae20f66a1198085092bd0736dd,68,2,1,1,1,0,0,39,1,1,140.69986666319403
0.001,0,179,original_screening,2026081001,250601779,519ba4b3af9facf4b922dfbcceb2e80f9455397981de0696cce3b8e2d9b10858,88,7,1,1,1,0,0,37,1,1,159.6909717725941
0.001,0,180,original_screening,2026081001,250601779,103cc41f098b870c97a614e428b73fcf6286b3da0fc7af77e33c26e1fd92f0fe,77,9,1,1,1,0,0,45,1,1,168.86992073569695
0.001,0,181,original_screening,2026081001,250601779,58a99790d4fd8c29d5db300e8bdf93b2d9e864df5f086542f0b8f30ef72453b7,63,5,1,1,1,0,0,52,1,1,120.69443759580965
0.001,0,182,original_screening,2026081001,250601779,b3c075819a3760907be3fd94f8e0f00ecb924ce5931d688c7663990561deb6b1,70,7,1,1,1,0,0,54,1,1,164.64211053066276
0.001,0,183,original_screening,2026081001,250601779,b44eafdf56a399a992c79fb206576af1ebff39ffc4b1ffad6da5fafa9b4b7870,44,4,1,1,1,0,0,27,1,1,105.47688329386816
0.001,0,184,original_screening,2026081001,250601779,cbfbdec664df6288bfce2ea853c37e4471c6d8409d0102efb406170c2441dabf,62,6,1,1,1,0,0,17,1,1,121.27399524816121
0.001,0,185,original_screening,2026081001,250601779,0720273b72949e3c67c313a9ec30b10c0a32e88140091f7bc06ea7fdb3c91c5b,90,6,1,1,1,0,0,38,1,1,181.85001735076332
0.001,0,186,original_screening,2026081001,250601779,df93a8596f7192c8b450ae7b4ee6aea473e3d74aced0e77792cc2b3b6281440e,36,8,1,1,1,0,0,11,1,1,69.44963395211741
0.001,0,187,original_screening,2026081001,250601779,6c2128ac8b8ca7f5588669ac613f37cc2be72096dc5ef782a1d247ff1c62ca99,88,8,1,1,1,0,0,35,1,1,241.04490355881154
0.001,0,188,original_screening,2026081001,250601779,77af361ffa865d7a32b591a309347b60a37ecb9cc155ac4c18c8df84a2b5f3c9,78,5,1,1,1,0,0,33,1,1,156.88022297790104
0.001,0,189,original_screening,2026081001,250601779,f8342ca7144b479ba5b9c817250eb426e96d0daa455b7d83d33da0c330070114,51,1,1,1,1,0,0,33,1,1,113.64114875734523
0.001,0,190,original_screening,2026081001,250601779,bfb989c0924c4e64672b48b07dd7706c703ddab8511ec8b67e964dc4c3832101,60,4,1,1,1,0,0,15,1,1,137.74857307524647
0.001,0,191,original_screening,2026081001,250601779,8d434201f56b7f7cf3240053ae84253f806c097e71cf0fd07a935dd980b9843a,83,1,1,1,1,0,0,58,1,1,156.35675582651592
0.001,0,192,original_screening,2026081001,250601779,bad4b0913988d8b1195048b66228b43d3e114fc0120802180be96d83e3e83eb2,79,4,1,1,1,0,0,45,1,1,205.74241366478077
0.001,0,193,original_screening,2026081001,250601779,208e2807702fbd597152fc902a9ca33fe3d0fadf89989d649dd99053c63d3453,57,7,1,1,1,0,0,12,1,1,120.01960534314625
0.001,0,194,original_screening,2026081001,250601779,87588b916b27b3bfd482cd04be7eff15ed57f6ccf168ef1e9877477b89477f4b,38,8,1,1,1,0,0,19,1,1,77.98697480446874
0.001,0,195,original_screening,2026081001,250601779,44492bbc26e2f36b59220136dd2d6703ab5f2445b2b6856b442e692dc4f7088d,68,7,1,1,1,0,0,36,1,1,143.4752668936728
0.001,0,196,original_screening,2026081001,250601779,443e41e5ebd4c25d5b841f7c60a2c1071ad7fb85616577b421ce579c2cf1f4de,73,6,1,1,1,0,0,39,1,1,221.22343218793168
0.001,0,197,original_screening,2026081001,250601779,ae24659ac10bcb36ba1b0eff2c263a16674f72544abce8bc5bf41b80713a2bae,65,7,1,1,1,0,0,120,2,1,157.72660862130166
0.001,0,198,original_screening,2026081001,250601779,c6af1a7d4974de7d9dc47a88798008639c5380ae46dae38980359abb90c3593b,86,4,1,1,1,0,0,22,1,1,151.3652379611745
0.001,0,199,original_screening,2026081001,250601779,eb7512bb33c1bd610d5efe43c6a7fc6608d2a5b9f7f424582c5e13fffb7cfc1a,30,1,1,1,1,0,0,21,1,1,70.61566816962107
0.001,0,200,original_screening,2026081001,250601779,a8b7dc7df147d7a0717b70c614d4ff6de6aa70bd47fd8942ba59d128c7ff9c2f,11,5,1,1,1,0,0,1,1,1,26.14841250735452
0.001,0,201,original_screening,2026081001,250601779,73e22d30989fb58a1788536b9b700dde2b29634a7d92e10da5c81e05095b23ac,77,6,1,1,1,0,0,134,2,1,196.94612384428007
0.001,0,202,original_screening,2026081001,250601779,303ab7cb1ed18e33b93d449609885f9d928f77c0e0609edeeeaab0fd5614011a,29,3,1,1,1,0,0,10,1,1,51.674450687224294
0.001,0,203,original_screening,2026081001,250601779,b0c3341f474202e23f60d8096c9f900d0291b5521cff5648127e49cc866d4473,45,3,1,1,1,0,0,21,1,1,106.56401201991115
0.001,0,204,original_screening,2026081001,250601779,96f201cb77a61172e19166951ee676dcad065b495c0f5badb9d7fc0361389895,101,5,1,1,1,0,0,30,1,1,172.29116171208736
0.001,0,205,original_screening,2026081001,250601779,8b1e45b2f25f31f782bb8ce4c73de38b14a736bcfb7ca6870e968ffade270571,69,7,1,1,1,0,0,29,1,1,133.2694720421058
0.001,0,206,original_screening,2026081001,250601779,879b607475fcfeab64f09baa88b1fb9085b308c159fec35f4bc2ec07d57d4c4f,87,6,1,1,1,0,0,16,1,1,171.04624833897063
0.001,0,207,original_screening,2026081001,250601779,37dd0a9460557b7ae80d3b948134d6979960448758bc39c07ab13fa65b437f0f,85,7,1,1,1,0,0,153,3,1,198.91502234757854
0.001,0,208,original_screening,2026081001,250601779,c87c053b366131c29f2b7286897199658aa4eb37c75352693f279aaf51b78978,73,6,1,1,1,0,0,26,1,1,131.78954906639723
0.001,0,209,original_screening,2026081001,250601779,600c688ad14424aeaf7af6d486d1bbaedd0e95a8c44ef7493aba0eed67a745ff,51,3,1,1,1,0,0,21,1,1,115.50471620677807
0.001,0,210,original_screening,2026081001,250601779,2c4351cbaf8139420c303c1742792ba190392513396efe47938c24abff1182d2,66,5,1,1,1,0,0,49,1,1,218.13637360636312
0.001,0,211,original_screening,2026081001,250601779,8ced7ed684c52b88e1c69772b603afa8985fdcc6e2bcc473f9f6a45fa9c09a57,57,6,1,1,1,0,0,22,1,1,114.71422476741793
0.001,0,212,original_screening,2026081001,250601779,09079e62d2e3b39d54ffecdde628a9f4fd51b92c271ad9e02f73d38feaaff428,92,8,1,1,1,0,0,75,1,1,164.60279688073683
0.001,0,213,original_screening,2026081001,250601779,49bd32d3728a0dc5bedd24da1a92f7308875a53158ff0f074aa88ce73665bf8e,78,8,1,1,1,0,0,30,1,1,154.85454717450554
0.001,0,214,original_screening,2026081001,250601779,8645e0b92eacf65d3fda7d550edccca28e3267c372be824e0a3a13fa58c73edb,34,5,1,1,1,0,0,21,1,1,88.22659004341388
0.001,0,215,original_screening,2026081001,250601779,e386b7e313d2a6133b035d83a6508b872744bde348f0911349066098ebc53d0d,64,1,1,1,1,0,0,26,1,1,118.58235013784537
0.001,0,216,original_screening,2026081001,250601779,c925a88923e4a8d6e565f28ed1191f00c85893d02d95ff58c83e2185a91fb361,56,6,1,1,1,0,0,14,1,1,130.6091047626631
0.001,0,217,original_screening,2026081001,250601779,fc94cb15df686955f12f34ae7c18cb3e1a228af062dcc021e0e0911aa2504da0,72,6,1,1,1,0,0,58,1,1,172.3893658785995
0.001,0,218,original_screening,2026081001,250601779,c0242716b429dfa2d5e1d42638676c648b7e26fac9954dfc1b8841cdca1d619c,57,11,1,1,1,0,0,18,1,1,137.57053540836915
0.001,0,219,original_screening,2026081001,250601779,8a102db37469a0a3f2e7cb9e50c016e9cff6e515628711f89bfac7c3c53a2ffa,78,9,1,1,1,0,0,36,1,1,193.0505911377537
0.001,0,220,original_screening,2026081001,250601779,622945dc1193c4aaee26de13989ed1d433095c9e32edcbfe0700ee7f0aa6dd13,70,5,1,1,1,0,0,14,1,1,123.36154221476485
0.001,0,221,original_screening,2026081001,250601779,fff9c0aa5a38f0570ad123949b674f2c941c797b10e6a0f4a74f7f47ddb020de,73,8,1,1,1,0,0,35,1,1,156.89451493052667
0.001,0,222,original_screening,2026081001,250601779,31763da2cf3ae0e7698b2389256faaa3055631bcc4cee69009ef7889c0ee7208,56,3,1,1,1,0,0,31,1,1,118.60885179617284
0.001,0,223,original_screening,2026081001,250601779,a43ec96acbbba72ded003198082a209d44781bcb94138614fa7f956451edc23d,63,6,1,1,1,0,0,35,1,1,184.40560791671956
0.001,0,224,original_screening,2026081001,250601779,9161e9acbc1b30ea7d2db7b60e0521bcb4b2a506eb44c107163f548c78251b29,86,7,1,1,1,0,0,36,1,1,176.73226000166702
0.001,0,225,original_screening,2026081001,250601779,90bfbd7db237e892bfe49106973dd812e6e542da67755042d494d4b93f8e6f36,75,4,1,1,1,0,0,40,1,1,170.81741691781576
0.001,0,226,original_screening,2026081001,250601779,3976c346ff86969912891b18b572e64a15b3701e19f0984fd5f14bbf5855f108,54,9,1,1,1,0,0,28,1,1,140.42234749723121
0.001,0,227,original_screening,2026081001,250601779,ccc33960c060aee066a8bfec4a233e02e5cc873da5516a625b19fef28f25701a,60,3,1,1,1,0,0,15,1,1,124.65947771818534
0.001,0,228,original_screening,2026081001,250601779,a13525e5b70217881de916924bf992bfde4368b676cb0ab631f9598e8e80e9a9,78,2,1,1,1,0,0,38,1,1,151.30396492894278
0.001,0,229,original_screening,2026081001,250601779,f9f385db0ee81e1fe0fa9b25d2a5fc83ecc6ef229bf55fddff1b425de5c074ba,52,4,1,1,1,0,0,113,2,1,106.32792588677611
0.001,0,230,original_screening,2026081001,250601779,fa7a795d14ec6819011c6bbb66fc1931e6656819c2ad3981f5e9b3ffbe36b6a3,64,6,1,1,1,0,0,40,1,1,112.29908071902295
0.001,0,231,original_screening,2026081001,250601779,5c12c6607b4f18914973f20ef2bb66439aa169ee9ab41a00b53f73eb5a25bd30,63,5,1,1,1,0,0,13,1,1,125.60750079335783
0.001,0,232,original_screening,2026081001,250601779,cb0dac0b28e1e920a6823b4fa81c01447674fc639b49e3cdeacb6a85a1aa5270,68,6,1,1,1,0,0,35,1,1,147.66539285835412
0.001,0,233,original_screening,2026081001,250601779,37b9eab12421e5d538d19170df1698548ca6ae28d8960b0cdad0be1261d9a273,64,3,1,1,1,0,0,27,1,1,162.77013160045396
0.001,0,234,original_screening,2026081001,250601779,ed71ba3fcf5f152b05208f191217e35c0823ac26974161e141a98aae1c9afde0,47,3,1,1,1,0,0,20,1,1,96.16135962198156
0.001,0,235,original_screening,2026081001,250601779,e593b04f6617679bdf5417f966e1448f7ba112f599cc893fe98b3ac9a363e078,44,6,1,1,1,0,0,14,1,1,156.03545760792167
0.001,0,236,original_screening,2026081001,250601779,ca3fb518f52bc21ee92579816c532ec9a469e53bd7709a913d83c219035f61bf,76,6,1,1,1,0,0,59,1,1,155.4633850601963
0.001,0,237,original_screening,2026081001,250601779,582f8a7da662d79e411d69b838e7eaf6ea616800e437c598b8e0c0bcfd2dd3c5,57,9,1,1,1,0,0,33,1,1,100.00424694573962
0.001,0,238,original_screening,2026081001,250601779,936d91b0a54392bc82a4dec6f3a133a0f5d773f4d19a8ee940d3d9ea7e938181,87,3,1,1,1,0,0,24,1,1,162.30549783197938
0.001,0,239,original_screening,2026081001,250601779,74c3f553b752e0fc1d004bfc33778c5d1125b69944ea95c0abf9d88a1560ae84,65,4,1,1,1,0,0,47,1,1,130.81162043989733
0.001,0,240,original_screening,2026081001,250601779,09449fd721242227a58aea6098a19273cdcfe66e38c513d8f75d978c15480bf7,65,4,1,1,1,0,0,27,1,1,140.78533009418734
0.001,0,241,original_screening,2026081001,250601779,4cb13c88a60c75e3c927c1d3250e4b702fafe7675f83de0c1b89d08703289f07,62,6,1,1,1,0,0,20,1,1,125.46151282948176
0.001,0,242,original_screening,2026081001,250601779,145fe6aae6c2140a975d55f5d461ea28c61b42c21c4340684100134b11966d15,69,3,1,1,1,0,0,101,2,1,146.9458036362882
0.001,0,243,original_screening,2026081001,250601779,1565eb7a298921c79c5b87493e46f942e0b263dffd674fcb2e1856375a1fc50f,81,7,1,1,1,0,0,61,1,1,169.27480487415966
0.001,0,244,original_screening,2026081001,250601779,d1d813fb82330af5697dd146e2736031091e0ff4ea05a0721c204e1970c7ab97,94,5,1,1,1,0,0,32,1,1,180.92650961706545
0.001,0,245,original_screening,2026081001,250601779,b841ecbfe34dab736a717008f003a5b821f85354ed8515f89a1aaefbffb4c700,67,4,1,1,1,0,0,24,1,1,144.41509404728208
0.001,0,246,original_screening,2026081001,250601779,e4fd2dbdde051aadf9e7b3bb8ea2c326f62930333137bb249d1b16df1b57624b,105,6,1,1,1,0,0,72,1,1,217.96413142410807
0.001,0,247,original_screening,2026081001,250601779,11ac7c56c273cb3758abffcdb92807f373f91dc94098e3e60a34369f9bc9e3d4,60,9,1,1,1,0,0,49,1,1,194.01473166842183
0.001,0,248,original_screening,2026081001,250601779,594d7d389334ac20f64014825ccc97419dde9b8925c3b084f25ea763293ae468,64,7,1,1,1,0,0,24,1,1,193.8209941905372
0.001,0,249,original_screening,2026081001,250601779,c65b9e18abfe7f738644190e3854ca5b1828536f6ff73402bb9c21a3a3993eba,59,3,1,1,1,0,0,13,1,1,118.19996010484674
0.001,0,250,original_screening,2026081001,250601779,945926221cc99de136fd37e397f913ab92ddcf026e95aad927c72f5688d6f972,39,5,1,1,1,0,0,17,1,1,88.04428969608063
0.001,0,251,original_screening,2026081001,250601779,a494d113b791317b8ea8393539fc4dd690cfb5ec1536391f96ea6d2fd08fbca4,55,6,1,1,1,0,0,16,1,1,142.4187194534856
0.001,0,252,original_screening,2026081001,250601779,0170ac2d957c5589393f55ef6dc0ab9178faedf080402324a5cc2bd72d3693bb,66,7,1,1,1,0,0,25,1,1,138.277476287122
0.001,0,253,original_screening,2026081001,250601779,b310db0e946cfddaf9ad4b96299f16f5c8c17fe7d2a4b4575d6d9a568d843528,79,6,1,1,1,0,0,109,2,1,182.02006273719138
0.001,0,254,original_screening,2026081001,250601779,bc45715a42e5e3700719c1e85f1dde1b826617eb9b05fd327026f8fc895b0fe2,46,4,1,1,1,0,0,26,1,1,103.23474148705698
0.001,0,255,original_screening,2026081001,250601779,12d408f195fd19de1ea71d863b88d5794fcaea238726ef2b6f9d040665297219,65,6,1,1,1,0,0,48,1,1,156.5810418246025
0.001,1,0,expanded,202608130001,250701780,7696b437bbeeec98c5491278cf43cd0e9cd02ca54c7b6ff617ec9dc6a2dfa65a,43,7,1,1,1,0,0,14,1,1,103.2891838473098
0.001,1,1,expanded,202608130001,250701780,31e857d663fc547c97781ddc878ba4f32969cdbf12c5dee2c371332fae2c47cb,56,3,1,1,1,0,0,18,1,1,123.373949183696
0.001,1,2,expanded,202608130001,250701780,4fde348ff2a93f3021fd4f401286877fa797226a034c2cd1e2cfeced7d05fe07,46,6,1,1,1,0,0,67,1,1,104.73401213780295
0.001,1,3,expanded,202608130001,250701780,8a873c325870bd6e3d83c769a7da11dcb46ace58954bbcd0ecdc5e902a9738bc,82,4,1,1,1,0,0,23,1,1,157.5219781777522
0.001,1,4,expanded,202608130001,250701780,1a6286853926626544272c4aa4cd3ba2726c8ba7a8842dc6475accf9f067c747,72,5,1,1,1,0,0,22,1,1,155.93526235092594
0.001,1,5,expanded,202608130001,250701780,e12d7395c223687dab16e0226f908ae8b7470ab35b45d710e2041be286b60f26,95,8,1,1,1,0,0,44,1,1,177.8317006262914
0.001,1,6,expanded,202608130001,250701780,7a55c67204d10471feff6cb5980feb3993176bc1085c81276d123c4928af1f64,91,6,1,1,1,0,0,31,1,1,190.36454549897758
0.001,1,7,expanded,202608130001,250701780,80b92ea1e8fa2ea194b6cae6508e12438c7db04ecaa488b8edf2d1c5e609c159,68,4,1,1,1,0,0,15,1,1,136.17722377372618
0.001,1,8,expanded,202608130001,250701780,aa55610c29073756fc486a7906af6dd9b02091d4f2decdd16e39c4cfdff51b14,51,7,1,1,1,0,0,21,1,1,195.180736470924
0.001,1,9,expanded,202608130001,250701780,0dc9dda4946195e50ff4861c9d65c6fd09956a488c636d0641702b3046516c41,62,5,1,1,1,0,0,15,1,1,156.08999597961412
0.001,1,10,expanded,202608130001,250701780,f44a326e78186443c7cd065847fe61af1b4a11b7a2d7212566dc099927e3fcdd,46,5,1,1,1,0,0,10,1,1,146.78945278894471
0.001,1,11,expanded,202608130001,250701780,068f8a0c3f5e3bc440747b0b4276fe8b18d2d274b76e959ea5babbe4f66cad59,61,7,1,1,1,0,0,35,1,1,172.15742847502918
0.001,1,12,expanded,202608130001,250701780,f0de8ba3a02242b1e9bee19aa45cee25222b33539a0b37e89495726012b31daf,66,8,1,1,1,0,0,41,1,1,110.71571239353412
0.001,1,13,expanded,202608130001,250701780,a9d2cb3320af6b9b6b40344d196a91e63270af71ed56e61a8615a911f672e8b9,94,7,1,1,1,0,0,33,1,1,183.48084137527698
0.001,1,14,expanded,202608130001,250701780,c6f6bdce43471cb924bfaf08b5ea55a0e38bcec72e914b53818a7abb4a6a602b,64,4,1,1,1,0,0,100,2,1,142.9173690110421
0.001,1,15,expanded,202608130001,250701780,485080640547be23bca8077220c8a26934c002cf4f2a842f81e7708fc523ec07,63,3,1,1,1,0,0,27,1,1,122.63193793123838
0.001,1,16,expanded,202608130001,250701780,c2642506359ad42fd7cd2558a5ce5db51a62f38c52cd9ee3635a7ead98ca4f0d,70,5,1,1,1,0,0,16,1,1,142.05405502782432
0.001,1,17,expanded,202608130001,250701780,1066f4ddadbca868537844043a90c1e673bbf58db181a8c33de0767c5d72ee96,47,7,1,1,1,0,0,23,1,1,129.62639886925564
0.001,1,18,expanded,202608130001,250701780,77a5afef8466857f62e8cc9b7f9af0fbded223a7217f1483ffca946a31c49e79,68,8,1,1,1,0,0,61,1,1,177.78615180323916
0.001,1,19,expanded,202608130001,250701780,a642f3c3e62bb3560e13e1aaa6e1d1e7d6121529c83f21d2d5f5a18f1c21f848,29,5,1,1,1,0,0,15,1,1,65.11113496800246
0.001,1,20,expanded,202608130001,250701780,9535ec3b7f670daefb27223933d387fdccc2f06b0ec47c0070e24f8338eb0c1b,97,9,1,1,1,0,0,58,1,1,197.21059504041745
0.001,1,21,expanded,202608130001,250701780,85f58ec655138887a53dae34518c13b58a7ee23c5b6fe2057bf667153742d987,43,8,1,1,1,0,0,9,1,1,79.96671968756621
0.001,1,22,expanded,202608130001,250701780,de5f2b8c203c3927df37e9effd2beff772ceb1a1ef819ef56424aeda90e7fb97,98,9,1,1,1,0,0,44,1,1,170.18773466458504
0.001,1,23,expanded,202608130001,250701780,2679f31d3531e721b99391e5b1d27f6b48e27cf1734c435c322bbecd1e63ef9f,85,6,1,1,1,0,0,43,1,1,167.80743919762713
0.001,1,24,expanded,202608130001,250701780,f04f0dc428e171269bd0f939ed7bb1bc1777243f31a9ff8c5fd92f5f02bd40cd,73,4,1,1,1,0,0,225,4,1,183.36733167201055
0.001,1,25,expanded,202608130001,250701780,fd20f02818e73a8290c5cc0b86e7b43fb4fec7d3cfa4ee9e0185b6bc3e326f7d,64,8,1,1,1,0,0,58,1,1,132.8586799140573
0.001,1,26,expanded,202608130001,250701780,cd1867e464e9b647070d3b243a3fd15458634a352450b926418dc3e593f74769,45,5,1,1,1,0,0,16,1,1,107.95617346271155
0.001,1,27,expanded,202608130001,250701780,3a60b3d76352b0f455f29b8f5e011ecdbff7521f5e6962dae8ddfd0f8badc892,48,5,1,1,1,0,0,27,1,1,104.38447009022674
0.001,1,28,expanded,202608130001,250701780,67e2829ef209b2d32f3f110644c76fdb38ece2e31321b9e10906a11130488427,62,9,1,1,1,0,0,41,1,1,148.47206015098698
0.001,1,29,expanded,202608130001,250701780,36fbc92427b06f0d7fc3351f0762a80bdabb9a2db7b9299a88bca6180363f609,96,3,1,1,1,0,0,48,1,1,166.56714909673354
0.001,1,30,expanded,202608130001,250701780,2a85df92ee3255ae5b88a19ebae2659dcb2146f3b05c07ec62e59ae044e202d7,57,6,1,1,1,0,0,16,1,1,135.6064116933943
0.001,1,31,expanded,202608130001,250701780,76491c5c1f8d4d6a4bbbbc8662da8078ff386eb3252f2b1b4f468d86c31e41b7,74,8,1,1,1,0,0,19,1,1,151.19088315273922
0.001,1,32,expanded,202608130001,250701780,8f475288a1667b44e269e7ff5bed4fcb9934c5787b8d3c6c2e54d3a224268a45,61,4,1,1,1,0,0,60,1,1,115.75170216629978
0.001,1,33,expanded,202608130001,250701780,7a237e87cdb3bbb1a1d5f1afc6426fb37a7cb1f9db35046c592ad4c21ef01fd8,45,5,1,1,1,0,0,33,1,1,124.02077608586309
0.001,1,34,expanded,202608130001,250701780,f307570185ac268f6142f225b7bc6cfede22d2c9c0e2d568bbfb4b1235e0b961,66,8,1,1,1,0,0,7,1,1,132.58526131294806
0.001,1,35,expanded,202608130001,250701780,b3673ef94303952d44300a582655e597e45ad40cd1f5f1b6974e2aa6ec6c94bf,66,5,1,1,1,0,0,35,1,1,192.05057196614206
0.001,1,36,expanded,202608130001,250701780,c2ba29f45beaaeea825fbaa8ee669958988778f2c375f3a6f4c8e80d62571180,62,6,1,1,1,0,0,22,1,1,122.50174638308252
0.001,1,37,expanded,202608130001,250701780,8e5ac5c26a961cacec87757830431bdce571cd4106bf7edfa95f034534d52020,67,4,1,1,1,0,0,19,1,1,126.95347757853597
0.001,1,38,expanded,202608130001,250701780,8edb73764bffcd353723e67273ec41c2539b079232442ada360fabe325bf8f0f,56,3,1,1,1,0,0,14,1,1,129.4318775850784
0.001,1,39,expanded,202608130001,250701780,7d15241d07e84df511b1e36fa1b0d2a5a2ba1d0d4c848d4340c021de3cbaab84,69,8,1,1,1,0,0,34,1,1,135.0587967464284
0.001,1,40,expanded,202608130001,250701780,75e11b45207333c3d0aaa7150bcef1afab8c09d42fdefc6576eebb6ff17ed168,73,9,1,1,1,0,0,15,1,1,138.93586471147336
0.001,1,41,expanded,202608130001,250701780,ef2b0a331e355efd1c4bc91b94cd6af06b2abac1cde1d45115263486530b79eb,83,6,1,1,1,0,0,24,1,1,191.92835056309775
0.001,1,42,expanded,202608130001,250701780,0a60b7a214b10ea06b1f7725800d51455f9787daa0e7baa2a0b90756e950d510,67,7,1,1,1,0,0,60,1,1,133.9543689700176
0.001,1,43,expanded,202608130001,250701780,eb9349b3af7814705727fa1ef1365278ca6615080c8521eab998edbde095ad9a,88,7,1,1,1,0,0,53,1,1,234.5326472326321
0.001,1,44,expanded,202608130001,250701780,4aac5de1359e32efe3cdccd30a3b615ebf6584476b8eeaa4b04d64cebed82e5d,57,5,1,1,1,0,0,17,1,1,117.48613175511852
0.001,1,45,expanded,202608130001,250701780,c172a1209e01d24e38fba3b817a4f0b1eeaa8929f65d60af2552ba120332209c,49,9,1,1,1,0,0,27,1,1,107.06595231333345
0.001,1,46,expanded,202608130001,250701780,8708585ad670d87368398c540c8a5c12eb78254fe811a9f7773aa52a09646e9b,52,7,1,1,1,0,0,20,1,1,101.65731329366189
0.001,1,47,expanded,202608130001,250701780,6fd4630305c189d39ce5c74275db78440509f4071ca6abfa60d6b8b4b44ba38d,65,4,1,1,1,0,0,13,1,1,135.45518650373222
0.001,1,48,expanded,202608130001,250701780,b84a1581f251432723b01551528d835717a9b3286fe54254ad87149355953ea6,43,6,1,1,1,0,0,38,1,1,90.69917494548915
0.001,1,49,expanded,202608130001,250701780,4c162231b5652faaa8448e417d121b780165e631d0e00a63ad9902b4dcb6230e,69,6,1,1,1,0,0,28,1,1,138.42947364988657
0.001,1,50,expanded,202608130001,250701780,ae41a8a8e19d6288a717e31de23ead716f19f1c1a4184df1076ea788ce6408ef,44,3,1,1,1,0,0,34,1,1,105.1712298812875
0.001,1,51,expanded,202608130001,250701780,c04c7457d0f47f7efe7c37e06c2700045c3c899f1150ce840d8249891699e8f2,60,6,1,1,1,0,0,44,1,1,137.56754177650004
0.001,1,52,expanded,202608130001,250701780,8d377bf57ee370e4e6409dc5eb74dd74232a5c5ae64d319dd52280aba8b4285b,56,4,1,1,1,0,0,27,1,1,133.92958883888656
0.001,1,53,expanded,202608130001,250701780,a56e03b929202db994ba374c96d0e7a20ecf22d7ad9374eeadd56e8eacf8e73f,56,4,1,1,1,0,0,18,1,1,113.84021505252504
0.001,1,54,expanded,202608130001,250701780,b17c0e4a86b21ad3e01394833b79fcae37249c16d2717e51bbdd789d796caef5,60,4,1,1,1,0,0,18,1,1,116.53276291413442
0.001,1,55,expanded,202608130001,250701780,4036dd772228943342b1ef0a1bad6f858433a44c000c3e0b61804fe598699070,72,7,1,1,1,0,0,39,1,1,156.8910874702412
0.001,1,56,expanded,202608130001,250701780,da0272f873d53e28920cd8bb6e4f49ba6ba4a0c87cdecc4c1d6fb478d500dc5c,60,9,1,1,1,0,0,61,1,1,102.43714757847049
0.001,1,57,expanded,202608130001,250701780,ab7391efbf8eb22f43d4a029474e7f5df949f917ca707ede7eee66910977d220,80,7,1,1,1,0,0,111,2,1,171.3920230726831
0.001,1,58,expanded,202608130001,250701780,babadea63d96a101bc92b7759c01e35a093dc28782d7a9412d7d2e928bbae6c1,42,8,1,1,1,0,0,15,1,1,88.38611703665306
0.001,1,59,expanded,202608130001,250701780,b70a5edb8a231ba1ba2c3b4d7764da37bae982f48640dfac30fbcee81fee75fd,65,5,1,1,1,0,0,18,1,1,148.9049792041152
0.001,1,60,expanded,202608130001,250701780,7a810f42fb93d7c1176d9f56a2f50ad1a1645d70975386d6aac23ce71c430c0d,50,4,1,1,1,0,0,19,1,1,95.05657488442299
0.001,1,61,expanded,202608130001,250701780,0a02107949ffcb39cc7b62d29619c0050f686a3289b208432c0e67fe85d8334c,57,3,1,1,1,0,0,43,1,1,119.94605317929533
0.001,1,62,expanded,202608130001,250701780,c6da25845453598de1f86c316327d613a56ee8c84f2565025426e888ee50682a,78,3,1,1,1,0,0,19,1,1,132.86016920679953
0.001,1,63,expanded,202608130001,250701780,662dc158918e5bd612b2e8dce151feb3dc9dc14e154315c602063844acb5147e,49,3,1,1,1,0,0,18,1,1,124.75863633683835
0.001,1,64,expanded,202608130001,250701780,72146c365a24dc46ffb79ee124a8721720597bea7c899874520374f7c10d3cb7,80,3,1,1,1,0,0,104,2,1,164.07199432229046
0.001,1,65,expanded,202608130001,250701780,5c19d929124a8db2b1c89429396b94b80f807d3df09220dbbdfbca83206088d6,55,6,1,1,1,0,0,35,1,1,141.03186824155586
0.001,1,66,expanded,202608130001,250701780,66ba79d4a787ff5fc920e6bec06c5adab5f0ea9ec12f1445ed0ea6a83b809830,108,5,1,1,1,0,0,31,1,1,270.06803427102045
0.001,1,67,expanded,202608130001,250701780,4f7a6d7873bb2109a23842a3ac49941b210e6c57eab1e430f6e04b34d6d363a0,49,4,1,1,1,0,0,23,1,1,111.48527139565282
0.001,1,68,expanded,202608130001,250701780,0f42cfd70611e488d5c1c56273ab7da6bbef8c135b1df65e64d80e3658961b6a,63,6,1,1,1,0,0,19,1,1,140.62216177700788
0.001,1,69,expanded,202608130001,250701780,16a6074d7b3c5e88c486d528396d357cd5b3ab78941ebbf18e4d392dabdfa04e,54,7,1,1,1,0,0,36,1,1,112.3930064376083
0.001,1,70,expanded,202608130001,250701780,0e995efb1d11dd4046876275ae4972148ae37ddacf978676666a3ad3557515a8,50,4,1,1,1,0,0,33,1,1,120.66053584555735
0.001,1,71,expanded,202608130001,250701780,6a39115ae15d4af39d2d04bc46c9977380278f8e0cfea0bd59133579cc5f7065,76,4,1,1,1,0,0,59,1,1,150.42050205842784
0.001,1,72,expanded,202608130001,250701780,8074fd8fcee8bc96cde2bd603bf90a284d77b0f68e4ff1a6095d08174870174e,46,3,1,1,1,0,0,97,2,1,99.4877837368658
0.001,1,73,expanded,202608130001,250701780,00ac2d9f434efedcf3a45771e90502fdb205150691ced549146a73151c67a855,94,6,1,1,1,0,0,44,1,1,182.0995312012994
0.001,1,74,expanded,202608130001,250701780,55798a1fbe066ec043cf7685d753e3e26e46c4803a81e3f9b51c28979ae8bd43,54,4,1,1,1,0,0,45,1,1,110.8497641323987
0.001,1,75,expanded,202608130001,250701780,0a94d82e596621369f25918e4b71e261e1ed18f54804bb58d8d9e8242af3e1e4,71,6,1,1,1,0,0,43,1,1,111.30028016592506
0.001,1,76,expanded,202608130001,250701780,42feaa30b01583b196764c4f41fa27f916a75a498b672082b750095b994b9f05,82,7,1,1,1,0,0,21,1,1,216.9934160594445
0.001,1,77,expanded,202608130001,250701780,ab32a854a4127437920be5673c3ed7e17884dc1bc3e414fda998a1ab05f97560,67,6,1,1,1,0,0,22,1,1,130.94837446524335
0.001,1,78,expanded,202608130001,250701780,3fc063ce3d513eba31b37b209d65ddba0096164fdf6d7c4adb6af32ea14166ff,59,7,1,1,1,0,0,19,1,1,143.30057403241733
0.001,1,79,expanded,202608130001,250701780,63a93ac636660e7cb8370699b6dee6f03da5cec425517c0f4759bb976b2cb92e,86,7,1,1,1,0,0,30,1,1,184.9388662736493
0.001,1,80,expanded,202608130001,250701780,e68ed6734f195da65ec9f8eb704c5140cb2b21f3fb99d90b9270df76c440486f,68,6,1,1,1,0,0,19,1,1,138.12547453771737
0.001,1,81,expanded,202608130001,250701780,f368a2594db9cd7b7de484acab4cc3b4ebfa16b879d4e10ca536840f34298978,43,1,1,1,1,0,0,15,1,1,98.78181746719574
0.001,1,82,expanded,202608130001,250701780,62d4b63b660ba3c247034710da03a3b13a1c25e52fd64545b4fe4799882d7055,93,7,1,1,1,0,0,26,1,1,225.32977412352392
0.001,1,83,expanded,202608130001,250701780,4dcdb7d93aacce5f04c4ab9454fb3d8d0073bbd3df2f1cd4807292be5d66679c,99,6,1,1,1,0,0,58,1,1,187.1213895143528
0.001,1,84,expanded,202608130001,250701780,d227c7bc721c8545548930d0719593142f5db1f7e56b5143a071d9ac1519d5ea,79,7,1,1,1,0,0,15,1,1,222.25042050374503
0.001,1,85,expanded,202608130001,250701780,340fedefd88805756299e9a091b9b1c1407494651a1b426c306a241b45540f77,68,7,1,1,1,0,0,23,1,1,200.1045523937866
0.001,1,86,expanded,202608130001,250701780,92c2208b68d670891bf80eb597aa06523f9d23cddfa5f0ea9d4cb1e213d640f4,40,8,1,1,1,0,0,13,1,1,66.12235667037459
0.001,1,87,expanded,202608130001,250701780,103e6a47b8564ac26ea83cb1a8dede456094c7c87fa8ec8a245c3310a4351f45,77,6,1,1,1,0,0,33,1,1,146.21730794045504
0.001,1,88,expanded,202608130001,250701780,0b44e9ca83bbe9c70fa64e837515b7da67ba38bbfbdd18fe08b137d0aa74d4aa,55,2,1,1,1,0,0,17,1,1,116.16128601698027
0.001,1,89,expanded,202608130001,250701780,b71aa3468c8edf0e3b354a03dc1a81b67ed65261e730ba36cb3699720ceb84c6,80,6,1,1,1,0,0,152,3,1,191.44614421812523
0.001,1,90,expanded,202608130001,250701780,6bfc4dc52a900ea63195f4c7010e36dac94565a9b2dc7c4ee1424ddd92f166e9,92,5,1,1,1,0,0,106,2,1,226.8266023228562
0.001,1,91,expanded,202608130001,250701780,3afb8901ac4ebc138918210542eb808f40e5a5fc753ae0933a9e346e0bff97fe,50,5,1,1,1,0,0,17,1,1,121.82220434973016
0.001,1,92,expanded,202608130001,250701780,7757cc2a90a6d6455cdd956a5dfddae894692a391d19d4b99a1f8a9b0ead2bcc,80,6,1,1,1,0,0,20,1,1,169.88870072284305
0.001,1,93,expanded,202608130001,250701780,feb2d14f71dce7ebf27e7aeb6002ef4a4399c73925039a6266de7448576f4bb9,68,5,1,1,1,0,0,48,1,1,143.77910511106901
0.001,1,94,expanded,202608130001,250701780,8da1ad547f4bb8a98680474cefb78014be0c062ab8291f030b2c4df553806386,54,6,1,1,1,0,0,37,1,1,113.46641068291315
0.001,1,95,expanded,202608130001,250701780,42aa37bf46fa0209edef0bb8789b3b78dc2f579eda9cd560163bc60ed02df22c,59,6,1,1,1,0,0,46,1,1,117.87123169575891
0.001,1,96,expanded,202608130001,250701780,9945fe18bd9abdcafa2ff6dd2d3b174c4323b36ff2916779390e52c075fad2aa,80,5,1,1,1,0,0,37,1,1,168.07049666666725
0.001,1,97,expanded,202608130001,250701780,4bfa74bdad0054a1717baf65348a2ae4ebffaa5aada5f25ad72c9a2bfacfcf41,69,3,1,1,1,0,0,17,1,1,188.70634849458747
0.001,1,98,expanded,202608130001,250701780,f29d306654ffc3b06cd1373cb1d74cff44c2cb6634a901551f52681c4355234b,78,4,1,1,1,0,0,32,1,1,153.31375768505137
0.001,1,99,expanded,202608130001,250701780,f74084a550cb090ca8c7799d22ccb34a754421571f2b2ccfbe0d5ba99a8cdddf,108,4,1,1,1,0,0,57,1,1,203.13018751950426
0.001,1,100,expanded,202608130001,250701780,679f9e9c9c30e9a2199eec6c557eaafe5016a210426d38db0e68b7e1018c6463,105,6,1,1,1,0,0,71,1,1,196.95033095503555
0.001,1,101,expanded,202608130001,250701780,dffda1319c1369ae0b66f83386d2b5e08132dc7bb2aaa92599ad0ec88595376c,65,6,1,1,1,0,0,31,1,1,165.25033018809256
0.001,1,102,expanded,202608130001,250701780,8841ff801275f7409156ebd3df2f97a97012db9ef167f12fbff3d4c69c506eda,49,3,1,1,1,0,0,27,1,1,100.87467060520606
0.001,1,103,expanded,202608130001,250701780,97462eb838e232ea41a4809221507ca8b9a91f78cf65fc5b8a4c10848c921b2b,55,5,1,1,1,0,0,13,1,1,130.4623803581202
0.001,1,104,expanded,202608130001,250701780,cd4bb3fcb79e54fdafbda0ec531ed771c925686230ed97be36d7c42a94cf271d,75,5,1,1,1,0,0,25,1,1,164.05600874146677
0.001,1,105,expanded,202608130001,250701780,974aaf4e95c616d26a24ef62443505865ef1e49fd55f582c9abacb3fc704586d,46,3,1,1,1,0,0,29,1,1,108.80447321466634
0.001,1,106,expanded,202608130001,250701780,3aa9e5d5a5effbcef405f8095f7c08e4cc0ea74707b2a643d72769ea4c38799f,72,8,1,1,1,0,0,59,1,1,158.75221023212873
0.001,1,107,expanded,202608130001,250701780,8774ad128bd8aa3338a4b105f80a58fb05b503782759a19ba15ba145ade0068a,8,0,1,1,1,0,0,1,1,1,24.36918343475952
0.001,1,108,expanded,202608130001,250701780,f625786cb6c863875f46734a65d5b1927e3194ec79497f28d54aba8b954dd221,48,7,1,1,1,0,0,16,1,1,91.36453744522186
0.001,1,109,expanded,202608130001,250701780,a3ea5fae25ce3cf3d1f54701710e9683086126d590bd3ef03f09112e19cdc99b,40,3,1,1,1,0,0,32,1,1,161.14970639904493
0.001,1,110,expanded,202608130001,250701780,6a544dbc3afceccd1ee50a059274a71fc1f264e052f8ae8f436b1316f38bdc9e,85,6,1,1,1,0,0,30,1,1,148.65741793767143
0.001,1,111,expanded,202608130001,250701780,0eea0e14451ec8f03991ab20fdfaa3268e2a6d19993a2fa610c482ea81cdaec8,68,4,1,1,1,0,0,25,1,1,170.74528693572918
0.001,1,112,expanded,202608130001,250701780,032c7c9de4e0a3dfe09652963c15c6979a26991e883af7f97067e3ee24dc690d,117,7,1,1,1,0,0,41,1,1,220.56773886932973
0.001,1,113,expanded,202608130001,250701780,d4aad092bd313a252c918e3c7693494015b56be9cd63db6409abff57dc5a6693,53,8,1,1,1,0,0,64,1,1,98.09865123285375
0.001,1,114,expanded,202608130001,250701780,198a2bdeb7574d48cbc8b3b8e53441434bb61b846ae88a2038eadbd77fa6cb06,86,4,1,1,1,0,0,40,1,1,176.71532199601558
0.001,1,115,expanded,202608130001,250701780,b83797fe58aafff9e7771ad38dd8838b85daf67348ae9b4d75ad3c0edc2e11d8,80,7,1,1,1,0,0,27,1,1,186.67816610253584
0.001,1,116,expanded,202608130001,250701780,a070b0159d9dd0b4d48c84eaddb197c993b748fb22f9bd0fbbfc504d063930a2,87,8,1,1,1,0,0,38,1,1,208.16688286433643
0.001,1,117,expanded,202608130001,250701780,e3b7671f6375c44c4ffb0d8a82b763ddb8a14830a6d6b1009c431a2a590db9cd,40,7,1,1,1,0,0,19,1,1,96.2376216311856
0.001,1,118,expanded,202608130001,250701780,766fc31fd9490ddadbed6e98b48aad4d97d4afda9f1397b735459034480edc2c,58,5,1,1,1,0,0,16,1,1,124.74783656698634
0.001,1,119,expanded,202608130001,250701780,0c85e98dfb9da5999c4174e271adbbcc2efa1fdeebb58374f05d28b14d076a95,46,4,1,1,1,0,0,11,1,1,86.24605072294355
0.001,1,120,expanded,202608130001,250701780,ede762a6c91b54d060c911e648da07ea24e5d1535aba2a76bdce4d351fd38081,59,8,1,1,1,0,0,24,1,1,119.80832198695015
0.001,1,121,expanded,202608130001,250701780,71d6c69b5b359f5242397c5ec54e179c81c1bea4dc801da197b9fb1f5a8a1ac6,44,5,1,1,1,0,0,19,1,1,92.05852332470548
0.001,1,122,expanded,202608130001,250701780,1ffdf92c4da707daa6b22e50c93450233c81bc56100257f1061be7bd96d135df,45,4,1,1,1,0,0,48,1,1,90.69360491441503
0.001,1,123,expanded,202608130001,250701780,7a5bab70278420bd88ca87af73f948754a598ab69835f70277388948aaec5981,56,3,1,1,1,0,0,21,1,1,121.98608317621935
0.001,1,124,expanded,202608130001,250701780,00b67c700be272069e1f778d794bf4ae33bc49028ffb4399d7b93b0b6f30a784,82,6,1,1,1,0,0,34,1,1,147.84767162325835
0.001,1,125,expanded,202608130001,250701780,f3bd62750b28e7027965d6a853a45d96cfca7f09a82ce32310f07675d5a86d3a,83,3,1,1,1,0,0,42,1,1,164.32891925337316
0.001,1,126,expanded,202608130001,250701780,5ff3821b2c8b9c16a212874d13271c565164bd72e9462bf2d53abd47d912fe67,69,5,1,1,1,0,0,31,1,1,137.0283515892495
0.001,1,127,expanded,202608130001,250701780,e05b889ac7098d941f2f848b829881aaa976230416b7e09b9e9a9895445a9d08,53,9,1,1,1,0,0,99,2,1,116.16777387456946
0.001,1,128,expanded,202608130001,250701780,7b157337fb016d535c125838925b992f86f3cb9cad2af18e173e74abfb513843,77,5,1,1,1,0,0,34,1,1,132.85903113612898
0.001,1,129,expanded,202608130001,250701780,c799e2e224ec4d51957d6d37ac1e35260ec11d2b67cf0ad47a7a85952ace3b79,61,6,1,1,1,0,0,28,1,1,131.23629950878615
0.001,1,130,expanded,202608130001,250701780,f459210849667b89eb12d7677fa1432f04f9d6457ff6f97c44da9d6e5dff57da,73,6,1,1,1,0,0,28,1,1,147.46696065726437
0.001,1,131,expanded,202608130001,250701780,1c633efd8b91db401cee4fa2ab0c98026c25bbf07f1d5e4d8335e1b186bb6728,57,7,1,1,1,0,0,73,1,1,109.66592328804512
0.001,1,132,expanded,202608130001,250701780,5ff6e5b1bf75b4f3a7fc55484be158c592f583cece704e97b36735e9ec7ff718,72,2,1,1,1,0,0,39,1,1,179.44422542315846
0.001,1,133,expanded,202608130001,250701780,7858ae5586371908d598f0f4395bd9abceeccf0ab8ad49acf342ea471ddf51d7,73,4,1,1,1,0,0,34,1,1,206.18168302863577
0.001,1,134,expanded,202608130001,250701780,cf9f7c9fd9b9b1d3fe4dde34f800e7624b61c40a8a80dbf0d8a11140264f0506,68,3,1,1,1,0,0,77,1,1,136.1892842752653
0.001,1,135,expanded,202608130001,250701780,1120b8fec3db513167bf8eb587514b25abef4a044e46b1766bbc85039d1bee3a,26,3,1,1,1,0,0,9,1,1,52.44941163747078
0.001,1,136,expanded,202608130001,250701780,062e0376be6f93c9f23948decb3d8a53527d521b02ef44e0947902013f4b33cf,62,6,1,1,1,0,0,52,1,1,137.4898634359832
0.001,1,137,expanded,202608130001,250701780,d65605bfc4b1b71f671071d9b5912bb84fd9521d548bae515711b6f244b1129a,47,2,1,1,1,0,0,14,1,1,93.32846980407331
0.001,1,138,expanded,202608130001,250701780,8efec8df517e04fd73af409e80943218abed3d1a8c4b2c25897d751503accc20,53,10,1,1,1,0,0,37,1,1,107.85019758892217
0.001,1,139,expanded,202608130001,250701780,1795a3da90fb26373591818378ea98e5c872dae805b99cfbce332223d930c594,61,5,1,1,1,0,0,38,1,1,128.971300762456
0.001,1,140,expanded,202608130001,250701780,cb8746642052bc18d84d96f4986be324a42c5e526963a5962af84b17ac6e107b,63,3,1,1,1,0,0,18,1,1,138.4440943022484
0.001,1,141,expanded,202608130001,250701780,d1ef3322e2a09d52f64a1b51246dec44b7111954edeb0627bcd94a16faafc984,85,7,1,1,1,0,0,41,1,1,163.14724512098627
0.001,1,142,expanded,202608130001,250701780,6486b212986de07f3b570fc0e6d7277de25b230b3a098f4d20a1eb803380ded8,72,7,1,1,1,0,0,14,1,1,179.10998567041008
0.001,1,143,expanded,202608130001,250701780,0d41a29057287e990e4cfa097a5ffa56b85fe3a6b6c3553d1261ed3aa97479a0,35,4,1,1,1,0,0,11,1,1,89.23831105207468
0.001,1,144,expanded,202608130001,250701780,9a30588e67fbea9a241be3bfb234f6fd3fc27ac4c26c4759ce1c25ee435e0a5f,86,8,1,1,1,0,0,35,1,1,168.18303176530006
0.001,1,145,expanded,202608130001,250701780,5229c9a3e5460e982d7a21ccbdd35f3e42190ccbafa3cec5292ddb6fe30c3336,90,6,1,1,1,0,0,106,2,1,197.32052715073831
0.001,1,146,expanded,202608130001,250701780,9ffbbc0f7d8e50400428df654a81e5778d3eb659895f6c4b2da2a56e3c669795,80,7,1,1,1,0,0,37,1,1,152.17713267511277
0.001,1,147,expanded,202608130001,250701780,2a5a6c003008bcd0c7ce893626e1707a078f5bf297e9ec5a2fc506a45951e795,52,6,1,1,1,0,0,51,1,1,101.67559553481675
0.001,1,148,expanded,202608130001,250701780,487706aaf2728b7382863cf6ff6661c98115425af42d65150b52aacee7570625,70,3,1,1,1,0,0,35,1,1,150.89104273935754
0.001,1,149,expanded,202608130001,250701780,de7a29f369cd6a61f06195f840116577ebe0dae91866a1cbb04894b60dcfbadb,27,2,1,1,1,0,0,4,1,1,74.61944188267634
0.001,1,150,expanded,202608130001,250701780,8c9ace92fab589d06b26e658ddbe2dbb17d4221c22d9061614cc6071f72a62c8,44,5,1,1,1,0,0,17,1,1,117.87415197333249
0.001,1,151,expanded,202608130001,250701780,df566c566451eb5d5285729a859076eec450ac575e70804aad49a7f22b5ff72d,67,8,1,1,1,0,0,18,1,1,133.88260514817094
0.001,1,152,expanded,202608130001,250701780,c0ab5312b36e6ab8a3862f8d53a2aadc8b48a4c0c957425a83295ecbd873c565,34,6,1,1,1,0,0,15,1,1,73.1268745971607
0.001,1,153,expanded,202608130001,250701780,591628801bc0379e6d09be3481e86d46aacdea4f7a8791fbdb5b1edff9f3c3fd,58,7,1,1,1,0,0,16,1,1,102.56640253702496
0.001,1,154,expanded,202608130001,250701780,e08d5fda03cd6c69363578be9d882ee7275f2bbd91642d8d812957a672e20731,53,6,1,1,1,0,0,23,1,1,110.25610194760134
0.001,1,155,expanded,202608130001,250701780,5d533efd400a89b73a4cfd7258b3adeee5236b5b7a7c39605c60b621331877c7,49,6,1,1,1,0,0,13,1,1,104.92953563423558
0.001,1,156,expanded,202608130001,250701780,d3f9a30a4c6907940132e6291abe84bef3729bd8e9d1ddcea484dd811c09d7bb,54,5,1,1,1,0,0,71,1,1,133.31250291973706
0.001,1,157,expanded,202608130001,250701780,3f4b78b75077497dd0697e5023124bd3641314a714a66294ca160bdeec3bdb54,61,3,1,1,1,0,0,25,1,1,128.08245817668433
0.001,1,158,expanded,202608130001,250701780,c60be14c9e95c93a409b9d4624c10af4505a5a8dbe37446f81cb2c200be3caf0,60,7,1,1,1,0,0,14,1,1,119.45120932770458
0.001,1,159,expanded,202608130001,250701780,b04ec6ca3f68adc516adf609bf399ccf63d7cc640bbc447d76ba74293dd04167,69,5,1,1,1,0,0,32,1,1,142.3386866578079
0.001,1,160,expanded,202608130001,250701780,663b5060dadf52fd0175f1bfb8a86f731c6dd5ab163f8e0028df207752a4ab2b,62,7,1,1,1,0,0,16,1,1,125.83464162111734
0.001,1,161,expanded,202608130001,250701780,43cfb96a30f14ff47d1851c4f73c97e70a4b48fa29576b1fbee5a3683f81bd7a,92,9,1,1,1,0,0,34,1,1,170.4042617257548
0.001,1,162,expanded,202608130001,250701780,130d41de90cde2ed4d985b9b3c8b261fed87787aa9975c71ec0508d084e34d5a,43,4,1,1,1,0,0,26,1,1,111.65940402976194
0.001,1,163,expanded,202608130001,250701780,81804a260d314a323444781902329d742784716e59c8c049d65f570b13116dfa,78,6,1,1,1,0,0,67,1,1,154.26496098849995
0.001,1,164,expanded,202608130001,250701780,fc01c8e85da287d6081ad2231ef61de290cbf9c830221b35b7491db0cf03f25d,40,5,1,1,1,0,0,24,1,1,68.0751468314669
0.001,1,165,expanded,202608130001,250701780,cf1dd3e6911cbf609b6ce84b3da27c3a48466abdefcb68fbfeef27d76d1abf63,59,5,1,1,1,0,0,28,1,1,125.22988814950142
0.001,1,166,expanded,202608130001,250701780,58a093222c74ccc7b03fcb33aae855c5701c4a760a982ae6daf0be3303f574d1,97,4,1,1,1,0,0,228,4,1,230.82556458415053
0.001,1,167,expanded,202608130001,250701780,89027751d6aa379910b5e9c1554160b4dea931cb75d7b86a9a31146329ad174c,58,9,1,1,1,0,0,35,1,1,189.75611828917883
0.001,1,168,expanded,202608130001,250701780,8f270b41f2290d9c87deaa72efcca5a2bf2edf3ce338d284ef49783b5331b0f7,46,3,1,1,1,0,0,21,1,1,99.26848498273388
0.001,1,169,expanded,202608130001,250701780,d99c06d411802f339890a004bf319115ef0f3becc3fb4f3de3cbb40fde0e4e16,42,6,1,1,1,0,0,25,1,1,92.61145762340722
0.001,1,170,expanded,202608130001,250701780,aaaf1dbd009e91c482c3953f03d17c30c193ac33bfa7e721acde483d1e232cd1,56,5,1,1,1,0,0,53,1,1,183.14658561866293
0.001,1,171,expanded,202608130001,250701780,d6a6d43605413a87854880cec7da9a3a151bd2d1affb5332ec7e1ab8adbc92af,96,6,1,1,1,0,0,111,2,1,222.7433501134348
0.001,1,172,expanded,202608130001,250701780,184953004d625755fe83be689a2374fe4fed203e1d5844f5ad8c9e13a8a8d6b6,51,5,1,1,1,0,0,23,1,1,135.42437994059648
0.001,1,173,expanded,202608130001,250701780,afbecb90690a9b3e38a4296ea74a1eeef4c7b2aac3247cc71ff55f97185836c1,62,9,1,1,1,0,0,34,1,1,209.0967644418111
0.001,1,174,expanded,202608130001,250701780,61dee2a9f636e563fb56f2dc8acd6c8cde33eb85c3aafa5e79d5173c13dd17c0,81,7,1,1,1,0,0,9,1,1,168.81756355715146
0.001,1,175,expanded,202608130001,250701780,361abd380ae6369b3cc5f1602faac52b56987fe85ef38f3cb33bfea6d6b756a6,42,5,1,1,1,0,0,20,1,1,92.52709842173152
0.001,1,176,expanded,202608130001,250701780,f39b7d09ecea15305fc1112eb44c7759d099b2abc4d5c34760f5470f557d1bf4,106,7,1,1,1,0,0,29,1,1,208.1284920205094
0.001,1,177,expanded,202608130001,250701780,a50f2affe3cfceb7401d7def969587bacc7e263fa2fc161d22b444ddffb133a9,73,8,1,1,1,0,0,50,1,1,165.592174808084
0.001,1,178,expanded,202608130001,250701780,95faf7941b90497a5ce9a80a192586a0410a406ee07478e84c0d2a28eac556a9,50,1,1,1,1,0,0,23,1,1,91.5315045670063
0.001,1,179,expanded,202608130001,250701780,8f25aadd44524f21b76262e52498566f60ebbdb73630352cd191ac9c4811d900,77,9,1,1,1,0,0,76,1,1,168.45166115955146
0.001,1,180,expanded,202608130001,250701780,1020e10f1cddce3307ac1fae46a773f753015a699e7fe1e17ce6e174995abe70,73,5,1,1,1,0,0,40,1,1,145.14016991469572
0.001,1,181,expanded,202608130001,250701780,131a5c9589a43df428aab6c2f8e524ebb81a571c2721bbf9a3f3a4d7dd81e0eb,80,6,1,1,1,0,0,48,1,1,136.21793292382898
0.001,1,182,expanded,202608130001,250701780,10ab64551e1fe267a4439c0df1e9d064e44d00568a439c29a4d2b3c40d1bb70b,68,3,1,1,1,0,0,34,1,1,161.4370106844758
0.001,1,183,expanded,202608130001,250701780,feee06af1ae95d13758b65cd83f3dcc3e1f2f694c45816ba520e6429e30c8c44,37,6,1,1,1,0,0,15,1,1,85.40484021646675
0.001,1,184,expanded,202608130001,250701780,e0a69b20a1f6c3b05564dd9642ec3747639b30491f27022aca8cefe28a03c715,98,7,1,1,1,0,0,53,1,1,202.19400408189378
0.001,1,185,expanded,202608130001,250701780,534051a91e25fe744e93e223a808caff459cfa377215c39117cba2e7237ae837,85,5,1,1,1,0,0,69,1,1,148.19786158311854
0.001,1,186,expanded,202608130001,250701780,24f2d5cf5ca84443a83c3e272b59b0441a3ce12955b52f7ca6b5c4aef1d0a013,75,4,1,1,1,0,0,36,1,1,214.58920503657288
0.001,1,187,expanded,202608130001,250701780,2b0f18ef47ad747d6b4f3c266f7a3d10bd36bc1344451918b725d8a2301540c6,46,6,1,1,1,0,0,79,1,1,94.26663566713017
0.001,1,188,expanded,202608130001,250701780,82da0f5f1782cd025d71de86948a948a878f0afad88b3041e09fb5b946999616,81,5,1,1,1,0,0,66,1,1,181.8032959723211
0.001,1,189,expanded,202608130001,250701780,77fd282b7db73f106bd61723d1c6c0e819e57749dba6e887fe13b1ae4a38d22f,53,5,1,1,1,0,0,10,1,1,129.66673323039703
0.001,1,190,expanded,202608130001,250701780,34cae6a2240ade2f1a92d5d83547d4852f32334af1c158f30dee6bdda2eb8351,75,6,1,1,1,0,0,45,1,1,148.8845714701025
0.001,1,191,expanded,202608130001,250701780,850440e6ccbb97325e27dac719548eaaf591ececd6cc00b98afaec723a938fc2,89,5,1,1,1,0,0,23,1,1,205.49438283329775
0.001,1,192,expanded,202608130001,250701780,10ee3403f072468d3c84bb34497c2802aa1f560fbf4d0b29a7fea1c882d21cd5,56,4,1,1,1,0,0,28,1,1,135.8417348470063
0.001,1,193,expanded,202608130001,250701780,f3c22998c761bcbd92af7cebd60a09ebd0cb542db1e2428a42810660decc860e,57,4,1,1,1,0,0,54,1,1,113.09333921269804
0.001,1,194,expanded,202608130001,250701780,eaa43b932efb760e79e512dd7a25cf60ed42c8f3851d4fba793b86a16098aa60,68,7,1,1,1,0,0,38,1,1,211.13626994999277
0.001,1,195,expanded,202608130001,250701780,6a89debc42738fd9bb585c7f72a19bca12a68c889df820c48f75de9a47bd2e58,74,4,1,1,1,0,0,27,1,1,139.32395266520007
0.001,1,196,expanded,202608130001,250701780,4564764ea2683fc6e2b0b3baf80f7b4d5a6e284ccb878b2992ab74890c81bffa,42,4,1,1,1,0,0,33,1,1,103.43496458729396
0.001,1,197,expanded,202608130001,250701780,56ab81a7c5da4d198150fa5507e92fccd54c6b1797136210246e1a840b958bba,65,6,1,1,1,0,0,112,2,1,141.52943039454414
0.001,1,198,expanded,202608130001,250701780,ee8efe01c07e32cc837e908f209650749ef436b56a31c29363224e22d9f7d55e,43,4,1,1,1,0,0,42,1,1,98.92831582211227
0.001,1,199,expanded,202608130001,250701780,9a196ee87bd5750a4a6b3829faa7f73074b597063a9f94454fda2dd4a81964be,68,7,1,1,1,0,0,17,1,1,154.85879843463297
0.001,1,200,expanded,202608130001,250701780,f1c270afce185cb7935a455c3b11f8ad89cb8bb018557723672a9dce6b4819c2,53,5,1,1,1,0,0,29,1,1,165.99135619305807
0.001,1,201,expanded,202608130001,250701780,b03a731a540afd46b64ed222f5909f07538774af0ac51fda1d04a28d756923d3,93,5,1,1,1,0,0,29,1,1,173.30615563195937
0.001,1,202,expanded,202608130001,250701780,a20842c9a9f08d14fe45f1ccf390d5a180a37270c986085dbdf266a9cb3c1618,51,5,1,1,1,0,0,28,1,1,107.3158543195909
0.001,1,203,expanded,202608130001,250701780,a313939ba6d6077b2d4219e23be63e675d10663f148f39e3951628ef4de38a28,69,4,1,1,1,0,0,37,1,1,157.60034383754063
0.001,1,204,expanded,202608130001,250701780,16ade647339ee449d5e44378adb19b2088cb028d27ce7b5586eb087c89e312be,66,5,1,1,1,0,0,109,2,1,187.0574801913849
0.001,1,205,expanded,202608130001,250701780,540a8208545f7aa9c7c008d09c79e3a751ed703d1b1d0bf26f92942202d3a781,48,5,1,1,1,0,0,13,1,1,99.84717620413649
0.001,1,206,expanded,202608130001,250701780,6b8f2358e856cdf002d9879ae9f8793a29cd11527b72cc0ebbc833072e34d382,71,4,1,1,1,0,0,17,1,1,159.46798180996132
0.001,1,207,expanded,202608130001,250701780,10ca155396631dbef8fd336cc58109b1177f8dfc7359e716bdb1008c1553e92b,62,6,1,1,1,0,0,59,1,1,143.53836400541806
0.001,1,208,expanded,202608130001,250701780,9e7a94dd683945a1f1674d1eb32d08f74e193aa865d4caa2dae665268a4e153b,64,5,1,1,1,0,0,41,1,1,116.98989880669524
0.001,1,209,expanded,202608130001,250701780,d95a9ae39ca12c8bef0cfc17b11d65efa9e69ae1ea9b36febff3aa13ca2315f8,77,5,1,1,1,0,0,29,1,1,171.47368971300506
0.001,1,210,expanded,202608130001,250701780,f166c0d7cbf533d425cbbd0ca39cc2780c903bf8da3b280e1846e2ef4835ee55,51,3,1,1,1,0,0,32,1,1,102.80279406703124
0.001,1,211,expanded,202608130001,250701780,4b8260aad0deb00d06f4eba8747f379f215e5b72dbedffb0b2eccdf4a14d197b,68,6,1,1,1,0,0,30,1,1,156.60024260688314
0.001,1,212,expanded,202608130001,250701780,6192e975e4ba98085f0b80451296ed4217c9d612229d7fba3f70b52cdd169178,51,5,1,1,1,0,0,36,1,1,101.09134913056243
0.001,1,213,expanded,202608130001,250701780,55c24d8bdb4bf4f7fbc42d6572337cefd557ea3f71753241e419a3263fd26a28,74,8,1,1,1,0,0,54,1,1,148.0873665802812
0.001,1,214,expanded,202608130001,250701780,3302e25f54fede29af6e9afd61bc688380ddd01c64999fecdd6ac6fc0434d1a8,83,5,1,1,1,0,0,28,1,1,160.92118520149648
0.001,1,215,expanded,202608130001,250701780,6f8500f9cc67475c1fca0c7f01694f0b36280a42d4e5d835c3b0742e1e23f3f0,53,3,1,1,1,0,0,17,1,1,120.99791358994938
0.001,1,216,expanded,202608130001,250701780,43531069fa9e252c57a4adac6c7775d7d1ef27765bc02380f06b043ae9583892,60,7,1,1,1,0,0,20,1,1,127.15825053718743
0.001,1,217,expanded,202608130001,250701780,bc1d3d373f5c1db38012a31926536f8cf36002f2d8a35c89b02dc6f881509b56,100,6,1,1,1,0,0,102,2,1,238.85918917727054
0.001,1,218,expanded,202608130001,250701780,c8728d86f958318feb9416a95efc573face7eca28aba97405fee81b725d6827f,49,6,1,1,1,0,0,12,1,1,116.22700903466651
0.001,1,219,expanded,202608130001,250701780,377b353207bb865c2f9ec6b250b1b0a09a6ccd1079cb81b4b6204ca69837483a,84,7,1,1,1,0,0,27,1,1,194.43019088475896
0.001,1,220,expanded,202608130001,250701780,a1d3b7b1ab9388c0638faeb41d90429b6fe6fe4935da24c91fb6c3b831f73297,44,2,1,1,1,0,0,17,1,1,104.99773056085122
0.001,1,221,expanded,202608130001,250701780,bce9da8bfbb52d04efdad83dcd392406121177332c449f7b2f3e9b8596a98d42,27,5,1,1,1,0,0,8,1,1,59.41464184792868
0.001,1,222,expanded,202608130001,250701780,421f8f81136531ae77ab0ee072e679a56e254061aba0bafaf3cc5b50cfb559a7,61,6,1,1,1,0,0,36,1,1,128.49342355834
0.001,1,223,expanded,202608130001,250701780,1569a13faa0cba9c11cf0789d47be11584c191b2a2ee04718a6586250709b0cc,66,5,1,1,1,0,0,23,1,1,213.0448747584814
0.001,1,224,expanded,202608130001,250701780,10c2398ffff926226ae7654e6720b87781ee5f7e9a34f28dd37c812f08e9b346,71,7,1,1,1,0,0,32,1,1,163.2055548798417
0.001,1,225,expanded,202608130001,250701780,01ab7e213d976aec067893f6c9acb5341a0897b1e585b8a5e8d304e797cb10b4,45,4,1,1,1,0,0,138,2,1,98.22448636118145
0.001,1,226,expanded,202608130001,250701780,512067487104ac30df4da28ccfc83fb7a2d052e310fbfbdfc76d2a6f0be0821f,44,9,1,1,1,0,0,252,4,1,112.56743015529389
0.001,1,227,expanded,202608130001,250701780,e4e30cf27e1b37cefadfe5f5348cef3af43f1a229e136cc1ef212bb659a7af6b,41,8,1,1,1,0,0,9,1,1,93.92648288886787
0.001,1,228,expanded,202608130001,250701780,4ef22764cce83b1bbbf21e8b99914bd8e02e9364d0f377863e269221d3d77f42,81,6,1,1,1,0,0,109,2,1,192.70626573491765
0.001,1,229,expanded,202608130001,250701780,f933cc16839f81ac4ec3df6dbd6d6d12fe178f324c168919fb9633b4880be43b,80,7,1,1,1,0,0,59,1,1,152.91135355887428
0.001,1,230,expanded,202608130001,250701780,46f33b88e27f39f00ba636fb233e81ea9f5208f72ba4e964222a9a34ef027cbf,88,1,1,1,1,0,0,27,1,1,222.74075492976917
0.001,1,231,expanded,202608130001,250701780,977ead085ac35f17e6da1e4f594a96cba909625aac654a549d7bb33e1358438c,89,1,1,1,1,0,0,31,1,1,170.6567252550686
0.001,1,232,expanded,202608130001,250701780,94f18a6169bb8da83e69740911e5997cbb4ab7b680fc2c2d70351e2f77b1b883,75,7,1,1,1,0,0,48,1,1,183.44637963853046
0.001,1,233,expanded,202608130001,250701780,b930842d5f419efd4f1f3c0830aee6f793719f6be4660ecb564c6e2dc267c352,74,5,1,1,1,0,0,43,1,1,164.67024471944111
0.001,1,234,expanded,202608130001,250701780,311a7e7d27b5fb5e8090998b2b2050d50c897f17d92b32ab85287e49ab4283e3,72,5,1,1,1,0,0,51,1,1,168.28297719511795
0.001,1,235,expanded,202608130001,250701780,6cef070fcbf6e3bf1dfa06b88dd62bc29246bcf0f00182c29bb40b6f9132dd13,64,4,1,1,1,0,0,22,1,1,119.0062800814724
0.001,1,236,expanded,202608130001,250701780,3d60353397d65cb476a51c32a1b3975dfadd06a1b11bc2ae33a02bd647e855aa,54,3,1,1,1,0,0,33,1,1,123.55190794924125
0.001,1,237,expanded,202608130001,250701780,3da231c802847d7187c95f7eaf2e343317fb740c457ac91d42a9b3a8f19280c7,56,8,1,1,1,0,0,18,1,1,122.2052578777789
0.001,1,238,expanded,202608130001,250701780,8ad18eaa742b9e58594e6ba7efa81f209a79c45215c6cf56fcce6d27eef1edb2,38,1,1,1,1,0,0,14,1,1,96.20175310896344
0.001,1,239,expanded,202608130001,250701780,5659649bca6794b1ef1940485549b87ca1c29c1dc4ea4312d568b9515a738168,57,5,1,1,1,0,0,24,1,1,109.6139024677905
0.001,1,240,expanded,202608130001,250701780,25d2d4c0e0953c21633f3d9a4ec51046f2d3c1917eb7c67cecb469fa82c4fe12,60,3,1,1,1,0,0,62,1,1,131.90560821266342
0.001,1,241,expanded,202608130001,250701780,5a4a2a29409d90d0ae4b8990c546b2e02440d38817e1d462be37bf68e63e2c40,51,7,1,1,1,0,0,27,1,1,108.90289173221456
0.001,1,242,expanded,202608130001,250701780,2fdd72661dce78b9f47f325f8a5ab23278e60b267afe6f18e49de049ebbaf428,80,2,1,1,1,0,0,33,1,1,137.0613393832287
0.001,1,243,expanded,202608130001,250701780,053a9247c0b2698da25200ddef4f793dbe0ef0d6a349420e34cd52fc609106ff,36,5,1,1,1,0,0,12,1,1,70.89318732223634
0.001,1,244,expanded,202608130001,250701780,0908de76a3b695a2267324948c96027be6abf2585b8a80d6e3f75557219e9b7e,56,8,1,1,1,0,0,16,1,1,165.4412294429996
0.001,1,245,expanded,202608130001,250701780,6ae4899beefaba5e62458e76caa22cb237db087338e01e6a7deaa163acd2cd55,45,2,1,1,1,0,0,51,1,1,92.28884971034347
0.001,1,246,expanded,202608130001,250701780,f15432e5757433d5b9a67e1e3c88c2852b30116dad66ffbbaafd7428d27e2738,47,3,1,1,1,0,0,49,1,1,121.21679454326309
0.001,1,247,expanded,202608130001,250701780,7293d2c9780bc18ffbc528404959b929b0d3d6c0da20ce24c589032ee1b6c714,77,8,1,1,1,0,0,41,1,1,152.4799281289764
0.001,1,248,expanded,202608130001,250701780,ca7cbea70c81fe941c2091f2493983772d29d58fe869792de05b7cb5fc8b9976,43,5,1,1,1,0,0,23,1,1,92.58076354185609
0.001,1,249,expanded,202608130001,250701780,097d6e8a9470a960e510404a702134c6ea70d07173fcefbcdf4b7c6f70db45d7,47,7,1,1,1,0,0,20,1,1,112.52982094585437
0.001,1,250,expanded,202608130001,250701780,32e9f31648de72f1b2a7f73431df1bae2331e66ef6d952c6652201e3f4724090,81,7,1,1,1,0,0,21,1,1,162.8705627096155
0.001,1,251,expanded,202608130001,250701780,db9bfb7fa581710dabfa2cf003dddc6277fe2dcbd8655245ac53039fbd69e384,90,8,1,1,1,0,0,58,1,1,165.4189429849614
0.001,1,252,expanded,202608130001,250701780,a3920e658c6e0fc0ae1d6725ea03d2f3b551948bf05a6521e8c15cc28e9766d8,39,5,1,1,1,0,0,98,2,1,111.2347183036029
0.001,1,253,expanded,202608130001,250701780,c6b055f46f5e2676a86811f483a51837dc564d882add8b73c639e2ce918650d8,84,3,1,1,1,0,0,33,1,1,150.80440403514388
0.001,1,254,expanded,202608130001,250701780,32e455aa9c091f79d2f8f20671824cdf103824d0487c9cdc41c428dc0f08a3d0,79,6,1,1,1,0,0,18,1,1,168.6176512719228
0.001,1,255,expanded,202608130001,250701780,fea9be41259552a6864ca94251f811db78270b6165eaf99bd09de9caf9667c66,68,9,1,1,1,0,0,23,1,1,137.94183860309352
0.002,0,0,original_screening,2026081002,250601779,5093218d754c3ff0da173aa2b40fa6a79202fe76e9e0d793c870559140b8392c,90,5,1,1,1,0,0,49,1,1,166.502824102739
0.002,0,1,original_screening,2026081002,250601779,7011a87becf6bfaee3f1a5c0c3a071e77f342024ef0123958276ad4dd57375d3,106,7,1,1,1,0,0,50,1,1,191.07603368563855
0.002,0,2,original_screening,2026081002,250601779,86482dec5eeb5c53ae4ecd31cc8fce24034226065b2462741fc7dc69d180dc9e,120,8,1,1,1,0,0,31,1,1,226.65481538966307
0.002,0,3,original_screening,2026081002,250601779,4a2632ec464f28e22b5c3b8866314636ddb02511a9f71948771688e3feb66395,102,6,1,1,1,0,0,31,1,1,192.2996567813011
0.002,0,4,original_screening,2026081002,250601779,6f04480ae67fba17ca29a9c81f78289dfae7056ac86ed98ee16967ddcf2b15f0,157,8,1,1,1,0,0,39,1,1,300.1993335889524
0.002,0,5,original_screening,2026081002,250601779,7edd9270e96a4a02bede82a752d4cc6f762d06e3108030d6115badba187fc1b1,157,6,1,1,1,0,0,38,1,1,294.8462489094952
0.002,0,6,original_screening,2026081002,250601779,af1238597388d69b9276048ff10ca7411a14b2da7c8ca7f26a903887a964c229,159,4,1,1,1,0,0,40,1,1,297.71147582392484
0.002,0,7,original_screening,2026081002,250601779,df192cea98a4b23811b5252c7d2036e69a23564a429ba61051352367bb5048a0,130,6,1,1,1,0,0,45,1,1,240.0395379594693
0.002,0,8,original_screening,2026081002,250601779,c53969a393e28737fdcc6fbbef69b9ca61d739ff5da9109642439390269d1a3a,117,5,1,1,1,0,0,316,5,1,252.8109751845214
0.002,0,9,original_screening,2026081002,250601779,0569908912d6690193992d6eec3cb6e494d04d7d4e2e488167102c2cf2c918f0,125,8,1,1,1,0,0,157,3,1,269.1508863597715
0.002,0,10,original_screening,2026081002,250601779,22dbcb83444567090c4e211e85d73baceaa07f238be6a7d300abf72c7216811a,120,6,1,1,1,0,0,183,3,1,250.96310017622778
0.002,0,11,original_screening,2026081002,250601779,c3ae814d3d5658fa9b439ced68cb99de73c774e3be0fc97cdbb5fbe688128acf,168,7,1,1,1,0,0,60,1,1,330.48010915467376
0.002,0,12,original_screening,2026081002,250601779,2aed27c9832f86a36510baadb54b8cdaa9e5501933cbd626ba4cc44bd720dea4,132,6,1,1,1,0,0,45,1,1,260.22467298271556
0.002,0,13,original_screening,2026081002,250601779,2e2fb202fa38c32332c08815b2e551b8fc3ad71431caab513dbcf9f85fb6fd4a,150,7,1,1,1,0,0,35,1,1,262.3165319422286
0.002,0,14,original_screening,2026081002,250601779,5fff237f526604bd2aedcad51ea05f418745a1b418b10443698ef40f49c0f83b,112,3,1,1,1,0,0,43,1,1,298.2132048781798
0.002,0,15,original_screening,2026081002,250601779,d6ae8de327566ad9d253c45cd3a4b881ee5b2f0058f7c5d31676c253c873fbb9,117,6,1,1,1,0,0,71,1,1,230.3222463731492
0.002,0,16,original_screening,2026081002,250601779,0b50cacb87273a246b6e15a959f3a9a64ad5aeb8a706617dce82d5ffa828199e,126,10,1,1,1,0,0,130,2,1,272.83031298393064
0.002,0,17,original_screening,2026081002,250601779,3b3bea69ce1421eec0b86caaa6f9d699e7e4dd06bf2f19459df4e1f732cb0998,116,8,1,1,1,0,0,109,2,1,248.2815188320425
0.002,0,18,original_screening,2026081002,250601779,e41b82527ae35095e9ed902f04901ab15f6bf37a5954e08dc3ff762c40a8022d,122,7,1,1,1,0,0,111,2,1,237.43647171762527
0.002,0,19,original_screening,2026081002,250601779,be28bcbeacee1c6d93d6705b9bb84422261f99403ea636d476c780469a82d736,112,7,1,1,1,0,0,106,2,1,240.77958517973468
0.002,0,20,original_screening,2026081002,250601779,660205e6dbd2837ecb9d22ea44894127f0740b39b328f7d19ffb0359759c9528,101,7,1,1,1,0,0,52,1,1,206.0535737935552
0.002,0,21,original_screening,2026081002,250601779,859ee6072e6064d6a51892da12f0d8731554418cfc5538da36a82bed1869039b,130,8,1,1,1,0,0,113,2,1,246.9993760131419
0.002,0,22,original_screening,2026081002,250601779,3c628c1ef24c05fe90fbd1dbca0aa7a72aca3b20911063af6d6bb8188e265db4,183,5,1,1,1,0,0,740,12,1,415.0253269791523
0.002,0,23,original_screening,2026081002,250601779,6b8902ec390fec7650a9e0aeb8ba97fa41823eeff16d7f9da827a261987cfba6,110,5,1,1,1,0,0,61,1,1,218.8267469632575
0.002,0,24,original_screening,2026081002,250601779,317000c0c83f4df83237bbec711eac1968a2561e195a53be50ac3f6940b1fb9d,103,7,1,1,1,0,0,21,1,1,196.1105620887988
0.002,0,25,original_screening,2026081002,250601779,b246a3563b38a20719fc33e2ad0a9a13824c3e1a04514cb19fbe879e59df45ac,167,6,1,1,1,0,0,29,1,1,311.17882243886913
0.002,0,26,original_screening,2026081002,250601779,6018dacd3a5a29fc0493acc239f9cb9133a9c7ac98670144d3b57eb05345b72c,152,4,1,1,1,0,0,47,1,1,254.7133865342784
0.002,0,27,original_screening,2026081002,250601779,83985864de613dc081688a449d1e9bf802c7adb66642c75a4949756bdd0978db,111,4,1,1,1,0,0,41,1,1,219.52613804554886
0.002,0,28,original_screening,2026081002,250601779,e8a2b76c90d80a5334af0ab4b671cc8bfee32a6218e5a8320d37c52812518a28,117,6,1,1,1,0,0,35,1,1,224.43364514810847
0.002,0,29,original_screening,2026081002,250601779,35371f848166ec86b5a094e270f2c27734fb01036fda7cfad1f893c322f09a6c,159,7,1,1,1,0,0,187,3,1,323.8279291882207
0.002,0,30,original_screening,2026081002,250601779,cf9e813d21fabc1f4845beeb14f54b63e493d493d279999a8f8cdebc19384da0,171,5,1,1,1,0,0,24,1,1,280.8743349149127
0.002,0,31,original_screening,2026081002,250601779,31867f22dfd45bc4273a415d526514500d664da1f5799f7167848eda290304a5,109,2,1,1,1,0,0,36,1,1,223.95071222158785
0.002,0,32,original_screening,2026081002,250601779,bbfb4018999caee63d507c302057d9e94c13129a2b0c53765c5a5e91aababe98,124,5,1,1,1,0,0,41,1,1,265.5535598104358
0.002,0,33,original_screening,2026081002,250601779,b4ee8bdb05a1412065d87688fa36591e798716e252e82d1252b858aed984eea1,93,5,1,1,1,0,0,22,1,1,205.5032716673574
0.002,0,34,original_screening,2026081002,250601779,f7384d780a0e3a4cb7fabccc0a35a62d4394156ac41a6f2dd2e1a7801b9f4e31,127,9,1,1,1,0,0,32,1,1,214.3484997240099
0.002,0,35,original_screening,2026081002,250601779,8c24f2f02e98fc2d39878c1c53daa57aeb2602aadc81f41fc52c48696c0569b6,114,4,1,1,1,0,0,59,1,1,226.50997568318007
0.002,0,36,original_screening,2026081002,250601779,892fcd27b11cb5efc9ab54e7f3a3a429290c03754676da08b952eedca4d94ba3,112,2,1,1,1,0,0,15,1,1,199.30141663674308
0.002,0,37,original_screening,2026081002,250601779,c9929a95c150190041edbac8d422387eb08d36c3122b71c283bfffc545577c33,107,5,1,1,1,0,0,59,1,1,198.57203766222406
0.002,0,38,original_screening,2026081002,250601779,1b1ae442174e2d94e3aa3bc7907607ef739a9292fcbba20851c119cc9705e9c5,129,4,1,1,1,0,0,20,1,1,267.72983182002633
0.002,0,39,original_screening,2026081002,250601779,ca72886365425b4dcb8b165a91d56750a3b73e6cdd638ced15cb20b827f50dee,107,8,1,1,1,0,0,30,1,1,215.2270562853546
0.002,0,40,original_screening,2026081002,250601779,c0d159bdb32204d4624876f741317f87c57edb4eb376312bbcaacbee7ce4227c,106,6,1,1,1,0,0,20,1,1,205.40768503249797
0.002,0,41,original_screening,2026081002,250601779,3c0ceff58d4a82d5988a882ecadd35462198954509523fe5d01b6c834ace2a3a,85,7,1,1,1,0,0,21,1,1,183.50098854305466
0.002,0,42,original_screening,2026081002,250601779,ad4d30b2f0c4e9b0bf3a589d2e0a11ae29b574ac6c2ee2de9a2624071c535483,132,8,1,1,1,0,0,61,1,1,282.10031150449174
0.002,0,43,original_screening,2026081002,250601779,9ebffa07aeedf7a8fb17fa6522c64c3f2b7c425ece166344a09d00bd34c8f0ff,137,5,1,1,1,0,0,29,1,1,242.16087919889793
0.002,0,44,original_screening,2026081002,250601779,35052b29e335b0878a924f7ad332d0eb8e4bf135cb70ebcc8722e3d33e371e37,150,7,1,1,1,0,0,53,1,1,295.4406306858837
0.002,0,45,original_screening,2026081002,250601779,6e68368153041c7bf2bab357376969f3dda95a89241bf064734dbd28714f0c5d,113,4,1,1,1,0,0,56,1,1,213.09249765985402
0.002,0,46,original_screening,2026081002,250601779,aec1edd439b8b19dd546b500bd3558c74ab2c2b17fed0671fb10811507d76498,141,6,1,1,1,0,0,43,1,1,293.505778754527
0.002,0,47,original_screening,2026081002,250601779,1b50ca27b19397e9d369367c8de24c716b54fab509ab322b02c640a264dccbb8,136,3,1,1,1,0,0,33,1,1,253.84254996639206
0.002,0,48,original_screening,2026081002,250601779,15c0912c98fe186359df3aa7f2f0ad23c88845daff7d482a8f0b35d8b133928e,117,7,1,1,1,0,0,54,1,1,232.90130149468385
0.002,0,49,original_screening,2026081002,250601779,5eb41c301e49267388708ce2fea51ba4c84d149494995c3236070eb1a898aa01,119,4,1,1,1,0,0,37,1,1,305.4680913756711
0.002,0,50,original_screening,2026081002,250601779,d0e2dfa2f96275b741f22e09f85643659d723c626b0499666e814736a6f7441a,128,5,1,1,1,0,0,25,1,1,255.67325984587012
0.002,0,51,original_screening,2026081002,250601779,551c0acf9693a4d542828d06330cbbd22dc010a63d3383058c590424cec4fd84,123,9,1,1,1,0,0,60,1,1,273.6897882606122
0.002,0,52,original_screening,2026081002,250601779,2e9f9f6f04a09397dade187c47e3e3e136eb1e6e6abf45447ff7b6ef08ea20c5,104,7,1,1,1,0,0,60,1,1,220.76983304639793
0.002,0,53,original_screening,2026081002,250601779,64e4007f9d036e8f2122c740c40b475c067b3b4e5fe5d56a15d226fed4be3903,124,7,1,1,1,0,0,20,1,1,277.1167511302018
0.002,0,54,original_screening,2026081002,250601779,c61ca21d9c3840febe9c65809f40fa02fdb258d7a36b31252c76a274356d74d7,132,2,1,1,1,0,0,30,1,1,261.6749557692681
0.002,0,55,original_screening,2026081002,250601779,f5fc54a58495c375112cdca0378d984f599533442f642e828c3db6bd5fd78351,141,8,1,1,1,0,0,39,1,1,260.3118069068682
0.002,0,56,original_screening,2026081002,250601779,aa445e6c3b7cc818973e68878d05e56806bf0b95a4bd81ecf7e105178ad592c7,119,6,1,1,1,0,0,132,2,1,245.7528647986992
0.002,0,57,original_screening,2026081002,250601779,77ba602028ed4dabd9461c7521d0f5724615e874ecc45e57b518d24e252086e1,113,6,1,1,1,0,0,28,1,1,226.016049491736
0.002,0,58,original_screening,2026081002,250601779,5e50b2af6d86073116527e3599c256d144302a3f1397d3029b15780fc06e6700,174,6,1,1,1,0,0,112,2,1,331.33613020399014
0.002,0,59,original_screening,2026081002,250601779,94c0e55ad4b31b44b2b7b19313c647b9117f98258f841ff34f2685cae045d1f2,119,5,1,1,1,0,0,214,4,1,285.89414642538486
0.002,0,60,original_screening,2026081002,250601779,029fb1ee0f5dde36425658b97f65f25b0b5b402b592b04cc651d96fb3e4bda4d,132,5,1,1,1,0,0,41,1,1,249.73123101914223
0.002,0,61,original_screening,2026081002,250601779,2860c9319efe530da75826378a920c26264d0789bde3d92aac4e4e1cd5f671bd,112,5,1,1,1,0,0,42,1,1,236.2973353049108
0.002,0,62,original_screening,2026081002,250601779,1095e59b551a39d8747a1dcf84043c9cbd9c574cabedd25430b49e13beb35bcb,118,7,1,1,1,0,0,23,1,1,206.6688930517999
0.002,0,63,original_screening,2026081002,250601779,7d941b813fcbc9c3b08ebf4b33bbc8575f1e08215981ce3deb9c035e6ff79ba7,119,9,1,1,1,0,0,51,1,1,232.58712008461538
0.002,0,64,original_screening,2026081002,250601779,8c3be9e1c797e8eb363c022d63d23692421dfff01b2d706126ededa9cab30ec3,172,5,1,1,1,0,0,32,1,1,306.5281251012517
0.002,0,65,original_screening,2026081002,250601779,3c10a134f7528f79591b00454a6d05826c3bcc35914aa5f4fb6e15cd0891b359,178,4,1,1,1,0,0,38,1,1,333.72473336032004
0.002,0,66,original_screening,2026081002,250601779,60e0a4338bd387a5ec3b4ddf91e053b82604a0b84df03e24f66de08e8941a929,125,7,1,1,1,0,0,219,4,1,280.4439614993495
0.002,0,67,original_screening,2026081002,250601779,396022ff93c4f064d0df481e4dc0a86b83fcaaf581d439b1a2da887ae4184710,148,6,1,1,1,0,0,49,1,1,287.2139262667519
0.002,0,68,original_screening,2026081002,250601779,a9717b0c9d172fa8f94bae272f52f4045e67ef5b572bac95e599daef9194046c,88,8,1,1,1,0,0,20,1,1,148.9122101032064
0.002,0,69,original_screening,2026081002,250601779,285b15e3b57fc665f74ca30d8156a5f8d9642fa9b9d32d880f8154943ec43953,76,7,1,1,1,0,0,24,1,1,166.1279859601866
0.002,0,70,original_screening,2026081002,250601779,b861bf2dc4fa9188a35543503adc3cb9bbd413b7f1287db1643aad1a3a2fede5,128,6,1,1,1,0,0,64,1,1,243.90778404500884
0.002,0,71,original_screening,2026081002,250601779,2a618ae986628998af7f382b24e03259e2a1487c43077cf08947c33eacbc2b60,124,6,1,1,1,0,0,20,1,1,253.41491396330093
0.002,0,72,original_screening,2026081002,250601779,9fbaff75f60b11303ed7d17a71db776b30fcec18b68fed462bd2c8ee5efe3364,125,5,1,1,1,0,0,60,1,1,250.49735266750537
0.002,0,73,original_screening,2026081002,250601779,9ff7f62bbc04dc9b074805fbd133973163d6c7750c2c6a577ad0bc7f350faf4c,120,3,1,1,1,0,0,17,1,1,262.66590223948776
0.002,0,74,original_screening,2026081002,250601779,739f91aef2141100eb0b33f6df28947978ce4101fad444ba7affc0fb649fb42a,126,8,1,1,1,0,0,49,1,1,246.94797348432036
0.002,0,75,original_screening,2026081002,250601779,a247d9468fd8a4a684afc18700977b46876e7100daa32c0ea7cd2fd7ed9764a2,118,7,1,1,1,0,0,52,1,1,227.9466020732899
0.002,0,76,original_screening,2026081002,250601779,4c4355fb7ddb1fcef829833af8709f245cdeecb32974521f77734646b3707fa5,168,7,1,1,1,0,0,168,3,1,359.8541746684683
0.002,0,77,original_screening,2026081002,250601779,c0378e8add6827fdd87bf6f7b23e6b8b30280f326441751ca2f93ddc9306aad1,165,8,1,1,1,0,0,75,1,1,389.39529493417723
0.002,0,78,original_screening,2026081002,250601779,a7ba3bbf52f28e60653e7758f0de80ce92b3bad2377d3e5f315a6c3f7c3de32b,116,7,1,1,1,0,0,108,2,1,245.9954954960476
0.002,0,79,original_screening,2026081002,250601779,7636b008c4a670086fe4c60d642a6cf085413e402ace29479ec984718d5842b7,173,4,1,1,1,0,0,135,2,1,363.4104184200114
0.002,0,80,original_screening,2026081002,250601779,373b65dfe5a33b084ec93f11086c4b42da2dddee7ecba7f45ee851e352061dfe,139,4,1,1,1,0,0,34,1,1,262.32460344150957
0.002,0,81,original_screening,2026081002,250601779,2afa3ce319d85d3417352fc9c436635e8763156ad4b4ed46bf1fb4dd01c1b10b,114,5,1,1,1,0,0,109,2,1,242.82357409967386
0.002,0,82,original_screening,2026081002,250601779,d0b480b9bc8140cb7644646e3295ed4c09f76bf7d9071268c1cc44f4455f176d,139,8,1,1,1,0,0,54,1,1,301.7518894513255
0.002,0,83,original_screening,2026081002,250601779,12cbd4d71c8b1dc7ec383f87fae4378519f2a5f53c6855c8e7e7cfe71abb8431,112,4,1,1,1,0,0,44,1,1,297.6158076160738
0.002,0,84,original_screening,2026081002,250601779,d8ab8bacd9cf3ca8a62763f4944d5905a4bd21e310b5bb6b2cbbc4bd7426219d,128,5,1,1,1,0,0,161,3,1,295.72584047943724
0.002,0,85,original_screening,2026081002,250601779,2531aca15fcad6f52a1e2db79777ba3cca3ffa02e0b2d6e2d0b88c59c14929a4,108,7,1,1,1,0,0,79,1,1,243.81101066026883
0.002,0,86,original_screening,2026081002,250601779,0d463bfd8840f0e0d37bf78b3b10635625adada3607d3830d7bc8448e906df6a,152,6,1,1,1,0,0,367,6,1,388.6114762909185
0.002,0,87,original_screening,2026081002,250601779,56661be0c0072dba4148ce78853b0fa02a766cca537979095d962ee97b66e8f9,122,4,1,1,1,0,0,17,1,1,224.70452759189902
0.002,0,88,original_screening,2026081002,250601779,bca7c8bb8d98de3004ed7b6108b65680e0f1323573282f7967c7e29a36b6f595,96,4,1,1,1,0,0,23,1,1,175.96780927524048
0.002,0,89,original_screening,2026081002,250601779,2504a6fdfeb2c3ca651953a280997115b10c952009f3b0c8a4507a114556feb4,165,7,1,1,1,0,0,35,1,1,267.5022237274441
0.002,0,90,original_screening,2026081002,250601779,caf573f6b6e13d5e831166992ab7727c57630f4e27a23fbf2ee1a969fdce694b,183,9,1,1,1,0,0,164,3,1,385.73557645446965
0.002,0,91,original_screening,2026081002,250601779,fc1f92f45848eca1301cac3c05c25c76e59d777baa0b5a30c9702d12149a1e06,106,4,1,1,1,0,0,37,1,1,215.7460480011316
0.002,0,92,original_screening,2026081002,250601779,809bd9bc2d241b201eb909c5d0dbb463746a8fd74e0c982f743a46680a2ee135,150,5,1,1,1,0,0,226,4,1,314.479903369269
0.002,0,93,original_screening,2026081002,250601779,8e54f9606dc0fb7de0e8aca67165fdd065cfc55c27b9622f54fa7e8977fc4bcd,85,5,1,1,1,0,0,34,1,1,148.93994535594032
0.002,0,94,original_screening,2026081002,250601779,148d9e097de6ac02d0e4f43409e2ffaa879c2545da679feb7ce9432e807a3795,125,8,1,1,1,0,0,105,2,1,238.04585085362802
0.002,0,95,original_screening,2026081002,250601779,c866853a533a7da865657a8b93e158e4dc2e544fdbfc07d88719a642e85309f2,140,7,1,1,1,0,0,96,2,1,288.0087553969514
0.002,0,96,original_screening,2026081002,250601779,3925215ab00fce1480db478d4997c40af3ebfc84bdef77e985e601dbbc988660,142,6,1,1,1,0,0,25,1,1,269.7419353521036
0.002,0,97,original_screening,2026081002,250601779,e06bab1acffd34556222c291dc6b6ad437a4ed611d6822ac73b730e348bb4fad,130,5,1,1,1,0,0,60,1,1,269.0390072038565
0.002,0,98,original_screening,2026081002,250601779,c7827b5290cf58fb44ef28cb2fe068adb4087024f860f7a7e96e7e0af15c407f,111,10,1,1,1,0,0,51,1,1,194.40677480660793
0.002,0,99,original_screening,2026081002,250601779,ee517d1207a3fb8ccd1c56d8712986acf25a72e15137fa7829de683dea333b4d,113,5,1,1,1,0,0,43,1,1,208.02431251913077
0.002,0,100,original_screening,2026081002,250601779,d6bf3e9e79936d809fbf8c16753272e389aec84308a4046577121209d1e72d10,103,1,1,1,1,0,0,24,1,1,238.19712041504792
0.002,0,101,original_screening,2026081002,250601779,83a3cf25d023bf9eddfb5deb897826513adf39efaf235eda2e39b35041299d71,129,9,1,1,1,0,0,79,1,1,241.02338700523205
0.002,0,102,original_screening,2026081002,250601779,a50c611d4189c05809724a589cf76ea67d984358e1720780e631261bd50fa21e,132,4,1,1,1,0,0,117,2,1,277.1945832505141
0.002,0,103,original_screening,2026081002,250601779,5a1b762f4ea24f30288ffb7765f1eee9c99beb8cb896589ad2519c95cd6dffbe,129,7,1,1,1,0,0,46,1,1,265.9995620856492
0.002,0,104,original_screening,2026081002,250601779,78ad3e56964396811c5a16a3361f9259096bd5a6e998088d216bbfdd7522d755,75,7,1,1,1,0,0,41,1,1,134.41369703747375
0.002,0,105,original_screening,2026081002,250601779,761a28a74dc1c8d21dde998d9787e37e9efa4e2e89d9fbb5a1ff4ac07e4553cb,146,9,1,1,1,0,0,57,1,1,317.304792479896
0.002,0,106,original_screening,2026081002,250601779,de3a6fc546b6f029663ac2aca2ab11b644ef70309307b0d24404621b80ccf008,124,8,1,1,1,0,0,27,1,1,267.57344120949045
0.002,0,107,original_screening,2026081002,250601779,f99f3d8d59e1b49ce4889041af9862b099e0fb53c0d20ae225df58b45d2f0d84,94,5,1,1,1,0,0,117,2,1,209.08758760043992
0.002,0,108,original_screening,2026081002,250601779,e0421a0c6cc5a1a31685c2c86967ef4126b303ee223eb0efc3802357d9235585,131,5,1,1,1,0,0,39,1,1,267.8314329763883
0.002,0,109,original_screening,2026081002,250601779,f1dc1781df892fe17db336ff67c9f107b1aebfa47fef6bde60a7e1e498e00972,81,6,1,1,1,0,0,38,1,1,166.61640266575472
0.002,0,110,original_screening,2026081002,250601779,a6467543fb501e3ed8badadd1b848c564f260811ef8bd4f6e6e3a7844b742d01,113,10,1,1,1,0,0,51,1,1,205.92276337929053
0.002,0,111,original_screening,2026081002,250601779,ef4e91a4182ccccd229329ecc1434de6293a60e4449669e31da4359c5ab17b0a,135,3,1,1,1,0,0,110,2,1,320.30814572821595
0.002,0,112,original_screening,2026081002,250601779,6cc3b625be1dd9c8f6644ad8fd40ba60da2b751e0baa823b44801693b7ada17d,88,5,1,1,1,0,0,25,1,1,185.69597877902072
0.002,0,113,original_screening,2026081002,250601779,ee74ff48d0a55cf38d7c823ed88b2de5874e45ea00c28203edde1e0a6cebb80a,113,7,1,1,1,0,0,57,1,1,216.58376051407498
0.002,0,114,original_screening,2026081002,250601779,956746eecc253b5733dd3b6d50003f19a190415c026d4581e2398cb01a23f8bd,99,0,1,1,1,0,0,33,1,1,175.43763955987077
0.002,0,115,original_screening,2026081002,250601779,21ec09f5be0ced169d428eeb9e487081ef2131230a5005552953038f4f34140e,99,5,1,1,1,0,0,54,1,1,247.43148569211832
0.002,0,116,original_screening,2026081002,250601779,6e0f482efee6570a727a733df797f7c5c403da5e71a3fc9048da2078236327fa,132,6,1,1,1,0,0,98,2,1,277.5266339235648
0.002,0,117,original_screening,2026081002,250601779,103fa83fc5ec1499758db4b38e690a61ac991be62ac6e2a7471966bf901653bf,108,9,1,1,1,0,0,42,1,1,198.89624359117042
0.002,0,118,original_screening,2026081002,250601779,cdd5b13d75dd27a1b8dfa9d5160130641697bf9708b6632187f59dbf843afbe1,91,4,1,1,1,0,0,21,1,1,176.86421783736918
0.002,0,119,original_screening,2026081002,250601779,7334186952fa43449fd4217693deae035fe62e32014a03d2f9c197b668ecea7e,95,8,1,1,1,0,0,31,1,1,176.69251379074555
0.002,0,120,original_screening,2026081002,250601779,5742216d30b7762c3973128e6551ffde7050c82112c77a4c50bbb9534e53473d,168,7,1,1,1,0,0,164,3,1,380.7639640621601
0.002,0,121,original_screening,2026081002,250601779,f64acbccb5cdd0197dafcee3a6324f365a4184da3c525e8829c1e35ba7ad3038,125,7,1,1,1,0,0,60,1,1,243.53806953138982
0.002,0,122,original_screening,2026081002,250601779,7041bae5d6d404f970cdceba653c750121df099ad50461fcc3e115dc4eca5996,118,5,1,1,1,0,0,107,2,1,249.48568875828877
0.002,0,123,original_screening,2026081002,250601779,b0ae8e33172a1d3b9e6bb1c86684d2e6653b2288b17207c2b5bf22d0634f0482,104,7,1,1,1,0,0,28,1,1,217.36162420264856
0.002,0,124,original_screening,2026081002,250601779,fd89052afde03dee6df4f92f58741bf3642429de1f3ae4aed7bce52e281acd6d,146,5,1,1,1,0,0,287,5,1,310.2294588538638
0.002,0,125,original_screening,2026081002,250601779,d418c8d1a61c0fec74ac1a45043c9b8d11f1395c557baa3f360c8489726b58a6,136,3,1,1,1,0,0,121,2,1,306.8346050367963
0.002,0,126,original_screening,2026081002,250601779,f383cd214722c4098dac5bfa57cf26066704cf22570b9524e945d92720a3e39a,113,7,1,1,1,0,0,73,1,1,258.72354818190144
0.002,0,127,original_screening,2026081002,250601779,7f4891b29bded1b6e550661224cdb0c25b188b8bf0e7e9d414ca830bc7be8b6e,143,6,1,1,1,0,0,77,1,1,262.3588326821465
0.002,0,128,original_screening,2026081002,250601779,0d04ee26bf09bd575d48abb9653c59d35919b3de2b945eef9a8c2f00f778906e,146,7,1,1,1,0,0,58,1,1,320.63928856612097
0.002,0,129,original_screening,2026081002,250601779,34106f176e192095b42a436b239a08ad5b33ca46f7577d1aca7cf54423c3c6d3,132,2,1,1,1,0,0,106,2,1,274.14651805909295
0.002,0,130,original_screening,2026081002,250601779,893de9a773c5ae7f44878df2dfc0a3e570f66269f8ecfc711437d6046c267db8,130,2,1,1,1,0,0,35,1,1,262.4225266852544
0.002,0,131,original_screening,2026081002,250601779,b5cab791674ffaaf49ec97131b4c56de81b21533a890abd7e348da5c2bbdc97c,107,9,1,1,1,0,0,39,1,1,197.49687784308315
0.002,0,132,original_screening,2026081002,250601779,4c7720346c36cf1e148dd61b0b57ad7ab5c529692a046d9e82ad3390d5212888,130,6,1,1,1,0,0,18,1,1,240.12450107294256
0.002,0,133,original_screening,2026081002,250601779,57cc00e789bdb77b8a19eba9ab4960010a4a52c710834784cdecefc528e2f91e,122,6,1,1,1,0,0,39,1,1,278.50212218960917
0.002,0,134,original_screening,2026081002,250601779,be4cbe314190d945f3da623d77d93ca869f5aaaeb03b819b80e9f1f0d8eaaedd,166,6,1,1,1,0,0,75,1,1,303.74694375108754
0.002,0,135,original_screening,2026081002,250601779,523bc9b3e84b9ec81b0d01fbbd90e79280d3906c23b82a3581ee2f13e44165d1,117,6,1,1,1,0,0,437,7,1,279.97063548732825
0.002,0,136,original_screening,2026081002,250601779,f8d0ac28ae2ecba4760c4ccc66d093a53aa23a64d73efea0fbf16d729fc0b2e8,78,3,1,1,1,0,0,64,1,1,160.37516729721727
0.002,0,137,original_screening,2026081002,250601779,44589b7c04143ed8ee2d7a18714bf4d22ed253e31736a0c3587f0c1bdcbd653d,136,8,1,1,1,0,0,119,2,1,296.70179954984184
0.002,0,138,original_screening,2026081002,250601779,9d70e8722fa2de9d84d4ceeab534f979f07a419796cf1d6b349fbc055f44d7a5,105,6,1,1,1,0,0,34,1,1,195.42167263168523
0.002,0,139,original_screening,2026081002,250601779,48eac149cab5d64b999fc1a3ad133853e30fad5180c8023dacbe7e9e46d57604,96,6,1,1,1,0,0,30,1,1,206.7455294053573
0.002,0,140,original_screening,2026081002,250601779,4fbd25ecf1b3491687950a16775fa6885eee8d1c9c17dcb4aaf7ffc85d8baf84,139,7,1,1,1,0,0,78,1,1,295.6723780100077
0.002,0,141,original_screening,2026081002,250601779,ae7915dda5e487c69022af12afb25898cd8370c16e93864980177aaa7fa626bb,122,6,1,1,1,0,0,78,1,1,234.8245788626862
0.002,0,142,original_screening,2026081002,250601779,0d244e7dc940c277e6bcfa03cb34584665c0d365efd6bc5672cfe8a77e8283c8,170,7,1,1,1,0,0,30,1,1,312.5884513759422
0.002,0,143,original_screening,2026081002,250601779,7e1c8aa7a2fd2fa44999867e2adfb28d854ac897937a559c0e91bd94fbccbb61,116,5,1,1,1,0,0,33,1,1,208.93264448434056
0.002,0,144,original_screening,2026081002,250601779,3bd026a0d1ca4e0894da35f97ebf1842c205c52cef407cd68d6aa59b44971cda,136,5,1,1,1,0,0,156,3,1,290.73309375349686
0.002,0,145,original_screening,2026081002,250601779,3d4a5b6b6ca8bc1b703289fc3e0863e038c208b85489aed0226c36bcc3932038,120,8,1,1,1,0,0,33,1,1,217.49793078019974
0.002,0,146,original_screening,2026081002,250601779,73e75e3b53d81cbbb437443d49c28e0b5c6ca0c532d0e7bc2f2f0d1b364c42f9,133,7,1,1,1,0,0,49,1,1,229.66635106424837
0.002,0,147,original_screening,2026081002,250601779,e91fd39f4597a208d98e17a5678a07762f599bfae34e7e9b8262a1ce61ecca91,118,5,1,1,1,0,0,42,1,1,263.37811985229314
0.002,0,148,original_screening,2026081002,250601779,881dca633284c4f03d0c5f808ccade3e81b3ceb748264384b4eb1123e205261e,85,6,1,1,1,0,0,46,1,1,167.40784710050062
0.002,0,149,original_screening,2026081002,250601779,9713a1029d97659b4f0a05bed77744143f72f0c0f375607ca9781d362380e311,135,6,1,1,1,0,0,22,1,1,264.2861881785266
0.002,0,150,original_screening,2026081002,250601779,f342e46c4866f425d62a9aa00ace98ab232648964633f30bee7de0ab39077f59,133,6,1,1,1,0,0,60,1,1,268.33442728708667
0.002,0,151,original_screening,2026081002,250601779,add7dcc0fa6a3a875aa362b19a0114b85b4f42c309a70035460c54842aa9d01f,126,6,1,1,1,0,0,155,3,1,244.70522252426963
0.002,0,152,original_screening,2026081002,250601779,3c6b385a38a85a1d9c0d091d2b9f12b8d2afa1a553c521547e8d4b025caaf6af,121,7,1,1,1,0,0,26,1,1,206.71755836709497
0.002,0,153,original_screening,2026081002,250601779,a36a4133ed557b514ec3d4b3616bfc01fead68d5a8e895898fd30912181e113b,117,8,1,1,1,0,0,221,4,1,301.5420159054768
0.002,0,154,original_screening,2026081002,250601779,8e0eba11eeeadd9106f7dd1e63fb78c5498db0df144151e2037d6bb1a9fae4fc,103,6,1,1,1,0,0,31,1,1,243.56160667402816
0.002,0,155,original_screening,2026081002,250601779,14753f197368b48ddd2c3a88c4d89b781a8a66438ca6d94596d6ca8b82ebe2d2,157,8,1,1,1,0,0,662,11,1,327.59066675985935
0.002,0,156,original_screening,2026081002,250601779,921fc59ab72ce4932059e47ecb1437fa7f4dd730b0468e43668b91dcfcefa06d,117,6,1,1,1,0,0,36,1,1,185.49472596464938
0.002,0,157,original_screening,2026081002,250601779,993e570a9606109942132af86dceaa1e1f8a5f8c017e8bcd1f1639272d9072b0,83,5,1,1,1,0,0,29,1,1,181.16335101340707
0.002,0,158,original_screening,2026081002,250601779,edcb4e94abb4bf2dbf3b0d9a4008d058f334ec2beaf5740705d4502e09fa2445,133,6,1,1,1,0,0,225,4,1,275.19655237177767
0.002,0,159,original_screening,2026081002,250601779,551013b66fbc3509561d9035823fc1c50d58da4a02f0e24e08e522224055acfb,105,5,1,1,1,0,0,175,3,1,238.7006456806898
0.002,0,160,original_screening,2026081002,250601779,f238e0121e738913ed948fe4e7e72c6d5b7232b325a24a0e91b10ebc9723a0a9,143,6,1,1,1,0,0,105,2,1,284.6594194840414
0.002,0,161,original_screening,2026081002,250601779,5b809f24cd4094aaf1dd2c9c39005ba3dd5cb13b4b11a12b134d009c90f0ccf9,141,5,1,1,1,0,0,35,1,1,290.5805545817716
0.002,0,162,original_screening,2026081002,250601779,c33eb1e3593b5c3b5db68eaaff7f79ab0e7991c57c3b7439a679e36da2a73552,95,7,1,1,1,0,0,186,3,1,225.08780411209835
0.002,0,163,original_screening,2026081002,250601779,32a2c81ff08724b68eb0096bb886cb0996db55a5f061a8b36d7102dcb82641a6,166,6,1,1,1,0,0,45,1,1,319.34644397274155
0.002,0,164,original_screening,2026081002,250601779,08035d9be865e003a82fa6fe0d9328311418dbb55bd6e75426d4912417d0a7c7,103,8,1,1,1,0,0,36,1,1,225.80535319612054
0.002,0,165,original_screening,2026081002,250601779,9cee13f1bb6776574e859b923014aae2340351ee79ef29067268d796a06fc7f8,111,4,1,1,1,0,0,18,1,1,229.03582347106973
0.002,0,166,original_screening,2026081002,250601779,24b4d33615a8fc6ca201badee2b91a3a720f9efdb41391b87f3a13b8aacd7a9e,90,7,1,1,1,0,0,120,2,1,181.69647799510702
0.002,0,167,original_screening,2026081002,250601779,e844bb09e855ae51aabaaed10a774aaaaeea50ce7dcca578341e0b3ae2b4b9f0,112,5,1,1,1,0,0,37,1,1,206.4242108876302
0.002,0,168,original_screening,2026081002,250601779,5d6e08a156abb17e5b124cb88bf2f0624f5ea9742196e61b81f2cd51cd45ba56,155,6,1,1,1,0,0,39,1,1,281.88919468113454
0.002,0,169,original_screening,2026081002,250601779,aab2533dbb29afb7ad0113923c4a75b4cc2e786ce37bd6bff06b0bab21bc02de,139,6,1,1,1,0,0,35,1,1,240.505076504722
0.002,0,170,original_screening,2026081002,250601779,9dc97d5a1d4d4311d947bc311f81910c31572f4123b6f73ec3a0391af04928ac,106,4,1,1,1,0,0,160,3,1,242.141259955667
0.002,0,171,original_screening,2026081002,250601779,254cef603b0d1f0c98f9997a6fe69fb8235d344cc9250824f9b3a8ac3f6c7f19,148,8,1,1,1,0,0,34,1,1,253.61201186998903
0.002,0,172,original_screening,2026081002,250601779,b390c86da2048a99832632c8d3d7f69ed6be244e03503c783dc24fe67ac8db57,136,5,1,1,1,0,0,14,1,1,243.037533318817
0.002,0,173,original_screening,2026081002,250601779,5235072100fb764fdf74d77727bf5f07185863e3b69a8d96a314f28c294709dc,121,5,1,1,1,0,0,47,1,1,225.128738883969
0.002,0,174,original_screening,2026081002,250601779,52b7da28f101fd0db66978c8720fc899b51847844e44c54850fc71d939a75114,138,6,1,1,1,0,0,78,1,1,249.64291152356293
0.002,0,175,original_screening,2026081002,250601779,db7675cee2032cf902b612771a6d713cc4efef5cffee41254a0d0f60e48eab46,153,5,1,1,1,0,0,123,2,1,335.74212148623644
0.002,0,176,original_screening,2026081002,250601779,b270e635a966e389ce9961565785614500b4a987b1e0ea77f1408f45621c1b59,128,9,1,1,1,0,0,107,2,1,260.8725356996916
0.002,0,177,original_screening,2026081002,250601779,7426eba90cda62fc035efdb64ad1c6221fc8db41302485957c3e256fc8af80d2,107,5,1,1,1,0,0,108,2,1,214.15297009542115
0.002,0,178,original_screening,2026081002,250601779,249a00996c88c23ecf079a8b31c42140d2caff45634b4eb3cb726808ebb1e63c,143,4,1,1,1,0,0,35,1,1,282.5967678285053
0.002,0,179,original_screening,2026081002,250601779,aee756d58c193d6ef798ee3a6a5fc9e31b11f94bc0c584a992354c7b30788d9f,110,8,1,1,1,0,0,109,2,1,256.21573670835994
0.002,0,180,original_screening,2026081002,250601779,aaafbcc46dffa3f5273a6f8969fa8cb6627995f52c2ca72ee46ad7e1f4c81072,105,7,1,1,1,0,0,20,1,1,211.19685009625738
0.002,0,181,original_screening,2026081002,250601779,e9ada01ca8dbadb70865201305502508e7ca318761172d9714ccd2d8e074454e,78,8,1,1,1,0,0,16,1,1,198.59299353481077
0.002,0,182,original_screening,2026081002,250601779,b9413d8b103086ea1b5015eac144c98afdb7ea0a70d1f62a21320fa649753f55,118,7,1,1,1,0,0,34,1,1,236.3067652831582
0.002,0,183,original_screening,2026081002,250601779,87af5773245d200e17484821ec07cb287e32731d6ac6590481305e729cc3b5af,131,6,1,1,1,0,0,105,2,1,263.640386957067
0.002,0,184,original_screening,2026081002,250601779,385e4848e866d170b7ba5b4db53cca4c284aea21c12461e34a4b5b90916739c9,128,6,1,1,1,0,0,111,2,1,252.37803505994273
0.002,0,185,original_screening,2026081002,250601779,ed162ec353d378469b591f442a26c3df98c8863da40915d6bba4e70f4347739e,123,4,1,1,1,0,0,66,1,1,240.32150187475565
0.002,0,186,original_screening,2026081002,250601779,aaae168444c99a498616bdd69bd6775613a5ee6c1c600a0c9d6c74e9f9cb03d7,103,6,1,1,1,0,0,36,1,1,231.82354245388785
0.002,0,187,original_screening,2026081002,250601779,2038c55fb1415b2fd9cd118bd192daa82834248d9a958b40359a8d2a40687322,158,8,1,1,1,0,0,31,1,1,286.4782347151712
0.002,0,188,original_screening,2026081002,250601779,e658710805704cebe9bcf8d7e2cc7bd32fd1eb29b7f00e7ae57a3fc703685024,106,7,1,1,1,0,0,72,1,1,199.6649223081289
0.002,0,189,original_screening,2026081002,250601779,7410ed28c972c7562cc156581b63f9b438866e96a59ade425b0e15c30c81ce53,81,7,1,1,1,0,0,28,1,1,155.48749699696182
0.002,0,190,original_screening,2026081002,250601779,c7806b706041a8c2068affe88bbdefe5b4e26020eda6f9fe23120cdbbc6e25bd,131,6,1,1,1,0,0,274,5,1,252.7411605140775
0.002,0,191,original_screening,2026081002,250601779,84d759bea1be1164efd383dc60b304919c8c1744cd4d984e3c40e091285ec912,149,7,1,1,1,0,0,452,8,1,338.96958119667204
0.002,0,192,original_screening,2026081002,250601779,07c748c90a4398a35d819c5433c0929a24984dd5697456a83364ad3adac31439,90,5,1,1,1,0,0,35,1,1,166.71311822988173
0.002,0,193,original_screening,2026081002,250601779,5a9d7f9a5002d6b5758d872e965b923b371bd80c8804517b9817b7468366401c,118,8,1,1,1,0,0,46,1,1,221.27942559802233
0.002,0,194,original_screening,2026081002,250601779,41047e6f6e5e83dc016745e962641ceaa0807a078483fc74c4e3772b8801d023,117,7,1,1,1,0,0,24,1,1,221.11792388537054
0.002,0,195,original_screening,2026081002,250601779,7d87939cedad813c1c7106109fd2ba015fe8bdb0f82f0b036b1c5dd2c1e3c81a,180,8,1,1,1,0,0,50,1,1,324.037789933589
0.002,0,196,original_screening,2026081002,250601779,6514d7faf535f169e063535dd2e27d584cdb4d2045c0897ce7aedbf5a5b53902,122,4,1,1,1,0,0,47,1,1,214.73646253814914
0.002,0,197,original_screening,2026081002,250601779,c0d7e193c9b1790a6a84d3009f3217f52f3d9899f7bafedf759750299e564116,131,8,1,1,1,0,0,186,3,1,302.06788845753806
0.002,0,198,original_screening,2026081002,250601779,bb08bcffb5de6ce86444aa52e48e2022ce558a1a89455cbb8ec7fa37e4b84c6e,98,5,1,1,1,0,0,61,1,1,240.7968509936859
0.002,0,199,original_screening,2026081002,250601779,dcf29e4f57107281d3e1dbda107d0dd14e58ca19f35f61df5b8467f6d38f8704,138,7,1,1,1,0,0,39,1,1,289.83848643799337
0.002,0,200,original_screening,2026081002,250601779,2f12622c3fc77b245ec54e54da0725b0f096d7afa5a3e5870290fad862fdaf8f,82,5,1,1,1,0,0,24,1,1,243.42856162813595
0.002,0,201,original_screening,2026081002,250601779,9915fbbc08a9c74130b989bda01ff2ab738bd881a4596244ad6f2e3056348a5e,105,6,1,1,1,0,0,122,2,1,210.63277407203714
0.002,0,202,original_screening,2026081002,250601779,1bbc60766fe6e2d90494468d7569a6cc3368dcde8ef82709d0a369a7e645f04d,139,9,1,1,1,0,0,58,1,1,247.77356674377097
0.002,0,203,original_screening,2026081002,250601779,63f2e256eab9d311f1a2d37ad1f3c70a52a9ca05ec1c141a3af7707ca9da038e,119,6,1,1,1,0,0,46,1,1,233.64977990785064
0.002,0,204,original_screening,2026081002,250601779,490cf0b9586c73d448e88aea1bb75527cfba97ef6d62e42c7802208f87cf1291,97,7,1,1,1,0,0,28,1,1,183.23188748561864
0.002,0,205,original_screening,2026081002,250601779,529eb31c7a441e29439c1aae413b3fbbd8ee1f82c79a2aeeda742ad0b45442dc,113,7,1,1,1,0,0,61,1,1,228.40534922108014
0.002,0,206,original_screening,2026081002,250601779,3babd6da7168bbd6337360a1a8c743dd241ca6dd45414991675a7b31ecf9ad6d,145,3,1,1,1,0,0,158,3,1,297.78196522293115
0.002,0,207,original_screening,2026081002,250601779,e74f3e82bdb6c5992d1412de128a98951901a0b10e6750e5a6badecfba91bf6a,127,6,1,1,1,0,0,50,1,1,247.67070294976392
0.002,0,208,original_screening,2026081002,250601779,51dcf419ac14c1d66c10f933e435c3689dae04d7a286896bc2e83833d686cd6d,134,5,1,1,1,0,0,39,1,1,349.3870172016873
0.002,0,209,original_screening,2026081002,250601779,1ed0b9dce2479836bba0ef70f61ee736c854f2600d85fdeb88a16bb5cd315542,114,7,1,1,1,0,0,76,1,1,223.19404122486645
0.002,0,210,original_screening,2026081002,250601779,60911fa2f2e3bc14ffe0c96b3b631e5a3bc54ca9542531134c9fa25c9f52f7f4,165,7,1,1,1,0,0,72,1,1,320.85651151541197
0.002,0,211,original_screening,2026081002,250601779,85fc382ba791f1c5d8ccdb52f9b11b7905387ddfec7d7fade30d2acaa1c7ae3b,144,9,1,1,1,0,0,50,1,1,301.5409187596323
0.002,0,212,original_screening,2026081002,250601779,012ab82e114e5d3cf130ab35b39d653dd2462e5785e917ccf65742f3316a91ff,162,4,1,1,1,0,0,41,1,1,291.47201662442376
0.002,0,213,original_screening,2026081002,250601779,5476fb8cd4cb92bb31001ce53c8c4892f579ca99c59a3645d39b31a327d98d6a,113,7,1,1,1,0,0,46,1,1,201.52933686974455
0.002,0,214,original_screening,2026081002,250601779,e1cec9dd94038dc57e86843d4c8afeb176b282ca4dc52e6c1354bdaf9ae5f802,129,8,1,1,1,0,0,23,1,1,230.78444256568923
0.002,0,215,original_screening,2026081002,250601779,240496445503b5ad5b868bd8566d5f828170cb6d6e21f803ce48f6edc1f4b8a1,147,7,1,1,1,0,0,18,1,1,285.10177635984456
0.002,0,216,original_screening,2026081002,250601779,dab68b629a07fd74020db31b1eb762ad3f76513d7cf802355c692e26661c0f19,121,3,1,1,1,0,0,31,1,1,254.83647744675756
0.002,0,217,original_screening,2026081002,250601779,921aa6f9ea20bf55cf9221d692ea0e7ab49f5a59df3862436a9575a2a6e29987,158,6,1,1,1,0,0,42,1,1,299.78239495393905
0.002,0,218,original_screening,2026081002,250601779,edd1da5edd78a02b452c1fc3bf08640d534d71c77e31285e36f1d2a771ca7c98,94,7,1,1,1,0,0,52,1,1,195.51422031559886
0.002,0,219,original_screening,2026081002,250601779,689933293c25b23fae8b519dcdf805036f12c42b8f74db0adb75817c9970c816,122,7,1,1,1,0,0,46,1,1,227.64219753954825
0.002,0,220,original_screening,2026081002,250601779,2d31ec872306bfb3aae4bf1252dddf96b0328de00311820de5c058ec3e93abf4,119,5,1,1,1,0,0,30,1,1,219.41656056972622
0.002,0,221,original_screening,2026081002,250601779,1bae2fe445292a8fea8181b285ff317e00b9730dc961f4892db25bdbfc82f40b,173,7,1,1,1,0,0,65,1,1,318.78701082081
0.002,0,222,original_screening,2026081002,250601779,80676fcc26fef082116d8dc4d1f068a8947f08d5090f556a53793e0dfc62f355,167,5,1,1,1,0,0,112,2,1,357.3933269172437
0.002,0,223,original_screening,2026081002,250601779,492e435940575624a533956965dfbd4c5a603e8ff66dc0859c4e19177dfabcf1,154,5,1,1,1,0,0,61,1,1,262.43948638011824
0.002,0,224,original_screening,2026081002,250601779,36b9639a8b5cfdd6358ccb598003c679488adeef8d2607c4aacb3c32d6caff15,145,9,1,1,1,0,0,69,1,1,265.00358706431024
0.002,0,225,original_screening,2026081002,250601779,ef83145251779e8a55c1a3126b2832d7ea31de18b5a8e0062d42bf2d4dac4f97,112,7,1,1,1,0,0,21,1,1,215.14153815368837
0.002,0,226,original_screening,2026081002,250601779,d740e72442e6fb3392b2bb31a62b9fd938a7f3b5cb575e69dd2c0c22689b5a9e,97,6,1,1,1,0,0,21,1,1,194.6746422375769
0.002,0,227,original_screening,2026081002,250601779,bf04531362f1354caf6c6869f993e5230a5f674697e72891b6c5bc324c22c6b0,97,5,1,1,1,0,0,17,1,1,179.50124806486576
0.002,0,228,original_screening,2026081002,250601779,e0e5b0fec452c6800d405b6d1d242a3571b73f35c16732754247e2be660b1ce3,110,5,1,1,1,0,0,22,1,1,231.91957590654425
0.002,0,229,original_screening,2026081002,250601779,305cebfe0422d86a23ca6309f8ef4ad8f3b94f4a5273dc857957f420a6fef64d,122,4,1,1,1,0,0,41,1,1,268.6613063731421
0.002,0,230,original_screening,2026081002,250601779,37787e8f1b9800edbdc301f64bbd518f5d22da7822ef1568683615dcc5bba550,118,7,1,1,1,0,0,34,1,1,211.85897129587846
0.002,0,231,original_screening,2026081002,250601779,f2df3ae4a76309407500f5491f9d886196f82ea6695971cf74bbb4e430872d56,132,9,1,1,1,0,0,26,1,1,233.73437592420487
0.002,0,232,original_screening,2026081002,250601779,71d102c08a1942a4f16059e062fca8d86dfe416e2bdb834e175b98fe84151ae0,70,6,1,1,1,0,0,36,1,1,163.99371111697846
0.002,0,233,original_screening,2026081002,250601779,4ebb654e9eb64f1dcb450fd41fe64da7d75c336ad1f3cafef0cf9f7b1c5b4722,180,8,1,1,1,0,0,31,1,1,407.49446226028795
0.002,0,234,original_screening,2026081002,250601779,2841a365582e3ca06f97d5190b54df92b09cb5e219cd5417c6eda6bdd2bd71bb,144,7,1,1,1,0,0,25,1,1,266.6110355362722
0.002,0,235,original_screening,2026081002,250601779,7e97137eb492db55d3ce3651ddb3bfcee108f30f2068747e5ff584a09e45ea44,127,5,1,1,1,0,0,166,3,1,281.3801192953227
0.002,0,236,original_screening,2026081002,250601779,ad256938c2e89b9f8b30a18863a14e77e0e6f5011ab8f27a9ce827d5816f2dcc,133,7,1,1,1,0,0,61,1,1,302.3699799068822
0.002,0,237,original_screening,2026081002,250601779,45651db3c8b7e3dc77c24b1b89e0636dd5a3a96593ac44a79203d8cacb4205a0,121,9,1,1,1,0,0,34,1,1,245.9364654147994
0.002,0,238,original_screening,2026081002,250601779,5ab12eebc0bfcb1aeaebb199fd10a3de458cceaf51f8d5f0712ab2c781294346,121,10,1,1,1,0,0,194,3,1,242.9697100479578
0.002,0,239,original_screening,2026081002,250601779,75f690c1e939dd2ff3a73ae21c3a4f570f869088b34fef836c6a1b7d12b107a8,109,8,1,1,1,0,0,216,4,1,252.55280380966502
0.002,0,240,original_screening,2026081002,250601779,859db081df130da213966441b3e2ce07394fad276a3e71a2c1b33b4403087279,86,8,1,1,1,0,0,119,2,1,180.19406882447714
0.002,0,241,original_screening,2026081002,250601779,d9ce4df427e037e76007f4930e4ab3bb4684c03fcd7a2ebf6836e38c0f13f9ab,84,8,1,1,1,0,0,37,1,1,285.479791177712
0.002,0,242,original_screening,2026081002,250601779,07b88abadda3181d59d83c9f5dae3331a20b796ef09c8537c10ee70e2a5b5965,95,7,1,1,1,0,0,17,1,1,198.4022289936872
0.002,0,243,original_screening,2026081002,250601779,a72a2795397f95ba4524ecf8abefc6cd706c96efce541e77ecbcd61b3ba0bffc,135,6,1,1,1,0,0,20,1,1,255.89776620338296
0.002,0,244,original_screening,2026081002,250601779,234bea31862391b2a331de9cf93b4267e1510ae8edf3f1c4a1d960147ab020cf,139,6,1,1,1,0,0,53,1,1,259.63828860991026
0.002,0,245,original_screening,2026081002,250601779,3a4e4ec42c059f2b4ac66efb4a2e4633f200abc26afd1adbfa6b95006711ae6a,111,4,1,1,1,0,0,39,1,1,203.9088777548842
0.002,0,246,original_screening,2026081002,250601779,89db4f5db52f61b0f69fae6af2c44bb4ac63eb4c3b18ed8b2ee342211bc7f5cc,117,5,1,1,1,0,0,49,1,1,230.11837011991219
0.002,0,247,original_screening,2026081002,250601779,a44d11f51c58f8f47ed04b32d43f8024d4d1ea4307eeee1dc41a2b45114deb49,138,4,1,1,1,0,0,102,2,1,266.0240009197846
0.002,0,248,original_screening,2026081002,250601779,1d4a7837045faa87c77c07ab907e1d55967c3cea3cf56a2a04ea383b9cf13455,123,6,1,1,1,0,0,21,1,1,248.97966124853656
0.002,0,249,original_screening,2026081002,250601779,16bd5aaec05a790a54277b44987e36e6db4245efa8077c6e000c0db09e53b4c4,98,6,1,1,1,0,0,19,1,1,208.39616884454395
0.002,0,250,original_screening,2026081002,250601779,14f44d8a22a1129f768190722e2c2ae12cde9f3e097e1f8818137ff8e2b93e0a,103,5,1,1,1,0,0,35,1,1,196.23134653274406
0.002,0,251,original_screening,2026081002,250601779,6e81907b334ee40e69f7f0847a95582e71e8a815bf9f2eafcff12b471b8d2fa8,91,9,1,1,1,0,0,24,1,1,167.72569472737135
0.002,0,252,original_screening,2026081002,250601779,12aaacbfdabcdbae0017bfe3d7189012268e131c8c50608482d5fd1a300ad818,92,6,1,1,1,0,0,28,1,1,164.23028105169666
0.002,0,253,original_screening,2026081002,250601779,f1a689db19f995c136c2bfdccc245e0d040eb44eb0b2de2107cb33996fc74c71,80,7,1,1,1,0,0,17,1,1,151.25562179603247
0.002,0,254,original_screening,2026081002,250601779,3362e01b17bef6f2a4f2ec97f0c388651e66ffa3b15b6657af5e2dadd1fa8961,121,4,1,1,1,0,0,22,1,1,243.11376709848946
0.002,0,255,original_screening,2026081002,250601779,9c89e139930e50eb646a2435ccb534d3e301dee040edaa8a044b70de67846676,130,7,1,1,1,0,0,46,1,1,256.04719181526826
0.002,1,0,expanded,202608140001,250801780,111267124e91e4b713588047eb2c12077ea47c8baa880e2a546229d9978f4c17,123,5,1,1,1,0,0,36,1,1,238.86506671655746
0.002,1,1,expanded,202608140001,250801780,a1178d19ebe92266fa690b1b9ddb6abc23681a4895a05510772e441c8d792bd8,132,7,1,1,1,0,0,210,4,1,291.27971142275175
0.002,1,2,expanded,202608140001,250801780,1d4239da13af0d1a92610c45c4c7d257ecad3adf09111560f6d090bea17d6ab2,151,7,1,1,1,0,0,47,1,1,293.4344355922817
0.002,1,3,expanded,202608140001,250801780,78cfc1f5f0aeb373ecd246c2f5a97b200ce9a394893ddb9cdad3f8e98185596f,79,5,1,1,1,0,0,30,1,1,162.3608461469388
0.002,1,4,expanded,202608140001,250801780,04cbad2e021a5aed1ade96490299b42876592e8a009b37c7d441a15fcf72b371,126,6,1,1,1,0,0,74,1,1,253.995496403915
0.002,1,5,expanded,202608140001,250801780,9dbfa57ace30f7d26a877340ab7489e8d5b71b065a578193beb14d9655a52793,95,6,1,1,1,0,0,44,1,1,192.05502737086766
0.002,1,6,expanded,202608140001,250801780,7c8d279fa23259ed58727cafe3536daca1a995276348c43542b1dbbced77cc7c,102,5,1,1,1,0,0,132,2,1,205.67740283959256
0.002,1,7,expanded,202608140001,250801780,8b326dfce1df4d98f880a550d047bce1484be6acb7182bc71205ed3bebd29f01,113,7,1,1,1,0,0,56,1,1,212.3987448720618
0.002,1,8,expanded,202608140001,250801780,4eff5ba496e354bf76cad22812ecf62750c25eebdd576dbf826bbdb8368e9d1e,118,6,1,1,1,0,0,58,1,1,213.53329674998622
0.002,1,9,expanded,202608140001,250801780,afc82b686411e3d55594a39df2f0c8c36d9c2c455271409ff599375f879e6c8c,92,3,1,1,1,0,0,15,1,1,179.62069253783096
0.002,1,10,expanded,202608140001,250801780,a063887d67700bdf7365371998b4a408d1f6ee974a694c8fe018f46e6c839447,111,7,1,1,1,0,0,24,1,1,209.22800195354125
0.002,1,11,expanded,202608140001,250801780,d742df4bb1cabef15b78c7ef96cefb9cbdf841b69c28971f525bb549f467560f,130,5,1,1,1,0,0,19,1,1,251.3941453263643
0.002,1,12,expanded,202608140001,250801780,8fc620d74a88c1cef0330be1d214e85d8f43786daadf9efdb5a61bc9fca750d0,114,8,1,1,1,0,0,44,1,1,216.14422200624116
0.002,1,13,expanded,202608140001,250801780,4a5810c5c7fbc3b258284279abeca61eed9d27b267c841054beb9c890b71435e,151,6,1,1,1,0,0,110,2,1,309.4759041491707
0.002,1,14,expanded,202608140001,250801780,b4522847511548da548bab709249736d0e61c9ce6941fe43744e15b37ca0710e,94,1,1,1,1,0,0,65,1,1,177.14141323853823
0.002,1,15,expanded,202608140001,250801780,7267abe03703c66484931c910ded3b882bdae6e5e6a78bb5a1ad1868e645fb5f,135,7,1,1,1,0,0,31,1,1,254.31600220485524
0.002,1,16,expanded,202608140001,250801780,4f209a535113bd92a6700e3abaee2ac4f1a34a2101c2b958187dd66235d4210c,139,5,1,1,1,0,0,54,1,1,273.32546158850795
0.002,1,17,expanded,202608140001,250801780,16a6615c7eefec42668903f01af605aa70fe77cc8553991573d31f3b86556336,125,5,1,1,1,0,0,38,1,1,224.4623806796218
0.002,1,18,expanded,202608140001,250801780,27306bb9744d0b1dd5ce295de13bef7d821dd7bfe3cac585491e8da237643d97,110,5,1,1,1,0,0,38,1,1,231.47095059786386
0.002,1,19,expanded,202608140001,250801780,4013677b0193904dcec2e8b15c34586d44db80dfa70dfb2b747bdeeec472f676,130,7,1,1,1,0,0,29,1,1,268.6464901092161
0.002,1,20,expanded,202608140001,250801780,11ffcbb93bcfda2da5af302d40a94b99b5248184b8af18b41fe860d5fdda6943,138,3,1,1,1,0,0,31,1,1,257.8126237085373
0.002,1,21,expanded,202608140001,250801780,560f12824f5c1a46ff31655a2b96b4ecf0a8061a4c95eaceac7aa70f9dca58b8,134,7,1,1,1,0,0,64,1,1,222.52640951908907
0.002,1,22,expanded,202608140001,250801780,85e889ded249a4561194b9260d286301424dc6de1132696855ae6b04ce566ede,94,8,1,1,1,0,0,139,2,1,196.2287178997554
0.002,1,23,expanded,202608140001,250801780,91b9c5129bbe3e173cbd8169d8d983095d520bac314abba3e85ab1f066624cef,110,6,1,1,1,0,0,25,1,1,266.9936515377728
0.002,1,24,expanded,202608140001,250801780,6257f1c9e32f2190417c42687089f396996d1057d84ba12579738e44bcfc54c4,118,5,1,1,1,0,0,21,1,1,238.41877624522124
0.002,1,25,expanded,202608140001,250801780,25d0e816d34619c4aef0cb473fec2445b35c458ba0f0b0bf0c565a6f9091da45,134,5,1,1,1,0,0,28,1,1,286.6193793122324
0.002,1,26,expanded,202608140001,250801780,a1296fb70c03e3a478a08e562373627db936639b965d681a4d11f5d69018873d,149,4,1,1,1,0,0,36,1,1,324.9199640559933
0.002,1,27,expanded,202608140001,250801780,9fc030789fcbbc06ceff7e56608ebe04ee3267f880f35e29d182b8cd8fd51075,125,7,1,1,1,0,0,39,1,1,250.89477863200705
0.002,1,28,expanded,202608140001,250801780,3e16773f3bf7d1836d8db9e75dae894118cadf3cdec9cb37de71482a0ea6b6de,107,6,1,1,1,0,0,37,1,1,190.20041045665997
0.002,1,29,expanded,202608140001,250801780,57166efd5282785cc07c36d65eb321448bbaae1535005677768f4e951126b361,150,2,1,1,1,0,0,103,2,1,315.2777629973689
0.002,1,30,expanded,202608140001,250801780,2bf487664d988bc08f6848c9a38f9a474096c8df30f335aee981991f69197d02,109,5,1,1,1,0,0,44,1,1,206.23735054053822
0.002,1,31,expanded,202608140001,250801780,042e900ec68d1f99bd9959e98b249c0c6809314d3a8f3352f3a675bf697e6026,129,8,1,1,1,0,0,51,1,1,248.47566936418022
0.002,1,32,expanded,202608140001,250801780,c8d1bc8177daf63b1f3b1bd52714e91e27b0fe9ca1c2b56a1a3a0e39de6a2e20,108,7,1,1,1,0,0,42,1,1,224.38028440716698
0.002,1,33,expanded,202608140001,250801780,59fbe5697141df4de39adeac25973a71cd617b10244aa3f48bc1f5f808174486,135,6,1,1,1,0,0,71,1,1,240.59955941465222
0.002,1,34,expanded,202608140001,250801780,e729c4130385d8e44cab8591cda5fb6aba1dab369b58c18dbf65e7403b1b1390,116,2,1,1,1,0,0,103,2,1,225.06721350483267
0.002,1,35,expanded,202608140001,250801780,4b55ca72ecec8c9de188e9ee41bffbd5c0230ba663364f81b3b3d2edd58bccbb,148,7,1,1,1,0,0,24,1,1,283.7764533582604
0.002,1,36,expanded,202608140001,250801780,6bd5e0f808f69f32f94348ba74ece61367cc1865418321db86c70af595937fe7,111,8,1,1,1,0,0,57,1,1,260.822699725121
0.002,1,37,expanded,202608140001,250801780,1786b5e5c8c7e7bbe2269f94a0b6bbf40a6b29812b867056402faaab92796086,116,8,1,1,1,0,0,32,1,1,255.08898545140687
0.002,1,38,expanded,202608140001,250801780,4e61efb23859b5476860b182ad0e67625424889ef4f13efb5b0de4d7fb129b9e,123,10,1,1,1,0,0,99,2,1,219.31667865651502
0.002,1,39,expanded,202608140001,250801780,325571613989ae803632baa2ed57669560d41b03cebaee2e1c4247cce7d8383f,155,6,1,1,1,0,0,23,1,1,344.02125854384974
0.002,1,40,expanded,202608140001,250801780,1e3befed6ad51e1c19cf49a1ce14aabc0b4e0ac40a541abb6d0a0d5d350d9b29,113,4,1,1,1,0,0,30,1,1,203.42558056625998
0.002,1,41,expanded,202608140001,250801780,720860b88c71f48dc7201d7eb1fc746de396d3e89a3cb1e0e699fb20f8ec26f9,97,7,1,1,1,0,0,37,1,1,248.44673377606964
0.002,1,42,expanded,202608140001,250801780,155f0c44517545c055c28373f54322c0e63a76c8154859581f0b5dd343869df6,161,6,1,1,1,0,0,340,6,1,354.8374403447106
0.002,1,43,expanded,202608140001,250801780,bd81562efd2980c661c8b45d0df49e7a3d60b1e5c98508e6138c60d7f8a5ec13,86,5,1,1,1,0,0,19,1,1,150.0868715833607
0.002,1,44,expanded,202608140001,250801780,dcacd716d97830816d73b51d9323a117e9d4ec155083e668d518336eac4ee24e,141,7,1,1,1,0,0,69,1,1,273.4608191034864
0.002,1,45,expanded,202608140001,250801780,f727c1d543fc3473632873f3822e6e4a9e894b1636374fe283cd19fe03924cff,165,4,1,1,1,0,0,29,1,1,286.2562773210261
0.002,1,46,expanded,202608140001,250801780,64205e52c241988e40e384d7ff30777a86b27448a7cf6dbbf557d6ac427a4e92,125,5,1,1,1,0,0,137,2,1,283.56576739230735
0.002,1,47,expanded,202608140001,250801780,78243df7ea0b0bda70291bec73316b63f4eae7341c729eec1f2ae0c53c910dc4,139,8,1,1,1,0,0,23,1,1,270.29768274030727
0.002,1,48,expanded,202608140001,250801780,6b26c4387529beb06301237038478ec3dd2dff7c4654f9b9d0d38625abceb3e2,128,4,1,1,1,0,0,45,1,1,247.64557680323145
0.002,1,49,expanded,202608140001,250801780,4a7b19100e91b4cd95d18ef4748906476d38c2cca4d636399fb2e0e23ba85176,100,8,1,1,1,0,0,24,1,1,209.5366867904111
0.002,1,50,expanded,202608140001,250801780,98a46240c26b3a75aeb956c6ad8e07ca82cb9b2d88df140dcedc433adba6af37,113,5,1,1,1,0,0,41,1,1,204.28493833580723
0.002,1,51,expanded,202608140001,250801780,4be76c9a58f620f0f2eb5c7411dd46de0b1cf2f767cfc401d6fa4b1f2aba300b,93,5,1,1,1,0,0,27,1,1,177.81568869986117
0.002,1,52,expanded,202608140001,250801780,9a47992a30424312ac148e9b69f27fd6185743ccd7b06b5c297872bf753b0337,124,4,1,1,1,0,0,104,2,1,239.70150141282784
0.002,1,53,expanded,202608140001,250801780,0d08b12f64e5af237e9518606658f7434b84bd402e6210fbd9bb2164441c478b,137,10,1,1,1,0,0,79,1,1,328.23657865442306
0.002,1,54,expanded,202608140001,250801780,4fea192fafa0494c6fbd3da5420cd6f371c76040ce07224d7af4756b30ae5897,130,5,1,1,1,0,0,51,1,1,261.61949723449135
0.002,1,55,expanded,202608140001,250801780,2b00c70de18ab97aba5a3fbd97e34e4848400e0e82b3d5aa8685cb255f42e271,113,5,1,1,1,0,0,42,1,1,265.62621398821864
0.002,1,56,expanded,202608140001,250801780,4af380c3e2fa38cc22d2f83a8b3f2eee0084511210f5cb780dcd750dc7068701,110,6,1,1,1,0,0,22,1,1,210.87788681157755
0.002,1,57,expanded,202608140001,250801780,6cc107fc53c943b25c168dbb06214491734c344b487ae607bbc389e1be655c47,101,4,1,1,1,0,0,28,1,1,187.171314964126
0.002,1,58,expanded,202608140001,250801780,1c28a0004544b5ee84901fcf71293495729729ad8ddf7d878aead7965b4716d5,129,6,1,1,1,0,0,75,1,1,268.32832695576496
0.002,1,59,expanded,202608140001,250801780,e74906e413adf997d1cf3a64a65f5596dbf0440fd4042048f20ff1eb728ea160,107,6,1,1,1,0,0,41,1,1,202.66928705382696
0.002,1,60,expanded,202608140001,250801780,b59a1c8cc31359307e17616d9b41d6b51a99a9adfc00b7d321da977a0529c547,183,4,1,1,1,0,0,31,1,1,358.41052949300246
0.002,1,61,expanded,202608140001,250801780,381264e7851c60121042a7929c4601de8d2bb5c556ba44497e32ea4171d630fe,137,7,1,1,1,0,0,67,1,1,262.50758628670326
0.002,1,62,expanded,202608140001,250801780,b5e70ef9f14066c83d44a17fe71fb11efc5ef12a71c233ba9e73a2ba4739c1b3,107,5,1,1,1,0,0,56,1,1,297.17809782359205
0.002,1,63,expanded,202608140001,250801780,7373f44d6be30a1cbde63c380258cc0d353b64854f39221c7af025cb216e4bc4,126,6,1,1,1,0,0,26,1,1,243.17914500253534
0.002,1,64,expanded,202608140001,250801780,8edf87fe9d0eedad6f95a662e81c05c5eb39b351c9005299fe1dd38321080fe2,131,6,1,1,1,0,0,123,2,1,278.39666226264774
0.002,1,65,expanded,202608140001,250801780,56860315fb7aad2e156a2b05018bae04e2958b91e6f1912e029c4b9274f13520,144,4,1,1,1,0,0,31,1,1,274.8609712772457
0.002,1,66,expanded,202608140001,250801780,5e84ea88093e554c72d1dd85bdcf0d04a74a947fd008a5961347990c831eab42,96,6,1,1,1,0,0,40,1,1,186.23727049244303
0.002,1,67,expanded,202608140001,250801780,d87bde1bfbd6ac36abee1e826d0a1cc06c0ccf0ab988925854cccf098cdf07c3,125,9,1,1,1,0,0,43,1,1,216.83258732045059
0.002,1,68,expanded,202608140001,250801780,66a7286483fec54fe73e25efc7824601407efbe16f06d7855669d2edc06aeaae,93,6,1,1,1,0,0,27,1,1,165.97567547812034
0.002,1,69,expanded,202608140001,250801780,d61cd0190bcf798aa33fa23dbce6bebfeb87953eba3d8e015421131c4a06ea57,116,6,1,1,1,0,0,60,1,1,231.51003846083972
0.002,1,70,expanded,202608140001,250801780,b0a92f7762b2398b8dd283188f891a4031b8a84f20755b2560b54cee012d3544,136,5,1,1,1,0,0,54,1,1,233.4450372744037
0.002,1,71,expanded,202608140001,250801780,5f4fbf0711c12dc66953ca2db5694883a1a3bdc3cfd90da3af919ea05c34922e,146,5,1,1,1,0,0,427,7,1,338.12739063828707
0.002,1,72,expanded,202608140001,250801780,06c6bd7fb74a30482aad9e4f1de0bbbd7706165617673cda77a804e288048461,123,5,1,1,1,0,0,49,1,1,218.98312619304585
0.002,1,73,expanded,202608140001,250801780,b4e12639dc73c3c0bc5cea33f1071427eb1f7ea73573467fc85e08f825a2eb32,127,4,1,1,1,0,0,22,1,1,284.9105320336543
0.002,1,74,expanded,202608140001,250801780,bbb3378cb4a6cb6947007f609806cfdb478e7a13f39960b797cfd77f9588ae72,110,6,1,1,1,0,0,51,1,1,231.31237719881676
0.002,1,75,expanded,202608140001,250801780,39a9dd69086033c7d3a8b93eb9fb22efcbaf7c779628a1948750efcb7af0006b,116,7,1,1,1,0,0,106,2,1,254.1900958876538
0.002,1,76,expanded,202608140001,250801780,7b029c77872ffdb099b3362ee217123b9c8c8f45f32c92058391e4ab85d210ad,73,3,1,1,1,0,0,29,1,1,147.67075129934057
0.002,1,77,expanded,202608140001,250801780,7b3b3456670a1d895cfd887e517b9dde36faaafce312c64a8b62a66895f4e837,130,6,1,1,1,0,0,115,2,1,267.0406689742091
0.002,1,78,expanded,202608140001,250801780,6a65660b9ceff33a914b13fed627306316c40838fc64ab56c6ebd152904f7350,123,5,1,1,1,0,0,47,1,1,230.43385939999288
0.002,1,79,expanded,202608140001,250801780,3e43cc25326e6457ef749a5e42fd8679cfe1bfbbfb96a951f4083683ac29e994,123,8,1,1,1,0,0,40,1,1,239.90167681563335
0.002,1,80,expanded,202608140001,250801780,5178cba2738b8b37f8e5f3f174f04ea08c77b8389724e5bee0d2445ad42c4956,129,10,1,1,1,0,0,41,1,1,291.6779186258269
0.002,1,81,expanded,202608140001,250801780,ab1e1cd033c0dec1a4b69c219c560b84be504f9ea9c331c550b99764cd48516b,79,9,1,1,1,0,0,27,1,1,150.0927144090221
0.002,1,82,expanded,202608140001,250801780,dcf475fbc9902f119fddd6bad39f2bf69abeec350d434e3a0295aafc0edaaccd,145,8,1,1,1,0,0,853,14,1,345.28682202641977
0.002,1,83,expanded,202608140001,250801780,af1f0e50e4d97270e04a5df8d0dc89c8051650c0b9ffa29ce0c8da056a990ef1,96,5,1,1,1,0,0,108,2,1,182.19156269087853
0.002,1,84,expanded,202608140001,250801780,825040971315fd815f9a5d395ae4b1a36b89d494b7eac96d1e824a4d0a255540,105,5,1,1,1,0,0,45,1,1,199.6809047083335
0.002,1,85,expanded,202608140001,250801780,a69c6ced7a9ece8a27d4a78f6eaf5991acb27537da5574d540c998e69c95795c,132,7,1,1,1,0,0,53,1,1,249.233794079644
0.002,1,86,expanded,202608140001,250801780,18b9419406930562e758780ce92b6b235c5249bfbba556c64cc82aa68e896e4e,145,4,1,1,1,0,0,172,3,1,310.80518419863034
0.002,1,87,expanded,202608140001,250801780,9aacecb3683bcc3e14a7b9f934cf5dc38d4aebf144ec80b4f3b130846aefd070,97,8,1,1,1,0,0,30,1,1,206.37060243768335
0.002,1,88,expanded,202608140001,250801780,b41b1941a2675ae5ba1ace7d752650f814c0f1f1af08c655fb54db6cbadad2b7,111,8,1,1,1,0,0,32,1,1,217.43240226680888
0.002,1,89,expanded,202608140001,250801780,d0d3c475594abf2b2cab8486a32a3fd686a7780864477331654a433acf2dc46c,83,6,1,1,1,0,0,56,1,1,202.02586727440786
0.002,1,90,expanded,202608140001,250801780,995340a6a92486559fe033df343ed326705531099808833f50b9be3a011aa290,118,4,1,1,1,0,0,57,1,1,228.7442359594859
0.002,1,91,expanded,202608140001,250801780,90b473a7fa5ec90621058d35795a2fb8ff2d04162f5e8b05ac4cc04a9c682aa0,116,7,1,1,1,0,0,13,1,1,215.7408623170896
0.002,1,92,expanded,202608140001,250801780,b441ee73ff6929c7d08c142f010c7fd1c5b3089a904293ea4c8983b8f29fdbc4,127,8,1,1,1,0,0,59,1,1,226.48138348679066
0.002,1,93,expanded,202608140001,250801780,9ac2f1816864d2ad24529f3d36558bba14306691d64205260bf5b305cf434b00,109,9,1,1,1,0,0,29,1,1,197.16266601307817
0.002,1,94,expanded,202608140001,250801780,2a6f0c891ec478155e7fa150cc064a9ca79a307ec871063973c98d9c0c8b3367,146,4,1,1,1,0,0,71,1,1,324.21134776968523
0.002,1,95,expanded,202608140001,250801780,5569f4a72845082ab7362f951ec88cb07e201e7886903bca8a4771cadd4062ce,130,5,1,1,1,0,0,51,1,1,245.39560801280837
0.002,1,96,expanded,202608140001,250801780,27ecb230a284387a619d1d6798e01ae9d1d7a3eac5738b017e678e120ce6f355,109,5,1,1,1,0,0,28,1,1,199.07671369544926
0.002,1,97,expanded,202608140001,250801780,9a0aca355fe77561f9349ecc24ee96fccc4f767d5d7541ed55c20c284f4e39ab,109,5,1,1,1,0,0,32,1,1,195.14673687678402
0.002,1,98,expanded,202608140001,250801780,bb7dd49d3b9a3e827f2c1877b0d4bae2edb3a5d084c84d53f2c3ffa3f17db840,128,5,1,1,1,0,0,101,2,1,274.7930310937587
0.002,1,99,expanded,202608140001,250801780,ea180fc2ff60f09b77750de5640171ffacf542700051f57cda203db4c2745a5e,117,7,1,1,1,0,0,28,1,1,215.96586449537338
0.002,1,100,expanded,202608140001,250801780,48c1b39968aea06b8955f2c076ceeb0613283cacae705ddf388ba9f83a32f5d7,122,8,1,1,1,0,0,70,1,1,229.42801231850257
0.002,1,101,expanded,202608140001,250801780,7bf319edb5d5a27dbbd8dce0f3c16a95c77cb3695fbdcfa73b2487c46eec3573,144,7,1,1,1,0,0,37,1,1,350.48376582344434
0.002,1,102,expanded,202608140001,250801780,3204bbde6f873417a6447d17c66304be00703575d6ce51b15965fea17356089d,133,7,1,1,1,0,0,36,1,1,223.59810428750612
0.002,1,103,expanded,202608140001,250801780,6e74cb4501f07b50ec492483b57d3ff8eb314a664e1f5c3f4ac6b21a9548b246,122,5,1,1,1,0,0,40,1,1,248.61162850778592
0.002,1,104,expanded,202608140001,250801780,247dd313bd6e392721522c9595f0f3466fc54185cd5f192c546a35118b176d69,156,8,1,1,1,0,0,59,1,1,307.79197661672674
0.002,1,105,expanded,202608140001,250801780,b446aa76d9b69f64b205937227cc9ee6c7197fa0fab7635b662d74ee3b99dc1c,135,5,1,1,1,0,0,66,1,1,252.2181695990251
0.002,1,106,expanded,202608140001,250801780,930b76814ada88e0273eb9bf19c3ecde2c1016709f249236c63cd5cf0e45c820,130,7,1,1,1,0,0,45,1,1,245.5341483830509
0.002,1,107,expanded,202608140001,250801780,94c504e01c3c0b64e474f61ba1e6f103c49f44e22c00412fae0f03111ca293ec,130,7,1,1,1,0,0,185,3,1,314.52541666684033
0.002,1,108,expanded,202608140001,250801780,0255ea09cf00f2210fab1a77fa5d0c7e2d11c67021add6fde9afa403c74e0d9b,140,7,1,1,1,0,0,65,1,1,273.88507514203434
0.002,1,109,expanded,202608140001,250801780,c0947e28bee80670946ca994ca6f108ba974981bd1e064e147b65e933973ca48,191,5,1,1,1,0,0,62,1,1,363.28308152482566
0.002,1,110,expanded,202608140001,250801780,a13b75b155b5eb007f66dc0dfb00d68f0a0175f49e7a4fd6e0916053860c3a85,118,8,1,1,1,0,0,63,1,1,251.87540338292527
0.002,1,111,expanded,202608140001,250801780,6cbf0356167c023eaca28229192bc96a37f040ae29ee6c6d807ee420e35a5b32,136,7,1,1,1,0,0,63,1,1,297.9498024952329
0.002,1,112,expanded,202608140001,250801780,331363f84ca0c45fbeef8590aad48e42dbeb22481157b59db40d3f8dcef6795e,138,6,1,1,1,0,0,50,1,1,258.92220365819594
0.002,1,113,expanded,202608140001,250801780,7c43bf1eeb2e194a11095932aecc85f508a5c7a38f58f66e930dd2535ee56ab9,119,6,1,1,1,0,0,102,2,1,251.36012054533262
0.002,1,114,expanded,202608140001,250801780,47f9e556e08cc6724e3fdb978f96318b917bfa7545deeb2a3faf88072b0b60c4,86,7,1,1,1,0,0,20,1,1,186.80051607136406
0.002,1,115,expanded,202608140001,250801780,21865938e29a17feb6ba2c0a4abedffaa7ff13f3926269a405b1326f2df32bd2,112,5,1,1,1,0,0,95,2,1,223.19556512440022
0.002,1,116,expanded,202608140001,250801780,88915bd3a04bbe00865b90fc8fb6503824c7e19951e67eaf9b79e9caee50f54e,121,7,1,1,1,0,0,39,1,1,249.6026764816184
0.002,1,117,expanded,202608140001,250801780,2baf362b71ca3262da0395d155fcbea975e4a1b269324b37f7275e47a54787f3,132,6,1,1,1,0,0,63,1,1,248.93991037368266
0.002,1,118,expanded,202608140001,250801780,2f2bdb86deea2d7b9270a02f90d287b90ee051c60b6933fddff63244cea25600,143,5,1,1,1,0,0,48,1,1,291.76825660685665
0.002,1,119,expanded,202608140001,250801780,91b56ae8c32c30774984002d750de077c981aba4850180452cf2ef64c101bada,127,8,1,1,1,0,0,62,1,1,237.37630557028436
0.002,1,120,expanded,202608140001,250801780,8a8ce1497f8da94db10bdb0d81f17da522f23f276c10a1cb91bf738be473f1a6,150,6,1,1,1,0,0,52,1,1,272.2546830765961
0.002,1,121,expanded,202608140001,250801780,203411e02af14817d4566405a75d6f5245203b823bfb359cda3c295e2f454e62,123,7,1,1,1,0,0,37,1,1,242.37887755664772
0.002,1,122,expanded,202608140001,250801780,e4337c3eec9ec62748873c89a2408c72887a6d7e842b111cbbcf0cf55468568f,149,3,1,1,1,0,0,25,1,1,268.6815243991398
0.002,1,123,expanded,202608140001,250801780,4e1ffce21320a0351a38bde2e52f13bc46d9e69827f528065330a62305374b35,132,5,1,1,1,0,0,46,1,1,245.68777146703974
0.002,1,124,expanded,202608140001,250801780,f135a6ccfc63fabd84fbda9676533aa5ba3a3b37f619122e75872919c7f2b3a4,154,7,1,1,1,0,0,45,1,1,302.300878878713
0.002,1,125,expanded,202608140001,250801780,81aeb438cd78578cdd674fcfc49155517b4fa2575fdcd931c5d9e3764803e928,111,3,1,1,1,0,0,67,1,1,225.14359459192426
0.002,1,126,expanded,202608140001,250801780,96e006a90bd17275c3ab187d9d114bd0a73281ded7bc5fe6daa6b503cfc54f1b,130,5,1,1,1,0,0,104,2,1,251.18187785104334
0.002,1,127,expanded,202608140001,250801780,1c10b0d0a393df46eef6aebd70969a4c4475b1df521b2e1fcc453145d9b0eb37,115,5,1,1,1,0,0,59,1,1,192.73064990077862
0.002,1,128,expanded,202608140001,250801780,1543b5c5ef5d3c5c357acff60d0377de6d4d4c46caa43a94202b6406ec899aeb,120,6,1,1,1,0,0,38,1,1,231.26139231091085
0.002,1,129,expanded,202608140001,250801780,10595dd987b6c613ebd3c441656a33936a331edd27dcc9f91f505ca728372aed,127,8,1,1,1,0,0,32,1,1,242.96190713424227
0.002,1,130,expanded,202608140001,250801780,1d7fd3d743f66307b768e0fa2e5537790d5ffed8a724542e41017e13e3f42aff,151,6,1,1,1,0,0,1244,21,1,322.086967314881
0.002,1,131,expanded,202608140001,250801780,87b02a79c471017fc46050041f6f13f94423765ab1db12c3380b734f01e125fe,134,8,1,1,1,0,0,29,1,1,245.5932652584087
0.002,1,132,expanded,202608140001,250801780,9cca4fc49f7751e59b802675558f019c6787fe37192f3c29aaed770fb72e7033,122,3,1,1,1,0,0,50,1,1,241.5502223845518
0.002,1,133,expanded,202608140001,250801780,09178aeeebfc2463e2ea52ad477e362f63618ae139b734f618bc901aca9890e3,107,7,1,1,1,0,0,71,1,1,214.86432913770352
0.002,1,134,expanded,202608140001,250801780,5ed0199b4c0852b6fb35784ae6331c364fb8c773da660aec0bba722b7f809514,196,7,1,1,1,0,0,112,2,1,397.1453962049506
0.002,1,135,expanded,202608140001,250801780,1d9281db744aab3422838e523b71be411240b0b8f533171c4e6d31d0463103fd,120,3,1,1,1,0,0,18,1,1,215.92588944861413
0.002,1,136,expanded,202608140001,250801780,391c92925e551415dcbd1a0a4746bc26e2dd4d84d973431c09c312d3182d3dd6,125,5,1,1,1,0,0,57,1,1,240.14805504997548
0.002,1,137,expanded,202608140001,250801780,2d7abbdbde27ac2cffbe37194f6e01c2f0abeade43fb243646eb9e8f448a5f14,133,5,1,1,1,0,0,49,1,1,252.72231875370534
0.002,1,138,expanded,202608140001,250801780,60892c08b294f3926b4e5fe83fa50b7eec5343543fdca2baf723572fa8b8bc34,160,4,1,1,1,0,0,62,1,1,283.81990262408493
0.002,1,139,expanded,202608140001,250801780,fa2308aeafc178c400c4badbf4456fa4e7a4c19f9b78c7d15ac1ad9be5434cf3,100,5,1,1,1,0,0,22,1,1,209.75987881692134
0.002,1,140,expanded,202608140001,250801780,2b92c28ca256f05850f62a17fd7ae56d09d84ac8761ac725809cc1c5e194fad6,161,7,1,1,1,0,0,62,1,1,292.88128697263846
0.002,1,141,expanded,202608140001,250801780,ab8624d1650c8e8e1248638efc924c79cd523ac521377684d22b9d012a9668f3,111,5,1,1,1,0,0,32,1,1,204.98934260102885
0.002,1,142,expanded,202608140001,250801780,4676c0419a58b47ffdc4e58a2aecf7e056fca7737d52247487713277e12def14,151,6,1,1,1,0,0,113,2,1,295.94001780777774
0.002,1,143,expanded,202608140001,250801780,379df58ec5948c1ae281581b3c56865b564c6acd8043a40111908a5d8b30e732,128,4,1,1,1,0,0,282,5,1,288.9331203131342
0.002,1,144,expanded,202608140001,250801780,359b13899ebf054e6460875139c3122bdee6579cd54c4e6d0f09106eb9981431,156,4,1,1,1,0,0,105,2,1,312.5867381868478
0.002,1,145,expanded,202608140001,250801780,6b22a8da124783d413247d114d23ab9fb3daa945757f8c75d999f7391e8c8bf3,135,6,1,1,1,0,0,27,1,1,266.4496204650354
0.002,1,146,expanded,202608140001,250801780,638c878386b841cd76f9f4e7c9bd13341dd11ffed6526906046c76650ec4d95b,159,5,1,1,1,0,0,109,2,1,334.6034483043977
0.002,1,147,expanded,202608140001,250801780,ae6348936533c3ebfa4a95748681c41fb759f0baeb14e95c19dfe8cbfad593c4,131,5,1,1,1,0,0,39,1,1,255.99460318658546
0.002,1,148,expanded,202608140001,250801780,77ed39611d5d9de3e76b0bdb22804f87e024e55ac850ef8450ba12d3d92da854,108,4,1,1,1,0,0,19,1,1,196.74359456629185
0.002,1,149,expanded,202608140001,250801780,e0451fa1b7d015b599ec364091576908511bcec67197f4654a14e96609d35b1a,126,6,1,1,1,0,0,52,1,1,239.60801083944767
0.002,1,150,expanded,202608140001,250801780,6c03fd28ce2507167f74b69a86145dc204fc98b4cc21869acb1ab434fa5e0a4a,125,5,1,1,1,0,0,161,3,1,290.46886818313453
0.002,1,151,expanded,202608140001,250801780,1e9381ad3a69cbf84bf6b57050bd6d86688a1acfd2076bbc37f88ef512c431a5,124,5,1,1,1,0,0,62,1,1,226.30624376265325
0.002,1,152,expanded,202608140001,250801780,370267ee9512aeccd10a5eb96c048d66816ab5bfcb8fe8f935f082e4b0bdaeef,128,8,1,1,1,0,0,24,1,1,233.92984648620225
0.002,1,153,expanded,202608140001,250801780,2f3da09835aecae76eaf8fa22401726e97ba3b850c44151e6a9f634fb83560d8,133,8,1,1,1,0,0,103,2,1,281.29073821668453
0.002,1,154,expanded,202608140001,250801780,43e90940f5ebaa1252130bc98add13d9e9ed627ee7fd63a555bb29da0dbaf71d,113,3,1,1,1,0,0,50,1,1,220.62430781236878
0.002,1,155,expanded,202608140001,250801780,b880b0fe1d67bcb12ecce62676d6b9b0a7421cb9dc77cef08f31e8b6bb3c6071,96,6,1,1,1,0,0,30,1,1,171.7545865834115
0.002,1,156,expanded,202608140001,250801780,51fe6d36a57056d382c93c675fe3cc8ed65e5242ec3657d301caca3be6b480f6,111,6,1,1,1,0,0,80,1,1,206.20505311226148
0.002,1,157,expanded,202608140001,250801780,4a43b6af8bd9db6becac16d9f16ca98fad0070f539b4c6bf912a49e4591254d6,132,3,1,1,1,0,0,20,1,1,275.07077538298154
0.002,1,158,expanded,202608140001,250801780,4a4347790cb4ab5d4de1d05987df643a07b92dbeba8b94fa5fa38cb08cbebb41,108,5,1,1,1,0,0,28,1,1,230.98726846540472
0.002,1,159,expanded,202608140001,250801780,a70a9c285afb5638474c2bd3aa9eab3ce11a183bec12fe51716bdaef5f2daa54,147,7,1,1,1,0,0,33,1,1,269.06452338594687
0.002,1,160,expanded,202608140001,250801780,a0188e4d3cc8e8301b959a579c542387487a1a91fec6115afda4d96602cfa899,138,9,1,1,1,0,0,50,1,1,267.574932892351
0.002,1,161,expanded,202608140001,250801780,ff0499663a536bc7c41c85b934958881ccfc6b9a0c21c41a5fcb6fc5f0610f73,100,9,1,1,1,0,0,27,1,1,239.547299169587
0.002,1,162,expanded,202608140001,250801780,12991545a34118b0ffdd9423f79024f31751dd597d1813b334c17926dcc271ab,114,7,1,1,1,0,0,53,1,1,217.78475452203816
0.002,1,163,expanded,202608140001,250801780,daecff91d373a766bafcb0aebdd8e1e98cd0ee29d2df70c9fd65534659917425,103,1,1,1,1,0,0,29,1,1,201.07668820541954
0.002,1,164,expanded,202608140001,250801780,17ce5b6e8ee2be874eeb9817a82e89b9d54eb245df74d2d21963b576f769f5ef,126,9,1,1,1,0,0,137,2,1,266.984187484405
0.002,1,165,expanded,202608140001,250801780,3dc1d7e30971f0fe38b473d62a4bae89794a56356b5be92371994565266a8ee0,153,10,1,1,1,0,0,59,1,1,262.4105389341863
0.002,1,166,expanded,202608140001,250801780,ba42dac2ee4bf90115b09f9805726c0ab4deeb4b992b601886e9951967fb21b8,129,3,1,1,1,0,0,24,1,1,260.8941168537608
0.002,1,167,expanded,202608140001,250801780,c0470b8525966c368aeb9ff51e5996d6c084d3f8c281dc74cb63843967e7322d,152,4,1,1,1,0,0,66,1,1,277.4638942507379
0.002,1,168,expanded,202608140001,250801780,1ea3a3a31355402cc25340138065c4a3a59b7cd7d6355b79b786ef9846ee1620,97,3,1,1,1,0,0,29,1,1,181.12465311568988
0.002,1,169,expanded,202608140001,250801780,65f84ec30dfdcf4a81eb34db6cdcfa6ea0beba7887fa049370141a0ab0132521,156,9,1,1,1,0,0,123,2,1,329.6300047677745
0.002,1,170,expanded,202608140001,250801780,2b2d5d6a794813d865ff9f1a319a2c99b939e450ab34663e7480bf56b20827b0,97,5,1,1,1,0,0,27,1,1,183.16257974809596
0.002,1,171,expanded,202608140001,250801780,ccfa9b5775c04af9802e03ce249801abfe652b8183481cae65c7b30eebfdcceb,128,10,1,1,1,0,0,37,1,1,245.9777842038488
0.002,1,172,expanded,202608140001,250801780,77acecc0e1d28abe260fa5c2ae3bb7f54c8303c4b9d4f46e7bdf556478998821,114,5,1,1,1,0,0,26,1,1,205.36379455260806
0.002,1,173,expanded,202608140001,250801780,92be317714708cbf00c2463ff28559b314e319a58fa1897d1cf0c36a4d9f7de2,92,7,1,1,1,0,0,139,2,1,189.33249500792726
0.002,1,174,expanded,202608140001,250801780,40676df9c359ae7741e4716cc91aec03e049a8faf75ae012e53e3230763ed70b,100,9,1,1,1,0,0,64,1,1,183.7800810031747
0.002,1,175,expanded,202608140001,250801780,5daed8e721efa5a7b1ebbad8bb941472ab5b9bdb07ae6ebcea48f4fbc4771712,133,5,1,1,1,0,0,496,8,1,292.6466616227024
0.002,1,176,expanded,202608140001,250801780,b8cae4ec7522248cd74b10b42d112b03bdca33bdcae3ca708ba599115fff1e31,116,6,1,1,1,0,0,24,1,1,199.95227696735412
0.002,1,177,expanded,202608140001,250801780,47ff2aa8663cfabf5befdc611c0e19c822e4dd9c798a1de9df456c64708ba374,112,3,1,1,1,0,0,42,1,1,253.03675963296718
0.002,1,178,expanded,202608140001,250801780,2472712fb40070b7208b1f36f652d9edb06edeab18c868aa9ea85dc2d998de6d,119,4,1,1,1,0,0,52,1,1,211.49073682958877
0.002,1,179,expanded,202608140001,250801780,883febe52e6582f79497ee914f7b53a4d8acec2546ee37398688e4e33d79f50b,159,5,1,1,1,0,0,114,2,1,339.5034473591601
0.002,1,180,expanded,202608140001,250801780,34b2fa4e77778e4f11020ffcb21164d4da4d2934d2d3b9b9b5ab0190930c6728,111,9,1,1,1,0,0,42,1,1,229.9996470725996
0.002,1,181,expanded,202608140001,250801780,0f9a7be4044656752111d2cc011ca81c07dd0fe50577a724a31a43bed5602ff5,134,7,1,1,1,0,0,236,4,1,295.80049780532244
0.002,1,182,expanded,202608140001,250801780,40bf8a41c93e14c774b2706a5931a18998085bdc65b3958b6f21f377709223aa,125,6,1,1,1,0,0,67,1,1,315.8328040420642
0.002,1,183,expanded,202608140001,250801780,adaee48623789aefeb2382507bc6cb20cba822b49c453d2c1d5c65c9e4f336d5,160,6,1,1,1,0,0,289,5,1,349.9986940238235
0.002,1,184,expanded,202608140001,250801780,746500d4439680f07ff4578c560334c8bb3138f326738871c87eb7db5a98e7c1,106,8,1,1,1,0,0,159,3,1,249.00746383899147
0.002,1,185,expanded,202608140001,250801780,212ee37c20d6ab5241c1f8a9af88df40b2ddb592fccde65ef8912e91cc339b80,84,6,1,1,1,0,0,44,1,1,162.66925899785355
0.002,1,186,expanded,202608140001,250801780,cb781135bf5e54d3b65e50439109fe613c96259cbc8dbebe2fac9f32f3e98d0d,153,8,1,1,1,0,0,61,1,1,273.3083530029678
0.002,1,187,expanded,202608140001,250801780,21c5743ae6cfb1f0de340d05644d988e91b471c199340b0b60578b995cfec9d6,129,5,1,1,1,0,0,77,1,1,242.13921320729185
0.002,1,188,expanded,202608140001,250801780,e720d4b026f1edcf22fdf9b0657124be34812227c46109f58132c610b66a97c1,133,4,1,1,1,0,0,194,3,1,298.8073268497848
0.002,1,189,expanded,202608140001,250801780,7d59331fd5f3e4eeff92de868f3149f013b3ec48c03469eb42d37cb82fe81fb2,107,6,1,1,1,0,0,30,1,1,212.02429874993908
0.002,1,190,expanded,202608140001,250801780,aa591531dd6ea4c5f9f0ba826549494eeee6ab94ce2575d105cd6b0a8675aef4,105,6,1,1,1,0,0,41,1,1,199.16989046001032
0.002,1,191,expanded,202608140001,250801780,00e9fd7d83ee88d06ba4a9887cd7506420b316792b940027cacfd61ac0710207,120,3,1,1,1,0,0,36,1,1,232.02791195222292
0.002,1,192,expanded,202608140001,250801780,81f5240e417400eca380cdec75bee9aa8ee8a859b7a1ec59088f8e12a5c87947,90,5,1,1,1,0,0,22,1,1,158.0118650230193
0.002,1,193,expanded,202608140001,250801780,04c92a2152ba09b63ff791ffa17b0a6b02baa85a99f9b5b9f6019d78a358823c,140,7,1,1,1,0,0,73,1,1,229.61384883927252
0.002,1,194,expanded,202608140001,250801780,356b08d204c6f75ca11827c608001451e197f945f7539213882d0c8c2a67811b,133,5,1,1,1,0,0,51,1,1,224.10091161485525
0.002,1,195,expanded,202608140001,250801780,e528136412b31425a9fa3bb374092f4998f3ea053be1c51410146630196f19ac,98,4,1,1,1,0,0,25,1,1,207.34229812053488
0.002,1,196,expanded,202608140001,250801780,c35582e5dc4e482536ad7e112a89132caddb449107027ba2d6296a16add32616,110,6,1,1,1,0,0,107,2,1,212.30819247213972
0.002,1,197,expanded,202608140001,250801780,81cc3b2ab3530693cf101c84d5c3cd253882696cecb3659bec59b0e3cd800c44,107,8,1,1,1,0,0,107,2,1,206.7626916392263
0.002,1,198,expanded,202608140001,250801780,f28a7391b208500ba75117beb4fce5621b34e07e19fbe34ffdd4452ea1cca882,124,7,1,1,1,0,0,154,3,1,236.7566203953865
0.002,1,199,expanded,202608140001,250801780,05ca1f12f8bfcdfc5c3994e9d0a1858750957d4c7db32e2f28445611522def9c,156,5,1,1,1,0,0,28,1,1,283.82703019739154
0.002,1,200,expanded,202608140001,250801780,2f40a91055d691ae50f959266b0159f0160575bffd335cfe13ba2c346e759a99,120,5,1,1,1,0,0,60,1,1,211.6379870835072
0.002,1,201,expanded,202608140001,250801780,b635e9b3ee416483e9febc4ebbdb22640aa844a941886b3cdcad282b6a1f1b91,92,7,1,1,1,0,0,179,3,1,187.55186854408376
0.002,1,202,expanded,202608140001,250801780,e7d206ea58c1fb6a4ef4b182afd2192ade6124d8151097067026b91b0ed5320b,167,4,1,1,1,0,0,133,2,1,428.55571623644505
0.002,1,203,expanded,202608140001,250801780,68c10d19861850620773077ad89bcdb15a3fa14c206f777485d3c435448dad4e,130,8,1,1,1,0,0,36,1,1,218.20166026516904
0.002,1,204,expanded,202608140001,250801780,b3f5710da1987560ad26f5ef94c33655a3c58bea5316a501a740eb8c52a35499,108,7,1,1,1,0,0,50,1,1,237.00437578245078
0.002,1,205,expanded,202608140001,250801780,238a4ec6bf582f560089b59ccbec6c1d3f245fc3269ae5edac1e044583fdc3cc,112,8,1,1,1,0,0,61,1,1,211.13113762169218
0.002,1,206,expanded,202608140001,250801780,2e82fb11010a72936e9a876330eab06ef463b1a73b68d8662c46a9dd63925b0b,109,7,1,1,1,0,0,101,2,1,241.40424695712923
0.002,1,207,expanded,202608140001,250801780,54832732b452a8d6649f7bd1233448c03fdc2a76b0918f93c600536b755842b0,177,6,1,1,1,0,0,72,1,1,293.38240561284624
0.002,1,208,expanded,202608140001,250801780,ebca2a6f6c025d8d8c0b58f8b9127aa5fb730bad8734e25f518da04e2693e10c,137,5,1,1,1,0,0,111,2,1,259.81292970394713
0.002,1,209,expanded,202608140001,250801780,2a489dceba14cdde43f07815ced416110cc1c8716feb01bd0318bd5952d8ce76,155,7,1,1,1,0,0,60,1,1,280.5880387465445
0.002,1,210,expanded,202608140001,250801780,7f6b1906813520f0a773a24507cda5ba3ac19688dd24ee69fa5e2d40a287e795,104,6,1,1,1,0,0,65,1,1,237.41790651021404
0.002,1,211,expanded,202608140001,250801780,30d1204a17a9a0c59239cd2ed6ec93dc641d4b7b69351b6e9c8533ed0e9fe7ca,155,8,1,1,1,0,0,255,4,1,353.3729297789532
0.002,1,212,expanded,202608140001,250801780,9aa486b076cc67dfb60654041a3a005166bb92957c52a444d0b9580d97b1ba4c,122,4,1,1,1,0,0,27,1,1,215.0959953489008
0.002,1,213,expanded,202608140001,250801780,0a468f4133efead9ce1f84ec21398df7a035d310ce15d4aab0e8e40cb91fcfa2,133,7,1,1,1,0,0,38,1,1,222.02815685803165
0.002,1,214,expanded,202608140001,250801780,b010ddb4dc7d872cf7d41e002c4960cb15a4a855d049958fcaa63a7d9f793577,134,6,1,1,1,0,0,45,1,1,242.3107954271744
0.002,1,215,expanded,202608140001,250801780,1d4ec8d7b59c86243f07cabc780a4ffcb5c998f6a50353621eaeb8bfe08d0ba3,107,7,1,1,1,0,0,30,1,1,200.89625046348255
0.002,1,216,expanded,202608140001,250801780,e6a713d8c0293b10e68d302703abd1b93ebd16c4d3062e99f2a0159643f6ac2c,131,6,1,1,1,0,0,169,3,1,273.7165372403141
0.002,1,217,expanded,202608140001,250801780,f6bb6b33a40c5e3a88a586bfc362d828fc9bb92ece67ab424476a3953df8d629,129,7,1,1,1,0,0,115,2,1,266.5722333639919
0.002,1,218,expanded,202608140001,250801780,194c1ae1e28f5c056825819dd29017b064a777e0d4f478df6ead44680b451713,120,7,1,1,1,0,0,40,1,1,236.47089883407938
0.002,1,219,expanded,202608140001,250801780,67ad3bd9349a910d0546958880bbe62341c2676bb61540ea589b3bbed886ec4f,165,5,1,1,1,0,0,103,2,1,368.18287169469465
0.002,1,220,expanded,202608140001,250801780,d2bb4d71b4ac89fe98012fd0f16027d09094d2d2cc43eb776aa3867117f5ad89,90,2,1,1,1,0,0,44,1,1,184.58989309220786
0.002,1,221,expanded,202608140001,250801780,95dac505e483eca003f469b88d101d1f72e43074a711ce2299f5d1306c50a38d,186,3,1,1,1,0,0,165,3,1,459.7511569157482
0.002,1,222,expanded,202608140001,250801780,a0581145b89eae4ee0e123cef2280d9afc759ab55f4301091d72a8ea2a33a7ce,145,5,1,1,1,0,0,24,1,1,271.6000146110374
0.002,1,223,expanded,202608140001,250801780,ffe3ca27ff269b89fbd65c906f371de95726b57b33a8b0e3f7d33663f4420087,137,6,1,1,1,0,0,120,2,1,253.88233453028258
0.002,1,224,expanded,202608140001,250801780,1d4ca39f39314b7e85aa6da48d63c58d543fa34597b083f262a476a57b0c7590,156,9,1,1,1,0,0,28,1,1,263.78439101792026
0.002,1,225,expanded,202608140001,250801780,0d2792fe6c2ada9b50251e1cd910dde5f9ee9fabd5fcc6deaea0d9ef3a006908,71,7,1,1,1,0,0,24,1,1,146.50113056161553
0.002,1,226,expanded,202608140001,250801780,562066f74fc59376ee631e948217357b76ae19885658d5a57f12ebc08302f38d,119,8,1,1,1,0,0,96,2,1,265.44298223895964
0.002,1,227,expanded,202608140001,250801780,545f406de7be21c2b117c78674c95c1fab7d36681162976457ec0fb2979f172d,137,5,1,1,1,0,0,105,2,1,255.95692812912293
0.002,1,228,expanded,202608140001,250801780,2b0e9d9300846f9592728e02362de49fb8583e61f7fce15c137eea28f659e9e4,129,8,1,1,1,0,0,40,1,1,244.2702126115184
0.002,1,229,expanded,202608140001,250801780,a359c97d38e14be7e3ca18ffad66a1dfab4c063f2d716b8f6558f825aad97406,111,7,1,1,1,0,0,35,1,1,201.83976223775514
0.002,1,230,expanded,202608140001,250801780,93efd5025836217b34c0ad1029f4740943d232e63ec9c026578e418d72ee3e20,127,8,1,1,1,0,0,42,1,1,230.7598787866129
0.002,1,231,expanded,202608140001,250801780,e18aba5be260462969e5735f15aeae44f7caa70d859aa1f3946b6c55e871720f,155,7,1,1,1,0,0,34,1,1,281.3286695631557
0.002,1,232,expanded,202608140001,250801780,100cc2030567b5bfd6d89f582765c51cd55fb57e3296a20d332eb446829bf5bd,145,3,1,1,1,0,0,110,2,1,269.2304588655976
0.002,1,233,expanded,202608140001,250801780,bd72cf2f17e527a39abed0ff73e833696cbed1780719f02215f9177bed193f47,97,10,1,1,1,0,0,135,2,1,217.22289573927668
0.002,1,234,expanded,202608140001,250801780,9f1eb54ed7fa582dce1972b567a3ad2618993d626ea843b88f6e03f33f363935,133,10,1,1,1,0,0,30,1,1,245.049554882749
0.002,1,235,expanded,202608140001,250801780,a804be43994295f59be94be7c9bed7b1ae1659120138fbd042e6077bedc3ecd8,130,7,1,1,1,0,0,31,1,1,229.2224484142928
0.002,1,236,expanded,202608140001,250801780,4c033931880fcbe7e79e6cf40dac3b8d7c3151b66123f31e96b6685b4eb0dba6,186,6,1,1,1,0,0,24,1,1,288.15182466699446
0.002,1,237,expanded,202608140001,250801780,7742039f8d825051cb112e5228046e6b779860e096ff4dcc71484264d16f5f0c,95,6,1,1,1,0,0,43,1,1,193.37322431420938
0.002,1,238,expanded,202608140001,250801780,cec23d99c9a405b9a7651e485fd95eca6f900d53fe91656ad11d296d34b81eb4,110,7,1,1,1,0,0,13,1,1,237.33920179582208
0.002,1,239,expanded,202608140001,250801780,6f904b4dc330726ba158cd8775e088f529b1b7557fc19af2b3c246ced2b049c6,135,4,1,1,1,0,0,38,1,1,256.6798485533011
0.002,1,240,expanded,202608140001,250801780,729e677c0b6bf1a19f4f9e65b6b0a02670a9b36fe19894c1f63bbe3151e81d26,124,8,1,1,1,0,0,119,2,1,244.57130265078973
0.002,1,241,expanded,202608140001,250801780,32f4b883e096679e2dbedc4f2f08098c42e9cccaca795b59b45786b75918aa07,98,7,1,1,1,0,0,52,1,1,213.4395588311174
0.002,1,242,expanded,202608140001,250801780,8a7e42c6e12cad73cb10370df00ff9fbc8a33901714a10124fc8cb5f441b4386,107,6,1,1,1,0,0,35,1,1,202.14921552178185
0.002,1,243,expanded,202608140001,250801780,57001e0801603ef85c351f29e247fd64abc0863caf37ce8a4583abb8fb8b847b,129,3,1,1,1,0,0,99,2,1,260.14345874278666
0.002,1,244,expanded,202608140001,250801780,4cd8466e295d4756993c1170fe86c37cd58ff0f15e39298726021e6493c5855f,200,5,1,1,1,0,0,36,1,1,347.85040096580894
0.002,1,245,expanded,202608140001,250801780,5db71b8e7ef764c4e8bedc08531a149b6cd181a4bde0016d9cc920f99a03bcc0,130,7,1,1,1,0,0,32,1,1,251.0515807579532
0.002,1,246,expanded,202608140001,250801780,ba31aab8aacc12b9ebb93b5d2f8d719c4e8a6fd88d3921f08cfa106bc26147ea,140,7,1,1,1,0,0,45,1,1,265.25072984461093
0.002,1,247,expanded,202608140001,250801780,c15f3fc4f94f738d36ca044adf9d42dbd31c4e2c34992821e7a5ce6c0510290b,118,6,1,1,1,0,0,42,1,1,232.92261034526567
0.002,1,248,expanded,202608140001,250801780,f908509c577ed9d3622f43546f41b4897ffb83811042ff9e541357186f67953d,117,5,1,1,1,0,0,53,1,1,218.56338362698548
0.002,1,249,expanded,202608140001,250801780,e2cc5c838df62cb1bdb4ee248ed59c52cb0d253c2eb206cc983c4c9012a4d20d,101,4,1,1,1,0,0,59,1,1,186.09545248323752
0.002,1,250,expanded,202608140001,250801780,5dde70c72d6f39005793c5f236bfb4e1aa1081984828bc1a4e5d4522b0ff92d5,148,7,1,1,1,0,0,26,1,1,283.3345919823718
0.002,1,251,expanded,202608140001,250801780,ebe9624f6acd40816dca059b6cab6a16839b7be276c6cf7dfa9b23b9f78934a9,115,9,1,1,1,0,0,43,1,1,216.3024823552319
0.002,1,252,expanded,202608140001,250801780,e86e77b70020261aaa59eff26dfa581373f4fb7e14da28c48cf159f5e8205d27,156,8,1,1,1,0,0,40,1,1,300.8201601478434
0.002,1,253,expanded,202608140001,250801780,d47399c091c0c20c6cc14791470fa4c56d8803a2f091b02dc660a797daf1617f,90,5,1,1,1,0,0,41,1,1,170.43376232247846
0.002,1,254,expanded,202608140001,250801780,ef681d993a2c428409438f38cb07ffcb66764cd6421b1dc3ab0dc0c31b802951,121,5,1,1,1,0,0,48,1,1,235.40675581912453
0.002,1,255,expanded,202608140001,250801780,eb7289f28365dad463a5920f41376d374892cc3604b7760b9fb77d64b75fa7a3,121,7,1,1,1,0,0,307,5,1,277.51613002366054
0.003,0,0,original_screening,2026081003,250601779,e5f312f6eff3ac091d0e9a2467e19ef264199c8d5b8a11e8ec3f6716a1880201,190,6,1,1,1,0,0,64,1,1,334.01008735164294
0.003,0,1,original_screening,2026081003,250601779,e4d12efdccd6506306dffbaaf7cc3f0c4ee42aefe661e3052f192843629c2dd6,148,3,1,1,1,0,0,54,1,1,255.06075634862287
0.003,0,2,original_screening,2026081003,250601779,3ab69fc891caf2a7aedb3f595cb00091f96e3038066ae0a532435ef4efe53cbd,162,4,1,1,1,0,0,133,2,1,319.38008274655294
0.003,0,3,original_screening,2026081003,250601779,83790534c5cbbc46817722b3bf41e1c04f94cfc959d0b90e27343002939d45ec,188,7,1,1,1,0,0,35,1,1,303.52269296066584
0.003,0,4,original_screening,2026081003,250601779,667ee2ffba4d74a59e9281146c8b519d206d729d7af7a9a13023f8166cfcf6ab,199,5,1,1,1,0,0,119,2,1,419.7843115855918
0.003,0,5,original_screening,2026081003,250601779,e132133f42714c4ce3ac31db2b2370ac2b64da9a8db090db769ce18d78a077c6,215,4,1,1,1,0,0,436,7,1,431.085825660748
0.003,0,6,original_screening,2026081003,250601779,cbe4288578de252d61ff49f69c81ad760b853339b39951ca2b32419e0d3831ce,177,5,1,1,1,0,0,129,2,1,358.7611233926983
0.003,0,7,original_screening,2026081003,250601779,c53c5f5689d40f8bd7ff65c1de2ec3f54bc995b75654b24d332104c15ed2af80,166,8,1,1,1,0,0,106,2,1,330.5741593012825
0.003,0,8,original_screening,2026081003,250601779,70c6667917ad4382425da0d0e6c70e8556a0e929fab1b87607052728dceb2403,235,7,1,1,1,0,0,54,1,1,387.868928677665
0.003,0,9,original_screening,2026081003,250601779,8232ecffe925508d10175b8859542402c17dfe25cee9e6d379148b2186dd98bb,176,7,1,1,1,0,0,99,2,1,314.0597829887429
0.003,0,10,original_screening,2026081003,250601779,1b3754fe08f3ff152c663a201b8b37094673abff2a7005d60424d1deaa5724fd,155,6,1,1,1,0,0,62,1,1,281.7064447253214
0.003,0,11,original_screening,2026081003,250601779,c535ab32ba67a0a32725fb43e3f54ede3a98c3cde21108132c2756f9dc51f4c7,187,10,1,1,1,0,0,33,1,1,370.13875552686875
0.003,0,12,original_screening,2026081003,250601779,960a2faa7302f1f91ea169f7e584af01b46a3107b97fcf6c013ac7cdb4f3349d,187,9,1,1,1,0,0,1628,27,1,381.70113903770493
0.003,0,13,original_screening,2026081003,250601779,c6f46682e8a22d2dc7f0773dfc1cff917450f3b6da55915a3449cdbff78f10db,217,11,1,1,1,0,0,66,1,1,389.24568712932216
0.003,0,14,original_screening,2026081003,250601779,b980fa6faea8ab914d7cdf238bf2ce52904558b4aafc4dc32e3dd4c63676dd3c,170,4,1,1,1,0,0,109,2,1,325.6153627939342
0.003,0,15,original_screening,2026081003,250601779,aa9d62f130e8c348d3e4996b3beebfbb7c32835c2e8a7699718f64b8bb064b51,206,6,1,1,1,0,0,56,1,1,443.8450187642816
0.003,0,16,original_screening,2026081003,250601779,ffe0bbdc9bdb20a0da6ac396308866fa1dd90a76e8d94ecf1662bafbf781455e,111,8,1,1,1,0,0,36,1,1,243.54362285093583
0.003,0,17,original_screening,2026081003,250601779,317d0ff02bd503572b57baf583e76c3e2d408b13dd8a9cdfb593fa94ea29f331,151,4,1,1,1,0,0,28,1,1,303.11089347663153
0.003,0,18,original_screening,2026081003,250601779,58da57dba2f2fe69337752154265b8650fb8a4d14dc40c39bf693c5f53a883f1,212,7,1,1,1,0,0,190,3,1,455.0197607393027
0.003,0,19,original_screening,2026081003,250601779,64c79a1e11b6abadce990d6108e6f6f7b3b2872faac7aa4a0d6aec4f411ed848,207,7,1,1,1,0,0,161,3,1,448.07508215823657
0.003,0,20,original_screening,2026081003,250601779,f403e20a104bdd8165fc2e1f82e937f8b87bdeb588a92c8c995fe4a979f6edde,142,6,1,1,1,0,0,43,1,1,297.83748089421266
0.003,0,21,original_screening,2026081003,250601779,d47adb5f70ce997dfee040e58afed4985d6150678ac930c2d7add08fe7c8afaf,175,6,1,1,1,0,0,45,1,1,384.17306652483677
0.003,0,22,original_screening,2026081003,250601779,a2eae2e6f57bfe4613f7178d830f4e5e6bc368e545dd5cc13abd21c802f03f7d,140,9,1,1,1,0,0,40,1,1,299.64514828359285
0.003,0,23,original_screening,2026081003,250601779,e8fb5b496f7f61071629a0c72b75b534c0660fbda62c697940a08c84a4da18b8,170,4,1,1,1,0,0,51,1,1,317.9606267423195
0.003,0,24,original_screening,2026081003,250601779,352a392cf8bd65b1e457b56980ea0f0f013379ee1820de6c0818f5955e88ee98,162,5,1,1,1,0,0,44,1,1,319.8453490652687
0.003,0,25,original_screening,2026081003,250601779,40572dd7cd1ab01d52df14a4521f9efb06d6f4e15183c4306914d19b7013cfbc,189,3,1,1,1,0,0,63,1,1,351.3530754960051
0.003,0,26,original_screening,2026081003,250601779,d3880ce9db0d00e054930059f28ce54dc94db66967dc80476a404f1cfa469c02,165,5,1,1,1,0,0,49,1,1,323.7049191777459
0.003,0,27,original_screening,2026081003,250601779,b167e939b750a0f06dff362b3c3f5c8fb9869237a7e775bdb8719f8f9ae1c5db,186,7,1,1,1,0,0,71,1,1,370.2595596654454
0.003,0,28,original_screening,2026081003,250601779,5e9653303b6a3ed0314e4453bb81fb56b7a36f376239c3e66777117ac057c5f9,185,4,1,1,1,0,0,62,1,1,308.73469368104963
0.003,0,29,original_screening,2026081003,250601779,2e126e878c673df4877c17651f637aaa092fce3b9e1e37833e9df4b259e65c52,179,10,1,1,1,0,0,77,1,1,353.50019207778575
0.003,0,30,original_screening,2026081003,250601779,908bf33c8fab95e5af7504f5f8c77463fd15e66102b1514938cc54a975a8a548,212,6,1,1,1,0,0,1027,17,1,480.4586571109121
0.003,0,31,original_screening,2026081003,250601779,f64ba43aa04e88914a243151ab95f65cdfd6be4067f731bef9078e7c8af573c0,161,6,1,1,1,0,0,119,2,1,364.6514590084545
0.003,0,32,original_screening,2026081003,250601779,47d15793ea1f671e1783f39c45e8d03efbfe3395cf7e712904dee4908d0ce385,211,5,1,1,1,0,0,243,4,1,446.29420012855076
0.003,0,33,original_screening,2026081003,250601779,58aecf5efcd84521b82750c50779275c724bf82ae8403f890fe568bab44944a4,156,5,1,1,1,0,0,111,2,1,338.1365885777579
0.003,0,34,original_screening,2026081003,250601779,6c9504db9bcc43556ccbd13d0f0492012c7e3fabb4e454d47c02219e5bf6315b,153,8,1,1,1,0,0,259,4,1,315.0654049120469
0.003,0,35,original_screening,2026081003,250601779,2d774a2b408873eaaaded42f28049bc0d9429122b6b7fe138ececa3d8d6fdc29,174,5,1,1,1,0,0,46,1,1,333.31628054069404
0.003,0,36,original_screening,2026081003,250601779,b0565881648a0c9732adf1cb234b950fecbe1d8199f31bb552603dc132acbb83,196,3,1,1,1,0,0,171,3,1,416.3812192010728
0.003,0,37,original_screening,2026081003,250601779,eae0b222b25a80e79529b4ea7b9e635a41ebe7da9cd892299ddb0b110d59f84d,168,7,1,1,1,0,0,131,2,1,364.41880969251235
0.003,0,38,original_screening,2026081003,250601779,b7cbc8b444f9b7b809de83697e701340e56bd345025119a00afcc89513bcb827,180,3,1,1,1,0,0,105,2,1,342.0988333353091
0.003,0,39,original_screening,2026081003,250601779,b537b274ec6d0ec6457072ee268a9ddda1578450abf64535291ef1bd1d1567b8,192,5,1,1,1,0,0,80,1,1,322.79759598634234
0.003,0,40,original_screening,2026081003,250601779,e06691e1e3ad5475ee4df81ad0906ab5fa1c2c071978221a0b35643bdb83a54c,175,6,1,1,1,0,0,78,1,1,326.6712476177772
0.003,0,41,original_screening,2026081003,250601779,a43b12ab41aa14a5d2a7cd95b2b6bf8f5a6b48fb76809c593cae7203eb245ae8,162,8,1,1,1,0,0,67,1,1,313.0710624061933
0.003,0,42,original_screening,2026081003,250601779,9d18496dd7b36ed5837ba3bee70396639c23ac899c13759c2312a56b2eb31a90,238,6,1,1,1,0,0,135,2,1,481.2974775657624
0.003,0,43,original_screening,2026081003,250601779,26deddbe2e4ddeb5c2b83a8db6b55b6e564382d087fa67f5d2d0151d3c0f2df9,158,6,1,1,1,0,0,140,2,1,309.36879229656824
0.003,0,44,original_screening,2026081003,250601779,6edb085ad53519f30cc46aeca3a6721e2f12af58f5712c3f1f03efba01f9a75b,210,7,1,1,1,0,0,196,3,1,414.321930400509
0.003,0,45,original_screening,2026081003,250601779,1097e187d10fef04def85237ff7607dd4fdc65353a7eb94328633cbdb1f72ed2,127,6,1,1,1,0,0,30,1,1,266.7371653093056
0.003,0,46,original_screening,2026081003,250601779,756c83359bc817269168d3dbc886a16d975443664b1ac6151bea7b60fe8fba51,196,5,1,1,1,0,0,66,1,1,372.7982309693546
0.003,0,47,original_screening,2026081003,250601779,e546873c835f90742a571196134f2da7241d6f4de3d23a3b7a9de5aa89a4e39b,126,6,1,1,1,0,0,20,1,1,232.08005695646293
0.003,0,48,original_screening,2026081003,250601779,c2b0ed145bc497927d9fc857ab14d79e9ded5028337631afe6bf71e2ea126607,164,6,1,1,1,0,0,47,1,1,298.0926604066284
0.003,0,49,original_screening,2026081003,250601779,a3df4b833a381053f587170baa70aef9dfbd57cd9c1e49f6fa24dcac7230572f,222,3,1,1,1,0,0,69,1,1,403.5643877673941
0.003,0,50,original_screening,2026081003,250601779,0499cf5a07cfc10b61c4e9f26bd33012506be68f75b82fbe03a04a5b001c0411,209,7,1,1,1,0,0,72,1,1,422.9806140343505
0.003,0,51,original_screening,2026081003,250601779,6ed305b3acc4542fc6ecbf9d01905418609ba76bc9bd6a8f9dcd6b69f4d77885,182,4,1,1,1,0,0,77,1,1,318.1381312280844
0.003,0,52,original_screening,2026081003,250601779,c44b2e1f4c96ae3a5fc4630b52aaeb65535588fb752a9d2b34830b76b2e0370b,206,9,1,1,1,0,0,273,5,1,468.64816686010937
0.003,0,53,original_screening,2026081003,250601779,b698ff682fb7564b788590cb2add8ca5f62ac4fc29b137cabea8bbdec93ed771,173,6,1,1,1,0,0,33,1,1,320.82740677363176
0.003,0,54,original_screening,2026081003,250601779,c8752cb622775730a99ea0274def1336680344eec51ceefd7907e3e80cfb074c,153,7,1,1,1,0,0,68,1,1,284.17337645615464
0.003,0,55,original_screening,2026081003,250601779,377671687e23d02599deecbb30161ca132eb260f4fc9703a527d2ce6a85d2f0a,189,6,1,1,1,0,0,456,8,1,367.7606951800061
0.003,0,56,original_screening,2026081003,250601779,ac127330c0cd9a18412b615ecd6df50756bc4446c598330b11901d95547e280a,173,6,1,1,1,0,0,43,1,1,291.7093211894539
0.003,0,57,original_screening,2026081003,250601779,8897df7380e87acd86ffbbc6614964b8162724db575d2947e6c8712dbf7e3924,186,9,1,1,1,0,0,69,1,1,331.25311751767583
0.003,0,58,original_screening,2026081003,250601779,0ffec06356a5b7a975a67d54924a9b8182c58a9139d506f040986cd44303ed62,207,5,1,1,1,0,0,39,1,1,389.470983844893
0.003,0,59,original_screening,2026081003,250601779,906c6ebc4c55a729b11620ac89778ed43b43fc2abe633d8f0e8e25073982f24b,196,5,1,1,1,0,0,139,2,1,438.0120881914481
0.003,0,60,original_screening,2026081003,250601779,a218ad43ab1b126192394594a1f8b205de91dc3b46ca2482d5762d12e43c740d,185,5,1,1,1,0,0,168,3,1,396.96774447448183
0.003,0,61,original_screening,2026081003,250601779,d6bbcf4cb3b346dae2a30b6cea9ea1665d598287042ac8d198a186d925259909,187,4,1,1,1,0,0,21,1,1,349.9375815073288
0.003,0,62,original_screening,2026081003,250601779,5e3626c2482d8ae457726f29941f351908b71403f2afcc6b5df1826404bc23dd,204,6,1,1,1,0,0,80,1,1,355.22116925159594
0.003,0,63,original_screening,2026081003,250601779,2a85c5a375652be19abc77ad9440555b00ce230f7d2bf4f04da58b484f9cdb67,175,8,1,1,1,0,0,221,4,1,393.7614897969373
0.003,0,64,original_screening,2026081003,250601779,48e4d0296c766689421133c5e02db43decfe47808cd81bb37b13abfe3daede5f,146,5,1,1,1,0,0,519,9,1,324.5536061907168
0.003,0,65,original_screening,2026081003,250601779,3e5e6058c5472418eeed64e1158ee97c015ae7d3d7b80d9b0b754e843b6a1aa7,185,7,1,1,1,0,0,112,2,1,356.3787789321247
0.003,0,66,original_screening,2026081003,250601779,70c7ed695c0963105f1a161d715ccd75e32965e3e830834c67471a2c3c8200bf,203,9,1,1,1,0,0,226,4,1,484.69106642873123
0.003,0,67,original_screening,2026081003,250601779,d2a9bb0fac85696e5325a3d2a5a62c66f98d6e97af8e8ed76fefc91fdc192f0d,123,7,1,1,1,0,0,77,1,1,249.07512071026156
0.003,0,68,original_screening,2026081003,250601779,6acf4045765dc2a54ed1c2564c7b0b19c1b34e5becb99478739ff4fa44d883b7,161,8,1,1,1,0,0,121,2,1,316.13997763147074
0.003,0,69,original_screening,2026081003,250601779,217a2f6e695ca262efd17d5500f6d17fda6e352ef24bb4a2a7550dd67af8a489,192,2,1,1,1,0,0,251,4,1,420.2600814525493
0.003,0,70,original_screening,2026081003,250601779,e0c1b4c5182368d5178940257c64e8ce1452f444c6058cfcbf36d84788609ec4,178,6,1,1,1,0,0,279,5,1,342.0329967261017
0.003,0,71,original_screening,2026081003,250601779,e134aa1092d411aa20fa9039a9e11a29ef507dab0106bba0e09f5b614352be4c,196,7,1,1,1,0,0,174,3,1,396.37244815213336
0.003,0,72,original_screening,2026081003,250601779,1e6c779902cf40baebca4528652d63275f76a97549454348f8310886221f8dc0,153,6,1,1,1,0,0,42,1,1,304.44676968396107
0.003,0,73,original_screening,2026081003,250601779,53b513c6062edd10de1c4207d5bfbfe5083e576b4d81094b3a558183fc0927d1,193,9,1,1,1,0,0,67,1,1,366.14549973223205
0.003,0,74,original_screening,2026081003,250601779,e73a7e5f254d93ca0789bafe8a7a2ea7d194beaf4de190fd08898f2232149521,169,4,1,1,1,0,0,116,2,1,360.0631065744469
0.003,0,75,original_screening,2026081003,250601779,e26c737d5e1fcdc3e7b74e9199400f2ad57b63c8f5779515cb423ef2676c62fb,184,4,1,1,1,0,0,187,3,1,356.3026231299589
0.003,0,76,original_screening,2026081003,250601779,af7d2d6582ee33cb621fc56d053ef16cb7dd0135a85fb8ec71a944ded2636542,189,5,1,1,1,0,0,126,2,1,395.46774284777945
0.003,0,77,original_screening,2026081003,250601779,8e221b0b726da32fc81c3619f283ead3f20cf1790f3f482f6777be5582712194,147,6,1,1,1,0,0,254,4,1,336.5985373668532
0.003,0,78,original_screening,2026081003,250601779,6214cbc6358bc92f1b2835a275f1d786dd488659141a36cb7c6cdbe43edca101,186,3,1,1,1,0,0,1216,20,1,380.4553355107775
0.003,0,79,original_screening,2026081003,250601779,e6dad0b0e82d3a46710a3719f129df3823a624cbc1a0dc456a164116d7806aa6,191,5,1,1,1,0,0,56,1,1,376.9281717097871
0.003,0,80,original_screening,2026081003,250601779,aac31df0cf2f4566770b7db0908b6bb5e95673f0e15d61fe5bd9bab6691e9cbe,157,5,1,1,1,0,0,44,1,1,284.89746806021185
0.003,0,81,original_screening,2026081003,250601779,c9509c079f5238db2d5b235fc82f533cfc12ced3d8e1a26d61c340af282e1347,166,5,1,1,1,0,0,50,1,1,283.8737822605278
0.003,0,82,original_screening,2026081003,250601779,b0a7b91ce95eb2f4311738d9c4b9e733945e8d94baee96d0e0863055239dfb87,200,6,1,1,1,0,0,38,1,1,361.4375780226261
0.003,0,83,original_screening,2026081003,250601779,70c65f1dd93ba5c438fae02ba3961ed21fc7af4bb3d5d6f370f04f57a5c4a436,190,5,1,1,1,0,0,99,2,1,350.30463557728
0.003,0,84,original_screening,2026081003,250601779,0e1d5ea48b6b950673950c8148827b3f83fd9da986785d48e379bb7407546788,177,7,1,1,1,0,0,19,1,1,339.33741062581834
0.003,0,85,original_screening,2026081003,250601779,45f2732a177c68109c7bb3b7c892cf13b9cd171bfac39e50caf48903e6d98370,192,6,1,1,1,0,0,33,1,1,348.3368602612608
0.003,0,86,original_screening,2026081003,250601779,a1bbb4af56aff3a46b062b2e5290a5458a84ce1f1921eb4da394593e60d673ea,174,6,1,1,1,0,0,46,1,1,310.89713486472044
0.003,0,87,original_screening,2026081003,250601779,796eb5825aa7a0ee8d7e07777e09934d66a1cdc46bfefa4d22c7e437fcd93304,240,4,1,1,1,0,0,190,3,1,495.16884254509284
0.003,0,88,original_screening,2026081003,250601779,555228bc3fea23d67e27a8123d3472c93b31653eef90e4eb6bfa2b60eaefc3bb,219,7,1,1,1,0,0,169,3,1,437.66513494350414
0.003,0,89,original_screening,2026081003,250601779,244816d8593ad0550b7f0ecad5c6d07d7435f8f5e8d5ff08330965b75891269c,206,6,1,1,1,0,0,169,3,1,470.9377785745339
0.003,0,90,original_screening,2026081003,250601779,48ba5c5035da4a2d6618b05773acde726a8b562c7f78eb574a23d0b393ba9700,196,6,1,1,1,0,0,159,3,1,408.7363196794462
0.003,0,91,original_screening,2026081003,250601779,90635a90dc0f4167bcca51208271a9a4c5d79712e951609d3c6d98b69b2a719b,198,7,1,1,1,0,0,108,2,1,356.7382629647691
0.003,0,92,original_screening,2026081003,250601779,72952b39885a52ddfaf5a41130c6f148a3f2035df8d93b096be9d4ceee7a031c,141,4,1,1,1,0,0,139,2,1,280.77060303723624
0.003,0,93,original_screening,2026081003,250601779,f59188adb3acaa38064a5fb03964842ba224952f581e50481f3fc36cfefb8265,197,6,1,1,1,0,0,537,9,1,451.6992331679122
0.003,0,94,original_screening,2026081003,250601779,d44d176f8fed769c53442f2b2672ab4ef19dbf1a5be045353216a7aa1af46a4f,191,6,1,1,1,0,0,53,1,1,339.3205722866711
0.003,0,95,original_screening,2026081003,250601779,0098cb9bb9e8312faea181102e003dc7333d0972818922075846e780e737be76,173,7,1,1,1,0,0,160,3,1,391.8014815730837
0.003,0,96,original_screening,2026081003,250601779,819f0ce514ee700422cbcc11566520b9c96a51b99151cbf239f12f27614befe1,200,7,1,1,1,0,0,48,1,1,324.50527374495147
0.003,0,97,original_screening,2026081003,250601779,dce461077260c2f1d734c12834ae1dc6230545daedc1b07b973bf87aabc808c7,179,7,1,1,1,0,0,62,1,1,367.0462450364199
0.003,0,98,original_screening,2026081003,250601779,a4ea7a6660b0c06cee626f4b3713b1786c339626921a896f31a43af93e7d8fbd,168,5,1,1,1,0,0,138,2,1,357.2124275644379
0.003,0,99,original_screening,2026081003,250601779,db953f0b151ae4f50f32438167a7ddb63031704f2b15658631812fcf65df8b2f,171,7,1,1,1,0,0,42,1,1,322.32364217995257
0.003,0,100,original_screening,2026081003,250601779,b565396f2d5fe38d16142f52ab702256053e866162e9bdaf17a1d8541403304d,207,6,1,1,1,0,0,468,8,1,460.9340700511961
0.003,0,101,original_screening,2026081003,250601779,57da26903d4d790d403d257ac1f4b2c25973daf2deb8660cbbded8aeacb2be3f,179,5,1,1,1,0,0,74,1,1,322.9421465750171
0.003,0,102,original_screening,2026081003,250601779,31deec54be56f292d990653a0371829a80a97dfd9bee62226abb0bfa1e7a604f,155,10,1,1,1,0,0,27,1,1,291.4770884769599
0.003,0,103,original_screening,2026081003,250601779,0614860615416d14ac7ce6f53499b0f5f834afd148b506e05dc33de7848d0468,180,4,1,1,1,0,0,65,1,1,307.83650164987296
0.003,0,104,original_screening,2026081003,250601779,8cc4117479bc0e91cd5358a487bc966e6c665fadad965a539dd953619dd19236,209,8,1,1,1,0,0,336,6,1,400.45426334288686
0.003,0,105,original_screening,2026081003,250601779,3f9ad032c3936c26793015b19970ab401e75bf52ba1c79de72702719091397f5,152,4,1,1,1,0,0,127,2,1,300.9699768599094
0.003,0,106,original_screening,2026081003,250601779,1ce5902b6c4512ca6f7f2175de9e18c4f305828a5d90d1d1b5fc439e641a0deb,194,7,1,1,1,0,0,308,5,1,434.33252233682606
0.003,0,107,original_screening,2026081003,250601779,0f668a1acf9841ea6a21524b1c1e814cf45d6225b577c2013520e1bb835574ca,171,6,1,1,1,0,0,35,1,1,394.70136790235586
0.003,0,108,original_screening,2026081003,250601779,0ab58a06448eacab92c19e3c1b5654b7c3c79900e9b25ec1e5f8c8323a7c2194,173,3,1,1,1,0,0,30,1,1,328.1522793671891
0.003,0,109,original_screening,2026081003,250601779,c920915dde84de8b0632aeaf9b0d494c6ba7389d40339d800647aa417c40ed7e,165,9,1,1,1,0,0,25,1,1,334.3071680456152
0.003,0,110,original_screening,2026081003,250601779,69fa90549af7766c77cf2df5ba73339cb4e5ca13f2436dac3fbc284f43df7bba,149,5,1,1,1,0,0,40,1,1,278.69543082059056
0.003,0,111,original_screening,2026081003,250601779,b20c0731fb438a4cf765421ff473fe7f727381268e68c7737d582c8b9dc59180,176,5,1,1,1,0,0,37,1,1,337.6597328572149
0.003,0,112,original_screening,2026081003,250601779,f84d66eec2d1c73ca7e215ff5f6c74034196986124f33cff6127ce7a02950ffd,159,4,1,1,1,0,0,60,1,1,318.17295543454674
0.003,0,113,original_screening,2026081003,250601779,0914616505f760356d06c0a1b5c0918f3fb9869172b496b03ba9b8c3b901ec61,199,7,1,1,1,0,0,174,3,1,429.5040368538157
0.003,0,114,original_screening,2026081003,250601779,dc3c331996dea560021ba865842571c95b4d04aaf02506078d6d903421a3f076,164,6,1,1,1,0,0,320,5,1,352.0994950883885
0.003,0,115,original_screening,2026081003,250601779,0f483e5a08add9ea930c40cd294d23e32f1e613171e1112e5603680f0ea033ee,162,9,1,1,1,0,0,227,4,1,375.5476883038701
0.003,0,116,original_screening,2026081003,250601779,a7102b69c0ac716ad1d03f4ab8a2f3614bde2f8dcffb1363358a3b3c1afb62c7,160,8,1,1,1,0,0,32,1,1,317.677613964015
0.003,0,117,original_screening,2026081003,250601779,34b9acf0c8db0d839ad7fec3f8f5c2f3572d7cd43662641fcc5ddbd41909e2e3,142,7,1,1,1,0,0,107,2,1,303.8267248726133
0.003,0,118,original_screening,2026081003,250601779,605f12c655b658dff44cb169273b5c7b8d324d16e42c72e0002ee7eb4b3dedb5,151,6,1,1,1,0,0,29,1,1,310.73298532612546
0.003,0,119,original_screening,2026081003,250601779,b67892b38f1d2281de53c69bd895e33ea04bc19a6527edb6a743bab995f13074,214,8,1,1,1,0,0,30,1,1,393.51909987351166
0.003,0,120,original_screening,2026081003,250601779,e7d5ca55d60f17cdea39c06e9cd0e328a147e60f69c07df852e7c9a0d0a24c44,200,7,1,1,1,0,0,1700,28,1,447.7117802121279
0.003,0,121,original_screening,2026081003,250601779,54c121984bc58dc23e8fb08f26e080881b32ee1cdc622bc42d555c51c14680df,175,6,1,1,1,0,0,39,1,1,342.63916770634637
0.003,0,122,original_screening,2026081003,250601779,19256d3c5c57ef3e3590dcbca5e200f0fbe713c09e28ddf7f8821b69c059ee3f,157,5,1,1,1,0,0,64,1,1,286.7486433766883
0.003,0,123,original_screening,2026081003,250601779,1e7cdc71f143420ffef320c295ec0bb91f26be5b38a05881efd0438b6921363b,162,6,1,1,1,0,0,27,1,1,300.6746756866443
0.003,0,124,original_screening,2026081003,250601779,4ce250c8ae807b77a1607fcb69bea65f40cc6e60bdd9c7ee088b5b8fe0243e3f,162,5,1,1,1,0,0,47,1,1,315.53009389578335
0.003,0,125,original_screening,2026081003,250601779,676feba42f4a4fdf9a39b632f1f67e0b88c72ac3b844934345c6479227204900,197,7,1,1,1,0,0,219,4,1,429.0889857895464
0.003,0,126,original_screening,2026081003,250601779,e5a984754aaf8876b410294cdac31ed3154a5afdd59fd993d54a9813a164fa60,206,9,1,1,1,0,0,126,2,1,431.0595331801933
0.003,0,127,original_screening,2026081003,250601779,32ccc5ff868182e6fb35b1850b7132a80d40a4854be049bae470d15626613d6c,179,4,1,1,1,0,0,71,1,1,373.96476289175644
0.003,0,128,original_screening,2026081003,250601779,67f58e5898a0d868c67fbb5865742f4857b88a9c45087a79fa6b6969b655474b,118,4,1,1,1,0,0,17,1,1,210.2325156924848
0.003,0,129,original_screening,2026081003,250601779,9dcc5637a0a7e6aff3e1130964478b87877b5351955841e737461b848e2af95a,205,3,1,1,1,0,0,28,1,1,354.4444968687238
0.003,0,130,original_screening,2026081003,250601779,9dc210fa639004e56a43f3beaaf028794199f3c5599480b62c01efdca22051c2,152,6,1,1,1,0,0,252,4,1,305.98554662203117
0.003,0,131,original_screening,2026081003,250601779,161e53980d77877931205617ca638a29174a11c68ec964a510efdd08286d184e,173,7,1,1,1,0,0,38,1,1,308.2397406269446
0.003,0,132,original_screening,2026081003,250601779,43c771a18d19f677d925ba019db585de6e0dec03f8302812603c5b1fb66c583e,170,7,1,1,1,0,0,80,1,1,291.6435420993889
0.003,0,133,original_screening,2026081003,250601779,30daa31bf0bdcaf2e44bb43a42ea3be894c831e9f82ee00283b376cea85f9a90,182,8,1,1,1,0,0,60,1,1,335.64364597559387
0.003,0,134,original_screening,2026081003,250601779,15cb6d98e575035ed25316b273f0264dcf9331dc0eeabff32cabdb6750fb47b8,177,6,1,1,1,0,0,45,1,1,318.85467435277593
0.003,0,135,original_screening,2026081003,250601779,c3544d76a0d95d3393ca4abeae3ba31fcdadd2c5cdaa00421958c87718eddcf6,180,6,1,1,1,0,0,67,1,1,324.3276864472844
0.003,0,136,original_screening,2026081003,250601779,a91d54cb96717280bedcb6e507cff5611f58cccaff2e5a11ddfc6cd13a4c181d,195,10,1,1,1,0,0,174,3,1,372.18801627371647
0.003,0,137,original_screening,2026081003,250601779,072c1a8adb266d31d492c94dcc8e6d8d27f1cf16c121176887a268581a829165,157,6,1,1,1,0,0,35,1,1,343.4169122800213
0.003,0,138,original_screening,2026081003,250601779,010eaa3f08ebfb99c7ced5edee5acc99b8bd06c27d9cdd28a69abcebee890c58,171,7,1,1,1,0,0,69,1,1,319.54402882102306
0.003,0,139,original_screening,2026081003,250601779,2a5325d9a95e900f44a4c23ce25d7ce9994ffde607823ee2994e4882c23a757d,179,4,1,1,1,0,0,179,3,1,386.1267642014957
0.003,0,140,original_screening,2026081003,250601779,e77e9b8397898199eb7af832f9ae5ffdbadc4f3b88ad25740adf120abac53328,191,5,1,1,1,0,0,342,6,1,396.7216603869058
0.003,0,141,original_screening,2026081003,250601779,f73db691662f41f65aa05e143af5b794da9935b6e9c4af83e89d6b8208e03ac3,179,7,1,1,1,0,0,175,3,1,372.02397093230906
0.003,0,142,original_screening,2026081003,250601779,8c2a89b4022cf9bc126451d46a3b8ab856cb921daa0d068cc81955edf6be55a1,164,7,1,1,1,0,0,44,1,1,293.04234413410984
0.003,0,143,original_screening,2026081003,250601779,6d4d05021de6025e9f93d9a59ef150b974cad1ccade91a331dcccbd24c877d40,142,7,1,1,1,0,0,75,1,1,273.51138313754007
0.003,0,144,original_screening,2026081003,250601779,88136fae2b7a5e8f47f12fe3b292777ee975e189a04b3da607db48463aab732b,148,6,1,1,1,0,0,170,3,1,353.8729910050157
0.003,0,145,original_screening,2026081003,250601779,18b0680f7f3ed14b88bfb6726d40b17e0106314d65bae89be6499df286a33e93,208,5,1,1,1,0,0,188,3,1,407.63477308959585
0.003,0,146,original_screening,2026081003,250601779,41116ce406efa1430586510b8ba09c9a00ee6a9cec6a7e483041b58b8b01d7cb,177,5,1,1,1,0,0,49,1,1,354.0913908029744
0.003,0,147,original_screening,2026081003,250601779,66597885a29b0c699ed9e2dcff4c22984fef8286de94e15368c62e96ea9723c9,151,6,1,1,1,0,0,354,6,1,361.4728206871788
0.003,0,148,original_screening,2026081003,250601779,d13532b3fa71be9ef41c47f68bde7bd443d7a1db4de8074e4e2dc05bf53440d6,204,7,1,1,1,0,0,105,2,1,375.63605927831145
0.003,0,149,original_screening,2026081003,250601779,6a8d71ac629108d8919e44f151d0461eef1f54da7d2f9611ad2959fa640a16cb,135,3,1,1,1,0,0,132,2,1,273.01150411960015
0.003,0,150,original_screening,2026081003,250601779,fc9946e06718d018b7f2281466a547227b5a17ba437031732210d661ba5e1226,155,8,1,1,1,0,0,30,1,1,282.91056214016464
0.003,0,151,original_screening,2026081003,250601779,6e3ff53dbd8dc73690123b55013416aceea29c89ccaea426e1d23e4e026e08cd,218,5,1,1,1,0,0,71,1,1,388.1993461175314
0.003,0,152,original_screening,2026081003,250601779,fa446174c5dbf32db1c2276851b30fa438645f3421168590635a85a13894fd48,182,8,1,1,1,0,0,34,1,1,355.48131595144775
0.003,0,153,original_screening,2026081003,250601779,6cb01ee636b1dee5bdb280c109e8b1abec5bc748bd4f4ac9e931df86edddf9b8,206,6,1,1,1,0,0,187,3,1,461.50766222507633
0.003,0,154,original_screening,2026081003,250601779,f1883b6cade1c3f1f2464ac306faf9af8f484b58e8e2e5acd0c6df3e585616fd,198,5,1,1,1,0,0,258,4,1,423.17964030830757
0.003,0,155,original_screening,2026081003,250601779,e2cc116ce5a06bf749eb50b709c6b5fa2921fd3ee7c8504c27b139645cbef3c9,175,3,1,1,1,0,0,34,1,1,312.71922000495493
0.003,0,156,original_screening,2026081003,250601779,cca7ac72bece1fcd62fd85f5d498c56d3518d2ee49ec883578a12243c9d93937,192,7,1,1,1,0,0,46,1,1,327.8679539592488
0.003,0,157,original_screening,2026081003,250601779,546d78f509904b8f6a7de3a7e794a0e8ae0b117f7992b7c2e0a3b107da50e6f1,180,6,1,1,1,0,0,72,1,1,317.02337839647294
0.003,0,158,original_screening,2026081003,250601779,95f191b3f6f5aa70af93f6a0c01d6e1f557f80dfc6ffc339071f6dcb4d52f6c4,146,7,1,1,1,0,0,43,1,1,265.849285793477
0.003,0,159,original_screening,2026081003,250601779,d735658dc23f5b42708c868c0f7dd1079318ff0ade142ad1e9727730cce668fc,191,7,1,1,1,0,0,53,1,1,381.1600074149627
0.003,0,160,original_screening,2026081003,250601779,ef39c403e6ce4335e98802adc284dd3b0d692de9ac7770ecdbc0cb964035617a,197,8,1,1,1,0,0,57,1,1,363.12032136416406
0.003,0,161,original_screening,2026081003,250601779,638ba255dee1bca43c0c34d13f69796dfd951e0a6a40c4ccf8baeead7b0abeb6,240,8,1,1,1,0,0,177,3,1,487.7673287744234
0.003,0,162,original_screening,2026081003,250601779,64cb79c2bed6a7486a8ae6e0564f0ffe7542993a8f94250663a4cdbb7ad3ccbf,197,8,1,1,1,0,0,108,2,1,368.1232596630057
0.003,0,163,original_screening,2026081003,250601779,2c03b52254741a0cbdf1c2a3810cfa601654148457f39f888132d253bf8f059d,197,5,1,1,1,0,0,286,5,1,457.0759450333153
0.003,0,164,original_screening,2026081003,250601779,007dc3b96c339e22ede5efecd8c9739f386c601e09019e59613bb2ca9662a91c,147,4,1,1,1,0,0,469,8,1,329.8958699797857
0.003,0,165,original_screening,2026081003,250601779,019d93bc4f1de1a659f35ec4d0bf99b8088eabf8a57770ffd16070d0a218e427,152,6,1,1,1,0,0,31,1,1,271.0810901054059
0.003,0,166,original_screening,2026081003,250601779,8f9e869b404ef3e1a03993d1a16b02819ee04e5184ed31760bf126eddca29a6f,171,7,1,1,1,0,0,118,2,1,322.42698999459964
0.003,0,167,original_screening,2026081003,250601779,bb6fd560fa752c836d4eee070d42c241537643b8b84e0f296ae6a59ec33da321,177,8,1,1,1,0,0,60,1,1,342.565555060018
0.003,0,168,original_screening,2026081003,250601779,a384248f3d58f563e5f63f34782b5d435106f81ff3ca44a40502c2cf6a13a8c7,191,6,1,1,1,0,0,35,1,1,378.53976090274625
0.003,0,169,original_screening,2026081003,250601779,384a3be397e2eb910ef7ea13915867a42a596728b433452f9c61d1ffd7befa15,210,7,1,1,1,0,0,1073,18,1,495.94358952742084
0.003,0,170,original_screening,2026081003,250601779,b354ac247ad11ee0274a1e82ef1f26b39dcca58e8dd197ef0c27e185ebd6433d,175,8,1,1,1,0,0,34,1,1,336.490863526822
0.003,0,171,original_screening,2026081003,250601779,6037349fd2b2625ec0c9d7112a5cd39f6d1b24eab5867c8fae7b1deb44df19f4,206,8,1,1,1,0,0,28,1,1,364.05107497932397
0.003,0,172,original_screening,2026081003,250601779,47087798bd9256643e34b5cea0f766242f1273b9c912178e7a909d1cba8318e9,172,3,1,1,1,0,0,38,1,1,317.5116919061603
0.003,0,173,original_screening,2026081003,250601779,27bb8a5f864fb3549afaec6710f8a6c50c7fcbbe3a91ed1284f1a7f212ddac88,173,5,1,1,1,0,0,31,1,1,300.0684542682586
0.003,0,174,original_screening,2026081003,250601779,6f17181b3074ec0c1dd3d132deacb7b4eb682ead89d3f6b58fa02d407d9cbf20,185,5,1,1,1,0,0,55,1,1,322.63549410837703
0.003,0,175,original_screening,2026081003,250601779,a58bf77445824ea0a017a6af3858c4e4b178e342d352441f9e7ea2615a30a791,196,7,1,1,1,0,0,73,1,1,368.5611207256072
0.003,0,176,original_screening,2026081003,250601779,7274710ceef605eb21fe86afd8d511a451961e7bf0bba07df8ab30a1f1719f85,130,6,1,1,1,0,0,17,1,1,230.29729508220356
0.003,0,177,original_screening,2026081003,250601779,61fb1d3f877c3b6b62ee9b7a78f321dd7d1c116e40af2fc75f7a669a8ca62fe5,177,6,1,1,1,0,0,516,9,1,383.9047187320589
0.003,0,178,original_screening,2026081003,250601779,1e7565c15fa91ecdcc91fe11dd4910484980b37d3db8e3313a7aa0aee3ac7b3d,181,8,1,1,1,0,0,370,6,1,403.7692418549209
0.003,0,179,original_screening,2026081003,250601779,b3a9dd7c24be9f68c614325c6574f51aaf6196ce6f61e433310e3d4e37a51cbe,204,7,1,1,1,0,0,162,3,1,436.5160596418485
0.003,0,180,original_screening,2026081003,250601779,7e43ff8b4bd730adb7eaff2ed56f1d2fc3733ab1ac0ff65caa1ae8749c5ed658,181,5,1,1,1,0,0,57,1,1,339.81280017972233
0.003,0,181,original_screening,2026081003,250601779,e89f3ee74d18851cfb003845e3bfbf097758866266eac4e33823ef3d176be33b,197,4,1,1,1,0,0,118,2,1,384.1152843567313
0.003,0,182,original_screening,2026081003,250601779,a6a56faf550b0a4988f856893217cebe3fd2076223f1471f53df248270af4b30,186,8,1,1,1,0,0,41,1,1,358.26696452344555
0.003,0,183,original_screening,2026081003,250601779,64ef80ec07e91f0749636d8be49526c18f26bf2d5d97a13b9d8bf18ab7499f62,144,6,1,1,1,0,0,41,1,1,253.33663833013333
0.003,0,184,original_screening,2026081003,250601779,8ddc104fbc98dad8eb70c28d45e62a822a1c7cbfaf265d49024b24bffcc29661,188,9,1,1,1,0,0,37,1,1,341.01020257247603
0.003,0,185,original_screening,2026081003,250601779,c820ede4cb807dbac88319dc34224ffc151cbd6acf733adf2c4649a8af448518,145,4,1,1,1,0,0,65,1,1,262.8023715187786
0.003,0,186,original_screening,2026081003,250601779,7e48fb09bc2f491815939557a29ce8a6c8b14d5d5311325088003d2dec8efdbb,188,6,1,1,1,0,0,163,3,1,399.6335293085805
0.003,0,187,original_screening,2026081003,250601779,5f5c412f8377596d7b310d18182f24a26a877e14194351044131be1a2422c347,170,5,1,1,1,0,0,20,1,1,307.7831144788174
0.003,0,188,original_screening,2026081003,250601779,e6d53bf164874fad5322d5c5f9badb61f492acc170341eef725f268cfae5c8c4,242,5,1,1,1,0,0,67,1,1,459.2514758539297
0.003,0,189,original_screening,2026081003,250601779,530e4ec8a66966b3fc2446f0394eb9a4c5f0c930d0bb3fe160d73dd5f196ff66,154,8,1,1,1,0,0,44,1,1,294.9108384859028
0.003,0,190,original_screening,2026081003,250601779,609acdc17cdab9b1fe8071e5e5638b77fb5e8601d9a4ba069358e7ad3295a78c,154,4,1,1,1,0,0,56,1,1,305.6262262870265
0.003,0,191,original_screening,2026081003,250601779,a1269e718c22a1ac218d6a9bf073dfe6a710f20342ebd3f61e94c6c590b5819a,172,8,1,1,1,0,0,156,3,1,320.8133987325559
0.003,0,192,original_screening,2026081003,250601779,4d409af62825cb46d8c9a1c7cca6e0b951b4236b7e73ca150c5b875e1c7fdab4,209,4,1,1,1,0,0,75,1,1,392.33134860824873
0.003,0,193,original_screening,2026081003,250601779,669c75a0e12ec461f4363323f7353a7b23b083a220bc2f4ee95021d929e8adc6,193,5,1,1,1,0,0,166,3,1,390.08155568697623
0.003,0,194,original_screening,2026081003,250601779,ba3de52f293875ded330e1bb8051a69d34d3e86a5680e606392bf353c4138dcb,165,7,1,1,1,0,0,234,4,1,348.78224506371026
0.003,0,195,original_screening,2026081003,250601779,6f048e930dad46df332b0401d1f3dbb8e7bc1903709f4eb6fe1250551ba986e3,171,5,1,1,1,0,0,60,1,1,321.96133003812406
0.003,0,196,original_screening,2026081003,250601779,2d08773dcb0d113835698109d75b4f9abf39208f16126980bcb1c76ea2909fba,206,9,1,1,1,0,0,60,1,1,369.4930516397168
0.003,0,197,original_screening,2026081003,250601779,7cb28196b15ba3cd4881c95593837d2104f7cb187897afa17334c47352d0a635,202,8,1,1,1,0,0,56,1,1,394.6834409562569
0.003,0,198,original_screening,2026081003,250601779,10ddcaad3418be4b3d4025009dfe7c5351372b01ed6c18ef3e1543ef71773545,228,3,1,1,1,0,0,109,2,1,441.9353792218776
0.003,0,199,original_screening,2026081003,250601779,fa60b8aceadb84fb5e10cec7d2eee3283144cc02d4a18930443e7bde8605ba0a,129,7,1,1,1,0,0,14,1,1,262.1269019097716
0.003,0,200,original_screening,2026081003,250601779,2933f8a26e4cbbf88f3afff87bca86d27727d8eb476545183d1e0abfe584bc57,204,5,1,1,1,0,0,252,4,1,466.02418102955073
0.003,0,201,original_screening,2026081003,250601779,be2a1de960aee4e490876cf80e142849b9285fd484d04f8632f541b6d3ab3164,159,5,1,1,1,0,0,53,1,1,275.0984670429683
0.003,0,202,original_screening,2026081003,250601779,97c3558a0750f5b7561318476fba6d29f88bee69f3736e93eb1be9492447670d,183,3,1,1,1,0,0,44,1,1,355.50163584023716
0.003,0,203,original_screening,2026081003,250601779,b1ffa20271194127cfae0ab83333e645a4b6e818adbb0db5c82d043654a32cac,228,6,1,1,1,0,0,48,1,1,406.33826671627116
0.003,0,204,original_screening,2026081003,250601779,0f4d7b543ae66b5a8d69ddd6bdf15d5aed07238818cc93dcc5f78491b26b0857,164,9,1,1,1,0,0,173,3,1,343.89847202041494
0.003,0,205,original_screening,2026081003,250601779,c9b7506996ce627289873400b38ff7a953352c6ca0df4a36747c1db4a27fdb23,131,6,1,1,1,0,0,172,3,1,301.28370938257564
0.003,0,206,original_screening,2026081003,250601779,642a6919bb09527632d858a76abb8f095ac1a0750c56fdf02262584d02210fbc,180,7,1,1,1,0,0,31,1,1,306.0916317806237
0.003,0,207,original_screening,2026081003,250601779,1d369977f2fda9c1b24c1a70e9f3f84a68bd3729e86317002b415dce45110666,163,7,1,1,1,0,0,68,1,1,305.1740886843647
0.003,0,208,original_screening,2026081003,250601779,d4320aa0ffeeb0efad4ba86ca5c15dc86bd667c11c99590c7650fa54b591fb92,171,5,1,1,1,0,0,44,1,1,335.3513633397831
0.003,0,209,original_screening,2026081003,250601779,055ce05b636378b074b24c0d23c9f8b6fdf6572002009e5f8582e83d2a45192c,184,6,1,1,1,0,0,220,4,1,402.79139616938926
0.003,0,210,original_screening,2026081003,250601779,589d13fd152fe2947705735f92757a8d6faca50db0325d9d2b07d3e4780b8a5a,179,7,1,1,1,0,0,177,3,1,362.8544225656541
0.003,0,211,original_screening,2026081003,250601779,acc5956f014dacc0ce4d435df421bf6d8cc271f91a2d6cfdf66d5419d855d665,224,6,1,1,1,0,0,112,2,1,436.5092234144308
0.003,0,212,original_screening,2026081003,250601779,7692ae94abb319c5f0765a49b359ba173617037ca16c15fef844c1be8f7b4055,186,4,1,1,1,0,0,130,2,1,371.6475775620672
0.003,0,213,original_screening,2026081003,250601779,b21bde4d1e9e89fc80c741eae12dc66883c31fa50a25b3952b8872aa167c96c6,220,6,1,1,1,0,0,70,1,1,462.48147684533416
0.003,0,214,original_screening,2026081003,250601779,911d114cdca4a49381fdc4fbdfb04f160d9017d6233d39a4473f458e54fa8898,175,8,1,1,1,0,0,304,5,1,332.41676091333704
0.003,0,215,original_screening,2026081003,250601779,58525e58320961619b8bd148776ab45122d12f9c42526d268ceaf3f26af10185,139,6,1,1,1,0,0,45,1,1,261.59453122203877
0.003,0,216,original_screening,2026081003,250601779,18e55453cd296114c758eb1deaa5c2d70b87153803caeeac6fdd671965ee49d5,221,10,1,1,1,0,0,37,1,1,407.3305289162636
0.003,0,217,original_screening,2026081003,250601779,6c5cfe81b6c90c2f2d210d31fef8e31a6d714aadaca004b5a1ae30686e829128,182,7,1,1,1,0,0,222,4,1,395.11383445516117
0.003,0,218,original_screening,2026081003,250601779,839bb5861918fa66eb4226ea529a7d59b915b0e5bd1a14a0c14b5ef9551ee82c,177,4,1,1,1,0,0,102,2,1,332.212498782393
0.003,0,219,original_screening,2026081003,250601779,3f7337b48ccf6fc46f9493fae07dc6a557a81d4269d7a6ad87178ff1757f2971,210,6,1,1,1,0,0,152,3,1,389.57811391376595
0.003,0,220,original_screening,2026081003,250601779,ec7d04f04177c064bcd0b064fe2f1065c803458fa791beaa5d127768576143cb,196,8,1,1,1,0,0,416,7,1,395.11267814240955
0.003,0,221,original_screening,2026081003,250601779,8458700c8ea3b502598f7b823ea3e441bb35f1e880259351e6d45b1ad0774d5f,217,6,1,1,1,0,0,405,7,1,474.7517539637148
0.003,0,222,original_screening,2026081003,250601779,1195651373f44430aeb64c9c373fef2204574d794b15c6b28c0afaeb97e4abef,194,8,1,1,1,0,0,27,1,1,421.94152926855907
0.003,0,223,original_screening,2026081003,250601779,e032e6e6ec7854a0e75aeac8c0dcd7e58434f878cd289045867182702d4d35ff,165,9,1,1,1,0,0,276,5,1,365.2662961995201
0.003,0,224,original_screening,2026081003,250601779,86f7a651596cd2bf17154aec241c1c572dfeb3783481f70a9a708bb3a752cad7,140,5,1,1,1,0,0,192,3,1,273.03417760806883
0.003,0,225,original_screening,2026081003,250601779,e438cccce9f4891be4943f3af1f27abd2c694faf712c81b81636292f2c98dba8,185,7,1,1,1,0,0,163,3,1,373.69827021646825
0.003,0,226,original_screening,2026081003,250601779,af7121311c3d680fdec6d030d6ec41e57531e8c570b1d15f008527a971a977f5,160,7,1,1,1,0,0,242,4,1,337.46573596362305
0.003,0,227,original_screening,2026081003,250601779,13779af9bc31a641116bc4a8f34585323141a39d69cb3c1c6ea6a9777d3f537a,197,6,1,1,1,0,0,26,1,1,326.4868176396285
0.003,0,228,original_screening,2026081003,250601779,6838182788b96038079a9d14015b043f8e8fd054138a0d4bc5b7d5f8878386ac,184,8,1,1,1,0,0,65,1,1,340.77399541200015
0.003,0,229,original_screening,2026081003,250601779,d99f8e2693c20a3d6c0011ea7eb8d6d5600a36aeb113e26a06059901a25f06d9,175,7,1,1,1,0,0,234,4,1,395.70634697854723
0.003,0,230,original_screening,2026081003,250601779,7f62c790477774cae35916f29280a2154e8657f8e2346acff78cd52fd8b69555,202,5,1,1,1,0,0,30,1,1,433.8099493171995
0.003,0,231,original_screening,2026081003,250601779,e2fc5e155a72439bdde3c88c4db87efd7a6966d21f6b3f0b22ad371eb4c8a2cd,160,6,1,1,1,0,0,50,1,1,288.24970977319754
0.003,0,232,original_screening,2026081003,250601779,13af9f65bc4d27f2584422e5fa9daa4f53084c1adc2b144fcc698db7e1fda313,177,4,1,1,1,0,0,101,2,1,354.075232701788
0.003,0,233,original_screening,2026081003,250601779,3454ee24c9f7524e9aa68f88b17b0f87b94179768fa02c33a4ed16792751956b,219,8,1,1,1,0,0,59,1,1,356.3816530624234
0.003,0,234,original_screening,2026081003,250601779,1d4d6bdb3e7efd8662b5ba0c9650caff4d1796eb4d9a2c2f5b7357e2ee3f57b5,193,8,1,1,1,0,0,74,1,1,387.24539217905885
0.003,0,235,original_screening,2026081003,250601779,a27886b236b6db6cf210eb34811add18c8f4a438560a668356fb359565be5541,132,7,1,1,1,0,0,27,1,1,330.61388080420664
0.003,0,236,original_screening,2026081003,250601779,b2db2771c9b4c4c88a24d844e3f64f5b04d15b28c1504245bb1a83f35c04c280,207,6,1,1,1,0,0,79,1,1,419.0576375199314
0.003,0,237,original_screening,2026081003,250601779,10fbb623b5ed9331ca643eaf1f1f26e04f8648837a74dfda00a6ee7fd105950b,232,2,1,1,1,0,0,57,1,1,439.8486041420557
0.003,0,238,original_screening,2026081003,250601779,4c74784c1a7db43aefc1a37d2bcd8121fac20b89c9670f1280141186d243f1da,198,7,1,1,1,0,0,138,2,1,412.51865931798346
0.003,0,239,original_screening,2026081003,250601779,ae17154e4bf844beb2830fd79ef559e60e905d0467bb4411e7ca02a4870fa074,173,5,1,1,1,0,0,60,1,1,320.8087423567055
0.003,0,240,original_screening,2026081003,250601779,04b14449617034610cc705bfa6b17434c44df6ebfc9bca7d2de1fcdb41965af5,168,6,1,1,1,0,0,75,1,1,318.3085628852948
0.003,0,241,original_screening,2026081003,250601779,62c47715997408a3154b93d1215629431de842180c4b03f975779c3f4311ee16,240,4,1,1,1,0,0,51,1,1,390.84116471793686
0.003,0,242,original_screening,2026081003,250601779,310deea88b6e456b9368ae48eb781ec53b805c605f4214251ee40539103ab3fc,177,3,1,1,1,0,0,159,3,1,395.74576314698095
0.003,0,243,original_screening,2026081003,250601779,0c56e22d4919a43aca252d26d9d1d152138835de6617ecffeadbe461d26d1dc1,170,8,1,1,1,0,0,54,1,1,320.3543066982611
0.003,0,244,original_screening,2026081003,250601779,62c3e0df0ef09af5190dd4076efb4f6bc403812708b77f9544e22f26b6c67f15,186,7,1,1,1,0,0,41,1,1,357.37940365020705
0.003,0,245,original_screening,2026081003,250601779,c50dd9cf5e00eacbd14f15158cdc398a9d43b7f9f007ba02b8d1bb755211ac9e,187,5,1,1,1,0,0,80,1,1,394.7748334883829
0.003,0,246,original_screening,2026081003,250601779,ac655c68576f7095175d078696992ca975444d20631210388300d42678ed7789,169,6,1,1,1,0,0,150,3,1,321.98750768940084
0.003,0,247,original_screening,2026081003,250601779,859211454cf96d70dd0a79637ba86110f56c981aa3a6b1286744517ea21c4128,187,6,1,1,1,0,0,45,1,1,313.96062153921844
0.003,0,248,original_screening,2026081003,250601779,0a8b3b15ced27e914274fa68ecb12deb86cd3da1901200494d0a7171a876edcc,210,5,1,1,1,0,0,281,5,1,429.13965577767567
0.003,0,249,original_screening,2026081003,250601779,9d49091a7954624f8f5f0889b9309b8704057ee001c33b6b04e81e1bab45d686,180,7,1,1,1,0,0,33,1,1,320.3043863658262
0.003,0,250,original_screening,2026081003,250601779,92fabc478b84c0b7a0ff091bce1367b75844a31b936fd3efee61c783b734e4c7,181,6,1,1,1,0,0,49,1,1,369.54403387644436
0.003,0,251,original_screening,2026081003,250601779,82c437396e2be4322a4667cefa90c930eb175f31e4fb78be52413d7dfb03eb95,189,6,1,1,1,0,0,99,2,1,388.1205964802022
0.003,0,252,original_screening,2026081003,250601779,34d8e73a6c558a0609b99f56983b4d51f3620d72d001c6e93afdb1afc0d25a6d,194,6,1,1,1,0,0,408,7,1,423.3648215411953
0.003,0,253,original_screening,2026081003,250601779,35014cbbf2d25649ffbfb636fd38f1f1d9e8c590175f672d30dd7cc4c75bf642,166,7,1,1,1,0,0,160,3,1,349.78220550967944
0.003,0,254,original_screening,2026081003,250601779,9f5aa55043845e8a586a4893bb5cac2b91d28de402fb34ae5d64e7058594836f,133,8,1,1,1,0,0,24,1,1,293.03998389500924
0.003,0,255,original_screening,2026081003,250601779,f4cb8e59bec4848065a1b64f7d78bb346d4c2768940584d5c9a6cbe2f3ecc902,182,6,1,1,1,0,0,62,1,1,369.4557442046106
0.003,1,0,expanded,202608150001,250901780,8e7ee0cbe216a70cb95341595dfc9ddf816cf6aaf968bfc8a3869150d90db271,193,7,1,1,1,0,0,431,7,1,403.9227946451588
0.003,1,1,expanded,202608150001,250901780,349db94f656f5af23cda81e2352dedee675857e919ab8ef8278138df65a71a59,195,6,1,1,1,0,0,315,5,1,398.11797809396217
0.003,1,2,expanded,202608150001,250901780,b9ce20d007b4d3a474540790591105a61044e39fdaf62c8f0c682ff72ab9566e,171,5,1,1,1,0,0,31,1,1,296.429975496209
0.003,1,3,expanded,202608150001,250901780,c7e5784701a5d8fd68fab9abd305e9bb1fa53631888d688ff0cb7d9dac4157e7,169,6,1,1,1,0,0,106,2,1,326.0921536365587
0.003,1,4,expanded,202608150001,250901780,f68c215077296b0ebc28d36286e3801815aeb1aca6f16508d03d3f9bb5de96a6,192,7,1,1,1,0,0,79,1,1,421.9562666514706
0.003,1,5,expanded,202608150001,250901780,ef7f81ce6f1f965c831f2026d09948b83217d89237fd58226918ce4699e7d677,182,5,1,1,1,0,0,111,2,1,348.16262890339954
0.003,1,6,expanded,202608150001,250901780,251bcf69dd1cf4631b14485610e4089d03e8918d5c0b9b172880b25aae3a44ac,143,7,1,1,1,0,0,140,2,1,331.82214898220576
0.003,1,7,expanded,202608150001,250901780,6147bae1ab04818bf0d30bb90b55b2b064a086ab650a9557634db31af353fede,181,7,1,1,1,0,0,320,5,1,403.2532747859856
0.003,1,8,expanded,202608150001,250901780,7aeb31468e549d29f71d3933527311795921e7789e2017fdff135fc4a1ca97a6,180,4,1,1,1,0,0,60,1,1,348.7051047506709
0.003,1,9,expanded,202608150001,250901780,1b6e1f3c678f8454234c17ec74af7b3aaa04be7b866769e8a7d51855526cc257,181,4,1,1,1,0,0,156,3,1,389.8139515367292
0.003,1,10,expanded,202608150001,250901780,6698ad059ea088ce98d69578cceab20da048dd8b37a4a95b0b3b0b3863df0684,152,7,1,1,1,0,0,45,1,1,268.32745919954976
0.003,1,11,expanded,202608150001,250901780,369029eecf8651299c35cee7de6b4507095afa892083a1a39872ed6adcf116a6,115,5,1,1,1,0,0,42,1,1,214.0486110922032
0.003,1,12,expanded,202608150001,250901780,71d90c44165e1cf0f8658416b06981f5b2e15049fc4dc87bc910c3ec656af895,176,1,1,1,1,0,0,22,1,1,300.15621191993284
0.003,1,13,expanded,202608150001,250901780,b0d25905c073e966d948a8931e0e0c0ffbc1a40995d3d71fb3ca8a2a5b7306d2,234,4,1,1,1,0,0,406,7,1,536.1788141770168
0.003,1,14,expanded,202608150001,250901780,c3e5d98fdff6c887fc9dec5b514fbc7c68a2269fb7114582a7e7cece9d09ee64,172,5,1,1,1,0,0,33,1,1,288.6369073361166
0.003,1,15,expanded,202608150001,250901780,2be3c0588386c9944814f1b4d63516cf2275a747bf934ecfdf7aceb8d3bb660e,183,6,1,1,1,0,0,33,1,1,327.4027599811669
0.003,1,16,expanded,202608150001,250901780,8ef668af4af2d0b4b62eb688766a81d59f259a6a5bcc987353a299de72b20503,202,7,1,1,1,0,0,51,1,1,360.83031970528253
0.003,1,17,expanded,202608150001,250901780,94ceffd8c8ce3b00d74c5e06798634c2f45eb64872aff9369e4dcf01668e7e80,167,5,1,1,1,0,0,47,1,1,296.12310226818863
0.003,1,18,expanded,202608150001,250901780,6ae3dff791e4dd763736f55399b1c0a03990193a66973b4c6744df7c4c55156b,201,8,1,1,1,0,0,60,1,1,339.74545029595106
0.003,1,19,expanded,202608150001,250901780,7f43e3d7d1f0dec70a3d55669f3f4a0f34bb3fce8af8531fe5dbe17e35284850,158,7,1,1,1,0,0,191,3,1,345.7340760693527
0.003,1,20,expanded,202608150001,250901780,a1df5ae67b166e2da1853e82808744150aa67027703ec7ad87182641e6f65cb4,174,8,1,1,1,0,0,71,1,1,357.24782589875116
0.003,1,21,expanded,202608150001,250901780,7f7bd978cbb6636c04b4f275bdc4931bc49e7fee2d4ebb178bf8a3da924e1a5a,140,6,1,1,1,0,0,26,1,1,296.7346799002454
0.003,1,22,expanded,202608150001,250901780,83b4bf07709a6cadf82ac46f169fb9f144bac639d3e1d5a75deecc666b767d89,174,7,1,1,1,0,0,167,3,1,366.1518507577346
0.003,1,23,expanded,202608150001,250901780,bc92138482cca4d8598bec102f028ea15bf0153f00bcd939b0ac653a274a7ea0,183,6,1,1,1,0,0,30,1,1,357.7877480915922
0.003,1,24,expanded,202608150001,250901780,de0b1732edaee6582903c4e30b251557f1de7ebb885be46142805155bc7f25ba,129,7,1,1,1,0,0,34,1,1,223.09691080850192
0.003,1,25,expanded,202608150001,250901780,ea028ef23824650dec9ba7c427428afbf074bb319fc36253e10349a0fb7be281,148,6,1,1,1,0,0,32,1,1,279.914450838485
0.003,1,26,expanded,202608150001,250901780,de3f2a61c107ae4c113d1d4b4cccdd776a3860539528a5a01c1dee8422f37ff6,182,6,1,1,1,0,0,70,1,1,302.78498823131025
0.003,1,27,expanded,202608150001,250901780,69cd15675474d6fc5ebb8151ce410ced137037db76ff6a7db0f825b6e0689a90,195,9,1,1,1,0,0,110,2,1,389.8844289002068
0.003,1,28,expanded,202608150001,250901780,cd9682edf1464a9aa8c5966c1457f370664876bf14a23db3ffb1c883bfbdf774,149,10,1,1,1,0,0,24,1,1,296.3892839437309
0.003,1,29,expanded,202608150001,250901780,3861b31f4f56d229aa88357cc2a9e51f5593469328ec8a8498aa928730484735,166,7,1,1,1,0,0,25,1,1,355.07679576870095
0.003,1,30,expanded,202608150001,250901780,d12a6437d7b0ed273142930b67b088b1dd0439bbe98f59865e8b82c996e11fdd,211,6,1,1,1,0,0,76,1,1,365.3890435209488
0.003,1,31,expanded,202608150001,250901780,c91768c946c9ff145a522d09c9098e2331221d52e55eea6090d3392e3cdfa7b4,196,8,1,1,1,0,0,158,3,1,390.3890786131195
0.003,1,32,expanded,202608150001,250901780,8cae41710734c8274b1b9dafe12af3d1efea350128a2a3a21240daf58892057e,159,5,1,1,1,0,0,162,3,1,332.8363332089211
0.003,1,33,expanded,202608150001,250901780,b3b5fc200249f088f944d10ba21f96fa4234191889535ba18af2e7f4e01d6209,152,7,1,1,1,0,0,100,2,1,325.02830104443217
0.003,1,34,expanded,202608150001,250901780,8f91d3d9693596df73dc126a712d4c5e5ede09dc68d3ee59e0a1c03d36011304,187,5,1,1,1,0,0,59,1,1,338.6110993723057
0.003,1,35,expanded,202608150001,250901780,89521a0f66e886fb443cbcedccffd2cd0d662cc46ec546994f5e832c678c19cc,161,6,1,1,1,0,0,103,2,1,299.6479519340335
0.003,1,36,expanded,202608150001,250901780,5e9c05f1bd5c87206076f15a23beeb27ee3d87a1bd114edee6efabbd9b328a11,178,6,1,1,1,0,0,49,1,1,334.35739403291393
0.003,1,37,expanded,202608150001,250901780,66b6e5acaa3cfaf540289aa9d399a417c16db46a97d561c28387e09ad2ef6e47,159,5,1,1,1,0,0,36,1,1,330.77237987610033
0.003,1,38,expanded,202608150001,250901780,57d4b46a4084ecaab01a5cb510c56733a3010b96604774e3cfa5ae0130e3ba78,193,5,1,1,1,0,0,75,1,1,319.9251935386498
0.003,1,39,expanded,202608150001,250901780,7510119971c1789693e00b1eff46d8d40eb5f41c684c03b3bb6ad515acc6bee4,216,5,1,1,1,0,0,50,1,1,419.2901307474591
0.003,1,40,expanded,202608150001,250901780,d00b11d9d37ac0e7d9552002c64b891aae497bf058e16617b8b68dd3aae11866,125,7,1,1,1,0,0,709,12,1,280.7604575667567
0.003,1,41,expanded,202608150001,250901780,0f9db234c440033a1e9812fc120a6d703718b4e0b8f05df00b7d9986833286da,154,8,1,1,1,0,0,56,1,1,302.24233019383746
0.003,1,42,expanded,202608150001,250901780,daf44cb6e1da4e5f14fdd74418f591ca60dff33351230e0ee474e013c8095093,193,7,1,1,1,0,0,115,2,1,441.2607648375587
0.003,1,43,expanded,202608150001,250901780,1c2268c848589f44c4b9bb50e0a84fdaa1f5de8cda83aedb0f357209b929127c,169,7,1,1,1,0,0,109,2,1,349.24220044905854
0.003,1,44,expanded,202608150001,250901780,2b6c4699b4514378f970bf1f39a904dc1b9f6d536fc945905d1b3effe5b2c52d,164,5,1,1,1,0,0,241,4,1,336.36047619164594
0.003,1,45,expanded,202608150001,250901780,68f60ce8feefd519ca3dece46407b80f8f762b9c496ddd0d6ec2f257ba1c5922,159,8,1,1,1,0,0,194,3,1,342.84186356084444
0.003,1,46,expanded,202608150001,250901780,659d8f100ac4d1a169b47e39d7de53df0de48e4f26f133e13de6d171f1695452,202,6,1,1,1,0,0,371,6,1,441.0667622190472
0.003,1,47,expanded,202608150001,250901780,9ee6eb7adc62270018023ff2f724563f2dfaec56e05d6428013833fa0b1826b2,162,7,1,1,1,0,0,33,1,1,316.13377422943194
0.003,1,48,expanded,202608150001,250901780,0b1019b820c0cc838f2b83ea2c0d7dbe807f1352007b0b318e3f2af71d0edce8,226,4,1,1,1,0,0,159,3,1,466.82873600601073
0.003,1,49,expanded,202608150001,250901780,376735105fab68d8e111d7843d39c110d08fdfa8fec1bb822db3a612a00d76fc,169,8,1,1,1,0,0,55,1,1,332.5168838317468
0.003,1,50,expanded,202608150001,250901780,3186e02d980121f3dc8e4be84ab203e17555c5f73afa381383923688972479f7,199,6,1,1,1,0,0,31,1,1,328.24153187312015
0.003,1,51,expanded,202608150001,250901780,d8db53765412153f6a8fe2341a46dcd86487f2e0529e993acd79049589a7d115,159,6,1,1,1,0,0,80,1,1,289.01567964081676
0.003,1,52,expanded,202608150001,250901780,ed7391eb0fdab189f742e5e61cd8d01d0f1ab51fe1f57fc902e7ce3ffb0bc5e2,209,3,1,1,1,0,0,52,1,1,363.7071768584178
0.003,1,53,expanded,202608150001,250901780,0fbc4c1601d9ec4597cb057c1c13d5360a6374dfa996876e3905a4b583d0bf5a,205,6,1,1,1,0,0,78,1,1,384.79013904262126
0.003,1,54,expanded,202608150001,250901780,05900634ddd4661b0691f8bb9bba9199e6f23cfc64c19d7c0602ff558504fa40,163,5,1,1,1,0,0,43,1,1,284.66919222291847
0.003,1,55,expanded,202608150001,250901780,e467afc856e076e7adef3f9ced01f65a4c62801ca094d6601f77749a1b07a452,140,6,1,1,1,0,0,23,1,1,267.12234087759293
0.003,1,56,expanded,202608150001,250901780,8de642977227fd658e795162df1b3d964704cfd4987004c43aeea791deb90395,200,5,1,1,1,0,0,104,2,1,398.25552704943675
0.003,1,57,expanded,202608150001,250901780,465a0fb302d2dca002b38eb6a132475e92a385ec4f186bfa4157f71d3ce7eb07,214,6,1,1,1,0,0,112,2,1,428.8623659463761
0.003,1,58,expanded,202608150001,250901780,b285cf8b2bd93cbb1d2260d9469a737398a713caf9bb61f25191cce35ba33f4d,127,9,1,1,1,0,0,180,3,1,274.56163900559284
0.003,1,59,expanded,202608150001,250901780,f99c95ff3e56774466058675abfead78ab1ce3ad557cc86520e4ade7ea412d45,205,6,1,1,1,0,0,54,1,1,414.19667985112903
0.003,1,60,expanded,202608150001,250901780,9a5a25889e8e9d5d2fad64500434f4ec6ddd0a67f4116257f473ca5a50d96ef8,194,4,1,1,1,0,0,825,14,1,409.24637225702054
0.003,1,61,expanded,202608150001,250901780,e814fc038de77d719ad7dbeda44588901bd0c20619b911cd338ce38d3960da9e,173,5,1,1,1,0,0,126,2,1,332.0521713866611
0.003,1,62,expanded,202608150001,250901780,c505aebcd5250d4355f897a55b9a64efd3090d33ca3fb67b958ff5848e33ad8d,213,7,1,1,1,0,0,72,1,1,387.1942862174496
0.003,1,63,expanded,202608150001,250901780,d6f57358c327e1f197422705dbdefc22386e793db8881184934dcfc19d151577,188,5,1,1,1,0,0,105,2,1,378.8292812672357
0.003,1,64,expanded,202608150001,250901780,2c7c876a3f22ff79e52d3bf6c4a173f0108449abb10696a3b54a2e717deb922e,242,6,1,1,1,0,0,44,1,1,452.57610741698096
0.003,1,65,expanded,202608150001,250901780,c0d7bcaf6609d6c6c9f4cabc085e6857d9a695b65b1f02eba27a53dd60422491,218,7,1,1,1,0,0,28,1,1,364.022329864648
0.003,1,66,expanded,202608150001,250901780,2dbfd899dd49ba29cf64abcb7446bb7e9823eb8169307cd389694329b3820533,194,5,1,1,1,0,0,51,1,1,354.68777333331855
0.003,1,67,expanded,202608150001,250901780,b542d569759724bd7bb8e8a5a18a715cc8a49badb613d97e8d65e4a93ae83dd1,213,2,1,1,1,0,0,32,1,1,397.5573494684168
0.003,1,68,expanded,202608150001,250901780,364f69d141911c637c5f023ec159509286a339a59416b8ea540f18bc3bcd9570,162,5,1,1,1,0,0,161,3,1,321.82240936975853
0.003,1,69,expanded,202608150001,250901780,40bc3f4709803628d946d53eac4149540f1d1c1b08e8feedd697e6f4222a72b4,148,7,1,1,1,0,0,48,1,1,250.73079315888202
0.003,1,70,expanded,202608150001,250901780,2bbb137e94d48b187d06ad360a1f4649be71ef85d5e8d1eca6c6b2b437599500,164,4,1,1,1,0,0,24,1,1,278.6502973643606
0.003,1,71,expanded,202608150001,250901780,e80f2b5b66bd36d23ae93afa22fd4bcefd69b66f9bfd7bd567df6af910bb9736,171,4,1,1,1,0,0,49,1,1,280.8575838253106
0.003,1,72,expanded,202608150001,250901780,8a2c22cea758daf74b1d9f42f44333819bb256647d5f29014207980789fe9a1a,162,6,1,1,1,0,0,59,1,1,305.20115740942117
0.003,1,73,expanded,202608150001,250901780,7080e48e3164c67b396340722e533e312e4a2606fb17bd399fc94c4b220d0c8a,196,9,1,1,1,0,0,64,1,1,340.86478904450473
0.003,1,74,expanded,202608150001,250901780,a5e883c562b12a1488802101ba6c23cb6a82799bc28415cb3e1716b69bf19893,203,7,1,1,1,0,0,51,1,1,367.7613777070544
0.003,1,75,expanded,202608150001,250901780,5e9d60b91e27d4fa598535f9c4191cbeffc0386687d7aac8e38eefe185e7b729,207,6,1,1,1,0,0,158,3,1,447.2633831591447
0.003,1,76,expanded,202608150001,250901780,ebe7b5c67c4efbced95fa678ad572849afb9f504b78c147b79f188f3bb7e835f,147,3,1,1,1,0,0,135,2,1,319.07453287023714
0.003,1,77,expanded,202608150001,250901780,1932674b2b99136047b14427f25d0e446bdb11163c46f6953ec07dc030dbc1c7,161,6,1,1,1,0,0,113,2,1,329.1460277159658
0.003,1,78,expanded,202608150001,250901780,f36220788a7c4671b6839c853fc4b7cef7f60eb67dfbacb042d669ea3096d0db,162,5,1,1,1,0,0,30,1,1,306.61921852335894
0.003,1,79,expanded,202608150001,250901780,3083d867f10a6d0f4c8491b3280c60e6f72a98814269c8a16a53e7cf1c2bcb9c,204,10,1,1,1,0,0,159,3,1,414.99561827318735
0.003,1,80,expanded,202608150001,250901780,f75a80af2a2536588cc55334807a4b2d22b9a245fd4da416a9b716526d2d0152,206,7,1,1,1,0,0,463,8,1,449.01976023013196
0.003,1,81,expanded,202608150001,250901780,5bc6caec587a757fff4b0a914ea4c2f1178548b63c356a90baa5bca521b6f557,135,6,1,1,1,0,0,68,1,1,288.76825066385294
0.003,1,82,expanded,202608150001,250901780,a354ccfb91f55a333148532d7e3ac8fdc6f91d9a8c9687d63cd5aae35058ec45,175,6,1,1,1,0,0,44,1,1,323.577942065739
0.003,1,83,expanded,202608150001,250901780,e8a66d976d39111fabc0e477c7bef14a145f510328cbf1d9ec086880f21b5fed,166,7,1,1,1,0,0,521,9,1,360.0795271869614
0.003,1,84,expanded,202608150001,250901780,2331b6aa7541081c403425589ca054fda26214bc4209a76902a0d9d0f6061dd9,200,8,1,1,1,0,0,166,3,1,409.8422595666342
0.003,1,85,expanded,202608150001,250901780,7294b282652c52a9f8e7e98603169acfa6f6c982d54585bbd3b48618fb688965,270,5,1,1,1,0,0,4019,67,1,580.6786772879062
0.003,1,86,expanded,202608150001,250901780,69e402a71a4c57b99dd2df1144394ac9026324683e6ca3b76df813277d426370,157,5,1,1,1,0,0,65,1,1,304.4664091935772
0.003,1,87,expanded,202608150001,250901780,b6e3d9a527654ef64054ed3f0917979cdb7bc8b037dab86cc428d100de24fc7d,182,5,1,1,1,0,0,49,1,1,334.9416785586625
0.003,1,88,expanded,202608150001,250901780,3836c33f71be9684e60811c4d170e7e50f9b892a64372cc2e5ff65868a702aa6,214,10,1,1,1,0,0,59,1,1,367.9383926821371
0.003,1,89,expanded,202608150001,250901780,26b840678329d162f39de823331894ca55bbd2d5da1a25f562de5f1139553a12,224,7,1,1,1,0,0,77,1,1,412.36183291132716
0.003,1,90,expanded,202608150001,250901780,14c6f60440d579099a68dea67db7397a2c6f00346ef7320a93ad42b4ed9f1e64,134,5,1,1,1,0,0,213,4,1,257.9665612976113
0.003,1,91,expanded,202608150001,250901780,10a8d76b521008dd7d4af73a16ceeee70acad04327f90fd88d86eac06a5c644e,216,5,1,1,1,0,0,128,2,1,483.1751011153593
0.003,1,92,expanded,202608150001,250901780,46acaf049eb6df51d512ec8c3f9a03c19d4d49cd422ef809785d976c5d149044,151,4,1,1,1,0,0,169,3,1,357.47299115994394
0.003,1,93,expanded,202608150001,250901780,8927e00dca02643c9a1c28c174224d175bc764ffbc44d1461ef776e5f194209a,221,7,1,1,1,0,0,62,1,1,404.56228208839275
0.003,1,94,expanded,202608150001,250901780,dbcd04abe37f53157be95a13ac00a06a670537d70da33cf21d7e3823cad14533,199,10,1,1,1,0,0,131,2,1,384.92242673169943
0.003,1,95,expanded,202608150001,250901780,f430d90a49fa1ac43f0b4a11f53cb02100d377259c291a8a3d0e16a76809e70e,192,5,1,1,1,0,0,57,1,1,456.70628297310026
0.003,1,96,expanded,202608150001,250901780,673c18bf915a09961af39776c1b58462dce5af7068d6aaf86d9d3bb19843d523,176,4,1,1,1,0,0,158,3,1,334.1584619825584
0.003,1,97,expanded,202608150001,250901780,1c00751b94b718241ec5cab3f7be0d85060facbb62062e0674a35592e51b52ad,177,5,1,1,1,0,0,77,1,1,319.5452535578336
0.003,1,98,expanded,202608150001,250901780,44d715265541a2a6a6bb1705746d0447f3cce7c8b83570e7178cb583d0186d7d,184,5,1,1,1,0,0,161,3,1,372.91460640658573
0.003,1,99,expanded,202608150001,250901780,0c92033757f58893ae07aa3251ea7ef539eaf38e8c64de1ca298bc623aa14843,154,8,1,1,1,0,0,272,5,1,319.88392787189207
0.003,1,100,expanded,202608150001,250901780,6ba502b4955f2d6502f7c40ee5e5c9e56ef0329ddd95814db909ea351959a304,185,5,1,1,1,0,0,48,1,1,319.29412636168706
0.003,1,101,expanded,202608150001,250901780,5f0923d13ebffe9fd8fa7aa3b5fc934f9952cbe04657f1c3deb3cafb07aef4f4,209,4,1,1,1,0,0,69,1,1,386.58704135928224
0.003,1,102,expanded,202608150001,250901780,0216ed19ff3a5ad39fafce89355f6813fc86d1719dafc77af3cc70b92e1c7d0a,212,10,1,1,1,0,0,118,2,1,390.767556934681
0.003,1,103,expanded,202608150001,250901780,75215228ff11aa27c61ff7ab93cb13ca802a6851e5cf4df67ac8179134d28639,167,5,1,1,1,0,0,33,1,1,303.14330860917164
0.003,1,104,expanded,202608150001,250901780,e132a61ff8b4a73678a1fc0ef5c0748972a07ae4b62871accdb9af2ca4e644a1,211,10,1,1,1,0,0,79,1,1,391.9500797326119
0.003,1,105,expanded,202608150001,250901780,1671f96127d755cbe119baa4ece5dfa8a81a0371d8b2ad09fae5c48b8e8ba79e,139,10,1,1,1,0,0,177,3,1,340.08993776797695
0.003,1,106,expanded,202608150001,250901780,0c40c3e7af2b73542feecc19d428f38cc905e1d45d072e3a012d3da026d68184,190,6,1,1,1,0,0,605,10,1,401.44885163754435
0.003,1,107,expanded,202608150001,250901780,9941feb14306951c69ae08f2ce48df158082f663b10653ebe2e0dfc4c9a4d467,171,5,1,1,1,0,0,154,3,1,349.1532321368506
0.003,1,108,expanded,202608150001,250901780,63fa9de9e5ddb87f2f164d54499ec83345f176102771b025c6af2c5d96e4fa0a,207,6,1,1,1,0,0,62,1,1,365.7690940907803
0.003,1,109,expanded,202608150001,250901780,261d9f0acff32e9b7405ae0786f7bd756b08eecc8fda2068b63df67c32b6be6c,178,6,1,1,1,0,0,127,2,1,359.10666414817814
0.003,1,110,expanded,202608150001,250901780,3257ed5dee1a441c07fd7dd595a42367d0edce4d73abfcddb8893e20fcf4db29,181,8,1,1,1,0,0,53,1,1,345.27178309065334
0.003,1,111,expanded,202608150001,250901780,206f1b30c66ff9dd6551f9e61cccb861ea7edc422b0a1202cd2d6af0e0661c7a,200,4,1,1,1,0,0,58,1,1,352.69660718181973
0.003,1,112,expanded,202608150001,250901780,0542c24771f3eebf169b2251db1c88382b829ad8f7009ddf6d8ebf124db665f7,238,6,1,1,1,0,0,107,2,1,444.6129042992708
0.003,1,113,expanded,202608150001,250901780,c5938e307ea58625bc8c02878c6c0db430eeb57c0304f98d4311d1846668ebf7,174,5,1,1,1,0,0,166,3,1,333.31598080507536
0.003,1,114,expanded,202608150001,250901780,52c709cf73b0c8c389502585c328720e690552f47ae68a183f704b0ec98e063c,192,6,1,1,1,0,0,1670,28,1,413.45072809626066
0.003,1,115,expanded,202608150001,250901780,769cab32d8b7ac4f486a0481a80c10da46438390210fa189385fe4978072603c,114,2,1,1,1,0,0,281,5,1,260.1746279163666
0.003,1,116,expanded,202608150001,250901780,7c97f3c5473533bca47a611246cd09c5ddea09a683b4664a0bc548c8ac23de12,163,7,1,1,1,0,0,64,1,1,357.2936474950344
0.003,1,117,expanded,202608150001,250901780,208b45375b190e05531fd83b73be9e625d0c38a40a0faacf721337968c46a859,195,7,1,1,1,0,0,287,5,1,382.27032736735396
0.003,1,118,expanded,202608150001,250901780,0909f63ffd7fbe98116f2434fe5c77bd70cfbcb1c99104969b6fc1f922958eb8,143,10,1,1,1,0,0,115,2,1,285.554326103782
0.003,1,119,expanded,202608150001,250901780,8da454cd84eeb2e130aaf973e9279d5e97f2526dffb3369c0e54ba6b0196339f,208,6,1,1,1,0,0,223,4,1,421.4998367565572
0.003,1,120,expanded,202608150001,250901780,92f5854f546cd976212216f06a4d1e50db486c8004368ce5ed16888df2be23e4,155,4,1,1,1,0,0,37,1,1,267.1642609123272
0.003,1,121,expanded,202608150001,250901780,9e9f6b5f3f5dc4650fffcdc4995e51562c14f95fc475a181d7380f7a98994b1e,172,5,1,1,1,0,0,53,1,1,347.68024018995186
0.003,1,122,expanded,202608150001,250901780,60ed91485047255b2d2f73689419521ab3159b147ec5c37d95b845c38ced5261,135,7,1,1,1,0,0,28,1,1,320.9307166910228
0.003,1,123,expanded,202608150001,250901780,3e80d9e1cfc4817ed923b3b1249406ee8bf9b08ff8ed717662c9305e2b7ab1b1,169,3,1,1,1,0,0,106,2,1,330.86735149835613
0.003,1,124,expanded,202608150001,250901780,af8f055d60afca77ea40aef73f0108e93072c6f08229455ff4bf1a53220a5944,177,7,1,1,1,0,0,165,3,1,357.6113865447719
0.003,1,125,expanded,202608150001,250901780,4c537a4c45acbc5e7f451d887b84e1aa19c65d2e1efcba2dfad9eda85f7adfef,153,7,1,1,1,0,0,29,1,1,333.81006857745604
0.003,1,126,expanded,202608150001,250901780,468f8f061a806045a52cd5756aff04bd0aca40aa96530a533dbcf348008f3f2f,151,2,1,1,1,0,0,32,1,1,268.63511502521067
0.003,1,127,expanded,202608150001,250901780,8e46a92580166881d8532bb66b7335838d5c793da738d52070b152edb74ef8bf,203,6,1,1,1,0,0,186,3,1,435.2474639075357
0.003,1,128,expanded,202608150001,250901780,5c80a1e983f97f5ee30ada4d78fa43638ccbc8f6b13b613564c1f558ab36bf9c,170,6,1,1,1,0,0,110,2,1,323.56081385565994
0.003,1,129,expanded,202608150001,250901780,5a9a66e5bd3693c062075c5a44243dfc7f6d9a9b88d4943392c9b5410b974101,108,5,1,1,1,0,0,32,1,1,214.1548490858085
0.003,1,130,expanded,202608150001,250901780,9b244a6887da1d61e0b54efa177c3c6287cdfcbe7dc66cd76fa3a7c6263d44d5,145,5,1,1,1,0,0,33,1,1,287.68176375267547
0.003,1,131,expanded,202608150001,250901780,aea8f6f60003c5803951d92506035177ed09e42a63734db92b0890ef9b1665a1,166,9,1,1,1,0,0,19,1,1,277.1453981862053
0.003,1,132,expanded,202608150001,250901780,9c9f94ab42d2d292834677d8fe8f22a2633a06225bee630d4b987a3b428a920f,179,8,1,1,1,0,0,171,3,1,343.53246052691225
0.003,1,133,expanded,202608150001,250901780,26d7ed45d1328994bcb637a546ed0a92ce796d42aca038ca3e99ed5dc467baf8,225,4,1,1,1,0,0,585,10,1,480.9992334458084
0.003,1,134,expanded,202608150001,250901780,413cdd3d75bc11fc8cbbb8e91d685ea3241380a832d135b0928a6c0471bef132,154,8,1,1,1,0,0,52,1,1,277.4845327726798
0.003,1,135,expanded,202608150001,250901780,f50cc5705d96c6a14d132c2bb1451c21c848145904adc4cdf868c9d406db956f,171,6,1,1,1,0,0,334,6,1,387.8159940773305
0.003,1,136,expanded,202608150001,250901780,889a595b15368b0082e4dc5b5d7ee42e19a2efcdd82331398b84243b9f0576a0,117,8,1,1,1,0,0,24,1,1,256.9087517104422
0.003,1,137,expanded,202608150001,250901780,924ed1aeeca15201c5aa2617f31a420ce3db77e5ad0f109fe42e4af176c34e16,202,6,1,1,1,0,0,43,1,1,391.010418395874
0.003,1,138,expanded,202608150001,250901780,ec530f111bbbebd07c8d63d77faa5de6f8f3c51500fc21f267ea5db1bade5120,182,6,1,1,1,0,0,49,1,1,354.6406737376439
0.003,1,139,expanded,202608150001,250901780,676cc4b9a99ba07e486e437d5e4a042f048fa08f51b25dfacf3df6f14bf98901,195,6,1,1,1,0,0,178,3,1,421.603276959255
0.003,1,140,expanded,202608150001,250901780,52723a6f02e4bbb6d7fb81439507652ade643aabaf3f513264f5d6420d306f54,164,4,1,1,1,0,0,27,1,1,284.69299694458
0.003,1,141,expanded,202608150001,250901780,9134f56fea83036c0c0d3fb45854ea41b889fc472cd10a5358df789d596ec78b,250,2,1,1,1,0,0,114,2,1,504.69696262791206
0.003,1,142,expanded,202608150001,250901780,33c3aa84ea0ba4039c687b68230f675f73903ab8417d64a57fa3dd19842a6fa9,249,6,1,1,1,0,0,116,2,1,443.3982274439297
0.003,1,143,expanded,202608150001,250901780,7458f8b307b7aa1f6fc1784029465b226385a6c3ae477b53644bc2af3d6b5d31,176,7,1,1,1,0,0,27,1,1,323.99160421676703
0.003,1,144,expanded,202608150001,250901780,d609296703ca6bc0c7237a1fa7038937f52e5cb8c9a5a33bdf8b67d71818ede8,167,6,1,1,1,0,0,45,1,1,290.1963912491715
0.003,1,145,expanded,202608150001,250901780,60c172e6c76a9d8958a9671b39b1299f2793d4a3820526a599327b28b2764e52,179,5,1,1,1,0,0,176,3,1,355.7758849146777
0.003,1,146,expanded,202608150001,250901780,5187a0bd4b263e2008c92f4dd180ae7ec6d4371d7eb31d3f2f2dd7cb3edebc27,172,8,1,1,1,0,0,38,1,1,310.7223303483795
0.003,1,147,expanded,202608150001,250901780,d8fdc8db8231d087c665bc3b7b7d6e95262c33721d9b1a7921c2556bb58ca4d1,184,7,1,1,1,0,0,287,5,1,344.75777848100313
0.003,1,148,expanded,202608150001,250901780,b11b38f1ead22755133059ae2d840d6285e82dbabfa71f3e36008a8fff6e5c79,177,5,1,1,1,0,0,39,1,1,380.16402746145343
0.003,1,149,expanded,202608150001,250901780,cfbcd6331c806fef5c71461dc9c5386df7ad7df45b497943cc695bfd0158cf8d,232,5,1,1,1,0,0,462,8,1,470.23317427017827
0.003,1,150,expanded,202608150001,250901780,aefc1b5bc87779fc66cabd2bd9f9433039f5ed705b0c6b00160ef6e8830ab333,194,5,1,1,1,0,0,28,1,1,340.80283448917515
0.003,1,151,expanded,202608150001,250901780,235963c434f4bbc7090ef582f80d0009dace35dd62f5506b1760e86596d5d109,182,2,1,1,1,0,0,29,1,1,337.59263101934255
0.003,1,152,expanded,202608150001,250901780,ae4efd29705e0d3ad3f94e2097b58b018504238112780896c1eb453315a24c31,174,7,1,1,1,0,0,187,3,1,365.95086461227015
0.003,1,153,expanded,202608150001,250901780,24c508375722bb8e007b3a4ddacd2d1cff229277f7afde42bcc9b5025e137acd,177,5,1,1,1,0,0,32,1,1,317.9506089741641
0.003,1,154,expanded,202608150001,250901780,1926625ed8f3ff6e295ad06cab603889964105e0fafa99e2b77a1045b25c3f41,237,7,1,1,1,0,0,26,1,1,448.09248222816643
0.003,1,155,expanded,202608150001,250901780,4349cc328fe617055540c936c3f613c60c5d3178693eb4bcd5b01deca94b64b6,159,7,1,1,1,0,0,50,1,1,299.81818627267626
0.003,1,156,expanded,202608150001,250901780,55908f7fca51b5bea7db45342265a477667ffd73a34b60ed8442669390293b50,133,6,1,1,1,0,0,93,2,1,259.59513829699256
0.003,1,157,expanded,202608150001,250901780,94fa7265840e44e851381b09bb45ab20a7c417328125cb5ef7505c771859e1be,210,4,1,1,1,0,0,180,3,1,422.8965842016966
0.003,1,158,expanded,202608150001,250901780,39424b4e590168241320a14cbdee59b94ea47b9a047daf454215672e189c1dcb,203,3,1,1,1,0,0,41,1,1,391.71324591598795
0.003,1,159,expanded,202608150001,250901780,db8b6e28b5f988abbf003d94c080a8722540829dbbba01bf6a6857ca3770afcc,150,4,1,1,1,0,0,43,1,1,307.11390393176663
0.003,1,160,expanded,202608150001,250901780,a17f309b66b1aa69fecb8a3f214d11aa8f7bc99ec66e01266cd9b303ec011a1b,207,5,1,1,1,0,0,35,1,1,358.11863363814814
0.003,1,161,expanded,202608150001,250901780,6d40afe8bfd8fd4fe5098547b24ac6ae1cf87eb1cbd083c2c19ee6de3f0564de,166,6,1,1,1,0,0,115,2,1,354.9761765816469
0.003,1,162,expanded,202608150001,250901780,1950ff05210f29c3ecf73e1d44a9ceb66763b4129516dd621d77c324e3280021,176,6,1,1,1,0,0,102,2,1,304.2403731635832
0.003,1,163,expanded,202608150001,250901780,aa5d80206538f21428ea1ed82869f232ed52b018305b7331d634d3c76594ac8b,213,5,1,1,1,0,0,29,1,1,402.33907841223015
0.003,1,164,expanded,202608150001,250901780,c81171b0027616b6bf0a18ce300c964f78091cf7bc1e4892dc852bda537cce25,227,8,1,1,1,0,0,249,4,1,451.9292634349035
0.003,1,165,expanded,202608150001,250901780,6c1a4d91c9357c7ec61a770405660b6f25390004b8b5b95bae030cf2e9d3b511,184,7,1,1,1,0,0,132,2,1,398.8367512696821
0.003,1,166,expanded,202608150001,250901780,39176dee35b347ffdb505156f3fa800825cf7d1eefd99b5f5eb4b18557432e32,170,5,1,1,1,0,0,38,1,1,333.6305390220384
0.003,1,167,expanded,202608150001,250901780,dd4f65413e70298ee007fef456d6633fe1bed76bb358b2bfb407a3a9298e9f52,160,4,1,1,1,0,0,33,1,1,306.1980349107258
0.003,1,168,expanded,202608150001,250901780,88d70e795f984f2b6e11e4431a30da3f0a9fb6cc660227b1b32cc46840060148,113,4,1,1,1,0,0,12,1,1,193.9430235980293
0.003,1,169,expanded,202608150001,250901780,ff221fdfc38b78c67bd5a0f07580afc36bd5ed445da9034653b7a638b074b0c0,169,9,1,1,1,0,0,65,1,1,368.98582513857906
0.003,1,170,expanded,202608150001,250901780,3788bcd5fc17a5137af880ef752a22977883a69192cf5fed040646d8dc917447,164,6,1,1,1,0,0,147,3,1,338.3543779847413
0.003,1,171,expanded,202608150001,250901780,610fdb68fd59e2294fc2808ed6bbd3748669e848fa7303abdd1b52f3c1c085a5,172,6,1,1,1,0,0,224,4,1,366.13898760445505
0.003,1,172,expanded,202608150001,250901780,398698e978a8f8bf20bcd9451cb5950a7828959ab01e9568288bfdb98a57078a,169,6,1,1,1,0,0,228,4,1,341.2257345361304
0.003,1,173,expanded,202608150001,250901780,84aea9dfad39a649c85cdfdce6c6e507df01801df3fec5eacfa99aceee53044c,171,8,1,1,1,0,0,50,1,1,326.73572576776496
0.003,1,174,expanded,202608150001,250901780,3449c190b9333a2ebf8b1da71be70c74567584bbb1423a9f0e9b6630df1b3f6b,156,5,1,1,1,0,0,48,1,1,271.3713939607781
0.003,1,175,expanded,202608150001,250901780,db2eff7a4d5a70b4bcdf6a1ec98116629215ef37830ec11af0af4387c864ea40,187,5,1,1,1,0,0,43,1,1,359.5715568161651
0.003,1,176,expanded,202608150001,250901780,314b80e5ddabb3745ee62bcee72bf5d680959e7b6fd415ea6eef940afa152a19,214,1,1,1,1,0,0,33,1,1,389.0076590357909
0.003,1,177,expanded,202608150001,250901780,c5157488825cd27dc3183b65bb51d562d33662c25a242d4e291498b03177772b,158,3,1,1,1,0,0,28,1,1,301.639904706375
0.003,1,178,expanded,202608150001,250901780,70929bcd6fc3be47b6dc7a1cc4cec6de26bcc05bc173f58ba9dc1f66bd4cde4f,166,8,1,1,1,0,0,418,7,1,377.1116144304144
0.003,1,179,expanded,202608150001,250901780,8ad148e1dc7e6fde6931b3af272775b99b3d039d784f95886f82a59cc826bc17,195,8,1,1,1,0,0,51,1,1,356.8033168329437
0.003,1,180,expanded,202608150001,250901780,37d9ad63f1662cbd7141605712f661a3c6a7905f01f11cb066261515b002cb8e,208,8,1,1,1,0,0,186,3,1,496.12353392788384
0.003,1,181,expanded,202608150001,250901780,198c29a514deaa7d8a73171d3ed3bec37e19831c375d3b6701aa43fc0f143032,208,6,1,1,1,0,0,224,4,1,470.05242897258745
0.003,1,182,expanded,202608150001,250901780,143d187e9b781747f7eddb8401ddcdfab64d69ac3967885dba1341312ab3359e,145,7,1,1,1,0,0,221,4,1,271.30714500845033
0.003,1,183,expanded,202608150001,250901780,f6fb9e8ba6a49abcd9781bcda00aa6568a1f058b406f541cb23b0f9aeb43a2df,139,9,1,1,1,0,0,107,2,1,322.930210216476
0.003,1,184,expanded,202608150001,250901780,beba8391d134ac313964cc416912c8c546443e83b324b761a952d7d67945cdfb,172,6,1,1,1,0,0,45,1,1,313.6693039289572
0.003,1,185,expanded,202608150001,250901780,6c8fc42b5892de12bdda73d969410588a8f41df0c56c3680b05e4bee0ea6098c,197,1,1,1,1,0,0,47,1,1,387.9687947887834
0.003,1,186,expanded,202608150001,250901780,dc7bedd6e0db00a73c4505e08f0b7f0d249af72fede81cdb68f0d63d5ab54389,171,5,1,1,1,0,0,275,5,1,385.281193222153
0.003,1,187,expanded,202608150001,250901780,d5df2259c8e4863fce1126922ff004f8a3fb9795a0ad5f94ff847cd03f6542cb,207,7,1,1,1,0,0,30,1,1,387.7316348624751
0.003,1,188,expanded,202608150001,250901780,31ff0c416c8d4cbbb2ff5f31f4fce9a2b5f4956ee39dc4589602e8e1bd8366f9,198,4,1,1,1,0,0,114,2,1,360.3388447615497
0.003,1,189,expanded,202608150001,250901780,ee161644e929f97e9bdd517e4b1c473c648bebdf8aba4fec7d6ce85532a80fd7,175,6,1,1,1,0,0,194,3,1,372.4812037555433
0.003,1,190,expanded,202608150001,250901780,fed448b61c3a75c224884e7d2b49e3ea58fbad38f49cfb53c9f1a7f824c35ab9,165,4,1,1,1,0,0,402,7,1,331.0035313934574
0.003,1,191,expanded,202608150001,250901780,e7d1cdef2d07f9b306c5b46a0ce5b267e769cca7d19d22a5160c52352c41809d,179,4,1,1,1,0,0,128,2,1,352.7762372817602
0.003,1,192,expanded,202608150001,250901780,cd70cfa0fc5fbd392d14da25b91953ba1c16fadba269d5c5638b3381fbe00eae,212,4,1,1,1,0,0,58,1,1,352.93560856227725
0.003,1,193,expanded,202608150001,250901780,f96e16e0b91624ab5725167a808354165f4b49310c3851611bfbed5e923588fd,181,5,1,1,1,0,0,46,1,1,322.61738404629426
0.003,1,194,expanded,202608150001,250901780,bb8df1b74f604e452a15f2edf1d2ddaacad04fcc3d502ece95761adc539a7e6c,193,4,1,1,1,0,0,127,2,1,419.20477748070425
0.003,1,195,expanded,202608150001,250901780,694412e20f53fc5adfdc90e595665949ef8e7092fdf6fbd0e47833c5da2cc97a,199,7,1,1,1,0,0,45,1,1,315.03434426823986
0.003,1,196,expanded,202608150001,250901780,471cc0b3aca45e0432069e4155ba4733cd689f0a1b2cdd8e6731fc7ce2db3609,191,8,1,1,1,0,0,74,1,1,336.8581194310286
0.003,1,197,expanded,202608150001,250901780,d0c70de7a31e2d30741d63ae9cce1a05d9d14315435a4d36daae3cc9c36f62a2,140,6,1,1,1,0,0,57,1,1,262.2370064374648
0.003,1,198,expanded,202608150001,250901780,eaa2974e9e33b64a804fd90d2b35a2b757f00fe45553f6cd37513a9c9a849f5c,214,7,1,1,1,0,0,398,7,1,459.3518414427738
0.003,1,199,expanded,202608150001,250901780,dffc99516de9f0a14854723411526d9c3f9d8cd3edb992c17c370c49a368035c,186,6,1,1,1,0,0,252,4,1,432.94106628853206
0.003,1,200,expanded,202608150001,250901780,50538939526da17c4763de8c75c9983d55d14f98756ef390a72d8a9e454f0841,216,8,1,1,1,0,0,48,1,1,363.9209447715242
0.003,1,201,expanded,202608150001,250901780,57da6861dda804779e78f70c466c5b566bf81c93fbe530747f6acb64191f02a7,212,6,1,1,1,0,0,231,4,1,449.1193984223744
0.003,1,202,expanded,202608150001,250901780,f8c47f46cf576a784e34f0ab23d677f7b9a19f1b60f071c24df40b59da506d51,188,7,1,1,1,0,0,280,5,1,403.54564239002514
0.003,1,203,expanded,202608150001,250901780,b213bb2d9ba2773015601e0ed4bae2ce85f1c709f07d805c3d2ba464362d8eaa,144,6,1,1,1,0,0,156,3,1,287.69412576292365
0.003,1,204,expanded,202608150001,250901780,6cecc3fb5c0a518d44ef8e48de066b558c78b6ec2c1ddb64aa2452998c3e10ec,205,2,1,1,1,0,0,80,1,1,389.75840731153716
0.003,1,205,expanded,202608150001,250901780,41502ea570534e316fdf4d3299e7aefb2a4d51d20e7c6487e7abcfaeebe18213,161,6,1,1,1,0,0,35,1,1,319.4868649996064
0.003,1,206,expanded,202608150001,250901780,c18082b16f7d645ad62befb4dc0ad3d57b3db3b93972c789a5a01616f6955806,153,9,1,1,1,0,0,165,3,1,317.34871326447734
0.003,1,207,expanded,202608150001,250901780,6fd36dd157bf55710b67e231198cb061af32793d085ba7335155baeeeca623e8,171,5,1,1,1,0,0,29,1,1,295.1666036549774
0.003,1,208,expanded,202608150001,250901780,8795d84e8eb4f36c0baadbebc165ddb52012adbee84abf8f8e222adc9c023218,168,5,1,1,1,0,0,217,4,1,335.012500385091
0.003,1,209,expanded,202608150001,250901780,110fbd15b2d6a395536a9c034c735c6e8acc1f9b715a45c737312aa09ba51a7d,167,4,1,1,1,0,0,39,1,1,324.3740681837277
0.003,1,210,expanded,202608150001,250901780,2af156a210400f3c748322902023aa2e5bd0e409812d82c5db69871148418d13,199,4,1,1,1,0,0,459,8,1,423.88631020534785
0.003,1,211,expanded,202608150001,250901780,3d56380f0b38571b62bcdab439c2e51c76a020fa0e8ebf6113055f5c0a18bd0b,168,6,1,1,1,0,0,47,1,1,312.5975138236401
0.003,1,212,expanded,202608150001,250901780,fbfd999cc866b7dd9a5cf77d2df9d8a12804c0423901fa6f171014f60e16a150,185,5,1,1,1,0,0,44,1,1,333.74780845372345
0.003,1,213,expanded,202608150001,250901780,54fd4e232c6d59ab75185edc07668463dc09d63280a9d84472634a45a9537c1c,218,4,1,1,1,0,0,136,2,1,429.40485473500075
0.003,1,214,expanded,202608150001,250901780,1f48f2aadccc64fcdeecdc390e0a5ebed974822ac1049e2603d0dd7b73d975e4,181,5,1,1,1,0,0,56,1,1,330.91216698974114
0.003,1,215,expanded,202608150001,250901780,cacd8162ee1a5fa487c6b7f1be4fee5030e8bbddadc3889648af3fac11f96cf7,210,6,1,1,1,0,0,20,1,1,379.5446278066733
0.003,1,216,expanded,202608150001,250901780,9303d99ee52e1d0c6e80d9aa907a7071c7a12ef1ea0efd69e376fe636d2e9f89,187,5,1,1,1,0,0,258,4,1,393.0767389180752
0.003,1,217,expanded,202608150001,250901780,c8747515addecdee43243896e998c149234db87ff6e639fab9d2eb5547a64b5a,163,3,1,1,1,0,0,199,3,1,312.499910338173
0.003,1,218,expanded,202608150001,250901780,25753fa84a2341c0b89cdc235130e322db14d2c0fdf49c2d0eb51c6f95e45ec9,212,9,1,1,1,0,0,54,1,1,377.5368381313358
0.003,1,219,expanded,202608150001,250901780,0ba7e52660a978aac0f0a97078458f71b1fdd8ded442b17533fc79eba83ec4d1,184,5,1,1,1,0,0,59,1,1,317.0638013902483
0.003,1,220,expanded,202608150001,250901780,dff1762490784d09227a1b4b6bca2f2fa5d4e19b0685edad1c3935171b376754,221,6,1,1,1,0,0,72,1,1,367.4638644025449
0.003,1,221,expanded,202608150001,250901780,397ead6bdb11a09dedbd75ede4d9235405b6f2d809354ba7b31dabf0105eeed5,125,6,1,1,1,0,0,154,3,1,261.9419416908626
0.003,1,222,expanded,202608150001,250901780,249936675ceb5156b8eb7c13b5255edf89e6628a0b95c8700264d583618c2e3c,135,4,1,1,1,0,0,138,2,1,275.86592261954013
0.003,1,223,expanded,202608150001,250901780,731bd524edf3d9618e978ed383bef14dd477a7e98aabd1832b51c6a9167ad7f5,189,3,1,1,1,0,0,196,3,1,417.6307929865175
0.003,1,224,expanded,202608150001,250901780,832899025b1c9b283f4b2881a45b65cfef2497a64a3c91be71d4fd9fa853ef91,196,5,1,1,1,0,0,120,2,1,357.6673739735081
0.003,1,225,expanded,202608150001,250901780,f8bda3e1d43112936b2503c551c7b4c21f7fcba8ecc96d887beacdfe1868d363,218,9,1,1,1,0,0,43,1,1,349.32135333016754
0.003,1,226,expanded,202608150001,250901780,d0402aecfeb1a435f6a8c503973e8fc35718801f406012883cfb7f63198a6dfb,230,7,1,1,1,0,0,77,1,1,385.0856661884247
0.003,1,227,expanded,202608150001,250901780,75013686e5501e1ed5291863049fd4c4ced28227e84d444c4d3b35d8f3bde04a,164,8,1,1,1,0,0,65,1,1,291.12914867107713
0.003,1,228,expanded,202608150001,250901780,09df2ca9217980564725836d8d27c97804600bb91477fb43d88d32b5b1f599b4,124,7,1,1,1,0,0,33,1,1,228.17272570737322
0.003,1,229,expanded,202608150001,250901780,eb076802816a386c4f33f898a9304fea8c233db3d19301a600a722acd294f71a,192,4,1,1,1,0,0,216,4,1,418.9475339183537
0.003,1,230,expanded,202608150001,250901780,badbc8f54699c28ab1442cbdfc40c73942e79da7e7088ef21f46475de2a8a066,209,7,1,1,1,0,0,35,1,1,373.76500489382283
0.003,1,231,expanded,202608150001,250901780,333d1f36c186378792051ebe71a8af8d4bb20a06a598a11fe8277f0dbac261f9,150,8,1,1,1,0,0,57,1,1,273.0250822513492
0.003,1,232,expanded,202608150001,250901780,f40dfb13d9e314e14e0e1a2d0314184d6d1cfa486d2a7837a403fdabb06a171b,165,6,1,1,1,0,0,168,3,1,375.00070521329354
0.003,1,233,expanded,202608150001,250901780,65c9fafb3664f1b948055638778773bab5d52a0459ee7b1b8a9f3262b4578102,177,6,1,1,1,0,0,817,14,1,392.98020593154826
0.003,1,234,expanded,202608150001,250901780,336183491125704025318a7225ff2c21c9e260f5d67fcf1fa9e23a914e221c68,166,9,1,1,1,0,0,35,1,1,294.30732821849557
0.003,1,235,expanded,202608150001,250901780,00e1f0fdd852ba9335675e4148a94289dc0e399dbec3df64cdcb41817d4471f5,169,7,1,1,1,0,0,105,2,1,340.4431673497353
0.003,1,236,expanded,202608150001,250901780,e6eb5c3a3f315aebcc9037278fdec8ac9a9ebdcc879ea1cfe2ad14dbbe911861,141,7,1,1,1,0,0,33,1,1,263.33058984129957
0.003,1,237,expanded,202608150001,250901780,a6402b1b573a10138e4c14ae686aca3f6419ac9e165ae977e4751532d4d1ed61,187,9,1,1,1,0,0,54,1,1,344.6208948995694
0.003,1,238,expanded,202608150001,250901780,3feedb556eb9eb9bdaba65ba0960375a80157f24dabd0fe7708f5e587b525d92,151,7,1,1,1,0,0,43,1,1,278.0229961080579
0.003,1,239,expanded,202608150001,250901780,cbcc489cc6e51b8e42687c25f9a8340d9f9dd222258dbc9ba9b355c240a2209a,209,4,1,1,1,0,0,2713,45,1,484.8576128387384
0.003,1,240,expanded,202608150001,250901780,87cdfb70672980309eb152a11c38ba5f4156d3399b85b973243faa8a73e3c457,188,6,1,1,1,0,0,110,2,1,384.8596767775007
0.003,1,241,expanded,202608150001,250901780,7b5577ae865032c3c51b422064d0b8100ddb57ef85cdb3043e52100de15286c6,182,8,1,1,1,0,0,49,1,1,352.19631192956916
0.003,1,242,expanded,202608150001,250901780,c73d7b1bb28fb30aca772f77b13f09a4c45db74aca993ce22016fb82a52bdefd,200,6,1,1,1,0,0,57,1,1,364.1227395521378
0.003,1,243,expanded,202608150001,250901780,323827b7d8c1116de7de7739caae9869efb82c87073587a8e83c6b3c9864ec90,177,6,1,1,1,0,0,19,1,1,327.69708363612705
0.003,1,244,expanded,202608150001,250901780,a6bea6bdfe543eb4d69938f2f99d22c6972a42b72d4f7dfc8d15007219804bcf,163,10,1,1,1,0,0,35,1,1,293.3342558198246
0.003,1,245,expanded,202608150001,250901780,5bb34936fc2e159e150808ccf9a9b630da7ab6d1338f7322b101837fb9f47e10,148,8,1,1,1,0,0,47,1,1,291.81863235864944
0.003,1,246,expanded,202608150001,250901780,49492767a8e23c4aa5c7993ff34cfd2ed4743fce3f2d6b9d40d849e653c6b652,219,4,1,1,1,0,0,72,1,1,389.78472892945115
0.003,1,247,expanded,202608150001,250901780,cb7b5f53ac733c7f94417959893a636a70a18e29827bdf3b5d10e69b63a350b2,188,3,1,1,1,0,0,64,1,1,334.67383439577725
0.003,1,248,expanded,202608150001,250901780,81e4910df832250509632cd8d279bac8ea1588ff8f1b477344b1caa979953d04,239,7,1,1,1,0,0,108,2,1,477.9107045925701
0.003,1,249,expanded,202608150001,250901780,eb5d6e40afbe440aed50c3dab386be2b2040b1c54827ff31eb2602b50938bfb3,179,7,1,1,1,0,0,44,1,1,329.49998877191285
0.003,1,250,expanded,202608150001,250901780,66401d295766446c42ea26326e866b83a8fd74bba5baff1460953475abe138b5,217,6,1,1,1,0,0,79,1,1,394.93876218861294
0.003,1,251,expanded,202608150001,250901780,21fa1eb87d140397b423f33280b54fd9bc60b67e262583a7fcf012fb47ba59c3,154,4,1,1,1,0,0,101,2,1,306.076058712488
0.003,1,252,expanded,202608150001,250901780,4e8fe1ecc566357051c7b070ec208d64d59e385d31dfab426d320ec34528a5c7,249,2,1,1,1,0,0,229,4,1,557.445847615159
0.003,1,253,expanded,202608150001,250901780,2a7cc619605398bd188100fa65240e166953a964df370c05e9caa63d18ab28f7,190,8,1,1,1,0,0,356,6,1,430.18808778390405
0.003,1,254,expanded,202608150001,250901780,511491c58a8f2c7b9ef98663d172a0d7008fc1b88df7dee969d71dc7d37fd9b2,136,5,1,1,1,0,0,27,1,1,236.17751797325224
0.003,1,255,expanded,202608150001,250901780,648a4711aab0310cfa5a5f97f5b40e5c0f2346e5e881a95c729ddb626b630cc6,188,7,1,1,1,0,0,116,2,1,389.4982919077247
0.004,0,0,original_screening,2026081004,250601779,79561d593323b95df082b0c3f1aed43ecec4ff6f107e9c819404cc465700895f,211,4,1,1,1,0,0,290,5,1,434.8092895687678
0.004,0,1,original_screening,2026081004,250601779,be35720fb93cea9e85e7fddab64c167cdc68ed79a4db1f145b916bd5fffe302a,202,7,1,1,1,0,0,188,3,1,402.7830004121389
0.004,0,2,original_screening,2026081004,250601779,84550c4bb15924eaea949050e371462a7fa1be6bfe9b44268e24ac20aa4f8df2,213,6,1,1,1,0,0,242,4,1,440.1305931728667
0.004,0,3,original_screening,2026081004,250601779,8e84cd2eb0594e34af095a0e92e579943cc97e592a677d4fcaf9c69da0def7c2,202,7,1,1,1,0,0,535,9,1,425.05631245687636
0.004,0,4,original_screening,2026081004,250601779,0fdc5760aad0355756723af6c81171c14565e07e2eecf594d411de7f82277313,222,4,1,1,1,0,0,65,1,1,442.074956908025
0.004,0,5,original_screening,2026081004,250601779,8c39c368cfe82e60ba5534155638a6978e1c04863bd27457343a56d62cd9e746,199,4,1,1,1,0,0,461,8,1,423.2791665466483
0.004,0,6,original_screening,2026081004,250601779,28eac7f4adab0f51ed2dbdfd215b1d3a0215d7f0d464f1bea682908f833a26f5,197,8,1,1,1,0,0,54,1,1,319.99506620231847
0.004,0,7,original_screening,2026081004,250601779,f0d4d097dd9b50c87b149e32320ef7416a15ed5e167020ef82cfbc1efa49b091,218,8,1,1,1,0,0,77,1,1,414.08698303558276
0.004,0,8,original_screening,2026081004,250601779,03edc4234973ff9285ecefb681217c8cc703e9a95e1ef7cc730d871c366d723f,266,4,1,1,1,0,0,305,5,1,576.2567407739157
0.004,0,9,original_screening,2026081004,250601779,b8581c1b3dd2d577d536af0736616d74cd703787283a1086e92835ba57549028,252,6,1,1,1,0,0,56,1,1,557.1650082972417
0.004,0,10,original_screening,2026081004,250601779,1732faa14b54a15bdb3e7bc9b4f6d6c884ba9ef7e34ea83b855b1f964569ec49,215,4,1,1,1,0,0,100,2,1,441.38732379683415
0.004,0,11,original_screening,2026081004,250601779,0aee68613ed1054421d85bef808b0ff710ab12fe7fefcd53657a0581e3021ce5,245,6,1,1,1,0,0,1127,19,1,519.0057370225932
0.004,0,12,original_screening,2026081004,250601779,53e64992a8aa459bb63c89c7a19226708b27c48d65e65fd21b97cab5954d4019,223,8,1,1,1,0,0,221,4,1,452.57881916153883
0.004,0,13,original_screening,2026081004,250601779,05e137cb806f2ce4d2f38ff6b5356bd8722a47a9e91d0e1ef108068844522031,250,2,1,1,1,0,0,190,3,1,506.37684364219064
0.004,0,14,original_screening,2026081004,250601779,a49b634225d977cfa4d98f4b9b677394165c5b09f9fb1c12ead24af01274ff6c,289,5,1,1,1,0,0,1203,20,1,590.0909636106861
0.004,0,15,original_screening,2026081004,250601779,70243fe95e12c14dd3d5ac81131243b68d26bfc5e910a9032dcc6e1717866857,225,6,1,1,1,0,0,51,1,1,408.26114437191103
0.004,0,16,original_screening,2026081004,250601779,69198ed1422f1e9776780f597e3ebbdf763660447282e944b09dc876c7f4aefb,193,7,1,1,1,0,0,68,1,1,328.6180067281037
0.004,0,17,original_screening,2026081004,250601779,0d919e84db64e71610a03705a3f72d762cc0fd2b57240e03c163f4b498a4d2eb,257,7,1,1,1,0,0,733,12,1,562.1270212658154
0.004,0,18,original_screening,2026081004,250601779,b5d4d3f2d460b4e009eb0a5e73d7b8c567c2da88e1c6c064624946a8461b1db3,220,5,1,1,1,0,0,27,1,1,414.93958629171834
0.004,0,19,original_screening,2026081004,250601779,abee62194378f72be6795938be5b61ed00f14daa6dea0ca2a24248578e685757,254,5,1,1,1,0,0,425,7,1,503.3851825504689
0.004,0,20,original_screening,2026081004,250601779,bd2a6b5279c1ddc75479a4f0c8ece7faf8b05d18c58212532849a75402ab7645,196,7,1,1,1,0,0,52,1,1,358.1476834936092
0.004,0,21,original_screening,2026081004,250601779,78998315527c976b184a4a21d888a9e876889a2baf1f732f275db36db69582b0,215,4,1,1,1,0,0,110,2,1,446.2081246604289
0.004,0,22,original_screening,2026081004,250601779,a7bd7a51b64086ba294fad2779676f30bbf0a806dd5bc0a7df4faaf732b2c951,229,6,1,1,1,0,0,178,3,1,477.4415466767606
0.004,0,23,original_screening,2026081004,250601779,7e0f1fc5e64fd3ebdf697fe86df08a1afcc51a050242770ab41171bb14056afe,193,3,1,1,1,0,0,137,2,1,373.2282894588326
0.004,0,24,original_screening,2026081004,250601779,7840d982e8abcb90b99396717935ffedab3038898a5fe3bbd2eb563bee3446f2,233,5,1,1,1,0,0,164,3,1,492.1331995356651
0.004,0,25,original_screening,2026081004,250601779,50aa6c857a3dd739b3ce610e0b3276ddb12c0a176e2a6e530779eff6252baf7e,215,5,1,1,1,0,0,129,2,1,414.70535269286427
0.004,0,26,original_screening,2026081004,250601779,0e1f2a106d2ab95e925532c01758c3d5fefd5cdf1b0297bd7cd98ce9953d7d72,241,8,1,1,1,0,0,950,16,1,495.6979894496476
0.004,0,27,original_screening,2026081004,250601779,f59412d6b0d0b2b1aaadab01861162004cd06cd7563dda041b60354e9d9a7f93,236,4,1,1,1,0,0,1602,27,1,509.29112117068576
0.004,0,28,original_screening,2026081004,250601779,531496afdef570902a8f646f962298ec06d6db0b4e379a36841a33b9ff5b1fdf,225,2,1,1,1,0,0,436,7,1,489.8224980022237
0.004,0,29,original_screening,2026081004,250601779,bb44b16dcac6772c0b925b7668b3fc4c37fdab6709afa8a0e5ab547ddb2cbadf,268,3,1,1,1,0,0,72,1,1,444.2974383449085
0.004,0,30,original_screening,2026081004,250601779,836f293f1c50a0394099b1a6af66748fa15c83c7fcd2d70f31c84d0b4358f2d7,256,6,1,1,1,0,0,255,4,1,464.0298721218408
0.004,0,31,original_screening,2026081004,250601779,eb0803dfd43a5fb753d7340a9940ba1b206059e1d7b80ba663980e39b1129bb6,185,3,1,1,1,0,0,176,3,1,374.71778741357633
0.004,0,32,original_screening,2026081004,250601779,0f2e846b2bece3601c9cb967c3bc05c81160992b400cdd4381a091788eaff77c,251,6,1,1,1,0,0,245,4,1,498.4191587412497
0.004,0,33,original_screening,2026081004,250601779,8abf8d37f17390525cabc067a885958f4fc44718c165a1f6de0ba71b221936b5,225,3,1,1,1,0,0,117,2,1,471.59095286298344
0.004,0,34,original_screening,2026081004,250601779,6f760ea7529a246dac5499458816490b1a038336ee2780f7b0b26cec8369b5d0,261,5,1,1,1,0,0,651,11,1,534.5136591271018
0.004,0,35,original_screening,2026081004,250601779,76175db8d6a5aabbde8c83b0386292bb3584f6b0bf8e53d977debf75a391a0d5,245,4,1,1,1,0,0,297,5,1,538.991340172104
0.004,0,36,original_screening,2026081004,250601779,dbce2988598ed506e7e8af7ec3455cfe1708b0d445755bdfe679ea83cf28a35e,194,4,1,1,1,0,0,61,1,1,370.2985802370473
0.004,0,37,original_screening,2026081004,250601779,54f08e88c7486ddeac7be10988f2aa8f47816744c94bbf7ea1e6b048afd9fefe,250,6,1,1,1,0,0,121,2,1,497.8274578128563
0.004,0,38,original_screening,2026081004,250601779,84a66f1487755f6ace1b42a04ff9aed5dd30e3d5aae5de9127a85ebc367b92c8,247,5,1,1,1,0,0,105,2,1,447.671360797597
0.004,0,39,original_screening,2026081004,250601779,41e545db2e2b2e76cd2fd8ec90bcc9773b00874f0c818c20ae9f19a75bf2a445,227,3,1,1,1,0,0,76,1,1,405.11591100138156
0.004,0,40,original_screening,2026081004,250601779,a50b26570ad9f1b993b97ed8bcb17be06fd959902aab278d713838e2315a1204,259,5,1,1,1,0,0,248,4,1,538.044127874012
0.004,0,41,original_screening,2026081004,250601779,e3ee46341391d2aca34aeead7c01b7e2b630c80878d7efd98abf0efeebee3da1,255,4,1,1,1,0,0,215,4,1,509.02830755088945
0.004,0,42,original_screening,2026081004,250601779,e2cf3284ee731d622c9fa9e44a9114b87ac7390970b6dce46c3ed757aab80efb,261,8,1,1,1,0,0,2568,43,1,536.1812788594325
0.004,0,43,original_screening,2026081004,250601779,0db970db3b000b5e44cb7032cee8260fb1f37f779e59c58dedaf429b7e7f2814,239,6,1,1,1,0,0,553,9,1,497.02732146982476
0.004,0,44,original_screening,2026081004,250601779,cafddba57b9c7d21004874023369b6a5c86468cb433b06d44ea33e9e3580374d,227,9,1,1,1,0,0,54,1,1,436.40674925953294
0.004,0,45,original_screening,2026081004,250601779,42a4b6442879671abb52f0d8ac74ad915f6faac7687afb083824d29e8ffad16b,200,6,1,1,1,0,0,74,1,1,380.32245145526366
0.004,0,46,original_screening,2026081004,250601779,4f7ca0f60de2dd68662dec1774e83625682560f2e173b8d943d0533b24d68f36,231,7,1,1,1,0,0,970,16,1,509.32241571515675
0.004,0,47,original_screening,2026081004,250601779,f47848eb0c88eeb84f3e55c600bea3e8c355b59b16b51b39450305e480f1a6c5,235,8,1,1,1,0,0,227,4,1,472.4594978716562
0.004,0,48,original_screening,2026081004,250601779,b0f951985cfea0a152e1d8506b6d2eebf7ae047192f059b91b1384e0fbfb912a,252,4,1,1,1,0,0,226,4,1,529.0745220555403
0.004,0,49,original_screening,2026081004,250601779,af8dcdcaf53147578459024d1073d8cad94c71f54f96cada6fda2ca31a8bf9a4,231,6,1,1,1,0,0,2756,46,1,544.5289044667161
0.004,0,50,original_screening,2026081004,250601779,7010f4236b57708b21cd2379fa8bc1d3f8032721610b87feb98b005eeba01816,201,5,1,1,1,0,0,73,1,1,414.2219649075728
0.004,0,51,original_screening,2026081004,250601779,f1a8d49928b69114e105eea80f1abda8ba37a1e98447df70b6060e3ba4df1994,209,5,1,1,1,0,0,54,1,1,371.9091388615167
0.004,0,52,original_screening,2026081004,250601779,70e9060b048f5b31718b34df8ea77ec11e3162e0f7c1c6ca76865ef87ad36ebd,211,8,1,1,1,0,0,52,1,1,470.86446789009267
0.004,0,53,original_screening,2026081004,250601779,78df06fbb679d98ca9e21aa31d5d3a8bc2408e48ab4afc2237df6c66775b697c,222,3,1,1,1,0,0,281,5,1,464.3709464973358
0.004,0,54,original_screening,2026081004,250601779,165fe87f230795bb37ce74ecb116b85f2367a605b00dcd0d13d315cb52cc9b6a,265,7,1,1,1,0,0,79,1,1,447.58491254831006
0.004,0,55,original_screening,2026081004,250601779,00aaff49ec8f5af3a2bd031f48faac40b395c96daacb4bfa5e1d92c28bd80a40,261,7,1,1,1,0,0,114,2,1,518.0990587814433
0.004,0,56,original_screening,2026081004,250601779,38cd6d20ce608d1b36e001601de4269027372f5db6039acc17406a022a7e39f6,146,5,1,1,1,0,0,217,4,1,316.0835120169468
0.004,0,57,original_screening,2026081004,250601779,d19f87894f26e7d9e116b2e3ade1349ac534fd750ae702ad53d484584b79fd15,263,8,1,1,1,0,0,887,15,1,573.2975572393118
0.004,0,58,original_screening,2026081004,250601779,4e65cfcffde61d99d008a288e894f537e0c4c12d500c325f32112a4f404129c5,149,3,1,1,1,0,0,232,4,1,325.1282658719954
0.004,0,59,original_screening,2026081004,250601779,3efa9567db0111bf850f6318c1b7fbb3ab46e36c8714de3f038e8f7e3a502d68,244,6,1,1,1,0,0,198,3,1,500.09222975008373
0.004,0,60,original_screening,2026081004,250601779,9b435fbc97438b3e65f42c3cc675cb017fd1bf1734d289b2fbc2ce7990f8a818,258,5,1,1,1,0,0,340,6,1,522.6860004478166
0.004,0,61,original_screening,2026081004,250601779,146791243cb28cfc6be52d237736d4f599a43ec5469854c74221d457b3783d18,237,6,1,1,1,0,0,167,3,1,505.9751997320498
0.004,0,62,original_screening,2026081004,250601779,3fa60fb2adfab3aaed1e72299433b1060f74e83a6b78eb55baaf94cf316ccb1c,255,7,1,1,1,0,0,1033,17,1,593.55312597653
0.004,0,63,original_screening,2026081004,250601779,16bb2d624a96c5a944eab2bf1ad12e9d104ffecea46729d0bc2eba3c40b295ea,228,10,1,1,1,0,0,128,2,1,469.77317377192867
0.004,0,64,original_screening,2026081004,250601779,96271554600657ab65ccb33f27d5fa677fdda8e2e9a558b1ba2c41106003132c,185,3,1,1,1,0,0,47,1,1,330.44232794924585
0.004,0,65,original_screening,2026081004,250601779,171d87cce31b3acf82809a745b1642719c2e5c1a0552709cf781bdd02c2ff970,240,3,1,1,1,0,0,62,1,1,441.88960007897094
0.004,0,66,original_screening,2026081004,250601779,7e49daff635d42fcabeb9733d5fce8718605c9850a491392d5ab854e053236e3,244,3,1,1,1,0,0,237,4,1,537.6850404872116
0.004,0,67,original_screening,2026081004,250601779,5b6afd6dcf3967029908e78d44bdf4980d2deed937f1bcfdcc38ef92f3203792,223,5,1,1,1,0,0,72,1,1,396.4524027915484
0.004,0,68,original_screening,2026081004,250601779,3f08343681785f9fd269c5dd049689be6095d33d9d6b9c1dc7709ba8fa1b2fab,231,6,1,1,1,0,0,46,1,1,405.08560733825357
0.004,0,69,original_screening,2026081004,250601779,2886d097b51292c1d8d09c2ce72f1c7e39cedc8f82064e6dfefe02ffb27e5339,250,6,1,1,1,0,0,30,1,1,416.08178767270056
0.004,0,70,original_screening,2026081004,250601779,84372545bf1ecd874ff456ddba606576f74dbbb4c28f37956f8e5547625b412d,268,7,1,1,1,0,0,179,3,1,576.5879700778678
0.004,0,71,original_screening,2026081004,250601779,18ec7fcb69de85ef1833670c5fdfa147593b18bc19f4bab94b3be9f04fdc6b30,224,4,1,1,1,0,0,67,1,1,416.12332306412185
0.004,0,72,original_screening,2026081004,250601779,dacabfca422cafc9c786337a0bc229ddcc716fdfd3d57f0cb86d2f74f8698b55,191,10,1,1,1,0,0,61,1,1,368.1491183860288
0.004,0,73,original_screening,2026081004,250601779,86ab8fa15798885447c0fd8e4355f305f169d052225f39a1d10ecbdc3009ae7a,231,6,1,1,1,0,0,490,8,1,453.53148787578965
0.004,0,74,original_screening,2026081004,250601779,21727e3333040a85fdc97981f702b43e04be0baebd350b48cc9d5640d8e9d5be,249,6,1,1,1,0,0,828,14,1,537.0950219354936
0.004,0,75,original_screening,2026081004,250601779,ff4bd2470e2eb5ad8e6700a12f83e0db45866fe4ee775147244b212abca232ce,230,4,1,1,1,0,0,113,2,1,473.6558726672144
0.004,0,76,original_screening,2026081004,250601779,d8716968df0a0e0da89974510574352cf8de5e60a4d986882ade866be7774309,212,6,1,1,1,0,0,189,3,1,443.68764387928843
0.004,0,77,original_screening,2026081004,250601779,6a8b2c33b366a9f6f69175e502c59620a5887a1396f663ad63ad5a227d716bec,239,5,1,1,1,0,0,339,6,1,477.2552034280592
0.004,0,78,original_screening,2026081004,250601779,7dd229376465e0c44ad337f5f46bbf9091cdd27ad868bae0a1999235d3034803,260,8,1,1,1,0,0,530,9,1,569.2553062074894
0.004,0,79,original_screening,2026081004,250601779,39474fc4de75970614720a5e2008593b3acc5e071318a926fd4730e5bfa04a2c,224,7,1,1,1,0,0,50,1,1,386.07855086630315
0.004,0,80,original_screening,2026081004,250601779,fc62a96f64ee623a878382c4b6790a115eec793e143f2e252c62a6f8f3c73a7b,209,7,1,1,1,0,0,48,1,1,397.6579692740625
0.004,0,81,original_screening,2026081004,250601779,e53e64471f9c0dd0dc2e6793ad43a8f9809dd04b5a72af64f15f555362a53ca7,234,8,1,1,1,0,0,26,1,1,406.25807349658476
0.004,0,82,original_screening,2026081004,250601779,332089929dbdc77c077c4e20452b4649db7f0dd2b923eaffee3f7ef0224711cd,200,7,1,1,1,0,0,112,2,1,427.5091411728175
0.004,0,83,original_screening,2026081004,250601779,8c4fbb6c3a4a634bbe3fcab829b5a7562b7937014afb9c73c0450414d1a1203d,208,4,1,1,1,0,0,245,4,1,434.0584721547641
0.004,0,84,original_screening,2026081004,250601779,efaedf0b4b9476ed23377fc20f4829ec439252a7cf36fe7e6e4b91a1b21150cb,278,6,1,1,1,0,0,136,2,1,602.5019385309606
0.004,0,85,original_screening,2026081004,250601779,407e6f42ebeeb5fe6a3dd625271d5336efc60f1e2b84c940a63c6972ea2895d7,263,7,1,1,1,0,0,294,5,1,531.1948773335339
0.004,0,86,original_screening,2026081004,250601779,f0e5820a19f894d1d5b0921addeaa27194aa53bf7c128875728869a1012a2f76,284,4,1,1,1,0,0,379,6,1,595.2380986977666
0.004,0,87,original_screening,2026081004,250601779,a8dae34a9100c0de12690b76520aa6c1895a7397b097004112eb3ae432cef66e,215,6,1,1,1,0,0,140,2,1,446.5497036538803
0.004,0,88,original_screening,2026081004,250601779,ed6b49c264ad050f31b4ac616370d0359e071334f14f17a771f83903e67727d8,221,3,1,1,1,0,0,125,2,1,427.67434135934485
0.004,0,89,original_screening,2026081004,250601779,df64a8df8fe730bfad6c4324031333fbdc9fb734a62e06957dac7d9b795c1b8e,253,8,1,1,1,0,0,1540,26,1,531.8336943927022
0.004,0,90,original_screening,2026081004,250601779,5dbe6269666467f4d6af692b089509a9823288fe52b341d74523da5ec4f9eb73,168,3,1,1,1,0,0,36,1,1,315.9928598236221
0.004,0,91,original_screening,2026081004,250601779,5d27a595861b3afacc91591fee5c476b91a628858d30aacf7f3e3b1076cec4b7,282,5,1,1,1,0,0,1026,17,1,622.708232546277
0.004,0,92,original_screening,2026081004,250601779,c4bf0b756d8e6168673a6afa6b3112d830220751fd128fac849b8ae16764e203,230,6,1,1,1,0,0,71,1,1,423.2729119158688
0.004,0,93,original_screening,2026081004,250601779,f354a5bf33b5a7d933c62e8e6130909b3462e19dccd927e83c4ff9e15cb56828,258,5,1,1,1,0,0,70,1,1,509.9831758816864
0.004,0,94,original_screening,2026081004,250601779,d6bf155ab9b8315b4977a9e88b4a0b0425fe2040e7038bdfd5ec6b0308f13a63,215,6,1,1,1,0,0,56,1,1,417.3684643878836
0.004,0,95,original_screening,2026081004,250601779,66d4faa42448505abb0e6c42bf28af1e95bdcbff1040db34d93a206a624c79c0,229,5,1,1,1,0,0,175,3,1,420.2530496049899
0.004,0,96,original_screening,2026081004,250601779,6e31fa241ae4865817ac4509075755098c1593f9f360c65e1cc10cb9721ba702,257,8,1,1,1,0,0,850,14,1,547.8974383680785
0.004,0,97,original_screening,2026081004,250601779,b36b23138a0cd532e9026681775473b01bffe62a97ccd36ed41cd867dc120a6b,197,5,1,1,1,0,0,27,1,1,378.0526410333886
0.004,0,98,original_screening,2026081004,250601779,5e67add806b6dae01855bfff05c48bc4ca0d29b4e845db4a77fb5dc4a433c07c,251,5,1,1,1,0,0,1323,22,1,526.865316634061
0.004,0,99,original_screening,2026081004,250601779,127688c6abf9c35c2005c1cbca7104a336bef822f0f62501a8f1041a6e04b6ef,199,6,1,1,1,0,0,274,5,1,437.73534577555085
0.004,0,100,original_screening,2026081004,250601779,9490178381be3c978d3610eaa02abb0b721a1ebdef34c894531cdcdbe022eeb0,258,7,1,1,1,0,0,115,2,1,497.7785002211793
0.004,0,101,original_screening,2026081004,250601779,969e6baa19ff32cbdc182824d238aa83638975dad760bd6acc2ce6a5282a7448,252,7,1,1,1,0,0,232,4,1,555.8400828775885
0.004,0,102,original_screening,2026081004,250601779,0ea8f0cf2768ee28a6adba8903b0d53a5541f8cac936ddc018bcb6e53d7364fa,274,7,1,1,1,0,0,358,6,1,619.9179483080962
0.004,0,103,original_screening,2026081004,250601779,cced53126ca68dfa93bb3ad5bac223f92166a382d4c1263788f9f2ebdf98c3df,256,7,1,1,1,0,0,1215,20,1,516.4744991953613
0.004,0,104,original_screening,2026081004,250601779,200eb1213e33f4e27095ab6f56bc9bab2dd4db223cc474e96d3b97cb8fcb8252,285,6,1,1,1,0,0,5321,89,1,588.4900717996543
0.004,0,105,original_screening,2026081004,250601779,da99b9974c0022b3428f0bb620206e84b7de82c3cccfec7071bfd0e8caf1fa9b,210,5,1,1,1,0,0,197,3,1,445.7703277014804
0.004,0,106,original_screening,2026081004,250601779,e20cfd5f43d6ff5cf58c4e1150d82c6bb132897d14f1876e807cc5e82974dabf,202,9,1,1,1,0,0,52,1,1,388.84620323279506
0.004,0,107,original_screening,2026081004,250601779,f50d33aafabac46d40cf4b2f323b62092d15d1f157112961b9edf1daaf3b77db,266,6,1,1,1,0,0,1021,17,1,607.302209021477
0.004,0,108,original_screening,2026081004,250601779,a0fd123e3fa5d777fc2e047c28175562f83f5cad6e7bee8f7bd484d25325f532,206,6,1,1,1,0,0,352,6,1,455.5666067172043
0.004,0,109,original_screening,2026081004,250601779,c097e04e87d4772144ad865505b39d59be353e84c954c2b4a8a6042a117490c2,241,9,1,1,1,0,0,119,2,1,525.2979971026198
0.004,0,110,original_screening,2026081004,250601779,32741ab4a4597c65022ba2a0bec644755ea1981750cad6f121e0654378315f1d,237,4,1,1,1,0,0,291,5,1,535.2667522656654
0.004,0,111,original_screening,2026081004,250601779,82e0b72a73b5cff9f0b0b1b0621a8b4ff33ee7e78eb5ce5e8fea09d1945956e9,217,7,1,1,1,0,0,669,11,1,457.7131813519918
0.004,0,112,original_screening,2026081004,250601779,81f30ffa6c6a1436ca3559e1de2cfd864d3c7e501f394b9512023d544949901d,217,7,1,1,1,0,0,222,4,1,401.2761228022391
0.004,0,113,original_screening,2026081004,250601779,6c4077974689d4bd53334a739cafecac3930380298a72add6ef1144946766ab2,292,6,1,1,1,0,0,2284,38,1,635.2855726008668
0.004,0,114,original_screening,2026081004,250601779,257f189db8a49b5bc881840389014a7289ef0ed6948c741998f20101781de406,249,6,1,1,1,0,0,63,1,1,498.58902083954194
0.004,0,115,original_screening,2026081004,250601779,4b84d80435444d2473bbfbdda991cf4a0794cf70bcee88ca1eb9a70373290097,273,5,1,1,1,0,0,112,2,1,516.4714342106245
0.004,0,116,original_screening,2026081004,250601779,a6831a267337c0a95a6bb782a7d8343f24f900243330fbacf452bb46083a3977,216,7,1,1,1,0,0,702,12,1,408.7206237342746
0.004,0,117,original_screening,2026081004,250601779,6e36c8c6d2fd78694dce2903e90d22ed0946750ca81db8336014dba24a8f47aa,188,5,1,1,1,0,0,129,2,1,378.53631211340377
0.004,0,118,original_screening,2026081004,250601779,1d2d6c0446e8f9c5777f59812afd60aa0c33bf69451e52196c5df4ff9d5d7b7b,244,4,1,1,1,0,0,655,11,1,531.6776879192001
0.004,0,119,original_screening,2026081004,250601779,9ba5eb046202b54746fee9155e864f5233b775a52ac81e999db775c41b156024,241,5,1,1,1,0,0,177,3,1,465.2354571649222
0.004,0,120,original_screening,2026081004,250601779,74458b0e51f964bbc142ef2e157cd29a818d1e44534c5f6e151116526522f423,248,6,1,1,1,0,0,54,1,1,434.60907560881503
0.004,0,121,original_screening,2026081004,250601779,426a3b6987db3eebd0515c5ce29dd17b7adb8f7e84bebb9ebee5177398f3a6f3,219,4,1,1,1,0,0,124,2,1,401.477825649445
0.004,0,122,original_screening,2026081004,250601779,ffe76c20e67b1942267aa83b785082b07ebe5e936802c67cf5364627acf2dd9b,247,6,1,1,1,0,0,312,5,1,528.2917009547236
0.004,0,123,original_screening,2026081004,250601779,faaa92690eb88bd9f393efddb010d3ad2d0073f02813f7ccf3a6a88d3efc0e08,314,5,1,1,1,0,0,410,7,1,622.9180894891649
0.004,0,124,original_screening,2026081004,250601779,b5e2aa69687aa392039218be21072a50292e12a1f4a3a7f9938866d917078e27,270,7,1,1,1,0,0,911,15,1,584.8840254233705
0.004,0,125,original_screening,2026081004,250601779,5cbbe903e3d8921f09b27e7ccccbbab8d3a8e6c438d44cc75fca995367a3058f,232,9,1,1,1,0,0,106,2,1,453.4643852617434
0.004,0,126,original_screening,2026081004,250601779,7816a3988d7d8250f708cc164d91d32f9ebba4902aeede5e7c86cfd15090f6f0,277,2,1,1,1,0,0,2653,44,1,616.6311991741695
0.004,0,127,original_screening,2026081004,250601779,9e74b7f9ecf9fb6d8fe422e4afbf3540124e6fc3f5f14280100defe66f44a24b,230,9,1,1,1,0,0,51,1,1,386.53569987503624
0.004,0,128,original_screening,2026081004,250601779,fc40925e962f503417d10087d34b3fb75b703a778c308c2eed9988aee783dade,270,5,1,1,1,0,0,1392,23,1,560.5736385374435
0.004,0,129,original_screening,2026081004,250601779,367c7e8416a3b23d82b800366b07c55b4b46baa12efe35c5e1b584a99ad1f712,217,3,1,1,1,0,0,50,1,1,397.1112502071279
0.004,0,130,original_screening,2026081004,250601779,912ac3a0dc0250ac3eaa309021d441f21433c757d98b4888fd6e20818df082fe,227,7,1,1,1,0,0,38,1,1,391.41888377542193
0.004,0,131,original_screening,2026081004,250601779,9ddda63072699004449d6268aaf71f7cae1099f5bfe3e6b5dc47d06f4ab56d4e,237,4,1,1,1,0,0,50,1,1,434.17517109810126
0.004,0,132,original_screening,2026081004,250601779,0abc2668dbe8ab9ebbf27e1de29237dd01a3356442cd22445ed305d62447f466,224,5,1,1,1,0,0,591,10,1,499.9737407661713
0.004,0,133,original_screening,2026081004,250601779,0c54cd31a806679771e34eddd1f1c38c9003a676bd89f8517777b21a6c83c3db,217,6,1,1,1,0,0,106,2,1,395.2343959842421
0.004,0,134,original_screening,2026081004,250601779,85d81b2514618ea73154fea0abe0603581eb3667f1bf85995630a3ab81329be4,282,4,1,1,1,0,0,602,10,1,602.2280382215669
0.004,0,135,original_screening,2026081004,250601779,de7665cfe9fc19121e699109663a9f2f8fd2d933a3e7c65c4ee3d616a64ac251,280,6,1,1,1,0,0,1871,31,1,603.7861035916544
0.004,0,136,original_screening,2026081004,250601779,fe0e18bf46e1e5c066bc6f011a827cefe610d55f2918a71d738dc36c75e7812e,266,5,1,1,1,0,0,434,7,1,563.536410402183
0.004,0,137,original_screening,2026081004,250601779,fb410fcd1430e7152402bbb01fdb7724fae343cd8512607f5051dcd4a35eb5a5,216,3,1,1,1,0,0,121,2,1,399.9604412119508
0.004,0,138,original_screening,2026081004,250601779,a2a3b3711391ed47bc96ca506543f1c03c362df7079f7705280d992f84e2d4bd,224,6,1,1,1,0,0,51,1,1,389.9644952657623
0.004,0,139,original_screening,2026081004,250601779,4a814378f0a6d295058a8e550dd48dd0148acfdf26023ae34740b83967656565,201,6,1,1,1,0,0,107,2,1,405.55555421445706
0.004,0,140,original_screening,2026081004,250601779,e775e17db9667f58237e1aeab9b4e9d443645fb61d9487b6b45bbc09e063a0f9,206,6,1,1,1,0,0,42,1,1,389.25031910050143
0.004,0,141,original_screening,2026081004,250601779,fb7ee6420877d7767ab7f5d95a5559f9d539d69e65027323ad8b86f3b98a8ca7,192,9,1,1,1,0,0,166,3,1,393.5841821996917
0.004,0,142,original_screening,2026081004,250601779,60a5ee31fddeeaafa6fd41e17524ca2ce879fd02fc5749fb185f5eaec82a856e,290,6,1,1,1,0,0,5934,99,1,618.6843377244304
0.004,0,143,original_screening,2026081004,250601779,2b451d0f8cac6d25b9e594bc96667d5dd32c8327946c60111c4a5384dc4686d8,240,6,1,1,1,0,0,196,3,1,508.3329995856557
0.004,0,144,original_screening,2026081004,250601779,3ce702cfa561635faf4c8091bf5a22a884911f2fe5769419600cf527d29bebf9,270,5,1,1,1,0,0,78,1,1,451.1282422193823
0.004,0,145,original_screening,2026081004,250601779,d090155a369ac24b5e7dbdd5bbba23edbfd41cd045bec13bbed0735f9ad0f3be,179,6,1,1,1,0,0,161,3,1,373.93674202557645
0.004,0,146,original_screening,2026081004,250601779,ed3b79fcfe48df038551534aa0641ec673630f6b10785a83529a18cb7405da24,188,3,1,1,1,0,0,37,1,1,365.1877214605633
0.004,0,147,original_screening,2026081004,250601779,b005b3852312c1e22559b67cb99360bdb122c030f23af4a8458764835f6bf8ca,234,6,1,1,1,0,0,54,1,1,434.6791990705252
0.004,0,148,original_screening,2026081004,250601779,6601c0ceb304c59c7ee24cdd0cb0342353d3f330f06a3726114a457923289733,199,7,1,1,1,0,0,160,3,1,405.367888057291
0.004,0,149,original_screening,2026081004,250601779,746602083471e430aacaf45a657d445bb9c664657c6bdd5d025790e69dd49970,225,8,1,1,1,0,0,180,3,1,479.25474775788143
0.004,0,150,original_screening,2026081004,250601779,7df2a266e9ab2ade5b4c83a7767bb6110b58f051eb1b8aac2918013d61fc0ebc,267,6,1,1,1,0,0,1303,22,1,542.2332926799356
0.004,0,151,original_screening,2026081004,250601779,fd86670bd472f6cd229c4eb72e4b3070bd3f139a270efbfd18e70065fd1ff150,229,5,1,1,1,0,0,409,7,1,508.87252993967877
0.004,0,152,original_screening,2026081004,250601779,2378967f32dda8859bb30eac515900676b9d5a710e1e099c80fe464f93b47f4d,254,3,1,1,1,0,0,596,10,1,521.9844350949943
0.004,0,153,original_screening,2026081004,250601779,238b1130abd47b48ab2b4db855707374eeb0f4a160b5b8e7d8a6efad3d0e6908,190,6,1,1,1,0,0,49,1,1,337.8316965048741
0.004,0,154,original_screening,2026081004,250601779,62c1d45d34fd8f796f7beea84ff71f200f4e15a3cf626d211c55b8c39b9b5c05,277,6,1,1,1,0,0,1632,27,1,629.759854766404
0.004,0,155,original_screening,2026081004,250601779,09a274a5726e07cc38e3aabc2bd1c93a1e0df9dca37ef489e4069f82cccfb228,279,7,1,1,1,0,0,424,7,1,572.6444186090998
0.004,0,156,original_screening,2026081004,250601779,e0c0466c061052b94a588f63209db5aeb73dd75b627b5dd7ecaa6014b3d5332d,241,2,1,1,1,0,0,255,4,1,517.4267224082374
0.004,0,157,original_screening,2026081004,250601779,598c33dfc5a2e42a76e226bb062e0c62ad915084b5cf51ded66c9051c3593ef8,245,5,1,1,1,0,0,79,1,1,470.9631522812891
0.004,0,158,original_screening,2026081004,250601779,44b25435e3e7fc0d82466c8259cd97306b279e758cfbb12133046a4ec8992ec7,229,5,1,1,1,0,0,71,1,1,401.7492422927136
0.004,0,159,original_screening,2026081004,250601779,190d779e11952645822f5dc644455e79753d157659634f38965aa429e381947d,215,2,1,1,1,0,0,354,6,1,463.80583358079843
0.004,0,160,original_screening,2026081004,250601779,eed5b4161dcfea94dc1dd14d0f9bd553a01aa8ea8c303cafbd6efb9643b34fb6,206,5,1,1,1,0,0,47,1,1,398.06723744784244
0.004,0,161,original_screening,2026081004,250601779,f731cb576a1e44258d521cdd981b7e6052164503c0bd4064b03fd824f20a5f7c,250,5,1,1,1,0,0,342,6,1,520.5291706259403
0.004,0,162,original_screening,2026081004,250601779,5b03af86dd94cd4c8f0167539389c12fa9f0a24f7b003c9335453a196e649c4b,239,6,1,1,1,0,0,340,6,1,471.53700365071734
0.004,0,163,original_screening,2026081004,250601779,28abc1b885d5726b404a16ac7c48b22af6e95dbda7b3227f7380370e623fdb5b,280,7,1,1,1,0,0,175,3,1,524.4615879692267
0.004,0,164,original_screening,2026081004,250601779,b809fa24bd73da20c65c330d9480829bf2f279fb4aebb29320254b9586e53097,196,7,1,1,1,0,0,215,4,1,398.1010379524449
0.004,0,165,original_screening,2026081004,250601779,ed23d3f8aaa2eb0375f4894ee0a389150e6bfdc4e02a06997ce54552d6c4d154,189,5,1,1,1,0,0,43,1,1,330.4306188486045
0.004,0,166,original_screening,2026081004,250601779,84b44f7bc30636dfd8457913179f5bae1e7f105568252865f55b35fa83dd9d14,207,7,1,1,1,0,0,294,5,1,453.8996029761531
0.004,0,167,original_screening,2026081004,250601779,d593439ceed585e7aecbf20d26d7cb17ccfc36688ff79297fa847684e5827f2e,250,7,1,1,1,0,0,306,5,1,515.330340637374
0.004,0,168,original_screening,2026081004,250601779,e7b2bedfc4fc3a04159989b4a74d88ea992d9ac0232df1139c56595bd6fb7549,232,7,1,1,1,0,0,1434,24,1,515.9221475998339
0.004,0,169,original_screening,2026081004,250601779,4744aed7a1ad22836b9faea37fe687ec8b847adb244784460815610c194125ca,265,6,1,1,1,0,0,702,12,1,541.686633421807
0.004,0,170,original_screening,2026081004,250601779,02aff9238df165b7064960abc173254ee2f7898f133a9d7c32f6855db21a4dbd,256,6,1,1,1,0,0,173,3,1,548.9962555762166
0.004,0,171,original_screening,2026081004,250601779,875b89f63b9205f82ed8e59e8e4083216e44bfa87f0edc76be2bce9e4fa53b2f,222,7,1,1,1,0,0,27,1,1,390.49778796483315
0.004,0,172,original_screening,2026081004,250601779,233d5f4ce0344b84b1528c853cdb764bab33d9e1d1a23ff97475f3071263d2d2,201,5,1,1,1,0,0,63,1,1,354.81263382021336
0.004,0,173,original_screening,2026081004,250601779,2803800dca5e7705d0308326fb63c058d46480fd27dbbfcdf5a54cd961adae83,244,8,1,1,1,0,0,129,2,1,509.6504107992142
0.004,0,174,original_screening,2026081004,250601779,fc44621d7026ec28f2eb75fc0e51572c11ad8634dd939de85ca9dcca0c50e9bc,223,5,1,1,1,0,0,170,3,1,441.1354993457984
0.004,0,175,original_screening,2026081004,250601779,c6afabfe628843ddb529a9cd1778e5edce1225c9a7393f3df9db58fdacacc1b7,164,3,1,1,1,0,0,40,1,1,310.41167356834626
0.004,0,176,original_screening,2026081004,250601779,466dcdf1142d87f2c91b9002934a4f9793e834db1c58b45214cfce3cba2d7a12,198,6,1,1,1,0,0,68,1,1,316.4426544103882
0.004,0,177,original_screening,2026081004,250601779,d936be2edb9efeb910f8617bbdc6ef0573df3b9078b3a7a0042b340d297ab7b3,253,6,1,1,1,0,0,1080,18,1,536.9892926605914
0.004,0,178,original_screening,2026081004,250601779,22cdb51a0752c6a464920175c989034132867c00a176dc418091cb85def28f40,182,6,1,1,1,0,0,273,5,1,348.1401393391122
0.004,0,179,original_screening,2026081004,250601779,dad56c7a0da1a703e2bd44bfab2793795114c1ad246d17311e569f1d9bf4bef9,241,6,1,1,1,0,0,72,1,1,427.83736104697425
0.004,0,180,original_screening,2026081004,250601779,08525d4dad639da7da7cfa9e9d187a4a632beebb7e1615ee799d6cde7c58e580,184,3,1,1,1,0,0,35,1,1,372.1646408338103
0.004,0,181,original_screening,2026081004,250601779,de4976f5690694d22399da37f5b0ad3aedf2017d855986ca47451e7906b96e45,256,7,1,1,1,0,0,48,1,1,416.67233312085244
0.004,0,182,original_screening,2026081004,250601779,d680bbf8d00a923788d15de878eaaa8d6920791b2283dfe67ac0259fe80f0c4b,235,5,1,1,1,0,0,138,2,1,493.8896018172577
0.004,0,183,original_screening,2026081004,250601779,04e0cffe5722e37cf7634e0629bc849602937240ff9322d2698334c0b351676a,278,6,1,1,1,0,0,953,16,1,604.6656604316032
0.004,0,184,original_screening,2026081004,250601779,c85bab55b09562c0b2290643525b4780c2cf6d380d40f55d8c80d5791e6da8d0,205,4,1,1,1,0,0,47,1,1,416.93027649885966
0.004,0,185,original_screening,2026081004,250601779,772fcac55c93061e493b6bb83547cf77e387fdd172dca82aab4448be5ba5382f,231,5,1,1,1,0,0,74,1,1,416.3024213796232
0.004,0,186,original_screening,2026081004,250601779,a51dcfa97466e8d434734fd475e1825c7d2c74483e918ff77b4f642bb1d398dc,238,4,1,1,1,0,0,66,1,1,447.8584717870091
0.004,0,187,original_screening,2026081004,250601779,682cdfdd606321cb6b31c03dda37b9120e84a77e4a3785beb898ed6efc4d00be,252,5,1,1,1,0,0,114,2,1,505.08869143409146
0.004,0,188,original_screening,2026081004,250601779,d652f1f530b4149e6d773ba63c7800dc89e890fb12166f301ea954451f6bfb17,180,7,1,1,1,0,0,157,3,1,343.61140570466114
0.004,0,189,original_screening,2026081004,250601779,1c5c05967cd3d0845f4c9c111884d7af79f742659802b23db7129a4e04c66cfe,249,4,1,1,1,0,0,413,7,1,564.3289114056283
0.004,0,190,original_screening,2026081004,250601779,8cc9d48f6fd66ff1ad00b1323e396793adee562f30121fcd5205079096a7f171,255,5,1,1,1,0,0,226,4,1,558.8144377845541
0.004,0,191,original_screening,2026081004,250601779,ece4ed77fa63a0fdde842e4824e029c8dfe490da6b4177fc0323f94a6ff4e2a1,230,6,1,1,1,0,0,279,5,1,453.63892126014946
0.004,0,192,original_screening,2026081004,250601779,498cd033cad105bae0702275ece9ac6a1ed8dba3542027d167d43c0ccc02d57a,301,6,1,1,1,0,0,292,5,1,606.7699465790142
0.004,0,193,original_screening,2026081004,250601779,eb2db54254904f4149541f0ccf39da56db9dfd17359c1f60793a4caca966cffe,205,6,1,1,1,0,0,368,6,1,480.9750538664813
0.004,0,194,original_screening,2026081004,250601779,835378a888732abb8533647e103b5b78b0f0a5f9cdf57d798a85651575106775,196,5,1,1,1,0,0,132,2,1,398.09078908800547
0.004,0,195,original_screening,2026081004,250601779,1f591ddb12bc15f7a4b333091d0a2d00f7eedb13ae849cfa242ea13000ca1cc7,216,4,1,1,1,0,0,71,1,1,405.89900103175364
0.004,0,196,original_screening,2026081004,250601779,77320edfaabaaa9290d3fbd9a141e87c065eb88e12f054fcd2afc4e8e5be8407,208,5,1,1,1,0,0,42,1,1,381.3396983525888
0.004,0,197,original_screening,2026081004,250601779,6294834b3d8a28123f01e5da859b890875e75f18bbaa6b2832c212bc7b9058fb,226,6,1,1,1,0,0,67,1,1,390.8245480392733
0.004,0,198,original_screening,2026081004,250601779,563a7990033e63d9b133d54560d1f329e4828c4cf9f7c91ef532fe4536d07a4f,261,8,1,1,1,0,0,66,1,1,462.2637201007965
0.004,0,199,original_screening,2026081004,250601779,14b58ffa0319ea7f5767d014788890b6e91db9806f47f08dd96b8558fa91b13d,279,6,1,1,1,0,0,957,16,1,588.138828458623
0.004,0,200,original_screening,2026081004,250601779,7972578323ef75eb9d5cda8f4c0b5097b1a7550f4d6c0bedd95c063cee99c331,223,4,1,1,1,0,0,48,1,1,421.4045230830943
0.004,0,201,original_screening,2026081004,250601779,55240358595f919a0f19dae9db443b048b1a3990024c7b31a967398182802ee2,240,7,1,1,1,0,0,184,3,1,500.3494019029649
0.004,0,202,original_screening,2026081004,250601779,6d832c9af9cc8be7fccc1035dccccf6bbac304320e75dd570af0d5aa85c4db90,247,9,1,1,1,0,0,2514,42,1,587.1172142480829
0.004,0,203,original_screening,2026081004,250601779,a0653f3bd9573907e3b17a7ae5fc5ef9240ef32d557f1e0a6d1d6147b1370e6b,210,7,1,1,1,0,0,21,1,1,374.3936360884751
0.004,0,204,original_screening,2026081004,250601779,838def8e57ef3dd4836ad1ca9b897d058ab39f1168379a208da630689346f010,263,5,1,1,1,0,0,170,3,1,474.5363447812151
0.004,0,205,original_screening,2026081004,250601779,9bdcd3bbf0c195e77f62957fb023e7f38a9960188da88f95b3832fc8919b41f3,230,8,1,1,1,0,0,190,3,1,511.44158792594044
0.004,0,206,original_screening,2026081004,250601779,de53598dd1b32cc4d1d4508e6196421c94af2e5f72463ffa8c1863302faaa997,244,4,1,1,1,0,0,157,3,1,472.3210301522879
0.004,0,207,original_screening,2026081004,250601779,c1ca10c7e40231d299b35d94f00474a572bdea8b27e592186e63ed1477d4df5c,243,5,1,1,1,0,0,410,7,1,510.1191836090244
0.004,0,208,original_screening,2026081004,250601779,5b73679ed09490c3c619879ae2fedfcacbe50f7a91a1c922c7649384461bc65c,196,6,1,1,1,0,0,54,1,1,408.76040014804164
0.004,0,209,original_screening,2026081004,250601779,97cb85db4479be80d278be58b02081b536d522791c661e21a14b23853918500d,175,6,1,1,1,0,0,341,6,1,353.8870581983664
0.004,0,210,original_screening,2026081004,250601779,e5e2b950715a1a795150caf064d52a1877d4de1cd65ef3bc356ea21d48370369,257,6,1,1,1,0,0,179,3,1,508.5998923463769
0.004,0,211,original_screening,2026081004,250601779,61dde0cbde96d5bf6f8b4d545806646ecb88059078feb17cb9c2629f6110e649,233,7,1,1,1,0,0,1082,18,1,516.5434232397486
0.004,0,212,original_screening,2026081004,250601779,dd77d368a701ba2e23805a1b8da2f24f1759a8be9c03c91fcc7217afa42a45af,208,5,1,1,1,0,0,52,1,1,362.7179208894046
0.004,0,213,original_screening,2026081004,250601779,3bf3feebc756292d2781872b2975ddd542b2995d804cef732fa5001b4b773a59,230,5,1,1,1,0,0,1126,19,1,508.3825892492132
0.004,0,214,original_screening,2026081004,250601779,c9b9a8263cf74b496f8d248cc432d72026e9d955cd939f2a4be32c94b122fea6,278,9,1,1,1,0,0,49,1,1,524.4893701153517
0.004,0,215,original_screening,2026081004,250601779,237a23ae5b57103c6d3766a5a207ef211453a1694a26615bc3e5158c6a98e9cb,214,7,1,1,1,0,0,127,2,1,404.62986972551914
0.004,0,216,original_screening,2026081004,250601779,eea8abb3cdbaf53d3922c2dd166990112c4169d5fc8c97d2ef0bac224a507cc6,186,6,1,1,1,0,0,34,1,1,323.4426795601003
0.004,0,217,original_screening,2026081004,250601779,fd7419b203d30676667fc66807e3e61d59d262a90f70a1bcdff258b870b9027f,194,4,1,1,1,0,0,48,1,1,354.3408371962624
0.004,0,218,original_screening,2026081004,250601779,bfcf38acb9fa7f2bea2df30a251bc20f9ddb73a68661f12814514e4e52f3bd28,182,6,1,1,1,0,0,43,1,1,393.7253073609436
0.004,0,219,original_screening,2026081004,250601779,98abf08919d55338470956fe4de500e480224c1173545dc8e3c50c14f5f7a0c1,284,4,1,1,1,0,0,225,4,1,609.1975444994883
0.004,0,220,original_screening,2026081004,250601779,65e9d7a675aeef22ed82eb3e69db73d374537b53349d3abf66e0e45061a5e4d4,227,6,1,1,1,0,0,101,2,1,444.3572842602478
0.004,0,221,original_screening,2026081004,250601779,38f65bf2c4f0c58073840eb1476e794ea2f4c54e8be6826a3dfccb978712696a,246,8,1,1,1,0,0,108,2,1,437.8337812315465
0.004,0,222,original_screening,2026081004,250601779,da2269f5488d36860bb62702af1907d0d15080e72ab1192039c6aac572295b49,201,4,1,1,1,0,0,34,1,1,378.71981187235315
0.004,0,223,original_screening,2026081004,250601779,b1743568fd8e2e9f2f5a929010cb33cccb1e0a65bc1b0ba827c2f0b2443eace5,209,6,1,1,1,0,0,159,3,1,407.20722824446125
0.004,0,224,original_screening,2026081004,250601779,c88bdf19eda4f55d3f0fc167822f68a9712d59c38fb90335e21561625130a884,238,4,1,1,1,0,0,46,1,1,418.3314775610812
0.004,0,225,original_screening,2026081004,250601779,7510a7c4f08750f5d4817c7b7599bbc231e548ee72156c025de359d07678c259,219,6,1,1,1,0,0,1089,18,1,490.3044821616213
0.004,0,226,original_screening,2026081004,250601779,4ec5afd108f698ed2491f2136cfdfef869c2bb0fed3d84186d38bcb5a4fccc9f,216,8,1,1,1,0,0,73,1,1,351.5080302876685
0.004,0,227,original_screening,2026081004,250601779,e2822ac983d0ac4b499ddfedda7bc413b483d53906132cd254f0ed9fb0eb30b0,293,5,1,1,1,0,0,841,14,1,613.6244440827334
0.004,0,228,original_screening,2026081004,250601779,25f14522cf84f621f43659da2b7a634157ad7b60d565f4bb7b54d229186e0d32,204,6,1,1,1,0,0,299,5,1,472.57478958602087
0.004,0,229,original_screening,2026081004,250601779,f847515326b70d23059f3d3aee17246445946cf885adc31c280d6f0b30df46a7,211,5,1,1,1,0,0,78,1,1,415.6154840846282
0.004,0,230,original_screening,2026081004,250601779,56b3a8b4b4958e45f49a2ae77fe8c55d4520dc9a25e262a48c368dc82fd1cbc3,317,5,1,1,1,0,0,1551,26,1,657.8305946572291
0.004,0,231,original_screening,2026081004,250601779,1ad54f0c722971020268d3673dd5c0b8c0ce35e9050c04aef186c9c03a209806,232,6,1,1,1,0,0,245,4,1,475.4204445251544
0.004,0,232,original_screening,2026081004,250601779,9176dda4b080c56ea175249abe097ea85ae8ad8ee65a4cca9b9565b75a4e0250,212,6,1,1,1,0,0,51,1,1,380.1689132922859
0.004,0,233,original_screening,2026081004,250601779,308b563c0601d3a5ac40634ca621011fce4bfaf47ba0b2ab90da2941d1b1e5e3,252,4,1,1,1,0,0,60,1,1,461.76974623468806
0.004,0,234,original_screening,2026081004,250601779,d02d6c712376702bad16640c3fa1718898810f9594dc71d0868082c639e9d6fc,252,8,1,1,1,0,0,62,1,1,486.7906389574571
0.004,0,235,original_screening,2026081004,250601779,75d76e2a7f8880d061c85557e7e2fbba2f0b27efbafc8daf35fc978d9183dc9d,304,9,1,1,1,0,0,900,15,1,672.5036948864145
0.004,0,236,original_screening,2026081004,250601779,f7ec3b62140972a4c4bfd2398e9b22d62da1d34b392f2ca20e44dac39f86fff7,214,9,1,1,1,0,0,1241,21,1,469.24161270456756
0.004,0,237,original_screening,2026081004,250601779,42e9c82eac0f1022fe5a8b2f4252674fb0d1f40325936773e36ce89526f19eab,246,6,1,1,1,0,0,2167,36,1,544.1651044376955
0.004,0,238,original_screening,2026081004,250601779,1e22008e5fada20ace3164c6ba2041b82099bb79a337f983b8e69d970cc35e05,246,9,1,1,1,0,0,185,3,1,572.4919733880498
0.004,0,239,original_screening,2026081004,250601779,69204f430add08de6ef43d7998ba7e5133399d873dde321b61a4ee98e2c9ac15,249,6,1,1,1,0,0,9416,157,1,597.9922628140731
0.004,0,240,original_screening,2026081004,250601779,e0c27e7e404b937b44f1b0f0aec055b0b64b052a0b6df36fa654766b2974481d,222,2,1,1,1,0,0,214,4,1,413.4432268853998
0.004,0,241,original_screening,2026081004,250601779,68b574f5a36b9183fdc34f80154658754cff0830fe9e8193b63a5273ede43a1d,215,8,1,1,1,0,0,434,7,1,481.05360485695473
0.004,0,242,original_screening,2026081004,250601779,9f298a4e05f193a06542a85120baa6217561ef4b967fad7b4b204625ba9d3ec7,205,6,1,1,1,0,0,160,3,1,425.9647407193095
0.004,0,243,original_screening,2026081004,250601779,9e4fd54394c5a43224e523c2c96d5c1c47f80c0ca3011b0d77386162819eee29,210,9,1,1,1,0,0,243,4,1,415.56421255946157
0.004,0,244,original_screening,2026081004,250601779,0076aa30ea2325038b95b40e314a70f0fc10f3cb71e68b4c42a079fc9836473c,211,7,1,1,1,0,0,65,1,1,367.56778772134345
0.004,0,245,original_screening,2026081004,250601779,f105f9e83eeaab7083e38643e8e1a186a99b13688d1d64b02afd260252befcce,222,5,1,1,1,0,0,118,2,1,446.77442403237615
0.004,0,246,original_screening,2026081004,250601779,302499d9abbf16e62b1151c3c9397576bfd7154b560eb90ad8dc7e74d1a2c823,233,5,1,1,1,0,0,47,1,1,431.60444752143906
0.004,0,247,original_screening,2026081004,250601779,a01d4ea61f90358b275e1e7c1a14db431edfc2b21dac036f6bca4625fad8c9cb,246,7,1,1,1,0,0,117,2,1,494.1913946212835
0.004,0,248,original_screening,2026081004,250601779,5e7bf7397cadb08661ef6bb21688ae256886e0cb99c7c02f22e52dcfcc0ac81e,241,8,1,1,1,0,0,48,1,1,453.2783226827999
0.004,0,249,original_screening,2026081004,250601779,0b5cb7b7f138c1b37c5742f771526f053c55ab135d4eb9c48aa1af6dc81cba24,308,6,1,1,1,0,0,13430,224,1,600.4496802129265
0.004,0,250,original_screening,2026081004,250601779,a45b53b53cb56377cd5842ccc34480754e0a72a4a637d99b65b3bd95d0c57b33,214,3,1,1,1,0,0,160,3,1,429.6651681582565
0.004,0,251,original_screening,2026081004,250601779,7e8518f4afd1395676a61acd95d427bc1a86be254d88001bdd80a83c8be7143d,215,8,1,1,1,0,0,76,1,1,403.75259844698
0.004,0,252,original_screening,2026081004,250601779,80267d411537e41521176089709d5127a6aee7f28b629e1c55d5b380ba1a45ca,214,10,1,1,1,0,0,597,10,1,454.3454481329867
0.004,0,253,original_screening,2026081004,250601779,873eabf0b1febdc423de9a72a05b8c4f55b6bca2986e5a16633e95cebb758dcb,217,3,1,1,1,0,0,44,1,1,419.6689231154961
0.004,0,254,original_screening,2026081004,250601779,bd62b563ddaa3c87c0cf27033bfb0f3c656724205b5563766442089ea0405020,235,6,1,1,1,0,0,618,10,1,502.6202698832258
0.004,0,255,original_screening,2026081004,250601779,dad6d419d7a0ffeca5127c783059f3b61f848e5ad073d4feb2c75d0e16519e9c,219,6,1,1,1,0,0,1340,22,1,452.5000382700075
0.004,1,0,expanded,202608160001,251001780,b3f4d5713952e4af5626cd7decf200eb4fccc60ddd79d2a33cad6c8de08199b2,262,6,1,1,1,0,0,198,3,1,506.82400535533014
0.004,1,1,expanded,202608160001,251001780,e89ef272fc91bdc5b995ace9f4424e860960092679cf78081c7ce17ccb744ec7,235,7,1,1,1,0,0,256,4,1,483.34596518500393
0.004,1,2,expanded,202608160001,251001780,d8b73ec6718201bad514b2264ae023cd450899ad11a1e710d3ecebf33c0511eb,202,5,1,1,1,0,0,45,1,1,371.73458427905763
0.004,1,3,expanded,202608160001,251001780,651fa5fcf90eb5e9fdf228ce0b3cd23becf8f4fc144a247c3fa3e03eabdb0b47,246,8,1,1,1,0,0,252,4,1,461.0515728279979
0.004,1,4,expanded,202608160001,251001780,5fff234cd4053052d5c90ac818b2b77a480080c3cd31e3103b5137ffafe158ae,250,6,1,1,1,0,0,163,3,1,475.51234308530275
0.004,1,5,expanded,202608160001,251001780,560edf3c82cd5d7f8c00357647472710870804e530585bb142eef0dac17a7e82,250,7,1,1,1,0,0,1667,28,1,571.8740924798935
0.004,1,6,expanded,202608160001,251001780,c1d8f7884ec0923021ad62b1cc44bea541775863b9a11ba06f58d7b1bab5ff23,227,3,1,1,1,0,0,72,1,1,421.0471613983026
0.004,1,7,expanded,202608160001,251001780,90a54fb36b15f5d2d2ffeb7c672b7afabdad6898e2ff6100c0bc6e85e1a23cad,221,7,1,1,1,0,0,39,1,1,380.67801759940164
0.004,1,8,expanded,202608160001,251001780,f7acfccc99634d25ce87bc0a36dcc421807b17530dd1936ed18315b341b93693,233,5,1,1,1,0,0,3274,55,1,493.47505746300544
0.004,1,9,expanded,202608160001,251001780,630c03e7a63dc9003e4797543068f1743afa23b89618a523cc6325cf33d4a122,191,5,1,1,1,0,0,477,8,1,381.77395614035686
0.004,1,10,expanded,202608160001,251001780,f338ae28b49e6e65dc9a932d647453a13a3df39b8338984ea4aa2095cbcac783,224,5,1,1,1,0,0,57,1,1,417.41588309824243
0.004,1,11,expanded,202608160001,251001780,1d9cb85add3b2b1a2e1d20705bbbdfdd8a1d71950f7c94a22c6b8bd178b55e7c,227,7,1,1,1,0,0,26,1,1,434.93878520608746
0.004,1,12,expanded,202608160001,251001780,e01240117866348d35e5092ed20e71c02efee0e1c9d83de34f6d390954581b38,178,6,1,1,1,0,0,375,6,1,389.2189445771375
0.004,1,13,expanded,202608160001,251001780,4071d9750b35205e56950e3e9bdfd2bf9508cd94d43aa6f9fb042a0d7529b421,233,7,1,1,1,0,0,1097,18,1,499.2919523499406
0.004,1,14,expanded,202608160001,251001780,c3d755a153b525eea57848f1ceffef2071f0b577b295b5133522e793a7ac91ca,223,6,1,1,1,0,0,1372,23,1,452.08857367282894
0.004,1,15,expanded,202608160001,251001780,f0fcf00ba0370ee5e5372452341ee2e476345ca3e853bf145328639ba7bcf119,296,5,1,1,1,0,0,15286,255,1,626.1326095691786
0.005,0,0,original_screening,2026081005,250601779,a7e89615ca3e31fd136ad6450eef0593fe0907f07e440fc8b971dfb89cac98c3,276,8,1,1,1,0,0,130,2,1,535.4101759810333
0.005,0,1,original_screening,2026081005,250601779,715a41941510dd2b1fbbac761edd1b0b6e5988f2be5a90e3cbf26d07a640af3d,278,5,1,1,1,0,0,1561,26,1,617.5841616011546
0.005,0,2,original_screening,2026081005,250601779,30a74846eedc38c78eb99d7427186b91738e4c0939995b6cd300a1e1a6188030,294,4,1,1,1,0,0,614,10,1,561.0946511807248
0.005,0,3,original_screening,2026081005,250601779,7e4e7a98bd92f5770d2a441778e0d0068dc3545b6dc95f7b30d99f5aa4f79af4,294,5,1,1,1,0,0,9541,159,1,641.4672319487615
0.005,0,4,original_screening,2026081005,250601779,961a2c404de62ae6aacd47bcd9b60f6f437b0fa706a6214f6603db16bd07f603,299,6,1,1,1,0,0,1430,24,1,613.8459504086259
0.005,0,5,original_screening,2026081005,250601779,8749a2c7ba86e6a0ecf3c2056d3601467900c6bc7cfe0294700626fde160d815,277,3,1,1,1,0,0,5526,92,1,581.9930238751895
0.005,0,6,original_screening,2026081005,250601779,235217d08f8a6ed62796bec33605f97179fd6f9756685c0f78138ca6b41aa3f4,285,8,1,1,1,0,0,8035,134,1,577.5768555373361
0.005,0,7,original_screening,2026081005,250601779,3686f030e2d709a16d7386254bea3e85ac6ea4528f557f4cf18fde5a43a4e7b4,284,8,1,1,1,0,0,1012,17,1,579.4883545213733
0.005,0,8,original_screening,2026081005,250601779,ec4e7c77a198b77191f74daae21c5b9febde09e2509a914e2f7a2f8cc58aa6bf,235,4,1,1,1,0,0,50,1,1,518.3588037464165
0.005,0,9,original_screening,2026081005,250601779,273cd9991b80be3a88db0c745a342039d099c546850590acf1f0eaaff18842f0,262,7,1,1,1,0,0,2402,40,1,562.1963992191993
0.005,0,10,original_screening,2026081005,250601779,183e2410aae020cfbb740e9c1b1e08aa92ae072f53e91f28c5a9937b2b25584a,301,6,1,1,1,0,0,227,4,1,605.3109988461094
0.005,0,11,original_screening,2026081005,250601779,a0ed4e6cdfc74c3263f63f47f0e96578723218c8e7671bb4c60f8081e66d7454,323,4,1,1,1,0,0,123,2,1,600.95647323354
0.005,0,12,original_screening,2026081005,250601779,88d9c220198bffcdc7ad0b069fbeab90541d1626ebe4498d38580d27ab74bcea,291,6,1,1,1,0,0,136,2,1,572.54782995951
0.005,0,13,original_screening,2026081005,250601779,055c0767c2c49ab99701f84758361b6fab1c215b2f1ac92f50ab6e7294f7bc58,366,5,0,0,0,0,1,18080,301,0,
0.005,0,14,original_screening,2026081005,250601779,e906d73114bcc97dc1ddc1e3fc6a2f1cd2e49c456d2c39406667352bb4afe7b7,269,5,1,1,1,0,0,194,3,1,534.8263748279292
0.005,0,15,original_screening,2026081005,250601779,31b9049a518526af74ecb32a58b092a8a05c3f044f0d98cc65d06d646e3cc06e,272,7,1,1,1,0,0,258,4,1,562.5012605820459
0.005,0,16,original_screening,2026081005,250601779,290345b7fe29632a9dad567f9beaace6764773984944e6ce0a7c844cd654bdaa,245,3,1,1,1,0,0,47,1,1,438.07774410417886
0.005,0,17,original_screening,2026081005,250601779,8116b73abfeaefdf79bb688dde1dea84adb9d11f40b2719577dca6ac32795465,296,6,1,1,1,0,0,77,1,1,502.4603996521391
0.005,0,18,original_screening,2026081005,250601779,e8daa4198ef5f5596880a500cfcee3f88d55772fd04b75475a22632567786d90,285,8,1,1,1,0,0,1624,27,1,640.8534794346417
0.005,0,19,original_screening,2026081005,250601779,492121faa72f7be8af804914d7d21487547e0e02d298331a52bd2161c76beaca,285,8,1,1,1,0,0,2701,45,1,588.4574519257225
0.005,0,20,original_screening,2026081005,250601779,7e37da18f9cf9c74476f86c1c6e570561e5e54c1d785a16e603bc539d326a716,267,4,1,1,1,0,0,110,2,1,496.3824139682055
0.005,0,21,original_screening,2026081005,250601779,f0cff0e7e18a086ac77969f847a4af8edfeb595b946a21b2163d85a36cbebfac,270,8,1,1,1,0,0,16195,270,1,553.063784307165
0.005,0,22,original_screening,2026081005,250601779,b462faf482c1c53d6703d519a711f6536519e44d8cc265d6d2c190b26755ae2f,295,7,1,1,1,0,0,291,5,1,604.7874034939321
0.005,0,23,original_screening,2026081005,250601779,bce696ffaac36deaa5bcb950378bf9dc8d658a1ea72225da710c2f115025724d,287,4,1,1,1,0,0,452,8,1,571.8796609425674
0.005,0,24,original_screening,2026081005,250601779,714c0389311df51678d99b9e416cb84877f2daf5470c8950da45b90508712c3b,299,8,1,1,1,0,0,126,2,1,619.6742850163579
0.005,0,25,original_screening,2026081005,250601779,4b9b488033b51eb7093fcd7af692861c63ea4cd176ce13e9b5f1e454ff152fd0,251,10,1,1,1,0,0,1322,22,1,570.3421251030015
0.005,0,26,original_screening,2026081005,250601779,83d3a338454e4818115e3b84793e17b32017012fb54a8c673d5ffca60beef2f0,282,6,1,1,1,0,0,530,9,1,614.4671031249309
0.005,0,27,original_screening,2026081005,250601779,1f8556226aeebb0e78fdfed59adc8ae5048fea6bf866a96b54937e508ffa6bae,301,7,1,1,1,0,0,2445,41,1,651.5026529545437
0.005,0,28,original_screening,2026081005,250601779,172c9451dcfcee1fdc027450b7951a43694901c05ff099e786420fe5f367c247,286,7,1,1,1,0,0,301,5,1,527.4481190263988
0.005,0,29,original_screening,2026081005,250601779,71108f87bc3c8e61beada1725c662a672839ff83f9a32c4f50594cbd9fecd59a,296,5,1,1,1,0,0,49,1,1,501.29713540909756
0.005,0,30,original_screening,2026081005,250601779,155dcc6a5a118b44c309cbe762aa6fba5f0e74b0c69e3f656d1dfa3808f8bf7c,251,5,1,1,1,0,0,170,3,1,488.34466022067494
0.005,0,31,original_screening,2026081005,250601779,6af2676c6da5894c0b93813a89ee6f8dd6446fd765e5c0a881f4d3d5eeb40c06,299,7,0,0,0,0,1,18080,301,0,
0.005,0,32,original_screening,2026081005,250601779,54dccd3302fc2b4b1b737410ff50d808c7be79871c73ca1fd9ada7e57a659c92,297,7,1,1,1,0,0,63,1,1,550.069275829172
0.005,0,33,original_screening,2026081005,250601779,2771931b8ae916c461e9e86f6d4b16c5cd6dcb5223478ec3de9d20fbf74b7bb8,257,5,0,0,0,0,1,18080,301,0,
0.005,0,34,original_screening,2026081005,250601779,65a99db82bbe1a8e44f9a11d4fdf5b2b87ff5850ced72652c7852ca3307448b1,224,6,1,1,1,0,0,57,1,1,371.63483113812174
0.005,0,35,original_screening,2026081005,250601779,0f8b5ccb2756d245854380ed95d90db7228d79a1531af19234bc1d949bc57709,308,7,1,1,1,0,0,1219,20,1,689.2005003053257
0.005,0,36,original_screening,2026081005,250601779,d200560fab7cb01742cae278f4e977e594cb895058db8026c9d982681cac080f,299,5,0,0,0,0,1,18080,301,0,
0.005,0,37,original_screening,2026081005,250601779,94d74bf1115d7dc38c2a588a44b9879751a235fad0cf21bcfcd2fd811455e92b,322,5,1,1,1,0,0,3366,56,1,667.506080487979
0.005,0,38,original_screening,2026081005,250601779,f1ba6c53d333bb5d0a136d247764178a1ecaf664c220479f36d73f3c04b3e195,286,8,1,1,1,0,0,484,8,1,611.709691881362
0.005,0,39,original_screening,2026081005,250601779,30a6461ca470c65250dd465baf0ef9ccd9d89055b6a68a71df692ebfee9e2c73,289,6,1,1,1,0,0,1071,18,1,577.0049707358211
0.005,0,40,original_screening,2026081005,250601779,f105263aeb0b0efac1fdd703dea3e51f392a11cb50bd9ca25575ff1cf1a74b1a,281,8,1,1,1,0,0,179,3,1,594.965575260127
0.005,0,41,original_screening,2026081005,250601779,9871e125462687c61e229c099d4981061eba7bd2c3e680e12ea6bd31744551a4,251,7,1,1,1,0,0,306,5,1,531.5092584656256
0.005,0,42,original_screening,2026081005,250601779,d828627b9e924c7ea6a3499c9ffc04ed85dbeb18dd740be0b3d16425325f809c,263,7,1,1,1,0,0,406,7,1,538.5881135363916
0.005,0,43,original_screening,2026081005,250601779,d8e6a56333a0d5eada7f4de2bcd44515856c46ba12edc9edbfb18e117b3fffe0,327,5,0,0,0,0,1,18080,301,0,
0.005,0,44,original_screening,2026081005,250601779,2cc8f871d273a84c57717f37316124b4269d19b9bdad58e51c35dcf4c7828a08,274,7,1,1,1,0,0,581,10,1,542.9934586289985
0.005,0,45,original_screening,2026081005,250601779,fe499d31592c9bcd794ea5da2f86727d9b6675f0e87853481240346fd1f856a8,306,3,1,1,1,0,0,1177,20,1,606.3883786728596
0.005,0,46,original_screening,2026081005,250601779,5ce9fadb021109a3b1bee3e8bac7d722d00f0e48e72394eebcd8166198a7b9d9,282,7,1,1,1,0,0,1736,29,1,610.0352131029484
0.005,0,47,original_screening,2026081005,250601779,5d6b043f8d5f3cced23c8d76b7834c820512034d50c65d3fab4307e4a6015f12,284,8,1,1,1,0,0,2146,36,1,580.0328950493681
0.005,0,48,original_screening,2026081005,250601779,2496790ec0dffa4cd288beb7487a53317bde8e8f9dc273f40c3b6fa488e1ccef,312,8,1,1,1,0,0,2216,37,1,647.8224804550873
0.005,0,49,original_screening,2026081005,250601779,90c4c5f503a52db48350230dafb178f247277d35edc8031eed09ac8738d70729,278,4,0,0,0,0,1,18080,301,0,
0.005,0,50,original_screening,2026081005,250601779,d12c3bb1e2a2ac86d3c9eb5951a99a9f94bbb1d77de55186ea8a91b8e55d3352,292,7,1,1,1,0,0,4695,78,1,615.8177447066291
0.005,0,51,original_screening,2026081005,250601779,e2e46a6dfe19d4b26a1f063f2769f604f9ff1edaa8100c65beac9443a21e87fc,316,5,1,1,1,0,0,12260,204,1,669.0209028689984
0.005,0,52,original_screening,2026081005,250601779,8470cf22e4af6ec4291b77d03605e77964426e4e4d6f2d0a4be3d87e45de9897,232,5,1,1,1,0,0,111,2,1,458.91086841685546
0.005,0,53,original_screening,2026081005,250601779,a38cff4388ca5f8c6c2b2c6d5e764e76cbef1ca133d9bdfe450bdc7bf2cac70e,256,7,1,1,1,0,0,1625,27,1,569.8793325546084
0.005,0,54,original_screening,2026081005,250601779,fd0bf4d0c8e8d7de69f5aa86ba18268b4d4701b12a17e38d0d269bc75339c8f1,269,10,1,1,1,0,0,245,4,1,530.674351150321
0.005,0,55,original_screening,2026081005,250601779,5612709dd1b60ef0f2ae20f9b4d8936cbc72b4968cfaeb22f7963e8f44f77013,239,3,1,1,1,0,0,23,1,1,490.46099735929664
0.005,0,56,original_screening,2026081005,250601779,b15c6daddc336e21c6e77312ce39fea21257cd2bbacc3b7024c9d0d844d7a64f,278,2,1,1,1,0,0,60,1,1,484.6311791709874
0.005,0,57,original_screening,2026081005,250601779,91870104fb379b24cc54675ed0d9117e948557123aa20475ca1fcd543265da1d,282,7,1,1,1,0,0,1087,18,1,620.7886283423838
0.005,0,58,original_screening,2026081005,250601779,e5d8e19b070ab3c6b5773ca49866fe89b2ab0b4897bdae8c2fedf617dfb94d33,222,6,1,1,1,0,0,63,1,1,406.1448208775322
0.005,0,59,original_screening,2026081005,250601779,4d27f96ac52ee931a100922b2e1d4e760073a50c77df949b04c712421efeb203,292,6,1,1,1,0,0,424,7,1,632.2981663178634
0.005,0,60,original_screening,2026081005,250601779,0ce0483a21aa9c04e4a83d01f1648ffdc87b206e841e3a58013977a726245dee,299,6,0,0,0,0,1,18080,301,0,
0.005,0,61,original_screening,2026081005,250601779,76644893f50b95368c709dc3f08ffa4afaef1bb84ab66395b68497d3d59565b3,240,3,1,1,1,0,0,237,4,1,474.3751578682337
0.005,0,62,original_screening,2026081005,250601779,853beeb5b34c5d71786dd729f4f334ba563f70f52bcf41309e45548371e37755,298,3,1,1,1,0,0,60,1,1,524.918767314123
0.005,0,63,original_screening,2026081005,250601779,711d29e46cf3ccca7752f927a8dda616bbca459855aab1d6f0cf373241e5ae43,366,7,1,1,1,0,0,1155,19,1,757.9813303533351
0.005,0,64,original_screening,2026081005,250601779,5c371ec1282015b2f9734f51cd3aaa097dc498d890dd429edaf994acba90b507,228,5,1,1,1,0,0,102,2,1,446.98620699305167
0.005,0,65,original_screening,2026081005,250601779,9180cb696e6880370db3069b3f6f56f9f2b757613947b66af3bc930943984e42,220,7,1,1,1,0,0,951,16,1,476.154586157022
0.005,0,66,original_screening,2026081005,250601779,3126b38968879c9186ed9e8c0147f1ea5fca836aa3e8ca4ab52d11d22b711557,227,5,1,1,1,0,0,57,1,1,423.2888796823259
0.005,0,67,original_screening,2026081005,250601779,96dba576594cc75b187371192d727270822724126fd5a34e6efb0face5fb35a5,295,7,1,1,1,0,0,244,4,1,609.6186453250145
0.005,0,68,original_screening,2026081005,250601779,3a96dd43c62065d688d70f121933f5d9ee0d483e949b3aa4c20d5cbf2656b949,289,8,1,1,1,0,0,125,2,1,585.4749756069754
0.005,0,69,original_screening,2026081005,250601779,1fbd2b4965f28eeadfb9ccfd4303d8ed92d344443871c74c64e08295c463fc41,262,4,1,1,1,0,0,947,16,1,547.7132624825908
0.005,0,70,original_screening,2026081005,250601779,4ba3230ccb152e0c65460303c4042f5d0625f0e87708b9524848b0492b3c6ddf,240,4,1,1,1,0,0,97,2,1,445.7834780904336
0.005,0,71,original_screening,2026081005,250601779,fedfa4da0fb7a3d3491d4ddda1132797db9f5cfe516853dd6072b946b7e04794,252,7,1,1,1,0,0,306,5,1,460.2744134181474
0.005,0,72,original_screening,2026081005,250601779,8f8ec305ace3e4917a05da79d0e723f0d5771c0a991ee7fb767d1d27a0de969b,265,4,1,1,1,0,0,1555,26,1,519.9927982323513
0.005,0,73,original_screening,2026081005,250601779,3ec477e86db57b15c798820d59ccbcd539730a60a00c37d026cb73c6eba5f61e,272,5,1,1,1,0,0,128,2,1,548.9334987932534
0.005,0,74,original_screening,2026081005,250601779,2326141757fe9385ed86ed39502b9959debd84d2dc7a216b08a78ee406ca17dd,283,4,1,1,1,0,0,2094,35,1,601.279251294442
0.005,0,75,original_screening,2026081005,250601779,33aa37a4bb8748869f99e44cea5bc0a88c5ec098db87d4cf32e6211b7fa413c9,270,8,1,1,1,0,0,537,9,1,578.7255298111008
0.005,0,76,original_screening,2026081005,250601779,e38bd76d138d6b54c8e416573d6e6367d24b9d17f9b34c2aad717a164f950424,268,8,1,1,1,0,0,533,9,1,552.4872383850096
0.005,0,77,original_screening,2026081005,250601779,f3b8f7d97e179efcef349f7003008232c5a4f96eefbcb0ddee74d66c8bfaebd3,234,3,1,1,1,0,0,169,3,1,453.41561504960816
0.005,0,78,original_screening,2026081005,250601779,0b31493a4a8f1428ab908f4814690d01ea5e63a04c9aba5352363f2f27d2f542,286,5,1,1,1,0,0,6894,115,1,564.8815000617302
0.005,0,79,original_screening,2026081005,250601779,d44ba2898ab2a29890898e6a8bf3f6e867bb5be3c3ac1d95574957856756bd61,242,7,1,1,1,0,0,48,1,1,432.56297250765226
0.005,0,80,original_screening,2026081005,250601779,5ee180554fc6e50d8cdc61242606b8e9483de3bb87bef56480da418b857c6209,338,5,1,1,1,0,0,11704,195,1,747.693245098877
0.005,0,81,original_screening,2026081005,250601779,096056be8e4de4da5712c5364ba95f3578f0605476c3c301267eb148222a2ad3,290,4,1,1,1,0,0,72,1,1,531.9332164090051
0.005,0,82,original_screening,2026081005,250601779,2cdb16e7134f32935a4c54a541160cc844b3410ae41359663a22c6fc2ba396e1,308,7,1,1,1,0,0,1567,26,1,652.1837210036952
0.005,0,83,original_screening,2026081005,250601779,3b1280f7a8ee1a437eb705d30c0121e8260eaca7810ab151bd694bdfe7795230,295,6,1,1,1,0,0,834,14,1,660.7071065032237
0.005,0,84,original_screening,2026081005,250601779,42b2e2789ac7ce4e1941af17a807c5997ac0ccc79165ddbd4b2e3d9ebbb38824,279,7,1,1,1,0,0,6137,102,1,591.1925176434472
0.005,0,85,original_screening,2026081005,250601779,fe0a233a6c1ddb7a5a95794fb9fd7beb0136dfd462e8f1bcd284f626b9217d2b,280,7,1,1,1,0,0,2558,43,1,602.8307225033557
0.005,0,86,original_screening,2026081005,250601779,d7b05d03678527e4bbd524d9c36725ec10b77e5ced9b0f14973647f5e0fd6b90,300,3,1,1,1,0,0,1446,24,1,637.3202255185183
0.005,0,87,original_screening,2026081005,250601779,fdca8f1896ea584f430e744ddc2727a551b675c5add60f886a164719ffa75aad,246,6,1,1,1,0,0,172,3,1,431.045217075992
0.005,0,88,original_screening,2026081005,250601779,a22edf376ebac5c3bf5de0626b961cbdc2e4c70cbfaefb9ba497decb028fd6c5,253,4,1,1,1,0,0,342,6,1,510.2991639552277
0.005,0,89,original_screening,2026081005,250601779,110c40a4a01f836780777dbd0558e933cf3550561f5d426d34266091e3c70bf2,312,4,1,1,1,0,0,832,14,1,640.074927836609
0.005,0,90,original_screening,2026081005,250601779,7f2401a2fad0aa5d7f131ff4cbf3b5f11a98df3a11db4b7718e08ae8af024f45,267,8,1,1,1,0,0,1151,19,1,561.1191145347631
0.005,0,91,original_screening,2026081005,250601779,61584f7e8989480bf82a1cb0fbee0303255c1d16d7ee743181eedadc32089049,249,5,1,1,1,0,0,468,8,1,485.0586645986158
0.005,0,92,original_screening,2026081005,250601779,9a8663919a88adbcdb39b18fc8ebecbf38b7c5330a581f81f9e6d50725cda3cb,289,6,1,1,1,0,0,1276,21,1,594.4896851959234
0.005,0,93,original_screening,2026081005,250601779,a1fc01f8bff1e14c8058d8ffc317cd081c1d633a468e22831e645827163fba72,251,6,1,1,1,0,0,113,2,1,453.726315458406
0.005,0,94,original_screening,2026081005,250601779,4edc6af85402734e3c6c407d139503eaf9d9363102f529eee9c4a2d26069c252,237,8,1,1,1,0,0,946,16,1,507.75076572351554
0.005,0,95,original_screening,2026081005,250601779,1e72bdba2fb746fc02e8045d548f92e8325ab10dfc69f31a45740a1c618a498f,271,5,1,1,1,0,0,14347,239,1,590.1210203433814
0.005,0,96,original_screening,2026081005,250601779,51f5d4bfe03d28b6370adb21baa3d90efe5b16a2d6d8e9febc5546a2844db5b2,309,6,1,1,1,0,0,57,1,1,487.68507886337045
0.005,0,97,original_screening,2026081005,250601779,6799446c2f75b5b77c76bbf1c2de9ef1e9ee33444796a8ccb305c6a44f68ba51,279,6,1,1,1,0,0,75,1,1,478.90843724972444
0.005,0,98,original_screening,2026081005,250601779,b9316efa9b5e291549c1eef390c7a2982dc7b30d38bbd1d7d4d58ed66fd665a1,296,7,1,1,1,0,0,65,1,1,500.40773985607643
0.005,0,99,original_screening,2026081005,250601779,d44e474d35802152968a12183ad35185bd766c061142d1249c6a18d212a7276d,195,4,1,1,1,0,0,47,1,1,357.78484901883496
0.005,0,100,original_screening,2026081005,250601779,bb7e5b1c548e2502c459a525f0d6ad7ba974ac7164d4919b773502925fa93d56,227,9,1,1,1,0,0,50,1,1,411.71716983422607
0.005,0,101,original_screening,2026081005,250601779,bdd772d6920527e7f65fd25e13879aeccafaa6bfc8a15df8c59469412839bb57,318,7,1,1,1,0,0,3235,54,1,643.0321250685653
0.005,0,102,original_screening,2026081005,250601779,56b83cc77a54b1896285968d0faa8deceda2e861b56beeb7e54c90415fadc59c,299,6,1,1,1,0,0,80,1,1,520.6411626340482
0.005,0,103,original_screening,2026081005,250601779,fd8ff41ad89e303d13a0573ce1f95a7daf550f9256fb92285fef2a4d31d24d01,208,6,1,1,1,0,0,904,15,1,440.1866122270602
0.005,0,104,original_screening,2026081005,250601779,f368fa08f748f51c92335eadef478bb3d6ce715206d5f3652276807dd43dde88,289,5,1,1,1,0,0,70,1,1,490.24122047188814
0.005,0,105,original_screening,2026081005,250601779,3e905d2c1fa291cdc487ab65a3c7dd65545498e20bb365c3954e9216c0c41aca,251,5,1,1,1,0,0,830,14,1,572.2748768495553
0.005,0,106,original_screening,2026081005,250601779,731e23a38925439ef5cb55cc37ccbf2fbc87f0fd8c9e87582b082018ddafb2f9,229,7,1,1,1,0,0,46,1,1,449.4358629407627
0.005,0,107,original_screening,2026081005,250601779,8619dc075af370dd5ec38f68e166c8e995bfe6245e9c1a82701d641a4aa90036,287,5,1,1,1,0,0,479,8,1,575.7366423926275
0.005,0,108,original_screening,2026081005,250601779,b40969058d39843a83baf47658eaf0d3b30c639caa0f4a98a2203ba900acc945,309,5,0,0,0,0,1,18080,301,0,
0.005,0,109,original_screening,2026081005,250601779,851082a47b5376ef93b58e75d879dbf2c87746a1ff779ff8344a1bd54da187e5,242,5,1,1,1,0,0,132,2,1,453.1940431042407
0.005,0,110,original_screening,2026081005,250601779,2a1de831fefa93ee7488ab6668d934a124f311a6a9e4752e5e35f2ac1b8fb957,258,4,1,1,1,0,0,53,1,1,461.9261942468411
0.005,0,111,original_screening,2026081005,250601779,cd14f1febc885a3b97c82742b35c0423319eb0b75cc5b6944f2e74b8bc41a666,330,5,1,1,1,0,0,76,1,1,545.5969304436273
0.005,0,112,original_screening,2026081005,250601779,a7b28c1df21d237aa6447e2e5b5aca12ccfe534323f1d116efdef95748a668eb,277,7,1,1,1,0,0,528,9,1,544.8331168553792
0.005,0,113,original_screening,2026081005,250601779,2f18cb3b5419772899f8a10f6b30e9b26b1b9b7912e2a0e22c510ae58ac01537,265,2,1,1,1,0,0,771,13,1,564.2076901100966
0.005,0,114,original_screening,2026081005,250601779,e0a9ab44e434c24ce86d95031f37b920f4fc701aa457ec02ead5e752cae223a2,272,3,0,0,0,0,1,18080,301,0,
0.005,0,115,original_screening,2026081005,250601779,fc4875f2fa669d2dc26ce99e582fcf36c802420b102b79f560f68b1033099d20,241,7,1,1,1,0,0,1361,23,1,581.1342768970723
0.005,0,116,original_screening,2026081005,250601779,1c027c8dfda973498ad96248079987257e7dfcb5a2a31b7a0614b7b15ba4e912,232,5,1,1,1,0,0,309,5,1,488.1787039530135
0.005,0,117,original_screening,2026081005,250601779,7b52b00ceb94b4d60b3bc5f4b1fb29bd77a519d91f83800c68ac0a6b4a76d5e6,263,7,1,1,1,0,0,179,3,1,452.7324719407063
0.005,0,118,original_screening,2026081005,250601779,a2d27a382244d5c06d63e646a71ddf066a3315a229a53af08ec23fcc8728af84,288,6,1,1,1,0,0,132,2,1,564.4351289287381
0.005,0,119,original_screening,2026081005,250601779,e8699f77333c93aaff662dc2d9e13515431f83de27039877c7014f4921710c99,275,6,1,1,1,0,0,3673,61,1,590.7257562630596
0.005,0,120,original_screening,2026081005,250601779,dd056f04f455b66596f6d6229ba30136cc16e0958009d493b9ed812689de9161,294,9,1,1,1,0,0,348,6,1,552.861541839445
0.005,0,121,original_screening,2026081005,250601779,6e5c184c24d2d0fe74671bcc6f5d6a0f04fc71ed5c9dbcdcbcae977c98a2c0b1,244,6,1,1,1,0,0,112,2,1,508.97714822900053
0.005,0,122,original_screening,2026081005,250601779,cc5b2a4df33e945ee3f11462d1d7854179949a8541444f841f3b5e9bf6fd669b,262,7,1,1,1,0,0,3959,66,1,548.3197201671791
0.005,0,123,original_screening,2026081005,250601779,fbba152117728ef126e8cfd66e7ee33634c82a1fc223edfeed741691f6304274,306,6,1,1,1,0,0,883,15,1,642.6873223891439
0.005,0,124,original_screening,2026081005,250601779,29744ed41a6eb44ad2245904eba80e89cf4517aec8d53023c7bba5a093499a5b,292,6,1,1,1,0,0,303,5,1,598.4030853822187
0.005,0,125,original_screening,2026081005,250601779,f5900ea29076c25445786eaedb768dce948c40f350461105467a9c3a038aadc8,277,6,0,1,0,0,1,18080,301,0,
0.005,0,126,original_screening,2026081005,250601779,e53b04aafddb3cda228944f131309ced75ebe8e4262028983b6ff14b158ca06c,232,7,1,1,1,0,0,79,1,1,441.2261439041114
0.005,0,127,original_screening,2026081005,250601779,a1e257e4cb951b449f8daf464597fa5ac90689c045f767b3a2f65144c31b810a,261,6,1,1,1,0,0,55,1,1,471.6202908843876
0.005,0,128,original_screening,2026081005,250601779,9a336767ab7be995e9c7ef0dd7df2c98ef85d3eb5c735e5de073cc2f71915eb3,276,4,1,1,1,0,0,1537,26,1,555.8074064652019
0.005,0,129,original_screening,2026081005,250601779,a07b99a6d793eb6fc489cd2f92343237b9ef6dca820ab113ce77eec97c98692d,239,8,1,1,1,0,0,39,1,1,429.72087578946514
0.005,0,130,original_screening,2026081005,250601779,2dd45c35427ce010181b403fa780b1fccd8a68ff9173fb0734196602d1c1f103,292,5,1,1,1,0,0,2655,44,1,569.8596050744017
0.005,0,131,original_screening,2026081005,250601779,9ad9719dd22da062918b2a27279f86a35d0141cebf07d2936c29757129a7f89b,301,9,0,0,0,0,1,18080,301,0,
0.005,0,132,original_screening,2026081005,250601779,e3a153898eb13e6e458cdee22f60029f28284a17965e718793d0c7fb4bbd8cdd,337,8,1,1,1,0,0,1327,22,1,677.8958863859618
0.005,0,133,original_screening,2026081005,250601779,9a6ff272565976bc99f8bd3826a5f4acac3814ce713b694dcdd6615aeb2513ce,266,4,1,1,1,0,0,317,5,1,557.8020103691465
0.005,0,134,original_screening,2026081005,250601779,3e42eb2cc533bc83ce9bb653fcddb2f0059cba7c518683f32e96f5149e062a4e,291,5,1,1,1,0,0,2524,42,1,707.5786816625654
0.005,0,135,original_screening,2026081005,250601779,c2f4e3a51d922be90e65ab8a68bf0081aa2ce0159a8d38bfbdc0af04ec4999bf,246,7,1,1,1,0,0,353,6,1,521.6073482266975
0.005,0,136,original_screening,2026081005,250601779,6d0099448c29227752989a356dc63866c1fa0f1f692900dc2cf7b80b8d98365b,284,5,1,1,1,0,0,548,9,1,557.0001540184355
0.005,0,137,original_screening,2026081005,250601779,e95e72db3e9d6cd1bdad3bb3df47c2db2c527f1445c5163f5cf5bc7b6cb5b400,328,5,0,0,0,0,1,18080,301,0,
0.005,0,138,original_screening,2026081005,250601779,90e0dbfa3a5ece4241c56d0b169c1e53187df0f362e9cae398eddc03fe1b3813,280,8,1,1,1,0,0,2660,44,1,579.1248905139303
0.005,0,139,original_screening,2026081005,250601779,0d510271378f3fbb5144f67478afc39948215e9a34ad4fb62c55a39dcef380c2,281,6,1,1,1,0,0,80,1,1,523.8326227862623
0.005,0,140,original_screening,2026081005,250601779,937ca9eca094bc8b89be93b814e1ec26972fa60eff498f73e6572582c8db5039,277,5,1,1,1,0,0,1435,24,1,600.8212030013088
0.005,0,141,original_screening,2026081005,250601779,e61a8fd66fa8274d2dfd4f860fc0272e190f9ca985e158f5604c02d57e9da5e7,279,7,1,1,1,0,0,1009,17,1,590.3485926676966
0.005,0,142,original_screening,2026081005,250601779,7ab32929891289666eac9090d64398ea62095a6f3e600c410c20c7bc81b64271,316,5,1,1,1,0,0,1396,23,1,671.9722443528303
0.005,0,143,original_screening,2026081005,250601779,39088494642202b5f48375d1c5d05486651695562413ba9117aea3e661b94940,279,6,1,1,1,0,0,499,8,1,551.1087763384942
0.005,0,144,original_screening,2026081005,250601779,6ccb6256bf20bbd7af1b7586009d6a37d0a2c4a9e6c75d6894b5fdd88a4c079e,282,2,1,1,1,0,0,126,2,1,587.0454337472213
0.005,0,145,original_screening,2026081005,250601779,44fbfefb124f10844f57b0d0d58536bc859a0ce5fb8024d65ec53b2fe64a4bf7,257,8,1,1,1,0,0,337,6,1,490.1992060099407
0.005,0,146,original_screening,2026081005,250601779,ea401d36c878332a14fd6ba7320e0f89d47f461019cc2f14ae2fbc4b21d131a3,285,5,1,1,1,0,0,113,2,1,536.4170954301177
0.005,0,147,original_screening,2026081005,250601779,877df6070784dde45d9065bc5ee17ef5f30030d4204ff929caed177e0206a5e6,320,7,0,0,0,0,1,18080,301,0,
0.005,0,148,original_screening,2026081005,250601779,b2feb3d3b9e7d15037f47c8bc02cc7ac2ea501996f910055c7fde64c2d0f3450,271,5,1,1,1,0,0,1812,30,1,609.6499003125111
0.005,0,149,original_screening,2026081005,250601779,6bf0b078547144f7b42c1e4408003ade4d232f2dd2fc54191a3daf784c0d0c45,270,5,1,1,1,0,0,71,1,1,502.0049189524041
0.005,0,150,original_screening,2026081005,250601779,c1bd9efcaa7ca34ea4d8819ddc9eae87dfd07b4330adb17c9b155ce93695a7b9,256,7,1,1,1,0,0,482,8,1,542.0785555717728
0.005,0,151,original_screening,2026081005,250601779,de43c2521e2361bd4319ec1e444d2bfcf6b8d117afa8b5e533889b284ea52c1b,315,7,1,1,1,0,0,3727,62,1,653.4880336384806
0.005,0,152,original_screening,2026081005,250601779,23200bebf82b5c25b4848e1bf14f1fb6227621f8929dcad1fbbf19d9cc491a07,315,6,1,1,1,0,0,608,10,1,587.0417371311548
0.005,0,153,original_screening,2026081005,250601779,86c76120d08cc6c1725eab772f7a850043c52e4865cd27f57c62d9fd1a48dff4,299,8,1,1,1,0,0,764,13,1,636.5548090205643
0.005,0,154,original_screening,2026081005,250601779,742af85e5007396ced4a4157a0a6d1c64a170163e7603395007887100f0c6e2e,313,6,1,1,1,0,0,2038,34,1,620.7825248184671
0.005,0,155,original_screening,2026081005,250601779,fc8c39dbb56b03b1d15127a9297fdadd563920f3699793998a05637f7ac494d1,286,6,1,1,1,0,0,558,9,1,564.1238159191821
0.005,0,156,original_screening,2026081005,250601779,a1cc85488651792d2a8ac5a0bd668a8448c863c6b9f1ebb26af64a55e518bd29,301,6,1,1,1,0,0,364,6,1,638.3810138761581
0.005,0,157,original_screening,2026081005,250601779,8da83943c149185df86e3479fc12d870c44b7518438a18aa9c67eb750b7ffa64,295,5,1,1,1,0,0,287,5,1,631.4691181227796
0.005,0,158,original_screening,2026081005,250601779,fed6ef7cdf655ff2aba1923e748c9d1a69baf5e3db061887b871d640f50c6523,239,7,1,1,1,0,0,412,7,1,489.89357324882974
0.005,0,159,original_screening,2026081005,250601779,dd673ff72be3537513eb88b4e29377e7d071264364ddb2f9b5466846fb8bc6b4,293,5,1,1,1,0,0,5820,97,1,635.1537223390644
0.005,0,160,original_screening,2026081005,250601779,ee113703bacc1c11a7ca41226b9aa57362310c142456bd8c7ed820ed2400f87a,272,6,1,1,1,0,0,16217,270,1,628.1884796491676
0.005,0,161,original_screening,2026081005,250601779,9be7567e2cda4607d49b2f485935dde6e6dec5ac3dbcf307b77729b114fce263,296,5,1,1,1,0,0,5380,90,1,590.5415577967019
0.005,0,162,original_screening,2026081005,250601779,2dd83721527301e4ce17201fcbacaa09ee6e9f3c9ca288251dffadf1d91320c8,255,4,1,1,1,0,0,2097,35,1,545.5268758889667
0.005,0,163,original_screening,2026081005,250601779,ce71688c2bbf591e32eac63a44f3e6b9dc2ca8f158f1203ce1af8ef05bb4a198,282,7,0,0,0,0,1,18080,301,0,
0.005,0,164,original_screening,2026081005,250601779,2c15df3bc1c657d64283e68e8662f4542fd0fb2a786709fbf6fbdb00148a4a25,318,7,0,0,0,0,1,18080,301,0,
0.005,0,165,original_screening,2026081005,250601779,ffd1ea1309a371c8f6f07b9577e039722be59e170ec5f4484391c2e2db4fb321,301,6,1,1,1,0,0,12354,206,1,646.6515909526576
0.005,0,166,original_screening,2026081005,250601779,7e04e9a68b0a507f63470532299648a609087de3d566ad588c1f95a254ffc64c,302,6,1,1,1,0,0,916,15,1,651.8036984760586
0.005,0,167,original_screening,2026081005,250601779,cac1f29e89f2d6d635c2429bdca9c5111c881b9aa40469b1a4c154944fbe168b,255,2,1,1,1,0,0,130,2,1,517.7983795029025
0.005,0,168,original_screening,2026081005,250601779,09a2a500ad49b995240cb6ed6b99ccaa2c0a67a461dfa200fad77efff253bdf5,263,5,1,1,1,0,0,228,4,1,512.391882833395
0.005,0,169,original_screening,2026081005,250601779,833c36bfa9f1934781c578d6502479fc4744c885b2034de1ef8c50aee8ccb213,246,6,1,1,1,0,0,291,5,1,497.8945767020018
0.005,0,170,original_screening,2026081005,250601779,c3f7c277f246421d990d168c43fd48693dbc47c5dadc1570b89113002c05ebed,265,8,1,1,1,0,0,54,1,1,521.0338109382049
0.005,0,171,original_screening,2026081005,250601779,aed52bf40a1a658c55fa0f8537e00783b9bcdc799e2ea983fd532a858cec869d,265,8,1,1,1,0,0,69,1,1,473.47133201425453
0.005,0,172,original_screening,2026081005,250601779,7212d367794e852194bb86aa3226e7820f8637620febb30ed57dfc0b07ecc065,268,4,1,1,1,0,0,342,6,1,532.1748953158948
0.005,0,173,original_screening,2026081005,250601779,f30fd46832af1841e5a5f19a4edd1a7c8c66052aecf9be16dde63ce073c94fd2,285,7,1,1,1,0,0,348,6,1,611.1680824005465
0.005,0,174,original_screening,2026081005,250601779,c29c738e2634b6c78798e6b0c1f6f6e187fb1cc27f2bd89ecb8b84dc92333f86,327,10,1,1,1,0,0,14775,246,1,701.3949498446352
0.005,0,175,original_screening,2026081005,250601779,8b4df52bb91082329e07c776471a67895c3d15720aa7a161d63fb106d48c0d40,268,3,1,1,1,0,0,182,3,1,556.9536920796936
0.005,0,176,original_screening,2026081005,250601779,790b4a6eb5ef7de23bd480ba3b3daec5361183ee669b5e677d0f4eca38d76c78,310,8,1,1,1,0,0,665,11,1,629.979874783313
0.005,0,177,original_screening,2026081005,250601779,2eb0d4e58150d8dc8d419b868308ec7f5cbc4bea0207aa706214ecd046acfdac,295,3,1,1,1,0,0,311,5,1,668.5833542203546
0.005,0,178,original_screening,2026081005,250601779,fb966ab532e4f58f05d9a93e3f8a6537e73f2ab61f2d39857426d4b51a8a80ca,196,6,1,1,1,0,0,434,7,1,370.61237316040035
0.005,0,179,original_screening,2026081005,250601779,68d6d58bf2bd14f3ea6a68644da9467d7ab5b1ed0a035caa69f5a2f9ccde539c,291,6,1,1,1,0,0,732,12,1,595.8245734250597
0.005,0,180,original_screening,2026081005,250601779,5f20294f8b318084100c1e9c4ba2bc59607875cc4d0d992bbf3edb24e63950d7,254,6,1,1,1,0,0,8897,148,1,598.3854272547328
0.005,0,181,original_screening,2026081005,250601779,9300ba475558a2d2ee26ab01835babb5b1afe28274877e26b0e75f4b83de6236,268,3,1,1,1,0,0,1380,23,1,549.208697563737
0.005,0,182,original_screening,2026081005,250601779,bb954e9fc985aca669542922b0ee9d6cfc17d4a93f05d336f685aab20c86fd89,242,9,1,1,1,0,0,253,4,1,496.61315988628917
0.005,0,183,original_screening,2026081005,250601779,2d5d4c7e3e642c9a6a7e9b8f91eb5fc4fb92c27d215a22a367664250f5c88f20,263,6,1,1,1,0,0,108,2,1,492.35141616309346
0.005,0,184,original_screening,2026081005,250601779,dce7869eb32732dcc538ec27097fcae46e3baaf96e8968db7dded45a4f428570,296,6,1,1,1,0,0,1307,22,1,633.5422689609568
0.005,0,185,original_screening,2026081005,250601779,b571f3c9c04c0a7ac3337514bc7a4b07edb1082248e22dc5f630aa11cf4bff5a,310,9,0,0,0,0,1,18080,301,0,
0.005,0,186,original_screening,2026081005,250601779,4e1dbf8e61b4d09bbfe6a120ef1d229d149ba21ac069b69648eacb4f76626a62,276,5,1,1,1,0,0,48,1,1,536.3085227684637
0.005,0,187,original_screening,2026081005,250601779,212f1ebd486d944875fc7992b2f5b9837702704e185da977deb22da681d52c5a,365,5,1,1,1,0,0,1124,19,1,713.4747725545462
0.005,0,188,original_screening,2026081005,250601779,6a5029b4705b3157f00c80359a7a6c2d91f58db4fc6398d7cbe23853bf986cc5,280,5,1,1,1,0,0,3224,54,1,549.3784294248937
0.005,0,189,original_screening,2026081005,250601779,0a3eb4136807f0c3cabed553b4d784a18a9717ab542b3dccff5aa1eb93f7c79e,306,7,1,1,1,0,0,2584,43,1,656.778154785728
0.005,0,190,original_screening,2026081005,250601779,3a3047fe3472481f3ceac9c18a2f6d0b4089573bccec5219ec8ab4e924f34180,267,5,1,1,1,0,0,169,3,1,514.5445616204106
0.005,0,191,original_screening,2026081005,250601779,6970e103b3cbf9206fe3d689d012049ae90136fded54a0e57ad79c2fcb3df107,271,7,1,1,1,0,0,70,1,1,460.51454320473727
0.005,0,192,original_screening,2026081005,250601779,69217961e413cfbfe24d7dc9d629f6e88f0d0c383e982da7bb45a15fbd572416,274,8,1,1,1,0,0,912,15,1,594.4803270646333
0.005,0,193,original_screening,2026081005,250601779,19e9cca6276c52920bf92ec6f688d84024359946eae4710bf98bc5e648cdf2aa,311,7,1,1,1,0,0,1968,33,1,608.8432647320631
0.005,0,194,original_screening,2026081005,250601779,33c9ed9ebf8d763fe04ba48b0c854dd8115a10622e7396282568c90edfabd8d8,294,7,1,1,1,0,0,3718,62,1,623.5721507756402
0.005,0,195,original_screening,2026081005,250601779,f0d11cbbdc4fba51f6754db10f8297c400807340b7c674f73614441d130752f4,280,6,1,1,1,0,0,2586,43,1,571.8278629687618
0.005,0,196,original_screening,2026081005,250601779,436ac4e0a428b1dd982e7ac9cef7ca491d0b96a9d9222a176464303e0672e947,308,8,1,1,1,0,0,5476,91,1,668.2234963690647
0.005,0,197,original_screening,2026081005,250601779,ab6ea8b03e608e8a32a56e3d2dbba16e7a3b207824ca08a339804eb7630fa85a,310,4,1,1,1,0,0,6412,107,1,663.2381303670395
0.005,0,198,original_screening,2026081005,250601779,ee6728c8132fc61c83fd619396cf657c6c5b44d756c0845673d2efe79aecbdb6,287,4,1,1,1,0,0,2275,38,1,644.8281135264375
0.005,0,199,original_screening,2026081005,250601779,0b84329bc4286d2048f6e31c0b9b5a93ed713027ef69a9cd5639b49457db65a5,271,6,1,1,1,0,0,1878,31,1,581.9693477015592
0.005,0,200,original_screening,2026081005,250601779,51ad9f5b8b2622e84d68dac7feaf2ee8d57456a1b0bd4f9b773f81ff9f657270,356,9,1,1,1,0,0,5397,90,1,759.5505487284954
0.005,0,201,original_screening,2026081005,250601779,efeaf625fe9c51d80644b207f33defda5260e51d397cbb84453a48e3f65c6342,241,6,1,1,1,0,0,130,2,1,483.99545960479355
0.005,0,202,original_screening,2026081005,250601779,397f2bed0e726e87050fe13efa31481668809751f2437cba5c47cb47715bd058,236,4,1,1,1,0,0,360,6,1,506.7846347515679
0.005,0,203,original_screening,2026081005,250601779,a7fb0143c8ab90af6a8c75432a4c40bef98c4aef791cd86877074ccd970f164f,260,7,1,1,1,0,0,487,8,1,599.1387039405923
0.005,0,204,original_screening,2026081005,250601779,213000dc1764a7e675d01007a6efd0ced50b928a4139b6ba04cfc4c9438582a9,267,4,1,1,1,0,0,79,1,1,450.97667359607203
0.005,0,205,original_screening,2026081005,250601779,7625aae631c00de61cd9bd265d21444a89df9b2a0663631176afd07f08069c3e,248,5,1,1,1,0,0,57,1,1,446.1103781369774
0.005,0,206,original_screening,2026081005,250601779,c9ea0ab289a2350086dba44f0d846ee302dfd1fadddc70a2fec6849575e9fd03,294,6,0,0,0,0,1,18080,301,0,
0.005,0,207,original_screening,2026081005,250601779,787163d8297463d5f86bbe01b08455241a81115f3ebd5cb4855c2de96165c6e2,277,6,1,1,1,0,0,1939,32,1,564.827987080834
0.005,0,208,original_screening,2026081005,250601779,5eaeed4aaf8f50876633509a7b91fe051075b50dfe1014eb88ba25a1130a2c45,268,6,1,1,1,0,0,240,4,1,535.5217660213052
0.005,0,209,original_screening,2026081005,250601779,2ed119f66b7c66797818c9f9ad6b9452bdcd6c34a86d56b93f85994c08542d72,316,6,1,1,1,0,0,831,14,1,655.9512388710849
0.005,0,210,original_screening,2026081005,250601779,ab6f50f016b2dbaacf05c7d86dc592833e590e5e72655f5391242596ddbb9e1a,288,5,1,1,1,0,0,2267,38,1,603.2701247505022
0.005,0,211,original_screening,2026081005,250601779,a3ed46bc5020b482b43f5f89feb1786e7baa63a26ed21f2a768464f26362dd41,238,7,1,1,1,0,0,31,1,1,400.8490058970383
0.005,0,212,original_screening,2026081005,250601779,72ac48a67bd1190d2b99bed1c9d280d6d5883d2a2753564db90b09d30add9383,230,6,1,1,1,0,0,221,4,1,439.4721796243128
0.005,0,213,original_screening,2026081005,250601779,48aae56e66cbe8aad37b1a6d9369487d1650ded6e6a6e082a7c500434c337169,282,3,1,1,1,0,0,710,12,1,545.9391888963193
0.005,0,214,original_screening,2026081005,250601779,ed7f86d944a5954aec8deecc88fcf68d5ca902c7e86e0cb4b13cbe0fdda1d371,250,6,1,1,1,0,0,109,2,1,462.20826513939716
0.005,0,215,original_screening,2026081005,250601779,c05cb6f732416bd1176b94eb8a019629e6df79f0bddd535b253d96fbbc43ea70,290,8,1,1,1,0,0,124,2,1,559.3930703142245
0.005,0,216,original_screening,2026081005,250601779,303f25c36fa4740d32a3b2ada7689de9dc7b3a23c52378d05889e2195da192a7,253,5,1,1,1,0,0,116,2,1,472.0157204653642
0.005,0,217,original_screening,2026081005,250601779,4ab6c628900d39ad0ecb348bbe63ad1f5dbbef8c877497e866ff1ffd3c42980f,287,5,1,1,1,0,0,706,12,1,574.1247755718149
0.005,0,218,original_screening,2026081005,250601779,20cdc1709ab3dc89c3a023e39c186421f4636307117e1216e1a08f6693cccad1,254,6,1,1,1,0,0,374,6,1,555.0439100412077
0.005,0,219,original_screening,2026081005,250601779,0ed0221f2682aa7233277028ad7517ef7279e88161a0263af8522d31f388506c,260,5,1,1,1,0,0,612,10,1,517.0484571086664
0.005,0,220,original_screening,2026081005,250601779,1e5429746cbb2c9ad7f0d8a0b53fcea9dbde8fc226fcec29038ac30e1bb35e26,278,4,1,1,1,0,0,5271,88,1,604.9811885559043
0.005,0,221,original_screening,2026081005,250601779,abfa4febb11c8f4133a091c4970ad820a26fe42b01e4f4efc037c8547ce07b53,293,6,1,1,1,0,0,115,2,1,586.203097521788
0.005,0,222,original_screening,2026081005,250601779,916489273e5dac1fbeb4800f992172e90112cbc2ed315bf8fedc665c03e8b633,266,7,1,1,1,0,0,14116,235,1,577.8771702273643
0.005,0,223,original_screening,2026081005,250601779,b5a29ba605e9d2d5093720e993652413310aaa086803bdf595c807d0c09beb74,284,5,1,1,1,0,0,3434,57,1,569.4051629851949
0.005,0,224,original_screening,2026081005,250601779,1eaa7be4f585dfe7ac337265f1ed438edbc6b86292f62e3d5e026bd13d856b19,273,5,1,1,1,0,0,136,2,1,492.6975620686378
0.005,0,225,original_screening,2026081005,250601779,7b0b8fc563d6eacd564f9478cbfe55165bdfd4cd4508860cfb2e09106725058c,301,6,1,1,1,0,0,15835,264,1,612.7626499844405
0.005,0,226,original_screening,2026081005,250601779,bcf183497c417707173db8b846deefb8133a1b75572fe85a7058d6742973d3a7,316,7,1,1,1,0,0,2840,47,1,633.7407302267272
0.005,0,227,original_screening,2026081005,250601779,b35958e939dcae48ac8fa39f59d4ed14a0cfae38fc5aa0fbb5500622e4a66b8a,287,7,1,1,1,0,0,105,2,1,503.424332096018
0.005,0,228,original_screening,2026081005,250601779,314ff4763a2bd7ac1b6f04acbfe93fee1d6fa6298effe9514ecb290f16a7dfe1,245,4,1,1,1,0,0,59,1,1,423.839051866782
0.005,0,229,original_screening,2026081005,250601779,905315481799d5f767fe3bde6506f9a307707ed989f0ba35d6ba1fd0b6d142ce,326,9,1,1,1,0,0,9293,155,1,644.2719687876801
0.005,0,230,original_screening,2026081005,250601779,8a504d4ed31cb3e4261aa415b2bc2aab5055bd01da05bcf64efcf9acc9b02dee,273,4,1,1,1,0,0,1016,17,1,541.6604051405055
0.005,0,231,original_screening,2026081005,250601779,3ae6c3099c6b6ef328f49ee8784c78fd5349f7d9956eef24637a3cf454c482d9,296,8,1,1,1,0,0,5715,95,1,627.0714653157997
0.005,0,232,original_screening,2026081005,250601779,d2a594995ab79a6cc6c5560ecba94f5ec5aa7aa249c5c71c6726ef4ed87dd0aa,332,3,1,1,1,0,0,4367,73,1,664.7968272866385
0.005,0,233,original_screening,2026081005,250601779,d480a42aeb3a241f9dafddab646b4bb68bf58f7c17dd584461258c01755d1cfc,294,6,1,1,1,0,0,4379,73,1,620.5869981751312
0.005,0,234,original_screening,2026081005,250601779,efaaf1a6264febb8716c4d8d03d8ba118e59b2757a97eae4dba6bdec16bc5b1b,283,6,1,1,1,0,0,958,16,1,634.4837014817905
0.005,0,235,original_screening,2026081005,250601779,986d387db333cb4b4bbd8790e4ebe9c4a2415b6ee188dddcb1d9f88e99c182c9,244,4,1,1,1,0,0,80,1,1,486.77531657443296
0.005,0,236,original_screening,2026081005,250601779,fa453824fc64af43aa34d7503556d19b321751b77c7d11d99dd8cc4c3cc7c8f1,329,7,0,0,0,0,1,18080,301,0,
0.005,0,237,original_screening,2026081005,250601779,b2adddd9ed1e6044efd06f6a53af058e93b19cc05b2e901f60e67c115cd80cdf,262,6,1,1,1,0,0,10817,180,1,608.8440726646929
0.005,0,238,original_screening,2026081005,250601779,38ab35dcf9984667f7a0edd4110f846662ee4a9a70914fce22d9c53223f863da,265,7,1,1,1,0,0,316,5,1,567.8784681691895
0.005,0,239,original_screening,2026081005,250601779,1ec4433995617086393a45c338c2b8ccb508426f7d9fa60486e76e94e42f8e8b,235,6,1,1,1,0,0,47,1,1,394.15842912440417
0.005,0,240,original_screening,2026081005,250601779,4d36e5d4e6deff6ea6177b133368b02b5e7fca3b23eb86707695b0c7938f96d0,348,6,0,0,0,0,1,18080,301,0,
0.005,0,241,original_screening,2026081005,250601779,2a78e9d4eb91013691ef30c9a07a025e5e88cfd65eb274a3ac3d0a9693a960f1,293,5,1,1,1,0,0,366,6,1,640.1608176514831
0.005,0,242,original_screening,2026081005,250601779,4c030494b9345383da94b81e64e048c7d4ead1168b064a9f9af2ff214b9717ab,291,4,1,1,1,0,0,966,16,1,565.9318437840545
0.005,0,243,original_screening,2026081005,250601779,1454d626d7abbdd5691af7fb3ae62f91d81202ab361bf4591d8acf86f11e4749,344,4,1,1,1,0,0,5878,98,1,714.8699871603069
0.005,0,244,original_screening,2026081005,250601779,5fe51f661509335875ca98484da472c57ed7eb070cc7301b713d2b0feadabcab,249,7,1,1,1,0,0,62,1,1,458.1889597445912
0.005,0,245,original_screening,2026081005,250601779,3b09ced80a8a8c1544ff11dc94229447708aa6039a9379d0825e3af20715bdbc,292,2,1,1,1,0,0,47,1,1,503.76412405989265
0.005,0,246,original_screening,2026081005,250601779,850599795a7b66ab715cec225c91cec1e5fd7ea31c6ba1dda3df638ddecff5f2,270,4,1,1,1,0,0,195,3,1,500.8930242354271
0.005,0,247,original_screening,2026081005,250601779,92645d02d9399b641b748a544744dcf06295f65f18ead7b183837e2c783b0bd9,273,8,1,1,1,0,0,404,7,1,586.891907429366
0.005,0,248,original_screening,2026081005,250601779,108d248781e0aa0042854b4187e1c812baa7d0236727c21b706a993e2a367020,338,7,1,1,1,0,0,2535,42,1,726.4483296272319
0.005,0,249,original_screening,2026081005,250601779,106ec434ecedea953bc3ea53cf820bcb0d5ea4bc465f8912e57e648fb7660514,278,6,1,1,1,0,0,12241,204,1,587.1998996687362
0.005,0,250,original_screening,2026081005,250601779,ae9f353cd61398a116d0450a44b45a14136de06d5fa8e2857df735c9f546459d,257,7,1,1,1,0,0,408,7,1,537.5621350984657
0.005,0,251,original_screening,2026081005,250601779,289fc24843bfa2ffdd0561fe0e46a2923089eeca7b19104bd0d51e3cc4701b0f,293,6,1,1,1,0,0,5279,88,1,588.3671477390719
0.005,0,252,original_screening,2026081005,250601779,d2406dd49c101a92c590bccacd20001402a123c23c026d7092cfece2aad806c6,310,5,1,1,1,0,0,1367,23,1,693.883356494126
0.005,0,253,original_screening,2026081005,250601779,fb5286d0e9e41cde7e7e7c1b70917acf9b0bd4c249f0861072bf67277e099a8c,290,6,1,1,1,0,0,1135,19,1,581.525446527986
0.005,0,254,original_screening,2026081005,250601779,6dde0847172e5d0c45fc1e8b9dc0bd33b8f075fa6f0f9df9b99be5ab67a25875,308,8,1,1,1,0,0,1330,22,1,613.6444371778068
0.005,0,255,original_screening,2026081005,250601779,aa62604dcb751df08072a3841a64ef2ebc9bf58304eeecded707490664b10dc3,318,6,1,1,1,0,0,5108,85,1,627.1269167972667
