00000
00004
00008
0000c
00010
00014
00018
0001c
00020
00024
00028
0002c
00030
00001
00036
0003a
0003e
00042
00046
0004a
0004e
00052
00056
0005a
0005e
00062
00064
00068
0006c
00070
00074
00078
0007c
00080
00084
00088
0008c
00090
00094
00096
0009a
0009e
000a2
000a6
000aa
000ae
000b2
000b6
000ba
000be
000c2
00095
000c8
000cc
000d0
000d4
000d8
000dc
000e0
000e4
000e8
000ec
000f0
000f4
00003
000f8
000fc
00100
00104
00108
0010c
00110
00114
00118
0011c
00120
00124
00006
00097
00128
0012c
00130
00134
00138
0013c
00140
00144
00148
0014c
00150
00038
000c9
00152
00156
0015a
0015e
00162
00166
0016a
0016e
00172
00176
00066
0006a
00151
0017c
00180
00184
00188
0018c
00190
00194
00198
0019c
001a0
0000b
0009c
0017b
001a6
001aa
001ae
001b2
001b6
001ba
001be
001c2
001c6
001ca
000ca
000ce
001cc
001d0
001d4
001d8
001dc
001e0
001e4
001e8
001ec
001f0
001f4
000fa
000fe
001cd
001f8
001fc
00200
00204
00208
0020c
00210
00214
00218
00097
000a1
0012c
0021c
00220
00224
00228
0022c
00230
00234
00238
0023c
00240
000c9
000d3
00156
0021d
00246
0024a
0024e
00252
00256
0025a
0025e
00262
00266
000ff
0017c
001f5
00268
0026c
00270
00274
00278
0027c
00280
00284
00288
0028c
0000d
0012f
001aa
0028e
00292
00296
0029a
0029e
002a2
002a6
002aa
002ae
0003b
0003f
001d0
0028d
002b4
002b8
002bc
002c0
002c4
002c8
002cc
002d0
002d4
0006d
00071
001f8
0021f
002d8
002dc
002e0
002e4
002e8
002ec
002f0
002f4
002f8
001a6
001ae
00223
002fb
002ff
00303
00307
0030b
0030f
00313
00317
0031b
0031f
001d4
00245
002b4
00320
00324
00328
0032c
00330
00334
00338
0033c
00340
00095
001fc
0026b
002d8
00345
00349
0034d
00351
00355
00359
0035d
00361
00365
0012e
00132
00291
00344
0036a
0036e
00372
00376
0037a
0037e
00382
00386
0038a
00158
0015c
002b7
00369
0038f
00393
00397
0039b
0039f
003a3
003a7
003ab
003af
00182
0026e
002db
0038c
003b2
003b6
003ba
003be
003c2
003c6
003ca
003ce
00151
00296
002ff
0036b
003d5
003d9
003dd
003e1
003e5
003e9
003ed
003f1
003f5
002b4
002bc
00324
003d2
003fa
003fe
00402
00406
0040a
0040e
00412
00416
0041a
002d8
002e0
00349
003f9
0041f
00423
00427
0042b
0042f
00433
00437
0043b
0043f
00226
00302
0036e
00440
00444
00448
0044c
00450
00454
00458
0045c
00460
00128
0024c
00327
00393
00465
00469
0046d
00471
00475
00479
0047d
00481
00485
0026e
00272
003b2
003d4
00488
0048c
00490
00494
00498
0049c
004a0
004a4
004a8
0036b
00373
003d9
004ab
004af
004b3
004b7
004bb
004bf
004c3
004c7
004cb
004cf
00394
003fa
00466
004d0
004d4
004d8
004dc
004e0
004e4
004e8
004ec
004f0
0028d
003b7
0041f
00489
004f5
004f9
004fd
00501
00505
00509
0050d
00511
00515
00302
00306
00444
004f4
0051a
0051e
00522
00526
0052a
0052e
00532
00536
0053a
00327
0032b
00469
00519
0053f
00543
00547
0054b
0054f
00553
00557
0055b
0055f
0034c
00422
0048c
0053c
00562
00566
0056a
0056e
00572
00576
0057a
0057e
00320
00449
004af
0051b
00585
00589
0058d
00591
00595
00599
0059d
005a1
005a5
00466
0046e
004d4
00582
005aa
005ae
005b2
005b6
005ba
005be
005c2
005c6
005ca
00489
00491
004f9
005a9
005cf
005d3
005d7
005db
005df
005e3
005e7
005eb
005ef
003dc
004b2
0051e
005f0
005f4
005f8
005fc
00600
00604
00608
0060c
00610
002fc
00401
004d7
00543
00615
00619
0061d
00621
00625
00629
0062d
00631
00635
00422
00426
00562
00584
00638
0063c
00640
00644
00648
0064c
00650
00654
00658
0051b
00523
00589
0065b
0065f
00663
00667
0066b
0066f
00673
00677
0067b
0067f
00544
005aa
00616
00680
00684
00688
0068c
00690
00694
00698
0069c
006a0
00440
00567
005cf
00639
006a5
006a9
006ad
006b1
006b5
006b9
006bd
006c1
006c5
004b2
004b6
005f4
006a4
006ca
006ce
006d2
006d6
006da
006de
006e2
006e6
006ea
004d7
004db
00619
006c9
006ef
006f3
006f7
006fb
006ff
00703
00707
0070b
0070f
004fc
005d2
0063c
006ec
00712
00716
0071a
0071e
00722
00726
0072a
0072e
004d0
005f9
0065f
006cb
00735
00739
0073d
00741
00745
00749
0074d
00751
00755
00616
0061e
00684
00732
0075a
0075e
00762
00766
0076a
0076e
00772
00776
0077a
00639
00641
006a9
00759
0077f
00783
00787
0078b
0078f
00793
00797
0079b
0079f
0058c
00662
006ce
007a0
007a4
007a8
007ac
007b0
007b4
007b8
007bc
007c0
004ac
005b1
00687
006f3
007c5
007c9
007cd
007d1
007d5
007d9
007dd
007e1
007e5
005d2
005d6
00712
00734
007e8
007ec
007f0
007f4
007f8
007fc
00800
00804
00808
005a8
006d1
00737
007a3
0080d
00811
00815
00819
0081d
00821
00825
00829
0082d
006ee
006f6
0075c
0080a
00831
00835
00839
0083d
00841
00845
00849
0084d
00010
00711
00719
00781
00851
00855
00859
0085d
00861
00865
00869
0086d
00871
00072
00664
0073a
007a6
00875
00879
0087d
00881
00885
00889
0088d
00891
00895
00584
00689
0075f
007cb
00899
0089d
008a1
008a5
008a9
008ad
008b1
008b5
008b9
006aa
006ae
007ea
0080b
008bc
008c0
008c4
008c8
008cc
008d0
008d4
008d8
000a4
000a8
00680
007a9
0080d
00876
008df
008e3
008e7
008eb
008ef
008f3
008f7
000d6
000da
007c6
007ce
00831
008dc
008fd
00901
00905
00909
0090d
00911
00915
00106
00134
007e9
007f1
00855
00917
0091b
0091f
00923
00927
0092b
0092f
00933
00014
00186
0073c
00810
00879
00935
00939
0093d
00941
00945
00949
0094d
00042
00046
0065c
00761
00834
0089d
00953
00957
0095b
0095f
00963
00967
0096b
00074
00078
00782
00786
008bc
008dd
00970
00974
00978
0097c
00980
00984
00988
00017
00099
001b2
00758
0087c
008df
0098b
0098f
00993
00997
0099b
0099f
009a3
00049
000cb
001dc
00898
008a0
008fd
009a5
009a9
009ad
009b1
009b5
009b9
00073
0007b
00200
0022a
008bb
008c3
0091b
009bf
009c3
009c7
009cb
009cf
009d3
00005
000ab
00136
00274
00812
00935
009bd
009d9
009dd
009e1
009e5
009e9
009ed
000d5
000dd
00160
00734
00836
00953
009ef
009f3
009f7
009fb
009ff
00a03
00a07
00105
0010d
0018a
00856
0085a
00970
00a08
00a0c
00a10
00a14
00a18
00a1c
0001b
0001f
00110
00139
0013d
001a9
00202
00206
00275
00279
0029c
007cc
0082e
0083c
00900
00904
009f3
00a21
00a25
00a29
00a2d
00a31
00a35
00a39
00a3d
00a41
00a45
00a49
00a4d
00a51
00a55
00a59
00a5d
00a61
00a65
00a69
00a6d
00a71
00a75
00a79
00a7d
00a81
00a85
00a89
00a8d
00a91
00a95
00a99
00a9d
00aa1
00aa5
00aa9
00aad
00ab1
00ab5
00ab9
00024
0004d
00051
00138
00142
00163
00167
001d3
002a3
002c0
002c4
007f1
0085e
0091c
00920
00a0a
00a20
00a24
00abc
00ac0
00ac4
00ac8
00acc
00ad0
00ad4
00ad8
00adc
00ae0
00ae4
00ae8
00aec
00af0
00af4
00af8
00afc
00b00
00b04
00b08
00b0c
00b10
00b14
00b18
00b1c
00b20
00b24
00b28
00b2c
00b30
00b34
00b38
00b3c
00b40
00b44
00b48
00b4c
00054
0007d
00081
00160
0016a
0018b
0018f
001f9
002c7
002e2
002e6
0073e
00880
00884
0093c
0098d
00991
00abd
00b4f
00b53
00b57
00b5b
00b5f
00b63
00b67
00b6b
00b6f
00b73
00b77
00b7b
00b7f
00b83
00b87
00b8b
00b8f
00b93
00b97
00b9b
00b9f
00ba3
00ba7
00bab
00baf
00bb3
00bb7
00bbb
00bbf
00bc3
00bc7
00bcb
00bcf
00bd3
00bd7
00bdb
00bdf
00084
00088
000b1
0012b
00188
00192
00196
001b7
0022c
00230
002eb
00761
008a2
008a6
00958
009a5
009a9
00b50
00be2
00be6
00bea
00bee
00bf2
00bf6
00bfa
00bfe
00c02
00c06
00c0a
00c0e
00c12
00c16
00c1a
00c1e
00c22
00c26
00c2a
00c2e
00c32
00c36
00c3a
00c3e
00c42
00c46
00c4a
00c4e
00c52
00c56
00c5a
00c5e
00c62
00c66
00c6a
00c6e
00c72
000b4
000b8
000e1
00153
001b0
001ba
001be
001df
00231
00235
00252
00784
0080b
008c7
00973
00977
009c1
00be3
00be7
00c79
00c7d
00c81
00c85
00c89
00c8d
00c91
00c95
00c99
00c9d
00ca1
00ca5
00ca9
00cad
00cb1
00cb5
00cb9
00cbd
00cc1
00cc5
00cc9
00ccd
00cd1
00cd5
00cd9
00cdd
00ce1
00ce5
00ce9
00ced
00cf1
00cf5
00cf9
00cfd
00d01
00d05
00d09
000e8
00115
00119
0017f
001dc
001e6
0020b
0020f
00259
0027c
00280
007ab
00818
008e2
008e6
009d9
00a26
00a2a
00c78
00d0a
00d0e
00d12
00d16
00d1a
00d1e
00d22
00d26
00d2a
00d2e
00d32
00d36
00d3a
00d3e
00d42
00d46
00d4a
00d4e
00d52
00d56
00d5a
00d5e
00d62
00d66
00d6a
00d6e
00d72
00d76
00d7a
00d7e
00d82
00d86
00d8a
00d8e
00d92
00d96
00070
000ed
00145
00149
00212
0022b
0022f
00293
002ea
00350
00354
00376
0089e
008fa
00908
009a6
009aa
00a2f
00a33
00a37
00a3b
00a3f
00a43
00a47
00a4b
00be9
00bed
00bf1
00bf5
00bf9
00bfd
00c01
00d0b
00d0f
00d9b
00d9f
00da3
00da7
00dab
00daf
00db3
00db7
00dbb
00dbf
00dc3
00dc7
00dcb
00dcf
00dd3
00dd7
00ddb
00ddf
00de3
00de7
00deb
000a0
0011b
0011f
0014e
0016f
00173
00234
00251
00255
002b9
0037d
00399
0039d
008c3
00924
009be
009c2
00a50
00ac0
00ac4
00ac8
00acc
00ad0
00ad4
00ad8
00adc
00ae0
00c7e
00c82
00c86
00c8a
00c8e
00c92
00c96
00d9a
00dee
00df2
00df6
00dfa
00dfe
00e02
00e06
00e0a
00e0e
00e12
00e16
00e1a
00e1e
00e22
00e26
00e2a
00e2e
00e32
00e36
00e3a
00027
0002b
000d2
00176
00197
0019b
00258
0027b
0027f
002db
003a0
003ba
003be
00814
00940
00944
009da
00ae3
00ae7
00b57
00b5b
00b5f
00b63
00b67
00b6b
00b6f
00b73
00d11
00d15
00d19
00d1d
00d21
00d25
00d29
00def
00df3
00e41
00e45
00e49
00e4d
00e51
00e55
00e59
00e5d
00e61
00e65
00e69
00e6d
00e71
00e75
00e79
00e7d
00e81
00e85
00e89
00e8d
0005b
00100
0019e
001a2
001c3
00221
00276
0027a
0029d
00309
0030d
003c3
00836
0095c
00960
009f2
00a54
00a58
00a5c
00a60
00a64
00a68
00a6c
00b76
00b7a
00c06
00c0a
00c0e
00c12
00c16
00c1a
00c1e
00c22
00e3e
00e42
00e90
00e94
00e98
00e9c
00ea0
00ea4
00ea8
00eac
00eb0
00eb4
00eb8
00ebc
00ec0
00ec4
00ec8
00ecc
00ed0
00ed4
00ed8
00edc
0000e
0008b
001c6
001ca
001eb
00245
002a0
002a4
002c1
0030e
00312
0032e
00858
008dd
0097b
00a09
00a0d
00aeb
00aef
00af3
00af7
00afb
00aff
00b03
00c29
00c99
00c9d
00ca1
00ca5
00ca9
00cad
00cb1
00cb5
00cb9
00e91
00edf
00ee3
00ee7
00eeb
00eef
00ef3
00ef7
00efb
00eff
00f03
00f07
00f0b
00f0f
00f13
00f17
00f1b
00f1f
00f23
00f27
00f2b
0003e
000bb
000bf
001f2
00217
0021b
0026d
002c8
002e3
002e7
00335
00357
0035b
0087e
008ea
0098c
00990
00b7e
00b82
00b86
00b8a
00b8e
00b92
00b96
00cbc
00d2c
00d30
00d34
00d38
00d3c
00d40
00d44
00d48
00d4c
00da0
00ede
00ee2
00f30
00f34
00f38
00f3c
00f40
00f44
00f48
00f4c
00f50
00f54
00f58
00f5c
00f60
00f64
00f68
00f6c
00f70
00f74
00044
00058
0005c
00184
001e5
00237
0023b
002f0
00308
0030c
0036e
003c2
00428
0042c
0044e
009a4
009ae
00b77
00b7b
00beb
00bef
00bf3
00bf7
00bfb
00bff
00c03
00c2f
00d2d
00d31
00da7
00e95
00e99
00e9d
00ea1
00ea5
00ea9
00f7b
00f7f
00f83
00f87
00f8b
00f8f
00f93
00f97
00f9b
00f9f
00fa3
00fa7
00fab
00faf
00fb3
00fb7
00fbb
00fbf
00fc3
00fc7
00078
0008c
001ac
00205
00209
00240
0025d
00261
00311
0032d
00331
00393
00455
00471
00475
009c6
00a2c
00a30
00c28
00c7c
00c80
00c84
00c88
00c8c
00c90
00c94
00cc0
00cc4
00df6
00ee4
00ee8
00eec
00ef0
00ef4
00ef8
00f7a
00fc8
00fcc
00fd0
00fd4
00fd8
00fdc
00fe0
00fe4
00fe8
00fec
00ff0
00ff4
00ff8
00ffc
01000
01004
01008
0100c
01010
000a8
000bc
0013f
00143
001d6
00264
00281
00285
00334
00356
0035a
003b4
00478
00492
00496
009de
009e2
00ac3
00cbb
00cbf
00d13
00d17
00d1b
00d1f
00d23
00d27
00d2b
00d51
00e45
00e49
00f31
00f35
00f39
00f3d
00f41
00fc9
00fcd
01015
01019
0101d
01021
01025
01029
0102d
01031
01035
01039
0103d
01041
01045
01049
0104d
01051
01055
01059
000d8
000ec
000f0
0016b
001fc
00288
0028c
002a9
002ff
00351
00355
00377
003e1
003e5
0049b
009f6
009fa
00a56
00a5a
00a5e
00a62
00a66
00a6a
00a6e
00a72
00b54
00b58
00d0c
00daa
00dae
00db2
00db6
00dba
00dbe
00eac
01012
01016
0105e
01062
01066
0106a
0106e
01072
01076
0107a
0107e
01082
01086
0108a
0108e
01092
01096
0109a
0109e
010a2
00106
0011a
0011e
00132
00193
002ac
002b0
002cd
00322
0037a
0037e
0039a
003e6
003ea
00406
0098b
00a11
00a4f
00a53
00aeb
00aef
00af3
00af7
00afb
00aff
00b03
00b07
00c05
00c09
00dfd
00e01
00e05
00e09
00e0d
00efb
00eff
0105f
010a7
010ab
010af
010b3
010b7
010bb
010bf
010c3
010c7
010cb
010cf
010d3
010d7
010db
010df
010e3
010e7
010eb
010ef
00016
0002a
0015a
001bb
001bf
002d4
002f5
002f9
00349
003a1
003bb
003bf
0040d
0042f
00433
00994
00ae2
00ae6
00b7e
00b82
00b86
00b8a
00b8e
00b92
00b96
00b9a
00c98
00c9c
00e4c
00e50
00e54
00e58
00e5c
00f44
00f48
00f80
010a6
010aa
010f2
010f6
010fa
010fe
01102
01106
0110a
0110e
01112
01116
0111a
0111e
01122
01126
0112a
0112e
01132
00053
00057
00161
0016b
00271
002c6
002ca
00317
003c7
003cb
003e3
00445
00499
0049d
00503
00525
00529
00b55
00b59
00b79
00b7d
00b81
00e97
00e9b
00e9f
00ea3
00ea7
00eb1
00eb5
00f87
01063
01067
0106b
0106f
01073
01077
01137
0113b
0113f
01143
01147
0114b
0114f
01153
01157
0115b
0115f
01163
01167
0116b
0116f
01173
01177
0117b
0117f
00083
00087
00189
00193
00295
002e8
002ec
0031c
00338
0033c
003e8
00404
00408
0046a
0052c
00548
0054c
00be8
00bec
00c06
00c26
00c2a
00ee6
00eea
00eee
00ef2
00ef6
00f00
00f04
00fd0
010ac
010b0
010b4
010b8
010bc
010c0
01136
01182
01186
0118a
0118e
01192
01196
0119a
0119e
011a2
011a6
011aa
011ae
011b2
011b6
011ba
011be
011c2
011c6
00096
000b7
001b1
001bb
001bf
00234
002bb
0033f
00343
0035f
0040b
0040f
00431
0048b
0054f
00553
0056d
00be3
00c80
00c99
00c9d
00cbd
00f2f
00f33
00f37
00f3b
00f3f
00f43
00f4d
01019
0101d
010f3
010f7
010fb
010ff
01103
01183
01187
011cd
011d1
011d5
011d9
011dd
011e1
011e5
011e9
011ed
011f1
011f5
011f9
011fd
01201
01205
01209
0120d
01211
000e7
001d9
001e3
001e7
00258
002dd
00362
00366
00382
003d6
00428
0042c
0044e
004b8
004bc
00572
00c76
00d0c
00d11
00d15
00d2e
00daa
00dae
00db2
00db6
00dba
00dbe
00dc2
00f8a
00f8e
00f92
00f96
00f9a
00f9e
0107a
011ca
011ce
01214
01218
0121c
01220
01224
01228
0122c
01230
01234
01238
0123c
01240
01244
01248
0124c
01250
01254
01258
0010f
00113
00203
00207
00227
00276
0027a
00389
003a5
003a9
003fd
00455
00471
00475
004c1
004dd
004e1
00a2d
00a31
00a51
00a55
00a59
00dfd
00e01
00e05
00e09
00e0d
00e11
00e15
00fd7
00fdb
00fdf
00fe3
00fe7
010c3
010c7
01215
0125b
0125f
01263
01267
0126b
0126f
01273
01277
0127b
0127f
01283
01287
0128b
0128f
01293
01297
0129b
0129f
00021
00025
00137
00141
0024b
002a0
002a4
003ac
003cc
003d0
00420
00478
00492
00496
004e4
00506
0050a
00ac0
00ac4
00ae4
00ae8
00aec
00e4c
00e50
00e54
00e58
00e5c
00e60
00e64
01020
01024
01028
0102c
01030
01106
0110a
0113c
0125a
0125e
012a4
012a8
012ac
012b0
012b4
012b8
012bc
012c0
012c4
012c8
012cc
012d0
012d4
012d8
012dc
012e0
000d0
00152
00177
00257
0025b
0034f
003a1
003ed
003f1
004a1
004b9
004bd
0051f
00573
005d9
005dd
005ff
00b55
00b59
00d14
00def
00e4d
01063
01067
0106b
0106f
01073
01077
01081
01141
01145
0121b
0121f
01223
01227
0122b
012e5
012e9
012ed
012f1
012f5
012f9
012fd
01301
01305
01309
0130d
01311
01315
01319
0131d
01321
01325
01329
0132d
01331
00102
0019f
00275
00279
00372
003c2
003f2
003f6
00412
004be
004c2
004de
00540
00602
00606
00622
00a54
00a58
00c06
00e3e
00e96
010ac
010b0
010b4
010b8
010bc
010c0
010ca
01188
0118c
01262
01266
0126a
0126e
01272
012e4
012e8
01334
01338
0133c
01340
01344
01348
0134c
01350
01354
01358
0135c
01360
01364
01368
0136c
01370
01374
01378
0000e
001c7
001cb
002a3
0030f
00313
00397
00419
00435
00439
004e5
00507
0050b
00565
00629
00643
00647
00aeb
00c99
00c9d
00ee5
00ee9
010f3
010f7
010fb
010ff
01103
0110d
01111
011d3
012a3
012a7
012ab
012af
012b3
012b7
01335
0137b
0137f
01383
01387
0138b
0138f
01393
01397
0139b
0139f
013a3
013a7
013ab
013af
013b3
013b7
013bb
013bf
0003e
001ef
001f3
002c7
00332
00336
003b8
0043c
00458
0045c
004b0
00502
00524
00528
00592
00648
0064c
00b7e
00d2c
00d30
00f2e
00f32
00f8c
00f90
00f94
00f98
00f9c
00fa0
00fa4
01148
0114c
01150
01154
01158
0122e
01232
0137c
013c2
013c6
013ca
013ce
013d2
013d6
013da
013de
013e2
013e6
013ea
013ee
013f2
013f6
013fa
013fe
01402
01406
0006e
00129
00213
002e9
002ed
00307
00353
0045f
00463
0047f
004d3
0052b
0052f
0054b
00597
0059b
005b7
00a2d
00a31
00beb
00d9f
00dad
00fd5
00fd9
00fdd
00fe1
00fe5
00fe9
00fed
0118f
01193
01197
0119b
0119f
011a3
01279
013c3
013c7
0140d
01411
01415
01419
0141d
01421
01425
01429
0142d
01431
01435
01439
0143d
01441
01445
01449
0144d
01451
000a2
0014d
00231
00235
0032a
0037c
00482
00486
004a6
004f6
0054e
00552
0056c
005ba
005be
005e0
00ac0
00ac4
00c7f
00d98
00dfc
0101e
01022
01026
0102a
0102e
01032
01036
011d6
011da
011de
011e2
011e6
011ea
012ba
012ea
012ee
0140c
01452
01456
0145a
0145e
01462
01466
0146a
0146e
01472
01476
0147a
0147e
01482
01486
0148a
0148e
01492
001d6
00263
00267
00335
00425
00477
0047b
004c7
00577
0057b
00593
005f5
00649
0064d
006b3
006d5
006d9
00d14
00f2f
00f33
0101f
01023
0121b
0121f
01223
01227
0122b
01235
01239
012f3
013c9
013cd
013d1
013d5
013d9
013dd
01497
0149b
0149f
014a3
014a7
014ab
014af
014b3
014b7
014bb
014bf
014c3
014c7
014cb
014cf
014d3
014d7
014db
014df
001fc
00287
0028b
00352
00448
00498
0049c
004cc
004e8
004ec
00598
005b4
005b8
0061a
006dc
006f8
006fc
00a56
00daa
00dae
01062
01066
01262
01266
0126a
0126e
01272
0127c
01280
0133a
01410
01414
01418
0141c
01420
01424
01496
014e2
014e6
014ea
014ee
014f2
014f6
014fa
014fe
01502
01506
0150a
0150e
01512
01516
0151a
0151e
01522
01526
00130
0028e
002af
0037b
0037f
003e9
0046d
004ef
004f3
0050f
005bb
005bf
005e1
0063b
006ff
00703
0071d
00ae9
00aed
00dfd
0105d
010af
012a3
012a7
012ab
012af
012b3
012b7
012c1
01381
01385
01455
01459
0145d
01461
01465
014e3
014e7
0152d
01531
01535
01539
0153d
01541
01545
01549
0154d
01551
01555
01559
0155d
01561
01565
01569
0156d
01571
0015c
002d3
0039e
003a2
0040c
0048e
00512
00516
00532
00586
005d8
005dc
005fe
00668
0066c
00722
00b7c
00b80
00e4c
010a6
010f3
01146
0114a
0114e
01152
01156
0115a
0115e
012f6
012fa
012fe
01302
01306
0130a
013e0
0152a
0152e
01574
01578
0157c
01580
01584
01588
0158c
01590
01594
01598
0159c
015a0
015a4
015a8
015ac
015b0
015b4
015b8
00184
002ef
002f3
003c3
003dd
00429
0042d
00539
00555
00559
005ad
00605
00621
00625
00671
0068d
00691
00beb
00e95
00e99
00f8b
00f8f
01191
01195
01199
0119d
011a1
011a5
011a9
01341
01345
01349
0134d
01351
01427
0142b
01575
015bb
015bf
015c3
015c7
015cb
015cf
015d3
015d7
015db
015df
015e3
015e7
015eb
015ef
015f3
015f7
015fb
015ff
001ac
0023d
00241
00310
00400
00452
00456
0055c
0057c
00580
005d0
00628
00642
00646
00694
006b6
006ba
00c7f
00ee4
00ee8
00fd4
00fd8
011d8
011dc
011e0
011e4
011e8
011ec
011f0
01388
0138c
01390
01394
01398
01468
0146c
0149c
015ba
015be
01604
01608
0160c
01610
01614
01618
0161c
01620
01624
01628
0162c
01630
01634
01638
0163c
01640
002ba
00321
00341
0040b
0040f
004ff
00551
0059d
005a1
00651
00669
0066d
006cf
00723
00789
0078d
007af
00f2f
00f33
010f4
01183
011d9
013c9
013cd
013d1
013d5
013d9
013dd
013e7
014a1
014a5
0157b
0157f
01583
01587
0158b
01645
01649
0164d
01651
01655
01659
0165d
01661
01665
01669
0166d
01671
01675
01679
0167d
01681
01685
01689
0168d
01691
002e0
00364
00428
0042c
00522
00572
005a2
005a6
005c2
0066e
00672
0068e
006f0
007b2
007b6
007d2
00daa
00dae
00f8c
011ca
0121b
01410
01414
01418
0141c
01420
01424
0142e
014e8
014ec
015c2
015c6
015ca
015ce
015d2
01644
01648
01694
01698
0169c
016a0
016a4
016a8
016ac
016b0
016b4
016b8
016bc
016c0
016c4
016c8
016cc
016d0
016d4
016d8
00228
00387
0038b
00455
004bf
004c3
00547
005c9
005e5
005e9
00695
006b7
006bb
00715
007d9
007f3
007f7
00dfd
00fd5
00fd9
01261
01265
01455
01459
0145d
01461
01465
0146f
01473
01533
01603
01607
0160b
0160f
01613
01617
01695
016db
016df
016e3
016e7
016eb
016ef
016f3
016f7
016fb
016ff
01703
01707
0170b
0170f
01713
01717
0171b
0171f
0024c
003aa
003ae
00478
004e2
004e6
00568
005ec
00608
0060c
00660
006b2
006d4
006d8
00742
007f8
007fc
00e4c
0101e
01022
012a3
012a7
012f8
012fc
01300
01304
01308
0130c
01310
014a8
014ac
014b0
014b4
014b8
0158e
01592
016dc
01722
01726
0172a
0172e
01732
01736
0173a
0173e
01742
01746
0174a
0174e
01752
01756
0175a
0175e
01762
01766
00270
002fd
003c9
00499
0049d
004b7
00503
0060f
00613
0062f
00683
006db
006df
006fb
00747
0074b
00767
00e95
00e99
01065
0113b
0114a
0133f
01343
01347
0134b
0134f
01353
01357
014ef
014f3
014f7
014fb
014ff
01503
015d9
01723
01727
0176d
01771
01775
01779
0177d
01781
01785
01789
0178d
01791
01795
01799
0179d
017a1
017a5
017a9
017ad
017b1
00298
0031c
003e6
003ea
004da
0052c
00632
00636
00656
006a6
006fe
00702
0071c
0076a
0076e
00790
00ee4
00ee8
010ae
01134
01191
01386
0138a
0138e
01392
01396
0139a
0139e
01536
0153a
0153e
01542
01546
0154a
0161a
0164a
0164e
0176c
017b2
017b6
017ba
017be
017c2
017c6
017ca
017ce
017d2
017d6
017da
017de
017e2
017e6
017ea
017ee
017f2
00396
00417
0041b
004e5
005d5
00627
0062b
00677
00727
0072b
00743
007a5
007f9
007fd
00865
00886
0088a
00b0d
010f2
010f6
012a6
01333
01389
01579
0157d
01581
01585
01589
0158d
01597
01651
01655
0172b
0172f
01733
01737
0173b
017f5
017f9
017fd
01801
01805
01809
0180d
01811
01815
01819
0181d
01821
01825
01829
0182d
01831
01835
01839
003b7
0043a
0043e
00502
005f8
00648
0064c
0067c
00698
0069c
00748
00764
00768
007ca
0088d
008a8
008ac
00ba0
00f8a
00f8e
01149
0137a
013ca
015c0
015c4
015c8
015cc
015d0
015d4
015de
01698
0169c
01772
01776
0177a
0177e
01782
017f4
017f8
0183e
01842
01846
0184a
0184e
01852
01856
0185a
0185e
01862
01866
0186a
0186e
01872
01876
0187a
00304
00441
00461
0052b
0052f
00599
0061d
0069f
006a3
006bf
0076b
0076f
00791
007eb
008af
008b3
008cd
00c33
00c37
00fd7
01190
01194
01411
01415
01605
01609
0160d
01611
01615
0161f
01623
016e3
017b3
017b7
017bb
017bf
017c3
017c7
0183f
0187f
01883
01887
0188b
0188f
01893
01897
0189b
0189f
018a3
018a7
018ab
018af
018b3
018b7
018bb
018bf
0032b
00484
0054e
00552
005bc
0063e
006c2
006c6
006e2
00736
00788
0078c
007ae
0081c
00820
008d2
00cc6
00cca
01020
011d6
011da
01452
01456
014a8
014ac
014b0
014b4
014b8
014bc
014c0
01658
0165c
01660
01664
01668
0173e
01742
01880
018c0
018c4
018c8
018cc
018d0
018d4
018d8
018dc
018e0
018e4
018e8
018ec
018f0
018f4
018f8
018fc
01900
0034e
0049f
004a3
00573
0058d
005d9
005dd
006e9
00705
00709
0075d
007b5
007d1
007d5
00825
00840
00844
00d57
01063
01067
0121c
012eb
012f9
014ef
014f3
014f7
014fb
014ff
01503
01507
0169f
016a3
016a7
016ab
016af
016b3
01789
018c1
018c5
01905
01909
0190d
01911
01915
01919
0191d
01921
01925
01929
0192d
01931
01935
01939
0193d
01941
00371
003f2
003f6
004c0
005b0
00602
00606
0070c
0072c
00730
00780
007d8
007f2
007f6
00847
00868
0086c
00a78
010ac
010b0
01262
012e4
01341
01536
0153a
0153e
01542
01546
0154a
0154e
016e6
016ea
016ee
016f2
016f6
016fa
017ca
017fa
017fe
01904
01944
01948
0194c
01950
01954
01958
0195c
01960
01964
01968
0196c
01970
01974
01978
0197c
0046c
004d1
004f1
005bb
005bf
006af
00701
0074d
00751
00801
0081d
00821
0087a
008d3
0091d
00921
00948
00ac7
00acb
00cc9
012a4
012a8
01455
014e3
01539
01729
0172d
01731
01735
01739
0173d
01747
01801
01805
018c9
018cd
018d1
018d5
01983
01987
0198b
0198f
01993
01997
0199b
0199f
019a3
019a7
019ab
019af
019b3
019b7
019bb
019bf
019c3
019c7
00491
00514
005d8
005dc
006d2
00722
00752
00756
00772
00822
00826
00841
0089a
00939
0093d
00964
00b5a
00b5e
00d56
01147
0114b
012f8
0152a
0157b
01770
01774
01778
0177c
01780
01784
0178e
01842
01846
0190a
0190e
01912
01916
01982
019c8
019cc
019d0
019d4
019d8
019dc
019e0
019e4
019e8
019ec
019f0
019f4
019f8
019fc
01a00
01a04
01a08
003de
00537
0053b
00605
0066f
00673
006f7
00779
00795
00799
00848
00869
0086d
008bf
00959
0097f
00983
00a79
00c0b
00c0f
01192
01340
01344
015c1
015c5
017b5
017b9
017bd
017c1
017c5
017cf
017d3
01887
01945
01949
0194d
01951
019c9
019cd
01a0d
01a11
01a15
01a19
01a1d
01a21
01a25
01a29
01a2d
01a31
01a35
01a39
01a3d
01a41
01a45
01a49
00401
0055a
0055e
00628
00692
00696
00718
0079c
007b8
007bc
0080e
00864
00885
00889
008f0
00972
00976
00b0c
00c9e
00ca2
011d8
01386
0138a
01603
01607
01658
0165c
01660
01664
01668
0166c
01670
01808
0180c
01810
01814
018d8
01a0a
01a0e
01a4e
01a52
01a56
01a5a
01a5e
01a62
01a66
01a6a
01a6e
01a72
01a76
01a7a
01a7e
01a82
01a86
01a8a
00424
004ad
00579
00649
0064d
00667
006b3
007bf
007c3
007df
00830
0088c
00890
008ab
008e3
008e7
0090e
00b9f
00ba3
00d35
0121a
0121e
013cb
0149b
014aa
0169f
016a3
016a7
016ab
016af
016b3
016b7
01849
0184d
01851
01855
01919
0191d
01a4f
01a8f
01a93
01a97
01a9b
01a9f
01aa3
01aa7
01aab
01aaf
01ab3
01ab7
01abb
01abf
01ac3
01ac7
01acb
01acf
0044b
004cc
00596
0059a
0068a
006dc
007e2
007e6
00806
00852
008ae
008b2
008cc
008ff
00903
0092a
00a32
00a36
00c34
01260
01264
01412
01494
014f1
016e6
016ea
016ee
016f2
016f6
016fa
016fe
0188a
0188e
01892
01896
01954
01958
01988
01a8e
01a92
01ad2
01ad6
01ada
01ade
01ae2
01ae6
01aea
01aee
01af2
01af6
01afa
01afe
01b02
01b06
01b0a
00546
005c7
005cb
00695
00785
007d7
007db
0082b
008c5
008c9
008f1
00936
00973
00977
009c1
009e4
009e8
00c86
00c9f
00ca3
00cc9
00ccd
01453
01457
01606
01693
016e9
018c7
018cb
018cf
018d3
018dd
018e1
0198f
01a53
01a57
01a5b
01a5f
01b0d
01b11
01b15
01b19
01b1d
01b21
01b25
01b29
01b2d
01b31
01b35
01b39
01b3d
01b41
01b45
01b49
01b4d
00567
005ea
005ee
006b2
007a8
007f8
007fc
00818
0084b
0084f
008e4
0090b
0090f
00954
009d9
009fc
00a00
00d17
00d1b
00d34
00d54
00d58
012f6
012fa
014a9
016da
0172a
01908
0190c
01910
01914
0191e
01922
019d0
01a94
01a98
01a9c
01aa0
01b0c
01b50
01b54
01b58
01b5c
01b60
01b64
01b68
01b6c
01b70
01b74
01b78
01b7c
01b80
01b84
01b88
01b8c
004b4
005f1
00611
006db
006df
00749
007cd
0083a
0083e
00871
00900
00904
0092b
0096f
009f1
009f5
00a17
00a33
00a37
00a5d
00a77
00a7b
00b11
01342
014f0
014f4
01771
01775
01947
0194b
0194f
01953
0195d
01a11
01a15
01ad3
01ad7
01adb
01adf
01b53
01b93
01b97
01b9b
01b9f
01ba3
01ba7
01bab
01baf
01bb3
01bb7
01bbb
01bbf
01bc3
01bc7
01bcb
01bcf
004db
00634
006fe
00702
0076c
007ee
0085c
00860
00893
008de
0091c
00920
00947
00998
0099c
00a0a
00ac6
00aca
00af0
00b0a
00b0e
00ba4
01388
01536
0153a
017b3
017b7
01808
0180c
01810
01814
01818
01992
01996
0199a
0199e
01a62
01a66
01b92
01bd2
01bd6
01bda
01bde
01be2
01be6
01bea
01bee
01bf2
01bf6
01bfa
01bfe
01c02
01c06
01c0a
01c0e
004fe
0064f
00653
00723
0073d
00789
0078d
00882
008b5
008b9
008fe
0093c
00963
00967
0098f
009b2
009b6
00b5d
00b83
00b87
00ba1
00ba5
013c9
013cd
0157c
0164b
01659
01849
0184d
01851
01855
01859
0185d
019d7
019db
019df
019e3
01aa7
01bd1
01c11
01c15
01c19
01c1d
01c21
01c25
01c29
01c2d
01c31
01c35
01c39
01c3d
01c41
01c45
01c49
01c4d
00521
005a2
005a6
00670
00760
007b2
007b6
008a4
008d6
008da
0091a
00958
0097e
00982
009a7
009ca
009ce
00bf0
00c0a
00c0e
00c34
00c38
01410
01414
015c2
01644
016a0
0188a
0188e
01892
01896
0189a
0189e
01a18
01a1c
01a20
01a24
01ae2
01b10
01c10
01c50
01c54
01c58
01c5c
01c60
01c64
01c68
01c6c
01c70
01c74
01c78
01c7c
01c80
01c84
01c88
00089
0008d
000ac
000c2
0061c
00681
006a1
0076b
0076f
0085b
008b1
008f5
008f9
0097b
00999
0099d
00a0b
00aef
00af3
00c29
00c33
00c37
00c3d
00c41
00c45
00c49
00c4d
00c9f
00ca3
00f51
01606
017b4
017b8
01a53
01a57
01a5b
01a5f
01a69
01a6d
01b17
01bd5
01bd9
01bdd
01be1
01c8d
01c91
01c95
01c99
01c9d
01ca1
01ca5
01ca9
01cad
01cb1
01cb5
01cb9
000bd
000dc
000f2
000f6
00641
006c4
00788
0078c
0087d
008d2
008e8
008ec
00913
0098c
00990
009b3
00b82
00b86
00cbc
00cc6
00cca
00cd0
00cd4
00cd8
00cdc
00ce0
00d32
00d36
00f50
014a9
01656
0165a
01a94
01a98
01a9c
01aa0
01aaa
01aae
01b56
01c14
01c18
01c1c
01c20
01c8c
01cba
01cbe
01cc2
01cc6
01cca
01cce
01cd2
01cd6
01cda
01cde
01ce2
000ed
0010a
00120
00124
0058e
006e7
006eb
007b5
00823
00827
008a1
00908
0092f
00933
009a8
009cb
009cf
00a35
00bef
00bf3
00d0d
00d55
00d59
00d5f
00d63
00d67
00d6b
00d6f
00dc7
014f0
014f4
016a1
018c1
01ad3
01ad7
01adb
01adf
01ae9
01b95
01b99
01c53
01c57
01c5b
01c5f
01cbd
01ce7
01ceb
01cef
01cf3
01cf7
01cfb
01cff
01d03
01d07
01d0b
00018
0002e
00032
0011d
005b1
0070a
0070e
007d8
00845
00849
008c2
00924
0094b
0094f
009c0
009e3
009e7
00a50
00a76
00a7a
00a80
00a84
00a88
00a8c
00a90
00ac6
00aca
00c85
00e16
01536
0153a
016e8
01902
01994
01998
0199c
019a0
019a4
01b1a
01b1e
01b22
01b26
01be4
01be8
01ce6
01d10
01d14
01d18
01d1c
01d20
01d24
01d28
01d2c
01d30
01d34
00027
0002b
0004a
00060
005d4
0065d
00729
007f9
007fd
00815
00865
00940
00944
0096b
009d8
009dc
009ff
00ae3
00ae7
00b0d
00b13
00b17
00b1b
00b1f
00b23
00b27
00b5d
00d18
00d1c
00eb7
0157c
01729
0172d
019d5
019d9
019dd
019e1
019e5
019e9
01b5d
01b61
01b65
01b69
01c27
01d0f
01d39
01d3d
01d41
01d45
01d49
01d4d
01d51
01d55
01d59
01d5d
01d61
0005b
0007a
00090
00094
005fb
0067c
00746
0074a
00837
0088d
0095c
00960
00986
009f0
009f4
00a16
00a5a
00a5e
00b78
00b9e
00ba2
00ba8
00bac
00bb0
00bb4
00bb8
00c0a
00c0e
00f06
015c2
01770
01774
01a16
01a1a
01a1e
01a22
01a26
01a2a
01b9c
01ba0
01ba4
01ba8
01c62
01c90
01d38
01d62
01d66
01d6a
01d6e
01d72
01d76
01d7a
01d7e
01d82
01d86
0002f
0009b
00106
0011a
0011e
00193
001b4
001b8
006f6
00777
0077b
00848
00957
0095b
009a1
00a0f
00a13
00a51
00a77
00a7b
00a81
00a85
00a89
00a8d
00a97
00aef
00af3
00c07
00c0b
00c0f
00c13
00c17
00c1b
00c1f
00ebb
010cf
017b4
017b8
01bd5
01bd9
01bdd
01be1
01beb
01bef
01c97
01d89
01d8d
01d91
01d95
01d99
01d9d
01da1
01da5
01da9
01dad
00014
00028
0002c
00061
000cd
001bb
001bf
001e0
00717
0079a
0079e
00864
00972
00976
00994
009b7
009bb
00ae4
00b0a
00b0e
00b14
00b18
00b1c
00b20
00b2a
00b82
00b86
00c9a
00c9e
00ca2
00ca6
00caa
00cae
00cb2
00f0a
00fa6
01656
0165a
01c14
01c18
01c1c
01c20
01c2a
01c2e
01cc0
01d88
01db0
01db4
01db8
01dbc
01dc0
01dc4
01dc8
01dcc
01dd0
00044
00058
0005c
00091
000fb
001e3
001e7
0020c
00664
007a1
007c1
0088c
00890
008e5
009ac
009b0
009d3
00b77
00b7b
00ba1
00ba7
00bab
00baf
00bb3
00bbd
00bc1
00bf1
00d2d
00d31
00d35
00d39
00d3d
00d41
00d45
00f53
00f57
00ff1
016a1
01a4d
01c53
01c57
01c5b
01c5f
01c69
01ce9
01ced
01db3
01dd7
01ddb
01ddf
01de3
01de7
01deb
01def
01df3
01df7
00009
00078
0008c
000c1
000c5
0013c
00205
00209
0068b
007e4
008ae
008b2
00901
009c4
009c8
009eb
00a2c
00a30
00a34
00a38
00a3c
00a40
00a44
00c26
00c2a
00c34
00c3a
00c3e
00c42
00c46
00c50
00c54
00c85
00dc8
00dcc
0103a
016e8
01a8e
01b1c
01b20
01b24
01b28
01b2c
01d12
01d16
01dd6
01dfa
01dfe
01e02
01e06
01e0a
01e0e
01e12
01e16
01e1a
00039
000a8
000bc
000f1
000f5
00141
00162
00166
006ae
007ff
00803
008d3
0091d
00921
009e0
00a03
00a07
00ac3
00ac7
00acb
00acf
00ad3
00ad7
00adb
00cbd
00cc7
00ccb
00cd1
00cd5
00cd9
00cdd
00ce7
00d18
00d1c
00e1b
0103b
01729
0172d
01b5b
01b5f
01b63
01b67
01b6b
01b6f
01d3f
01df9
01e1d
01e21
01e25
01e29
01e2d
01e31
01e35
01e39
01e3d
00069
000d8
000ec
000f0
00123
00169
0016d
0018e
006d1
00752
00756
00824
00939
0093d
009f8
00a1a
00a1e
00a5c
00b54
00b58
00b5c
00b60
00b64
00b68
00b6c
00d0a
00d0e
00d56
00d5c
00d60
00d64
00d68
00d72
00d76
00e6a
01084
01770
01774
01b9a
01b9e
01ba2
01ba6
01baa
01bae
01d64
01d8c
01e1c
01e40
01e44
01e48
01e4c
01e50
01e54
01e58
01e5c
000c9
000d2
000e6
000ec
00155
00163
00170
00177
00252
00259
00264
00acd
00c78
00c89
00c8d
00cc0
00ccf
00ced
00d13
00d1f
00d79
00df1
00e44
00e51
00e71
00f01
00fca
00ff2
00ff6
01018
0103c
01040
01106
011f2
0121f
01223
012b8
012f0
012fd
01315
01475
014a1
014c3
014c7
0158f
01673
01b1b
01e63
01e67
01e6b
01e6f
01e73
01e77
01e7b
01e7f
01e83
01e87
01e8b
000fc
0010f
00117
00121
00183
00192
0019d
0020b
0027c
00283
003c1
00a4e
00a56
00a63
00a9c
00c05
00d22
00d26
00d4f
00d7b
00e3e
00e73
00eaa
00ebf
00f35
00f53
01014
01044
01048
01068
01086
0108a
01140
0123d
01266
0126a
012e6
01338
01346
0135d
01497
014e9
0150b
0150f
015d7
01787
01e8d
01e91
01e95
01e99
01e9d
01ea1
01ea5
01ea9
01ead
01eb1
01eb5
00006
0000d
00022
00028
0013a
001ac
001bc
001c7
0029b
002a2
002ae
00a22
00a5a
00a66
00a70
00a7f
00aa0
00ae9
00af6
00b2f
00c99
00dc0
00e8f
00ec3
00efa
00f0f
00fcf
0107e
01090
01094
010c2
010d2
010d6
0125c
01287
012ab
012c5
01334
01380
0138d
013a5
01513
0153d
01555
01559
01703
01b9b
01ebb
01ebf
01ec3
01ec7
01ecb
01ecf
01ed3
01ed7
01edb
01edf
01ee3
0003b
0004e
00055
0005f
001d1
001e1
001eb
001f2
002c5
002cd
00333
00ace
00af4
00afc
00b06
00b32
00b77
00b88
00b8c
00ca7
00e00
00e18
00ee1
00f36
00f46
00f5b
010a8
010d8
010dc
010f7
01114
01118
0113c
0114f
01163
012c7
01360
013a6
013de
013eb
014a3
0155b
01591
0159d
015a1
0174b
01ee5
01ee9
01eed
01ef1
01ef5
01ef9
01efd
01f01
01f05
01f09
01f0d
00068
0006f
00084
0008a
0018e
001fc
0020d
00217
002e3
002ea
002f6
00a2d
00b62
00b88
00b90
00b9a
00bc6
00be9
00bf6
00c27
00d3a
00da1
00db2
00dd0
00e60
00f5c
00f80
00f90
00faa
00fae
0110c
0111e
01122
01165
01195
01199
0122e
013c4
01416
01428
01437
01575
015c7
015e3
015e7
01699
01c15
01f13
01f17
01f1b
01f1f
01f23
01f27
01f2b
01f2f
01f33
01f37
01f3b
0009c
000b0
000b7
000c1
00131
00140
0014c
001b7
00231
00239
0037b
00ac1
00bee
00bfa
00c12
00c2e
00c5a
00c7e
00c90
00cbb
00d99
00dd3
00df6
00e22
00e9d
00eb9
00fa0
00fb2
00fb6
00fda
00ffc
01000
01184
011af
011de
011f7
013f0
01438
01468
01479
01533
015eb
0161b
01629
0162d
017d5
01f12
01f40
01f44
01f48
01f4c
01f50
01f54
01f58
01f5c
01f60
01f64
001ce
001d6
001e5
001f1
00246
00254
0025f
00266
0032d
00335
0033f
00afe
00c29
00c93
00d15
00ee0
00eef
00f00
00f13
00f2f
00f39
00f59
00fcb
01018
01025
0104c
010cb
011a4
011b2
011b6
011dc
011f9
011fd
0137c
013aa
013d1
013eb
0149c
014a4
014c3
015ed
0164d
0165d
01676
0167a
017d7
018d7
01e66
01ee9
01f69
01f6d
01f71
01f75
01f79
01f7d
01f81
01f85
01f89
001f9
00205
00213
0021a
00271
0027f
00289
002e5
00356
0035e
00499
00a57
00b9b
00cd1
00d3b
00daa
00db4
00dce
00f38
00f3f
00f5c
01013
01045
01078
01087
010fa
01141
011ec
01200
01204
01230
01241
01245
013c4
013f3
01419
01435
014ca
014ec
0150b
0162f
0167c
016a5
016be
016c2
0185f
01e8f
01e93
01f16
01f8d
01f91
01f95
01f99
01f9d
01fa1
01fa5
01fa9
0012a
00132
00140
0014d
0022e
00296
002a3
002ae
00375
0037d
00388
00a3b
00ac1
00bfe
00d0d
00d9a
00db8
00dc0
00dd3
00dfb
00e05
00e22
00fa2
0105f
010b2
010c6
010e0
01214
0123e
0124a
01266
01282
0128b
01338
01438
01458
0145d
014cd
01512
01534
01553
01695
016e3
01704
01708
017c9
01955
01ebd
01f40
01fad
01fb1
01fb5
01fb9
01fbd
01fc1
01fc5
01fc9
01fcd
00157
00163
00171
00178
002b7
002c3
002ce
002d5
0039e
003a6
0040c
00a81
00aff
00b7f
00cc3
00e00
00e0a
00e13
00e27
00e50
00e57
00fdc
010a7
010d9
01106
01115
011d1
0127c
01290
01294
012ba
012cb
012cf
012fc
01301
01380
0147d
0152c
0157f
01592
015a4
016dd
0172f
0174c
01750
01801
01e6a
01eeb
01eef
01fd1
01fd5
01fd9
01fdd
01fe1
01fe5
01fe9
01fed
0017e
00184
00192
0019d
00280
002df
002eb
002f6
003bb
003c3
003ce
00ae5
00b61
00beb
00d28
00e40
00e58
00e60
00e73
00e95
00e9f
00ebf
00f81
00f90
00faa
01036
01125
01142
01162
0116b
0122e
012c8
012d4
012e6
0131b
01348
0135b
0155d
015a2
015d6
015e3
01699
01754
01789
01796
0179a
01925
01e98
01f19
01ff1
01ff5
01ff9
01ffd
02001
02005
02009
0200d
02011
001a9
001b5
001c3
001ca
00227
00234
0023f
0029e
0030e
00316
00453
00a73
00ba9
00c11
00c9a
00e9c
00ea4
00eb3
00ec7
00eec
00ef5
00f79
00fb1
00fd2
00ffb
0106b
01136
01166
01172
0118a
011aa
011ba
01276
0135e
0138c
01391
01426
015bc
01609
0161c
01630
0176d
017ba
017d8
017dc
01885
01ec2
01f43
01f47
02014
02018
0201c
02020
02024
02028
0202c
02030
002b4
002bd
002c8
002d3
00323
0032f
0033b
00341
00405
0040e
00418
00aff
00c07
00e01
00ef6
010a8
010b7
010c8
010d9
010f3
010fc
01115
01186
011d0
011e1
01206
0127f
01354
01365
01369
0138c
013aa
013b0
0152c
0155b
01582
0159b
0164c
01654
01675
0179e
017fd
01807
01820
01824
01963
01a63
01eec
01f6b
01fd1
02037
0203b
0203f
02043
02047
0204b
0204f
02053
002db
002e6
002f2
002f9
0034d
00359
00364
003bd
0042f
00436
00571
00beb
00caa
00e53
00f40
00f8b
00f94
00fa8
010fc
01102
0111c
011cb
011ff
0122e
01241
012b0
012f3
0139c
013b2
013b6
013df
013f3
013f8
01574
015a3
015c9
015e3
0167b
0169c
016bd
017e0
01826
01849
01862
01866
019eb
01ee8
01f19
01f8f
02055
02059
0205d
02061
02065
02069
0206d
02071
00220
00228
00234
0023f
0030b
00372
0037e
00388
0044d
00455
00460
00bff
00d30
00dbc
00e9d
00f7a
00f98
00fa0
00fb1
00fd5
00fdf
00ffb
0115e
01216
01266
0127a
01296
013c4
013ee
013fc
01416
01434
0143e
014ea
015e5
01609
0160e
0167e
016c3
016e4
01705
0183f
01887
018a2
018a6
01955
01ae1
01f43
01faf
02014
02077
0207b
0207f
02083
02087
0208b
0208f
02093
00249
00254
00260
00267
00391
0039c
003a7
003ae
00476
0047e
004e3
00a3d
00d15
00e4d
00f01
00fdc
00fe4
00fee
01005
01024
0102b
0119b
0125b
0128f
012b8
012cb
01383
0142c
01442
01446
01469
0147d
01482
014ad
014b2
01532
01629
016dc
0172e
01742
01755
01881
018c7
018e4
018e8
0198d
01e64
01f40
01fd3
02095
02099
0209d
020a1
020a5
020a9
020ad
020b1
0026a
00272
0027f
00289
0035a
003b8
003c4
003ce
00493
0049b
004a6
00a57
00ad1
00e5c
00f35
01014
0102c
01034
01045
01063
0106d
01087
0113e
0114e
0116a
011ee
012d9
012f1
01312
0131e
013de
01474
01486
01496
014cb
014f8
0150b
0170e
01753
01786
01795
01843
018ec
0191b
01928
0192c
01ab1
01e90
01f91
01ff7
020b7
020bb
020bf
020c3
020c7
020cb
020cf
020d3
00293
0029d
002aa
002b1
00306
00312
0031c
00378
003e6
003ee
0052c
00aeb
00b65
00dc1
00ee7
0106a
01072
01082
01099
010b2
010bd
01135
0116f
0118c
011b8
01226
012e6
01316
01324
01339
0135a
0136c
01426
0150d
0153c
01541
015d6
0176c
017b9
017cc
017e1
01905
01945
01964
01968
01a11
01e9a
01ec6
02016
020b6
020d8
020dc
020e0
020e4
020e8
020ec
020f0
0038e
00396
003a2
003ac
003fb
00407
00413
0041a
004dd
004e5
004f0
00a58
00e0c
00fdd
010be
0125c
0126c
0127c
0128f
012a4
012ac
012c5
01336
01380
0138d
013ad
0142f
01504
01519
0151d
0153c
01555
01559
016dc
0170b
01731
0174d
017fc
01804
0181f
01930
01989
01993
019ac
019b0
01aef
01be5
01ebe
01ec7
01ecb
01fd3
02039
020f6
020fa
020fe
02102
02106
0210a
003b4
003be
003c8
003d1
00425
00432
0043c
00495
00507
0050e
00649
00b00
00e97
01027
01103
01147
0114f
01162
012ad
012b5
012c8
0137b
013b2
013de
013ec
0145f
014a3
0154c
01562
01566
01590
0159d
015a1
01724
01753
01779
01795
01825
01846
01861
0196c
019b2
019d5
019ee
019f2
01b71
01ece
01ef0
01ef5
01ef9
02057
0210c
02110
02114
02118
0211c
02120
002fe
00307
00312
0031c
003e3
00449
00456
00460
00526
0052e
00538
00b80
00ea6
00f9c
0106b
01136
01153
0115c
0116f
01191
01198
011ab
0130e
013c6
01416
01428
0143d
01574
015a2
015ac
015c6
015e2
015e7
01698
01792
017b9
017be
01828
01867
01888
018a3
019cb
01a13
01a2e
01a32
01ae1
01c61
01f18
01f1f
01f23
02016
02079
02126
0212a
0212e
02132
02136
0213a
00327
0032f
0033c
00342
0046a
00474
0047f
00485
0054e
00556
005bb
00c00
00f31
01021
010cb
01197
011a0
011a8
011c0
011dc
011e5
0134b
0140a
01442
01468
0147a
01533
015dc
015f2
015f6
0161a
01629
0162d
0165c
01661
016e0
017d6
01880
018c6
018da
018ed
01a0d
01a53
01a70
01a74
01b15
01f26
01f46
01f4c
01f50
0203a
0213c
02140
02144
02148
0214c
02150
00348
0034e
00359
00364
00433
0048f
0049c
004a6
0056b
00573
0057e
00c81
00dad
01030
010fa
011cc
011e2
011ec
011ff
0121a
01222
0123b
012ee
012fc
01315
0139e
0148a
014a0
014c2
014c7
0158e
01624
01636
01646
0167b
016a7
016bd
018ac
018eb
01918
01927
019cf
01a78
01aa7
01ab4
01ab8
01c31
01e6a
01e71
01e75
01f8e
020b9
02156
0215a
0215e
02162
02166
0216a
0036e
00377
00384
0038b
003dd
003ea
003f4
00450
004c0
004c6
00603
00d29
00dfd
00fa3
010af
01221
0122a
01238
01250
01266
01272
012e5
01322
0133a
0135c
013d5
01496
014ca
014d4
014e8
0150a
0150f
015d6
016ba
016ec
016f1
01786
01904
01944
01958
0196d
01a91
01ad2
01af0
01af4
01b95
01e76
01e96
01e9e
01ea2
0207a
0216c
02170
02174
02178
0217c
02180
00466
0046e
0047a
00482
004d3
004df
004eb
004f2
005b5
005bd
005c8
00dae
00fe6
0119c
01273
0140c
0141c
0142c
01442
01453
0145b
0147c
014e6
01530
0153d
01561
015df
016b4
016c9
016cd
016ec
01706
0170a
01880
018a9
018c9
018e5
01988
01990
019ab
01abc
01b11
01b1d
01b34
01b38
01c6f
01d13
01f93
01fb5
01fb9
02099
020f7
02186
0218a
0218e
02192
02196
0219a
0048c
00496
004a2
004a9
004fd
0050a
00514
0056d
005de
005e6
00721
00e0d
01065
011e3
012b6
012f6
012fe
01312
0145c
01464
01474
0152b
01562
0158e
0159c
01610
01651
016fc
01712
01716
01740
0174e
01752
018c2
018eb
0190b
01927
019b1
019d2
019ed
01af8
01b3a
01b5e
01b74
01b78
01cc5
01eec
01fd3
01fd9
01fdd
0210d
0219c
021a0
021a4
021a8
021ac
021b0
003d8
003de
003ea
003f4
004bc
00522
0052f
00538
005fd
00605
00610
00e4e
01074
0115a
01226
012e6
01302
0130c
01322
01340
01349
01362
014be
01576
015c6
015da
015f1
01724
01753
0175c
01776
01792
01798
01842
01924
01944
01949
019b4
019f3
01a14
01a2f
01b51
01b97
01bb2
01bb6
01c61
01d63
01fd7
01ff9
01ffd
020d8
02127
021b6
021ba
021be
021c2
021c6
021ca
003ff
00407
00414
0041b
00542
0054d
00557
0055e
00628
0062e
00693
00ea7
010f5
011d9
0127f
01348
01350
01358
01371
0138c
01395
014fb
015bb
015f2
01618
01628
016e1
0178c
017a2
017a6
017ca
017da
017de
01806
0180b
01884
01962
01a0c
01a52
01a66
01a79
01b91
01bd7
01bf2
01bf6
01c95
01f44
02016
0201c
02020
020f8
021cc
021d0
021d4
021d8
021dc
021e0
00420
00426
00432
0043c
0050b
00568
00574
0057e
00643
0064b
00656
00ee8
00f8e
011e9
012b0
0137c
01392
0139c
013b2
013c9
013d1
013f2
0149e
014ad
014cc
0154e
0163a
01652
01672
01678
0173e
017d6
017e6
017f6
01825
0184b
01861
01a38
01a77
01aa4
01ab3
01b55
01bfa
01c27
01c34
01c38
01d43
01f6c
01f73
01f77
02058
02157
021e6
021ea
021ee
021f2
021f6
021fa
00447
0044f
0045c
00463
004b6
004c3
004cc
00529
00596
0059e
006dc
00f41
00fd7
0115f
01264
013d0
013d9
013e8
01401
01416
01422
01495
014d2
014ec
0150c
01586
01646
0167b
01684
0169a
016ba
016c0
01786
0185e
0188a
0188f
01918
01a90
01ad1
01ae4
01af9
01c11
01c53
01c70
01c74
01ce9
01e92
01f8e
01f96
01f9a
02128
021fc
02200
02204
02208
0220c
02210
0053e
00546
00552
0055c
005ab
005b7
005c3
005ca
0068d
00695
006a0
00c3f
00f8f
011a2
0134c
01423
015bc
015cc
015dc
015f2
01604
0160d
01631
01696
016e0
016ed
01711
0178f
01858
0186d
01871
0188a
018a4
018a8
01a0c
01a35
01a55
01a71
01b10
01b18
01b33
01c3c
01c91
01c9c
01ca0
01d13
01d91
0205c
0207c
02080
0213f
02187
02216
0221a
0221e
02222
02226
0222a
00564
0056e
0057a
00581
005d5
005e1
005ec
00645
006b7
006be
007f9
00ce5
00fe7
0121c
01393
01465
014a8
014b0
014c2
0160e
01615
01624
016db
01712
0173e
0174e
017c0
01801
0189a
018b0
018b4
018d8
018e6
018ea
01a4e
01a77
01a98
01ab3
01b39
01b58
01b73
01c78
01ca4
01cc6
01cca
01d3d
01fd3
02099
0209e
020a2
0219d
0222c
02230
02234
02238
0223c
02240
004ae
004b7
004c3
004cc
00593
005f9
00606
00610
006d6
006de
006e8
00d61
01022
0122c
01309
013d5
01496
014b3
014bc
014d2
014f1
014f9
01517
0166e
01726
01776
0178a
017a1
018c2
018eb
018f4
01908
01924
0192a
019ce
01ab0
01ad1
01ad6
01b3c
01b79
01b98
01bb3
01cbb
01ceb
01cf2
01cf6
01dd9
0209c
020bc
020c0
0216f
021b7
02246
0224a
0224e
02252
02256
0225a
004d7
004df
004ec
004f3
0061a
00625
0062f
00636
00700
00706
0076b
00a95
01075
012a6
0138a
0142f
014f8
01500
01508
01521
0153c
01545
016aa
0176b
017a2
017c8
017da
01885
0191e
01934
01938
01956
01966
0196a
01992
01997
01a10
01aee
01b90
01bd6
01be8
01bfb
01ce5
01d15
01d1c
01d20
02016
020d8
020dd
020e1
02188
0225c
02260
02264
02268
0226c
02270
004f6
004fe
0050a
00514
005e2
00640
0064c
00656
0071b
00723
0072e
00b17
010b0
0114a
01399
0145f
0152c
01542
0154c
01562
0157a
01583
015a7
0164e
0165c
0167d
016fe
017ea
01802
0181c
01822
018d6
01962
01972
01982
019b1
019d7
019ed
01bbc
01bf9
01c24
01c33
01cbf
01d22
01d44
01d48
01e21
02038
0203e
02042
0210e
021e7
02276
0227a
0227e
02282
02286
0228a
0051e
00528
00534
0053b
0058d
0059a
005a4
00600
00670
00676
007b3
00bbd
01104
01193
0130f
01413
01582
0158a
01598
015b1
015c6
015d2
01645
01682
0169c
016be
01735
017f6
01825
0182e
01844
0185e
01864
01918
019ea
01a16
01a1b
01aa4
01c10
01c52
01c64
01c79
01d39
01d65
01d6e
01d72
01f8e
02058
0205f
02063
021b8
0228c
02290
02294
02298
0229c
022a0
00616
0061e
0062b
00634
00683
0068f
0069b
006a2
00765
0076d
00778
00a97
00c17
00c3f
0114b
01352
014fc
015d3
0176c
0177c
0178c
017a2
017b4
017bd
017e2
01840
01884
0188b
018af
01921
019e4
019f9
019fd
01a16
01a30
01a34
01b90
01bb9
01bd9
01bf3
01c90
01c98
01ca5
01d6b
01d92
01d96
01e43
02112
0212a
0212e
021cf
02217
022a6
022aa
022ae
022b2
022b6
022ba
0063c
00646
00652
00659
006ad
006ba
006c4
0071d
0078f
00796
008d1
00b36
00cb5
00ce5
011a3
013cb
01543
01616
01657
0165e
01674
017be
017c5
017d6
0187f
018b0
018d6
018e6
0194b
0198d
01a26
01a3c
01a40
01a64
01a72
01a76
01bd0
01bf9
01c19
01c33
01ca3
01cc2
01ccf
01d89
01db6
01dba
02099
0213f
02144
02148
0222d
022bc
022c0
022c4
022c8
022cc
022d0
00588
0058e
0059a
005a4
0066c
006d1
006df
006e8
007ad
007b5
007c0
00bbf
00d3f
00d61
011da
013db
014ba
01586
01646
01662
0166c
01682
0169f
016a7
016c8
01818
018c4
01908
0191c
01933
01a4e
01a77
01a80
01a95
01ab0
01ab6
01b54
01c30
01c52
01c57
01ca6
01ccd
01cec
01cf9
01dbe
01ddc
01de0
02142
0215a
0215e
021ff
02247
022d6
022da
022de
022e2
022e6
022ea
005ae
005b7
005c4
005cb
006f1
006fd
00707
0070e
007d6
007de
00846
00a49
00a95
00c5e
0122d
01455
0153a
015df
016a6
016af
016b8
016d1
016ec
016f5
0184e
01903
01934
01954
01966
01a11
01aaa
01ac0
01ac4
01ae2
01af2
01af6
01b1c
01b21
01b94
01c6e
01ce4
01d12
01d1b
01dd5
01dfe
01e02
020d8
0216f
02174
02178
02218
022ec
022f0
022f4
022f8
022fc
02300
005d0
005d6
005e1
005ec
006bb
00717
00724
0072e
007f3
007fb
00806
00ad3
00b17
00ce7
01265
012f9
01549
01610
016dc
016f2
016fc
01712
01729
01731
01758
017fe
01806
01827
0189c
01976
0198e
019a8
019ae
01a62
01aee
01afe
01b0c
01b39
01b60
01b73
01cfa
01d21
01d40
01d4f
01e06
01e24
01e28
020f6
020fc
02100
0219e
02277
02306
0230a
0230e
02312
02316
0231a
005f7
005ff
0060c
00613
00665
00673
0067c
006d9
00746
0074e
0088c
00b71
00bbd
00d80
012b7
01342
014bf
015c4
01730
01739
01748
01761
01776
01782
017f5
0182c
01846
01862
018cd
01982
019b1
019ba
019d0
019ea
019f0
01aa4
01b70
01b9c
01ba1
01c24
01d38
01d62
01d6d
01e1d
01e44
01e48
02058
0210e
02115
02119
02248
0231c
02320
02324
02328
0232c
02330
006ee
006f6
00703
0070c
0075b
00767
00773
0077a
0083a
00845
0084d
00a2a
00a6d
00a7c
00a86
00a98
00aa4
00aa8
00c21
00dd9
012fa
01502
016ab
01783
01904
0190e
0191e
01934
01946
01964
019ca
01a00
01a16
01a37
01aac
01b6a
01b7f
01b83
01b9c
01bb4
01bb8
01ce4
01cf7
01d26
01d8d
01d9b
01e43
02127
021b7
021bd
0225e
022a6
02335
02339
0233d
02341
02345
02349
00714
0071e
0072a
00731
00785
00792
0079c
007f5
00864
0086a
00973
00aa9
00b01
00b10
00b1a
00b2c
00b38
00b3c
00cb5
00efd
01353
0157c
016f3
017c6
01806
0180f
01946
0194f
0195e
01977
01a35
01a53
01a70
01ad7
01b14
01baa
01bc0
01bc4
01be6
01bf4
01bf8
01d0e
01d21
01d50
01d9a
01dbf
02038
021c1
021d3
021d7
02279
02305
0234e
02352
02356
0235a
0235e
0065e
00666
00673
0067c
00743
007a9
007b6
007c0
00881
0088b
00893
00abe
00b73
00b9f
00bac
00bbc
00bc9
00bce
00d3f
00e79
0138b
0158c
01669
01735
017f6
0180c
01816
0182c
0184a
01860
01999
01a4e
01a84
01aa6
01abd
01bd0
01bf9
01c02
01c16
01c30
01c36
01cbe
01d42
01d6c
01d9d
01dbe
01de3
02158
021e8
021ed
0228e
022d6
02363
02367
0236b
0236f
02373
02377
00686
0068f
0069c
006a3
007c9
007d4
007df
007e6
008a9
008b1
00900
00a49
00bd1
00c23
00c39
00c42
00c54
00c60
00c64
00ec9
013dc
01606
016e9
0178f
0184a
01853
0185c
01875
01892
018af
019e7
01ab9
01ad2
01af0
01b94
01c2a
01c40
01c44
01c62
01c72
01c76
01c9c
01ce9
01d6b
01dd5
01dff
02078
021f1
02203
02207
02219
022f0
0237c
02380
02384
02388
0238c
006a8
006ae
006ba
006c4
00793
007ef
007fc
00806
008c6
008d0
008d8
00ad3
00be6
00c96
00cc7
00cd4
00ce4
00cf1
00cf6
00df7
01414
014ab
016f9
017c0
01880
01890
0189a
018b0
018c8
018e4
01988
01990
019ac
01a1d
01afc
01b16
01b30
01b36
01be4
01c6e
01c7e
01c8c
01ca3
01cd2
01de5
01e06
01e2d
020f7
0218b
0218f
0222d
02306
02391
02395
02399
0239d
023a1
023a5
006ce
006d8
006e4
006eb
0073d
0074a
00754
007b0
0081d
00825
0093a
00b71
00cf9
00d4b
00d5b
00d64
00d76
00d83
00d87
00f63
01466
014f3
0166f
01773
018c8
018d1
018e0
018f9
01913
01933
019b1
019d0
019ec
01a58
01b0c
01b39
01b42
01b56
01b70
01b76
01c24
01cc4
01cf0
01d3d
01e1d
01e45
020b9
02191
021a4
021a8
02249
02320
023aa
023ae
023b2
023b6
023ba
007c7
007ce
007da
007e4
00831
0083b
00847
0084f
00901
0090c
00913
00a2a
00a3e
00a43
00a62
00a7c
00aaa
00cfb
00d73
00da2
00db3
00dd8
00ddd
00f5c
0107a
014b6
016e6
0185a
01a8f
01a99
01a9f
01ab9
01ad1
01ada
01b50
01b86
01b9c
01bbb
01c2c
01ccd
01cd5
01cea
01cf2
01cf6
01dd4
01de1
01e0a
0216f
02233
0224b
0224f
022f1
023be
023c2
023c6
023ca
023ce
023d2
007ec
007f6
00802
00809
00859
00864
00870
008cd
00922
0092b
00a09
00a83
00aa9
00ad2
00ad7
00af6
00b10
00b3e
00d89
00ddf
00e03
00e28
00e2d
00ffd
014f2
016f6
01890
0194e
0198a
0199a
019b7
01adb
01ae8
01afd
01bb9
01bd7
01bf2
01c58
01c94
01cf7
01d00
01d14
01d1c
01d20
01dfc
01e22
01f41
021d0
02260
02265
02306
0234d
023d6
023da
023de
023e2
023e6
00736
0073e
0074a
00754
0081f
0087c
00885
00893
0093b
00945
0094d
00a8f
00abe
00b29
00b5b
00b69
00b72
00b9e
00bcb
00df2
00e48
00e6e
00e7b
00f44
01106
01544
01770
018cc
01981
01996
0199e
019b1
019d4
019dd
01b22
01bd0
01c06
01c26
01c3d
01d0e
01d28
01d2c
01d42
01d48
01e1c
01e29
01e4e
0210e
02269
0227b
0227f
02321
023ea
023ee
023f2
023f6
023fa
023fe
0075e
00767
00774
0077b
0089b
008a5
008b0
008b8
0095d
00964
009a6
00b40
00bab
00bd1
00c0b
00c19
00c22
00c39
00c66
00e42
00e9b
00ebe
00ecb
00f84
0157a
0177e
01852
01920
019cc
019de
019e6
019fa
01a19
01a3a
01b6c
01c39
01c53
01c70
01ce8
01d4b
01d54
01d64
01d6e
01d72
01d92
01e41
01ea4
02200
02290
02295
022a5
0237b
02402
02406
0240a
0240e
02412
0077e
00786
00792
0079c
0086c
008c1
008cb
008d8
00974
0097e
00986
00bb7
00be6
00c51
00c96
00cab
00cb0
00cc6
00cf3
00df7
00ecf
00efe
00f18
00f1d
010d3
015d1
017c4
0194a
01a0b
01a1a
01a22
01a35
01a52
01a5b
01b10
01b18
01b34
01ba3
01c7c
01c96
01c9e
01ca2
01d6a
01d7a
01d88
01d99
01dc2
0213f
02217
0221d
02292
022c1
02416
0241a
0241e
02422
02426
0242a
007a6
007af
007bc
007c3
00813
0081d
0082a
00889
008e9
008f0
009d8
00c68
00cd3
00cf9
00d33
00d41
00d4a
00d5b
00d8a
00ee2
00f37
00f58
00f66
0101a
01604
01666
0180c
018d0
01a50
01a5c
01a6a
01a7f
01a9a
01abe
01b39
01b56
01b72
01bdc
01c8c
01caa
01cae
01cc4
01cca
01d3c
01db4
01dda
01ee9
0219f
0222f
02236
022d5
023a9
0242e
02432
02436
0243a
0243e
000d7
00898
008a0
008a9
008b6
008fc
00908
00913
00965
009ac
009b3
00a35
00b25
00bbf
00bd1
00bf4
00c02
00c56
00d3f
00d61
00da2
00db2
00dd0
00f0b
00f64
00f87
00fa8
00fad
0107a
01165
01659
01852
019e6
01c10
01c1c
01c2a
01c40
01c52
01c70
01cbc
01ce8
01cf2
01db2
01dc4
01dc8
01ddd
01de7
01f1b
01f2a
01f2e
02247
022d7
022dd
0237b
02442
02446
0244a
0244e
0011c
008be
008c8
008d2
008db
00920
0092a
00932
009c0
009ca
009d2
00a49
00a95
00bb1
00be6
00c5d
00c85
00c91
00cc9
00cf3
00ddf
00e02
00e23
00f55
00f7c
00fd1
00ffa
00fff
010c4
01276
016ac
01a1c
01adc
01b1a
01b24
01c54
01c5c
01c6a
01c83
01cfe
01d16
01d27
01de4
01deb
01dfe
01e03
01e79
01f52
01f57
02186
022e1
022f3
022f7
023d5
02452
02456
0245a
00013
0080c
00814
0081d
0082a
008f1
0093d
00945
0094f
009dd
009e5
00ad3
00b17
00b5d
00c4d
00ce7
00cf9
00d1e
00d2b
00d78
00dcb
00df2
00e45
00e66
00e7a
01008
01025
0103f
01043
011f2
016e7
018d0
01a58
01b0c
01b22
01b2a
01b40
01b5d
01b72
01d10
01d3c
01d46
01dfa
01e0d
01e11
01e25
01e2f
01e6b
01e7b
01e7f
02278
02308
0230d
023a9
0245e
02462
02466
0246a
0005a
00834
0083b
00847
00850
00954
0095f
0096a
009f2
009fd
00a04
00a5c
00a63
00a79
00aa3
00b71
00bbd
00cd9
00d75
00d81
00e31
00e7f
00eab
00ec0
00f85
01052
01079
01089
0108d
0123d
01736
019de
01aac
01b60
01b67
01b6e
01b87
01b9f
01bbf
01d52
01d66
01d77
01e2b
01e33
01e44
01e49
01e91
01ea4
01ea9
021b6
02311
02323
02327
023c0
0246e
02472
02476
00075
00854
0085a
00864
00870
0092d
00976
0097f
00988
00a0e
00a16
00a24
00aa1
00af0
00af7
00b0d
00b37
00c21
00c51
00d67
00e6b
00e92
00eed
00f07
00f1a
01060
010b3
010d0
010d5
01188
01771
0194e
01ad7
01b90
01ba2
01baa
01bc0
01bd6
01bf2
01c92
01c9c
01d6a
01d8e
01d95
01d9f
01e51
01e55
01ec3
01ed3
01ed7
02217
022ab
022af
0234c
0247a
0247e
02482
02486
000bc
00879
00883
0088d
00896
008e6
008ef
008f8
0098e
00998
009a0
00a91
00b2b
00b3d
00b88
00b96
00bc2
00cac
00cd3
00d35
00ed1
00f1f
00f45
00f5a
0101b
010e6
01109
01117
0111b
012c7
017c2
01998
01a5c
01bd8
01be0
01bee
01c07
01c1a
01c3f
01caa
01cc2
01cd9
01d9c
01da3
01db6
01dbb
01ee9
01efc
01f01
021e7
022b1
022c4
022c8
023ec
0248a
0248e
02492
00042
00049
00056
0005e
001db
00955
00960
0096a
009a9
009b1
009bb
00abc
00b05
00b12
00b1e
00b26
00b3f
00b44
00b78
00ba8
00bb2
00bc2
00bcd
00bf0
00d3e
00e18
00e72
00e9a
00ea8
00eca
00f82
00f90
00faa
010e7
0113d
01152
0116a
0116e
012ca
013e1
019e1
01b6d
01d3a
01d59
01db0
01dca
01de7
01f04
01ff2
02003
02022
02350
02368
0236c
02443
02498
0249c
024a0
00077
00081
0008b
00092
00207
00976
0097f
00989
009c6
009d2
00a17
00a49
00b62
00b9f
00bae
00bb6
00bc6
00bd6
00c01
00c28
00c40
00c52
00c5d
00c63
00c9e
00e68
00ec2
00eec
00ef8
00f1a
00fbe
00fda
00ffc
0112b
01168
0119a
011b9
011bd
01364
01856
01ba3
01c5e
01ca8
01d79
01de1
01e00
01f1c
01f45
02018
02026
022ef
0237c
02381
02418
024a2
024a6
024aa
000a4
000ab
000b8
000c0
00136
008e0
008ec
008f6
0099b
009df
009eb
00ad3
00be4
00c2d
00c3a
00c47
00c4e
00c67
00c6c
00cb7
00cd0
00cda
00cee
00cf5
00d1b
00df4
00ee0
00f19
00f3a
00f58
00fbf
01008
01024
0103e
01185
011d3
011f6
011fc
012b9
0146b
01a5f
01bdd
01c8e
01cb1
01df8
01e12
01e2f
01f3e
01f69
01f7c
01f9b
0237e
02396
0239a
0245f
024b0
024b4
024b8
000d9
000e3
000ed
000f4
0016b
00903
0090d
00916
009f4
009ff
00a06
00a5e
00b71
00ca5
00cc7
00cd6
00cde
00ceb
00cfe
00d0c
00d4a
00d62
00d74
00d7f
00d86
00db2
00dbe
00dda
00f09
00f64
01016
01069
01084
0109b
011cd
01224
0123c
01244
012f3
018d4
01b69
01c2d
01cd3
01cfc
01e29
01e46
01e77
01e93
01f9c
01fa0
0231f
023aa
023af
023bf
024ba
024be
024c2
00104
0010b
00118
00120
00188
0091a
00924
00930
009ce
00a10
00a1c
00a28
00a4e
00a6d
00a85
00a98
00aa4
00aa8
00af2
00c21
00d52
00d62
00d6a
00d7b
00d8b
00d9a
00dd9
00e06
00e21
00ead
01053
0109c
010c4
010d2
01189
01240
01279
0128a
0128e
0143c
01ade
01c59
01ce6
01d05
01d8c
01d9b
01e56
01ead
01fae
01fc0
01fdf
02336
0233c
023ac
02452
024c8
024cc
024d0
00015
0001f
00029
00030
001be
0093d
00945
00950
00994
009a0
009e7
00a38
00a77
00a86
00a8e
00a9e
00aae
00adf
00af6
00b18
00b2a
00b35
00b3b
00b84
00cb4
00df0
00e29
00e56
00e6e
00efd
010aa
010f8
01112
0112a
0125d
012ae
012c6
012ce
01383
01952
01b23
01be2
01d28
01d50
01d99
01db8
01ec0
01eed
01fe0
01fe4
022be
0234d
02354
023eb
024d2
024d6
024da
00035
0003f
00054
00059
000dd
00160
00168
00173
002c9
009f8
00a04
00a5e
00ac7
00ad4
00b12
00b45
00b64
00b6c
00b76
00bc2
00c8c
00cd8
00def
00e14
00e1e
00e32
00e45
00e6e
00e7b
00f44
0103f
01068
01076
0109b
0113d
0114e
0116a
012c8
012f1
01312
0131e
013de
014c5
0199a
01e1c
01e31
01e4f
01e6e
01efb
01ff7
020c6
020e3
023d9
023f1
0246e
024df
024e3
024e7
0006a
00080
00088
00090
00124
0018d
00195
001a1
00a0c
00a15
00a1f
00b50
00b60
00b6d
00bc5
00c01
00c14
00c1c
00c26
00c60
00d4e
00d6e
00e3e
00e64
00e72
00e82
00e9a
00ebe
00ecb
00f84
01089
010b2
010c0
010e5
01168
01196
011b9
012e6
01339
0135a
0136c
01426
015d6
01ba5
01d92
01e50
01e97
01ebd
01f32
02044
020e7
0237c
02405
02409
024c7
024ec
024f0
00017
00099
000a1
000b6
000bb
001b2
001bc
001c5
00235
00994
009a0
00a6b
00a89
00b86
00c0b
00c18
00c3a
00c6d
00c9c
00cae
00cb6
00cee
00df4
00e91
00eba
00ec6
00ed4
00efb
00f10
00f1d
010a8
010e4
010fe
01114
01179
011b0
011dc
011fa
0135e
0138c
013a4
013b0
01555
01a1e
01d88
01da1
01dc9
01ec5
01f52
02029
02047
02064
0240b
0241d
0248a
024f5
024f9
024fd
00060
000cf
000e2
000ea
000f2
001e1
001e8
001f4
009a9
009b1
009bc
00b07
00b25
00c78
00ca5
00cb2
00cea
00d0b
00d30
00d40
00d4a
00d83
00edf
00f04
00f12
00f22
00f36
00f58
00f66
00f80
00f96
00fa8
0101b
01129
011cd
01224
0123a
012f0
013a6
013df
013ec
013f8
0159d
01c1e
01dbd
01dda
01e77
01ee9
01f19
02065
02069
023aa
02431
02435
02497
02502
02506
00079
000f9
00101
00116
0011b
00202
0020a
00215
00279
009c6
009d2
00a28
00a30
00a41
00a4c
00a6d
00aaa
00b9b
00bb9
00d36
00d42
00d5d
00d9f
00da8
00dcf
00ddc
00ead
00f54
00f60
00f6e
00fab
00fda
00fe8
01007
01209
01240
01278
0128a
013c4
01416
01434
0143e
014ea
01aa1
01dd4
01de9
01e0b
01eae
01f1e
01fb2
02087
020a4
023c3
023c7
02451
0250b
0250f
02513
00008
0001e
00026
0002e
000c4
0013b
00143
00150
009db
009e3
009ee
00a33
00a40
00a7e
00ab1
00ad0
00ada
00ae2
00b2e
00bf9
00c44
00d1b
00d9b
00dca
00dd6
00de4
00e02
00e23
00e2d
00fca
01006
0102a
0103c
010c5
0125d
012ae
012c4
01380
01438
01469
0147a
01482
01629
01b25
01e05
01e22
01ec0
01f40
01f53
020a5
020a9
0234d
023da
023de
024af
02518
0251c
00a9a
00aa4
00ab2
00d7d
00d8c
00dd8
00de6
00eac
00f52
00f56
00f6c
01047
01054
0108b
01aaa
01aae
01b52
01b7f
01b86
01cd0
01cdc
01e32
01e9d
01ea8
01eb2
01fc5
0208b
0233a
02342
023c5
02470
024c9
0250b
0250f
02523
02527
0252b
0252f
02533
02537
0253b
0253f
02543
02547
0254b
0254f
02553
02557
0255b
0255f
02563
02567
0256b
0256f
02573
02577
0257b
0257f
02583
02587
0258b
00a9f
00aae
00b2e
00b38
00b46
00dca
00de0
00de8
00e2b
00efa
00efe
01093
010d3
010e8
01ae8
01b90
01bb9
01bc2
01bc8
01d00
01e4b
01e58
01ed2
01edc
01fe0
020a5
02102
02354
023da
023e1
02480
024d7
02518
02521
02525
02590
02594
02598
0259c
025a0
025a4
025a8
025ac
025b0
025b4
025b8
025bc
025c0
025c4
025c8
025cc
025d0
025d4
025d8
025dc
025e0
025e4
025e8
025ec
025f0
00b31
00b3d
00b48
00bc4
00bce
00e18
00e1c
00e32
00e78
00e86
00f46
010db
010ea
01119
019a2
019a6
01bd2
01c00
01c06
01d24
01d30
01da2
01ef4
01f00
01f0a
02009
020cb
02368
02370
023f1
0248c
02499
024df
024e3
02590
025f5
025f9
025fd
02601
02605
02609
0260d
02611
02615
02619
0261d
02621
02625
02629
0262d
02631
02635
02639
0263d
02641
02645
02649
0264d
02651
02655
02659
00bc7
00bd6
00c56
00c60
00c6e
00da6
00e68
00e6c
00e82
00ec8
00ed6
00fad
0111f
0112e
019e6
01c10
01c39
01c42
01c48
01d54
01dc0
01dcc
01f29
01f34
02023
020e4
02132
02381
02405
0240d
02448
024a7
024ec
025f5
025f9
0265e
02662
02666
0266a
0266e
02672
02676
0267a
0267e
02682
02686
0268a
0268e
02692
02696
0269a
0269e
026a2
026a6
026aa
026ae
026b2
026b6
026ba
026be
00c59
00c65
00c70
00cf0
00cf6
00df4
00df8
00eba
00ed0
00ed8
00f1b
00fb3
00fc2
00fff
01a26
01a2a
01b12
01c7c
01c82
01d73
01d80
01dea
01f4b
01f57
01f61
01f81
0204b
02396
0239e
0241d
02454
024b1
024f5
024f9
0265e
026c3
026c7
026cb
026cf
026d3
026d7
026db
026df
026e3
026e7
026eb
026ef
026f3
026f7
026fb
026ff
02703
02707
0270b
0270f
02713
02717
0271b
0271f
02723
02727
00cec
00cfe
00d78
00d83
00d92
00e46
00f08
00f0c
00f22
00f62
00f72
00ff7
0103f
01056
01a6a
01b0c
01b39
01b42
01b48
01cac
01e08
01e14
01e7a
01e84
01f9c
02065
02162
023af
02431
02439
02464
024bf
02502
02527
0252b
026c5
0272a
0272e
02732
02736
0273a
0273e
02742
02746
0274a
0274e
02752
02756
0275a
0275e
02762
02766
0276a
0276e
02772
02776
0277a
0277e
02782
02786
00b98
00b9c
00cff
00dce
00dd5
00dea
00f5e
00f6e
00fab
00fc0
0107a
0111f
0112e
01203
0123d
01252
01c2c
01cba
01ccd
01cd7
01cde
01dc5
01f20
01f2b
01f36
01f9c
01fa5
02085
02132
023c3
023cb
02448
0250b
0250f
0252f
02533
02537
0253b
02661
02665
02669
0266d
0278b
0278f
02793
02797
0279b
0279f
027a3
027a7
027ab
027af
027b3
027b7
027bb
027bf
027c3
027c7
027cb
027cf
027d3
00c2e
00d88
00d94
00dd4
00de4
00e21
00e25
00e3a
00fb5
00ffd
0100a
010c4
01249
01254
0128b
01c66
01c6a
01ce6
01cfe
01d04
01de4
01df0
01f55
01f5f
01fb6
01fc1
01fc9
020ab
02192
023dc
02454
024c9
02518
02540
02596
0259a
0259e
025a2
026c8
026cc
026d0
026d4
0278d
027d6
027da
027de
027e2
027e6
027ea
027ee
027f2
027f6
027fa
027fe
02802
02806
0280a
0280e
02812
02816
00aab
00ab6
00cc2
00e1e
00e27
00e3c
00e70
00e7d
00ff5
0100c
01041
01106
0110a
01293
012c7
012dc
01b2c
01d0e
01d21
01d2c
01d32
01e0e
01e70
01e7c
01e86
01fe0
01fe9
020c4
02162
023ef
023f7
02464
024df
024e3
025fb
025ff
02603
02607
0260b
0272d
02731
02735
027d6
027da
0281d
02821
02825
02829
0282d
02831
02835
02839
0283d
02841
02845
02849
0284d
02851
02855
02859
0285d
00b43
00d4e
00d52
00e74
00e84
00ebe
00ec5
00eda
00f86
01047
01054
0108b
01165
0117a
012d5
01b6a
01b6e
01d3a
01d52
01d58
01e2b
01e38
01ea6
01eb0
01ffa
02004
0200d
020ea
021c2
02407
02470
02499
024ec
02542
02546
0254a
0260d
02670
02674
02678
0267c
02680
0281d
02860
02864
02868
0286c
02870
02874
02878
0287c
02880
02884
02888
0288c
02890
02894
02898
0289c
028a0
00a70
00a74
00bd7
00ec2
00ec7
00edc
00f10
00f1d
00fce
00fd2
01093
010d3
010e8
01173
011ae
011c2
01bac
01c90
01d6a
01d7c
01d82
01e52
01ec8
01ed4
01ede
02023
0202c
02045
02102
0241b
02423
02480
024f5
024f9
025ab
025af
025b3
026d5
026d9
026dd
026e1
026e5
02860
02864
028a7
028ab
028af
028b3
028b7
028bb
028bf
028c3
028c7
028cb
028cf
028d3
028d7
028db
028df
028e3
028e7
00b06
00c67
00c72
00f14
00f24
00f58
00f5f
00f76
0101a
010db
010ea
01119
011b3
011c4
011fb
01bea
01bee
01c8e
01caa
01cb0
01d9c
01da8
01efe
01f08
01f72
01f7d
01f85
0206b
021f2
02433
0248c
024b1
02502
02610
02614
02618
026e8
0273a
0273e
02742
02746
0274a
02793
028a5
028a9
028ec
028f0
028f4
028f8
028fc
02900
02904
02908
0290c
02910
02914
02918
0291c
02920
02924
00b22
00b26
00b43
00e60
00e64
00f22
00fa8
00faf
00fc4
0111e
01127
01165
0117a
01230
012d3
012de
013b4
013f3
01402
01db2
01dc3
01dca
01f20
01f2b
01f36
02001
0200b
0205e
02068
0206f
021c2
02446
02499
02505
02662
02666
0266a
02683
02687
02796
0279a
02867
0286b
0286f
0292b
0292f
02933
02937
0293b
0293f
02943
02947
0294b
0294f
02953
02957
0295b
0295f
02963
02967
0296b
00bb8
00bd3
00bde
00eb2
00f6a
00f70
00fb2
00fbb
00ffa
01001
0100e
01173
011ae
011c2
01278
013f0
01404
0143e
01dd4
01de1
01dec
01df2
01f55
01f5f
0201b
02026
0202e
02085
0208d
0214a
02222
02456
0250b
0252d
026c9
026cd
026d1
026ea
026ee
027dd
028aa
028ae
028b2
02929
0292d
02970
02974
02978
0297c
02980
02984
02988
0298c
02990
02994
02998
0299c
029a0
029a4
029a8
00c4a
00c4e
00c6b
00de0
00de8
00f02
00ff2
00ff9
01010
0103e
0104e
011b3
011c4
011fb
012b8
012bc
01444
0147d
0148c
01dfa
01e0c
01e12
01e70
01e7c
01e86
01f7a
01f83
0209d
020a8
020af
021f2
02462
024b1
0251b
026e9
0272e
02732
02736
0274d
02820
02824
028eb
028ef
028f3
02970
029ad
029b1
029b5
029b9
029bd
029c1
029c5
029c9
029cd
029d1
029d5
029d9
029dd
029e1
029e5
029e9
00ce0
00cfa
00d06
00e32
00f4a
00f4e
01046
0104f
01086
0108d
010a2
01142
01201
0120a
01243
0131b
0132a
01486
01e1c
01e29
01e34
01e3a
01ea6
01eb0
01f95
01f9f
01fa7
020c4
020cd
0217a
02252
02472
024df
02542
02546
0254a
0254e
02552
02729
0279e
027a2
027a6
02873
029ad
029b1
029ee
029f2
029f6
029fa
029fe
02a02
02a06
02a0a
02a0e
02a12
02a16
02a1a
02a1e
02a22
02a26
00d6c
00d70
00d8d
00dc0
00dc4
00e82
0108e
01095
010a4
010d2
010e3
01188
0118c
0124b
01285
0129a
01324
01363
01372
01d8e
01e50
01e56
01ec8
01ed4
01ede
01fbe
01fc7
020dc
020e7
020ee
02192
0247e
024c9
024ef
025a9
025ad
025b1
025b5
025b9
027e1
027e5
027e9
028b6
028ba
029ee
02a2b
02a2f
02a33
02a37
02a3b
02a3f
02a43
02a47
02a4b
02a4f
02a53
02a57
02a5b
02a5f
02a63
02a67
00a90
00aab
00ab6
00e12
00ed0
00ed8
010da
010e2
01114
0111b
01132
011d2
01291
0129c
012cd
01360
01374
013ae
01d88
01d99
01da4
01daa
01efe
01f08
01fd8
01fe3
01feb
02045
0204d
0211a
02282
0248e
024f5
025a7
02612
02616
0261a
0261e
026d5
02828
0282c
02830
028f7
0292f
02933
02a2d
02a6a
02a6e
02a72
02a76
02a7a
02a7e
02a82
02a86
02a8a
02a8e
02a92
02a96
02a9a
02a9e
00abc
00b31
00b3d
00b48
00e1a
00e30
00e38
01036
010db
010ea
01164
0116e
012c8
012d6
012e0
0131e
013de
013e2
01486
0155d
0156a
0159f
01ef4
01f08
02001
0200b
020bd
020c7
020cf
0211a
0211f
02253
02499
024e4
025fb
02610
02868
0286c
02876
0287a
02936
029f1
029f5
029f9
02aa3
02aa7
02aab
02aaf
02ab3
02ab7
02abb
02abf
02ac3
02ac7
02acb
02acf
02ad3
02ad7
02adb
02adf
02ae3
00b52
00bc7
00bd6
00e68
00e6c
00e82
0107e
01082
01121
01166
01174
01180
011ac
011bd
01318
0132c
0136c
01426
0142a
015ac
015e5
015fa
01f23
0201b
02026
0202e
020e4
020ec
0212b
02135
021db
022b3
024ea
025f5
0266f
028ab
028af
028b3
028bd
02973
02977
02a32
02a36
02a3a
02aa5
02ae6
02aea
02aee
02af2
02af6
02afa
02afe
02b02
02b06
02b0a
02b0e
02b12
02b16
02b1a
02b1e
00be4
00c59
00c65
00c70
00eba
00ed0
00ed8
00fb5
010c8
010cc
011b1
011be
011f6
011fa
0120e
01367
013aa
013bc
0146a
015ec
015fc
0162b
01f4b
01f5f
01f7a
01f83
0203d
02048
0204f
0214a
0214f
02283
024b1
024fa
026ca
026e9
028ec
028f0
028fa
028fe
029b4
02a69
02a6d
02a71
02ae6
02aea
02b25
02b29
02b2d
02b31
02b35
02b39
02b3d
02b41
02b45
02b49
02b4d
02b51
02b55
02b59
02b5d
00c7a
00cec
00cfe
00f08
00f0c
00f22
00ff5
0100c
0110e
011f3
01204
01210
0123c
01246
012f0
012f4
013b4
013f3
01402
014c7
0162e
0163e
01e73
01f95
01f9f
01fa7
02065
0206d
0215b
02165
0220b
022e3
02500
026c3
0272d
0279d
027a1
027a5
027a9
0293a
0293e
02942
029fd
02a01
02b25
02b60
02b64
02b68
02b6c
02b70
02b74
02b78
02b7c
02b80
02b84
02b88
02b8c
02b90
02b94
02b98
00a28
00d7b
00d81
00d90
00f54
00f6a
00f70
00fa2
01047
01054
01247
0124f
01282
0128a
0129e
0133a
013f0
01404
0143e
014cd
014dc
0150f
01e9d
01eb0
01fbe
01fc7
0207d
02088
0208f
0217a
0217f
02223
024c9
02510
0252d
02542
027e4
027e8
027ec
027f0
0297b
0297f
02983
02a3e
02b60
02b64
02b9f
02ba3
02ba7
02bab
02baf
02bb3
02bb7
02bbb
02bbf
02bc3
02bc7
02bcb
02bcf
02bd3
02bd7
00a24
00a9f
00aae
00dc8
00dcc
00de2
00fea
00fee
01093
01286
01294
012a0
012c6
012d0
01380
01384
01444
0147d
0148c
0151b
01555
0156c
01ecb
01fd8
01fe3
01feb
020a5
020ad
020fb
02105
021ab
02313
02516
02521
025a7
02827
0282b
0282f
02833
029b8
029bc
029c0
02a75
02a79
02aab
02b9d
02ba1
02bdc
02be0
02be4
02be8
02bec
02bf0
02bf4
02bf8
02bfc
02c00
02c04
02c08
02c0c
00cc0
00cc4
00df2
00e20
00e34
00ff5
0100c
011ee
01291
0129c
01314
01320
01474
01488
01490
014c7
0158e
01592
01636
0170e
0171a
0174f
01e70
01e84
01fdb
020bd
020c7
020cf
02162
02167
021ac
02252
023b7
024e4
0272d
02827
029f4
029f8
02a02
02a06
02ab0
02b65
02b69
02b6d
02c11
02c15
02c19
02c1d
02c21
02c25
02c29
02c2d
02c31
02c35
02c39
02c3d
02c41
02c45
02c49
02c4d
02c51
00d50
00e40
00e72
00e77
00e8c
01049
01234
01238
012d5
01316
01326
01330
0135c
0136e
014cd
014dc
0150f
015d6
015da
0175c
01792
017aa
01ea0
01ffa
0200c
020e4
020ec
02173
0217d
021bc
021c6
022fa
024ea
02542
0281b
02a31
02a35
02a39
02a43
02aeb
02aef
02ba4
02ba8
02bac
02c13
02c54
02c58
02c5c
02c60
02c64
02c68
02c6c
02c70
02c74
02c78
02c7c
02c80
02c84
02c88
02c8c
00a70
00a74
00e92
00ec4
00ed4
01091
010a0
01173
0127c
01280
01365
01370
013a2
013ac
013be
0151b
01555
0156c
0161a
0179d
017ac
017db
01ec8
01edc
0201e
0203d
02048
0204f
02102
02107
021dc
02282
0235b
024fa
026d6
028ab
02a6c
02a70
02a7a
02a7e
02b2a
02bd9
02bdd
02be1
02c54
02c58
02c93
02c97
02c9b
02c9f
02ca3
02ca7
02cab
02caf
02cb3
02cb7
02cbb
02cbf
02cc3
02cc7
02ccb
00b06
00ee0
00f12
00f16
00f2c
010dd
011b3
011c4
012c0
013a6
013b6
013c0
013ec
013f8
014a0
014a4
01564
0159d
015b2
01677
017df
017ee
01ef7
01f72
01f84
02065
0206d
02114
0211d
021ec
021f6
0232a
02500
02610
028a5
0293b
0293f
02943
02947
02ab4
02ab8
02abc
02b71
02b75
02c93
02cce
02cd2
02cd6
02cda
02cde
02ce2
02ce6
02cea
02cee
02cf2
02cf6
02cfa
02cfe
02d02
02d06
00b98
00b9c
00da2
00f5e
00f6e
0111f
0112e
0115e
01201
0120a
013fa
01400
01434
0143a
0144e
014ea
015a5
015b4
015e7
0167e
0168c
016bf
01f20
01f34
01f98
0207d
02088
0208f
02132
02137
0220c
02222
02389
02510
02662
0279d
0297c
02980
02984
02988
02af3
02af7
02afb
02bb0
02cce
02cd2
02d0d
02d11
02d15
02d19
02d1d
02d21
02d25
02d29
02d2d
02d31
02d35
02d39
02d3d
02d41
02d45
00c2e
00d9a
00dd2
00dd7
00dec
00fb5
011a4
011a8
0124b
01438
01446
01450
0147a
01482
01530
01534
015f4
01629
0163c
016cb
01702
0171c
01f4e
01fb6
01fc8
020a5
020ad
02143
0214d
0218c
02196
022ca
02516
02594
0278b
029b9
029bd
029c1
029c5
02b2e
02b32
02b36
02be5
02be9
02c19
02d0b
02d0f
02d4a
02d4e
02d52
02d56
02d5a
02d5e
02d62
02d66
02d6a
02d6e
02d72
02d76
02d7a
00f00
00f04
00fcc
00ff4
01005
011b3
011c4
0139e
01432
0144c
014c4
014cf
01624
01638
01640
01677
0173e
01742
017e6
018ac
018b8
018e7
01e70
01e84
01f75
0209d
020ae
02162
02167
021f4
02234
0223d
022e3
0243c
028ea
029b9
02b68
02b6c
02b76
02b7a
02c1e
02cd3
02cd7
02cdb
02d7f
02d83
02d87
02d8b
02d8f
02d93
02d97
02d9b
02d9f
02da3
02da7
02dab
02daf
02db3
02db7
02dbb
02dbf
00f4c
01014
01044
0104b
0105a
01203
013e4
013e8
01486
014ca
014d6
014e0
0150c
01517
0167e
0168c
016bf
01786
0178a
018f4
01924
0193c
01ea0
01f95
01fa6
020c0
02173
0217d
02204
0220e
02252
02257
0238a
02542
029ad
02ba3
02ba7
02bab
02bb5
02c59
02c5d
02d12
02d16
02d1a
02d81
02dc2
02dc6
02dca
02dce
02dd2
02dd6
02dda
02dde
02de2
02de6
02dea
02dee
02df2
02df6
02dfa
00dc0
00dc4
01060
01090
01099
01249
01254
01324
0142c
01430
01519
01520
01552
01559
0156e
016cb
01702
0171c
017ca
0192f
0193e
01967
01ec8
01edc
01fb9
020dc
020ed
02102
02107
02194
02263
0226d
02313
023e4
027e2
02a31
02bdc
02be0
02bea
02bee
02c98
02d47
02d4b
02d4f
02dc2
02dc6
02e01
02e05
02e09
02e0d
02e11
02e15
02e19
02e1d
02e21
02e25
02e29
02e2d
02e31
02e35
02e39
00e12
010a8
010d8
010df
010ee
01293
01360
01374
01470
0155a
01566
01570
0159c
015a7
01650
01654
01714
0174a
01762
01821
0196b
0197a
01ef7
01fd8
01fea
02040
02114
0211d
021a5
021ae
02282
02287
023b8
02610
02a2b
02ab5
02ab9
02abd
02ac1
02c22
02c26
02c2a
02cdf
02ce3
02e01
02e3c
02e40
02e44
02e48
02e4c
02e50
02e54
02e58
02e5c
02e60
02e64
02e68
02e6c
02e70
02e74
00e60
00e64
00f82
0111e
01127
012d3
012de
0130e
013a8
013ba
015aa
015b0
015e2
015e9
015fe
0169a
01756
01764
01797
01828
01836
01863
01f20
01f34
01ffd
0205e
0206e
02132
02137
021c4
02293
0229d
022b3
02410
02866
0293b
02af4
02af8
02afc
02b00
02c61
02c65
02c69
02d1e
02e3c
02e40
02e7b
02e7f
02e83
02e87
02e8b
02e8f
02e93
02e97
02e9b
02e9f
02ea3
02ea7
02eab
02eaf
02eb3
00eb2
00f7a
00fb0
00fb7
00fc6
01173
01354
01358
013fc
015ea
015f6
01600
01628
01631
016e0
016e4
017a4
017d4
017ec
0186f
018a0
018ba
01f4e
0201b
0202d
02080
02143
0214d
021d4
021de
02222
02227
0235c
026ca
02929
02b2f
02b33
02b37
02b3b
02c9c
02ca0
02ca4
02d53
02d57
02d87
02e79
02e7d
02eb8
02ebc
02ec0
02ec4
02ec8
02ecc
02ed0
02ed4
02ed8
02edc
02ee0
02ee4
02ee8
010c8
010cc
01186
011b1
011be
01360
01374
0154e
015ec
015fc
01676
01680
017d6
017e8
017f0
01821
018d6
018da
01972
01a38
01a44
01a73
01f72
01f84
02040
02143
0214d
021f2
021f7
02284
022c4
022cd
02373
02490
02a6b
02b2f
02cd6
02cda
02ce4
02ce8
02d8c
02e41
02e45
02e49
02eed
02ef1
02ef5
02ef9
02efd
02f01
02f05
02f09
02f0d
02f11
02f15
02f19
02f1d
02f21
02f25
02f29
02f2d
0110e
011cc
011f3
01204
01210
013b4
01594
01598
01636
0167b
01686
01690
016be
016c8
01828
01836
01863
01918
0191c
01a80
01ab0
01ac8
01f98
0205e
0206e
0215e
02203
0220d
02294
0229e
022e2
022e7
02410
0279d
02b23
02d11
02d15
02d19
02d23
02dc7
02dcb
02e80
02e84
02e88
02eef
02f30
02f34
02f38
02f3c
02f40
02f44
02f48
02f4c
02f50
02f54
02f58
02f5c
02f60
02f64
02f68
00fa0
00fa4
01216
01247
0124f
013f0
01404
014d4
015dc
015e0
016c9
016d0
01704
0170a
0171e
0186f
018a0
018ba
01956
01abb
01aca
01af3
01fb6
01fc8
02080
02173
0217d
02192
02197
02224
022f3
022fd
023a1
02458
0297a
02ba3
02d4a
02d4e
02d58
02d5c
02e06
02eb5
02eb9
02ebd
02f30
02f34
02f6f
02f73
02f77
02f7b
02f7f
02f83
02f87
02f8b
02f8f
02f93
02f97
02f9b
02f9f
02fa3
02fa7
00fec
0125c
01286
01294
012a0
01444
01515
01524
01620
0170b
01716
01720
0174e
01758
01800
01804
018b2
018e2
018fa
019ad
01af7
01b06
01fdb
0209d
020ae
020fe
021a4
021ad
02235
0223e
02312
02317
0243c
02827
02b9d
02c23
02c27
02c2b
02c2f
02d90
02d94
02d98
02e4d
02e51
02f6f
02faa
02fae
02fb2
02fb6
02fba
02fbe
02fc2
02fc6
02fca
02fce
02fd2
02fd6
02fda
02fde
02fe2
01034
01038
0113e
012d1
012d9
01476
0148e
014be
0155d
0156a
0175a
01760
01794
0179a
017ae
01844
018ee
018fc
01929
019b4
019c2
019ef
01ffa
0200c
020c0
02114
0211d
021c2
021c7
02254
02323
0232d
02345
02474
029f2
02ab6
02c62
02c66
02c6a
02c6e
02dcf
02dd3
02dd7
02e8c
02faa
02fae
02fe9
02fed
02ff1
02ff5
02ff9
02ffd
03001
03005
03009
0300d
03011
03015
03019
0301d
03021
01080
01136
01166
01174
01180
01324
01504
01508
015ac
0179b
017a6
017b0
017da
017e2
01884
01888
01936
01960
01978
019fb
01a2c
01a46
0201e
020dc
020ed
0212e
021d3
021dd
02264
0226e
022b2
022b7
023e4
028ab
02aa3
02c9d
02ca1
02ca5
02ca9
02e0a
02e0e
02e12
02ec1
02ec5
02ef5
02fe7
02feb
03026
0302a
0302e
03032
03036
0303a
0303e
03042
03046
0304a
0304e
03052
03056
0127c
01280
01336
01365
01370
01515
01524
016fe
0179d
017ac
01820
0182a
01962
01974
0197c
019ad
01a62
01a66
01afe
01bbc
01bca
01bf5
0203d
0204e
020fe
021d3
021dd
02282
02287
02314
02352
0235b
023fa
024da
02a6b
02c54
02e42
02e46
02e4a
02e54
02ef8
02efc
02fb1
02fb5
02fb9
0305d
03061
03065
03069
0306d
03071
03075
03079
0307d
03081
03085
03089
0308d
03091
03095
03099
012c0
0137c
013a6
013b6
013c0
01564
01744
01748
017e6
01825
01830
0183a
01862
0186c
019b4
019c2
019ef
01aa4
01aa8
01c04
01c30
01c4a
02061
02114
0211d
021ee
02293
0229d
02324
0232e
0236f
02375
02474
02623
02ab6
02cd4
02e81
02e85
02e8f
02e93
02f37
02fec
02ff0
02ff4
0305b
0305f
0309e
030a2
030a6
030aa
030ae
030b2
030b6
030ba
030be
030c2
030c6
030ca
030ce
030d2
0115c
01160
013c6
013fa
01400
015a5
015b4
01684
0178c
01790
0186d
01874
018a2
018a8
018bc
019fb
01a2c
01a46
01ae2
01c3b
01c4c
01c73
0207d
0208e
0212e
02203
0220d
02222
02227
022b4
0237f
02389
02426
024aa
0297a
02cce
02eb6
02eba
02ebe
02ec8
02f72
02f76
03025
03029
0302d
0309e
030d7
030db
030df
030e3
030e7
030eb
030ef
030f3
030f7
030fb
030ff
03103
03107
0310b
0310f
011a6
0140c
01438
01446
01450
015f4
016c6
016d4
017d0
018a9
018b4
018be
018e6
018f0
0198c
01990
01a3e
01a6e
01a86
01b35
01c77
01c88
020a0
02143
0214d
0218e
02234
0223d
022c5
022ce
0239d
023a3
02490
026f1
02b2f
02d48
02d93
02d97
02d9b
02d9f
02f00
02f04
02f08
02fbd
030d7
030db
03114
03118
0311c
03120
03124
03128
0312c
03130
03134
03138
0313c
03140
03144
03148
011ec
011f0
012ee
01484
0148a
0162e
0163e
0166e
0170e
0171a
018f2
018f8
01926
0192c
01940
019d0
01a7a
01a88
01ab5
01b3c
01b4c
01b75
020bd
020ce
0215e
021a4
021ad
02252
02257
022e4
023ad
023b7
023ce
024c2
029f2
02c17
02dce
02dd2
02dd6
02dda
02f3b
02f3f
02f43
02ff8
02ffc
03114
0314d
03151
03155
03159
0315d
03161
03165
03169
0316d
03171
03175
03179
0317d
03181
03185
01236
012e6
01316
01326
01330
014d4
016b4
016b8
0175c
0192d
01938
01942
01966
0196e
01a10
01a14
01ac2
01aec
01b04
01b83
01bb0
01bcc
020df
02173
0217d
021be
02263
0226d
022f4
022fe
02341
02347
02458
02555
02ba3
02c61
02e0d
02e11
02e15
02e19
02f7a
02f7e
02f82
03031
03061
03065
0314f
03188
0318c
03190
03194
03198
0319c
031a0
031a4
031a8
031ac
031b0
031b4
031b8
0142c
01430
014e6
01519
01520
016c6
016d4
0189c
0192f
0193e
019ac
019b6
01aee
01b00
01b08
01b35
01be4
01be8
01c80
01cfa
01d06
01d1d
020fb
02105
0218e
02263
0226d
02312
02317
0239e
023da
023e3
02466
0251c
026f1
02d48
02e0b
02fb2
02fb6
02fc0
02fc4
03068
03117
0311b
0311f
031bf
031c3
031c7
031cb
031cf
031d3
031d7
031db
031df
031e3
031e7
031eb
031ef
031f3
031f7
031fb
01470
0152c
0155a
01566
01570
01714
018dc
018e0
01972
019b1
019bc
019c6
019ee
019f8
01b3c
01b4c
01b75
01c24
01c28
01d2a
01d42
01d5e
02117
021a4
021ad
0227e
02323
0232d
023b0
023b9
023f6
023fc
024c2
025fd
02ab6
02dff
02fed
02ff1
02ff5
02fff
030a1
030a5
03154
03158
031bd
031c1
03200
03204
03208
0320c
03210
03214
03218
0321c
03220
03224
03228
0322c
03230
03234
0130c
01310
01576
015aa
015b0
01756
01764
0182e
0191e
01922
019f9
01a00
01a2e
01a34
01a48
01b83
01bb0
01bcc
01c62
01d4d
01d5a
01d6f
0212b
02135
021be
02293
0229d
022b2
022b7
02342
02405
0240f
02482
024f0
02671
02c61
02e7f
03026
0302a
03034
03038
030de
03187
0318b
0318f
03200
03239
0323d
03241
03245
03249
0324d
03251
03255
03259
0325d
03261
03265
03269
0326d
03271
01356
015bc
015ea
015f6
01600
017a4
0186a
01878
0195c
01a35
01a40
01a4a
01a72
01a7c
01b14
01b18
01bc4
01bf0
01c0a
01c9f
01d73
01d80
02146
021d3
021dd
0221e
022c4
022cd
02355
0235d
02422
02428
024da
025bc
02b2f
02e79
02eff
02f03
02f07
02f0b
0306c
03070
03074
03123
03239
0323d
03276
0327a
0327e
03282
03286
0328a
0328e
03292
03296
0329a
0329e
032a2
032a6
032aa
0139c
013a0
0149e
01634
0163a
017df
017ee
01818
018ac
018b8
01a7e
01a84
01ab2
01ab8
01acc
01b56
01bfc
01c0c
01c35
01ca6
01cb2
01cc9
0215b
02165
021ee
02234
0223d
022e2
022e7
02370
02431
0243b
0244a
02506
0273b
02cd4
02d92
02f3e
02f42
02f46
02f4a
030a9
030ad
0315c
03160
03276
032af
032b3
032b7
032bb
032bf
032c3
032c7
032cb
032cf
032d3
032d7
032db
032df
032e3
032e7
013e6
01496
014ca
014d6
014e0
01684
01858
0185c
018f4
01ab9
01ac4
01ace
01af2
01afa
01b94
01b98
01c44
01c6c
01c86
01cd5
01cee
01d0a
02176
02203
0220d
0224e
022f3
022fd
02382
0238b
023ca
023d0
024aa
0252f
02ba3
02d7f
02f79
02f7d
02f81
02f85
030e2
030e6
030ea
03193
031c3
031c7
032b1
032ea
032ee
032f2
032f6
032fa
032fe
03302
03306
0330a
0330e
03312
03316
0331a
015dc
015e0
01696
016c9
016d0
0186a
01878
01a28
01abb
01aca
01b34
01b3e
01c6e
01c7e
01c84
01c9f
01d12
01d16
01d7a
01de4
01df0
01e01
01f55
0218b
02195
0221e
022f3
022fd
0239d
023a3
02423
02454
0245a
024fb
026d8
026f3
02d48
02f30
03118
0311c
03126
0312a
031ca
03279
0327d
03281
03321
03325
03329
0332d
03331
03335
03339
0333d
03341
03345
03349
0334d
03351
03355
03359
01620
016dc
0170b
01716
01720
018b2
01a68
01a6c
01afe
01b39
01b42
01b48
01b74
01b7e
01ca6
01cb2
01cc9
01d3c
01d40
01e0e
01e20
01e3c
01e85
021a7
02234
0223d
0230e
023ad
023b7
02434
0243d
02465
024c2
02557
0273b
02754
02d92
02fb0
03155
03159
03163
03203
03207
032b6
032ba
0331f
0335c
03360
03364
03368
0336c
03370
03374
03378
0337c
03380
03384
03388
0338c
03390
014bc
014c0
01726
0175a
01760
018ee
018fc
019ba
01aaa
01aae
01b7f
01b86
01bb2
01bb8
01bce
01cd5
01cee
01d0a
01d64
01e2b
01e38
01e47
01ea6
021bb
021c5
0224e
02323
0232d
02341
02347
023cb
02470
02476
02511
02544
02557
02c61
02faa
03188
0318c
03196
0319a
03240
032e9
032ed
032f1
0335e
03397
0339b
0339f
033a3
033a7
033ab
033af
033b3
033b7
033bb
033bf
033c3
033c7
033cb
01506
0176c
0179b
017a6
017b0
01936
019f6
01a04
01ae8
01bb9
01bc2
01bc8
01bf4
01bfe
01c94
01c98
01d00
01d18
01d34
01d95
01e4b
01e58
01edd
021d6
02263
0226d
022ae
02352
0235b
023dd
023e5
02481
024da
02596
025bc
02625
02e0b
03025
0306f
03073
03077
031ce
031d2
031d6
03285
03395
033ce
033d2
033d6
033da
033de
033e2
033e6
033ea
033ee
033f2
033f6
033fa
033fe
03402
0154c
01550
0164e
017e4
017ea
0196b
0197a
019a4
01a38
01a44
01c00
01c06
01c32
01c38
01c4e
01cc0
01d24
01d30
01d47
01d9c
01da8
01db9
01efe
021eb
021f5
0227e
022c4
022cd
0236f
02375
023f7
0248c
02492
024e5
02612
02625
02cd4
02ef3
030a8
030ac
030b0
030b4
0320b
0320f
032be
032c2
033d0
03409
0340d
03411
03415
03419
0341d
03421
03425
03429
0342d
03431
03435
03439
0343d
01596
01646
0167b
01686
01690
0182e
019e4
019e8
01a80
01c39
01c42
01c48
01c72
01c7a
01ce8
01cec
01d54
01d68
01d84
01dc5
01dd8
01df4
01f35
02206
02293
0229d
022de
0237f
02389
02408
02411
02449
024aa
02664
0268a
026f3
02e7f
02f3c
030e5
030e9
030ed
03244
03248
0324c
032f5
03323
03407
03440
03444
03448
0344c
03450
03454
03458
0345c
03460
03464
03468
0346c
03470
00bd3
00bde
00c52
00c5d
00c74
0178e
0183e
01867
01871
0187c
019fb
01baa
01bae
01c44
01c9c
01ca2
01cb8
01d78
01d7e
01d90
01dac
01e52
01ed2
02023
0221b
02225
022ae
0237f
02387
02422
02428
02483
024a6
024fb
02682
0268e
02692
02696
0269a
028c1
02eb6
0309b
0327b
0327f
03289
0328d
03329
033d2
033d6
03474
03478
0347c
03480
03484
03488
0348c
03490
03494
03498
0349c
034a0
00c6b
00ce4
00ce8
00cf7
017ce
017d2
01882
018b0
018b6
01a38
01a44
01bec
01c77
01c88
01caa
01cb0
01cc6
01ccc
01ce2
01da2
01db4
01dd0
01f09
01f81
02237
022c4
022cd
02398
02431
0243b
0248d
024b0
024b4
02612
026f1
026f7
026fb
026ff
0273a
02900
02efe
032b4
032b8
032bc
032c6
03360
03364
0340d
03411
03476
034a4
034a8
034ac
034b0
034b4
034b8
034bc
034c0
034c4
034c8
00cfa
00d06
00d74
00d7f
00d96
0166e
018c2
018eb
018f6
01900
01a80
01b3c
01b4c
01c2c
01ccd
01cd7
01cde
01cf2
01cfc
01dc0
01dcc
01ddd
01f29
01f9c
0224b
02255
022de
023ad
023b5
023ca
023d0
0244b
024be
02511
02664
02752
02758
0275c
02760
027ad
02dce
03111
032eb
032ef
032f9
032fd
0339b
03440
03444
034a2
034cc
034d0
034d4
034d8
034dc
034e0
034e4
034e8
034ec
034f0
034f4
00a96
00aa1
00ab8
00d8d
016b4
016b8
01906
01934
0193a
01abb
01aca
01b83
01c66
01c6a
01cfe
01d04
01d1a
01d20
01d36
01dea
01dfc
01e18
01f60
01fc5
02266
022f3
022fd
0233c
023da
023e3
02455
024c8
024cc
02540
02559
0255d
02561
02565
026cb
02837
02f78
031ce
031d2
031d6
031da
0332d
03331
033da
033de
034ce
034f8
034fc
03500
03504
03508
0350c
03510
03514
03518
0351c
00aab
00ab6
00b2a
00b35
00b4c
016fe
017fc
01962
01974
0197c
01afe
01b2a
01b2e
01bc4
01d21
01d2c
01d32
01d46
01d50
01e08
01e14
01e25
01e7a
01fe0
0227b
02285
0230e
02352
02359
023f6
023fc
02467
024d6
024e5
025bc
025c2
025c6
025ca
025fc
02837
02e42
03060
0320b
0320f
03213
03217
03368
0336c
03415
034f6
03520
03524
03528
0352c
03530
03534
03538
0353c
03540
03544
03548
00b43
00bbc
00bc0
00bcf
01744
01748
017f8
0182c
01832
019b4
019c2
01b6c
01bfc
01c0c
01d52
01d58
01d6c
01d72
01d86
01e32
01e40
01e5c
01eb1
02009
02296
02323
0232d
0236a
02405
0240f
02471
02498
0249c
02544
02623
02629
0262d
02631
02670
028c1
02fec
03244
03248
0324c
03250
0339f
033a3
03448
0344c
0347a
03522
0354c
03550
03554
03558
0355c
03560
03564
03568
0356c
00aa1
00ab8
00c22
00d6c
00d70
00d8d
00e80
00e88
00ecb
0191e
01922
019cc
019f9
01a00
01b7c
01b8c
01d54
01d92
01d98
01dae
01e50
01e56
01ed2
01fbe
020e4
022ab
022b5
0233c
02405
0240d
02481
024c9
024ea
024ee
02555
0255b
0255f
02569
025aa
02670
02674
02678
0287f
02883
02a81
031fe
033d4
033d8
033e2
0347c
03480
03572
03576
0357a
0357e
03582
03586
0358a
0358e
03592
03596
00a90
00aab
00ab6
00b3b
00cb4
00cb8
00ed2
00f18
00f26
0195c
01a0c
01a35
01a40
01a4a
01bc4
01d73
01d80
01da0
01da6
01db6
01dbc
01dd2
01f09
01fe7
0204b
022c7
02352
02359
0241d
0248c
02492
024d7
024f7
025a7
025c0
025c4
025ce
025d2
026d5
026d9
026dd
026e1
028c6
0294c
02eff
0340b
0340f
03419
0341d
034a8
03570
03598
0359c
035a0
035a4
035a8
035ac
035b0
035b4
035b8
00b22
00b26
00b43
00bc9
00be0
00d4a
00f20
00f28
00f66
01816
0181a
01a50
01a7e
01a84
01bfc
01c0c
01cac
01dbd
01dc7
01dce
01ddc
01de6
01f29
02001
02065
022db
022e5
0236a
02431
02439
02449
02499
02500
02504
02623
02629
0262d
02637
02663
0273a
0273e
02742
02903
02907
0298b
03274
03442
03446
03450
034d0
034d4
0359a
035be
035c2
035c6
035ca
035ce
035d2
035d6
035da
035de
00a4a
00bb6
00bba
00bd7
00c5d
00c74
00ddb
00f6a
00f70
0185a
01a90
01ab9
01ac4
01ace
01c44
01cd0
01cdc
01de8
01dee
01dfe
01e04
01e1a
01f60
0202a
0208b
022f6
0237f
02387
023c5
02454
0245a
024a7
0250d
0252d
02531
02535
02681
0268d
02691
02695
0269f
026cc
027b2
0298b
02f79
0332d
03331
03335
03339
034fc
035bc
035e0
035e4
035e8
035ec
035f0
035f4
035f8
035fc
03600
00adc
00ae0
00c4c
00c67
00c72
00cf7
00de0
00de8
00e2b
0189a
0189e
0198a
01afc
01b02
01c77
01c88
01d00
01e05
01e10
01e16
01e24
01e2e
01e7a
01f7a
020a5
0230b
02315
02398
023da
023e1
02465
024b1
02516
0251a
02596
0259a
0259e
026f0
026f6
026fa
02704
02708
027f5
027f9
02a09
031c3
03368
0336c
03370
03524
03528
035e2
03606
0360a
0360e
03612
03616
0361a
0361e
03622
03626
00b72
00cde
00ce2
00cff
00d7f
00d96
00e32
00e78
00e86
018de
01982
019b1
019bc
019c6
01b44
01d24
01d30
01e30
01e36
01e44
01e4a
01e5e
01eb1
01fa3
020cb
02326
023ad
023b5
023f1
02470
02476
024bf
024e1
02544
025fd
02601
02605
02751
02757
0275b
02765
02769
0283c
02a09
02fed
0339f
033a3
033a7
033ab
0354c
03574
03604
03628
0362c
03630
03634
03638
0363c
03640
03644
00c8e
00cb6
00cc4
00cf5
00d03
00df6
00e14
00e2b
00e36
00f18
00ffe
0100b
01291
01e88
01f58
01f64
02163
02397
024bc
02597
026c5
026d0
026eb
0270a
0272d
0276a
027d7
027fc
02828
02841
028bb
0296e
02985
0298f
02993
029bb
029ce
029d2
02b25
02b42
02b7c
02be5
02c1d
02c33
02d27
02d86
02d93
02da3
02da7
02ecc
02fba
0364a
0364e
03652
03656
0365a
0365e
03662
03666
0366a
0366e
00d28
00d50
00d7e
00d8b
00d94
00e48
00e74
00e82
00e8b
01040
01050
01059
01e7a
01e85
01eaf
02008
02181
023f0
024ea
02529
02546
0256f
02733
0273d
02755
02770
02843
02868
02884
028eb
02902
029ad
029c4
029d6
029da
029fd
02a0d
02a11
02b62
02b82
02bb9
02c13
02c5a
02c70
02d60
02da9
02dd0
02de0
02de4
02f4c
03648
03673
03677
0367b
0367f
03683
03687
0368b
0368f
03693
00a4a
00a6b
00a74
00aa5
00ab3
00dd8
00eae
00ec4
00ed2
00edb
01092
0109e
01171
01ea9
01eb5
01ee0
02103
0233b
024d4
02521
02531
0254a
02558
02573
025ad
025d6
0279f
027b0
02888
028af
028c9
02973
029ee
02a13
02a17
02a33
02a4a
02a4e
02aec
02bbd
02bdd
02bf2
02c56
02c97
02cad
02dc3
02e04
02e1b
02e1f
02ec0
0302e
03698
0369c
036a0
036a4
036a8
036ac
036b0
036b4
036b8
036bc
00af7
00b06
00b34
00b41
00b4a
00efc
00f04
00f1b
00f27
010d4
010e4
010ed
01ed2
01edd
01f07
01f80
02121
0241c
02500
02590
025af
025b6
025d8
0260f
0263b
02739
027ed
028a6
028cf
028f5
0290a
02a2b
02a42
02a54
02a58
02a77
02a85
02a89
02ab8
02ac7
02bf4
02c77
02cb2
02cdf
02cec
02e00
02e44
02e58
02e5c
02ef8
03697
036c1
036c5
036c9
036cd
036d1
036d5
036d9
036dd
036e1
00b72
00b92
00b9c
00bcd
00bdb
00e78
00f48
00f5e
00f6c
00f75
01120
0112c
01201
01f01
01f0d
01f38
02133
02369
024a4
0252c
025ff
02617
0261e
02640
02666
026a3
02792
02798
027b6
0282b
0283a
0292f
02937
0294e
02952
029ff
02a8b
02a8f
02aa5
02acb
02b02
02b71
02cd0
02d13
02d29
02dc9
02e60
02e8b
02e97
02e9b
03003
036e6
036ea
036ee
036f2
036f6
036fa
036fe
03702
03706
0370a
00bfe
00c2e
00c5c
00c69
00c72
00da8
00dd4
00de2
00deb
00fac
00fbc
00fc5
01f29
01f35
01f5e
01fc4
02151
023c4
02516
0265c
02668
02674
0268d
026a8
026d2
0270f
027b9
027dc
027fd
02869
0287e
0292b
02956
0295a
02976
02995
02999
02a3e
02b06
02b31
02b45
02cf1
02d2e
02d53
02d64
02e7a
02eb8
02ece
02ed2
02f72
03649
0370e
03712
03716
0371a
0371e
03722
03726
0372a
0372e
00eeb
00efb
00f04
00f1b
00f27
00fcf
00feb
00fff
0100b
010d3
011b6
011c2
01432
01e8c
01f83
02023
0202a
021f2
0241c
025af
026ce
028a5
028b0
028bd
028d0
028ef
0290f
0298c
029b4
029cb
02a34
02ae5
02afd
02b0b
02b0f
02b33
02b47
02b4b
02c93
02cb6
02cea
02d55
02d8c
02da1
02e9f
02ef4
02f00
02f12
02f16
0303c
03120
0364c
036c0
03733
03737
0373b
0373f
03743
03747
0374b
0374f
00f3a
00f4b
00f5f
00f6c
00f75
0101c
01043
0104c
01059
011f4
01204
0120f
01e7c
01eb8
01f7c
01f86
01fa9
0220e
0250b
02616
02733
02793
027a3
028eb
028fa
0290d
029ae
029dc
029fe
02a0c
02a7c
02b23
02b3a
02b4e
02b52
02b73
02b84
02b88
02cd0
02cf4
02d29
02d81
02dc9
02dde
02ed6
02f18
02f3d
02f4f
02f53
030b6
0364f
03674
036e8
03753
03757
0375b
0375f
03763
03767
0376b
00da5
00db6
00dc4
00ddb
00de6
00fab
0107c
0108d
01096
010a3
01245
01252
01318
01ec6
01f9c
01fa3
01fc7
02192
023c4
02532
02668
0278b
027a2
027a9
027bd
027e7
02801
02948
02a12
02a33
02a49
02aeb
02b63
02b89
02b8d
02ba7
02bbc
02bc3
02c5c
02d2e
02d4b
02d66
02dc4
02e06
02e1b
02f31
02f74
02f89
02f8e
0302e
03190
03699
0370d
0376f
03773
03777
0377b
0377f
03783
03787
0378b
00e01
00e11
00e25
00e32
00e3b
010c3
010c9
010dd
010e8
01287
01294
0129f
01ed4
01f10
01fc0
01fca
01fed
021ae
024df
025fa
026ea
027d8
027ea
027fa
02826
0283f
0297e
02a2c
02a5a
02a76
02a84
02b9d
02bb4
02bc8
02bcc
02be7
02bf8
02bfc
02c26
02c3b
02d5f
02dea
02e24
02e4e
02e5a
02f6e
02fb1
02fc6
02fcb
03066
03650
036c2
036c6
0378f
03793
03797
0379b
0379f
037a3
037a7
00e45
00e56
00e64
00e7b
00e86
0103f
0110a
0111b
01124
01131
012cf
012dc
013a8
01f03
01fe0
01fe7
0200b
021c2
023f0
025fe
02734
0281a
0282c
02833
02847
0286b
0288b
02934
0293d
0295d
029c6
02aa8
02ab1
02ac8
02acf
02b71
02bfd
02c01
02c13
02c3d
02c70
02ce1
02e3e
02e81
02e95
02f35
02fcf
02ff9
03006
0300a
03167
03679
036eb
037ab
037af
037b3
037b7
037bb
037bf
037c3
037c7
00ea0
00eb1
00ec5
00ed2
00edb
00f88
00faf
00fb8
00fc5
01167
01174
0117f
01ea4
01f5f
02003
0200e
02030
021de
024f5
0254e
026c9
02862
0286e
02888
028aa
028c9
0292a
0295e
0297b
02996
02a04
02aa6
02ad2
02ad6
02aee
02b06
02b13
02bae
02c75
02ca0
02cb7
02e64
02e9e
02ec2
02ed0
02fe8
03026
0303a
03041
030dc
0369e
03710
03714
037ca
037ce
037d2
037d6
037da
037de
037e2
010b3
010c2
010cc
010dd
010e8
01189
011a5
011bb
011c2
01285
01367
01372
015ec
01ed7
01f84
0204d
020e4
020ea
02282
025b0
027ec
02a2b
02a36
02a43
02a53
02a70
02a94
02b05
02b2a
02b43
02ba8
02c54
02c6b
02c7c
02c80
02c9f
02cb8
02cbc
02e01
02e28
02e58
02ec1
02efa
02f11
0300e
03062
0306c
0307e
03082
0319e
03282
036c2
0370c
03737
037e9
037ed
037f1
037f5
037f9
037fd
03801
010fe
0110d
01119
01126
01131
011d4
011fe
01206
0120f
013a9
013b4
013bf
01eef
01f3c
01fa6
02047
02050
02071
0229e
0279c
02832
02931
02941
02a6e
02a7a
02a8b
02b24
02b54
02b72
02b84
02bec
02c91
02ca8
02cbe
02cc2
02ce2
02cf5
02cf9
02e3e
02e66
02e95
02eef
02f37
02f4e
03045
03084
030a7
030b9
030bd
03218
0364f
036ea
03753
03803
03807
0380b
0380f
03813
03817
0381b
00f86
00f96
00fa4
00fb5
00fc0
01165
01232
01246
0124e
01257
013f6
01402
014cd
01f2e
01fa1
02065
0206b
0208d
02222
02669
02869
02929
02940
02947
02957
0297f
0299e
02ac2
02b80
02ba7
02bb9
02c59
02cd1
02cf0
02cfd
02d13
02d2b
02d34
02dca
02e9d
02eba
02ed9
02f32
02f74
02f8b
0309d
030de
030f1
030f6
03190
032f2
036f0
03715
03773
03821
03825
03829
0382d
03831
03835
03839
00fdb
00feb
00ff9
01004
0100f
01277
0127d
01293
0129a
01433
01444
0144f
01e84
01f5a
01fea
02087
02090
020b1
0223e
027e9
028bb
02970
02982
0298c
029b8
029cb
02af9
02b9e
02bce
02be6
02bf8
02d0a
02d22
02d38
02d3c
02d56
02d69
02d6d
02d95
02dae
02ecd
02f59
02f93
02fbc
02fca
030d8
03117
0312c
03131
031c8
0364a
0369d
0378f
0383b
0383f
03843
03847
0384b
0384f
03853
01018
0102a
01038
01049
01054
011f2
012bc
012d0
012d8
012e0
01480
0148c
0155d
01e7f
01fe5
020a5
020ab
020cd
02252
02541
028eb
029ad
029be
029c5
029d5
029f7
02a1c
02aae
02aba
02ad9
02b3c
02c17
02c20
02c35
02c40
02ce1
02d60
02d71
02d81
02daf
02dde
02e4d
02fac
02fef
03005
030a1
03135
0315d
0316a
0316e
032c9
03671
036c7
037af
03859
0385d
03861
03865
03869
0386d
03871
0106e
0107f
0108b
01098
010a3
01144
0116e
01176
0117f
01319
01324
0132f
01e93
01ee4
0202d
020c6
020d0
020f0
0226e
0279e
0286d
029ee
029fa
02a12
02a30
02a49
02aa4
02ada
02af4
02b11
02b78
02c14
02c39
02c46
02c5d
02c72
02c83
02d1e
02de6
02e0e
02e29
02fd3
0300d
03030
03040
0314e
03187
0319c
031a3
0323e
03677
0369a
037ca
03857
03876
0387a
0387e
03882
03886
0388a
01269
01278
01280
0128e
0129a
0133a
01355
0136a
01372
0143b
01516
01522
0179d
01e9f
01fc3
0204e
02104
0217a
02312
027e9
02986
02b9d
02ba8
02bb5
02bc7
02bdd
02bf7
02c74
02c97
02cad
02d16
02dc2
02dd9
02dee
02df2
02e0d
02e1f
02e2a
02f6f
02f93
02fc8
0302f
03068
0307d
03172
031c4
031ce
031e0
031e4
03300
033da
0369b
036a3
036a7
0378f
037ea
03891
03895
03899
0389d
038a1
012b0
012bf
012cc
012d7
012e0
01384
013af
013b7
013bf
01556
01564
0156f
01ec8
01fd5
02012
0206e
02106
02120
0232e
0293b
029c6
02aac
02ab9
02bdd
02bea
02bfd
02c92
02cc3
02cdf
02ced
02d5a
02dff
02e16
02e2c
02e30
02e4f
02e5c
02e67
02fac
02fd0
03005
0305d
030a3
030b8
031a7
031e6
03209
0321b
0321f
03374
036a3
036c7
036cc
036d0
03804
038a4
038a8
038ac
038b0
038b4
01142
01154
01160
0116e
0117a
0131b
013e2
013f7
013ff
01407
015a6
015b3
0167e
01ef6
02006
0206a
0211a
02134
022b2
0286d
029f5
02aa3
02abb
02ac1
02ad3
02af5
02b10
02c30
02cee
02d13
02d29
02dc9
02e3f
02e63
02e6b
02e81
02e97
02e9b
02f36
03004
03028
03048
0309e
030de
030f3
031ff
03240
03253
03258
032f2
03448
036ea
036f1
036f5
037ca
03822
038bb
038bf
038c3
038c7
038cb
01198
011a5
011b5
011bd
011c7
01428
0142d
01443
0144a
015e6
015f4
015ff
01f20
01f84
02028
020ae
02136
02150
022ce
02981
02a43
02ae9
02afb
02b05
02b2e
02b43
02c67
02d0c
02d3d
02d53
02d65
02e79
02e90
02ea6
02eaa
02ec3
02ed2
02edb
02f02
02f1d
0303b
030c3
030fb
03122
03130
0323a
03279
0328e
03293
03326
036f1
03713
03719
0371d
0383c
038ce
038d2
038d6
038da
038de
011d2
011e3
011f0
011fe
0120a
013aa
0146c
01481
01489
01491
0162f
0163c
0170e
01f4d
01f7f
020aa
0214a
02164
022e2
0279c
02a6e
02b23
02b34
02b3b
02b4d
02b69
02b83
02c1c
02c25
02c3e
02caa
02d85
02d8b
02da3
02da7
02e4d
02ed6
02edf
02eef
02f19
02f4e
02fbb
03114
03153
03169
03203
03297
032bf
032cc
032d0
0341f
0364f
03656
0365a
03753
0385a
038e5
038e9
038ed
038f1
038f5
01226
01235
01242
0124d
01257
012f4
0131f
01327
0132f
014c6
014d4
014df
01e70
01f90
01fce
020ed
02166
02180
022fe
0293e
029f9
02b63
02b6f
02b80
02ba3
02bb9
02c12
02c49
02c62
02c73
02ce6
02d82
02dac
02db4
02dc8
02de0
02de4
02e8a
02f4d
02f7c
02f97
03139
03171
03192
031a2
032b0
032ea
032fe
03305
03398
03655
03677
0367e
03682
03873
038f8
038fc
03900
03904
03908
01417
01427
01430
01441
0144a
014e9
01505
0151a
01522
015e5
016c1
016d2
0192f
01f1e
01f99
020b4
02194
0220a
023a0
02981
02afe
02d0a
02d16
02d23
02d38
02d4b
02d69
02de6
02e06
02e1b
02e84
02f30
02f47
02f5c
02f60
02f7b
02f8e
02f98
030d9
030fb
0312e
03191
031ca
031df
032d4
03322
0332c
0333e
03342
03456
034fa
0370d
03775
03779
0383d
03890
0390f
03913
03917
0391b
0391f
0145f
0146f
0147c
01489
01491
01534
01559
01567
0156f
01703
01714
0171f
01ecb
01fb7
020aa
0211d
02196
021b0
023b9
02ab5
02b3c
02c1a
02c27
02d4b
02d58
02d6e
02e00
02e31
02e4e
02e62
02ec8
02f6d
02f84
02f9a
02f9e
02fbd
02fcb
02fd5
03114
03136
03169
031bf
03205
0321a
03309
03344
03366
03377
0337b
034ac
03650
0378f
03795
03799
038a3
03922
03926
0392a
0392e
03932
012f1
01303
01310
01321
0132a
014c5
01592
015a1
015af
015b7
01751
01762
01828
01ef9
01fdc
020f3
021aa
021c4
02344
029f9
02b6c
02c11
02c28
02c2f
02c44
02c64
02c81
02d9e
02e60
02e81
02e95
02f35
02fad
02fd2
02fd9
02fef
03005
0300a
030a2
03168
03189
031aa
03200
03240
03255
0335b
0339a
033ad
033b2
03448
0354a
036ec
037b1
037b5
03874
038ba
03939
0393d
03941
03945
03949
01346
01355
01362
0136f
01377
015d7
015dd
015f3
015fb
01793
017a4
017af
01e9a
01ffb
02054
0214d
021c6
021e0
0235d
02afa
02bb5
02c57
02c69
02c74
02c9d
02cad
02dd5
02e7a
02eab
02ec2
02ed8
02fe7
02ffe
03014
03018
03031
03041
03049
0306e
03089
0319d
03225
0325d
03284
03292
03394
033d1
033e6
033eb
0347c
0369e
037ca
037d0
037d4
038cd
0394c
03950
03954
03958
0395c
01381
01393
013a0
013b1
013bb
01555
0161c
0162d
01639
01641
017dd
017ec
018ac
01f50
0201f
02074
021da
021f4
02372
0293b
02be0
02c91
02ca2
02ca9
02cbe
02cd7
02cf5
02d8a
02d94
02db0
02e18
02ef3
02efb
02f11
02f16
02fbb
03045
0304d
0305d
03085
030b8
03121
03276
032b6
032cb
0335f
033ef
03415
03422
03426
0352a
036bf
0373a
0373e
03805
038e4
03963
03967
0396b
0396f
03973
013d5
013e5
013f2
013ff
01407
014a4
014c9
014d7
014df
01673
01684
0168f
01e73
01f73
0206a
0217d
021f6
02210
0238b
02abb
02b6e
02cd1
02cdc
02cee
02d10
02d29
02d80
02db7
02dd0
02de8
02e54
02ef0
02f1b
02f22
02f38
02f4e
02f53
02ff8
030b7
030e4
030ff
0329b
032d3
032f4
03304
03406
0343f
03454
0345b
034d0
03672
03753
03759
0375d
038f7
03976
0397a
0397e
03982
03986
015c7
015d8
015e0
015ef
015fb
01699
016b5
016ca
016d2
01792
01865
01876
01abb
01f25
0205f
02153
02224
0229a
02425
0268e
02afa
02c6c
02e79
02e84
02e91
02ea6
02eba
02edb
02f55
02f74
02f8b
02ff2
0309c
030b1
030c6
030ca
030e3
030f6
03100
0323b
0325d
03290
032f3
03328
0333d
0342a
03478
03482
03487
034fa
03578
03772
03824
03828
038ce
0390e
0398d
03991
03995
03999
0399d
01610
0161f
0162b
01639
01641
016e4
0170a
01717
0171f
018a1
018b2
018bd
01f46
01fbb
02081
021ad
02226
02240
0243d
02703
02c22
02caa
02d88
02d96
02eba
02ec6
02edc
02f6e
02f9f
02fbc
02fd1
03036
030d7
030ec
03102
03106
03123
03131
0313b
03276
03298
032cb
0331f
03361
03376
0345f
0348b
034ac
034b1
03524
0364b
0383d
03842
03846
03921
039a0
039a4
039a8
039ac
039b0
014a0
014b4
014c0
014cf
014db
01672
01742
01752
0175f
01767
018e9
018fb
019b4
01e75
0209e
02183
0223a
02254
023cd
02756
02b6e
02cd9
02d7f
02d97
02d9d
02db2
02dd2
02df3
02f0c
02fcf
02fef
03005
030a1
03115
03138
0313f
03153
03169
0316e
03204
032ca
032ec
0330c
0335c
0339a
033af
034a2
034d2
034d9
034dd
035c0
037ae
0385c
03860
038f8
03938
039b7
039bb
039bf
039c3
039c7
014f6
01505
0150f
0151e
01527
01787
0178d
017a3
017ab
01925
01936
01941
01e92
01fff
020c1
021dd
02256
02270
023e5
02567
02c68
02d23
02dc5
02dd7
02de6
02e0b
02e1b
02f42
02fe8
03019
03030
03047
0314d
03162
03178
0317c
03193
031a3
031ab
031d0
031eb
032ff
03381
033b7
033dc
033ea
034cc
034fc
03503
03507
03699
03874
03879
0387d
0394b
039ca
039ce
039d2
039d6
039da
01530
01543
01550
01560
0156a
01702
017cc
017de
017e9
017f1
01969
01978
01a38
01ecd
020dd
02123
0226a
02284
023f9
025c0
02ab5
02d4d
02dff
02e10
02e17
02e2c
02e46
02e67
02ef8
02f01
02f1e
02f86
03061
03069
0307d
03082
03121
031a7
031af
031bf
031e7
0321a
03283
033ce
0340b
03421
034a6
03509
0352a
0352f
03608
03736
037ed
037f1
038a4
03962
039e1
039e5
039e9
039ed
039f1
01586
01595
0159f
015af
015b7
01654
0167a
01687
0168f
0181d
0182e
01839
01eee
01f77
02041
0220d
02286
022a0
02411
02635
02c28
02cdb
02e3f
02e4b
02e60
02e7f
02e95
02eee
02f25
02f3d
02f57
02fc2
0305e
03087
0308e
030a4
030b8
030bd
0315c
03219
03246
03261
033f3
03429
0344a
0345a
03520
0354c
03555
03559
036ea
03805
0380a
0380e
03975
039f4
039f8
039fc
03a00
03a04
01777
01788
01790
017a0
017ab
01843
01859
0186e
01876
01924
019f1
01a02
01c3b
01fff
02115
021e3
022b4
0232a
02481
02569
02675
0268e
02c68
02dda
02fe7
02ff2
02fff
03014
03028
03049
030bf
030de
030f3
03156
031fe
03213
03228
0322c
03245
03258
03262
03395
033b7
033e8
03449
0347e
03486
03552
03578
0357d
0362a
03822
038bc
038c0
0394c
0398c
03a0b
03a0f
03a13
03a17
03a1b
017c0
017cf
017dc
017e9
017f1
01888
018a8
018b5
018bd
01a2d
01a3e
01a49
02017
02082
0212f
0223d
022b6
022d0
02491
025db
026e2
02703
02d92
02e18
02ef6
02f03
03028
03034
0304a
030d8
03107
03122
03137
03198
03239
0324e
03264
03268
03285
03293
0329d
033ce
033f0
03421
03475
034a8
034b0
03570
0359c
035a1
03735
038ce
038d3
038d7
0399f
03a1e
03a22
03a26
03a2a
03a2e
01652
01663
01670
01680
0168a
0181c
018da
018ea
018f7
018ff
01a75
01a86
01b3c
01f77
02144
02213
022ca
022e4
02449
02637
0273f
02756
02cdb
02e48
02eed
02f04
02f0b
02f20
02f3f
02f61
03078
03135
03153
03169
03203
03277
0329a
032a1
032b6
032cb
032d0
03360
03420
03441
03462
034a3
034d2
034da
035a5
035c3
035c7
0385a
038e6
038ea
03976
039b6
03a35
03a39
03a3d
03a41
03a45
016a5
016b5
016c0
016ce
016d7
01919
0191f
01935
0193d
01ab1
01ac2
01acd
01f8f
020c2
0215f
0226d
022e6
02300
02459
02539
02567
026a9
02dd6
02e91
02f33
02f44
02f55
02f78
02f8b
030ac
0314e
0317d
03192
031a9
032af
032c4
032da
032de
032f5
03305
0330d
0332e
03349
03455
034b9
034e0
03502
035bc
035e4
035e9
03771
038f8
038fd
03901
039c9
03a48
03a4c
03a50
03a54
03a58
016e2
016f3
01700
01710
0171a
018a0
01958
0196a
01975
0197d
01af5
01b04
01bbc
01fbb
02174
021b3
022fa
02314
02465
0259a
025c0
02705
02c22
02ebc
02f6d
02f7e
02f85
02f9a
02fb3
02fd5
03066
0306d
0308a
030ee
031c3
031cb
031df
031e4
03283
03309
03311
0331f
03345
03376
033db
034f7
03526
0352e
035ed
0360b
0360f
037ea
03893
03897
03922
039e0
03a5f
03a63
03a67
03a6b
03a6f
01735
01745
01750
0175f
01767
01804
01824
01831
01839
019a9
019ba
019c5
01fd4
02042
020ff
0229d
02316
02330
02475
02607
02635
02771
02d97
02e4a
02fad
02fb8
02fcf
02fec
03005
0305c
03091
030a7
030c1
03128
031c0
031e9
031f0
03206
0321a
0321f
032be
03375
033a0
033bb
0350d
03534
03554
03604
03628
0362f
037ad
038a4
038a9
038ad
039f3
03a72
03a76
03a7a
03a7e
03a82
01909
0191a
01922
01932
0193d
019cf
019e5
019fa
01a02
01ab0
01b77
01b88
01d4d
020c2
021a5
02273
02341
023b7
024ca
02528
02546
02559
02569
02576
0257a
0267b
027bf
02dd6
02f48
0314d
03156
03163
03178
0318a
031fe
03227
03242
03257
032ba
0335d
03380
03386
0339b
033af
033b4
03449
034d7
03503
03574
0357c
0362a
038b9
03938
0393d
039c9
03a09
03a88
03a8c
03a90
03a94
03a98
0194b
0195b
01968
01975
0197d
01a14
01a34
01a41
01a49
01bb1
01bc2
01bcc
020d9
02130
021bf
022cd
02346
0235e
024da
02570
025ad
025c0
025d0
025dd
025e1
026e2
028b5
02eff
02f86
03064
0307d
0318b
03198
031ad
0323c
03279
03286
0329d
032fb
03396
033b9
033c0
033d2
033e8
033ed
0347d
03501
0352d
03581
035a0
036aa
0393a
03950
03954
039e1
03a9a
03a9e
03aa2
03aa6
03aaa
01802
0180d
0181a
0182a
01835
019a8
01a66
01a76
01a83
01a8b
01bf7
01c09
01ca6
02042
021d4
022a3
0235b
0236f
0249a
0258f
02609
02622
0262a
0263b
02646
0273f
02849
02e4a
02fb5
0305b
03070
03077
0308c
030aa
031d2
03274
0329e
032bd
032cd
03360
033e1
033f7
033fb
03416
03424
0342e
03521
03534
03584
035a5
035c4
038e3
03962
03967
039f3
03a33
03ab0
03ab4
03ab8
03abc
03ac0
01849
01859
01864
01872
0187b
01aa5
01aab
01ac1
01ac8
01c31
01c42
01c4c
02059
02160
021ef
022fd
02374
0238c
024aa
02539
0263e
0267d
0268e
0269e
026ab
026af
0288e
02f43
02fff
0309f
030ae
030bf
030e2
030ff
03214
032b2
032ea
032f6
0330d
03408
0342a
03432
03440
03458
0345d
03479
034d0
03552
035bc
035e6
036f8
03964
0397a
0397e
0398d
03ac2
03ac6
03aca
03ace
03ad2
01886
01891
0189e
018ae
018b9
01a2c
01ae4
01af6
01b01
01b09
01c75
01c85
01cfa
02082
02204
02243
02389
0239d
024b2
0259a
0265d
026d1
026f0
026f8
0270d
02714
027db
02d92
0302a
030d7
030e6
030ed
03102
0311a
031c3
031ca
031df
03248
03300
03324
0332d
03340
0334a
0344f
03465
03469
03483
034af
035cc
035ed
0360c
0388f
03910
03914
0399f
03a5d
03ad8
03adc
03ae0
03ae4
03ae8
018cd
018dd
018e8
018f7
018ff
01990
019b0
019bd
019c5
01b31
01b42
01b4c
0209a
02100
0218f
0232d
023a2
023ba
024c2
02607
02709
02747
02756
02766
02774
02778
02912
02f04
02fb7
03115
0311e
03135
03152
03175
031c0
03203
0320a
0322d
0328b
03336
0334c
03350
03367
03379
03389
034a3
034b6
03524
03604
0362c
0365c
03910
03926
0392a
039b7
03aea
03aee
03af2
03af6
03afa
01a96
01aa6
01aae
01abe
01ac8
01b55
01b6b
01b80
01b88
01c30
01ccb
01cdc
01e2b
02160
02235
02303
023ca
0243b
0250d
02528
02535
0253d
02556
0257d
0271a
02765
02794
027a1
027bf
027c4
0290c
029fe
030ab
03158
032b7
032c3
032d9
032ec
0330d
03383
0339c
033b1
0340f
034a4
034bc
034c0
034d8
034dd
0354b
035c1
035e7
036f9
039a3
039b9
039bd
03a4a
03aff
03b03
03b07
03b0b
03b0f
01ad8
01ae7
01af4
01b01
01b09
01b98
01bb8
01bc5
01bcc
01cef
01d00
01d0b
02170
021c0
0224f
02359
023cf
023e6
0251c
02559
02570
0259c
025a4
025bd
025e4
0277b
027c6
027e6
02804
02809
02997
02f80
030ed
031c4
031d1
032ec
032f8
0330e
03396
033d1
033de
033f5
03451
034ce
034e7
034eb
03502
03507
035e1
035ee
036aa
0394c
039cb
039d0
03a5c
03a9b
03b14
03b18
03b1c
03b20
0198e
01999
019a6
019b6
019c0
01b30
01be8
01bf8
01c05
01c0c
01d1f
01d30
01d9c
02100
02264
02333
023e3
023f6
024e1
02561
0258f
025ce
025fc
02607
0261a
02644
027d9
02824
0283f
0284c
028f4
02a74
03072
03129
031d0
031d7
031ed
0320b
0322d
03338
033f6
03413
03423
034a7
0350c
03513
03527
0352f
03539
03609
0362d
036d1
039cd
039e3
039e7
03a74
03b25
03b29
03b2d
03b31
03b35
019d5
019e5
019f0
019fe
01a07
01c25
01c2b
01c41
01c49
01d43
01d54
01d5e
0210f
021f0
0227f
02387
023fb
02412
024f0
025e5
02627
0263e
02670
0267b
0268c
026b2
0281e
02868
02884
02891
02934
02ff4
03157
031ff
0320f
03216
0322f
03255
0336b
03408
0343f
0344c
03463
03522
0353b
0353f
03554
03559
03575
03628
03678
03976
039f5
039fa
03a08
03ac3
03b3a
03b3e
03b42
03b46
01a12
01a1d
01a2a
01a3a
01a45
01bb0
01c64
01c76
01c81
01c88
01d71
01d80
01de4
02130
02294
022d3
0240f
02422
024f7
0262f
0265d
0269c
026d1
026df
026e6
02712
027de
02895
028b9
028d3
028d8
02a4c
030e8
03199
03246
0324d
03263
0327b
0329d
03328
0333d
033a2
03456
0347a
03484
03489
034fb
03561
03565
03579
0359f
0371e
0398b
03990
03994
03a20
03b4b
03b4f
03b53
03b57
03b5b
01a59
01a69
01a74
01a83
01a8b
01b18
01b38
01b45
01b4c
01c9b
01cac
01cb6
02140
02190
0221f
023b5
02427
0243e
02506
026b3
026f5
02709
0273a
02745
02754
0277c
028a8
028ee
02908
02916
029b4
02f06
03077
03275
0327f
0328c
032a5
032cb
03320
0335f
03367
03389
033e3
0348e
03495
034a9
034b1
034c1
03599
035a6
0365c
03922
039a1
039a6
03a32
03aeb
03b60
03b64
03b68
03b6c
00cde
01c17
01c26
01c2e
01c3e
01c49
01cbf
01ccc
01cd8
01ce1
01db5
01dc5
01dd0
01f39
021f0
022c5
0238f
02446
0248f
0252e
025cb
02638
0264a
02667
026a3
02745
02764
02796
027a1
027b8
028db
02930
0293c
0294f
02953
029ff
02aca
0320d
032bb
0340e
0341b
03430
03442
034a2
034c2
034d8
03598
035ab
035af
035c4
035c8
036eb
036fa
036fe
039b6
03a36
03a3a
03ac4
03b72
03b76
03b7a
00d88
01c59
01c67
01c74
01c81
01c88
01cec
01cff
01d06
01d68
01ddf
01df0
01f60
02200
02250
022df
023e1
0244b
0245a
02539
02567
0262c
0265f
026a9
026cd
026f3
0278c
027db
027e6
02800
0291a
02955
0297b
02996
0299a
02a3e
02bae
0324f
03324
0333d
03443
03450
03465
034df
034fc
0350b
035c9
035d2
035e4
035ea
03649
0371e
03722
0390d
03a48
03a4d
03a51
03b7c
03b80
03b84
00a8e
01b16
01b23
01b2e
01b3e
01b49
01c9a
01d16
01d29
01d30
01dfd
01e0e
01e18
01e89
02190
022f4
023bd
02457
02462
0259a
025c0
025fc
02699
02706
02718
02732
0276b
027c7
027fa
02822
0283f
0296f
029b2
029c9
029cf
029e0
02b41
031d4
0328b
03330
03337
0334c
03369
034f6
03516
0352c
035e0
035f4
035f8
0360c
03610
0364e
0365e
03662
039e0
03a60
03a64
03aec
03b8a
03b8e
03b92
00b3f
01b5e
01b6b
01b76
01b84
01b8c
01d3d
01d4a
01d57
01d5e
01e27
01e38
01eb1
0219f
02280
0230f
0240d
02467
02476
02543
02554
02576
02608
02636
026ff
0276d
027f6
0281c
02867
02872
02887
029ae
029f3
02a08
02a0e
02a1f
02b81
032ba
0335d
0336d
0337d
0339e
033bb
03533
0354c
0355d
03611
0361a
03628
03630
03670
03683
03687
03937
03a72
03a77
03a7b
03b94
03b98
03b9c
00bb6
01b96
01ba3
01bae
01bbe
01bc8
01cee
01d66
01d79
01d80
01e41
01e52
01e5c
01ee1
021c0
02324
02361
02473
0247e
02522
02570
025aa
025bb
025dd
0267c
0269d
02760
02851
02888
028b5
028c9
02973
02a12
02a3b
02a4b
02a4f
02aec
0324a
032fb
033a2
033a9
033be
033d4
03478
03480
03491
03574
0357c
03580
03638
0363c
0369c
036ac
036b0
0398c
03a0d
03a11
03a9c
03ba2
03ba6
03baa
00c67
01bdd
01beb
01bf6
01c05
01c0c
01c98
01cab
01cb2
01d18
01d97
01da8
01f09
021d0
02220
022af
02439
02483
02492
02563
025d0
025dc
02614
0263b
026de
026f6
02880
028a6
028ed
028f6
0290b
02a2c
02a6c
02a80
02a86
02a98
02bf5
031d9
033cf
033d8
033ef
0340a
0342d
0348b
034a8
034b7
03581
0358a
0359c
035a2
036be
036d1
036d5
03961
03a1e
03a23
03a27
03bac
03bb0
03bb4
00b17
00b23
00b2b
00b3c
00b47
00f0a
01d3e
01d4a
01d59
01d61
01dc4
01dcc
01e20
0200e
02280
02354
02415
02499
024d6
0258e
02599
025c2
025ca
025d9
025e9
0260d
02629
02639
02645
02649
02740
027f5
02849
0286b
0288b
02930
02938
0294d
02a54
02aaa
02ab7
02ac8
02ad0
02bf4
02cde
0336b
03520
0353b
0355f
035ab
035cb
036d1
036ed
037b9
037bd
03a9d
03ab3
03ab7
03bb8
03bbc
03bc0
00bb1
00bba
00bca
00bd6
00bde
00f6a
01d6e
01d7b
01d83
01de0
01ded
01df4
0202a
02290
022e0
0236d
02455
0249e
024a9
02539
025f7
02620
0262d
0263e
0264e
02666
02681
0269c
026a4
026ae
026d7
0283a
0288e
028b0
028d2
02955
02977
02994
02a8d
02ac9
02af4
02b06
02b14
02c79
0324a
033aa
03484
03560
035be
035e6
0369f
03701
037cc
037d8
03a48
03ac5
03ac9
03b4b
03bc4
03bc8
00c3f
00c4b
00c53
00c64
00c6f
00dca
01c96
01ca2
01cb1
01cb9
01e04
01e11
01e18
01f86
02220
02381
02441
024a6
024b1
0259a
0265c
02674
02690
02698
026a7
026b7
026e4
026f7
02707
02713
02717
027de
028a8
028da
02901
02958
0298c
029b6
029cb
02ae7
02b2a
02b3f
02b48
02be4
02d52
033d5
03474
03493
034c1
035f4
03615
036c0
03727
03741
03745
03ac5
03adb
03adf
03bcc
03bd0
03bd4
00cd9
00ce2
00cf2
00cfe
00d06
00e30
01cc8
01cd6
01cdf
01db5
01e31
01e38
01fa3
0222f
02310
0239b
02471
024b6
024c1
02601
026c3
026db
026f7
026ff
0270b
0271e
02737
02758
02768
02775
02779
027a2
027bc
028c3
02913
029ae
029f3
02a00
02a1a
02b24
02b68
02b7c
02b85
02c1c
032bb
0341b
034b5
034d8
03606
0362c
0364f
03673
03755
03761
03a72
03aed
03af1
03aff
03bd8
03bdc
00d61
00d6d
00d75
00d87
00d90
00e6a
01cea
01cf6
01d05
01d0d
01e4a
01e55
01e5c
01fca
02250
023af
023e9
024be
024c9
02526
0253c
02559
02569
02574
0257a
02675
0273c
02755
0275e
0276e
0277e
0278e
027c6
027f2
02870
029d6
02a12
02a3b
02a49
02aeb
02b80
02baf
02bbc
02bc4
02d30
03443
034cc
034e7
0350f
0357c
03638
0368b
0370e
0377d
03781
03a87
03a8c
03aed
03be0
03be4
03be8
00a89
00a92
00aa2
00aae
00ab6
00ed0
01d1c
01d2b
01d32
01d98
01da5
01dac
01fe7
02260
022b0
0233f
0248d
024ce
024d9
02523
02552
0255f
02570
02580
025a2
025b3
025ce
025d6
025e0
02611
026e3
027d9
0280b
02837
028b5
02a2c
02a6c
02a78
02a92
02b9e
02bdc
02bf0
02bf9
02c96
031d4
03338
03509
0352c
03572
0359e
03651
036b3
03791
0379d
03a1e
03a9d
03aa1
03b25
03bec
03bf0
00acf
00add
00b08
00b3e
00b47
00ce6
00e19
00e2c
00e35
00e3d
01e26
01e35
01e3d
020cc
0230e
023da
02471
024e0
02518
02543
02597
025bf
025fa
02607
02614
02645
026ea
026ff
027d8
027f6
02802
02810
02828
02841
0284e
029ae
029df
029f8
02a1f
02aab
02ab7
02acd
02bf4
02c1d
02c33
02c3f
02cde
02da4
0336c
03618
03636
03652
036c7
037af
03865
03a72
03b27
03b2b
03bf4
03bf8
03bfc
00b69
00b74
00bcd
00bd7
00bde
00d7f
00e6c
00e81
00e88
0112b
01e4e
01e58
01f31
020f1
02369
023f2
024a4
024e5
024ef
025f6
02603
0263f
0266e
0267b
026a2
02734
0275a
02796
0281d
0283b
02847
02855
02871
02886
02893
029ed
02a1e
02a39
02a5e
02acb
02af4
02b11
02c12
02c5a
02c70
02c82
02d1b
02e89
03576
0362a
03677
03684
03700
0387e
03882
03b26
03b3c
03ba0
03c00
03c04
00a96
00c13
00c21
00c30
00c66
00c6f
00eb9
00ecc
00ed5
00edd
01d96
01da5
01dac
0204c
022ae
02405
0248d
024ec
024f6
02549
0255d
02611
02672
0268d
026d1
026df
026e6
02713
02860
0287a
02888
02898
028ae
028c9
028d6
02973
02a4c
02a6c
02a82
02adc
02b08
02b30
02b47
02c74
02c9e
02caf
02cbb
02e1e
033d7
03588
035aa
036a0
0370c
037db
037f5
03a1e
03b4d
03b51
03c08
03c0c
03c10
00b35
00caf
00cb8
00cf5
00cff
00d06
00f0c
00f21
00f29
01009
01dc2
01dcc
01e81
02073
02397
0241e
024bc
024fb
02505
025b5
025ca
026c4
026df
0270a
02737
02742
0276a
02820
028a7
028c5
028d0
028df
028f5
0290a
02918
0293c
0294d
029b5
02a97
02b25
02b6b
02b7c
02c1c
02cb1
02cdf
02cec
02cf8
02e5b
0359a
035b3
0364f
036c0
036eb
0380f
03813
03b4c
03b62
03b70
03c14
03c18
00bbe
00d39
00d49
00d52
00d8a
00d90
00f53
00f67
00f6f
00f77
01dde
01ded
01df4
0208c
022de
02431
02455
02502
0250c
02526
02533
0253b
0254c
0257d
0261f
02632
02741
0276e
02793
027a1
027bf
027c5
028fe
0290c
0291c
0292a
02961
02980
029a1
02b56
02b82
02baf
02bc1
02ccf
02d12
02d29
02d33
02dc9
03445
035d0
035f2
0368b
036f0
03773
0382d
03a48
03b02
03b06
03c1c
03c20
03c24
00a41
00a4c
00aa5
00aaf
00ab6
00c5d
00dcc
00de1
00de8
0109d
01e0a
01e14
01ed9
020b3
0233b
023c6
024d4
02511
0251b
02523
02537
02584
0259d
025a6
025d6
0266b
02693
0278b
027ab
027b9
027c9
027dc
027fd
02807
028b5
0298c
029ba
029cb
02a3e
02b9f
02bdf
02bf0
02c96
02d2d
02d53
02d64
02d6c
02ed1
035e2
035fb
0364c
0370d
0371f
03847
0384b
03b00
03b16
03b88
03c28
03c2c
0256d
02577
02585
0276f
0277e
027bf
027cd
02872
02902
02906
0291c
029d6
029e3
02a0f
032c3
032c7
0335d
03383
0338a
034b8
034c4
0361a
0367d
03687
03690
03783
03831
03a8a
03a91
03b03
03b96
03be1
03c1c
03c20
03c33
03c37
03c3b
03c3f
03c43
03c47
03c4b
03c4f
03c53
03c57
03c5b
03c5f
03c63
03c67
03c6b
03c6f
03c73
03c77
03c7b
03c7f
03c83
03c87
03c8b
03c8f
03c93
03c97
03c9b
02572
02581
025d4
025de
025ec
027b1
027c7
027cf
02807
028b5
028b9
02a17
02a4c
02a61
032fa
03394
033b6
033bf
033c5
034e8
03633
03640
036ac
036b5
0379a
03847
03899
03aa0
03b14
03b1b
03ba4
03bed
03c28
03c31
03c35
03ca0
03ca4
03ca8
03cac
03cb0
03cb4
03cb8
03cbc
03cc0
03cc4
03cc8
03ccc
03cd0
03cd4
03cd8
03cdc
03ce0
03ce4
03ce8
03cec
03cf0
03cf4
03cf8
03cfc
03d00
025d7
025e3
025ee
0263d
02647
027f4
027f8
0280e
02849
02857
028f6
02a54
02a63
02a87
031d7
031db
033cf
033f6
033fc
0350c
03518
0358a
036cb
036d5
036de
037bf
03869
03ab2
03ab9
03b29
03bae
03bb9
03bf4
03bf8
03ca0
03d05
03d09
03d0d
03d11
03d15
03d19
03d1d
03d21
03d25
03d29
03d2d
03d31
03d35
03d39
03d3d
03d41
03d45
03d49
03d4d
03d51
03d55
03d59
03d5d
03d61
03d65
03d69
02640
0264f
026a2
026ac
026ba
02798
02839
0283d
02853
0288e
0289c
02952
02a8d
02a9c
03214
03406
03428
03431
03437
0353c
035a8
035b4
036fa
03703
037d5
0387e
038c3
03ac8
03b3a
03b41
03b74
03bc5
03c00
03d05
03d09
03d6e
03d72
03d76
03d7a
03d7e
03d82
03d86
03d8a
03d8e
03d92
03d96
03d9a
03d9e
03da2
03da6
03daa
03dae
03db2
03db6
03dba
03dbe
03dc2
03dc6
03dca
03dce
026a5
026b1
026bc
0270f
02715
027db
027df
02880
02896
0289e
028d6
02958
02967
02999
0324d
03251
03324
03464
0346a
0355b
03568
035d2
03718
03722
0372b
03747
037f9
03ada
03ae1
03b4f
03b7e
03bcd
03c08
03c0c
03d6e
03dd3
03dd7
03ddb
03ddf
03de3
03de7
03deb
03def
03df3
03df7
03dfb
03dff
03e03
03e07
03e0b
03e0f
03e13
03e17
03e1b
03e1f
03e23
03e27
03e2b
03e2f
03e33
03e37
0270b
0271d
0276a
02775
02784
02822
028c3
028c7
028dd
02912
02922
02991
029ce
029e5
0328a
0331e
03344
0334d
03353
03494
035f0
035fc
0365e
03667
0375e
0380f
038ed
03af0
03b60
03b67
03b8c
03bd9
03c14
03c37
03c3b
03dd5
03e3a
03e3e
03e42
03e46
03e4a
03e4e
03e52
03e56
03e5a
03e5e
03e62
03e66
03e6a
03e6e
03e72
03e76
03e7a
03e7e
03e82
03e86
03e8a
03e8e
03e92
03e96
0261c
02620
0271e
027b5
027bc
027d1
0290e
0291e
02950
02965
029fe
02a8d
02a9c
02b50
02b7f
02b94
0341b
034a2
034b5
034bf
034c6
035ad
036f2
036fc
03705
0375e
03767
0382b
038c3
03b01
03b08
03b74
03c1c
03c20
03c3f
03c43
03c47
03c4b
03d71
03d75
03d79
03d7d
03e9b
03e9f
03ea3
03ea7
03eab
03eaf
03eb3
03eb7
03ebb
03ebf
03ec3
03ec7
03ecb
03ecf
03ed3
03ed7
03edb
03edf
03ee3
02685
0277a
02786
027bb
027cb
027fd
02801
02816
0295a
02997
029a4
02a3d
02b8b
02b96
02bc2
0344e
03452
034ce
034e6
034ec
035cc
035d8
03720
03729
03776
0377f
03787
0384d
03917
03b16
03b7e
03be1
03c28
03c50
03ca6
03caa
03cae
03cb2
03dd8
03ddc
03de0
03de4
03e9d
03ee6
03eea
03eee
03ef2
03ef6
03efa
03efe
03f02
03f06
03f0a
03f0e
03f12
03f16
03f1a
03f1e
03f22
03f26
0257e
02589
026ec
027fa
02803
02818
02841
0284e
0298f
029a6
029d0
02a74
02a78
02bca
02bf3
02c08
03337
034f6
03509
03514
0351a
035f6
03656
03660
03669
0379a
037a3
03863
038ed
03b27
03b2e
03b8c
03bf4
03bf8
03d0b
03d0f
03d13
03d17
03d1b
03e3d
03e41
03e45
03ee6
03eea
03f2d
03f31
03f35
03f39
03f3d
03f41
03f45
03f49
03f4d
03f51
03f55
03f59
03f5d
03f61
03f65
03f69
03f6d
025e9
0274b
0274f
02845
02855
02884
0288b
028a0
02936
029d6
029e3
02a0f
02ac8
02add
02c01
0336e
03372
03522
0353a
03540
03613
03620
03685
0368e
037b2
037bb
037c3
03884
03941
03b3c
03b96
03bb9
03c00
03c52
03c56
03c5a
03d1d
03d80
03d84
03d88
03d8c
03d90
03f2d
03f70
03f74
03f78
03f7c
03f80
03f84
03f88
03f8c
03f90
03f94
03f98
03f9c
03fa0
03fa4
03fa8
03fac
03fb0
0254e
02552
02650
02888
0288d
028a2
028cb
028d8
02973
02977
02a17
02a4c
02a61
02ad6
02b06
02b1a
033a9
03478
03552
03564
0356a
0363a
036a4
036ae
036b7
037d5
037de
037f3
03899
03b4d
03b54
03ba4
03c08
03c0c
03cbb
03cbf
03cc3
03de5
03de9
03ded
03df1
03df5
03f70
03f74
03fb7
03fbb
03fbf
03fc3
03fc7
03fcb
03fcf
03fd3
03fd7
03fdb
03fdf
03fe3
03fe7
03feb
03fef
03ff3
03ff7
025b7
026b3
026be
028cf
028df
02908
0290f
02926
029b4
02a54
02a63
02a87
02b0b
02b1c
02b48
033e0
033e4
03476
03492
03498
03584
03590
036d3
036dc
0373a
03743
0374b
03815
0396b
03b62
03bae
03bcd
03c14
03d20
03d24
03d28
03df8
03e4a
03e4e
03e52
03e56
03e5a
03ea3
03fb5
03fb9
03ffc
04000
04004
04008
0400c
04010
04014
04018
0401c
04020
04024
04028
0402c
04030
04034
025c8
025cc
025e9
02831
02835
028dd
0294d
02954
02969
02a8c
02a95
02ac8
02add
02b72
02bff
02c0a
02cbf
02cf3
02d02
0359a
035ab
035b2
036f2
036fc
03705
037b8
037c1
03809
03812
03819
03941
03b72
03bb9
03c17
03d72
03d76
03d7a
03d93
03d97
03ea6
03eaa
03f77
03f7b
03f7f
0403b
0403f
04043
04047
0404b
0404f
04053
04057
0405b
0405f
04063
04067
0406b
0406f
04073
04077
0407b
02631
0264c
02657
02878
0291a
02920
02957
02960
02994
0299b
029a8
02ad6
02b06
02b1a
02baf
02cf0
02d04
02d33
035bc
035c9
035d4
035da
03720
03729
037cf
037d8
037e0
0382b
03833
038d8
03995
03b80
03c1c
03c3d
03dd9
03ddd
03de1
03dfa
03dfe
03eed
03fba
03fbe
03fc2
04039
0403d
04080
04084
04088
0408c
04090
04094
04098
0409c
040a0
040a4
040a8
040ac
040b0
040b4
040b8
02696
0269a
026b7
027c7
027cf
028bd
0298c
02993
029aa
029cd
029dd
02b0b
02b1c
02b48
02be4
02be8
02d39
02d67
02d76
035e2
035f4
035fa
03656
03660
03669
03740
03749
03841
0384a
03851
0396b
03b8a
03bcd
03c2b
03df9
03e3e
03e42
03e46
03e5d
03f30
03f34
03ffb
03fff
04003
04080
040bd
040c1
040c5
040c9
040cd
040d1
040d5
040d9
040dd
040e1
040e5
040e9
040ed
040f1
040f5
040f9
026ff
02719
02725
0280e
028fa
028fe
029d5
029de
02a0a
02a11
02a26
02ab0
02b4e
02b57
02b85
02c3c
02c4b
02d70
03604
03611
0361c
03622
03685
0368e
03758
03761
03769
03863
0386b
03902
039bf
03b98
03bf4
03c52
03c56
03c5a
03c5e
03c62
03e39
03eae
03eb2
03eb6
03f83
040bd
040c1
040fe
04102
04106
0410a
0410e
04112
04116
0411a
0411e
04122
04126
0412a
0412e
04132
04136
0275e
02762
0277f
027a7
027ab
02853
02a12
02a19
02a28
02a4b
02a5c
02aeb
02aef
02b8d
02bbc
02bd1
02c45
02c79
02c88
03576
03638
0363e
036a4
036ae
036b7
0377c
03785
03878
03881
03888
03917
03ba2
03be1
03c03
03cb9
03cbd
03cc1
03cc5
03cc9
03ef1
03ef5
03ef9
03fc6
03fca
040fe
0413b
0413f
04143
04147
0414b
0414f
04153
04157
0415b
0415f
04163
04167
0416b
0416f
04173
04177
02563
0257e
02589
027ee
02896
0289e
02a53
02a5b
02a82
02a89
02aa0
02b2a
02bc8
02bd3
02bf9
02c76
02c8a
02cb9
03570
03581
0358c
03592
036d3
036dc
03794
0379d
037a5
037f3
037fb
038ae
039e9
03bb0
03c08
03cb7
03d22
03d26
03d2a
03d2e
03de5
03f38
03f3c
03f40
04007
0403f
04043
0413d
0417a
0417e
04182
04186
0418a
0418e
04192
04196
0419a
0419e
041a2
041a6
041aa
041ae
0258f
025d7
025e3
025ee
027f6
0280c
02814
029c5
02a54
02a63
02ac7
02ad1
02bf4
02c02
02c0c
02c3f
02cde
02ce2
02d70
02e26
02e33
02e5d
036cb
036dc
037b8
037c1
0385d
03866
0386d
038ae
038b3
039c0
03bb9
03bf9
03d0b
03d20
03f78
03f7c
03f86
03f8a
04046
04101
04105
04109
041b3
041b7
041bb
041bf
041c3
041c7
041cb
041cf
041d3
041d7
041db
041df
041e3
041e7
041eb
041ef
041f3
025f8
02640
0264f
02839
0283d
02853
02a02
02a06
02a8f
02ac9
02ad7
02ae3
02b04
02b15
02c39
02c4d
02c82
02d1b
02d1f
02e6a
02e98
02ead
036f5
037cf
037d8
037e0
0387e
03886
038bd
038c6
03957
03a14
03bfe
03d05
03d7f
03fbb
03fbf
03fc3
03fcd
04083
04087
04142
04146
0414a
041b5
041f6
041fa
041fe
04202
04206
0420a
0420e
04212
04216
0421a
0421e
04222
04226
0422a
0422e
0265d
026a5
026b1
026bc
02880
02896
0289e
0295a
02a41
02a45
02b09
02b16
02b43
02b47
02b5b
02c7d
02cb5
02cc7
02d54
02e9f
02eaf
02ed3
03718
03729
03740
03749
037ed
037f6
037fd
038d8
038dd
039ea
03bcd
03c0d
03dda
03df9
03ffc
04000
0400a
0400e
040c4
04179
0417d
04181
041f6
041fa
04235
04239
0423d
04241
04245
04249
0424d
04251
04255
04259
0425d
04261
04265
04269
0426d
026c6
0270b
0271d
028c3
028c7
028dd
0298f
029a6
02a7c
02b40
02b51
02b5d
02b7e
02b88
02c1c
02c20
02cbf
02cf3
02d02
02da6
02ed6
02ee6
03659
03758
03761
03769
0380f
03817
038e7
038f0
03981
03a3e
03c12
03dd3
03e3d
03ead
03eb1
03eb5
03eb9
0404a
0404e
04052
0410d
04111
04235
04270
04274
04278
0427c
04280
04284
04288
0428c
04290
04294
04298
0429c
042a0
042a4
042a8
02528
0276d
02773
02782
02904
0291a
02920
02947
029d6
029e3
02b89
02b91
02bb9
02bc1
02bd5
02c5b
02cf0
02d04
02d33
02dac
02dbb
02de3
0367d
0368e
0377c
03785
03825
0382e
03835
03902
03907
03996
03be1
03c21
03c3d
03c52
03ef4
03ef8
03efc
03f00
0408b
0408f
04093
0414e
04270
04274
042af
042b3
042b7
042bb
042bf
042c3
042c7
042cb
042cf
042d3
042d7
042db
042df
042e3
042e7
02524
02572
02581
027af
027b3
027c9
02984
02988
02a17
02bbd
02bcb
02bd7
02bf2
02bfc
02c96
02c9a
02d39
02d67
02d76
02def
02e1e
02e35
036a7
03794
0379d
037a5
03847
0384f
03893
0389c
0392d
03a68
03c26
03c31
03cb7
03f37
03f3b
03f3f
03f43
040c8
040cc
040d0
04185
04189
041bb
042ad
042b1
042ec
042f0
042f4
042f8
042fc
04300
04304
04308
0430c
04310
04314
04318
0431c
026ea
026ee
027d9
027fc
02810
0298f
029a6
02b3b
02bc8
02bd3
02c35
02c41
02d5e
02d72
02d7a
02da6
02e4c
02e50
02ede
02f95
02fa1
02fcb
03656
03667
03797
0385d
03866
0386d
038ed
038f2
0392e
039bf
03af7
03bf9
03e3d
03f37
04104
04108
04112
04116
041c0
04275
04279
0427d
04321
04325
04329
0432d
04331
04335
04339
0433d
04341
04345
04349
0434d
04351
04355
04359
0435d
04361
0274d
0281c
02843
02848
0285d
029d8
02b76
02b7a
02c01
02c37
02c47
02c51
02c72
02c84
02dac
02dbb
02de3
02e89
02e8d
02fd8
03003
0301b
03680
037b2
037c2
0387e
03886
038fc
03905
0393c
03945
03a52
03bfe
03c52
03f2b
04141
04145
04149
04153
041fb
041ff
042b4
042b8
042bc
04323
04364
04368
0436c
04370
04374
04378
0437c
04380
04384
04388
0438c
04390
04394
04398
0439c
0254e
02552
02863
0288a
0289a
02a15
02a24
02ad6
02bb3
02bb7
02c7b
02c86
02cad
02cb7
02cc9
02def
02e1e
02e35
02ec2
0300e
0301d
03041
036a4
036b5
037d2
037ed
037f6
037fd
03899
0389e
03958
039e9
03aa7
03c0d
03de6
03fbb
0417c
04180
0418a
0418e
0423a
042e9
042ed
042f1
04364
04368
043a3
043a7
043ab
043af
043b3
043b7
043bb
043bf
043c3
043c7
043cb
043cf
043d3
043d7
043db
025b7
028a6
028cd
028d1
028e7
02a56
02b0b
02b1c
02bec
02cb1
02cc1
02ccb
02cec
02cf8
02d8a
02d8e
02e2d
02e5b
02e70
02f14
03045
03054
036ce
0373a
0374a
0380f
03817
038a8
038b1
03966
0396f
03a7c
03c12
03d20
03fb5
0404b
0404f
04053
04057
041c4
041c8
041cc
04281
04285
043a3
043de
043e2
043e6
043ea
043ee
043f2
043f6
043fa
043fe
04402
04406
0440a
0440e
04412
04416
0261c
02620
02794
0290e
0291e
02a8d
02a9c
02ac1
02b4e
02b57
02cfa
02d00
02d29
02d2f
02d43
02dc9
02e63
02e72
02e9a
02f1b
02f29
02f51
036f2
03703
0375b
03825
0382e
03835
038c3
038c8
03982
03995
03acf
03c21
03d72
03ead
0408c
04090
04094
04098
04203
04207
0420b
042c0
043de
043e2
0441d
04421
04425
04429
0442d
04431
04435
04439
0443d
04441
04445
04449
0444d
04451
04455
02685
0278c
027b9
027be
027d3
0295a
02afc
02b00
02b8d
02d2d
02d3b
02d45
02d64
02d6c
02e04
02e08
02ea7
02ed1
02ee4
02f5d
02f89
02fa3
0371b
03776
03786
03847
0384f
038d2
038db
03912
0391b
03a28
03c26
03ca4
03e9b
040c9
040cd
040d1
040d5
0423e
04242
04246
042f5
042f9
04329
0441b
0441f
0445a
0445e
04462
04466
0446a
0446e
04472
04476
0447a
0447e
04482
04486
0448a
028bb
028bf
02971
0298e
0299f
02b0b
02b1c
02ca9
02d27
02d41
02da3
02dae
02ecc
02ee0
02ee8
02f14
02fba
02fbe
0304c
030fd
03109
03131
03656
03667
0373d
03841
03850
038ed
038f2
0396d
039a4
039ad
03a3e
03b6a
03ffa
040c9
04278
0427c
04286
0428a
0432e
043e3
043e7
043eb
0448f
04493
04497
0449b
0449f
044a3
044a7
044ab
044af
044b3
044b7
044bb
044bf
044c3
044c7
044cb
044cf
028fc
029ae
029d3
029da
029e9
02b50
02ce4
02ce8
02d70
02da9
02db5
02dbf
02de0
02deb
02f1b
02f29
02f51
02ff7
02ffb
0313e
03167
0317f
03680
03758
03768
03860
038fc
03905
0397b
03984
039bf
039c4
03ad0
03c52
040bd
042b3
042b7
042bb
042c5
04369
0436d
04422
04426
0442a
04491
044d2
044d6
044da
044de
044e2
044e6
044ea
044ee
044f2
044f6
044fa
044fe
04502
04506
0450a
027a7
027ab
029ef
02a14
02a1d
02b8b
02b96
02c45
02d21
02d25
02ded
02df4
02e1b
02e22
02e37
02f5d
02f89
02fa3
03030
03172
03181
031a3
036a4
036b5
03779
03878
03887
03899
0389e
03919
039ce
039d7
03a68
03b1e
03ef2
04141
042ec
042f0
042fa
042fe
043a8
04457
0445b
0445f
044d2
044d6
04511
04515
04519
0451d
04521
04525
04529
0452d
04531
04535
04539
0453d
04541
04545
04549
027ee
02a2c
02a51
02a58
02a67
02bca
02c76
02c8a
02d5a
02e23
02e2f
02e39
02e5a
02e65
02ef8
02efc
02f9b
02fc6
02fde
03080
031a7
031b6
036ce
03794
037a4
037f0
038a8
038b1
03927
03930
039e9
039ee
03af8
03d20
0413b
041c5
041c9
041cd
041d1
04332
04336
0433a
043ef
043f3
04511
0454c
04550
04554
04558
0455c
04560
04564
04568
0456c
04570
04574
04578
0457c
04580
04584
02831
02835
02932
02a8c
02a95
02bff
02c0a
02c2f
02cb3
02cc5
02e68
02e6e
02e95
02e9c
02eb1
02f37
02fd2
02fe0
03008
03087
03095
030bb
036f2
03703
037b5
03809
03818
038c3
038c8
03943
039f8
03a01
03a14
03b44
03f76
0404b
04204
04208
0420c
04210
04371
04375
04379
0442e
0454c
04550
0458b
0458f
04593
04597
0459b
0459f
045a3
045a7
045ab
045af
045b3
045b7
045bb
045bf
045c3
02878
0292a
02955
0295c
0296b
02ad6
02c6a
02c6e
02cfc
02e9d
02ea9
02eb3
02ed0
02ed9
02f72
02f76
03015
0303a
03052
030c7
030f1
0310b
0371b
037cf
037df
03828
038d2
038db
03951
0395a
03995
0399a
03aa8
03dda
04039
0423f
04243
04247
0424b
043ac
043b0
043b4
04463
04467
04497
04589
0458d
045c8
045cc
045d0
045d4
045d8
045dc
045e0
045e4
045e8
045ec
045f0
045f4
045f8
02a41
02a45
02ae9
02b09
02b16
02c76
02c8a
02e17
02e9f
02eaf
02f13
02f1d
0303c
0304e
03056
03080
03120
03124
031ae
0325f
0326b
03293
0373a
0374a
037f0
038d2
038db
0396b
03970
039eb
03a22
03a2b
03abc
03bb2
0417b
0423f
043e6
043ea
043f4
043f8
0449c
04551
04555
04559
045fd
04601
04605
04609
0460d
04611
04615
04619
0461d
04621
04625
04629
0462d
04631
04635
04639
0463d
02a7c
02b24
02b40
02b51
02b5d
02cbf
02e52
02e56
02ede
02f18
02f23
02f2d
02f50
02f5a
03087
03095
030bb
0315b
0315f
032a0
032c9
032e1
0375b
03809
03818
038ea
0397a
03983
039f9
03a02
03a3d
03a42
03b44
03ead
04233
04421
04425
04429
04433
044d7
044db
04590
04594
04598
045ff
04640
04644
04648
0464c
04650
04654
04658
0465c
04660
04664
04668
0466c
04670
04674
04678
02945
02949
02b63
02b89
02b91
02cf0
02d04
02db3
02e8f
02e93
02f5b
02f62
02f8b
02f91
02fa5
030c7
030f1
0310b
03192
032d4
032e3
03305
03776
03786
03828
038fc
03905
03917
0391c
03997
03a4c
03a55
03ae4
03b82
0408a
042b3
0445a
0445e
04468
0446c
04516
045c5
045c9
045cd
04640
04644
0467f
04683
04687
0468b
0468f
04693
04697
0469b
0469f
046a3
046a7
046ab
046af
046b3
046b7
02986
02b9e
02bbd
02bcb
02bd7
02d39
02de9
02df8
02ec8
02f92
02f9d
02fa7
02fca
02fd4
03066
0306a
03103
0312c
03144
031e2
03309
03318
03797
03841
03850
03896
03926
0392f
039a5
039ae
03a67
03a6c
03b6a
03f37
042ad
04333
04337
0433b
0433f
044a0
044a4
044a8
0455d
04561
0467f
046ba
046be
046c2
046c6
046ca
046ce
046d2
046d6
046da
046de
046e2
046e6
046ea
046ee
046f2
029c3
029c7
02aac
02bfd
02c05
02d60
02d78
02d9d
02e26
02e33
02fd6
02fdc
03005
0300b
0301f
030a3
03138
03146
0316c
031e9
031f7
0321d
037b2
037c2
03860
038a8
038b1
03941
03946
039c1
03a76
03a7f
03a94
03b9a
04102
041c6
04372
04376
0437a
0437e
044df
044e3
044e7
0459c
046ba
046be
046f9
046fd
04701
04705
04709
0470d
04711
04715
04719
0471d
04721
04725
04729
0472d
04731
02a04
02aa4
02ac9
02ad7
02ae3
02c45
02dd8
02ddc
02e6a
0300c
03017
03021
03040
03048
030dc
030e0
03179
0319c
031b4
03229
03253
0326d
037d2
03878
03887
038c0
03950
03959
039cf
039d8
03a13
03a18
03b1e
03fbb
041b3
043ad
043b1
043b5
043b9
0451a
0451e
04522
045d1
045d5
04605
046f7
046fb
04736
0473a
0473e
04742
04746
0474a
0474e
04752
04756
0475a
0475e
04762
04766
02bb3
02bb7
02c57
02c7b
02c86
02de9
02df8
02f85
0300e
0301d
0307f
03089
0319e
031b0
031b8
031e2
03282
03286
03310
033b9
033c7
033eb
037ed
037fc
03896
03950
03959
039e9
039ee
03a69
03a9e
03aa7
03b31
03bf0
0417b
04364
04552
04556
0455a
04564
04608
0460c
046c1
046c5
046c9
0476d
04771
04775
04779
0477d
04781
04785
04789
0478d
04791
04795
04799
0479d
047a1
047a5
047a9
02bec
02c92
02cb1
02cc1
02ccb
02e2d
02fc0
02fc4
0304c
03084
0308f
03099
030ba
030c4
031e9
031f7
0321d
032bd
032c1
033fa
0341f
03439
0380c
038a8
038b1
03968
039f8
03a01
03a77
03a80
03ab8
03abe
03b9a
03d33
041c6
043e4
04591
04595
0459f
045a3
04647
046fc
04700
04704
0476b
0476f
047ae
047b2
047b6
047ba
047be
047c2
047c6
047ca
047ce
047d2
047d6
047da
047de
047e2
02abf
02ac3
02cd1
02cfa
02d00
02e63
02e72
02f21
02ffd
03001
030c5
030cc
030f3
030f9
0310d
03229
03253
0326d
032f4
0342a
0343b
0345b
03825
03834
038c0
0397a
03983
03995
0399a
03a15
03ac6
03acf
03b57
03bc8
0408a
043de
045c6
045ca
045ce
045d8
04682
04686
04735
04739
0473d
047ae
047e7
047eb
047ef
047f3
047f7
047fb
047ff
04803
04807
0480b
0480f
04813
04817
0481b
0481f
02afe
02d0c
02d2d
02d3b
02d45
02ea7
02f58
02f66
03036
030fa
03105
0310f
03130
0313a
031c8
031cc
03265
0328e
032a6
03340
0345f
03470
03844
038d2
038db
03914
039a4
039ad
03a23
03a2c
03ae0
03ae6
03bb2
03e01
0423f
04458
044a3
044a7
044ab
044af
04610
04614
04618
046cd
047e7
047eb
04824
04828
0482c
04830
04834
04838
0483c
04840
04844
04848
0484c
04850
04854
04858
02b39
02b3d
02c1a
02d6e
02d74
02ed6
02ee6
02f0b
02f95
02fa1
0313c
03142
03169
0316f
03183
03205
0329a
032a8
032ce
03347
03357
03379
0385d
0386c
038ea
03926
0392f
039bf
039c4
03a3f
03aee
03af7
03b0b
03bdc
04102
04327
044de
044e2
044e6
044ea
0464b
0464f
04653
04708
0470c
04824
0485d
04861
04865
04869
0486d
04871
04875
04879
0487d
04881
04885
04889
0488d
04891
04895
02b78
02c12
02c37
02c47
02c51
02db3
02f46
02f4a
02fd8
03170
0317b
03185
031a2
031aa
0323e
03242
032db
032fe
03316
03387
033ad
033c9
0387b
038fc
03905
0393e
039ce
039d7
03a4d
03a56
03a90
03a96
03b82
03c65
042b3
04371
0451d
04521
04525
04529
0468a
0468e
04692
04741
04771
04775
0485f
04898
0489c
048a0
048a4
048a8
048ac
048b0
048b4
048b8
048bc
048c0
048c4
048c8
02d21
02d25
02dc5
02ded
02df4
02f58
02f66
030ed
03172
03181
031e1
031eb
03300
03312
0331a
03340
033da
033de
03468
034e2
034ee
03505
03893
0389c
03914
039ce
039d7
03a67
03a6c
03ae1
03b14
03b1d
03b8e
03c2c
03e01
04458
0451b
046c2
046c6
046d0
046d4
04778
04827
0482b
0482f
048cf
048d3
048d7
048db
048df
048e3
048e7
048eb
048ef
048f3
048f7
048fb
048ff
04903
04907
0490b
02d5a
02e00
02e23
02e2f
02e39
02f9b
03126
0312a
031ae
031e6
031f1
031fb
0321c
03226
03347
03357
03379
03413
03417
03512
0352a
03546
038ab
03926
0392f
039e6
03a76
03a7f
03af1
03af9
03b2d
03b33
03bdc
03d0d
041c6
0450f
046fd
04701
04705
0470f
047b1
047b5
04864
04868
048cd
048d1
04910
04914
04918
0491c
04920
04924
04928
0492c
04930
04934
04938
0493c
04940
04944
02c2d
02c31
02e3f
02e68
02e6e
02fd2
02fe0
0308d
03161
03165
03227
0322e
03255
0325b
0326f
03387
033ad
033c9
0344a
03535
03542
03557
038bd
038c6
0393e
039f8
03a01
03a13
03a18
03a91
03b3a
03b43
03ba6
03c04
03d81
04371
0458f
04736
0473a
04744
04748
047ee
04897
0489b
0489f
04910
04949
0494d
04951
04955
04959
0495d
04961
04965
04969
0496d
04971
04975
04979
0497d
04981
02c6c
02e7a
02e9d
02ea9
02eb3
03015
030c2
030d0
03198
0325c
03267
03271
03292
0329c
03326
0332a
033c1
033e6
03400
03487
0355b
03568
038d5
03950
03959
03992
03a22
03a2b
03aa1
03aa9
03b53
03b59
03bf0
03ccc
0423f
04589
0460f
04613
04617
0461b
0477c
04780
04784
04833
04949
0494d
04986
0498a
0498e
04992
04996
0499a
0499e
049a2
049a6
049aa
049ae
049b2
049b6
049ba
02ca7
02cab
02d88
02edc
02ee2
03045
03054
03077
030fd
03109
0329e
032a4
032cb
032d1
032e5
03361
033f2
03402
03424
0348e
0349a
034b1
038e7
038f0
03968
039a4
039ad
03a3d
03a42
03ab9
03b60
03b69
03b76
03c18
03e4b
043e4
044a2
0464e
04652
04656
0465a
047b9
047bd
0486c
04870
04986
049bf
049c3
049c7
049cb
049cf
049d3
049d7
049db
049df
049e3
049e7
049eb
049ef
049f3
049f7
02ce6
02d80
02da9
02db5
02dbf
02f21
030b0
030b4
0313e
032d2
032dd
032e7
03304
0330c
03398
0339c
03433
03454
0346e
034bd
034d6
034f2
038ff
0397a
03983
039bc
03a4c
03a55
03ac9
03ad1
03b07
03b0d
03bc8
03c3f
042b3
0448f
04689
0468d
04691
04695
047f2
047f6
047fa
048a3
048d3
048d7
049c1
049fa
049fe
04a02
04a06
04a0a
04a0e
04a12
04a16
04a1a
04a1e
04a22
04a26
04a2a
02e8f
02e93
02f33
02f5b
02f62
030c2
030d0
0324f
032d4
032e3
0333f
03349
03456
03466
0346c
03487
034fa
034fe
03562
035cc
035d8
035e9
03720
03911
0391a
03992
03a4c
03a55
03ae0
03ae6
03b54
03b7e
03b84
03c0e
03de8
03e03
04458
04640
04828
0482c
04836
0483a
048da
04989
0498d
04991
04a31
04a35
04a39
04a3d
04a41
04a45
04a49
04a4d
04a51
04a55
04a59
04a5d
04a61
04a65
04a69
02ec8
02f6e
02f92
02f9d
02fa7
03103
03288
0328c
03310
03344
0334d
03353
03378
03382
0348e
0349a
034b1
03524
03528
035f6
03608
03624
03668
03929
039a4
039ad
03a64
03aee
03af7
03b63
03b6b
03b8d
03bdc
03c67
03e4b
03e64
044a2
046c0
04865
04869
04873
04913
04917
049c6
049ca
04a2f
04a6c
04a70
04a74
04a78
04a7c
04a80
04a84
04a88
04a8c
04a90
04a94
04a98
04a9c
04aa0
02d9b
02d9f
02fad
02fd6
02fdc
03138
03146
031ef
032c3
032c7
03383
0338a
033af
033b5
033cb
034bd
034d6
034f2
0354c
03613
03620
0362f
03685
0393b
03944
039bc
03a76
03a7f
03a90
03a96
03b08
03b96
03b9c
03c22
03c54
03c67
04371
046ba
04898
0489c
048a6
048aa
04950
049f9
049fd
04a01
04a6e
04aa7
04aab
04aaf
04ab3
04ab7
04abb
04abf
04ac3
04ac7
04acb
04acf
04ad3
04ad7
04adb
02dda
02fe8
0300c
03017
03021
03179
03224
03232
032fa
033b6
033bf
033c5
033ea
033f4
0347c
03480
034e8
03500
0351c
0357d
03633
03640
036b6
03953
039ce
039d7
03a10
03a9e
03aa7
03b17
03b1f
03ba5
03bf0
03ca6
03ccc
03d35
0451b
04735
0477f
04783
04787
048de
048e2
048e6
04995
04aa5
04ade
04ae2
04ae6
04aea
04aee
04af2
04af6
04afa
04afe
04b02
04b06
04b0a
04b0e
04b12
02e15
02e19
02ef6
0304a
03050
031a7
031b6
031d9
0325f
0326b
033f6
033fc
03421
03427
0343d
034a8
0350c
03518
0352f
03584
03590
035a1
036d3
03965
0396e
039e6
03a22
03a2b
03ab8
03abe
03b2e
03bae
03bb4
03bfa
03d22
03d35
043e4
04603
047b8
047bc
047c0
047c4
0491b
0491f
049ce
049d2
04ae0
04b19
04b1d
04b21
04b25
04b29
04b2d
04b31
04b35
04b39
04b3d
04b41
04b45
04b49
04b4d
02e54
02eee
02f18
02f23
02f2d
0308d
03212
03216
032a0
03428
03431
03437
0345a
03462
034d0
034d4
0353c
03550
0356c
035ad
035c0
035dc
03704
0397d
039f8
03a01
03a3a
03ac6
03acf
03b3d
03b45
03b75
03bc8
03d74
03d9a
03e03
0458f
0464c
047f5
047f9
047fd
04954
04958
0495c
04a05
04a33
04b17
04b50
04b54
04b58
04b5c
04b60
04b64
04b68
04b6c
04b70
04b74
04b78
04b7c
04b80
0264c
02657
0269e
026a9
026c0
02fff
0309d
030bf
030c9
030d4
03229
033a7
033ab
03433
03484
0348a
034a0
03560
03566
03578
03594
0363a
036ac
037d5
0398f
03998
03a10
03ac6
03acd
03b53
03b59
03ba7
03bc4
03c0e
03d92
03d9e
03da2
03da6
03daa
03fd1
045c6
047ab
0498b
0498f
04999
0499d
04a39
04ae2
04ae6
04b84
04b88
04b8c
04b90
04b94
04b98
04b9c
04ba0
04ba4
04ba8
04bac
04bb0
026b7
02703
02707
02716
03034
03038
030da
03101
03107
0325f
0326b
033e2
0345f
03470
03492
03498
034ae
034b4
034ca
0358a
0359c
035b8
036dd
03747
039a7
03a22
03a2b
03adc
03b60
03b69
03baf
03bcc
03bd0
03d22
03e01
03e07
03e0b
03e0f
03e4a
04010
0460e
049c4
049c8
049cc
049d6
04a70
04a74
04b1d
04b21
04b86
04bb4
04bb8
04bbc
04bc0
04bc4
04bc8
04bcc
04bd0
04bd4
04bd8
02719
02725
02766
02771
02788
02f0b
03113
03135
03140
0314a
032a0
03347
03357
0341b
034b5
034bf
034c6
034da
034e4
035a8
035b4
035c5
036fa
0375e
039b9
039c2
03a3a
03aee
03af5
03b07
03b0d
03b77
03bd8
03c22
03d74
03e62
03e68
03e6c
03e70
03ebd
044de
04821
049fb
049ff
04a09
04a0d
04aab
04b50
04b54
04bb2
04bdc
04be0
04be4
04be8
04bec
04bf0
04bf4
04bf8
04bfc
04c00
04c04
02569
02574
0258b
0277f
02f46
02f4a
03150
03177
0317d
032d4
032e3
03387
0344e
03452
034e6
034ec
03502
03508
0351e
035d2
035e4
03600
0372a
03783
039d1
03a4c
03a55
03a8c
03b14
03b1d
03b7f
03be0
03be4
03c50
03c69
03c6d
03c71
03c75
03ddb
03f47
04688
048de
048e2
048e6
048ea
04a3d
04a41
04aea
04aee
04bde
04c08
04c0c
04c10
04c14
04c18
04c1c
04c20
04c24
04c28
04c2c
0257e
02589
025d0
025db
025f2
02f85
03062
0319e
031b0
031b8
03310
03335
03339
033c1
03509
03514
0351a
0352e
03538
035f0
035fc
0360d
0365e
0379a
039e3
039ec
03a64
03a9e
03aa5
03b2d
03b33
03b8f
03bec
03bfa
03ccc
03cd2
03cd6
03cda
03d0c
03f47
04552
04770
0491b
0491f
04923
04927
04a78
04a7c
04b25
04c06
04c30
04c34
04c38
04c3c
04c40
04c44
04c48
04c4c
04c50
04c54
04c58
025e9
02635
02639
02648
02fc0
02fc4
0305e
0308b
03091
031e9
031f7
03370
033f2
03402
0353a
03540
03554
0355a
0356e
0361a
03628
03644
0368f
037bf
039fb
03a76
03a7f
03ab4
03b3a
03b43
03b97
03bb8
03bbc
03c54
03d33
03d39
03d3d
03d41
03d80
03fd1
046fc
04954
04958
0495c
04960
04aaf
04ab3
04b58
04b5c
04b8a
04c32
04c5c
04c60
04c64
04c68
04c6c
04c70
04c74
04c78
04c7c
02574
0258b
0267d
0275e
02762
0277f
02851
02859
02891
03161
03165
03201
03227
0322e
03380
03390
0353c
0357a
03580
03596
03638
0363e
036ac
0377c
0387e
03a0d
03a16
03a8c
03b3a
03b41
03ba5
03be1
03bfe
03c02
03c65
03c6b
03c6f
03c79
03cba
03d80
03d84
03d88
03f8f
03f93
04191
0490e
04ae4
04ae8
04af2
04b8c
04b90
04c82
04c86
04c8a
04c8e
04c92
04c96
04c9a
04c9e
04ca2
04ca6
02563
0257e
02589
025e1
026e2
026e6
02898
028d3
028e1
03198
0323a
0325c
03267
03271
033c1
0355b
03568
03588
0358e
0359e
035a4
035ba
036dd
037a1
037f9
03a25
03a9e
03aa5
03b4f
03bae
03bb4
03bed
03c0a
03cb7
03cd0
03cd4
03cde
03ce2
03de5
03de9
03ded
03df1
03fd6
0405c
0460f
04b1b
04b1f
04b29
04b2d
04bb8
04c80
04ca8
04cac
04cb0
04cb4
04cb8
04cbc
04cc0
04cc4
04cc8
025c8
025cc
025e9
02642
02659
02747
028db
028e3
02916
03075
03079
03277
0329e
032a4
033f2
03402
03494
035a5
035af
035b6
035c4
035ce
036fa
037b8
0380f
03a37
03a40
03ab4
03b60
03b67
03b75
03bb9
03c12
03c16
03d33
03d39
03d3d
03d47
03d73
03e4a
03e4e
03e52
04013
04017
0409b
04984
04b52
04b56
04b60
04be0
04be4
04caa
04cce
04cd2
04cd6
04cda
04cde
04ce2
04ce6
04cea
04cee
0253b
0262f
02633
02650
026a9
026c0
027c2
0291a
02920
030b2
032b0
032d2
032dd
032e7
03433
034b8
034c4
035d0
035d6
035e6
035ec
03602
0372a
037dc
03831
03a4f
03ac6
03acd
03b03
03b7e
03b84
03bc5
03c1e
03c3d
03c41
03c45
03d91
03d9d
03da1
03da5
03daf
03ddc
03ec2
0409b
04689
04a3d
04a41
04a45
04a49
04c0c
04ccc
04cf0
04cf4
04cf8
04cfc
04d00
04d04
04d08
04d0c
04d10
025a0
025a4
02698
026b3
026be
02716
027c7
027cf
02807
030eb
030ef
031c6
0330e
03314
0345f
03470
034e8
035ed
035f8
035fe
0360c
03616
0365e
03740
03847
03a61
03a6a
03adc
03b14
03b1b
03b8d
03bcd
03c26
03c2a
03ca6
03caa
03cae
03e00
03e06
03e0a
03e14
03e18
03f05
03f09
04119
048d3
04a78
04a7c
04a80
04c34
04c38
04cf2
04d16
04d1a
04d1e
04d22
04d26
04d2a
04d2e
04d32
04d36
02609
026fd
02701
0271e
02771
02788
0280e
02849
02857
03128
031be
031e6
031f1
031fb
0334f
0350c
03518
03618
0361e
0362c
03632
03646
0368f
03765
03869
03a79
03aee
03af5
03b29
03b96
03b9c
03bd9
03bf6
03c54
03d0d
03d11
03d15
03e61
03e67
03e6b
03e75
03e79
03f4c
04119
046fd
04aaf
04ab3
04ab7
04abb
04c5c
04c84
04d14
04d38
04d3c
04d40
04d44
04d48
04d4c
04d50
04d54
026d0
026e4
026ee
02714
02722
027dd
027f0
02807
02812
028d3
02998
029a5
02bc8
0366b
03723
0372e
038ee
03adb
03bd6
03ca7
03dd5
03de0
03dfb
03e1a
03e3d
03e7a
03ee7
03f0c
03f38
03f51
03fcb
0407e
04095
0409f
040a3
040cb
040de
040e2
04235
04252
0428c
042f5
0432d
04343
04437
04496
044a3
044b3
044b7
045dc
046ca
04d5a
04d5e
04d62
04d66
04d6a
04d6e
04d72
04d76
04d7a
04d7e
02736
0274d
02770
0277d
02786
02824
02845
02853
0285c
029cf
029df
029e8
0365e
03668
0368d
037be
03909
03b28
03bfe
03c39
03c56
03c7f
03e43
03e4d
03e65
03e80
03f53
03f78
03f94
03ffb
04012
040bd
040d4
040e6
040ea
0410d
0411d
04121
04272
04292
042c9
04323
0436a
04380
04470
044b9
044e0
044f0
044f4
0465c
04d58
04d83
04d87
04d8b
04d8f
04d93
04d97
04d9b
04d9f
04da3
0253b
0254b
02552
02578
02586
027bf
02874
0288a
02898
028a1
02a16
02a22
02ad4
03688
03693
036b9
0389a
03a8b
03bea
03c31
03c41
03c5a
03c68
03c83
03cbd
03ce6
03eaf
03ec0
03f98
03fbf
03fd9
04083
040fe
04123
04127
04143
0415a
0415e
041fc
042cd
042ed
04302
04366
043a7
043bd
044d3
04514
0452b
0452f
045d0
0473e
04da8
04dac
04db0
04db4
04db8
04dbc
04dc0
04dc4
04dc8
04dcc
025ae
025b7
025da
025e7
025f0
028b7
028bf
028d6
028e2
02a4d
02a5d
02a66
036ac
036b6
036db
03746
038b5
03b4e
03c12
03ca0
03cbf
03cc6
03ce8
03d1f
03d4b
03e49
03efd
03fb6
03fdf
04005
0401a
0413b
04152
04164
04168
04187
04195
04199
041c8
041d7
04304
04387
043c2
043ef
043fc
04510
04554
04568
0456c
04608
04da7
04dd1
04dd5
04dd9
04ddd
04de1
04de5
04de9
04ded
04df1
02609
02619
02620
02646
02654
02849
028f8
0290e
0291c
02925
02a8e
02a9a
02b4e
036d6
036e1
03707
038c4
03ab3
03bc2
03c3c
03d0f
03d27
03d2e
03d50
03d76
03db3
03ea2
03ea8
03ec6
03f3b
03f4a
0403f
04047
0405e
04062
0410f
0419b
0419f
041b5
041db
04212
04281
043e0
04423
04439
044d9
04570
0459b
045a7
045ab
04713
04df6
04dfa
04dfe
04e02
04e06
04e0a
04e0e
04e12
04e16
04e1a
0266b
02685
026a8
026b5
026be
0279a
027bb
027c9
027d2
02951
02961
0296a
036fa
03704
03728
03782
038df
03b02
03c26
03d6c
03d78
03d84
03d9d
03db8
03de2
03e1f
03ec9
03eec
03f0d
03f79
03f8e
0403b
04066
0406a
04086
040a5
040a9
0414e
04216
04241
04255
04401
0443e
04463
04474
0458a
045c8
045de
045e2
04682
04d59
04e1e
04e22
04e26
04e2a
04e2e
04e32
04e36
04e3a
04e3e
028ad
028b6
028bf
028d6
028e2
02974
02985
02999
029a5
02a4c
02b0e
02b1a
02d27
0366f
03749
037d5
037dc
0396b
03b4e
03cbf
03dde
03fb5
03fc0
03fcd
03fe0
03fff
0401f
0409c
040c4
040db
04144
041f5
0420d
0421b
0421f
04243
04257
0425b
043a3
043c6
043fa
04465
0449c
044b1
045af
04604
04610
04622
04626
0474c
04830
04d5c
04dd0
04e43
04e47
04e4b
04e4f
04e53
04e57
04e5b
04e5f
028f0
028fb
0290f
0291c
02925
029b6
029d2
029db
029e8
02b41
02b51
02b5c
03660
03696
03742
0374c
0376b
03984
03c1c
03d26
03e43
03ea3
03eb3
03ffb
0400a
0401d
040be
040ec
0410e
0411c
0418c
04233
0424a
0425e
04262
04283
04294
04298
043e0
04404
04439
04491
044d9
044ee
045e6
04628
0464d
0465f
04663
047c6
04d5f
04d84
04df8
04e63
04e67
04e6b
04e6f
04e73
04e77
04e7b
02797
027a3
027ab
027c2
027cd
02950
02a00
02a11
02a1a
02a27
02b87
02b94
02c39
036a2
0375e
03765
03785
03917
03b02
03c42
03d78
03e9b
03eb2
03eb9
03ecd
03ef7
03f11
04058
04122
04143
04159
041fb
04273
04299
0429d
042b7
042cc
042d3
0436c
0443e
0445b
04476
044d4
04516
0452b
04641
04684
04699
0469e
0473e
048a0
04da9
04e1d
04e7f
04e83
04e87
04e8b
04e8f
04e93
04e97
04e9b
027e4
027ed
02801
0280e
02817
02a3c
02a42
02a56
02a61
02bbe
02bcb
02bd6
036ae
036e4
0377e
03788
037a7
03930
03bf4
03d0a
03dfa
03ee8
03efa
03f0a
03f36
03f4f
0408e
0413c
0416a
04186
04194
042ad
042c4
042d8
042dc
042f7
04308
0430c
04336
0434b
0446f
044fa
04534
0455e
0456a
0467e
046c1
046d6
046db
04776
04d60
04dd2
04dd6
04e9f
04ea3
04ea7
04eab
04eaf
04eb3
04eb7
02821
0282d
02835
0284c
02857
029ce
02a78
02a89
02a92
02a9f
02bfb
02c08
02cb3
036d8
0379a
037a1
037c1
03941
03b28
03d0e
03e44
03f2a
03f3c
03f43
03f57
03f7b
03f9b
04044
0404d
0406d
040d6
041b8
041c1
041d8
041df
04281
0430d
04311
04323
0434d
04380
043f1
0454e
04591
045a5
04645
046df
04709
04716
0471a
04877
04d89
04dfb
04ebb
04ebf
04ec3
04ec7
04ecb
04ecf
04ed3
04ed7
0286c
02877
0288b
02898
028a1
02938
02954
0295d
0296a
02aca
02ad7
02ae2
03684
03729
037ba
037c4
037e2
0395a
03c08
03c5e
03dd9
03f72
03f7e
03f98
03fba
03fd9
0403a
0406e
0408b
040a6
04114
041b6
041e2
041e6
041fe
04216
04223
042be
04385
043b0
043c7
04574
045ae
045d2
045e0
046f8
04736
0474a
04751
047ec
04dae
04e20
04e24
04eda
04ede
04ee2
04ee6
04eea
04eee
04ef2
02a33
02a3b
02a45
02a56
02a61
02aec
02afd
02b13
02b1a
02bbc
02c7d
02c88
02e9f
036b1
0374a
037fb
0387e
03884
039e9
03cc0
03efc
0413b
04146
04153
04163
04180
041a4
04215
0423a
04253
042b8
04364
0437b
0438c
04390
043af
043c8
043cc
04511
04538
04568
045d1
0460a
04621
0471e
04772
0477c
0478e
04792
048ae
04992
04dd2
04e1c
04e47
04ef9
04efd
04f01
04f05
04f09
04f0d
04f11
02a71
02a7b
02a87
02a94
02a9f
02b2c
02b4b
02b53
02b5c
02cb4
02cbf
02cca
036c6
0370b
03768
037f5
037fe
0381b
03a02
03eac
03f42
04041
04051
0417e
0418a
0419b
04234
04264
04282
04294
042fc
043a1
043b8
043ce
043d2
043f2
04405
04409
0454e
04576
045a5
045ff
04647
0465e
04755
04794
047b7
047c9
047cd
04928
04d5f
04dfa
04e63
04f13
04f17
04f1b
04f1f
04f23
04f27
04f2b
02936
02941
02949
0295a
02965
02ac8
02b74
02b88
02b90
02b99
02cf6
02d02
02dac
036ff
03763
0380f
03815
03833
03995
03d79
03f79
04039
04050
04057
04067
0408f
040ae
041d2
04290
042b7
042c9
04369
043e1
04400
0440d
04423
0443b
04444
044da
045ad
045ca
045e9
04642
04684
0469b
047ad
047ee
04801
04806
048a0
04a02
04e00
04e25
04e83
04f31
04f35
04f39
04f3d
04f41
04f45
04f49
0297c
02985
02993
0299e
029a9
02bae
02bb4
02bca
02bd1
02d28
02d39
02d44
03667
03725
037a4
0382d
03836
03853
039ae
03ef9
03fcb
04080
04092
0409c
040c8
040db
04209
042ae
042de
042f6
04308
0441a
04432
04448
0444c
04466
04479
0447d
044a5
044be
045dd
04669
046a3
046cc
046da
047e8
04827
0483c
04841
048d8
04d5a
04dad
04e9f
04f4b
04f4f
04f53
04f57
04f5b
04f5f
04f63
029b2
029bf
029c7
029d8
029e3
02b3f
02be8
02bfc
02c04
02c0c
02d6a
02d76
02e26
03663
0379f
03847
0384d
0386b
039bf
03c51
03ffb
040bd
040ce
040d5
040e5
04107
0412c
041be
041ca
041e9
0424c
04327
04330
04345
04350
043f1
04470
04481
04491
044bf
044ee
0455d
046bc
046ff
04715
047b1
04845
0486d
0487a
0487e
049d9
04d81
04dd7
04ebf
04f69
04f6d
04f71
04f75
04f79
04f7d
04f81
029f8
02a03
02a0f
02a1c
02a27
02ab2
02ad1
02ad9
02ae2
02c3a
02c45
02c50
03675
036bd
037df
03865
0386e
0388a
039d8
03eae
03f7d
040fe
0410a
04122
04140
04159
041b4
041ea
04204
04221
04288
04324
04349
04356
0436d
04382
04393
0442e
044f6
0451e
04539
046e3
0471d
04740
04750
0485e
04897
048ac
048b3
0494e
04d87
04daa
04eda
04f67
04f86
04f8a
04f8e
04f92
04f96
04f9a
02ba6
02baf
02bb7
02bc5
02bd1
02c5b
02c6b
02c80
02c88
02d30
02dea
02df6
0300e
0367f
03781
037fc
0389b
03902
03a67
03ef9
04096
042ad
042b8
042c5
042d7
042ed
04307
04384
043a7
043bd
04426
044d2
044e9
044fe
04502
0451d
0452f
0453a
0467f
046a3
046d8
0473f
04778
0478d
04882
048d4
048de
048f0
048f4
04a10
04aea
04dab
04db3
04db7
04e9f
04efa
04fa1
04fa5
04fa9
04fad
04fb1
02be1
02beb
02bf8
02c03
02c0c
02c9a
02cba
02cc2
02cca
02e1f
02e2d
02e38
036a4
03791
037c8
03818
0389d
038b4
03a80
0404b
040d6
041bc
041c9
042ed
042fa
0430d
043a2
043d3
043ef
043fd
0446a
0450f
04526
0453c
04540
0455f
0456c
04577
046bc
046e0
04715
0476d
047b3
047c8
048b7
048f6
04919
0492b
0492f
04a84
04db3
04dd7
04ddc
04de0
04f14
04fb4
04fb8
04fbc
04fc0
04fc4
02ab0
02abc
02ac3
02ad1
02add
02c3c
02ce2
02cf7
02cff
02d07
02e64
02e71
02f1b
036cd
037bd
03814
038ae
038c5
03a13
03f7d
04105
041b3
041cb
041d1
041e3
04205
04220
04340
043fe
04423
04439
044d9
0454f
04573
0457b
04591
045a7
045ab
04646
04714
04738
04758
047ae
047ee
04803
0490f
04950
04963
04968
04a02
04b58
04dfa
04e01
04e05
04eda
04f32
04fcb
04fcf
04fd3
04fd7
04fdb
02af6
02afd
02b0d
02b15
02b1f
02d1d
02d22
02d38
02d3f
02e99
02ea7
02eb2
036f2
0374a
037da
03850
038c7
038de
03a2c
04091
04153
041f9
0420b
04215
0423e
04253
04377
0441c
0444d
04463
04475
04589
045a0
045b6
045ba
045d3
045e2
045eb
04612
0462d
0474b
047d3
0480b
04832
04840
0494a
04989
0499e
049a3
04a36
04e01
04e23
04e29
04e2d
04f4c
04fde
04fe2
04fe6
04fea
04fee
02b2a
02b35
02b3d
02b4b
02b57
02cb5
02d56
02d6b
02d73
02d7b
02ed7
02ee4
02f95
0371a
03745
0384c
038d8
038ef
03a3d
03eac
0417e
04233
04244
0424b
0425d
04279
04293
0432c
04335
0434e
043ba
04495
0449b
044b3
044b7
0455d
045e6
045ef
045ff
04629
0465e
046cb
04824
04863
04879
04913
049a7
049cf
049dc
049e0
04b2f
04d5f
04d66
04d6a
04e63
04f6a
04ff5
04ff9
04ffd
05001
05005
02b6d
02b77
02b84
02b8f
02b99
02c20
02c40
02c48
02c50
02da5
02db3
02dbe
03656
03755
0378c
03887
038f1
03908
03a56
0404e
04109
04273
0427f
04290
042b3
042c9
04322
04359
04372
04383
043f6
04492
044bc
044c4
044d8
044f0
044f4
0459a
0465d
0468c
046a7
04849
04881
048a2
048b2
049c0
049fa
04a0e
04a15
04aa8
04d65
04d87
04d8e
04d92
04f83
05008
0500c
05010
05014
05018
02d13
02d1c
02d25
02d36
02d3f
02dc8
02dd9
02dee
02df6
02e98
02f53
02f64
03172
036f0
0375c
03856
03919
03980
03ae3
04091
0420e
0441a
04426
04433
04448
0445b
04479
044f6
04516
0452b
04594
04640
04657
0466c
04670
0468b
0469e
046a8
047e9
0480b
0483e
048a1
048da
048ef
049e4
04a32
04a3c
04a4e
04a52
04b66
04c0a
04e1d
04e85
04e89
04f4d
04fa0
0501f
05023
05027
0502b
0502f
02d4e
02d59
02d66
02d73
02d7b
02e08
02e22
02e30
02e38
02f8a
02f9b
02fa6
036a7
03777
0384c
038b1
0391b
03932
03af9
041c5
0424c
0432a
04337
0445b
04468
0447e
04510
04541
0455e
04572
045d8
0467d
04694
046aa
046ae
046cd
046db
046e5
04824
04846
04879
048cf
04915
0492a
04a19
04a54
04a76
04a87
04a8b
04bbc
04d60
04e9f
04ea5
04ea9
04fb3
05032
05036
0503a
0503e
05042
02c1d
02c29
02c31
02c42
02c4b
02da4
02e50
02e5f
02e6d
02e75
02fcd
02fde
03087
036d0
03798
0388d
0392c
03943
03a93
04109
0427c
04321
04338
0433f
04354
04374
04391
044ae
04570
04591
045a5
04645
046bd
046e2
046e9
046ff
04715
0471a
047b2
04878
04899
048ba
04910
04950
04965
04a6b
04aaa
04abd
04ac2
04b58
04c5a
04dfc
04ec1
04ec5
04f84
04fca
05049
0504d
05051
05055
05059
02c63
02c6b
02c78
02c85
02c8d
02e8a
02e90
02ea6
02eae
03004
03015
03020
0367b
037b3
03802
038db
03945
0395c
03aa9
0420a
042c5
04367
04379
04384
043ad
043bd
044e5
0458a
045bb
045d2
045e8
046f7
0470e
04724
04728
04741
04751
04759
0477e
04799
048ad
04935
0496d
04994
049a2
04aa4
04ae1
04af6
04afb
04b8c
04dae
04eda
04ee0
04ee4
04fdd
0505c
05060
05064
05068
0506c
02c97
02ca3
02cab
02cbc
02cc6
02e1e
02ec4
02ed5
02ee1
02ee9
03043
03052
030fd
0371d
037d3
0381e
03956
0396d
03abb
0404b
042f0
043a1
043b2
043b9
043ce
043e7
04405
0449a
044a4
044c0
04528
04603
0460b
04621
04626
046cb
04755
0475d
0476d
04795
047c8
04831
04986
049c6
049db
04a6f
04aff
04b25
04b32
04b36
04c3a
04dcf
04e4a
04e4e
04f15
04ff4
05073
05077
0507b
0507f
05083
02cda
02ce5
02cf2
02cff
02d07
02d8e
02da8
02db6
02dbe
02f10
02f21
02f2c
03659
0373b
03814
03905
0396f
03986
03ad1
041cb
0427e
043e1
043ec
043fe
04420
04439
04490
044c7
044e0
044f8
04564
04600
0462b
04632
04648
0465e
04663
04708
047c7
047f4
0480f
049ab
049e3
04a04
04a14
04b16
04b4f
04b64
04b6b
04be0
04d82
04e63
04e69
04e6d
05007
05086
0508a
0508e
05092
05096
02e81
02e8b
02e93
02ea2
02eae
02f36
02f47
02f5c
02f64
03003
030bd
030ce
032d4
036f7
0380a
038e1
03997
039fe
03b56
03d9e
0420a
0437c
04589
04594
045a1
045b6
045ca
045eb
04665
04684
0469b
04702
047ac
047c1
047d6
047da
047f3
04806
04810
0494b
0496d
049a0
04a03
04a38
04a4d
04b3a
04b88
04b92
04b97
04c0a
04c88
04e82
04f34
04f38
04fde
0501e
0509d
050a1
050a5
050a9
050ad
02ebd
02ec7
02ed3
02ee1
02ee9
02f76
02f91
02f9e
02fa6
030f2
03103
0310e
03713
0377b
03829
0392f
03999
039b0
03b6b
03e13
04332
043ba
04498
044a6
045ca
045d6
045ec
0467e
046af
046cc
046e1
04746
047e7
047fc
04812
04816
04833
04841
0484b
04986
049a8
049db
04a2f
04a71
04a86
04b6f
04b9b
04bbc
04bc1
04c34
04d5b
04f4d
04f52
04f56
05031
050b0
050b4
050b8
050bc
050c0
02d8a
02d98
02d9f
02dae
02dba
02f0f
02fbe
02fce
02fdb
02fe3
03133
03145
031e9
0365b
03842
0390b
039aa
039c1
03b0a
03e66
0427e
043e9
0448f
044a7
044ad
044c2
044e2
04503
0461c
046df
046ff
04715
047b1
04825
04848
0484f
04863
04879
0487e
04914
049da
049fc
04a1c
04a6c
04aaa
04abf
04bb2
04be2
04be9
04bed
04cd0
04ebe
04f6c
04f70
05008
05048
050c7
050cb
050cf
050d3
050d7
02dd1
02dd9
02de3
02df2
02dfb
02ff8
02ffe
03014
0301c
03168
03179
03184
03674
037b7
03861
03959
039c3
039da
03b1f
03c77
04378
04433
044d5
044e7
044f6
0451b
0452b
04652
046f8
04729
04740
04757
0485d
04872
04888
0488c
048a3
048b3
048bb
048e0
048fb
04a0f
04a91
04ac7
04aec
04afa
04bdc
04c0c
04c13
04c17
04da9
04f84
04f89
04f8d
0505b
050da
050de
050e2
050e6
050ea
02e04
02e11
02e19
02e29
02e33
02f89
03032
03044
0304f
03057
031a5
031b4
0325f
036a9
03879
038b7
039d4
039eb
03b30
03cd0
041c5
0445d
0450f
04520
04527
0453c
04556
04577
04608
04611
0462e
04696
04771
04779
0478d
04792
04831
048b7
048bf
048cf
048f7
0492a
04993
04ade
04b1b
04b31
04bb6
04c19
04c3a
04c3f
04d18
04e46
04efd
04f01
04fb4
05072
050f1
050f5
050f9
050fd
05101
02e49
02e53
02e5d
02e6d
02e75
02efc
02f17
02f24
02f2c
0307c
0308d
03098
036c5
0373f
037f1
03983
039ed
03a04
03b45
03d45
04338
043eb
0454f
0455b
04570
0458f
045a5
045fe
04635
0464d
04667
046d2
0476e
04797
0479e
047b4
047c8
047cd
0486c
04929
04956
04971
04b03
04b39
04b5a
04b6a
04c30
04c5c
04c65
04c69
04dfa
04f15
04f1a
04f1e
05085
05104
05108
0510c
05110
05114
02fef
02ff9
03001
03011
0301c
030a2
030b1
030c6
030ce
03167
0321f
03230
0342a
037b7
038a9
0395f
03a15
03a7c
03ba5
03c79
03d85
03d9e
04378
044ea
046f7
04702
0470f
04724
04738
04759
047cf
047ee
04803
04866
0490e
04923
04938
0493c
04955
04968
04972
04aa5
04ac7
04af8
04b59
04b8e
04b96
04c62
04c88
04c8d
04d3a
04f32
04fcc
04fd0
0505c
0509c
0511b
0511f
05123
05127
0512b
0302b
03035
03042
0304f
03057
030e0
030f9
03106
0310e
03254
03265
03270
037cb
0382a
038c1
039ad
03a17
03a2e
03bb3
03ceb
03df2
03e13
044a2
04528
04606
04613
04738
04744
0475a
047e8
04817
04832
04847
048a8
04949
0495e
04974
04978
04995
049a3
049ad
04ade
04b00
04b31
04b85
04bb8
04bc0
04c80
04cac
04cb1
04e45
04fde
04fe3
04fe7
050af
0512e
05132
05136
0513a
0513e
02efa
02f05
02f0d
02f1d
02f27
0307b
03124
03134
03141
03149
03295
032a6
03347
0373f
038d3
03989
03a28
03a3f
03b75
03d47
03e4f
03e66
043eb
04558
045fd
04614
0461b
04630
0464f
04671
04788
04845
04863
04879
04913
04987
049aa
049b1
049c6
049db
049e0
04a70
04b30
04b51
04b72
04bb3
04be2
04bea
04cb5
04cd3
04cd7
04f6a
04ff6
04ffa
05086
050c6
05145
05149
0514d
05151
05155
02f3e
02f47
02f52
02f60
02f69
0315c
03162
03178
03180
032ca
032db
032e6
03754
03862
038eb
039d7
03a41
03a58
03b83
03c49
03c77
03db9
044e6
045a1
04643
04654
04665
04688
0469b
047bc
0485e
0488d
048a2
048b9
049bf
049d4
049ea
049ee
04a05
04a15
04a1d
04a3e
04a59
04b65
04bc9
04bf0
04c12
04ccc
04cf4
04cf9
04e81
05008
0500d
05011
050d9
05158
0515c
05160
05164
05168
02f74
02f7f
02f87
02f97
02fa1
030f1
03194
031a6
031b1
031b9
03307
03316
033b9
0377b
038fd
03935
03a52
03a69
03b8d
03caa
03cd0
03e15
04332
045cc
0467d
0468e
04695
046aa
046c3
046e5
04776
0477d
0479a
047fe
048d3
048db
048ef
048f4
04993
04a19
04a21
04a2f
04a55
04a86
04aeb
04c07
04c36
04c3e
04cfd
04d1b
04d1f
04efa
04fa3
04fa7
05032
050f0
0516f
05173
05177
0517b
0517f
02fb6
02fc1
02fcc
02fdb
02fe3
0306a
03083
03090
03098
031de
031ef
031fa
03790
037f2
03897
03a01
03a6b
03a82
03b9b
03d17
03d45
03e81
044a7
0455a
046bd
046c8
046df
046fc
04715
0476c
047a1
047b7
047d1
04838
048d0
048f9
04900
04916
0492a
0492f
049ce
04a85
04ab0
04acb
04c1d
04c44
04c64
04d14
04d38
04d3f
04ebd
04fb4
04fb9
04fbd
05103
05182
05186
0518a
0518e
05192
03153
0315d
03165
03175
03180
03204
03213
03228
03230
032c9
0337b
0338c
03535
03862
03927
039dd
03a90
03af7
03be2
03c38
03c56
03c69
03c79
03c86
03c8a
03d8b
03ecf
044e6
04658
0485d
04866
04873
04888
0489a
0490e
04937
04952
04967
049ca
04a6d
04a90
04a96
04aab
04abf
04ac4
04b59
04be7
04c13
04c84
04c8c
04d3a
04fc9
05048
0504d
050d9
05119
05198
0519c
051a0
051a4
051a8
0318c
03197
031a4
031b1
031b9
03242
0325b
03268
03270
033ae
033bf
033c9
03875
038c2
0393f
03a2b
03a95
03aaa
03bf0
03c80
03cbd
03cd0
03ce0
03ced
03cf1
03df2
03fc5
0460f
04696
04774
0478d
0489b
048a8
048bd
0494c
04989
04996
049ad
04a0b
04aa6
04ac9
04ad0
04ae2
04af8
04afd
04b8d
04c11
04c3d
04c91
04cb0
04dba
0504a
05060
05064
050f1
051aa
051ae
051b2
051b6
051ba
03068
03071
03079
03089
03094
031dd
03286
03296
032a3
032ab
033ed
033ff
0348e
037f2
03951
03a07
03aa7
03ab8
03bba
03c9f
03d19
03d32
03d3a
03d4b
03d56
03e4f
03f59
0455a
046c5
0476b
04780
04787
0479c
047ba
048e2
04984
049ae
049cd
049dd
04a70
04af1
04b07
04b0b
04b26
04b34
04b3e
04c31
04c44
04c94
04cb5
04cd4
04ff3
05072
05077
05103
05143
051c0
051c4
051c8
051cc
051d0
030a8
030b1
030bc
030ca
030d3
032be
032c4
032da
032e1
03420
03431
0343b
03806
038ec
03969
03a55
03abd
03ad2
03bc8
03c49
03d4e
03d8d
03d9e
03dae
03dbb
03dbf
03f9e
04653
0470f
047af
047be
047cf
047f2
0480f
04924
049c2
049fa
04a06
04a1d
04b18
04b3a
04b42
04b50
04b68
04b6d
04b89
04be0
04c62
04ccc
04cf6
04e08
05074
0508a
0508e
0509d
051d2
051d6
051da
051de
051e2
030de
030e7
030ef
030ff
0310a
03253
032f6
03308
03313
0331b
0345d
0346d
034e2
0382a
0397b
039b3
03acf
03ae0
03bce
03caa
03d6d
03de1
03e00
03e08
03e1d
03e24
03eeb
044a2
0473a
047e7
047f6
047fd
04812
0482a
048d3
048da
048ef
04958
04a10
04a34
04a3d
04a50
04a5a
04b5f
04b75
04b79
04b93
04bbf
04cdc
04cfd
04d1c
04f9f
05020
05024
050af
0516d
051e8
051ec
051f0
051f4
051f8
0311c
03127
03132
03141
03149
031cc
031e5
031f2
031fa
0333c
0334d
03357
0383e
03898
03915
03a7f
03ae5
03afa
03bdc
03d17
03e19
03e57
03e66
03e76
03e84
03e88
04022
04614
046c7
04825
0482e
04845
04862
04885
048d0
04913
0491a
0493d
0499b
04a46
04a5c
04a60
04a77
04a89
04a99
04bb3
04bc6
04c34
04d14
04d3c
04d6c
05020
05036
0503a
050c7
051fa
051fe
05202
05206
0520a
032b6
032bf
032c7
032d7
032e1
03360
0336f
03384
0338c
0341f
034b3
034c4
03613
038ec
039a5
03a5b
03b07
03b69
03c1e
03c38
03c45
03c4d
03c66
03c8d
03e2a
03e75
03ea4
03eb1
03ecf
03ed4
0401c
0410e
047bb
04868
049c7
049d3
049e9
049fc
04a1d
04a93
04aac
04ac1
04b1f
04bb4
04bcc
04bd0
04be8
04bed
04c5b
04cd1
04cf7
04e09
050b3
050c9
050cd
0515a
0520f
05213
05217
0521b
0521f
032ef
032f9
03306
03313
0331b
0339c
033b5
033c2
033c9
034d7
034e8
034f3
038f9
03940
039bd
03aa5
03b0c
03b20
03c2c
03c69
03c80
03cac
03cb4
03ccd
03cf4
03e8b
03ed6
03ef6
03f14
03f19
040a7
04690
047fd
048d4
048e1
049fc
04a08
04a1e
04aa6
04ae1
04aee
04b05
04b61
04bde
04bf7
04bfb
04c12
04c17
04cf1
04cfe
04dba
0505c
050db
050e0
0516c
051ab
05224
05228
0522c
05230
031ca
031d3
031db
031eb
031f5
0333b
033de
033ee
033fb
03402
03507
03518
03584
03898
039cf
03a85
03b1d
03b2d
03bf6
03c71
03c9f
03cde
03d0c
03d17
03d2a
03d54
03ee9
03f34
03f4f
03f5c
04004
04184
04782
04839
048e0
048e7
048fd
0491b
0493d
04a48
04b06
04b23
04b33
04bb7
04c1c
04c23
04c37
04c3f
04c49
04d19
04d3d
04de1
050dd
050f3
050f7
05184
05235
05239
0523d
05241
05245
0320a
03213
0321e
0322c
03235
03414
0341a
03430
03438
0352b
0353c
03546
038a5
0396a
039e7
03acd
03b32
03b46
03c04
03cf5
03d37
03d4e
03d80
03d8b
03d9c
03dc2
03f2e
03f78
03f94
03fa1
04044
04704
04867
0490f
0491f
04926
0493f
04965
04a7b
04b18
04b4f
04b5c
04b73
04c32
04c4b
04c4f
04c64
04c69
04c85
04d38
04d88
05086
05105
0510a
05118
051d3
0524a
0524e
05252
05256
03240
03249
03251
03261
0326c
033ad
0344c
0345e
03469
03470
03559
03568
035cc
038c2
039f9
03a31
03b43
03b53
03c0a
03d3f
03d6d
03dac
03de1
03def
03df6
03e22
03eee
03fa5
03fc9
03fe3
03fe8
0415c
047f8
048a9
04956
0495d
04973
0498b
049ad
04a38
04a4d
04ab2
04b66
04b8a
04b94
04b99
04c0b
04c71
04c75
04c89
04caf
04e2e
0509b
050a0
050a4
05130
0525b
0525f
05263
05267
0526b
0327e
03289
03294
032a3
032ab
0332a
03343
03350
03357
03483
03494
0349e
038cf
03916
03993
03af5
03b58
03b6c
03c18
03dc3
03e05
03e19
03e4a
03e55
03e64
03e8c
03fb8
03ffe
04018
04026
040c4
04616
04787
04985
0498f
0499c
049b5
049db
04a30
04a6f
04a77
04a99
04af3
04b9e
04ba5
04bb9
04bc1
04bd1
04ca9
04cb6
04d6c
05032
050b1
050b6
05142
051fb
05270
05274
05278
0527c
026fd
0340b
03415
0341d
0342d
03438
034a7
034b4
034c0
034c9
0359d
035ad
035b8
03708
0396a
03a23
03ad5
03b72
03bb1
03c3e
03cdb
03d48
03d5a
03d77
03db3
03e55
03e74
03ea6
03eb1
03ec8
03feb
04040
0404c
0405f
04063
0410f
041da
0491d
049cb
04b1e
04b2b
04b40
04b52
04bb2
04bd2
04be8
04ca8
04cbb
04cbf
04cd4
04cd8
04dfb
04e0a
04e0e
050c6
05146
0514a
051d4
05282
05286
0528a
0277a
03444
0344f
0345c
03469
03470
034d4
034e7
034ee
03550
035c7
035d8
0372a
03977
039be
03a3b
03b1b
03b77
03b84
03c49
03c77
03d3c
03d6f
03db9
03ddd
03e03
03e9c
03eeb
03ef6
03f10
0402a
04065
0408b
040a6
040aa
0414e
042be
0495f
04a34
04a4d
04b53
04b60
04b75
04bef
04c0c
04c1b
04cd9
04ce2
04cf4
04cfa
04d59
04e2e
04e32
0501d
05158
0515d
05161
0528c
05290
05294
02561
03328
03331
03339
03349
03354
03482
034fe
03511
03518
035e5
035f6
03600
0366c
03916
03a4d
03afd
03b81
03b8a
03caa
03cd0
03d0c
03da9
03e16
03e28
03e42
03e7b
03ed7
03f0a
03f32
03f4f
0407f
040c2
040d9
040df
040f0
04251
048e4
0499b
04a40
04a47
04a5c
04a79
04c06
04c26
04c3c
04cf0
04d04
04d08
04d1c
04d20
04d5e
04d6e
04d72
050f0
05170
05174
051fc
0529a
0529e
052a2
025e5
03367
0336f
0337a
03388
03390
03525
03532
0353f
03546
0360f
03620
0368f
03923
039e8
03a65
03b41
03b8f
03b9c
03c53
03c64
03c86
03d18
03d46
03e0f
03e7d
03f06
03f2c
03f77
03f82
03f97
040be
04103
04118
0411e
0412f
04291
049ca
04a6d
04a7d
04a8d
04aae
04acb
04c43
04c5c
04c6d
04d21
04d2a
04d38
04d40
04d80
04d93
04d97
05047
05182
05187
0518b
052a4
052a8
052ac
0262f
0339a
033a3
033ab
033bb
033c5
034d6
0354e
03561
03568
03629
0363a
03644
036ba
03940
03a77
03aad
03b99
03ba2
03c32
03c80
03cba
03ccb
03ced
03d8c
03dad
03e70
03f61
03f98
03fc5
03fd9
04083
04122
0414b
0415b
0415f
041fc
0495a
04a0b
04ab2
04ab9
04ace
04ae4
04b88
04b90
04ba1
04c84
04c8c
04c90
04d48
04d4c
04dac
04dbc
04dc0
0509c
0511d
05121
051ac
052b2
052b6
052ba
026b3
033d6
033e1
033ec
033fb
03402
03480
03493
0349a
03500
0357f
03590
036dd
0394d
03994
03a11
03b67
03ba7
03bb4
03c73
03ce0
03cec
03d24
03d4b
03dee
03e06
03f90
03fb6
03ffd
04006
0401b
0413c
0417c
04190
04196
041a8
04305
048e9
04adf
04ae8
04aff
04b1a
04b3d
04b9b
04bb8
04bc7
04c91
04c9a
04cac
04cb2
04dce
04de1
04de5
05071
0512e
05133
05137
052bc
052c0
052c4
025c1
025c9
025d1
025e2
025ed
028c5
03526
03532
03541
03549
035ac
035b4
03608
037c4
039e8
03aa0
03b49
03bb9
03bec
03c9e
03ca9
03cd2
03cda
03ce9
03cf9
03d1d
03d39
03d49
03d55
03d59
03e50
03f05
03f59
03f7b
03f9b
04040
04048
0405d
04164
041ba
041c7
041d8
041e0
04304
043ee
04a7b
04c30
04c4b
04c6f
04cbb
04cdb
04de1
04dfd
04ec9
04ecd
051ad
051c3
051c7
052c8
052cc
052d0
0262c
02633
02643
0264f
02657
0291a
03556
03563
0356b
035c8
035d5
035dc
037dc
039f5
03a3c
03ab7
03b7f
03bbe
03bc7
03c49
03d07
03d30
03d3d
03d4e
03d5e
03d76
03d91
03dac
03db4
03dbe
03de7
03f4a
03f9e
03fc0
03fe2
04065
04087
040a4
0419d
041d9
04204
04216
04224
04389
0495a
04aba
04b94
04c70
04cce
04cf6
04daf
04e11
04edc
04ee8
05158
051d5
051d9
0525b
052d4
052d8
0268f
02697
0269f
026b0
026bb
027b1
0347e
0348a
03499
034a1
035ec
035f9
03600
0374c
03994
03ac8
03b6f
03bc4
03bcd
03caa
03d6c
03d84
03da0
03da8
03db7
03dc7
03df4
03e07
03e17
03e23
03e27
03eee
03fb8
03fea
04011
04068
0409c
040c6
040db
041f7
0423a
0424f
04258
042f4
04462
04ae5
04b84
04ba3
04bd1
04d04
04d25
04dd0
04e37
04e51
04e55
051d5
051eb
051ef
052dc
052e0
052e4
026fa
02701
02711
0271d
02725
0280c
034b0
034be
034c7
0359d
03619
03620
03765
039a1
03a66
03adf
03b97
03bd2
03bdb
03d11
03dd3
03deb
03e07
03e0f
03e1b
03e2e
03e47
03e68
03e78
03e85
03e89
03eb2
03ecc
03fd3
04023
040be
04103
04110
0412a
04234
04278
0428c
04295
0432c
049cb
04b2b
04bc5
04be8
04d16
04d3c
04d5f
04d83
04e65
04e71
05182
051fd
05201
0520f
052e8
052ec
02757
0275f
02767
02779
02782
0283b
034d2
034de
034ed
034f5
03632
0363d
03644
03788
039be
03af0
03b23
03bd8
03be1
03c36
03c4c
03c69
03c79
03c84
03c8a
03d85
03e4c
03e65
03e6e
03e7e
03e8e
03e9e
03ed6
03f02
03f80
040e6
04122
0414b
04159
041fb
04290
042bf
042cc
042d4
04440
04b53
04bdc
04bf7
04c1f
04c8c
04d48
04d9b
04e1e
04e8d
04e91
05197
0519c
051fd
052f0
052f4
052f8
0255e
02565
02575
02581
02589
02896
03504
03513
0351a
03580
0358d
03594
037a1
039cb
03a12
03a8f
03baf
03be6
03bef
03c33
03c62
03c6f
03c80
03c90
03cb2
03cc3
03cde
03ce6
03cf0
03d21
03df3
03ee9
03f1b
03f47
03fc5
0413c
0417c
04188
041a2
042ae
042ec
04300
04309
043a6
048e4
04a48
04c19
04c3c
04c82
04cae
04d61
04dc3
04ea1
04ead
0512e
051ad
051b1
05235
052fc
05300
02599
025a1
025b9
025e4
025ed
02705
027f5
02808
02811
02819
0360e
0361d
03625
0386a
03a64
03b14
03b97
03bf5
03c28
03c53
03ca7
03ccf
03d0a
03d17
03d24
03d55
03dfa
03e0f
03ee8
03f06
03f12
03f20
03f38
03f51
03f5e
040be
040ef
04108
0412f
041bb
041c7
041dd
04304
0432d
04343
0434f
043ee
044b4
04a7c
04d28
04d46
04d62
04dd7
04ebf
04f75
05182
05237
0523b
05304
05308
0530c
02604
0260b
02646
02650
02657
02771
0283d
02852
02859
02a99
03636
03640
03701
0388b
03ab3
03b2a
03bc2
03bfa
03c03
03d06
03d13
03d4f
03d7e
03d8b
03db2
03e44
03e6a
03ea6
03f2d
03f4b
03f57
03f65
03f81
03f96
03fa3
040fd
0412e
04149
0416e
041db
04204
04221
04322
0436a
04380
04392
0442b
04599
04c86
04d3a
04d87
04d94
04e10
04f8e
04f92
05236
0524c
052b0
05310
05314
02569
02674
0267c
02687
026b2
026bb
0287f
02892
0289b
028a3
0357e
0358d
03594
037fa
03a10
03b3a
03baf
03c00
03c09
03c59
03c6d
03d21
03d82
03d9d
03de1
03def
03df6
03e23
03f70
03f8a
03f98
03fa8
03fbe
03fd9
03fe6
04083
0415c
0417c
04192
041ec
04218
04240
04257
04384
043ae
043bf
043cb
0452e
04ae7
04c98
04cba
04db0
04e1c
04eeb
04f05
0512e
0525d
05261
05318
0531c
05320
025db
026e0
026e6
02714
0271e
02725
028c7
028dc
028e4
029a3
035aa
035b4
03665
0381d
03adb
03b50
03bd6
03c0e
03c17
03cc5
03cda
03dd4
03def
03e1a
03e47
03e52
03e7a
03f30
03fb7
03fd5
03fe0
03fef
04005
0401a
04028
0404c
0405d
040c5
041a7
04235
0427b
0428c
0432c
043c1
043ef
043fc
04408
0456b
04caa
04cc3
04d5f
04dd0
04dfb
04f1f
04f23
0525c
05272
05280
05324
05328
02637
0273d
02746
0274f
0277c
02782
02903
02917
0291f
02927
035c6
035d5
035dc
03832
03a3a
03b60
03b7f
03c14
03c1d
03c36
03c43
03c4b
03c5c
03c8d
03d2f
03d42
03e51
03e7e
03ea3
03eb1
03ecf
03ed5
0400e
0401c
0402c
0403a
04071
04090
040b1
04266
04292
042bf
042d1
043df
04422
04439
04443
044d9
04b55
04ce0
04d02
04d9b
04e00
04e83
04f3d
05158
05212
05216
0532c
05330
05334
02536
0253d
02578
02582
02589
026a9
027b3
027c8
027cf
02a21
035f2
035fc
036b3
03855
03a8b
03b04
03bea
03c22
03c2b
03c33
03c47
03c94
03cad
03cb6
03ce6
03d7b
03da3
03e9b
03ebb
03ec9
03ed9
03eec
03f0d
03f17
03fc5
0409c
040ca
040db
0414e
042af
042ef
04300
043a6
0443d
04463
04474
0447c
045e1
04cf2
04d0b
04d5c
04e1d
04e2f
04f57
04f5b
05210
05226
05298
05338
0533c
03c7d
03c87
03c95
03e7f
03e8e
03ecf
03edd
03f82
04012
04016
0402c
040e6
040f3
0411f
049d3
049d7
04a6d
04a93
04a9a
04bc8
04bd4
04d2a
04d8d
04d97
04da0
04e93
04f41
0519a
051a1
05213
052a6
052f1
0532c
05330
05343
05347
0534b
0534f
05353
05357
0535b
0535f
05363
05367
0536b
0536f
05373
05377
0537b
0537f
05383
05387
0538b
0538f
05393
05397
0539b
0539f
053a3
053a7
053ab
03c82
03c91
03ce4
03cee
03cfc
03ec1
03ed7
03edf
03f17
03fc5
03fc9
04127
0415c
04171
04a0a
04aa4
04ac6
04acf
04ad5
04bf8
04d43
04d50
04dbc
04dc5
04eaa
04f57
04fa9
051b0
05224
0522b
052b4
052fd
05338
05341
05345
053b0
053b4
053b8
053bc
053c0
053c4
053c8
053cc
053d0
053d4
053d8
053dc
053e0
053e4
053e8
053ec
053f0
053f4
053f8
053fc
05400
05404
05408
0540c
05410
03ce7
03cf3
03cfe
03d4d
03d57
03f04
03f08
03f1e
03f59
03f67
04006
04164
04173
04197
048e7
048eb
04adf
04b06
04b0c
04c1c
04c28
04c9a
04ddb
04de5
04dee
04ecf
04f79
051c2
051c9
05239
052be
052c9
05304
05308
053b0
05415
05419
0541d
05421
05425
05429
0542d
05431
05435
05439
0543d
05441
05445
05449
0544d
05451
05455
05459
0545d
05461
05465
05469
0546d
05471
05475
05479
03d50
03d5f
03db2
03dbc
03dca
03ea8
03f49
03f4d
03f63
03f9e
03fac
04062
0419d
041ac
04924
04b16
04b38
04b41
04b47
04c4c
04cb8
04cc4
04e0a
04e13
04ee5
04f8e
04fd3
051d8
0524a
05251
05284
052d5
05310
05415
05419
0547e
05482
05486
0548a
0548e
05492
05496
0549a
0549e
054a2
054a6
054aa
054ae
054b2
054b6
054ba
054be
054c2
054c6
054ca
054ce
054d2
054d6
054da
054de
03db5
03dc1
03dcc
03e1f
03e25
03eeb
03eef
03f90
03fa6
03fae
03fe6
04068
04077
040a9
0495d
04961
04a34
04b74
04b7a
04c6b
04c78
04ce2
04e28
04e32
04e3b
04e57
04f09
051ea
051f1
0525f
0528e
052dd
05318
0531c
0547e
054e3
054e7
054eb
054ef
054f3
054f7
054fb
054ff
05503
05507
0550b
0550f
05513
05517
0551b
0551f
05523
05527
0552b
0552f
05533
05537
0553b
0553f
05543
05547
03e1b
03e2d
03e7a
03e85
03e94
03f32
03fd3
03fd7
03fed
04022
04032
040a1
040de
040f5
0499a
04a2e
04a54
04a5d
04a63
04ba4
04d00
04d0c
04d6e
04d77
04e6e
04f1f
04ffd
05200
05270
05277
0529c
052e9
05324
05347
0534b
054e5
0554a
0554e
05552
05556
0555a
0555e
05562
05566
0556a
0556e
05572
05576
0557a
0557e
05582
05586
0558a
0558e
05592
05596
0559a
0559e
055a2
055a6
03d2c
03d30
03e2e
03ec5
03ecc
03ee1
0401e
0402e
04060
04075
0410e
0419d
041ac
04260
0428f
042a4
04b2b
04bb2
04bc5
04bcf
04bd6
04cbd
04e02
04e0c
04e15
04e6e
04e77
04f3b
04fd3
05211
05218
05284
0532c
05330
0534f
05353
05357
0535b
05481
05485
05489
0548d
055ab
055af
055b3
055b7
055bb
055bf
055c3
055c7
055cb
055cf
055d3
055d7
055db
055df
055e3
055e7
055eb
055ef
055f3
03d95
03e8a
03e96
03ecb
03edb
03f0d
03f11
03f26
0406a
040a7
040b4
0414d
0429b
042a6
042d2
04b5e
04b62
04bde
04bf6
04bfc
04cdc
04ce8
04e30
04e39
04e86
04e8f
04e97
04f5d
05027
05226
0528e
052f1
05338
05360
053b6
053ba
053be
053c2
054e8
054ec
054f0
054f4
055ad
055f6
055fa
055fe
05602
05606
0560a
0560e
05612
05616
0561a
0561e
05622
05626
0562a
0562e
05632
05636
03c8e
03c99
03dfc
03f0a
03f13
03f28
03f51
03f5e
0409f
040b6
040e0
04184
04188
042da
04303
04318
04a47
04c06
04c19
04c24
04c2a
04d06
04d66
04d70
04d79
04eaa
04eb3
04f73
04ffd
05237
0523e
0529c
05304
05308
0541b
0541f
05423
05427
0542b
0554d
05551
05555
055f6
055fa
0563d
05641
05645
05649
0564d
05651
05655
05659
0565d
05661
05665
05669
0566d
05671
05675
05679
0567d
03cf9
03e5b
03e5f
03f55
03f65
03f94
03f9b
03fb0
04046
040e6
040f3
0411f
041d8
041ed
04311
04a7e
04a82
04c32
04c4a
04c50
04d23
04d30
04d95
04d9e
04ec2
04ecb
04ed3
04f94
05051
0524c
052a6
052c9
05310
05362
05366
0536a
0542d
05490
05494
05498
0549c
054a0
0563d
05680
05684
05688
0568c
05690
05694
05698
0569c
056a0
056a4
056a8
056ac
056b0
056b4
056b8
056bc
056c0
03c5e
03c62
03d60
03f98
03f9d
03fb2
03fdb
03fe8
04083
04087
04127
0415c
04171
041e6
04216
0422a
04ab9
04b88
04c62
04c74
04c7a
04d4a
04db4
04dbe
04dc7
04ee5
04eee
04f03
04fa9
0525d
05264
052b4
05318
0531c
053cb
053cf
053d3
054f5
054f9
054fd
05501
05505
05680
05684
056c7
056cb
056cf
056d3
056d7
056db
056df
056e3
056e7
056eb
056ef
056f3
056f7
056fb
056ff
05703
05707
03cc7
03dc3
03dce
03fdf
03fef
04018
0401f
04036
040c4
04164
04173
04197
0421b
0422c
04258
04af0
04af4
04b86
04ba2
04ba8
04c94
04ca0
04de3
04dec
04e4a
04e53
04e5b
04f25
0507b
05272
052be
052dd
05324
05430
05434
05438
05508
0555a
0555e
05562
05566
0556a
055b3
056c5
056c9
0570c
05710
05714
05718
0571c
05720
05724
05728
0572c
05730
05734
05738
0573c
05740
05744
03cd8
03cdc
03cf9
03f41
03f45
03fed
0405d
04064
04079
0419c
041a5
041d8
041ed
04282
0430f
0431a
043cf
04403
04412
04caa
04cbb
04cc2
04e02
04e0c
04e15
04ec8
04ed1
04f19
04f22
04f29
05051
05282
052c9
05327
05482
05486
0548a
054a3
054a7
055b6
055ba
05687
0568b
0568f
0574b
0574f
05753
05757
0575b
0575f
05763
05767
0576b
0576f
05773
05777
0577b
0577f
05783
05787
0578b
03d41
03d5c
03d67
03f88
0402a
04030
04067
04070
040a4
040ab
040b8
041e6
04216
0422a
042bf
04400
04414
04443
04ccc
04cd9
04ce4
04cea
04e30
04e39
04edf
04ee8
04ef0
04f3b
04f43
04fe8
050a5
05290
0532c
0534d
054e9
054ed
054f1
0550a
0550e
055fd
056ca
056ce
056d2
05749
0574d
05790
05794
05798
0579c
057a0
057a4
057a8
057ac
057b0
057b4
057b8
057bc
057c0
057c4
057c8
03da6
03daa
03dc7
03ed7
03edf
03fcd
0409c
040a3
040ba
040dd
040ed
0421b
0422c
04258
042f4
042f8
04449
04477
04486
04cf2
04d04
04d0a
04d66
04d70
04d79
04e50
04e59
04f51
04f5a
04f61
0507b
0529a
052dd
0533b
05509
0554e
05552
05556
0556d
05640
05644
0570b
0570f
05713
05790
057cd
057d1
057d5
057d9
057dd
057e1
057e5
057e9
057ed
057f1
057f5
057f9
057fd
05801
05805
05809
03e0f
03e29
03e35
03f1e
0400a
0400e
040e5
040ee
0411a
04121
04136
041c0
0425e
04267
04295
0434c
0435b
04480
04d14
04d21
04d2c
04d32
04d95
04d9e
04e68
04e71
04e79
04f73
04f7b
05012
050cf
052a8
05304
05362
05366
0536a
0536e
05372
05549
055be
055c2
055c6
05693
057cd
057d1
0580e
05812
05816
0581a
0581e
05822
05826
0582a
0582e
05832
05836
0583a
0583e
05842
05846
03e6e
03e72
03e8f
03eb7
03ebb
03f63
04122
04129
04138
0415b
0416c
041fb
041ff
0429d
042cc
042e1
04355
04389
04398
04c86
04d48
04d4e
04db4
04dbe
04dc7
04e8c
04e95
04f88
04f91
04f98
05027
052b2
052f1
05313
053c9
053cd
053d1
053d5
053d9
05601
05605
05609
056d6
056da
0580e
0584b
0584f
05853
05857
0585b
0585f
05863
05867
0586b
0586f
05873
05877
0587b
0587f
05883
05887
03c73
03c8e
03c99
03efe
03fa6
03fae
04163
0416b
04192
04199
041b0
0423a
042d8
042e3
04309
04386
0439a
043c9
04c80
04c91
04c9c
04ca2
04de3
04dec
04ea4
04ead
04eb5
04f03
04f0b
04fbe
050f9
052c0
05318
053c7
05432
05436
0543a
0543e
054f5
05648
0564c
05650
05717
0574f
05753
0584d
0588a
0588e
05892
05896
0589a
0589e
058a2
058a6
058aa
058ae
058b2
058b6
058ba
058be
03c9f
03ce7
03cf3
03cfe
03f06
03f1c
03f24
040d5
04164
04173
041d7
041e1
04304
04312
0431c
0434f
043ee
043f2
04480
04536
04543
0456d
04ddb
04dec
04ec8
04ed1
04f6d
04f76
04f7d
04fbe
04fc3
050d0
052c9
05309
0541b
05430
05688
0568c
05696
0569a
05756
05811
05815
05819
058c3
058c7
058cb
058cf
058d3
058d7
058db
058df
058e3
058e7
058eb
058ef
058f3
058f7
058fb
058ff
05903
03d08
03d50
03d5f
03f49
03f4d
03f63
04112
04116
0419f
041d9
041e7
041f3
04214
04225
04349
0435d
04392
0442b
0442f
0457a
045a8
045bd
04e05
04edf
04ee8
04ef0
04f8e
04f96
04fcd
04fd6
05067
05124
0530e
05415
0548f
056cb
056cf
056d3
056dd
05793
05797
05852
05856
0585a
058c5
05906
0590a
0590e
05912
05916
0591a
0591e
05922
05926
0592a
0592e
05932
05936
0593a
0593e
03d6d
03db5
03dc1
03dcc
03f90
03fa6
03fae
0406a
04151
04155
04219
04226
04253
04257
0426b
0438d
043c5
043d7
04464
045af
045bf
045e3
04e28
04e39
04e50
04e59
04efd
04f06
04f0d
04fe8
04fed
050fa
052dd
0531d
054ea
05509
0570c
05710
0571a
0571e
057d4
05889
0588d
05891
05906
0590a
05945
05949
0594d
05951
05955
05959
0595d
05961
05965
05969
0596d
05971
05975
05979
0597d
03dd6
03e1b
03e2d
03fd3
03fd7
03fed
0409f
040b6
0418c
04250
04261
0426d
0428e
04298
0432c
04330
043cf
04403
04412
044b6
045e6
045f6
04d69
04e68
04e71
04e79
04f1f
04f27
04ff7
05000
05091
0514e
05322
054e3
0554d
055bd
055c1
055c5
055c9
0575a
0575e
05762
0581d
05821
05945
05980
05984
05988
0598c
05990
05994
05998
0599c
059a0
059a4
059a8
059ac
059b0
059b4
059b8
03c38
03e7d
03e83
03e92
04014
0402a
04030
04057
040e6
040f3
04299
042a1
042c9
042d1
042e5
0436b
04400
04414
04443
044bc
044cb
044f3
04d8d
04d9e
04e8c
04e95
04f35
04f3e
04f45
05012
05017
050a6
052f1
05331
0534d
05362
05604
05608
0560c
05610
0579b
0579f
057a3
0585e
05980
05984
059bf
059c3
059c7
059cb
059cf
059d3
059d7
059db
059df
059e3
059e7
059eb
059ef
059f3
059f7
03c34
03c82
03c91
03ebf
03ec3
03ed9
04094
04098
04127
042cd
042db
042e7
04302
0430c
043a6
043aa
04449
04477
04486
044ff
0452e
04545
04db7
04ea4
04ead
04eb5
04f57
04f5f
04fa3
04fac
0503d
05178
05336
05341
053c7
05647
0564b
0564f
05653
057d8
057dc
057e0
05895
05899
058cb
059bd
059c1
059fc
05a00
05a04
05a08
05a0c
05a10
05a14
05a18
05a1c
05a20
05a24
05a28
05a2c
03dfa
03dfe
03ee9
03f0c
03f20
0409f
040b6
0424b
042d8
042e3
04345
04351
0446e
04482
0448a
044b6
0455c
04560
045ee
046a5
046b1
046db
04d66
04d77
04ea7
04f6d
04f76
04f7d
04ffd
05002
0503e
050cf
05207
05309
0554d
05647
05814
05818
05822
05826
058d0
05985
05989
0598d
05a31
05a35
05a39
05a3d
05a41
05a45
05a49
05a4d
05a51
05a55
05a59
05a5d
05a61
05a65
05a69
05a6d
05a71
03e5d
03f2c
03f53
03f58
03f6d
040e8
04286
0428a
04311
04347
04357
04361
04382
04394
044bc
044cb
044f3
04599
0459d
046e8
04713
0472b
04d90
04ec2
04ed2
04f8e
04f96
0500c
05015
0504c
05055
05162
0530e
05362
0563b
05851
05855
05859
05863
0590b
0590f
059c4
059c8
059cc
05a33
05a74
05a78
05a7c
05a80
05a84
05a88
05a8c
05a90
05a94
05a98
05a9c
05aa0
05aa4
05aa8
05aac
03c5e
03c62
03f73
03f9a
03faa
04125
04134
041e6
042c3
042c7
0438b
04396
043bd
043c7
043d9
044ff
0452e
04545
045d2
0471e
0472d
04751
04db4
04dc5
04ee2
04efd
04f06
04f0d
04fa9
04fae
05068
050f9
051b7
0531d
054f6
056cb
0588c
05890
0589a
0589e
0594a
059f9
059fd
05a01
05a74
05a78
05ab3
05ab7
05abb
05abf
05ac3
05ac7
05acb
05acf
05ad3
05ad7
05adb
05adf
05ae3
05ae7
05aeb
03cc7
03fb6
03fdd
03fe1
03ff7
04166
0421b
0422c
042fc
043c1
043d1
043db
043fc
04408
0449a
0449e
0453d
0456b
04580
04624
04755
04764
04dde
04e4a
04e5a
04f1f
04f27
04fb8
04fc1
05076
0507f
0518c
05322
05430
056c5
0575b
0575f
05763
05767
058d4
058d8
058dc
05991
05995
05ab3
05aee
05af2
05af6
05afa
05afe
05b02
05b06
05b0a
05b0e
05b12
05b16
05b1a
05b1e
05b22
05b26
03d2c
03d30
03ea4
0401e
0402e
0419d
041ac
041d1
0425e
04267
0440a
04410
04439
0443f
04453
044d9
04573
04582
045aa
0462b
04639
04661
04e02
04e13
04e6b
04f35
04f3e
04f45
04fd3
04fd8
05092
050a5
051df
05331
05482
055bd
0579c
057a0
057a4
057a8
05913
05917
0591b
059d0
05aee
05af2
05b2d
05b31
05b35
05b39
05b3d
05b41
05b45
05b49
05b4d
05b51
05b55
05b59
05b5d
05b61
05b65
03d95
03e9c
03ec9
03ece
03ee3
0406a
0420c
04210
0429d
0443d
0444b
04455
04474
0447c
04514
04518
045b7
045e1
045f4
0466d
04699
046b3
04e2b
04e86
04e96
04f57
04f5f
04fe2
04feb
05022
0502b
05138
05336
053b4
055ab
057d9
057dd
057e1
057e5
0594e
05952
05956
05a05
05a09
05a39
05b2b
05b2f
05b6a
05b6e
05b72
05b76
05b7a
05b7e
05b82
05b86
05b8a
05b8e
05b92
05b96
05b9a
03fcb
03fcf
04081
0409e
040af
0421b
0422c
043b9
04437
04451
044b3
044be
045dc
045f0
045f8
04624
046ca
046ce
0475c
0480d
04819
04841
04d66
04d77
04e4d
04f51
04f60
04ffd
05002
0507d
050b4
050bd
0514e
0527a
0570a
057d9
05988
0598c
05996
0599a
05a3e
05af3
05af7
05afb
05b9f
05ba3
05ba7
05bab
05baf
05bb3
05bb7
05bbb
05bbf
05bc3
05bc7
05bcb
05bcf
05bd3
05bd7
05bdb
05bdf
0400c
040be
040e3
040ea
040f9
04260
043f4
043f8
04480
044b9
044c5
044cf
044f0
044fb
0462b
04639
04661
04707
0470b
0484e
04877
0488f
04d90
04e68
04e78
04f70
0500c
05015
0508b
05094
050cf
050d4
051e0
05362
057cd
059c3
059c7
059cb
059d5
05a79
05a7d
05b32
05b36
05b3a
05ba1
05be2
05be6
05bea
05bee
05bf2
05bf6
05bfa
05bfe
05c02
05c06
05c0a
05c0e
05c12
05c16
05c1a
03eb7
03ebb
040ff
04124
0412d
0429b
042a6
04355
04431
04435
044fd
04504
0452b
04532
04547
0466d
04699
046b3
04740
04882
04891
048b3
04db4
04dc5
04e89
04f88
04f97
04fa9
04fae
05029
050de
050e7
05178
0522e
05602
05851
059fc
05a00
05a0a
05a0e
05ab8
05b67
05b6b
05b6f
05be2
05be6
05c21
05c25
05c29
05c2d
05c31
05c35
05c39
05c3d
05c41
05c45
05c49
05c4d
05c51
05c55
05c59
03efe
0413c
04161
04168
04177
042da
04386
0439a
0446a
04533
0453f
04549
0456a
04575
04608
0460c
046ab
046d6
046ee
04790
048b7
048c6
04dde
04ea4
04eb4
04f00
04fb8
04fc1
05037
05040
050f9
050fe
05208
05430
0584b
058d5
058d9
058dd
058e1
05a42
05a46
05a4a
05aff
05b03
05c21
05c5c
05c60
05c64
05c68
05c6c
05c70
05c74
05c78
05c7c
05c80
05c84
05c88
05c8c
05c90
05c94
03f41
03f45
04042
0419c
041a5
0430f
0431a
0433f
043c3
043d5
04578
0457e
045a5
045ac
045c1
04647
046e2
046f0
04718
04797
047a5
047cb
04e02
04e13
04ec5
04f19
04f28
04fd3
04fd8
05053
05108
05111
05124
05254
05686
0575b
05914
05918
0591c
05920
05a81
05a85
05a89
05b3e
05c5c
05c60
05c9b
05c9f
05ca3
05ca7
05cab
05caf
05cb3
05cb7
05cbb
05cbf
05cc3
05cc7
05ccb
05ccf
05cd3
03f88
0403a
04065
0406c
0407b
041e6
0437a
0437e
0440c
045ad
045b9
045c3
045e0
045e9
04682
04686
04725
0474a
04762
047d7
04801
0481b
04e2b
04edf
04eef
04f38
04fe2
04feb
05061
0506a
050a5
050aa
051b8
054ea
05749
0594f
05953
05957
0595b
05abc
05ac0
05ac4
05b73
05b77
05ba7
05c99
05c9d
05cd8
05cdc
05ce0
05ce4
05ce8
05cec
05cf0
05cf4
05cf8
05cfc
05d00
05d04
05d08
04151
04155
041f9
04219
04226
04386
0439a
04527
045af
045bf
04623
0462d
0474c
0475e
04766
04790
04830
04834
048be
0496f
0497b
049a3
04e4a
04e5a
04f00
04fe2
04feb
0507b
05080
050fb
05132
0513b
051cc
052c2
0588b
0594f
05af6
05afa
05b04
05b08
05bac
05c61
05c65
05c69
05d0d
05d11
05d15
05d19
05d1d
05d21
05d25
05d29
05d2d
05d31
05d35
05d39
05d3d
05d41
05d45
05d49
05d4d
0418c
04234
04250
04261
0426d
043cf
04562
04566
045ee
04628
04633
0463d
04660
0466a
04797
047a5
047cb
0486b
0486f
049b0
049d9
049f1
04e6b
04f19
04f28
04ffa
0508a
05093
05109
05112
0514d
05152
05254
055bd
05943
05b31
05b35
05b39
05b43
05be7
05beb
05ca0
05ca4
05ca8
05d0f
05d50
05d54
05d58
05d5c
05d60
05d64
05d68
05d6c
05d70
05d74
05d78
05d7c
05d80
05d84
05d88
04055
04059
04273
04299
042a1
04400
04414
044c3
0459f
045a3
0466b
04672
0469b
046a1
046b5
047d7
04801
0481b
048a2
049e4
049f3
04a15
04e86
04e96
04f38
0500c
05015
05027
0502c
050a7
0515c
05165
051f4
05292
0579a
059c3
05b6a
05b6e
05b78
05b7c
05c26
05cd5
05cd9
05cdd
05d50
05d54
05d8f
05d93
05d97
05d9b
05d9f
05da3
05da7
05dab
05daf
05db3
05db7
05dbb
05dbf
05dc3
05dc7
04096
042ae
042cd
042db
042e7
04449
044f9
04508
045d8
046a2
046ad
046b7
046da
046e4
04776
0477a
04813
0483c
04854
048f2
04a19
04a28
04ea7
04f51
04f60
04fa6
05036
0503f
050b5
050be
05177
0517c
0527a
05647
059bd
05a43
05a47
05a4b
05a4f
05bb0
05bb4
05bb8
05c6d
05c71
05d8f
05dca
05dce
05dd2
05dd6
05dda
05dde
05de2
05de6
05dea
05dee
05df2
05df6
05dfa
05dfe
05e02
040d3
040d7
041bc
0430d
04315
04470
04488
044ad
04536
04543
046e6
046ec
04715
0471b
0472f
047b3
04848
04856
0487c
048f9
04907
0492d
04ec2
04ed2
04f70
04fb8
04fc1
05051
05056
050d1
05186
0518f
051a4
052aa
05812
058d6
05a82
05a86
05a8a
05a8e
05bef
05bf3
05bf7
05cac
05dca
05dce
05e09
05e0d
05e11
05e15
05e19
05e1d
05e21
05e25
05e29
05e2d
05e31
05e35
05e39
05e3d
05e41
04114
041b4
041d9
041e7
041f3
04355
044e8
044ec
0457a
0471c
04727
04731
04750
04758
047ec
047f0
04889
048ac
048c4
04939
04963
0497d
04ee2
04f88
04f97
04fd0
05060
05069
050df
050e8
05123
05128
0522e
056cb
058c3
05abd
05ac1
05ac5
05ac9
05c2a
05c2e
05c32
05ce1
05ce5
05d15
05e07
05e0b
05e46
05e4a
05e4e
05e52
05e56
05e5a
05e5e
05e62
05e66
05e6a
05e6e
05e72
05e76
042c3
042c7
04367
0438b
04396
044f9
04508
04695
0471e
0472d
0478f
04799
048ae
048c0
048c8
048f2
04992
04996
04a20
04ac9
04ad7
04afb
04efd
04f0c
04fa6
05060
05069
050f9
050fe
05179
051ae
051b7
05241
05300
0588b
05a74
05c62
05c66
05c6a
05c74
05d18
05d1c
05dd1
05dd5
05dd9
05e7d
05e81
05e85
05e89
05e8d
05e91
05e95
05e99
05e9d
05ea1
05ea5
05ea9
05ead
05eb1
05eb5
05eb9
042fc
043a2
043c1
043d1
043db
0453d
046d0
046d4
0475c
04794
0479f
047a9
047ca
047d4
048f9
04907
0492d
049cd
049d1
04b0a
04b2f
04b49
04f1c
04fb8
04fc1
05078
05108
05111
05187
05190
051c8
051ce
052aa
05443
058d6
05af4
05ca1
05ca5
05caf
05cb3
05d57
05e0c
05e10
05e14
05e7b
05e7f
05ebe
05ec2
05ec6
05eca
05ece
05ed2
05ed6
05eda
05ede
05ee2
05ee6
05eea
05eee
05ef2
041cf
041d3
043e1
0440a
04410
04573
04582
04631
0470d
04711
047d5
047dc
04803
04809
0481d
04939
04963
0497d
04a04
04b3a
04b4b
04b6b
04f35
04f44
04fd0
0508a
05093
050a5
050aa
05125
051d6
051df
05267
052d8
0579a
05aee
05cd6
05cda
05cde
05ce8
05d92
05d96
05e45
05e49
05e4d
05ebe
05ef7
05efb
05eff
05f03
05f07
05f0b
05f0f
05f13
05f17
05f1b
05f1f
05f23
05f27
05f2b
05f2f
0420e
0441c
0443d
0444b
04455
045b7
04668
04676
04746
0480a
04815
0481f
04840
0484a
048d8
048dc
04975
0499e
049b6
04a50
04b6f
04b80
04f54
04fe2
04feb
05024
050b4
050bd
05133
0513c
051f0
051f6
052c2
05511
0594f
05b68
05bb3
05bb7
05bbb
05bbf
05d20
05d24
05d28
05ddd
05ef7
05efb
05f34
05f38
05f3c
05f40
05f44
05f48
05f4c
05f50
05f54
05f58
05f5c
05f60
05f64
05f68
04249
0424d
0432a
0447e
04484
045e6
045f6
0461b
046a5
046b1
0484c
04852
04879
0487f
04893
04915
049aa
049b8
049de
04a57
04a67
04a89
04f6d
04f7c
04ffa
05036
0503f
050cf
050d4
0514f
051fe
05207
0521b
052ec
05812
05a37
05bee
05bf2
05bf6
05bfa
05d5b
05d5f
05d63
05e18
05e1c
05f34
05f6d
05f71
05f75
05f79
05f7d
05f81
05f85
05f89
05f8d
05f91
05f95
05f99
05f9d
05fa1
05fa5
04288
04322
04347
04357
04361
044c3
04656
0465a
046e8
04880
0488b
04895
048b2
048ba
0494e
04952
049eb
04a0e
04a26
04a97
04abd
04ad9
04f8b
0500c
05015
0504e
050de
050e7
0515d
05166
051a0
051a6
05292
05375
059c3
05a81
05c2d
05c31
05c35
05c39
05d9a
05d9e
05da2
05e51
05e81
05e85
05f6f
05fa8
05fac
05fb0
05fb4
05fb8
05fbc
05fc0
05fc4
05fc8
05fcc
05fd0
05fd4
05fd8
04431
04435
044d5
044fd
04504
04668
04676
047fd
04882
04891
048f1
048fb
04a10
04a22
04a2a
04a50
04aea
04aee
04b78
04bf2
04bfe
04c15
04fa3
04fac
05024
050de
050e7
05177
0517c
051f1
05224
0522d
0529e
0533c
05511
05b68
05c2b
05dd2
05dd6
05de0
05de4
05e88
05f37
05f3b
05f3f
05fdf
05fe3
05fe7
05feb
05fef
05ff3
05ff7
05ffb
05fff
06003
06007
0600b
0600f
06013
06017
0601b
0446a
04510
04533
0453f
04549
046ab
04836
0483a
048be
048f6
04901
0490b
0492c
04936
04a57
04a67
04a89
04b23
04b27
04c22
04c3a
04c56
04fbb
05036
0503f
050f6
05186
0518f
05201
05209
0523d
05243
052ec
0541d
058d6
05c1f
05e0d
05e11
05e15
05e1f
05ec1
05ec5
05f74
05f78
05fdd
05fe1
06020
06024
06028
0602c
06030
06034
06038
0603c
06040
06044
06048
0604c
06050
06054
0433d
04341
0454f
04578
0457e
046e2
046f0
0479d
04871
04875
04937
0493e
04965
0496b
0497f
04a97
04abd
04ad9
04b5a
04c45
04c52
04c67
04fcd
04fd6
0504e
05108
05111
05123
05128
051a1
0524a
05253
052b6
05314
05491
05a81
05c9f
05e46
05e4a
05e54
05e58
05efe
05fa7
05fab
05faf
06020
06059
0605d
06061
06065
06069
0606d
06071
06075
06079
0607d
06081
06085
06089
0608d
06091
0437c
0458a
045ad
045b9
045c3
04725
047d2
047e0
048a8
0496c
04977
04981
049a2
049ac
04a36
04a3a
04ad1
04af6
04b10
04b97
04c6b
04c78
04fe5
05060
05069
050a2
05132
0513b
051b1
051b9
05263
05269
05300
053dc
0594f
05c99
05d1f
05d23
05d27
05d2b
05e8c
05e90
05e94
05f43
06059
0605d
06096
0609a
0609e
060a2
060a6
060aa
060ae
060b2
060b6
060ba
060be
060c2
060c6
060ca
043b7
043bb
04498
045ec
045f2
04755
04764
04787
0480d
04819
049ae
049b4
049db
049e1
049f5
04a71
04b02
04b12
04b34
04b9e
04baa
04bc1
04ff7
05000
05078
050b4
050bd
0514d
05152
051c9
05270
05279
05286
05328
0555b
05af4
05bb2
05d5e
05d62
05d66
05d6a
05ec9
05ecd
05f7c
05f80
06096
060cf
060d3
060d7
060db
060df
060e3
060e7
060eb
060ef
060f3
060f7
060fb
060ff
06103
06107
043f6
04490
044b9
044c5
044cf
04631
047c0
047c4
0484e
049e2
049ed
049f7
04a14
04a1c
04aa8
04aac
04b43
04b64
04b7e
04bcd
04be6
04c02
0500f
0508a
05093
050cc
0515c
05165
051d9
051e1
05217
0521d
052d8
0534f
059c3
05b9f
05d99
05d9d
05da1
05da5
05f02
05f06
05f0a
05fb3
05fe3
05fe7
060d1
0610a
0610e
06112
06116
0611a
0611e
06122
06126
0612a
0612e
06132
06136
0613a
0459f
045a3
04643
0466b
04672
047d2
047e0
0495f
049e4
049f3
04a4f
04a59
04b66
04b76
04b7c
04b97
04c0a
04c0e
04c72
04cdc
04ce8
04cf9
04e30
05021
0502a
050a2
0515c
05165
051f0
051f6
05264
0528e
05294
0531e
054f8
05513
05b68
05d50
05f38
05f3c
05f46
05f4a
05fea
06099
0609d
060a1
06141
06145
06149
0614d
06151
06155
06159
0615d
06161
06165
06169
0616d
06171
06175
06179
045d8
0467e
046a2
046ad
046b7
04813
04998
0499c
04a20
04a54
04a5d
04a63
04a88
04a92
04b9e
04baa
04bc1
04c34
04c38
04d06
04d18
04d34
04d78
05039
050b4
050bd
05174
051fe
05207
05273
0527b
0529d
052ec
05377
0555b
05574
05bb2
05dd0
05f75
05f79
05f83
06023
06027
060d6
060da
0613f
0617c
06180
06184
06188
0618c
06190
06194
06198
0619c
061a0
061a4
061a8
061ac
061b0
044ab
044af
046bd
046e6
046ec
04848
04856
048ff
049d3
049d7
04a93
04a9a
04abf
04ac5
04adb
04bcd
04be6
04c02
04c5c
04d23
04d30
04d3f
04d95
0504b
05054
050cc
05186
0518f
051a0
051a6
05218
052a6
052ac
05332
05364
05377
05a81
05dca
05fa8
05fac
05fb6
05fba
06060
06109
0610d
06111
0617e
061b7
061bb
061bf
061c3
061c7
061cb
061cf
061d3
061d7
061db
061df
061e3
061e7
061eb
044ea
046f8
0471c
04727
04731
04889
04934
04942
04a0a
04ac6
04acf
04ad5
04afa
04b04
04b8c
04b90
04bf8
04c10
04c2c
04c8d
04d43
04d50
04dc6
05063
050de
050e7
05120
051ae
051b7
05227
0522f
052b5
05300
053b6
053dc
05445
05c2b
05e45
05e8f
05e93
05e97
05fee
05ff2
05ff6
060a5
061b5
061ee
061f2
061f6
061fa
061fe
06202
06206
0620a
0620e
06212
06216
0621a
0621e
06222
04525
04529
04606
0475a
04760
048b7
048c6
048e9
0496f
0497b
04b06
04b0c
04b31
04b37
04b4d
04bb8
04c1c
04c28
04c3f
04c94
04ca0
04cb1
04de3
05075
0507e
050f6
05132
0513b
051c8
051ce
0523e
052be
052c4
0530a
05432
05445
05af4
05d13
05ec8
05ecc
05ed0
05ed4
0602b
0602f
060de
060e2
061f0
06229
0622d
06231
06235
06239
0623d
06241
06245
06249
0624d
06251
06255
06259
0625d
04564
045fe
04628
04633
0463d
0479d
04922
04926
049b0
04b38
04b41
04b47
04b6a
04b72
04be0
04be4
04c4c
04c60
04c7c
04cbd
04cd0
04cec
04e14
0508d
05108
05111
0514a
051d6
051df
0524d
05255
05285
052d8
05484
054aa
05513
05c9f
05d5c
05f05
05f09
05f0d
06064
06068
0606c
06115
06143
06227
06260
06264
06268
0626c
06270
06274
06278
0627c
06280
06284
06288
0628c
06290
03d5c
03d67
03dae
03db9
03dd0
0470f
047ad
047cf
047d9
047e4
04939
04ab7
04abb
04b43
04b94
04b9a
04bb0
04c70
04c76
04c88
04ca4
04d4a
04dbc
04ee5
0509f
050a8
05120
051d6
051dd
05263
05269
052b7
052d4
0531e
054a2
054ae
054b2
054b6
054ba
056e1
05cd6
05ebb
0609b
0609f
060a9
060ad
06149
061f2
061f6
06294
06298
0629c
062a0
062a4
062a8
062ac
062b0
062b4
062b8
062bc
062c0
03dc7
03e13
03e17
03e26
04744
04748
047ea
04811
04817
0496f
0497b
04af2
04b6f
04b80
04ba2
04ba8
04bbe
04bc4
04bda
04c9a
04cac
04cc8
04ded
04e57
050b7
05132
0513b
051ec
05270
05279
052bf
052dc
052e0
05432
05511
05517
0551b
0551f
0555a
05720
05d1e
060d4
060d8
060dc
060e6
06180
06184
0622d
06231
06296
062c4
062c8
062cc
062d0
062d4
062d8
062dc
062e0
062e4
062e8
03e29
03e35
03e76
03e81
03e98
0461b
04823
04845
04850
0485a
049b0
04a57
04a67
04b2b
04bc5
04bcf
04bd6
04bea
04bf4
04cb8
04cc4
04cd5
04e0a
04e6e
050c9
050d2
0514a
051fe
05205
05217
0521d
05287
052e8
05332
05484
05572
05578
0557c
05580
055cd
05bee
05f31
0610b
0610f
06119
0611d
061bb
06260
06264
062c2
062ec
062f0
062f4
062f8
062fc
06300
06304
06308
0630c
06310
06314
03c79
03c84
03c9b
03e8f
04656
0465a
04860
04887
0488d
049e4
049f3
04a97
04b5e
04b62
04bf6
04bfc
04c12
04c18
04c2e
04ce2
04cf4
04d10
04e3a
04e93
050e1
0515c
05165
0519c
05224
0522d
0528f
052f0
052f4
05360
05379
0537d
05381
05385
054eb
05657
05d98
05fee
05ff2
05ff6
05ffa
0614d
06151
061fa
061fe
062ee
06318
0631c
06320
06324
06328
0632c
06330
06334
06338
0633c
03c8e
03c99
03ce0
03ceb
03d02
04695
04772
048ae
048c0
048c8
04a20
04a45
04a49
04ad1
04c19
04c24
04c2a
04c3e
04c48
04d00
04d0c
04d1d
04d6e
04eaa
050f3
050fc
05174
051ae
051b5
0523d
05243
0529f
052fc
0530a
053dc
053e2
053e6
053ea
0541c
05657
05c62
05e80
0602b
0602f
06033
06037
06188
0618c
06235
06316
06340
06344
06348
0634c
06350
06354
06358
0635c
06360
06364
06368
03cf9
03d45
03d49
03d58
046d0
046d4
0476e
0479b
047a1
048f9
04907
04a80
04b02
04b12
04c4a
04c50
04c64
04c6a
04c7e
04d2a
04d38
04d54
04d9f
04ecf
0510b
05186
0518f
051c4
0524a
05253
052a7
052c8
052cc
05364
05443
05449
0544d
05451
05490
056e1
05e0c
06064
06068
0606c
06070
061bf
061c3
06268
0626c
0629a
06342
0636c
06370
06374
06378
0637c
06380
06384
06388
0638c
03c84
03c9b
03d8d
03e6e
03e72
03e8f
03f61
03f69
03fa1
04871
04875
04911
04937
0493e
04a90
04aa0
04c4c
04c8a
04c90
04ca6
04d48
04d4e
04dbc
04e8c
04f8e
0511d
05126
0519c
0524a
05251
052b5
052f1
0530e
05312
05375
0537b
0537f
05389
053ca
05490
05494
05498
0569f
056a3
058a1
0601e
061f4
061f8
06202
0629c
062a0
06392
06396
0639a
0639e
063a2
063a6
063aa
063ae
063b2
063b6
03c73
03c8e
03c99
03cf1
03df2
03df6
03fa8
03fe3
03ff1
048a8
0494a
0496c
04977
04981
04ad1
04c6b
04c78
04c98
04c9e
04cae
04cb4
04cca
04ded
04eb1
04f09
05135
051ae
051b5
0525f
052be
052c4
052fd
0531a
053c7
053e0
053e4
053ee
053f2
054f5
054f9
054fd
05501
056e6
0576c
05d1f
0622b
0622f
06239
0623d
062c8
06390
063b8
063bc
063c0
063c4
063c8
063cc
063d0
063d4
063d8
03cd8
03cdc
03cf9
03d52
03d69
03e57
03feb
03ff3
04026
04785
04789
04987
049ae
049b4
04b02
04b12
04ba4
04cb5
04cbf
04cc6
04cd4
04cde
04e0a
04ec8
04f1f
05147
05150
051c4
05270
05277
05285
052c9
05322
05326
05443
05449
0544d
05457
05483
0555a
0555e
05562
05723
05727
057ab
06094
06262
06266
06270
062f0
062f4
063ba
063de
063e2
063e6
063ea
063ee
063f2
063f6
063fa
063fe
03c4b
03d3f
03d43
03d60
03db9
03dd0
03ed2
0402a
04030
047c2
049c0
049e2
049ed
049f7
04b43
04bc8
04bd4
04ce0
04ce6
04cf6
04cfc
04d12
04e3a
04eec
04f41
0515f
051d6
051dd
05213
0528e
05294
052d5
0532e
0534d
05351
05355
054a1
054ad
054b1
054b5
054bf
054ec
055d2
057ab
05d99
0614d
06151
06155
06159
0631c
063dc
06400
06404
06408
0640c
06410
06414
06418
0641c
06420
03cb0
03cb4
03da8
03dc3
03dce
03e26
03ed7
03edf
03f17
047fb
047ff
048d6
04a1e
04a24
04b6f
04b80
04bf8
04cfd
04d08
04d0e
04d1c
04d26
04d6e
04e50
04f57
05171
0517a
051ec
05224
0522b
0529d
052dd
05336
0533a
053b6
053ba
053be
05510
05516
0551a
05524
05528
05615
05619
05829
05fe3
06188
0618c
06190
06344
06348
06402
06426
0642a
0642e
06432
06436
0643a
0643e
06442
06446
03d19
03e0d
03e11
03e2e
03e81
03e98
03f1e
03f59
03f67
04838
048ce
048f6
04901
0490b
04a5f
04c1c
04c28
04d28
04d2e
04d3c
04d42
04d56
04d9f
04e75
04f79
05189
051fe
05205
05239
052a6
052ac
052e9
05306
05364
0541d
05421
05425
05571
05577
0557b
05585
05589
0565c
05829
05e0d
061bf
061c3
061c7
061cb
0636c
06394
06424
06448
0644c
06450
06454
06458
0645c
06460
06464
03de0
03df4
03dfe
03e24
03e32
03eed
03f00
03f17
03f22
03fe3
040a8
040b5
042d8
04d7b
04e33
04e3e
04ffe
051eb
052e6
053b7
054e5
054f0
0550b
0552a
0554d
0558a
055f7
0561c
05648
05661
056db
0578e
057a5
057af
057b3
057db
057ee
057f2
05945
05962
0599c
05a05
05a3d
05a53
05b47
05ba6
05bb3
05bc3
05bc7
05cec
05dda
0646a
0646e
06472
06476
0647a
0647e
06482
06486
0648a
0648e
03e46
03e5d
03e80
03e8d
03e96
03f34
03f55
03f63
03f6c
040df
040ef
040f8
04d6e
04d78
04d9d
04ece
05019
05238
0530e
05349
05366
0538f
05553
0555d
05575
05590
05663
05688
056a4
0570b
05722
057cd
057e4
057f6
057fa
0581d
0582d
05831
05982
059a2
059d9
05a33
05a7a
05a90
05b80
05bc9
05bf0
05c00
05c04
05d6c
06468
06493
06497
0649b
0649f
064a3
064a7
064ab
064af
064b3
03c4b
03c5b
03c62
03c88
03c96
03ecf
03f84
03f9a
03fa8
03fb1
04126
04132
041e4
04d98
04da3
04dc9
04faa
0519b
052fa
05341
05351
0536a
05378
05393
053cd
053f6
055bf
055d0
056a8
056cf
056e9
05793
0580e
05833
05837
05853
0586a
0586e
0590c
059dd
059fd
05a12
05a76
05ab7
05acd
05be3
05c24
05c3b
05c3f
05ce0
05e4e
064b8
064bc
064c0
064c4
064c8
064cc
064d0
064d4
064d8
064dc
03cbe
03cc7
03cea
03cf7
03d00
03fc7
03fcf
03fe6
03ff2
0415d
0416d
04176
04dbc
04dc6
04deb
04e56
04fc5
0525e
05322
053b0
053cf
053d6
053f8
0542f
0545b
05559
0560d
056c6
056ef
05715
0572a
0584b
05862
05874
05878
05897
058a5
058a9
058d8
058e7
05a14
05a97
05ad2
05aff
05b0c
05c20
05c64
05c78
05c7c
05d18
064b7
064e1
064e5
064e9
064ed
064f1
064f5
064f9
064fd
06501
03d19
03d29
03d30
03d56
03d64
03f59
04008
0401e
0402c
04035
0419e
041aa
0425e
04de6
04df1
04e17
04fd4
051c3
052d2
0534c
0541f
05437
0543e
05460
05486
054c3
055b2
055b8
055d6
0564b
0565a
0574f
05757
0576e
05772
0581f
058ab
058af
058c5
058eb
05922
05991
05af0
05b33
05b49
05be9
05c80
05cab
05cb7
05cbb
05e23
06506
0650a
0650e
06512
06516
0651a
0651e
06522
06526
0652a
03d7b
03d95
03db8
03dc5
03dce
03eaa
03ecb
03ed9
03ee2
04061
04071
0407a
04e0a
04e14
04e38
04e92
04fef
05212
05336
0547c
05488
05494
054ad
054c8
054f2
0552f
055d9
055fc
0561d
05689
0569e
0574b
05776
0577a
05796
057b5
057b9
0585e
05926
05951
05965
05b11
05b4e
05b73
05b84
05c9a
05cd8
05cee
05cf2
05d92
06469
0652e
06532
06536
0653a
0653e
06542
06546
0654a
0654e
03fbd
03fc6
03fcf
03fe6
03ff2
04084
04095
040a9
040b5
0415c
0421e
0422a
04437
04d7f
04e59
04ee5
04eec
0507b
0525e
053cf
054ee
056c5
056d0
056dd
056f0
0570f
0572f
057ac
057d4
057eb
05854
05905
0591d
0592b
0592f
05953
05967
0596b
05ab3
05ad6
05b0a
05b75
05bac
05bc1
05cbf
05d14
05d20
05d32
05d36
05e5c
05f40
0646c
064e0
06553
06557
0655b
0655f
06563
06567
0656b
0656f
04000
0400b
0401f
0402c
04035
040c6
040e2
040eb
040f8
04251
04261
0426c
04d70
04da6
04e52
04e5c
04e7b
05094
0532c
05436
05553
055b3
055c3
0570b
0571a
0572d
057ce
057fc
0581e
0582c
0589c
05943
0595a
0596e
05972
05993
059a4
059a8
05af0
05b14
05b49
05ba1
05be9
05bfe
05cf6
05d38
05d5d
05d6f
05d73
05ed6
0646f
06494
06508
06573
06577
0657b
0657f
06583
06587
0658b
03ea7
03eb3
03ebb
03ed2
03edd
04060
04110
04121
0412a
04137
04297
042a4
04349
04db2
04e6e
04e75
04e95
05027
05212
05352
05488
055ab
055c2
055c9
055dd
05607
05621
05768
05832
05853
05869
0590b
05983
059a9
059ad
059c7
059dc
059e3
05a7c
05b4e
05b6b
05b86
05be4
05c26
05c3b
05d51
05d94
05da9
05dae
05e4e
05fb0
064b9
0652d
0658f
06593
06597
0659b
0659f
065a3
065a7
065ab
03ef4
03efd
03f11
03f1e
03f27
0414c
04152
04166
04171
042ce
042db
042e6
04dbe
04df4
04e8e
04e98
04eb7
05040
05304
0541a
0550a
055f8
0560a
0561a
05646
0565f
0579e
0584c
0587a
05896
058a4
059bd
059d4
059e8
059ec
05a07
05a18
05a1c
05a46
05a5b
05b7f
05c0a
05c44
05c6e
05c7a
05d8e
05dd1
05de6
05deb
05e86
06470
064e2
064e6
065af
065b3
065b7
065bb
065bf
065c3
065c7
03f31
03f3d
03f45
03f5c
03f67
040de
04188
04199
041a2
041af
0430b
04318
043c3
04de8
04eaa
04eb1
04ed1
05051
05238
0541e
05554
0563a
0564c
05653
05667
0568b
056ab
05754
0575d
0577d
057e6
058c8
058d1
058e8
058ef
05991
05a1d
05a21
05a33
05a5d
05a90
05b01
05c5e
05ca1
05cb5
05d55
05def
05e19
05e26
05e2a
05f87
06499
0650b
065cb
065cf
065d3
065d7
065db
065df
065e3
065e7
03f7c
03f87
03f9b
03fa8
03fb1
04048
04064
0406d
0407a
041da
041e7
041f2
04d94
04e39
04eca
04ed4
04ef2
0506a
05318
0536e
054e9
05682
0568e
056a8
056ca
056e9
0574a
0577e
0579b
057b6
05824
058c6
058f2
058f6
0590e
05926
05933
059ce
05a95
05ac0
05ad7
05c84
05cbe
05ce2
05cf0
05e08
05e46
05e5a
05e61
05efc
064be
06530
06534
065ea
065ee
065f2
065f6
065fa
065fe
06602
04143
0414b
04155
04166
04171
041fc
0420d
04223
0422a
042cc
0438d
04398
045af
04dc1
04e5a
04f0b
04f8e
04f94
050f9
053d0
0560c
0584b
05856
05863
05873
05890
058b4
05925
0594a
05963
059c8
05a74
05a8b
05a9c
05aa0
05abf
05ad8
05adc
05c21
05c48
05c78
05ce1
05d1a
05d31
05e2e
05e82
05e8c
05e9e
05ea2
05fbe
060a2
064e2
0652c
06557
06609
0660d
06611
06615
06619
0661d
06621
04181
0418b
04197
041a4
041af
0423c
0425b
04263
0426c
043c4
043cf
043da
04dd6
04e1b
04e78
04f05
04f0e
04f2b
05112
055bc
05652
05751
05761
0588e
0589a
058ab
05944
05974
05992
059a4
05a0c
05ab1
05ac8
05ade
05ae2
05b02
05b15
05b19
05c5e
05c86
05cb5
05d0f
05d57
05d6e
05e65
05ea4
05ec7
05ed9
05edd
06038
0646f
0650a
06573
06623
06627
0662b
0662f
06633
06637
0663b
04046
04051
04059
0406a
04075
041d8
04284
04298
042a0
042a9
04406
04412
044bc
04e0f
04e73
04f1f
04f25
04f43
050a5
05489
05689
05749
05760
05767
05777
0579f
057be
058e2
059a0
059c7
059d9
05a79
05af1
05b10
05b1d
05b33
05b4b
05b54
05bea
05cbd
05cda
05cf9
05d52
05d94
05dab
05ebd
05efe
05f11
05f16
05fb0
06112
06510
06535
06593
06641
06645
06649
0664d
06651
06655
06659
0408c
04095
040a3
040ae
040b9
042be
042c4
042da
042e1
04438
04449
04454
04d77
04e35
04eb4
04f3d
04f46
04f63
050be
05609
056db
05790
057a2
057ac
057d8
057eb
05919
059be
059ee
05a06
05a18
05b2a
05b42
05b58
05b5c
05b76
05b89
05b8d
05bb5
05bce
05ced
05d79
05db3
05ddc
05dea
05ef8
05f37
05f4c
05f51
05fe8
0646a
064bd
065af
0665b
0665f
06663
06667
0666b
0666f
06673
040c2
040cf
040d7
040e8
040f3
0424f
042f8
0430c
04314
0431c
0447a
04486
04536
04d73
04eaf
04f57
04f5d
04f7b
050cf
05361
0570b
057cd
057de
057e5
057f5
05817
0583c
058ce
058da
058f9
0595c
05a37
05a40
05a55
05a60
05b01
05b80
05b91
05ba1
05bcf
05bfe
05c6d
05dcc
05e0f
05e25
05ec1
05f55
05f7d
05f8a
05f8e
060e9
06491
064e7
065cf
06679
0667d
06681
06685
06689
0668d
06691
04108
04113
0411f
0412c
04137
041c2
041e1
041e9
041f2
0434a
04355
04360
04d85
04dcd
04eef
04f75
04f7e
04f9a
050e8
055be
0568d
0580e
0581a
05832
05850
05869
058c4
058fa
05914
05931
05998
05a34
05a59
05a66
05a7d
05a92
05aa3
05b3e
05c06
05c2e
05c49
05df3
05e2d
05e50
05e60
05f6e
05fa7
05fbc
05fc3
0605e
06497
064ba
065ea
06677
06696
0669a
0669e
066a2
066a6
066aa
042b6
042bf
042c7
042d5
042e1
0436b
0437b
04390
04398
04440
044fa
04506
0471e
04d8f
04e91
04f0c
04fab
05012
05177
05609
057a6
059bd
059c8
059d5
059e7
059fd
05a17
05a94
05ab7
05acd
05b36
05be2
05bf9
05c0e
05c12
05c2d
05c3f
05c4a
05d8f
05db3
05de8
05e4f
05e88
05e9d
05f92
05fe4
05fee
06000
06004
06120
061fa
064bb
064c3
064c7
065af
0660a
066b1
066b5
066b9
066bd
066c1
042f1
042fb
04308
04313
0431c
043aa
043ca
043d2
043da
0452f
0453d
04548
04db4
04ea1
04ed8
04f28
04fad
04fc4
05190
0575b
057e6
058cc
058d9
059fd
05a0a
05a1d
05ab2
05ae3
05aff
05b0d
05b7a
05c1f
05c36
05c4c
05c50
05c6f
05c7c
05c87
05dcc
05df0
05e25
05e7d
05ec3
05ed8
05fc7
06006
06029
0603b
0603f
06194
064c3
064e7
064ec
064f0
06624
066c4
066c8
066cc
066d0
066d4
041c0
041cc
041d3
041e1
041ed
0434c
043f2
04407
0440f
04417
04574
04581
0462b
04ddd
04ecd
04f24
04fbe
04fd5
05123
0568d
05815
058c3
058db
058e1
058f3
05915
05930
05a50
05b0e
05b33
05b49
05be9
05c5f
05c83
05c8b
05ca1
05cb7
05cbb
05d56
05e24
05e48
05e68
05ebe
05efe
05f13
0601f
06060
06073
06078
06112
06268
0650a
06511
06515
065ea
06642
066db
066df
066e3
066e7
066eb
04206
0420d
0421d
04225
0422f
0442d
04432
04448
0444f
045a9
045b7
045c2
04e02
04e5a
04eea
04f60
04fd7
04fee
0513c
057a1
05863
05909
0591b
05925
0594e
05963
05a87
05b2c
05b5d
05b73
05b85
05c99
05cb0
05cc6
05cca
05ce3
05cf2
05cfb
05d22
05d3d
05e5b
05ee3
05f1b
05f42
05f50
0605a
06099
060ae
060b3
06146
06511
06533
06539
0653d
0665c
066ee
066f2
066f6
066fa
066fe
0423a
04245
0424d
0425b
04267
043c5
04466
0447b
04483
0448b
045e7
045f4
046a5
04e2a
04e55
04f5c
04fe8
04fff
0514d
055bc
0588e
05943
05954
0595b
0596d
05989
059a3
05a3c
05a45
05a5e
05aca
05ba5
05bab
05bc3
05bc7
05c6d
05cf6
05cff
05d0f
05d39
05d6e
05ddb
05f34
05f73
05f89
06023
060b7
060df
060ec
060f0
0623f
0646f
06476
0647a
06573
0667a
06705
06709
0670d
06711
06715
0427d
04287
04294
0429f
042a9
04330
04350
04358
04360
044b5
044c3
044ce
04d66
04e65
04e9c
04f97
05001
05018
05166
0575e
05819
05983
0598f
059a0
059c3
059d9
05a32
05a69
05a82
05a93
05b06
05ba2
05bcc
05bd4
05be8
05c00
05c04
05caa
05d6d
05d9c
05db7
05f59
05f91
05fb2
05fc2
060d0
0610a
0611e
06125
061b8
06475
06497
0649e
064a2
06693
06718
0671c
06720
06724
06728
04423
0442c
04435
04446
0444f
044d8
044e9
044fe
04506
045a8
04663
04674
04882
04e00
04e6c
04f66
05029
05090
051f3
057a1
0591e
05b2a
05b36
05b43
05b58
05b6b
05b89
05c06
05c26
05c3b
05ca4
05d50
05d67
05d7c
05d80
05d9b
05dae
05db8
05ef9
05f1b
05f4e
05fb1
05fea
05fff
060f4
06142
0614c
0615e
06162
06276
0631a
0652d
06595
06599
0665d
066b0
0672f
06733
06737
0673b
0673f
0445e
04469
04476
04483
0448b
04518
04532
04540
04548
0469a
046ab
046b6
04db7
04e87
04f5c
04fc1
0502b
05042
05209
058d5
0595c
05a3a
05a47
05b6b
05b78
05b8e
05c20
05c51
05c6e
05c82
05ce8
05d8d
05da4
05dba
05dbe
05ddd
05deb
05df5
05f34
05f56
05f89
05fdf
06025
0603a
06129
06164
06186
06197
0619b
062cc
06470
065af
065b5
065b9
066c3
06742
06746
0674a
0674e
06752
0432d
04339
04341
04352
0435b
044b4
04560
0456f
0457d
04585
046dd
046ee
04797
04de0
04ea8
04f9d
0503c
05053
051a3
05819
0598c
05a31
05a48
05a4f
05a64
05a84
05aa1
05bbe
05c80
05ca1
05cb5
05d55
05dcd
05df2
05df9
05e0f
05e25
05e2a
05ec2
05f88
05fa9
05fca
06020
06060
06075
0617b
061ba
061cd
061d2
06268
0636a
0650c
065d1
065d5
06694
066da
06759
0675d
06761
06765
06769
04373
0437b
04388
04395
0439d
0459a
045a0
045b6
045be
04714
04725
04730
04d8b
04ec3
04f12
04feb
05055
0506c
051b9
0591a
059d5
05a77
05a89
05a94
05abd
05acd
05bf5
05c9a
05ccb
05ce2
05cf8
05e07
05e1e
05e34
05e38
05e51
05e61
05e69
05e8e
05ea9
05fbd
06045
0607d
060a4
060b2
061b4
061f1
06206
0620b
0629c
064be
065ea
065f0
065f4
066ed
0676c
06770
06774
06778
0677c
043a7
043b3
043bb
043cc
043d6
0452e
045d4
045e5
045f1
045f9
04753
04762
0480d
04e2d
04ee3
04f2e
05066
0507d
051cb
0575b
05a00
05ab1
05ac2
05ac9
05ade
05af7
05b15
05baa
05bb4
05bd0
05c38
05d13
05d1b
05d31
05d36
05ddb
05e65
05e6d
05e7d
05ea5
05ed8
05f41
06096
060d6
060eb
0617f
0620f
06235
06242
06246
0634a
064df
0655a
0655e
06625
06704
06783
06787
0678b
0678f
06793
043ea
043f5
04402
0440f
04417
0449e
044b8
044c6
044ce
04620
04631
0463c
04d69
04e4b
04f24
05015
0507f
05096
051e1
058db
0598e
05af1
05afc
05b0e
05b30
05b49
05ba0
05bd7
05bf0
05c08
05c74
05d10
05d3b
05d42
05d58
05d6e
05d73
05e18
05ed7
05f04
05f1f
060bb
060f3
06114
06124
06226
0625f
06274
0627b
062f0
06492
06573
06579
0657d
06717
06796
0679a
0679e
067a2
067a6
04591
0459b
045a3
045b2
045be
04646
04657
0466c
04674
04713
047cd
047de
049e4
04e07
04f1a
04ff1
050a7
0510e
05266
054ae
0591a
05a8c
05c99
05ca4
05cb1
05cc6
05cda
05cfb
05d75
05d94
05dab
05e12
05ebc
05ed1
05ee6
05eea
05f03
05f16
05f20
0605b
0607d
060b0
06113
06148
0615d
0624a
06298
062a2
062a7
0631a
06398
06592
06644
06648
066ee
0672e
067ad
067b1
067b5
067b9
067bd
045cd
045d7
045e3
045f1
045f9
04686
046a1
046ae
046b6
04802
04813
0481e
04e23
04e8b
04f39
0503f
050a9
050c0
0527b
05523
05a42
05aca
05ba8
05bb6
05cda
05ce6
05cfc
05d8e
05dbf
05ddc
05df1
05e56
05ef7
05f0c
05f22
05f26
05f43
05f51
05f5b
06096
060b8
060eb
0613f
06181
06196
0627f
062ab
062cc
062d1
06344
0646b
0665d
06662
06666
06741
067c0
067c4
067c8
067cc
067d0
0449a
044a8
044af
044be
044ca
0461f
046ce
046de
046eb
046f3
04843
04855
048f9
04d6b
04f52
0501b
050ba
050d1
0521a
05576
0598e
05af9
05b9f
05bb7
05bbd
05bd2
05bf2
05c13
05d2c
05def
05e0f
05e25
05ec1
05f35
05f58
05f5f
05f73
05f89
05f8e
06024
060ea
0610c
0612c
0617c
061ba
061cf
062c2
062f2
062f9
062fd
063e0
065ce
0667c
06680
06718
06758
067d7
067db
067df
067e3
067e7
044e1
044e9
044f3
04502
0450b
04708
0470e
04724
0472c
04878
04889
04894
04d84
04ec7
04f71
05069
050d3
050ea
0522f
05387
05a88
05b43
05be5
05bf7
05c06
05c2b
05c3b
05d62
05e08
05e39
05e50
05e67
05f6d
05f82
05f98
05f9c
05fb3
05fc3
05fcb
05ff0
0600b
0611f
061a1
061d7
061fc
0620a
062ec
0631c
06323
06327
064b9
06694
06699
0669d
0676b
067ea
067ee
067f2
067f6
067fa
04514
04521
04529
04539
04543
04699
04742
04754
0475f
04767
048b5
048c4
0496f
04db9
04f89
04fc7
050e4
050fb
05240
053e0
058d5
05b6d
05c1f
05c30
05c37
05c4c
05c66
05c87
05d18
05d21
05d3e
05da6
05e81
05e89
05e9d
05ea2
05f41
05fc7
05fcf
05fdf
06007
0603a
060a3
061ee
0622b
06241
062c6
06329
0634a
0634f
06428
06556
0660d
06611
066c4
06782
06801
06805
06809
0680d
06811
04559
04563
0456d
0457d
04585
0460c
04627
04634
0463c
0478c
0479d
047a8
04dd5
04e4f
04f01
05093
050fd
05114
05255
05455
05a48
05afb
05c5f
05c6b
05c80
05c9f
05cb5
05d0e
05d45
05d5d
05d77
05de2
05e7e
05ea7
05eae
05ec4
05ed8
05edd
05f7c
06039
06066
06081
06213
06249
0626a
0627a
06340
0636c
06375
06379
0650a
06625
0662a
0662e
06795
06814
06818
0681c
06820
06824
046ff
04709
04711
04721
0472c
047b2
047c1
047d6
047de
04877
0492f
04940
04b3a
04ec7
04fb9
0506f
05125
0518c
052b5
05389
05495
054ae
05a88
05bfa
05e07
05e12
05e1f
05e34
05e48
05e69
05edf
05efe
05f13
05f76
0601e
06033
06048
0604c
06065
06078
06082
061b5
061d7
06208
06269
0629e
062a6
06372
06398
0639d
0644a
06642
066dc
066e0
0676c
067ac
0682b
0682f
06833
06837
0683b
0473b
04745
04752
0475f
04767
047f0
04809
04816
0481e
04964
04975
04980
04edb
04f3a
04fd1
050bd
05127
0513e
052c3
053fb
05502
05523
05bb2
05c38
05d16
05d23
05e48
05e54
05e6a
05ef8
05f27
05f42
05f57
05fb8
06059
0606e
06084
06088
060a5
060b3
060bd
061ee
06210
06241
06295
062c8
062d0
06390
063bc
063c1
06555
066ee
066f3
066f7
067bf
0683e
06842
06846
0684a
0684e
0460a
04615
0461d
0462d
04637
0478b
04834
04844
04851
04859
049a5
049b6
04a57
04e4f
04fe3
05099
05138
0514f
05285
05457
0555f
05576
05afb
05c68
05d0d
05d24
05d2b
05d40
05d5f
05d81
05e98
05f55
05f73
05f89
06023
06097
060ba
060c1
060d6
060eb
060f0
06180
06240
06261
06282
062c3
062f2
062fa
063c5
063e3
063e7
0667a
06706
0670a
06796
067d6
06855
06859
0685d
06861
06865
0464e
04657
04662
04670
04679
0486c
04872
04888
04890
049da
049eb
049f6
04e64
04f72
04ffb
050e7
05151
05168
05293
05359
05387
054c9
05bf6
05cb1
05d53
05d64
05d75
05d98
05dab
05ecc
05f6e
05f9d
05fb2
05fc9
060cf
060e4
060fa
060fe
06115
06125
0612d
0614e
06169
06275
062d9
06300
06322
063dc
06404
06409
06591
06718
0671d
06721
067e9
06868
0686c
06870
06874
06878
04684
0468f
04697
046a7
046b1
04801
048a4
048b6
048c1
048c9
04a17
04a26
04ac9
04e8b
0500d
05045
05162
05179
0529d
053ba
053e0
05525
05a42
05cdc
05d8d
05d9e
05da5
05dba
05dd3
05df5
05e86
05e8d
05eaa
05f0e
05fe3
05feb
05fff
06004
060a3
06129
06131
0613f
06165
06196
061fb
06317
06346
0634e
0640d
0642b
0642f
0660a
066b3
066b7
06742
06800
0687f
06883
06887
0688b
0688f
046c6
046d1
046dc
046eb
046f3
0477a
04793
047a0
047a8
048ee
048ff
0490a
04ea0
04f02
04fa7
05111
0517b
05192
052ab
05427
05455
05591
05bb7
05c6a
05dcd
05dd8
05def
05e0c
05e25
05e7c
05eb1
05ec7
05ee1
05f48
05fe0
06009
06010
06026
0603a
0603f
060de
06195
061c0
061db
0632d
06354
06374
06424
06448
0644f
065cd
066c4
066c9
066cd
06813
06892
06896
0689a
0689e
068a2
04863
0486d
04875
04885
04890
04914
04923
04938
04940
049d9
04a8b
04a9c
04c45
04f72
05037
050ed
051a0
05207
052f2
05348
05366
05379
05389
05396
0539a
0549b
055df
05bf6
05d68
05f6d
05f76
05f83
05f98
05faa
0601e
06047
06062
06077
060da
0617d
061a0
061a6
061bb
061cf
061d4
06269
062f7
06323
06394
0639c
0644a
066d9
06758
0675d
067e9
06829
068a8
068ac
068b0
068b4
068b8
0489c
048a7
048b4
048c1
048c9
04952
0496b
04978
04980
04abe
04acf
04ad9
04f85
04fd2
0504f
0513b
051a5
051ba
05300
05390
053cd
053e0
053f0
053fd
05401
05502
056d5
05d1f
05da6
05e84
05e9d
05fab
05fb8
05fcd
0605c
06099
060a6
060bd
0611b
061b6
061d9
061e0
061f2
06208
0620d
0629d
06321
0634d
063a1
063c0
064ca
0675a
06770
06774
06801
068ba
068be
068c2
068c6
068ca
04778
04781
04789
04799
047a4
048ed
04996
049a6
049b3
049bb
04afd
04b0f
04b9e
04f02
05061
05117
051b7
051c8
052ca
053af
05429
05442
0544a
0545b
05466
0555f
05669
05c6a
05dd5
05e7b
05e90
05e97
05eac
05eca
05ff2
06094
060be
060dd
060ed
06180
06201
06217
0621b
06236
06244
0624e
06341
06354
063a4
063c5
063e4
06703
06782
06787
06813
06853
068d0
068d4
068d8
068dc
068e0
047b8
047c1
047cc
047da
047e3
049ce
049d4
049ea
049f1
04b30
04b41
04b4b
04f16
04ffc
05079
05165
051cd
051e2
052d8
05359
0545e
0549d
054ae
054be
054cb
054cf
056ae
05d63
05e1f
05ebf
05ece
05edf
05f02
05f1f
06034
060d2
0610a
06116
0612d
06228
0624a
06252
06260
06278
0627d
06299
062f0
06372
063dc
06406
06518
06784
0679a
0679e
067ad
068e2
068e6
068ea
068ee
068f2
047ee
047f7
047ff
0480f
0481a
04963
04a06
04a18
04a23
04a2b
04b6d
04b7d
04bf2
04f3a
0508b
050c3
051df
051f0
052de
053ba
0547d
054f1
05510
05518
0552d
05534
055fb
05bb2
05e4a
05ef7
05f06
05f0d
05f22
05f3a
05fe3
05fea
05fff
06068
06120
06144
0614d
06160
0616a
0626f
06285
06289
062a3
062cf
063ec
0640d
0642c
066af
06730
06734
067bf
0687d
068f8
068fc
06900
06904
06908
0482c
04837
04842
04851
04859
048dc
048f5
04902
0490a
04a4c
04a5d
04a67
04f4e
04fa8
05025
0518f
051f5
0520a
052ec
05427
05529
05567
05576
05586
05594
05598
05732
05d24
05dd7
05f35
05f3e
05f55
05f72
05f95
05fe0
06023
0602a
0604d
060ab
06156
0616c
06170
06187
06199
061a9
062c3
062d6
06344
06424
0644c
0647c
06730
06746
0674a
067d7
0690a
0690e
06912
06916
0691a
049c6
049cf
049d7
049e7
049f1
04a70
04a7f
04a94
04a9c
04b2f
04bc3
04bd4
04d23
04ffc
050b5
0516b
05217
05279
0532e
05348
05355
0535d
05376
0539d
0553a
05585
055b4
055c1
055df
055e4
0572c
0581e
05ecb
05f78
060d7
060e3
060f9
0610c
0612d
061a3
061bc
061d1
0622f
062c4
062dc
062e0
062f8
062fd
0636b
063e1
06407
06519
067c3
067d9
067dd
0686a
0691f
06923
06927
0692b
0692f
049ff
04a09
04a16
04a23
04a2b
04aac
04ac5
04ad2
04ad9
04be7
04bf8
04c03
05009
05050
050cd
051b5
0521c
05230
0533c
05379
05390
053bc
053c4
053dd
05404
0559b
055e6
05606
05624
05629
057b7
05da0
05f0d
05fe4
05ff1
0610c
06118
0612e
061b6
061f1
061fe
06215
06271
062ee
06307
0630b
06322
06327
06401
0640e
064ca
0676c
067eb
067f0
0687c
068bb
06934
06938
0693c
06940
048da
048e3
048eb
048fb
04905
04a4b
04aee
04afe
04b0b
04b12
04c17
04c28
04c94
04fa8
050df
05195
0522d
0523d
05306
05381
053af
053ee
0541c
05427
0543a
05464
055f9
05644
0565f
0566c
05714
05894
05e92
05f49
05ff0
05ff7
0600d
0602b
0604d
06158
06216
06233
06243
062c7
0632c
06333
06347
0634f
06359
06429
0644d
064f1
067ed
06803
06807
06894
06945
06949
0694d
06951
06955
0491a
04923
0492e
0493c
04945
04b24
04b2a
04b40
04b48
04c3b
04c4c
04c56
04fb5
0507a
050f7
051dd
05242
05256
05314
05405
05447
0545e
05490
0549b
054ac
054d2
0563e
05688
056a4
056b1
05754
05e14
05f77
0601f
0602f
06036
0604f
06075
0618b
06228
0625f
0626c
06283
06342
0635b
0635f
06374
06379
06395
06448
06498
06796
06815
0681a
06828
068e3
0695a
0695e
06962
06966
04950
04959
04961
04971
0497c
04abd
04b5c
04b6e
04b79
04b80
04c69
04c78
04cdc
04fd2
05109
05141
05253
05263
0531a
0544f
0547d
054bc
054f1
054ff
05506
05532
055fe
056b5
056d9
056f3
056f8
0586c
05f08
05fb9
06066
0606d
06083
0609b
060bd
06148
0615d
061c2
06276
0629a
062a4
062a9
0631b
06381
06385
06399
063bf
0653e
067ab
067b0
067b4
06840
0696b
0696f
06973
06977
0697b
0498e
04999
049a4
049b3
049bb
04a3a
04a53
04a60
04a67
04b93
04ba4
04bae
04fdf
05026
050a3
05205
05268
0527c
05328
054d3
05515
05529
0555a
05565
05574
0559c
056c8
0570e
05728
05736
057d4
05d26
05e97
06095
0609f
060ac
060c5
060eb
06140
0617f
06187
061a9
06203
062ae
062b5
062c9
062d1
062e1
063b9
063c6
0647c
06742
067c1
067c6
06852
0690b
06980
06984
06988
0698c
03e0d
04b1b
04b25
04b2d
04b3d
04b48
04bb7
04bc4
04bd0
04bd9
04cad
04cbd
04cc8
04e18
0507a
05133
051e5
05282
052c1
0534e
053eb
05458
0546a
05487
054c3
05565
05584
055b6
055c1
055d8
056fb
05750
0575c
0576f
05773
0581f
058ea
0602d
060db
0622e
0623b
06250
06262
062c2
062e2
062f8
063b8
063cb
063cf
063e4
063e8
0650b
0651a
0651e
067d6
06856
0685a
068e4
06992
06996
0699a
03e8a
04b54
04b5f
04b6c
04b79
04b80
04be4
04bf7
04bfe
04c60
04cd7
04ce8
04e3a
05087
050ce
0514b
0522b
05287
05294
05359
05387
0544c
0547f
054c9
054ed
05513
055ac
055fb
05606
05620
0573a
05775
0579b
057b6
057ba
0585e
059ce
0606f
06144
0615d
06263
06270
06285
062ff
0631c
0632b
063e9
063f2
06404
0640a
06469
0653e
06542
0672d
06868
0686d
06871
0699c
069a0
069a4
03c71
04a38
04a41
04a49
04a59
04a64
04b92
04c0e
04c21
04c28
04cf5
04d06
04d10
04d7c
05026
0515d
0520d
05291
0529a
053ba
053e0
0541c
054b9
05526
05538
05552
0558b
055e7
0561a
05642
0565f
0578f
057d2
057e9
057ef
05800
05961
05ff4
060ab
06150
06157
0616c
06189
06316
06336
0634c
06400
06414
06418
0642c
06430
0646e
0647e
06482
06800
06880
06884
0690c
069aa
069ae
069b2
03cf5
04a77
04a7f
04a8a
04a98
04aa0
04c35
04c42
04c4f
04c56
04d1f
04d30
04d9f
05033
050f8
05175
05251
0529f
052ac
05363
05374
05396
05428
05456
0551f
0558d
05616
0563c
05687
05692
056a7
057ce
05813
05828
0582e
0583f
059a1
060da
0617d
0618d
0619d
061be
061db
06353
0636c
0637d
06431
0643a
06448
06450
06490
064a3
064a7
06757
06892
06897
0689b
069b4
069b8
069bc
03d3f
04aaa
04ab3
04abb
04acb
04ad5
04be6
04c5e
04c71
04c78
04d39
04d4a
04d54
04dca
05050
05187
051bd
052a9
052b2
05342
05390
053ca
053db
053fd
0549c
054bd
05580
05671
056a8
056d5
056e9
05793
05832
0585b
0586b
0586f
0590c
0606a
0611b
061c2
061c9
061de
061f4
06298
062a0
062b1
06394
0639c
063a0
06458
0645c
064bc
064cc
064d0
067ac
0682d
06831
068bc
069c2
069c6
069ca
03dc3
04ae6
04af1
04afc
04b0b
04b12
04b90
04ba3
04baa
04c10
04c8f
04ca0
04ded
0505d
050a4
05121
05277
052b7
052c4
05383
053f0
053fc
05434
0545b
054fe
05516
056a0
056c6
0570d
05716
0572b
0584c
0588c
058a0
058a6
058b8
05a15
05ff9
061ef
061f8
0620f
0622a
0624d
062ab
062c8
062d7
063a1
063aa
063bc
063c2
064de
064f1
064f5
06781
0683e
06843
06847
069cc
069d0
069d4
03cd1
03cd9
03ce1
03cf2
03cfd
03fd5
04c36
04c42
04c51
04c59
04cbc
04cc4
04d18
04ed4
050f8
051b0
05259
052c9
052fc
053ae
053b9
053e2
053ea
053f9
05409
0542d
05449
05459
05465
05469
05560
05615
05669
0568b
056ab
05750
05758
0576d
05874
058ca
058d7
058e8
058f0
05a14
05afe
0618b
06340
0635b
0637f
063cb
063eb
064f1
0650d
065d9
065dd
068bd
068d3
068d7
069d8
069dc
069e0
03d3c
03d43
03d53
03d5f
03d67
0402a
04c66
04c73
04c7b
04cd8
04ce5
04cec
04eec
05105
0514c
051c7
0528f
052ce
052d7
05359
05417
05440
0544d
0545e
0546e
05486
054a1
054bc
054c4
054ce
054f7
0565a
056ae
056d0
056f2
05775
05797
057b4
058ad
058e9
05914
05926
05934
05a99
0606a
061ca
062a4
06380
063de
06406
064bf
06521
065ec
065f8
06868
068e5
068e9
0696b
069e4
069e8
03d9f
03da7
03daf
03dc0
03dcb
03ec1
04b8e
04b9a
04ba9
04bb1
04cfc
04d09
04d10
04e5c
050a4
051d8
0527f
052d4
052dd
053ba
0547c
05494
054b0
054b8
054c7
054d7
05504
05517
05527
05533
05537
055fe
056c8
056fa
05721
05778
057ac
057d6
057eb
05907
0594a
0595f
05968
05a04
05b72
061f5
06294
062b3
062e1
06414
06435
064e0
06547
06561
06565
068e5
068fb
068ff
069ec
069f0
069f4
03e0a
03e11
03e21
03e2d
03e35
03f1c
04bc0
04bce
04bd7
04cad
04d29
04d30
04e75
050b1
05176
051ef
052a7
052e2
052eb
05421
054e3
054fb
05517
0551f
0552b
0553e
05557
05578
05588
05595
05599
055c2
055dc
056e3
05733
057ce
05813
05820
0583a
05944
05988
0599c
059a5
05a3c
060db
0623b
062d5
062f8
06426
0644c
0646f
06493
06575
06581
06892
0690d
06911
0691f
069f8
069fc
03e67
03e6f
03e77
03e89
03e92
03f4b
04be2
04bee
04bfd
04c05
04d42
04d4d
04d54
04e98
050ce
05200
05233
052e8
052f1
05346
0535c
05379
05389
05394
0539a
05495
0555c
05575
0557e
0558e
0559e
055ae
055e6
05612
05690
057f6
05832
0585b
05869
0590b
059a0
059cf
059dc
059e4
05b50
06263
062ec
06307
0632f
0639c
06458
064ab
0652e
0659d
065a1
068a7
068ac
0690d
06a00
06a04
06a08
03c6e
03c75
03c85
03c91
03c99
03fa6
04c14
04c23
04c2a
04c90
04c9d
04ca4
04eb1
050db
05122
0519f
052bf
052f6
052ff
05343
05372
0537f
05390
053a0
053c2
053d3
053ee
053f6
05400
05431
05503
055f9
0562b
05657
056d5
0584c
0588c
05898
058b2
059be
059fc
05a10
05a19
05ab6
05ff4
06158
06329
0634c
06392
063be
06471
064d3
065b1
065bd
0683e
068bd
068c1
06945
06a0c
06a10
03ca9
03cb1
03cc9
03cf4
03cfd
03e15
03f05
03f18
03f21
03f29
04d1e
04d2d
04d35
04f7a
05174
05224
052a7
05305
05338
05363
053b7
053df
0541a
05427
05434
05465
0550a
0551f
055f8
05616
05622
05630
05648
05661
0566e
057ce
057ff
05818
0583f
058cb
058d7
058ed
05a14
05a3d
05a53
05a5f
05afe
05bc4
0618c
06438
06456
06472
064e7
065cf
06685
06892
06947
0694b
06a14
06a18
06a1c
03d14
03d1b
03d56
03d60
03d67
03e81
03f4d
03f62
03f69
041a9
04d46
04d50
04e11
04f9b
051c3
0523a
052d2
0530a
05313
05416
05423
0545f
0548e
0549b
054c2
05554
0557a
055b6
0563d
0565b
05667
05675
05691
056a6
056b3
0580d
0583e
05859
0587e
058eb
05914
05931
05a32
05a7a
05a90
05aa2
05b3b
05ca9
06396
0644a
06497
064a4
06520
0669e
066a2
06946
0695c
069c0
06a20
06a24
03c79
03d84
03d8c
03d97
03dc2
03dcb
03f8f
03fa2
03fab
03fb3
04c8e
04c9d
04ca4
04f0a
05120
0524a
052bf
05310
05319
05369
0537d
05431
05492
054ad
054f1
054ff
05506
05533
05680
0569a
056a8
056b8
056ce
056e9
056f6
05793
0586c
0588c
058a2
058fc
05928
05950
05967
05a94
05abe
05acf
05adb
05c3e
061f7
063a8
063ca
064c0
0652c
065fb
06615
0683e
0696d
06971
06a28
06a2c
06a30
03ceb
03df0
03df6
03e24
03e2e
03e35
03fd7
03fec
03ff4
040b3
04cba
04cc4
04d75
04f2d
051eb
05260
052e6
0531e
05327
053d5
053ea
054e4
054ff
0552a
05557
05562
0558a
05640
056c7
056e5
056f0
056ff
05715
0572a
05738
0575c
0576d
057d5
058b7
05945
0598b
0599c
05a3c
05ad1
05aff
05b0c
05b18
05c7b
063ba
063d3
0646f
064e0
0650b
0662f
06633
0696c
06982
06990
06a34
06a38
03d47
03e4d
03e56
03e5f
03e8c
03e92
04013
04027
0402f
04037
04cd6
04ce5
04cec
04f42
0514a
05270
0528f
05324
0532d
05346
05353
0535b
0536c
0539d
0543f
05452
05561
0558e
055b3
055c1
055df
055e5
0571e
0572c
0573c
0574a
05781
057a0
057c1
05976
059a2
059cf
059e1
05aef
05b32
05b49
05b53
05be9
06265
063f0
06412
064ab
06510
06593
0664d
06868
06922
06926
06a3c
06a40
06a44
03c46
03c4d
03c88
03c92
03c99
03db9
03ec3
03ed8
03edf
04131
04d02
04d0c
04dc3
04f65
0519b
05214
052fa
05332
0533b
05343
05357
053a4
053bd
053c6
053f6
0548b
054b3
055ab
055cb
055d9
055e9
055fc
0561d
05627
056d5
057ac
057da
057eb
0585e
059bf
059ff
05a10
05ab6
05b4d
05b73
05b84
05b8c
05cf1
06402
0641b
0646c
0652d
0653f
06667
0666b
06920
06936
069a8
06a48
06a4c
0538d
05397
053a5
0558f
0559e
055df
055ed
05692
05722
05726
0573c
057f6
05803
0582f
060e3
060e7
0617d
061a3
061aa
062d8
062e4
0643a
0649d
064a7
064b0
065a3
06651
068aa
068b1
06923
069b6
06a01
06a3c
06a40
06a53
06a57
06a5b
06a5f
06a63
06a67
06a6b
06a6f
06a73
06a77
06a7b
06a7f
06a83
06a87
06a8b
06a8f
06a93
06a97
06a9b
06a9f
06aa3
06aa7
06aab
06aaf
06ab3
06ab7
06abb
05392
053a1
053f4
053fe
0540c
055d1
055e7
055ef
05627
056d5
056d9
05837
0586c
05881
0611a
061b4
061d6
061df
061e5
06308
06453
06460
064cc
064d5
065ba
06667
066b9
068c0
06934
0693b
069c4
06a0d
06a48
06a51
06a55
06ac0
06ac4
06ac8
06acc
06ad0
06ad4
06ad8
06adc
06ae0
06ae4
06ae8
06aec
06af0
06af4
06af8
06afc
06b00
06b04
06b08
06b0c
06b10
06b14
06b18
06b1c
06b20
053f7
05403
0540e
0545d
05467
05614
05618
0562e
05669
05677
05716
05874
05883
058a7
05ff7
05ffb
061ef
06216
0621c
0632c
06338
063aa
064eb
064f5
064fe
065df
06689
068d2
068d9
06949
069ce
069d9
06a14
06a18
06ac0
06b25
06b29
06b2d
06b31
06b35
06b39
06b3d
06b41
06b45
06b49
06b4d
06b51
06b55
06b59
06b5d
06b61
06b65
06b69
06b6d
06b71
06b75
06b79
06b7d
06b81
06b85
06b89
05460
0546f
054c2
054cc
054da
055b8
05659
0565d
05673
056ae
056bc
05772
058ad
058bc
06034
06226
06248
06251
06257
0635c
063c8
063d4
0651a
06523
065f5
0669e
066e3
068e8
0695a
06961
06994
069e5
06a20
06b25
06b29
06b8e
06b92
06b96
06b9a
06b9e
06ba2
06ba6
06baa
06bae
06bb2
06bb6
06bba
06bbe
06bc2
06bc6
06bca
06bce
06bd2
06bd6
06bda
06bde
06be2
06be6
06bea
06bee
054c5
054d1
054dc
0552f
05535
055fb
055ff
056a0
056b6
056be
056f6
05778
05787
057b9
0606d
06071
06144
06284
0628a
0637b
06388
063f2
06538
06542
0654b
06567
06619
068fa
06901
0696f
0699e
069ed
06a28
06a2c
06b8e
06bf3
06bf7
06bfb
06bff
06c03
06c07
06c0b
06c0f
06c13
06c17
06c1b
06c1f
06c23
06c27
06c2b
06c2f
06c33
06c37
06c3b
06c3f
06c43
06c47
06c4b
06c4f
06c53
06c57
0552b
0553d
0558a
05595
055a4
05642
056e3
056e7
056fd
05732
05742
057b1
057ee
05805
060aa
0613e
06164
0616d
06173
062b4
06410
0641c
0647e
06487
0657e
0662f
0670d
06910
06980
06987
069ac
069f9
06a34
06a57
06a5b
06bf5
06c5a
06c5e
06c62
06c66
06c6a
06c6e
06c72
06c76
06c7a
06c7e
06c82
06c86
06c8a
06c8e
06c92
06c96
06c9a
06c9e
06ca2
06ca6
06caa
06cae
06cb2
06cb6
0543c
05440
0553e
055d5
055dc
055f1
0572e
0573e
05770
05785
0581e
058ad
058bc
05970
0599f
059b4
0623b
062c2
062d5
062df
062e6
063cd
06512
0651c
06525
0657e
06587
0664b
066e3
06921
06928
06994
06a3c
06a40
06a5f
06a63
06a67
06a6b
06b91
06b95
06b99
06b9d
06cbb
06cbf
06cc3
06cc7
06ccb
06ccf
06cd3
06cd7
06cdb
06cdf
06ce3
06ce7
06ceb
06cef
06cf3
06cf7
06cfb
06cff
06d03
054a5
0559a
055a6
055db
055eb
0561d
05621
05636
0577a
057b7
057c4
0585d
059ab
059b6
059e2
0626e
06272
062ee
06306
0630c
063ec
063f8
06540
06549
06596
0659f
065a7
0666d
06737
06936
0699e
06a01
06a48
06a70
06ac6
06aca
06ace
06ad2
06bf8
06bfc
06c00
06c04
06cbd
06d06
06d0a
06d0e
06d12
06d16
06d1a
06d1e
06d22
06d26
06d2a
06d2e
06d32
06d36
06d3a
06d3e
06d42
06d46
0539e
053a9
0550c
0561a
05623
05638
05661
0566e
057af
057c6
057f0
05894
05898
059ea
05a13
05a28
06157
06316
06329
06334
0633a
06416
06476
06480
06489
065ba
065c3
06683
0670d
06947
0694e
069ac
06a14
06a18
06b2b
06b2f
06b33
06b37
06b3b
06c5d
06c61
06c65
06d06
06d0a
06d4d
06d51
06d55
06d59
06d5d
06d61
06d65
06d69
06d6d
06d71
06d75
06d79
06d7d
06d81
06d85
06d89
06d8d
05409
0556b
0556f
05665
05675
056a4
056ab
056c0
05756
057f6
05803
0582f
058e8
058fd
05a21
0618e
06192
06342
0635a
06360
06433
06440
064a5
064ae
065d2
065db
065e3
066a4
06761
0695c
069b6
069d9
06a20
06a72
06a76
06a7a
06b3d
06ba0
06ba4
06ba8
06bac
06bb0
06d4d
06d90
06d94
06d98
06d9c
06da0
06da4
06da8
06dac
06db0
06db4
06db8
06dbc
06dc0
06dc4
06dc8
06dcc
06dd0
0536e
05372
05470
056a8
056ad
056c2
056eb
056f8
05793
05797
05837
0586c
05881
058f6
05926
0593a
061c9
06298
06372
06384
0638a
0645a
064c4
064ce
064d7
065f5
065fe
06613
066b9
0696d
06974
069c4
06a28
06a2c
06adb
06adf
06ae3
06c05
06c09
06c0d
06c11
06c15
06d90
06d94
06dd7
06ddb
06ddf
06de3
06de7
06deb
06def
06df3
06df7
06dfb
06dff
06e03
06e07
06e0b
06e0f
06e13
06e17
053d7
054d3
054de
056ef
056ff
05728
0572f
05746
057d4
05874
05883
058a7
0592b
0593c
05968
06200
06204
06296
062b2
062b8
063a4
063b0
064f3
064fc
0655a
06563
0656b
06635
0678b
06982
069ce
069ed
06a34
06b40
06b44
06b48
06c18
06c6a
06c6e
06c72
06c76
06c7a
06cc3
06dd5
06dd9
06e1c
06e20
06e24
06e28
06e2c
06e30
06e34
06e38
06e3c
06e40
06e44
06e48
06e4c
06e50
06e54
053e8
053ec
05409
05651
05655
056fd
0576d
05774
05789
058ac
058b5
058e8
058fd
05992
05a1f
05a2a
05adf
05b13
05b22
063ba
063cb
063d2
06512
0651c
06525
065d8
065e1
06629
06632
06639
06761
06992
069d9
06a37
06b92
06b96
06b9a
06bb3
06bb7
06cc6
06cca
06d97
06d9b
06d9f
06e5b
06e5f
06e63
06e67
06e6b
06e6f
06e73
06e77
06e7b
06e7f
06e83
06e87
06e8b
06e8f
06e93
06e97
06e9b
05451
0546c
05477
05698
0573a
05740
05777
05780
057b4
057bb
057c8
058f6
05926
0593a
059cf
05b10
05b24
05b53
063dc
063e9
063f4
063fa
06540
06549
065ef
065f8
06600
0664b
06653
066f8
067b5
069a0
06a3c
06a5d
06bf9
06bfd
06c01
06c1a
06c1e
06d0d
06dda
06dde
06de2
06e59
06e5d
06ea0
06ea4
06ea8
06eac
06eb0
06eb4
06eb8
06ebc
06ec0
06ec4
06ec8
06ecc
06ed0
06ed4
06ed8
054b6
054ba
054d7
055e7
055ef
056dd
057ac
057b3
057ca
057ed
057fd
0592b
0593c
05968
05a04
05a08
05b59
05b87
05b96
06402
06414
0641a
06476
06480
06489
06560
06569
06661
0666a
06671
0678b
069aa
069ed
06a4b
06c19
06c5e
06c62
06c66
06c7d
06d50
06d54
06e1b
06e1f
06e23
06ea0
06edd
06ee1
06ee5
06ee9
06eed
06ef1
06ef5
06ef9
06efd
06f01
06f05
06f09
06f0d
06f11
06f15
06f19
0551f
05539
05545
0562e
0571a
0571e
057f5
057fe
0582a
05831
05846
058d0
0596e
05977
059a5
05a5c
05a6b
05b90
06424
06431
0643c
06442
064a5
064ae
06578
06581
06589
06683
0668b
06722
067df
069b8
06a14
06a72
06a76
06a7a
06a7e
06a82
06c59
06cce
06cd2
06cd6
06da3
06edd
06ee1
06f1e
06f22
06f26
06f2a
06f2e
06f32
06f36
06f3a
06f3e
06f42
06f46
06f4a
06f4e
06f52
06f56
0557e
05582
0559f
055c7
055cb
05673
05832
05839
05848
0586b
0587c
0590b
0590f
059ad
059dc
059f1
05a65
05a99
05aa8
06396
06458
0645e
064c4
064ce
064d7
0659c
065a5
06698
066a1
066a8
06737
069c2
06a01
06a23
06ad9
06add
06ae1
06ae5
06ae9
06d11
06d15
06d19
06de6
06dea
06f1e
06f5b
06f5f
06f63
06f67
06f6b
06f6f
06f73
06f77
06f7b
06f7f
06f83
06f87
06f8b
06f8f
06f93
06f97
05383
0539e
053a9
0560e
056b6
056be
05873
0587b
058a2
058a9
058c0
0594a
059e8
059f3
05a19
05a96
05aaa
05ad9
06390
063a1
063ac
063b2
064f3
064fc
065b4
065bd
065c5
06613
0661b
066ce
06809
069d0
06a28
06ad7
06b42
06b46
06b4a
06b4e
06c05
06d58
06d5c
06d60
06e27
06e5f
06e63
06f5d
06f9a
06f9e
06fa2
06fa6
06faa
06fae
06fb2
06fb6
06fba
06fbe
06fc2
06fc6
06fca
06fce
053af
053f7
05403
0540e
05616
0562c
05634
057e5
05874
05883
058e7
058f1
05a14
05a22
05a2c
05a5f
05afe
05b02
05b90
05c46
05c53
05c7d
064eb
064fc
065d8
065e1
0667d
06686
0668d
066ce
066d3
067e0
069d9
06a19
06b2b
06b40
06d98
06d9c
06da6
06daa
06e66
06f21
06f25
06f29
06fd3
06fd7
06fdb
06fdf
06fe3
06fe7
06feb
06fef
06ff3
06ff7
06ffb
06fff
07003
07007
0700b
0700f
07013
05418
05460
0546f
05659
0565d
05673
05822
05826
058af
058e9
058f7
05903
05924
05935
05a59
05a6d
05aa2
05b3b
05b3f
05c8a
05cb8
05ccd
06515
065ef
065f8
06600
0669e
066a6
066dd
066e6
06777
06834
06a1e
06b25
06b9f
06ddb
06ddf
06de3
06ded
06ea3
06ea7
06f62
06f66
06f6a
06fd5
07016
0701a
0701e
07022
07026
0702a
0702e
07032
07036
0703a
0703e
07042
07046
0704a
0704e
0547d
054c5
054d1
054dc
056a0
056b6
056be
0577a
05861
05865
05929
05936
05963
05967
0597b
05a9d
05ad5
05ae7
05b74
05cbf
05ccf
05cf3
06538
06549
06560
06569
0660d
06616
0661d
066f8
066fd
0680a
069ed
06a2d
06bfa
06c19
06e1c
06e20
06e2a
06e2e
06ee4
06f99
06f9d
06fa1
07016
0701a
07055
07059
0705d
07061
07065
07069
0706d
07071
07075
07079
0707d
07081
07085
07089
0708d
054e6
0552b
0553d
056e3
056e7
056fd
057af
057c6
0589c
05960
05971
0597d
0599e
059a8
05a3c
05a40
05adf
05b13
05b22
05bc6
05cf6
05d06
06479
06578
06581
06589
0662f
06637
06707
06710
067a1
0685e
06a32
06bf3
06c5d
06ccd
06cd1
06cd5
06cd9
06e6a
06e6e
06e72
06f2d
06f31
07055
07090
07094
07098
0709c
070a0
070a4
070a8
070ac
070b0
070b4
070b8
070bc
070c0
070c4
070c8
05348
0558d
05593
055a2
05724
0573a
05740
05767
057f6
05803
059a9
059b1
059d9
059e1
059f5
05a7b
05b10
05b24
05b53
05bcc
05bdb
05c03
0649d
064ae
0659c
065a5
06645
0664e
06655
06722
06727
067b6
06a01
06a41
06a5d
06a72
06d14
06d18
06d1c
06d20
06eab
06eaf
06eb3
06f6e
07090
07094
070cf
070d3
070d7
070db
070df
070e3
070e7
070eb
070ef
070f3
070f7
070fb
070ff
07103
07107
05344
05392
053a1
055cf
055d3
055e9
057a4
057a8
05837
059dd
059eb
059f7
05a12
05a1c
05ab6
05aba
05b59
05b87
05b96
05c0f
05c3e
05c55
064c7
065b4
065bd
065c5
06667
0666f
066b3
066bc
0674d
06888
06a46
06a51
06ad7
06d57
06d5b
06d5f
06d63
06ee8
06eec
06ef0
06fa5
06fa9
06fdb
070cd
070d1
0710c
07110
07114
07118
0711c
07120
07124
07128
0712c
07130
07134
07138
0713c
0550a
0550e
055f9
0561c
05630
057af
057c6
0595b
059e8
059f3
05a55
05a61
05b7e
05b92
05b9a
05bc6
05c6c
05c70
05cfe
05db5
05dc1
05deb
06476
06487
065b7
0667d
06686
0668d
0670d
06712
0674e
067df
06917
06a19
06c5d
06d57
06f24
06f28
06f32
06f36
06fe0
07095
07099
0709d
07141
07145
07149
0714d
07151
07155
07159
0715d
07161
07165
07169
0716d
07171
07175
07179
0717d
07181
0556d
0563c
05663
05668
0567d
057f8
05996
0599a
05a21
05a57
05a67
05a71
05a92
05aa4
05bcc
05bdb
05c03
05ca9
05cad
05df8
05e23
05e3b
064a0
065d2
065e2
0669e
066a6
0671c
06725
0675c
06765
06872
06a1e
06a72
06d4b
06f61
06f65
06f69
06f73
0701b
0701f
070d4
070d8
070dc
07143
07184
07188
0718c
07190
07194
07198
0719c
071a0
071a4
071a8
071ac
071b0
071b4
071b8
071bc
0536e
05372
05683
056aa
056ba
05835
05844
058f6
059d3
059d7
05a9b
05aa6
05acd
05ad7
05ae9
05c0f
05c3e
05c55
05ce2
05e2e
05e3d
05e61
064c4
064d5
065f2
0660d
06616
0661d
066b9
066be
06778
06809
068c7
06a2d
06c06
06ddb
06f9c
06fa0
06faa
06fae
0705a
07109
0710d
07111
07184
07188
071c3
071c7
071cb
071cf
071d3
071d7
071db
071df
071e3
071e7
071eb
071ef
071f3
071f7
071fb
053d7
056c6
056ed
056f1
05707
05876
0592b
0593c
05a0c
05ad1
05ae1
05aeb
05b0c
05b18
05baa
05bae
05c4d
05c7b
05c90
05d34
05e65
05e74
064ee
0655a
0656a
0662f
06637
066c8
066d1
06786
0678f
0689c
06a32
06b40
06dd5
06e6b
06e6f
06e73
06e77
06fe4
06fe8
06fec
070a1
070a5
071c3
071fe
07202
07206
0720a
0720e
07212
07216
0721a
0721e
07222
07226
0722a
0722e
07232
07236
0543c
05440
055b4
0572e
0573e
058ad
058bc
058e1
0596e
05977
05b1a
05b20
05b49
05b4f
05b63
05be9
05c83
05c92
05cba
05d3b
05d49
05d71
06512
06523
0657b
06645
0664e
06655
066e3
066e8
067a2
067b5
068ef
06a41
06b92
06ccd
06eac
06eb0
06eb4
06eb8
07023
07027
0702b
070e0
071fe
07202
0723d
07241
07245
07249
0724d
07251
07255
07259
0725d
07261
07265
07269
0726d
07271
07275
054a5
055ac
055d9
055de
055f3
0577a
0591c
05920
059ad
05b4d
05b5b
05b65
05b84
05b8c
05c24
05c28
05cc7
05cf1
05d04
05d7d
05da9
05dc3
0653b
06596
065a6
06667
0666f
066f2
066fb
06732
0673b
06848
06a46
06ac4
06cbb
06ee9
06eed
06ef1
06ef5
0705e
07062
07066
07115
07119
07149
0723b
0723f
0727a
0727e
07282
07286
0728a
0728e
07292
07296
0729a
0729e
072a2
072a6
072aa
056db
056df
05791
057ae
057bf
0592b
0593c
05ac9
05b47
05b61
05bc3
05bce
05cec
05d00
05d08
05d34
05dda
05dde
05e6c
05f1d
05f29
05f51
06476
06487
0655d
06661
06670
0670d
06712
0678d
067c4
067cd
0685e
0698a
06e1a
06ee9
07098
0709c
070a6
070aa
0714e
07203
07207
0720b
072af
072b3
072b7
072bb
072bf
072c3
072c7
072cb
072cf
072d3
072d7
072db
072df
072e3
072e7
072eb
072ef
0571c
057ce
057f3
057fa
05809
05970
05b04
05b08
05b90
05bc9
05bd5
05bdf
05c00
05c0b
05d3b
05d49
05d71
05e17
05e1b
05f5e
05f87
05f9f
064a0
06578
06588
06680
0671c
06725
0679b
067a4
067df
067e4
068f0
06a72
06edd
070d3
070d7
070db
070e5
07189
0718d
07242
07246
0724a
072b1
072f2
072f6
072fa
072fe
07302
07306
0730a
0730e
07312
07316
0731a
0731e
07322
07326
0732a
055c7
055cb
0580f
05834
0583d
059ab
059b6
05a65
05b41
05b45
05c0d
05c14
05c3b
05c42
05c57
05d7d
05da9
05dc3
05e50
05f92
05fa1
05fc3
064c4
064d5
06599
06698
066a7
066b9
066be
06739
067ee
067f7
06888
0693e
06d12
06f61
0710c
07110
0711a
0711e
071c8
07277
0727b
0727f
072f2
072f6
07331
07335
07339
0733d
07341
07345
07349
0734d
07351
07355
07359
0735d
07361
07365
07369
0560e
0584c
05871
05878
05887
059ea
05a96
05aaa
05b7a
05c43
05c4f
05c59
05c7a
05c85
05d18
05d1c
05dbb
05de6
05dfe
05ea0
05fc7
05fd6
064ee
065b4
065c4
06610
066c8
066d1
06747
06750
06809
0680e
06918
06b40
06f5b
06fe5
06fe9
06fed
06ff1
07152
07156
0715a
0720f
07213
07331
0736c
07370
07374
07378
0737c
07380
07384
07388
0738c
07390
07394
07398
0739c
073a0
073a4
05651
05655
05752
058ac
058b5
05a1f
05a2a
05a4f
05ad3
05ae5
05c88
05c8e
05cb5
05cbc
05cd1
05d57
05df2
05e00
05e28
05ea7
05eb5
05edb
06512
06523
065d5
06629
06638
066e3
066e8
06763
06818
06821
06834
06964
06d96
06e6b
07024
07028
0702c
07030
07191
07195
07199
0724e
0736c
07370
073ab
073af
073b3
073b7
073bb
073bf
073c3
073c7
073cb
073cf
073d3
073d7
073db
073df
073e3
05698
0574a
05775
0577c
0578b
058f6
05a8a
05a8e
05b1c
05cbd
05cc9
05cd3
05cf0
05cf9
05d92
05d96
05e35
05e5a
05e72
05ee7
05f11
05f2b
0653b
065ef
065ff
06648
066f2
066fb
06771
0677a
067b5
067ba
068c8
06bfa
06e59
0705f
07063
07067
0706b
071cc
071d0
071d4
07283
07287
072b7
073a9
073ad
073e8
073ec
073f0
073f4
073f8
073fc
07400
07404
07408
0740c
07410
07414
07418
05861
05865
05909
05929
05936
05a96
05aaa
05c37
05cbf
05ccf
05d33
05d3d
05e5c
05e6e
05e76
05ea0
05f40
05f44
05fce
0607f
0608b
060b3
0655a
0656a
06610
066f2
066fb
0678b
06790
0680b
06842
0684b
068dc
069d2
06f9b
0705f
07206
0720a
07214
07218
072bc
07371
07375
07379
0741d
07421
07425
07429
0742d
07431
07435
07439
0743d
07441
07445
07449
0744d
07451
07455
07459
0745d
0589c
05944
05960
05971
0597d
05adf
05c72
05c76
05cfe
05d38
05d43
05d4d
05d70
05d7a
05ea7
05eb5
05edb
05f7b
05f7f
060c0
060e9
06101
0657b
06629
06638
0670a
0679a
067a3
06819
06822
0685d
06862
06964
06ccd
07053
07241
07245
07249
07253
072f7
072fb
073b0
073b4
073b8
0741f
07460
07464
07468
0746c
07470
07474
07478
0747c
07480
07484
07488
0748c
07490
07494
07498
05765
05769
05983
059a9
059b1
05b10
05b24
05bd3
05caf
05cb3
05d7b
05d82
05dab
05db1
05dc5
05ee7
05f11
05f2b
05fb2
060f4
06103
06125
06596
065a6
06648
0671c
06725
06737
0673c
067b7
0686c
06875
06904
069a2
06eaa
070d3
0727a
0727e
07288
0728c
07336
073e5
073e9
073ed
07460
07464
0749f
074a3
074a7
074ab
074af
074b3
074b7
074bb
074bf
074c3
074c7
074cb
074cf
074d3
074d7
057a6
059be
059dd
059eb
059f7
05b59
05c09
05c18
05ce8
05db2
05dbd
05dc7
05dea
05df4
05e86
05e8a
05f23
05f4c
05f64
06002
06129
06138
065b7
06661
06670
066b6
06746
0674f
067c5
067ce
06887
0688c
0698a
06d57
070cd
07153
07157
0715b
0715f
072c0
072c4
072c8
0737d
07381
0749f
074da
074de
074e2
074e6
074ea
074ee
074f2
074f6
074fa
074fe
07502
07506
0750a
0750e
07512
057e3
057e7
058cc
05a1d
05a25
05b80
05b98
05bbd
05c46
05c53
05df6
05dfc
05e25
05e2b
05e3f
05ec3
05f58
05f66
05f8c
06009
06017
0603d
065d2
065e2
06680
066c8
066d1
06761
06766
067e1
06896
0689f
068b4
069ba
06f22
06fe6
07192
07196
0719a
0719e
072ff
07303
07307
073bc
074da
074de
07519
0751d
07521
07525
07529
0752d
07531
07535
07539
0753d
07541
07545
07549
0754d
07551
05824
058c4
058e9
058f7
05903
05a65
05bf8
05bfc
05c8a
05e2c
05e37
05e41
05e60
05e68
05efc
05f00
05f99
05fbc
05fd4
06049
06073
0608d
065f2
06698
066a7
066e0
06770
06779
067ef
067f8
06833
06838
0693e
06ddb
06fd3
071cd
071d1
071d5
071d9
0733a
0733e
07342
073f1
073f5
07425
07517
0751b
07556
0755a
0755e
07562
07566
0756a
0756e
07572
07576
0757a
0757e
07582
07586
059d3
059d7
05a77
05a9b
05aa6
05c09
05c18
05da5
05e2e
05e3d
05e9f
05ea9
05fbe
05fd0
05fd8
06002
060a2
060a6
06130
061d9
061e7
0620b
0660d
0661c
066b6
06770
06779
06809
0680e
06889
068be
068c7
06951
06a10
06f9b
07184
07372
07376
0737a
07384
07428
0742c
074e1
074e5
074e9
0758d
07591
07595
07599
0759d
075a1
075a5
075a9
075ad
075b1
075b5
075b9
075bd
075c1
075c5
075c9
05a0c
05ab2
05ad1
05ae1
05aeb
05c4d
05de0
05de4
05e6c
05ea4
05eaf
05eb9
05eda
05ee4
06009
06017
0603d
060dd
060e1
0621a
0623f
06259
0662c
066c8
066d1
06788
06818
06821
06897
068a0
068d8
068de
069ba
06b53
06fe6
07204
073b1
073b5
073bf
073c3
07467
0751c
07520
07524
0758b
0758f
075ce
075d2
075d6
075da
075de
075e2
075e6
075ea
075ee
075f2
075f6
075fa
075fe
07602
058df
058e3
05af1
05b1a
05b20
05c83
05c92
05d41
05e1d
05e21
05ee5
05eec
05f13
05f19
05f2d
06049
06073
0608d
06114
0624a
0625b
0627b
06645
06654
066e0
0679a
067a3
067b5
067ba
06835
068e6
068ef
06977
069e8
06eaa
071fe
073e6
073ea
073ee
073f8
074a2
074a6
07555
07559
0755d
075ce
07607
0760b
0760f
07613
07617
0761b
0761f
07623
07627
0762b
0762f
07633
07637
0763b
0763f
0591e
05b2c
05b4d
05b5b
05b65
05cc7
05d78
05d86
05e56
05f1a
05f25
05f2f
05f50
05f5a
05fe8
05fec
06085
060ae
060c6
06160
0627f
06290
06664
066f2
066fb
06734
067c4
067cd
06843
0684c
06900
06906
069d2
06c21
0705f
07278
072c3
072c7
072cb
072cf
07430
07434
07438
074ed
07607
0760b
07644
07648
0764c
07650
07654
07658
0765c
07660
07664
07668
0766c
07670
07674
07678
05959
0595d
05a3a
05b8e
05b94
05cf6
05d06
05d2b
05db5
05dc1
05f5c
05f62
05f89
05f8f
05fa3
06025
060ba
060c8
060ee
06167
06177
06199
0667d
0668c
0670a
06746
0674f
067df
067e4
0685f
0690e
06917
0692b
069fc
06f22
07147
072fe
07302
07306
0730a
0746b
0746f
07473
07528
0752c
07644
0767d
07681
07685
07689
0768d
07691
07695
07699
0769d
076a1
076a5
076a9
076ad
076b1
076b5
05998
05a32
05a57
05a67
05a71
05bd3
05d66
05d6a
05df8
05f90
05f9b
05fa5
05fc2
05fca
0605e
06062
060fb
0611e
06136
061a7
061cd
061e9
0669b
0671c
06725
0675e
067ee
067f7
0686d
06876
068b0
068b6
069a2
06a85
070d3
07191
0733d
07341
07345
07349
074aa
074ae
074b2
07561
07591
07595
0767f
076b8
076bc
076c0
076c4
076c8
076cc
076d0
076d4
076d8
076dc
076e0
076e4
076e8
05b41
05b45
05be5
05c0d
05c14
05d78
05d86
05f0d
05f92
05fa1
06001
0600b
06120
06132
0613a
06160
061fa
061fe
06288
06302
0630e
06325
066b3
066bc
06734
067ee
067f7
06887
0688c
06901
06934
0693d
069ae
06a4c
06c21
07278
0733b
074e2
074e6
074f0
074f4
07598
07647
0764b
0764f
076ef
076f3
076f7
076fb
076ff
07703
07707
0770b
0770f
07713
07717
0771b
0771f
07723
07727
0772b
05b7a
05c20
05c43
05c4f
05c59
05dbb
05f46
05f4a
05fce
06006
06011
0601b
0603c
06046
06167
06177
06199
06233
06237
06332
0634a
06366
066cb
06746
0674f
06806
06896
0689f
06911
06919
0694d
06953
069fc
06b2d
06fe6
0732f
0751d
07521
07525
0752f
075d1
075d5
07684
07688
076ed
076f1
07730
07734
07738
0773c
07740
07744
07748
0774c
07750
07754
07758
0775c
07760
07764
05a4d
05a51
05c5f
05c88
05c8e
05df2
05e00
05ead
05f81
05f85
06047
0604e
06075
0607b
0608f
061a7
061cd
061e9
0626a
06355
06362
06377
066dd
066e6
0675e
06818
06821
06833
06838
068b1
0695a
06963
069c6
06a24
06ba1
07191
073af
07556
0755a
07564
07568
0760e
076b7
076bb
076bf
07730
07769
0776d
07771
07775
07779
0777d
07781
07785
07789
0778d
07791
07795
07799
0779d
077a1
05a8c
05c9a
05cbd
05cc9
05cd3
05e35
05ee2
05ef0
05fb8
0607c
06087
06091
060b2
060bc
06146
0614a
061e1
06206
06220
062a7
0637b
06388
066f5
06770
06779
067b2
06842
0684b
068c1
068c9
06973
06979
06a10
06aec
0705f
073a9
0742f
07433
07437
0743b
0759c
075a0
075a4
07653
07769
0776d
077a6
077aa
077ae
077b2
077b6
077ba
077be
077c2
077c6
077ca
077ce
077d2
077d6
077da
05ac7
05acb
05ba8
05cfc
05d02
05e65
05e74
05e97
05f1d
05f29
060be
060c4
060eb
060f1
06105
06181
06212
06222
06244
062ae
062ba
062d1
06707
06710
06788
067c4
067cd
0685d
06862
068d9
06980
06989
06996
06a38
06c6b
07204
072c2
0746e
07472
07476
0747a
075d9
075dd
0768c
07690
077a6
077df
077e3
077e7
077eb
077ef
077f3
077f7
077fb
077ff
07803
07807
0780b
0780f
07813
07817
05b06
05ba0
05bc9
05bd5
05bdf
05d41
05ed0
05ed4
05f5e
060f2
060fd
06107
06124
0612c
061b8
061bc
06253
06274
0628e
062dd
062f6
06312
0671f
0679a
067a3
067dc
0686c
06875
068e9
068f1
06927
0692d
069e8
06a5f
070d3
072af
074a9
074ad
074b1
074b5
07612
07616
0761a
076c3
076f3
076f7
077e1
0781a
0781e
07822
07826
0782a
0782e
07832
07836
0783a
0783e
07842
07846
0784a
05caf
05cb3
05d53
05d7b
05d82
05ee2
05ef0
0606f
060f4
06103
0615f
06169
06276
06286
0628c
062a7
0631a
0631e
06382
063ec
063f8
06409
06540
06731
0673a
067b2
0686c
06875
06900
06906
06974
0699e
069a4
06a2e
06c08
06c23
07278
07460
07648
0764c
07656
0765a
076fa
077a9
077ad
077b1
07851
07855
07859
0785d
07861
07865
07869
0786d
07871
07875
07879
0787d
07881
07885
07889
05ce8
05d8e
05db2
05dbd
05dc7
05f23
060a8
060ac
06130
06164
0616d
06173
06198
061a2
062ae
062ba
062d1
06344
06348
06416
06428
06444
06488
06749
067c4
067cd
06884
0690e
06917
06983
0698b
069ad
069fc
06a87
06c6b
06c84
072c2
074e0
07685
07689
07693
07733
07737
077e6
077ea
0784f
0788c
07890
07894
07898
0789c
078a0
078a4
078a8
078ac
078b0
078b4
078b8
078bc
078c0
05bbb
05bbf
05dcd
05df6
05dfc
05f58
05f66
0600f
060e3
060e7
061a3
061aa
061cf
061d5
061eb
062dd
062f6
06312
0636c
06433
06440
0644f
064a5
0675b
06764
067dc
06896
0689f
068b0
068b6
06928
069b6
069bc
06a42
06a74
06a87
07191
074da
076b8
076bc
076c6
076ca
07770
07819
0781d
07821
0788e
078c7
078cb
078cf
078d3
078d7
078db
078df
078e3
078e7
078eb
078ef
078f3
078f7
078fb
05bfa
05e08
05e2c
05e37
05e41
05f99
06044
06052
0611a
061d6
061df
061e5
0620a
06214
0629c
062a0
06308
06320
0633c
0639d
06453
06460
064d6
06773
067ee
067f7
06830
068be
068c7
06937
0693f
069c5
06a10
06ac6
06aec
06b55
0733b
07555
0759f
075a3
075a7
076fe
07702
07706
077b5
078c5
078fe
07902
07906
0790a
0790e
07912
07916
0791a
0791e
07922
07926
0792a
0792e
07932
05c35
05c39
05d16
05e6a
05e70
05fc7
05fd6
05ff9
0607f
0608b
06216
0621c
06241
06247
0625d
062c8
0632c
06338
0634f
063a4
063b0
063c1
064f3
06785
0678e
06806
06842
0684b
068d8
068de
0694e
069ce
069d4
06a1a
06b42
06b55
07204
07423
075d8
075dc
075e0
075e4
0773b
0773f
077ee
077f2
07900
07939
0793d
07941
07945
07949
0794d
07951
07955
07959
0795d
07961
07965
07969
0796d
05c74
05d0e
05d38
05d43
05d4d
05ead
06032
06036
060c0
06248
06251
06257
0627a
06282
062f0
062f4
0635c
06370
0638c
063cd
063e0
063fc
06524
0679d
06818
06821
0685a
068e6
068ef
0695d
06965
06995
069e8
06b94
06bba
06c23
073af
0746c
07615
07619
0761d
07774
07778
0777c
07825
07853
07937
07970
07974
07978
0797c
07980
07984
07988
0798c
07990
07994
07998
0799c
079a0
0546c
05477
054be
054c9
054e0
05e1f
05ebd
05edf
05ee9
05ef4
06049
061c7
061cb
06253
062a4
062aa
062c0
06380
06386
06398
063b4
0645a
064cc
065f5
067af
067b8
06830
068e6
068ed
06973
06979
069c7
069e4
06a2e
06bb2
06bbe
06bc2
06bc6
06bca
06df1
073e6
075cb
077ab
077af
077b9
077bd
07859
07902
07906
079a4
079a8
079ac
079b0
079b4
079b8
079bc
079c0
079c4
079c8
079cc
079d0
054d7
05523
05527
05536
05e54
05e58
05efa
05f21
05f27
0607f
0608b
06202
0627f
06290
062b2
062b8
062ce
062d4
062ea
063aa
063bc
063d8
064fd
06567
067c7
06842
0684b
068fc
06980
06989
069cf
069ec
069f0
06b42
06c21
06c27
06c2b
06c2f
06c6a
06e30
0742e
077e4
077e8
077ec
077f6
07890
07894
0793d
07941
079a6
079d4
079d8
079dc
079e0
079e4
079e8
079ec
079f0
079f4
079f8
05539
05545
05586
05591
055a8
05d2b
05f33
05f55
05f60
05f6a
060c0
06167
06177
0623b
062d5
062df
062e6
062fa
06304
063c8
063d4
063e5
0651a
0657e
067d9
067e2
0685a
0690e
06915
06927
0692d
06997
069f8
06a42
06b94
06c82
06c88
06c8c
06c90
06cdd
072fe
07641
0781b
0781f
07829
0782d
078cb
07970
07974
079d2
079fc
07a00
07a04
07a08
07a0c
07a10
07a14
07a18
07a1c
07a20
07a24
05389
05394
053ab
0559f
05d66
05d6a
05f70
05f97
05f9d
060f4
06103
061a7
0626e
06272
06306
0630c
06322
06328
0633e
063f2
06404
06420
0654a
065a3
067f1
0686c
06875
068ac
06934
0693d
0699f
06a00
06a04
06a70
06a89
06a8d
06a91
06a95
06bfb
06d67
074a8
076fe
07702
07706
0770a
0785d
07861
0790a
0790e
079fe
07a28
07a2c
07a30
07a34
07a38
07a3c
07a40
07a44
07a48
07a4c
0539e
053a9
053f0
053fb
05412
05da5
05e82
05fbe
05fd0
05fd8
06130
06155
06159
061e1
06329
06334
0633a
0634e
06358
06410
0641c
0642d
0647e
065ba
06803
0680c
06884
068be
068c5
0694d
06953
069af
06a0c
06a1a
06aec
06af2
06af6
06afa
06b2c
06d67
07372
07590
0773b
0773f
07743
07747
07898
0789c
07945
07a26
07a50
07a54
07a58
07a5c
07a60
07a64
07a68
07a6c
07a70
07a74
07a78
05409
05455
05459
05468
05de0
05de4
05e7e
05eab
05eb1
06009
06017
06190
06212
06222
0635a
06360
06374
0637a
0638e
0643a
06448
06464
064af
065df
0681b
06896
0689f
068d4
0695a
06963
069b7
069d8
069dc
06a74
06b53
06b59
06b5d
06b61
06ba0
06df1
0751c
07774
07778
0777c
07780
078cf
078d3
07978
0797c
079aa
07a52
07a7c
07a80
07a84
07a88
07a8c
07a90
07a94
07a98
07a9c
05394
053ab
0549d
0557e
05582
0559f
05671
05679
056b1
05f81
05f85
06021
06047
0604e
061a0
061b0
0635c
0639a
063a0
063b6
06458
0645e
064cc
0659c
0669e
0682d
06836
068ac
0695a
06961
069c5
06a01
06a1e
06a22
06a85
06a8b
06a8f
06a99
06ada
06ba0
06ba4
06ba8
06daf
06db3
06fb1
0772e
07904
07908
07912
079ac
079b0
07aa2
07aa6
07aaa
07aae
07ab2
07ab6
07aba
07abe
07ac2
07ac6
05383
0539e
053a9
05401
05502
05506
056b8
056f3
05701
05fb8
0605a
0607c
06087
06091
061e1
0637b
06388
063a8
063ae
063be
063c4
063da
064fd
065c1
06619
06845
068be
068c5
0696f
069ce
069d4
06a0d
06a2a
06ad7
06af0
06af4
06afe
06b02
06c05
06c09
06c0d
06c11
06df6
06e7c
0742f
0793b
0793f
07949
0794d
079d8
07aa0
07ac8
07acc
07ad0
07ad4
07ad8
07adc
07ae0
07ae4
07ae8
053e8
053ec
05409
05462
05479
05567
056fb
05703
05736
05e95
05e99
06097
060be
060c4
06212
06222
062b4
063c5
063cf
063d6
063e4
063ee
0651a
065d8
0662f
06857
06860
068d4
06980
06987
06995
069d9
06a32
06a36
06b53
06b59
06b5d
06b67
06b93
06c6a
06c6e
06c72
06e33
06e37
06ebb
077a4
07972
07976
07980
07a00
07a04
07aca
07aee
07af2
07af6
07afa
07afe
07b02
07b06
07b0a
07b0e
0535b
0544f
05453
05470
054c9
054e0
055e2
0573a
05740
05ed2
060d0
060f2
060fd
06107
06253
062d8
062e4
063f0
063f6
06406
0640c
06422
0654a
065fc
06651
0686f
068e6
068ed
06923
0699e
069a4
069e5
06a3e
06a5d
06a61
06a65
06bb1
06bbd
06bc1
06bc5
06bcf
06bfc
06ce2
06ebb
074a9
0785d
07861
07865
07869
07a2c
07aec
07b10
07b14
07b18
07b1c
07b20
07b24
07b28
07b2c
07b30
053c0
053c4
054b8
054d3
054de
05536
055e7
055ef
05627
05f0b
05f0f
05fe6
0612e
06134
0627f
06290
06308
0640d
06418
0641e
0642c
06436
0647e
06560
06667
06881
0688a
068fc
06934
0693b
069ad
069ed
06a46
06a4a
06ac6
06aca
06ace
06c20
06c26
06c2a
06c34
06c38
06d25
06d29
06f39
076f3
07898
0789c
078a0
07a54
07a58
07b12
07b36
07b3a
07b3e
07b42
07b46
07b4a
07b4e
07b52
07b56
05429
0551d
05521
0553e
05591
055a8
0562e
05669
05677
05f48
05fde
06006
06011
0601b
0616f
0632c
06338
06438
0643e
0644c
06452
06466
064af
06585
06689
06899
0690e
06915
06949
069b6
069bc
069f9
06a16
06a74
06b2d
06b31
06b35
06c81
06c87
06c8b
06c95
06c99
06d6c
06f39
0751d
078cf
078d3
078d7
078db
07a7c
07aa4
07b34
07b58
07b5c
07b60
07b64
07b68
07b6c
07b70
07b74
054f0
05504
0550e
05534
05542
055fd
05610
05627
05632
056f3
057b8
057c5
059e8
0648b
06543
0654e
0670e
068fb
069f6
06ac7
06bf5
06c00
06c1b
06c3a
06c5d
06c9a
06d07
06d2c
06d58
06d71
06deb
06e9e
06eb5
06ebf
06ec3
06eeb
06efe
06f02
07055
07072
070ac
07115
0714d
07163
07257
072b6
072c3
072d3
072d7
073fc
074ea
07b7a
07b7e
07b82
07b86
07b8a
07b8e
07b92
07b96
07b9a
07b9e
05556
0556d
05590
0559d
055a6
05644
05665
05673
0567c
057ef
057ff
05808
0647e
06488
064ad
065de
06729
06948
06a1e
06a59
06a76
06a9f
06c63
06c6d
06c85
06ca0
06d73
06d98
06db4
06e1b
06e32
06edd
06ef4
06f06
06f0a
06f2d
06f3d
06f41
07092
070b2
070e9
07143
0718a
071a0
07290
072d9
07300
07310
07314
0747c
07b78
07ba3
07ba7
07bab
07baf
07bb3
07bb7
07bbb
07bbf
07bc3
0535b
0536b
05372
05398
053a6
055df
05694
056aa
056b8
056c1
05836
05842
058f4
064a8
064b3
064d9
066ba
068ab
06a0a
06a51
06a61
06a7a
06a88
06aa3
06add
06b06
06ccf
06ce0
06db8
06ddf
06df9
06ea3
06f1e
06f43
06f47
06f63
06f7a
06f7e
0701c
070ed
0710d
07122
07186
071c7
071dd
072f3
07334
0734b
0734f
073f0
0755e
07bc8
07bcc
07bd0
07bd4
07bd8
07bdc
07be0
07be4
07be8
07bec
053ce
053d7
053fa
05407
05410
056d7
056df
056f6
05702
0586d
0587d
05886
064cc
064d6
064fb
06566
066d5
0696e
06a32
06ac0
06adf
06ae6
06b08
06b3f
06b6b
06c69
06d1d
06dd6
06dff
06e25
06e3a
06f5b
06f72
06f84
06f88
06fa7
06fb5
06fb9
06fe8
06ff7
07124
071a7
071e2
0720f
0721c
07330
07374
07388
0738c
07428
07bc7
07bf1
07bf5
07bf9
07bfd
07c01
07c05
07c09
07c0d
07c11
05429
05439
05440
05466
05474
05669
05718
0572e
0573c
05745
058ae
058ba
0596e
064f6
06501
06527
066e4
068d3
069e2
06a5c
06b2f
06b47
06b4e
06b70
06b96
06bd3
06cc2
06cc8
06ce6
06d5b
06d6a
06e5f
06e67
06e7e
06e82
06f2f
06fbb
06fbf
06fd5
06ffb
07032
070a1
07200
07243
07259
072f9
07390
073bb
073c7
073cb
07533
07c16
07c1a
07c1e
07c22
07c26
07c2a
07c2e
07c32
07c36
07c3a
0548b
054a5
054c8
054d5
054de
055ba
055db
055e9
055f2
05771
05781
0578a
0651a
06524
06548
065a2
066ff
06922
06a46
06b8c
06b98
06ba4
06bbd
06bd8
06c02
06c3f
06ce9
06d0c
06d2d
06d99
06dae
06e5b
06e86
06e8a
06ea6
06ec5
06ec9
06f6e
07036
07061
07075
07221
0725e
07283
07294
073aa
073e8
073fe
07402
074a2
07b79
07c3e
07c42
07c46
07c4a
07c4e
07c52
07c56
07c5a
07c5e
056cd
056d6
056df
056f6
05702
05794
057a5
057b9
057c5
0586c
0592e
0593a
05b47
0648f
06569
065f5
065fc
0678b
0696e
06adf
06bfe
06dd5
06de0
06ded
06e00
06e1f
06e3f
06ebc
06ee4
06efb
06f64
07015
0702d
0703b
0703f
07063
07077
0707b
071c3
071e6
0721a
07285
072bc
072d1
073cf
07424
07430
07442
07446
0756c
07650
07b7c
07bf0
07c63
07c67
07c6b
07c6f
07c73
07c77
07c7b
07c7f
05710
0571b
0572f
0573c
05745
057d6
057f2
057fb
05808
05961
05971
0597c
06480
064b6
06562
0656c
0658b
067a4
06a3c
06b46
06c63
06cc3
06cd3
06e1b
06e2a
06e3d
06ede
06f0c
06f2e
06f3c
06fac
07053
0706a
0707e
07082
070a3
070b4
070b8
07200
07224
07259
072b1
072f9
0730e
07406
07448
0746d
0747f
07483
075e6
07b7f
07ba4
07c18
07c83
07c87
07c8b
07c8f
07c93
07c97
07c9b
055b7
055c3
055cb
055e2
055ed
05770
05820
05831
0583a
05847
059a7
059b4
05a59
064c2
0657e
06585
065a5
06737
06922
06a62
06b98
06cbb
06cd2
06cd9
06ced
06d17
06d31
06e78
06f42
06f63
06f79
0701b
07093
070b9
070bd
070d7
070ec
070f3
0718c
0725e
0727b
07296
072f4
07336
0734b
07461
074a4
074b9
074be
0755e
076c0
07bc9
07c3d
07c9f
07ca3
07ca7
07cab
07caf
07cb3
07cb7
07cbb
05604
0560d
05621
0562e
05637
0585c
05862
05876
05881
059de
059eb
059f6
064ce
06504
0659e
065a8
065c7
06750
06a14
06b2a
06c1a
06d08
06d1a
06d2a
06d56
06d6f
06eae
06f5c
06f8a
06fa6
06fb4
070cd
070e4
070f8
070fc
07117
07128
0712c
07156
0716b
0728f
0731a
07354
0737e
0738a
0749e
074e1
074f6
074fb
07596
07b80
07bf2
07bf6
07cbf
07cc3
07cc7
07ccb
07ccf
07cd3
07cd7
05641
0564d
05655
0566c
05677
057ee
05898
058a9
058b2
058bf
05a1b
05a28
05ad3
064f8
065ba
065c1
065e1
06761
06948
06b2e
06c64
06d4a
06d5c
06d63
06d77
06d9b
06dbb
06e64
06e6d
06e8d
06ef6
06fd8
06fe1
06ff8
06fff
070a1
0712d
07131
07143
0716d
071a0
07211
0736e
073b1
073c5
07465
074ff
07529
07536
0753a
07697
07ba9
07c1b
07cdb
07cdf
07ce3
07ce7
07ceb
07cef
07cf3
07cf7
0568c
05697
056ab
056b8
056c1
05758
05774
0577d
0578a
058ea
058f7
05902
064a4
06549
065da
065e4
06602
0677a
06a28
06a7e
06bf9
06d92
06d9e
06db8
06dda
06df9
06e5a
06e8e
06eab
06ec6
06f34
06fd6
07002
07006
0701e
07036
07043
070de
071a5
071d0
071e7
07394
073ce
073f2
07400
07518
07556
0756a
07571
0760c
07bce
07c40
07c44
07cfa
07cfe
07d02
07d06
07d0a
07d0e
07d12
05853
0585b
05865
05876
05881
0590c
0591d
05933
0593a
059dc
05a9d
05aa8
05cbf
064d1
0656a
0661b
0669e
066a4
06809
06ae0
06d1c
06f5b
06f66
06f73
06f83
06fa0
06fc4
07035
0705a
07073
070d8
07184
0719b
071ac
071b0
071cf
071e8
071ec
07331
07358
07388
073f1
0742a
07441
0753e
07592
0759c
075ae
075b2
076ce
077b2
07bf2
07c3c
07c67
07d19
07d1d
07d21
07d25
07d29
07d2d
07d31
05891
0589b
058a7
058b4
058bf
0594c
0596b
05973
0597c
05ad4
05adf
05aea
064e6
0652b
06588
06615
0661e
0663b
06822
06ccc
06d62
06e61
06e71
06f9e
06faa
06fbb
07054
07084
070a2
070b4
0711c
071c1
071d8
071ee
071f2
07212
07225
07229
0736e
07396
073c5
0741f
07467
0747e
07575
075b4
075d7
075e9
075ed
07748
07b7f
07c1a
07c83
07d33
07d37
07d3b
07d3f
07d43
07d47
07d4b
05756
05761
05769
0577a
05785
058e8
05994
059a8
059b0
059b9
05b16
05b22
05bcc
0651f
06583
0662f
06635
06653
067b5
06b99
06d99
06e59
06e70
06e77
06e87
06eaf
06ece
06ff2
070b0
070d7
070e9
07189
07201
07220
0722d
07243
0725b
07264
072fa
073cd
073ea
07409
07462
074a4
074bb
075cd
0760e
07621
07626
076c0
07822
07c20
07c45
07ca3
07d51
07d55
07d59
07d5d
07d61
07d65
07d69
0579c
057a5
057b3
057be
057c9
059ce
059d4
059ea
059f1
05b48
05b59
05b64
06487
06545
065c4
0664d
06656
06673
067ce
06d19
06deb
06ea0
06eb2
06ebc
06ee8
06efb
07029
070ce
070fe
07116
07128
0723a
07252
07268
0726c
07286
07299
0729d
072c5
072de
073fd
07489
074c3
074ec
074fa
07608
07647
0765c
07661
076f8
07b7a
07bcd
07cbf
07d6b
07d6f
07d73
07d77
07d7b
07d7f
07d83
057d2
057df
057e7
057f8
05803
0595f
05a08
05a1c
05a24
05a2c
05b8a
05b96
05c46
06483
065bf
06667
0666d
0668b
067df
06a71
06e1b
06edd
06eee
06ef5
06f05
06f27
06f4c
06fde
06fea
07009
0706c
07147
07150
07165
07170
07211
07290
072a1
072b1
072df
0730e
0737d
074dc
0751f
07535
075d1
07665
0768d
0769a
0769e
077f9
07ba1
07bf7
07cdf
07d89
07d8d
07d91
07d95
07d99
07d9d
07da1
05818
05823
0582f
0583c
05847
058d2
058f1
058f9
05902
05a5a
05a65
05a70
06495
064dd
065ff
06685
0668e
066aa
067f8
06cce
06d9d
06f1e
06f2a
06f42
06f60
06f79
06fd4
0700a
07024
07041
070a8
07144
07169
07176
0718d
071a2
071b3
0724e
07316
0733e
07359
07503
0753d
07560
07570
0767e
076b7
076cc
076d3
0776e
07ba7
07bca
07cfa
07d87
07da6
07daa
07dae
07db2
07db6
07dba
059c6
059cf
059d7
059e5
059f1
05a7b
05a8b
05aa0
05aa8
05b50
05c0a
05c16
05e2e
0649f
065a1
0661c
066bb
06722
06887
06d19
06eb6
070cd
070d8
070e5
070f7
0710d
07127
071a4
071c7
071dd
07246
072f2
07309
0731e
07322
0733d
0734f
0735a
0749f
074c3
074f8
0755f
07598
075ad
076a2
076f4
076fe
07710
07714
07830
0790a
07bcb
07bd3
07bd7
07cbf
07d1a
07dc1
07dc5
07dc9
07dcd
07dd1
05a01
05a0b
05a18
05a23
05a2c
05aba
05ada
05ae2
05aea
05c3f
05c4d
05c58
064c4
065b1
065e8
06638
066bd
066d4
068a0
06e6b
06ef6
06fdc
06fe9
0710d
0711a
0712d
071c2
071f3
0720f
0721d
0728a
0732f
07346
0735c
07360
0737f
0738c
07397
074dc
07500
07535
0758d
075d3
075e8
076d7
07716
07739
0774b
0774f
078a4
07bd3
07bf7
07bfc
07c00
07d34
07dd4
07dd8
07ddc
07de0
07de4
058d0
058dc
058e3
058f1
058fd
05a5c
05b02
05b17
05b1f
05b27
05c84
05c91
05d3b
064ed
065dd
06634
066ce
066e5
06833
06d9d
06f25
06fd3
06feb
06ff1
07003
07025
07040
07160
0721e
07243
07259
072f9
0736f
07393
0739b
073b1
073c7
073cb
07466
07534
07558
07578
075ce
0760e
07623
0772f
07770
07783
07788
07822
07978
07c1a
07c21
07c25
07cfa
07d52
07deb
07def
07df3
07df7
07dfb
05916
0591d
0592d
05935
0593f
05b3d
05b42
05b58
05b5f
05cb9
05cc7
05cd2
06512
0656a
065fa
06670
066e7
066fe
0684c
06eb1
06f73
07019
0702b
07035
0705e
07073
07197
0723c
0726d
07283
07295
073a9
073c0
073d6
073da
073f3
07402
0740b
07432
0744d
0756b
075f3
0762b
07652
07660
0776a
077a9
077be
077c3
07856
07c21
07c43
07c49
07c4d
07d6c
07dfe
07e02
07e06
07e0a
07e0e
0594a
05955
0595d
0596b
05977
05ad5
05b76
05b8b
05b93
05b9b
05cf7
05d04
05db5
0653a
06565
0666c
066f8
0670f
0685d
06ccc
06f9e
07053
07064
0706b
0707d
07099
070b3
0714c
07155
0716e
071da
072b5
072bb
072d3
072d7
0737d
07406
0740f
0741f
07449
0747e
074eb
07644
07683
07699
07733
077c7
077ef
077fc
07800
0794f
07b7f
07b86
07b8a
07c83
07d8a
07e15
07e19
07e1d
07e21
07e25
0598d
05997
059a4
059af
059b9
05a40
05a60
05a68
05a70
05bc5
05bd3
05bde
06476
06575
065ac
066a7
06711
06728
06876
06e6e
06f29
07093
0709f
070b0
070d3
070e9
07142
07179
07192
071a3
07216
072b2
072dc
072e4
072f8
07310
07314
073ba
0747d
074ac
074c7
07669
076a1
076c2
076d2
077e0
0781a
0782e
07835
078c8
07b85
07ba7
07bae
07bb2
07da3
07e28
07e2c
07e30
07e34
07e38
05b33
05b3c
05b45
05b56
05b5f
05be8
05bf9
05c0e
05c16
05cb8
05d73
05d84
05f92
06510
0657c
06676
06739
067a0
06903
06eb1
0702e
0723a
07246
07253
07268
0727b
07299
07316
07336
0734b
073b4
07460
07477
0748c
07490
074ab
074be
074c8
07609
0762b
0765e
076c1
076fa
0770f
07804
07852
0785c
0786e
07872
07986
07a2a
07c3d
07ca5
07ca9
07d6d
07dc0
07e3f
07e43
07e47
07e4b
07e4f
05b6e
05b79
05b86
05b93
05b9b
05c28
05c42
05c50
05c58
05daa
05dbb
05dc6
064c7
06597
0666c
066d1
0673b
06752
06919
06fe5
0706c
0714a
07157
0727b
07288
0729e
07330
07361
0737e
07392
073f8
0749d
074b4
074ca
074ce
074ed
074fb
07505
07644
07666
07699
076ef
07735
0774a
07839
07874
07896
078a7
078ab
079dc
07b80
07cbf
07cc5
07cc9
07dd3
07e52
07e56
07e5a
07e5e
07e62
05a3d
05a49
05a51
05a62
05a6b
05bc4
05c70
05c7f
05c8d
05c95
05ded
05dfe
05ea7
064f0
065b8
066ad
0674c
06763
068b3
06f29
0709c
07141
07158
0715f
07174
07194
071b1
072ce
07390
073b1
073c5
07465
074dd
07502
07509
0751f
07535
0753a
075d2
07698
076b9
076da
07730
07770
07785
0788b
078ca
078dd
078e2
07978
07a7a
07c1c
07ce1
07ce5
07da4
07dea
07e69
07e6d
07e71
07e75
07e79
05a83
05a8b
05a98
05aa5
05aad
05caa
05cb0
05cc6
05cce
05e24
05e35
05e40
0649b
065d3
06622
066fb
06765
0677c
068c9
0702a
070e5
07187
07199
071a4
071cd
071dd
07305
073aa
073db
073f2
07408
07517
0752e
07544
07548
07561
07571
07579
0759e
075b9
076cd
07755
0778d
077b4
077c2
078c4
07901
07916
0791b
079ac
07bce
07cfa
07d00
07d04
07dfd
07e7c
07e80
07e84
07e88
07e8c
05ab7
05ac3
05acb
05adc
05ae6
05c3e
05ce4
05cf5
05d01
05d09
05e63
05e72
05f1d
0653d
065f3
0663e
06776
0678d
068db
06e6b
07110
071c1
071d2
071d9
071ee
07207
07225
072ba
072c4
072e0
07348
07423
0742b
07441
07446
074eb
07575
0757d
0758d
075b5
075e8
07651
077a6
077e6
077fb
0788f
0791f
07945
07952
07956
07a5a
07bef
07c6a
07c6e
07d35
07e14
07e93
07e97
07e9b
07e9f
07ea3
05afa
05b05
05b12
05b1f
05b27
05bae
05bc8
05bd6
05bde
05d30
05d41
05d4c
06479
0655b
06634
06725
0678f
067a6
068f1
06feb
0709e
07201
0720c
0721e
07240
07259
072b0
072e7
07300
07318
07384
07420
0744b
07452
07468
0747e
07483
07528
075e7
07614
0762f
077cb
07803
07824
07834
07936
0796f
07984
0798b
07a00
07ba2
07c83
07c89
07c8d
07e27
07ea6
07eaa
07eae
07eb2
07eb6
05ca1
05cab
05cb3
05cc2
05cce
05d56
05d67
05d7c
05d84
05e23
05edd
05eee
060f4
06517
0662a
06701
067b7
0681e
06976
06bbe
0702a
0719c
073a9
073b4
073c1
073d6
073ea
0740b
07485
074a4
074bb
07522
075cc
075e1
075f6
075fa
07613
07626
07630
0776b
0778d
077c0
07823
07858
0786d
0795a
079a8
079b2
079b7
07a2a
07aa8
07ca2
07d54
07d58
07dfe
07e3e
07ebd
07ec1
07ec5
07ec9
07ecd
05cdd
05ce7
05cf3
05d01
05d09
05d96
05db1
05dbe
05dc6
05f12
05f23
05f2e
06533
0659b
06649
0674f
067b9
067d0
0698b
06c33
07152
071da
072b8
072c6
073ea
073f6
0740c
0749e
074cf
074ec
07501
07566
07607
0761c
07632
07636
07653
07661
0766b
077a6
077c8
077fb
0784f
07891
078a6
0798f
079bb
079dc
079e1
07a54
07b7b
07d6d
07d72
07d76
07e51
07ed0
07ed4
07ed8
07edc
07ee0
05baa
05bb8
05bbf
05bce
05bda
05d2f
05dde
05dee
05dfb
05e03
05f53
05f65
06009
0647b
06662
0672b
067ca
067e1
0692a
06c86
0709e
07209
072af
072c7
072cd
072e2
07302
07323
0743c
074ff
0751f
07535
075d1
07645
07668
0766f
07683
07699
0769e
07734
077fa
0781c
0783c
0788c
078ca
078df
079d2
07a02
07a09
07a0d
07af0
07cde
07d8c
07d90
07e28
07e68
07ee7
07eeb
07eef
07ef3
07ef7
05bf1
05bf9
05c03
05c12
05c1b
05e18
05e1e
05e34
05e3c
05f88
05f99
05fa4
06494
065d7
06681
06779
067e3
067fa
0693f
06a97
07198
07253
072f5
07307
07316
0733b
0734b
07472
07518
07549
07560
07577
0767d
07692
076a8
076ac
076c3
076d3
076db
07700
0771b
0782f
078b1
078e7
0790c
0791a
079fc
07a2c
07a33
07a37
07bc9
07da4
07da9
07dad
07e7b
07efa
07efe
07f02
07f06
07f0a
05c24
05c31
05c39
05c49
05c53
05da9
05e52
05e64
05e6f
05e77
05fc5
05fd4
0607f
064c9
06699
066d7
067f4
0680b
06950
06af0
06fe5
0727d
0732f
07340
07347
0735c
07376
07397
07428
07431
0744e
074b6
07591
07599
075ad
075b2
07651
076d7
076df
076ef
07717
0774a
077b3
078fe
0793b
07951
079d6
07a39
07a5a
07a5f
07b38
07c66
07d1d
07d21
07dd4
07e92
07f11
07f15
07f19
07f1d
07f21
05c69
05c73
05c7d
05c8d
05c95
05d1c
05d37
05d44
05d4c
05e9c
05ead
05eb8
064e5
0655f
06611
067a3
0680d
06824
06965
06b65
07158
0720b
0736f
0737b
07390
073af
073c5
0741e
07455
0746d
07487
074f2
0758e
075b7
075be
075d4
075e8
075ed
0768c
07749
07776
07791
07923
07959
0797a
0798a
07a50
07a7c
07a85
07a89
07c1a
07d35
07d3a
07d3e
07ea5
07f24
07f28
07f2c
07f30
07f34
05e0f
05e19
05e21
05e31
05e3c
05ec2
05ed1
05ee6
05eee
05f87
0603f
06050
0624a
065d7
066c9
0677f
06835
0689c
069c5
06a99
06ba5
06bbe
07198
0730a
07517
07522
0752f
07544
07558
07579
075ef
0760e
07623
07686
0772e
07743
07758
0775c
07775
07788
07792
078c5
078e7
07918
07979
079ae
079b6
07a82
07aa8
07aad
07b5a
07d52
07dec
07df0
07e7c
07ebc
07f3b
07f3f
07f43
07f47
07f4b
05e4b
05e55
05e62
05e6f
05e77
05f00
05f19
05f26
05f2e
06074
06085
06090
065eb
0664a
066e1
067cd
06837
0684e
069d3
06b0b
06c12
06c33
072c2
07348
07426
07433
07558
07564
0757a
07608
07637
07652
07667
076c8
07769
0777e
07794
07798
077b5
077c3
077cd
078fe
07920
07951
079a5
079d8
079e0
07aa0
07acc
07ad1
07c65
07dfe
07e03
07e07
07ecf
07f4e
07f52
07f56
07f5a
07f5e
05d1a
05d25
05d2d
05d3d
05d47
05e9b
05f44
05f54
05f61
05f69
060b5
060c6
06167
0655f
066f3
067a9
06848
0685f
06995
06b67
06c6f
06c86
0720b
07378
0741d
07434
0743b
07450
0746f
07491
075a8
07665
07683
07699
07733
077a7
077ca
077d1
077e6
077fb
07800
07890
07950
07971
07992
079d3
07a02
07a0a
07ad5
07af3
07af7
07d8a
07e16
07e1a
07ea6
07ee6
07f65
07f69
07f6d
07f71
07f75
05d5e
05d67
05d72
05d80
05d89
05f7c
05f82
05f98
05fa0
060ea
060fb
06106
06574
06682
0670b
067f7
06861
06878
069a3
06a69
06a97
06bd9
07306
073c1
07463
07474
07485
074a8
074bb
075dc
0767e
076ad
076c2
076d9
077df
077f4
0780a
0780e
07825
07835
0783d
0785e
07879
07985
079e9
07a10
07a32
07aec
07b14
07b19
07ca1
07e28
07e2d
07e31
07ef9
07f78
07f7c
07f80
07f84
07f88
05d94
05d9f
05da7
05db7
05dc1
05f11
05fb4
05fc6
05fd1
05fd9
06127
06136
061d9
0659b
0671d
06755
06872
06889
069ad
06aca
06af0
06c35
07152
073ec
0749d
074ae
074b5
074ca
074e3
07505
07596
0759d
075ba
0761e
076f3
076fb
0770f
07714
077b3
07839
07841
0784f
07875
078a6
0790b
07a27
07a56
07a5e
07b1d
07b3b
07b3f
07d1a
07dc3
07dc7
07e52
07f10
07f8f
07f93
07f97
07f9b
07f9f
05dd6
05de1
05dec
05dfb
05e03
05e8a
05ea3
05eb0
05eb8
05ffe
0600f
0601a
065b0
06612
066b7
06821
0688b
068a2
069bb
06b37
06b65
06ca1
072c7
0737a
074dd
074e8
074ff
0751c
07535
0758c
075c1
075d7
075f1
07658
076f0
07719
07720
07736
0774a
0774f
077ee
078a5
078d0
078eb
07a3d
07a64
07a84
07b34
07b58
07b5f
07cdd
07dd4
07dd9
07ddd
07f23
07fa2
07fa6
07faa
07fae
07fb2
05f73
05f7d
05f85
05f95
05fa0
06024
06033
06048
06050
060e9
0619b
061ac
06355
06682
06747
067fd
068b0
06917
06a02
06a58
06a76
06a89
06a99
06aa6
06aaa
06bab
06cef
07306
07478
0767d
07686
07693
076a8
076ba
0772e
07757
07772
07787
077ea
0788d
078b0
078b6
078cb
078df
078e4
07979
07a07
07a33
07aa4
07aac
07b5a
07de9
07e68
07e6d
07ef9
07f39
07fb8
07fbc
07fc0
07fc4
07fc8
05fac
05fb7
05fc4
05fd1
05fd9
06062
0607b
06088
06090
061ce
061df
061e9
06695
066e2
0675f
0684b
068b5
068ca
06a10
06aa0
06add
06af0
06b00
06b0d
06b11
06c12
06de5
0742f
074b6
07594
075ad
076bb
076c8
076dd
0776c
077a9
077b6
077cd
0782b
078c6
078e9
078f0
07902
07918
0791d
079ad
07a31
07a5d
07ab1
07ad0
07bda
07e6a
07e80
07e84
07f11
07fca
07fce
07fd2
07fd6
07fda
05e88
05e91
05e99
05ea9
05eb4
05ffd
060a6
060b6
060c3
060cb
0620d
0621f
062ae
06612
06771
06827
068c7
068d8
069da
06abf
06b39
06b52
06b5a
06b6b
06b76
06c6f
06d79
0737a
074e5
0758b
075a0
075a7
075bc
075da
07702
077a4
077ce
077ed
077fd
07890
07911
07927
0792b
07946
07954
0795e
07a51
07a64
07ab4
07ad5
07af4
07e13
07e92
07e97
07f23
07f63
07fe0
07fe4
07fe8
07fec
07ff0
05ec8
05ed1
05edc
05eea
05ef3
060de
060e4
060fa
06101
06240
06251
0625b
06626
0670c
06789
06875
068dd
068f2
069e8
06a69
06b6e
06bad
06bbe
06bce
06bdb
06bdf
06dbe
07473
0752f
075cf
075de
075ef
07612
0762f
07744
077e2
0781a
07826
0783d
07938
0795a
07962
07970
07988
0798d
079a9
07a00
07a82
07aec
07b16
07c28
07e94
07eaa
07eae
07ebd
07ff2
07ff6
07ffa
07ffe
08002
05efe
05f07
05f0f
05f1f
05f2a
06073
06116
06128
06133
0613b
0627d
0628d
06302
0664a
0679b
067d3
068ef
06900
069ee
06aca
06b8d
06c01
06c20
06c28
06c3d
06c44
06d0b
072c2
0755a
07607
07616
0761d
07632
0764a
076f3
076fa
0770f
07778
07830
07854
0785d
07870
0787a
0797f
07995
07999
079b3
079df
07afc
07b1d
07b3c
07dbf
07e40
07e44
07ecf
07f8d
08008
0800c
08010
08014
08018
05f3c
05f47
05f52
05f61
05f69
05fec
06005
06012
0601a
0615c
0616d
06177
0665e
066b8
06735
0689f
06905
0691a
069fc
06b37
06c39
06c77
06c86
06c96
06ca4
06ca8
06e42
07434
074e7
07645
0764e
07665
07682
076a5
076f0
07733
0773a
0775d
077bb
07866
0787c
07880
07897
078a9
078b9
079d3
079e6
07a54
07b34
07b5c
07b8c
07e40
07e56
07e5a
07ee7
0801a
0801e
08022
08026
0802a
060d6
060df
060e7
060f7
06101
06180
0618f
061a4
061ac
0623f
062d3
062e4
06433
0670c
067c5
0687b
06927
06989
06a3e
06a58
06a65
06a6d
06a86
06aad
06c4a
06c95
06cc4
06cd1
06cef
06cf4
06e3c
06f2e
075db
07688
077e7
077f3
07809
0781c
0783d
078b3
078cc
078e1
0793f
079d4
079ec
079f0
07a08
07a0d
07a7b
07af1
07b17
07c29
07ed3
07ee9
07eed
07f7a
0802f
08033
08037
0803b
0803f
0610f
06119
06126
06133
0613b
061bc
061d5
061e2
061e9
062f7
06308
06313
06719
06760
067dd
068c5
0692c
06940
06a4c
06a89
06aa0
06acc
06ad4
06aed
06b14
06cab
06cf6
06d16
06d34
06d39
06ec7
074b0
0761d
076f4
07701
0781c
07828
0783e
078c6
07901
0790e
07925
07981
079fe
07a17
07a1b
07a32
07a37
07b11
07b1e
07bda
07e7c
07efb
07f00
07f8c
07fcb
08044
08048
0804c
08050
05fea
05ff3
05ffb
0600b
06015
0615b
061fe
0620e
0621b
06222
06327
06338
063a4
066b8
067ef
068a5
0693d
0694d
06a16
06a91
06abf
06afe
06b2c
06b37
06b4a
06b74
06d09
06d54
06d6f
06d7c
06e24
06fa4
075a2
07659
07700
07707
0771d
0773b
0775d
07868
07926
07943
07953
079d7
07a3c
07a43
07a57
07a5f
07a69
07b39
07b5d
07c01
07efd
07f13
07f17
07fa4
08055
08059
0805d
08061
08065
0602a
06033
0603e
0604c
06055
06234
0623a
06250
06258
0634b
0635c
06366
066c5
0678a
06807
068ed
06952
06966
06a24
06b15
06b57
06b6e
06ba0
06bab
06bbc
06be2
06d4e
06d98
06db4
06dc1
06e64
07524
07687
0772f
0773f
07746
0775f
07785
0789b
07938
0796f
0797c
07993
07a52
07a6b
07a6f
07a84
07a89
07aa5
07b58
07ba8
07ea6
07f25
07f2a
07f38
07ff3
0806a
0806e
08072
08076
06060
06069
06071
06081
0608c
061cd
0626c
0627e
06289
06290
06379
06388
063ec
066e2
06819
06851
06963
06973
06a2a
06b5f
06b8d
06bcc
06c01
06c0f
06c16
06c42
06d0e
06dc5
06de9
06e03
06e08
06f7c
07618
076c9
07776
0777d
07793
077ab
077cd
07858
0786d
078d2
07986
079aa
079b4
079b9
07a2b
07a91
07a95
07aa9
07acf
07c4e
07ebb
07ec0
07ec4
07f50
0807b
0807f
08083
08087
0808b
0609e
060a9
060b4
060c3
060cb
0614a
06163
06170
06177
062a3
062b4
062be
066ef
06736
067b3
06915
06978
0698c
06a38
06be3
06c25
06c39
06c6a
06c75
06c84
06cac
06dd8
06e1e
06e38
06e46
06ee4
07436
075a7
077a5
077af
077bc
077d5
077fb
07850
0788f
07897
078b9
07913
079be
079c5
079d9
079e1
079f1
07ac9
07ad6
07b8c
07e52
07ed1
07ed6
07f62
0801b
08090
08094
08098
0809c
0551d
0622b
06235
0623d
0624d
06258
062c7
062d4
062e0
062e9
063bd
063cd
063d8
06528
0678a
06843
068f5
06992
069d1
06a5e
06afb
06b68
06b7a
06b97
06bd3
06c75
06c94
06cc6
06cd1
06ce8
06e0b
06e60
06e6c
06e7f
06e83
06f2f
06ffa
0773d
077eb
0793e
0794b
07960
07972
079d2
079f2
07a08
07ac8
07adb
07adf
07af4
07af8
07c1b
07c2a
07c2e
07ee6
07f66
07f6a
07ff4
080a2
080a6
080aa
0559a
06264
0626f
0627c
06289
06290
062f4
06307
0630e
06370
063e7
063f8
0654a
06797
067de
0685b
0693b
06997
069a4
06a69
06a97
06b5c
06b8f
06bd9
06bfd
06c23
06cbc
06d0b
06d16
06d30
06e4a
06e85
06eab
06ec6
06eca
06f6e
070de
0777f
07854
0786d
07973
07980
07995
07a0f
07a2c
07a3b
07af9
07b02
07b14
07b1a
07b79
07c4e
07c52
07e3d
07f78
07f7d
07f81
080ac
080b0
080b4
05381
06148
06151
06159
06169
06174
062a2
0631e
06331
06338
06405
06416
06420
0648c
06736
0686d
0691d
069a1
069aa
06aca
06af0
06b2c
06bc9
06c36
06c48
06c62
06c9b
06cf7
06d2a
06d52
06d6f
06e9f
06ee2
06ef9
06eff
06f10
07071
07704
077bb
07860
07867
0787c
07899
07a26
07a46
07a5c
07b10
07b24
07b28
07b3c
07b40
07b7e
07b8e
07b92
07f10
07f90
07f94
0801c
080ba
080be
080c2
05405
06187
0618f
0619a
061a8
061b0
06345
06352
0635f
06366
0642f
06440
064af
06743
06808
06885
06961
069af
069bc
06a73
06a84
06aa6
06b38
06b66
06c2f
06c9d
06d26
06d4c
06d97
06da2
06db7
06ede
06f23
06f38
06f3e
06f4f
070b1
077ea
0788d
0789d
078ad
078ce
078eb
07a63
07a7c
07a8d
07b41
07b4a
07b58
07b60
07ba0
07bb3
07bb7
07e67
07fa2
07fa7
07fab
080c4
080c8
080cc
0544f
061ba
061c3
061cb
061db
061e5
062f6
0636e
06381
06388
06449
0645a
06464
064da
06760
06897
068cd
069b9
069c2
06a52
06aa0
06ada
06aeb
06b0d
06bac
06bcd
06c90
06d81
06db8
06de5
06df9
06ea3
06f42
06f6b
06f7b
06f7f
0701c
0777a
0782b
078d2
078d9
078ee
07904
079a8
079b0
079c1
07aa4
07aac
07ab0
07b68
07b6c
07bcc
07bdc
07be0
07ebc
07f3d
07f41
07fcc
080d2
080d6
080da
054d3
061f6
06201
0620c
0621b
06222
062a0
062b3
062ba
06320
0639f
063b0
064fd
0676d
067b4
06831
06987
069c7
069d4
06a93
06b00
06b0c
06b44
06b6b
06c0e
06c26
06db0
06dd6
06e1d
06e26
06e3b
06f5c
06f9c
06fb0
06fb6
06fc8
07125
07709
078ff
07908
0791f
0793a
0795d
079bb
079d8
079e7
07ab1
07aba
07acc
07ad2
07bee
07c01
07c05
07e91
07f4e
07f53
07f57
080dc
080e0
080e4
053e1
053e9
053f1
05402
0540d
056e5
06346
06352
06361
06369
063cc
063d4
06428
065e4
06808
068c0
06969
069d9
06a0c
06abe
06ac9
06af2
06afa
06b09
06b19
06b3d
06b59
06b69
06b75
06b79
06c70
06d25
06d79
06d9b
06dbb
06e60
06e68
06e7d
06f84
06fda
06fe7
06ff8
07000
07124
0720e
0789b
07a50
07a6b
07a8f
07adb
07afb
07c01
07c1d
07ce9
07ced
07fcd
07fe3
07fe7
080e8
080ec
080f0
0544c
05453
05463
0546f
05477
0573a
06376
06383
0638b
063e8
063f5
063fc
065fc
06815
0685c
068d7
0699f
069de
069e7
06a69
06b27
06b50
06b5d
06b6e
06b7e
06b96
06bb1
06bcc
06bd4
06bde
06c07
06d6a
06dbe
06de0
06e02
06e85
06ea7
06ec4
06fbd
06ff9
07024
07036
07044
071a9
0777a
078da
079b4
07a90
07aee
07b16
07bcf
07c31
07cfc
07d08
07f78
07ff5
07ff9
0807b
080f4
080f8
054af
054b7
054bf
054d0
054db
055d1
0629e
062aa
062b9
062c1
0640c
06419
06420
0656c
067b4
068e8
0698f
069e4
069ed
06aca
06b8c
06ba4
06bc0
06bc8
06bd7
06be7
06c14
06c27
06c37
06c43
06c47
06d0e
06dd8
06e0a
06e31
06e88
06ebc
06ee6
06efb
07017
0705a
0706f
07078
07114
07282
07905
079a4
079c3
079f1
07b24
07b45
07bf0
07c57
07c71
07c75
07ff5
0800b
0800f
080fc
08100
08104
0551a
05521
05531
0553d
05545
0562c
062d0
062de
062e7
063bd
06439
06440
06585
067c1
06886
068ff
069b7
069f2
069fb
06b31
06bf3
06c0b
06c27
06c2f
06c3b
06c4e
06c67
06c88
06c98
06ca5
06ca9
06cd2
06cec
06df3
06e43
06ede
06f23
06f30
06f4a
07054
07098
070ac
070b5
0714c
077eb
0794b
079e5
07a08
07b36
07b5c
07b7f
07ba3
07c85
07c91
07fa2
0801d
08021
0802f
08108
0810c
05577
0557f
05587
05599
055a2
0565b
062f2
062fe
0630d
06315
06452
0645d
06464
065a8
067de
06910
06943
069f8
06a01
06a56
06a6c
06a89
06a99
06aa4
06aaa
06ba5
06c6c
06c85
06c8e
06c9e
06cae
06cbe
06cf6
06d22
06da0
06f06
06f42
06f6b
06f79
0701b
070b0
070df
070ec
070f4
07260
07973
079fc
07a17
07a3f
07aac
07b68
07bbb
07c3e
07cad
07cb1
07fb7
07fbc
0801d
08110
08114
08118
0537e
05385
05395
053a1
053a9
056b6
06324
06333
0633a
063a0
063ad
063b4
065c1
067eb
06832
068af
069cf
06a06
06a0f
06a53
06a82
06a8f
06aa0
06ab0
06ad2
06ae3
06afe
06b06
06b10
06b41
06c13
06d09
06d3b
06d67
06de5
06f5c
06f9c
06fa8
06fc2
070ce
0710c
07120
07129
071c6
07704
07868
07a39
07a5c
07aa2
07ace
07b81
07be3
07cc1
07ccd
07f4e
07fcd
07fd1
08055
0811c
08120
053b9
053c1
053d9
05404
0540d
05525
05615
05628
05631
05639
0642e
0643d
06445
0668a
06884
06934
069b7
06a15
06a48
06a73
06ac7
06aef
06b2a
06b37
06b44
06b75
06c1a
06c2f
06d08
06d26
06d32
06d40
06d58
06d71
06d7e
06ede
06f0f
06f28
06f4f
06fdb
06fe7
06ffd
07124
0714d
07163
0716f
0720e
072d4
0789c
07b48
07b66
07b82
07bf7
07cdf
07d95
07fa2
08057
0805b
08124
08128
0812c
05424
0542b
05466
05470
05477
05591
0565d
05672
05679
058b9
06456
06460
06521
066ab
068d3
0694a
069e2
06a1a
06a23
06b26
06b33
06b6f
06b9e
06bab
06bd2
06c64
06c8a
06cc6
06d4d
06d6b
06d77
06d85
06da1
06db6
06dc3
06f1d
06f4e
06f69
06f8e
06ffb
07024
07041
07142
0718a
071a0
071b2
0724b
073b9
07aa6
07b5a
07ba7
07bb4
07c30
07dae
07db2
08056
0806c
080d0
08130
08134
05389
05494
0549c
054a7
054d2
054db
0569f
056b2
056bb
056c3
0639e
063ad
063b4
0661a
06830
0695a
069cf
06a20
06a29
06a79
06a8d
06b41
06ba2
06bbd
06c01
06c0f
06c16
06c43
06d90
06daa
06db8
06dc8
06dde
06df9
06e06
06ea3
06f7c
06f9c
06fb2
0700c
07038
07060
07077
071a4
071ce
071df
071eb
0734e
07907
07ab8
07ada
07bd0
07c3c
07d0b
07d25
07f4e
0807d
08081
08138
0813c
08140
053fb
05500
05506
05534
0553e
05545
056e7
056fc
05704
057c3
063ca
063d4
06485
0663d
068fb
06970
069f6
06a2e
06a37
06ae5
06afa
06bf4
06c0f
06c3a
06c67
06c72
06c9a
06d50
06dd7
06df5
06e00
06e0f
06e25
06e3a
06e48
06e6c
06e7d
06ee5
06fc7
07055
0709b
070ac
0714c
071e1
0720f
0721c
07228
0738b
07aca
07ae3
07b7f
07bf0
07c1b
07d3f
07d43
0807c
08092
080a0
08144
08148
05457
0555d
05566
0556f
0559c
055a2
05723
05737
0573f
05747
063e6
063f5
063fc
06652
0685a
06980
0699f
06a34
06a3d
06a56
06a63
06a6b
06a7c
06aad
06b4f
06b62
06c71
06c9e
06cc3
06cd1
06cef
06cf5
06e2e
06e3c
06e4c
06e5a
06e91
06eb0
06ed1
07086
070b2
070df
070f1
071ff
07242
07259
07263
072f9
07975
07b00
07b22
07bbb
07c20
07ca3
07d5d
07f78
08032
08036
0814c
08150
08154
05356
0535d
05398
053a2
053a9
054c9
055d3
055e8
055ef
05841
06412
0641c
064d3
06675
068ab
06924
06a0a
06a42
06a4b
06a53
06a67
06ab4
06acd
06ad6
06b06
06b9b
06bc3
06cbb
06cdb
06ce9
06cf9
06d0c
06d2d
06d37
06de5
06ebc
06eea
06efb
06f6e
070cf
0710f
07120
071c6
0725d
07283
07294
0729c
07401
07b12
07b2b
07b7c
07c3d
07c4f
07d77
07d7b
08030
08046
080b8
08158
0815c
06a9d
06aa7
06ab5
06c9f
06cae
06cef
06cfd
06da2
06e32
06e36
06e4c
06f06
06f13
06f3f
077f3
077f7
0788d
078b3
078ba
079e8
079f4
07b4a
07bad
07bb7
07bc0
07cb3
07d61
07fba
07fc1
08033
080c6
08111
0814c
08150
08163
08167
0816b
0816f
08173
08177
0817b
0817f
08183
08187
0818b
0818f
08193
08197
0819b
0819f
081a3
081a7
081ab
081af
081b3
081b7
081bb
081bf
081c3
081c7
081cb
06aa2
06ab1
06b04
06b0e
06b1c
06ce1
06cf7
06cff
06d37
06de5
06de9
06f47
06f7c
06f91
0782a
078c4
078e6
078ef
078f5
07a18
07b63
07b70
07bdc
07be5
07cca
07d77
07dc9
07fd0
08044
0804b
080d4
0811d
08158
08161
08165
081d0
081d4
081d8
081dc
081e0
081e4
081e8
081ec
081f0
081f4
081f8
081fc
08200
08204
08208
0820c
08210
08214
08218
0821c
08220
08224
08228
0822c
08230
06b07
06b13
06b1e
06b6d
06b77
06d24
06d28
06d3e
06d79
06d87
06e26
06f84
06f93
06fb7
07707
0770b
078ff
07926
0792c
07a3c
07a48
07aba
07bfb
07c05
07c0e
07cef
07d99
07fe2
07fe9
08059
080de
080e9
08124
08128
081d0
08235
08239
0823d
08241
08245
08249
0824d
08251
08255
08259
0825d
08261
08265
08269
0826d
08271
08275
08279
0827d
08281
08285
08289
0828d
08291
08295
08299
06b70
06b7f
06bd2
06bdc
06bea
06cc8
06d69
06d6d
06d83
06dbe
06dcc
06e82
06fbd
06fcc
07744
07936
07958
07961
07967
07a6c
07ad8
07ae4
07c2a
07c33
07d05
07dae
07df3
07ff8
0806a
08071
080a4
080f5
08130
08235
08239
0829e
082a2
082a6
082aa
082ae
082b2
082b6
082ba
082be
082c2
082c6
082ca
082ce
082d2
082d6
082da
082de
082e2
082e6
082ea
082ee
082f2
082f6
082fa
082fe
06bd5
06be1
06bec
06c3f
06c45
06d0b
06d0f
06db0
06dc6
06dce
06e06
06e88
06e97
06ec9
0777d
07781
07854
07994
0799a
07a8b
07a98
07b02
07c48
07c52
07c5b
07c77
07d29
0800a
08011
0807f
080ae
080fd
08138
0813c
0829e
08303
08307
0830b
0830f
08313
08317
0831b
0831f
08323
08327
0832b
0832f
08333
08337
0833b
0833f
08343
08347
0834b
0834f
08353
08357
0835b
0835f
08363
08367
06c3b
06c4d
06c9a
06ca5
06cb4
06d52
06df3
06df7
06e0d
06e42
06e52
06ec1
06efe
06f15
077ba
0784e
07874
0787d
07883
079c4
07b20
07b2c
07b8e
07b97
07c8e
07d3f
07e1d
08020
08090
08097
080bc
08109
08144
08167
0816b
08305
0836a
0836e
08372
08376
0837a
0837e
08382
08386
0838a
0838e
08392
08396
0839a
0839e
083a2
083a6
083aa
083ae
083b2
083b6
083ba
083be
083c2
083c6
06b4c
06b50
06c4e
06ce5
06cec
06d01
06e3e
06e4e
06e80
06e95
06f2e
06fbd
06fcc
07080
070af
070c4
0794b
079d2
079e5
079ef
079f6
07add
07c22
07c2c
07c35
07c8e
07c97
07d5b
07df3
08031
08038
080a4
0814c
08150
0816f
08173
08177
0817b
082a1
082a5
082a9
082ad
083cb
083cf
083d3
083d7
083db
083df
083e3
083e7
083eb
083ef
083f3
083f7
083fb
083ff
08403
08407
0840b
0840f
08413
06bb5
06caa
06cb6
06ceb
06cfb
06d2d
06d31
06d46
06e8a
06ec7
06ed4
06f6d
070bb
070c6
070f2
0797e
07982
079fe
07a16
07a1c
07afc
07b08
07c50
07c59
07ca6
07caf
07cb7
07d7d
07e47
08046
080ae
08111
08158
08180
081d6
081da
081de
081e2
08308
0830c
08310
08314
083cd
08416
0841a
0841e
08422
08426
0842a
0842e
08432
08436
0843a
0843e
08442
08446
0844a
0844e
08452
08456
06aae
06ab9
06c1c
06d2a
06d33
06d48
06d71
06d7e
06ebf
06ed6
06f00
06fa4
06fa8
070fa
07123
07138
07867
07a26
07a39
07a44
07a4a
07b26
07b86
07b90
07b99
07cca
07cd3
07d93
07e1d
08057
0805e
080bc
08124
08128
0823b
0823f
08243
08247
0824b
0836d
08371
08375
08416
0841a
0845d
08461
08465
08469
0846d
08471
08475
08479
0847d
08481
08485
08489
0848d
08491
08495
08499
0849d
06b19
06c7b
06c7f
06d75
06d85
06db4
06dbb
06dd0
06e66
06f06
06f13
06f3f
06ff8
0700d
07131
0789e
078a2
07a52
07a6a
07a70
07b43
07b50
07bb5
07bbe
07ce2
07ceb
07cf3
07db4
07e71
0806c
080c6
080e9
08130
08182
08186
0818a
0824d
082b0
082b4
082b8
082bc
082c0
0845d
084a0
084a4
084a8
084ac
084b0
084b4
084b8
084bc
084c0
084c4
084c8
084cc
084d0
084d4
084d8
084dc
084e0
06a7e
06a82
06b80
06db8
06dbd
06dd2
06dfb
06e08
06ea3
06ea7
06f47
06f7c
06f91
07006
07036
0704a
078d9
079a8
07a82
07a94
07a9a
07b6a
07bd4
07bde
07be7
07d05
07d0e
07d23
07dc9
0807d
08084
080d4
08138
0813c
081eb
081ef
081f3
08315
08319
0831d
08321
08325
084a0
084a4
084e7
084eb
084ef
084f3
084f7
084fb
084ff
08503
08507
0850b
0850f
08513
08517
0851b
0851f
08523
08527
06ae7
06be3
06bee
06dff
06e0f
06e38
06e3f
06e56
06ee4
06f84
06f93
06fb7
0703b
0704c
07078
07910
07914
079a6
079c2
079c8
07ab4
07ac0
07c03
07c0c
07c6a
07c73
07c7b
07d45
07e9b
08092
080de
080fd
08144
08250
08254
08258
08328
0837a
0837e
08382
08386
0838a
083d3
084e5
084e9
0852c
08530
08534
08538
0853c
08540
08544
08548
0854c
08550
08554
08558
0855c
08560
08564
06af8
06afc
06b19
06d61
06d65
06e0d
06e7d
06e84
06e99
06fbc
06fc5
06ff8
0700d
070a2
0712f
0713a
071ef
07223
07232
07aca
07adb
07ae2
07c22
07c2c
07c35
07ce8
07cf1
07d39
07d42
07d49
07e71
080a2
080e9
08147
082a2
082a6
082aa
082c3
082c7
083d6
083da
084a7
084ab
084af
0856b
0856f
08573
08577
0857b
0857f
08583
08587
0858b
0858f
08593
08597
0859b
0859f
085a3
085a7
085ab
06b61
06b7c
06b87
06da8
06e4a
06e50
06e87
06e90
06ec4
06ecb
06ed8
07006
07036
0704a
070df
07220
07234
07263
07aec
07af9
07b04
07b0a
07c50
07c59
07cff
07d08
07d10
07d5b
07d63
07e08
07ec5
080b0
0814c
0816d
08309
0830d
08311
0832a
0832e
0841d
084ea
084ee
084f2
08569
0856d
085b0
085b4
085b8
085bc
085c0
085c4
085c8
085cc
085d0
085d4
085d8
085dc
085e0
085e4
085e8
06bc6
06bca
06be7
06cf7
06cff
06ded
06ebc
06ec3
06eda
06efd
06f0d
0703b
0704c
07078
07114
07118
07269
07297
072a6
07b12
07b24
07b2a
07b86
07b90
07b99
07c70
07c79
07d71
07d7a
07d81
07e9b
080ba
080fd
0815b
08329
0836e
08372
08376
0838d
08460
08464
0852b
0852f
08533
085b0
085ed
085f1
085f5
085f9
085fd
08601
08605
08609
0860d
08611
08615
08619
0861d
08621
08625
08629
06c2f
06c49
06c55
06d3e
06e2a
06e2e
06f05
06f0e
06f3a
06f41
06f56
06fe0
0707e
07087
070b5
0716c
0717b
072a0
07b34
07b41
07b4c
07b52
07bb5
07bbe
07c88
07c91
07c99
07d93
07d9b
07e32
07eef
080c8
08124
08182
08186
0818a
0818e
08192
08369
083de
083e2
083e6
084b3
085ed
085f1
0862e
08632
08636
0863a
0863e
08642
08646
0864a
0864e
08652
08656
0865a
0865e
08662
08666
06c8e
06c92
06caf
06cd7
06cdb
06d83
06f42
06f49
06f58
06f7b
06f8c
0701b
0701f
070bd
070ec
07101
07175
071a9
071b8
07aa6
07b68
07b6e
07bd4
07bde
07be7
07cac
07cb5
07da8
07db1
07db8
07e47
080d2
08111
08133
081e9
081ed
081f1
081f5
081f9
08421
08425
08429
084f6
084fa
0862e
0866b
0866f
08673
08677
0867b
0867f
08683
08687
0868b
0868f
08693
08697
0869b
0869f
086a3
086a7
06a93
06aae
06ab9
06d1e
06dc6
06dce
06f83
06f8b
06fb2
06fb9
06fd0
0705a
070f8
07103
07129
071a6
071ba
071e9
07aa0
07ab1
07abc
07ac2
07c03
07c0c
07cc4
07ccd
07cd5
07d23
07d2b
07dde
07f19
080e0
08138
081e7
08252
08256
0825a
0825e
08315
08468
0846c
08470
08537
0856f
08573
0866d
086aa
086ae
086b2
086b6
086ba
086be
086c2
086c6
086ca
086ce
086d2
086d6
086da
086de
06abf
06b07
06b13
06b1e
06d26
06d3c
06d44
06ef5
06f84
06f93
06ff7
07001
07124
07132
0713c
0716f
0720e
07212
072a0
07356
07363
0738d
07bfb
07c0c
07ce8
07cf1
07d8d
07d96
07d9d
07dde
07de3
07ef0
080e9
08129
0823b
08250
084a8
084ac
084b6
084ba
08576
08631
08635
08639
086e3
086e7
086eb
086ef
086f3
086f7
086fb
086ff
08703
08707
0870b
0870f
08713
08717
0871b
0871f
08723
06b28
06b70
06b7f
06d69
06d6d
06d83
06f32
06f36
06fbf
06ff9
07007
07013
07034
07045
07169
0717d
071b2
0724b
0724f
0739a
073c8
073dd
07c25
07cff
07d08
07d10
07dae
07db6
07ded
07df6
07e87
07f44
0812e
08235
082af
084eb
084ef
084f3
084fd
085b3
085b7
08672
08676
0867a
086e5
08726
0872a
0872e
08732
08736
0873a
0873e
08742
08746
0874a
0874e
08752
08756
0875a
0875e
06b8d
06bd5
06be1
06bec
06db0
06dc6
06dce
06e8a
06f71
06f75
07039
07046
07073
07077
0708b
071ad
071e5
071f7
07284
073cf
073df
07403
07c48
07c59
07c70
07c79
07d1d
07d26
07d2d
07e08
07e0d
07f1a
080fd
0813d
0830a
08329
0852c
08530
0853a
0853e
085f4
086a9
086ad
086b1
08726
0872a
08765
08769
0876d
08771
08775
08779
0877d
08781
08785
08789
0878d
08791
08795
08799
0879d
06bf6
06c3b
06c4d
06df3
06df7
06e0d
06ebf
06ed6
06fac
07070
07081
0708d
070ae
070b8
0714c
07150
071ef
07223
07232
072d6
07406
07416
07b89
07c88
07c91
07c99
07d3f
07d47
07e17
07e20
07eb1
07f6e
08142
08303
0836d
083dd
083e1
083e5
083e9
0857a
0857e
08582
0863d
08641
08765
087a0
087a4
087a8
087ac
087b0
087b4
087b8
087bc
087c0
087c4
087c8
087cc
087d0
087d4
087d8
06a58
06c9d
06ca3
06cb2
06e34
06e4a
06e50
06e77
06f06
06f13
070b9
070c1
070e9
070f1
07105
0718b
07220
07234
07263
072dc
072eb
07313
07bad
07bbe
07cac
07cb5
07d55
07d5e
07d65
07e32
07e37
07ec6
08111
08151
0816d
08182
08424
08428
0842c
08430
085bb
085bf
085c3
0867e
087a0
087a4
087df
087e3
087e7
087eb
087ef
087f3
087f7
087fb
087ff
08803
08807
0880b
0880f
08813
08817
06a54
06aa2
06ab1
06cdf
06ce3
06cf9
06eb4
06eb8
06f47
070ed
070fb
07107
07122
0712c
071c6
071ca
07269
07297
072a6
0731f
0734e
07365
07bd7
07cc4
07ccd
07cd5
07d77
07d7f
07dc3
07dcc
07e5d
07f98
08156
08161
081e7
08467
0846b
0846f
08473
085f8
085fc
08600
086b5
086b9
086eb
087dd
087e1
0881c
08820
08824
08828
0882c
08830
08834
08838
0883c
08840
08844
08848
0884c
06c1a
06c1e
06d09
06d2c
06d40
06ebf
06ed6
0706b
070f8
07103
07165
07171
0728e
072a2
072aa
072d6
0737c
07380
0740e
074c5
074d1
074fb
07b86
07b97
07cc7
07d8d
07d96
07d9d
07e1d
07e22
07e5e
07eef
08027
08129
0836d
08467
08634
08638
08642
08646
086f0
087a5
087a9
087ad
08851
08855
08859
0885d
08861
08865
08869
0886d
08871
08875
08879
0887d
08881
08885
08889
0888d
08891
06c7d
06d4c
06d73
06d78
06d8d
06f08
070a6
070aa
07131
07167
07177
07181
071a2
071b4
072dc
072eb
07313
073b9
073bd
07508
07533
0754b
07bb0
07ce2
07cf2
07dae
07db6
07e2c
07e35
07e6c
07e75
07f82
0812e
08182
0845b
08671
08675
08679
08683
0872b
0872f
087e4
087e8
087ec
08853
08894
08898
0889c
088a0
088a4
088a8
088ac
088b0
088b4
088b8
088bc
088c0
088c4
088c8
088cc
06a7e
06a82
06d93
06dba
06dca
06f45
06f54
07006
070e3
070e7
071ab
071b6
071dd
071e7
071f9
0731f
0734e
07365
073f2
0753e
0754d
07571
07bd4
07be5
07d02
07d1d
07d26
07d2d
07dc9
07dce
07e88
07f19
07fd7
0813d
08316
084eb
086ac
086b0
086ba
086be
0876a
08819
0881d
08821
08894
08898
088d3
088d7
088db
088df
088e3
088e7
088eb
088ef
088f3
088f7
088fb
088ff
08903
08907
0890b
06ae7
06dd6
06dfd
06e01
06e17
06f86
0703b
0704c
0711c
071e1
071f1
071fb
0721c
07228
072ba
072be
0735d
0738b
073a0
07444
07575
07584
07bfe
07c6a
07c7a
07d3f
07d47
07dd8
07de1
07e96
07e9f
07fac
08142
08250
084e5
0857b
0857f
08583
08587
086f4
086f8
086fc
087b1
087b5
088d3
0890e
08912
08916
0891a
0891e
08922
08926
0892a
0892e
08932
08936
0893a
0893e
08942
08946
06b4c
06b50
06cc4
06e3e
06e4e
06fbd
06fcc
06ff1
0707e
07087
0722a
07230
07259
0725f
07273
072f9
07393
073a2
073ca
0744b
07459
07481
07c22
07c33
07c8b
07d55
07d5e
07d65
07df3
07df8
07eb2
07ec5
07fff
08151
082a2
083dd
085bc
085c0
085c4
085c8
08733
08737
0873b
087f0
0890e
08912
0894d
08951
08955
08959
0895d
08961
08965
08969
0896d
08971
08975
08979
0897d
08981
08985
06bb5
06cbc
06ce9
06cee
06d03
06e8a
0702c
07030
070bd
0725d
0726b
07275
07294
0729c
07334
07338
073d7
07401
07414
0748d
074b9
074d3
07c4b
07ca6
07cb6
07d77
07d7f
07e02
07e0b
07e42
07e4b
07f58
08156
081d4
083cb
085f9
085fd
08601
08605
0876e
08772
08776
08825
08829
08859
0894b
0894f
0898a
0898e
08992
08996
0899a
0899e
089a2
089a6
089aa
089ae
089b2
089b6
089ba
06deb
06def
06ea1
06ebe
06ecf
0703b
0704c
071d9
07257
07271
072d3
072de
073fc
07410
07418
07444
074ea
074ee
0757c
0762d
07639
07661
07b86
07b97
07c6d
07d71
07d80
07e1d
07e22
07e9d
07ed4
07edd
07f6e
0809a
0852a
085f9
087a8
087ac
087b6
087ba
0885e
08913
08917
0891b
089bf
089c3
089c7
089cb
089cf
089d3
089d7
089db
089df
089e3
089e7
089eb
089ef
089f3
089f7
089fb
089ff
06e2c
06ede
06f03
06f0a
06f19
07080
07214
07218
072a0
072d9
072e5
072ef
07310
0731b
0744b
07459
07481
07527
0752b
0766e
07697
076af
07bb0
07c88
07c98
07d90
07e2c
07e35
07eab
07eb4
07eef
07ef4
08000
08182
085ed
087e3
087e7
087eb
087f5
08899
0889d
08952
08956
0895a
089c1
08a02
08a06
08a0a
08a0e
08a12
08a16
08a1a
08a1e
08a22
08a26
08a2a
08a2e
08a32
08a36
08a3a
06cd7
06cdb
06f1f
06f44
06f4d
070bb
070c6
07175
07251
07255
0731d
07324
0734b
07352
07367
0748d
074b9
074d3
07560
076a2
076b1
076d3
07bd4
07be5
07ca9
07da8
07db7
07dc9
07dce
07e49
07efe
07f07
07f98
0804e
08422
08671
0881c
08820
0882a
0882e
088d8
08987
0898b
0898f
08a02
08a06
08a41
08a45
08a49
08a4d
08a51
08a55
08a59
08a5d
08a61
08a65
08a69
08a6d
08a71
08a75
08a79
06d1e
06f5c
06f81
06f88
06f97
070fa
071a6
071ba
0728a
07353
0735f
07369
0738a
07395
07428
0742c
074cb
074f6
0750e
075b0
076d7
076e6
07bfe
07cc4
07cd4
07d20
07dd8
07de1
07e57
07e60
07f19
07f1e
08028
08250
0866b
086f5
086f9
086fd
08701
08862
08866
0886a
0891f
08923
08a41
08a7c
08a80
08a84
08a88
08a8c
08a90
08a94
08a98
08a9c
08aa0
08aa4
08aa8
08aac
08ab0
08ab4
06d61
06d65
06e62
06fbc
06fc5
0712f
0713a
0715f
071e3
071f5
07398
0739e
073c5
073cc
073e1
07467
07502
07510
07538
075b7
075c5
075eb
07c22
07c33
07ce5
07d39
07d48
07df3
07df8
07e73
07f28
07f31
07f44
08074
084a6
0857b
08734
08738
0873c
08740
088a1
088a5
088a9
0895e
08a7c
08a80
08abb
08abf
08ac3
08ac7
08acb
08acf
08ad3
08ad7
08adb
08adf
08ae3
08ae7
08aeb
08aef
08af3
06da8
06e5a
06e85
06e8c
06e9b
07006
0719a
0719e
0722c
073cd
073d9
073e3
07400
07409
074a2
074a6
07545
0756a
07582
075f7
07621
0763b
07c4b
07cff
07d0f
07d58
07e02
07e0b
07e81
07e8a
07ec5
07eca
07fd8
0830a
08569
0876f
08773
08777
0877b
088dc
088e0
088e4
08993
08997
089c7
08ab9
08abd
08af8
08afc
08b00
08b04
08b08
08b0c
08b10
08b14
08b18
08b1c
08b20
08b24
08b28
06f71
06f75
07019
07039
07046
071a6
071ba
07347
073cf
073df
07443
0744d
0756c
0757e
07586
075b0
07650
07654
076de
0778f
0779b
077c3
07c6a
07c7a
07d20
07e02
07e0b
07e9b
07ea0
07f1b
07f52
07f5b
07fec
080e2
086ab
0876f
08916
0891a
08924
08928
089cc
08a81
08a85
08a89
08b2d
08b31
08b35
08b39
08b3d
08b41
08b45
08b49
08b4d
08b51
08b55
08b59
08b5d
08b61
08b65
08b69
08b6d
06fac
07054
07070
07081
0708d
071ef
07382
07386
0740e
07448
07453
0745d
07480
0748a
075b7
075c5
075eb
0768b
0768f
077d0
077f9
07811
07c8b
07d39
07d48
07e1a
07eaa
07eb3
07f29
07f32
07f6d
07f72
08074
083dd
08763
08951
08955
08959
08963
08a07
08a0b
08ac0
08ac4
08ac8
08b2f
08b70
08b74
08b78
08b7c
08b80
08b84
08b88
08b8c
08b90
08b94
08b98
08b9c
08ba0
08ba4
08ba8
06e75
06e79
07093
070b9
070c1
07220
07234
072e3
073bf
073c3
0748b
07492
074bb
074c1
074d5
075f7
07621
0763b
076c2
07804
07813
07835
07ca6
07cb6
07d58
07e2c
07e35
07e47
07e4c
07ec7
07f7c
07f85
08014
080b2
085ba
087e3
0898a
0898e
08998
0899c
08a46
08af5
08af9
08afd
08b70
08b74
08baf
08bb3
08bb7
08bbb
08bbf
08bc3
08bc7
08bcb
08bcf
08bd3
08bd7
08bdb
08bdf
08be3
08be7
06eb6
070ce
070ed
070fb
07107
07269
07319
07328
073f8
074c2
074cd
074d7
074fa
07504
07596
0759a
07633
0765c
07674
07712
07839
07848
07cc7
07d71
07d80
07dc6
07e56
07e5f
07ed5
07ede
07f97
07f9c
0809a
08467
087dd
08863
08867
0886b
0886f
089d0
089d4
089d8
08a8d
08a91
08baf
08bea
08bee
08bf2
08bf6
08bfa
08bfe
08c02
08c06
08c0a
08c0e
08c12
08c16
08c1a
08c1e
08c22
06ef3
06ef7
06fdc
0712d
07135
07290
072a8
072cd
07356
07363
07506
0750c
07535
0753b
0754f
075d3
07668
07676
0769c
07719
07727
0774d
07ce2
07cf2
07d90
07dd8
07de1
07e71
07e76
07ef1
07fa6
07faf
07fc4
080ca
08632
086f6
088a2
088a6
088aa
088ae
08a0f
08a13
08a17
08acc
08bea
08bee
08c29
08c2d
08c31
08c35
08c39
08c3d
08c41
08c45
08c49
08c4d
08c51
08c55
08c59
08c5d
08c61
06f34
06fd4
06ff9
07007
07013
07175
07308
0730c
0739a
0753c
07547
07551
07570
07578
0760c
07610
076a9
076cc
076e4
07759
07783
0779d
07d02
07da8
07db7
07df0
07e80
07e89
07eff
07f08
07f43
07f48
0804e
084eb
086e3
088dd
088e1
088e5
088e9
08a4a
08a4e
08a52
08b01
08b05
08b35
08c27
08c2b
08c66
08c6a
08c6e
08c72
08c76
08c7a
08c7e
08c82
08c86
08c8a
08c8e
08c92
08c96
070e3
070e7
07187
071ab
071b6
07319
07328
074b5
0753e
0754d
075af
075b9
076ce
076e0
076e8
07712
077b2
077b6
07840
078e9
078f7
0791b
07d1d
07d2c
07dc6
07e80
07e89
07f19
07f1e
07f99
07fce
07fd7
08061
08120
086ab
08894
08a82
08a86
08a8a
08a94
08b38
08b3c
08bf1
08bf5
08bf9
08c9d
08ca1
08ca5
08ca9
08cad
08cb1
08cb5
08cb9
08cbd
08cc1
08cc5
08cc9
08ccd
08cd1
08cd5
08cd9
0711c
071c2
071e1
071f1
071fb
0735d
074f0
074f4
0757c
075b4
075bf
075c9
075ea
075f4
07719
07727
0774d
077ed
077f1
0792a
0794f
07969
07d3c
07dd8
07de1
07e98
07f28
07f31
07fa7
07fb0
07fe8
07fee
080ca
08263
086f6
08914
08ac1
08ac5
08acf
08ad3
08b77
08c2c
08c30
08c34
08c9b
08c9f
08cde
08ce2
08ce6
08cea
08cee
08cf2
08cf6
08cfa
08cfe
08d02
08d06
08d0a
08d0e
08d12
06fef
06ff3
07201
0722a
07230
07393
073a2
07451
0752d
07531
075f5
075fc
07623
07629
0763d
07759
07783
0779d
07824
0795a
0796b
0798b
07d55
07d64
07df0
07eaa
07eb3
07ec5
07eca
07f45
07ff6
07fff
08087
080f8
085ba
0890e
08af6
08afa
08afe
08b08
08bb2
08bb6
08c65
08c69
08c6d
08cde
08d17
08d1b
08d1f
08d23
08d27
08d2b
08d2f
08d33
08d37
08d3b
08d3f
08d43
08d47
08d4b
08d4f
0702e
0723c
0725d
0726b
07275
073d7
07488
07496
07566
0762a
07635
0763f
07660
0766a
076f8
076fc
07795
077be
077d6
07870
0798f
079a0
07d74
07e02
07e0b
07e44
07ed4
07edd
07f53
07f5c
08010
08016
080e2
08331
0876f
08988
089d3
089d7
089db
089df
08b40
08b44
08b48
08bfd
08d17
08d1b
08d54
08d58
08d5c
08d60
08d64
08d68
08d6c
08d70
08d74
08d78
08d7c
08d80
08d84
08d88
07069
0706d
0714a
0729e
072a4
07406
07416
0743b
074c5
074d1
0766c
07672
07699
0769f
076b3
07735
077ca
077d8
077fe
07877
07887
078a9
07d8d
07d9c
07e1a
07e56
07e5f
07eef
07ef4
07f6f
0801e
08027
0803b
0810c
08632
08857
08a0e
08a12
08a16
08a1a
08b7b
08b7f
08b83
08c38
08c3c
08d54
08d8d
08d91
08d95
08d99
08d9d
08da1
08da5
08da9
08dad
08db1
08db5
08db9
08dbd
08dc1
08dc5
070a8
07142
07167
07177
07181
072e3
07476
0747a
07508
076a0
076ab
076b5
076d2
076da
0776e
07772
0780b
0782e
07846
078b7
078dd
078f9
07dab
07e2c
07e35
07e6e
07efe
07f07
07f7d
07f86
07fc0
07fc6
080b2
08195
087e3
088a1
08a4d
08a51
08a55
08a59
08bba
08bbe
08bc2
08c71
08ca1
08ca5
08d8f
08dc8
08dcc
08dd0
08dd4
08dd8
08ddc
08de0
08de4
08de8
08dec
08df0
08df4
08df8
07251
07255
072f5
0731d
07324
07488
07496
0761d
076a2
076b1
07711
0771b
07830
07842
0784a
07870
0790a
0790e
07998
07a12
07a1e
07a35
07dc3
07dcc
07e44
07efe
07f07
07f97
07f9c
08011
08044
0804d
080be
0815c
08331
08988
08a4b
08bf2
08bf6
08c00
08c04
08ca8
08d57
08d5b
08d5f
08dff
08e03
08e07
08e0b
08e0f
08e13
08e17
08e1b
08e1f
08e23
08e27
08e2b
08e2f
08e33
08e37
08e3b
0728a
07330
07353
0735f
07369
074cb
07656
0765a
076de
07716
07721
0772b
0774c
07756
07877
07887
078a9
07943
07947
07a42
07a5a
07a76
07ddb
07e56
07e5f
07f16
07fa6
07faf
08021
08029
0805d
08063
0810c
0823d
086f6
08a3f
08c2d
08c31
08c35
08c3f
08ce1
08ce5
08d94
08d98
08dfd
08e01
08e40
08e44
08e48
08e4c
08e50
08e54
08e58
08e5c
08e60
08e64
08e68
08e6c
08e70
08e74
0715d
07161
0736f
07398
0739e
07502
07510
075bd
07691
07695
07757
0775e
07785
0778b
0779f
078b7
078dd
078f9
0797a
07a65
07a72
07a87
07ded
07df6
07e6e
07f28
07f31
07f43
07f48
07fc1
0806a
08073
080d6
08134
082b1
088a1
08abf
08c66
08c6a
08c74
08c78
08d1e
08dc7
08dcb
08dcf
08e40
08e79
08e7d
08e81
08e85
08e89
08e8d
08e91
08e95
08e99
08e9d
08ea1
08ea5
08ea9
08ead
08eb1
0719c
073aa
073cd
073d9
073e3
07545
075f2
07600
076c8
0778c
07797
077a1
077c2
077cc
07856
0785a
078f1
07916
07930
079b7
07a8b
07a98
07e05
07e80
07e89
07ec2
07f52
07f5b
07fd1
07fd9
08083
08089
08120
081fc
0876f
08ab9
08b3f
08b43
08b47
08b4b
08cac
08cb0
08cb4
08d63
08e79
08e7d
08eb6
08eba
08ebe
08ec2
08ec6
08eca
08ece
08ed2
08ed6
08eda
08ede
08ee2
08ee6
08eea
071d7
071db
072b8
0740c
07412
07575
07584
075a7
0762d
07639
077ce
077d4
077fb
07801
07815
07891
07922
07932
07954
079be
079ca
079e1
07e17
07e20
07e98
07ed4
07edd
07f6d
07f72
07fe9
08090
08099
080a6
08148
0837b
08914
089d2
08b7e
08b82
08b86
08b8a
08ce9
08ced
08d9c
08da0
08eb6
08eef
08ef3
08ef7
08efb
08eff
08f03
08f07
08f0b
08f0f
08f13
08f17
08f1b
08f1f
08f23
08f27
07216
072b0
072d9
072e5
072ef
07451
075e0
075e4
0766e
07802
0780d
07817
07834
0783c
078c8
078cc
07963
07984
0799e
079ed
07a06
07a22
07e2f
07eaa
07eb3
07eec
07f7c
07f85
07ff9
08001
08037
0803d
080f8
0816f
087e3
089bf
08bb9
08bbd
08bc1
08bc5
08d22
08d26
08d2a
08dd3
08e03
08e07
08ef1
08f2a
08f2e
08f32
08f36
08f3a
08f3e
08f42
08f46
08f4a
08f4e
08f52
08f56
08f5a
073bf
073c3
07463
0748b
07492
075f2
07600
0777f
07804
07813
0786f
07879
07986
07996
0799c
079b7
07a2a
07a2e
07a92
07afc
07b08
07b19
07c50
07e41
07e4a
07ec2
07f7c
07f85
08010
08016
08084
080ae
080b4
0813e
08318
08333
08988
08b70
08d58
08d5c
08d66
08d6a
08e0a
08eb9
08ebd
08ec1
08f61
08f65
08f69
08f6d
08f71
08f75
08f79
08f7d
08f81
08f85
08f89
08f8d
08f91
08f95
08f99
073f8
0749e
074c2
074cd
074d7
07633
077b8
077bc
07840
07874
0787d
07883
078a8
078b2
079be
079ca
079e1
07a54
07a58
07b26
07b38
07b54
07b98
07e59
07ed4
07edd
07f94
0801e
08027
08093
0809b
080bd
0810c
08197
0837b
08394
089d2
08bf0
08d95
08d99
08da3
08e43
08e47
08ef6
08efa
08f5f
08f9c
08fa0
08fa4
08fa8
08fac
08fb0
08fb4
08fb8
08fbc
08fc0
08fc4
08fc8
08fcc
08fd0
072cb
072cf
074dd
07506
0750c
07668
07676
0771f
077f3
077f7
078b3
078ba
078df
078e5
078fb
079ed
07a06
07a22
07a7c
07b43
07b50
07b5f
07bb5
07e6b
07e74
07eec
07fa6
07faf
07fc0
07fc6
08038
080c6
080cc
08152
08184
08197
088a1
08bea
08dc8
08dcc
08dd6
08dda
08e80
08f29
08f2d
08f31
08f9e
08fd7
08fdb
08fdf
08fe3
08fe7
08feb
08fef
08ff3
08ff7
08ffb
08fff
09003
09007
0900b
0730a
07518
0753c
07547
07551
076a9
07754
07762
0782a
078e6
078ef
078f5
0791a
07924
079ac
079b0
07a18
07a30
07a4c
07aad
07b63
07b70
07be6
07e83
07efe
07f07
07f40
07fce
07fd7
08047
0804f
080d5
08120
081d6
081fc
08265
08a4b
08c65
08caf
08cb3
08cb7
08e0e
08e12
08e16
08ec5
08fd5
0900e
09012
09016
0901a
0901e
09022
09026
0902a
0902e
09032
09036
0903a
0903e
09042
07345
07349
07426
0757a
07580
076d7
076e6
07709
0778f
0779b
07926
0792c
07951
07957
0796d
079d8
07a3c
07a48
07a5f
07ab4
07ac0
07ad1
07c03
07e95
07e9e
07f16
07f52
07f5b
07fe8
07fee
0805e
080de
080e4
0812a
08252
08265
08914
08b33
08ce8
08cec
08cf0
08cf4
08e4b
08e4f
08efe
08f02
09010
09049
0904d
09051
09055
09059
0905d
09061
09065
09069
0906d
09071
09075
09079
0907d
07384
0741e
07448
07453
0745d
075bd
07742
07746
077d0
07958
07961
07967
0798a
07992
07a00
07a04
07a6c
07a80
07a9c
07add
07af0
07b0c
07c34
07ead
07f28
07f31
07f6a
07ff6
07fff
0806d
08075
080a5
080f8
082a4
082ca
08333
08abf
08b7c
08d25
08d29
08d2d
08e84
08e88
08e8c
08f35
08f63
09047
09080
09084
09088
0908c
09090
09094
09098
0909c
090a0
090a4
090a8
090ac
090b0
06b7c
06b87
06bce
06bd9
06bf0
0752f
075cd
075ef
075f9
07604
07759
078d7
078db
07963
079b4
079ba
079d0
07a90
07a96
07aa8
07ac4
07b6a
07bdc
07d05
07ebf
07ec8
07f40
07ff6
07ffd
08083
08089
080d7
080f4
0813e
082c2
082ce
082d2
082d6
082da
08501
08af6
08cdb
08ebb
08ebf
08ec9
08ecd
08f69
09012
09016
090b4
090b8
090bc
090c0
090c4
090c8
090cc
090d0
090d4
090d8
090dc
090e0
06be7
06c33
06c37
06c46
07564
07568
0760a
07631
07637
0778f
0779b
07912
0798f
079a0
079c2
079c8
079de
079e4
079fa
07aba
07acc
07ae8
07c0d
07c77
07ed7
07f52
07f5b
0800c
08090
08099
080df
080fc
08100
08252
08331
08337
0833b
0833f
0837a
08540
08b3e
08ef4
08ef8
08efc
08f06
08fa0
08fa4
0904d
09051
090b6
090e4
090e8
090ec
090f0
090f4
090f8
090fc
09100
09104
09108
06c49
06c55
06c96
06ca1
06cb8
0743b
07643
07665
07670
0767a
077d0
07877
07887
0794b
079e5
079ef
079f6
07a0a
07a14
07ad8
07ae4
07af5
07c2a
07c8e
07ee9
07ef2
07f6a
0801e
08025
08037
0803d
080a7
08108
08152
082a4
08392
08398
0839c
083a0
083ed
08a0e
08d51
08f2b
08f2f
08f39
08f3d
08fdb
09080
09084
090e2
0910c
09110
09114
09118
0911c
09120
09124
09128
0912c
09130
09134
06a99
06aa4
06abb
06caf
07476
0747a
07680
076a7
076ad
07804
07813
078b7
0797e
07982
07a16
07a1c
07a32
07a38
07a4e
07b02
07b14
07b30
07c5a
07cb3
07f01
07f7c
07f85
07fbc
08044
0804d
080af
08110
08114
08180
08199
0819d
081a1
081a5
0830b
08477
08bb8
08e0e
08e12
08e16
08e1a
08f6d
08f71
0901a
0901e
0910e
09138
0913c
09140
09144
09148
0914c
09150
09154
09158
0915c
06aae
06ab9
06b00
06b0b
06b22
074b5
07592
076ce
076e0
076e8
07840
07865
07869
078f1
07a39
07a44
07a4a
07a5e
07a68
07b20
07b2c
07b3d
07b8e
07cca
07f13
07f1c
07f94
07fce
07fd5
0805d
08063
080bf
0811c
0812a
081fc
08202
08206
0820a
0823c
08477
08a82
08ca0
08e4b
08e4f
08e53
08e57
08fa8
08fac
09055
09136
09160
09164
09168
0916c
09170
09174
09178
0917c
09180
09184
09188
06b19
06b65
06b69
06b78
074f0
074f4
0758e
075bb
075c1
07719
07727
078a0
07922
07932
07a6a
07a70
07a84
07a8a
07a9e
07b4a
07b58
07b74
07bbf
07cef
07f2b
07fa6
07faf
07fe4
0806a
08073
080c7
080e8
080ec
08184
08263
08269
0826d
08271
082b0
08501
08c2c
08e84
08e88
08e8c
08e90
08fdf
08fe3
09088
0908c
090ba
09162
0918c
09190
09194
09198
0919c
091a0
091a4
091a8
091ac
06aa4
06abb
06bad
06c8e
06c92
06caf
06d81
06d89
06dc1
07691
07695
07731
07757
0775e
078b0
078c0
07a6c
07aaa
07ab0
07ac6
07b68
07b6e
07bdc
07cac
07dae
07f3d
07f46
07fbc
0806a
08071
080d5
08111
0812e
08132
08195
0819b
0819f
081a9
081ea
082b0
082b4
082b8
084bf
084c3
086c1
08e3e
09014
09018
09022
090bc
090c0
091b2
091b6
091ba
091be
091c2
091c6
091ca
091ce
091d2
091d6
06a93
06aae
06ab9
06b11
06c12
06c16
06dc8
06e03
06e11
076c8
0776a
0778c
07797
077a1
078f1
07a8b
07a98
07ab8
07abe
07ace
07ad4
07aea
07c0d
07cd1
07d29
07f55
07fce
07fd5
0807f
080de
080e4
0811d
0813a
081e7
08200
08204
0820e
08212
08315
08319
0831d
08321
08506
0858c
08b3f
0904b
0904f
09059
0905d
090e8
091b0
091d8
091dc
091e0
091e4
091e8
091ec
091f0
091f4
091f8
06af8
06afc
06b19
06b72
06b89
06c77
06e0b
06e13
06e46
075a5
075a9
077a7
077ce
077d4
07922
07932
079c4
07ad5
07adf
07ae6
07af4
07afe
07c2a
07ce8
07d3f
07f67
07f70
07fe4
08090
08097
080a5
080e9
08142
08146
08263
08269
0826d
08277
082a3
0837a
0837e
08382
08543
08547
085cb
08eb4
09082
09086
09090
09110
09114
091da
091fe
09202
09206
0920a
0920e
09212
09216
0921a
0921e
06a6b
06b5f
06b63
06b80
06bd9
06bf0
06cf2
06e4a
06e50
075e2
077e0
07802
0780d
07817
07963
079e8
079f4
07b00
07b06
07b16
07b1c
07b32
07c5a
07d0c
07d61
07f7f
07ff6
07ffd
08033
080ae
080b4
080f5
0814e
0816d
08171
08175
082c1
082cd
082d1
082d5
082df
0830c
083f2
085cb
08bb9
08f6d
08f71
08f75
08f79
0913c
091fc
09220
09224
09228
0922c
09230
09234
09238
0923c
09240
06ad0
06ad4
06bc8
06be3
06bee
06c46
06cf7
06cff
06d37
0761b
0761f
076f6
0783e
07844
0798f
079a0
07a18
07b1d
07b28
07b2e
07b3c
07b46
07b8e
07c70
07d77
07f91
07f9a
0800c
08044
0804b
080bd
080fd
08156
0815a
081d6
081da
081de
08330
08336
0833a
08344
08348
08435
08439
08649
08e03
08fa8
08fac
08fb0
09164
09168
09222
09246
0924a
0924e
09252
09256
0925a
0925e
09262
09266
06b39
06c2d
06c31
06c4e
06ca1
06cb8
06d3e
06d79
06d87
07658
076ee
07716
07721
0772b
0787f
07a3c
07a48
07b48
07b4e
07b5c
07b62
07b76
07bbf
07c95
07d99
07fa9
0801e
08025
08059
080c6
080cc
08109
08126
08184
0823d
08241
08245
08391
08397
0839b
083a5
083a9
0847c
08649
08c2d
08fdf
08fe3
08fe7
08feb
0918c
091b4
09244
09268
0926c
09270
09274
09278
0927c
09280
09284
06c00
06c14
06c1e
06c44
06c52
06d0d
06d20
06d37
06d42
06e03
06ec8
06ed5
070f8
07b9b
07c53
07c5e
07e1e
0800b
08106
081d7
08305
08310
0832b
0834a
0836d
083aa
08417
0843c
08468
08481
084fb
085ae
085c5
085cf
085d3
085fb
0860e
08612
08765
08782
087bc
08825
0885d
08873
08967
089c6
089d3
089e3
089e7
08b0c
08bfa
0928a
0928e
09292
09296
0929a
0929e
092a2
092a6
092aa
092ae
06c66
06c7d
06ca0
06cad
06cb6
06d54
06d75
06d83
06d8c
06eff
06f0f
06f18
07b8e
07b98
07bbd
07cee
07e39
08058
0812e
08169
08186
081af
08373
0837d
08395
083b0
08483
084a8
084c4
0852b
08542
085ed
08604
08616
0861a
0863d
0864d
08651
087a2
087c2
087f9
08853
0889a
088b0
089a0
089e9
08a10
08a20
08a24
08b8c
09288
092b3
092b7
092bb
092bf
092c3
092c7
092cb
092cf
092d3
06a6b
06a7b
06a82
06aa8
06ab6
06cef
06da4
06dba
06dc8
06dd1
06f46
06f52
07004
07bb8
07bc3
07be9
07dca
07fbb
0811a
08161
08171
0818a
08198
081b3
081ed
08216
083df
083f0
084c8
084ef
08509
085b3
0862e
08653
08657
08673
0868a
0868e
0872c
087fd
0881d
08832
08896
088d7
088ed
08a03
08a44
08a5b
08a5f
08b00
08c6e
092d8
092dc
092e0
092e4
092e8
092ec
092f0
092f4
092f8
092fc
06ade
06ae7
06b0a
06b17
06b20
06de7
06def
06e06
06e12
06f7d
06f8d
06f96
07bdc
07be6
07c0b
07c76
07de5
0807e
08142
081d0
081ef
081f6
08218
0824f
0827b
08379
0842d
084e6
0850f
08535
0854a
0866b
08682
08694
08698
086b7
086c5
086c9
086f8
08707
08834
088b7
088f2
0891f
0892c
08a40
08a84
08a98
08a9c
08b38
092d7
09301
09305
09309
0930d
09311
09315
09319
0931d
09321
06b39
06b49
06b50
06b76
06b84
06d79
06e28
06e3e
06e4c
06e55
06fbe
06fca
0707e
07c06
07c11
07c37
07df4
07fe3
080f2
0816c
0823f
08257
0825e
08280
082a6
082e3
083d2
083d8
083f6
0846b
0847a
0856f
08577
0858e
08592
0863f
086cb
086cf
086e5
0870b
08742
087b1
08910
08953
08969
08a09
08aa0
08acb
08ad7
08adb
08c43
09326
0932a
0932e
09332
09336
0933a
0933e
09342
09346
0934a
06b9b
06bb5
06bd8
06be5
06bee
06cca
06ceb
06cf9
06d02
06e81
06e91
06e9a
07c2a
07c34
07c58
07cb2
07e0f
08032
08156
0829c
082a8
082b4
082cd
082e8
08312
0834f
083f9
0841c
0843d
084a9
084be
0856b
08596
0859a
085b6
085d5
085d9
0867e
08746
08771
08785
08931
0896e
08993
089a4
08aba
08af8
08b0e
08b12
08bb2
09289
0934e
09352
09356
0935a
0935e
09362
09366
0936a
0936e
06ddd
06de6
06def
06e06
06e12
06ea4
06eb5
06ec9
06ed5
06f7c
0703e
0704a
07257
07b9f
07c79
07d05
07d0c
07e9b
0807e
081ef
0830e
084e5
084f0
084fd
08510
0852f
0854f
085cc
085f4
0860b
08674
08725
0873d
0874b
0874f
08773
08787
0878b
088d3
088f6
0892a
08995
089cc
089e1
08adf
08b34
08b40
08b52
08b56
08c7c
08d60
0928c
09300
09373
09377
0937b
0937f
09383
09387
0938b
0938f
06e20
06e2b
06e3f
06e4c
06e55
06ee6
06f02
06f0b
06f18
07071
07081
0708c
07b90
07bc6
07c72
07c7c
07c9b
07eb4
0814c
08256
08373
083d3
083e3
0852b
0853a
0854d
085ee
0861c
0863e
0864c
086bc
08763
0877a
0878e
08792
087b3
087c4
087c8
08910
08934
08969
089c1
08a09
08a1e
08b16
08b58
08b7d
08b8f
08b93
08cf6
0928f
092b4
09328
09393
09397
0939b
0939f
093a3
093a7
093ab
06cc7
06cd3
06cdb
06cf2
06cfd
06e80
06f30
06f41
06f4a
06f57
070b7
070c4
07169
07bd2
07c8e
07c95
07cb5
07e47
08032
08172
082a8
083cb
083e2
083e9
083fd
08427
08441
08588
08652
08673
08689
0872b
087a3
087c9
087cd
087e7
087fc
08803
0889c
0896e
0898b
089a6
08a04
08a46
08a5b
08b71
08bb4
08bc9
08bce
08c6e
08dd0
092d9
0934d
093af
093b3
093b7
093bb
093bf
093c3
093c7
093cb
06d14
06d1d
06d31
06d3e
06d47
06f6c
06f72
06f86
06f91
070ee
070fb
07106
07bde
07c14
07cae
07cb8
07cd7
07e60
08124
0823a
0832a
08418
0842a
0843a
08466
0847f
085be
0866c
0869a
086b6
086c4
087dd
087f4
08808
0880c
08827
08838
0883c
08866
0887b
0899f
08a2a
08a64
08a8e
08a9a
08bae
08bf1
08c06
08c0b
08ca6
09290
09302
09306
093cf
093d3
093d7
093db
093df
093e3
093e7
06d51
06d5d
06d65
06d7c
06d87
06efe
06fa8
06fb9
06fc2
06fcf
0712b
07138
071e3
07c08
07cca
07cd1
07cf1
07e71
08058
0823e
08374
0845a
0846c
08473
08487
084ab
084cb
08574
0857d
0859d
08606
086e8
086f1
08708
0870f
087b1
0883d
08841
08853
0887d
088b0
08921
08a7e
08ac1
08ad5
08b75
08c0f
08c39
08c46
08c4a
08da7
092b9
0932b
093eb
093ef
093f3
093f7
093fb
093ff
09403
09407
06d9c
06da7
06dbb
06dc8
06dd1
06e68
06e84
06e8d
06e9a
06ffa
07007
07012
07bb4
07c59
07cea
07cf4
07d12
07e8a
08138
0818e
08309
084a2
084ae
084c8
084ea
08509
0856a
0859e
085bb
085d6
08644
086e6
08712
08716
0872e
08746
08753
087ee
088b5
088e0
088f7
08aa4
08ade
08b02
08b10
08c28
08c66
08c7a
08c81
08d1c
092de
09350
09354
0940a
0940e
09412
09416
0941a
0941e
09422
06f63
06f6b
06f75
06f86
06f91
0701c
0702d
07043
0704a
070ec
071ad
071b8
073cf
07be1
07c7a
07d2b
07dae
07db4
07f19
081f0
0842c
0866b
08676
08683
08693
086b0
086d4
08745
0876a
08783
087e8
08894
088ab
088bc
088c0
088df
088f8
088fc
08a41
08a68
08a98
08b01
08b3a
08b51
08c4e
08ca2
08cac
08cbe
08cc2
08dde
08ec2
09302
0934c
09377
09429
0942d
09431
09435
09439
0943d
09441
06fa1
06fab
06fb7
06fc4
06fcf
0705c
0707b
07083
0708c
071e4
071ef
071fa
07bf6
07c3b
07c98
07d25
07d2e
07d4b
07f32
083dc
08472
08571
08581
086ae
086ba
086cb
08764
08794
087b2
087c4
0882c
088d1
088e8
088fe
08902
08922
08935
08939
08a7e
08aa6
08ad5
08b2f
08b77
08b8e
08c85
08cc4
08ce7
08cf9
08cfd
08e58
0928f
0932a
09393
09443
09447
0944b
0944f
09453
09457
0945b
06e66
06e71
06e79
06e8a
06e95
06ff8
070a4
070b8
070c0
070c9
07226
07232
072dc
07c2f
07c93
07d3f
07d45
07d63
07ec5
082a9
084a9
08569
08580
08587
08597
085bf
085de
08702
087c0
087e7
087f9
08899
08911
08930
0893d
08953
0896b
08974
08a0a
08add
08afa
08b19
08b72
08bb4
08bcb
08cdd
08d1e
08d31
08d36
08dd0
08f32
09330
09355
093b3
09461
09465
09469
0946d
09471
09475
09479
06eac
06eb5
06ec3
06ece
06ed9
070de
070e4
070fa
07101
07258
07269
07274
07b97
07c55
07cd4
07d5d
07d66
07d83
07ede
08429
084fb
085b0
085c2
085cc
085f8
0860b
08739
087de
0880e
08826
08838
0894a
08962
08978
0897c
08996
089a9
089ad
089d5
089ee
08b0d
08b99
08bd3
08bfc
08c0a
08d18
08d57
08d6c
08d71
08e08
0928a
092dd
093cf
0947b
0947f
09483
09487
0948b
0948f
09493
06ee2
06eef
06ef7
06f08
06f13
0706f
07118
0712c
07134
0713c
0729a
072a6
07356
07b93
07ccf
07d77
07d7d
07d9b
07eef
08181
0852b
085ed
085fe
08605
08615
08637
0865c
086ee
086fa
08719
0877c
08857
08860
08875
08880
08921
089a0
089b1
089c1
089ef
08a1e
08a8d
08bec
08c2f
08c45
08ce1
08d75
08d9d
08daa
08dae
08f09
092b1
09307
093ef
09499
0949d
094a1
094a5
094a9
094ad
094b1
06f28
06f33
06f3f
06f4c
06f57
06fe2
07001
07009
07012
0716a
07175
07180
07ba5
07bed
07d0f
07d95
07d9e
07dba
07f08
083de
084ad
0862e
0863a
08652
08670
08689
086e4
0871a
08734
08751
087b8
08854
08879
08886
0889d
088b2
088c3
0895e
08a26
08a4e
08a69
08c13
08c4d
08c70
08c80
08d8e
08dc7
08ddc
08de3
08e7e
092b7
092da
0940a
09497
094b6
094ba
094be
094c2
094c6
094ca
070d6
070df
070e7
070f5
07101
0718b
0719b
071b0
071b8
07260
0731a
07326
0753e
07baf
07cb1
07d2c
07dcb
07e32
07f97
08429
085c6
087dd
087e8
087f5
08807
0881d
08837
088b4
088d7
088ed
08956
08a02
08a19
08a2e
08a32
08a4d
08a5f
08a6a
08baf
08bd3
08c08
08c6f
08ca8
08cbd
08db2
08e04
08e0e
08e20
08e24
08f40
0901a
092db
092e3
092e7
093cf
0942a
094d1
094d5
094d9
094dd
094e1
07111
0711b
07128
07133
0713c
071ca
071ea
071f2
071fa
0734f
0735d
07368
07bd4
07cc1
07cf8
07d48
07dcd
07de4
07fb0
0857b
08606
086ec
086f9
0881d
0882a
0883d
088d2
08903
0891f
0892d
0899a
08a3f
08a56
08a6c
08a70
08a8f
08a9c
08aa7
08bec
08c10
08c45
08c9d
08ce3
08cf8
08de7
08e26
08e49
08e5b
08e5f
08fb4
092e3
09307
0930c
09310
09444
094e4
094e8
094ec
094f0
094f4
06fe0
06fec
06ff3
07001
0700d
0716c
07212
07227
0722f
07237
07394
073a1
0744b
07bfd
07ced
07d44
07dde
07df5
07f43
084ad
08635
086e3
086fb
08701
08713
08735
08750
08870
0892e
08953
08969
08a09
08a7f
08aa3
08aab
08ac1
08ad7
08adb
08b76
08c44
08c68
08c88
08cde
08d1e
08d33
08e3f
08e80
08e93
08e98
08f32
09088
0932a
09331
09335
0940a
09462
094fb
094ff
09503
09507
0950b
07026
0702d
0703d
07045
0704f
0724d
07252
07268
0726f
073c9
073d7
073e2
07c22
07c7a
07d0a
07d80
07df7
07e0e
07f5c
085c1
08683
08729
0873b
08745
0876e
08783
088a7
0894c
0897d
08993
089a5
08ab9
08ad0
08ae6
08aea
08b03
08b12
08b1b
08b42
08b5d
08c7b
08d03
08d3b
08d62
08d70
08e7a
08eb9
08ece
08ed3
08f66
09331
09353
09359
0935d
0947c
0950e
09512
09516
0951a
0951e
0705a
07065
0706d
0707b
07087
071e5
07286
0729b
072a3
072ab
07407
07414
074c5
07c4a
07c75
07d7c
07e08
07e1f
07f6d
083dc
086ae
08763
08774
0877b
0878d
087a9
087c3
0885c
08865
0887e
088ea
089c5
089cb
089e3
089e7
08a8d
08b16
08b1f
08b2f
08b59
08b8e
08bfb
08d54
08d93
08da9
08e43
08ed7
08eff
08f0c
08f10
0905f
0928f
09296
0929a
09393
0949a
09525
09529
0952d
09531
09535
0709d
070a7
070b4
070bf
070c9
07150
07170
07178
07180
072d5
072e3
072ee
07b86
07c85
07cbc
07db7
07e21
07e38
07f86
0857e
08639
087a3
087af
087c0
087e3
087f9
08852
08889
088a2
088b3
08926
089c2
089ec
089f4
08a08
08a20
08a24
08aca
08b8d
08bbc
08bd7
08d79
08db1
08dd2
08de2
08ef0
08f2a
08f3e
08f45
08fd8
09295
092b7
092be
092c2
094b3
09538
0953c
09540
09544
09548
07243
0724c
07255
07266
0726f
072f8
07309
0731e
07326
073c8
07483
07494
076a2
07c20
07c8c
07d86
07e49
07eb0
08013
085c1
0873e
0894a
08956
08963
08978
0898b
089a9
08a26
08a46
08a5b
08ac4
08b70
08b87
08b9c
08ba0
08bbb
08bce
08bd8
08d19
08d3b
08d6e
08dd1
08e0a
08e1f
08f14
08f62
08f6c
08f7e
08f82
09096
0913a
0934d
093b5
093b9
0947d
094d0
0954f
09553
09557
0955b
0955f
0727e
07289
07296
072a3
072ab
07338
07352
07360
07368
074ba
074cb
074d6
07bd7
07ca7
07d7c
07de1
07e4b
07e62
08029
086f5
0877c
0885a
08867
0898b
08998
089ae
08a40
08a71
08a8e
08aa2
08b08
08bad
08bc4
08bda
08bde
08bfd
08c0b
08c15
08d54
08d76
08da9
08dff
08e45
08e5a
08f49
08f84
08fa6
08fb7
08fbb
090ec
09290
093cf
093d5
093d9
094e3
09562
09566
0956a
0956e
09572
0714d
07159
07161
07172
0717b
072d4
07380
0738f
0739d
073a5
074fd
0750e
075b7
07c00
07cc8
07dbd
07e5c
07e73
07fc3
08639
087ac
08851
08868
0886f
08884
088a4
088c1
089de
08aa0
08ac1
08ad5
08b75
08bed
08c12
08c19
08c2f
08c45
08c4a
08ce2
08da8
08dc9
08dea
08e40
08e80
08e95
08f9b
08fda
08fed
08ff2
09088
0918a
0932c
093f1
093f5
094b4
094fa
09579
0957d
09581
09585
09589
07193
0719b
071a8
071b5
071bd
073ba
073c0
073d6
073de
07534
07545
07550
07bab
07ce3
07d32
07e0b
07e75
07e8c
07fd9
0873a
087f5
08897
088a9
088b4
088dd
088ed
08a15
08aba
08aeb
08b02
08b18
08c27
08c3e
08c54
08c58
08c71
08c81
08c89
08cae
08cc9
08ddd
08e65
08e9d
08ec4
08ed2
08fd4
09011
09026
0902b
090bc
092de
0940a
09410
09414
0950d
0958c
09590
09594
09598
0959c
071c7
071d3
071db
071ec
071f6
0734e
073f4
07405
07411
07419
07573
07582
0762d
07c4d
07d03
07d4e
07e86
07e9d
07feb
0857b
08820
088d1
088e2
088e9
088fe
08917
08935
089ca
089d4
089f0
08a58
08b33
08b3b
08b51
08b56
08bfb
08c85
08c8d
08c9d
08cc5
08cf8
08d61
08eb6
08ef6
08f0b
08f9f
0902f
09055
09062
09066
0916a
092ff
0937a
0937e
09445
09524
095a3
095a7
095ab
095af
095b3
0720a
07215
07222
0722f
07237
072be
072d8
072e6
072ee
07440
07451
0745c
07b89
07c6b
07d44
07e35
07e9f
07eb6
08001
086fb
087ae
08911
0891c
0892e
08950
08969
089c0
089f7
08a10
08a28
08a94
08b30
08b5b
08b62
08b78
08b8e
08b93
08c38
08cf7
08d24
08d3f
08edb
08f13
08f34
08f44
09046
0907f
09094
0909b
09110
092b2
09393
09399
0939d
09537
095b6
095ba
095be
095c2
095c6
073b1
073bb
073c3
073d2
073de
07466
07477
0748c
07494
07533
075ed
075fe
07804
07c27
07d3a
07e11
07ec7
07f2e
08086
082ce
0873a
088ac
08ab9
08ac4
08ad1
08ae6
08afa
08b1b
08b95
08bb4
08bcb
08c32
08cdc
08cf1
08d06
08d0a
08d23
08d36
08d40
08e7b
08e9d
08ed0
08f33
08f68
08f7d
0906a
090b8
090c2
090c7
0913a
091b8
093b2
09464
09468
0950e
0954e
095cd
095d1
095d5
095d9
095dd
073ed
073f7
07403
07411
07419
074a6
074c1
074ce
074d6
07622
07633
0763e
07c43
07cab
07d59
07e5f
07ec9
07ee0
0809b
08343
08862
088ea
089c8
089d6
08afa
08b06
08b1c
08bae
08bdf
08bfc
08c11
08c76
08d17
08d2c
08d42
08d46
08d63
08d71
08d7b
08eb6
08ed8
08f0b
08f5f
08fa1
08fb6
0909f
090cb
090ec
090f1
09164
0928b
0947d
09482
09486
09561
095e0
095e4
095e8
095ec
095f0
072ba
072c8
072cf
072de
072ea
0743f
074ee
074fe
0750b
07513
07663
07675
07719
07b8b
07d72
07e3b
07eda
07ef1
0803a
08396
087ae
08919
089bf
089d7
089dd
089f2
08a12
08a33
08b4c
08c0f
08c2f
08c45
08ce1
08d55
08d78
08d7f
08d93
08da9
08dae
08e44
08f0a
08f2c
08f4c
08f9c
08fda
08fef
090e2
09112
09119
0911d
09200
093ee
0949c
094a0
09538
09578
095f7
095fb
095ff
09603
09607
07301
07309
07313
07322
0732b
07528
0752e
07544
0754c
07698
076a9
076b4
07ba4
07ce7
07d91
07e89
07ef3
07f0a
0804f
081a7
088a8
08963
08a05
08a17
08a26
08a4b
08a5b
08b82
08c28
08c59
08c70
08c87
08d8d
08da2
08db8
08dbc
08dd3
08de3
08deb
08e10
08e2b
08f3f
08fc1
08ff7
0901c
0902a
0910c
0913c
09143
09147
092d9
094b4
094b9
094bd
0958b
0960a
0960e
09612
09616
0961a
07334
07341
07349
07359
07363
074b9
07562
07574
0757f
07587
076d5
076e4
0778f
07bd9
07da9
07de7
07f04
07f1b
08060
08200
086f5
0898d
08a3f
08a50
08a57
08a6c
08a86
08aa7
08b38
08b41
08b5e
08bc6
08ca1
08ca9
08cbd
08cc2
08d61
08de7
08def
08dff
08e27
08e5a
08ec3
0900e
0904b
09061
090e6
09149
0916a
0916f
09248
09376
0942d
09431
094e4
095a2
09621
09625
09629
0962d
09631
07379
07383
0738d
0739d
073a5
0742c
07447
07454
0745c
075ac
075bd
075c8
07bf5
07c6f
07d21
07eb3
07f1d
07f34
08075
08275
08868
0891b
08a7f
08a8b
08aa0
08abf
08ad5
08b2e
08b65
08b7d
08b97
08c02
08c9e
08cc7
08cce
08ce4
08cf8
08cfd
08d9c
08e59
08e86
08ea1
09033
09069
0908a
0909a
09160
0918c
09195
09199
0932a
09445
0944a
0944e
095b5
09634
09638
0963c
09640
09644
0751f
07529
07531
07541
0754c
075d2
075e1
075f6
075fe
07697
0774f
07760
0795a
07ce7
07dd9
07e8f
07f45
07fac
080d5
081a9
082b5
082ce
088a8
08a1a
08c27
08c32
08c3f
08c54
08c68
08c89
08cff
08d1e
08d33
08d96
08e3e
08e53
08e68
08e6c
08e85
08e98
08ea2
08fd5
08ff7
09028
09089
090be
090c6
09192
091b8
091bd
0926a
09462
094fc
09500
0958c
095cc
0964b
0964f
09653
09657
0965b
0755b
07565
07572
0757f
07587
07610
07629
07636
0763e
07784
07795
077a0
07cfb
07d5a
07df1
07edd
07f47
07f5e
080e3
0821b
08322
08343
089d2
08a58
08b36
08b43
08c68
08c74
08c8a
08d18
08d47
08d62
08d77
08dd8
08e79
08e8e
08ea4
08ea8
08ec5
08ed3
08edd
0900e
09030
09061
090b5
090e8
090f0
091b0
091dc
091e1
09375
0950e
09513
09517
095df
0965e
09662
09666
0966a
0966e
0742a
07435
0743d
0744d
07457
075ab
07654
07664
07671
07679
077c5
077d6
07877
07c6f
07e03
07eb9
07f58
07f6f
080a5
08277
0837f
08396
0891b
08a88
08b2d
08b44
08b4b
08b60
08b7f
08ba1
08cb8
08d75
08d93
08da9
08e43
08eb7
08eda
08ee1
08ef6
08f0b
08f10
08fa0
09060
09081
090a2
090e3
09112
0911a
091e5
09203
09207
0949a
09526
0952a
095b6
095f6
09675
09679
0967d
09681
09685
0746e
07477
07482
07490
07499
0768c
07692
076a8
076b0
077fa
0780b
07816
07c84
07d92
07e1b
07f07
07f71
07f88
080b3
08179
081a7
082e9
08a16
08ad1
08b73
08b84
08b95
08bb8
08bcb
08cec
08d8e
08dbd
08dd2
08de9
08eef
08f04
08f1a
08f1e
08f35
08f45
08f4d
08f6e
08f89
09095
090f9
09120
09142
091fc
09224
09229
093b1
09538
0953d
09541
09609
09688
0968c
09690
09694
09698
074a4
074af
074b7
074c7
074d1
07621
076c4
076d6
076e1
076e9
07837
07846
078e9
07cab
07e2d
07e65
07f82
07f99
080bd
081da
08200
08345
08862
08afc
08bad
08bbe
08bc5
08bda
08bf3
08c15
08ca6
08cad
08cca
08d2e
08e03
08e0b
08e1f
08e24
08ec3
08f49
08f51
08f5f
08f85
08fb6
0901b
09137
09166
0916e
0922d
0924b
0924f
0942a
094d3
094d7
09562
09620
0969f
096a3
096a7
096ab
096af
074e6
074f1
074fc
0750b
07513
0759a
075b3
075c0
075c8
0770e
0771f
0772a
07cc0
07d22
07dc7
07f31
07f9b
07fb2
080cb
08247
08275
083b1
089d7
08a8a
08bed
08bf8
08c0f
08c2c
08c45
08c9c
08cd1
08ce7
08d01
08d68
08e00
08e29
08e30
08e46
08e5a
08e5f
08efe
08fb5
08fe0
08ffb
0914d
09174
09194
09244
09268
0926f
093ed
094e4
094e9
094ed
09633
096b2
096b6
096ba
096be
096c2
07683
0768d
07695
076a5
076b0
07734
07743
07758
07760
077f9
078ab
078bc
07a65
07d92
07e57
07f0d
07fc0
08027
08112
08168
08186
08199
081a9
081b6
081ba
082bb
083ff
08a16
08b88
08d8d
08d96
08da3
08db8
08dca
08e3e
08e67
08e82
08e97
08efa
08f9d
08fc0
08fc6
08fdb
08fef
08ff4
09089
09117
09143
091b4
091bc
0926a
094f9
09578
0957d
09609
09649
096c8
096cc
096d0
096d4
096d8
076bc
076c7
076d4
076e1
076e9
07772
0778b
07798
077a0
078de
078ef
078f9
07da5
07df2
07e6f
07f5b
07fc5
07fda
08120
081b0
081ed
08200
08210
0821d
08221
08322
084f5
08b3f
08bc6
08ca4
08cbd
08dcb
08dd8
08ded
08e7c
08eb9
08ec6
08edd
08f3b
08fd6
08ff9
09000
09012
09028
0902d
090bd
09141
0916d
091c1
091e0
092ea
0957a
09590
09594
09621
096da
096de
096e2
096e6
096ea
07598
075a1
075a9
075b9
075c4
0770d
077b6
077c6
077d3
077db
0791d
0792f
079be
07d22
07e81
07f37
07fd7
07fe8
080ea
081cf
08249
08262
0826a
0827b
08286
0837f
08489
08a8a
08bf5
08c9b
08cb0
08cb7
08ccc
08cea
08e12
08eb4
08ede
08efd
08f0d
08fa0
09021
09037
0903b
09056
09064
0906e
09161
09174
091c4
091e5
09204
09523
095a2
095a7
09633
09673
096f0
096f4
096f8
096fc
09700
075d8
075e1
075ec
075fa
07603
077ee
077f4
0780a
07811
07950
07961
0796b
07d36
07e1c
07e99
07f85
07fed
08002
080f8
08179
0827e
082bd
082ce
082de
082eb
082ef
084ce
08b83
08c3f
08cdf
08cee
08cff
08d22
08d3f
08e54
08ef2
08f2a
08f36
08f4d
09048
0906a
09072
09080
09098
0909d
090b9
09110
09192
091fc
09226
09338
095a4
095ba
095be
095cd
09702
09706
0970a
0970e
09712
0760e
07617
0761f
0762f
0763a
07783
07826
07838
07843
0784b
0798d
0799d
07a12
07d5a
07eab
07ee3
07fff
08010
080fe
081da
0829d
08311
08330
08338
0834d
08354
0841b
089d2
08c6a
08d17
08d26
08d2d
08d42
08d5a
08e03
08e0a
08e1f
08e88
08f40
08f64
08f6d
08f80
08f8a
0908f
090a5
090a9
090c3
090ef
0920c
0922d
0924c
094cf
09550
09554
095df
0969d
09718
0971c
09720
09724
09728
0764c
07657
07662
07671
07679
076fc
07715
07722
0772a
0786c
0787d
07887
07d6e
07dc8
07e45
07faf
08015
0802a
0810c
08247
08349
08387
08396
083a6
083b4
083b8
08552
08b44
08bf7
08d55
08d5e
08d75
08d92
08db5
08e00
08e43
08e4a
08e6d
08ecb
08f76
08f8c
08f90
08fa7
08fb9
08fc9
090e3
090f6
09164
09244
0926c
0929c
09550
09566
0956a
095f7
0972a
0972e
09732
09736
0973a
077e6
077ef
077f7
07807
07811
07890
0789f
078b4
078bc
0794f
079e3
079f4
07b43
07e1c
07ed5
07f8b
08037
08099
0814e
08168
08175
0817d
08196
081bd
0835a
083a5
083d4
083e1
083ff
08404
0854c
0863e
08ceb
08d98
08ef7
08f03
08f19
08f2c
08f4d
08fc3
08fdc
08ff1
0904f
090e4
090fc
09100
09118
0911d
0918b
09201
09227
09339
095e3
095f9
095fd
0968a
0973f
09743
09747
0974b
0974f
0781f
07829
07836
07843
0784b
078cc
078e5
078f2
078f9
07a07
07a18
07a23
07e29
07e70
07eed
07fd5
0803c
08050
0815c
08199
081b0
081dc
081e4
081fd
08224
083bb
08406
08426
08444
08449
085d7
08bc0
08d2d
08e04
08e11
08f2c
08f38
08f4e
08fd6
09011
0901e
09035
09091
0910e
09127
0912b
09142
09147
09221
0922e
092ea
0958c
0960b
09610
0969c
096db
09754
09758
0975c
09760
076fa
07703
0770b
0771b
07725
0786b
0790e
0791e
0792b
07932
07a37
07a48
07ab4
07dc8
07eff
07fb5
0804d
0805d
08126
081a1
081cf
0820e
0823c
08247
0825a
08284
08419
08464
0847f
0848c
08534
086b4
08cb2
08d69
08e10
08e17
08e2d
08e4b
08e6d
08f78
09036
09053
09063
090e7
0914c
09153
09167
0916f
09179
09249
0926d
09311
0960d
09623
09627
096b4
09765
09769
0976d
09771
09775
0773a
07743
0774e
0775c
07765
07944
0794a
07960
07968
07a5b
07a6c
07a76
07dd5
07e9a
07f17
07ffd
08062
08076
08134
08225
08267
0827e
082b0
082bb
082cc
082f2
0845e
084a8
084c4
084d1
08574
08c34
08d97
08e3f
08e4f
08e56
08e6f
08e95
08fab
09048
0907f
0908c
090a3
09162
0917b
0917f
09194
09199
091b5
09268
092b8
095b6
09635
0963a
09648
09703
0977a
0977e
09782
09786
07770
07779
07781
07791
0779c
078dd
0797c
0798e
07999
079a0
07a89
07a98
07afc
07df2
07f29
07f61
08073
08083
0813a
0826f
0829d
082dc
08311
0831f
08326
08352
0841e
084d5
084f9
08513
08518
0868c
08d28
08dd9
08e86
08e8d
08ea3
08ebb
08edd
08f68
08f7d
08fe2
09096
090ba
090c4
090c9
0913b
091a1
091a5
091b9
091df
0935e
095cb
095d0
095d4
09660
0978b
0978f
09793
09797
0979b
077ae
077b9
077c4
077d3
077db
0785a
07873
07880
07887
079b3
079c4
079ce
07dff
07e46
07ec3
08025
08088
0809c
08148
082f3
08335
08349
0837a
08385
08394
083bc
084e8
0852e
08548
08556
085f4
08b46
08cb7
08eb5
08ebf
08ecc
08ee5
08f0b
08f60
08f9f
08fa7
08fc9
09023
090ce
090d5
090e9
090f1
09101
091d9
091e6
0929c
09562
095e1
095e6
09672
0972b
097a0
097a4
097a8
097ac
06c2d
0793b
07945
0794d
0795d
07968
079d7
079e4
079f0
079f9
07acd
07add
07ae8
07c38
07e9a
07f53
08005
080a2
080e1
0816e
0820b
08278
0828a
082a7
082e3
08385
083a4
083d6
083e1
083f8
0851b
08570
0857c
0858f
08593
0863f
0870a
08e4d
08efb
0904e
0905b
09070
09082
090e2
09102
09118
091d8
091eb
091ef
09204
09208
0932b
0933a
0933e
095f6
09676
0967a
09704
097b2
097b6
097ba
06caa
07974
0797f
0798c
07999
079a0
07a04
07a17
07a1e
07a80
07af7
07b08
07c5a
07ea7
07eee
07f6b
0804b
080a7
080b4
08179
081a7
0826c
0829f
082e9
0830d
08333
083cc
0841b
08426
08440
0855a
08595
085bb
085d6
085da
0867e
087ee
08e8f
08f64
08f7d
09083
09090
090a5
0911f
0913c
0914b
09209
09212
09224
0922a
09289
0935e
09362
0954d
09688
0968d
09691
097bc
097c0
097c4
06a91
07858
07861
07869
07879
07884
079b2
07a2e
07a41
07a48
07b15
07b26
07b30
07b9c
07e46
07f7d
0802d
080b1
080ba
081da
08200
0823c
082d9
08346
08358
08372
083ab
08407
0843a
08462
0847f
085af
085f2
08609
0860f
08620
08781
08e14
08ecb
08f70
08f77
08f8c
08fa9
09136
09156
0916c
09220
09234
09238
0924c
09250
0928e
0929e
092a2
09620
096a0
096a4
0972c
097ca
097ce
097d2
06b15
07897
0789f
078aa
078b8
078c0
07a55
07a62
07a6f
07a76
07b3f
07b50
07bbf
07e53
07f18
07f95
08071
080bf
080cc
08183
08194
081b6
08248
08276
0833f
083ad
08436
0845c
084a7
084b2
084c7
085ee
08633
08648
0864e
0865f
087c1
08efa
08f9d
08fad
08fbd
08fde
08ffb
09173
0918c
0919d
09251
0925a
09268
09270
092b0
092c3
092c7
09577
096b2
096b7
096bb
097d4
097d8
097dc
06b5f
078ca
078d3
078db
078eb
078f5
07a06
07a7e
07a91
07a98
07b59
07b6a
07b74
07bea
07e70
07fa7
07fdd
080c9
080d2
08162
081b0
081ea
081fb
0821d
082bc
082dd
083a0
08491
084c8
084f5
08509
085b3
08652
0867b
0868b
0868f
0872c
08e8a
08f3b
08fe2
08fe9
08ffe
09014
090b8
090c0
090d1
091b4
091bc
091c0
09278
0927c
092dc
092ec
092f0
095cc
0964d
09651
096dc
097e2
097e6
097ea
06be3
07906
07911
0791c
0792b
07932
079b0
079c3
079ca
07a30
07aaf
07ac0
07c0d
07e7d
07ec4
07f41
08097
080d7
080e4
081a3
08210
0821c
08254
0827b
0831e
08336
084c0
084e6
0852d
08536
0854b
0866c
086ac
086c0
086c6
086d8
08835
08e19
0900f
09018
0902f
0904a
0906d
090cb
090e8
090f7
091c1
091ca
091dc
091e2
092fe
09311
09315
095a1
0965e
09663
09667
097ec
097f0
097f4
06af1
06af9
06b01
06b12
06b1d
06df5
07a56
07a62
07a71
07a79
07adc
07ae4
07b38
07cf4
07f18
07fd0
08079
080e9
0811c
081ce
081d9
08202
0820a
08219
08229
0824d
08269
08279
08285
08289
08380
08435
08489
084ab
084cb
08570
08578
0858d
08694
086ea
086f7
08708
08710
08834
0891e
08fab
09160
0917b
0919f
091eb
0920b
09311
0932d
093f9
093fd
096dd
096f3
096f7
097f8
097fc
09800
06b5c
06b63
06b73
06b7f
06b87
06e4a
07a86
07a93
07a9b
07af8
07b05
07b0c
07d0c
07f25
07f6c
07fe7
080af
080ee
080f7
08179
08237
08260
0826d
0827e
0828e
082a6
082c1
082dc
082e4
082ee
08317
0847a
084ce
084f0
08512
08595
085b7
085d4
086cd
08709
08734
08746
08754
088b9
08e8a
08fea
090c4
091a0
091fe
09226
092df
09341
0940c
09418
09688
09705
09709
0978b
09804
09808
06bbf
06bc7
06bcf
06be0
06beb
06ce1
079ae
079ba
079c9
079d1
07b1c
07b29
07b30
07c7c
07ec4
07ff8
0809f
080f4
080fd
081da
0829c
082b4
082d0
082d8
082e7
082f7
08324
08337
08347
08353
08357
0841e
084e8
0851a
08541
08598
085cc
085f6
0860b
08727
0876a
0877f
08788
08824
08992
09015
090b4
090d3
09101
09234
09255
09300
09367
09381
09385
09705
0971b
0971f
0980c
09810
09814
06c2a
06c31
06c41
06c4d
06c55
06d3c
079e0
079ee
079f7
07acd
07b49
07b50
07c95
07ed1
07f96
0800f
080c7
08102
0810b
08241
08303
0831b
08337
0833f
0834b
0835e
08377
08398
083a8
083b5
083b9
083e2
083fc
08503
08553
085ee
08633
08640
0865a
08764
087a8
087bc
087c5
0885c
08efb
0905b
090f5
09118
09246
0926c
0928f
092b3
09395
093a1
096b2
0972d
09731
0973f
09818
0981c
06c87
06c8f
06c97
06ca9
06cb2
06d6b
07a02
07a0e
07a1d
07a25
07b62
07b6d
07b74
07cb8
07eee
08020
08053
08108
08111
08166
0817c
08199
081a9
081b4
081ba
082b5
0837c
08395
0839e
083ae
083be
083ce
08406
08432
084b0
08616
08652
0867b
08689
0872b
087c0
087ef
087fc
08804
08970
09083
0910c
09127
0914f
091bc
09278
092cb
0934e
093bd
093c1
096c7
096cc
0972d
09820
09824
09828
06a8e
06a95
06aa5
06ab1
06ab9
06dc6
07a34
07a43
07a4a
07ab0
07abd
07ac4
07cd1
07efb
07f42
07fbf
080df
08116
0811f
08163
08192
0819f
081b0
081c0
081e2
081f3
0820e
08216
08220
08251
08323
08419
0844b
08477
084f5
0866c
086ac
086b8
086d2
087de
0881c
08830
08839
088d6
08e14
08f78
09149
0916c
091b2
091de
09291
092f3
093d1
093dd
0965e
096dd
096e1
09765
0982c
09830
06ac9
06ad1
06ae9
06b14
06b1d
06c35
06d25
06d38
06d41
06d49
07b3e
07b4d
07b55
07d9a
07f94
08044
080c7
08125
08158
08183
081d7
081ff
0823a
08247
08254
08285
0832a
0833f
08418
08436
08442
08450
08468
08481
0848e
085ee
0861f
08638
0865f
086eb
086f7
0870d
08834
0885d
08873
0887f
0891e
089e4
08fac
09258
09276
09292
09307
093ef
094a5
096b2
09767
0976b
09834
09838
0983c
06b34
06b3b
06b76
06b80
06b87
06ca1
06d6d
06d82
06d89
06fc9
07b66
07b70
07c31
07dbb
07fe3
0805a
080f2
0812a
08133
08236
08243
0827f
082ae
082bb
082e2
08374
0839a
083d6
0845d
0847b
08487
08495
084b1
084c6
084d3
0862d
0865e
08679
0869e
0870b
08734
08751
08852
0889a
088b0
088c2
0895b
08ac9
091b6
0926a
092b7
092c4
09340
094be
094c2
09766
0977c
097e0
09840
09844
06a99
06ba4
06bac
06bb7
06be2
06beb
06daf
06dc2
06dcb
06dd3
07aae
07abd
07ac4
07d2a
07f40
0806a
080df
08130
08139
08189
0819d
08251
082b2
082cd
08311
0831f
08326
08353
084a0
084ba
084c8
084d8
084ee
08509
08516
085b3
0868c
086ac
086c2
0871c
08748
08770
08787
088b4
088de
088ef
088fb
08a5e
09017
091c8
091ea
092e0
0934c
0941b
09435
0965e
0978d
09791
09848
0984c
09850
06b0b
06c10
06c16
06c44
06c4e
06c55
06df7
06e0c
06e14
06ed3
07ada
07ae4
07b95
07d4d
0800b
08080
08106
0813e
08147
081f5
0820a
08304
0831f
0834a
08377
08382
083aa
08460
084e7
08505
08510
0851f
08535
0854a
08558
0857c
0858d
085f5
086d7
08765
087ab
087bc
0885c
088f1
0891f
0892c
08938
08a9b
091da
091f3
0928f
09300
0932b
0944f
09453
0978c
097a2
097b0
09854
09858
06b67
06c6d
06c76
06c7f
06cac
06cb2
06e33
06e47
06e4f
06e57
07af6
07b05
07b0c
07d62
07f6a
08090
080af
08144
0814d
08166
08173
0817b
0818c
081bd
0825f
08272
08381
083ae
083d3
083e1
083ff
08405
0853e
0854c
0855c
0856a
085a1
085c0
085e1
08796
087c2
087ef
08801
0890f
08952
08969
08973
08a09
09085
09210
09232
092cb
09330
093b3
0946d
09688
09742
09746
0985c
09860
09864
06a66
06a6d
06aa8
06ab2
06ab9
06bd9
06ce3
06cf8
06cff
06f51
07b22
07b2c
07be3
07d85
07fbb
08034
0811a
08152
0815b
08163
08177
081c4
081dd
081e6
08216
082ab
082d3
083cb
083eb
083f9
08409
0841c
0843d
08447
084f5
085cc
085fa
0860b
0867e
087df
0881f
08830
088d6
0896d
08993
089a4
089ac
08b11
09222
0923b
0928c
0934d
0935f
09487
0948b
09740
09756
097c8
09868
0986c
081ad
081b7
081c5
083af
083be
083ff
0840d
084b2
08542
08546
0855c
08616
08623
0864f
08f03
08f07
08f9d
08fc3
08fca
090f8
09104
0925a
092bd
092c7
092d0
093c3
09471
096ca
096d1
09743
097d6
09821
0985c
09860
09873
09877
0987b
0987f
09883
09887
0988b
0988f
09893
09897
0989b
0989f
098a3
098a7
098ab
098af
098b3
098b7
098bb
098bf
098c3
098c7
098cb
098cf
098d3
098d7
098db
081b2
081c1
08214
0821e
0822c
083f1
08407
0840f
08447
084f5
084f9
08657
0868c
086a1
08f3a
08fd4
08ff6
08fff
09005
09128
09273
09280
092ec
092f5
093da
09487
094d9
096e0
09754
0975b
097e4
0982d
09868
09871
09875
098e0
098e4
098e8
098ec
098f0
098f4
098f8
098fc
09900
09904
09908
0990c
09910
09914
09918
0991c
09920
09924
09928
0992c
09930
09934
09938
0993c
09940
08217
08223
0822e
0827d
08287
08434
08438
0844e
08489
08497
08536
08694
086a3
086c7
08e17
08e1b
0900f
09036
0903c
0914c
09158
091ca
0930b
09315
0931e
093ff
094a9
096f2
096f9
09769
097ee
097f9
09834
09838
098e0
09945
09949
0994d
09951
09955
09959
0995d
09961
09965
09969
0996d
09971
09975
09979
0997d
09981
09985
09989
0998d
09991
09995
09999
0999d
099a1
099a5
099a9
08280
0828f
082e2
082ec
082fa
083d8
08479
0847d
08493
084ce
084dc
08592
086cd
086dc
08e54
09046
09068
09071
09077
0917c
091e8
091f4
0933a
09343
09415
094be
09503
09708
0977a
09781
097b4
09805
09840
09945
09949
099ae
099b2
099b6
099ba
099be
099c2
099c6
099ca
099ce
099d2
099d6
099da
099de
099e2
099e6
099ea
099ee
099f2
099f6
099fa
099fe
09a02
09a06
09a0a
09a0e
082e5
082f1
082fc
0834f
08355
0841b
0841f
084c0
084d6
084de
08516
08598
085a7
085d9
08e8d
08e91
08f64
090a4
090aa
0919b
091a8
09212
09358
09362
0936b
09387
09439
0971a
09721
0978f
097be
0980d
09848
0984c
099ae
09a13
09a17
09a1b
09a1f
09a23
09a27
09a2b
09a2f
09a33
09a37
09a3b
09a3f
09a43
09a47
09a4b
09a4f
09a53
09a57
09a5b
09a5f
09a63
09a67
09a6b
09a6f
09a73
09a77
0834b
0835d
083aa
083b5
083c4
08462
08503
08507
0851d
08552
08562
085d1
0860e
08625
08eca
08f5e
08f84
08f8d
08f93
090d4
09230
0923c
0929e
092a7
0939e
0944f
0952d
09730
097a0
097a7
097cc
09819
09854
09877
0987b
09a15
09a7a
09a7e
09a82
09a86
09a8a
09a8e
09a92
09a96
09a9a
09a9e
09aa2
09aa6
09aaa
09aae
09ab2
09ab6
09aba
09abe
09ac2
09ac6
09aca
09ace
09ad2
09ad6
0825c
08260
0835e
083f5
083fc
08411
0854e
0855e
08590
085a5
0863e
086cd
086dc
08790
087bf
087d4
0905b
090e2
090f5
090ff
09106
091ed
09332
0933c
09345
0939e
093a7
0946b
09503
09741
09748
097b4
0985c
09860
0987f
09883
09887
0988b
099b1
099b5
099b9
099bd
09adb
09adf
09ae3
09ae7
09aeb
09aef
09af3
09af7
09afb
09aff
09b03
09b07
09b0b
09b0f
09b13
09b17
09b1b
09b1f
09b23
082c5
083ba
083c6
083fb
0840b
0843d
08441
08456
0859a
085d7
085e4
0867d
087cb
087d6
08802
0908e
09092
0910e
09126
0912c
0920c
09218
09360
09369
093b6
093bf
093c7
0948d
09557
09756
097be
09821
09868
09890
098e6
098ea
098ee
098f2
09a18
09a1c
09a20
09a24
09add
09b26
09b2a
09b2e
09b32
09b36
09b3a
09b3e
09b42
09b46
09b4a
09b4e
09b52
09b56
09b5a
09b5e
09b62
09b66
081be
081c9
0832c
0843a
08443
08458
08481
0848e
085cf
085e6
08610
086b4
086b8
0880a
08833
08848
08f77
09136
09149
09154
0915a
09236
09296
092a0
092a9
093da
093e3
094a3
0952d
09767
0976e
097cc
09834
09838
0994b
0994f
09953
09957
0995b
09a7d
09a81
09a85
09b26
09b2a
09b6d
09b71
09b75
09b79
09b7d
09b81
09b85
09b89
09b8d
09b91
09b95
09b99
09b9d
09ba1
09ba5
09ba9
09bad
08229
0838b
0838f
08485
08495
084c4
084cb
084e0
08576
08616
08623
0864f
08708
0871d
08841
08fae
08fb2
09162
0917a
09180
09253
09260
092c5
092ce
093f2
093fb
09403
094c4
09581
0977c
097d6
097f9
09840
09892
09896
0989a
0995d
099c0
099c4
099c8
099cc
099d0
09b6d
09bb0
09bb4
09bb8
09bbc
09bc0
09bc4
09bc8
09bcc
09bd0
09bd4
09bd8
09bdc
09be0
09be4
09be8
09bec
09bf0
0818e
08192
08290
084c8
084cd
084e2
0850b
08518
085b3
085b7
08657
0868c
086a1
08716
08746
0875a
08fe9
090b8
09192
091a4
091aa
0927a
092e4
092ee
092f7
09415
0941e
09433
094d9
0978d
09794
097e4
09848
0984c
098fb
098ff
09903
09a25
09a29
09a2d
09a31
09a35
09bb0
09bb4
09bf7
09bfb
09bff
09c03
09c07
09c0b
09c0f
09c13
09c17
09c1b
09c1f
09c23
09c27
09c2b
09c2f
09c33
09c37
081f7
082f3
082fe
0850f
0851f
08548
0854f
08566
085f4
08694
086a3
086c7
0874b
0875c
08788
09020
09024
090b6
090d2
090d8
091c4
091d0
09313
0931c
0937a
09383
0938b
09455
095ab
097a2
097ee
0980d
09854
09960
09964
09968
09a38
09a8a
09a8e
09a92
09a96
09a9a
09ae3
09bf5
09bf9
09c3c
09c40
09c44
09c48
09c4c
09c50
09c54
09c58
09c5c
09c60
09c64
09c68
09c6c
09c70
09c74
08208
0820c
08229
08471
08475
0851d
0858d
08594
085a9
086cc
086d5
08708
0871d
087b2
0883f
0884a
088ff
08933
08942
091da
091eb
091f2
09332
0933c
09345
093f8
09401
09449
09452
09459
09581
097b2
097f9
09857
099b2
099b6
099ba
099d3
099d7
09ae6
09aea
09bb7
09bbb
09bbf
09c7b
09c7f
09c83
09c87
09c8b
09c8f
09c93
09c97
09c9b
09c9f
09ca3
09ca7
09cab
09caf
09cb3
09cb7
09cbb
08271
0828c
08297
084b8
0855a
08560
08597
085a0
085d4
085db
085e8
08716
08746
0875a
087ef
08930
08944
08973
091fc
09209
09214
0921a
09360
09369
0940f
09418
09420
0946b
09473
09518
095d5
097c0
0985c
0987d
09a19
09a1d
09a21
09a3a
09a3e
09b2d
09bfa
09bfe
09c02
09c79
09c7d
09cc0
09cc4
09cc8
09ccc
09cd0
09cd4
09cd8
09cdc
09ce0
09ce4
09ce8
09cec
09cf0
09cf4
09cf8
082d6
082da
082f7
08407
0840f
084fd
085cc
085d3
085ea
0860d
0861d
0874b
0875c
08788
08824
08828
08979
089a7
089b6
09222
09234
0923a
09296
092a0
092a9
09380
09389
09481
0948a
09491
095ab
097ca
0980d
0986b
09a39
09a7e
09a82
09a86
09a9d
09b70
09b74
09c3b
09c3f
09c43
09cc0
09cfd
09d01
09d05
09d09
09d0d
09d11
09d15
09d19
09d1d
09d21
09d25
09d29
09d2d
09d31
09d35
09d39
0833f
08359
08365
0844e
0853a
0853e
08615
0861e
0864a
08651
08666
086f0
0878e
08797
087c5
0887c
0888b
089b0
09244
09251
0925c
09262
092c5
092ce
09398
093a1
093a9
094a3
094ab
09542
095ff
097d8
09834
09892
09896
0989a
0989e
098a2
09a79
09aee
09af2
09af6
09bc3
09cfd
09d01
09d3e
09d42
09d46
09d4a
09d4e
09d52
09d56
09d5a
09d5e
09d62
09d66
09d6a
09d6e
09d72
09d76
0839e
083a2
083bf
083e7
083eb
08493
08652
08659
08668
0868b
0869c
0872b
0872f
087cd
087fc
08811
08885
088b9
088c8
091b6
09278
0927e
092e4
092ee
092f7
093bc
093c5
094b8
094c1
094c8
09557
097e2
09821
09843
098f9
098fd
09901
09905
09909
09b31
09b35
09b39
09c06
09c0a
09d3e
09d7b
09d7f
09d83
09d87
09d8b
09d8f
09d93
09d97
09d9b
09d9f
09da3
09da7
09dab
09daf
09db3
09db7
081a3
081be
081c9
0842e
084d6
084de
08693
0869b
086c2
086c9
086e0
0876a
08808
08813
08839
088b6
088ca
088f9
091b0
091c1
091cc
091d2
09313
0931c
093d4
093dd
093e5
09433
0943b
094ee
09629
097f0
09848
098f7
09962
09966
0996a
0996e
09a25
09b78
09b7c
09b80
09c47
09c7f
09c83
09d7d
09dba
09dbe
09dc2
09dc6
09dca
09dce
09dd2
09dd6
09dda
09dde
09de2
09de6
09dea
09dee
081cf
08217
08223
0822e
08436
0844c
08454
08605
08694
086a3
08707
08711
08834
08842
0884c
0887f
0891e
08922
089b0
08a66
08a73
08a9d
0930b
0931c
093f8
09401
0949d
094a6
094ad
094ee
094f3
09600
097f9
09839
0994b
09960
09bb8
09bbc
09bc6
09bca
09c86
09d41
09d45
09d49
09df3
09df7
09dfb
09dff
09e03
09e07
09e0b
09e0f
09e13
09e17
09e1b
09e1f
09e23
09e27
09e2b
09e2f
09e33
08238
08280
0828f
08479
0847d
08493
08642
08646
086cf
08709
08717
08723
08744
08755
08879
0888d
088c2
0895b
0895f
08aaa
08ad8
08aed
09335
0940f
09418
09420
094be
094c6
094fd
09506
09597
09654
0983e
09945
099bf
09bfb
09bff
09c03
09c0d
09cc3
09cc7
09d82
09d86
09d8a
09df5
09e36
09e3a
09e3e
09e42
09e46
09e4a
09e4e
09e52
09e56
09e5a
09e5e
09e62
09e66
09e6a
09e6e
0829d
082e5
082f1
082fc
084c0
084d6
084de
0859a
08681
08685
08749
08756
08783
08787
0879b
088bd
088f5
08907
08994
08adf
08aef
08b13
09358
09369
09380
09389
0942d
09436
0943d
09518
0951d
0962a
0980d
0984d
09a1a
09a39
09c3c
09c40
09c4a
09c4e
09d04
09db9
09dbd
09dc1
09e36
09e3a
09e75
09e79
09e7d
09e81
09e85
09e89
09e8d
09e91
09e95
09e99
09e9d
09ea1
09ea5
09ea9
09ead
08306
0834b
0835d
08503
08507
0851d
085cf
085e6
086bc
08780
08791
0879d
087be
087c8
0885c
08860
088ff
08933
08942
089e6
08b16
08b26
09299
09398
093a1
093a9
0944f
09457
09527
09530
095c1
0967e
09852
09a13
09a7d
09aed
09af1
09af5
09af9
09c8a
09c8e
09c92
09d4d
09d51
09e75
09eb0
09eb4
09eb8
09ebc
09ec0
09ec4
09ec8
09ecc
09ed0
09ed4
09ed8
09edc
09ee0
09ee4
09ee8
08168
083ad
083b3
083c2
08544
0855a
08560
08587
08616
08623
087c9
087d1
087f9
08801
08815
0889b
08930
08944
08973
089ec
089fb
08a23
092bd
092ce
093bc
093c5
09465
0946e
09475
09542
09547
095d6
09821
09861
0987d
09892
09b34
09b38
09b3c
09b40
09ccb
09ccf
09cd3
09d8e
09eb0
09eb4
09eef
09ef3
09ef7
09efb
09eff
09f03
09f07
09f0b
09f0f
09f13
09f17
09f1b
09f1f
09f23
09f27
08164
081b2
081c1
083ef
083f3
08409
085c4
085c8
08657
087fd
0880b
08817
08832
0883c
088d6
088da
08979
089a7
089b6
08a2f
08a5e
08a75
092e7
093d4
093dd
093e5
09487
0948f
094d3
094dc
0956d
096a8
09866
09871
098f7
09b77
09b7b
09b7f
09b83
09d08
09d0c
09d10
09dc5
09dc9
09dfb
09eed
09ef1
09f2c
09f30
09f34
09f38
09f3c
09f40
09f44
09f48
09f4c
09f50
09f54
09f58
09f5c
0832a
0832e
08419
0843c
08450
085cf
085e6
0877b
08808
08813
08875
08881
0899e
089b2
089ba
089e6
08a8c
08a90
08b1e
08bd5
08be1
08c0b
09296
092a7
093d7
0949d
094a6
094ad
0952d
09532
0956e
095ff
09737
09839
09a7d
09b77
09d44
09d48
09d52
09d56
09e00
09eb5
09eb9
09ebd
09f61
09f65
09f69
09f6d
09f71
09f75
09f79
09f7d
09f81
09f85
09f89
09f8d
09f91
09f95
09f99
09f9d
09fa1
0838d
0845c
08483
08488
0849d
08618
087b6
087ba
08841
08877
08887
08891
088b2
088c4
089ec
089fb
08a23
08ac9
08acd
08c18
08c43
08c5b
092c0
093f2
09402
094be
094c6
0953c
09545
0957c
09585
09692
0983e
09892
09b6b
09d81
09d85
09d89
09d93
09e3b
09e3f
09ef4
09ef8
09efc
09f63
09fa4
09fa8
09fac
09fb0
09fb4
09fb8
09fbc
09fc0
09fc4
09fc8
09fcc
09fd0
09fd4
09fd8
09fdc
0818e
08192
084a3
084ca
084da
08655
08664
08716
087f3
087f7
088bb
088c6
088ed
088f7
08909
08a2f
08a5e
08a75
08b02
08c4e
08c5d
08c81
092e4
092f5
09412
0942d
09436
0943d
094d9
094de
09598
09629
096e7
0984d
09a26
09bfb
09dbc
09dc0
09dca
09dce
09e7a
09f29
09f2d
09f31
09fa4
09fa8
09fe3
09fe7
09feb
09fef
09ff3
09ff7
09ffb
09fff
0a003
0a007
0a00b
0a00f
0a013
0a017
0a01b
081f7
084e6
0850d
08511
08527
08696
0874b
0875c
0882c
088f1
08901
0890b
0892c
08938
089ca
089ce
08a6d
08a9b
08ab0
08b54
08c85
08c94
0930e
0937a
0938a
0944f
09457
094e8
094f1
095a6
095af
096bc
09852
09960
09bf5
09c8b
09c8f
09c93
09c97
09e04
09e08
09e0c
09ec1
09ec5
09fe3
0a01e
0a022
0a026
0a02a
0a02e
0a032
0a036
0a03a
0a03e
0a042
0a046
0a04a
0a04e
0a052
0a056
0825c
08260
083d4
0854e
0855e
086cd
086dc
08701
0878e
08797
0893a
08940
08969
0896f
08983
08a09
08aa3
08ab2
08ada
08b5b
08b69
08b91
09332
09343
0939b
09465
0946e
09475
09503
09508
095c2
095d5
0970f
09861
099b2
09aed
09ccc
09cd0
09cd4
09cd8
09e43
09e47
09e4b
09f00
0a01e
0a022
0a05d
0a061
0a065
0a069
0a06d
0a071
0a075
0a079
0a07d
0a081
0a085
0a089
0a08d
0a091
0a095
082c5
083cc
083f9
083fe
08413
0859a
0873c
08740
087cd
0896d
0897b
08985
089a4
089ac
08a44
08a48
08ae7
08b11
08b24
08b9d
08bc9
08be3
0935b
093b6
093c6
09487
0948f
09512
0951b
09552
0955b
09668
09866
098e4
09adb
09d09
09d0d
09d11
09d15
09e7e
09e82
09e86
09f35
09f39
09f69
0a05b
0a05f
0a09a
0a09e
0a0a2
0a0a6
0a0aa
0a0ae
0a0b2
0a0b6
0a0ba
0a0be
0a0c2
0a0c6
0a0ca
084fb
084ff
085b1
085ce
085df
0874b
0875c
088e9
08967
08981
089e3
089ee
08b0c
08b20
08b28
08b54
08bfa
08bfe
08c8c
08d3d
08d49
08d71
09296
092a7
0937d
09481
09490
0952d
09532
095ad
095e4
095ed
0967e
097aa
09c3a
09d09
09eb8
09ebc
09ec6
09eca
09f6e
0a023
0a027
0a02b
0a0cf
0a0d3
0a0d7
0a0db
0a0df
0a0e3
0a0e7
0a0eb
0a0ef
0a0f3
0a0f7
0a0fb
0a0ff
0a103
0a107
0a10b
0a10f
0853c
085ee
08613
0861a
08629
08790
08924
08928
089b0
089e9
089f5
089ff
08a20
08a2b
08b5b
08b69
08b91
08c37
08c3b
08d7e
08da7
08dbf
092c0
09398
093a8
094a0
0953c
09545
095bb
095c4
095ff
09604
09710
09892
09cfd
09ef3
09ef7
09efb
09f05
09fa9
09fad
0a062
0a066
0a06a
0a0d1
0a112
0a116
0a11a
0a11e
0a122
0a126
0a12a
0a12e
0a132
0a136
0a13a
0a13e
0a142
0a146
0a14a
083e7
083eb
0862f
08654
0865d
087cb
087d6
08885
08961
08965
08a2d
08a34
08a5b
08a62
08a77
08b9d
08bc9
08be3
08c70
08db2
08dc1
08de3
092e4
092f5
093b9
094b8
094c7
094d9
094de
09559
0960e
09617
096a8
0975e
09b32
09d81
09f2c
09f30
09f3a
09f3e
09fe8
0a097
0a09b
0a09f
0a112
0a116
0a151
0a155
0a159
0a15d
0a161
0a165
0a169
0a16d
0a171
0a175
0a179
0a17d
0a181
0a185
0a189
0842e
0866c
08691
08698
086a7
0880a
088b6
088ca
0899a
08a63
08a6f
08a79
08a9a
08aa5
08b38
08b3c
08bdb
08c06
08c1e
08cc0
08de7
08df6
0930e
093d4
093e4
09430
094e8
094f1
09567
09570
09629
0962e
09738
09960
09d7b
09e05
09e09
09e0d
09e11
09f72
09f76
09f7a
0a02f
0a033
0a151
0a18c
0a190
0a194
0a198
0a19c
0a1a0
0a1a4
0a1a8
0a1ac
0a1b0
0a1b4
0a1b8
0a1bc
0a1c0
0a1c4
08471
08475
08572
086cc
086d5
0883f
0884a
0886f
088f3
08905
08aa8
08aae
08ad5
08adc
08af1
08b77
08c12
08c20
08c48
08cc7
08cd5
08cfb
09332
09343
093f5
09449
09458
09503
09508
09583
09638
09641
09654
09784
09bb6
09c8b
09e44
09e48
09e4c
09e50
09fb1
09fb5
09fb9
0a06e
0a18c
0a190
0a1cb
0a1cf
0a1d3
0a1d7
0a1db
0a1df
0a1e3
0a1e7
0a1eb
0a1ef
0a1f3
0a1f7
0a1fb
0a1ff
0a203
084b8
0856a
08595
0859c
085ab
08716
088aa
088ae
0893c
08add
08ae9
08af3
08b10
08b19
08bb2
08bb6
08c55
08c7a
08c92
08d07
08d31
08d4b
0935b
0940f
0941f
09468
09512
0951b
09591
0959a
095d5
095da
096e8
09a1a
09c79
09e7f
09e83
09e87
09e8b
09fec
09ff0
09ff4
0a0a3
0a0a7
0a0d7
0a1c9
0a1cd
0a208
0a20c
0a210
0a214
0a218
0a21c
0a220
0a224
0a228
0a22c
0a230
0a234
0a238
08681
08685
08729
08749
08756
088b6
088ca
08a57
08adf
08aef
08b53
08b5d
08c7c
08c8e
08c96
08cc0
08d60
08d64
08dee
08e9f
08eab
08ed3
0937a
0938a
09430
09512
0951b
095ab
095b0
0962b
09662
0966b
096fc
097f2
09dbb
09e7f
0a026
0a02a
0a034
0a038
0a0dc
0a191
0a195
0a199
0a23d
0a241
0a245
0a249
0a24d
0a251
0a255
0a259
0a25d
0a261
0a265
0a269
0a26d
0a271
0a275
0a279
0a27d
086bc
08764
08780
08791
0879d
088ff
08a92
08a96
08b1e
08b58
08b63
08b6d
08b90
08b9a
08cc7
08cd5
08cfb
08d9b
08d9f
08ee0
08f09
08f21
0939b
09449
09458
0952a
095ba
095c3
09639
09642
0967d
09682
09784
09aed
09e73
0a061
0a065
0a069
0a073
0a117
0a11b
0a1d0
0a1d4
0a1d8
0a23f
0a280
0a284
0a288
0a28c
0a290
0a294
0a298
0a29c
0a2a0
0a2a4
0a2a8
0a2ac
0a2b0
0a2b4
0a2b8
08585
08589
087a3
087c9
087d1
08930
08944
089f3
08acf
08ad3
08b9b
08ba2
08bcb
08bd1
08be5
08d07
08d31
08d4b
08dd2
08f14
08f23
08f45
093b6
093c6
09468
0953c
09545
09557
0955c
095d7
0968c
09695
09724
097c2
09cca
09ef3
0a09a
0a09e
0a0a8
0a0ac
0a156
0a205
0a209
0a20d
0a280
0a284
0a2bf
0a2c3
0a2c7
0a2cb
0a2cf
0a2d3
0a2d7
0a2db
0a2df
0a2e3
0a2e7
0a2eb
0a2ef
0a2f3
0a2f7
085c6
087de
087fd
0880b
08817
08979
08a29
08a38
08b08
08bd2
08bdd
08be7
08c0a
08c14
08ca6
08caa
08d43
08d6c
08d84
08e22
08f49
08f58
093d7
09481
09490
094d6
09566
0956f
095e5
095ee
096a7
096ac
097aa
09b77
09eed
09f73
09f77
09f7b
09f7f
0a0e0
0a0e4
0a0e8
0a19d
0a1a1
0a2bf
0a2fa
0a2fe
0a302
0a306
0a30a
0a30e
0a312
0a316
0a31a
0a31e
0a322
0a326
0a32a
0a32e
0a332
08603
08607
086ec
0883d
08845
089a0
089b8
089dd
08a66
08a73
08c16
08c1c
08c45
08c4b
08c5f
08ce3
08d78
08d86
08dac
08e29
08e37
08e5d
093f2
09402
094a0
094e8
094f1
09581
09586
09601
096b6
096bf
096d4
097da
09d42
09e06
09fb2
09fb6
09fba
09fbe
0a11f
0a123
0a127
0a1dc
0a2fa
0a2fe
0a339
0a33d
0a341
0a345
0a349
0a34d
0a351
0a355
0a359
0a35d
0a361
0a365
0a369
0a36d
0a371
08644
086e4
08709
08717
08723
08885
08a18
08a1c
08aaa
08c4c
08c57
08c61
08c80
08c88
08d1c
08d20
08db9
08ddc
08df4
08e69
08e93
08ead
09412
094b8
094c7
09500
09590
09599
0960f
09618
09653
09658
0975e
09bfb
09df3
09fed
09ff1
09ff5
09ff9
0a15a
0a15e
0a162
0a211
0a215
0a245
0a337
0a33b
0a376
0a37a
0a37e
0a382
0a386
0a38a
0a38e
0a392
0a396
0a39a
0a39e
0a3a2
0a3a6
087f3
087f7
08897
088bb
088c6
08a29
08a38
08bc5
08c4e
08c5d
08cbf
08cc9
08dde
08df0
08df8
08e22
08ec2
08ec6
08f50
08ff9
09007
0902b
0942d
0943c
094d6
09590
09599
09629
0962e
096a9
096de
096e7
09771
09830
09dbb
09fa4
0a192
0a196
0a19a
0a1a4
0a248
0a24c
0a301
0a305
0a309
0a3ad
0a3b1
0a3b5
0a3b9
0a3bd
0a3c1
0a3c5
0a3c9
0a3cd
0a3d1
0a3d5
0a3d9
0a3dd
0a3e1
0a3e5
0a3e9
0882c
088d2
088f1
08901
0890b
08a6d
08c00
08c04
08c8c
08cc4
08ccf
08cd9
08cfa
08d04
08e29
08e37
08e5d
08efd
08f01
0903a
0905f
09079
0944c
094e8
094f1
095a8
09638
09641
096b7
096c0
096f8
096fe
097da
09973
09e06
0a024
0a1d1
0a1d5
0a1df
0a1e3
0a287
0a33c
0a340
0a344
0a3ab
0a3af
0a3ee
0a3f2
0a3f6
0a3fa
0a3fe
0a402
0a406
0a40a
0a40e
0a412
0a416
0a41a
0a41e
0a422
086ff
08703
08911
0893a
08940
08aa3
08ab2
08b61
08c3d
08c41
08d05
08d0c
08d33
08d39
08d4d
08e69
08e93
08ead
08f34
0906a
0907b
0909b
09465
09474
09500
095ba
095c3
095d5
095da
09655
09706
0970f
09797
09808
09cca
0a01e
0a206
0a20a
0a20e
0a218
0a2c2
0a2c6
0a375
0a379
0a37d
0a3ee
0a427
0a42b
0a42f
0a433
0a437
0a43b
0a43f
0a443
0a447
0a44b
0a44f
0a453
0a457
0a45b
0a45f
0873e
0894c
0896d
0897b
08985
08ae7
08b98
08ba6
08c76
08d3a
08d45
08d4f
08d70
08d7a
08e08
08e0c
08ea5
08ece
08ee6
08f80
0909f
090b0
09484
09512
0951b
09554
095e4
095ed
09663
0966c
09720
09726
097f2
09a41
09e7f
0a098
0a0e3
0a0e7
0a0eb
0a0ef
0a250
0a254
0a258
0a30d
0a427
0a42b
0a464
0a468
0a46c
0a470
0a474
0a478
0a47c
0a480
0a484
0a488
0a48c
0a490
0a494
0a498
08779
0877d
0885a
089ae
089b4
08b16
08b26
08b4b
08bd5
08be1
08d7c
08d82
08da9
08daf
08dc3
08e45
08eda
08ee8
08f0e
08f87
08f97
08fb9
0949d
094ac
0952a
09566
0956f
095ff
09604
0967f
0972e
09737
0974b
0981c
09d42
09f67
0a11e
0a122
0a126
0a12a
0a28b
0a28f
0a293
0a348
0a34c
0a464
0a49d
0a4a1
0a4a5
0a4a9
0a4ad
0a4b1
0a4b5
0a4b9
0a4bd
0a4c1
0a4c5
0a4c9
0a4cd
0a4d1
0a4d5
087b8
08852
08877
08887
08891
089f3
08b86
08b8a
08c18
08db0
08dbb
08dc5
08de2
08dea
08e7e
08e82
08f1b
08f3e
08f56
08fc7
08fed
09009
094bb
0953c
09545
0957e
0960e
09617
0968d
09696
096d0
096d6
097c2
098a5
09ef3
09fb1
0a15d
0a161
0a165
0a169
0a2ca
0a2ce
0a2d2
0a381
0a3b1
0a3b5
0a49f
0a4d8
0a4dc
0a4e0
0a4e4
0a4e8
0a4ec
0a4f0
0a4f4
0a4f8
0a4fc
0a500
0a504
0a508
08961
08965
08a05
08a2d
08a34
08b98
08ba6
08d2d
08db2
08dc1
08e21
08e2b
08f40
08f52
08f5a
08f80
0901a
0901e
090a8
09122
0912e
09145
094d3
094dc
09554
0960e
09617
096a7
096ac
09721
09754
0975d
097ce
0986c
09a41
0a098
0a15b
0a302
0a306
0a310
0a314
0a3b8
0a467
0a46b
0a46f
0a50f
0a513
0a517
0a51b
0a51f
0a523
0a527
0a52b
0a52f
0a533
0a537
0a53b
0a53f
0a543
0a547
0a54b
0899a
08a40
08a63
08a6f
08a79
08bdb
08d66
08d6a
08dee
08e26
08e31
08e3b
08e5c
08e66
08f87
08f97
08fb9
09053
09057
09152
0916a
09186
094eb
09566
0956f
09626
096b6
096bf
09731
09739
0976d
09773
0981c
0994d
09e06
0a14f
0a33d
0a341
0a345
0a34f
0a3f1
0a3f5
0a4a4
0a4a8
0a50d
0a511
0a550
0a554
0a558
0a55c
0a560
0a564
0a568
0a56c
0a570
0a574
0a578
0a57c
0a580
0a584
0886d
08871
08a7f
08aa8
08aae
08c12
08c20
08ccd
08da1
08da5
08e67
08e6e
08e95
08e9b
08eaf
08fc7
08fed
09009
0908a
09175
09182
09197
094fd
09506
0957e
09638
09641
09653
09658
096d1
0977a
09783
097e6
09844
099c1
09fb1
0a1cf
0a376
0a37a
0a384
0a388
0a42e
0a4d7
0a4db
0a4df
0a550
0a589
0a58d
0a591
0a595
0a599
0a59d
0a5a1
0a5a5
0a5a9
0a5ad
0a5b1
0a5b5
0a5b9
0a5bd
0a5c1
088ac
08aba
08add
08ae9
08af3
08c55
08d02
08d10
08dd8
08e9c
08ea7
08eb1
08ed2
08edc
08f66
08f6a
09001
09026
09040
090c7
0919b
091a8
09515
09590
09599
095d2
09662
0966b
096e1
096e9
09793
09799
09830
0990c
09e7f
0a1c9
0a24f
0a253
0a257
0a25b
0a3bc
0a3c0
0a3c4
0a473
0a589
0a58d
0a5c6
0a5ca
0a5ce
0a5d2
0a5d6
0a5da
0a5de
0a5e2
0a5e6
0a5ea
0a5ee
0a5f2
0a5f6
0a5fa
088e7
088eb
089c8
08b1c
08b22
08c85
08c94
08cb7
08d3d
08d49
08ede
08ee4
08f0b
08f11
08f25
08fa1
09032
09042
09064
090ce
090da
090f1
09527
09530
095a8
095e4
095ed
0967d
09682
096f9
097a0
097a9
097b6
09858
09a8b
0a024
0a0e2
0a28e
0a292
0a296
0a29a
0a3f9
0a3fd
0a4ac
0a4b0
0a5c6
0a5ff
0a603
0a607
0a60b
0a60f
0a613
0a617
0a61b
0a61f
0a623
0a627
0a62b
0a62f
0a633
0a637
08926
089c0
089e9
089f5
089ff
08b61
08cf0
08cf4
08d7e
08f12
08f1d
08f27
08f44
08f4c
08fd8
08fdc
09073
09094
090ae
090fd
09116
09132
0953f
095ba
095c3
095fc
0968c
09695
09709
09711
09747
0974d
09808
0987f
09ef3
0a0cf
0a2c9
0a2cd
0a2d1
0a2d5
0a432
0a436
0a43a
0a4e3
0a513
0a517
0a601
0a63a
0a63e
0a642
0a646
0a64a
0a64e
0a652
0a656
0a65a
0a65e
0a662
0a666
0a66a
08acf
08ad3
08b73
08b9b
08ba2
08d02
08d10
08e8f
08f14
08f23
08f7f
08f89
09096
090a6
090ac
090c7
0913a
0913e
091a2
0920c
09218
09229
09360
09551
0955a
095d2
0968c
09695
09720
09726
09794
097be
097c4
0984e
09a28
09a43
0a098
0a280
0a468
0a46c
0a476
0a47a
0a51a
0a5c9
0a5cd
0a5d1
0a671
0a675
0a679
0a67d
0a681
0a685
0a689
0a68d
0a691
0a695
0a699
0a69d
0a6a1
0a6a5
0a6a9
08b08
08bae
08bd2
08bdd
08be7
08d43
08ec8
08ecc
08f50
08f84
08f8d
08f93
08fb8
08fc2
090ce
090da
090f1
09164
09168
09236
09248
09264
092a8
09569
095e4
095ed
096a4
0972e
09737
097a3
097ab
097cd
0981c
098a7
09a8b
09aa4
0a0e2
0a300
0a4a5
0a4a9
0a4b3
0a553
0a557
0a606
0a60a
0a66f
0a6ac
0a6b0
0a6b4
0a6b8
0a6bc
0a6c0
0a6c4
0a6c8
0a6cc
0a6d0
0a6d4
0a6d8
0a6dc
0a6e0
089db
089df
08bed
08c16
08c1c
08d78
08d86
08e2f
08f03
08f07
08fc3
08fca
08fef
08ff5
0900b
090fd
09116
09132
0918c
09253
09260
0926f
092c5
0957b
09584
095fc
096b6
096bf
096d0
096d6
09748
097d6
097dc
09862
09894
098a7
09fb1
0a2fa
0a4d8
0a4dc
0a4e6
0a4ea
0a590
0a639
0a63d
0a641
0a6ae
0a6e7
0a6eb
0a6ef
0a6f3
0a6f7
0a6fb
0a6ff
0a703
0a707
0a70b
0a70f
0a713
0a717
0a71b
08a1a
08c28
08c4c
08c57
08c61
08db9
08e64
08e72
08f3a
08ff6
08fff
09005
0902a
09034
090bc
090c0
09128
09140
0915c
091bd
09273
09280
092f6
09593
0960e
09617
09650
096de
096e7
09757
0975f
097e5
09830
098e6
0990c
09975
0a15b
0a375
0a3bf
0a3c3
0a3c7
0a51e
0a522
0a526
0a5d5
0a6e5
0a71e
0a722
0a726
0a72a
0a72e
0a732
0a736
0a73a
0a73e
0a742
0a746
0a74a
0a74e
0a752
08a55
08a59
08b36
08c8a
08c90
08de7
08df6
08e19
08e9f
08eab
09036
0903c
09061
09067
0907d
090e8
0914c
09158
0916f
091c4
091d0
091e1
09313
095a5
095ae
09626
09662
0966b
096f8
096fe
0976e
097ee
097f4
0983a
09962
09975
0a024
0a243
0a3f8
0a3fc
0a400
0a404
0a55b
0a55f
0a60e
0a612
0a720
0a759
0a75d
0a761
0a765
0a769
0a76d
0a771
0a775
0a779
0a77d
0a781
0a785
0a789
0a78d
08a94
08b2e
08b58
08b63
08b6d
08ccd
08e52
08e56
08ee0
09068
09071
09077
0909a
090a2
09110
09114
0917c
09190
091ac
091ed
09200
0921c
09344
095bd
09638
09641
0967a
09706
0970f
0977d
09785
097b5
09808
099b4
099da
09a43
0a1cf
0a28c
0a435
0a439
0a43d
0a594
0a598
0a59c
0a645
0a673
0a757
0a790
0a794
0a798
0a79c
0a7a0
0a7a4
0a7a8
0a7ac
0a7b0
0a7b4
0a7b8
0a7bc
0a7c0
0828c
08297
082de
082e9
08300
08c3f
08cdd
08cff
08d09
08d14
08e69
08fe7
08feb
09073
090c4
090ca
090e0
091a0
091a6
091b8
091d4
0927a
092ec
09415
095cf
095d8
09650
09706
0970d
09793
09799
097e7
09804
0984e
099d2
099de
099e2
099e6
099ea
09c11
0a206
0a3eb
0a5cb
0a5cf
0a5d9
0a5dd
0a679
0a722
0a726
0a7c4
0a7c8
0a7cc
0a7d0
0a7d4
0a7d8
0a7dc
0a7e0
0a7e4
0a7e8
0a7ec
0a7f0
082f7
08343
08347
08356
08c74
08c78
08d1a
08d41
08d47
08e9f
08eab
09022
0909f
090b0
090d2
090d8
090ee
090f4
0910a
091ca
091dc
091f8
0931d
09387
095e7
09662
0966b
0971c
097a0
097a9
097ef
0980c
09810
09962
09a41
09a47
09a4b
09a4f
09a8a
09c50
0a24e
0a604
0a608
0a60c
0a616
0a6b0
0a6b4
0a75d
0a761
0a7c6
0a7f4
0a7f8
0a7fc
0a800
0a804
0a808
0a80c
0a810
0a814
0a818
08359
08365
083a6
083b1
083c8
08b4b
08d53
08d75
08d80
08d8a
08ee0
08f87
08f97
0905b
090f5
090ff
09106
0911a
09124
091e8
091f4
09205
0933a
0939e
095f9
09602
0967a
0972e
09735
09747
0974d
097b7
09818
09862
099b4
09aa2
09aa8
09aac
09ab0
09afd
0a11e
0a461
0a63b
0a63f
0a649
0a64d
0a6eb
0a790
0a794
0a7f2
0a81c
0a820
0a824
0a828
0a82c
0a830
0a834
0a838
0a83c
0a840
0a844
081a9
081b4
081cb
083bf
08b86
08b8a
08d90
08db7
08dbd
08f14
08f23
08fc7
0908e
09092
09126
0912c
09142
09148
0915e
09212
09224
09240
0936a
093c3
09611
0968c
09695
096cc
09754
0975d
097bf
09820
09824
09890
098a9
098ad
098b1
098b5
09a1b
09b87
0a2c8
0a51e
0a522
0a526
0a52a
0a67d
0a681
0a72a
0a72e
0a81e
0a848
0a84c
0a850
0a854
0a858
0a85c
0a860
0a864
0a868
0a86c
081be
081c9
08210
0821b
08232
08bc5
08ca2
08dde
08df0
08df8
08f50
08f75
08f79
09001
09149
09154
0915a
0916e
09178
09230
0923c
0924d
0929e
093da
09623
0962c
096a4
096de
096e5
0976d
09773
097cf
0982c
0983a
0990c
09912
09916
0991a
0994c
09b87
0a192
0a3b0
0a55b
0a55f
0a563
0a567
0a6b8
0a6bc
0a765
0a846
0a870
0a874
0a878
0a87c
0a880
0a884
0a888
0a88c
0a890
0a894
0a898
08229
08275
08279
08288
08c00
08c04
08c9e
08ccb
08cd1
08e29
08e37
08fb0
09032
09042
0917a
09180
09194
0919a
091ae
0925a
09268
09284
092cf
093ff
0963b
096b6
096bf
096f4
0977a
09783
097d7
097f8
097fc
09894
09973
09979
0997d
09981
099c0
09c11
0a33c
0a594
0a598
0a59c
0a5a0
0a6ef
0a6f3
0a798
0a79c
0a7ca
0a872
0a89c
0a8a0
0a8a4
0a8a8
0a8ac
0a8b0
0a8b4
0a8b8
0a8bc
081b4
081cb
082bd
0839e
083a2
083bf
08491
08499
084d1
08da1
08da5
08e41
08e67
08e6e
08fc0
08fd0
0917c
091ba
091c0
091d6
09278
0927e
092ec
093bc
094be
0964d
09656
096cc
0977a
09781
097e5
09821
0983e
09842
098a5
098ab
098af
098b9
098fa
099c0
099c4
099c8
09bcf
09bd3
09dd1
0a54e
0a724
0a728
0a732
0a7cc
0a7d0
0a8c2
0a8c6
0a8ca
0a8ce
0a8d2
0a8d6
0a8da
0a8de
0a8e2
0a8e6
081a3
081be
081c9
08221
08322
08326
084d8
08513
08521
08dd8
08e7a
08e9c
08ea7
08eb1
09001
0919b
091a8
091c8
091ce
091de
091e4
091fa
0931d
093e1
09439
09665
096de
096e5
0978f
097ee
097f4
0982d
0984a
098f7
09910
09914
0991e
09922
09a25
09a29
09a2d
09a31
09c16
09c9c
0a24f
0a75b
0a75f
0a769
0a76d
0a7f8
0a8c0
0a8e8
0a8ec
0a8f0
0a8f4
0a8f8
0a8fc
0a900
0a904
0a908
08208
0820c
08229
08282
08299
08387
0851b
08523
08556
08cb5
08cb9
08eb7
08ede
08ee4
09032
09042
090d4
091e5
091ef
091f6
09204
0920e
0933a
093f8
0944f
09677
09680
096f4
097a0
097a7
097b5
097f9
09852
09856
09973
09979
0997d
09987
099b3
09a8a
09a8e
09a92
09c53
09c57
09cdb
0a5c4
0a792
0a796
0a7a0
0a820
0a824
0a8ea
0a90e
0a912
0a916
0a91a
0a91e
0a922
0a926
0a92a
0a92e
0817b
0826f
08273
08290
082e9
08300
08402
0855a
08560
08cf2
08ef0
08f12
08f1d
08f27
09073
090f8
09104
09210
09216
09226
0922c
09242
0936a
0941c
09471
0968f
09706
0970d
09743
097be
097c4
09805
0985e
0987d
09881
09885
099d1
099dd
099e1
099e5
099ef
09a1c
09b02
09cdb
0a2c9
0a67d
0a681
0a685
0a689
0a84c
0a90c
0a930
0a934
0a938
0a93c
0a940
0a944
0a948
0a94c
0a950
081e0
081e4
082d8
082f3
082fe
08356
08407
0840f
08447
08d2b
08d2f
08e06
08f4e
08f54
0909f
090b0
09128
0922d
09238
0923e
0924c
09256
0929e
09380
09487
096a1
096aa
0971c
09754
0975b
097cd
0980d
09866
0986a
098e6
098ea
098ee
09a40
09a46
09a4a
09a54
09a58
09b45
09b49
09d59
0a513
0a6b8
0a6bc
0a6c0
0a874
0a878
0a932
0a956
0a95a
0a95e
0a962
0a966
0a96a
0a96e
0a972
0a976
08249
0833d
08341
0835e
083b1
083c8
0844e
08489
08497
08d68
08dfe
08e26
08e31
08e3b
08f8f
0914c
09158
09258
0925e
0926c
09272
09286
092cf
093a5
094a9
096b9
0972e
09735
09769
097d6
097dc
09819
09836
09894
0994d
09951
09955
09aa1
09aa7
09aab
09ab5
09ab9
09b8c
09d59
0a33d
0a6ef
0a6f3
0a6f7
0a6fb
0a89c
0a8c4
0a954
0a978
0a97c
0a980
0a984
0a988
0a98c
0a990
0a994
08310
08324
0832e
08354
08362
0841d
08430
08447
08452
08513
085d8
085e5
08808
092ab
09363
0936e
0952e
0971b
09816
098e7
09a15
09a20
09a3b
09a5a
09a7d
09aba
09b27
09b4c
09b78
09b91
09c0b
09cbe
09cd5
09cdf
09ce3
09d0b
09d1e
09d22
09e75
09e92
09ecc
09f35
09f6d
09f83
0a077
0a0d6
0a0e3
0a0f3
0a0f7
0a21c
0a30a
0a99a
0a99e
0a9a2
0a9a6
0a9aa
0a9ae
0a9b2
0a9b6
0a9ba
0a9be
08376
0838d
083b0
083bd
083c6
08464
08485
08493
0849c
0860f
0861f
08628
0929e
092a8
092cd
093fe
09549
09768
0983e
09879
09896
098bf
09a83
09a8d
09aa5
09ac0
09b93
09bb8
09bd4
09c3b
09c52
09cfd
09d14
09d26
09d2a
09d4d
09d5d
09d61
09eb2
09ed2
09f09
09f63
09faa
09fc0
0a0b0
0a0f9
0a120
0a130
0a134
0a29c
0a998
0a9c3
0a9c7
0a9cb
0a9cf
0a9d3
0a9d7
0a9db
0a9df
0a9e3
0817b
0818b
08192
081b8
081c6
083ff
084b4
084ca
084d8
084e1
08656
08662
08714
092c8
092d3
092f9
094da
096cb
0982a
09871
09881
0989a
098a8
098c3
098fd
09926
09aef
09b00
09bd8
09bff
09c19
09cc3
09d3e
09d63
09d67
09d83
09d9a
09d9e
09e3c
09f0d
09f2d
09f42
09fa6
09fe7
09ffd
0a113
0a154
0a16b
0a16f
0a210
0a37e
0a9e8
0a9ec
0a9f0
0a9f4
0a9f8
0a9fc
0aa00
0aa04
0aa08
0aa0c
081ee
081f7
0821a
08227
08230
084f7
084ff
08516
08522
0868d
0869d
086a6
092ec
092f6
0931b
09386
094f5
0978e
09852
098e0
098ff
09906
09928
0995f
0998b
09a89
09b3d
09bf6
09c1f
09c45
09c5a
09d7b
09d92
09da4
09da8
09dc7
09dd5
09dd9
09e08
09e17
09f44
09fc7
0a002
0a02f
0a03c
0a150
0a194
0a1a8
0a1ac
0a248
0a9e7
0aa11
0aa15
0aa19
0aa1d
0aa21
0aa25
0aa29
0aa2d
0aa31
08249
08259
08260
08286
08294
08489
08538
0854e
0855c
08565
086ce
086da
0878e
09316
09321
09347
09504
096f3
09802
0987c
0994f
09967
0996e
09990
099b6
099f3
09ae2
09ae8
09b06
09b7b
09b8a
09c7f
09c87
09c9e
09ca2
09d4f
09ddb
09ddf
09df5
09e1b
09e52
09ec1
0a020
0a063
0a079
0a119
0a1b0
0a1db
0a1e7
0a1eb
0a353
0aa36
0aa3a
0aa3e
0aa42
0aa46
0aa4a
0aa4e
0aa52
0aa56
0aa5a
082ab
082c5
082e8
082f5
082fe
083da
083fb
08409
08412
08591
085a1
085aa
0933a
09344
09368
093c2
0951f
09742
09866
099ac
099b8
099c4
099dd
099f8
09a22
09a5f
09b09
09b2c
09b4d
09bb9
09bce
09c7b
09ca6
09caa
09cc6
09ce5
09ce9
09d8e
09e56
09e81
09e95
0a041
0a07e
0a0a3
0a0b4
0a1ca
0a208
0a21e
0a222
0a2c2
0a999
0aa5e
0aa62
0aa66
0aa6a
0aa6e
0aa72
0aa76
0aa7a
0aa7e
084ed
084f6
084ff
08516
08522
085b4
085c5
085d9
085e5
0868c
0874e
0875a
08967
092af
09389
09415
0941c
095ab
0978e
098ff
09a1e
09bf5
09c00
09c0d
09c20
09c3f
09c5f
09cdc
09d04
09d1b
09d84
09e35
09e4d
09e5b
09e5f
09e83
09e97
09e9b
09fe3
0a006
0a03a
0a0a5
0a0dc
0a0f1
0a1ef
0a244
0a250
0a262
0a266
0a38c
0a470
0a99c
0aa10
0aa83
0aa87
0aa8b
0aa8f
0aa93
0aa97
0aa9b
0aa9f
08530
0853b
0854f
0855c
08565
085f6
08612
0861b
08628
08781
08791
0879c
092a0
092d6
09382
0938c
093ab
095c4
0985c
09966
09a83
09ae3
09af3
09c3b
09c4a
09c5d
09cfe
09d2c
09d4e
09d5c
09dcc
09e73
09e8a
09e9e
09ea2
09ec3
09ed4
09ed8
0a020
0a044
0a079
0a0d1
0a119
0a12e
0a226
0a268
0a28d
0a29f
0a2a3
0a406
0a99f
0a9c4
0aa38
0aaa3
0aaa7
0aaab
0aaaf
0aab3
0aab7
0aabb
083d7
083e3
083eb
08402
0840d
08590
08640
08651
0865a
08667
087c7
087d4
08879
092e2
0939e
093a5
093c5
09557
09742
09882
099b8
09adb
09af2
09af9
09b0d
09b37
09b51
09c98
09d62
09d83
09d99
09e3b
09eb3
09ed9
09edd
09ef7
09f0c
09f13
09fac
0a07e
0a09b
0a0b6
0a114
0a156
0a16b
0a281
0a2c4
0a2d9
0a2de
0a37e
0a4e0
0a9e9
0aa5d
0aabf
0aac3
0aac7
0aacb
0aacf
0aad3
0aad7
0aadb
08424
0842d
08441
0844e
08457
0867c
08682
08696
086a1
087fe
0880b
08816
092ee
09324
093be
093c8
093e7
09570
09834
0994a
09a3a
09b28
09b3a
09b4a
09b76
09b8f
09cce
09d7c
09daa
09dc6
09dd4
09eed
09f04
09f18
09f1c
09f37
09f48
09f4c
09f76
09f8b
0a0af
0a13a
0a174
0a19e
0a1aa
0a2be
0a301
0a316
0a31b
0a3b6
0a9a0
0aa12
0aa16
0aadf
0aae3
0aae7
0aaeb
0aaef
0aaf3
0aaf7
08461
0846d
08475
0848c
08497
0860e
086b8
086c9
086d2
086df
0883b
08848
088f3
09318
093da
093e1
09401
09581
09768
0994e
09a84
09b6a
09b7c
09b83
09b97
09bbb
09bdb
09c84
09c8d
09cad
09d16
09df8
09e01
09e18
09e1f
09ec1
09f4d
09f51
09f63
09f8d
09fc0
0a031
0a18e
0a1d1
0a1e5
0a285
0a31f
0a349
0a356
0a35a
0a4b7
0a9c9
0aa3b
0aafb
0aaff
0ab03
0ab07
0ab0b
0ab0f
0ab13
0ab17
084ac
084b7
084cb
084d8
084e1
08578
08594
0859d
085aa
0870a
08717
08722
092c4
09369
093fa
09404
09422
0959a
09848
0989e
09a19
09bb2
09bbe
09bd8
09bfa
09c19
09c7a
09cae
09ccb
09ce6
09d54
09df6
09e22
09e26
09e3e
09e56
09e63
09efe
09fc5
09ff0
0a007
0a1b4
0a1ee
0a212
0a220
0a338
0a376
0a38a
0a391
0a42c
0a9ee
0aa60
0aa64
0ab1a
0ab1e
0ab22
0ab26
0ab2a
0ab2e
0ab32
08673
0867b
08685
08696
086a1
0872c
0873d
08753
0875a
087fc
088bd
088c8
08adf
092f1
0938a
0943b
094be
094c4
09629
09900
09b3c
09d7b
09d86
09d93
09da3
09dc0
09de4
09e55
09e7a
09e93
09ef8
09fa4
09fbb
09fcc
09fd0
09fef
0a008
0a00c
0a151
0a178
0a1a8
0a211
0a24a
0a261
0a35e
0a3b2
0a3bc
0a3ce
0a3d2
0a4ee
0a5d2
0aa12
0aa5c
0aa87
0ab39
0ab3d
0ab41
0ab45
0ab49
0ab4d
0ab51
086b1
086bb
086c7
086d4
086df
0876c
0878b
08793
0879c
088f4
088ff
0890a
09306
0934b
093a8
09435
0943e
0945b
09642
09aec
09b82
09c81
09c91
09dbe
09dca
09ddb
09e74
09ea4
09ec2
09ed4
09f3c
09fe1
09ff8
0a00e
0a012
0a032
0a045
0a049
0a18e
0a1b6
0a1e5
0a23f
0a287
0a29e
0a395
0a3d4
0a3f7
0a409
0a40d
0a568
0a99f
0aa3a
0aaa3
0ab53
0ab57
0ab5b
0ab5f
0ab63
0ab67
0ab6b
08576
08581
08589
0859a
085a5
08708
087b4
087c8
087d0
087d9
08936
08942
089ec
0933f
093a3
0944f
09455
09473
095d5
099b9
09bb9
09c79
09c90
09c97
09ca7
09ccf
09cee
09e12
09ed0
09ef7
09f09
09fa9
0a021
0a040
0a04d
0a063
0a07b
0a084
0a11a
0a1ed
0a20a
0a229
0a282
0a2c4
0a2db
0a3ed
0a42e
0a441
0a446
0a4e0
0a642
0aa40
0aa65
0aac3
0ab71
0ab75
0ab79
0ab7d
0ab81
0ab85
0ab89
085bc
085c5
085d3
085de
085e9
087ee
087f4
0880a
08811
08968
08979
08984
092a7
09365
093e4
0946d
09476
09493
095ee
09b39
09c0b
09cc0
09cd2
09cdc
09d08
09d1b
09e49
09eee
09f1e
09f36
09f48
0a05a
0a072
0a088
0a08c
0a0a6
0a0b9
0a0bd
0a0e5
0a0fe
0a21d
0a2a9
0a2e3
0a30c
0a31a
0a428
0a467
0a47c
0a481
0a518
0a99a
0a9ed
0aadf
0ab8b
0ab8f
0ab93
0ab97
0ab9b
0ab9f
0aba3
085f2
085ff
08607
08618
08623
0877f
08828
0883c
08844
0884c
089aa
089b6
08a66
092a3
093df
09487
0948d
094ab
095ff
09891
09c3b
09cfd
09d0e
09d15
09d25
09d47
09d6c
09dfe
09e0a
09e29
09e8c
09f67
09f70
09f85
09f90
0a031
0a0b0
0a0c1
0a0d1
0a0ff
0a12e
0a19d
0a2fc
0a33f
0a355
0a3f1
0a485
0a4ad
0a4ba
0a4be
0a619
0a9c1
0aa17
0aaff
0aba9
0abad
0abb1
0abb5
0abb9
0abbd
0abc1
08638
08643
0864f
0865c
08667
086f2
08711
08719
08722
0887a
08885
08890
092b5
092fd
0941f
094a5
094ae
094ca
09618
09aee
09bbd
09d3e
09d4a
09d62
09d80
09d99
09df4
09e2a
09e44
09e61
09ec8
09f64
09f89
09f96
09fad
09fc2
09fd3
0a06e
0a136
0a15e
0a179
0a323
0a35d
0a380
0a390
0a49e
0a4d7
0a4ec
0a4f3
0a58e
0a9c7
0a9ea
0ab1a
0aba7
0abc6
0abca
0abce
0abd2
0abd6
0abda
087e6
087ef
087f7
08805
08811
0889b
088ab
088c0
088c8
08970
08a2a
08a36
08c4e
092bf
093c1
0943c
094db
09542
096a7
09b39
09cd6
09eed
09ef8
09f05
09f17
09f2d
09f47
09fc4
09fe7
09ffd
0a066
0a112
0a129
0a13e
0a142
0a15d
0a16f
0a17a
0a2bf
0a2e3
0a318
0a37f
0a3b8
0a3cd
0a4c2
0a514
0a51e
0a530
0a534
0a650
0a72a
0a9eb
0a9f3
0a9f7
0aadf
0ab3a
0abe1
0abe5
0abe9
0abed
0abf1
08821
0882b
08838
08843
0884c
088da
088fa
08902
0890a
08a5f
08a6d
08a78
092e4
093d1
09408
09458
094dd
094f4
096c0
09c8b
09d16
09dfc
09e09
09f2d
09f3a
09f4d
09fe2
0a013
0a02f
0a03d
0a0aa
0a14f
0a166
0a17c
0a180
0a19f
0a1ac
0a1b7
0a2fc
0a320
0a355
0a3ad
0a3f3
0a408
0a4f7
0a536
0a559
0a56b
0a56f
0a6c4
0a9f3
0aa17
0aa1c
0aa20
0ab54
0abf4
0abf8
0abfc
0ac00
0ac04
086f0
086fc
08703
08711
0871d
0887c
08922
08937
0893f
08947
08aa4
08ab1
08b5b
0930d
093fd
09454
094ee
09505
09653
09bbd
09d45
09df3
09e0b
09e11
09e23
09e45
09e60
09f80
0a03e
0a063
0a079
0a119
0a18f
0a1b3
0a1bb
0a1d1
0a1e7
0a1eb
0a286
0a354
0a378
0a398
0a3ee
0a42e
0a443
0a54f
0a590
0a5a3
0a5a8
0a642
0a798
0aa3a
0aa41
0aa45
0ab1a
0ab72
0ac0b
0ac0f
0ac13
0ac17
0ac1b
08736
0873d
0874d
08755
0875f
0895d
08962
08978
0897f
08ad9
08ae7
08af2
09332
0938a
0941a
09490
09507
0951e
0966c
09cd1
09d93
09e39
09e4b
09e55
09e7e
09e93
09fb7
0a05c
0a08d
0a0a3
0a0b5
0a1c9
0a1e0
0a1f6
0a1fa
0a213
0a222
0a22b
0a252
0a26d
0a38b
0a413
0a44b
0a472
0a480
0a58a
0a5c9
0a5de
0a5e3
0a676
0aa41
0aa63
0aa69
0aa6d
0ab8c
0ac1e
0ac22
0ac26
0ac2a
0ac2e
0876a
08775
0877d
0878b
08797
088f5
08996
089ab
089b3
089bb
08b17
08b24
08bd5
0935a
09385
0948c
09518
0952f
0967d
09aec
09dbe
09e73
09e84
09e8b
09e9d
09eb9
09ed3
09f6c
09f75
09f8e
09ffa
0a0d5
0a0db
0a0f3
0a0f7
0a19d
0a226
0a22f
0a23f
0a269
0a29e
0a30b
0a464
0a4a3
0a4b9
0a553
0a5e7
0a60f
0a61c
0a620
0a76f
0a99f
0a9a6
0a9aa
0aaa3
0abaa
0ac35
0ac39
0ac3d
0ac41
0ac45
087ad
087b7
087c4
087cf
087d9
08860
08880
08888
08890
089e5
089f3
089fe
09296
09395
093cc
094c7
09531
09548
09696
09c8e
09d49
09eb3
09ebf
09ed0
09ef3
09f09
09f62
09f99
09fb2
09fc3
0a036
0a0d2
0a0fc
0a104
0a118
0a130
0a134
0a1da
0a29d
0a2cc
0a2e7
0a489
0a4c1
0a4e2
0a4f2
0a600
0a63a
0a64e
0a655
0a6e8
0a9a5
0a9c7
0a9ce
0a9d2
0abc3
0ac48
0ac4c
0ac50
0ac54
0ac58
08953
0895c
08965
08976
0897f
08a08
08a19
08a2e
08a36
08ad8
08b93
08ba4
08db2
09330
0939c
09496
09559
095c0
09723
09cd1
09e4e
0a05a
0a066
0a073
0a088
0a09b
0a0b9
0a136
0a156
0a16b
0a1d4
0a280
0a297
0a2ac
0a2b0
0a2cb
0a2de
0a2e8
0a429
0a44b
0a47e
0a4e1
0a51a
0a52f
0a624
0a672
0a67c
0a68e
0a692
0a7a6
0a84a
0aa5d
0aac5
0aac9
0ab8d
0abe0
0ac5f
0ac63
0ac67
0ac6b
0ac6f
0898e
08999
089a6
089b3
089bb
08a48
08a62
08a70
08a78
08bca
08bdb
08be6
092e7
093b7
0948c
094f1
0955b
09572
09739
09e05
09e8c
09f6a
09f77
0a09b
0a0a8
0a0be
0a150
0a181
0a19e
0a1b2
0a218
0a2bd
0a2d4
0a2ea
0a2ee
0a30d
0a31b
0a325
0a464
0a486
0a4b9
0a50f
0a555
0a56a
0a659
0a694
0a6b6
0a6c7
0a6cb
0a7fc
0a9a0
0aadf
0aae5
0aae9
0abf3
0ac72
0ac76
0ac7a
0ac7e
0ac82
0885d
08869
08871
08882
0888b
089e4
08a90
08a9f
08aad
08ab5
08c0d
08c1e
08cc7
09310
093d8
094cd
0956c
09583
096d3
09d49
09ebc
09f61
09f78
09f7f
09f94
09fb4
09fd1
0a0ee
0a1b0
0a1d1
0a1e5
0a285
0a2fd
0a322
0a329
0a33f
0a355
0a35a
0a3f2
0a4b8
0a4d9
0a4fa
0a550
0a590
0a5a5
0a6ab
0a6ea
0a6fd
0a702
0a798
0a89a
0aa3c
0ab01
0ab05
0abc4
0ac0a
0ac89
0ac8d
0ac91
0ac95
0ac99
088a3
088ab
088b8
088c5
088cd
08aca
08ad0
08ae6
08aee
08c44
08c55
08c60
092bb
093f3
09442
0951b
09585
0959c
096e9
09e4a
09f05
09fa7
09fb9
09fc4
09fed
09ffd
0a125
0a1ca
0a1fb
0a212
0a228
0a337
0a34e
0a364
0a368
0a381
0a391
0a399
0a3be
0a3d9
0a4ed
0a575
0a5ad
0a5d4
0a5e2
0a6e4
0a721
0a736
0a73b
0a7cc
0a9ee
0ab1a
0ab20
0ab24
0ac1d
0ac9c
0aca0
0aca4
0aca8
0acac
088d7
088e3
088eb
088fc
08906
08a5e
08b04
08b15
08b21
08b29
08c83
08c92
08d3d
0935d
09413
0945e
09596
095ad
096fb
09c8b
09f30
09fe1
09ff2
09ff9
0a00e
0a027
0a045
0a0da
0a0e4
0a100
0a168
0a243
0a24b
0a261
0a266
0a30b
0a395
0a39d
0a3ad
0a3d5
0a408
0a471
0a5c6
0a606
0a61b
0a6af
0a73f
0a765
0a772
0a776
0a87a
0aa0f
0aa8a
0aa8e
0ab55
0ac34
0acb3
0acb7
0acbb
0acbf
0acc3
0891a
08925
08932
0893f
08947
089ce
089e8
089f6
089fe
08b50
08b61
08b6c
09299
0937b
09454
09545
095af
095c6
09711
09e0b
09ebe
0a021
0a02c
0a03e
0a060
0a079
0a0d0
0a107
0a120
0a138
0a1a4
0a240
0a26b
0a272
0a288
0a29e
0a2a3
0a348
0a407
0a434
0a44f
0a5eb
0a623
0a644
0a654
0a756
0a78f
0a7a4
0a7ab
0a820
0a9c2
0aaa3
0aaa9
0aaad
0ac47
0acc6
0acca
0acce
0acd2
0acd6
08ac1
08acb
08ad3
08ae2
08aee
08b76
08b87
08b9c
08ba4
08c43
08cfd
08d0e
08f14
09337
0944a
09521
095d7
0963e
09796
099de
09e4a
09fbc
0a1c9
0a1d4
0a1e1
0a1f6
0a20a
0a22b
0a2a5
0a2c4
0a2db
0a342
0a3ec
0a401
0a416
0a41a
0a433
0a446
0a450
0a58b
0a5ad
0a5e0
0a643
0a678
0a68d
0a77a
0a7c8
0a7d2
0a7d7
0a84a
0a8c8
0aac2
0ab74
0ab78
0ac1e
0ac5e
0acdd
0ace1
0ace5
0ace9
0aced
08afd
08b07
08b13
08b21
08b29
08bb6
08bd1
08bde
08be6
08d32
08d43
08d4e
09353
093bb
09469
0956f
095d9
095f0
097ab
09a53
09f72
09ffa
0a0d8
0a0e6
0a20a
0a216
0a22c
0a2be
0a2ef
0a30c
0a321
0a386
0a427
0a43c
0a452
0a456
0a473
0a481
0a48b
0a5c6
0a5e8
0a61b
0a66f
0a6b1
0a6c6
0a7af
0a7db
0a7fc
0a801
0a874
0a99b
0ab8d
0ab92
0ab96
0ac71
0acf0
0acf4
0acf8
0acfc
0ad00
089ca
089d8
089df
089ee
089fa
08b4f
08bfe
08c0e
08c1b
08c23
08d73
08d85
08e29
0929b
09482
0954b
095ea
09601
0974a
09aa6
09ebe
0a029
0a0cf
0a0e7
0a0ed
0a102
0a122
0a143
0a25c
0a31f
0a33f
0a355
0a3f1
0a465
0a488
0a48f
0a4a3
0a4b9
0a4be
0a554
0a61a
0a63c
0a65c
0a6ac
0a6ea
0a6ff
0a7f2
0a822
0a829
0a82d
0a910
0aafe
0abac
0abb0
0ac48
0ac88
0ad07
0ad0b
0ad0f
0ad13
0ad17
08a11
08a19
08a23
08a32
08a3b
08c38
08c3e
08c54
08c5c
08da8
08db9
08dc4
092b4
093f7
094a1
09599
09603
0961a
0975f
098b7
09fb8
0a073
0a115
0a127
0a136
0a15b
0a16b
0a292
0a338
0a369
0a380
0a397
0a49d
0a4b2
0a4c8
0a4cc
0a4e3
0a4f3
0a4fb
0a520
0a53b
0a64f
0a6d1
0a707
0a72c
0a73a
0a81c
0a84c
0a853
0a857
0a9e9
0abc4
0abc9
0abcd
0ac9b
0ad1a
0ad1e
0ad22
0ad26
0ad2a
08a44
08a51
08a59
08a69
08a73
08bc9
08c72
08c84
08c8f
08c97
08de5
08df4
08e9f
092e9
094b9
094f7
09614
0962b
09770
09910
09e05
0a09d
0a14f
0a160
0a167
0a17c
0a196
0a1b7
0a248
0a251
0a26e
0a2d6
0a3b1
0a3b9
0a3cd
0a3d2
0a471
0a4f7
0a4ff
0a50f
0a537
0a56a
0a5d3
0a71e
0a75b
0a771
0a7f6
0a859
0a87a
0a87f
0a958
0aa86
0ab3d
0ab41
0abf4
0acb2
0ad31
0ad35
0ad39
0ad3d
0ad41
08a89
08a93
08a9d
08aad
08ab5
08b3c
08b57
08b64
08b6c
08cbc
08ccd
08cd8
09305
0937f
09431
095c3
0962d
09644
09785
09985
09f78
0a02b
0a18f
0a19b
0a1b0
0a1cf
0a1e5
0a23e
0a275
0a28d
0a2a7
0a312
0a3ae
0a3d7
0a3de
0a3f4
0a408
0a40d
0a4ac
0a569
0a596
0a5b1
0a743
0a779
0a79a
0a7aa
0a870
0a89c
0a8a5
0a8a9
0aa3a
0ab55
0ab5a
0ab5e
0acc5
0ad44
0ad48
0ad4c
0ad50
0ad54
08c2f
08c39
08c41
08c51
08c5c
08ce2
08cf1
08d06
08d0e
08da7
08e5f
08e70
0906a
093f7
094e9
0959f
09655
096bc
097e5
098b9
099c5
099de
09fb8
0a12a
0a337
0a342
0a34f
0a364
0a378
0a399
0a40f
0a42e
0a443
0a4a6
0a54e
0a563
0a578
0a57c
0a595
0a5a8
0a5b2
0a6e5
0a707
0a738
0a799
0a7ce
0a7d6
0a8a2
0a8c8
0a8cd
0a97a
0ab72
0ac0c
0ac10
0ac9c
0acdc
0ad5b
0ad5f
0ad63
0ad67
0ad6b
08c6b
08c75
08c82
08c8f
08c97
08d20
08d39
08d46
08d4e
08e94
08ea5
08eb0
0940b
0946a
09501
095ed
09657
0966e
097f3
0992b
09a32
09a53
0a0e2
0a168
0a246
0a253
0a378
0a384
0a39a
0a428
0a457
0a472
0a487
0a4e8
0a589
0a59e
0a5b4
0a5b8
0a5d5
0a5e3
0a5ed
0a71e
0a740
0a771
0a7c5
0a7f8
0a800
0a8c0
0a8ec
0a8f1
0aa85
0ac1e
0ac23
0ac27
0acef
0ad6e
0ad72
0ad76
0ad7a
0ad7e
08b3a
08b45
08b4d
08b5d
08b67
08cbb
08d64
08d74
08d81
08d89
08ed5
08ee6
08f87
0937f
09513
095c9
09668
0967f
097b5
09987
09a8f
09aa6
0a02b
0a198
0a23d
0a254
0a25b
0a270
0a28f
0a2b1
0a3c8
0a485
0a4a3
0a4b9
0a553
0a5c7
0a5ea
0a5f1
0a606
0a61b
0a620
0a6b0
0a770
0a791
0a7b2
0a7f3
0a822
0a82a
0a8f5
0a913
0a917
0abaa
0ac36
0ac3a
0acc6
0ad06
0ad85
0ad89
0ad8d
0ad91
0ad95
08b7e
08b87
08b92
08ba0
08ba9
08d9c
08da2
08db8
08dc0
08f0a
08f1b
08f26
09394
094a2
0952b
09617
09681
09698
097c3
09889
098b7
099f9
0a126
0a1e1
0a283
0a294
0a2a5
0a2c8
0a2db
0a3fc
0a49e
0a4cd
0a4e2
0a4f9
0a5ff
0a614
0a62a
0a62e
0a645
0a655
0a65d
0a67e
0a699
0a7a5
0a809
0a830
0a852
0a90c
0a934
0a939
0aac1
0ac48
0ac4d
0ac51
0ad19
0ad98
0ad9c
0ada0
0ada4
0ada8
08bb4
08bbf
08bc7
08bd7
08be1
08d31
08dd4
08de6
08df1
08df9
08f47
08f56
08ff9
093bb
0953d
09575
09692
096a9
097cd
098ea
09910
09a55
09f72
0a20c
0a2bd
0a2ce
0a2d5
0a2ea
0a303
0a325
0a3b6
0a3bd
0a3da
0a43e
0a513
0a51b
0a52f
0a534
0a5d3
0a659
0a661
0a66f
0a695
0a6c6
0a72b
0a847
0a876
0a87e
0a93d
0a95b
0a95f
0ab3a
0abe3
0abe7
0ac72
0ad30
0adaf
0adb3
0adb7
0adbb
0adbf
08bf6
08c01
08c0c
08c1b
08c23
08caa
08cc3
08cd0
08cd8
08e1e
08e2f
08e3a
093d0
09432
094d7
09641
096ab
096c2
097db
09957
09985
09ac1
0a0e7
0a19a
0a2fd
0a308
0a31f
0a33c
0a355
0a3ac
0a3e1
0a3f7
0a411
0a478
0a510
0a539
0a540
0a556
0a56a
0a56f
0a60e
0a6c5
0a6f0
0a70b
0a85d
0a884
0a8a4
0a954
0a978
0a97f
0aafd
0abf4
0abf9
0abfd
0ad43
0adc2
0adc6
0adca
0adce
0add2
08d93
08d9d
08da5
08db5
08dc0
08e44
08e53
08e68
08e70
08f09
08fbb
08fcc
09175
094a2
09567
0961d
096d0
09737
09822
09878
09896
098a9
098b9
098c6
098ca
099cb
09b0f
0a126
0a298
0a49d
0a4a6
0a4b3
0a4c8
0a4da
0a54e
0a577
0a592
0a5a7
0a60a
0a6ad
0a6d0
0a6d6
0a6eb
0a6ff
0a704
0a799
0a827
0a853
0a8c4
0a8cc
0a97a
0ac09
0ac88
0ac8d
0ad19
0ad59
0add8
0addc
0ade0
0ade4
0ade8
08dcc
08dd7
08de4
08df1
08df9
08e82
08e9b
08ea8
08eb0
08fee
08fff
09009
094b5
09502
0957f
0966b
096d5
096ea
09830
098c0
098fd
09910
09920
0992d
09931
09a32
09c05
0a24f
0a2d6
0a3b4
0a3cd
0a4db
0a4e8
0a4fd
0a58c
0a5c9
0a5d6
0a5ed
0a64b
0a6e6
0a709
0a710
0a722
0a738
0a73d
0a7cd
0a851
0a87d
0a8d1
0a8f0
0a9fa
0ac8a
0aca0
0aca4
0ad31
0adea
0adee
0adf2
0adf6
0adfa
08ca8
08cb1
08cb9
08cc9
08cd4
08e1d
08ec6
08ed6
08ee3
08eeb
0902d
0903f
090ce
09432
09591
09647
096e7
096f8
097fa
098df
09959
09972
0997a
0998b
09996
09a8f
09b99
0a19a
0a305
0a3ab
0a3c0
0a3c7
0a3dc
0a3fa
0a522
0a5c4
0a5ee
0a60d
0a61d
0a6b0
0a731
0a747
0a74b
0a766
0a774
0a77e
0a871
0a884
0a8d4
0a8f5
0a914
0ac33
0acb2
0acb7
0ad43
0ad83
0ae00
0ae04
0ae08
0ae0c
0ae10
08ce8
08cf1
08cfc
08d0a
08d13
08efe
08f04
08f1a
08f21
09060
09071
0907b
09446
0952c
095a9
09695
096fd
09712
09808
09889
0998e
099cd
099de
099ee
099fb
099ff
09bde
0a293
0a34f
0a3ef
0a3fe
0a40f
0a432
0a44f
0a564
0a602
0a63a
0a646
0a65d
0a758
0a77a
0a782
0a790
0a7a8
0a7ad
0a7c9
0a820
0a8a2
0a90c
0a936
0aa48
0acb4
0acca
0acce
0acdd
0ae12
0ae16
0ae1a
0ae1e
0ae22
08d1e
08d27
08d2f
08d3f
08d4a
08e93
08f36
08f48
08f53
08f5b
0909d
090ad
09122
0946a
095bb
095f3
0970f
09720
0980e
098ea
099ad
09a21
09a40
09a48
09a5d
09a64
09b2b
0a0e2
0a37a
0a427
0a436
0a43d
0a452
0a46a
0a513
0a51a
0a52f
0a598
0a650
0a674
0a67d
0a690
0a69a
0a79f
0a7b5
0a7b9
0a7d3
0a7ff
0a91c
0a93d
0a95c
0abdf
0ac60
0ac64
0acef
0adad
0ae28
0ae2c
0ae30
0ae34
0ae38
08d5c
08d67
08d72
08d81
08d89
08e0c
08e25
08e32
08e3a
08f7c
08f8d
08f97
0947e
094d8
09555
096bf
09725
0973a
0981c
09957
09a59
09a97
09aa6
09ab6
09ac4
09ac8
09c62
0a254
0a307
0a465
0a46e
0a485
0a4a2
0a4c5
0a510
0a553
0a55a
0a57d
0a5db
0a686
0a69c
0a6a0
0a6b7
0a6c9
0a6d9
0a7f3
0a806
0a874
0a954
0a97c
0a9ac
0ac60
0ac76
0ac7a
0ad07
0ae3a
0ae3e
0ae42
0ae46
0ae4a
08ef6
08eff
08f07
08f17
08f21
08fa0
08faf
08fc4
08fcc
0905f
090f3
09104
09253
0952c
095e5
0969b
09747
097a9
0985e
09878
09885
0988d
098a6
098cd
09a6a
09ab5
09ae4
09af1
09b0f
09b14
09c5c
09d4e
0a3fb
0a4a8
0a607
0a613
0a629
0a63c
0a65d
0a6d3
0a6ec
0a701
0a75f
0a7f4
0a80c
0a810
0a828
0a82d
0a89b
0a911
0a937
0aa49
0acf3
0ad09
0ad0d
0ad9a
0ae4f
0ae53
0ae57
0ae5b
0ae5f
08f2f
08f39
08f46
08f53
08f5b
08fdc
08ff5
09002
09009
09117
09128
09133
09539
09580
095fd
096e5
0974c
09760
0986c
098a9
098c0
098ec
098f4
0990d
09934
09acb
09b16
09b36
09b54
09b59
09ce7
0a2d0
0a43d
0a514
0a521
0a63c
0a648
0a65e
0a6e6
0a721
0a72e
0a745
0a7a1
0a81e
0a837
0a83b
0a852
0a857
0a931
0a93e
0a9fa
0ac9c
0ad1b
0ad20
0adac
0adeb
0ae64
0ae68
0ae6c
0ae70
08e0a
08e13
08e1b
08e2b
08e35
08f7b
0901e
0902e
0903b
09042
09147
09158
091c4
094d8
0960f
096c5
0975d
0976d
09836
098b1
098df
0991e
0994c
09957
0996a
09994
09b29
09b74
09b8f
09b9c
09c44
09dc4
0a3c2
0a479
0a520
0a527
0a53d
0a55b
0a57d
0a688
0a746
0a763
0a773
0a7f7
0a85c
0a863
0a877
0a87f
0a889
0a959
0a97d
0aa21
0ad1d
0ad33
0ad37
0adc4
0ae75
0ae79
0ae7d
0ae81
0ae85
08e4a
08e53
08e5e
08e6c
08e75
09054
0905a
09070
09078
0916b
0917c
09186
094e5
095aa
09627
0970d
09772
09786
09844
09935
09977
0998e
099c0
099cb
099dc
09a02
09b6e
09bb8
09bd4
09be1
09c84
0a344
0a4a7
0a54f
0a55f
0a566
0a57f
0a5a5
0a6bb
0a758
0a78f
0a79c
0a7b3
0a872
0a88b
0a88f
0a8a4
0a8a9
0a8c5
0a978
0a9c8
0acc6
0ad45
0ad4a
0ad58
0ae13
0ae8a
0ae8e
0ae92
0ae96
08e80
08e89
08e91
08ea1
08eac
08fed
0908c
0909e
090a9
090b0
09199
091a8
0920c
09502
09639
09671
09783
09793
0984a
0997f
099ad
099ec
09a21
09a2f
09a36
09a62
09b2e
09be5
09c09
09c23
09c28
09d9c
0a438
0a4e9
0a596
0a59d
0a5b3
0a5cb
0a5ed
0a678
0a68d
0a6f2
0a7a6
0a7ca
0a7d4
0a7d9
0a84b
0a8b1
0a8b5
0a8c9
0a8ef
0aa6e
0acdb
0ace0
0ace4
0ad70
0ae9b
0ae9f
0aea3
0aea7
0aeab
08ebe
08ec9
08ed4
08ee3
08eeb
08f6a
08f83
08f90
08f97
090c3
090d4
090de
0950f
09556
095d3
09735
09798
097ac
09858
09a03
09a45
09a59
09a8a
09a95
09aa4
09acc
09bf8
09c3e
09c58
09c66
09d04
0a256
0a3c7
0a5c5
0a5cf
0a5dc
0a5f5
0a61b
0a670
0a6af
0a6b7
0a6d9
0a733
0a7de
0a7e5
0a7f9
0a801
0a811
0a8e9
0a8f6
0a9ac
0ac72
0acf1
0acf6
0ad82
0ae3b
0aeb0
0aeb4
0aeb8
0aebc
0833d
0904b
09055
0905d
0906d
09078
090e7
090f4
09100
09109
091dd
091ed
091f8
09348
095aa
09663
09715
097b2
097f1
0987e
0991b
09988
0999a
099b7
099f3
09a95
09ab4
09ae6
09af1
09b08
09c2b
09c80
09c8c
09c9f
09ca3
09d4f
09e1a
0a55d
0a60b
0a75e
0a76b
0a780
0a792
0a7f2
0a812
0a828
0a8e8
0a8fb
0a8ff
0a914
0a918
0aa3b
0aa4a
0aa4e
0ad06
0ad86
0ad8a
0ae14
0aec2
0aec6
0aeca
083ba
09084
0908f
0909c
090a9
090b0
09114
09127
0912e
09190
09207
09218
0936a
095b7
095fe
0967b
0975b
097b7
097c4
09889
098b7
0997c
099af
099f9
09a1d
09a43
09adc
09b2b
09b36
09b50
09c6a
09ca5
09ccb
09ce6
09cea
09d8e
09efe
0a59f
0a674
0a68d
0a793
0a7a0
0a7b5
0a82f
0a84c
0a85b
0a919
0a922
0a934
0a93a
0a999
0aa6e
0aa72
0ac5d
0ad98
0ad9d
0ada1
0aecc
0aed0
0aed4
081a1
08f68
08f71
08f79
08f89
08f94
090c2
0913e
09151
09158
09225
09236
09240
092ac
09556
0968d
0973d
097c1
097ca
098ea
09910
0994c
099e9
09a56
09a68
09a82
09abb
09b17
09b4a
09b72
09b8f
09cbf
09d02
09d19
09d1f
09d30
09e91
0a524
0a5db
0a680
0a687
0a69c
0a6b9
0a846
0a866
0a87c
0a930
0a944
0a948
0a95c
0a960
0a99e
0a9ae
0a9b2
0ad30
0adb0
0adb4
0ae3c
0aeda
0aede
0aee2
08225
08fa7
08faf
08fba
08fc8
08fd0
09165
09172
0917f
09186
0924f
09260
092cf
09563
09628
096a5
09781
097cf
097dc
09893
098a4
098c6
09958
09986
09a4f
09abd
09b46
09b6c
09bb7
09bc2
09bd7
09cfe
09d43
09d58
09d5e
09d6f
09ed1
0a60a
0a6ad
0a6bd
0a6cd
0a6ee
0a70b
0a883
0a89c
0a8ad
0a961
0a96a
0a978
0a980
0a9c0
0a9d3
0a9d7
0ac87
0adc2
0adc7
0adcb
0aee4
0aee8
0aeec
0826f
08fda
08fe3
08feb
08ffb
09005
09116
0918e
091a1
091a8
09269
0927a
09284
092fa
09580
096b7
096ed
097d9
097e2
09872
098c0
098fa
0990b
0992d
099cc
099ed
09ab0
09ba1
09bd8
09c05
09c19
09cc3
09d62
09d8b
09d9b
09d9f
09e3c
0a59a
0a64b
0a6f2
0a6f9
0a70e
0a724
0a7c8
0a7d0
0a7e1
0a8c4
0a8cc
0a8d0
0a988
0a98c
0a9ec
0a9fc
0aa00
0acdc
0ad5d
0ad61
0adec
0aef2
0aef6
0aefa
082f3
09016
09021
0902c
0903b
09042
090c0
090d3
090da
09140
091bf
091d0
0931d
0958d
095d4
09651
097a7
097e7
097f4
098b3
09920
0992c
09964
0998b
09a2e
09a46
09bd0
09bf6
09c3d
09c46
09c5b
09d7c
09dbc
09dd0
09dd6
09de8
09f45
0a529
0a71f
0a728
0a73f
0a75a
0a77d
0a7db
0a7f8
0a807
0a8d1
0a8da
0a8ec
0a8f2
0aa0e
0aa21
0aa25
0acb1
0ad6e
0ad73
0ad77
0aefc
0af00
0af04
08201
08209
08211
08222
0822d
08505
09166
09172
09181
09189
091ec
091f4
09248
09404
09628
096e0
09789
097f9
0982c
098de
098e9
09912
0991a
09929
09939
0995d
09979
09989
09995
09999
09a90
09b45
09b99
09bbb
09bdb
09c80
09c88
09c9d
09da4
09dfa
09e07
09e18
09e20
09f44
0a02e
0a6bb
0a870
0a88b
0a8af
0a8fb
0a91b
0aa21
0aa3d
0ab09
0ab0d
0aded
0ae03
0ae07
0af08
0af0c
0af10
0826c
08273
08283
0828f
08297
0855a
09196
091a3
091ab
09208
09215
0921c
0941c
09635
0967c
096f7
097bf
097fe
09807
09889
09947
09970
0997d
0998e
0999e
099b6
099d1
099ec
099f4
099fe
09a27
09b8a
09bde
09c00
09c22
09ca5
09cc7
09ce4
09ddd
09e19
09e44
09e56
09e64
09fc9
0a59a
0a6fa
0a7d4
0a8b0
0a90e
0a936
0a9ef
0aa51
0ab1c
0ab28
0ad98
0ae15
0ae19
0ae9b
0af14
0af18
082cf
082d7
082df
082f0
082fb
083f1
090be
090ca
090d9
090e1
0922c
09239
09240
0938c
095d4
09708
097af
09804
0980d
098ea
099ac
099c4
099e0
099e8
099f7
09a07
09a34
09a47
09a57
09a63
09a67
09b2e
09bf8
09c2a
09c51
09ca8
09cdc
09d06
09d1b
09e37
09e7a
09e8f
09e98
09f34
0a0a2
0a725
0a7c4
0a7e3
0a811
0a944
0a965
0aa10
0aa77
0aa91
0aa95
0ae15
0ae2b
0ae2f
0af1c
0af20
0af24
0833a
08341
08351
0835d
08365
0844c
090f0
090fe
09107
091dd
09259
09260
093a5
095e1
096a6
0971f
097d7
09812
0981b
09951
09a13
09a2b
09a47
09a4f
09a5b
09a6e
09a87
09aa8
09ab8
09ac5
09ac9
09af2
09b0c
09c13
09c63
09cfe
09d43
09d50
09d6a
09e74
09eb8
09ecc
09ed5
09f6c
0a60b
0a76b
0a805
0a828
0a956
0a97c
0a99f
0a9c3
0aaa5
0aab1
0adc2
0ae3d
0ae41
0ae4f
0af28
0af2c
08397
0839f
083a7
083b9
083c2
0847b
09112
0911e
0912d
09135
09272
0927d
09284
093c8
095fe
09730
09763
09818
09821
09876
0988c
098a9
098b9
098c4
098ca
099c5
09a8c
09aa5
09aae
09abe
09ace
09ade
09b16
09b42
09bc0
09d26
09d62
09d8b
09d99
09e3b
09ed0
09eff
09f0c
09f14
0a080
0a793
0a81c
0a837
0a85f
0a8cc
0a988
0a9db
0aa5e
0aacd
0aad1
0add7
0addc
0ae3d
0af30
0af34
0af38
0819e
081a5
081b5
081c1
081c9
084d6
09144
09153
0915a
091c0
091cd
091d4
093e1
0960b
09652
096cf
097ef
09826
0982f
09873
098a2
098af
098c0
098d0
098f2
09903
0991e
09926
09930
09961
09a33
09b29
09b5b
09b87
09c05
09d7c
09dbc
09dc8
09de2
09eee
09f2c
09f40
09f49
09fe6
0a524
0a688
0a859
0a87c
0a8c2
0a8ee
0a9a1
0aa03
0aae1
0aaed
0ad6e
0aded
0adf1
0ae75
0af3c
0af40
081d9
081e1
081f9
08224
0822d
08345
08435
08448
08451
08459
0924e
0925d
09265
094aa
096a4
09754
097d7
09835
09868
09893
098e7
0990f
0994a
09957
09964
09995
09a3a
09a4f
09b28
09b46
09b52
09b60
09b78
09b91
09b9e
09cfe
09d2f
09d48
09d6f
09dfb
09e07
09e1d
09f44
09f6d
09f83
09f8f
0a02e
0a0f4
0a6bc
0a968
0a986
0a9a2
0aa17
0aaff
0abb5
0adc2
0ae77
0ae7b
0af44
0af48
0af4c
08244
0824b
08286
08290
08297
083b1
0847d
08492
08499
086d9
09276
09280
09341
094cb
096f3
0976a
09802
0983a
09843
09946
09953
0998f
099be
099cb
099f2
09a84
09aaa
09ae6
09b6d
09b8b
09b97
09ba5
09bc1
09bd6
09be3
09d3d
09d6e
09d89
09dae
09e1b
09e44
09e61
09f62
09faa
09fc0
09fd2
0a06b
0a1d9
0a8c6
0a97a
0a9c7
0a9d4
0aa50
0abce
0abd2
0ae76
0ae8c
0aef0
0af50
0af54
081a9
082b4
082bc
082c7
082f2
082fb
084bf
084d2
084db
084e3
091be
091cd
091d4
0943a
09650
0977a
097ef
09840
09849
09899
098ad
09961
099c2
099dd
09a21
09a2f
09a36
09a63
09bb0
09bca
09bd8
09be8
09bfe
09c19
09c26
09cc3
09d9c
09dbc
09dd2
09e2c
09e58
09e80
09e97
09fc4
09fee
09fff
0a00b
0a16e
0a727
0a8d8
0a8fa
0a9f0
0aa5c
0ab2b
0ab45
0ad6e
0ae9d
0aea1
0af58
0af5c
0af60
0821b
08320
08326
08354
0835e
08365
08507
0851c
08524
085e3
091ea
091f4
092a5
0945d
0971b
09790
09816
0984e
09857
09905
0991a
09a14
09a2f
09a5a
09a87
09a92
09aba
09b70
09bf7
09c15
09c20
09c2f
09c45
09c5a
09c68
09c8c
09c9d
09d05
09de7
09e75
09ebb
09ecc
09f6c
0a001
0a02f
0a03c
0a048
0a1ab
0a8ea
0a903
0a99f
0aa10
0aa3b
0ab5f
0ab63
0ae9c
0aeb2
0aec0
0af64
0af68
08277
0837d
08386
0838f
083bc
083c2
08543
08557
0855f
08567
09206
09215
0921c
09472
0967a
097a0
097bf
09854
0985d
09876
09883
0988b
0989c
098cd
0996f
09982
09a91
09abe
09ae3
09af1
09b0f
09b15
09c4e
09c5c
09c6c
09c7a
09cb1
09cd0
09cf1
09ea6
09ed2
09eff
09f11
0a01f
0a062
0a079
0a083
0a119
0a795
0a920
0a942
0a9db
0aa40
0aac3
0ab7d
0ad98
0ae52
0ae56
0af6c
0af70
0af74
08176
0817d
081b8
081c2
081c9
082e9
083f3
08408
0840f
08661
09232
0923c
092f3
09495
096cb
09744
0982a
09862
0986b
09873
09887
098d4
098ed
098f6
09926
099bb
099e3
09adb
09afb
09b09
09b19
09b2c
09b4d
09b57
09c05
09cdc
09d0a
09d1b
09d8e
09eef
09f2f
09f40
09fe6
0a07d
0a0a3
0a0b4
0a0bc
0a221
0a932
0a94b
0a99c
0aa5d
0aa6f
0ab97
0ab9b
0ae50
0ae66
0aed8
0af78
0af7c
098bd
098c7
098d5
09abf
09ace
09b0f
09b1d
09bc2
09c52
09c56
09c6c
09d26
09d33
09d5f
0a613
0a617
0a6ad
0a6d3
0a6da
0a808
0a814
0a96a
0a9cd
0a9d7
0a9e0
0aad3
0ab81
0adda
0ade1
0ae53
0aee6
0af31
0af6c
0af70
0af83
0af87
0af8b
0af8f
0af93
0af97
0af9b
0af9f
0afa3
0afa7
0afab
0afaf
0afb3
0afb7
0afbb
0afbf
0afc3
0afc7
0afcb
0afcf
0afd3
0afd7
0afdb
0afdf
0afe3
0afe7
0afeb
098c2
098d1
09924
0992e
0993c
09b01
09b17
09b1f
09b57
09c05
09c09
09d67
09d9c
09db1
0a64a
0a6e4
0a706
0a70f
0a715
0a838
0a983
0a990
0a9fc
0aa05
0aaea
0ab97
0abe9
0adf0
0ae64
0ae6b
0aef4
0af3d
0af78
0af81
0af85
0aff0
0aff4
0aff8
0affc
0b000
0b004
0b008
0b00c
0b010
0b014
0b018
0b01c
0b020
0b024
0b028
0b02c
0b030
0b034
0b038
0b03c
0b040
0b044
0b048
0b04c
0b050
09927
09933
0993e
0998d
09997
09b44
09b48
09b5e
09b99
09ba7
09c46
09da4
09db3
09dd7
0a527
0a52b
0a71f
0a746
0a74c
0a85c
0a868
0a8da
0aa1b
0aa25
0aa2e
0ab0f
0abb9
0ae02
0ae09
0ae79
0aefe
0af09
0af44
0af48
0aff0
0b055
0b059
0b05d
0b061
0b065
0b069
0b06d
0b071
0b075
0b079
0b07d
0b081
0b085
0b089
0b08d
0b091
0b095
0b099
0b09d
0b0a1
0b0a5
0b0a9
0b0ad
0b0b1
0b0b5
0b0b9
09990
0999f
099f2
099fc
09a0a
09ae8
09b89
09b8d
09ba3
09bde
09bec
09ca2
09ddd
09dec
0a564
0a756
0a778
0a781
0a787
0a88c
0a8f8
0a904
0aa4a
0aa53
0ab25
0abce
0ac13
0ae18
0ae8a
0ae91
0aec4
0af15
0af50
0b055
0b059
0b0be
0b0c2
0b0c6
0b0ca
0b0ce
0b0d2
0b0d6
0b0da
0b0de
0b0e2
0b0e6
0b0ea
0b0ee
0b0f2
0b0f6
0b0fa
0b0fe
0b102
0b106
0b10a
0b10e
0b112
0b116
0b11a
0b11e
099f5
09a01
09a0c
09a5f
09a65
09b2b
09b2f
09bd0
09be6
09bee
09c26
09ca8
09cb7
09ce9
0a59d
0a5a1
0a674
0a7b4
0a7ba
0a8ab
0a8b8
0a922
0aa68
0aa72
0aa7b
0aa97
0ab49
0ae2a
0ae31
0ae9f
0aece
0af1d
0af58
0af5c
0b0be
0b123
0b127
0b12b
0b12f
0b133
0b137
0b13b
0b13f
0b143
0b147
0b14b
0b14f
0b153
0b157
0b15b
0b15f
0b163
0b167
0b16b
0b16f
0b173
0b177
0b17b
0b17f
0b183
0b187
09a5b
09a6d
09aba
09ac5
09ad4
09b72
09c13
09c17
09c2d
09c62
09c72
09ce1
09d1e
09d35
0a5da
0a66e
0a694
0a69d
0a6a3
0a7e4
0a940
0a94c
0a9ae
0a9b7
0aaae
0ab5f
0ac3d
0ae40
0aeb0
0aeb7
0aedc
0af29
0af64
0af87
0af8b
0b125
0b18a
0b18e
0b192
0b196
0b19a
0b19e
0b1a2
0b1a6
0b1aa
0b1ae
0b1b2
0b1b6
0b1ba
0b1be
0b1c2
0b1c6
0b1ca
0b1ce
0b1d2
0b1d6
0b1da
0b1de
0b1e2
0b1e6
0996c
09970
09a6e
09b05
09b0c
09b21
09c5e
09c6e
09ca0
09cb5
09d4e
09ddd
09dec
09ea0
09ecf
09ee4
0a76b
0a7f2
0a805
0a80f
0a816
0a8fd
0aa42
0aa4c
0aa55
0aaae
0aab7
0ab7b
0ac13
0ae51
0ae58
0aec4
0af6c
0af70
0af8f
0af93
0af97
0af9b
0b0c1
0b0c5
0b0c9
0b0cd
0b1eb
0b1ef
0b1f3
0b1f7
0b1fb
0b1ff
0b203
0b207
0b20b
0b20f
0b213
0b217
0b21b
0b21f
0b223
0b227
0b22b
0b22f
0b233
099d5
09aca
09ad6
09b0b
09b1b
09b4d
09b51
09b66
09caa
09ce7
09cf4
09d8d
09edb
09ee6
09f12
0a79e
0a7a2
0a81e
0a836
0a83c
0a91c
0a928
0aa70
0aa79
0aac6
0aacf
0aad7
0ab9d
0ac67
0ae66
0aece
0af31
0af78
0afa0
0aff6
0affa
0affe
0b002
0b128
0b12c
0b130
0b134
0b1ed
0b236
0b23a
0b23e
0b242
0b246
0b24a
0b24e
0b252
0b256
0b25a
0b25e
0b262
0b266
0b26a
0b26e
0b272
0b276
098ce
098d9
09a3c
09b4a
09b53
09b68
09b91
09b9e
09cdf
09cf6
09d20
09dc4
09dc8
09f1a
09f43
09f58
0a687
0a846
0a859
0a864
0a86a
0a946
0a9a6
0a9b0
0a9b9
0aaea
0aaf3
0abb3
0ac3d
0ae77
0ae7e
0aedc
0af44
0af48
0b05b
0b05f
0b063
0b067
0b06b
0b18d
0b191
0b195
0b236
0b23a
0b27d
0b281
0b285
0b289
0b28d
0b291
0b295
0b299
0b29d
0b2a1
0b2a5
0b2a9
0b2ad
0b2b1
0b2b5
0b2b9
0b2bd
09939
09a9b
09a9f
09b95
09ba5
09bd4
09bdb
09bf0
09c86
09d26
09d33
09d5f
09e18
09e2d
09f51
0a6be
0a6c2
0a872
0a88a
0a890
0a963
0a970
0a9d5
0a9de
0ab02
0ab0b
0ab13
0abd4
0ac91
0ae8c
0aee6
0af09
0af50
0afa2
0afa6
0afaa
0b06d
0b0d0
0b0d4
0b0d8
0b0dc
0b0e0
0b27d
0b2c0
0b2c4
0b2c8
0b2cc
0b2d0
0b2d4
0b2d8
0b2dc
0b2e0
0b2e4
0b2e8
0b2ec
0b2f0
0b2f4
0b2f8
0b2fc
0b300
0989e
098a2
099a0
09bd8
09bdd
09bf2
09c1b
09c28
09cc3
09cc7
09d67
09d9c
09db1
09e26
09e56
09e6a
0a6f9
0a7c8
0a8a2
0a8b4
0a8ba
0a98a
0a9f4
0a9fe
0aa07
0ab25
0ab2e
0ab43
0abe9
0ae9d
0aea4
0aef4
0af58
0af5c
0b00b
0b00f
0b013
0b135
0b139
0b13d
0b141
0b145
0b2c0
0b2c4
0b307
0b30b
0b30f
0b313
0b317
0b31b
0b31f
0b323
0b327
0b32b
0b32f
0b333
0b337
0b33b
0b33f
0b343
0b347
09907
09a03
09a0e
09c1f
09c2f
09c58
09c5f
09c76
09d04
09da4
09db3
09dd7
09e5b
09e6c
09e98
0a730
0a734
0a7c6
0a7e2
0a7e8
0a8d4
0a8e0
0aa23
0aa2c
0aa8a
0aa93
0aa9b
0ab65
0acbb
0aeb2
0aefe
0af1d
0af64
0b070
0b074
0b078
0b148
0b19a
0b19e
0b1a2
0b1a6
0b1aa
0b1f3
0b305
0b309
0b34c
0b350
0b354
0b358
0b35c
0b360
0b364
0b368
0b36c
0b370
0b374
0b378
0b37c
0b380
0b384
09918
0991c
09939
09b81
09b85
09c2d
09c9d
09ca4
09cb9
09ddc
09de5
09e18
09e2d
09ec2
09f4f
09f5a
0a00f
0a043
0a052
0a8ea
0a8fb
0a902
0aa42
0aa4c
0aa55
0ab08
0ab11
0ab59
0ab62
0ab69
0ac91
0aec2
0af09
0af67
0b0c2
0b0c6
0b0ca
0b0e3
0b0e7
0b1f6
0b1fa
0b2c7
0b2cb
0b2cf
0b38b
0b38f
0b393
0b397
0b39b
0b39f
0b3a3
0b3a7
0b3ab
0b3af
0b3b3
0b3b7
0b3bb
0b3bf
0b3c3
0b3c7
0b3cb
09981
0999c
099a7
09bc8
09c6a
09c70
09ca7
09cb0
09ce4
09ceb
09cf8
09e26
09e56
09e6a
09eff
0a040
0a054
0a083
0a90c
0a919
0a924
0a92a
0aa70
0aa79
0ab1f
0ab28
0ab30
0ab7b
0ab83
0ac28
0ace5
0aed0
0af6c
0af8d
0b129
0b12d
0b131
0b14a
0b14e
0b23d
0b30a
0b30e
0b312
0b389
0b38d
0b3d0
0b3d4
0b3d8
0b3dc
0b3e0
0b3e4
0b3e8
0b3ec
0b3f0
0b3f4
0b3f8
0b3fc
0b400
0b404
0b408
099e6
099ea
09a07
09b17
09b1f
09c0d
09cdc
09ce3
09cfa
09d1d
09d2d
09e5b
09e6c
09e98
09f34
09f38
0a089
0a0b7
0a0c6
0a932
0a944
0a94a
0a9a6
0a9b0
0a9b9
0aa90
0aa99
0ab91
0ab9a
0aba1
0acbb
0aeda
0af1d
0af7b
0b149
0b18e
0b192
0b196
0b1ad
0b280
0b284
0b34b
0b34f
0b353
0b3d0
0b40d
0b411
0b415
0b419
0b41d
0b421
0b425
0b429
0b42d
0b431
0b435
0b439
0b43d
0b441
0b445
0b449
09a4f
09a69
09a75
09b5e
09c4a
09c4e
09d25
09d2e
09d5a
09d61
09d76
09e00
09e9e
09ea7
09ed5
09f8c
09f9b
0a0c0
0a954
0a961
0a96c
0a972
0a9d5
0a9de
0aaa8
0aab1
0aab9
0abb3
0abbb
0ac52
0ad0f
0aee8
0af44
0afa2
0afa6
0afaa
0afae
0afb2
0b189
0b1fe
0b202
0b206
0b2d3
0b40d
0b411
0b44e
0b452
0b456
0b45a
0b45e
0b462
0b466
0b46a
0b46e
0b472
0b476
0b47a
0b47e
0b482
0b486
09aae
09ab2
09acf
09af7
09afb
09ba3
09d62
09d69
09d78
09d9b
09dac
09e3b
09e3f
09edd
09f0c
09f21
09f95
09fc9
09fd8
0a8c6
0a988
0a98e
0a9f4
0a9fe
0aa07
0aacc
0aad5
0abc8
0abd1
0abd8
0ac67
0aef2
0af31
0af53
0b009
0b00d
0b011
0b015
0b019
0b241
0b245
0b249
0b316
0b31a
0b44e
0b48b
0b48f
0b493
0b497
0b49b
0b49f
0b4a3
0b4a7
0b4ab
0b4af
0b4b3
0b4b7
0b4bb
0b4bf
0b4c3
0b4c7
098b3
098ce
098d9
09b3e
09be6
09bee
09da3
09dab
09dd2
09dd9
09df0
09e7a
09f18
09f23
09f49
09fc6
09fda
0a009
0a8c0
0a8d1
0a8dc
0a8e2
0aa23
0aa2c
0aae4
0aaed
0aaf5
0ab43
0ab4b
0abfe
0ad39
0af00
0af58
0b007
0b072
0b076
0b07a
0b07e
0b135
0b288
0b28c
0b290
0b357
0b38f
0b393
0b48d
0b4ca
0b4ce
0b4d2
0b4d6
0b4da
0b4de
0b4e2
0b4e6
0b4ea
0b4ee
0b4f2
0b4f6
0b4fa
0b4fe
098df
09927
09933
0993e
09b46
09b5c
09b64
09d15
09da4
09db3
09e17
09e21
09f44
09f52
09f5c
09f8f
0a02e
0a032
0a0c0
0a176
0a183
0a1ad
0aa1b
0aa2c
0ab08
0ab11
0abad
0abb6
0abbd
0abfe
0ac03
0ad10
0af09
0af49
0b05b
0b070
0b2c8
0b2cc
0b2d6
0b2da
0b396
0b451
0b455
0b459
0b503
0b507
0b50b
0b50f
0b513
0b517
0b51b
0b51f
0b523
0b527
0b52b
0b52f
0b533
0b537
0b53b
0b53f
0b543
09948
09990
0999f
09b89
09b8d
09ba3
09d52
09d56
09ddf
09e19
09e27
09e33
09e54
09e65
09f89
09f9d
09fd2
0a06b
0a06f
0a1ba
0a1e8
0a1fd
0aa45
0ab1f
0ab28
0ab30
0abce
0abd6
0ac0d
0ac16
0aca7
0ad64
0af4e
0b055
0b0cf
0b30b
0b30f
0b313
0b31d
0b3d3
0b3d7
0b492
0b496
0b49a
0b505
0b546
0b54a
0b54e
0b552
0b556
0b55a
0b55e
0b562
0b566
0b56a
0b56e
0b572
0b576
0b57a
0b57e
099ad
099f5
09a01
09a0c
09bd0
09be6
09bee
09caa
09d91
09d95
09e59
09e66
09e93
09e97
09eab
09fcd
0a005
0a017
0a0a4
0a1ef
0a1ff
0a223
0aa68
0aa79
0aa90
0aa99
0ab3d
0ab46
0ab4d
0ac28
0ac2d
0ad3a
0af1d
0af5d
0b12a
0b149
0b34c
0b350
0b35a
0b35e
0b414
0b4c9
0b4cd
0b4d1
0b546
0b54a
0b585
0b589
0b58d
0b591
0b595
0b599
0b59d
0b5a1
0b5a5
0b5a9
0b5ad
0b5b1
0b5b5
0b5b9
0b5bd
09a16
09a5b
09a6d
09c13
09c17
09c2d
09cdf
09cf6
09dcc
09e90
09ea1
09ead
09ece
09ed8
09f6c
09f70
0a00f
0a043
0a052
0a0f6
0a226
0a236
0a9a9
0aaa8
0aab1
0aab9
0ab5f
0ab67
0ac37
0ac40
0acd1
0ad8e
0af62
0b123
0b18d
0b1fd
0b201
0b205
0b209
0b39a
0b39e
0b3a2
0b45d
0b461
0b585
0b5c0
0b5c4
0b5c8
0b5cc
0b5d0
0b5d4
0b5d8
0b5dc
0b5e0
0b5e4
0b5e8
0b5ec
0b5f0
0b5f4
0b5f8
09878
09abd
09ac3
09ad2
09c54
09c6a
09c70
09c97
09d26
09d33
09ed9
09ee1
09f09
09f11
09f25
09fab
0a040
0a054
0a083
0a0fc
0a10b
0a133
0a9cd
0a9de
0aacc
0aad5
0ab75
0ab7e
0ab85
0ac52
0ac57
0ace6
0af31
0af71
0af8d
0afa2
0b244
0b248
0b24c
0b250
0b3db
0b3df
0b3e3
0b49e
0b5c0
0b5c4
0b5ff
0b603
0b607
0b60b
0b60f
0b613
0b617
0b61b
0b61f
0b623
0b627
0b62b
0b62f
0b633
0b637
09874
098c2
098d1
09aff
09b03
09b19
09cd4
09cd8
09d67
09f0d
09f1b
09f27
09f42
09f4c
09fe6
09fea
0a089
0a0b7
0a0c6
0a13f
0a16e
0a185
0a9f7
0aae4
0aaed
0aaf5
0ab97
0ab9f
0abe3
0abec
0ac7d
0adb8
0af76
0af81
0b007
0b287
0b28b
0b28f
0b293
0b418
0b41c
0b420
0b4d5
0b4d9
0b50b
0b5fd
0b601
0b63c
0b640
0b644
0b648
0b64c
0b650
0b654
0b658
0b65c
0b660
0b664
0b668
0b66c
09a3a
09a3e
09b29
09b4c
09b60
09cdf
09cf6
09e8b
09f18
09f23
09f85
09f91
0a0ae
0a0c2
0a0ca
0a0f6
0a19c
0a1a0
0a22e
0a2e5
0a2f1
0a31b
0a9a6
0a9b7
0aae7
0abad
0abb6
0abbd
0ac3d
0ac42
0ac7e
0ad0f
0ae47
0af49
0b18d
0b287
0b454
0b458
0b462
0b466
0b510
0b5c5
0b5c9
0b5cd
0b671
0b675
0b679
0b67d
0b681
0b685
0b689
0b68d
0b691
0b695
0b699
0b69d
0b6a1
0b6a5
0b6a9
0b6ad
0b6b1
09a9d
09b6c
09b93
09b98
09bad
09d28
09ec6
09eca
09f51
09f87
09f97
09fa1
09fc2
09fd4
0a0fc
0a10b
0a133
0a1d9
0a1dd
0a328
0a353
0a36b
0a9d0
0ab02
0ab12
0abce
0abd6
0ac4c
0ac55
0ac8c
0ac95
0ada2
0af4e
0afa2
0b27b
0b491
0b495
0b499
0b4a3
0b54b
0b54f
0b604
0b608
0b60c
0b673
0b6b4
0b6b8
0b6bc
0b6c0
0b6c4
0b6c8
0b6cc
0b6d0
0b6d4
0b6d8
0b6dc
0b6e0
0b6e4
0b6e8
0b6ec
0989e
098a2
09bb3
09bda
09bea
09d65
09d74
09e26
09f03
09f07
09fcb
09fd6
09ffd
0a007
0a019
0a13f
0a16e
0a185
0a212
0a35e
0a36d
0a391
0a9f4
0aa05
0ab22
0ab3d
0ab46
0ab4d
0abe9
0abee
0aca8
0ad39
0adf7
0af5d
0b136
0b30b
0b4cc
0b4d0
0b4da
0b4de
0b58a
0b639
0b63d
0b641
0b6b4
0b6b8
0b6f3
0b6f7
0b6fb
0b6ff
0b703
0b707
0b70b
0b70f
0b713
0b717
0b71b
0b71f
0b723
0b727
0b72b
09907
09bf6
09c1d
09c21
09c37
09da6
09e5b
09e6c
09f3c
0a001
0a011
0a01b
0a03c
0a048
0a0da
0a0de
0a17d
0a1ab
0a1c0
0a264
0a395
0a3a4
0aa1e
0aa8a
0aa9a
0ab5f
0ab67
0abf8
0ac01
0acb6
0acbf
0adcc
0af62
0b070
0b305
0b39b
0b39f
0b3a3
0b3a7
0b514
0b518
0b51c
0b5d1
0b5d5
0b6f3
0b72e
0b732
0b736
0b73a
0b73e
0b742
0b746
0b74a
0b74e
0b752
0b756
0b75a
0b75e
0b762
0b766
0996c
09970
09ae4
09c5e
09c6e
09ddd
09dec
09e11
09e9e
09ea7
0a04a
0a050
0a079
0a07f
0a093
0a119
0a1b3
0a1c2
0a1ea
0a26b
0a279
0a2a1
0aa42
0aa53
0aaab
0ab75
0ab7e
0ab85
0ac13
0ac18
0acd2
0ace5
0ae1f
0af71
0b0c2
0b1fd
0b3dc
0b3e0
0b3e4
0b3e8
0b553
0b557
0b55b
0b610
0b72e
0b732
0b76d
0b771
0b775
0b779
0b77d
0b781
0b785
0b789
0b78d
0b791
0b795
0b799
0b79d
0b7a1
0b7a5
099d5
09adc
09b09
09b0e
09b23
09caa
09e4c
09e50
09edd
0a07d
0a08b
0a095
0a0b4
0a0bc
0a154
0a158
0a1f7
0a221
0a234
0a2ad
0a2d9
0a2f3
0aa6b
0aac6
0aad6
0ab97
0ab9f
0ac22
0ac2b
0ac62
0ac6b
0ad78
0af76
0aff4
0b1eb
0b419
0b41d
0b421
0b425
0b58e
0b592
0b596
0b645
0b649
0b679
0b76b
0b76f
0b7aa
0b7ae
0b7b2
0b7b6
0b7ba
0b7be
0b7c2
0b7c6
0b7ca
0b7ce
0b7d2
0b7d6
0b7da
09c0b
09c0f
09cc1
09cde
09cef
09e5b
09e6c
09ff9
0a077
0a091
0a0f3
0a0fe
0a21c
0a230
0a238
0a264
0a30a
0a30e
0a39c
0a44d
0a459
0a481
0a9a6
0a9b7
0aa8d
0ab91
0aba0
0ac3d
0ac42
0acbd
0acf4
0acfd
0ad8e
0aeba
0b34a
0b419
0b5c8
0b5cc
0b5d6
0b5da
0b67e
0b733
0b737
0b73b
0b7df
0b7e3
0b7e7
0b7eb
0b7ef
0b7f3
0b7f7
0b7fb
0b7ff
0b803
0b807
0b80b
0b80f
0b813
0b817
0b81b
0b81f
09c4c
09cfe
09d23
09d2a
09d39
09ea0
0a034
0a038
0a0c0
0a0f9
0a105
0a10f
0a130
0a13b
0a26b
0a279
0a2a1
0a347
0a34b
0a48e
0a4b7
0a4cf
0a9d0
0aaa8
0aab8
0abb0
0ac4c
0ac55
0accb
0acd4
0ad0f
0ad14
0ae20
0afa2
0b40d
0b603
0b607
0b60b
0b615
0b6b9
0b6bd
0b772
0b776
0b77a
0b7e1
0b822
0b826
0b82a
0b82e
0b832
0b836
0b83a
0b83e
0b842
0b846
0b84a
0b84e
0b852
0b856
0b85a
09af7
09afb
09d3f
09d64
09d6d
09edb
09ee6
09f95
0a071
0a075
0a13d
0a144
0a16b
0a172
0a187
0a2ad
0a2d9
0a2f3
0a380
0a4c2
0a4d1
0a4f3
0a9f4
0aa05
0aac9
0abc8
0abd7
0abe9
0abee
0ac69
0ad1e
0ad27
0adb8
0ae6e
0b242
0b491
0b63c
0b640
0b64a
0b64e
0b6f8
0b7a7
0b7ab
0b7af
0b822
0b826
0b861
0b865
0b869
0b86d
0b871
0b875
0b879
0b87d
0b881
0b885
0b889
0b88d
0b891
0b895
0b899
09b3e
09d7c
09da1
09da8
09db7
09f1a
09fc6
09fda
0a0aa
0a173
0a17f
0a189
0a1aa
0a1b5
0a248
0a24c
0a2eb
0a316
0a32e
0a3d0
0a4f7
0a506
0aa1e
0aae4
0aaf4
0ab40
0abf8
0ac01
0ac77
0ac80
0ad39
0ad3e
0ae48
0b070
0b48b
0b515
0b519
0b51d
0b521
0b682
0b686
0b68a
0b73f
0b743
0b861
0b89c
0b8a0
0b8a4
0b8a8
0b8ac
0b8b0
0b8b4
0b8b8
0b8bc
0b8c0
0b8c4
0b8c8
0b8cc
0b8d0
0b8d4
09b81
09b85
09c82
09ddc
09de5
09f4f
09f5a
09f7f
0a003
0a015
0a1b8
0a1be
0a1e5
0a1ec
0a201
0a287
0a322
0a330
0a358
0a3d7
0a3e5
0a40b
0aa42
0aa53
0ab05
0ab59
0ab68
0ac13
0ac18
0ac93
0ad48
0ad51
0ad64
0ae94
0b2c6
0b39b
0b554
0b558
0b55c
0b560
0b6c1
0b6c5
0b6c9
0b77e
0b89c
0b8a0
0b8db
0b8df
0b8e3
0b8e7
0b8eb
0b8ef
0b8f3
0b8f7
0b8fb
0b8ff
0b903
0b907
0b90b
0b90f
0b913
09bc8
09c7a
09ca5
09cac
09cbb
09e26
09fba
09fbe
0a04c
0a1ed
0a1f9
0a203
0a220
0a229
0a2c2
0a2c6
0a365
0a38a
0a3a2
0a417
0a441
0a45b
0aa6b
0ab1f
0ab2f
0ab78
0ac22
0ac2b
0aca1
0acaa
0ace5
0acea
0adf8
0b12a
0b389
0b58f
0b593
0b597
0b59b
0b6fc
0b700
0b704
0b7b3
0b7b7
0b7e7
0b8d9
0b8dd
0b918
0b91c
0b920
0b924
0b928
0b92c
0b930
0b934
0b938
0b93c
0b940
0b944
0b948
09d91
09d95
09e39
09e59
09e66
09fc6
09fda
0a167
0a1ef
0a1ff
0a263
0a26d
0a38c
0a39e
0a3a6
0a3d0
0a470
0a474
0a4fe
0a5af
0a5bb
0a5e3
0aa8a
0aa9a
0ab40
0ac22
0ac2b
0acbb
0acc0
0ad3b
0ad72
0ad7b
0ae0c
0af02
0b4cb
0b58f
0b736
0b73a
0b744
0b748
0b7ec
0b8a1
0b8a5
0b8a9
0b94d
0b951
0b955
0b959
0b95d
0b961
0b965
0b969
0b96d
0b971
0b975
0b979
0b97d
0b981
0b985
0b989
0b98d
09dcc
09e74
09e90
09ea1
09ead
0a00f
0a1a2
0a1a6
0a22e
0a268
0a273
0a27d
0a2a0
0a2aa
0a3d7
0a3e5
0a40b
0a4ab
0a4af
0a5f0
0a619
0a631
0aaab
0ab59
0ab68
0ac3a
0acca
0acd3
0ad49
0ad52
0ad8d
0ad92
0ae94
0b1fd
0b583
0b771
0b775
0b779
0b783
0b827
0b82b
0b8e0
0b8e4
0b8e8
0b94f
0b990
0b994
0b998
0b99c
0b9a0
0b9a4
0b9a8
0b9ac
0b9b0
0b9b4
0b9b8
0b9bc
0b9c0
0b9c4
0b9c8
09c95
09c99
09eb3
09ed9
09ee1
0a040
0a054
0a103
0a1df
0a1e3
0a2ab
0a2b2
0a2db
0a2e1
0a2f5
0a417
0a441
0a45b
0a4e2
0a624
0a633
0a655
0aac6
0aad6
0ab78
0ac4c
0ac55
0ac67
0ac6c
0ace7
0ad9c
0ada5
0ae34
0aed2
0b3da
0b603
0b7aa
0b7ae
0b7b8
0b7bc
0b866
0b915
0b919
0b91d
0b990
0b994
0b9cf
0b9d3
0b9d7
0b9db
0b9df
0b9e3
0b9e7
0b9eb
0b9ef
0b9f3
0b9f7
0b9fb
0b9ff
0ba03
0ba07
09cd6
09eee
09f0d
09f1b
09f27
0a089
0a139
0a148
0a218
0a2e2
0a2ed
0a2f7
0a31a
0a324
0a3b6
0a3ba
0a453
0a47c
0a494
0a532
0a659
0a668
0aae7
0ab91
0aba0
0abe6
0ac76
0ac7f
0acf5
0acfe
0adb7
0adbc
0aeba
0b287
0b5fd
0b683
0b687
0b68b
0b68f
0b7f0
0b7f4
0b7f8
0b8ad
0b8b1
0b9cf
0ba0a
0ba0e
0ba12
0ba16
0ba1a
0ba1e
0ba22
0ba26
0ba2a
0ba2e
0ba32
0ba36
0ba3a
0ba3e
0ba42
09d13
09d17
09dfc
09f4d
09f55
0a0b0
0a0c8
0a0ed
0a176
0a183
0a326
0a32c
0a355
0a35b
0a36f
0a3f3
0a488
0a496
0a4bc
0a539
0a547
0a56d
0ab02
0ab12
0abb0
0abf8
0ac01
0ac91
0ac96
0ad11
0adc6
0adcf
0ade4
0aeea
0b452
0b516
0b6c2
0b6c6
0b6ca
0b6ce
0b82f
0b833
0b837
0b8ec
0ba0a
0ba0e
0ba49
0ba4d
0ba51
0ba55
0ba59
0ba5d
0ba61
0ba65
0ba69
0ba6d
0ba71
0ba75
0ba79
0ba7d
0ba81
09d54
09df4
09e19
09e27
09e33
09f95
0a128
0a12c
0a1ba
0a35c
0a367
0a371
0a390
0a398
0a42c
0a430
0a4c9
0a4ec
0a504
0a579
0a5a3
0a5bd
0ab22
0abc8
0abd7
0ac10
0aca0
0aca9
0ad1f
0ad28
0ad63
0ad68
0ae6e
0b30b
0b503
0b6fd
0b701
0b705
0b709
0b86a
0b86e
0b872
0b921
0b925
0b955
0ba47
0ba4b
0ba86
0ba8a
0ba8e
0ba92
0ba96
0ba9a
0ba9e
0baa2
0baa6
0baaa
0baae
0bab2
0bab6
09f03
09f07
09fa7
09fcb
09fd6
0a139
0a148
0a2d5
0a35e
0a36d
0a3cf
0a3d9
0a4ee
0a500
0a508
0a532
0a5d2
0a5d6
0a660
0a709
0a717
0a73b
0ab3d
0ab4c
0abe6
0aca0
0aca9
0ad39
0ad3e
0adb9
0adee
0adf7
0ae81
0af40
0b4cb
0b6b4
0b8a2
0b8a6
0b8aa
0b8b4
0b958
0b95c
0ba11
0ba15
0ba19
0babd
0bac1
0bac5
0bac9
0bacd
0bad1
0bad5
0bad9
0badd
0bae1
0bae5
0bae9
0baed
0baf1
0baf5
0baf9
09f3c
09fe2
0a001
0a011
0a01b
0a17d
0a310
0a314
0a39c
0a3d4
0a3df
0a3e9
0a40a
0a414
0a539
0a547
0a56d
0a60d
0a611
0a74a
0a76f
0a789
0ab5c
0abf8
0ac01
0acb8
0ad48
0ad51
0adc7
0add0
0ae08
0ae0e
0aeea
0b083
0b516
0b734
0b8e1
0b8e5
0b8ef
0b8f3
0b997
0ba4c
0ba50
0ba54
0babb
0babf
0bafe
0bb02
0bb06
0bb0a
0bb0e
0bb12
0bb16
0bb1a
0bb1e
0bb22
0bb26
0bb2a
0bb2e
0bb32
09e0f
09e13
0a021
0a04a
0a050
0a1b3
0a1c2
0a271
0a34d
0a351
0a415
0a41c
0a443
0a449
0a45d
0a579
0a5a3
0a5bd
0a644
0a77a
0a78b
0a7ab
0ab75
0ab84
0ac10
0acca
0acd3
0ace5
0acea
0ad65
0ae16
0ae1f
0aea7
0af18
0b3da
0b72e
0b916
0b91a
0b91e
0b928
0b9d2
0b9d6
0ba85
0ba89
0ba8d
0bafe
0bb37
0bb3b
0bb3f
0bb43
0bb47
0bb4b
0bb4f
0bb53
0bb57
0bb5b
0bb5f
0bb63
0bb67
0bb6b
0bb6f
09e4e
0a05c
0a07d
0a08b
0a095
0a1f7
0a2a8
0a2b6
0a386
0a44a
0a455
0a45f
0a480
0a48a
0a518
0a51c
0a5b5
0a5de
0a5f6
0a690
0a7af
0a7c0
0ab94
0ac22
0ac2b
0ac64
0acf4
0acfd
0ad73
0ad7c
0ae30
0ae36
0af02
0b151
0b58f
0b7a8
0b7f3
0b7f7
0b7fb
0b7ff
0b960
0b964
0b968
0ba1d
0bb37
0bb3b
0bb74
0bb78
0bb7c
0bb80
0bb84
0bb88
0bb8c
0bb90
0bb94
0bb98
0bb9c
0bba0
0bba4
0bba8
09e89
09e8d
09f6a
0a0be
0a0c4
0a226
0a236
0a25b
0a2e5
0a2f1
0a48c
0a492
0a4b9
0a4bf
0a4d3
0a555
0a5ea
0a5f8
0a61e
0a697
0a6a7
0a6c9
0abad
0abbc
0ac3a
0ac76
0ac7f
0ad0f
0ad14
0ad8f
0ae3e
0ae47
0ae5b
0af2c
0b452
0b677
0b82e
0b832
0b836
0b83a
0b99b
0b99f
0b9a3
0ba58
0ba5c
0bb74
0bbad
0bbb1
0bbb5
0bbb9
0bbbd
0bbc1
0bbc5
0bbc9
0bbcd
0bbd1
0bbd5
0bbd9
0bbdd
0bbe1
0bbe5
09ec8
09f62
09f87
09f97
09fa1
0a103
0a296
0a29a
0a328
0a4c0
0a4cb
0a4d5
0a4f2
0a4fa
0a58e
0a592
0a62b
0a64e
0a666
0a6d7
0a6fd
0a719
0abcb
0ac4c
0ac55
0ac8e
0ad1e
0ad27
0ad9d
0ada6
0ade0
0ade6
0aed2
0afb5
0b603
0b6c1
0b86d
0b871
0b875
0b879
0b9da
0b9de
0b9e2
0ba91
0bac1
0bac5
0bbaf
0bbe8
0bbec
0bbf0
0bbf4
0bbf8
0bbfc
0bc00
0bc04
0bc08
0bc0c
0bc10
0bc14
0bc18
0a071
0a075
0a115
0a13d
0a144
0a2a8
0a2b6
0a43d
0a4c2
0a4d1
0a531
0a53b
0a650
0a662
0a66a
0a690
0a72a
0a72e
0a7b8
0a832
0a83e
0a855
0abe3
0abec
0ac64
0ad1e
0ad27
0adb7
0adbc
0ae31
0ae64
0ae6d
0aede
0af7c
0b151
0b7a8
0b86b
0ba12
0ba16
0ba20
0ba24
0bac8
0bb77
0bb7b
0bb7f
0bc1f
0bc23
0bc27
0bc2b
0bc2f
0bc33
0bc37
0bc3b
0bc3f
0bc43
0bc47
0bc4b
0bc4f
0bc53
0bc57
0bc5b
0a0aa
0a150
0a173
0a17f
0a189
0a2eb
0a476
0a47a
0a4fe
0a536
0a541
0a54b
0a56c
0a576
0a697
0a6a7
0a6c9
0a763
0a767
0a862
0a87a
0a896
0abfb
0ac76
0ac7f
0ad36
0adc6
0adcf
0ae41
0ae49
0ae7d
0ae83
0af2c
0b05d
0b516
0b85f
0ba4d
0ba51
0ba55
0ba5f
0bb01
0bb05
0bbb4
0bbb8
0bc1d
0bc21
0bc60
0bc64
0bc68
0bc6c
0bc70
0bc74
0bc78
0bc7c
0bc80
0bc84
0bc88
0bc8c
0bc90
0bc94
09f7d
09f81
0a18f
0a1b8
0a1be
0a322
0a330
0a3dd
0a4b1
0a4b5
0a577
0a57e
0a5a5
0a5ab
0a5bf
0a6d7
0a6fd
0a719
0a79a
0a885
0a892
0a8a7
0ac0d
0ac16
0ac8e
0ad48
0ad51
0ad63
0ad68
0ade1
0ae8a
0ae93
0aef6
0af54
0b0d1
0b6c1
0b8df
0ba86
0ba8a
0ba94
0ba98
0bb3e
0bbe7
0bbeb
0bbef
0bc60
0bc99
0bc9d
0bca1
0bca5
0bca9
0bcad
0bcb1
0bcb5
0bcb9
0bcbd
0bcc1
0bcc5
0bcc9
0bccd
0bcd1
09fbc
0a1ca
0a1ed
0a1f9
0a203
0a365
0a412
0a420
0a4e8
0a5ac
0a5b7
0a5c1
0a5e2
0a5ec
0a676
0a67a
0a711
0a736
0a750
0a7d7
0a8ab
0a8b8
0ac25
0aca0
0aca9
0ace2
0ad72
0ad7b
0adf1
0adf9
0aea3
0aea9
0af40
0b01c
0b58f
0b8d9
0b95f
0b963
0b967
0b96b
0bacc
0bad0
0bad4
0bb83
0bc99
0bc9d
0bcd6
0bcda
0bcde
0bce2
0bce6
0bcea
0bcee
0bcf2
0bcf6
0bcfa
0bcfe
0bd02
0bd06
0bd0a
09ff7
09ffb
0a0d8
0a22c
0a232
0a395
0a3a4
0a3c7
0a44d
0a459
0a5ee
0a5f4
0a61b
0a621
0a635
0a6b1
0a742
0a752
0a774
0a7de
0a7ea
0a801
0ac37
0ac40
0acb8
0acf4
0acfd
0ad8d
0ad92
0ae09
0aeb0
0aeb9
0aec6
0af68
0b19b
0b734
0b7f2
0b99e
0b9a2
0b9a6
0b9aa
0bb09
0bb0d
0bbbc
0bbc0
0bcd6
0bd0f
0bd13
0bd17
0bd1b
0bd1f
0bd23
0bd27
0bd2b
0bd2f
0bd33
0bd37
0bd3b
0bd3f
0bd43
0bd47
0a036
0a0d0
0a0f9
0a105
0a10f
0a271
0a400
0a404
0a48e
0a622
0a62d
0a637
0a654
0a65c
0a6e8
0a6ec
0a783
0a7a4
0a7be
0a80d
0a826
0a842
0ac4f
0acca
0acd3
0ad0c
0ad9c
0ada5
0ae19
0ae21
0ae57
0ae5d
0af18
0af8f
0b603
0b7df
0b9d9
0b9dd
0b9e1
0b9e5
0bb42
0bb46
0bb4a
0bbf3
0bc23
0bc27
0bd11
0bd4a
0bd4e
0bd52
0bd56
0bd5a
0bd5e
0bd62
0bd66
0bd6a
0bd6e
0bd72
0bd76
0bd7a
0a1df
0a1e3
0a283
0a2ab
0a2b2
0a412
0a420
0a59f
0a624
0a633
0a68f
0a699
0a7a6
0a7b6
0a7bc
0a7d7
0a84a
0a84e
0a8b2
0a91c
0a928
0a939
0aa70
0ac61
0ac6a
0ace2
0ad9c
0ada5
0ae30
0ae36
0aea4
0aece
0aed4
0af5e
0b138
0b153
0b7a8
0b990
0bb78
0bb7c
0bb86
0bb8a
0bc2a
0bcd9
0bcdd
0bce1
0bd81
0bd85
0bd89
0bd8d
0bd91
0bd95
0bd99
0bd9d
0bda1
0bda5
0bda9
0bdad
0bdb1
0bdb5
0bdb9
0a218
0a2be
0a2e2
0a2ed
0a2f7
0a453
0a5d8
0a5dc
0a660
0a694
0a69d
0a6a3
0a6c8
0a6d2
0a7de
0a7ea
0a801
0a874
0a878
0a946
0a958
0a974
0a9b8
0ac79
0acf4
0acfd
0adb4
0ae3e
0ae47
0aeb3
0aebb
0aedd
0af2c
0afb7
0b19b
0b1b4
0b7f2
0ba10
0bbb5
0bbb9
0bbc3
0bc63
0bc67
0bd16
0bd1a
0bd7f
0bdbc
0bdc0
0bdc4
0bdc8
0bdcc
0bdd0
0bdd4
0bdd8
0bddc
0bde0
0bde4
0bde8
0bdec
0bdf0
0a0eb
0a0ef
0a2fd
0a326
0a32c
0a488
0a496
0a53f
0a613
0a617
0a6d3
0a6da
0a6ff
0a705
0a71b
0a80d
0a826
0a842
0a89c
0a963
0a970
0a97f
0a9d5
0ac8b
0ac94
0ad0c
0adc6
0adcf
0ade0
0ade6
0ae58
0aee6
0aeec
0af72
0afa4
0afb7
0b6c1
0ba0a
0bbe8
0bbec
0bbf6
0bbfa
0bca0
0bd49
0bd4d
0bd51
0bdbe
0bdf7
0bdfb
0bdff
0be03
0be07
0be0b
0be0f
0be13
0be17
0be1b
0be1f
0be23
0be27
0be2b
0a12a
0a338
0a35c
0a367
0a371
0a4c9
0a574
0a582
0a64a
0a706
0a70f
0a715
0a73a
0a744
0a7cc
0a7d0
0a838
0a850
0a86c
0a8cd
0a983
0a990
0aa06
0aca3
0ad1e
0ad27
0ad60
0adee
0adf7
0ae67
0ae6f
0aef5
0af40
0aff6
0b01c
0b085
0b86b
0ba85
0bacf
0bad3
0bad7
0bc2e
0bc32
0bc36
0bce5
0bdf5
0be2e
0be32
0be36
0be3a
0be3e
0be42
0be46
0be4a
0be4e
0be52
0be56
0be5a
0be5e
0be62
0a165
0a169
0a246
0a39a
0a3a0
0a4f7
0a506
0a529
0a5af
0a5bb
0a746
0a74c
0a771
0a777
0a78d
0a7f8
0a85c
0a868
0a87f
0a8d4
0a8e0
0a8f1
0aa23
0acb5
0acbe
0ad36
0ad72
0ad7b
0ae08
0ae0e
0ae7e
0aefe
0af04
0af4a
0b072
0b085
0b734
0b953
0bb08
0bb0c
0bb10
0bb14
0bc6b
0bc6f
0bd1e
0bd22
0be30
0be69
0be6d
0be71
0be75
0be79
0be7d
0be81
0be85
0be89
0be8d
0be91
0be95
0be99
0be9d
0a1a4
0a23e
0a268
0a273
0a27d
0a3dd
0a562
0a566
0a5f0
0a778
0a781
0a787
0a7aa
0a7b2
0a820
0a824
0a88c
0a8a0
0a8bc
0a8fd
0a910
0a92c
0aa54
0accd
0ad48
0ad51
0ad8a
0ae16
0ae1f
0ae8d
0ae95
0aec5
0af18
0b0c4
0b0ea
0b153
0b8df
0b99c
0bb45
0bb49
0bb4d
0bca4
0bca8
0bcac
0bd55
0bd83
0be67
0bea0
0bea4
0bea8
0beac
0beb0
0beb4
0beb8
0bebc
0bec0
0bec4
0bec8
0becc
0bed0
0999c
099a7
099ee
099f9
09a10
0a34f
0a3ed
0a40f
0a419
0a424
0a579
0a6f7
0a6fb
0a783
0a7d4
0a7da
0a7f0
0a8b0
0a8b6
0a8c8
0a8e4
0a98a
0a9fc
0ab25
0acdf
0ace8
0ad60
0ae16
0ae1d
0aea3
0aea9
0aef7
0af14
0af5e
0b0e2
0b0ee
0b0f2
0b0f6
0b0fa
0b321
0b916
0bafb
0bcdb
0bcdf
0bce9
0bced
0bd89
0be32
0be36
0bed4
0bed8
0bedc
0bee0
0bee4
0bee8
0beec
0bef0
0bef4
0bef8
0befc
0bf00
09a07
09a53
09a57
09a66
0a384
0a388
0a42a
0a451
0a457
0a5af
0a5bb
0a732
0a7af
0a7c0
0a7e2
0a7e8
0a7fe
0a804
0a81a
0a8da
0a8ec
0a908
0aa2d
0aa97
0acf7
0ad72
0ad7b
0ae2c
0aeb0
0aeb9
0aeff
0af1c
0af20
0b072
0b151
0b157
0b15b
0b15f
0b19a
0b360
0b95e
0bd14
0bd18
0bd1c
0bd26
0bdc0
0bdc4
0be6d
0be71
0bed6
0bf04
0bf08
0bf0c
0bf10
0bf14
0bf18
0bf1c
0bf20
0bf24
0bf28
09a69
09a75
09ab6
09ac1
09ad8
0a25b
0a463
0a485
0a490
0a49a
0a5f0
0a697
0a6a7
0a76b
0a805
0a80f
0a816
0a82a
0a834
0a8f8
0a904
0a915
0aa4a
0aaae
0ad09
0ad12
0ad8a
0ae3e
0ae45
0ae57
0ae5d
0aec7
0af28
0af72
0b0c4
0b1b2
0b1b8
0b1bc
0b1c0
0b20d
0b82e
0bb71
0bd4b
0bd4f
0bd59
0bd5d
0bdfb
0bea0
0bea4
0bf02
0bf2c
0bf30
0bf34
0bf38
0bf3c
0bf40
0bf44
0bf48
0bf4c
0bf50
0bf54
098b9
098c4
098db
09acf
0a296
0a29a
0a4a0
0a4c7
0a4cd
0a624
0a633
0a6d7
0a79e
0a7a2
0a836
0a83c
0a852
0a858
0a86e
0a922
0a934
0a950
0aa7a
0aad3
0ad21
0ad9c
0ada5
0addc
0ae64
0ae6d
0aecf
0af30
0af34
0afa0
0afb9
0afbd
0afc1
0afc5
0b12b
0b297
0b9d8
0bc2e
0bc32
0bc36
0bc3a
0bd8d
0bd91
0be3a
0be3e
0bf2e
0bf58
0bf5c
0bf60
0bf64
0bf68
0bf6c
0bf70
0bf74
0bf78
0bf7c
098ce
098d9
09920
0992b
09942
0a2d5
0a3b2
0a4ee
0a500
0a508
0a660
0a685
0a689
0a711
0a859
0a864
0a86a
0a87e
0a888
0a940
0a94c
0a95d
0a9ae
0aaea
0ad33
0ad3c
0adb4
0adee
0adf5
0ae7d
0ae83
0aedf
0af3c
0af4a
0b01c
0b022
0b026
0b02a
0b05c
0b297
0b8a2
0bac0
0bc6b
0bc6f
0bc73
0bc77
0bdc8
0bdcc
0be75
0bf56
0bf80
0bf84
0bf88
0bf8c
0bf90
0bf94
0bf98
0bf9c
0bfa0
0bfa4
0bfa8
09939
09985
09989
09998
0a310
0a314
0a3ae
0a3db
0a3e1
0a539
0a547
0a6c0
0a742
0a752
0a88a
0a890
0a8a4
0a8aa
0a8be
0a96a
0a978
0a994
0a9df
0ab0f
0ad4b
0adc6
0adcf
0ae04
0ae8a
0ae93
0aee7
0af08
0af0c
0afa4
0b083
0b089
0b08d
0b091
0b0d0
0b321
0ba4c
0bca4
0bca8
0bcac
0bcb0
0bdff
0be03
0bea8
0beac
0beda
0bf82
0bfac
0bfb0
0bfb4
0bfb8
0bfbc
0bfc0
0bfc4
0bfc8
0bfcc
098c4
098db
099cd
09aae
09ab2
09acf
09ba1
09ba9
09be1
0a4b1
0a4b5
0a551
0a577
0a57e
0a6d0
0a6e0
0a88c
0a8ca
0a8d0
0a8e6
0a988
0a98e
0a9fc
0aacc
0abce
0ad5d
0ad66
0addc
0ae8a
0ae91
0aef5
0af31
0af4e
0af52
0afb5
0afbb
0afbf
0afc9
0b00a
0b0d0
0b0d4
0b0d8
0b2df
0b2e3
0b4e1
0bc5e
0be34
0be38
0be42
0bedc
0bee0
0bfd2
0bfd6
0bfda
0bfde
0bfe2
0bfe6
0bfea
0bfee
0bff2
0bff6
098b3
098ce
098d9
09931
09a32
09a36
09be8
09c23
09c31
0a4e8
0a58a
0a5ac
0a5b7
0a5c1
0a711
0a8ab
0a8b8
0a8d8
0a8de
0a8ee
0a8f4
0a90a
0aa2d
0aaf1
0ab49
0ad75
0adee
0adf5
0ae9f
0aefe
0af04
0af3d
0af5a
0b007
0b020
0b024
0b02e
0b032
0b135
0b139
0b13d
0b141
0b326
0b3ac
0b95f
0be6b
0be6f
0be79
0be7d
0bf08
0bfd0
0bff8
0bffc
0c000
0c004
0c008
0c00c
0c010
0c014
0c018
09918
0991c
09939
09992
099a9
09a97
09c2b
09c33
09c66
0a3c5
0a3c9
0a5c7
0a5ee
0a5f4
0a742
0a752
0a7e4
0a8f5
0a8ff
0a906
0a914
0a91e
0aa4a
0ab08
0ab5f
0ad87
0ad90
0ae04
0aeb0
0aeb7
0aec5
0af09
0af62
0af66
0b083
0b089
0b08d
0b097
0b0c3
0b19a
0b19e
0b1a2
0b363
0b367
0b3eb
0bcd4
0bea2
0bea6
0beb0
0bf30
0bf34
0bffa
0c01e
0c022
0c026
0c02a
0c02e
0c032
0c036
0c03a
0c03e
0988b
0997f
09983
099a0
099f9
09a10
09b12
09c6a
09c70
0a402
0a600
0a622
0a62d
0a637
0a783
0a808
0a814
0a920
0a926
0a936
0a93c
0a952
0aa7a
0ab2c
0ab81
0ad9f
0ae16
0ae1d
0ae53
0aece
0aed4
0af15
0af6e
0af8d
0af91
0af95
0b0e1
0b0ed
0b0f1
0b0f5
0b0ff
0b12c
0b212
0b3eb
0b9d9
0bd8d
0bd91
0bd95
0bd99
0bf5c
0c01c
0c040
0c044
0c048
0c04c
0c050
0c054
0c058
0c05c
0c060
098f0
098f4
099e8
09a03
09a0e
09a66
09b17
09b1f
09b57
0a43b
0a43f
0a516
0a65e
0a664
0a7af
0a7c0
0a838
0a93d
0a948
0a94e
0a95c
0a966
0a9ae
0aa90
0ab97
0adb1
0adba
0ae2c
0ae64
0ae6b
0aedd
0af1d
0af76
0af7a
0aff6
0affa
0affe
0b150
0b156
0b15a
0b164
0b168
0b255
0b259
0b469
0bc23
0bdc8
0bdcc
0bdd0
0bf84
0bf88
0c042
0c066
0c06a
0c06e
0c072
0c076
0c07a
0c07e
0c082
0c086
09959
09a4d
09a51
09a6e
09ac1
09ad8
09b5e
09b99
09ba7
0a478
0a50e
0a536
0a541
0a54b
0a69f
0a85c
0a868
0a968
0a96e
0a97c
0a982
0a996
0a9df
0aab5
0abb9
0adc9
0ae3e
0ae45
0ae79
0aee6
0aeec
0af29
0af46
0afa4
0b05d
0b061
0b065
0b1b1
0b1b7
0b1bb
0b1c5
0b1c9
0b29c
0b469
0ba4d
0bdff
0be03
0be07
0be0b
0bfac
0bfd4
0c064
0c088
0c08c
0c090
0c094
0c098
0c09c
0c0a0
0c0a4
09a20
09a34
09a3e
09a64
09a72
09b2d
09b40
09b57
09b62
09c23
09ce8
09cf5
09f18
0a9bb
0aa73
0aa7e
0ac3e
0ae2b
0af26
0aff7
0b125
0b130
0b14b
0b16a
0b18d
0b1ca
0b237
0b25c
0b288
0b2a1
0b31b
0b3ce
0b3e5
0b3ef
0b3f3
0b41b
0b42e
0b432
0b585
0b5a2
0b5dc
0b645
0b67d
0b693
0b787
0b7e6
0b7f3
0b803
0b807
0b92c
0ba1a
0c0aa
0c0ae
0c0b2
0c0b6
0c0ba
0c0be
0c0c2
0c0c6
0c0ca
0c0ce
09a86
09a9d
09ac0
09acd
09ad6
09b74
09b95
09ba3
09bac
09d1f
09d2f
09d38
0a9ae
0a9b8
0a9dd
0ab0e
0ac59
0ae78
0af4e
0af89
0afa6
0afcf
0b193
0b19d
0b1b5
0b1d0
0b2a3
0b2c8
0b2e4
0b34b
0b362
0b40d
0b424
0b436
0b43a
0b45d
0b46d
0b471
0b5c2
0b5e2
0b619
0b673
0b6ba
0b6d0
0b7c0
0b809
0b830
0b840
0b844
0b9ac
0c0a8
0c0d3
0c0d7
0c0db
0c0df
0c0e3
0c0e7
0c0eb
0c0ef
0c0f3
0988b
0989b
098a2
098c8
098d6
09b0f
09bc4
09bda
09be8
09bf1
09d66
09d72
09e24
0a9d8
0a9e3
0aa09
0abea
0addb
0af3a
0af81
0af91
0afaa
0afb8
0afd3
0b00d
0b036
0b1ff
0b210
0b2e8
0b30f
0b329
0b3d3
0b44e
0b473
0b477
0b493
0b4aa
0b4ae
0b54c
0b61d
0b63d
0b652
0b6b6
0b6f7
0b70d
0b823
0b864
0b87b
0b87f
0b920
0ba8e
0c0f8
0c0fc
0c100
0c104
0c108
0c10c
0c110
0c114
0c118
0c11c
098fe
09907
0992a
09937
09940
09c07
09c0f
09c26
09c32
09d9d
09dad
09db6
0a9fc
0aa06
0aa2b
0aa96
0ac05
0ae9e
0af62
0aff0
0b00f
0b016
0b038
0b06f
0b09b
0b199
0b24d
0b306
0b32f
0b355
0b36a
0b48b
0b4a2
0b4b4
0b4b8
0b4d7
0b4e5
0b4e9
0b518
0b527
0b654
0b6d7
0b712
0b73f
0b74c
0b860
0b8a4
0b8b8
0b8bc
0b958
0c0f7
0c121
0c125
0c129
0c12d
0c131
0c135
0c139
0c13d
0c141
09959
09969
09970
09996
099a4
09b99
09c48
09c5e
09c6c
09c75
09dde
09dea
09e9e
0aa26
0aa31
0aa57
0ac14
0ae03
0af12
0af8c
0b05f
0b077
0b07e
0b0a0
0b0c6
0b103
0b1f2
0b1f8
0b216
0b28b
0b29a
0b38f
0b397
0b3ae
0b3b2
0b45f
0b4eb
0b4ef
0b505
0b52b
0b562
0b5d1
0b730
0b773
0b789
0b829
0b8c0
0b8eb
0b8f7
0b8fb
0ba63
0c146
0c14a
0c14e
0c152
0c156
0c15a
0c15e
0c162
0c166
0c16a
099bb
099d5
099f8
09a05
09a0e
09aea
09b0b
09b19
09b22
09ca1
09cb1
09cba
0aa4a
0aa54
0aa78
0aad2
0ac2f
0ae52
0af76
0b0bc
0b0c8
0b0d4
0b0ed
0b108
0b132
0b16f
0b219
0b23c
0b25d
0b2c9
0b2de
0b38b
0b3b6
0b3ba
0b3d6
0b3f5
0b3f9
0b49e
0b566
0b591
0b5a5
0b751
0b78e
0b7b3
0b7c4
0b8da
0b918
0b92e
0b932
0b9d2
0c0a9
0c16e
0c172
0c176
0c17a
0c17e
0c182
0c186
0c18a
0c18e
09bfd
09c06
09c0f
09c26
09c32
09cc4
09cd5
09ce9
09cf5
09d9c
09e5e
09e6a
0a077
0a9bf
0aa99
0ab25
0ab2c
0acbb
0ae9e
0b00f
0b12e
0b305
0b310
0b31d
0b330
0b34f
0b36f
0b3ec
0b414
0b42b
0b494
0b545
0b55d
0b56b
0b56f
0b593
0b5a7
0b5ab
0b6f3
0b716
0b74a
0b7b5
0b7ec
0b801
0b8ff
0b954
0b960
0b972
0b976
0ba9c
0bb80
0c0ac
0c120
0c193
0c197
0c19b
0c19f
0c1a3
0c1a7
0c1ab
0c1af
09c40
09c4b
09c5f
09c6c
09c75
09d06
09d22
09d2b
09d38
09e91
09ea1
09eac
0a9b0
0a9e6
0aa92
0aa9c
0aabb
0acd4
0af6c
0b076
0b193
0b1f3
0b203
0b34b
0b35a
0b36d
0b40e
0b43c
0b45e
0b46c
0b4dc
0b583
0b59a
0b5ae
0b5b2
0b5d3
0b5e4
0b5e8
0b730
0b754
0b789
0b7e1
0b829
0b83e
0b936
0b978
0b99d
0b9af
0b9b3
0bb16
0c0af
0c0d4
0c148
0c1b3
0c1b7
0c1bb
0c1bf
0c1c3
0c1c7
0c1cb
09ae7
09af3
09afb
09b12
09b1d
09ca0
09d50
09d61
09d6a
09d77
09ed7
09ee4
09f89
0a9f2
0aaae
0aab5
0aad5
0ac67
0ae52
0af92
0b0c8
0b1eb
0b202
0b209
0b21d
0b247
0b261
0b3a8
0b472
0b493
0b4a9
0b54b
0b5c3
0b5e9
0b5ed
0b607
0b61c
0b623
0b6bc
0b78e
0b7ab
0b7c6
0b824
0b866
0b87b
0b991
0b9d4
0b9e9
0b9ee
0ba8e
0bbf0
0c0f9
0c16d
0c1cf
0c1d3
0c1d7
0c1db
0c1df
0c1e3
0c1e7
0c1eb
09b34
09b3d
09b51
09b5e
09b67
09d8c
09d92
09da6
09db1
09f0e
09f1b
09f26
0a9fe
0aa34
0aace
0aad8
0aaf7
0ac80
0af44
0b05a
0b14a
0b238
0b24a
0b25a
0b286
0b29f
0b3de
0b48c
0b4ba
0b4d6
0b4e4
0b5fd
0b614
0b628
0b62c
0b647
0b658
0b65c
0b686
0b69b
0b7bf
0b84a
0b884
0b8ae
0b8ba
0b9ce
0ba11
0ba26
0ba2b
0bac6
0c0b0
0c122
0c126
0c1ef
0c1f3
0c1f7
0c1fb
0c1ff
0c203
0c207
09b71
09b7d
09b85
09b9c
09ba7
09d1e
09dc8
09dd9
09de2
09def
09f4b
09f58
0a003
0aa28
0aaea
0aaf1
0ab11
0ac91
0ae78
0b05e
0b194
0b27a
0b28c
0b293
0b2a7
0b2cb
0b2eb
0b394
0b39d
0b3bd
0b426
0b508
0b511
0b528
0b52f
0b5d1
0b65d
0b661
0b673
0b69d
0b6d0
0b741
0b89e
0b8e1
0b8f5
0b995
0ba2f
0ba59
0ba66
0ba6a
0bbc7
0c0d9
0c14b
0c20b
0c20f
0c213
0c217
0c21b
0c21f
0c223
0c227
09bbc
09bc7
09bdb
09be8
09bf1
09c88
09ca4
09cad
09cba
09e1a
09e27
09e32
0a9d4
0aa79
0ab0a
0ab14
0ab32
0acaa
0af58
0afae
0b129
0b2c2
0b2ce
0b2e8
0b30a
0b329
0b38a
0b3be
0b3db
0b3f6
0b464
0b506
0b532
0b536
0b54e
0b566
0b573
0b60e
0b6d5
0b700
0b717
0b8c4
0b8fe
0b922
0b930
0ba48
0ba86
0ba9a
0baa1
0bb3c
0c0fe
0c170
0c174
0c22a
0c22e
0c232
0c236
0c23a
0c23e
0c242
09d83
09d8b
09d95
09da6
09db1
09e3c
09e4d
09e63
09e6a
09f0c
09fcd
09fd8
0a1ef
0aa01
0aa9a
0ab4b
0abce
0abd4
0ad39
0b010
0b24c
0b48b
0b496
0b4a3
0b4b3
0b4d0
0b4f4
0b565
0b58a
0b5a3
0b608
0b6b4
0b6cb
0b6dc
0b6e0
0b6ff
0b718
0b71c
0b861
0b888
0b8b8
0b921
0b95a
0b971
0ba6e
0bac2
0bacc
0bade
0bae2
0bbfe
0bce2
0c122
0c16c
0c197
0c249
0c24d
0c251
0c255
0c259
0c25d
0c261
09dc1
09dcb
09dd7
09de4
09def
09e7c
09e9b
09ea3
09eac
0a004
0a00f
0a01a
0aa16
0aa5b
0aab8
0ab45
0ab4e
0ab6b
0ad52
0b1fc
0b292
0b391
0b3a1
0b4ce
0b4da
0b4eb
0b584
0b5b4
0b5d2
0b5e4
0b64c
0b6f1
0b708
0b71e
0b722
0b742
0b755
0b759
0b89e
0b8c6
0b8f5
0b94f
0b997
0b9ae
0baa5
0bae4
0bb07
0bb19
0bb1d
0bc78
0c0af
0c14a
0c1b3
0c263
0c267
0c26b
0c26f
0c273
0c277
0c27b
09c86
09c91
09c99
09caa
09cb5
09e18
09ec4
09ed8
09ee0
09ee9
0a046
0a052
0a0fc
0aa4f
0aab3
0ab5f
0ab65
0ab83
0ace5
0b0c9
0b2c9
0b389
0b3a0
0b3a7
0b3b7
0b3df
0b3fe
0b522
0b5e0
0b607
0b619
0b6b9
0b731
0b750
0b75d
0b773
0b78b
0b794
0b82a
0b8fd
0b91a
0b939
0b992
0b9d4
0b9eb
0bafd
0bb3e
0bb51
0bb56
0bbf0
0bd52
0c150
0c175
0c1d3
0c281
0c285
0c289
0c28d
0c291
0c295
0c299
09ccc
09cd5
09ce3
09cee
09cf9
09efe
09f04
09f1a
09f21
0a078
0a089
0a094
0a9b7
0aa75
0aaf4
0ab7d
0ab86
0aba3
0acfe
0b249
0b31b
0b3d0
0b3e2
0b3ec
0b418
0b42b
0b559
0b5fe
0b62e
0b646
0b658
0b76a
0b782
0b798
0b79c
0b7b6
0b7c9
0b7cd
0b7f5
0b80e
0b92d
0b9b9
0b9f3
0ba1c
0ba2a
0bb38
0bb77
0bb8c
0bb91
0bc28
0c0aa
0c0fd
0c1ef
0c29b
0c29f
0c2a3
0c2a7
0c2ab
0c2af
0c2b3
09d02
09d0f
09d17
09d28
09d33
09e8f
09f38
09f4c
09f54
09f5c
0a0ba
0a0c6
0a176
0a9b3
0aaef
0ab97
0ab9d
0abbb
0ad0f
0afa1
0b34b
0b40d
0b41e
0b425
0b435
0b457
0b47c
0b50e
0b51a
0b539
0b59c
0b677
0b680
0b695
0b6a0
0b741
0b7c0
0b7d1
0b7e1
0b80f
0b83e
0b8ad
0ba0c
0ba4f
0ba65
0bb01
0bb95
0bbbd
0bbca
0bbce
0bd29
0c0d1
0c127
0c20f
0c2b9
0c2bd
0c2c1
0c2c5
0c2c9
0c2cd
0c2d1
09d48
09d53
09d5f
09d6c
09d77
09e02
09e21
09e29
09e32
09f8a
09f95
09fa0
0a9c5
0aa0d
0ab2f
0abb5
0abbe
0abda
0ad28
0b1fe
0b2cd
0b44e
0b45a
0b472
0b490
0b4a9
0b504
0b53a
0b554
0b571
0b5d8
0b674
0b699
0b6a6
0b6bd
0b6d2
0b6e3
0b77e
0b846
0b86e
0b889
0ba33
0ba6d
0ba90
0baa0
0bbae
0bbe7
0bbfc
0bc03
0bc9e
0c0d7
0c0fa
0c22a
0c2b7
0c2d6
0c2da
0c2de
0c2e2
0c2e6
0c2ea
09ef6
09eff
09f07
09f15
09f21
09fab
09fbb
09fd0
09fd8
0a080
0a13a
0a146
0a35e
0a9cf
0aad1
0ab4c
0abeb
0ac52
0adb7
0b249
0b3e6
0b5fd
0b608
0b615
0b627
0b63d
0b657
0b6d4
0b6f7
0b70d
0b776
0b822
0b839
0b84e
0b852
0b86d
0b87f
0b88a
0b9cf
0b9f3
0ba28
0ba8f
0bac8
0badd
0bbd2
0bc24
0bc2e
0bc40
0bc44
0bd60
0be3a
0c0fb
0c103
0c107
0c1ef
0c24a
0c2f1
0c2f5
0c2f9
0c2fd
0c301
09f31
09f3b
09f48
09f53
09f5c
09fea
0a00a
0a012
0a01a
0a16f
0a17d
0a188
0a9f4
0aae1
0ab18
0ab68
0abed
0ac04
0add0
0b39b
0b426
0b50c
0b519
0b63d
0b64a
0b65d
0b6f2
0b723
0b73f
0b74d
0b7ba
0b85f
0b876
0b88c
0b890
0b8af
0b8bc
0b8c7
0ba0c
0ba30
0ba65
0babd
0bb03
0bb18
0bc07
0bc46
0bc69
0bc7b
0bc7f
0bdd4
0c103
0c127
0c12c
0c130
0c264
0c304
0c308
0c30c
0c310
0c314
09e00
09e0c
09e13
09e21
09e2d
09f8c
0a032
0a047
0a04f
0a057
0a1b4
0a1c1
0a26b
0aa1d
0ab0d
0ab64
0abfe
0ac15
0ad63
0b2cd
0b455
0b503
0b51b
0b521
0b533
0b555
0b570
0b690
0b74e
0b773
0b789
0b829
0b89f
0b8c3
0b8cb
0b8e1
0b8f7
0b8fb
0b996
0ba64
0ba88
0baa8
0bafe
0bb3e
0bb53
0bc5f
0bca0
0bcb3
0bcb8
0bd52
0bea8
0c14a
0c151
0c155
0c22a
0c282
0c31b
0c31f
0c323
0c327
0c32b
09e46
09e4d
09e5d
09e65
09e6f
0a06d
0a072
0a088
0a08f
0a1e9
0a1f7
0a202
0aa42
0aa9a
0ab2a
0aba0
0ac17
0ac2e
0ad7c
0b3e1
0b4a3
0b549
0b55b
0b565
0b58e
0b5a3
0b6c7
0b76c
0b79d
0b7b3
0b7c5
0b8d9
0b8f0
0b906
0b90a
0b923
0b932
0b93b
0b962
0b97d
0ba9b
0bb23
0bb5b
0bb82
0bb90
0bc9a
0bcd9
0bcee
0bcf3
0bd86
0c151
0c173
0c179
0c17d
0c29c
0c32e
0c332
0c336
0c33a
0c33e
09e7a
09e85
09e8d
09e9b
09ea7
0a005
0a0a6
0a0bb
0a0c3
0a0cb
0a227
0a234
0a2e5
0aa6a
0aa95
0ab9c
0ac28
0ac3f
0ad8d
0b1fc
0b4ce
0b583
0b594
0b59b
0b5ad
0b5c9
0b5e3
0b67c
0b685
0b69e
0b70a
0b7e5
0b7eb
0b803
0b807
0b8ad
0b936
0b93f
0b94f
0b979
0b9ae
0ba1b
0bb74
0bbb3
0bbc9
0bc63
0bcf7
0bd1f
0bd2c
0bd30
0be7f
0c0af
0c0b6
0c0ba
0c1b3
0c2ba
0c345
0c349
0c34d
0c351
0c355
09ebd
09ec7
09ed4
09edf
09ee9
09f70
09f90
09f98
09fa0
0a0f5
0a103
0a10e
0a9a6
0aaa5
0aadc
0abd7
0ac41
0ac58
0ada6
0b39e
0b459
0b5c3
0b5cf
0b5e0
0b603
0b619
0b672
0b6a9
0b6c2
0b6d3
0b746
0b7e2
0b80c
0b814
0b828
0b840
0b844
0b8ea
0b9ad
0b9dc
0b9f7
0bb99
0bbd1
0bbf2
0bc02
0bd10
0bd4a
0bd5e
0bd65
0bdf8
0c0b5
0c0d7
0c0de
0c0e2
0c2d3
0c358
0c35c
0c360
0c364
0c368
0a063
0a06c
0a075
0a086
0a08f
0a118
0a129
0a13e
0a146
0a1e8
0a2a3
0a2b4
0a4c2
0aa40
0aaac
0aba6
0ac69
0acd0
0ae33
0b3e1
0b55e
0b76a
0b776
0b783
0b798
0b7ab
0b7c9
0b846
0b866
0b87b
0b8e4
0b990
0b9a7
0b9bc
0b9c0
0b9db
0b9ee
0b9f8
0bb39
0bb5b
0bb8e
0bbf1
0bc2a
0bc3f
0bd34
0bd82
0bd8c
0bd9e
0bda2
0beb6
0bf5a
0c16d
0c1d5
0c1d9
0c29d
0c2f0
0c36f
0c373
0c377
0c37b
0c37f
0a09e
0a0a9
0a0b6
0a0c3
0a0cb
0a158
0a172
0a180
0a188
0a2da
0a2eb
0a2f6
0a9f7
0aac7
0ab9c
0ac01
0ac6b
0ac82
0ae49
0b515
0b59c
0b67a
0b687
0b7ab
0b7b8
0b7ce
0b860
0b891
0b8ae
0b8c2
0b928
0b9cd
0b9e4
0b9fa
0b9fe
0ba1d
0ba2b
0ba35
0bb74
0bb96
0bbc9
0bc1f
0bc65
0bc7a
0bd69
0bda4
0bdc6
0bdd7
0bddb
0bf0c
0c0b0
0c1ef
0c1f5
0c1f9
0c303
0c382
0c386
0c38a
0c38e
0c392
09f6d
09f79
09f81
09f92
09f9b
0a0f4
0a1a0
0a1af
0a1bd
0a1c5
0a31d
0a32e
0a3d7
0aa20
0aae8
0abdd
0ac7c
0ac93
0ade3
0b459
0b5cc
0b671
0b688
0b68f
0b6a4
0b6c4
0b6e1
0b7fe
0b8c0
0b8e1
0b8f5
0b995
0ba0d
0ba32
0ba39
0ba4f
0ba65
0ba6a
0bb02
0bbc8
0bbe9
0bc0a
0bc60
0bca0
0bcb5
0bdbb
0bdfa
0be0d
0be12
0bea8
0bfaa
0c14c
0c211
0c215
0c2d4
0c31a
0c399
0c39d
0c3a1
0c3a5
0c3a9
09fb3
09fbb
09fc8
09fd5
09fdd
0a1da
0a1e0
0a1f6
0a1fe
0a354
0a365
0a370
0a9cb
0ab03
0ab52
0ac2b
0ac95
0acac
0adf9
0b55a
0b615
0b6b7
0b6c9
0b6d4
0b6fd
0b70d
0b835
0b8da
0b90b
0b922
0b938
0ba47
0ba5e
0ba74
0ba78
0ba91
0baa1
0baa9
0bace
0bae9
0bbfd
0bc85
0bcbd
0bce4
0bcf2
0bdf4
0be31
0be46
0be4b
0bedc
0c0fe
0c22a
0c230
0c234
0c32d
0c3ac
0c3b0
0c3b4
0c3b8
0c3bc
09fe7
09ff3
09ffb
0a00c
0a016
0a16e
0a214
0a225
0a231
0a239
0a393
0a3a2
0a44d
0aa6d
0ab23
0ab6e
0aca6
0acbd
0ae0b
0b39b
0b640
0b6f1
0b702
0b709
0b71e
0b737
0b755
0b7ea
0b7f4
0b810
0b878
0b953
0b95b
0b971
0b976
0ba1b
0baa5
0baad
0babd
0bae5
0bb18
0bb81
0bcd6
0bd16
0bd2b
0bdbf
0be4f
0be75
0be82
0be86
0bf8a
0c11f
0c19a
0c19e
0c265
0c344
0c3c3
0c3c7
0c3cb
0c3cf
0c3d3
0a02a
0a035
0a042
0a04f
0a057
0a0de
0a0f8
0a106
0a10e
0a260
0a271
0a27c
0a9a9
0aa8b
0ab64
0ac55
0acbf
0acd6
0ae21
0b51b
0b5ce
0b731
0b73c
0b74e
0b770
0b789
0b7e0
0b817
0b830
0b848
0b8b4
0b950
0b97b
0b982
0b998
0b9ae
0b9b3
0ba58
0bb17
0bb44
0bb5f
0bcfb
0bd33
0bd54
0bd64
0be66
0be9f
0beb4
0bebb
0bf30
0c0d2
0c1b3
0c1b9
0c1bd
0c357
0c3d6
0c3da
0c3de
0c3e2
0c3e6
0a1d1
0a1db
0a1e3
0a1f2
0a1fe
0a286
0a297
0a2ac
0a2b4
0a353
0a40d
0a41e
0a624
0aa47
0ab5a
0ac31
0ace7
0ad4e
0aea6
0b0ee
0b55a
0b6cc
0b8d9
0b8e4
0b8f1
0b906
0b91a
0b93b
0b9b5
0b9d4
0b9eb
0ba52
0bafc
0bb11
0bb26
0bb2a
0bb43
0bb56
0bb60
0bc9b
0bcbd
0bcf0
0bd53
0bd88
0bd9d
0be8a
0bed8
0bee2
0bee7
0bf5a
0bfd8
0c1d2
0c284
0c288
0c32e
0c36e
0c3ed
0c3f1
0c3f5
0c3f9
0c3fd
0a20d
0a217
0a223
0a231
0a239
0a2c6
0a2e1
0a2ee
0a2f6
0a442
0a453
0a45e
0aa63
0aacb
0ab79
0ac7f
0ace9
0ad00
0aebb
0b163
0b682
0b70a
0b7e8
0b7f6
0b91a
0b926
0b93c
0b9ce
0b9ff
0ba1c
0ba31
0ba96
0bb37
0bb4c
0bb62
0bb66
0bb83
0bb91
0bb9b
0bcd6
0bcf8
0bd2b
0bd7f
0bdc1
0bdd6
0bebf
0beeb
0bf0c
0bf11
0bf84
0c0ab
0c29d
0c2a2
0c2a6
0c381
0c400
0c404
0c408
0c40c
0c410
0a0da
0a0e8
0a0ef
0a0fe
0a10a
0a25f
0a30e
0a31e
0a32b
0a333
0a483
0a495
0a539
0a9ab
0ab92
0ac5b
0acfa
0ad11
0ae5a
0b1b6
0b5ce
0b739
0b7df
0b7f7
0b7fd
0b812
0b832
0b853
0b96c
0ba2f
0ba4f
0ba65
0bb01
0bb75
0bb98
0bb9f
0bbb3
0bbc9
0bbce
0bc64
0bd2a
0bd4c
0bd6c
0bdbc
0bdfa
0be0f
0bf02
0bf32
0bf39
0bf3d
0c020
0c20e
0c2bc
0c2c0
0c358
0c398
0c417
0c41b
0c41f
0c423
0c427
0a121
0a129
0a133
0a142
0a14b
0a348
0a34e
0a364
0a36c
0a4b8
0a4c9
0a4d4
0a9c4
0ab07
0abb1
0aca9
0ad13
0ad2a
0ae6f
0afc7
0b6c8
0b783
0b825
0b837
0b846
0b86b
0b87b
0b9a2
0ba48
0ba79
0ba90
0baa7
0bbad
0bbc2
0bbd8
0bbdc
0bbf3
0bc03
0bc0b
0bc30
0bc4b
0bd5f
0bde1
0be17
0be3c
0be4a
0bf2c
0bf5c
0bf63
0bf67
0c0f9
0c2d4
0c2d9
0c2dd
0c3ab
0c42a
0c42e
0c432
0c436
0c43a
0a154
0a161
0a169
0a179
0a183
0a2d9
0a382
0a394
0a39f
0a3a7
0a4f5
0a504
0a5af
0a9f9
0abc9
0ac07
0ad24
0ad3b
0ae80
0b020
0b515
0b7ad
0b85f
0b870
0b877
0b88c
0b8a6
0b8c7
0b958
0b961
0b97e
0b9e6
0bac1
0bac9
0badd
0bae2
0bb81
0bc07
0bc0f
0bc1f
0bc47
0bc7a
0bce3
0be2e
0be6b
0be81
0bf06
0bf69
0bf8a
0bf8f
0c068
0c196
0c24d
0c251
0c304
0c3c2
0c441
0c445
0c449
0c44d
0c451
0a199
0a1a3
0a1ad
0a1bd
0a1c5
0a24c
0a267
0a274
0a27c
0a3cc
0a3dd
0a3e8
0aa15
0aa8f
0ab41
0acd3
0ad3d
0ad54
0ae95
0b095
0b688
0b73b
0b89f
0b8ab
0b8c0
0b8df
0b8f5
0b94e
0b985
0b99d
0b9b7
0ba22
0babe
0bae7
0baee
0bb04
0bb18
0bb1d
0bbbc
0bc79
0bca6
0bcc1
0be53
0be89
0beaa
0beba
0bf80
0bfac
0bfb5
0bfb9
0c14a
0c265
0c26a
0c26e
0c3d5
0c454
0c458
0c45c
0c460
0c464
0a33f
0a349
0a351
0a361
0a36c
0a3f2
0a401
0a416
0a41e
0a4b7
0a56f
0a580
0a77a
0ab07
0abf9
0acaf
0ad65
0adcc
0aef5
0afc9
0b0d5
0b0ee
0b6c8
0b83a
0ba47
0ba52
0ba5f
0ba74
0ba88
0baa9
0bb1f
0bb3e
0bb53
0bbb6
0bc5e
0bc73
0bc88
0bc8c
0bca5
0bcb8
0bcc2
0bdf5
0be17
0be48
0bea9
0bede
0bee6
0bfb2
0bfd8
0bfdd
0c08a
0c282
0c31c
0c320
0c3ac
0c3ec
0c46b
0c46f
0c473
0c477
0c47b
0a37b
0a385
0a392
0a39f
0a3a7
0a430
0a449
0a456
0a45e
0a5a4
0a5b5
0a5c0
0ab1b
0ab7a
0ac11
0acfd
0ad67
0ad7e
0af03
0b03b
0b142
0b163
0b7f2
0b878
0b956
0b963
0ba88
0ba94
0baaa
0bb38
0bb67
0bb82
0bb97
0bbf8
0bc99
0bcae
0bcc4
0bcc8
0bce5
0bcf3
0bcfd
0be2e
0be50
0be81
0bed5
0bf08
0bf10
0bfd0
0bffc
0c001
0c195
0c32e
0c333
0c337
0c3ff
0c47e
0c482
0c486
0c48a
0c48e
0a24a
0a255
0a25d
0a26d
0a277
0a3cb
0a474
0a484
0a491
0a499
0a5e5
0a5f6
0a697
0aa8f
0ac23
0acd9
0ad78
0ad8f
0aec5
0b097
0b19f
0b1b6
0b73b
0b8a8
0b94d
0b964
0b96b
0b980
0b99f
0b9c1
0bad8
0bb95
0bbb3
0bbc9
0bc63
0bcd7
0bcfa
0bd01
0bd16
0bd2b
0bd30
0bdc0
0be80
0bea1
0bec2
0bf03
0bf32
0bf3a
0c005
0c023
0c027
0c2ba
0c346
0c34a
0c3d6
0c416
0c495
0c499
0c49d
0c4a1
0c4a5
0a28e
0a297
0a2a2
0a2b0
0a2b9
0a4ac
0a4b2
0a4c8
0a4d0
0a61a
0a62b
0a636
0aaa4
0abb2
0ac3b
0ad27
0ad91
0ada8
0aed3
0af99
0afc7
0b109
0b836
0b8f1
0b993
0b9a4
0b9b5
0b9d8
0b9eb
0bb0c
0bbae
0bbdd
0bbf2
0bc09
0bd0f
0bd24
0bd3a
0bd3e
0bd55
0bd65
0bd6d
0bd8e
0bda9
0beb5
0bf19
0bf40
0bf62
0c01c
0c044
0c049
0c1d1
0c358
0c35d
0c361
0c429
0c4a8
0c4ac
0c4b0
0c4b4
0c4b8
0a2c4
0a2cf
0a2d7
0a2e7
0a2f1
0a441
0a4e4
0a4f6
0a501
0a509
0a657
0a666
0a709
0aacb
0ac4d
0ac85
0ada2
0adb9
0aedd
0affa
0b020
0b165
0b682
0b91c
0b9cd
0b9de
0b9e5
0b9fa
0ba13
0ba35
0bac6
0bacd
0baea
0bb4e
0bc23
0bc2b
0bc3f
0bc44
0bce3
0bd69
0bd71
0bd7f
0bda5
0bdd6
0be3b
0bf57
0bf86
0bf8e
0c04d
0c06b
0c06f
0c24a
0c2f3
0c2f7
0c382
0c440
0c4bf
0c4c3
0c4c7
0c4cb
0c4cf
0a306
0a311
0a31c
0a32b
0a333
0a3ba
0a3d3
0a3e0
0a3e8
0a52e
0a53f
0a54a
0aae0
0ab42
0abe7
0ad51
0adbb
0add2
0aeeb
0b067
0b095
0b1d1
0b7f7
0b8aa
0ba0d
0ba18
0ba2f
0ba4c
0ba65
0babc
0baf1
0bb07
0bb21
0bb88
0bc20
0bc49
0bc50
0bc66
0bc7a
0bc7f
0bd1e
0bdd5
0be00
0be1b
0bf6d
0bf94
0bfb4
0c064
0c088
0c08f
0c20d
0c304
0c309
0c30d
0c453
0c4d2
0c4d6
0c4da
0c4de
0c4e2
0a4a3
0a4ad
0a4b5
0a4c5
0a4d0
0a554
0a563
0a578
0a580
0a619
0a6cb
0a6dc
0a885
0abb2
0ac77
0ad2d
0ade0
0ae47
0af32
0af88
0afa6
0afb9
0afc9
0afd6
0afda
0b0db
0b21f
0b836
0b9a8
0bbad
0bbb6
0bbc3
0bbd8
0bbea
0bc5e
0bc87
0bca2
0bcb7
0bd1a
0bdbd
0bde0
0bde6
0bdfb
0be0f
0be14
0bea9
0bf37
0bf63
0bfd4
0bfdc
0c08a
0c319
0c398
0c39d
0c429
0c469
0c4e8
0c4ec
0c4f0
0c4f4
0c4f8
0a4dc
0a4e7
0a4f4
0a501
0a509
0a592
0a5ab
0a5b8
0a5c0
0a6fe
0a70f
0a719
0abc5
0ac12
0ac8f
0ad7b
0ade5
0adfa
0af40
0afd0
0b00d
0b020
0b030
0b03d
0b041
0b142
0b315
0b95f
0b9e6
0bac4
0badd
0bbeb
0bbf8
0bc0d
0bc9c
0bcd9
0bce6
0bcfd
0bd5b
0bdf6
0be19
0be20
0be32
0be48
0be4d
0bedd
0bf61
0bf8d
0bfe1
0c000
0c10a
0c39a
0c3b0
0c3b4
0c441
0c4fa
0c4fe
0c502
0c506
0c50a
0a3b8
0a3c1
0a3c9
0a3d9
0a3e4
0a52d
0a5d6
0a5e6
0a5f3
0a5fb
0a73d
0a74f
0a7de
0ab42
0aca1
0ad57
0adf7
0ae08
0af0a
0afef
0b069
0b082
0b08a
0b09b
0b0a6
0b19f
0b2a9
0b8aa
0ba15
0babb
0bad0
0bad7
0baec
0bb0a
0bc32
0bcd4
0bcfe
0bd1d
0bd2d
0bdc0
0be41
0be57
0be5b
0be76
0be84
0be8e
0bf81
0bf94
0bfe4
0c005
0c024
0c343
0c3c2
0c3c7
0c453
0c493
0c510
0c514
0c518
0c51c
0c520
0a3f8
0a401
0a40c
0a41a
0a423
0a60e
0a614
0a62a
0a631
0a770
0a781
0a78b
0ab56
0ac3c
0acb9
0ada5
0ae0d
0ae22
0af18
0af99
0b09e
0b0dd
0b0ee
0b0fe
0b10b
0b10f
0b2ee
0b9a3
0ba5f
0baff
0bb0e
0bb1f
0bb42
0bb5f
0bc74
0bd12
0bd4a
0bd56
0bd6d
0be68
0be8a
0be92
0bea0
0beb8
0bebd
0bed9
0bf30
0bfb2
0c01c
0c046
0c158
0c3c4
0c3da
0c3de
0c3ed
0c522
0c526
0c52a
0c52e
0c532
0a42e
0a437
0a43f
0a44f
0a45a
0a5a3
0a646
0a658
0a663
0a66b
0a7ad
0a7bd
0a832
0ab7a
0accb
0ad03
0ae1f
0ae30
0af1e
0affa
0b0bd
0b131
0b150
0b158
0b16d
0b174
0b23b
0b7f2
0ba8a
0bb37
0bb46
0bb4d
0bb62
0bb7a
0bc23
0bc2a
0bc3f
0bca8
0bd60
0bd84
0bd8d
0bda0
0bdaa
0beaf
0bec5
0bec9
0bee3
0bf0f
0c02c
0c04d
0c06c
0c2ef
0c370
0c374
0c3ff
0c4bd
0c538
0c53c
0c540
0c544
0c548
0a46c
0a477
0a482
0a491
0a499
0a51c
0a535
0a542
0a54a
0a68c
0a69d
0a6a7
0ab8e
0abe8
0ac65
0adcf
0ae35
0ae4a
0af2c
0b067
0b169
0b1a7
0b1b6
0b1c6
0b1d4
0b1d8
0b372
0b964
0ba17
0bb75
0bb7e
0bb95
0bbb2
0bbd5
0bc20
0bc63
0bc6a
0bc8d
0bceb
0bd96
0bdac
0bdb0
0bdc7
0bdd9
0bde9
0bf03
0bf16
0bf84
0c064
0c08c
0c0bc
0c370
0c386
0c38a
0c417
0c54a
0c54e
0c552
0c556
0c55a
0a606
0a60f
0a617
0a627
0a631
0a6b0
0a6bf
0a6d4
0a6dc
0a76f
0a803
0a814
0a963
0ac3c
0acf5
0adab
0ae57
0aeb9
0af6e
0af88
0af95
0af9d
0afb6
0afdd
0b17a
0b1c5
0b1f4
0b201
0b21f
0b224
0b36c
0b45e
0bb0b
0bbb8
0bd17
0bd23
0bd39
0bd4c
0bd6d
0bde3
0bdfc
0be11
0be6f
0bf04
0bf1c
0bf20
0bf38
0bf3d
0bfab
0c021
0c047
0c159
0c403
0c419
0c41d
0c4aa
0c55f
0c563
0c567
0c56b
0c56f
0a63f
0a649
0a656
0a663
0a66b
0a6ec
0a705
0a712
0a719
0a827
0a838
0a843
0ac49
0ac90
0ad0d
0adf5
0ae5c
0ae70
0af7c
0afb9
0afd0
0affc
0b004
0b01d
0b044
0b1db
0b226
0b246
0b264
0b269
0b3f7
0b9e0
0bb4d
0bc24
0bc31
0bd4c
0bd58
0bd6e
0bdf6
0be31
0be3e
0be55
0beb1
0bf2e
0bf47
0bf4b
0bf62
0bf67
0c041
0c04e
0c10a
0c3ac
0c42b
0c430
0c4bc
0c4fb
0c574
0c578
0c57c
0c580
0a51a
0a523
0a52b
0a53b
0a545
0a68b
0a72e
0a73e
0a74b
0a752
0a857
0a868
0a8d4
0abe8
0ad1f
0add5
0ae6d
0ae7d
0af46
0afc1
0afef
0b02e
0b05c
0b067
0b07a
0b0a4
0b239
0b284
0b29f
0b2ac
0b354
0b4d4
0bad2
0bb89
0bc30
0bc37
0bc4d
0bc6b
0bc8d
0bd98
0be56
0be73
0be83
0bf07
0bf6c
0bf73
0bf87
0bf8f
0bf99
0c069
0c08d
0c131
0c42d
0c443
0c447
0c4d4
0c585
0c589
0c58d
0c591
0c595
0a55a
0a563
0a56e
0a57c
0a585
0a764
0a76a
0a780
0a788
0a87b
0a88c
0a896
0abf5
0acba
0ad37
0ae1d
0ae82
0ae96
0af54
0b045
0b087
0b09e
0b0d0
0b0db
0b0ec
0b112
0b27e
0b2c8
0b2e4
0b2f1
0b394
0ba54
0bbb7
0bc5f
0bc6f
0bc76
0bc8f
0bcb5
0bdcb
0be68
0be9f
0beac
0bec3
0bf82
0bf9b
0bf9f
0bfb4
0bfb9
0bfd5
0c088
0c0d8
0c3d6
0c455
0c45a
0c468
0c523
0c59a
0c59e
0c5a2
0c5a6
0a590
0a599
0a5a1
0a5b1
0a5bc
0a6fd
0a79c
0a7ae
0a7b9
0a7c0
0a8a9
0a8b8
0a91c
0ac12
0ad49
0ad81
0ae93
0aea3
0af5a
0b08f
0b0bd
0b0fc
0b131
0b13f
0b146
0b172
0b23e
0b2f5
0b319
0b333
0b338
0b4ac
0bb48
0bbf9
0bca6
0bcad
0bcc3
0bcdb
0bcfd
0bd88
0bd9d
0be02
0beb6
0beda
0bee4
0bee9
0bf5b
0bfc1
0bfc5
0bfd9
0bfff
0c17e
0c3eb
0c3f0
0c3f4
0c480
0c5ab
0c5af
0c5b3
0c5b7
0c5bb
0a5ce
0a5d9
0a5e4
0a5f3
0a5fb
0a67a
0a693
0a6a0
0a6a7
0a7d3
0a7e4
0a7ee
0ac1f
0ac66
0ace3
0ae45
0aea8
0aebc
0af68
0b113
0b155
0b169
0b19a
0b1a5
0b1b4
0b1dc
0b308
0b34e
0b368
0b376
0b414
0b966
0bad7
0bcd5
0bcdf
0bcec
0bd05
0bd2b
0bd80
0bdbf
0bdc7
0bde9
0be43
0beee
0bef5
0bf09
0bf11
0bf21
0bff9
0c006
0c0bc
0c382
0c401
0c406
0c492
0c54b
0c5c0
0c5c4
0c5c8
0c5cc
09a4d
0a75b
0a765
0a76d
0a77d
0a788
0a7f7
0a804
0a810
0a819
0a8ed
0a8fd
0a908
0aa58
0acba
0ad73
0ae25
0aec2
0af01
0af8e
0b02b
0b098
0b0aa
0b0c7
0b103
0b1a5
0b1c4
0b1f6
0b201
0b218
0b33b
0b390
0b39c
0b3af
0b3b3
0b45f
0b52a
0bc6d
0bd1b
0be6e
0be7b
0be90
0bea2
0bf02
0bf22
0bf38
0bff8
0c00b
0c00f
0c024
0c028
0c14b
0c15a
0c15e
0c416
0c496
0c49a
0c524
0c5d2
0c5d6
0c5da
09aca
0a794
0a79f
0a7ac
0a7b9
0a7c0
0a824
0a837
0a83e
0a8a0
0a917
0a928
0aa7a
0acc7
0ad0e
0ad8b
0ae6b
0aec7
0aed4
0af99
0afc7
0b08c
0b0bf
0b109
0b12d
0b153
0b1ec
0b23b
0b246
0b260
0b37a
0b3b5
0b3db
0b3f6
0b3fa
0b49e
0b60e
0bcaf
0bd84
0bd9d
0bea3
0beb0
0bec5
0bf3f
0bf5c
0bf6b
0c029
0c032
0c044
0c04a
0c0a9
0c17e
0c182
0c36d
0c4a8
0c4ad
0c4b1
0c5dc
0c5e0
0c5e4
098b1
0a678
0a681
0a689
0a699
0a6a4
0a7d2
0a84e
0a861
0a868
0a935
0a946
0a950
0a9bc
0ac66
0ad9d
0ae4d
0aed1
0aeda
0affa
0b020
0b05c
0b0f9
0b166
0b178
0b192
0b1cb
0b227
0b25a
0b282
0b29f
0b3cf
0b412
0b429
0b42f
0b440
0b5a1
0bc34
0bceb
0bd90
0bd97
0bdac
0bdc9
0bf56
0bf76
0bf8c
0c040
0c054
0c058
0c06c
0c070
0c0ae
0c0be
0c0c2
0c440
0c4c0
0c4c4
0c54c
0c5ea
0c5ee
0c5f2
09935
0a6b7
0a6bf
0a6ca
0a6d8
0a6e0
0a875
0a882
0a88f
0a896
0a95f
0a970
0a9df
0ac73
0ad38
0adb5
0ae91
0aedf
0aeec
0afa3
0afb4
0afd6
0b068
0b096
0b15f
0b1cd
0b256
0b27c
0b2c7
0b2d2
0b2e7
0b40e
0b453
0b468
0b46e
0b47f
0b5e1
0bd1a
0bdbd
0bdcd
0bddd
0bdfe
0be1b
0bf93
0bfac
0bfbd
0c071
0c07a
0c088
0c090
0c0d0
0c0e3
0c0e7
0c397
0c4d2
0c4d7
0c4db
0c5f4
0c5f8
0c5fc
0997f
0a6ea
0a6f3
0a6fb
0a70b
0a715
0a826
0a89e
0a8b1
0a8b8
0a979
0a98a
0a994
0aa0a
0ac90
0adc7
0adfd
0aee9
0aef2
0af82
0afd0
0b00a
0b01b
0b03d
0b0dc
0b0fd
0b1c0
0b2b1
0b2e8
0b315
0b329
0b3d3
0b472
0b49b
0b4ab
0b4af
0b54c
0bcaa
0bd5b
0be02
0be09
0be1e
0be34
0bed8
0bee0
0bef1
0bfd4
0bfdc
0bfe0
0c098
0c09c
0c0fc
0c10c
0c110
0c3ec
0c46d
0c471
0c4fc
0c602
0c606
0c60a
09a03
0a726
0a731
0a73c
0a74b
0a752
0a7d0
0a7e3
0a7ea
0a850
0a8cf
0a8e0
0aa2d
0ac9d
0ace4
0ad61
0aeb7
0aef7
0af04
0afc3
0b030
0b03c
0b074
0b09b
0b13e
0b156
0b2e0
0b306
0b34d
0b356
0b36b
0b48c
0b4cc
0b4e0
0b4e6
0b4f8
0b655
0bc39
0be2f
0be38
0be4f
0be6a
0be8d
0beeb
0bf08
0bf17
0bfe1
0bfea
0bffc
0c002
0c11e
0c131
0c135
0c3c1
0c47e
0c483
0c487
0c60c
0c610
0c614
09911
09919
09921
09932
0993d
09c15
0a876
0a882
0a891
0a899
0a8fc
0a904
0a958
0ab14
0ad38
0adf0
0ae99
0af09
0af3c
0afee
0aff9
0b022
0b02a
0b039
0b049
0b06d
0b089
0b099
0b0a5
0b0a9
0b1a0
0b255
0b2a9
0b2cb
0b2eb
0b390
0b398
0b3ad
0b4b4
0b50a
0b517
0b528
0b530
0b654
0b73e
0bdcb
0bf80
0bf9b
0bfbf
0c00b
0c02b
0c131
0c14d
0c219
0c21d
0c4fd
0c513
0c517
0c618
0c61c
0c620
0997c
09983
09993
0999f
099a7
09c6a
0a8a6
0a8b3
0a8bb
0a918
0a925
0a92c
0ab2c
0ad45
0ad8c
0ae07
0aecf
0af0e
0af17
0af99
0b057
0b080
0b08d
0b09e
0b0ae
0b0c6
0b0e1
0b0fc
0b104
0b10e
0b137
0b29a
0b2ee
0b310
0b332
0b3b5
0b3d7
0b3f4
0b4ed
0b529
0b554
0b566
0b574
0b6d9
0bcaa
0be0a
0bee4
0bfc0
0c01e
0c046
0c0ff
0c161
0c22c
0c238
0c4a8
0c525
0c529
0c5ab
0c624
0c628
099df
099e7
099ef
09a00
09a0b
09b01
0a7ce
0a7da
0a7e9
0a7f1
0a93c
0a949
0a950
0aa9c
0ace4
0ae18
0aebf
0af14
0af1d
0affa
0b0bc
0b0d4
0b0f0
0b0f8
0b107
0b117
0b144
0b157
0b167
0b173
0b177
0b23e
0b308
0b33a
0b361
0b3b8
0b3ec
0b416
0b42b
0b547
0b58a
0b59f
0b5a8
0b644
0b7b2
0be35
0bed4
0bef3
0bf21
0c054
0c075
0c120
0c187
0c1a1
0c1a5
0c525
0c53b
0c53f
0c62c
0c630
0c634
09a4a
09a51
09a61
09a6d
09a75
09b5c
0a800
0a80e
0a817
0a8ed
0a969
0a970
0aab5
0acf1
0adb6
0ae2f
0aee7
0af22
0af2b
0b061
0b123
0b13b
0b157
0b15f
0b16b
0b17e
0b197
0b1b8
0b1c8
0b1d5
0b1d9
0b202
0b21c
0b323
0b373
0b40e
0b453
0b460
0b47a
0b584
0b5c8
0b5dc
0b5e5
0b67c
0bd1b
0be7b
0bf15
0bf38
0c066
0c08c
0c0af
0c0d3
0c1b5
0c1c1
0c4d2
0c54d
0c551
0c55f
0c638
0c63c
09aa7
09aaf
09ab7
09ac9
09ad2
09b8b
0a822
0a82e
0a83d
0a845
0a982
0a98d
0a994
0aad8
0ad0e
0ae40
0ae73
0af28
0af31
0af86
0af9c
0afb9
0afc9
0afd4
0afda
0b0d5
0b19c
0b1b5
0b1be
0b1ce
0b1de
0b1ee
0b226
0b252
0b2d0
0b436
0b472
0b49b
0b4a9
0b54b
0b5e0
0b60f
0b61c
0b624
0b790
0bea3
0bf2c
0bf47
0bf6f
0bfdc
0c098
0c0eb
0c16e
0c1dd
0c1e1
0c4e7
0c4ec
0c54d
0c640
0c644
0c648
098ae
098b5
098c5
098d1
098d9
09be6
0a854
0a863
0a86a
0a8d0
0a8dd
0a8e4
0aaf1
0ad1b
0ad62
0addf
0aeff
0af36
0af3f
0af83
0afb2
0afbf
0afd0
0afe0
0b002
0b013
0b02e
0b036
0b040
0b071
0b143
0b239
0b26b
0b297
0b315
0b48c
0b4cc
0b4d8
0b4f2
0b5fe
0b63c
0b650
0b659
0b6f6
0bc34
0bd98
0bf69
0bf8c
0bfd2
0bffe
0c0b1
0c113
0c1f1
0c1fd
0c47e
0c4fd
0c501
0c585
0c64c
0c650
098e9
098f1
09909
09934
0993d
09a55
09b45
09b58
09b61
09b69
0a95e
0a96d
0a975
0abba
0adb4
0ae64
0aee7
0af45
0af78
0afa3
0aff7
0b01f
0b05a
0b067
0b074
0b0a5
0b14a
0b15f
0b238
0b256
0b262
0b270
0b288
0b2a1
0b2ae
0b40e
0b43f
0b458
0b47f
0b50b
0b517
0b52d
0b654
0b67d
0b693
0b69f
0b73e
0b804
0bdcc
0c078
0c096
0c0b2
0c127
0c20f
0c2c5
0c4d2
0c587
0c58b
0c654
0c658
0c65c
09954
0995b
09996
099a0
099a7
09ac1
09b8d
09ba2
09ba9
09de9
0a986
0a990
0aa51
0abdb
0ae03
0ae7a
0af12
0af4a
0af53
0b056
0b063
0b09f
0b0ce
0b0db
0b102
0b194
0b1ba
0b1f6
0b27d
0b29b
0b2a7
0b2b5
0b2d1
0b2e6
0b2f3
0b44d
0b47e
0b499
0b4be
0b52b
0b554
0b571
0b672
0b6ba
0b6d0
0b6e2
0b77b
0b8e9
0bfd6
0c08a
0c0d7
0c0e4
0c160
0c2de
0c2e2
0c586
0c59c
0c600
0c660
0c664
098b9
099c4
099cc
099d7
09a02
09a0b
09bcf
09be2
09beb
09bf3
0a8ce
0a8dd
0a8e4
0ab4a
0ad60
0ae8a
0aeff
0af50
0af59
0afa9
0afbd
0b071
0b0d2
0b0ed
0b131
0b13f
0b146
0b173
0b2c0
0b2da
0b2e8
0b2f8
0b30e
0b329
0b336
0b3d3
0b4ac
0b4cc
0b4e2
0b53c
0b568
0b590
0b5a7
0b6d4
0b6fe
0b70f
0b71b
0b87e
0be37
0bfe8
0c00a
0c100
0c16c
0c23b
0c255
0c47e
0c5ad
0c5b1
0c668
0c66c
0c670
0992b
09a30
09a36
09a64
09a6e
09a75
09c17
09c2c
09c34
09cf3
0a8fa
0a904
0a9b5
0ab6d
0ae2b
0aea0
0af26
0af5e
0af67
0b015
0b02a
0b124
0b13f
0b16a
0b197
0b1a2
0b1ca
0b280
0b307
0b325
0b330
0b33f
0b355
0b36a
0b378
0b39c
0b3ad
0b415
0b4f7
0b585
0b5cb
0b5dc
0b67c
0b711
0b73f
0b74c
0b758
0b8bb
0bffa
0c013
0c0af
0c120
0c14b
0c26f
0c273
0c5ac
0c5c2
0c5d0
0c674
0c678
09987
09a8d
09a96
09a9f
09acc
09ad2
09c53
09c67
09c6f
09c77
0a916
0a925
0a92c
0ab82
0ad8a
0aeb0
0aecf
0af64
0af6d
0af86
0af93
0af9b
0afac
0afdd
0b07f
0b092
0b1a1
0b1ce
0b1f3
0b201
0b21f
0b225
0b35e
0b36c
0b37c
0b38a
0b3c1
0b3e0
0b401
0b5b6
0b5e2
0b60f
0b621
0b72f
0b772
0b789
0b793
0b829
0bea5
0c030
0c052
0c0eb
0c150
0c1d3
0c28d
0c4a8
0c562
0c566
0c67c
0c680
0c684
09886
0988d
098c8
098d2
098d9
099f9
09b03
09b18
09b1f
09d71
0a942
0a94c
0aa03
0aba5
0addb
0ae54
0af3a
0af72
0af7b
0af83
0af97
0afe4
0affd
0b006
0b036
0b0cb
0b0f3
0b1eb
0b20b
0b219
0b229
0b23c
0b25d
0b267
0b315
0b3ec
0b41a
0b42b
0b49e
0b5ff
0b63f
0b650
0b6f6
0b78d
0b7b3
0b7c4
0b7cc
0b931
0c042
0c05b
0c0ac
0c16d
0c17f
0c2a7
0c2ab
0c560
0c576
0c5e8
0c688
0c68c
0afcd
0afd7
0afe5
0b1cf
0b1de
0b21f
0b22d
0b2d2
0b362
0b366
0b37c
0b436
0b443
0b46f
0bd23
0bd27
0bdbd
0bde3
0bdea
0bf18
0bf24
0c07a
0c0dd
0c0e7
0c0f0
0c1e3
0c291
0c4ea
0c4f1
0c563
0c5f6
0c641
0c67c
0c680
0c693
0c697
0c69b
0c69f
0c6a3
0c6a7
0c6ab
0c6af
0c6b3
0c6b7
0c6bb
0c6bf
0c6c3
0c6c7
0c6cb
0c6cf
0c6d3
0c6d7
0c6db
0c6df
0c6e3
0c6e7
0c6eb
0c6ef
0c6f3
0c6f7
0c6fb
0afd2
0afe1
0b034
0b03e
0b04c
0b211
0b227
0b22f
0b267
0b315
0b319
0b477
0b4ac
0b4c1
0bd5a
0bdf4
0be16
0be1f
0be25
0bf48
0c093
0c0a0
0c10c
0c115
0c1fa
0c2a7
0c2f9
0c500
0c574
0c57b
0c604
0c64d
0c688
0c691
0c695
0c700
0c704
0c708
0c70c
0c710
0c714
0c718
0c71c
0c720
0c724
0c728
0c72c
0c730
0c734
0c738
0c73c
0c740
0c744
0c748
0c74c
0c750
0c754
0c758
0c75c
0c760
0b037
0b043
0b04e
0b09d
0b0a7
0b254
0b258
0b26e
0b2a9
0b2b7
0b356
0b4b4
0b4c3
0b4e7
0bc37
0bc3b
0be2f
0be56
0be5c
0bf6c
0bf78
0bfea
0c12b
0c135
0c13e
0c21f
0c2c9
0c512
0c519
0c589
0c60e
0c619
0c654
0c658
0c700
0c765
0c769
0c76d
0c771
0c775
0c779
0c77d
0c781
0c785
0c789
0c78d
0c791
0c795
0c799
0c79d
0c7a1
0c7a5
0c7a9
0c7ad
0c7b1
0c7b5
0c7b9
0c7bd
0c7c1
0c7c5
0c7c9
0b0a0
0b0af
0b102
0b10c
0b11a
0b1f8
0b299
0b29d
0b2b3
0b2ee
0b2fc
0b3b2
0b4ed
0b4fc
0bc74
0be66
0be88
0be91
0be97
0bf9c
0c008
0c014
0c15a
0c163
0c235
0c2de
0c323
0c528
0c59a
0c5a1
0c5d4
0c625
0c660
0c765
0c769
0c7ce
0c7d2
0c7d6
0c7da
0c7de
0c7e2
0c7e6
0c7ea
0c7ee
0c7f2
0c7f6
0c7fa
0c7fe
0c802
0c806
0c80a
0c80e
0c812
0c816
0c81a
0c81e
0c822
0c826
0c82a
0c82e
0b105
0b111
0b11c
0b16f
0b175
0b23b
0b23f
0b2e0
0b2f6
0b2fe
0b336
0b3b8
0b3c7
0b3f9
0bcad
0bcb1
0bd84
0bec4
0beca
0bfbb
0bfc8
0c032
0c178
0c182
0c18b
0c1a7
0c259
0c53a
0c541
0c5af
0c5de
0c62d
0c668
0c66c
0c7ce
0c833
0c837
0c83b
0c83f
0c843
0c847
0c84b
0c84f
0c853
0c857
0c85b
0c85f
0c863
0c867
0c86b
0c86f
0c873
0c877
0c87b
0c87f
0c883
0c887
0c88b
0c88f
0c893
0c897
0b16b
0b17d
0b1ca
0b1d5
0b1e4
0b282
0b323
0b327
0b33d
0b372
0b382
0b3f1
0b42e
0b445
0bcea
0bd7e
0bda4
0bdad
0bdb3
0bef4
0c050
0c05c
0c0be
0c0c7
0c1be
0c26f
0c34d
0c550
0c5c0
0c5c7
0c5ec
0c639
0c674
0c697
0c69b
0c835
0c89a
0c89e
0c8a2
0c8a6
0c8aa
0c8ae
0c8b2
0c8b6
0c8ba
0c8be
0c8c2
0c8c6
0c8ca
0c8ce
0c8d2
0c8d6
0c8da
0c8de
0c8e2
0c8e6
0c8ea
0c8ee
0c8f2
0c8f6
0b07c
0b080
0b17e
0b215
0b21c
0b231
0b36e
0b37e
0b3b0
0b3c5
0b45e
0b4ed
0b4fc
0b5b0
0b5df
0b5f4
0be7b
0bf02
0bf15
0bf1f
0bf26
0c00d
0c152
0c15c
0c165
0c1be
0c1c7
0c28b
0c323
0c561
0c568
0c5d4
0c67c
0c680
0c69f
0c6a3
0c6a7
0c6ab
0c7d1
0c7d5
0c7d9
0c7dd
0c8fb
0c8ff
0c903
0c907
0c90b
0c90f
0c913
0c917
0c91b
0c91f
0c923
0c927
0c92b
0c92f
0c933
0c937
0c93b
0c93f
0c943
0b0e5
0b1da
0b1e6
0b21b
0b22b
0b25d
0b261
0b276
0b3ba
0b3f7
0b404
0b49d
0b5eb
0b5f6
0b622
0beae
0beb2
0bf2e
0bf46
0bf4c
0c02c
0c038
0c180
0c189
0c1d6
0c1df
0c1e7
0c2ad
0c377
0c576
0c5de
0c641
0c688
0c6b0
0c706
0c70a
0c70e
0c712
0c838
0c83c
0c840
0c844
0c8fd
0c946
0c94a
0c94e
0c952
0c956
0c95a
0c95e
0c962
0c966
0c96a
0c96e
0c972
0c976
0c97a
0c97e
0c982
0c986
0afde
0afe9
0b14c
0b25a
0b263
0b278
0b2a1
0b2ae
0b3ef
0b406
0b430
0b4d4
0b4d8
0b62a
0b653
0b668
0bd97
0bf56
0bf69
0bf74
0bf7a
0c056
0c0b6
0c0c0
0c0c9
0c1fa
0c203
0c2c3
0c34d
0c587
0c58e
0c5ec
0c654
0c658
0c76b
0c76f
0c773
0c777
0c77b
0c89d
0c8a1
0c8a5
0c946
0c94a
0c98d
0c991
0c995
0c999
0c99d
0c9a1
0c9a5
0c9a9
0c9ad
0c9b1
0c9b5
0c9b9
0c9bd
0c9c1
0c9c5
0c9c9
0c9cd
0b049
0b1ab
0b1af
0b2a5
0b2b5
0b2e4
0b2eb
0b300
0b396
0b436
0b443
0b46f
0b528
0b53d
0b661
0bdce
0bdd2
0bf82
0bf9a
0bfa0
0c073
0c080
0c0e5
0c0ee
0c212
0c21b
0c223
0c2e4
0c3a1
0c59c
0c5f6
0c619
0c660
0c6b2
0c6b6
0c6ba
0c77d
0c7e0
0c7e4
0c7e8
0c7ec
0c7f0
0c98d
0c9d0
0c9d4
0c9d8
0c9dc
0c9e0
0c9e4
0c9e8
0c9ec
0c9f0
0c9f4
0c9f8
0c9fc
0ca00
0ca04
0ca08
0ca0c
0ca10
0afae
0afb2
0b0b0
0b2e8
0b2ed
0b302
0b32b
0b338
0b3d3
0b3d7
0b477
0b4ac
0b4c1
0b536
0b566
0b57a
0be09
0bed8
0bfb2
0bfc4
0bfca
0c09a
0c104
0c10e
0c117
0c235
0c23e
0c253
0c2f9
0c5ad
0c5b4
0c604
0c668
0c66c
0c71b
0c71f
0c723
0c845
0c849
0c84d
0c851
0c855
0c9d0
0c9d4
0ca17
0ca1b
0ca1f
0ca23
0ca27
0ca2b
0ca2f
0ca33
0ca37
0ca3b
0ca3f
0ca43
0ca47
0ca4b
0ca4f
0ca53
0ca57
0b017
0b113
0b11e
0b32f
0b33f
0b368
0b36f
0b386
0b414
0b4b4
0b4c3
0b4e7
0b56b
0b57c
0b5a8
0be40
0be44
0bed6
0bef2
0bef8
0bfe4
0bff0
0c133
0c13c
0c19a
0c1a3
0c1ab
0c275
0c3cb
0c5c2
0c60e
0c62d
0c674
0c780
0c784
0c788
0c858
0c8aa
0c8ae
0c8b2
0c8b6
0c8ba
0c903
0ca15
0ca19
0ca5c
0ca60
0ca64
0ca68
0ca6c
0ca70
0ca74
0ca78
0ca7c
0ca80
0ca84
0ca88
0ca8c
0ca90
0ca94
0b028
0b02c
0b049
0b291
0b295
0b33d
0b3ad
0b3b4
0b3c9
0b4ec
0b4f5
0b528
0b53d
0b5d2
0b65f
0b66a
0b71f
0b753
0b762
0bffa
0c00b
0c012
0c152
0c15c
0c165
0c218
0c221
0c269
0c272
0c279
0c3a1
0c5d2
0c619
0c677
0c7d2
0c7d6
0c7da
0c7f3
0c7f7
0c906
0c90a
0c9d7
0c9db
0c9df
0ca9b
0ca9f
0caa3
0caa7
0caab
0caaf
0cab3
0cab7
0cabb
0cabf
0cac3
0cac7
0cacb
0cacf
0cad3
0cad7
0cadb
0b091
0b0ac
0b0b7
0b2d8
0b37a
0b380
0b3b7
0b3c0
0b3f4
0b3fb
0b408
0b536
0b566
0b57a
0b60f
0b750
0b764
0b793
0c01c
0c029
0c034
0c03a
0c180
0c189
0c22f
0c238
0c240
0c28b
0c293
0c338
0c3f5
0c5e0
0c67c
0c69d
0c839
0c83d
0c841
0c85a
0c85e
0c94d
0ca1a
0ca1e
0ca22
0ca99
0ca9d
0cae0
0cae4
0cae8
0caec
0caf0
0caf4
0caf8
0cafc
0cb00
0cb04
0cb08
0cb0c
0cb10
0cb14
0cb18
0b0f6
0b0fa
0b117
0b227
0b22f
0b31d
0b3ec
0b3f3
0b40a
0b42d
0b43d
0b56b
0b57c
0b5a8
0b644
0b648
0b799
0b7c7
0b7d6
0c042
0c054
0c05a
0c0b6
0c0c0
0c0c9
0c1a0
0c1a9
0c2a1
0c2aa
0c2b1
0c3cb
0c5ea
0c62d
0c68b
0c859
0c89e
0c8a2
0c8a6
0c8bd
0c990
0c994
0ca5b
0ca5f
0ca63
0cae0
0cb1d
0cb21
0cb25
0cb29
0cb2d
0cb31
0cb35
0cb39
0cb3d
0cb41
0cb45
0cb49
0cb4d
0cb51
0cb55
0cb59
0b15f
0b179
0b185
0b26e
0b35a
0b35e
0b435
0b43e
0b46a
0b471
0b486
0b510
0b5ae
0b5b7
0b5e5
0b69c
0b6ab
0b7d0
0c064
0c071
0c07c
0c082
0c0e5
0c0ee
0c1b8
0c1c1
0c1c9
0c2c3
0c2cb
0c362
0c41f
0c5f8
0c654
0c6b2
0c6b6
0c6ba
0c6be
0c6c2
0c899
0c90e
0c912
0c916
0c9e3
0cb1d
0cb21
0cb5e
0cb62
0cb66
0cb6a
0cb6e
0cb72
0cb76
0cb7a
0cb7e
0cb82
0cb86
0cb8a
0cb8e
0cb92
0cb96
0b1be
0b1c2
0b1df
0b207
0b20b
0b2b3
0b472
0b479
0b488
0b4ab
0b4bc
0b54b
0b54f
0b5ed
0b61c
0b631
0b6a5
0b6d9
0b6e8
0bfd6
0c098
0c09e
0c104
0c10e
0c117
0c1dc
0c1e5
0c2d8
0c2e1
0c2e8
0c377
0c602
0c641
0c663
0c719
0c71d
0c721
0c725
0c729
0c951
0c955
0c959
0ca26
0ca2a
0cb5e
0cb9b
0cb9f
0cba3
0cba7
0cbab
0cbaf
0cbb3
0cbb7
0cbbb
0cbbf
0cbc3
0cbc7
0cbcb
0cbcf
0cbd3
0cbd7
0afc3
0afde
0afe9
0b24e
0b2f6
0b2fe
0b4b3
0b4bb
0b4e2
0b4e9
0b500
0b58a
0b628
0b633
0b659
0b6d6
0b6ea
0b719
0bfd0
0bfe1
0bfec
0bff2
0c133
0c13c
0c1f4
0c1fd
0c205
0c253
0c25b
0c30e
0c449
0c610
0c668
0c717
0c782
0c786
0c78a
0c78e
0c845
0c998
0c99c
0c9a0
0ca67
0ca9f
0caa3
0cb9d
0cbda
0cbde
0cbe2
0cbe6
0cbea
0cbee
0cbf2
0cbf6
0cbfa
0cbfe
0cc02
0cc06
0cc0a
0cc0e
0afef
0b037
0b043
0b04e
0b256
0b26c
0b274
0b425
0b4b4
0b4c3
0b527
0b531
0b654
0b662
0b66c
0b69f
0b73e
0b742
0b7d0
0b886
0b893
0b8bd
0c12b
0c13c
0c218
0c221
0c2bd
0c2c6
0c2cd
0c30e
0c313
0c420
0c619
0c659
0c76b
0c780
0c9d8
0c9dc
0c9e6
0c9ea
0caa6
0cb61
0cb65
0cb69
0cc13
0cc17
0cc1b
0cc1f
0cc23
0cc27
0cc2b
0cc2f
0cc33
0cc37
0cc3b
0cc3f
0cc43
0cc47
0cc4b
0cc4f
0cc53
0b058
0b0a0
0b0af
0b299
0b29d
0b2b3
0b462
0b466
0b4ef
0b529
0b537
0b543
0b564
0b575
0b699
0b6ad
0b6e2
0b77b
0b77f
0b8ca
0b8f8
0b90d
0c155
0c22f
0c238
0c240
0c2de
0c2e6
0c31d
0c326
0c3b7
0c474
0c65e
0c765
0c7df
0ca1b
0ca1f
0ca23
0ca2d
0cae3
0cae7
0cba2
0cba6
0cbaa
0cc15
0cc56
0cc5a
0cc5e
0cc62
0cc66
0cc6a
0cc6e
0cc72
0cc76
0cc7a
0cc7e
0cc82
0cc86
0cc8a
0cc8e
0b0bd
0b105
0b111
0b11c
0b2e0
0b2f6
0b2fe
0b3ba
0b4a1
0b4a5
0b569
0b576
0b5a3
0b5a7
0b5bb
0b6dd
0b715
0b727
0b7b4
0b8ff
0b90f
0b933
0c178
0c189
0c1a0
0c1a9
0c24d
0c256
0c25d
0c338
0c33d
0c44a
0c62d
0c66d
0c83a
0c859
0ca5c
0ca60
0ca6a
0ca6e
0cb24
0cbd9
0cbdd
0cbe1
0cc56
0cc5a
0cc95
0cc99
0cc9d
0cca1
0cca5
0cca9
0ccad
0ccb1
0ccb5
0ccb9
0ccbd
0ccc1
0ccc5
0ccc9
0cccd
0b126
0b16b
0b17d
0b323
0b327
0b33d
0b3ef
0b406
0b4dc
0b5a0
0b5b1
0b5bd
0b5de
0b5e8
0b67c
0b680
0b71f
0b753
0b762
0b806
0b936
0b946
0c0b9
0c1b8
0c1c1
0c1c9
0c26f
0c277
0c347
0c350
0c3e1
0c49e
0c672
0c833
0c89d
0c90d
0c911
0c915
0c919
0caaa
0caae
0cab2
0cb6d
0cb71
0cc95
0ccd0
0ccd4
0ccd8
0ccdc
0cce0
0cce4
0cce8
0ccec
0ccf0
0ccf4
0ccf8
0ccfc
0cd00
0cd04
0cd08
0af88
0b1cd
0b1d3
0b1e2
0b364
0b37a
0b380
0b3a7
0b436
0b443
0b5e9
0b5f1
0b619
0b621
0b635
0b6bb
0b750
0b764
0b793
0b80c
0b81b
0b843
0c0dd
0c0ee
0c1dc
0c1e5
0c285
0c28e
0c295
0c362
0c367
0c3f6
0c641
0c681
0c69d
0c6b2
0c954
0c958
0c95c
0c960
0caeb
0caef
0caf3
0cbae
0ccd0
0ccd4
0cd0f
0cd13
0cd17
0cd1b
0cd1f
0cd23
0cd27
0cd2b
0cd2f
0cd33
0cd37
0cd3b
0cd3f
0cd43
0cd47
0af84
0afd2
0afe1
0b20f
0b213
0b229
0b3e4
0b3e8
0b477
0b61d
0b62b
0b637
0b652
0b65c
0b6f6
0b6fa
0b799
0b7c7
0b7d6
0b84f
0b87e
0b895
0c107
0c1f4
0c1fd
0c205
0c2a7
0c2af
0c2f3
0c2fc
0c38d
0c4c8
0c686
0c691
0c717
0c997
0c99b
0c99f
0c9a3
0cb28
0cb2c
0cb30
0cbe5
0cbe9
0cc1b
0cd0d
0cd11
0cd4c
0cd50
0cd54
0cd58
0cd5c
0cd60
0cd64
0cd68
0cd6c
0cd70
0cd74
0cd78
0cd7c
0b14a
0b14e
0b239
0b25c
0b270
0b3ef
0b406
0b59b
0b628
0b633
0b695
0b6a1
0b7be
0b7d2
0b7da
0b806
0b8ac
0b8b0
0b93e
0b9f5
0ba01
0ba2b
0c0b6
0c0c7
0c1f7
0c2bd
0c2c6
0c2cd
0c34d
0c352
0c38e
0c41f
0c557
0c659
0c89d
0c997
0cb64
0cb68
0cb72
0cb76
0cc20
0ccd5
0ccd9
0ccdd
0cd81
0cd85
0cd89
0cd8d
0cd91
0cd95
0cd99
0cd9d
0cda1
0cda5
0cda9
0cdad
0cdb1
0cdb5
0cdb9
0cdbd
0cdc1
0b1ad
0b27c
0b2a3
0b2a8
0b2bd
0b438
0b5d6
0b5da
0b661
0b697
0b6a7
0b6b1
0b6d2
0b6e4
0b80c
0b81b
0b843
0b8e9
0b8ed
0ba38
0ba63
0ba7b
0c0e0
0c212
0c222
0c2de
0c2e6
0c35c
0c365
0c39c
0c3a5
0c4b2
0c65e
0c6b2
0c98b
0cba1
0cba5
0cba9
0cbb3
0cc5b
0cc5f
0cd14
0cd18
0cd1c
0cd83
0cdc4
0cdc8
0cdcc
0cdd0
0cdd4
0cdd8
0cddc
0cde0
0cde4
0cde8
0cdec
0cdf0
0cdf4
0cdf8
0cdfc
0afae
0afb2
0b2c3
0b2ea
0b2fa
0b475
0b484
0b536
0b613
0b617
0b6db
0b6e6
0b70d
0b717
0b729
0b84f
0b87e
0b895
0b922
0ba6e
0ba7d
0baa1
0c104
0c115
0c232
0c24d
0c256
0c25d
0c2f9
0c2fe
0c3b8
0c449
0c507
0c66d
0c846
0ca1b
0cbdc
0cbe0
0cbea
0cbee
0cc9a
0cd49
0cd4d
0cd51
0cdc4
0cdc8
0ce03
0ce07
0ce0b
0ce0f
0ce13
0ce17
0ce1b
0ce1f
0ce23
0ce27
0ce2b
0ce2f
0ce33
0ce37
0ce3b
0b017
0b306
0b32d
0b331
0b347
0b4b6
0b56b
0b57c
0b64c
0b711
0b721
0b72b
0b74c
0b758
0b7ea
0b7ee
0b88d
0b8bb
0b8d0
0b974
0baa5
0bab4
0c12e
0c19a
0c1aa
0c26f
0c277
0c308
0c311
0c3c6
0c3cf
0c4dc
0c672
0c780
0ca15
0caab
0caaf
0cab3
0cab7
0cc24
0cc28
0cc2c
0cce1
0cce5
0ce03
0ce3e
0ce42
0ce46
0ce4a
0ce4e
0ce52
0ce56
0ce5a
0ce5e
0ce62
0ce66
0ce6a
0ce6e
0ce72
0ce76
0b07c
0b080
0b1f4
0b36e
0b37e
0b4ed
0b4fc
0b521
0b5ae
0b5b7
0b75a
0b760
0b789
0b78f
0b7a3
0b829
0b8c3
0b8d2
0b8fa
0b97b
0b989
0b9b1
0c152
0c163
0c1bb
0c285
0c28e
0c295
0c323
0c328
0c3e2
0c3f5
0c52f
0c681
0c7d2
0c90d
0caec
0caf0
0caf4
0caf8
0cc63
0cc67
0cc6b
0cd20
0ce3e
0ce42
0ce7d
0ce81
0ce85
0ce89
0ce8d
0ce91
0ce95
0ce99
0ce9d
0cea1
0cea5
0cea9
0cead
0ceb1
0ceb5
0b0e5
0b1ec
0b219
0b21e
0b233
0b3ba
0b55c
0b560
0b5ed
0b78d
0b79b
0b7a5
0b7c4
0b7cc
0b864
0b868
0b907
0b931
0b944
0b9bd
0b9e9
0ba03
0c17b
0c1d6
0c1e6
0c2a7
0c2af
0c332
0c33b
0c372
0c37b
0c488
0c686
0c704
0c8fb
0cb29
0cb2d
0cb31
0cb35
0cc9e
0cca2
0cca6
0cd55
0cd59
0cd89
0ce7b
0ce7f
0ceba
0cebe
0cec2
0cec6
0ceca
0cece
0ced2
0ced6
0ceda
0cede
0cee2
0cee6
0ceea
0b31b
0b31f
0b3d1
0b3ee
0b3ff
0b56b
0b57c
0b709
0b787
0b7a1
0b803
0b80e
0b92c
0b940
0b948
0b974
0ba1a
0ba1e
0baac
0bb5d
0bb69
0bb91
0c0b6
0c0c7
0c19d
0c2a1
0c2b0
0c34d
0c352
0c3cd
0c404
0c40d
0c49e
0c5ca
0ca5a
0cb29
0ccd8
0ccdc
0cce6
0ccea
0cd8e
0ce43
0ce47
0ce4b
0ceef
0cef3
0cef7
0cefb
0ceff
0cf03
0cf07
0cf0b
0cf0f
0cf13
0cf17
0cf1b
0cf1f
0cf23
0cf27
0cf2b
0cf2f
0b35c
0b40e
0b433
0b43a
0b449
0b5b0
0b744
0b748
0b7d0
0b809
0b815
0b81f
0b840
0b84b
0b97b
0b989
0b9b1
0ba57
0ba5b
0bb9e
0bbc7
0bbdf
0c0e0
0c1b8
0c1c8
0c2c0
0c35c
0c365
0c3db
0c3e4
0c41f
0c424
0c530
0c6b2
0cb1d
0cd13
0cd17
0cd1b
0cd25
0cdc9
0cdcd
0ce82
0ce86
0ce8a
0cef1
0cf32
0cf36
0cf3a
0cf3e
0cf42
0cf46
0cf4a
0cf4e
0cf52
0cf56
0cf5a
0cf5e
0cf62
0cf66
0cf6a
0b207
0b20b
0b44f
0b474
0b47d
0b5eb
0b5f6
0b6a5
0b781
0b785
0b84d
0b854
0b87b
0b882
0b897
0b9bd
0b9e9
0ba03
0ba90
0bbd2
0bbe1
0bc03
0c104
0c115
0c1d9
0c2d8
0c2e7
0c2f9
0c2fe
0c379
0c42e
0c437
0c4c8
0c57e
0c952
0cba1
0cd4c
0cd50
0cd5a
0cd5e
0ce08
0ceb7
0cebb
0cebf
0cf32
0cf36
0cf71
0cf75
0cf79
0cf7d
0cf81
0cf85
0cf89
0cf8d
0cf91
0cf95
0cf99
0cf9d
0cfa1
0cfa5
0cfa9
0b24e
0b48c
0b4b1
0b4b8
0b4c7
0b62a
0b6d6
0b6ea
0b7ba
0b883
0b88f
0b899
0b8ba
0b8c5
0b958
0b95c
0b9fb
0ba26
0ba3e
0bae0
0bc07
0bc16
0c12e
0c1f4
0c204
0c250
0c308
0c311
0c387
0c390
0c449
0c44e
0c558
0c780
0cb9b
0cc25
0cc29
0cc2d
0cc31
0cd92
0cd96
0cd9a
0ce4f
0ce53
0cf71
0cfac
0cfb0
0cfb4
0cfb8
0cfbc
0cfc0
0cfc4
0cfc8
0cfcc
0cfd0
0cfd4
0cfd8
0cfdc
0cfe0
0cfe4
0b291
0b295
0b392
0b4ec
0b4f5
0b65f
0b66a
0b68f
0b713
0b725
0b8c8
0b8ce
0b8f5
0b8fc
0b911
0b997
0ba32
0ba40
0ba68
0bae7
0baf5
0bb1b
0c152
0c163
0c215
0c269
0c278
0c323
0c328
0c3a3
0c458
0c461
0c474
0c5a4
0c9d6
0caab
0cc64
0cc68
0cc6c
0cc70
0cdd1
0cdd5
0cdd9
0ce8e
0cfac
0cfb0
0cfeb
0cfef
0cff3
0cff7
0cffb
0cfff
0d003
0d007
0d00b
0d00f
0d013
0d017
0d01b
0d01f
0d023
0b2d8
0b38a
0b3b5
0b3bc
0b3cb
0b536
0b6ca
0b6ce
0b75c
0b8fd
0b909
0b913
0b930
0b939
0b9d2
0b9d6
0ba75
0ba9a
0bab2
0bb27
0bb51
0bb6b
0c17b
0c22f
0c23f
0c288
0c332
0c33b
0c3b1
0c3ba
0c3f5
0c3fa
0c508
0c83a
0ca99
0cc9f
0cca3
0cca7
0ccab
0ce0c
0ce10
0ce14
0cec3
0cec7
0cef7
0cfe9
0cfed
0d028
0d02c
0d030
0d034
0d038
0d03c
0d040
0d044
0d048
0d04c
0d050
0d054
0d058
0b4a1
0b4a5
0b549
0b569
0b576
0b6d6
0b6ea
0b877
0b8ff
0b90f
0b973
0b97d
0ba9c
0baae
0bab6
0bae0
0bb80
0bb84
0bc0e
0bcbf
0bccb
0bcf3
0c19a
0c1aa
0c250
0c332
0c33b
0c3cb
0c3d0
0c44b
0c482
0c48b
0c51c
0c612
0cbdb
0cc9f
0ce46
0ce4a
0ce54
0ce58
0cefc
0cfb1
0cfb5
0cfb9
0d05d
0d061
0d065
0d069
0d06d
0d071
0d075
0d079
0d07d
0d081
0d085
0d089
0d08d
0d091
0d095
0d099
0d09d
0b4dc
0b584
0b5a0
0b5b1
0b5bd
0b71f
0b8b2
0b8b6
0b93e
0b978
0b983
0b98d
0b9b0
0b9ba
0bae7
0baf5
0bb1b
0bbbb
0bbbf
0bd00
0bd29
0bd41
0c1bb
0c269
0c278
0c34a
0c3da
0c3e3
0c459
0c462
0c49d
0c4a2
0c5a4
0c90d
0cc93
0ce81
0ce85
0ce89
0ce93
0cf37
0cf3b
0cff0
0cff4
0cff8
0d05f
0d0a0
0d0a4
0d0a8
0d0ac
0d0b0
0d0b4
0d0b8
0d0bc
0d0c0
0d0c4
0d0c8
0d0cc
0d0d0
0d0d4
0d0d8
0b3a5
0b3a9
0b5c3
0b5e9
0b5f1
0b750
0b764
0b813
0b8ef
0b8f3
0b9bb
0b9c2
0b9eb
0b9f1
0ba05
0bb27
0bb51
0bb6b
0bbf2
0bd34
0bd43
0bd65
0c1d6
0c1e6
0c288
0c35c
0c365
0c377
0c37c
0c3f7
0c4ac
0c4b5
0c544
0c5e2
0caea
0cd13
0ceba
0cebe
0cec8
0cecc
0cf76
0d025
0d029
0d02d
0d0a0
0d0a4
0d0df
0d0e3
0d0e7
0d0eb
0d0ef
0d0f3
0d0f7
0d0fb
0d0ff
0d103
0d107
0d10b
0d10f
0d113
0d117
0b3e6
0b5fe
0b61d
0b62b
0b637
0b799
0b849
0b858
0b928
0b9f2
0b9fd
0ba07
0ba2a
0ba34
0bac6
0baca
0bb63
0bb8c
0bba4
0bc42
0bd69
0bd78
0c1f7
0c2a1
0c2b0
0c2f6
0c386
0c38f
0c405
0c40e
0c4c7
0c4cc
0c5ca
0c997
0cd0d
0cd93
0cd97
0cd9b
0cd9f
0cf00
0cf04
0cf08
0cfbd
0cfc1
0d0df
0d11a
0d11e
0d122
0d126
0d12a
0d12e
0d132
0d136
0d13a
0d13e
0d142
0d146
0d14a
0d14e
0d152
0b423
0b427
0b50c
0b65d
0b665
0b7c0
0b7d8
0b7fd
0b886
0b893
0ba36
0ba3c
0ba65
0ba6b
0ba7f
0bb03
0bb98
0bba6
0bbcc
0bc49
0bc57
0bc7d
0c212
0c222
0c2c0
0c308
0c311
0c3a1
0c3a6
0c421
0c4d6
0c4df
0c4f4
0c5fa
0cb62
0cc26
0cdd2
0cdd6
0cdda
0cdde
0cf3f
0cf43
0cf47
0cffc
0d11a
0d11e
0d159
0d15d
0d161
0d165
0d169
0d16d
0d171
0d175
0d179
0d17d
0d181
0d185
0d189
0d18d
0d191
0b464
0b504
0b529
0b537
0b543
0b6a5
0b838
0b83c
0b8ca
0ba6c
0ba77
0ba81
0baa0
0baa8
0bb3c
0bb40
0bbd9
0bbfc
0bc14
0bc89
0bcb3
0bccd
0c232
0c2d8
0c2e7
0c320
0c3b0
0c3b9
0c42f
0c438
0c473
0c478
0c57e
0ca1b
0cc13
0ce0d
0ce11
0ce15
0ce19
0cf7a
0cf7e
0cf82
0d031
0d035
0d065
0d157
0d15b
0d196
0d19a
0d19e
0d1a2
0d1a6
0d1aa
0d1ae
0d1b2
0d1b6
0d1ba
0d1be
0d1c2
0d1c6
0b613
0b617
0b6b7
0b6db
0b6e6
0b849
0b858
0b9e5
0ba6e
0ba7d
0badf
0bae9
0bbfe
0bc10
0bc18
0bc42
0bce2
0bce6
0bd70
0be19
0be27
0be4b
0c24d
0c25c
0c2f6
0c3b0
0c3b9
0c449
0c44e
0c4c9
0c4fe
0c507
0c591
0c650
0cbdb
0cdc4
0cfb2
0cfb6
0cfba
0cfc4
0d068
0d06c
0d121
0d125
0d129
0d1cd
0d1d1
0d1d5
0d1d9
0d1dd
0d1e1
0d1e5
0d1e9
0d1ed
0d1f1
0d1f5
0d1f9
0d1fd
0d201
0d205
0d209
0b64c
0b6f2
0b711
0b721
0b72b
0b88d
0ba20
0ba24
0baac
0bae4
0baef
0baf9
0bb1a
0bb24
0bc49
0bc57
0bc7d
0bd1d
0bd21
0be5a
0be7f
0be99
0c26c
0c308
0c311
0c3c8
0c458
0c461
0c4d7
0c4e0
0c518
0c51e
0c5fa
0c793
0cc26
0ce44
0cff1
0cff5
0cfff
0d003
0d0a7
0d15c
0d160
0d164
0d1cb
0d1cf
0d20e
0d212
0d216
0d21a
0d21e
0d222
0d226
0d22a
0d22e
0d232
0d236
0d23a
0d23e
0d242
0b51f
0b523
0b731
0b75a
0b760
0b8c3
0b8d2
0b981
0ba5d
0ba61
0bb25
0bb2c
0bb53
0bb59
0bb6d
0bc89
0bcb3
0bccd
0bd54
0be8a
0be9b
0bebb
0c285
0c294
0c320
0c3da
0c3e3
0c3f5
0c3fa
0c475
0c526
0c52f
0c5b7
0c628
0caea
0ce3e
0d026
0d02a
0d02e
0d038
0d0e2
0d0e6
0d195
0d199
0d19d
0d20e
0d247
0d24b
0d24f
0d253
0d257
0d25b
0d25f
0d263
0d267
0d26b
0d26f
0d273
0d277
0d27b
0d27f
0b55e
0b76c
0b78d
0b79b
0b7a5
0b907
0b9b8
0b9c6
0ba96
0bb5a
0bb65
0bb6f
0bb90
0bb9a
0bc28
0bc2c
0bcc5
0bcee
0bd06
0bda0
0bebf
0bed0
0c2a4
0c332
0c33b
0c374
0c404
0c40d
0c483
0c48c
0c540
0c546
0c612
0c861
0cc9f
0ceb8
0cf03
0cf07
0cf0b
0cf0f
0d070
0d074
0d078
0d12d
0d247
0d24b
0d284
0d288
0d28c
0d290
0d294
0d298
0d29c
0d2a0
0d2a4
0d2a8
0d2ac
0d2b0
0d2b4
0d2b8
0b599
0b59d
0b67a
0b7ce
0b7d4
0b936
0b946
0b96b
0b9f5
0ba01
0bb9c
0bba2
0bbc9
0bbcf
0bbe3
0bc65
0bcfa
0bd08
0bd2e
0bda7
0bdb7
0bdd9
0c2bd
0c2cc
0c34a
0c386
0c38f
0c41f
0c424
0c49f
0c54e
0c557
0c56b
0c63c
0cb62
0cd87
0cf3e
0cf42
0cf46
0cf4a
0d0ab
0d0af
0d0b3
0d168
0d16c
0d284
0d2bd
0d2c1
0d2c5
0d2c9
0d2cd
0d2d1
0d2d5
0d2d9
0d2dd
0d2e1
0d2e5
0d2e9
0d2ed
0d2f1
0d2f5
0b5d8
0b672
0b697
0b6a7
0b6b1
0b813
0b9a6
0b9aa
0ba38
0bbd0
0bbdb
0bbe5
0bc02
0bc0a
0bc9e
0bca2
0bd3b
0bd5e
0bd76
0bde7
0be0d
0be29
0c2db
0c35c
0c365
0c39e
0c42e
0c437
0c4ad
0c4b6
0c4f0
0c4f6
0c5e2
0c6c5
0cd13
0cdd1
0cf7d
0cf81
0cf85
0cf89
0d0ea
0d0ee
0d0f2
0d1a1
0d1d1
0d1d5
0d2bf
0d2f8
0d2fc
0d300
0d304
0d308
0d30c
0d310
0d314
0d318
0d31c
0d320
0d324
0d328
0b781
0b785
0b825
0b84d
0b854
0b9b8
0b9c6
0bb4d
0bbd2
0bbe1
0bc41
0bc4b
0bd60
0bd72
0bd7a
0bda0
0be3a
0be3e
0bec8
0bf42
0bf4e
0bf65
0c2f3
0c2fc
0c374
0c42e
0c437
0c4c7
0c4cc
0c541
0c574
0c57d
0c5ee
0c68c
0c861
0ceb8
0cf7b
0d122
0d126
0d130
0d134
0d1d8
0d287
0d28b
0d28f
0d32f
0d333
0d337
0d33b
0d33f
0d343
0d347
0d34b
0d34f
0d353
0d357
0d35b
0d35f
0d363
0d367
0d36b
0b7ba
0b860
0b883
0b88f
0b899
0b9fb
0bb86
0bb8a
0bc0e
0bc46
0bc51
0bc5b
0bc7c
0bc86
0bda7
0bdb7
0bdd9
0be73
0be77
0bf72
0bf8a
0bfa6
0c30b
0c386
0c38f
0c446
0c4d6
0c4df
0c551
0c559
0c58d
0c593
0c63c
0c76d
0cc26
0cf6f
0d15d
0d161
0d165
0d16f
0d211
0d215
0d2c4
0d2c8
0d32d
0d331
0d370
0d374
0d378
0d37c
0d380
0d384
0d388
0d38c
0d390
0d394
0d398
0d39c
0d3a0
0d3a4
0b68d
0b691
0b89f
0b8c8
0b8ce
0ba32
0ba40
0baed
0bbc1
0bbc5
0bc87
0bc8e
0bcb5
0bcbb
0bccf
0bde7
0be0d
0be29
0beaa
0bf95
0bfa2
0bfb7
0c31d
0c326
0c39e
0c458
0c461
0c473
0c478
0c4f1
0c59a
0c5a3
0c606
0c664
0c7e1
0cdd1
0cfef
0d196
0d19a
0d1a4
0d1a8
0d24e
0d2f7
0d2fb
0d2ff
0d370
0d3a9
0d3ad
0d3b1
0d3b5
0d3b9
0d3bd
0d3c1
0d3c5
0d3c9
0d3cd
0d3d1
0d3d5
0d3d9
0d3dd
0d3e1
0b6cc
0b8da
0b8fd
0b909
0b913
0ba75
0bb22
0bb30
0bbf8
0bcbc
0bcc7
0bcd1
0bcf2
0bcfc
0bd86
0bd8a
0be21
0be46
0be60
0bee7
0bfbb
0bfc8
0c335
0c3b0
0c3b9
0c3f2
0c482
0c48b
0c501
0c509
0c5b3
0c5b9
0c650
0c72c
0cc9f
0cfe9
0d06f
0d073
0d077
0d07b
0d1dc
0d1e0
0d1e4
0d293
0d3a9
0d3ad
0d3e6
0d3ea
0d3ee
0d3f2
0d3f6
0d3fa
0d3fe
0d402
0d406
0d40a
0d40e
0d412
0d416
0d41a
0b707
0b70b
0b7e8
0b93c
0b942
0baa5
0bab4
0bad7
0bb5d
0bb69
0bcfe
0bd04
0bd2b
0bd31
0bd45
0bdc1
0be52
0be62
0be84
0beee
0befa
0bf11
0c347
0c350
0c3c8
0c404
0c40d
0c49d
0c4a2
0c519
0c5c0
0c5c9
0c5d6
0c678
0c8ab
0ce44
0cf02
0d0ae
0d0b2
0d0b6
0d0ba
0d219
0d21d
0d2cc
0d2d0
0d3e6
0d41f
0d423
0d427
0d42b
0d42f
0d433
0d437
0d43b
0d43f
0d443
0d447
0d44b
0d44f
0d453
0d457
0b746
0b7e0
0b809
0b815
0b81f
0b981
0bb10
0bb14
0bb9e
0bd32
0bd3d
0bd47
0bd64
0bd6c
0bdf8
0bdfc
0be93
0beb4
0bece
0bf1d
0bf36
0bf52
0c35f
0c3da
0c3e3
0c41c
0c4ac
0c4b5
0c529
0c531
0c567
0c56d
0c628
0c69f
0cd13
0ceef
0d0e9
0d0ed
0d0f1
0d0f5
0d252
0d256
0d25a
0d303
0d333
0d337
0d421
0d45a
0d45e
0d462
0d466
0d46a
0d46e
0d472
0d476
0d47a
0d47e
0d482
0d486
0d48a
0b8ef
0b8f3
0b993
0b9bb
0b9c2
0bb22
0bb30
0bcaf
0bd34
0bd43
0bd9f
0bda9
0beb6
0bec6
0becc
0bee7
0bf5a
0bf5e
0bfc2
0c02c
0c038
0c049
0c180
0c371
0c37a
0c3f2
0c4ac
0c4b5
0c540
0c546
0c5b4
0c5de
0c5e4
0c66e
0c848
0c863
0ceb8
0d0a0
0d288
0d28c
0d296
0d29a
0d33a
0d3e9
0d3ed
0d3f1
0d491
0d495
0d499
0d49d
0d4a1
0d4a5
0d4a9
0d4ad
0d4b1
0d4b5
0d4b9
0d4bd
0d4c1
0d4c5
0d4c9
0b928
0b9ce
0b9f2
0b9fd
0ba07
0bb63
0bce8
0bcec
0bd70
0bda4
0bdad
0bdb3
0bdd8
0bde2
0beee
0befa
0bf11
0bf84
0bf88
0c056
0c068
0c084
0c0c8
0c389
0c404
0c40d
0c4c4
0c54e
0c557
0c5c3
0c5cb
0c5ed
0c63c
0c6c7
0c8ab
0c8c4
0cf02
0d120
0d2c5
0d2c9
0d2d3
0d373
0d377
0d426
0d42a
0d48f
0d4cc
0d4d0
0d4d4
0d4d8
0d4dc
0d4e0
0d4e4
0d4e8
0d4ec
0d4f0
0d4f4
0d4f8
0d4fc
0d500
0b7fb
0b7ff
0ba0d
0ba36
0ba3c
0bb98
0bba6
0bc4f
0bd23
0bd27
0bde3
0bdea
0be0f
0be15
0be2b
0bf1d
0bf36
0bf52
0bfac
0c073
0c080
0c08f
0c0e5
0c39b
0c3a4
0c41c
0c4d6
0c4df
0c4f0
0c4f6
0c568
0c5f6
0c5fc
0c682
0c6b4
0c6c7
0cdd1
0d11a
0d2f8
0d2fc
0d306
0d30a
0d3b0
0d459
0d45d
0d461
0d4ce
0d507
0d50b
0d50f
0d513
0d517
0d51b
0d51f
0d523
0d527
0d52b
0d52f
0d533
0d537
0d53b
0b83a
0ba48
0ba6c
0ba77
0ba81
0bbd9
0bc84
0bc92
0bd5a
0be16
0be1f
0be25
0be4a
0be54
0bedc
0bee0
0bf48
0bf60
0bf7c
0bfdd
0c093
0c0a0
0c116
0c3b3
0c42e
0c437
0c470
0c4fe
0c507
0c577
0c57f
0c605
0c650
0c706
0c72c
0c795
0cf7b
0d195
0d1df
0d1e3
0d1e7
0d33e
0d342
0d346
0d3f5
0d505
0d53e
0d542
0d546
0d54a
0d54e
0d552
0d556
0d55a
0d55e
0d562
0d566
0d56a
0d56e
0d572
0b875
0b879
0b956
0baaa
0bab0
0bc07
0bc16
0bc39
0bcbf
0bccb
0be56
0be5c
0be81
0be87
0be9d
0bf08
0bf6c
0bf78
0bf8f
0bfe4
0bff0
0c001
0c133
0c3c5
0c3ce
0c446
0c482
0c48b
0c518
0c51e
0c58e
0c60e
0c614
0c65a
0c782
0c795
0ce44
0d063
0d218
0d21c
0d220
0d224
0d37b
0d37f
0d42e
0d432
0d540
0d579
0d57d
0d581
0d585
0d589
0d58d
0d591
0d595
0d599
0d59d
0d5a1
0d5a5
0d5a9
0d5ad
0b8b4
0b94e
0b978
0b983
0b98d
0baed
0bc72
0bc76
0bd00
0be88
0be91
0be97
0beba
0bec2
0bf30
0bf34
0bf9c
0bfb0
0bfcc
0c00d
0c020
0c03c
0c164
0c3dd
0c458
0c461
0c49a
0c526
0c52f
0c59d
0c5a5
0c5d5
0c628
0c7d4
0c7fa
0c863
0cfef
0d0ac
0d255
0d259
0d25d
0d3b4
0d3b8
0d3bc
0d465
0d493
0d577
0d5b0
0d5b4
0d5b8
0d5bc
0d5c0
0d5c4
0d5c8
0d5cc
0d5d0
0d5d4
0d5d8
0d5dc
0d5e0
0b0ac
0b0b7
0b0fe
0b109
0b120
0ba5f
0bafd
0bb1f
0bb29
0bb34
0bc89
0be07
0be0b
0be93
0bee4
0beea
0bf00
0bfc0
0bfc6
0bfd8
0bff4
0c09a
0c10c
0c235
0c3ef
0c3f8
0c470
0c526
0c52d
0c5b3
0c5b9
0c607
0c624
0c66e
0c7f2
0c7fe
0c802
0c806
0c80a
0ca31
0d026
0d20b
0d3eb
0d3ef
0d3f9
0d3fd
0d499
0d542
0d546
0d5e4
0d5e8
0d5ec
0d5f0
0d5f4
0d5f8
0d5fc
0d600
0d604
0d608
0d60c
0d610
0b117
0b163
0b167
0b176
0ba94
0ba98
0bb3a
0bb61
0bb67
0bcbf
0bccb
0be42
0bebf
0bed0
0bef2
0bef8
0bf0e
0bf14
0bf2a
0bfea
0bffc
0c018
0c13d
0c1a7
0c407
0c482
0c48b
0c53c
0c5c0
0c5c9
0c60f
0c62c
0c630
0c782
0c861
0c867
0c86b
0c86f
0c8aa
0ca70
0d06e
0d424
0d428
0d42c
0d436
0d4d0
0d4d4
0d57d
0d581
0d5e6
0d614
0d618
0d61c
0d620
0d624
0d628
0d62c
0d630
0d634
0d638
0b179
0b185
0b1c6
0b1d1
0b1e8
0b96b
0bb73
0bb95
0bba0
0bbaa
0bd00
0bda7
0bdb7
0be7b
0bf15
0bf1f
0bf26
0bf3a
0bf44
0c008
0c014
0c025
0c15a
0c1be
0c419
0c422
0c49a
0c54e
0c555
0c567
0c56d
0c5d7
0c638
0c682
0c7d4
0c8c2
0c8c8
0c8cc
0c8d0
0c91d
0cf3e
0d281
0d45b
0d45f
0d469
0d46d
0d50b
0d5b0
0d5b4
0d612
0d63c
0d640
0d644
0d648
0d64c
0d650
0d654
0d658
0d65c
0d660
0d664
0afc9
0afd4
0afeb
0b1df
0b9a6
0b9aa
0bbb0
0bbd7
0bbdd
0bd34
0bd43
0bde7
0beae
0beb2
0bf46
0bf4c
0bf62
0bf68
0bf7e
0c032
0c044
0c060
0c18a
0c1e3
0c431
0c4ac
0c4b5
0c4ec
0c574
0c57d
0c5df
0c640
0c644
0c6b0
0c6c9
0c6cd
0c6d1
0c6d5
0c83b
0c9a7
0d0e8
0d33e
0d342
0d346
0d34a
0d49d
0d4a1
0d54a
0d54e
0d63e
0d668
0d66c
0d670
0d674
0d678
0d67c
0d680
0d684
0d688
0d68c
0afde
0afe9
0b030
0b03b
0b052
0b9e5
0bac2
0bbfe
0bc10
0bc18
0bd70
0bd95
0bd99
0be21
0bf69
0bf74
0bf7a
0bf8e
0bf98
0c050
0c05c
0c06d
0c0be
0c1fa
0c443
0c44c
0c4c4
0c4fe
0c505
0c58d
0c593
0c5ef
0c64c
0c65a
0c72c
0c732
0c736
0c73a
0c76c
0c9a7
0cfb2
0d1d0
0d37b
0d37f
0d383
0d387
0d4d8
0d4dc
0d585
0d666
0d690
0d694
0d698
0d69c
0d6a0
0d6a4
0d6a8
0d6ac
0d6b0
0d6b4
0d6b8
0b049
0b095
0b099
0b0a8
0ba20
0ba24
0babe
0baeb
0baf1
0bc49
0bc57
0bdd0
0be52
0be62
0bf9a
0bfa0
0bfb4
0bfba
0bfce
0c07a
0c088
0c0a4
0c0ef
0c21f
0c45b
0c4d6
0c4df
0c514
0c59a
0c5a3
0c5f7
0c618
0c61c
0c6b4
0c793
0c799
0c79d
0c7a1
0c7e0
0ca31
0d15c
0d3b4
0d3b8
0d3bc
0d3c0
0d50f
0d513
0d5b8
0d5bc
0d5ea
0d692
0d6bc
0d6c0
0d6c4
0d6c8
0d6cc
0d6d0
0d6d4
0d6d8
0d6dc
0afd4
0afeb
0b0dd
0b1be
0b1c2
0b1df
0b2b1
0b2b9
0b2f1
0bbc1
0bbc5
0bc61
0bc87
0bc8e
0bde0
0bdf0
0bf9c
0bfda
0bfe0
0bff6
0c098
0c09e
0c10c
0c1dc
0c2de
0c46d
0c476
0c4ec
0c59a
0c5a1
0c605
0c641
0c65e
0c662
0c6c5
0c6cb
0c6cf
0c6d9
0c71a
0c7e0
0c7e4
0c7e8
0c9ef
0c9f3
0cbf1
0d36e
0d544
0d548
0d552
0d5ec
0d5f0
0d6e2
0d6e6
0d6ea
0d6ee
0d6f2
0d6f6
0d6fa
0d6fe
0d702
0d706
0afc3
0afde
0afe9
0b041
0b142
0b146
0b2f8
0b333
0b341
0bbf8
0bc9a
0bcbc
0bcc7
0bcd1
0be21
0bfbb
0bfc8
0bfe8
0bfee
0bffe
0c004
0c01a
0c13d
0c201
0c259
0c485
0c4fe
0c505
0c5af
0c60e
0c614
0c64d
0c66a
0c717
0c730
0c734
0c73e
0c742
0c845
0c849
0c84d
0c851
0ca36
0cabc
0d06f
0d57b
0d57f
0d589
0d58d
0d618
0d6e0
0d708
0d70c
0d710
0d714
0d718
0d71c
0d720
0d724
0d728
0b028
0b02c
0b049
0b0a2
0b0b9
0b1a7
0b33b
0b343
0b376
0bad5
0bad9
0bcd7
0bcfe
0bd04
0be52
0be62
0bef4
0c005
0c00f
0c016
0c024
0c02e
0c15a
0c218
0c26f
0c497
0c4a0
0c514
0c5c0
0c5c7
0c5d5
0c619
0c672
0c676
0c793
0c799
0c79d
0c7a7
0c7d3
0c8aa
0c8ae
0c8b2
0ca73
0ca77
0cafb
0d3e4
0d5b2
0d5b6
0d5c0
0d640
0d644
0d70a
0d72e
0d732
0d736
0d73a
0d73e
0d742
0d746
0d74a
0d74e
0af9b
0b08f
0b093
0b0b0
0b109
0b120
0b222
0b37a
0b380
0bb12
0bd10
0bd32
0bd3d
0bd47
0be93
0bf18
0bf24
0c030
0c036
0c046
0c04c
0c062
0c18a
0c23c
0c291
0c4af
0c526
0c52d
0c563
0c5de
0c5e4
0c625
0c67e
0c69d
0c6a1
0c6a5
0c7f1
0c7fd
0c801
0c805
0c80f
0c83c
0c922
0cafb
0d0e9
0d49d
0d4a1
0d4a5
0d4a9
0d66c
0d72c
0d750
0d754
0d758
0d75c
0d760
0d764
0d768
0d76c
0d770
0b000
0b004
0b0f8
0b113
0b11e
0b176
0b227
0b22f
0b267
0bb4b
0bb4f
0bc26
0bd6e
0bd74
0bebf
0bed0
0bf48
0c04d
0c058
0c05e
0c06c
0c076
0c0be
0c1a0
0c2a7
0c4c1
0c4ca
0c53c
0c574
0c57b
0c5ed
0c62d
0c686
0c68a
0c706
0c70a
0c70e
0c860
0c866
0c86a
0c874
0c878
0c965
0c969
0cb79
0d333
0d4d8
0d4dc
0d4e0
0d694
0d698
0d752
0d776
0d77a
0d77e
0d782
0d786
0d78a
0d78e
0d792
0d796
0b069
0b15d
0b161
0b17e
0b1d1
0b1e8
0b26e
0b2a9
0b2b7
0bb88
0bc1e
0bc46
0bc51
0bc5b
0bdaf
0bf6c
0bf78
0c078
0c07e
0c08c
0c092
0c0a6
0c0ef
0c1c5
0c2c9
0c4d9
0c54e
0c555
0c589
0c5f6
0c5fc
0c639
0c656
0c6b4
0c76d
0c771
0c775
0c8c1
0c8c7
0c8cb
0c8d5
0c8d9
0c9ac
0cb79
0d15d
0d50f
0d513
0d517
0d51b
0d6bc
0d6e4
0d774
0d798
0d79c
0d7a0
0d7a4
0d7a8
0d7ac
0d7b0
0d7b4
0b130
0b144
0b14e
0b174
0b182
0b23d
0b250
0b267
0b272
0b333
0b3f8
0b405
0b628
0c0cb
0c183
0c18e
0c34e
0c53b
0c636
0c707
0c835
0c840
0c85b
0c87a
0c89d
0c8da
0c947
0c96c
0c998
0c9b1
0ca2b
0cade
0caf5
0caff
0cb03
0cb2b
0cb3e
0cb42
0cc95
0ccb2
0ccec
0cd55
0cd8d
0cda3
0ce97
0cef6
0cf03
0cf13
0cf17
0d03c
0d12a
0d7ba
0d7be
0d7c2
0d7c6
0d7ca
0d7ce
0d7d2
0d7d6
0d7da
0d7de
0b196
0b1ad
0b1d0
0b1dd
0b1e6
0b284
0b2a5
0b2b3
0b2bc
0b42f
0b43f
0b448
0c0be
0c0c8
0c0ed
0c21e
0c369
0c588
0c65e
0c699
0c6b6
0c6df
0c8a3
0c8ad
0c8c5
0c8e0
0c9b3
0c9d8
0c9f4
0ca5b
0ca72
0cb1d
0cb34
0cb46
0cb4a
0cb6d
0cb7d
0cb81
0ccd2
0ccf2
0cd29
0cd83
0cdca
0cde0
0ced0
0cf19
0cf40
0cf50
0cf54
0d0bc
0d7b8
0d7e3
0d7e7
0d7eb
0d7ef
0d7f3
0d7f7
0d7fb
0d7ff
0d803
0af9b
0afab
0afb2
0afd8
0afe6
0b21f
0b2d4
0b2ea
0b2f8
0b301
0b476
0b482
0b534
0c0e8
0c0f3
0c119
0c2fa
0c4eb
0c64a
0c691
0c6a1
0c6ba
0c6c8
0c6e3
0c71d
0c746
0c90f
0c920
0c9f8
0ca1f
0ca39
0cae3
0cb5e
0cb83
0cb87
0cba3
0cbba
0cbbe
0cc5c
0cd2d
0cd4d
0cd62
0cdc6
0ce07
0ce1d
0cf33
0cf74
0cf8b
0cf8f
0d030
0d19e
0d808
0d80c
0d810
0d814
0d818
0d81c
0d820
0d824
0d828
0d82c
0b00e
0b017
0b03a
0b047
0b050
0b317
0b31f
0b336
0b342
0b4ad
0b4bd
0b4c6
0c10c
0c116
0c13b
0c1a6
0c315
0c5ae
0c672
0c700
0c71f
0c726
0c748
0c77f
0c7ab
0c8a9
0c95d
0ca16
0ca3f
0ca65
0ca7a
0cb9b
0cbb2
0cbc4
0cbc8
0cbe7
0cbf5
0cbf9
0cc28
0cc37
0cd64
0cde7
0ce22
0ce4f
0ce5c
0cf70
0cfb4
0cfc8
0cfcc
0d068
0d807
0d831
0d835
0d839
0d83d
0d841
0d845
0d849
0d84d
0d851
0b069
0b079
0b080
0b0a6
0b0b4
0b2a9
0b358
0b36e
0b37c
0b385
0b4ee
0b4fa
0b5ae
0c136
0c141
0c167
0c324
0c513
0c622
0c69c
0c76f
0c787
0c78e
0c7b0
0c7d6
0c813
0c902
0c908
0c926
0c99b
0c9aa
0ca9f
0caa7
0cabe
0cac2
0cb6f
0cbfb
0cbff
0cc15
0cc3b
0cc72
0cce1
0ce40
0ce83
0ce99
0cf39
0cfd0
0cffb
0d007
0d00b
0d173
0d856
0d85a
0d85e
0d862
0d866
0d86a
0d86e
0d872
0d876
0d87a
0b0cb
0b0e5
0b108
0b115
0b11e
0b1fa
0b21b
0b229
0b232
0b3b1
0b3c1
0b3ca
0c15a
0c164
0c188
0c1e2
0c33f
0c562
0c686
0c7cc
0c7d8
0c7e4
0c7fd
0c818
0c842
0c87f
0c929
0c94c
0c96d
0c9d9
0c9ee
0ca9b
0cac6
0caca
0cae6
0cb05
0cb09
0cbae
0cc76
0cca1
0ccb5
0ce61
0ce9e
0cec3
0ced4
0cfea
0d028
0d03e
0d042
0d0e2
0d7b9
0d87e
0d882
0d886
0d88a
0d88e
0d892
0d896
0d89a
0d89e
0b30d
0b316
0b31f
0b336
0b342
0b3d4
0b3e5
0b3f9
0b405
0b4ac
0b56e
0b57a
0b787
0c0cf
0c1a9
0c235
0c23c
0c3cb
0c5ae
0c71f
0c83e
0ca15
0ca20
0ca2d
0ca40
0ca5f
0ca7f
0cafc
0cb24
0cb3b
0cba4
0cc55
0cc6d
0cc7b
0cc7f
0cca3
0ccb7
0ccbb
0ce03
0ce26
0ce5a
0cec5
0cefc
0cf11
0d00f
0d064
0d070
0d082
0d086
0d1ac
0d290
0d7bc
0d830
0d8a3
0d8a7
0d8ab
0d8af
0d8b3
0d8b7
0d8bb
0d8bf
0b350
0b35b
0b36f
0b37c
0b385
0b416
0b432
0b43b
0b448
0b5a1
0b5b1
0b5bc
0c0c0
0c0f6
0c1a2
0c1ac
0c1cb
0c3e4
0c67c
0c786
0c8a3
0c903
0c913
0ca5b
0ca6a
0ca7d
0cb1e
0cb4c
0cb6e
0cb7c
0cbec
0cc93
0ccaa
0ccbe
0ccc2
0cce3
0ccf4
0ccf8
0ce40
0ce64
0ce99
0cef1
0cf39
0cf4e
0d046
0d088
0d0ad
0d0bf
0d0c3
0d226
0d7bf
0d7e4
0d858
0d8c3
0d8c7
0d8cb
0d8cf
0d8d3
0d8d7
0d8db
0b1f7
0b203
0b20b
0b222
0b22d
0b3b0
0b460
0b471
0b47a
0b487
0b5e7
0b5f4
0b699
0c102
0c1be
0c1c5
0c1e5
0c377
0c562
0c6a2
0c7d8
0c8fb
0c912
0c919
0c92d
0c957
0c971
0cab8
0cb82
0cba3
0cbb9
0cc5b
0ccd3
0ccf9
0ccfd
0cd17
0cd2c
0cd33
0cdcc
0ce9e
0cebb
0ced6
0cf34
0cf76
0cf8b
0d0a1
0d0e4
0d0f9
0d0fe
0d19e
0d300
0d809
0d87d
0d8df
0d8e3
0d8e7
0d8eb
0d8ef
0d8f3
0d8f7
0d8fb
0b244
0b24d
0b261
0b26e
0b277
0b49c
0b4a2
0b4b6
0b4c1
0b61e
0b62b
0b636
0c10e
0c144
0c1de
0c1e8
0c207
0c390
0c654
0c76a
0c85a
0c948
0c95a
0c96a
0c996
0c9af
0caee
0cb9c
0cbca
0cbe6
0cbf4
0cd0d
0cd24
0cd38
0cd3c
0cd57
0cd68
0cd6c
0cd96
0cdab
0cecf
0cf5a
0cf94
0cfbe
0cfca
0d0de
0d121
0d136
0d13b
0d1d6
0d7c0
0d832
0d836
0d8ff
0d903
0d907
0d90b
0d90f
0d913
0d917
0b281
0b28d
0b295
0b2ac
0b2b7
0b42e
0b4d8
0b4e9
0b4f2
0b4ff
0b65b
0b668
0b713
0c138
0c1fa
0c201
0c221
0c3a1
0c588
0c76e
0c8a4
0c98a
0c99c
0c9a3
0c9b7
0c9db
0c9fb
0caa4
0caad
0cacd
0cb36
0cc18
0cc21
0cc38
0cc3f
0cce1
0cd6d
0cd71
0cd83
0cdad
0cde0
0ce51
0cfae
0cff1
0d005
0d0a5
0d13f
0d169
0d176
0d17a
0d2d7
0d7e9
0d85b
0d91b
0d91f
0d923
0d927
0d92b
0d92f
0d933
0d937
0b2cc
0b2d7
0b2eb
0b2f8
0b301
0b398
0b3b4
0b3bd
0b3ca
0b52a
0b537
0b542
0c0e4
0c189
0c21a
0c224
0c242
0c3ba
0c668
0c6be
0c839
0c9d2
0c9de
0c9f8
0ca1a
0ca39
0ca9a
0cace
0caeb
0cb06
0cb74
0cc16
0cc42
0cc46
0cc5e
0cc76
0cc83
0cd1e
0cde5
0ce10
0ce27
0cfd4
0d00e
0d032
0d040
0d158
0d196
0d1aa
0d1b1
0d24c
0d80e
0d880
0d884
0d93a
0d93e
0d942
0d946
0d94a
0d94e
0d952
0b493
0b49b
0b4a5
0b4b6
0b4c1
0b54c
0b55d
0b573
0b57a
0b61c
0b6dd
0b6e8
0b8ff
0c111
0c1aa
0c25b
0c2de
0c2e4
0c449
0c720
0c95c
0cb9b
0cba6
0cbb3
0cbc3
0cbe0
0cc04
0cc75
0cc9a
0ccb3
0cd18
0cdc4
0cddb
0cdec
0cdf0
0ce0f
0ce28
0ce2c
0cf71
0cf98
0cfc8
0d031
0d06a
0d081
0d17e
0d1d2
0d1dc
0d1ee
0d1f2
0d30e
0d3f2
0d832
0d87c
0d8a7
0d959
0d95d
0d961
0d965
0d969
0d96d
0d971
0b4d1
0b4db
0b4e7
0b4f4
0b4ff
0b58c
0b5ab
0b5b3
0b5bc
0b714
0b71f
0b72a
0c126
0c16b
0c1c8
0c255
0c25e
0c27b
0c462
0c90c
0c9a2
0caa1
0cab1
0cbde
0cbea
0cbfb
0cc94
0ccc4
0cce2
0ccf4
0cd5c
0ce01
0ce18
0ce2e
0ce32
0ce52
0ce65
0ce69
0cfae
0cfd6
0d005
0d05f
0d0a7
0d0be
0d1b5
0d1f4
0d217
0d229
0d22d
0d388
0d7bf
0d85a
0d8c3
0d973
0d977
0d97b
0d97f
0d983
0d987
0d98b
0b396
0b3a1
0b3a9
0b3ba
0b3c5
0b528
0b5d4
0b5e8
0b5f0
0b5f9
0b756
0b762
0b80c
0c15f
0c1c3
0c26f
0c275
0c293
0c3f5
0c7d9
0c9d9
0ca99
0cab0
0cab7
0cac7
0caef
0cb0e
0cc32
0ccf0
0cd17
0cd29
0cdc9
0ce41
0ce60
0ce6d
0ce83
0ce9b
0cea4
0cf3a
0d00d
0d02a
0d049
0d0a2
0d0e4
0d0fb
0d20d
0d24e
0d261
0d266
0d300
0d462
0d860
0d885
0d8e3
0d991
0d995
0d999
0d99d
0d9a1
0d9a5
0d9a9
0b3dc
0b3e5
0b3f3
0b3fe
0b409
0b60e
0b614
0b62a
0b631
0b788
0b799
0b7a4
0c0c7
0c185
0c204
0c28d
0c296
0c2b3
0c40e
0c959
0ca2b
0cae0
0caf2
0cafc
0cb28
0cb3b
0cc69
0cd0e
0cd3e
0cd56
0cd68
0ce7a
0ce92
0cea8
0ceac
0cec6
0ced9
0cedd
0cf05
0cf1e
0d03d
0d0c9
0d103
0d12c
0d13a
0d248
0d287
0d29c
0d2a1
0d338
0d7ba
0d80d
0d8ff
0d9ab
0d9af
0d9b3
0d9b7
0d9bb
0d9bf
0d9c3
0b412
0b41f
0b427
0b438
0b443
0b59f
0b648
0b65c
0b664
0b66c
0b7ca
0b7d6
0b886
0c0c3
0c1ff
0c2a7
0c2ad
0c2cb
0c41f
0c6b1
0ca5b
0cb1d
0cb2e
0cb35
0cb45
0cb67
0cb8c
0cc1e
0cc2a
0cc49
0ccac
0cd87
0cd90
0cda5
0cdb0
0ce51
0ced0
0cee1
0cef1
0cf1f
0cf4e
0cfbd
0d11c
0d15f
0d175
0d211
0d2a5
0d2cd
0d2da
0d2de
0d439
0d7e1
0d837
0d91f
0d9c9
0d9cd
0d9d1
0d9d5
0d9d9
0d9dd
0d9e1
0b458
0b463
0b46f
0b47c
0b487
0b512
0b531
0b539
0b542
0b69a
0b6a5
0b6b0
0c0d5
0c11d
0c23f
0c2c5
0c2ce
0c2ea
0c438
0c90e
0c9dd
0cb5e
0cb6a
0cb82
0cba0
0cbb9
0cc14
0cc4a
0cc64
0cc81
0cce8
0cd84
0cda9
0cdb6
0cdcd
0cde2
0cdf3
0ce8e
0cf56
0cf7e
0cf99
0d143
0d17d
0d1a0
0d1b0
0d2be
0d2f7
0d30c
0d313
0d3ae
0d7e7
0d80a
0d93a
0d9c7
0d9e6
0d9ea
0d9ee
0d9f2
0d9f6
0d9fa
0b606
0b60f
0b617
0b625
0b631
0b6bb
0b6cb
0b6e0
0b6e8
0b790
0b84a
0b856
0ba6e
0c0df
0c1e1
0c25c
0c2fb
0c362
0c4c7
0c959
0caf6
0cd0d
0cd18
0cd25
0cd37
0cd4d
0cd67
0cde4
0ce07
0ce1d
0ce86
0cf32
0cf49
0cf5e
0cf62
0cf7d
0cf8f
0cf9a
0d0df
0d103
0d138
0d19f
0d1d8
0d1ed
0d2e2
0d334
0d33e
0d350
0d354
0d470
0d54a
0d80b
0d813
0d817
0d8ff
0d95a
0da01
0da05
0da09
0da0d
0da11
0b641
0b64b
0b658
0b663
0b66c
0b6fa
0b71a
0b722
0b72a
0b87f
0b88d
0b898
0c104
0c1f1
0c228
0c278
0c2fd
0c314
0c4e0
0caab
0cb36
0cc1c
0cc29
0cd4d
0cd5a
0cd6d
0ce02
0ce33
0ce4f
0ce5d
0ceca
0cf6f
0cf86
0cf9c
0cfa0
0cfbf
0cfcc
0cfd7
0d11c
0d140
0d175
0d1cd
0d213
0d228
0d317
0d356
0d379
0d38b
0d38f
0d4e4
0d813
0d837
0d83c
0d840
0d974
0da14
0da18
0da1c
0da20
0da24
0b510
0b51c
0b523
0b531
0b53d
0b69c
0b742
0b757
0b75f
0b767
0b8c4
0b8d1
0b97b
0c12d
0c21d
0c274
0c30e
0c325
0c473
0c9dd
0cb65
0cc13
0cc2b
0cc31
0cc43
0cc65
0cc80
0cda0
0ce5e
0ce83
0ce99
0cf39
0cfaf
0cfd3
0cfdb
0cff1
0d007
0d00b
0d0a6
0d174
0d198
0d1b8
0d20e
0d24e
0d263
0d36f
0d3b0
0d3c3
0d3c8
0d462
0d5b8
0d85a
0d861
0d865
0d93a
0d992
0da2b
0da2f
0da33
0da37
0da3b
0b556
0b55d
0b56d
0b575
0b57f
0b77d
0b782
0b798
0b79f
0b8f9
0b907
0b912
0c152
0c1aa
0c23a
0c2b0
0c327
0c33e
0c48c
0caf1
0cbb3
0cc59
0cc6b
0cc75
0cc9e
0ccb3
0cdd7
0ce7c
0cead
0cec3
0ced5
0cfe9
0d000
0d016
0d01a
0d033
0d042
0d04b
0d072
0d08d
0d1ab
0d233
0d26b
0d292
0d2a0
0d3aa
0d3e9
0d3fe
0d403
0d496
0d861
0d883
0d889
0d88d
0d9ac
0da3e
0da42
0da46
0da4a
0da4e
0b58a
0b595
0b59d
0b5ab
0b5b7
0b715
0b7b6
0b7cb
0b7d3
0b7db
0b937
0b944
0b9f5
0c17a
0c1a5
0c2ac
0c338
0c34f
0c49d
0c90c
0cbde
0cc93
0cca4
0ccab
0ccbd
0ccd9
0ccf3
0cd8c
0cd95
0cdae
0ce1a
0cef5
0cefb
0cf13
0cf17
0cfbd
0d046
0d04f
0d05f
0d089
0d0be
0d12b
0d284
0d2c3
0d2d9
0d373
0d407
0d42f
0d43c
0d440
0d58f
0d7bf
0d7c6
0d7ca
0d8c3
0d9ca
0da55
0da59
0da5d
0da61
0da65
0b5cd
0b5d7
0b5e4
0b5ef
0b5f9
0b680
0b6a0
0b6a8
0b6b0
0b805
0b813
0b81e
0c0b6
0c1b5
0c1ec
0c2e7
0c351
0c368
0c4b6
0caae
0cb69
0ccd3
0ccdf
0ccf0
0cd13
0cd29
0cd82
0cdb9
0cdd2
0cde3
0ce56
0cef2
0cf1c
0cf24
0cf38
0cf50
0cf54
0cffa
0d0bd
0d0ec
0d107
0d2a9
0d2e1
0d302
0d312
0d420
0d45a
0d46e
0d475
0d508
0d7c5
0d7e7
0d7ee
0d7f2
0d9e3
0da68
0da6c
0da70
0da74
0da78
0b773
0b77c
0b785
0b796
0b79f
0b828
0b839
0b84e
0b856
0b8f8
0b9b3
0b9c4
0bbd2
0c150
0c1bc
0c2b6
0c379
0c3e0
0c543
0caf1
0cc6e
0ce7a
0ce86
0ce93
0cea8
0cebb
0ced9
0cf56
0cf76
0cf8b
0cff4
0d0a0
0d0b7
0d0cc
0d0d0
0d0eb
0d0fe
0d108
0d249
0d26b
0d29e
0d301
0d33a
0d34f
0d444
0d492
0d49c
0d4ae
0d4b2
0d5c6
0d66a
0d87d
0d8e5
0d8e9
0d9ad
0da00
0da7f
0da83
0da87
0da8b
0da8f
0b7ae
0b7b9
0b7c6
0b7d3
0b7db
0b868
0b882
0b890
0b898
0b9ea
0b9fb
0ba06
0c107
0c1d7
0c2ac
0c311
0c37b
0c392
0c559
0cc25
0ccac
0cd8a
0cd97
0cebb
0cec8
0cede
0cf70
0cfa1
0cfbe
0cfd2
0d038
0d0dd
0d0f4
0d10a
0d10e
0d12d
0d13b
0d145
0d284
0d2a6
0d2d9
0d32f
0d375
0d38a
0d479
0d4b4
0d4d6
0d4e7
0d4eb
0d61c
0d7c0
0d8ff
0d905
0d909
0da13
0da92
0da96
0da9a
0da9e
0daa2
0b67d
0b689
0b691
0b6a2
0b6ab
0b804
0b8b0
0b8bf
0b8cd
0b8d5
0ba2d
0ba3e
0bae7
0c130
0c1f8
0c2ed
0c38c
0c3a3
0c4f3
0cb69
0ccdc
0cd81
0cd98
0cd9f
0cdb4
0cdd4
0cdf1
0cf0e
0cfd0
0cff1
0d005
0d0a5
0d11d
0d142
0d149
0d15f
0d175
0d17a
0d212
0d2d8
0d2f9
0d31a
0d370
0d3b0
0d3c5
0d4cb
0d50a
0d51d
0d522
0d5b8
0d6ba
0d85c
0d921
0d925
0d9e4
0da2a
0daa9
0daad
0dab1
0dab5
0dab9
0b6c3
0b6cb
0b6d8
0b6e5
0b6ed
0b8ea
0b8f0
0b906
0b90e
0ba64
0ba75
0ba80
0c0db
0c213
0c262
0c33b
0c3a5
0c3bc
0c509
0cc6a
0cd25
0cdc7
0cdd9
0cde4
0ce0d
0ce1d
0cf45
0cfea
0d01b
0d032
0d048
0d157
0d16e
0d184
0d188
0d1a1
0d1b1
0d1b9
0d1de
0d1f9
0d30d
0d395
0d3cd
0d3f4
0d402
0d504
0d541
0d556
0d55b
0d5ec
0d80e
0d93a
0d940
0d944
0da3d
0dabc
0dac0
0dac4
0dac8
0dacc
0b6f7
0b703
0b70b
0b71c
0b726
0b87e
0b924
0b935
0b941
0b949
0baa3
0bab2
0bb5d
0c17d
0c233
0c27e
0c3b6
0c3cd
0c51b
0caab
0cd50
0ce01
0ce12
0ce19
0ce2e
0ce47
0ce65
0cefa
0cf04
0cf20
0cf88
0d063
0d06b
0d081
0d086
0d12b
0d1b5
0d1bd
0d1cd
0d1f5
0d228
0d291
0d3e6
0d426
0d43b
0d4cf
0d55f
0d585
0d592
0d596
0d69a
0d82f
0d8aa
0d8ae
0d975
0da54
0dad3
0dad7
0dadb
0dadf
0dae3
0b73a
0b745
0b752
0b75f
0b767
0b7ee
0b808
0b816
0b81e
0b970
0b981
0b98c
0c0b9
0c19b
0c274
0c365
0c3cf
0c3e6
0c531
0cc2b
0ccde
0ce41
0ce4c
0ce5e
0ce80
0ce99
0cef0
0cf27
0cf40
0cf58
0cfc4
0d060
0d08b
0d092
0d0a8
0d0be
0d0c3
0d168
0d227
0d254
0d26f
0d40b
0d443
0d464
0d474
0d576
0d5af
0d5c4
0d5cb
0d640
0d7e2
0d8c3
0d8c9
0d8cd
0da67
0dae6
0daea
0daee
0daf2
0daf6
0b8e1
0b8eb
0b8f3
0b902
0b90e
0b996
0b9a7
0b9bc
0b9c4
0ba63
0bb1d
0bb2e
0bd34
0c157
0c26a
0c341
0c3f7
0c45e
0c5b6
0c7fe
0cc6a
0cddc
0cfe9
0cff4
0d001
0d016
0d02a
0d04b
0d0c5
0d0e4
0d0fb
0d162
0d20c
0d221
0d236
0d23a
0d253
0d266
0d270
0d3ab
0d3cd
0d400
0d463
0d498
0d4ad
0d59a
0d5e8
0d5f2
0d5f7
0d66a
0d6e8
0d8e2
0d994
0d998
0da3e
0da7e
0dafd
0db01
0db05
0db09
0db0d
0b91d
0b927
0b933
0b941
0b949
0b9d6
0b9f1
0b9fe
0ba06
0bb52
0bb63
0bb6e
0c173
0c1db
0c289
0c38f
0c3f9
0c410
0c5cb
0c873
0cd92
0ce1a
0cef8
0cf06
0d02a
0d036
0d04c
0d0de
0d10f
0d12c
0d141
0d1a6
0d247
0d25c
0d272
0d276
0d293
0d2a1
0d2ab
0d3e6
0d408
0d43b
0d48f
0d4d1
0d4e6
0d5cf
0d5fb
0d61c
0d621
0d694
0d7bb
0d9ad
0d9b2
0d9b6
0da91
0db10
0db14
0db18
0db1c
0db20
0b7ea
0b7f8
0b7ff
0b80e
0b81a
0b96f
0ba1e
0ba2e
0ba3b
0ba43
0bb93
0bba5
0bc49
0c0bb
0c2a2
0c36b
0c40a
0c421
0c56a
0c8c6
0ccde
0ce49
0ceef
0cf07
0cf0d
0cf22
0cf42
0cf63
0d07c
0d13f
0d15f
0d175
0d211
0d285
0d2a8
0d2af
0d2c3
0d2d9
0d2de
0d374
0d43a
0d45c
0d47c
0d4cc
0d50a
0d51f
0d612
0d642
0d649
0d64d
0d730
0d91e
0d9cc
0d9d0
0da68
0daa8
0db27
0db2b
0db2f
0db33
0db37
0b831
0b839
0b843
0b852
0b85b
0ba58
0ba5e
0ba74
0ba7c
0bbc8
0bbd9
0bbe4
0c0d4
0c217
0c2c1
0c3b9
0c423
0c43a
0c57f
0c6d7
0cdd8
0ce93
0cf35
0cf47
0cf56
0cf7b
0cf8b
0d0b2
0d158
0d189
0d1a0
0d1b7
0d2bd
0d2d2
0d2e8
0d2ec
0d303
0d313
0d31b
0d340
0d35b
0d46f
0d4f1
0d527
0d54c
0d55a
0d63c
0d66c
0d673
0d677
0d809
0d9e4
0d9e9
0d9ed
0dabb
0db3a
0db3e
0db42
0db46
0db4a
0b864
0b871
0b879
0b889
0b893
0b9e9
0ba92
0baa4
0baaf
0bab7
0bc05
0bc14
0bcbf
0c109
0c2d9
0c317
0c434
0c44b
0c590
0c730
0cc25
0cebd
0cf6f
0cf80
0cf87
0cf9c
0cfb6
0cfd7
0d068
0d071
0d08e
0d0f6
0d1d1
0d1d9
0d1ed
0d1f2
0d291
0d317
0d31f
0d32f
0d357
0d38a
0d3f3
0d53e
0d57b
0d591
0d616
0d679
0d69a
0d69f
0d778
0d8a6
0d95d
0d961
0da14
0dad2
0db51
0db55
0db59
0db5d
0db61
0b8a9
0b8b3
0b8bd
0b8cd
0b8d5
0b95c
0b977
0b984
0b98c
0badc
0baed
0baf8
0c125
0c19f
0c251
0c3e3
0c44d
0c464
0c5a5
0c7a5
0cd98
0ce4b
0cfaf
0cfbb
0cfd0
0cfef
0d005
0d05e
0d095
0d0ad
0d0c7
0d132
0d1ce
0d1f7
0d1fe
0d214
0d228
0d22d
0d2cc
0d389
0d3b6
0d3d1
0d563
0d599
0d5ba
0d5ca
0d690
0d6bc
0d6c5
0d6c9
0d85a
0d975
0d97a
0d97e
0dae5
0db64
0db68
0db6c
0db70
0db74
0ba4f
0ba59
0ba61
0ba71
0ba7c
0bb02
0bb11
0bb26
0bb2e
0bbc7
0bc7f
0bc90
0be8a
0c217
0c309
0c3bf
0c475
0c4dc
0c605
0c6d9
0c7e5
0c7fe
0cdd8
0cf4a
0d157
0d162
0d16f
0d184
0d198
0d1b9
0d22f
0d24e
0d263
0d2c6
0d36e
0d383
0d398
0d39c
0d3b5
0d3c8
0d3d2
0d505
0d527
0d558
0d5b9
0d5ee
0d5f6
0d6c2
0d6e8
0d6ed
0d79a
0d992
0da2c
0da30
0dabc
0dafc
0db7b
0db7f
0db83
0db87
0db8b
0ba8b
0ba95
0baa2
0baaf
0bab7
0bb40
0bb59
0bb66
0bb6e
0bcb4
0bcc5
0bcd0
0c22b
0c28a
0c321
0c40d
0c477
0c48e
0c613
0c74b
0c852
0c873
0cf02
0cf88
0d066
0d073
0d198
0d1a4
0d1ba
0d248
0d277
0d292
0d2a7
0d308
0d3a9
0d3be
0d3d4
0d3d8
0d3f5
0d403
0d40d
0d53e
0d560
0d591
0d5e5
0d618
0d620
0d6e0
0d70c
0d711
0d8a5
0da3e
0da43
0da47
0db0f
0db8e
0db92
0db96
0db9a
0db9e
0b95a
0b965
0b96d
0b97d
0b987
0badb
0bb84
0bb94
0bba1
0bba9
0bcf5
0bd06
0bda7
0c19f
0c333
0c3e9
0c488
0c49f
0c5d5
0c7a7
0c8af
0c8c6
0ce4b
0cfb8
0d05d
0d074
0d07b
0d090
0d0af
0d0d1
0d1e8
0d2a5
0d2c3
0d2d9
0d373
0d3e7
0d40a
0d411
0d426
0d43b
0d440
0d4d0
0d590
0d5b1
0d5d2
0d613
0d642
0d64a
0d715
0d733
0d737
0d9ca
0da56
0da5a
0dae6
0db26
0dba5
0dba9
0dbad
0dbb1
0dbb5
0b99e
0b9a7
0b9b2
0b9c0
0b9c9
0bbbc
0bbc2
0bbd8
0bbe0
0bd2a
0bd3b
0bd46
0c1b4
0c2c2
0c34b
0c437
0c4a1
0c4b8
0c5e3
0c6a9
0c6d7
0c819
0cf46
0d001
0d0a3
0d0b4
0d0c5
0d0e8
0d0fb
0d21c
0d2be
0d2ed
0d302
0d319
0d41f
0d434
0d44a
0d44e
0d465
0d475
0d47d
0d49e
0d4b9
0d5c5
0d629
0d650
0d672
0d72c
0d754
0d759
0d8e1
0da68
0da6d
0da71
0db39
0dbb8
0dbbc
0dbc0
0dbc4
0dbc8
0b9d4
0b9df
0b9e7
0b9f7
0ba01
0bb51
0bbf4
0bc06
0bc11
0bc19
0bd67
0bd76
0be19
0c1db
0c35d
0c395
0c4b2
0c4c9
0c5ed
0c70a
0c730
0c875
0cd92
0d02c
0d0dd
0d0ee
0d0f5
0d10a
0d123
0d145
0d1d6
0d1dd
0d1fa
0d25e
0d333
0d33b
0d34f
0d354
0d3f3
0d479
0d481
0d48f
0d4b5
0d4e6
0d54b
0d667
0d696
0d69e
0d75d
0d77b
0d77f
0d95a
0da03
0da07
0da92
0db50
0dbcf
0dbd3
0dbd7
0dbdb
0dbdf
0ba16
0ba21
0ba2c
0ba3b
0ba43
0baca
0bae3
0baf0
0baf8
0bc3e
0bc4f
0bc5a
0c1f0
0c252
0c2f7
0c461
0c4cb
0c4e2
0c5fb
0c777
0c7a5
0c8e1
0cf07
0cfba
0d11d
0d128
0d13f
0d15c
0d175
0d1cc
0d201
0d217
0d231
0d298
0d330
0d359
0d360
0d376
0d38a
0d38f
0d42e
0d4e5
0d510
0d52b
0d67d
0d6a4
0d6c4
0d774
0d798
0d79f
0d91d
0da14
0da19
0da1d
0db63
0dbe2
0dbe6
0dbea
0dbee
0dbf2
0bbb3
0bbbd
0bbc5
0bbd5
0bbe0
0bc64
0bc73
0bc88
0bc90
0bd29
0bddb
0bdec
0bf95
0c2c2
0c387
0c43d
0c4f0
0c557
0c642
0c698
0c6b6
0c6c9
0c6d9
0c6e6
0c6ea
0c7eb
0c92f
0cf46
0d0b8
0d2bd
0d2c6
0d2d3
0d2e8
0d2fa
0d36e
0d397
0d3b2
0d3c7
0d42a
0d4cd
0d4f0
0d4f6
0d50b
0d51f
0d524
0d5b9
0d647
0d673
0d6e4
0d6ec
0d79a
0da29
0daa8
0daad
0db39
0db79
0dbf8
0dbfc
0dc00
0dc04
0dc08
0bbec
0bbf7
0bc04
0bc11
0bc19
0bca2
0bcbb
0bcc8
0bcd0
0be0e
0be1f
0be29
0c2d5
0c322
0c39f
0c48b
0c4f5
0c50a
0c650
0c6e0
0c71d
0c730
0c740
0c74d
0c751
0c852
0ca25
0d06f
0d0f6
0d1d4
0d1ed
0d2fb
0d308
0d31d
0d3ac
0d3e9
0d3f6
0d40d
0d46b
0d506
0d529
0d530
0d542
0d558
0d55d
0d5ed
0d671
0d69d
0d6f1
0d710
0d81a
0daaa
0dac0
0dac4
0db51
0dc0a
0dc0e
0dc12
0dc16
0dc1a
0bac8
0bad1
0bad9
0bae9
0baf4
0bc3d
0bce6
0bcf6
0bd03
0bd0b
0be4d
0be5f
0beee
0c252
0c3b1
0c467
0c507
0c518
0c61a
0c6ff
0c779
0c792
0c79a
0c7ab
0c7b6
0c8af
0c9b9
0cfba
0d125
0d1cb
0d1e0
0d1e7
0d1fc
0d21a
0d342
0d3e4
0d40e
0d42d
0d43d
0d4d0
0d551
0d567
0d56b
0d586
0d594
0d59e
0d691
0d6a4
0d6f4
0d715
0d734
0da53
0dad2
0dad7
0db63
0dba3
0dc20
0dc24
0dc28
0dc2c
0dc30
0bb08
0bb11
0bb1c
0bb2a
0bb33
0bd1e
0bd24
0bd3a
0bd41
0be80
0be91
0be9b
0c266
0c34c
0c3c9
0c4b5
0c51d
0c532
0c628
0c6a9
0c7ae
0c7ed
0c7fe
0c80e
0c81b
0c81f
0c9fe
0d0b3
0d16f
0d20f
0d21e
0d22f
0d252
0d26f
0d384
0d422
0d45a
0d466
0d47d
0d578
0d59a
0d5a2
0d5b0
0d5c8
0d5cd
0d5e9
0d640
0d6c2
0d72c
0d756
0d868
0dad4
0daea
0daee
0dafd
0dc32
0dc36
0dc3a
0dc3e
0dc42
0bb3e
0bb47
0bb4f
0bb5f
0bb6a
0bcb3
0bd56
0bd68
0bd73
0bd7b
0bebd
0becd
0bf42
0c28a
0c3db
0c413
0c52f
0c540
0c62e
0c70a
0c7cd
0c841
0c860
0c868
0c87d
0c884
0c94b
0cf02
0d19a
0d247
0d256
0d25d
0d272
0d28a
0d333
0d33a
0d34f
0d3b8
0d470
0d494
0d49d
0d4b0
0d4ba
0d5bf
0d5d5
0d5d9
0d5f3
0d61f
0d73c
0d75d
0d77c
0d9ff
0da80
0da84
0db0f
0dbcd
0dc48
0dc4c
0dc50
0dc54
0dc58
0bb7c
0bb87
0bb92
0bba1
0bba9
0bc2c
0bc45
0bc52
0bc5a
0bd9c
0bdad
0bdb7
0c29e
0c2f8
0c375
0c4df
0c545
0c55a
0c63c
0c777
0c879
0c8b7
0c8c6
0c8d6
0c8e4
0c8e8
0ca82
0d074
0d127
0d285
0d28e
0d2a5
0d2c2
0d2e5
0d330
0d373
0d37a
0d39d
0d3fb
0d4a6
0d4bc
0d4c0
0d4d7
0d4e9
0d4f9
0d613
0d626
0d694
0d774
0d79c
0d7cc
0da80
0da96
0da9a
0db27
0dc5a
0dc5e
0dc62
0dc66
0dc6a
0bd16
0bd1f
0bd27
0bd37
0bd41
0bdc0
0bdcf
0bde4
0bdec
0be7f
0bf13
0bf24
0c073
0c34c
0c405
0c4bb
0c567
0c5c9
0c67e
0c698
0c6a5
0c6ad
0c6c6
0c6ed
0c88a
0c8d5
0c904
0c911
0c92f
0c934
0ca7c
0cb6e
0d21b
0d2c8
0d427
0d433
0d449
0d45c
0d47d
0d4f3
0d50c
0d521
0d57f
0d614
0d62c
0d630
0d648
0d64d
0d6bb
0d731
0d757
0d869
0db13
0db29
0db2d
0dbba
0dc6f
0dc73
0dc77
0dc7b
0dc7f
0bd4f
0bd59
0bd66
0bd73
0bd7b
0bdfc
0be15
0be22
0be29
0bf37
0bf48
0bf53
0c359
0c3a0
0c41d
0c505
0c56c
0c580
0c68c
0c6c9
0c6e0
0c70c
0c714
0c72d
0c754
0c8eb
0c936
0c956
0c974
0c979
0cb07
0d0f0
0d25d
0d334
0d341
0d45c
0d468
0d47e
0d506
0d541
0d54e
0d565
0d5c1
0d63e
0d657
0d65b
0d672
0d677
0d751
0d75e
0d81a
0dabc
0db3b
0db40
0dbcc
0dc0b
0dc84
0dc88
0dc8c
0dc90
0bc2a
0bc33
0bc3b
0bc4b
0bc55
0bd9b
0be3e
0be4e
0be5b
0be62
0bf67
0bf78
0bfe4
0c2f8
0c42f
0c4e5
0c57d
0c58d
0c656
0c6d1
0c6ff
0c73e
0c76c
0c777
0c78a
0c7b4
0c949
0c994
0c9af
0c9bc
0ca64
0cbe4
0d1e2
0d299
0d340
0d347
0d35d
0d37b
0d39d
0d4a8
0d566
0d583
0d593
0d617
0d67c
0d683
0d697
0d69f
0d6a9
0d779
0d79d
0d841
0db3d
0db53
0db57
0dbe4
0dc95
0dc99
0dc9d
0dca1
0dca5
0bc6a
0bc73
0bc7e
0bc8c
0bc95
0be74
0be7a
0be90
0be98
0bf8b
0bf9c
0bfa6
0c305
0c3ca
0c447
0c52d
0c592
0c5a6
0c664
0c755
0c797
0c7ae
0c7e0
0c7eb
0c7fc
0c822
0c98e
0c9d8
0c9f4
0ca01
0caa4
0d164
0d2c7
0d36f
0d37f
0d386
0d39f
0d3c5
0d4db
0d578
0d5af
0d5bc
0d5d3
0d692
0d6ab
0d6af
0d6c4
0d6c9
0d6e5
0d798
0d7e8
0dae6
0db65
0db6a
0db78
0dc33
0dcaa
0dcae
0dcb2
0dcb6
0bca0
0bca9
0bcb1
0bcc1
0bccc
0be0d
0beac
0bebe
0bec9
0bed0
0bfb9
0bfc8
0c02c
0c322
0c459
0c491
0c5a3
0c5b3
0c66a
0c79f
0c7cd
0c80c
0c841
0c84f
0c856
0c882
0c94e
0ca05
0ca29
0ca43
0ca48
0cbbc
0d258
0d309
0d3b6
0d3bd
0d3d3
0d3eb
0d40d
0d498
0d4ad
0d512
0d5c6
0d5ea
0d5f4
0d5f9
0d66b
0d6d1
0d6d5
0d6e9
0d70f
0d88e
0dafb
0db00
0db04
0db90
0dcbb
0dcbf
0dcc3
0dcc7
0dccb
0bcde
0bce9
0bcf4
0bd03
0bd0b
0bd8a
0bda3
0bdb0
0bdb7
0bee3
0bef4
0befe
0c32f
0c376
0c3f3
0c555
0c5b8
0c5cc
0c678
0c823
0c865
0c879
0c8aa
0c8b5
0c8c4
0c8ec
0ca18
0ca5e
0ca78
0ca86
0cb24
0d076
0d1e7
0d3e5
0d3ef
0d3fc
0d415
0d43b
0d490
0d4cf
0d4d7
0d4f9
0d553
0d5fe
0d605
0d619
0d621
0d631
0d709
0d716
0d7cc
0da92
0db11
0db16
0dba2
0dc5b
0dcd0
0dcd4
0dcd8
0dcdc
0b15d
0be6b
0be75
0be7d
0be8d
0be98
0bf07
0bf14
0bf20
0bf29
0bffd
0c00d
0c018
0c168
0c3ca
0c483
0c535
0c5d2
0c611
0c69e
0c73b
0c7a8
0c7ba
0c7d7
0c813
0c8b5
0c8d4
0c906
0c911
0c928
0ca4b
0caa0
0caac
0cabf
0cac3
0cb6f
0cc3a
0d37d
0d42b
0d57e
0d58b
0d5a0
0d5b2
0d612
0d632
0d648
0d708
0d71b
0d71f
0d734
0d738
0d85b
0d86a
0d86e
0db26
0dba6
0dbaa
0dc34
0dce2
0dce6
0dcea
0b1da
0bea4
0beaf
0bebc
0bec9
0bed0
0bf34
0bf47
0bf4e
0bfb0
0c027
0c038
0c18a
0c3d7
0c41e
0c49b
0c57b
0c5d7
0c5e4
0c6a9
0c6d7
0c79c
0c7cf
0c819
0c83d
0c863
0c8fc
0c94b
0c956
0c970
0ca8a
0cac5
0caeb
0cb06
0cb0a
0cbae
0cd1e
0d3bf
0d494
0d4ad
0d5b3
0d5c0
0d5d5
0d64f
0d66c
0d67b
0d739
0d742
0d754
0d75a
0d7b9
0d88e
0d892
0da7d
0dbb8
0dbbd
0dbc1
0dcec
0dcf0
0dcf4
0afc1
0bd88
0bd91
0bd99
0bda9
0bdb4
0bee2
0bf5e
0bf71
0bf78
0c045
0c056
0c060
0c0cc
0c376
0c4ad
0c55d
0c5e1
0c5ea
0c70a
0c730
0c76c
0c809
0c876
0c888
0c8a2
0c8db
0c937
0c96a
0c992
0c9af
0cadf
0cb22
0cb39
0cb3f
0cb50
0ccb1
0d344
0d3fb
0d4a0
0d4a7
0d4bc
0d4d9
0d666
0d686
0d69c
0d750
0d764
0d768
0d77c
0d780
0d7be
0d7ce
0d7d2
0db50
0dbd0
0dbd4
0dc5c
0dcfa
0dcfe
0dd02
0b045
0bdc7
0bdcf
0bdda
0bde8
0bdf0
0bf85
0bf92
0bf9f
0bfa6
0c06f
0c080
0c0ef
0c383
0c448
0c4c5
0c5a1
0c5ef
0c5fc
0c6b3
0c6c4
0c6e6
0c778
0c7a6
0c86f
0c8dd
0c966
0c98c
0c9d7
0c9e2
0c9f7
0cb1e
0cb63
0cb78
0cb7e
0cb8f
0ccf1
0d42a
0d4cd
0d4dd
0d4ed
0d50e
0d52b
0d6a3
0d6bc
0d6cd
0d781
0d78a
0d798
0d7a0
0d7e0
0d7f3
0d7f7
0daa7
0dbe2
0dbe7
0dbeb
0dd04
0dd08
0dd0c
0b08f
0bdfa
0be03
0be0b
0be1b
0be25
0bf36
0bfae
0bfc1
0bfc8
0c089
0c09a
0c0a4
0c11a
0c3a0
0c4d7
0c50d
0c5f9
0c602
0c692
0c6e0
0c71a
0c72b
0c74d
0c7ec
0c80d
0c8d0
0c9c1
0c9f8
0ca25
0ca39
0cae3
0cb82
0cbab
0cbbb
0cbbf
0cc5c
0d3ba
0d46b
0d512
0d519
0d52e
0d544
0d5e8
0d5f0
0d601
0d6e4
0d6ec
0d6f0
0d7a8
0d7ac
0d80c
0d81c
0d820
0dafc
0db7d
0db81
0dc0c
0dd12
0dd16
0dd1a
0b113
0be36
0be41
0be4c
0be5b
0be62
0bee0
0bef3
0befa
0bf60
0bfdf
0bff0
0c13d
0c3ad
0c3f4
0c471
0c5c7
0c607
0c614
0c6d3
0c740
0c74c
0c784
0c7ab
0c84e
0c866
0c9f0
0ca16
0ca5d
0ca66
0ca7b
0cb9c
0cbdc
0cbf0
0cbf6
0cc08
0cd65
0d349
0d53f
0d548
0d55f
0d57a
0d59d
0d5fb
0d618
0d627
0d6f1
0d6fa
0d70c
0d712
0d82e
0d841
0d845
0dad1
0db8e
0db93
0db97
0dd1c
0dd20
0dd24
0b021
0b029
0b031
0b042
0b04d
0b325
0bf86
0bf92
0bfa1
0bfa9
0c00c
0c014
0c068
0c224
0c448
0c500
0c5a9
0c619
0c64c
0c6fe
0c709
0c732
0c73a
0c749
0c759
0c77d
0c799
0c7a9
0c7b5
0c7b9
0c8b0
0c965
0c9b9
0c9db
0c9fb
0caa0
0caa8
0cabd
0cbc4
0cc1a
0cc27
0cc38
0cc40
0cd64
0ce4e
0d4db
0d690
0d6ab
0d6cf
0d71b
0d73b
0d841
0d85d
0d929
0d92d
0dc0d
0dc23
0dc27
0dd28
0dd2c
0dd30
0b08c
0b093
0b0a3
0b0af
0b0b7
0b37a
0bfb6
0bfc3
0bfcb
0c028
0c035
0c03c
0c23c
0c455
0c49c
0c517
0c5df
0c61e
0c627
0c6a9
0c767
0c790
0c79d
0c7ae
0c7be
0c7d6
0c7f1
0c80c
0c814
0c81e
0c847
0c9aa
0c9fe
0ca20
0ca42
0cac5
0cae7
0cb04
0cbfd
0cc39
0cc64
0cc76
0cc84
0cde9
0d3ba
0d51a
0d5f4
0d6d0
0d72e
0d756
0d80f
0d871
0d93c
0d948
0dbb8
0dc35
0dc39
0dcbb
0dd34
0dd38
0b0ef
0b0f7
0b0ff
0b110
0b11b
0b211
0bede
0beea
0bef9
0bf01
0c04c
0c059
0c060
0c1ac
0c3f4
0c528
0c5cf
0c624
0c62d
0c70a
0c7cc
0c7e4
0c800
0c808
0c817
0c827
0c854
0c867
0c877
0c883
0c887
0c94e
0ca18
0ca4a
0ca71
0cac8
0cafc
0cb26
0cb3b
0cc57
0cc9a
0ccaf
0ccb8
0cd54
0cec2
0d545
0d5e4
0d603
0d631
0d764
0d785
0d830
0d897
0d8b1
0d8b5
0dc35
0dc4b
0dc4f
0dd3c
0dd40
0dd44
0b15a
0b161
0b171
0b17d
0b185
0b26c
0bf10
0bf1e
0bf27
0bffd
0c079
0c080
0c1c5
0c401
0c4c6
0c53f
0c5f7
0c632
0c63b
0c771
0c833
0c84b
0c867
0c86f
0c87b
0c88e
0c8a7
0c8c8
0c8d8
0c8e5
0c8e9
0c912
0c92c
0ca33
0ca83
0cb1e
0cb63
0cb70
0cb8a
0cc94
0ccd8
0ccec
0ccf5
0cd8c
0d42b
0d58b
0d625
0d648
0d776
0d79c
0d7bf
0d7e3
0d8c5
0d8d1
0dbe2
0dc5d
0dc61
0dc6f
0dd48
0dd4c
0b1b7
0b1bf
0b1c7
0b1d9
0b1e2
0b29b
0bf32
0bf3e
0bf4d
0bf55
0c092
0c09d
0c0a4
0c1e8
0c41e
0c550
0c583
0c638
0c641
0c696
0c6ac
0c6c9
0c6d9
0c6e4
0c6ea
0c7e5
0c8ac
0c8c5
0c8ce
0c8de
0c8ee
0c8fe
0c936
0c962
0c9e0
0cb46
0cb82
0cbab
0cbb9
0cc5b
0ccf0
0cd1f
0cd2c
0cd34
0cea0
0d5b3
0d63c
0d657
0d67f
0d6ec
0d7a8
0d7fb
0d87e
0d8ed
0d8f1
0dbf7
0dbfc
0dc5d
0dd50
0dd54
0dd58
0afbe
0afc5
0afd5
0afe1
0afe9
0b2f6
0bf64
0bf73
0bf7a
0bfe0
0bfed
0bff4
0c201
0c42b
0c472
0c4ef
0c60f
0c646
0c64f
0c693
0c6c2
0c6cf
0c6e0
0c6f0
0c712
0c723
0c73e
0c746
0c750
0c781
0c853
0c949
0c97b
0c9a7
0ca25
0cb9c
0cbdc
0cbe8
0cc02
0cd0e
0cd4c
0cd60
0cd69
0ce06
0d344
0d4a8
0d679
0d69c
0d6e2
0d70e
0d7c1
0d823
0d901
0d90d
0db8e
0dc0d
0dc11
0dc95
0dd5c
0dd60
0aff9
0b001
0b019
0b044
0b04d
0b165
0b255
0b268
0b271
0b279
0c06e
0c07d
0c085
0c2ca
0c4c4
0c574
0c5f7
0c655
0c688
0c6b3
0c707
0c72f
0c76a
0c777
0c784
0c7b5
0c85a
0c86f
0c948
0c966
0c972
0c980
0c998
0c9b1
0c9be
0cb1e
0cb4f
0cb68
0cb8f
0cc1b
0cc27
0cc3d
0cd64
0cd8d
0cda3
0cdaf
0ce4e
0cf14
0d4dc
0d788
0d7a6
0d7c2
0d837
0d91f
0d9d5
0dbe2
0dc97
0dc9b
0dd64
0dd68
0dd6c
0b064
0b06b
0b0a6
0b0b0
0b0b7
0b1d1
0b29d
0b2b2
0b2b9
0b4f9
0c096
0c0a0
0c161
0c2eb
0c513
0c58a
0c622
0c65a
0c663
0c766
0c773
0c7af
0c7de
0c7eb
0c812
0c8a4
0c8ca
0c906
0c98d
0c9ab
0c9b7
0c9c5
0c9e1
0c9f6
0ca03
0cb5d
0cb8e
0cba9
0cbce
0cc3b
0cc64
0cc81
0cd82
0cdca
0cde0
0cdf2
0ce8b
0cff9
0d6e6
0d79a
0d7e7
0d7f4
0d870
0d9ee
0d9f2
0dc96
0dcac
0dd10
0dd70
0dd74
0afc9
0b0d4
0b0dc
0b0e7
0b112
0b11b
0b2df
0b2f2
0b2fb
0b303
0bfde
0bfed
0bff4
0c25a
0c470
0c59a
0c60f
0c660
0c669
0c6b9
0c6cd
0c781
0c7e2
0c7fd
0c841
0c84f
0c856
0c883
0c9d0
0c9ea
0c9f8
0ca08
0ca1e
0ca39
0ca46
0cae3
0cbbc
0cbdc
0cbf2
0cc4c
0cc78
0cca0
0ccb7
0cde4
0ce0e
0ce1f
0ce2b
0cf8e
0d547
0d6f8
0d71a
0d810
0d87c
0d94b
0d965
0db8e
0dcbd
0dcc1
0dd78
0dd7c
0dd80
0b03b
0b140
0b146
0b174
0b17e
0b185
0b327
0b33c
0b344
0b403
0c00a
0c014
0c0c5
0c27d
0c53b
0c5b0
0c636
0c66e
0c677
0c725
0c73a
0c834
0c84f
0c87a
0c8a7
0c8b2
0c8da
0c990
0ca17
0ca35
0ca40
0ca4f
0ca65
0ca7a
0ca88
0caac
0cabd
0cb25
0cc07
0cc95
0ccdb
0ccec
0cd8c
0ce21
0ce4f
0ce5c
0ce68
0cfcb
0d70a
0d723
0d7bf
0d830
0d85b
0d97f
0d983
0dcbc
0dcd2
0dce0
0dd84
0dd88
0b097
0b19d
0b1a6
0b1af
0b1dc
0b1e2
0b363
0b377
0b37f
0b387
0c026
0c035
0c03c
0c292
0c49a
0c5c0
0c5df
0c674
0c67d
0c696
0c6a3
0c6ab
0c6bc
0c6ed
0c78f
0c7a2
0c8b1
0c8de
0c903
0c911
0c92f
0c935
0ca6e
0ca7c
0ca8c
0ca9a
0cad1
0caf0
0cb11
0ccc6
0ccf2
0cd1f
0cd31
0ce3f
0ce82
0ce99
0cea3
0cf39
0d5b5
0d740
0d762
0d7fb
0d860
0d8e3
0d99d
0dbb8
0dc72
0dc76
0dd8c
0dd90
0dd94
0af96
0af9d
0afd8
0afe2
0afe9
0b109
0b213
0b228
0b22f
0b481
0c052
0c05c
0c113
0c2b5
0c4eb
0c564
0c64a
0c682
0c68b
0c693
0c6a7
0c6f4
0c70d
0c716
0c746
0c7db
0c803
0c8fb
0c91b
0c929
0c939
0c94c
0c96d
0c977
0ca25
0cafc
0cb2a
0cb3b
0cbae
0cd0f
0cd4f
0cd60
0ce06
0ce9d
0cec3
0ced4
0cedc
0d041
0d752
0d76b
0d7bc
0d87d
0d88f
0d9b7
0d9bb
0dc70
0dc86
0dcf8
0dd98
0dd9c
0c6dd
0c6e7
0c6f5
0c8df
0c8ee
0c92f
0c93d
0c9e2
0ca72
0ca76
0ca8c
0cb46
0cb53
0cb7f
0d433
0d437
0d4cd
0d4f3
0d4fa
0d628
0d634
0d78a
0d7ed
0d7f7
0d800
0d8f3
0d9a1
0dbfa
0dc01
0dc73
0dd06
0dd51
0dd8c
0dd90
0dda3
0dda7
0ddab
0ddaf
0ddb3
0ddb7
0ddbb
0ddbf
0ddc3
0ddc7
0ddcb
0ddcf
0ddd3
0ddd7
0dddb
0dddf
0dde3
0dde7
0ddeb
0ddef
0ddf3
0ddf7
0ddfb
0ddff
0de03
0de07
0de0b
0c6e2
0c6f1
0c744
0c74e
0c75c
0c921
0c937
0c93f
0c977
0ca25
0ca29
0cb87
0cbbc
0cbd1
0d46a
0d504
0d526
0d52f
0d535
0d658
0d7a3
0d7b0
0d81c
0d825
0d90a
0d9b7
0da09
0dc10
0dc84
0dc8b
0dd14
0dd5d
0dd98
0dda1
0dda5
0de10
0de14
0de18
0de1c
0de20
0de24
0de28
0de2c
0de30
0de34
0de38
0de3c
0de40
0de44
0de48
0de4c
0de50
0de54
0de58
0de5c
0de60
0de64
0de68
0de6c
0de70
0c747
0c753
0c75e
0c7ad
0c7b7
0c964
0c968
0c97e
0c9b9
0c9c7
0ca66
0cbc4
0cbd3
0cbf7
0d347
0d34b
0d53f
0d566
0d56c
0d67c
0d688
0d6fa
0d83b
0d845
0d84e
0d92f
0d9d9
0dc22
0dc29
0dc99
0dd1e
0dd29
0dd64
0dd68
0de10
0de75
0de79
0de7d
0de81
0de85
0de89
0de8d
0de91
0de95
0de99
0de9d
0dea1
0dea5
0dea9
0dead
0deb1
0deb5
0deb9
0debd
0dec1
0dec5
0dec9
0decd
0ded1
0ded5
0ded9
0c7b0
0c7bf
0c812
0c81c
0c82a
0c908
0c9a9
0c9ad
0c9c3
0c9fe
0ca0c
0cac2
0cbfd
0cc0c
0d384
0d576
0d598
0d5a1
0d5a7
0d6ac
0d718
0d724
0d86a
0d873
0d945
0d9ee
0da33
0dc38
0dcaa
0dcb1
0dce4
0dd35
0dd70
0de75
0de79
0dede
0dee2
0dee6
0deea
0deee
0def2
0def6
0defa
0defe
0df02
0df06
0df0a
0df0e
0df12
0df16
0df1a
0df1e
0df22
0df26
0df2a
0df2e
0df32
0df36
0df3a
0df3e
0c815
0c821
0c82c
0c87f
0c885
0c94b
0c94f
0c9f0
0ca06
0ca0e
0ca46
0cac8
0cad7
0cb09
0d3bd
0d3c1
0d494
0d5d4
0d5da
0d6cb
0d6d8
0d742
0d888
0d892
0d89b
0d8b7
0d969
0dc4a
0dc51
0dcbf
0dcee
0dd3d
0dd78
0dd7c
0dede
0df43
0df47
0df4b
0df4f
0df53
0df57
0df5b
0df5f
0df63
0df67
0df6b
0df6f
0df73
0df77
0df7b
0df7f
0df83
0df87
0df8b
0df8f
0df93
0df97
0df9b
0df9f
0dfa3
0dfa7
0c87b
0c88d
0c8da
0c8e5
0c8f4
0c992
0ca33
0ca37
0ca4d
0ca82
0ca92
0cb01
0cb3e
0cb55
0d3fa
0d48e
0d4b4
0d4bd
0d4c3
0d604
0d760
0d76c
0d7ce
0d7d7
0d8ce
0d97f
0da5d
0dc60
0dcd0
0dcd7
0dcfc
0dd49
0dd84
0dda7
0ddab
0df45
0dfaa
0dfae
0dfb2
0dfb6
0dfba
0dfbe
0dfc2
0dfc6
0dfca
0dfce
0dfd2
0dfd6
0dfda
0dfde
0dfe2
0dfe6
0dfea
0dfee
0dff2
0dff6
0dffa
0dffe
0e002
0e006
0c78c
0c790
0c88e
0c925
0c92c
0c941
0ca7e
0ca8e
0cac0
0cad5
0cb6e
0cbfd
0cc0c
0ccc0
0ccef
0cd04
0d58b
0d612
0d625
0d62f
0d636
0d71d
0d862
0d86c
0d875
0d8ce
0d8d7
0d99b
0da33
0dc71
0dc78
0dce4
0dd8c
0dd90
0ddaf
0ddb3
0ddb7
0ddbb
0dee1
0dee5
0dee9
0deed
0e00b
0e00f
0e013
0e017
0e01b
0e01f
0e023
0e027
0e02b
0e02f
0e033
0e037
0e03b
0e03f
0e043
0e047
0e04b
0e04f
0e053
0c7f5
0c8ea
0c8f6
0c92b
0c93b
0c96d
0c971
0c986
0caca
0cb07
0cb14
0cbad
0ccfb
0cd06
0cd32
0d5be
0d5c2
0d63e
0d656
0d65c
0d73c
0d748
0d890
0d899
0d8e6
0d8ef
0d8f7
0d9bd
0da87
0dc86
0dcee
0dd51
0dd98
0ddc0
0de16
0de1a
0de1e
0de22
0df48
0df4c
0df50
0df54
0e00d
0e056
0e05a
0e05e
0e062
0e066
0e06a
0e06e
0e072
0e076
0e07a
0e07e
0e082
0e086
0e08a
0e08e
0e092
0e096
0c6ee
0c6f9
0c85c
0c96a
0c973
0c988
0c9b1
0c9be
0caff
0cb16
0cb40
0cbe4
0cbe8
0cd3a
0cd63
0cd78
0d4a7
0d666
0d679
0d684
0d68a
0d766
0d7c6
0d7d0
0d7d9
0d90a
0d913
0d9d3
0da5d
0dc97
0dc9e
0dcfc
0dd64
0dd68
0de7b
0de7f
0de83
0de87
0de8b
0dfad
0dfb1
0dfb5
0e056
0e05a
0e09d
0e0a1
0e0a5
0e0a9
0e0ad
0e0b1
0e0b5
0e0b9
0e0bd
0e0c1
0e0c5
0e0c9
0e0cd
0e0d1
0e0d5
0e0d9
0e0dd
0c759
0c8bb
0c8bf
0c9b5
0c9c5
0c9f4
0c9fb
0ca10
0caa6
0cb46
0cb53
0cb7f
0cc38
0cc4d
0cd71
0d4de
0d4e2
0d692
0d6aa
0d6b0
0d783
0d790
0d7f5
0d7fe
0d922
0d92b
0d933
0d9f4
0dab1
0dcac
0dd06
0dd29
0dd70
0ddc2
0ddc6
0ddca
0de8d
0def0
0def4
0def8
0defc
0df00
0e09d
0e0e0
0e0e4
0e0e8
0e0ec
0e0f0
0e0f4
0e0f8
0e0fc
0e100
0e104
0e108
0e10c
0e110
0e114
0e118
0e11c
0e120
0c6be
0c6c2
0c7c0
0c9f8
0c9fd
0ca12
0ca3b
0ca48
0cae3
0cae7
0cb87
0cbbc
0cbd1
0cc46
0cc76
0cc8a
0d519
0d5e8
0d6c2
0d6d4
0d6da
0d7aa
0d814
0d81e
0d827
0d945
0d94e
0d963
0da09
0dcbd
0dcc4
0dd14
0dd78
0dd7c
0de2b
0de2f
0de33
0df55
0df59
0df5d
0df61
0df65
0e0e0
0e0e4
0e127
0e12b
0e12f
0e133
0e137
0e13b
0e13f
0e143
0e147
0e14b
0e14f
0e153
0e157
0e15b
0e15f
0e163
0e167
0c727
0c823
0c82e
0ca3f
0ca4f
0ca78
0ca7f
0ca96
0cb24
0cbc4
0cbd3
0cbf7
0cc7b
0cc8c
0ccb8
0d550
0d554
0d5e6
0d602
0d608
0d6f4
0d700
0d843
0d84c
0d8aa
0d8b3
0d8bb
0d985
0dadb
0dcd2
0dd1e
0dd3d
0dd84
0de90
0de94
0de98
0df68
0dfba
0dfbe
0dfc2
0dfc6
0dfca
0e013
0e125
0e129
0e16c
0e170
0e174
0e178
0e17c
0e180
0e184
0e188
0e18c
0e190
0e194
0e198
0e19c
0e1a0
0e1a4
0c738
0c73c
0c759
0c9a1
0c9a5
0ca4d
0cabd
0cac4
0cad9
0cbfc
0cc05
0cc38
0cc4d
0cce2
0cd6f
0cd7a
0ce2f
0ce63
0ce72
0d70a
0d71b
0d722
0d862
0d86c
0d875
0d928
0d931
0d979
0d982
0d989
0dab1
0dce2
0dd29
0dd87
0dee2
0dee6
0deea
0df03
0df07
0e016
0e01a
0e0e7
0e0eb
0e0ef
0e1ab
0e1af
0e1b3
0e1b7
0e1bb
0e1bf
0e1c3
0e1c7
0e1cb
0e1cf
0e1d3
0e1d7
0e1db
0e1df
0e1e3
0e1e7
0e1eb
0c7a1
0c7bc
0c7c7
0c9e8
0ca8a
0ca90
0cac7
0cad0
0cb04
0cb0b
0cb18
0cc46
0cc76
0cc8a
0cd1f
0ce60
0ce74
0cea3
0d72c
0d739
0d744
0d74a
0d890
0d899
0d93f
0d948
0d950
0d99b
0d9a3
0da48
0db05
0dcf0
0dd8c
0ddad
0df49
0df4d
0df51
0df6a
0df6e
0e05d
0e12a
0e12e
0e132
0e1a9
0e1ad
0e1f0
0e1f4
0e1f8
0e1fc
0e200
0e204
0e208
0e20c
0e210
0e214
0e218
0e21c
0e220
0e224
0e228
0c806
0c80a
0c827
0c937
0c93f
0ca2d
0cafc
0cb03
0cb1a
0cb3d
0cb4d
0cc7b
0cc8c
0ccb8
0cd54
0cd58
0cea9
0ced7
0cee6
0d752
0d764
0d76a
0d7c6
0d7d0
0d7d9
0d8b0
0d8b9
0d9b1
0d9ba
0d9c1
0dadb
0dcfa
0dd3d
0dd9b
0df69
0dfae
0dfb2
0dfb6
0dfcd
0e0a0
0e0a4
0e16b
0e16f
0e173
0e1f0
0e22d
0e231
0e235
0e239
0e23d
0e241
0e245
0e249
0e24d
0e251
0e255
0e259
0e25d
0e261
0e265
0e269
0c86f
0c889
0c895
0c97e
0ca6a
0ca6e
0cb45
0cb4e
0cb7a
0cb81
0cb96
0cc20
0ccbe
0ccc7
0ccf5
0cdac
0cdbb
0cee0
0d774
0d781
0d78c
0d792
0d7f5
0d7fe
0d8c8
0d8d1
0d8d9
0d9d3
0d9db
0da72
0db2f
0dd08
0dd64
0ddc2
0ddc6
0ddca
0ddce
0ddd2
0dfa9
0e01e
0e022
0e026
0e0f3
0e22d
0e231
0e26e
0e272
0e276
0e27a
0e27e
0e282
0e286
0e28a
0e28e
0e292
0e296
0e29a
0e29e
0e2a2
0e2a6
0c8ce
0c8d2
0c8ef
0c917
0c91b
0c9c3
0cb82
0cb89
0cb98
0cbbb
0cbcc
0cc5b
0cc5f
0ccfd
0cd2c
0cd41
0cdb5
0cde9
0cdf8
0d6e6
0d7a8
0d7ae
0d814
0d81e
0d827
0d8ec
0d8f5
0d9e8
0d9f1
0d9f8
0da87
0dd12
0dd51
0dd73
0de29
0de2d
0de31
0de35
0de39
0e061
0e065
0e069
0e136
0e13a
0e26e
0e2ab
0e2af
0e2b3
0e2b7
0e2bb
0e2bf
0e2c3
0e2c7
0e2cb
0e2cf
0e2d3
0e2d7
0e2db
0e2df
0e2e3
0e2e7
0c6d3
0c6ee
0c6f9
0c95e
0ca06
0ca0e
0cbc3
0cbcb
0cbf2
0cbf9
0cc10
0cc9a
0cd38
0cd43
0cd69
0cde6
0cdfa
0ce29
0d6e0
0d6f1
0d6fc
0d702
0d843
0d84c
0d904
0d90d
0d915
0d963
0d96b
0da1e
0db59
0dd20
0dd78
0de27
0de92
0de96
0de9a
0de9e
0df55
0e0a8
0e0ac
0e0b0
0e177
0e1af
0e1b3
0e2ad
0e2ea
0e2ee
0e2f2
0e2f6
0e2fa
0e2fe
0e302
0e306
0e30a
0e30e
0e312
0e316
0e31a
0e31e
0c6ff
0c747
0c753
0c75e
0c966
0c97c
0c984
0cb35
0cbc4
0cbd3
0cc37
0cc41
0cd64
0cd72
0cd7c
0cdaf
0ce4e
0ce52
0cee0
0cf96
0cfa3
0cfcd
0d83b
0d84c
0d928
0d931
0d9cd
0d9d6
0d9dd
0da1e
0da23
0db30
0dd29
0dd69
0de7b
0de90
0e0e8
0e0ec
0e0f6
0e0fa
0e1b6
0e271
0e275
0e279
0e323
0e327
0e32b
0e32f
0e333
0e337
0e33b
0e33f
0e343
0e347
0e34b
0e34f
0e353
0e357
0e35b
0e35f
0e363
0c768
0c7b0
0c7bf
0c9a9
0c9ad
0c9c3
0cb72
0cb76
0cbff
0cc39
0cc47
0cc53
0cc74
0cc85
0cda9
0cdbd
0cdf2
0ce8b
0ce8f
0cfda
0d008
0d01d
0d865
0d93f
0d948
0d950
0d9ee
0d9f6
0da2d
0da36
0dac7
0db84
0dd6e
0de75
0deef
0e12b
0e12f
0e133
0e13d
0e1f3
0e1f7
0e2b2
0e2b6
0e2ba
0e325
0e366
0e36a
0e36e
0e372
0e376
0e37a
0e37e
0e382
0e386
0e38a
0e38e
0e392
0e396
0e39a
0e39e
0c7cd
0c815
0c821
0c82c
0c9f0
0ca06
0ca0e
0caca
0cbb1
0cbb5
0cc79
0cc86
0ccb3
0ccb7
0cccb
0cded
0ce25
0ce37
0cec4
0d00f
0d01f
0d043
0d888
0d899
0d8b0
0d8b9
0d95d
0d966
0d96d
0da48
0da4d
0db5a
0dd3d
0dd7d
0df4a
0df69
0e16c
0e170
0e17a
0e17e
0e234
0e2e9
0e2ed
0e2f1
0e366
0e36a
0e3a5
0e3a9
0e3ad
0e3b1
0e3b5
0e3b9
0e3bd
0e3c1
0e3c5
0e3c9
0e3cd
0e3d1
0e3d5
0e3d9
0e3dd
0c836
0c87b
0c88d
0ca33
0ca37
0ca4d
0caff
0cb16
0cbec
0ccb0
0ccc1
0cccd
0ccee
0ccf8
0cd8c
0cd90
0ce2f
0ce63
0ce72
0cf16
0d046
0d056
0d7c9
0d8c8
0d8d1
0d8d9
0d97f
0d987
0da57
0da60
0daf1
0dbae
0dd82
0df43
0dfad
0e01d
0e021
0e025
0e029
0e1ba
0e1be
0e1c2
0e27d
0e281
0e3a5
0e3e0
0e3e4
0e3e8
0e3ec
0e3f0
0e3f4
0e3f8
0e3fc
0e400
0e404
0e408
0e40c
0e410
0e414
0e418
0c698
0c8dd
0c8e3
0c8f2
0ca74
0ca8a
0ca90
0cab7
0cb46
0cb53
0ccf9
0cd01
0cd29
0cd31
0cd45
0cdcb
0ce60
0ce74
0cea3
0cf1c
0cf2b
0cf53
0d7ed
0d7fe
0d8ec
0d8f5
0d995
0d99e
0d9a5
0da72
0da77
0db06
0dd51
0dd91
0ddad
0ddc2
0e064
0e068
0e06c
0e070
0e1fb
0e1ff
0e203
0e2be
0e3e0
0e3e4
0e41f
0e423
0e427
0e42b
0e42f
0e433
0e437
0e43b
0e43f
0e443
0e447
0e44b
0e44f
0e453
0e457
0c694
0c6e2
0c6f1
0c91f
0c923
0c939
0caf4
0caf8
0cb87
0cd2d
0cd3b
0cd47
0cd62
0cd6c
0ce06
0ce0a
0cea9
0ced7
0cee6
0cf5f
0cf8e
0cfa5
0d817
0d904
0d90d
0d915
0d9b7
0d9bf
0da03
0da0c
0da9d
0dbd8
0dd96
0dda1
0de27
0e0a7
0e0ab
0e0af
0e0b3
0e238
0e23c
0e240
0e2f5
0e2f9
0e32b
0e41d
0e421
0e45c
0e460
0e464
0e468
0e46c
0e470
0e474
0e478
0e47c
0e480
0e484
0e488
0e48c
0c85a
0c85e
0c949
0c96c
0c980
0caff
0cb16
0ccab
0cd38
0cd43
0cda5
0cdb1
0cece
0cee2
0ceea
0cf16
0cfbc
0cfc0
0d04e
0d105
0d111
0d13b
0d7c6
0d7d7
0d907
0d9cd
0d9d6
0d9dd
0da5d
0da62
0da9e
0db2f
0dc67
0dd69
0dfad
0e0a7
0e274
0e278
0e282
0e286
0e330
0e3e5
0e3e9
0e3ed
0e491
0e495
0e499
0e49d
0e4a1
0e4a5
0e4a9
0e4ad
0e4b1
0e4b5
0e4b9
0e4bd
0e4c1
0e4c5
0e4c9
0e4cd
0e4d1
0c8bd
0c98c
0c9b3
0c9b8
0c9cd
0cb48
0cce6
0ccea
0cd71
0cda7
0cdb7
0cdc1
0cde2
0cdf4
0cf1c
0cf2b
0cf53
0cff9
0cffd
0d148
0d173
0d18b
0d7f0
0d922
0d932
0d9ee
0d9f6
0da6c
0da75
0daac
0dab5
0dbc2
0dd6e
0ddc2
0e09b
0e2b1
0e2b5
0e2b9
0e2c3
0e36b
0e36f
0e424
0e428
0e42c
0e493
0e4d4
0e4d8
0e4dc
0e4e0
0e4e4
0e4e8
0e4ec
0e4f0
0e4f4
0e4f8
0e4fc
0e500
0e504
0e508
0e50c
0c6be
0c6c2
0c9d3
0c9fa
0ca0a
0cb85
0cb94
0cc46
0cd23
0cd27
0cdeb
0cdf6
0ce1d
0ce27
0ce39
0cf5f
0cf8e
0cfa5
0d032
0d17e
0d18d
0d1b1
0d814
0d825
0d942
0d95d
0d966
0d96d
0da09
0da0e
0dac8
0db59
0dc17
0dd7d
0df56
0e12b
0e2ec
0e2f0
0e2fa
0e2fe
0e3aa
0e459
0e45d
0e461
0e4d4
0e4d8
0e513
0e517
0e51b
0e51f
0e523
0e527
0e52b
0e52f
0e533
0e537
0e53b
0e53f
0e543
0e547
0e54b
0c727
0ca16
0ca3d
0ca41
0ca57
0cbc6
0cc7b
0cc8c
0cd5c
0ce21
0ce31
0ce3b
0ce5c
0ce68
0cefa
0cefe
0cf9d
0cfcb
0cfe0
0d084
0d1b5
0d1c4
0d83e
0d8aa
0d8ba
0d97f
0d987
0da18
0da21
0dad6
0dadf
0dbec
0dd82
0de90
0e125
0e1bb
0e1bf
0e1c3
0e1c7
0e334
0e338
0e33c
0e3f1
0e3f5
0e513
0e54e
0e552
0e556
0e55a
0e55e
0e562
0e566
0e56a
0e56e
0e572
0e576
0e57a
0e57e
0e582
0e586
0c78c
0c790
0c904
0ca7e
0ca8e
0cbfd
0cc0c
0cc31
0ccbe
0ccc7
0ce6a
0ce70
0ce99
0ce9f
0ceb3
0cf39
0cfd3
0cfe2
0d00a
0d08b
0d099
0d0c1
0d862
0d873
0d8cb
0d995
0d99e
0d9a5
0da33
0da38
0daf2
0db05
0dc3f
0dd91
0dee2
0e01d
0e1fc
0e200
0e204
0e208
0e373
0e377
0e37b
0e430
0e54e
0e552
0e58d
0e591
0e595
0e599
0e59d
0e5a1
0e5a5
0e5a9
0e5ad
0e5b1
0e5b5
0e5b9
0e5bd
0e5c1
0e5c5
0c7f5
0c8fc
0c929
0c92e
0c943
0caca
0cc6c
0cc70
0ccfd
0ce9d
0ceab
0ceb5
0ced4
0cedc
0cf74
0cf78
0d017
0d041
0d054
0d0cd
0d0f9
0d113
0d88b
0d8e6
0d8f6
0d9b7
0d9bf
0da42
0da4b
0da82
0da8b
0db98
0dd96
0de14
0e00b
0e239
0e23d
0e241
0e245
0e3ae
0e3b2
0e3b6
0e465
0e469
0e499
0e58b
0e58f
0e5ca
0e5ce
0e5d2
0e5d6
0e5da
0e5de
0e5e2
0e5e6
0e5ea
0e5ee
0e5f2
0e5f6
0e5fa
0ca2b
0ca2f
0cae1
0cafe
0cb0f
0cc7b
0cc8c
0ce19
0ce97
0ceb1
0cf13
0cf1e
0d03c
0d050
0d058
0d084
0d12a
0d12e
0d1bc
0d26d
0d279
0d2a1
0d7c6
0d7d7
0d8ad
0d9b1
0d9c0
0da5d
0da62
0dadd
0db14
0db1d
0dbae
0dcda
0e16a
0e239
0e3e8
0e3ec
0e3f6
0e3fa
0e49e
0e553
0e557
0e55b
0e5ff
0e603
0e607
0e60b
0e60f
0e613
0e617
0e61b
0e61f
0e623
0e627
0e62b
0e62f
0e633
0e637
0e63b
0e63f
0ca6c
0cb1e
0cb43
0cb4a
0cb59
0ccc0
0ce54
0ce58
0cee0
0cf19
0cf25
0cf2f
0cf50
0cf5b
0d08b
0d099
0d0c1
0d167
0d16b
0d2ae
0d2d7
0d2ef
0d7f0
0d8c8
0d8d8
0d9d0
0da6c
0da75
0daeb
0daf4
0db2f
0db34
0dc40
0ddc2
0e22d
0e423
0e427
0e42b
0e435
0e4d9
0e4dd
0e592
0e596
0e59a
0e601
0e642
0e646
0e64a
0e64e
0e652
0e656
0e65a
0e65e
0e662
0e666
0e66a
0e66e
0e672
0e676
0e67a
0c917
0c91b
0cb5f
0cb84
0cb8d
0ccfb
0cd06
0cdb5
0ce91
0ce95
0cf5d
0cf64
0cf8b
0cf92
0cfa7
0d0cd
0d0f9
0d113
0d1a0
0d2e2
0d2f1
0d313
0d814
0d825
0d8e9
0d9e8
0d9f7
0da09
0da0e
0da89
0db3e
0db47
0dbd8
0dc8e
0e062
0e2b1
0e45c
0e460
0e46a
0e46e
0e518
0e5c7
0e5cb
0e5cf
0e642
0e646
0e681
0e685
0e689
0e68d
0e691
0e695
0e699
0e69d
0e6a1
0e6a5
0e6a9
0e6ad
0e6b1
0e6b5
0e6b9
0c95e
0cb9c
0cbc1
0cbc8
0cbd7
0cd3a
0cde6
0cdfa
0ceca
0cf93
0cf9f
0cfa9
0cfca
0cfd5
0d068
0d06c
0d10b
0d136
0d14e
0d1f0
0d317
0d326
0d83e
0d904
0d914
0d960
0da18
0da21
0da97
0daa0
0db59
0db5e
0dc68
0de90
0e2ab
0e335
0e339
0e33d
0e341
0e4a2
0e4a6
0e4aa
0e55f
0e563
0e681
0e6bc
0e6c0
0e6c4
0e6c8
0e6cc
0e6d0
0e6d4
0e6d8
0e6dc
0e6e0
0e6e4
0e6e8
0e6ec
0e6f0
0e6f4
0c9a1
0c9a5
0caa2
0cbfc
0cc05
0cd6f
0cd7a
0cd9f
0ce23
0ce35
0cfd8
0cfde
0d005
0d00c
0d021
0d0a7
0d142
0d150
0d178
0d1f7
0d205
0d22b
0d862
0d873
0d925
0d979
0d988
0da33
0da38
0dab3
0db68
0db71
0db84
0dcb4
0e0e6
0e1bb
0e374
0e378
0e37c
0e380
0e4e1
0e4e5
0e4e9
0e59e
0e6bc
0e6c0
0e6fb
0e6ff
0e703
0e707
0e70b
0e70f
0e713
0e717
0e71b
0e71f
0e723
0e727
0e72b
0e72f
0e733
0c9e8
0ca9a
0cac5
0cacc
0cadb
0cc46
0cdda
0cdde
0ce6c
0d00d
0d019
0d023
0d040
0d049
0d0e2
0d0e6
0d185
0d1aa
0d1c2
0d237
0d261
0d27b
0d88b
0d93f
0d94f
0d998
0da42
0da4b
0dac1
0daca
0db05
0db0a
0dc18
0df4a
0e1a9
0e3af
0e3b3
0e3b7
0e3bb
0e51c
0e520
0e524
0e5d3
0e5d7
0e607
0e6f9
0e6fd
0e738
0e73c
0e740
0e744
0e748
0e74c
0e750
0e754
0e758
0e75c
0e760
0e764
0e768
0cbb1
0cbb5
0cc59
0cc79
0cc86
0cde6
0cdfa
0cf87
0d00f
0d01f
0d083
0d08d
0d1ac
0d1be
0d1c6
0d1f0
0d290
0d294
0d31e
0d3cf
0d3db
0d403
0d8aa
0d8ba
0d960
0da42
0da4b
0dadb
0dae0
0db5b
0db92
0db9b
0dc2c
0dd22
0e2eb
0e3af
0e556
0e55a
0e564
0e568
0e60c
0e6c1
0e6c5
0e6c9
0e76d
0e771
0e775
0e779
0e77d
0e781
0e785
0e789
0e78d
0e791
0e795
0e799
0e79d
0e7a1
0e7a5
0e7a9
0e7ad
0cbec
0cc94
0ccb0
0ccc1
0cccd
0ce2f
0cfc2
0cfc6
0d04e
0d088
0d093
0d09d
0d0c0
0d0ca
0d1f7
0d205
0d22b
0d2cb
0d2cf
0d410
0d439
0d451
0d8cb
0d979
0d988
0da5a
0daea
0daf3
0db69
0db72
0dbad
0dbb2
0dcb4
0e01d
0e3a3
0e591
0e595
0e599
0e5a3
0e647
0e64b
0e700
0e704
0e708
0e76f
0e7b0
0e7b4
0e7b8
0e7bc
0e7c0
0e7c4
0e7c8
0e7cc
0e7d0
0e7d4
0e7d8
0e7dc
0e7e0
0e7e4
0e7e8
0cab5
0cab9
0ccd3
0ccf9
0cd01
0ce60
0ce74
0cf23
0cfff
0d003
0d0cb
0d0d2
0d0fb
0d101
0d115
0d237
0d261
0d27b
0d302
0d444
0d453
0d475
0d8e6
0d8f6
0d998
0da6c
0da75
0da87
0da8c
0db07
0dbbc
0dbc5
0dc54
0dcf2
0e1fa
0e423
0e5ca
0e5ce
0e5d8
0e5dc
0e686
0e735
0e739
0e73d
0e7b0
0e7b4
0e7ef
0e7f3
0e7f7
0e7fb
0e7ff
0e803
0e807
0e80b
0e80f
0e813
0e817
0e81b
0e81f
0e823
0e827
0caf6
0cd0e
0cd2d
0cd3b
0cd47
0cea9
0cf59
0cf68
0d038
0d102
0d10d
0d117
0d13a
0d144
0d1d6
0d1da
0d273
0d29c
0d2b4
0d352
0d479
0d488
0d907
0d9b1
0d9c0
0da06
0da96
0da9f
0db15
0db1e
0dbd7
0dbdc
0dcda
0e0a7
0e41d
0e4a3
0e4a7
0e4ab
0e4af
0e610
0e614
0e618
0e6cd
0e6d1
0e7ef
0e82a
0e82e
0e832
0e836
0e83a
0e83e
0e842
0e846
0e84a
0e84e
0e852
0e856
0e85a
0e85e
0e862
0cb33
0cb37
0cc1c
0cd6d
0cd75
0ced0
0cee8
0cf0d
0cf96
0cfa3
0d146
0d14c
0d175
0d17b
0d18f
0d213
0d2a8
0d2b6
0d2dc
0d359
0d367
0d38d
0d922
0d932
0d9d0
0da18
0da21
0dab1
0dab6
0db31
0dbe6
0dbef
0dc04
0dd0a
0e272
0e336
0e4e2
0e4e6
0e4ea
0e4ee
0e64f
0e653
0e657
0e70c
0e82a
0e82e
0e869
0e86d
0e871
0e875
0e879
0e87d
0e881
0e885
0e889
0e88d
0e891
0e895
0e899
0e89d
0e8a1
0cb74
0cc14
0cc39
0cc47
0cc53
0cdb5
0cf48
0cf4c
0cfda
0d17c
0d187
0d191
0d1b0
0d1b8
0d24c
0d250
0d2e9
0d30c
0d324
0d399
0d3c3
0d3dd
0d942
0d9e8
0d9f7
0da30
0dac0
0dac9
0db3f
0db48
0db83
0db88
0dc8e
0e12b
0e323
0e51d
0e521
0e525
0e529
0e68a
0e68e
0e692
0e741
0e745
0e775
0e867
0e86b
0e8a6
0e8aa
0e8ae
0e8b2
0e8b6
0e8ba
0e8be
0e8c2
0e8c6
0e8ca
0e8ce
0e8d2
0e8d6
0cd23
0cd27
0cdc7
0cdeb
0cdf6
0cf59
0cf68
0d0f5
0d17e
0d18d
0d1ef
0d1f9
0d30e
0d320
0d328
0d352
0d3f2
0d3f6
0d480
0d529
0d537
0d55b
0d95d
0d96c
0da06
0dac0
0dac9
0db59
0db5e
0dbd9
0dc0e
0dc17
0dca1
0dd60
0e2eb
0e4d4
0e6c2
0e6c6
0e6ca
0e6d4
0e778
0e77c
0e831
0e835
0e839
0e8dd
0e8e1
0e8e5
0e8e9
0e8ed
0e8f1
0e8f5
0e8f9
0e8fd
0e901
0e905
0e909
0e90d
0e911
0e915
0e919
0cd5c
0ce02
0ce21
0ce31
0ce3b
0cf9d
0d130
0d134
0d1bc
0d1f4
0d1ff
0d209
0d22a
0d234
0d359
0d367
0d38d
0d42d
0d431
0d56a
0d58f
0d5a9
0d97c
0da18
0da21
0dad8
0db68
0db71
0dbe7
0dbf0
0dc28
0dc2e
0dd0a
0dea3
0e336
0e554
0e701
0e705
0e70f
0e713
0e7b7
0e86c
0e870
0e874
0e8db
0e8df
0e91e
0e922
0e926
0e92a
0e92e
0e932
0e936
0e93a
0e93e
0e942
0e946
0e94a
0e94e
0e952
0cc2f
0cc33
0ce41
0ce6a
0ce70
0cfd3
0cfe2
0d091
0d16d
0d171
0d235
0d23c
0d263
0d269
0d27d
0d399
0d3c3
0d3dd
0d464
0d59a
0d5ab
0d5cb
0d995
0d9a4
0da30
0daea
0daf3
0db05
0db0a
0db85
0dc36
0dc3f
0dcc7
0dd38
0e1fa
0e54e
0e736
0e73a
0e73e
0e748
0e7f2
0e7f6
0e8a5
0e8a9
0e8ad
0e91e
0e957
0e95b
0e95f
0e963
0e967
0e96b
0e96f
0e973
0e977
0e97b
0e97f
0e983
0e987
0e98b
0e98f
0cc6e
0ce7c
0ce9d
0ceab
0ceb5
0d017
0d0c8
0d0d6
0d1a6
0d26a
0d275
0d27f
0d2a0
0d2aa
0d338
0d33c
0d3d5
0d3fe
0d416
0d4b0
0d5cf
0d5e0
0d9b4
0da42
0da4b
0da84
0db14
0db1d
0db93
0db9c
0dc50
0dc56
0dd22
0df71
0e3af
0e5c8
0e613
0e617
0e61b
0e61f
0e780
0e784
0e788
0e83d
0e957
0e95b
0e994
0e998
0e99c
0e9a0
0e9a4
0e9a8
0e9ac
0e9b0
0e9b4
0e9b8
0e9bc
0e9c0
0e9c4
0e9c8
0cca9
0ccad
0cd8a
0cede
0cee4
0d046
0d056
0d07b
0d105
0d111
0d2ac
0d2b2
0d2d9
0d2df
0d2f3
0d375
0d40a
0d418
0d43e
0d4b7
0d4c7
0d4e9
0d9cd
0d9dc
0da5a
0da96
0da9f
0db2f
0db34
0dbaf
0dc5e
0dc67
0dc7b
0dd4c
0e272
0e497
0e64e
0e652
0e656
0e65a
0e7bb
0e7bf
0e7c3
0e878
0e87c
0e994
0e9cd
0e9d1
0e9d5
0e9d9
0e9dd
0e9e1
0e9e5
0e9e9
0e9ed
0e9f1
0e9f5
0e9f9
0e9fd
0ea01
0ea05
0cce8
0cd82
0cda7
0cdb7
0cdc1
0cf23
0d0b6
0d0ba
0d148
0d2e0
0d2eb
0d2f5
0d312
0d31a
0d3ae
0d3b2
0d44b
0d46e
0d486
0d4f7
0d51d
0d539
0d9eb
0da6c
0da75
0daae
0db3e
0db47
0dbbd
0dbc6
0dc00
0dc06
0dcf2
0ddd5
0e423
0e4e1
0e68d
0e691
0e695
0e699
0e7fa
0e7fe
0e802
0e8b1
0e8e1
0e8e5
0e9cf
0ea08
0ea0c
0ea10
0ea14
0ea18
0ea1c
0ea20
0ea24
0ea28
0ea2c
0ea30
0ea34
0ea38
0ce91
0ce95
0cf35
0cf5d
0cf64
0d0c8
0d0d6
0d25d
0d2e2
0d2f1
0d351
0d35b
0d470
0d482
0d48a
0d4b0
0d54a
0d54e
0d5d8
0d652
0d65e
0d675
0da03
0da0c
0da84
0db3e
0db47
0dbd7
0dbdc
0dc51
0dc84
0dc8d
0dcfe
0dd9c
0df71
0e5c8
0e68b
0e832
0e836
0e840
0e844
0e8e8
0e997
0e99b
0e99f
0ea3f
0ea43
0ea47
0ea4b
0ea4f
0ea53
0ea57
0ea5b
0ea5f
0ea63
0ea67
0ea6b
0ea6f
0ea73
0ea77
0ea7b
0ceca
0cf70
0cf93
0cf9f
0cfa9
0d10b
0d296
0d29a
0d31e
0d356
0d361
0d36b
0d38c
0d396
0d4b7
0d4c7
0d4e9
0d583
0d587
0d682
0d69a
0d6b6
0da1b
0da96
0da9f
0db56
0dbe6
0dbef
0dc61
0dc69
0dc9d
0dca3
0dd4c
0de7d
0e336
0e67f
0e86d
0e871
0e875
0e87f
0e921
0e925
0e9d4
0e9d8
0ea3d
0ea41
0ea80
0ea84
0ea88
0ea8c
0ea90
0ea94
0ea98
0ea9c
0eaa0
0eaa4
0eaa8
0eaac
0eab0
0eab4
0cd9d
0cda1
0cfaf
0cfd8
0cfde
0d142
0d150
0d1fd
0d2d1
0d2d5
0d397
0d39e
0d3c5
0d3cb
0d3df
0d4f7
0d51d
0d539
0d5ba
0d6a5
0d6b2
0d6c7
0da2d
0da36
0daae
0db68
0db71
0db83
0db88
0dc01
0dcaa
0dcb3
0dd16
0dd74
0def1
0e4e1
0e6ff
0e8a6
0e8aa
0e8b4
0e8b8
0e95e
0ea07
0ea0b
0ea0f
0ea80
0eab9
0eabd
0eac1
0eac5
0eac9
0eacd
0ead1
0ead5
0ead9
0eadd
0eae1
0eae5
0eae9
0eaed
0eaf1
0cddc
0cfea
0d00d
0d019
0d023
0d185
0d232
0d240
0d308
0d3cc
0d3d7
0d3e1
0d402
0d40c
0d496
0d49a
0d531
0d556
0d570
0d5f7
0d6cb
0d6d8
0da45
0dac0
0dac9
0db02
0db92
0db9b
0dc11
0dc19
0dcc3
0dcc9
0dd60
0de3c
0e3af
0e6f9
0e77f
0e783
0e787
0e78b
0e8ec
0e8f0
0e8f4
0e9a3
0eab9
0eabd
0eaf6
0eafa
0eafe
0eb02
0eb06
0eb0a
0eb0e
0eb12
0eb16
0eb1a
0eb1e
0eb22
0eb26
0eb2a
0ce17
0ce1b
0cef8
0d04c
0d052
0d1b5
0d1c4
0d1e7
0d26d
0d279
0d40e
0d414
0d43b
0d441
0d455
0d4d1
0d562
0d572
0d594
0d5fe
0d60a
0d621
0da57
0da60
0dad8
0db14
0db1d
0dbad
0dbb2
0dc29
0dcd0
0dcd9
0dce6
0dd88
0dfbb
0e554
0e612
0e7be
0e7c2
0e7c6
0e7ca
0e929
0e92d
0e9dc
0e9e0
0eaf6
0eb2f
0eb33
0eb37
0eb3b
0eb3f
0eb43
0eb47
0eb4b
0eb4f
0eb53
0eb57
0eb5b
0eb5f
0eb63
0eb67
0ce56
0cef0
0cf19
0cf25
0cf2f
0d091
0d220
0d224
0d2ae
0d442
0d44d
0d457
0d474
0d47c
0d508
0d50c
0d5a3
0d5c4
0d5de
0d62d
0d646
0d662
0da6f
0daea
0daf3
0db2c
0dbbc
0dbc5
0dc39
0dc41
0dc77
0dc7d
0dd38
0ddaf
0e423
0e5ff
0e7f9
0e7fd
0e801
0e805
0e962
0e966
0e96a
0ea13
0ea43
0ea47
0eb31
0eb6a
0eb6e
0eb72
0eb76
0eb7a
0eb7e
0eb82
0eb86
0eb8a
0eb8e
0eb92
0eb96
0eb9a
0cfff
0d003
0d0a3
0d0cb
0d0d2
0d232
0d240
0d3bf
0d444
0d453
0d4af
0d4b9
0d5c6
0d5d6
0d5dc
0d5f7
0d66a
0d66e
0d6d2
0d73c
0d748
0d759
0d890
0da81
0da8a
0db02
0dbbc
0dbc5
0dc50
0dc56
0dcc4
0dcee
0dcf4
0dd7e
0df58
0df73
0e5c8
0e7b0
0e998
0e99c
0e9a6
0e9aa
0ea4a
0eaf9
0eafd
0eb01
0eba1
0eba5
0eba9
0ebad
0ebb1
0ebb5
0ebb9
0ebbd
0ebc1
0ebc5
0ebc9
0ebcd
0ebd1
0ebd5
0ebd9
0d038
0d0de
0d102
0d10d
0d117
0d273
0d3f8
0d3fc
0d480
0d4b4
0d4bd
0d4c3
0d4e8
0d4f2
0d5fe
0d60a
0d621
0d694
0d698
0d766
0d778
0d794
0d7d8
0da99
0db14
0db1d
0dbd4
0dc5e
0dc67
0dcd3
0dcdb
0dcfd
0dd4c
0ddd7
0dfbb
0dfd4
0e612
0e830
0e9d5
0e9d9
0e9e3
0ea83
0ea87
0eb36
0eb3a
0eb9f
0ebdc
0ebe0
0ebe4
0ebe8
0ebec
0ebf0
0ebf4
0ebf8
0ebfc
0ec00
0ec04
0ec08
0ec0c
0ec10
0cf0b
0cf0f
0d11d
0d146
0d14c
0d2a8
0d2b6
0d35f
0d433
0d437
0d4f3
0d4fa
0d51f
0d525
0d53b
0d62d
0d646
0d662
0d6bc
0d783
0d790
0d79f
0d7f5
0daab
0dab4
0db2c
0dbe6
0dbef
0dc00
0dc06
0dc78
0dd06
0dd0c
0dd92
0ddc4
0ddd7
0e4e1
0e82a
0ea08
0ea0c
0ea16
0ea1a
0eac0
0eb69
0eb6d
0eb71
0ebde
0ec17
0ec1b
0ec1f
0ec23
0ec27
0ec2b
0ec2f
0ec33
0ec37
0ec3b
0ec3f
0ec43
0ec47
0ec4b
0cf4a
0d158
0d17c
0d187
0d191
0d2e9
0d394
0d3a2
0d46a
0d526
0d52f
0d535
0d55a
0d564
0d5ec
0d5f0
0d658
0d670
0d68c
0d6ed
0d7a3
0d7b0
0d826
0dac3
0db3e
0db47
0db80
0dc0e
0dc17
0dc87
0dc8f
0dd15
0dd60
0de16
0de3c
0dea5
0e68b
0e8a5
0e8ef
0e8f3
0e8f7
0ea4e
0ea52
0ea56
0eb05
0ec15
0ec4e
0ec52
0ec56
0ec5a
0ec5e
0ec62
0ec66
0ec6a
0ec6e
0ec72
0ec76
0ec7a
0ec7e
0ec82
0cf85
0cf89
0d066
0d1ba
0d1c0
0d317
0d326
0d349
0d3cf
0d3db
0d566
0d56c
0d591
0d597
0d5ad
0d618
0d67c
0d688
0d69f
0d6f4
0d700
0d711
0d843
0dad5
0dade
0db56
0db92
0db9b
0dc28
0dc2e
0dc9e
0dd1e
0dd24
0dd6a
0de92
0dea5
0e554
0e773
0e928
0e92c
0e930
0e934
0ea8b
0ea8f
0eb3e
0eb42
0ec50
0ec89
0ec8d
0ec91
0ec95
0ec99
0ec9d
0eca1
0eca5
0eca9
0ecad
0ecb1
0ecb5
0ecb9
0ecbd
0cfc4
0d05e
0d088
0d093
0d09d
0d1fd
0d382
0d386
0d410
0d598
0d5a1
0d5a7
0d5ca
0d5d2
0d640
0d644
0d6ac
0d6c0
0d6dc
0d71d
0d730
0d74c
0d874
0daed
0db68
0db71
0dbaa
0dc36
0dc3f
0dcad
0dcb5
0dce5
0dd38
0dee4
0df0a
0df73
0e6ff
0e7bc
0e965
0e969
0e96d
0eac4
0eac8
0eacc
0eb75
0eba3
0ec87
0ecc0
0ecc4
0ecc8
0eccc
0ecd0
0ecd4
0ecd8
0ecdc
0ece0
0ece4
0ece8
0ecec
0ecf0
0c7bc
0c7c7
0c80e
0c819
0c830
0d16f
0d20d
0d22f
0d239
0d244
0d399
0d517
0d51b
0d5a3
0d5f4
0d5fa
0d610
0d6d0
0d6d6
0d6e8
0d704
0d7aa
0d81c
0d945
0daff
0db08
0db80
0dc36
0dc3d
0dcc3
0dcc9
0dd17
0dd34
0dd7e
0df02
0df0e
0df12
0df16
0df1a
0e141
0e736
0e91b
0eafb
0eaff
0eb09
0eb0d
0eba9
0ec52
0ec56
0ecf4
0ecf8
0ecfc
0ed00
0ed04
0ed08
0ed0c
0ed10
0ed14
0ed18
0ed1c
0ed20
0c827
0c873
0c877
0c886
0d1a4
0d1a8
0d24a
0d271
0d277
0d3cf
0d3db
0d552
0d5cf
0d5e0
0d602
0d608
0d61e
0d624
0d63a
0d6fa
0d70c
0d728
0d84d
0d8b7
0db17
0db92
0db9b
0dc4c
0dcd0
0dcd9
0dd1f
0dd3c
0dd40
0de92
0df71
0df77
0df7b
0df7f
0dfba
0e180
0e77e
0eb34
0eb38
0eb3c
0eb46
0ebe0
0ebe4
0ec8d
0ec91
0ecf6
0ed24
0ed28
0ed2c
0ed30
0ed34
0ed38
0ed3c
0ed40
0ed44
0ed48
0c889
0c895
0c8d6
0c8e1
0c8f8
0d07b
0d283
0d2a5
0d2b0
0d2ba
0d410
0d4b7
0d4c7
0d58b
0d625
0d62f
0d636
0d64a
0d654
0d718
0d724
0d735
0d86a
0d8ce
0db29
0db32
0dbaa
0dc5e
0dc65
0dc77
0dc7d
0dce7
0dd48
0dd92
0dee4
0dfd2
0dfd8
0dfdc
0dfe0
0e02d
0e64e
0e991
0eb6b
0eb6f
0eb79
0eb7d
0ec1b
0ecc0
0ecc4
0ed22
0ed4c
0ed50
0ed54
0ed58
0ed5c
0ed60
0ed64
0ed68
0ed6c
0ed70
0ed74
0c6d9
0c6e4
0c6fb
0c8ef
0d0b6
0d0ba
0d2c0
0d2e7
0d2ed
0d444
0d453
0d4f7
0d5be
0d5c2
0d656
0d65c
0d672
0d678
0d68e
0d742
0d754
0d770
0d89a
0d8f3
0db41
0dbbc
0dbc5
0dbfc
0dc84
0dc8d
0dcef
0dd50
0dd54
0ddc0
0ddd9
0dddd
0dde1
0dde5
0df4b
0e0b7
0e7f8
0ea4e
0ea52
0ea56
0ea5a
0ebad
0ebb1
0ec5a
0ec5e
0ed4e
0ed78
0ed7c
0ed80
0ed84
0ed88
0ed8c
0ed90
0ed94
0ed98
0ed9c
0c6ee
0c6f9
0c740
0c74b
0c762
0d0f5
0d1d2
0d30e
0d320
0d328
0d480
0d4a5
0d4a9
0d531
0d679
0d684
0d68a
0d69e
0d6a8
0d760
0d76c
0d77d
0d7ce
0d90a
0db53
0db5c
0dbd4
0dc0e
0dc15
0dc9d
0dca3
0dcff
0dd5c
0dd6a
0de3c
0de42
0de46
0de4a
0de7c
0e0b7
0e6c2
0e8e0
0ea8b
0ea8f
0ea93
0ea97
0ebe8
0ebec
0ec95
0ed76
0eda0
0eda4
0eda8
0edac
0edb0
0edb4
0edb8
0edbc
0edc0
0edc4
0edc8
0c759
0c7a5
0c7a9
0c7b8
0d130
0d134
0d1ce
0d1fb
0d201
0d359
0d367
0d4e0
0d562
0d572
0d6aa
0d6b0
0d6c4
0d6ca
0d6de
0d78a
0d798
0d7b4
0d7ff
0d92f
0db6b
0dbe6
0dbef
0dc24
0dcaa
0dcb3
0dd07
0dd28
0dd2c
0ddc4
0dea3
0dea9
0dead
0deb1
0def0
0e141
0e86c
0eac4
0eac8
0eacc
0ead0
0ec1f
0ec23
0ecc8
0eccc
0ecfa
0eda2
0edcc
0edd0
0edd4
0edd8
0eddc
0ede0
0ede4
0ede8
0edec
0c6e4
0c6fb
0c7ed
0c8ce
0c8d2
0c8ef
0c9c1
0c9c9
0ca01
0d2d1
0d2d5
0d371
0d397
0d39e
0d4f0
0d500
0d6ac
0d6ea
0d6f0
0d706
0d7a8
0d7ae
0d81c
0d8ec
0d9ee
0db7d
0db86
0dbfc
0dcaa
0dcb1
0dd15
0dd51
0dd6e
0dd72
0ddd5
0dddb
0dddf
0dde9
0de2a
0def0
0def4
0def8
0e0ff
0e103
0e301
0ea7e
0ec54
0ec58
0ec62
0ecfc
0ed00
0edf2
0edf6
0edfa
0edfe
0ee02
0ee06
0ee0a
0ee0e
0ee12
0ee16
0c6d3
0c6ee
0c6f9
0c751
0c852
0c856
0ca08
0ca43
0ca51
0d308
0d3aa
0d3cc
0d3d7
0d3e1
0d531
0d6cb
0d6d8
0d6f8
0d6fe
0d70e
0d714
0d72a
0d84d
0d911
0d969
0db95
0dc0e
0dc15
0dcbf
0dd1e
0dd24
0dd5d
0dd7a
0de27
0de40
0de44
0de4e
0de52
0df55
0df59
0df5d
0df61
0e146
0e1cc
0e77f
0ec8b
0ec8f
0ec99
0ec9d
0ed28
0edf0
0ee18
0ee1c
0ee20
0ee24
0ee28
0ee2c
0ee30
0ee34
0ee38
0c738
0c73c
0c759
0c7b2
0c7c9
0c8b7
0ca4b
0ca53
0ca86
0d1e5
0d1e9
0d3e7
0d40e
0d414
0d562
0d572
0d604
0d715
0d71f
0d726
0d734
0d73e
0d86a
0d928
0d97f
0dba7
0dbb0
0dc24
0dcd0
0dcd7
0dce5
0dd29
0dd82
0dd86
0dea3
0dea9
0dead
0deb7
0dee3
0dfba
0dfbe
0dfc2
0e183
0e187
0e20b
0eaf4
0ecc2
0ecc6
0ecd0
0ed50
0ed54
0ee1a
0ee3e
0ee42
0ee46
0ee4a
0ee4e
0ee52
0ee56
0ee5a
0ee5e
0c6ab
0c79f
0c7a3
0c7c0
0c819
0c830
0c932
0ca8a
0ca90
0d222
0d420
0d442
0d44d
0d457
0d5a3
0d628
0d634
0d740
0d746
0d756
0d75c
0d772
0d89a
0d94c
0d9a1
0dbbf
0dc36
0dc3d
0dc73
0dcee
0dcf4
0dd35
0dd8e
0ddad
0ddb1
0ddb5
0df01
0df0d
0df11
0df15
0df1f
0df4c
0e032
0e20b
0e7f9
0ebad
0ebb1
0ebb5
0ebb9
0ed7c
0ee3c
0ee60
0ee64
0ee68
0ee6c
0ee70
0ee74
0ee78
0ee7c
0ee80
0c710
0c714
0c808
0c823
0c82e
0c886
0c937
0c93f
0c977
0d25b
0d25f
0d336
0d47e
0d484
0d5cf
0d5e0
0d658
0d75d
0d768
0d76e
0d77c
0d786
0d7ce
0d8b0
0d9b7
0dbd1
0dbda
0dc4c
0dc84
0dc8b
0dcfd
0dd3d
0dd96
0dd9a
0de16
0de1a
0de1e
0df70
0df76
0df7a
0df84
0df88
0e075
0e079
0e289
0ea43
0ebe8
0ebec
0ebf0
0eda4
0eda8
0ee62
0ee86
0ee8a
0ee8e
0ee92
0ee96
0ee9a
0ee9e
0eea2
0eea6
0c779
0c86d
0c871
0c88e
0c8e1
0c8f8
0c97e
0c9b9
0c9c7
0d298
0d32e
0d356
0d361
0d36b
0d4bf
0d67c
0d688
0d788
0d78e
0d79c
0d7a2
0d7b6
0d7ff
0d8d5
0d9d9
0dbe9
0dc5e
0dc65
0dc99
0dd06
0dd0c
0dd49
0dd66
0ddc4
0de7d
0de81
0de85
0dfd1
0dfd7
0dfdb
0dfe5
0dfe9
0e0bc
0e289
0e86d
0ec1f
0ec23
0ec27
0ec2b
0edcc
0edf4
0ee84
0eea8
0eeac
0eeb0
0eeb4
0eeb8
0eebc
0eec0
0eec4
0c840
0c854
0c85e
0c884
0c892
0c94d
0c960
0c977
0c982
0ca43
0cb08
0cb15
0cd38
0d7db
0d893
0d89e
0da5e
0dc4b
0dd46
0de17
0df45
0df50
0df6b
0df8a
0dfad
0dfea
0e057
0e07c
0e0a8
0e0c1
0e13b
0e1ee
0e205
0e20f
0e213
0e23b
0e24e
0e252
0e3a5
0e3c2
0e3fc
0e465
0e49d
0e4b3
0e5a7
0e606
0e613
0e623
0e627
0e74c
0e83a
0eeca
0eece
0eed2
0eed6
0eeda
0eede
0eee2
0eee6
0eeea
0eeee
0c8a6
0c8bd
0c8e0
0c8ed
0c8f6
0c994
0c9b5
0c9c3
0c9cc
0cb3f
0cb4f
0cb58
0d7ce
0d7d8
0d7fd
0d92e
0da79
0dc98
0dd6e
0dda9
0ddc6
0ddef
0dfb3
0dfbd
0dfd5
0dff0
0e0c3
0e0e8
0e104
0e16b
0e182
0e22d
0e244
0e256
0e25a
0e27d
0e28d
0e291
0e3e2
0e402
0e439
0e493
0e4da
0e4f0
0e5e0
0e629
0e650
0e660
0e664
0e7cc
0eec8
0eef3
0eef7
0eefb
0eeff
0ef03
0ef07
0ef0b
0ef0f
0ef13
0c6ab
0c6bb
0c6c2
0c6e8
0c6f6
0c92f
0c9e4
0c9fa
0ca08
0ca11
0cb86
0cb92
0cc44
0d7f8
0d803
0d829
0da0a
0dbfb
0dd5a
0dda1
0ddb1
0ddca
0ddd8
0ddf3
0de2d
0de56
0e01f
0e030
0e108
0e12f
0e149
0e1f3
0e26e
0e293
0e297
0e2b3
0e2ca
0e2ce
0e36c
0e43d
0e45d
0e472
0e4d6
0e517
0e52d
0e643
0e684
0e69b
0e69f
0e740
0e8ae
0ef18
0ef1c
0ef20
0ef24
0ef28
0ef2c
0ef30
0ef34
0ef38
0ef3c
0c71e
0c727
0c74a
0c757
0c760
0ca27
0ca2f
0ca46
0ca52
0cbbd
0cbcd
0cbd6
0d81c
0d826
0d84b
0d8b6
0da25
0dcbe
0dd82
0de10
0de2f
0de36
0de58
0de8f
0debb
0dfb9
0e06d
0e126
0e14f
0e175
0e18a
0e2ab
0e2c2
0e2d4
0e2d8
0e2f7
0e305
0e309
0e338
0e347
0e474
0e4f7
0e532
0e55f
0e56c
0e680
0e6c4
0e6d8
0e6dc
0e778
0ef17
0ef41
0ef45
0ef49
0ef4d
0ef51
0ef55
0ef59
0ef5d
0ef61
0c779
0c789
0c790
0c7b6
0c7c4
0c9b9
0ca68
0ca7e
0ca8c
0ca95
0cbfe
0cc0a
0ccbe
0d846
0d851
0d877
0da34
0dc23
0dd32
0ddac
0de7f
0de97
0de9e
0dec0
0dee6
0df23
0e012
0e018
0e036
0e0ab
0e0ba
0e1af
0e1b7
0e1ce
0e1d2
0e27f
0e30b
0e30f
0e325
0e34b
0e382
0e3f1
0e550
0e593
0e5a9
0e649
0e6e0
0e70b
0e717
0e71b
0e883
0ef66
0ef6a
0ef6e
0ef72
0ef76
0ef7a
0ef7e
0ef82
0ef86
0ef8a
0c7db
0c7f5
0c818
0c825
0c82e
0c90a
0c92b
0c939
0c942
0cac1
0cad1
0cada
0d86a
0d874
0d898
0d8f2
0da4f
0dc72
0dd96
0dedc
0dee8
0def4
0df0d
0df28
0df52
0df8f
0e039
0e05c
0e07d
0e0e9
0e0fe
0e1ab
0e1d6
0e1da
0e1f6
0e215
0e219
0e2be
0e386
0e3b1
0e3c5
0e571
0e5ae
0e5d3
0e5e4
0e6fa
0e738
0e74e
0e752
0e7f2
0eec9
0ef8e
0ef92
0ef96
0ef9a
0ef9e
0efa2
0efa6
0efaa
0efae
0ca1d
0ca26
0ca2f
0ca46
0ca52
0cae4
0caf5
0cb09
0cb15
0cbbc
0cc7e
0cc8a
0ce97
0d7df
0d8b9
0d945
0d94c
0dadb
0dcbe
0de2f
0df4e
0e125
0e130
0e13d
0e150
0e16f
0e18f
0e20c
0e234
0e24b
0e2b4
0e365
0e37d
0e38b
0e38f
0e3b3
0e3c7
0e3cb
0e513
0e536
0e56a
0e5d5
0e60c
0e621
0e71f
0e774
0e780
0e792
0e796
0e8bc
0e9a0
0eecc
0ef40
0efb3
0efb7
0efbb
0efbf
0efc3
0efc7
0efcb
0efcf
0ca60
0ca6b
0ca7f
0ca8c
0ca95
0cb26
0cb42
0cb4b
0cb58
0ccb1
0ccc1
0cccc
0d7d0
0d806
0d8b2
0d8bc
0d8db
0daf4
0dd8c
0de96
0dfb3
0e013
0e023
0e16b
0e17a
0e18d
0e22e
0e25c
0e27e
0e28c
0e2fc
0e3a3
0e3ba
0e3ce
0e3d2
0e3f3
0e404
0e408
0e550
0e574
0e5a9
0e601
0e649
0e65e
0e756
0e798
0e7bd
0e7cf
0e7d3
0e936
0eecf
0eef4
0ef68
0efd3
0efd7
0efdb
0efdf
0efe3
0efe7
0efeb
0c907
0c913
0c91b
0c932
0c93d
0cac0
0cb70
0cb81
0cb8a
0cb97
0ccf7
0cd04
0cda9
0d812
0d8ce
0d8d5
0d8f5
0da87
0dc72
0ddb2
0dee8
0e00b
0e022
0e029
0e03d
0e067
0e081
0e1c8
0e292
0e2b3
0e2c9
0e36b
0e3e3
0e409
0e40d
0e427
0e43c
0e443
0e4dc
0e5ae
0e5cb
0e5e6
0e644
0e686
0e69b
0e7b1
0e7f4
0e809
0e80e
0e8ae
0ea10
0ef19
0ef8d
0efef
0eff3
0eff7
0effb
0efff
0f003
0f007
0f00b
0c954
0c95d
0c971
0c97e
0c987
0cbac
0cbb2
0cbc6
0cbd1
0cd2e
0cd3b
0cd46
0d81e
0d854
0d8ee
0d8f8
0d917
0daa0
0dd64
0de7a
0df6a
0e058
0e06a
0e07a
0e0a6
0e0bf
0e1fe
0e2ac
0e2da
0e2f6
0e304
0e41d
0e434
0e448
0e44c
0e467
0e478
0e47c
0e4a6
0e4bb
0e5df
0e66a
0e6a4
0e6ce
0e6da
0e7ee
0e831
0e846
0e84b
0e8e6
0eed0
0ef42
0ef46
0f00f
0f013
0f017
0f01b
0f01f
0f023
0f027
0c991
0c99d
0c9a5
0c9bc
0c9c7
0cb3e
0cbe8
0cbf9
0cc02
0cc0f
0cd6b
0cd78
0ce23
0d848
0d90a
0d911
0d931
0dab1
0dc98
0de7e
0dfb4
0e09a
0e0ac
0e0b3
0e0c7
0e0eb
0e10b
0e1b4
0e1bd
0e1dd
0e246
0e328
0e331
0e348
0e34f
0e3f1
0e47d
0e481
0e493
0e4bd
0e4f0
0e561
0e6be
0e701
0e715
0e7b5
0e84f
0e879
0e886
0e88a
0e9e7
0eef9
0ef6b
0f02b
0f02f
0f033
0f037
0f03b
0f03f
0f043
0f047
0c9dc
0c9e7
0c9fb
0ca08
0ca11
0caa8
0cac4
0cacd
0cada
0cc3a
0cc47
0cc52
0d7f4
0d899
0d92a
0d934
0d952
0daca
0dd78
0ddce
0df49
0e0e2
0e0ee
0e108
0e12a
0e149
0e1aa
0e1de
0e1fb
0e216
0e284
0e326
0e352
0e356
0e36e
0e386
0e393
0e42e
0e4f5
0e520
0e537
0e6e4
0e71e
0e742
0e750
0e868
0e8a6
0e8ba
0e8c1
0e95c
0ef1e
0ef90
0ef94
0f04a
0f04e
0f052
0f056
0f05a
0f05e
0f062
0cba3
0cbab
0cbb5
0cbc6
0cbd1
0cc5c
0cc6d
0cc83
0cc8a
0cd2c
0cded
0cdf8
0d00f
0d821
0d8ba
0d96b
0d9ee
0d9f4
0db59
0de30
0e06c
0e2ab
0e2b6
0e2c3
0e2d3
0e2f0
0e314
0e385
0e3aa
0e3c3
0e428
0e4d4
0e4eb
0e4fc
0e500
0e51f
0e538
0e53c
0e681
0e6a8
0e6d8
0e741
0e77a
0e791
0e88e
0e8e2
0e8ec
0e8fe
0e902
0ea1e
0eb02
0ef42
0ef8c
0efb7
0f069
0f06d
0f071
0f075
0f079
0f07d
0f081
0cbe1
0cbeb
0cbf7
0cc04
0cc0f
0cc9c
0ccbb
0ccc3
0cccc
0ce24
0ce2f
0ce3a
0d836
0d87b
0d8d8
0d965
0d96e
0d98b
0db72
0e01c
0e0b2
0e1b1
0e1c1
0e2ee
0e2fa
0e30b
0e3a4
0e3d4
0e3f2
0e404
0e46c
0e511
0e528
0e53e
0e542
0e562
0e575
0e579
0e6be
0e6e6
0e715
0e76f
0e7b7
0e7ce
0e8c5
0e904
0e927
0e939
0e93d
0ea98
0eecf
0ef6a
0efd3
0f083
0f087
0f08b
0f08f
0f093
0f097
0f09b
0caa6
0cab1
0cab9
0caca
0cad5
0cc38
0cce4
0ccf8
0cd00
0cd09
0ce66
0ce72
0cf1c
0d86f
0d8d3
0d97f
0d985
0d9a3
0db05
0dee9
0e0e9
0e1a9
0e1c0
0e1c7
0e1d7
0e1ff
0e21e
0e342
0e400
0e427
0e439
0e4d9
0e551
0e570
0e57d
0e593
0e5ab
0e5b4
0e64a
0e71d
0e73a
0e759
0e7b2
0e7f4
0e80b
0e91d
0e95e
0e971
0e976
0ea10
0eb72
0ef70
0ef95
0eff3
0f0a1
0f0a5
0f0a9
0f0ad
0f0b1
0f0b5
0f0b9
0caec
0caf5
0cb03
0cb0e
0cb19
0cd1e
0cd24
0cd3a
0cd41
0ce98
0cea9
0ceb4
0d7d7
0d895
0d914
0d99d
0d9a6
0d9c3
0db1e
0e069
0e13b
0e1f0
0e202
0e20c
0e238
0e24b
0e379
0e41e
0e44e
0e466
0e478
0e58a
0e5a2
0e5b8
0e5bc
0e5d6
0e5e9
0e5ed
0e615
0e62e
0e74d
0e7d9
0e813
0e83c
0e84a
0e958
0e997
0e9ac
0e9b1
0ea48
0eeca
0ef1d
0f00f
0f0bb
0f0bf
0f0c3
0f0c7
0f0cb
0f0cf
0f0d3
0cb22
0cb2f
0cb37
0cb48
0cb53
0ccaf
0cd58
0cd6c
0cd74
0cd7c
0ceda
0cee6
0cf96
0d7d3
0d90f
0d9b7
0d9bd
0d9db
0db2f
0ddc1
0e16b
0e22d
0e23e
0e245
0e255
0e277
0e29c
0e32e
0e33a
0e359
0e3bc
0e497
0e4a0
0e4b5
0e4c0
0e561
0e5e0
0e5f1
0e601
0e62f
0e65e
0e6cd
0e82c
0e86f
0e885
0e921
0e9b5
0e9dd
0e9ea
0e9ee
0eb49
0eef1
0ef47
0f02f
0f0d9
0f0dd
0f0e1
0f0e5
0f0e9
0f0ed
0f0f1
0cb68
0cb73
0cb7f
0cb8c
0cb97
0cc22
0cc41
0cc49
0cc52
0cdaa
0cdb5
0cdc0
0d7e5
0d82d
0d94f
0d9d5
0d9de
0d9fa
0db48
0e01e
0e0ed
0e26e
0e27a
0e292
0e2b0
0e2c9
0e324
0e35a
0e374
0e391
0e3f8
0e494
0e4b9
0e4c6
0e4dd
0e4f2
0e503
0e59e
0e666
0e68e
0e6a9
0e853
0e88d
0e8b0
0e8c0
0e9ce
0ea07
0ea1c
0ea23
0eabe
0eef7
0ef1a
0f04a
0f0d7
0f0f6
0f0fa
0f0fe
0f102
0f106
0f10a
0cd16
0cd1f
0cd27
0cd35
0cd41
0cdcb
0cddb
0cdf0
0cdf8
0cea0
0cf5a
0cf66
0d17e
0d7ef
0d8f1
0d96c
0da0b
0da72
0dbd7
0e069
0e206
0e41d
0e428
0e435
0e447
0e45d
0e477
0e4f4
0e517
0e52d
0e596
0e642
0e659
0e66e
0e672
0e68d
0e69f
0e6aa
0e7ef
0e813
0e848
0e8af
0e8e8
0e8fd
0e9f2
0ea44
0ea4e
0ea60
0ea64
0eb80
0ec5a
0ef1b
0ef23
0ef27
0f00f
0f06a
0f111
0f115
0f119
0f11d
0f121
0cd51
0cd5b
0cd68
0cd73
0cd7c
0ce0a
0ce2a
0ce32
0ce3a
0cf8f
0cf9d
0cfa8
0d814
0d901
0d938
0d988
0da0d
0da24
0dbf0
0e1bb
0e246
0e32c
0e339
0e45d
0e46a
0e47d
0e512
0e543
0e55f
0e56d
0e5da
0e67f
0e696
0e6ac
0e6b0
0e6cf
0e6dc
0e6e7
0e82c
0e850
0e885
0e8dd
0e923
0e938
0ea27
0ea66
0ea89
0ea9b
0ea9f
0ebf4
0ef23
0ef47
0ef4c
0ef50
0f084
0f124
0f128
0f12c
0f130
0f134
0cc20
0cc2c
0cc33
0cc41
0cc4d
0cdac
0ce52
0ce67
0ce6f
0ce77
0cfd4
0cfe1
0d08b
0d83d
0d92d
0d984
0da1e
0da35
0db83
0e0ed
0e275
0e323
0e33b
0e341
0e353
0e375
0e390
0e4b0
0e56e
0e593
0e5a9
0e649
0e6bf
0e6e3
0e6eb
0e701
0e717
0e71b
0e7b6
0e884
0e8a8
0e8c8
0e91e
0e95e
0e973
0ea7f
0eac0
0ead3
0ead8
0eb72
0ecc8
0ef6a
0ef71
0ef75
0f04a
0f0a2
0f13b
0f13f
0f143
0f147
0f14b
0cc66
0cc6d
0cc7d
0cc85
0cc8f
0ce8d
0ce92
0cea8
0ceaf
0d009
0d017
0d022
0d862
0d8ba
0d94a
0d9c0
0da37
0da4e
0db9c
0e201
0e2c3
0e369
0e37b
0e385
0e3ae
0e3c3
0e4e7
0e58c
0e5bd
0e5d3
0e5e5
0e6f9
0e710
0e726
0e72a
0e743
0e752
0e75b
0e782
0e79d
0e8bb
0e943
0e97b
0e9a2
0e9b0
0eaba
0eaf9
0eb0e
0eb13
0eba6
0ef71
0ef93
0ef99
0ef9d
0f0bc
0f14e
0f152
0f156
0f15a
0f15e
0cc9a
0cca5
0ccad
0ccbb
0ccc7
0ce25
0cec6
0cedb
0cee3
0ceeb
0d047
0d054
0d105
0d88a
0d8b5
0d9bc
0da48
0da5f
0dbad
0e01c
0e2ee
0e3a3
0e3b4
0e3bb
0e3cd
0e3e9
0e403
0e49c
0e4a5
0e4be
0e52a
0e605
0e60b
0e623
0e627
0e6cd
0e756
0e75f
0e76f
0e799
0e7ce
0e83b
0e994
0e9d3
0e9e9
0ea83
0eb17
0eb3f
0eb4c
0eb50
0ec9f
0eecf
0eed6
0eeda
0efd3
0f0da
0f165
0f169
0f16d
0f171
0f175
0ccdd
0cce7
0ccf4
0ccff
0cd09
0cd90
0cdb0
0cdb8
0cdc0
0cf15
0cf23
0cf2e
0d7c6
0d8c5
0d8fc
0d9f7
0da61
0da78
0dbc6
0e1be
0e279
0e3e3
0e3ef
0e400
0e423
0e439
0e492
0e4c9
0e4e2
0e4f3
0e566
0e602
0e62c
0e634
0e648
0e660
0e664
0e70a
0e7cd
0e7fc
0e817
0e9b9
0e9f1
0ea12
0ea22
0eb30
0eb6a
0eb7e
0eb85
0ec18
0eed5
0eef7
0eefe
0ef02
0f0f3
0f178
0f17c
0f180
0f184
0f188
0ce83
0ce8c
0ce95
0cea6
0ceaf
0cf38
0cf49
0cf5e
0cf66
0d008
0d0c3
0d0d4
0d2e2
0d860
0d8cc
0d9c6
0da89
0daf0
0dc53
0e201
0e37e
0e58a
0e596
0e5a3
0e5b8
0e5cb
0e5e9
0e666
0e686
0e69b
0e704
0e7b0
0e7c7
0e7dc
0e7e0
0e7fb
0e80e
0e818
0e959
0e97b
0e9ae
0ea11
0ea4a
0ea5f
0eb54
0eba2
0ebac
0ebbe
0ebc2
0ecd6
0ed7a
0ef8d
0eff5
0eff9
0f0bd
0f110
0f18f
0f193
0f197
0f19b
0f19f
0cebe
0cec9
0ced6
0cee3
0ceeb
0cf78
0cf92
0cfa0
0cfa8
0d0fa
0d10b
0d116
0d817
0d8e7
0d9bc
0da21
0da8b
0daa2
0dc69
0e335
0e3bc
0e49a
0e4a7
0e5cb
0e5d8
0e5ee
0e680
0e6b1
0e6ce
0e6e2
0e748
0e7ed
0e804
0e81a
0e81e
0e83d
0e84b
0e855
0e994
0e9b6
0e9e9
0ea3f
0ea85
0ea9a
0eb89
0ebc4
0ebe6
0ebf7
0ebfb
0ed2c
0eed0
0f00f
0f015
0f019
0f123
0f1a2
0f1a6
0f1aa
0f1ae
0f1b2
0cd8d
0cd99
0cda1
0cdb2
0cdbb
0cf14
0cfc0
0cfcf
0cfdd
0cfe5
0d13d
0d14e
0d1f7
0d840
0d908
0d9fd
0da9c
0dab3
0dc03
0e279
0e3ec
0e491
0e4a8
0e4af
0e4c4
0e4e4
0e501
0e61e
0e6e0
0e701
0e715
0e7b5
0e82d
0e852
0e859
0e86f
0e885
0e88a
0e922
0e9e8
0ea09
0ea2a
0ea80
0eac0
0ead5
0ebdb
0ec1a
0ec2d
0ec32
0ecc8
0edca
0ef6c
0f031
0f035
0f0f4
0f13a
0f1b9
0f1bd
0f1c1
0f1c5
0f1c9
0cdd3
0cddb
0cde8
0cdf5
0cdfd
0cffa
0d000
0d016
0d01e
0d174
0d185
0d190
0d7eb
0d923
0d972
0da4b
0dab5
0dacc
0dc19
0e37a
0e435
0e4d7
0e4e9
0e4f4
0e51d
0e52d
0e655
0e6fa
0e72b
0e742
0e758
0e867
0e87e
0e894
0e898
0e8b1
0e8c1
0e8c9
0e8ee
0e909
0ea1d
0eaa5
0eadd
0eb04
0eb12
0ec14
0ec51
0ec66
0ec6b
0ecfc
0ef1e
0f04a
0f050
0f054
0f14d
0f1cc
0f1d0
0f1d4
0f1d8
0f1dc
0ce07
0ce13
0ce1b
0ce2c
0ce36
0cf8e
0d034
0d045
0d051
0d059
0d1b3
0d1c2
0d26d
0d88d
0d943
0d98e
0dac6
0dadd
0dc2b
0e1bb
0e460
0e511
0e522
0e529
0e53e
0e557
0e575
0e60a
0e614
0e630
0e698
0e773
0e77b
0e791
0e796
0e83b
0e8c5
0e8cd
0e8dd
0e905
0e938
0e9a1
0eaf6
0eb36
0eb4b
0ebdf
0ec6f
0ec95
0eca2
0eca6
0edaa
0ef3f
0efba
0efbe
0f085
0f164
0f1e3
0f1e7
0f1eb
0f1ef
0f1f3
0ce4a
0ce55
0ce62
0ce6f
0ce77
0cefe
0cf18
0cf26
0cf2e
0d080
0d091
0d09c
0d7c9
0d8ab
0d984
0da75
0dadf
0daf6
0dc41
0e33b
0e3ee
0e551
0e55c
0e56e
0e590
0e5a9
0e600
0e637
0e650
0e668
0e6d4
0e770
0e79b
0e7a2
0e7b8
0e7ce
0e7d3
0e878
0e937
0e964
0e97f
0eb1b
0eb53
0eb74
0eb84
0ec86
0ecbf
0ecd4
0ecdb
0ed50
0eef2
0efd3
0efd9
0efdd
0f177
0f1f6
0f1fa
0f1fe
0f202
0f206
0cff1
0cffb
0d003
0d012
0d01e
0d0a6
0d0b7
0d0cc
0d0d4
0d173
0d22d
0d23e
0d444
0d867
0d97a
0da51
0db07
0db6e
0dcc6
0df0e
0e37a
0e4ec
0e6f9
0e704
0e711
0e726
0e73a
0e75b
0e7d5
0e7f4
0e80b
0e872
0e91c
0e931
0e946
0e94a
0e963
0e976
0e980
0eabb
0eadd
0eb10
0eb73
0eba8
0ebbd
0ecaa
0ecf8
0ed02
0ed07
0ed7a
0edf8
0eff2
0f0a4
0f0a8
0f14e
0f18e
0f20d
0f211
0f215
0f219
0f21d
0d02d
0d037
0d043
0d051
0d059
0d0e6
0d101
0d10e
0d116
0d262
0d273
0d27e
0d883
0d8eb
0d999
0da9f
0db09
0db20
0dcdb
0df83
0e4a2
0e52a
0e608
0e616
0e73a
0e746
0e75c
0e7ee
0e81f
0e83c
0e851
0e8b6
0e957
0e96c
0e982
0e986
0e9a3
0e9b1
0e9bb
0eaf6
0eb18
0eb4b
0eb9f
0ebe1
0ebf6
0ecdf
0ed0b
0ed2c
0ed31
0eda4
0eecb
0f0bd
0f0c2
0f0c6
0f1a1
0f220
0f224
0f228
0f22c
0f230
0cefa
0cf08
0cf0f
0cf1e
0cf2a
0d07f
0d12e
0d13e
0d14b
0d153
0d2a3
0d2b5
0d359
0d7cb
0d9b2
0da7b
0db1a
0db31
0dc7a
0dfd6
0e3ee
0e559
0e5ff
0e617
0e61d
0e632
0e652
0e673
0e78c
0e84f
0e86f
0e885
0e921
0e995
0e9b8
0e9bf
0e9d3
0e9e9
0e9ee
0ea84
0eb4a
0eb6c
0eb8c
0ebdc
0ec1a
0ec2f
0ed22
0ed52
0ed59
0ed5d
0ee40
0f02e
0f0dc
0f0e0
0f178
0f1b8
0f237
0f23b
0f23f
0f243
0f247
0cf41
0cf49
0cf53
0cf62
0cf6b
0d168
0d16e
0d184
0d18c
0d2d8
0d2e9
0d2f4
0d7e4
0d927
0d9d1
0dac9
0db33
0db4a
0dc8f
0dde7
0e4e8
0e5a3
0e645
0e657
0e666
0e68b
0e69b
0e7c2
0e868
0e899
0e8b0
0e8c7
0e9cd
0e9e2
0e9f8
0e9fc
0ea13
0ea23
0ea2b
0ea50
0ea6b
0eb7f
0ec01
0ec37
0ec5c
0ec6a
0ed4c
0ed7c
0ed83
0ed87
0ef19
0f0f4
0f0f9
0f0fd
0f1cb
0f24a
0f24e
0f252
0f256
0f25a
0cf74
0cf81
0cf89
0cf99
0cfa3
0d0f9
0d1a2
0d1b4
0d1bf
0d1c7
0d315
0d324
0d3cf
0d819
0d9e9
0da27
0db44
0db5b
0dca0
0de40
0e335
0e5cd
0e67f
0e690
0e697
0e6ac
0e6c6
0e6e7
0e778
0e781
0e79e
0e806
0e8e1
0e8e9
0e8fd
0e902
0e9a1
0ea27
0ea2f
0ea3f
0ea67
0ea9a
0eb03
0ec4e
0ec8b
0eca1
0ed26
0ed89
0edaa
0edaf
0ee88
0efb6
0f06d
0f071
0f124
0f1e2
0f261
0f265
0f269
0f26d
0f271
0cfb9
0cfc3
0cfcd
0cfdd
0cfe5
0d06c
0d087
0d094
0d09c
0d1ec
0d1fd
0d208
0d835
0d8af
0d961
0daf3
0db5d
0db74
0dcb5
0deb5
0e4a8
0e55b
0e6bf
0e6cb
0e6e0
0e6ff
0e715
0e76e
0e7a5
0e7bd
0e7d7
0e842
0e8de
0e907
0e90e
0e924
0e938
0e93d
0e9dc
0ea99
0eac6
0eae1
0ec73
0eca9
0ecca
0ecda
0eda0
0edcc
0edd5
0edd9
0ef6a
0f085
0f08a
0f08e
0f1f5
0f274
0f278
0f27c
0f280
0f284
0d15f
0d169
0d171
0d181
0d18c
0d212
0d221
0d236
0d23e
0d2d7
0d38f
0d3a0
0d59a
0d927
0da19
0dacf
0db85
0dbec
0dd15
0dde9
0def5
0df0e
0e4e8
0e65a
0e867
0e872
0e87f
0e894
0e8a8
0e8c9
0e93f
0e95e
0e973
0e9d6
0ea7e
0ea93
0eaa8
0eaac
0eac5
0ead8
0eae2
0ec15
0ec37
0ec68
0ecc9
0ecfe
0ed06
0edd2
0edf8
0edfd
0eeaa
0f0a2
0f13c
0f140
0f1cc
0f20c
0f28b
0f28f
0f293
0f297
0f29b
0d19b
0d1a5
0d1b2
0d1bf
0d1c7
0d250
0d269
0d276
0d27e
0d3c4
0d3d5
0d3e0
0d93b
0d99a
0da31
0db1d
0db87
0db9e
0dd23
0de5b
0df62
0df83
0e612
0e698
0e776
0e783
0e8a8
0e8b4
0e8ca
0e958
0e987
0e9a2
0e9b7
0ea18
0eab9
0eace
0eae4
0eae8
0eb05
0eb13
0eb1d
0ec4e
0ec70
0eca1
0ecf5
0ed28
0ed30
0edf0
0ee1c
0ee21
0efb5
0f14e
0f153
0f157
0f21f
0f29e
0f2a2
0f2a6
0f2aa
0f2ae
0d06a
0d075
0d07d
0d08d
0d097
0d1eb
0d294
0d2a4
0d2b1
0d2b9
0d405
0d416
0d4b7
0d8af
0da43
0daf9
0db98
0dbaf
0dce5
0deb7
0dfbf
0dfd6
0e55b
0e6c8
0e76d
0e784
0e78b
0e7a0
0e7bf
0e7e1
0e8f8
0e9b5
0e9d3
0e9e9
0ea83
0eaf7
0eb1a
0eb21
0eb36
0eb4b
0eb50
0ebe0
0eca0
0ecc1
0ece2
0ed23
0ed52
0ed5a
0ee25
0ee43
0ee47
0f0da
0f166
0f16a
0f1f6
0f236
0f2b5
0f2b9
0f2bd
0f2c1
0f2c5
0d0ae
0d0b7
0d0c2
0d0d0
0d0d9
0d2cc
0d2d2
0d2e8
0d2f0
0d43a
0d44b
0d456
0d8c4
0d9d2
0da5b
0db47
0dbb1
0dbc8
0dcf3
0ddb9
0dde7
0df29
0e656
0e711
0e7b3
0e7c4
0e7d5
0e7f8
0e80b
0e92c
0e9ce
0e9fd
0ea12
0ea29
0eb2f
0eb44
0eb5a
0eb5e
0eb75
0eb85
0eb8d
0ebae
0ebc9
0ecd5
0ed39
0ed60
0ed82
0ee3c
0ee64
0ee69
0eff1
0f178
0f17d
0f181
0f249
0f2c8
0f2cc
0f2d0
0f2d4
0f2d8
0d0e4
0d0ef
0d0f7
0d107
0d111
0d261
0d304
0d316
0d321
0d329
0d477
0d486
0d529
0d8eb
0da6d
0daa5
0dbc2
0dbd9
0dcfd
0de1a
0de40
0df85
0e4a2
0e73c
0e7ed
0e7fe
0e805
0e81a
0e833
0e855
0e8e6
0e8ed
0e90a
0e96e
0ea43
0ea4b
0ea5f
0ea64
0eb03
0eb89
0eb91
0eb9f
0ebc5
0ebf6
0ec5b
0ed77
0eda6
0edae
0ee6d
0ee8b
0ee8f
0f06a
0f113
0f117
0f1a2
0f260
0f2df
0f2e3
0f2e7
0f2eb
0f2ef
0d126
0d131
0d13c
0d14b
0d153
0d1da
0d1f3
0d200
0d208
0d34e
0d35f
0d36a
0d900
0d962
0da07
0db71
0dbdb
0dbf2
0dd0b
0de87
0deb5
0dff1
0e617
0e6ca
0e82d
0e838
0e84f
0e86c
0e885
0e8dc
0e911
0e927
0e941
0e9a8
0ea40
0ea69
0ea70
0ea86
0ea9a
0ea9f
0eb3e
0ebf5
0ec20
0ec3b
0ed8d
0edb4
0edd4
0ee84
0eea8
0eeaf
0f02d
0f124
0f129
0f12d
0f273
0f2f2
0f2f6
0f2fa
0f2fe
0f302
0d2c3
0d2cd
0d2d5
0d2e5
0d2f0
0d374
0d383
0d398
0d3a0
0d439
0d4eb
0d4fc
0d6a5
0d9d2
0da97
0db4d
0dc00
0dc67
0dd52
0dda8
0ddc6
0ddd9
0dde9
0ddf6
0ddfa
0defb
0e03f
0e656
0e7c8
0e9cd
0e9d6
0e9e3
0e9f8
0ea0a
0ea7e
0eaa7
0eac2
0ead7
0eb3a
0ebdd
0ec00
0ec06
0ec1b
0ec2f
0ec34
0ecc9
0ed57
0ed83
0edf4
0edfc
0eeaa
0f139
0f1b8
0f1bd
0f249
0f289
0f308
0f30c
0f310
0f314
0f318
0d2fc
0d307
0d314
0d321
0d329
0d3b2
0d3cb
0d3d8
0d3e0
0d51e
0d52f
0d539
0d9e5
0da32
0daaf
0db9b
0dc05
0dc1a
0dd60
0ddf0
0de2d
0de40
0de50
0de5d
0de61
0df62
0e135
0e77f
0e806
0e8e4
0e8fd
0ea0b
0ea18
0ea2d
0eabc
0eaf9
0eb06
0eb1d
0eb7b
0ec16
0ec39
0ec40
0ec52
0ec68
0ec6d
0ecfd
0ed81
0edad
0ee01
0ee20
0ef2a
0f1ba
0f1d0
0f1d4
0f261
0f31a
0f31e
0f322
0f326
0f32a
0d1d8
0d1e1
0d1e9
0d1f9
0d204
0d34d
0d3f6
0d406
0d413
0d41b
0d55d
0d56f
0d5fe
0d962
0dac1
0db77
0dc17
0dc28
0dd2a
0de0f
0de89
0dea2
0deaa
0debb
0dec6
0dfbf
0e0c9
0e6ca
0e835
0e8db
0e8f0
0e8f7
0e90c
0e92a
0ea52
0eaf4
0eb1e
0eb3d
0eb4d
0ebe0
0ec61
0ec77
0ec7b
0ec96
0eca4
0ecae
0eda1
0edb4
0ee04
0ee25
0ee44
0f163
0f1e2
0f1e7
0f273
0f2b3
0f330
0f334
0f338
0f33c
0f340
0d218
0d221
0d22c
0d23a
0d243
0d42e
0d434
0d44a
0d451
0d590
0d5a1
0d5ab
0d976
0da5c
0dad9
0dbc5
0dc2d
0dc42
0dd38
0ddb9
0debe
0defd
0df0e
0df1e
0df2b
0df2f
0e10e
0e7c3
0e87f
0e91f
0e92e
0e93f
0e962
0e97f
0ea94
0eb32
0eb6a
0eb76
0eb8d
0ec88
0ecaa
0ecb2
0ecc0
0ecd8
0ecdd
0ecf9
0ed50
0edd2
0ee3c
0ee66
0ef78
0f1e4
0f1fa
0f1fe
0f20d
0f342
0f346
0f34a
0f34e
0f352
0d24e
0d257
0d25f
0d26f
0d27a
0d3c3
0d466
0d478
0d483
0d48b
0d5cd
0d5dd
0d652
0d99a
0daeb
0db23
0dc3f
0dc50
0dd3e
0de1a
0dedd
0df51
0df70
0df78
0df8d
0df94
0e05b
0e612
0e8aa
0e957
0e966
0e96d
0e982
0e99a
0ea43
0ea4a
0ea5f
0eac8
0eb80
0eba4
0ebad
0ebc0
0ebca
0eccf
0ece5
0ece9
0ed03
0ed2f
0ee4c
0ee6d
0ee8c
0f10f
0f190
0f194
0f21f
0f2dd
0f358
0f35c
0f360
0f364
0f368
0d28c
0d297
0d2a2
0d2b1
0d2b9
0d33c
0d355
0d362
0d36a
0d4ac
0d4bd
0d4c7
0d9ae
0da08
0da85
0dbef
0dc55
0dc6a
0dd4c
0de87
0df89
0dfc7
0dfd6
0dfe6
0dff4
0dff8
0e192
0e784
0e837
0e995
0e99e
0e9b5
0e9d2
0e9f5
0ea40
0ea83
0ea8a
0eaad
0eb0b
0ebb6
0ebcc
0ebd0
0ebe7
0ebf9
0ec09
0ed23
0ed36
0eda4
0ee84
0eeac
0eedc
0f190
0f1a6
0f1aa
0f237
0f36a
0f36e
0f372
0f376
0f37a
0d426
0d42f
0d437
0d447
0d451
0d4d0
0d4df
0d4f4
0d4fc
0d58f
0d623
0d634
0d783
0da5c
0db15
0dbcb
0dc77
0dcd9
0dd8e
0dda8
0ddb5
0ddbd
0ddd6
0ddfd
0df9a
0dfe5
0e014
0e021
0e03f
0e044
0e18c
0e27e
0e92b
0e9d8
0eb37
0eb43
0eb59
0eb6c
0eb8d
0ec03
0ec1c
0ec31
0ec8f
0ed24
0ed3c
0ed40
0ed58
0ed5d
0edcb
0ee41
0ee67
0ef79
0f223
0f239
0f23d
0f2ca
0f37f
0f383
0f387
0f38b
0f38f
0d45f
0d469
0d476
0d483
0d48b
0d50c
0d525
0d532
0d539
0d647
0d658
0d663
0da69
0dab0
0db2d
0dc15
0dc7c
0dc90
0dd9c
0ddd9
0ddf0
0de1c
0de24
0de3d
0de64
0dffb
0e046
0e066
0e084
0e089
0e217
0e800
0e96d
0ea44
0ea51
0eb6c
0eb78
0eb8e
0ec16
0ec51
0ec5e
0ec75
0ecd1
0ed4e
0ed67
0ed6b
0ed82
0ed87
0ee61
0ee6e
0ef2a
0f1cc
0f24b
0f250
0f2dc
0f31b
0f394
0f398
0f39c
0f3a0
0d33a
0d343
0d34b
0d35b
0d365
0d4ab
0d54e
0d55e
0d56b
0d572
0d677
0d688
0d6f4
0da08
0db3f
0dbf5
0dc8d
0dc9d
0dd66
0dde1
0de0f
0de4e
0de7c
0de87
0de9a
0dec4
0e059
0e0a4
0e0bf
0e0cc
0e174
0e2f4
0e8f2
0e9a9
0ea50
0ea57
0ea6d
0ea8b
0eaad
0ebb8
0ec76
0ec93
0eca3
0ed27
0ed8c
0ed93
0eda7
0edaf
0edb9
0ee89
0eead
0ef51
0f24d
0f263
0f267
0f2f4
0f3a5
0f3a9
0f3ad
0f3b1
0f3b5
0d37a
0d383
0d38e
0d39c
0d3a5
0d584
0d58a
0d5a0
0d5a8
0d69b
0d6ac
0d6b6
0da15
0dada
0db57
0dc3d
0dca2
0dcb6
0dd74
0de65
0dea7
0debe
0def0
0defb
0df0c
0df32
0e09e
0e0e8
0e104
0e111
0e1b4
0e874
0e9d7
0ea7f
0ea8f
0ea96
0eaaf
0ead5
0ebeb
0ec88
0ecbf
0eccc
0ece3
0eda2
0edbb
0edbf
0edd4
0edd9
0edf5
0eea8
0eef8
0f1f6
0f275
0f27a
0f288
0f343
0f3ba
0f3be
0f3c2
0f3c6
0d3b0
0d3b9
0d3c1
0d3d1
0d3dc
0d51d
0d5bc
0d5ce
0d5d9
0d5e0
0d6c9
0d6d8
0d73c
0da32
0db69
0dba1
0dcb3
0dcc3
0dd7a
0deaf
0dedd
0df1c
0df51
0df5f
0df66
0df92
0e05e
0e115
0e139
0e153
0e158
0e2cc
0e968
0ea19
0eac6
0eacd
0eae3
0eafb
0eb1d
0eba8
0ebbd
0ec22
0ecd6
0ecfa
0ed04
0ed09
0ed7b
0ede1
0ede5
0edf9
0ee1f
0ef9e
0f20b
0f210
0f214
0f2a0
0f3cb
0f3cf
0f3d3
0f3d7
0f3db
0d3ee
0d3f9
0d404
0d413
0d41b
0d49a
0d4b3
0d4c0
0d4c7
0d5f3
0d604
0d60e
0da3f
0da86
0db03
0dc65
0dcc8
0dcdc
0dd88
0df33
0df75
0df89
0dfba
0dfc5
0dfd4
0dffc
0e128
0e16e
0e188
0e196
0e234
0e786
0e8f7
0eaf5
0eaff
0eb0c
0eb25
0eb4b
0eba0
0ebdf
0ebe7
0ec09
0ec63
0ed0e
0ed15
0ed29
0ed31
0ed41
0ee19
0ee26
0eedc
0f1a2
0f221
0f226
0f2b2
0f36b
0f3e0
0f3e4
0f3e8
0f3ec
0c86d
0d57b
0d585
0d58d
0d59d
0d5a8
0d617
0d624
0d630
0d639
0d70d
0d71d
0d728
0d878
0dada
0db93
0dc45
0dce2
0dd21
0ddae
0de4b
0deb8
0deca
0dee7
0df23
0dfc5
0dfe4
0e016
0e021
0e038
0e15b
0e1b0
0e1bc
0e1cf
0e1d3
0e27f
0e34a
0ea8d
0eb3b
0ec8e
0ec9b
0ecb0
0ecc2
0ed22
0ed42
0ed58
0ee18
0ee2b
0ee2f
0ee44
0ee48
0ef6b
0ef7a
0ef7e
0f236
0f2b6
0f2ba
0f344
0f3f2
0f3f6
0f3fa
0c8ea
0d5b4
0d5bf
0d5cc
0d5d9
0d5e0
0d644
0d657
0d65e
0d6c0
0d737
0d748
0d89a
0dae7
0db2e
0dbab
0dc8b
0dce7
0dcf4
0ddb9
0dde7
0deac
0dedf
0df29
0df4d
0df73
0e00c
0e05b
0e066
0e080
0e19a
0e1d5
0e1fb
0e216
0e21a
0e2be
0e42e
0eacf
0eba4
0ebbd
0ecc3
0ecd0
0ece5
0ed5f
0ed7c
0ed8b
0ee49
0ee52
0ee64
0ee6a
0eec9
0ef9e
0efa2
0f18d
0f2c8
0f2cd
0f2d1
0f3fc
0f400
0f404
0c6d1
0d498
0d4a1
0d4a9
0d4b9
0d4c4
0d5f2
0d66e
0d681
0d688
0d755
0d766
0d770
0d7dc
0da86
0dbbd
0dc6d
0dcf1
0dcfa
0de1a
0de40
0de7c
0df19
0df86
0df98
0dfb2
0dfeb
0e047
0e07a
0e0a2
0e0bf
0e1ef
0e232
0e249
0e24f
0e260
0e3c1
0ea54
0eb0b
0ebb0
0ebb7
0ebcc
0ebe9
0ed76
0ed96
0edac
0ee60
0ee74
0ee78
0ee8c
0ee90
0eece
0eede
0eee2
0f260
0f2e0
0f2e4
0f36c
0f40a
0f40e
0f412
0c755
0d4d7
0d4df
0d4ea
0d4f8
0d500
0d695
0d6a2
0d6af
0d6b6
0d77f
0d790
0d7ff
0da93
0db58
0dbd5
0dcb1
0dcff
0dd0c
0ddc3
0ddd4
0ddf6
0de88
0deb6
0df7f
0dfed
0e076
0e09c
0e0e7
0e0f2
0e107
0e22e
0e273
0e288
0e28e
0e29f
0e401
0eb3a
0ebdd
0ebed
0ebfd
0ec1e
0ec3b
0edb3
0edcc
0eddd
0ee91
0ee9a
0eea8
0eeb0
0eef0
0ef03
0ef07
0f1b7
0f2f2
0f2f7
0f2fb
0f414
0f418
0f41c
0c79f
0d50a
0d513
0d51b
0d52b
0d535
0d646
0d6be
0d6d1
0d6d8
0d799
0d7aa
0d7b4
0d82a
0dab0
0dbe7
0dc1d
0dd09
0dd12
0dda2
0ddf0
0de2a
0de3b
0de5d
0defc
0df1d
0dfe0
0e0d1
0e108
0e135
0e149
0e1f3
0e292
0e2bb
0e2cb
0e2cf
0e36c
0eaca
0eb7b
0ec22
0ec29
0ec3e
0ec54
0ecf8
0ed00
0ed11
0edf4
0edfc
0ee00
0eeb8
0eebc
0ef1c
0ef2c
0ef30
0f20c
0f28d
0f291
0f31c
0f422
0f426
0f42a
0c823
0d546
0d551
0d55c
0d56b
0d572
0d5f0
0d603
0d60a
0d670
0d6ef
0d700
0d84d
0dabd
0db04
0db81
0dcd7
0dd17
0dd24
0dde3
0de50
0de5c
0de94
0debb
0df5e
0df76
0e100
0e126
0e16d
0e176
0e18b
0e2ac
0e2ec
0e300
0e306
0e318
0e475
0ea59
0ec4f
0ec58
0ec6f
0ec8a
0ecad
0ed0b
0ed28
0ed37
0ee01
0ee0a
0ee1c
0ee22
0ef3e
0ef51
0ef55
0f1e1
0f29e
0f2a3
0f2a7
0f42c
0f430
0f434
0c731
0c739
0c741
0c752
0c75d
0ca35
0d696
0d6a2
0d6b1
0d6b9
0d71c
0d724
0d778
0d934
0db58
0dc10
0dcb9
0dd29
0dd5c
0de0e
0de19
0de42
0de4a
0de59
0de69
0de8d
0dea9
0deb9
0dec5
0dec9
0dfc0
0e075
0e0c9
0e0eb
0e10b
0e1b0
0e1b8
0e1cd
0e2d4
0e32a
0e337
0e348
0e350
0e474
0e55e
0ebeb
0eda0
0edbb
0eddf
0ee2b
0ee4b
0ef51
0ef6d
0f039
0f03d
0f31d
0f333
0f337
0f438
0f43c
0f440
0c79c
0c7a3
0c7b3
0c7bf
0c7c7
0ca8a
0d6c6
0d6d3
0d6db
0d738
0d745
0d74c
0d94c
0db65
0dbac
0dc27
0dcef
0dd2e
0dd37
0ddb9
0de77
0dea0
0dead
0debe
0dece
0dee6
0df01
0df1c
0df24
0df2e
0df57
0e0ba
0e10e
0e130
0e152
0e1d5
0e1f7
0e214
0e30d
0e349
0e374
0e386
0e394
0e4f9
0eaca
0ec2a
0ed04
0ede0
0ee3e
0ee66
0ef1f
0ef81
0f04c
0f058
0f2c8
0f345
0f349
0f3cb
0f444
0f448
0c7ff
0c807
0c80f
0c820
0c82b
0c921
0d5ee
0d5fa
0d609
0d611
0d75c
0d769
0d770
0d8bc
0db04
0dc38
0dcdf
0dd34
0dd3d
0de1a
0dedc
0def4
0df10
0df18
0df27
0df37
0df64
0df77
0df87
0df93
0df97
0e05e
0e128
0e15a
0e181
0e1d8
0e20c
0e236
0e24b
0e367
0e3aa
0e3bf
0e3c8
0e464
0e5d2
0ec55
0ecf4
0ed13
0ed41
0ee74
0ee95
0ef40
0efa7
0efc1
0efc5
0f345
0f35b
0f35f
0f44c
0f450
0f454
0c86a
0c871
0c881
0c88d
0c895
0c97c
0d620
0d62e
0d637
0d70d
0d789
0d790
0d8d5
0db11
0dbd6
0dc4f
0dd07
0dd42
0dd4b
0de81
0df43
0df5b
0df77
0df7f
0df8b
0df9e
0dfb7
0dfd8
0dfe8
0dff5
0dff9
0e022
0e03c
0e143
0e193
0e22e
0e273
0e280
0e29a
0e3a4
0e3e8
0e3fc
0e405
0e49c
0eb3b
0ec9b
0ed35
0ed58
0ee86
0eeac
0eecf
0eef3
0efd5
0efe1
0f2f2
0f36d
0f371
0f37f
0f458
0f45c
0c8c7
0c8cf
0c8d7
0c8e9
0c8f2
0c9ab
0d642
0d64e
0d65d
0d665
0d7a2
0d7ad
0d7b4
0d8f8
0db2e
0dc60
0dc93
0dd48
0dd51
0dda6
0ddbc
0ddd9
0dde9
0ddf4
0ddfa
0def5
0dfbc
0dfd5
0dfde
0dfee
0dffe
0e00e
0e046
0e072
0e0f0
0e256
0e292
0e2bb
0e2c9
0e36b
0e400
0e42f
0e43c
0e444
0e5b0
0ecc3
0ed4c
0ed67
0ed8f
0edfc
0eeb8
0ef0b
0ef8e
0effd
0f001
0f307
0f30c
0f36d
0f460
0f464
0f468
0c6ce
0c6d5
0c6e5
0c6f1
0c6f9
0ca06
0d674
0d683
0d68a
0d6f0
0d6fd
0d704
0d911
0db3b
0db82
0dbff
0dd1f
0dd56
0dd5f
0dda3
0ddd2
0dddf
0ddf0
0de00
0de22
0de33
0de4e
0de56
0de60
0de91
0df63
0e059
0e08b
0e0b7
0e135
0e2ac
0e2ec
0e2f8
0e312
0e41e
0e45c
0e470
0e479
0e516
0ea54
0ebb8
0ed89
0edac
0edf2
0ee1e
0eed1
0ef33
0f011
0f01d
0f29e
0f31d
0f321
0f3a5
0f46c
0f470
0c709
0c711
0c729
0c754
0c75d
0c875
0c965
0c978
0c981
0c989
0d77e
0d78d
0d795
0d9da
0dbd4
0dc84
0dd07
0dd65
0dd98
0ddc3
0de17
0de3f
0de7a
0de87
0de94
0dec5
0df6a
0df7f
0e058
0e076
0e082
0e090
0e0a8
0e0c1
0e0ce
0e22e
0e25f
0e278
0e29f
0e32b
0e337
0e34d
0e474
0e49d
0e4b3
0e4bf
0e55e
0e624
0ebec
0ee98
0eeb6
0eed2
0ef47
0f02f
0f0e5
0f2f2
0f3a7
0f3ab
0f474
0f478
0f47c
0c774
0c77b
0c7b6
0c7c0
0c7c7
0c8e1
0c9ad
0c9c2
0c9c9
0cc09
0d7a6
0d7b0
0d871
0d9fb
0dc23
0dc9a
0dd32
0dd6a
0dd73
0de76
0de83
0debf
0deee
0defb
0df22
0dfb4
0dfda
0e016
0e09d
0e0bb
0e0c7
0e0d5
0e0f1
0e106
0e113
0e26d
0e29e
0e2b9
0e2de
0e34b
0e374
0e391
0e492
0e4da
0e4f0
0e502
0e59b
0e709
0edf6
0eeaa
0eef7
0ef04
0ef80
0f0fe
0f102
0f3a6
0f3bc
0f420
0f480
0f484
0c6d9
0c7e4
0c7ec
0c7f7
0c822
0c82b
0c9ef
0ca02
0ca0b
0ca13
0d6ee
0d6fd
0d704
0d96a
0db80
0dcaa
0dd1f
0dd70
0dd79
0ddc9
0dddd
0de91
0def2
0df0d
0df51
0df5f
0df66
0df93
0e0e0
0e0fa
0e108
0e118
0e12e
0e149
0e156
0e1f3
0e2cc
0e2ec
0e302
0e35c
0e388
0e3b0
0e3c7
0e4f4
0e51e
0e52f
0e53b
0e69e
0ec57
0ee08
0ee2a
0ef20
0ef8c
0f05b
0f075
0f29e
0f3cd
0f3d1
0f488
0f48c
0f490
0c74b
0c850
0c856
0c884
0c88e
0c895
0ca37
0ca4c
0ca54
0cb13
0d71a
0d724
0d7d5
0d98d
0dc4b
0dcc0
0dd46
0dd7e
0dd87
0de35
0de4a
0df44
0df5f
0df8a
0dfb7
0dfc2
0dfea
0e0a0
0e127
0e145
0e150
0e15f
0e175
0e18a
0e198
0e1bc
0e1cd
0e235
0e317
0e3a5
0e3eb
0e3fc
0e49c
0e531
0e55f
0e56c
0e578
0e6db
0ee1a
0ee33
0eecf
0ef40
0ef6b
0f08f
0f093
0f3cc
0f3e2
0f3f0
0f494
0f498
0c7a7
0c8ad
0c8b6
0c8bf
0c8ec
0c8f2
0ca73
0ca87
0ca8f
0ca97
0d736
0d745
0d74c
0d9a2
0dbaa
0dcd0
0dcef
0dd84
0dd8d
0dda6
0ddb3
0ddbb
0ddcc
0ddfd
0de9f
0deb2
0dfc1
0dfee
0e013
0e021
0e03f
0e045
0e17e
0e18c
0e19c
0e1aa
0e1e1
0e200
0e221
0e3d6
0e402
0e42f
0e441
0e54f
0e592
0e5a9
0e5b3
0e649
0ecc5
0ee50
0ee72
0ef0b
0ef70
0eff3
0f0ad
0f2c8
0f382
0f386
0f49c
0f4a0
0f4a4
0c6a6
0c6ad
0c6e8
0c6f2
0c6f9
0c819
0c923
0c938
0c93f
0cb91
0d762
0d76c
0d823
0d9c5
0dbfb
0dc74
0dd5a
0dd92
0dd9b
0dda3
0ddb7
0de04
0de1d
0de26
0de56
0deeb
0df13
0e00b
0e02b
0e039
0e049
0e05c
0e07d
0e087
0e135
0e20c
0e23a
0e24b
0e2be
0e41f
0e45f
0e470
0e516
0e5ad
0e5d3
0e5e4
0e5ec
0e751
0ee62
0ee7b
0eecc
0ef8d
0ef9f
0f0c7
0f0cb
0f380
0f396
0f408
0f4a8
0f4ac
0dded
0ddf7
0de05
0dfef
0dffe
0e03f
0e04d
0e0f2
0e182
0e186
0e19c
0e256
0e263
0e28f
0eb43
0eb47
0ebdd
0ec03
0ec0a
0ed38
0ed44
0ee9a
0eefd
0ef07
0ef10
0f003
0f0b1
0f30a
0f311
0f383
0f416
0f461
0f49c
0f4a0
0f4b3
0f4b7
0f4bb
0f4bf
0f4c3
0f4c7
0f4cb
0f4cf
0f4d3
0f4d7
0f4db
0f4df
0f4e3
0f4e7
0f4eb
0f4ef
0f4f3
0f4f7
0f4fb
0f4ff
0f503
0f507
0f50b
0f50f
0f513
0ddf2
0de01
0de54
0de5e
0de6c
0e031
0e047
0e04f
0e087
0e135
0e139
0e297
0e2cc
0e2e1
0eb7a
0ec14
0ec36
0ec3f
0ec45
0ed68
0eeb3
0eec0
0ef2c
0ef35
0f01a
0f0c7
0f119
0f320
0f394
0f39b
0f424
0f46d
0f4a8
0f4b1
0f4b5
0f518
0f51c
0f520
0f524
0f528
0f52c
0f530
0f534
0f538
0f53c
0f540
0f544
0f548
0f54c
0f550
0f554
0f558
0f55c
0f560
0f564
0f568
0f56c
0f570
0de57
0de63
0de6e
0debd
0dec7
0e074
0e078
0e08e
0e0c9
0e0d7
0e176
0e2d4
0e2e3
0e307
0ea57
0ea5b
0ec4f
0ec76
0ec7c
0ed8c
0ed98
0ee0a
0ef4b
0ef55
0ef5e
0f03f
0f0e9
0f332
0f339
0f3a9
0f42e
0f439
0f474
0f478
0f518
0f575
0f579
0f57d
0f581
0f585
0f589
0f58d
0f591
0f595
0f599
0f59d
0f5a1
0f5a5
0f5a9
0f5ad
0f5b1
0f5b5
0f5b9
0f5bd
0f5c1
0f5c5
0f5c9
0f5cd
0f5d1
0dec0
0decf
0df22
0df2c
0df3a
0e018
0e0b9
0e0bd
0e0d3
0e10e
0e11c
0e1d2
0e30d
0e31c
0ea94
0ec86
0eca8
0ecb1
0ecb7
0edbc
0ee28
0ee34
0ef7a
0ef83
0f055
0f0fe
0f143
0f348
0f3ba
0f3c1
0f3f4
0f445
0f480
0f575
0f579
0f5d6
0f5da
0f5de
0f5e2
0f5e6
0f5ea
0f5ee
0f5f2
0f5f6
0f5fa
0f5fe
0f602
0f606
0f60a
0f60e
0f612
0f616
0f61a
0f61e
0f622
0f626
0f62a
0f62e
0df25
0df31
0df3c
0df8f
0df95
0e05b
0e05f
0e100
0e116
0e11e
0e156
0e1d8
0e1e7
0e219
0eacd
0ead1
0eba4
0ece4
0ecea
0eddb
0ede8
0ee52
0ef98
0efa2
0efab
0efc7
0f079
0f35a
0f361
0f3cf
0f3fe
0f44d
0f488
0f48c
0f5d6
0f633
0f637
0f63b
0f63f
0f643
0f647
0f64b
0f64f
0f653
0f657
0f65b
0f65f
0f663
0f667
0f66b
0f66f
0f673
0f677
0f67b
0f67f
0f683
0f687
0f68b
0f68f
0df8b
0df9d
0dfea
0dff5
0e004
0e0a2
0e143
0e147
0e15d
0e192
0e1a2
0e211
0e24e
0e265
0eb0a
0eb9e
0ebc4
0ebcd
0ebd3
0ed14
0ee70
0ee7c
0eede
0eee7
0efde
0f08f
0f16d
0f370
0f3e0
0f3e7
0f40c
0f459
0f494
0f4b7
0f4bb
0f635
0f692
0f696
0f69a
0f69e
0f6a2
0f6a6
0f6aa
0f6ae
0f6b2
0f6b6
0f6ba
0f6be
0f6c2
0f6c6
0f6ca
0f6ce
0f6d2
0f6d6
0f6da
0f6de
0f6e2
0f6e6
0de9c
0dea0
0df9e
0e035
0e03c
0e051
0e18e
0e19e
0e1d0
0e1e5
0e27e
0e30d
0e31c
0e3d0
0e3ff
0e414
0ec9b
0ed22
0ed35
0ed3f
0ed46
0ee2d
0ef72
0ef7c
0ef85
0efde
0efe7
0f0ab
0f143
0f381
0f388
0f3f4
0f49c
0f4a0
0f4bf
0f4c3
0f4c7
0f4cb
0f5d9
0f5dd
0f5e1
0f5e5
0f6eb
0f6ef
0f6f3
0f6f7
0f6fb
0f6ff
0f703
0f707
0f70b
0f70f
0f713
0f717
0f71b
0f71f
0f723
0f727
0f72b
0df05
0dffa
0e006
0e03b
0e04b
0e07d
0e081
0e096
0e1da
0e217
0e224
0e2bd
0e40b
0e416
0e442
0ecce
0ecd2
0ed4e
0ed66
0ed6c
0ee4c
0ee58
0efa0
0efa9
0eff6
0efff
0f007
0f0cd
0f197
0f396
0f3fe
0f461
0f4a8
0f4d0
0f51e
0f522
0f526
0f52a
0f638
0f63c
0f640
0f644
0f6ed
0f72e
0f732
0f736
0f73a
0f73e
0f742
0f746
0f74a
0f74e
0f752
0f756
0f75a
0f75e
0f762
0f766
0ddfe
0de09
0df6c
0e07a
0e083
0e098
0e0c1
0e0ce
0e20f
0e226
0e250
0e2f4
0e2f8
0e44a
0e473
0e488
0ebb7
0ed76
0ed89
0ed94
0ed9a
0ee76
0eed6
0eee0
0eee9
0f01a
0f023
0f0e3
0f16d
0f3a7
0f3ae
0f40c
0f474
0f478
0f57b
0f57f
0f583
0f587
0f58b
0f695
0f699
0f69d
0f72e
0f732
0f76d
0f771
0f775
0f779
0f77d
0f781
0f785
0f789
0f78d
0f791
0f795
0f799
0f79d
0f7a1
0f7a5
0de69
0dfcb
0dfcf
0e0c5
0e0d5
0e104
0e10b
0e120
0e1b6
0e256
0e263
0e28f
0e348
0e35d
0e481
0ebee
0ebf2
0eda2
0edba
0edc0
0ee93
0eea0
0ef05
0ef0e
0f032
0f03b
0f043
0f104
0f1c1
0f3bc
0f416
0f439
0f480
0f4d2
0f4d6
0f4da
0f58d
0f5e8
0f5ec
0f5f0
0f5f4
0f5f8
0f76d
0f7a8
0f7ac
0f7b0
0f7b4
0f7b8
0f7bc
0f7c0
0f7c4
0f7c8
0f7cc
0f7d0
0f7d4
0f7d8
0f7dc
0f7e0
0ddce
0ddd2
0ded0
0e108
0e10d
0e122
0e14b
0e158
0e1f3
0e1f7
0e297
0e2cc
0e2e1
0e356
0e386
0e39a
0ec29
0ecf8
0edd2
0ede4
0edea
0eeba
0ef24
0ef2e
0ef37
0f055
0f05e
0f073
0f119
0f3cd
0f3d4
0f424
0f488
0f48c
0f533
0f537
0f53b
0f645
0f649
0f64d
0f651
0f655
0f7a8
0f7ac
0f7e7
0f7eb
0f7ef
0f7f3
0f7f7
0f7fb
0f7ff
0f803
0f807
0f80b
0f80f
0f813
0f817
0f81b
0f81f
0de37
0df33
0df3e
0e14f
0e15f
0e188
0e18f
0e1a6
0e234
0e2d4
0e2e3
0e307
0e38b
0e39c
0e3c8
0ec60
0ec64
0ecf6
0ed12
0ed18
0ee04
0ee10
0ef53
0ef5c
0efba
0efc3
0efcb
0f095
0f1eb
0f3e2
0f42e
0f44d
0f494
0f590
0f594
0f598
0f658
0f6a2
0f6a6
0f6aa
0f6ae
0f6b2
0f6f3
0f7e5
0f7e9
0f824
0f828
0f82c
0f830
0f834
0f838
0f83c
0f840
0f844
0f848
0f84c
0f850
0f854
0de48
0de4c
0de69
0e0b1
0e0b5
0e15d
0e1cd
0e1d4
0e1e9
0e30c
0e315
0e348
0e35d
0e3f2
0e47f
0e48a
0e53f
0e573
0e582
0ee1a
0ee2b
0ee32
0ef72
0ef7c
0ef85
0f038
0f041
0f089
0f092
0f099
0f1c1
0f3f2
0f439
0f497
0f5da
0f5de
0f5e2
0f5fb
0f5ff
0f6f6
0f6fa
0f7af
0f7b3
0f7b7
0f85b
0f85f
0f863
0f867
0f86b
0f86f
0f873
0f877
0f87b
0f87f
0f883
0f887
0f88b
0f88f
0f893
0deb1
0decc
0ded7
0e0f8
0e19a
0e1a0
0e1d7
0e1e0
0e214
0e21b
0e228
0e356
0e386
0e39a
0e42f
0e570
0e584
0e5b3
0ee3c
0ee49
0ee54
0ee5a
0efa0
0efa9
0f04f
0f058
0f060
0f0ab
0f0b3
0f158
0f215
0f400
0f49c
0f4bd
0f639
0f63d
0f641
0f65a
0f65e
0f735
0f7ea
0f7ee
0f7f2
0f859
0f85d
0f898
0f89c
0f8a0
0f8a4
0f8a8
0f8ac
0f8b0
0f8b4
0f8b8
0f8bc
0f8c0
0f8c4
0f8c8
0df16
0df1a
0df37
0e047
0e04f
0e13d
0e20c
0e213
0e22a
0e24d
0e25d
0e38b
0e39c
0e3c8
0e464
0e468
0e5b9
0e5e7
0e5f6
0ee62
0ee74
0ee7a
0eed6
0eee0
0eee9
0efc0
0efc9
0f0c1
0f0ca
0f0d1
0f1eb
0f40a
0f44d
0f4ab
0f659
0f696
0f69a
0f69e
0f6b5
0f770
0f774
0f823
0f827
0f82b
0f898
0f8cd
0f8d1
0f8d5
0f8d9
0f8dd
0f8e1
0f8e5
0f8e9
0f8ed
0f8f1
0f8f5
0f8f9
0f8fd
0f901
0df7f
0df99
0dfa5
0e08e
0e17a
0e17e
0e255
0e25e
0e28a
0e291
0e2a6
0e330
0e3ce
0e3d7
0e405
0e4bc
0e4cb
0e5f0
0ee84
0ee91
0ee9c
0eea2
0ef05
0ef0e
0efd8
0efe1
0efe9
0f0e3
0f0eb
0f182
0f23f
0f418
0f474
0f4d2
0f4d6
0f4da
0f4de
0f4e2
0f691
0f6fe
0f702
0f706
0f7bb
0f8cd
0f8d1
0f906
0f90a
0f90e
0f912
0f916
0f91a
0f91e
0f922
0f926
0f92a
0f92e
0f932
0f936
0dfde
0dfe2
0dfff
0e027
0e02b
0e0d3
0e292
0e299
0e2a8
0e2cb
0e2dc
0e36b
0e36f
0e40d
0e43c
0e451
0e4c5
0e4f9
0e508
0edf6
0eeb8
0eebe
0ef24
0ef2e
0ef37
0effc
0f005
0f0f8
0f101
0f108
0f197
0f422
0f461
0f483
0f531
0f535
0f539
0f53d
0f541
0f739
0f73d
0f741
0f7f6
0f7fa
0f906
0f93b
0f93f
0f943
0f947
0f94b
0f94f
0f953
0f957
0f95b
0f95f
0f963
0f967
0f96b
0f96f
0dde3
0ddfe
0de09
0e06e
0e116
0e11e
0e2d3
0e2db
0e302
0e309
0e320
0e3aa
0e448
0e453
0e479
0e4f6
0e50a
0e539
0edf0
0ee01
0ee0c
0ee12
0ef53
0ef5c
0f014
0f01d
0f025
0f073
0f07b
0f12e
0f269
0f430
0f488
0f52f
0f592
0f596
0f59a
0f59e
0f645
0f778
0f77c
0f780
0f82f
0f85f
0f863
0f93d
0f972
0f976
0f97a
0f97e
0f982
0f986
0f98a
0f98e
0f992
0f996
0f99a
0f99e
0de0f
0de57
0de63
0de6e
0e076
0e08c
0e094
0e245
0e2d4
0e2e3
0e347
0e351
0e474
0e482
0e48c
0e4bf
0e55e
0e562
0e5f0
0e6a6
0e6b3
0e6dd
0ef4b
0ef5c
0f038
0f041
0f0dd
0f0e6
0f0ed
0f12e
0f133
0f240
0f439
0f479
0f57b
0f590
0f7b0
0f7b4
0f7be
0f7c2
0f866
0f909
0f90d
0f911
0f9a3
0f9a7
0f9ab
0f9af
0f9b3
0f9b7
0f9bb
0f9bf
0f9c3
0f9c7
0f9cb
0f9cf
0f9d3
0f9d7
0f9db
0de78
0dec0
0decf
0e0b9
0e0bd
0e0d3
0e282
0e286
0e30f
0e349
0e357
0e363
0e384
0e395
0e4b9
0e4cd
0e502
0e59b
0e59f
0e6ea
0e718
0e72d
0ef75
0f04f
0f058
0f060
0f0fe
0f106
0f13d
0f146
0f1d7
0f294
0f47e
0f575
0f5e7
0f7eb
0f7ef
0f7f3
0f7fd
0f89b
0f89f
0f942
0f946
0f94a
0f9a5
0f9de
0f9e2
0f9e6
0f9ea
0f9ee
0f9f2
0f9f6
0f9fa
0f9fe
0fa02
0fa06
0fa0a
0fa0e
0dedd
0df25
0df31
0df3c
0e100
0e116
0e11e
0e1da
0e2c1
0e2c5
0e389
0e396
0e3c3
0e3c7
0e3db
0e4fd
0e535
0e547
0e5d4
0e71f
0e72f
0e753
0ef98
0efa9
0efc0
0efc9
0f06d
0f076
0f07d
0f158
0f15d
0f26a
0f44d
0f48d
0f63a
0f659
0f824
0f828
0f832
0f836
0f8d4
0f971
0f975
0f979
0f9de
0f9e2
0fa15
0fa19
0fa1d
0fa21
0fa25
0fa29
0fa2d
0fa31
0fa35
0fa39
0fa3d
0fa41
0fa45
0df46
0df8b
0df9d
0e143
0e147
0e15d
0e20f
0e226
0e2fc
0e3c0
0e3d1
0e3dd
0e3fe
0e408
0e49c
0e4a0
0e53f
0e573
0e582
0e626
0e756
0e766
0eed9
0efd8
0efe1
0efe9
0f08f
0f097
0f167
0f170
0f201
0f2be
0f492
0f633
0f695
0f6fd
0f701
0f705
0f709
0f86a
0f86e
0f872
0f915
0f919
0fa15
0fa48
0fa4c
0fa50
0fa54
0fa58
0fa5c
0fa60
0fa64
0fa68
0fa6c
0fa70
0fa74
0fa78
0dda8
0dfed
0dff3
0e002
0e184
0e19a
0e1a0
0e1c7
0e256
0e263
0e409
0e411
0e439
0e441
0e455
0e4db
0e570
0e584
0e5b3
0e62c
0e63b
0e663
0eefd
0ef0e
0effc
0f005
0f0a5
0f0ae
0f0b5
0f182
0f187
0f216
0f461
0f4a1
0f4bd
0f4d2
0f73c
0f740
0f744
0f748
0f8a3
0f8a7
0f8ab
0f94e
0fa48
0fa4c
0fa7f
0fa83
0fa87
0fa8b
0fa8f
0fa93
0fa97
0fa9b
0fa9f
0faa3
0faa7
0faab
0faaf
0dda4
0ddf2
0de01
0e02f
0e033
0e049
0e204
0e208
0e297
0e43d
0e44b
0e457
0e472
0e47c
0e516
0e51a
0e5b9
0e5e7
0e5f6
0e66f
0e69e
0e6b5
0ef27
0f014
0f01d
0f025
0f0c7
0f0cf
0f113
0f11c
0f1ad
0f2e8
0f4a6
0f4b1
0f52f
0f777
0f77b
0f77f
0f783
0f8d8
0f8dc
0f8e0
0f97d
0f981
0f9ab
0fa7d
0fa81
0fab4
0fab8
0fabc
0fac0
0fac4
0fac8
0facc
0fad0
0fad4
0fad8
0fadc
0df6a
0df6e
0e059
0e07c
0e090
0e20f
0e226
0e3bb
0e448
0e453
0e4b5
0e4c1
0e5de
0e5f2
0e5fa
0e626
0e6cc
0e6d0
0e75e
0e815
0e821
0e84b
0eed6
0eee7
0f017
0f0dd
0f0e6
0f0ed
0f16d
0f172
0f1ae
0f23f
0f377
0f479
0f695
0f777
0f90c
0f910
0f91a
0f91e
0f9b0
0fa4d
0fa51
0fa55
0fae1
0fae5
0fae9
0faed
0faf1
0faf5
0faf9
0fafd
0fb01
0fb05
0fb09
0fb0d
0fb11
0fb15
0fb19
0dfcd
0e09c
0e0c3
0e0c8
0e0dd
0e258
0e3f6
0e3fa
0e481
0e4b7
0e4c7
0e4d1
0e4f2
0e504
0e62c
0e63b
0e663
0e709
0e70d
0e858
0e883
0e89b
0ef00
0f032
0f042
0f0fe
0f106
0f17c
0f185
0f1bc
0f1c5
0f2d2
0f47e
0f4d2
0f76b
0f941
0f945
0f949
0f953
0f9e3
0f9e7
0fa84
0fa88
0fa8c
0fae3
0fb1c
0fb20
0fb24
0fb28
0fb2c
0fb30
0fb34
0fb38
0fb3c
0fb40
0fb44
0fb48
0fb4c
0ddce
0ddd2
0e0e3
0e10a
0e11a
0e295
0e2a4
0e356
0e433
0e437
0e4fb
0e506
0e52d
0e537
0e549
0e66f
0e69e
0e6b5
0e742
0e88e
0e89d
0e8c1
0ef24
0ef35
0f052
0f06d
0f076
0f07d
0f119
0f11e
0f1d8
0f269
0f327
0f48d
0f646
0f7eb
0f974
0f978
0f982
0f986
0fa1a
0fab1
0fab5
0fab9
0fb1c
0fb20
0fb53
0fb57
0fb5b
0fb5f
0fb63
0fb67
0fb6b
0fb6f
0fb73
0fb77
0fb7b
0fb7f
0fb83
0de37
0e126
0e14d
0e151
0e167
0e2d6
0e38b
0e39c
0e46c
0e531
0e541
0e54b
0e56c
0e578
0e60a
0e60e
0e6ad
0e6db
0e6f0
0e794
0e8c5
0e8d4
0ef4e
0efba
0efca
0f08f
0f097
0f128
0f131
0f1e6
0f1ef
0f2fc
0f492
0f590
0f7e5
0f86b
0f86f
0f873
0f877
0f9b4
0f9b8
0f9bc
0fa59
0fa5d
0fb53
0fb86
0fb8a
0fb8e
0fb92
0fb96
0fb9a
0fb9e
0fba2
0fba6
0fbaa
0fbae
0fbb2
0fbb6
0de9c
0dea0
0e014
0e18e
0e19e
0e30d
0e31c
0e341
0e3ce
0e3d7
0e57a
0e580
0e5a9
0e5af
0e5c3
0e649
0e6e3
0e6f2
0e71a
0e79b
0e7a9
0e7d1
0ef72
0ef83
0efdb
0f0a5
0f0ae
0f0b5
0f143
0f148
0f202
0f215
0f34f
0f4a1
0f5da
0f6fd
0f8a4
0f8a8
0f8ac
0f8b0
0f9eb
0f9ef
0f9f3
0fa90
0fb86
0fb8a
0fbbd
0fbc1
0fbc5
0fbc9
0fbcd
0fbd1
0fbd5
0fbd9
0fbdd
0fbe1
0fbe5
0fbe9
0fbed
0df05
0e00c
0e039
0e03e
0e053
0e1da
0e37c
0e380
0e40d
0e5ad
0e5bb
0e5c5
0e5e4
0e5ec
0e684
0e688
0e727
0e751
0e764
0e7dd
0e809
0e823
0ef9b
0eff6
0f006
0f0c7
0f0cf
0f152
0f15b
0f192
0f19b
0f2a8
0f4a6
0f51c
0f6eb
0f8d9
0f8dd
0f8e1
0f8e5
0fa1e
0fa22
0fa26
0fabd
0fac1
0fae9
0fbbb
0fbbf
0fbf2
0fbf6
0fbfa
0fbfe
0fc02
0fc06
0fc0a
0fc0e
0fc12
0fc16
0fc1a
0e13b
0e13f
0e1f1
0e20e
0e21f
0e38b
0e39c
0e529
0e5a7
0e5c1
0e623
0e62e
0e74c
0e760
0e768
0e794
0e83a
0e83e
0e8cc
0e97d
0e989
0e9b1
0eed6
0eee7
0efbd
0f0c1
0f0d0
0f16d
0f172
0f1ed
0f224
0f22d
0f2be
0f3ea
0f822
0f8d9
0fa50
0fa54
0fa5e
0fa62
0faee
0fb8b
0fb8f
0fb93
0fc1f
0fc23
0fc27
0fc2b
0fc2f
0fc33
0fc37
0fc3b
0fc3f
0fc43
0fc47
0fc4b
0fc4f
0fc53
0fc57
0e17c
0e22e
0e253
0e25a
0e269
0e3d0
0e564
0e568
0e5f0
0e629
0e635
0e63f
0e660
0e66b
0e79b
0e7a9
0e7d1
0e877
0e87b
0e9be
0e9e7
0e9ff
0ef00
0efd8
0efe8
0f0e0
0f17c
0f185
0f1fb
0f204
0f23f
0f244
0f350
0f4d2
0f8cd
0fa83
0fa87
0fa8b
0fa95
0fb21
0fb25
0fbc2
0fbc6
0fbca
0fc21
0fc5a
0fc5e
0fc62
0fc66
0fc6a
0fc6e
0fc72
0fc76
0fc7a
0fc7e
0fc82
0fc86
0fc8a
0e027
0e02b
0e26f
0e294
0e29d
0e40b
0e416
0e4c5
0e5a1
0e5a5
0e66d
0e674
0e69b
0e6a2
0e6b7
0e7dd
0e809
0e823
0e8b0
0e9f2
0ea01
0ea23
0ef24
0ef35
0eff9
0f0f8
0f107
0f119
0f11e
0f199
0f24e
0f257
0f2e8
0f39e
0f73a
0f941
0fab4
0fab8
0fac2
0fac6
0fb58
0fbef
0fbf3
0fbf7
0fc5a
0fc5e
0fc91
0fc95
0fc99
0fc9d
0fca1
0fca5
0fca9
0fcad
0fcb1
0fcb5
0fcb9
0fcbd
0fcc1
0e06e
0e2ac
0e2d1
0e2d8
0e2e7
0e44a
0e4f6
0e50a
0e5da
0e6a3
0e6af
0e6b9
0e6da
0e6e5
0e778
0e77c
0e81b
0e846
0e85e
0e900
0ea27
0ea36
0ef4e
0f014
0f024
0f070
0f128
0f131
0f1a7
0f1b0
0f269
0f26e
0f378
0f590
0f93b
0f9b5
0f9b9
0f9bd
0f9c1
0faf2
0faf6
0fafa
0fb97
0fb9b
0fc91
0fcc4
0fcc8
0fccc
0fcd0
0fcd4
0fcd8
0fcdc
0fce0
0fce4
0fce8
0fcec
0fcf0
0fcf4
0e0b1
0e0b5
0e1b2
0e30c
0e315
0e47f
0e48a
0e4af
0e533
0e545
0e6e8
0e6ee
0e715
0e71c
0e731
0e7b7
0e852
0e860
0e888
0e907
0e915
0e93b
0ef72
0ef83
0f035
0f089
0f098
0f143
0f148
0f1c3
0f278
0f281
0f294
0f3c4
0f7ae
0f86b
0f9ec
0f9f0
0f9f4
0f9f8
0fb29
0fb2d
0fb31
0fbce
0fcc4
0fcc8
0fcfb
0fcff
0fd03
0fd07
0fd0b
0fd0f
0fd13
0fd17
0fd1b
0fd1f
0fd23
0fd27
0fd2b
0e0f8
0e1aa
0e1d5
0e1dc
0e1eb
0e356
0e4ea
0e4ee
0e57c
0e71d
0e729
0e733
0e750
0e759
0e7f2
0e7f6
0e895
0e8ba
0e8d2
0e947
0e971
0e98b
0ef9b
0f04f
0f05f
0f0a8
0f152
0f15b
0f1d1
0f1da
0f215
0f21a
0f328
0f63a
0f859
0fa1f
0fa23
0fa27
0fa2b
0fb5c
0fb60
0fb64
0fbfb
0fbff
0fc27
0fcf9
0fcfd
0fd30
0fd34
0fd38
0fd3c
0fd40
0fd44
0fd48
0fd4c
0fd50
0fd54
0fd58
0e2c1
0e2c5
0e369
0e389
0e396
0e4f6
0e50a
0e697
0e71f
0e72f
0e793
0e79d
0e8bc
0e8ce
0e8d6
0e900
0e9a0
0e9a4
0ea2e
0eadf
0eaeb
0eb13
0efba
0efca
0f070
0f152
0f15b
0f1eb
0f1f0
0f26b
0f2a2
0f2ab
0f33c
0f432
0f973
0fa1f
0fb8e
0fb92
0fb9c
0fba0
0fc2c
0fcc9
0fccd
0fcd1
0fd5d
0fd61
0fd65
0fd69
0fd6d
0fd71
0fd75
0fd79
0fd7d
0fd81
0fd85
0fd89
0fd8d
0fd91
0fd95
0e2fc
0e3a4
0e3c0
0e3d1
0e3dd
0e53f
0e6d2
0e6d6
0e75e
0e798
0e7a3
0e7ad
0e7d0
0e7da
0e907
0e915
0e93b
0e9db
0e9df
0eb20
0eb49
0eb61
0efdb
0f089
0f098
0f16a
0f1fa
0f203
0f279
0f282
0f2bd
0f2c2
0f3c4
0f6fd
0fa13
0fbc1
0fbc5
0fbc9
0fbd3
0fc5f
0fc63
0fd00
0fd04
0fd08
0fd5f
0fd98
0fd9c
0fda0
0fda4
0fda8
0fdac
0fdb0
0fdb4
0fdb8
0fdbc
0fdc0
0fdc4
0fdc8
0e1c5
0e1c9
0e3e3
0e409
0e411
0e570
0e584
0e633
0e70f
0e713
0e7db
0e7e2
0e80b
0e811
0e825
0e947
0e971
0e98b
0ea12
0eb54
0eb63
0eb85
0eff6
0f006
0f0a8
0f17c
0f185
0f197
0f19c
0f217
0f2cc
0f2d5
0f364
0f402
0f8a2
0fa83
0fbf2
0fbf6
0fc00
0fc04
0fc96
0fd2d
0fd31
0fd35
0fd98
0fd9c
0fdcf
0fdd3
0fdd7
0fddb
0fddf
0fde3
0fde7
0fdeb
0fdef
0fdf3
0fdf7
0fdfb
0fdff
0e206
0e41e
0e43d
0e44b
0e457
0e5b9
0e669
0e678
0e748
0e812
0e81d
0e827
0e84a
0e854
0e8e6
0e8ea
0e983
0e9ac
0e9c4
0ea62
0eb89
0eb98
0f017
0f0c1
0f0d0
0f116
0f1a6
0f1af
0f225
0f22e
0f2e7
0f2ec
0f3ea
0f777
0fa7d
0faf3
0faf7
0fafb
0faff
0fc30
0fc34
0fc38
0fcd5
0fcd9
0fdcf
0fe02
0fe06
0fe0a
0fe0e
0fe12
0fe16
0fe1a
0fe1e
0fe22
0fe26
0fe2a
0fe2e
0fe32
0e243
0e247
0e32c
0e47d
0e485
0e5e0
0e5f8
0e61d
0e6a6
0e6b3
0e856
0e85c
0e885
0e88b
0e89f
0e923
0e9b8
0e9c6
0e9ec
0ea69
0ea77
0ea9d
0f032
0f042
0f0e0
0f128
0f131
0f1c1
0f1c6
0f241
0f2f6
0f2ff
0f314
0f41a
0f90a
0f9b6
0fb2a
0fb2e
0fb32
0fb36
0fc67
0fc6b
0fc6f
0fd0c
0fe02
0fe06
0fe39
0fe3d
0fe41
0fe45
0fe49
0fe4d
0fe51
0fe55
0fe59
0fe5d
0fe61
0fe65
0fe69
0e284
0e324
0e349
0e357
0e363
0e4c5
0e658
0e65c
0e6ea
0e88c
0e897
0e8a1
0e8c0
0e8c8
0e95c
0e960
0e9f9
0ea1c
0ea34
0eaa9
0ead3
0eaed
0f052
0f0f8
0f107
0f140
0f1d0
0f1d9
0f24f
0f258
0f293
0f298
0f39e
0f7eb
0f9a3
0fb5d
0fb61
0fb65
0fb69
0fc9a
0fc9e
0fca2
0fd39
0fd3d
0fd65
0fe37
0fe3b
0fe6e
0fe72
0fe76
0fe7a
0fe7e
0fe82
0fe86
0fe8a
0fe8e
0fe92
0fe96
0e433
0e437
0e4d7
0e4fb
0e506
0e669
0e678
0e805
0e88e
0e89d
0e8ff
0e909
0ea1e
0ea30
0ea38
0ea62
0eb02
0eb06
0eb90
0ec39
0ec47
0ec6b
0f06d
0f07c
0f116
0f1d0
0f1d9
0f269
0f26e
0f2e9
0f31e
0f327
0f3b1
0f470
0f973
0fb1c
0fcca
0fcce
0fcd2
0fcdc
0fd68
0fd6c
0fe09
0fe0d
0fe11
0fe9d
0fea1
0fea5
0fea9
0fead
0feb1
0feb5
0feb9
0febd
0fec1
0fec5
0fec9
0fecd
0fed1
0e46c
0e512
0e531
0e541
0e54b
0e6ad
0e840
0e844
0e8cc
0e904
0e90f
0e919
0e93a
0e944
0ea69
0ea77
0ea9d
0eb3d
0eb41
0ec7a
0ec9f
0ecb9
0f08c
0f128
0f131
0f1e8
0f278
0f281
0f2f7
0f300
0f338
0f33e
0f41a
0f5a3
0f9b6
0fb8c
0fd01
0fd05
0fd0f
0fd13
0fd9f
0fe3c
0fe40
0fe44
0fe9b
0fe9f
0fed6
0feda
0fede
0fee2
0fee6
0feea
0feee
0fef2
0fef6
0fefa
0fefe
0ff02
0e33f
0e343
0e551
0e57a
0e580
0e6e3
0e6f2
0e7a1
0e87d
0e881
0e945
0e94c
0e973
0e979
0e98d
0eaa9
0ead3
0eaed
0eb74
0ecaa
0ecbb
0ecdb
0f0a5
0f0b4
0f140
0f1fa
0f203
0f215
0f21a
0f295
0f346
0f34f
0f3d7
0f448
0f8a2
0fb86
0fd2e
0fd32
0fd36
0fd40
0fdd2
0fdd6
0fe6d
0fe71
0fe75
0fed6
0ff07
0ff0b
0ff0f
0ff13
0ff17
0ff1b
0ff1f
0ff23
0ff27
0ff2b
0ff2f
0ff33
0ff37
0e37e
0e58c
0e5ad
0e5bb
0e5c5
0e727
0e7d8
0e7e6
0e8b6
0e97a
0e985
0e98f
0e9b0
0e9ba
0ea48
0ea4c
0eae5
0eb0e
0eb26
0ebc0
0ecdf
0ecf0
0f0c4
0f152
0f15b
0f194
0f224
0f22d
0f2a3
0f2ac
0f360
0f366
0f432
0f661
0fa1f
0fbf0
0fc33
0fc37
0fc3b
0fc3f
0fd70
0fd74
0fd78
0fe15
0ff07
0ff0b
0ff3c
0ff40
0ff44
0ff48
0ff4c
0ff50
0ff54
0ff58
0ff5c
0ff60
0ff64
0ff68
0e3b9
0e3bd
0e49a
0e5ee
0e5f4
0e756
0e766
0e78b
0e815
0e821
0e9bc
0e9c2
0e9e9
0e9ef
0ea03
0ea85
0eb1a
0eb28
0eb4e
0ebc7
0ebd7
0ebf9
0f0dd
0f0ec
0f16a
0f1a6
0f1af
0f23f
0f244
0f2bf
0f36e
0f377
0f38b
0f45c
0f90a
0fae7
0fc66
0fc6a
0fc6e
0fc72
0fda3
0fda7
0fdab
0fe48
0fe4c
0ff3c
0ff6d
0ff71
0ff75
0ff79
0ff7d
0ff81
0ff85
0ff89
0ff8d
0ff91
0ff95
0ff99
0ff9d
0e3f8
0e492
0e4b7
0e4c7
0e4d1
0e633
0e7c6
0e7ca
0e858
0e9f0
0e9fb
0ea05
0ea22
0ea2a
0eabe
0eac2
0eb5b
0eb7e
0eb96
0ec07
0ec2d
0ec49
0f0fb
0f17c
0f185
0f1be
0f24e
0f257
0f2cd
0f2d6
0f310
0f316
0f402
0f4e5
0fa83
0fb29
0fc9d
0fca1
0fca5
0fca9
0fdda
0fdde
0fde2
0fe79
0fea1
0fea5
0ff6f
0ffa0
0ffa4
0ffa8
0ffac
0ffb0
0ffb4
0ffb8
0ffbc
0ffc0
0ffc4
0ffc8
0e5a1
0e5a5
0e645
0e66d
0e674
0e7d8
0e7e6
0e96d
0e9f2
0ea01
0ea61
0ea6b
0eb80
0eb92
0eb9a
0ebc0
0ec5a
0ec5e
0ece8
0ed62
0ed6e
0ed85
0f113
0f11c
0f194
0f24e
0f257
0f2e7
0f2ec
0f361
0f394
0f39d
0f40e
0f4ac
0f661
0fbf0
0fc9b
0fe0a
0fe0e
0fe18
0fe1c
0fea8
0ff3f
0ff43
0ff47
0ffcf
0ffd3
0ffd7
0ffdb
0ffdf
0ffe3
0ffe7
0ffeb
0ffef
0fff3
0fff7
0fffb
0ffff
10003
0e5da
0e680
0e6a3
0e6af
0e6b9
0e81b
0e9a6
0e9aa
0ea2e
0ea66
0ea71
0ea7b
0ea9c
0eaa6
0ebc7
0ebd7
0ebf9
0ec93
0ec97
0ed92
0edaa
0edc6
0f12b
0f1a6
0f1af
0f266
0f2f6
0f2ff
0f371
0f379
0f3ad
0f3b3
0f45c
0f57d
0f9b6
0fc8f
0fe3d
0fe41
0fe45
0fe4f
0fed9
0fedd
0ff74
0ff78
0ffcd
0ffd1
10008
1000c
10010
10014
10018
1001c
10020
10024
10028
1002c
10030
10034
0e4ad
0e4b1
0e6bf
0e6e8
0e6ee
0e852
0e860
0e90d
0e9e1
0e9e5
0eaa7
0eaae
0ead5
0eadb
0eaef
0ec07
0ec2d
0ec49
0ecca
0edb5
0edc2
0edd7
0f13d
0f146
0f1be
0f278
0f281
0f293
0f298
0f311
0f3ba
0f3c3
0f426
0f484
0f5e9
0fb29
0fcff
0fe6e
0fe72
0fe7c
0fe80
0ff0e
0ff9f
0ffa3
0ffa7
10008
10039
1003d
10041
10045
10049
1004d
10051
10055
10059
1005d
10061
10065
10069
0e4ec
0e6fa
0e71d
0e729
0e733
0e895
0e942
0e950
0ea18
0eadc
0eae7
0eaf1
0eb12
0eb1c
0eba6
0ebaa
0ec41
0ec66
0ec80
0ed07
0eddb
0ede8
0f155
0f1d0
0f1d9
0f212
0f2a2
0f2ab
0f321
0f329
0f3d3
0f3d9
0f470
0f544
0fa1f
0fcf9
0fd6f
0fd73
0fd77
0fd7b
0feac
0feb0
0feb4
0ff4b
10039
1003d
1006e
10072
10076
1007a
1007e
10082
10086
1008a
1008e
10092
10096
1009a
0e527
0e52b
0e608
0e75c
0e762
0e8c5
0e8d4
0e8f7
0e97d
0e989
0eb1e
0eb24
0eb4b
0eb51
0eb65
0ebe1
0ec72
0ec82
0eca4
0ed0e
0ed1a
0ed31
0f167
0f170
0f1e8
0f224
0f22d
0f2bd
0f2c2
0f339
0f3e0
0f3e9
0f3f6
0f498
0f6a3
0fb8c
0fc32
0fda6
0fdaa
0fdae
0fdb2
0fee1
0fee5
0ff7c
0ff80
1006e
1009f
100a3
100a7
100ab
100af
100b3
100b7
100bb
100bf
100c3
100c7
100cb
100cf
0e566
0e600
0e629
0e635
0e63f
0e7a1
0e930
0e934
0e9be
0eb52
0eb5d
0eb67
0eb84
0eb8c
0ec18
0ec1c
0ecb3
0ecd4
0ecee
0ed3d
0ed56
0ed72
0f17f
0f1fa
0f203
0f23c
0f2cc
0f2d5
0f349
0f351
0f387
0f38d
0f448
0f4bf
0fa83
0fc1f
0fdd9
0fddd
0fde1
0fde5
0ff12
0ff16
0ff1a
0ffab
0ffd3
0ffd7
100a1
100d2
100d6
100da
100de
100e2
100e6
100ea
100ee
100f2
100f6
100fa
0e70f
0e713
0e7b3
0e7db
0e7e2
0e942
0e950
0eacf
0eb54
0eb63
0ebbf
0ebc9
0ecd6
0ece6
0ecec
0ed07
0ed7a
0ed7e
0ede2
0ee4c
0ee58
0ee69
0efa0
0f191
0f19a
0f212
0f2cc
0f2d5
0f360
0f366
0f3d4
0f3fe
0f404
0f48e
0f648
0f663
0fbf0
0fd98
0ff40
0ff44
0ff4e
0ff52
0ffda
10071
10075
10079
10101
10105
10109
1010d
10111
10115
10119
1011d
10121
10125
10129
1012d
10131
0e748
0e7ee
0e812
0e81d
0e827
0e983
0eb08
0eb0c
0eb90
0ebc4
0ebcd
0ebd3
0ebf8
0ec02
0ed0e
0ed1a
0ed31
0eda4
0eda8
0ee76
0ee88
0eea4
0eee8
0f1a9
0f224
0f22d
0f2e4
0f36e
0f377
0f3e3
0f3eb
0f40d
0f45c
0f4e7
0f6a3
0f6bc
0fc32
0fe08
0ff75
0ff79
0ff83
1000b
1000f
100a6
100aa
100ff
10134
10138
1013c
10140
10144
10148
1014c
10150
10154
10158
1015c
10160
0e61b
0e61f
0e82d
0e856
0e85c
0e9b8
0e9c6
0ea6f
0eb43
0eb47
0ec03
0ec0a
0ec2f
0ec35
0ec4b
0ed3d
0ed56
0ed72
0edcc
0ee93
0eea0
0eeaf
0ef05
0f1bb
0f1c4
0f23c
0f2f6
0f2ff
0f310
0f316
0f388
0f416
0f41c
0f4a2
0f4d4
0f4e7
0fb29
0fe02
0ffa0
0ffa4
0ffae
0ffb2
10040
100d1
100d5
100d9
10136
10167
1016b
1016f
10173
10177
1017b
1017f
10183
10187
1018b
1018f
10193
0e65a
0e868
0e88c
0e897
0e8a1
0e9f9
0eaa4
0eab2
0eb7a
0ec36
0ec3f
0ec45
0ec6a
0ec74
0ecfc
0ed00
0ed68
0ed80
0ed9c
0edfd
0eeb3
0eec0
0ef36
0f1d3
0f24e
0f257
0f290
0f31e
0f327
0f397
0f39f
0f425
0f470
0f51e
0f544
0f5a5
0fc9b
0fe6d
0feaf
0feb3
0feb7
0ffde
0ffe2
0ffe6
1007d
10165
10196
1019a
1019e
101a2
101a6
101aa
101ae
101b2
101b6
101ba
101be
101c2
0e695
0e699
0e776
0e8ca
0e8d0
0ea27
0ea36
0ea59
0eadf
0eaeb
0ec76
0ec7c
0eca1
0eca7
0ecbd
0ed28
0ed8c
0ed98
0edaf
0ee04
0ee10
0ee21
0ef53
0f1e5
0f1ee
0f266
0f2a2
0f2ab
0f338
0f33e
0f3ae
0f42e
0f434
0f47a
0f592
0f5a5
0fb8c
0fd63
0fee0
0fee4
0fee8
0feec
10013
10017
100ae
100b2
10198
101c9
101cd
101d1
101d5
101d9
101dd
101e1
101e5
101e9
101ed
101f1
101f5
0e6d4
0e76e
0e798
0e7a3
0e7ad
0e90d
0ea92
0ea96
0eb20
0eca8
0ecb1
0ecb7
0ecda
0ece2
0ed50
0ed54
0edbc
0edd0
0edec
0ee2d
0ee40
0ee5c
0ef84
0f1fd
0f278
0f281
0f2ba
0f346
0f34f
0f3bd
0f3c5
0f3f5
0f448
0f5dc
0f602
0f663
0fcff
0fda4
0ff15
0ff19
0ff1d
10044
10048
1004c
100dd
10103
101c7
101f8
101fc
10200
10204
10208
1020c
10210
10214
10218
1021c
10220
0decc
0ded7
0df1e
0df29
0df40
0e87f
0e91d
0e93f
0e949
0e954
0eaa9
0ec27
0ec2b
0ecb3
0ed04
0ed0a
0ed20
0ede0
0ede6
0edf8
0ee14
0eeba
0ef2c
0f055
0f20f
0f218
0f290
0f346
0f34d
0f3d3
0f3d9
0f427
0f444
0f48e
0f5fa
0f606
0f60a
0f60e
0f612
0f801
0fd2e
0fed3
10073
10077
10081
10085
10109
1019a
1019e
10224
10228
1022c
10230
10234
10238
1023c
10240
10244
10248
0df37
0df83
0df87
0df96
0e8b4
0e8b8
0e95a
0e981
0e987
0eadf
0eaeb
0ec62
0ecdf
0ecf0
0ed12
0ed18
0ed2e
0ed34
0ed4a
0ee0a
0ee1c
0ee38
0ef5d
0efc7
0f227
0f2a2
0f2ab
0f35c
0f3e0
0f3e9
0f42f
0f44c
0f450
0f592
0f661
0f667
0f66b
0f66f
0f6a2
0f838
0fd6e
100a4
100a8
100ac
100b6
10138
1013c
101cd
101d1
10226
1024c
10250
10254
10258
1025c
10260
10264
10268
0df99
0dfa5
0dfe6
0dff1
0e008
0e78b
0e993
0e9b5
0e9c0
0e9ca
0eb20
0ebc7
0ebd7
0ec9b
0ed35
0ed3f
0ed46
0ed5a
0ed64
0ee28
0ee34
0ee45
0ef7a
0efde
0f239
0f242
0f2ba
0f36e
0f375
0f387
0f38d
0f3f7
0f458
0f4a2
0f5dc
0f6ba
0f6c0
0f6c4
0f6c8
0f70d
0fc66
0ff39
100d3
100d7
100e1
100e5
1016b
101f8
101fc
1024a
1026c
10270
10274
10278
1027c
10280
10284
10288
1028c
0dde9
0ddf4
0de0b
0dfff
0e7c6
0e7ca
0e9d0
0e9f7
0e9fd
0eb54
0eb63
0ec07
0ecce
0ecd2
0ed66
0ed6c
0ed82
0ed88
0ed9e
0ee52
0ee64
0ee80
0efaa
0f003
0f251
0f2cc
0f2d5
0f30c
0f394
0f39d
0f3ff
0f460
0f464
0f4d0
0f4e9
0f4ed
0f4f1
0f4f5
0f63b
0f787
0fdd8
0ffde
0ffe2
0ffe6
0ffea
1010d
10111
101a2
101a6
1026e
10290
10294
10298
1029c
102a0
102a4
102a8
102ac
0ddfe
0de09
0de50
0de5b
0de72
0e805
0e8e2
0ea1e
0ea30
0ea38
0eb90
0ebb5
0ebb9
0ec41
0ed89
0ed94
0ed9a
0edae
0edb8
0ee70
0ee7c
0ee8d
0eede
0f01a
0f263
0f26c
0f2e4
0f31e
0f325
0f3ad
0f3b3
0f40f
0f46c
0f47a
0f544
0f54a
0f54e
0f552
0f57c
0f787
0fcca
0fea0
10013
10017
1001b
1001f
10140
10144
101d5
1028e
102b0
102b4
102b8
102bc
102c0
102c4
102c8
102cc
102d0
0de69
0deb5
0deb9
0dec8
0e840
0e844
0e8de
0e90b
0e911
0ea69
0ea77
0ebf0
0ec72
0ec82
0edba
0edc0
0edd4
0edda
0edee
0ee9a
0eea8
0eec4
0ef0f
0f03f
0f27b
0f2f6
0f2ff
0f334
0f3ba
0f3c3
0f417
0f438
0f43c
0f4d4
0f5a3
0f5a9
0f5ad
0f5b1
0f5e8
0f801
0fe3c
10044
10048
1004c
10050
1016f
10173
10200
10204
1022a
102b2
102d4
102d8
102dc
102e0
102e4
102e8
102ec
0ddf4
0de0b
0defd
0dfde
0dfe2
0dfff
0e0d1
0e0d9
0e111
0e9e1
0e9e5
0ea81
0eaa7
0eaae
0ec00
0ec10
0edbc
0edfa
0ee00
0ee16
0eeb8
0eebe
0ef2c
0effc
0f0fe
0f28d
0f296
0f30c
0f3ba
0f3c1
0f425
0f461
0f47e
0f482
0f4e5
0f4eb
0f4ef
0f4f9
0f532
0f5e8
0f5ec
0f5f0
0f7c7
0f7cb
0f989
10006
1019c
101a0
101aa
1022c
10230
102f2
102f6
102fa
102fe
10302
10306
1030a
1030e
0dde3
0ddfe
0de09
0de61
0df62
0df66
0e118
0e153
0e161
0ea18
0eaba
0eadc
0eae7
0eaf1
0ec41
0eddb
0ede8
0ee08
0ee0e
0ee1e
0ee24
0ee3a
0ef5d
0f021
0f079
0f2a5
0f31e
0f325
0f3cf
0f42e
0f434
0f46d
0f48a
0f52f
0f548
0f54c
0f556
0f55a
0f645
0f649
0f64d
0f651
0f806
0f87c
0fd6f
101cb
101cf
101d9
101dd
10250
102f0
10310
10314
10318
1031c
10320
10324
10328
0de48
0de4c
0de69
0dec2
0ded9
0dfc7
0e15b
0e163
0e196
0e8f5
0e8f9
0eaf7
0eb1e
0eb24
0ec72
0ec82
0ed14
0ee25
0ee2f
0ee36
0ee44
0ee4e
0ef7a
0f038
0f08f
0f2b7
0f2c0
0f334
0f3e0
0f3e7
0f3f5
0f439
0f492
0f496
0f5a3
0f5a9
0f5ad
0f5b7
0f5db
0f6a2
0f6a6
0f6aa
0f83b
0f83f
0f8b3
1006c
101fa
101fe
10208
10270
10274
10312
1032e
10332
10336
1033a
1033e
10342
10346
0ddbb
0deaf
0deb3
0ded0
0df29
0df40
0e042
0e19a
0e1a0
0e932
0eb30
0eb52
0eb5d
0eb67
0ecb3
0ed38
0ed44
0ee50
0ee56
0ee66
0ee6c
0ee82
0efaa
0f05c
0f0b1
0f2cf
0f346
0f34d
0f383
0f3fe
0f404
0f445
0f49e
0f4bd
0f4c1
0f4c5
0f5f9
0f605
0f609
0f60d
0f617
0f63c
0f712
0f8b3
0fdd9
1010d
10111
10115
10119
10294
1032c
10348
1034c
10350
10354
10358
1035c
10360
0de20
0de24
0df18
0df33
0df3e
0df96
0e047
0e04f
0e087
0e96b
0e96f
0ea46
0eb8e
0eb94
0ecdf
0ecf0
0ed68
0ee6d
0ee78
0ee7e
0ee8c
0ee96
0eede
0efc0
0f0c7
0f2e1
0f2ea
0f35c
0f394
0f39b
0f40d
0f44d
0f4a6
0f4aa
0f51e
0f522
0f526
0f660
0f666
0f66a
0f674
0f678
0f74d
0f751
0f921
0ffd3
10140
10144
10148
102b4
102b8
1034a
10366
1036a
1036e
10372
10376
1037a
1037e
0de89
0df7d
0df81
0df9e
0dff1
0e008
0e08e
0e0c9
0e0d7
0e9a8
0ea3e
0ea66
0ea71
0ea7b
0ebcf
0ed8c
0ed98
0ee98
0ee9e
0eeac
0eeb2
0eec6
0ef0f
0efe5
0f0e9
0f2f9
0f36e
0f375
0f3a9
0f416
0f41c
0f459
0f476
0f4d4
0f57d
0f581
0f585
0f6b9
0f6bf
0f6c3
0f6cd
0f6d1
0f78c
0f921
0fe3d
1016f
10173
10177
1017b
102d4
102f4
10364
10380
10384
10388
1038c
10390
10394
0df50
0df64
0df6e
0df94
0dfa2
0e05d
0e070
0e087
0e092
0e153
0e218
0e225
0e448
0eeeb
0efa3
0efae
0f16e
0f35b
0f456
0f51f
0f635
0f640
0f65b
0f67a
0f695
0f6d2
0f72f
0f754
0f778
0f791
0f7fb
0f896
0f8ad
0f8b7
0f8d3
0f8ec
0f8f0
0fa15
0fa32
0fa64
0fabd
0faed
0fb03
0fbd7
0fc26
0fc33
0fc43
0fcd4
0fd7f
10398
1039c
103a0
103a4
103a8
103ac
103b0
103b4
0dfb2
0dfc7
0dfcf
0dff6
0e002
0e0a2
0e0b5
0e0cc
0e0d7
0e192
0e257
0e263
0e47f
0eee1
0eeec
0ef12
0f183
0f36f
0f460
0f4b6
0f4d1
0f4fd
0f5e6
0f69d
0f6b4
0f6d6
0f76c
0f795
0f7b9
0f7ce
0f832
0f864
0f8cf
0f8f2
0f8f6
0f915
0f925
0f9af
0fa68
0fa85
0fa9b
0fb08
0fb2a
0fb3a
0fc20
0fc5f
0fc76
0fc7a
0fdb4
10399
103bb
103bf
103c3
103c7
103cb
103cf
103d3
0ddbb
0ddcb
0ddd2
0ddf8
0de06
0e03f
0e0f4
0e10a
0e118
0e121
0e296
0e2a2
0e354
0ef08
0ef13
0ef39
0f11a
0f30b
0f46a
0f4b1
0f4c1
0f4da
0f4e8
0f503
0f535
0f55e
0f6ff
0f710
0f7d0
0f7ef
0f809
0f89b
0f906
0f929
0f92d
0f94c
0f95c
0f9e4
0fa9d
0fab5
0faca
0fb1e
0fb57
0fb6d
0fc5b
0fc94
0fcab
0fcaf
0fde9
103b9
103da
103de
103e2
103e6
103ea
103ee
103f2
0de22
0de32
0de39
0de5f
0de6d
0e084
0e139
0e14f
0e15d
0e166
0e2d5
0e2e1
0e38b
0ef2f
0ef3a
0ef60
0f12f
0f31f
0f438
0f516
0f521
0f539
0f547
0f562
0f594
0f5bd
0f73c
0f74d
0f80d
0f826
0f840
0f8d4
0f93d
0f960
0f964
0f97f
0f98d
0f9ab
0f9c5
0fa19
0face
0fb53
0fb8e
0fba2
0fc2c
0fcb1
0fcd6
0fce2
0fd68
103d8
103f9
103fd
10401
10405
10409
1040d
10411
0de89
0de99
0dea0
0dec6
0ded4
0e0c9
0e178
0e18e
0e19c
0e1a5
0e30e
0e31a
0e3ce
0ef56
0ef61
0ef87
0f144
0f333
0f442
0f4bc
0f57f
0f597
0f59e
0f5c0
0f5de
0f61b
0f6f2
0f6f8
0f716
0f77b
0f78a
0f85f
0f867
0f87e
0f882
0f983
0f993
0f9a5
0f9cb
0f9fa
0fa59
0fb88
0fbc3
0fbd9
0fc61
0fce6
0fd0b
0fd17
0fd9d
103f7
10418
1041c
10420
10424
10428
1042c
10430
0dee7
0defd
0df07
0df2d
0df3b
0e018
0e02b
0e042
0e04d
0e10e
0e1d9
0e1e5
0e40b
0ef7d
0ef88
0efad
0f159
0f347
0f44c
0f4c2
0f5d6
0f5e2
0f5fc
0f61e
0f63e
0f67d
0f6ec
0f71b
0f73d
0f757
0f7be
0f859
0f876
0f886
0f89e
0f8bb
0f8bf
0f9e0
0fa00
0fa33
0fa8e
0fbbd
0fbf2
0fc0a
0fc96
0fd1b
0fd3a
0fd48
0fdd2
1039a
10436
1043a
1043e
10442
10446
1044a
1044e
0e12d
0e136
0e13f
0e156
0e162
0e1f4
0e205
0e219
0e225
0e2cc
0e38e
0e39a
0e5a7
0eeef
0efc9
0f055
0f05c
0f1eb
0f3ce
0f537
0f63f
0f7e5
0f7f0
0f7fd
0f810
0f827
0f847
0f8b4
0f8d4
0f8eb
0f944
0f9dd
0f9f5
0fa03
0fa1b
0fa33
0fa39
0fb53
0fb76
0fba2
0fbfd
0fc2c
0fc41
0fd1d
0fd64
0fd70
0fd82
0fe12
0febb
1039b
1039f
10435
10455
10459
1045d
10461
10465
0e16c
0e175
0e17e
0e196
0e1a0
0e233
0e244
0e258
0e263
0e305
0e3ca
0e3d7
0e5e0
0eefa
0efc0
0efc7
0efe7
0f200
0f3e1
0f4bc
0f59c
0f6f1
0f700
0f716
0f829
0f835
0f849
0f8f1
0f90c
0f922
0f976
0f9ae
0fa16
0fa3a
0fa3e
0fa5b
0fa6c
0faef
0fba7
0fbc4
0fbdf
0fc48
0fc68
0fc78
0fd5e
0fd9f
0fdb4
0fdb9
0feee
103a0
103bd
10419
1046b
1046f
10473
10477
1047b
0e017
0e023
0e02b
0e042
0e04d
0e1d0
0e280
0e291
0e29a
0e2a7
0e407
0e414
0e4b9
0ef22
0efde
0efe5
0f005
0f197
0f382
0f4c2
0f5e0
0f6eb
0f702
0f709
0f71d
0f73f
0f759
0f878
0f928
0f943
0f959
0f9e3
0fa4b
0fa6f
0fa73
0fa90
0faa1
0fb24
0fbde
0fbf3
0fc0e
0fc5c
0fc96
0fcab
0fd99
0fdd4
0fde9
0fdee
0ff21
103bf
103dc
10438
10481
10485
10489
1048d
10491
0e05c
0e068
0e070
0e087
0e092
0e217
0e2bf
0e2d0
0e2d9
0e2e6
0e444
0e451
0e4f6
0ef48
0effc
0f003
0f023
0f1ac
0f395
0f51f
0f640
0f72e
0f73f
0f746
0f75a
0f77c
0f796
0f8af
0f95f
0f975
0f98a
0fa18
0fa80
0faa4
0faa8
0fabf
0fad0
0fae9
0fb03
0fb59
0fc10
0fc91
0fccd
0fce0
0fd68
0fdf0
0fe14
0fe21
0fea6
103a1
103fb
103ff
10497
1049b
1049f
104a3
104a7
0e0a1
0e0ad
0e0b5
0e0cc
0e0d7
0e24e
0e2f8
0e309
0e312
0e31f
0e47b
0e488
0e533
0ef58
0f01a
0f021
0f041
0f1c1
0f3a8
0f57e
0f69d
0f76a
0f77c
0f783
0f797
0f7b3
0f7d3
0f864
0f86d
0f889
0f8e6
0f9a8
0f9b1
0f9c8
0f9cf
0fac3
0fad5
0fae3
0fb0d
0fb38
0fb99
0fcc6
0fd01
0fd15
0fd9d
0fe25
0fe49
0fe56
0fed9
103c0
1041a
1041e
104ad
104b1
104b5
104b9
104bd
0e0e8
0e0f1
0e0fa
0e111
0e11c
0e1b5
0e1c6
0e1da
0e1e5
0e28d
0e350
0e35d
0e570
0ef7f
0f038
0f03f
0f05e
0f1d6
0f3bb
0f4d9
0f5e1
0f7a8
0f7b3
0f7c0
0f7d4
0f7f0
0f812
0f883
0f89d
0f8ba
0f90d
0f9a3
0f9c0
0f9d2
0f9e6
0f9fe
0fa09
0fb1e
0fb42
0fb6d
0fbce
0fcfb
0fd31
0fd46
0fdd2
0fe5a
0fe78
0fe87
0ff0c
103df
10439
1043d
104c2
104c6
104ca
104ce
104d2
0e2b3
0e2bb
0e2c5
0e2d6
0e2e1
0e36c
0e37d
0e393
0e39a
0e43c
0e4fd
0e508
0e71f
0ef31
0efca
0f07b
0f0fe
0f104
0f269
0f538
0f744
0f93b
0f946
0f953
0f961
0f978
0f998
0f9fd
0fa1a
0fa33
0fa88
0fb1c
0fb33
0fb44
0fb5a
0fb6f
0fb7a
0fc91
0fcb6
0fce0
0fd39
0fd6a
0fd81
0fe5c
0fea2
0feac
0febe
0ff48
0ffed
103df
103fd
10456
104d7
104db
104df
104e3
104e7
0e2ed
0e2f6
0e2fe
0e30f
0e31a
0e3a9
0e3ba
0e3d0
0e3d7
0e473
0e539
0e546
0e756
0ef58
0efc5
0f073
0f079
0f097
0f27e
0f597
0f77b
0f85f
0f86c
0f87e
0f97a
0f986
0f999
0fa30
0fa53
0fa64
0fab8
0faec
0fb54
0fb73
0fb7e
0fb9a
0fbad
0fc2d
0fce6
0fd02
0fd20
0fd87
0fda5
0fdb8
0fe9c
0fedb
0feee
0fef3
10020
103a0
1041b
1046c
104eb
104ef
104f3
104f7
104fb
0e1b6
0e1c1
0e1c9
0e1da
0e1e5
0e348
0e3f4
0e408
0e410
0e419
0e576
0e582
0e62c
0ef7f
0efe3
0f08f
0f095
0f0b3
0f215
0f5e1
0f7b1
0f859
0f870
0f877
0f885
0f8a7
0f8c2
0f9c2
0fa68
0fa87
0fa99
0fb21
0fb89
0fba8
0fbb3
0fbcf
0fbe2
0fc62
0fd1b
0fd32
0fd4f
0fd9a
0fdd4
0fdeb
0fed5
0ff0e
0ff21
0ff26
10053
103bf
1043a
10482
104ff
10503
10507
1050b
1050f
0e1f5
0e200
0e208
0e219
0e225
0e386
0e431
0e445
0e44d
0e456
0e5b3
0e5bf
0e669
0ef94
0f001
0f0ab
0f0b1
0f0cf
0f22a
0f63f
0f7ec
0f896
0f8a7
0f8ae
0f8b6
0f8de
0f8f9
0f9f7
0fa9d
0fab7
0fac8
0fb56
0fbbe
0fbdd
0fbe8
0fbfe
0fc11
0fc27
0fc41
0fc97
0fd50
0fdcf
0fe0a
0fe20
0fea6
0ff28
0ff4a
0ff57
0ffd8
1039b
103de
10498
10513
10517
1051b
1051f
10523
0e232
0e23f
0e247
0e258
0e263
0e3bf
0e468
0e47c
0e484
0e48c
0e5ea
0e5f6
0e6a6
0eee3
0f01f
0f0c7
0f0cd
0f0eb
0f23f
0f4d1
0f823
0f8cd
0f8de
0f8e5
0f8f3
0f90f
0f930
0f9ae
0f9ba
0f9d5
0fa2c
0fae7
0faf0
0fb05
0fb10
0fc01
0fc15
0fc21
0fc4d
0fc76
0fcd5
0fe04
0fe3f
0fe55
0fed9
0ff5b
0ff7d
0ff8a
1000b
103a1
103bc
104ae
10527
1052b
1052f
10533
10537
0e274
0e27c
0e286
0e297
0e2a2
0e32f
0e340
0e356
0e35d
0e3ff
0e4bf
0e4cb
0e6e3
0ef0a
0f03d
0f0e3
0f0e9
0f106
0f254
0f4d8
0f707
0f904
0f90f
0f91c
0f92a
0f946
0f968
0f9c9
0f9e5
0f9fa
0fa54
0fae1
0fafe
0fb12
0fb25
0fb3a
0fb49
0fc5c
0fc82
0fcab
0fd0a
0fe39
0fe6f
0fe86
0ff0c
0ff8e
0ffaa
0ffb9
1003e
103c0
103db
104c3
10528
1053e
10542
10546
1054a
0e426
0e42f
0e437
0e445
0e451
0e4db
0e4eb
0e500
0e508
0e5b0
0e66a
0e676
0e88e
0eeff
0f001
0f07c
0f11b
0f182
0f2e7
0f741
0f8ae
0fa7d
0fa88
0fa95
0faa5
0fab5
0facf
0fb3c
0fb57
0fb6d
0fbc6
0fc5a
0fc71
0fc84
0fc95
0fcad
0fcb8
0fdcf
0fdf1
0fe20
0fe77
0fea8
0febd
0ff90
0ffd4
0ffde
0fff0
1007a
1011b
103c5
103df
103e6
10498
104db
10551
10555
10559
0e45e
0e466
0e46e
0e47c
0e488
0e518
0e528
0e53e
0e546
0e5e7
0e6a7
0e6b3
0e8c5
0ef26
0f01f
0f078
0f119
0f130
0f2fc
0f77e
0f8dd
0f9a8
0f9b7
0f9c6
0faba
0fac6
0fada
0fb71
0fb8e
0fba2
0fbf5
0fc2c
0fc92
0fcb4
0fcbc
0fcd7
0fce4
0fd69
0fe1f
0fe40
0fe5f
0fec3
0fedf
0fef2
0ffce
1000d
10020
10025
1014c
103e5
10400
10405
104ae
104ef
10560
10564
10568
0e330
0e33c
0e343
0e351
0e35d
0e4bc
0e562
0e577
0e57f
0e587
0e6e4
0e6f1
0e79b
0ef4d
0f03d
0f094
0f12e
0f145
0f293
0f7b5
0f90d
0f9a3
0f9bb
0f9c1
0f9d1
0f9ed
0fa06
0fb00
0fba6
0fbc3
0fbd9
0fc61
0fcc7
0fce9
0fcf1
0fd0c
0fd19
0fd9e
0fe54
0fe70
0fe8e
0fed6
0ff0e
0ff23
10007
10040
10053
10058
1017d
10404
1041f
10424
104c3
10503
1056f
10573
10577
0e36d
0e379
0e380
0e391
0e39a
0e4f9
0e59f
0e5b4
0e5bc
0e5c4
0e720
0e72e
0e7d8
0ef74
0f04c
0f0b0
0f143
0f15a
0f2a8
0f7f1
0f944
0f9dd
0f9f0
0f9f6
0fa02
0fa21
0fa36
0fb35
0fbdd
0fbf2
0fc0a
0fc96
0fcfc
0fd1d
0fd26
0fd3b
0fd4a
0fd65
0fd81
0fdd3
0fe85
0ff09
0ff40
0ff56
0ffd8
1005a
1007c
10089
10106
10423
1043c
10442
10456
10517
1057e
10582
10586
0e3aa
0e3b5
0e3bd
0e3cb
0e3d7
0e535
0e5d6
0e5eb
0e5f3
0e5fb
0e757
0e764
0e815
0ef9a
0efc5
0f0cc
0f158
0f16f
0f2bd
0f6fc
0f976
0fa13
0fa24
0fa2b
0fa3b
0fa51
0fa6b
0faec
0faf5
0fb0e
0fb6a
0fc25
0fc2b
0fc43
0fc4e
0fd3f
0fd53
0fd5f
0fd87
0fdb6
0fe13
0ff3c
0ff73
0ff89
1000b
1008d
100af
100bc
10137
1039c
103a5
103a9
1046c
1052b
1058d
10591
10595
0e3ea
0e3f2
0e3fa
0e408
0e414
0e49e
0e4ae
0e4c4
0e4cb
0e573
0e62d
0e63a
0e852
0eed8
0efe3
0f0e8
0f16d
0f184
0f2d2
0f704
0f877
0fa48
0fa54
0fa60
0fa70
0fa85
0faa0
0fb07
0fb22
0fb38
0fb91
0fc1f
0fc3c
0fc50
0fc60
0fc78
0fc87
0fd9a
0fdbc
0fdeb
0fe48
0ff6f
0ffa0
0ffb8
1003e
100c0
100dc
100eb
10168
103a7
103c0
103c7
10482
1053e
1059c
105a0
105a4
0e593
0e59c
0e5a5
0e5b6
0e5bf
0e648
0e659
0e66e
0e676
0e718
0e7d3
0e7e4
0e9f2
0ef70
0efdc
0f0d6
0f199
0f200
0f363
0f8a9
0f9f6
0fbba
0fbc6
0fbd3
0fbe6
0fbf3
0fc11
0fc7c
0fc96
0fcab
0fd04
0fd98
0fdaf
0fdc2
0fdd5
0fdeb
0fdf6
0ff09
0ff29
0ff56
0ffa9
0ffda
0ffef
100c2
10102
1010c
1011e
101a2
10232
103da
10482
10488
10516
10551
105ab
105af
105b3
0e5ca
0e5d3
0e5dc
0e5ed
0e5f6
0e685
0e696
0e6ac
0e6b3
0e751
0e810
0e821
0ea27
0ef96
0effa
0f0f2
0f197
0f1ae
0f377
0f8e0
0fa25
0fae7
0faf4
0fb0b
0fbf7
0fc04
0fc19
0fcb1
0fccd
0fce0
0fd34
0fd68
0fdd0
0fdf3
0fdfa
0fe15
0fe23
0fea7
0ff55
0ff74
0ff93
0fff5
10011
10024
100fe
10139
1014c
10151
10254
103a1
10498
1049e
1052a
10560
105ba
105be
105c2
0e49d
0e4a9
0e4b1
0e4c2
0e4cb
0e624
0e6d0
0e6df
0e6ed
0e6f5
0e84d
0e85e
0e907
0ef50
0f018
0f10d
0f1ac
0f1c3
0f313
0f911
0fa54
0fae1
0faf8
0faff
0fb12
0fb2c
0fb47
0fc3e
0fce6
0fd01
0fd15
0fd9d
0fe05
0fe28
0fe2f
0fe4a
0fe58
0feda
0ff88
0ffa1
0ffc0
10008
10040
10055
10133
1016a
1017d
10182
10276
103c0
104ae
104b4
1053d
1056f
105c9
105cd
105d1
0e4da
0e4e7
0e4ee
0e500
0e508
0e661
0e70d
0e71c
0e72a
0e732
0e88a
0e89c
0e942
0ef77
0f036
0f103
0f1c1
0f1d8
0f327
0f947
0fa88
0fb1c
0fb2e
0fb34
0fb44
0fb60
0fb78
0fc73
0fd1b
0fd31
0fd46
0fdd2
0fe3a
0fe5c
0fe64
0fe79
0fe89
0fea3
0febd
0ff0d
0ffb7
1003b
10072
10088
10106
10184
101a4
101b1
1022c
103df
104c3
104c9
104da
1057e
105d8
105dc
105e0
0e517
0e523
0e52b
0e53c
0e546
0e69e
0e744
0e755
0e761
0e769
0e8c3
0e8d2
0e97d
0ef9d
0f053
0f09e
0f1d6
0f1ed
0f33b
0f86b
0fab8
0fb51
0fb62
0fb69
0fb7c
0fb8f
0fbad
0fc2a
0fc34
0fc4e
0fca8
0fd63
0fd6b
0fd81
0fd8c
0fe7d
0fe91
0fe9d
0fec3
0fef0
0ff49
1006e
100a6
100bb
10137
101b5
101d5
101e2
1024e
1039c
10457
1045d
104ee
1058d
105e7
105eb
105ef
0e556
0e55f
0e568
0e579
0e582
0e60b
0e61c
0e632
0e63a
0e6db
0e796
0e7a7
0e9b8
0ef49
0efbe
0f0ba
0f1eb
0f202
0f34f
0f872
0f9c1
0fb86
0fb91
0fb9e
0fbb1
0fbc4
0fbe2
0fc47
0fc61
0fc76
0fcd0
0fd5d
0fd7a
0fd8e
0fda0
0fdb6
0fdc5
0fed6
0fef6
0ff23
0ff7c
100a1
100d3
100ea
10168
101e6
10202
10211
10270
103bb
1046c
10472
10502
1059c
105f6
105fa
105fe
0e701
0e70b
0e713
0e722
0e72e
0e7b6
0e7c7
0e7dc
0e7e4
0e883
0e93d
0e94e
0eb54
0ef77
0f08a
0f161
0f217
0f27e
0f3d6
0f606
0f9f3
0fb34
0fcf9
0fd04
0fd11
0fd24
0fd32
0fd51
0fdbb
0fdd4
0fdeb
0fe42
0fed4
0fee9
0fefc
0ff0f
0ff23
0ff2e
1003b
1005b
10088
100db
10108
1011d
101e8
10228
10232
10237
102da
1043a
10502
10507
1057d
105ab
10605
10609
1060d
0e739
0e742
0e74a
0e759
0e764
0e7f3
0e804
0e81a
0e821
0e8ba
0e978
0e98a
0eb89
0ef9d
0f0a6
0f176
0f215
0f22c
0f3e9
0f665
0fa26
0fb63
0fc25
0fc33
0fc4c
0fd36
0fd42
0fd57
0fdf0
0fe0a
0fe20
0fe72
0fea6
0ff0a
0ff2b
0ff32
0ff4b
0ff59
0ffd9
10087
100a7
100c5
10123
1013e
10150
10224
10250
10257
102b4
1039c
10516
1051b
1058c
105ba
10614
10618
1061c
0e60a
0e618
0e61f
0e62e
0e63a
0e78f
0e83e
0e84e
0e85b
0e863
0e9b3
0e9c5
0ea69
0eedb
0f0c2
0f18b
0f22a
0f241
0f38a
0f6be
0fa57
0fb91
0fc1f
0fc37
0fc3d
0fc50
0fc6a
0fc87
0fd7c
0fe25
0fe3f
0fe55
0fed9
0ff3d
0ff5e
0ff65
0ff7e
0ff8c
1000c
100ba
100d4
100f2
10134
1016a
1017f
1024a
10272
10279
102d2
103bb
1052a
1052f
1059b
105c9
10623
10627
1062b
0e647
0e655
0e65c
0e66b
0e676
0e7cc
0e87b
0e88b
0e898
0e8a0
0e9ee
0ea00
0eaa4
0ef02
0f0de
0f122
0f23f
0f256
0f39d
0f4e9
0fa8a
0fbc6
0fc5a
0fc6c
0fc72
0fc84
0fc9e
0fcb8
0fdb1
0fe5a
0fe6f
0fe86
0ff0c
0ff70
0ff90
0ff98
0ffab
0ffbb
0ffd5
0ffef
1003f
100e9
10165
1019a
101b0
1022c
1027d
10298
1029d
103da
1053d
10542
10550
105d8
10632
10636
1063a
0e684
0e691
0e699
0e6a9
0e6b3
0e809
0e8b2
0e8c4
0e8cf
0e8d7
0ea25
0ea34
0eadf
0ef29
0f0f9
0f137
0f254
0f26b
0f3b0
0f548
0f9b5
0fbf5
0fc8f
0fca0
0fca7
0fcba
0fcce
0fced
0fd68
0fd71
0fd8c
0fde6
0fea1
0fea9
0febd
0fec8
0ffaf
0ffc3
0ffcf
0fff5
10022
1007b
10196
101cb
101e1
1024e
1029f
102ba
102bf
103fc
104db
104e0
1055f
105e7
10641
10645
10649
0e6c5
0e6ce
0e6d6
0e6e5
0e6f1
0e779
0e78a
0e7a0
0e7a7
0e846
0e902
0e914
0eb1a
0ef50
0f06e
0f14c
0f269
0f280
0f3c3
0f5a7
0f9be
0faff
0fcc4
0fcd0
0fcdc
0fcef
0fd02
0fd22
0fd86
0fd9f
0fdb6
0fe0d
0fe9b
0feb6
0feca
0fedc
0fef0
0feff
10008
10028
10055
100ae
101c7
101f8
10210
10270
102c1
102d8
102df
1041b
104ee
104f3
1056e
105f6
10650
10654
10658
0e86f
0e879
0e881
0e891
0e89c
0e922
0e931
0e946
0e94e
0e9e7
0ea9f
0eab0
0ecaa
0f037
0f129
0f1df
0f295
0f2fc
0f425
0f4f9
0f5ed
0f606
0fb31
0fc72
0fe37
0fe42
0fe4f
0fe62
0fe70
0fe8f
0fef5
0ff0e
0ff23
0ff76
10006
1001b
1002e
10041
10055
10060
10165
10185
101b0
10201
1022e
10236
102da
102f8
102fd
104c3
1056e
10573
105d7
10605
1065f
10663
10667
0e8a7
0e8b0
0e8b8
0e8c8
0e8d2
0e95d
0e96c
0e982
0e98a
0ea1c
0eada
0eaec
0ecdf
0f054
0f13e
0f1f4
0f293
0f2aa
0f431
0f558
0f64d
0f665
0fb64
0fca1
0fd63
0fd70
0fd8b
0fe74
0fe80
0fe95
0ff28
0ff40
0ff56
0ffa3
0ffd8
1003c
1005d
10064
1007d
1008b
10107
101af
101cc
101eb
1023a
10256
102e1
102ff
10317
10456
1057d
10582
105e6
10614
1066e
10672
10676
0e77a
0e785
0e78d
0e79d
0e7a7
0e8fb
0e9a4
0e9b4
0e9c1
0e9c9
0eb15
0eb26
0ebc7
0efbf
0f153
0f209
0f2a8
0f2bf
0f3f5
0f5b7
0f6a7
0f6be
0fb93
0fcd0
0fd5d
0fd74
0fd7b
0fd8e
0fda7
0fdc5
0feb8
0ff5b
0ff73
0ff89
1000b
1006f
10090
10097
100b0
100be
10138
101e0
101f9
10218
1024b
10272
1027a
1031b
10333
1046c
1058c
10591
105f5
10623
1067d
10681
10685
0e7b7
0e7c2
0e7ca
0e7da
0e7e4
0e936
0e9df
0e9ef
0e9fc
0ea04
0eb50
0eb61
0ec00
0efdd
0f168
0f1a0
0f2bd
0f2d4
0f401
0f4c3
0f4e9
0f616
0fbc8
0fd04
0fd98
0fda9
0fdb0
0fdc2
0fddc
0fdf6
0feeb
0ff8e
0ffa0
0ffb8
1003e
100a2
100c2
100ca
100dd
100ed
10103
1011d
10169
1020f
1026d
10294
1029c
10337
1034f
10482
1059b
105a0
105aa
10632
1068c
10690
10694
0e7f4
0e7ff
0e807
0e817
0e821
0e971
0ea14
0ea26
0ea31
0ea39
0eb87
0eb96
0ec39
0effb
0f17d
0f1b5
0f2d2
0f2e9
0f40d
0f522
0f548
0f675
0faf2
0fd34
0fdcd
0fdde
0fde5
0fdf8
0fe0b
0fe2b
0fea6
0fead
0fec8
0ff1e
0ffd3
0ffdb
0ffef
0fffa
100e1
100f5
100ff
10123
1014e
101a3
1028f
102b6
102be
10353
1036b
10498
10551
10556
105b9
10641
1069b
1069f
106a3
0e832
0e83c
0e844
0e854
0e85e
0e8e7
0e8f6
0e90c
0e914
0e9ac
0ea64
0ea75
0ec72
0f019
0f114
0f1ca
0f2e7
0f2fe
0f419
0f581
0f5a7
0f6ce
0fafa
0fc3d
0fe02
0fe0d
0fe1a
0fe2d
0fe40
0fe60
0fec2
0fedb
0fef0
0ff43
0ffcd
0ffe8
0fffc
1000e
10022
10031
10134
10154
1017f
101d4
102b1
102d4
102de
1036f
10385
104ae
1055f
10564
105c8
10650
106aa
106ae
106b2
0e9d3
0e9dd
0e9e5
0e9f5
0ea00
0ea84
0ea93
0eaa8
0eab0
0eb49
0ebfb
0ec0c
0edb5
0f0e2
0f1a7
0f25d
0f310
0f377
0f462
0f4b8
0f4d6
0f4e9
0f4f9
0f506
0f5ed
0f6d5
0f7b8
0fda9
0fe44
0ff70
0ff79
0ff8e
0ff9f
0ffc0
10009
1003e
10045
10060
100b6
10147
1015a
1016b
1017f
1018a
1026d
1027e
102d2
102fa
10371
103ca
105bc
105cc
10630
1065e
106b8
106bc
106c0
0ea08
0ea12
0ea1a
0ea2a
0ea34
0eabf
0eace
0eae4
0eaec
0eb7e
0ec34
0ec45
0eddb
0f0fd
0f1bc
0f272
0f313
0f324
0f46c
0f4b2
0f52a
0f543
0f54b
0f55c
0f567
0f652
0f7f5
0fd6f
0fde6
0fea4
0febd
0ffa3
0ffb0
0ffc3
1003c
10071
1007e
10093
100e3
10166
10187
1018e
101a5
101b3
1022d
10299
102bd
102ff
10318
103e9
105cc
105db
1063f
1066d
106c6
106ca
106ce
0e8e8
0e8f1
0e8f9
0e909
0e914
0ea5d
0eb06
0eb16
0eb23
0eb2b
0ec6d
0ec7f
0ed0e
0f072
0f1d1
0f287
0f327
0f338
0f43a
0f517
0f589
0f5a2
0f5aa
0f5bb
0f5c6
0f6ad
0f82c
0fd76
0fe1a
0fe9e
0feb3
0fec2
0fedf
0fefa
0ffe9
1006f
100a5
100b1
100c6
10197
101b8
101bf
101d6
101e4
1024f
102bb
102dd
10310
10332
10408
105db
105ea
1064e
1067c
106d4
106d8
106dc
0e923
0e92c
0e934
0e944
0e94e
0ea98
0eb41
0eb51
0eb5e
0eb66
0eca6
0ecb8
0ed38
0f08e
0f1e6
0f21e
0f33b
0f34c
0f444
0f4c3
0f576
0f5de
0f601
0f609
0f61a
0f625
0f7d6
0fdab
0fe4f
0fed7
0fee6
0fef5
0ff12
0ff2d
1001c
100a2
100d2
100de
100f3
101c8
101e8
101f0
10203
10213
10229
10270
102da
1032c
1034e
10427
105ea
105f9
10603
1068b
106e2
106e6
106ea
0e95e
0e967
0e96f
0e97f
0e98a
0ead3
0eb76
0eb88
0eb93
0eb9b
0ecdd
0eced
0ed62
0f0aa
0f1fb
0f233
0f34f
0f360
0f44e
0f522
0f5d5
0f641
0f660
0f668
0f67d
0f684
0f813
0fde0
0fe7e
0ff0a
0ff19
0ff28
0ff3f
0ff60
0ffd6
0ffde
0fff6
1004f
100f8
10109
1011d
10128
10207
1021b
10225
1023a
10292
10348
1036a
10445
105aa
105af
10612
1069a
106f0
106f4
106f8
0e998
0e9a2
0e9aa
0e9ba
0e9c5
0ea49
0ea58
0ea6e
0ea75
0eb0e
0ebc2
0ebd4
0ed8c
0f0c6
0f192
0f248
0f363
0f374
0f458
0f581
0f634
0f699
0f6b9
0f6c1
0f6d2
0f6de
0f84a
0fd74
0fe0f
0ff3d
0ff46
0ff5b
0ff72
0ff93
0ffd0
1000b
10012
10031
10083
10116
1012a
1013a
1014e
1015d
1024b
1025c
102b4
10364
10384
103ab
105ae
105bd
10621
106a9
106fe
10702
10706
0eb36
0eb3f
0eb47
0eb57
0eb61
0ebe0
0ebef
0ec04
0ec0c
0ec9f
0ed33
0ed44
0ee93
0f16c
0f225
0f2db
0f387
0f3e9
0f49e
0f4b8
0f4c5
0f4cd
0f4e6
0f50b
0f688
0f6cd
0f6f4
0f701
0f71f
0f7b8
0f880
0fdab
0feea
100a0
100ab
100b7
100cc
100ea
10135
10168
1016f
1018a
101dc
1025e
10264
10278
10283
1032d
10338
103ca
105c8
10623
10628
1068d
1070b
1070f
10713
0eb6b
0eb74
0eb7c
0eb8c
0eb96
0ec19
0ec28
0ec3e
0ec45
0ecd4
0ed5d
0ed6e
0eeb3
0f181
0f23a
0f2f0
0f38a
0f39a
0f4a8
0f4b2
0f4f7
0f51d
0f528
0f53b
0f565
0f6c7
0f6ee
0f737
0f755
0f75f
0f8bd
0fde0
0ff1d
0ffd4
0ffe1
100d5
100e0
100f4
10166
10199
101a6
101bb
10209
1026e
10285
10295
1029d
10349
10354
103e9
105d7
10632
10637
1069c
10718
1071c
10720
0ea4a
0ea53
0ea5b
0ea6b
0ea75
0ebbb
0ec5e
0ec6e
0ec7b
0ec82
0ed87
0ed98
0ee04
0f118
0f24f
0f305
0f39d
0f3ad
0f476
0f4f1
0f517
0f556
0f57c
0f587
0f59a
0f5c4
0f731
0f774
0f78f
0f79c
0f8ee
0fe0f
0ff44
0ffce
0ffe4
0ffeb
10000
10022
10111
10197
101ca
101d7
101ec
10290
102a7
102b7
102bf
10365
10370
103a2
105e6
10641
10646
106ab
10725
10729
1072d
0ea85
0ea8e
0ea96
0eaa6
0eab0
0ebf4
0ec97
0eca7
0ecb4
0ecbb
0edb1
0edc2
0ee28
0f12d
0f264
0f29c
0f3b0
0f3c0
0f480
0f550
0f576
0f5b5
0f5de
0f5ef
0f5f7
0f623
0f6f9
0f79e
0f7bc
0f7d6
0f864
0fe44
0ff77
10007
10017
1001e
10033
10055
10143
101c8
101f7
10204
10219
102b2
102c9
102d5
102df
102f5
10380
103c1
105f5
10650
10655
10660
10732
10736
1073a
0eac0
0eac9
0ead1
0eae1
0eaec
0ec2d
0eccc
0ecde
0ece9
0ecf0
0edd9
0ede8
0ee4c
0f142
0f279
0f2b1
0f3c3
0f3d3
0f48a
0f5af
0f5d5
0f614
0f641
0f64f
0f656
0f682
0f736
0f7db
0f7f9
0f813
0f89b
0fd6f
0ffa4
1003a
1004a
10051
10066
10088
10104
1010c
10124
10179
1021e
1022f
10237
10293
102e7
102f1
10300
103e0
105aa
10607
1060b
1066f
1073f
10743
10747
0eafa
0eb04
0eb0c
0eb1c
0eb26
0eba7
0ebb6
0ebcc
0ebd4
0ec66
0ed09
0ed1a
0ee70
0f157
0f210
0f2c6
0f3d6
0f3e6
0f494
0f60e
0f634
0f673
0f699
0f6a9
0f6b1
0f6dc
0f773
0f818
0f830
0f84a
0f8d4
0fd76
0feb7
1006d
10077
10084
10099
100bb
10100
10137
1013f
1015d
101ab
1023c
10243
10256
10265
10311
1031c
103ab
105b9
10614
10619
1067e
1074c
10750
10754
0df7d
0ec8b
0ec95
0ec9d
0ecad
0ecb8
0ed27
0ed34
0ed40
0ed49
0ee1d
0ee2d
0ee38
0ef88
0f1ea
0f2a3
0f355
0f3f2
0f431
0f4be
0f553
0f5b8
0f5c8
0f5df
0f61b
0f6ad
0f6cc
0f6f6
0f701
0f718
0f819
0f860
0f86c
0f87f
0f88e
0f99b
0fa59
1001c
101c8
101d1
101e6
101f7
10218
1025b
10272
1027f
1031b
10323
10334
10416
10427
1042b
10623
1067f
10683
10758
1075c
0dfde
0ecc0
0ecca
0ecd2
0ece2
0eced
0ed51
0ed5e
0ed6b
0ed73
0ee41
0ee52
0ee5c
0efae
0f1ff
0f2b8
0f369
0f3f5
0f3fe
0f4c3
0f4e9
0f51d
0f5b2
0f617
0f627
0f642
0f67e
0f719
0f735
0f755
0f83c
0f85a
0f89d
0f8b2
0f8be
0f94e
0fa8e
1004f
10104
1011d
101fb
10208
1021b
1027d
10294
102a1
10337
10340
10350
1039a
10445
10449
10632
1068e
10692
10760
10764
0dde1
0eba8
0ebb1
0ebb9
0ebc9
0ebd4
0ed02
0ed7e
0ed91
0ed98
0ee65
0ee76
0ee80
0eeec
0f196
0f2cd
0f37d
0f401
0f40a
0f522
0f548
0f57c
0f611
0f676
0f686
0f69a
0f6d3
0f725
0f752
0f772
0f78f
0f897
0f8d2
0f8e9
0f8ef
0f97d
0fabd
10076
10100
10113
10122
1013e
10158
1029f
102b6
102c5
10353
1035c
1036c
10399
103ab
103af
10641
1069d
106a1
10768
1076c
0de48
0ebe1
0ebeb
0ebf2
0ec02
0ec0c
0ed2c
0eda8
0edbb
0edc2
0ee89
0ee9a
0eea5
0ef13
0f1ab
0f2e2
0f319
0f40d
0f416
0f4b8
0f4d6
0f4fd
0f582
0f5a8
0f669
0f6ce
0f6da
0f762
0f793
0f7b8
0f7cc
0f864
0f8f1
0f914
0f924
0f933
0fa69
100aa
10135
10145
10153
1016e
10189
102c1
102d4
102e3
1036f
10378
10386
103b9
103ca
103ce
10650
106ac
106b0
10770
10774
0deaf
0ec1a
0ec23
0ec2b
0ec3b
0ec45
0ed56
0edce
0ede1
0ede8
0eea9
0eeba
0eec4
0ef3a
0f1c0
0f2f7
0f32d
0f419
0f422
0f4b2
0f500
0f532
0f543
0f565
0f5f4
0f615
0f6c8
0f79f
0f7d0
0f7f5
0f809
0f89b
0f928
0f94b
0f95b
0f96a
0fa9e
100d7
10166
10175
10184
10199
101ba
1022c
10236
102e6
102f8
102fe
1038e
103d8
103e9
103ed
10605
10662
106ad
10778
1077c
0df16
0ec52
0ec5c
0ec64
0ec74
0ec7f
0ecfd
0ed0a
0ed17
0ed1e
0edf9
0ee0a
0ee14
0ef61
0f1d5
0f28e
0f341
0f425
0f42e
0f4ed
0f517
0f55f
0f591
0f5a2
0f5c4
0f653
0f674
0f7dc
0f80d
0f82c
0f840
0f8d4
0f95f
0f97e
0f98c
0f99c
0facd
0ffe9
10197
101a0
101b5
101ca
101eb
10239
10250
1025d
102ff
10308
10318
103f7
10408
1040c
10614
10670
10674
10780
10784
0de41
0de49
0de51
0de62
0de6d
0e145
0eda6
0edb2
0edc1
0edc9
0ee2c
0ee34
0ee88
0f044
0f268
0f320
0f3c9
0f439
0f46c
0f516
0f521
0f54a
0f552
0f561
0f589
0f59a
0f5b5
0f5bd
0f5c7
0f6a8
0f74d
0f799
0f7b3
0f7d3
0f860
0f868
0f87d
0f962
0f9aa
0f9b7
0f9c8
0fa58
0fb0c
10017
10149
102c1
102dc
10312
10332
103c1
1040f
104b0
104ba
106c8
106d8
10733
1078a
0dea8
0deb0
0deb8
0dec9
0ded4
0e184
0edcc
0edda
0ede7
0edef
0ee51
0ee58
0eea8
0f060
0f27d
0f334
0f3dc
0f43a
0f443
0f4c3
0f575
0f580
0f5a9
0f5b1
0f5c0
0f5de
0f5f9
0f614
0f61c
0f626
0f6f9
0f7ab
0f7db
0f802
0f85a
0f89b
0f8a4
0f8c1
0f9a4
0f9e5
0f9fa
0fa08
0fb41
1004a
1017a
10234
102e6
1032e
1034e
103e0
1042e
104c5
104cf
106d7
106e6
10740
10790
0df0f
0df17
0df1f
0df30
0df3b
0e031
0ecfe
0ed0a
0ed19
0ed21
0ee6c
0ee79
0ee80
0efcc
0f214
0f348
0f3ef
0f444
0f44d
0f522
0f5d4
0f5ec
0f608
0f610
0f61f
0f641
0f658
0f673
0f67f
0f685
0f736
0f7e8
0f818
0f839
0f886
0f8b4
0f8d6
0f8eb
0f9df
0fa1a
0fa2f
0fa38
0fb75
10077
101aa
10239
10256
1034a
1036a
1039d
10445
10458
10462
106e5
106f4
1074d
10796
0df76
0df7e
0df86
0df97
0dfa2
0e076
0ed28
0ed34
0ed43
0ed4b
0ee90
0ee9d
0eea5
0efea
0f229
0f35c
0f390
0f44e
0f457
0f4be
0f587
0f635
0f65e
0f66b
0f679
0f68a
0f69f
0f6c0
0f6d0
0f6dd
0f6f4
0f70e
0f770
0f844
0f8b7
0f8f1
0f914
0f922
0f9ae
0fa30
0fa5a
0fa67
0faec
100ac
101db
1025b
10278
10366
10384
103a0
103bc
1046e
10478
106f3
10702
1070c
1079c
0dfd7
0dfdf
0dfe7
0dff9
0e002
0e0bb
0ed52
0ed5e
0ed6d
0ed75
0eeb2
0eebd
0eec4
0f008
0f23e
0f370
0f3a3
0f458
0f461
0f4b6
0f4cc
0f4e9
0f4f9
0f504
0f51d
0f5f3
0f6b4
0f6c2
0f6ca
0f6e0
0f6ee
0f724
0f74a
0f7b8
0f8f4
0f928
0f94b
0f959
0f9e3
0fa68
0fa8f
0fa9c
0fb21
100d9
10208
1027d
1029a
102f6
10305
103bf
103db
10484
1048e
106b8
106bd
10719
107a2
0ddda
0dde2
0ddea
0ddfb
0de06
0e100
0ed7c
0ed88
0ed97
0ed9f
0ee09
0ee10
0ee64
0f026
0f253
0f30c
0f3b6
0f462
0f46b
0f4b1
0f4c1
0f4eb
0f4f3
0f502
0f52a
0f53b
0f556
0f55e
0f568
0f64e
0f710
0f75c
0f77c
0f796
0f92b
0f95f
0f97c
0f98a
0fa18
0fa9d
0fabe
0facb
0fb56
0ffe4
10118
1029f
102bc
102f2
10316
103a2
103f0
1049a
104a4
106bb
106ca
10726
107a8
0de19
0de21
0de39
0de64
0de6d
0df85
0e075
0e088
0e091
0e099
0ee8e
0ee9d
0eea5
0f0ea
0f2e4
0f394
0f417
0f475
0f4a8
0f4d3
0f51f
0f547
0f57a
0f587
0f594
0f5c5
0f65a
0f66f
0f730
0f74e
0f75a
0f771
0f78f
0f79c
0f8ce
0f8fb
0f910
0f933
0f9ab
0f9b7
0f9cd
0facc
0faed
0fb03
0fb0f
0fc06
0fcd4
10366
1037b
103a1
103ac
1040f
10532
106a9
10728
10771
107ae
0de80
0de88
0dea0
0decb
0ded4
0dfe6
0e0ba
0e0cd
0e0d6
0e0dd
0eeb0
0eebd
0eec4
0f105
0f2f9
0f3a7
0f423
0f476
0f47f
0f532
0f57e
0f5a6
0f5de
0f5ef
0f5f7
0f624
0f6b3
0f6c8
0f76a
0f785
0f793
0f7a1
0f7b9
0f7ce
0f864
0f925
0f942
0f959
0f9a5
0f9e5
0f9fa
0fad5
0fb07
0fb2a
0fb3a
0fbcb
0fd09
102f6
10382
103c0
103cb
1042e
10545
1065e
10735
10779
107b4
0dde9
0def4
0defc
0df07
0df32
0df3b
0e0ff
0e112
0e11b
0e123
0edfe
0ee0d
0ee14
0f07a
0f290
0f3ba
0f42f
0f480
0f489
0f4d9
0f4ed
0f591
0f5ea
0f605
0f641
0f64f
0f656
0f683
0f7a8
0f7c2
0f7d0
0f7de
0f7f6
0f80b
0f89b
0f95c
0f974
0f98a
0f9d8
0fa00
0fa20
0fa37
0fb3c
0fb5e
0fb6f
0fbfa
0fd38
102f2
1030b
103df
103ea
1044c
104e2
1066d
10742
10781
107ba
0de50
0df5b
0df63
0df6e
0df9b
0dfa2
0e144
0e157
0e160
0e168
0ee22
0ee30
0ee38
0f096
0f2a5
0f3cd
0f3f3
0f48a
0f493
0f537
0f54c
0f5db
0f64b
0f664
0f691
0f6a7
0f6af
0f6dd
0f7e5
0f7ff
0f80d
0f81b
0f82d
0f842
0f860
0f871
0f88e
0f990
0fa0d
0fa32
0fa5a
0fa6c
0fb52
0fb8d
0fba2
0fbae
0fce3
10312
10327
103a0
103f9
1041c
104f6
1067c
1074f
10759
107c0
0deb7
0dfbd
0dfc6
0dfcf
0dffc
0e002
0e183
0e197
0e19f
0e1a7
0ee46
0ee55
0ee5c
0f0b2
0f2ba
0f3e0
0f3ff
0f494
0f49d
0f4b6
0f4c3
0f4cb
0f4dc
0f50b
0f59f
0f5b2
0f6a9
0f6d6
0f6f3
0f701
0f71f
0f7bb
0f83c
0f848
0f85a
0f88d
0f8a8
0f8c5
0fa42
0fa6a
0fa8f
0faa1
0fb87
0fbc2
0fbd9
0fbe3
0fd18
1032e
10343
103bf
10418
1043b
1050a
1068b
1070f
10761
107c6
0ddb1
0ddba
0ddd2
0ddfd
0de06
0df1e
0e030
0e043
0e04c
0e054
0ee6a
0ee79
0ee80
0f0ce
0f2cf
0f381
0f40b
0f49e
0f4a7
0f4b1
0f4c2
0f500
0f522
0f52a
0f53b
0f56a
0f5fe
0f611
0f6ed
0f711
0f71d
0f734
0f755
0f75f
0f897
0f8c4
0f8df
0f8fc
0fa77
0fa9f
0fabe
0fad0
0fbbc
0fbf1
0fc0a
0fc12
0fd49
1034a
1035f
1039d
10436
10446
1051e
1069a
1071b
10769
107cc
0f4fd
0f507
0f6d5
0f6db
0f71f
0f7b8
0f7bc
0f83c
0f850
0f8f4
0f925
100b3
100b7
10135
10159
1015f
10263
10378
103cd
103d4
10491
1050f
106bd
10710
10774
107c5
107d1
107d5
107d9
0f501
0f50e
0f55d
0f567
0f710
0f714
0f72a
0f766
0f7f8
0f92c
0f95d
100e1
100e5
10167
1018c
10191
1028a
10394
103ed
104a2
1051f
10558
106cd
1071f
107a7
107cc
107dd
107e1
107e5
0f561
0f56f
0f5bd
0f5c9
0f74e
0f762
0f799
0f82c
0f830
0f96c
0f99a
0ffe9
10195
101b5
101be
102a2
10302
10405
10410
104b9
10534
10568
106dc
1072d
1078a
107af
107e9
107ed
107f1
0f5c1
0f5d0
0f623
0f62e
0f6f9
0f78a
0f78e
0f7a4
0f7e0
0f891
0f99f
1001d
101c7
101e7
101f1
102c4
1031f
10425
10430
104d1
10549
106e6
10736
1075b
10791
107e7
107f5
107f9
0f61d
0f627
0f67d
0f683
0f733
0f737
0f7c8
0f7dc
0f813
0f886
0f8bd
1004d
10051
10104
1021a
1021f
102e8
10340
10448
1044f
10465
104e7
106f5
10744
10764
107b9
107fd
10801
10805
0f67a
0f68a
0f6d3
0f6de
0f771
0f775
0f806
0f81a
0f84b
0f8b8
0f8ef
10081
10085
10101
1012a
1012f
10246
10360
103af
10476
104f7
10594
10705
10753
1079b
107c0
10808
1080c
10810
0f59e
0f687
0f715
0f71c
0f844
0f849
0f880
0f914
0f918
0f99d
0fa42
0fa6d
101db
1024a
1025b
10264
1031e
10424
1042f
10473
1047c
1050e
105fd
10712
1079b
107c7
107f3
10812
10816
0f5fe
0f6e1
0f71a
0f724
0f756
0f75e
0f887
0f8be
0f94c
0f950
0fa79
0faad
10209
1026d
1027e
10288
1033b
10443
1044e
1048c
10493
10523
105b3
10720
107a4
107d5
107fe
10817
0f50c
0f65a
0f65e
0f754
0f765
0f791
0f79d
0f8c7
0f8fb
0f97e
0faa6
0facb
10115
10119
10290
102a6
102ab
1035c
103ae
103b5
104a4
10533
10594
10729
1076b
107ad
107e8
1080a
1081c
0f56c
0f6b4
0f6b8
0f797
0f7a6
0f7cf
0f7e2
0f867
0f8f5
0f926
0f9ca
0fad6
10147
1014b
102b3
102c9
102cf
1037c
103ce
104b4
104bc
10547
105a4
10737
10774
107b4
107d8
107f8
10821
0f4e0
0f5ca
0f7d0
0f7d5
0f809
0f812
0f89b
0f89f
0f935
0f969
0f9d8
0fa08
10179
10228
102da
102e9
10389
103e6
103f1
104ca
104d3
104e6
105df
10746
1078f
107bb
107f9
1081f
10826
0f540
0f62a
0f80e
0f818
0f841
0f84d
0f8d3
0f8d7
0f96e
0f99e
0fa0f
0fa44
101ab
10225
1023a
10244
10303
10406
10411
10460
10467
104fb
105ef
10754
10798
107ec
1080c
10823
0f550
0f554
0f56e
0f783
0f819
0f87d
0f889
0f990
0f997
0f9c8
0fa58
0fa5c
0fadb
0fb7d
0fbae
10312
10321
10327
1042a
10431
104ba
104f3
104fa
10577
10658
1078c
107f3
10820
1082c
0f5b0
0f5b4
0f5d1
0f7c1
0f851
0f884
0f88c
0f8bb
0f8c2
0f9d3
0f9ff
0fa8e
0fa92
0fbb7
0fbeb
1032f
1033f
10345
10449
104c9
104d1
10508
10510
105df
10763
107c5
107fe
10825
10831
0f610
0f629
0f725
0f7fb
0f7ff
0f8b6
0f8c6
0f8ed
0f8fc
0fa0d
0fa38
0fabe
0fbd7
0fc0f
10348
10353
1035d
103a8
103b3
1045d
10466
1051f
10525
105ef
1076c
107ce
1080a
1082f
10836
0f670
0f688
0f763
0f833
0f837
0f8f6
0f902
0f927
0f938
0f9b1
0fa3d
0fa69
0fb0d
0fc09
10365
10370
1037a
103c8
103d3
10476
1047d
10535
105a3
1062a
1079b
107d6
10808
10837
0f6c6
0f6ca
0f6e4
0f709
0f79f
0f928
0f92f
0f959
0f965
0f9e3
0f9e7
0fa77
0faa2
0fb13
0fb48
102f6
1038e
10393
103ec
103f3
1048e
10542
10549
10559
1063a
107a4
107e1
10818
1083c
0f4f2
0f4f6
0f513
0f747
0f7dd
0f960
0f967
0f98b
0f998
0fa19
0fa1d
0faae
0fadc
0fb4d
0fb82
102f3
10307
1030d
1040c
1049e
104a6
104e0
104e8
105c1
10783
107b9
107ed
1081d
10840
0f519
0f561
0f56f
0f74e
0f762
0f8e3
0f8e7
0f96c
0f9c7
0f9d5
0fad3
0fada
0fb0f
0fb98
0fc08
0fcb4
0fce3
10405
104b4
104bc
10530
10538
10567
105d1
106b2
107b0
107ec
10839
10845
0f579
0f5c1
0f5d0
0f78c
0f7a0
0f91b
0f91f
0f99f
0f9d1
0f9dc
0fa06
0fa10
0fb18
0fb4c
0fbce
0fcea
0fd19
10426
104ca
104d3
10546
1054c
10578
10639
1078f
107e7
10824
10842
0f5d5
0f61d
0f627
0f7c6
0f7ca
0f7de
0f890
0f953
0f9fd
0fa05
0fa33
0fa37
0fb3e
0fb75
0fbfa
0fbfe
0fd25
0fd50
1044e
10460
10467
104e5
10582
10588
10649
10798
107ff
10828
10849
0f635
0f67a
0f68a
0f804
0f808
0f81e
0f8c9
0f985
0fa32
0fa40
0fa65
0fa6e
0faed
0faf1
0fb81
0fbb6
0fc55
0fd59
103b6
10478
104f3
104fa
10592
105fd
10684
107bf
1080a
1082c
1084d
0f4ba
0f6d7
0f6e5
0f83c
0f850
0f875
0f879
0f8fe
0fa6f
0fa76
0fa9b
0faa9
0fb23
0fba8
0fbe0
0fc4a
0fc79
103c7
10488
10490
10508
10510
105a3
105b3
10694
107c8
107d6
10831
10851
0f4b5
0f503
0f512
0f712
0f726
0f8ad
0f8b1
0f937
0faa5
0fab0
0facf
0fadf
0fb59
0fbd8
0fc10
0fc80
0fcaf
103e8
1049f
104a8
1051f
10525
1055a
1061b
107a7
107d0
1081c
10843
0f65a
0f65e
0f731
0f754
0f765
0f8c7
0fa2b
0faa6
0fb03
0fb0b
0fc06
0fc17
0fc44
0fcd4
0fcd8
0fd54
0fdf9
0fe23
103b4
104a8
10533
10539
10596
105c1
1062b
10708
1080a
10839
10855
0f6b4
0f6b8
0f76f
0f797
0f7a6
0f8ff
0fa61
0fad6
0fb08
0fb15
0fb39
0fb47
0fc4b
0fc7a
0fd0a
0fd0e
0fe33
0fe67
103d5
104c0
10548
105a0
105a6
105d2
10693
107b3
1081b
10850
10859
0f4e0
0f7a9
0f7d0
0f7d5
0f92b
0f9d2
0fa93
0fa97
0fb43
0fb4b
0fb6f
0fb7a
0fc85
0fcb6
0fd3a
0fe5c
0fe82
103e6
104c9
104df
104e6
10556
105dc
105e2
106a3
107bc
10824
10853
1085d
0f540
0f7e7
0f80e
0f818
0f963
0fa04
0fac3
0fac7
0fb7c
0fb84
0fba5
0fbb8
0fc2d
0fcb5
0fce4
0fd80
0fe8c
10407
1045e
104f4
104fc
10567
105ec
10657
106dd
107ec
1082c
1085b
0f59c
0f5a0
0f6f4
0f846
0f853
0f99d
0f9c1
0fa3c
0fba6
0fbb3
0fbd9
0fbdf
0fc5f
0fc63
0fcf0
0fd21
0fd8f
0fdb9
1042f
1047c
1050b
10511
10578
105fd
1060d
106ec
107f3
10831
10861
0f5fc
0f600
0f6ef
0f71d
0f72c
0f892
0f9f7
0fa72
0fbde
0fbe9
0fc0b
0fc11
0fc95
0fc99
0fd2a
0fd58
0fdc9
0fdfe
10450
10494
10521
10582
10588
105b4
10675
107cb
10812
1084a
10864
0f7fd
0f897
0f8b4
0f8c0
0fa03
0fb67
0fb6b
0fbe7
0fc43
0fc4e
0fd52
0fd57
0fd84
0fe14
0fe8b
0ff2b
0ff54
103a9
1045c
1051b
10591
10597
105f0
1061b
10685
10756
10834
10860
10869
0f835
0f8cf
0f8f2
0f8fa
0fa3d
0fb9d
0fba1
0fc1b
0fc50
0fc58
0fc7b
0fc8c
0fd94
0fdc8
0fe4a
0ff5f
0ff88
103c9
10474
10531
105a1
105fa
10600
1062c
106eb
107d6
10850
10866
0f707
0f70b
0f907
0f92a
0f934
0fa77
0fb13
0fbd3
0fc7c
0fc86
0fcab
0fcb3
0fdbe
0fde9
0fe76
0fe7a
0ff97
0ffbb
103f1
10492
1054b
10558
105b0
10636
1063c
106fa
10818
10853
1086d
0f745
0f749
0f93f
0f964
0f970
0faae
0fb4d
0fc03
0fcb2
0fcbd
0fce1
0fceb
0fd69
0fd6d
0fdfd
0fe32
0fecf
0ffc9
10413
104aa
104ea
10569
105c1
10646
106b1
1072e
1083b
10856
10871
0f783
0f860
0f990
0f997
0fad5
0fafd
0fb01
0fb7d
0fcee
0fcf3
0fd17
0fd22
0fd9f
0fe28
0fe53
0fec5
0feee
10424
104b4
104f3
10573
10579
105d2
10657
10667
1073c
1082c
1085a
10875
0f7c1
0f85b
0f884
0f88c
0f9d3
0fb33
0fb37
0fbb7
0fd24
0fd2c
0fd4b
0fd5b
0fdd5
0fe5d
0fe83
0fef9
0ff22
10444
104cb
10509
10583
105dc
105e2
1060e
106cf
107ff
1084a
10867
0f951
0f955
0f9e1
0fa01
0fa0c
0fb45
0fca7
0fd1d
0fd81
0fd88
0fe84
0fe93
0febb
0ff48
0ff4c
0ffc4
10063
1008b
10466
104e9
10587
105ee
10646
10672
10678
1072f
10840
10860
10879
0f983
0f987
0fa17
0fa3b
0fa46
0fb81
0fcdd
0fd4d
0fd87
0fd91
0fdb7
0fdc0
0fec6
0feef
0ff7c
0ff80
1009b
100cd
1047e
104fe
10598
105ff
10657
10682
106eb
1075d
10849
10874
1087d
0f877
0fa49
0fa68
0fa73
0fba8
0fc4a
0fd0f
0fd13
0fdc1
0fdc7
0fded
0fdf6
0fefd
0ff26
0ffaa
100c2
100e6
10488
10507
105a0
105af
105b5
1060e
10693
106fa
10766
10850
10877
10881
0f8af
0fa7f
0fa9f
0faaa
0fbd8
0fc80
0fd3f
0fd43
0fdf8
0fe00
0fe24
0fe34
0fea9
0ff2c
0ff55
0ffee
100f0
104a0
1051d
10557
105bf
10618
1061e
106a4
10755
1081c
10856
1087f
0f8e3
0f8e7
0f9ac
0fad3
0fada
0fc16
0fc3d
0fcb4
0fe25
0fe2f
0fe55
0fe5e
0fed9
0fedd
0ff64
0ff8c
0fffd
10025
104be
10538
1056a
105d0
10628
106ae
106b4
10715
10838
1085a
10885
0f91b
0f91f
0f9a7
0f9d1
0f9dc
0fb18
0fc73
0fcea
0fe5b
0fe65
0fe87
0fe8e
0ff0d
0ff11
0ff9c
0ffc8
10035
10068
104d5
1054d
1057a
105e1
10639
10664
106cf
1077d
10842
1086e
10888
0fa95
0fb1d
0fb3c
0fb46
0fc7f
0fde3
0fde7
0fe63
0febf
0fec8
0ffc2
0ffc7
0fff2
1007c
100ef
10187
101ae
104e0
10556
105dc
10645
1064b
106a4
106cd
1072f
107ab
10858
10883
1088c
0fac5
0fb53
0fb72
0fb7f
0fcb5
0fe19
0fe1d
0fe97
0feca
0fed2
0fef4
0ff04
10002
10034
100b0
101b9
101e0
104f5
10566
105ed
10655
106ae
106b4
106dd
10775
107ef
1085f
10887
0f9bf
0f9c3
0fb89
0fbb0
0fbb5
0fcf0
0fd8f
0fe4f
0fef5
0fefe
0ff23
0ff2a
1002a
10053
100da
100de
101f0
10213
10510
10579
105ff
1060c
10664
106e6
106ed
1077e
10830
10876
1088d
0f9f5
0f9f9
0fbbf
0fbe6
0fbee
0fd2a
0fdc9
0fe7f
0ff29
0ff33
0ff57
0ff60
0ffd9
0ffdd
10067
1009a
10130
10222
10526
10589
105b6
1061d
10675
106f6
10755
10796
1084a
10869
10891
0fa2b
0fae8
0fc06
0fc17
0fd4c
0fd79
0fd7d
0fdf9
0ff62
0ff67
0ff8b
0ff94
1000d
10090
100b9
10125
1014c
1052f
10592
105be
10627
1062d
10686
10705
10715
1079f
10855
1087d
10894
0fa61
0fae3
0fb08
0fb15
0fc4b
0fdaf
0fdb3
0fe33
0ff96
0ff9e
0ffbc
0ffcb
10041
100c3
100e7
10157
1017e
10544
105a2
105cf
10637
10690
10696
106c2
10765
107d9
1085a
10881
0fbd1
0fbd5
0fc5d
0fc83
0fc89
0fdc3
0ff1d
0ff90
0ffef
0fff6
100e8
100f7
1011b
101a2
101a6
1021d
10286
1029d
1055b
105b4
1063b
106a3
106f6
1071c
10723
10799
10805
1086e
10896
0fc01
0fc05
0fc93
0fcba
0fcc2
0fdfd
0ff51
0ffbe
0fff5
0ffff
10023
1002c
10126
1014d
101d4
101d8
102ac
102d0
1056b
105c5
1064c
106b3
10705
1072b
10775
107ae
10845
10886
10899
0faff
0fcc5
0fce6
0fcf1
0fe28
0fec5
0ff81
0ff85
1002d
10033
10057
10060
1015c
10182
10202
102c3
102d8
10574
105ce
10654
10663
10669
106c2
10739
1077e
107b7
1085a
10889
1089c
0fb35
0fcfb
0fd1c
0fd27
0fe5d
0fef9
0ffaf
0ffb3
10062
1006a
1008c
1009c
10109
10188
101af
10233
102e2
10584
105de
1060b
10673
106ca
106d1
10749
107a8
107e4
10873
1088c
0fb67
0fb6b
0fc28
0fd52
0fd57
0fe92
0feb7
0ff2b
1008d
10097
100bb
100c4
10137
1013b
101bf
101e4
10242
10259
10597
105f0
1061e
10685
106da
10750
10757
1078d
1080d
10869
1089d
0fb9d
0fba1
0fc23
0fc50
0fc58
0fd94
0feeb
0ff5f
100c1
100cb
100eb
100f2
10169
1016d
101f5
10221
10268
1028c
105a7
10601
1062e
10695
106e9
10711
10765
107c6
10850
10880
1089f
0fd11
0fd99
0fdbb
0fdc4
0fef8
1004d
10051
100c9
1011f
10128
1021a
1021f
10237
10294
102e1
1033a
1034c
10449
105af
1060a
10690
106f4
106fb
10749
10767
107bd
10806
1087c
108a2
0fd41
0fdcf
0fdf1
0fdfb
0ff2c
10081
10085
100fb
1012a
1012f
10152
10163
10246
1026a
102b7
10357
10369
103b0
105c0
1061a
106a1
10704
10750
10757
1079c
107da
10810
10883
0fc3b
0fc3f
0fe05
0fe2c
0fe31
0ff64
0fffd
100b5
10153
1015b
1017f
10186
1025e
10276
102d2
102d6
10378
10387
103d3
105d3
1062d
106b3
106bf
10711
10773
107a5
107d7
1085a
10895
0fc71
0fc75
0fe3b
0fe62
0fe6a
0ff9c
10035
100e3
10185
1018f
101b1
101ba
1022d
10231
1028a
102ae
1030e
10394
103f5
105e3
1063d
1066a
106cf
1071f
1077e
107cc
107e4
1086e
10898
0fca7
0fd64
0fe84
0fe93
0ffbd
0ffe7
0ffeb
10063
101bc
101c1
101e3
101ec
10250
102a2
102ba
10302
10314
1040b
105eb
10646
10672
106d8
106df
1072f
10787
107b1
107f0
10879
108a6
0fcdd
0fd5f
0fd87
0fd91
0fec6
1001b
1001f
1009b
101ee
101f3
10214
10223
10273
102c4
102d9
1031f
10331
1042c
105fc
10656
10683
106e8
10736
1073d
10790
107f4
10806
1087d
0f5ca
0f614
0f618
0f626
0fe4f
0fed5
0fef5
0fefe
1002a
10177
1017b
101f0
10236
1023f
102e6
102eb
102fd
10390
103f2
104d1
1060f
10669
106e9
10746
1077e
10791
107f9
10826
1088d
0f62a
0f674
0f678
0f690
0fe7f
0ff09
0ff29
0ff33
1005e
101a9
101ad
10222
10241
10247
1025a
1026b
1030c
1032a
10414
10465
1061f
10679
106f8
10756
10787
107c0
10805
10829
108a0
0f68b
0f6ce
0f6d9
0fd79
0fd7d
0ff3d
0ff62
0ff67
10096
1012c
101db
1025b
10264
10278
1027f
1031e
10330
1042a
10476
10628
10681
10702
1070f
10716
1079b
107c9
1080f
1086c
108a7
0f4fa
0f505
0f6e1
0fdaf
0fdb3
0ff71
0ff96
0ff9e
100ce
10162
10209
1027e
10288
1029b
102a4
1033b
1034d
1044a
1048d
10638
10692
106bd
1071e
10764
107a2
107d5
10800
10880
0f50c
0f556
0f55a
0f568
0fde5
0fea2
0ffb6
0ffc5
100ef
10115
10119
1018e
102a6
102ab
102be
102c7
1035c
1036d
103b5
104a6
1064b
106a4
106cd
1072c
1076d
107a9
107e4
1081e
1088b
0f56c
0f5b6
0f5ba
0f5d2
0fe1b
0fe9d
0fec3
0fecd
0fff8
10147
1014b
101c4
102c9
102cf
102e0
102ef
1037c
10396
103d6
104bd
1065b
106b5
106dc
1073b
10777
107b4
107ef
10826
1089c
0f509
0f5f5
0f6c6
0f6ca
0f6e4
0f7a1
0f7d9
0ff83
10007
10027
10030
10156
102c3
102fa
10301
10382
10391
103ec
1048c
10546
10664
106bc
10736
1077b
107a2
107b5
107e2
1083e
108a5
0f4f4
0f50d
0f564
0f653
0f657
0f7e1
0f81d
0ffb1
1003b
1005b
10065
10188
102e2
10300
1030a
10317
10320
1040d
104a3
104e4
10674
106cb
10744
10785
107a9
107e0
10801
10841
0f550
0f554
0f56e
0f5c7
0f6af
0f819
0f84a
0feb5
0feb9
1006f
10094
10099
101bf
10242
10321
10327
10334
1033d
10430
104bc
104fa
10686
106db
10753
1075f
107bf
107ef
1080d
1087d
0f4ca
0f4ce
0f5b2
0f5cb
0f622
0f720
0f851
0fee9
0feed
100a3
100c8
100d0
101f5
10268
1033f
10345
10352
10363
10451
104d2
1050f
10697
106ea
10713
1078f
107c6
107d4
10800
1089f
0f52a
0f60e
0f612
0f62c
0f685
0f727
0f75f
0ff1d
0ffd4
100e8
100f7
10215
10280
10353
1035d
1036a
10373
103af
10460
1051f
1069f
106f4
1071c
1076c
10796
107cd
10804
10836
108a3
0f58a
0f66e
0f672
0f68f
0f6e9
0f767
0f7a3
0ff51
0ffcf
0fff5
0ffff
10126
102a3
10370
1037a
10385
1038c
103cf
10477
10534
106b0
10703
1072a
10775
1079d
107d7
10808
1083e
