00001
00005
00009
0000d
00011
00015
00019
0001d
00021
00025
00029
0002d
00031
00033
00037
0003b
0003f
00043
00047
0004b
0004f
00053
00057
0005b
0005f
00063
00065
00069
0006d
00071
00075
00079
0007d
00081
00085
00089
0008d
00091
00064
00097
0009b
0009f
000a3
000a7
000ab
000af
000b3
000b7
000bb
000bf
000c3
00096
000c9
000cd
000d1
000d5
000d9
000dd
000e1
000e5
000e9
000ed
000f1
000f5
000c6
000f9
000fd
00101
00105
00109
0010d
00111
00115
00119
0011d
00121
00125
00007
00098
00129
0012d
00131
00135
00139
0013d
00141
00145
00149
0014d
00035
00039
00126
00153
00157
0015b
0015f
00163
00167
0016b
0016f
00173
00177
00067
0006b
00152
0017d
00181
00185
00189
0018d
00191
00195
00199
0019d
001a1
00099
0009d
001a3
001a7
001ab
001af
001b3
001b7
001bb
001bf
001c3
001c7
001cb
000cb
000cf
001cd
001d1
001d5
001d9
001dd
001e1
001e5
001e9
001ed
001f1
0006c
000fb
00128
001f5
001f9
001fd
00201
00205
00209
0020d
00211
00215
00219
00098
000a2
0012d
0021d
00221
00225
00229
0022d
00231
00235
00239
0023d
00241
000d0
00153
001ce
00243
00247
0024b
0024f
00253
00257
0025b
0025f
00263
00267
00100
0017d
001f6
00269
0026d
00271
00275
00279
0027d
00281
00285
00289
0000a
0000e
001a7
00268
0028f
00293
00297
0029b
0029f
002a3
002a7
002ab
002af
0003c
00040
001d1
0028e
002b5
002b9
002bd
002c1
002c5
002c9
002cd
002d1
002d5
0006e
00180
001f9
002b2
002d9
002dd
002e1
002e5
002e9
002ed
002f1
002f5
002f9
001ab
00220
0028f
002fc
00300
00304
00308
0030c
00310
00314
00318
0031c
00064
001d5
00246
002b5
00321
00325
00329
0032d
00331
00335
00339
0033d
00341
001f5
001fd
0026c
00320
00346
0034a
0034e
00352
00356
0035a
0035e
00362
00366
0012f
00133
00292
00345
0036b
0036f
00373
00377
0037b
0037f
00383
00387
0038b
00159
00249
002b8
0038c
00390
00394
00398
0039c
003a0
003a4
003a8
003ac
00000
00183
0026f
002dc
0038d
003b3
003b7
003bb
003bf
003c3
003c7
003cb
003cf
0028f
00297
00300
003d2
003d6
003da
003de
003e2
003e6
003ea
003ee
003f2
003f6
002b5
002bd
00325
003d3
003fb
003ff
00403
00407
0040b
0040f
00413
00417
0041b
002dd
00346
003b0
0041c
00420
00424
00428
0042c
00430
00434
00438
0043c
001cc
00227
00303
0036f
00441
00445
00449
0044d
00451
00455
00459
0045d
00461
00249
0024d
00390
00440
00466
0046a
0046e
00472
00476
0047a
0047e
00482
00486
0026f
00273
003b3
003d5
00489
0048d
00491
00495
00499
0049d
004a1
004a5
004a9
00370
003d6
00442
004ac
004b0
004b4
004b8
004bc
004c0
004c4
004c8
004cc
00268
00395
003fb
00467
004d1
004d5
004d9
004dd
004e1
004e5
004e9
004ed
004f1
003b0
003b8
00420
004d0
004f6
004fa
004fe
00502
00506
0050a
0050e
00512
00516
00303
00307
00445
004f5
0051b
0051f
00523
00527
0052b
0052f
00533
00537
0053b
00328
003fe
0046a
0053c
00540
00544
00548
0054c
00550
00554
00558
0055c
0021c
0034d
00423
0048d
0053d
00563
00567
0056b
0056f
00573
00577
0057b
0057f
00442
0044a
004b0
00582
00586
0058a
0058e
00592
00596
0059a
0059e
005a2
005a6
00467
0046f
004d5
00583
005ab
005af
005b3
005b7
005bb
005bf
005c3
005c7
005cb
0048e
004f6
00560
005cc
005d0
005d4
005d8
005dc
005e0
005e4
005e8
005ec
0038c
003dd
004b3
0051f
005f1
005f5
005f9
005fd
00601
00605
00609
0060d
00611
003fe
00402
00540
005f0
00616
0061a
0061e
00622
00626
0062a
0062e
00632
00636
00423
00427
00563
00585
00639
0063d
00641
00645
00649
0064d
00651
00655
00659
00520
00586
005f2
0065c
00660
00664
00668
0066c
00670
00674
00678
0067c
0041c
00545
005ab
00617
00681
00685
00689
0068d
00691
00695
00699
0069d
006a1
00560
00568
005d0
00680
006a6
006aa
006ae
006b2
006b6
006ba
006be
006c2
006c6
004b3
004b7
005f5
006a5
006cb
006cf
006d3
006d7
006db
006df
006e3
006e7
006eb
004d8
005ae
0061a
006ec
006f0
006f4
006f8
006fc
00700
00704
00708
0070c
003d2
004fd
005d3
0063d
006ed
00713
00717
0071b
0071f
00723
00727
0072b
0072f
005f2
005fa
00660
00732
00736
0073a
0073e
00742
00746
0074a
0074e
00752
00756
00617
0061f
00685
00733
0075b
0075f
00763
00767
0076b
0076f
00773
00777
0077b
0063e
006a6
00710
0077c
00780
00784
00788
0078c
00790
00794
00798
0079c
0053c
0058d
00663
006cf
007a1
007a5
007a9
007ad
007b1
007b5
007b9
007bd
007c1
005ae
005b2
006f0
007a0
007c6
007ca
007ce
007d2
007d6
007da
007de
007e2
007e6
005d3
005d7
00713
00735
007e9
007ed
007f1
007f5
007f9
007fd
00801
00805
00809
006ca
006d2
00738
0080a
0080e
00812
00816
0081a
0081e
00822
00826
0082a
00010
006ef
006f7
0075d
0082e
00832
00836
0083a
0083e
00842
00846
0084a
0084e
00041
00716
0077e
007e8
00852
00856
0085a
0085e
00862
00866
0086a
0086e
00872
00614
00665
0073b
007a7
00876
0087a
0087e
00882
00886
0088a
0088e
00892
00896
00686
0068a
007c8
00874
0089a
0089e
008a2
008a6
008aa
008ae
008b2
008b6
000a3
006ab
006af
007eb
00897
008bd
008c1
008c5
008c9
008cd
008d1
008d5
008d9
000a5
000a9
007a2
007aa
0080e
008dc
008e0
008e4
008e8
008ec
008f0
008f4
008f8
000d7
00134
007c7
007cf
00832
008fa
008fe
00902
00906
0090a
0090e
00912
00916
00107
0015d
007ee
00852
008ba
00918
0091c
00920
00924
00928
0092c
00930
00011
00015
006ec
0073d
00811
0087a
00936
0093a
0093e
00942
00946
0094a
0094e
00043
00047
0075e
00762
0089a
00934
00954
00958
0095c
00960
00964
00968
0096c
00075
001af
00783
00787
008bd
00951
00971
00975
00979
0097d
00981
00985
00989
00018
0009a
001b3
00875
0087d
008e0
0098c
00990
00994
00998
0099c
009a0
00042
0004a
001d9
0022a
00899
008a1
008fe
009a6
009aa
009ae
009b2
009b6
009ba
00074
0007c
00201
0024f
008c0
00918
009a4
009c0
009c4
009c8
009cc
009d0
009d4
000a4
000ac
00137
007c4
00813
00936
009d6
009da
009de
009e2
009e6
009ea
009ee
000d6
000de
00161
00833
00837
00954
009f0
009f4
009f8
009fc
00a00
00a04
00066
0010a
00187
00299
00857
0085b
00971
00a09
00a0d
00a11
00a15
00a19
00a1d
0001c
00020
00111
0013a
0013e
001aa
00203
00207
00276
0027a
0029d
007cd
00839
0083d
00901
009f0
009f4
00a22
00a26
00a2a
00a2e
00a32
00a36
00a3a
00a3e
00a42
00a46
00a4a
00a4e
00a52
00a56
00a5a
00a5e
00a62
00a66
00a6a
00a6e
00a72
00a76
00a7a
00a7e
00a82
00a86
00a8a
00a8e
00a92
00a96
00a9a
00a9e
00aa2
00aa6
00aaa
00aae
00ab2
00ab6
00021
00025
0004e
00135
0013f
00143
00164
001d0
002a0
002a4
002c1
007ee
00851
0085f
0091d
00921
00a0b
00a21
00a25
00abd
00ac1
00ac5
00ac9
00acd
00ad1
00ad5
00ad9
00add
00ae1
00ae5
00ae9
00aed
00af1
00af5
00af9
00afd
00b01
00b05
00b09
00b0d
00b11
00b15
00b19
00b1d
00b21
00b25
00b29
00b2d
00b31
00b35
00b39
00b3d
00b41
00b45
00b49
00b4d
00055
0007e
00082
00161
0016b
0018c
00190
001fa
002c8
002e3
002e7
0073f
00881
00939
0093d
0098e
00aba
00abe
00b50
00b54
00b58
00b5c
00b60
00b64
00b68
00b6c
00b70
00b74
00b78
00b7c
00b80
00b84
00b88
00b8c
00b90
00b94
00b98
00b9c
00ba0
00ba4
00ba8
00bac
00bb0
00bb4
00bb8
00bbc
00bc0
00bc4
00bc8
00bcc
00bd0
00bd4
00bd8
00bdc
00be0
00085
000ae
000b2
0012c
00189
00193
001b4
001b8
0022d
002e8
002ec
00762
008a3
008a7
00959
009a6
009aa
00b51
00be3
00be7
00beb
00bef
00bf3
00bf7
00bfb
00bff
00c03
00c07
00c0b
00c0f
00c13
00c17
00c1b
00c1f
00c23
00c27
00c2b
00c2f
00c33
00c37
00c3b
00c3f
00c43
00c47
00c4b
00c4f
00c53
00c57
00c5b
00c5f
00c63
00c67
00c6b
00c6f
00c73
000b5
000b9
000e2
00154
001b1
001bb
001bf
001e0
00232
00236
00253
00785
008c4
008c8
00974
009be
009c2
00be4
00c76
00c7a
00c7e
00c82
00c86
00c8a
00c8e
00c92
00c96
00c9a
00c9e
00ca2
00ca6
00caa
00cae
00cb2
00cb6
00cba
00cbe
00cc2
00cc6
00cca
00cce
00cd2
00cd6
00cda
00cde
00ce2
00ce6
00cea
00cee
00cf2
00cf6
00cfa
00cfe
00d02
00d06
000e5
000e9
00116
0017c
001d9
001e3
001e7
0020c
00256
0025a
0027d
007a8
0080a
00819
008e3
008e7
009da
00a27
00a2b
00c79
00d0b
00d0f
00d13
00d17
00d1b
00d1f
00d23
00d27
00d2b
00d2f
00d33
00d37
00d3b
00d3f
00d43
00d47
00d4b
00d4f
00d53
00d57
00d5b
00d5f
00d63
00d67
00d6b
00d6f
00d73
00d77
00d7b
00d7f
00d83
00d87
00d8b
00d8f
00d93
00d97
00071
000ee
00146
0014a
00213
0022c
00230
00294
002eb
00351
00355
00377
0089f
00905
00909
009a7
00a2c
00a30
00a34
00a38
00a3c
00a40
00a44
00a48
00a4c
00bea
00bee
00bf2
00bf6
00bfa
00bfe
00c02
00d0c
00d98
00d9c
00da0
00da4
00da8
00dac
00db0
00db4
00db8
00dbc
00dc0
00dc4
00dc8
00dcc
00dd0
00dd4
00dd8
00ddc
00de0
00de4
00de8
00dec
000a1
0011c
0014b
0014f
00170
00231
00235
00252
002b6
0037a
0037e
0039a
008c0
00917
00925
009bf
009c3
00a51
00ac1
00ac5
00ac9
00acd
00ad1
00ad5
00ad9
00add
00ae1
00c7f
00c83
00c87
00c8b
00c8f
00c93
00c97
00d9b
00def
00df3
00df7
00dfb
00dff
00e03
00e07
00e0b
00e0f
00e13
00e17
00e1b
00e1f
00e23
00e27
00e2b
00e2f
00e33
00e37
00e3b
00028
0002c
000d3
00177
00198
0019c
00259
0027c
00280
002dc
003a1
003bb
003bf
00815
00941
009d7
009db
00ae4
00b54
00b58
00b5c
00b60
00b64
00b68
00b6c
00b70
00b74
00d12
00d16
00d1a
00d1e
00d22
00d26
00d2a
00df0
00e3e
00e42
00e46
00e4a
00e4e
00e52
00e56
00e5a
00e5e
00e62
00e66
00e6a
00e6e
00e72
00e76
00e7a
00e7e
00e82
00e86
00e8a
00058
0005c
00101
0019f
001c0
001c4
00222
00277
0029a
0029e
0030a
003c0
003c4
00837
0095d
00961
009f3
00a55
00a59
00a5d
00a61
00a65
00a69
00a6d
00b77
00b7b
00c07
00c0b
00c0f
00c13
00c17
00c1b
00c1f
00c23
00e3f
00e43
00e91
00e95
00e99
00e9d
00ea1
00ea5
00ea9
00ead
00eb1
00eb5
00eb9
00ebd
00ec1
00ec5
00ec9
00ecd
00ed1
00ed5
00ed9
00edd
0000f
0008c
001c7
001cb
001ec
00246
002a1
002a5
002c2
0030f
00313
0032f
00859
00978
0097c
00a0a
00ae8
00aec
00af0
00af4
00af8
00afc
00b00
00c26
00c2a
00c9a
00c9e
00ca2
00ca6
00caa
00cae
00cb2
00cb6
00e8e
00e92
00ee0
00ee4
00ee8
00eec
00ef0
00ef4
00ef8
00efc
00f00
00f04
00f08
00f0c
00f10
00f14
00f18
00f1c
00f20
00f24
00f28
00f2c
0003f
000bc
001ef
001f3
00218
0026a
002c5
002c9
002e4
00332
00336
00358
0087b
008dc
008eb
0098d
00991
00b7f
00b83
00b87
00b8b
00b8f
00b93
00b97
00cbd
00d2d
00d31
00d35
00d39
00d3d
00d41
00d45
00d49
00d4d
00da1
00edf
00ee3
00f31
00f35
00f39
00f3d
00f41
00f45
00f49
00f4d
00f51
00f55
00f59
00f5d
00f61
00f65
00f69
00f6d
00f71
00f75
00045
00059
0005d
00185
001e6
00238
0023c
002f1
00309
0030d
0036f
003c3
00429
0042d
0044f
009ab
009af
00b78
00be8
00bec
00bf0
00bf4
00bf8
00bfc
00c00
00c2c
00c30
00d2e
00da4
00da8
00e96
00e9a
00e9e
00ea2
00ea6
00f78
00f7c
00f80
00f84
00f88
00f8c
00f90
00f94
00f98
00f9c
00fa0
00fa4
00fa8
00fac
00fb0
00fb4
00fb8
00fbc
00fc0
00fc4
00075
00089
0008d
001ad
00206
0023d
00241
0025e
0030e
00312
0032e
00390
00452
00456
00472
009bd
009c7
00a2d
00a31
00c29
00c7d
00c81
00c85
00c89
00c8d
00c91
00c95
00cc1
00cc5
00df7
00ee5
00ee9
00eed
00ef1
00ef5
00ef9
00f7b
00fc9
00fcd
00fd1
00fd5
00fd9
00fdd
00fe1
00fe5
00fe9
00fed
00ff1
00ff5
00ff9
00ffd
01001
01005
01009
0100d
01011
000a9
000bd
00140
00144
001d7
00265
00282
00286
00335
00357
0035b
003b5
00479
00493
00497
009df
00ac0
00ac4
00cbc
00d10
00d14
00d18
00d1c
00d20
00d24
00d28
00d4e
00d52
00e46
00f2e
00f32
00f36
00f3a
00f3e
00f42
00fca
01012
01016
0101a
0101e
01022
01026
0102a
0102e
01032
01036
0103a
0103e
01042
01046
0104a
0104e
01052
01056
0105a
000d9
000ed
00168
0016c
001fd
00289
002a6
002aa
00300
00352
00374
00378
003e2
00498
0049c
009f7
009fb
00a57
00a5b
00a5f
00a63
00a67
00a6b
00a6f
00a73
00b55
00b59
00d0d
00dab
00daf
00db3
00db7
00dbb
00dbf
00ead
01013
01017
0105f
01063
01067
0106b
0106f
01073
01077
0107b
0107f
01083
01087
0108b
0108f
01093
01097
0109b
0109f
010a3
00107
0011b
0011f
00133
00194
002ad
002b1
002ce
00323
0037b
0037f
0039b
003e7
003eb
00407
00a0e
00a12
00a50
00ae8
00aec
00af0
00af4
00af8
00afc
00b00
00b04
00b08
00c06
00dfa
00dfe
00e02
00e06
00e0a
00e0e
00efc
0105c
01060
010a8
010ac
010b0
010b4
010b8
010bc
010c0
010c4
010c8
010cc
010d0
010d4
010d8
010dc
010e0
010e4
010e8
010ec
00013
00027
0002b
0015b
001bc
002d1
002d5
002f6
00346
0039e
003a2
003bc
0040a
0040e
00430
0098a
00995
00ae3
00ae7
00b7f
00b83
00b87
00b8b
00b8f
00b93
00b97
00b9b
00c99
00c9d
00e4d
00e51
00e55
00e59
00e5d
00f45
00f49
00f81
010a7
010ab
010f3
010f7
010fb
010ff
01103
01107
0110b
0110f
01113
01117
0111b
0111f
01123
01127
0112b
0112f
01133
00054
0015e
00168
0016c
00272
002c7
00314
00318
003c8
003e0
003e4
00446
0049a
00500
00504
00526
00aba
00b56
00b76
00b7a
00b7e
00e94
00e98
00e9c
00ea0
00ea4
00ea8
00eb2
00f84
00f88
01064
01068
0106c
01070
01074
01134
01138
0113c
01140
01144
01148
0114c
01150
01154
01158
0115c
01160
01164
01168
0116c
01170
01174
01178
0117c
01180
00084
00088
0018a
00194
00296
002e9
002ed
0031d
00339
0033d
003e9
00405
00409
0046b
0052d
00549
0054d
00be9
00bed
00c07
00c27
00c2b
00ee7
00eeb
00eef
00ef3
00ef7
00f01
00f05
00fd1
010ad
010b1
010b5
010b9
010bd
010c1
01137
01183
01187
0118b
0118f
01193
01197
0119b
0119f
011a3
011a7
011ab
011af
011b3
011b7
011bb
011bf
011c3
011c7
000b4
000b8
001b2
001bc
00231
00235
002bc
00340
0035c
00360
0040c
0042e
00432
0048c
00550
0056a
0056e
00c7d
00c81
00c9a
00cba
00cbe
00f30
00f34
00f38
00f3c
00f40
00f4a
00f4e
0101a
010f0
010f4
010f8
010fc
01100
01104
01184
011ca
011ce
011d2
011d6
011da
011de
011e2
011e6
011ea
011ee
011f2
011f6
011fa
011fe
01202
01206
0120a
0120e
000c7
000e8
001da
001e4
001e8
00259
002de
00363
00367
00383
003d7
00429
0042d
0044f
004b9
004bd
00573
00c77
00d0d
00d12
00d16
00d2f
00dab
00daf
00db3
00db7
00dbb
00dbf
00dc3
00f8b
00f8f
00f93
00f97
00f9b
00f9f
0107b
011cb
011cf
01215
01219
0121d
01221
01225
01229
0122d
01231
01235
01239
0123d
01241
01245
01249
0124d
01251
01255
01259
00110
00200
00204
00208
00228
00277
00386
0038a
003a6
003fa
00452
00456
00472
004be
004c2
004de
00a26
00a2e
00a4e
00a52
00a56
00dfa
00dfe
00e02
00e06
00e0a
00e0e
00e12
00fd4
00fd8
00fdc
00fe0
00fe4
00fe8
010c4
01212
01216
0125c
01260
01264
01268
0126c
01270
01274
01278
0127c
01280
01284
01288
0128c
01290
01294
01298
0129c
012a0
00022
00026
00138
00142
0024c
002a1
002a5
003ad
003cd
003d1
00421
00479
00493
00497
004e5
00507
0050b
00ac1
00ac5
00ae5
00ae9
00aed
00e4d
00e51
00e55
00e59
00e5d
00e61
00e65
01021
01025
01029
0102d
01031
01107
0110b
0113d
0125b
0125f
012a5
012a9
012ad
012b1
012b5
012b9
012bd
012c1
012c5
012c9
012cd
012d1
012d5
012d9
012dd
012e1
000d1
00174
00178
00258
0034c
0039e
003a2
003ee
0049e
004a2
004ba
0051c
00570
00574
005da
005fc
00600
00b56
00d11
00d15
00e4a
00e4e
01064
01068
0106c
01070
01074
0107e
01082
01142
01218
0121c
01220
01224
01228
0122c
012e6
012ea
012ee
012f2
012f6
012fa
012fe
01302
01306
0130a
0130e
01312
01316
0131a
0131e
01322
01326
0132a
0132e
000ff
0017b
001a0
00276
0027a
00373
003c3
003f3
003f7
00413
004bf
004c3
004df
00541
00603
00607
00623
00a55
00a59
00c07
00e3f
00e97
010ad
010b1
010b5
010b9
010bd
010c1
010cb
01189
0118d
01263
01267
0126b
0126f
01273
012e5
012e9
01335
01339
0133d
01341
01345
01349
0134d
01351
01355
01359
0135d
01361
01365
01369
0136d
01371
01375
01379
0000f
001c8
002a0
002a4
00310
00394
00416
0041a
00436
004e2
004e6
00508
00562
00626
0062a
00644
00ae8
00aec
00c9a
00e8e
00ee6
010f0
010f4
010f8
010fc
01100
01104
0110e
011d0
011d4
012a4
012a8
012ac
012b0
012b4
01332
01336
0137c
01380
01384
01388
0138c
01390
01394
01398
0139c
013a0
013a4
013a8
013ac
013b0
013b4
013b8
013bc
013c0
0003f
001f0
001f4
002c8
00333
00337
003b9
0043d
00459
0045d
004b1
00503
00525
00529
00593
00649
0064d
00b7f
00d2d
00d31
00f2f
00f33
00f8d
00f91
00f95
00f99
00f9d
00fa1
00fa5
01149
0114d
01151
01155
01159
0122f
01233
0137d
013c3
013c7
013cb
013cf
013d3
013d7
013db
013df
013e3
013e7
013eb
013ef
013f3
013f7
013fb
013ff
01403
01407
0006f
00210
00214
002ea
00304
00350
00354
00460
0047c
00480
004d4
0052c
00548
0054c
00598
005b4
005b8
00a2e
00be8
00bec
00daa
00dae
00fd6
00fda
00fde
00fe2
00fe6
00fea
00fee
01190
01194
01198
0119c
011a0
01276
0127a
013c4
0140a
0140e
01412
01416
0141a
0141e
01422
01426
0142a
0142e
01432
01436
0143a
0143e
01442
01446
0144a
0144e
0009f
00127
0014e
00232
00236
0032b
0037d
00483
00487
004a7
004f7
0054f
00553
0056d
005bb
005bf
005e1
00ac1
00ac5
00c80
00d99
00dfd
0101f
01023
01027
0102b
0102f
01033
01037
011d7
011db
011df
011e3
011e7
011eb
012bb
012eb
012ef
0140d
01453
01457
0145b
0145f
01463
01467
0146b
0146f
01473
01477
0147b
0147f
01483
01487
0148b
0148f
01493
001d7
00264
00332
00336
00426
00478
004c4
004c8
00578
00590
00594
005f6
0064a
006b0
006b4
006d6
00d11
00d15
00f30
00fc8
01020
01218
0121c
01220
01224
01228
0122c
01236
012f0
012f4
013ca
013ce
013d2
013d6
013da
01494
01498
0149c
014a0
014a4
014a8
014ac
014b0
014b4
014b8
014bc
014c0
014c4
014c8
014cc
014d0
014d4
014d8
014dc
014e0
001fd
00288
0028c
00353
00449
00499
0049d
004cd
004e9
004ed
00599
005b5
005b9
0061b
006dd
006f9
006fd
00a57
00dab
00daf
01063
01067
01263
01267
0126b
0126f
01273
0127d
01281
0133b
01411
01415
01419
0141d
01421
01425
01497
014e3
014e7
014eb
014ef
014f3
014f7
014fb
014ff
01503
01507
0150b
0150f
01513
01517
0151b
0151f
01523
01527
00131
002ac
002b0
0037c
003e6
003ea
0046e
004f0
0050c
00510
005bc
005de
005e2
0063c
00700
0071a
0071e
00aea
00dfa
00dfe
010ac
010b0
012a4
012a8
012ac
012b0
012b4
012be
012c2
01382
01452
01456
0145a
0145e
01462
01466
014e4
0152a
0152e
01532
01536
0153a
0153e
01542
01546
0154a
0154e
01552
01556
0155a
0155e
01562
01566
0156a
0156e
00159
002b3
002d4
0039f
003a3
0040d
0048f
00513
00517
00533
00587
005d9
005dd
005ff
00669
0066d
00723
00b7d
00b81
00e4d
010a7
010f4
01147
0114b
0114f
01153
01157
0115b
0115f
012f7
012fb
012ff
01303
01307
0130b
013e1
0152b
0152f
01575
01579
0157d
01581
01585
01589
0158d
01591
01595
01599
0159d
015a1
015a5
015a9
015ad
015b1
015b5
015b9
00185
002f0
003c0
003c4
003de
0042a
00536
0053a
00556
005aa
00602
00606
00622
0066e
00672
0068e
00be8
00bec
00e96
00f7e
00f8c
0118e
01192
01196
0119a
0119e
011a2
011a6
0133e
01342
01346
0134a
0134e
01352
01428
01572
01576
015bc
015c0
015c4
015c8
015cc
015d0
015d4
015d8
015dc
015e0
015e4
015e8
015ec
015f0
015f4
015f8
015fc
01600
001ad
0023e
00242
00311
00401
00453
00457
0055d
0057d
00581
005d1
00629
00643
00647
00695
006b7
006bb
00c80
00ee5
00ee9
00fd5
00fd9
011d9
011dd
011e1
011e5
011e9
011ed
011f1
01389
0138d
01391
01395
01399
01469
0146d
0149d
015bb
015bf
01605
01609
0160d
01611
01615
01619
0161d
01621
01625
01629
0162d
01631
01635
01639
0163d
01641
002bb
0033e
00342
0040c
004fc
0054e
00552
0059e
0064e
00652
0066a
006cc
00720
00724
0078a
007ac
007b0
00f30
010f1
010f5
011d6
011da
013ca
013ce
013d2
013d6
013da
013e4
013e8
014a2
01578
0157c
01580
01584
01588
0158c
01646
0164a
0164e
01652
01656
0165a
0165e
01662
01666
0166a
0166e
01672
01676
0167a
0167e
01682
01686
0168a
0168e
002dd
00345
00365
00429
0042d
00523
00573
005a3
005a7
005c3
0066f
00673
0068f
006f1
007b3
007b7
007d3
00dab
00daf
00f8d
011cb
0121c
01411
01415
01419
0141d
01421
01425
0142f
014e9
014ed
015c3
015c7
015cb
015cf
015d3
01645
01649
01695
01699
0169d
016a1
016a5
016a9
016ad
016b1
016b5
016b9
016bd
016c1
016c5
016c9
016cd
016d1
016d5
016d9
00229
00388
00452
00456
004c0
00544
005c6
005ca
005e6
00692
00696
006b8
00712
007d6
007da
007f4
00dfa
00dfe
00fd6
01212
01262
01452
01456
0145a
0145e
01462
01466
01470
01530
01534
01604
01608
0160c
01610
01614
01692
01696
016dc
016e0
016e4
016e8
016ec
016f0
016f4
016f8
016fc
01700
01704
01708
0170c
01710
01714
01718
0171c
01720
0024d
003ab
003af
00479
004e3
004e7
00569
005ed
00609
0060d
00661
006b3
006d5
006d9
00743
007f9
007fd
00e4d
0101f
01023
012a4
012a8
012f9
012fd
01301
01305
01309
0130d
01311
014a9
014ad
014b1
014b5
014b9
0158f
01593
016dd
01723
01727
0172b
0172f
01733
01737
0173b
0173f
01743
01747
0174b
0174f
01753
01757
0175b
0175f
01763
01767
00271
003c6
003ca
0049a
004b4
00500
00504
00610
0062c
00630
00684
006dc
006f8
006fc
00748
00764
00768
00e96
01062
01066
01147
0114b
01340
01344
01348
0134c
01350
01354
01358
014f0
014f4
014f8
014fc
01500
015d6
015da
01724
0176a
0176e
01772
01776
0177a
0177e
01782
01786
0178a
0178e
01792
01796
0179a
0179e
017a2
017a6
017aa
017ae
00295
002fb
0031d
003e7
003eb
004db
0052d
00633
00637
00657
006a7
006ff
00703
0071d
0076b
0076f
00791
00ee5
00ee9
010af
01135
01192
01387
0138b
0138f
01393
01397
0139b
0139f
01537
0153b
0153f
01543
01547
0154b
0161b
0164b
0164f
0176d
017b3
017b7
017bb
017bf
017c3
017c7
017cb
017cf
017d3
017d7
017db
017df
017e3
017e7
017eb
017ef
017f3
00397
00418
004e2
004e6
005d6
00628
00674
00678
00728
00740
00744
007a6
007fa
00862
00866
00887
00b0a
00b0e
010f3
012a3
012a7
01386
0138a
0157a
0157e
01582
01586
0158a
01594
01598
01652
01728
0172c
01730
01734
01738
0173c
017f6
017fa
017fe
01802
01806
0180a
0180e
01812
01816
0181a
0181e
01822
01826
0182a
0182e
01832
01836
0183a
003b8
0043b
0043f
00503
005f9
00649
0064d
0067d
00699
0069d
00749
00765
00769
007cb
0088e
008a9
008ad
00ba1
00f8b
00f8f
0114a
0137b
013cb
015c1
015c5
015c9
015cd
015d1
015d5
015df
01699
0169d
01773
01777
0177b
0177f
01783
017f5
017f9
0183f
01843
01847
0184b
0184f
01853
01857
0185b
0185f
01863
01867
0186b
0186f
01873
01877
0187b
00305
0045e
00462
0052c
00596
0059a
0061e
006a0
006bc
006c0
0076c
0078e
00792
007ec
008b0
008ca
008ce
00c34
00fd4
00fd8
01191
013c2
01412
01602
01606
0160a
0160e
01612
01616
01620
016e0
016e4
017b4
017b8
017bc
017c0
017c4
0183c
01840
01880
01884
01888
0188c
01890
01894
01898
0189c
018a0
018a4
018a8
018ac
018b0
018b4
018b8
018bc
00328
00465
00485
0054f
00553
005bd
0063f
006c3
006c7
006e3
00737
00789
0078d
007af
0081d
00821
008d3
00cc7
00ccb
01021
011d7
011db
01453
01457
014a9
014ad
014b1
014b5
014b9
014bd
014c1
01659
0165d
01661
01665
01669
0173f
01743
01881
018c1
018c5
018c9
018cd
018d1
018d5
018d9
018dd
018e1
018e5
018e9
018ed
018f1
018f5
018f9
018fd
01901
0034f
004a0
00570
00574
0058e
005da
006e6
006ea
00706
0075a
007b2
007b6
007d2
00822
00826
00841
00d54
00d58
01064
01219
0121d
012f6
012fa
014f0
014f4
014f8
014fc
01500
01504
01508
016a0
016a4
016a8
016ac
016b0
01786
0178a
018c2
01902
01906
0190a
0190e
01912
01916
0191a
0191e
01922
01926
0192a
0192e
01932
01936
0193a
0193e
01942
00372
003f3
003f7
004c1
005b1
00603
00607
0070d
0072d
00731
00781
007d9
007f3
007f7
00848
00869
0086d
00a79
010ad
010b1
01263
012e5
01342
01537
0153b
0153f
01543
01547
0154b
0154f
016e7
016eb
016ef
016f3
016f7
016fb
017cb
017fb
017ff
01905
01945
01949
0194d
01951
01955
01959
0195d
01961
01965
01969
0196d
01971
01975
01979
0197d
0046d
004ee
004f2
005bc
006ac
006fe
00702
0074e
007fe
00802
0081e
00877
008d0
008d4
0091e
00945
00949
00ac8
00cc6
00cca
012a5
01452
01456
01536
0153a
0172a
0172e
01732
01736
0173a
01744
01748
01802
018c6
018ca
018ce
018d2
01980
01984
01988
0198c
01990
01994
01998
0199c
019a0
019a4
019a8
019ac
019b0
019b4
019b8
019bc
019c0
019c4
0048e
004f5
00515
005d9
005dd
006d3
00723
00753
00757
00773
00823
00827
00842
0089b
0093a
0093e
00965
00b5b
00b5f
00d57
01148
0114c
012f9
0152b
0157c
01771
01775
01779
0177d
01781
01785
0178f
01843
01847
0190b
0190f
01913
01917
01983
019c9
019cd
019d1
019d5
019d9
019dd
019e1
019e5
019e9
019ed
019f1
019f5
019f9
019fd
01a01
01a05
01a09
003df
00538
00602
00606
00670
006f4
00776
0077a
00796
00845
00849
0086a
008bc
00956
0095a
00980
00a76
00a7a
00c0c
0118f
01193
01341
01572
015c2
017b2
017b6
017ba
017be
017c2
017c6
017d0
01884
01888
01946
0194a
0194e
01952
019ca
01a0a
01a0e
01a12
01a16
01a1a
01a1e
01a22
01a26
01a2a
01a2e
01a32
01a36
01a3a
01a3e
01a42
01a46
01a4a
00402
0055b
0055f
00629
00693
00697
00719
0079d
007b9
007bd
0080f
00865
00886
0088a
008f1
00973
00977
00b0d
00c9f
00ca3
011d9
01387
0138b
01604
01608
01659
0165d
01661
01665
01669
0166d
01671
01809
0180d
01811
01815
018d9
01a0b
01a0f
01a4f
01a53
01a57
01a5b
01a5f
01a63
01a67
01a6b
01a6f
01a73
01a77
01a7b
01a7f
01a83
01a87
01a8b
00425
00576
0057a
0064a
00664
006b0
006b4
007c0
007dc
007e0
00831
0088d
008a8
008ac
008e4
0090b
0090f
00ba0
00d32
00d36
0121b
013c8
013cc
014a7
014ab
016a0
016a4
016a8
016ac
016b0
016b4
016b8
0184a
0184e
01852
01856
0191a
01a4c
01a50
01a90
01a94
01a98
01a9c
01aa0
01aa4
01aa8
01aac
01ab0
01ab4
01ab8
01abc
01ac0
01ac4
01ac8
01acc
00448
004ab
004cd
00597
0059b
0068b
006dd
007e3
007e7
00807
00853
008af
008b3
008cd
00900
00904
0092b
00a33
00a37
00c35
01261
01265
01413
01495
014f2
016e7
016eb
016ef
016f3
016f7
016fb
016ff
0188b
0188f
01893
01897
01955
01959
01989
01a8f
01a93
01ad3
01ad7
01adb
01adf
01ae3
01ae7
01aeb
01aef
01af3
01af7
01afb
01aff
01b03
01b07
01b0b
00547
005c8
00692
00696
00786
007d8
00828
0082c
008c6
008ee
008f2
00937
00974
009be
009c2
009e5
00c83
00c87
00ca0
00cc6
00cca
00d5a
01454
01603
01607
016e6
016ea
018c8
018cc
018d0
018d4
018de
0198c
01990
01a54
01a58
01a5c
01a60
01b0e
01b12
01b16
01b1a
01b1e
01b22
01b26
01b2a
01b2e
01b32
01b36
01b3a
01b3e
01b42
01b46
01b4a
01b4e
00568
005eb
005ef
006b3
007a9
007f9
007fd
00819
0084c
00850
008e5
0090c
00910
00955
009da
009fd
00a01
00d18
00d1c
00d35
00d55
00d59
012f7
012fb
014aa
016db
0172b
01909
0190d
01911
01915
0191f
01923
019d1
01a95
01a99
01a9d
01aa1
01b0d
01b51
01b55
01b59
01b5d
01b61
01b65
01b69
01b6d
01b71
01b75
01b79
01b7d
01b81
01b85
01b89
01b8d
004b5
0060e
00612
006dc
00746
0074a
007ce
0083b
0086e
00872
00901
00928
0092c
00970
009f2
00a14
00a18
00a34
00a5a
00a5e
00a78
00a7c
0133f
01343
014f1
01722
01772
01944
01948
0194c
01950
0195a
0195e
01a12
01ad0
01ad4
01ad8
01adc
01b50
01b90
01b94
01b98
01b9c
01ba0
01ba4
01ba8
01bac
01bb0
01bb4
01bb8
01bbc
01bc0
01bc4
01bc8
01bcc
004d8
00615
00635
006ff
00703
0076d
007ef
0085d
00861
00894
008df
0091d
00921
00948
00999
0099d
00a0b
00ac7
00acb
00af1
00b0b
00b0f
00ba5
01389
01537
0153b
017b4
017b8
01809
0180d
01811
01815
01819
01993
01997
0199b
0199f
01a63
01a67
01b93
01bd3
01bd7
01bdb
01bdf
01be3
01be7
01beb
01bef
01bf3
01bf7
01bfb
01bff
01c03
01c07
01c0b
01c0f
004ff
00650
00720
00724
0073e
0078a
0087f
00883
008b6
008fb
00939
0093d
00964
0098c
00990
009b3
00b5a
00b5e
00b84
00b9e
00ba2
00c38
013ca
01579
0157d
01656
0165a
0184a
0184e
01852
01856
0185a
019d4
019d8
019dc
019e0
01aa4
01aa8
01bd2
01c12
01c16
01c1a
01c1e
01c22
01c26
01c2a
01c2e
01c32
01c36
01c3a
01c3e
01c42
01c46
01c4a
01c4e
00522
005a3
005a7
00671
00761
007b3
007b7
008a5
008d7
008db
0091b
00959
0097f
00983
009a8
009cb
009cf
00bf1
00c0b
00c0f
00c35
00c39
01411
01415
015c3
01645
016a1
0188b
0188f
01893
01897
0189b
0189f
01a19
01a1d
01a21
01a25
01ae3
01b11
01c11
01c51
01c55
01c59
01c5d
01c61
01c65
01c69
01c6d
01c71
01c75
01c79
01c7d
01c81
01c85
01c89
0008a
0008e
000ad
000c3
0061d
0069e
006a2
0076c
00858
008ae
008b2
008f6
00978
0097c
0099a
00a08
00a0c
00af0
00c26
00c2a
00c34
00c3a
00c3e
00c42
00c46
00c4a
00c4e
00ca0
00f06
01603
01607
017b5
0183c
01a54
01a58
01a5c
01a60
01a6a
01b14
01b18
01bd6
01bda
01bde
01be2
01c8e
01c92
01c96
01c9a
01c9e
01ca2
01ca6
01caa
01cae
01cb2
01cb6
000ba
000be
000dd
000f3
0063e
006a5
006c5
00789
0078d
0087e
008d3
008e9
008ed
00914
0098d
00991
009b4
00b83
00b87
00cbd
00cc7
00ccb
00cd1
00cd5
00cd9
00cdd
00ce1
00d33
00d37
00f51
014aa
01657
0165b
01a95
01a99
01a9d
01aa1
01aab
01aaf
01b57
01c15
01c19
01c1d
01c21
01c8d
01cbb
01cbf
01cc3
01cc7
01ccb
01ccf
01cd3
01cd7
01cdb
01cdf
01ce3
000ee
0010b
00121
00125
0058f
006e8
007b2
007b6
00824
0089e
00905
00909
00930
009a5
009a9
009cc
00a32
00a36
00bf0
00d0a
00d0e
00d56
00d5c
00d60
00d64
00d68
00d6c
00d70
00e16
014f1
0169e
016a2
01ad0
01ad4
01ad8
01adc
01ae6
01aea
01b96
01c50
01c54
01c58
01c5c
01cba
01ce4
01ce8
01cec
01cf0
01cf4
01cf8
01cfc
01d00
01d04
01d08
01d0c
00019
0002f
0011a
0011e
005b2
0070b
0070f
007d9
00846
0084a
008c3
00925
0094c
00950
009c1
009e4
009e8
00a51
00a77
00a7b
00a81
00a85
00a89
00a8d
00a91
00ac7
00acb
00c86
00e17
01537
0153b
016e9
01903
01995
01999
0199d
019a1
019a5
01b1b
01b1f
01b23
01b27
01be5
01be9
01ce7
01d11
01d15
01d19
01d1d
01d21
01d25
01d29
01d2d
01d31
01d35
00028
0002c
0004b
00061
005d5
00726
0072a
007fa
00812
00862
00866
00941
00968
0096c
009d9
009fc
00a00
00ae4
00b0a
00b0e
00b14
00b18
00b1c
00b20
00b24
00b5a
00b5e
00d19
00e66
01579
0157d
0172a
017fa
019d6
019da
019de
019e2
019e6
01b5a
01b5e
01b62
01b66
01c24
01c28
01d10
01d3a
01d3e
01d42
01d46
01d4a
01d4e
01d52
01d56
01d5a
01d5e
00058
0005c
0007b
00091
005f8
0065b
0067d
00747
0074b
00838
0088e
0095d
00961
00987
009f1
009f5
00a17
00a5b
00a5f
00b79
00b9f
00ba3
00ba9
00bad
00bb1
00bb5
00bb9
00c0b
00c0f
00f07
015c3
01771
01775
01a17
01a1b
01a1f
01a23
01a27
01a2b
01b9d
01ba1
01ba5
01ba9
01c63
01c91
01d39
01d63
01d67
01d6b
01d6f
01d73
01d77
01d7b
01d7f
01d83
01d87
00030
0009c
00107
0011b
0011f
00194
001b5
001b9
006f7
00778
00845
00849
00958
0099e
009a2
00a10
00a4e
00a52
00a78
00a7e
00a82
00a86
00a8a
00a94
00a98
00af0
00c04
00c08
00c0c
00c10
00c14
00c18
00c1c
00eb8
00ebc
01112
017b5
019c8
01bd6
01bda
01bde
01be2
01bec
01c94
01c98
01d8a
01d8e
01d92
01d96
01d9a
01d9e
01da2
01da6
01daa
01dae
00015
00029
0005e
00062
000ce
001bc
001dd
001e1
00718
0079b
0079f
00865
00973
00977
00995
009b8
009bc
00ae5
00b0b
00b0f
00b15
00b19
00b1d
00b21
00b2b
00b83
00b87
00c9b
00c9f
00ca3
00ca7
00cab
00caf
00cb3
00f0b
00fa7
01657
0165b
01c15
01c19
01c1d
01c21
01c2b
01c2f
01cc1
01d89
01db1
01db5
01db9
01dbd
01dc1
01dc5
01dc9
01dcd
01dd1
00045
00059
0005d
00092
000fc
001e4
001e8
0020d
00665
007be
007c2
0088d
008e2
008e6
009ad
009d0
009d4
00b78
00b9e
00ba2
00ba8
00bac
00bb0
00bb4
00bbe
00bee
00bf2
00d2e
00d32
00d36
00d3a
00d3e
00d42
00d46
00f54
00fa6
0169e
016a2
01c50
01c54
01c58
01c5c
01c66
01c6a
01cea
01db0
01dd4
01dd8
01ddc
01de0
01de4
01de8
01dec
01df0
01df4
00006
00075
00089
0008d
000c2
00139
0013d
00206
00688
007c5
007e5
008af
008b3
00902
009c5
009c9
009ec
00a2d
00a31
00a35
00a39
00a3d
00a41
00a45
00c27
00c2b
00c35
00c3b
00c3f
00c43
00c47
00c51
00c55
00c86
00dc9
00dcd
0103b
016e9
01a8f
01b1d
01b21
01b25
01b29
01b2d
01d13
01d17
01dd7
01dfb
01dff
01e03
01e07
01e0b
01e0f
01e13
01e17
01e1b
0003a
000a9
000bd
000f2
000f6
00142
00163
00167
006af
00800
008d0
008d4
0091e
009dd
009e1
00a04
00ac0
00ac4
00ac8
00acc
00ad0
00ad4
00ad8
00cba
00cbe
00cc8
00cce
00cd2
00cd6
00cda
00ce4
00ce8
00d19
00e18
00e1c
01084
0172a
01986
01b5c
01b60
01b64
01b68
01b6c
01d3c
01d40
01dfa
01e1e
01e22
01e26
01e2a
01e2e
01e32
01e36
01e3a
01e3e
0006a
000d9
000ed
00120
00124
0016a
0018b
0018f
006d2
00753
00757
00825
0093a
0093e
009f9
00a1b
00a1f
00a5d
00b55
00b59
00b5d
00b61
00b65
00b69
00b6d
00d0b
00d0f
00d57
00d5d
00d61
00d65
00d69
00d73
00d77
00e6b
01085
01771
01775
01b9b
01b9f
01ba3
01ba7
01bab
01baf
01d65
01d8d
01e1d
01e41
01e45
01e49
01e4d
01e51
01e55
01e59
01e5d
000cd
000e0
000e7
000f1
00159
00168
00171
001de
00253
0025d
0039e
00b54
00c79
00c8a
00c8e
00cc1
00cea
00d0a
00d14
00d20
00d7a
00e1e
00e45
00e6e
00eea
00f08
00fcb
00ff3
00ff7
01019
0103d
01041
01107
011f3
01220
0123a
012b9
012f1
01312
01432
0149c
014ad
014c4
014c8
01624
0173e
01e60
01e64
01e68
01e6c
01e70
01e74
01e78
01e7c
01e80
01e84
01e88
01e8c
000ff
00110
0011a
0017d
0018b
00198
0019e
00275
0027d
00288
00a26
00a4f
00a60
00a64
00b60
00d18
00d23
00d38
00d50
00d7c
00e40
00e74
00eab
00ec0
00f4a
00f84
01015
01045
01049
01069
01087
0108b
01141
0123e
01267
01282
012e7
01339
0135a
01476
014ca
014f5
0150c
01510
016ba
01b5b
01e8e
01e92
01e96
01e9a
01e9e
01ea2
01ea6
01eaa
01eae
01eb2
01eb6
00007
0001c
00023
0002d
001a7
001b4
001c1
001c8
0029c
002a7
0030e
00a23
00a5b
00a67
00a71
00a9d
00ae2
00aea
00af7
00b30
00c9a
00dc1
00e90
00ec4
00efb
00f10
0105d
0107f
01091
01095
010c3
010d3
010d7
0125d
01288
012ac
012c6
01335
01381
013a2
014e4
01530
01552
01556
01618
017c8
01e8e
01ebc
01ec0
01ec4
01ec8
01ecc
01ed0
01ed4
01ed8
01edc
01ee0
01ee4
0003d
0004f
00058
00164
001d4
001e4
001ec
002bf
002c6
002d2
00abb
00acf
00af9
00afd
00b12
00b33
00b7c
00b89
00bc2
00ca8
00e01
00e19
00f12
00f37
00f58
0101a
010a9
010d9
010dd
010f8
01115
01119
0113d
01150
01164
012c8
01361
013a7
013df
013ec
0152c
0157f
0159a
0159e
01650
01bd4
01ee6
01eea
01eee
01ef2
01ef6
01efa
01efe
01f02
01f06
01f0a
01f0e
00069
0007e
00085
0008f
001f7
00204
00211
00218
002e4
002ef
00350
00b4f
00b63
00b8d
00b91
00ba6
00bc7
00bea
00bf7
00c56
00d3b
00da4
00db3
00dd1
00e61
00f5d
00f81
00f91
00fab
00faf
0110d
0111f
01123
01166
01196
011aa
0122f
013c5
01417
01434
014ea
015a2
015d8
015e4
015e8
01792
01ee6
01f14
01f18
01f1c
01f20
01f24
01f28
01f2c
01f30
01f34
01f38
01f3c
0009f
000b1
000ba
0012a
0013b
00146
0014d
0022b
00232
0023e
00a3a
00be3
00bef
00bfb
00c13
00c3a
00c5b
00c7f
00c91
00cee
00d9a
00dd4
00e02
00e23
00eb0
00f79
00fa1
00fb3
00fb7
00fdb
00ffd
01001
01185
011b0
011df
011f8
013f1
01439
01469
0147a
015bc
01609
01626
0162a
016e0
01c50
01f3d
01f41
01f45
01f49
01f4d
01f51
01f55
01f59
01f5d
01f61
01f65
001d0
001e0
001eb
001f2
0024b
00258
00260
002bf
0032e
00339
00476
00b04
00c3c
00ca7
00d2d
00ee1
00ef0
00f02
00f15
00f30
00f3a
00f5f
00ff2
0101a
0103c
010b4
01182
011a5
011b3
011b7
011e1
011fa
011fe
0137d
013ab
013d2
013f2
0149d
014ad
014c4
01624
01652
01672
01677
0173e
0181c
01e63
01e67
01eea
01f6a
01f6e
01f72
01f76
01f7a
01f7e
01f82
01f86
01f8a
001fb
0020c
00214
0026a
00275
00283
0028a
00350
00357
00363
00a2c
00b8d
00cbc
00d23
00d9f
00dab
00db5
00dcf
00f3c
00f4a
00f5d
01014
0104d
0107a
01088
0110e
011cb
011ed
01201
01205
01231
01242
01246
013c5
013f4
0141a
0143a
014cb
014f5
0150c
01646
0169a
016ba
016bf
01786
01918
01e90
01f13
01f69
01f8e
01f92
01f96
01f9a
01f9e
01fa2
01fa6
01faa
0012c
0013b
00147
0014e
00291
0029a
002a8
002af
00376
00381
003e6
00a65
00ae8
00c2c
00d5e
00d9b
00db9
00dc2
00dd6
00dfc
00e06
00e25
00fa3
0108e
010b3
010d0
01188
01216
01247
0124b
0126b
01285
0128c
0133b
01439
0145a
01478
014ce
01513
0153c
01554
016c3
016ec
01705
01709
018a0
01e94
01ebe
01f41
01fae
01fb2
01fb6
01fba
01fbe
01fc2
01fc6
01fca
01fce
00159
00168
00172
00253
002bb
002c5
002cf
00398
003a0
003ab
00a50
00acc
00b54
00c8c
00def
00e04
00e0b
00e1e
00e4a
00e54
00e6e
00fdd
010a8
010e1
01108
01116
0125b
0127d
01291
01295
012bb
012cc
012d0
012fe
01312
01383
0147e
0152d
01580
0159a
01650
0170b
01740
0174d
01751
018e2
01e6b
01eec
01fae
01fd2
01fd6
01fda
01fde
01fe2
01fe6
01fea
01fee
0017f
0018b
00199
0019e
002d9
002e3
002f0
002f7
003bc
003c6
00429
00b14
00b8e
00c04
00d4e
00e41
00e59
00e62
00e76
00e96
00ea0
00ec5
00f84
00f91
00fb8
01037
0113a
01143
01165
0116c
0122f
012d1
012d5
012e7
0131c
01349
01362
0155e
015a3
015d8
015e4
01724
01776
01792
01797
01842
01e95
01ef0
01f1a
01ff2
01ff6
01ffa
01ffe
02002
02006
0200a
0200e
02012
001ab
001bb
001c4
00220
0022c
00239
00240
00308
00310
0031b
00a66
00b78
00bfa
00c7d
00e8f
00e9e
00ea5
00ec2
00ee4
00eee
00f0e
00f7a
00fb9
00fda
00ffc
01080
01138
0116f
01173
0118b
011ae
011bb
01277
0135f
0138e
013a2
01429
015bd
0160a
01626
016e0
0179b
017ca
017d9
017dd
01960
01ec3
01f44
01f6a
02015
02019
0201d
02021
02025
02029
0202d
02031
002b6
002c0
002cd
002d5
00328
00334
0033c
00398
00406
00411
0054e
00b7c
00c14
00e10
00f2e
010a9
010b8
010ca
010da
010f4
010fd
01126
011ad
011d2
011f6
0126c
01333
01355
01366
0136a
0138d
013ad
013b1
0152d
0155f
01583
015a7
0164d
0165c
01676
017d6
01802
0181c
01821
018d6
019a8
01ec2
01eed
01f6c
02034
02038
0203c
02040
02044
02048
0204c
02050
02054
002df
002e8
002f3
00347
00352
0035e
00365
0042a
00430
0043b
00b8e
00c9b
00daa
00e60
00f7f
00f8c
00f95
00fa9
010ff
0110c
0111d
011cc
01207
01230
01242
012c0
0137b
0139d
013b3
013b7
013e2
013f5
013f9
01575
015a8
015ca
015ef
0167c
016a4
016be
017f6
01844
0185e
01863
01918
01aa4
01ef2
01f1d
01f90
02056
0205a
0205e
02062
02066
0206a
0206e
02072
00222
0022c
00239
00241
0036c
00374
00382
00389
0044e
00459
004bf
00c7d
00d3c
00dfa
00eb0
00f7b
00f99
00fa2
00fb2
00fd6
00fe0
01004
0115f
0123e
0126b
01282
01338
013c6
013f0
013fd
01417
01436
0143f
014eb
015ea
0160b
01626
0167f
016c4
016ec
01706
01867
0188a
018a3
018a7
01a2c
01e94
01f44
01fb0
02056
02078
0207c
02080
02084
02088
0208c
02090
02094
0024b
00258
00261
0032d
00394
003a0
003a8
00470
00478
00482
00a2e
00c8b
00e08
00eea
00fc9
00fde
00fe5
00ff2
0101e
01028
0103c
0119c
0125c
01297
012ba
012cc
0140a
0142d
01443
01447
0146c
0147f
01483
014af
014c2
01533
01632
016dd
0172f
0174c
01800
018a9
018d8
018e5
018e9
01a6e
01e65
01f49
01fd4
02096
0209a
0209e
020a2
020a6
020aa
020ae
020b2
0026c
00275
00283
0028b
003b2
003bb
003c6
003cf
00494
0049f
00500
00ac2
00d23
00e94
00f4a
01015
0102d
01036
01046
01064
0106e
01098
01140
01152
01176
011ef
012eb
012f4
01314
0131f
013e1
01476
01487
01497
014d0
014f9
01517
0170f
01754
01788
01796
018c2
01908
01924
01929
019ce
01e6a
01e91
01ff4
02096
020b8
020bc
020c0
020c4
020c8
020cc
020d0
020d4
00295
002a0
002ab
002fe
00309
00316
0031d
003e0
003e8
003f3
00a65
00b56
00db0
00ea2
0105d
0106c
01073
0108e
010ac
010b6
010d0
01136
01177
01196
011b9
01236
012e8
01318
01325
0133c
0135c
0136d
01429
01512
0153e
01552
015d7
0176d
017ba
017d8
01884
0192d
01956
01965
01969
01aec
01ebb
01f1c
02017
020d5
020d9
020dd
020e1
020e5
020e9
020ed
020f1
00390
00399
003a6
003ae
00401
0040e
00414
00470
004de
004e9
00627
00a61
00e4a
00fec
010f3
0125e
0126e
0127e
01290
012a5
012b1
012cb
0135e
01381
013a2
0141c
014e3
01505
0151a
0151e
0153d
01556
01561
016dd
0170c
01732
01758
017fd
01806
01820
01962
0198e
019a8
019ad
01a62
01b30
01e9b
01ec0
01ec8
01ecc
01fd6
02097
020f7
020fb
020ff
02103
02107
0210b
003b8
003c2
003ca
0041f
0042c
00436
0043d
00500
00508
00513
00ae9
00e58
00f8c
01036
0113a
01148
01150
01163
012af
012be
012d1
0137c
013b8
013df
013ed
01470
0152b
0154d
01563
01567
01591
0159e
015a9
01725
01754
0177a
017a0
01826
01848
01862
01982
019d0
019ea
019ef
01aa4
01c24
01ee8
01ef2
01ef6
01ff4
02058
0210d
02111
02115
02119
0211d
02121
00300
00309
00316
0031e
00445
0044c
0045a
00461
00527
00531
00596
00b89
00ee4
00fd4
01080
01138
01157
0115e
01170
01192
0119d
011b8
0130f
013ee
01417
01434
014ea
01576
015a5
015ad
015c7
015e4
015e8
01699
01793
017bb
017d8
01829
01868
0188a
018a4
019f3
01a16
01a2f
01a33
01bb0
01ef3
01f1a
01f20
01f24
02019
020d6
02127
0212b
0212f
02133
02137
0213b
00328
00334
0033d
00405
0046c
00478
00480
00549
00550
0055b
00be9
00eef
00fe2
010b4
01182
01199
011a1
011ad
011d6
011dd
011f6
0134c
0140c
01448
01469
0147b
015bb
015dd
015f3
015f7
0161b
0162a
01633
0165e
01674
016e1
017d7
01881
018c7
018e4
0198c
01a35
01a64
01a71
01a75
01bf0
01f3e
01f49
01f4d
01f6b
02098
0213d
02141
02145
02149
0214d
02151
00349
00352
0035e
00366
0048a
00493
004a0
004a7
0056c
00577
005d8
00c90
00f3c
01062
0110e
011ce
011e6
011ee
01200
0121b
01227
01241
012f0
012fd
0131d
0139f
0149b
014a1
014c4
014c8
0158f
0162e
01637
01647
0167c
016a8
016c8
018ad
018ec
0191a
01928
01a4e
01a95
01ab0
01ab5
01b54
01e64
01e6e
01e72
01f4a
01f92
020ba
02157
0215b
0215f
02163
02167
0216b
00372
0037c
00385
003d7
003e1
003ee
003f5
004b9
004c1
004cb
00d14
00db8
00f92
01070
01213
01223
0122b
0123e
01261
01267
01282
012e6
01328
01345
0135d
013e6
01498
014cd
014d5
014e9
0150c
01510
015d7
016bb
016ee
01704
01787
01905
01945
01964
01a10
01ab9
01ae2
01af1
01af5
01c6c
01e90
01e9a
01e9f
01faf
020d7
0216d
02171
02175
02179
0217d
02181
0046a
00471
0047e
00484
004d9
004e4
004ec
0054a
005b6
005c1
006ff
00db5
0101e
011a6
012a3
0140e
0141e
0142e
01443
01454
01460
0147f
01512
01532
01552
015cc
01693
016b5
016ca
016ce
016ed
01707
01711
01881
018aa
018ca
018f0
01989
01992
019ac
01aee
01b16
01b30
01b35
01be4
01c9a
01ebc
01f94
01fb6
01fba
0209b
0213d
02187
0218b
0218f
02193
02197
0219b
0048e
0049a
004a3
004f6
00502
0050e
00515
005d8
005df
005eb
00dfb
0102c
01147
011ee
012eb
012f7
012ff
0131a
0145e
0146e
01484
0152c
01568
01590
015a4
01620
016db
016fd
01713
01717
01741
0174f
01759
018c3
018ec
0190c
01932
019b2
019d4
019ee
01b0c
01b56
01b70
01b75
01c24
01d3c
01eee
01fd4
01fda
020b8
0210e
0219d
021a1
021a5
021a9
021ad
021b1
003d9
003e1
003ee
003f6
0051c
00526
00532
00539
005fe
00609
0066f
00e55
010ac
01191
01236
012e8
01306
0130e
01323
01341
0134d
0136b
014bf
015a2
015c7
015e2
01698
01726
01756
0175d
01777
01794
01799
01843
01925
01946
01964
019b5
019f4
01a16
01a30
01b79
01b9c
01bb3
01bb7
01cee
01e96
01fde
01ffa
01ffe
020da
0216d
021b7
021bb
021bf
021c3
021c7
021cb
00402
0040e
00415
004dd
00544
00550
00558
00621
00629
00633
00e95
010b7
011a0
0126c
01333
0134a
01351
0135e
01387
0138e
013a2
014fc
015bc
015f8
0161a
01630
0176b
0178d
017a3
017a7
017cb
017db
017e3
01808
0181e
01885
01963
01a0d
01a53
01a70
01b14
01bb9
01be6
01bf3
01bf7
01d18
01f46
02017
0201d
02037
0213e
021cd
021d1
021d5
021d9
021dd
021e1
00421
0042c
00436
0043e
00562
0056b
00578
0057f
00644
0064f
006b1
00ef3
01100
01219
012c0
0137e
01396
0139e
013b3
013ca
013d6
013f5
014a0
014ae
014d1
0154f
0164b
01653
01674
01679
0173f
017df
017e7
017f7
01826
0184c
0186c
01a39
01a78
01aa6
01ab4
01bd0
01c16
01c30
01c35
01cbe
01e64
01f6d
01f74
0201a
0205b
02158
021e7
021eb
021ef
021f3
021f7
021fb
00448
00454
0045d
004ae
004bb
004c6
004cd
00590
00598
005a3
00f2f
00f98
01153
0122a
013c3
013d2
013da
013ee
01410
01418
01434
01496
014d8
014f5
01514
01596
01648
0167e
01685
0169b
016bc
016c1
01787
0185f
0188c
018a2
01919
01a91
01ad2
01af0
01b94
01c39
01c62
01c71
01c75
01d68
01f14
01f8f
01f97
02077
0216e
021fd
02201
02205
02209
0220d
02211
00542
0054b
00556
0055e
005b0
005bc
005c4
00622
0068e
00699
007d6
00c50
00f95
011d6
01356
01452
015be
015ce
015de
015f3
01605
01611
01633
016c3
016e2
01704
0177c
0183d
01859
0186e
01872
0188b
018a5
018af
01a0d
01a36
01a56
01a7c
01b11
01b1c
01b34
01c6e
01c96
01c9d
01ca1
01d6a
01f44
0205d
0207d
02081
02141
021cd
02217
0221b
0221f
02223
02227
0222b
00568
00572
0057b
005cf
005da
005e6
005ed
006b2
006b8
006c3
00cd2
00fd5
011e6
012f6
0139e
0149b
014a9
014b1
014cf
0160f
0161e
01634
016dc
01718
01740
01755
017d0
0187f
0189b
018b1
018b5
018d9
018e7
018f1
01a4f
01a78
01a99
01abe
01b3a
01b5d
01b74
01c8c
01cc0
01cc7
01ccb
01db4
01fd4
0209a
0209f
02156
0219e
0222d
02231
02235
02239
0223d
02241
004b0
004bb
004c6
004ce
005f5
005fc
0060a
00611
006d7
006e1
00746
00d72
01029
01262
0133f
013e6
01498
014b7
014be
014d3
014f2
014fd
0151f
0166f
01753
01777
01794
01842
018c4
018ee
018f5
01909
01926
0192b
019cf
01ab1
01ad3
01af0
01b3d
01b7a
01b9c
01bb4
01ccd
01cee
01cf3
01d62
01e90
020a3
020bd
020c1
02171
021fd
02247
0224b
0224f
02253
02257
0225b
004da
004e4
004ed
005b5
0061c
0062a
00630
006f9
00701
0070b
00a82
01063
0126e
01350
0141c
014e3
014fa
01501
01512
01537
0153e
01552
016ab
0176c
017a8
017ca
017e1
01903
0191f
01935
01939
01957
01967
0196f
01994
019aa
01a11
01aef
01b91
01bd7
01bf2
01c94
01cf7
01d18
01d1d
01dfc
02017
020d9
020de
020f5
021ce
0225d
02261
02265
02269
0226d
02271
004f8
00502
0050e
00516
0063a
00643
00650
00657
0071c
00727
00789
00b28
010bb
012b4
013c8
01470
0152e
01546
0154e
01563
0157b
01587
015a9
01650
0165d
01681
016ff
017fb
01803
0181e
01823
018d7
0196b
01973
01983
019b2
019d8
019f8
01bbd
01bfa
01c26
01c34
01d0e
01d3e
01d45
01d49
01eec
02039
0203f
020db
02111
021e8
02277
0227b
0227f
02283
02287
0228b
00522
0052e
00535
00587
00591
0059e
005a5
00669
00671
0067b
00baa
010f4
01158
01302
013d8
01573
01584
0158b
015a2
015c1
015c8
015e2
01646
01688
016a4
016c5
01746
017f8
01828
0182f
01845
01860
01865
01919
019eb
01a18
01a2e
01aa5
01c11
01c53
01c70
01ce8
01d4b
01d68
01d6f
01e40
01f8f
02059
02060
02125
021fe
0228d
02291
02295
02299
0229d
022a1
0061a
00623
0062e
00636
00688
00694
0069c
006fa
00766
00771
008ae
00aa1
00c20
00c50
01156
01388
01506
01603
0176e
0177e
0178e
017a3
017b5
017c1
017e3
01867
01886
018a2
0190e
019c9
019e5
019fa
019fe
01a17
01a31
01a3b
01b91
01bba
01bda
01bfe
01c91
01c9c
01d4d
01d8c
01d93
01d97
02016
02113
0212b
0212f
021d1
0225d
022a7
022ab
022af
022b3
022b7
022bb
00640
0064a
00653
006a7
006b4
006be
006c5
0078a
00790
0079b
00b2a
00cab
00cd2
01192
01396
014a9
0154e
0164b
01658
0165f
01680
017bf
017ce
017e4
01880
018b6
018d8
018ed
0195c
01a0b
01a27
01a3d
01a41
01a65
01a73
01a7d
01bd1
01bfa
01c1a
01c3e
01ca4
01cc6
01d73
01d99
01db7
01dbb
0209a
02140
02145
021e6
0222e
022bd
022c1
022c5
022c9
022cd
022d1
00589
00591
0059e
005a6
006cc
006d6
006e2
006e9
007ae
007b9
00822
00bc9
00d48
00d72
011e4
01410
014f1
01596
01648
01666
0166e
01683
016a0
016ac
016cf
01819
018eb
01909
01926
019ce
01a50
01a7a
01a81
01a96
01ab2
01ab7
01b55
01c31
01c54
01c70
01ca7
01cce
01cf0
01db0
01dd8
01ddd
01f8e
02149
0215b
0215f
02201
0228d
022d7
022db
022df
022e3
022e7
022eb
005b0
005bc
005c5
0068d
006f4
00702
00708
007d0
007d8
007e3
00a3e
00a82
00c52
0121a
0141e
01500
015cc
01693
016a8
016b0
016c3
016e6
016ee
01704
0184f
01904
0193a
01956
0196d
01a8f
01aab
01ac1
01ac5
01ae3
01af3
01afb
01b1e
01b32
01b95
01c6f
01ce5
01d14
01d1c
01de1
01dff
01e03
020d9
02170
02175
02185
0225e
022ed
022f1
022f5
022f9
022fd
02301
005d1
005da
005e6
005ee
00712
0071b
00728
0072f
007f4
007ff
00862
00adc
00b28
00cf1
01271
01462
01579
01620
016de
016f6
016fe
01713
0172a
01736
01759
01800
01807
0182b
0189d
01987
0198f
019aa
019af
01a63
01af7
01aff
01b0d
01b3a
01b61
01b7e
01cfb
01d22
01d44
01df8
01e20
01e25
01fd3
020f7
020fd
02172
021a1
02278
02307
0230b
0230f
02313
02317
0231b
005f8
00604
0060d
0065e
0066b
00676
0067d
00740
00748
00753
00b66
00baa
00d74
012a4
01306
014b3
0158a
01723
01732
0173a
01753
01770
01778
01794
017f6
01832
01848
01869
018de
01984
019b4
019bb
019d1
019ec
019f1
01aa5
01b71
01b9e
01bb2
01c25
01d39
01d64
01d6e
01e29
01e45
01e49
02059
0210f
02116
021b5
0228e
0231d
02321
02325
02329
0232d
02331
006f0
006fb
00706
0070e
00760
0076c
00774
007d0
0083f
00847
00956
00a4a
00a76
00a82
00a87
00a9a
00aa5
00c16
00d7b
00eaa
01304
01538
016b6
017b3
01906
01910
01920
01935
01947
0196e
019cc
01a10
01a17
01a3b
01aad
01b6b
01b80
01b84
01b9d
01bb5
01bbf
01ce5
01cf8
01d62
01d92
01e2b
01ea3
021a2
021ba
021be
0225f
022a7
02336
0233a
0233e
02342
02346
0234a
00716
00722
0072b
0077e
0078c
00796
0079d
0085c
00865
0086f
00a22
00ade
00b0a
00b16
00b1b
00b2e
00b39
00cab
00e28
01340
01546
01658
016fe
017fb
01808
0181e
01948
01950
01962
01a0b
01a3c
01a62
01a72
01ad8
01b15
01bab
01bc1
01bc5
01be7
01bf5
01bff
01d0f
01d22
01d88
01db6
01e4b
0213f
021cf
021d4
021d8
022bd
0234b
0234f
02353
02357
0235b
0235f
00660
0066b
00676
0067e
007a4
007ac
007ba
007c1
00885
0088d
008e2
00b31
00b8a
00ba0
00bad
00bbe
00bcb
00bcf
00d48
00f44
01394
015c2
0169e
01746
017f8
01810
01818
0182d
0184b
0186c
019a4
01a50
01a95
01aa8
01abf
01bd2
01bfc
01c03
01c17
01c32
01c37
01cbf
01d43
01d6d
01db0
01dda
01efb
021d2
021ea
021ee
0228f
022d7
02364
02368
0236c
02370
02374
02378
00688
00694
0069d
00765
007cc
007d8
007e0
008a3
008aa
008b5
00a3e
00b50
00bf6
00c32
00c3e
00c43
00c56
00c61
00da4
013c9
015ce
016ae
0177c
0183d
0184c
01854
01867
0188a
01893
019da
01a8f
01ac0
01ae0
01af2
01b95
01c2b
01c41
01c45
01c63
01c73
01c7b
01c9d
01d68
01dc0
01de1
01e00
0216f
021ff
02204
02208
022a8
02379
0237d
02381
02385
02389
0238d
006a9
006b4
006be
006c6
007ea
007f3
00800
00807
008ca
008d2
0091c
00adc
00c59
00cb6
00cc8
00cd5
00ce6
00cf3
00cf7
00f18
01421
01614
01728
017d0
01882
01894
0189c
018b1
018c9
018f0
0198a
01992
019b3
01a28
01b02
01b17
01b32
01b37
01be5
01c77
01c7f
01c8d
01ca4
01d12
01df8
01e22
01f52
02186
0218c
02190
0222e
02307
02392
02396
0239a
0239e
023a2
023a6
006d0
006de
006e5
00736
00741
0074e
00755
00817
0081e
00829
00b66
00c78
00d20
00d54
00d60
00d65
00d78
00d84
00e44
01453
014b8
01662
01738
018c1
018ca
018d2
018eb
01908
01914
01981
019b8
019d2
019ee
01a59
01b0e
01b3c
01b43
01b57
01b72
01b77
01c25
01cc5
01cf1
01e08
01e29
01e46
0210e
0219e
021a5
021a9
022d8
023a7
023ab
023af
023b3
023b7
023bb
007c8
007d1
007de
007e6
00836
0083c
00849
008a8
00902
0090d
009f0
00a32
00a40
00a48
00a6d
00a9a
00cde
00d60
00d7b
00da5
00dc7
00dda
00dde
00f64
0107b
014bb
016e9
0185b
01a90
01a9b
01aaa
01ac0
01ad4
01af0
01b52
01b94
01b9d
01bbf
01c2d
01cd0
01cd6
01ceb
01cf3
01cfd
01dd5
01de2
01ea3
021b6
02246
0224c
02250
02335
023bf
023c3
023c7
023cb
023cf
023d3
007ee
007fa
00803
00853
0085c
00866
00871
0091c
00923
0092f
00a22
00a94
00ac6
00ad4
00adc
00b01
00b2e
00d6c
00d9a
00df5
00e16
00e2a
00e2e
01006
014f4
016f9
01891
01951
01992
0199b
01ad4
01adc
01aea
01b03
01bc0
01be4
01bf4
01c59
01c95
01cfa
01d01
01d15
01d1d
01d27
01dfd
01e23
01f53
0224a
02262
02266
02307
02391
023d7
023db
023df
023e3
023e7
00738
00741
0074e
00756
00877
00881
00888
00894
0093c
00946
0098c
00aab
00b16
00b31
00b5c
00b6a
00b74
00ba1
00bcc
00e1e
00e50
00e70
00e7c
00f47
01107
0154a
01773
018cd
01982
01998
019a2
019b8
019d6
019ec
01b23
01bd2
01c16
01c28
01c3f
01d10
01d29
01d2d
01d44
01d49
01e1d
01e2a
01e6b
021e7
02277
0227c
02280
02363
023eb
023ef
023f3
023f7
023fb
023ff
00760
0076c
00775
00840
0089e
008a6
008b2
00956
0095e
00969
00b22
00b50
00bbc
00bf6
00c0c
00c1a
00c24
00c56
00da4
00e72
00eab
00ec0
00ecc
00f85
0157d
01783
01855
01921
019d6
019df
019e8
01a01
01a1e
01a3b
01b6d
01c40
01c60
01c72
01ce9
01d4d
01d55
01d65
01d6f
01d77
01d93
01e42
01f27
0227a
02292
02296
022a6
0237c
02403
02407
0240b
0240f
02413
00780
0078c
00796
0079e
008bc
008c6
008ce
008d9
00975
0097f
009be
00bd3
00c3e
00c59
00c9e
00cad
00cb4
00cc9
00cf4
00e90
00eec
00f07
00f1a
00f1e
010e4
015d4
017c6
0194b
01a0c
01a1c
01a26
01a3c
01a54
01a70
01b12
01b1c
01b3b
01bac
01c82
01c97
01c9f
01ca9
01d73
01d7b
01d89
01d9a
01ec3
02186
0221a
0221e
02299
0234e
02417
0241b
0241f
02423
02427
0242b
007a8
007b4
007bd
0080c
00818
00820
0082b
008e2
008ea
008f5
00c4a
00c78
00ce4
00d20
00d34
00d42
00d4c
00d78
00e44
00f12
00f45
00f5a
00f67
0101b
01607
01669
0180d
018d3
01a54
01a5d
01a6c
01a85
01aa0
01abf
01b40
01b58
01b74
01bdd
01c8e
01cab
01caf
01cc6
01ccb
01d3d
01db5
01ddb
01efc
0221a
02233
02237
022d6
023aa
0242f
02433
02437
0243b
0243f
000d8
0089a
008a4
008ac
008b8
00901
00909
00914
009a5
009ad
009b8
00b1c
00b50
00bc5
00bee
00bf6
00c32
00c57
00d48
00d72
00da4
00db3
00dd1
00f20
00f80
00f90
00faa
00fae
0107b
01167
0165b
01855
019e7
01c12
01c1e
01c2c
01c41
01c54
01c7a
01ccd
01cea
01cf9
01dbd
01dc5
01dd8
01dde
01f12
01f27
01f2b
01f54
022c2
022da
022de
0237d
02443
02447
0244b
0244f
0011d
008c0
008c9
008d4
00918
00922
0092c
0097e
009c1
009cb
00a3e
00a82
00ac6
00bb8
00c52
00c5e
00c86
00c92
00ccd
00d9a
00df4
00e03
00e24
00f6a
00fb0
00fda
00ffc
01000
010c5
01277
016b2
01a1d
01ade
01b1c
01b32
01c56
01c5d
01c6e
01ce4
01d04
01d1a
01dd4
01de8
01dec
01e00
01e04
01f41
01f53
01f58
0225f
022ef
022f4
022f8
02417
02453
02457
0245b
00014
0080e
00818
00820
0082c
00935
0093f
00948
009d7
009de
009ea
00adc
00b28
00c44
00c78
00cea
00d19
00d20
00d54
00d79
00de0
00e1e
00e46
00e6e
00fca
01018
0103a
01040
01051
011f4
016ea
018d3
01a59
01b0e
01b25
01b2c
01b41
01b60
01b7e
01d21
01d3e
01d4f
01e05
01e0e
01e20
01e26
01e61
01e77
01e7c
01ea5
022f2
0230a
0230e
023ab
0245f
02463
02467
0246b
0005b
00837
0083d
00849
0090e
00958
00960
0096b
009f3
009fe
00a28
00a5d
00a67
00a7c
00b66
00baa
00c0a
00ce0
00d7b
00e1a
00e40
00e9a
00eac
00ec1
01014
01068
01084
0108a
0109b
0123f
0173c
019e1
01aad
01b62
01b68
01b79
01b9a
01ba4
01d38
01d58
01d6c
01e1c
01e30
01e34
01e46
01e4a
01e93
01ea6
01eaa
0228f
0231f
02324
02328
02402
0246f
02473
02477
00076
00855
0085c
00866
00872
0096e
0097a
00982
00a08
00a0f
00a1b
00a96
00aa2
00af1
00afb
00b10
00c16
00c3e
00c9e
00d6e
00e80
00ec2
00efa
00f0e
00fce
0108e
010c2
010d2
010d6
01189
01774
01951
01ad8
01b92
01ba5
01bac
01bc1
01bd8
01bfe
01c94
01c9e
01d78
01d90
01d96
01e42
01e52
01eba
01ecf
01ed4
01efd
022a6
022ac
022b0
0234f
0247b
0247f
02483
02487
000bd
0087b
00884
0088f
008de
008ea
008f2
00946
0098f
00999
00a88
00abc
00b31
00b82
00b8a
00b9e
00bc3
00cb4
00ce4
00eba
00ee0
00f36
00f46
00f5b
010a8
010f7
01112
01118
0112a
012c9
017c7
01999
01a5f
01bda
01be1
01bf9
01c14
01c21
01c8c
01cb0
01cc6
01d88
01da0
01da4
01db8
01dbc
01eed
01efe
01f02
0222e
022be
022c5
022c9
0242e
0248b
0248f
02493
00044
0004e
00058
00060
001e6
00958
00961
0096c
009ad
009b4
009fe
00abd
00b08
00b18
00b1f
00b31
00b41
00b72
00b7a
00baa
00bbc
00bc4
00bce
00bf2
00d3f
00e19
00e78
00e9e
00eb7
00f44
00f84
00f91
00fb8
0111c
01142
01162
0116b
0122e
0131b
0180e
01b63
01c1e
01d4b
01d6c
01db2
01dda
01e97
01f05
01ff7
02004
0228f
02351
02369
0236d
0246d
02499
0249d
024a1
00079
00085
0008d
00200
0096e
0097a
00982
009c0
009c7
009d3
00a3e
00b4f
00b63
00ba2
00bb0
00bb8
00bc7
00bd7
00c22
00c2a
00c41
00c54
00c60
00c64
00ca1
00e69
00ec8
00eee
00f07
00f7a
00fce
00fdb
01003
01136
0118a
011aa
011ba
01276
01426
01a20
01bac
01c90
01ca9
01d7f
01de8
01e07
01f27
01f47
02023
02027
022f0
0237e
02382
02419
024a3
024a7
024ab
000a6
000b0
000ba
000c2
00141
008e4
008ed
008f8
009d9
009e0
009ec
00adc
00be5
00c30
00c40
00c48
00c59
00c69
00c91
00cba
00cd2
00ce4
00cf0
00cf6
00d1c
00df7
00ee2
00f1f
00f3d
00f5f
00fca
01018
01025
0104c
011ad
011dc
011f8
011fd
013aa
01892
01b25
01bec
01ca3
01cc6
01dfa
01e22
01e65
01f52
01f6e
01f7d
0222e
02385
02397
0239b
02489
024b1
024b5
024b9
000db
000e7
000ef
0015e
008fb
00907
0090f
009b2
009f6
00a01
00a32
00b66
00c77
00ca6
00cca
00cd8
00ce0
00cec
00cff
00d0e
00d4b
00d63
00d76
00d83
00d87
00db4
00dc7
00e44
00f5c
00ff5
01044
01078
01086
01140
011f3
01230
0123d
01245
013f3
01a9e
01c1c
01cba
01cd4
01cfd
01e30
01e4d
01e80
01f15
01f9d
01fa1
02320
023ac
023b0
023c1
024bb
024bf
024c3
00106
0010e
0011a
00122
00193
0091e
00926
00932
00a0a
00a11
00a1d
00a29
00a50
00a80
00a8a
00a9a
00aa5
00ac6
00c16
00d38
00d55
00d64
00d6c
00d7c
00d8c
00d9c
00ddf
00e09
00e25
00f52
0105e
010b2
010c6
010e0
01214
01266
01282
0128b
01338
01913
01ba5
01c68
01cf7
01d1a
01d8e
01d9f
01e94
01ebd
01fb2
01fc1
0225f
02339
0233d
023b3
0247c
024c9
024cd
024d1
00017
00023
0002b
001b0
00935
0093f
00948
0098e
00995
009a1
00a21
00a39
00a7a
00a88
00a90
00a9f
00aaf
00ae2
00b01
00b1a
00b2c
00b38
00b3c
00b86
00cb5
00df2
00e2f
00e59
00e75
01091
010d8
01106
01114
011d0
01286
012ba
012c7
012cf
0147d
0199c
01b2c
01d0e
01d29
01d51
01da0
01dbf
01ecf
01eef
01fe1
01fe5
022bf
02351
02355
023ed
024d3
024d7
024db
00037
0004e
00055
0005e
000f3
00162
0016a
00177
009f2
009fa
00a06
00abb
00aca
00ad5
00b13
00b54
00b66
00b70
00b77
00bc4
00c94
00cd9
00df0
00e18
00e1f
00e33
00e48
00e6f
00e7c
00f47
01044
0106c
01084
01106
01140
01152
01176
012ca
012f4
01313
0131f
013e1
014d0
019a0
01e1e
01e37
01e6a
01e78
01f04
020b6
020c7
0231f
023ee
023f2
0246f
024e0
024e4
024e8
0006e
00082
00089
0010a
00187
0018f
0019a
002e9
00a0e
00a18
00af0
00b51
00b62
00b6e
00bc6
00c04
00c16
00c20
00c27
00c66
00d51
00d6f
00e40
00e68
00e73
00e83
00e9b
00ebf
00ecc
00f85
0108e
010b6
010ce
01136
01188
0119a
011bf
012e7
0133c
0135b
0136d
01429
015d7
01ba8
01d9e
01e51
01e98
01f1c
02008
020e4
020e8
023ee
02406
0240a
024e9
024ed
024f1
00019
0009b
000b0
000b7
000c0
001b4
001be
001c9
0098e
00996
009a2
00a70
00a90
00be3
00c0e
00c1a
00c3b
00c91
00c9d
00caf
00cb8
00cf0
00df7
00eb2
00ebc
00ed0
00ed5
00efe
00f18
00f1e
010aa
010e6
01101
01126
01184
011d0
011e1
01206
0135f
0138d
013aa
013b1
0155f
01a24
01d8a
01da7
01ec2
01ed0
01f5b
02035
02048
022be
0241a
0241e
0248b
024f6
024fa
024fe
00062
000d2
000e4
000eb
001db
001e2
001ec
00259
009ad
009b4
00af9
00b1c
00bf0
00c79
00ca8
00cb3
00ceb
00d20
00d31
00d41
00d4c
00d8a
00ee0
00f08
00f13
00f23
00f37
00f59
00f67
00f82
00f99
00fba
01117
011b3
011f3
0122e
0123c
012f3
013a7
013e2
013f3
013f9
015a8
01c22
01dc3
01de6
01e80
01eea
01f80
02066
0206a
0241a
02432
02436
024ff
02503
02507
0007b
000fb
0010e
00117
00120
00204
0020c
00219
009c0
009c8
009d4
00a29
00a3c
00a44
00a4e
00a9a
00b8d
00bb0
00c85
00d38
00d45
00d7b
00da0
00db2
00dd0
00ddd
00f4c
00f56
00f6a
00f6f
00fb0
00fde
00ff0
0107a
01214
01266
0127a
01296
013c5
01417
01435
0143f
014eb
01aa3
01dd6
01def
01e94
01f14
01f28
02076
02088
022ef
023c4
023c8
02453
0250c
02510
02514
0000c
00020
00027
000aa
00135
0013d
00148
002a1
009dd
009e6
00a21
00a36
00a42
00a7f
00ac0
00ad2
00adc
00ae3
00b30
00bfe
00c45
00d1c
00dc2
00dcc
00de0
00de5
00e03
00e28
00e2e
00fcc
01008
0102d
0104e
01249
01286
012b8
012c6
01383
01439
0146c
0147d
01483
01632
01b28
01e0c
01e2e
01ecf
01f41
01fc4
020a6
020aa
023c2
023db
023df
02515
02519
0251d
00a9b
00aa5
00ab3
00d7e
00d8f
00dd9
00de7
00ead
00f53
00f57
00f6d
01048
01055
0109a
01aab
01aaf
01b53
01b80
01b87
01cd1
01cdd
01e33
01e9e
01eaf
01eb3
01fc6
0208c
0233b
02343
023ca
02471
024ca
0250c
02520
02524
02528
0252c
02530
02534
02538
0253c
02540
02544
02548
0254c
02550
02554
02558
0255c
02560
02564
02568
0256c
02570
02574
02578
0257c
02580
02584
02588
0258c
00aa0
00ab1
00b2f
00b39
00b47
00dcb
00de1
00de9
00e2c
00efb
00eff
0109d
010d4
010e9
01ae9
01b91
01bba
01bc3
01bc9
01d01
01e4c
01e59
01ed3
01edd
01fe1
020a6
02103
02358
023db
023e2
024d4
024d8
02519
02522
0258d
02591
02595
02599
0259d
025a1
025a5
025a9
025ad
025b1
025b5
025b9
025bd
025c1
025c5
025c9
025cd
025d1
025d5
025d9
025dd
025e1
025e5
025e9
025ed
025f1
00b32
00b41
00b49
00bcb
00bd2
00e19
00e1d
00e33
00e79
00e87
00f47
010dc
010eb
01128
019a3
019a7
01bd3
01c01
01c07
01d25
01d31
01da3
01ef5
01f07
01f0b
0200a
020cc
02369
02371
023f6
0248d
0249a
024e0
0258d
02591
025f6
025fa
025fe
02602
02606
0260a
0260e
02612
02616
0261a
0261e
02622
02626
0262a
0262e
02632
02636
0263a
0263e
02642
02646
0264a
0264e
02652
02656
0265a
00bc8
00bd9
00c57
00c61
00c6f
00da7
00e69
00e6d
00e83
00ec9
00ed7
00fbc
01120
0112f
019e7
01c11
01c3a
01c43
01c49
01d55
01dc1
01dcd
01f2a
01f35
02024
020e5
02133
02386
02406
0240e
024a4
024a8
024ed
025f6
0265b
0265f
02663
02667
0266b
0266f
02673
02677
0267b
0267f
02683
02687
0268b
0268f
02693
02697
0269b
0269f
026a3
026a7
026ab
026af
026b3
026b7
026bb
026bf
00c5a
00c69
00c71
00cf3
00cfc
00df5
00df9
00ebb
00ed1
00ed9
00f1c
00fb4
00fc3
01006
01a27
01a2b
01b13
01c7d
01c83
01d74
01d81
01deb
01f4c
01f5e
01f62
01f82
0204c
02397
0239f
02422
02455
024b2
024f6
0265b
0265f
026c4
026c8
026cc
026d0
026d4
026d8
026dc
026e0
026e4
026e8
026ec
026f0
026f4
026f8
026fc
02700
02704
02708
0270c
02710
02714
02718
0271c
02720
02724
02728
00ced
00d01
00d79
00d84
00d93
00e47
00f09
00f0d
00f23
00f63
00f73
01009
01040
01057
01a6b
01b0d
01b3a
01b43
01b49
01cad
01e09
01e15
01e7b
01e85
01f9d
02066
02163
023b4
02432
0243a
024bc
024c0
02503
02528
026c2
026c6
0272b
0272f
02733
02737
0273b
0273f
02743
02747
0274b
0274f
02753
02757
0275b
0275f
02763
02767
0276b
0276f
02773
02777
0277b
0277f
02783
02787
00b99
00b9d
00d00
00dcf
00dda
00deb
00f60
00f6f
00fac
00fc1
0107b
01120
0112f
01209
0123f
01253
01c2d
01cbb
01cce
01cd8
01cdf
01dc6
01f21
01f33
01f37
01f9e
01fa6
02086
02133
023c4
023cc
024bc
0250c
0252c
02530
02534
02538
0253c
02662
02666
0266a
02729
0278c
02790
02794
02798
0279c
027a0
027a4
027a8
027ac
027b0
027b4
027b8
027bc
027c0
027c4
027c8
027cc
027d0
027d4
00c2f
00d89
00d95
00dd6
00de5
00e22
00e2a
00e3b
00fbf
00ffe
0100b
010c5
0124a
01255
0128c
01c67
01c6b
01ce7
01cff
01d05
01de5
01df1
01f56
01f60
01fb7
01fc5
01fca
020ac
02193
023e0
02455
024cd
02519
02593
02597
0259b
0259f
025a3
026c9
026cd
026d1
0278a
0278e
027d7
027db
027df
027e3
027e7
027eb
027ef
027f3
027f7
027fb
027ff
02803
02807
0280b
0280f
02813
02817
00aac
00ab7
00cc3
00e1f
00e2f
00e3d
00e71
00e7e
00ff6
0100d
01050
01107
0110b
01299
012c9
012dd
01b2d
01d0f
01d22
01d2d
01d33
01e0f
01e71
01e83
01e87
01fe2
01fea
020c5
02163
023f0
023f8
024d4
024e0
025a6
025fc
02600
02604
02608
0260c
0272e
02732
02736
027d7
0281a
0281e
02822
02826
0282a
0282e
02832
02836
0283a
0283e
02842
02846
0284a
0284e
02852
02856
0285a
0285e
00b44
00d4f
00d53
00e76
00e85
00ebf
00eca
00edb
00f87
01048
01055
0109a
01167
0117b
012db
01b6b
01b6f
01d3b
01d53
01d59
01e2c
01e39
01ea7
01eb1
01ffb
02009
0200e
020eb
021c3
0240c
02471
0249d
024ed
02543
02547
0254b
0260e
02671
02675
02679
0267d
0281a
0281e
02861
02865
02869
0286d
02871
02875
02879
0287d
02881
02885
02889
0288d
02891
02895
02899
0289d
028a1
00a71
00a75
00bd8
00ec3
00ecf
00edd
00f11
00f1e
00fcf
00fd3
0109d
010d4
010e9
01179
011af
011c3
01bad
01c91
01d6b
01d7d
01d83
01e53
01ec9
01edb
01edf
02025
0202d
02046
02103
0241c
02424
024a4
024f6
025a8
025ac
025b0
025b4
026d6
026da
026de
026e2
026e6
02861
028a4
028a8
028ac
028b0
028b4
028b8
028bc
028c0
028c4
028c8
028cc
028d0
028d4
028d8
028dc
028e0
028e4
028e8
00b07
00c68
00c73
00f15
00f25
00f59
00f65
00f77
0101b
010dc
010eb
01128
011b4
011c5
011fc
01beb
01bef
01c8f
01cab
01cb1
01d9d
01da9
01eff
01f09
01f73
01f81
01f86
0206c
021f3
02438
0248d
024b5
02503
02611
02615
02619
026e9
0273b
0273f
02743
02747
02790
02794
028a6
028e9
028ed
028f1
028f5
028f9
028fd
02901
02905
02909
0290d
02911
02915
02919
0291d
02921
02925
00b23
00b27
00b44
00e61
00e65
00f23
00fa9
00fb8
00fc5
01122
01129
01167
0117b
01231
012d4
012df
013b5
013f4
01403
01db3
01dc4
01dcb
01f21
01f33
01f37
02003
0200c
0205f
0206b
02070
021c3
02447
0249d
0260d
02663
02667
0266b
02684
02688
02797
0279b
02868
0286c
02928
0292c
02930
02934
02938
0293c
02940
02944
02948
0294c
02950
02954
02958
0295c
02960
02964
02968
0296c
00bb9
00bd4
00bdf
00eb3
00f6b
00f71
00fb6
00fbe
00ffb
01003
0100f
01179
011af
011c3
01279
013f1
01405
0143f
01dd5
01de2
01ded
01df3
01f56
01f60
0201c
0202a
0202f
02087
0208e
0214b
02223
024a4
0250c
02681
026ca
026ce
026d2
026eb
026ef
027de
028ab
028af
028b3
0292a
0296d
02971
02975
02979
0297d
02981
02985
02989
0298d
02991
02995
02999
0299d
029a1
029a5
029a9
00c4b
00c4f
00c6c
00de1
00de9
00f03
00ff3
01002
01011
01042
01051
011b4
011c5
011fc
012b9
012bd
01445
0147e
0148d
01dfb
01e0d
01e13
01e71
01e83
01e87
01f7c
01f84
0209e
020ab
020b0
021f3
02463
024b5
02593
0272b
0272f
02733
02737
0274e
02821
02825
028ec
028f0
0296d
02971
029ae
029b2
029b6
029ba
029be
029c2
029c6
029ca
029ce
029d2
029d6
029da
029de
029e2
029e6
029ea
00ce1
00cfb
00d07
00e33
00f4b
00f4f
0104a
01052
01087
01096
010a3
01143
01202
0120b
01244
0131c
0132b
01487
01e1d
01e2a
01e35
01e3b
01ea7
01eb1
01f96
01fa3
01fa8
020c6
020ce
0217b
02253
024bc
024e0
02543
02547
0254b
0254f
02553
0272a
0279f
027a3
02870
02874
029ae
029eb
029ef
029f3
029f7
029fb
029ff
02a03
02a07
02a0b
02a0f
02a13
02a17
02a1b
02a1f
02a23
02a27
00d6d
00d71
00d8e
00dc1
00dc5
00e83
0108f
01097
010a5
010d6
010e5
01189
0118d
01251
01287
0129b
01325
01364
01373
01d8f
01e51
01e57
01ec9
01edb
01edf
01fc0
01fc8
020dd
020ea
020ef
02193
0247f
024cd
0253f
025aa
025ae
025b2
025b6
025ba
027e2
027e6
027ea
028b7
029eb
029ef
02a2c
02a30
02a34
02a38
02a3c
02a40
02a44
02a48
02a4c
02a50
02a54
02a58
02a5c
02a60
02a64
02a68
00a91
00aac
00ab7
00e13
00ed1
00ed9
010de
010e6
01115
01124
01133
011d3
01292
0129d
012ce
01361
01375
013af
01d89
01d9a
01da5
01dab
01eff
01f09
01fd9
01fe7
01fec
02047
0204e
0211b
02283
024d4
024f6
0260f
02613
02617
0261b
0261f
026d6
02829
0282d
028f4
028f8
02930
02a2a
02a2e
02a6b
02a6f
02a73
02a77
02a7b
02a7f
02a83
02a87
02a8b
02a8f
02a93
02a97
02a9b
02a9f
00abd
00b32
00b41
00b49
00e1b
00e31
00e39
01037
010dc
010eb
01169
01176
012ca
012d7
012e1
0131f
013df
013e3
01487
0155e
0156b
015a8
01ef6
01f0c
02003
0200c
020be
020cb
020d0
0211c
021c2
0232a
0249d
0258d
0260d
02865
02869
0286d
02877
0287b
02937
029f2
029f6
029fa
02aa4
02aa8
02aac
02ab0
02ab4
02ab8
02abc
02ac0
02ac4
02ac8
02acc
02ad0
02ad4
02ad8
02adc
02ae0
02ae4
00b53
00bc8
00bd9
00e69
00e6d
00e83
0107f
01083
0112b
01168
01175
01181
011b8
011bf
01319
0132d
0136d
01427
0142b
015ad
015e6
015fb
01f33
0201c
0202a
0202f
020e6
020ed
0212c
02136
0226a
024a4
024eb
02661
02681
028ac
028b0
028b4
028be
02974
02978
02a33
02a37
02aa2
02aa6
02ae7
02aeb
02aef
02af3
02af7
02afb
02aff
02b03
02b07
02b0b
02b0f
02b13
02b17
02b1b
02b1f
00be5
00c5a
00c69
00c71
00ebb
00ed1
00ed9
00fbf
010c9
010cd
011b2
011c0
011f7
011fd
0120f
01368
013ab
013bd
0146b
015ed
015fd
01632
01f4d
01f63
01f7c
01f84
0203e
0204b
02050
0214c
021f2
022ca
024b5
0265b
026d5
028e9
028ed
028f1
028fb
028ff
029b5
02a6a
02a6e
02a72
02ae7
02b22
02b26
02b2a
02b2e
02b32
02b36
02b3a
02b3e
02b42
02b46
02b4a
02b4e
02b52
02b56
02b5a
02b5e
00c7b
00ced
00d01
00f09
00f0d
00f23
00ff6
0100d
0110f
011f5
01205
01211
01241
0124e
012f1
012f5
013b5
013f4
01403
014d0
0162f
0163f
01e83
01f96
01fa3
01fa8
02067
0206e
0215c
02166
0229a
024bc
02501
02729
02738
0279e
027a2
027a6
027aa
0293b
0293f
02943
029fe
02b22
02b26
02b61
02b65
02b69
02b6d
02b71
02b75
02b79
02b7d
02b81
02b85
02b89
02b8d
02b91
02b95
02b99
00a29
00d7c
00d8b
00d91
00f55
00f6b
00f71
00fa3
01048
01055
01248
01250
01283
0128d
0129f
0133b
013f1
01405
0143f
014ce
014dd
01518
01e9f
01eb4
01fc0
01fc8
0207e
0208b
02090
0217c
02192
022fa
024cd
02526
0253f
027e1
027e5
027e9
027ed
027f1
0297c
02980
02a3b
02a3f
02b61
02b9c
02ba0
02ba4
02ba8
02bac
02bb0
02bb4
02bb8
02bbc
02bc0
02bc4
02bc8
02bcc
02bd0
02bd4
02bd8
00a25
00aa0
00ab1
00dc9
00dcd
00de3
00feb
00fef
0109d
01288
01295
012a1
012cb
012d8
01381
01385
01445
0147e
0148d
0151c
01556
0156d
01edb
01fd9
01fe7
01fec
020a7
020ae
020fc
02106
0223a
024d4
02517
02593
025a8
02828
0282c
02830
02834
029b9
029bd
029c1
02a76
02aa8
02aac
02b9e
02bd9
02bdd
02be1
02be5
02be9
02bed
02bf1
02bf5
02bf9
02bfd
02c01
02c05
02c09
02c0d
00cc1
00cc5
00df3
00e26
00e35
00ff6
0100d
011ef
01292
0129d
01315
01321
01475
01489
01491
014d0
0158f
01593
01637
0170f
0171b
01750
01e72
01e88
01fe9
020be
020cb
020d0
02164
021a4
021ad
02253
023b8
025fa
027d5
029f1
029f5
029f9
02a03
02a07
02ab1
02b66
02b6a
02b6e
02c12
02c16
02c1a
02c1e
02c22
02c26
02c2a
02c2e
02c32
02c36
02c3a
02c3e
02c42
02c46
02c4a
02c4e
02c52
00d51
00e41
00e73
00e7f
00e8d
01053
01235
01239
012db
01317
01327
01331
0135d
0136f
014ce
014dd
01518
015d7
015db
0175d
01793
017ab
01eaf
01ffc
0200f
020e6
020ed
02174
0217e
021c2
021c7
022fb
024eb
0266e
02865
02a32
02a36
02a3a
02a44
02aec
02af0
02ba5
02ba9
02c10
02c14
02c55
02c59
02c5d
02c61
02c65
02c69
02c6d
02c71
02c75
02c79
02c7d
02c81
02c85
02c89
02c8d
00a71
00a75
00e93
00ec6
00ed5
01092
010a1
01179
0127d
01281
01366
01371
013a3
013ad
013bf
0151c
01556
0156d
0161b
0179e
017ad
017dc
01eca
01ee0
0202c
0203e
0204b
02050
02104
021d3
021dd
02283
0235c
025a8
0285f
02a69
02a6d
02a71
02a7b
02a7f
02b2b
02bda
02bde
02be2
02c55
02c90
02c94
02c98
02c9c
02ca0
02ca4
02ca8
02cac
02cb0
02cb4
02cb8
02cbc
02cc0
02cc4
02cc8
02ccc
00b07
00ee1
00f13
00f1f
00f2d
010e7
011b4
011c5
012c1
013a7
013b7
013c1
013ed
013f9
014a1
014a5
01565
0159e
015b3
01678
017e0
017ef
01f07
01f74
01f87
02067
0206e
02115
0211e
021f2
021f7
0232b
02501
02738
028e9
0293c
02940
02944
02948
02ab5
02ab9
02abd
02b72
02c90
02c94
02ccf
02cd3
02cd7
02cdb
02cdf
02ce3
02ce7
02ceb
02cef
02cf3
02cf7
02cfb
02cff
02d03
02d07
00b99
00b9d
00da3
00f60
00f6f
01120
0112f
0115f
01202
0120b
013fb
01401
01435
0143d
0144f
014eb
015a6
015b5
015f0
0167f
0168d
016c0
01f22
01f38
01fa5
0207e
0208b
02090
02134
02203
0220d
02223
0238a
0252c
02790
02979
0297d
02981
02985
02989
02af4
02af8
02bad
02bb1
02ccf
02d0a
02d0e
02d12
02d16
02d1a
02d1e
02d22
02d26
02d2a
02d2e
02d32
02d36
02d3a
02d3e
02d42
02d46
00c2f
00d9b
00dd3
00ddf
00ded
00fbf
011a5
011a9
01251
01439
01447
01451
0147b
01483
01531
01535
015f5
0162a
0163d
016cc
01703
0171d
01f5e
01fb8
01fcb
020a7
020ae
02144
0214e
02192
02197
022cb
02517
026c9
027e1
029ba
029be
029c2
029c6
02b2f
02b33
02b37
02be6
02c16
02c1a
02d0c
02d47
02d4b
02d4f
02d53
02d57
02d5b
02d5f
02d63
02d67
02d6b
02d6f
02d73
02d77
02d7b
00f01
00f05
00fcd
00ff8
01008
011b4
011c5
0139f
01433
0144d
014c8
014d1
01625
01639
01641
01678
0173f
01743
017e7
018ad
018b9
018e8
01e72
01e88
01f83
0209f
020b1
02164
021eb
021f5
02235
0223e
02372
0272c
0296d
02b65
02b69
02b6d
02b77
02b7b
02c1f
02cd4
02cd8
02cdc
02d80
02d84
02d88
02d8c
02d90
02d94
02d98
02d9c
02da0
02da4
02da8
02dac
02db0
02db4
02db8
02dbc
02dc0
00f4d
01015
01045
0104d
0105b
01209
013e5
013e9
01487
014cb
014d7
014e1
01510
0151f
0167f
0168d
016c0
01787
0178b
018f5
01925
0193d
01eaf
01f97
01fa9
020cd
02174
0217e
0220a
0220f
02254
022fa
023cd
0279c
029f1
02ba4
02ba8
02bac
02bb6
02c5a
02c5e
02d13
02d17
02d7e
02d82
02dc3
02dc7
02dcb
02dcf
02dd3
02dd7
02ddb
02ddf
02de3
02de7
02deb
02def
02df3
02df7
02dfb
00dc1
00dc5
01061
01094
0109c
0124a
01255
01325
0142d
01431
0151a
01521
01553
0155c
0156f
016cc
01703
0171d
017cb
01930
0193f
01968
01eca
01ee0
01fc7
020de
020f0
02104
0218b
02195
02264
0226e
023a0
025a8
029eb
02bd9
02bdd
02be1
02beb
02bef
02c99
02d48
02d4c
02d50
02dc3
02dfe
02e02
02e06
02e0a
02e0e
02e12
02e16
02e1a
02e1e
02e22
02e26
02e2a
02e2e
02e32
02e36
02e3a
00e13
010a9
010d9
010e1
010ef
01299
01361
01375
01471
0155b
01567
01571
015a0
015a9
01651
01655
01715
0174b
01763
01822
0196c
0197b
01f07
01fda
01fed
0204d
02115
0211e
021aa
021af
02284
0232a
023f9
02826
02a6a
02ab6
02aba
02abe
02ac2
02c23
02c27
02c2b
02ce0
02dfe
02e02
02e3d
02e41
02e45
02e49
02e4d
02e51
02e55
02e59
02e5d
02e61
02e65
02e69
02e6d
02e71
02e75
00e61
00e65
00f83
01122
01129
012d4
012df
0130f
013a9
013bb
015ab
015b1
015e3
015ee
015ff
0169b
01757
01765
01798
01829
01837
01864
01f22
01f38
0200b
02060
02071
02134
021bb
021c5
02294
0229e
02344
02661
0292e
02af1
02af5
02af9
02afd
02b01
02c62
02c66
02d1b
02d1f
02e3d
02e78
02e7c
02e80
02e84
02e88
02e8c
02e90
02e94
02e98
02e9c
02ea0
02ea4
02ea8
02eac
02eb0
02eb4
00eb3
00f7b
00fb1
00fb9
00fc7
01179
01355
01359
013fd
015eb
015f7
01601
0162c
01633
016e1
016e5
017a5
017d5
017ed
01870
018a1
018bb
01f5e
0201d
02030
0208d
02144
0214e
021da
021df
02224
022ca
02425
028aa
02979
02b30
02b34
02b38
02b3c
02c9d
02ca1
02ca5
02d54
02d84
02d88
02e7a
02eb5
02eb9
02ebd
02ec1
02ec5
02ec9
02ecd
02ed1
02ed5
02ed9
02edd
02ee1
02ee5
02ee9
010c9
010cd
01187
011b2
011c0
01361
01375
0154f
015ed
015fd
01679
01681
017d7
017e9
017f1
01822
018d7
018db
01973
01a39
01a45
01a74
01f74
01f87
0204d
02145
02150
021f4
0227b
02285
022c5
022ce
023f9
028e9
02ae5
02cd3
02cd7
02cdb
02ce5
02ce9
02d8d
02e42
02e46
02e4a
02eee
02ef2
02ef6
02efa
02efe
02f02
02f06
02f0a
02f0e
02f12
02f16
02f1a
02f1e
02f22
02f26
02f2a
02f2e
0110f
011cd
011f5
01205
01211
013b5
01595
01599
01637
0167c
01687
01691
016c1
016cf
01829
01837
01864
01919
0191d
01a81
01ab1
01ac9
01fa5
02060
02071
02164
02204
0220e
0229a
0229f
022e4
02389
02449
0293a
02b66
02d12
02d16
02d1a
02d24
02dc8
02dcc
02e81
02e85
02eec
02ef0
02f31
02f35
02f39
02f3d
02f41
02f45
02f49
02f4d
02f51
02f55
02f59
02f5d
02f61
02f65
02f69
00fa1
00fa5
01217
01248
01250
013f1
01405
014d5
015dd
015e1
016ca
016d1
01705
0170d
0171f
01870
018a1
018bb
01957
01abc
01acb
01af4
01fb8
01fcb
0208d
02175
02180
02194
0221b
02225
022f4
022fe
02425
027e1
02b5f
02d47
02d4b
02d4f
02d59
02d5d
02e07
02eb6
02eba
02ebe
02f31
02f6c
02f70
02f74
02f78
02f7c
02f80
02f84
02f88
02f8c
02f90
02f94
02f98
02f9c
02fa0
02fa4
02fa8
00fed
0125d
01288
01295
012a1
01445
01516
01525
01621
0170c
01717
01721
01751
01759
01801
01805
018b3
018e3
018fb
019ae
01af8
01b07
01fe9
0209f
020b1
02104
021a5
021ae
0223a
0223f
02314
023b7
02465
029b8
02bda
02c24
02c28
02c2c
02c30
02d91
02d95
02d99
02e4e
02f6c
02f70
02fab
02faf
02fb3
02fb7
02fbb
02fbf
02fc3
02fc7
02fcb
02fcf
02fd3
02fd7
02fdb
02fdf
02fe3
01035
01039
0113f
012d2
012da
01477
0148f
014bf
0155e
0156b
0175b
01761
01795
0179f
017af
01845
018ef
018fd
0192a
019b5
019c3
019f0
01ffc
0200f
020cd
02116
02120
021c4
0224b
02255
02324
0232e
023cd
02865
02aa8
02c5f
02c63
02c67
02c6b
02c6f
02dd0
02dd4
02e89
02e8d
02fab
02fe6
02fea
02fee
02ff2
02ff6
02ffa
02ffe
03002
03006
0300a
0300e
03012
03016
0301a
0301e
03022
01081
01137
01168
01175
01181
01325
01505
01509
015ad
0179c
017a7
017b1
017dd
017e3
01885
01889
01937
01961
01979
019fc
01a2d
01a47
0202c
020de
020f0
02134
021d4
021de
0226a
0226f
022b4
0235b
02481
02a30
02af2
02c9e
02ca2
02ca6
02caa
02e0b
02e0f
02e13
02ec2
02ef2
02ef6
02fe8
03023
03027
0302b
0302f
03033
03037
0303b
0303f
03043
03047
0304b
0304f
03053
03057
0127d
01281
01337
01366
01371
01516
01525
016ff
0179e
017ad
01823
0182b
01963
01975
0197d
019ae
01a63
01a67
01aff
01bbd
01bcb
01bf6
0203f
02051
02104
021d5
021e0
02284
0230b
02315
02355
0235d
02465
025bb
02bda
02c9c
02e43
02e47
02e4b
02e55
02ef9
02efd
02fb2
02fb6
0305a
0305e
03062
03066
0306a
0306e
03072
03076
0307a
0307e
03082
03086
0308a
0308e
03092
03096
0309a
012c1
0137d
013a7
013b7
013c1
01565
01745
01749
017e7
01826
01831
0183b
01865
01873
019b5
019c3
019f0
01aa5
01aa9
01c05
01c31
01c4b
0206d
02116
02120
021f4
02294
0229e
0232a
0232f
02370
0240f
0249a
0293a
02c90
02e7e
02e82
02e86
02e90
02e94
02f38
02fed
02ff1
02ff5
0305c
0309b
0309f
030a3
030a7
030ab
030af
030b3
030b7
030bb
030bf
030c3
030c7
030cb
030cf
030d3
0115d
01161
013c7
013fb
01401
015a6
015b5
01685
0178d
01791
0186e
01875
018a3
018ab
018bd
019fc
01a2d
01a47
01ae3
01c3c
01c4d
01c74
0207f
02091
02134
02205
02210
02224
022ab
022b5
02382
0238b
02481
02689
02af2
02d10
02eb7
02ebb
02ebf
02ec9
02f73
02f77
03026
0302a
0309b
0309f
030d8
030dc
030e0
030e4
030e8
030ec
030f0
030f4
030f8
030fc
03100
03104
03108
0310c
03110
011a7
0140d
01439
01447
01451
015f5
016c7
016d5
017d1
018aa
018b5
018bf
018e9
018f1
0198d
01991
01a3f
01a6f
01a87
01b36
01c78
01c89
020ad
02145
02150
02194
02235
0223e
022ca
022cf
0239e
0243b
024b2
029b8
02d0a
02d90
02d94
02d98
02d9c
02da0
02f01
02f05
02fba
02fbe
030d8
03111
03115
03119
0311d
03121
03125
03129
0312d
03131
03135
03139
0313d
03141
03145
03149
011ed
011f1
012ef
01485
0148b
0162f
0163f
0166f
0170f
0171b
018f3
018f9
01927
01931
01941
019d1
01a7b
01a89
01ab6
01b3d
01b4d
01b76
020bf
020d1
02164
021a6
021b0
02254
022db
022e5
023b0
023b9
02449
02751
02b66
02c22
02dcf
02dd3
02dd7
02ddb
02f3c
02f40
02f44
02ff9
03111
03115
0314e
03152
03156
0315a
0315e
03162
03166
0316a
0316e
03172
03176
0317a
0317e
03182
03186
01237
012e7
01317
01327
01331
014d5
016b5
016b9
0175d
0192e
01939
01943
01969
0196f
01a11
01a15
01ac3
01aed
01b05
01b84
01bb1
01bcd
020ec
02175
02180
021c4
02264
0226e
022fa
022ff
02342
023e3
024ca
02a30
02c10
02e0a
02e0e
02e12
02e16
02e1a
02f7b
02f7f
0302e
03032
03062
0314c
03150
03189
0318d
03191
03195
03199
0319d
031a1
031a5
031a9
031ad
031b1
031b5
031b9
0142d
01431
014e7
0151a
01521
016c7
016d5
0189d
01930
0193f
019af
019b7
01aef
01b01
01b09
01b36
01be5
01be9
01c81
01cfb
01d07
01d1e
020fd
02108
02194
02265
02270
02314
02396
023a0
023dd
023e5
024b2
02595
02bda
02dc1
02faf
02fb3
02fb7
02fc1
02fc5
03069
03118
0311c
031bc
031c0
031c4
031c8
031cc
031d0
031d4
031d8
031dc
031e0
031e4
031e8
031ec
031f0
031f4
031f8
031fc
01471
0152d
0155b
01567
01571
01715
018dd
018e1
01973
019b2
019bd
019c7
019f1
019ff
01b3d
01b4d
01b76
01c25
01c29
01d2b
01d43
01d5f
0211c
021a6
021b0
02284
02324
0232e
023b4
023ba
023f7
02473
024e1
02751
02c22
02e42
02fee
02ff2
02ff6
03000
030a2
030a6
03155
03159
031be
031fd
03201
03205
03209
0320d
03211
03215
03219
0321d
03221
03225
03229
0322d
03231
03235
0130d
01311
01577
015ab
015b1
01757
01765
0182f
0191f
01923
019fa
01a01
01a2f
01a37
01a49
01b84
01bb1
01bcd
01c63
01d4e
01d5b
01d70
0212d
02138
021c4
02295
022a0
022b4
0233a
02344
02408
02411
024ca
02554
02af2
02e3b
03023
03027
0302b
03035
03039
030df
03188
0318c
031fd
03201
0323a
0323e
03242
03246
0324a
0324e
03252
03256
0325a
0325e
03262
03266
0326a
0326e
03272
01357
015bd
015eb
015f7
01601
017a5
0186b
01879
0195d
01a36
01a41
01a4b
01a75
01a7d
01b15
01b19
01bc5
01bf1
01c0b
01ca0
01d74
01d81
0214c
021d5
021e0
02224
022c5
022ce
02358
0235e
02423
0248f
024f7
026d7
02c9c
02eb6
02f00
02f04
02f08
02f0c
0306d
03071
03120
03124
0323a
03273
03277
0327b
0327f
03283
03287
0328b
0328f
03293
03297
0329b
0329f
032a3
032a7
032ab
0139d
013a1
0149f
01635
0163b
017e0
017ef
01819
018ad
018b9
01a7f
01a85
01ab3
01abd
01acd
01b57
01bfd
01c0d
01c36
01ca7
01cb3
01cca
0215d
02168
021f4
02236
02240
022e4
02368
02372
02434
0243d
0249a
02622
02b66
02d84
02f3b
02f3f
02f43
02f47
02f4b
030aa
030ae
0315d
03273
03277
032b0
032b4
032b8
032bc
032c0
032c4
032c8
032cc
032d0
032d4
032d8
032dc
032e0
032e4
032e8
013e7
01497
014cb
014d7
014e1
01685
01859
0185d
018f5
01aba
01ac5
01acf
01af5
01afb
01b95
01b99
01c45
01c6d
01c87
01cd6
01cef
01d0b
0217c
02205
02210
02254
022f4
022fe
02386
0238c
023cb
02457
0250d
02689
02d10
02dce
02f7a
02f7e
02f82
02f86
030e3
030e7
03190
03194
031c4
032ae
032b2
032eb
032ef
032f3
032f7
032fb
032ff
03303
03307
0330b
0330f
03313
03317
0331b
015dd
015e1
01697
016ca
016d1
0186b
01879
01a29
01abc
01acb
01b37
01b3f
01c6f
01c7f
01c85
01ca0
01d13
01d17
01d7b
01de5
01df1
01e02
01f58
0218d
02198
02224
022f5
02300
0239e
0241b
02425
02455
024b2
026cb
026f0
02753
02eb6
02f78
03119
0311d
03127
0312b
031cb
0327a
0327e
0331e
03322
03326
0332a
0332e
03332
03336
0333a
0333e
03342
03346
0334a
0334e
03352
03356
0335a
01621
016dd
0170c
01717
01721
018b3
01a69
01a6d
01aff
01b3a
01b43
01b49
01b77
01b85
01ca7
01cb3
01cca
01d3d
01d41
01e0f
01e21
01e3d
01e89
021ac
02236
02240
02314
023b0
023b9
02438
0243e
02467
02502
0272e
02751
02c22
02f6c
03152
03156
0315a
03164
03204
03208
032b7
032bb
03320
0335d
03361
03365
03369
0336d
03371
03375
03379
0337d
03381
03385
03389
0338d
03391
014bd
014c1
01727
0175b
01761
018ef
018fd
019bb
01aab
01aaf
01b80
01b87
01bb3
01bbb
01bcf
01cd6
01cef
01d0b
01d65
01e2c
01e39
01e48
01ea9
021bd
021c8
02254
02325
02330
02342
023c3
023cd
02471
024ca
0252e
02554
025bd
02dce
02fec
03189
0318d
03197
0319b
03241
032ea
032ee
0335b
03394
03398
0339c
033a0
033a4
033a8
033ac
033b0
033b4
033b8
033bc
033c0
033c4
033c8
033cc
01507
0176d
0179c
017a7
017b1
01937
019f7
01a05
01ae9
01bba
01bc3
01bc9
01bf7
01bff
01c95
01c99
01d01
01d19
01d35
01d96
01e4c
01e59
01ee1
021dc
02265
02270
022b4
02355
0235d
023e0
023e6
02483
02518
025aa
025bd
02c9c
02fe6
0306c
03070
03074
03078
031cf
031d3
03282
03286
03396
033cf
033d3
033d7
033db
033df
033e3
033e7
033eb
033ef
033f3
033f7
033fb
033ff
03403
0154d
01551
0164f
017e5
017eb
0196c
0197b
019a5
01a39
01a45
01c01
01c07
01c33
01c3d
01c4f
01cc1
01d25
01d31
01d48
01d9d
01da9
01dba
01f01
021ed
021f8
02284
022c6
022d0
02370
023ef
023f9
0248d
0249a
025fc
02622
0268b
02e42
02efe
030a9
030ad
030b1
030b5
0320c
03210
032bf
033cd
03406
0340a
0340e
03412
03416
0341a
0341e
03422
03426
0342a
0342e
03432
03436
0343a
0343e
01597
01647
0167c
01687
01691
0182f
019e5
019e9
01a81
01c3a
01c43
01c49
01c75
01c7b
01ce9
01ced
01d55
01d69
01d85
01dc6
01dd9
01df5
01f39
0220c
02295
022a0
022e4
02382
0238b
0240c
02412
0244b
024ec
02670
0268b
02d10
02eec
030e2
030e6
030ea
030ee
03245
03249
032f2
032f6
03324
03408
03441
03445
03449
0344d
03451
03455
03459
0345d
03461
03465
03469
0346d
03471
00bd4
00bdf
00c53
00c5e
00c75
0178f
0183f
01868
01872
0187d
019fc
01bab
01baf
01c45
01c9d
01ca5
01cb9
01d79
01d7f
01d91
01dad
01e53
01ed5
02024
0221d
02228
022b4
02380
02388
02423
0247e
02484
024a7
025aa
02689
0268f
02693
02697
0269b
028c2
02eb7
0309c
0327c
03280
0328a
03326
0332a
033d3
033d7
03475
03479
0347d
03481
03485
03489
0348d
03491
03495
03499
0349d
034a1
00c6c
00ce5
00ce9
00cf8
017cf
017d3
01883
018b1
018b7
01a39
01a45
01bed
01c78
01c89
01cab
01cb1
01cc7
01ccf
01ce3
01da3
01db5
01dd1
01f0d
01f82
0223c
022c6
022d0
0239d
02434
0243d
0248f
024b1
02502
026e8
026f4
026f8
026fc
02700
0273b
02901
02eff
032b5
032b9
032c3
032c7
03361
0340a
0340e
03412
03477
034a5
034a9
034ad
034b1
034b5
034b9
034bd
034c1
034c5
034c9
00cfb
00d07
00d75
00d80
00d97
0166f
018c3
018ec
018f7
01901
01a81
01b3d
01b4d
01c2d
01cce
01cd8
01cdf
01cf5
01cfd
01dc1
01dcd
01dde
01f2c
01f9d
0224d
02258
022e4
023ae
023b6
023cb
02446
0244c
024bf
0252e
02729
02755
02759
0275d
02761
027ae
02dcf
03112
032ec
032f0
032fa
03398
0339c
03441
03445
034a3
034cd
034d1
034d5
034d9
034dd
034e1
034e5
034e9
034ed
034f1
034f5
00a97
00aa2
00ab9
00d8e
016b5
016b9
01907
01935
0193b
01abc
01acb
01b84
01c67
01c6b
01cff
01d05
01d1b
01d23
01d37
01deb
01dfd
01e19
01f64
01fc6
0226c
022f5
02300
02341
023dd
023e5
02457
024c9
02518
02554
0255a
0255e
02562
02566
026cc
02838
02f79
031cf
031d3
031d7
031db
0332e
03332
033db
033df
034cf
034f9
034fd
03501
03505
03509
0350d
03511
03515
03519
0351d
00aac
00ab7
00b2b
00b36
00b4d
016ff
017fd
01963
01975
0197d
01aff
01b2b
01b2f
01bc5
01d22
01d2d
01d33
01d49
01d51
01e09
01e15
01e26
01e7d
01fe1
0227d
02288
02314
02353
0235a
023f7
02462
02468
024d7
025a6
025bf
025c3
025c7
025cb
025fd
02838
02e43
03061
0320c
03210
03214
03365
03369
0336d
03416
034f7
03521
03525
03529
0352d
03531
03535
03539
0353d
03541
03545
03549
00b44
00bbd
00bc1
00bd0
01745
01749
017f9
0182d
01833
019b5
019c3
01b6d
01bfd
01c0d
01d53
01d59
01d6d
01d75
01d87
01e33
01e41
01e5d
01eb5
0200a
0229c
02325
02330
0236f
02408
02411
02473
02499
024ec
0260d
02626
0262a
0262e
02632
02671
028c2
02fed
03245
03249
0324d
03251
033a0
033a4
03449
0344d
0347b
03523
0354d
03551
03555
03559
0355d
03561
03565
03569
0356d
00aa2
00ab9
00c23
00d6d
00d71
00d8e
00e81
00e89
00ecc
0191f
01923
019cd
019fa
01a01
01b7d
01b8d
01d55
01d93
01d9b
01daf
01e51
01e57
01ed5
01fbf
020e5
022ad
022b8
02341
02406
0240e
02483
024ca
024eb
0253f
02558
0255c
02560
0256a
025ab
02671
02675
02679
02880
02a47
03024
033d1
033d5
033d9
033e3
0347d
03481
03573
03577
0357b
0357f
03583
03587
0358b
0358f
03593
03597
00a91
00aac
00ab7
00b3c
00cb5
00cb9
00ed3
00f19
00f27
0195d
01a0d
01a36
01a41
01a4b
01bc5
01d74
01d81
01da1
01da7
01db7
01dbf
01dd3
01f0d
01fe8
0204c
022cc
02353
0235a
02422
0248d
024d4
024d8
024f8
025bb
025c1
025c5
025cf
025d3
026d6
026da
026de
028c3
028c7
02a80
03238
0340c
03410
0341a
0341e
034a9
03571
03599
0359d
035a1
035a5
035a9
035ad
035b1
035b5
035b9
00b23
00b27
00b44
00bca
00be1
00d4b
00f21
00f29
00f67
01817
0181b
01a51
01a7f
01a85
01bfd
01c0d
01cad
01dbe
01dc8
01dcf
01ddf
01de7
01f2c
02002
02066
022dd
022e8
0236f
02432
0243a
0244b
0249a
02501
0260d
02626
0262a
0262e
02638
02664
0273b
0273f
02743
02904
0294b
02f3b
0343f
03443
03447
03451
034d1
034d5
0359b
035bf
035c3
035c7
035cb
035cf
035d3
035d7
035db
035df
00a4b
00bb7
00bbb
00bd8
00c5e
00c75
00ddc
00f6b
00f71
0185b
01a91
01aba
01ac5
01acf
01c45
01cd1
01cdd
01de9
01def
01dff
01e07
01e1b
01f64
0202b
0208c
022fc
02380
02388
023ca
02455
024a4
024a8
0250e
0252e
02532
02536
02682
0268e
02692
0269c
026a0
027af
027b3
029c9
032ae
0332e
03332
03336
0333a
034fd
035bd
035e1
035e5
035e9
035ed
035f1
035f5
035f9
035fd
03601
00add
00ae1
00c4d
00c68
00c73
00cf8
00de1
00de9
00e2c
0189b
0189f
0198b
01afd
01b03
01c78
01c89
01d01
01e06
01e11
01e17
01e27
01e2f
01e7d
01f7b
020a6
0230d
02318
0239d
023db
023e2
02467
024b2
02517
02593
02597
0259b
0259f
026f1
026f7
026fb
02705
0272e
027f6
029c9
02faf
03365
03369
0336d
03371
03525
03529
035e3
03607
0360b
0360f
03613
03617
0361b
0361f
03623
03627
00b73
00cdf
00ce3
00d00
00d80
00d97
00e33
00e79
00e87
018df
01983
019b2
019bd
019c7
01b45
01d25
01d31
01e31
01e37
01e45
01e4d
01e5f
01eb5
01fa4
020cc
0232c
023ae
023b6
023f6
02471
024bc
024c0
024e2
025fa
025fe
02602
02606
02752
02758
0275c
02766
02839
0283d
02a47
031bc
033a0
033a4
033a8
033ac
0354d
03575
03605
03629
0362d
03631
03635
03639
0363d
03641
03645
00c92
00cb7
00ced
00cf7
00d05
00df7
00e20
00e2d
00e38
00f19
01000
0100d
01299
01e8a
01f59
01f65
02166
0239a
024c3
025fa
026cd
026da
026ec
0270b
02730
0276b
027d8
02820
02829
02842
028bc
0296f
0298c
02990
029b2
029cb
029cf
02a74
02b3f
02b68
02b7d
02c18
02c1e
02c34
02d28
02d87
02d94
02da4
02da8
02ecd
02fbb
0364b
0364f
03653
03657
0365b
0365f
03663
03667
0366b
0366f
00d2a
00d51
00d83
00d8d
00d96
00e62
00e76
00e84
00e8c
01042
01053
0105b
01e7b
01e87
01eb2
0217a
023aa
023f3
024f1
0253f
02547
025fe
02734
0274b
0276d
0281a
02844
02870
02885
028ec
02903
029ae
029d3
029d7
029f3
02a0a
02a0e
02aae
02b7f
02ba4
02bba
02c37
02c5b
02c71
02d61
02daa
02dd1
02de1
02de5
02f4d
03670
03674
03678
0367c
03680
03684
03688
0368c
03690
03694
00a4b
00a6d
00a9b
00aa7
00ab5
00dd9
00eb2
00ec6
00ed4
00edd
01094
010a0
01179
01eaa
01eb7
01ee2
02106
0233e
024db
02522
02545
0254e
02570
025a6
025ae
02672
027a7
02860
02889
028b5
028ca
02974
02a02
02a14
02a18
02a3b
02a4b
02a4f
02b9e
02bbe
02bde
02c39
02c74
02c98
02cae
02dc4
02e05
02e1c
02e20
02ec1
0302f
03699
0369d
036a1
036a5
036a9
036ad
036b1
036b5
036b9
036bd
00afc
00b07
00b38
00b43
00b4c
00efd
00f11
00f1d
00f29
010d6
010e7
010ef
01ed3
01edf
01f0a
0211a
0234d
0241f
02507
02598
025b0
025b7
025d9
02613
0263c
027e3
027f4
028a7
028ed
028f6
0290b
02a2c
02a51
02a55
02a6c
02a82
02a86
02aaa
02ab9
02b28
02bf5
02c92
02cd5
02ce0
02ced
02e01
02e45
02e59
02e5d
02ef9
036be
036c2
036c6
036ca
036ce
036d2
036d6
036da
036de
036e2
00b73
00b95
00bc3
00bcf
00bdd
00e79
00f4c
00f60
00f6e
00f77
01122
0112e
01209
01f02
01f0f
01f3a
02136
0236c
024ab
025f5
02600
02618
02626
02641
02667
026a4
02793
027a0
027b7
02831
0290c
02930
0293c
0294f
02953
02a7a
02a8c
02a90
02ac8
02af4
02b03
02cb3
02cee
02d1b
02d2a
02dca
02e61
02e8c
02e98
02e9c
03004
036e7
036eb
036ef
036f3
036f7
036fb
036ff
03703
03707
0370b
00c01
00c2f
00c60
00c6b
00c74
00dc2
00dd6
00de4
00ded
00fae
00fbf
00fc7
01f2a
01f37
01f62
0214a
0237c
023c7
0251d
0265d
02669
02683
026a5
026c9
026e8
0278b
027ba
027dd
027fe
0286a
0287f
02945
02957
0295b
0297b
02996
0299a
02ae7
02b07
02b32
02bad
02d0c
02d49
02d54
02d65
02e7b
02eb9
02ecf
02ed3
02f73
036e5
0370f
03713
03717
0371b
0371f
03723
03727
0372b
0372f
00eed
00efe
00f10
00f1d
00f29
00fd1
00ff4
01001
0100d
010e4
011ba
011c4
01433
01ed0
01f85
02024
0202b
021f3
0241f
025b2
026dc
028a6
028b1
028be
028d1
028f0
0296e
0298d
029b6
029cc
02a35
02ae7
02b05
02b0c
02b2a
02b3f
02b48
02be4
02cb1
02cd5
02ceb
02d86
02d8e
02da2
02ea0
02ef5
02f01
02f13
02f17
0303d
03121
0364d
036c1
03734
03738
0373c
03740
03744
03748
0374c
03750
00f3e
00f4d
00f61
00f6e
00f77
01034
01046
0104d
0105b
011fb
01209
01211
01e7f
01efc
01f7e
01f89
01faa
02211
02512
02619
0273e
0279c
027b5
028ef
028fc
02910
029af
029f3
02a00
02a1a
02a7d
02b24
02b40
02b4f
02b68
02b7c
02b85
02c1c
02cee
02d12
02d2a
02da9
02dcb
02ddf
02ed7
02f19
02f3e
02f50
02f54
030b7
03671
03675
03732
03754
03758
0375c
03760
03764
03768
0376c
00da8
00dba
00dd0
00ddd
00de8
00fbc
0107e
01090
01097
010a5
0124a
01254
01319
01edc
01f9d
01fa4
01fc9
02193
023c7
02548
0266b
0278c
027a4
027aa
027be
027e8
0293e
029ec
02a13
02a3b
02a4a
02aec
02b76
02b8a
02b8e
02baf
02bc0
02bc4
02d0c
02d30
02d4c
02dac
02de6
02e08
02e1c
02f32
02f75
02f8b
02f8f
0302f
03191
0369a
0370e
03770
03774
03778
0377c
03780
03784
03788
0378c
00e03
00e13
00e27
00e34
00e3d
010c5
010d5
010df
010ea
0128b
01299
012a1
01ed7
01f53
01fc2
01fcd
01fee
021b1
024e6
0260f
026ed
027e3
027ec
027fb
02828
02840
02986
02a2d
02a6c
02a78
02a92
02b9e
02bbd
02bc9
02bdc
02bf0
02bf9
02c18
02c27
02c96
02d67
02e00
02e44
02e50
02e62
02f6f
02fb2
02fc8
02fcc
03067
03651
036c3
0376f
03790
03794
03798
0379c
037a0
037a4
037a8
00e48
00e5a
00e70
00e7d
00e88
01050
0110c
0111e
01125
01133
012d4
012de
013a9
01f1d
01fe1
01fe8
0200d
021c3
023f3
02617
02736
0281c
0282e
02834
02848
0286c
0292f
02936
0294d
029bc
02a8a
02aaa
02ab7
02acc
02ad0
02bea
02bfe
02c02
02c37
02c62
02c71
02e26
02e60
02e89
02e96
02f36
02fd0
02ffa
03007
0300b
03168
036c7
036ec
037ac
037b0
037b4
037b8
037bc
037c0
037c4
037c8
00ea4
00eb3
00ec7
00ed4
00edd
00fa0
00fb2
00fb9
00fc7
0116b
01179
01181
01f2b
01f67
02005
02011
02032
021e1
024fc
02551
026d6
02869
02876
02889
028ae
028ca
0292b
02973
0297c
0299d
02a05
02abf
02ad3
02ad7
02af4
02b10
02b14
02c55
02c79
02ca1
02d1b
02e7a
02eb8
02ec4
02ed8
02fe9
03027
0303e
03042
030dd
0369f
03711
03733
037cb
037cf
037d3
037d7
037db
037df
037e3
010b5
010c3
010d2
010df
010ea
0118b
011b2
011bd
011c4
01287
01369
01375
015ed
01f08
01f8a
0204f
020e5
020eb
02283
0260f
027ed
02a2c
02a37
02a45
02a5b
02a71
02ae5
02b09
02b2c
02b46
02ba9
02c55
02c74
02c7d
02c97
02cad
02cb9
02d52
02e1e
02e44
02e59
02ef4
02efc
02f12
0300f
03063
0306d
0307f
03083
0319f
03283
036c3
03734
037e6
037ea
037ee
037f2
037f6
037fa
037fe
03802
01102
0110f
0111b
01127
01133
011ec
01200
01207
01211
013ab
013b6
013c1
01f00
01f7d
01fac
02049
02053
02072
022a1
0282a
028f1
0293b
0294d
02a70
02a7c
02a8c
02b26
02b68
02b74
02b90
02bed
02c92
02cb1
02cbf
02cd5
02cea
02cf6
02d8c
02e5b
02e80
02e96
02f18
02f39
02f4f
03046
03085
030a8
030ba
030be
03219
036bf
036eb
03754
03804
03808
0380c
03810
03814
03818
0381c
00f87
00f9a
00faa
00fb7
00fc2
01167
01234
01248
0124f
01259
013f8
01404
014ce
01f5f
01fb4
02066
0206c
0208f
02223
026c9
0286a
0292a
02942
02949
02960
02980
02abb
02b60
02b89
02bad
02bc0
02c5c
02ce4
02cfa
02cfe
02d1c
02d30
02d35
02e7a
02e9e
02ebb
02f1b
02f55
02f76
02f8c
0309e
030df
030f3
030f7
03191
032f3
03710
03770
03803
03822
03826
0382a
0382e
03832
03836
0383a
00fdd
00fed
00ffc
01005
01011
01279
0128c
01295
0129c
0143c
01446
01450
01e8c
01fc1
01ff0
02089
02093
020b2
02241
02826
028bc
0297d
02984
0298d
029ba
029cc
02afe
02ba0
02bdc
02be8
02c04
02d0c
02d27
02d39
02d49
02d62
02d6a
02d86
02d96
02e06
02ed1
02f6e
02fb1
02fbe
02fd1
030d9
03118
0312e
03132
031c9
0364b
0370d
03790
0383c
03840
03844
03848
0384c
03850
03854
01019
0102e
0103e
0104b
01057
011f4
012be
012d2
012d9
012e3
01482
0148e
0155e
01eb0
01ff8
020a6
020ac
020cf
02253
02733
028ec
029ae
029c0
029c7
029de
029f8
02aa8
02ab0
02ac5
02b34
02bf4
02c18
02c24
02c3c
02c41
02d58
02d6e
02d72
02da4
02dd0
02ddf
02f95
02fcf
02ff7
03006
030a2
03136
0315e
0316b
0316f
032ca
03672
037ac
0383b
0385a
0385e
03862
03866
0386a
0386e
03872
01072
01081
0108d
01099
010a5
0115c
01170
01177
01181
0131c
01326
01331
01ea8
02004
02033
020c8
020d3
020f2
02271
0279f
028aa
029f5
02a02
02a13
02a32
02a4a
02aa6
02aeb
02af7
02b17
02b79
02c2d
02c43
02c47
02c62
02c79
02c84
02dc3
02de7
02e0f
02e89
02fe8
03026
03032
03047
0314f
03188
031a0
031a4
0323f
0367b
036a2
037cb
03873
03877
0387b
0387f
03883
03887
0388b
0126b
01279
01283
01293
0129c
0133b
0135d
0136d
01375
0143c
01518
01524
0179e
01ea1
01fea
02054
02107
0217b
02313
02826
02987
02b9e
02baa
02bb7
02bcf
02bde
02c54
02c7b
02c98
02caf
02d17
02dc3
02de6
02def
02e04
02e1b
02e20
02ec0
02f89
02fb1
02fc9
03062
0306a
0307e
03173
031c5
031cf
031e1
031e5
03301
033db
0369d
036a4
036a8
03792
0388e
03892
03896
0389a
0389e
038a2
012b5
012c1
012ce
012da
012e3
0139c
013b1
013b8
013c1
01558
01566
01571
01ec9
01fe3
02048
02074
02109
02122
02331
029bc
02a72
02ab5
02ac5
02be0
02bec
02bfe
02c94
02cd5
02ce0
02cf5
02d5b
02e00
02e23
02e2d
02e44
02e58
02e5d
02ef8
02fc6
02fee
03006
03084
030a5
030b9
031a8
031e7
0320a
0321c
03220
03375
036bf
036c9
036cd
037ac
03805
038a5
038a9
038ad
038b1
038b5
01143
01159
01163
01173
0117c
0131c
013e4
013f9
01400
01409
015a8
015b5
0167f
01ef8
0202d
0207b
0211b
02137
022b3
028aa
029f6
02aa4
02abd
02ac3
02adb
02af6
02c28
02cce
02cfa
02d1b
02d2b
02dca
02e52
02e68
02e6c
02e8b
02e98
02e9c
02fe8
0300c
03029
03087
030bf
030e0
030f4
03200
03241
03255
03259
032f3
03449
036ec
036f2
036f6
037cd
038b8
038bc
038c0
038c4
038c8
038cc
0119a
011a7
011b7
011c0
011c8
01429
01437
01445
0144c
015e8
015f6
01601
01f21
01f8a
02088
020b4
02139
02152
022d1
029b8
02a44
02af5
02afc
02b09
02b30
02b44
02c6c
02d0e
02d49
02d54
02d69
02e7a
02e9d
02ea7
02eb8
02ece
02ed3
02ef4
02f03
02f72
0303c
030d8
03117
03124
03137
0323b
0327a
03290
03294
03327
0370c
03716
0371a
03734
0383d
038cf
038d3
038d7
038db
038df
011d3
011e7
011f7
01203
0120c
013ab
0146e
01483
0148a
01493
01632
0163e
0170f
01f4f
01fa6
020bb
0214b
02167
022e3
028f1
02a6f
02b24
02b36
02b3d
02b55
02b6a
02c17
02c1d
02c33
02ca2
02d5e
02d86
02d93
02da4
02da8
02ec6
02edc
02ee0
02f0f
02f3d
02f4f
030fd
03135
0315b
0316a
03204
03298
032c0
032cd
032d1
03420
03650
03657
0365b
03756
038e2
038e6
038ea
038ee
038f2
038f6
0122b
01237
01244
01250
01259
0130c
01321
01328
01331
014c8
014d6
014e1
01e71
01f9f
020c7
020f3
02169
02182
02301
0293f
02a30
02b69
02b76
02b89
02ba4
02bba
02c14
02c59
02c63
02c81
02ce7
02d9b
02db1
02db5
02dd0
02de1
02de5
02f31
02f55
02f7d
02ff7
0314e
03187
03194
031a9
032b1
032eb
03302
03306
03399
03672
0367b
0367f
03770
03874
038f9
038fd
03901
03905
03909
0141a
0142a
01436
01445
0144c
014eb
0150f
0151c
01524
015f0
016c7
016d4
01930
01f95
02088
020f9
02197
0220b
023a1
029b8
02aff
02d0c
02d18
02d25
02d3e
02d4c
02dc2
02ded
02e08
02e1d
02e85
02f31
02f55
02f5d
02f74
02f89
02f8f
0302e
030f1
03117
0312f
031c4
031cc
031e0
032d5
03323
0332d
0333f
03343
03457
034fb
03757
03776
0377a
0383f
0390c
03910
03914
03918
0391c
03920
01463
01471
01481
0148b
01493
0154c
0155c
01568
01571
01707
01716
01721
01ecd
01fb8
020ce
02123
02199
021b2
023bb
02b34
02be2
02c22
02c33
02d4d
02d5a
02d6f
02e02
02e44
02e50
02e67
02ec9
02f6e
02f92
02f9b
02fb1
02fc6
02fcc
03066
0312c
03152
0316a
031e6
03207
0321b
0330a
03345
03367
03378
0337c
034ad
036c3
03790
03796
03858
038a4
03923
03927
0392b
0392f
03933
012f4
01307
01314
01325
0132c
014d0
01594
015a4
015b0
015b9
01757
01764
01829
01fd8
020c7
02129
021ab
021c7
02345
02a30
02b6d
02c12
02c2a
02c31
02c4a
02c65
02d97
02e3c
02e68
02e89
02e97
02f36
02fc0
02fd6
02fda
02ff9
03007
0300b
0314e
03170
0318a
031e9
03221
03242
03256
0335c
0339b
033af
033b3
03449
0354b
03793
037b2
037b6
03876
03936
0393a
0393e
03942
03946
0394a
01349
01357
01368
01371
01379
015d9
015e7
015f5
015fc
01797
017a6
017b1
01f23
01ffc
020e7
02153
021c9
021e2
0235f
02b2e
02bb6
02c64
02c6a
02c7b
02c9e
02cb7
02dda
02e7c
02eb8
02ec4
02edb
02fe8
0300c
03015
03026
0303a
03042
03062
0306f
030dc
0319e
0323a
03279
03286
03299
03395
033d2
033e8
033ec
0347d
03711
037cb
037d1
037e8
038ce
0394d
03951
03955
03959
0395d
01384
01397
013a4
013b5
013bd
0155f
0161e
01630
0163a
01643
017e0
017ee
018ad
0201b
02048
02159
021db
021f7
02373
02a72
02be1
02c92
02ca4
02cab
02cc4
02cd8
02d85
02d8c
02da1
02e10
02ecc
02ef4
02f00
02f13
02f17
03034
0304a
0304e
0307b
030a7
030b9
0325f
03297
032bd
032cc
03360
033f0
03416
03423
03427
0352b
03735
0373b
0373f
03807
03960
03964
03968
0396c
03970
03974
013d9
013e7
013f7
01401
01409
014bc
014cc
014d8
014e1
01677
01686
01691
01e75
01f74
0208e
02183
021f9
02212
0238d
02abc
02ba3
02cd7
02ce4
02cfa
02d12
02d2f
02d82
02dc7
02dd1
02df3
02e55
02f09
02f1f
02f23
02f3d
02f50
02f54
0309d
030bf
030e5
0315b
032b0
032ea
032f6
0330b
03407
03440
03458
0345c
034d1
03674
03754
0375a
03820
038f8
03977
0397b
0397f
03983
03987
015ca
015d9
015e4
015f5
015fc
0169b
016c0
016cc
016d4
01793
0186b
01878
01abc
01f98
02060
02189
02227
0229b
02426
0268f
02b2e
02c6d
02e7a
02e86
02e93
02eac
02ebb
02f30
02f5b
02f76
02f8d
02ff3
0309d
030bf
030c7
030de
030f1
030f7
03190
03253
03279
03291
03322
0332a
0333e
0342b
03479
03484
03488
034fb
03579
03808
03825
03829
038d0
0398a
0398e
03992
03996
0399a
0399e
01615
01621
0162d
0163b
01643
016fc
0170d
01718
01721
018a5
018b4
018bf
01f4e
0207d
02165
021b3
02229
02242
0243f
02704
02ca2
02d4f
02d92
02da1
02ebc
02ec8
02edd
02f70
02fb1
02fbe
02fd5
03037
030d8
030fa
03103
03117
0312c
03132
031c8
0328e
032b5
032cc
03344
03363
03377
03460
0348c
034ae
034b2
03525
0378f
0383e
03843
038e2
03922
039a1
039a5
039a9
039ad
039b1
014a1
014b9
014c4
014d5
014dd
01673
01744
01755
01760
01769
018ef
018fd
019b5
01fdb
0209f
021b9
0223b
02257
023ce
02757
02ba3
02cda
02d80
02d99
02d9f
02db8
02dd3
02f04
02faa
02fd6
02ff7
03007
030a2
03126
0313c
03140
0315d
0316b
0316f
032b0
032d2
032ed
03347
0337d
0339c
033b0
034a3
034d3
034da
034de
035c1
03840
0385d
03861
038fa
039b4
039b8
039bc
039c0
039c4
039c8
014f9
01507
01511
01521
01529
01789
01798
017a5
017ad
01929
01938
01943
01ea0
020bd
02105
021e3
02259
02272
023e7
02568
02c9d
02d24
02dd2
02dd8
02ded
02e0c
02e29
02f48
02fea
03026
03032
03049
0314e
03170
03179
03187
0319c
031a4
031c4
031d1
0323e
03300
03394
033d1
033de
033f1
034cd
034fd
03504
03508
037ca
03875
0387a
0388e
0394c
039cb
039cf
039d3
039d7
039db
01531
01547
01554
01565
0156d
01703
017ce
017e1
017ea
017f3
0196c
0197a
01a39
0201e
020de
021e9
0226b
02287
023fa
025c1
02be2
02d4e
02e00
02e12
02e19
02e32
02e47
02ef3
02efa
02f11
02f7e
0303c
03062
0306c
0307f
03083
03196
031ac
031b0
031dd
03209
0321b
033b9
033ef
03413
03422
034a7
0350a
0352c
03530
03609
037e9
037ee
037f2
038a6
039de
039e2
039e6
039ea
039ee
039f2
0158b
01597
015a1
015b1
015b9
0166c
0167d
01688
01691
01821
01830
0183b
01ef7
0203d
02135
02213
02289
022a2
02413
02636
02c29
02d10
02e46
02e52
02e68
02e80
02ea2
02ef0
02f35
02f3e
02f61
02fc3
03075
0308b
0308f
030a7
030ba
030be
031ff
03221
03247
032bd
03406
0343f
0344c
03461
03521
0354d
03556
0355a
03753
03806
0380b
038b8
03976
039f5
039f9
039fd
03a01
03a05
0177a
01789
01796
017a5
017ad
01845
01864
01870
01878
01925
019f7
01a04
01c3c
02061
02116
02219
022b7
0232b
02482
0256a
02676
0268f
02c9d
02ddb
02fe8
02ff4
03001
0301a
03029
0309c
030c5
030e0
030f5
03157
031ff
03221
03229
03240
03253
03259
032f2
033ad
033d1
033e9
03478
03480
0348d
03553
0357a
0357e
0362b
038a7
038bd
038c1
0394e
03a08
03a0c
03a10
03a14
03a18
03a1c
017c5
017d1
017de
017eb
017f3
0189a
018ab
018b6
018bf
01a31
01a40
01a4b
0201e
0212b
021f5
02243
022b9
022d2
02493
025dc
026e3
02704
02e10
02ebe
02eff
02f11
0302a
03036
0304b
030da
03117
03124
0313b
03199
0323a
0325c
03265
03279
0328e
03294
03326
033e6
0340a
03422
0348b
034aa
034b7
03571
0359e
035a2
0383d
038cf
038d4
03960
039a0
03a1f
03a23
03a27
03a2b
03a2f
01653
01667
01676
01685
0168c
0181d
018dc
018ed
018f8
01901
01a7b
01a88
01b3d
020a0
02145
02249
022cb
022e7
0244a
02638
02740
02757
02d10
02e49
02eee
02f06
02f0d
02f26
02f40
03070
03112
0313c
0315b
0316b
03204
03288
0329e
032a2
032bf
032cd
032d1
03406
03428
03442
0348e
034b5
034d4
034e1
035a6
035c4
035c8
038d1
038e7
038eb
03978
03a32
03a36
03a3a
03a3e
03a42
03a46
016a7
016b7
016c2
016d1
016d9
0191b
0192a
01937
0193f
01ab5
01ac4
01acf
01f98
0215b
02195
02273
022e9
02302
0245b
0253a
02568
026aa
02e0b
02e92
02f3f
02f46
02f5b
02f7a
02f97
030b2
03150
03187
03194
031ab
032b0
032d2
032db
032ea
032fe
03306
03322
0332f
03398
03456
034cc
034fa
03503
035bd
035e6
035ea
03874
038f9
038fe
0390c
039ca
03a49
03a4d
03a51
03a55
03a59
016e3
016f7
01706
01715
0171c
018a1
0195a
0196d
01976
0197f
01af8
01b06
01bbd
020df
02175
02279
022fb
02317
02466
0259b
025c1
02706
02d4f
02ebd
02f6e
02f80
02f87
02fa0
02fb4
03061
03068
0307d
030e6
0319e
031c4
031ce
031e1
031e5
032f8
0330e
03312
0333b
03366
03377
034e2
03509
03528
03537
035ee
0360c
03610
0388f
03894
03898
03924
03a5c
03a60
03a64
03a68
03a6c
03a70
01739
01747
01752
01761
01769
01816
01827
01832
0183b
019ad
019bc
019c7
01fdb
020fb
021c5
022a3
02319
02332
02477
02608
02636
02772
02d98
02e7f
02fb3
02fc0
02fd6
02fee
03011
0305e
030a1
030a8
030cb
03129
031d7
031ed
031f1
03209
0321c
03220
0335b
0337d
033a1
03413
03520
0354a
03555
03605
0362c
03630
03805
038a5
038aa
03936
039f4
03a73
03a77
03a7b
03a7f
03a83
0190c
0191b
01928
01937
0193f
019d1
019f0
019fc
01a04
01ab1
01b7d
01b8a
01d4e
02117
021a6
022a9
02343
023b8
024cb
0252a
0254c
0255b
0256b
02577
0257b
0267c
027c0
02e0b
02f49
0314e
03158
03165
0317e
031a0
031ff
0322e
03244
0325e
032c5
0336e
03383
03387
0339e
033b1
033b5
034cc
034df
0350e
03575
03583
0362b
038ba
0393a
0393e
039ca
03a0a
03a89
03a8d
03a91
03a95
03a99
0194f
0195d
0196a
01977
0197f
01a26
01a37
01a42
01a4b
01bb5
01bc4
01bcf
020df
021bb
02285
022d3
02348
02360
024dc
0257c
025b3
025c2
025d2
025de
025e2
026e3
028b8
02f7e
0302c
0306c
03089
0318d
0319a
031b3
0325c
0327a
03290
032ee
03326
033a7
033bd
033c1
033dc
033ea
033ee
034f6
03509
03538
03582
035a7
037e9
0394c
03951
03955
03a1d
03a9b
03a9f
03aa3
03aa7
03aab
01803
01811
01820
0182f
01837
019a9
01a68
01a79
01a84
01a8d
01bfd
01c0a
01ca7
02146
021d5
022d9
0235c
02371
0249b
02591
0260a
02625
02635
02642
02647
02740
0284a
02e7f
02fb6
0305c
03072
03079
03092
030b8
031d3
03275
032a4
032bf
032d6
033cd
033ef
033f8
0340a
0341f
03425
034a6
0352a
03554
03585
035a6
035cb
038e4
03964
03968
039f4
03a34
03ab1
03ab5
03ab9
03abd
03ac1
0184b
0185b
01866
01875
0187d
01aa7
01ab6
01ac3
01aca
01c35
01c44
01c4f
02061
021eb
02225
02303
02376
0238e
024ac
0253a
0264a
0267e
02690
026a0
026ac
026b0
0288f
02f78
03000
030a9
030b0
030c5
030e4
03100
03215
032d2
032eb
03302
03398
03419
0342f
03433
0344a
0345a
0345e
03484
034d1
03553
035bd
035e7
03821
03976
0397b
0397f
03a47
03ac3
03ac7
03acb
03acf
03ad3
01887
01895
018a4
018b3
018bb
01a2d
01ae6
01af9
01b02
01b0b
01c78
01c86
01cfb
02176
02205
02309
0238a
0239f
024b3
0259b
0265f
026d4
026f3
02703
02710
02715
027de
02ebe
0302b
030d8
030e8
030ef
03108
0312e
031c4
031cc
031e1
03249
0330e
03328
0333b
03341
033da
03456
03466
03474
0348b
034ba
035cd
035ee
03615
03890
03911
03915
039a0
03a5e
03ad9
03add
03ae1
03ae5
03ae9
018d1
018df
018ea
018f9
01901
019a2
019b3
019be
019c7
01b35
01b44
01b4f
020a0
0218b
02255
02333
023a4
023bc
024c4
02608
02718
02748
02758
02768
02775
02779
02913
02f05
02fec
03119
03126
0313c
03154
03176
031e6
03205
0321a
0327d
0331e
03344
0334d
03361
03374
0337a
03413
034ac
034d8
03525
03605
0362d
03859
03922
03927
0392b
03a71
03aeb
03aef
03af3
03af7
03afb
01a9a
01aa7
01ab4
01ac3
01aca
01b57
01b76
01b82
01b8a
01c31
01cd1
01cdf
01e2c
021a7
02236
02338
023cc
0243c
0250e
0252a
02536
02546
0256d
026fd
02756
0276d
02797
027ae
027c1
027c5
02914
029ff
030ac
032af
032b9
032c5
032da
032ed
0335b
0338a
0339e
033b8
0341b
034b5
034bd
034d2
034da
034de
035bc
035c9
035f2
038f8
039b5
039ba
039be
03a86
03b00
03b04
03b08
03b0c
03b10
01add
01ae9
01af6
01b03
01b0b
01baa
01bbb
01bc6
01bcf
01cf3
01d02
01d0d
02176
0224b
02315
02361
023d1
023e8
0251e
0255a
0257c
0259d
025ad
025d4
0275e
0278c
027dc
027f2
02806
0280a
029a0
02faf
030ee
031c6
031df
032ee
032fa
0330f
033b6
033d2
033e8
03443
0347c
034df
034e8
034fc
03504
03508
035e4
0360a
0370e
0394d
039cd
039d1
03a5d
03b11
03b15
03b19
03b1d
03b21
0198f
0199d
019ac
019bb
019c2
01b31
01bea
01bfb
01c06
01c0f
01d25
01d32
01d9d
021d6
02265
02366
023e4
023f8
024e2
02562
02591
025cf
02601
02609
02622
02645
027fa
02828
02841
0284d
028f7
02a75
0311b
031bd
031d2
031d9
031ee
0320c
03330
033cd
033fc
03415
0342c
034f6
03510
03514
0352a
03530
03604
03611
03636
038a4
039df
039e4
039e8
03aae
03b26
03b2a
03b2e
03b32
03b36
019d7
019e7
019f2
01a01
01a09
01c27
01c36
01c43
01c4a
01d47
01d56
01d61
02117
0227b
022b5
0238f
023fd
02414
024f2
025e6
02628
0264a
02675
0267d
026a2
02796
02843
02871
02886
02892
02935
03024
03163
03201
03210
03221
03244
03261
03370
03428
03440
03458
034d0
03533
0353c
0354c
03556
0355a
0357a
03629
03684
03977
039f7
039fb
03a09
03b37
03b3b
03b3f
03b43
03b47
01a13
01a21
01a30
01a3f
01a47
01bb1
01c66
01c79
01c82
01c8b
01d74
01d83
01de5
02206
02295
02394
02410
02424
024f8
02630
0265f
0269d
026d4
026e0
026f0
02713
02861
028ae
028c2
028d5
028d9
02a5d
0318b
03239
03248
0324f
03264
0327c
03322
0332a
0333f
033a3
03464
0347e
03486
0348a
03552
03562
03570
03581
035aa
038ce
0398c
03991
039f7
03ad6
03b4c
03b50
03b54
03b58
03b5c
01a5d
01a6b
01a76
01a85
01a8d
01b2a
01b3b
01b46
01b4f
01c9f
01cae
01cb9
02146
0221b
022e5
023bd
02429
02440
02508
026b4
026f6
02718
0273f
02747
0276a
02820
028cd
028f5
0290a
02917
029b5
02f3b
03078
03277
03280
03297
032b5
032d7
03344
03361
03376
033d5
03474
03492
03496
034ac
034b2
03524
0359c
035c2
036c0
03923
039a3
039a7
03a33
03b5d
03b61
03b65
03b69
03b6d
00cdf
01c1a
01c27
01c34
01c43
01c4a
01cc1
01ccf
01cda
01ce3
01db9
01dc7
01dd3
01f3b
02237
022c6
023c1
02448
02490
025c4
025f6
0263e
02663
02689
026ab
02746
02765
02797
027ae
027c1
028dc
02932
0293d
02950
02954
02a8a
02b70
0320e
03406
03410
0341d
03436
03458
034a4
034d0
034da
0359a
035ac
035b0
035c5
035cf
036ed
036fb
036ff
03a21
03a37
03a3b
03afe
03b73
03b77
03b7b
00d89
01c5c
01c69
01c76
01c83
01c8b
01cf4
01d01
01d08
01d69
01de5
01df2
01f61
02206
022db
0239e
023e9
0244d
0245c
0253a
02568
02631
0269e
026aa
026d1
0270d
0278e
027dc
027f2
02806
0291b
02963
0297c
02997
0299b
02b06
030e8
03250
0332c
03349
03445
03452
0346b
034e6
034fe
0350f
035cc
035d3
035e6
035eb
0370e
0371f
03723
039ca
03a49
03a4e
03ad6
03b7d
03b81
03b85
00a8f
01b17
01b26
01b34
01b43
01b4a
01c9b
01d1e
01d2b
01d32
01e01
01e10
01e1b
01e8b
02266
022f5
023ed
02458
02464
0259b
025c1
02692
026c4
02709
0272f
02751
02774
027c8
0280b
02828
02841
02971
029b3
029cb
029d0
02a74
02be4
0327d
0331e
03332
03339
03352
03376
034f8
03524
0352e
035e2
035f5
035f9
0360d
03617
03651
0365f
03663
03a4b
03a61
03a65
03b24
03b8b
03b8f
03b93
00b40
01b61
01b6d
01b78
01b87
01b8f
01d3f
01d4f
01d58
01d61
01e2c
01e3a
01eb3
021a7
0230b
02342
02415
02469
02478
02545
02556
02601
02627
02670
02700
02771
027f7
0281e
02868
0287d
02890
029b0
029f4
02a0a
02a0f
02aae
03158
032c5
03368
0336e
03383
033a0
033bc
0353a
0354e
0355f
03613
0361b
0362c
03631
03673
03684
03688
039f4
03a73
03a78
03a86
03b95
03b99
03b9d
00bb7
01b97
01ba6
01bb4
01bc3
01bca
01cef
01d70
01d7b
01d83
01e47
01e54
01e5f
01ee3
02296
02325
02419
02474
02480
02524
02574
025ac
025bd
02675
0268e
026d7
02761
02852
02895
028b6
028cb
02974
02a20
02a3c
02a4c
02a50
02bbc
032ee
03394
033a4
033ab
033c4
033e8
0347a
03484
03552
03576
0357d
03587
03639
0363d
0369f
036ad
036b1
03a09
03a0e
03a12
03b4a
03ba3
03ba7
03bab
00c68
01be0
01bed
01bf8
01c07
01c0f
01ca0
01cad
01cb5
01d19
01d9d
01daa
01f0b
021d6
022ab
02370
02441
02485
02494
02564
025d1
025e3
02615
0263c
026e2
02703
02881
028a8
028ee
02901
02915
02a2e
02a6d
02a82
02a87
02b28
03072
031da
033d3
033e0
033f6
0340c
0342e
03492
034aa
034c1
03584
0358b
0359e
035a3
036c0
036d2
036d6
039a0
03a1f
03a24
03aae
03bad
03bb1
03bb5
00b1a
00b25
00b2c
00b40
00b49
00f0b
01d3f
01d50
01d5a
01dba
01dc6
01dcf
01e21
02011
022c7
02355
02445
0249c
024d7
0258f
025b6
025c4
025cc
025e5
025ea
02614
0262a
0263b
02646
02663
02745
0281c
0284a
0286c
02890
02932
0293c
0294f
02a60
02aab
02aba
02acd
02ad1
02bf6
02ce1
03370
03522
03541
03598
035b2
035cf
036d9
037ab
037ba
039f4
03aaf
03ab4
03b37
03bb9
03bbd
03bc1
00bb3
00bbd
00bce
00bd8
00be0
00f6b
01d70
01d7d
01d84
01de3
01dee
01df7
0202b
02296
02368
02423
0245d
024a0
024ad
0253a
025ff
02626
0262f
0263f
0264f
0266c
0268e
0269e
026a9
026af
02796
02861
0288f
028b3
028d5
02963
0297b
02996
02a99
02acb
02af7
02b11
02b15
02c7a
033a2
03445
03490
03561
035c9
035e8
036ee
03712
037d5
037d9
03a49
03ac6
03aca
03b7c
03bc5
03bc9
00c41
00c4d
00c54
00c68
00c71
00dcb
01c97
01ca8
01cb2
01d90
01e07
01e12
01e1b
01f89
022f6
02382
02461
024a7
024b4
0259b
0265d
02684
02692
0269a
026b3
026b8
026e5
026f8
0270d
02714
0272f
0287e
028cd
028ed
02908
02964
029a2
029ba
029cd
02ae8
02b2b
02b43
02b49
02be5
02d55
033d6
03476
03499
035e0
035fa
03617
0370c
03732
03742
039a0
03ad7
03adc
03b5d
03bcd
03bd1
03bd5
00cdb
00ce5
00cf6
00d00
00d08
00e31
01cca
01cd8
01ce1
01e26
01e33
01e3a
01fa4
02237
02396
023cb
02479
024b8
024c5
02602
026c4
026eb
026f9
02701
02719
0271f
02747
02759
0276a
02776
02792
027a3
027c1
028c4
02914
029b0
029f4
02a08
02a1f
02b25
02b6b
02b7e
02b86
02c1f
0336c
0341c
034bb
034e4
03611
0362e
0365c
03675
0375e
03762
03a73
03aee
03af2
03b94
03bd9
03bdd
00d63
00d6f
00d76
00d89
00d93
00e6b
01ceb
01cfc
01d06
01dd8
01e4d
01e56
01e5f
01fcd
02326
023b0
0247d
024bf
024cc
02528
0253f
0255b
0256b
02577
0257b
02676
0273d
02758
02760
0276f
0277f
027b9
027e5
027fd
02873
029e2
02a20
02a3d
02a4b
02aec
02b82
02bb0
02bc1
02bc5
02d31
03444
034ce
034ed
03574
03583
0363e
0368c
0376f
0377e
039ca
03a89
03a8d
03b11
03be1
03be5
03be9
00a8b
00a95
00aa6
00ab0
00ab8
00ed1
01d1e
01d2d
01d34
01d9b
01da6
01daf
01fe8
02266
0233a
023f7
02495
024d0
024dd
02530
02558
02561
02571
02581
025a3
025c0
025d0
025db
025e1
026dd
027af
027fa
02828
0283f
028b8
02a2e
02a6d
02a80
02a98
02b9f
02bdf
02bf2
02bfa
02c99
03330
033d7
03510
03538
03581
035a0
0369d
036c4
0379a
0379e
03a1f
03a9e
03aa2
03bac
03bed
03bf1
00ad3
00adf
00b33
00b41
00b49
00ce7
00e1b
00e2e
00e36
010db
01e28
01e37
01e3f
020d0
02310
023dc
02479
024e3
02519
0258e
02598
025d7
02601
02609
0261a
0264b
026ed
02700
027ee
027f8
0280c
02811
02829
02849
0284f
029b0
029e1
02a08
02a74
02aae
02aba
02ad9
02bf6
02c20
02c34
02c40
02ce1
02daf
03604
03619
03637
03654
036d1
03857
03866
03aaf
03b28
03b2c
03bf5
03bf9
03bfd
00b6d
00b99
00bcf
00bd9
00be0
00d80
00e79
00e83
00e8b
01e46
01e53
01e5a
020ea
02320
0236c
023f4
024ab
024e7
024f3
025f7
02605
02652
02675
0267d
026a4
02736
0275b
02799
02833
0283d
02851
02856
02874
0288e
02894
029ef
02a20
02a47
02aa4
02aeb
02af7
02b17
02c13
02c5d
02c71
02c83
02d1e
02e8a
0357a
03638
03678
0369a
037be
0387f
03883
03b39
03b3d
03ba1
03c01
03c05
00a97
00c17
00c23
00c5b
00c69
00c71
00ebb
00ece
00ed6
00fb3
01d98
01da7
01daf
02050
022b0
02407
02495
024ed
024f9
0254b
0255e
0265c
02673
026a5
026d4
026e0
026e8
0271b
02861
0287e
02889
02899
028af
028ca
028d7
02974
02a51
02a70
02a94
02ae7
02b28
02b33
02b53
02c75
02c9f
02cb5
02cbc
02e28
03570
03589
035b1
036a1
0371e
037e6
037f6
03ad7
03b4e
03b52
03c09
03c0d
03c11
00b36
00cb3
00cc1
00cf7
00d01
00d08
00f19
00f23
00f2b
01db8
01dc6
01dcf
0206b
022bf
0239a
02420
024c3
024fd
02509
025b8
025cb
026c5
026e1
02720
02739
02745
0276c
02823
028bd
028c7
028db
028e0
028f8
02912
02919
02940
0295f
02a85
02b0b
02b40
02b70
02b7e
02c1f
02cb2
02ce2
02cf3
02cf9
02e66
035a5
035c2
0365c
036c1
03746
03810
03814
03b5f
03b63
03b71
03c15
03c19
00bbf
00d3f
00d4b
00d7d
00d8b
00d93
00f55
00f69
00f70
01047
01de0
01def
01df7
02090
022e0
02433
0245d
02503
0250f
02528
02535
0253d
0256d
02616
0262b
026cb
02743
02781
02797
027b5
027c2
02870
02902
0290d
0291d
0292c
02963
0298a
029fe
02b61
02ba4
02bb1
02bcd
02cd0
02d13
02d2a
02d34
02dca
035bc
035d1
035f3
036e6
036f9
0381f
0382e
03a87
03b03
03b5f
03c1d
03c21
03c25
00a45
00a71
00aa7
00ab1
00ab8
00c5e
00dd9
00de3
00deb
01e00
01e0f
01e16
020ab
022f0
0233e
023c8
024db
02513
0251f
02530
02558
02593
025a0
025ad
025de
02683
02698
0278c
027af
027ba
027ca
027df
027fe
02808
028b8
02997
029be
029dd
02b8b
02bbd
02be4
02bf2
02c99
02d2e
02d56
02d67
02d6d
02eda
035ed
0360a
0369d
0370e
03782
03848
0384c
03b13
03b17
03b89
03c29
03c2d
0256e
02578
02586
02770
02781
027c0
027ce
02873
02903
02907
0291d
029d7
029e4
02a1e
032c4
032c8
0335e
03384
0338b
034b9
034c5
0361b
0367e
0368d
03691
03784
03832
03a8b
03a92
03b07
03b97
03be2
03c1d
03c30
03c34
03c38
03c3c
03c40
03c44
03c48
03c4c
03c50
03c54
03c58
03c5c
03c60
03c64
03c68
03c6c
03c70
03c74
03c78
03c7c
03c80
03c84
03c88
03c8c
03c90
03c94
03c98
03c9c
02573
02584
025d5
025df
025ed
027b2
027c8
027d0
02808
028b6
028ba
02a21
02a4d
02a62
032fb
03395
033b7
033c0
033c6
034e9
03634
03641
036ad
036b6
0379b
03848
0389a
03aa4
03b15
03b1c
03bea
03bee
03c29
03c32
03c9d
03ca1
03ca5
03ca9
03cad
03cb1
03cb5
03cb9
03cbd
03cc1
03cc5
03cc9
03ccd
03cd1
03cd5
03cd9
03cdd
03ce1
03ce5
03ce9
03ced
03cf1
03cf5
03cf9
03cfd
03d01
025d8
025e7
025ef
02644
0264b
027f5
027f9
0280f
0284a
02858
028f7
02a55
02a64
02a96
031d8
031dc
033d0
033f7
033fd
0350d
03519
0358b
036cc
036db
036df
037c0
0386a
03ab3
03aba
03b2d
03baf
03bba
03bf5
03c9d
03ca1
03d06
03d0a
03d0e
03d12
03d16
03d1a
03d1e
03d22
03d26
03d2a
03d2e
03d32
03d36
03d3a
03d3e
03d42
03d46
03d4a
03d4e
03d52
03d56
03d5a
03d5e
03d62
03d66
03d6a
02641
02652
026a3
026ad
026bb
02799
0283a
0283e
02854
0288f
0289d
02961
02a8e
02a9d
03215
03407
03429
03432
03438
0353d
035a9
035b5
036fb
03704
037d6
0387f
038c4
03acc
03b3b
03b42
03bc2
03bc6
03c01
03d06
03d6b
03d6f
03d73
03d77
03d7b
03d7f
03d83
03d87
03d8b
03d8f
03d93
03d97
03d9b
03d9f
03da3
03da7
03dab
03daf
03db3
03db7
03dbb
03dbf
03dc3
03dc7
03dcb
03dcf
026a6
026b5
026bd
02712
0271b
027dc
027e0
02881
02897
0289f
028d7
02959
02968
029a0
0324e
03252
03325
03465
0346b
0355c
03569
035d3
03719
03728
0372c
03748
037fa
03adb
03ae2
03b53
03b7f
03bce
03c09
03d6b
03d6f
03dd4
03dd8
03ddc
03de0
03de4
03de8
03dec
03df0
03df4
03df8
03dfc
03e00
03e04
03e08
03e0c
03e10
03e14
03e18
03e1c
03e20
03e24
03e28
03e2c
03e30
03e34
03e38
0270c
02720
0276b
02776
02785
02823
028c4
028c8
028de
02913
02923
029a3
029cf
029e6
0328b
0331f
03345
0334e
03354
03495
035f1
035fd
0365f
03668
0375f
03810
038ee
03af4
03b61
03b68
03bd6
03bda
03c15
03c38
03dd2
03dd6
03e3b
03e3f
03e43
03e47
03e4b
03e4f
03e53
03e57
03e5b
03e5f
03e63
03e67
03e6b
03e6f
03e73
03e77
03e7b
03e7f
03e83
03e87
03e8b
03e8f
03e93
03e97
0261d
02621
0271f
027b6
027c1
027d2
02910
0291f
02951
02966
029ff
02a8e
02a9d
02b56
02b81
02b95
0341c
034a3
034b6
034c0
034c7
035ae
036f3
03702
03706
03760
03768
0382c
038c4
03b02
03b09
03bd6
03c1d
03c3c
03c40
03c44
03c48
03c4c
03d72
03d76
03d7a
03e39
03e9c
03ea0
03ea4
03ea8
03eac
03eb0
03eb4
03eb8
03ebc
03ec0
03ec4
03ec8
03ecc
03ed0
03ed4
03ed8
03edc
03ee0
03ee4
02686
0277b
02787
027bd
027cc
027fe
02806
02817
02964
02998
029a5
02a3e
02b8c
02b97
02bc3
0344f
03453
034cf
034e7
034ed
035cd
035d9
03721
0372a
03777
03783
03788
0384e
03918
03b1a
03b7f
03be5
03c29
03ca3
03ca7
03cab
03caf
03cb3
03dd9
03ddd
03de1
03e9a
03e9e
03ee7
03eeb
03eef
03ef3
03ef7
03efb
03eff
03f03
03f07
03f0b
03f0f
03f13
03f17
03f1b
03f1f
03f23
03f27
0257f
0258a
026ed
027fb
0280b
02819
02842
0284f
02990
029a7
029df
02a75
02a79
02bd0
02bf5
02c09
03338
034f7
0350a
03515
0351b
035f7
03657
03666
0366a
0379c
037a4
03864
038ee
03b28
03b2f
03bea
03bf5
03cb6
03d0c
03d10
03d14
03d18
03d1c
03e3e
03e42
03e46
03ee7
03f2a
03f2e
03f32
03f36
03f3a
03f3e
03f42
03f46
03f4a
03f4e
03f52
03f56
03f5a
03f5e
03f62
03f66
03f6a
03f6e
025ea
0274c
02750
02847
02856
02885
02890
028a1
02937
029d7
029e4
02a1e
02aca
02ade
02c07
0336f
03373
03523
0353b
03541
03614
03621
03686
0368f
037b3
037bf
037c4
03885
03942
03b40
03b97
03bbd
03c01
03c53
03c57
03c5b
03d1e
03d81
03d85
03d89
03d8d
03f2a
03f2e
03f71
03f75
03f79
03f7d
03f81
03f85
03f89
03f8d
03f91
03f95
03f99
03f9d
03fa1
03fa5
03fa9
03fad
03fb1
0254f
02553
02651
02889
02895
028a3
028cc
028d9
02974
02978
02a21
02a4d
02a62
02adc
02b07
02b1b
033aa
03479
03553
03565
0356b
0363b
036a5
036b4
036b8
037d7
037df
037f4
0389a
03b4e
03b55
03bc2
03c09
03cb8
03cbc
03cc0
03cc4
03de6
03dea
03dee
03df2
03df6
03f71
03fb4
03fb8
03fbc
03fc0
03fc4
03fc8
03fcc
03fd0
03fd4
03fd8
03fdc
03fe0
03fe4
03fe8
03fec
03ff0
03ff4
03ff8
025b8
026b4
026bf
028d0
028e0
02909
02915
02927
029b5
02a55
02a64
02a96
02b0c
02b1d
02b49
033e1
033e5
03477
03493
03499
03585
03591
036d4
036dd
0373b
03747
0374c
03816
0396c
03b66
03baf
03bd1
03c15
03d21
03d25
03d29
03df9
03e4b
03e4f
03e53
03e57
03ea0
03ea4
03fb6
03ff9
03ffd
04001
04005
04009
0400d
04011
04015
04019
0401d
04021
04025
04029
0402d
04031
04035
025c9
025cd
025ea
02832
02836
028de
0294e
0295d
0296a
02a90
02a97
02aca
02ade
02b73
02c00
02c0b
02cc0
02cf4
02d03
0359b
035ac
035b3
036f3
03702
03706
037ba
037c2
0380a
03815
0381a
03942
03b73
03bbd
03d1d
03d73
03d77
03d7b
03d94
03d98
03ea7
03eab
03f78
03f7c
04038
0403c
04040
04044
04048
0404c
04050
04054
04058
0405c
04060
04064
04068
0406c
04070
04074
04078
0407c
02632
0264d
02658
02879
0291b
02921
0295b
02963
02995
0299d
029a9
02adc
02b07
02b1b
02bb0
02cf1
02d05
02d34
035bd
035ca
035d5
035db
03721
0372a
037d0
037dc
037e1
0382d
03834
038d9
03996
03bc2
03c1d
03d91
03dda
03dde
03de2
03dfb
03dff
03eee
03fbb
03fbf
03fc3
0403a
0407d
04081
04085
04089
0408d
04091
04095
04099
0409d
040a1
040a5
040a9
040ad
040b1
040b5
040b9
02697
0269b
026b8
027c8
027d0
028be
0298d
0299c
029ab
029d1
029e0
02b0c
02b1d
02b49
02be5
02be9
02d3a
02d68
02d77
035e3
035f5
035fb
03657
03666
0366a
03742
0374a
03842
0384d
03852
0396c
03b8b
03bd1
03ca3
03e3b
03e3f
03e43
03e47
03e5e
03f31
03f35
03ffc
04000
0407d
04081
040be
040c2
040c6
040ca
040ce
040d2
040d6
040da
040de
040e2
040e6
040ea
040ee
040f2
040f6
040fa
02700
0271a
02726
0280f
028fb
028ff
029d9
029e1
02a0b
02a1a
02a27
02ab1
02b4f
02b58
02b86
02c3d
02c4c
02d71
03605
03612
0361d
03623
03686
0368f
03759
03765
0376a
03865
0386c
03903
039c0
03bd6
03bf5
03c53
03c57
03c5b
03c5f
03c63
03e3a
03eaf
03eb3
03f80
03f84
040be
040fb
040ff
04103
04107
0410b
0410f
04113
04117
0411b
0411f
04123
04127
0412b
0412f
04133
04137
0275f
02763
02780
027a8
027ac
02854
02a13
02a1b
02a29
02a4f
02a5e
02aec
02af0
02b93
02bbe
02bd2
02c46
02c7a
02c89
03577
03639
0363f
036a5
036b4
036b8
0377e
03786
03879
03884
03889
03918
03ba3
03be5
03c4f
03cba
03cbe
03cc2
03cc6
03cca
03ef2
03ef6
03efa
03fc7
040fb
040ff
0413c
04140
04144
04148
0414c
04150
04154
04158
0415c
04160
04164
04168
0416c
04170
04174
04178
02564
0257f
0258a
027ef
02897
0289f
02a57
02a5f
02a83
02a92
02aa1
02b2b
02bc9
02bd4
02bfa
02c77
02c8b
02cba
03571
03582
0358d
03593
036d4
036dd
03795
037a1
037a6
037f5
037fc
038af
039ea
03bea
03c09
03d1f
03d23
03d27
03d2b
03d2f
03de6
03f39
03f3d
04004
04008
04040
0413a
0413e
0417b
0417f
04183
04187
0418b
0418f
04193
04197
0419b
0419f
041a3
041a7
041ab
041af
02590
025d8
025e7
025ef
027f7
0280d
02815
029c6
02a55
02a64
02acc
02ad9
02bf6
02c03
02c0d
02c40
02cdf
02ce3
02d71
02e27
02e34
02e66
036cd
036e0
037ba
037c2
0385e
03869
0386e
038b0
03941
03a7c
03bbd
03c9d
03d1d
03f75
03f79
03f7d
03f87
03f8b
04047
04102
04106
0410a
041b4
041b8
041bc
041c0
041c4
041c8
041cc
041d0
041d4
041d8
041dc
041e0
041e4
041e8
041ec
041f0
041f4
025f9
02641
02652
0283a
0283e
02854
02a03
02a07
02a99
02acb
02ad8
02ae4
02b10
02b17
02c3a
02c4e
02c83
02d1c
02d20
02e6b
02e99
02eae
03702
037d0
037dc
037e1
03880
03887
038be
038c7
039d4
03bc2
03bff
03d71
03d91
03fbc
03fc0
03fc4
03fce
04084
04088
04143
04147
041b2
041b6
041f7
041fb
041ff
04203
04207
0420b
0420f
04213
04217
0421b
0421f
04223
04227
0422b
0422f
0265e
026a6
026b5
026bd
02881
02897
0289f
02964
02a42
02a46
02b0a
02b18
02b44
02b4a
02b5c
02c7e
02cb6
02cc8
02d55
02ea0
02eb0
02eda
0371a
0372d
03742
0374a
037ee
037f9
037fe
038da
0396b
03a28
03bd1
03d6b
03de5
03ff9
03ffd
04001
0400b
0400f
040c5
0417a
0417e
04182
041f7
04232
04236
0423a
0423e
04242
04246
0424a
0424e
04252
04256
0425a
0425e
04262
04266
0426a
0426e
026c7
0270c
02720
028c4
028c8
028de
02990
029a7
02a7d
02b42
02b52
02b5e
02b83
02b90
02c1d
02c21
02cc0
02cf4
02d03
02daf
02ed7
02ee7
03666
03759
03765
0376a
03811
03818
038e8
038f1
039fe
03bd6
03c13
03e39
03e48
03eae
03eb2
03eb6
03eba
0404b
0404f
04053
0410e
04232
04236
04271
04275
04279
0427d
04281
04285
04289
0428d
04291
04295
04299
0429d
042a1
042a5
042a9
02529
0276e
0277d
02783
02905
0291b
02921
02948
029d7
029e4
02b8a
02b92
02bba
02bc4
02bd6
02c5c
02cf1
02d05
02d34
02dad
02dbc
02dec
0367f
03692
0377e
03786
03826
03831
03836
03904
03917
03a52
03be5
03c36
03c4f
03ef1
03ef5
03ef9
03efd
03f01
0408c
04090
0414b
0414f
04271
042ac
042b0
042b4
042b8
042bc
042c0
042c4
042c8
042cc
042d0
042d4
042d8
042dc
042e0
042e4
042e8
02525
02573
02584
027b0
027b4
027ca
02985
02989
02a21
02bbf
02bcc
02bd8
02bf7
02c04
02c97
02c9b
02d3a
02d68
02d77
02df0
02e1f
02e36
036b4
03795
037a1
037a6
03849
03850
03894
0389d
039aa
03bea
03c27
03ca3
03cb8
03f38
03f3c
03f40
03f44
040c9
040cd
040d1
04186
041b8
041bc
042ae
042e9
042ed
042f1
042f5
042f9
042fd
04301
04305
04309
0430d
04311
04315
04319
0431d
026eb
026ef
027da
02802
02811
02990
029a7
02b3c
02bc9
02bd4
02c36
02c42
02d5f
02d73
02d7b
02daf
02e4d
02e51
02edf
02f96
02fa2
02fcc
03658
0366b
037a3
0385e
03869
0386e
038ef
03926
0392f
039c0
03af8
03d0a
03ee5
04101
04105
04109
04113
04117
041c1
04276
0427a
0427e
04322
04326
0432a
0432e
04332
04336
0433a
0433e
04342
04346
0434a
0434e
04352
04356
0435a
0435e
04362
0274e
0281d
02844
02850
0285e
029e2
02b77
02b7b
02c07
02c38
02c48
02c52
02c73
02c85
02dad
02dbc
02dec
02e8a
02e8e
02fd9
03004
0301c
0368d
037b4
037c5
03880
03887
038fd
03906
03941
03946
03a53
03bff
03d7e
03f75
04142
04146
0414a
04154
041fc
04200
042b5
042b9
04320
04324
04365
04369
0436d
04371
04375
04379
0437d
04381
04385
04389
0438d
04391
04395
04399
0439d
0254f
02553
02864
0288c
0289b
02a16
02a25
02adc
02bb4
02bb8
02c7c
02c87
02cae
02cb8
02cca
02df0
02e1f
02e36
02ec3
0300f
0301e
03042
036a6
036b9
037de
037ee
037f9
037fe
0389b
03950
03959
039ea
03aa8
03cb8
03f6f
04179
0417d
04181
0418b
0418f
0423b
042ea
042ee
042f2
04365
043a0
043a4
043a8
043ac
043b0
043b4
043b8
043bc
043c0
043c4
043c8
043cc
043d0
043d4
043d8
043dc
025b8
028a7
028ce
028da
028e8
02a60
02b0c
02b1d
02bed
02cb2
02cc2
02ccc
02ced
02cf9
02d8b
02d8f
02e2e
02e5c
02e71
02f15
03046
03055
036db
0373c
0374d
03811
03818
038a9
038b2
0396b
03970
03a7d
03c13
03e48
03ff9
0404c
04050
04054
04058
041c5
041c9
041cd
04282
043a0
043a4
043df
043e3
043e7
043eb
043ef
043f3
043f7
043fb
043ff
04403
04407
0440b
0440f
04413
04417
0261d
02621
02795
02910
0291f
02a8e
02a9d
02ac2
02b4f
02b58
02cfb
02d01
02d2a
02d32
02d44
02dca
02e64
02e73
02ea3
02f1c
02f2a
02f52
036f4
03707
03767
03826
03831
03836
038c5
0397a
03983
03996
03ad0
03c3c
03ea0
04089
0408d
04091
04095
04099
04204
04208
042bd
042c1
043df
0441a
0441e
04422
04426
0442a
0442e
04432
04436
0443a
0443e
04442
04446
0444a
0444e
04452
04456
02686
0278d
027ba
027c6
027d4
02964
02afd
02b01
02b93
02d2e
02d3c
02d46
02d65
02d6d
02e05
02e09
02ea8
02ed2
02ee5
02f5e
02f8a
02fa4
03728
03778
03789
03849
03850
038d3
038dc
03917
0391c
03a29
03c27
03dd9
03ef1
040ca
040ce
040d2
040d6
0423f
04243
04247
042f6
04326
0432a
0441c
04457
0445b
0445f
04463
04467
0446b
0446f
04473
04477
0447b
0447f
04483
04487
0448b
028bc
028c0
02972
02992
029a2
02b0c
02b1d
02caa
02d28
02d42
02da7
02db0
02ecd
02ee1
02ee9
02f15
02fbb
02fbf
0304d
030fe
0310a
03132
03658
0366b
03749
03843
03853
038ef
03965
0396e
039a5
039ae
03abb
03e3c
0407d
04275
04279
0427d
04287
0428b
0432f
043e4
043e8
043ec
04490
04494
04498
0449c
044a0
044a4
044a8
044ac
044b0
044b4
044b8
044bc
044c0
044c4
044c8
044cc
044d0
028fd
029af
029d4
029dc
029ea
02b56
02ce5
02ce9
02d71
02daa
02db6
02dc0
02de4
02df3
02f1c
02f2a
02f52
02ff8
02ffc
0313f
03168
03180
0368d
0375a
0376b
0386b
038fd
03906
03980
03985
039c1
03a52
03b0a
03eac
04101
042b4
042b8
042bc
042c6
0436a
0436e
04423
04427
0448e
04492
044d3
044d7
044db
044df
044e3
044e7
044eb
044ef
044f3
044f7
044fb
044ff
04503
04507
0450b
027a8
027ac
029f0
02a18
02a20
02b8c
02b97
02c46
02d22
02d26
02dee
02df5
02e1c
02e25
02e38
02f5e
02f8a
02fa4
03031
03173
03182
031a4
036a6
036b9
03785
0387a
0388a
0389b
03911
0391a
039cf
039d8
03ae3
03cb8
040fb
042e9
042ed
042f1
042fb
042ff
043a9
04458
0445c
04460
044d3
0450e
04512
04516
0451a
0451e
04522
04526
0452a
0452e
04532
04536
0453a
0453e
04542
04546
0454a
027ef
02a2d
02a52
02a5a
02a68
02bd0
02c77
02c8b
02d5b
02e24
02e30
02e3a
02e5e
02e67
02ef9
02efd
02f9c
02fc7
02fdf
03081
031a8
031b7
036db
03796
037a7
037fb
038a9
038b2
0392c
03931
039eb
03a7c
03b30
03f36
0417a
041c6
041ca
041ce
041d2
04333
04337
0433b
043f0
0450e
04512
0454d
04551
04555
04559
0455d
04561
04565
04569
0456d
04571
04575
04579
0457d
04581
04585
02832
02836
02933
02a90
02a97
02c00
02c0b
02c30
02cb4
02cc6
02e69
02e6f
02e96
02ea1
02eb2
02f38
02fd3
02fe1
03009
03088
03096
030bc
036f4
03707
037c1
0380b
0381b
038c5
0393b
03944
039f9
03a02
03a93
03d71
0403e
04201
04205
04209
0420d
04211
04372
04376
0442b
0442f
0454d
04588
0458c
04590
04594
04598
0459c
045a0
045a4
045a8
045ac
045b0
045b4
045b8
045bc
045c0
045c4
02879
0292b
02956
0295e
0296c
02adc
02c6b
02c6f
02cfd
02e9e
02eaa
02eb4
02ed4
02edb
02f73
02f77
03016
0303b
03053
030c8
030f2
0310c
03728
037d1
037e2
03833
038d3
038dc
03956
0395b
03997
03a28
03b56
03fba
04089
04240
04244
04248
0424c
043ad
043b1
043b5
04464
04494
04498
0458a
045c5
045c9
045cd
045d1
045d5
045d9
045dd
045e1
045e5
045e9
045ed
045f1
045f5
045f9
02a42
02a46
02aea
02b0a
02b18
02c77
02c8b
02e18
02ea0
02eb0
02f16
02f1e
0303d
0304f
03057
03081
03121
03125
031af
03260
0326c
03294
0373c
0374d
037fb
038d4
038de
0396d
039e3
039ec
03a23
03a2c
03b30
03ff9
041f5
043e3
043e7
043eb
043f5
043f9
0449d
04552
04556
0455a
045fe
04602
04606
0460a
0460e
04612
04616
0461a
0461e
04622
04626
0462a
0462e
04632
04636
0463a
0463e
02a7d
02b25
02b42
02b52
02b5e
02cc0
02e53
02e57
02edf
02f19
02f24
02f2e
02f53
02f61
03088
03096
030bc
0315c
03160
032a1
032ca
032e2
03767
0380b
0381b
038ef
0397b
03984
039fe
03a03
03a3f
03acf
03b75
0404a
04276
04422
04426
0442a
04434
044d8
044dc
04591
04595
045fc
04600
04641
04645
04649
0464d
04651
04655
04659
0465d
04661
04665
04669
0466d
04671
04675
04679
02946
0294a
02b64
02b8a
02b92
02cf1
02d05
02db4
02e90
02e94
02f5c
02f63
02f8c
02f94
02fa6
030c8
030f2
0310c
03193
032d5
032e4
03306
03778
03789
03833
038fe
03908
03919
0398f
03998
03a4d
03a56
03b56
03ef1
0426f
04457
0445b
0445f
04469
0446d
04517
045c6
045ca
045ce
04641
0467c
04680
04684
04688
0468c
04690
04694
04698
0469c
046a0
046a4
046a8
046ac
046b0
046b4
046b8
02987
02b9f
02bbf
02bcc
02bd8
02d3a
02dea
02df9
02ec9
02f93
02f9e
02fa8
02fcd
02fd5
03067
0306b
03104
0312d
03145
031e3
0330a
03319
037a3
03843
03853
0389b
03927
03930
039aa
039af
03a69
03af7
03b8d
040c8
042ea
04334
04338
0433c
04340
044a1
044a5
044a9
0455e
0467c
04680
046bb
046bf
046c3
046c7
046cb
046cf
046d3
046d7
046db
046df
046e3
046e7
046eb
046ef
046f3
029c4
029c8
02aad
02bfe
02c06
02d61
02d79
02d9e
02e27
02e34
02fd7
02fdd
03006
03010
03020
030a4
03139
03147
0316d
031ea
031f8
0321e
037b4
037c5
0386b
038aa
038b4
03943
039b9
039c2
03a77
03a80
03b0a
03f75
041b8
0436f
04373
04377
0437b
0437f
044e0
044e4
04599
0459d
046bb
046f6
046fa
046fe
04702
04706
0470a
0470e
04712
04716
0471a
0471e
04722
04726
0472a
0472e
04732
02a05
02aa5
02acb
02ad8
02ae4
02c46
02dd9
02ddd
02e6b
0300d
03018
03022
03043
03049
030dd
030e1
0317a
0319d
031b5
0322a
03254
0326e
037de
0387a
0388a
038c5
03951
0395a
039d4
039d9
03a15
03aa7
03ba5
04140
04202
043ae
043b2
043b6
043ba
0451b
0451f
04523
045d2
04602
04606
046f8
04733
04737
0473b
0473f
04743
04747
0474b
0474f
04753
04757
0475b
0475f
04763
04767
02bb4
02bb8
02c58
02c7c
02c87
02dea
02df9
02f86
0300f
0301e
03082
0308a
0319f
031b1
031b9
031e3
03283
03287
03311
033ba
033c8
033ec
037ef
037ff
0389b
03952
0395c
039eb
03a61
03a6a
03aa1
03aa9
03b8d
03ccb
042ea
043ac
04553
04557
0455b
04565
04609
0460d
046c2
046c6
0476a
0476e
04772
04776
0477a
0477e
04782
04786
0478a
0478e
04792
04796
0479a
0479e
047a2
047a6
047aa
02bed
02c93
02cb2
02cc2
02ccc
02e2e
02fc1
02fc5
0304d
03085
03090
0309a
030bd
030cb
031ea
031f8
0321e
032be
032c2
033fb
03420
0343a
03817
038aa
038b4
0396d
039f9
03a02
03a7c
03a81
03ab9
03b43
03bba
0404a
043a0
0458e
04592
04596
045a0
045a4
04648
046fd
04701
04705
0476c
047ab
047af
047b3
047b7
047bb
047bf
047c3
047c7
047cb
047cf
047d3
047d7
047db
047df
047e3
02ac0
02ac4
02cd2
02cfb
02d01
02e64
02e73
02f22
02ffe
03002
030c6
030cd
030f4
030fc
0310e
0322a
03254
0326e
032f5
0342b
0343c
0345c
03827
03837
038c5
0397c
03986
03997
03a0d
03a16
03ac9
03ad1
03ba5
03d99
04202
04420
045c7
045cb
045cf
045d9
04683
04687
04736
0473a
047ab
047af
047e8
047ec
047f0
047f4
047f8
047fc
04800
04804
04808
0480c
04810
04814
04818
0481c
04820
02aff
02d0d
02d2e
02d3c
02d46
02ea8
02f59
02f67
03037
030fb
03106
03110
03133
0313b
031c9
031cd
03266
0328f
032a7
03341
03460
03471
0384f
038d4
038de
03919
039a5
039ae
03a28
03a2d
03ae1
03b69
03bce
040c8
0441a
044a0
044a4
044a8
044ac
044b0
04611
04615
046ca
046ce
047e8
04821
04825
04829
0482d
04831
04835
04839
0483d
04841
04845
04849
0484d
04851
04855
04859
02b3a
02b3e
02c1b
02d6f
02d75
02ed7
02ee7
02f0c
02f96
02fa2
0313d
03143
0316a
03174
03184
03206
0329b
032a9
032cf
03348
03358
0337a
0385f
0386f
038ef
03928
03932
039c1
03a37
03a40
03af1
03af9
03b75
03e61
04276
04332
044df
044e3
044e7
044eb
0464c
04650
04654
04709
04821
04825
0485e
04862
04866
0486a
0486e
04872
04876
0487a
0487e
04882
04886
0488a
0488e
04892
04896
02b79
02c13
02c38
02c48
02c52
02db4
02f47
02f4b
02fd9
03171
0317c
03186
031a5
031ab
0323f
03243
032dc
032ff
03317
03388
033ae
033ca
03886
038fe
03908
03943
039cf
039d8
03a52
03a57
03a91
03b1d
03be2
04140
04320
0451a
0451e
04522
04526
0452a
0468b
0468f
0473e
04742
04772
0485c
04860
04899
0489d
048a1
048a5
048a9
048ad
048b1
048b5
048b9
048bd
048c1
048c5
048c9
02d22
02d26
02dc6
02dee
02df5
02f59
02f67
030ee
03173
03182
031e4
031ec
03301
03313
0331b
03341
033db
033df
03469
034e3
034ef
03506
03895
0389f
03919
039d0
039da
03a69
03ada
03ae3
03b17
03b1f
03bce
03ca5
042ea
044d1
046bf
046c3
046c7
046d1
046d5
04779
04828
0482c
048cc
048d0
048d4
048d8
048dc
048e0
048e4
048e8
048ec
048f0
048f4
048f8
048fc
04900
04904
04908
0490c
02d5b
02e01
02e24
02e30
02e3a
02f9c
03127
0312b
031af
031e7
031f2
031fc
0321f
0322d
03348
03358
0337a
03414
03418
03513
0352b
03547
038b0
03928
03932
039eb
03a77
03a80
03af4
03afa
03b2e
03b99
03bf6
03e61
04332
04552
046fe
04702
04706
04710
047b2
047b6
04865
04869
048ce
0490d
04911
04915
04919
0491d
04921
04925
04929
0492d
04931
04935
04939
0493d
04941
04945
02c2e
02c32
02e40
02e69
02e6f
02fd3
02fe1
0308e
03162
03166
03228
0322f
03256
0325e
03270
03388
033ae
033ca
0344b
03536
03543
03558
038bf
038c9
03943
039fa
03a04
03a15
03a8a
03a93
03b3d
03b45
03be2
03c64
04202
0454b
04733
04737
0473b
04745
04749
047ef
04898
0489c
0490d
04911
0494a
0494e
04952
04956
0495a
0495e
04962
04966
0496a
0496e
04972
04976
0497a
0497e
04982
02c6d
02e7b
02e9e
02eaa
02eb4
03016
030c3
030d1
03199
0325d
03268
03272
03295
0329d
03327
0332b
033c2
033e7
03401
03488
0355c
03569
038da
03952
0395c
03997
03a23
03a2c
03aa4
03aaa
03b54
03bb1
03c0a
03de7
043ac
045c6
04610
04614
04618
0461c
0477d
04781
04830
04834
0494a
04983
04987
0498b
0498f
04993
04997
0499b
0499f
049a3
049a7
049ab
049af
049b3
049b7
049bb
02ca8
02cac
02d89
02edd
02ee3
03046
03055
03078
030fe
0310a
0329f
032a5
032cc
032d6
032e6
03362
033f3
03403
03425
0348f
0349b
034b2
038e9
038f3
0396d
039a6
039b0
03a3f
03ab2
03abb
03b63
03b6b
03bba
03d32
04276
04494
0464b
0464f
04653
04657
0465b
047ba
047be
0486d
04983
04987
049c0
049c4
049c8
049cc
049d0
049d4
049d8
049dc
049e0
049e4
049e8
049ec
049f0
049f4
049f8
02ce7
02d81
02daa
02db6
02dc0
02f22
030b1
030b5
0313f
032d3
032de
032e8
03307
0330d
03399
0339d
03434
03455
0346f
034be
034d7
034f3
03904
0397c
03986
039c1
03a4d
03a56
03acc
03ad2
03b08
03b81
03c1e
03d99
04420
044de
0468a
0468e
04692
04696
047f3
047f7
048a0
048a4
048d4
049be
049c2
049fb
049ff
04a03
04a07
04a0b
04a0f
04a13
04a17
04a1b
04a1f
04a23
04a27
04a2b
02e90
02e94
02f34
02f5c
02f63
030c3
030d1
03250
032d5
032e4
03342
0334a
03457
03467
0346d
03488
034fb
034ff
03563
035cd
035d9
035ea
03723
03913
0391d
03997
03a4e
03a58
03ae1
03b4d
03b56
03b7f
03bce
03ddb
03e00
03e63
045c6
04688
04829
0482d
04837
0483b
048db
0498a
0498e
04a2e
04a32
04a36
04a3a
04a3e
04a42
04a46
04a4a
04a4e
04a52
04a56
04a5a
04a5e
04a62
04a66
04a6a
02ec9
02f6f
02f93
02f9e
02fa8
03104
03289
0328d
03311
03345
0334e
03354
0337b
03389
0348f
0349b
034b2
03525
03529
035f7
03609
03625
0366c
0392e
039a6
039b0
03a69
03af1
03af9
03b66
03b6c
03b8f
03c14
03e3e
03e61
04332
0467c
04862
04866
0486a
04874
04914
04918
049c7
049cb
04a30
04a6d
04a71
04a75
04a79
04a7d
04a81
04a85
04a89
04a8d
04a91
04a95
04a99
04a9d
04aa1
02d9c
02da0
02fae
02fd7
02fdd
03139
03147
031f0
032c4
032c8
03384
0338b
033b0
033b8
033cc
034be
034d7
034f3
0354d
03614
03621
03630
03688
0393d
03947
039c1
03a78
03a82
03a91
03b01
03b0a
03b97
03be2
03c3e
03c64
03ccd
044de
046fc
04899
0489d
048a7
048ab
04951
049fa
049fe
04a6b
04aa4
04aa8
04aac
04ab0
04ab4
04ab8
04abc
04ac0
04ac4
04ac8
04acc
04ad0
04ad4
04ad8
04adc
02ddb
02fe9
0300d
03018
03022
0317a
03225
03233
032fb
033b7
033c0
033c6
033ed
033f5
0347d
03481
034e9
03501
0351d
0357e
03634
03641
036ba
03958
039d0
039da
03a15
03aa1
03aa9
03b1a
03b20
03ba7
03c28
03cba
03ccd
043ac
046f6
0477c
04780
04784
04788
048df
048e3
04992
04996
04aa6
04adf
04ae3
04ae7
04aeb
04aef
04af3
04af7
04afb
04aff
04b03
04b07
04b0b
04b0f
04b13
02e16
02e1a
02ef7
0304b
03051
031a8
031b7
031da
03260
0326c
033f7
033fd
03422
0342c
0343e
034a9
0350d
03519
03530
03585
03591
035a2
036d6
03967
03971
039eb
03a24
03a2e
03ab9
03b27
03b30
03baf
03bba
03d0c
03d32
03d9b
04552
0460e
047b9
047bd
047c1
047c5
0491c
04920
049cf
04add
04b16
04b1a
04b1e
04b22
04b26
04b2a
04b2e
04b32
04b36
04b3a
04b3e
04b42
04b46
04b4a
04b4e
02e55
02eef
02f19
02f24
02f2e
0308e
03213
03217
032a1
03429
03432
03438
0345d
03463
034d1
034d5
0353d
03551
0356d
035ae
035c1
035dd
03708
03982
039fa
03a04
03a3f
03ac9
03ad1
03b40
03b46
03b77
03c00
03d80
03d9b
04420
045fc
047f2
047f6
047fa
047fe
04955
04959
04a02
04a06
04a34
04b18
04b51
04b55
04b59
04b5d
04b61
04b65
04b69
04b6d
04b71
04b75
04b79
04b7d
04b81
0264d
02658
0269f
026aa
026c1
03000
0309e
030c0
030ca
030d5
0322a
033a8
033ac
03434
03485
0348d
034a1
03561
03567
03579
03595
0363b
036af
037d6
03991
0399b
03a15
03ac7
03ace
03b54
03ba2
03ba8
03bc5
03cba
03d99
03d9f
03da3
03da7
03dab
03fd2
045c7
047ac
0498c
04990
0499a
04a36
04a3a
04ae3
04ae7
04b85
04b89
04b8d
04b91
04b95
04b99
04b9d
04ba1
04ba5
04ba9
04bad
04bb1
026b8
02704
02708
02717
03035
03039
030db
03102
03108
03260
0326c
033e3
03460
03471
03493
03499
034af
034b7
034cb
0358b
0359d
035b9
036e1
03748
039ac
03a24
03a2e
03ae0
03b63
03b6b
03bb1
03bcd
03c14
03df8
03e04
03e08
03e0c
03e10
03e4b
04011
0460f
049c5
049c9
049d3
049d7
04a71
04b1a
04b1e
04b22
04b87
04bb5
04bb9
04bbd
04bc1
04bc5
04bc9
04bcd
04bd1
04bd5
04bd9
0271a
02726
02767
02772
02789
02f0c
03114
03136
03141
0314b
032a1
03348
03358
0341c
034b6
034c0
034c7
034dd
034e5
035a9
035b5
035c6
036fd
0375f
039bb
039c5
03a3f
03aef
03af6
03b08
03b72
03b78
03bd9
03c3e
03e39
03e65
03e69
03e6d
03e71
03ebe
044df
04822
049fc
04a00
04a0a
04aa8
04aac
04b51
04b55
04bb3
04bdd
04be1
04be5
04be9
04bed
04bf1
04bf5
04bf9
04bfd
04c01
04c05
0256a
02575
0258c
02780
02f47
02f4b
03151
03178
0317e
032d5
032e4
03388
0344f
03453
034e7
034ed
03503
0350b
0351f
035d3
035e5
03601
0372e
03784
039d6
03a4e
03a58
03a90
03b17
03b1f
03b81
03be1
03c28
03c64
03c6a
03c6e
03c72
03c76
03ddc
03f48
04689
048df
048e3
048e7
048eb
04a3e
04a42
04aeb
04aef
04bdf
04c09
04c0d
04c11
04c15
04c19
04c1d
04c21
04c25
04c29
04c2d
0257f
0258a
025d1
025dc
025f3
02f86
03063
0319f
031b1
031b9
03311
03336
0333a
033c2
0350a
03515
0351b
03531
03539
035f1
035fd
0360e
03661
0379b
039e5
039ef
03a69
03a9f
03aa6
03b2e
03b8a
03b90
03bed
03cb6
03ccf
03cd3
03cd7
03cdb
03d0d
03f48
04553
04771
0491c
04920
04924
04a75
04a79
04a7d
04b26
04c07
04c31
04c35
04c39
04c3d
04c41
04c45
04c49
04c4d
04c51
04c55
04c59
025ea
02636
0263a
02649
02fc1
02fc5
0305f
0308c
03092
031ea
031f8
03371
033f3
03403
0353b
03541
03555
0355d
0356f
0361b
03629
03645
03693
037c0
03a00
03a78
03a82
03ab8
03b3d
03b45
03b99
03bb9
03c00
03d1d
03d36
03d3a
03d3e
03d42
03d81
03fd2
046fd
04955
04959
0495d
04961
04ab0
04ab4
04b59
04b5d
04b8b
04c33
04c5d
04c61
04c65
04c69
04c6d
04c71
04c75
04c79
04c7d
02575
0258c
0267e
0275f
02763
02780
02852
0285a
02892
03162
03166
03202
03228
0322f
03381
03391
0353d
0357b
03583
03597
03639
0363f
036af
0377d
0387f
03a0f
03a19
03a90
03b3b
03b42
03ba7
03be2
03bff
03c4f
03c68
03c6c
03c70
03c7a
03cbb
03d81
03d85
03d89
03f90
04157
04734
04ae1
04ae5
04ae9
04af3
04b8d
04b91
04c83
04c87
04c8b
04c8f
04c93
04c97
04c9b
04c9f
04ca3
04ca7
02564
0257f
0258a
025e2
026e3
026e7
02899
028d4
028e2
03199
0323b
0325d
03268
03272
033c2
0355c
03569
03589
0358f
0359f
035a7
035bb
036e1
037a2
037fa
03a2a
03a9f
03aa6
03b53
03baf
03bea
03bee
03c0b
03ccb
03cd1
03cd5
03cdf
03ce3
03de6
03dea
03dee
03fd3
03fd7
04190
04948
04b1c
04b20
04b2a
04b2e
04bb9
04c81
04ca9
04cad
04cb1
04cb5
04cb9
04cbd
04cc1
04cc5
04cc9
025c9
025cd
025ea
02643
0265a
02748
028dc
028e4
02917
03076
0307a
03278
0329f
032a5
033f3
03403
03495
035a6
035b0
035b7
035c7
035cf
036fd
037b9
03810
03a39
03a43
03ab8
03b61
03b68
03b77
03bba
03c13
03d1d
03d36
03d3a
03d3e
03d48
03d74
03e4b
03e4f
03e53
04014
0405b
0464b
04b4f
04b53
04b57
04b61
04be1
04be5
04cab
04ccf
04cd3
04cd7
04cdb
04cdf
04ce3
04ce7
04ceb
04cef
0253c
02630
02634
02651
026aa
026c1
027c3
0291b
02921
030b3
032b1
032d3
032de
032e8
03434
034b9
034c5
035d1
035d7
035e7
035ef
03603
0372e
037dd
03832
03a54
03ac7
03ace
03b07
03b7f
03bc2
03bc6
03c1f
03c3e
03c42
03c46
03d92
03d9e
03da2
03dac
03db0
03ebf
03ec3
040d9
049be
04a3e
04a42
04a46
04a4a
04c0d
04ccd
04cf1
04cf5
04cf9
04cfd
04d01
04d05
04d09
04d0d
04d11
025a1
025a5
02699
026b4
026bf
02717
027c8
027d0
02808
030ec
030f0
031c7
0330f
03315
03460
03471
034e9
035ee
035f9
035ff
0360f
03617
03661
03741
03848
03a63
03a6d
03ae0
03b15
03b1c
03b8f
03bce
03c27
03ca3
03ca7
03cab
03caf
03e01
03e07
03e0b
03e15
03e3e
03f06
040d9
046bf
04a75
04a79
04a7d
04a81
04c35
04c39
04cf3
04d17
04d1b
04d1f
04d23
04d27
04d2b
04d2f
04d33
04d37
0260a
026fe
02702
0271f
02772
02789
0280f
0284a
02858
03129
031bf
031e7
031f2
031fc
03350
0350d
03519
03619
0361f
0362d
03635
03647
03693
03766
0386a
03a7e
03aef
03af6
03b2d
03b97
03bd6
03bda
03bf7
03d0a
03d0e
03d12
03d16
03e62
03e68
03e6c
03e76
03f49
03f4d
04157
048cc
04ab0
04ab4
04ab8
04abc
04c5d
04c85
04d15
04d39
04d3d
04d41
04d45
04d49
04d4d
04d51
04d55
026d2
026e5
0270c
02716
02724
027de
027fc
02809
02814
028d4
0299a
029a7
02bd0
0366d
03724
0372f
038f1
03ade
03bdd
03d0a
03ddd
03dea
03dfc
03e1b
03e40
03e7b
03ee8
03f30
03f39
03f52
03fcc
0407f
0409c
040a0
040c2
040db
040df
04184
0424f
04278
0428d
04328
0432e
04344
04438
04497
044a4
044b4
044b8
045dd
046cb
04d5b
04d5f
04d63
04d67
04d6b
04d6f
04d73
04d77
04d7b
04d7f
02737
0274e
02775
0277f
02788
02833
02847
02855
0285d
029d1
029e2
029ea
0365f
0366a
03690
03902
03aeb
03b2b
03c05
03c4f
03c57
03d0e
03e44
03e5b
03e7d
03f2a
03f54
03f80
03f95
03ffc
04013
040be
040e3
040e7
04103
0411a
0411e
041be
0428f
042b4
042ca
04347
0436b
04381
04471
044ba
044e1
044f1
044f5
0465d
04d80
04d84
04d88
04d8c
04d90
04d94
04d98
04d9c
04da0
04da4
0253c
0254c
0256e
0257a
02588
027c0
02878
0288c
0289a
028a3
02a18
02a24
02adc
03689
03695
036bb
0389d
03a8e
03bf1
03c32
03c55
03c5e
03c80
03cb6
03cbe
03d82
03eb7
03f70
03f99
03fc5
03fda
04084
04112
04124
04128
0414b
0415b
0415f
042ae
042ce
042ee
04349
04384
043a8
043be
044d4
04515
0452c
04530
045d1
0473f
04da9
04dad
04db1
04db5
04db9
04dbd
04dc1
04dc5
04dc9
04dcd
025b1
025b8
025de
025e9
025f2
028b8
028cc
028d8
028e4
02a4f
02a60
02a68
036ad
036b8
036de
038ae
03a9b
03b51
03c19
03ca8
03cc0
03cc7
03ce9
03d23
03d4c
03ef3
03f04
03fb7
03ffd
04006
0401b
0413c
04161
04165
0417c
04192
04196
041ba
041c9
04238
04305
043a2
043e5
043f0
043fd
04511
04555
04569
0456d
04609
04dce
04dd2
04dd6
04dda
04dde
04de2
04de6
04dea
04dee
04df2
0260a
0261a
0263c
02648
02656
0284a
028fc
02910
0291e
02927
02a90
02a9c
02b56
036d7
036e3
03709
038c7
03ab6
03bc9
03d05
03d10
03d28
03d36
03d51
03d77
03db4
03ea3
03eb0
03ec7
03f41
0401c
04040
0404c
0405f
04063
0418a
0419c
041a0
041d8
04204
04213
043c3
043fe
0442b
0443a
044da
04571
0459c
045a8
045ac
04714
04df7
04dfb
04dff
04e03
04e07
04e0b
04e0f
04e13
04e17
04e1b
0266c
02686
026ac
026b7
026c0
027a9
027bd
027cb
027d4
02953
02964
0296c
036fb
03706
0372c
038d8
03ac3
03b05
03c2d
03d6d
03d79
03d93
03db5
03dd9
03df8
03e9b
03eca
03eed
03f0e
03f7a
03f8f
04055
04067
0406b
0408b
040a6
040aa
041f7
04217
04242
042bd
0441c
04459
04464
04475
0458b
045c9
045df
045e3
04683
04df5
04e1f
04e23
04e27
04e2b
04e2f
04e33
04e37
04e3b
04e3f
028af
028b9
028cb
028d8
028e4
02976
0298e
0299b
029a7
02a5d
02b12
02b1c
02d28
036ab
0374b
037d6
037dd
0396c
03b51
03cc2
03dec
03fb6
03fc1
03fce
03fe1
04000
0407e
0409d
040c6
040dc
04145
041f7
04215
0421c
0423a
0424f
04258
042f4
043c1
043e5
043fb
04496
0449e
044b2
045b0
04605
04611
04623
04627
0474d
04831
04d5d
04dd1
04e44
04e48
04e4c
04e50
04e54
04e58
04e5c
04e60
028f2
028fd
02911
0291e
02927
029c3
029d5
029dc
029ea
02b48
02b56
02b5e
03663
036d2
03744
0374f
0376c
03987
03c23
03d29
03e4e
03eac
03ec5
03fff
0400c
04020
040bf
04103
04110
0412a
0418d
04234
04250
0425f
04278
0428c
04295
0432c
043fe
04422
0443a
044b9
044db
044ef
045e7
04629
0464e
04660
04664
047c7
04d81
04d85
04e42
04e64
04e68
04e6c
04e70
04e74
04e78
04e7c
0279a
027a5
027b7
027c4
027cf
02961
02a02
02a14
02a1b
02a29
02b8c
02b96
02c3a
036b5
0375f
03766
03787
03918
03b05
03c58
03d7b
03e9c
03eb4
03eba
03ece
03ef8
0404e
040fc
04123
0414b
0415a
041fc
04286
0429a
0429e
042bf
042d0
042d4
0441c
04440
0445c
044bc
044f6
04518
0452c
04642
04685
0469b
0469f
0473f
048a1
04daa
04e1e
04e80
04e84
04e88
04e8c
04e90
04e94
04e98
04e9c
027e6
027ef
02803
02810
02819
02a3e
02a4e
02a58
02a63
02bc2
02bd0
02bd8
036b1
0371f
03780
0378b
037a8
03933
03bfb
03d1f
03dfd
03ef3
03efc
03f0b
03f38
03f50
04096
0413d
0417c
04188
041a2
042ae
042cd
042d9
042ec
04300
04309
04328
04337
043a6
04477
04510
04554
04560
04572
0467f
046c2
046d8
046dc
04777
04d61
04dd3
04e7f
04ea0
04ea4
04ea8
04eac
04eb0
04eb4
04eb8
02824
0282f
02841
0284e
02859
029df
02a7a
02a8c
02a93
02aa1
02c00
02c0a
02cb4
036ef
0379b
037a2
037c3
03942
03b2b
03d27
03e46
03f2c
03f3e
03f44
03f58
03f7c
0403f
04046
0405d
040cc
0419a
041ba
041c7
041dc
041e0
042fa
0430e
04312
04347
04372
04381
04536
04570
04599
045a6
04646
046e0
0470a
04717
0471b
04878
04dd7
04dfc
04ebc
04ec0
04ec4
04ec8
04ecc
04ed0
04ed4
04ed8
0286e
02879
0288d
0289a
028a3
02945
02957
0295e
0296c
02ace
02adc
02ae4
036fc
03731
037bc
037c7
037e4
0395d
03c0f
03c61
03de6
03f79
03f86
03f99
03fbe
03fda
0403b
04083
0408c
040ad
04115
041cf
041e3
041e7
04204
04220
04224
04365
04389
043b1
0442b
0458a
045c8
045d4
045e8
046f9
04737
0474e
04752
047ed
04daf
04e21
04e43
04edb
04edf
04ee3
04ee7
04eeb
04eef
04ef3
02a35
02a3c
02a4b
02a58
02a63
02aee
02b0a
02b15
02b1c
02bbe
02c7f
02c8b
02ea0
036dc
03750
037fd
0387f
03885
039ea
03d1f
03efd
0413c
04147
04155
0416b
04181
041f5
04219
0423c
04256
042b9
04365
04384
0438d
043a7
043bd
043c9
04462
0452e
04554
04569
04604
0460c
04622
0471f
04773
0477d
0478f
04793
048af
04993
04dd3
04e44
04ef6
04efa
04efe
04f02
04f06
04f0a
04f0e
04f12
02a73
02a7d
02a89
02a95
02aa1
02b39
02b4d
02b54
02b5e
02cb6
02cc1
02ccc
036d5
03743
0376e
037f7
03801
0381c
03a05
03f3a
04001
0404b
0405d
04180
0418c
0419c
04236
04278
04284
042a0
042fd
043a2
043c1
043cf
043e5
043fa
04406
0449c
0456b
04590
045a6
04628
04649
0465f
04756
04795
047b8
047ca
047ce
04929
04dcf
04dfb
04e64
04f14
04f18
04f1c
04f20
04f24
04f28
04f2c
02937
02943
0294f
0295c
02967
02aca
02b76
02b8a
02b91
02b9b
02cf8
02d04
02dad
03729
03774
03810
03816
03835
03996
03dd9
03f7a
0403a
04052
04059
04070
04090
041cb
04270
04299
042bd
042d0
0436c
043f4
0440a
0440e
0442c
04440
04445
0458a
045ae
045cb
0462b
04665
04686
0469c
047ae
047ef
04803
04807
048a1
04a03
04e20
04e80
04f13
04f32
04f36
04f3a
04f3e
04f42
04f46
04f4a
0297e
02987
02996
0299f
029ab
02bb0
02bc3
02bcc
02bd3
02d31
02d3b
02d45
0366f
0377f
037aa
0382f
03839
03854
039b1
03f36
03fcc
0408d
04094
0409d
040ca
040dc
0420e
042b0
042ec
042f8
04314
0441c
04437
04449
04459
04472
0447a
04496
044a6
04516
045e1
0467e
046c1
046ce
046e1
047e9
04828
0483e
04842
048d9
04d5b
04e1d
04ea0
04f4c
04f50
04f54
04f58
04f5c
04f60
04f64
029b3
029c1
029cd
029da
029e6
02b41
02bea
02bfe
02c05
02c0f
02d6c
02d78
02e27
0368e
037b0
03848
0384e
0386d
039c0
03e43
03ffc
040be
040d0
040d7
040ee
04108
041b8
041c0
041d5
04244
04304
04328
04334
0434c
04351
04468
0447e
04482
044b4
044e0
044ef
046a5
046df
04707
04716
047b2
04846
0486e
0487b
0487f
049da
04d82
04ebc
04f4b
04f6a
04f6e
04f72
04f76
04f7a
04f7e
04f82
029fa
02a05
02a11
02a1d
02a29
02abf
02ad3
02ada
02ae4
02c3d
02c47
02c52
03687
037bb
037e5
03867
03871
0388c
039db
03eaf
03fba
04105
04112
04123
04142
0415a
041b6
041fb
04207
04227
04289
0433d
04353
04357
04372
04389
04394
044d3
044f7
0451f
04599
046f8
04736
04742
04757
0485f
04898
048b0
048b4
0494f
04d8b
04db2
04edb
04f83
04f87
04f8b
04f8f
04f93
04f97
04f9b
02ba7
02bb0
02bba
02bca
02bd3
02c5c
02c73
02c83
02c8b
02d31
02dec
02df8
0300f
03681
037a4
03802
0389e
03903
03a68
03f36
04097
042ae
042ba
042c7
042df
042ee
04364
0438b
043a8
043bf
04427
044d3
044f6
044ff
04514
0452b
04530
045d0
04699
046c1
046d9
04772
0477a
0478e
04883
048d5
048df
048f1
048f5
04a11
04aeb
04dad
04db4
04db8
04ea2
04f9e
04fa2
04fa6
04faa
04fae
04fb2
02be3
02bed
02bfa
02c06
02c0f
02ca7
02cbc
02cc3
02ccc
02e21
02e2f
02e3a
036a5
0379d
037f6
0381e
038a0
038b6
03a83
040cc
04182
041c5
041d5
042f0
042fc
0430e
043a4
043e5
043f0
04405
0446b
04510
04533
0453d
04554
04568
0456d
04608
046d6
046fe
04716
04794
047b5
047c9
048b8
048f7
0491a
0492c
04930
04a85
04dcf
04dd9
04ddd
04ebc
04f15
04fb5
04fb9
04fbd
04fc1
04fc5
02ab1
02abe
02ac6
02ad6
02adf
02c3d
02ce4
02cf9
02d00
02d09
02e66
02e73
02f1c
036cf
037df
03823
038af
038c8
03a14
03fba
04106
041b4
041cd
041d3
041eb
04206
04338
043de
0440a
0442b
0443b
044da
04562
04578
0457c
0459b
045a8
045ac
046f8
0471c
04739
04797
047cf
047f0
04804
04910
04951
04965
04969
04a03
04b59
04dfc
04e02
04e06
04edd
04fc8
04fcc
04fd0
04fd4
04fd8
04fdc
02af7
02aff
02b0f
02b18
02b20
02d1e
02d2c
02d3a
02d41
02e9b
02ea9
02eb4
036f3
03750
0382e
03856
038ca
038e0
03a2f
040c8
04154
04205
0420c
04219
04240
04254
0437c
0441e
04459
04464
04479
0458a
045ad
045b7
045c8
045de
045e3
04604
04613
04682
0474c
047e8
04827
04834
04847
0494b
0498a
049a0
049a4
04a37
04e1c
04e26
04e2a
04e44
04f4d
04fdf
04fe3
04fe7
04feb
04fef
02b2b
02b37
02b44
02b50
02b59
02cb6
02d58
02d6d
02d74
02d7d
02eda
02ee6
02f96
0371c
03768
0385b
038d9
038f2
03a3e
04001
0417f
04234
04246
0424d
04265
0427a
04327
0432d
04343
043b2
0446e
04496
044a3
044b4
044b8
045d6
045ec
045f0
0461f
0464d
0465f
0480d
04845
0486b
0487a
04914
049a8
049d0
049dd
049e1
04b30
04d60
04d67
04d6b
04e66
04ff2
04ff6
04ffa
04ffe
05002
05006
02b6f
02b79
02b86
02b92
02b9b
02c2d
02c42
02c49
02c52
02da7
02db5
02dc0
03657
03761
03866
0388d
038f4
0390a
03a59
0404f
04140
04279
04286
04299
042b4
042ca
04324
04369
04373
04391
043f7
044ab
044c1
044c5
044e0
044f1
044f5
04641
04665
0468d
04707
0485e
04897
048a4
048b9
049c1
049fb
04a12
04a16
04aa9
04d82
04d8b
04d8f
04e80
04f84
05009
0500d
05011
05015
05019
02d15
02d1f
02d2b
02d3a
02d41
02dca
02de3
02df0
02df8
02ea3
02f59
02f66
03173
03758
0382e
03891
0391c
03981
03ae4
040c8
0420f
0441c
04428
04435
0444e
0445c
044d2
044fd
04518
0452d
04595
04641
04665
0466d
04684
04699
0469f
0473e
04801
04827
0483f
048d4
048dc
048f0
049e5
04a33
04a3d
04a4f
04a53
04b67
04c0b
04e67
04e86
04e8a
04f4f
0501c
05020
05024
05028
0502c
05030
02d50
02d5b
02d6b
02d75
02d7d
02e15
02e25
02e31
02e3a
02f8e
02f9d
02fa8
036a9
03778
0386c
038b7
0391e
03934
03afb
04244
042f2
04332
04343
0445d
0446a
0447f
04512
04554
04560
04577
045d9
0467e
046a2
046ab
046c1
046d6
046dc
04776
0483c
04862
0487a
048f6
04917
0492b
04a1a
04a55
04a77
04a88
04a8c
04bbd
04dd3
04ea0
04ea6
04f68
04fb4
05033
05037
0503b
0503f
05043
02c20
02c2b
02c35
02c46
02c4d
02daf
02e52
02e62
02e6e
02e77
02fd3
02fe0
03088
03794
03866
038bb
0392d
03946
03a94
04140
0427d
04322
0433a
04341
0435a
04375
044a7
0454c
04578
04599
045a7
04646
046d0
046e6
046ea
04709
04717
0471b
0485e
04880
0489a
048f9
04931
04952
04966
04a6c
04aab
04abf
04ac3
04b59
04c5b
04ea3
04ec2
04ec6
04f86
05046
0504a
0504e
05052
05056
0505a
02c65
02c6d
02c7e
02c87
02c8f
02e8c
02e9a
02ea8
02eaf
03008
03017
03022
036f5
037b4
03881
038e1
03948
0395e
03aab
0423e
042c6
04374
0437a
0438b
043ae
043c7
044ea
0458c
045c8
045d4
045eb
046f8
0471c
04725
04736
0474a
04752
04772
0477f
047ec
048ae
0494a
04989
04996
049a9
04aa5
04ae2
04af8
04afc
04b8d
04e21
04edb
04ee1
04ef8
04fde
0505d
05061
05065
05069
0506d
02c9a
02ca5
02caf
02cc0
02cc8
02e28
02ec6
02ed8
02ee2
02eeb
03046
03054
030fe
037cf
037f6
038e5
03957
03970
03abc
04182
042f1
043a2
043b4
043bb
043d4
043e8
04495
0449c
044b1
04520
045dc
04604
04610
04623
04627
04744
0475a
0475e
0478b
047b7
047c9
0496f
049a7
049cd
049dc
04a70
04b00
04b26
04b33
04b37
04c3b
04e45
04e4b
04e4f
04f17
05070
05074
05078
0507c
05080
05084
02cdc
02ce7
02cf7
02d01
02d09
02d9b
02dab
02db7
02dc0
02f14
02f23
02f2e
0365b
0373c
03834
0390b
03972
03988
03ad3
041cc
042b3
043e7
043f4
0440a
04422
0443f
04492
044d7
044e1
04503
04565
04619
0462f
04633
0464d
04660
04664
047ad
047cf
047f5
0486b
049c0
049fa
04a06
04a1b
04b17
04b50
04b68
04b6c
04be1
04d84
04e64
04e6a
04f30
05008
05087
0508b
0508f
05093
05097
02e83
02e8c
02e97
02ea8
02eaf
02f38
02f52
02f5e
02f66
03004
030c3
030d0
032d5
0375b
0380b
0390f
0399a
039ff
03b57
03d9f
0423e
0437d
0458a
04596
045a3
045bc
045cb
04640
0466b
04686
0469d
04703
047ad
047cf
047d7
047ee
04801
04807
048a0
04963
04989
049a1
04a32
04a3a
04a4e
04b3b
04b89
04b94
04b98
04c0b
04c89
04f18
04f35
04f39
04fe0
0509a
0509e
050a2
050a6
050aa
050ae
02ebf
02ec9
02ed5
02ee3
02eeb
02f83
02f94
02f9f
02fa8
030f6
03105
03110
0371b
03825
038f0
03935
0399c
039b2
03b6d
03e14
043b2
0445f
044a2
044b1
045cc
045d8
045ed
04680
046c1
046ce
046e5
04747
047e8
0480a
04813
04827
0483c
04842
048d8
0499e
049c5
049dc
04a54
04a73
04a87
04b70
04b9c
04bbe
04bc2
04c35
04e9f
04f4e
04f53
04ff2
05032
050b1
050b5
050b9
050bd
050c1
02d8b
02d9a
02da3
02db4
02dbc
02f10
02fc0
02fd1
02fdc
02fe5
03139
03147
031ea
03797
03843
03939
039ab
039c4
03b0b
03e67
042b3
043ea
04490
044a9
044af
044c8
044e3
04614
046ba
046e6
04707
04717
047b2
04836
0484c
04850
0486d
0487b
0487f
049c0
049e2
049fd
04a57
04a8d
04aac
04ac0
04bb3
04be3
04bea
04bee
04cd1
04f50
04f6d
04f71
0500a
050c4
050c8
050cc
050d0
050d4
050d8
02dd3
02ddb
02de5
02df5
02dfd
02ffa
03009
03016
0301e
0316c
0317b
03186
03680
0385d
0389c
0395f
039c6
039dc
03b21
03c78
043ad
04434
044e2
044e8
044fd
0451c
04539
04658
046fa
04736
04742
04759
0485e
04880
04889
04897
048ac
048b4
048d4
048e1
0494e
04a10
04aa4
04ae1
04aee
04b01
04bdd
04c0d
04c14
04c18
04eda
04f85
04f8a
04f9e
0505c
050db
050df
050e3
050e7
050eb
02e05
02e13
02e1d
02e2e
02e36
02f8a
03034
03047
03050
03059
031a8
031b6
03260
037d2
0387a
03963
039d5
039ee
03b31
03cd1
042f2
0445e
04510
04522
04529
04542
04557
04603
0460a
04621
0468e
0474c
04772
0477c
0478f
04793
048a6
048bc
048c0
048ed
04919
0492b
04ac9
04aff
04b23
04b32
04bb7
04c1a
04c3c
04c40
04d19
04ef9
04efe
04f02
04fb6
050ee
050f2
050f6
050fa
050fe
05102
02e4b
02e55
02e5f
02e6f
02e77
02f09
02f1a
02f25
02f2e
03080
0308f
0309a
036ce
037ed
038c6
03989
039f0
03a06
03b47
03d46
04339
04420
04556
04562
04578
04590
045b2
04600
04645
0464e
04671
046d3
04785
0479b
0479f
047b7
047ca
047ce
0490f
04931
04957
049cd
04b16
04b4f
04b5c
04b71
04c31
04c5d
04c66
04c6a
04e63
04f16
04f1b
04fc8
05086
05105
05109
0510d
05111
05115
02ff1
02ffa
03007
03016
0301e
030a4
030bc
030c8
030d0
03168
03225
03232
0342b
0380c
038aa
0398d
03a18
03a7d
03ba6
03c7a
03d86
03d9f
043ad
044eb
046f8
04704
04711
0472a
04739
047ac
047d5
047f0
04805
04867
0490f
04931
04939
04950
04963
04969
04a02
04abd
04ae1
04af9
04b88
04b90
04b9d
04c63
04c8a
04c8e
04d3b
04fb7
04fcd
04fd1
0505e
05118
0511c
05120
05124
05128
0512c
0302d
03037
03044
03051
03059
030eb
030fc
03107
03110
03258
03267
03272
037d2
038bd
0396e
039b3
03a1a
03a30
03bb5
03cec
03df3
03e14
04520
045ce
0460f
04621
0473a
04746
0475b
047ea
04827
04834
0484b
048a9
0494a
0496c
04975
04989
0499e
049a4
04a36
04af6
04b1a
04b32
04b9b
04bba
04bc7
04c81
04cae
04cb2
04f4d
04fdf
04fe4
05070
050b0
0512f
05133
05137
0513b
0513f
02efb
02f07
02f13
02f22
02f29
0307c
03126
03137
03142
0314b
0329b
032a8
03348
03844
038d4
039b7
03a29
03a42
03b76
03d48
03e50
03e67
04420
04559
045fe
04616
0461d
04636
04650
04780
04822
0484c
0486b
0487b
04914
04998
049ae
049b2
049cf
049dd
049e1
04b16
04b38
04b52
04b9e
04bc5
04be4
04bf1
04cb6
04cd4
04cd8
04fe1
04ff7
04ffb
05088
05142
05146
0514a
0514e
05152
05156
02f40
02f49
02f54
02f63
02f6b
0315e
0316d
0317a
03182
032ce
032dd
032e8
0375b
038e7
0391a
039dd
03a44
03a5a
03b85
03c4a
03c78
03dba
0451b
045a2
0464f
04656
0466b
0468a
046a7
047c2
04860
04897
048a4
048bb
049c0
049e2
049eb
049fa
04a0e
04a16
04a32
04a3f
04aa8
04b66
04bdc
04c0a
04c13
04ccd
04cf6
04cfa
04f84
05009
0500e
0501c
050da
05159
0515d
05161
05165
05169
02f75
02f81
02f8d
02f9c
02fa3
030f2
03196
031a9
031b2
031bb
0330a
03318
033ba
0387b
038fe
039e1
03a53
03a6c
03b8e
03cab
03cd1
03e16
0445f
045cd
0467e
04690
04697
046b0
046c4
04771
04778
0478d
047f6
048ae
048d4
048de
048f1
048f5
04a08
04a1e
04a22
04a4b
04a76
04a87
04bf2
04c19
04c38
04c47
04cfe
04d1c
04d20
04f9f
04fa4
04fa8
05034
0516c
05170
05174
05178
0517c
05180
02fb8
02fc3
02fce
02fdd
02fe5
03075
03086
03091
0309a
031e2
031f1
031fc
03797
03893
03944
03a07
03a6e
03a84
03b9d
03d18
03d46
03e82
044a8
0458f
046c3
046d0
046e6
046fe
04721
0476e
047b1
047b8
047db
04839
048e7
048fd
04901
04919
0492c
04930
04a6b
04a8d
04ab1
04b23
04c30
04c5a
04c65
04d15
04d3c
04d40
04f15
04fb5
04fba
05046
05104
05183
05187
0518b
0518f
05193
03155
0315e
0316b
0317a
03182
03206
0321e
0322a
03232
032ca
03381
0338e
03536
038ab
03928
03a0b
03a92
03af8
03be3
03c3a
03c5c
03c6b
03c7b
03c87
03c8b
03d8c
03ed0
0451b
04659
0485e
04868
04875
0488e
048b0
0490f
0493e
04954
0496e
049d5
04a7e
04a93
04a97
04aae
04ac1
04ac5
04bdc
04bef
04c1e
04c85
04c93
04d3b
04fca
0504a
0504e
050da
0511a
05199
0519d
051a1
051a5
051a9
0318e
03199
031a6
031b3
031bb
0324d
0325e
03269
03272
033b2
033c1
033cc
0387b
0393b
039ec
03a31
03a97
03aac
03bf2
03c8c
03cc3
03cd2
03ce2
03cee
03cf2
03df3
03fc8
0468e
0473c
0477c
04799
0489d
048aa
048c3
0496c
0498a
049a0
049fe
04a36
04ab7
04acd
04ad1
04aec
04afa
04afe
04c06
04c19
04c48
04c92
04cb7
04ef9
0505c
05061
05065
0512d
051ab
051af
051b3
051b7
051bb
03069
03073
0307f
0308e
03096
031de
03288
03299
032a4
032ad
033f3
03400
0348f
038d5
03952
03a35
03aa8
03aba
03bbb
03ca1
03d1a
03d35
03d45
03d52
03d57
03e50
03f5a
0458f
046c6
0476c
04782
04789
047a2
047c8
048e3
04985
049b4
049cf
049e6
04add
04aff
04b08
04b1a
04b2f
04b35
04bb6
04c3a
04c64
04c95
04cb6
04cdb
04ff4
05074
05078
05104
05144
051c1
051c5
051c9
051cd
051d1
030aa
030b3
030be
030cd
030d5
032c0
032cf
032dc
032e3
03424
03433
0343e
0380c
03965
03998
03a5b
03abf
03ad4
03bca
03c4a
03d5a
03d8e
03da0
03db0
03dbc
03dc0
03f9f
04688
04710
047b9
047c0
047d5
047f4
04810
04925
049e2
049fb
04a12
04aa8
04b29
04b3f
04b43
04b5a
04b6a
04b6e
04b94
04be1
04c63
04ccd
04cf7
04f31
05086
0508b
0508f
05157
051d3
051d7
051db
051df
051e3
030df
030e9
030f5
03104
0310c
03254
032f8
0330b
03314
0331d
03460
0346e
034e3
038ff
0397c
03a5f
03ad0
03ae2
03bcf
03cab
03d6f
03de4
03e03
03e13
03e20
03e25
03eee
045ce
0473b
047e8
047f8
047ff
04818
0483e
048d4
048dc
048f1
04959
04a1e
04a38
04a4b
04a51
04aea
04b66
04b76
04b84
04b9b
04bca
04cdd
04cfe
04d25
04fa0
05021
05025
050b0
0516e
051e9
051ed
051f1
051f5
051f9
0311e
03129
03134
03143
0314b
031d7
031e8
031f3
031fc
03340
0334f
0335a
03844
03911
039c2
03a85
03ae7
03afc
03bde
03d18
03e28
03e58
03e68
03e78
03e85
03e89
04023
04615
046fc
04829
04836
0484c
04864
04886
048f6
04915
0492a
0498d
04a2e
04a54
04a5d
04a71
04a84
04a8a
04b23
04bbc
04be8
04c35
04d15
04d3d
04f69
05032
05037
0503b
05181
051fb
051ff
05203
05207
0520b
032b8
032c0
032cd
032dc
032e3
03362
0337a
03386
0338e
03420
034b9
034c7
03614
03929
039a6
03a88
03b09
03b6a
03c1f
03c3a
03c46
03c56
03c7d
03e0d
03e66
03e7d
03ea7
03ebe
03ed1
03ed5
04024
0410f
047bc
049bf
049c9
049d5
049ea
049fd
04a6b
04a9a
04aae
04ac8
04b2b
04bc5
04bcd
04be2
04bea
04bee
04ccc
04cd9
04d02
05008
050c5
050ca
050ce
05196
05210
05214
05218
0521c
05220
032f1
032fb
03308
03315
0331d
033a7
033b8
033c3
033cc
034db
034ea
034f5
038ff
039b9
03a6a
03aad
03b0e
03b22
03c2e
03c6a
03c8c
03cad
03cbd
03ce4
03e6e
03e9c
03eec
03f02
03f16
03f1a
040b0
046bf
047fe
048d6
048ef
049fe
04a0a
04a1f
04ac6
04ae2
04af8
04b53
04b8c
04bef
04bf8
04c0c
04c14
04c18
04cf4
04d1a
04e1e
0505d
050dd
050e1
0516d
05221
05225
05229
0522d
05231
031cb
031d5
031e1
031f0
031f7
0333c
033e0
033f1
033fc
03405
0350d
0351a
03585
03953
039d0
03ab0
03b1e
03b2f
03bf7
03c72
03ca1
03cdf
03d11
03d19
03d32
03d55
03f0a
03f38
03f51
03f5d
04007
04185
0482b
048cd
048e2
048e9
048fe
0491c
04a40
04add
04b0c
04b25
04b3c
04c06
04c20
04c24
04c3a
04c40
04d14
04d21
04d46
04fb4
050ef
050f4
050f8
051be
05236
0523a
0523e
05242
05246
0320c
03215
03220
0322f
03237
03416
03425
03432
03439
0352f
0353e
03549
038ab
039e3
03a16
03ad5
03b34
03b48
03c06
03cf6
03d38
03d5a
03d85
03d8d
03db2
03ea6
03f53
03f81
03f96
03fa2
04045
04734
04873
04911
04920
04931
04954
04971
04a80
04b38
04b50
04b68
04be0
04c43
04c4c
04c5c
04c66
04c6a
04c8a
04d39
04d94
05087
05107
0510b
05119
05247
0524b
0524f
05253
05257
03241
0324b
03257
03266
0326e
033ae
0344e
03461
0346a
03473
0355c
0356b
035cd
0397d
039fa
03ad8
03b44
03b55
03c0b
03d40
03d6f
03dad
03de4
03df0
03e00
03e23
03f71
03fbe
03fd2
03fe5
03fe9
0416d
0489b
04949
04958
0495f
04974
0498c
04a32
04a3a
04a4f
04ab3
04b74
04b8e
04b96
04b9a
04c62
04c72
04c80
04c91
04cba
04fde
0509c
050a1
05107
051e6
0525c
05260
05264
05268
0526c
03280
0328b
03296
032a5
032ad
03335
03346
03351
0335a
03487
03496
034a1
038d5
0398f
03a40
03afd
03b5a
03b6e
03c1a
03dc4
03e06
03e28
03e4f
03e57
03e7a
03f30
03fdd
04005
0401a
04027
040c5
0464b
04788
04987
04990
049a7
049c5
049e7
04a54
04a71
04a86
04ae5
04b84
04ba2
04ba6
04bbc
04bc2
04c34
04cac
04cd2
04dd0
05033
050b3
050b7
05143
0526d
05271
05275
05279
0527d
026fe
0340d
03416
03423
03432
03439
034a9
034b7
034c2
034cb
035a1
035af
035bb
0370a
039a7
03a24
03aff
03b74
03bb2
03cd4
03d06
03d4e
03d73
03d99
03dbb
03e56
03e75
03ea7
03ebe
03ed1
03fec
04042
0404d
04060
04064
0419a
04280
0491e
04b16
04b20
04b2d
04b46
04b68
04bb4
04be0
04bea
04caa
04cbc
04cc0
04cd5
04cdf
04dfd
04e0b
04e0f
05131
05147
0514b
0520e
05283
05287
0528b
0277b
03446
03451
0345e
0346b
03473
034dc
034e9
034f0
03551
035cd
035da
0372b
0397d
03a37
03ae1
03b23
03b79
03b86
03c4a
03c78
03d41
03dae
03dba
03de1
03e1d
03e9e
03eec
03f02
03f16
0402b
04073
0408c
040a7
040ab
04216
047f8
04960
04a3c
04a59
04b55
04b62
04b7b
04bf6
04c0e
04c1f
04cdc
04ce3
04cf6
04cfb
04e1e
04e2f
04e33
050da
05159
0515e
051e6
0528d
05291
05295
02562
03329
03333
0333f
0334e
03355
03483
03506
03513
0351a
035e9
035f8
03603
0366e
039d1
03a4e
03b25
03b82
03b8c
03cab
03cd1
03da2
03dd4
03e19
03e3f
03e61
03e84
03ed8
03f1b
03f38
03f51
04081
040c3
040db
040e0
04184
042f4
0498d
04a2e
04a42
04a49
04a62
04a86
04c08
04c34
04c3e
04cf2
04d05
04d09
04d1d
04d27
04d61
04d6f
04d73
0515b
05171
05175
05234
0529b
0529f
052a3
025e6
03369
03371
0337c
0338b
03393
03527
03537
03540
03549
03614
03622
03691
03929
03a61
03a91
03b49
03b91
03b9e
03c55
03c66
03d11
03d37
03d80
03e10
03e81
03f07
03f2e
03f78
03f8d
03fa0
040c0
04104
0411a
0411f
041be
04868
049d5
04a78
04a7e
04a93
04ab0
04acc
04c4a
04c5e
04c6f
04d23
04d2b
04d3c
04d41
04d83
04d94
04d98
05104
05183
05188
05196
052a5
052a9
052ad
02630
0339b
033a5
033b1
033c0
033c7
034d7
03558
03563
0356b
0362f
0363c
03647
036bc
039fb
03a78
03b4b
03b9a
03ba4
03c34
03c84
03cbc
03ccd
03d85
03d9e
03de7
03e71
03f62
03fa5
03fc6
03fdb
04084
04130
0414c
0415c
04160
042cc
049fe
04aa4
04ab4
04abb
04ad4
04af8
04b8a
04b94
04c62
04c86
04c8d
04c97
04d49
04d4d
04daf
04dbd
04dc1
05119
0511e
05122
0525a
052b3
052b7
052bb
026b4
033d8
033e3
033ee
033fd
03405
03488
03495
0349d
03501
03585
03592
036df
03953
03a0d
03ab9
03b6f
03ba9
03bb6
03c74
03ce1
03cf3
03d25
03d4c
03df2
03e13
03f91
03fb8
03ffe
04011
04025
0413e
0417d
04192
04197
04238
04782
048ea
04ae3
04af0
04b06
04b1c
04b3e
04ba2
04bba
04bd1
04c94
04c9b
04cae
04cb3
04dd0
04de2
04de6
050b0
0512f
05134
051be
052bd
052c1
052c5
025c3
025cb
025d2
025e6
025ef
028c6
03527
03538
03542
035a2
035ae
035b7
03609
037c7
03a25
03aa1
03b71
03bbc
03bed
03c9f
03cc6
03cd4
03cdc
03cf5
03cfa
03d24
03d3a
03d4b
03d56
03d73
03e55
03f2c
03f5a
03f7c
03fa0
04042
0404c
0405f
04170
041bb
041ca
041dd
041e1
04306
043f1
04a80
04c32
04c51
04ca8
04cc2
04cdf
04de9
04ebb
04eca
05104
051bf
051c4
05247
052c9
052cd
052d1
0262d
02636
02647
02651
02659
0291b
03558
03565
0356c
035cb
035d6
035df
037dd
039fb
03ab2
03b54
03b87
03bc0
03bcb
03c4a
03d0f
03d36
03d3f
03d4f
03d5f
03d7c
03d9e
03dae
03db9
03dbf
03ea6
03f71
03f9f
03fc3
03fe5
04073
0408b
040a6
041a9
041db
04207
04221
04225
0438a
04ab2
04b55
04ba0
04c71
04cd9
04cf8
04dfe
04e22
04ee5
04ee9
05159
051d6
051da
0528c
052d5
052d9
02691
02699
026a0
026b4
026bd
027b2
0347f
03490
0349a
03578
035ef
035fa
03603
0374f
03a4f
03ac9
03b89
03bc5
03bd0
03cab
03d6d
03d94
03da2
03daa
03dc3
03dc8
03df5
03e08
03e1d
03e24
03e3f
03f8e
03fdd
03ffd
04018
04074
040b2
040ca
040dd
041f8
0423b
04253
04259
042f5
04465
04ae6
04b86
04ba9
04cf0
04d0a
04d27
04e1c
04e42
04e52
050b0
051e7
051ec
0526d
052dd
052e1
052e5
026fb
02704
02715
0271f
02727
0280d
034b2
034c0
034c9
0360e
0361b
03622
03766
039a7
03ada
03b08
03b9f
03bd4
03bdf
03d12
03dd4
03dfb
03e09
03e11
03e29
03e2f
03e57
03e69
03e7a
03e86
03ea2
03eb3
03ed1
03fd4
04024
040c0
04104
04118
0412f
04235
0427b
0428e
04296
0432f
04a7c
04b2c
04bcb
04bf4
04d21
04d3e
04d6c
04d85
04e6e
04e72
05183
051fe
05202
052a4
052e9
052ed
02759
02761
02768
0277b
02785
0283c
034d3
034e4
034ee
035c0
03635
0363e
03647
0378b
03a79
03af1
03ba1
03bd9
03be4
03c38
03c4f
03c6b
03c7b
03c87
03c8b
03d86
03e4d
03e68
03e70
03e7f
03e8f
03ec9
03ef5
03f0d
03f83
040f2
04130
0414d
0415b
041fc
04292
042c0
042d1
042d5
04441
04b54
04bde
04bfd
04c84
04c93
04d4e
04d9c
04e7f
04e8e
050da
05199
0519d
05221
052f1
052f5
052f9
0255f
02568
02579
02583
0258b
02897
03506
03515
0351c
03583
0358e
03597
037a2
039d1
03a8a
03b2e
03bb7
03be8
03bf3
03c40
03c68
03c71
03c81
03c91
03cb3
03cd0
03ce0
03ceb
03cf1
03ded
03ebf
03f0a
03f38
03f4f
03fc8
0413e
0417d
04190
041a8
042af
042ef
04302
0430a
043a9
04a40
04ae7
04c20
04c48
04c91
04cb0
04dad
04dd4
04eaa
04eae
0512f
051ae
051b2
052bc
052fd
05301
0259b
025a3
025d9
025e7
025ef
02706
027f7
0280a
02812
02a54
03610
0361f
03627
0386e
03a66
03b16
03b9f
03bf8
03c29
03c9e
03ca8
03ce7
03d11
03d19
03d2a
03d5b
03dfd
03e10
03efe
03f08
03f1c
03f21
03f39
03f59
03f5f
040c0
040f1
04118
04184
041be
041ca
041e9
04306
04330
04344
04350
043f1
044bf
04d14
04d29
04d47
04d64
04de1
04f67
04f76
051bf
05238
0523c
05305
05309
0530d
02605
0261d
02648
02652
02659
02772
0284a
02854
0285c
0362e
0363b
03642
03884
03a73
03ab6
03b2c
03bc9
03bfc
03c07
03d07
03d15
03d62
03d85
03d8d
03db4
03e46
03e6b
03ea9
03f43
03f4d
03f61
03f66
03f84
03f9e
03fa4
040ff
04130
04157
041b4
041fb
04207
04227
04323
0436d
04381
04393
0442e
0459a
04c8a
04d48
04d88
04daa
04ece
04f8f
04f93
05249
0524d
052b1
05311
05315
0256a
02676
0267e
026a7
026b5
026bd
02881
02894
0289c
02958
03580
0358f
03597
037fe
03a12
03b3c
03bb7
03c01
03c0c
03c5b
03c6e
03d6c
03d83
03db5
03de4
03df0
03df8
03e2b
03f71
03f8e
03f99
03fa9
03fbf
03fda
03fe7
04084
04161
04180
041a4
041f7
04238
04243
04263
04385
043af
043c5
043cc
04538
04c80
04c99
04cc1
04db1
04e2e
04ef6
04f06
051e7
0525e
05262
05319
0531d
05321
025dc
026e1
026eb
02716
02720
02727
028d4
028de
028e6
035a0
035ae
035b7
03815
03a1f
03ade
03b52
03bdd
03c10
03c1b
03cc8
03cdb
03dd5
03df1
03e30
03e49
03e55
03e7c
03f33
03fcd
03fd7
03feb
03ff0
04008
04022
04029
04050
0406f
04195
0421b
04250
04280
0428e
0432f
043c2
043f2
04403
04409
04576
04cb5
04cd2
04d6c
04dd1
04e56
04f20
04f24
0526f
05273
05281
05325
05329
02638
02740
02748
0276f
0277d
02785
02905
02919
02920
029d6
035c8
035d7
035df
03836
03a3c
03b62
03b87
03c15
03c20
03c38
03c45
03c4d
03c7d
03d26
03d3b
03ddb
03e53
03e91
03ea7
03ec5
03ed2
03f80
04012
0401d
0402d
0403c
04073
0409a
0410e
04271
042b4
042c1
042dd
043e0
04423
0443a
04444
044da
04ccc
04ce1
04d03
04df6
04e09
04f2f
04f3e
05197
05213
0526f
0532d
05331
05335
02537
0254f
0257a
02584
0258b
026aa
027c0
027ca
027d2
035e8
035f7
035fe
0384d
03a49
03a8e
03b06
03bf1
03c24
03c2f
03c40
03c68
03ca3
03cb0
03cbd
03cee
03d93
03da8
03e9c
03ebf
03eca
03eda
03eef
03f0e
03f18
03fc8
040a7
040ce
040ed
0429b
042cd
042f4
04302
043a9
0443e
04466
04477
0447d
045ea
04cfd
04d1a
04dad
04e1e
04e92
04f58
04f5c
05223
05227
05299
05339
0533d
03c7e
03c88
03c96
03e80
03e91
03ed0
03ede
03f83
04013
04017
0402d
040e7
040f4
0412e
049d4
049d8
04a6e
04a94
04a9b
04bc9
04bd5
04d2b
04d8e
04d9d
04da1
04e94
04f42
0519b
051a2
05217
052a7
052f2
0532d
05340
05344
05348
0534c
05350
05354
05358
0535c
05360
05364
05368
0536c
05370
05374
05378
0537c
05380
05384
05388
0538c
05390
05394
05398
0539c
053a0
053a4
053a8
053ac
03c83
03c94
03ce5
03cef
03cfd
03ec2
03ed8
03ee0
03f18
03fc6
03fca
04131
0415d
04172
04a0b
04aa5
04ac7
04ad0
04ad6
04bf9
04d44
04d51
04dbd
04dc6
04eab
04f58
04faa
051b4
05225
0522c
052fa
052fe
05339
05342
053ad
053b1
053b5
053b9
053bd
053c1
053c5
053c9
053cd
053d1
053d5
053d9
053dd
053e1
053e5
053e9
053ed
053f1
053f5
053f9
053fd
05401
05405
05409
0540d
05411
03ce8
03cf7
03cff
03d54
03d5b
03f05
03f09
03f1f
03f5a
03f68
04007
04165
04174
041a6
048e8
048ec
04ae0
04b07
04b0d
04c1d
04c29
04c9b
04ddc
04deb
04def
04ed0
04f7a
051c3
051ca
0523d
052bf
052ca
05305
053ad
053b1
05416
0541a
0541e
05422
05426
0542a
0542e
05432
05436
0543a
0543e
05442
05446
0544a
0544e
05452
05456
0545a
0545e
05462
05466
0546a
0546e
05472
05476
0547a
03d51
03d62
03db3
03dbd
03dcb
03ea9
03f4a
03f4e
03f64
03f9f
03fad
04071
0419e
041ad
04925
04b17
04b39
04b42
04b48
04c4d
04cb9
04cc5
04e0b
04e14
04ee6
04f8f
04fd4
051dc
0524b
05252
052d2
052d6
05311
05416
0547b
0547f
05483
05487
0548b
0548f
05493
05497
0549b
0549f
054a3
054a7
054ab
054af
054b3
054b7
054bb
054bf
054c3
054c7
054cb
054cf
054d3
054d7
054db
054df
03db6
03dc5
03dcd
03e22
03e2b
03eec
03ef0
03f91
03fa7
03faf
03fe7
04069
04078
040b0
0495e
04962
04a35
04b75
04b7b
04c6c
04c79
04ce3
04e29
04e38
04e3c
04e58
04f0a
051eb
051f2
05263
0528f
052de
05319
0547b
0547f
054e4
054e8
054ec
054f0
054f4
054f8
054fc
05500
05504
05508
0550c
05510
05514
05518
0551c
05520
05524
05528
0552c
05530
05534
05538
0553c
05540
05544
05548
03e1c
03e30
03e7b
03e86
03e95
03f33
03fd4
03fd8
03fee
04023
04033
040b3
040df
040f6
0499b
04a2f
04a55
04a5e
04a64
04ba5
04d01
04d0d
04d6f
04d78
04e6f
04f20
04ffe
05204
05271
05278
052e6
052ea
05325
05348
054e2
054e6
0554b
0554f
05553
05557
0555b
0555f
05563
05567
0556b
0556f
05573
05577
0557b
0557f
05583
05587
0558b
0558f
05593
05597
0559b
0559f
055a3
055a7
03d2d
03d31
03e2f
03ec6
03ed1
03ee2
04020
0402f
04061
04076
0410f
0419e
041ad
04266
04291
042a5
04b2c
04bb3
04bc6
04bd0
04bd7
04cbe
04e03
04e12
04e16
04e70
04e78
04f3c
04fd4
05212
05219
052e6
0532d
0534c
05350
05354
05358
0535c
05482
05486
0548a
05549
055ac
055b0
055b4
055b8
055bc
055c0
055c4
055c8
055cc
055d0
055d4
055d8
055dc
055e0
055e4
055e8
055ec
055f0
055f4
03d96
03e8b
03e97
03ecd
03edc
03f0e
03f16
03f27
04074
040a8
040b5
0414e
0429c
042a7
042d3
04b5f
04b63
04bdf
04bf7
04bfd
04cdd
04ce9
04e31
04e3a
04e87
04e93
04e98
04f5e
05028
0522a
0528f
052f5
05339
053b3
053b7
053bb
053bf
053c3
054e9
054ed
054f1
055aa
055ae
055f7
055fb
055ff
05603
05607
0560b
0560f
05613
05617
0561b
0561f
05623
05627
0562b
0562f
05633
05637
03c8f
03c9a
03dfd
03f0b
03f1b
03f29
03f52
03f5f
040a0
040b7
040ef
04185
04189
042e0
04305
04319
04a48
04c07
04c1a
04c25
04c2b
04d07
04d67
04d76
04d7a
04eac
04eb4
04f74
04ffe
05238
0523f
052fa
05305
053c6
0541c
05420
05424
05428
0542c
0554e
05552
05556
055f7
0563a
0563e
05642
05646
0564a
0564e
05652
05656
0565a
0565e
05662
05666
0566a
0566e
05672
05676
0567a
0567e
03cfa
03e5c
03e60
03f57
03f66
03f95
03fa0
03fb1
04047
040e7
040f4
0412e
041da
041ee
04317
04a7f
04a83
04c33
04c4b
04c51
04d24
04d31
04d96
04d9f
04ec3
04ecf
04ed4
04f95
05052
05250
052a7
052cd
05311
05363
05367
0536b
0542e
05491
05495
05499
0549d
0563a
0563e
05681
05685
05689
0568d
05691
05695
05699
0569d
056a1
056a5
056a9
056ad
056b1
056b5
056b9
056bd
056c1
03c5f
03c63
03d61
03f99
03fa5
03fb3
03fdc
03fe9
04084
04088
04131
0415d
04172
041ec
04217
0422b
04aba
04b89
04c63
04c75
04c7b
04d4b
04db5
04dc4
04dc8
04ee7
04eef
04f04
04faa
0525e
05265
052d2
05319
053c8
053cc
053d0
053d4
054f6
054fa
054fe
05502
05506
05681
056c4
056c8
056cc
056d0
056d4
056d8
056dc
056e0
056e4
056e8
056ec
056f0
056f4
056f8
056fc
05700
05704
05708
03cc8
03dc4
03dcf
03fe0
03ff0
04019
04025
04037
040c5
04165
04174
041a6
0421c
0422d
04259
04af1
04af5
04b87
04ba3
04ba9
04c95
04ca1
04de4
04ded
04e4b
04e57
04e5c
04f26
0507c
05276
052bf
052e1
05325
05431
05435
05439
05509
0555b
0555f
05563
05567
055b0
055b4
056c6
05709
0570d
05711
05715
05719
0571d
05721
05725
05729
0572d
05731
05735
05739
0573d
05741
05745
03cd9
03cdd
03cfa
03f42
03f46
03fee
0405e
0406d
0407a
041a0
041a7
041da
041ee
04283
04310
0431b
043d0
04404
04413
04cab
04cbc
04cc3
04e03
04e12
04e16
04eca
04ed2
04f1a
04f25
04f2a
05052
05283
052cd
0542d
05483
05487
0548b
054a4
054a8
055b7
055bb
05688
0568c
05748
0574c
05750
05754
05758
0575c
05760
05764
05768
0576c
05770
05774
05778
0577c
05780
05784
05788
0578c
03d42
03d5d
03d68
03f89
0402b
04031
0406b
04073
040a5
040ad
040b9
041ec
04217
0422b
042c0
04401
04415
04444
04ccd
04cda
04ce5
04ceb
04e31
04e3a
04ee0
04eec
04ef1
04f3d
04f44
04fe9
050a6
052d2
0532d
054a1
054ea
054ee
054f2
0550b
0550f
055fe
056cb
056cf
056d3
0574a
0578d
05791
05795
05799
0579d
057a1
057a5
057a9
057ad
057b1
057b5
057b9
057bd
057c1
057c5
057c9
03da7
03dab
03dc8
03ed8
03ee0
03fce
0409d
040ac
040bb
040e1
040f0
0421c
0422d
04259
042f5
042f9
0444a
04478
04487
04cf3
04d05
04d0b
04d67
04d76
04d7a
04e52
04e5a
04f52
04f5d
04f62
0507c
0529b
052e1
053b3
0554b
0554f
05553
05557
0556e
05641
05645
0570c
05710
0578d
05791
057ce
057d2
057d6
057da
057de
057e2
057e6
057ea
057ee
057f2
057f6
057fa
057fe
05802
05806
0580a
03e10
03e2a
03e36
03f1f
0400b
0400f
040e9
040f1
0411b
0412a
04137
041c1
0425f
04268
04296
0434d
0435c
04481
04d15
04d22
04d2d
04d33
04d96
04d9f
04e69
04e75
04e7a
04f75
04f7c
05013
050d0
052e6
05305
05363
05367
0536b
0536f
05373
0554a
055bf
055c3
05690
05694
057ce
0580b
0580f
05813
05817
0581b
0581f
05823
05827
0582b
0582f
05833
05837
0583b
0583f
05843
05847
03e6f
03e73
03e90
03eb8
03ebc
03f64
04123
0412b
04139
0415f
0416e
041fc
04200
042a3
042ce
042e2
04356
0438a
04399
04c87
04d49
04d4f
04db5
04dc4
04dc8
04e8e
04e96
04f89
04f94
04f99
05028
052b3
052f5
0535f
053ca
053ce
053d2
053d6
053da
05602
05606
0560a
056d7
0580b
0580f
0584c
05850
05854
05858
0585c
05860
05864
05868
0586c
05870
05874
05878
0587c
05880
05884
05888
03c74
03c8f
03c9a
03eff
03fa7
03faf
04167
0416f
04193
041a2
041b1
0423b
042d9
042e4
0430a
04387
0439b
043ca
04c81
04c92
04c9d
04ca3
04de4
04ded
04ea5
04eb1
04eb6
04f05
04f0c
04fbf
050fa
052fa
05319
0542f
05433
05437
0543b
0543f
054f6
05649
0564d
05714
05718
05750
0584a
0584e
0588b
0588f
05893
05897
0589b
0589f
058a3
058a7
058ab
058af
058b3
058b7
058bb
058bf
03ca0
03ce8
03cf7
03cff
03f07
03f1d
03f25
040d6
04165
04174
041dc
041e9
04306
04313
0431d
04350
043ef
043f3
04481
04537
04544
04576
04ddd
04df0
04eca
04ed2
04f6e
04f79
04f7e
04fc0
05051
0518c
052cd
053ad
0542d
05685
05689
0568d
05697
0569b
05757
05812
05816
0581a
058c4
058c8
058cc
058d0
058d4
058d8
058dc
058e0
058e4
058e8
058ec
058f0
058f4
058f8
058fc
05900
05904
03d09
03d51
03d62
03f4a
03f4e
03f64
04113
04117
041a9
041db
041e8
041f4
04220
04227
0434a
0435e
04393
0442c
04430
0457b
045a9
045be
04e12
04ee0
04eec
04ef1
04f90
04f97
04fce
04fd7
050e4
052d2
0530f
05481
054a1
056cc
056d0
056d4
056de
05794
05798
05853
05857
058c2
058c6
05907
0590b
0590f
05913
05917
0591b
0591f
05923
05927
0592b
0592f
05933
05937
0593b
0593f
03d6e
03db6
03dc5
03dcd
03f91
03fa7
03faf
04074
04152
04156
0421a
04228
04254
0425a
0426c
0438e
043c6
043d8
04465
045b0
045c0
045ea
04e2a
04e3d
04e52
04e5a
04efe
04f09
04f0e
04fea
0507b
05138
052e1
0547b
054f5
05709
0570d
05711
0571b
0571f
057d5
0588a
0588e
05892
05907
05942
05946
0594a
0594e
05952
05956
0595a
0595e
05962
05966
0596a
0596e
05972
05976
0597a
0597e
03dd7
03e1c
03e30
03fd4
03fd8
03fee
040a0
040b7
0418d
04252
04262
0426e
04293
042a0
0432d
04331
043d0
04404
04413
044bf
045e7
045f7
04d76
04e69
04e75
04e7a
04f21
04f28
04ff8
05001
0510e
052e6
05323
05549
05558
055be
055c2
055c6
055ca
0575b
0575f
05763
0581e
05942
05946
05981
05985
05989
0598d
05991
05995
05999
0599d
059a1
059a5
059a9
059ad
059b1
059b5
059b9
03c39
03e7e
03e8d
03e93
04015
0402b
04031
04058
040e7
040f4
0429a
042a2
042ca
042d4
042e6
0436c
04401
04415
04444
044bd
044cc
044fc
04d8f
04da2
04e8e
04e96
04f36
04f41
04f46
05014
05027
05162
052f5
05346
0535f
05601
05605
05609
0560d
05611
0579c
057a0
0585b
0585f
05981
059bc
059c0
059c4
059c8
059cc
059d0
059d4
059d8
059dc
059e0
059e4
059e8
059ec
059f0
059f4
059f8
03c35
03c83
03c94
03ec0
03ec4
03eda
04095
04099
04131
042cf
042dc
042e8
04307
04314
043a7
043ab
0444a
04478
04487
04500
0452f
04546
04dc4
04ea5
04eb1
04eb6
04f59
04f60
04fa4
04fad
050ba
052fa
05337
053b3
053c8
05648
0564c
05650
05654
057d9
057dd
057e1
05896
058c8
058cc
059be
059f9
059fd
05a01
05a05
05a09
05a0d
05a11
05a15
05a19
05a1d
05a21
05a25
05a29
05a2d
03dfb
03dff
03eea
03f12
03f21
040a0
040b7
0424c
042d9
042e4
04346
04352
0446f
04483
0448b
044bf
0455d
04561
045ef
046a6
046b2
046dc
04d68
04d7b
04eb3
04f6e
04f79
04f7e
04fff
05036
0503f
050d0
05208
0541a
055f5
05811
05815
05819
05823
05827
058d1
05986
0598a
0598e
05a32
05a36
05a3a
05a3e
05a42
05a46
05a4a
05a4e
05a52
05a56
05a5a
05a5e
05a62
05a66
05a6a
05a6e
05a72
03e5e
03f2d
03f54
03f60
03f6e
040f2
04287
0428b
04317
04348
04358
04362
04383
04395
044bd
044cc
044fc
0459a
0459e
046e9
04714
0472c
04d9d
04ec4
04ed5
04f90
04f97
0500d
05016
05051
05056
05163
0530f
0548e
05685
05852
05856
0585a
05864
0590c
05910
059c5
059c9
05a30
05a34
05a75
05a79
05a7d
05a81
05a85
05a89
05a8d
05a91
05a95
05a99
05a9d
05aa1
05aa5
05aa9
05aad
03c5f
03c63
03f74
03f9c
03fab
04126
04135
041ec
042c4
042c8
0438c
04397
043be
043c8
043da
04500
0452f
04546
045d3
0471f
0472e
04752
04db6
04dc9
04eee
04efe
04f09
04f0e
04fab
05060
05069
050fa
051b8
053c8
0567f
05889
0588d
05891
0589b
0589f
0594b
059fa
059fe
05a02
05a75
05ab0
05ab4
05ab8
05abc
05ac0
05ac4
05ac8
05acc
05ad0
05ad4
05ad8
05adc
05ae0
05ae4
05ae8
05aec
03cc8
03fb7
03fde
03fea
03ff8
04170
0421c
0422d
042fd
043c2
043d2
043dc
043fd
04409
0449b
0449f
0453e
0456c
04581
04625
04756
04765
04deb
04e4c
04e5d
04f21
04f28
04fb9
04fc2
0507b
05080
0518d
05323
05558
05709
0575c
05760
05764
05768
058d5
058d9
058dd
05992
05ab0
05ab4
05aef
05af3
05af7
05afb
05aff
05b03
05b07
05b0b
05b0f
05b13
05b17
05b1b
05b1f
05b23
05b27
03d2d
03d31
03ea5
04020
0402f
0419e
041ad
041d2
0425f
04268
0440b
04411
0443a
04442
04454
044da
04574
04583
045b3
0462c
0463a
04662
04e04
04e17
04e77
04f36
04f41
04f46
04fd5
0508a
05093
050a6
051e0
0534c
055b0
05799
0579d
057a1
057a5
057a9
05914
05918
059cd
059d1
05aef
05b2a
05b2e
05b32
05b36
05b3a
05b3e
05b42
05b46
05b4a
05b4e
05b52
05b56
05b5a
05b5e
05b62
05b66
03d96
03e9d
03eca
03ed6
03ee4
04074
0420d
04211
042a3
0443e
0444c
04456
04475
0447d
04515
04519
045b8
045e2
045f5
0466e
0469a
046b4
04e38
04e88
04e99
04f59
04f60
04fe3
04fec
05027
0502c
05139
05337
054e9
05601
057da
057de
057e2
057e6
0594f
05953
05957
05a06
05a36
05a3a
05b2c
05b67
05b6b
05b6f
05b73
05b77
05b7b
05b7f
05b83
05b87
05b8b
05b8f
05b93
05b97
05b9b
03fcc
03fd0
04082
040a2
040b2
0421c
0422d
043ba
04438
04452
044b7
044c0
045dd
045f1
045f9
04625
046cb
046cf
0475d
0480e
0481a
04842
04d68
04d7b
04e59
04f53
04f63
04fff
05075
0507e
050b5
050be
051cb
0554c
0578d
05985
05989
0598d
05997
0599b
05a3f
05af4
05af8
05afc
05ba0
05ba4
05ba8
05bac
05bb0
05bb4
05bb8
05bbc
05bc0
05bc4
05bc8
05bcc
05bd0
05bd4
05bd8
05bdc
05be0
0400d
040bf
040e4
040ec
040fa
04266
043f5
043f9
04481
044ba
044c6
044d0
044f4
04503
0462c
0463a
04662
04708
0470c
0484f
04878
04890
04d9d
04e6a
04e7b
04f7b
0500d
05016
05090
05095
050d1
05162
0521a
055bc
05811
059c4
059c8
059cc
059d6
05a7a
05a7e
05b33
05b37
05b9e
05ba2
05be3
05be7
05beb
05bef
05bf3
05bf7
05bfb
05bff
05c03
05c07
05c0b
05c0f
05c13
05c17
05c1b
03eb8
03ebc
04100
04128
04130
0429c
042a7
04356
04432
04436
044fe
04505
0452c
04535
04548
0466e
0469a
046b4
04741
04883
04892
048b4
04db6
04dc9
04e95
04f8a
04f9a
04fab
05021
0502a
050df
050e8
051f3
053c8
0580b
059f9
059fd
05a01
05a0b
05a0f
05ab9
05b68
05b6c
05b70
05be3
05c1e
05c22
05c26
05c2a
05c2e
05c32
05c36
05c3a
05c3e
05c42
05c46
05c4a
05c4e
05c52
05c56
05c5a
03eff
0413d
04162
0416a
04178
042e0
04387
0439b
0446b
04534
04540
0454a
0456e
04577
04609
0460d
046ac
046d7
046ef
04791
048b8
048c7
04deb
04ea6
04eb7
04f0b
04fb9
04fc2
0503c
05041
050fb
0518c
05240
05646
0588a
058d6
058da
058de
058e2
05a43
05a47
05a4b
05b00
05c1e
05c22
05c5d
05c61
05c65
05c69
05c6d
05c71
05c75
05c79
05c7d
05c81
05c85
05c89
05c8d
05c91
05c95
03f42
03f46
04043
041a0
041a7
04310
0431b
04340
043c4
043d6
04579
0457f
045a6
045b1
045c2
04648
046e3
046f1
04719
04798
047a6
047cc
04e04
04e17
04ed1
04f1b
04f2b
04fd5
0504b
05054
05109
05112
051a3
05481
0574e
05911
05915
05919
0591d
05921
05a82
05a86
05b3b
05b3f
05c5d
05c98
05c9c
05ca0
05ca4
05ca8
05cac
05cb0
05cb4
05cb8
05cbc
05cc0
05cc4
05cc8
05ccc
05cd0
05cd4
03f89
0403b
04066
0406e
0407c
041ec
0437b
0437f
0440d
045ae
045ba
045c4
045e4
045eb
04683
04687
04726
0474b
04763
047d8
04802
0481c
04e38
04ee1
04ef2
04f43
04fe3
04fec
05066
0506b
050a7
05138
05266
056ca
05799
05950
05954
05958
0595c
05abd
05ac1
05ac5
05b74
05ba4
05ba8
05c9a
05cd5
05cd9
05cdd
05ce1
05ce5
05ce9
05ced
05cf1
05cf5
05cf9
05cfd
05d01
05d05
05d09
04152
04156
041fa
0421a
04228
04387
0439b
04528
045b0
045c0
04626
0462e
0474d
0475f
04767
04791
04831
04835
048bf
04970
0497c
049a4
04e4c
04e5d
04f0b
04fe4
04fee
0507d
050f3
050fc
05133
0513c
05240
05709
05905
05af3
05af7
05afb
05b05
05b09
05bad
05c62
05c66
05c6a
05d0e
05d12
05d16
05d1a
05d1e
05d22
05d26
05d2a
05d2e
05d32
05d36
05d3a
05d3e
05d42
05d46
05d4a
05d4e
0418d
04235
04252
04262
0426e
043d0
04563
04567
045ef
04629
04634
0463e
04663
04671
04798
047a6
047cc
0486c
04870
049b1
049da
049f2
04e77
04f1b
04f2b
04fff
0508b
05094
0510e
05113
0514f
051df
05285
0575a
05986
05b32
05b36
05b3a
05b44
05be8
05bec
05ca1
05ca5
05d0c
05d10
05d51
05d55
05d59
05d5d
05d61
05d65
05d69
05d6d
05d71
05d75
05d79
05d7d
05d81
05d85
05d89
04056
0405a
04274
0429a
042a2
04401
04415
044c4
045a0
045a4
0466c
04673
0469c
046a4
046b6
047d8
04802
0481c
048a3
049e5
049f4
04a16
04e88
04e99
04f43
0500e
05018
05029
0509f
050a8
0515d
05166
05266
05601
0597f
05b67
05b6b
05b6f
05b79
05b7d
05c27
05cd6
05cda
05cde
05d51
05d8c
05d90
05d94
05d98
05d9c
05da0
05da4
05da8
05dac
05db0
05db4
05db8
05dbc
05dc0
05dc4
05dc8
04097
042af
042cf
042dc
042e8
0444a
044fa
04509
045d9
046a3
046ae
046b8
046dd
046e5
04777
0477b
04814
0483d
04855
048f3
04a1a
04a29
04eb3
04f53
04f63
04fab
05037
05040
050ba
050bf
05179
05207
0529d
057d8
059fa
05a44
05a48
05a4c
05a50
05bb1
05bb5
05bb9
05c6e
05d8c
05d90
05dcb
05dcf
05dd3
05dd7
05ddb
05ddf
05de3
05de7
05deb
05def
05df3
05df7
05dfb
05dff
05e03
040d4
040d8
041bd
0430e
04316
04471
04489
044ae
04537
04544
046e7
046ed
04716
04720
04730
047b4
04849
04857
0487d
048fa
04908
0492e
04ec4
04ed5
04f7b
04fba
04fc4
05053
050c9
050d2
05187
05190
0521a
05685
058c8
05a7f
05a83
05a87
05a8b
05a8f
05bf0
05bf4
05ca9
05cad
05dcb
05e06
05e0a
05e0e
05e12
05e16
05e1a
05e1e
05e22
05e26
05e2a
05e2e
05e32
05e36
05e3a
05e3e
05e42
04115
041b5
041db
041e8
041f4
04356
044e9
044ed
0457b
0471d
04728
04732
04753
04759
047ed
047f1
0488a
048ad
048c5
0493a
04964
0497e
04eee
04f8a
04f9a
04fd5
05061
0506a
050e4
050e9
05125
051b7
052b5
05850
05912
05abe
05ac2
05ac6
05aca
05c2b
05c2f
05c33
05ce2
05d12
05d16
05e08
05e43
05e47
05e4b
05e4f
05e53
05e57
05e5b
05e5f
05e63
05e67
05e6b
05e6f
05e73
05e77
042c4
042c8
04368
0438c
04397
044fa
04509
04696
0471f
0472e
04792
0479a
048af
048c1
048c9
048f3
04993
04997
04a21
04aca
04ad8
04afc
04eff
04f0f
04fab
05062
0506c
050fb
05171
0517a
051b1
051b9
0529d
053db
059fa
05abc
05c63
05c67
05c6b
05c75
05d19
05d1d
05dd2
05dd6
05e7a
05e7e
05e82
05e86
05e8a
05e8e
05e92
05e96
05e9a
05e9e
05ea2
05ea6
05eaa
05eae
05eb2
05eb6
05eba
042fd
043a3
043c2
043d2
043dc
0453e
046d1
046d5
0475d
04795
047a0
047aa
047cd
047db
048fa
04908
0492e
049ce
049d2
04b0b
04b30
04b4a
04f27
04fba
04fc4
0507d
05109
05112
0518c
05191
051c9
05253
052ca
0575a
05ab0
05c9e
05ca2
05ca6
05cb0
05cb4
05d58
05e0d
05e11
05e15
05e7c
05ebb
05ebf
05ec3
05ec7
05ecb
05ecf
05ed3
05ed7
05edb
05edf
05ee3
05ee7
05eeb
05eef
05ef3
041d0
041d4
043e2
0440b
04411
04574
04583
04632
0470e
04712
047d6
047dd
04804
0480c
0481e
0493a
04964
0497e
04a05
04b3b
04b4c
04b6c
04f37
04f47
04fd5
0508c
05096
050a7
0511d
05126
051d9
051e1
052b5
054a9
05912
05b30
05cd7
05cdb
05cdf
05ce9
05d93
05d97
05e46
05e4a
05ebb
05ebf
05ef8
05efc
05f00
05f04
05f08
05f0c
05f10
05f14
05f18
05f1c
05f20
05f24
05f28
05f2c
05f30
0420f
0441d
0443e
0444c
04456
045b8
04669
04677
04747
0480b
04816
04820
04843
0484b
048d9
048dd
04976
0499f
049b7
04a51
04b70
04b81
04f5f
04fe4
04fee
05029
050b5
050be
05138
0513d
051f1
05279
052de
057d8
05b2a
05bb0
05bb4
05bb8
05bbc
05bc0
05d21
05d25
05dda
05dde
05ef8
05f31
05f35
05f39
05f3d
05f41
05f45
05f49
05f4d
05f51
05f55
05f59
05f5d
05f61
05f65
05f69
0424a
0424e
0432b
0447f
04485
045e7
045f7
0461c
046a6
046b2
0484d
04853
0487a
04884
04894
04916
049ab
049b9
049df
04a58
04a68
04a8a
04f6f
04f7f
04fff
05038
05042
050d1
05147
05150
05201
05209
05285
05571
05986
05a42
05bef
05bf3
05bf7
05bfb
05d5c
05d60
05d64
05e19
05f31
05f35
05f6e
05f72
05f76
05f7a
05f7e
05f82
05f86
05f8a
05f8e
05f92
05f96
05f9a
05f9e
05fa2
05fa6
04289
04323
04348
04358
04362
044c4
04657
0465b
046e9
04881
0488c
04896
048b5
048bb
0494f
04953
049ec
04a0f
04a27
04a98
04abe
04ada
04f96
0500e
05018
05053
050df
050e8
05162
05167
051a1
0522d
052f2
05850
05a30
05c2a
05c2e
05c32
05c36
05c3a
05d9b
05d9f
05e4e
05e52
05e82
05f6c
05f70
05fa9
05fad
05fb1
05fb5
05fb9
05fbd
05fc1
05fc5
05fc9
05fcd
05fd1
05fd5
05fd9
04432
04436
044d6
044fe
04505
04669
04677
047fe
04883
04892
048f4
048fc
04a11
04a23
04a2b
04a51
04aeb
04aef
04b79
04bf3
04bff
04c16
04fa5
04faf
05029
050e0
050ea
05179
051ea
051f3
05227
0522f
052de
053b5
059fa
05be1
05dcf
05dd3
05dd7
05de1
05de5
05e89
05f38
05f3c
05fdc
05fe0
05fe4
05fe8
05fec
05ff0
05ff4
05ff8
05ffc
06000
06004
06008
0600c
06010
06014
06018
0601c
0446b
04511
04534
04540
0454a
046ac
04837
0483b
048bf
048f7
04902
0490c
0492f
0493d
04a58
04a68
04a8a
04b24
04b28
04c23
04c3b
04c57
04fc0
05038
05042
050fb
05187
05190
05204
0520a
0523e
052a9
05306
05571
05a42
05c62
05e0e
05e12
05e16
05e20
05ec2
05ec6
05f75
05f79
05fde
0601d
06021
06025
06029
0602d
06031
06035
06039
0603d
06041
06045
06049
0604d
06051
06055
0433e
04342
04550
04579
0457f
046e3
046f1
0479e
04872
04876
04938
0493f
04966
0496e
04980
04a98
04abe
04ada
04b5b
04c46
04c53
04c68
04fcf
04fd9
05053
0510a
05114
05125
0519a
051a3
0524d
05255
052f2
05374
05912
05c5b
05e43
05e47
05e4b
05e55
05e59
05eff
05fa8
05fac
0601d
06021
0605a
0605e
06062
06066
0606a
0606e
06072
06076
0607a
0607e
06082
06086
0608a
0608e
06092
0437d
0458b
045ae
045ba
045c4
04726
047d3
047e1
048a9
0496d
04978
04982
049a5
049ad
04a37
04a3b
04ad2
04af7
04b11
04b98
04c6c
04c79
04fea
05062
0506c
050a7
05133
0513c
051b4
051ba
05264
052c1
0531a
054f7
05abc
05cd6
05d20
05d24
05d28
05d2c
05e8d
05e91
05f40
05f44
0605a
06093
06097
0609b
0609f
060a3
060a7
060ab
060af
060b3
060b7
060bb
060bf
060c3
060c7
060cb
043b8
043bc
04499
045ed
045f3
04756
04765
04788
0480e
0481a
049af
049b5
049dc
049e6
049f6
04a72
04b03
04b13
04b35
04b9f
04bab
04bc2
04ff9
05003
0507d
050b6
050c0
0514f
051c2
051cb
05273
0527b
052ca
05442
05986
05ba4
05d5b
05d5f
05d63
05d67
05d6b
05eca
05ece
05f7d
06093
06097
060d0
060d4
060d8
060dc
060e0
060e4
060e8
060ec
060f0
060f4
060f8
060fc
06100
06104
06108
043f7
04491
044ba
044c6
044d0
04632
047c1
047c5
0484f
049e3
049ee
049f8
04a17
04a1d
04aa9
04aad
04b44
04b65
04b7f
04bce
04be7
04c03
05014
0508c
05096
050d1
0515d
05166
051dc
051e2
05218
05291
0532e
054a9
05b30
05bee
05d9a
05d9e
05da2
05da6
05f03
05f07
05fb0
05fb4
05fe4
060ce
060d2
0610b
0610f
06113
06117
0611b
0611f
06123
06127
0612b
0612f
06133
06137
0613b
045a0
045a4
04644
0466c
04673
047d3
047e1
04960
049e5
049f4
04a52
04a5a
04b67
04b77
04b7d
04b98
04c0b
04c0f
04c73
04cdd
04ce9
04cfa
04e33
05023
0502d
050a7
0515e
05168
051f1
0525d
05266
0528f
052de
054eb
05510
05573
05cd6
05d98
05f39
05f3d
05f47
05f4b
05feb
0609a
0609e
0613e
06142
06146
0614a
0614e
06152
06156
0615a
0615e
06162
06166
0616a
0616e
06172
06176
0617a
045d9
0467f
046a3
046ae
046b8
04814
04999
0499d
04a21
04a55
04a5e
04a64
04a8b
04a99
04b9f
04bab
04bc2
04c35
04c39
04d07
04d19
04d35
04d7c
0503e
050b6
050c0
05179
05201
05209
05276
0527c
0529f
05324
0554e
05571
05a42
05d8c
05f72
05f76
05f7a
05f84
06024
06028
060d7
060db
06140
0617d
06181
06185
06189
0618d
06191
06195
06199
0619d
061a1
061a5
061a9
061ad
061b1
044ac
044b0
046be
046e7
046ed
04849
04857
04900
049d4
049d8
04a94
04a9b
04ac0
04ac8
04adc
04bce
04be7
04c03
04c5d
04d24
04d31
04d40
04d98
0504d
05057
050d1
05188
05192
051a1
05211
0521a
052a7
052f2
0534e
05374
053dd
05bee
05e0c
05fa9
05fad
05fb7
05fbb
06061
0610a
0610e
0617b
061b4
061b8
061bc
061c0
061c4
061c8
061cc
061d0
061d4
061d8
061dc
061e0
061e4
061e8
061ec
044eb
046f9
0471d
04728
04732
0488a
04935
04943
04a0b
04ac7
04ad0
04ad6
04afd
04b05
04b8d
04b91
04bf9
04c11
04c2d
04c8e
04d44
04d51
04dca
05068
050e0
050ea
05125
051b1
051b9
0522a
05230
052b7
05338
053ca
053dd
05abc
05e06
05e8c
05e90
05e94
05e98
05fef
05ff3
060a2
060a6
061b6
061ef
061f3
061f7
061fb
061ff
06203
06207
0620b
0620f
06213
06217
0621b
0621f
06223
04526
0452a
04607
0475b
04761
048b8
048c7
048ea
04970
0497c
04b07
04b0d
04b32
04b3c
04b4e
04bb9
04c1d
04c29
04c40
04c95
04ca1
04cb2
04de6
05077
05081
050fb
05134
0513e
051c9
05237
05240
052bf
052ca
0541c
05442
054ab
05c62
05d1e
05ec9
05ecd
05ed1
05ed5
0602c
06030
060df
061ed
06226
0622a
0622e
06232
06236
0623a
0623e
06242
06246
0624a
0624e
06252
06256
0625a
0625e
04565
045ff
04629
04634
0463e
0479e
04923
04927
049b1
04b39
04b42
04b48
04b6d
04b73
04be1
04be5
04c4d
04c61
04c7d
04cbe
04cd1
04ced
04e18
05092
0510a
05114
0514f
051d9
051e1
05250
05256
05287
05310
05490
054ab
05b30
05d0c
05f02
05f06
05f0a
05f0e
06065
06069
06112
06116
06144
06228
06261
06265
06269
0626d
06271
06275
06279
0627d
06281
06285
06289
0628d
06291
03d5d
03d68
03daf
03dba
03dd1
04710
047ae
047d0
047da
047e5
0493a
04ab8
04abc
04b44
04b95
04b9d
04bb1
04c71
04c77
04c89
04ca5
04d4b
04dbf
04ee6
050a1
050ab
05125
051d7
051de
05264
052b2
052b8
052d5
053ca
054a9
054af
054b3
054b7
054bb
056e2
05cd7
05ebc
0609c
060a0
060aa
06146
0614a
061f3
061f7
06295
06299
0629d
062a1
062a5
062a9
062ad
062b1
062b5
062b9
062bd
062c1
03dc8
03e14
03e18
03e27
04745
04749
047eb
04812
04818
04970
0497c
04af3
04b70
04b81
04ba3
04ba9
04bbf
04bc7
04bdb
04c9b
04cad
04cc9
04df1
04e58
050bc
05134
0513e
051f0
05273
0527b
052c1
052dd
05324
05508
05514
05518
0551c
05520
0555b
05721
05d1f
060d5
060d9
060e3
060e7
06181
0622a
0622e
06232
06297
062c5
062c9
062cd
062d1
062d5
062d9
062dd
062e1
062e5
062e9
03e2a
03e36
03e77
03e82
03e99
0461c
04824
04846
04851
0485b
049b1
04a58
04a68
04b2c
04bc6
04bd0
04bd7
04bed
04bf5
04cb9
04cc5
04cd6
04e0d
04e6f
050cb
050d5
0514f
051ff
05206
05218
05282
05288
052e9
0534e
05549
05575
05579
0557d
05581
055ce
05bef
05f32
0610c
06110
0611a
061b8
061bc
06261
06265
062c3
062ed
062f1
062f5
062f9
062fd
06301
06305
06309
0630d
06311
06315
03c7a
03c85
03c9c
03e90
04657
0465b
04861
04888
0488e
049e5
049f4
04a98
04b5f
04b63
04bf7
04bfd
04c13
04c1b
04c2f
04ce3
04cf5
04d11
04e3e
04e94
050e6
0515e
05168
051a0
05227
0522f
05291
052f1
05338
05374
0537a
0537e
05382
05386
054ec
05658
05d99
05fef
05ff3
05ff7
05ffb
0614e
06152
061fb
061ff
062ef
06319
0631d
06321
06325
06329
0632d
06331
06335
06339
0633d
03c8f
03c9a
03ce1
03cec
03d03
04696
04773
048af
048c1
048c9
04a21
04a46
04a4a
04ad2
04c1a
04c25
04c2b
04c41
04c49
04d01
04d0d
04d1e
04d71
04eab
050f5
050ff
05179
051af
051b6
0523e
0529a
052a0
052fd
053c6
053df
053e3
053e7
053eb
0541d
05658
05c63
05e81
0602c
06030
06034
06185
06189
0618d
06236
06317
06341
06345
06349
0634d
06351
06355
06359
0635d
06361
06365
06369
03cfa
03d46
03d4a
03d59
046d1
046d5
0476f
0479c
047a2
048fa
04908
04a81
04b03
04b13
04c4b
04c51
04c65
04c6d
04c7f
04d2b
04d39
04d55
04da3
04ed0
05110
05188
05192
051c8
0524d
05255
052a9
052c9
05310
0542d
05446
0544a
0544e
05452
05491
056e2
05e0d
06065
06069
0606d
06071
061c0
061c4
06269
0626d
0629b
06343
0636d
06371
06375
06379
0637d
06381
06385
06389
0638d
03c85
03c9c
03d8e
03e6f
03e73
03e90
03f62
03f6a
03fa2
04872
04876
04912
04938
0493f
04a91
04aa1
04c4d
04c8b
04c93
04ca7
04d49
04d4f
04dbf
04e8d
04f8f
0511f
05129
051a0
0524b
05252
052b7
052f2
0530f
0535f
05378
0537c
05380
0538a
053cb
05491
05495
05499
056a0
05867
05e44
061f1
061f5
061f9
06203
0629d
062a1
06393
06397
0639b
0639f
063a3
063a7
063ab
063af
063b3
063b7
03c74
03c8f
03c9a
03cf2
03df3
03df7
03fa9
03fe4
03ff2
048a9
0494b
0496d
04978
04982
04ad2
04c6c
04c79
04c99
04c9f
04caf
04cb7
04ccb
04df1
04eb2
04f0a
0513a
051af
051b6
05263
052bf
052fa
052fe
0531b
053db
053e1
053e5
053ef
053f3
054f6
054fa
054fe
056e3
056e7
058a0
06058
0622c
06230
0623a
0623e
062c9
06391
063b9
063bd
063c1
063c5
063c9
063cd
063d1
063d5
063d9
03cd9
03cdd
03cfa
03d53
03d6a
03e58
03fec
03ff4
04027
04786
0478a
04988
049af
049b5
04b03
04b13
04ba5
04cb6
04cc0
04cc7
04cd7
04cdf
04e0d
04ec9
04f20
05149
05153
051c8
05271
05278
05287
052ca
05323
0542d
05446
0544a
0544e
05458
05484
0555b
0555f
05563
05724
0576b
05d5b
0625f
06263
06267
06271
062f1
062f5
063bb
063df
063e3
063e7
063eb
063ef
063f3
063f7
063fb
063ff
03c4c
03d40
03d44
03d61
03dba
03dd1
03ed3
0402b
04031
047c3
049c1
049e3
049ee
049f8
04b44
04bc9
04bd5
04ce1
04ce7
04cf7
04cff
04d13
04e3e
04eed
04f42
05164
051d7
051de
05217
0528f
052d2
052d6
0532f
0534e
05352
05356
054a2
054ae
054b2
054bc
054c0
055cf
055d3
057e9
060ce
0614e
06152
06156
0615a
0631d
063dd
06401
06405
06409
0640d
06411
06415
06419
0641d
06421
03cb1
03cb5
03da9
03dc4
03dcf
03e27
03ed8
03ee0
03f18
047fc
04800
048d7
04a1f
04a25
04b70
04b81
04bf9
04cfe
04d09
04d0f
04d1f
04d27
04d71
04e51
04f58
05173
0517d
051f0
05225
0522c
0529f
052de
05337
053b3
053b7
053bb
053bf
05511
05517
0551b
05525
0554e
05616
057e9
05dcf
06185
06189
0618d
06191
06345
06349
06403
06427
0642b
0642f
06433
06437
0643b
0643f
06443
06447
03d1a
03e0e
03e12
03e2f
03e82
03e99
03f1f
03f5a
03f68
04839
048cf
048f7
04902
0490c
04a60
04c1d
04c29
04d29
04d2f
04d3d
04d45
04d57
04da3
04e76
04f7a
0518e
051ff
05206
0523d
052a7
052e6
052ea
05307
0541a
0541e
05422
05426
05572
05578
0557c
05586
05659
0565d
05867
05fdc
061c0
061c4
061c8
061cc
0636d
06395
06425
06449
0644d
06451
06455
06459
0645d
06461
06465
03de2
03df5
03e1c
03e26
03e34
03eee
03f0c
03f19
03f24
03fe4
040aa
040b7
042e0
04d7d
04e34
04e3f
05001
051ee
052ed
0541a
054ed
054fa
0550c
0552b
05550
0558b
055f8
05640
05649
05662
056dc
0578f
057ac
057b0
057d2
057eb
057ef
05894
0595f
05988
0599d
05a38
05a3e
05a54
05b48
05ba7
05bb4
05bc4
05bc8
05ced
05ddb
0646b
0646f
06473
06477
0647b
0647f
06483
06487
0648b
0648f
03e47
03e5e
03e85
03e8f
03e98
03f43
03f57
03f65
03f6d
040e1
040f2
040fa
04d6f
04d7a
04da0
05012
051fb
0523b
05315
0535f
05367
0541e
05554
0556b
0558d
0563a
05664
05690
056a5
0570c
05723
057ce
057f3
057f7
05813
0582a
0582e
058ce
0599f
059c4
059da
05a57
05a7b
05a91
05b81
05bca
05bf1
05c01
05c05
05d6d
06490
06494
06498
0649c
064a0
064a4
064a8
064ac
064b0
064b4
03c4c
03c5c
03c7e
03c8a
03c98
03ed0
03f88
03f9c
03faa
03fb3
04128
04134
041ec
04d99
04da5
04dcb
04fad
0519e
05301
05342
05365
0536e
05390
053c6
053ce
05492
055c7
05680
056a9
056d5
056ea
05794
05822
05834
05838
0585b
0586b
0586f
059be
059de
059fe
05a59
05a94
05ab8
05ace
05be4
05c25
05c3c
05c40
05ce1
05e4f
064b9
064bd
064c1
064c5
064c9
064cd
064d1
064d5
064d9
064dd
03cc1
03cc8
03cee
03cf9
03d02
03fc8
03fdc
03fe8
03ff4
0415f
04170
04178
04dbd
04dc8
04dee
04fbe
051ab
05261
05329
053b8
053d0
053d7
053f9
05433
0545c
05603
05614
056c7
0570d
05716
0572b
0584c
05871
05875
0588c
058a2
058a6
058ca
058d9
05948
05a15
05ab2
05af5
05b00
05b0d
05c21
05c65
05c79
05c7d
05d19
064de
064e2
064e6
064ea
064ee
064f2
064f6
064fa
064fe
06502
03d1a
03d2a
03d4c
03d58
03d66
03f5a
0400c
04020
0402e
04037
041a0
041ac
04266
04de7
04df3
04e19
04fd7
051c6
052d9
05415
05420
05438
05446
05461
05487
054c4
055b3
055c0
055d7
05651
0572c
05750
0575c
0576f
05773
0589a
058ac
058b0
058e8
05914
05923
05ad3
05b0e
05b3b
05b4a
05bea
05c81
05cac
05cb8
05cbc
05e24
06507
0650b
0650f
06513
06517
0651b
0651f
06523
06527
0652b
03d7c
03d96
03dbc
03dc7
03dd0
03eb9
03ecd
03edb
03ee4
04063
04074
0407c
04e0b
04e16
04e3c
04fe8
051d3
05215
0533d
0547d
05489
054a3
054c5
054e9
05508
055ab
055da
055fd
0561e
0568a
0569f
05765
05777
0577b
0579b
057b6
057ba
05907
05927
05952
059cd
05b2c
05b69
05b74
05b85
05c9b
05cd9
05cef
05cf3
05d93
06505
0652f
06533
06537
0653b
0653f
06543
06547
0654b
0654f
03fbf
03fc9
03fdb
03fe8
03ff4
04086
0409e
040ab
040b7
0416d
04222
0422c
04438
04dbb
04e5b
04ee6
04eed
0507c
05261
053d2
054fc
056c6
056d1
056de
056f1
05710
0578e
057ad
057d6
057ec
05855
05907
05925
0592c
0594a
0595f
05968
05a04
05ad1
05af5
05b0b
05ba6
05bae
05bc2
05cc0
05d15
05d21
05d33
05d37
05e5d
05f41
0646d
064e1
06554
06558
0655c
06560
06564
06568
0656c
06570
04002
0400d
04021
0402e
04037
040d3
040e5
040ec
040fa
04258
04266
0426e
04d73
04de2
04e54
04e5f
04e7c
05097
05333
05439
0555e
055bc
055d5
0570f
0571c
05730
057cf
05813
05820
0583a
0589d
05944
05960
0596f
05988
0599c
059a5
05a3c
05b0e
05b32
05b4a
05bc9
05beb
05bff
05cf7
05d39
05d5e
05d70
05d74
05ed7
06491
06495
06552
06574
06578
0657c
06580
06584
06588
0658c
03eaa
03eb5
03ec7
03ed4
03edf
04071
04112
04124
0412b
04139
0429c
042a6
0434a
04dc5
04e6f
04e76
04e97
05028
05215
05368
0548b
055ac
055c4
055ca
055de
05608
0575e
0580c
05833
0585b
0586a
0590c
05996
059aa
059ae
059cf
059e0
059e4
05b2c
05b50
05b6c
05bcc
05c06
05c28
05c3c
05d52
05d95
05dab
05daf
05e4f
05fb1
064ba
0652e
06590
06594
06598
0659c
065a0
065a4
065a8
065ac
03ef6
03eff
03f13
03f20
03f29
0414e
0415e
04168
04173
042d2
042e0
042e8
04dc1
04e2f
04e90
04e9b
04eb8
05043
0530b
0542f
0550d
05603
0560c
0561b
05648
05660
057a6
0584d
0588c
05898
058b2
059be
059dd
059e9
059fc
05a10
05a19
05a38
05a47
05ab6
05b87
05c20
05c64
05c70
05c82
05d8f
05dd2
05de8
05dec
05e87
06471
064e3
0658f
065b0
065b4
065b8
065bc
065c0
065c4
065c8
03f34
03f3f
03f51
03f5e
03f69
040ef
0418a
0419c
041a3
041b1
04310
0431a
043c4
04dff
04eab
04eb2
04ed3
05052
0523b
05437
05556
0563c
0564e
05654
05668
0568c
0574f
05756
0576d
057dc
058aa
058ca
058d7
058ec
058f0
05a0a
05a1e
05a22
05a57
05a82
05a91
05c46
05c80
05ca9
05cb6
05d56
05df0
05e1a
05e27
05e2b
05f88
064e7
0650c
065cc
065d0
065d4
065d8
065dc
065e0
065e4
065e8
03f7e
03f89
03f9d
03faa
03fb3
04055
04067
0406e
0407c
041de
041ec
041f4
04e0c
04e41
04ecc
04ed7
04ef4
0506d
0531f
05371
054f6
05689
05696
056a9
056ce
056ea
0574b
05793
0579c
057bd
05825
058df
058f3
058f7
05914
05930
05934
05a75
05a99
05ac1
05b3b
05c9a
05cd8
05ce4
05cf8
05e09
05e47
05e5e
05e62
05efd
064bf
06531
06553
065eb
065ef
065f3
065f7
065fb
065ff
06603
04145
0414c
0415b
04168
04173
041fe
0421a
04225
0422c
042ce
0438f
0439b
045b0
04dec
04e60
04f0d
04f8f
04f95
050fa
0542f
0560d
0584c
05857
05865
0587b
05891
05905
05929
0594c
05966
059c9
05a75
05a94
05a9d
05ab7
05acd
05ad9
05b72
05c3e
05c64
05c79
05d14
05d1c
05d32
05e2f
05e83
05e8d
05e9f
05ea3
05fbf
060a3
064e3
06554
06606
0660a
0660e
06612
06616
0661a
0661e
06622
04183
0418d
04199
041a5
041b1
04249
0425d
04264
0426e
043c6
043d1
043dc
04de5
04e53
04e7e
04f07
04f11
04f2c
05115
0564a
05711
0575b
0576d
05890
0589c
058ac
05946
05988
05994
059b0
05a0d
05ab2
05ad1
05adf
05af5
05b0a
05b16
05bac
05c7b
05ca0
05cb6
05d38
05d59
05d6f
05e66
05ea5
05ec8
05eda
05ede
06039
064df
0650b
06574
06624
06628
0662c
06630
06634
06638
0663c
04047
04053
0405f
0406c
04077
041da
04286
0429a
042a1
042ab
04408
04414
044bd
04e39
04e84
04f20
04f26
04f45
050a6
054e9
0568a
0574a
05762
05769
05780
057a0
058db
05980
059a9
059cd
059e0
05a7c
05b04
05b1a
05b1e
05b3c
05b50
05b55
05c9a
05cbe
05cdb
05d3b
05d75
05d96
05dac
05ebe
05eff
05f13
05f17
05fb1
06113
06530
06590
06623
06642
06646
0664a
0664e
06652
06656
0665a
0408e
04097
040a6
040af
040bb
042c0
042d3
042dc
042e3
04441
0444b
04455
04d7f
04e8f
04eba
04f3f
04f49
04f64
050c1
05646
056dc
0579d
057a4
057ad
057da
057ec
0591e
059c0
059fc
05a08
05a24
05b2c
05b47
05b59
05b69
05b82
05b8a
05ba6
05bb6
05c26
05cf1
05d8e
05dd1
05dde
05df1
05ef9
05f38
05f4e
05f52
05fe9
0646b
0652d
065b0
0665c
06660
06664
06668
0666c
06670
06674
040c3
040d1
040dd
040ea
040f6
04251
042fa
0430e
04315
0431f
0447c
04488
04537
04d9e
04ec0
04f58
04f5e
04f7d
050d0
05553
0570c
057ce
057e0
057e7
057fe
05818
058c8
058d0
058e5
05954
05a14
05a38
05a44
05a5c
05a61
05b78
05b8e
05b92
05bc4
05bf0
05bff
05db5
05def
05e17
05e26
05ec2
05f56
05f7e
05f8b
05f8f
060ea
06492
065cc
0665b
0667a
0667e
06682
06686
0668a
0668e
06692
0410a
04115
04121
0412d
04139
041cf
041e3
041ea
041f4
0434d
04357
04362
04d97
04ecb
04ef5
04f77
04f81
04f9c
050eb
055bf
056ca
05815
05822
05833
05852
0586a
058c6
0590b
05917
05937
05999
05a4d
05a63
05a67
05a82
05a99
05aa4
05be3
05c07
05c2f
05ca9
05e08
05e46
05e52
05e67
05f6f
05fa8
05fc0
05fc4
0605f
0649b
064c2
065eb
06693
06697
0669b
0669f
066a3
066a7
066ab
042b7
042c0
042ca
042da
042e3
0436c
04383
04393
0439b
04441
044fc
04508
0471f
04d91
04eb4
04f12
04fae
05013
05178
05646
057a7
059be
059ca
059d7
059ef
059fe
05a74
05a9b
05ab8
05acf
05b37
05be3
05c06
05c0f
05c24
05c3b
05c40
05ce0
05da9
05dd1
05de9
05e82
05e8a
05e9e
05f93
05fe5
05fef
06001
06005
06121
061fb
064bd
064c4
064c8
065b2
066ae
066b2
066b6
066ba
066be
066c2
042f3
042fd
0430a
04316
0431f
043b7
043cc
043d3
043dc
04531
0453f
0454a
04db5
04ead
04f06
04f2e
04fb0
04fc6
05193
057dc
05892
058d5
058e5
05a00
05a0c
05a1e
05ab4
05af5
05b00
05b15
05b7b
05c20
05c43
05c4d
05c64
05c78
05c7d
05d18
05de6
05e0e
05e26
05ea4
05ec5
05ed9
05fc8
06007
0602a
0603c
06040
06195
064df
064e9
064ed
065cc
06625
066c5
066c9
066cd
066d1
066d5
041c1
041ce
041d6
041e6
041ef
0434d
043f4
04409
04410
04419
04576
04583
0462c
04ddf
04eef
04f33
04fbf
04fd8
05124
056ca
05816
058c4
058dd
058e3
058fb
05916
05a48
05aee
05b1a
05b3b
05b4b
05bea
05c72
05c88
05c8c
05cab
05cb8
05cbc
05e08
05e2c
05e49
05ea7
05edf
05f00
05f14
06020
06061
06075
06079
06113
06269
0650c
06512
06516
065ed
066d8
066dc
066e0
066e4
066e8
066ec
04207
0420f
0421f
04228
04230
0442e
0443c
0444a
04451
045ab
045b9
045c4
04e03
04e60
04f3e
04f66
04fda
04ff0
0513f
057d8
05864
05915
0591c
05929
05950
05964
05a8c
05b2e
05b69
05b74
05b89
05c9a
05cbd
05cc7
05cd8
05cee
05cf3
05d14
05d23
05d92
05e5c
05ef8
05f37
05f44
05f57
0605b
0609a
060b0
060b4
06147
0652c
06536
0653a
06554
0665d
066ef
066f3
066f7
066fb
066ff
0423b
04247
04254
04260
04269
043c6
04468
0447d
04484
0448d
045ea
045f6
046a6
04e2c
04e78
04f6b
04fe9
05002
0514e
05711
0588f
05944
05956
0595d
05975
0598a
05a37
05a3d
05a53
05ac2
05b7e
05ba6
05bb3
05bc4
05bc8
05ce6
05cfc
05d00
05d2f
05d5d
05d6f
05f1d
05f55
05f7b
05f8a
06024
060b8
060e0
060ed
060f1
06240
06470
06477
0647b
06576
06702
06706
0670a
0670e
06712
06716
0427f
04289
04296
042a2
042ab
0433d
04352
04359
04362
044b7
044c5
044d0
04d67
04e71
04f76
04f9d
05004
0501a
05169
0575f
05850
05989
05996
059a9
059c4
059da
05a34
05a79
05a83
05aa1
05b07
05bbb
05bd1
05bd5
05bf0
05c01
05c05
05d51
05d75
05d9d
05e17
05f6e
05fa7
05fb4
05fc9
060d1
0610b
06122
06126
061b9
06492
0649b
0649f
06590
06694
06719
0671d
06721
06725
06729
04425
0442f
0443b
0444a
04451
044da
044f3
04500
04508
045b3
04669
04676
04883
04e68
04f3e
04fa1
0502c
05091
051f4
057d8
0591f
05b2c
05b38
05b45
05b5e
05b6c
05be2
05c0d
05c28
05c3d
05ca5
05d51
05d75
05d7d
05d94
05da9
05daf
05e4e
05f11
05f37
05f4f
05fe4
05fec
06000
060f5
06143
0614d
0615f
06163
06277
0631b
06577
06596
0659a
0665f
0672c
06730
06734
06738
0673c
06740
04460
0446b
0447b
04485
0448d
04525
04535
04541
0454a
0469e
046ad
046b8
04db9
04e88
04f7c
04fc7
0502e
05044
0520b
05954
05a02
05a42
05a53
05b6d
05b7a
05b8f
05c22
05c64
05c70
05c87
05ce9
05d8e
05db2
05dbb
05dd1
05de6
05dec
05e86
05f4c
05f72
05f8a
06006
06027
0603b
0612a
06165
06187
06198
0619c
062cd
064e3
065b0
065b6
06678
066c4
06743
06747
0674b
0674f
06753
04330
0433b
04345
04356
0435d
044bf
04562
04572
0457e
04587
046e3
046f0
04798
04ea4
04f76
04fcb
0503d
05056
051a4
05850
0598d
05a32
05a4a
05a51
05a6a
05a85
05bb7
05c5c
05c88
05ca9
05cb7
05d56
05de0
05df6
05dfa
05e19
05e27
05e2b
05f6e
05f90
05faa
06009
06041
06062
06076
0617c
061bb
061cf
061d3
06269
0636b
065b3
065d2
065d6
06696
06756
0675a
0675e
06762
06766
0676a
04375
0437d
0438e
04397
0439f
0459c
045aa
045b8
045bf
04718
04727
04732
04e05
04ec4
04f91
04ff1
05058
0506e
051bb
0594e
059d6
05a84
05a8a
05a9b
05abe
05ad7
05bfa
05c9c
05cd8
05ce4
05cfb
05e08
05e2c
05e35
05e46
05e5a
05e62
05e82
05e8f
05efc
05fbe
0605a
06099
060a6
060b9
061b5
061f2
06208
0620c
0629d
06531
065eb
065f1
06608
066ee
0676d
06771
06775
06779
0677d
043aa
043b5
043bf
043d0
043d8
04538
045d6
045e8
045f2
045fb
04756
04764
0480e
04edf
04f06
04ff5
05067
05080
051cc
05892
05a01
05ab2
05ac4
05acb
05ae4
05af8
05ba5
05bac
05bc1
05c30
05cec
05d14
05d20
05d33
05d37
05e54
05e6a
05e6e
05e9b
05ec7
05ed9
0607f
060b7
060dd
060ec
06180
06210
06236
06243
06247
0634b
06555
0655b
0655f
06627
06780
06784
06788
0678c
06790
06794
043ec
043f7
04407
04411
04419
044ab
044bb
044c7
044d0
04624
04633
0463e
04d6b
04e4c
04f44
0501b
05082
05098
051e3
058dc
059c3
05af7
05b04
05b1a
05b32
05b4f
05ba2
05be7
05bf1
05c13
05c75
05d29
05d3f
05d43
05d5d
05d70
05d74
05ebd
05edf
05f05
05f7b
060d0
0610a
06116
0612b
06227
06260
06278
0627c
062f1
06494
06574
0657a
06640
06718
06797
0679b
0679f
067a3
067a7
04593
0459c
045a7
045b8
045bf
04648
04662
0466e
04676
04714
047d3
047e0
049e5
04e6b
04f1b
0501f
050aa
0510f
05267
054af
0594e
05a8d
05c9a
05ca6
05cb3
05ccc
05cdb
05d50
05d7b
05d96
05dad
05e13
05ebd
05edf
05ee7
05efe
05f11
05f17
05fb0
06073
06099
060b1
06142
0614a
0615e
0624b
06299
062a4
062a8
0631b
06399
06628
06645
06649
066f0
067aa
067ae
067b2
067b6
067ba
067be
045cf
045d9
045e5
045f3
045fb
04693
046a4
046af
046b8
04806
04815
04820
04e2b
04f35
05000
05045
050ac
050c2
0527d
05524
05ac2
05b6f
05bb2
05bc1
05cdc
05ce8
05cfd
05d90
05dd1
05dde
05df5
05e57
05ef8
05f1a
05f23
05f37
05f4c
05f52
05fe8
060ae
060d5
060ec
06164
06183
06197
06280
062ac
062ce
062d2
06345
065af
0665e
06663
06702
06742
067c1
067c5
067c9
067cd
067d1
0449b
044aa
044b3
044c4
044cc
04620
046d0
046e1
046ec
046f5
04849
04857
048fa
04ea7
04f53
05049
050bb
050d4
0521b
05577
059c3
05afa
05ba0
05bb9
05bbf
05bd8
05bf3
05d24
05dca
05df6
05e17
05e27
05ec2
05f46
05f5c
05f60
05f7d
05f8b
05f8f
060d0
060f2
0610d
06167
0619d
061bc
061d0
062c3
062f3
062fa
062fe
063e1
06660
0667d
06681
0671a
067d4
067d8
067dc
067e0
067e4
067e8
044e3
044eb
044f5
04505
0450d
0470a
04719
04726
0472e
0487c
0488b
04896
04d90
04f6d
04fac
0506f
050d6
050ec
05231
05388
05abd
05b44
05bf2
05bf8
05c0d
05c2c
05c49
05d68
05e0a
05e46
05e52
05e69
05f6e
05f90
05f99
05fa7
05fbc
05fc4
05fe4
05ff1
0605e
06120
061b4
061f1
061fe
06211
062ed
0631d
06324
06328
065ea
06695
0669a
066ae
0676c
067eb
067ef
067f3
067f7
067fb
04515
04523
0452d
0453e
04546
0469a
04744
04757
04760
04769
048b8
048c6
04970
04ee2
04f8a
05073
050e5
050fe
05241
053e1
05a02
05b6e
05c20
05c32
05c39
05c52
05c67
05d13
05d1a
05d31
05d9e
05e5c
05e82
05e8c
05e9f
05ea3
05fb6
05fcc
05fd0
05ffd
06029
0603b
061d9
0620f
06233
06242
062c7
0632a
0634c
06350
06429
06609
0660e
06612
066c6
067fe
06802
06806
0680a
0680e
06812
0455b
04565
0456f
0457f
04587
04619
0462a
04635
0463e
04790
0479f
047aa
04dde
04efd
04fd6
05099
05100
05116
05257
05456
05a49
05b30
05c66
05c72
05c88
05ca0
05cc2
05d10
05d55
05d5e
05d81
05de3
05e95
05eab
05eaf
05ec7
05eda
05ede
0601f
06041
06067
060dd
06226
0625f
0626c
06281
06341
0636d
06376
0637a
06573
06626
0662b
066d8
06796
06815
06819
0681d
06821
06825
04701
0470a
04717
04726
0472e
047b4
047cc
047d8
047e0
04878
04935
04942
04b3b
04f1c
04fba
0509d
05128
0518d
052b6
0538a
05496
054af
05abd
05bfb
05e08
05e14
05e21
05e3a
05e49
05ebc
05ee5
05f00
05f15
05f77
0601f
06041
06049
06060
06073
06079
06112
061cd
061f1
06209
06298
062a0
062ad
06373
0639a
0639e
0644b
066c7
066dd
066e1
0676e
06828
0682c
06830
06834
06838
0683c
0473d
04747
04754
04761
04769
047fb
0480c
04817
04820
04968
04977
04982
04ee2
04fcd
0507e
050c3
0512a
05140
052c5
053fc
05503
05524
05c30
05cde
05d1f
05d31
05e4a
05e56
05e6b
05efa
05f37
05f44
05f5b
05fb9
0605a
0607c
06085
06099
060ae
060b4
06146
06206
0622a
06242
062ab
062ca
062d7
06391
063be
063c2
0665d
066ef
066f4
06780
067c0
0683f
06843
06847
0684b
0684f
0460b
04617
04623
04632
04639
0478c
04836
04847
04852
0485b
049ab
049b8
04a58
04f54
04fe4
050c7
05139
05152
05286
05458
05560
05577
05b30
05c69
05d0e
05d26
05d2d
05d46
05d60
05e90
05f32
05f5c
05f7b
05f8b
06024
060a8
060be
060c2
060df
060ed
060f1
06226
06248
06262
062ae
062d5
062f4
06301
063c6
063e4
063e8
066f1
06707
0670b
06798
06852
06856
0685a
0685e
06862
06866
04650
04659
04664
04673
0467b
0486e
0487d
0488a
04892
049de
049ed
049f8
04e6b
04ff7
0502a
050ed
05154
0516a
05295
0535a
05388
054ca
05c2b
05cb2
05d5f
05d66
05d7b
05d9a
05db7
05ed2
05f70
05fa7
05fb4
05fcb
060d0
060f2
060fb
0610a
0611e
06126
06142
0614f
061b8
06276
062ec
0631a
06323
063dd
06406
0640a
06694
06719
0671e
0672c
067ea
06869
0686d
06871
06875
06879
04685
04691
0469d
046ac
046b3
04802
048a6
048b9
048c2
048cb
04a1a
04a28
04aca
04f8b
0500e
050f1
05163
0517c
0529e
053bb
053e1
05526
05b6f
05cdd
05d8e
05da0
05da7
05dc0
05dd4
05e81
05e88
05e9d
05f06
05fbe
05fe4
05fee
06001
06005
06118
0612e
06132
0615b
06186
06197
06302
06329
06348
06357
0640e
0642c
06430
066af
066b4
066b8
06744
0687c
06880
06884
06888
0688c
06890
046c8
046d3
046de
046ed
046f5
04785
04796
047a1
047aa
048f2
04901
0490c
04ea7
04fa3
05054
05117
0517e
05194
052ad
05428
05456
05592
05bb8
05c9f
05dd3
05de0
05df6
05e0e
05e31
05e7e
05ec1
05ec8
05eeb
05f49
05ff7
0600d
06011
06029
0603c
06040
0617b
0619d
061c1
06233
06340
0636a
06375
06425
0644c
06450
06625
066c5
066ca
06756
06814
06893
06897
0689b
0689f
068a3
04865
0486e
0487b
0488a
04892
04916
0492e
0493a
04942
049da
04a91
04a9e
04c46
04fbb
05038
0511b
051a2
05208
052f3
0534a
0536c
0537b
0538b
05397
0539b
0549c
055e0
05c2b
05d69
05f6e
05f78
05f85
05f9e
05fc0
0601f
0604e
06064
0607e
060e5
0618e
061a3
061a7
061be
061d1
061d5
062ec
062ff
0632e
06395
063a3
0644b
066da
0675a
0675e
067ea
0682a
068a9
068ad
068b1
068b5
068b9
0489e
048a9
048b6
048c3
048cb
0495d
0496e
04979
04982
04ac2
04ad1
04adc
04f8b
0504b
050fc
05141
051a7
051bc
05302
0539c
053d3
053e2
053f2
053fe
05402
05503
056d8
05d9e
05e4c
05e8c
05ea9
05fad
05fba
05fd3
0607c
0609a
060b0
0610e
06146
061c7
061dd
061e1
061fc
0620a
0620e
06316
06329
06358
063a2
063c7
06609
0676c
06771
06775
0683d
068bb
068bf
068c3
068c7
068cb
04779
04783
0478f
0479e
047a6
048ee
04998
049a9
049b4
049bd
04b03
04b10
04b9f
04fe5
05062
05145
051b8
051ca
052cb
053b1
0542a
05445
05455
05462
05467
05560
0566a
05c9f
05dd6
05e7c
05e92
05e99
05eb2
05ed8
05ff3
06095
060c4
060df
060f6
061ed
0620f
06218
0622a
0623f
06245
062c6
0634a
06374
063a5
063c6
063eb
06704
06784
06788
06814
06854
068d1
068d5
068d9
068dd
068e1
047ba
047c3
047ce
047dd
047e5
049d0
049df
049ec
049f3
04b34
04b43
04b4e
04f1c
05075
050a8
0516b
051cf
051e4
052da
0535a
0546a
0549e
054b0
054c0
054cc
054d0
056af
05d98
05e20
05ec9
05ed0
05ee5
05f04
05f20
06035
060f2
0610b
06122
061b8
06239
0624f
06253
0626a
0627a
0627e
062a4
062f1
06373
063dd
06407
06641
06796
0679b
0679f
06867
068e3
068e7
068eb
068ef
068f3
047ef
047f9
04805
04814
0481c
04964
04a08
04a1b
04a24
04a2d
04b70
04b7e
04bf3
0500f
0508c
0516f
051e0
051f2
052df
053bb
0547f
054f4
05513
05523
05530
05535
055fe
05cde
05e4b
05ef8
05f08
05f0f
05f28
05f4e
05fe4
05fec
06001
06069
0612e
06148
0615b
06161
061fa
06276
06286
06294
062ab
062da
063ed
0640e
06435
066b0
06731
06735
067c0
0687e
068f9
068fd
06901
06905
06909
0482e
04839
04844
04853
0485b
048e7
048f8
04903
0490c
04a50
04a5f
04a6a
04f54
05021
050d2
05195
051f7
0520c
052ee
05428
05538
05568
05578
05588
05595
05599
05733
05d25
05e0c
05f39
05f46
05f5c
05f74
05f96
06006
06025
0603a
0609d
0613e
06164
0616d
06181
06194
0619a
06233
062cc
062f8
06345
06425
0644d
06679
06742
06747
0674b
06891
0690b
0690f
06913
06917
0691b
049c8
049d0
049dd
049ec
049f3
04a72
04a8a
04a96
04a9e
04b30
04bc9
04bd7
04d24
05039
050b6
05198
05219
0527a
0532f
0534a
05356
05366
0538d
0551d
05576
0558d
055b7
055ce
055e1
055e5
05734
0581f
05ecc
060cf
060d9
060e5
060fa
0610d
0617b
061aa
061be
061d8
0623b
062d5
062dd
062f2
062fa
062fe
063dc
063e9
06412
06718
067d5
067da
067de
068a6
06920
06924
06928
0692c
06930
04a01
04a0b
04a18
04a25
04a2d
04ab7
04ac8
04ad3
04adc
04beb
04bfa
04c05
0500f
050c9
0517a
051bd
0521e
05232
0533e
0537a
0539c
053bd
053cd
053f4
0557e
055ac
055fc
05612
05626
0562a
057c0
05dcf
05f0e
05fe6
05fff
0610e
0611a
0612f
061d6
061f2
06208
06263
0629c
062ff
06308
0631c
06324
06328
06404
0642a
0652e
0676d
067ed
067f1
0687d
06931
06935
06939
0693d
06941
048db
048e5
048f1
04900
04907
04a4c
04af0
04b01
04b0c
04b15
04c1d
04c2a
04c95
05063
050e0
051c0
0522e
0523f
05307
05382
053b1
053ef
05421
05429
05442
05465
0561a
05648
05661
0566d
05717
05895
05f3b
05fdd
05ff2
05ff9
0600e
0602c
06150
061ed
0621c
06235
0624c
06316
06330
06334
0634a
06350
06424
06431
06456
066c4
067ff
06804
06808
068ce
06946
0694a
0694e
06952
06956
0491c
04925
04930
0493f
04947
04b26
04b35
04b42
04b49
04c3f
04c4e
04c59
04fbb
050f3
05126
051e5
05244
05258
05316
05406
05448
0546a
05495
0549d
054c2
055b6
05663
05691
056a6
056b2
05755
05e44
05f83
06021
06030
06041
06064
06081
06190
06248
06260
06278
062f0
06353
0635c
0636c
06376
0637a
0639a
06449
064a4
06797
06817
0681b
06829
06957
0695b
0695f
06963
06967
04951
0495b
04967
04976
0497e
04abe
04b5e
04b71
04b7a
04b83
04c6c
04c7b
04cdd
0508d
0510a
051e8
05254
05265
0531b
05450
0547f
054bd
054f4
05500
05510
05533
05681
056ce
056e2
056f5
056f9
0587d
05fab
06059
06068
0606f
06084
0609c
06142
0614a
0615f
061c3
06284
0629e
062a6
062aa
06372
06382
06390
063a1
063ca
066ee
067ac
067b1
06817
068f6
0696c
06970
06974
06978
0697c
04990
0499b
049a6
049b5
049bd
04a45
04a56
04a61
04a6a
04b97
04ba6
04bb1
04fe5
0509f
05150
0520d
0526a
0527e
0532a
054d4
05516
05538
0555f
05567
0558a
05640
056ed
05715
0572a
05737
057d5
05d5b
05e98
06097
060a0
060b7
060d5
060f7
06164
06181
06196
061f5
06294
062b2
062b6
062cc
062d2
06344
063bc
063e2
064e0
06743
067c3
067c7
06853
0697d
06981
06985
06989
0698d
03e0e
04b1d
04b26
04b33
04b42
04b49
04bb9
04bc7
04bd2
04bdb
04cb1
04cbf
04ccb
04e1a
050b7
05134
0520f
05284
052c2
053e4
05416
0545e
05483
054a9
054cb
05566
05585
055b7
055ce
055e1
056fc
05752
0575d
05770
05774
058aa
05990
0602e
06226
06230
0623d
06256
06278
062c4
062f0
062fa
063ba
063cc
063d0
063e5
063ef
0650d
0651b
0651f
06841
06857
0685b
0691e
06993
06997
0699b
03e8b
04b56
04b61
04b6e
04b7b
04b83
04bec
04bf9
04c00
04c61
04cdd
04cea
04e3b
0508d
05147
051f1
05233
05289
05296
0535a
05388
05451
054be
054ca
054f1
0552d
055ae
055fc
05612
05626
0573b
05783
0579c
057b7
057bb
05926
05f08
06070
0614c
06169
06265
06272
0628b
06306
0631e
0632f
063ec
063f3
06406
0640b
0652e
0653f
06543
067ea
06869
0686e
068f6
0699d
069a1
069a5
03c72
04a39
04a43
04a4f
04a5e
04a65
04b93
04c16
04c23
04c2a
04cf9
04d08
04d13
04d7e
050e1
0515e
05235
05292
0529c
053bb
053e1
054b2
054e4
05529
0554f
05571
05594
055e8
0562b
05648
05661
05791
057d3
057eb
057f0
05894
05a04
0609d
0613e
06152
06159
06172
06196
06318
06344
0634e
06402
06415
06419
0642d
06437
06471
0647f
06483
0686b
06881
06885
06944
069ab
069af
069b3
03cf6
04a79
04a81
04a8c
04a9b
04aa3
04c37
04c47
04c50
04c59
04d24
04d32
04da1
05039
05171
051a1
05259
052a1
052ae
05365
05376
05421
05447
05490
05520
05591
05617
0563e
05688
0569d
056b0
057d0
05814
0582a
0582f
058ce
05f78
060e5
06188
0618e
061a3
061c0
061dc
0635a
0636e
0637f
06433
0643b
0644c
06451
06493
064a4
064a8
06814
06893
06898
068a6
069b5
069b9
069bd
03d40
04aab
04ab5
04ac1
04ad0
04ad7
04be7
04c68
04c73
04c7b
04d3f
04d4c
04d57
04dcc
0510b
05188
0525b
052aa
052b4
05344
05394
053cc
053dd
05495
054ae
054f7
05581
05672
056b5
056d6
056eb
05794
05840
0585c
0586c
05870
059dc
0610e
061b4
061c4
061cb
061e4
06208
0629a
062a4
06372
06396
0639d
063a7
06459
0645d
064bf
064cd
064d1
06829
0682e
06832
0696a
069c3
069c7
069cb
03dc4
04ae8
04af3
04afe
04b0d
04b15
04b98
04ba5
04bad
04c11
04c95
04ca2
04def
05063
0511d
051c9
0527f
052b9
052c6
05384
053f1
05403
05435
0545c
05502
05523
056a1
056c8
0570e
05721
05735
0584e
0588d
058a2
058a7
05948
05e92
05ffa
061f3
06200
06216
0622c
0624e
062b2
062ca
062e1
063a4
063ab
063be
063c3
064e0
064f2
064f6
067c0
0683f
06844
068ce
069cd
069d1
069d5
03cd3
03cdb
03ce2
03cf6
03cff
03fd6
04c37
04c48
04c52
04cb2
04cbe
04cc7
04d19
04ed7
05135
051b1
05281
052cc
052fd
053af
053d6
053e4
053ec
05405
0540a
05434
0544a
0545b
05466
05483
05565
0563c
0566a
0568c
056b0
05752
0575c
0576f
05880
058cb
058da
058ed
058f1
05a16
05b01
06190
06342
06361
063b8
063d2
063ef
064f9
065cb
065da
06814
068cf
068d4
06957
069d9
069dd
069e1
03d3d
03d46
03d57
03d61
03d69
0402b
04c68
04c75
04c7c
04cdb
04ce6
04cef
04eed
0510b
051c2
05264
05297
052d0
052db
0535a
0541f
05446
0544f
0545f
0546f
0548c
054ae
054be
054c9
054cf
055b6
05681
056af
056d3
056f5
05783
0579b
057b6
058b9
058eb
05917
05931
05935
05a9a
061c2
06265
062b0
06381
063e9
06408
0650e
06532
065f5
065f9
06869
068e6
068ea
0699c
069e5
069e9
03da1
03da9
03db0
03dc4
03dcd
03ec2
04b8f
04ba0
04baa
04c88
04cff
04d0a
04d13
04e5f
0515f
051d9
05299
052d5
052e0
053bb
0547d
054a4
054b2
054ba
054d3
054d8
05505
05518
0552d
05534
0554f
0569e
056ed
0570d
05728
05784
057c2
057da
057ed
05908
0594b
05963
05969
05a05
05b75
061f6
06296
062b9
06400
0641a
06437
0652c
06552
06562
067c0
068f7
068fc
0697d
069ed
069f1
069f5
03e0b
03e14
03e25
03e2f
03e37
03f1d
04bc2
04bd0
04bd9
04d1e
04d2b
04d32
04e76
050b7
051ea
05218
052af
052e4
052ef
05422
054e4
0550b
05519
05521
05539
0553f
05567
05579
0558a
05596
055b2
055c3
055e1
056e4
05734
057d0
05814
05828
0583f
05945
0598b
0599e
059a6
05a3f
0618c
0623c
062db
06304
06431
0644e
0647c
06495
0657e
06582
06893
0690e
06912
069b4
069f9
069fd
03e69
03e71
03e78
03e8b
03e95
03f4c
04be3
04bf4
04bfe
04cd0
04d45
04d4e
04d57
04e9b
05189
05201
052b1
052e9
052f4
05348
0535f
0537b
0538b
05397
0539b
05496
0555d
05578
05580
0558f
0559f
055d9
05605
0561d
05693
05802
05840
0585d
0586b
0590c
059a2
059d0
059e1
059e5
05b51
06264
062ee
0630d
06394
063a3
0645e
064ac
0658f
0659e
067ea
068a9
068ad
06931
06a01
06a05
06a09
03c6f
03c78
03c89
03c93
03c9b
03fa7
04c16
04c25
04c2c
04c93
04c9e
04ca7
04eb2
050e1
0519a
0523e
052c7
052f8
05303
05350
05378
05381
05391
053a1
053c3
053e0
053f0
053fb
05401
054fd
055cf
0561a
05648
0565f
056d8
0584e
0588d
058a0
058b8
059bf
059ff
05a12
05a1a
05ab9
06150
061f7
06330
06358
063a1
063c0
064bd
064e4
065ba
065be
0683f
068be
068c2
069cc
06a0d
06a11
03cab
03cb3
03ce9
03cf7
03cff
03e16
03f07
03f1a
03f22
04164
04d20
04d2f
04d37
04f7e
05176
05226
052af
05308
05339
053ae
053b8
053f7
05421
05429
0543a
0546b
0550d
05520
0560e
05618
0562c
05631
05649
05669
0566f
057d0
05801
05828
05894
058ce
058da
058f9
05a16
05a40
05a54
05a60
05b01
05bcf
06424
06439
06457
06474
064f1
06677
06686
068cf
06948
0694c
06a15
06a19
06a1d
03d15
03d2d
03d58
03d62
03d69
03e82
03f5a
03f64
03f6c
04d3e
04d4b
04d52
04f94
05183
051c6
0523c
052d9
0530c
05317
05417
05425
05472
05495
0549d
054c4
05556
0557b
055b9
05653
0565d
05671
05676
05694
056ae
056b4
0580f
05840
05867
058c4
0590b
05917
05937
05a33
05a7d
05a91
05aa3
05b3e
05caa
0639a
06458
06498
064ba
065de
0669f
066a3
06959
0695d
069c1
06a21
06a25
03c7a
03d86
03d8e
03db7
03dc5
03dcd
03f91
03fa4
03fac
04068
04c90
04c9f
04ca7
04f0e
05122
0524c
052c7
05311
0531c
0536b
0537e
0547c
05493
054c5
054f4
05500
05508
0553b
05681
0569e
056a9
056b9
056cf
056ea
056f7
05794
05871
05890
058b4
05907
05948
05953
05973
05a95
05abf
05ad5
05adc
05c48
06390
063a9
063d1
064c1
0653e
06606
06616
068f7
0696e
06972
06a29
06a2d
06a31
03cec
03df1
03dfb
03e26
03e30
03e37
03fe4
03fee
03ff6
04cb0
04cbe
04cc7
04f25
0512f
051ee
05262
052ed
05320
0532b
053d8
053eb
054e5
05501
05540
05559
05565
0558c
05643
056dd
056e7
056fb
05700
05718
05732
05739
05760
0577f
058a5
0592b
05960
05990
0599e
05a3f
05ad2
05b02
05b13
05b19
05c86
063c5
063e2
0647c
064e1
06566
06630
06634
0697f
06983
06991
06a35
06a39
03d48
03e50
03e58
03e7f
03e8d
03e95
04015
04029
04030
040e6
04cd8
04ce7
04cef
04f46
0514c
05272
05297
05325
05330
05348
05355
0535d
0538d
05436
0544b
054eb
05563
055a1
055b7
055d5
055e2
05690
05722
0572d
0573d
0574c
05783
057aa
0581e
05981
059c4
059d1
059ed
05af0
05b33
05b4a
05b54
05bea
063dc
063f1
06413
06506
06519
0663f
0664e
068a7
06923
0697f
06a3d
06a41
06a45
03c47
03c5f
03c8a
03c94
03c9b
03dba
03ed0
03eda
03ee2
04cf8
04d07
04d0e
04f5d
05159
0519e
05216
05301
05334
0533f
05350
05378
053b3
053c0
053cd
053fe
054a3
054b8
055ac
055cf
055da
055ea
055ff
0561e
05628
056d8
057b7
057de
057fd
059ab
059dd
05a04
05a12
05ab9
05b4e
05b76
05b87
05b8d
05cfa
0640d
0642a
064bd
0652e
065a2
06668
0666c
06933
06937
069a9
06a49
06a4d
0538e
05398
053a6
05590
055a1
055e0
055ee
05693
05723
05727
0573d
057f7
05804
0583e
060e4
060e8
0617e
061a4
061ab
062d9
062e5
0643b
0649e
064ad
064b1
065a4
06652
068ab
068b2
06927
069b7
06a02
06a3d
06a50
06a54
06a58
06a5c
06a60
06a64
06a68
06a6c
06a70
06a74
06a78
06a7c
06a80
06a84
06a88
06a8c
06a90
06a94
06a98
06a9c
06aa0
06aa4
06aa8
06aac
06ab0
06ab4
06ab8
06abc
05393
053a4
053f5
053ff
0540d
055d2
055e8
055f0
05628
056d6
056da
05841
0586d
05882
0611b
061b5
061d7
061e0
061e6
06309
06454
06461
064cd
064d6
065bb
06668
066ba
068c4
06935
0693c
06a0a
06a0e
06a49
06a52
06abd
06ac1
06ac5
06ac9
06acd
06ad1
06ad5
06ad9
06add
06ae1
06ae5
06ae9
06aed
06af1
06af5
06af9
06afd
06b01
06b05
06b09
06b0d
06b11
06b15
06b19
06b1d
06b21
053f8
05407
0540f
05464
0546b
05615
05619
0562f
0566a
05678
05717
05875
05884
058b6
05ff8
05ffc
061f0
06217
0621d
0632d
06339
063ab
064ec
064fb
064ff
065e0
0668a
068d3
068da
0694d
069cf
069da
06a15
06abd
06ac1
06b26
06b2a
06b2e
06b32
06b36
06b3a
06b3e
06b42
06b46
06b4a
06b4e
06b52
06b56
06b5a
06b5e
06b62
06b66
06b6a
06b6e
06b72
06b76
06b7a
06b7e
06b82
06b86
06b8a
05461
05472
054c3
054cd
054db
055b9
0565a
0565e
05674
056af
056bd
05781
058ae
058bd
06035
06227
06249
06252
06258
0635d
063c9
063d5
0651b
06524
065f6
0669f
066e4
068ec
0695b
06962
069e2
069e6
06a21
06b26
06b8b
06b8f
06b93
06b97
06b9b
06b9f
06ba3
06ba7
06bab
06baf
06bb3
06bb7
06bbb
06bbf
06bc3
06bc7
06bcb
06bcf
06bd3
06bd7
06bdb
06bdf
06be3
06be7
06beb
06bef
054c6
054d5
054dd
05532
0553b
055fc
05600
056a1
056b7
056bf
056f7
05779
05788
057c0
0606e
06072
06145
06285
0628b
0637c
06389
063f3
06539
06548
0654c
06568
0661a
068fb
06902
06973
0699f
069ee
06a29
06b8b
06b8f
06bf4
06bf8
06bfc
06c00
06c04
06c08
06c0c
06c10
06c14
06c18
06c1c
06c20
06c24
06c28
06c2c
06c30
06c34
06c38
06c3c
06c40
06c44
06c48
06c4c
06c50
06c54
06c58
0552c
05540
0558b
05596
055a5
05643
056e4
056e8
056fe
05733
05743
057c3
057ef
05806
060ab
0613f
06165
0616e
06174
062b5
06411
0641d
0647f
06488
0657f
06630
0670e
06914
06981
06988
069f6
069fa
06a35
06a58
06bf2
06bf6
06c5b
06c5f
06c63
06c67
06c6b
06c6f
06c73
06c77
06c7b
06c7f
06c83
06c87
06c8b
06c8f
06c93
06c97
06c9b
06c9f
06ca3
06ca7
06cab
06caf
06cb3
06cb7
0543d
05441
0553f
055d6
055e1
055f2
05730
0573f
05771
05786
0581f
058ae
058bd
05976
059a1
059b5
0623c
062c3
062d6
062e0
062e7
063ce
06513
06522
06526
06580
06588
0664c
066e4
06922
06929
069f6
06a3d
06a5c
06a60
06a64
06a68
06a6c
06b92
06b96
06b9a
06c59
06cbc
06cc0
06cc4
06cc8
06ccc
06cd0
06cd4
06cd8
06cdc
06ce0
06ce4
06ce8
06cec
06cf0
06cf4
06cf8
06cfc
06d00
06d04
054a6
0559b
055a7
055dd
055ec
0561e
05626
05637
05784
057b8
057c5
0585e
059ac
059b7
059e3
0626f
06273
062ef
06307
0630d
063ed
063f9
06541
0654a
06597
065a3
065a8
0666e
06738
0693a
0699f
06a05
06a49
06ac3
06ac7
06acb
06acf
06ad3
06bf9
06bfd
06c01
06cba
06cbe
06d07
06d0b
06d0f
06d13
06d17
06d1b
06d1f
06d23
06d27
06d2b
06d2f
06d33
06d37
06d3b
06d3f
06d43
06d47
0539f
053aa
0550d
0561b
0562b
05639
05662
0566f
057b0
057c7
057ff
05895
05899
059f0
05a15
05a29
06158
06317
0632a
06335
0633b
06417
06477
06486
0648a
065bc
065c4
06684
0670e
06948
0694f
06a0a
06a15
06ad6
06b2c
06b30
06b34
06b38
06b3c
06c5e
06c62
06c66
06d07
06d4a
06d4e
06d52
06d56
06d5a
06d5e
06d62
06d66
06d6a
06d6e
06d72
06d76
06d7a
06d7e
06d82
06d86
06d8a
06d8e
0540a
0556c
05570
05667
05676
056a5
056b0
056c1
05757
057f7
05804
0583e
058ea
058fe
05a27
0618f
06193
06343
0635b
06361
06434
06441
064a6
064af
065d3
065df
065e4
066a5
06762
06960
069b7
069dd
06a21
06a73
06a77
06a7b
06b3e
06ba1
06ba5
06ba9
06bad
06d4a
06d4e
06d91
06d95
06d99
06d9d
06da1
06da5
06da9
06dad
06db1
06db5
06db9
06dbd
06dc1
06dc5
06dc9
06dcd
06dd1
0536f
05373
05471
056a9
056b5
056c3
056ec
056f9
05794
05798
05841
0586d
05882
058fc
05927
0593b
061ca
06299
06373
06385
0638b
0645b
064c5
064d4
064d8
065f7
065ff
06614
066ba
0696e
06975
069e2
06a29
06ad8
06adc
06ae0
06ae4
06c06
06c0a
06c0e
06c12
06c16
06d91
06dd4
06dd8
06ddc
06de0
06de4
06de8
06dec
06df0
06df4
06df8
06dfc
06e00
06e04
06e08
06e0c
06e10
06e14
06e18
053d8
054d4
054df
056f0
05700
05729
05735
05747
057d5
05875
05884
058b6
0592c
0593d
05969
06201
06205
06297
062b3
062b9
063a5
063b1
064f4
064fd
0655b
06567
0656c
06636
0678c
06986
069cf
069f1
06a35
06b41
06b45
06b49
06c19
06c6b
06c6f
06c73
06c77
06cc0
06cc4
06dd6
06e19
06e1d
06e21
06e25
06e29
06e2d
06e31
06e35
06e39
06e3d
06e41
06e45
06e49
06e4d
06e51
06e55
053e9
053ed
0540a
05652
05656
056fe
0576e
0577d
0578a
058b0
058b7
058ea
058fe
05993
05a20
05a2b
05ae0
05b14
05b23
063bb
063cc
063d3
06513
06522
06526
065da
065e2
0662a
06635
0663a
06762
06993
069dd
06b3d
06b93
06b97
06b9b
06bb4
06bb8
06cc7
06ccb
06d98
06d9c
06e58
06e5c
06e60
06e64
06e68
06e6c
06e70
06e74
06e78
06e7c
06e80
06e84
06e88
06e8c
06e90
06e94
06e98
06e9c
05452
0546d
05478
05699
0573b
05741
0577b
05783
057b5
057bd
057c9
058fc
05927
0593b
059d0
05b11
05b25
05b54
063dd
063ea
063f5
063fb
06541
0654a
065f0
065fc
06601
0664d
06654
066f9
067b6
069e2
06a3d
06bb1
06bfa
06bfe
06c02
06c1b
06c1f
06d0e
06ddb
06ddf
06de3
06e5a
06e9d
06ea1
06ea5
06ea9
06ead
06eb1
06eb5
06eb9
06ebd
06ec1
06ec5
06ec9
06ecd
06ed1
06ed5
06ed9
054b7
054bb
054d8
055e8
055f0
056de
057ad
057bc
057cb
057f1
05800
0592c
0593d
05969
05a05
05a09
05b5a
05b88
05b97
06403
06415
0641b
06477
06486
0648a
06562
0656a
06662
0666d
06672
0678c
069ab
069f1
06ac3
06c5b
06c5f
06c63
06c67
06c7e
06d51
06d55
06e1c
06e20
06e9d
06ea1
06ede
06ee2
06ee6
06eea
06eee
06ef2
06ef6
06efa
06efe
06f02
06f06
06f0a
06f0e
06f12
06f16
06f1a
05520
0553a
05546
0562f
0571b
0571f
057f9
05801
0582b
0583a
05847
058d1
0596f
05978
059a6
05a5d
05a6c
05b91
06425
06432
0643d
06443
064a6
064af
06579
06585
0658a
06685
0668c
06723
067e0
069f6
06a15
06a73
06a77
06a7b
06a7f
06a83
06c5a
06ccf
06cd3
06da0
06da4
06ede
06f1b
06f1f
06f23
06f27
06f2b
06f2f
06f33
06f37
06f3b
06f3f
06f43
06f47
06f4b
06f4f
06f53
06f57
0557f
05583
055a0
055c8
055cc
05674
05833
0583b
05849
0586f
0587e
0590c
05910
059b3
059de
059f2
05a66
05a9a
05aa9
06397
06459
0645f
064c5
064d4
064d8
0659e
065a6
06699
066a4
066a9
06738
069c3
06a05
06a6f
06ada
06ade
06ae2
06ae6
06aea
06d12
06d16
06d1a
06de7
06f1b
06f1f
06f5c
06f60
06f64
06f68
06f6c
06f70
06f74
06f78
06f7c
06f80
06f84
06f88
06f8c
06f90
06f94
06f98
05384
0539f
053aa
0560f
056b7
056bf
05877
0587f
058a3
058b2
058c1
0594b
059e9
059f4
05a1a
05a97
05aab
05ada
06391
063a2
063ad
063b3
064f4
064fd
065b5
065c1
065c6
06615
0661c
066cf
0680a
06a0a
06a29
06b3f
06b43
06b47
06b4b
06b4f
06c06
06d59
06d5d
06e24
06e28
06e60
06f5a
06f5e
06f9b
06f9f
06fa3
06fa7
06fab
06faf
06fb3
06fb7
06fbb
06fbf
06fc3
06fc7
06fcb
06fcf
053b0
053f8
05407
0540f
05617
0562d
05635
057e6
05875
05884
058ec
058f9
05a16
05a23
05a2d
05a60
05aff
05b03
05b91
05c47
05c54
05c86
064ed
06500
065da
065e2
0667e
06689
0668e
066d0
06761
0689c
069dd
06abd
06b3d
06d95
06d99
06d9d
06da7
06dab
06e67
06f22
06f26
06f2a
06fd4
06fd8
06fdc
06fe0
06fe4
06fe8
06fec
06ff0
06ff4
06ff8
06ffc
07000
07004
07008
0700c
07010
07014
05419
05461
05472
0565a
0565e
05674
05823
05827
058b9
058eb
058f8
05904
05930
05937
05a5a
05a6e
05aa3
05b3c
05b40
05c8b
05cb9
05cce
06522
065f0
065fc
06601
066a0
066a7
066de
066e7
067f4
069e2
06a1f
06b91
06bb1
06ddc
06de0
06de4
06dee
06ea4
06ea8
06f63
06f67
06fd2
06fd6
07017
0701b
0701f
07023
07027
0702b
0702f
07033
07037
0703b
0703f
07043
07047
0704b
0704f
0547e
054c6
054d5
054dd
056a1
056b7
056bf
05784
05862
05866
0592a
05938
05964
0596a
0597c
05a9e
05ad6
05ae8
05b75
05cc0
05cd0
05cfa
0653a
0654d
06562
0656a
0660e
06619
0661e
066fa
0678b
06848
069f1
06b8b
06c05
06e19
06e1d
06e21
06e2b
06e2f
06ee5
06f9a
06f9e
06fa2
07017
07052
07056
0705a
0705e
07062
07066
0706a
0706e
07072
07076
0707a
0707e
07082
07086
0708a
0708e
054e7
0552c
05540
056e4
056e8
056fe
057b0
057c7
0589d
05962
05972
0597e
059a3
059b0
05a3d
05a41
05ae0
05b14
05b23
05bcf
05cf7
05d07
06486
06579
06585
0658a
06631
06638
06708
06711
0681e
069f6
06a33
06c59
06c68
06cce
06cd2
06cd6
06cda
06e6b
06e6f
06e73
06f2e
07052
07056
07091
07095
07099
0709d
070a1
070a5
070a9
070ad
070b1
070b5
070b9
070bd
070c1
070c5
070c9
05349
0558e
0559d
055a3
05725
0573b
05741
05768
057f7
05804
059aa
059b2
059da
059e4
059f6
05a7c
05b11
05b25
05b54
05bcd
05bdc
05c0c
0649f
064b2
0659e
065a6
06646
06651
06656
06724
06737
06872
06a05
06a56
06a6f
06d11
06d15
06d19
06d1d
06d21
06eac
06eb0
06f6b
06f6f
07091
070cc
070d0
070d4
070d8
070dc
070e0
070e4
070e8
070ec
070f0
070f4
070f8
070fc
07100
07104
07108
05345
05393
053a4
055d0
055d4
055ea
057a5
057a9
05841
059df
059ec
059f8
05a17
05a24
05ab7
05abb
05b5a
05b88
05b97
05c10
05c3f
05c56
064d4
065b5
065c1
065c6
06669
06670
066b4
066bd
067ca
06a0a
06a47
06ac3
06ad8
06d58
06d5c
06d60
06d64
06ee9
06eed
06ef1
06fa6
06fd8
06fdc
070ce
07109
0710d
07111
07115
07119
0711d
07121
07125
07129
0712d
07131
07135
07139
0713d
0550b
0550f
055fa
05622
05631
057b0
057c7
0595c
059e9
059f4
05a56
05a62
05b7f
05b93
05b9b
05bcf
05c6d
05c71
05cff
05db6
05dc2
05dec
06478
0648b
065c3
0667e
06689
0668e
0670f
06746
0674f
067e0
06918
06b2a
06d05
06f21
06f25
06f29
06f33
06f37
06fe1
07096
0709a
0709e
07142
07146
0714a
0714e
07152
07156
0715a
0715e
07162
07166
0716a
0716e
07172
07176
0717a
0717e
07182
0556e
0563d
05664
05670
0567e
05802
05997
0599b
05a27
05a58
05a68
05a72
05a93
05aa5
05bcd
05bdc
05c0c
05caa
05cae
05df9
05e24
05e3c
064ad
065d4
065e5
066a0
066a7
0671d
06726
06761
06766
06873
06a1f
06b9e
06d95
06f62
06f66
06f6a
06f74
0701c
07020
070d5
070d9
07140
07144
07185
07189
0718d
07191
07195
07199
0719d
071a1
071a5
071a9
071ad
071b1
071b5
071b9
071bd
0536f
05373
05684
056ac
056bb
05836
05845
058fc
059d4
059d8
05a9c
05aa7
05ace
05ad8
05aea
05c10
05c3f
05c56
05ce3
05e2f
05e3e
05e62
064c6
064d9
065fe
0660e
06619
0661e
066bb
06770
06779
0680a
068c8
06ad8
06d8f
06f99
06f9d
06fa1
06fab
06faf
0705b
0710a
0710e
07112
07185
071c0
071c4
071c8
071cc
071d0
071d4
071d8
071dc
071e0
071e4
071e8
071ec
071f0
071f4
071f8
071fc
053d8
056c7
056ee
056fa
05708
05880
0592c
0593d
05a0d
05ad2
05ae2
05aec
05b0d
05b19
05bab
05baf
05c4e
05c7c
05c91
05d35
05e66
05e75
064fb
0655c
0656d
06631
06638
066c9
066d2
0678b
06790
0689d
06a33
06c68
06e19
06e6c
06e70
06e74
06e78
06fe5
06fe9
06fed
070a2
071c0
071c4
071ff
07203
07207
0720b
0720f
07213
07217
0721b
0721f
07223
07227
0722b
0722f
07233
07237
0543d
05441
055b5
05730
0573f
058ae
058bd
058e2
0596f
05978
05b1b
05b21
05b4a
05b52
05b64
05bea
05c84
05c93
05cc3
05d3c
05d4a
05d72
06514
06527
06587
06646
06651
06656
066e5
0679a
067a3
067b6
068f0
06a5c
06cc0
06ea9
06ead
06eb1
06eb5
06eb9
07024
07028
070dd
070e1
071ff
0723a
0723e
07242
07246
0724a
0724e
07252
07256
0725a
0725e
07262
07266
0726a
0726e
07272
07276
054a6
055ad
055da
055e6
055f4
05784
0591d
05921
059b3
05b4e
05b5c
05b66
05b85
05b8d
05c25
05c29
05cc8
05cf2
05d05
05d7e
05daa
05dc4
06548
06598
065a9
06669
06670
066f3
066fc
06737
0673c
06849
06a47
06bf9
06d11
06eea
06eee
06ef2
06ef6
0705f
07063
07067
07116
07146
0714a
0723c
07277
0727b
0727f
07283
07287
0728b
0728f
07293
07297
0729b
0729f
072a3
072a7
072ab
056dc
056e0
05792
057b2
057c2
0592c
0593d
05aca
05b48
05b62
05bc7
05bd0
05ced
05d01
05d09
05d35
05ddb
05ddf
05e6d
05f1e
05f2a
05f52
06478
0648b
06569
06663
06673
0670f
06785
0678e
067c5
067ce
068db
06c5c
06e9d
07095
07099
0709d
070a7
070ab
0714f
07204
07208
0720c
072b0
072b4
072b8
072bc
072c0
072c4
072c8
072cc
072d0
072d4
072d8
072dc
072e0
072e4
072e8
072ec
072f0
0571d
057cf
057f4
057fc
0580a
05976
05b05
05b09
05b91
05bca
05bd6
05be0
05c04
05c13
05d3c
05d4a
05d72
05e18
05e1c
05f5f
05f88
05fa0
064ad
0657a
0658b
0668b
0671d
06726
067a0
067a5
067e1
06872
0692a
06ccc
06f21
070d4
070d8
070dc
070e6
0718a
0718e
07243
07247
072ae
072b2
072f3
072f7
072fb
072ff
07303
07307
0730b
0730f
07313
07317
0731b
0731f
07323
07327
0732b
055c8
055cc
05810
05838
05840
059ac
059b7
05a66
05b42
05b46
05c0e
05c15
05c3c
05c45
05c58
05d7e
05daa
05dc4
05e51
05f93
05fa2
05fc4
064c6
064d9
065a5
0669a
066aa
066bb
06731
0673a
067ef
067f8
06903
06ad8
06f1b
07109
0710d
07111
0711b
0711f
071c9
07278
0727c
07280
072f3
0732e
07332
07336
0733a
0733e
07342
07346
0734a
0734e
07352
07356
0735a
0735e
07362
07366
0736a
0560f
0584d
05872
0587a
05888
059f0
05a97
05aab
05b7b
05c44
05c50
05c5a
05c7e
05c87
05d19
05d1d
05dbc
05de7
05dff
05ea1
05fc8
05fd7
064fb
065b6
065c7
0661b
066c9
066d2
0674c
06751
0680b
0689c
06950
06d56
06f9a
06fe6
06fea
06fee
06ff2
07153
07157
0715b
07210
0732e
07332
0736d
07371
07375
07379
0737d
07381
07385
07389
0738d
07391
07395
07399
0739d
073a1
073a5
05652
05656
05753
058b0
058b7
05a20
05a2b
05a50
05ad4
05ae6
05c89
05c8f
05cb6
05cc1
05cd2
05d58
05df3
05e01
05e29
05ea8
05eb6
05edc
06514
06527
065e1
0662b
0663b
066e5
0675b
06764
06819
06822
068b3
06b91
06e5e
07021
07025
07029
0702d
07031
07192
07196
0724b
0724f
0736d
073a8
073ac
073b0
073b4
073b8
073bc
073c0
073c4
073c8
073cc
073d0
073d4
073d8
073dc
073e0
073e4
05699
0574b
05776
0577e
0578c
058fc
05a8b
05a8f
05b1d
05cbe
05cca
05cd4
05cf4
05cfb
05d93
05d97
05e36
05e5b
05e73
05ee8
05f12
05f2c
06548
065f1
06602
06653
066f3
066fc
06776
0677b
067b7
06848
06976
06dda
06ea9
07060
07064
07068
0706c
071cd
071d1
071d5
07284
072b4
072b8
073aa
073e5
073e9
073ed
073f1
073f5
073f9
073fd
07401
07405
07409
0740d
07411
07415
07419
05862
05866
0590a
0592a
05938
05a97
05aab
05c38
05cc0
05cd0
05d36
05d3e
05e5d
05e6f
05e77
05ea1
05f41
05f45
05fcf
06080
0608c
060b4
0655c
0656d
0661b
066f4
066fe
0678d
06803
0680c
06843
0684c
06950
06e19
07015
07203
07207
0720b
07215
07219
072bd
07372
07376
0737a
0741e
07422
07426
0742a
0742e
07432
07436
0743a
0743e
07442
07446
0744a
0744e
07452
07456
0745a
0745e
0589d
05945
05962
05972
0597e
05ae0
05c73
05c77
05cff
05d39
05d44
05d4e
05d73
05d81
05ea8
05eb6
05edc
05f7c
05f80
060c1
060ea
06102
06587
0662b
0663b
0670f
0679b
067a4
0681e
06823
0685f
068ef
06995
06e6a
07096
07242
07246
0724a
07254
072f8
072fc
073b1
073b5
0741c
07420
07461
07465
07469
0746d
07471
07475
07479
0747d
07481
07485
07489
0748d
07491
07495
07499
05766
0576a
05984
059aa
059b2
05b11
05b25
05bd4
05cb0
05cb4
05d7c
05d83
05dac
05db4
05dc6
05ee8
05f12
05f2c
05fb3
060f5
06104
06126
06598
065a9
06653
0671e
06728
06739
067af
067b8
0686d
06876
06976
06d11
0708f
07277
0727b
0727f
07289
0728d
07337
073e6
073ea
073ee
07461
0749c
074a0
074a4
074a8
074ac
074b0
074b4
074b8
074bc
074c0
074c4
074c8
074cc
074d0
074d4
074d8
057a7
059bf
059df
059ec
059f8
05b5a
05c0a
05c19
05ce9
05db3
05dbe
05dc8
05ded
05df5
05e87
05e8b
05f24
05f4d
05f65
06003
0612a
06139
065c3
06663
06673
066bb
06747
06750
067ca
067cf
06889
06917
069ad
06ee8
0710a
07154
07158
0715c
07160
072c1
072c5
072c9
0737e
0749c
074a0
074db
074df
074e3
074e7
074eb
074ef
074f3
074f7
074fb
074ff
07503
07507
0750b
0750f
07513
057e4
057e8
058cd
05a1e
05a26
05b81
05b99
05bbe
05c47
05c54
05df7
05dfd
05e26
05e30
05e40
05ec4
05f59
05f67
05f8d
0600a
06018
0603e
065d4
065e5
0668b
066ca
066d4
06763
067d9
067e2
06897
068a0
0692a
06d95
06fd8
0718f
07193
07197
0719b
0719f
07300
07304
073b9
073bd
074db
07516
0751a
0751e
07522
07526
0752a
0752e
07532
07536
0753a
0753e
07542
07546
0754a
0754e
07552
05825
058c5
058eb
058f8
05904
05a66
05bf9
05bfd
05c8b
05e2d
05e38
05e42
05e63
05e69
05efd
05f01
05f9a
05fbd
05fd5
0604a
06074
0608e
065fe
0669a
066aa
066e5
06771
0677a
067f4
067f9
06835
068c7
069c5
06f60
07022
071ce
071d2
071d6
071da
0733b
0733f
07343
073f2
07422
07426
07518
07553
07557
0755b
0755f
07563
07567
0756b
0756f
07573
07577
0757b
0757f
07583
07587
059d4
059d8
05a78
05a9c
05aa7
05c0a
05c19
05da6
05e2f
05e3e
05ea2
05eaa
05fbf
05fd1
05fd9
06003
060a3
060a7
06131
061da
061e8
0620c
0660f
0661f
066bb
06772
0677c
0680b
06881
0688a
068c1
068c9
069ad
06aeb
0710a
071cc
07373
07377
0737b
07385
07429
0742d
074e2
074e6
0758a
0758e
07592
07596
0759a
0759e
075a2
075a6
075aa
075ae
075b2
075b6
075ba
075be
075c2
075c6
075ca
05a0d
05ab3
05ad2
05ae2
05aec
05c4e
05de1
05de5
05e6d
05ea5
05eb0
05eba
05edd
05eeb
0600a
06018
0603e
060de
060e2
0621b
06240
0625a
06637
066ca
066d4
0678d
06819
06822
0689c
068a1
068d9
06963
069da
06e6a
071c0
073ae
073b2
073b6
073c0
073c4
07468
0751d
07521
07525
0758c
075cb
075cf
075d3
075d7
075db
075df
075e3
075e7
075eb
075ef
075f3
075f7
075fb
075ff
07603
058e0
058e4
05af2
05b1b
05b21
05c84
05c93
05d42
05e1e
05e22
05ee6
05eed
05f14
05f1c
05f2e
0604a
06074
0608e
06115
0624b
0625c
0627c
06647
06657
066e5
0679c
067a6
067b7
0682d
06836
068e9
068f1
069c5
06bb9
07022
07240
073e7
073eb
073ef
073f9
074a3
074a7
07556
0755a
075cb
075cf
07608
0760c
07610
07614
07618
0761c
07620
07624
07628
0762c
07630
07634
07638
0763c
07640
0591f
05b2d
05b4e
05b5c
05b66
05cc8
05d79
05d87
05e57
05f1b
05f26
05f30
05f53
05f5b
05fe9
05fed
06086
060af
060c7
06161
06280
06291
0666f
066f4
066fe
06739
067c5
067ce
06848
0684d
06901
06989
069ee
06ee8
0723a
072c0
072c4
072c8
072cc
072d0
07431
07435
074ea
074ee
07608
07641
07645
07649
0764d
07651
07655
07659
0765d
07661
07665
07669
0766d
07671
07675
07679
0595a
0595e
05a3b
05b8f
05b95
05cf7
05d07
05d2c
05db6
05dc2
05f5d
05f63
05f8a
05f94
05fa4
06026
060bb
060c9
060ef
06168
06178
0619a
0667f
0668f
0670f
06748
06752
067e1
06857
06860
06911
06919
06995
06c81
07096
07152
072ff
07303
07307
0730b
0746c
07470
07474
07529
07641
07645
0767e
07682
07686
0768a
0768e
07692
07696
0769a
0769e
076a2
076a6
076aa
076ae
076b2
076b6
05999
05a33
05a58
05a68
05a72
05bd4
05d67
05d6b
05df9
05f91
05f9c
05fa6
05fc5
05fcb
0605f
06063
060fc
0611f
06137
061a8
061ce
061ea
066a6
0671e
06728
06763
067ef
067f8
06872
06877
068b1
0693d
06a02
06f60
07140
0733a
0733e
07342
07346
0734a
074ab
074af
0755e
07562
07592
0767c
07680
076b9
076bd
076c1
076c5
076c9
076cd
076d1
076d5
076d9
076dd
076e1
076e5
076e9
05b42
05b46
05be6
05c0e
05c15
05d79
05d87
05f0e
05f93
05fa2
06004
0600c
06121
06133
0613b
06161
061fb
061ff
06289
06303
0630f
06326
066b5
066bf
06739
067f0
067fa
06889
068fa
06903
06937
0693f
069ee
06ac5
0710a
072f1
074df
074e3
074e7
074f1
074f5
07599
07648
0764c
076ec
076f0
076f4
076f8
076fc
07700
07704
07708
0770c
07710
07714
07718
0771c
07720
07724
07728
0772c
05b7b
05c21
05c44
05c50
05c5a
05dbc
05f47
05f4b
05fcf
06007
06012
0601c
0603f
0604d
06168
06178
0619a
06234
06238
06333
0634b
06367
066d0
06748
06752
0680b
06897
068a0
06914
0691a
0694e
069b9
06a16
06c81
07152
07372
0751e
07522
07526
07530
075d2
075d6
07685
07689
076ee
0772d
07731
07735
07739
0773d
07741
07745
07749
0774d
07751
07755
07759
0775d
07761
07765
05a4e
05a52
05c60
05c89
05c8f
05df3
05e01
05eae
05f82
05f86
06048
0604f
06076
0607e
06090
061a8
061ce
061ea
0626b
06356
06363
06378
066df
066e9
06763
0681a
06824
06835
068aa
068b3
0695d
06965
06a02
06a84
07022
0736b
07553
07557
0755b
07565
07569
0760f
076b8
076bc
0772d
07731
0776a
0776e
07772
07776
0777a
0777e
07782
07786
0778a
0778e
07792
07796
0779a
0779e
077a2
05a8d
05c9b
05cbe
05cca
05cd4
05e36
05ee3
05ef1
05fb9
0607d
06088
06092
060b5
060bd
06147
0614b
061e2
06207
06221
062a8
0637c
06389
066fa
06772
0677c
067b7
06843
0684c
068c4
068ca
06974
069d1
06a2a
06c07
071cc
073e6
07430
07434
07438
0743c
0759d
075a1
07650
07654
0776a
077a3
077a7
077ab
077af
077b3
077b7
077bb
077bf
077c3
077c7
077cb
077cf
077d3
077d7
077db
05ac8
05acc
05ba9
05cfd
05d03
05e66
05e75
05e98
05f1e
05f2a
060bf
060c5
060ec
060f6
06106
06182
06213
06223
06245
062af
062bb
062d2
06709
06713
0678d
067c6
067d0
0685f
068d2
068db
06983
0698b
069da
06b52
07096
072b4
0746b
0746f
07473
07477
0747b
075da
075de
0768d
077a3
077a7
077e0
077e4
077e8
077ec
077f0
077f4
077f8
077fc
07800
07804
07808
0780c
07810
07814
07818
05b07
05ba1
05bca
05bd6
05be0
05d42
05ed1
05ed5
05f5f
060f3
060fe
06108
06127
0612d
061b9
061bd
06254
06275
0628f
062de
062f7
06313
06724
0679c
067a6
067e1
0686d
06876
068ec
068f2
06928
069a1
06a3e
06bb9
07240
072fe
074aa
074ae
074b2
074b6
07613
07617
076c0
076c4
076f4
077de
077e2
0781b
0781f
07823
07827
0782b
0782f
07833
07837
0783b
0783f
07843
07847
0784b
05cb0
05cb4
05d54
05d7c
05d83
05ee3
05ef1
06070
060f5
06104
06162
0616a
06277
06287
0628d
062a8
0631b
0631f
06383
063ed
063f9
0640a
06543
06733
0673d
067b7
0686e
06878
06901
0696d
06976
0699f
069ee
06bfb
06c20
06c83
073e6
074a8
07649
0764d
07657
0765b
076fb
077aa
077ae
0784e
07852
07856
0785a
0785e
07862
07866
0786a
0786e
07872
07876
0787a
0787e
07882
07886
0788a
05ce9
05d8f
05db3
05dbe
05dc8
05f24
060a9
060ad
06131
06165
0616e
06174
0619b
061a9
062af
062bb
062d2
06345
06349
06417
06429
06445
0648c
0674e
067c6
067d0
06889
06911
06919
06986
0698c
069af
06a34
06c5e
06c81
07152
0749c
07682
07686
0768a
07694
07734
07738
077e7
077eb
07850
0788d
07891
07895
07899
0789d
078a1
078a5
078a9
078ad
078b1
078b5
078b9
078bd
078c1
05bbc
05bc0
05dce
05df7
05dfd
05f59
05f67
06010
060e4
060e8
061a4
061ab
061d0
061d8
061ec
062de
062f7
06313
0636d
06434
06441
06450
064a8
0675d
06767
067e1
06898
068a2
068b1
06921
0692a
069b7
06a02
06a5e
06a84
06aed
072fe
0751c
076b9
076bd
076c7
076cb
07771
0781a
0781e
0788b
078c4
078c8
078cc
078d0
078d4
078d8
078dc
078e0
078e4
078e8
078ec
078f0
078f4
078f8
078fc
05bfb
05e09
05e2d
05e38
05e42
05f9a
06045
06053
0611b
061d7
061e0
061e6
0620d
06215
0629d
062a1
06309
06321
0633d
0639e
06454
06461
064da
06778
067f0
067fa
06835
068c1
068c9
0693a
06940
069c7
06a48
06ada
06aed
071cc
07516
0759c
075a0
075a4
075a8
076ff
07703
077b2
077b6
078c6
078ff
07903
07907
0790b
0790f
07913
07917
0791b
0791f
07923
07927
0792b
0792f
07933
05c36
05c3a
05d17
05e6b
05e71
05fc8
05fd7
05ffa
06080
0608c
06217
0621d
06242
0624c
0625e
062c9
0632d
06339
06350
063a5
063b1
063c2
064f6
06787
06791
0680b
06844
0684e
068d9
06947
06950
069cf
069da
06b2c
06b52
06bbb
07372
0742e
075d9
075dd
075e1
075e5
0773c
07740
077ef
078fd
07936
0793a
0793e
07942
07946
0794a
0794e
07952
07956
0795a
0795e
07962
07966
0796a
0796e
05c75
05d0f
05d39
05d44
05d4e
05eae
06033
06037
060c1
06249
06252
06258
0627d
06283
062f1
062f5
0635d
06371
0638d
063ce
063e1
063fd
06528
067a2
0681a
06824
0685f
068e9
068f1
06960
06966
06997
06a20
06ba0
06bbb
07240
0741c
07612
07616
0761a
0761e
07775
07779
07822
07826
07854
07938
07971
07975
07979
0797d
07981
07985
07989
0798d
07991
07995
07999
0799d
079a1
0546d
05478
054bf
054ca
054e1
05e20
05ebe
05ee0
05eea
05ef5
0604a
061c8
061cc
06254
062a5
062ad
062c1
06381
06387
06399
063b5
0645b
064cf
065f6
067b1
067bb
06835
068e7
068ee
06974
069c2
069c8
069e5
06ada
06bb9
06bbf
06bc3
06bc7
06bcb
06df2
073e7
075cc
077ac
077b0
077ba
07856
0785a
07903
07907
079a5
079a9
079ad
079b1
079b5
079b9
079bd
079c1
079c5
079c9
079cd
079d1
054d8
05524
05528
05537
05e55
05e59
05efb
05f22
05f28
06080
0608c
06203
06280
06291
062b3
062b9
062cf
062d7
062eb
063ab
063bd
063d9
06501
06568
067cc
06844
0684e
06900
06983
0698b
069d1
069ed
06a34
06c18
06c24
06c28
06c2c
06c30
06c6b
06e31
0742f
077e5
077e9
077f3
077f7
07891
0793a
0793e
07942
079a7
079d5
079d9
079dd
079e1
079e5
079e9
079ed
079f1
079f5
079f9
0553a
05546
05587
05592
055a9
05d2c
05f34
05f56
05f61
05f6b
060c1
06168
06178
0623c
062d6
062e0
062e7
062fd
06305
063c9
063d5
063e6
0651d
0657f
067db
067e5
0685f
0690f
06916
06928
06992
06998
069f9
06a5e
06c59
06c85
06c89
06c8d
06c91
06cde
072ff
07642
0781c
07820
0782a
078c8
078cc
07971
07975
079d3
079fd
07a01
07a05
07a09
07a0d
07a11
07a15
07a19
07a1d
07a21
07a25
0538a
05395
053ac
055a0
05d67
05d6b
05f71
05f98
05f9e
060f5
06104
061a8
0626f
06273
06307
0630d
06323
0632b
0633f
063f3
06405
06421
0654e
065a4
067f6
0686e
06878
068b0
06937
0693f
069a1
06a01
06a48
06a84
06a8a
06a8e
06a92
06a96
06bfc
06d68
074a9
076ff
07703
07707
0770b
0785e
07862
0790b
0790f
079ff
07a29
07a2d
07a31
07a35
07a39
07a3d
07a41
07a45
07a49
07a4d
0539f
053aa
053f1
053fc
05413
05da6
05e83
05fbf
05fd1
05fd9
06131
06156
0615a
061e2
0632a
06335
0633b
06351
06359
06411
0641d
0642e
06481
065bb
06805
0680f
06889
068bf
068c6
0694e
069aa
069b0
06a0d
06ad6
06aef
06af3
06af7
06afb
06b2d
06d68
07373
07591
0773c
07740
07744
07895
07899
0789d
07946
07a27
07a51
07a55
07a59
07a5d
07a61
07a65
07a69
07a6d
07a71
07a75
07a79
0540a
05456
0545a
05469
05de1
05de5
05e7f
05eac
05eb2
0600a
06018
06191
06213
06223
0635b
06361
06375
0637d
0638f
0643b
06449
06465
064b3
065e0
06820
06898
068a2
068d8
0695d
06965
069b9
069d9
06a20
06b3d
06b56
06b5a
06b5e
06b62
06ba1
06df2
0751d
07775
07779
0777d
07781
078d0
078d4
07979
0797d
079ab
07a53
07a7d
07a81
07a85
07a89
07a8d
07a91
07a95
07a99
07a9d
05395
053ac
0549e
0557f
05583
055a0
05672
0567a
056b2
05f82
05f86
06022
06048
0604f
061a1
061b1
0635d
0639b
063a3
063b7
06459
0645f
064cf
0659d
0669f
0682f
06839
068b0
0695b
06962
069c7
06a02
06a1f
06a6f
06a88
06a8c
06a90
06a9a
06adb
06ba1
06ba5
06ba9
06db0
06f77
07554
07901
07905
07909
07913
079ad
079b1
07aa3
07aa7
07aab
07aaf
07ab3
07ab7
07abb
07abf
07ac3
07ac7
05384
0539f
053aa
05402
05503
05507
056b9
056f4
05702
05fb9
0605b
0607d
06088
06092
061e2
0637c
06389
063a9
063af
063bf
063c7
063db
06501
065c2
0661a
0684a
068bf
068c6
06973
069cf
06a0a
06a0e
06a2b
06aeb
06af1
06af5
06aff
06b03
06c06
06c0a
06c0e
06df3
06df7
06fb0
07768
0793c
07940
0794a
0794e
079d9
07aa1
07ac9
07acd
07ad1
07ad5
07ad9
07add
07ae1
07ae5
07ae9
053e9
053ed
0540a
05463
0547a
05568
056fc
05704
05737
05e96
05e9a
06098
060bf
060c5
06213
06223
062b5
063c6
063d0
063d7
063e7
063ef
0651d
065d9
06630
06859
06863
068d8
06981
06988
06997
069da
06a33
06b3d
06b56
06b5a
06b5e
06b68
06b94
06c6b
06c6f
06c73
06e34
06e7b
0746b
0796f
07973
07977
07981
07a01
07a05
07acb
07aef
07af3
07af7
07afb
07aff
07b03
07b07
07b0b
07b0f
0535c
05450
05454
05471
054ca
054e1
055e3
0573b
05741
05ed3
060d1
060f3
060fe
06108
06254
062d9
062e5
063f1
063f7
06407
0640f
06423
0654e
065fd
06652
06874
068e7
068ee
06927
0699f
069e2
069e6
06a3f
06a5e
06a62
06a66
06bb2
06bbe
06bc2
06bcc
06bd0
06cdf
06ce3
06ef9
077de
0785e
07862
07866
0786a
07a2d
07aed
07b11
07b15
07b19
07b1d
07b21
07b25
07b29
07b2d
07b31
053c1
053c5
054b9
054d4
054df
05537
055e8
055f0
05628
05f0c
05f10
05fe7
0612f
06135
06280
06291
06309
0640e
06419
0641f
0642f
06437
06481
06561
06668
06883
0688d
06900
06935
0693c
069af
069ee
06a47
06ac3
06ac7
06acb
06acf
06c21
06c27
06c2b
06c35
06c5e
06d26
06ef9
074df
07895
07899
0789d
078a1
07a55
07a59
07b13
07b37
07b3b
07b3f
07b43
07b47
07b4b
07b4f
07b53
07b57
0542a
0551e
05522
0553f
05592
055a9
0562f
0566a
05678
05f49
05fdf
06007
06012
0601c
06170
0632d
06339
06439
0643f
0644d
06455
06467
064b3
06586
0668a
0689e
0690f
06916
0694d
069b7
069f6
069fa
06a17
06b2a
06b2e
06b32
06b36
06c82
06c88
06c8c
06c96
06d69
06d6d
06f77
076ec
078d0
078d4
078d8
078dc
07a7d
07aa5
07b35
07b59
07b5d
07b61
07b65
07b69
07b6d
07b71
07b75
054f2
05505
0552c
05536
05544
055fe
0561c
05629
05634
056f4
057ba
057c7
059f0
0648d
06544
0654f
06711
068fe
069fd
06b2a
06bfd
06c0a
06c1c
06c3b
06c60
06c9b
06d08
06d50
06d59
06d72
06dec
06e9f
06ebc
06ec0
06ee2
06efb
06eff
06fa4
0706f
07098
070ad
07148
0714e
07164
07258
072b7
072c4
072d4
072d8
073fd
074eb
07b7b
07b7f
07b83
07b87
07b8b
07b8f
07b93
07b97
07b9b
07b9f
05557
0556e
05595
0559f
055a8
05653
05667
05675
0567d
057f1
05802
0580a
0647f
0648a
064b0
06722
0690b
0694b
06a25
06a6f
06a77
06b2e
06c64
06c7b
06c9d
06d4a
06d74
06da0
06db5
06e1c
06e33
06ede
06f03
06f07
06f23
06f3a
06f3e
06fde
070af
070d4
070ea
07167
0718b
071a1
07291
072da
07301
07311
07315
0747d
07ba0
07ba4
07ba8
07bac
07bb0
07bb4
07bb8
07bbc
07bc0
07bc4
0535c
0536c
0538e
0539a
053a8
055e0
05698
056ac
056ba
056c3
05838
05844
058fc
064a9
064b5
064db
066bd
068ae
06a11
06a52
06a75
06a7e
06aa0
06ad6
06ade
06ba2
06cd7
06d90
06db9
06de5
06dfa
06ea4
06f32
06f44
06f48
06f6b
06f7b
06f7f
070ce
070ee
0710e
07169
071a4
071c8
071de
072f4
07335
0734c
07350
073f1
0755f
07bc9
07bcd
07bd1
07bd5
07bd9
07bdd
07be1
07be5
07be9
07bed
053d1
053d8
053fe
05409
05412
056d8
056ec
056f8
05704
0586f
05880
05888
064cd
064d8
064fe
066ce
068bb
06971
06a39
06ac8
06ae0
06ae7
06b09
06b43
06b6c
06d13
06d24
06dd7
06e1d
06e26
06e3b
06f5c
06f81
06f85
06f9c
06fb2
06fb6
06fda
06fe9
07058
07125
071c2
07205
07210
0721d
07331
07375
07389
0738d
07429
07bee
07bf2
07bf6
07bfa
07bfe
07c02
07c06
07c0a
07c0e
07c12
0542a
0543a
0545c
05468
05476
0566a
0571c
05730
0573e
05747
058b0
058bc
05976
064f7
06503
06529
066e7
068d6
069e9
06b25
06b30
06b48
06b56
06b71
06b97
06bd4
06cc3
06cd0
06ce7
06d61
06e3c
06e60
06e6c
06e7f
06e83
06faa
06fbc
06fc0
06ff8
07024
07033
071e3
0721e
0724b
0725a
072fa
07391
073bc
073c8
073cc
07534
07c17
07c1b
07c1f
07c23
07c27
07c2b
07c2f
07c33
07c37
07c3b
0548c
054a6
054cc
054d7
054e0
055c9
055dd
055eb
055f4
05773
05784
0578c
0651b
06526
0654c
066f8
068e3
06925
06a4d
06b8d
06b99
06bb3
06bd5
06bf9
06c18
06cbb
06cea
06d0d
06d2e
06d9a
06daf
06e75
06e87
06e8b
06eab
06ec6
06eca
07017
07037
07062
070dd
0723c
07279
07284
07295
073ab
073e9
073ff
07403
074a3
07c15
07c3f
07c43
07c47
07c4b
07c4f
07c53
07c57
07c5b
07c5f
056cf
056d9
056eb
056f8
05704
05796
057ae
057bb
057c7
0587d
05932
0593c
05b48
064cb
0656b
065f6
065fd
0678c
06971
06ae2
06c0c
06dd6
06de1
06dee
06e01
06e20
06e9e
06ebd
06ee6
06efc
06f65
07017
07035
0703c
0705a
0706f
07078
07114
071e1
07205
0721b
072b6
072be
072d2
073d0
07425
07431
07443
07447
0756d
07651
07b7d
07bf1
07c64
07c68
07c6c
07c70
07c74
07c78
07c7c
07c80
05712
0571d
05731
0573e
05747
057e3
057f5
057fc
0580a
05968
05976
0597e
06483
064f2
06564
0656f
0658c
067a7
06a43
06b49
06c6e
06ccc
06ce5
06e1f
06e2c
06e40
06edf
06f23
06f30
06f4a
06fad
07054
07070
0707f
07098
070ac
070b5
0714c
0721e
07242
0725a
072d9
072fb
0730f
07407
07449
0746e
07480
07484
075e7
07ba1
07ba5
07c62
07c84
07c88
07c8c
07c90
07c94
07c98
07c9c
055ba
055c5
055d7
055e4
055ef
05781
05822
05834
0583b
05849
059ac
059b6
05a5a
064d5
0657f
06586
065a7
06738
06925
06a78
06b9b
06cbc
06cd4
06cda
06cee
06d18
06e6e
06f1c
06f43
06f6b
06f7a
0701c
070a6
070ba
070be
070df
070f0
070f4
0723c
07260
0727c
072dc
07316
07338
0734c
07462
074a5
074bb
074bf
0755f
076c1
07bca
07c3e
07ca0
07ca4
07ca8
07cac
07cb0
07cb4
07cb8
07cbc
05606
0560f
05623
05630
05639
0585e
0586e
05878
05883
059e2
059f0
059f8
064d1
0653f
065a0
065ab
065c8
06753
06a1b
06b3f
06c1d
06d13
06d1c
06d2b
06d58
06d70
06eb6
06f5d
06f9c
06fa8
06fc2
070ce
070ed
070f9
0710c
07120
07129
07148
07157
071c6
07297
07330
07374
07380
07392
0749f
074e2
074f8
074fc
07597
07b81
07bf3
07c9f
07cc0
07cc4
07cc8
07ccc
07cd0
07cd4
07cd8
05644
0564f
05661
0566e
05679
057ff
0589a
058ac
058b3
058c1
05a20
05a2a
05ad4
0650f
065bb
065c2
065e3
06762
0694b
06b47
06c66
06d4c
06d5e
06d64
06d78
06d9c
06e5f
06e66
06e7d
06eec
06fba
06fda
06fe7
06ffc
07000
0711a
0712e
07132
07167
07192
071a1
07356
07390
073b9
073c6
07466
07500
0752a
07537
0753b
07698
07bf7
07c1c
07cdc
07ce0
07ce4
07ce8
07cec
07cf0
07cf4
07cf8
0568e
05699
056ad
056ba
056c3
05765
05777
0577e
0578c
058ee
058fc
05904
0651c
06551
065dc
065e7
06604
0677d
06a2f
06a81
06c06
06d99
06da6
06db9
06dde
06dfa
06e5b
06ea3
06eac
06ecd
06f35
06fef
07003
07007
07024
07040
07044
07185
071a9
071d1
0724b
073aa
073e8
073f4
07408
07519
07557
0756e
07572
0760d
07bcf
07c41
07c63
07cfb
07cff
07d03
07d07
07d0b
07d0f
07d13
05855
0585c
0586b
05878
05883
0590e
0592a
05935
0593c
059de
05a9f
05aab
05cc0
064fc
06570
0661d
0669f
066a5
0680a
06b3f
06d1d
06f5c
06f67
06f75
06f8b
06fa1
07015
07039
0705c
07076
070d9
07185
071a4
071ad
071c7
071dd
071e9
07282
0734e
07374
07389
07424
0742c
07442
0753f
07593
0759d
075af
075b3
076cf
077b3
07bf3
07c64
07d16
07d1a
07d1e
07d22
07d26
07d2a
07d2e
07d32
05893
0589d
058a9
058b5
058c1
05959
0596d
05974
0597e
05ad6
05ae1
05aec
064f5
06563
0658e
06617
06621
0663c
06825
06d5a
06e21
06e6b
06e7d
06fa0
06fac
06fbc
07056
07098
070a4
070c0
0711d
071c2
071e1
071ef
07205
0721a
07226
072bc
0738b
073b0
073c6
07448
07469
0747f
07576
075b5
075d8
075ea
075ee
07749
07bef
07c1b
07c84
07d34
07d38
07d3c
07d40
07d44
07d48
07d4c
05757
05763
0576f
0577c
05787
058ea
05996
059aa
059b1
059bb
05b18
05b24
05bcd
06549
06594
06630
06636
06655
067b6
06bf9
06d9a
06e5a
06e72
06e79
06e90
06eb0
06feb
07090
070b9
070dd
070f0
0718c
07214
0722a
0722e
0724c
07260
07265
073aa
073ce
073eb
0744b
07485
074a6
074bc
075ce
0760f
07623
07627
076c1
07823
07c40
07ca0
07d33
07d52
07d56
07d5a
07d5e
07d62
07d66
07d6a
0579e
057a7
057b6
057bf
057cb
059d0
059e3
059ec
059f3
05b51
05b5b
05b65
0648f
0659f
065ca
0664f
06659
06674
067d1
06d56
06dec
06ead
06eb4
06ebd
06eea
06efc
0702e
070d0
0710c
07118
07134
0723c
07257
07269
07279
07292
0729a
072b6
072c6
07336
07401
0749e
074e1
074ee
07501
07609
07648
0765e
07662
076f9
07b7b
07c3d
07cc0
07d6c
07d70
07d74
07d78
07d7c
07d80
07d84
057d3
057e1
057ed
057fa
05806
05961
05a0a
05a1e
05a25
05a2f
05b8c
05b98
05c47
064ae
065d0
06668
0666e
0668d
067e0
06c63
06e1c
06ede
06ef0
06ef7
06f0e
06f28
06fd8
06fe0
06ff5
07064
07124
07148
07154
0716c
07171
07288
0729e
072a2
072d4
07300
0730f
074c5
074ff
07527
07536
075d2
07666
0768e
0769b
0769f
077fa
07ba2
07cdc
07d6b
07d8a
07d8e
07d92
07d96
07d9a
07d9e
07da2
0581a
05825
05831
0583d
05849
058df
058f3
058fa
05904
05a5d
05a67
05a72
064a7
065db
06605
06687
06691
066ac
067fb
06ccf
06dda
06f25
06f32
06f43
06f62
06f7a
06fd6
0701b
07027
07047
070a9
0715d
07173
07177
07192
071a9
071b4
072f3
07317
0733f
073b9
07518
07556
07562
07577
0767f
076b8
076d0
076d4
0776f
07bab
07bd2
07cfb
07da3
07da7
07dab
07daf
07db3
07db7
07dbb
059c7
059d0
059da
059ea
059f3
05a7c
05a93
05aa3
05aab
05b51
05c0c
05c18
05e2f
064a1
065c4
06622
066be
06723
06888
06d56
06eb7
070ce
070da
070e7
070ff
0710e
07184
071ab
071c8
071df
07247
072f3
07316
0731f
07334
0734b
07350
073f0
074b9
074e1
074f9
07592
0759a
075ae
076a3
076f5
076ff
07711
07715
07831
0790b
07bcd
07bd4
07bd8
07cc2
07dbe
07dc2
07dc6
07dca
07dce
07dd2
05a03
05a0d
05a1a
05a26
05a2f
05ac7
05adc
05ae3
05aec
05c41
05c4f
05c5a
064c5
065bd
06616
0663e
066c0
066d6
068a3
06eec
06fa2
06fe5
06ff5
07110
0711c
0712e
071c4
07205
07210
07225
0728b
07330
07353
0735d
07374
07388
0738d
07428
074f6
0751e
07536
075b4
075d5
075e9
076d8
07717
0773a
0774c
07750
078a5
07bef
07bf9
07bfd
07cdc
07d35
07dd5
07dd9
07ddd
07de1
07de5
058d1
058de
058e6
058f6
058ff
05a5d
05b04
05b19
05b20
05b29
05c86
05c93
05d3c
064ef
065ff
06643
066cf
066e8
06834
06dda
06f26
06fd4
06fed
06ff3
0700b
07026
07158
071fe
0722a
0724b
0725b
072fa
07382
07398
0739c
073bb
073c8
073cc
07518
0753c
07559
075b7
075ef
07610
07624
07730
07771
07785
07789
07823
07979
07c1c
07c22
07c26
07cfd
07de8
07dec
07df0
07df4
07df8
07dfc
05917
0591f
0592f
05938
05940
05b3e
05b4c
05b5a
05b61
05cbb
05cc9
05cd4
06513
06570
0664e
06676
066ea
06700
0684f
06ee8
06f74
07025
0702c
07039
07060
07074
0719c
0723e
07279
07284
07299
073aa
073cd
073d7
073e8
073fe
07403
07424
07433
074a2
0756c
07608
07647
07654
07667
0776b
077aa
077c0
077c4
07857
07c3c
07c46
07c4a
07c64
07d6d
07dff
07e03
07e07
07e0b
07e0f
0594b
05957
05964
05970
05979
05ad6
05b78
05b8d
05b94
05b9d
05cfa
05d06
05db6
0653c
06588
0667b
066f9
06712
0685e
06e21
06f9f
07054
07066
0706d
07085
0709a
07147
0714d
07163
071d2
0728e
072b6
072c3
072d4
072d8
073f6
0740c
07410
0743f
0746d
0747f
0762d
07665
0768b
0769a
07734
077c8
077f0
077fd
07801
07950
07b80
07b87
07b8b
07c86
07e12
07e16
07e1a
07e1e
07e22
07e26
0598f
05999
059a6
059b2
059bb
05a4d
05a62
05a69
05a72
05bc7
05bd5
05be0
06477
06581
06686
066ad
06714
0672a
06879
06e6f
06f60
07099
070a6
070b9
070d4
070ea
07144
07189
07193
071b1
07217
072cb
072e1
072e5
07300
07311
07315
07461
07485
074ad
07527
0767e
076b7
076c4
076d9
077e1
0781b
07832
07836
078c9
07ba2
07bab
07baf
07ca0
07da4
07e29
07e2d
07e31
07e35
07e39
05b35
05b3f
05b4b
05b5a
05b61
05bea
05c03
05c10
05c18
05cc3
05d79
05d86
05f93
06578
0664e
066b1
0673c
067a1
06904
06ee8
0702f
0723c
07248
07255
0726e
0727c
072f2
0731d
07338
0734d
073b5
07461
07485
0748d
074a4
074b9
074bf
0755e
07621
07647
0765f
076f4
076fc
07710
07805
07853
0785d
0786f
07873
07987
07a2b
07c87
07ca6
07caa
07d6f
07e3c
07e40
07e44
07e48
07e4c
07e50
05b70
05b7b
05b8b
05b95
05b9d
05c35
05c45
05c51
05c5a
05dae
05dbd
05dc8
064c9
06598
0668c
066d7
0673e
06754
0691b
07064
07112
07152
07163
0727d
0728a
0729f
07332
07374
07380
07397
073f9
0749e
074c2
074cb
074e1
074f6
074fc
07596
0765c
07682
0769a
07716
07737
0774b
0783a
07875
07897
078a8
078ac
079dd
07bf3
07cc0
07cc6
07d88
07dd4
07e53
07e57
07e5b
07e5f
07e63
05a40
05a4b
05a55
05a66
05a6d
05bcf
05c72
05c82
05c8e
05c97
05df3
05e00
05ea8
065b4
06686
066db
0674d
06766
068b4
06f60
0709d
07142
0715a
07161
0717a
07195
072c7
0736c
07398
073b9
073c7
07466
074f0
07506
0750a
07529
07537
0753b
0767e
076a0
076ba
07719
07751
07772
07786
0788c
078cb
078df
078e3
07979
07a7b
07cc3
07ce2
07ce6
07da6
07e66
07e6a
07e6e
07e72
07e76
07e7a
05a85
05a8d
05a9e
05aa7
05aaf
05cac
05cba
05cc8
05ccf
05e28
05e37
05e42
06515
065d4
066a1
06701
06768
0677e
068cb
0705e
070e6
07194
0719a
071ab
071ce
071e7
0730a
073ac
073e8
073f4
0740b
07518
0753c
07545
07556
0756a
07572
07592
0759f
0760c
076ce
0776a
077a9
077b6
077c9
078c5
07902
07918
0791c
079ad
07c41
07cfb
07d01
07d18
07dfe
07e7d
07e81
07e85
07e89
07e8d
05aba
05ac5
05acf
05ae0
05ae8
05c48
05ce6
05cf8
05d02
05d0b
05e66
05e74
05f1e
065ef
06616
06705
06777
06790
068dc
06fa2
07111
071c2
071d4
071db
071f4
07208
072b5
072bc
072d1
07340
073fc
07424
07430
07443
07447
07564
0757a
0757e
075ab
075d7
075e9
0778f
077c7
077ed
077fc
07890
07920
07946
07953
07957
07a5b
07c65
07c6b
07c6f
07d37
07e90
07e94
07e98
07e9c
07ea0
07ea4
05afc
05b07
05b17
05b21
05b29
05bbb
05bcb
05bd7
05be0
05d34
05d43
05d4e
0647b
0655c
06654
0672b
06792
067a8
068f3
06fec
070d3
07207
07214
0722a
07242
0725f
072b2
072f7
07301
07323
07385
07439
0744f
07453
0746d
07480
07484
075cd
075ef
07615
0768b
077e0
0781a
07826
0783b
07937
07970
07988
0798c
07a01
07ba4
07c84
07c8a
07d50
07e28
07ea7
07eab
07eaf
07eb3
07eb7
05ca3
05cac
05cb7
05cc8
05ccf
05d58
05d72
05d7e
05d86
05e24
05ee3
05ef0
060f5
0657b
0662b
0672f
067ba
0681f
06977
06bbf
0705e
0719d
073aa
073b6
073c3
073dc
073eb
07460
0748b
074a6
074bd
07523
075cd
075ef
075f7
0760e
07621
07627
076c0
07783
077a9
077c1
07852
0785a
0786e
0795b
079a9
079b4
079b8
07a2b
07aa9
07d38
07d55
07d59
07e00
07eba
07ebe
07ec2
07ec6
07eca
07ece
05cdf
05ce9
05cf5
05d03
05d0b
05da3
05db4
05dbf
05dc8
05f16
05f25
05f30
0653b
06645
06710
06755
067bc
067d2
0698d
06c34
071d2
0727f
072c2
072d1
073ec
073f8
0740d
074a0
074e1
074ee
07505
07567
07608
0762a
07633
07647
0765c
07662
076f8
077be
077e5
077fc
07874
07893
078a7
07990
079bc
079de
079e2
07a55
07cbf
07d6e
07d73
07e12
07e52
07ed1
07ed5
07ed9
07edd
07ee1
05bab
05bba
05bc3
05bd4
05bdc
05d30
05de0
05df1
05dfc
05e05
05f59
05f67
0600a
065b7
06663
06759
067cb
067e4
0692b
06c87
070d3
0720a
072b0
072c9
072cf
072e8
07303
07434
074da
07506
07527
07537
075d2
07656
0766c
07670
0768d
0769b
0769f
077e0
07802
0781d
07877
078ad
078cc
078e0
079d3
07a03
07a0a
07a0e
07af1
07d70
07d8d
07d91
07e2a
07ee4
07ee8
07eec
07ef0
07ef4
07ef8
05bf3
05bfb
05c05
05c15
05c1d
05e1a
05e29
05e36
05e3e
05f8c
05f9b
05fa6
064a0
0667d
066bc
0677f
067e6
067fc
06941
06a98
071cd
07254
07302
07308
0731d
0733c
07359
07478
0751a
07556
07562
07579
0767e
076a0
076a9
076b7
076cc
076d4
076f4
07701
0776e
07830
078c4
07901
0790e
07921
079fd
07a2d
07a34
07a38
07cfa
07da5
07daa
07dbe
07e7c
07efb
07eff
07f03
07f07
07f0b
05c25
05c33
05c3d
05c4e
05c56
05daa
05e54
05e67
05e70
05e79
05fc8
05fd6
06080
065f2
0669a
06783
067f5
0680e
06951
06af1
07112
0727e
07330
07342
07349
07362
07377
07423
0742a
07441
074ae
0756c
07592
0759c
075af
075b3
076c6
076dc
076e0
0770d
07739
0774b
078e9
0791f
07943
07952
079d7
07a3a
07a5c
07a60
07b39
07d19
07d1e
07d22
07dd6
07f0e
07f12
07f16
07f1a
07f1e
07f22
05c6b
05c75
05c7f
05c8f
05c97
05d29
05d3a
05d45
05d4e
05ea0
05eaf
05eba
064ee
0660d
066e6
067a9
06810
06826
06967
06b66
07159
07240
07376
07382
07398
073b0
073d2
07420
07465
0746e
07491
074f3
075a5
075bb
075bf
075d7
075ea
075ee
0772f
07751
07777
077ed
07936
0796f
0797c
07991
07a51
07a7d
07a86
07a8a
07c83
07d36
07d3b
07de8
07ea6
07f25
07f29
07f2d
07f31
07f35
05e11
05e1a
05e27
05e36
05e3e
05ec4
05edc
05ee8
05ef0
05f88
06045
06052
0624b
0662c
066ca
067ad
06838
0689d
069c6
06a9a
06ba6
06bbf
071cd
0730b
07518
07524
07531
0754a
07559
075cc
075f5
07610
07625
07687
0772f
07751
07759
07770
07783
07789
07822
078dd
07901
07919
079a8
079b0
079bd
07a83
07aaa
07aae
07b5b
07dd7
07ded
07df1
07e7e
07f38
07f3c
07f40
07f44
07f48
07f4c
05e4d
05e57
05e64
05e71
05e79
05f0b
05f1c
05f27
05f30
06078
06087
06092
065f2
066dd
0678e
067d3
0683a
06850
069d5
06b0c
06c13
06c34
07340
073ee
0742f
07441
0755a
07566
0757b
0760a
07647
07654
0766b
076c9
0776a
0778c
07795
077a9
077be
077c4
07856
07916
0793a
07952
079bb
079da
079e7
07aa1
07ace
07ad2
07d6d
07dff
07e04
07e90
07ed0
07f4f
07f53
07f57
07f5b
07f5f
05d1b
05d27
05d33
05d42
05d49
05e9c
05f46
05f57
05f62
05f6b
060bb
060c8
06168
06664
066f4
067d7
06849
06862
06996
06b68
06c70
06c87
07240
07379
0741e
07436
0743d
07456
07470
075a0
07642
0766c
0768b
0769b
07734
077b8
077ce
077d2
077ef
077fd
07801
07936
07958
07972
079be
079e5
07a04
07a11
07ad6
07af4
07af8
07e01
07e17
07e1b
07ea8
07f62
07f66
07f6a
07f6e
07f72
07f76
05d60
05d69
05d74
05d83
05d8b
05f7e
05f8d
05f9a
05fa2
060ee
060fd
06108
0657b
06707
0673a
067fd
06864
0687a
069a5
06a6a
06a98
06bda
0733b
073c2
0746f
07476
0748b
074aa
074c7
075e2
07680
076b7
076c4
076db
077e0
07802
0780b
0781a
0782e
07836
07852
0785f
078c8
07986
079fc
07a2a
07a33
07aed
07b16
07b1a
07da4
07e29
07e2e
07e3c
07efa
07f79
07f7d
07f81
07f85
07f89
05d95
05da1
05dad
05dbc
05dc3
05f12
05fb6
05fc9
05fd2
05fdb
0612a
06138
061da
0669b
0671e
06801
06873
0688c
069ae
06acb
06af1
06c36
0727f
073ed
0749e
074b0
074b7
074d0
074e4
07591
07598
075ad
07616
076ce
076f4
076fe
07711
07715
07828
0783e
07842
0786b
07896
078a7
07a12
07a39
07a58
07a67
07b1e
07b3c
07b40
07dbf
07dc4
07dc8
07e54
07f8c
07f90
07f94
07f98
07f9c
07fa0
05dd8
05de3
05dee
05dfd
05e05
05e95
05ea6
05eb1
05eba
06002
06011
0601c
065b7
066b3
06764
06827
0688e
068a4
069bd
06b38
06b66
06ca2
072c8
073af
074e3
074f0
07506
0751e
07541
0758e
075d1
075d8
075fb
07659
07707
0771d
07721
07739
0774c
07750
0788b
078ad
078d1
07943
07a50
07a7a
07a85
07b35
07b5c
07b60
07d35
07dd5
07dda
07e66
07f24
07fa3
07fa7
07fab
07faf
07fb3
05f75
05f7e
05f8b
05f9a
05fa2
06026
0603e
0604a
06052
060ea
061a1
061ae
06356
066cb
06748
0682b
068b2
06918
06a03
06a5a
06a7c
06a8b
06a9b
06aa7
06aab
06bac
06cf0
0733b
07479
0767e
07688
07695
076ae
076d0
0772f
0775e
07774
0778e
077f5
0789e
078b3
078b7
078ce
078e1
078e5
079fc
07a0f
07a3e
07aa5
07ab3
07b5b
07dea
07e6a
07e6e
07efa
07f3a
07fb9
07fbd
07fc1
07fc5
07fc9
05fae
05fb9
05fc6
05fd3
05fdb
0606d
0607e
06089
06092
061d2
061e1
061ec
0669b
0675b
0680c
06851
068b7
068cc
06a12
06aac
06ae3
06af2
06b02
06b0e
06b12
06c13
06de8
074ae
0755c
0759c
075b9
076bd
076ca
076e3
0778c
077aa
077c0
0781e
07856
078d7
078ed
078f1
0790c
0791a
0791e
07a26
07a39
07a68
07ab2
07ad7
07d19
07e7c
07e81
07e85
07f4d
07fcb
07fcf
07fd3
07fd7
07fdb
05e89
05e93
05e9f
05eae
05eb6
05ffe
060a8
060b9
060c4
060cd
06213
06220
062af
066f5
06772
06855
068c8
068da
069db
06ac1
06b3a
06b55
06b65
06b72
06b77
06c70
06d7a
073af
074e6
0758c
075a2
075a9
075c2
075e8
07703
077a5
077d4
077ef
07806
078fd
0791f
07928
0793a
0794f
07955
079d6
07a5a
07a84
07ab5
07ad6
07afb
07e14
07e94
07e98
07f24
07f64
07fe1
07fe5
07fe9
07fed
07ff1
05eca
05ed3
05ede
05eed
05ef5
060e0
060ef
060fc
06103
06244
06253
0625e
0662c
06785
067b8
0687b
068df
068f4
069ea
06a6a
06b7a
06bae
06bc0
06bd0
06bdc
06be0
06dbf
074a8
07530
075d9
075e0
075f5
07614
07630
07745
07802
0781b
07832
078c8
07949
0795f
07963
0797a
0798a
0798e
079b4
07a01
07a83
07aed
07b17
07d51
07ea6
07eab
07eaf
07f77
07ff3
07ff7
07ffb
07fff
08003
05eff
05f09
05f15
05f24
05f2c
06074
06118
0612b
06134
0613d
06280
0628e
06303
0671f
0679c
0687f
068f0
06902
069ef
06acb
06b8f
06c04
06c23
06c33
06c40
06c45
06d0e
073ee
0755b
07608
07618
0761f
07638
0765e
076f4
076fc
07711
07779
0783e
07858
0786b
07871
0790a
07986
07996
079a4
079bb
079ea
07afd
07b1e
07b45
07dc0
07e41
07e45
07ed0
07f8e
08009
0800d
08011
08015
08019
05f3e
05f49
05f54
05f63
05f6b
05ff7
06008
06013
0601c
06160
0616f
0617a
06664
06731
067e2
068a5
06907
0691c
069fe
06b38
06c48
06c78
06c88
06c98
06ca5
06ca9
06e43
07435
0751c
07649
07656
0766c
07684
076a6
07716
07735
0774a
077ad
0784e
07874
0787d
07891
078a4
078aa
07943
079dc
07a08
07a55
07b35
07b5d
07d89
07e52
07e57
07e5b
07fa1
0801b
0801f
08023
08027
0802b
060d8
060e0
060ed
060fc
06103
06182
0619a
061a6
061ae
06240
062d9
062e7
06434
06749
067c6
068a8
06929
0698a
06a3f
06a5a
06a66
06a76
06a9d
06c2d
06c86
06c9d
06cc7
06cde
06cf1
06cf5
06e44
06f2f
075dc
077df
077e9
077f5
0780a
0781d
0788b
078ba
078ce
078e8
0794b
079e5
079ed
07a02
07a0a
07a0e
07aec
07af9
07b22
07e28
07ee5
07eea
07eee
07fb6
08030
08034
08038
0803c
08040
06111
0611b
06128
06135
0613d
061c7
061d8
061e3
061ec
062fb
0630a
06315
0671f
067d9
0688a
068cd
0692e
06942
06a4e
06a8a
06aac
06acd
06add
06b04
06c8e
06cbc
06d0c
06d22
06d36
06d3a
06ed0
074df
0761e
076f6
0770f
0781e
0782a
0783f
078e6
07902
07918
07973
079ac
07a0f
07a18
07a2c
07a34
07a38
07b14
07b3a
07c3e
07e7d
07efd
07f01
07f8d
08041
08045
08049
0804d
08051
05feb
05ff5
06001
06010
06017
0615c
06200
06211
0621c
06225
0632d
0633a
063a5
06773
067f0
068d0
0693e
0694f
06a17
06a92
06ac1
06aff
06b31
06b39
06b52
06b75
06d2a
06d58
06d71
06d7d
06e27
06fa5
0764b
076ed
07702
07709
0771e
0773c
07860
078fd
0792c
07945
0795c
07a26
07a40
07a44
07a5a
07a60
07b34
07b41
07b66
07dd4
07f0f
07f14
07f18
07fde
08056
0805a
0805e
08062
08066
0602c
06035
06040
0604f
06057
06236
06245
06252
06259
0634f
0635e
06369
066cb
06803
06836
068f5
06954
06968
06a26
06b16
06b58
06b7a
06ba5
06bad
06bd2
06cc6
06d73
06da1
06db6
06dc2
06e65
07554
07693
07731
07740
07751
07774
07791
078a0
07958
07970
07988
07a00
07a63
07a6c
07a7c
07a86
07a8a
07aaa
07b59
07bb4
07ea7
07f27
07f2b
07f39
08067
0806b
0806f
08073
08077
06061
0606b
06077
06086
0608e
061ce
0626e
06281
0628a
06293
0637c
0638b
063ed
0679d
0681a
068f8
06964
06975
06a2b
06b60
06b8f
06bcd
06c04
06c10
06c20
06c43
06d91
06dde
06df2
06e05
06e09
06f8d
076bb
07769
07778
0777f
07794
077ac
07852
0785a
0786f
078d3
07994
079ae
079b6
079ba
07a82
07a92
07aa0
07ab1
07ada
07dfe
07ebc
07ec1
07f27
08006
0807c
08080
08084
08088
0808c
060a0
060ab
060b6
060c5
060cd
06155
06166
06171
0617a
062a7
062b6
062c1
066f5
067af
06860
0691d
0697a
0698e
06a3a
06be4
06c26
06c48
06c6f
06c77
06c9a
06d50
06dfd
06e25
06e3a
06e47
06ee5
0746b
075a8
077a7
077b0
077c7
077e5
07807
07874
07891
078a6
07905
079a4
079c2
079c6
079dc
079e2
07a54
07acc
07af2
07bf0
07e53
07ed3
07ed7
07f63
0808d
08091
08095
08099
0809d
0551e
0622d
06236
06243
06252
06259
062c9
062d7
062e2
062eb
063c1
063cf
063db
0652a
067c7
06844
0691f
06994
069d2
06af4
06b26
06b6e
06b93
06bb9
06bdb
06c76
06c95
06cc7
06cde
06cf1
06e0c
06e62
06e6d
06e80
06e84
06fba
070a0
0773e
07936
07940
0794d
07966
07988
079d4
07a00
07a0a
07aca
07adc
07ae0
07af5
07aff
07c1d
07c2b
07c2f
07f51
07f67
07f6b
0802e
080a3
080a7
080ab
0559b
06266
06271
0627e
0628b
06293
062fc
06309
06310
06371
063ed
063fa
0654b
0679d
06857
06901
06943
06999
069a6
06a6a
06a98
06b61
06bce
06bda
06c01
06c3d
06cbe
06d0c
06d22
06d36
06e4b
06e93
06eac
06ec7
06ecb
07036
07618
07780
0785c
07879
07975
07982
0799b
07a16
07a2e
07a3f
07afc
07b03
07b16
07b1b
07c3e
07c4f
07c53
07efa
07f79
07f7e
08006
080ad
080b1
080b5
05382
06149
06153
0615f
0616e
06175
062a3
06326
06333
0633a
06409
06418
06423
0648e
067f1
0686e
06945
069a2
069ac
06acb
06af1
06bc2
06bf4
06c39
06c5f
06c81
06ca4
06cf8
06d3b
06d58
06d71
06ea1
06ee3
06efb
06f00
06fa4
07114
077ad
0784e
07862
07869
07882
078a6
07a28
07a54
07a5e
07b12
07b25
07b29
07b3d
07b47
07b81
07b8f
07b93
07f7b
07f91
07f95
08054
080bb
080bf
080c3
05406
06189
06191
0619c
061ab
061b3
06347
06357
06360
06369
06434
06442
064b1
06749
06881
068b1
06969
069b1
069be
06a75
06a86
06b31
06b57
06ba0
06c30
06ca1
06d27
06d4e
06d98
06dad
06dc0
06ee0
06f24
06f3a
06f3f
06fde
07688
077f5
07898
0789e
078b3
078d0
078ec
07a6a
07a7e
07a8f
07b43
07b4b
07b5c
07b61
07ba3
07bb4
07bb8
07f24
07fa3
07fa8
07fb6
080c5
080c9
080cd
05450
061bb
061c5
061d1
061e0
061e7
062f7
06378
06383
0638b
0644f
0645c
06467
064dc
0681b
06898
0696b
069ba
069c4
06a54
06aa4
06adc
06aed
06ba5
06bbe
06c07
06c91
06d82
06dc5
06de6
06dfb
06ea4
06f50
06f6c
06f7c
06f80
070ec
0781e
078c4
078d4
078db
078f4
07918
079aa
079b4
07a82
07aa6
07aad
07ab7
07b69
07b6d
07bcf
07bdd
07be1
07f39
07f3e
07f42
0807a
080d3
080d7
080db
054d4
061f8
06203
0620e
0621d
06225
062a8
062b5
062bd
06321
063a5
063b2
064ff
06773
0682d
068d9
0698f
069c9
069d6
06a94
06b01
06b13
06b45
06b6c
06c12
06c33
06db1
06dd8
06e1e
06e31
06e45
06f5e
06f9d
06fb2
06fb7
07058
075a2
0770a
07903
07910
07926
0793c
0795e
079c2
079da
079f1
07ab4
07abb
07ace
07ad3
07bf0
07c02
07c06
07ed0
07f4f
07f54
07fde
080dd
080e1
080e5
053e3
053eb
053f2
05406
0540f
056e6
06347
06358
06362
063c2
063ce
063d7
06429
065e7
06845
068c1
06991
069dc
06a0d
06abf
06ae6
06af4
06afc
06b15
06b1a
06b44
06b5a
06b6b
06b76
06b93
06c75
06d4c
06d7a
06d9c
06dc0
06e62
06e6c
06e7f
06f90
06fdb
06fea
06ffd
07001
07126
07211
078a0
07a52
07a71
07ac8
07ae2
07aff
07c09
07cdb
07cea
07f24
07fdf
07fe4
08067
080e9
080ed
080f1
0544d
05456
05467
05471
05479
0573b
06378
06385
0638c
063eb
063f6
063ff
065fd
0681b
068d2
06974
069a7
069e0
069eb
06a6a
06b2f
06b56
06b5f
06b6f
06b7f
06b9c
06bbe
06bce
06bd9
06bdf
06cc6
06d91
06dbf
06de3
06e05
06e93
06eab
06ec6
06fc9
06ffb
07027
07041
07045
071aa
078d2
07975
079c0
07a91
07af9
07b18
07c1e
07c42
07d05
07d09
07f79
07ff6
07ffa
080ac
080f5
080f9
054b1
054b9
054c0
054d4
054dd
055d2
0629f
062b0
062ba
06398
0640f
0641a
06423
0656f
0686f
068e9
069a9
069e5
069f0
06acb
06b8d
06bb4
06bc2
06bca
06be3
06be8
06c15
06c28
06c3d
06c44
06c5f
06dae
06dfd
06e1d
06e38
06e94
06ed2
06eea
06efd
07018
0705b
07073
07079
07115
07285
07906
079a6
079c9
07b10
07b2a
07b47
07c3c
07c62
07c72
07ed0
08007
0800c
0808d
080fd
08101
08105
0551b
05524
05535
0553f
05547
0562d
062d2
062e0
062e9
0642e
0643b
06442
06586
067c7
068fa
06928
069bf
069f4
069ff
06b32
06bf4
06c1b
06c29
06c31
06c49
06c4f
06c77
06c89
06c9a
06ca6
06cc2
06cd3
06cf1
06df4
06e44
06ee0
06f24
06f38
06f4f
07055
0709b
070ae
070b6
0714f
0789c
0794c
079eb
07a14
07b41
07b5e
07b8c
07ba5
07c8e
07c92
07fa3
0801e
08022
080c4
08109
0810d
05579
05581
05588
0559b
055a5
0565c
062f3
06304
0630e
063e0
06455
0645e
06467
065ab
06899
06911
069c1
069f9
06a04
06a58
06a6f
06a8b
06a9b
06aa7
06aab
06ba6
06c6d
06c88
06c90
06c9f
06caf
06ce9
06d15
06d2d
06da3
06f12
06f50
06f6d
06f7b
0701c
070b2
070e0
070f1
070f5
07261
07974
079fe
07a1d
07aa4
07ab3
07b6e
07bbc
07c9f
07cae
07efa
07fb9
07fbd
08041
08111
08115
08119
0537f
05388
05399
053a3
053ab
056b7
06326
06335
0633c
063a3
063ae
063b7
065c2
067f1
068aa
0694e
069d7
06a08
06a13
06a60
06a88
06a91
06aa1
06ab1
06ad3
06af0
06b00
06b0b
06b11
06c0d
06cdf
06d2a
06d58
06d6f
06de8
06f5e
06f9d
06fb0
06fc8
070cf
0710f
07122
0712a
071c9
07860
07907
07a40
07a68
07ab1
07ad0
07bcd
07bf4
07cca
07cce
07f4f
07fce
07fd2
080dc
0811d
08121
053bb
053c3
053f9
05407
0540f
05526
05617
0562a
05632
05874
06430
0643f
06447
0668e
06886
06936
069bf
06a18
06a49
06abe
06ac8
06b07
06b31
06b39
06b4a
06b7b
06c1d
06c30
06d1e
06d28
06d3c
06d41
06d59
06d79
06d7f
06ee0
06f11
06f38
06fa4
06fde
06fea
07009
07126
07150
07164
07170
07211
072df
07b34
07b49
07b67
07b84
07c01
07d87
07d96
07fdf
08058
0805c
08125
08129
0812d
05425
0543d
05468
05472
05479
05592
0566a
05674
0567c
0644e
0645b
06462
066a4
06893
068d6
0694c
069e9
06a1c
06a27
06b27
06b35
06b82
06ba5
06bad
06bd4
06c66
06c8b
06cc9
06d63
06d6d
06d81
06d86
06da4
06dbe
06dc4
06f1f
06f50
06f77
06fd4
0701b
07027
07047
07143
0718d
071a1
071b3
0724e
073ba
07aaa
07b68
07ba8
07bca
07cee
07daf
07db3
08069
0806d
080d1
08131
08135
0538a
05496
0549e
054c7
054d5
054dd
056a1
056b4
056bc
05778
063a0
063af
063b7
0661e
06832
0695c
069d7
06a21
06a2c
06a7b
06a8e
06b8c
06ba3
06bd5
06c04
06c10
06c18
06c4b
06d91
06dae
06db9
06dc9
06ddf
06dfa
06e07
06ea4
06f81
06fa0
06fc4
07017
07058
07063
07083
071a5
071cf
071e5
071ec
07358
07aa0
07ab9
07ae1
07bd1
07c4e
07d16
07d26
08007
0807e
08082
08139
0813d
08141
053fc
05501
0550b
05536
05540
05547
056f4
056fe
05706
063c0
063ce
063d7
06635
0683f
068fe
06972
069fd
06a30
06a3b
06ae8
06afb
06bf5
06c11
06c50
06c69
06c75
06c9c
06d53
06ded
06df7
06e0b
06e10
06e28
06e42
06e49
06e70
06e8f
06fb5
0703b
07070
070a0
070ae
0714f
071e2
07212
07223
07229
07396
07ad5
07af2
07b8c
07bf1
07c76
07d40
07d44
0808f
08093
080a1
08145
08149
05458
05560
05568
0558f
0559d
055a5
05725
05739
05740
057f6
063e8
063f7
063ff
06656
0685c
06982
069a7
06a35
06a40
06a58
06a65
06a6d
06a9d
06b46
06b5b
06bfb
06c73
06cb1
06cc7
06ce5
06cf2
06da0
06e32
06e3d
06e4d
06e5c
06e93
06eba
06f2e
07091
070d4
070e1
070fd
07200
07243
0725a
07264
072fa
07aec
07b01
07b23
07c16
07c29
07d4f
07d5e
07fb7
08033
0808f
0814d
08151
08155
05357
0536f
0539a
053a4
053ab
054ca
055e0
055ea
055f2
06408
06417
0641e
0666d
06869
068ae
06926
06a11
06a44
06a4f
06a60
06a88
06ac3
06ad0
06add
06b0e
06bb3
06bc8
06cbc
06cdf
06cea
06cfa
06d0f
06d2e
06d38
06de8
06ec7
06eee
06f0d
070bb
070ed
07114
07122
071c9
0725e
07286
07297
0729d
0740a
07b1d
07b3a
07bcd
07c3e
07cb2
07d78
07d7c
08043
08047
080b9
08159
0815d
06a9e
06aa8
06ab6
06ca0
06cb1
06cf0
06cfe
06da3
06e33
06e37
06e4d
06f07
06f14
06f4e
077f4
077f8
0788e
078b4
078bb
079e9
079f5
07b4b
07bae
07bbd
07bc1
07cb4
07d62
07fbb
07fc2
08037
080c7
08112
0814d
08160
08164
08168
0816c
08170
08174
08178
0817c
08180
08184
08188
0818c
08190
08194
08198
0819c
081a0
081a4
081a8
081ac
081b0
081b4
081b8
081bc
081c0
081c4
081c8
081cc
06aa3
06ab4
06b05
06b0f
06b1d
06ce2
06cf8
06d00
06d38
06de6
06dea
06f51
06f7d
06f92
0782b
078c5
078e7
078f0
078f6
07a19
07b64
07b71
07bdd
07be6
07ccb
07d78
07dca
07fd4
08045
0804c
0811a
0811e
08159
08162
081cd
081d1
081d5
081d9
081dd
081e1
081e5
081e9
081ed
081f1
081f5
081f9
081fd
08201
08205
08209
0820d
08211
08215
08219
0821d
08221
08225
08229
0822d
08231
06b08
06b17
06b1f
06b74
06b7b
06d25
06d29
06d3f
06d7a
06d88
06e27
06f85
06f94
06fc6
07708
0770c
07900
07927
0792d
07a3d
07a49
07abb
07bfc
07c0b
07c0f
07cf0
07d9a
07fe3
07fea
0805d
080df
080ea
08125
081cd
081d1
08236
0823a
0823e
08242
08246
0824a
0824e
08252
08256
0825a
0825e
08262
08266
0826a
0826e
08272
08276
0827a
0827e
08282
08286
0828a
0828e
08292
08296
0829a
06b71
06b82
06bd3
06bdd
06beb
06cc9
06d6a
06d6e
06d84
06dbf
06dcd
06e91
06fbe
06fcd
07745
07937
07959
07962
07968
07a6d
07ad9
07ae5
07c2b
07c34
07d06
07daf
07df4
07ffc
0806b
08072
080f2
080f6
08131
08236
0829b
0829f
082a3
082a7
082ab
082af
082b3
082b7
082bb
082bf
082c3
082c7
082cb
082cf
082d3
082d7
082db
082df
082e3
082e7
082eb
082ef
082f3
082f7
082fb
082ff
06bd6
06be5
06bed
06c42
06c4b
06d0c
06d10
06db1
06dc7
06dcf
06e07
06e89
06e98
06ed0
0777e
07782
07855
07995
0799b
07a8c
07a99
07b03
07c49
07c58
07c5c
07c78
07d2a
0800b
08012
08083
080af
080fe
08139
0829b
0829f
08304
08308
0830c
08310
08314
08318
0831c
08320
08324
08328
0832c
08330
08334
08338
0833c
08340
08344
08348
0834c
08350
08354
08358
0835c
08360
08364
08368
06c3c
06c50
06c9b
06ca6
06cb5
06d53
06df4
06df8
06e0e
06e43
06e53
06ed3
06eff
06f16
077bb
0784f
07875
0787e
07884
079c5
07b21
07b2d
07b8f
07b98
07c8f
07d40
07e1e
08024
08091
08098
08106
0810a
08145
08168
08302
08306
0836b
0836f
08373
08377
0837b
0837f
08383
08387
0838b
0838f
08393
08397
0839b
0839f
083a3
083a7
083ab
083af
083b3
083b7
083bb
083bf
083c3
083c7
06b4d
06b51
06c4f
06ce6
06cf1
06d02
06e40
06e4f
06e81
06e96
06f2f
06fbe
06fcd
07086
070b1
070c5
0794c
079d3
079e6
079f0
079f7
07ade
07c23
07c32
07c36
07c90
07c98
07d5c
07df4
08032
08039
08106
0814d
0816c
08170
08174
08178
0817c
082a2
082a6
082aa
08369
083cc
083d0
083d4
083d8
083dc
083e0
083e4
083e8
083ec
083f0
083f4
083f8
083fc
08400
08404
08408
0840c
08410
08414
06bb6
06cab
06cb7
06ced
06cfc
06d2e
06d36
06d47
06e94
06ec8
06ed5
06f6e
070bc
070c7
070f3
0797f
07983
079ff
07a17
07a1d
07afd
07b09
07c51
07c5a
07ca7
07cb3
07cb8
07d7e
07e48
0804a
080af
08115
08159
081d3
081d7
081db
081df
081e3
08309
0830d
08311
083ca
083ce
08417
0841b
0841f
08423
08427
0842b
0842f
08433
08437
0843b
0843f
08443
08447
0844b
0844f
08453
08457
06aaf
06aba
06c1d
06d2b
06d3b
06d49
06d72
06d7f
06ec0
06ed7
06f0f
06fa5
06fa9
07100
07125
07139
07868
07a27
07a3a
07a45
07a4b
07b27
07b87
07b96
07b9a
07ccc
07cd4
07d94
07e1e
08058
0805f
0811a
08125
081e6
0823c
08240
08244
08248
0824c
0836e
08372
08376
08417
0845a
0845e
08462
08466
0846a
0846e
08472
08476
0847a
0847e
08482
08486
0848a
0848e
08492
08496
0849a
0849e
06b1a
06c7c
06c80
06d77
06d86
06db5
06dc0
06dd1
06e67
06f07
06f14
06f4e
06ffa
0700e
07137
0789f
078a3
07a53
07a6b
07a71
07b44
07b51
07bb6
07bbf
07ce3
07cef
07cf4
07db5
07e72
08070
080c7
080ed
08131
08183
08187
0818b
0824e
082b1
082b5
082b9
082bd
0845a
0845e
084a1
084a5
084a9
084ad
084b1
084b5
084b9
084bd
084c1
084c5
084c9
084cd
084d1
084d5
084d9
084dd
084e1
06a7f
06a83
06b81
06db9
06dc5
06dd3
06dfc
06e09
06ea4
06ea8
06f51
06f7d
06f92
0700c
07037
0704b
078da
079a9
07a83
07a95
07a9b
07b6b
07bd5
07be4
07be8
07d07
07d0f
07d24
07dca
0807e
08085
080f2
08139
081e8
081ec
081f0
081f4
08316
0831a
0831e
08322
08326
084a1
084e4
084e8
084ec
084f0
084f4
084f8
084fc
08500
08504
08508
0850c
08510
08514
08518
0851c
08520
08524
08528
06ae8
06be4
06bef
06e00
06e10
06e39
06e45
06e57
06ee5
06f85
06f94
06fc6
0703c
0704d
07079
07911
07915
079a7
079c3
079c9
07ab5
07ac1
07c04
07c0d
07c6b
07c77
07c7c
07d46
07e9c
08096
080df
08101
08145
08251
08255
08259
08329
0837b
0837f
08383
08387
083d0
083d4
084e6
08529
0852d
08531
08535
08539
0853d
08541
08545
08549
0854d
08551
08555
08559
0855d
08561
08565
06af9
06afd
06b1a
06d62
06d66
06e0e
06e7e
06e8d
06e9a
06fc0
06fc7
06ffa
0700e
070a3
07130
0713b
071f0
07224
07233
07acb
07adc
07ae3
07c23
07c32
07c36
07cea
07cf2
07d3a
07d45
07d4a
07e72
080a3
080ed
0824d
082a3
082a7
082ab
082c4
082c8
083d7
083db
084a8
084ac
08568
0856c
08570
08574
08578
0857c
08580
08584
08588
0858c
08590
08594
08598
0859c
085a0
085a4
085a8
085ac
06b62
06b7d
06b88
06da9
06e4b
06e51
06e8b
06e93
06ec5
06ecd
06ed9
0700c
07037
0704b
070e0
07221
07235
07264
07aed
07afa
07b05
07b0b
07c51
07c5a
07d00
07d0c
07d11
07d5d
07d64
07e09
07ec6
080f2
0814d
082c1
0830a
0830e
08312
0832b
0832f
0841e
084eb
084ef
084f3
0856a
085ad
085b1
085b5
085b9
085bd
085c1
085c5
085c9
085cd
085d1
085d5
085d9
085dd
085e1
085e5
085e9
06bc7
06bcb
06be8
06cf8
06d00
06dee
06ebd
06ecc
06edb
06f01
06f10
0703c
0704d
07079
07115
07119
0726a
07298
072a7
07b13
07b25
07b2b
07b87
07b96
07b9a
07c72
07c7a
07d72
07d7d
07d82
07e9c
080bb
08101
081d3
0836b
0836f
08373
08377
0838e
08461
08465
0852c
08530
085ad
085b1
085ee
085f2
085f6
085fa
085fe
08602
08606
0860a
0860e
08612
08616
0861a
0861e
08622
08626
0862a
06c30
06c4a
06c56
06d3f
06e2b
06e2f
06f09
06f11
06f3b
06f4a
06f57
06fe1
0707f
07088
070b6
0716d
0717c
072a1
07b35
07b42
07b4d
07b53
07bb6
07bbf
07c89
07c95
07c9a
07d95
07d9c
07e33
07ef0
08106
08125
08183
08187
0818b
0818f
08193
0836a
083df
083e3
084b0
084b4
085ee
0862b
0862f
08633
08637
0863b
0863f
08643
08647
0864b
0864f
08653
08657
0865b
0865f
08663
08667
06c8f
06c93
06cb0
06cd8
06cdc
06d84
06f43
06f4b
06f59
06f7f
06f8e
0701c
07020
070c3
070ee
07102
07176
071aa
071b9
07aa7
07b69
07b6f
07bd5
07be4
07be8
07cae
07cb6
07da9
07db4
07db9
07e48
080d3
08115
0817f
081ea
081ee
081f2
081f6
081fa
08422
08426
0842a
084f7
0862b
0862f
0866c
08670
08674
08678
0867c
08680
08684
08688
0868c
08690
08694
08698
0869c
086a0
086a4
086a8
06a94
06aaf
06aba
06d1f
06dc7
06dcf
06f87
06f8f
06fb3
06fc2
06fd1
0705b
070f9
07104
0712a
071a7
071bb
071ea
07aa1
07ab2
07abd
07ac3
07c04
07c0d
07cc5
07cd1
07cd6
07d25
07d2c
07ddf
07f1a
0811a
08139
0824f
08253
08257
0825b
0825f
08316
08469
0846d
08534
08538
08570
0866a
0866e
086ab
086af
086b3
086b7
086bb
086bf
086c3
086c7
086cb
086cf
086d3
086d7
086db
086df
06ac0
06b08
06b17
06b1f
06d27
06d3d
06d45
06ef6
06f85
06f94
06ffc
07009
07126
07133
0713d
07170
0720f
07213
072a1
07357
07364
07396
07bfd
07c10
07cea
07cf2
07d8e
07d99
07d9e
07de0
07e71
07fac
080ed
081cd
0824d
084a5
084a9
084ad
084b7
084bb
08577
08632
08636
0863a
086e4
086e8
086ec
086f0
086f4
086f8
086fc
08700
08704
08708
0870c
08710
08714
08718
0871c
08720
08724
06b29
06b71
06b82
06d6a
06d6e
06d84
06f33
06f37
06fc9
06ffb
07008
07014
07040
07047
0716a
0717e
071b3
0724c
07250
0739b
073c9
073de
07c32
07d00
07d0c
07d11
07db0
07db7
07dee
07df7
07f04
080f2
0812f
082a1
082c1
084ec
084f0
084f4
084fe
085b4
085b8
08673
08677
086e2
086e6
08727
0872b
0872f
08733
08737
0873b
0873f
08743
08747
0874b
0874f
08753
08757
0875b
0875f
06b8e
06bd6
06be5
06bed
06db1
06dc7
06dcf
06e94
06f72
06f76
0703a
07048
07074
0707a
0708c
071ae
071e6
071f8
07285
073d0
073e0
0740a
07c4a
07c5d
07c72
07c7a
07d1e
07d29
07d2e
07e0a
07e9b
07f58
08101
0829b
08315
08529
0852d
08531
0853b
0853f
085f5
086aa
086ae
086b2
08727
08762
08766
0876a
0876e
08772
08776
0877a
0877e
08782
08786
0878a
0878e
08792
08796
0879a
0879e
06bf7
06c3c
06c50
06df4
06df8
06e0e
06ec0
06ed7
06fad
07072
07082
0708e
070b3
070c0
0714d
07151
071f0
07224
07233
072df
07407
07417
07b96
07c89
07c95
07c9a
07d41
07d48
07e18
07e21
07f2e
08106
08143
08369
08378
083de
083e2
083e6
083ea
0857b
0857f
08583
0863e
08762
08766
087a1
087a5
087a9
087ad
087b1
087b5
087b9
087bd
087c1
087c5
087c9
087cd
087d1
087d5
087d9
06a59
06c9e
06cad
06cb3
06e35
06e4b
06e51
06e78
06f07
06f14
070ba
070c2
070ea
070f4
07106
0718c
07221
07235
07264
072dd
072ec
0731c
07baf
07bc2
07cae
07cb6
07d56
07d61
07d66
07e34
07e47
07f82
08115
08166
0817f
08421
08425
08429
0842d
08431
085bc
085c0
0867b
0867f
087a1
087dc
087e0
087e4
087e8
087ec
087f0
087f4
087f8
087fc
08800
08804
08808
0880c
08810
08814
08818
06a55
06aa3
06ab4
06ce0
06ce4
06cfa
06eb5
06eb9
06f51
070ef
070fc
07108
07127
07134
071c7
071cb
0726a
07298
072a7
07320
0734f
07366
07be4
07cc5
07cd1
07cd6
07d79
07d80
07dc4
07dcd
07eda
0811a
08157
081d3
081e8
08468
0846c
08470
08474
085f9
085fd
08601
086b6
086e8
086ec
087de
08819
0881d
08821
08825
08829
0882d
08831
08835
08839
0883d
08841
08845
08849
0884d
06c1b
06c1f
06d0a
06d32
06d41
06ec0
06ed7
0706c
070f9
07104
07166
07172
0728f
072a3
072ab
072df
0737d
07381
0740f
074c6
074d2
074fc
07b88
07b9b
07cd3
07d8e
07d99
07d9e
07e1f
07e56
07e5f
07ef0
08028
0823a
08415
08631
08635
08639
08643
08647
086f1
087a6
087aa
087ae
08852
08856
0885a
0885e
08862
08866
0886a
0886e
08872
08876
0887a
0887e
08882
08886
0888a
0888e
08892
06c7e
06d4d
06d74
06d80
06d8e
06f12
070a7
070ab
07137
07168
07178
07182
071a3
071b5
072dd
072ec
0731c
073ba
073be
07509
07534
0754c
07bbd
07ce4
07cf5
07db0
07db7
07e2d
07e36
07e71
07e76
07f83
0812f
082ae
084a5
08672
08676
0867a
08684
0872c
08730
087e5
087e9
08850
08854
08895
08899
0889d
088a1
088a5
088a9
088ad
088b1
088b5
088b9
088bd
088c1
088c5
088c9
088cd
06a7f
06a83
06d94
06dbc
06dcb
06f46
06f55
0700c
070e4
070e8
071ac
071b7
071de
071e8
071fa
07320
0734f
07366
073f3
0753f
0754e
07572
07bd6
07be9
07d0e
07d1e
07d29
07d2e
07dcb
07e80
07e89
07f1a
07fd8
081e8
0849f
086a9
086ad
086b1
086bb
086bf
0876b
0881a
0881e
08822
08895
088d0
088d4
088d8
088dc
088e0
088e4
088e8
088ec
088f0
088f4
088f8
088fc
08900
08904
08908
0890c
06ae8
06dd7
06dfe
06e0a
06e18
06f90
0703c
0704d
0711d
071e2
071f2
071fc
0721d
07229
072bb
072bf
0735e
0738c
073a1
07445
07576
07585
07c0b
07c6c
07c7d
07d41
07d48
07dd9
07de2
07e9b
07ea0
07fad
08143
08378
08529
0857c
08580
08584
08588
086f5
086f9
086fd
087b2
088d0
088d4
0890f
08913
08917
0891b
0891f
08923
08927
0892b
0892f
08933
08937
0893b
0893f
08943
08947
06b4d
06b51
06cc5
06e40
06e4f
06fbe
06fcd
06ff2
0707f
07088
0722b
07231
0725a
07262
07274
072fa
07394
073a3
073d3
0744c
0745a
07482
07c24
07c37
07c97
07d56
07d61
07d66
07df5
07eaa
07eb3
07ec6
08000
0816c
083d0
085b9
085bd
085c1
085c5
085c9
08734
08738
087ed
087f1
0890f
0894a
0894e
08952
08956
0895a
0895e
08962
08966
0896a
0896e
08972
08976
0897a
0897e
08982
08986
06bb6
06cbd
06cea
06cf6
06d04
06e94
0702d
07031
070c3
0725e
0726c
07276
07295
0729d
07335
07339
073d8
07402
07415
0748e
074ba
074d4
07c58
07ca8
07cb9
07d79
07d80
07e03
07e0c
07e47
07e4c
07f59
08157
08309
08421
085fa
085fe
08602
08606
0876f
08773
08777
08826
08856
0885a
0894c
08987
0898b
0898f
08993
08997
0899b
0899f
089a3
089a7
089ab
089af
089b3
089b7
089bb
06dec
06df0
06ea2
06ec2
06ed2
0703c
0704d
071da
07258
07272
072d7
072e0
073fd
07411
07419
07445
074eb
074ef
0757d
0762e
0763a
07662
07b88
07b9b
07c79
07d73
07d83
07e1f
07e95
07e9e
07ed5
07ede
07feb
0836c
085ad
087a5
087a9
087ad
087b7
087bb
0885f
08914
08918
0891c
089c0
089c4
089c8
089cc
089d0
089d4
089d8
089dc
089e0
089e4
089e8
089ec
089f0
089f4
089f8
089fc
08a00
06e2d
06edf
06f04
06f0c
06f1a
07086
07215
07219
072a1
072da
072e6
072f0
07314
07323
0744c
0745a
07482
07528
0752c
0766f
07698
076b0
07bbd
07c8a
07c9b
07d9b
07e2d
07e36
07eb0
07eb5
07ef1
07f82
0803a
083dc
08631
087e4
087e8
087ec
087f6
0889a
0889e
08953
08957
089be
089c2
08a03
08a07
08a0b
08a0f
08a13
08a17
08a1b
08a1f
08a23
08a27
08a2b
08a2f
08a33
08a37
08a3b
06cd8
06cdc
06f20
06f48
06f50
070bc
070c7
07176
07252
07256
0731e
07325
0734c
07355
07368
0748e
074ba
074d4
07561
076a3
076b2
076d4
07bd6
07be9
07cb5
07daa
07dba
07dcb
07e41
07e4a
07eff
07f08
08013
081e8
0862b
08819
0881d
08821
0882b
0882f
088d9
08988
0898c
08990
08a03
08a3e
08a42
08a46
08a4a
08a4e
08a52
08a56
08a5a
08a5e
08a62
08a66
08a6a
08a6e
08a72
08a76
08a7a
06d1f
06f5d
06f82
06f8a
06f98
07100
071a7
071bb
0728b
07354
07360
0736a
0738e
07397
07429
0742d
074cc
074f7
0750f
075b1
076d8
076e7
07c0b
07cc6
07cd7
07d2b
07dd9
07de2
07e5c
07e61
07f1b
07fac
08060
08466
086aa
086f6
086fa
086fe
08702
08863
08867
0886b
08920
08a3e
08a42
08a7d
08a81
08a85
08a89
08a8d
08a91
08a95
08a99
08a9d
08aa1
08aa5
08aa9
08aad
08ab1
08ab5
06d62
06d66
06e63
06fc0
06fc7
07130
0713b
07160
071e4
071f6
07399
0739f
073c6
073d1
073e2
07468
07503
07511
07539
075b8
075c6
075ec
07c24
07c37
07cf1
07d3b
07d4b
07df5
07e6b
07e74
07f29
07f32
07fc3
082a1
0856e
08731
08735
08739
0873d
08741
088a2
088a6
0895b
0895f
08a7d
08ab8
08abc
08ac0
08ac4
08ac8
08acc
08ad0
08ad4
08ad8
08adc
08ae0
08ae4
08ae8
08aec
08af0
08af4
06da9
06e5b
06e86
06e8e
06e9c
0700c
0719b
0719f
0722d
073ce
073da
073e4
07404
0740b
074a3
074a7
07546
0756b
07583
075f8
07622
0763c
07c58
07d01
07d12
07d63
07e03
07e0c
07e86
07e8b
07ec7
07f58
08086
084ea
085b9
08770
08774
08778
0877c
088dd
088e1
088e5
08994
089c4
089c8
08aba
08af5
08af9
08afd
08b01
08b05
08b09
08b0d
08b11
08b15
08b19
08b1d
08b21
08b25
08b29
06f72
06f76
0701a
0703a
07048
071a7
071bb
07348
073d0
073e0
07446
0744e
0756d
0757f
07587
075b1
07651
07655
076df
07790
0779c
077c4
07c6c
07c7d
07d2b
07e04
07e0e
07e9d
07f13
07f1c
07f53
07f5c
08060
08529
08725
08913
08917
0891b
08925
08929
089cd
08a82
08a86
08a8a
08b2e
08b32
08b36
08b3a
08b3e
08b42
08b46
08b4a
08b4e
08b52
08b56
08b5a
08b5e
08b62
08b66
08b6a
08b6e
06fad
07055
07072
07082
0708e
071f0
07383
07387
0740f
07449
07454
0745e
07483
07491
075b8
075c6
075ec
0768c
07690
077d1
077fa
07812
07c97
07d3b
07d4b
07e1f
07eab
07eb4
07f2e
07f33
07f6f
07fff
080a5
0857a
087a6
08952
08956
0895a
08964
08a08
08a0c
08ac1
08ac5
08b2c
08b30
08b71
08b75
08b79
08b7d
08b81
08b85
08b89
08b8d
08b91
08b95
08b99
08b9d
08ba1
08ba5
08ba9
06e76
06e7a
07094
070ba
070c2
07221
07235
072e4
073c0
073c4
0748c
07493
074bc
074c4
074d6
075f8
07622
0763c
076c3
07805
07814
07836
07ca8
07cb9
07d63
07e2e
07e38
07e49
07ebf
07ec8
07f7d
07f86
08086
08421
0879f
08987
0898b
0898f
08999
0899d
08a47
08af6
08afa
08afe
08b71
08bac
08bb0
08bb4
08bb8
08bbc
08bc0
08bc4
08bc8
08bcc
08bd0
08bd4
08bd8
08bdc
08be0
08be4
08be8
06eb7
070cf
070ef
070fc
07108
0726a
0731a
07329
073f9
074c3
074ce
074d8
074fd
07505
07597
0759b
07634
0765d
07675
07713
0783a
07849
07cd3
07d73
07d83
07dcb
07e57
07e60
07eda
07edf
07f99
08027
080bd
085f8
0881a
08864
08868
0886c
08870
089d1
089d5
089d9
08a8e
08bac
08bb0
08beb
08bef
08bf3
08bf7
08bfb
08bff
08c03
08c07
08c0b
08c0f
08c13
08c17
08c1b
08c1f
08c23
06ef4
06ef8
06fdd
0712e
07136
07291
072a9
072ce
07357
07364
07507
0750d
07536
07540
07550
075d4
07669
07677
0769d
0771a
07728
0774e
07ce4
07cf5
07d9b
07dda
07de4
07e73
07ee9
07ef2
07fa7
07fb0
0803a
084a5
086e8
0889f
088a3
088a7
088ab
088af
08a10
08a14
08ac9
08acd
08beb
08c26
08c2a
08c2e
08c32
08c36
08c3a
08c3e
08c42
08c46
08c4a
08c4e
08c52
08c56
08c5a
08c5e
08c62
06f35
06fd5
06ffb
07008
07014
07176
07309
0730d
0739b
0753d
07548
07552
07573
07579
0760d
07611
076aa
076cd
076e5
0775a
07784
0779e
07d0e
07daa
07dba
07df5
07e81
07e8a
07f04
07f09
07f45
07fd7
080d5
08670
08732
088de
088e2
088e6
088ea
08a4b
08a4f
08a53
08b02
08b32
08b36
08c28
08c63
08c67
08c6b
08c6f
08c73
08c77
08c7b
08c7f
08c83
08c87
08c8b
08c8f
08c93
08c97
070e4
070e8
07188
071ac
071b7
0731a
07329
074b6
0753f
0754e
075b2
075ba
076cf
076e1
076e9
07713
077b3
077b7
07841
078ea
078f8
0791c
07d1f
07d2f
07dcb
07e82
07e8c
07f1b
07f91
07f9a
07fd1
07fd9
080bd
081fb
0881a
088dc
08a83
08a87
08a8b
08a95
08b39
08b3d
08bf2
08bf6
08c9a
08c9e
08ca2
08ca6
08caa
08cae
08cb2
08cb6
08cba
08cbe
08cc2
08cc6
08cca
08cce
08cd2
08cd6
08cda
0711d
071c3
071e2
071f2
071fc
0735e
074f1
074f5
0757d
075b5
075c0
075ca
075ed
075fb
0771a
07728
0774e
077ee
077f2
0792b
07950
0796a
07d47
07dda
07de4
07e9d
07f29
07f32
07fac
07fb1
07fe9
08073
080ea
0857a
088d0
08abe
08ac2
08ac6
08ad0
08ad4
08b78
08c2d
08c31
08c35
08c9c
08cdb
08cdf
08ce3
08ce7
08ceb
08cef
08cf3
08cf7
08cfb
08cff
08d03
08d07
08d0b
08d0f
08d13
06ff0
06ff4
07202
0722b
07231
07394
073a3
07452
0752e
07532
075f6
075fd
07624
0762c
0763e
0775a
07784
0779e
07825
0795b
0796c
0798c
07d57
07d67
07df5
07eac
07eb6
07ec7
07f3d
07f46
07ff9
08001
080d5
082c9
08732
08950
08af7
08afb
08aff
08b09
08bb3
08bb7
08c66
08c6a
08cdb
08cdf
08d18
08d1c
08d20
08d24
08d28
08d2c
08d30
08d34
08d38
08d3c
08d40
08d44
08d48
08d4c
08d50
0702f
0723d
0725e
0726c
07276
073d8
07489
07497
07567
0762b
07636
07640
07663
0766b
076f9
076fd
07796
077bf
077d7
07871
07990
079a1
07d7f
07e04
07e0e
07e49
07ed5
07ede
07f58
07f5d
08011
08099
080fe
085f8
0894a
089d0
089d4
089d8
089dc
089e0
08b41
08b45
08bfa
08bfe
08d18
08d51
08d55
08d59
08d5d
08d61
08d65
08d69
08d6d
08d71
08d75
08d79
08d7d
08d81
08d85
08d89
0706a
0706e
0714b
0729f
072a5
07407
07417
0743c
074c6
074d2
0766d
07673
0769a
076a4
076b4
07736
077cb
077d9
077ff
07878
07888
078aa
07d8f
07d9f
07e1f
07e58
07e62
07ef1
07f67
07f70
08021
08029
080a5
08391
087a6
08862
08a0f
08a13
08a17
08a1b
08b7c
08b80
08b84
08c39
08d51
08d55
08d8e
08d92
08d96
08d9a
08d9e
08da2
08da6
08daa
08dae
08db2
08db6
08dba
08dbe
08dc2
08dc6
070a9
07143
07168
07178
07182
072e4
07477
0747b
07509
076a1
076ac
076b6
076d5
076db
0776f
07773
0780c
0782f
07847
078b8
078de
078fa
07db6
07e2e
07e38
07e73
07eff
07f08
07f82
07f87
07fc1
0804d
08112
08670
08850
08a4a
08a4e
08a52
08a56
08a5a
08bbb
08bbf
08c6e
08c72
08ca2
08d8c
08d90
08dc9
08dcd
08dd1
08dd5
08dd9
08ddd
08de1
08de5
08de9
08ded
08df1
08df5
08df9
07252
07256
072f6
0731e
07325
07489
07497
0761e
076a3
076b2
07714
0771c
07831
07843
0784b
07871
0790b
0790f
07999
07a13
07a1f
07a36
07dc5
07dcf
07e49
07f00
07f0a
07f99
0800a
08013
08047
0804f
080fe
081d5
0881a
08a01
08bef
08bf3
08bf7
08c01
08c05
08ca9
08d58
08d5c
08dfc
08e00
08e04
08e08
08e0c
08e10
08e14
08e18
08e1c
08e20
08e24
08e28
08e2c
08e30
08e34
08e38
08e3c
0728b
07331
07354
07360
0736a
074cc
07657
0765b
076df
07717
07722
0772c
0774f
0775d
07878
07888
078aa
07944
07948
07a43
07a5b
07a77
07de0
07e58
07e62
07f1b
07fa7
07fb0
08024
0802a
0805e
080c9
08126
08391
08862
08a82
08c2e
08c32
08c36
08c40
08ce2
08ce6
08d95
08d99
08dfe
08e3d
08e41
08e45
08e49
08e4d
08e51
08e55
08e59
08e5d
08e61
08e65
08e69
08e6d
08e71
08e75
0715e
07162
07370
07399
0739f
07503
07511
075be
07692
07696
07758
0775f
07786
0778e
077a0
078b8
078de
078fa
0797b
07a66
07a73
07a88
07def
07df9
07e73
07f2a
07f34
07f45
07fba
07fc3
0806d
08075
08112
08194
08732
08a7b
08c63
08c67
08c6b
08c75
08c79
08d1f
08dc8
08dcc
08e3d
08e41
08e7a
08e7e
08e82
08e86
08e8a
08e8e
08e92
08e96
08e9a
08e9e
08ea2
08ea6
08eaa
08eae
08eb2
0719d
073ab
073ce
073da
073e4
07546
075f3
07601
076c9
0778d
07798
077a2
077c5
077cd
07857
0785b
078f2
07917
07931
079b8
07a8c
07a99
07e0a
07e82
07e8c
07ec7
07f53
07f5c
07fd4
07fda
08084
080e1
0813a
08317
088dc
08af6
08b40
08b44
08b48
08b4c
08cad
08cb1
08d60
08d64
08e7a
08eb3
08eb7
08ebb
08ebf
08ec3
08ec7
08ecb
08ecf
08ed3
08ed7
08edb
08edf
08ee3
08ee7
08eeb
071d8
071dc
072b9
0740d
07413
07576
07585
075a8
0762e
0763a
077cf
077d5
077fc
07806
07816
07892
07923
07933
07955
079bf
079cb
079e2
07e19
07e23
07e9d
07ed6
07ee0
07f6f
07fe2
07feb
08093
0809b
080ea
08262
087a6
089c4
08b7b
08b7f
08b83
08b87
08b8b
08cea
08cee
08d9d
08eb3
08eb7
08ef0
08ef4
08ef8
08efc
08f00
08f04
08f08
08f0c
08f10
08f14
08f18
08f1c
08f20
08f24
08f28
07217
072b1
072da
072e6
072f0
07452
075e1
075e5
0766f
07803
0780e
07818
07837
0783d
078c9
078cd
07964
07985
0799f
079ee
07a07
07a23
07e34
07eac
07eb6
07ef1
07f7d
07f86
07ffc
08002
08038
080b1
0814e
082c9
08950
08a0e
08bba
08bbe
08bc2
08bc6
08d23
08d27
08dd0
08dd4
08e04
08eee
08ef2
08f2b
08f2f
08f33
08f37
08f3b
08f3f
08f43
08f47
08f4b
08f4f
08f53
08f57
08f5b
073c0
073c4
07464
0748c
07493
075f3
07601
07780
07805
07814
07872
0787a
07987
07997
0799d
079b8
07a2b
07a2f
07a93
07afd
07b09
07b1a
07c53
07e43
07e4d
07ec7
07f7e
07f88
08011
0807d
08086
080af
080fe
0830b
08330
08393
08af6
08bb8
08d59
08d5d
08d67
08d6b
08e0b
08eba
08ebe
08f5e
08f62
08f66
08f6a
08f6e
08f72
08f76
08f7a
08f7e
08f82
08f86
08f8a
08f8e
08f92
08f96
08f9a
073f9
0749f
074c3
074ce
074d8
07634
077b9
077bd
07841
07875
0787e
07884
078ab
078b9
079bf
079cb
079e2
07a55
07a59
07b27
07b39
07b55
07b9c
07e5e
07ed6
07ee0
07f99
08021
08029
08096
0809c
080bf
08144
0836e
08391
08862
08bac
08d92
08d96
08d9a
08da4
08e44
08e48
08ef7
08efb
08f60
08f9d
08fa1
08fa5
08fa9
08fad
08fb1
08fb5
08fb9
08fbd
08fc1
08fc5
08fc9
08fcd
08fd1
072cc
072d0
074de
07507
0750d
07669
07677
07720
077f4
077f8
078b4
078bb
078e0
078e8
078fc
079ee
07a07
07a23
07a7d
07b44
07b51
07b60
07bb8
07e6d
07e77
07ef1
07fa8
07fb2
07fc1
08031
0803a
080c7
08112
0816e
08194
081fd
08a0e
08c2c
08dc9
08dcd
08dd7
08ddb
08e81
08f2a
08f2e
08f9b
08fd4
08fd8
08fdc
08fe0
08fe4
08fe8
08fec
08ff0
08ff4
08ff8
08ffc
09000
09004
09008
0900c
0730b
07519
0753d
07548
07552
076aa
07755
07763
0782b
078e7
078f0
078f6
0791d
07925
079ad
079b1
07a19
07a31
07a4d
07aae
07b64
07b71
07bea
07e88
07f00
07f0a
07f45
07fd1
07fd9
0804a
08050
080d7
08158
081ea
081fd
088dc
08c26
08cac
08cb0
08cb4
08cb8
08e0f
08e13
08ec2
08ec6
08fd6
0900f
09013
09017
0901b
0901f
09023
09027
0902b
0902f
09033
09037
0903b
0903f
09043
07346
0734a
07427
0757b
07581
076d8
076e7
0770a
07790
0779c
07927
0792d
07952
0795c
0796e
079d9
07a3d
07a49
07a60
07ab5
07ac1
07ad2
07c06
07e97
07ea1
07f1b
07f54
07f5e
07fe9
08057
08060
080df
080ea
0823c
08262
082cb
08a82
08b3e
08ce9
08ced
08cf1
08cf5
08e4c
08e50
08eff
0900d
09046
0904a
0904e
09052
09056
0905a
0905e
09062
09066
0906a
0906e
09072
09076
0907a
0907e
07385
0741f
07449
07454
0745e
075be
07743
07747
077d1
07959
07962
07968
0798d
07993
07a01
07a05
07a6d
07a81
07a9d
07ade
07af1
07b0d
07c38
07eb2
07f2a
07f34
07f6f
07ff9
08001
08070
08076
080a7
08130
082b0
082cb
08950
08b2c
08d22
08d26
08d2a
08d2e
08e85
08e89
08f32
08f36
08f64
09048
09081
09085
09089
0908d
09091
09095
09099
0909d
090a1
090a5
090a9
090ad
090b1
06b7d
06b88
06bcf
06bda
06bf1
07530
075ce
075f0
075fa
07605
0775a
078d8
078dc
07964
079b5
079bd
079d1
07a91
07a97
07aa9
07ac5
07b6b
07bdf
07d06
07ec1
07ecb
07f45
07ff7
07ffe
08084
080d2
080d8
080f5
081ea
082c9
082cf
082d3
082d7
082db
08502
08af7
08cdc
08ebc
08ec0
08eca
08f66
08f6a
09013
09017
090b5
090b9
090bd
090c1
090c5
090c9
090cd
090d1
090d5
090d9
090dd
090e1
06be8
06c34
06c38
06c47
07565
07569
0760b
07632
07638
07790
0779c
07913
07990
079a1
079c3
079c9
079df
079e7
079fb
07abb
07acd
07ae9
07c11
07c78
07edc
07f54
07f5e
08010
08093
0809b
080e1
080fd
08144
08328
08334
08338
0833c
08340
0837b
08541
08b3f
08ef5
08ef9
08f03
08f07
08fa1
0904a
0904e
09052
090b7
090e5
090e9
090ed
090f1
090f5
090f9
090fd
09101
09105
09109
06c4a
06c56
06c97
06ca2
06cb9
0743c
07644
07666
07671
0767b
077d1
07878
07888
0794c
079e6
079f0
079f7
07a0d
07a15
07ad9
07ae5
07af6
07c2d
07c8f
07eeb
07ef5
07f6f
0801f
08026
08038
080a2
080a8
08109
0816e
08369
08395
08399
0839d
083a1
083ee
08a0f
08d52
08f2c
08f30
08f3a
08fd8
08fdc
09081
09085
090e3
0910d
09111
09115
09119
0911d
09121
09125
09129
0912d
09131
09135
06a9a
06aa5
06abc
06cb0
07477
0747b
07681
076a8
076ae
07805
07814
078b8
0797f
07983
07a17
07a1d
07a33
07a3b
07a4f
07b03
07b15
07b31
07c5e
07cb4
07f06
07f7e
07f88
07fc0
08047
0804f
080b1
08111
08158
08194
0819a
0819e
081a2
081a6
0830c
08478
08bb9
08e0f
08e13
08e17
08e1b
08f6e
08f72
0901b
0901f
0910f
09139
0913d
09141
09145
09149
0914d
09151
09155
09159
0915d
06aaf
06aba
06b01
06b0c
06b23
074b6
07593
076cf
076e1
076e9
07841
07866
0786a
078f2
07a3a
07a45
07a4b
07a61
07a69
07b21
07b2d
07b3e
07b91
07ccb
07f15
07f1f
07f99
07fcf
07fd6
0805e
080ba
080c0
0811d
081e6
081ff
08203
08207
0820b
0823d
08478
08a83
08ca1
08e4c
08e50
08e54
08fa5
08fa9
08fad
09056
09137
09161
09165
09169
0916d
09171
09175
09179
0917d
09181
09185
09189
06b1a
06b66
06b6a
06b79
074f1
074f5
0758f
075bc
075c2
0771a
07728
078a1
07923
07933
07a6b
07a71
07a85
07a8d
07a9f
07b4b
07b59
07b75
07bc3
07cf0
07f30
07fa8
07fb2
07fe8
0806d
08075
080c9
080e9
08130
0824d
08266
0826a
0826e
08272
082b1
08502
08c2d
08e85
08e89
08e8d
08e91
08fe0
08fe4
09089
0908d
090bb
09163
0918d
09191
09195
09199
0919d
091a1
091a5
091a9
091ad
06aa5
06abc
06bae
06c8f
06c93
06cb0
06d82
06d8a
06dc2
07692
07696
07732
07758
0775f
078b1
078c1
07a6d
07aab
07ab3
07ac7
07b69
07b6f
07bdf
07cad
07daf
07f3f
07f49
07fc0
0806b
08072
080d7
08112
0812f
0817f
08198
0819c
081a0
081aa
081eb
082b1
082b5
082b9
084c0
08687
08c64
09011
09015
09019
09023
090bd
090c1
091b3
091b7
091bb
091bf
091c3
091c7
091cb
091cf
091d3
091d7
06a94
06aaf
06aba
06b12
06c13
06c17
06dc9
06e04
06e12
076c9
0776b
0778d
07798
077a2
078f2
07a8c
07a99
07ab9
07abf
07acf
07ad7
07aeb
07c11
07cd2
07d2a
07f5a
07fcf
07fd6
08083
080df
0811a
0811e
0813b
081fb
08201
08205
0820f
08213
08316
0831a
0831e
08503
08507
086c0
08e78
0904c
09050
0905a
0905e
090e9
091b1
091d9
091dd
091e1
091e5
091e9
091ed
091f1
091f5
091f9
06af9
06afd
06b1a
06b73
06b8a
06c78
06e0c
06e14
06e47
075a6
075aa
077a8
077cf
077d5
07923
07933
079c5
07ad6
07ae0
07ae7
07af7
07aff
07c2d
07ce9
07d40
07f69
07f73
07fe8
08091
08098
080a7
080ea
08143
0824d
08266
0826a
0826e
08278
082a4
0837b
0837f
08383
08544
0858b
08b7b
0907f
09083
09087
09091
09111
09115
091db
091ff
09203
09207
0920b
0920f
09213
09217
0921b
0921f
06a6c
06b60
06b64
06b81
06bda
06bf1
06cf3
06e4b
06e51
075e3
077e1
07803
0780e
07818
07964
079e9
079f5
07b01
07b07
07b17
07b1f
07b33
07c5e
07d0d
07d62
07f84
07ff7
07ffe
08037
080af
080f2
080f6
0814f
0816e
08172
08176
082c2
082ce
082d2
082dc
082e0
083ef
083f3
08609
08eee
08f6e
08f72
08f76
08f7a
0913d
091fd
09221
09225
09229
0922d
09231
09235
09239
0923d
09241
06ad1
06ad5
06bc9
06be4
06bef
06c47
06cf8
06d00
06d38
0761c
07620
076f7
0783f
07845
07990
079a1
07a19
07b1e
07b29
07b2f
07b3f
07b47
07b91
07c71
07d78
07f93
07f9d
08010
08045
0804c
080bf
080fe
08157
081d3
081d7
081db
081df
08331
08337
0833b
08345
0836e
08436
08609
08bef
08fa5
08fa9
08fad
08fb1
09165
09169
09223
09247
0924b
0924f
09253
09257
0925b
0925f
09263
09267
06b3a
06c2e
06c32
06c4f
06ca2
06cb9
06d3f
06d7a
06d88
07659
076ef
07717
07722
0772c
07880
07a3d
07a49
07b49
07b4f
07b5d
07b65
07b77
07bc3
07c96
07d9a
07fae
0801f
08026
0805d
080c7
08106
0810a
08127
0823a
0823e
08242
08246
08392
08398
0839c
083a6
08479
0847d
08687
08dfc
08fe0
08fe4
08fe8
08fec
0918d
091b5
09245
09269
0926d
09271
09275
09279
0927d
09281
09285
06c02
06c15
06c3c
06c46
06c54
06d0e
06d2c
06d39
06d44
06e04
06eca
06ed7
07100
07b9d
07c54
07c5f
07e21
0800e
0810d
0823a
0830d
0831a
0832c
0834b
08370
083ab
08418
08460
08469
08482
084fc
085af
085cc
085d0
085f2
0860b
0860f
086b4
0877f
087a8
087bd
08858
0885e
08874
08968
089c7
089d4
089e4
089e8
08b0d
08bfb
0928b
0928f
09293
09297
0929b
0929f
092a3
092a7
092ab
092af
06c67
06c7e
06ca5
06caf
06cb8
06d63
06d77
06d85
06d8d
06f01
06f12
06f1a
07b8f
07b9a
07bc0
07e32
0801b
0805b
08135
0817f
08187
0823e
08374
0838b
083ad
0845a
08484
084b0
084c5
0852c
08543
085ee
08613
08617
08633
0864a
0864e
086ee
087bf
087e4
087fa
08877
0889b
088b1
089a1
089ea
08a11
08a21
08a25
08b8d
092b0
092b4
092b8
092bc
092c0
092c4
092c8
092cc
092d0
092d4
06a6c
06a7c
06a9e
06aaa
06ab8
06cf0
06da8
06dbc
06dca
06dd3
06f48
06f54
0700c
07bb9
07bc5
07beb
07dcd
07fbe
08121
08162
08185
0818e
081b0
081e6
081ee
082b2
083e7
084a0
084c9
084f5
0850a
085b4
08642
08654
08658
0867b
0868b
0868f
087de
087fe
0881e
08879
088b4
088d8
088ee
08a04
08a45
08a5c
08a60
08b01
08c6f
092d9
092dd
092e1
092e5
092e9
092ed
092f1
092f5
092f9
092fd
06ae1
06ae8
06b0e
06b19
06b22
06de8
06dfc
06e08
06e14
06f7f
06f90
06f98
07bdd
07be8
07c0e
07dde
07fcb
08081
08149
081d8
081f0
081f7
08219
08253
0827c
08423
08434
084e7
0852d
08536
0854b
0866c
08691
08695
086ac
086c2
086c6
086ea
086f9
08768
08835
088d2
08915
08920
0892d
08a41
08a85
08a99
08a9d
08b39
092fe
09302
09306
0930a
0930e
09312
09316
0931a
0931e
09322
06b3a
06b4a
06b6c
06b78
06b86
06d7a
06e2c
06e40
06e4e
06e57
06fc0
06fcc
07086
07c07
07c13
07c39
07df7
07fe6
080f9
08235
08240
08258
08266
08281
082a7
082e4
083d3
083e0
083f7
08471
0854c
08570
0857c
0858f
08593
086ba
086cc
086d0
08708
08734
08743
088f3
0892e
0895b
0896a
08a0a
08aa1
08acc
08ad8
08adc
08c44
09327
0932b
0932f
09333
09337
0933b
0933f
09343
09347
0934b
06b9c
06bb6
06bdc
06be7
06bf0
06cd9
06ced
06cfb
06d04
06e83
06e94
06e9c
07c2b
07c36
07c5c
07e08
07ff3
08035
0815d
0829d
082a9
082c3
082e5
08309
08328
083cb
083fa
0841d
0843e
084aa
084bf
08585
08597
0859b
085bb
085d6
085da
08727
08747
08772
087ed
0894c
08989
08994
089a5
08abb
08af9
08b0f
08b13
08bb3
09325
0934f
09353
09357
0935b
0935f
09363
09367
0936b
0936f
06ddf
06de9
06dfb
06e08
06e14
06ea6
06ebe
06ecb
06ed7
06f8d
07042
0704c
07258
07bdb
07c7b
07d06
07d0d
07e9c
08081
081f2
0831c
084e6
084f1
084fe
08511
08530
085ae
085cd
085f6
0860c
08675
08727
08745
0874c
0876a
0877f
08788
08824
088f1
08915
0892b
089c6
089ce
089e2
08ae0
08b35
08b41
08b53
08b57
08c7d
08d61
0928d
09301
09374
09378
0937c
09380
09384
09388
0938c
09390
06e22
06e2d
06e41
06e4e
06e57
06ef3
06f05
06f0c
06f1a
07078
07086
0708e
07b93
07c02
07c74
07c7f
07c9c
07eb7
08153
08259
0837e
083dc
083f5
0852f
0853c
08550
085ef
08633
08640
0865a
086bd
08764
08780
0878f
087a8
087bc
087c5
0885c
0892e
08952
0896a
089e9
08a0b
08a1f
08b17
08b59
08b7e
08b90
08b94
08cf7
092b1
092b5
09372
09394
09398
0939c
093a0
093a4
093a8
093ac
06cca
06cd5
06ce7
06cf4
06cff
06e91
06f32
06f44
06f4b
06f59
070bc
070c6
0716a
07be5
07c8f
07c96
07cb7
07e48
08035
08188
082ab
083cc
083e4
083ea
083fe
08428
0857e
0862c
08653
0867b
0868a
0872c
087b6
087ca
087ce
087ef
08800
08804
0894c
08970
0898c
089ec
08a26
08a48
08a5c
08b72
08bb5
08bcb
08bcf
08c6f
08dd1
092da
0934e
093b0
093b4
093b8
093bc
093c0
093c4
093c8
093cc
06d16
06d1f
06d33
06d40
06d49
06f6e
06f7e
06f88
06f93
070f2
07100
07108
07be1
07c4f
07cb0
07cbb
07cd8
07e63
0812b
0824f
0832d
08423
0842c
0843b
08468
08480
085c6
0866d
086ac
086b8
086d2
087de
087fd
08809
0881c
08830
08839
08858
08867
088d6
089a7
08a40
08a84
08a90
08aa2
08baf
08bf2
08c08
08c0c
08ca7
09291
09303
093af
093d0
093d4
093d8
093dc
093e0
093e4
093e8
06d54
06d5f
06d71
06d7e
06d89
06f0f
06faa
06fbc
06fc3
06fd1
07130
0713a
071e4
07c1f
07ccb
07cd2
07cf3
07e72
0805b
08257
08376
0845c
0846e
08474
08488
084ac
0856f
08576
0858d
085fc
086ca
086ea
086f7
0870c
08710
0882a
0883e
08842
08877
088a2
088b1
08a66
08aa0
08ac9
08ad6
08b76
08c10
08c3a
08c47
08c4b
08da8
09307
0932c
093ec
093f0
093f4
093f8
093fc
09400
09404
09408
06d9e
06da9
06dbd
06dca
06dd3
06e75
06e87
06e8e
06e9c
06ffe
0700c
07014
07c2c
07c61
07cec
07cf7
07d14
07e8d
0813f
08191
08316
084a9
084b6
084c9
084ee
0850a
0856b
085b3
085bc
085dd
08645
086ff
08713
08717
08734
08750
08754
08895
088b9
088e1
0895b
08aba
08af8
08b04
08b18
08c29
08c67
08c7e
08c82
08d1d
092df
09351
09373
0940b
0940f
09413
09417
0941b
0941f
09423
06f65
06f6c
06f7b
06f88
06f93
0701e
0703a
07045
0704c
070ee
071af
071bb
073d0
07c0c
07c80
07d2d
07daf
07db5
07f1a
0824f
0842d
0866c
08677
08685
0869b
086b1
08725
08749
0876c
08786
087e9
08895
088b4
088bd
088d7
088ed
088f9
08992
08a5e
08a84
08a99
08b34
08b3c
08b52
08c4f
08ca3
08cad
08cbf
08cc3
08ddf
08ec3
09303
09374
09426
0942a
0942e
09432
09436
0943a
0943e
09442
06fa3
06fad
06fb9
06fc5
06fd1
07069
0707d
07084
0708e
071e6
071f1
071fc
07c05
07c73
07c9e
07d27
07d31
07d4c
07f35
0846a
08531
0857b
0858d
086b0
086bc
086cc
08766
087a8
087b4
087d0
0882d
088d2
088f1
088ff
08915
0892a
08936
089cc
08a9b
08ac0
08ad6
08b58
08b79
08b8f
08c86
08cc5
08ce8
08cfa
08cfe
08e59
092ff
0932b
09394
09444
09448
0944c
09450
09454
09458
0945c
06e67
06e73
06e7f
06e8c
06e97
06ffa
070a6
070ba
070c1
070cb
07228
07234
072dd
07c59
07ca4
07d40
07d46
07d65
07ec6
08309
084aa
0856a
08582
08589
085a0
085c0
086fb
087a0
087c9
087ed
08800
0889c
08924
0893a
0893e
0895c
08970
08975
08aba
08ade
08afb
08b5b
08b95
08bb6
08bcc
08cde
08d1f
08d33
08d37
08dd1
08f33
09350
093b0
09443
09462
09466
0946a
0946e
09472
09476
0947a
06eae
06eb7
06ec6
06ecf
06edb
070e0
070f3
070fc
07103
07261
0726b
07275
07b9f
07caf
07cda
07d5f
07d69
07d84
07ee1
08466
084fc
085bd
085c4
085cd
085fa
0860c
0873e
087e0
0881c
08828
08844
0894c
08967
08979
08989
089a2
089aa
089c6
089d6
08a46
08b11
08bae
08bf1
08bfe
08c11
08d19
08d58
08d6e
08d72
08e09
0928b
0934d
093d0
0947c
09480
09484
09488
0948c
09490
09494
06ee3
06ef1
06efd
06f0a
06f16
07071
0711a
0712e
07135
0713f
0729c
072a8
07357
07bbe
07ce0
07d78
07d7e
07d9d
07ef0
08373
0852c
085ee
08600
08607
0861e
08638
086e8
086f0
08705
08774
08834
08858
08864
0887c
08881
08998
089ae
089b2
089e4
08a10
08a1f
08bd5
08c0f
08c37
08c46
08ce2
08d76
08d9e
08dab
08daf
08f0a
092b2
093ec
0947b
0949a
0949e
094a2
094a6
094aa
094ae
094b2
06f2a
06f35
06f41
06f4d
06f59
06fef
07003
0700a
07014
0716d
07177
07182
07bb7
07ceb
07d15
07d97
07da1
07dbc
07f0b
083df
084ea
08635
08642
08653
08672
0868a
086e6
0872b
08737
08757
087b9
0886d
08883
08887
088a2
088b9
088c4
08a03
08a27
08a4f
08ac9
08c28
08c66
08c72
08c87
08d8f
08dc8
08de0
08de4
08e7f
092bb
092e2
0940b
094b3
094b7
094bb
094bf
094c3
094c7
094cb
070d7
070e0
070ea
070fa
07103
0718c
071a3
071b3
071bb
07261
0731c
07328
0753f
07bb1
07cd4
07d32
07dce
07e33
07f98
08466
085c7
087de
087ea
087f7
0880f
0881e
08894
088bb
088d8
088ef
08957
08a03
08a26
08a2f
08a44
08a5b
08a60
08b00
08bc9
08bf1
08c09
08ca2
08caa
08cbe
08db3
08e05
08e0f
08e21
08e25
08f41
0901b
092dd
092e4
092e8
093d2
094ce
094d2
094d6
094da
094de
094e2
07113
0711d
0712a
07136
0713f
071d7
071ec
071f3
071fc
07351
0735f
0736a
07bd5
07ccd
07d26
07d4e
07dd0
07de6
07fb3
085fc
086b2
086f5
08705
08820
0882c
0883e
088d4
08915
08920
08935
0899b
08a40
08a63
08a6d
08a84
08a98
08a9d
08b38
08c06
08c2e
08c46
08cc4
08ce5
08cf9
08de8
08e27
08e4a
08e5c
08e60
08fb5
092ff
09309
0930d
093ec
09445
094e5
094e9
094ed
094f1
094f5
06fe1
06fee
06ff6
07006
0700f
0716d
07214
07229
07230
07239
07396
073a3
0744c
07bff
07d0f
07d53
07ddf
07df8
07f44
084ea
08636
086e4
086fd
08703
0871b
08736
08868
0890e
0893a
0895b
0896b
08a0a
08a92
08aa8
08aac
08acb
08ad8
08adc
08c28
08c4c
08c69
08cc7
08cff
08d20
08d34
08e40
08e81
08e95
08e99
08f33
09089
0932c
09332
09336
0940d
094f8
094fc
09500
09504
09508
0950c
07027
0702f
0703f
07048
07050
0724e
0725c
0726a
07271
073cb
073d9
073e4
07c23
07c80
07d5e
07d86
07dfa
07e10
07f5f
085f8
08684
08735
0873c
08749
08770
08784
088ac
0894e
08989
08994
089a9
08aba
08add
08ae7
08af8
08b0e
08b13
08b34
08b43
08bb2
08c7c
08d18
08d57
08d64
08d77
08e7b
08eba
08ed0
08ed4
08f67
0934c
09356
0935a
09374
0947d
0950f
09513
09517
0951b
0951f
0705b
07067
07074
07080
07089
071e6
07288
0729d
072a4
072ad
0740a
07416
074c6
07c4c
07c98
07d8b
07e09
07e22
07f6e
08531
086af
08764
08776
0877d
08795
087aa
08857
0885d
08873
088e2
0899e
089c6
089d3
089e4
089e8
08b06
08b1c
08b20
08b4f
08b7d
08b8f
08d3d
08d75
08d9b
08daa
08e44
08ed8
08f00
08f0d
08f11
09060
09290
09297
0929b
09396
09522
09526
0952a
0952e
09532
09536
0709f
070a9
070b6
070c2
070cb
0715d
07172
07179
07182
072d7
072e5
072f0
07b87
07c91
07d96
07dbd
07e24
07e3a
07f89
0857f
08670
087a9
087b6
087c9
087e4
087fa
08854
08899
088a3
088c1
08927
089db
089f1
089f5
08a10
08a21
08a25
08b71
08b95
08bbd
08c37
08d8e
08dc7
08dd4
08de9
08ef1
08f2b
08f42
08f46
08fd9
092b2
092bb
092bf
093b0
094b4
09539
0953d
09541
09545
09549
07245
0724f
0725b
0726a
07271
072fa
07313
07320
07328
073d3
07489
07496
076a3
07c88
07d5e
07dc1
07e4c
07eb1
08014
085f8
0873f
0894c
08958
08965
0897e
0898c
08a02
08a2d
08a48
08a5d
08ac5
08b71
08b95
08b9d
08bb4
08bc9
08bcf
08c6e
08d31
08d57
08d6f
08e04
08e0c
08e20
08f15
08f63
08f6d
08f7f
08f83
09097
0913b
09397
093b6
093ba
0947f
0954c
09550
09554
09558
0955c
09560
07280
0728b
0729b
072a5
072ad
07345
07355
07361
0736a
074be
074cd
074d8
07bd9
07ca8
07d9c
07de7
07e4e
07e64
0802b
08774
08822
08862
08873
0898d
0899a
089af
08a42
08a84
08a90
08aa7
08b09
08bae
08bd2
08bdb
08bf1
08c06
08c0c
08ca6
08d6c
08d92
08daa
08e26
08e47
08e5b
08f4a
08f85
08fa7
08fb8
08fbc
090ed
09303
093d0
093d6
09498
094e4
09563
09567
0956b
0956f
09573
07150
0715b
07165
07176
0717d
072df
07382
07392
0739e
073a7
07503
07510
075b8
07cc4
07d96
07deb
07e5d
07e76
07fc4
08670
087ad
08852
0886a
08871
0888a
088a5
089d7
08a7c
08aa8
08ac9
08ad7
08b76
08c00
08c16
08c1a
08c39
08c47
08c4b
08d8e
08db0
08dca
08e29
08e61
08e82
08e96
08f9c
08fdb
08fef
08ff3
09089
0918b
093d3
093f2
093f6
094b6
09576
0957a
0957e
09582
09586
0958a
07195
0719d
071ae
071b7
071bf
073bc
073ca
073d8
073df
07538
07547
07552
07c25
07ce4
07db1
07e11
07e78
07e8e
07fdb
0876e
087f6
088a4
088aa
088bb
088de
088f7
08a1a
08abc
08af8
08b04
08b1b
08c28
08c4c
08c55
08c66
08c7a
08c82
08ca2
08caf
08d1c
08dde
08e7a
08eb9
08ec6
08ed9
08fd5
09012
09028
0902c
090bd
09351
0940b
09411
09428
0950e
0958d
09591
09595
09599
0959d
071ca
071d5
071df
071f0
071f8
07358
073f6
07408
07412
0741b
07576
07584
0762e
07cff
07d26
07e15
07e87
07ea0
07fec
086b2
08821
088d2
088e4
088eb
08904
08918
089c5
089cc
089e1
08a50
08b0c
08b34
08b40
08b53
08b57
08c74
08c8a
08c8e
08cbb
08ce7
08cf9
08e9f
08ed7
08efd
08f0c
08fa0
09030
09056
09063
09067
0916b
09375
0937b
0937f
09447
095a0
095a4
095a8
095ac
095b0
095b4
0720c
07217
07227
07231
07239
072cb
072db
072e7
072f0
07444
07453
0745e
07b8b
07c6c
07d64
07e3b
07ea2
07eb8
08003
086fc
087e3
08917
08924
0893a
08952
0896f
089c2
08a07
08a11
08a33
08a95
08b49
08b5f
08b63
08b7d
08b90
08b94
08cdd
08cff
08d25
08d9b
08ef0
08f2a
08f36
08f4b
09047
09080
09098
0909c
09111
092b4
09394
0939a
09460
09538
095b7
095bb
095bf
095c3
095c7
073b3
073bc
073c7
073d8
073df
07468
07482
0748e
07496
07534
075f3
07600
07805
07c8b
07d3b
07e3f
07eca
07f2f
08087
082cf
0876e
088ad
08aba
08ac6
08ad3
08aec
08afb
08b70
08b9b
08bb6
08bcd
08c33
08cdd
08cff
08d07
08d1e
08d31
08d37
08dd0
08e93
08eb9
08ed1
08f62
08f6a
08f7e
0906b
090b9
090c4
090c8
0913b
091b9
09448
09465
09469
09510
095ca
095ce
095d2
095d6
095da
095de
073ef
073f9
07405
07413
0741b
074b3
074c4
074cf
074d8
07626
07635
07640
07c4b
07d55
07e20
07e65
07ecc
07ee2
0809d
08344
088e2
0898f
089d2
089e1
08afc
08b08
08b1d
08bb0
08bf1
08bfe
08c15
08c77
08d18
08d3a
08d43
08d57
08d6c
08d72
08e08
08ece
08ef5
08f0c
08f84
08fa3
08fb7
090a0
090cc
090ee
090f2
09165
093cf
0947e
09483
09522
09562
095e1
095e5
095e9
095ed
095f1
072bb
072ca
072d3
072e4
072ec
07440
074f0
07501
0750c
07515
07669
07677
0771a
07cc7
07d73
07e69
07edb
07ef4
0803b
08397
087e3
0891a
089c0
089d9
089df
089f8
08a13
08b44
08bea
08c16
08c37
08c47
08ce2
08d66
08d7c
08d80
08d9d
08dab
08daf
08ef0
08f12
08f2d
08f87
08fbd
08fdc
08ff0
090e3
09113
0911a
0911e
09201
09480
0949d
094a1
0953a
095f4
095f8
095fc
09600
09604
09608
07303
0730b
07315
07325
0732d
0752a
07539
07546
0754e
0769c
076ab
076b6
07bb0
07d8d
07dcc
07e8f
07ef6
07f0c
08051
081a8
088dd
08964
08a12
08a18
08a2d
08a4c
08a69
08b88
08c2a
08c66
08c72
08c89
08d8e
08db0
08db9
08dc7
08ddc
08de4
08e04
08e11
08e7e
08f40
08fd4
09011
0901e
09031
0910d
0913d
09144
09148
0940a
094b5
094ba
094ce
0958c
0960b
0960f
09613
09617
0961b
07335
07343
0734d
0735e
07366
074ba
07564
07577
07580
07589
076d8
076e6
07790
07d02
07daa
07e93
07f05
07f1e
08061
08201
08822
0898e
08a40
08a52
08a59
08a72
08a87
08b33
08b3a
08b51
08bbe
08c7c
08ca2
08cac
08cbf
08cc3
08dd6
08dec
08df0
08e1d
08e49
08e5b
08ff9
0902f
09053
09062
090e7
0914a
0916c
09170
09249
09429
0942e
09432
094e6
0961e
09622
09626
0962a
0962e
09632
0737b
07385
0738f
0739f
073a7
07439
0744a
07455
0745e
075b0
075bf
075ca
07bfe
07d1d
07df6
07eb9
07f20
07f36
08077
08276
08869
08950
08a86
08a92
08aa8
08ac0
08ae2
08b30
08b75
08b7e
08ba1
08c03
08cb5
08ccb
08ccf
08ce7
08cfa
08cfe
08e3f
08e61
08e87
08efd
09046
0907f
0908c
090a1
09161
0918d
09196
0919a
09393
09446
0944b
094f8
095b6
09635
09639
0963d
09641
09645
07521
0752a
07537
07546
0754e
075d4
075ec
075f8
07600
07698
07755
07762
0795b
07d3c
07dda
07ebd
07f48
07fad
080d6
081aa
082b6
082cf
088dd
08a1b
08c28
08c34
08c41
08c5a
08c69
08cdc
08d05
08d20
08d35
08d97
08e3f
08e61
08e69
08e80
08e93
08e99
08f32
08fed
09011
09029
090b8
090c0
090cd
09193
091ba
091be
0926b
094e7
094fd
09501
0958e
09648
0964c
09650
09654
09658
0965c
0755d
07567
07574
07581
07589
0761b
0762c
07637
07640
07788
07797
077a2
07d02
07ded
07e9e
07ee3
07f4a
07f60
080e5
0821c
08323
08344
08a50
08afe
08b3f
08b51
08c6a
08c76
08c8b
08d1a
08d57
08d64
08d7b
08dd9
08e7a
08e9c
08ea5
08eb9
08ece
08ed4
08f66
09026
0904a
09062
090cb
090ea
090f7
091b1
091de
091e2
0947d
0950f
09514
095a0
095e0
0965f
09663
09667
0966b
0966f
0742b
07437
07443
07452
07459
075ac
07656
07667
07672
0767b
077cb
077d8
07878
07d74
07e04
07ee7
07f59
07f72
080a6
08278
08380
08397
08950
08a89
08b2e
08b46
08b4d
08b66
08b80
08cb0
08d52
08d7c
08d9b
08dab
08e44
08ec8
08ede
08ee2
08eff
08f0d
08f11
09046
09068
09082
090ce
090f5
09114
09121
091e6
09204
09208
09511
09527
0952b
095b8
09672
09676
0967a
0967e
09682
09686
07470
07479
07484
07493
0749b
0768e
0769d
076aa
076b2
077fe
0780d
07818
07c8b
07e17
07e4a
07f0d
07f74
07f8a
080b5
0817a
081a8
082ea
08a4b
08ad2
08b7f
08b86
08b9b
08bba
08bd7
08cf2
08d90
08dc7
08dd4
08deb
08ef0
08f12
08f1b
08f2a
08f3e
08f46
08f62
08f6f
08fd8
09096
0910c
0913a
09143
091fd
09226
0922a
094b4
09539
0953e
0954c
0960a
09689
0968d
09691
09695
09699
074a5
074b1
074bd
074cc
074d3
07622
076c6
076d9
076e2
076eb
0783a
07848
078ea
07dab
07e2e
07f11
07f83
07f9c
080be
081db
08201
08346
0898f
08afd
08bae
08bc0
08bc7
08be0
08bf4
08ca1
08ca8
08cbd
08d26
08dde
08e04
08e0e
08e21
08e25
08f38
08f4e
08f52
08f7b
08fa6
08fb7
09122
09149
09168
09177
0922e
0924c
09250
094cf
094d4
094d8
09564
0969c
096a0
096a4
096a8
096ac
096b0
074e8
074f3
074fe
0750d
07515
075a5
075b6
075c1
075ca
07712
07721
0772c
07cc7
07dc3
07e74
07f37
07f9e
07fb4
080cd
08248
08276
083b2
089d8
08abf
08bf3
08c00
08c16
08c2e
08c51
08c9e
08ce1
08ce8
08d0b
08d69
08e17
08e2d
08e31
08e49
08e5c
08e60
08f9b
08fbd
08fe1
09053
09160
0918a
09195
09245
0926c
09270
09445
094e5
094ea
09576
09634
096b3
096b7
096bb
096bf
096c3
07685
0768e
0769b
076aa
076b2
07736
0774e
0775a
07762
077fa
078b1
078be
07a66
07ddb
07e58
07f3b
07fc2
08028
08113
0816a
0818c
0819b
081ab
081b7
081bb
082bc
08400
08a4b
08b89
08d8e
08d98
08da5
08dbe
08de0
08e3f
08e6e
08e84
08e9e
08f05
08fae
08fc3
08fc7
08fde
08ff1
08ff5
0910c
0911f
0914e
091b5
091c3
0926b
094fa
0957a
0957e
0960a
0964a
096c9
096cd
096d1
096d5
096d9
076be
076c9
076d6
076e3
076eb
0777d
0778e
07799
077a2
078e2
078f1
078fc
07dab
07e6b
07f1c
07f61
07fc7
07fdc
08122
081bc
081f3
08202
08212
0821e
08222
08323
084f8
08bbe
08c6c
08cac
08cc9
08dcd
08dda
08df3
08e9c
08eba
08ed0
08f2e
08f66
08fe7
08ffd
09001
0901c
0902a
0902e
09136
09149
09178
091c2
091e7
09429
0958c
09591
09595
0965d
096db
096df
096e3
096e7
096eb
07599
075a3
075af
075be
075c6
0770e
077b8
077c9
077d4
077dd
07923
07930
079bf
07e05
07e82
07f65
07fd8
07fea
080eb
081d1
0824a
08265
08275
08282
08287
08380
0848a
08abf
08bf6
08c9c
08cb2
08cb9
08cd2
08cf8
08e13
08eb5
08ee4
08eff
08f16
0900d
0902f
09038
0904a
0905f
09065
090e6
0916a
09194
091c5
091e6
0920b
09524
095a4
095a8
09634
09674
096f1
096f5
096f9
096fd
09701
075da
075e3
075ee
075fd
07605
077f0
077ff
0780c
07813
07954
07963
0796e
07d3c
07e95
07ec8
07f8b
07fef
08004
080fa
0817a
0828a
082be
082d0
082e0
082ec
082f0
084cf
08bb8
08c40
08ce9
08cf0
08d05
08d24
08d40
08e55
08f12
08f2b
08f42
08fd8
09059
0906f
09073
0908a
0909a
0909e
090c4
09111
09193
091fd
09227
09461
095b6
095bb
095bf
09687
09703
09707
0970b
0970f
09713
0760f
07619
07625
07634
0763c
07784
07828
0783b
07844
0784d
07990
0799e
07a13
07e2f
07eac
07f8f
08000
08012
080ff
081db
0829f
08314
08333
08343
08350
08355
0841e
08afe
08c6b
08d18
08d28
08d2f
08d48
08d6e
08e04
08e0c
08e21
08e89
08f4e
08f68
08f7b
08f81
0901a
09096
090a6
090b4
090cb
090fa
0920d
0922e
09255
094d0
09551
09555
095e0
0969e
09719
0971d
09721
09725
09729
0764e
07659
07664
07673
0767b
07707
07718
07723
0772c
07870
0787f
0788a
07d74
07e41
07ef2
07fb5
08017
0802c
0810e
08248
08358
08388
08398
083a8
083b5
083b9
08553
08b45
08c2c
08d59
08d66
08d7c
08d94
08db6
08e26
08e45
08e5a
08ebd
08f5e
08f84
08f8d
08fa1
08fb4
08fba
09053
090ec
09118
09165
09245
0926d
09499
09562
09567
0956b
096b1
0972b
0972f
09733
09737
0973b
077e8
077f0
077fd
0780c
07813
07892
078aa
078b6
078be
07950
079e9
079f7
07b44
07e59
07ed6
07fb8
08039
0809a
0814f
0816a
08176
08186
081ad
0833d
08396
083ad
083d7
083ee
08401
08405
08554
0863f
08cec
08eef
08ef9
08f05
08f1a
08f2d
08f9b
08fca
08fde
08ff8
0905b
090f5
090fd
09112
0911a
0911e
091fc
09209
09232
09538
095f5
095fa
095fe
096c6
09740
09744
09748
0974c
09750
07821
0782b
07838
07845
0784d
078d7
078e8
078f3
078fc
07a0b
07a1a
07a25
07e2f
07ee9
07f9a
07fdd
0803e
08052
0815e
0819a
081bc
081dd
081ed
08214
0839e
083cc
0841c
08432
08446
0844a
085e0
08bef
08d2e
08e06
08e1f
08f2e
08f3a
08f4f
08ff6
09012
09028
09083
090bc
0911f
09128
0913c
09144
09148
09224
0924a
0934e
0958d
0960d
09611
0969d
09751
09755
09759
0975d
09761
076fb
07705
07711
07720
07727
0786c
07910
07921
0792c
07935
07a3d
07a4a
07ab5
07e83
07f00
07fe0
0804e
0805f
08127
081a2
081d1
0820f
08241
08249
08262
08285
0843a
08468
08481
0848d
08537
086b5
08d5b
08dfd
08e12
08e19
08e2e
08e4c
08f70
0900d
0903c
09055
0906c
09136
09150
09154
0916a
09170
09244
09251
09276
094e4
0961f
09624
09628
096ee
09766
0976a
0976e
09772
09776
0773c
07745
07750
0775f
07767
07946
07955
07962
07969
07a5f
07a6e
07a79
07ddb
07f13
07f46
08005
08064
08078
08136
08226
08268
0828a
082b5
082bd
082e2
083d6
08483
084b1
084c6
084d2
08575
08c64
08da3
08e41
08e50
08e61
08e84
08ea1
08fb0
09068
09080
09098
09110
09173
0917c
0918c
09196
0919a
091ba
09269
092c4
095b7
09637
0963b
09649
09777
0977b
0977f
09783
09787
07771
0777b
07787
07796
0779e
078de
0797e
07991
0799a
079a3
07a8c
07a9b
07afd
07ead
07f2a
08008
08074
08085
0813b
08270
0829f
082dd
08314
08320
08330
08353
084a1
084ee
08502
08515
08519
0869d
08dcb
08e79
08e88
08e8f
08ea4
08ebc
08f62
08f6a
08f7f
08fe3
090a4
090be
090c6
090ca
09192
091a2
091b0
091c1
091ea
0950e
095cc
095d1
09637
09716
0978c
09790
09794
09798
0979c
077b0
077bb
077c6
077d5
077dd
07865
07876
07881
0788a
079b7
079c6
079d1
07e05
07ebf
07f70
0802d
0808a
0809e
0814a
082f4
08336
08358
0837f
08387
083aa
08460
0850d
08535
0854a
08557
085f5
08b7b
08cb8
08eb7
08ec0
08ed7
08ef5
08f17
08f84
08fa1
08fb6
09015
090b4
090d2
090d6
090ec
090f2
09164
091dc
09202
09300
09563
095e3
095e7
09673
0979d
097a1
097a5
097a9
097ad
06c2e
0793d
07946
07953
07962
07969
079d9
079e7
079f2
079fb
07ad1
07adf
07aeb
07c3a
07ed7
07f54
0802f
080a4
080e2
08204
08236
0827e
082a3
082c9
082eb
08386
083a5
083d7
083ee
08401
0851c
08572
0857d
08590
08594
086ca
087b0
08e4e
09046
09050
0905d
09076
09098
090e4
09110
0911a
091da
091ec
091f0
09205
0920f
0932d
0933b
0933f
09661
09677
0967b
0973e
097b3
097b7
097bb
06cab
07976
07981
0798e
0799b
079a3
07a0c
07a19
07a20
07a81
07afd
07b0a
07c5b
07ead
07f67
08011
08053
080a9
080b6
0817a
081a8
08271
082de
082ea
08311
0834d
083ce
0841c
08432
08446
0855b
085a3
085bc
085d7
085db
08746
08d28
08e90
08f6c
08f89
09085
09092
090ab
09126
0913e
0914f
0920c
09213
09226
0922b
0934e
0935f
09363
0960a
09689
0968e
09716
097bd
097c1
097c5
06a92
07859
07863
0786f
0787e
07885
079b3
07a36
07a43
07a4a
07b19
07b28
07b33
07b9e
07f01
07f7e
08055
080b2
080bc
081db
08201
082d2
08304
08349
0836f
08391
083b4
08408
0844b
08468
08481
085b1
085f3
0860b
08610
086b4
08824
08ebd
08f5e
08f72
08f79
08f92
08fb6
09138
09164
0916e
09222
09235
09239
0924d
09257
09291
0929f
092a3
0968b
096a1
096a5
09764
097cb
097cf
097d3
06b16
07899
078a1
078ac
078bb
078c3
07a57
07a67
07a70
07a79
07b44
07b52
07bc1
07e59
07f91
07fc1
08079
080c1
080ce
08185
08196
08241
08267
082b0
08340
083b1
08437
0845e
084a8
084bd
084d0
085f0
08634
0864a
0864f
086ee
08d98
08f05
08fa8
08fae
08fc3
08fe0
08ffc
0917a
0918e
0919f
09253
0925b
0926c
09271
092b3
092c4
092c8
09634
096b3
096b8
096c6
097d5
097d9
097dd
06b60
078cb
078d5
078e1
078f0
078f7
07a07
07a88
07a93
07a9b
07b5f
07b6c
07b77
07bec
07f2b
07fa8
0807b
080ca
080d4
08164
081b4
081ec
081fd
082b5
082ce
08317
083a1
08492
084d5
084f6
0850b
085b4
08660
0867c
0868c
08690
087fc
08f2e
08fd4
08fe4
08feb
09004
09028
090ba
090c4
09192
091b6
091bd
091c7
09279
0927d
092df
092ed
092f1
09649
0964e
09652
0978a
097e3
097e7
097eb
06be4
07908
07913
0791e
0792d
07935
079b8
079c5
079cd
07a31
07ab5
07ac2
07c0f
07e83
07f3d
07fe9
0809f
080d9
080e6
081a4
08211
08223
08255
0827c
08322
08343
084c1
084e8
0852e
08541
08555
0866e
086ad
086c2
086c7
08768
08cb2
08e1a
09013
09020
09036
0904c
0906e
090d2
090ea
09101
091c4
091cb
091de
091e3
09300
09312
09316
095e0
0965f
09664
096ee
097ed
097f1
097f5
06af3
06afb
06b02
06b16
06b1f
06df6
07a57
07a68
07a72
07ad2
07ade
07ae7
07b39
07cf7
07f55
07fd1
080a1
080ec
0811d
081cf
081f6
08204
0820c
08225
0822a
08254
0826a
0827b
08286
082a3
08385
0845c
0848a
084ac
084d0
08572
0857c
0858f
086a0
086eb
086fa
0870d
08711
08836
08921
08fb0
09162
09181
091d8
091f2
0920f
09319
093eb
093fa
09634
096ef
096f4
09777
097f9
097fd
09801
06b5d
06b66
06b77
06b81
06b89
06e4b
07a88
07a95
07a9c
07afb
07b06
07b0f
07d0d
07f2b
07fe2
08084
080b7
080f0
080fb
0817a
0823f
08266
0826f
0827f
0828f
082ac
082ce
082de
082e9
082ef
083d6
084a1
084cf
084f3
08515
085a3
085bb
085d6
086d9
0870b
08737
08751
08755
088ba
08fe2
09085
090d0
091a1
09209
09228
0932e
09352
09415
09419
09689
09706
0970a
097bc
09805
09809
06bc1
06bc9
06bd0
06be4
06bed
06ce2
079af
079c0
079ca
07aa8
07b1f
07b2a
07b33
07c7f
07f7f
07ff9
080b9
080f5
08100
081db
0829d
082c4
082d2
082da
082f3
082f8
08325
08338
0834d
08354
0836f
084be
0850d
0852d
08548
085a4
085e2
085fa
0860d
08728
0876b
08783
08789
08825
08995
09016
090b6
090d9
09220
0923a
09257
0934c
09372
09382
095e0
09717
0971c
0979d
0980d
09811
09815
06c2b
06c34
06c45
06c4f
06c57
06d3d
079e2
079f0
079f9
07b3e
07b4b
07b52
07c96
07ed7
0800a
08038
080cf
08104
0810f
08242
08304
0832b
08339
08341
08359
0835f
08387
08399
083aa
083b6
083d2
083e3
08401
08504
08554
085f0
08634
08648
0865f
08765
087ab
087be
087c6
0885f
08fac
0905c
090fb
09124
09251
0926e
0929c
092b5
0939e
093a2
096b3
0972e
09732
097d4
09819
0981d
06c89
06c91
06c98
06cab
06cb5
06d6c
07a03
07a14
07a1e
07af0
07b65
07b6e
07b77
07cbb
07fa9
08021
080d1
08109
08114
08168
0817f
0819b
081ab
081b7
081bb
082b6
0837d
08398
083a0
083af
083bf
083f9
08425
0843d
084b3
08622
08660
0867d
0868b
0872c
087c2
087f0
08801
08805
08971
09084
0910e
0912d
091b4
091c3
0927e
092cc
093af
093be
0960a
096c9
096cd
09751
09821
09825
09829
06a8f
06a98
06aa9
06ab3
06abb
06dc7
07a36
07a45
07a4c
07ab3
07abe
07ac7
07cd2
07f01
07fba
0805e
080e7
08118
08123
08170
08198
081a1
081b1
081c1
081e3
08200
08210
0821b
08221
0831d
083ef
0843a
08468
0847f
084f8
0866e
086ad
086c0
086d8
087df
0881f
08832
0883a
088d9
08f70
09017
09150
09178
091c1
091e0
092dd
09304
093da
093de
0965f
096de
096e2
097ec
0982d
09831
06acb
06ad3
06b09
06b17
06b1f
06c36
06d27
06d3a
06d42
06f84
07b40
07b4f
07b57
07d9e
07f96
08046
080cf
08128
08159
081ce
081d8
08217
08241
08249
0825a
0828b
0832d
08340
0842e
08438
0844c
08451
08469
08489
0848f
085f0
08621
08648
086b4
086ee
086fa
08719
08836
08860
08874
08880
08921
089ef
09244
09259
09277
09294
09311
09497
094a6
096ef
09768
0976c
09835
09839
0983d
06b35
06b4d
06b78
06b82
06b89
06ca2
06d7a
06d84
06d8c
07b5e
07b6b
07b72
07db4
07fa3
07fe6
0805c
080f9
0812c
08137
08237
08245
08292
082b5
082bd
082e4
08376
0839b
083d9
08473
0847d
08491
08496
084b4
084ce
084d4
0862f
08660
08687
086e4
0872b
08737
08757
08853
0889d
088b1
088c3
0895e
08aca
091ba
09278
092b8
092da
093fe
094bf
094c3
09779
0977d
097e1
09841
09845
06a9a
06ba6
06bae
06bd7
06be5
06bed
06db1
06dc4
06dcc
06e88
07ab0
07abf
07ac7
07d2e
07f42
0806c
080e7
08131
0813c
0818b
0819e
0829c
082b3
082e5
08314
08320
08328
0835b
084a1
084be
084c9
084d9
084ef
0850a
08517
085b4
08691
086b0
086d4
08727
08768
08773
08793
088b5
088df
088f5
088fc
08a68
091b0
091c9
091f1
092e1
0935e
09426
09436
09717
0978e
09792
09849
0984d
09851
06b0c
06c11
06c1b
06c46
06c50
06c57
06e04
06e0e
06e16
07ad0
07ade
07ae7
07d45
07f4f
0800e
08082
0810d
08140
0814b
081f8
0820b
08305
08321
08360
08379
08385
083ac
08463
084fd
08507
0851b
08520
08538
08552
08559
08580
0859f
086c5
0874b
08780
087b0
087be
0885f
088f2
08922
08933
08939
08aa6
091e5
09202
0929c
09301
09386
09450
09454
0979f
097a3
097b1
09855
09859
06b68
06c70
06c78
06c9f
06cad
06cb5
06e35
06e49
06e50
06f06
07af8
07b07
07b0f
07d66
07f6c
08092
080b7
08145
08150
08168
08175
0817d
081ad
08256
0826b
0830b
08383
083c1
083d7
083f5
08402
084b0
08542
0854d
0855d
0856c
085a3
085ca
0863e
087a1
087e4
087f1
0880d
08910
08953
0896a
08974
08a0a
091fc
09211
09233
09326
09339
0945f
0946e
096c7
09743
0979f
0985d
09861
09865
06a67
06a7f
06aaa
06ab4
06abb
06bda
06cf0
06cfa
06d02
07b18
07b27
07b2e
07d7d
07f79
07fbe
08036
08121
08154
0815f
08170
08198
081d3
081e0
081ed
0821e
082c3
082d8
083cc
083ef
083fa
0840a
0841f
0843e
08448
084f8
085d7
085fe
0861d
087cb
087fd
08824
08832
088d9
0896e
08996
089a7
089ad
08b1a
0922d
0924a
092dd
0934e
093c2
09488
0948c
09753
09757
097c9
09869
0986d
081ae
081b8
081c6
083b0
083c1
08400
0840e
084b3
08543
08547
0855d
08617
08624
0865e
08f04
08f08
08f9e
08fc4
08fcb
090f9
09105
0925b
092be
092cd
092d1
093c4
09472
096cb
096d2
09747
097d7
09822
0985d
09870
09874
09878
0987c
09880
09884
09888
0988c
09890
09894
09898
0989c
098a0
098a4
098a8
098ac
098b0
098b4
098b8
098bc
098c0
098c4
098c8
098cc
098d0
098d4
098d8
098dc
081b3
081c4
08215
0821f
0822d
083f2
08408
08410
08448
084f6
084fa
08661
0868d
086a2
08f3b
08fd5
08ff7
09000
09006
09129
09274
09281
092ed
092f6
093db
09488
094da
096e4
09755
0975c
0982a
0982e
09869
09872
098dd
098e1
098e5
098e9
098ed
098f1
098f5
098f9
098fd
09901
09905
09909
0990d
09911
09915
09919
0991d
09921
09925
09929
0992d
09931
09935
09939
0993d
09941
08218
08227
0822f
08284
0828b
08435
08439
0844f
0848a
08498
08537
08695
086a4
086d6
08e18
08e1c
09010
09037
0903d
0914d
09159
091cb
0930c
0931b
0931f
09400
094aa
096f3
096fa
0976d
097ef
097fa
09835
098dd
098e1
09946
0994a
0994e
09952
09956
0995a
0995e
09962
09966
0996a
0996e
09972
09976
0997a
0997e
09982
09986
0998a
0998e
09992
09996
0999a
0999e
099a2
099a6
099aa
08281
08292
082e3
082ed
082fb
083d9
0847a
0847e
08494
084cf
084dd
085a1
086ce
086dd
08e55
09047
09069
09072
09078
0917d
091e9
091f5
0933b
09344
09416
094bf
09504
0970c
0977b
09782
09802
09806
09841
09946
099ab
099af
099b3
099b7
099bb
099bf
099c3
099c7
099cb
099cf
099d3
099d7
099db
099df
099e3
099e7
099eb
099ef
099f3
099f7
099fb
099ff
09a03
09a07
09a0b
09a0f
082e6
082f5
082fd
08352
0835b
0841c
08420
084c1
084d7
084df
08517
08599
085a8
085e0
08e8e
08e92
08f65
090a5
090ab
0919c
091a9
09213
09359
09368
0936c
09388
0943a
0971b
09722
09793
097bf
0980e
09849
099ab
099af
09a14
09a18
09a1c
09a20
09a24
09a28
09a2c
09a30
09a34
09a38
09a3c
09a40
09a44
09a48
09a4c
09a50
09a54
09a58
09a5c
09a60
09a64
09a68
09a6c
09a70
09a74
09a78
0834c
08360
083ab
083b6
083c5
08463
08504
08508
0851e
08553
08563
085e3
0860f
08626
08ecb
08f5f
08f85
08f8e
08f94
090d5
09231
0923d
0929f
092a8
0939f
09450
0952e
09734
097a1
097a8
09816
0981a
09855
09878
09a12
09a16
09a7b
09a7f
09a83
09a87
09a8b
09a8f
09a93
09a97
09a9b
09a9f
09aa3
09aa7
09aab
09aaf
09ab3
09ab7
09abb
09abf
09ac3
09ac7
09acb
09acf
09ad3
09ad7
0825d
08261
0835f
083f6
08401
08412
08550
0855f
08591
085a6
0863f
086ce
086dd
08796
087c1
087d5
0905c
090e3
090f6
09100
09107
091ee
09333
09342
09346
093a0
093a8
0946c
09504
09742
09749
09816
0985d
0987c
09880
09884
09888
0988c
099b2
099b6
099ba
09a79
09adc
09ae0
09ae4
09ae8
09aec
09af0
09af4
09af8
09afc
09b00
09b04
09b08
09b0c
09b10
09b14
09b18
09b1c
09b20
09b24
082c6
083bb
083c7
083fd
0840c
0843e
08446
08457
085a4
085d8
085e5
0867e
087cc
087d7
08803
0908f
09093
0910f
09127
0912d
0920d
09219
09361
0936a
093b7
093c3
093c8
0948e
09558
0975a
097bf
09825
09869
098e3
098e7
098eb
098ef
098f3
09a19
09a1d
09a21
09ada
09ade
09b27
09b2b
09b2f
09b33
09b37
09b3b
09b3f
09b43
09b47
09b4b
09b4f
09b53
09b57
09b5b
09b5f
09b63
09b67
081bf
081ca
0832d
0843b
0844b
08459
08482
0848f
085d0
085e7
0861f
086b5
086b9
08810
08835
08849
08f78
09137
0914a
09155
0915b
09237
09297
092a6
092aa
093dc
093e4
094a4
0952e
09768
0976f
0982a
09835
098f6
0994c
09950
09954
09958
0995c
09a7e
09a82
09a86
09b27
09b6a
09b6e
09b72
09b76
09b7a
09b7e
09b82
09b86
09b8a
09b8e
09b92
09b96
09b9a
09b9e
09ba2
09ba6
09baa
09bae
0822a
0838c
08390
08487
08496
084c5
084d0
084e1
08577
08617
08624
0865e
0870a
0871e
08847
08faf
08fb3
09163
0917b
09181
09254
09261
092c6
092cf
093f3
093ff
09404
094c5
09582
09780
097d7
097fd
09841
09893
09897
0989b
0995e
099c1
099c5
099c9
099cd
09b6a
09b6e
09bb1
09bb5
09bb9
09bbd
09bc1
09bc5
09bc9
09bcd
09bd1
09bd5
09bd9
09bdd
09be1
09be5
09be9
09bed
09bf1
0818f
08193
08291
084c9
084d5
084e3
0850c
08519
085b4
085b8
08661
0868d
086a2
0871c
08747
0875b
08fea
090b9
09193
091a5
091ab
0927b
092e5
092f4
092f8
09417
0941f
09434
094da
0978e
09795
09802
09849
098f8
098fc
09900
09904
09a26
09a2a
09a2e
09a32
09a36
09bb1
09bf4
09bf8
09bfc
09c00
09c04
09c08
09c0c
09c10
09c14
09c18
09c1c
09c20
09c24
09c28
09c2c
09c30
09c34
09c38
081f8
082f4
082ff
08510
08520
08549
08555
08567
085f5
08695
086a4
086d6
0874c
0875d
08789
09021
09025
090b7
090d3
090d9
091c5
091d1
09314
0931d
0937b
09387
0938c
09456
095ac
097a6
097ef
09811
09855
09961
09965
09969
09a39
09a8b
09a8f
09a93
09a97
09ae0
09ae4
09bf6
09c39
09c3d
09c41
09c45
09c49
09c4d
09c51
09c55
09c59
09c5d
09c61
09c65
09c69
09c6d
09c71
09c75
08209
0820d
0822a
08472
08476
0851e
0858e
0859d
085aa
086d0
086d7
0870a
0871e
087b3
08840
0884b
08900
08934
08943
091db
091ec
091f3
09333
09342
09346
093fa
09402
0944a
09455
0945a
09582
097b3
097fd
0995d
099b3
099b7
099bb
099d4
099d8
09ae7
09aeb
09bb8
09bbc
09c78
09c7c
09c80
09c84
09c88
09c8c
09c90
09c94
09c98
09c9c
09ca0
09ca4
09ca8
09cac
09cb0
09cb4
09cb8
09cbc
08272
0828d
08298
084b9
0855b
08561
0859b
085a3
085d5
085dd
085e9
0871c
08747
0875b
087f0
08931
08945
08974
091fd
0920a
09215
0921b
09361
0936a
09410
0941c
09421
0946d
09474
09519
095d6
09802
0985d
099d1
09a1a
09a1e
09a22
09a3b
09a3f
09b2e
09bfb
09bff
09c03
09c7a
09cbd
09cc1
09cc5
09cc9
09ccd
09cd1
09cd5
09cd9
09cdd
09ce1
09ce5
09ce9
09ced
09cf1
09cf5
09cf9
082d7
082db
082f8
08408
08410
084fe
085cd
085dc
085eb
08611
08620
0874c
0875d
08789
08825
08829
0897a
089a8
089b7
09223
09235
0923b
09297
092a6
092aa
09382
0938a
09482
0948d
09492
095ac
097cb
09811
098e3
09a7b
09a7f
09a83
09a87
09a9e
09b71
09b75
09c3c
09c40
09cbd
09cc1
09cfe
09d02
09d06
09d0a
09d0e
09d12
09d16
09d1a
09d1e
09d22
09d26
09d2a
09d2e
09d32
09d36
09d3a
08340
0835a
08366
0844f
0853b
0853f
08619
08621
0864b
0865a
08667
086f1
0878f
08798
087c6
0887d
0888c
089b1
09245
09252
0925d
09263
092c6
092cf
09399
093a5
093aa
094a5
094ac
09543
09600
09816
09835
09893
09897
0989b
0989f
098a3
09a7a
09aef
09af3
09bc0
09bc4
09cfe
09d3b
09d3f
09d43
09d47
09d4b
09d4f
09d53
09d57
09d5b
09d5f
09d63
09d67
09d6b
09d6f
09d73
09d77
0839f
083a3
083c0
083e8
083ec
08494
08653
0865b
08669
0868f
0869e
0872c
08730
087d3
087fe
08812
08886
088ba
088c9
091b7
09279
0927f
092e5
092f4
092f8
093be
093c6
094b9
094c4
094c9
09558
097e3
09825
0988f
098fa
098fe
09902
09906
0990a
09b32
09b36
09b3a
09c07
09d3b
09d3f
09d7c
09d80
09d84
09d88
09d8c
09d90
09d94
09d98
09d9c
09da0
09da4
09da8
09dac
09db0
09db4
09db8
081a4
081bf
081ca
0842f
084d7
084df
08697
0869f
086c3
086d2
086e1
0876b
08809
08814
0883a
088b7
088cb
088fa
091b1
091c2
091cd
091d3
09314
0931d
093d5
093e1
093e6
09435
0943c
094ef
0962a
0982a
09849
0995f
09963
09967
0996b
0996f
09a26
09b79
09b7d
09c44
09c48
09c80
09d7a
09d7e
09dbb
09dbf
09dc3
09dc7
09dcb
09dcf
09dd3
09dd7
09ddb
09ddf
09de3
09de7
09deb
09def
081d0
08218
08227
0822f
08437
0844d
08455
08606
08695
086a4
0870c
08719
08836
08843
0884d
08880
0891f
08923
089b1
08a67
08a74
08aa6
0930d
09320
093fa
09402
0949e
094a9
094ae
094f0
09581
096bc
097fd
098dd
0995d
09bb5
09bb9
09bbd
09bc7
09bcb
09c87
09d42
09d46
09d4a
09df4
09df8
09dfc
09e00
09e04
09e08
09e0c
09e10
09e14
09e18
09e1c
09e20
09e24
09e28
09e2c
09e30
09e34
08239
08281
08292
0847a
0847e
08494
08643
08647
086d9
0870b
08718
08724
08750
08757
0887a
0888e
088c3
0895c
08960
08aab
08ad9
08aee
09342
09410
0941c
09421
094c0
094c7
094fe
09507
09614
09802
0983f
099b1
099d1
09bfc
09c00
09c04
09c0e
09cc4
09cc8
09d83
09d87
09df2
09df6
09e37
09e3b
09e3f
09e43
09e47
09e4b
09e4f
09e53
09e57
09e5b
09e5f
09e63
09e67
09e6b
09e6f
0829e
082e6
082f5
082fd
084c1
084d7
084df
085a4
08682
08686
0874a
08758
08784
0878a
0879c
088be
088f6
08908
08995
08ae0
08af0
08b1a
0935a
0936d
09382
0938a
0942e
09439
0943e
0951a
095ab
09668
09811
099ab
09a25
09c39
09c3d
09c41
09c4b
09c4f
09d05
09dba
09dbe
09dc2
09e37
09e72
09e76
09e7a
09e7e
09e82
09e86
09e8a
09e8e
09e92
09e96
09e9a
09e9e
09ea2
09ea6
09eaa
09eae
08307
0834c
08360
08504
08508
0851e
085d0
085e7
086bd
08782
08792
0879e
087c3
087d0
0885d
08861
08900
08934
08943
089ef
08b17
08b27
092a6
09399
093a5
093aa
09451
09458
09528
09531
0963e
09816
09853
09a79
09a88
09aee
09af2
09af6
09afa
09c8b
09c8f
09c93
09d4e
09e72
09e76
09eb1
09eb5
09eb9
09ebd
09ec1
09ec5
09ec9
09ecd
09ed1
09ed5
09ed9
09edd
09ee1
09ee5
09ee9
08169
083ae
083bd
083c3
08545
0855b
08561
08588
08617
08624
087ca
087d2
087fa
08804
08816
0889c
08931
08945
08974
089ed
089fc
08a2c
092bf
092d2
093be
093c6
09466
09471
09476
09544
09557
09692
09825
09876
0988f
09b31
09b35
09b39
09b3d
09b41
09ccc
09cd0
09d8b
09d8f
09eb1
09eec
09ef0
09ef4
09ef8
09efc
09f00
09f04
09f08
09f0c
09f10
09f14
09f18
09f1c
09f20
09f24
09f28
08165
081b3
081c4
083f0
083f4
0840a
085c5
085c9
08661
087ff
0880c
08818
08837
08844
088d7
088db
0897a
089a8
089b7
08a30
08a5f
08a76
092f4
093d5
093e1
093e6
09489
09490
094d4
094dd
095ea
0982a
09867
098e3
098f8
09b78
09b7c
09b80
09b84
09d09
09d0d
09d11
09dc6
09df8
09dfc
09eee
09f29
09f2d
09f31
09f35
09f39
09f3d
09f41
09f45
09f49
09f4d
09f51
09f55
09f59
09f5d
0832b
0832f
0841a
08442
08451
085d0
085e7
0877c
08809
08814
08876
08882
0899f
089b3
089bb
089ef
08a8d
08a91
08b1f
08bd6
08be2
08c0c
09298
092ab
093e3
0949e
094a9
094ae
0952f
09566
0956f
09600
09738
0994a
09b25
09d41
09d45
09d49
09d53
09d57
09e01
09eb6
09eba
09ebe
09f62
09f66
09f6a
09f6e
09f72
09f76
09f7a
09f7e
09f82
09f86
09f8a
09f8e
09f92
09f96
09f9a
09f9e
09fa2
0838e
0845d
08484
08490
0849e
08622
087b7
087bb
08847
08878
08888
08892
088b3
088c5
089ed
089fc
08a2c
08aca
08ace
08c19
08c44
08c5c
092cd
093f4
09405
094c0
094c7
0953d
09546
09581
09586
09693
0983f
099be
09bb5
09d82
09d86
09d8a
09d94
09e3c
09e40
09ef5
09ef9
09f60
09f64
09fa5
09fa9
09fad
09fb1
09fb5
09fb9
09fbd
09fc1
09fc5
09fc9
09fcd
09fd1
09fd5
09fd9
09fdd
0818f
08193
084a4
084cc
084db
08656
08665
0871c
087f4
087f8
088bc
088c7
088ee
088f8
0890a
08a30
08a5f
08a76
08b03
08c4f
08c5e
08c82
092e6
092f9
0941e
0942e
09439
0943e
094db
09590
09599
0962a
096e8
098f8
09baf
09db9
09dbd
09dc1
09dcb
09dcf
09e7b
09f2a
09f2e
09f32
09fa5
09fe0
09fe4
09fe8
09fec
09ff0
09ff4
09ff8
09ffc
0a000
0a004
0a008
0a00c
0a010
0a014
0a018
0a01c
081f8
084e7
0850e
0851a
08528
086a0
0874c
0875d
0882d
088f2
08902
0890c
0892d
08939
089cb
089cf
08a6e
08a9c
08ab1
08b55
08c86
08c95
0931b
0937c
0938d
09451
09458
094e9
094f2
095ab
095b0
096bd
09853
09a88
09c39
09c8c
09c90
09c94
09c98
09e05
09e09
09e0d
09ec2
09fe0
09fe4
0a01f
0a023
0a027
0a02b
0a02f
0a033
0a037
0a03b
0a03f
0a043
0a047
0a04b
0a04f
0a053
0a057
0825d
08261
083d5
08550
0855f
086ce
086dd
08702
0878f
08798
0893b
08941
0896a
08972
08984
08a0a
08aa4
08ab3
08ae3
08b5c
08b6a
08b92
09334
09347
093a7
09466
09471
09476
09505
095ba
095c3
095d6
09710
0987c
09ae0
09cc9
09ccd
09cd1
09cd5
09cd9
09e44
09e48
09efd
09f01
0a01f
0a05a
0a05e
0a062
0a066
0a06a
0a06e
0a072
0a076
0a07a
0a07e
0a082
0a086
0a08a
0a08e
0a092
0a096
082c6
083cd
083fa
08406
08414
085a4
0873d
08741
087d3
0896e
0897c
08986
089a5
089ad
08a45
08a49
08ae8
08b12
08b25
08b9e
08bca
08be4
09368
093b8
093c9
09489
09490
09513
0951c
09557
0955c
09669
09867
09a19
09b31
09d0a
09d0e
09d12
09d16
09e7f
09e83
09e87
09f36
09f66
09f6a
0a05c
0a097
0a09b
0a09f
0a0a3
0a0a7
0a0ab
0a0af
0a0b3
0a0b7
0a0bb
0a0bf
0a0c3
0a0c7
0a0cb
084fc
08500
085b2
085d2
085e2
0874c
0875d
088ea
08968
08982
089e7
089f0
08b0d
08b21
08b29
08b55
08bfb
08bff
08c8d
08d3e
08d4a
08d72
09298
092ab
09389
09483
09493
0952f
095a5
095ae
095e5
095ee
096fb
09a7c
09cbd
09eb5
09eb9
09ebd
09ec7
09ecb
09f6f
0a024
0a028
0a02c
0a0d0
0a0d4
0a0d8
0a0dc
0a0e0
0a0e4
0a0e8
0a0ec
0a0f0
0a0f4
0a0f8
0a0fc
0a100
0a104
0a108
0a10c
0a110
0853d
085ef
08614
0861c
0862a
08796
08925
08929
089b1
089ea
089f6
08a00
08a24
08a33
08b5c
08b6a
08b92
08c38
08c3c
08d7f
08da8
08dc0
092cd
0939a
093ab
094ab
0953d
09546
095c0
095c5
09601
09692
0974a
09aec
09d41
09ef4
09ef8
09efc
09f06
09faa
09fae
0a063
0a067
0a0ce
0a0d2
0a113
0a117
0a11b
0a11f
0a123
0a127
0a12b
0a12f
0a133
0a137
0a13b
0a13f
0a143
0a147
0a14b
083e8
083ec
08630
08658
08660
087cc
087d7
08886
08962
08966
08a2e
08a35
08a5c
08a65
08a78
08b9e
08bca
08be4
08c71
08db3
08dc2
08de4
092e6
092f9
093c5
094ba
094ca
094db
09551
0955a
0960f
09618
09723
098f8
09d3b
09f29
09f2d
09f31
09f3b
09f3f
09fe9
0a098
0a09c
0a0a0
0a113
0a14e
0a152
0a156
0a15a
0a15e
0a162
0a166
0a16a
0a16e
0a172
0a176
0a17a
0a17e
0a182
0a186
0a18a
0842f
0866d
08692
0869a
086a8
08810
088b7
088cb
0899b
08a64
08a70
08a7a
08a9e
08aa7
08b39
08b3d
08bdc
08c07
08c1f
08cc1
08de8
08df7
0931b
093d6
093e7
0943b
094e9
094f2
0956c
09571
0962b
096bc
09770
09b76
09dba
09e06
09e0a
09e0e
09e12
09f73
09f77
09f7b
0a030
0a14e
0a152
0a18d
0a191
0a195
0a199
0a19d
0a1a1
0a1a5
0a1a9
0a1ad
0a1b1
0a1b5
0a1b9
0a1bd
0a1c1
0a1c5
08472
08476
08573
086d0
086d7
08840
0884b
08870
088f4
08906
08aa9
08aaf
08ad6
08ae1
08af2
08b78
08c13
08c21
08c49
08cc8
08cd6
08cfc
09334
09347
09401
0944b
0945b
09505
0957b
09584
09639
09642
096d3
099b1
09c7e
09e41
09e45
09e49
09e4d
09e51
09fb2
09fb6
0a06b
0a06f
0a18d
0a1c8
0a1cc
0a1d0
0a1d4
0a1d8
0a1dc
0a1e0
0a1e4
0a1e8
0a1ec
0a1f0
0a1f4
0a1f8
0a1fc
0a200
0a204
084b9
0856b
08596
0859e
085ac
0871c
088ab
088af
0893d
08ade
08aea
08af4
08b14
08b1b
08bb3
08bb7
08c56
08c7b
08c93
08d08
08d32
08d4c
09368
09411
09422
09473
09513
0951c
09596
0959b
095d7
09668
09796
09bfa
09cc9
09e80
09e84
09e88
09e8c
09fed
09ff1
09ff5
0a0a4
0a0d4
0a0d8
0a1ca
0a205
0a209
0a20d
0a211
0a215
0a219
0a21d
0a221
0a225
0a229
0a22d
0a231
0a235
0a239
08682
08686
0872a
0874a
08758
088b7
088cb
08a58
08ae0
08af0
08b56
08b5e
08c7d
08c8f
08c97
08cc1
08d61
08d65
08def
08ea0
08eac
08ed4
0937c
0938d
0943b
09514
0951e
095ad
09623
0962c
09663
0966c
09770
09c39
09e35
0a023
0a027
0a02b
0a035
0a039
0a0dd
0a192
0a196
0a19a
0a23e
0a242
0a246
0a24a
0a24e
0a252
0a256
0a25a
0a25e
0a262
0a266
0a26a
0a26e
0a272
0a276
0a27a
0a27e
086bd
08765
08782
08792
0879e
08900
08a93
08a97
08b1f
08b59
08b64
08b6e
08b93
08ba1
08cc8
08cd6
08cfc
08d9c
08da0
08ee1
08f0a
08f22
093a7
0944b
0945b
0952f
095bb
095c4
0963e
09643
0967f
0970f
097b5
09c8a
09eb6
0a062
0a066
0a06a
0a074
0a118
0a11c
0a1d1
0a1d5
0a23c
0a240
0a281
0a285
0a289
0a28d
0a291
0a295
0a299
0a29d
0a2a1
0a2a5
0a2a9
0a2ad
0a2b1
0a2b5
0a2b9
08586
0858a
087a4
087ca
087d2
08931
08945
089f4
08ad0
08ad4
08b9c
08ba3
08bcc
08bd4
08be6
08d08
08d32
08d4c
08dd3
08f15
08f24
08f46
093b8
093c9
09473
0953e
09548
09559
095cf
095d8
0968d
09696
09796
09b31
09eaf
0a097
0a09b
0a09f
0a0a9
0a0ad
0a157
0a206
0a20a
0a20e
0a281
0a2bc
0a2c0
0a2c4
0a2c8
0a2cc
0a2d0
0a2d4
0a2d8
0a2dc
0a2e0
0a2e4
0a2e8
0a2ec
0a2f0
0a2f4
0a2f8
085c7
087df
087ff
0880c
08818
0897a
08a2a
08a39
08b09
08bd3
08bde
08be8
08c0d
08c15
08ca7
08cab
08d44
08d6d
08d85
08e23
08f4a
08f59
093e3
09483
09493
094db
09567
09570
095ea
095ef
096a9
09737
097cd
09d08
09f2a
09f74
09f78
09f7c
09f80
0a0e1
0a0e5
0a0e9
0a19e
0a2bc
0a2c0
0a2fb
0a2ff
0a303
0a307
0a30b
0a30f
0a313
0a317
0a31b
0a31f
0a323
0a327
0a32b
0a32f
0a333
08604
08608
086ed
0883e
08846
089a1
089b9
089de
08a67
08a74
08c17
08c1d
08c46
08c50
08c60
08ce4
08d79
08d87
08dad
08e2a
08e38
08e5e
093f4
09405
094ab
094ea
094f4
09583
095f9
09602
096b7
096c0
0974a
09bb5
09df8
09faf
09fb3
09fb7
09fbb
09fbf
0a120
0a124
0a1d9
0a1dd
0a2fb
0a336
0a33a
0a33e
0a342
0a346
0a34a
0a34e
0a352
0a356
0a35a
0a35e
0a362
0a366
0a36a
0a36e
0a372
08645
086e5
0870b
08718
08724
08886
08a19
08a1d
08aab
08c4d
08c58
08c62
08c83
08c89
08d1d
08d21
08dba
08ddd
08df5
08e6a
08e94
08eae
0941e
094ba
094ca
09505
09591
0959a
09614
09619
09655
096e7
097e5
09d80
09e42
09fee
09ff2
09ff6
09ffa
0a15b
0a15f
0a163
0a212
0a242
0a246
0a338
0a373
0a377
0a37b
0a37f
0a383
0a387
0a38b
0a38f
0a393
0a397
0a39b
0a39f
0a3a3
0a3a7
087f4
087f8
08898
088bc
088c7
08a2a
08a39
08bc6
08c4f
08c5e
08cc2
08cca
08ddf
08df1
08df9
08e23
08ec3
08ec7
08f51
08ffa
09008
0902c
0942f
0943f
094db
09592
0959c
0962b
096a1
096aa
096e1
096e9
097cd
0990b
09f2a
09fec
0a193
0a197
0a19b
0a1a5
0a249
0a24d
0a302
0a306
0a3aa
0a3ae
0a3b2
0a3b6
0a3ba
0a3be
0a3c2
0a3c6
0a3ca
0a3ce
0a3d2
0a3d6
0a3da
0a3de
0a3e2
0a3e6
0a3ea
0882d
088d3
088f2
08902
0890c
08a6e
08c01
08c05
08c8d
08cc5
08cd0
08cda
08cfd
08d0b
08e2a
08e38
08e5e
08efe
08f02
0903b
09060
0907a
09457
094ea
094f4
095ad
09639
09642
096bc
096c1
096f9
09783
097fa
09c8a
09fe0
0a1ce
0a1d2
0a1d6
0a1e0
0a1e4
0a288
0a33d
0a341
0a345
0a3ac
0a3eb
0a3ef
0a3f3
0a3f7
0a3fb
0a3ff
0a403
0a407
0a40b
0a40f
0a413
0a417
0a41b
0a41f
0a423
08700
08704
08912
0893b
08941
08aa4
08ab3
08b62
08c3e
08c42
08d06
08d0d
08d34
08d3c
08d4e
08e6a
08e94
08eae
08f35
0906b
0907c
0909c
09467
09477
09505
095bc
095c6
095d7
0964d
09656
09709
09711
097e5
099d9
09e42
0a060
0a207
0a20b
0a20f
0a219
0a2c3
0a2c7
0a376
0a37a
0a3eb
0a3ef
0a428
0a42c
0a430
0a434
0a438
0a43c
0a440
0a444
0a448
0a44c
0a450
0a454
0a458
0a45c
0a460
0873f
0894d
0896e
0897c
08986
08ae8
08b99
08ba7
08c77
08d3b
08d46
08d50
08d73
08d7b
08e09
08e0d
08ea6
08ecf
08ee7
08f81
090a0
090b1
0948f
09514
0951e
09559
095e5
095ee
09668
0966d
09721
097a9
0980e
09d08
0a05a
0a0e0
0a0e4
0a0e8
0a0ec
0a0f0
0a251
0a255
0a30a
0a30e
0a428
0a461
0a465
0a469
0a46d
0a471
0a475
0a479
0a47d
0a481
0a485
0a489
0a48d
0a491
0a495
0a499
0877a
0877e
0885b
089af
089b5
08b17
08b27
08b4c
08bd6
08be2
08d7d
08d83
08daa
08db4
08dc4
08e46
08edb
08ee9
08f0f
08f88
08f98
08fba
0949f
094af
0952f
09568
09572
09601
09677
09680
09731
09739
097b5
09aa1
09eb6
09f72
0a11f
0a123
0a127
0a12b
0a28c
0a290
0a294
0a349
0a461
0a465
0a49e
0a4a2
0a4a6
0a4aa
0a4ae
0a4b2
0a4b6
0a4ba
0a4be
0a4c2
0a4c6
0a4ca
0a4ce
0a4d2
0a4d6
087b9
08853
08878
08888
08892
089f4
08b87
08b8b
08c19
08db1
08dbc
08dc6
08de5
08deb
08e7f
08e83
08f1c
08f3f
08f57
08fc8
08fee
0900a
094c6
0953e
09548
09583
0960f
09618
09692
09697
096d1
0975d
09822
09d80
09f60
0a15a
0a15e
0a162
0a166
0a16a
0a2cb
0a2cf
0a37e
0a382
0a3b2
0a49c
0a4a0
0a4d9
0a4dd
0a4e1
0a4e5
0a4e9
0a4ed
0a4f1
0a4f5
0a4f9
0a4fd
0a501
0a505
0a509
08962
08966
08a06
08a2e
08a35
08b99
08ba7
08d2e
08db3
08dc2
08e24
08e2c
08f41
08f53
08f5b
08f81
0901b
0901f
090a9
09123
0912f
09146
094d5
094df
09559
09610
0961a
096a9
0971a
09723
09757
0975f
0980e
098e5
09f2a
0a111
0a2ff
0a303
0a307
0a311
0a315
0a3b9
0a468
0a46c
0a50c
0a510
0a514
0a518
0a51c
0a520
0a524
0a528
0a52c
0a530
0a534
0a538
0a53c
0a540
0a544
0a548
0a54c
0899b
08a41
08a64
08a70
08a7a
08bdc
08d67
08d6b
08def
08e27
08e32
08e3c
08e5f
08e6d
08f88
08f98
08fba
09054
09058
09153
0916b
09187
094f0
09568
09572
0962b
096b7
096c0
09734
0973a
0976e
097d9
09836
09aa1
09f72
0a192
0a33e
0a342
0a346
0a350
0a3f2
0a3f6
0a4a5
0a4a9
0a50e
0a54d
0a551
0a555
0a559
0a55d
0a561
0a565
0a569
0a56d
0a571
0a575
0a579
0a57d
0a581
0a585
0886e
08872
08a80
08aa9
08aaf
08c13
08c21
08cce
08da2
08da6
08e68
08e6f
08e96
08e9e
08eb0
08fc8
08fee
0900a
0908b
09176
09183
09198
094ff
09509
09583
0963a
09644
09655
096ca
096d3
0977d
09785
09822
098a4
09e42
0a18b
0a373
0a377
0a37b
0a385
0a389
0a42f
0a4d8
0a4dc
0a54d
0a551
0a58a
0a58e
0a592
0a596
0a59a
0a59e
0a5a2
0a5a6
0a5aa
0a5ae
0a5b2
0a5b6
0a5ba
0a5be
0a5c2
088ad
08abb
08ade
08aea
08af4
08c56
08d03
08d11
08dd9
08e9d
08ea8
08eb2
08ed5
08edd
08f67
08f6b
09002
09027
09041
090c8
0919c
091a9
0951a
09592
0959c
095d7
09663
0966c
096e4
096ea
09794
097f1
0984a
09a27
09fec
0a206
0a250
0a254
0a258
0a25c
0a3bd
0a3c1
0a470
0a474
0a58a
0a5c3
0a5c7
0a5cb
0a5cf
0a5d3
0a5d7
0a5db
0a5df
0a5e3
0a5e7
0a5eb
0a5ef
0a5f3
0a5f7
0a5fb
088e8
088ec
089c9
08b1d
08b23
08c86
08c95
08cb8
08d3e
08d4a
08edf
08ee5
08f0c
08f16
08f26
08fa2
09033
09043
09065
090cf
090db
090f2
09529
09533
095ad
095e6
095f0
0967f
096f2
096fb
097a3
097ab
097fa
09972
09eb6
0a0d4
0a28b
0a28f
0a293
0a297
0a29b
0a3fa
0a3fe
0a4ad
0a5c3
0a5c7
0a600
0a604
0a608
0a60c
0a610
0a614
0a618
0a61c
0a620
0a624
0a628
0a62c
0a630
0a634
0a638
08927
089c1
089ea
089f6
08a00
08b62
08cf1
08cf5
08d7f
08f13
08f1e
08f28
08f47
08f4d
08fd9
08fdd
09074
09095
090af
090fe
09117
09133
09544
095bc
095c6
09601
0968d
09696
0970c
09712
09748
097c1
0985e
099d9
0a060
0a11e
0a2ca
0a2ce
0a2d2
0a2d6
0a433
0a437
0a4e0
0a4e4
0a514
0a5fe
0a602
0a63b
0a63f
0a643
0a647
0a64b
0a64f
0a653
0a657
0a65b
0a65f
0a663
0a667
0a66b
08ad0
08ad4
08b74
08b9c
08ba3
08d03
08d11
08e90
08f15
08f24
08f82
08f8a
09097
090a7
090ad
090c8
0913b
0913f
091a3
0920d
09219
0922a
09363
09553
0955d
095d7
0968e
09698
09721
0978d
09796
097bf
0980e
09a1b
09a40
09aa3
0a206
0a2c8
0a469
0a46d
0a477
0a47b
0a51b
0a5ca
0a5ce
0a66e
0a672
0a676
0a67a
0a67e
0a682
0a686
0a68a
0a68e
0a692
0a696
0a69a
0a69e
0a6a2
0a6a6
0a6aa
08b09
08baf
08bd3
08bde
08be8
08d44
08ec9
08ecd
08f51
08f85
08f8e
08f94
08fbb
08fc9
090cf
090db
090f2
09165
09169
09237
09249
09265
092ac
0956e
095e6
095f0
096a9
09731
09739
097a6
097ac
097cf
09854
09a7e
09aa1
09f72
0a2bc
0a4a2
0a4a6
0a4aa
0a4b4
0a554
0a558
0a607
0a60b
0a670
0a6ad
0a6b1
0a6b5
0a6b9
0a6bd
0a6c1
0a6c5
0a6c9
0a6cd
0a6d1
0a6d5
0a6d9
0a6dd
0a6e1
089dc
089e0
08bee
08c17
08c1d
08d79
08d87
08e30
08f04
08f08
08fc4
08fcb
08ff0
08ff8
0900c
090fe
09117
09133
0918d
09254
09261
09270
092c8
0957d
09587
09601
096b8
096c2
096d1
09741
0974a
097d7
09822
0987e
098a4
0990d
0a11e
0a33c
0a4d9
0a4dd
0a4e7
0a4eb
0a591
0a63a
0a63e
0a6ab
0a6e4
0a6e8
0a6ec
0a6f0
0a6f4
0a6f8
0a6fc
0a700
0a704
0a708
0a70c
0a710
0a714
0a718
0a71c
08a1b
08c29
08c4d
08c58
08c62
08dba
08e65
08e73
08f3b
08ff7
09000
09006
0902d
09035
090bd
090c1
09129
09141
0915d
091be
09274
09281
092fa
09598
09610
0961a
09655
096e1
096e9
0975a
09760
097e7
09868
098fa
0990d
09fec
0a336
0a3bc
0a3c0
0a3c4
0a3c8
0a51f
0a523
0a5d2
0a5d6
0a6e6
0a71f
0a723
0a727
0a72b
0a72f
0a733
0a737
0a73b
0a73f
0a743
0a747
0a74b
0a74f
0a753
08a56
08a5a
08b37
08c8b
08c91
08de8
08df7
08e1a
08ea0
08eac
09037
0903d
09062
0906c
0907e
090e9
0914d
09159
09170
091c5
091d1
091e2
09316
095a7
095b1
0962b
09664
0966e
096f9
09767
09770
097ef
097fa
0994c
09972
099db
0a192
0a24e
0a3f9
0a3fd
0a401
0a405
0a55c
0a560
0a60f
0a71d
0a756
0a75a
0a75e
0a762
0a766
0a76a
0a76e
0a772
0a776
0a77a
0a77e
0a782
0a786
0a78a
0a78e
08a95
08b2f
08b59
08b64
08b6e
08cce
08e53
08e57
08ee1
09069
09072
09078
0909d
090a3
09111
09115
0917d
09191
091ad
091ee
09201
0921d
09348
095c2
0963a
09644
0967f
09709
09711
09780
09786
097b7
09840
099c0
099db
0a060
0a23c
0a432
0a436
0a43a
0a43e
0a595
0a599
0a642
0a646
0a674
0a758
0a791
0a795
0a799
0a79d
0a7a1
0a7a5
0a7a9
0a7ad
0a7b1
0a7b5
0a7b9
0a7bd
0a7c1
0828d
08298
082df
082ea
08301
08c40
08cde
08d00
08d0a
08d15
08e6a
08fe8
08fec
09074
090c5
090cd
090e1
091a1
091a7
091b9
091d5
0927b
092ef
09416
095d1
095db
09655
09707
0970e
09794
097e2
097e8
09805
098fa
099d9
099df
099e3
099e7
099eb
09c12
0a207
0a3ec
0a5cc
0a5d0
0a5da
0a676
0a67a
0a723
0a727
0a7c5
0a7c9
0a7cd
0a7d1
0a7d5
0a7d9
0a7dd
0a7e1
0a7e5
0a7e9
0a7ed
0a7f1
082f8
08344
08348
08357
08c75
08c79
08d1b
08d42
08d48
08ea0
08eac
09023
090a0
090b1
090d3
090d9
090ef
090f7
0910b
091cb
091dd
091f9
09321
09388
095ec
09664
0966e
09720
097a3
097ab
097f1
0980d
09854
09a38
09a44
09a48
09a4c
09a50
09a8b
09c51
0a24f
0a605
0a609
0a613
0a617
0a6b1
0a75a
0a75e
0a762
0a7c7
0a7f5
0a7f9
0a7fd
0a801
0a805
0a809
0a80d
0a811
0a815
0a819
0835a
08366
083a7
083b2
083c9
08b4c
08d54
08d76
08d81
08d8b
08ee1
08f88
08f98
0905c
090f6
09100
09107
0911d
09125
091e9
091f5
09206
0933d
0939f
095fb
09605
0967f
0972f
09736
09748
097b2
097b8
09819
0987e
09a79
09aa5
09aa9
09aad
09ab1
09afe
0a11f
0a462
0a63c
0a640
0a64a
0a6e8
0a6ec
0a791
0a795
0a7f3
0a81d
0a821
0a825
0a829
0a82d
0a831
0a835
0a839
0a83d
0a841
0a845
081aa
081b5
081cc
083c0
08b87
08b8b
08d91
08db8
08dbe
08f15
08f24
08fc8
0908f
09093
09127
0912d
09143
0914b
0915f
09213
09225
09241
0936e
093c4
09616
0968e
09698
096d0
09757
0975f
097c1
09821
09868
098a4
098aa
098ae
098b2
098b6
09a1c
09b88
0a2c9
0a51f
0a523
0a527
0a52b
0a67e
0a682
0a72b
0a72f
0a81f
0a849
0a84d
0a851
0a855
0a859
0a85d
0a861
0a865
0a869
0a86d
081bf
081ca
08211
0821c
08233
08bc6
08ca3
08ddf
08df1
08df9
08f51
08f76
08f7a
09002
0914a
09155
0915b
09171
09179
09231
0923d
0924e
092a1
093db
09625
0962f
096a9
096df
096e6
0976e
097ca
097d0
0982d
098f6
0990f
09913
09917
0991b
0994d
09b88
0a193
0a3b1
0a55c
0a560
0a564
0a6b5
0a6b9
0a6bd
0a766
0a847
0a871
0a875
0a879
0a87d
0a881
0a885
0a889
0a88d
0a891
0a895
0a899
0822a
08276
0827a
08289
08c01
08c05
08c9f
08ccc
08cd2
08e2a
08e38
08fb1
09033
09043
0917b
09181
09195
0919d
091af
0925b
09269
09285
092d3
09400
09640
096b8
096c2
096f8
0977d
09785
097d9
097f9
09840
0995d
09976
0997a
0997e
09982
099c1
09c12
0a33d
0a595
0a599
0a59d
0a5a1
0a6f0
0a6f4
0a799
0a79d
0a7cb
0a873
0a89d
0a8a1
0a8a5
0a8a9
0a8ad
0a8b1
0a8b5
0a8b9
0a8bd
081b5
081cc
082be
0839f
083a3
083c0
08492
0849a
084d2
08da2
08da6
08e42
08e68
08e6f
08fc1
08fd1
0917d
091bb
091c3
091d7
09279
0927f
092ef
093bd
094bf
0964f
09659
096d0
0977b
09782
097e7
09822
0983f
0988f
098a8
098ac
098b0
098ba
098fb
099c1
099c5
099c9
09bd0
09d97
0a374
0a721
0a725
0a729
0a733
0a7cd
0a7d1
0a8c3
0a8c7
0a8cb
0a8cf
0a8d3
0a8d7
0a8db
0a8df
0a8e3
0a8e7
081a4
081bf
081ca
08222
08323
08327
084d9
08514
08522
08dd9
08e7b
08e9d
08ea8
08eb2
09002
0919c
091a9
091c9
091cf
091df
091e7
091fb
09321
093e2
0943a
0966a
096df
096e6
09793
097ef
0982a
0982e
0984b
0990b
09911
09915
0991f
09923
09a26
09a2a
09a2e
09c13
09c17
09dd0
0a588
0a75c
0a760
0a76a
0a76e
0a7f9
0a8c1
0a8e9
0a8ed
0a8f1
0a8f5
0a8f9
0a8fd
0a901
0a905
0a909
08209
0820d
0822a
08283
0829a
08388
0851c
08524
08557
08cb6
08cba
08eb8
08edf
08ee5
09033
09043
090d5
091e6
091f0
091f7
09207
0920f
0933d
093f9
09450
09679
09683
096f8
097a1
097a8
097b7
097fa
09853
0995d
09976
0997a
0997e
09988
099b4
09a8b
09a8f
09a93
09c54
09c9b
0a28b
0a78f
0a793
0a797
0a7a1
0a821
0a825
0a8eb
0a90f
0a913
0a917
0a91b
0a91f
0a923
0a927
0a92b
0a92f
0817c
08270
08274
08291
082ea
08301
08403
0855b
08561
08cf3
08ef1
08f13
08f1e
08f28
09074
090f9
09105
09211
09217
09227
0922f
09243
0936e
0941d
09472
09694
09707
0970e
09747
097bf
09802
09806
0985f
0987e
09882
09886
099d2
099de
099e2
099ec
099f0
09aff
09b03
09d19
0a5fe
0a67e
0a682
0a686
0a68a
0a84d
0a90d
0a931
0a935
0a939
0a93d
0a941
0a945
0a949
0a94d
0a951
081e1
081e5
082d9
082f4
082ff
08357
08408
08410
08448
08d2c
08d30
08e07
08f4f
08f55
090a0
090b1
09129
0922e
09239
0923f
0924f
09257
092a1
09381
09488
096a3
096ad
09720
09755
0975c
097cf
0980e
09867
098e3
098e7
098eb
098ef
09a41
09a47
09a4b
09a55
09a7e
09b46
09d19
0a2ff
0a6b5
0a6b9
0a6bd
0a6c1
0a875
0a879
0a933
0a957
0a95b
0a95f
0a963
0a967
0a96b
0a96f
0a973
0a977
0824a
0833e
08342
0835f
083b2
083c9
0844f
0848a
08498
08d69
08dff
08e27
08e32
08e3c
08f90
0914d
09159
09259
0925f
0926d
09275
09287
092d3
093a6
094aa
096be
0972f
09736
0976d
097d7
09816
0981a
09837
0994a
0994e
09952
09956
09aa2
09aa8
09aac
09ab6
09b89
09b8d
09d97
0a50c
0a6f0
0a6f4
0a6f8
0a6fc
0a89d
0a8c5
0a955
0a979
0a97d
0a981
0a985
0a989
0a98d
0a991
0a995
08312
08325
0834c
08356
08364
0841e
0843c
08449
08454
08514
085da
085e7
08810
092ad
09364
0936f
09531
0971e
0981d
0994a
09a1d
09a2a
09a3c
09a5b
09a80
09abb
09b28
09b70
09b79
09b92
09c0c
09cbf
09cdc
09ce0
09d02
09d1b
09d1f
09dc4
09e8f
09eb8
09ecd
09f68
09f6e
09f84
0a078
0a0d7
0a0e4
0a0f4
0a0f8
0a21d
0a30b
0a99b
0a99f
0a9a3
0a9a7
0a9ab
0a9af
0a9b3
0a9b7
0a9bb
0a9bf
08377
0838e
083b5
083bf
083c8
08473
08487
08495
0849d
08611
08622
0862a
0929f
092aa
092d0
09542
0972b
0976b
09845
0988f
09897
0994e
09a84
09a9b
09abd
09b6a
09b94
09bc0
09bd5
09c3c
09c53
09cfe
09d23
09d27
09d43
09d5a
09d5e
09dfe
09ecf
09ef4
09f0a
09f87
09fab
09fc1
0a0b1
0a0fa
0a121
0a131
0a135
0a29d
0a9c0
0a9c4
0a9c8
0a9cc
0a9d0
0a9d4
0a9d8
0a9dc
0a9e0
0a9e4
0817c
0818c
081ae
081ba
081c8
08400
084b8
084cc
084da
084e3
08658
08664
0871c
092c9
092d5
092fb
094dd
096ce
09831
09872
09895
0989e
098c0
098f6
098fe
099c2
09af7
09bb0
09bd9
09c05
09c1a
09cc4
09d52
09d64
09d68
09d8b
09d9b
09d9f
09eee
09f0e
09f2e
09f89
09fc4
09fe8
09ffe
0a114
0a155
0a16c
0a170
0a211
0a37f
0a9e9
0a9ed
0a9f1
0a9f5
0a9f9
0a9fd
0aa01
0aa05
0aa09
0aa0d
081f1
081f8
0821e
08229
08232
084f8
0850c
08518
08524
0868f
086a0
086a8
092ed
092f8
0931e
094ee
096db
09791
09859
098e8
09900
09907
09929
09963
0998c
09b33
09b44
09bf7
09c3d
09c46
09c5b
09d7c
09da1
09da5
09dbc
09dd2
09dd6
09dfa
09e09
09e78
09f45
09fe2
0a025
0a030
0a03d
0a151
0a195
0a1a9
0a1ad
0a249
0aa0e
0aa12
0aa16
0aa1a
0aa1e
0aa22
0aa26
0aa2a
0aa2e
0aa32
0824a
0825a
0827c
08288
08296
0848a
0853c
08550
0855e
08567
086d0
086dc
08796
09317
09323
09349
09507
096f6
09809
09945
09950
09968
09976
09991
099b7
099f4
09ae3
09af0
09b07
09b81
09c5c
09c80
09c8c
09c9f
09ca3
09dca
09ddc
09de0
09e18
09e44
09e53
0a003
0a03e
0a06b
0a07a
0a11a
0a1b1
0a1dc
0a1e8
0a1ec
0a354
0aa37
0aa3b
0aa3f
0aa43
0aa47
0aa4b
0aa4f
0aa53
0aa57
0aa5b
082ac
082c6
082ec
082f7
08300
083e9
083fd
0840b
08414
08593
085a4
085ac
0933b
09346
0936c
09518
09703
09745
0986d
099ad
099b9
099d3
099f5
09a19
09a38
09adb
09b0a
09b2d
09b4e
09bba
09bcf
09c95
09ca7
09cab
09ccb
09ce6
09cea
09e37
09e57
09e82
09efd
0a05c
0a099
0a0a4
0a0b5
0a1cb
0a209
0a21f
0a223
0a2c3
0aa35
0aa5f
0aa63
0aa67
0aa6b
0aa6f
0aa73
0aa77
0aa7b
0aa7f
084ef
084f9
0850b
08518
08524
085b6
085ce
085db
085e7
0869d
08752
0875c
08968
092eb
0938b
09416
0941d
095ac
09791
09902
09a2c
09bf6
09c01
09c0e
09c21
09c40
09cbe
09cdd
09d06
09d1c
09d85
09e37
09e55
09e5c
09e7a
09e8f
09e98
09f34
0a001
0a025
0a03b
0a0d6
0a0de
0a0f2
0a1f0
0a245
0a251
0a263
0a267
0a38d
0a471
0a99d
0aa11
0aa84
0aa88
0aa8c
0aa90
0aa94
0aa98
0aa9c
0aaa0
08532
0853d
08551
0855e
08567
08603
08615
0861c
0862a
08788
08796
0879e
092a3
09312
09384
0938f
093ac
095c7
09863
09969
09a8e
09aec
09b05
09c3f
09c4c
09c60
09cff
09d43
09d50
09d6a
09dcd
09e74
09e90
09e9f
09eb8
09ecc
09ed5
09f6c
0a03e
0a062
0a07a
0a0f9
0a11b
0a12f
0a227
0a269
0a28e
0a2a0
0a2a4
0a407
0a9c1
0a9c5
0aa82
0aaa4
0aaa8
0aaac
0aab0
0aab4
0aab8
0aabc
083da
083e5
083f7
08404
0840f
085a1
08642
08654
0865b
08669
087cc
087d6
0887a
092f5
0939f
093a6
093c7
09558
09745
09898
099bb
09adc
09af4
09afa
09b0e
09b38
09c8e
09d3c
09d63
09d8b
09d9a
09e3c
09ec6
09eda
09ede
09eff
09f10
09f14
0a05c
0a080
0a09c
0a0fc
0a136
0a158
0a16c
0a282
0a2c5
0a2db
0a2df
0a37f
0a4e1
0a9ea
0aa5e
0aac0
0aac4
0aac8
0aacc
0aad0
0aad4
0aad8
0aadc
08426
0842f
08443
08450
08459
0867e
0868e
08698
086a3
08802
08810
08818
092f1
0935f
093c0
093cb
093e8
09573
0983b
0995f
09a3d
09b33
09b3c
09b4b
09b78
09b90
09cd6
09d7d
09dbc
09dc8
09de2
09eee
09f0d
09f19
09f2c
09f40
09f49
09f68
09f77
09fe6
0a0b7
0a150
0a194
0a1a0
0a1b2
0a2bf
0a302
0a318
0a31c
0a3b7
0a9a1
0aa13
0aabf
0aae0
0aae4
0aae8
0aaec
0aaf0
0aaf4
0aaf8
08464
0846f
08481
0848e
08499
0861f
086ba
086cc
086d3
086e1
08840
0884a
088f4
0932f
093db
093e2
09403
09582
0976b
09967
09a86
09b6c
09b7e
09b84
09b98
09bbc
09c7f
09c86
09c9d
09d0c
09dda
09dfa
09e07
09e1c
09e20
09f3a
09f4e
09f52
09f87
09fb2
09fc1
0a176
0a1b0
0a1d9
0a1e6
0a286
0a320
0a34a
0a357
0a35b
0a4b8
0aa17
0aa3c
0aafc
0ab00
0ab04
0ab08
0ab0c
0ab10
0ab14
0ab18
084ae
084b9
084cd
084da
084e3
08585
08597
0859e
085ac
0870e
0871c
08724
0933c
09371
093fc
09407
09424
0959d
0984f
098a1
09a26
09bb9
09bc6
09bd9
09bfe
09c1a
09c7b
09cc3
09ccc
09ced
09d55
09e0f
09e23
09e27
09e44
09e60
09e64
09fa5
09fc9
09ff1
0a06b
0a1ca
0a208
0a214
0a228
0a339
0a377
0a38e
0a392
0a42d
0a9ef
0aa61
0aa83
0ab1b
0ab1f
0ab23
0ab27
0ab2b
0ab2f
0ab33
08675
0867c
0868b
08698
086a3
0872e
0874a
08755
0875c
087fe
088bf
088cb
08ae0
0931c
09390
0943d
094bf
094c5
0962a
0995f
09b3d
09d7c
09d87
09d95
09dab
09dc1
09e35
09e59
09e7c
09e96
09ef9
09fa5
09fc4
09fcd
09fe7
09ffd
0a009
0a0a2
0a16e
0a194
0a1a9
0a244
0a24c
0a262
0a35f
0a3b3
0a3bd
0a3cf
0a3d3
0a4ef
0a5d3
0aa13
0aa84
0ab36
0ab3a
0ab3e
0ab42
0ab46
0ab4a
0ab4e
0ab52
086b3
086bd
086c9
086d5
086e1
08779
0878d
08794
0879e
088f6
08901
0890c
09315
09383
093ae
09437
09441
0945c
09645
09b7a
09c41
09c8b
09c9d
09dc0
09dcc
09ddc
09e76
09eb8
09ec4
09ee0
09f3d
09fe2
0a001
0a00f
0a025
0a03a
0a046
0a0dc
0a1ab
0a1d0
0a1e6
0a268
0a289
0a29f
0a396
0a3d5
0a3f8
0a40a
0a40e
0a569
0aa0f
0aa3b
0aaa4
0ab54
0ab58
0ab5c
0ab60
0ab64
0ab68
0ab6c
08577
08583
0858f
0859c
085a7
0870a
087b6
087ca
087d1
087db
08938
08944
089ed
09369
093b4
09450
09456
09475
095d6
09a19
09bba
09c7a
09c92
09c99
09cb0
09cd0
09e0b
09eb0
09ed9
09efd
09f10
09fac
0a034
0a04a
0a04e
0a06c
0a080
0a085
0a1ca
0a1ee
0a20b
0a26b
0a2a5
0a2c6
0a2dc
0a3ee
0a42f
0a443
0a447
0a4e1
0a643
0aa60
0aac0
0ab53
0ab72
0ab76
0ab7a
0ab7e
0ab82
0ab86
0ab8a
085be
085c7
085d6
085df
085eb
087f0
08803
0880c
08813
08971
0897b
08985
092af
093bf
093ea
0946f
09479
09494
095f1
09b76
09c0c
09ccd
09cd4
09cdd
09d0a
09d1c
09e4e
09ef0
09f2c
09f38
09f54
0a05c
0a077
0a089
0a099
0a0b2
0a0ba
0a0d6
0a0e6
0a156
0a221
0a2be
0a301
0a30e
0a321
0a429
0a468
0a47e
0a482
0a519
0a99b
0aa5d
0aae0
0ab8c
0ab90
0ab94
0ab98
0ab9c
0aba0
0aba4
085f3
08601
0860d
0861a
08626
08781
0882a
0883e
08845
0884f
089ac
089b8
08a67
092ce
093f0
09488
0948e
094ad
09600
09a83
09c3c
09cfe
09d10
09d17
09d2e
09d48
09df8
09e00
09e15
09e84
09f44
09f68
09f74
09f8c
09f91
0a0a8
0a0be
0a0c2
0a0f4
0a120
0a12f
0a2e5
0a31f
0a347
0a356
0a3f2
0a486
0a4ae
0a4bb
0a4bf
0a61a
0a9c2
0aafc
0ab8b
0abaa
0abae
0abb2
0abb6
0abba
0abbe
0abc2
0863a
08645
08651
0865d
08669
086ff
08713
0871a
08724
0887d
08887
08892
092c7
093fb
09425
094a7
094b1
094cc
0961b
09aef
09bfa
09d45
09d52
09d63
09d82
09d9a
09df6
09e3b
09e47
09e67
09ec9
09f7d
09f93
09f97
09fb2
09fc9
09fd4
0a113
0a137
0a15f
0a1d9
0a338
0a376
0a382
0a397
0a49f
0a4d8
0a4f0
0a4f4
0a58f
0a9cb
0a9f2
0ab1b
0abc3
0abc7
0abcb
0abcf
0abd3
0abd7
0abdb
087e7
087f0
087fa
0880a
08813
0889c
088b3
088c3
088cb
08971
08a2c
08a38
08c4f
092c1
093e4
09442
094de
09543
096a8
09b76
09cd7
09eee
09efa
09f07
09f1f
09f2e
09fa4
09fcb
09fe8
09fff
0a067
0a113
0a136
0a13f
0a154
0a16b
0a170
0a210
0a2d9
0a301
0a319
0a3b2
0a3ba
0a3ce
0a4c3
0a515
0a51f
0a531
0a535
0a651
0a72b
0a9ed
0a9f4
0a9f8
0aae2
0abde
0abe2
0abe6
0abea
0abee
0abf2
08823
0882d
0883a
08846
0884f
088e7
088fc
08903
0890c
08a61
08a6f
08a7a
092e5
093dd
09436
0945e
094e0
094f6
096c3
09d0c
09dc2
09e05
09e15
09f30
09f3c
09f4e
09fe4
0a025
0a030
0a045
0a0ab
0a150
0a173
0a17d
0a194
0a1a8
0a1ad
0a248
0a316
0a33e
0a356
0a3d4
0a3f5
0a409
0a4f8
0a537
0a55a
0a56c
0a570
0a6c5
0aa0f
0aa19
0aa1d
0aafc
0ab55
0abf5
0abf9
0abfd
0ac01
0ac05
086f1
086fe
08706
08716
0871f
0887d
08924
08939
08940
08949
08aa6
08ab3
08b5c
0930f
0941f
09463
094ef
09508
09654
09bfa
09d46
09df4
09e0d
09e13
09e2b
09e46
09f78
0a01e
0a04a
0a06b
0a07b
0a11a
0a1a2
0a1b8
0a1bc
0a1db
0a1e8
0a1ec
0a338
0a35c
0a379
0a3d7
0a40f
0a430
0a444
0a550
0a591
0a5a5
0a5a9
0a643
0a799
0aa3c
0aa42
0aa46
0ab1d
0ac08
0ac0c
0ac10
0ac14
0ac18
0ac1c
08737
0873f
0874f
08758
08760
0895e
0896c
0897a
08981
08adb
08ae9
08af4
09333
09390
0946e
09496
0950a
09520
0966f
09d08
09d94
09e45
09e4c
09e59
09e80
09e94
09fbc
0a05e
0a099
0a0a4
0a0b9
0a1ca
0a1ed
0a1f7
0a208
0a21e
0a223
0a244
0a253
0a2c2
0a38c
0a428
0a467
0a474
0a487
0a58b
0a5ca
0a5e0
0a5e4
0a677
0aa5c
0aa66
0aa6a
0aa84
0ab8d
0ac1f
0ac23
0ac27
0ac2b
0ac2f
0876b
08777
08784
08790
08799
088f6
08998
089ad
089b4
089bd
08b1a
08b26
08bd6
0935c
093a8
0949b
09519
09532
0967e
09c41
09dbf
09e74
09e86
09e8d
09ea5
09eba
09f67
09f6d
09f83
09ff2
0a0ae
0a0d6
0a0e3
0a0f4
0a0f8
0a216
0a22c
0a230
0a25f
0a28d
0a29f
0a44d
0a485
0a4ab
0a4ba
0a554
0a5e8
0a610
0a61d
0a621
0a770
0a9a0
0a9a7
0a9ab
0aaa6
0ac32
0ac36
0ac3a
0ac3e
0ac42
0ac46
087af
087b9
087c6
087d2
087db
0886d
08882
08889
08892
089e7
089f5
08a00
09297
093a1
094a6
094cd
09534
0954a
09699
09c8f
09d80
09eb9
09ec6
09ed9
09ef4
09f0a
09f64
09fa9
09fb3
09fd1
0a037
0a0eb
0a101
0a105
0a120
0a131
0a135
0a281
0a2a5
0a2cd
0a347
0a49e
0a4d7
0a4e4
0a4f9
0a601
0a63b
0a652
0a656
0a6e9
0a9c2
0a9cb
0a9cf
0aac0
0abc4
0ac49
0ac4d
0ac51
0ac55
0ac59
08955
0895f
0896b
0897a
08981
08a0a
08a23
08a30
08a38
08ae3
08b99
08ba6
08db3
09398
0946e
094d1
0955c
095c1
09724
09d08
09e4f
0a05c
0a068
0a075
0a08e
0a09c
0a112
0a13d
0a158
0a16d
0a1d5
0a281
0a2a5
0a2ad
0a2c4
0a2d9
0a2df
0a37e
0a441
0a467
0a47f
0a514
0a51c
0a530
0a625
0a673
0a67d
0a68f
0a693
0a7a7
0a84b
0aaa7
0aac6
0aaca
0ab8f
0ac5c
0ac60
0ac64
0ac68
0ac6c
0ac70
08990
0899b
089ab
089b5
089bd
08a55
08a65
08a71
08a7a
08bce
08bdd
08be8
092e9
093b8
094ac
094f7
0955e
09574
0973b
09e84
09f32
09f72
09f83
0a09d
0a0aa
0a0bf
0a152
0a194
0a1a0
0a1b7
0a219
0a2be
0a2e2
0a2eb
0a301
0a316
0a31c
0a3b6
0a47c
0a4a2
0a4ba
0a536
0a557
0a56b
0a65a
0a695
0a6b7
0a6c8
0a6cc
0a7fd
0aa13
0aae0
0aae6
0aba8
0abf4
0ac73
0ac77
0ac7b
0ac7f
0ac83
08860
0886b
08875
08886
0888d
089ef
08a92
08aa2
08aae
08ab7
08c13
08c20
08cc8
093d4
094a6
094fb
0956d
09586
096d4
09d80
09ebd
09f62
09f7a
09f81
09f9a
09fb5
0a0e7
0a18c
0a1b8
0a1d9
0a1e7
0a286
0a310
0a326
0a32a
0a349
0a357
0a35b
0a49e
0a4c0
0a4da
0a539
0a571
0a592
0a5a6
0a6ac
0a6eb
0a6ff
0a703
0a799
0a89b
0aae3
0ab02
0ab06
0abc6
0ac86
0ac8a
0ac8e
0ac92
0ac96
0ac9a
088a5
088ad
088be
088c7
088cf
08acc
08ada
08ae8
08aef
08c48
08c57
08c62
09335
093f4
094c1
09521
09588
0959e
096eb
09e7e
09f06
09fb4
09fba
09fcb
09fee
0a007
0a12a
0a1cc
0a208
0a214
0a22b
0a338
0a35c
0a365
0a376
0a38a
0a392
0a3b2
0a3bf
0a42c
0a4ee
0a58a
0a5c9
0a5d6
0a5e9
0a6e5
0a722
0a738
0a73c
0a7cd
0aa61
0ab1b
0ab21
0ab38
0ac1e
0ac9d
0aca1
0aca5
0aca9
0acad
088da
088e5
088ef
08900
08908
08a68
08b06
08b18
08b22
08b2b
08c86
08c94
08d3e
0940f
09436
09525
09597
095b0
096fc
09dc2
09f31
09fe2
09ff4
09ffb
0a014
0a028
0a0d5
0a0dc
0a0f1
0a160
0a21c
0a244
0a250
0a263
0a267
0a384
0a39a
0a39e
0a3cb
0a3f7
0a409
0a5af
0a5e7
0a60d
0a61c
0a6b0
0a740
0a766
0a773
0a777
0a87b
0aa85
0aa8b
0aa8f
0ab57
0acb0
0acb4
0acb8
0acbc
0acc0
0acc4
0891c
08927
08937
08941
08949
089db
089eb
089f7
08a00
08b54
08b63
08b6e
0929b
0937c
09474
0954b
095b2
095c8
09713
09e0c
09ef3
0a027
0a034
0a04a
0a062
0a07f
0a0d2
0a117
0a121
0a143
0a1a5
0a259
0a26f
0a273
0a28d
0a2a0
0a2a4
0a3ed
0a40f
0a435
0a4ab
0a600
0a63a
0a646
0a65b
0a757
0a790
0a7a8
0a7ac
0a821
0a9c4
0aaa4
0aaaa
0ab70
0ac48
0acc7
0accb
0accf
0acd3
0acd7
08ac3
08acc
08ad7
08ae8
08aef
08b78
08b92
08b9e
08ba6
08c44
08d03
08d10
08f15
0939b
0944b
0954f
095da
0963f
09797
099df
09e7e
09fbd
0a1ca
0a1d6
0a1e3
0a1fc
0a20b
0a280
0a2ab
0a2c6
0a2dd
0a343
0a3ed
0a40f
0a417
0a42e
0a441
0a447
0a4e0
0a5a3
0a5c9
0a5e1
0a672
0a67a
0a68e
0a77b
0a7c9
0a7d4
0a7d8
0a84b
0a8c9
0ab58
0ab75
0ab79
0ac20
0acda
0acde
0ace2
0ace6
0acea
0acee
08aff
08b09
08b15
08b23
08b2b
08bc3
08bd4
08bdf
08be8
08d36
08d45
08d50
0935b
09465
09530
09575
095dc
095f2
097ad
09a54
09ff2
0a09f
0a0e2
0a0f1
0a20c
0a218
0a22d
0a2c0
0a301
0a30e
0a325
0a387
0a428
0a44a
0a453
0a467
0a47c
0a482
0a518
0a5de
0a605
0a61c
0a694
0a6b3
0a6c7
0a7b0
0a7dc
0a7fe
0a802
0a875
0aadf
0ab8e
0ab93
0ac32
0ac72
0acf1
0acf5
0acf9
0acfd
0ad01
089cb
089da
089e3
089f4
089fc
08b50
08c00
08c11
08c1c
08c25
08d79
08d87
08e2a
093d7
09483
09579
095eb
09604
0974b
09aa7
09ef3
0a02a
0a0d0
0a0e9
0a0ef
0a108
0a123
0a254
0a2fa
0a326
0a347
0a357
0a3f2
0a476
0a48c
0a490
0a4ad
0a4bb
0a4bf
0a600
0a622
0a63d
0a697
0a6cd
0a6ec
0a700
0a7f3
0a823
0a82a
0a82e
0a911
0ab90
0abad
0abb1
0ac4a
0ad04
0ad08
0ad0c
0ad10
0ad14
0ad18
08a13
08a1b
08a25
08a35
08a3d
08c3a
08c49
08c56
08c5e
08dac
08dbb
08dc6
092c0
0949d
094dc
0959f
09606
0961c
09761
098b8
09fed
0a074
0a122
0a128
0a13d
0a15c
0a179
0a298
0a33a
0a376
0a382
0a399
0a49e
0a4c0
0a4c9
0a4d7
0a4ec
0a4f4
0a514
0a521
0a58e
0a650
0a6e4
0a721
0a72e
0a741
0a81d
0a84d
0a854
0a858
0ab1a
0abc5
0abca
0abde
0ac9c
0ad1b
0ad1f
0ad23
0ad27
0ad2b
08a45
08a53
08a5d
08a6e
08a76
08bca
08c74
08c87
08c90
08c99
08de8
08df6
08ea0
09412
094ba
095a3
09615
0962e
09771
09911
09f32
0a09e
0a150
0a162
0a169
0a182
0a197
0a243
0a24a
0a261
0a2ce
0a38c
0a3b2
0a3bc
0a3cf
0a3d3
0a4e6
0a4fc
0a500
0a52d
0a559
0a56b
0a709
0a73f
0a763
0a772
0a7f7
0a85a
0a87c
0a880
0a959
0ab39
0ab3e
0ab42
0abf6
0ad2e
0ad32
0ad36
0ad3a
0ad3e
0ad42
08a8b
08a95
08a9f
08aaf
08ab7
08b49
08b5a
08b65
08b6e
08cc0
08ccf
08cda
0930e
0942d
09506
095c9
09630
09646
09787
09986
09f79
0a060
0a196
0a1a2
0a1b8
0a1d0
0a1f2
0a240
0a285
0a28e
0a2b1
0a313
0a3c5
0a3db
0a3df
0a3f7
0a40a
0a40e
0a54f
0a571
0a597
0a60d
0a756
0a78f
0a79c
0a7b1
0a871
0a89d
0a8a6
0a8aa
0aaa3
0ab56
0ab5b
0ac08
0acc6
0ad45
0ad49
0ad4d
0ad51
0ad55
08c31
08c3a
08c47
08c56
08c5e
08ce4
08cfc
08d08
08d10
08da8
08e65
08e72
0906b
0944c
094ea
095cd
09658
096bd
097e6
098ba
099c6
099df
09fed
0a12b
0a338
0a344
0a351
0a36a
0a379
0a3ec
0a415
0a430
0a445
0a4a7
0a54f
0a571
0a579
0a590
0a5a3
0a5a9
0a642
0a6fd
0a721
0a739
0a7c8
0a7d0
0a7dd
0a8a3
0a8ca
0a8ce
0a97b
0abf7
0ac0d
0ac11
0ac9e
0ad58
0ad5c
0ad60
0ad64
0ad68
0ad6c
08c6d
08c77
08c84
08c91
08c99
08d2b
08d3c
08d47
08d50
08e98
08ea7
08eb2
09412
094fd
095ae
095f3
0965a
09670
097f5
0992c
09a33
09a54
0a160
0a20e
0a24f
0a261
0a37a
0a386
0a39b
0a42a
0a467
0a474
0a48b
0a4e9
0a58a
0a5ac
0a5b5
0a5c9
0a5de
0a5e4
0a676
0a736
0a75a
0a772
0a7db
0a7fa
0a807
0a8c1
0a8ee
0a8f2
0ab8d
0ac1f
0ac24
0acb0
0acf0
0ad6f
0ad73
0ad77
0ad7b
0ad7f
08b3b
08b47
08b53
08b62
08b69
08cbc
08d66
08d77
08d82
08d8b
08edb
08ee8
08f88
09484
09514
095f7
09669
09682
097b6
09988
09a90
09aa7
0a060
0a199
0a23e
0a256
0a25d
0a276
0a290
0a3c0
0a462
0a48c
0a4ab
0a4bb
0a554
0a5d8
0a5ee
0a5f2
0a60f
0a61d
0a621
0a756
0a778
0a792
0a7de
0a805
0a824
0a831
0a8f6
0a914
0a918
0ac21
0ac37
0ac3b
0acc8
0ad82
0ad86
0ad8a
0ad8e
0ad92
0ad96
08b80
08b89
08b94
08ba3
08bab
08d9e
08dad
08dba
08dc2
08f0e
08f1d
08f28
0939b
09527
0955a
0961d
09684
0969a
097c5
0988a
098b8
099fa
0a15b
0a1e2
0a28f
0a296
0a2ab
0a2ca
0a2e7
0a402
0a4a0
0a4d7
0a4e4
0a4fb
0a600
0a622
0a62b
0a63a
0a64e
0a656
0a672
0a67f
0a6e8
0a7a6
0a81c
0a84a
0a853
0a90d
0a936
0a93a
0abc4
0ac49
0ac4e
0ac5c
0ad1a
0ad99
0ad9d
0ada1
0ada5
0ada9
08bb5
08bc1
08bcd
08bdc
08be3
08d32
08dd6
08de9
08df2
08dfb
08f4a
08f58
08ffa
094bb
0953e
09621
09693
096ac
097ce
098eb
09911
09a56
0a09f
0a20d
0a2be
0a2d0
0a2d7
0a2f0
0a304
0a3b1
0a3b8
0a3cd
0a436
0a4ee
0a514
0a51e
0a531
0a535
0a648
0a65e
0a662
0a68b
0a6b6
0a6c7
0a832
0a859
0a878
0a887
0a93e
0a95c
0a960
0abdf
0abe4
0abe8
0ac74
0adac
0adb0
0adb4
0adb8
0adbc
0adc0
08bf8
08c03
08c0e
08c1d
08c25
08cb5
08cc6
08cd1
08cda
08e22
08e31
08e3c
093d7
094d3
09584
09647
096ae
096c4
097dd
09958
09986
09ac2
0a0e8
0a1cf
0a303
0a310
0a326
0a33e
0a361
0a3ae
0a3f1
0a3f8
0a41b
0a479
0a527
0a53d
0a541
0a559
0a56c
0a570
0a6ab
0a6cd
0a6f1
0a763
0a870
0a89a
0a8a5
0a955
0a97c
0a980
0ab55
0abf5
0abfa
0ac86
0ad44
0adc3
0adc7
0adcb
0adcf
0add3
08d95
08d9e
08dab
08dba
08dc2
08e46
08e5e
08e6a
08e72
08f0a
08fc1
08fce
09176
094eb
09568
0964b
096d2
09738
09823
0987a
0989c
098ab
098bb
098c7
098cb
099cc
09b10
0a15b
0a299
0a49e
0a4a8
0a4b5
0a4ce
0a4f0
0a54f
0a57e
0a594
0a5ae
0a615
0a6be
0a6d3
0a6d7
0a6ee
0a701
0a705
0a81c
0a82f
0a85e
0a8c5
0a8d3
0a97b
0ac0a
0ac8a
0ac8e
0ad1a
0ad5a
0add9
0addd
0ade1
0ade5
0ade9
08dce
08dd9
08de6
08df3
08dfb
08e8d
08e9e
08ea9
08eb2
08ff2
09001
0900c
094bb
0957b
0962c
09671
096d7
096ec
09832
098cc
09903
09912
09922
0992e
09932
09a33
09c08
0a2ce
0a37c
0a3bc
0a3d9
0a4dd
0a4ea
0a503
0a5ac
0a5ca
0a5e0
0a63e
0a676
0a6f7
0a70d
0a711
0a72c
0a73a
0a73e
0a846
0a859
0a888
0a8d2
0a8f7
0ab39
0ac9c
0aca1
0aca5
0ad6d
0adeb
0adef
0adf3
0adf7
0adfb
08ca9
08cb3
08cbf
08cce
08cd6
08e1e
08ec8
08ed9
08ee4
08eed
09033
09040
090cf
09515
09592
09675
096e8
096fa
097fb
098e1
0995a
09975
09985
09992
09997
09a90
09b9a
0a1cf
0a306
0a3ac
0a3c2
0a3c9
0a3e2
0a408
0a523
0a5c5
0a5f4
0a60f
0a626
0a71d
0a73f
0a748
0a75a
0a76f
0a775
0a7f6
0a87a
0a8a4
0a8d5
0a8f6
0a91b
0ac34
0acb4
0acb8
0ad44
0ad84
0ae01
0ae05
0ae09
0ae0d
0ae11
08cea
08cf3
08cfe
08d0d
08d15
08f00
08f0f
08f1c
08f23
09064
09073
0907e
0944c
095a5
095d8
0969b
096ff
09714
0980a
0988a
0999a
099ce
099e0
099f0
099fc
09a00
09bdf
0a2c8
0a350
0a3f9
0a400
0a415
0a434
0a450
0a565
0a622
0a63b
0a652
0a6e8
0a769
0a77f
0a783
0a79a
0a7aa
0a7ae
0a7d4
0a821
0a8a3
0a90d
0a937
0ab71
0acc6
0accb
0accf
0ad97
0ae13
0ae17
0ae1b
0ae1f
0ae23
08d1f
08d29
08d35
08d44
08d4c
08e94
08f38
08f4b
08f54
08f5d
090a0
090ae
09123
0953f
095bc
0969f
09710
09722
0980f
098eb
099af
09a24
09a43
09a53
09a60
09a65
09b2e
0a20e
0a37b
0a428
0a438
0a43f
0a458
0a47e
0a514
0a51c
0a531
0a599
0a65e
0a678
0a68b
0a691
0a72a
0a7a6
0a7b6
0a7c4
0a7db
0a80a
0a91d
0a93e
0a965
0abe0
0ac61
0ac65
0acf0
0adae
0ae29
0ae2d
0ae31
0ae35
0ae39
08d5e
08d69
08d74
08d83
08d8b
08e17
08e28
08e33
08e3c
08f80
08f8f
08f9a
09484
09551
09602
096c5
09727
0973c
0981e
09958
09a68
09a98
09aa8
09ab8
09ac5
09ac9
09c63
0a255
0a33c
0a469
0a476
0a48c
0a4a4
0a4c6
0a536
0a555
0a56a
0a5cd
0a66e
0a694
0a69d
0a6b1
0a6c4
0a6ca
0a763
0a7fc
0a828
0a875
0a955
0a97d
0aba9
0ac72
0ac77
0ac7b
0adc1
0ae3b
0ae3f
0ae43
0ae47
0ae4b
08ef8
08f00
08f0d
08f1c
08f23
08fa2
08fba
08fc6
08fce
09060
090f9
09107
09254
09569
095e6
096c8
09749
097aa
0985f
0987a
09886
09896
098bd
09a4d
09aa6
09abd
09ae7
09afe
09b11
09b15
09c64
09d4f
0a3fc
0a5ff
0a609
0a615
0a62a
0a63d
0a6ab
0a6da
0a6ee
0a708
0a76b
0a805
0a80d
0a822
0a82a
0a82e
0a90c
0a919
0a942
0ac48
0ad05
0ad0a
0ad0e
0add6
0ae50
0ae54
0ae58
0ae5c
0ae60
08f31
08f3b
08f48
08f55
08f5d
08fe7
08ff8
09003
0900c
0911b
0912a
09135
0953f
095f9
096aa
096ed
0974e
09762
0986e
098aa
098cc
098ed
098fd
09924
09aae
09adc
09b2c
09b42
09b56
09b5a
09cf0
0a2ff
0a43e
0a516
0a52f
0a63e
0a64a
0a65f
0a706
0a722
0a738
0a793
0a7cc
0a82f
0a838
0a84c
0a854
0a858
0a934
0a95a
0aa5e
0ac9d
0ad1d
0ad21
0adad
0ae61
0ae65
0ae69
0ae6d
0ae71
08e0b
08e15
08e21
08e30
08e37
08f7c
09020
09031
0903c
09045
0914d
0915a
091c5
09593
09610
096f0
0975e
0976f
09837
098b2
098e1
0991f
09951
09959
09972
09995
09b4a
09b78
09b91
09b9d
09c47
09dc5
0a46b
0a50d
0a522
0a529
0a53e
0a55c
0a680
0a71d
0a74c
0a765
0a77c
0a846
0a860
0a864
0a87a
0a880
0a954
0a961
0a986
0abf4
0ad2f
0ad34
0ad38
0adfe
0ae76
0ae7a
0ae7e
0ae82
0ae86
08e4c
08e55
08e60
08e6f
08e77
09056
09065
09072
09079
0916f
0917e
09189
094eb
09623
09656
09715
09774
09788
09846
09936
09978
0999a
099c5
099cd
099f2
09ae6
09b93
09bc1
09bd6
09be2
09c85
0a374
0a4b3
0a551
0a560
0a571
0a594
0a5b1
0a6c0
0a778
0a790
0a7a8
0a820
0a883
0a88c
0a89c
0a8a6
0a8aa
0a8ca
0a979
0a9d4
0acc7
0ad47
0ad4b
0ad59
0ae87
0ae8b
0ae8f
0ae93
0ae97
08e81
08e8b
08e97
08ea6
08eae
08fee
0908e
090a1
090aa
090b3
0919c
091ab
0920d
095bd
0963a
09718
09784
09795
0984b
09980
099af
099ed
09a24
09a30
09a40
09a63
09bb1
09bfe
09c12
09c25
09c29
09dad
0a4db
0a589
0a598
0a59f
0a5b4
0a5cc
0a672
0a67a
0a68f
0a6f3
0a7b4
0a7ce
0a7d6
0a7da
0a8a2
0a8b2
0a8c0
0a8d1
0a8fa
0ac1e
0acdc
0ace1
0ad47
0ae26
0ae9c
0aea0
0aea4
0aea8
0aeac
08ec0
08ecb
08ed6
08ee5
08eed
08f75
08f86
08f91
08f9a
090c7
090d6
090e1
09515
095cf
09680
0973d
0979a
097ae
0985a
09a04
09a46
09a68
09a8f
09a97
09aba
09b70
09c1d
09c45
09c5a
09c67
09d05
0a28b
0a3c8
0a5c7
0a5d0
0a5e7
0a605
0a627
0a694
0a6b1
0a6c6
0a725
0a7c4
0a7e2
0a7e6
0a7fc
0a802
0a874
0a8ec
0a912
0aa10
0ac73
0acf3
0acf7
0ad83
0aead
0aeb1
0aeb5
0aeb9
0aebd
0833e
0904d
09056
09063
09072
09079
090e9
090f7
09102
0910b
091e1
091ef
091fb
0934a
095e7
09664
0973f
097b4
097f2
09914
09946
0998e
099b3
099d9
099fb
09a96
09ab5
09ae7
09afe
09b11
09c2c
09c82
09c8d
09ca0
09ca4
09dda
09ec0
0a55e
0a756
0a760
0a76d
0a786
0a7a8
0a7f4
0a820
0a82a
0a8ea
0a8fc
0a900
0a915
0a91f
0aa3d
0aa4b
0aa4f
0ad71
0ad87
0ad8b
0ae4e
0aec3
0aec7
0aecb
083bb
09086
09091
0909e
090ab
090b3
0911c
09129
09130
09191
0920d
0921a
0936b
095bd
09677
09721
09763
097b9
097c6
0988a
098b8
09981
099ee
099fa
09a21
09a5d
09ade
09b2c
09b42
09b56
09c6b
09cb3
09ccc
09ce7
09ceb
09e56
0a438
0a5a0
0a67c
0a699
0a795
0a7a2
0a7bb
0a836
0a84e
0a85f
0a91c
0a923
0a936
0a93b
0aa5e
0aa6f
0aa73
0ad1a
0ad99
0ad9e
0ae26
0aecd
0aed1
0aed5
081a2
08f69
08f73
08f7f
08f8e
08f95
090c3
09146
09153
0915a
09229
09238
09243
092ae
09611
0968e
09765
097c2
097cc
098eb
09911
099e2
09a14
09a59
09a7f
09aa1
09ac4
09b18
09b5b
09b78
09b91
09cc1
09d03
09d1b
09d20
09dc4
09f34
0a5cd
0a66e
0a682
0a689
0a6a2
0a6c6
0a848
0a874
0a87e
0a932
0a945
0a949
0a95d
0a967
0a9a1
0a9af
0a9b3
0ad9b
0adb1
0adb5
0ae74
0aedb
0aedf
0aee3
08226
08fa9
08fb1
08fbc
08fcb
08fd3
09167
09177
09180
09189
09254
09262
092d1
09569
096a1
096d1
09789
097d1
097de
09895
098a6
09951
09977
099c0
09a50
09ac1
09b47
09b6e
09bb8
09bcd
09be0
09d00
09d44
09d5a
09d5f
09dfe
0a4a8
0a615
0a6b8
0a6be
0a6d3
0a6f0
0a70c
0a88a
0a89e
0a8af
0a963
0a96b
0a97c
0a981
0a9c3
0a9d4
0a9d8
0ad44
0adc3
0adc8
0add6
0aee5
0aee9
0aeed
08270
08fdb
08fe5
08ff1
09000
09007
09117
09198
091a3
091ab
0926f
0927c
09287
092fc
0963b
096b8
0978b
097da
097e4
09874
098c4
098fc
0990d
099c5
099de
09a27
09ab1
09ba2
09be5
09c06
09c1b
09cc4
09d70
09d8c
09d9c
09da0
09f0c
0a63e
0a6e4
0a6f4
0a6fb
0a714
0a738
0a7ca
0a7d4
0a8a2
0a8c6
0a8cd
0a8d7
0a989
0a98d
0a9ef
0a9fd
0aa01
0ad59
0ad5e
0ad62
0ae9a
0aef3
0aef7
0aefb
082f4
09018
09023
0902e
0903d
09045
090c8
090d5
090dd
09141
091c5
091d2
0931f
09593
0964d
096f9
097af
097e9
097f6
098b4
09921
09933
09965
0998c
09a32
09a53
09bd1
09bf8
09c3e
09c51
09c65
09d7e
09dbd
09dd2
09dd7
09e78
0a3c2
0a52a
0a723
0a730
0a746
0a75c
0a77e
0a7e2
0a7fa
0a811
0a8d4
0a8db
0a8ee
0a8f3
0aa10
0aa22
0aa26
0acf0
0ad6f
0ad74
0adfe
0aefd
0af01
0af05
08203
0820b
08212
08226
0822f
08506
09167
09178
09182
091e2
091ee
091f7
09249
09407
09665
096e1
097b1
097fc
0982d
098df
09906
09914
0991c
09935
0993a
09964
0997a
0998b
09996
099b3
09a95
09b6c
09b9a
09bbc
09be0
09c82
09c8c
09c9f
09db0
09dfb
09e0a
09e1d
09e21
09f46
0a031
0a6c0
0a872
0a891
0a8e8
0a902
0a91f
0aa29
0aafb
0ab0a
0ad44
0adff
0ae04
0ae87
0af09
0af0d
0af11
0826d
08276
08287
08291
08299
0855b
09198
091a5
091ac
0920b
09216
0921f
0941d
0963b
096f2
09794
097c7
09800
0980b
0988a
0994f
09976
0997f
0998f
0999f
099bc
099de
099ee
099f9
099ff
09ae6
09bb1
09bdf
09c03
09c25
09cb3
09ccb
09ce6
09de9
09e1b
09e47
09e61
09e65
09fca
0a6f2
0a795
0a7e0
0a8b1
0a919
0a938
0aa3e
0aa62
0ab25
0ab29
0ad99
0ae16
0ae1a
0aecc
0af15
0af19
082d1
082d9
082e0
082f4
082fd
083f2
090bf
090d0
090da
091b8
0922f
0923a
09243
0938f
0968f
09709
097c9
09805
09810
098eb
099ad
099d4
099e2
099ea
09a03
09a08
09a35
09a48
09a5d
09a64
09a7f
09bce
09c1d
09c3d
09c58
09cb4
09cf2
09d0a
09d1d
09e38
09e7b
09e93
09e99
09f35
0a0a5
0a726
0a7c6
0a7e9
0a930
0a94a
0a967
0aa5c
0aa82
0aa92
0acf0
0ae27
0ae2c
0aead
0af1d
0af21
0af25
0833b
08344
08355
0835f
08367
0844d
090f2
09100
09109
0924e
0925b
09262
093a6
095e7
0971a
09748
097df
09814
0981f
09952
09a14
09a3b
09a49
09a51
09a69
09a6f
09a97
09aa9
09aba
09ac6
09ae2
09af3
09b11
09c14
09c64
09d00
09d44
09d58
09d6f
09e75
09ebb
09ece
09ed6
09f6f
0a6bc
0a76c
0a80b
0a834
0a961
0a97e
0a9ac
0a9c5
0aaae
0aab2
0adc3
0ae3e
0ae42
0aee4
0af29
0af2d
08399
083a1
083a8
083bb
083c5
0847c
09113
09124
0912e
09200
09275
0927e
09287
093cb
096b9
09731
097e1
09819
09824
09878
0988f
098ab
098bb
098c7
098cb
099c6
09a8d
09aa8
09ab0
09abf
09acf
09b09
09b35
09b4d
09bc3
09d32
09d70
09d8d
09d9b
09e3c
09ed2
09f00
09f11
09f15
0a081
0a794
0a81e
0a83d
0a8c4
0a8d3
0a98e
0a9dc
0aabf
0aace
0ad1a
0add9
0addd
0ae61
0af31
0af35
0af39
0819f
081a8
081b9
081c3
081cb
084d7
09146
09155
0915c
091c3
091ce
091d7
093e2
09611
096ca
0976e
097f7
09828
09833
09880
098a8
098b1
098c1
098d1
098f3
09910
09920
0992b
09931
09a2d
09aff
09b4a
09b78
09b8f
09c08
09d7e
09dbd
09dd0
09de8
09eef
09f2f
09f42
09f4a
09fe9
0a680
0a727
0a860
0a888
0a8d1
0a8f0
0a9ed
0aa14
0aaea
0aaee
0ad6f
0adee
0adf2
0aefc
0af3d
0af41
081db
081e3
08219
08227
0822f
08346
08437
0844a
08452
08694
09250
0925f
09267
094ae
096a6
09756
097df
09838
09869
098de
098e8
09927
09951
09959
0996a
0999b
09a3d
09a50
09b3e
09b48
09b5c
09b61
09b79
09b99
09b9f
09d00
09d31
09d58
09dc4
09dfe
09e0a
09e29
09f46
09f70
09f84
09f90
0a031
0a0ff
0a954
0a969
0a987
0a9a4
0aa21
0aba7
0abb6
0adff
0ae78
0ae7c
0af45
0af49
0af4d
08245
0825d
08288
08292
08299
083b2
0848a
08494
0849c
0926e
0927b
09282
094c4
096b3
096f6
0976c
09809
0983c
09847
09947
09955
099a2
099c5
099cd
099f4
09a86
09aab
09ae9
09b83
09b8d
09ba1
09ba6
09bc4
09bde
09be4
09d3f
09d70
09d97
09df4
09e3b
09e47
09e67
09f63
09fad
09fc1
09fd3
0a06e
0a1da
0a8ca
0a988
0a9c8
0a9ea
0ab0e
0abcf
0abd3
0ae89
0ae8d
0aef1
0af51
0af55
081aa
082b6
082be
082e7
082f5
082fd
084c1
084d4
084dc
08598
091c0
091cf
091d7
0943e
09652
0977c
097f7
09841
0984c
0989b
098ae
099ac
099c3
099f5
09a24
09a30
09a38
09a6b
09bb1
09bce
09bd9
09be9
09bff
09c1a
09c27
09cc4
09da1
09dc0
09de4
09e37
09e78
09e83
09ea3
09fc5
09fef
0a005
0a00c
0a178
0a8c0
0a8d9
0a901
0a9f1
0aa6e
0ab36
0ab46
0ae27
0ae9e
0aea2
0af59
0af5d
0af61
0821c
08321
0832b
08356
08360
08367
08514
0851e
08526
091e0
091ee
091f7
09455
0965f
0971e
09792
0981d
09850
0985b
09908
0991b
09a15
09a31
09a70
09a89
09a95
09abc
09b73
09c0d
09c17
09c2b
09c30
09c48
09c62
09c69
09c90
09caf
09dd5
09e5b
09e90
09ec0
09ece
09f6f
0a002
0a032
0a043
0a049
0a1b6
0a8f5
0a912
0a9ac
0aa11
0aa96
0ab60
0ab64
0aeaf
0aeb3
0aec1
0af65
0af69
08278
08380
08388
083af
083bd
083c5
08545
08559
08560
08616
09208
09217
0921f
09476
0967c
097a2
097c7
09855
09860
09878
09885
0988d
098bd
09966
0997b
09a1b
09a93
09ad1
09ae7
09b05
09b12
09bc0
09c52
09c5d
09c6d
09c7c
09cb3
09cda
09d4e
09eb1
09ef4
09f01
09f1d
0a020
0a063
0a07a
0a084
0a11a
0a90c
0a921
0a943
0aa36
0aa49
0ab6f
0ab7e
0add7
0ae53
0aeaf
0af6d
0af71
0af75
08177
0818f
081ba
081c4
081cb
082ea
08400
0840a
08412
09228
09237
0923e
0948d
09689
096ce
09746
09831
09864
0986f
09880
098a8
098e3
098f0
098fd
0992e
099d3
099e8
09adc
09aff
09b0a
09b1a
09b2f
09b4e
09b58
09c08
09ce7
09d0e
09d2d
09edb
09f0d
09f34
09f42
09fe9
0a07e
0a0a6
0a0b7
0a0bd
0a22a
0a93d
0a95a
0a9ed
0aa5e
0aad2
0ab98
0ab9c
0ae63
0ae67
0aed9
0af79
0af7d
098be
098c8
098d6
09ac0
09ad1
09b10
09b1e
09bc3
09c53
09c57
09c6d
09d27
09d34
09d6e
0a614
0a618
0a6ae
0a6d4
0a6db
0a809
0a815
0a96b
0a9ce
0a9dd
0a9e1
0aad4
0ab82
0addb
0ade2
0ae57
0aee7
0af32
0af6d
0af80
0af84
0af88
0af8c
0af90
0af94
0af98
0af9c
0afa0
0afa4
0afa8
0afac
0afb0
0afb4
0afb8
0afbc
0afc0
0afc4
0afc8
0afcc
0afd0
0afd4
0afd8
0afdc
0afe0
0afe4
0afe8
0afec
098c3
098d4
09925
0992f
0993d
09b02
09b18
09b20
09b58
09c06
09c0a
09d71
09d9d
09db2
0a64b
0a6e5
0a707
0a710
0a716
0a839
0a984
0a991
0a9fd
0aa06
0aaeb
0ab98
0abea
0adf4
0ae65
0ae6c
0af3a
0af3e
0af79
0af82
0afed
0aff1
0aff5
0aff9
0affd
0b001
0b005
0b009
0b00d
0b011
0b015
0b019
0b01d
0b021
0b025
0b029
0b02d
0b031
0b035
0b039
0b03d
0b041
0b045
0b049
0b04d
0b051
09928
09937
0993f
09994
0999b
09b45
09b49
09b5f
09b9a
09ba8
09c47
09da5
09db4
09de6
0a528
0a52c
0a720
0a747
0a74d
0a85d
0a869
0a8db
0aa1c
0aa2b
0aa2f
0ab10
0abba
0ae03
0ae0a
0ae7d
0aeff
0af0a
0af45
0afed
0aff1
0b056
0b05a
0b05e
0b062
0b066
0b06a
0b06e
0b072
0b076
0b07a
0b07e
0b082
0b086
0b08a
0b08e
0b092
0b096
0b09a
0b09e
0b0a2
0b0a6
0b0aa
0b0ae
0b0b2
0b0b6
0b0ba
09991
099a2
099f3
099fd
09a0b
09ae9
09b8a
09b8e
09ba4
09bdf
09bed
09cb1
09dde
09ded
0a565
0a757
0a779
0a782
0a788
0a88d
0a8f9
0a905
0aa4b
0aa54
0ab26
0abcf
0ac14
0ae1c
0ae8b
0ae92
0af12
0af16
0af51
0b056
0b0bb
0b0bf
0b0c3
0b0c7
0b0cb
0b0cf
0b0d3
0b0d7
0b0db
0b0df
0b0e3
0b0e7
0b0eb
0b0ef
0b0f3
0b0f7
0b0fb
0b0ff
0b103
0b107
0b10b
0b10f
0b113
0b117
0b11b
0b11f
099f6
09a05
09a0d
09a62
09a6b
09b2c
09b30
09bd1
09be7
09bef
09c27
09ca9
09cb8
09cf0
0a59e
0a5a2
0a675
0a7b5
0a7bb
0a8ac
0a8b9
0a923
0aa69
0aa78
0aa7c
0aa98
0ab4a
0ae2b
0ae32
0aea3
0aecf
0af1e
0af59
0b0bb
0b0bf
0b124
0b128
0b12c
0b130
0b134
0b138
0b13c
0b140
0b144
0b148
0b14c
0b150
0b154
0b158
0b15c
0b160
0b164
0b168
0b16c
0b170
0b174
0b178
0b17c
0b180
0b184
0b188
09a5c
09a70
09abb
09ac6
09ad5
09b73
09c14
09c18
09c2e
09c63
09c73
09cf3
09d1f
09d36
0a5db
0a66f
0a695
0a69e
0a6a4
0a7e5
0a941
0a94d
0a9af
0a9b8
0aaaf
0ab60
0ac3e
0ae44
0aeb1
0aeb8
0af26
0af2a
0af65
0af88
0b122
0b126
0b18b
0b18f
0b193
0b197
0b19b
0b19f
0b1a3
0b1a7
0b1ab
0b1af
0b1b3
0b1b7
0b1bb
0b1bf
0b1c3
0b1c7
0b1cb
0b1cf
0b1d3
0b1d7
0b1db
0b1df
0b1e3
0b1e7
0996d
09971
09a6f
09b06
09b11
09b22
09c60
09c6f
09ca1
09cb6
09d4f
09dde
09ded
09ea6
09ed1
09ee5
0a76c
0a7f3
0a806
0a810
0a817
0a8fe
0aa43
0aa52
0aa56
0aab0
0aab8
0ab7c
0ac14
0ae52
0ae59
0af26
0af6d
0af8c
0af90
0af94
0af98
0af9c
0b0c2
0b0c6
0b0ca
0b189
0b1ec
0b1f0
0b1f4
0b1f8
0b1fc
0b200
0b204
0b208
0b20c
0b210
0b214
0b218
0b21c
0b220
0b224
0b228
0b22c
0b230
0b234
099d6
09acb
09ad7
09b0d
09b1c
09b4e
09b56
09b67
09cb4
09ce8
09cf5
09d8e
09edc
09ee7
09f13
0a79f
0a7a3
0a81f
0a837
0a83d
0a91d
0a929
0aa71
0aa7a
0aac7
0aad3
0aad8
0ab9e
0ac68
0ae6a
0aecf
0af35
0af79
0aff3
0aff7
0affb
0afff
0b003
0b129
0b12d
0b131
0b1ea
0b1ee
0b237
0b23b
0b23f
0b243
0b247
0b24b
0b24f
0b253
0b257
0b25b
0b25f
0b263
0b267
0b26b
0b26f
0b273
0b277
098cf
098da
09a3d
09b4b
09b5b
09b69
09b92
09b9f
09ce0
09cf7
09d2f
09dc5
09dc9
09f20
09f45
09f59
0a688
0a847
0a85a
0a865
0a86b
0a947
0a9a7
0a9b6
0a9ba
0aaec
0aaf4
0abb4
0ac3e
0ae78
0ae7f
0af3a
0af45
0b006
0b05c
0b060
0b064
0b068
0b06c
0b18e
0b192
0b196
0b237
0b27a
0b27e
0b282
0b286
0b28a
0b28e
0b292
0b296
0b29a
0b29e
0b2a2
0b2a6
0b2aa
0b2ae
0b2b2
0b2b6
0b2ba
0b2be
0993a
09a9c
09aa0
09b97
09ba6
09bd5
09be0
09bf1
09c87
09d27
09d34
09d6e
09e1a
09e2e
09f57
0a6bf
0a6c3
0a873
0a88b
0a891
0a964
0a971
0a9d6
0a9df
0ab03
0ab0f
0ab14
0abd5
0ac92
0ae90
0aee7
0af0d
0af51
0afa3
0afa7
0afab
0b06e
0b0d1
0b0d5
0b0d9
0b0dd
0b27a
0b27e
0b2c1
0b2c5
0b2c9
0b2cd
0b2d1
0b2d5
0b2d9
0b2dd
0b2e1
0b2e5
0b2e9
0b2ed
0b2f1
0b2f5
0b2f9
0b2fd
0b301
0989f
098a3
099a1
09bd9
09be5
09bf3
09c1c
09c29
09cc4
09cc8
09d71
09d9d
09db2
09e2c
09e57
09e6b
0a6fa
0a7c9
0a8a3
0a8b5
0a8bb
0a98b
0a9f5
0aa04
0aa08
0ab27
0ab2f
0ab44
0abea
0ae9e
0aea5
0af12
0af59
0b008
0b00c
0b010
0b014
0b136
0b13a
0b13e
0b142
0b146
0b2c1
0b304
0b308
0b30c
0b310
0b314
0b318
0b31c
0b320
0b324
0b328
0b32c
0b330
0b334
0b338
0b33c
0b340
0b344
0b348
09908
09a04
09a0f
09c20
09c30
09c59
09c65
09c77
09d05
09da5
09db4
09de6
09e5c
09e6d
09e99
0a731
0a735
0a7c7
0a7e3
0a7e9
0a8d5
0a8e1
0aa24
0aa2d
0aa8b
0aa97
0aa9c
0ab66
0acbc
0aeb6
0aeff
0af21
0af65
0b071
0b075
0b079
0b149
0b19b
0b19f
0b1a3
0b1a7
0b1f0
0b1f4
0b306
0b349
0b34d
0b351
0b355
0b359
0b35d
0b361
0b365
0b369
0b36d
0b371
0b375
0b379
0b37d
0b381
0b385
09919
0991d
0993a
09b82
09b86
09c2e
09c9e
09cad
09cba
09de0
09de7
09e1a
09e2e
09ec3
09f50
09f5b
0a010
0a044
0a053
0a8eb
0a8fc
0a903
0aa43
0aa52
0aa56
0ab0a
0ab12
0ab5a
0ab65
0ab6a
0ac92
0aec3
0af0d
0b06d
0b0c3
0b0c7
0b0cb
0b0e4
0b0e8
0b1f7
0b1fb
0b2c8
0b2cc
0b388
0b38c
0b390
0b394
0b398
0b39c
0b3a0
0b3a4
0b3a8
0b3ac
0b3b0
0b3b4
0b3b8
0b3bc
0b3c0
0b3c4
0b3c8
0b3cc
09982
0999d
099a8
09bc9
09c6b
09c71
09cab
09cb3
09ce5
09ced
09cf9
09e2c
09e57
09e6b
09f00
0a041
0a055
0a084
0a90d
0a91a
0a925
0a92b
0aa71
0aa7a
0ab20
0ab2c
0ab31
0ab7d
0ab84
0ac29
0ace6
0af12
0af6d
0b0e1
0b12a
0b12e
0b132
0b14b
0b14f
0b23e
0b30b
0b30f
0b313
0b38a
0b3cd
0b3d1
0b3d5
0b3d9
0b3dd
0b3e1
0b3e5
0b3e9
0b3ed
0b3f1
0b3f5
0b3f9
0b3fd
0b401
0b405
0b409
099e7
099eb
09a08
09b18
09b20
09c0e
09cdd
09cec
09cfb
09d21
09d30
09e5c
09e6d
09e99
09f35
09f39
0a08a
0a0b8
0a0c7
0a933
0a945
0a94b
0a9a7
0a9b6
0a9ba
0aa92
0aa9a
0ab92
0ab9d
0aba2
0acbc
0aedb
0af21
0aff3
0b18b
0b18f
0b193
0b197
0b1ae
0b281
0b285
0b34c
0b350
0b3cd
0b3d1
0b40e
0b412
0b416
0b41a
0b41e
0b422
0b426
0b42a
0b42e
0b432
0b436
0b43a
0b43e
0b442
0b446
0b44a
09a50
09a6a
09a76
09b5f
09c4b
09c4f
09d29
09d31
09d5b
09d6a
09d77
09e01
09e9f
09ea8
09ed6
09f8d
09f9c
0a0c1
0a955
0a962
0a96d
0a973
0a9d6
0a9df
0aaa9
0aab5
0aaba
0abb5
0abbc
0ac53
0ad10
0af26
0af45
0afa3
0afa7
0afab
0afaf
0afb3
0b18a
0b1ff
0b203
0b2d0
0b2d4
0b40e
0b44b
0b44f
0b453
0b457
0b45b
0b45f
0b463
0b467
0b46b
0b46f
0b473
0b477
0b47b
0b47f
0b483
0b487
09aaf
09ab3
09ad0
09af8
09afc
09ba4
09d63
09d6b
09d79
09d9f
09dae
09e3c
09e40
09ee3
09f0e
09f22
09f96
09fca
09fd9
0a8c7
0a989
0a98f
0a9f5
0aa04
0aa08
0aace
0aad6
0abc9
0abd4
0abd9
0ac68
0aef3
0af35
0af9f
0b00a
0b00e
0b012
0b016
0b01a
0b242
0b246
0b24a
0b317
0b44b
0b44f
0b48c
0b490
0b494
0b498
0b49c
0b4a0
0b4a4
0b4a8
0b4ac
0b4b0
0b4b4
0b4b8
0b4bc
0b4c0
0b4c4
0b4c8
098b4
098cf
098da
09b3f
09be7
09bef
09da7
09daf
09dd3
09de2
09df1
09e7b
09f19
09f24
09f4a
09fc7
09fdb
0a00a
0a8c1
0a8d2
0a8dd
0a8e3
0aa24
0aa2d
0aae5
0aaf1
0aaf6
0ab45
0ab4c
0abff
0ad3a
0af3a
0af59
0b06f
0b073
0b077
0b07b
0b07f
0b136
0b289
0b28d
0b354
0b358
0b390
0b48a
0b48e
0b4cb
0b4cf
0b4d3
0b4d7
0b4db
0b4df
0b4e3
0b4e7
0b4eb
0b4ef
0b4f3
0b4f7
0b4fb
0b4ff
098e0
09928
09937
0993f
09b47
09b5d
09b65
09d16
09da5
09db4
09e1c
09e29
09f46
09f53
09f5d
09f90
0a02f
0a033
0a0c1
0a177
0a184
0a1b6
0aa1d
0aa30
0ab0a
0ab12
0abae
0abb9
0abbe
0ac00
0ac91
0adcc
0af0d
0afed
0b06d
0b2c5
0b2c9
0b2cd
0b2d7
0b2db
0b397
0b452
0b456
0b45a
0b504
0b508
0b50c
0b510
0b514
0b518
0b51c
0b520
0b524
0b528
0b52c
0b530
0b534
0b538
0b53c
0b540
0b544
09949
09991
099a2
09b8a
09b8e
09ba4
09d53
09d57
09de9
09e1b
09e28
09e34
09e60
09e67
09f8a
09f9e
09fd3
0a06c
0a070
0a1bb
0a1e9
0a1fe
0aa52
0ab20
0ab2c
0ab31
0abd0
0abd7
0ac0e
0ac17
0ad24
0af12
0af4f
0b0c1
0b0e1
0b30c
0b310
0b314
0b31e
0b3d4
0b3d8
0b493
0b497
0b502
0b506
0b547
0b54b
0b54f
0b553
0b557
0b55b
0b55f
0b563
0b567
0b56b
0b56f
0b573
0b577
0b57b
0b57f
099ae
099f6
09a05
09a0d
09bd1
09be7
09bef
09cb4
09d92
09d96
09e5a
09e68
09e94
09e9a
09eac
09fce
0a006
0a018
0a0a5
0a1f0
0a200
0a22a
0aa6a
0aa7d
0aa92
0aa9a
0ab3e
0ab49
0ab4e
0ac2a
0acbb
0ad78
0af21
0b0bb
0b135
0b349
0b34d
0b351
0b35b
0b35f
0b415
0b4ca
0b4ce
0b4d2
0b547
0b582
0b586
0b58a
0b58e
0b592
0b596
0b59a
0b59e
0b5a2
0b5a6
0b5aa
0b5ae
0b5b2
0b5b6
0b5ba
0b5be
09a17
09a5c
09a70
09c14
09c18
09c2e
09ce0
09cf7
09dcd
09e92
09ea2
09eae
09ed3
09ee0
09f6d
09f71
0a010
0a044
0a053
0a0ff
0a227
0a237
0a9b6
0aaa9
0aab5
0aaba
0ab61
0ab68
0ac38
0ac41
0ad4e
0af26
0af63
0b189
0b198
0b1fe
0b202
0b206
0b20a
0b39b
0b39f
0b3a3
0b45e
0b582
0b586
0b5c1
0b5c5
0b5c9
0b5cd
0b5d1
0b5d5
0b5d9
0b5dd
0b5e1
0b5e5
0b5e9
0b5ed
0b5f1
0b5f5
0b5f9
09879
09abe
09acd
09ad3
09c55
09c6b
09c71
09c98
09d27
09d34
09eda
09ee2
09f0a
09f14
09f26
09fac
0a041
0a055
0a084
0a0fd
0a10c
0a13c
0a9cf
0a9e2
0aace
0aad6
0ab76
0ab81
0ab86
0ac54
0ac67
0ada2
0af35
0af86
0af9f
0b241
0b245
0b249
0b24d
0b251
0b3dc
0b3e0
0b49b
0b49f
0b5c1
0b5fc
0b600
0b604
0b608
0b60c
0b610
0b614
0b618
0b61c
0b620
0b624
0b628
0b62c
0b630
0b634
0b638
09875
098c3
098d4
09b00
09b04
09b1a
09cd5
09cd9
09d71
09f0f
09f1c
09f28
09f47
09f54
09fe7
09feb
0a08a
0a0b8
0a0c7
0a140
0a16f
0a186
0aa04
0aae5
0aaf1
0aaf6
0ab99
0aba0
0abe4
0abed
0acfa
0af3a
0af77
0aff3
0b008
0b288
0b28c
0b290
0b294
0b419
0b41d
0b421
0b4d6
0b508
0b50c
0b5fe
0b639
0b63d
0b641
0b645
0b649
0b64d
0b651
0b655
0b659
0b65d
0b661
0b665
0b669
0b66d
09a3b
09a3f
09b2a
09b52
09b61
09ce0
09cf7
09e8c
09f19
09f24
09f86
09f92
0a0af
0a0c3
0a0cb
0a0ff
0a19d
0a1a1
0a22f
0a2e6
0a2f2
0a31c
0a9a8
0a9bb
0aaf3
0abae
0abb9
0abbe
0ac3f
0ac76
0ac7f
0ad10
0ae48
0b05a
0b235
0b451
0b455
0b459
0b463
0b467
0b511
0b5c6
0b5ca
0b5ce
0b672
0b676
0b67a
0b67e
0b682
0b686
0b68a
0b68e
0b692
0b696
0b69a
0b69e
0b6a2
0b6a6
0b6aa
0b6ae
0b6b2
09a9e
09b6d
09b94
09ba0
09bae
09d32
09ec7
09ecb
09f57
09f88
09f98
09fa2
09fc3
09fd5
0a0fd
0a10c
0a13c
0a1da
0a1de
0a329
0a354
0a36c
0a9dd
0ab04
0ab15
0abd0
0abd7
0ac4d
0ac56
0ac91
0ac96
0ada3
0af4f
0b0ce
0b2c5
0b492
0b496
0b49a
0b4a4
0b54c
0b550
0b605
0b609
0b670
0b674
0b6b5
0b6b9
0b6bd
0b6c1
0b6c5
0b6c9
0b6cd
0b6d1
0b6d5
0b6d9
0b6dd
0b6e1
0b6e5
0b6e9
0b6ed
0989f
098a3
09bb4
09bdc
09beb
09d66
09d75
09e2c
09f04
09f08
09fcc
09fd7
09ffe
0a008
0a01a
0a140
0a16f
0a186
0a213
0a35f
0a36e
0a392
0a9f6
0aa09
0ab2e
0ab3e
0ab49
0ab4e
0abeb
0aca0
0aca9
0ad3a
0adf8
0b008
0b2bf
0b4c9
0b4cd
0b4d1
0b4db
0b4df
0b58b
0b63a
0b63e
0b642
0b6b5
0b6f0
0b6f4
0b6f8
0b6fc
0b700
0b704
0b708
0b70c
0b710
0b714
0b718
0b71c
0b720
0b724
0b728
0b72c
09908
09bf7
09c1e
09c2a
09c38
09db0
09e5c
09e6d
09f3d
0a002
0a012
0a01c
0a03d
0a049
0a0db
0a0df
0a17e
0a1ac
0a1c1
0a265
0a396
0a3a5
0aa2b
0aa8c
0aa9d
0ab61
0ab68
0abf9
0ac02
0acbb
0acc0
0adcd
0af63
0b198
0b349
0b39c
0b3a0
0b3a4
0b3a8
0b515
0b519
0b51d
0b5d2
0b6f0
0b6f4
0b72f
0b733
0b737
0b73b
0b73f
0b743
0b747
0b74b
0b74f
0b753
0b757
0b75b
0b75f
0b763
0b767
0996d
09971
09ae5
09c60
09c6f
09dde
09ded
09e12
09e9f
09ea8
0a04b
0a051
0a07a
0a082
0a094
0a11a
0a1b4
0a1c3
0a1f3
0a26c
0a27a
0a2a2
0aa44
0aa57
0aab7
0ab76
0ab81
0ab86
0ac15
0acca
0acd3
0ace6
0ae20
0af8c
0b1f0
0b3d9
0b3dd
0b3e1
0b3e5
0b3e9
0b554
0b558
0b60d
0b611
0b72f
0b76a
0b76e
0b772
0b776
0b77a
0b77e
0b782
0b786
0b78a
0b78e
0b792
0b796
0b79a
0b79e
0b7a2
0b7a6
099d6
09add
09b0a
09b16
09b24
09cb4
09e4d
09e51
09ee3
0a07e
0a08c
0a096
0a0b5
0a0bd
0a155
0a159
0a1f8
0a222
0a235
0a2ae
0a2da
0a2f4
0aa78
0aac8
0aad9
0ab99
0aba0
0ac23
0ac2c
0ac67
0ac6c
0ad79
0af77
0b129
0b241
0b41a
0b41e
0b422
0b426
0b58f
0b593
0b597
0b646
0b676
0b67a
0b76c
0b7a7
0b7ab
0b7af
0b7b3
0b7b7
0b7bb
0b7bf
0b7c3
0b7c7
0b7cb
0b7cf
0b7d3
0b7d7
0b7db
09c0c
09c10
09cc2
09ce2
09cf2
09e5c
09e6d
09ffa
0a078
0a092
0a0f7
0a100
0a21d
0a231
0a239
0a265
0a30b
0a30f
0a39d
0a44e
0a45a
0a482
0a9a8
0a9bb
0aa99
0ab93
0aba3
0ac3f
0acb5
0acbe
0acf5
0acfe
0ae0b
0b18c
0b3cd
0b5c5
0b5c9
0b5cd
0b5d7
0b5db
0b67f
0b734
0b738
0b73c
0b7e0
0b7e4
0b7e8
0b7ec
0b7f0
0b7f4
0b7f8
0b7fc
0b800
0b804
0b808
0b80c
0b810
0b814
0b818
0b81c
0b820
09c4d
09cff
09d24
09d2c
09d3a
09ea6
0a035
0a039
0a0c1
0a0fa
0a106
0a110
0a134
0a143
0a26c
0a27a
0a2a2
0a348
0a34c
0a48f
0a4b8
0a4d0
0a9dd
0aaaa
0aabb
0abbb
0ac4d
0ac56
0acd0
0acd5
0ad11
0ada2
0ae5a
0b1fc
0b451
0b604
0b608
0b60c
0b616
0b6ba
0b6be
0b773
0b777
0b7de
0b7e2
0b823
0b827
0b82b
0b82f
0b833
0b837
0b83b
0b83f
0b843
0b847
0b84b
0b84f
0b853
0b857
0b85b
09af8
09afc
09d40
09d68
09d70
09edc
09ee7
09f96
0a072
0a076
0a13e
0a145
0a16c
0a175
0a188
0a2ae
0a2da
0a2f4
0a381
0a4c3
0a4d2
0a4f4
0a9f6
0aa09
0aad5
0abca
0abda
0abeb
0ac61
0ac6a
0ad1f
0ad28
0ae33
0b008
0b44b
0b639
0b63d
0b641
0b64b
0b64f
0b6f9
0b7a8
0b7ac
0b7b0
0b823
0b85e
0b862
0b866
0b86a
0b86e
0b872
0b876
0b87a
0b87e
0b882
0b886
0b88a
0b88e
0b892
0b896
0b89a
09b3f
09d7d
09da2
09daa
09db8
09f20
09fc7
09fdb
0a0ab
0a174
0a180
0a18a
0a1ae
0a1b7
0a249
0a24d
0a2ec
0a317
0a32f
0a3d1
0a4f8
0a507
0aa2b
0aae6
0aaf7
0ab4b
0abf9
0ac02
0ac7c
0ac81
0ad3b
0adcc
0ae80
0b286
0b4ca
0b516
0b51a
0b51e
0b522
0b683
0b687
0b68b
0b740
0b85e
0b862
0b89d
0b8a1
0b8a5
0b8a9
0b8ad
0b8b1
0b8b5
0b8b9
0b8bd
0b8c1
0b8c5
0b8c9
0b8cd
0b8d1
0b8d5
09b82
09b86
09c83
09de0
09de7
09f50
09f5b
09f80
0a004
0a016
0a1b9
0a1bf
0a1e6
0a1f1
0a202
0a288
0a323
0a331
0a359
0a3d8
0a3e6
0a40c
0aa44
0aa57
0ab11
0ab5b
0ab6b
0ac15
0ac8b
0ac94
0ad49
0ad52
0ade3
0b0c1
0b38e
0b551
0b555
0b559
0b55d
0b561
0b6c2
0b6c6
0b77b
0b77f
0b89d
0b8d8
0b8dc
0b8e0
0b8e4
0b8e8
0b8ec
0b8f0
0b8f4
0b8f8
0b8fc
0b900
0b904
0b908
0b90c
0b910
0b914
09bc9
09c7b
09ca6
09cae
09cbc
09e2c
09fbb
09fbf
0a04d
0a1ee
0a1fa
0a204
0a224
0a22b
0a2c3
0a2c7
0a366
0a38b
0a3a3
0a418
0a442
0a45c
0aa78
0ab21
0ab32
0ab83
0ac23
0ac2c
0aca6
0acab
0ace7
0ad78
0aea6
0b30a
0b3d9
0b590
0b594
0b598
0b59c
0b6fd
0b701
0b705
0b7b4
0b7e4
0b7e8
0b8da
0b915
0b919
0b91d
0b921
0b925
0b929
0b92d
0b931
0b935
0b939
0b93d
0b941
0b945
0b949
09d92
09d96
09e3a
09e5a
09e68
09fc7
09fdb
0a168
0a1f0
0a200
0a266
0a26e
0a38d
0a39f
0a3a7
0a3d1
0a471
0a475
0a4ff
0a5b0
0a5bc
0a5e4
0aa8c
0aa9d
0ab4b
0ac24
0ac2e
0acbd
0ad33
0ad3c
0ad73
0ad7c
0ae80
0b349
0b545
0b733
0b737
0b73b
0b745
0b749
0b7ed
0b8a2
0b8a6
0b8aa
0b94e
0b952
0b956
0b95a
0b95e
0b962
0b966
0b96a
0b96e
0b972
0b976
0b97a
0b97e
0b982
0b986
0b98a
0b98e
09dcd
09e75
09e92
09ea2
09eae
0a010
0a1a3
0a1a7
0a22f
0a269
0a274
0a27e
0a2a3
0a2b1
0a3d8
0a3e6
0a40c
0a4ac
0a4b0
0a5f1
0a61a
0a632
0aab7
0ab5b
0ab6b
0ac3f
0accb
0acd4
0ad4e
0ad53
0ad8f
0ae1f
0aec5
0b39a
0b5c6
0b772
0b776
0b77a
0b784
0b828
0b82c
0b8e1
0b8e5
0b94c
0b950
0b991
0b995
0b999
0b99d
0b9a1
0b9a5
0b9a9
0b9ad
0b9b1
0b9b5
0b9b9
0b9bd
0b9c1
0b9c5
0b9c9
09c96
09c9a
09eb4
09eda
09ee2
0a041
0a055
0a104
0a1e0
0a1e4
0a2ac
0a2b3
0a2dc
0a2e4
0a2f6
0a418
0a442
0a45c
0a4e3
0a625
0a634
0a656
0aac8
0aad9
0ab83
0ac4e
0ac58
0ac69
0acdf
0ace8
0ad9d
0ada6
0aea6
0b241
0b5bf
0b7a7
0b7ab
0b7af
0b7b9
0b7bd
0b867
0b916
0b91a
0b91e
0b991
0b9cc
0b9d0
0b9d4
0b9d8
0b9dc
0b9e0
0b9e4
0b9e8
0b9ec
0b9f0
0b9f4
0b9f8
0b9fc
0ba00
0ba04
0ba08
09cd7
09eef
09f0f
09f1c
09f28
0a08a
0a13a
0a149
0a219
0a2e3
0a2ee
0a2f8
0a31d
0a325
0a3b7
0a3bb
0a454
0a47d
0a495
0a533
0a65a
0a669
0aaf3
0ab93
0aba3
0abeb
0ac77
0ac80
0acfa
0acff
0adb9
0ae47
0aedd
0b418
0b63a
0b684
0b688
0b68c
0b690
0b7f1
0b7f5
0b7f9
0b8ae
0b9cc
0b9d0
0ba0b
0ba0f
0ba13
0ba17
0ba1b
0ba1f
0ba23
0ba27
0ba2b
0ba2f
0ba33
0ba37
0ba3b
0ba3f
0ba43
09d14
09d18
09dfd
09f4e
09f56
0a0b1
0a0c9
0a0ee
0a177
0a184
0a327
0a32d
0a356
0a360
0a370
0a3f4
0a489
0a497
0a4bd
0a53a
0a548
0a56e
0ab04
0ab15
0abbb
0abfa
0ac04
0ac93
0ad09
0ad12
0adc7
0add0
0ae5a
0b2c5
0b508
0b6bf
0b6c3
0b6c7
0b6cb
0b6cf
0b830
0b834
0b8e9
0b8ed
0ba0b
0ba46
0ba4a
0ba4e
0ba52
0ba56
0ba5a
0ba5e
0ba62
0ba66
0ba6a
0ba6e
0ba72
0ba76
0ba7a
0ba7e
0ba82
09d55
09df5
09e1b
09e28
09e34
09f96
0a129
0a12d
0a1bb
0a35d
0a368
0a372
0a393
0a399
0a42d
0a431
0a4ca
0a4ed
0a505
0a57a
0a5a4
0a5be
0ab2e
0abca
0abda
0ac15
0aca1
0acaa
0ad24
0ad29
0ad65
0adf7
0aef5
0b490
0b552
0b6fe
0b702
0b706
0b70a
0b86b
0b86f
0b873
0b922
0b952
0b956
0ba48
0ba83
0ba87
0ba8b
0ba8f
0ba93
0ba97
0ba9b
0ba9f
0baa3
0baa7
0baab
0baaf
0bab3
0bab7
09f04
09f08
09fa8
09fcc
09fd7
0a13a
0a149
0a2d6
0a35f
0a36e
0a3d2
0a3da
0a4ef
0a501
0a509
0a533
0a5d3
0a5d7
0a661
0a70a
0a718
0a73c
0ab3f
0ab4f
0abeb
0aca2
0acac
0ad3b
0adb1
0adba
0adf1
0adf9
0aedd
0b01b
0b63a
0b6fc
0b8a3
0b8a7
0b8ab
0b8b5
0b959
0b95d
0ba12
0ba16
0baba
0babe
0bac2
0bac6
0baca
0bace
0bad2
0bad6
0bada
0bade
0bae2
0bae6
0baea
0baee
0baf2
0baf6
0bafa
09f3d
09fe3
0a002
0a012
0a01c
0a17e
0a311
0a315
0a39d
0a3d5
0a3e0
0a3ea
0a40d
0a41b
0a53a
0a548
0a56e
0a60e
0a612
0a74b
0a770
0a78a
0ab67
0abfa
0ac04
0acbd
0ad49
0ad52
0adcc
0add1
0ae09
0ae93
0af0a
0b39a
0b6f0
0b8de
0b8e2
0b8e6
0b8f0
0b8f4
0b998
0ba4d
0ba51
0ba55
0babc
0bafb
0baff
0bb03
0bb07
0bb0b
0bb0f
0bb13
0bb17
0bb1b
0bb1f
0bb23
0bb27
0bb2b
0bb2f
0bb33
09e10
09e14
0a022
0a04b
0a051
0a1b4
0a1c3
0a272
0a34e
0a352
0a416
0a41d
0a444
0a44c
0a45e
0a57a
0a5a4
0a5be
0a645
0a77b
0a78c
0a7ac
0ab77
0ab87
0ac15
0accc
0acd6
0ace7
0ad5d
0ad66
0ae19
0ae21
0aef5
0b0e9
0b552
0b770
0b917
0b91b
0b91f
0b929
0b9d3
0b9d7
0ba86
0ba8a
0bafb
0baff
0bb38
0bb3c
0bb40
0bb44
0bb48
0bb4c
0bb50
0bb54
0bb58
0bb5c
0bb60
0bb64
0bb68
0bb6c
0bb70
09e4f
0a05d
0a07e
0a08c
0a096
0a1f8
0a2a9
0a2b7
0a387
0a44b
0a456
0a460
0a483
0a48b
0a519
0a51d
0a5b6
0a5df
0a5f7
0a691
0a7b0
0a7c1
0ab9f
0ac24
0ac2e
0ac69
0acf5
0acfe
0ad78
0ad7d
0ae31
0aeb9
0af1e
0b418
0b76a
0b7f0
0b7f4
0b7f8
0b7fc
0b800
0b961
0b965
0ba1a
0ba1e
0bb38
0bb71
0bb75
0bb79
0bb7d
0bb81
0bb85
0bb89
0bb8d
0bb91
0bb95
0bb99
0bb9d
0bba1
0bba5
0bba9
09e8a
09e8e
09f6b
0a0bf
0a0c5
0a227
0a237
0a25c
0a2e6
0a2f2
0a48d
0a493
0a4ba
0a4c4
0a4d4
0a556
0a5eb
0a5f9
0a61f
0a698
0a6a8
0a6ca
0abaf
0abbf
0ac3f
0ac78
0ac82
0ad11
0ad87
0ad90
0ae41
0ae49
0aec5
0b1b1
0b5c6
0b682
0b82f
0b833
0b837
0b83b
0b99c
0b9a0
0b9a4
0ba59
0bb71
0bb75
0bbae
0bbb2
0bbb6
0bbba
0bbbe
0bbc2
0bbc6
0bbca
0bbce
0bbd2
0bbd6
0bbda
0bbde
0bbe2
0bbe6
09ec9
09f63
09f88
09f98
09fa2
0a104
0a297
0a29b
0a329
0a4c1
0a4cc
0a4d6
0a4f5
0a4fb
0a58f
0a593
0a62c
0a64f
0a667
0a6d8
0a6fe
0a71a
0abd6
0ac4e
0ac58
0ac93
0ad1f
0ad28
0ada2
0ada7
0ade1
0ae6d
0af32
0b490
0b670
0b86a
0b86e
0b872
0b876
0b87a
0b9db
0b9df
0ba8e
0ba92
0bac2
0bbac
0bbb0
0bbe9
0bbed
0bbf1
0bbf5
0bbf9
0bbfd
0bc01
0bc05
0bc09
0bc0d
0bc11
0bc15
0bc19
0a072
0a076
0a116
0a13e
0a145
0a2a9
0a2b7
0a43e
0a4c3
0a4d2
0a534
0a53c
0a651
0a663
0a66b
0a691
0a72b
0a72f
0a7b9
0a833
0a83f
0a856
0abe5
0abef
0ac69
0ad20
0ad2a
0adb9
0ae2a
0ae33
0ae67
0ae6f
0af1e
0aff5
0b63a
0b821
0ba0f
0ba13
0ba17
0ba21
0ba25
0bac9
0bb78
0bb7c
0bc1c
0bc20
0bc24
0bc28
0bc2c
0bc30
0bc34
0bc38
0bc3c
0bc40
0bc44
0bc48
0bc4c
0bc50
0bc54
0bc58
0bc5c
0a0ab
0a151
0a174
0a180
0a18a
0a2ec
0a477
0a47b
0a4ff
0a537
0a542
0a54c
0a56f
0a57d
0a698
0a6a8
0a6ca
0a764
0a768
0a863
0a87b
0a897
0ac00
0ac78
0ac82
0ad3b
0adc7
0add0
0ae44
0ae4a
0ae7e
0aee9
0af46
0b1b1
0b682
0b8a2
0ba4e
0ba52
0ba56
0ba60
0bb02
0bb06
0bbb5
0bbb9
0bc1e
0bc5d
0bc61
0bc65
0bc69
0bc6d
0bc71
0bc75
0bc79
0bc7d
0bc81
0bc85
0bc89
0bc8d
0bc91
0bc95
09f7e
09f82
0a190
0a1b9
0a1bf
0a323
0a331
0a3de
0a4b2
0a4b6
0a578
0a57f
0a5a6
0a5ae
0a5c0
0a6d8
0a6fe
0a71a
0a79b
0a886
0a893
0a8a8
0ac0f
0ac19
0ac93
0ad4a
0ad54
0ad65
0adda
0ade3
0ae8d
0ae95
0af32
0afb4
0b552
0b89b
0ba83
0ba87
0ba8b
0ba95
0ba99
0bb3f
0bbe8
0bbec
0bc5d
0bc61
0bc9a
0bc9e
0bca2
0bca6
0bcaa
0bcae
0bcb2
0bcb6
0bcba
0bcbe
0bcc2
0bcc6
0bcca
0bcce
0bcd2
09fbd
0a1cb
0a1ee
0a1fa
0a204
0a366
0a413
0a421
0a4e9
0a5ad
0a5b8
0a5c2
0a5e5
0a5ed
0a677
0a67b
0a712
0a737
0a751
0a7d8
0a8ac
0a8b9
0ac2a
0aca2
0acac
0ace7
0ad73
0ad7c
0adf4
0adfa
0aea4
0af01
0af5a
0b137
0b6fc
0b916
0b960
0b964
0b968
0b96c
0bacd
0bad1
0bb80
0bb84
0bc9a
0bcd3
0bcd7
0bcdb
0bcdf
0bce3
0bce7
0bceb
0bcef
0bcf3
0bcf7
0bcfb
0bcff
0bd03
0bd07
0bd0b
09ff8
09ffc
0a0d9
0a22d
0a233
0a396
0a3a5
0a3c8
0a44e
0a45a
0a5ef
0a5f5
0a61c
0a626
0a636
0a6b2
0a743
0a753
0a775
0a7df
0a7eb
0a802
0ac39
0ac43
0acbd
0acf6
0ad00
0ad8f
0ae02
0ae0b
0aeb3
0aebb
0af0a
0b082
0b5c6
0b7e4
0b99b
0b99f
0b9a3
0b9a7
0b9ab
0bb0a
0bb0e
0bbbd
0bcd3
0bcd7
0bd10
0bd14
0bd18
0bd1c
0bd20
0bd24
0bd28
0bd2c
0bd30
0bd34
0bd38
0bd3c
0bd40
0bd44
0bd48
0a037
0a0d1
0a0fa
0a106
0a110
0a272
0a401
0a405
0a48f
0a623
0a62e
0a638
0a657
0a65d
0a6e9
0a6ed
0a784
0a7a5
0a7bf
0a80e
0a827
0a843
0ac54
0accc
0acd6
0ad11
0ad9d
0ada6
0ae1c
0ae22
0ae58
0aed1
0af6e
0b0e9
0b770
0b82e
0b9da
0b9de
0b9e2
0b9e6
0bb43
0bb47
0bbf0
0bbf4
0bc24
0bd0e
0bd12
0bd4b
0bd4f
0bd53
0bd57
0bd5b
0bd5f
0bd63
0bd67
0bd6b
0bd6f
0bd73
0bd77
0bd7b
0a1e0
0a1e4
0a284
0a2ac
0a2b3
0a413
0a421
0a5a0
0a625
0a634
0a692
0a69a
0a7a7
0a7b7
0a7bd
0a7d8
0a84b
0a84f
0a8b3
0a91d
0a929
0a93a
0aa73
0ac63
0ac6d
0ace7
0ad9e
0ada8
0ae31
0ae9d
0aea6
0aecf
0af1e
0b12b
0b150
0b1b3
0b916
0b9d8
0bb79
0bb7d
0bb87
0bb8b
0bc2b
0bcda
0bcde
0bd7e
0bd82
0bd86
0bd8a
0bd8e
0bd92
0bd96
0bd9a
0bd9e
0bda2
0bda6
0bdaa
0bdae
0bdb2
0bdb6
0bdba
0a219
0a2bf
0a2e3
0a2ee
0a2f8
0a454
0a5d9
0a5dd
0a661
0a695
0a69e
0a6a4
0a6cb
0a6d9
0a7df
0a7eb
0a802
0a875
0a879
0a947
0a959
0a975
0a9bc
0ac7e
0acf6
0ad00
0adb9
0ae41
0ae49
0aeb6
0aebc
0aedf
0af64
0b18e
0b1b1
0b682
0b9cc
0bbb2
0bbb6
0bbba
0bbc4
0bc64
0bc68
0bd17
0bd1b
0bd80
0bdbd
0bdc1
0bdc5
0bdc9
0bdcd
0bdd1
0bdd5
0bdd9
0bddd
0bde1
0bde5
0bde9
0bded
0bdf1
0a0ec
0a0f0
0a2fe
0a327
0a32d
0a489
0a497
0a540
0a614
0a618
0a6d4
0a6db
0a700
0a708
0a71c
0a80e
0a827
0a843
0a89d
0a964
0a971
0a980
0a9d8
0ac8d
0ac97
0ad11
0adc8
0add2
0ade1
0ae51
0ae5a
0aee7
0af32
0af8e
0afb4
0b01d
0b82e
0ba4c
0bbe9
0bbed
0bbf7
0bbfb
0bca1
0bd4a
0bd4e
0bdbb
0bdf4
0bdf8
0bdfc
0be00
0be04
0be08
0be0c
0be10
0be14
0be18
0be1c
0be20
0be24
0be28
0be2c
0a12b
0a339
0a35d
0a368
0a372
0a4ca
0a575
0a583
0a64b
0a707
0a710
0a716
0a73d
0a745
0a7cd
0a7d1
0a839
0a851
0a86d
0a8ce
0a984
0a991
0aa0a
0aca8
0ad20
0ad2a
0ad65
0adf1
0adf9
0ae6a
0ae70
0aef7
0af78
0b00a
0b01d
0b6fc
0ba46
0bacc
0bad0
0bad4
0bad8
0bc2f
0bc33
0bce2
0bce6
0bdf6
0be2f
0be33
0be37
0be3b
0be3f
0be43
0be47
0be4b
0be4f
0be53
0be57
0be5b
0be5f
0be63
0a166
0a16a
0a247
0a39b
0a3a1
0a4f8
0a507
0a52a
0a5b0
0a5bc
0a747
0a74d
0a772
0a77c
0a78e
0a7f9
0a85d
0a869
0a880
0a8d5
0a8e1
0a8f2
0aa26
0acb7
0acc1
0ad3b
0ad74
0ad7e
0ae09
0ae77
0ae80
0aeff
0af0a
0b05c
0b082
0b0eb
0b8a2
0b95e
0bb09
0bb0d
0bb11
0bb15
0bc6c
0bc70
0bd1f
0be2d
0be66
0be6a
0be6e
0be72
0be76
0be7a
0be7e
0be82
0be86
0be8a
0be8e
0be92
0be96
0be9a
0be9e
0a1a5
0a23f
0a269
0a274
0a27e
0a3de
0a563
0a567
0a5f1
0a779
0a782
0a788
0a7ad
0a7b3
0a821
0a825
0a88d
0a8a1
0a8bd
0a8fe
0a911
0a92d
0aa58
0acd2
0ad4a
0ad54
0ad8f
0ae19
0ae21
0ae90
0ae96
0aec7
0af50
0b0d0
0b0eb
0b770
0b94c
0bb42
0bb46
0bb4a
0bb4e
0bca5
0bca9
0bd52
0bd56
0bd84
0be68
0bea1
0bea5
0bea9
0bead
0beb1
0beb5
0beb9
0bebd
0bec1
0bec5
0bec9
0becd
0bed1
0999d
099a8
099ef
099fa
09a11
0a350
0a3ee
0a410
0a41a
0a425
0a57a
0a6f8
0a6fc
0a784
0a7d5
0a7dd
0a7f1
0a8b1
0a8b7
0a8c9
0a8e5
0a98b
0a9ff
0ab26
0ace1
0aceb
0ad65
0ae17
0ae1e
0aea4
0aef2
0aef8
0af15
0b00a
0b0e9
0b0ef
0b0f3
0b0f7
0b0fb
0b322
0b917
0bafc
0bcdc
0bce0
0bcea
0bd86
0bd8a
0be33
0be37
0bed5
0bed9
0bedd
0bee1
0bee5
0bee9
0beed
0bef1
0bef5
0bef9
0befd
0bf01
09a08
09a54
09a58
09a67
0a385
0a389
0a42b
0a452
0a458
0a5b0
0a5bc
0a733
0a7b0
0a7c1
0a7e3
0a7e9
0a7ff
0a807
0a81b
0a8db
0a8ed
0a909
0aa31
0aa98
0acfc
0ad74
0ad7e
0ae30
0aeb3
0aebb
0af01
0af1d
0af64
0b148
0b154
0b158
0b15c
0b160
0b19b
0b361
0b95f
0bd15
0bd19
0bd23
0bd27
0bdc1
0be6a
0be6e
0be72
0bed7
0bf05
0bf09
0bf0d
0bf11
0bf15
0bf19
0bf1d
0bf21
0bf25
0bf29
09a6a
09a76
09ab7
09ac2
09ad9
0a25c
0a464
0a486
0a491
0a49b
0a5f1
0a698
0a6a8
0a76c
0a806
0a810
0a817
0a82d
0a835
0a8f9
0a905
0a916
0aa4d
0aaaf
0ad0b
0ad15
0ad8f
0ae3f
0ae46
0ae58
0aec2
0aec8
0af29
0af8e
0b189
0b1b5
0b1b9
0b1bd
0b1c1
0b20e
0b82f
0bb72
0bd4c
0bd50
0bd5a
0bdf8
0bdfc
0bea1
0bea5
0bf03
0bf2d
0bf31
0bf35
0bf39
0bf3d
0bf41
0bf45
0bf49
0bf4d
0bf51
0bf55
098ba
098c5
098dc
09ad0
0a297
0a29b
0a4a1
0a4c8
0a4ce
0a625
0a634
0a6d8
0a79f
0a7a3
0a837
0a83d
0a853
0a85b
0a86f
0a923
0a935
0a951
0aa7e
0aad4
0ad26
0ad9e
0ada8
0ade0
0ae67
0ae6f
0aed1
0af31
0af78
0afb4
0afba
0afbe
0afc2
0afc6
0b12c
0b298
0b9d9
0bc2f
0bc33
0bc37
0bc3b
0bd8e
0bd92
0be3b
0be3f
0bf2f
0bf59
0bf5d
0bf61
0bf65
0bf69
0bf6d
0bf71
0bf75
0bf79
0bf7d
098cf
098da
09921
0992c
09943
0a2d6
0a3b3
0a4ef
0a501
0a509
0a661
0a686
0a68a
0a712
0a85a
0a865
0a86b
0a881
0a889
0a941
0a94d
0a95e
0a9b1
0aaeb
0ad35
0ad3f
0adb9
0adef
0adf6
0ae7e
0aeda
0aee0
0af3d
0b006
0b01f
0b023
0b027
0b02b
0b05d
0b298
0b8a3
0bac1
0bc6c
0bc70
0bc74
0bdc5
0bdc9
0bdcd
0be76
0bf57
0bf81
0bf85
0bf89
0bf8d
0bf91
0bf95
0bf99
0bf9d
0bfa1
0bfa5
0bfa9
0993a
09986
0998a
09999
0a311
0a315
0a3af
0a3dc
0a3e2
0a53a
0a548
0a6c1
0a743
0a753
0a88b
0a891
0a8a5
0a8ad
0a8bf
0a96b
0a979
0a995
0a9e3
0ab10
0ad50
0adc8
0add2
0ae08
0ae8d
0ae95
0aee9
0af09
0af50
0b06d
0b086
0b08a
0b08e
0b092
0b0d1
0b322
0ba4d
0bca5
0bca9
0bcad
0bcb1
0be00
0be04
0bea9
0bead
0bedb
0bf83
0bfad
0bfb1
0bfb5
0bfb9
0bfbd
0bfc1
0bfc5
0bfc9
0bfcd
098c5
098dc
099ce
09aaf
09ab3
09ad0
09ba2
09baa
09be2
0a4b2
0a4b6
0a552
0a578
0a57f
0a6d1
0a6e1
0a88d
0a8cb
0a8d3
0a8e7
0a989
0a98f
0a9ff
0aacd
0abcf
0ad5f
0ad69
0ade0
0ae8b
0ae92
0aef7
0af32
0af4f
0af9f
0afb8
0afbc
0afc0
0afca
0b00b
0b0d1
0b0d5
0b0d9
0b2e0
0b4a7
0ba84
0be31
0be35
0be39
0be43
0bedd
0bee1
0bfd3
0bfd7
0bfdb
0bfdf
0bfe3
0bfe7
0bfeb
0bfef
0bff3
0bff7
098b4
098cf
098da
09932
09a33
09a37
09be9
09c24
09c32
0a4e9
0a58b
0a5ad
0a5b8
0a5c2
0a712
0a8ac
0a8b9
0a8d9
0a8df
0a8ef
0a8f7
0a90b
0aa31
0aaf2
0ab4a
0ad7a
0adef
0adf6
0aea3
0aeff
0af3a
0af3e
0af5b
0b01b
0b021
0b025
0b02f
0b033
0b136
0b13a
0b13e
0b323
0b327
0b4e0
0bc98
0be6c
0be70
0be7a
0be7e
0bf09
0bfd1
0bff9
0bffd
0c001
0c005
0c009
0c00d
0c011
0c015
0c019
09919
0991d
0993a
09993
099aa
09a98
09c2c
09c34
09c67
0a3c6
0a3ca
0a5c8
0a5ef
0a5f5
0a743
0a753
0a7e5
0a8f6
0a900
0a907
0a917
0a91f
0aa4d
0ab09
0ab60
0ad89
0ad93
0ae08
0aeb1
0aeb8
0aec7
0af0a
0af63
0b06d
0b086
0b08a
0b08e
0b098
0b0c4
0b19b
0b19f
0b1a3
0b364
0b3ab
0b99b
0be9f
0bea3
0bea7
0beb1
0bf31
0bf35
0bffb
0c01f
0c023
0c027
0c02b
0c02f
0c033
0c037
0c03b
0c03f
0988c
09980
09984
099a1
099fa
09a11
09b13
09c6b
09c71
0a403
0a601
0a623
0a62e
0a638
0a784
0a809
0a815
0a921
0a927
0a937
0a93f
0a953
0aa7e
0ab2d
0ab82
0ada4
0ae17
0ae1e
0ae57
0aecf
0af12
0af16
0af6f
0af8e
0af92
0af96
0b0e2
0b0ee
0b0f2
0b0fc
0b100
0b20f
0b213
0b429
0bd0e
0bd8e
0bd92
0bd96
0bd9a
0bf5d
0c01d
0c041
0c045
0c049
0c04d
0c051
0c055
0c059
0c05d
0c061
098f1
098f5
099e9
09a04
09a0f
09a67
09b18
09b20
09b58
0a43c
0a440
0a517
0a65f
0a665
0a7b0
0a7c1
0a839
0a93e
0a949
0a94f
0a95f
0a967
0a9b1
0aa91
0ab98
0adb3
0adbd
0ae30
0ae65
0ae6c
0aedf
0af1e
0af77
0aff3
0aff7
0affb
0afff
0b151
0b157
0b15b
0b165
0b18e
0b256
0b429
0ba0f
0bdc5
0bdc9
0bdcd
0bdd1
0bf85
0bf89
0c043
0c067
0c06b
0c06f
0c073
0c077
0c07b
0c07f
0c083
0c087
0995a
09a4e
09a52
09a6f
09ac2
09ad9
09b5f
09b9a
09ba8
0a479
0a50f
0a537
0a542
0a54c
0a6a0
0a85d
0a869
0a969
0a96f
0a97d
0a985
0a997
0a9e3
0aab6
0abba
0adce
0ae3f
0ae46
0ae7d
0aee7
0af26
0af2a
0af47
0b05a
0b05e
0b062
0b066
0b1b2
0b1b8
0b1bc
0b1c6
0b299
0b29d
0b4a7
0bc1c
0be00
0be04
0be08
0be0c
0bfad
0bfd5
0c065
0c089
0c08d
0c091
0c095
0c099
0c09d
0c0a1
0c0a5
09a22
09a35
09a5c
09a66
09a74
09b2e
09b4c
09b59
09b64
09c24
09cea
09cf7
09f20
0a9bd
0aa74
0aa7f
0ac41
0ae2e
0af2d
0b05a
0b12d
0b13a
0b14c
0b16b
0b190
0b1cb
0b238
0b280
0b289
0b2a2
0b31c
0b3cf
0b3ec
0b3f0
0b412
0b42b
0b42f
0b4d4
0b59f
0b5c8
0b5dd
0b678
0b67e
0b694
0b788
0b7e7
0b7f4
0b804
0b808
0b92d
0ba1b
0c0ab
0c0af
0c0b3
0c0b7
0c0bb
0c0bf
0c0c3
0c0c7
0c0cb
0c0cf
09a87
09a9e
09ac5
09acf
09ad8
09b83
09b97
09ba5
09bad
09d21
09d32
09d3a
0a9af
0a9ba
0a9e0
0ac52
0ae3b
0ae7b
0af55
0af9f
0afa7
0b05e
0b194
0b1ab
0b1cd
0b27a
0b2a4
0b2d0
0b2e5
0b34c
0b363
0b40e
0b433
0b437
0b453
0b46a
0b46e
0b50e
0b5df
0b604
0b61a
0b697
0b6bb
0b6d1
0b7c1
0b80a
0b831
0b841
0b845
0b9ad
0c0d0
0c0d4
0c0d8
0c0dc
0c0e0
0c0e4
0c0e8
0c0ec
0c0f0
0c0f4
0988c
0989c
098be
098ca
098d8
09b10
09bc8
09bdc
09bea
09bf3
09d68
09d74
09e2c
0a9d9
0a9e5
0aa0b
0abed
0adde
0af41
0af82
0afa5
0afae
0afd0
0b006
0b00e
0b0d2
0b207
0b2c0
0b2e9
0b315
0b32a
0b3d4
0b462
0b474
0b478
0b49b
0b4ab
0b4af
0b5fe
0b61e
0b63e
0b699
0b6d4
0b6f8
0b70e
0b824
0b865
0b87c
0b880
0b921
0ba8f
0c0f9
0c0fd
0c101
0c105
0c109
0c10d
0c111
0c115
0c119
0c11d
09901
09908
0992e
09939
09942
09c08
09c1c
09c28
09c34
09d9f
09db0
09db8
0a9fd
0aa08
0aa2e
0abfe
0adeb
0aea1
0af69
0aff8
0b010
0b017
0b039
0b073
0b09c
0b243
0b254
0b307
0b34d
0b356
0b36b
0b48c
0b4b1
0b4b5
0b4cc
0b4e2
0b4e6
0b50a
0b519
0b588
0b655
0b6f2
0b735
0b740
0b74d
0b861
0b8a5
0b8b9
0b8bd
0b959
0c11e
0c122
0c126
0c12a
0c12e
0c132
0c136
0c13a
0c13e
0c142
0995a
0996a
0998c
09998
099a6
09b9a
09c4c
09c60
09c6e
09c77
09de0
09dec
09ea6
0aa27
0aa33
0aa59
0ac17
0ae06
0af19
0b055
0b060
0b078
0b086
0b0a1
0b0c7
0b104
0b1f3
0b200
0b217
0b291
0b36c
0b390
0b39c
0b3af
0b3b3
0b4da
0b4ec
0b4f0
0b528
0b554
0b563
0b713
0b74e
0b77b
0b78a
0b82a
0b8c1
0b8ec
0b8f8
0b8fc
0ba64
0c147
0c14b
0c14f
0c153
0c157
0c15b
0c15f
0c163
0c167
0c16b
099bc
099d6
099fc
09a07
09a10
09af9
09b0d
09b1b
09b24
09ca3
09cb4
09cbc
0aa4b
0aa56
0aa7c
0ac28
0ae13
0ae55
0af7d
0b0bd
0b0c9
0b0e3
0b105
0b129
0b148
0b1eb
0b21a
0b23d
0b25e
0b2ca
0b2df
0b3a5
0b3b7
0b3bb
0b3db
0b3f6
0b3fa
0b547
0b567
0b592
0b60d
0b76c
0b7a9
0b7b4
0b7c5
0b8db
0b919
0b92f
0b933
0b9d3
0c145
0c16f
0c173
0c177
0c17b
0c17f
0c183
0c187
0c18b
0c18f
09bff
09c09
09c1b
09c28
09c34
09cc6
09cde
09ceb
09cf7
09dad
09e62
09e6c
0a078
0a9fb
0aa9b
0ab26
0ab2d
0acbc
0aea1
0b012
0b13c
0b306
0b311
0b31e
0b331
0b350
0b3ce
0b3ed
0b416
0b42c
0b495
0b547
0b565
0b56c
0b58a
0b59f
0b5a8
0b644
0b711
0b735
0b74b
0b7e6
0b7ee
0b802
0b900
0b955
0b961
0b973
0b977
0ba9d
0bb81
0c0ad
0c121
0c194
0c198
0c19c
0c1a0
0c1a4
0c1a8
0c1ac
0c1b0
09c42
09c4d
09c61
09c6e
09c77
09d13
09d25
09d2c
09d3a
09e98
09ea6
09eae
0a9b3
0aa22
0aa94
0aa9f
0aabc
0acd7
0af73
0b079
0b19e
0b1fc
0b215
0b34f
0b35c
0b370
0b40f
0b453
0b460
0b47a
0b4dd
0b584
0b5a0
0b5af
0b5c8
0b5dc
0b5e5
0b67c
0b74e
0b772
0b78a
0b809
0b82b
0b83f
0b937
0b979
0b99e
0b9b0
0b9b4
0bb17
0c0d1
0c0d5
0c192
0c1b4
0c1b8
0c1bc
0c1c0
0c1c4
0c1c8
0c1cc
09aea
09af5
09b07
09b14
09b1f
09cb1
09d52
09d64
09d6b
09d79
09edc
09ee6
09f8a
0aa05
0aaaf
0aab6
0aad7
0ac68
0ae55
0afa8
0b0cb
0b1ec
0b204
0b20a
0b21e
0b248
0b39e
0b44c
0b473
0b49b
0b4aa
0b54c
0b5d6
0b5ea
0b5ee
0b60f
0b620
0b624
0b76c
0b790
0b7ac
0b80c
0b846
0b868
0b87c
0b992
0b9d5
0b9eb
0b9ef
0ba8f
0bbf1
0c0fa
0c16e
0c1d0
0c1d4
0c1d8
0c1dc
0c1e0
0c1e4
0c1e8
0c1ec
09b36
09b3f
09b53
09b60
09b69
09d8e
09d9e
09da8
09db3
09f12
09f20
09f28
0aa01
0aa6f
0aad0
0aadb
0aaf8
0ac83
0af4b
0b06f
0b14d
0b243
0b24c
0b25b
0b288
0b2a0
0b3e6
0b48d
0b4cc
0b4d8
0b4f2
0b5fe
0b61d
0b629
0b63c
0b650
0b659
0b678
0b687
0b6f6
0b7c7
0b860
0b8a4
0b8b0
0b8c2
0b9cf
0ba12
0ba28
0ba2c
0bac7
0c0b1
0c123
0c1cf
0c1f0
0c1f4
0c1f8
0c1fc
0c200
0c204
0c208
09b74
09b7f
09b91
09b9e
09ba9
09d2f
09dca
09ddc
09de3
09df1
09f50
09f5a
0a004
0aa3f
0aaeb
0aaf2
0ab13
0ac92
0ae7b
0b077
0b196
0b27c
0b28e
0b294
0b2a8
0b2cc
0b38f
0b396
0b3ad
0b41c
0b4ea
0b50a
0b517
0b52c
0b530
0b64a
0b65e
0b662
0b697
0b6c2
0b6d1
0b886
0b8c0
0b8e9
0b8f6
0b996
0ba30
0ba5a
0ba67
0ba6b
0bbc8
0c127
0c14c
0c20c
0c210
0c214
0c218
0c21c
0c220
0c224
0c228
09bbe
09bc9
09bdd
09bea
09bf3
09c95
09ca7
09cae
09cbc
09e1e
09e2c
09e34
0aa4c
0aa81
0ab0c
0ab17
0ab34
0acad
0af5f
0afb1
0b136
0b2c9
0b2d6
0b2e9
0b30e
0b32a
0b38b
0b3d3
0b3dc
0b3fd
0b465
0b51f
0b533
0b537
0b554
0b570
0b574
0b6b5
0b6d9
0b701
0b77b
0b8da
0b918
0b924
0b938
0ba49
0ba87
0ba9e
0baa2
0bb3d
0c0ff
0c171
0c193
0c22b
0c22f
0c233
0c237
0c23b
0c23f
0c243
09d85
09d8c
09d9b
09da8
09db3
09e3e
09e5a
09e65
09e6c
09f0e
09fcf
09fdb
0a1f0
0aa2c
0aaa0
0ab4d
0abcf
0abd5
0ad3a
0b06f
0b24d
0b48c
0b497
0b4a5
0b4bb
0b4d1
0b545
0b569
0b58c
0b5a6
0b609
0b6b5
0b6d4
0b6dd
0b6f7
0b70d
0b719
0b7b2
0b87e
0b8a4
0b8b9
0b954
0b95c
0b972
0ba6f
0bac3
0bacd
0badf
0bae3
0bbff
0bce3
0c123
0c194
0c246
0c24a
0c24e
0c252
0c256
0c25a
0c25e
0c262
09dc3
09dcd
09dd9
09de5
09df1
09e89
09e9d
09ea4
09eae
0a006
0a011
0a01c
0aa25
0aa93
0aabe
0ab47
0ab51
0ab6c
0ad55
0b28a
0b351
0b39b
0b3ad
0b4d0
0b4dc
0b4ec
0b586
0b5c8
0b5d4
0b5f0
0b64d
0b6f2
0b711
0b71f
0b735
0b74a
0b756
0b7ec
0b8bb
0b8e0
0b8f6
0b978
0b999
0b9af
0baa6
0bae5
0bb08
0bb1a
0bb1e
0bc79
0c11f
0c14b
0c1b4
0c264
0c268
0c26c
0c270
0c274
0c278
0c27c
09c87
09c93
09c9f
09cac
09cb7
09e1a
09ec6
09eda
09ee1
09eeb
0a048
0a054
0a0fd
0aa79
0aac4
0ab60
0ab66
0ab85
0ace6
0b129
0b2ca
0b38a
0b3a2
0b3a9
0b3c0
0b3e0
0b51b
0b5c0
0b5e9
0b60d
0b620
0b6bc
0b744
0b75a
0b75e
0b77c
0b790
0b795
0b8da
0b8fe
0b91b
0b97b
0b9b5
0b9d6
0b9ec
0bafe
0bb3f
0bb53
0bb57
0bbf1
0bd53
0c170
0c1d0
0c263
0c282
0c286
0c28a
0c28e
0c292
0c296
0c29a
09cce
09cd7
09ce6
09cef
09cfb
09f00
09f13
09f1c
09f23
0a081
0a08b
0a095
0a9bf
0aacf
0aafa
0ab7f
0ab89
0aba4
0ad01
0b286
0b31c
0b3dd
0b3e4
0b3ed
0b41a
0b42c
0b55e
0b600
0b63c
0b648
0b664
0b76c
0b787
0b799
0b7a9
0b7c2
0b7ca
0b7e6
0b7f6
0b866
0b931
0b9ce
0ba11
0ba1e
0ba31
0bb39
0bb78
0bb8e
0bb92
0bc29
0c0ab
0c16d
0c1f0
0c29c
0c2a0
0c2a4
0c2a8
0c2ac
0c2b0
0c2b4
09d03
09d11
09d1d
09d2a
09d36
09e91
09f3a
09f4e
09f55
09f5f
0a0bc
0a0c8
0a177
0a9de
0ab00
0ab98
0ab9e
0abbd
0ad10
0b193
0b34c
0b40e
0b420
0b427
0b43e
0b458
0b508
0b510
0b525
0b594
0b654
0b678
0b684
0b69c
0b6a1
0b7b8
0b7ce
0b7d2
0b804
0b830
0b83f
0b9f5
0ba2f
0ba57
0ba66
0bb02
0bb96
0bbbe
0bbcb
0bbcf
0bd2a
0c0d2
0c20c
0c29b
0c2ba
0c2be
0c2c2
0c2c6
0c2ca
0c2ce
0c2d2
09d4a
09d55
09d61
09d6d
09d79
09e0f
09e23
09e2a
09e34
09f8d
09f97
09fa2
0a9d7
0ab0b
0ab35
0abb7
0abc1
0abdc
0ad2b
0b1ff
0b30a
0b455
0b462
0b473
0b492
0b4aa
0b506
0b54b
0b557
0b577
0b5d9
0b68d
0b6a3
0b6a7
0b6c2
0b6d9
0b6e4
0b823
0b847
0b86f
0b8e9
0ba48
0ba86
0ba92
0baa7
0bbaf
0bbe8
0bc00
0bc04
0bc9f
0c0db
0c102
0c22b
0c2d3
0c2d7
0c2db
0c2df
0c2e3
0c2e7
0c2eb
09ef7
09f00
09f0a
09f1a
09f23
09fac
09fc3
09fd3
09fdb
0a081
0a13c
0a148
0a35f
0a9d1
0aaf4
0ab52
0abee
0ac53
0adb8
0b286
0b3e7
0b5fe
0b60a
0b617
0b62f
0b63e
0b6b4
0b6db
0b6f8
0b70f
0b777
0b823
0b846
0b84f
0b864
0b87b
0b880
0b920
0b9e9
0ba11
0ba29
0bac2
0baca
0bade
0bbd3
0bc25
0bc2f
0bc41
0bc45
0bd61
0be3b
0c0fd
0c104
0c108
0c1f2
0c2ee
0c2f2
0c2f6
0c2fa
0c2fe
0c302
09f33
09f3d
09f4a
09f56
09f5f
09ff7
0a00c
0a013
0a01c
0a171
0a17f
0a18a
0a9f5
0aaed
0ab46
0ab6e
0abf0
0ac06
0add3
0b41c
0b4d2
0b515
0b525
0b640
0b64c
0b65e
0b6f4
0b735
0b740
0b755
0b7bb
0b860
0b883
0b88d
0b8a4
0b8b8
0b8bd
0b958
0ba26
0ba4e
0ba66
0bae4
0bb05
0bb19
0bc08
0bc47
0bc6a
0bc7c
0bc80
0bdd5
0c11f
0c129
0c12d
0c20c
0c265
0c305
0c309
0c30d
0c311
0c315
09e01
09e0e
09e16
09e26
09e2f
09f8d
0a034
0a049
0a050
0a059
0a1b6
0a1c3
0a26c
0aa1f
0ab2f
0ab73
0abff
0ac18
0ad64
0b30a
0b456
0b504
0b51d
0b523
0b53b
0b556
0b688
0b72e
0b75a
0b77b
0b78b
0b82a
0b8b2
0b8c8
0b8cc
0b8eb
0b8f8
0b8fc
0ba48
0ba6c
0ba89
0bae7
0bb1f
0bb40
0bb54
0bc60
0bca1
0bcb5
0bcb9
0bd53
0bea9
0c14c
0c152
0c156
0c22d
0c318
0c31c
0c320
0c324
0c328
0c32c
09e47
09e4f
09e5f
09e68
09e70
0a06e
0a07c
0a08a
0a091
0a1eb
0a1f9
0a204
0aa43
0aaa0
0ab7e
0aba6
0ac1a
0ac30
0ad7f
0b418
0b4a4
0b555
0b55c
0b569
0b590
0b5a4
0b6cc
0b76e
0b7a9
0b7b4
0b7c9
0b8da
0b8fd
0b907
0b918
0b92e
0b933
0b954
0b963
0b9d2
0ba9c
0bb38
0bb77
0bb84
0bb97
0bc9b
0bcda
0bcf0
0bcf4
0bd87
0c16c
0c176
0c17a
0c194
0c29d
0c32f
0c333
0c337
0c33b
0c33f
09e7b
09e87
09e94
09ea0
09ea9
0a006
0a0a8
0a0bd
0a0c4
0a0cd
0a22a
0a236
0a2e6
0aa6c
0aab8
0abab
0ac29
0ac42
0ad8e
0b351
0b4cf
0b584
0b596
0b59d
0b5b5
0b5ca
0b677
0b67d
0b693
0b702
0b7be
0b7e6
0b7f3
0b804
0b808
0b926
0b93c
0b940
0b96f
0b99d
0b9af
0bb5d
0bb95
0bbbb
0bbca
0bc64
0bcf8
0bd20
0bd2d
0bd31
0be80
0c0b0
0c0b7
0c0bb
0c1b6
0c342
0c346
0c34a
0c34e
0c352
0c356
09ebf
09ec9
09ed6
09ee2
09eeb
09f7d
09f92
09f99
09fa2
0a0f7
0a105
0a110
0a9a7
0aab1
0abb6
0abdd
0ac44
0ac5a
0ada9
0b39f
0b490
0b5c9
0b5d6
0b5e9
0b604
0b61a
0b674
0b6b9
0b6c3
0b6e1
0b747
0b7fb
0b811
0b815
0b830
0b841
0b845
0b991
0b9b5
0b9dd
0ba57
0bbae
0bbe7
0bbf4
0bc09
0bd11
0bd4b
0bd62
0bd66
0bdf9
0c0d2
0c0db
0c0df
0c1d0
0c2d4
0c359
0c35d
0c361
0c365
0c369
0a065
0a06f
0a07b
0a08a
0a091
0a11a
0a133
0a140
0a148
0a1f3
0a2a9
0a2b6
0a4c3
0aaa8
0ab7e
0abe1
0ac6c
0acd1
0ae34
0b418
0b55f
0b76c
0b778
0b785
0b79e
0b7ac
0b822
0b84d
0b868
0b87d
0b8e5
0b991
0b9b5
0b9bd
0b9d4
0b9e9
0b9ef
0ba8e
0bb51
0bb77
0bb8f
0bc24
0bc2c
0bc40
0bd35
0bd83
0bd8d
0bd9f
0bda3
0beb7
0bf5b
0c1b7
0c1d6
0c1da
0c29f
0c36c
0c370
0c374
0c378
0c37c
0c380
0a0a0
0a0ab
0a0bb
0a0c5
0a0cd
0a165
0a175
0a181
0a18a
0a2de
0a2ed
0a2f8
0a9f9
0aac8
0abbc
0ac07
0ac6e
0ac84
0ae4b
0b594
0b642
0b682
0b693
0b7ad
0b7ba
0b7cf
0b862
0b8a4
0b8b0
0b8c7
0b929
0b9ce
0b9f2
0b9fb
0ba11
0ba26
0ba2c
0bac6
0bb8c
0bbb2
0bbca
0bc46
0bc67
0bc7b
0bd6a
0bda5
0bdc7
0bdd8
0bddc
0bf0d
0c123
0c1f0
0c1f6
0c2b8
0c304
0c383
0c387
0c38b
0c38f
0c393
09f70
09f7b
09f85
09f96
09f9d
0a0ff
0a1a2
0a1b2
0a1be
0a1c7
0a323
0a330
0a3d8
0aae4
0abb6
0ac0b
0ac7d
0ac96
0ade4
0b490
0b5cd
0b672
0b68a
0b691
0b6aa
0b6c5
0b7f7
0b89c
0b8c8
0b8e9
0b8f7
0b996
0ba20
0ba36
0ba3a
0ba59
0ba67
0ba6b
0bbae
0bbd0
0bbea
0bc49
0bc81
0bca2
0bcb6
0bdbc
0bdfb
0be0f
0be13
0bea9
0bfab
0c1f3
0c212
0c216
0c2d6
0c396
0c39a
0c39e
0c3a2
0c3a6
0c3aa
09fb5
09fbd
09fce
09fd7
09fdf
0a1dc
0a1ea
0a1f8
0a1ff
0a358
0a367
0a372
0aa45
0ab04
0abd1
0ac31
0ac98
0acae
0adfb
0b58e
0b616
0b6c4
0b6ca
0b6db
0b6fe
0b717
0b83a
0b8dc
0b918
0b924
0b93b
0ba48
0ba6c
0ba75
0ba86
0ba9a
0baa2
0bac2
0bacf
0bb3c
0bbfe
0bc9a
0bcd9
0bce6
0bcf9
0bdf5
0be32
0be48
0be4c
0bedd
0c171
0c22b
0c231
0c248
0c32e
0c3ad
0c3b1
0c3b5
0c3b9
0c3bd
09fea
09ff5
09fff
0a010
0a018
0a178
0a216
0a228
0a232
0a23b
0a396
0a3a4
0a44e
0ab1f
0ab46
0ac35
0aca7
0acc0
0ae0c
0b4d2
0b641
0b6f2
0b704
0b70b
0b724
0b738
0b7e5
0b7ec
0b801
0b870
0b92c
0b954
0b960
0b973
0b977
0ba94
0baaa
0baae
0badb
0bb07
0bb19
0bcbf
0bcf7
0bd1d
0bd2c
0bdc0
0be50
0be76
0be83
0be87
0bf8b
0c195
0c19b
0c19f
0c267
0c3c0
0c3c4
0c3c8
0c3cc
0c3d0
0c3d4
0a02c
0a037
0a047
0a051
0a059
0a0eb
0a0fb
0a107
0a110
0a264
0a273
0a27e
0a9ab
0aa8c
0ab84
0ac5b
0acc2
0acd8
0ae23
0b51c
0b603
0b737
0b744
0b75a
0b772
0b78f
0b7e2
0b827
0b831
0b853
0b8b5
0b969
0b97f
0b983
0b99d
0b9b0
0b9b4
0bafd
0bb1f
0bb45
0bbbb
0bd10
0bd4a
0bd56
0bd6b
0be67
0bea0
0beb8
0bebc
0bf31
0c0d4
0c1b4
0c1ba
0c280
0c358
0c3d7
0c3db
0c3df
0c3e3
0c3e7
0a1d3
0a1dc
0a1e7
0a1f8
0a1ff
0a288
0a2a2
0a2ae
0a2b6
0a354
0a413
0a420
0a625
0aaab
0ab5b
0ac5f
0acea
0ad4f
0aea7
0b0ef
0b58e
0b6cd
0b8da
0b8e6
0b8f3
0b90c
0b91b
0b990
0b9bb
0b9d6
0b9ed
0ba53
0bafd
0bb1f
0bb27
0bb3e
0bb51
0bb57
0bbf0
0bcb3
0bcd9
0bcf1
0bd82
0bd8a
0bd9e
0be8b
0bed9
0bee4
0bee8
0bf5b
0bfd9
0c268
0c285
0c289
0c330
0c3ea
0c3ee
0c3f2
0c3f6
0c3fa
0c3fe
0a20f
0a219
0a225
0a233
0a23b
0a2d3
0a2e4
0a2ef
0a2f8
0a446
0a455
0a460
0aa6b
0ab75
0ac40
0ac85
0acec
0ad02
0aebd
0b164
0b702
0b7af
0b7f2
0b801
0b91c
0b928
0b93d
0b9d0
0ba11
0ba1e
0ba35
0ba97
0bb38
0bb5a
0bb63
0bb77
0bb8c
0bb92
0bc28
0bcee
0bd15
0bd2c
0bda4
0bdc3
0bdd7
0bec0
0beec
0bf0e
0bf12
0bf85
0c1ef
0c29e
0c2a3
0c342
0c382
0c401
0c405
0c409
0c40d
0c411
0a0db
0a0ea
0a0f3
0a104
0a10c
0a260
0a310
0a321
0a32c
0a335
0a489
0a497
0a53a
0aae7
0ab93
0ac89
0acfb
0ad14
0ae5b
0b1b7
0b603
0b73a
0b7e0
0b7f9
0b7ff
0b818
0b833
0b964
0ba0a
0ba36
0ba57
0ba67
0bb02
0bb86
0bb9c
0bba0
0bbbd
0bbcb
0bbcf
0bd10
0bd32
0bd4d
0bda7
0bddd
0bdfc
0be10
0bf03
0bf33
0bf3a
0bf3e
0c021
0c2a0
0c2bd
0c2c1
0c35a
0c414
0c418
0c41c
0c420
0c424
0c428
0a123
0a12b
0a135
0a145
0a14d
0a34a
0a359
0a366
0a36e
0a4bc
0a4cb
0a4d6
0a9d0
0abad
0abec
0acaf
0ad16
0ad2c
0ae71
0afc8
0b6fd
0b784
0b832
0b838
0b84d
0b86c
0b889
0b9a8
0ba4a
0ba86
0ba92
0baa9
0bbae
0bbd0
0bbd9
0bbe7
0bbfc
0bc04
0bc24
0bc31
0bc9e
0bd60
0bdf4
0be31
0be3e
0be51
0bf2d
0bf5d
0bf64
0bf68
0c22a
0c2d5
0c2da
0c2ee
0c3ac
0c42b
0c42f
0c433
0c437
0c43b
0a155
0a163
0a16d
0a17e
0a186
0a2da
0a384
0a397
0a3a0
0a3a9
0a4f8
0a506
0a5b0
0ab22
0abca
0acb3
0ad25
0ad3e
0ae81
0b021
0b642
0b7ae
0b860
0b872
0b879
0b892
0b8a7
0b953
0b95a
0b971
0b9de
0ba9c
0bac2
0bacc
0badf
0bae3
0bbf6
0bc0c
0bc10
0bc3d
0bc69
0bc7b
0be19
0be4f
0be73
0be82
0bf07
0bf6a
0bf8c
0bf90
0c069
0c249
0c24e
0c252
0c306
0c43e
0c442
0c446
0c44a
0c44e
0c452
0a19b
0a1a5
0a1af
0a1bf
0a1c7
0a259
0a26a
0a275
0a27e
0a3d0
0a3df
0a3ea
0aa1e
0ab3d
0ac16
0acd9
0ad40
0ad56
0ae97
0b096
0b689
0b770
0b8a6
0b8b2
0b8c8
0b8e0
0b902
0b950
0b995
0b99e
0b9c1
0ba23
0bad5
0baeb
0baef
0bb07
0bb1a
0bb1e
0bc5f
0bc81
0bca7
0bd1d
0be66
0be9f
0beac
0bec1
0bf81
0bfad
0bfb6
0bfba
0c1b3
0c266
0c26b
0c318
0c3d6
0c455
0c459
0c45d
0c461
0c465
0a341
0a34a
0a357
0a366
0a36e
0a3f4
0a40c
0a418
0a420
0a4b8
0a575
0a582
0a77b
0ab5c
0abfa
0acdd
0ad68
0adcd
0aef6
0afca
0b0d6
0b0ef
0b6fd
0b83b
0ba48
0ba54
0ba61
0ba7a
0ba89
0bafc
0bb25
0bb40
0bb55
0bbb7
0bc5f
0bc81
0bc89
0bca0
0bcb3
0bcb9
0bd52
0be0d
0be31
0be49
0bed8
0bee0
0beed
0bfb3
0bfda
0bfde
0c08b
0c307
0c31d
0c321
0c3ae
0c468
0c46c
0c470
0c474
0c478
0c47c
0a37d
0a387
0a394
0a3a1
0a3a9
0a43b
0a44c
0a457
0a460
0a5a8
0a5b7
0a5c2
0ab22
0ac0d
0acbe
0ad03
0ad6a
0ad80
0af05
0b03c
0b143
0b164
0b870
0b91e
0b95f
0b971
0ba8a
0ba96
0baab
0bb3a
0bb77
0bb84
0bb9b
0bbf9
0bc9a
0bcbc
0bcc5
0bcd9
0bcee
0bcf4
0bd86
0be46
0be6a
0be82
0beeb
0bf0a
0bf17
0bfd1
0bffe
0c002
0c29d
0c32f
0c334
0c3c0
0c400
0c47f
0c483
0c487
0c48b
0c48f
0a24b
0a257
0a263
0a272
0a279
0a3cc
0a476
0a487
0a492
0a49b
0a5eb
0a5f8
0a698
0ab94
0ac24
0ad07
0ad79
0ad92
0aec6
0b098
0b1a0
0b1b7
0b770
0b8a9
0b94e
0b966
0b96d
0b986
0b9a0
0bad0
0bb72
0bb9c
0bbbb
0bbcb
0bc64
0bce8
0bcfe
0bd02
0bd1f
0bd2d
0bd31
0be66
0be88
0bea2
0beee
0bf15
0bf34
0bf41
0c006
0c024
0c028
0c331
0c347
0c34b
0c3d8
0c492
0c496
0c49a
0c49e
0c4a2
0c4a6
0a290
0a299
0a2a4
0a2b3
0a2bb
0a4ae
0a4bd
0a4ca
0a4d2
0a61e
0a62d
0a638
0aaab
0ac37
0ac6a
0ad2d
0ad94
0adaa
0aed5
0af9a
0afc8
0b10a
0b86b
0b8f2
0b99f
0b9a6
0b9bb
0b9da
0b9f7
0bb12
0bbb0
0bbe7
0bbf4
0bc0b
0bd10
0bd32
0bd3b
0bd4a
0bd5e
0bd66
0bd82
0bd8f
0bdf8
0beb6
0bf2c
0bf5a
0bf63
0c01d
0c046
0c04a
0c2d4
0c359
0c35e
0c36c
0c42a
0c4a9
0c4ad
0c4b1
0c4b5
0c4b9
0a2c5
0a2d1
0a2dd
0a2ec
0a2f3
0a442
0a4e6
0a4f9
0a502
0a50b
0a65a
0a668
0a70a
0abcb
0ac4e
0ad31
0ada3
0adbc
0aede
0affb
0b021
0b166
0b7af
0b91d
0b9ce
0b9e0
0b9e7
0ba00
0ba14
0bac1
0bac8
0badd
0bb46
0bbfe
0bc24
0bc2e
0bc41
0bc45
0bd58
0bd6e
0bd72
0bd9b
0bdc6
0bdd7
0bf42
0bf69
0bf88
0bf97
0c04e
0c06c
0c070
0c2ef
0c2f4
0c2f8
0c384
0c4bc
0c4c0
0c4c4
0c4c8
0c4cc
0c4d0
0a308
0a313
0a31e
0a32d
0a335
0a3c5
0a3d6
0a3e1
0a3ea
0a532
0a541
0a54c
0aae7
0abe3
0ac94
0ad57
0adbe
0add4
0aeed
0b068
0b096
0b1d2
0b7f8
0b8df
0ba13
0ba20
0ba36
0ba4e
0ba71
0babe
0bb01
0bb08
0bb2b
0bb89
0bc37
0bc4d
0bc51
0bc69
0bc7c
0bc80
0bdbb
0bddd
0be01
0be73
0bf80
0bfaa
0bfb5
0c065
0c08c
0c090
0c265
0c305
0c30a
0c396
0c454
0c4d3
0c4d7
0c4db
0c4df
0c4e3
0a4a5
0a4ae
0a4bb
0a4ca
0a4d2
0a556
0a56e
0a57a
0a582
0a61a
0a6d1
0a6de
0a886
0abfb
0ac78
0ad5b
0ade2
0ae48
0af33
0af8a
0afac
0afbb
0afcb
0afd7
0afdb
0b0dc
0b220
0b86b
0b9a9
0bbae
0bbb8
0bbc5
0bbde
0bc00
0bc5f
0bc8e
0bca4
0bcbe
0bd25
0bdce
0bde3
0bde7
0bdfe
0be11
0be15
0bf2c
0bf3f
0bf6e
0bfd5
0bfe3
0c08b
0c31a
0c39a
0c39e
0c42a
0c46a
0c4e9
0c4ed
0c4f1
0c4f5
0c4f9
0a4de
0a4e9
0a4f6
0a503
0a50b
0a59d
0a5ae
0a5b9
0a5c2
0a702
0a711
0a71c
0abcb
0ac8b
0ad3c
0ad81
0ade7
0adfc
0af42
0afdc
0b013
0b022
0b032
0b03e
0b042
0b143
0b318
0b9de
0ba8c
0bacc
0bae9
0bbed
0bbfa
0bc13
0bcbc
0bcda
0bcf0
0bd4e
0bd86
0be07
0be1d
0be21
0be3c
0be4a
0be4e
0bf56
0bf69
0bf98
0bfe2
0c007
0c249
0c3ac
0c3b1
0c3b5
0c47d
0c4fb
0c4ff
0c503
0c507
0c50b
0a3b9
0a3c3
0a3cf
0a3de
0a3e6
0a52e
0a5d8
0a5e9
0a5f4
0a5fd
0a743
0a750
0a7df
0ac25
0aca2
0ad85
0adf8
0ae0a
0af0b
0aff1
0b06a
0b085
0b095
0b0a2
0b0a7
0b1a0
0b2aa
0b8df
0ba16
0babc
0bad2
0bad9
0baf2
0bb18
0bc33
0bcd5
0bd04
0bd1f
0bd36
0be2d
0be4f
0be58
0be6a
0be7f
0be85
0bf06
0bf8a
0bfb4
0bfe5
0c006
0c02b
0c344
0c3c4
0c3c8
0c454
0c494
0c511
0c515
0c519
0c51d
0c521
0a3fa
0a403
0a40e
0a41d
0a425
0a610
0a61f
0a62c
0a633
0a774
0a783
0a78e
0ab5c
0acb5
0ace8
0adab
0ae0f
0ae24
0af1a
0af9a
0b0aa
0b0de
0b0f0
0b100
0b10c
0b110
0b2ef
0b9d8
0ba60
0bb09
0bb10
0bb25
0bb44
0bb60
0bc75
0bd32
0bd4b
0bd62
0bdf8
0be79
0be8f
0be93
0beaa
0beba
0bebe
0bee4
0bf31
0bfb3
0c01d
0c047
0c281
0c3d6
0c3db
0c3df
0c4a7
0c523
0c527
0c52b
0c52f
0c533
0a42f
0a439
0a445
0a454
0a45c
0a5a4
0a648
0a65b
0a664
0a66d
0a7b0
0a7be
0a833
0ac4f
0accc
0adaf
0ae20
0ae32
0af1f
0affb
0b0bf
0b134
0b153
0b163
0b170
0b175
0b23e
0b91e
0ba8b
0bb38
0bb48
0bb4f
0bb68
0bb8e
0bc24
0bc2c
0bc41
0bca9
0bd6e
0bd88
0bd9b
0bda1
0be3a
0beb6
0bec6
0bed4
0beeb
0bf1a
0c02d
0c04e
0c075
0c2f0
0c371
0c375
0c400
0c4be
0c539
0c53d
0c541
0c545
0c549
0a46e
0a479
0a484
0a493
0a49b
0a527
0a538
0a543
0a54c
0a690
0a69f
0a6aa
0ab94
0ac61
0ad12
0add5
0ae37
0ae4c
0af2e
0b068
0b178
0b1a8
0b1b8
0b1c8
0b1d5
0b1d9
0b373
0b965
0ba4c
0bb79
0bb86
0bb9c
0bbb4
0bbd6
0bc46
0bc65
0bc7a
0bcdd
0bd7e
0bda4
0bdad
0bdc1
0bdd4
0bdda
0be73
0bf0c
0bf38
0bf85
0c065
0c08d
0c2b9
0c382
0c387
0c38b
0c4d1
0c54b
0c54f
0c553
0c557
0c55b
0a608
0a610
0a61d
0a62c
0a633
0a6b2
0a6ca
0a6d6
0a6de
0a770
0a809
0a817
0a964
0ac79
0acf6
0add8
0ae59
0aeba
0af6f
0af8a
0af96
0afa6
0afcd
0b15d
0b1b6
0b1cd
0b1f7
0b20e
0b221
0b225
0b374
0b45f
0bb0c
0bd0f
0bd19
0bd25
0bd3a
0bd4d
0bdbb
0bdea
0bdfe
0be18
0be7b
0bf15
0bf1d
0bf32
0bf3a
0bf3e
0c01c
0c029
0c052
0c358
0c415
0c41a
0c41e
0c4e6
0c560
0c564
0c568
0c56c
0c570
0a641
0a64b
0a658
0a665
0a66d
0a6f7
0a708
0a713
0a71c
0a82b
0a83a
0a845
0ac4f
0ad09
0adba
0adfd
0ae5e
0ae72
0af7e
0afba
0afdc
0affd
0b00d
0b034
0b1be
0b1ec
0b23c
0b252
0b266
0b26a
0b400
0ba0f
0bb4e
0bc26
0bc3f
0bd4e
0bd5a
0bd6f
0be16
0be32
0be48
0bea3
0bedc
0bf3f
0bf48
0bf5c
0bf64
0bf68
0c044
0c06a
0c16e
0c3ad
0c42d
0c431
0c4bd
0c571
0c575
0c579
0c57d
0c581
0a51b
0a525
0a531
0a540
0a547
0a68c
0a730
0a741
0a74c
0a755
0a85d
0a86a
0a8d5
0aca3
0ad20
0ae00
0ae6e
0ae7f
0af47
0afc2
0aff1
0b02f
0b061
0b069
0b082
0b0a5
0b25a
0b288
0b2a1
0b2ad
0b357
0b4d5
0bb7b
0bc1d
0bc32
0bc39
0bc4e
0bc6c
0bd90
0be2d
0be5c
0be75
0be8c
0bf56
0bf70
0bf74
0bf8a
0bf90
0c064
0c071
0c096
0c304
0c43f
0c444
0c448
0c50e
0c586
0c58a
0c58e
0c592
0c596
0a55c
0a565
0a570
0a57f
0a587
0a766
0a775
0a782
0a789
0a87f
0a88e
0a899
0abfb
0ad33
0ad66
0ae25
0ae84
0ae98
0af56
0b046
0b088
0b0aa
0b0d5
0b0dd
0b102
0b1f6
0b2a3
0b2d1
0b2e6
0b2f2
0b395
0ba84
0bbc3
0bc61
0bc70
0bc81
0bca4
0bcc1
0bdd0
0be88
0bea0
0beb8
0bf30
0bf93
0bf9c
0bfac
0bfb6
0bfba
0bfda
0c089
0c0e4
0c3d7
0c457
0c45b
0c469
0c597
0c59b
0c59f
0c5a3
0c5a7
0a591
0a59b
0a5a7
0a5b6
0a5be
0a6fe
0a79e
0a7b1
0a7ba
0a7c3
0a8ac
0a8bb
0a91d
0accd
0ad4a
0ae28
0ae94
0aea5
0af5b
0b090
0b0bf
0b0fd
0b134
0b140
0b150
0b173
0b2c1
0b30e
0b322
0b335
0b339
0b4bd
0bbeb
0bc99
0bca8
0bcaf
0bcc4
0bcdc
0bd82
0bd8a
0bd9f
0be03
0bec4
0bede
0bee6
0beea
0bfb2
0bfc2
0bfd0
0bfe1
0c00a
0c32e
0c3ec
0c3f1
0c457
0c536
0c5ac
0c5b0
0c5b4
0c5b8
0c5bc
0a5d0
0a5db
0a5e6
0a5f5
0a5fd
0a685
0a696
0a6a1
0a6aa
0a7d7
0a7e6
0a7f1
0ac25
0acdf
0ad90
0ae4d
0aeaa
0aebe
0af6a
0b114
0b156
0b178
0b19f
0b1a7
0b1ca
0b280
0b32d
0b355
0b36a
0b377
0b415
0b99b
0bad8
0bcd7
0bce0
0bcf7
0bd15
0bd37
0bda4
0bdc1
0bdd6
0be35
0bed4
0bef2
0bef6
0bf0c
0bf12
0bf84
0bffc
0c022
0c120
0c383
0c403
0c407
0c493
0c5bd
0c5c1
0c5c5
0c5c9
0c5cd
09a4e
0a75d
0a766
0a773
0a782
0a789
0a7f9
0a807
0a812
0a81b
0a8f1
0a8ff
0a90b
0aa5a
0acf7
0ad74
0ae4f
0aec4
0af02
0b024
0b056
0b09e
0b0c3
0b0e9
0b10b
0b1a6
0b1c5
0b1f7
0b20e
0b221
0b33c
0b392
0b39d
0b3b0
0b3b4
0b4ea
0b5d0
0bc6e
0be66
0be70
0be7d
0be96
0beb8
0bf04
0bf30
0bf3a
0bffa
0c00c
0c010
0c025
0c02f
0c14d
0c15b
0c15f
0c481
0c497
0c49b
0c55e
0c5d3
0c5d7
0c5db
09acb
0a796
0a7a1
0a7ae
0a7bb
0a7c3
0a82c
0a839
0a840
0a8a1
0a91d
0a92a
0aa7b
0accd
0ad87
0ae31
0ae73
0aec9
0aed6
0af9a
0afc8
0b091
0b0fe
0b10a
0b131
0b16d
0b1ee
0b23c
0b252
0b266
0b37b
0b3c3
0b3dc
0b3f7
0b3fb
0b566
0bb48
0bcb0
0bd8c
0bda9
0bea5
0beb2
0becb
0bf46
0bf5e
0bf6f
0c02c
0c033
0c046
0c04b
0c16e
0c17f
0c183
0c42a
0c4a9
0c4ae
0c536
0c5dd
0c5e1
0c5e5
098b2
0a679
0a683
0a68f
0a69e
0a6a5
0a7d3
0a856
0a863
0a86a
0a939
0a948
0a953
0a9be
0ad21
0ad9e
0ae75
0aed2
0aedc
0affb
0b021
0b0f2
0b124
0b169
0b18f
0b1b1
0b1d4
0b228
0b26b
0b288
0b2a1
0b3d1
0b413
0b42b
0b430
0b4d4
0b644
0bcdd
0bd7e
0bd92
0bd99
0bdb2
0bdd6
0bf58
0bf84
0bf8e
0c042
0c055
0c059
0c06d
0c077
0c0b1
0c0bf
0c0c3
0c4ab
0c4c1
0c4c5
0c584
0c5eb
0c5ef
0c5f3
09936
0a6b9
0a6c1
0a6cc
0a6db
0a6e3
0a877
0a887
0a890
0a899
0a964
0a972
0a9e1
0ac79
0adb1
0ade1
0ae99
0aee1
0aeee
0afa5
0afb6
0b061
0b087
0b0d0
0b160
0b1d1
0b257
0b27e
0b2c8
0b2dd
0b2f0
0b410
0b454
0b46a
0b46f
0b50e
0bbb8
0bd25
0bdc8
0bdce
0bde3
0be00
0be1c
0bf9a
0bfae
0bfbf
0c073
0c07b
0c08c
0c091
0c0d3
0c0e4
0c0e8
0c454
0c4d3
0c4d8
0c4e6
0c5f5
0c5f9
0c5fd
09980
0a6eb
0a6f5
0a701
0a710
0a717
0a827
0a8a8
0a8b3
0a8bb
0a97f
0a98c
0a997
0aa0c
0ad4b
0adc8
0ae9b
0aeea
0aef4
0af84
0afd4
0b00c
0b01d
0b0d5
0b0ee
0b137
0b1c1
0b2b2
0b2f5
0b316
0b32b
0b3d4
0b480
0b49c
0b4ac
0b4b0
0b61c
0bd4e
0bdf4
0be04
0be0b
0be24
0be48
0beda
0bee4
0bfb2
0bfd6
0bfdd
0bfe7
0c099
0c09d
0c0ff
0c10d
0c111
0c469
0c46e
0c472
0c5aa
0c603
0c607
0c60b
09a04
0a728
0a733
0a73e
0a74d
0a755
0a7d8
0a7e5
0a7ed
0a851
0a8d5
0a8e2
0aa2f
0aca3
0ad5d
0ae09
0aebf
0aef9
0af06
0afc4
0b031
0b043
0b075
0b09c
0b142
0b163
0b2e1
0b308
0b34e
0b361
0b375
0b48e
0b4cd
0b4e2
0b4e7
0b588
0bad2
0bc3a
0be33
0be40
0be56
0be6c
0be8e
0bef2
0bf0a
0bf21
0bfe4
0bfeb
0bffe
0c003
0c120
0c132
0c136
0c400
0c47f
0c484
0c50e
0c60d
0c611
0c615
09913
0991b
09922
09936
0993f
09c16
0a877
0a888
0a892
0a8f2
0a8fe
0a907
0a959
0ab17
0ad75
0adf1
0aec1
0af0c
0af3d
0afef
0b016
0b024
0b02c
0b045
0b04a
0b074
0b08a
0b09b
0b0a6
0b0c3
0b1a5
0b27c
0b2aa
0b2cc
0b2f0
0b392
0b39c
0b3af
0b4c0
0b50b
0b51a
0b52d
0b531
0b656
0b741
0bdd0
0bf82
0bfa1
0bff8
0c012
0c02f
0c139
0c20b
0c21a
0c454
0c50f
0c514
0c597
0c619
0c61d
0c621
0997d
09986
09997
099a1
099a9
09c6b
0a8a8
0a8b5
0a8bc
0a91b
0a926
0a92f
0ab2d
0ad4b
0ae02
0aea4
0aed7
0af10
0af1b
0af9a
0b05f
0b086
0b08f
0b09f
0b0af
0b0cc
0b0ee
0b0fe
0b109
0b10f
0b1f6
0b2c1
0b2ef
0b313
0b335
0b3c3
0b3db
0b3f6
0b4f9
0b52b
0b557
0b571
0b575
0b6da
0be02
0bea5
0bef0
0bfc1
0c029
0c048
0c14e
0c172
0c235
0c239
0c4a9
0c526
0c52a
0c5dc
0c625
0c629
099e1
099e9
099f0
09a04
09a0d
09b02
0a7cf
0a7e0
0a7ea
0a8c8
0a93f
0a94a
0a953
0aa9f
0ad9f
0ae19
0aed9
0af15
0af20
0affb
0b0bd
0b0e4
0b0f2
0b0fa
0b113
0b118
0b145
0b158
0b16d
0b174
0b18f
0b2de
0b32d
0b34d
0b368
0b3c4
0b402
0b41a
0b42d
0b548
0b58b
0b5a3
0b5a9
0b645
0b7b5
0be36
0bed6
0bef9
0c040
0c05a
0c077
0c16c
0c192
0c1a2
0c400
0c537
0c53c
0c5bd
0c62d
0c631
0c635
09a4b
09a54
09a65
09a6f
09a77
09b5d
0a802
0a810
0a819
0a95e
0a96b
0a972
0aab6
0acf7
0ae2a
0ae58
0aeef
0af24
0af2f
0b062
0b124
0b14b
0b159
0b161
0b179
0b17f
0b1a7
0b1b9
0b1ca
0b1d6
0b1f2
0b203
0b221
0b324
0b374
0b410
0b454
0b468
0b47f
0b585
0b5cb
0b5de
0b5e6
0b67f
0bdcc
0be7c
0bf1b
0bf44
0c071
0c08e
0c0bc
0c0d5
0c1be
0c1c2
0c4d3
0c54e
0c552
0c5f4
0c639
0c63d
09aa9
09ab1
09ab8
09acb
09ad5
09b8c
0a823
0a834
0a83e
0a910
0a985
0a98e
0a997
0aadb
0adc9
0ae41
0aef1
0af29
0af34
0af88
0af9f
0afbb
0afcb
0afd7
0afdb
0b0d6
0b19d
0b1b8
0b1c0
0b1cf
0b1df
0b219
0b245
0b25d
0b2d3
0b442
0b480
0b49d
0b4ab
0b54c
0b5e2
0b610
0b621
0b625
0b791
0bea4
0bf2e
0bf4d
0bfd4
0bfe3
0c09e
0c0ec
0c1cf
0c1de
0c42a
0c4e9
0c4ed
0c571
0c641
0c645
0c649
098af
098b8
098c9
098d3
098db
09be7
0a856
0a865
0a86c
0a8d3
0a8de
0a8e7
0aaf2
0ad21
0adda
0ae7e
0af07
0af38
0af43
0af90
0afb8
0afc1
0afd1
0afe1
0b003
0b020
0b030
0b03b
0b041
0b13d
0b20f
0b25a
0b288
0b29f
0b318
0b48e
0b4cd
0b4e0
0b4f8
0b5ff
0b63f
0b652
0b65a
0b6f9
0bd90
0be37
0bf70
0bf98
0bfe1
0c000
0c0fd
0c124
0c1fa
0c1fe
0c47f
0c4fe
0c502
0c60c
0c64d
0c651
098eb
098f3
09929
09937
0993f
09a56
09b47
09b5a
09b62
09da4
0a960
0a96f
0a977
0abbe
0adb6
0ae66
0aeef
0af48
0af79
0afee
0aff8
0b037
0b061
0b069
0b07a
0b0ab
0b14d
0b160
0b24e
0b258
0b26c
0b271
0b289
0b2a9
0b2af
0b410
0b441
0b468
0b4d4
0b50e
0b51a
0b539
0b656
0b680
0b694
0b6a0
0b741
0b80f
0c064
0c079
0c097
0c0b4
0c131
0c2b7
0c2c6
0c50f
0c588
0c58c
0c655
0c659
0c65d
09955
0996d
09998
099a2
099a9
09ac2
09b9a
09ba4
09bac
0a97e
0a98b
0a992
0abd4
0adc3
0ae06
0ae7c
0af19
0af4c
0af57
0b057
0b065
0b0b2
0b0d5
0b0dd
0b104
0b196
0b1bb
0b1f9
0b293
0b29d
0b2b1
0b2b6
0b2d4
0b2ee
0b2f4
0b44f
0b480
0b4a7
0b504
0b54b
0b557
0b577
0b673
0b6bd
0b6d1
0b6e3
0b77e
0b8ea
0bfda
0c098
0c0d8
0c0fa
0c21e
0c2df
0c2e3
0c599
0c59d
0c601
0c661
0c665
098ba
099c6
099ce
099f7
09a05
09a0d
09bd1
09be4
09bec
09ca8
0a8d0
0a8df
0a8e7
0ab4e
0ad62
0ae8c
0af07
0af51
0af5c
0afab
0afbe
0b0bc
0b0d3
0b105
0b134
0b140
0b148
0b17b
0b2c1
0b2de
0b2e9
0b2f9
0b30f
0b32a
0b337
0b3d4
0b4b1
0b4d0
0b4f4
0b547
0b588
0b593
0b5b3
0b6d5
0b6ff
0b715
0b71c
0b888
0bfd0
0bfe9
0c011
0c101
0c17e
0c246
0c256
0c537
0c5ae
0c5b2
0c669
0c66d
0c671
0992c
09a31
09a3b
09a66
09a70
09a77
09c24
09c2e
09c36
0a8f0
0a8fe
0a907
0ab65
0ad6f
0ae2e
0aea2
0af2d
0af60
0af6b
0b018
0b02b
0b125
0b141
0b180
0b199
0b1a5
0b1cc
0b283
0b31d
0b327
0b33b
0b340
0b358
0b372
0b379
0b3a0
0b3bf
0b4e5
0b56b
0b5a0
0b5d0
0b5de
0b67f
0b712
0b742
0b753
0b759
0b8c6
0c005
0c022
0c0bc
0c121
0c1a6
0c270
0c274
0c5bf
0c5c3
0c5d1
0c675
0c679
09988
09a90
09a98
09abf
09acd
09ad5
09c55
09c69
09c70
09d26
0a918
0a927
0a92f
0ab86
0ad8c
0aeb2
0aed7
0af65
0af70
0af88
0af95
0af9d
0afcd
0b076
0b08b
0b12b
0b1a3
0b1e1
0b1f7
0b215
0b222
0b2d0
0b362
0b36d
0b37d
0b38c
0b3c3
0b3ea
0b45e
0b5c1
0b604
0b611
0b62d
0b730
0b773
0b78a
0b794
0b82a
0c01c
0c031
0c053
0c146
0c159
0c27f
0c28e
0c4e7
0c563
0c5bf
0c67d
0c681
0c685
09887
0989f
098ca
098d4
098db
099fa
09b10
09b1a
09b22
0a938
0a947
0a94e
0ab9d
0ad99
0adde
0ae56
0af41
0af74
0af7f
0af90
0afb8
0aff3
0b000
0b00d
0b03e
0b0e3
0b0f8
0b1ec
0b20f
0b21a
0b22a
0b23f
0b25e
0b268
0b318
0b3f7
0b41e
0b43d
0b5eb
0b61d
0b644
0b652
0b6f9
0b78e
0b7b6
0b7c7
0b7cd
0b93a
0c04d
0c06a
0c0fd
0c16e
0c1e2
0c2a8
0c2ac
0c573
0c577
0c5e9
0c689
0c68d
0afce
0afd8
0afe6
0b1d0
0b1e1
0b220
0b22e
0b2d3
0b363
0b367
0b37d
0b437
0b444
0b47e
0bd24
0bd28
0bdbe
0bde4
0bdeb
0bf19
0bf25
0c07b
0c0de
0c0ed
0c0f1
0c1e4
0c292
0c4eb
0c4f2
0c567
0c5f7
0c642
0c67d
0c690
0c694
0c698
0c69c
0c6a0
0c6a4
0c6a8
0c6ac
0c6b0
0c6b4
0c6b8
0c6bc
0c6c0
0c6c4
0c6c8
0c6cc
0c6d0
0c6d4
0c6d8
0c6dc
0c6e0
0c6e4
0c6e8
0c6ec
0c6f0
0c6f4
0c6f8
0c6fc
0afd3
0afe4
0b035
0b03f
0b04d
0b212
0b228
0b230
0b268
0b316
0b31a
0b481
0b4ad
0b4c2
0bd5b
0bdf5
0be17
0be20
0be26
0bf49
0c094
0c0a1
0c10d
0c116
0c1fb
0c2a8
0c2fa
0c504
0c575
0c57c
0c64a
0c64e
0c689
0c692
0c6fd
0c701
0c705
0c709
0c70d
0c711
0c715
0c719
0c71d
0c721
0c725
0c729
0c72d
0c731
0c735
0c739
0c73d
0c741
0c745
0c749
0c74d
0c751
0c755
0c759
0c75d
0c761
0b038
0b047
0b04f
0b0a4
0b0ab
0b255
0b259
0b26f
0b2aa
0b2b8
0b357
0b4b5
0b4c4
0b4f6
0bc38
0bc3c
0be30
0be57
0be5d
0bf6d
0bf79
0bfeb
0c12c
0c13b
0c13f
0c220
0c2ca
0c513
0c51a
0c58d
0c60f
0c61a
0c655
0c6fd
0c701
0c766
0c76a
0c76e
0c772
0c776
0c77a
0c77e
0c782
0c786
0c78a
0c78e
0c792
0c796
0c79a
0c79e
0c7a2
0c7a6
0c7aa
0c7ae
0c7b2
0c7b6
0c7ba
0c7be
0c7c2
0c7c6
0c7ca
0b0a1
0b0b2
0b103
0b10d
0b11b
0b1f9
0b29a
0b29e
0b2b4
0b2ef
0b2fd
0b3c1
0b4ee
0b4fd
0bc75
0be67
0be89
0be92
0be98
0bf9d
0c009
0c015
0c15b
0c164
0c236
0c2df
0c324
0c52c
0c59b
0c5a2
0c622
0c626
0c661
0c766
0c7cb
0c7cf
0c7d3
0c7d7
0c7db
0c7df
0c7e3
0c7e7
0c7eb
0c7ef
0c7f3
0c7f7
0c7fb
0c7ff
0c803
0c807
0c80b
0c80f
0c813
0c817
0c81b
0c81f
0c823
0c827
0c82b
0c82f
0b106
0b115
0b11d
0b172
0b17b
0b23c
0b240
0b2e1
0b2f7
0b2ff
0b337
0b3b9
0b3c8
0b400
0bcae
0bcb2
0bd85
0bec5
0becb
0bfbc
0bfc9
0c033
0c179
0c188
0c18c
0c1a8
0c25a
0c53b
0c542
0c5b3
0c5df
0c62e
0c669
0c7cb
0c7cf
0c834
0c838
0c83c
0c840
0c844
0c848
0c84c
0c850
0c854
0c858
0c85c
0c860
0c864
0c868
0c86c
0c870
0c874
0c878
0c87c
0c880
0c884
0c888
0c88c
0c890
0c894
0c898
0b16c
0b180
0b1cb
0b1d6
0b1e5
0b283
0b324
0b328
0b33e
0b373
0b383
0b403
0b42f
0b446
0bceb
0bd7f
0bda5
0bdae
0bdb4
0bef5
0c051
0c05d
0c0bf
0c0c8
0c1bf
0c270
0c34e
0c554
0c5c1
0c5c8
0c636
0c63a
0c675
0c698
0c832
0c836
0c89b
0c89f
0c8a3
0c8a7
0c8ab
0c8af
0c8b3
0c8b7
0c8bb
0c8bf
0c8c3
0c8c7
0c8cb
0c8cf
0c8d3
0c8d7
0c8db
0c8df
0c8e3
0c8e7
0c8eb
0c8ef
0c8f3
0c8f7
0b07d
0b081
0b17f
0b216
0b221
0b232
0b370
0b37f
0b3b1
0b3c6
0b45f
0b4ee
0b4fd
0b5b6
0b5e1
0b5f5
0be7c
0bf03
0bf16
0bf20
0bf27
0c00e
0c153
0c162
0c166
0c1c0
0c1c8
0c28c
0c324
0c562
0c569
0c636
0c67d
0c69c
0c6a0
0c6a4
0c6a8
0c6ac
0c7d2
0c7d6
0c7da
0c899
0c8fc
0c900
0c904
0c908
0c90c
0c910
0c914
0c918
0c91c
0c920
0c924
0c928
0c92c
0c930
0c934
0c938
0c93c
0c940
0c944
0b0e6
0b1db
0b1e7
0b21d
0b22c
0b25e
0b266
0b277
0b3c4
0b3f8
0b405
0b49e
0b5ec
0b5f7
0b623
0beaf
0beb3
0bf2f
0bf47
0bf4d
0c02d
0c039
0c181
0c18a
0c1d7
0c1e3
0c1e8
0c2ae
0c378
0c57a
0c5df
0c645
0c689
0c703
0c707
0c70b
0c70f
0c713
0c839
0c83d
0c841
0c8fa
0c8fe
0c947
0c94b
0c94f
0c953
0c957
0c95b
0c95f
0c963
0c967
0c96b
0c96f
0c973
0c977
0c97b
0c97f
0c983
0c987
0afdf
0afea
0b14d
0b25b
0b26b
0b279
0b2a2
0b2af
0b3f0
0b407
0b43f
0b4d5
0b4d9
0b630
0b655
0b669
0bd98
0bf57
0bf6a
0bf75
0bf7b
0c057
0c0b7
0c0c6
0c0ca
0c1fc
0c204
0c2c4
0c34e
0c588
0c58f
0c64a
0c655
0c716
0c76c
0c770
0c774
0c778
0c77c
0c89e
0c8a2
0c8a6
0c947
0c98a
0c98e
0c992
0c996
0c99a
0c99e
0c9a2
0c9a6
0c9aa
0c9ae
0c9b2
0c9b6
0c9ba
0c9be
0c9c2
0c9c6
0c9ca
0c9ce
0b04a
0b1ac
0b1b0
0b2a7
0b2b6
0b2e5
0b2f0
0b301
0b397
0b437
0b444
0b47e
0b52a
0b53e
0b667
0bdcf
0bdd3
0bf83
0bf9b
0bfa1
0c074
0c081
0c0e6
0c0ef
0c213
0c21f
0c224
0c2e5
0c3a2
0c5a0
0c5f7
0c61d
0c661
0c6b3
0c6b7
0c6bb
0c77e
0c7e1
0c7e5
0c7e9
0c7ed
0c98a
0c98e
0c9d1
0c9d5
0c9d9
0c9dd
0c9e1
0c9e5
0c9e9
0c9ed
0c9f1
0c9f5
0c9f9
0c9fd
0ca01
0ca05
0ca09
0ca0d
0ca11
0afaf
0afb3
0b0b1
0b2e9
0b2f5
0b303
0b32c
0b339
0b3d4
0b3d8
0b481
0b4ad
0b4c2
0b53c
0b567
0b57b
0be0a
0bed9
0bfb3
0bfc5
0bfcb
0c09b
0c105
0c114
0c118
0c237
0c23f
0c254
0c2fa
0c5ae
0c5b5
0c622
0c669
0c718
0c71c
0c720
0c724
0c846
0c84a
0c84e
0c852
0c856
0c9d1
0ca14
0ca18
0ca1c
0ca20
0ca24
0ca28
0ca2c
0ca30
0ca34
0ca38
0ca3c
0ca40
0ca44
0ca48
0ca4c
0ca50
0ca54
0ca58
0b018
0b114
0b11f
0b330
0b340
0b369
0b375
0b387
0b415
0b4b5
0b4c4
0b4f6
0b56c
0b57d
0b5a9
0be41
0be45
0bed7
0bef3
0bef9
0bfe5
0bff1
0c134
0c13d
0c19b
0c1a7
0c1ac
0c276
0c3cc
0c5c6
0c60f
0c631
0c675
0c781
0c785
0c789
0c859
0c8ab
0c8af
0c8b3
0c8b7
0c900
0c904
0ca16
0ca59
0ca5d
0ca61
0ca65
0ca69
0ca6d
0ca71
0ca75
0ca79
0ca7d
0ca81
0ca85
0ca89
0ca8d
0ca91
0ca95
0b029
0b02d
0b04a
0b292
0b296
0b33e
0b3ae
0b3bd
0b3ca
0b4f0
0b4f7
0b52a
0b53e
0b5d3
0b660
0b66b
0b720
0b754
0b763
0bffb
0c00c
0c013
0c153
0c162
0c166
0c21a
0c222
0c26a
0c275
0c27a
0c3a2
0c5d3
0c61d
0c77d
0c7d3
0c7d7
0c7db
0c7f4
0c7f8
0c907
0c90b
0c9d8
0c9dc
0ca98
0ca9c
0caa0
0caa4
0caa8
0caac
0cab0
0cab4
0cab8
0cabc
0cac0
0cac4
0cac8
0cacc
0cad0
0cad4
0cad8
0cadc
0b092
0b0ad
0b0b8
0b2d9
0b37b
0b381
0b3bb
0b3c3
0b3f5
0b3fd
0b409
0b53c
0b567
0b57b
0b610
0b751
0b765
0b794
0c01d
0c02a
0c035
0c03b
0c181
0c18a
0c230
0c23c
0c241
0c28d
0c294
0c339
0c3f6
0c622
0c67d
0c7f1
0c83a
0c83e
0c842
0c85b
0c85f
0c94e
0ca1b
0ca1f
0ca23
0ca9a
0cadd
0cae1
0cae5
0cae9
0caed
0caf1
0caf5
0caf9
0cafd
0cb01
0cb05
0cb09
0cb0d
0cb11
0cb15
0cb19
0b0f7
0b0fb
0b118
0b228
0b230
0b31e
0b3ed
0b3fc
0b40b
0b431
0b440
0b56c
0b57d
0b5a9
0b645
0b649
0b79a
0b7c8
0b7d7
0c043
0c055
0c05b
0c0b7
0c0c6
0c0ca
0c1a2
0c1aa
0c2a2
0c2ad
0c2b2
0c3cc
0c5eb
0c631
0c703
0c89b
0c89f
0c8a3
0c8a7
0c8be
0c991
0c995
0ca5c
0ca60
0cadd
0cae1
0cb1e
0cb22
0cb26
0cb2a
0cb2e
0cb32
0cb36
0cb3a
0cb3e
0cb42
0cb46
0cb4a
0cb4e
0cb52
0cb56
0cb5a
0b160
0b17a
0b186
0b26f
0b35b
0b35f
0b439
0b441
0b46b
0b47a
0b487
0b511
0b5af
0b5b8
0b5e6
0b69d
0b6ac
0b7d1
0c065
0c072
0c07d
0c083
0c0e6
0c0ef
0c1b9
0c1c5
0c1ca
0c2c5
0c2cc
0c363
0c420
0c636
0c655
0c6b3
0c6b7
0c6bb
0c6bf
0c6c3
0c89a
0c90f
0c913
0c9e0
0c9e4
0cb1e
0cb5b
0cb5f
0cb63
0cb67
0cb6b
0cb6f
0cb73
0cb77
0cb7b
0cb7f
0cb83
0cb87
0cb8b
0cb8f
0cb93
0cb97
0b1bf
0b1c3
0b1e0
0b208
0b20c
0b2b4
0b473
0b47b
0b489
0b4af
0b4be
0b54c
0b550
0b5f3
0b61e
0b632
0b6a6
0b6da
0b6e9
0bfd7
0c099
0c09f
0c105
0c114
0c118
0c1de
0c1e6
0c2d9
0c2e4
0c2e9
0c378
0c603
0c645
0c6af
0c71a
0c71e
0c722
0c726
0c72a
0c952
0c956
0c95a
0ca27
0cb5b
0cb5f
0cb9c
0cba0
0cba4
0cba8
0cbac
0cbb0
0cbb4
0cbb8
0cbbc
0cbc0
0cbc4
0cbc8
0cbcc
0cbd0
0cbd4
0cbd8
0afc4
0afdf
0afea
0b24f
0b2f7
0b2ff
0b4b7
0b4bf
0b4e3
0b4f2
0b501
0b58b
0b629
0b634
0b65a
0b6d7
0b6eb
0b71a
0bfd1
0bfe2
0bfed
0bff3
0c134
0c13d
0c1f5
0c201
0c206
0c255
0c25c
0c30f
0c44a
0c64a
0c669
0c77f
0c783
0c787
0c78b
0c78f
0c846
0c999
0c99d
0ca64
0ca68
0caa0
0cb9a
0cb9e
0cbdb
0cbdf
0cbe3
0cbe7
0cbeb
0cbef
0cbf3
0cbf7
0cbfb
0cbff
0cc03
0cc07
0cc0b
0cc0f
0aff0
0b038
0b047
0b04f
0b257
0b26d
0b275
0b426
0b4b5
0b4c4
0b52c
0b539
0b656
0b663
0b66d
0b6a0
0b73f
0b743
0b7d1
0b887
0b894
0b8c6
0c12d
0c140
0c21a
0c222
0c2be
0c2c9
0c2ce
0c310
0c3a1
0c4dc
0c61d
0c6fd
0c77d
0c9d5
0c9d9
0c9dd
0c9e7
0c9eb
0caa7
0cb62
0cb66
0cb6a
0cc14
0cc18
0cc1c
0cc20
0cc24
0cc28
0cc2c
0cc30
0cc34
0cc38
0cc3c
0cc40
0cc44
0cc48
0cc4c
0cc50
0cc54
0b059
0b0a1
0b0b2
0b29a
0b29e
0b2b4
0b463
0b467
0b4f9
0b52b
0b538
0b544
0b570
0b577
0b69a
0b6ae
0b6e3
0b77c
0b780
0b8cb
0b8f9
0b90e
0c162
0c230
0c23c
0c241
0c2e0
0c2e7
0c31e
0c327
0c434
0c622
0c65f
0c7d1
0c7f1
0ca1c
0ca20
0ca24
0ca2e
0cae4
0cae8
0cba3
0cba7
0cc12
0cc16
0cc57
0cc5b
0cc5f
0cc63
0cc67
0cc6b
0cc6f
0cc73
0cc77
0cc7b
0cc7f
0cc83
0cc87
0cc8b
0cc8f
0b0be
0b106
0b115
0b11d
0b2e1
0b2f7
0b2ff
0b3c4
0b4a2
0b4a6
0b56a
0b578
0b5a4
0b5aa
0b5bc
0b6de
0b716
0b728
0b7b5
0b900
0b910
0b93a
0c17a
0c18d
0c1a2
0c1aa
0c24e
0c259
0c25e
0c33a
0c3cb
0c488
0c631
0c7cb
0c845
0ca59
0ca5d
0ca61
0ca6b
0ca6f
0cb25
0cbda
0cbde
0cbe2
0cc57
0cc92
0cc96
0cc9a
0cc9e
0cca2
0cca6
0ccaa
0ccae
0ccb2
0ccb6
0ccba
0ccbe
0ccc2
0ccc6
0ccca
0ccce
0b127
0b16c
0b180
0b324
0b328
0b33e
0b3f0
0b407
0b4dd
0b5a2
0b5b2
0b5be
0b5e3
0b5f0
0b67d
0b681
0b720
0b754
0b763
0b80f
0b937
0b947
0c0c6
0c1b9
0c1c5
0c1ca
0c271
0c278
0c348
0c351
0c45e
0c636
0c673
0c899
0c8a8
0c90e
0c912
0c916
0c91a
0caab
0caaf
0cab3
0cb6e
0cc92
0cc96
0ccd1
0ccd5
0ccd9
0ccdd
0cce1
0cce5
0cce9
0cced
0ccf1
0ccf5
0ccf9
0ccfd
0cd01
0cd05
0cd09
0af89
0b1ce
0b1dd
0b1e3
0b365
0b37b
0b381
0b3a8
0b437
0b444
0b5ea
0b5f2
0b61a
0b624
0b636
0b6bc
0b751
0b765
0b794
0b80d
0b81c
0b84c
0c0df
0c0f2
0c1de
0c1e6
0c286
0c291
0c296
0c364
0c377
0c4b2
0c645
0c696
0c6af
0c951
0c955
0c959
0c95d
0c961
0caec
0caf0
0cbab
0cbaf
0ccd1
0cd0c
0cd10
0cd14
0cd18
0cd1c
0cd20
0cd24
0cd28
0cd2c
0cd30
0cd34
0cd38
0cd3c
0cd40
0cd44
0cd48
0af85
0afd3
0afe4
0b210
0b214
0b22a
0b3e5
0b3e9
0b481
0b61f
0b62c
0b638
0b657
0b664
0b6f7
0b6fb
0b79a
0b7c8
0b7d7
0b850
0b87f
0b896
0c114
0c1f5
0c201
0c206
0c2a9
0c2b0
0c2f4
0c2fd
0c40a
0c64a
0c687
0c703
0c718
0c998
0c99c
0c9a0
0c9a4
0cb29
0cb2d
0cb31
0cbe6
0cc18
0cc1c
0cd0e
0cd49
0cd4d
0cd51
0cd55
0cd59
0cd5d
0cd61
0cd65
0cd69
0cd6d
0cd71
0cd75
0cd79
0cd7d
0b14b
0b14f
0b23a
0b262
0b271
0b3f0
0b407
0b59c
0b629
0b634
0b696
0b6a2
0b7bf
0b7d3
0b7db
0b80f
0b8ad
0b8b1
0b93f
0b9f6
0ba02
0ba2c
0c0b8
0c0cb
0c203
0c2be
0c2c9
0c2ce
0c34f
0c386
0c38f
0c420
0c558
0c76a
0c945
0cb61
0cb65
0cb69
0cb73
0cb77
0cc21
0ccd6
0ccda
0ccde
0cd82
0cd86
0cd8a
0cd8e
0cd92
0cd96
0cd9a
0cd9e
0cda2
0cda6
0cdaa
0cdae
0cdb2
0cdb6
0cdba
0cdbe
0cdc2
0b1ae
0b27d
0b2a4
0b2b0
0b2be
0b442
0b5d7
0b5db
0b667
0b698
0b6a8
0b6b2
0b6d3
0b6e5
0b80d
0b81c
0b84c
0b8ea
0b8ee
0ba39
0ba64
0ba7c
0c0ed
0c214
0c225
0c2e0
0c2e7
0c35d
0c366
0c3a1
0c3a6
0c4b3
0c65f
0c7de
0c9d5
0cba2
0cba6
0cbaa
0cbb4
0cc5c
0cc60
0cd15
0cd19
0cd80
0cd84
0cdc5
0cdc9
0cdcd
0cdd1
0cdd5
0cdd9
0cddd
0cde1
0cde5
0cde9
0cded
0cdf1
0cdf5
0cdf9
0cdfd
0afaf
0afb3
0b2c4
0b2ec
0b2fb
0b476
0b485
0b53c
0b614
0b618
0b6dc
0b6e7
0b70e
0b718
0b72a
0b850
0b87f
0b896
0b923
0ba6f
0ba7e
0baa2
0c106
0c119
0c23e
0c24e
0c259
0c25e
0c2fb
0c3b0
0c3b9
0c44a
0c508
0c718
0c9cf
0cbd9
0cbdd
0cbe1
0cbeb
0cbef
0cc9b
0cd4a
0cd4e
0cd52
0cdc5
0ce00
0ce04
0ce08
0ce0c
0ce10
0ce14
0ce18
0ce1c
0ce20
0ce24
0ce28
0ce2c
0ce30
0ce34
0ce38
0ce3c
0b018
0b307
0b32e
0b33a
0b348
0b4c0
0b56c
0b57d
0b64d
0b712
0b722
0b72c
0b74d
0b759
0b7eb
0b7ef
0b88e
0b8bc
0b8d1
0b975
0baa6
0bab5
0c13b
0c19c
0c1ad
0c271
0c278
0c309
0c312
0c3cb
0c3d0
0c4dd
0c673
0c8a8
0ca59
0caac
0cab0
0cab4
0cab8
0cc25
0cc29
0cc2d
0cce2
0ce00
0ce04
0ce3f
0ce43
0ce47
0ce4b
0ce4f
0ce53
0ce57
0ce5b
0ce5f
0ce63
0ce67
0ce6b
0ce6f
0ce73
0ce77
0b07d
0b081
0b1f5
0b370
0b37f
0b4ee
0b4fd
0b522
0b5af
0b5b8
0b75b
0b761
0b78a
0b792
0b7a4
0b82a
0b8c4
0b8d3
0b903
0b97c
0b98a
0b9b2
0c154
0c167
0c1c7
0c286
0c291
0c296
0c325
0c3da
0c3e3
0c3f6
0c530
0c69c
0c900
0cae9
0caed
0caf1
0caf5
0caf9
0cc64
0cc68
0cd1d
0cd21
0ce3f
0ce7a
0ce7e
0ce82
0ce86
0ce8a
0ce8e
0ce92
0ce96
0ce9a
0ce9e
0cea2
0cea6
0ceaa
0ceae
0ceb2
0ceb6
0b0e6
0b1ed
0b21a
0b226
0b234
0b3c4
0b55d
0b561
0b5f3
0b78e
0b79c
0b7a6
0b7c5
0b7cd
0b865
0b869
0b908
0b932
0b945
0b9be
0b9ea
0ba04
0c188
0c1d8
0c1e9
0c2a9
0c2b0
0c333
0c33c
0c377
0c37c
0c489
0c687
0c839
0c951
0cb2a
0cb2e
0cb32
0cb36
0cc9f
0cca3
0cca7
0cd56
0cd86
0cd8a
0ce7c
0ceb7
0cebb
0cebf
0cec3
0cec7
0cecb
0cecf
0ced3
0ced7
0cedb
0cedf
0cee3
0cee7
0ceeb
0b31c
0b320
0b3d2
0b3f2
0b402
0b56c
0b57d
0b70a
0b788
0b7a2
0b807
0b810
0b92d
0b941
0b949
0b975
0ba1b
0ba1f
0baad
0bb5e
0bb6a
0bb92
0c0b8
0c0cb
0c1a9
0c2a3
0c2b3
0c34f
0c3c5
0c3ce
0c405
0c40e
0c51b
0c89c
0cadd
0ccd5
0ccd9
0ccdd
0cce7
0cceb
0cd8f
0ce44
0ce48
0ce4c
0cef0
0cef4
0cef8
0cefc
0cf00
0cf04
0cf08
0cf0c
0cf10
0cf14
0cf18
0cf1c
0cf20
0cf24
0cf28
0cf2c
0cf30
0b35d
0b40f
0b434
0b43c
0b44a
0b5b6
0b745
0b749
0b7d1
0b80a
0b816
0b820
0b844
0b853
0b97c
0b98a
0b9b2
0ba58
0ba5c
0bb9f
0bbc8
0bbe0
0c0ed
0c1ba
0c1cb
0c2cb
0c35d
0c366
0c3e0
0c3e5
0c421
0c4b2
0c56a
0c90c
0cb61
0cd14
0cd18
0cd1c
0cd26
0cdca
0cdce
0ce83
0ce87
0ceee
0cef2
0cf33
0cf37
0cf3b
0cf3f
0cf43
0cf47
0cf4b
0cf4f
0cf53
0cf57
0cf5b
0cf5f
0cf63
0cf67
0cf6b
0b208
0b20c
0b450
0b478
0b480
0b5ec
0b5f7
0b6a6
0b782
0b786
0b84e
0b855
0b87c
0b885
0b898
0b9be
0b9ea
0ba04
0ba91
0bbd3
0bbe2
0bc04
0c106
0c119
0c1e5
0c2da
0c2ea
0c2fb
0c371
0c37a
0c42f
0c438
0c543
0c718
0cb5b
0cd49
0cd4d
0cd51
0cd5b
0cd5f
0ce09
0ceb8
0cebc
0cec0
0cf33
0cf6e
0cf72
0cf76
0cf7a
0cf7e
0cf82
0cf86
0cf8a
0cf8e
0cf92
0cf96
0cf9a
0cf9e
0cfa2
0cfa6
0cfaa
0b24f
0b48d
0b4b2
0b4ba
0b4c8
0b630
0b6d7
0b6eb
0b7bb
0b884
0b890
0b89a
0b8be
0b8c7
0b959
0b95d
0b9fc
0ba27
0ba3f
0bae1
0bc08
0bc17
0c13b
0c1f6
0c207
0c25b
0c309
0c312
0c38c
0c391
0c44b
0c4dc
0c590
0c996
0cbda
0cc26
0cc2a
0cc2e
0cc32
0cd93
0cd97
0cd9b
0ce50
0cf6e
0cf72
0cfad
0cfb1
0cfb5
0cfb9
0cfbd
0cfc1
0cfc5
0cfc9
0cfcd
0cfd1
0cfd5
0cfd9
0cfdd
0cfe1
0cfe5
0b292
0b296
0b393
0b4f0
0b4f7
0b660
0b66b
0b690
0b714
0b726
0b8c9
0b8cf
0b8f6
0b901
0b912
0b998
0ba33
0ba41
0ba69
0bae8
0baf6
0bb1c
0c154
0c167
0c221
0c26b
0c27b
0c325
0c39b
0c3a4
0c459
0c462
0c4f3
0c7d1
0ca9e
0cc61
0cc65
0cc69
0cc6d
0cc71
0cdd2
0cdd6
0ce8b
0ce8f
0cfad
0cfe8
0cfec
0cff0
0cff4
0cff8
0cffc
0d000
0d004
0d008
0d00c
0d010
0d014
0d018
0d01c
0d020
0d024
0b2d9
0b38b
0b3b6
0b3be
0b3cc
0b53c
0b6cb
0b6cf
0b75d
0b8fe
0b90a
0b914
0b934
0b93b
0b9d3
0b9d7
0ba76
0ba9b
0bab3
0bb28
0bb52
0bb6c
0c188
0c231
0c242
0c293
0c333
0c33c
0c3b6
0c3bb
0c3f7
0c488
0c5b6
0ca1a
0cae9
0cca0
0cca4
0cca8
0ccac
0ce0d
0ce11
0ce15
0cec4
0cef4
0cef8
0cfea
0d025
0d029
0d02d
0d031
0d035
0d039
0d03d
0d041
0d045
0d049
0d04d
0d051
0d055
0d059
0b4a2
0b4a6
0b54a
0b56a
0b578
0b6d7
0b6eb
0b878
0b900
0b910
0b976
0b97e
0ba9d
0baaf
0bab7
0bae1
0bb81
0bb85
0bc0f
0bcc0
0bccc
0bcf4
0c19c
0c1ad
0c25b
0c334
0c33e
0c3cd
0c443
0c44c
0c483
0c48c
0c590
0ca59
0cc55
0ce43
0ce47
0ce4b
0ce55
0ce59
0cefd
0cfb2
0cfb6
0cfba
0d05e
0d062
0d066
0d06a
0d06e
0d072
0d076
0d07a
0d07e
0d082
0d086
0d08a
0d08e
0d092
0d096
0d09a
0d09e
0b4dd
0b585
0b5a2
0b5b2
0b5be
0b720
0b8b3
0b8b7
0b93f
0b979
0b984
0b98e
0b9b3
0b9c1
0bae8
0baf6
0bb1c
0bbbc
0bbc0
0bd01
0bd2a
0bd42
0c1c7
0c26b
0c27b
0c34f
0c3db
0c3e4
0c45e
0c463
0c49f
0c52f
0c5d5
0caaa
0ccd6
0ce82
0ce86
0ce8a
0ce94
0cf38
0cf3c
0cff1
0cff5
0d05c
0d060
0d0a1
0d0a5
0d0a9
0d0ad
0d0b1
0d0b5
0d0b9
0d0bd
0d0c1
0d0c5
0d0c9
0d0cd
0d0d1
0d0d5
0d0d9
0b3a6
0b3aa
0b5c4
0b5ea
0b5f2
0b751
0b765
0b814
0b8f0
0b8f4
0b9bc
0b9c3
0b9ec
0b9f4
0ba06
0bb28
0bb52
0bb6c
0bbf3
0bd35
0bd44
0bd66
0c1d8
0c1e9
0c293
0c35e
0c368
0c379
0c3ef
0c3f8
0c4ad
0c4b6
0c5b6
0c951
0cccf
0ceb7
0cebb
0cebf
0cec9
0cecd
0cf77
0d026
0d02a
0d02e
0d0a1
0d0dc
0d0e0
0d0e4
0d0e8
0d0ec
0d0f0
0d0f4
0d0f8
0d0fc
0d100
0d104
0d108
0d10c
0d110
0d114
0d118
0b3e7
0b5ff
0b61f
0b62c
0b638
0b79a
0b84a
0b859
0b929
0b9f3
0b9fe
0ba08
0ba2d
0ba35
0bac7
0bacb
0bb64
0bb8d
0bba5
0bc43
0bd6a
0bd79
0c203
0c2a3
0c2b3
0c2fb
0c387
0c390
0c40a
0c40f
0c4c9
0c557
0c5ed
0cb28
0cd4a
0cd94
0cd98
0cd9c
0cda0
0cf01
0cf05
0cf09
0cfbe
0d0dc
0d0e0
0d11b
0d11f
0d123
0d127
0d12b
0d12f
0d133
0d137
0d13b
0d13f
0d143
0d147
0d14b
0d14f
0d153
0b424
0b428
0b50d
0b65e
0b666
0b7c1
0b7d9
0b7fe
0b887
0b894
0ba37
0ba3d
0ba66
0ba70
0ba80
0bb04
0bb99
0bba7
0bbcd
0bc4a
0bc58
0bc7e
0c214
0c225
0c2cb
0c30a
0c314
0c3a3
0c419
0c422
0c4d7
0c4e0
0c56a
0c9d5
0cc18
0cdcf
0cdd3
0cdd7
0cddb
0cddf
0cf40
0cf44
0cff9
0cffd
0d11b
0d156
0d15a
0d15e
0d162
0d166
0d16a
0d16e
0d172
0d176
0d17a
0d17e
0d182
0d186
0d18a
0d18e
0d192
0b465
0b505
0b52b
0b538
0b544
0b6a6
0b839
0b83d
0b8cb
0ba6d
0ba78
0ba82
0baa3
0baa9
0bb3d
0bb41
0bbda
0bbfd
0bc15
0bc8a
0bcb4
0bcce
0c23e
0c2da
0c2ea
0c325
0c3b1
0c3ba
0c434
0c439
0c475
0c507
0c605
0cba0
0cc62
0ce0e
0ce12
0ce16
0ce1a
0cf7b
0cf7f
0cf83
0d032
0d062
0d066
0d158
0d193
0d197
0d19b
0d19f
0d1a3
0d1a7
0d1ab
0d1af
0d1b3
0d1b7
0d1bb
0d1bf
0d1c3
0d1c7
0b614
0b618
0b6b8
0b6dc
0b6e7
0b84a
0b859
0b9e6
0ba6f
0ba7e
0bae2
0baea
0bbff
0bc11
0bc19
0bc43
0bce3
0bce7
0bd71
0be1a
0be28
0be4c
0c24f
0c25f
0c2fb
0c3b2
0c3bc
0c44b
0c4c1
0c4ca
0c501
0c509
0c5ed
0c72b
0cd4a
0ce0c
0cfb3
0cfb7
0cfbb
0cfc5
0d069
0d06d
0d122
0d126
0d1ca
0d1ce
0d1d2
0d1d6
0d1da
0d1de
0d1e2
0d1e6
0d1ea
0d1ee
0d1f2
0d1f6
0d1fa
0d1fe
0d202
0d206
0d20a
0b64d
0b6f3
0b712
0b722
0b72c
0b88e
0ba21
0ba25
0baad
0bae5
0baf0
0bafa
0bb1d
0bb2b
0bc4a
0bc58
0bc7e
0bd1e
0bd22
0be5b
0be80
0be9a
0c277
0c30a
0c314
0c3cd
0c459
0c462
0c4dc
0c4e1
0c519
0c5a3
0c61a
0caaa
0ce00
0cfee
0cff2
0cff6
0d000
0d004
0d0a8
0d15d
0d161
0d165
0d1cc
0d20b
0d20f
0d213
0d217
0d21b
0d21f
0d223
0d227
0d22b
0d22f
0d233
0d237
0d23b
0d23f
0d243
0b520
0b524
0b732
0b75b
0b761
0b8c4
0b8d3
0b982
0ba5e
0ba62
0bb26
0bb2d
0bb54
0bb5c
0bb6e
0bc8a
0bcb4
0bcce
0bd55
0be8b
0be9c
0bebc
0c287
0c297
0c325
0c3dc
0c3e6
0c3f7
0c46d
0c476
0c529
0c531
0c605
0c7f9
0cc62
0ce80
0d027
0d02b
0d02f
0d039
0d0e3
0d0e7
0d196
0d19a
0d20b
0d20f
0d248
0d24c
0d250
0d254
0d258
0d25c
0d260
0d264
0d268
0d26c
0d270
0d274
0d278
0d27c
0d280
0b55f
0b76d
0b78e
0b79c
0b7a6
0b908
0b9b9
0b9c7
0ba97
0bb5b
0bb66
0bb70
0bb93
0bb9b
0bc29
0bc2d
0bcc6
0bcef
0bd07
0bda1
0bec0
0bed1
0c2af
0c334
0c33e
0c379
0c405
0c40e
0c488
0c48d
0c541
0c5c9
0c62e
0cb28
0ce7a
0cf00
0cf04
0cf08
0cf0c
0cf10
0d071
0d075
0d12a
0d12e
0d248
0d281
0d285
0d289
0d28d
0d291
0d295
0d299
0d29d
0d2a1
0d2a5
0d2a9
0d2ad
0d2b1
0d2b5
0d2b9
0b59a
0b59e
0b67b
0b7cf
0b7d5
0b937
0b947
0b96c
0b9f6
0ba02
0bb9d
0bba3
0bbca
0bbd4
0bbe4
0bc66
0bcfb
0bd09
0bd2f
0bda8
0bdb8
0bdda
0c2bf
0c2cf
0c34f
0c388
0c392
0c421
0c497
0c4a0
0c551
0c559
0c5d5
0c8c1
0ccd6
0cd92
0cf3f
0cf43
0cf47
0cf4b
0d0ac
0d0b0
0d0b4
0d169
0d281
0d285
0d2be
0d2c2
0d2c6
0d2ca
0d2ce
0d2d2
0d2d6
0d2da
0d2de
0d2e2
0d2e6
0d2ea
0d2ee
0d2f2
0d2f6
0b5d9
0b673
0b698
0b6a8
0b6b2
0b814
0b9a7
0b9ab
0ba39
0bbd1
0bbdc
0bbe6
0bc05
0bc0b
0bc9f
0bca3
0bd3c
0bd5f
0bd77
0bde8
0be0e
0be2a
0c2e6
0c35e
0c368
0c3a3
0c42f
0c438
0c4b2
0c4b7
0c4f1
0c57d
0c642
0cba0
0cd80
0cf7a
0cf7e
0cf82
0cf86
0cf8a
0d0eb
0d0ef
0d19e
0d1a2
0d1d2
0d2bc
0d2c0
0d2f9
0d2fd
0d301
0d305
0d309
0d30d
0d311
0d315
0d319
0d31d
0d321
0d325
0d329
0b782
0b786
0b826
0b84e
0b855
0b9b9
0b9c7
0bb4e
0bbd3
0bbe2
0bc44
0bc4c
0bd61
0bd73
0bd7b
0bda1
0be3b
0be3f
0bec9
0bf43
0bf4f
0bf66
0c2f5
0c2ff
0c379
0c430
0c43a
0c4c9
0c53a
0c543
0c577
0c57f
0c62e
0c705
0cd4a
0cf31
0d11f
0d123
0d127
0d131
0d135
0d1d9
0d288
0d28c
0d32c
0d330
0d334
0d338
0d33c
0d340
0d344
0d348
0d34c
0d350
0d354
0d358
0d35c
0d360
0d364
0d368
0d36c
0b7bb
0b861
0b884
0b890
0b89a
0b9fc
0bb87
0bb8b
0bc0f
0bc47
0bc52
0bc5c
0bc7f
0bc8d
0bda8
0bdb8
0bdda
0be74
0be78
0bf73
0bf8b
0bfa7
0c310
0c388
0c392
0c44b
0c4d7
0c4e0
0c554
0c55a
0c58e
0c5f9
0c656
0c8c1
0cd92
0cfb2
0d15e
0d162
0d166
0d170
0d212
0d216
0d2c5
0d2c9
0d32e
0d36d
0d371
0d375
0d379
0d37d
0d381
0d385
0d389
0d38d
0d391
0d395
0d399
0d39d
0d3a1
0d3a5
0b68e
0b692
0b8a0
0b8c9
0b8cf
0ba33
0ba41
0baee
0bbc2
0bbc6
0bc88
0bc8f
0bcb6
0bcbe
0bcd0
0bde8
0be0e
0be2a
0beab
0bf96
0bfa3
0bfb8
0c31f
0c329
0c3a3
0c45a
0c464
0c475
0c4ea
0c4f3
0c59d
0c5a5
0c642
0c6c4
0cc62
0cfab
0d193
0d197
0d19b
0d1a5
0d1a9
0d24f
0d2f8
0d2fc
0d36d
0d371
0d3aa
0d3ae
0d3b2
0d3b6
0d3ba
0d3be
0d3c2
0d3c6
0d3ca
0d3ce
0d3d2
0d3d6
0d3da
0d3de
0d3e2
0b6cd
0b8db
0b8fe
0b90a
0b914
0ba76
0bb23
0bb31
0bbf9
0bcbd
0bcc8
0bcd2
0bcf5
0bcfd
0bd87
0bd8b
0be22
0be47
0be61
0bee8
0bfbc
0bfc9
0c33a
0c3b2
0c3bc
0c3f7
0c483
0c48c
0c504
0c50a
0c5b4
0c611
0c66a
0c847
0ce0c
0d026
0d070
0d074
0d078
0d07c
0d1dd
0d1e1
0d290
0d294
0d3aa
0d3e3
0d3e7
0d3eb
0d3ef
0d3f3
0d3f7
0d3fb
0d3ff
0d403
0d407
0d40b
0d40f
0d413
0d417
0d41b
0b708
0b70c
0b7e9
0b93d
0b943
0baa6
0bab5
0bad8
0bb5e
0bb6a
0bcff
0bd05
0bd2c
0bd36
0bd46
0bdc2
0be53
0be63
0be85
0beef
0befb
0bf12
0c349
0c353
0c3cd
0c406
0c410
0c49f
0c512
0c51b
0c5c3
0c5cb
0c61a
0c792
0ccd6
0cef4
0d0ab
0d0af
0d0b3
0d0b7
0d0bb
0d21a
0d21e
0d2cd
0d3e3
0d3e7
0d420
0d424
0d428
0d42c
0d430
0d434
0d438
0d43c
0d440
0d444
0d448
0d44c
0d450
0d454
0d458
0b747
0b7e1
0b80a
0b816
0b820
0b982
0bb11
0bb15
0bb9f
0bd33
0bd3e
0bd48
0bd67
0bd6d
0bdf9
0bdfd
0be94
0beb5
0becf
0bf1e
0bf37
0bf53
0c364
0c3dc
0c3e6
0c421
0c4ad
0c4b6
0c52c
0c532
0c568
0c5e1
0c67e
0c7f9
0ce80
0cf3e
0d0ea
0d0ee
0d0f2
0d0f6
0d253
0d257
0d300
0d304
0d334
0d41e
0d422
0d45b
0d45f
0d463
0d467
0d46b
0d46f
0d473
0d477
0d47b
0d47f
0d483
0d487
0d48b
0b8f0
0b8f4
0b994
0b9bc
0b9c3
0bb23
0bb31
0bcb0
0bd35
0bd44
0bda2
0bdaa
0beb7
0bec7
0becd
0bee8
0bf5b
0bf5f
0bfc3
0c02d
0c039
0c04a
0c183
0c373
0c37d
0c3f7
0c4ae
0c4b8
0c541
0c5ad
0c5b6
0c5df
0c62e
0c83b
0c860
0c8c3
0d026
0d0e8
0d289
0d28d
0d297
0d29b
0d33b
0d3ea
0d3ee
0d48e
0d492
0d496
0d49a
0d49e
0d4a2
0d4a6
0d4aa
0d4ae
0d4b2
0d4b6
0d4ba
0d4be
0d4c2
0d4c6
0d4ca
0b929
0b9cf
0b9f3
0b9fe
0ba08
0bb64
0bce9
0bced
0bd71
0bda5
0bdae
0bdb4
0bddb
0bde9
0beef
0befb
0bf12
0bf85
0bf89
0c057
0c069
0c085
0c0cc
0c38e
0c406
0c410
0c4c9
0c551
0c559
0c5c6
0c5cc
0c5ef
0c674
0c89e
0c8c1
0cd92
0d0dc
0d2c2
0d2c6
0d2ca
0d2d4
0d374
0d378
0d427
0d42b
0d490
0d4cd
0d4d1
0d4d5
0d4d9
0d4dd
0d4e1
0d4e5
0d4e9
0d4ed
0d4f1
0d4f5
0d4f9
0d4fd
0d501
0b7fc
0b800
0ba0e
0ba37
0ba3d
0bb99
0bba7
0bc50
0bd24
0bd28
0bde4
0bdeb
0be10
0be18
0be2c
0bf1e
0bf37
0bf53
0bfad
0c074
0c081
0c090
0c0e8
0c39d
0c3a7
0c421
0c4d8
0c4e2
0c4f1
0c561
0c56a
0c5f7
0c642
0c69e
0c6c4
0c72d
0cf3e
0d15c
0d2f9
0d2fd
0d307
0d30b
0d3b1
0d45a
0d45e
0d4cb
0d504
0d508
0d50c
0d510
0d514
0d518
0d51c
0d520
0d524
0d528
0d52c
0d530
0d534
0d538
0d53c
0b83b
0ba49
0ba6d
0ba78
0ba82
0bbda
0bc85
0bc93
0bd5b
0be17
0be20
0be26
0be4d
0be55
0bedd
0bee1
0bf49
0bf61
0bf7d
0bfde
0c094
0c0a1
0c11a
0c3b8
0c430
0c43a
0c475
0c501
0c509
0c57a
0c580
0c607
0c688
0c71a
0c72d
0ce0c
0d156
0d1dc
0d1e0
0d1e4
0d1e8
0d33f
0d343
0d3f2
0d3f6
0d506
0d53f
0d543
0d547
0d54b
0d54f
0d553
0d557
0d55b
0d55f
0d563
0d567
0d56b
0d56f
0d573
0b876
0b87a
0b957
0baab
0bab1
0bc08
0bc17
0bc3a
0bcc0
0bccc
0be57
0be5d
0be82
0be8c
0be9e
0bf09
0bf6d
0bf79
0bf90
0bfe5
0bff1
0c002
0c136
0c3c7
0c3d1
0c44b
0c484
0c48e
0c519
0c587
0c590
0c60f
0c61a
0c76c
0c792
0c7fb
0cfb2
0d06e
0d219
0d21d
0d221
0d225
0d37c
0d380
0d42f
0d53d
0d576
0d57a
0d57e
0d582
0d586
0d58a
0d58e
0d592
0d596
0d59a
0d59e
0d5a2
0d5a6
0d5aa
0d5ae
0b8b5
0b94f
0b979
0b984
0b98e
0baee
0bc73
0bc77
0bd01
0be89
0be92
0be98
0bebd
0bec3
0bf31
0bf35
0bf9d
0bfb1
0bfcd
0c00e
0c021
0c03d
0c168
0c3e2
0c45a
0c464
0c49f
0c529
0c531
0c5a0
0c5a6
0c5d7
0c660
0c7e0
0c7fb
0ce80
0d05c
0d252
0d256
0d25a
0d25e
0d3b5
0d3b9
0d462
0d466
0d494
0d578
0d5b1
0d5b5
0d5b9
0d5bd
0d5c1
0d5c5
0d5c9
0d5cd
0d5d1
0d5d5
0d5d9
0d5dd
0d5e1
0b0ad
0b0b8
0b0ff
0b10a
0b121
0ba60
0bafe
0bb20
0bb2a
0bb35
0bc8a
0be08
0be0c
0be94
0bee5
0beed
0bf01
0bfc1
0bfc7
0bfd9
0bff5
0c09b
0c10f
0c236
0c3f1
0c3fb
0c475
0c527
0c52e
0c5b4
0c602
0c608
0c625
0c71a
0c7f9
0c7ff
0c803
0c807
0c80b
0ca32
0d027
0d20c
0d3ec
0d3f0
0d3fa
0d496
0d49a
0d543
0d547
0d5e5
0d5e9
0d5ed
0d5f1
0d5f5
0d5f9
0d5fd
0d601
0d605
0d609
0d60d
0d611
0b118
0b164
0b168
0b177
0ba95
0ba99
0bb3b
0bb62
0bb68
0bcc0
0bccc
0be43
0bec0
0bed1
0bef3
0bef9
0bf0f
0bf17
0bf2b
0bfeb
0bffd
0c019
0c141
0c1a8
0c40c
0c484
0c48e
0c540
0c5c3
0c5cb
0c611
0c62d
0c674
0c858
0c864
0c868
0c86c
0c870
0c8ab
0ca71
0d06f
0d425
0d429
0d433
0d437
0d4d1
0d57a
0d57e
0d582
0d5e7
0d615
0d619
0d61d
0d621
0d625
0d629
0d62d
0d631
0d635
0d639
0b17a
0b186
0b1c7
0b1d2
0b1e9
0b96c
0bb74
0bb96
0bba1
0bbab
0bd01
0bda8
0bdb8
0be7c
0bf16
0bf20
0bf27
0bf3d
0bf45
0c009
0c015
0c026
0c15d
0c1bf
0c41b
0c425
0c49f
0c54f
0c556
0c568
0c5d2
0c5d8
0c639
0c69e
0c899
0c8c5
0c8c9
0c8cd
0c8d1
0c91e
0cf3f
0d282
0d45c
0d460
0d46a
0d508
0d50c
0d5b1
0d5b5
0d613
0d63d
0d641
0d645
0d649
0d64d
0d651
0d655
0d659
0d65d
0d661
0d665
0afca
0afd5
0afec
0b1e0
0b9a7
0b9ab
0bbb1
0bbd8
0bbde
0bd35
0bd44
0bde8
0beaf
0beb3
0bf47
0bf4d
0bf63
0bf6b
0bf7f
0c033
0c045
0c061
0c18e
0c1e4
0c436
0c4ae
0c4b8
0c4f0
0c577
0c57f
0c5e1
0c641
0c688
0c6c4
0c6ca
0c6ce
0c6d2
0c6d6
0c83c
0c9a8
0d0e9
0d33f
0d343
0d347
0d34b
0d49e
0d4a2
0d54b
0d54f
0d63f
0d669
0d66d
0d671
0d675
0d679
0d67d
0d681
0d685
0d689
0d68d
0afdf
0afea
0b031
0b03c
0b053
0b9e6
0bac3
0bbff
0bc11
0bc19
0bd71
0bd96
0bd9a
0be22
0bf6a
0bf75
0bf7b
0bf91
0bf99
0c051
0c05d
0c06e
0c0c1
0c1fb
0c445
0c44f
0c4c9
0c4ff
0c506
0c58e
0c5ea
0c5f0
0c64d
0c716
0c72f
0c733
0c737
0c73b
0c76d
0c9a8
0cfb3
0d1d1
0d37c
0d380
0d384
0d4d5
0d4d9
0d4dd
0d586
0d667
0d691
0d695
0d699
0d69d
0d6a1
0d6a5
0d6a9
0d6ad
0d6b1
0d6b5
0d6b9
0b04a
0b096
0b09a
0b0a9
0ba21
0ba25
0babf
0baec
0baf2
0bc4a
0bc58
0bdd1
0be53
0be63
0bf9b
0bfa1
0bfb5
0bfbd
0bfcf
0c07b
0c089
0c0a5
0c0f3
0c220
0c460
0c4d8
0c4e2
0c518
0c59d
0c5a5
0c5f9
0c619
0c660
0c77d
0c796
0c79a
0c79e
0c7a2
0c7e1
0ca32
0d15d
0d3b5
0d3b9
0d3bd
0d3c1
0d510
0d514
0d5b9
0d5bd
0d5eb
0d693
0d6bd
0d6c1
0d6c5
0d6c9
0d6cd
0d6d1
0d6d5
0d6d9
0d6dd
0afd5
0afec
0b0de
0b1bf
0b1c3
0b1e0
0b2b2
0b2ba
0b2f2
0bbc2
0bbc6
0bc62
0bc88
0bc8f
0bde1
0bdf1
0bf9d
0bfdb
0bfe3
0bff7
0c099
0c09f
0c10f
0c1dd
0c2df
0c46f
0c479
0c4f0
0c59b
0c5a2
0c607
0c642
0c65f
0c6af
0c6c8
0c6cc
0c6d0
0c6da
0c71b
0c7e1
0c7e5
0c7e9
0c9f0
0cbb7
0d194
0d541
0d545
0d549
0d553
0d5ed
0d5f1
0d6e3
0d6e7
0d6eb
0d6ef
0d6f3
0d6f7
0d6fb
0d6ff
0d703
0d707
0afc4
0afdf
0afea
0b042
0b143
0b147
0b2f9
0b334
0b342
0bbf9
0bc9b
0bcbd
0bcc8
0bcd2
0be22
0bfbc
0bfc9
0bfe9
0bfef
0bfff
0c007
0c01b
0c141
0c202
0c25a
0c48a
0c4ff
0c506
0c5b3
0c60f
0c64a
0c64e
0c66b
0c72b
0c731
0c735
0c73f
0c743
0c846
0c84a
0c84e
0ca33
0ca37
0cbf0
0d3a8
0d57c
0d580
0d58a
0d58e
0d619
0d6e1
0d709
0d70d
0d711
0d715
0d719
0d71d
0d721
0d725
0d729
0b029
0b02d
0b04a
0b0a3
0b0ba
0b1a8
0b33c
0b344
0b377
0bad6
0bada
0bcd8
0bcff
0bd05
0be53
0be63
0bef5
0c006
0c010
0c017
0c027
0c02f
0c15d
0c219
0c270
0c499
0c4a3
0c518
0c5c1
0c5c8
0c5d7
0c61a
0c673
0c77d
0c796
0c79a
0c79e
0c7a8
0c7d4
0c8ab
0c8af
0c8b3
0ca74
0cabb
0d0ab
0d5af
0d5b3
0d5b7
0d5c1
0d641
0d645
0d70b
0d72f
0d733
0d737
0d73b
0d73f
0d743
0d747
0d74b
0d74f
0af9c
0b090
0b094
0b0b1
0b10a
0b121
0b223
0b37b
0b381
0bb13
0bd11
0bd33
0bd3e
0bd48
0be94
0bf19
0bf25
0c031
0c037
0c047
0c04f
0c063
0c18e
0c23d
0c292
0c4b4
0c527
0c52e
0c567
0c5df
0c622
0c626
0c67f
0c69e
0c6a2
0c6a6
0c7f2
0c7fe
0c802
0c80c
0c810
0c91f
0c923
0cb39
0d41e
0d49e
0d4a2
0d4a6
0d4aa
0d66d
0d72d
0d751
0d755
0d759
0d75d
0d761
0d765
0d769
0d76d
0d771
0b001
0b005
0b0f9
0b114
0b11f
0b177
0b228
0b230
0b268
0bb4c
0bb50
0bc27
0bd6f
0bd75
0bec0
0bed1
0bf49
0c04e
0c059
0c05f
0c06f
0c077
0c0c1
0c1a1
0c2a8
0c4c3
0c4cd
0c540
0c575
0c57c
0c5ef
0c62e
0c687
0c703
0c707
0c70b
0c70f
0c861
0c867
0c86b
0c875
0c89e
0c966
0cb39
0d11f
0d4d5
0d4d9
0d4dd
0d4e1
0d695
0d699
0d753
0d777
0d77b
0d77f
0d783
0d787
0d78b
0d78f
0d793
0d797
0b06a
0b15e
0b162
0b17f
0b1d2
0b1e9
0b26f
0b2aa
0b2b8
0bb89
0bc1f
0bc47
0bc52
0bc5c
0bdb0
0bf6d
0bf79
0c079
0c07f
0c08d
0c095
0c0a7
0c0f3
0c1c6
0c2ca
0c4de
0c54f
0c556
0c58d
0c5f7
0c636
0c63a
0c657
0c76a
0c76e
0c772
0c776
0c8c2
0c8c8
0c8cc
0c8d6
0c9a9
0c9ad
0cbb7
0d32c
0d510
0d514
0d518
0d51c
0d6bd
0d6e5
0d775
0d799
0d79d
0d7a1
0d7a5
0d7a9
0d7ad
0d7b1
0d7b5
0b132
0b145
0b16c
0b176
0b184
0b23e
0b25c
0b269
0b274
0b334
0b3fa
0b407
0b630
0c0cd
0c184
0c18f
0c351
0c53e
0c63d
0c76a
0c83d
0c84a
0c85c
0c87b
0c8a0
0c8db
0c948
0c990
0c999
0c9b2
0ca2c
0cadf
0cafc
0cb00
0cb22
0cb3b
0cb3f
0cbe4
0ccaf
0ccd8
0cced
0cd88
0cd8e
0cda4
0ce98
0cef7
0cf04
0cf14
0cf18
0d03d
0d12b
0d7bb
0d7bf
0d7c3
0d7c7
0d7cb
0d7cf
0d7d3
0d7d7
0d7db
0d7df
0b197
0b1ae
0b1d5
0b1df
0b1e8
0b293
0b2a7
0b2b5
0b2bd
0b431
0b442
0b44a
0c0bf
0c0ca
0c0f0
0c362
0c54b
0c58b
0c665
0c6af
0c6b7
0c76e
0c8a4
0c8bb
0c8dd
0c98a
0c9b4
0c9e0
0c9f5
0ca5c
0ca73
0cb1e
0cb43
0cb47
0cb63
0cb7a
0cb7e
0cc1e
0ccef
0cd14
0cd2a
0cda7
0cdcb
0cde1
0ced1
0cf1a
0cf41
0cf51
0cf55
0d0bd
0d7e0
0d7e4
0d7e8
0d7ec
0d7f0
0d7f4
0d7f8
0d7fc
0d800
0d804
0af9c
0afac
0afce
0afda
0afe8
0b220
0b2d8
0b2ec
0b2fa
0b303
0b478
0b484
0b53c
0c0e9
0c0f5
0c11b
0c2fd
0c4ee
0c651
0c692
0c6b5
0c6be
0c6e0
0c716
0c71e
0c7e2
0c917
0c9d0
0c9f9
0ca25
0ca3a
0cae4
0cb72
0cb84
0cb88
0cbab
0cbbb
0cbbf
0cd0e
0cd2e
0cd4e
0cda9
0cde4
0ce08
0ce1e
0cf34
0cf75
0cf8c
0cf90
0d031
0d19f
0d809
0d80d
0d811
0d815
0d819
0d81d
0d821
0d825
0d829
0d82d
0b011
0b018
0b03e
0b049
0b052
0b318
0b32c
0b338
0b344
0b4af
0b4c0
0b4c8
0c10d
0c118
0c13e
0c30e
0c4fb
0c5b1
0c679
0c708
0c720
0c727
0c749
0c783
0c7ac
0c953
0c964
0ca17
0ca5d
0ca66
0ca7b
0cb9c
0cbc1
0cbc5
0cbdc
0cbf2
0cbf6
0cc1a
0cc29
0cc98
0cd65
0ce02
0ce45
0ce50
0ce5d
0cf71
0cfb5
0cfc9
0cfcd
0d069
0d82e
0d832
0d836
0d83a
0d83e
0d842
0d846
0d84a
0d84e
0d852
0b06a
0b07a
0b09c
0b0a8
0b0b6
0b2aa
0b35c
0b370
0b37e
0b387
0b4f0
0b4fc
0b5b6
0c137
0c143
0c169
0c327
0c516
0c629
0c765
0c770
0c788
0c796
0c7b1
0c7d7
0c814
0c903
0c910
0c927
0c9a1
0ca7c
0caa0
0caac
0cabf
0cac3
0cbea
0cbfc
0cc00
0cc38
0cc64
0cc73
0ce23
0ce5e
0ce8b
0ce9a
0cf3a
0cfd1
0cffc
0d008
0d00c
0d174
0d857
0d85b
0d85f
0d863
0d867
0d86b
0d86f
0d873
0d877
0d87b
0b0cc
0b0e6
0b10c
0b117
0b120
0b209
0b21d
0b22b
0b234
0b3b3
0b3c4
0b3cc
0c15b
0c166
0c18c
0c338
0c523
0c565
0c68d
0c7cd
0c7d9
0c7f3
0c815
0c839
0c858
0c8fb
0c92a
0c94d
0c96e
0c9da
0c9ef
0cab5
0cac7
0cacb
0caeb
0cb06
0cb0a
0cc57
0cc77
0cca2
0cd1d
0ce7c
0ceb9
0cec4
0ced5
0cfeb
0d029
0d03f
0d043
0d0e3
0d855
0d87f
0d883
0d887
0d88b
0d88f
0d893
0d897
0d89b
0d89f
0b30f
0b319
0b32b
0b338
0b344
0b3d6
0b3ee
0b3fb
0b407
0b4bd
0b572
0b57c
0b788
0c10b
0c1ab
0c236
0c23d
0c3cc
0c5b1
0c722
0c84c
0ca16
0ca21
0ca2e
0ca41
0ca60
0cade
0cafd
0cb26
0cb3c
0cba5
0cc57
0cc75
0cc7c
0cc9a
0ccaf
0ccb8
0cd54
0ce21
0ce45
0ce5b
0cef6
0cefe
0cf12
0d010
0d065
0d071
0d083
0d087
0d1ad
0d291
0d7bd
0d831
0d8a4
0d8a8
0d8ac
0d8b0
0d8b4
0d8b8
0d8bc
0d8c0
0b352
0b35d
0b371
0b37e
0b387
0b423
0b435
0b43c
0b44a
0b5a8
0b5b6
0b5be
0c0c3
0c132
0c1a4
0c1af
0c1cc
0c3e7
0c683
0c789
0c8ae
0c90c
0c925
0ca5f
0ca6c
0ca80
0cb1f
0cb63
0cb70
0cb8a
0cbed
0cc94
0ccb0
0ccbf
0ccd8
0ccec
0ccf5
0cd8c
0ce5e
0ce82
0ce9a
0cf19
0cf3b
0cf4f
0d047
0d089
0d0ae
0d0c0
0d0c4
0d227
0d7e1
0d7e5
0d8a2
0d8c4
0d8c8
0d8cc
0d8d0
0d8d4
0d8d8
0d8dc
0b1fa
0b205
0b217
0b224
0b22f
0b3c1
0b462
0b474
0b47b
0b489
0b5ec
0b5f6
0b69a
0c115
0c1bf
0c1c6
0c1e7
0c378
0c565
0c6b8
0c7db
0c8fc
0c914
0c91a
0c92e
0c958
0caae
0cb5c
0cb83
0cbab
0cbba
0cc5c
0cce6
0ccfa
0ccfe
0cd1f
0cd30
0cd34
0ce7c
0cea0
0cebc
0cf1c
0cf56
0cf78
0cf8c
0d0a2
0d0e5
0d0fb
0d0ff
0d19f
0d301
0d80a
0d87e
0d8e0
0d8e4
0d8e8
0d8ec
0d8f0
0d8f4
0d8f8
0d8fc
0b246
0b24f
0b263
0b270
0b279
0b49e
0b4ae
0b4b8
0b4c3
0b622
0b630
0b638
0c111
0c17f
0c1e0
0c1eb
0c208
0c393
0c65b
0c77f
0c85d
0c953
0c95c
0c96b
0c998
0c9b0
0caf6
0cb9d
0cbdc
0cbe8
0cc02
0cd0e
0cd2d
0cd39
0cd4c
0cd60
0cd69
0cd88
0cd97
0ce06
0ced7
0cf70
0cfb4
0cfc0
0cfd2
0d0df
0d122
0d138
0d13c
0d1d7
0d7c1
0d833
0d8df
0d900
0d904
0d908
0d90c
0d910
0d914
0d918
0b284
0b28f
0b2a1
0b2ae
0b2b9
0b43f
0b4da
0b4ec
0b4f3
0b501
0b660
0b66a
0b714
0c14f
0c1fb
0c202
0c223
0c3a2
0c58b
0c787
0c8a6
0c98c
0c99e
0c9a4
0c9b8
0c9dc
0ca9f
0caa6
0cabd
0cb2c
0cbfa
0cc1a
0cc27
0cc3c
0cc40
0cd5a
0cd6e
0cd72
0cda7
0cdd2
0cde1
0cf96
0cfd0
0cff9
0d006
0d0a6
0d140
0d16a
0d177
0d17b
0d2d8
0d837
0d85c
0d91c
0d920
0d924
0d928
0d92c
0d930
0d934
0d938
0b2ce
0b2d9
0b2ed
0b2fa
0b303
0b3a5
0b3b7
0b3be
0b3cc
0b52e
0b53c
0b544
0c15c
0c191
0c21c
0c227
0c244
0c3bd
0c66f
0c6c1
0c846
0c9d9
0c9e6
0c9f9
0ca1e
0ca3a
0ca9b
0cae3
0caec
0cb0d
0cb75
0cc2f
0cc43
0cc47
0cc64
0cc80
0cc84
0cdc5
0cde9
0ce11
0ce8b
0cfea
0d028
0d034
0d048
0d159
0d197
0d1ae
0d1b2
0d24d
0d80f
0d881
0d8a3
0d93b
0d93f
0d943
0d947
0d94b
0d94f
0d953
0b495
0b49c
0b4ab
0b4b8
0b4c3
0b54e
0b56a
0b575
0b57c
0b61e
0b6df
0b6eb
0b900
0c13c
0c1b0
0c25d
0c2df
0c2e5
0c44a
0c77f
0c95d
0cb9c
0cba7
0cbb5
0cbcb
0cbe1
0cc55
0cc79
0cc9c
0ccb6
0cd19
0cdc5
0cde4
0cded
0ce07
0ce1d
0ce29
0cec2
0cf8e
0cfb4
0cfc9
0d064
0d06c
0d082
0d17f
0d1d3
0d1dd
0d1ef
0d1f3
0d30f
0d3f3
0d833
0d8a4
0d956
0d95a
0d95e
0d962
0d966
0d96a
0d96e
0d972
0b4d3
0b4dd
0b4e9
0b4f5
0b501
0b599
0b5ad
0b5b4
0b5be
0b716
0b721
0b72c
0c135
0c1a3
0c1ce
0c257
0c261
0c27c
0c465
0c99a
0ca61
0caab
0cabd
0cbe0
0cbec
0cbfc
0cc96
0ccd8
0cce4
0cd00
0cd5d
0ce02
0ce21
0ce2f
0ce45
0ce5a
0ce66
0cefc
0cfcb
0cff0
0d006
0d088
0d0a9
0d0bf
0d1b6
0d1f5
0d218
0d22a
0d22e
0d389
0d82f
0d85b
0d8c4
0d974
0d978
0d97c
0d980
0d984
0d988
0d98c
0b397
0b3a3
0b3af
0b3bc
0b3c7
0b52a
0b5d6
0b5ea
0b5f1
0b5fb
0b758
0b764
0b80d
0c189
0c1d4
0c270
0c276
0c295
0c3f6
0c839
0c9da
0ca9a
0cab2
0cab9
0cad0
0caf0
0cc2b
0ccd0
0ccf9
0cd1d
0cd30
0cdcc
0ce54
0ce6a
0ce6e
0ce8c
0cea0
0cea5
0cfea
0d00e
0d02b
0d08b
0d0c5
0d0e6
0d0fc
0d20e
0d24f
0d263
0d267
0d301
0d463
0d880
0d8e0
0d973
0d992
0d996
0d99a
0d99e
0d9a2
0d9a6
0d9aa
0b3de
0b3e7
0b3f6
0b3ff
0b40b
0b610
0b623
0b62c
0b633
0b791
0b79b
0b7a5
0c0cf
0c1df
0c20a
0c28f
0c299
0c2b4
0c411
0c996
0ca2c
0caed
0caf4
0cafd
0cb2a
0cb3c
0cc6e
0cd10
0cd4c
0cd58
0cd74
0ce7c
0ce97
0cea9
0ceb9
0ced2
0ceda
0cef6
0cf06
0cf76
0d041
0d0de
0d121
0d12e
0d141
0d249
0d288
0d29e
0d2a2
0d339
0d7bb
0d87d
0d900
0d9ac
0d9b0
0d9b4
0d9b8
0d9bc
0d9c0
0d9c4
0b413
0b421
0b42d
0b43a
0b446
0b5a1
0b64a
0b65e
0b665
0b66f
0b7cc
0b7d8
0b887
0c0ee
0c210
0c2a8
0c2ae
0c2cd
0c420
0c8a3
0ca5c
0cb1e
0cb30
0cb37
0cb4e
0cb68
0cc18
0cc20
0cc35
0cca4
0cd64
0cd88
0cd94
0cdac
0cdb1
0cec8
0cede
0cee2
0cf14
0cf40
0cf4f
0d105
0d13f
0d167
0d176
0d212
0d2a6
0d2ce
0d2db
0d2df
0d43a
0d7e2
0d91c
0d9ab
0d9ca
0d9ce
0d9d2
0d9d6
0d9da
0d9de
0d9e2
0b45a
0b465
0b471
0b47d
0b489
0b51f
0b533
0b53a
0b544
0b69d
0b6a7
0b6b2
0c0e7
0c21b
0c245
0c2c7
0c2d1
0c2ec
0c43b
0c90f
0ca1a
0cb65
0cb72
0cb83
0cba2
0cbba
0cc16
0cc5b
0cc67
0cc87
0cce9
0cd9d
0cdb3
0cdb7
0cdd2
0cde9
0cdf4
0cf33
0cf57
0cf7f
0cff9
0d158
0d196
0d1a2
0d1b7
0d2bf
0d2f8
0d310
0d314
0d3af
0d7eb
0d812
0d93b
0d9e3
0d9e7
0d9eb
0d9ef
0d9f3
0d9f7
0d9fb
0b607
0b610
0b61a
0b62a
0b633
0b6bc
0b6d3
0b6e3
0b6eb
0b791
0b84c
0b858
0ba6f
0c0e1
0c204
0c262
0c2fe
0c363
0c4c8
0c996
0caf7
0cd0e
0cd1a
0cd27
0cd3f
0cd4e
0cdc4
0cdeb
0ce08
0ce1f
0ce87
0cf33
0cf56
0cf5f
0cf74
0cf8b
0cf90
0d030
0d0f9
0d121
0d139
0d1d2
0d1da
0d1ee
0d2e3
0d335
0d33f
0d351
0d355
0d471
0d54b
0d80d
0d814
0d818
0d902
0d9fe
0da02
0da06
0da0a
0da0e
0da12
0b643
0b64d
0b65a
0b666
0b66f
0b707
0b71c
0b723
0b72c
0b881
0b88f
0b89a
0c105
0c1fd
0c256
0c27e
0c300
0c316
0c4e3
0cb2c
0cbe2
0cc25
0cc35
0cd50
0cd5c
0cd6e
0ce04
0ce45
0ce50
0ce65
0cecb
0cf70
0cf93
0cf9d
0cfb4
0cfc8
0cfcd
0d068
0d136
0d15e
0d176
0d1f4
0d215
0d229
0d318
0d357
0d37a
0d38c
0d390
0d4e5
0d82f
0d839
0d83d
0d91c
0d975
0da15
0da19
0da1d
0da21
0da25
0b511
0b51e
0b526
0b536
0b53f
0b69d
0b744
0b759
0b760
0b769
0b8c6
0b8d3
0b97c
0c12f
0c23f
0c283
0c30f
0c328
0c474
0ca1a
0cb66
0cc14
0cc2d
0cc33
0cc4b
0cc66
0cd98
0ce3e
0ce6a
0ce8b
0ce9b
0cf3a
0cfc2
0cfd8
0cfdc
0cffb
0d008
0d00c
0d158
0d17c
0d199
0d1f7
0d22f
0d250
0d264
0d370
0d3b1
0d3c5
0d3c9
0d463
0d5b9
0d85c
0d862
0d866
0d93d
0da28
0da2c
0da30
0da34
0da38
0da3c
0b557
0b55f
0b56f
0b578
0b580
0b77e
0b78c
0b79a
0b7a1
0b8fb
0b909
0b914
0c153
0c1b0
0c28e
0c2b6
0c32a
0c340
0c48f
0cb28
0cbb4
0cc65
0cc6c
0cc79
0cca0
0ccb4
0cddc
0ce7e
0ceb9
0cec4
0ced9
0cfea
0d00d
0d017
0d028
0d03e
0d043
0d064
0d073
0d0e2
0d1ac
0d248
0d287
0d294
0d2a7
0d3ab
0d3ea
0d400
0d404
0d497
0d87c
0d886
0d88a
0d8a4
0d9ad
0da3f
0da43
0da47
0da4b
0da4f
0b58b
0b597
0b5a4
0b5b0
0b5b9
0b716
0b7b8
0b7cd
0b7d4
0b7dd
0b93a
0b946
0b9f6
0c17c
0c1c8
0c2bb
0c339
0c352
0c49e
0ca61
0cbdf
0cc94
0cca6
0ccad
0ccc5
0ccda
0cd87
0cd8d
0cda3
0ce12
0cece
0cef6
0cf03
0cf14
0cf18
0d036
0d04c
0d050
0d07f
0d0ad
0d0bf
0d26d
0d2a5
0d2cb
0d2da
0d374
0d408
0d430
0d43d
0d441
0d590
0d7c0
0d7c7
0d7cb
0d8c6
0da52
0da56
0da5a
0da5e
0da62
0da66
0b5cf
0b5d9
0b5e6
0b5f2
0b5fb
0b68d
0b6a2
0b6a9
0b6b2
0b807
0b815
0b820
0c0b7
0c1c1
0c2c6
0c2ed
0c354
0c36a
0c4b9
0caaf
0cba0
0ccd9
0cce6
0ccf9
0cd14
0cd2a
0cd84
0cdc9
0cdd3
0cdf1
0ce57
0cf0b
0cf21
0cf25
0cf40
0cf51
0cf55
0d0a1
0d0c5
0d0ed
0d167
0d2be
0d2f7
0d304
0d319
0d421
0d45b
0d472
0d476
0d509
0d7e2
0d7eb
0d7ef
0d8e0
0d9e4
0da69
0da6d
0da71
0da75
0da79
0b775
0b77f
0b78b
0b79a
0b7a1
0b82a
0b843
0b850
0b858
0b903
0b9b9
0b9c6
0bbd3
0c1b8
0c28e
0c2f1
0c37c
0c3e1
0c544
0cb28
0cc6f
0ce7c
0ce88
0ce95
0ceae
0cebc
0cf32
0cf5d
0cf78
0cf8d
0cff5
0d0a1
0d0c5
0d0cd
0d0e4
0d0f9
0d0ff
0d19e
0d261
0d287
0d29f
0d334
0d33c
0d350
0d445
0d493
0d49d
0d4af
0d4b3
0d5c7
0d66b
0d8c7
0d8e6
0d8ea
0d9af
0da7c
0da80
0da84
0da88
0da8c
0da90
0b7b0
0b7bb
0b7cb
0b7d5
0b7dd
0b875
0b885
0b891
0b89a
0b9ee
0b9fd
0ba08
0c109
0c1d8
0c2cc
0c317
0c37e
0c394
0c55b
0cca4
0cd52
0cd92
0cda3
0cebd
0ceca
0cedf
0cf72
0cfb4
0cfc0
0cfd7
0d039
0d0de
0d102
0d10b
0d121
0d136
0d13c
0d1d6
0d29c
0d2c2
0d2da
0d356
0d377
0d38b
0d47a
0d4b5
0d4d7
0d4e8
0d4ec
0d61d
0d833
0d900
0d906
0d9c8
0da14
0da93
0da97
0da9b
0da9f
0daa3
0b680
0b68b
0b695
0b6a6
0b6ad
0b80f
0b8b2
0b8c2
0b8ce
0b8d7
0ba33
0ba40
0bae8
0c1f4
0c2c6
0c31b
0c38d
0c3a6
0c4f4
0cba0
0ccdd
0cd82
0cd9a
0cda1
0cdba
0cdd5
0cf07
0cfac
0cfd8
0cff9
0d007
0d0a6
0d130
0d146
0d14a
0d169
0d177
0d17b
0d2be
0d2e0
0d2fa
0d359
0d391
0d3b2
0d3c6
0d4cc
0d50b
0d51f
0d523
0d5b9
0d6bb
0d903
0d922
0d926
0d9e6
0daa6
0daaa
0daae
0dab2
0dab6
0daba
0b6c5
0b6cd
0b6de
0b6e7
0b6ef
0b8ec
0b8fa
0b908
0b90f
0ba68
0ba77
0ba82
0c155
0c214
0c2e1
0c341
0c3a8
0c3be
0c50b
0cc9e
0cd26
0cdd4
0cdda
0cdeb
0ce0e
0ce27
0cf4a
0cfec
0d028
0d034
0d04b
0d158
0d17c
0d185
0d196
0d1aa
0d1b2
0d1d2
0d1df
0d24c
0d30e
0d3aa
0d3e9
0d3f6
0d409
0d505
0d542
0d558
0d55c
0d5ed
0d881
0d93b
0d941
0d958
0da3e
0dabd
0dac1
0dac5
0dac9
0dacd
0b6fa
0b705
0b70f
0b720
0b728
0b888
0b926
0b938
0b942
0b94b
0baa6
0bab4
0bb5e
0c22f
0c256
0c345
0c3b7
0c3d0
0c51c
0cbe2
0cd51
0ce02
0ce14
0ce1b
0ce34
0ce48
0cef5
0cefc
0cf11
0cf80
0d03c
0d064
0d070
0d083
0d087
0d1a4
0d1ba
0d1be
0d1eb
0d217
0d229
0d3cf
0d407
0d42d
0d43c
0d4d0
0d560
0d586
0d593
0d597
0d69b
0d8a5
0d8ab
0d8af
0d977
0dad0
0dad4
0dad8
0dadc
0dae0
0dae4
0b73c
0b747
0b757
0b761
0b769
0b7fb
0b80b
0b817
0b820
0b974
0b983
0b98e
0c0bb
0c19c
0c294
0c36b
0c3d2
0c3e8
0c533
0cc2c
0cd13
0ce47
0ce54
0ce6a
0ce82
0ce9f
0cef2
0cf37
0cf41
0cf63
0cfc5
0d079
0d08f
0d093
0d0ad
0d0c0
0d0c4
0d20d
0d22f
0d255
0d2cb
0d420
0d45a
0d466
0d47b
0d577
0d5b0
0d5c8
0d5cc
0d641
0d7e4
0d8c4
0d8ca
0d990
0da68
0dae7
0daeb
0daef
0daf3
0daf7
0b8e3
0b8ec
0b8f7
0b908
0b90f
0b998
0b9b2
0b9be
0b9c6
0ba64
0bb23
0bb30
0bd35
0c1bb
0c26b
0c36f
0c3fa
0c45f
0c5b7
0c7ff
0cc9e
0cddd
0cfea
0cff6
0d003
0d01c
0d02b
0d0a0
0d0cb
0d0e6
0d0fd
0d163
0d20d
0d22f
0d237
0d24e
0d261
0d267
0d300
0d3c3
0d3e9
0d401
0d492
0d49a
0d4ae
0d59b
0d5e9
0d5f4
0d5f8
0d66b
0d6e9
0d978
0d995
0d999
0da40
0dafa
0dafe
0db02
0db06
0db0a
0db0e
0b91f
0b929
0b935
0b943
0b94b
0b9e3
0b9f4
0b9ff
0ba08
0bb56
0bb65
0bb70
0c17b
0c285
0c350
0c395
0c3fc
0c412
0c5cd
0c874
0ce12
0cebf
0cf02
0cf11
0d02c
0d038
0d04d
0d0e0
0d121
0d12e
0d145
0d1a7
0d248
0d26a
0d273
0d287
0d29c
0d2a2
0d338
0d3fe
0d425
0d43c
0d4b4
0d4d3
0d4e7
0d5d0
0d5fc
0d61e
0d622
0d695
0d8ff
0d9ae
0d9b3
0da52
0da92
0db11
0db15
0db19
0db1d
0db21
0b7eb
0b7fa
0b803
0b814
0b81c
0b970
0ba20
0ba31
0ba3c
0ba45
0bb99
0bba7
0bc4a
0c1f7
0c2a3
0c399
0c40b
0c424
0c56b
0c8c7
0cd13
0ce4a
0cef0
0cf09
0cf0f
0cf28
0cf43
0d074
0d11a
0d146
0d167
0d177
0d212
0d296
0d2ac
0d2b0
0d2cd
0d2db
0d2df
0d420
0d442
0d45d
0d4b7
0d4ed
0d50c
0d520
0d613
0d643
0d64a
0d64e
0d731
0d9b0
0d9cd
0d9d1
0da6a
0db24
0db28
0db2c
0db30
0db34
0db38
0b833
0b83b
0b845
0b855
0b85d
0ba5a
0ba69
0ba76
0ba7e
0bbcc
0bbdb
0bbe6
0c0e0
0c2bd
0c2fc
0c3bf
0c426
0c43c
0c581
0c6d8
0ce0d
0ce94
0cf42
0cf48
0cf5d
0cf7c
0cf99
0d0b8
0d15a
0d196
0d1a2
0d1b9
0d2be
0d2e0
0d2e9
0d2f7
0d30c
0d314
0d334
0d341
0d3ae
0d470
0d504
0d541
0d54e
0d561
0d63d
0d66d
0d674
0d678
0d93a
0d9e5
0d9ea
0d9fe
0dabc
0db3b
0db3f
0db43
0db47
0db4b
0b865
0b873
0b87d
0b88e
0b896
0b9ea
0ba94
0baa7
0bab0
0bab9
0bc08
0bc16
0bcc0
0c232
0c2da
0c3c3
0c435
0c44e
0c591
0c731
0cd52
0cebe
0cf70
0cf82
0cf89
0cfa2
0cfb7
0d063
0d06a
0d081
0d0ee
0d1ac
0d1d2
0d1dc
0d1ef
0d1f3
0d306
0d31c
0d320
0d34d
0d379
0d38b
0d529
0d55f
0d583
0d592
0d617
0d67a
0d69c
0d6a0
0d779
0d959
0d95e
0d962
0da16
0db4e
0db52
0db56
0db5a
0db5e
0db62
0b8ab
0b8b5
0b8bf
0b8cf
0b8d7
0b969
0b97a
0b985
0b98e
0bae0
0baef
0bafa
0c12e
0c24d
0c326
0c3e9
0c450
0c466
0c5a7
0c7a6
0cd99
0ce80
0cfb6
0cfc2
0cfd8
0cff0
0d012
0d060
0d0a5
0d0ae
0d0d1
0d133
0d1e5
0d1fb
0d1ff
0d217
0d22a
0d22e
0d36f
0d391
0d3b7
0d42d
0d576
0d5af
0d5bc
0d5d1
0d691
0d6bd
0d6c6
0d6ca
0d8c3
0d976
0d97b
0da28
0dae6
0db65
0db69
0db6d
0db71
0db75
0ba51
0ba5a
0ba67
0ba76
0ba7e
0bb04
0bb1c
0bb28
0bb30
0bbc8
0bc85
0bc92
0be8b
0c26c
0c30a
0c3ed
0c478
0c4dd
0c606
0c6da
0c7e6
0c7ff
0ce0d
0cf4b
0d158
0d164
0d171
0d18a
0d199
0d20c
0d235
0d250
0d265
0d2c7
0d36f
0d391
0d399
0d3b0
0d3c3
0d3c9
0d462
0d51d
0d541
0d559
0d5e8
0d5f0
0d5fd
0d6c3
0d6ea
0d6ee
0d79b
0da17
0da2d
0da31
0dabe
0db78
0db7c
0db80
0db84
0db88
0db8c
0ba8d
0ba97
0baa4
0bab1
0bab9
0bb4b
0bb5c
0bb67
0bb70
0bcb8
0bcc7
0bcd2
0c232
0c31d
0c3ce
0c413
0c47a
0c490
0c615
0c74c
0c853
0c874
0cf80
0d02e
0d06f
0d081
0d19a
0d1a6
0d1bb
0d24a
0d287
0d294
0d2ab
0d309
0d3aa
0d3cc
0d3d5
0d3e9
0d3fe
0d404
0d496
0d556
0d57a
0d592
0d5fb
0d61a
0d627
0d6e1
0d70e
0d712
0d9ad
0da3f
0da44
0dad0
0db10
0db8f
0db93
0db97
0db9b
0db9f
0b95b
0b967
0b973
0b982
0b989
0badc
0bb86
0bb97
0bba2
0bbab
0bcfb
0bd08
0bda8
0c2a4
0c334
0c417
0c489
0c4a2
0c5d6
0c7a8
0c8b0
0c8c7
0ce80
0cfb9
0d05e
0d076
0d07d
0d096
0d0b0
0d1e0
0d282
0d2ac
0d2cb
0d2db
0d374
0d3f8
0d40e
0d412
0d42f
0d43d
0d441
0d576
0d598
0d5b2
0d5fe
0d625
0d644
0d651
0d716
0d734
0d738
0da41
0da57
0da5b
0dae8
0dba2
0dba6
0dbaa
0dbae
0dbb2
0dbb6
0b9a0
0b9a9
0b9b4
0b9c3
0b9cb
0bbbe
0bbcd
0bbda
0bbe2
0bd2e
0bd3d
0bd48
0c1bb
0c347
0c37a
0c43d
0c4a4
0c4ba
0c5e5
0c6aa
0c6d8
0c81a
0cf7b
0d002
0d0af
0d0b6
0d0cb
0d0ea
0d107
0d222
0d2c0
0d2f7
0d304
0d31b
0d420
0d442
0d44b
0d45a
0d46e
0d476
0d492
0d49f
0d508
0d5c6
0d63c
0d66a
0d673
0d72d
0d756
0d75a
0d9e4
0da69
0da6e
0da7c
0db3a
0dbb9
0dbbd
0dbc1
0dbc5
0dbc9
0b9d5
0b9e1
0b9ed
0b9fc
0ba03
0bb52
0bbf6
0bc09
0bc12
0bc1b
0bd6a
0bd78
0be1a
0c2db
0c35e
0c441
0c4b3
0c4cc
0c5ee
0c70b
0c731
0c876
0cebf
0d02d
0d0de
0d0f0
0d0f7
0d110
0d124
0d1d1
0d1d8
0d1ed
0d256
0d30e
0d334
0d33e
0d351
0d355
0d468
0d47e
0d482
0d4ab
0d4d6
0d4e7
0d652
0d679
0d698
0d6a7
0d75e
0d77c
0d780
0d9ff
0da04
0da08
0da94
0dbcc
0dbd0
0dbd4
0dbd8
0dbdc
0dbe0
0ba18
0ba23
0ba2e
0ba3d
0ba45
0bad5
0bae6
0baf1
0bafa
0bc42
0bc51
0bc5c
0c1f7
0c2f3
0c3a4
0c467
0c4ce
0c4e4
0c5fd
0c778
0c7a6
0c8e2
0cf08
0cfef
0d123
0d130
0d146
0d15e
0d181
0d1ce
0d211
0d218
0d23b
0d299
0d347
0d35d
0d361
0d379
0d38c
0d390
0d4cb
0d4ed
0d511
0d583
0d690
0d6ba
0d6c5
0d775
0d79c
0d7a0
0d975
0da15
0da1a
0daa6
0db64
0dbe3
0dbe7
0dbeb
0dbef
0dbf3
0bbb5
0bbbe
0bbcb
0bbda
0bbe2
0bc66
0bc7e
0bc8a
0bc92
0bd2a
0bde1
0bdee
0bf96
0c30b
0c388
0c46b
0c4f2
0c558
0c643
0c69a
0c6bc
0c6cb
0c6db
0c6e7
0c6eb
0c7ec
0c930
0cf7b
0d0b9
0d2be
0d2c8
0d2d5
0d2ee
0d310
0d36f
0d39e
0d3b4
0d3ce
0d435
0d4de
0d4f3
0d4f7
0d50e
0d521
0d525
0d63c
0d64f
0d67e
0d6e5
0d6f3
0d79b
0da2a
0daaa
0daae
0db3a
0db7a
0dbf9
0dbfd
0dc01
0dc05
0dc09
0bbee
0bbf9
0bc06
0bc13
0bc1b
0bcad
0bcbe
0bcc9
0bcd2
0be12
0be21
0be2c
0c2db
0c39b
0c44c
0c491
0c4f7
0c50c
0c652
0c6ec
0c723
0c732
0c742
0c74e
0c752
0c853
0ca28
0d0ee
0d19c
0d1dc
0d1f9
0d2fd
0d30a
0d323
0d3cc
0d3ea
0d400
0d45e
0d496
0d517
0d52d
0d531
0d54c
0d55a
0d55e
0d666
0d679
0d6a8
0d6f2
0d717
0d959
0dabc
0dac1
0dac5
0db8d
0dc0b
0dc0f
0dc13
0dc17
0dc1b
0bac9
0bad3
0badf
0baee
0baf6
0bc3e
0bce8
0bcf9
0bd04
0bd0d
0be53
0be60
0beef
0c335
0c3b2
0c495
0c508
0c51a
0c61b
0c701
0c77a
0c795
0c7a5
0c7b2
0c7b7
0c8b0
0c9ba
0cfef
0d126
0d1cc
0d1e2
0d1e9
0d202
0d228
0d343
0d3e5
0d414
0d42f
0d446
0d53d
0d55f
0d568
0d57a
0d58f
0d595
0d616
0d69a
0d6c4
0d6f5
0d716
0d73b
0da54
0dad4
0dad8
0db64
0dba4
0dc21
0dc25
0dc29
0dc2d
0dc31
0bb0a
0bb13
0bb1e
0bb2d
0bb35
0bd20
0bd2f
0bd3c
0bd43
0be84
0be93
0be9e
0c26c
0c3c5
0c3f8
0c4bb
0c51f
0c534
0c62a
0c6aa
0c7ba
0c7ee
0c800
0c810
0c81c
0c820
0c9ff
0d0e8
0d170
0d219
0d220
0d235
0d254
0d270
0d385
0d442
0d45b
0d472
0d508
0d589
0d59f
0d5a3
0d5ba
0d5ca
0d5ce
0d5f4
0d641
0d6c3
0d72d
0d757
0d991
0dae6
0daeb
0daef
0dbb7
0dc33
0dc37
0dc3b
0dc3f
0dc43
0bb3f
0bb49
0bb55
0bb64
0bb6c
0bcb4
0bd58
0bd6b
0bd74
0bd7d
0bec0
0bece
0bf43
0c35f
0c3dc
0c4bf
0c530
0c542
0c62f
0c70b
0c7cf
0c844
0c863
0c873
0c880
0c885
0c94e
0d02e
0d19b
0d248
0d258
0d25f
0d278
0d29e
0d334
0d33c
0d351
0d3b9
0d47e
0d498
0d4ab
0d4b1
0d54a
0d5c6
0d5d6
0d5e4
0d5fb
0d62a
0d73d
0d75e
0d785
0da00
0da81
0da85
0db10
0dbce
0dc49
0dc4d
0dc51
0dc55
0dc59
0bb7e
0bb89
0bb94
0bba3
0bbab
0bc37
0bc48
0bc53
0bc5c
0bda0
0bdaf
0bdba
0c2a4
0c371
0c422
0c4e5
0c547
0c55c
0c63e
0c778
0c888
0c8b8
0c8c8
0c8d8
0c8e5
0c8e9
0ca83
0d075
0d15c
0d289
0d296
0d2ac
0d2c4
0d2e6
0d356
0d375
0d38a
0d3ed
0d48e
0d4b4
0d4bd
0d4d1
0d4e4
0d4ea
0d583
0d61c
0d648
0d695
0d775
0d79d
0d9c9
0da92
0da97
0da9b
0dbe1
0dc5b
0dc5f
0dc63
0dc67
0dc6b
0bd18
0bd20
0bd2d
0bd3c
0bd43
0bdc2
0bdda
0bde6
0bdee
0be80
0bf19
0bf27
0c074
0c389
0c406
0c4e8
0c569
0c5ca
0c67f
0c69a
0c6a6
0c6b6
0c6dd
0c86d
0c8c6
0c8dd
0c907
0c91e
0c931
0c935
0ca84
0cb6f
0d21c
0d41f
0d429
0d435
0d44a
0d45d
0d4cb
0d4fa
0d50e
0d528
0d58b
0d625
0d62d
0d642
0d64a
0d64e
0d72c
0d739
0d762
0da68
0db25
0db2a
0db2e
0dbf6
0dc70
0dc74
0dc78
0dc7c
0dc80
0bd51
0bd5b
0bd68
0bd75
0bd7d
0be07
0be18
0be23
0be2c
0bf3b
0bf4a
0bf55
0c35f
0c419
0c4ca
0c50d
0c56e
0c582
0c68e
0c6ca
0c6ec
0c70d
0c71d
0c744
0c8ce
0c8fc
0c94c
0c962
0c976
0c97a
0cb10
0d11f
0d25e
0d336
0d34f
0d45e
0d46a
0d47f
0d526
0d542
0d558
0d5b3
0d5ec
0d64f
0d658
0d66c
0d674
0d678
0d754
0d77a
0d87e
0dabd
0db3d
0db41
0dbcd
0dc81
0dc85
0dc89
0dc8d
0dc91
0bc2b
0bc35
0bc41
0bc50
0bc57
0bd9c
0be40
0be51
0be5c
0be65
0bf6d
0bf7a
0bfe5
0c3b3
0c430
0c510
0c57e
0c58f
0c657
0c6d2
0c701
0c73f
0c771
0c779
0c792
0c7b5
0c96a
0c998
0c9b1
0c9bd
0ca67
0cbe5
0d28b
0d32d
0d342
0d349
0d35e
0d37c
0d4a0
0d53d
0d56c
0d585
0d59c
0d666
0d680
0d684
0d69a
0d6a0
0d774
0d781
0d7a6
0da14
0db4f
0db54
0db58
0dc1e
0dc96
0dc9a
0dc9e
0dca2
0dca6
0bc6c
0bc75
0bc80
0bc8f
0bc97
0be76
0be85
0be92
0be99
0bf8f
0bf9e
0bfa9
0c30b
0c443
0c476
0c535
0c594
0c5a8
0c666
0c756
0c798
0c7ba
0c7e5
0c7ed
0c812
0c906
0c9b3
0c9e1
0c9f6
0ca02
0caa5
0d194
0d2d3
0d371
0d380
0d391
0d3b4
0d3d1
0d4e0
0d598
0d5b0
0d5c8
0d640
0d6a3
0d6ac
0d6bc
0d6c6
0d6ca
0d6ea
0d799
0d7f4
0dae7
0db67
0db6b
0db79
0dca7
0dcab
0dcaf
0dcb3
0dcb7
0bca1
0bcab
0bcb7
0bcc6
0bcce
0be0e
0beae
0bec1
0beca
0bed3
0bfbc
0bfcb
0c02d
0c3dd
0c45a
0c538
0c5a4
0c5b5
0c66b
0c7a0
0c7cf
0c80d
0c844
0c850
0c860
0c883
0c9d1
0ca1e
0ca32
0ca45
0ca49
0cbcd
0d2fb
0d3a9
0d3b8
0d3bf
0d3d4
0d3ec
0d492
0d49a
0d4af
0d513
0d5d4
0d5ee
0d5f6
0d5fa
0d6c2
0d6d2
0d6e0
0d6f1
0d71a
0da3e
0dafc
0db01
0db67
0dc46
0dcbc
0dcc0
0dcc4
0dcc8
0dccc
0bce0
0bceb
0bcf6
0bd05
0bd0d
0bd95
0bda6
0bdb1
0bdba
0bee7
0bef6
0bf01
0c335
0c3ef
0c4a0
0c55d
0c5ba
0c5ce
0c67a
0c824
0c866
0c888
0c8af
0c8b7
0c8da
0c990
0ca3d
0ca65
0ca7a
0ca87
0cb25
0d0ab
0d1e8
0d3e7
0d3f0
0d407
0d425
0d447
0d4b4
0d4d1
0d4e6
0d545
0d5e4
0d602
0d606
0d61c
0d622
0d694
0d70c
0d732
0d830
0da93
0db13
0db17
0dba3
0dccd
0dcd1
0dcd5
0dcd9
0dcdd
0b15e
0be6d
0be76
0be83
0be92
0be99
0bf09
0bf17
0bf22
0bf2b
0c001
0c00f
0c01b
0c16a
0c407
0c484
0c55f
0c5d4
0c612
0c734
0c766
0c7ae
0c7d3
0c7f9
0c81b
0c8b6
0c8d5
0c907
0c91e
0c931
0ca4c
0caa2
0caad
0cac0
0cac4
0cbfa
0cce0
0d37e
0d576
0d580
0d58d
0d5a6
0d5c8
0d614
0d640
0d64a
0d70a
0d71c
0d720
0d735
0d73f
0d85d
0d86b
0d86f
0db91
0dba7
0dbab
0dc6e
0dce3
0dce7
0dceb
0b1db
0bea6
0beb1
0bebe
0becb
0bed3
0bf3c
0bf49
0bf50
0bfb1
0c02d
0c03a
0c18b
0c3dd
0c497
0c541
0c583
0c5d9
0c5e6
0c6aa
0c6d8
0c7a1
0c80e
0c81a
0c841
0c87d
0c8fe
0c94c
0c962
0c976
0ca8b
0cad3
0caec
0cb07
0cb0b
0cc76
0d258
0d3c0
0d49c
0d4b9
0d5b5
0d5c2
0d5db
0d656
0d66e
0d67f
0d73c
0d743
0d756
0d75b
0d87e
0d88f
0d893
0db3a
0dbb9
0dbbe
0dc46
0dced
0dcf1
0dcf5
0afc2
0bd89
0bd93
0bd9f
0bdae
0bdb5
0bee3
0bf66
0bf73
0bf7a
0c049
0c058
0c063
0c0ce
0c431
0c4ae
0c585
0c5e2
0c5ec
0c70b
0c731
0c802
0c834
0c879
0c89f
0c8c1
0c8e4
0c938
0c97b
0c998
0c9b1
0cae1
0cb23
0cb3b
0cb40
0cbe4
0cd54
0d3ed
0d48e
0d4a2
0d4a9
0d4c2
0d4e6
0d668
0d694
0d69e
0d752
0d765
0d769
0d77d
0d787
0d7c1
0d7cf
0d7d3
0dbbb
0dbd1
0dbd5
0dc94
0dcfb
0dcff
0dd03
0b046
0bdc9
0bdd1
0bddc
0bdeb
0bdf3
0bf87
0bf97
0bfa0
0bfa9
0c074
0c082
0c0f1
0c389
0c4c1
0c4f1
0c5a9
0c5f1
0c5fe
0c6b5
0c6c6
0c771
0c797
0c7e0
0c870
0c8e1
0c967
0c98e
0c9d8
0c9ed
0ca00
0cb20
0cb64
0cb7a
0cb7f
0cc1e
0d2c8
0d435
0d4d8
0d4de
0d4f3
0d510
0d52c
0d6aa
0d6be
0d6cf
0d783
0d78b
0d79c
0d7a1
0d7e3
0d7f4
0d7f8
0db64
0dbe3
0dbe8
0dbf6
0dd05
0dd09
0dd0d
0b090
0bdfb
0be05
0be11
0be20
0be27
0bf37
0bfb8
0bfc3
0bfcb
0c08f
0c09c
0c0a7
0c11c
0c45b
0c4d8
0c5ab
0c5fa
0c604
0c694
0c6e4
0c71c
0c72d
0c7e5
0c7fe
0c847
0c8d1
0c9c2
0ca05
0ca26
0ca3b
0cae4
0cb90
0cbac
0cbbc
0cbc0
0cd2c
0d45e
0d504
0d514
0d51b
0d534
0d558
0d5ea
0d5f4
0d6c2
0d6e6
0d6ed
0d6f7
0d7a9
0d7ad
0d80f
0d81d
0d821
0db79
0db7e
0db82
0dcba
0dd13
0dd17
0dd1b
0b114
0be38
0be43
0be4e
0be5d
0be65
0bee8
0bef5
0befd
0bf61
0bfe5
0bff2
0c13f
0c3b3
0c46d
0c519
0c5cf
0c609
0c616
0c6d4
0c741
0c753
0c785
0c7ac
0c852
0c873
0c9f1
0ca18
0ca5e
0ca71
0ca85
0cb9e
0cbdd
0cbf2
0cbf7
0cc98
0d1e2
0d34a
0d543
0d550
0d566
0d57c
0d59e
0d602
0d61a
0d631
0d6f4
0d6fb
0d70e
0d713
0d830
0d842
0d846
0db10
0db8f
0db94
0dc1e
0dd1d
0dd21
0dd25
0b023
0b02b
0b032
0b046
0b04f
0b326
0bf87
0bf98
0bfa2
0c002
0c00e
0c017
0c069
0c227
0c485
0c501
0c5d1
0c61c
0c64d
0c6ff
0c726
0c734
0c73c
0c755
0c75a
0c784
0c79a
0c7ab
0c7b6
0c7d3
0c8b5
0c98c
0c9ba
0c9dc
0ca00
0caa2
0caac
0cabf
0cbd0
0cc1b
0cc2a
0cc3d
0cc41
0cd66
0ce51
0d4e0
0d692
0d6b1
0d708
0d722
0d73f
0d849
0d91b
0d92a
0db64
0dc1f
0dc24
0dca7
0dd29
0dd2d
0dd31
0b08d
0b096
0b0a7
0b0b1
0b0b9
0b37b
0bfb8
0bfc5
0bfcc
0c02b
0c036
0c03f
0c23d
0c45b
0c512
0c5b4
0c5e7
0c620
0c62b
0c6aa
0c76f
0c796
0c79f
0c7af
0c7bf
0c7dc
0c7fe
0c80e
0c819
0c81f
0c906
0c9d1
0c9ff
0ca23
0ca45
0cad3
0caeb
0cb06
0cc09
0cc3b
0cc67
0cc81
0cc85
0cdea
0d512
0d5b5
0d600
0d6d1
0d739
0d758
0d85e
0d882
0d945
0d949
0dbb9
0dc36
0dc3a
0dcec
0dd35
0dd39
0b0f1
0b0f9
0b100
0b114
0b11d
0b212
0bedf
0bef0
0befa
0bfd8
0c04f
0c05a
0c063
0c1af
0c4af
0c529
0c5e9
0c625
0c630
0c70b
0c7cd
0c7f4
0c802
0c80a
0c823
0c828
0c855
0c868
0c87d
0c884
0c89f
0c9ee
0ca3d
0ca5d
0ca78
0cad4
0cb12
0cb2a
0cb3d
0cc58
0cc9b
0ccb3
0ccb9
0cd55
0cec5
0d546
0d5e6
0d609
0d750
0d76a
0d787
0d87c
0d8a2
0d8b2
0db10
0dc47
0dc4c
0dccd
0dd3d
0dd41
0dd45
0b15b
0b164
0b175
0b17f
0b187
0b26d
0bf12
0bf20
0bf29
0c06e
0c07b
0c082
0c1c6
0c407
0c53a
0c568
0c5ff
0c634
0c63f
0c772
0c834
0c85b
0c869
0c871
0c889
0c88f
0c8b7
0c8c9
0c8da
0c8e6
0c902
0c913
0c931
0ca34
0ca84
0cb20
0cb64
0cb78
0cb8f
0cc95
0ccdb
0ccee
0ccf6
0cd8f
0d4dc
0d58c
0d62b
0d654
0d781
0d79e
0d7cc
0d7e5
0d8ce
0d8d2
0dbe3
0dc5e
0dc62
0dd04
0dd49
0dd4d
0b1b9
0b1c1
0b1c8
0b1db
0b1e5
0b29c
0bf33
0bf44
0bf4e
0c020
0c095
0c09e
0c0a7
0c1eb
0c4d9
0c551
0c601
0c639
0c644
0c698
0c6af
0c6cb
0c6db
0c6e7
0c6eb
0c7e6
0c8ad
0c8c8
0c8d0
0c8df
0c8ef
0c929
0c955
0c96d
0c9e3
0cb52
0cb90
0cbad
0cbbb
0cc5c
0ccf2
0cd20
0cd31
0cd35
0cea1
0d5b4
0d63e
0d65d
0d6e4
0d6f3
0d7ae
0d7fc
0d8df
0d8ee
0db3a
0dbf9
0dbfd
0dc81
0dd51
0dd55
0dd59
0afbf
0afc8
0afd9
0afe3
0afeb
0b2f7
0bf66
0bf75
0bf7c
0bfe3
0bfee
0bff7
0c202
0c431
0c4ea
0c58e
0c617
0c648
0c653
0c6a0
0c6c8
0c6d1
0c6e1
0c6f1
0c713
0c730
0c740
0c74b
0c751
0c84d
0c91f
0c96a
0c998
0c9af
0ca28
0cb9e
0cbdd
0cbf0
0cc08
0cd0f
0cd4f
0cd62
0cd6a
0ce09
0d4a0
0d547
0d680
0d6a8
0d6f1
0d710
0d80d
0d834
0d90a
0d90e
0db8f
0dc0e
0dc12
0dd1c
0dd5d
0dd61
0affb
0b003
0b039
0b047
0b04f
0b166
0b257
0b26a
0b272
0b4b4
0c070
0c07f
0c087
0c2ce
0c4c6
0c576
0c5ff
0c658
0c689
0c6fe
0c708
0c747
0c771
0c779
0c78a
0c7bb
0c85d
0c870
0c95e
0c968
0c97c
0c981
0c999
0c9b9
0c9bf
0cb20
0cb51
0cb78
0cbe4
0cc1e
0cc2a
0cc49
0cd66
0cd90
0cda4
0cdb0
0ce51
0cf1f
0d774
0d789
0d7a7
0d7c4
0d841
0d9c7
0d9d6
0dc1f
0dc98
0dc9c
0dd65
0dd69
0dd6d
0b065
0b07d
0b0a8
0b0b2
0b0b9
0b1d2
0b2aa
0b2b4
0b2bc
0c08e
0c09b
0c0a2
0c2e4
0c4d3
0c516
0c58c
0c629
0c65c
0c667
0c767
0c775
0c7c2
0c7e5
0c7ed
0c814
0c8a6
0c8cb
0c909
0c9a3
0c9ad
0c9c1
0c9c6
0c9e4
0c9fe
0ca04
0cb5f
0cb90
0cbb7
0cc14
0cc5b
0cc67
0cc87
0cd83
0cdcd
0cde1
0cdf3
0ce8e
0cffa
0d6ea
0d7a8
0d7e8
0d80a
0d92e
0d9ef
0d9f3
0dca9
0dcad
0dd11
0dd71
0dd75
0afca
0b0d6
0b0de
0b107
0b115
0b11d
0b2e1
0b2f4
0b2fc
0b3b8
0bfe0
0bfef
0bff7
0c25e
0c472
0c59c
0c617
0c661
0c66c
0c6bb
0c6ce
0c7cc
0c7e3
0c815
0c844
0c850
0c858
0c88b
0c9d1
0c9ee
0c9f9
0ca09
0ca1f
0ca3a
0ca47
0cae4
0cbc1
0cbe0
0cc04
0cc57
0cc98
0cca3
0ccc3
0cde5
0ce0f
0ce25
0ce2c
0cf98
0d6e0
0d6f9
0d721
0d811
0d88e
0d956
0d966
0dc47
0dcbe
0dcc2
0dd79
0dd7d
0dd81
0b03c
0b141
0b14b
0b176
0b180
0b187
0b334
0b33e
0b346
0c000
0c00e
0c017
0c275
0c47f
0c53e
0c5b2
0c63d
0c670
0c67b
0c728
0c73b
0c835
0c851
0c890
0c8a9
0c8b5
0c8dc
0c993
0ca2d
0ca37
0ca4b
0ca50
0ca68
0ca82
0ca89
0cab0
0cacf
0cbf5
0cc7b
0ccb0
0cce0
0ccee
0cd8f
0ce22
0ce52
0ce63
0ce69
0cfd6
0d715
0d732
0d7cc
0d831
0d8b6
0d980
0d984
0dccf
0dcd3
0dce1
0dd85
0dd89
0b098
0b1a0
0b1a8
0b1cf
0b1dd
0b1e5
0b365
0b379
0b380
0b436
0c028
0c037
0c03f
0c296
0c49c
0c5c2
0c5e7
0c675
0c680
0c698
0c6a5
0c6ad
0c6dd
0c786
0c79b
0c83b
0c8b3
0c8f1
0c907
0c925
0c932
0c9e0
0ca72
0ca7d
0ca8d
0ca9c
0cad3
0cafa
0cb6e
0ccd1
0cd14
0cd21
0cd3d
0ce40
0ce83
0ce9a
0cea4
0cf3a
0d72c
0d741
0d763
0d856
0d869
0d98f
0d99e
0dbf7
0dc73
0dccf
0dd8d
0dd91
0dd95
0af97
0afaf
0afda
0afe4
0afeb
0b10a
0b220
0b22a
0b232
0c048
0c057
0c05e
0c2ad
0c4a9
0c4ee
0c566
0c651
0c684
0c68f
0c6a0
0c6c8
0c703
0c710
0c71d
0c74e
0c7f3
0c808
0c8fc
0c91f
0c92a
0c93a
0c94f
0c96e
0c978
0ca28
0cb07
0cb2e
0cb4d
0ccfb
0cd2d
0cd54
0cd62
0ce09
0ce9e
0cec6
0ced7
0cedd
0d04a
0d75d
0d77a
0d80d
0d87e
0d8f2
0d9b8
0d9bc
0dc83
0dc87
0dcf9
0dd99
0dd9d
0c6de
0c6e8
0c6f6
0c8e0
0c8f1
0c930
0c93e
0c9e3
0ca73
0ca77
0ca8d
0cb47
0cb54
0cb8e
0d434
0d438
0d4ce
0d4f4
0d4fb
0d629
0d635
0d78b
0d7ee
0d7fd
0d801
0d8f4
0d9a2
0dbfb
0dc02
0dc77
0dd07
0dd52
0dd8d
0dda0
0dda4
0dda8
0ddac
0ddb0
0ddb4
0ddb8
0ddbc
0ddc0
0ddc4
0ddc8
0ddcc
0ddd0
0ddd4
0ddd8
0dddc
0dde0
0dde4
0dde8
0ddec
0ddf0
0ddf4
0ddf8
0ddfc
0de00
0de04
0de08
0de0c
0c6e3
0c6f4
0c745
0c74f
0c75d
0c922
0c938
0c940
0c978
0ca26
0ca2a
0cb91
0cbbd
0cbd2
0d46b
0d505
0d527
0d530
0d536
0d659
0d7a4
0d7b1
0d81d
0d826
0d90b
0d9b8
0da0a
0dc14
0dc85
0dc8c
0dd5a
0dd5e
0dd99
0dda2
0de0d
0de11
0de15
0de19
0de1d
0de21
0de25
0de29
0de2d
0de31
0de35
0de39
0de3d
0de41
0de45
0de49
0de4d
0de51
0de55
0de59
0de5d
0de61
0de65
0de69
0de6d
0de71
0c748
0c757
0c75f
0c7b4
0c7bb
0c965
0c969
0c97f
0c9ba
0c9c8
0ca67
0cbc5
0cbd4
0cc06
0d348
0d34c
0d540
0d567
0d56d
0d67d
0d689
0d6fb
0d83c
0d84b
0d84f
0d930
0d9da
0dc23
0dc2a
0dc9d
0dd1f
0dd2a
0dd65
0de0d
0de11
0de76
0de7a
0de7e
0de82
0de86
0de8a
0de8e
0de92
0de96
0de9a
0de9e
0dea2
0dea6
0deaa
0deae
0deb2
0deb6
0deba
0debe
0dec2
0dec6
0deca
0dece
0ded2
0ded6
0deda
0c7b1
0c7c2
0c813
0c81d
0c82b
0c909
0c9aa
0c9ae
0c9c4
0c9ff
0ca0d
0cad1
0cbfe
0cc0d
0d385
0d577
0d599
0d5a2
0d5a8
0d6ad
0d719
0d725
0d86b
0d874
0d946
0d9ef
0da34
0dc3c
0dcab
0dcb2
0dd32
0dd36
0dd71
0de76
0dedb
0dedf
0dee3
0dee7
0deeb
0deef
0def3
0def7
0defb
0deff
0df03
0df07
0df0b
0df0f
0df13
0df17
0df1b
0df1f
0df23
0df27
0df2b
0df2f
0df33
0df37
0df3b
0df3f
0c816
0c825
0c82d
0c882
0c88b
0c94c
0c950
0c9f1
0ca07
0ca0f
0ca47
0cac9
0cad8
0cb10
0d3be
0d3c2
0d495
0d5d5
0d5db
0d6cc
0d6d9
0d743
0d889
0d898
0d89c
0d8b8
0d96a
0dc4b
0dc52
0dcc3
0dcef
0dd3e
0dd79
0dedb
0dedf
0df44
0df48
0df4c
0df50
0df54
0df58
0df5c
0df60
0df64
0df68
0df6c
0df70
0df74
0df78
0df7c
0df80
0df84
0df88
0df8c
0df90
0df94
0df98
0df9c
0dfa0
0dfa4
0dfa8
0c87c
0c890
0c8db
0c8e6
0c8f5
0c993
0ca34
0ca38
0ca4e
0ca83
0ca93
0cb13
0cb3f
0cb56
0d3fb
0d48f
0d4b5
0d4be
0d4c4
0d605
0d761
0d76d
0d7cf
0d7d8
0d8cf
0d980
0da5e
0dc64
0dcd1
0dcd8
0dd46
0dd4a
0dd85
0dda8
0df42
0df46
0dfab
0dfaf
0dfb3
0dfb7
0dfbb
0dfbf
0dfc3
0dfc7
0dfcb
0dfcf
0dfd3
0dfd7
0dfdb
0dfdf
0dfe3
0dfe7
0dfeb
0dfef
0dff3
0dff7
0dffb
0dfff
0e003
0e007
0c78d
0c791
0c88f
0c926
0c931
0c942
0ca80
0ca8f
0cac1
0cad6
0cb6f
0cbfe
0cc0d
0ccc6
0ccf1
0cd05
0d58c
0d613
0d626
0d630
0d637
0d71e
0d863
0d872
0d876
0d8d0
0d8d8
0d99c
0da34
0dc72
0dc79
0dd46
0dd8d
0ddac
0ddb0
0ddb4
0ddb8
0ddbc
0dee2
0dee6
0deea
0dfa9
0e00c
0e010
0e014
0e018
0e01c
0e020
0e024
0e028
0e02c
0e030
0e034
0e038
0e03c
0e040
0e044
0e048
0e04c
0e050
0e054
0c7f6
0c8eb
0c8f7
0c92d
0c93c
0c96e
0c976
0c987
0cad4
0cb08
0cb15
0cbae
0ccfc
0cd07
0cd33
0d5bf
0d5c3
0d63f
0d657
0d65d
0d73d
0d749
0d891
0d89a
0d8e7
0d8f3
0d8f8
0d9be
0da88
0dc8a
0dcef
0dd55
0dd99
0de13
0de17
0de1b
0de1f
0de23
0df49
0df4d
0df51
0e00a
0e00e
0e057
0e05b
0e05f
0e063
0e067
0e06b
0e06f
0e073
0e077
0e07b
0e07f
0e083
0e087
0e08b
0e08f
0e093
0e097
0c6ef
0c6fa
0c85d
0c96b
0c97b
0c989
0c9b2
0c9bf
0cb00
0cb17
0cb4f
0cbe5
0cbe9
0cd40
0cd65
0cd79
0d4a8
0d667
0d67a
0d685
0d68b
0d767
0d7c7
0d7d6
0d7da
0d90c
0d914
0d9d4
0da5e
0dc98
0dc9f
0dd5a
0dd65
0de26
0de7c
0de80
0de84
0de88
0de8c
0dfae
0dfb2
0dfb6
0e057
0e09a
0e09e
0e0a2
0e0a6
0e0aa
0e0ae
0e0b2
0e0b6
0e0ba
0e0be
0e0c2
0e0c6
0e0ca
0e0ce
0e0d2
0e0d6
0e0da
0e0de
0c75a
0c8bc
0c8c0
0c9b7
0c9c6
0c9f5
0ca00
0ca11
0caa7
0cb47
0cb54
0cb8e
0cc3a
0cc4e
0cd77
0d4df
0d4e3
0d693
0d6ab
0d6b1
0d784
0d791
0d7f6
0d7ff
0d923
0d92f
0d934
0d9f5
0dab2
0dcb0
0dd07
0dd2d
0dd71
0ddc3
0ddc7
0ddcb
0de8e
0def1
0def5
0def9
0defd
0e09a
0e09e
0e0e1
0e0e5
0e0e9
0e0ed
0e0f1
0e0f5
0e0f9
0e0fd
0e101
0e105
0e109
0e10d
0e111
0e115
0e119
0e11d
0e121
0c6bf
0c6c3
0c7c1
0c9f9
0ca05
0ca13
0ca3c
0ca49
0cae4
0cae8
0cb91
0cbbd
0cbd2
0cc4c
0cc77
0cc8b
0d51a
0d5e9
0d6c3
0d6d5
0d6db
0d7ab
0d815
0d824
0d828
0d947
0d94f
0d964
0da0a
0dcbe
0dcc5
0dd32
0dd79
0de28
0de2c
0de30
0de34
0df56
0df5a
0df5e
0df62
0df66
0e0e1
0e124
0e128
0e12c
0e130
0e134
0e138
0e13c
0e140
0e144
0e148
0e14c
0e150
0e154
0e158
0e15c
0e160
0e164
0e168
0c728
0c824
0c82f
0ca40
0ca50
0ca79
0ca85
0ca97
0cb25
0cbc5
0cbd4
0cc06
0cc7c
0cc8d
0ccb9
0d551
0d555
0d5e7
0d603
0d609
0d6f5
0d701
0d844
0d84d
0d8ab
0d8b7
0d8bc
0d986
0dadc
0dcd6
0dd1f
0dd41
0dd85
0de91
0de95
0de99
0df69
0dfbb
0dfbf
0dfc3
0dfc7
0e010
0e014
0e126
0e169
0e16d
0e171
0e175
0e179
0e17d
0e181
0e185
0e189
0e18d
0e191
0e195
0e199
0e19d
0e1a1
0e1a5
0c739
0c73d
0c75a
0c9a2
0c9a6
0ca4e
0cabe
0cacd
0cada
0cc00
0cc07
0cc3a
0cc4e
0cce3
0cd70
0cd7b
0ce30
0ce64
0ce73
0d70b
0d71c
0d723
0d863
0d872
0d876
0d92a
0d932
0d97a
0d985
0d98a
0dab2
0dce3
0dd2d
0de8d
0dee3
0dee7
0deeb
0df04
0df08
0e017
0e01b
0e0e8
0e0ec
0e1a8
0e1ac
0e1b0
0e1b4
0e1b8
0e1bc
0e1c0
0e1c4
0e1c8
0e1cc
0e1d0
0e1d4
0e1d8
0e1dc
0e1e0
0e1e4
0e1e8
0e1ec
0c7a2
0c7bd
0c7c8
0c9e9
0ca8b
0ca91
0cacb
0cad3
0cb05
0cb0d
0cb19
0cc4c
0cc77
0cc8b
0cd20
0ce61
0ce75
0cea4
0d72d
0d73a
0d745
0d74b
0d891
0d89a
0d940
0d94c
0d951
0d99d
0d9a4
0da49
0db06
0dd32
0dd8d
0df01
0df4a
0df4e
0df52
0df6b
0df6f
0e05e
0e12b
0e12f
0e133
0e1aa
0e1ed
0e1f1
0e1f5
0e1f9
0e1fd
0e201
0e205
0e209
0e20d
0e211
0e215
0e219
0e21d
0e221
0e225
0e229
0c807
0c80b
0c828
0c938
0c940
0ca2e
0cafd
0cb0c
0cb1b
0cb41
0cb50
0cc7c
0cc8d
0ccb9
0cd55
0cd59
0ceaa
0ced8
0cee7
0d753
0d765
0d76b
0d7c7
0d7d6
0d7da
0d8b2
0d8ba
0d9b2
0d9bd
0d9c2
0dadc
0dcfb
0dd41
0de13
0dfab
0dfaf
0dfb3
0dfb7
0dfce
0e0a1
0e0a5
0e16c
0e170
0e1ed
0e1f1
0e22e
0e232
0e236
0e23a
0e23e
0e242
0e246
0e24a
0e24e
0e252
0e256
0e25a
0e25e
0e262
0e266
0e26a
0c870
0c88a
0c896
0c97f
0ca6b
0ca6f
0cb49
0cb51
0cb7b
0cb8a
0cb97
0cc21
0ccbf
0ccc8
0ccf6
0cdad
0cdbc
0cee1
0d775
0d782
0d78d
0d793
0d7f6
0d7ff
0d8c9
0d8d5
0d8da
0d9d5
0d9dc
0da73
0db30
0dd46
0dd65
0ddc3
0ddc7
0ddcb
0ddcf
0ddd3
0dfaa
0e01f
0e023
0e0f0
0e0f4
0e22e
0e26b
0e26f
0e273
0e277
0e27b
0e27f
0e283
0e287
0e28b
0e28f
0e293
0e297
0e29b
0e29f
0e2a3
0e2a7
0c8cf
0c8d3
0c8f0
0c918
0c91c
0c9c4
0cb83
0cb8b
0cb99
0cbbf
0cbce
0cc5c
0cc60
0cd03
0cd2e
0cd42
0cdb6
0cdea
0cdf9
0d6e7
0d7a9
0d7af
0d815
0d824
0d828
0d8ee
0d8f6
0d9e9
0d9f4
0d9f9
0da88
0dd13
0dd55
0ddbf
0de2a
0de2e
0de32
0de36
0de3a
0e062
0e066
0e06a
0e137
0e26b
0e26f
0e2ac
0e2b0
0e2b4
0e2b8
0e2bc
0e2c0
0e2c4
0e2c8
0e2cc
0e2d0
0e2d4
0e2d8
0e2dc
0e2e0
0e2e4
0e2e8
0c6d4
0c6ef
0c6fa
0c95f
0ca07
0ca0f
0cbc7
0cbcf
0cbf3
0cc02
0cc11
0cc9b
0cd39
0cd44
0cd6a
0cde7
0cdfb
0ce2a
0d6e1
0d6f2
0d6fd
0d703
0d844
0d84d
0d905
0d911
0d916
0d965
0d96c
0da1f
0db5a
0dd5a
0dd79
0de8f
0de93
0de97
0de9b
0de9f
0df56
0e0a9
0e0ad
0e174
0e178
0e1b0
0e2aa
0e2ae
0e2eb
0e2ef
0e2f3
0e2f7
0e2fb
0e2ff
0e303
0e307
0e30b
0e30f
0e313
0e317
0e31b
0e31f
0c700
0c748
0c757
0c75f
0c967
0c97d
0c985
0cb36
0cbc5
0cbd4
0cc3c
0cc49
0cd66
0cd73
0cd7d
0cdb0
0ce4f
0ce53
0cee1
0cf97
0cfa4
0cfd6
0d83d
0d850
0d92a
0d932
0d9ce
0d9d9
0d9de
0da20
0dab1
0dbec
0dd2d
0de0d
0de8d
0e0e5
0e0e9
0e0ed
0e0f7
0e0fb
0e1b7
0e272
0e276
0e27a
0e324
0e328
0e32c
0e330
0e334
0e338
0e33c
0e340
0e344
0e348
0e34c
0e350
0e354
0e358
0e35c
0e360
0e364
0c769
0c7b1
0c7c2
0c9aa
0c9ae
0c9c4
0cb73
0cb77
0cc09
0cc3b
0cc48
0cc54
0cc80
0cc87
0cdaa
0cdbe
0cdf3
0ce8c
0ce90
0cfdb
0d009
0d01e
0d872
0d940
0d94c
0d951
0d9f0
0d9f7
0da2e
0da37
0db44
0dd32
0dd6f
0dee1
0df01
0e12c
0e130
0e134
0e13e
0e1f4
0e1f8
0e2b3
0e2b7
0e322
0e326
0e367
0e36b
0e36f
0e373
0e377
0e37b
0e37f
0e383
0e387
0e38b
0e38f
0e393
0e397
0e39b
0e39f
0c7ce
0c816
0c825
0c82d
0c9f1
0ca07
0ca0f
0cad4
0cbb2
0cbb6
0cc7a
0cc88
0ccb4
0ccba
0cccc
0cdee
0ce26
0ce38
0cec5
0d010
0d020
0d04a
0d88a
0d89d
0d8b2
0d8ba
0d95e
0d969
0d96e
0da4a
0dadb
0db98
0dd41
0dedb
0df55
0e169
0e16d
0e171
0e17b
0e17f
0e235
0e2ea
0e2ee
0e2f2
0e367
0e3a2
0e3a6
0e3aa
0e3ae
0e3b2
0e3b6
0e3ba
0e3be
0e3c2
0e3c6
0e3ca
0e3ce
0e3d2
0e3d6
0e3da
0e3de
0c837
0c87c
0c890
0ca34
0ca38
0ca4e
0cb00
0cb17
0cbed
0ccb2
0ccc2
0ccce
0ccf3
0cd00
0cd8d
0cd91
0ce30
0ce64
0ce73
0cf1f
0d047
0d057
0d7d6
0d8c9
0d8d5
0d8da
0d981
0d988
0da58
0da61
0db6e
0dd46
0dd83
0dfa9
0dfb8
0e01e
0e022
0e026
0e02a
0e1bb
0e1bf
0e1c3
0e27e
0e3a2
0e3a6
0e3e1
0e3e5
0e3e9
0e3ed
0e3f1
0e3f5
0e3f9
0e3fd
0e401
0e405
0e409
0e40d
0e411
0e415
0e419
0c699
0c8de
0c8ed
0c8f3
0ca75
0ca8b
0ca91
0cab8
0cb47
0cb54
0ccfa
0cd02
0cd2a
0cd34
0cd46
0cdcc
0ce61
0ce75
0cea4
0cf1d
0cf2c
0cf5c
0d7ef
0d802
0d8ee
0d8f6
0d996
0d9a1
0d9a6
0da74
0da87
0dbc2
0dd55
0dda6
0ddbf
0e061
0e065
0e069
0e06d
0e071
0e1fc
0e200
0e2bb
0e2bf
0e3e1
0e41c
0e420
0e424
0e428
0e42c
0e430
0e434
0e438
0e43c
0e440
0e444
0e448
0e44c
0e450
0e454
0e458
0c695
0c6e3
0c6f4
0c920
0c924
0c93a
0caf5
0caf9
0cb91
0cd2f
0cd3c
0cd48
0cd67
0cd74
0ce07
0ce0b
0ceaa
0ced8
0cee7
0cf60
0cf8f
0cfa6
0d824
0d905
0d911
0d916
0d9b9
0d9c0
0da04
0da0d
0db1a
0dd5a
0dd97
0de13
0de28
0e0a8
0e0ac
0e0b0
0e0b4
0e239
0e23d
0e241
0e2f6
0e328
0e32c
0e41e
0e459
0e45d
0e461
0e465
0e469
0e46d
0e471
0e475
0e479
0e47d
0e481
0e485
0e489
0e48d
0c85b
0c85f
0c94a
0c972
0c981
0cb00
0cb17
0ccac
0cd39
0cd44
0cda6
0cdb2
0cecf
0cee3
0ceeb
0cf1f
0cfbd
0cfc1
0d04f
0d106
0d112
0d13c
0d7c8
0d7db
0d913
0d9ce
0d9d9
0d9de
0da5f
0da96
0da9f
0db30
0dc68
0de7a
0e055
0e271
0e275
0e279
0e283
0e287
0e331
0e3e6
0e3ea
0e3ee
0e492
0e496
0e49a
0e49e
0e4a2
0e4a6
0e4aa
0e4ae
0e4b2
0e4b6
0e4ba
0e4be
0e4c2
0e4c6
0e4ca
0e4ce
0e4d2
0c8be
0c98d
0c9b4
0c9c0
0c9ce
0cb52
0cce7
0cceb
0cd77
0cda8
0cdb8
0cdc2
0cde3
0cdf5
0cf1d
0cf2c
0cf5c
0cffa
0cffe
0d149
0d174
0d18c
0d7fd
0d924
0d935
0d9f0
0d9f7
0da6d
0da76
0dab1
0dab6
0dbc3
0dd6f
0deee
0e0e5
0e2b2
0e2b6
0e2ba
0e2c4
0e36c
0e370
0e425
0e429
0e490
0e494
0e4d5
0e4d9
0e4dd
0e4e1
0e4e5
0e4e9
0e4ed
0e4f1
0e4f5
0e4f9
0e4fd
0e501
0e505
0e509
0e50d
0c6bf
0c6c3
0c9d4
0c9fc
0ca0b
0cb86
0cb95
0cc4c
0cd24
0cd28
0cdec
0cdf7
0ce1e
0ce28
0ce3a
0cf60
0cf8f
0cfa6
0d033
0d17f
0d18e
0d1b2
0d816
0d829
0d94e
0d95e
0d969
0d96e
0da0b
0dac0
0dac9
0db5a
0dc18
0de28
0e0df
0e2e9
0e2ed
0e2f1
0e2fb
0e2ff
0e3ab
0e45a
0e45e
0e462
0e4d5
0e510
0e514
0e518
0e51c
0e520
0e524
0e528
0e52c
0e530
0e534
0e538
0e53c
0e540
0e544
0e548
0e54c
0c728
0ca17
0ca3e
0ca4a
0ca58
0cbd0
0cc7c
0cc8d
0cd5d
0ce22
0ce32
0ce3c
0ce5d
0ce69
0cefb
0ceff
0cf9e
0cfcc
0cfe1
0d085
0d1b6
0d1c5
0d84b
0d8ac
0d8bd
0d981
0d988
0da19
0da22
0dadb
0dae0
0dbed
0dd83
0dfb8
0e169
0e1bc
0e1c0
0e1c4
0e1c8
0e335
0e339
0e33d
0e3f2
0e510
0e514
0e54f
0e553
0e557
0e55b
0e55f
0e563
0e567
0e56b
0e56f
0e573
0e577
0e57b
0e57f
0e583
0e587
0c78d
0c791
0c905
0ca80
0ca8f
0cbfe
0cc0d
0cc32
0ccbf
0ccc8
0ce6b
0ce71
0ce9a
0cea2
0ceb4
0cf3a
0cfd4
0cfe3
0d013
0d08c
0d09a
0d0c2
0d864
0d877
0d8d7
0d996
0d9a1
0d9a6
0da35
0daea
0daf3
0db06
0dc40
0ddac
0e010
0e1f9
0e1fd
0e201
0e205
0e209
0e374
0e378
0e42d
0e431
0e54f
0e58a
0e58e
0e592
0e596
0e59a
0e59e
0e5a2
0e5a6
0e5aa
0e5ae
0e5b2
0e5b6
0e5ba
0e5be
0e5c2
0e5c6
0c7f6
0c8fd
0c92a
0c936
0c944
0cad4
0cc6d
0cc71
0cd03
0ce9e
0ceac
0ceb6
0ced5
0cedd
0cf75
0cf79
0d018
0d042
0d055
0d0ce
0d0fa
0d114
0d898
0d8e8
0d8f9
0d9b9
0d9c0
0da43
0da4c
0da87
0da8c
0db99
0dd97
0df49
0e061
0e23a
0e23e
0e242
0e246
0e3af
0e3b3
0e3b7
0e466
0e496
0e49a
0e58c
0e5c7
0e5cb
0e5cf
0e5d3
0e5d7
0e5db
0e5df
0e5e3
0e5e7
0e5eb
0e5ef
0e5f3
0e5f7
0e5fb
0ca2c
0ca30
0cae2
0cb02
0cb12
0cc7c
0cc8d
0ce1a
0ce98
0ceb2
0cf17
0cf20
0d03d
0d051
0d059
0d085
0d12b
0d12f
0d1bd
0d26e
0d27a
0d2a2
0d7c8
0d7db
0d8b9
0d9b3
0d9c3
0da5f
0dad5
0dade
0db15
0db1e
0dc2b
0dfac
0e1ed
0e3e5
0e3e9
0e3ed
0e3f7
0e3fb
0e49f
0e554
0e558
0e55c
0e600
0e604
0e608
0e60c
0e610
0e614
0e618
0e61c
0e620
0e624
0e628
0e62c
0e630
0e634
0e638
0e63c
0e640
0ca6d
0cb1f
0cb44
0cb4c
0cb5a
0ccc6
0ce55
0ce59
0cee1
0cf1a
0cf26
0cf30
0cf54
0cf63
0d08c
0d09a
0d0c2
0d168
0d16c
0d2af
0d2d8
0d2f0
0d7fd
0d8ca
0d8db
0d9db
0da6d
0da76
0daf0
0daf5
0db31
0dbc2
0dc7a
0e01c
0e271
0e424
0e428
0e42c
0e436
0e4da
0e4de
0e593
0e597
0e5fe
0e602
0e643
0e647
0e64b
0e64f
0e653
0e657
0e65b
0e65f
0e663
0e667
0e66b
0e66f
0e673
0e677
0e67b
0c918
0c91c
0cb60
0cb88
0cb90
0ccfc
0cd07
0cdb6
0ce92
0ce96
0cf5e
0cf65
0cf8c
0cf95
0cfa8
0d0ce
0d0fa
0d114
0d1a1
0d2e3
0d2f2
0d314
0d816
0d829
0d8f5
0d9ea
0d9fa
0da0b
0da81
0da8a
0db3f
0db48
0dc53
0de28
0e26b
0e459
0e45d
0e461
0e46b
0e46f
0e519
0e5c8
0e5cc
0e5d0
0e643
0e67e
0e682
0e686
0e68a
0e68e
0e692
0e696
0e69a
0e69e
0e6a2
0e6a6
0e6aa
0e6ae
0e6b2
0e6b6
0e6ba
0c95f
0cb9d
0cbc2
0cbca
0cbd8
0cd40
0cde7
0cdfb
0cecb
0cf94
0cfa0
0cfaa
0cfce
0cfd7
0d069
0d06d
0d10c
0d137
0d14f
0d1f1
0d318
0d327
0d84b
0d906
0d917
0d96b
0da19
0da22
0da9c
0daa1
0db5b
0dbec
0dca0
0e0a6
0e2ea
0e336
0e33a
0e33e
0e342
0e4a3
0e4a7
0e4ab
0e560
0e67e
0e682
0e6bd
0e6c1
0e6c5
0e6c9
0e6cd
0e6d1
0e6d5
0e6d9
0e6dd
0e6e1
0e6e5
0e6e9
0e6ed
0e6f1
0e6f5
0c9a2
0c9a6
0caa3
0cc00
0cc07
0cd70
0cd7b
0cda0
0ce24
0ce36
0cfd9
0cfdf
0d006
0d011
0d022
0d0a8
0d143
0d151
0d179
0d1f8
0d206
0d22c
0d864
0d877
0d931
0d97b
0d98b
0da35
0daab
0dab4
0db69
0db72
0dc03
0dee1
0e1ae
0e371
0e375
0e379
0e37d
0e381
0e4e2
0e4e6
0e59b
0e59f
0e6bd
0e6f8
0e6fc
0e700
0e704
0e708
0e70c
0e710
0e714
0e718
0e71c
0e720
0e724
0e728
0e72c
0e730
0e734
0c9e9
0ca9b
0cac6
0cace
0cadc
0cc4c
0cddb
0cddf
0ce6d
0d00e
0d01a
0d024
0d044
0d04b
0d0e3
0d0e7
0d186
0d1ab
0d1c3
0d238
0d262
0d27c
0d898
0d941
0d952
0d9a3
0da43
0da4c
0dac6
0dacb
0db07
0db98
0dcc6
0e12a
0e1f9
0e3b0
0e3b4
0e3b8
0e3bc
0e51d
0e521
0e525
0e5d4
0e604
0e608
0e6fa
0e735
0e739
0e73d
0e741
0e745
0e749
0e74d
0e751
0e755
0e759
0e75d
0e761
0e765
0e769
0cbb2
0cbb6
0cc5a
0cc7a
0cc88
0cde7
0cdfb
0cf88
0d010
0d020
0d086
0d08e
0d1ad
0d1bf
0d1c7
0d1f1
0d291
0d295
0d31f
0d3d0
0d3dc
0d404
0d8ac
0d8bd
0d96b
0da44
0da4e
0dadd
0db53
0db5c
0db93
0db9c
0dca0
0e169
0e365
0e553
0e557
0e55b
0e565
0e569
0e60d
0e6c2
0e6c6
0e6ca
0e76e
0e772
0e776
0e77a
0e77e
0e782
0e786
0e78a
0e78e
0e792
0e796
0e79a
0e79e
0e7a2
0e7a6
0e7aa
0e7ae
0cbed
0cc95
0ccb2
0ccc2
0ccce
0ce30
0cfc3
0cfc7
0d04f
0d089
0d094
0d09e
0d0c3
0d0d1
0d1f8
0d206
0d22c
0d2cc
0d2d0
0d411
0d43a
0d452
0d8d7
0d97b
0d98b
0da5f
0daeb
0daf4
0db6e
0db73
0dbaf
0dc3f
0dce5
0e1ba
0e3e6
0e592
0e596
0e59a
0e5a4
0e648
0e64c
0e701
0e705
0e76c
0e770
0e7b1
0e7b5
0e7b9
0e7bd
0e7c1
0e7c5
0e7c9
0e7cd
0e7d1
0e7d5
0e7d9
0e7dd
0e7e1
0e7e5
0e7e9
0cab6
0caba
0ccd4
0ccfa
0cd02
0ce61
0ce75
0cf24
0d000
0d004
0d0cc
0d0d3
0d0fc
0d104
0d116
0d238
0d262
0d27c
0d303
0d445
0d454
0d476
0d8e8
0d8f9
0d9a3
0da6e
0da78
0da89
0daff
0db08
0dbbd
0dbc6
0dcc6
0e061
0e3df
0e5c7
0e5cb
0e5cf
0e5d9
0e5dd
0e687
0e736
0e73a
0e73e
0e7b1
0e7ec
0e7f0
0e7f4
0e7f8
0e7fc
0e800
0e804
0e808
0e80c
0e810
0e814
0e818
0e81c
0e820
0e824
0e828
0caf7
0cd0f
0cd2f
0cd3c
0cd48
0ceaa
0cf5a
0cf69
0d039
0d103
0d10e
0d118
0d13d
0d145
0d1d7
0d1db
0d274
0d29d
0d2b5
0d353
0d47a
0d489
0d913
0d9b3
0d9c3
0da0b
0da97
0daa0
0db1a
0db1f
0dbd9
0dc67
0dcfd
0e238
0e45a
0e4a4
0e4a8
0e4ac
0e4b0
0e611
0e615
0e619
0e6ce
0e7ec
0e7f0
0e82b
0e82f
0e833
0e837
0e83b
0e83f
0e843
0e847
0e84b
0e84f
0e853
0e857
0e85b
0e85f
0e863
0cb34
0cb38
0cc1d
0cd6e
0cd76
0ced1
0cee9
0cf0e
0cf97
0cfa4
0d147
0d14d
0d176
0d180
0d190
0d214
0d2a9
0d2b7
0d2dd
0d35a
0d368
0d38e
0d924
0d935
0d9db
0da1a
0da24
0dab3
0db29
0db32
0dbe7
0dbf0
0dc7a
0e0e5
0e328
0e4df
0e4e3
0e4e7
0e4eb
0e4ef
0e650
0e654
0e709
0e70d
0e82b
0e866
0e86a
0e86e
0e872
0e876
0e87a
0e87e
0e882
0e886
0e88a
0e88e
0e892
0e896
0e89a
0e89e
0e8a2
0cb75
0cc15
0cc3b
0cc48
0cc54
0cdb6
0cf49
0cf4d
0cfdb
0d17d
0d188
0d192
0d1b3
0d1b9
0d24d
0d251
0d2ea
0d30d
0d325
0d39a
0d3c4
0d3de
0d94e
0d9ea
0d9fa
0da35
0dac1
0daca
0db44
0db49
0db85
0dc17
0dd15
0e2b0
0e372
0e51e
0e522
0e526
0e52a
0e68b
0e68f
0e693
0e742
0e772
0e776
0e868
0e8a3
0e8a7
0e8ab
0e8af
0e8b3
0e8b7
0e8bb
0e8bf
0e8c3
0e8c7
0e8cb
0e8cf
0e8d3
0e8d7
0cd24
0cd28
0cdc8
0cdec
0cdf7
0cf5a
0cf69
0d0f6
0d17f
0d18e
0d1f2
0d1fa
0d30f
0d321
0d329
0d353
0d3f3
0d3f7
0d481
0d52a
0d538
0d55c
0d95f
0d96f
0da0b
0dac2
0dacc
0db5b
0dbd1
0dbda
0dc11
0dc19
0dcfd
0de3b
0e45a
0e51c
0e6c3
0e6c7
0e6cb
0e6d5
0e779
0e77d
0e832
0e836
0e8da
0e8de
0e8e2
0e8e6
0e8ea
0e8ee
0e8f2
0e8f6
0e8fa
0e8fe
0e902
0e906
0e90a
0e90e
0e912
0e916
0e91a
0cd5d
0ce03
0ce22
0ce32
0ce3c
0cf9e
0d131
0d135
0d1bd
0d1f5
0d200
0d20a
0d22d
0d23b
0d35a
0d368
0d38e
0d42e
0d432
0d56b
0d590
0d5aa
0d987
0da1a
0da24
0dadd
0db69
0db72
0dbec
0dbf1
0dc29
0dcb3
0dd2a
0e1ba
0e510
0e6fe
0e702
0e706
0e710
0e714
0e7b8
0e86d
0e871
0e875
0e8dc
0e91b
0e91f
0e923
0e927
0e92b
0e92f
0e933
0e937
0e93b
0e93f
0e943
0e947
0e94b
0e94f
0e953
0cc30
0cc34
0ce42
0ce6b
0ce71
0cfd4
0cfe3
0d092
0d16e
0d172
0d236
0d23d
0d264
0d26c
0d27e
0d39a
0d3c4
0d3de
0d465
0d59b
0d5ac
0d5cc
0d997
0d9a7
0da35
0daec
0daf6
0db07
0db7d
0db86
0dc39
0dc41
0dd15
0df09
0e372
0e590
0e737
0e73b
0e73f
0e749
0e7f3
0e7f7
0e8a6
0e8aa
0e91b
0e91f
0e958
0e95c
0e960
0e964
0e968
0e96c
0e970
0e974
0e978
0e97c
0e980
0e984
0e988
0e98c
0e990
0cc6f
0ce7d
0ce9e
0ceac
0ceb6
0d018
0d0c9
0d0d7
0d1a7
0d26b
0d276
0d280
0d2a3
0d2ab
0d339
0d33d
0d3d6
0d3ff
0d417
0d4b1
0d5d0
0d5e1
0d9bf
0da44
0da4e
0da89
0db15
0db1e
0db98
0db9d
0dc51
0dcd9
0dd3e
0e238
0e58a
0e610
0e614
0e618
0e61c
0e620
0e781
0e785
0e83a
0e83e
0e958
0e991
0e995
0e999
0e99d
0e9a1
0e9a5
0e9a9
0e9ad
0e9b1
0e9b5
0e9b9
0e9bd
0e9c1
0e9c5
0e9c9
0ccaa
0ccae
0cd8b
0cedf
0cee5
0d047
0d057
0d07c
0d106
0d112
0d2ad
0d2b3
0d2da
0d2e4
0d2f4
0d376
0d40b
0d419
0d43f
0d4b8
0d4c8
0d4ea
0d9cf
0d9df
0da5f
0da98
0daa2
0db31
0dba7
0dbb0
0dc61
0dc69
0dce5
0dfd1
0e3e6
0e4a2
0e64f
0e653
0e657
0e65b
0e7bc
0e7c0
0e7c4
0e879
0e991
0e995
0e9ce
0e9d2
0e9d6
0e9da
0e9de
0e9e2
0e9e6
0e9ea
0e9ee
0e9f2
0e9f6
0e9fa
0e9fe
0ea02
0ea06
0cce9
0cd83
0cda8
0cdb8
0cdc2
0cf24
0d0b7
0d0bb
0d149
0d2e1
0d2ec
0d2f6
0d315
0d31b
0d3af
0d3b3
0d44c
0d46f
0d487
0d4f8
0d51e
0d53a
0d9f6
0da6e
0da78
0dab3
0db3f
0db48
0dbc2
0dbc7
0dc01
0dc8d
0dd52
0e2b0
0e490
0e68a
0e68e
0e692
0e696
0e69a
0e7fb
0e7ff
0e8ae
0e8b2
0e8e2
0e9cc
0e9d0
0ea09
0ea0d
0ea11
0ea15
0ea19
0ea1d
0ea21
0ea25
0ea29
0ea2d
0ea31
0ea35
0ea39
0ce92
0ce96
0cf36
0cf5e
0cf65
0d0c9
0d0d7
0d25e
0d2e3
0d2f2
0d354
0d35c
0d471
0d483
0d48b
0d4b1
0d54b
0d54f
0d5d9
0d653
0d65f
0d676
0da05
0da0f
0da89
0db40
0db4a
0dbd9
0dc4a
0dc53
0dc87
0dc8f
0dd3e
0de15
0e45a
0e641
0e82f
0e833
0e837
0e841
0e845
0e8e9
0e998
0e99c
0ea3c
0ea40
0ea44
0ea48
0ea4c
0ea50
0ea54
0ea58
0ea5c
0ea60
0ea64
0ea68
0ea6c
0ea70
0ea74
0ea78
0ea7c
0cecb
0cf71
0cf94
0cfa0
0cfaa
0d10c
0d297
0d29b
0d31f
0d357
0d362
0d36c
0d38f
0d39d
0d4b8
0d4c8
0d4ea
0d584
0d588
0d683
0d69b
0d6b7
0da20
0da98
0daa2
0db5b
0dbe7
0dbf0
0dc64
0dc6a
0dc9e
0dd09
0dd66
0dfd1
0e4a2
0e6c2
0e86e
0e872
0e876
0e880
0e922
0e926
0e9d5
0e9d9
0ea3e
0ea7d
0ea81
0ea85
0ea89
0ea8d
0ea91
0ea95
0ea99
0ea9d
0eaa1
0eaa5
0eaa9
0eaad
0eab1
0eab5
0cd9e
0cda2
0cfb0
0cfd9
0cfdf
0d143
0d151
0d1fe
0d2d2
0d2d6
0d398
0d39f
0d3c6
0d3ce
0d3e0
0d4f8
0d51e
0d53a
0d5bb
0d6a6
0d6b3
0d6c8
0da2f
0da39
0dab3
0db6a
0db74
0db85
0dbfa
0dc03
0dcad
0dcb5
0dd52
0ddd4
0e372
0e6bb
0e8a3
0e8a7
0e8ab
0e8b5
0e8b9
0e95f
0ea08
0ea0c
0ea7d
0ea81
0eaba
0eabe
0eac2
0eac6
0eaca
0eace
0ead2
0ead6
0eada
0eade
0eae2
0eae6
0eaea
0eaee
0eaf2
0cddd
0cfeb
0d00e
0d01a
0d024
0d186
0d233
0d241
0d309
0d3cd
0d3d8
0d3e2
0d405
0d40d
0d497
0d49b
0d532
0d557
0d571
0d5f8
0d6cc
0d6d9
0da4a
0dac2
0dacc
0db07
0db93
0db9c
0dc14
0dc1a
0dcc4
0dd21
0dd7a
0df57
0e51c
0e736
0e780
0e784
0e788
0e78c
0e8ed
0e8f1
0e9a0
0e9a4
0eaba
0eaf3
0eaf7
0eafb
0eaff
0eb03
0eb07
0eb0b
0eb0f
0eb13
0eb17
0eb1b
0eb1f
0eb23
0eb27
0eb2b
0ce18
0ce1c
0cef9
0d04d
0d053
0d1b6
0d1c5
0d1e8
0d26e
0d27a
0d40f
0d415
0d43c
0d446
0d456
0d4d2
0d563
0d573
0d595
0d5ff
0d60b
0d622
0da59
0da63
0dadd
0db16
0db20
0dbaf
0dc22
0dc2b
0dcd3
0dcdb
0dd2a
0dea2
0e3e6
0e604
0e7bb
0e7bf
0e7c3
0e7c7
0e7cb
0e92a
0e92e
0e9dd
0eaf3
0eaf7
0eb30
0eb34
0eb38
0eb3c
0eb40
0eb44
0eb48
0eb4c
0eb50
0eb54
0eb58
0eb5c
0eb60
0eb64
0eb68
0ce57
0cef1
0cf1a
0cf26
0cf30
0d092
0d221
0d225
0d2af
0d443
0d44e
0d458
0d477
0d47d
0d509
0d50d
0d5a4
0d5c5
0d5df
0d62e
0d647
0d663
0da74
0daec
0daf6
0db31
0dbbd
0dbc6
0dc3c
0dc42
0dc78
0dcf1
0dd8e
0df09
0e590
0e64e
0e7fa
0e7fe
0e802
0e806
0e963
0e967
0ea10
0ea14
0ea44
0eb2e
0eb32
0eb6b
0eb6f
0eb73
0eb77
0eb7b
0eb7f
0eb83
0eb87
0eb8b
0eb8f
0eb93
0eb97
0eb9b
0d000
0d004
0d0a4
0d0cc
0d0d3
0d233
0d241
0d3c0
0d445
0d454
0d4b2
0d4ba
0d5c7
0d5d7
0d5dd
0d5f8
0d66b
0d66f
0d6d3
0d73d
0d749
0d75a
0d893
0da83
0da8d
0db07
0dbbe
0dbc8
0dc51
0dcbd
0dcc6
0dcef
0dd3e
0df4b
0df70
0dfd3
0e736
0e7f8
0e999
0e99d
0e9a7
0e9ab
0ea4b
0eafa
0eafe
0eb9e
0eba2
0eba6
0ebaa
0ebae
0ebb2
0ebb6
0ebba
0ebbe
0ebc2
0ebc6
0ebca
0ebce
0ebd2
0ebd6
0ebda
0d039
0d0df
0d103
0d10e
0d118
0d274
0d3f9
0d3fd
0d481
0d4b5
0d4be
0d4c4
0d4eb
0d4f9
0d5ff
0d60b
0d622
0d695
0d699
0d767
0d779
0d795
0d7dc
0da9e
0db16
0db20
0dbd9
0dc61
0dc69
0dcd6
0dcdc
0dcff
0dd84
0dfae
0dfd1
0e4a2
0e7ec
0e9d2
0e9d6
0e9da
0e9e4
0ea84
0ea88
0eb37
0eb3b
0eba0
0ebdd
0ebe1
0ebe5
0ebe9
0ebed
0ebf1
0ebf5
0ebf9
0ebfd
0ec01
0ec05
0ec09
0ec0d
0ec11
0cf0c
0cf10
0d11e
0d147
0d14d
0d2a9
0d2b7
0d360
0d434
0d438
0d4f4
0d4fb
0d520
0d528
0d53c
0d62e
0d647
0d663
0d6bd
0d784
0d791
0d7a0
0d7f8
0daad
0dab7
0db31
0dbe8
0dbf2
0dc01
0dc71
0dc7a
0dd07
0dd52
0ddae
0ddd4
0de3d
0e64e
0e86c
0ea09
0ea0d
0ea17
0ea1b
0eac1
0eb6a
0eb6e
0ebdb
0ec14
0ec18
0ec1c
0ec20
0ec24
0ec28
0ec2c
0ec30
0ec34
0ec38
0ec3c
0ec40
0ec44
0ec48
0ec4c
0cf4b
0d159
0d17d
0d188
0d192
0d2ea
0d395
0d3a3
0d46b
0d527
0d530
0d536
0d55d
0d565
0d5ed
0d5f1
0d659
0d671
0d68d
0d6ee
0d7a4
0d7b1
0d82a
0dac8
0db40
0db4a
0db85
0dc11
0dc19
0dc8a
0dc90
0dd17
0dd98
0de2a
0de3d
0e51c
0e866
0e8ec
0e8f0
0e8f4
0e8f8
0ea4f
0ea53
0eb02
0eb06
0ec16
0ec4f
0ec53
0ec57
0ec5b
0ec5f
0ec63
0ec67
0ec6b
0ec6f
0ec73
0ec77
0ec7b
0ec7f
0ec83
0cf86
0cf8a
0d067
0d1bb
0d1c1
0d318
0d327
0d34a
0d3d0
0d3dc
0d567
0d56d
0d592
0d59c
0d5ae
0d619
0d67d
0d689
0d6a0
0d6f5
0d701
0d712
0d846
0dad7
0dae1
0db5b
0db94
0db9e
0dc29
0dc97
0dca0
0dd1f
0dd2a
0de7c
0dea2
0df0b
0e6c2
0e77e
0e929
0e92d
0e931
0e935
0ea8c
0ea90
0eb3f
0ec4d
0ec86
0ec8a
0ec8e
0ec92
0ec96
0ec9a
0ec9e
0eca2
0eca6
0ecaa
0ecae
0ecb2
0ecb6
0ecba
0ecbe
0cfc5
0d05f
0d089
0d094
0d09e
0d1fe
0d383
0d387
0d411
0d599
0d5a2
0d5a8
0d5cd
0d5d3
0d641
0d645
0d6ad
0d6c1
0d6dd
0d71e
0d731
0d74d
0d878
0daf2
0db6a
0db74
0dbaf
0dc39
0dc41
0dcb0
0dcb6
0dce7
0dd70
0def0
0df0b
0e590
0e76c
0e962
0e966
0e96a
0e96e
0eac5
0eac9
0eb72
0eb76
0eba4
0ec88
0ecc1
0ecc5
0ecc9
0eccd
0ecd1
0ecd5
0ecd9
0ecdd
0ece1
0ece5
0ece9
0eced
0ecf1
0c7bd
0c7c8
0c80f
0c81a
0c831
0d170
0d20e
0d230
0d23a
0d245
0d39a
0d518
0d51c
0d5a4
0d5f5
0d5fd
0d611
0d6d1
0d6d7
0d6e9
0d705
0d7ab
0d81f
0d946
0db01
0db0b
0db85
0dc37
0dc3e
0dcc4
0dd12
0dd18
0dd35
0de2a
0df09
0df0f
0df13
0df17
0df1b
0e142
0e737
0e91c
0eafc
0eb00
0eb0a
0eba6
0ebaa
0ec53
0ec57
0ecf5
0ecf9
0ecfd
0ed01
0ed05
0ed09
0ed0d
0ed11
0ed15
0ed19
0ed1d
0ed21
0c828
0c874
0c878
0c887
0d1a5
0d1a9
0d24b
0d272
0d278
0d3d0
0d3dc
0d553
0d5d0
0d5e1
0d603
0d609
0d61f
0d627
0d63b
0d6fb
0d70d
0d729
0d851
0d8b8
0db1c
0db94
0db9e
0dc50
0dcd3
0dcdb
0dd21
0dd3d
0dd84
0df68
0df74
0df78
0df7c
0df80
0dfbb
0e181
0e77f
0eb35
0eb39
0eb43
0eb47
0ebe1
0ec8a
0ec8e
0ec92
0ecf7
0ed25
0ed29
0ed2d
0ed31
0ed35
0ed39
0ed3d
0ed41
0ed45
0ed49
0c88a
0c896
0c8d7
0c8e2
0c8f9
0d07c
0d284
0d2a6
0d2b1
0d2bb
0d411
0d4b8
0d4c8
0d58c
0d626
0d630
0d637
0d64d
0d655
0d719
0d725
0d736
0d86d
0d8cf
0db2b
0db35
0dbaf
0dc5f
0dc66
0dc78
0dce2
0dce8
0dd49
0ddae
0dfa9
0dfd5
0dfd9
0dfdd
0dfe1
0e02e
0e64f
0e992
0eb6c
0eb70
0eb7a
0ec18
0ec1c
0ecc1
0ecc5
0ed23
0ed4d
0ed51
0ed55
0ed59
0ed5d
0ed61
0ed65
0ed69
0ed6d
0ed71
0ed75
0c6da
0c6e5
0c6fc
0c8f0
0d0b7
0d0bb
0d2c1
0d2e8
0d2ee
0d445
0d454
0d4f8
0d5bf
0d5c3
0d657
0d65d
0d673
0d67b
0d68f
0d743
0d755
0d771
0d89e
0d8f4
0db46
0dbbe
0dbc8
0dc00
0dc87
0dc8f
0dcf1
0dd51
0dd98
0ddd4
0ddda
0ddde
0dde2
0dde6
0df4c
0e0b8
0e7f9
0ea4f
0ea53
0ea57
0ea5b
0ebae
0ebb2
0ec5b
0ec5f
0ed4f
0ed79
0ed7d
0ed81
0ed85
0ed89
0ed8d
0ed91
0ed95
0ed99
0ed9d
0c6ef
0c6fa
0c741
0c74c
0c763
0d0f6
0d1d3
0d30f
0d321
0d329
0d481
0d4a6
0d4aa
0d532
0d67a
0d685
0d68b
0d6a1
0d6a9
0d761
0d76d
0d77e
0d7d1
0d90b
0db55
0db5f
0dbd9
0dc0f
0dc16
0dc9e
0dcfa
0dd00
0dd5d
0de26
0de3f
0de43
0de47
0de4b
0de7d
0e0b8
0e6c3
0e8e1
0ea8c
0ea90
0ea94
0ebe5
0ebe9
0ebed
0ec96
0ed77
0eda1
0eda5
0eda9
0edad
0edb1
0edb5
0edb9
0edbd
0edc1
0edc5
0edc9
0c75a
0c7a6
0c7aa
0c7b9
0d131
0d135
0d1cf
0d1fc
0d202
0d35a
0d368
0d4e1
0d563
0d573
0d6ab
0d6b1
0d6c5
0d6cd
0d6df
0d78b
0d799
0d7b5
0d803
0d930
0db70
0dbe8
0dbf2
0dc28
0dcad
0dcb5
0dd09
0dd29
0dd70
0de8d
0dea6
0deaa
0deae
0deb2
0def1
0e142
0e86d
0eac5
0eac9
0eacd
0ead1
0ec20
0ec24
0ecc9
0eccd
0ecfb
0eda3
0edcd
0edd1
0edd5
0edd9
0eddd
0ede1
0ede5
0ede9
0eded
0c6e5
0c6fc
0c7ee
0c8cf
0c8d3
0c8f0
0c9c2
0c9ca
0ca02
0d2d2
0d2d6
0d372
0d398
0d39f
0d4f1
0d501
0d6ad
0d6eb
0d6f3
0d707
0d7a9
0d7af
0d81f
0d8ed
0d9ef
0db7f
0db89
0dc00
0dcab
0dcb2
0dd17
0dd52
0dd6f
0ddbf
0ddd8
0dddc
0dde0
0ddea
0de2b
0def1
0def5
0def9
0e100
0e2c7
0e8a4
0ec51
0ec55
0ec59
0ec63
0ecfd
0ed01
0edf3
0edf7
0edfb
0edff
0ee03
0ee07
0ee0b
0ee0f
0ee13
0ee17
0c6d4
0c6ef
0c6fa
0c752
0c853
0c857
0ca09
0ca44
0ca52
0d309
0d3ab
0d3cd
0d3d8
0d3e2
0d532
0d6cc
0d6d9
0d6f9
0d6ff
0d70f
0d717
0d72b
0d851
0d912
0d96a
0db9a
0dc0f
0dc16
0dcc3
0dd1f
0dd5a
0dd5e
0dd7b
0de3b
0de41
0de45
0de4f
0de53
0df56
0df5a
0df5e
0e143
0e147
0e300
0eab8
0ec8c
0ec90
0ec9a
0ec9e
0ed29
0edf1
0ee19
0ee1d
0ee21
0ee25
0ee29
0ee2d
0ee31
0ee35
0ee39
0c739
0c73d
0c75a
0c7b3
0c7ca
0c8b8
0ca4c
0ca54
0ca87
0d1e6
0d1ea
0d3e8
0d40f
0d415
0d563
0d573
0d605
0d716
0d720
0d727
0d737
0d73f
0d86d
0d929
0d980
0dba9
0dbb3
0dc28
0dcd1
0dcd8
0dce7
0dd2a
0dd83
0de8d
0dea6
0deaa
0deae
0deb8
0dee4
0dfbb
0dfbf
0dfc3
0e184
0e1cb
0e7bb
0ecbf
0ecc3
0ecc7
0ecd1
0ed51
0ed55
0ee1b
0ee3f
0ee43
0ee47
0ee4b
0ee4f
0ee53
0ee57
0ee5b
0ee5f
0c6ac
0c7a0
0c7a4
0c7c1
0c81a
0c831
0c933
0ca8b
0ca91
0d223
0d421
0d443
0d44e
0d458
0d5a4
0d629
0d635
0d741
0d747
0d757
0d75f
0d773
0d89e
0d94d
0d9a2
0dbc4
0dc37
0dc3e
0dc77
0dcef
0dd32
0dd36
0dd8f
0ddae
0ddb2
0ddb6
0df02
0df0e
0df12
0df1c
0df20
0e02f
0e033
0e249
0eb2e
0ebae
0ebb2
0ebb6
0ebba
0ed7d
0ee3d
0ee61
0ee65
0ee69
0ee6d
0ee71
0ee75
0ee79
0ee7d
0ee81
0c711
0c715
0c809
0c824
0c82f
0c887
0c938
0c940
0c978
0d25c
0d260
0d337
0d47f
0d485
0d5d0
0d5e1
0d659
0d75e
0d769
0d76f
0d77f
0d787
0d7d1
0d8b1
0d9b8
0dbd3
0dbdd
0dc50
0dc85
0dc8c
0dcff
0dd3e
0dd97
0de13
0de17
0de1b
0de1f
0df71
0df77
0df7b
0df85
0dfae
0e076
0e249
0e82f
0ebe5
0ebe9
0ebed
0ebf1
0eda5
0eda9
0ee63
0ee87
0ee8b
0ee8f
0ee93
0ee97
0ee9b
0ee9f
0eea3
0eea7
0c77a
0c86e
0c872
0c88f
0c8e2
0c8f9
0c97f
0c9ba
0c9c8
0d299
0d32f
0d357
0d362
0d36c
0d4c0
0d67d
0d689
0d789
0d78f
0d79d
0d7a5
0d7b7
0d803
0d8d6
0d9da
0dbee
0dc5f
0dc66
0dc9d
0dd07
0dd46
0dd4a
0dd67
0de7a
0de7e
0de82
0de86
0dfd2
0dfd8
0dfdc
0dfe6
0e0b9
0e0bd
0e2c7
0ea3c
0ec20
0ec24
0ec28
0ec2c
0edcd
0edf5
0ee85
0eea9
0eead
0eeb1
0eeb5
0eeb9
0eebd
0eec1
0eec5
0c842
0c855
0c87c
0c886
0c894
0c94e
0c96c
0c979
0c984
0ca44
0cb0a
0cb17
0cd40
0d7dd
0d894
0d89f
0da61
0dc4e
0dd4d
0de7a
0df4d
0df5a
0df6c
0df8b
0dfb0
0dfeb
0e058
0e0a0
0e0a9
0e0c2
0e13c
0e1ef
0e20c
0e210
0e232
0e24b
0e24f
0e2f4
0e3bf
0e3e8
0e3fd
0e498
0e49e
0e4b4
0e5a8
0e607
0e614
0e624
0e628
0e74d
0e83b
0eecb
0eecf
0eed3
0eed7
0eedb
0eedf
0eee3
0eee7
0eeeb
0eeef
0c8a7
0c8be
0c8e5
0c8ef
0c8f8
0c9a3
0c9b7
0c9c5
0c9cd
0cb41
0cb52
0cb5a
0d7cf
0d7da
0d800
0da72
0dc5b
0dc9b
0dd75
0ddbf
0ddc7
0de7e
0dfb4
0dfcb
0dfed
0e09a
0e0c4
0e0f0
0e105
0e16c
0e183
0e22e
0e253
0e257
0e273
0e28a
0e28e
0e32e
0e3ff
0e424
0e43a
0e4b7
0e4db
0e4f1
0e5e1
0e62a
0e651
0e661
0e665
0e7cd
0eef0
0eef4
0eef8
0eefc
0ef00
0ef04
0ef08
0ef0c
0ef10
0ef14
0c6ac
0c6bc
0c6de
0c6ea
0c6f8
0c930
0c9e8
0c9fc
0ca0a
0ca13
0cb88
0cb94
0cc4c
0d7f9
0d805
0d82b
0da0d
0dbfe
0dd61
0dda2
0ddc5
0ddce
0ddf0
0de26
0de2e
0def2
0e027
0e0e0
0e109
0e135
0e14a
0e1f4
0e282
0e294
0e298
0e2bb
0e2cb
0e2cf
0e41e
0e43e
0e45e
0e4b9
0e4f4
0e518
0e52e
0e644
0e685
0e69c
0e6a0
0e741
0e8af
0ef19
0ef1d
0ef21
0ef25
0ef29
0ef2d
0ef31
0ef35
0ef39
0ef3d
0c721
0c728
0c74e
0c759
0c762
0ca28
0ca3c
0ca48
0ca54
0cbbf
0cbd0
0cbd8
0d81d
0d828
0d84e
0da1e
0dc0b
0dcc1
0dd89
0de18
0de30
0de37
0de59
0de93
0debc
0e063
0e074
0e127
0e16d
0e176
0e18b
0e2ac
0e2d1
0e2d5
0e2ec
0e302
0e306
0e32a
0e339
0e3a8
0e475
0e512
0e555
0e560
0e56d
0e681
0e6c5
0e6d9
0e6dd
0e779
0ef3e
0ef42
0ef46
0ef4a
0ef4e
0ef52
0ef56
0ef5a
0ef5e
0ef62
0c77a
0c78a
0c7ac
0c7b8
0c7c6
0c9ba
0ca6c
0ca80
0ca8e
0ca97
0cc00
0cc0c
0ccc6
0d847
0d853
0d879
0da37
0dc26
0dd39
0de75
0de80
0de98
0dea6
0dec1
0dee7
0df24
0e013
0e020
0e037
0e0b1
0e18c
0e1b0
0e1bc
0e1cf
0e1d3
0e2fa
0e30c
0e310
0e348
0e374
0e383
0e533
0e56e
0e59b
0e5aa
0e64a
0e6e1
0e70c
0e718
0e71c
0e884
0ef67
0ef6b
0ef6f
0ef73
0ef77
0ef7b
0ef7f
0ef83
0ef87
0ef8b
0c7dc
0c7f6
0c81c
0c827
0c830
0c919
0c92d
0c93b
0c944
0cac3
0cad4
0cadc
0d86b
0d876
0d89c
0da48
0dc33
0dc75
0dd9d
0dedd
0dee9
0df03
0df25
0df49
0df68
0e00b
0e03a
0e05d
0e07e
0e0ea
0e0ff
0e1c5
0e1d7
0e1db
0e1fb
0e216
0e21a
0e367
0e387
0e3b2
0e42d
0e58c
0e5c9
0e5d4
0e5e5
0e6fb
0e739
0e74f
0e753
0e7f3
0ef65
0ef8f
0ef93
0ef97
0ef9b
0ef9f
0efa3
0efa7
0efab
0efaf
0ca1f
0ca29
0ca3b
0ca48
0ca54
0cae6
0cafe
0cb0b
0cb17
0cbcd
0cc82
0cc8c
0ce98
0d81b
0d8bb
0d946
0d94d
0dadc
0dcc1
0de32
0df5c
0e126
0e131
0e13e
0e151
0e170
0e1ee
0e20d
0e236
0e24c
0e2b5
0e367
0e385
0e38c
0e3aa
0e3bf
0e3c8
0e464
0e531
0e555
0e56b
0e606
0e60e
0e622
0e720
0e775
0e781
0e793
0e797
0e8bd
0e9a1
0eecd
0ef41
0efb4
0efb8
0efbc
0efc0
0efc4
0efc8
0efcc
0efd0
0ca62
0ca6d
0ca81
0ca8e
0ca97
0cb33
0cb45
0cb4c
0cb5a
0ccb8
0ccc6
0ccce
0d7d3
0d842
0d8b4
0d8bf
0d8dc
0daf7
0dd93
0de99
0dfbe
0e01c
0e035
0e16f
0e17c
0e190
0e22f
0e273
0e280
0e29a
0e2fd
0e3a4
0e3c0
0e3cf
0e3e8
0e3fc
0e405
0e49c
0e56e
0e592
0e5aa
0e629
0e64b
0e65f
0e757
0e799
0e7be
0e7d0
0e7d4
0e937
0eef1
0eef5
0efb2
0efd4
0efd8
0efdc
0efe0
0efe4
0efe8
0efec
0c90a
0c915
0c927
0c934
0c93f
0cad1
0cb72
0cb84
0cb8b
0cb99
0ccfc
0cd06
0cdaa
0d825
0d8cf
0d8d6
0d8f7
0da88
0dc75
0ddc8
0deeb
0e00c
0e024
0e02a
0e03e
0e068
0e1be
0e26c
0e293
0e2bb
0e2ca
0e36c
0e3f6
0e40a
0e40e
0e42f
0e440
0e444
0e58c
0e5b0
0e5cc
0e62c
0e666
0e688
0e69c
0e7b2
0e7f5
0e80b
0e80f
0e8af
0ea11
0ef1a
0ef8e
0eff0
0eff4
0eff8
0effc
0f000
0f004
0f008
0f00c
0c956
0c95f
0c973
0c980
0c989
0cbae
0cbbe
0cbc8
0cbd3
0cd32
0cd40
0cd48
0d821
0d88f
0d8f0
0d8fb
0d918
0daa3
0dd6b
0de8f
0df6d
0e063
0e06c
0e07b
0e0a8
0e0c0
0e206
0e2ad
0e2ec
0e2f8
0e312
0e41e
0e43d
0e449
0e45c
0e470
0e479
0e498
0e4a7
0e516
0e5e7
0e680
0e6c4
0e6d0
0e6e2
0e7ef
0e832
0e848
0e84c
0e8e7
0eed1
0ef43
0efef
0f010
0f014
0f018
0f01c
0f020
0f024
0f028
0c994
0c99f
0c9b1
0c9be
0c9c9
0cb4f
0cbea
0cbfc
0cc03
0cc11
0cd70
0cd7a
0ce24
0d85f
0d90b
0d912
0d933
0dab2
0dc9b
0de97
0dfb6
0e09c
0e0ae
0e0b4
0e0c8
0e0ec
0e1af
0e1b6
0e1cd
0e23c
0e30a
0e32a
0e337
0e34c
0e350
0e46a
0e47e
0e482
0e4b7
0e4e2
0e4f1
0e6a6
0e6e0
0e709
0e716
0e7b6
0e850
0e87a
0e887
0e88b
0e9e8
0ef47
0ef6c
0f02c
0f030
0f034
0f038
0f03c
0f040
0f044
0f048
0c9de
0c9e9
0c9fd
0ca0a
0ca13
0cab5
0cac7
0cace
0cadc
0cc3e
0cc4c
0cc54
0d86c
0d8a1
0d92c
0d937
0d954
0dacd
0dd7f
0ddd1
0df56
0e0e9
0e0f6
0e109
0e12e
0e14a
0e1ab
0e1f3
0e1fc
0e21d
0e285
0e33f
0e353
0e357
0e374
0e390
0e394
0e4d5
0e4f9
0e521
0e59b
0e6fa
0e738
0e744
0e758
0e869
0e8a7
0e8be
0e8c2
0e95d
0ef1f
0ef91
0efb3
0f04b
0f04f
0f053
0f057
0f05b
0f05f
0f063
0cba5
0cbac
0cbbb
0cbc8
0cbd3
0cc5e
0cc7a
0cc85
0cc8c
0cd2e
0cdef
0cdfb
0d010
0d84c
0d8c0
0d96d
0d9ef
0d9f5
0db5a
0de8f
0e06d
0e2ac
0e2b7
0e2c5
0e2db
0e2f1
0e365
0e389
0e3ac
0e3c6
0e429
0e4d5
0e4f4
0e4fd
0e517
0e52d
0e539
0e5d2
0e69e
0e6c4
0e6d9
0e774
0e77c
0e792
0e88f
0e8e3
0e8ed
0e8ff
0e903
0ea1f
0eb03
0ef43
0efb4
0f066
0f06a
0f06e
0f072
0f076
0f07a
0f07e
0f082
0cbe3
0cbed
0cbf9
0cc05
0cc11
0cca9
0ccbd
0ccc4
0ccce
0ce26
0ce31
0ce3c
0d845
0d8b3
0d8de
0d967
0d971
0d98c
0db75
0e0aa
0e171
0e1bb
0e1cd
0e2f0
0e2fc
0e30c
0e3a6
0e3e8
0e3f4
0e410
0e46d
0e512
0e531
0e53f
0e555
0e56a
0e576
0e60c
0e6db
0e700
0e716
0e798
0e7b9
0e7cf
0e8c6
0e905
0e928
0e93a
0e93e
0ea99
0ef3f
0ef6b
0efd4
0f084
0f088
0f08c
0f090
0f094
0f098
0f09c
0caa7
0cab3
0cabf
0cacc
0cad7
0cc3a
0cce6
0ccfa
0cd01
0cd0b
0ce68
0ce74
0cf1d
0d899
0d8e4
0d980
0d986
0d9a5
0db06
0df49
0e0ea
0e1aa
0e1c2
0e1c9
0e1e0
0e200
0e33b
0e3e0
0e409
0e42d
0e440
0e4dc
0e564
0e57a
0e57e
0e59c
0e5b0
0e5b5
0e6fa
0e71e
0e73b
0e79b
0e7d5
0e7f6
0e80c
0e91e
0e95f
0e973
0e977
0ea11
0eb73
0ef90
0eff0
0f083
0f0a2
0f0a6
0f0aa
0f0ae
0f0b2
0f0b6
0f0ba
0caee
0caf7
0cb06
0cb0f
0cb1b
0cd20
0cd33
0cd3c
0cd43
0cea1
0ceab
0ceb5
0d7df
0d8ef
0d91a
0d99f
0d9a9
0d9c4
0db21
0e0a6
0e13c
0e1fd
0e204
0e20d
0e23a
0e24c
0e37e
0e420
0e45c
0e468
0e484
0e58c
0e5a7
0e5b9
0e5c9
0e5e2
0e5ea
0e606
0e616
0e686
0e751
0e7ee
0e831
0e83e
0e851
0e959
0e998
0e9ae
0e9b2
0ea49
0eecb
0ef8d
0f010
0f0bc
0f0c0
0f0c4
0f0c8
0f0cc
0f0d0
0f0d4
0cb23
0cb31
0cb3d
0cb4a
0cb56
0ccb1
0cd5a
0cd6e
0cd75
0cd7f
0cedc
0cee8
0cf97
0d7fe
0d920
0d9b8
0d9be
0d9dd
0db30
0dfb3
0e16c
0e22e
0e240
0e247
0e25e
0e278
0e328
0e330
0e345
0e3b4
0e474
0e498
0e4a4
0e4bc
0e4c1
0e5d8
0e5ee
0e5f2
0e624
0e650
0e65f
0e815
0e84f
0e877
0e886
0e922
0e9b6
0e9de
0e9eb
0e9ef
0eb4a
0eef2
0f02c
0f0bb
0f0da
0f0de
0f0e2
0f0e6
0f0ea
0f0ee
0f0f2
0cb6a
0cb75
0cb81
0cb8d
0cb99
0cc2f
0cc43
0cc4a
0cc54
0cdad
0cdb7
0cdc2
0d7f7
0d92b
0d955
0d9d7
0d9e1
0d9fc
0db4b
0e01f
0e12a
0e275
0e282
0e293
0e2b2
0e2ca
0e326
0e36b
0e377
0e397
0e3f9
0e4ad
0e4c3
0e4c7
0e4e2
0e4f9
0e504
0e643
0e667
0e68f
0e709
0e868
0e8a6
0e8b2
0e8c7
0e9cf
0ea08
0ea20
0ea24
0eabf
0eefb
0ef22
0f04b
0f0f3
0f0f7
0f0fb
0f0ff
0f103
0f107
0f10b
0cd17
0cd20
0cd2a
0cd3a
0cd43
0cdcc
0cde3
0cdf3
0cdfb
0cea1
0cf5c
0cf68
0d17f
0d7f1
0d914
0d972
0da0e
0da73
0dbd8
0e0a6
0e207
0e41e
0e42a
0e437
0e44f
0e45e
0e4d4
0e4fb
0e518
0e52f
0e597
0e643
0e666
0e66f
0e684
0e69b
0e6a0
0e740
0e809
0e831
0e849
0e8e2
0e8ea
0e8fe
0e9f3
0ea45
0ea4f
0ea61
0ea65
0eb81
0ec5b
0ef1d
0ef24
0ef28
0f012
0f10e
0f112
0f116
0f11a
0f11e
0f122
0cd53
0cd5d
0cd6a
0cd76
0cd7f
0ce17
0ce2c
0ce33
0ce3c
0cf91
0cf9f
0cfaa
0d815
0d90d
0d966
0d98e
0da10
0da26
0dbf3
0e23c
0e2f2
0e335
0e345
0e460
0e46c
0e47e
0e514
0e555
0e560
0e575
0e5db
0e680
0e6a3
0e6ad
0e6c4
0e6d8
0e6dd
0e778
0e846
0e86e
0e886
0e904
0e925
0e939
0ea28
0ea67
0ea8a
0ea9c
0eaa0
0ebf5
0ef3f
0ef49
0ef4d
0f02c
0f085
0f125
0f129
0f12d
0f131
0f135
0cc21
0cc2e
0cc36
0cc46
0cc4f
0cdad
0ce54
0ce69
0ce70
0ce79
0cfd6
0cfe3
0d08c
0d83f
0d94f
0d993
0da1f
0da38
0db84
0e12a
0e276
0e324
0e33d
0e343
0e35b
0e376
0e4a8
0e54e
0e57a
0e59b
0e5ab
0e64a
0e6d2
0e6e8
0e6ec
0e70b
0e718
0e71c
0e868
0e88c
0e8a9
0e907
0e93f
0e960
0e974
0ea80
0eac1
0ead5
0ead9
0eb73
0ecc9
0ef6c
0ef72
0ef76
0f04d
0f138
0f13c
0f140
0f144
0f148
0f14c
0cc67
0cc6f
0cc7f
0cc88
0cc90
0ce8e
0ce9c
0ceaa
0ceb1
0d00b
0d019
0d024
0d863
0d8c0
0d99e
0d9c6
0da3a
0da50
0db9f
0e238
0e2c4
0e375
0e37c
0e389
0e3b0
0e3c4
0e4ec
0e58e
0e5c9
0e5d4
0e5e9
0e6fa
0e71d
0e727
0e738
0e74e
0e753
0e774
0e783
0e7f2
0e8bc
0e958
0e997
0e9a4
0e9b7
0eabb
0eafa
0eb10
0eb14
0eba7
0ef8c
0ef96
0ef9a
0efb4
0f0bd
0f14f
0f153
0f157
0f15b
0f15f
0cc9b
0cca7
0ccb4
0ccc0
0ccc9
0ce26
0cec8
0cedd
0cee4
0ceed
0d04a
0d056
0d106
0d88c
0d8d8
0d9cb
0da49
0da62
0dbae
0e171
0e2ef
0e3a4
0e3b6
0e3bd
0e3d5
0e3ea
0e497
0e49d
0e4b3
0e522
0e5de
0e606
0e613
0e624
0e628
0e746
0e75c
0e760
0e78f
0e7bd
0e7cf
0e97d
0e9b5
0e9db
0e9ea
0ea84
0eb18
0eb40
0eb4d
0eb51
0eca0
0eed0
0eed7
0eedb
0efd6
0f162
0f166
0f16a
0f16e
0f172
0f176
0ccdf
0cce9
0ccf6
0cd02
0cd0b
0cd9d
0cdb2
0cdb9
0cdc2
0cf17
0cf25
0cf30
0d7c7
0d8d1
0d9d6
0d9fd
0da64
0da7a
0dbc9
0e1bf
0e2b0
0e3e9
0e3f6
0e409
0e424
0e43a
0e494
0e4d9
0e4e3
0e501
0e567
0e61b
0e631
0e635
0e650
0e661
0e665
0e7b1
0e7d5
0e7fd
0e877
0e9ce
0ea07
0ea14
0ea29
0eb31
0eb6b
0eb82
0eb86
0ec19
0eef2
0eefb
0eeff
0eff0
0f0f4
0f179
0f17d
0f181
0f185
0f189
0ce85
0ce8f
0ce9b
0ceaa
0ceb1
0cf3a
0cf53
0cf60
0cf68
0d013
0d0c9
0d0d6
0d2e3
0d8c8
0d99e
0da01
0da8c
0daf1
0dc54
0e238
0e37f
0e58c
0e598
0e5a5
0e5be
0e5cc
0e642
0e66d
0e688
0e69d
0e705
0e7b1
0e7d5
0e7dd
0e7f4
0e809
0e80f
0e8ae
0e971
0e997
0e9af
0ea44
0ea4c
0ea60
0eb55
0eba3
0ebad
0ebbf
0ebc3
0ecd7
0ed7b
0efd7
0eff6
0effa
0f0bf
0f18c
0f190
0f194
0f198
0f19c
0f1a0
0cec0
0cecb
0cedb
0cee5
0ceed
0cf85
0cf95
0cfa1
0cfaa
0d0fe
0d10d
0d118
0d819
0d8e8
0d9dc
0da27
0da8e
0daa4
0dc6b
0e3b4
0e462
0e4a2
0e4b3
0e5cd
0e5da
0e5ef
0e682
0e6c4
0e6d0
0e6e7
0e749
0e7ee
0e812
0e81b
0e831
0e846
0e84c
0e8e6
0e9ac
0e9d2
0e9ea
0ea66
0ea87
0ea9b
0eb8a
0ebc5
0ebe7
0ebf8
0ebfc
0ed2d
0ef43
0f010
0f016
0f0d8
0f124
0f1a3
0f1a7
0f1ab
0f1af
0f1b3
0cd90
0cd9b
0cda5
0cdb6
0cdbd
0cf1f
0cfc2
0cfd2
0cfde
0cfe7
0d143
0d150
0d1f8
0d904
0d9d6
0da2b
0da9d
0dab6
0dc04
0e2b0
0e3ed
0e492
0e4aa
0e4b1
0e4ca
0e4e5
0e617
0e6bc
0e6e8
0e709
0e717
0e7b6
0e840
0e856
0e85a
0e879
0e887
0e88b
0e9ce
0e9f0
0ea0a
0ea69
0eaa1
0eac2
0ead6
0ebdc
0ec1b
0ec2f
0ec33
0ecc9
0edcb
0f013
0f032
0f036
0f0f6
0f1b6
0f1ba
0f1be
0f1c2
0f1c6
0f1ca
0cdd5
0cddd
0cdee
0cdf7
0cdff
0cffc
0d00a
0d018
0d01f
0d178
0d187
0d192
0d865
0d924
0d9f1
0da51
0dab8
0dace
0dc1b
0e3ae
0e436
0e4e4
0e4ea
0e4fb
0e51e
0e537
0e65a
0e6fc
0e738
0e744
0e75b
0e868
0e88c
0e895
0e8a6
0e8ba
0e8c2
0e8e2
0e8ef
0e95c
0ea1e
0eaba
0eaf9
0eb06
0eb19
0ec15
0ec52
0ec68
0ec6c
0ecfd
0ef91
0f04b
0f051
0f068
0f14e
0f1cd
0f1d1
0f1d5
0f1d9
0f1dd
0ce0a
0ce15
0ce1f
0ce30
0ce38
0cf98
0d036
0d048
0d052
0d05b
0d1b6
0d1c4
0d26e
0d93f
0d966
0da55
0dac7
0dae0
0dc2c
0e2f2
0e461
0e512
0e524
0e52b
0e544
0e558
0e605
0e60c
0e621
0e690
0e74c
0e774
0e780
0e793
0e797
0e8b4
0e8ca
0e8ce
0e8fb
0e927
0e939
0eadf
0eb17
0eb3d
0eb4c
0ebe0
0ec70
0ec96
0eca3
0eca7
0edab
0efb5
0efbb
0efbf
0f087
0f1e0
0f1e4
0f1e8
0f1ec
0f1f0
0f1f4
0ce4c
0ce57
0ce67
0ce71
0ce79
0cf0b
0cf1b
0cf27
0cf30
0d084
0d093
0d09e
0d7cb
0d8ac
0d9a4
0da7b
0dae2
0daf8
0dc43
0e33c
0e423
0e557
0e564
0e57a
0e592
0e5af
0e602
0e647
0e651
0e673
0e6d5
0e789
0e79f
0e7a3
0e7bd
0e7d0
0e7d4
0e91d
0e93f
0e965
0e9db
0eb30
0eb6a
0eb76
0eb8b
0ec87
0ecc0
0ecd8
0ecdc
0ed51
0eef4
0efd4
0efda
0f0a0
0f178
0f1f7
0f1fb
0f1ff
0f203
0f207
0cff3
0cffc
0d007
0d018
0d01f
0d0a8
0d0c2
0d0ce
0d0d6
0d174
0d233
0d240
0d445
0d8cb
0d97b
0da7f
0db0a
0db6f
0dcc7
0df0f
0e3ae
0e4ed
0e6fa
0e706
0e713
0e72c
0e73b
0e7b0
0e7db
0e7f6
0e80d
0e873
0e91d
0e93f
0e947
0e95e
0e971
0e977
0ea10
0ead3
0eaf9
0eb11
0eba2
0ebaa
0ebbe
0ecab
0ecf9
0ed04
0ed08
0ed7b
0edf9
0f088
0f0a5
0f0a9
0f150
0f20a
0f20e
0f212
0f216
0f21a
0f21e
0d02f
0d039
0d045
0d053
0d05b
0d0f3
0d104
0d10f
0d118
0d266
0d275
0d280
0d88b
0d995
0da60
0daa5
0db0c
0db22
0dcdd
0df84
0e522
0e5cf
0e612
0e621
0e73c
0e748
0e75d
0e7f0
0e831
0e83e
0e855
0e8b7
0e958
0e97a
0e983
0e997
0e9ac
0e9b2
0ea48
0eb0e
0eb35
0eb4c
0ebc4
0ebe3
0ebf7
0ece0
0ed0c
0ed2e
0ed32
0eda5
0f00f
0f0be
0f0c3
0f162
0f1a2
0f221
0f225
0f229
0f22d
0f231
0cefb
0cf0a
0cf13
0cf24
0cf2c
0d080
0d130
0d141
0d14c
0d155
0d2a9
0d2b7
0d35a
0d907
0d9b3
0daa9
0db1b
0db34
0dc7b
0dfd7
0e423
0e55a
0e600
0e619
0e61f
0e638
0e653
0e784
0e82a
0e856
0e877
0e887
0e922
0e9a6
0e9bc
0e9c0
0e9dd
0e9eb
0e9ef
0eb30
0eb52
0eb6d
0ebc7
0ebfd
0ec1c
0ec30
0ed23
0ed53
0ed5a
0ed5e
0ee41
0f0c0
0f0dd
0f0e1
0f17a
0f234
0f238
0f23c
0f240
0f244
0f248
0cf43
0cf4b
0cf55
0cf65
0cf6d
0d16a
0d179
0d186
0d18e
0d2dc
0d2eb
0d2f6
0d7f0
0d9cd
0da0c
0dacf
0db36
0db4c
0dc91
0dde8
0e51d
0e5a4
0e652
0e658
0e66d
0e68c
0e6a9
0e7c8
0e86a
0e8a6
0e8b2
0e8c9
0e9ce
0e9f0
0e9f9
0ea07
0ea1c
0ea24
0ea44
0ea51
0eabe
0eb80
0ec14
0ec51
0ec5e
0ec71
0ed4d
0ed7d
0ed84
0ed88
0f04a
0f0f5
0f0fa
0f10e
0f1cc
0f24b
0f24f
0f253
0f257
0f25b
0cf75
0cf83
0cf8d
0cf9e
0cfa6
0d0fa
0d1a4
0d1b7
0d1c0
0d1c9
0d318
0d326
0d3d0
0d942
0d9ea
0dad3
0db45
0db5e
0dca1
0de41
0e462
0e5ce
0e680
0e692
0e699
0e6b2
0e6c7
0e773
0e77a
0e791
0e7fe
0e8bc
0e8e2
0e8ec
0e8ff
0e903
0ea16
0ea2c
0ea30
0ea5d
0ea89
0ea9b
0ec39
0ec6f
0ec93
0eca2
0ed27
0ed8a
0edac
0edb0
0ee89
0f069
0f06e
0f072
0f126
0f25e
0f262
0f266
0f26a
0f26e
0f272
0cfbb
0cfc5
0cfcf
0cfdf
0cfe7
0d079
0d08a
0d095
0d09e
0d1f0
0d1ff
0d20a
0d83e
0d95d
0da36
0daf9
0db60
0db76
0dcb7
0deb6
0e4a9
0e590
0e6c6
0e6d2
0e6e8
0e700
0e722
0e770
0e7b5
0e7be
0e7e1
0e843
0e8f5
0e90b
0e90f
0e927
0e93a
0e93e
0ea7f
0eaa1
0eac7
0eb3d
0ec86
0ecbf
0eccc
0ece1
0eda1
0edcd
0edd6
0edda
0efd3
0f086
0f08b
0f138
0f1f6
0f275
0f279
0f27d
0f281
0f285
0d161
0d16a
0d177
0d186
0d18e
0d214
0d22c
0d238
0d240
0d2d8
0d395
0d3a2
0d59b
0d97c
0da1a
0dafd
0db88
0dbed
0dd16
0ddea
0def6
0df0f
0e51d
0e65b
0e868
0e874
0e881
0e89a
0e8a9
0e91c
0e945
0e960
0e975
0e9d7
0ea7f
0eaa1
0eaa9
0eac0
0ead3
0ead9
0eb72
0ec2d
0ec51
0ec69
0ecf8
0ed00
0ed0d
0edd3
0edfa
0edfe
0eeab
0f127
0f13d
0f141
0f1ce
0f288
0f28c
0f290
0f294
0f298
0f29c
0d19d
0d1a7
0d1b4
0d1c1
0d1c9
0d25b
0d26c
0d277
0d280
0d3c8
0d3d7
0d3e2
0d942
0da2d
0dade
0db23
0db8a
0dba0
0dd25
0de5c
0df63
0df84
0e690
0e73e
0e77f
0e791
0e8aa
0e8b6
0e8cb
0e95a
0e997
0e9a4
0e9bb
0ea19
0eaba
0eadc
0eae5
0eaf9
0eb0e
0eb14
0eba6
0ec66
0ec8a
0eca2
0ed0b
0ed2a
0ed37
0edf1
0ee1e
0ee22
0f0bd
0f14f
0f154
0f1e0
0f220
0f29f
0f2a3
0f2a7
0f2ab
0f2af
0d06b
0d077
0d083
0d092
0d099
0d1ec
0d296
0d2a7
0d2b2
0d2bb
0d40b
0d418
0d4b8
0d9b4
0da44
0db27
0db99
0dbb2
0dce6
0deb8
0dfc0
0dfd7
0e590
0e6c9
0e76e
0e786
0e78d
0e7a6
0e7c0
0e8f0
0e992
0e9bc
0e9db
0e9eb
0ea84
0eb08
0eb1e
0eb22
0eb3f
0eb4d
0eb51
0ec86
0eca8
0ecc2
0ed0e
0ed35
0ed54
0ed61
0ee26
0ee44
0ee48
0f151
0f167
0f16b
0f1f8
0f2b2
0f2b6
0f2ba
0f2be
0f2c2
0f2c6
0d0b0
0d0b9
0d0c4
0d0d3
0d0db
0d2ce
0d2dd
0d2ea
0d2f2
0d43e
0d44d
0d458
0d8cb
0da57
0da8a
0db4d
0dbb4
0dbca
0dcf5
0ddba
0dde8
0df2a
0e68b
0e712
0e7bf
0e7c6
0e7db
0e7fa
0e817
0e932
0e9d0
0ea07
0ea14
0ea2b
0eb30
0eb52
0eb5b
0eb6a
0eb7e
0eb86
0eba2
0ebaf
0ec18
0ecd6
0ed4c
0ed7a
0ed83
0ee3d
0ee66
0ee6a
0f0f4
0f179
0f17e
0f18c
0f24a
0f2c9
0f2cd
0f2d1
0f2d5
0f2d9
0d0e5
0d0f1
0d0fd
0d10c
0d113
0d262
0d306
0d319
0d322
0d32b
0d47a
0d488
0d52a
0d9eb
0da6e
0db51
0dbc3
0dbdc
0dcfe
0de1b
0de41
0df86
0e5cf
0e73d
0e7ee
0e800
0e807
0e820
0e834
0e8e1
0e8e8
0e8fd
0e966
0ea1e
0ea44
0ea4e
0ea61
0ea65
0eb78
0eb8e
0eb92
0ebbb
0ebe6
0ebf7
0ed62
0ed89
0eda8
0edb7
0ee6e
0ee8c
0ee90
0f10f
0f114
0f118
0f1a4
0f2dc
0f2e0
0f2e4
0f2e8
0f2ec
0f2f0
0d128
0d133
0d13e
0d14d
0d155
0d1e5
0d1f6
0d201
0d20a
0d352
0d361
0d36c
0d907
0da03
0dab4
0db77
0dbde
0dbf4
0dd0d
0de88
0deb6
0dff2
0e618
0e6ff
0e833
0e840
0e856
0e86e
0e891
0e8de
0e921
0e928
0e94b
0e9a9
0ea57
0ea6d
0ea71
0ea89
0ea9c
0eaa0
0ebdb
0ebfd
0ec21
0ec93
0eda0
0edca
0edd5
0ee85
0eeac
0eeb0
0f085
0f125
0f12a
0f1b6
0f274
0f2f3
0f2f7
0f2fb
0f2ff
0f303
0d2c5
0d2ce
0d2db
0d2ea
0d2f2
0d376
0d38e
0d39a
0d3a2
0d43a
0d4f1
0d4fe
0d6a6
0da1b
0da98
0db7b
0dc02
0dc68
0dd53
0ddaa
0ddcc
0dddb
0ddeb
0ddf7
0ddfb
0defc
0e040
0e68b
0e7c9
0e9ce
0e9d8
0e9e5
0e9fe
0ea20
0ea7f
0eaae
0eac4
0eade
0eb45
0ebee
0ec03
0ec07
0ec1e
0ec31
0ec35
0ed4c
0ed5f
0ed8e
0edf5
0ee03
0eeab
0f13a
0f1ba
0f1be
0f24a
0f28a
0f309
0f30d
0f311
0f315
0f319
0d2fe
0d309
0d316
0d323
0d32b
0d3bd
0d3ce
0d3d9
0d3e2
0d522
0d531
0d53c
0d9eb
0daab
0db5c
0dba1
0dc07
0dc1c
0dd62
0ddfc
0de33
0de42
0de52
0de5e
0de62
0df63
0e138
0e7fe
0e8ac
0e8ec
0e909
0ea0d
0ea1a
0ea33
0eadc
0eafa
0eb10
0eb6e
0eba6
0ec27
0ec3d
0ec41
0ec5c
0ec6a
0ec6e
0ed76
0ed89
0edb8
0ee02
0ee27
0f069
0f1cc
0f1d1
0f1d5
0f29d
0f31b
0f31f
0f323
0f327
0f32b
0d1d9
0d1e3
0d1ef
0d1fe
0d206
0d34e
0d3f8
0d409
0d414
0d41d
0d563
0d570
0d5ff
0da45
0dac2
0dba5
0dc18
0dc2a
0dd2b
0de11
0de8a
0dea5
0deb5
0dec2
0dec7
0dfc0
0e0ca
0e6ff
0e836
0e8dc
0e8f2
0e8f9
0e912
0e938
0ea53
0eaf5
0eb24
0eb3f
0eb56
0ec4d
0ec6f
0ec78
0ec8a
0ec9f
0eca5
0ed26
0edaa
0edd4
0ee05
0ee26
0ee4b
0f164
0f1e4
0f1e8
0f274
0f2b4
0f331
0f335
0f339
0f33d
0f341
0d21a
0d223
0d22e
0d23d
0d245
0d430
0d43f
0d44c
0d453
0d594
0d5a3
0d5ae
0d97c
0dad5
0db08
0dbcb
0dc2f
0dc44
0dd3a
0ddba
0deca
0defe
0df10
0df20
0df2c
0df30
0e10f
0e7f8
0e880
0e929
0e930
0e945
0e964
0e980
0ea95
0eb52
0eb6b
0eb82
0ec18
0ec99
0ecaf
0ecb3
0ecca
0ecda
0ecde
0ed04
0ed51
0edd3
0ee3d
0ee67
0f0a1
0f1f6
0f1fb
0f1ff
0f2c7
0f343
0f347
0f34b
0f34f
0f353
0d24f
0d259
0d265
0d274
0d27c
0d3c4
0d468
0d47b
0d484
0d48d
0d5d0
0d5de
0d653
0da6f
0daec
0dbcf
0dc40
0dc52
0dd3f
0de1b
0dedf
0df54
0df73
0df83
0df90
0df95
0e05e
0e73e
0e8ab
0e958
0e968
0e96f
0e988
0e9ae
0ea44
0ea4c
0ea61
0eac9
0eb8e
0eba8
0ebbb
0ebc1
0ec5a
0ecd6
0ece6
0ecf4
0ed0b
0ed3a
0ee4d
0ee6e
0ee95
0f110
0f191
0f195
0f220
0f2de
0f359
0f35d
0f361
0f365
0f369
0d28e
0d299
0d2a4
0d2b3
0d2bb
0d347
0d358
0d363
0d36c
0d4b0
0d4bf
0d4ca
0d9b4
0da81
0db32
0dbf5
0dc57
0dc6c
0dd4e
0de88
0df98
0dfc8
0dfd8
0dfe8
0dff5
0dff9
0e193
0e785
0e86c
0e999
0e9a6
0e9bc
0e9d4
0e9f6
0ea66
0ea85
0ea9a
0eafd
0eb9e
0ebc4
0ebcd
0ebe1
0ebf4
0ebfa
0ec93
0ed2c
0ed58
0eda5
0ee85
0eead
0f0d9
0f1a2
0f1a7
0f1ab
0f2f1
0f36b
0f36f
0f373
0f377
0f37b
0d428
0d430
0d43d
0d44c
0d453
0d4d2
0d4ea
0d4f6
0d4fe
0d590
0d629
0d637
0d784
0da99
0db16
0dbf8
0dc79
0dcda
0dd8f
0ddaa
0ddb6
0ddc6
0dded
0df7d
0dfd6
0dfed
0e017
0e02e
0e041
0e045
0e194
0e27f
0e92c
0eb2f
0eb39
0eb45
0eb5a
0eb6d
0ebdb
0ec0a
0ec1e
0ec38
0ec9b
0ed35
0ed3d
0ed52
0ed5a
0ed5e
0ee3c
0ee49
0ee72
0f178
0f235
0f23a
0f23e
0f306
0f380
0f384
0f388
0f38c
0f390
0d461
0d46b
0d478
0d485
0d48d
0d517
0d528
0d533
0d53c
0d64b
0d65a
0d665
0da6f
0db29
0dbda
0dc1d
0dc7e
0dc92
0dd9e
0ddda
0ddfc
0de1d
0de2d
0de54
0dfde
0e00c
0e05c
0e072
0e086
0e08a
0e220
0e82f
0e96e
0ea46
0ea5f
0eb6e
0eb7a
0eb8f
0ec36
0ec52
0ec68
0ecc3
0ecfc
0ed5f
0ed68
0ed7c
0ed84
0ed88
0ee64
0ee8a
0ef8e
0f1cd
0f24d
0f251
0f2dd
0f391
0f395
0f399
0f39d
0f3a1
0d33b
0d345
0d351
0d360
0d367
0d4ac
0d550
0d561
0d56c
0d575
0d67d
0d68a
0d6f5
0dac3
0db40
0dc20
0dc8e
0dc9f
0dd67
0dde2
0de11
0de4f
0de81
0de89
0dea2
0dec5
0e07a
0e0a8
0e0c1
0e0cd
0e177
0e2f5
0e99b
0ea3d
0ea52
0ea59
0ea6e
0ea8c
0ebb0
0ec4d
0ec7c
0ec95
0ecac
0ed76
0ed90
0ed94
0edaa
0edb0
0ee84
0ee91
0eeb6
0f124
0f25f
0f264
0f268
0f32e
0f3a6
0f3aa
0f3ae
0f3b2
0f3b6
0d37c
0d385
0d390
0d39f
0d3a7
0d586
0d595
0d5a2
0d5a9
0d69f
0d6ae
0d6b9
0da1b
0db53
0db86
0dc45
0dca4
0dcb8
0dd76
0de66
0dea8
0deca
0def5
0defd
0df22
0e016
0e0c3
0e0f1
0e106
0e112
0e1b5
0e8a4
0e9e3
0ea81
0ea90
0eaa1
0eac4
0eae1
0ebf0
0eca8
0ecc0
0ecd8
0ed50
0edb3
0edbc
0edcc
0edd6
0edda
0edfa
0eea9
0ef04
0f1f7
0f277
0f27b
0f289
0f3b7
0f3bb
0f3bf
0f3c3
0f3c7
0d3b1
0d3bb
0d3c7
0d3d6
0d3de
0d51e
0d5be
0d5d1
0d5da
0d5e3
0d6cc
0d6db
0d73d
0daed
0db6a
0dc48
0dcb4
0dcc5
0dd7b
0deb0
0dedf
0df1d
0df54
0df60
0df70
0df93
0e0e1
0e12e
0e142
0e155
0e159
0e2dd
0ea0b
0eab9
0eac8
0eacf
0eae4
0eafc
0eba2
0ebaa
0ebbf
0ec23
0ece4
0ecfe
0ed06
0ed0a
0edd2
0ede2
0edf0
0ee01
0ee2a
0f14e
0f20c
0f211
0f277
0f356
0f3cc
0f3d0
0f3d4
0f3d8
0f3dc
0d3f0
0d3fb
0d406
0d415
0d41d
0d4a5
0d4b6
0d4c1
0d4ca
0d5f7
0d606
0d611
0da45
0daff
0dbb0
0dc6d
0dcca
0dcde
0dd8a
0df34
0df76
0df98
0dfbf
0dfc7
0dfea
0e0a0
0e14d
0e175
0e18a
0e197
0e235
0e7bb
0e8f8
0eaf7
0eb00
0eb17
0eb35
0eb57
0ebc4
0ebe1
0ebf6
0ec55
0ecf4
0ed12
0ed16
0ed2c
0ed32
0eda4
0ee1c
0ee42
0ef40
0f1a3
0f223
0f227
0f2b3
0f3dd
0f3e1
0f3e5
0f3e9
0f3ed
0c86e
0d57d
0d586
0d593
0d5a2
0d5a9
0d619
0d627
0d632
0d63b
0d711
0d71f
0d72b
0d87a
0db17
0db94
0dc6f
0dce4
0dd22
0de44
0de76
0debe
0dee3
0df09
0df2b
0dfc6
0dfe5
0e017
0e02e
0e041
0e15c
0e1b2
0e1bd
0e1d0
0e1d4
0e30a
0e3f0
0ea8e
0ec86
0ec90
0ec9d
0ecb6
0ecd8
0ed24
0ed50
0ed5a
0ee1a
0ee2c
0ee30
0ee45
0ee4f
0ef6d
0ef7b
0ef7f
0f2a1
0f2b7
0f2bb
0f37e
0f3f3
0f3f7
0f3fb
0c8eb
0d5b6
0d5c1
0d5ce
0d5db
0d5e3
0d64c
0d659
0d660
0d6c1
0d73d
0d74a
0d89b
0daed
0dba7
0dc51
0dc93
0dce9
0dcf6
0ddba
0dde8
0deb1
0df1e
0df2a
0df51
0df8d
0e00e
0e05c
0e072
0e086
0e19b
0e1e3
0e1fc
0e217
0e21b
0e386
0e968
0ead0
0ebac
0ebc9
0ecc5
0ecd2
0eceb
0ed66
0ed7e
0ed8f
0ee4c
0ee53
0ee66
0ee6b
0ef8e
0ef9f
0efa3
0f24a
0f2c9
0f2ce
0f356
0f3fd
0f401
0f405
0c6d2
0d499
0d4a3
0d4af
0d4be
0d4c5
0d5f3
0d676
0d683
0d68a
0d759
0d768
0d773
0d7de
0db41
0dbbe
0dc95
0dcf2
0dcfc
0de1b
0de41
0df12
0df44
0df89
0dfaf
0dfd1
0dff4
0e048
0e08b
0e0a8
0e0c1
0e1f1
0e233
0e24b
0e250
0e2f4
0e464
0eafd
0eb9e
0ebb2
0ebb9
0ebd2
0ebf6
0ed78
0eda4
0edae
0ee62
0ee75
0ee79
0ee8d
0ee97
0eed1
0eedf
0eee3
0f2cb
0f2e1
0f2e5
0f3a4
0f40b
0f40f
0f413
0c756
0d4d9
0d4e1
0d4ec
0d4fb
0d503
0d697
0d6a7
0d6b0
0d6b9
0d784
0d792
0d801
0da99
0dbd1
0dc01
0dcb9
0dd01
0dd0e
0ddc5
0ddd6
0de81
0dea7
0def0
0df80
0dff1
0e077
0e09e
0e0e8
0e0fd
0e110
0e230
0e274
0e28a
0e28f
0e32e
0e9d8
0eb45
0ebe8
0ebee
0ec03
0ec20
0ec3c
0edba
0edce
0eddf
0ee93
0ee9b
0eeac
0eeb1
0eef3
0ef04
0ef08
0f274
0f2f3
0f2f8
0f306
0f415
0f419
0f41d
0c7a0
0d50b
0d515
0d521
0d530
0d537
0d647
0d6c8
0d6d3
0d6db
0d79f
0d7ac
0d7b7
0d82c
0db6b
0dbe8
0dcbb
0dd0a
0dd14
0dda4
0ddf4
0de2c
0de3d
0def5
0df0e
0df57
0dfe1
0e0d2
0e115
0e136
0e14b
0e1f4
0e2a0
0e2bc
0e2cc
0e2d0
0e43c
0eb6e
0ec14
0ec24
0ec2b
0ec44
0ec68
0ecfa
0ed04
0edd2
0edf6
0edfd
0ee07
0eeb9
0eebd
0ef1f
0ef2d
0ef31
0f289
0f28e
0f292
0f3ca
0f423
0f427
0f42b
0c824
0d548
0d553
0d55e
0d56d
0d575
0d5f8
0d605
0d60d
0d671
0d6f5
0d702
0d84f
0dac3
0db7d
0dc29
0dcdf
0dd19
0dd26
0dde4
0de51
0de63
0de95
0debc
0df62
0df83
0e101
0e128
0e16e
0e181
0e195
0e2ae
0e2ed
0e302
0e307
0e3a8
0e8f2
0ea5a
0ec53
0ec60
0ec76
0ec8c
0ecae
0ed12
0ed2a
0ed41
0ee04
0ee0b
0ee1e
0ee23
0ef40
0ef52
0ef56
0f220
0f29f
0f2a4
0f32e
0f42d
0f431
0f435
0c733
0c73b
0c742
0c756
0c75f
0ca36
0d697
0d6a8
0d6b2
0d712
0d71e
0d727
0d779
0d937
0db95
0dc11
0dce1
0dd2c
0dd5d
0de0f
0de36
0de44
0de4c
0de65
0de6a
0de94
0deaa
0debb
0dec6
0dee3
0dfc5
0e09c
0e0ca
0e0ec
0e110
0e1b2
0e1bc
0e1cf
0e2e0
0e32b
0e33a
0e34d
0e351
0e476
0e561
0ebf0
0eda2
0edc1
0ee18
0ee32
0ee4f
0ef59
0f02b
0f03a
0f274
0f32f
0f334
0f3b7
0f439
0f43d
0f441
0c79d
0c7a6
0c7b7
0c7c1
0c7c9
0ca8b
0d6c8
0d6d5
0d6dc
0d73b
0d746
0d74f
0d94d
0db6b
0dc22
0dcc4
0dcf7
0dd30
0dd3b
0ddba
0de7f
0dea6
0deaf
0debf
0decf
0deec
0df0e
0df1e
0df29
0df2f
0e016
0e0e1
0e10f
0e133
0e155
0e1e3
0e1fb
0e216
0e319
0e34b
0e377
0e391
0e395
0e4fa
0ec22
0ecc5
0ed10
0ede1
0ee49
0ee68
0ef6e
0ef92
0f055
0f059
0f2c9
0f346
0f34a
0f3fc
0f445
0f449
0c801
0c809
0c810
0c824
0c82d
0c922
0d5ef
0d600
0d60a
0d6e8
0d75f
0d76a
0d773
0d8bf
0dbbf
0dc39
0dcf9
0dd35
0dd40
0de1b
0dedd
0df04
0df12
0df1a
0df33
0df38
0df65
0df78
0df8d
0df94
0dfaf
0e0fe
0e14d
0e16d
0e188
0e1e4
0e222
0e23a
0e24d
0e368
0e3ab
0e3c3
0e3c9
0e465
0e5d5
0ec56
0ecf6
0ed19
0ee60
0ee7a
0ee97
0ef8c
0efb2
0efc2
0f220
0f357
0f35c
0f3dd
0f44d
0f451
0f455
0c86b
0c874
0c885
0c88f
0c897
0c97d
0d622
0d630
0d639
0d77e
0d78b
0d792
0d8d6
0db17
0dc4a
0dc78
0dd0f
0dd44
0dd4f
0de82
0df44
0df6b
0df79
0df81
0df99
0df9f
0dfc7
0dfd9
0dfea
0dff6
0e012
0e023
0e041
0e144
0e194
0e230
0e274
0e288
0e29f
0e3a5
0e3eb
0e3fe
0e406
0e49f
0ebec
0ec9c
0ed3b
0ed64
0ee91
0eeae
0eedc
0eef5
0efde
0efe2
0f2f3
0f36e
0f372
0f414
0f459
0f45d
0c8c9
0c8d1
0c8d8
0c8eb
0c8f5
0c9ac
0d643
0d654
0d65e
0d730
0d7a5
0d7ae
0d7b7
0d8fb
0dbe9
0dc61
0dd11
0dd49
0dd54
0dda8
0ddbf
0dddb
0ddeb
0ddf7
0ddfb
0def6
0dfbd
0dfd8
0dfe0
0dfef
0dfff
0e039
0e065
0e07d
0e0f3
0e262
0e2a0
0e2bd
0e2cb
0e36c
0e402
0e430
0e441
0e445
0e5b1
0ecc4
0ed4e
0ed6d
0edf4
0ee03
0eebe
0ef0c
0efef
0effe
0f24a
0f309
0f30d
0f391
0f461
0f465
0f469
0c6cf
0c6d8
0c6e9
0c6f3
0c6fb
0ca07
0d676
0d685
0d68c
0d6f3
0d6fe
0d707
0d912
0db41
0dbfa
0dc9e
0dd27
0dd58
0dd63
0ddb0
0ddd8
0dde1
0ddf1
0de01
0de23
0de40
0de50
0de5b
0de61
0df5d
0e02f
0e07a
0e0a8
0e0bf
0e138
0e2ae
0e2ed
0e300
0e318
0e41f
0e45f
0e472
0e47a
0e519
0ebb0
0ec57
0ed90
0edb8
0ee01
0ee20
0ef1d
0ef44
0f01a
0f01e
0f29f
0f31e
0f322
0f42c
0f46d
0f471
0c70b
0c713
0c749
0c757
0c75f
0c876
0c967
0c97a
0c982
0cbc4
0d780
0d78f
0d797
0d9de
0dbd6
0dc86
0dd0f
0dd68
0dd99
0de0e
0de18
0de57
0de81
0de89
0de9a
0decb
0df6d
0df80
0e06e
0e078
0e08c
0e091
0e0a9
0e0c9
0e0cf
0e230
0e261
0e288
0e2f4
0e32e
0e33a
0e359
0e476
0e4a0
0e4b4
0e4c0
0e561
0e62f
0ee84
0ee99
0eeb7
0eed4
0ef51
0f0d7
0f0e6
0f32f
0f3a8
0f3ac
0f475
0f479
0f47d
0c775
0c78d
0c7b8
0c7c2
0c7c9
0c8e2
0c9ba
0c9c4
0c9cc
0d79e
0d7ab
0d7b2
0d9f4
0dbe3
0dc26
0dc9c
0dd39
0dd6c
0dd77
0de77
0de85
0ded2
0def5
0defd
0df24
0dfb6
0dfdb
0e019
0e0b3
0e0bd
0e0d1
0e0d6
0e0f4
0e10e
0e114
0e26f
0e2a0
0e2c7
0e324
0e36b
0e377
0e397
0e493
0e4dd
0e4f1
0e503
0e59e
0e70a
0edfa
0eeb8
0eef8
0ef1a
0f03e
0f0ff
0f103
0f3b9
0f3bd
0f421
0f481
0f485
0c6da
0c7e6
0c7ee
0c817
0c825
0c82d
0c9f1
0ca04
0ca0c
0cac8
0d6f0
0d6ff
0d707
0d96e
0db82
0dcac
0dd27
0dd71
0dd7c
0ddcb
0ddde
0dedc
0def3
0df25
0df54
0df60
0df68
0df9b
0e0e1
0e0fe
0e109
0e119
0e12f
0e14a
0e157
0e1f4
0e2d1
0e2f0
0e314
0e367
0e3a8
0e3b3
0e3d3
0e4f5
0e51f
0e535
0e53c
0e6a8
0edf0
0ee09
0ee31
0ef21
0ef9e
0f066
0f076
0f357
0f3ce
0f3d2
0f489
0f48d
0f491
0c74c
0c851
0c85b
0c886
0c890
0c897
0ca44
0ca4e
0ca56
0d710
0d71e
0d727
0d985
0db8f
0dc4e
0dcc2
0dd4d
0dd80
0dd8b
0de38
0de4b
0df45
0df61
0dfa0
0dfb9
0dfc5
0dfec
0e0a3
0e13d
0e147
0e15b
0e160
0e178
0e192
0e199
0e1c0
0e1df
0e305
0e38b
0e3c0
0e3f0
0e3fe
0e49f
0e532
0e562
0e573
0e579
0e6e6
0ee25
0ee42
0eedc
0ef41
0efc6
0f090
0f094
0f3df
0f3e3
0f3f1
0f495
0f499
0c7a8
0c8b0
0c8b8
0c8df
0c8ed
0c8f5
0ca75
0ca89
0ca90
0cb46
0d738
0d747
0d74f
0d9a6
0dbac
0dcd2
0dcf7
0dd85
0dd90
0dda8
0ddb5
0ddbd
0dded
0de96
0deab
0df4b
0dfc3
0e001
0e017
0e035
0e042
0e0f0
0e182
0e18d
0e19d
0e1ac
0e1e3
0e20a
0e27e
0e3e1
0e424
0e431
0e44d
0e550
0e593
0e5aa
0e5b4
0e64a
0ee3c
0ee51
0ee73
0ef66
0ef79
0f09f
0f0ae
0f307
0f383
0f3df
0f49d
0f4a1
0f4a5
0c6a7
0c6bf
0c6ea
0c6f4
0c6fb
0c81a
0c930
0c93a
0c942
0d758
0d767
0d76e
0d9bd
0dbb9
0dbfe
0dc76
0dd61
0dd94
0dd9f
0ddb0
0ddd8
0de13
0de20
0de2d
0de5e
0df03
0df18
0e00c
0e02f
0e03a
0e04a
0e05f
0e07e
0e088
0e138
0e217
0e23e
0e25d
0e40b
0e43d
0e464
0e472
0e519
0e5ae
0e5d6
0e5e7
0e5ed
0e75a
0ee6d
0ee8a
0ef1d
0ef8e
0f002
0f0c8
0f0cc
0f393
0f397
0f409
0f4a9
0f4ad
0ddee
0ddf8
0de06
0dff0
0e001
0e040
0e04e
0e0f3
0e183
0e187
0e19d
0e257
0e264
0e29e
0eb44
0eb48
0ebde
0ec04
0ec0b
0ed39
0ed45
0ee9b
0eefe
0ef0d
0ef11
0f004
0f0b2
0f30b
0f312
0f387
0f417
0f462
0f49d
0f4b0
0f4b4
0f4b8
0f4bc
0f4c0
0f4c4
0f4c8
0f4cc
0f4d0
0f4d4
0f4d8
0f4dc
0f4e0
0f4e4
0f4e8
0f4ec
0f4f0
0f4f4
0f4f8
0f4fc
0f500
0f504
0f508
0f50c
0f510
0f514
0ddf3
0de04
0de55
0de5f
0de6d
0e032
0e048
0e050
0e088
0e136
0e13a
0e2a1
0e2cd
0e2e2
0eb7b
0ec15
0ec37
0ec40
0ec46
0ed69
0eeb4
0eec1
0ef2d
0ef36
0f01b
0f0c8
0f11a
0f324
0f395
0f39c
0f46a
0f46e
0f4a9
0f4b2
0f515
0f519
0f51d
0f521
0f525
0f529
0f52d
0f531
0f535
0f539
0f53d
0f541
0f545
0f549
0f54d
0f551
0f555
0f559
0f55d
0f561
0f565
0f569
0f56d
0f571
0de58
0de67
0de6f
0dec4
0decb
0e075
0e079
0e08f
0e0ca
0e0d8
0e177
0e2d5
0e2e4
0e316
0ea58
0ea5c
0ec50
0ec77
0ec7d
0ed8d
0ed99
0ee0b
0ef4c
0ef5b
0ef5f
0f040
0f0ea
0f333
0f33a
0f3ad
0f42f
0f43a
0f475
0f515
0f519
0f576
0f57a
0f57e
0f582
0f586
0f58a
0f58e
0f592
0f596
0f59a
0f59e
0f5a2
0f5a6
0f5aa
0f5ae
0f5b2
0f5b6
0f5ba
0f5be
0f5c2
0f5c6
0f5ca
0f5ce
0f5d2
0dec1
0ded2
0df23
0df2d
0df3b
0e019
0e0ba
0e0be
0e0d4
0e10f
0e11d
0e1e1
0e30e
0e31d
0ea95
0ec87
0eca9
0ecb2
0ecb8
0edbd
0ee29
0ee35
0ef7b
0ef84
0f056
0f0ff
0f144
0f34c
0f3bb
0f3c2
0f442
0f446
0f481
0f576
0f5d3
0f5d7
0f5db
0f5df
0f5e3
0f5e7
0f5eb
0f5ef
0f5f3
0f5f7
0f5fb
0f5ff
0f603
0f607
0f60b
0f60f
0f613
0f617
0f61b
0f61f
0f623
0f627
0f62b
0f62f
0df26
0df35
0df3d
0df92
0df9b
0e05c
0e060
0e101
0e117
0e11f
0e157
0e1d9
0e1e8
0e220
0eace
0ead2
0eba5
0ece5
0eceb
0eddc
0ede9
0ee53
0ef99
0efa8
0efac
0efc8
0f07a
0f35b
0f362
0f3d3
0f3ff
0f44e
0f489
0f5d3
0f5d7
0f634
0f638
0f63c
0f640
0f644
0f648
0f64c
0f650
0f654
0f658
0f65c
0f660
0f664
0f668
0f66c
0f670
0f674
0f678
0f67c
0f680
0f684
0f688
0f68c
0f690
0df8c
0dfa0
0dfeb
0dff6
0e005
0e0a3
0e144
0e148
0e15e
0e193
0e1a3
0e223
0e24f
0e266
0eb0b
0eb9f
0ebc5
0ebce
0ebd4
0ed15
0ee71
0ee7d
0eedf
0eee8
0efdf
0f090
0f16e
0f374
0f3e1
0f3e8
0f456
0f45a
0f495
0f4b8
0f632
0f636
0f693
0f697
0f69b
0f69f
0f6a3
0f6a7
0f6ab
0f6af
0f6b3
0f6b7
0f6bb
0f6bf
0f6c3
0f6c7
0f6cb
0f6cf
0f6d3
0f6d7
0f6db
0f6df
0f6e3
0f6e7
0de9d
0dea1
0df9f
0e036
0e041
0e052
0e190
0e19f
0e1d1
0e1e6
0e27f
0e30e
0e31d
0e3d6
0e401
0e415
0ec9c
0ed23
0ed36
0ed40
0ed47
0ee2e
0ef73
0ef82
0ef86
0efe0
0efe8
0f0ac
0f144
0f382
0f389
0f456
0f49d
0f4bc
0f4c0
0f4c4
0f4c8
0f4cc
0f5da
0f5de
0f5e2
0f691
0f6ec
0f6f0
0f6f4
0f6f8
0f6fc
0f700
0f704
0f708
0f70c
0f710
0f714
0f718
0f71c
0f720
0f724
0f728
0f72c
0df06
0dffb
0e007
0e03d
0e04c
0e07e
0e086
0e097
0e1e4
0e218
0e225
0e2be
0e40c
0e417
0e443
0eccf
0ecd3
0ed4f
0ed67
0ed6d
0ee4d
0ee59
0efa1
0efaa
0eff7
0f003
0f008
0f0ce
0f198
0f39a
0f3ff
0f465
0f4a9
0f51b
0f51f
0f523
0f527
0f52b
0f639
0f63d
0f641
0f6ea
0f6ee
0f72f
0f733
0f737
0f73b
0f73f
0f743
0f747
0f74b
0f74f
0f753
0f757
0f75b
0f75f
0f763
0f767
0ddff
0de0a
0df6d
0e07b
0e08b
0e099
0e0c2
0e0cf
0e210
0e227
0e25f
0e2f5
0e2f9
0e450
0e475
0e489
0ebb8
0ed77
0ed8a
0ed95
0ed9b
0ee77
0eed7
0eee6
0eeea
0f01c
0f024
0f0e4
0f16e
0f3a8
0f3af
0f46a
0f475
0f52e
0f57c
0f580
0f584
0f588
0f58c
0f696
0f69a
0f69e
0f72f
0f76a
0f76e
0f772
0f776
0f77a
0f77e
0f782
0f786
0f78a
0f78e
0f792
0f796
0f79a
0f79e
0f7a2
0f7a6
0de6a
0dfcc
0dfd0
0e0c7
0e0d6
0e105
0e110
0e121
0e1b7
0e257
0e264
0e29e
0e34a
0e35e
0e487
0ebef
0ebf3
0eda3
0edbb
0edc1
0ee94
0eea1
0ef06
0ef0f
0f033
0f03f
0f044
0f105
0f1c2
0f3c0
0f417
0f43d
0f481
0f4d3
0f4d7
0f4db
0f58e
0f5e9
0f5ed
0f5f1
0f5f5
0f76a
0f76e
0f7a9
0f7ad
0f7b1
0f7b5
0f7b9
0f7bd
0f7c1
0f7c5
0f7c9
0f7cd
0f7d1
0f7d5
0f7d9
0f7dd
0f7e1
0ddcf
0ddd3
0ded1
0e109
0e115
0e123
0e14c
0e159
0e1f4
0e1f8
0e2a1
0e2cd
0e2e2
0e35c
0e387
0e39b
0ec2a
0ecf9
0edd3
0ede5
0edeb
0eebb
0ef25
0ef34
0ef38
0f057
0f05f
0f074
0f11a
0f3ce
0f3d5
0f442
0f489
0f530
0f534
0f538
0f53c
0f646
0f64a
0f64e
0f652
0f656
0f7a9
0f7e4
0f7e8
0f7ec
0f7f0
0f7f4
0f7f8
0f7fc
0f800
0f804
0f808
0f80c
0f810
0f814
0f818
0f81c
0f820
0de38
0df34
0df3f
0e150
0e160
0e189
0e195
0e1a7
0e235
0e2d5
0e2e4
0e316
0e38c
0e39d
0e3c9
0ec61
0ec65
0ecf7
0ed13
0ed19
0ee05
0ee11
0ef54
0ef5d
0efbb
0efc7
0efcc
0f096
0f1ec
0f3e6
0f42f
0f451
0f495
0f591
0f595
0f599
0f659
0f6a3
0f6a7
0f6ab
0f6af
0f6f0
0f6f4
0f7e6
0f821
0f825
0f829
0f82d
0f831
0f835
0f839
0f83d
0f841
0f845
0f849
0f84d
0f851
0f855
0de49
0de4d
0de6a
0e0b2
0e0b6
0e15e
0e1ce
0e1dd
0e1ea
0e310
0e317
0e34a
0e35e
0e3f3
0e480
0e48b
0e540
0e574
0e583
0ee1b
0ee2c
0ee33
0ef73
0ef82
0ef86
0f03a
0f042
0f08a
0f095
0f09a
0f1c2
0f3f3
0f43d
0f58d
0f5db
0f5df
0f5e3
0f5fc
0f600
0f6f7
0f6fb
0f7b0
0f7b4
0f858
0f85c
0f860
0f864
0f868
0f86c
0f870
0f874
0f878
0f87c
0f880
0f884
0f888
0f88c
0f890
0f894
0deb2
0decd
0ded8
0e0f9
0e19b
0e1a1
0e1db
0e1e3
0e215
0e21d
0e229
0e35c
0e387
0e39b
0e430
0e571
0e585
0e5b4
0ee3d
0ee4a
0ee55
0ee5b
0efa1
0efaa
0f050
0f05c
0f061
0f0ad
0f0b4
0f159
0f216
0f442
0f49d
0f5f9
0f63a
0f63e
0f642
0f65b
0f65f
0f736
0f7eb
0f7ef
0f7f3
0f85a
0f895
0f899
0f89d
0f8a1
0f8a5
0f8a9
0f8ad
0f8b1
0f8b5
0f8b9
0f8bd
0f8c1
0f8c5
0f8c9
0df17
0df1b
0df38
0e048
0e050
0e13e
0e20d
0e21c
0e22b
0e251
0e260
0e38c
0e39d
0e3c9
0e465
0e469
0e5ba
0e5e8
0e5f7
0ee63
0ee75
0ee7b
0eed7
0eee6
0eeea
0efc2
0efca
0f0c2
0f0cd
0f0d2
0f1ec
0f40b
0f451
0f51b
0f693
0f697
0f69b
0f69f
0f6b6
0f771
0f775
0f824
0f828
0f895
0f899
0f8ce
0f8d2
0f8d6
0f8da
0f8de
0f8e2
0f8e6
0f8ea
0f8ee
0f8f2
0f8f6
0f8fa
0f8fe
0f902
0df80
0df9a
0dfa6
0e08f
0e17b
0e17f
0e259
0e261
0e28b
0e29a
0e2a7
0e331
0e3cf
0e3d8
0e406
0e4bd
0e4cc
0e5f1
0ee85
0ee92
0ee9d
0eea3
0ef06
0ef0f
0efd9
0efe5
0efea
0f0e5
0f0ec
0f183
0f240
0f456
0f475
0f4d3
0f4d7
0f4db
0f4df
0f4e3
0f692
0f6ff
0f703
0f7b8
0f7bc
0f8ce
0f903
0f907
0f90b
0f90f
0f913
0f917
0f91b
0f91f
0f923
0f927
0f92b
0f92f
0f933
0f937
0dfdf
0dfe3
0e000
0e028
0e02c
0e0d4
0e293
0e29b
0e2a9
0e2cf
0e2de
0e36c
0e370
0e413
0e43e
0e452
0e4c6
0e4fa
0e509
0edf7
0eeb9
0eebf
0ef25
0ef34
0ef38
0effe
0f006
0f0f9
0f104
0f109
0f198
0f423
0f465
0f4cf
0f532
0f536
0f53a
0f53e
0f542
0f73a
0f73e
0f742
0f7f7
0f903
0f907
0f93c
0f940
0f944
0f948
0f94c
0f950
0f954
0f958
0f95c
0f960
0f964
0f968
0f96c
0f970
0dde4
0ddff
0de0a
0e06f
0e117
0e11f
0e2d7
0e2df
0e303
0e312
0e321
0e3ab
0e449
0e454
0e47a
0e4f7
0e50b
0e53a
0edf1
0ee02
0ee0d
0ee13
0ef54
0ef5d
0f015
0f021
0f026
0f075
0f07c
0f12f
0f26a
0f46a
0f489
0f58f
0f593
0f597
0f59b
0f59f
0f646
0f779
0f77d
0f82c
0f830
0f860
0f93a
0f93e
0f973
0f977
0f97b
0f97f
0f983
0f987
0f98b
0f98f
0f993
0f997
0f99b
0f99f
0de10
0de58
0de67
0de6f
0e077
0e08d
0e095
0e246
0e2d5
0e2e4
0e34c
0e359
0e476
0e483
0e48d
0e4c0
0e55f
0e563
0e5f1
0e6a7
0e6b4
0e6e6
0ef4d
0ef60
0f03a
0f042
0f0de
0f0e9
0f0ee
0f130
0f1c1
0f2fc
0f43d
0f515
0f58d
0f7ad
0f7b1
0f7b5
0f7bf
0f7c3
0f867
0f90a
0f90e
0f912
0f9a4
0f9a8
0f9ac
0f9b0
0f9b4
0f9b8
0f9bc
0f9c0
0f9c4
0f9c8
0f9cc
0f9d0
0f9d4
0f9d8
0f9dc
0de79
0dec1
0ded2
0e0ba
0e0be
0e0d4
0e283
0e287
0e319
0e34b
0e358
0e364
0e390
0e397
0e4ba
0e4ce
0e503
0e59c
0e5a0
0e6eb
0e719
0e72e
0ef82
0f050
0f05c
0f061
0f100
0f107
0f13e
0f147
0f254
0f442
0f47f
0f5d9
0f5f9
0f7ec
0f7f0
0f7f4
0f7fe
0f89c
0f8a0
0f943
0f947
0f9a2
0f9a6
0f9df
0f9e3
0f9e7
0f9eb
0f9ef
0f9f3
0f9f7
0f9fb
0f9ff
0fa03
0fa07
0fa0b
0fa0f
0dede
0df26
0df35
0df3d
0e101
0e117
0e11f
0e1e4
0e2c2
0e2c6
0e38a
0e398
0e3c4
0e3ca
0e3dc
0e4fe
0e536
0e548
0e5d5
0e720
0e730
0e75a
0ef9a
0efad
0efc2
0efca
0f06e
0f079
0f07e
0f15a
0f1eb
0f2a8
0f451
0f5d3
0f645
0f821
0f825
0f829
0f833
0f837
0f8d5
0f972
0f976
0f97a
0f9df
0fa12
0fa16
0fa1a
0fa1e
0fa22
0fa26
0fa2a
0fa2e
0fa32
0fa36
0fa3a
0fa3e
0fa42
0fa46
0df47
0df8c
0dfa0
0e144
0e148
0e15e
0e210
0e227
0e2fd
0e3c2
0e3d2
0e3de
0e403
0e410
0e49d
0e4a1
0e540
0e574
0e583
0e62f
0e757
0e767
0eee6
0efd9
0efe5
0efea
0f091
0f098
0f168
0f171
0f27e
0f456
0f493
0f691
0f6a0
0f6fe
0f702
0f706
0f70a
0f86b
0f86f
0f873
0f916
0fa12
0fa16
0fa49
0fa4d
0fa51
0fa55
0fa59
0fa5d
0fa61
0fa65
0fa69
0fa6d
0fa71
0fa75
0fa79
0dda9
0dfee
0dffd
0e003
0e185
0e19b
0e1a1
0e1c8
0e257
0e264
0e40a
0e412
0e43a
0e444
0e456
0e4dc
0e571
0e585
0e5b4
0e62d
0e63c
0e66c
0eeff
0ef12
0effe
0f006
0f0a6
0f0b1
0f0b6
0f184
0f197
0f2d2
0f465
0f4b6
0f4cf
0f739
0f73d
0f741
0f745
0f749
0f8a4
0f8a8
0f94b
0f94f
0fa49
0fa7c
0fa80
0fa84
0fa88
0fa8c
0fa90
0fa94
0fa98
0fa9c
0faa0
0faa4
0faa8
0faac
0fab0
0dda5
0ddf3
0de04
0e030
0e034
0e04a
0e205
0e209
0e2a1
0e43f
0e44c
0e458
0e477
0e484
0e517
0e51b
0e5ba
0e5e8
0e5f7
0e670
0e69f
0e6b6
0ef34
0f015
0f021
0f026
0f0c9
0f0d0
0f114
0f11d
0f22a
0f46a
0f4a7
0f51b
0f530
0f778
0f77c
0f780
0f784
0f8d9
0f8dd
0f8e1
0f97e
0f9a8
0f9ac
0fa7e
0fab1
0fab5
0fab9
0fabd
0fac1
0fac5
0fac9
0facd
0fad1
0fad5
0fad9
0fadd
0df6b
0df6f
0e05a
0e082
0e091
0e210
0e227
0e3bc
0e449
0e454
0e4b6
0e4c2
0e5df
0e5f3
0e5fb
0e62f
0e6cd
0e6d1
0e75f
0e816
0e822
0e84c
0eed8
0eeeb
0f023
0f0de
0f0e9
0f0ee
0f16f
0f1a6
0f1af
0f240
0f378
0f57a
0f72d
0f909
0f90d
0f911
0f91b
0f91f
0f9b1
0fa4e
0fa52
0fa56
0fae2
0fae6
0faea
0faee
0faf2
0faf6
0fafa
0fafe
0fb02
0fb06
0fb0a
0fb0e
0fb12
0fb16
0fb1a
0dfce
0e09d
0e0c4
0e0d0
0e0de
0e262
0e3f7
0e3fb
0e487
0e4b8
0e4c8
0e4d2
0e4f3
0e505
0e62d
0e63c
0e66c
0e70a
0e70e
0e859
0e884
0e89c
0ef0d
0f034
0f045
0f100
0f107
0f17d
0f186
0f1c1
0f1c6
0f2d3
0f47f
0f5e6
0f7ad
0f942
0f946
0f94a
0f954
0f9e4
0f9e8
0fa85
0fa89
0fae0
0fae4
0fb1d
0fb21
0fb25
0fb29
0fb2d
0fb31
0fb35
0fb39
0fb3d
0fb41
0fb45
0fb49
0fb4d
0ddcf
0ddd3
0e0e4
0e10c
0e11b
0e296
0e2a5
0e35c
0e434
0e438
0e4fc
0e507
0e52e
0e538
0e54a
0e670
0e69f
0e6b6
0e743
0e88f
0e89e
0e8c2
0ef26
0ef39
0f05e
0f06e
0f079
0f07e
0f11b
0f1d0
0f1d9
0f26a
0f328
0f530
0f7a7
0f971
0f975
0f979
0f983
0f987
0fa1b
0fab2
0fab6
0faba
0fb1d
0fb50
0fb54
0fb58
0fb5c
0fb60
0fb64
0fb68
0fb6c
0fb70
0fb74
0fb78
0fb7c
0fb80
0fb84
0de38
0e127
0e14e
0e15a
0e168
0e2e0
0e38c
0e39d
0e46d
0e532
0e542
0e54c
0e56d
0e579
0e60b
0e60f
0e6ae
0e6dc
0e6f1
0e795
0e8c6
0e8d5
0ef5b
0efbc
0efcd
0f091
0f098
0f129
0f132
0f1eb
0f1f0
0f2fd
0f493
0f6a0
0f821
0f86c
0f870
0f874
0f878
0f9b5
0f9b9
0f9bd
0fa5a
0fb50
0fb54
0fb87
0fb8b
0fb8f
0fb93
0fb97
0fb9b
0fb9f
0fba3
0fba7
0fbab
0fbaf
0fbb3
0fbb7
0de9d
0dea1
0e015
0e190
0e19f
0e30e
0e31d
0e342
0e3cf
0e3d8
0e57b
0e581
0e5aa
0e5b2
0e5c4
0e64a
0e6e4
0e6f3
0e723
0e79c
0e7aa
0e7d2
0ef74
0ef87
0efe7
0f0a6
0f0b1
0f0b6
0f145
0f1fa
0f203
0f216
0f350
0f4bc
0f6f0
0f8a1
0f8a5
0f8a9
0f8ad
0f8b1
0f9ec
0f9f0
0fa8d
0fa91
0fb87
0fbba
0fbbe
0fbc2
0fbc6
0fbca
0fbce
0fbd2
0fbd6
0fbda
0fbde
0fbe2
0fbe6
0fbea
0fbee
0df06
0e00d
0e03a
0e046
0e054
0e1e4
0e37d
0e381
0e413
0e5ae
0e5bc
0e5c6
0e5e5
0e5ed
0e685
0e689
0e728
0e752
0e765
0e7de
0e80a
0e824
0efa8
0eff8
0f009
0f0c9
0f0d0
0f153
0f15c
0f197
0f19c
0f2a9
0f4a7
0f639
0f739
0f8da
0f8de
0f8e2
0f8e6
0fa1f
0fa23
0fa27
0fabe
0fae6
0faea
0fbbc
0fbef
0fbf3
0fbf7
0fbfb
0fbff
0fc03
0fc07
0fc0b
0fc0f
0fc13
0fc17
0fc1b
0e13c
0e140
0e1f2
0e212
0e222
0e38c
0e39d
0e52a
0e5a8
0e5c2
0e627
0e630
0e74d
0e761
0e769
0e795
0e83b
0e83f
0e8cd
0e97e
0e98a
0e9b2
0eed8
0eeeb
0efc9
0f0c3
0f0d3
0f16f
0f1e5
0f1ee
0f225
0f22e
0f33b
0f694
0f895
0fa4d
0fa51
0fa55
0fa5f
0fa63
0faef
0fb8c
0fb90
0fb94
0fc20
0fc24
0fc28
0fc2c
0fc30
0fc34
0fc38
0fc3c
0fc40
0fc44
0fc48
0fc4c
0fc50
0fc54
0fc58
0e17d
0e22f
0e254
0e25c
0e26a
0e3d6
0e565
0e569
0e5f1
0e62a
0e636
0e640
0e664
0e673
0e79c
0e7aa
0e7d2
0e878
0e87c
0e9bf
0e9e8
0ea00
0ef0d
0efda
0efeb
0f0eb
0f17d
0f186
0f200
0f205
0f241
0f2d2
0f38a
0f6fc
0f909
0fa84
0fa88
0fa8c
0fa96
0fb22
0fb26
0fbc3
0fbc7
0fc1e
0fc22
0fc5b
0fc5f
0fc63
0fc67
0fc6b
0fc6f
0fc73
0fc77
0fc7b
0fc7f
0fc83
0fc87
0fc8b
0e028
0e02c
0e270
0e298
0e2a0
0e40c
0e417
0e4c6
0e5a2
0e5a6
0e66e
0e675
0e69c
0e6a5
0e6b8
0e7de
0e80a
0e824
0e8b1
0e9f3
0ea02
0ea24
0ef26
0ef39
0f005
0f0fa
0f10a
0f11b
0f191
0f19a
0f24f
0f258
0f363
0f530
0f903
0fab1
0fab5
0fab9
0fac3
0fac7
0fb59
0fbf0
0fbf4
0fbf8
0fc5b
0fc8e
0fc92
0fc96
0fc9a
0fc9e
0fca2
0fca6
0fcaa
0fcae
0fcb2
0fcb6
0fcba
0fcbe
0fcc2
0e06f
0e2ad
0e2d2
0e2da
0e2e8
0e450
0e4f7
0e50b
0e5db
0e6a4
0e6b0
0e6ba
0e6de
0e6e7
0e779
0e77d
0e81c
0e847
0e85f
0e901
0ea28
0ea37
0ef5b
0f016
0f027
0f07b
0f129
0f132
0f1ac
0f1b1
0f26b
0f2fc
0f3b0
0f776
0f972
0f9b6
0f9ba
0f9be
0f9c2
0faf3
0faf7
0fafb
0fb98
0fc8e
0fc92
0fcc5
0fcc9
0fccd
0fcd1
0fcd5
0fcd9
0fcdd
0fce1
0fce5
0fce9
0fced
0fcf1
0fcf5
0e0b2
0e0b6
0e1b3
0e310
0e317
0e480
0e48b
0e4b0
0e534
0e546
0e6e9
0e6ef
0e716
0e721
0e732
0e7b8
0e853
0e861
0e889
0e908
0e916
0e93c
0ef74
0ef87
0f041
0f08b
0f09b
0f145
0f1bb
0f1c4
0f279
0f282
0f313
0f5d9
0f85e
0f9e9
0f9ed
0f9f1
0f9f5
0f9f9
0fb2a
0fb2e
0fbcb
0fbcf
0fcc5
0fcf8
0fcfc
0fd00
0fd04
0fd08
0fd0c
0fd10
0fd14
0fd18
0fd1c
0fd20
0fd24
0fd28
0fd2c
0e0f9
0e1ab
0e1d6
0e1de
0e1ec
0e35c
0e4eb
0e4ef
0e57d
0e71e
0e72a
0e734
0e754
0e75b
0e7f3
0e7f7
0e896
0e8bb
0e8d3
0e948
0e972
0e98c
0efa8
0f051
0f062
0f0b3
0f153
0f15c
0f1d6
0f1db
0f217
0f2a8
0f3d6
0f7ea
0f8a1
0fa20
0fa24
0fa28
0fa2c
0fb5d
0fb61
0fb65
0fbfc
0fc24
0fc28
0fcfa
0fd2d
0fd31
0fd35
0fd39
0fd3d
0fd41
0fd45
0fd49
0fd4d
0fd51
0fd55
0fd59
0e2c2
0e2c6
0e36a
0e38a
0e398
0e4f7
0e50b
0e698
0e720
0e730
0e796
0e79e
0e8bd
0e8cf
0e8d7
0e901
0e9a1
0e9a5
0ea2f
0eae0
0eaec
0eb14
0efbc
0efcd
0f07b
0f154
0f15e
0f1ed
0f263
0f26c
0f2a3
0f2ac
0f3b0
0f821
0f9dd
0fb8b
0fb8f
0fb93
0fb9d
0fba1
0fc2d
0fcca
0fcce
0fcd2
0fd5e
0fd62
0fd66
0fd6a
0fd6e
0fd72
0fd76
0fd7a
0fd7e
0fd82
0fd86
0fd8a
0fd8e
0fd92
0fd96
0e2fd
0e3a5
0e3c2
0e3d2
0e3de
0e540
0e6d3
0e6d7
0e75f
0e799
0e7a4
0e7ae
0e7d3
0e7e1
0e908
0e916
0e93c
0e9dc
0e9e0
0eb21
0eb4a
0eb62
0efe7
0f08b
0f09b
0f16f
0f1fb
0f204
0f27e
0f283
0f2bf
0f34f
0f3f5
0f86a
0fa4e
0fbc2
0fbc6
0fbca
0fbd4
0fc60
0fc64
0fd01
0fd05
0fd5c
0fd60
0fd99
0fd9d
0fda1
0fda5
0fda9
0fdad
0fdb1
0fdb5
0fdb9
0fdbd
0fdc1
0fdc5
0fdc9
0e1c6
0e1ca
0e3e4
0e40a
0e412
0e571
0e585
0e634
0e710
0e714
0e7dc
0e7e3
0e80c
0e814
0e826
0e948
0e972
0e98c
0ea13
0eb55
0eb64
0eb86
0eff8
0f009
0f0b3
0f17e
0f188
0f199
0f20f
0f218
0f2cd
0f2d6
0f3d6
0f739
0fa47
0fbef
0fbf3
0fbf7
0fc01
0fc05
0fc97
0fd2e
0fd32
0fd36
0fd99
0fdcc
0fdd0
0fdd4
0fdd8
0fddc
0fde0
0fde4
0fde8
0fdec
0fdf0
0fdf4
0fdf8
0fdfc
0fe00
0e207
0e41f
0e43f
0e44c
0e458
0e5ba
0e66a
0e679
0e749
0e813
0e81e
0e828
0e84d
0e855
0e8e7
0e8eb
0e984
0e9ad
0e9c5
0ea63
0eb8a
0eb99
0f023
0f0c3
0f0d3
0f11b
0f1a7
0f1b0
0f22a
0f22f
0f2e9
0f377
0f40d
0f8d8
0fab2
0faf4
0faf8
0fafc
0fb00
0fc31
0fc35
0fc39
0fcd6
0fdcc
0fdd0
0fe03
0fe07
0fe0b
0fe0f
0fe13
0fe17
0fe1b
0fe1f
0fe23
0fe27
0fe2b
0fe2f
0fe33
0e244
0e248
0e32d
0e47e
0e486
0e5e1
0e5f9
0e61e
0e6a7
0e6b4
0e857
0e85d
0e886
0e890
0e8a0
0e924
0e9b9
0e9c7
0e9ed
0ea6a
0ea78
0ea9e
0f034
0f045
0f0eb
0f12a
0f134
0f1c3
0f239
0f242
0f2f7
0f300
0f38a
0f7ad
0f9a8
0fb27
0fb2b
0fb2f
0fb33
0fb37
0fc68
0fc6c
0fd09
0fd0d
0fe03
0fe36
0fe3a
0fe3e
0fe42
0fe46
0fe4a
0fe4e
0fe52
0fe56
0fe5a
0fe5e
0fe62
0fe66
0fe6a
0e285
0e325
0e34b
0e358
0e364
0e4c6
0e659
0e65d
0e6eb
0e88d
0e898
0e8a2
0e8c3
0e8c9
0e95d
0e961
0e9fa
0ea1d
0ea35
0eaaa
0ead4
0eaee
0f05e
0f0fa
0f10a
0f145
0f1d1
0f1da
0f254
0f259
0f295
0f327
0f425
0f940
0f9ea
0fb5e
0fb62
0fb66
0fb6a
0fc9b
0fc9f
0fca3
0fd3a
0fd62
0fd66
0fe38
0fe6b
0fe6f
0fe73
0fe77
0fe7b
0fe7f
0fe83
0fe87
0fe8b
0fe8f
0fe93
0fe97
0e434
0e438
0e4d8
0e4fc
0e507
0e66a
0e679
0e806
0e88f
0e89e
0e902
0e90a
0ea1f
0ea31
0ea39
0ea63
0eb03
0eb07
0eb91
0ec3a
0ec48
0ec6c
0f06f
0f07f
0f11b
0f1d2
0f1dc
0f26b
0f2e1
0f2ea
0f321
0f329
0f40d
0f543
0fab2
0fb5c
0fccb
0fccf
0fcd3
0fcdd
0fd69
0fd6d
0fe0a
0fe0e
0fe9a
0fe9e
0fea2
0fea6
0feaa
0feae
0feb2
0feb6
0feba
0febe
0fec2
0fec6
0feca
0fece
0fed2
0e46d
0e513
0e532
0e542
0e54c
0e6ae
0e841
0e845
0e8cd
0e905
0e910
0e91a
0e93d
0e94b
0ea6a
0ea78
0ea9e
0eb3e
0eb42
0ec7b
0eca0
0ecba
0f097
0f12a
0f134
0f1ed
0f279
0f282
0f2fc
0f301
0f339
0f3c3
0f43a
0f86a
0fb50
0fcfe
0fd02
0fd06
0fd10
0fd14
0fda0
0fe3d
0fe41
0fe45
0fe9c
0fed3
0fed7
0fedb
0fedf
0fee3
0fee7
0feeb
0feef
0fef3
0fef7
0fefb
0feff
0ff03
0e340
0e344
0e552
0e57b
0e581
0e6e4
0e6f3
0e7a2
0e87e
0e882
0e946
0e94d
0e974
0e97c
0e98e
0eaaa
0ead4
0eaee
0eb75
0ecab
0ecbc
0ecdc
0f0a7
0f0b7
0f145
0f1fc
0f206
0f217
0f28d
0f296
0f349
0f351
0f425
0f601
0f9ea
0fbc0
0fd2f
0fd33
0fd37
0fd41
0fdd3
0fdd7
0fe6e
0fe72
0fed3
0fed7
0ff08
0ff0c
0ff10
0ff14
0ff18
0ff1c
0ff20
0ff24
0ff28
0ff2c
0ff30
0ff34
0ff38
0e37f
0e58d
0e5ae
0e5bc
0e5c6
0e728
0e7d9
0e7e7
0e8b7
0e97b
0e986
0e990
0e9b3
0e9bb
0ea49
0ea4d
0eae6
0eb0f
0eb27
0ebc1
0ece0
0ecf1
0f0cf
0f154
0f15e
0f199
0f225
0f22e
0f2a8
0f2ad
0f361
0f3e9
0f44e
0f8d8
0fbba
0fc30
0fc34
0fc38
0fc3c
0fc40
0fd71
0fd75
0fe12
0fe16
0ff08
0ff39
0ff3d
0ff41
0ff45
0ff49
0ff4d
0ff51
0ff55
0ff59
0ff5d
0ff61
0ff65
0ff69
0e3ba
0e3be
0e49b
0e5ef
0e5f5
0e757
0e767
0e78c
0e816
0e822
0e9bd
0e9c3
0e9ea
0e9f4
0ea04
0ea86
0eb1b
0eb29
0eb4f
0ebc8
0ebd8
0ebfa
0f0df
0f0ef
0f16f
0f1a8
0f1b2
0f241
0f2b7
0f2c0
0f371
0f379
0f3f5
0f6b9
0fa4e
0faf2
0fc67
0fc6b
0fc6f
0fc73
0fda4
0fda8
0fdac
0fe49
0ff39
0ff3d
0ff6e
0ff72
0ff76
0ff7a
0ff7e
0ff82
0ff86
0ff8a
0ff8e
0ff92
0ff96
0ff9a
0ff9e
0e3f9
0e493
0e4b8
0e4c8
0e4d2
0e634
0e7c7
0e7cb
0e859
0e9f1
0e9fc
0ea06
0ea25
0ea2b
0eabf
0eac3
0eb5c
0eb7f
0eb97
0ec08
0ec2e
0ec4a
0f106
0f17e
0f188
0f1c3
0f24f
0f258
0f2d2
0f2d7
0f311
0f39d
0f462
0f940
0fae0
0fc9a
0fc9e
0fca2
0fca6
0fcaa
0fddb
0fddf
0fe76
0fe7a
0fea2
0ff6c
0ff70
0ffa1
0ffa5
0ffa9
0ffad
0ffb1
0ffb5
0ffb9
0ffbd
0ffc1
0ffc5
0ffc9
0e5a2
0e5a6
0e646
0e66e
0e675
0e7d9
0e7e7
0e96e
0e9f3
0ea02
0ea64
0ea6c
0eb81
0eb93
0eb9b
0ebc1
0ec5b
0ec5f
0ece9
0ed63
0ed6f
0ed86
0f115
0f11f
0f199
0f250
0f25a
0f2e9
0f35a
0f363
0f397
0f39f
0f44e
0f51d
0fab2
0fc59
0fe07
0fe0b
0fe0f
0fe19
0fe1d
0fea9
0ff40
0ff44
0ffcc
0ffd0
0ffd4
0ffd8
0ffdc
0ffe0
0ffe4
0ffe8
0ffec
0fff0
0fff4
0fff8
0fffc
10000
10004
0e5db
0e681
0e6a4
0e6b0
0e6ba
0e81c
0e9a7
0e9ab
0ea2f
0ea67
0ea72
0ea7c
0ea9f
0eaad
0ebc8
0ebd8
0ebfa
0ec94
0ec98
0ed93
0edab
0edc7
0f130
0f1a8
0f1b2
0f26b
0f2f7
0f300
0f374
0f37a
0f3ae
0f419
0f476
0f6b9
0faf2
0fcca
0fe3e
0fe42
0fe46
0fe50
0feda
0fede
0ff75
0ff79
0ffce
10005
10009
1000d
10011
10015
10019
1001d
10021
10025
10029
1002d
10031
10035
0e4ae
0e4b2
0e6c0
0e6e9
0e6ef
0e853
0e861
0e90e
0e9e2
0e9e6
0eaa8
0eaaf
0ead6
0eade
0eaf0
0ec08
0ec2e
0ec4a
0eccb
0edb6
0edc3
0edd8
0f13f
0f149
0f1c3
0f27a
0f284
0f295
0f30a
0f313
0f3bd
0f3c5
0f462
0f4e4
0f9ea
0fcc3
0fe6b
0fe6f
0fe73
0fe7d
0fe81
0ff0f
0ffa0
0ffa4
10005
10009
1003a
1003e
10042
10046
1004a
1004e
10052
10056
1005a
1005e
10062
10066
1006a
0e4ed
0e6fb
0e71e
0e72a
0e734
0e896
0e943
0e951
0ea19
0eadd
0eae8
0eaf2
0eb15
0eb1d
0eba7
0ebab
0ec42
0ec67
0ec81
0ed08
0eddc
0ede9
0f15a
0f1d2
0f1dc
0f217
0f2a3
0f2ac
0f324
0f32a
0f3d4
0f431
0f48a
0f647
0fb5c
0fd2e
0fd70
0fd74
0fd78
0fd7c
0fead
0feb1
0ff48
0ff4c
1003a
1006b
1006f
10073
10077
1007b
1007f
10083
10087
1008b
1008f
10093
10097
1009b
0e528
0e52c
0e609
0e75d
0e763
0e8c6
0e8d5
0e8f8
0e97e
0e98a
0eb1f
0eb25
0eb4c
0eb56
0eb66
0ebe2
0ec73
0ec83
0eca5
0ed0f
0ed1b
0ed32
0f169
0f173
0f1ed
0f226
0f230
0f2bf
0f332
0f33b
0f3e3
0f3eb
0f43a
0f5a2
0fa4e
0fc24
0fda3
0fda7
0fdab
0fdaf
0fdb3
0fee2
0fee6
0ff7d
1006b
1006f
100a0
100a4
100a8
100ac
100b0
100b4
100b8
100bc
100c0
100c4
100c8
100cc
100d0
0e567
0e601
0e62a
0e636
0e640
0e7a2
0e931
0e935
0e9bf
0eb53
0eb5e
0eb68
0eb87
0eb8d
0ec19
0ec1d
0ecb4
0ecd5
0ecef
0ed3e
0ed57
0ed73
0f184
0f1fc
0f206
0f241
0f2cd
0f2d6
0f34c
0f352
0f388
0f401
0f49e
0f601
0fbc0
0fc66
0fdda
0fdde
0fde2
0fde6
0ff13
0ff17
0ffa8
0ffac
0ffd4
1009e
100a2
100d3
100d7
100db
100df
100e3
100e7
100eb
100ef
100f3
100f7
100fb
0e710
0e714
0e7b4
0e7dc
0e7e3
0e943
0e951
0ead0
0eb55
0eb64
0ebc2
0ebca
0ecd7
0ece7
0eced
0ed08
0ed7b
0ed7f
0ede3
0ee4d
0ee59
0ee6a
0efa3
0f193
0f19d
0f217
0f2ce
0f2d8
0f361
0f3cd
0f3d6
0f3ff
0f44e
0f63b
0f660
0f6bb
0fd2e
0fdd8
0ff41
0ff45
0ff4f
0ff53
0ffdb
10072
10076
100fe
10102
10106
1010a
1010e
10112
10116
1011a
1011e
10122
10126
1012a
1012e
10132
0e749
0e7ef
0e813
0e81e
0e828
0e984
0eb09
0eb0d
0eb91
0ebc5
0ebce
0ebd4
0ebfb
0ec09
0ed0f
0ed1b
0ed32
0eda5
0eda9
0ee77
0ee89
0eea5
0eeec
0f1ae
0f226
0f230
0f2e9
0f371
0f379
0f3e6
0f3ec
0f40f
0f494
0f696
0f6b9
0faf2
0fdcc
0ff72
0ff76
0ff7a
0ff84
1000c
10010
100a7
100ab
10100
10135
10139
1013d
10141
10145
10149
1014d
10151
10155
10159
1015d
10161
0e61c
0e620
0e82e
0e857
0e85d
0e9b9
0e9c7
0ea70
0eb44
0eb48
0ec04
0ec0b
0ec30
0ec38
0ec4c
0ed3e
0ed57
0ed73
0edcd
0ee94
0eea1
0eeb0
0ef08
0f1bd
0f1c7
0f241
0f2f8
0f302
0f311
0f381
0f38a
0f417
0f462
0f4be
0f4e4
0f545
0fc66
0fe3c
0ffa1
0ffa5
0ffaf
0ffb3
10041
100d2
100d6
10133
10164
10168
1016c
10170
10174
10178
1017c
10180
10184
10188
1018c
10190
10194
0e65b
0e869
0e88d
0e898
0e8a2
0e9fa
0eaa5
0eab3
0eb7b
0ec37
0ec40
0ec46
0ec6d
0ec75
0ecfd
0ed01
0ed69
0ed81
0ed9d
0edfe
0eeb4
0eec1
0ef3a
0f1d8
0f250
0f25a
0f295
0f321
0f329
0f39a
0f3a0
0f427
0f4a8
0f532
0f545
0fb5c
0fe36
0feac
0feb0
0feb4
0feb8
0ffdf
0ffe3
1007a
1007e
10166
10197
1019b
1019f
101a3
101a7
101ab
101af
101b3
101b7
101bb
101bf
101c3
0e696
0e69a
0e777
0e8cb
0e8d1
0ea28
0ea37
0ea5a
0eae0
0eaec
0ec77
0ec7d
0eca2
0ecac
0ecbe
0ed29
0ed8d
0ed99
0edb0
0ee05
0ee11
0ee22
0ef56
0f1e7
0f1f1
0f26b
0f2a4
0f2ae
0f339
0f3a7
0f3b0
0f42f
0f43a
0f57c
0f5a2
0f603
0fcca
0fd6e
0fee1
0fee5
0fee9
0feed
10014
10018
100af
10195
101c6
101ca
101ce
101d2
101d6
101da
101de
101e2
101e6
101ea
101ee
101f2
101f6
0e6d5
0e76f
0e799
0e7a4
0e7ae
0e90e
0ea93
0ea97
0eb21
0eca9
0ecb2
0ecb8
0ecdd
0ece3
0ed51
0ed55
0edbd
0edd1
0eded
0ee2e
0ee41
0ee5d
0ef88
0f202
0f27a
0f284
0f2bf
0f349
0f351
0f3c0
0f3c6
0f3f7
0f480
0f5e8
0f603
0fbc0
0fd5c
0ff12
0ff16
0ff1a
0ff1e
10045
10049
100da
100de
10104
101c8
101f9
101fd
10201
10205
10209
1020d
10211
10215
10219
1021d
10221
0decd
0ded8
0df1f
0df2a
0df41
0e880
0e91e
0e940
0e94a
0e955
0eaaa
0ec28
0ec2c
0ecb4
0ed05
0ed0d
0ed21
0ede1
0ede7
0edf9
0ee15
0eebb
0ef2f
0f056
0f211
0f21b
0f295
0f347
0f34e
0f3d4
0f422
0f428
0f445
0f532
0f601
0f607
0f60b
0f60f
0f613
0f802
0fd2f
0fed4
10074
10078
10082
10106
1010a
1019b
1019f
10225
10229
1022d
10231
10235
10239
1023d
10241
10245
10249
0df38
0df84
0df88
0df97
0e8b5
0e8b9
0e95b
0e982
0e988
0eae0
0eaec
0ec63
0ece0
0ecf1
0ed13
0ed19
0ed2f
0ed37
0ed4b
0ee0b
0ee1d
0ee39
0ef61
0efc8
0f22c
0f2a4
0f2ae
0f360
0f3e3
0f3eb
0f431
0f44d
0f494
0f658
0f664
0f668
0f66c
0f670
0f6a3
0f839
0fd6f
100a5
100a9
100b3
100b7
10139
101ca
101ce
101d2
10227
1024d
10251
10255
10259
1025d
10261
10265
10269
0df9a
0dfa6
0dfe7
0dff2
0e009
0e78c
0e994
0e9b6
0e9c1
0e9cb
0eb21
0ebc8
0ebd8
0ec9c
0ed36
0ed40
0ed47
0ed5d
0ed65
0ee29
0ee35
0ee46
0ef7d
0efdf
0f23b
0f245
0f2bf
0f36f
0f376
0f388
0f3f2
0f3f8
0f459
0f4be
0f691
0f6bd
0f6c1
0f6c5
0f6c9
0f70e
0fc67
0ff3a
100d4
100d8
100e2
10168
1016c
101f9
101fd
1024b
1026d
10271
10275
10279
1027d
10281
10285
10289
1028d
0ddea
0ddf5
0de0c
0e000
0e7c7
0e7cb
0e9d1
0e9f8
0e9fe
0eb55
0eb64
0ec08
0eccf
0ecd3
0ed67
0ed6d
0ed83
0ed8b
0ed9f
0ee53
0ee65
0ee81
0efae
0f004
0f256
0f2ce
0f2d8
0f310
0f397
0f39f
0f401
0f461
0f4a8
0f4e4
0f4ea
0f4ee
0f4f2
0f4f6
0f63c
0f788
0fdd9
0ffdf
0ffe3
0ffe7
0ffeb
1010e
10112
101a3
101a7
1026f
10291
10295
10299
1029d
102a1
102a5
102a9
102ad
0ddff
0de0a
0de51
0de5c
0de73
0e806
0e8e3
0ea1f
0ea31
0ea39
0eb91
0ebb6
0ebba
0ec42
0ed8a
0ed95
0ed9b
0edb1
0edb9
0ee71
0ee7d
0ee8e
0eee1
0f01b
0f265
0f26f
0f2e9
0f31f
0f326
0f3ae
0f40a
0f410
0f46d
0f52e
0f547
0f54b
0f54f
0f553
0f57d
0f788
0fccb
0fea1
10014
10018
1001c
1013d
10141
10145
101d6
1028f
102b1
102b5
102b9
102bd
102c1
102c5
102c9
102cd
102d1
0de6a
0deb6
0deba
0dec9
0e841
0e845
0e8df
0e90c
0e912
0ea6a
0ea78
0ebf1
0ec73
0ec83
0edbb
0edc1
0edd5
0eddd
0edef
0ee9b
0eea9
0eec5
0ef13
0f040
0f280
0f2f8
0f302
0f338
0f3bd
0f3c5
0f419
0f439
0f480
0f58d
0f5a6
0f5aa
0f5ae
0f5b2
0f5e9
0f802
0fe3d
10045
10049
1004d
10051
10170
10174
10201
10205
1022b
102b3
102d5
102d9
102dd
102e1
102e5
102e9
102ed
0ddf5
0de0c
0defe
0dfdf
0dfe3
0e000
0e0d2
0e0da
0e112
0e9e2
0e9e6
0ea82
0eaa8
0eaaf
0ec01
0ec11
0edbd
0edfb
0ee03
0ee17
0eeb9
0eebf
0ef2f
0effd
0f0ff
0f28f
0f299
0f310
0f3bb
0f3c2
0f427
0f462
0f47f
0f4cf
0f4e8
0f4ec
0f4f0
0f4fa
0f533
0f5e9
0f5ed
0f5f1
0f7c8
0f957
0fe6c
10199
1019d
101a1
101ab
1022d
10231
102f3
102f7
102fb
102ff
10303
10307
1030b
1030f
0dde4
0ddff
0de0a
0de62
0df63
0df67
0e119
0e154
0e162
0ea19
0eabb
0eadd
0eae8
0eaf2
0ec42
0eddc
0ede9
0ee09
0ee0f
0ee1f
0ee27
0ee3b
0ef61
0f022
0f07a
0f2aa
0f31f
0f326
0f3d3
0f42f
0f46a
0f46e
0f48b
0f543
0f549
0f54d
0f557
0f55b
0f646
0f64a
0f64e
0f803
0f807
0f988
10038
101cc
101d0
101da
101de
10251
102f1
10311
10315
10319
1031d
10321
10325
10329
0de49
0de4d
0de6a
0dec3
0deda
0dfc8
0e15c
0e164
0e197
0e8f6
0e8fa
0eaf8
0eb1f
0eb25
0ec73
0ec83
0ed15
0ee26
0ee30
0ee37
0ee47
0ee4f
0ef7d
0f039
0f090
0f2b9
0f2c3
0f338
0f3e1
0f3e8
0f3f7
0f43a
0f493
0f58d
0f5a6
0f5aa
0f5ae
0f5b8
0f5dc
0f6a3
0f6a7
0f6ab
0f83c
0f87b
0fda3
101f7
101fb
101ff
10209
10271
10275
10313
1032f
10333
10337
1033b
1033f
10343
10347
0ddbc
0deb0
0deb4
0ded1
0df2a
0df41
0e043
0e19b
0e1a1
0e933
0eb31
0eb53
0eb5e
0eb68
0ecb4
0ed39
0ed45
0ee51
0ee57
0ee67
0ee6f
0ee83
0efae
0f05d
0f0b2
0f2d4
0f347
0f34e
0f387
0f3ff
0f442
0f446
0f49f
0f4be
0f4c2
0f4c6
0f5fa
0f606
0f60a
0f614
0f618
0f70f
0f713
0f8e9
1009e
1010e
10112
10116
1011a
10295
1032d
10349
1034d
10351
10355
10359
1035d
10361
0de21
0de25
0df19
0df34
0df3f
0df97
0e048
0e050
0e088
0e96c
0e970
0ea47
0eb8f
0eb95
0ece0
0ecf1
0ed69
0ee6e
0ee79
0ee7f
0ee8f
0ee97
0eee1
0efc1
0f0c8
0f2e3
0f2ed
0f360
0f395
0f39c
0f40f
0f44e
0f4a7
0f51b
0f51f
0f523
0f527
0f661
0f667
0f66b
0f675
0f696
0f74e
0f8e9
0fe07
1013d
10141
10145
10149
102b5
102b9
1034b
10367
1036b
1036f
10373
10377
1037b
1037f
0de8a
0df7e
0df82
0df9f
0dff2
0e009
0e08f
0e0ca
0e0d8
0e9a9
0ea3f
0ea67
0ea72
0ea7c
0ebd0
0ed8d
0ed99
0ee99
0ee9f
0eead
0eeb5
0eec7
0ef13
0efe6
0f0ea
0f2fe
0f36f
0f376
0f3ad
0f417
0f456
0f45a
0f477
0f57a
0f57e
0f582
0f586
0f6ba
0f6c0
0f6c4
0f6ce
0f789
0f78d
0f957
0ffcc
10170
10174
10178
1017c
102d5
102f5
10365
10381
10385
10389
1038d
10391
10395
0df52
0df65
0df8c
0df96
0dfa4
0e05e
0e07c
0e089
0e094
0e154
0e21a
0e227
0e450
0eeed
0efa4
0efaf
0f171
0f35e
0f45d
0f57a
0f63d
0f64a
0f65c
0f67b
0f698
0f6d3
0f730
0f770
0f779
0f792
0f7fc
0f897
0f8b4
0f8b8
0f8da
0f8ed
0f97c
0fa2f
0fa50
0fa65
0fae8
0faee
0fb04
0fbd8
0fc27
0fc34
0fc44
0fcd5
0fd80
10399
1039d
103a1
103a5
103a9
103ad
103b1
103b5
0dfb5
0dfc8
0dfeb
0dff8
0e005
0e0a3
0e0c2
0e0ce
0e0d9
0e193
0e259
0e266
0e487
0eee2
0eeee
0ef14
0f186
0f372
0f467
0f4b8
0f4d5
0f4fe
0f698
0f6a4
0f6b5
0f6d7
0f76d
0f7af
0f7ba
0f7cf
0f833
0f865
0f8e3
0f8f3
0f90b
0f922
0f926
0fa49
0fa69
0fa86
0fae2
0fb21
0fb2b
0fb3b
0fc21
0fc60
0fc77
0fc7b
0fdb5
103b8
103bc
103c0
103c4
103c8
103cc
103d0
103d4
0ddbc
0ddcc
0ddee
0ddfa
0de08
0e040
0e0f8
0e10c
0e11a
0e123
0e298
0e2a4
0e35c
0ef09
0ef15
0ef3b
0f11d
0f30e
0f471
0f4b2
0f4d5
0f4de
0f500
0f52e
0f536
0f5ea
0f707
0f7a8
0f7d1
0f7f5
0f80a
0f89c
0f91a
0f92a
0f942
0f959
0f95d
0fa7e
0fa9e
0fab6
0fb09
0fb3c
0fb58
0fb6e
0fc5c
0fc95
0fcac
0fcb0
0fdea
103d7
103db
103df
103e3
103e7
103eb
103ef
103f3
0de23
0de33
0de55
0de61
0de6f
0e085
0e13d
0e150
0e15f
0e168
0e2d7
0e2e3
0e399
0ef30
0ef3c
0ef62
0f132
0f322
0f43f
0f517
0f534
0f53d
0f55f
0f58d
0f595
0f64c
0f744
0f7e5
0f80e
0f82c
0f841
0f8d5
0f951
0f961
0f974
0f98a
0f98e
0f9b7
0f9c6
0facb
0fb3e
0fb71
0fb96
0fba3
0fc2d
0fcb2
0fcd7
0fce3
0fd69
103f6
103fa
103fe
10402
10406
1040a
1040e
10412
0de8a
0de9a
0debc
0dec8
0ded6
0e0ca
0e17c
0e190
0e19e
0e1a7
0e310
0e31c
0e3d6
0ef57
0ef63
0ef89
0f147
0f336
0f449
0f575
0f580
0f598
0f5a6
0f5c1
0f5df
0f61c
0f6f3
0f700
0f717
0f781
0f844
0f860
0f86c
0f87f
0f916
0f990
0f994
0f9c8
0f9ec
0f9fb
0fb73
0fba6
0fbcb
0fbda
0fc62
0fce7
0fd0c
0fd18
0fd9e
10415
10419
1041d
10421
10425
10429
1042d
10431
0deea
0defe
0df23
0df2f
0df3d
0e019
0e038
0e044
0e04f
0e10f
0e1db
0e1e7
0e413
0ef7e
0ef8a
0efb0
0f15c
0f34a
0f453
0f51b
0f5dd
0f5eb
0f5fd
0f61f
0f641
0f67e
0f6ed
0f733
0f73e
0f758
0f7bf
0f85a
0f883
0f887
0f8a3
0f8bc
0f94d
0f9fd
0fa20
0fa34
0fba8
0fbdd
0fbfa
0fc0b
0fc97
0fd1c
0fd3b
0fd49
0fdd3
10416
10437
1043b
1043f
10443
10447
1044b
1044f
0e12f
0e139
0e14b
0e158
0e164
0e1f6
0e20e
0e21b
0e227
0e2dd
0e392
0e39c
0e5a8
0ef2b
0efcb
0f056
0f05d
0f1ec
0f3d1
0f53a
0f64c
0f7e6
0f7f1
0f7fe
0f811
0f828
0f896
0f8b5
0f8d6
0f8ec
0f945
0f9df
0f9fd
0fa04
0fa20
0fa36
0fabc
0fb71
0fb8d
0fba3
0fc26
0fc2e
0fc42
0fd1e
0fd65
0fd71
0fd83
0fe13
0febc
1039c
103f8
10452
10456
1045a
1045e
10462
10466
0e16e
0e178
0e18a
0e198
0e1a2
0e235
0e250
0e25a
0e266
0e316
0e3cf
0e3d9
0e5e1
0ef0e
0efc1
0efc8
0efe9
0f201
0f3e4
0f4d1
0f59f
0f6f2
0f702
0f71c
0f82a
0f844
0f8cd
0f8f2
0f914
0f923
0f977
0f9af
0fa29
0fa3b
0fa50
0fa64
0fa6d
0fb87
0fbab
0fbc5
0fc20
0fc5f
0fc69
0fc7e
0fd5f
0fda0
0fdb6
0fdba
0feef
103ba
103be
10453
1046c
10470
10474
10478
1047c
0e01a
0e025
0e037
0e044
0e04f
0e1e1
0e282
0e294
0e29b
0e2a9
0e40c
0e416
0e4ba
0ef35
0efdf
0efe6
0f007
0f198
0f385
0f4d8
0f5e3
0f6ec
0f704
0f70a
0f71e
0f740
0f86e
0f904
0f929
0f94b
0f95a
0f9e4
0fa5e
0fa70
0fa84
0fa99
0faa2
0fbbc
0fbe0
0fbf4
0fc4a
0fc7c
0fc98
0fcac
0fd9a
0fdd5
0fdeb
0fdef
0ff22
103d9
103dd
1046a
10482
10486
1048a
1048e
10492
0e05f
0e06a
0e07f
0e089
0e094
0e220
0e2c1
0e2d3
0e2da
0e2e8
0e449
0e453
0e4f7
0ef5c
0effd
0f004
0f025
0f1ad
0f398
0f538
0f643
0f72f
0f741
0f747
0f75b
0f77d
0f8a5
0f93b
0f960
0f97c
0f98b
0fa19
0fa93
0faa5
0fab4
0fac8
0fad1
0faf4
0fb04
0fc06
0fc7f
0fcb1
0fcd4
0fce1
0fd69
0fdf1
0fe15
0fe22
0fea7
103a2
103fc
10480
10498
1049c
104a0
104a4
104a8
0e0a4
0e0af
0e0c1
0e0ce
0e0d9
0e25f
0e2fa
0e30c
0e313
0e321
0e480
0e48a
0e534
0ef6f
0f01b
0f022
0f043
0f1c2
0f3ab
0f597
0f69e
0f76c
0f77e
0f784
0f798
0f7b4
0f85f
0f866
0f87d
0f8dc
0f990
0f9aa
0f9b7
0f9cc
0fa58
0facc
0fad6
0fb07
0fb2a
0fb39
0fcb4
0fce6
0fd09
0fd16
0fd9e
0fe26
0fe4a
0fe57
0feda
103c1
1041b
10496
104ae
104b2
104b6
104ba
104be
0e0ea
0e0f4
0e106
0e113
0e11f
0e1b7
0e1d2
0e1dc
0e1e7
0e29e
0e355
0e35f
0e571
0ef95
0f039
0f040
0f061
0f1d7
0f3be
0f4db
0f5ea
0f7a9
0f7b5
0f7c1
0f7d5
0f7f3
0f859
0f884
0f89f
0f8bb
0f90e
0f9a4
0f9c9
0f9d3
0f9ec
0fa06
0fa8d
0fb3c
0fb5e
0fb6e
0fce9
0fd1b
0fd38
0fd47
0fdd3
0fe5b
0fe79
0fe88
0ff0d
103e0
1043a
10454
104c3
104c7
104cb
104cf
104d3
0e2b5
0e2bc
0e2cb
0e2d8
0e2e3
0e36e
0e38a
0e395
0e39c
0e43e
0e4ff
0e50b
0e720
0ef5c
0efd0
0f07d
0f0ff
0f105
0f26a
0f58f
0f745
0f93c
0f947
0f955
0f967
0f979
0f9dd
0fa01
0fa1c
0fa36
0fa89
0fb1d
0fb3c
0fb45
0fb5e
0fb75
0fbfa
0fcae
0fccc
0fce1
0fd64
0fd6c
0fd82
0fe5d
0fea3
0fead
0febf
0ff49
0ffee
103e2
10401
10457
104d8
104dc
104e0
104e4
104e8
0e2ef
0e2f7
0e304
0e311
0e31c
0e3ab
0e3c9
0e3d2
0e3d9
0e475
0e53b
0e548
0e757
0ef83
0efd6
0f074
0f07a
0f099
0f27f
0f5d9
0f781
0f860
0f870
0f88b
0f97b
0f990
0fa13
0fa3a
0fa58
0fa6b
0fab9
0faef
0fb67
0fb7b
0fb8d
0fba2
0fbae
0fcc5
0fce7
0fd03
0fd5e
0fd9d
0fda6
0fdbd
0fe9d
0fedc
0fef0
0fef4
10021
103f8
1041c
1046d
104ec
104f0
104f4
104f8
104fc
0e1b7
0e1c3
0e1cf
0e1dc
0e1e7
0e34a
0e3f6
0e40a
0e411
0e41b
0e578
0e584
0e62d
0efa9
0eff4
0f090
0f096
0f0b5
0f216
0f639
0f7b2
0f85a
0f872
0f879
0f88c
0f8a8
0f9bb
0fa48
0fa6f
0fa8d
0faa0
0fb24
0fb9c
0fbb0
0fbc2
0fbd9
0fbe3
0fcfa
0fd1c
0fd33
0fd89
0fdbb
0fdd6
0fdec
0fed6
0ff0f
0ff23
0ff27
10054
10417
1043b
10483
10500
10504
10508
1050c
10510
0e1f6
0e202
0e211
0e21b
0e227
0e387
0e433
0e447
0e44e
0e458
0e5b5
0e5c1
0e66a
0efa2
0f012
0f0ac
0f0b2
0f0d1
0f22b
0f695
0f7ed
0f897
0f8a9
0f8b0
0f8c3
0f8df
0f9f0
0fa7d
0faa4
0fabc
0facf
0fb59
0fbd1
0fbe5
0fbf1
0fc0a
0fc12
0fc33
0fc42
0fd44
0fdbe
0fdf0
0fe12
0fe21
0fea7
0ff29
0ff4b
0ff58
0ffd9
1039c
10436
10499
10514
10518
1051c
10520
10524
0e233
0e241
0e24d
0e25a
0e266
0e3c1
0e46a
0e47e
0e485
0e48f
0e5ec
0e5f8
0e6a7
0ef0e
0f030
0f0c8
0f0ce
0f0ed
0f240
0f69c
0f824
0f8ce
0f8e0
0f8e7
0f8fa
0f910
0f9a8
0f9b0
0f9c5
0fa24
0facc
0fae8
0faf4
0fb0c
0fb96
0fc06
0fc16
0fc44
0fc68
0fc77
0fdf3
0fe25
0fe47
0fe56
0feda
0ff5c
0ff7e
0ff8b
1000c
103a5
103c3
104af
10528
1052c
10530
10534
10538
0e276
0e27d
0e28c
0e299
0e2a4
0e331
0e34f
0e358
0e35f
0e401
0e4c1
0e4cd
0e6e4
0ef35
0f04d
0f0e4
0f0ea
0f109
0f255
0f530
0f708
0f905
0f911
0f91e
0f931
0f949
0f9a3
0f9d0
0f9e7
0fa06
0fa55
0fae2
0fb07
0fb13
0fb2a
0fb41
0fbcb
0fc79
0fc9c
0fcac
0fe28
0fe5a
0fe76
0fe87
0ff0d
0ff8f
0ffab
0ffba
1003f
103c4
103e3
104c4
1053b
1053f
10543
10547
1054b
0e427
0e430
0e43a
0e44a
0e453
0e4dc
0e4f3
0e503
0e50b
0e5b1
0e66c
0e678
0e88f
0ef01
0f024
0f082
0f11e
0f183
0f2e8
0f776
0f8af
0fa7e
0fa8a
0fa97
0faab
0fab6
0fb1c
0fb43
0fb58
0fb6f
0fbc7
0fc5b
0fc7c
0fc85
0fc9c
0fcae
0fd38
0fde9
0fe09
0fe21
0fea2
0feaa
0febe
0ff91
0ffd5
0ffdf
0fff1
1007b
1011c
103da
103e2
103e7
1049b
1054e
10552
10556
1055a
0e45f
0e467
0e471
0e481
0e48a
0e519
0e530
0e540
0e548
0e5e8
0e6a8
0e6b6
0e8c6
0ef28
0f042
0f087
0f11a
0f133
0f2fd
0f7ad
0f8e5
0f9aa
0f9b8
0f9cc
0fabb
0facc
0fb51
0fb7b
0fb96
0fba4
0fbf6
0fc2d
0fca5
0fcb9
0fccc
0fce0
0fce5
0fe03
0fe25
0fe41
0fe9c
0fed9
0fee0
0fef7
0ffcf
1000e
10022
10026
1014d
103f8
10402
10406
104b1
1055d
10561
10565
10569
0e331
0e33e
0e346
0e356
0e35f
0e4bd
0e564
0e579
0e580
0e589
0e6e6
0e6f3
0e79c
0ef4f
0f05f
0f0a3
0f12f
0f148
0f294
0f7ea
0f90e
0f9a4
0f9bd
0f9c3
0f9d7
0f9ee
0faf8
0fb86
0fbb0
0fbcb
0fbdb
0fc62
0fcda
0fcee
0fd00
0fd15
0fd1a
0fe38
0fe5a
0fe71
0fec5
0fef5
0ff10
0ff24
10008
10041
10055
10059
1017e
10417
10421
10425
104c6
1056c
10570
10574
10578
0e36e
0e37b
0e383
0e393
0e39c
0e4fa
0e5a1
0e5b6
0e5bd
0e5c5
0e723
0e72f
0e7d9
0ef76
0f058
0f0bf
0f144
0f15d
0f2a9
0f821
0f945
0f9df
0f9f2
0f9f8
0fa0c
0fa22
0fb2e
0fbba
0fbe5
0fbfa
0fc0c
0fc97
0fd0f
0fd23
0fd30
0fd46
0fd4b
0fd70
0fd82
0fe82
0fef8
0ff28
0ff48
0ff57
0ffd9
1005b
1007d
1008a
10107
10435
1043f
10443
10459
1057b
1057f
10583
10587
0e3ab
0e3b7
0e3c4
0e3d0
0e3d9
0e536
0e5d8
0e5ed
0e5f4
0e5fd
0e75a
0e766
0e816
0ef9c
0efe8
0f0db
0f159
0f172
0f2be
0f829
0f977
0fa14
0fa26
0fa2d
0fa41
0fa52
0fae7
0faed
0fb03
0fb62
0fc06
0fc26
0fc33
0fc44
0fcd4
0fd44
0fd54
0fd7f
0fda5
0fdb7
0ff2b
0ff5b
0ff7b
0ff8a
1000c
1008e
100b0
100bd
10138
1039e
103a6
103aa
1046f
1058a
1058e
10592
10596
0e3eb
0e3f3
0e3fd
0e40d
0e416
0e49f
0e4b6
0e4c6
0e4cd
0e574
0e62f
0e63c
0e853
0eeda
0f006
0f0f6
0f16e
0f187
0f2d3
0f739
0f878
0fa49
0fa56
0fa62
0fa76
0fa86
0fae1
0fb11
0fb23
0fb3a
0fb92
0fc20
0fc47
0fc51
0fc68
0fc79
0fd09
0fdb4
0fdda
0fdec
0ff5e
0ff8e
0ffa8
0ffb9
1003f
100c1
100dd
100ec
10169
103bb
103c4
103c8
10485
10599
1059d
105a1
105a5
0e595
0e59f
0e5ab
0e5ba
0e5c1
0e64a
0e663
0e670
0e678
0e723
0e7d9
0e7e6
0e9f3
0efd8
0f0ae
0f111
0f19c
0f201
0f364
0f8d8
0f9f7
0fbbc
0fbc8
0fbd5
0fbea
0fbf4
0fc5a
0fc83
0fc98
0fcad
0fd05
0fd99
0fdbb
0fdc3
0fdda
0fded
0fe76
0ff21
0ff3f
0ff57
0ffd4
0ffdc
0fff0
100c3
10103
1010d
1011f
101a3
10233
103dc
10483
10489
10518
105a8
105ac
105b0
105b4
0e5cc
0e5d6
0e5e4
0e5f1
0e5f8
0e687
0e6a0
0e6ae
0e6b6
0e75a
0e816
0e823
0ea28
0eff6
0f0ca
0f126
0f198
0f1b1
0f378
0f909
0fa2b
0fae8
0faf6
0fb0e
0fbf8
0fc06
0fc8f
0fcb9
0fcd4
0fce2
0fd35
0fd69
0fde3
0fdf7
0fe09
0fe1e
0fe24
0ff3b
0ff5b
0ff75
0ffce
1000b
10012
10029
100ff
1013a
1014e
10152
10255
103fc
10499
1049f
1052c
105b7
105bb
105bf
105c3
0e4a0
0e4ab
0e4b5
0e4c6
0e4cd
0e62f
0e6d2
0e6e2
0e6ee
0e6f7
0e853
0e860
0e908
0f014
0f0e6
0f13b
0f1ad
0f1c6
0f314
0f940
0fa55
0fae2
0fafa
0fb01
0fb16
0fb2d
0fc37
0fcc4
0fcee
0fd09
0fd17
0fd9e
0fe18
0fe2c
0fe3e
0fe53
0fe59
0ff6e
0ff8e
0ffa2
0fff7
10027
10042
10056
10134
1016b
1017f
10183
10277
1041b
104af
104b5
1053f
105c6
105ca
105ce
105d2
0e4dd
0e4e9
0e4f2
0e503
0e50b
0e66c
0e70f
0e721
0e72b
0e734
0e88f
0e89e
0e943
0f032
0f07c
0f150
0f1c2
0f1db
0f328
0f973
0fa89
0fb1d
0fb30
0fb36
0fb4b
0fb61
0fc6c
0fcf9
0fd23
0fd38
0fd48
0fdd3
0fe4d
0fe61
0fe6e
0fe82
0fe8a
0feac
0febe
0ffb4
1002a
1005a
1007a
10089
10107
10185
101a5
101b2
1022d
1043a
104c4
104ca
104dc
105d5
105d9
105dd
105e1
0e51a
0e525
0e52f
0e540
0e548
0e6a8
0e746
0e758
0e762
0e76b
0e8c6
0e8d4
0e97e
0f04f
0f076
0f165
0f1d7
0f1f0
0f33c
0f97b
0fab9
0fb52
0fb64
0fb6b
0fb80
0fb90
0fc25
0fc2c
0fc41
0fca0
0fd44
0fd64
0fd70
0fd83
0fe12
0fe84
0fe92
0febb
0fedf
0fef1
1005d
1008d
100ad
100bc
10138
101b6
101d6
101e3
1024f
1039e
1045a
1045e
104f0
105e4
105e8
105ec
105f0
0e558
0e562
0e56c
0e57d
0e584
0e60d
0e626
0e634
0e63c
0e6e6
0e79c
0e7a9
0e9b9
0efba
0f092
0f17a
0f1ec
0f205
0f350
0f8a1
0f9c2
0fb87
0fb93
0fba0
0fbb5
0fbc5
0fc1f
0fc4f
0fc63
0fc78
0fcd1
0fd5e
0fd86
0fd8f
0fda5
0fdb8
0fe47
0feee
0ff12
0ff24
10090
100c0
100da
100eb
10169
101e7
10203
10212
10271
103bd
1046d
10473
10504
105f3
105f7
105fb
105ff
0e703
0e70c
0e717
0e728
0e72f
0e7b8
0e7d2
0e7de
0e7e6
0e884
0e943
0e950
0eb55
0efdb
0f08b
0f18f
0f21a
0f27f
0f3d7
0f607
0fa1e
0fb35
0fcfa
0fd06
0fd13
0fd28
0fd33
0fd98
0fdc1
0fdd6
0fded
0fe43
0fed5
0fef5
0fefd
0ff12
0ff25
0ffa8
10053
10071
10089
10102
1010a
1011e
101e9
10229
10234
10238
102db
10482
10503
10508
1057f
10602
10606
1060a
1060e
0e73b
0e743
0e750
0e75f
0e766
0e7f5
0e80f
0e81c
0e823
0e8bb
0e97e
0e98c
0eb8a
0eff9
0f0a7
0f1a4
0f216
0f22f
0f3ea
0f666
0fa4e
0fb69
0fc26
0fc35
0fc4e
0fd37
0fd44
0fdcd
0fdf7
0fe12
0fe22
0fe73
0fea7
0ff1b
0ff2f
0ff3f
0ff54
0ff5a
1006d
1008d
100a8
100fe
10137
1013f
10155
10225
10251
10258
102b5
10498
10517
1051c
1058e
10611
10615
10619
1061d
0e60b
0e61a
0e623
0e634
0e63c
0e790
0e840
0e851
0e85c
0e865
0e9b9
0e9c7
0ea6a
0f017
0f0c3
0f1b9
0f22b
0f244
0f38b
0f6bf
0fa83
0fb92
0fc20
0fc39
0fc3f
0fc54
0fc6b
0fd74
0fe02
0fe2c
0fe47
0fe57
0feda
0ff4e
0ff62
0ff72
0ff87
0ff8d
100a0
100c0
100d5
10125
10153
1016c
10180
1024b
10273
1027a
102d3
104ae
1052b
10530
1059d
10620
10624
10628
1062c
0e648
0e657
0e660
0e670
0e678
0e7cd
0e87d
0e890
0e899
0e8a2
0e9f3
0ea02
0eaa5
0f035
0f0df
0f1ce
0f240
0f259
0f39e
0f4ea
0fab2
0fbc7
0fc5b
0fc6e
0fc74
0fc89
0fc9f
0fda9
0fe37
0fe61
0fe76
0fe88
0ff0d
0ff81
0ff95
0ff9f
0ffb4
0ffbc
0ffde
0fff0
100e6
10156
10184
101a2
101b1
1022d
1027e
1029a
1029e
104c3
1053e
10543
10552
1062f
10633
10637
1063b
0e685
0e693
0e69d
0e6ae
0e6b6
0e80a
0e8b4
0e8c7
0e8d0
0e8d9
0ea28
0ea36
0eae0
0f052
0f0fa
0f1e3
0f255
0f26e
0f3b1
0f549
0fabb
0fbf6
0fc90
0fca2
0fca9
0fcbe
0fccf
0fd63
0fd6a
0fd81
0fdde
0fe84
0fea2
0feac
0febf
0ff48
0ffb6
0ffc4
0ffed
10011
10023
10187
101b5
101d3
101e2
1024f
102a0
102bc
102c0
10456
104dd
104e1
10561
1063e
10642
10646
1064a
0e6c7
0e6cf
0e6da
0e6eb
0e6f3
0e77b
0e795
0e7a2
0e7a9
0e847
0e908
0e916
0eb1b
0efbd
0f06f
0f1f8
0f26a
0f283
0f3c4
0f5a8
0f9eb
0fb00
0fcc5
0fcd2
0fcde
0fcf3
0fd03
0fd5d
0fd8d
0fda1
0fdb8
0fe0e
0fe9c
0fec2
0fecb
0fedf
0fef2
0ff7b
10020
10044
10056
101b8
101e6
10200
10211
10271
102c2
102dc
102e0
1046c
104ef
104f4
10570
1064d
10651
10655
10659
0e871
0e87a
0e887
0e896
0e89e
0e924
0e93c
0e948
0e950
0e9e8
0eaa5
0eab2
0ecab
0f08c
0f12a
0f20d
0f298
0f2fd
0f426
0f4fa
0f5ee
0f607
0fb5d
0fc73
0fe38
0fe44
0fe51
0fe66
0fe71
0fed4
0fefb
0ff10
0ff25
0ff77
10007
10027
1002f
10044
10057
100da
1017d
10199
101b1
10228
10230
1023b
102db
102fa
102fe
10502
1056f
10574
105d9
1065c
10660
10664
10668
0e8a9
0e8b1
0e8c0
0e8cd
0e8d4
0e95f
0e977
0e984
0e98c
0ea1d
0eae0
0eaee
0ece0
0f0a8
0f13f
0f222
0f294
0f2ad
0f432
0f559
0f64e
0f666
0fb8b
0fca7
0fd64
0fd72
0fd8c
0fe75
0fe84
0ff07
0ff2f
0ff48
0ff58
0ffa4
0ffd9
1004d
10061
10071
10086
1008c
10195
101b5
101cd
10224
1024e
10257
102e2
10300
10318
10516
1057e
10583
105e8
1066b
1066f
10673
10677
0e77b
0e787
0e793
0e7a2
0e7a9
0e8fc
0e9a6
0e9b7
0e9c2
0e9cb
0eb1b
0eb28
0ebc8
0f0c4
0f154
0f237
0f2a9
0f2c2
0f3f6
0f5b8
0f6a8
0f6bf
0fbc0
0fcd1
0fd5e
0fd76
0fd7d
0fd92
0fda8
0feb0
0ff3a
0ff62
0ff7b
0ff8b
1000c
10080
10094
100a5
100b9
100bf
101c6
101e6
101fa
1023c
1025b
10274
1027f
1031c
10334
1052a
1058d
10592
105f7
1067a
1067e
10682
10686
0e7b8
0e7c4
0e7d0
0e7de
0e7e6
0e937
0e9e1
0e9f4
0e9fd
0ea06
0eb55
0eb63
0ec01
0f0e0
0f169
0f24c
0f2be
0f2d7
0f402
0f4c4
0f4ea
0f617
0fbef
0fd05
0fd99
0fdab
0fdb2
0fdc7
0fddd
0fee3
0ff6d
0ff95
0ffa8
0ffba
1003f
100b3
100c7
100d2
100e6
100ee
1010c
1011e
1020c
1025e
1027d
10296
102a1
10338
10350
1053d
1059c
105a1
105ac
10689
1068d
10691
10695
0e7f5
0e801
0e80d
0e81c
0e823
0e972
0ea16
0ea29
0ea32
0ea3b
0eb8a
0eb98
0ec3a
0f0fb
0f17e
0f261
0f2d3
0f2ec
0f40e
0f523
0f549
0f676
0fbf7
0fd35
0fdce
0fde0
0fde7
0fdfc
0fe0c
0fea1
0fea8
0febd
0ff16
0ffb6
0ffd4
0ffde
0fff1
1007a
100e8
100f6
1011b
1013e
1014f
10280
1029f
102b8
102c5
10354
1036c
104da
10553
10557
105bb
10698
1069c
106a0
106a4
0e834
0e83d
0e84a
0e859
0e860
0e8e9
0e901
0e90e
0e916
0e9ad
0ea6a
0ea77
0ec73
0f070
0f115
0f276
0f2e8
0f301
0f41a
0f582
0f5a8
0f6cf
0fb28
0fc3e
0fe03
0fe0f
0fe1c
0fe31
0fe41
0fe9b
0fec9
0fedd
0fef2
0ff44
0ffce
0fff4
0fffd
10011
10024
100ad
1014c
1016e
10180
102a2
102c1
102d6
102e3
10370
10386
104ee
10560
10565
105ca
106a7
106ab
106af
106b3
0e9d5
0e9de
0e9eb
0e9fa
0ea02
0ea86
0ea9e
0eaaa
0eab2
0eb4a
0ec01
0ec0e
0edb6
0f12b
0f1a8
0f28b
0f312
0f378
0f463
0f4ba
0f4dc
0f4eb
0f4fb
0f507
0f5ee
0f6db
0f7bb
0fdaa
0fe6c
0ff74
0ff81
0ff95
0ffa1
0ffc1
10027
10040
10055
100a9
10133
10153
1015b
1016e
10181
10200
10276
1029a
102d3
102fb
10372
1053d
105c8
105cd
10631
1065f
106b9
106bd
106c1
0ea0a
0ea13
0ea22
0ea2f
0ea36
0eac1
0ead9
0eae6
0eaee
0eb7f
0ec3a
0ec47
0eddc
0f140
0f1bd
0f2a0
0f314
0f326
0f46d
0f4b4
0f52b
0f545
0f556
0f563
0f568
0f653
0f7f8
0fdde
0fe75
0feac
0fec7
0ffa5
0ffb2
0ffc7
1005a
10072
10088
100d6
10106
10177
1018b
10199
101ae
101b4
1028e
1029f
102c6
10300
1031d
104da
105d7
105dc
10640
1066e
106c7
106cb
106cf
0e8e9
0e8f3
0e8ff
0e90e
0e916
0ea5e
0eb08
0eb19
0eb24
0eb2d
0ec73
0ec80
0ed0f
0f155
0f1d2
0f2b5
0f328
0f33a
0f43b
0f519
0f58a
0f5a5
0f5b5
0f5c2
0f5c7
0f6ae
0f82f
0fda3
0fe1b
0feae
0feb5
0fec9
0fee1
0feff
0ffea
1008d
100a6
100bb
10137
101a8
101bc
101ca
101df
101e5
102b0
102c1
102e4
10311
10333
104ee
105e6
105eb
1064f
1067d
106d5
106d9
106dd
0e924
0e92e
0e93a
0e948
0e950
0ea99
0eb43
0eb56
0eb5f
0eb68
0ecab
0ecb9
0ed39
0f16a
0f1e7
0f2ca
0f33c
0f34e
0f445
0f4c4
0f578
0f5e4
0f604
0f614
0f621
0f626
0f7d7
0fdd8
0fe50
0fee1
0fee8
0fefb
0ff14
0ff2e
1001d
100c0
100d3
100ea
10168
101d9
101ed
101f7
1020c
10214
10234
10271
102db
1032d
1034f
10502
105f5
105fa
10604
1068c
106e3
106e7
106eb
0e95f
0e969
0e975
0e984
0e98c
0ead4
0eb78
0eb8b
0eb94
0eb9d
0ece0
0ecee
0ed63
0f17f
0f1fc
0f2df
0f350
0f362
0f44f
0f523
0f5d7
0f644
0f663
0f673
0f680
0f685
0f814
0fe07
0fe7f
0ff14
0ff1b
0ff2f
0ff41
0ff61
0ffd8
0ffdf
0fffa
10050
10102
1010c
1011f
101a2
1020e
1021c
10232
10256
10293
10349
1036b
10516
105ab
105b0
10613
1069b
106f1
106f5
106f9
0e99a
0e9a3
0e9b0
0e9bf
0e9c7
0ea4b
0ea63
0ea70
0ea77
0eb0f
0ebc8
0ebd5
0ed8d
0f116
0f193
0f2f4
0f364
0f376
0f459
0f582
0f636
0f69f
0f6bc
0f6cc
0f6d9
0f6df
0f84b
0fd75
0fe3c
0ff41
0ff4e
0ff62
0ff74
0ff94
0fff4
1000d
10022
10075
100fe
10122
1012b
1013e
10150
101d3
10254
10278
102b5
10365
10385
1052a
105b9
105be
10622
106aa
106ff
10703
10707
0eb38
0eb40
0eb4d
0eb5c
0eb63
0ebe2
0ebfa
0ec06
0ec0e
0eca0
0ed39
0ed47
0ee94
0f1a9
0f226
0f308
0f389
0f3ea
0f49f
0f4ba
0f4c6
0f4d6
0f4fd
0f66d
0f6be
0f6d5
0f6f7
0f70e
0f721
0f7bb
0f88d
0fdd8
0feeb
100a2
100ac
100c0
100d2
100f2
10153
1016a
1017f
101ce
1024a
10261
10272
1027a
102d2
10330
1034e
10418
105c9
10625
10629
106b7
1070c
10710
10714
0eb6d
0eb75
0eb84
0eb91
0eb98
0ec1b
0ec33
0ec40
0ec47
0ecd5
0ed63
0ed70
0eeb4
0f1be
0f23b
0f31c
0f38b
0f39c
0f4a9
0f4b4
0f4f8
0f522
0f52a
0f543
0f566
0f6e0
0f719
0f73d
0f757
0f760
0f8c4
0fe07
0ff1e
0ffd6
0ffef
100d6
100e2
100f5
10184
1019a
101b0
101fb
1022c
1027d
10286
10298
1029e
1034c
1036a
10437
105d8
10634
10638
106c5
10719
1071d
10721
0ea4b
0ea55
0ea61
0ea70
0ea77
0ebbc
0ec60
0ec71
0ec7c
0ec85
0ed8d
0ed9a
0ee05
0f1d3
0f250
0f330
0f39e
0f3af
0f477
0f4f2
0f519
0f557
0f581
0f589
0f5a2
0f5c5
0f752
0f778
0f791
0f79d
0f8fb
0fe3c
0ff50
0ffd0
0ffe5
0fff4
10011
1002c
10117
101b5
101cb
101e1
1024e
1029f
102a8
102ba
102c0
10368
10384
103ac
105e7
10643
10647
106d3
10726
1072a
1072e
0ea86
0ea90
0ea9c
0eaaa
0eab2
0ebf5
0ec99
0ecac
0ecb5
0ecbe
0edb6
0edc5
0ee29
0f1e8
0f265
0f344
0f3b1
0f3c2
0f481
0f551
0f578
0f5b6
0f5e4
0f5f0
0f601
0f624
0f76c
0f7af
0f7c5
0f7d8
0f865
0fe6c
0ff83
10009
10018
10027
10044
1005f
10148
101e6
101f8
10210
10270
102c1
102ca
102d8
102e0
102fa
10381
103cb
105f6
10652
10656
106e1
10733
10737
1073b
0eac1
0eacb
0ead7
0eae6
0eaee
0ec2e
0ecce
0ece1
0ecea
0ecf3
0eddc
0edeb
0ee4d
0f1fd
0f27a
0f358
0f3c4
0f3d5
0f48b
0f5b0
0f5d7
0f615
0f644
0f650
0f660
0f683
0f7a9
0f7ee
0f802
0f815
0f89c
0fe75
0ffb0
1003c
1004b
1005a
10071
10092
10106
1010d
10128
1017a
10228
10232
10238
102da
102e8
102f8
10316
103ea
105ab
10608
10653
106ef
10740
10744
10748
0eafc
0eb05
0eb12
0eb21
0eb28
0eba9
0ebc1
0ebce
0ebd5
0ec67
0ed0f
0ed1d
0ee71
0f194
0f211
0f36c
0f3d7
0f3e8
0f495
0f60f
0f636
0f674
0f69f
0f6aa
0f6b9
0f6dd
0f7e6
0f825
0f839
0f84d
0f8d5
0fda3
0feb8
1006f
10078
1008d
100a5
100c5
10122
10139
1014e
1019d
10224
10240
10250
10258
102b4
10314
10332
103f9
105ba
10616
1061a
106fd
1074d
10751
10755
0df7e
0ec8d
0ec96
0eca3
0ecb2
0ecb9
0ed29
0ed37
0ed42
0ed4b
0ee21
0ee2f
0ee3b
0ef8a
0f227
0f2a4
0f37f
0f3f4
0f432
0f54c
0f576
0f5be
0f5db
0f601
0f623
0f6ae
0f6cd
0f6f7
0f70e
0f721
0f81a
0f862
0f86d
0f880
0f916
0f9c8
0fee5
1001d
101cc
101d9
101ed
101f9
10219
10261
10274
10283
1031e
10324
10335
10418
10428
1042c
10670
10680
106e1
10759
1075d
0dfdf
0ecc2
0eccb
0ecda
0ece7
0ecee
0ed53
0ed61
0ed6c
0ed75
0ee45
0ee54
0ee5f
0efaf
0f23c
0f2b9
0f392
0f3f6
0f400
0f4c4
0f4ea
0f5ab
0f5d5
0f61d
0f63b
0f660
0f682
0f724
0f73d
0f757
0f83d
0f85c
0f89e
0f8ba
0f8bf
0f9fe
0ff18
10050
1010c
10127
101fd
1020a
1021f
10284
10296
102a5
1033a
10341
10351
10437
10446
1044a
10680
1068f
106ef
10761
10765
0dde2
0eba9
0ebb3
0ebbf
0ebce
0ebd5
0ed03
0ed86
0ed93
0ed9a
0ee69
0ee78
0ee83
0eeee
0f251
0f2ce
0f3a5
0f402
0f40c
0f523
0f549
0f60a
0f634
0f679
0f697
0f6b9
0f6dc
0f726
0f761
0f778
0f791
0f899
0f8d3
0f8eb
0f8f0
0fa2f
0ff45
10082
1010e
10115
10129
10140
1015d
102a6
102b8
102c7
10356
1035d
1036d
1039d
103ac
103b0
1068f
1069e
106fd
10769
1076d
0de49
0ebe2
0ebed
0ebf8
0ec06
0ec0e
0ed2d
0edb0
0edbd
0edc5
0ee8d
0ee9c
0eea7
0ef15
0f266
0f2e3
0f3b8
0f40e
0f418
0f4ba
0f4d7
0f4fe
0f587
0f5b5
0f66a
0f6cf
0f6db
0f763
0f79e
0f7b9
0f7ce
0f865
0f8fd
0f915
0f925
0f9ae
0ff78
100b5
10141
10146
10159
10170
1018a
102c8
102d6
102e5
10371
10379
10387
103bc
103cb
103cf
1069e
106ad
106b7
10771
10775
0deb0
0ec1b
0ec25
0ec31
0ec40
0ec47
0ed57
0edd8
0ede3
0edeb
0eeaf
0eebc
0eec7
0ef3c
0f27b
0f2f8
0f3cb
0f41a
0f424
0f4b4
0f504
0f534
0f545
0f5ed
0f606
0f647
0f6c9
0f7a0
0f7db
0f7f6
0f80b
0f89c
0f934
0f94c
0f95c
0f9e3
0ffa5
100e2
10170
10177
1018b
1019b
101bb
1022e
1023b
102ea
102fa
10305
1038f
103db
103ea
103ee
1065e
10663
106c5
10779
1077d
0df17
0ec54
0ec5d
0ec6a
0ec79
0ec80
0ecff
0ed0d
0ed18
0ed21
0edfd
0ee0c
0ee17
0ef63
0f212
0f28f
0f3de
0f426
0f430
0f4ee
0f519
0f563
0f593
0f5a5
0f64d
0f665
0f6a2
0f7dd
0f818
0f82d
0f842
0f8d5
0f96b
0f97f
0f98d
0fa18
0feb2
0ffea
1019b
101a8
101bc
101cc
101ec
10240
10252
10265
10302
10309
10319
103f9
10409
1040d
10662
10671
106d3
10781
10785
0de43
0de4b
0de52
0de66
0de6f
0e146
0eda7
0edb8
0edc2
0ee22
0ee2e
0ee37
0ee89
0f047
0f2a5
0f321
0f3f1
0f43c
0f46d
0f517
0f53e
0f54c
0f554
0f56b
0f58a
0f5a7
0f5b7
0f5c2
0f5db
0f6ad
0f76c
0f79a
0f7b4
0f7d8
0f862
0f86c
0f87f
0f96c
0f9ab
0f9ba
0f9cd
0fa59
0fb0d
10142
101d0
102c8
102e4
1031b
10334
10400
1041c
104b7
1064f
106d4
106d9
10759
1078b
0deaa
0deb2
0deb9
0decd
0ded6
0e185
0edcd
0edde
0ede8
0ee46
0ee53
0ee5a
0eea9
0f063
0f2ba
0f335
0f3fd
0f43b
0f446
0f4c4
0f576
0f59d
0f5ab
0f5b3
0f5ca
0f5e4
0f606
0f616
0f621
0f63b
0f789
0f7d0
0f7ee
0f809
0f85c
0f89d
0f8b2
0f8c5
0f9a5
0f9e6
0f9fc
0fa09
0fb42
10172
101fd
1023e
102e7
10337
10350
1041f
1043b
104cc
10604
106e2
106e7
10761
10791
0df11
0df19
0df20
0df34
0df3d
0e032
0ecff
0ed10
0ed1a
0edf8
0ee6f
0ee7a
0ee83
0efcf
0f2cf
0f349
0f409
0f445
0f450
0f523
0f5d5
0f5fc
0f60a
0f612
0f629
0f644
0f665
0f675
0f680
0f697
0f7c6
0f80d
0f825
0f840
0f890
0f8c6
0f8da
0f8ed
0f9e0
0fa1b
0fa33
0fa39
0fb76
10112
101ab
10240
10260
10353
1036c
1039f
1044b
1045f
10613
106f0
106f5
10769
10797
0df78
0df80
0df87
0df9a
0dfa4
0e077
0ed29
0ed3a
0ed44
0ee1c
0ee95
0ee9e
0eea7
0efed
0f2e4
0f35d
0f415
0f44f
0f45a
0f4d3
0f588
0f64a
0f664
0f66d
0f67a
0f68b
0f6af
0f6c1
0f6d2
0f6de
0f700
0f715
0f773
0f84a
0f8c7
0f8fd
0f916
0f924
0f9af
0fa32
0fa5b
0fa6c
0faef
10145
101dc
10261
10282
1036f
10386
103ab
103be
10475
10622
106fe
10703
10771
1079d
0dfd9
0dfe1
0dfe8
0dffb
0e005
0e0bc
0ed53
0ed64
0ed6e
0ee40
0eeb5
0eebe
0eec7
0f00b
0f2f9
0f371
0f421
0f459
0f464
0f4b8
0f4cf
0f4eb
0f4fb
0f507
0f532
0f5f4
0f6b7
0f6c4
0f6d5
0f6e3
0f719
0f73d
0f755
0f7bb
0f8fe
0f934
0f94d
0f95b
0f9e4
0fa6a
0fa90
0faa1
0fb24
10174
10209
10284
102a4
102fa
10382
103ca
103dd
1048b
10631
106ba
106be
10779
107a3
0dddc
0dde4
0ddeb
0ddff
0de08
0e101
0ed7d
0ed8e
0ed98
0edfe
0ee0b
0ee12
0ee65
0f029
0f290
0f30d
0f42d
0f463
0f46e
0f4b2
0f4df
0f4ed
0f4f5
0f50c
0f52b
0f548
0f558
0f563
0f57c
0f652
0f72f
0f75d
0f77d
0f79b
0f935
0f96b
0f97e
0f98c
0fa19
0fa9f
0fabf
0fad0
0fb59
10110
1019f
102a6
102c6
102ff
10318
103de
103fd
104a1
10640
106c6
106cb
10781
107a9
0de1b
0de23
0de59
0de67
0de6f
0df86
0e077
0e08a
0e092
0e2d4
0ee90
0ee9f
0eea7
0f0ee
0f2e6
0f396
0f41f
0f478
0f4a9
0f516
0f520
0f55f
0f581
0f589
0f59a
0f5c9
0f65d
0f670
0f746
0f750
0f762
0f774
0f790
0f79d
0f8d0
0f8fd
0f920
0f97c
0f9ae
0f9ba
0f9d5
0face
0faf0
0fb04
0fb10
0fc07
0fcd5
1036f
10384
103a2
103bc
104a5
10533
106d4
10729
10772
107af
0de82
0de8a
0dec0
0dece
0ded6
0dfe7
0e0bc
0e0cf
0e0d7
0e30d
0eeb2
0eebf
0eec7
0f108
0f2fb
0f3a9
0f42b
0f477
0f482
0f575
0f57f
0f5be
0f5e4
0f5f0
0f5f9
0f628
0f6b6
0f6c9
0f76c
0f789
0f794
0f7a2
0f7bc
0f7d6
0f865
0f928
0f946
0f968
0f9c9
0f9e7
0f9fc
0fadb
0fb08
0fb2b
0fb41
0fbce
0fd0a
102fa
1038e
103c1
103db
104bb
10546
106e2
10736
1077a
107b5
0ddea
0def6
0defe
0df27
0df35
0df3d
0e101
0e114
0e11c
0e1d8
0ee00
0ee0f
0ee17
0f07e
0f292
0f3bc
0f437
0f481
0f48c
0f4db
0f4ee
0f5d4
0f5eb
0f61d
0f644
0f650
0f658
0f689
0f7a9
0f7c6
0f7d1
0f7df
0f7f9
0f813
0f89c
0f95f
0f978
0f998
0f9df
0fa18
0fa23
0fa3f
0fb3d
0fb5f
0fb75
0fbfd
0fd39
102ff
10316
103e0
103fd
10458
104e3
106f0
10743
10782
107bb
0de51
0df5e
0df65
0df8b
0df9c
0dfa4
0e146
0e159
0e162
0e20f
0ee24
0ee33
0ee3b
0f09a
0f2a7
0f3cf
0f3fb
0f48b
0f496
0f53a
0f54d
0f633
0f64c
0f679
0f699
0f6a9
0f6b1
0f6e2
0f7e6
0f803
0f80e
0f81c
0f830
0f84a
0f862
0f87c
0f8d4
0f99a
0fa14
0fa50
0fa5c
0fa74
0fb53
0fb8e
0fba3
0fbaf
0fcec
1031b
10332
103ab
103fa
10463
104f7
106fe
10750
1075a
107c1
0deb8
0dfc0
0dfc8
0dfef
0dffd
0e005
0e185
0e199
0e1a0
0e256
0ee48
0ee57
0ee5f
0f0b6
0f2bc
0f3e2
0f407
0f495
0f4a0
0f4b8
0f4c5
0f4cd
0f4fd
0f596
0f5ab
0f63b
0f6ab
0f6e5
0f6f7
0f715
0f722
0f834
0f83e
0f850
0f85c
0f88f
0f8b2
0f916
0fa49
0fa84
0fa91
0faa9
0fb88
0fbc3
0fbda
0fbe4
0fd21
10337
1034e
103ca
10419
10479
1050b
106b8
10710
10762
107c7
0ddb4
0ddbc
0ddf2
0de00
0de08
0df1f
0e032
0e045
0e04d
0e295
0ee6c
0ee7b
0ee83
0f0d2
0f2d1
0f383
0f413
0f49f
0f4aa
0f4b2
0f4c5
0f501
0f524
0f52c
0f55c
0f5e0
0f60a
0f697
0f709
0f713
0f725
0f737
0f756
0f760
0f899
0f8c6
0f8e9
0f94d
0fa7e
0fab4
0fac0
0fad8
0fbbd
0fbf2
0fc0b
0fc13
0fd50
10353
1036a
103de
10437
1048f
1051f
106c6
1071c
1076a
107cd
0f4fe
0f508
0f6d6
0f6e3
0f720
0f7b9
0f7bd
0f83d
0f851
0f8f5
0f926
100b4
100b8
10136
1015a
10160
10268
1037c
103ce
1048c
1050b
105a3
106bf
10712
107a1
107c6
107d2
107d6
107da
0f502
0f510
0f55e
0f56a
0f711
0f725
0f75c
0f7f5
0f7f9
0f935
0f969
100e2
10164
10184
1018d
10280
10389
103e6
103f1
104a3
10520
10559
106ce
10720
107a8
107cd
107de
107e2
107e6
0f562
0f571
0f5c4
0f5cf
0f74f
0f763
0f79a
0f82d
0f831
0f96e
0f99e
0ffea
10196
101b6
101c0
102a3
10303
10406
10411
104bc
10536
106d8
10729
10783
1078b
107dc
107ea
107ee
0f5be
0f5c8
0f61a
0f624
0f6f6
0f6fa
0f78b
0f79f
0f7d6
0f880
0f993
1001a
1001e
101c8
101ed
101f2
102ca
10323
1042a
10431
104d2
1054a
106e7
10737
1075c
107b3
107f2
107f6
107fa
0f61e
0f62b
0f67e
0f684
0f734
0f738
0f7c9
0f7dd
0f814
0f887
0f8be
1004e
10052
10105
1021b
10220
102ec
10344
10449
10460
104e3
10585
106f7
10746
10795
107ba
107fe
10802
10806
0f67b
0f68c
0f6d4
0f6e2
0f772
0f803
0f807
0f81b
0f84e
0f8c7
0f8fb
10082
100fe
10122
1012b
1023c
10356
103a8
103b3
10477
104f8
10595
10706
10754
1079c
107c1
10809
1080d
10811
0f59f
0f688
0f716
0f721
0f845
0f84c
0f881
0f915
0f919
0f99f
0fa43
0fa78
101dc
1024b
1025c
10266
1031f
10425
10430
10476
1047d
1050f
105fe
10713
1079e
107d2
107f4
10813
0f5fb
0f5ff
0f6e4
0f71b
0f728
0f757
0f760
0f890
0f8c4
0f94d
0fa71
0fa9c
10206
1020a
1026e
10284
10289
10340
10448
1044f
1048e
1051f
10585
1071c
10763
107cb
107dd
107ff
10818
0f50d
0f65b
0f65f
0f75a
0f769
0f792
0f7a5
0f8c9
0f900
0f97f
0faa7
0facd
10116
1011a
10291
102a7
102ad
10360
103af
1049e
104a6
10534
10595
1072a
1076c
107ae
107e9
1080b
1081d
0f56e
0f6b5
0f793
0f798
0f7cc
0f7d3
0f864
0f868
0f8fe
0f932
0f9ce
0fadb
10148
102b0
102c1
102cb
10371
103c7
103d2
104b5
104be
10549
105d0
10739
10789
107b5
107eb
1081b
10822
0f4e1
0f5cb
0f7d1
0f7db
0f80a
0f815
0f89c
0f8a0
0f937
0f96d
0f9da
0fa0e
1017a
10229
102db
102ea
1038a
103e7
103f2
104cd
104d4
104e7
105e0
10747
10792
107e1
10801
10823
0f53d
0f541
0f62c
0f80f
0f81c
0f842
0f84f
0f8d4
0f962
0f98d
0fa03
0fa2f
101a8
101ac
10226
10240
10245
10308
1040b
10412
10462
104f7
10567
10750
10783
107bf
107ed
1080d
10827
0f551
0f555
0f572
0f784
0f81a
0f87e
0f88b
0f991
0f999
0f9ca
0fa59
0fa5d
0fadd
0fb81
0fbb6
10313
10322
10329
1042b
104b4
104bc
104f4
104fc
105d0
1075b
107bf
107f4
10821
1082d
0f5b1
0f5ca
0f7be
0f7c2
0f852
0f885
0f88f
0f8bc
0f8c5
0f9d8
0fa08
0fa8f
0fba8
0fbe0
1032c
10337
10341
10442
1044d
104ca
104d3
1050b
10511
105e0
10764
107c8
107ff
1082a
10832
0f611
0f62a
0f726
0f7fc
0f800
0f8b9
0f8cb
0f8f0
0f901
0fa0f
0fa44
0fabf
0fbd8
0fc10
10349
10354
1035e
103a9
103b4
10460
10467
10521
10594
1061b
10795
107dd
1080b
10833
0f66d
0f671
0f68b
0f764
0f834
0f8f1
0f8f8
0f922
0f92e
0f9ae
0f9b2
0fa42
0fa6d
0fb0f
0fc16
10366
10376
1037b
103cd
103d4
10478
1052f
10536
105a4
1062b
1079e
107d7
10814
10838
0f6c7
0f6cb
0f6e8
0f70a
0f7a0
0f929
0f931
0f95a
0f968
0f9e4
0f9e8
0fa79
0faad
0fb18
0fb4c
102f7
1038f
10395
103ed
10488
10490
10543
1054b
105b2
1077b
107b3
107e2
10819
1083d
0f4f3
0f50c
0f744
0f748
0f7de
0f961
0f96b
0f98c
0f99c
0fa1a
0faa6
0facb
0fb3e
0fb75
102f0
102ff
10309
10405
10410
1049f
104a8
104e3
104e9
105c2
10784
107bc
107ee
1082b
10841
0f51a
0f562
0f571
0f74f
0f763
0f8e4
0f8e8
0f96e
0f9cc
0f9db
0fad4
0fade
0fb17
0fb99
0fc09
0fcb5
0fce4
10407
104b5
104be
10533
10539
10569
1062a
10789
107dc
10820
10842
0f576
0f5be
0f5c8
0f789
0f78d
0f7a1
0f91c
0f993
0f9c9
0f9d4
0f9fa
0fa07
0fb09
0fb41
0fbcb
0fbcf
0fcf0
0fd21
1042f
104cd
104d4
10548
10573
10579
1063a
10792
107f3
10825
10846
0f5d6
0f61e
0f62b
0f7c7
0f7cb
0f7e1
0f892
0f954
0fa00
0fa0a
0fa34
0fa39
0fb3f
0fb76
0fbfb
0fbff
0fd2a
0fd58
10450
10462
104df
104e6
10583
105ee
10675
107b9
10801
1083f
1084a
0f636
0f67b
0f68c
0f805
0f819
0f8b7
0f982
0f986
0fa3a
0fa41
0fa66
0fa74
0faee
0fb73
0fbab
0fc44
0fd4c
103a9
10472
1047a
104f4
104fc
10595
105fe
10685
107c2
1080c
1082d
1084e
0f4bb
0f6d8
0f6e6
0f83d
0f851
0f876
0f87a
0f8ff
0fa70
0fa7b
0faa0
0faaf
0fb24
0fba9
0fbe1
0fc4b
0fc7a
103c9
10489
10492
1050b
10511
105a5
1060c
107a1
107d1
10818
1084c
0f4b2
0f500
0f50a
0f70f
0f713
0f727
0f8ae
0f92b
0fa9d
0faa8
0fac8
0fad0
0fb56
0fb5a
0fbe7
0fc12
0fc85
0fcb6
103f1
104a2
104a9
10521
10555
1055b
1061c
107aa
107dd
1081d
1084f
0f65b
0f65f
0f732
0f75a
0f769
0f8c9
0fa2c
0faa7
0fb04
0fb0e
0fc07
0fc18
0fc45
0fcd5
0fcd9
0fd59
0fdfd
0fe32
103b6
104aa
10535
10591
10597
105c3
10684
107ad
10817
1084d
10856
0f6b5
0f76c
0f793
0f798
0f8f4
0fa5e
0fa62
0fadb
0fb11
0fb16
0fb3a
0fb49
0fc51
0fc82
0fd0b
0fe28
0fe53
103c7
104b4
10542
10549
105a1
105cd
105d3
10694
107b6
10820
10851
1085a
0f4e1
0f7aa
0f7d1
0f7db
0f92c
0f9d3
0fa94
0fa98
0fb44
0fb4f
0fb70
0fb83
0fc8b
0fcc0
0fd3b
0fe5d
0fe83
103e8
104cb
104e0
104e8
10558
105dd
10648
106cf
107e1
1083f
10858
0f53d
0f541
0f7e8
0f80f
0f81c
0f96c
0fa0d
0fac4
0fb71
0fb7e
0fba2
0fbaa
0fc2a
0fc2e
0fcbb
0fcec
0fd84
0fe92
10410
10466
104f7
104fd
10569
105ee
10658
106de
1080c
1082d
1085e
0f59d
0f5a1
0f6f5
0f848
0f856
0f99f
0f9c2
0fa3d
0fba7
0fbb4
0fbda
0fbe2
0fc60
0fc64
0fcf5
0fd29
0fd94
0fdc8
10432
1047e
1050d
10573
10579
105ff
10666
107c5
10813
10847
10862
0f5fd
0f6ec
0f719
0f71e
0f886
0f9f4
0f9f8
0fa77
0fbe5
0fbea
0fc0c
0fc13
0fc96
0fd1d
0fd49
0fdbe
0fde9
10443
10488
1051b
10522
10583
105af
105b5
10676
107ce
10818
1084b
10865
0f7fe
0f898
0f8b5
0f8c3
0fa04
0fb68
0fb6c
0fbec
0fc46
0fc57
0fd53
0fd5a
0fd93
0fe15
0fe8c
0ff2c
0ff55
103aa
1045e
1051d
10592
105eb
105f1
1061d
106dd
1080a
1084d
10866
0f832
0f836
0f8d0
0f8f3
0f8fd
0fa42
0fb9e
0fc08
0fc47
0fc52
0fc76
0fc7e
0fd89
0fdb4
0fe47
0fe4b
0ff64
0ff8c
103d2
1047c
10538
105a3
105fb
10627
1062d
106ec
10814
10851
1086a
0f708
0f70c
0f908
0f92d
0f939
0fa79
0fb18
0fbd4
0fc7d
0fc88
0fcac
0fcb7
0fdbf
0fdea
0fe77
0fe7b
0ff9c
0ffc8
103f4
10494
1054d
1055a
105b2
10637
106a2
10721
10837
10864
1086e
0f746
0f93c
0f95f
0f966
0faa6
0fb3e
0fc00
0fc04
0fcb9
0fcbe
0fce2
0fced
0fd6a
0fdf3
0fe1e
0febb
0ffbd
10405
1049e
104e0
10564
1056a
105c3
10649
106b2
1072f
10840
10857
10872
0f784
0f861
0f991
0f999
0fad6
0fafe
0fb02
0fb81
0fcef
0fcf7
0fd1a
0fd2b
0fda0
0fe29
0fe54
0fec6
0feef
10426
104b6
104f5
10574
105cd
105d3
10659
106c1
107f3
10847
10870
0f7be
0f7c2
0f85c
0f885
0f88f
0f9d8
0fb34
0fba8
0fd1b
0fd26
0fd46
0fd4e
0fdd2
0fdd6
0fe63
0fe89
0fefd
0ff26
1044e
104d3
10510
10586
105dd
10609
1060f
106d0
10824
1084b
10873
0f952
0f956
0f9e2
0fa02
0fa11
0fb4d
0fca8
0fd1e
0fd82
0fd8b
0fe85
0fe94
0febc
0ff49
0ff4d
0ffc9
10067
1009a
10468
104ea
10589
105f0
10649
10673
106dd
10785
10846
10871
1087a
0f984
0fa14
0fa30
0fa3e
0fb73
0fcda
0fcde
0fd54
0fd8d
0fd92
0fdb8
0fdc5
0fecb
0fef3
0ff7d
10090
100b9
10472
104f3
10592
105fa
10600
10659
10685
106ec
1075e
1084e
10875
1087e
0f878
0fa4a
0fa6a
0fa75
0fba9
0fc4b
0fd10
0fd14
0fdc2
0fdcb
0fdef
0fdff
0ff03
0ff36
0ffab
100c3
100e7
1048a
10509
105a2
105b0
10609
1060f
10695
10748
10818
10864
1087c
0f8ac
0f8b0
0fa80
0faa4
0faab
0fbe7
0fc85
0fd40
0fdf0
0fdfa
0fe20
0fe27
0fea6
0feaa
0ff31
0ff59
0fff2
100f6
104a8
10524
1055b
105c1
10619
1069f
106a5
10756
10834
10857
10882
0f8e4
0f8e8
0f9ad
0fad4
0fade
0fc1b
0fc3e
0fcb5
0fe26
0fe30
0fe56
0fe5f
0feda
0fede
0ff69
0ff9b
10002
10034
104c0
1053a
1056b
105d2
1062a
106af
106c1
10775
10843
1086b
10886
0f91c
0f9a4
0f9c9
0f9d4
0fb09
0fc70
0fc74
0fcf0
0fe61
0fe66
0fe88
0fe8f
0ff0e
0ff90
0ffb4
1002a
10053
104c9
10542
10574
105dc
105e2
1063b
10667
106d0
1077e
10848
1086f
10889
0fa96
0fb1e
0fb3d
0fb4a
0fc80
0fde4
0fde8
0fe68
0fec1
0fed1
0ffc3
0ffca
10001
1007d
100f0
10188
101af
104e1
10557
105de
10646
1069f
106a5
106cf
1076d
107e4
1085c
10884
0fac2
0fac6
0fb54
0fb7b
0fb80
0fcbb
0fe1a
0fe8b
0fec2
0fecc
0fef0
0fef7
0fff7
10020
100ad
100b1
101bf
101e4
104fc
1056a
105f0
10657
106af
106d8
106df
10776
1082c
10874
1088a
0f9c0
0f9c4
0fb8a
0fbb1
0fbb9
0fcf5
0fd94
0fe50
0fef6
0ff00
0ff24
0ff2d
1002b
10054
100db
100df
101f5
10221
10512
1057a
10601
1060e
10667
106e8
10748
10790
10848
10877
1088f
0f9f6
0fbbc
0fbdd
0fbe8
0fd1d
0fdbe
0fe7c
0fe80
0ff2f
0ff34
0ff58
0ff61
0ffda
1005d
10086
1011b
10215
1051b
10582
105af
10618
1061e
10677
106f7
10756
10799
10861
1087a
10892
0fa2c
0fae9
0fc07
0fc18
0fd4d
0fd7a
0fd7e
0fdfd
0ff63
0ff6b
0ff8d
0ff9d
1000e
10091
100ba
10126
1014d
10531
10593
105c0
10628
10681
10687
10707
1075d
1080f
10856
1087e
0fa5e
0fa62
0fae4
0fb11
0fb16
0fc51
0fdb0
0fe28
0ff8e
0ff98
0ffb8
0ffbf
1003e
10042
100c9
100ed
1015c
10182
1054b
105a5
105d3
10639
10691
106bc
106c3
10766
1083c
1086e
1088b
0fbd2
0fbd6
0fc5e
0fc84
0fc8d
0fdc9
0ff1e
0ff91
0fff0
0fff9
100e9
100f8
1011c
101a3
101a7
10222
1028a
102ae
1055c
105b6
1063d
106a4
106f7
1071e
1076d
107cc
10853
10883
10897
0fc02
0fc90
0fcb1
0fcbc
0fdf3
0ff4e
0ff52
0ffc4
0fffb
10000
10024
10031
1012c
10151
101d5
102a2
102ba
10565
105be
10646
106ae
106b4
10707
1072c
10776
107b1
10856
10887
1089a
0fb00
0fcc6
0fce7
0fcf2
0fe29
0fec6
0ff82
0ff86
1002e
10037
10059
10069
10162
10193
10203
102c4
102d9
10575
105cf
10656
10664
106bc
106c3
1073b
107a2
107d9
10870
10895
0fb32
0fb36
0fcfc
0fd23
0fd28
0fe63
0fefd
0ffb0
1005a
10064
10088
1008f
10106
1010a
1018e
101b3
10237
102e8
10587
105e1
1060f
10675
106cc
10743
1074a
107ab
10802
10877
1089b
0fb68
0fb6c
0fc29
0fd53
0fd5a
0fe97
0feb8
0ff2c
1008e
10098
100bc
100c5
10138
1013c
101c4
101f4
10246
1026a
10598
105f2
1061f
10686
106db
10752
1075d
107c0
1084e
1087d
1089f
0fb9e
0fc20
0fc47
0fc52
0fd89
0fee8
0feec
0ff64
100c7
100cc
100ec
100f3
1016a
101e8
1020c
1025e
10276
105a0
105fa
10628
10690
10696
106eb
10712
10766
107c9
10862
10881
108a1
0fd12
0fd9a
0fdbc
0fdc6
0fef9
1004e
10052
100ce
10121
10132
1021b
10220
10248
10295
102e2
1033b
1034d
1044a
105b1
1060b
10692
106f6
10743
1074a
10796
10800
10810
10880
0fd3e
0fd42
0fdd0
0fdf7
0fdfc
0ff31
10082
100ef
10122
1012b
1014e
10155
1023c
10254
102b4
102b8
1035c
1036d
103b5
105c3
1061e
106a4
10705
10752
1076c
1079f
1080b
10856
10894
0fc3c
0fc40
0fe06
0fe2d
0fe35
0ff69
10002
100b6
10154
1015e
10180
10189
1025f
10277
102d3
102d7
1037c
10396
103d6
105d4
1062e
106b5
106c2
10712
10775
107c6
107d9
1086c
108a1
0fc72
0fe38
0fe5a
0fe64
0ff90
1002a
100e0
100e4
1018b
10190
101b2
101bb
1022e
10280
10298
102f8
10389
103ec
105dc
10636
10664
106ca
106d1
10721
1077f
107cf
107e5
10885
108a5
0fca8
0fd65
0fe85
0fe94
0ffbe
0ffe8
0ffec
10067
101bd
101c2
101e5
101f6
10251
102a3
102bb
10303
10315
1040d
105ed
10647
10674
106da
10729
10730
1078a
107e9
107fb
1087a
0fcda
0fcde
0fd60
0fd8d
0fd92
0fecb
1001c
10090
101e6
101ef
10210
10217
10270
10274
102ca
102df
10323
10335
10430
105ff
10659
10686
106e9
10738
1075b
10793
107f7
10862
10890
0f5cb
0f615
0f619
0f631
0fe50
0fed6
0fef6
0ff00
1002b
10178
1017c
101f5
10238
10249
102e7
102ed
1030e
10394
103f5
104d2
10610
1066a
106ea
10749
1077f
107ba
107fa
10829
1089e
0f62c
0f675
0f680
0fe7c
0fe80
0ff0a
0ff2f
0ff34
10063
101aa
10215
10239
10243
10256
1025d
10302
10314
1040b
10460
10619
10672
106f4
10750
10757
10795
107c3
10807
10869
108a6
0f68f
0f6cf
0f6da
0fd7a
0fd7e
0ff3e
0ff63
0ff6b
1009b
10131
101dc
1025c
10266
10279
10282
1031f
10331
1042c
10477
10629
10683
10703
10711
1075b
1079c
107d3
10811
1087d
0f4f7
0f4fb
0f509
0f6e4
0fdb0
0ff6e
0ff8e
0ff98
100c2
10156
10206
1020a
10284
10289
1029c
102a5
10340
10351
1044f
10490
1063b
10695
106bf
1071f
10765
107a3
107d9
1081a
10893
0f50d
0f557
0f55b
0f573
0fde6
0fea3
0ffb7
0ffc6
100f0
10116
1011a
10192
102a7
102ad
102c0
102d1
10360
1037e
103b7
104a7
1064c
106a6
106ce
1072f
1076f
107ae
107e6
10822
1089a
0f56e
0f5b7
0f5c2
0fe18
0fe1c
0fe9e
0fec9
0fece
0fffd
10148
101b8
102c1
102cb
102dc
102e3
10371
10380
103cd
104b8
10654
106ae
106d8
10736
1073d
10789
107b7
107f1
10874
108a4
0f514
0f5f6
0f6c7
0f6cb
0f6e8
0f7a4
0f7e0
0ff84
10008
10028
10032
10157
102c4
102fb
10304
10383
10392
103ee
1048d
10547
10665
106bd
10737
1077e
107a3
107d5
107f6
10841
0f4f1
0f4f5
0f50f
0f568
0f654
0f7dc
0f813
0ffae
0ffb2
1003c
10061
10066
1018e
102e8
10306
1030b
10318
10325
10411
104a6
104e6
10677
106cd
10746
10787
107b9
107e4
10802
1087a
0f551
0f555
0f572
0f5d2
0f6b0
0f81a
0f84b
0feb6
0feba
10070
10095
1009d
101c4
10246
10322
10329
10336
10347
10433
104bd
104fb
10688
106dc
10754
10789
107c0
107f1
1080e
1089d
0f4cb
0f5af
0f5b3
0f5cd
0f626
0f722
0f852
0feea
100a0
100c0
100ca
101e8
1025e
10337
10341
1034e
10355
10449
104cd
1050b
10690
106e6
1070f
10764
10790
107c7
107f9
10832
108a2
0f52b
0f60f
0f613
0f630
0f690
0f72a
0f766
0ff1e
0ffd5
100e9
100f8
10216
10281
10354
1035e
1036b
10374
103b0
10461
10520
106a1
106f5
1071d
1076d
10797
107dd
10805
1083a
0f587
0f58b
0f66f
0f687
0f6d9
0f762
0f799
0ff4e
0ff52
0ffd0
0fffb
10000
1012c
102a8
10376
1037b
10386
1038d
103d3
1047a
10536
106b3
10705
1072c
10777
107ad
107e8
1080f
10886
