00002
00006
0000a
0000e
00012
00016
0001a
0001e
00022
00026
0002a
0002e
00032
00034
00038
0003c
00040
00044
00048
0004c
00050
00054
00058
0005c
00060
00033
00066
0006a
0006e
00072
00076
0007a
0007e
00082
00086
0008a
0008e
00092
00065
00098
0009c
000a0
000a4
000a8
000ac
000b0
000b4
000b8
000bc
000c0
000c4
000c6
000ca
000ce
000d2
000d6
000da
000de
000e2
000e6
000ea
000ee
000f2
000f6
000c7
000fa
000fe
00102
00106
0010a
0010e
00112
00116
0011a
0011e
00122
00004
00008
00126
0012a
0012e
00132
00136
0013a
0013e
00142
00146
0014a
0014e
00036
0003a
00127
00154
00158
0015c
00160
00164
00168
0016c
00170
00174
00178
00068
000f7
0017a
0017e
00182
00186
0018a
0018e
00192
00196
0019a
0019e
001a2
0009a
0009e
001a4
001a8
001ac
001b0
001b4
001b8
001bc
001c0
001c4
001c8
0003b
000cc
001a3
001ce
001d2
001d6
001da
001de
001e2
001e6
001ea
001ee
001f2
0006d
000fc
00129
001f6
001fa
001fe
00202
00206
0020a
0020e
00212
00216
0021a
0009f
0012a
001a5
0021e
00222
00226
0022a
0022e
00232
00236
0023a
0023e
00242
000d1
00154
001cf
00244
00248
0024c
00250
00254
00258
0025c
00260
00264
000f7
00101
0017e
00243
0026a
0026e
00272
00276
0027a
0027e
00282
00286
0028a
0000b
0000f
001a8
00269
00290
00294
00298
0029c
002a0
002a4
002a8
002ac
002b0
0003d
00157
001d2
002b2
002b6
002ba
002be
002c2
002c6
002ca
002ce
002d2
002d6
0006f
00181
001fa
002b3
002da
002de
002e2
002e6
002ea
002ee
002f2
002f6
00033
001ac
00221
00290
002fd
00301
00305
00309
0030d
00311
00315
00319
0031d
001ce
001d6
00247
002fa
00322
00326
0032a
0032e
00332
00336
0033a
0033e
00342
001f6
001fe
0026d
00321
00347
0034b
0034f
00353
00357
0035b
0035f
00363
00367
00130
00224
00293
00368
0036c
00370
00374
00378
0037c
00380
00384
00388
00002
0015a
0024a
002b9
0038d
00391
00395
00399
0039d
003a1
003a5
003a9
003ad
00180
00184
002d9
002fc
003b0
003b4
003b8
003bc
003c0
003c4
003c8
003cc
003d0
00290
00298
00301
003d3
003d7
003db
003df
003e3
003e7
003eb
003ef
003f3
003f7
002ba
00322
0038e
003f8
003fc
00400
00404
00408
0040c
00410
00414
00418
001a3
002de
00347
003b1
0041d
00421
00425
00429
0042d
00431
00435
00439
0043d
00224
00228
0036c
0041c
00442
00446
0044a
0044e
00452
00456
0045a
0045e
00462
0024a
0024e
00391
00441
00467
0046b
0046f
00473
00477
0047b
0047f
00483
00487
00270
0034a
003b4
00464
0048a
0048e
00492
00496
0049a
0049e
004a2
004a6
00243
00371
003d7
00443
004ad
004b1
004b5
004b9
004bd
004c1
004c5
004c9
004cd
0038e
00396
003fc
004aa
004d2
004d6
004da
004de
004e2
004e6
004ea
004ee
004f2
003b1
003b9
00421
004d1
004f7
004fb
004ff
00503
00507
0050b
0050f
00513
00517
00304
003da
00446
00518
0051c
00520
00524
00528
0052c
00530
00534
00538
0021e
00329
003ff
0046b
0053d
00541
00545
00549
0054d
00551
00555
00559
0055d
0034a
0034e
0048a
004ac
00560
00564
00568
0056c
00570
00574
00578
0057c
00580
00443
0044b
004b1
00583
00587
0058b
0058f
00593
00597
0059b
0059f
005a3
005a7
0046c
004d2
0053e
005a8
005ac
005b0
005b4
005b8
005bc
005c0
005c4
005c8
00368
0048f
004f7
00561
005cd
005d1
005d5
005d9
005dd
005e1
005e5
005e9
005ed
003da
003de
0051c
005cc
005f2
005f6
005fa
005fe
00602
00606
0060a
0060e
00612
003ff
00403
00541
005f1
00617
0061b
0061f
00623
00627
0062b
0062f
00633
00637
00424
004fa
00564
00614
0063a
0063e
00642
00646
0064a
0064e
00652
00656
003f8
00521
00587
005f3
0065d
00661
00665
00669
0066d
00671
00675
00679
0067d
0053e
00546
005ac
0065a
00682
00686
0068a
0068e
00692
00696
0069a
0069e
006a2
00561
00569
005d1
00681
006a7
006ab
006af
006b3
006b7
006bb
006bf
006c3
006c7
004b4
0058a
005f6
006c8
006cc
006d0
006d4
006d8
006dc
006e0
006e4
006e8
003d4
004d9
005af
0061b
006ed
006f1
006f5
006f9
006fd
00701
00705
00709
0070d
004fa
004fe
0063a
0065c
00710
00714
00718
0071c
00720
00724
00728
0072c
00730
005f3
005fb
00661
00733
00737
0073b
0073f
00743
00747
0074b
0074f
00753
00757
0061c
00682
006ee
00758
0075c
00760
00764
00768
0076c
00770
00774
00778
00518
0063f
006a7
00711
0077d
00781
00785
00789
0078d
00791
00795
00799
0079d
0058a
0058e
006cc
0077c
007a2
007a6
007aa
007ae
007b2
007b6
007ba
007be
007c2
005af
005b3
006f1
007a1
007c7
007cb
007cf
007d3
007d7
007db
007df
007e3
007e7
005d4
006aa
00714
007c4
007ea
007ee
007f2
007f6
007fa
007fe
00802
00806
000d4
006cb
006d3
00739
0080b
0080f
00813
00817
0081b
0081f
00823
00827
0082b
00103
006f4
0075a
007c6
0082f
00833
00837
0083b
0083f
00843
00847
0084b
0084f
005f0
00717
0077f
007e9
00853
00857
0085b
0085f
00863
00867
0086b
0086f
00873
00662
00666
007a4
00851
00877
0087b
0087f
00883
00887
0088b
0088f
00893
00072
00687
0068b
007c9
00897
0089b
0089f
008a3
008a7
008ab
008af
008b3
008b7
000d4
006ac
00782
007ec
008ba
008be
008c2
008c6
008ca
008ce
008d2
008d6
008da
000a6
001d8
007a3
007ab
0080f
008dd
008e1
008e5
008e9
008ed
008f1
008f5
008f9
000d8
001ff
007cc
0082f
00898
008fb
008ff
00903
00907
0090b
0090f
00913
00104
00108
006c8
007ef
00853
008bb
00919
0091d
00921
00925
00929
0092d
00931
00012
00016
0073a
0073e
00877
00917
00937
0093b
0093f
00943
00947
0094b
0094f
00044
00186
0075f
00763
0089b
00951
00955
00959
0095d
00961
00965
00969
0096d
00076
001d8
00784
00856
008be
0096e
00972
00976
0097a
0097e
00982
00986
00011
00019
001b0
002be
00876
0087e
008e1
0098d
00991
00995
00999
0099d
009a1
00043
0004b
001da
002e1
0089e
008fb
0098a
009a7
009ab
009af
009b3
009b7
009bb
00079
000f9
00202
007a0
008c1
00919
009bd
009c1
009c5
009c9
009cd
009d1
009d5
000a5
000ad
00138
00810
00814
00937
009d7
009db
009df
009e3
009e7
009eb
00035
000db
0015e
00274
00834
00838
00955
009f1
009f5
009f9
009fd
00a01
00a05
00067
0010b
00188
002be
00858
0096e
0098b
00a0a
00a0e
00a12
00a16
00a1a
00a1e
0001d
0010e
00112
0013b
001a7
00200
00204
00208
00277
0029a
0029e
007ce
0083a
0083e
00902
009f1
009f5
00a23
00a27
00a2b
00a2f
00a33
00a37
00a3b
00a3f
00a43
00a47
00a4b
00a4f
00a53
00a57
00a5b
00a5f
00a63
00a67
00a6b
00a6f
00a73
00a77
00a7b
00a7f
00a83
00a87
00a8b
00a8f
00a93
00a97
00a9b
00a9f
00aa3
00aa7
00aab
00aaf
00ab3
00ab7
00022
00026
0004f
00136
00140
00144
00165
001d1
002a1
002a5
002c2
007ef
0085c
00860
0091e
00a08
00a0c
00a22
00aba
00abe
00ac2
00ac6
00aca
00ace
00ad2
00ad6
00ada
00ade
00ae2
00ae6
00aea
00aee
00af2
00af6
00afa
00afe
00b02
00b06
00b0a
00b0e
00b12
00b16
00b1a
00b1e
00b22
00b26
00b2a
00b2e
00b32
00b36
00b3a
00b3e
00b42
00b46
00b4a
00052
00056
0007f
0015e
00168
0016c
0018d
001f7
002c5
002c9
002e4
0073c
00874
00882
0093a
0093e
0098f
00abb
00abf
00b51
00b55
00b59
00b5d
00b61
00b65
00b69
00b6d
00b71
00b75
00b79
00b7d
00b81
00b85
00b89
00b8d
00b91
00b95
00b99
00b9d
00ba1
00ba5
00ba9
00bad
00bb1
00bb5
00bb9
00bbd
00bc1
00bc5
00bc9
00bcd
00bd1
00bd5
00bd9
00bdd
00be1
00086
000af
000b3
0012d
0018a
00194
001b5
001b9
0022e
002e9
002ed
00763
008a4
00956
0095a
009a7
00b4e
00b52
00be4
00be8
00bec
00bf0
00bf4
00bf8
00bfc
00c00
00c04
00c08
00c0c
00c10
00c14
00c18
00c1c
00c20
00c24
00c28
00c2c
00c30
00c34
00c38
00c3c
00c40
00c44
00c48
00c4c
00c50
00c54
00c58
00c5c
00c60
00c64
00c68
00c6c
00c70
00c74
000b6
000df
000e3
00155
001b2
001bc
001dd
001e1
00233
00250
00254
00786
008c5
008c9
00975
009bf
009c3
00be5
00c77
00c7b
00c7f
00c83
00c87
00c8b
00c8f
00c93
00c97
00c9b
00c9f
00ca3
00ca7
00cab
00caf
00cb3
00cb7
00cbb
00cbf
00cc3
00cc7
00ccb
00ccf
00cd3
00cd7
00cdb
00cdf
00ce3
00ce7
00ceb
00cef
00cf3
00cf7
00cfb
00cff
00d03
00d07
000e6
000ea
00117
0017d
001da
001e4
001e8
0020d
00257
0025b
0027e
007a9
00816
0081a
008e4
009d7
009db
00a28
00c76
00c7a
00d0c
00d10
00d14
00d18
00d1c
00d20
00d24
00d28
00d2c
00d30
00d34
00d38
00d3c
00d40
00d44
00d48
00d4c
00d50
00d54
00d58
00d5c
00d60
00d64
00d68
00d6c
00d70
00d74
00d78
00d7c
00d80
00d84
00d88
00d8c
00d90
00d94
0006e
000eb
000ef
00147
00210
00214
0022d
00291
002e8
002ec
00352
00374
00378
008a0
00906
0090a
009a8
00a2d
00a31
00a35
00a39
00a3d
00a41
00a45
00a49
00a4d
00beb
00bef
00bf3
00bf7
00bfb
00bff
00c03
00d0d
00d99
00d9d
00da1
00da5
00da9
00dad
00db1
00db5
00db9
00dbd
00dc1
00dc5
00dc9
00dcd
00dd1
00dd5
00dd9
00ddd
00de1
00de5
00de9
00ded
000a2
0011d
0014c
00150
00171
00232
00236
00253
002b7
0037b
0037f
0039b
008c1
00922
00926
009c0
00a4e
00a52
00ac2
00ac6
00aca
00ace
00ad2
00ad6
00ada
00ade
00c7c
00c80
00c84
00c88
00c8c
00c90
00c94
00d98
00d9c
00df0
00df4
00df8
00dfc
00e00
00e04
00e08
00e0c
00e10
00e14
00e18
00e1c
00e20
00e24
00e28
00e2c
00e30
00e34
00e38
00e3c
00029
000d0
00174
00178
00199
00256
0025a
0027d
002d9
0039e
003a2
003bc
00812
00934
00942
009d8
009dc
00ae5
00b55
00b59
00b5d
00b61
00b65
00b69
00b6d
00b71
00b75
00d13
00d17
00d1b
00d1f
00d23
00d27
00d2b
00df1
00e3f
00e43
00e47
00e4b
00e4f
00e53
00e57
00e5b
00e5f
00e63
00e67
00e6b
00e6f
00e73
00e77
00e7b
00e7f
00e83
00e87
00e8b
00059
0005d
00102
001a0
001c1
001c5
00223
00278
0029b
0029f
0030b
003c1
003c5
00838
0095e
009f0
009f4
00a56
00a5a
00a5e
00a62
00a66
00a6a
00a6e
00b78
00c04
00c08
00c0c
00c10
00c14
00c18
00c1c
00c20
00c24
00e40
00e8e
00e92
00e96
00e9a
00e9e
00ea2
00ea6
00eaa
00eae
00eb2
00eb6
00eba
00ebe
00ec2
00ec6
00eca
00ece
00ed2
00ed6
00eda
0000c
00089
0008d
001c8
001e9
001ed
00247
002a2
002bf
002c3
00310
0032c
00330
0085a
00979
0097d
00a0b
00ae9
00aed
00af1
00af5
00af9
00afd
00b01
00c27
00c2b
00c9b
00c9f
00ca3
00ca7
00cab
00caf
00cb3
00cb7
00e8f
00e93
00ee1
00ee5
00ee9
00eed
00ef1
00ef5
00ef9
00efd
00f01
00f05
00f09
00f0d
00f11
00f15
00f19
00f1d
00f21
00f25
00f29
00f2d
00040
000bd
001f0
001f4
00219
0026b
002c6
002ca
002e5
00333
00337
00359
0087c
008e8
008ec
0098e
00b7c
00b80
00b84
00b88
00b8c
00b90
00b94
00cba
00cbe
00d2e
00d32
00d36
00d3a
00d3e
00d42
00d46
00d4a
00d9e
00da2
00ee0
00f2e
00f32
00f36
00f3a
00f3e
00f42
00f46
00f4a
00f4e
00f52
00f56
00f5a
00f5e
00f62
00f66
00f6a
00f6e
00f72
00f76
00046
0005a
00182
001e3
001e7
00239
002ee
002f2
0030a
0036c
003c0
003c4
0042a
0044c
00450
009ac
009b0
00b79
00be9
00bed
00bf1
00bf5
00bf9
00bfd
00c01
00c2d
00c31
00d2f
00da5
00da9
00e97
00e9b
00e9f
00ea3
00ea7
00f79
00f7d
00f81
00f85
00f89
00f8d
00f91
00f95
00f99
00f9d
00fa1
00fa5
00fa9
00fad
00fb1
00fb5
00fb9
00fbd
00fc1
00fc5
00076
0008a
0008e
001ae
00207
0023e
00242
0025f
0030f
00313
0032f
00391
00453
00457
00473
009c4
009c8
00a2e
00c26
00c2a
00c7e
00c82
00c86
00c8a
00c8e
00c92
00c96
00cc2
00df4
00df8
00ee6
00eea
00eee
00ef2
00ef6
00f78
00f7c
00fca
00fce
00fd2
00fd6
00fda
00fde
00fe2
00fe6
00fea
00fee
00ff2
00ff6
00ffa
00ffe
01002
01006
0100a
0100e
000a6
000ba
000be
00141
001d4
00262
00266
00283
00332
00336
00358
003b2
00476
0047a
00494
009d6
009e0
00ac1
00ac5
00cbd
00d11
00d15
00d19
00d1d
00d21
00d25
00d29
00d4f
00d53
00e47
00f2f
00f33
00f37
00f3b
00f3f
00f43
00fcb
01013
01017
0101b
0101f
01023
01027
0102b
0102f
01033
01037
0103b
0103f
01043
01047
0104b
0104f
01053
01057
0105b
000da
000ee
00169
0016d
001fe
0028a
002a7
002ab
00301
00353
00375
00379
003e3
00499
0049d
009f8
00a54
00a58
00a5c
00a60
00a64
00a68
00a6c
00a70
00a74
00b56
00d0a
00d0e
00dac
00db0
00db4
00db8
00dbc
00eaa
00eae
01014
0105c
01060
01064
01068
0106c
01070
01074
01078
0107c
01080
01084
01088
0108c
01090
01094
01098
0109c
010a0
010a4
00108
0011c
00130
00191
00195
002ae
002cb
002cf
00324
0037c
00398
0039c
003e8
00404
00408
00a0f
00a13
00a51
00ae9
00aed
00af1
00af5
00af9
00afd
00b01
00b05
00b09
00c07
00dfb
00dff
00e03
00e07
00e0b
00e0f
00efd
0105d
01061
010a9
010ad
010b1
010b5
010b9
010bd
010c1
010c5
010c9
010cd
010d1
010d5
010d9
010dd
010e1
010e5
010e9
010ed
00014
00028
0002c
0015c
001bd
002d2
002d6
002f7
00347
0039f
003a3
003bd
0040b
0040f
00431
00992
00996
00ae4
00b7c
00b80
00b84
00b88
00b8c
00b90
00b94
00b98
00b9c
00c9a
00e4a
00e4e
00e52
00e56
00e5a
00e5e
00f46
00f7e
00f82
010a8
010f0
010f4
010f8
010fc
01100
01104
01108
0110c
01110
01114
01118
0111c
01120
01124
01128
0112c
01130
00034
00055
0015f
00169
0016d
00273
002c8
00315
00319
003c9
003e1
003e5
00447
0049b
00501
00505
00527
00abb
00b57
00b77
00b7b
00b7f
00e95
00e99
00e9d
00ea1
00ea5
00ea9
00eb3
00f85
00f89
01065
01069
0106d
01071
01075
01135
01139
0113d
01141
01145
01149
0114d
01151
01155
01159
0115d
01161
01165
01169
0116d
01171
01175
01179
0117d
01181
00085
00187
00191
00195
00297
002ea
0031a
0031e
0033a
003e6
003ea
00406
00468
0052a
0052e
0054a
00b4e
00bea
00c04
00c08
00c28
00ee4
00ee8
00eec
00ef0
00ef4
00ef8
00f02
00fce
00fd2
010ae
010b2
010b6
010ba
010be
01134
01138
01184
01188
0118c
01190
01194
01198
0119c
011a0
011a4
011a8
011ac
011b0
011b4
011b8
011bc
011c0
011c4
011c8
000b5
000b9
001b3
001bd
00232
00236
002bd
00341
0035d
00361
0040d
0042f
00433
0048d
00551
0056b
0056f
00c7e
00c82
00c9b
00cbb
00cbf
00f31
00f35
00f39
00f3d
00f41
00f4b
00f4f
0101b
010f1
010f5
010f9
010fd
01101
01105
01185
011cb
011cf
011d3
011d7
011db
011df
011e3
011e7
011eb
011ef
011f3
011f7
011fb
011ff
01203
01207
0120b
0120f
000e5
000e9
001db
001e5
00256
0025a
002df
00364
00380
00384
003d8
0042a
0044c
00450
004ba
00570
00574
00d0a
00d0e
00d13
00d2c
00d30
00dac
00db0
00db4
00db8
00dbc
00dc0
00dc4
00f8c
00f90
00f94
00f98
00f9c
01078
0107c
011cc
01212
01216
0121a
0121e
01222
01226
0122a
0122e
01232
01236
0123a
0123e
01242
01246
0124a
0124e
01252
01256
00003
00111
00201
00205
00209
00229
00278
00387
0038b
003a7
003fb
00453
00457
00473
004bf
004c3
004df
00a27
00a2f
00a4f
00a53
00a57
00dfb
00dff
00e03
00e07
00e0b
00e0f
00e13
00fd5
00fd9
00fdd
00fe1
00fe5
00fe9
010c5
01213
01217
0125d
01261
01265
01269
0126d
01271
01275
01279
0127d
01281
01285
01289
0128d
01291
01295
01299
0129d
012a1
00023
00135
0013f
00143
0024d
002a2
003aa
003ae
003ce
0041e
00476
0047a
00494
004e2
004e6
00508
00a20
00ac2
00ae2
00ae6
00aea
00e4a
00e4e
00e52
00e56
00e5a
00e5e
00e62
0101e
01022
01026
0102a
0102e
01032
01108
0113a
0113e
0125c
012a2
012a6
012aa
012ae
012b2
012b6
012ba
012be
012c2
012c6
012ca
012ce
012d2
012d6
012da
012de
012e2
000d2
00175
00179
00259
0034d
0039f
003a3
003ef
0049f
004a3
004bb
0051d
00571
00575
005db
005fd
00601
00b57
00d12
00d16
00e4b
00e4f
01065
01069
0106d
01071
01075
0107f
01083
01143
01219
0121d
01221
01225
01229
0122d
012e7
012eb
012ef
012f3
012f7
012fb
012ff
01303
01307
0130b
0130f
01313
01317
0131b
0131f
01323
01327
0132b
0132f
00100
0019d
001a1
00277
00370
003c0
003c4
003f4
00410
00414
004c0
004dc
004e0
00542
00604
00620
00624
00a56
00c04
00c08
00e94
00e98
010ae
010b2
010b6
010ba
010be
010c8
010cc
0118a
01260
01264
01268
0126c
01270
01274
012e6
01332
01336
0133a
0133e
01342
01346
0134a
0134e
01352
01356
0135a
0135e
01362
01366
0136a
0136e
01372
01376
0000c
001a4
001c9
002a1
002a5
00311
00395
00417
0041b
00437
004e3
004e7
00509
00563
00627
0062b
00645
00ae9
00aed
00c9b
00e8f
00ee7
010f1
010f5
010f9
010fd
01101
01105
0110f
011d1
011d5
012a5
012a9
012ad
012b1
012b5
01333
01337
0137d
01381
01385
01389
0138d
01391
01395
01399
0139d
013a1
013a5
013a9
013ad
013b1
013b5
013b9
013bd
013c1
00040
001f1
002c5
002c9
00334
003b6
0043a
0043e
0045a
004ae
00500
00504
00526
00590
00594
0064a
00b7c
00b80
00d2e
00ede
00f30
00f8a
00f8e
00f92
00f96
00f9a
00f9e
00fa2
01146
0114a
0114e
01152
01156
0115a
01230
0137a
0137e
013c4
013c8
013cc
013d0
013d4
013d8
013dc
013e0
013e4
013e8
013ec
013f0
013f4
013f8
013fc
01400
01404
01408
00070
00211
00215
002eb
00305
00351
00355
00461
0047d
00481
004d5
0052d
00549
0054d
00599
005b5
005b9
00a2f
00be9
00bed
00dab
00daf
00fd7
00fdb
00fdf
00fe3
00fe7
00feb
00fef
01191
01195
01199
0119d
011a1
01277
0127b
013c5
0140b
0140f
01413
01417
0141b
0141f
01423
01427
0142b
0142f
01433
01437
0143b
0143f
01443
01447
0144b
0144f
000a0
0014b
0014f
00233
00328
0037a
0037e
00484
004a4
004a8
004f8
00550
0056a
0056e
005bc
005de
005e2
00ac2
00c7d
00c81
00dfa
00dfe
01020
01024
01028
0102c
01030
01034
01038
011d8
011dc
011e0
011e4
011e8
012b8
012bc
012ec
0140a
0140e
01454
01458
0145c
01460
01464
01468
0146c
01470
01474
01478
0147c
01480
01484
01488
0148c
01490
001d4
00244
00265
00333
00337
00427
00479
004c5
004c9
00579
00591
00595
005f7
0064b
006b1
006b5
006d7
00d12
00d16
00f31
00fc9
01021
01219
0121d
01221
01225
01229
0122d
01237
012f1
012f5
013cb
013cf
013d3
013d7
013db
01495
01499
0149d
014a1
014a5
014a9
014ad
014b1
014b5
014b9
014bd
014c1
014c5
014c9
014cd
014d1
014d5
014d9
014dd
014e1
001fe
00289
00350
00354
0044a
0049a
004ca
004ce
004ea
00596
0059a
005b6
00618
006da
006de
006fa
00a54
00a58
00dac
01012
01064
01260
01264
01268
0126c
01270
01274
0127e
01338
0133c
01412
01416
0141a
0141e
01422
01494
01498
014e4
014e8
014ec
014f0
014f4
014f8
014fc
01500
01504
01508
0150c
01510
01514
01518
0151c
01520
01524
01528
00132
002ad
002b1
0037d
003e7
003eb
0046f
004f1
0050d
00511
005bd
005df
005e3
0063d
00701
0071b
0071f
00aeb
00dfb
00dff
010ad
010b1
012a5
012a9
012ad
012b1
012b5
012bf
012c3
01383
01453
01457
0145b
0145f
01463
01467
014e5
0152b
0152f
01533
01537
0153b
0153f
01543
01547
0154b
0154f
01553
01557
0155b
0155f
01563
01567
0156b
0156f
0015a
002d1
002d5
003a0
0040a
0040e
00490
00514
00530
00534
00588
005da
005fc
00600
0066a
00720
00724
00b7e
00e4a
00e4e
010f1
010f5
01148
0114c
01150
01154
01158
0115c
01160
012f8
012fc
01300
01304
01308
013de
013e2
0152c
01572
01576
0157a
0157e
01582
01586
0158a
0158e
01592
01596
0159a
0159e
015a2
015a6
015aa
015ae
015b2
015b6
00182
0021f
002f1
003c1
003c5
003df
0042b
00537
0053b
00557
005ab
00603
00607
00623
0066f
00673
0068f
00be9
00bed
00e97
00f7f
00f8d
0118f
01193
01197
0119b
0119f
011a3
011a7
0133f
01343
01347
0134b
0134f
01353
01429
01573
01577
015bd
015c1
015c5
015c9
015cd
015d1
015d5
015d9
015dd
015e1
015e5
015e9
015ed
015f1
015f5
015f9
015fd
01601
001ae
0023f
0030e
00312
00402
00454
0055a
0055e
0057e
005ce
00626
0062a
00644
00692
00696
006b8
00c7d
00c81
00ee6
00f78
00fd6
011d6
011da
011de
011e2
011e6
011ea
011ee
01386
0138a
0138e
01392
01396
0139a
0146a
0149a
0149e
015bc
01602
01606
0160a
0160e
01612
01616
0161a
0161e
01622
01626
0162a
0162e
01632
01636
0163a
0163e
01642
002bc
0033f
00343
0040d
004fd
0054f
00553
0059f
0064f
00653
0066b
006cd
00721
00725
0078b
007ad
007b1
00f31
010f2
010f6
011d7
011db
013cb
013cf
013d3
013d7
013db
013e5
013e9
014a3
01579
0157d
01581
01585
01589
0158d
01647
0164b
0164f
01653
01657
0165b
0165f
01663
01667
0166b
0166f
01673
01677
0167b
0167f
01683
01687
0168b
0168f
002de
00362
00366
0042a
00520
00570
00574
005a4
005c0
005c4
00670
0068c
00690
006f2
007b4
007d0
007d4
00dac
00f8a
00f8e
01219
0121d
01412
01416
0141a
0141e
01422
0142c
01430
014ea
015c0
015c4
015c8
015cc
015d0
015d4
01646
01692
01696
0169a
0169e
016a2
016a6
016aa
016ae
016b2
016b6
016ba
016be
016c2
016c6
016ca
016ce
016d2
016d6
00226
00369
00389
00453
00457
004c1
00545
005c7
005cb
005e7
00693
00697
006b9
00713
007d7
007db
007f5
00dfb
00dff
00fd7
01213
01263
01453
01457
0145b
0145f
01463
01467
01471
01531
01535
01605
01609
0160d
01611
01615
01693
01697
016dd
016e1
016e5
016e9
016ed
016f1
016f5
016f9
016fd
01701
01705
01709
0170d
01711
01715
01719
0171d
01721
0024e
003ac
00476
0047a
004e4
00566
005ea
005ee
0060a
0065e
006b0
006b4
006d6
00740
00744
007fa
00e4a
00e4e
01020
0125a
012a5
012f6
012fa
012fe
01302
01306
0130a
0130e
014a6
014aa
014ae
014b2
014b6
014ba
01590
016da
016de
01724
01728
0172c
01730
01734
01738
0173c
01740
01744
01748
0174c
01750
01754
01758
0175c
01760
01764
01768
00272
003c7
003cb
0049b
004b5
00501
00505
00611
0062d
00631
00685
006dd
006f9
006fd
00749
00765
00769
00e97
01063
01067
01148
0114c
01341
01345
01349
0134d
01351
01355
01359
014f1
014f5
014f9
014fd
01501
015d7
015db
01725
0176b
0176f
01773
01777
0177b
0177f
01783
01787
0178b
0178f
01793
01797
0179b
0179f
017a3
017a7
017ab
017af
00296
0031a
0031e
003e8
004d8
0052a
0052e
00634
00654
00658
006a8
00700
0071a
0071e
0076c
0078e
00792
00ee6
010ac
010b0
0118f
01193
01388
0138c
01390
01394
01398
0139c
013a0
01538
0153c
01540
01544
01548
01618
0161c
0164c
0176a
0176e
017b4
017b8
017bc
017c0
017c4
017c8
017cc
017d0
017d4
017d8
017dc
017e0
017e4
017e8
017ec
017f0
00394
003f9
00419
004e3
004e7
005d7
00629
00675
00679
00729
00741
00745
007a7
007fb
00863
00867
00888
00b0b
00b0f
010f4
012a4
012a8
01387
0138b
0157b
0157f
01583
01587
0158b
01595
01599
01653
01729
0172d
01731
01735
01739
0173d
017f7
017fb
017ff
01803
01807
0180b
0180f
01813
01817
0181b
0181f
01823
01827
0182b
0182f
01833
01837
0183b
003b9
0043c
00500
00504
005fa
0064a
0067a
0067e
0069a
00746
0074a
00766
007c8
0088b
0088f
008aa
00b9e
00ba2
00f8c
01147
0114b
013c8
013cc
015c2
015c6
015ca
015ce
015d2
015dc
015e0
0169a
01770
01774
01778
0177c
01780
01784
017f6
0183c
01840
01844
01848
0184c
01850
01854
01858
0185c
01860
01864
01868
0186c
01870
01874
01878
0187c
00306
0045f
00463
0052d
00597
0059b
0061f
006a1
006bd
006c1
0076d
0078f
00793
007ed
008b1
008cb
008cf
00c35
00fd5
00fd9
01192
013c3
01413
01603
01607
0160b
0160f
01613
01617
01621
016e1
016e5
017b5
017b9
017bd
017c1
017c5
0183d
01841
01881
01885
01889
0188d
01891
01895
01899
0189d
018a1
018a5
018a9
018ad
018b1
018b5
018b9
018bd
00329
00482
00486
00550
005ba
005be
00640
006c4
006e0
006e4
00738
0078a
007ac
007b0
0081e
008d0
008d4
00cc8
0101e
01022
011d8
0140a
01454
014a6
014aa
014ae
014b2
014b6
014ba
014be
01656
0165a
0165e
01662
01666
0166a
01740
0187e
01882
018c2
018c6
018ca
018ce
018d2
018d6
018da
018de
018e2
018e6
018ea
018ee
018f2
018f6
018fa
018fe
0034c
003d5
004a1
00571
00575
0058f
005db
006e7
006eb
00707
0075b
007b3
007b7
007d3
00823
00827
00842
00d55
00d59
01065
0121a
0121e
012f7
012fb
014f1
014f5
014f9
014fd
01501
01505
01509
016a1
016a5
016a9
016ad
016b1
01787
0178b
018c3
01903
01907
0190b
0190f
01913
01917
0191b
0191f
01923
01927
0192b
0192f
01933
01937
0193b
0193f
01943
00373
003f4
004be
004c2
005b2
00604
0070a
0070e
0072e
0077e
007d6
007da
007f4
00845
00849
0086a
00a76
00a7a
010ae
01260
01264
0133f
01343
01538
0153c
01540
01544
01548
0154c
01550
016e8
016ec
016f0
016f4
016f8
017c8
017cc
017fc
01902
01906
01946
0194a
0194e
01952
01956
0195a
0195e
01962
01966
0196a
0196e
01972
01976
0197a
0197e
0046e
004ef
004f3
005bd
006ad
006ff
00703
0074f
007ff
00803
0081f
00878
008d1
008d5
0091f
00946
0094a
00ac9
00cc7
00ccb
012a6
01453
01457
01537
0153b
0172b
0172f
01733
01737
0173b
01745
01749
01803
018c7
018cb
018cf
018d3
01981
01985
01989
0198d
01991
01995
01999
0199d
019a1
019a5
019a9
019ad
019b1
019b5
019b9
019bd
019c1
019c5
0048f
00512
00516
005da
006d0
00720
00724
00754
00770
00774
00824
0083f
00843
0089c
0093b
00962
00966
00b5c
00d54
00d58
01149
012f6
012fa
01579
0157d
01772
01776
0177a
0177e
01782
0178c
01790
01844
01908
0190c
01910
01914
01980
01984
019ca
019ce
019d2
019d6
019da
019de
019e2
019e6
019ea
019ee
019f2
019f6
019fa
019fe
01a02
01a06
003dc
00519
00539
00603
00607
00671
006f5
00777
0077b
00797
00846
0084a
0086b
008bd
00957
0095b
00981
00a77
00a7b
00c0d
01190
01194
01342
01573
015c3
017b3
017b7
017bb
017bf
017c3
017c7
017d1
01885
01889
01947
0194b
0194f
01953
019cb
01a0b
01a0f
01a13
01a17
01a1b
01a1f
01a23
01a27
01a2b
01a2f
01a33
01a37
01a3b
01a3f
01a43
01a47
01a4b
00403
0055c
00626
0062a
00694
00716
0079a
0079e
007ba
0080c
00862
00866
00887
008ee
008f2
00974
00b0a
00b0e
00ca0
011d6
011da
01388
015ba
01605
01656
0165a
0165e
01662
01666
0166a
0166e
01806
0180a
0180e
01812
018d6
018da
01a0c
01a4c
01a50
01a54
01a58
01a5c
01a60
01a64
01a68
01a6c
01a70
01a74
01a78
01a7c
01a80
01a84
01a88
01a8c
00426
00577
0057b
0064b
00665
006b1
006b5
007c1
007dd
007e1
00832
0088e
008a9
008ad
008e5
0090c
00910
00ba1
00d33
00d37
0121c
013c9
013cd
014a8
014ac
016a1
016a5
016a9
016ad
016b1
016b5
016b9
0184b
0184f
01853
01857
0191b
01a4d
01a51
01a91
01a95
01a99
01a9d
01aa1
01aa5
01aa9
01aad
01ab1
01ab5
01ab9
01abd
01ac1
01ac5
01ac9
01acd
00449
004ca
004ce
00598
00688
006da
006de
007e4
00804
00808
00854
008b0
008ca
008ce
00901
00928
0092c
00a34
00c32
00c36
01262
01410
01414
014ef
014f3
016e8
016ec
016f0
016f4
016f8
016fc
01700
0188c
01890
01894
01898
01956
01986
0198a
01a90
01ad0
01ad4
01ad8
01adc
01ae0
01ae4
01ae8
01aec
01af0
01af4
01af8
01afc
01b00
01b04
01b08
00544
005a9
005c9
00693
00697
00787
007d9
00829
0082d
008c7
008ef
008f3
00938
00975
009bf
009c3
009e6
00c84
00c88
00ca1
00cc7
00ccb
00d5b
01455
01604
01608
016e7
016eb
018c9
018cd
018d1
018d5
018df
0198d
01991
01a55
01a59
01a5d
01a61
01b0f
01b13
01b17
01b1b
01b1f
01b23
01b27
01b2b
01b2f
01b33
01b37
01b3b
01b3f
01b43
01b47
01b4b
01b4f
00569
005ec
006b0
006b4
007aa
007fa
00816
0081a
0084d
008e2
008e6
0090d
00952
009d7
009db
009fe
00a7c
00d19
00d32
00d36
00d56
00d5a
012f8
014a7
014ab
01728
0172c
0190a
0190e
01912
01916
01920
019ce
019d2
01a96
01a9a
01a9e
01aa2
01b0e
01b52
01b56
01b5a
01b5e
01b62
01b66
01b6a
01b6e
01b72
01b76
01b7a
01b7e
01b82
01b86
01b8a
01b8e
004b6
0060f
00613
006dd
00747
0074b
007cf
0083c
0086f
00873
00902
00929
0092d
00971
009f3
00a15
00a19
00a35
00a5b
00a5f
00a79
00a7d
01340
01344
014f2
01723
01773
01945
01949
0194d
01951
0195b
0195f
01a13
01ad1
01ad5
01ad9
01add
01b51
01b91
01b95
01b99
01b9d
01ba1
01ba5
01ba9
01bad
01bb1
01bb5
01bb9
01bbd
01bc1
01bc5
01bc9
01bcd
004d9
00632
00636
00700
0076a
0076e
007f0
0085e
00891
00895
008e0
0091e
00945
00949
0099a
00a08
00a0c
00ac8
00aee
00af2
00b0c
00b10
01386
0138a
01538
0176a
017b5
01806
0180a
0180e
01812
01816
0181a
01994
01998
0199c
019a0
01a64
01b90
01bd0
01bd4
01bd8
01bdc
01be0
01be4
01be8
01bec
01bf0
01bf4
01bf8
01bfc
01c00
01c04
01c08
01c0c
004fc
00585
00651
00721
00725
0073f
0078b
00880
00884
008b7
008fc
0093a
0093e
00965
0098d
00991
009b4
00b5b
00b5f
00b85
00b9f
00ba3
00c39
013cb
0157a
0157e
01657
0165b
0184b
0184f
01853
01857
0185b
019d5
019d9
019dd
019e1
01aa5
01aa9
01bd3
01c13
01c17
01c1b
01c1f
01c23
01c27
01c2b
01c2f
01c33
01c37
01c3b
01c3f
01c43
01c47
01c4b
01c4f
00523
005a4
0066e
00672
00762
007b4
008a2
008a6
008d8
00918
00956
0095a
00980
009a5
009a9
009cc
00bee
00bf2
00c0c
00c32
00c36
00ccc
01412
015c0
015c4
0169e
016a2
0188c
01890
01894
01898
0189c
01a16
01a1a
01a1e
01a22
01ae0
01ae4
01b12
01c12
01c52
01c56
01c5a
01c5e
01c62
01c66
01c6a
01c6e
01c72
01c76
01c7a
01c7e
01c82
01c86
01c8a
0008b
000aa
000c0
000c4
0061e
0069f
006a3
0076d
00859
008af
008b3
008f7
00979
0097d
0099b
00a09
00a0d
00af1
00c27
00c2b
00c35
00c3b
00c3f
00c43
00c47
00c4b
00c4f
00ca1
00f07
01604
01608
017b6
0183d
01a55
01a59
01a5d
01a61
01a6b
01b15
01b19
01bd7
01bdb
01bdf
01be3
01c8f
01c93
01c97
01c9b
01c9f
01ca3
01ca7
01cab
01caf
01cb3
01cb7
000bb
000bf
000de
000f4
0063f
006c2
006c6
0078a
0087b
008d0
008d4
008ea
00911
00915
0098e
009b1
009b5
00b84
00cba
00cbe
00cc8
00cce
00cd2
00cd6
00cda
00cde
00ce2
00d34
00dc6
014a7
014ab
01658
0187e
01a96
01a9a
01a9e
01aa2
01aac
01b54
01b58
01c16
01c1a
01c1e
01c22
01c8e
01cbc
01cc0
01cc4
01cc8
01ccc
01cd0
01cd4
01cd8
01cdc
01ce0
000eb
000ef
0010c
00122
0058c
006c9
006e9
007b3
007b7
00825
0089f
00906
0090a
00931
009a6
009aa
009cd
00a33
00a37
00bf1
00d0b
00d0f
00d57
00d5d
00d61
00d65
00d69
00d6d
00d71
00e17
014f2
0169f
016a3
01ad1
01ad5
01ad9
01add
01ae7
01aeb
01b97
01c51
01c55
01c59
01c5d
01cbb
01ce5
01ce9
01ced
01cf1
01cf5
01cf9
01cfd
01d01
01d05
01d09
01d0d
0001a
00030
0011b
0011f
005b3
0070c
007d6
007da
00847
008c0
00922
00926
0094d
009be
009c2
009e5
00a4e
00a52
00a78
00a7e
00a82
00a86
00a8a
00a8e
00a92
00ac8
00c83
00c87
00e66
01538
016e6
016ea
01992
01996
0199a
0199e
019a2
019a6
01b1c
01b20
01b24
01b28
01be6
01ce4
01d0e
01d12
01d16
01d1a
01d1e
01d22
01d26
01d2a
01d2e
01d32
01d36
00029
00048
0005e
00062
005d6
00727
0072b
007fb
00813
00863
00867
00942
00969
0096d
009da
009fd
00a01
00ae5
00b0b
00b0f
00b15
00b19
00b1d
00b21
00b25
00b5b
00b5f
00d1a
00e67
0157a
0157e
0172b
017fb
019d7
019db
019df
019e3
019e7
01b5b
01b5f
01b63
01b67
01c25
01c29
01d11
01d3b
01d3f
01d43
01d47
01d4b
01d4f
01d53
01d57
01d5b
01d5f
00059
0005d
0007c
00092
005f9
0067a
0067e
00748
00835
0088b
0088f
0095e
00984
00988
009f2
00a14
00a18
00a5c
00b76
00b7a
00ba0
00ba6
00baa
00bae
00bb2
00bb6
00bba
00c0c
00eb6
015c0
015c4
01772
017f4
01a18
01a1c
01a20
01a24
01a28
01b9a
01b9e
01ba2
01ba6
01c60
01c64
01c92
01d3a
01d64
01d68
01d6c
01d70
01d74
01d78
01d7c
01d80
01d84
0002d
00031
0009d
00108
0011c
00191
00195
001b6
006f4
00759
00779
00846
0084a
00959
0099f
009a3
00a11
00a4f
00a53
00a79
00a7f
00a83
00a87
00a8b
00a95
00a99
00af1
00c05
00c09
00c0d
00c11
00c15
00c19
00c1d
00eb9
00ebd
01113
017b6
019c9
01bd7
01bdb
01bdf
01be3
01bed
01c95
01c99
01d8b
01d8f
01d93
01d97
01d9b
01d9f
01da3
01da7
01dab
01daf
00016
0002a
0005f
00063
000cf
001bd
001de
001e2
00719
0079c
00862
00866
00974
00992
00996
009b9
00ae2
00ae6
00b0c
00b12
00b16
00b1a
00b1e
00b28
00b2c
00b84
00c98
00c9c
00ca0
00ca4
00ca8
00cac
00cb0
00f08
00f0c
01112
01658
01a0a
01c16
01c1a
01c1e
01c22
01c2c
01cbe
01cc2
01d8a
01db2
01db6
01dba
01dbe
01dc2
01dc6
01dca
01dce
01dd2
00046
0005a
0008f
00093
000fd
001e5
0020a
0020e
00666
007bf
007c3
0088e
008e3
008e7
009ae
009d1
009d5
00b79
00b9f
00ba3
00ba9
00bad
00bb1
00bb5
00bbf
00bef
00bf3
00d2f
00d33
00d37
00d3b
00d3f
00d43
00d47
00f55
00fa7
0169f
016a3
01c51
01c55
01c59
01c5d
01c67
01c6b
01ceb
01db1
01dd5
01dd9
01ddd
01de1
01de5
01de9
01ded
01df1
01df5
00007
00076
0008a
0008e
000c3
0013a
0013e
00207
00689
007e2
007e6
008b0
008ff
00903
009c6
009e9
009ed
00a2e
00a32
00a36
00a3a
00a3e
00a42
00a46
00c28
00c32
00c36
00c3c
00c40
00c44
00c48
00c52
00c83
00c87
00dca
00ff0
016e6
016ea
01b1a
01b1e
01b22
01b26
01b2a
01b2e
01d14
01dd4
01df8
01dfc
01e00
01e04
01e08
01e0c
01e10
01e14
01e18
00037
000a6
000ba
000be
000f3
0013f
00143
00164
006ac
00735
00801
008d1
008d5
0091f
009de
009e2
00a05
00ac1
00ac5
00ac9
00acd
00ad1
00ad5
00ad9
00cbb
00cbf
00cc9
00ccf
00cd3
00cd7
00cdb
00ce5
00ce9
00d1a
00e19
00e1d
01085
0172b
01987
01b5d
01b61
01b65
01b69
01b6d
01d3d
01d41
01dfb
01e1f
01e23
01e27
01e2b
01e2f
01e33
01e37
01e3b
01e3f
0006b
000da
000ee
00121
00125
0016b
0018c
00190
006d3
00754
00822
00826
0093b
009f6
009fa
00a1c
00a5a
00a5e
00b56
00b5a
00b5e
00b62
00b66
00b6a
00b6e
00d0c
00d54
00d58
00d5e
00d62
00d66
00d6a
00d74
00e68
00e6c
010ce
01772
01980
01b9c
01ba0
01ba4
01ba8
01bac
01d62
01d66
01d8e
01e1e
01e42
01e46
01e4a
01e4e
01e52
01e56
01e5a
01e5e
000ce
000e1
000e8
000f2
0015a
00169
00175
001df
00257
0025e
0039f
00b55
00c83
00c8b
00ca5
00cc2
00ceb
00d0b
00d1d
00d21
00def
00e1f
00e46
00e6f
00eeb
00f09
00fea
00ff4
00ff8
01024
0103e
01042
011cc
011f4
01221
0123b
012ec
012f2
01313
01433
0149d
014ae
014c5
014c9
01625
0173f
01e61
01e65
01e69
01e6d
01e71
01e75
01e79
01e7d
01e81
01e85
01e89
000f8
00100
00115
0011b
0017e
0018c
00199
0019f
00276
0027e
00289
00a28
00a54
00a61
00a9a
00b61
00d19
00d24
00d39
00d5c
00d7d
00e41
00e9a
00eac
00ec1
00f4b
00f85
01034
01046
0104a
01078
01088
0108c
01214
0123f
01268
01283
01316
0133a
0135b
01477
014cb
014f6
0150d
01511
016bb
01b5c
01e8f
01e93
01e97
01e9b
01e9f
01ea3
01ea7
01eab
01eaf
01eb3
01eb7
0000a
0001d
00024
0002e
001a8
001b5
001c2
001c9
002a0
002a8
0030f
00a38
00a60
00a68
00a72
00a9e
00ae3
00af4
00af8
00c10
00db0
00dc8
00e91
00eec
00efc
00f11
0105e
0108e
01092
010b2
010d0
010d4
01188
01285
012a9
012ad
01318
0135e
01382
013a3
014e5
01531
01553
01557
01619
017c9
01eb9
01ebd
01ec1
01ec5
01ec9
01ecd
01ed1
01ed5
01ed9
01edd
01ee1
00037
0003e
00053
00059
00165
001d5
001e5
001f0
002c0
002c7
002d3
00abc
00aee
00afa
00b04
00b13
00b34
00b7d
00b8a
00bc3
00d2d
00e10
00edf
00f13
00f44
00f59
0101b
010c8
010da
010de
01108
01116
0111a
0114d
01151
011d0
012c9
0137c
013ce
013e0
013ed
0152d
01580
0159b
0159f
01651
01bd5
01ee7
01eeb
01eef
01ef3
01ef7
01efb
01eff
01f03
01f07
01f0b
01f0f
0006c
0007f
00086
00090
001f8
00205
00212
00219
002e8
002f0
00351
00b50
00b82
00b8e
00b98
00ba7
00bc8
00bf4
00bf8
00c57
00d9f
00da5
00dce
00e52
00e68
00f5e
00f86
00fa8
00fac
0107a
0111c
01120
01136
01167
01197
011ab
013a8
013ee
01426
01435
014eb
015a3
015d9
015e5
015e9
01793
01f11
01f15
01f19
01f1d
01f21
01f25
01f29
01f2d
01f31
01f35
01f39
00097
000a0
000b5
000bb
0012b
0013c
00147
0014e
0022c
00233
0023f
00a3b
00be4
00bf4
00bfc
00c2c
00c3b
00c5c
00c8a
00c92
00cef
00d9b
00df4
00e03
00e24
00eb1
00f7a
00fb0
00fb4
00fd0
00ffa
00ffe
010c4
011ad
011dc
011e0
01276
0140c
01458
0146a
0147b
015bd
0160a
01627
0162b
016e1
01c51
01f3e
01f42
01f46
01f4a
01f4e
01f52
01f56
01f5a
01f5e
01f62
01f66
001d2
001e1
001ec
001f3
0024c
0025a
00264
002c2
00332
0033a
00477
00b07
00c3d
00ca8
00d2e
00eea
00ef1
00f03
00f16
00f36
00f3b
00fc9
00ff3
0101c
0103d
010b5
01184
011ad
011b4
011d2
011f2
011fb
012b8
013a6
013ce
013d3
01468
014a0
014ae
014cc
01625
01653
01674
01678
0173f
0181d
01e64
01ee7
01f3e
01f6b
01f6f
01f73
01f77
01f7b
01f7f
01f83
01f87
001f5
001fd
0020d
00218
0026b
00278
00284
0028b
00352
00358
00364
00a2d
00b92
00cbd
00d27
00da0
00dac
00db6
00dd5
00f3d
00f4c
00f60
01015
01068
0107c
01096
0110f
011cc
011f3
01202
01220
0123a
01243
012f0
013ee
01416
0141b
01496
014e8
014f6
01514
01647
0169b
016bc
016c0
01787
01919
01e91
01f14
01f8b
01f8f
01f93
01f97
01f9b
01f9f
01fa3
01fa7
01fab
0012e
0013c
00148
0014f
00292
0029d
002a9
002b0
0037a
00382
003e7
00a6a
00aeb
00c2f
00d5f
00db0
00dba
00dc3
00dd7
00e02
00e07
00f92
0105d
0108f
010c2
010d1
01189
01234
01248
0124c
01278
01289
0128d
0140c
0143b
0145b
01479
014e4
01530
0153d
0155c
016c4
016ed
01706
0170a
018a1
01ebb
01ebf
01f42
01faf
01fb3
01fb7
01fbb
01fbf
01fc3
01fc7
01fcb
00155
0015b
00169
00176
00255
002bc
002c8
002d3
00399
003a1
003ac
00a51
00acd
00b55
00c94
00df0
00e08
00e10
00e1f
00e4b
00e55
00e6f
00fec
010a9
010f7
0110a
01124
0125c
01286
01292
012aa
012c4
012cd
012ec
012ff
01313
01474
01515
0155a
0158e
0159b
01651
0170c
01741
0174e
01752
018e3
01e6c
01eed
01fcf
01fd3
01fd7
01fdb
01fdf
01fe3
01fe7
01feb
01fef
00180
0018c
0019a
001a0
002da
002e6
002f1
002f8
003c0
003c7
0042a
00b15
00b93
00c05
00d51
00e52
00e5a
00e63
00e77
00e9a
00ea1
00f7f
00f86
00fa8
01026
0111c
0113c
0114e
01169
0116d
012be
012d2
012d6
01316
01345
0134a
013de
01574
015c6
015da
015ee
01725
01777
01794
01798
01843
01e96
01f17
01f1b
01ff3
01ff7
01ffb
01fff
02003
02007
0200b
0200f
001a5
001ad
001bc
001c8
00221
0022f
0023a
00241
00309
00311
0031c
00a6b
00b79
00bff
00c80
00e90
00ea2
00eb0
00ec3
00ee5
00ef3
00f0f
00f7b
00fce
00fdb
01003
01081
0115c
01170
01174
01196
011b8
011bc
01334
01363
0138f
013a3
015a5
015ea
01618
01627
016e1
0179c
017cb
017da
017de
01961
01ec4
01f45
01ff2
02016
0201a
0201e
02022
02026
0202a
0202e
02032
002b8
002c3
002cf
002d6
00329
00336
0033e
0039b
0040c
00412
0054f
00b7f
00c15
00e11
00f31
010b4
010b9
010cc
010e2
010f7
010fe
01182
011b1
011d4
011f9
0126d
01334
0135e
01367
01381
013a2
013ae
01468
01555
0157f
01584
01618
01650
0165d
0167d
017d7
01803
0181e
01822
018d7
019a9
01ec5
01ef1
01f6d
02035
02039
0203d
02041
02045
02049
0204d
02051
002d8
002e0
002eb
002f6
00348
00354
0035f
00366
0042b
00431
0043c
00b93
00c9c
00dad
00e61
00f80
00f8d
00f96
00fba
01100
0110e
0111e
011ce
01220
01232
0124e
012c1
0137c
013a6
013b4
013ce
013ea
013f6
014a2
0159d
015c6
015cb
01646
01698
016a5
016c5
017f7
01845
01860
01864
01919
01aa5
01f17
01f8d
01ff3
02057
0205b
0205f
02063
02067
0206b
0206f
02073
00224
0022f
0023b
00242
0036d
00377
00383
0038a
00452
0045a
004c0
00c80
00d3d
00dfd
00eb1
00f92
00f9a
00fa4
00fbb
00fda
00fe1
01153
01213
01247
01276
01289
0133b
013e4
013fa
013fe
01427
0143b
01440
015bc
015eb
0160c
01627
01694
016e0
016ed
0170d
01868
0188b
018a4
018a8
01a2d
01f14
01f45
01fb1
02075
02079
0207d
02081
02085
02089
0208d
02091
00245
0024d
0025a
00264
00330
00395
003a2
003ac
00471
00479
00483
00a2f
00c93
00e0c
00eeb
00fca
00fe2
00fea
00ff3
0101f
01029
0103d
011a6
0125e
012aa
012bc
012d8
0140c
01432
01444
01458
01478
01480
0149c
014b0
014c3
01624
016c6
0170b
0173e
0174d
01801
018aa
018d9
018e6
018ea
01a6f
01e6d
01f6f
01fd5
02097
0209b
0209f
020a3
020a7
020ab
020af
020b3
0026e
00278
00285
0028c
003b3
003be
003c8
003d0
00498
004a0
00501
00ac3
00d27
00e97
00f4b
01026
0102e
01038
0104f
01068
0106f
0113a
01142
01162
011e2
012c8
012ec
012fc
0131b
01320
0146e
01484
01488
014c5
014f5
014fa
0158e
01724
01776
0178a
0179f
018c3
01909
01926
0192a
019cf
01e6e
01e99
01ff5
020b5
020b9
020bd
020c1
020c5
020c9
020cd
020d1
0028f
00297
002a3
002ae
002ff
0030c
00317
0031e
003e1
003e9
003f4
00a6a
00b57
00db1
00ea6
0105e
01070
0107e
0108f
010ad
010bb
010d1
01138
01188
0119a
011bf
01237
0130c
01322
01326
01345
01363
0136e
014e4
01513
0153f
01553
01756
0179b
017c8
017d9
01885
0192e
01957
01966
0196a
01aed
01ebc
01fb3
02018
020d6
020da
020de
020e2
020e6
020ea
020ee
020f2
00392
0039c
003a8
003af
00402
0040f
00418
00473
004e2
004ea
00628
00a6c
00e4d
00fed
010f5
01267
0126f
01280
01298
012aa
012b2
01333
01365
01382
013a4
0141d
014e4
01512
0151b
01530
01552
01557
01618
01702
0172e
01733
017c8
01800
01807
01827
01963
0198f
019aa
019ae
01a63
01b31
01e9c
01ec2
01ec9
01ecd
02037
020f4
020f8
020fc
02100
02104
02108
003b1
003b9
003c4
003ce
00420
0042d
00437
0043e
00502
00509
00514
00aec
00e5c
00f8e
01037
0113c
01149
01155
01169
012b3
012c0
012d2
0137e
013ce
013e0
013f5
01471
0152c
0155a
01564
0157f
0159a
0159f
01650
0174a
01776
0177b
017f6
01842
01849
01869
01983
019d1
019ec
019f0
01aa5
01c25
01eec
01ef3
01ef7
01ff5
02059
0210e
02112
02116
0211a
0211e
02122
00303
0030c
00318
0031f
00446
0044f
0045b
00462
0052c
00532
00597
00b94
00ee7
00fd7
01081
0114f
01158
01160
01178
01196
0119e
01302
013c3
013fa
01426
01436
014eb
01594
015aa
015ae
015d8
015e5
015e9
0176c
0179b
017bc
017d9
0183e
01884
0188b
018ab
019f4
01a17
01a30
01a34
01bb1
01efa
01f1c
01f21
01f25
02077
02124
02128
0212c
02130
02134
02138
00322
0032a
00336
0033e
00408
0046d
0047a
00482
0054a
00551
0055c
00bec
00ef6
00fe6
010b5
01184
0119b
011a4
011b1
011d7
011de
011f7
01356
0140e
01458
0146a
0147f
015bc
015ea
015f4
01609
01626
0162b
0164c
0165f
01675
017d4
0186a
018a9
018d6
018e5
0198d
01a36
01a65
01a72
01a76
01bf1
01f40
01f4a
01f4e
01f6c
02099
0213e
02142
02146
0214a
0214e
02152
0034a
00354
00360
00367
0048b
00496
004a1
004a8
00570
00578
005d9
00c95
00f40
01065
0110f
011dd
011e7
011f0
01208
01220
01228
012eb
012f1
01312
01392
01474
0149c
014ad
014c5
014c9
0161e
01634
01638
01672
016a4
016a9
0173e
018c2
01908
0191c
01931
01a4f
01a96
01ab2
01ab6
01b55
01e66
01e6f
01e73
01f51
0205a
02154
02158
0215c
02160
02164
02168
0036b
00373
0037e
00388
003d8
003e4
003ef
003f6
004ba
004c2
004cc
00d16
00dbc
00f93
01074
01214
01225
01234
01247
01262
01269
01283
012e8
01338
01346
0136b
013e7
014bc
014d2
014d6
014f5
0150d
01511
01694
016c3
016ef
01705
018ee
0192d
01954
01965
01a11
01aba
01ae3
01af2
01af6
01c6d
01e92
01e9c
01ea0
01fb0
020d8
0216e
02172
02176
0217a
0217e
02182
0046b
00474
00480
00486
004da
004e6
004f0
0054c
005ba
005c2
00700
00dbd
01021
011a7
012a6
01418
0141f
01430
01449
01458
01461
014e3
01519
01534
01554
015cd
01694
016c3
016cb
016e2
01702
01708
017c8
018a0
018c6
018cb
01954
0198c
01993
019b3
01aef
01b17
01b32
01b36
01be5
01c9b
01ebe
01fb0
01fb7
01fbb
020f5
02184
02188
0218c
02190
02194
02198
00488
00490
0049c
004a6
004f7
00504
0050f
00516
005da
005e0
005ec
00dfe
01030
0114a
011ef
012ec
012f8
01304
0131d
01462
01470
01485
0152e
0157f
01592
015a9
01621
016dc
0170b
01714
0172e
0174a
01750
01800
018e2
01908
0190d
01982
019ce
019d5
019f5
01b0d
01b57
01b72
01b76
01c25
01d3d
01fb5
01fd7
01fdb
020b9
0210f
0219e
021a2
021a6
021aa
021ae
021b2
003da
003e4
003f0
003f7
0051d
00528
00533
0053a
00602
0060a
00670
00e5d
010af
01193
01237
012fe
01307
01310
01329
01345
0134e
014b3
01573
015aa
015d6
015e4
01699
01744
0175a
0175e
01788
01796
0179a
01904
0192d
01947
01965
019ca
01a10
01a17
01a37
01b7a
01b9d
01bb4
01bb8
01cef
01f18
01ff5
01ffb
01fff
02125
021b4
021b8
021bc
021c0
021c4
021c8
003fa
00403
0040f
00418
004e0
00545
00552
0055c
00622
0062a
00634
00e98
010be
011a2
0126d
01334
0134b
01354
01365
01388
0138f
013ac
01506
015be
01609
0161c
01633
0176c
0179b
017a4
017b9
017d4
017dc
017fc
01809
0181f
01960
019f6
01a35
01a62
01a71
01b15
01bba
01be7
01bf4
01bf8
01d19
01ff9
0201a
0201e
02038
0213f
021ce
021d2
021d6
021da
021de
021e2
00422
0042d
00438
0043f
00563
0056e
00579
00580
00648
00650
006b2
00ef7
01103
0121c
012c1
0138e
01397
013a0
013b9
013ce
013d7
0149b
014a2
014c2
01542
01624
0164c
0165c
01676
0167a
017ce
017e4
017e8
0181c
01848
0184d
018d6
01a4e
01a95
01aa8
01abd
01bd1
01c17
01c32
01c36
01cbf
01e66
01f71
01f75
02021
02110
021e4
021e8
021ec
021f0
021f4
021f8
00442
0044a
00456
00460
004af
004bd
004c7
004ce
00591
00599
005a4
00f32
00f9c
01154
0122c
013c4
013d4
013e4
013fa
01411
0141a
0143a
01498
014e8
014f6
0151f
01597
0166c
01682
01686
016a4
016be
016c2
0183e
01867
0188d
018a3
01a7a
01ab9
01ae0
01af1
01b95
01c3a
01c63
01c72
01c76
01d69
01f71
01f94
01f98
02078
0216f
021fe
02202
02206
0220a
0220e
02212
00543
0054d
00558
0055f
005b1
005be
005c8
00624
00692
0069a
007d7
00c51
00f9d
011d9
01357
01455
015c8
015cf
015e0
015f9
01609
01612
01693
016c9
016e4
01706
0177d
0183e
01867
0186f
01886
018a0
018a6
01954
01a2c
01a52
01a57
01ae0
01b14
01b1d
01b3b
01c6f
01c97
01c9e
01ca2
01d6b
01fb0
02078
0207e
02082
02185
02214
02218
0221c
02220
02224
02228
00561
00569
00574
0057e
005d0
005dc
005e7
005ee
006b3
006b9
006c4
00cd3
00fd8
011e9
012f9
0139f
0149c
014aa
014b5
014d1
01613
01620
01635
016de
0172e
01742
01759
017d1
01880
018a9
018b2
018c6
018e2
018e8
0198c
01a6e
01a95
01a9a
01b0c
01b54
01b5e
01b7b
01c8d
01cc1
01cc8
01ccc
01db5
0207c
0209c
020a0
02157
0219f
0222e
02232
02236
0223a
0223e
02242
004b3
004bd
004c8
004cf
005f6
005ff
0060b
00612
006dc
006e2
00747
00d73
01031
01264
01342
013e7
014b0
014b8
014c0
014d9
014f5
014fe
01662
01723
0175a
01786
01796
01843
018dc
018f2
018f6
0191a
01928
0192c
01a90
01ab9
01ad4
01af1
01b50
01b94
01b9d
01bbb
01cce
01cf0
01cf4
01d63
01ff5
020b9
020be
020c2
021b5
02244
02248
0224c
02250
02254
02258
004d2
004db
004e6
004f0
005b8
0061d
0062b
00634
006fa
00702
0070c
00a83
01066
01273
01352
0141d
014e4
014fb
01504
01519
01538
0153f
01560
016b6
0176e
017b9
017cc
017e3
01904
0192d
01936
01944
01960
01968
01988
01995
019ab
01aec
01b7c
01bb9
01be4
01bf3
01c95
01cf8
01d1a
01d1e
01dfd
020bc
020db
020df
020f6
021cf
0225e
02262
02266
0226a
0226e
02272
004fa
00504
00510
00517
0063b
00646
00651
00658
00720
00728
0078a
00b29
010bf
012b6
013cb
01471
0153e
01547
01550
01569
0157f
01588
0164b
01652
01674
016f2
017d6
017fc
01806
01820
01824
0195a
01970
01974
019a8
019d4
019d9
01a62
01bd0
01c16
01c28
01c3d
01d0f
01d3f
01d46
01d4a
01f6c
0203c
02040
020e2
021a0
02274
02278
0227c
02280
02284
02288
0051b
00523
0052f
00538
00588
00594
0059f
005a6
0066a
00672
0067c
00bab
010f6
0115a
01303
013db
01574
01585
01594
015aa
015c2
015ca
015ef
01648
01698
016a5
016cf
01747
01816
0182c
01830
01848
01862
01866
019ca
019f3
01a19
01a2f
01bfc
01c39
01c60
01c71
01ce9
01d4c
01d6c
01d70
01e41
0203c
0205d
02061
02126
021ff
0228e
02292
02296
0229a
0229e
022a2
0061b
00625
00630
00637
00689
00696
006a0
006fc
0076a
00772
008af
00aa2
00c21
00c51
0115b
0138a
01507
01606
01778
0177f
01790
017a9
017b9
017c2
0183d
0186d
01888
018a4
0190f
019ca
019f3
019fb
01a12
01a2c
01a32
01ae0
01bb0
01bd6
01bdb
01c60
01c94
01c9d
01d4e
01d8d
01d94
01d98
02078
02126
0212c
02130
02215
022a4
022a8
022ac
022b0
022b4
022b8
00639
00641
0064c
00656
006a8
006b5
006bf
006c6
0078b
00791
0079c
00b2b
00cac
00cd3
01194
01399
014ab
0154f
0164c
01659
01664
01681
017c3
017d0
017e5
01882
018c6
018da
018f1
0195d
01a0c
01a35
01a3e
01a52
01a6e
01a74
01b14
01bf0
01c16
01c1b
01c8c
01cbe
01cc7
01d74
01d9a
01db8
01dbc
0212a
02142
02146
021e7
0222f
022be
022c2
022c6
022ca
022ce
022d2
0058a
00594
005a0
005a7
006cd
006d8
006e3
006ea
007b2
007ba
00823
00bca
00d49
00d73
011ea
01413
014f3
01597
0165e
01667
01670
01689
016a4
016ad
0180c
018c1
018f2
01918
01928
019cf
01a68
01a7e
01a82
01aa6
01ab4
01ab8
01c10
01c39
01c55
01c71
01cba
01ce8
01cf1
01db1
01dda
01dde
020b9
02157
0215c
02160
02245
022d4
022d8
022dc
022e0
022e4
022e8
005aa
005b2
005be
005c8
00690
006f5
00703
0070c
007d1
007d9
007e4
00a3f
00a83
00c53
0121d
01423
01502
015cd
01694
016aa
016b4
016c9
016e7
016ef
01710
0185a
01906
01944
01958
0196f
01a90
01ab9
01ac2
01ad1
01aec
01af4
01b10
01b1f
01b33
01c6c
01cd0
01cf7
01d16
01d23
01de2
01e00
01e04
0215a
02172
02176
02186
0225f
022ee
022f2
022f6
022fa
022fe
02302
005d2
005dc
005e8
005ef
00713
0071e
00729
00730
007f8
00800
00863
00add
00b29
00cf2
01274
01465
0157c
01621
016ee
016f7
01700
01719
0172e
01737
017fb
01802
0181e
01890
01962
01988
01992
019ac
019b0
01ae6
01afc
01b00
01b30
01b5d
01b62
01be4
01d0e
01d3c
01d45
01df9
01e22
01e26
02038
020fa
020fe
02179
02230
02304
02308
0230c
02310
02314
02318
005f2
005fa
00606
00610
0065f
0066d
00677
0067e
00741
00749
00754
00b67
00bab
00d75
012a7
01309
014b4
0158c
01724
01734
01744
0175a
01771
0177a
017a0
017f8
01842
01849
01873
018df
019a2
019b8
019bc
019d4
019ee
019f2
01b50
01b79
01b9f
01bb3
01d24
01d4b
01d66
01d75
01e2a
01e46
01e4a
020fa
02113
02117
021b6
0228f
0231e
02322
02326
0232a
0232e
02332
006f2
006fd
00708
0070f
00761
0076e
00778
007d3
00840
00848
00957
00a4b
00a77
00a84
00a94
00aa1
00aa6
00c17
00d81
00ead
0130a
0153a
016b7
017b6
0190a
01911
01922
0193b
0194c
0196f
019f3
01a12
01a2e
01a9b
01b50
01b79
01b81
01b96
01bb0
01bb6
01c60
01cee
01d1a
01d63
01d93
01e2c
020d8
021a3
021bb
021bf
02261
022ed
02337
0233b
0233f
02343
02347
00710
00718
00724
0072e
0077f
0078d
00797
0079e
0085d
00868
00870
00a24
00adf
00b0b
00b18
00b28
00b35
00b3a
00cac
00e29
01343
01549
0165a
016ff
017fc
01809
0182a
0194a
0195a
01970
01a0c
01a42
01a64
01a79
01ae8
01b90
01bb9
01bc2
01bd6
01bf0
01bf6
01c94
01d18
01d44
01d89
01db7
01e4c
02140
021d0
021d5
02276
022be
0234c
02350
02354
02358
0235c
02360
00662
0066d
00678
0067f
007a5
007af
007bb
007c2
00886
0088e
008e3
00b3d
00b95
00ba5
00bae
00bc0
00bcc
00bd0
00d49
00f47
0139a
015c4
016a1
01747
01808
01811
0181a
01833
01850
01873
019a5
01a77
01a96
01ab2
01b54
01bea
01c00
01c04
01c26
01c34
01c38
01d38
01d4b
01d76
01db1
01ddb
02058
021d9
021eb
021ef
02291
0231d
02365
02369
0236d
02371
02375
00682
0068a
00696
006a0
00768
007cd
007da
007e4
008a4
008ae
008b6
00a3f
00b52
00c01
00c33
00c40
00c50
00c5d
00c62
00da7
013cc
015d3
016b1
0177d
0183e
0184e
01858
0186d
0188c
018a2
019db
01a90
01ac6
01ae2
01af9
01c10
01c39
01c42
01c52
01c6c
01c74
01c90
01ca8
01d69
01dc1
01de2
01e07
02170
02200
02205
02215
022ee
0237a
0237e
02382
02386
0238a
0238e
006aa
006b5
006c0
006c7
007eb
007f6
00801
00808
008cb
008d3
0091d
00add
00c65
00cb7
00ccd
00cd6
00ce8
00cf4
00cf8
00f19
01424
01616
0172b
017d1
0188c
01895
0189e
018b7
018ce
018f1
0198c
01993
019b7
01a29
01b10
01b1c
01b34
01b38
01c66
01c7c
01c80
01c9a
01cc6
01d13
01df9
01e23
02099
02187
0218d
02202
02231
02308
02393
02397
0239b
0239f
023a3
006ca
006d2
006df
006e8
00737
00744
0074f
00756
00818
00822
0082a
00b67
00c7a
00d2a
00d55
00d62
00d72
00d7f
00d85
00e47
01456
014ba
01663
0173b
018c2
018cc
018dc
018f2
0190a
01926
01982
019be
019d4
019f5
01a6a
01b2a
01b40
01b44
01b5d
01b74
01b78
01cba
01ccd
01cfc
01e09
01e2a
01e4d
0210f
0219f
021a6
02245
0231e
023a8
023ac
023b0
023b4
023b8
023bc
007ca
007d4
007e0
007e7
00837
0083f
0084d
008ab
00906
0090e
009f1
00a33
00a41
00a4a
00a76
00aa3
00cdf
00d61
00d81
00da8
00dce
00ddb
00eaa
00fab
014aa
016ae
0184e
01910
01a92
01a9d
01aac
01ac1
01ad5
01afa
01b79
01b96
01bb2
01c1c
01cba
01cd3
01cd7
01cee
01cf4
01d62
01dd8
01dfe
01f15
021b7
02247
0224d
022ee
02336
023c0
023c4
023c8
023cc
023d0
007e9
007f0
007fc
00806
00854
0085e
00868
00872
0091e
00929
00930
00a24
00a95
00ac7
00ad5
00ade
00b0a
00b37
00d6d
00d9c
00df8
00e21
00e2b
00efa
010c4
014fe
01728
0189c
01987
01994
019aa
01ad6
01add
01aee
01b90
01bc6
01be6
01bfb
01c68
01ce4
01cfe
01d02
01d18
01d1e
01df8
01e05
01e2e
020f6
02251
02263
02267
02309
023d4
023d8
023dc
023e0
023e4
023e8
0073a
00744
00750
00757
00878
00882
0088d
00895
0093f
00947
0098d
00aac
00b17
00b3d
00b66
00b6b
00b8a
00ba5
00bd2
00e2f
00e51
00e78
00e7d
0103f
01539
01738
01810
018de
01984
0199c
019a4
019b9
019d7
019f8
01b2c
01bf9
01c17
01c32
01cbe
01d21
01d2a
01d3e
01d46
01d4a
01e20
01e44
01e78
021e8
02278
0227d
0231e
02364
023ec
023f0
023f4
023f8
023fc
0075a
00762
0076e
00778
00843
0089f
008a9
008b6
00958
00962
0096a
00b23
00b52
00bbd
00c01
00c16
00c1b
00c32
00c5f
00da7
00e7f
00eae
00ec8
00ecd
01089
01588
017b3
0190e
019c9
019d8
019e0
019f3
01a16
01a1f
01b63
01c10
01c46
01c62
01c79
01d38
01d52
01d56
01d68
01d70
01d8c
01d9e
01e43
02126
02281
02293
02297
022a9
02400
02404
02408
0240c
02410
02414
00782
0078d
00798
0079f
008bd
008c7
008d2
008da
00979
00980
009bf
00bd4
00c3f
00c65
00c9f
00cae
00cb6
00ccd
00cfc
00e92
00eed
00f0e
00f1b
00fce
015c3
01658
01894
0195c
01a0e
01a20
01a28
01a3d
01a55
01a7c
01b14
01b1d
01b3f
01bad
01c90
01c9a
01ca0
01d12
01d78
01d7c
01d90
01db6
01ed0
02187
0221b
0221f
022bd
02392
02418
0241c
02420
02424
02428
007a2
007aa
007b6
007c0
0080d
00819
00824
0082c
008e4
008ee
008f6
00c4b
00c7a
00ce5
00d2a
00d3e
00d43
00d54
00d82
00e47
00f1f
00f48
00f62
00f68
01117
01612
0169e
01818
01a4d
01a56
01a5e
01a77
01a95
01aa1
01b0c
01b46
01b5d
01b7b
01bec
01ca3
01cac
01cc0
01cc8
01ccc
01db0
01dbd
01de6
02157
02221
02234
02238
022d9
0242c
02430
02434
02438
0243c
02440
000ed
0089c
008a6
008b0
008b9
00903
0090d
00915
009a7
009b1
009b9
00b1d
00b52
00bc9
00bf0
00bf7
00c35
00c5f
00d49
00d73
00da5
00dc7
00dda
00f21
00f82
00f91
00fab
00faf
0111c
0122e
01664
019da
01a9e
01c18
01c1f
01c2e
01c47
01c55
01c7b
01cd3
01cec
01cfd
01dc0
01dc6
01dda
01ddf
01f15
01f28
01f2c
021ff
022c3
022db
022df
023bf
02444
02448
0244c
00106
008ba
008c2
008cb
008d8
00919
00924
00930
00981
009c4
009cc
00a3f
00a83
00ac9
00bb9
00c53
00c65
00c8a
00c97
00cee
00d9c
00df5
00e16
00e2a
00f6b
00fbe
00fdb
00ffd
01001
011ae
0169f
01894
01a28
01b10
01b1e
01b3e
01c58
01c66
01c7c
01ce6
01d12
01d1c
01dd6
01de9
01ded
01e01
01e0b
01f45
01f55
01f59
02260
022f0
022f5
02392
02450
02454
02458
0245c
00029
00810
0081a
00824
0082d
00936
00941
0094d
009d9
009e3
009eb
00add
00b29
00c45
00c7a
00cf1
00d1a
00d21
00d57
00d82
00de1
00e2f
00e50
00e70
00fcc
01019
0103c
01041
01106
012b8
016f4
0199c
01a6a
01b1e
01b26
01b2e
01b47
01b61
01b85
01d28
01d40
01d51
01e08
01e0f
01e22
01e27
01e65
01e78
01e7d
0219e
022f9
0230b
0230f
023eb
02460
02464
02468
00044
00831
00838
0083f
0084d
00910
0095a
00963
0096c
009f6
009ff
00a2a
00a60
00a6e
00a9a
00b67
00bab
00c0d
00ce1
00d7f
00e1b
00e42
00e9b
00eb7
00eca
01016
01069
01086
0108b
01140
01729
01910
01a9b
01b50
01b63
01b6a
01b7f
01b9c
01bb2
01d3a
01d62
01d6e
01e1e
01e31
01e35
01e47
01e4f
01e97
01ea7
01eab
02290
02320
02325
02335
0246c
02470
02474
02478
0008b
00856
0085e
00868
00873
0096f
0097b
00986
00a0a
00a14
00a1c
00a97
00aa9
00af4
00b02
00b2e
00c17
00c3f
00ca1
00d6f
00e81
00ecf
00efb
00f10
00fcf
0109c
010c3
010d3
010d7
01285
01781
01a20
01ae8
01b9e
01ba6
01bae
01bc7
01bd9
01bff
01c96
01ca5
01d7e
01d92
01d97
01e4b
01e53
01ebd
01ed0
01ed5
021cf
022a7
022ad
02322
023d6
0247c
02480
02484
000a6
00875
0087d
00885
00893
008df
008eb
008f6
00949
00992
0099a
00a89
00abe
00b35
00b84
00b8b
00ba1
00bcb
00cb5
00ce5
00ebb
00ee2
00f37
00f51
00f65
010aa
010f8
01114
01119
011d0
017b4
01810
019a4
01bd0
01bdc
01bea
01c00
01c16
01c32
01c8e
01cbe
01cc8
01d8a
01da1
01da5
01db9
01dc9
01eef
01eff
01f03
0222f
022bf
022c6
02363
02488
0248c
02490
02494
00046
00050
0005a
00061
001e7
0095a
00963
0096d
009ae
009b9
00a00
00ace
00b0b
00b19
00b22
00b32
00b42
00b73
00b8a
00bac
00bbe
00bc9
00bcf
00c0a
00d48
00e40
00e79
00ea0
00ebe
00f47
00f86
00fa7
00fbd
01129
01143
01164
0116c
0122f
0131c
01814
01b64
01c22
01d52
01d76
01dbd
01ddc
01ef0
01f19
02001
02005
022d6
02364
0236a
02402
02496
0249a
0249e
00073
0007a
00087
0008f
00201
00970
0097c
00986
009c2
009ca
009d4
00a3f
00b50
00b99
00ba6
00bb3
00bba
00bd3
00bd8
00c23
00c3c
00c46
00c56
00c61
00c85
00da4
00e90
00ec9
00ef0
00f0e
00f7c
00fd0
00ff0
01007
01137
0118b
011ac
011bb
01277
01429
01a23
01bad
01c92
01d6a
01dd4
01dee
01e0b
01f30
01f6a
02024
02028
02367
0237f
02383
02451
024a4
024a8
024ac
000a8
000b2
000bc
000c3
00142
008e6
008ef
008f9
009db
009e3
009ed
00add
00c12
00c33
00c42
00c4a
00c5a
00c6a
00c96
00cbc
00cd4
00ce6
00cf1
00cf7
00d32
00eb8
00f12
00f36
00f42
00f65
00fcc
0101a
0103a
01051
011b0
011e1
011fa
011fe
013ab
01898
01b28
01bed
01caa
01cd2
01e05
01e24
01e67
01f5b
01f7a
01f7e
02307
02393
02398
0242e
024ae
024b2
024b6
000d5
000dc
000e9
000f1
0015f
008fd
00909
00913
009b5
009f8
00a04
00a35
00b67
00c78
00cc1
00cce
00cdb
00ce2
00cfa
00d00
00d20
00d5e
00d68
00d78
00d84
00da0
00db6
00dce
00e47
00f62
01009
01052
0107a
01088
01141
011f5
01231
01242
01246
013f4
01aa2
01c1d
01cbc
01cdb
01e1c
01e36
01e4f
01e81
01f8c
01f9e
01fbd
02395
023ad
023b1
02444
024bc
024c0
024c4
00108
00111
0011c
00123
00194
00920
0092a
00933
00a0c
00a15
00a1e
00a4a
00a52
00a82
00a94
00a9c
00aa6
00ac9
00c17
00d39
00d58
00d66
00d6e
00d7d
00d8d
00dd2
00e02
00e0e
00e2a
00f53
01060
010b3
010ce
010e5
01215
0126b
01284
0128c
0133b
01916
01ba8
01c69
01cfe
01d26
01d92
01e42
01ea3
01ebf
01fbe
01fc2
022a6
0233a
0233e
023d5
024c6
024ca
024ce
00011
00018
00025
0002d
001b1
00937
00941
0094d
00990
00999
009a2
00a22
00a71
00a7e
00a8b
00a92
00aab
00ab0
00ae4
00b14
00b20
00b2e
00b39
00b5a
00cab
00dc8
00e1e
00e50
00e5e
00e7a
0109d
010e6
01108
01116
011d1
01288
012bb
012cc
012d0
0147e
0199f
01b2d
01d10
01d2f
01d88
01da6
01dc9
01ed8
01fd0
01fe2
02007
02339
02352
02356
02460
024d4
024d8
024dc
00039
0004f
00057
0005f
000f5
00164
0016c
00179
009f4
009ff
00a07
00abc
00acc
00ad8
00b31
00b56
00b68
00b72
00b8a
00bcc
00cc0
00ce0
00df1
00e1a
00e26
00e34
00e50
00e70
00e7d
01014
01050
0106e
01086
01107
01142
01162
01291
012ec
012fc
01314
01320
01474
0158e
01b67
01e29
01e44
01e6b
01e91
01f06
020c4
020c8
02364
023ef
023f3
024bb
024e1
024e5
00066
00070
00085
0008a
0010c
00189
00191
0019c
002ec
00a10
00a1c
00af2
00b5b
00b68
00ba6
00bd9
00c06
00c18
00c22
00c56
00d24
00d66
00da4
00e41
00e6a
00e76
00e84
00eab
00ec0
00ecd
0105e
0109a
010b8
010d0
01137
0118a
011aa
012d3
01316
01345
0135c
0136e
0150d
019dc
01d8c
01d9f
01e57
01e9a
01f27
02018
020e5
020e9
023f5
02407
0247c
024ea
024ee
024f2
0002f
0009d
000b1
000b9
000c1
001b6
001bf
001cb
00990
00999
009a3
00a73
00a91
00be4
00c10
00c1d
00c59
00c96
00caa
00cb1
00cba
00cf4
00e8f
00eb4
00ec2
00ed2
00eec
00f0e
00f1b
00fce
010d3
010f7
01105
0112a
01185
011d2
011f6
01334
01381
013a2
013ae
01468
01618
01bdf
01d99
01db6
01ec3
01eed
01f5d
02045
02049
02393
0241b
0241f
024d3
024f7
024fb
00048
000cb
000d3
000e7
000ec
001dc
001e5
001ee
0025b
009af
009b9
00afe
00b1d
00bf2
00c9f
00cae
00cce
00d01
00d2a
00d3c
00d44
00d78
00e44
00ee1
00f0a
00f15
00f24
00f45
00f5a
00f68
00f90
00f9e
00fbd
0111c
011c1
011f5
01230
01242
0137c
013ce
013ea
013f6
014a2
01a5a
01db0
01dc4
01de7
01e82
01ef2
01f90
02067
02084
02421
02433
02443
02500
02504
02508
00091
000fd
0010f
00119
00121
00206
0020e
0021b
009c2
009ca
009d5
00a2c
00a3e
00a48
00a4f
00a9c
00b92
00bb1
00c87
00d3a
00d46
00d7c
00da1
00db3
00dd8
00dde
00f4e
00f5c
00f6c
00f7a
00fbc
00fe0
00ffa
0107b
01215
0126b
01282
01338
013ee
01427
01436
01440
015e5
01c5b
01de1
01dfe
01ea3
01f15
01f45
02085
02089
02336
023c5
02430
024a3
0250d
02511
00004
0000e
00023
00028
000ac
00137
0013f
0014a
002a4
009df
009eb
00a22
00a38
00a45
00a9d
00ac2
00ad4
00ade
00af6
00b38
00c2c
00c4c
00d99
00dc4
00dd2
00de2
00df5
00e21
00e2b
00efa
00ff2
01024
01032
01051
01251
01288
012ba
012cc
0140c
01458
01478
01480
01532
01ada
01df8
01e0d
01e2f
01ed8
01f42
01fd5
020a7
020ca
023c9
023dc
0245f
02516
0251a
0251e
00a9c
00aa6
00d7b
00d81
00d90
00ddb
00eaa
00eae
00f54
00f6a
00f70
01049
01089
0109e
01aac
01b50
01b79
01b81
01b88
01cd5
01e2b
01e38
01ea6
01eb0
01fbe
02085
0217a
0233c
023c3
023cb
02472
024cb
0250d
02521
02525
02529
0252d
02531
02535
02539
0253d
02541
02545
02549
0254d
02551
02555
02559
0255d
02561
02565
02569
0256d
02571
02575
02579
0257d
02581
02585
02589
00a9d
00aa9
00ab4
00b30
00b3a
00dc8
00dcc
00de2
00e28
00e36
00efc
01091
010a0
010d5
01ae6
01aea
01b92
01bc0
01bc6
01cfa
01d06
01e52
01ec8
01ed4
01ede
01fe7
020ab
02352
02359
023dc
0247e
024d5
02516
0251a
02523
0258e
02592
02596
0259a
0259e
025a2
025a6
025aa
025ae
025b2
025b6
025ba
025be
025c2
025c6
025ca
025ce
025d2
025d6
025da
025de
025e2
025e6
025ea
025ee
025f2
00b33
00b42
00bc2
00bcc
00bda
00e1a
00e30
00e38
00e7b
00f44
00f48
010dd
01117
0112c
019a4
01bd0
01bf9
01c02
01c08
01d2a
01d9c
01da8
01efe
01f08
02001
020c4
0211a
0236a
023ef
023f7
0248e
0249b
024e1
0258e
02592
025f7
025fb
025ff
02603
02607
0260b
0260f
02613
02617
0261b
0261f
02623
02627
0262b
0262f
02633
02637
0263b
0263f
02643
02647
0264b
0264f
02653
02657
00bc5
00bd1
00bdc
00c58
00c62
00da4
00da8
00e6a
00e80
00e88
00ecb
00fab
00fc0
01121
019e4
019e8
01c12
01c40
01c46
01d4d
01d5a
01dc5
01f20
01f2b
01f36
0202a
020ea
0237f
02387
02407
02446
024a5
024ea
024ee
025f7
0265c
02660
02664
02668
0266c
02670
02674
02678
0267c
02680
02684
02688
0268c
02690
02694
02698
0269c
026a0
026a4
026a8
026ac
026b0
026b4
026b8
026bc
026c0
00c5b
00c6a
00cee
00cf4
00d02
00df6
00eb8
00ebc
00ed2
00f18
00f26
00fb5
00ffd
0100a
01a28
01b10
01c6e
01c7e
01c84
01d7a
01de4
01df0
01f55
01f5f
01f7a
02045
0214a
02398
0241b
02423
02456
024b3
024f7
0265c
02660
026c5
026c9
026cd
026d1
026d5
026d9
026dd
026e1
026e5
026e9
026ed
026f1
026f5
026f9
026fd
02701
02705
02709
0270d
02711
02715
02719
0271d
02721
02725
00cea
00cf9
00d04
00d7a
00d85
00e44
00e48
00f0a
00f20
00f28
00f66
00ff5
0100c
01041
01a68
01a6c
01b0e
01b40
01b46
01ca6
01cb2
01e0e
01e70
01e7c
01e86
01fa3
0206b
023ad
023b5
02433
02462
024bd
02500
02504
02529
026c3
026c7
0272c
02730
02734
02738
0273c
02740
02744
02748
0274c
02750
02754
02758
0275c
02760
02764
02768
0276c
02770
02774
02778
0277c
02780
02784
02788
00b9a
00cfa
00d06
00dd0
00ddd
00f5c
00f61
00f74
00fad
01078
0107c
01121
01201
0120a
01243
01c2a
01c2e
01cbc
01cd3
01cda
01dc0
01dcc
01f29
01f34
01f95
01f9f
01fa7
0208b
0220a
023c5
02446
024bd
0250d
0252d
02531
02535
02539
0253d
02663
02667
0266b
0272a
0278d
02791
02795
02799
0279d
027a1
027a5
027a9
027ad
027b1
027b5
027b9
027bd
027c1
027c5
027c9
027cd
027d1
00c2c
00c30
00d8d
00dd2
00dd7
00dec
00e23
00e2d
00fb3
00fc2
00fff
010c2
010c6
0124b
01285
0129a
01c68
01ce4
01cf7
01d02
01d08
01dea
01f4b
01f57
01f61
01fbe
01fc7
020a5
0214a
023da
023e1
02456
02516
0251a
02594
02598
0259c
025a0
025a4
026ca
026ce
026d2
0278b
0278f
027d8
027dc
027e0
027e4
027e8
027ec
027f0
027f4
027f8
027fc
02800
02804
02808
0280c
02810
02814
02818
00aaf
00cc0
00cc4
00e20
00e34
00e6e
00e75
00e8a
00ff7
0103f
01056
01108
01291
0129c
012cd
01b2a
01b2e
01d10
01d28
01d2e
01e08
01e14
01e7a
01e84
01fd8
01fe3
01feb
020cb
021aa
023f1
02462
024d5
024e1
025a7
025fd
02601
02605
02609
0272b
0272f
02733
02737
027d8
0281b
0281f
02823
02827
0282b
0282f
02833
02837
0283b
0283f
02843
02847
0284b
0284f
02853
02857
0285b
00b3f
00b4a
00d50
00e72
00e77
00e8c
00ec0
00ecd
00f84
00f88
01049
01089
0109e
0116b
012d3
012de
01b6c
01d38
01d4b
01d56
01d5c
01e32
01e9d
01ea8
01eb2
02001
0200b
020e4
0217a
02405
0240d
02472
024ea
024ee
02544
02548
0254c
0266e
02672
02676
0267a
0267e
0281b
0281f
02862
02866
0286a
0286e
02872
02876
0287a
0287e
02882
02886
0288a
0288e
02892
02896
0289a
0289e
028a2
00a72
00bd3
00bde
00ec4
00ed4
00f0e
00f17
00f2a
00fd0
01091
010a0
010d5
01171
0117c
011ba
01baa
01bae
01c92
01d78
01d7e
01e4b
01e58
01ed2
01edc
0201b
02026
0202e
0204b
021da
0241d
0247e
024a5
024f7
025a9
025ad
025b1
02681
026d7
026db
026df
026e3
026e7
02862
028a5
028a9
028ad
028b1
028b5
028b9
028bd
028c1
028c5
028c9
028cd
028d1
028d5
028d9
028dd
028e1
028e5
00b04
00b08
00c6b
00f12
00f16
00f2c
00f5a
00f68
01018
0101c
010dd
01117
0112c
011b5
011f2
0120c
01bec
01c8c
01ca3
01cae
01cb4
01da2
01ef4
01f00
01f0a
01f7a
01f83
02065
0211a
02431
02439
0248e
02500
02504
02612
02616
0261a
02738
0273c
02740
02744
02748
02791
02795
028a7
028ea
028ee
028f2
028f6
028fa
028fe
02902
02906
0290a
0290e
02912
02916
0291a
0291e
02922
02926
00b24
00b3f
00b4a
00e62
00f20
00f28
00faa
00fba
0111c
01123
01130
0116b
0122e
01232
012d5
013a8
013ba
013f6
01db0
01dbd
01dc7
01dce
01f29
01f34
01ffa
02004
0200d
02065
0206d
02132
0229a
02448
02500
0260e
02664
02668
0266c
02685
02738
02798
02865
02869
0286d
02929
0292d
02931
02935
02939
0293d
02941
02945
02949
0294d
02951
02955
02959
0295d
02961
02965
02969
00bb6
00bba
00bd7
00eb0
00eb4
00f6c
00fb0
00fb7
00fc6
00ffc
01004
01171
0117c
011ba
01276
0127a
013fc
0143b
0144a
01dd6
01de8
01dee
01f4b
01f57
01f61
02023
0202c
0207d
02088
0208f
021da
02454
024a5
02510
02682
026cb
026cf
026d3
026ec
027db
027df
028ac
028b0
028b4
0292b
0296e
02972
02976
0297a
0297e
02982
02986
0298a
0298e
02992
02996
0299a
0299e
029a2
029a6
029aa
00c4c
00c67
00c72
00de2
00f00
00f04
00ff4
01005
0103c
01043
01058
011b5
011f2
0120c
012ba
01432
0144c
01480
01df8
01e05
01e10
01e16
01e7a
01e84
01f72
01f7d
01f85
020a5
020ad
02162
0223a
02464
02516
02594
0272c
02730
02734
0274b
0274f
02822
028e9
028ed
028f1
0296e
02972
029af
029b3
029b7
029bb
029bf
029c3
029c7
029cb
029cf
029d3
029d7
029db
029df
029e3
029e7
00cde
00ce2
00cff
00e30
00e38
00f4c
01044
0104b
0105a
01088
01098
01140
01144
01203
0123d
01252
0131e
01476
0148e
01e1e
01e30
01e36
01e9d
01ea8
01eb2
01f9c
01fa5
020bd
020c7
020cf
0220a
02470
024bd
024e4
02544
02548
0254c
02550
025fa
0279c
027a0
027a4
02871
02875
029af
029ec
029f0
029f4
029f8
029fc
02a00
02a04
02a08
02a0c
02a10
02a14
02a18
02a1c
02a20
02a24
02a28
00d6e
00d88
00d94
00dc2
00e80
00e88
01090
01099
010d0
010d7
010ec
0118a
01249
01254
0128b
01318
0132c
0136c
01d8c
01e42
01e54
01e5a
01ed2
01edc
01fb6
01fc1
01fc9
020e4
020ec
02102
0226a
02480
024ea
02540
025ab
025af
025b3
025b7
0266e
027e3
027e7
027eb
028b8
029ec
029f0
02a2d
02a31
02a35
02a39
02a3d
02a41
02a45
02a49
02a4d
02a51
02a55
02a59
02a5d
02a61
02a65
00a8e
00a92
00aaf
00e10
00e14
00ed2
010d8
010df
010ee
01116
01126
011d0
011d4
01293
012c7
012dc
01367
013aa
013bc
01d8a
01da0
01da6
01ef4
01f00
01f0a
01fe0
01fe9
0203d
02048
0204f
021aa
0248c
024d5
024fa
02610
02614
02618
0261c
02620
02826
0282a
0282e
028f5
028f9
02931
02a2b
02a2f
02a6c
02a70
02a74
02a78
02a7c
02a80
02a84
02a88
02a8c
02a90
02a94
02a98
02a9c
02aa0
00abe
00b33
00b42
00e18
00e1c
00e32
01034
01038
010dd
01162
0116a
0117e
012d1
012d9
0131b
0132a
013e0
01476
0148e
01564
0159d
015b2
01ef7
01ffa
02004
0200d
020c4
020cd
02114
0211d
021c3
0232b
024df
0258e
0260e
02866
0286a
0286e
02878
02934
02938
029f3
029f7
029fb
02aa5
02aa9
02aad
02ab1
02ab5
02ab9
02abd
02ac1
02ac5
02ac9
02acd
02ad1
02ad5
02ad9
02add
02ae1
00b50
00bc5
00bd1
00bdc
00e6a
00e80
00e88
01080
0111f
0112e
0116f
01177
011aa
011b9
011c6
01324
01363
01372
01428
015a5
015b4
015e7
01f20
01f34
02023
0202c
020dc
020e7
020ee
02132
02137
0226b
024a5
024ef
02662
02682
028ad
028b1
028bb
028bf
02975
02a30
02a34
02a38
02aa3
02aa7
02ae8
02aec
02af0
02af4
02af8
02afc
02b00
02b04
02b08
02b0c
02b10
02b14
02b18
02b1c
02b20
00be6
00c5b
00c6a
00eb8
00ebc
00ed2
00fb3
00fc2
010ca
011ad
011b6
011c8
011f8
011fe
01360
01374
013ae
01468
0146c
015f4
01629
0163c
01f4e
01f72
01f7d
01f85
02045
0204d
02143
0214d
021f3
022cb
024f5
0265c
026d6
028ea
028ee
028f2
028fc
029b2
029b6
02a6b
02a6f
02a73
02ae8
02b23
02b27
02b2b
02b2f
02b33
02b37
02b3b
02b3f
02b43
02b47
02b4b
02b4f
02b53
02b57
02b5b
00c78
00cea
00cf9
00d04
00f0a
00f20
00f28
00ff7
0110c
01110
011ff
01207
0123a
01242
01256
012f2
013a8
013ba
013f6
014c5
014da
01636
01e70
01e84
01f9c
01fa5
0205e
02068
0206f
02162
02167
0229b
024bd
02505
0272a
02739
0279f
027a3
027a7
027ab
0293c
02940
02944
029ff
02b23
02b27
02b62
02b66
02b6a
02b6e
02b72
02b76
02b7a
02b7e
02b82
02b86
02b8a
02b8e
02b92
02b96
02b9a
00a2a
00d7d
00d8c
00f52
00f56
00f6c
00fa0
00fa4
01049
0123e
0124c
01258
01284
0128e
01338
0133c
013fc
0143b
0144a
014d4
0150d
01522
01ea0
01fb6
01fc1
01fc9
02085
0208d
02173
0217d
02193
022fb
0250b
02527
02540
027e2
027e6
027ea
027ee
02979
0297d
02981
02a3c
02a40
02b62
02b9d
02ba1
02ba5
02ba9
02bad
02bb1
02bb5
02bb9
02bbd
02bc1
02bc5
02bc9
02bcd
02bd1
02bd5
00a22
00a9d
00aa9
00ab4
00dca
00de0
00de8
00fec
01091
010a0
0128f
01297
012c4
012cc
012e2
01382
01432
0144c
01480
01515
01524
01557
01ec8
01edc
01fe0
01fe9
0209d
020a8
020af
02102
02107
0223b
024d5
0251b
02594
025a9
02829
0282d
02831
02835
029ba
029be
029c2
02a77
02aa9
02aad
02b9f
02bda
02bde
02be2
02be6
02bea
02bee
02bf2
02bf6
02bfa
02bfe
02c02
02c06
02c0a
02c0e
00cc2
00df0
00e1e
00e27
00e3c
00ff7
011ec
011f0
01293
01312
0131a
0132e
01484
0148a
014c5
014da
01590
0162e
0163e
01714
0174a
01762
01e73
01fd8
01fea
020c4
020cd
0215b
02165
021a5
021ae
022e2
024df
025fb
027d6
029f2
029f6
029fa
02a04
02aae
02ab2
02b67
02b6b
02b6f
02c13
02c17
02c1b
02c1f
02c23
02c27
02c2b
02c2f
02c33
02c37
02c3b
02c3f
02c43
02c47
02c4b
02c4f
00d4e
00d52
00e42
00e74
00e84
01047
01054
01236
012d3
012de
01322
01328
0135a
01362
01376
014d4
0150d
01522
015d8
01756
01764
01797
01e9d
01eb0
01ffd
020dc
020e7
020ee
0217a
0217f
021c4
0226a
02344
024ef
0266f
02866
02a33
02a37
02a41
02a45
02aed
02ba2
02ba6
02baa
02c11
02c15
02c56
02c5a
02c5e
02c62
02c66
02c6a
02c6e
02c72
02c76
02c7a
02c7e
02c82
02c86
02c8a
02c8e
00a72
00e90
00ec2
00ec7
00edc
01093
01171
0117c
0127e
0135e
01369
01378
013a4
013b0
01515
01524
01557
01618
0161c
017a4
017d4
017ec
01ecb
0201b
0202d
02045
0204d
020fb
02105
021d4
021de
02312
024f5
025a9
02860
02a6a
02a6e
02a72
02a7c
02b28
02b2c
02bdb
02bdf
02be3
02c56
02c91
02c95
02c99
02c9d
02ca1
02ca5
02ca9
02cad
02cb1
02cb5
02cb9
02cbd
02cc1
02cc5
02cc9
00b04
00b08
00ee2
00f14
00f24
010db
010ea
011b5
012be
012c2
013b2
013b8
013ea
013f2
01406
014a2
0155d
0156a
0159f
01672
0168a
017e6
01ef4
01f08
01f75
0205e
02068
0206f
0211a
0211f
021f4
0229a
02372
02505
02739
028ea
0293d
02941
02945
02949
02ab6
02aba
02abe
02b73
02c91
02c95
02cd0
02cd4
02cd8
02cdc
02ce0
02ce4
02ce8
02cec
02cf0
02cf4
02cf8
02cfc
02d00
02d04
02d08
00b9a
00da0
00f5c
00f61
00f74
01121
0115c
01160
01203
013ee
013fe
01408
01436
01440
014e8
014ec
015ac
015e5
015fa
01684
016ba
016d2
01f23
01f95
01fa6
02085
0208d
0212b
02135
02204
0220e
022b2
0250b
0252d
02791
0297a
0297e
02982
02986
02af1
02af5
02af9
02bae
02bb2
02cd0
02d0b
02d0f
02d13
02d17
02d1b
02d1f
02d23
02d27
02d2b
02d2f
02d33
02d37
02d3b
02d3f
02d43
00c2c
00c30
00d9c
00dd4
00de4
00fb3
00fc2
011a6
01249
01254
01442
01448
01478
0147c
01492
01532
015ec
015fc
0162b
016c6
016d4
01707
01f4b
01f5f
01fb9
0209d
020a8
020af
0214a
0214f
02194
0223a
023a0
0251b
026ca
027e2
029bb
029bf
029c3
029c7
02b30
02b34
02b38
02be7
02c17
02c1b
02d0d
02d48
02d4c
02d50
02d54
02d58
02d5c
02d60
02d64
02d68
02d6c
02d70
02d74
02d78
02d7c
00f02
00fca
00ff2
00ff9
01010
011b5
0139c
013a0
01444
014c2
014c9
014de
01634
0163a
01672
0168a
01740
017df
017ee
018b2
018e2
018fa
01e73
01f72
01f84
020a0
0215b
02165
021ec
021f6
0223a
0223f
02373
0272d
0296e
02b66
02b6a
02b6e
02b78
02c1c
02c20
02cd5
02cd9
02cdd
02d81
02d85
02d89
02d8d
02d91
02d95
02d99
02d9d
02da1
02da5
02da9
02dad
02db1
02db5
02db9
02dbd
00f4a
00f4e
01016
01046
0104f
01201
0120a
013e6
01476
0148e
014d2
014d8
0150a
01511
01526
01684
016ba
016d2
01788
018ee
018fc
01929
01e9d
01eb0
01f98
020bd
020ce
0217a
0217f
0220c
0224b
02255
022fb
023ce
0279d
029f2
02ba5
02ba9
02bb3
02bb7
02c5b
02d10
02d14
02d18
02d7f
02d83
02dc4
02dc8
02dcc
02dd0
02dd4
02dd8
02ddc
02de0
02de4
02de8
02dec
02df0
02df4
02df8
02dfc
00dc2
0105e
0108e
01095
010a4
0124b
01318
0132c
0142e
01512
0151d
01528
01554
01560
016c6
016d4
01707
017c8
017cc
01936
01960
01978
01ecb
01fb6
01fc8
020df
020fb
02105
0218c
02196
0226a
0226f
023a1
025a9
029ec
02bda
02bde
02be2
02bec
02c96
02c9a
02d49
02d4d
02d51
02dc4
02dff
02e03
02e07
02e0b
02e0f
02e13
02e17
02e1b
02e1f
02e23
02e27
02e2b
02e2f
02e33
02e37
00e10
00e14
010aa
010da
010e2
01291
0129c
01367
0146e
01472
01562
01568
0159a
015a1
015b6
01652
0170e
0171a
0174f
0181c
01834
01972
01ef4
01f08
01fdb
0203d
0204e
0211a
0211f
021ac
0227b
02285
0232b
023fa
02827
02a6b
02ab7
02abb
02abf
02ac3
02c24
02c28
02c2c
02ce1
02dff
02e03
02e3e
02e42
02e46
02e4a
02e4e
02e52
02e56
02e5a
02e5e
02e62
02e66
02e6a
02e6e
02e72
02e76
00e62
00f80
0111c
01123
01130
012d5
0130c
01310
013b4
015a2
015ae
015b8
015e4
015ef
01698
0169c
0175c
01792
017aa
0182e
0185e
01876
01f23
01ffa
0200c
02061
0212b
02135
021bc
021c6
0229a
0229f
02345
02662
0292f
02af2
02af6
02afa
02afe
02c5f
02c63
02c67
02d1c
02d20
02e3e
02e79
02e7d
02e81
02e85
02e89
02e8d
02e91
02e95
02e99
02e9d
02ea1
02ea5
02ea9
02ead
02eb1
00eb0
00eb4
00f7c
00fb2
00fbb
01171
0117c
01356
013f0
01404
015f2
015f8
01626
0162d
01642
016e2
0179d
017ac
017db
0186a
01878
018a5
01f4b
01f5f
0201e
0207d
0208e
0214a
0214f
021dc
0221b
02225
022cb
02426
028ab
0297a
02b31
02b35
02b39
02b3d
02c9e
02ca2
02ca6
02d55
02d85
02d89
02e7b
02eb6
02eba
02ebe
02ec2
02ec6
02eca
02ece
02ed2
02ed6
02eda
02ede
02ee2
02ee6
02eea
010ca
01184
011ad
011b6
011c8
01367
0154c
01550
015f4
01674
0167a
0168e
017e4
017ea
0181c
01834
018d8
0196b
0197a
01a3e
01a6e
01a86
01f75
0203d
0204e
02146
021eb
021f5
0227c
02286
022ca
022cf
023fa
028ea
02ae6
02cd4
02cd8
02cdc
02ce6
02d8a
02d8e
02e43
02e47
02e4b
02eef
02ef3
02ef7
02efb
02eff
02f03
02f07
02f0b
02f0f
02f13
02f17
02f1b
02f1f
02f23
02f27
02f2b
0110c
01110
011ce
011ff
01207
013a8
013ba
01596
0162e
0163e
01682
01688
016bc
016c2
016d6
0182e
0185e
01876
0191a
01a7a
01a88
01ab5
01f95
01fa6
02061
0215b
02165
0220a
0220f
0229c
022db
022e5
0238a
0244a
0293b
02b67
02d13
02d17
02d21
02d25
02dc9
02e7e
02e82
02e86
02eed
02ef1
02f32
02f36
02f3a
02f3e
02f42
02f46
02f4a
02f4e
02f52
02f56
02f5a
02f5e
02f62
02f66
02f6a
00fa2
01214
0123e
0124c
01258
013fc
014cd
014dc
015de
016c3
016cd
016d8
01706
01710
0186a
01878
018a5
01954
01958
01ac2
01aec
01b04
01fb9
0207d
0208e
02176
0218b
02195
0221c
02226
022fa
022ff
02426
027e2
02b60
02d48
02d4c
02d50
02d5a
02e04
02e08
02eb7
02ebb
02ebf
02f32
02f6d
02f71
02f75
02f79
02f7d
02f81
02f85
02f89
02f8d
02f91
02f95
02f99
02f9d
02fa1
02fa5
00fea
00fee
0125e
0128f
01297
01432
0144c
0151b
0161e
01622
01712
01718
0174c
01752
01766
01802
018ac
018b8
018e7
019a8
019c0
01afe
01fd8
01fea
020a0
020fb
02105
021aa
021af
0223c
0230b
02315
023b8
02466
029b9
02bdb
02c25
02c29
02c2d
02c31
02d92
02d96
02d9a
02e4f
02f6d
02f71
02fac
02fb0
02fb4
02fb8
02fbc
02fc0
02fc4
02fc8
02fcc
02fd0
02fd4
02fd8
02fdc
02fe0
02fe4
01036
0113c
012c8
012d6
012e0
01486
014bc
014c0
01564
01753
0175e
01768
01796
017a0
01842
01846
018f4
01924
0193c
019ba
019ea
01a02
01ffd
020bd
020ce
02117
021bb
021c5
0224c
02256
0232a
0232f
023ce
02866
02aa9
02c60
02c64
02c68
02c6c
02dcd
02dd1
02dd5
02e8a
02e8e
02fac
02fe7
02feb
02fef
02ff3
02ff7
02ffb
02fff
03003
03007
0300b
0300f
03013
03017
0301b
0301f
0107e
01082
01138
0116f
01177
01318
0132c
01506
015a5
015b4
017a2
017a8
017d8
017de
017f2
01886
0192f
0193e
01967
019f6
01a04
01a31
0201b
0202d
020df
0212b
02135
021da
021df
0226c
022ab
022b5
0235c
02482
02a31
02af3
02c9f
02ca3
02ca7
02cab
02e0c
02e10
02e14
02ec3
02ef3
02ef7
02fe9
03024
03028
0302c
03030
03034
03038
0303c
03040
03044
03048
0304c
03050
03054
03058
0127e
01334
0135e
01369
01378
0151b
016fc
01700
017a4
0181e
01824
01838
01970
01976
019a8
019c0
01a64
01af7
01b06
01bc4
01bf0
01c0a
02040
020fb
02105
021d6
0227b
02285
0230c
02316
02358
0235e
02466
025bc
02bdb
02c9d
02e44
02e48
02e52
02e56
02efa
02faf
02fb3
02fb7
0305b
0305f
03063
03067
0306b
0306f
03073
03077
0307b
0307f
03083
03087
0308b
0308f
03093
03097
012be
012c2
0137e
013b2
013b8
0155d
0156a
01746
017df
017ee
0182c
01832
01860
01866
0187a
019ba
019ea
01a02
01aa6
01bfc
01c0c
01c35
0205e
0206e
02117
021eb
021f5
0229a
0229f
0232c
02368
02372
02410
0249e
0293b
02c91
02e7f
02e83
02e87
02e91
02f35
02f39
02fee
02ff2
02ff6
0305d
0309c
030a0
030a4
030a8
030ac
030b0
030b4
030b8
030bc
030c0
030c4
030c8
030cc
030d0
030d4
0115e
013c4
013ee
013fe
01408
015ac
0167e
0168c
0178e
01867
01871
0187c
018a4
018ae
019f6
01a04
01a31
01ae0
01ae4
01c44
01c6c
01c86
02080
0212b
02135
02206
0221b
02225
022ac
022b6
02386
0238c
02482
0268a
02af3
02d11
02eb8
02ebc
02ec6
02eca
02f74
03023
03027
0302b
0309c
030a0
030d9
030dd
030e1
030e5
030e9
030ed
030f1
030f5
030f9
030fd
03101
03105
03109
0310d
011a4
011a8
0140e
01442
01448
015ec
015fc
016cb
017ce
017d2
018b0
018b6
018e4
018ea
018fe
0198e
01a38
01a44
01a73
01b30
01b4a
01c80
0209d
020ae
02146
0218b
02195
0223a
0223f
022cc
02396
023a0
0243c
024b6
029b9
02d0b
02d91
02d95
02d99
02d9d
02efe
02f02
02f06
02fbb
02fbf
030d9
03112
03116
0311a
0311e
03122
03126
0312a
0312e
03132
03136
0313a
0313e
03142
03146
0314a
011ee
012ec
01474
01488
01490
01636
0166c
01670
01714
018eb
018f6
01900
01928
01932
019ce
019d2
01a80
01ab0
01ac8
01b44
01b70
01b8a
020c0
0215b
02165
021a7
0224b
02255
022dc
022e6
023b4
023ba
0244a
02752
02b67
02c23
02dd0
02dd4
02dd8
02ddc
02f3d
02f41
02f45
02ffa
03112
03116
0314f
03153
03157
0315b
0315f
03163
03167
0316b
0316f
03173
03177
0317b
0317f
03183
01234
01238
012e8
01322
01328
014cd
014dc
016b6
01756
01764
01934
0193a
01964
0196a
0197e
01a12
01abb
01aca
01af3
01b7c
01b8c
01bb5
020dc
020ed
02176
021bb
021c5
0226a
0226f
022fc
0233a
02344
023e4
024ce
02a31
02c11
02e0b
02e0f
02e13
02e17
02f78
02f7c
02f80
0302f
03033
03063
0314d
03151
0318a
0318e
03192
03196
0319a
0319e
031a2
031a6
031aa
031ae
031b2
031b6
031ba
0142e
014e4
01512
0151d
01528
016cb
0189a
0189e
01936
019aa
019b0
019c4
01afc
01b02
01b30
01b4a
01be6
01c77
01c88
01d00
01d18
01d34
020fe
0218b
02195
02266
0230b
02315
02399
023a2
023e0
023e6
024b6
02596
02bdb
02dc2
02fb0
02fb4
02fb8
02fc2
03066
0306a
03119
0311d
031bd
031c1
031c5
031c9
031cd
031d1
031d5
031d9
031dd
031e1
031e5
031e9
031ed
031f1
031f5
031f9
0146e
01472
0152e
01562
01568
0170e
0171a
018de
0196b
0197a
019b8
019be
019ec
019f2
01a06
01b44
01b70
01b8a
01c26
01d24
01d30
01d47
02114
0211d
021a7
0227b
02285
0232a
0232f
023b5
023ef
023f9
02474
024e5
02752
02c23
02e43
02fef
02ff3
02ffd
03001
030a3
03152
03156
0315a
031bf
031fe
03202
03206
0320a
0320e
03212
03216
0321a
0321e
03222
03226
0322a
0322e
03232
03236
0130e
01574
015a2
015ae
015b8
0175c
01828
01836
01920
019f3
019fd
01a08
01a30
01a3a
01b7c
01b8c
01bb5
01c60
01c64
01d54
01d68
01d84
0212e
021bb
021c5
02296
022ab
022b5
0233d
02346
0240c
02412
024ce
02555
02af3
02e3c
03024
03028
0302c
03036
030dc
030e0
03189
0318d
031fe
03202
0323b
0323f
03243
03247
0324b
0324f
03253
03257
0325b
0325f
03263
03267
0326b
0326f
01354
01358
015be
015f2
015f8
0179d
017ac
0186f
0195a
0195e
01a3c
01a42
01a70
01a76
01a8a
01b16
01bbc
01bca
01bf5
01c9a
01cb6
01d7a
02143
0214d
021d6
0221b
02225
022ca
022cf
02359
0241b
02425
02490
024fb
026d8
02c9d
02eb7
02f01
02f05
02f09
02f0d
0306e
03072
03121
03125
0323b
03274
03278
0327c
03280
03284
03288
0328c
03290
03294
03298
0329c
032a0
032a4
032a8
032ac
0139e
0149c
01624
01638
01640
017e6
01816
0181a
018b2
01a77
01a82
01a8c
01ab4
01abe
01b54
01b58
01c04
01c30
01c4a
01cac
01cc4
01ce0
0215e
021eb
021f5
02237
022db
022e5
0236b
02374
02438
0243e
0249e
02623
02b67
02d85
02f3c
02f40
02f44
02f48
030a7
030ab
030af
0315e
03274
03278
032b1
032b5
032b9
032bd
032c1
032c5
032c9
032cd
032d1
032d5
032d9
032dd
032e1
032e5
013e4
013e8
01498
014d2
014d8
0167e
0168c
0185a
018ee
018fc
01ac0
01ac6
01af0
01af6
01b0a
01b96
01c3b
01c4c
01c73
01cd0
01cdc
01cf3
02173
0217d
02206
0224b
02255
022fa
022ff
02387
023c3
023cd
02458
02511
0268a
02d11
02dcf
02f7b
02f7f
02f83
02f87
030e4
030e8
03191
03195
031c5
032af
032b3
032ec
032f0
032f4
032f8
032fc
03300
03304
03308
0330c
03310
03314
03318
0331c
015de
01694
016c3
016cd
016d8
0186f
01a26
01a2a
01ac2
01b32
01b38
01b4e
01c7c
01c82
01c9a
01cb6
01d14
01d73
01d80
01dea
01dfc
01e18
01f60
0218e
0221b
02225
022f6
02396
023a0
0241e
02427
02457
024b6
026cc
026f1
02754
02eb7
02f79
0311a
0311e
03128
031c8
031cc
0327b
0327f
0331f
03323
03327
0332b
0332f
03333
03337
0333b
0333f
03343
03347
0334b
0334f
03353
03357
0161e
01622
016de
01712
01718
018ac
018b8
01a6a
01af7
01b06
01b40
01b46
01b72
01b78
01b8e
01cac
01cc4
01ce0
01d3e
01e08
01e14
01e25
01e7a
021a4
021ad
02237
0230b
02315
023b4
023ba
02439
02462
02468
02506
0272f
02752
02c23
02f6d
03153
03157
03161
03165
03205
032b4
032b8
032bc
03321
0335e
03362
03366
0336a
0336e
03372
03376
0337a
0337e
03382
03386
0338a
0338e
03392
014be
01724
01753
0175e
01768
018f4
019b4
019c2
01aac
01b79
01b81
01b88
01bb4
01bbe
01cd0
01cdc
01cf3
01d62
01d66
01e32
01e40
01e5c
01eb1
021be
0224b
02255
02326
0233a
02344
023c6
023cf
02473
024ce
0252f
02555
025be
02dcf
02fed
0318a
0318e
03198
0323e
03242
032eb
032ef
0335c
03395
03399
0339d
033a1
033a5
033a9
033ad
033b1
033b5
033b9
033bd
033c1
033c5
033c9
01504
01508
0176e
017a2
017a8
0192f
0193e
019fb
01ae6
01aea
01bc0
01bc6
01bf2
01bf8
01c0e
01c96
01cfa
01d06
01d1d
01d90
01dac
01e52
01ed2
021d3
021dd
02266
022ab
022b5
02358
0235e
023e1
0247e
02484
0251c
025ab
025be
02c9d
02fe7
0306d
03071
03075
03079
031d0
031d4
03283
03287
03397
033d0
033d4
033d8
033dc
033e0
033e4
033e8
033ec
033f0
033f4
033f8
033fc
03400
03404
0154e
0164c
017d6
017e8
017f0
01972
019a2
019a6
01a3e
01bf9
01c02
01c08
01c34
01c3e
01cbe
01cc2
01d2a
01d42
01d5e
01da2
01db4
01dd0
01f09
021ee
0227b
02285
022c7
02368
02372
023f2
023fb
0248f
0249e
025fd
02623
0268c
02e43
02eff
030aa
030ae
030b2
03209
0320d
03211
032c0
033ce
03407
0340b
0340f
03413
03417
0341b
0341f
03423
03427
0342b
0342f
03433
03437
0343b
01594
01598
01648
01682
01688
01828
01836
019e6
01a7a
01a88
01c40
01c46
01c70
01c76
01c8a
01cea
01d4d
01d5a
01d6f
01dc0
01dcc
01ddd
01f29
02203
0220d
02296
022db
022e5
02386
0238c
0240d
02446
0244c
024f0
02671
0268c
02d11
02eed
030e3
030e7
030eb
030ef
03246
0324a
032f3
032f7
03325
03409
03442
03446
0344a
0344e
03452
03456
0345a
0345e
03462
03466
0346a
0346e
03472
00bd7
00c50
00c54
00c63
0178c
01790
01840
0186d
01874
019f6
01a04
01bac
01c3b
01c4c
01c9e
01ca8
01d6a
01d7c
01d82
01d95
01e4b
01e58
01edd
0202a
0221e
022ab
022b5
02381
0241b
02425
0247f
024a4
024a8
025ab
0268a
02690
02694
02698
026d7
02900
03024
03279
0327d
03281
0328b
03327
0332b
033d4
033d8
03476
0347a
0347e
03482
03486
0348a
0348e
03492
03496
0349a
0349e
00c67
00c72
00ce6
00cf1
00d08
017d0
01880
018a9
018b4
018be
01a3e
01bea
01bee
01c80
01ca3
01cae
01cb4
01cc8
01cd2
01d9c
01da8
01db9
01efe
01f7a
02234
0223d
022c7
02396
0239e
02438
0243e
02491
024b2
02506
026e9
026f5
026f9
026fd
02701
027ad
02d91
030d6
032b6
032ba
032c4
032c8
03362
0340b
0340f
03474
034a2
034a6
034aa
034ae
034b2
034b6
034ba
034be
034c2
034c6
034ca
00cff
00d72
00d76
00d86
0166c
01670
018c4
018f2
018f8
01a7a
01a88
01b44
01c2a
01c2e
01cd3
01cda
01cf0
01cf6
01d0c
01dc5
01dd8
01df4
01f35
01fa3
0224e
022db
022e5
023af
023c3
023cd
02447
024bc
024c0
0252f
0272a
02756
0275a
0275e
02762
027f2
02f3b
032e9
032ed
032f1
032fb
03399
0339d
03442
03446
034a4
034ce
034d2
034d6
034da
034de
034e2
034e6
034ea
034ee
034f2
00a94
00a98
00aa7
00d88
00d94
016b6
01904
0192d
01938
01942
01ac2
01b7c
01b8c
01c68
01cf7
01d02
01d08
01d1c
01d26
01de4
01df0
01e01
01f55
01fbe
02263
0226d
022f6
0233a
02342
023e0
023e6
02459
024ca
0251c
02555
0255b
0255f
02563
02595
027f2
02e0a
0314c
031d0
031d4
031d8
031dc
0332f
03333
033dc
034cc
034f6
034fa
034fe
03502
03506
0350a
0350e
03512
03516
0351a
0351e
00aaf
00b28
00b2c
00b3b
016fc
01700
017fe
01970
01976
01af7
01b06
01b2c
01bbc
01bca
01d28
01d2e
01d44
01d4a
01d60
01e0e
01e20
01e3c
01e85
01fe7
0227e
0230b
02315
02354
023ef
023f9
02463
024d4
024d8
025a7
025c0
025c4
025c8
025cc
0272e
0287c
02faf
03209
0320d
03211
03215
03366
0336a
03413
03417
034f8
03522
03526
0352a
0352e
03532
03536
0353a
0353e
03542
03546
00b3f
00b4a
00bbe
00bc9
00be0
01746
017f6
01825
01830
0183a
019ba
01b6a
01b6e
01c04
01d4b
01d56
01d5c
01d6e
01d76
01e2b
01e38
01e47
01ea6
02001
02293
0229d
02326
02368
02370
0240c
02412
02475
0249a
024f0
0260e
02627
0262b
0262f
02633
0287c
02e7e
0305a
03246
0324a
0324e
03252
033a1
033a5
0344a
03478
03520
0354a
0354e
03552
03556
0355a
0355e
03562
03566
0356a
0356e
00aa7
00c20
00c24
00d6e
00d88
00d94
00e82
00ec8
00ed6
01920
019ca
019f3
019fd
01a08
01b83
01d4d
01d5a
01d94
01d9e
01e42
01e54
01e5a
01edd
01fc5
020ea
022ae
0233a
02342
02407
0247e
02484
024cb
024ec
02540
02559
0255d
02567
0256b
0266e
02672
02676
0267a
02881
02a48
03025
033d2
033d6
033e0
033e4
0347e
03570
03574
03578
0357c
03580
03584
03588
0358c
03590
03594
00a8e
00a92
00aaf
00b35
00b4c
00cb6
00ed0
00ed8
00f1b
0195a
0195e
01a0e
01a3c
01a42
01bbc
01bca
01d7a
01d99
01da4
01daa
01db8
01dc2
01efe
01fe0
02045
022c4
022cd
02354
0241b
02423
0248f
024d5
024f5
024f9
025bc
025c2
025c6
025d0
02611
026d7
026db
026df
028c4
028c8
02a81
03239
0340d
03411
0341b
034a6
034aa
03572
0359a
0359e
035a2
035a6
035aa
035ae
035b2
035b6
035ba
00b24
00b3f
00b4a
00bcf
00d48
00d4c
00f22
00f62
00f72
01818
01a4e
01a77
01a82
01a8c
01c04
01ca6
01cb2
01dc3
01dca
01dda
01de0
01df6
01f35
02009
0206b
022de
02368
02370
02433
02446
0244c
0249b
02502
0260e
02627
0262b
02635
02639
02738
0273c
02740
02744
02905
0294c
02f3c
03440
03444
0344e
03452
034d2
03598
035bc
035c0
035c4
035c8
035cc
035d0
035d4
035d8
035dc
00a48
00a4c
00bb8
00bd3
00bde
00c63
00dd8
00de6
00f6c
01858
0185c
01a92
01ac0
01ac6
01c3b
01c4c
01cd5
01de1
01dec
01df2
01e00
01e0a
01f55
02023
02085
022f3
022fd
02381
023c3
023cb
02457
024a5
0250b
0250f
0252f
02533
02537
02689
0268f
02693
0269d
026a1
027b0
027b4
029ca
032af
0332f
03333
03337
034fa
034fe
035be
035e2
035e6
035ea
035ee
035f2
035f6
035fa
035fe
03602
00ade
00c4a
00c4e
00c6b
00cf1
00d08
00de2
00e28
00e36
0189c
01988
01aee
01b00
01b08
01c80
01cfa
01d06
01e0c
01e12
01e22
01e28
01e3e
01e85
01f81
020ab
0230e
02396
0239e
023dc
02462
02468
024b3
02518
02594
02598
0259c
026e8
026f4
026f8
026fc
02706
0272f
027f7
029ca
02fb0
03366
0336a
0336e
03372
03526
035e0
03604
03608
0360c
03610
03614
03618
0361c
03620
03624
00b70
00b74
00ce0
00cfa
00d06
00d86
00e30
00e38
00e7b
018dc
018e0
01984
019b8
019be
01b3c
01b4c
01d2a
01e29
01e34
01e3a
01e46
01e4e
01ea6
01f9c
020c4
02323
0232d
023af
023ef
023f7
02473
024bd
024df
024e3
025fb
025ff
02603
02729
02755
02759
0275d
02767
0283a
0283e
02a48
031bd
033a1
033a5
033a9
0354a
0354e
03576
03606
0362a
0362e
03632
03636
0363a
0363e
03642
03646
00c94
00cc2
00cef
00cfd
00d06
00df8
00e24
00e32
00e3b
00ff6
01006
0100f
01e83
01f55
01f60
01fe6
02169
023db
024df
026c3
026ce
026db
026f4
0270c
02731
0276c
027fa
02821
0283f
028ac
028c3
02970
0298d
02991
029b3
029cc
029d0
02a75
02b40
02b69
02b7e
02c19
02c24
02c35
02d5e
02d8a
02da1
02da5
02e4c
02f0f
03648
0364c
03650
03654
03658
0365c
03660
03664
03668
0366c
00d21
00d4a
00d52
00d84
00d90
00e46
00e64
00e7b
00e86
00f62
01048
01054
012d3
01e7d
01e89
01eb4
0217b
023ae
024c8
02526
02541
0256d
0266e
02735
0274c
0276e
0281c
02845
02871
02886
028fa
02934
029af
029d4
029d8
029f4
02a0b
02a0f
02aaf
02b80
02ba5
02bbb
02c38
02c62
02c72
02d80
02dc7
02dde
02de2
02e89
02ff7
03671
03675
03679
0367d
03681
03685
03689
0368d
03691
03695
00a63
00a72
00aa0
00aad
00ab6
00eac
00eb4
00ecb
00ed6
0108a
0109a
010a3
01ea6
01eb1
01edb
02029
02109
02406
024f5
02523
02548
0254f
02571
025a8
025d4
026d6
027a8
02861
0288a
028b6
028cb
029ec
02a03
02a15
02a19
02a3c
02a4c
02a50
02b9f
02bbf
02bf0
02c3a
02c75
02c9e
02caf
02de6
02e0c
02e1d
02e21
02f89
03670
0369a
0369e
036a2
036a6
036aa
036ae
036b2
036b6
036ba
00ade
00afe
00b08
00b39
00b47
00e28
00efe
00f14
00f22
00f2b
010dc
010e8
011b3
01ed5
01ee1
01f0c
0211b
02353
02498
0258e
02599
025b1
025bf
025da
02614
0263d
027e4
027f5
028cd
028ee
02908
029b4
02a2d
02a52
02a56
02a6d
02a83
02a87
02aab
02ac5
02b29
02bf6
02c93
02cd6
02cea
02d8c
02e23
02e4e
02e5a
02e5e
02fc6
036bf
036c3
036c7
036cb
036cf
036d3
036d7
036db
036df
036e3
00b8b
00b9a
00bc8
00bd5
00bde
00f46
00f4e
00f66
00f70
01118
01128
01131
01efe
01f09
01f33
01fa2
02139
02432
0250b
025f6
02613
0261c
0263e
02661
02681
0273e
02796
027a1
027b8
02832
0290d
02931
0293d
02950
02954
02a7b
02a8d
02a91
02ac9
02af5
02b04
02cb4
02cef
02d1c
02d2b
02e3d
02e80
02e95
02e99
02f35
036be
036e8
036ec
036f0
036f4
036f8
036fc
03700
03704
03708
00bf7
00c22
00c30
00c61
00c6f
00da6
00dc4
00ddb
00de6
00ec8
00fb4
00fc0
01249
01f2c
01f39
01f63
0214b
02380
024b0
02532
0265e
0266a
02684
026a6
026cd
0270d
0278c
027bb
027e5
027ff
02876
02929
02946
02958
0295c
0297c
02997
0299b
02ae8
02b08
02b43
02bae
02d0d
02d4a
02d62
02e06
02e9d
02ec2
02ed0
02ed4
0303a
0370c
03710
03714
03718
0371c
03720
03724
03728
0372c
03730
00ef1
00f01
00f16
00f22
00f2b
00fd2
00ff7
01002
0100f
011af
011bc
011c7
01e6d
01f57
01f87
02025
0202e
021f6
02500
025b5
0272d
028a7
028b2
028cd
028e9
02908
0296f
0299c
029ba
029cd
02a43
02ae9
02b09
02b0d
02b2b
02b43
02b49
02be5
02cb2
02cd7
02cf2
02d87
02d93
02da3
02ecc
02efa
02f0f
02f14
02fba
0307b
0364a
0364e
0370c
03735
03739
0373d
03741
03745
03749
0374d
00f35
00f45
00f4e
00f66
00f70
01019
01035
01049
01054
01117
011fd
0120a
01476
01e99
01f7a
01f81
01fa5
0220a
02432
0252c
0261c
02791
027a0
027b6
028f1
028fd
02911
029d3
029f4
02a0a
02a6e
02aae
02b26
02b4c
02b50
02b6b
02b7f
02b86
02c1f
02cef
02d14
02d2f
02daa
02dd0
02de0
02eee
02f37
02f4c
02f51
02ff7
0315b
03672
036e6
03751
03755
03759
0375d
03761
03765
03769
0376d
00db1
00dc1
00dd5
00de2
00deb
01079
0107f
01093
0109e
0123f
0124c
01257
01ea8
01ee4
01f9e
01fa8
01fcb
02196
02516
02593
02683
0278d
027a5
027b9
027e1
027fd
0293f
029ed
02a1b
02a3d
02a4b
02b60
02b77
02b8b
02b8f
02bb0
02bc1
02bc5
02d0d
02d31
02d62
02dad
02de7
02e0c
02e1d
02f55
02f7a
02f8c
02f90
030f1
03676
0369b
0370f
03771
03775
03779
0377d
03781
03785
03789
00df5
00e06
00e14
00e2b
00e36
00ffd
010c6
010d7
010e0
010ed
0128d
0129a
01360
01ef1
01fbe
01fc5
01fe9
021aa
023db
02597
026cf
027d6
027e7
027ee
02802
0282c
02846
02987
02a51
02a6d
02a82
02b28
02ba0
02bc6
02bca
02bdf
02bf3
02bfa
02c19
02c33
02c99
02d68
02e01
02e45
02e58
02ef8
02f92
02fbc
02fc9
02fcd
0312c
03652
036c4
0378d
03791
03795
03799
0379d
037a1
037a5
037a9
00e51
00e61
00e75
00e82
00e8b
01107
0110d
01121
0112c
012c9
012d6
012e0
01e78
01f34
01fe2
01fec
0200f
021c6
024ea
02661
0274b
0281d
0282f
02843
02865
02884
02930
02938
0294e
029bd
02a8b
02aac
02aba
02acd
02ad1
02beb
02bff
02c03
02c38
02c64
02c78
02e27
02e61
02e8b
02e97
02fab
02fee
03003
03008
030a1
03677
036e9
036ed
037ad
037b1
037b5
037b9
037bd
037c1
037c5
00e9b
00eab
00eb4
00ecb
00ed6
00f85
00fa1
00fb5
00fc0
01089
0116d
0117a
013f0
01f2e
02001
02009
0202c
021da
02406
02549
02669
02860
0286b
02878
0288c
028b0
028d2
02955
02975
02994
029f5
02aa3
02ac0
02ad4
02ad8
02af7
02b11
02b15
02c56
02c7a
02cad
02d1e
02e7b
02eb9
02ece
02f72
0300c
03030
0303f
03043
0319c
036a0
03712
037ab
037cc
037d0
037d4
037d8
037dc
037e0
037e4
010b9
010c9
010d5
010e2
010ed
0118c
011b5
011be
011c7
01361
0136c
01377
01ebf
01f10
02026
02051
020e6
020ee
02286
027e3
028b1
02a2d
02a38
02a51
02a6b
02a82
02ae7
02b16
02b30
02b47
02bb5
02c57
02c76
02c7e
02c9a
02caf
02cba
02d55
02e23
02e46
02e65
02ef5
02f00
02f13
0303c
03068
0307b
03080
03120
031dd
0369e
036c4
03735
037e7
037eb
037ef
037f3
037f7
037fb
037ff
010f8
01108
01110
01121
0112c
011d1
011ed
01203
0120a
012c7
013ae
013bb
0162e
01f03
01f7f
02045
0204b
0206d
0229a
02617
0282b
0292f
0293c
0294e
02a72
02a7e
02a95
02b40
02b6b
02b7c
02be0
02c1c
02c94
02cb3
02cc0
02cd6
02cec
02cf7
02d8d
02e60
02e82
02ea2
02f19
02f3d
02f50
0305c
030a3
030b6
030bb
0315b
032bd
036c9
036ef
03755
03805
03809
0380d
03811
03815
03819
0381d
00f91
00fa1
00fad
00fba
00fc5
0122f
01235
0124b
01252
013f1
013fc
01407
01f1b
01f67
01fc8
02067
02070
02091
02226
027a4
02876
0292b
02943
02955
02979
02994
02abc
02b61
02b91
02baf
02bc1
02cce
02ce5
02cfb
02cff
02d1f
02d32
02d36
02e7b
02ea3
02ece
02f1c
02f56
02f7a
02f8d
030bf
030e2
030f4
030f8
03253
03676
03711
03771
0381f
03823
03827
0382b
0382f
03833
03837
00fd0
00fe0
00fee
00fff
0100b
011ae
0127a
0128e
01296
0129f
0143e
0144a
01515
01f47
01fc3
02085
0208b
020ad
0223a
026ce
028ac
0296e
0297f
02986
0298e
029be
029dd
02aff
02bbd
02bdf
02bf0
02c96
02d0e
02d2d
02d3a
02d4a
02d64
02d6b
02d87
02da1
02e07
02eda
02f6f
02fb2
02fc8
03066
030fa
03122
0312f
03133
0328e
0364c
03716
03791
0383d
03841
03845
03849
0384d
03851
03855
01025
01035
01041
0104e
01059
012b9
012bf
012d5
012dc
01477
01486
01491
01e67
01eb8
0200c
020a7
020b0
020d1
02256
0282e
028fa
029af
029c1
029d3
029f1
02a0a
02aaa
02ab2
02acc
02b35
02bfd
02c1a
02c25
02c3e
02c42
02d59
02d6f
02d73
02da9
02dd2
02deb
02f96
02fd0
02ff9
03007
03113
03152
03167
0316c
03203
03650
03673
037ad
03857
0385b
0385f
03863
03867
0386b
0386f
01069
01078
01082
01093
0109e
01141
0115d
01173
0117a
0123d
0131e
0132a
015a5
01eab
02006
020c4
020cb
020ec
0226a
02548
027a7
029ec
029f7
02a04
02a14
02a36
02a5c
02ac9
02aed
02b02
02b6c
02c11
02c2e
02c44
02c48
02c63
02c81
02c85
02dc4
02dec
02e1b
02e8a
02fe9
03027
0303e
030dc
03170
03192
031a1
031a5
032fe
03698
036ee
037cc
03874
03878
0387c
03880
03884
03888
0388c
0126d
0127d
0128a
01295
0129f
0133c
01366
0136f
01377
0150e
0151b
01527
01e9d
01fb2
01ff0
020e7
02108
0217e
02316
0297d
02a37
02ba0
02bab
02bbd
02bda
02bf0
02c55
02c86
02c9e
02cb0
02d23
02dc5
02de9
02df0
02e05
02e1d
02e21
02ec1
02f8a
02fb3
02fd4
03063
0306c
0307f
0319e
031ca
031dd
031e2
03282
0333b
0367c
0369e
036a5
036a9
037e8
0388f
03893
03897
0389b
0389f
012ac
012ba
012c2
012d0
012dc
01382
0139d
013b3
013bb
0147d
0155e
0156a
017df
01eca
01fe5
0204a
02102
0211c
0232a
0282e
029bd
02aa8
02ab7
02ac6
02be2
02bee
02c06
02cb1
02cd6
02cea
02d4d
02d8c
02e02
02e26
02e2e
02e45
02e5a
02e5e
02ef9
02fc7
02ff0
03011
03085
030a7
030ba
031be
03205
03218
0321d
032bd
03413
036c3
036ca
036ce
037ad
03806
038a6
038aa
038ae
038b2
038b6
01150
0115d
0116a
01175
0117f
013e0
013e5
013fb
01402
0159e
015ac
015b7
01ef4
01ff7
02033
0208e
0211e
02138
022b6
02942
02a04
02aa6
02abe
02ac9
02af3
02b02
02c29
02ccf
02d00
02d1c
02d2c
02e3c
02e53
02e69
02e6d
02e8c
02e99
02ea4
02fe9
0300d
0303e
03088
030c0
030e2
030f5
03221
03244
03256
0325a
033ad
036ca
036ee
036f3
036f7
03820
038b9
038bd
038c1
038c5
038c9
0118a
0119c
011a8
011b9
011c2
01363
0142a
0143f
01447
0144f
015ed
015fb
016c6
01f22
02018
0208a
02132
0214c
022ca
028b1
02a34
02ae5
02af8
02afe
02b0a
02b31
02b46
02c6d
02d2d
02d4a
02d62
02e06
02e7c
02e9f
02ea8
02eb9
02ed0
02ed4
02ef5
02f11
02f73
0303d
030d9
03118
0312e
031c8
0325c
03284
03291
03295
033e6
0370d
03717
0371b
03735
0383e
038d0
038d4
038d8
038dc
038e0
011de
011ed
011fa
01205
0120f
0146a
0146f
01485
0148c
0162a
01636
01641
01f4b
01f6e
01fac
020ce
0214e
02168
022e6
029c0
02a7c
02b26
02b37
02b40
02b66
02b7c
02c18
02c1e
02c35
02ca3
02d6e
02d88
02d94
02da5
02db0
02ec7
02edd
02ee1
02f10
02f3f
02f5a
030fe
03136
0315d
0316b
03275
032b5
032c9
032ce
0335f
0364b
03654
03658
03717
03858
038e3
038e7
038eb
038ef
038f3
01222
01230
01238
01246
01252
012f2
0130d
01323
0132a
013f3
014ce
014db
01756
01e72
01fa1
020c9
02162
0217c
022fa
027a4
02947
02b60
02b6c
02b78
02b8a
02ba5
02bc0
02c37
02c5a
02c70
02cd9
02d7f
02d9c
02db2
02db6
02dd1
02de2
02df3
02f32
02f56
02f8b
02ff8
0314f
03188
031a0
0323e
032d2
032f4
03303
03307
03454
03674
0367c
03680
03771
03875
038fa
038fe
03902
03906
0390a
0141d
0142d
0143a
01447
0144f
014ec
01511
0151e
01527
016bb
016cb
016d7
01ea0
01f96
0208a
02105
02198
0220e
023a2
02af8
02baa
02d0e
02d19
02d2d
02d47
02d62
02dc3
02df4
02e0c
02e25
02e91
02f33
02f58
02f5e
02f75
02f8b
02f90
0302f
030f2
03119
0313a
031c5
031ce
031e1
03300
03328
0333b
03340
033da
03482
03699
03771
03777
0377b
0388e
0390d
03911
03915
03919
0391d
01459
01469
01472
01483
0148c
01531
0154d
01563
0156a
01629
01709
0171a
0196b
01f49
01fba
020d4
02192
021ac
023b7
029c0
02b35
02c17
02c24
02c3b
02d4f
02d5c
02d75
02e23
02e45
02e58
02ebc
02ef8
02f70
02f95
02f9c
02fb2
02fc8
02fcd
03067
0312d
03154
03175
031e7
03209
0321c
0331e
03361
03374
03379
03413
03524
036c5
03793
03797
03859
038a5
03924
03928
0392c
03930
03934
012fd
0130d
0131a
01327
0132f
0158f
01595
015ab
015b3
0174b
0175c
01767
01e6e
01fd9
020c9
02135
021ae
021c8
02346
02abd
02b78
02c14
02c2b
02c37
02c60
02c70
02d98
02e3d
02e6e
02e8b
02ea1
02faa
02fc1
02fd7
02fdb
02ffa
03008
03012
0314f
03171
031a0
031ea
03222
03244
03257
0337d
0339e
033b0
033b4
034d6
03677
037ad
037b3
037b7
038b8
03937
0393b
0393f
03943
03947
01339
0134c
01358
0136a
01372
0150d
015da
015e9
015f7
015ff
01799
017ab
0186a
01f25
01ffe
020e9
021c2
021dc
0235b
02a37
02ba8
02c54
02c66
02c6c
02c7c
02ca0
02cb8
02ddb
02e9d
02eb9
02ece
02f72
02fea
0300e
03016
03027
0303e
03043
03063
0307d
030dd
0319f
0323b
0327a
03290
03326
033b6
033dc
033e9
033ed
03500
03713
037ce
037d2
037e9
038cf
0394e
03952
03956
0395a
0395e
0138d
0139d
013ac
013b7
013bf
01619
0161f
01635
0163c
017d5
017e6
017f1
01ec5
0201c
0204a
02165
021de
021f8
02374
02b36
02bec
02c94
02ca5
02cb1
02cd3
02cea
02d86
02d8e
02da3
02e11
02edc
02ef6
02f01
02f14
02f1e
03035
0304b
0304f
0307c
030a9
030c4
03260
03298
032bf
032cd
033cd
0340a
0341f
03424
034a6
0364b
03736
0373c
037ce
038e2
03961
03965
03969
0396d
03971
013cf
013df
013e8
013f9
01402
014a1
014bd
014d3
014db
0159d
01679
0168a
018ee
01ef2
01f76
02094
021f2
0220c
02389
02942
02ac1
02cce
02cd9
02ce6
02cfb
02d14
02d32
02da9
02dc9
02dde
02e48
02eed
02f0a
02f20
02f24
02f3e
02f51
02f61
0309e
030c0
030f3
0315c
032b1
032eb
03302
03398
03428
0344a
03459
0345d
03550
036e6
03757
0375b
03821
038f9
03978
0397c
03980
03984
03988
015cd
015dd
015e7
015f7
015ff
0169c
016c2
016ce
016d7
0185f
0186f
0187b
01f1a
01f9a
02062
02195
02228
0229e
02427
0269c
02c66
02d18
02e7c
02e87
02e9d
02eb6
02ece
02f31
02f62
02f7a
02f94
02fff
0309f
030c2
030c8
030df
030f3
030f8
03191
03254
0327b
0329c
03323
0332c
0333f
03456
0347e
03485
03489
03552
03711
03821
03826
0382a
0390c
0398b
0398f
03993
03997
0399b
0160a
0161a
01622
01631
0163c
016e1
016fd
01713
0171a
017d4
018a7
018b9
01af7
01f50
0207e
0216b
02222
0223c
0243b
026f5
02b36
02ca3
02d85
02d93
02dae
02ebe
02eca
02ee3
02f92
02fb2
02fc8
0302a
03066
030da
030fd
03104
03118
0312e
03133
031c9
0328f
032b7
032d7
03345
03366
03378
03474
034a8
034af
034b3
0359c
03790
03840
03844
038e3
03923
039a2
039a6
039aa
039ae
039b2
014ae
014bd
014c7
014d7
014df
0173f
01745
0175b
01762
018e3
018f4
018ff
01e66
01fdd
020a1
021c5
0223e
02258
023cf
02764
02c2a
02ce6
02d82
02d9a
02da9
02dcf
02dde
02f05
02fab
02fdc
02ff9
03010
03112
03127
0313d
03141
0315e
0316c
03176
032b1
032d3
03302
03348
0337e
0339e
033b1
034b5
034d6
034db
0354a
03672
03859
0385e
03862
03936
039b5
039b9
039bd
039c1
039c5
014e8
014fc
01508
01517
01522
016ba
0178a
0179a
017a7
017af
0192b
0193d
019f6
01ea2
020be
0210b
02252
0226c
023e3
02559
02baa
02d16
02dc2
02dd4
02dda
02dee
02e0e
02e2a
02f49
0300c
03027
0303e
030dc
03150
03172
0317a
03188
031a0
031a5
031c5
031df
0323f
03301
03395
033d2
033e8
0347c
034df
03500
03505
035e4
037cb
03877
0387b
0388f
0394d
039cc
039d0
039d4
039d8
039dc
0153d
0154d
01557
01567
0156f
017c9
017cf
017e5
017ec
01961
01972
0197d
01ebe
02020
020e0
021f5
0226e
02288
023fb
025ce
02ca4
02d5a
02e02
02e13
02e23
02e42
02e58
02ef4
02efc
02f13
02f7f
0304a
03064
0306d
03080
0308a
03197
031ad
031b1
031de
0320b
03226
033ba
033f0
03415
03423
034f6
03526
0352d
03531
036c3
037ea
037ef
03877
03960
039df
039e3
039e7
039eb
039ef
01580
01590
01598
015a7
015b3
01651
0166d
01683
0168a
0174a
01823
01835
01a7a
01ef9
0203e
0213b
02282
0229c
0240f
02627
02abd
02c2f
02e3c
02e48
02e54
02e69
02e82
02ea4
02f18
02f37
02f4e
02fb5
0305b
03076
0308c
03090
030a8
030bb
030cb
03200
03222
03255
032be
03407
03440
03458
034d0
03533
03550
03557
03628
03754
03808
0380c
038b9
03977
039f6
039fa
039fe
03a02
03a06
0177d
0178d
01798
017a7
017af
01846
01866
01872
0187b
019eb
019fb
01a07
01ff6
02063
02118
02225
022b8
0232e
02483
02574
0267b
0269c
02dd4
02e86
02fea
02ff5
0300c
03024
0303e
0309d
030cc
030e2
030fc
03163
03201
03224
0322a
03241
03255
0325a
032f3
033ae
033d3
033f4
03479
03484
03535
03574
0357b
0357f
037ca
038b9
038be
038c2
0398a
03a09
03a0d
03a11
03a15
03a19
017ba
017ca
017d2
017e2
017ec
01885
0189b
018b1
018b9
01960
01a33
01a45
01c77
02020
0212c
021fb
022b2
022cc
0248f
025d0
026dd
026f5
02ca4
02e11
02ef3
02f00
02f1d
0302c
03038
03051
030fa
03118
0312e
0318b
031c8
0323c
0325f
03266
0327a
03290
03295
03327
033e7
0340c
0342d
0348c
034ae
0355b
03581
0359f
035a3
0383e
038d1
038d5
03961
039a1
03a20
03a24
03a28
03a2c
03a30
0165d
0166d
01678
01687
0168f
018d7
018dd
018f3
018fb
01a6f
01a80
01a8b
01f6d
020a2
02147
02255
022ce
022e8
0244b
02642
02745
02764
02d99
02e54
02ef0
02f07
02f18
02f3b
02f4e
03071
03113
03142
0315d
03174
03274
03289
0329f
032a3
032c0
032ce
032d8
03407
03429
03458
0348f
034b6
034d8
03598
035c0
035c5
03753
038e3
038e8
038ec
039b4
03a33
03a37
03a3b
03a3f
03a43
0169a
016ab
016b8
016c8
016d2
0185e
0191c
0192c
01939
01941
01ab7
01ac8
01b7c
01f9a
0215c
0219b
022e2
022fc
02457
02533
02559
0269e
02d18
02e84
02f30
02f41
02f48
02f5c
02f7c
02f98
030b3
03170
03188
031a0
0323e
032b2
032d4
032dc
032eb
03302
03307
03323
0333d
03399
03457
034cd
034fc
03504
035c9
035e7
035eb
03875
038fb
038ff
0390d
039cb
03a4a
03a4e
03a52
03a56
03a5a
016ed
016fd
01708
01717
0171f
01955
0195b
01971
01978
01aed
01afe
01b09
01fb1
020e1
02177
02285
022fe
02318
02467
025a0
025ce
02710
02e12
02ec8
02f70
02f81
02f92
02faf
02fc8
03062
0306a
0307f
030e7
031ac
031c6
031cf
031e2
031ec
032f9
0330f
03313
0333c
03368
03382
034e3
0350a
0352c
035e0
03608
0360d
0378f
03890
03895
038fb
039de
03a5d
03a61
03a65
03a69
03a6d
0172f
01740
01748
01758
01762
01801
01817
0182d
01835
018e2
019af
019c0
01bfc
01fdd
020fc
021cb
02312
0232c
02473
02601
02627
02766
02c2a
02d9d
02faa
02fb5
02fc2
02fd7
02ff0
03012
03084
030a3
030b8
0311b
031bd
031d8
031ee
031f2
0320a
0321d
0322d
0335c
0337e
033af
03414
03521
0354c
03556
03611
0362d
03631
03806
038a7
038ab
03937
039f5
03a74
03a78
03a7c
03a80
03a84
0190f
0191f
0192a
01939
01941
019d2
019f2
019fe
01a07
01b71
01b81
01b8c
020ba
02119
021a8
022b5
02347
023b9
024ce
0253b
02554
0255c
0256d
02578
02675
0276d
02870
02f41
02ff4
03150
03159
03170
03187
031aa
03201
0323e
03245
03262
032c6
0336f
03384
03388
0339f
033b2
033bc
034cd
034e0
0354a
0357a
03613
03683
03925
0393b
0393f
039cc
03a86
03a8a
03a8e
03a92
03a96
01945
01956
0195e
0196e
01978
01a11
01a27
01a3d
01a45
01aec
01bb7
01bc8
01d73
020e1
021bc
0228b
02344
02358
024d6
02522
025a2
025bb
025c3
025d4
025df
026dd
02804
02e12
02f7f
03061
0306e
0308a
0318e
0319e
03239
03263
03282
03292
032ef
03327
033a8
033be
033c2
033dd
033eb
033f5
034f7
0350a
03570
0359e
03633
038ce
0394d
03952
039de
03a1e
03a9c
03aa0
03aa4
03aa8
03aac
01807
01817
01822
01831
01839
01a63
01a69
01a7f
01a86
01bf1
01c02
01c0c
02039
02148
021d7
022e5
0235d
02375
0249e
025d7
02614
02627
02637
02644
02648
02745
028f4
02f06
02fc2
0305e
03073
03084
030a7
030c4
031d9
03277
032b5
032c1
032d8
033cf
033f2
033f9
0340b
03421
03426
034a7
0352b
03555
03598
035c2
036d1
0394f
03965
03969
039f6
03aae
03ab2
03ab6
03aba
03abe
01844
0184f
0185c
0186c
01876
019ea
01aa8
01ab8
01ac5
01acd
01c37
01c49
01cd0
02063
021ec
0222b
02372
02386
024a6
02533
025f6
02666
02689
02691
026a2
026ad
02796
02e86
02ff2
0309c
030ab
030b2
030c6
030e5
0320d
032af
032d9
032f2
03304
03399
0341a
03430
03434
0344b
0345b
03463
03485
03550
035a8
035c9
035e8
038f8
03977
0397c
0398a
03a48
03ac4
03ac8
03acc
03ad0
03ad4
0188b
0189b
018a6
018b5
018bd
01ae1
01ae7
01afd
01b04
01c6d
01c7e
01c88
02079
02178
02207
02315
0238b
023a3
024b6
025a0
026a5
026e4
026f5
02705
02712
02716
028d3
02f80
03036
030da
030e9
030fa
03117
0313a
031c6
031ce
031e8
0324f
03314
03329
0333d
03342
033db
0345f
03467
03475
0348c
034fa
035e0
0360a
0371e
0390d
03912
03916
039a2
03ad6
03ada
03ade
03ae2
03ae6
018c7
018d8
018e0
018f0
018fb
0198d
019a3
019b9
019c0
01a6e
01b37
01b49
01d24
020a2
0218c
0225b
023a0
023b4
024be
02601
026c4
02731
02751
02759
0276a
02776
02820
02d99
02f0b
03112
0311b
03128
0313d
03155
031bd
031ed
03207
0321c
0327e
03320
03347
0334e
03362
03376
0337b
03414
034ad
034d9
035f0
03611
0362e
038a4
03923
03928
039b4
03a72
03aec
03af0
03af4
03af8
03afc
01a9c
01aab
01ab6
01ac5
01acd
01b58
01b78
01b84
01b8c
01cc5
01cd5
01ce1
02158
021a9
02238
02342
023d0
0243d
02511
0252e
02539
0254c
02576
026fe
02757
02773
0279a
027b5
027c2
02870
02950
02f43
030b2
032b0
032bb
032c7
032e0
03302
0335d
03398
0339f
033bc
0341c
034b8
034be
034d3
034db
034e5
035bd
035ca
03683
03937
039b6
039bb
03a47
03a87
03b01
03b05
03b09
03b0d
01ad2
01ae2
01aea
01afa
01b04
01b95
01bab
01bc1
01bc8
01c6c
01cf5
01d06
01e4b
02178
0224c
0231b
023cd
023e0
02518
02522
02567
02595
025a0
025b3
025dd
0275f
0278e
027df
027fd
02807
028b5
02a3d
030e6
0318d
031ce
031eb
032f0
032fc
03315
033bd
033da
033ea
03444
0347d
034e2
034e9
034fd
03505
0350f
035e5
0360b
0371f
039b8
039ce
039d2
03a5f
03b12
03b16
03b1a
03b1e
03b22
01993
019a3
019ae
019bd
019c5
01be5
01beb
01c01
01c09
01d19
01d2a
01d34
020f7
021d8
02267
02370
023e5
023fc
024e5
0257e
025c0
025d7
02603
0260b
02625
0264b
0280b
02829
02849
0284e
029ce
02fb7
0311c
031be
031d4
031db
031f4
0321a
03331
033cf
0340a
03417
0342e
034f8
03511
03515
0352c
03531
03605
03612
03651
03961
039e0
039e5
03a71
03aaf
03b27
03b2b
03b2f
03b33
019d0
019db
019e8
019f8
01a02
01b70
01c28
01c38
01c45
01c4c
01d49
01d5a
01dc0
02119
0227c
022bb
023f9
0240c
024ec
025c8
025f6
02635
02666
02677
0267f
026ab
02799
02850
02874
0288e
02893
02a0d
030ad
03164
0320b
03212
03227
03246
03262
03371
0342f
03448
0345a
034d1
03535
0353d
0354d
03557
0355f
0357b
0362a
036f8
039e2
039f8
039fc
03a0b
03b38
03b3c
03b40
03b44
03b48
01a17
01a27
01a32
01a41
01a49
01c61
01c67
01c7d
01c85
01d69
01d7a
01d84
02127
02208
02297
0239e
02411
02428
024fb
0264c
0268e
026a5
026d7
026e2
026f3
0271b
02863
028af
028c9
028d6
02973
02eff
0318c
0323a
0324a
03251
0326a
03290
03324
0332c
03346
033a9
0346a
0347f
03487
03491
0355b
03563
03571
03582
0369f
0390d
0398e
03992
03a1d
03ad7
03b4d
03b51
03b55
03b59
01a53
01a64
01a6c
01a7c
01a86
01b15
01b2b
01b41
01b49
01bf0
01ca1
01cb2
01e08
02148
0221c
022eb
02425
02438
02502
02696
026c4
02703
02731
02741
02749
02774
02823
028da
028f8
02912
02918
02a85
03070
0311d
0327b
03288
0329e
032b7
032d8
0334b
03363
03378
033d6
03476
03493
03497
034ae
034b3
03525
0359d
035c3
036d2
0398e
039a4
039a8
03a35
03b5e
03b62
03b66
03b6a
03b6e
00cfa
01c1d
01c2b
01c36
01c45
01c4c
01cc2
01cd4
01cdc
01d42
01dbb
01dcc
01f35
021e8
02239
022c8
023cb
0244c
02491
025c5
025f8
02642
02665
0268c
0273f
02756
02792
02798
027b5
028c5
0290c
02936
0294c
02951
02962
02a97
02b71
03214
03408
03411
03428
0343f
03462
034b5
034d2
034e1
035a5
035ad
035c0
035c6
036e5
036f8
036fc
03976
03a33
03a38
03a3c
03b70
03b74
03b78
00d6c
01c53
01c62
01c6a
01c7a
01c85
01ce9
01cf6
01d03
01d0b
01dd9
01dea
01df4
01f64
02208
022dc
023a6
02449
02454
02533
02559
02595
02632
0269f
026b1
026d2
0270e
027b9
027dd
027fd
02904
0292a
02975
0298a
02998
029a1
02b07
03248
032f0
0332e
0334a
03446
03456
034cc
034ec
03502
035bc
035d0
035d4
035e8
035ec
03712
03720
03724
039cb
03a4b
03a4f
03ad8
03b7e
03b82
03b86
00aab
01b1d
01b2b
01b36
01b45
01b4c
01d13
01d20
01d2d
01d34
01e03
01e14
01e85
02187
02268
022f7
023f7
02459
02468
025a0
025ce
02693
026c6
02710
02730
02754
027b1
027d7
02820
02829
02842
0298c
029ba
029cd
029d1
02a75
02be5
0327e
03320
03333
03344
03366
03382
03509
03526
03537
035ed
035f6
03608
0360e
03648
0365c
03660
03922
03a5d
03a62
03a66
03b88
03b8c
03b90
00b22
01b56
01b64
01b6e
01b7e
01b88
01cc4
01d40
01d53
01d5a
01e21
01e32
01e3d
01eb5
021a9
0230c
0234a
02465
02470
02528
02546
0256d
02602
02628
026f9
02766
02772
0280c
02843
02870
02884
02934
029d3
029fc
02a0c
02a10
02aaf
0320f
032c6
0336a
03370
03384
033a1
03520
03540
03554
03604
03618
0361c
0362e
03632
03675
03685
03689
039f5
03a75
03a79
03a88
03b96
03b9a
03b9e
00bd3
01b9d
01bab
01bb6
01bc5
01bcc
01d63
01d72
01d7d
01d84
01e49
01e58
01edd
021b7
02298
02327
02423
02475
02484
02569
02575
025ad
025d4
02676
0268f
0275a
0283b
02861
028ae
028b7
028cc
029ed
02a32
02a47
02a4d
02a5e
02bbe
032ef
03396
033a5
033b6
033d1
033f4
0347c
03486
03560
03578
0357e
0362a
0363a
03697
036aa
036ae
0394c
03a0a
03a0f
03a75
03ba0
03ba4
03ba8
00c4a
01bd7
01be6
01bee
01bfe
01c09
01c95
01ca2
01caf
01cb6
01d91
01da2
01dac
01f0d
021d8
022ac
02378
02481
0248c
0255d
0258f
025d7
02611
02622
02644
026e3
02704
02896
028cd
028f4
02908
029b4
02a51
02a76
02a84
02a88
02b29
031d2
0327f
033d5
033e2
033f7
0340d
03474
03498
034ae
03570
03588
0358c
035a0
035a4
036c4
036d3
036d7
039a1
03a21
03a25
03ab0
03bae
03bb2
03bb6
00b1d
00b26
00b36
00b42
00b4a
00f20
01d46
01d55
01d5d
01dbc
01dc8
01dd0
02009
02278
022c9
02357
02447
0249d
024da
02590
025b9
025c6
025d7
025e7
02609
0261a
02635
0263d
02647
02670
02746
0281e
02850
0287d
028f4
02934
0293d
0295d
02a8a
02ab0
02ac5
02ace
02b70
02c3c
0320f
03371
03533
03554
0359a
035c2
03678
036da
037af
037bb
03a33
03ab1
03ab5
03b38
03bba
03bbe
00bab
00bb7
00bbf
00bd0
00bdb
00f54
01d64
01d72
01d7f
01d87
01de9
01df0
01e40
0202e
02298
0236a
0242b
0249a
024a5
02533
025f5
02600
02629
02631
02640
02650
0267d
02690
026a0
026ac
026b0
02799
02863
02895
028c2
0292a
02973
0297c
0299d
02aa4
02aed
02b02
02b12
02bad
02d1b
033a3
03478
03491
03567
035d0
035ef
036f8
03714
037d6
037da
03ab1
03ac7
03acb
03bc2
03bc6
03bca
00c45
00c4e
00c5e
00c6a
00c72
00de0
01c9e
01cad
01cb5
01d91
01e0d
01e14
01f81
02217
022f8
02384
02463
024aa
024b5
025a0
0265e
02687
02694
026a5
026b5
026d1
026e8
02703
0270f
02715
0273a
0287f
028d3
028ef
0290f
0296f
029b2
029bb
029db
02b05
02b30
02b45
02b4a
02cb5
0327f
033e2
0348b
034ae
035e2
0360a
0364c
0371e
03737
03743
03a5d
03ad9
03add
03b5e
03bce
03bd2
00cd3
00cdf
00ce7
00cf8
00d03
00e1a
01cc0
01ccc
01cdb
01ce3
01e28
01e35
01e3d
01fa8
02239
02398
023d3
024b2
024bd
0252e
02607
026c5
026ee
026fb
02709
0271c
02729
02748
02764
0276c
02777
02794
027ae
02820
0290c
0298f
029d3
029fc
02a0a
02aae
02b40
02b72
02b7f
02b87
02cf3
0340e
034a2
034bc
034e5
03618
03635
03664
036e7
0375f
03763
03ad9
03aef
03af3
03bd6
03bda
03bde
00d67
00d70
00d80
00d8c
00d94
00e80
01cf2
01d01
01d08
01dd9
01e51
01e58
01fc5
02247
02328
023b2
0247f
024c2
024cd
02529
02546
0255c
0256d
02578
02595
0267b
0274c
0275a
02762
0277a
02780
027bf
027e7
02801
02902
029ed
02a32
02a3f
02a59
02b61
02ba4
02bb9
02bc2
02c59
032f0
03450
034df
03502
03576
03587
03676
0369a
03773
0377f
03a09
03a8a
03a8e
03b12
03be2
03be6
00a83
00a8f
00a97
00aa8
00ab3
00eba
01d14
01d20
01d2f
01d37
01da1
01da8
01dfc
01fec
02268
0233c
023ff
024ca
024d5
02521
02531
0255b
02563
02572
02582
025a6
025c2
025d2
025de
025e2
026de
027b0
02804
0282c
02846
02a15
02a51
02a74
02a82
02b28
02bbd
02be6
02bf3
02bfb
02d67
03331
034f6
03511
03539
03588
035a7
036aa
036c6
0379b
0379f
03a89
03a9f
03aa3
03bea
03bee
03bf2
00ad6
00ae0
00b39
00b43
00b4a
00cf1
00e1c
00e31
00e38
010e7
01e2e
01e38
01f05
020d3
02353
023dd
02498
024e4
0251c
0258f
0259c
025d8
02603
0260b
0263b
026cf
026f9
027d6
027f0
027fa
0280e
02821
0283f
0284c
028f4
029ce
029f3
02a0a
02a75
02ab0
02ac5
02bc8
02c18
02c24
02c35
02c41
02d5e
02e4c
03606
0361f
03650
0365d
036d9
03863
03867
03b13
03b29
03b94
03bf6
03bfa
00b63
00b71
00b9c
00bd2
00bdb
00d74
00e69
00e7c
00e85
00e8c
01e48
01e55
01e5c
020eb
02326
023ef
0247f
024e1
024eb
025aa
025fe
02626
02666
02677
0267f
026ac
0274b
02760
0281a
02835
02843
02853
02867
02884
02891
02934
02a0d
02a32
02a49
02aa5
02aed
02b02
02bff
02c37
02c62
02c72
02c84
02de1
033a4
03586
03639
03679
036ee
037cc
03880
03a09
03b3a
03b3e
03bfe
03c02
03c06
00aa1
00c19
00c24
00c61
00c6b
00c72
00ebc
00ed1
00ed9
00fbf
01d9e
01da8
01f5c
02053
02380
02408
024b0
024f0
024fa
0254e
02563
0265d
02677
026a6
026d6
026e2
0270d
027db
02862
02880
0288c
0289a
028b6
028cb
028d8
02a2c
02a5d
02a71
02a98
02ae8
02b2a
02b43
02c55
02c97
02cad
02cb9
02d52
02ec0
03572
0358f
0369e
036ab
03726
037f3
037f7
03b39
03b4f
03bac
03c0a
03c0e
00b2a
00ca6
00cb5
00cc4
00cfc
00d03
00f09
00f1c
00f25
00f2d
01dba
01dc8
01dd0
0206c
022c7
0241b
02447
024f7
02501
025af
025c4
02663
026da
026f4
02729
0273f
02747
02775
028a5
028bf
028cd
028dd
028ed
02908
02916
02930
02941
02962
02a8a
02b19
02b42
02b72
02b84
02c92
02cd5
02cea
02cf6
02d8c
03410
035ab
035ce
03664
036c9
03755
03811
03a33
03b60
03b64
03c12
03c16
03c1a
00bc9
00d41
00d4c
00d84
00d8d
00d94
00f56
00f6b
00f72
01053
01de6
01df0
01ead
02093
023ae
02434
024c8
02506
02510
02529
02536
0253f
0256f
02619
0262c
0273c
02755
02791
0279a
027b6
027c3
02873
02904
02910
0291e
02950
0297b
02994
029ff
02b62
02ba7
02bb9
02c59
02cee
02d1c
02d2b
02d35
02e98
035be
035d7
03676
036e7
03712
0382b
0382f
03b00
03b04
03b7c
03c1e
03c22
00a39
00a49
00a74
00aaa
00ab3
00c52
00dc9
00ddc
00de5
00ded
01e02
01e11
01e18
020ac
022f6
023c3
02463
0250d
02517
02521
02532
02570
0259a
025a2
025b3
025e4
02686
02699
0278d
027b1
027bd
027cb
027e5
027ff
02809
0296f
029a0
029bf
029e0
02b93
02bbf
02be6
02bf8
02d0c
02d49
02d62
02d6a
02e06
03332
035f4
03616
036aa
0370f
03791
03849
03a5d
03b14
03b18
03c26
03c2a
03c2e
0256f
02579
0276d
02773
02782
027c2
02870
02874
02904
0291a
02920
029d8
02a0d
02a22
032c5
0335b
0337d
03385
0338c
034bd
03613
03620
03685
0368e
0377c
0382b
03902
03a8c
03b01
03b08
03b98
03be3
03c1e
03c31
03c35
03c39
03c3d
03c41
03c45
03c49
03c4d
03c51
03c55
03c59
03c5d
03c61
03c65
03c69
03c6d
03c71
03c75
03c79
03c7d
03c81
03c85
03c89
03c8d
03c91
03c95
03c99
02570
0257c
02587
025d6
025e0
027af
027b3
027c9
02804
02812
028b7
02a15
02a24
02a4e
032f8
032fc
03396
033bd
033c3
034e2
034ee
0363a
036a4
036ae
036b7
037a1
0384d
03a9e
03aa5
03b16
03ba2
03beb
03c26
03c2a
03c33
03c9e
03ca2
03ca6
03caa
03cae
03cb2
03cb6
03cba
03cbe
03cc2
03cc6
03cca
03cce
03cd2
03cd6
03cda
03cde
03ce2
03ce6
03cea
03cee
03cf2
03cf6
03cfa
03cfe
03d02
025d9
025e8
0263b
02645
02653
027f6
0280c
02814
0284c
028f4
028f8
02a56
02a85
02a9a
031d9
033cd
033ef
033f8
033fe
03512
03584
03590
036d3
036dc
037b8
03863
038ae
03ab4
03b27
03b2e
03bb0
03bbb
03bf6
03c9e
03ca2
03d07
03d0b
03d0f
03d13
03d17
03d1b
03d1f
03d23
03d27
03d2b
03d2f
03d33
03d37
03d3b
03d3f
03d43
03d47
03d4b
03d4f
03d53
03d57
03d5b
03d5f
03d63
03d67
0263e
0264a
02655
026a4
026ae
02796
0279a
0283b
02851
02859
02891
02950
02965
02a8f
03212
03216
03408
0342f
03435
03535
03542
035ad
036f2
036fc
03705
037dc
03884
03ac6
03acd
03b3c
03b72
03bc3
03bfe
03c02
03d07
03d6c
03d70
03d74
03d78
03d7c
03d80
03d84
03d88
03d8c
03d90
03d94
03d98
03d9c
03da0
03da4
03da8
03dac
03db0
03db4
03db8
03dbc
03dc0
03dc4
03dc8
03dcc
03dd0
026a7
026b6
0270d
02713
02721
027dd
0287e
02882
02898
028d3
028e1
0295a
02997
029a4
0324f
03322
03456
03466
0346c
03562
035cc
035d8
03720
03729
03740
037f3
038d8
03adc
03b4d
03b54
03b80
03bcf
03c0a
03d6c
03d70
03dd5
03dd9
03ddd
03de1
03de5
03de9
03ded
03df1
03df5
03df9
03dfd
03e01
03e05
03e09
03e0d
03e11
03e15
03e19
03e1d
03e21
03e25
03e29
03e2d
03e31
03e35
02709
02718
02723
0276c
02777
02820
02824
028c5
028db
028e3
02916
0298f
029a6
029d0
03288
0328c
03320
0334b
03351
0348e
0349a
035f6
03656
03660
03669
03765
03815
03aee
03af5
03b62
03b8a
03bd7
03c12
03c16
03c39
03dd3
03dd7
03e3c
03e40
03e44
03e48
03e4c
03e50
03e54
03e58
03e5c
03e60
03e64
03e68
03e6c
03e70
03e74
03e78
03e7c
03e80
03e84
03e88
03e8c
03e90
03e94
03e98
0261e
02719
02725
027b7
027c4
0290c
02911
02924
02952
029fc
02a00
02a8f
02b4e
02b57
02b85
03419
0341d
034a4
034bb
034c2
035a8
035b4
036fa
03703
03758
03761
03769
03831
03980
03b03
03b72
03bd7
03c1e
03c3d
03c41
03c45
03c49
03c4d
03d73
03d77
03d7b
03e3a
03e9d
03ea1
03ea5
03ea9
03ead
03eb1
03eb5
03eb9
03ebd
03ec1
03ec5
03ec9
03ecd
03ed1
03ed5
03ed9
03edd
03ee1
02683
02687
0277f
027b9
027be
027d3
027ff
02809
02958
02967
02999
02a3b
02a3f
02b8d
02bbc
02bd1
03450
034cc
034df
034ea
034f0
035d2
03718
03722
0372b
0377c
03785
03847
038d8
03b14
03b1b
03b80
03c26
03c2a
03ca4
03ca8
03cac
03cb0
03cb4
03dda
03dde
03de2
03e9b
03e9f
03ee8
03eec
03ef0
03ef4
03ef8
03efc
03f00
03f04
03f08
03f0c
03f10
03f14
03f18
03f1c
03f20
03f24
03f28
02582
026ea
026ee
027fc
02810
0283f
02846
0285b
02991
029ce
029e5
02a76
02bc8
02bd3
02bf9
03335
03339
034f8
03510
03516
035f0
035fc
0365e
03667
03794
0379d
037a5
03869
0392c
03b29
03b8a
03beb
03bf6
03cb7
03d0d
03d11
03d15
03d19
03e3b
03e3f
03e43
03e47
03ee8
03f2b
03f2f
03f33
03f37
03f3b
03f3f
03f43
03f47
03f4b
03f4f
03f53
03f57
03f5b
03f5f
03f63
03f67
03f6b
025e5
025f0
0274d
02843
02848
0285d
02886
02893
02934
02938
029d8
02a0d
02a22
02ace
02bff
02c0a
03370
03520
03533
0353e
03544
0361a
0367d
03687
03690
037b8
037c1
0387e
03902
03b3a
03b41
03b98
03bfe
03c02
03c54
03c58
03c5c
03d7e
03d82
03d86
03d8a
03d8e
03f2b
03f2f
03f72
03f76
03f7a
03f7e
03f82
03f86
03f8a
03f8e
03f92
03f96
03f9a
03f9e
03fa2
03fa6
03faa
03fae
03fb2
02550
0264c
02657
0288a
0289a
028c9
028d2
028e5
02975
02a15
02a24
02a4e
02ad4
02adf
02b12
033a7
033ab
0347a
03560
03566
03633
03640
036ac
036b5
037cf
037d8
037e0
037f9
03956
03b4f
03ba2
03bc3
03c0a
03cb9
03cbd
03cc1
03d91
03de7
03deb
03def
03df3
03df7
03f72
03fb5
03fb9
03fbd
03fc1
03fc5
03fc9
03fcd
03fd1
03fd5
03fd9
03fdd
03fe1
03fe5
03fe9
03fed
03ff1
03ff5
025b5
025b9
026b7
028cd
028d1
028e7
0290a
02918
029b2
029b6
02a56
02a85
02a9a
02b0d
02b3f
02b59
033e2
03474
0348b
03496
0349c
0358a
036cb
036d5
036de
03740
03749
0380f
038ae
03b60
03b67
03bb0
03c12
03c16
03d22
03d26
03d2a
03e48
03e4c
03e50
03e54
03e58
03ea1
03ea5
03fb7
03ffa
03ffe
04002
04006
0400a
0400e
04012
04016
0401a
0401e
04022
04026
0402a
0402e
04032
04036
025ca
025e5
025f0
02833
028db
028e3
0294f
0295f
02a8a
02a91
02a9e
02ace
02b70
02b74
02c01
02cb3
02cc5
02cf6
03598
035a5
035af
035b6
036fa
03703
037b2
037bb
037c3
0380f
03817
038c3
039fe
03b74
03c12
03d1e
03d74
03d78
03d7c
03d95
03e48
03ea8
03f75
03f79
03f7d
04039
0403d
04041
04045
04049
0404d
04051
04055
04059
0405d
04061
04065
04069
0406d
04071
04075
04079
0262f
02633
02650
02876
0287a
0291c
02955
0295c
0296b
02996
0299e
02ad4
02adf
02b12
02bad
02bb1
02cfc
02d30
02d3f
035be
035d0
035d6
03718
03722
0372b
037d5
037de
03825
0382e
03835
03956
03b7e
03bc3
03c21
03d92
03ddb
03ddf
03de3
03dfc
03eeb
03eef
03fbc
03fc0
03fc4
0403b
0407e
04082
04086
0408a
0408e
04092
04096
0409a
0409e
040a2
040a6
040aa
040ae
040b2
040b6
040ba
02698
026b3
026be
027c9
028bb
028bf
0298e
0299f
029cb
029d2
029e7
02b0d
02b3f
02b59
02be6
02d27
02d41
02d6a
035e0
035ed
035f8
035fe
0365e
03667
0373a
03743
0374b
03847
0384f
038ed
039aa
03b8c
03c26
03ca4
03e3c
03e40
03e44
03e5b
03e5f
03f32
03ff9
03ffd
04001
0407e
04082
040bf
040c3
040c7
040cb
040cf
040d3
040d7
040db
040df
040e3
040e7
040eb
040ef
040f3
040f7
026fd
02701
0271e
0280c
02814
028fc
029d3
029da
029e9
02a0c
02a1c
02aae
02ab2
02b50
02b7f
02b94
02c3f
02d60
02d78
03606
03618
0361e
0367d
03687
03690
0375e
03767
0385d
03866
0386d
03980
03b96
03bd7
03bf9
03c54
03c58
03c5c
03c60
03d0a
03eac
03eb0
03eb4
03f81
03f85
040bf
040fc
04100
04104
04108
0410c
04110
04114
04118
0411c
04120
04124
04128
0412c
04130
04134
04138
02760
0277a
02786
027a9
02851
02859
02a14
02a1d
02a49
02a50
02a65
02aed
02b8b
02b96
02bc2
02c39
02c4d
02c82
03574
0362a
0363c
03642
036ac
036b5
03776
0377f
03787
0387e
03886
03899
039d4
03ba4
03bfe
03c50
03cbb
03cbf
03cc3
03cc7
03d7e
03ef3
03ef7
03efb
03fc8
040fc
04100
0413d
04141
04145
04149
0414d
04151
04155
04159
0415d
04161
04165
04169
0416d
04171
04175
02561
02565
02582
027ec
027f0
02898
02a51
02a58
02a67
02a84
02a94
02b28
02b2c
02bca
02bf3
02c08
02c7d
02cb5
02cc7
03572
03588
0358e
036cb
036d5
036de
0379a
037a3
037ed
037f6
037fd
0392c
03bae
03beb
03c0d
03d20
03d24
03d28
03d2c
03d30
03f36
03f3a
03f3e
04005
04009
04041
0413b
0413f
0417c
04180
04184
04188
0418c
04190
04194
04198
0419c
041a0
041a4
041a8
041ac
041b0
02591
025d9
025e8
027f4
027f8
0280e
029c3
029c7
02a56
02ac5
02acd
02ae1
02bfd
02c05
02c3c
02c4b
02ce0
02d60
02d78
02e2d
02e5b
02e70
036ce
037b2
037bb
037c3
03863
0386b
038a8
038b1
03942
03a7d
03bf4
03c9e
03d1e
03f76
03f7a
03f7e
03f88
04044
04048
04103
04107
0410b
041b5
041b9
041bd
041c1
041c5
041c9
041cd
041d1
041d5
041d9
041dd
041e1
041e5
041e9
041ed
041f1
025f6
0263e
0264a
02655
0283b
02851
02859
02a04
02a8d
02a9c
02ad2
02ada
02b02
02b11
02b1e
02c45
02c79
02c88
02d1d
02e63
02e72
02e9a
036f2
03703
037d5
037de
03878
03881
03888
038c3
038c8
039d5
03bc3
03c03
03d72
03d92
03fbd
03fc1
03fcb
03fcf
04085
04140
04144
04148
041b3
041b7
041f8
041fc
04200
04204
04208
0420c
04210
04214
04218
0421c
04220
04224
04228
0422c
04230
0265f
026a7
026b6
0287e
02882
02898
02958
02967
02a43
02b05
02b0e
02b20
02b45
02b4b
02c76
02c8a
02cb9
02d52
02d56
02ea7
02ed1
02ee4
0371b
0373a
03743
0374b
037f3
037fb
038d2
038db
0396c
03a29
03c08
03d6c
03de6
03ffa
03ffe
04002
0400c
040c2
040c6
0417b
0417f
04183
041f8
04233
04237
0423b
0423f
04243
04247
0424b
0424f
04253
04257
0425b
0425f
04263
04267
0426b
026c4
02709
02718
02723
028c5
028db
028e3
02991
02a7a
02a7e
02b4c
02b54
02b7c
02b84
02b98
02c1e
02cb3
02cc5
02cf6
02da4
02db9
02ede
03656
03667
0375e
03767
03809
03812
03819
038ed
038f2
039ff
03bd7
03c17
03e3a
03e49
03eaf
03eb3
03eb7
03ebb
0404c
04050
04054
0410f
04233
04237
04272
04276
0427a
0427e
04282
04286
0428a
0428e
04292
04296
0429a
0429e
042a2
042a6
042aa
0252a
0276f
0277e
02902
02906
0291c
02945
02949
029d8
02b80
02b8e
02b9a
02bbb
02bc5
02c59
02c5d
02cfc
02d30
02d3f
02db3
02de1
02df6
03680
03776
0377f
03787
0382b
03833
038fc
03905
03918
03a53
03c1c
03c37
03c50
03ef2
03ef6
03efa
03efe
04089
0408d
04091
0414c
04150
04272
042ad
042b1
042b5
042b9
042bd
042c1
042c5
042c9
042cd
042d1
042d5
042d9
042dd
042e1
042e5
02522
02570
0257c
02587
027b1
027c7
027cf
02986
02a15
02a24
02bc6
02bce
02bf0
02bf8
02c0e
02c98
02d27
02d41
02d6a
02de9
02df8
02e20
036a4
036b5
0379a
037a3
03841
0384a
03851
03899
0389e
039ab
03beb
03c2b
03ca4
03cb9
03f39
03f3d
03f41
03f45
040ca
040ce
040d2
04187
041b9
041bd
042af
042ea
042ee
042f2
042f6
042fa
042fe
04302
04306
0430a
0430e
04312
04316
0431a
0431e
026ec
027d7
027fa
02803
02818
02991
02b39
02b3d
02bca
02c33
02c3b
02c4f
02d6e
02d74
02da4
02db9
02e4e
02ed6
02ee6
02f9b
02fc6
02fde
03659
03794
037a4
03863
0386b
038e7
038f0
03927
03930
03a3d
03bf4
03d0b
03ee6
04102
04106
0410a
04114
041be
041c2
04277
0427b
0427f
04323
04327
0432b
0432f
04333
04337
0433b
0433f
04343
04347
0434b
0434f
04353
04357
0435b
0435f
0274b
0274f
0281e
02845
02855
029d6
029e3
02b78
02bff
02c0a
02c43
02c49
02c70
02c78
02c8c
02db3
02de1
02df6
02e8b
02fd2
02fe0
03008
0367d
0368e
037b5
03878
03881
03888
03902
03907
03943
039d4
03a93
03c03
03d7f
03f76
04143
04147
04151
04155
041fd
042b2
042b6
042ba
04321
04325
04366
0436a
0436e
04372
04376
0437a
0437e
04382
04386
0438a
0438e
04392
04396
0439a
0439e
02550
02861
02888
0288d
028a2
02a17
02ad4
02adf
02bb5
02c74
02c7f
02c8e
02caf
02cbb
02de9
02df8
02e20
02ec0
02ec4
03015
0303a
03052
036a7
037cf
037df
037f3
037fb
03893
0389c
03951
0395a
03a67
03c08
03cb9
03f70
0417a
0417e
04182
0418c
04238
0423c
042eb
042ef
042f3
04366
043a1
043a5
043a9
043ad
043b1
043b5
043b9
043bd
043c1
043c5
043c9
043cd
043d1
043d5
043d9
025b5
025b9
028a8
028cf
028df
02a54
02a63
02b0d
02bea
02bee
02cbd
02cc3
02cea
02cf2
02d06
02d8c
02e26
02e33
02e5d
02f0f
02f27
0304c
036cb
036dc
0373d
03809
03812
03819
038ae
038b3
0396d
039fe
03abb
03c17
03e49
03ffa
0404d
04051
04055
04059
041c6
041ca
041ce
04283
043a1
043a5
043e0
043e4
043e8
043ec
043f0
043f4
043f8
043fc
04400
04404
04408
0440c
04410
04414
04418
0261e
02792
0290c
02911
02924
02a8f
02abf
02ac3
02b50
02cee
02cfe
02d08
02d2b
02d35
02dc7
02dcb
02e6a
02e98
02ead
02f21
02f4c
02f64
036f5
03758
03768
0382b
03833
038bd
038c6
0397b
03984
03a13
03c1c
03c3d
03ea1
0408a
0408e
04092
04096
04201
04205
04209
042be
042c2
043e0
0441b
0441f
04423
04427
0442b
0442f
04433
04437
0443b
0443f
04443
04447
0444b
0444f
04453
02683
02687
0278e
027bb
027cb
02958
02967
02afe
02b8b
02b96
02d37
02d3d
02d62
02d66
02d7c
02e06
02e9f
02eaf
02ed3
02f58
02f66
02f8e
03718
03729
03779
03841
0384a
03851
038d8
038dd
03919
039aa
03ae3
03c2b
03dda
03ef2
040cb
040cf
040d3
040d7
04240
04244
04248
042f7
04327
0432b
0441d
04458
0445c
04460
04464
04468
0446c
04470
04474
04478
0447c
04480
04484
04488
0448c
028bd
0296f
0298c
02993
029aa
02b0d
02ca7
02cab
02d39
02da1
02da8
02dbd
02edc
02ee2
02f0f
02f27
02fbc
03045
03054
03103
0312c
03144
03659
0373a
0374a
03844
038e7
038f0
03966
0396f
039aa
039af
03abc
03e3d
0407e
04276
0427a
0427e
04288
0432c
04330
043e5
043e9
043ed
04491
04495
04499
0449d
044a1
044a5
044a9
044ad
044b1
044b5
044b9
044bd
044c1
044c5
044c9
044cd
028fa
028fe
029b0
029d5
029de
02b4e
02b57
02ce6
02d60
02d78
02db1
02db7
02dde
02de5
02dfa
02f21
02f4c
02f64
02ff9
03138
03146
0316c
0367d
0368e
0375b
0385d
0386c
03902
03907
03982
039b9
039c2
03a53
03b0b
03ead
04102
042b5
042b9
042c3
042c7
0436b
04420
04424
04428
0448f
04493
044d4
044d8
044dc
044e0
044e4
044e8
044ec
044f0
044f4
044f8
044fc
04500
04504
04508
0450c
027a9
029ed
02a12
02a19
02a28
02b8d
02c39
02c4d
02d23
02de6
02df1
02dfc
02e1d
02e29
02f58
02f66
02f8e
0302e
03032
03179
0319c
031b4
036a7
03776
03786
0387b
03893
0389c
03912
0391b
039d4
039d9
03ae4
03cb9
040fc
042ea
042ee
042f2
042fc
043a6
043aa
04459
0445d
04461
044d4
0450f
04513
04517
0451b
0451f
04523
04527
0452b
0452f
04533
04537
0453b
0453f
04543
04547
027ec
027f0
02a2e
02a53
02a5b
02bc8
02bd3
02c7d
02d58
02d5c
02e2b
02e31
02e58
02e5f
02e74
02efa
02f95
02fa1
02fcb
0307b
03093
031ae
036cb
036dc
03797
037ed
037fc
038ae
038b3
0392e
039e3
039ec
03a7d
03b31
03f37
0417b
041c7
041cb
041cf
041d3
04334
04338
0433c
043f1
0450f
04513
0454e
04552
04556
0455a
0455e
04562
04566
0456a
0456e
04572
04576
0457a
0457e
04582
04586
02833
02930
02a8a
02a91
02a9e
02c01
02c2d
02c31
02cbf
02e60
02e6c
02e76
02e97
02ea2
02f35
02f39
02fd8
03003
0301b
0308d
030b6
030ce
036f5
037b2
037c2
0380c
038bd
038c6
0393c
03945
039fe
03a03
03a94
03d72
0403f
04202
04206
0420a
0420e
0436f
04373
04377
0442c
04430
0454e
04589
0458d
04591
04595
04599
0459d
045a1
045a5
045a9
045ad
045b1
045b5
045b9
045bd
045c1
02876
0287a
0292c
02957
02960
02ad4
02adf
02c6c
02cf0
02d04
02ea5
02eab
02ece
02ed5
02eea
02f74
0300e
0301d
03041
030c2
030d0
030f6
03718
03729
037d2
03825
03834
038d8
038dd
03958
0398f
03998
03a29
03b57
03fbb
0408a
04241
04245
04249
0424d
043ae
043b2
043b6
04465
04495
04499
0458b
045c6
045ca
045ce
045d2
045d6
045da
045de
045e2
045e6
045ea
045ee
045f2
045f6
045fa
02a43
02ae7
02b05
02b0e
02b20
02c7d
02e15
02e19
02ea7
02f11
02f17
02f2b
0304a
03050
0307b
03093
03122
031a7
031b6
03265
0328e
032a6
0373d
037ed
037fc
038d5
03965
0396e
039e4
039ed
03a28
03a2d
03b31
03ffa
041f6
043e4
043e8
043ec
043f6
0449a
0449e
04553
04557
0455b
045ff
04603
04607
0460b
0460f
04613
04617
0461b
0461f
04623
04627
0462b
0462f
04633
04637
0463b
02a7a
02a7e
02b26
02b4c
02b54
02cb3
02cc5
02e54
02ed6
02ee6
02f1f
02f25
02f4e
02f54
02f68
0308d
030b6
030ce
0315d
0329a
032a8
032ce
03758
03768
0380c
038e7
038f0
03980
03985
03a00
03a37
03a40
03ad0
03b76
0404b
04277
04423
04427
04431
04435
044d9
0458e
04592
04596
045fd
04601
04642
04646
0464a
0464e
04652
04656
0465a
0465e
04662
04666
0466a
0466e
04672
04676
0467a
02947
02b61
02b80
02b8e
02b9a
02cfc
02dac
02dbb
02e91
02f55
02f5f
02f6a
02f8d
02f97
030c2
030d0
030f6
03190
03194
032db
032fe
03316
03779
03825
03834
038ff
03911
0391a
03990
03999
03a52
03a57
03b57
03ef2
04270
04458
0445c
04460
0446a
04514
04518
045c7
045cb
045cf
04642
0467d
04681
04685
04689
0468d
04691
04695
04699
0469d
046a1
046a5
046a9
046ad
046b1
046b5
02984
02988
02ba0
02bc6
02bce
02d27
02d41
02def
02ec6
02eca
02f99
02f9f
02fc8
02fce
02fe2
03068
030fd
03109
03131
031dd
031f5
03310
03794
037a4
03844
03893
0389c
0392c
03931
039ac
03a61
03a6a
03af8
03b8e
040c9
042eb
04335
04339
0433d
04341
044a2
044a6
044aa
0455f
0467d
04681
046bc
046c0
046c4
046c8
046cc
046d0
046d4
046d8
046dc
046e0
046e4
046e8
046ec
046f0
046f4
029c5
02aaa
02bf4
02c02
02c0c
02d70
02d9b
02d9f
02e2d
02fcf
02fda
02fe4
03007
03011
030a1
030a5
0313e
03167
0317f
031ef
03218
03230
037b5
0385d
0386c
038ab
0393b
03944
039ba
039c3
03a7c
03a81
03b0b
03f76
041b9
04370
04374
04378
0437c
044dd
044e1
044e5
0459a
0459e
046bc
046f7
046fb
046ff
04703
04707
0470b
0470f
04713
04717
0471b
0471f
04723
04727
0472b
0472f
02a02
02a06
02aa6
02ad2
02ada
02c39
02c4d
02dda
02e63
02e72
03013
03019
0303e
03044
03058
030de
03172
03181
031a3
03224
03232
03258
037cf
037df
0387b
038bd
038c6
03956
0395b
039d6
03a0d
03a16
03aa8
03ba6
04141
04203
043af
043b3
043b7
043bb
0451c
04520
04524
045d3
04603
04607
046f9
04734
04738
0473c
04740
04744
04748
0474c
04750
04754
04758
0475c
04760
04764
04768
02bb5
02c55
02c74
02c7f
02c8e
02def
02f83
02f87
03015
0307d
03083
03097
031ac
031b2
031dd
031f5
03284
03309
03318
033c1
033e6
03400
037f0
03893
0389c
03953
039e3
039ec
03a62
03a6b
03aa4
03aaa
03b8e
03ccc
042eb
043ad
04554
04558
04562
04566
0460a
046bf
046c3
046c7
0476b
0476f
04773
04777
0477b
0477f
04783
04787
0478b
0478f
04793
04797
0479b
0479f
047a3
047a7
02bea
02bee
02c94
02cbd
02cc3
02e26
02e33
02fc2
03045
03054
0308b
03091
030b8
030be
030d2
031ef
03218
03230
032bf
033f2
03402
03424
03809
03818
038ab
03965
0396e
039fe
03a03
03a7e
03ab2
03abb
03b44
03bbe
0404b
043a1
0458f
04593
04597
045a1
04645
04649
046fe
04702
04706
0476d
047ac
047b0
047b4
047b8
047bc
047c0
047c4
047c8
047cc
047d0
047d4
047d8
047dc
047e0
047e4
02ac1
02ccf
02cee
02cfe
02d08
02e6a
02f1b
02f29
02fff
030bf
030c9
030d4
030f5
030ff
03224
03232
03258
032f2
032f6
03433
03454
0346e
03828
038bd
038c6
0397d
0398f
03998
03a0e
03a17
03acc
03ad2
03ba6
03d9a
04203
04421
045c8
045cc
045d6
045da
04684
04733
04737
0473b
047ac
047b0
047e9
047ed
047f1
047f5
047f9
047fd
04801
04805
04809
0480d
04811
04815
04819
0481d
02afc
02b00
02d0e
02d37
02d3d
02e9f
02eaf
02f5d
03034
03038
03101
03107
0312e
03134
03148
031ca
0325f
0326b
03293
0333b
03355
03468
03841
03850
038d5
03911
0391a
039aa
039af
03a2a
03ada
03ae3
03b6a
03bd2
040c9
0441b
044a1
044a5
044a9
044ad
0460e
04612
04616
046cb
046cf
047e9
04822
04826
0482a
0482e
04832
04836
0483a
0483e
04842
04846
0484a
0484e
04852
04856
0485a
02b3b
02c18
02d5e
02d72
02d7a
02ede
02f09
02f0d
02f9b
03135
03140
0314a
0316b
03175
03203
03207
032a0
032c9
032e1
0334f
03374
0338e
03860
038e7
038f0
03929
039b9
039c2
03a38
03a41
03af4
03afa
03b76
03e62
04277
04333
044e0
044e4
044e8
044ec
0464d
04651
04655
0470a
04822
04826
0485f
04863
04867
0486b
0486f
04873
04877
0487b
0487f
04883
04887
0488b
0488f
04893
02b76
02b7a
02c14
02c43
02c49
02dac
02dbb
02f48
02fd2
02fe0
03177
0317d
031a0
031a6
031ba
03240
032d4
032e3
03305
03380
03390
033b2
03878
03887
038ff
0393b
03944
039d4
039d9
03a54
03a8a
03a93
03b1e
03be6
04141
04321
0451b
0451f
04523
04527
04688
0468c
04690
0473f
04743
04773
0485d
04861
0489a
0489e
048a2
048a6
048aa
048ae
048b2
048b6
048ba
048be
048c2
048c6
048ca
02d23
02dc3
02de6
02df1
02dfc
02f5d
030eb
030ef
03179
031df
031e5
031f9
0330e
03314
0333b
03355
033dc
0345f
03470
034e8
03500
0351c
03896
03911
0391a
039d1
03a61
03a6a
03add
03ae5
03b1a
03b20
03bd2
03ca6
042eb
044d2
046c0
046c4
046c8
046d2
04776
0477a
04829
0482d
048cd
048d1
048d5
048d9
048dd
048e1
048e5
048e9
048ed
048f1
048f5
048f9
048fd
04901
04905
04909
02d58
02d5c
02e02
02e2b
02e31
02f95
02fa1
03128
031a7
031b6
031ed
031f3
0321a
03220
03234
0334f
03374
0338e
03415
0350c
03518
0352f
038a8
038b1
03929
039e3
039ec
03a7c
03a81
03af5
03b27
03b30
03b9a
03bfa
03e62
04333
04553
046ff
04703
0470d
04711
047b3
04862
04866
0486a
048cf
0490e
04912
04916
0491a
0491e
04922
04926
0492a
0492e
04932
04936
0493a
0493e
04942
04946
02c2f
02e3d
02e60
02e6c
02e76
02fd8
03087
03095
03163
03221
0322b
03236
03257
03261
03380
03390
033b2
03448
0344c
0353c
03550
0356c
038c0
0393b
03944
039fb
03a0d
03a16
03a8d
03a95
03b40
03b46
03be6
03c65
04203
0454c
04734
04738
0473c
04746
047ec
047f0
04899
0489d
0490e
04912
0494b
0494f
04953
04957
0495b
0495f
04963
04967
0496b
0496f
04973
04977
0497b
0497f
02c6a
02c6e
02e7c
02ea5
02eab
0300e
0301d
030c7
03196
0319a
03263
03269
03290
03296
032aa
03328
033b9
033c7
033eb
03482
0349e
03562
038d2
038db
03953
0398f
03998
03a28
03a2d
03aa5
03b4d
03b56
03bb2
03c0e
03de8
043ad
045c7
04611
04615
04619
0461d
0477e
04782
04831
04835
0494b
04984
04988
0498c
04990
04994
04998
0499c
049a0
049a4
049a8
049ac
049b0
049b4
049b8
049bc
02ca9
02d86
02ecc
02ee0
02ee8
0304c
03075
03079
03103
03297
032a2
032ac
032cd
032d7
0335f
03363
033fa
0341f
03439
03494
034ac
034c8
038ea
03965
0396e
039a7
03a37
03a40
03ab5
03abd
03b66
03b6c
03bbe
03d33
04277
04495
0464c
04650
04654
04658
047b7
047bb
047bf
0486e
04984
04988
049c1
049c5
049c9
049cd
049d1
049d5
049d9
049dd
049e1
049e5
049e9
049ed
049f1
049f5
02ce4
02ce8
02d82
02db1
02db7
02f1b
02f29
030b2
03138
03146
032d9
032df
03302
03308
0331c
0339a
0342a
0343b
0345b
034b8
034c4
034db
038fc
03905
0397d
039b9
039c2
03a52
03a57
03acd
03b01
03b0a
03b82
03c22
03d9a
04421
044df
0468b
0468f
04693
04697
047f4
047f8
048a1
048a5
048d5
049bf
049c3
049fc
04a00
04a04
04a08
04a0c
04a10
04a14
04a18
04a1c
04a20
04a24
04a28
04a2c
02e91
02f31
02f55
02f5f
02f6a
030c7
0324d
03251
032db
0333d
03343
03359
03464
0346a
03482
0349e
034fc
0355b
03568
035d2
035e4
03600
0372a
03914
0398f
03998
03a4f
03ada
03ae3
03b50
03b58
03b81
03bd2
03ddc
03e01
03e64
045c7
04689
0482a
0482e
04838
048d8
048dc
0498b
0498f
04a2f
04a33
04a37
04a3b
04a3f
04a43
04a47
04a4b
04a4f
04a53
04a57
04a5b
04a5f
04a63
04a67
02ec6
02eca
02f70
02f99
02f9f
030fd
03109
0328a
03309
03318
0334b
03351
03376
0337c
03392
03494
034ac
034c8
03526
035f0
035fc
0360d
0365e
03926
0392f
039a7
03a61
03a6a
03af4
03afa
03b67
03b8a
03b90
03c18
03e3f
03e62
04333
0467d
04863
04867
04871
04875
04915
049c4
049c8
049cc
04a31
04a6e
04a72
04a76
04a7a
04a7e
04a82
04a86
04a8a
04a8e
04a92
04a96
04a9a
04a9e
04aa2
02d9d
02fab
02fcf
02fda
02fe4
0313e
031e9
031f7
032c5
0337d
03385
0338c
033b1
033bb
034b8
034c4
034db
0354a
0354e
0361a
03628
03644
0368f
0393e
039b9
039c2
03a79
03a8a
03a93
03b04
03b0c
03b99
03be6
03c3f
03c65
03cce
044df
046fd
0489a
0489e
048a8
0494e
04952
049fb
049ff
04a6c
04aa5
04aa9
04aad
04ab1
04ab5
04ab9
04abd
04ac1
04ac5
04ac9
04acd
04ad1
04ad5
04ad9
02dd8
02ddc
02fea
03013
03019
03172
03181
03229
032f8
032fc
033bd
033c3
033e8
033ee
03404
0347e
034e2
034ee
03505
03578
03594
0363a
036ac
03950
03959
039d1
03a0d
03a16
03aa4
03aaa
03b1b
03ba2
03ba8
03c2c
03cbb
03cce
043ad
046f7
0477d
04781
04785
04789
048e0
048e4
04993
04997
04aa7
04ae0
04ae4
04ae8
04aec
04af0
04af4
04af8
04afc
04b00
04b04
04b08
04b0c
04b10
04b14
02e17
02ef4
0303c
0304e
03056
031ae
031d7
031db
03265
033ef
033f8
033fe
03423
0342d
034a6
034aa
03512
0352a
03546
0358a
0359c
035b8
036dd
03968
039e3
039ec
03a25
03ab2
03abb
03b2a
03b32
03bb1
03bbe
03d0d
03d33
03d9c
04553
0460f
047ba
047be
047c2
04919
0491d
04921
049d0
04ade
04b17
04b1b
04b1f
04b23
04b27
04b2b
04b2f
04b33
04b37
04b3b
04b3f
04b43
04b47
04b4b
02e52
02e56
02ef0
02f1f
02f25
03087
03095
03214
0329a
032a8
0342f
03435
03458
0345e
03472
034d2
03535
03542
03557
035a8
035b4
035c5
036fa
0397a
03983
039fb
03a37
03a40
03acc
03ad2
03b41
03b72
03b78
03c04
03d81
03d9c
04421
045fd
047f3
047f7
047fb
047ff
04956
0495a
04a03
04a07
04a35
04b19
04b52
04b56
04b5a
04b5e
04b62
04b66
04b6a
04b6e
04b72
04b76
04b7a
04b7e
04b82
02650
0269c
026a0
026af
02ffd
03001
0309f
030c5
030cc
03224
03232
033a9
0342a
0343b
03486
03490
03552
03564
0356a
0357d
03633
03640
036b6
037dc
03992
03a0d
03a16
03ac8
03b4d
03b56
03ba3
03bc2
03bc6
03cbb
03d9a
03da0
03da4
03da8
03de7
04010
04734
04989
0498d
04991
0499b
04a37
04a3b
04ae4
04ae8
04b86
04b8a
04b8e
04b92
04b96
04b9a
04b9e
04ba2
04ba6
04baa
04bae
026b3
026be
02705
02710
02727
03036
030d8
030fa
03105
0310f
03265
033e0
033e4
03468
0348b
03496
0349c
034b0
034ba
03584
03590
035a1
036d3
03740
039a4
039ad
03a25
03ada
03ae1
03b66
03b6c
03bb3
03bce
03c18
03df9
03e05
03e09
03e0d
03e11
03ebd
044a1
047e6
049c6
049ca
049d4
049d8
04a72
04b1b
04b1f
04b84
04bb2
04bb6
04bba
04bbe
04bc2
04bc6
04bca
04bce
04bd2
04bd6
04bda
0271e
02764
02768
02778
02f09
02f0d
03115
0313c
03142
0329a
032a8
0334f
03419
0341d
034bb
034c2
034d8
034de
034f4
035ad
035c0
035dc
03704
03765
039bc
03a37
03a40
03af0
03b01
03b0a
03b73
03bd6
03bda
03c3f
03e3a
03e66
03e6a
03e6e
03e72
03f02
0464b
049f9
049fd
04a01
04a0b
04aa9
04aad
04b52
04b56
04bb4
04bde
04be2
04be6
04bea
04bee
04bf2
04bf6
04bfa
04bfe
04c02
02567
0256b
0257a
0277a
02786
02f48
0314e
03170
0317b
03185
032db
03380
03390
03450
034df
034ea
034f0
03504
0350e
035cc
035d8
035e9
03720
0377c
039ce
039d7
03a4f
03a8a
03a91
03b1a
03b20
03b83
03be2
03c2c
03c65
03c6b
03c6f
03c73
03ca5
03f02
0451a
0485c
048e0
048e4
048e8
048ec
04a3f
04a43
04aec
04bdc
04c06
04c0a
04c0e
04c12
04c16
04c1a
04c1e
04c22
04c26
04c2a
04c2e
02582
025ce
025d2
025e1
02f83
02f87
03064
031ac
031b2
03309
03318
03337
033b9
033c7
03510
03516
0352c
03532
03548
035f6
03608
03624
03668
037a1
039e6
03a61
03a6a
03aa0
03b27
03b30
03b8b
03bea
03bee
03cb7
03cd0
03cd4
03cd8
03cdc
03e3e
03f8c
046bf
04919
0491d
04921
04925
04a76
04a7a
04b23
04b27
04c08
04c32
04c36
04c3a
04c3e
04c42
04c46
04c4a
04c4e
04c52
04c56
025e5
025f0
02637
02642
02659
02fc2
0305c
03084
0308f
03099
031ef
0336e
03372
033fa
03533
0353e
03544
03556
0355e
03613
03620
0362f
03685
037b8
039f8
03a01
03a79
03ab2
03ab9
03b40
03b46
03b9b
03bba
03c04
03d1e
03d37
03d3b
03d3f
03d43
03f8c
0458e
0476a
04956
0495a
0495e
04962
04ab1
04ab5
04b5a
04b88
04c30
04c5a
04c5e
04c62
04c66
04c6a
04c6e
04c72
04c76
04c7a
04c7e
0257a
0267b
0267f
02760
0277a
02786
02853
0288e
0289c
03163
031ff
03221
0322b
03236
03387
03535
03542
0357c
03586
0362a
0363c
03642
036b6
03783
03884
03a10
03a8a
03a91
03b3c
03ba2
03ba8
03be3
03c00
03c50
03c69
03c6d
03c77
03c7b
03d7e
03d82
03d86
03d8a
03f91
04158
04735
04ae2
04ae6
04af0
04af4
04b8e
04c80
04c84
04c88
04c8c
04c90
04c94
04c98
04c9c
04ca0
04ca4
02561
02565
02582
025db
025f2
026e4
02896
0289e
028d6
03196
0319a
0323c
03263
03269
033b9
033c7
03562
03581
0358c
03592
035a0
035aa
036d3
0379a
037f3
03a22
03a2b
03aa0
03b4d
03b54
03bb1
03beb
03c08
03c0c
03ccc
03cd2
03cd6
03ce0
03d21
03de7
03deb
03def
03fd4
03fd8
04191
04949
04b1d
04b21
04b2b
04bb6
04bba
04c82
04caa
04cae
04cb2
04cb6
04cba
04cbe
04cc2
04cc6
04cca
025ca
025e5
025f0
02648
02745
02749
028dd
02912
02922
03077
03275
03297
032a2
032ac
033fa
0348e
0349a
035ab
035b2
035c2
035c8
035de
03704
037bf
03815
03a3a
03ab2
03ab9
03b62
03b72
03b78
03bbb
03c14
03d1e
03d37
03d3b
03d45
03d49
03e48
03e4c
03e50
03e54
04015
0405c
0464c
04b50
04b54
04b5e
04b62
04be2
04ca8
04ccc
04cd0
04cd4
04cd8
04cdc
04ce0
04ce4
04ce8
04cec
02539
0253d
02631
0264c
02657
026af
027bf
027cd
0291c
030b0
030b4
032b2
032d9
032df
0342a
0343b
034bd
035c9
035d4
035da
035e8
035f2
03720
037d5
0382b
03a4c
03a55
03ac8
03b01
03b08
03b81
03bc3
03c1c
03c20
03c3f
03c43
03c47
03d99
03d9f
03da3
03dad
03db1
03ec0
03ec4
040da
049bf
04a3f
04a43
04a47
04c0a
04c0e
04cce
04cf2
04cf6
04cfa
04cfe
04d02
04d06
04d0a
04d0e
04d12
025a2
02696
0269a
026b7
02710
02727
027c9
02804
02812
030ed
031c4
03300
03312
0331a
03468
034e2
034ee
035f4
035fa
0360a
03610
03626
03668
03747
0384d
03a64
03ada
03ae1
03b16
03b8a
03b90
03bcf
03c28
03ca4
03ca8
03cac
03df8
03e04
03e08
03e0c
03e16
03e3f
03f07
040da
046c0
04a76
04a7a
04a7e
04a82
04c36
04cf0
04d14
04d18
04d1c
04d20
04d24
04d28
04d2c
04d30
04d34
02607
0260b
026ff
02719
02725
02778
0280c
02814
0284c
03126
0312a
031c0
031ed
031f3
03347
03357
03512
03611
0361c
03622
0362e
03636
03685
0375e
03863
03a76
03a7f
03af0
03b27
03b2e
03b99
03bd7
03bf4
03bf8
03d0b
03d0f
03d13
03e39
03e65
03e69
03e6d
03e77
03f4a
03f4e
04158
048cd
04ab1
04ab5
04ab9
04c5a
04c5e
04c86
04d16
04d3a
04d3e
04d42
04d46
04d4a
04d4e
04d52
04d56
026d3
026ec
0270e
0271c
02725
027df
02800
0280e
02817
02990
029a0
029a9
03666
03720
0372a
037a0
038f4
03b15
03bf4
03dd3
03dde
03deb
03e04
03e1c
03e41
03e7c
03f0a
03f31
03f4f
03fbc
03fd3
04080
0409d
040a1
040c3
040dc
040e0
04185
04250
04279
0428e
04329
04334
04345
0446e
0449a
044b1
044b5
0455c
0461f
04d58
04d5c
04d60
04d64
04d68
04d6c
04d70
04d74
04d78
04d7c
02732
02747
0274f
02776
02782
02822
02835
0284c
02857
02912
029d7
029e3
02bff
03661
0366c
03692
03903
03aef
03be0
03c36
03c51
03c7d
03d7e
03e45
03e5c
03e7e
03f2c
03f55
03f81
03f96
0400a
04044
040bf
040e4
040e8
04104
0411b
0411f
041bf
04290
042b5
042cb
04348
04372
04382
04490
044d7
044ee
044f2
04599
04707
04d81
04d85
04d89
04d8d
04d91
04d95
04d99
04d9d
04da1
04da5
02547
02550
02573
02580
02589
02872
0287a
02891
0289c
02a0e
02a1e
02a27
03685
0368f
036b4
037db
038a0
03b3b
03c08
03c33
03c58
03c5f
03c81
03cb8
03ce4
03de6
03eb8
03f71
03f9a
03fc6
03fdb
040fc
04113
04125
04129
0414c
0415c
04160
042af
042cf
04300
0434a
04385
043ae
043bf
044f6
0451c
0452d
04531
04699
04d80
04daa
04dae
04db2
04db6
04dba
04dbe
04dc2
04dc6
04dca
025a2
025b2
025b9
025df
025ed
02804
028b9
028cf
028dd
028e6
02a55
02a61
02b0b
036af
036ba
036e0
038af
03a9f
03bb8
03c9e
03ca9
03cc1
03ccf
03cea
03d24
03d4d
03ef4
03f05
03fdd
03ffe
04018
040c4
0413d
04162
04166
0417d
04193
04197
041bb
041d5
04239
04306
043a3
043e6
043fa
0449c
04533
0455e
0456a
0456e
046d6
04dcf
04dd3
04dd7
04ddb
04ddf
04de3
04de7
04deb
04def
04df3
02615
0261e
02641
0264e
02657
028f6
028fe
02916
02920
02a86
02a96
02a9f
036d3
036dd
03702
03764
038ca
03b61
03c1c
03d06
03d23
03d2c
03d4e
03d71
03d91
03e4e
03ea6
03eb1
03ec8
03f42
0401d
04041
0404d
04060
04064
0418b
0419d
041a1
041d9
04205
04214
043c4
043ff
0442c
0443b
0454d
04590
045a5
045a9
04645
04dce
04df8
04dfc
04e00
04e04
04e08
04e0c
04e10
04e14
04e18
02667
0267d
02687
026ad
026bb
02798
027ab
027c2
027cd
0288e
02959
02965
02b8b
036fd
03708
0372d
038d9
03ac7
03bcc
03c42
03d6e
03d7a
03d94
03db6
03ddd
03e1d
03e9c
03ecb
03ef5
03f0f
03f86
04039
04056
04068
0406c
0408c
040a7
040ab
041f8
04218
04253
042be
0441d
0445a
04472
04516
045ad
045d2
045e0
045e4
0474a
04e1c
04e20
04e24
04e28
04e2c
04e30
04e34
04e38
04e3c
04e40
028b2
028bc
028d1
028dd
028e6
02977
02991
0299c
029a9
02b07
02b14
02b1f
03653
03722
0374d
037d7
037e0
0396f
03c12
03cc5
03e3d
03fb7
03fc2
03fdd
03ff9
04018
0407f
040ac
040ca
040dd
04153
041f9
04219
0421d
0423b
04253
04259
042f5
043c2
043e7
04402
04497
044a3
044b3
045dc
0460a
0461f
04624
046ca
0478b
04d5a
04d5e
04e1c
04e45
04e49
04e4d
04e51
04e55
04e59
04e5d
028ec
028f5
028fe
02916
02920
029b3
029c4
029d8
029e3
02a85
02b4a
02b57
02d60
0367a
03740
03747
03767
03980
03b61
03c3c
03d2c
03ea1
03eb0
03ec6
04001
0400d
04021
040e3
04104
0411a
0417e
041be
04236
0425c
04260
0427b
0428f
04296
0432f
043ff
04424
0443f
044ba
044e0
044f0
045fe
04647
0465c
04661
04707
0486b
04d82
04df6
04e61
04e65
04e69
04e6d
04e71
04e75
04e79
04e7d
0279f
027a8
027bc
027c9
027d2
029fd
02a03
02a17
02a22
02b81
02b8e
02b99
03687
036bd
03760
0376a
03789
0391b
03c26
03ca3
03d93
03e9d
03eb5
03ec9
03ef1
03f0d
0404f
040fd
0412b
0414d
0415b
04270
04287
0429b
0429f
042c0
042d1
042d5
0441d
04441
04472
044bd
044f7
0451c
0452d
04665
0468a
0469c
046a0
04801
04d86
04dab
04e1f
04e81
04e85
04e89
04e8d
04e91
04e95
04e99
027dc
027e8
027f0
02807
02812
02997
02a3f
02a50
02a59
02a66
02bc4
02bd1
02c76
036c8
0377c
03783
037a3
0392c
03b15
03ca7
03ddf
03ee6
03ef7
03efe
03f12
03f3c
03f56
04097
04161
0417d
04192
04238
042b0
042d6
042da
042ef
04303
0430a
04329
04343
043a9
04478
04511
04555
04568
04608
046a2
046cc
046d9
046dd
0483c
04d62
04dd4
04e9d
04ea1
04ea5
04ea9
04ead
04eb1
04eb5
04eb9
02829
02832
02846
02853
0285c
02a75
02a7b
02a8f
02a9a
02bf5
02c02
02c0c
0365d
03703
0379c
037a6
037c5
03945
03bfe
03d71
03e5b
03f2d
03f3f
03f53
03f75
03f94
04040
04048
0405e
040cd
0419b
041bc
041ca
041dd
041e1
042fb
0430f
04313
04348
04374
04388
04537
04571
0459b
045a7
046bb
046fe
04713
04718
047b1
04d87
04df9
04dfd
04ebd
04ec1
04ec5
04ec9
04ecd
04ed1
04ed5
02868
02871
0287a
02891
0289c
02935
02946
0295a
02965
02a0d
02ad0
02add
02cf0
036ff
037b8
037bf
037de
03956
03b3b
03c59
03d79
03f70
03f7b
03f88
03f9c
03fc0
03fe2
04065
04085
040a4
04105
041b3
041d0
041e4
041e8
04207
04221
04225
04366
0438a
043bd
0442e
0458b
045c9
045de
04682
0471c
04740
0474f
04753
048ac
04db0
04e22
04ebb
04edc
04ee0
04ee4
04ee8
04eec
04ef0
04ef4
02a38
02a42
02a4e
02a5b
02a66
02aef
02b0d
02b16
02b1f
02c77
02c82
02c8d
0369c
036e4
037d8
037ff
03880
03888
039ed
03ef3
03fc1
0413d
04148
04161
0417b
04192
041f7
04226
04240
04257
042c5
04367
04386
0438e
043aa
043bf
043ca
04465
04533
04556
04575
04605
04610
04623
0474c
04778
0478b
04790
04830
048ed
04dae
04dd4
04e45
04ef7
04efb
04eff
04f03
04f07
04f0b
04f0f
02a6d
02a76
02a7e
02a8f
02a9a
02b29
02b3a
02b50
02b57
02bf3
02cb9
02cc6
02ed6
036d8
03745
037f3
037f9
03817
039fe
03d27
03f3b
0403f
0404c
0405e
04182
0418e
041a5
04250
0427b
0428c
042f0
0432c
043a4
043c3
043d0
043e6
043fc
04407
0449d
04570
04592
045b2
04629
0464d
04660
0476c
047b3
047c6
047cb
0486b
049cd
04dd9
04dff
04e65
04f15
04f19
04f1d
04f21
04f25
04f29
04f2d
0293d
02946
02952
0295f
0296a
02b71
02b77
02b8d
02b94
02cf1
02cfc
02d07
036ed
03731
03786
03811
0381a
03837
03999
03eb4
03f86
0403b
04053
04065
04089
040a4
041cc
04271
042a1
042bf
042d1
043de
043f5
0440b
0440f
0442f
04442
04446
0458b
045b3
045de
0462c
04666
0468a
0469d
047cf
047f2
04804
04808
04963
04d86
04e21
04e81
04f2f
04f33
04f37
04f3b
04f3f
04f43
04f47
02975
02980
02988
02999
029a5
02b06
02bb1
02bc5
02bcd
02bd6
02d33
02d3f
02de9
03714
03781
0382b
03831
0384f
039aa
03dde
03fbc
0407e
0408f
04096
0409e
040ce
040ed
0420f
042cd
042ef
04300
043a6
0441e
0443d
0444a
0445a
04474
0447b
04497
044b1
04517
045ea
0467f
046c2
046d8
04776
0480a
04832
0483f
04843
0499e
04d5c
04e26
04ea1
04f4d
04f51
04f55
04f59
04f5d
04f61
04f65
029bb
029c4
029d0
029dd
029e8
02be5
02beb
02c01
02c08
02d61
02d70
02d7b
0364e
03696
037c2
03849
03852
0386f
039c3
03f3e
0400a
040bf
040d1
040e3
04101
0411a
041ba
041c2
041dc
04245
0430d
0432a
04335
0434e
04352
04469
0447f
04483
044b9
044e2
044fb
046a6
046e0
04709
04717
04823
04862
04877
0487c
04913
04d60
04d83
04ebd
04f67
04f6b
04f6f
04f73
04f77
04f7b
04f7f
029f4
029fc
02a06
02a17
02a22
02aaf
02ac0
02ad6
02add
02b7f
02c3f
02c4b
02e63
0368a
037bd
03863
03869
03886
039d4
03c58
03eb7
040fc
04107
04114
04124
04146
0416c
041d9
041fd
04212
0427c
04321
0433e
04354
04358
04373
04391
04395
044d4
044fc
0452b
0459a
046f9
04737
0474e
047ec
04880
048a2
048b1
048b5
04a0e
04da8
04dfe
04edc
04f84
04f88
04f8c
04f90
04f94
04f98
04f9c
02ba9
02bb4
02bc1
02bcc
02bd6
02c5d
02c7c
02c85
02c8d
02de2
02def
02dfb
0367d
03773
037aa
03881
0389f
03906
03a6b
0408d
04147
042b0
042bb
042cd
042ea
04300
04365
04396
043ae
043c0
04433
044d5
044f9
04500
04515
0452d
04531
045d1
0469a
046c3
046e4
04773
0477c
0478f
048ae
048da
048ed
048f2
04992
04a4b
04d8c
04dae
04db5
04db9
04ef8
04f9f
04fa3
04fa7
04fab
04faf
02bde
02be6
02bee
02bfc
02c08
02c98
02ca8
02cbe
02cc6
02d67
02e27
02e33
03045
036a6
0379f
037f8
03899
038b0
03a7c
03f3e
040cd
041b8
041c7
041d6
042f2
042fe
04316
043c1
043e6
043fa
0445d
0449c
04512
04536
0453e
04555
0456a
0456e
04609
046d7
04700
04721
04795
047b7
047ca
048ce
04915
04928
0492d
049cd
04b23
04dd3
04dda
04dde
04ebd
04f16
04fb6
04fba
04fbe
04fc2
04fc6
02ab9
02ac0
02acd
02ad8
02ae2
02ce0
02ce5
02cfb
02d02
02e5c
02e6a
02e75
036cb
037af
037e5
03834
038b2
038c9
03a17
04052
04114
041b6
041ce
041d9
04203
04212
04339
043df
04410
0442c
0443c
0454c
04563
04579
0457d
0459c
045a9
045b4
046f9
0471d
0474e
04798
047d0
047f2
04805
04931
04954
04966
0496a
04abd
04dda
04dfe
04e03
04e07
04f30
04fc9
04fcd
04fd1
04fd5
04fd9
02aed
02af9
02b00
02b11
02b1a
02c79
02d1f
02d34
02d3c
02d44
02ea0
02eae
02f58
036f4
037cc
03830
038c3
038da
03a28
03fc1
04144
041f5
04208
0420e
0421a
04241
04256
0437d
0443d
0445a
04472
04516
0458c
045af
045b8
045c9
045e0
045e4
04605
04621
04683
0474d
047e9
04828
0483e
048d8
0496c
04994
049a1
049a5
04af6
04e1d
04e27
04e2b
04e45
04f4e
04fe0
04fe4
04fe8
04fec
04ff0
02b32
02b3a
02b47
02b52
02b5c
02d54
02d59
02d6f
02d76
02ed2
02ede
02ee9
03718
03737
0376e
0386c
038dc
038f3
03a41
040d0
0418c
04236
04247
04250
04276
0428c
04328
0432e
04345
043b3
0447e
04498
044a4
044b5
044c0
045d7
045ed
045f1
04620
0464f
0466a
0480e
04846
0486d
0487b
04985
049c5
049d9
049de
04a6f
04d5b
04d64
04d68
04e27
04f68
04ff3
04ff7
04ffb
04fff
05003
02b6a
02b72
02b7a
02b88
02b94
02c1e
02c2e
02c44
02c4b
02cf3
02dad
02dba
02fd2
03658
03763
03868
038ed
03904
03a52
03eb4
04057
04270
0427c
04288
0429a
042b5
042d0
04347
0436a
04380
043e9
0448f
044ac
044c2
044c6
044e1
044f2
04503
04642
04666
0469b
04708
0485f
04898
048b0
0494e
049e2
04a04
04a13
04a17
04b64
04d84
04d8c
04d90
04e81
04f85
0500a
0500e
05012
05016
0501a
02d17
02d22
02d2f
02d3c
02d44
02dcb
02de5
02df2
02dfb
02f4d
02f5d
02f69
03680
03759
03830
0389c
0391d
03984
03ae5
04208
042ba
0441e
04429
0443d
04457
04472
044d3
04504
0451c
04535
045a1
04643
04668
0466e
04685
0469b
046a0
0473f
04802
04829
0484a
048d5
048de
048f1
04a10
04a38
04a4b
04a50
04aea
04b92
04da9
04e81
04e87
04e8b
04f9e
0501d
05021
05025
05029
0502d
02d4a
02d53
02d5c
02d6d
02d76
02e05
02e16
02e2c
02e33
02ed1
02f90
02fa1
031a7
03716
0377a
03872
03917
0392e
03af7
040d0
04245
04327
04334
0434b
0445f
0446c
04485
04533
04555
04568
045cc
04608
04680
046a5
046ac
046c2
046d8
046dd
04777
0483d
04864
04885
048f7
04919
0492c
04a2e
04a71
04a84
04a89
04b23
04c34
04dd5
04ea3
04ea7
04f69
04fb5
05034
05038
0503c
05040
05044
02c25
02c2e
02c3b
02c48
02c50
02e4d
02e53
02e69
02e71
02fc7
02fd8
02fe3
03654
03795
03868
038c6
03930
03947
03a95
041cd
04288
04324
0433b
04347
04370
04380
044a8
0454d
0457e
0459b
045b1
046ba
046d1
046e7
046eb
0470a
04718
04722
0485f
04881
048b0
048fa
04932
04954
04967
04a8d
04aae
04ac0
04ac4
04be6
04d87
04ebd
04ec3
04ec7
04fc8
05047
0504b
0504f
05053
05057
02c5a
02c67
02c6e
02c80
02c88
02de1
02e8d
02e9c
02eaa
02eb2
0300a
0301c
030c2
036f7
037b6
03883
03941
03958
03aa7
04147
042b8
04364
04376
0437c
0438c
043b0
043c8
044eb
045ad
045c9
045de
04682
046fa
0471e
04726
04737
0474e
04753
04773
0478d
047ed
048af
0494b
0498a
049a0
04a36
04ac6
04aec
04af9
04afd
04c10
04e23
04ede
04ee2
04ef9
04fdf
0505e
05062
05066
0506a
0506e
02c9f
02ca8
02cb7
02cc2
02cca
02ec1
02ec7
02edd
02ee4
0303b
0304c
03057
036a1
037d0
037f8
038f0
0395a
03971
03abd
04246
042fc
043a4
043b5
043c1
043e3
043fa
04496
0449e
044b3
04521
045ec
04606
04611
04624
0462e
04745
0475b
0475f
0478c
047b9
047d4
04970
049a8
049cf
049dd
04add
04b1a
04b2f
04b34
04bb6
04d5b
04e46
04e4c
04ede
04ff2
05071
05075
05079
0507d
05081
02cd6
02cdf
02ce8
02cf9
02d02
02d8b
02d9c
02db2
02dba
02e5b
02f16
02f27
03138
036c9
0373e
0383a
0396b
03982
03acf
04052
041d1
043de
043e9
043f6
0440b
04424
04442
044b9
044d9
044ee
04558
045fd
0461a
04630
04634
0464e
04661
04671
047ae
047d0
04803
0486c
049c1
049fb
04a12
04aa8
04b38
04b5a
04b69
04b6d
04c60
04df6
04e67
04e6b
04f31
05009
05088
0508c
05090
05094
05098
02e85
02e90
02e9a
02eaa
02eb2
02f39
02f54
02f60
02f69
030b7
030c7
030d3
036ec
0375d
0380d
0391a
0399b
03a02
03b58
03dac
04376
04428
0458c
04597
045ad
045c6
045de
04641
04672
0468a
046a4
0470f
047af
047d2
047d8
047ef
04803
04808
048a1
04964
0498b
049ac
04a33
04a3c
04a4f
04b66
04b8e
04b95
04b99
04c62
04e21
04f31
04f36
04f3a
0501c
0509b
0509f
050a3
050a7
050ab
02eb9
02ec2
02eca
02ed9
02ee4
02f73
02f84
02f9a
02fa1
0303a
030f8
0310a
03309
0371d
03826
038f6
03995
039ac
03b69
03e05
04246
043b3
04495
044a3
044be
045ce
045da
045f3
046a2
046c2
046d8
0473a
04776
047ea
0480d
04814
04828
0483e
04843
048d9
0499f
049c7
049e7
04a55
04a76
04a88
04b84
04bb8
04bbf
04bc3
04cac
04ea0
04f50
04f54
04ff3
05033
050b2
050b6
050ba
050be
050c2
02d94
02d9c
02da6
02db6
02dbe
02fbb
02fc1
02fd7
02fde
0312d
0313e
03149
0364d
03799
03845
03944
039ae
039c5
03b0c
03e74
0433a
043f6
04492
044aa
044b9
044df
044ee
04615
046bb
046ec
04709
04720
04822
04837
0484d
04851
0486e
0487c
04886
049c1
049e3
04a12
04a58
04a8e
04aae
04ac1
04bc5
04be6
04beb
04c5a
04d82
04f69
04f6e
04f72
05046
050c5
050c9
050cd
050d1
050d5
02dc7
02dd5
02ddc
02deb
02df6
02f4c
02ffb
0300b
03018
03020
0316e
03180
03224
03682
0385e
038a2
039bf
039d6
03b1d
03c69
042ba
04426
044d2
044e4
044ea
044fe
0451e
0453a
04659
0471c
04737
0474e
047ec
04860
04882
0488a
04898
048b0
048b5
048d5
048ef
0494f
04a11
04aa5
04ae2
04af8
04b8c
04bef
04c10
04c15
04cf4
04edb
04f87
04f8b
04f9f
0505d
050dc
050e0
050e4
050e8
050ec
02e0d
02e16
02e20
02e30
02e38
0302f
03035
0304b
03052
0319d
031ae
031b9
0369b
037d4
0387c
0396e
039d8
039ef
03b32
03cde
043b4
0446a
04512
04523
04533
04552
04568
04604
0460c
04623
0468f
0475a
04774
0477d
04790
0479a
048a7
048bd
048c1
048ee
0491b
04936
04aca
04b00
04b25
04b33
04c06
04c36
04c3d
04c41
04dd3
04efa
04eff
04f87
05070
050ef
050f3
050f7
050fb
050ff
02e45
02e4e
02e56
02e65
02e71
02ef9
02f0a
02f20
02f27
02fc6
03082
03094
0329a
036d0
037ee
038cc
039e9
03a00
03b43
03d37
041cd
0433f
0454c
04558
04564
04579
04592
045b4
04628
04647
0465e
046c5
0476b
04786
0479c
047a0
047b8
047cb
047db
04910
04932
04965
049ce
04b17
04b50
04b68
04be0
04c43
04c60
04c67
04d38
04e64
04f18
04f1c
04fc9
05087
05106
0510a
0510e
05112
05116
02ff3
02ffe
03009
03018
03020
030a5
030be
030ca
030d3
03219
03229
03235
037ae
0380e
038ac
03998
03a19
03a80
03ba7
03c84
03d8b
03dac
044e4
04596
046fa
04705
0471c
04734
0474e
047ad
047dc
047f2
0480c
04873
04911
04934
0493a
04951
04965
0496a
04a03
04abe
04ae3
04b04
04b89
04b94
04c45
04c84
04c8b
04c8f
04eda
04fc9
04fce
04fd2
0509a
05119
0511d
05121
05125
05129
03027
03030
03038
03048
03052
030dd
030ec
03102
0310a
0319c
0325a
0326c
0345f
037d4
038be
03974
03a13
03a2a
03bb1
03ce0
03ded
03e05
043b4
04521
04603
04610
0462d
0473c
04748
04761
0480a
04828
0483e
0489b
048d8
0494c
0496f
04976
0498a
049a0
049a5
04a37
04af7
04b1c
04b3d
04b9c
04bbe
04c6b
04c91
04caf
04cb3
04f4e
04fe1
04fe5
05071
050b1
05130
05134
05138
0513c
05140
02f01
02f0a
02f15
02f24
02f2c
03121
03127
0313d
03145
0328f
032a0
032ab
03736
03846
038d6
039c2
03a2c
03a43
03b77
03d52
03e55
03e74
044a9
04564
04600
04617
04628
0464b
0465e
04781
04823
04852
0486d
04884
04984
04999
049af
049b3
049d0
049de
049e8
04b17
04b39
04b68
04b9f
04bc6
04be8
04ca8
04cd0
04cd5
04e63
04ff3
04ff8
04ffc
050c4
05143
05147
0514b
0514f
05153
02f37
02f42
02f4a
02f5a
02f64
030b6
0315f
0316f
0317c
03184
032d0
032e1
03380
0375d
038e8
03920
03a3d
03a54
03b81
03c43
03c69
03dae
04428
04594
04640
04651
04658
0466c
0468c
046a8
047c3
04880
04898
048b0
0494e
049c2
049e4
049ec
049fb
04a12
04a17
04a33
04a4d
04aa9
04b67
04bdd
04c0c
04c14
04cd9
04cf7
04cfb
04f85
0500b
0500f
0501d
050db
0515a
0515e
05162
05166
0516a
02f7b
02f84
02f8f
02f9e
02fa6
03191
03197
031ad
031b4
032ff
03310
0331b
03772
0387d
03900
039ec
03a56
03a6d
03b8f
03cb0
03cde
03e20
04522
045d8
04680
04691
046a2
046bf
046d8
04772
0477a
0478f
047f7
048bc
048d6
048df
048f2
048fc
04a09
04a1f
04a23
04a4c
04a78
04a92
04bf3
04c1a
04c3c
04cf0
04d18
04d1d
04e9f
04fa0
04fa5
0500b
050ee
0516d
05171
05175
05179
0517d
02fb2
02fbc
02fc4
02fd4
02fde
03067
03076
0308c
03094
0312c
031e4
031f5
033f2
03799
03894
0394a
03a67
03a7e
03b99
03d11
03d37
03e76
0433a
044ad
046ba
046c5
046d2
046e7
04700
04722
04794
047b3
047c8
0482b
048cd
048e8
048fe
04902
0491a
0492d
0493d
04a6c
04a8e
04abf
04b24
04c31
04c5c
04c66
04d21
04d3d
04d41
04f16
04fb7
04fbb
05047
05105
05184
05188
0518c
05190
05194
03157
03162
0316d
0317c
03184
03207
03220
0322c
03235
03375
03385
03390
0385a
038ad
0392a
03a16
03a96
03af9
03be6
03c4b
03c64
03c6c
03c7d
03c88
03d85
03e7d
03f80
04651
04704
04860
04869
04880
04897
048ba
04911
0494e
04955
04972
049d6
04a7f
04a94
04a98
04aaf
04ac2
04acc
04bdd
04bf0
04c5a
04c8a
04d23
04d93
05035
0504b
0504f
050dc
05196
0519a
0519e
051a2
051a6
03188
03192
0319a
031aa
031b4
0323f
0324e
03264
0326c
032fe
033b4
033c5
0355b
0387d
0393c
039f2
03a93
03aa4
03bec
03c32
03cb2
03ccb
03cd3
03ce4
03cef
03ded
03f14
04522
0468f
04771
0477e
0479a
0489e
048ae
04949
04973
04992
049a2
049ff
04a37
04ab8
04ace
04ad2
04aed
04afb
04b05
04c07
04c1a
04c80
04cae
04d43
04fde
0505d
05062
050ee
0512e
051ac
051b0
051b4
051b8
051bc
0306d
03076
03081
03090
03098
03283
03289
0329f
032a6
033e7
033f8
03402
037ea
038d7
03954
03a40
03aa9
03abe
03bbe
03ce7
03d24
03d37
03d47
03d54
03d58
03e55
04004
04616
046d2
0476e
04783
04794
047b7
047d4
048e9
04987
049c5
049d1
049e8
04adf
04b02
04b09
04b1b
04b31
04b36
04bb7
04c3b
04c65
04ca8
04cd2
04de1
0505f
05075
05079
05106
051be
051c2
051c6
051ca
051ce
030a3
030ac
030b4
030c4
030ce
03218
032c1
032d1
032de
032e6
03426
03438
034b8
0380e
03966
0399e
03abb
03acc
03bc4
03c43
03d06
03d76
03d99
03da1
03db2
03dbd
03ea6
04596
04702
047ac
047bb
047c2
047d6
047f5
0491d
049bf
049e9
04a02
04a14
04aa9
04b2a
04b40
04b44
04b5b
04b6b
04b73
04b95
04c60
04cb8
04cd9
04cf8
05008
05087
0508c
0509a
05158
051d4
051d8
051dc
051e0
051e4
030e3
030ec
030f7
03106
0310e
032f3
032f9
0330f
03316
03455
03466
03470
03822
03901
0397e
03a6a
03ad1
03ae6
03bd2
03cb0
03db5
03df4
03e05
03e15
03e22
03e26
03fe3
04690
04746
047ea
047f9
0480a
04827
0484a
048d6
048de
048f8
0495f
04a24
04a39
04a4d
04a52
04aeb
04b6f
04b77
04b85
04b9c
04c0a
04cf0
04d1a
04e2e
0501d
05022
05026
050b2
051e6
051ea
051ee
051f2
051f6
03118
03122
0312a
0313a
03145
031c9
031d8
031ee
031f5
0328e
03342
03354
0350c
03846
03912
039c8
03ae3
03af4
03bd8
03d11
03dd4
03e41
03e61
03e69
03e7a
03e86
03f30
044a9
0461b
04822
0482b
04838
0484d
04865
048cd
048fd
04917
0492c
0498e
04a30
04a57
04a5e
04a72
04a86
04a8b
04b24
04bbd
04be9
04d00
04d21
04d3e
04fb4
05033
05038
050c4
05182
051fc
05200
05204
05208
0520c
032ba
032c4
032cf
032de
032e6
03363
0337c
03388
03390
034ad
034bd
034c9
038e4
0392b
039a8
03a91
03b0d
03b6b
03c22
03c3e
03c49
03c5c
03c86
03e0e
03e67
03e83
03eaa
03ec5
03ed2
03f80
04060
04653
047c2
049c0
049cb
049d7
049f0
04a12
04a6d
04aa8
04aaf
04acc
04b2c
04bc8
04bce
04be3
04beb
04bf5
04ccd
04cda
04d93
05047
050c6
050cb
05157
05197
05211
05215
05219
0521d
032eb
032f4
032fc
0330c
03316
03399
033a8
033be
033c5
03454
034dd
034ee
03633
03901
039ba
03a70
03b0a
03b1a
03c28
03c32
03c77
03ca5
03cb0
03cc3
03ced
03e6f
03e9e
03eef
03f0d
03f17
03fc5
0414d
047f6
0489d
048de
048fb
04a00
04a0c
04a25
04acd
04aea
04afa
04b54
04b8d
04bf2
04bf9
04c0d
04c15
04c1f
04cf5
04d1b
04e2f
050c8
050de
050e2
0516f
05222
05226
0522a
0522e
05232
031cf
031d8
031e3
031f2
031fa
033db
033e1
033f7
033ff
03501
03512
0351c
03890
03955
039d2
03ab9
03b1f
03b33
03bfa
03c8e
03cd0
03ce7
03d13
03d1b
03d35
03d5b
03f1b
03f39
03f59
03f5e
040de
046c7
0482c
048ce
048e4
048eb
04904
0492a
04a41
04adf
04b1a
04b27
04b3e
04c08
04c21
04c25
04c3c
04c41
04d15
04d22
04d61
05071
050f0
050f5
05181
051bf
05237
0523b
0523f
05243
03205
0320e
03216
03226
03230
03374
03417
03427
03434
0343b
03531
03542
035a8
038ad
039e4
03a1c
03b30
03b40
03c00
03cd8
03d06
03d45
03d76
03d87
03d8f
03dbb
03ea9
03f60
03f84
03f9e
03fa3
0411d
047bd
04874
0491b
04922
04937
04956
04972
04a81
04b3f
04b58
04b6a
04be1
04c45
04c4d
04c5d
04c67
04c6f
04c8b
04d3a
04e08
050f2
05108
0510c
0511b
05248
0524c
05250
05254
05258
03245
0324e
03259
03268
03270
03449
0344f
03465
0346d
03551
03562
0356c
038ba
0397f
039fc
03ae1
03b45
03b59
03c0e
03d5c
03d9e
03db5
03de7
03df2
03e03
03e2b
03f73
03fbf
03fd9
03fe6
04083
0460f
0489c
0494a
0495a
04961
0497a
049a0
04a34
04a3c
04a56
04ab9
04b7a
04b8f
04b97
04ba1
04c6b
04c73
04c81
04c92
04daf
0501d
0509e
050a2
0512d
051e7
0525d
05261
05265
05269
0327a
03284
0328c
0329c
032a6
03327
03336
0334c
03354
033e6
03489
0349a
035f0
038d7
03990
03a46
03b56
03b66
03c14
03da6
03dd4
03e13
03e41
03e51
03e59
03e84
03f33
03fea
04008
04022
04028
04195
04780
0482d
0498b
04998
049ae
049c7
049e8
04a5b
04a73
04a88
04ae6
04b86
04ba3
04ba7
04bbe
04bc3
04c35
04cad
04cd3
04de2
0509e
050b4
050b8
05145
0526e
05272
05276
0527a
0527e
02719
0340f
0341a
03425
03434
0343b
034aa
034bc
034c4
0352a
035a3
035b4
03704
03962
039a9
03a26
03b08
03b78
03bb3
03cd5
03d08
03d52
03d75
03d9c
03e4f
03e66
03ea2
03ea8
03ec5
03fd5
0401c
04046
0405c
04061
04072
041a7
04281
04924
04b18
04b21
04b38
04b4f
04b72
04bc5
04be2
04bf1
04cb5
04cbd
04cd0
04cd6
04df5
04e08
04e0c
05086
05143
05148
0514c
05280
05284
05288
0275e
03440
0344a
03452
03462
0346d
034d1
034de
034eb
034f3
035c1
035d2
035dc
0372e
0397f
03a38
03ae9
03b75
03b7e
03c43
03c69
03ca5
03d42
03daf
03dc1
03de2
03e1e
03ec9
03eed
03f0d
04014
0403a
04085
0409a
040a8
040b1
04217
04958
04a00
04a3e
04a5a
04b56
04b66
04bdc
04bfc
04c12
04ccc
04ce0
04ce4
04cf8
04cfc
04e22
04e30
04e34
050db
0515b
0515f
051e8
0528e
05292
05296
0257e
0332d
03336
03341
03350
03357
034fb
03508
03515
0351c
035eb
035fc
03668
0390e
039d3
03a50
03b2e
03b83
03b90
03cb0
03cde
03da3
03dd6
03e20
03e40
03e64
03ec1
03ee7
03f30
03f39
03f52
0409c
040ca
040dd
040e1
04185
042f5
0498e
04a30
04a43
04a54
04a76
04a92
04c19
04c36
04c47
04cfd
04d06
04d18
04d1e
04d58
04d6c
04d70
05032
0516d
05172
05176
05298
0529c
052a0
025c8
03361
0336b
03372
03382
0338c
034ac
03528
0353b
03542
03609
0361a
03625
03693
0392b
03a62
03a99
03b8d
03b96
03c38
03c56
03c7d
03d12
03d38
03e09
03e76
03e82
03f1c
03f53
03f80
03f94
04044
040e3
0410c
0411c
04120
041bf
0491f
049d6
04a7a
04a80
04a94
04ab1
04c30
04c50
04c64
04d14
04d28
04d2c
04d3e
04d42
04d85
04d95
04d99
05105
05185
05189
05198
052a6
052aa
052ae
0264c
0339f
033a8
033b3
033c2
033c9
0354b
0355a
03565
0356c
03631
03640
036b6
03938
039fd
03a7a
03b54
03b9b
03ba8
03c79
03c85
03cbd
03ce4
03d86
03d9f
03e6a
03f4b
03f71
03fbe
03fc7
03fdc
040fd
04142
04157
0415d
0416e
042ce
049ff
04aa6
04ab5
04ac6
04ae1
04b04
04b8c
04b96
04c70
04c88
04c8e
04d3a
04d4a
04da7
04dba
04dbe
0505c
0511a
0511f
05185
052b0
052b4
052b8
02696
033d2
033dc
033e4
033f4
033ff
0347d
0348a
03497
0349e
03579
0358a
03594
036e1
03955
03a0e
03ac1
03ba5
03bae
03c6d
03c9f
03ce7
03d21
03d32
03d54
03df3
03e14
03fa6
03fdd
04004
04018
040c4
04161
04186
04194
04198
04239
048e2
0498f
04ae5
04af2
04b07
04b1d
04b84
04ba8
04bbe
04c80
04c98
04c9c
04cb0
04cb4
04dd4
04de3
04de7
050b1
05131
05135
051c0
052be
052c2
052c6
025c5
025cc
025dc
025e8
025f0
028db
0352e
0353d
03545
035a4
035b0
035b8
037bf
039e0
03a27
03aa3
03b73
03bbd
03bf0
03ca0
03cc9
03cd6
03ce7
03cf7
03d19
03d2a
03d45
03d4d
03d57
03d80
03e56
03f2e
03f60
03f8d
04004
04044
0404d
0406d
0419a
041c0
041d5
041de
04280
0434c
0491f
04a81
04c43
04c64
04caa
04cd2
04d88
04dea
04ebf
04ecb
05143
051c1
051c5
05248
052ca
052ce
02628
02630
02638
02649
02654
02904
0354c
0355a
03567
0356f
035d1
035d8
03628
037e0
039fd
03ab4
03b5c
03bba
03bc3
03c43
03d05
03d10
03d39
03d41
03d50
03d60
03d8d
03da0
03db0
03dbc
03dc0
03ea9
03f73
03fa5
03fd2
0403a
04083
0408c
040ad
041b4
041fd
04212
04222
042bd
0442b
04ab3
04b88
04ba1
04c77
04ce0
04cff
04e08
04e24
04ee6
04eea
051c1
051d7
051db
052d2
052d6
052da
02693
0269a
026aa
026b6
026be
027c7
03486
03495
0349d
03579
035f5
035fc
03747
0398c
03a51
03acb
03b8b
03bc8
03bd1
03cb0
03d6e
03d97
03da4
03db5
03dc5
03de1
03df8
03e13
03e1f
03e25
03e4a
03f8f
03fe3
03fff
0401f
0407f
040c2
040cb
040eb
04215
04240
04255
0425a
043c5
0498f
04af2
04b9b
04bbe
04cf2
04d1a
04d5c
04e2e
04e47
04e53
0516d
051e9
051ed
0526e
052de
052e2
026f6
026fe
02706
02717
02722
027f6
034a8
034b4
034c3
034cb
03610
0361d
03625
0376a
039a9
03adc
03b10
03bce
03bd7
03c3e
03d17
03dd5
03dfe
03e0b
03e19
03e2c
03e39
03e58
03e74
03e7c
03e87
03ea4
03ebe
03f30
0401c
0409f
040e3
0410c
0411a
041be
04250
04282
0428f
04297
04403
04b1e
04bb2
04bcc
04bf5
04d28
04d45
04d74
04df7
04e6f
04e73
051e9
051ff
05203
052e6
052ea
052ee
0275b
02762
02772
0277e
02786
02851
034da
034e9
034f0
035c1
03639
03640
03783
039b6
03a7b
03af3
03ba3
03bdc
03be5
03c39
03c56
03c6c
03c7d
03c88
03ca5
03d8b
03e5c
03e6a
03e72
03e8a
03e90
03ecf
03ef7
03f11
04012
040fd
04142
0414f
04169
04271
042b4
042c9
042d2
04369
04a00
04b60
04bef
04c12
04c86
04c97
04d86
04daa
04e83
04e8f
05119
0519a
0519e
05222
052f2
052f6
0255a
02562
0256a
0257b
02586
02880
034fc
03508
03517
0351f
03589
03590
035e4
037a6
039d3
03a8c
03b36
03be2
03beb
03c31
03c41
03c6b
03c73
03c82
03c92
03cb6
03cd2
03ce2
03cee
03cf2
03dee
03ec0
03f14
03f3c
03f56
04125
04161
04184
04192
04238
042cd
042f6
04303
0430b
04477
04a41
04c06
04c21
04c49
04c98
04cb7
04dba
04dd6
04eab
04eaf
05199
051af
051b3
052fa
052fe
05302
0259d
025a4
025df
025e9
025f0
02710
027f8
0280d
02814
02a60
03616
03620
036da
03871
03a9f
03b17
03bb8
03bf9
03c2c
03c9f
03cac
03ce8
03d13
03d1b
03d4b
03ddf
03e09
03ee6
03f00
03f0a
03f1e
03f31
03f4f
03f5c
04004
040de
04103
0411a
04185
041c0
041d5
042d8
04328
04334
04345
04351
0446e
0455c
04d16
04d2f
04d60
04d6d
04de9
04f73
04f77
05223
05239
052a4
05306
0530a
02600
02608
02620
0264b
02654
02766
0283a
0284d
02856
0285d
03630
0363d
03644
03885
03a79
03b27
03ba3
03bf6
03bff
03cba
03d0e
03d36
03d76
03d87
03d8f
03dbc
03e5b
03e70
03f2a
03f45
03f53
03f63
03f77
03f94
03fa1
04044
0411d
04142
04159
041b5
041fd
04212
0430f
04347
04372
04382
04394
044f1
04ab4
04c96
04d49
04d89
04dfe
04edc
04f90
05119
0524a
0524e
0530e
05312
05316
02574
02678
0267f
026ad
026b7
026be
02882
02897
0289f
02964
03586
03590
03727
03801
03ac7
03b3d
03bcc
03c04
03c0d
03c5e
03c73
03d6d
03d87
03db6
03de6
03df2
03e1d
03eeb
03f72
03f90
03f9c
03faa
03fc6
03fdb
03fe8
0413c
0416d
04181
041a8
041f8
0423a
04253
04365
043a7
043bd
043c9
04462
045d0
04c82
04c9f
04dae
04dbb
04e36
04f03
04f07
05249
0525f
052bc
0531a
0531e
025d0
026db
026e3
026ee
0271b
02722
028c4
028d7
028e0
028e8
035a2
035b0
035b8
03816
03a25
03b4d
03b73
03c0a
03c13
03cbf
03cd4
03d73
03dea
03e04
03e39
03e4f
03e57
03e85
03fb5
03fcf
03fdd
03fed
03ffd
04018
04026
04040
04051
04072
0419a
04229
04252
04282
04294
043a2
043e5
043fa
04406
0449c
04b20
04cbb
04cde
04d74
04dd9
04e65
04f21
05143
05270
05274
05322
05326
0532a
02642
02742
02749
02776
0277f
02786
02906
0291b
02922
029e2
035ce
035d8
0368c
03839
03aef
03b63
03be0
03c18
03c21
03c39
03c46
03c4f
03c7f
03d29
03d3c
03e4c
03e65
03ea1
03eaa
03ec6
03ed3
03f83
04014
04020
0402e
04060
0408b
040a4
0410f
04272
042b7
042c9
04369
043fe
0442c
0443b
04445
045a8
04cce
04ce7
04d86
04df7
04e22
04f3b
04f3f
05210
05214
0528c
0532e
05332
02531
0253a
02552
0257d
02586
0269e
027b0
027c3
027cc
027d4
035ea
035f9
03600
0384e
03a4f
03b01
03b8b
03c1e
03c27
03c31
03c42
03c80
03caa
03cb2
03cc3
03cf4
03d96
03da9
03e9d
03ec1
03ecd
03edb
03ef5
03f0f
03f19
0407f
040b0
040cf
040f0
042a3
042cf
042f6
04308
0441c
04459
04472
0447a
04516
04a42
04d04
04d26
04dba
04e1f
04ea1
04f59
0516d
05224
05228
05336
0533a
0533e
03c7f
03c89
03e7d
03e83
03e92
03ed2
03f80
03f84
04014
0402a
04030
040e8
0411d
04132
049d5
04a6b
04a8d
04a95
04a9c
04bcd
04d23
04d30
04d95
04d9e
04e8c
04f3b
05012
0519c
05211
05218
052a8
052f3
0532e
05341
05345
05349
0534d
05351
05355
05359
0535d
05361
05365
05369
0536d
05371
05375
05379
0537d
05381
05385
05389
0538d
05391
05395
05399
0539d
053a1
053a5
053a9
03c80
03c8c
03c97
03ce6
03cf0
03ebf
03ec3
03ed9
03f14
03f22
03fc7
04125
04134
0415e
04a08
04a0c
04aa6
04acd
04ad3
04bf2
04bfe
04d4a
04db4
04dbe
04dc7
04eb1
04f5d
051ae
051b5
05226
052b2
052fb
05336
0533a
05343
053ae
053b2
053b6
053ba
053be
053c2
053c6
053ca
053ce
053d2
053d6
053da
053de
053e2
053e6
053ea
053ee
053f2
053f6
053fa
053fe
05402
05406
0540a
0540e
05412
03ce9
03cf8
03d4b
03d55
03d63
03f06
03f1c
03f24
03f5c
04004
04008
04166
04195
041aa
048e9
04add
04aff
04b08
04b0e
04c22
04c94
04ca0
04de3
04dec
04ec8
04f73
04fbe
051c4
05237
0523e
052c0
052cb
05306
053ae
053b2
05417
0541b
0541f
05423
05427
0542b
0542f
05433
05437
0543b
0543f
05443
05447
0544b
0544f
05453
05457
0545b
0545f
05463
05467
0546b
0546f
05473
05477
03d4e
03d5a
03d65
03db4
03dbe
03ea6
03eaa
03f4b
03f61
03f69
03fa1
04060
04075
0419f
04922
04926
04b18
04b3f
04b45
04c45
04c52
04cbd
04e02
04e0c
04e15
04eec
04f94
051d6
051dd
0524c
05282
052d3
0530e
05312
05417
0547c
05480
05484
05488
0548c
05490
05494
05498
0549c
054a0
054a4
054a8
054ac
054b0
054b4
054b8
054bc
054c0
054c4
054c8
054cc
054d0
054d4
054d8
054dc
054e0
03db7
03dc6
03e1d
03e23
03e31
03eed
03f8e
03f92
03fa8
03fe3
03ff1
0406a
040a7
040b4
0495f
04a32
04b66
04b76
04b7c
04c72
04cdc
04ce8
04e30
04e39
04e50
04f03
04fe8
051ec
0525d
05264
05290
052df
0531a
0547c
05480
054e5
054e9
054ed
054f1
054f5
054f9
054fd
05501
05505
05509
0550d
05511
05515
05519
0551d
05521
05525
05529
0552d
05531
05535
05539
0553d
05541
05545
03e19
03e28
03e33
03e7c
03e87
03f30
03f34
03fd5
03feb
03ff3
04026
0409f
040b6
040e0
04998
0499c
04a30
04a5b
04a61
04b9e
04baa
04d06
04d66
04d70
04d79
04e75
04f25
051fe
05205
05272
0529a
052e7
05322
05326
05349
054e3
054e7
0554c
05550
05554
05558
0555c
05560
05564
05568
0556c
05570
05574
05578
0557c
05580
05584
05588
0558c
05590
05594
05598
0559c
055a0
055a4
055a8
03d2e
03e29
03e35
03ec7
03ed4
0401c
04021
04034
04062
0410c
04110
0419f
0425e
04267
04295
04b29
04b2d
04bb4
04bcb
04bd2
04cb8
04cc4
04e0a
04e13
04e68
04e71
04e79
04f41
05090
05213
05282
052e7
0532e
0534d
05351
05355
05359
0535d
05483
05487
0548b
0554a
055ad
055b1
055b5
055b9
055bd
055c1
055c5
055c9
055cd
055d1
055d5
055d9
055dd
055e1
055e5
055e9
055ed
055f1
03d93
03d97
03e8f
03ec9
03ece
03ee3
03f0f
03f19
04068
04077
040a9
0414b
0414f
0429d
042cc
042e1
04b60
04bdc
04bef
04bfa
04c00
04ce2
04e28
04e32
04e3b
04e8c
04e95
04f57
04fe8
05224
0522b
05290
05336
0533a
053b4
053b8
053bc
053c0
053c4
054ea
054ee
054f2
055ab
055af
055f8
055fc
05600
05604
05608
0560c
05610
05614
05618
0561c
05620
05624
05628
0562c
05630
05634
05638
03c92
03dfa
03dfe
03f0c
03f20
03f4f
03f56
03f6b
040a1
040de
040f5
04186
042d8
042e3
04309
04a45
04a49
04c08
04c20
04c26
04d00
04d0c
04d6e
04d77
04ea4
04ead
04eb5
04f79
0503c
05239
0529a
052fb
05306
053c7
0541d
05421
05425
05429
0554b
0554f
05553
05557
055f8
0563b
0563f
05643
05647
0564b
0564f
05653
05657
0565b
0565f
05663
05667
0566b
0566f
05673
05677
0567b
03cf5
03d00
03e5d
03f53
03f58
03f6d
03f96
03fa3
04044
04048
040e8
0411d
04132
041de
0430f
0431a
04a80
04c30
04c43
04c4e
04c54
04d2a
04d8d
04d97
04da0
04ec8
04ed1
04f8e
05012
0524a
05251
052a8
0530e
05312
05364
05368
0536c
0548e
05492
05496
0549a
0549e
0563b
0563f
05682
05686
0568a
0568e
05692
05696
0569a
0569e
056a2
056a6
056aa
056ae
056b2
056b6
056ba
056be
056c2
03c60
03d5c
03d67
03f9a
03faa
03fd9
03fe2
03ff5
04085
04125
04134
0415e
041e4
041ef
04222
04ab7
04abb
04b8a
04c70
04c76
04d43
04d50
04dbc
04dc5
04edf
04ee8
04ef0
04f09
05066
0525f
052b2
052d3
0531a
053c9
053cd
053d1
054a1
054f7
054fb
054ff
05503
05507
05682
056c5
056c9
056cd
056d1
056d5
056d9
056dd
056e1
056e5
056e9
056ed
056f1
056f5
056f9
056fd
05701
05705
03cc5
03cc9
03dc7
03fdd
03fe1
03ff7
0401a
04028
040c2
040c6
04166
04195
041aa
0421d
0424f
04269
04af2
04b84
04b9b
04ba6
04bac
04c9a
04ddb
04de5
04dee
04e50
04e59
04f1f
04fbe
05270
05277
052c0
05322
05326
05432
05436
0543a
05558
0555c
05560
05564
05568
055b1
055b5
056c7
0570a
0570e
05712
05716
0571a
0571e
05722
05726
0572a
0572e
05732
05736
0573a
0573e
05742
05746
03cda
03cf5
03d00
03f43
03feb
03ff3
0405f
0406f
0419a
041a1
041ae
041de
04280
04284
04311
043c3
043d5
04406
04ca8
04cb5
04cbf
04cc6
04e0a
04e13
04ec2
04ecb
04ed3
04f1f
04f27
04fd3
0510e
05284
05322
0542e
05484
05488
0548c
054a5
05558
055b8
05685
05689
0568d
05749
0574d
05751
05755
05759
0575d
05761
05765
05769
0576d
05771
05775
05779
0577d
05781
05785
05789
03d3f
03d43
03d60
03f86
03f8a
0402c
04065
0406c
0407b
040a6
040ae
041e4
041ef
04222
042bd
042c1
0440c
04440
0444f
04cce
04ce0
04ce6
04e28
04e32
04e3b
04ee5
04eee
04f35
04f3e
04f45
05066
0528e
052d3
05331
054a2
054eb
054ef
054f3
0550c
055fb
055ff
056cc
056d0
056d4
0574b
0578e
05792
05796
0579a
0579e
057a2
057a6
057aa
057ae
057b2
057b6
057ba
057be
057c2
057c6
057ca
03da8
03dc3
03dce
03ed9
03fcb
03fcf
0409e
040af
040db
040e2
040f7
0421d
0424f
04269
042f6
04437
04451
0447a
04cf0
04cfd
04d08
04d0e
04d6e
04d77
04e4a
04e53
04e5b
04f57
04f5f
04ffd
050ba
0529c
05336
053b4
0554c
05550
05554
0556b
0556f
05642
05709
0570d
05711
0578e
05792
057cf
057d3
057d7
057db
057df
057e3
057e7
057eb
057ef
057f3
057f7
057fb
057ff
05803
05807
03e0d
03e11
03e2e
03f1c
03f24
0400c
040e3
040ea
040f9
0411c
0412c
041be
041c2
04260
0428f
042a4
0434f
04470
04488
04d16
04d28
04d2e
04d8d
04d97
04da0
04e6e
04e77
04f6d
04f76
04f7d
05090
052a6
052e7
05309
05364
05368
0536c
05370
0541a
055bc
055c0
055c4
05691
05695
057cf
0580c
05810
05814
05818
0581c
05820
05824
05828
0582c
05830
05834
05838
0583c
05840
05844
05848
03e70
03e8a
03e96
03eb9
03f61
03f69
04124
0412d
04159
04160
04175
041fd
0429b
042a6
042d2
04349
0435d
04392
04c84
04d3a
04d4c
04d52
04dbc
04dc5
04e86
04e8f
04e97
04f8e
04f96
04fa9
050e4
052b4
0530e
05360
053cb
053cf
053d3
053d7
0548e
05603
05607
0560b
056d8
0580c
05810
0584d
05851
05855
05859
0585d
05861
05865
05869
0586d
05871
05875
05879
0587d
05881
05885
03c71
03c75
03c92
03efc
03f00
03fa8
04161
04168
04177
04194
041a4
04238
0423c
042da
04303
04318
0438d
043c5
043d7
04c82
04c98
04c9e
04ddb
04de5
04dee
04eaa
04eb3
04efd
04f06
04f0d
0503c
052be
052fb
0531d
05430
05434
05438
0543c
05440
05646
0564a
0564e
05715
05719
05751
0584b
0584f
0588c
05890
05894
05898
0589c
058a0
058a4
058a8
058ac
058b0
058b4
058b8
058bc
058c0
03ca1
03ce9
03cf8
03f04
03f08
03f1e
040d3
040d7
04166
041d5
041dd
041f1
0430d
04315
0434c
0435b
043f0
04470
04488
0453d
0456b
04580
04dde
04ec2
04ecb
04ed3
04f73
04f7b
04fb8
04fc1
05052
0518d
05304
053ae
0542e
05686
0568a
0568e
05698
05754
05758
05813
05817
0581b
058c5
058c9
058cd
058d1
058d5
058d9
058dd
058e1
058e5
058e9
058ed
058f1
058f5
058f9
058fd
05901
03d06
03d4e
03d5a
03d65
03f4b
03f61
03f69
04114
0419d
041ac
041e2
041ea
04212
04221
0422e
04355
04389
04398
0442d
04573
04582
045aa
04e02
04e13
04ee5
04eee
04f88
04f91
04f98
04fd3
04fd8
050e5
052d3
05313
05482
054a2
056cd
056d1
056db
056df
05795
05850
05854
05858
058c3
058c7
05908
0590c
05910
05914
05918
0591c
05920
05924
05928
0592c
05930
05934
05938
0593c
05940
03d6f
03db7
03dc6
03f8e
03f92
03fa8
04068
04077
04153
04215
0421e
04230
04255
0425b
04386
0439a
043c9
04462
04466
045b7
045e1
045f4
04e2b
04e4a
04e53
04e5b
04f03
04f0b
04fe2
04feb
0507c
05139
05318
0547c
054f6
0570a
0570e
05712
0571c
057d2
057d6
0588b
0588f
05893
05908
05943
05947
0594b
0594f
05953
05957
0595b
0595f
05963
05967
0596b
0596f
05973
05977
0597b
03dd4
03e19
03e28
03e33
03fd5
03feb
03ff3
040a1
0418a
0418e
0425c
04264
0428c
04294
042a8
0432e
043c3
043d5
04406
044b4
044c9
045ee
04d66
04d77
04e6e
04e77
04f19
04f22
04f29
04ffd
05002
0510f
052e7
05327
0554a
05559
055bf
055c3
055c7
055cb
0575c
05760
05764
0581f
05943
05947
05982
05986
0598a
0598e
05992
05996
0599a
0599e
059a2
059a6
059aa
059ae
059b2
059b6
059ba
03c3a
03e7f
03e8e
04012
04016
0402c
04055
04059
040e8
04290
0429e
042aa
042cb
042d5
04369
0436d
0440c
04440
0444f
044c3
044f1
04506
04d90
04e86
04e8f
04e97
04f3b
04f43
0500c
05015
05028
05163
0532c
05347
05360
05602
05606
0560a
0560e
05799
0579d
057a1
0585c
05860
05982
059bd
059c1
059c5
059c9
059cd
059d1
059d5
059d9
059dd
059e1
059e5
059e9
059ed
059f1
059f5
03c32
03c80
03c8c
03c97
03ec1
03ed7
03edf
04096
04125
04134
042d6
042de
04300
04308
0431e
043a8
04437
04451
0447a
044f9
04508
04530
04db4
04dc5
04eaa
04eb3
04f51
04f5a
04f61
04fa9
04fae
050bb
052fb
0533b
053b4
053c9
05649
0564d
05651
05655
057da
057de
057e2
05897
058c9
058cd
059bf
059fa
059fe
05a02
05a06
05a0a
05a0e
05a12
05a16
05a1a
05a1e
05a22
05a26
05a2a
05a2e
03dfc
03ee7
03f0a
03f13
03f28
040a1
04249
0424d
042da
04343
0434b
0435f
0447e
04484
044b4
044c9
0455e
045e6
045f6
046ab
046d6
046ee
04d69
04ea4
04eb4
04f73
04f7b
04ff7
05000
05037
05040
0514d
05304
0541b
055f6
05812
05816
0581a
05824
058ce
058d2
05987
0598b
0598f
05a33
05a37
05a3b
05a3f
05a43
05a47
05a4b
05a4f
05a53
05a57
05a5b
05a5f
05a63
05a67
05a6b
05a6f
03e5b
03e5f
03f2e
03f55
03f65
040e6
040f3
04288
0430f
0431a
04353
04359
04380
04388
0439c
044c3
044f1
04506
0459b
046e2
046f0
04718
04d8d
04d9e
04ec5
04f88
04f91
04f98
05012
05017
05053
050e4
051a3
05313
0548f
05686
05853
05857
05861
05865
0590d
059c2
059c6
059ca
05a31
05a35
05a76
05a7a
05a7e
05a82
05a86
05a8a
05a8e
05a92
05a96
05a9a
05a9e
05aa2
05aa6
05aaa
05aae
03c60
03f71
03f98
03f9d
03fb2
04127
041e4
041ef
042c5
04384
0438f
0439e
043bf
043cb
044f9
04508
04530
045d0
045d4
04725
0474a
04762
04db7
04edf
04eef
04f03
04f0b
04fa3
04fac
05061
0506a
05177
05318
053c9
05680
0588a
0588e
05892
0589c
05948
0594c
059fb
059ff
05a03
05a76
05ab1
05ab5
05ab9
05abd
05ac1
05ac5
05ac9
05acd
05ad1
05ad5
05ad9
05add
05ae1
05ae5
05ae9
03cc5
03cc9
03fb8
03fdf
03fef
04164
04173
0421d
042fa
042fe
043cd
043d3
043fa
04402
04416
0449c
04536
04543
0456d
0461f
04637
0475c
04ddb
04dec
04e4d
04f19
04f22
04f29
04fbe
04fc3
0507d
0510e
051cb
05327
05559
0570a
0575d
05761
05765
05769
058d6
058da
058de
05993
05ab1
05ab5
05af0
05af4
05af8
05afc
05b00
05b04
05b08
05b0c
05b10
05b14
05b18
05b1c
05b20
05b24
05b28
03d2e
03ea2
0401c
04021
04034
0419f
041cf
041d3
04260
043fe
0440e
04418
0443b
04445
044d7
044db
0457a
045a8
045bd
04631
0465c
04674
04e05
04e68
04e78
04f3b
04f43
04fcd
04fd6
0508b
05094
05123
0532c
0534d
055b1
0579a
0579e
057a2
057a6
05911
05915
05919
059ce
059d2
05af0
05b2b
05b2f
05b33
05b37
05b3b
05b3f
05b43
05b47
05b4b
05b4f
05b53
05b57
05b5b
05b5f
05b63
03d93
03d97
03e9e
03ecb
03edb
04068
04077
0420e
0429b
042a6
04447
0444d
04472
04476
0448c
04516
045af
045bf
045e3
04668
04676
0469e
04e28
04e39
04e89
04f51
04f5a
04f61
04fe8
04fed
05029
050ba
051f3
0533b
054ea
05602
057db
057df
057e3
057e7
05950
05954
05958
05a07
05a37
05a3b
05b2d
05b68
05b6c
05b70
05b74
05b78
05b7c
05b80
05b84
05b88
05b8c
05b90
05b94
05b98
05b9c
03fcd
0407f
0409c
040a3
040ba
0421d
043b7
043bb
04449
044b1
044b8
044cd
045ec
045f2
0461f
04637
046cc
04755
04764
04813
0483c
04854
04d69
04e4a
04e5a
04f54
04ff7
05000
05076
0507f
050ba
050bf
051cc
0554d
0578e
05986
0598a
0598e
05998
05a3c
05a40
05af5
05af9
05afd
05ba1
05ba5
05ba9
05bad
05bb1
05bb5
05bb9
05bbd
05bc1
05bc5
05bc9
05bcd
05bd1
05bd5
05bd9
05bdd
0400a
0400e
040c0
040e5
040ee
0425e
04267
043f6
04470
04488
044c1
044c7
044ee
044f5
0450a
04631
0465c
04674
04709
04848
04856
0487c
04d8d
04d9e
04e6b
04f6d
04f7c
05012
05017
05092
050c9
050d2
05163
0521b
055bd
05812
059c5
059c9
059d3
059d7
05a7b
05b30
05b34
05b38
05b9f
05ba3
05be4
05be8
05bec
05bf0
05bf4
05bf8
05bfc
05c00
05c04
05c08
05c0c
05c10
05c14
05c18
05c1c
03eb9
040fd
04122
04129
04138
0429d
04349
0435d
04433
044f6
04501
0450c
0452d
04539
04668
04676
0469e
0473e
04742
04889
048ac
048c4
04db7
04e86
04e96
04f8b
04fa3
04fac
05022
0502b
050e4
050e9
051f4
053c9
0580c
059fa
059fe
05a02
05a0c
05ab6
05aba
05b69
05b6d
05b71
05be4
05c1f
05c23
05c27
05c2b
05c2f
05c33
05c37
05c3b
05c3f
05c43
05c47
05c4b
05c4f
05c53
05c57
03efc
03f00
0413e
04163
0416b
042d8
042e3
0438d
04468
0446c
0453b
04541
04568
0456f
04584
0460a
046a5
046b1
046db
0478b
047a3
048be
04ddb
04dec
04ea7
04efd
04f0c
04fbe
04fc3
0503e
050f3
050fc
0518d
05241
05647
0588b
058d7
058db
058df
058e3
05a44
05a48
05a4c
05b01
05c1f
05c23
05c5e
05c62
05c66
05c6a
05c6e
05c72
05c76
05c7a
05c7e
05c82
05c86
05c8a
05c8e
05c92
05c96
03f43
04040
0419a
041a1
041ae
04311
0433d
04341
043cf
04570
0457c
04586
045a7
045b2
04645
04649
046e8
04713
0472b
0479d
047c6
047de
04e05
04ec2
04ed2
04f1c
04fcd
04fd6
0504c
05055
0510e
05113
051a4
05482
0574f
05912
05916
0591a
0591e
05a7f
05a83
05a87
05b3c
05b40
05c5e
05c99
05c9d
05ca1
05ca5
05ca9
05cad
05cb1
05cb5
05cb9
05cbd
05cc1
05cc5
05cc9
05ccd
05cd1
03f86
03f8a
0403c
04067
04070
041e4
041ef
0437c
04400
04414
045b5
045bb
045de
045e5
045fa
04684
0471e
0472d
04751
047d2
047e0
04806
04e28
04e39
04ee2
04f35
04f44
04fe8
04fed
05068
0509f
050a8
05139
05267
056cb
0579a
05951
05955
05959
0595d
05abe
05ac2
05ac6
05b75
05ba5
05ba9
05c9b
05cd6
05cda
05cde
05ce2
05ce6
05cea
05cee
05cf2
05cf6
05cfa
05cfe
05d02
05d06
05d0a
04153
041f7
04215
0421e
04230
0438d
04525
04529
045b7
04621
04627
0463b
0475a
04760
0478b
047a3
04832
048b7
048c6
04975
0499e
049b6
04e4d
04efd
04f0c
04fe5
05075
0507e
050f4
050fd
05138
0513d
05241
0570a
05906
05af4
05af8
05afc
05b06
05baa
05bae
05c63
05c67
05c6b
05d0f
05d13
05d17
05d1b
05d1f
05d23
05d27
05d2b
05d2f
05d33
05d37
05d3b
05d3f
05d43
05d47
05d4b
0418a
0418e
04236
0425c
04264
043c3
043d5
04564
045e6
045f6
0462f
04635
0465e
04664
04678
0479d
047c6
047de
0486d
049aa
049b8
049de
04e68
04e78
04f1c
04ff7
05000
05090
05095
05110
05147
05150
051e0
05286
0575b
05987
05b33
05b37
05b41
05b45
05be9
05c9e
05ca2
05ca6
05d0d
05d11
05d52
05d56
05d5a
05d5e
05d62
05d66
05d6a
05d6e
05d72
05d76
05d7a
05d7e
05d82
05d86
05d8a
04057
04271
04290
0429e
042aa
0440c
044bc
044cb
045a1
04665
0466f
0467a
0469d
046a7
047d2
047e0
04806
048a0
048a4
049eb
04a0e
04a26
04e89
04f35
04f44
0500f
05021
0502a
050a0
050a9
05162
05167
05267
05602
05980
05b68
05b6c
05b70
05b7a
05c24
05c28
05cd7
05cdb
05cdf
05d52
05d8d
05d91
05d95
05d99
05d9d
05da1
05da5
05da9
05dad
05db1
05db5
05db9
05dbd
05dc1
05dc5
04094
04098
042b0
042d6
042de
04437
04451
044ff
045d6
045da
046a9
046af
046d8
046de
046f2
04778
0480d
04819
04841
048ed
04905
04a20
04ea4
04eb4
04f54
04fa3
04fac
0503c
05041
050bc
05171
0517a
05208
0529e
057d9
059fb
05a45
05a49
05a4d
05a51
05bb2
05bb6
05bba
05c6f
05d8d
05d91
05dcc
05dd0
05dd4
05dd8
05ddc
05de0
05de4
05de8
05dec
05df0
05df4
05df8
05dfc
05e00
05e04
040d5
041ba
04304
04312
0431c
04480
044ab
044af
0453d
046df
046ea
046f4
04717
04721
047b1
047b5
0484e
04877
0488f
048ff
04928
04940
04ec5
04f6d
04f7c
04fbb
0504b
05054
050ca
050d3
0518c
05191
0521b
05686
058c9
05a80
05a84
05a88
05a8c
05bed
05bf1
05bf5
05caa
05cae
05dcc
05e07
05e0b
05e0f
05e13
05e17
05e1b
05e1f
05e23
05e27
05e2b
05e2f
05e33
05e37
05e3b
05e3f
04112
04116
041b6
041e2
041ea
04349
0435d
044ea
04573
04582
04723
04729
0474e
04754
04768
047ee
04882
04891
048b3
04934
04942
04968
04edf
04eef
04f8b
04fcd
04fd6
05066
0506b
050e6
0511d
05126
051b8
052b6
05851
05913
05abf
05ac3
05ac7
05acb
05c2c
05c30
05c34
05ce3
05d13
05d17
05e09
05e44
05e48
05e4c
05e50
05e54
05e58
05e5c
05e60
05e64
05e68
05e6c
05e70
05e74
05e78
042c5
04365
04384
0438f
0439e
044ff
04693
04697
04725
0478d
04793
047a7
048bc
048c2
048ed
04905
04994
04a19
04a28
04ad1
04af6
04b10
04f00
04fa3
04fac
05063
050f3
050fc
05172
0517b
051b4
051ba
0529e
053dc
059fb
05abd
05c64
05c68
05c72
05c76
05d1a
05dcf
05dd3
05dd7
05e7b
05e7f
05e83
05e87
05e8b
05e8f
05e93
05e97
05e9b
05e9f
05ea3
05ea7
05eab
05eaf
05eb3
05eb7
042fa
042fe
043a4
043cd
043d3
04536
04543
046d2
04755
04764
0479b
047a1
047c8
047ce
047e2
048ff
04928
04940
049cf
04b02
04b12
04b34
04f19
04f28
04fbb
05075
0507e
0510e
05113
0518e
051c2
051cb
05254
052ce
0575b
05ab1
05c9f
05ca3
05ca7
05cb1
05d55
05d59
05e0e
05e12
05e16
05e7d
05ebc
05ec0
05ec4
05ec8
05ecc
05ed0
05ed4
05ed8
05edc
05ee0
05ee4
05ee8
05eec
05ef0
05ef4
041d1
043df
043fe
0440e
04418
0457a
0462b
04639
0470f
047cf
047d9
047e4
04805
0480f
04934
04942
04968
04a02
04a06
04b43
04b64
04b7e
04f38
04fcd
04fd6
0508d
0509f
050a8
0511e
05127
051dc
051e2
052b6
054aa
05913
05b31
05cd8
05cdc
05ce6
05cea
05d94
05e43
05e47
05e4b
05ebc
05ec0
05ef9
05efd
05f01
05f05
05f09
05f0d
05f11
05f15
05f19
05f1d
05f21
05f25
05f29
05f2d
0420c
04210
0441e
04447
0444d
045af
045bf
0466d
04744
04748
04811
04817
0483e
04844
04858
048da
0496f
0497b
049a3
04a4b
04a65
04b78
04f51
04f60
04fe5
05021
0502a
050ba
050bf
0513a
051ea
051f3
0527a
052e2
057d9
05b2b
05bb1
05bb5
05bb9
05bbd
05d1e
05d22
05d26
05ddb
05ddf
05ef9
05f32
05f36
05f3a
05f3e
05f42
05f46
05f4a
05f4e
05f52
05f56
05f5a
05f5e
05f62
05f66
05f6a
0424b
04328
0446e
04482
0448a
045ee
04619
0461d
046ab
04845
04850
0485a
0487b
04885
04913
04917
049b0
049d9
049f1
04a5f
04a84
04a9e
04f70
04ff7
05000
05039
050c9
050d2
05148
05151
05204
0520a
05286
05572
05987
05a43
05bf0
05bf4
05bf8
05bfc
05d5d
05d61
05d65
05e1a
05f32
05f36
05f6f
05f73
05f77
05f7b
05f7f
05f83
05f87
05f8b
05f8f
05f93
05f97
05f9b
05f9f
05fa3
04286
0428a
04324
04353
04359
044bc
044cb
04658
046e2
046f0
04887
0488d
048b0
048b6
048ca
04950
049e4
049f3
04a15
04a90
04aa0
04ac2
04f88
04f97
0500f
0504b
05054
050e4
050e9
05164
0519a
051a3
0522e
052f6
05851
05a31
05c2b
05c2f
05c33
05c37
05d98
05d9c
05da0
05e4f
05e53
05e83
05f6d
05f71
05faa
05fae
05fb2
05fb6
05fba
05fbe
05fc2
05fc6
05fca
05fce
05fd2
05fd6
05fda
04433
044d3
044f6
04501
0450c
0466d
047fb
047ff
04889
048ef
048f5
04909
04a1e
04a24
04a4b
04a65
04aec
04b6f
04b80
04bf8
04c10
04c2c
04fa6
05021
0502a
050e1
05171
0517a
051ed
051f5
0522a
05230
052e2
053b6
059fb
05be2
05dd0
05dd4
05dd8
05de2
05e86
05e8a
05f39
05f3d
05fdd
05fe1
05fe5
05fe9
05fed
05ff1
05ff5
05ff9
05ffd
06001
06005
06009
0600d
06011
06015
06019
04468
0446c
04512
0453b
04541
046a5
046b1
04838
048b7
048c6
048fd
04903
0492a
04930
04944
04a5f
04a84
04a9e
04b25
04c1c
04c28
04c3f
04fb8
04fc1
05039
050f3
050fc
0518c
05191
05205
05237
05240
052aa
0530a
05572
05a43
05c63
05e0f
05e13
05e1d
05e21
05ec3
05f72
05f76
05f7a
05fdf
0601e
06022
06026
0602a
0602e
06032
06036
0603a
0603e
06042
06046
0604a
0604e
06052
06056
0433f
0454d
04570
0457c
04586
046e8
04797
047a5
04873
04931
0493b
04946
04967
04971
04a90
04aa0
04ac2
04b58
04b5c
04c4c
04c60
04c7c
04fd0
0504b
05054
0510b
0511d
05126
0519d
051a5
05250
05256
052f6
05375
05913
05c5c
05e44
05e48
05e4c
05e56
05efc
05f00
05fa9
05fad
0601e
06022
0605b
0605f
06063
06067
0606b
0606f
06073
06077
0607b
0607f
06083
06087
0608b
0608f
0437a
0437e
0458c
045b5
045bb
0471e
0472d
047d7
048a6
048aa
04973
04979
049a0
049a6
049ba
04a38
04ac9
04ad7
04afb
04b92
04bae
04c72
04fe2
04feb
05063
0509f
050a8
05138
0513d
051b5
0525d
05266
052c2
0531e
054f8
05abd
05cd7
05d21
05d25
05d29
05d2d
05e8e
05e92
05f41
05f45
0605b
06094
06098
0609c
060a0
060a4
060a8
060ac
060b0
060b4
060b8
060bc
060c0
060c4
060c8
060cc
043b9
04496
045dc
045f0
045f8
0475c
04785
04789
04813
049a7
049b2
049bc
049dd
049e7
04a6f
04a73
04b0a
04b2f
04b49
04ba4
04bbc
04bd8
04ffa
05075
0507e
050b7
05147
05150
051c5
051cd
05276
0527c
052ce
05443
05987
05ba5
05d5c
05d60
05d64
05d68
05ec7
05ecb
05ecf
05f7e
06094
06098
060d1
060d5
060d9
060dd
060e1
060e5
060e9
060ed
060f1
060f5
060f9
060fd
06101
06105
043f4
043f8
04492
044c1
044c7
0462b
04639
047c2
04848
04856
049e9
049ef
04a12
04a18
04a2c
04aaa
04b3a
04b4b
04b6b
04bc8
04bd4
04beb
0500c
05015
0508d
050c9
050d2
05162
05167
051dd
05211
0521a
05292
05332
054aa
05b31
05bef
05d9b
05d9f
05da3
05da7
05f04
05f08
05fb1
05fb5
05fe5
060cf
060d3
0610c
06110
06114
06118
0611c
06120
06124
06128
0612c
06130
06134
06138
0613c
045a1
04641
04665
0466f
0467a
047d7
0495d
04961
049eb
04a4d
04a53
04a69
04b74
04b7a
04b92
04bae
04c0c
04c6b
04c78
04ce2
04cf4
04d10
04e3a
05024
0509f
050a8
0515f
051ea
051f3
05260
05268
05291
052e2
054ec
05511
05574
05cd7
05d99
05f3a
05f3e
05f48
05fe8
05fec
0609b
0609f
0613f
06143
06147
0614b
0614f
06153
06157
0615b
0615f
06163
06167
0616b
0616f
06173
06177
045d6
045da
04680
046a9
046af
0480d
04819
0499a
04a19
04a28
04a5b
04a61
04a86
04a8c
04aa2
04ba4
04bbc
04bd8
04c36
04d00
04d0c
04d1d
04d6e
05036
0503f
050b7
05171
0517a
05204
0520a
05277
0529a
052a0
05328
0554f
05572
05a43
05d8d
05f73
05f77
05f81
05f85
06025
060d4
060d8
060dc
06141
0617e
06182
06186
0618a
0618e
06192
06196
0619a
0619e
061a2
061a6
061aa
061ae
061b2
044ad
046bb
046df
046ea
046f4
0484e
048f9
04907
049d5
04a8d
04a95
04a9c
04ac1
04acb
04bc8
04bd4
04beb
04c5a
04c5e
04d2a
04d38
04d54
04d9f
0504e
050c9
050d2
05189
0519a
051a3
05214
0521c
052a9
052f6
0534f
05375
053de
05bef
05e0d
05faa
05fae
05fb8
0605e
06062
0610b
0610f
0617c
061b5
061b9
061bd
061c1
061c5
061c9
061cd
061d1
061d5
061d9
061dd
061e1
061e5
061e9
044e8
044ec
046fa
04723
04729
04882
04891
04939
04a08
04a0c
04acd
04ad3
04af8
04afe
04b14
04b8e
04bf2
04bfe
04c15
04c88
04ca4
04d4a
04dbc
05060
05069
050e1
0511d
05126
051b4
051ba
0522b
052b2
052b8
0533c
053cb
053de
05abd
05e07
05e8d
05e91
05e95
05e99
05ff0
05ff4
060a3
060a7
061b7
061f0
061f4
061f8
061fc
06200
06204
06208
0620c
06210
06214
06218
0621c
06220
06224
04527
04604
0474c
0475e
04766
048be
048e7
048eb
04975
04aff
04b08
04b0e
04b33
04b3d
04bb6
04bba
04c22
04c3a
04c56
04c9a
04cac
04cc8
04ded
05078
050f3
050fc
05135
051c2
051cb
0523a
05242
052c1
052ce
0541d
05443
054ac
05c63
05d1f
05eca
05ece
05ed2
06029
0602d
06031
060e0
061ee
06227
0622b
0622f
06233
06237
0623b
0623f
06243
06247
0624b
0624f
06253
06257
0625b
04562
04566
04600
0462f
04635
04797
047a5
04924
049aa
049b8
04b3f
04b45
04b68
04b6e
04b82
04be2
04c45
04c52
04c67
04cb8
04cc4
04cd5
04e0a
0508a
05093
0510b
05147
05150
051dc
051e2
05251
05282
05288
05314
05491
054ac
05b31
05d0d
05f03
05f07
05f0b
05f0f
06066
0606a
06113
06117
06145
06229
06262
06266
0626a
0626e
06272
06276
0627a
0627e
06282
06286
0628a
0628e
06292
03d60
03dac
03db0
03dbf
0470d
04711
047af
047d5
047dc
04934
04942
04ab9
04b3a
04b4b
04b96
04ba0
04c62
04c74
04c7a
04c8d
04d43
04d50
04dc6
04eec
050a2
0511d
05126
051d8
0525d
05266
052b3
052d2
052d6
053cb
054aa
054b0
054b4
054b8
054f7
05720
05e44
06099
0609d
060a1
060ab
06147
0614b
061f4
061f8
06296
0629a
0629e
062a2
062a6
062aa
062ae
062b2
062b6
062ba
062be
03dc3
03dce
03e15
03e20
03e37
04746
047e8
0480a
04815
0481f
04975
04af0
04af4
04b78
04b9b
04ba6
04bac
04bc0
04bca
04c94
04ca0
04cb1
04de3
04e50
050b4
050bd
05135
051ea
051f1
05276
0527c
052c3
052de
05328
05509
05515
05519
0551d
05521
055cd
05bb1
05ef6
060d6
060da
060e4
060e8
06182
0622b
0622f
06294
062c2
062c6
062ca
062ce
062d2
062d6
062da
062de
062e2
062e6
062ea
03e2e
03e74
03e78
03e88
04619
0461d
04825
0484c
04852
049aa
049b8
04a5f
04b29
04b2d
04bcb
04bd2
04be8
04bee
04c04
04cbd
04cd0
04cec
04e14
04e75
050cc
05147
05150
05200
05211
0521a
05283
052e6
052ea
0534f
0554a
05576
0557a
0557e
05582
05612
05d5b
06109
0610d
06111
0611b
061b9
061bd
06262
06266
062c4
062ee
062f2
062f6
062fa
062fe
06302
06306
0630a
0630e
06312
03c77
03c7b
03c8a
03e8a
03e96
04658
0485e
04880
0488b
04895
049eb
04a90
04aa0
04b60
04bef
04bfa
04c00
04c14
04c1e
04cdc
04ce8
04cf9
04e30
04e8c
050de
050e7
0515f
0519a
051a1
0522a
05230
05293
052f2
0533c
05375
0537b
0537f
05383
053b5
05612
05c2a
05f6c
05ff0
05ff4
05ff8
05ffc
0614f
06153
061fc
062ec
06316
0631a
0631e
06322
06326
0632a
0632e
06332
06336
0633a
0633e
03c92
03cde
03ce2
03cf1
04693
04697
04774
048bc
048c2
04a19
04a28
04a47
04ac9
04ad7
04c20
04c26
04c3c
04c42
04c58
04d06
04d18
04d34
04d78
04eb1
050f6
05171
0517a
051b0
05237
05240
0529b
052fa
052fe
053c7
053e0
053e4
053e8
053ec
0554e
0569c
05dcf
06029
0602d
06031
06035
06186
0618a
06233
06237
06318
06342
06346
0634a
0634e
06352
06356
0635a
0635e
06362
06366
03cf5
03d00
03d47
03d52
03d69
046d2
0476c
04794
0479f
047a9
048ff
04a7e
04a82
04b0a
04c43
04c4e
04c54
04c66
04c6e
04d23
04d30
04d3f
04d95
04ec8
05108
05111
05189
051c2
051c9
05250
05256
052ab
052ca
05314
0542e
05447
0544b
0544f
05453
0569c
05c9e
05e7a
06066
0606a
0606e
06072
061c1
061c5
0626a
06298
06340
0636a
0636e
06372
06376
0637a
0637e
06382
06386
0638a
0638e
03c8a
03d8b
03d8f
03e70
03e8a
03e96
03f63
03f9e
03fac
04873
0490f
04931
0493b
04946
04a97
04c45
04c52
04c8c
04c96
04d3a
04d4c
04d52
04dc6
04e93
04f94
05120
0519a
051a1
0524c
052b2
052b8
052f3
05310
05360
05379
0537d
05387
0538b
0548e
05492
05496
0549a
056a1
05868
05e45
061f2
061f6
06200
06204
0629e
06390
06394
06398
0639c
063a0
063a4
063a8
063ac
063b0
063b4
03c71
03c75
03c92
03ceb
03d02
03df4
03fa6
03fae
03fe6
048a6
048aa
0494c
04973
04979
04ac9
04ad7
04c72
04c91
04c9c
04ca2
04cb0
04cba
04de3
04eaa
04f03
05132
0513b
051b0
0525d
05264
052c1
052fb
05318
0531c
053dc
053e2
053e6
053f0
05431
054f7
054fb
054ff
056e4
056e8
058a1
06059
0622d
06231
0623b
062c6
062ca
06392
063ba
063be
063c2
063c6
063ca
063ce
063d2
063d6
063da
03cda
03cf5
03d00
03d58
03e55
03e59
03fed
04022
04032
04787
04985
049a7
049b2
049bc
04b0a
04b9e
04baa
04cbb
04cc2
04cd2
04cd8
04cee
04e14
04ecf
04f25
0514a
051c2
051c9
05272
05282
05288
052cb
05324
0542e
05447
0544b
05455
05459
05558
0555c
05560
05564
05725
0576c
05d5c
06260
06264
0626e
06272
062f2
063b8
063dc
063e0
063e4
063e8
063ec
063f0
063f4
063f8
063fc
03c49
03c4d
03d41
03d5c
03d67
03dbf
03ecf
03edd
0402c
047c0
047c4
049c2
049e9
049ef
04b3a
04b4b
04bcd
04cd9
04ce4
04cea
04cf8
04d02
04e30
04ee5
04f3b
0515c
05165
051d8
05211
05218
05291
052d3
0532c
05330
0534f
05353
05357
054a9
054af
054b3
054bd
054c1
055d0
055d4
057ea
060cf
0614f
06153
06157
0631a
0631e
063de
06402
06406
0640a
0640e
06412
06416
0641a
0641e
06422
03cb2
03da6
03daa
03dc7
03e20
03e37
03ed9
03f14
03f22
047fd
048d4
04a10
04a22
04a2a
04b78
04bf2
04bfe
04d04
04d0a
04d1a
04d20
04d36
04d78
04e57
04f5d
05174
051ea
051f1
05226
0529a
052a0
052df
05338
053b4
053b8
053bc
05508
05514
05518
0551c
05526
0554f
05617
057ea
05dd0
06186
0618a
0618e
06192
06346
06400
06424
06428
0642c
06430
06434
06438
0643c
06440
06444
03d17
03d1b
03e0f
03e29
03e35
03e88
03f1c
03f24
03f5c
04836
0483a
048d0
048fd
04903
04a57
04a67
04c22
04d21
04d2c
04d32
04d3e
04d46
04d95
04e6e
04f73
05186
0518f
05200
05237
0523e
052a9
052e7
05304
05308
0541b
0541f
05423
05549
05575
05579
0557d
05587
0565a
0565e
05868
05fdd
061c1
061c5
061c9
0636a
0636e
06396
06426
0644a
0644e
06452
06456
0645a
0645e
06462
06466
03de3
03dfc
03e1e
03e2c
03e35
03eef
03f10
03f1e
03f27
040a0
040b0
040b9
04d76
04e30
04e3a
04eb0
05004
05225
05304
054e3
054ee
054fb
05514
0552c
05551
0558c
0561a
05641
0565f
056cc
056e3
05790
057ad
057b1
057d3
057ec
057f0
05895
05960
05989
0599e
05a39
05a44
05a55
05b7e
05baa
05bc1
05bc5
05c6c
05d2f
06468
0646c
06470
06474
06478
0647c
06480
06484
06488
0648c
03e42
03e57
03e5f
03e86
03e92
03f32
03f45
03f5c
03f67
04022
040e7
040f3
0430f
04d71
04d7c
04da2
05013
051ff
052f0
05346
05361
0538d
0548e
05555
0556c
0558e
0563c
05665
05691
056a6
0571a
05754
057cf
057f4
057f8
05814
0582b
0582f
058cf
059a0
059c5
059db
05a58
05a82
05a92
05ba0
05be7
05bfe
05c02
05ca9
05e17
06491
06495
06499
0649d
064a1
064a5
064a9
064ad
064b1
064b5
03c57
03c60
03c83
03c90
03c99
03f82
03f8a
03fa1
03fac
0411e
0412e
04137
04d95
04d9f
04dc4
04eeb
04fb0
0524b
05318
05343
05368
0536f
05391
053c8
053f4
054f6
055c8
05681
056aa
056d6
056eb
0580c
05823
05835
05839
0585c
0586c
05870
059bf
059df
05a10
05a5a
05a95
05abe
05acf
05c06
05c2c
05c3d
05c41
05da9
06490
064ba
064be
064c2
064c6
064ca
064ce
064d2
064d6
064da
03cb2
03cc2
03cc9
03cef
03cfd
03f14
03fc9
03fdf
03fed
03ff6
04165
04171
0421b
04dbf
04dca
04df0
04fbf
051af
052c8
053ae
053b9
053d1
053df
053fa
05434
0545d
05604
05615
056ed
0570e
05728
057d4
0584d
05872
05876
0588d
058a3
058a7
058cb
058e5
05949
05a16
05ab3
05af6
05b0a
05bac
05c43
05c6e
05c7a
05c7e
05de6
064df
064e3
064e7
064eb
064ef
064f3
064f7
064fb
064ff
06503
03d25
03d2e
03d51
03d5e
03d67
04006
0400e
04026
04030
04196
041a6
041af
04de3
04ded
04e12
04e74
04fda
05271
0532c
05416
05433
0543c
0545e
05481
054a1
0555e
055b6
055c1
055d8
05652
0572d
05751
0575d
05770
05774
0589b
058ad
058b1
058e9
05915
05924
05ad4
05b0f
05b3c
05b4b
05c5d
05ca0
05cb5
05cb9
05d55
064de
06508
0650c
06510
06514
06518
0651c
06520
06524
06528
03d77
03d8d
03d97
03dbd
03dcb
03ea8
03ebb
03ed2
03edd
03f9e
04069
04075
0429b
04e0d
04e18
04e3d
04fe9
051d7
052dc
05352
0547e
0548a
054a4
054c6
054ed
0552d
055ac
055db
05605
0561f
05696
05749
05766
05778
0577c
0579c
057b7
057bb
05908
05928
05963
059ce
05b2d
05b6a
05b82
05c26
05cbd
05ce2
05cf0
05cf4
05e5a
0652c
06530
06534
06538
0653c
06540
06544
06548
0654c
06550
03fc2
03fcc
03fe1
03fed
03ff6
04087
040a1
040ac
040b9
04217
04224
0422f
04d63
04e32
04e5d
04ee7
04ef0
0507f
05322
053d5
0554d
056c7
056d2
056ed
05709
05728
0578f
057bc
057da
057ed
05863
05909
05929
0592d
0594b
05963
05969
05a05
05ad2
05af7
05b12
05ba7
05bb3
05bc3
05cec
05d1a
05d2f
05d34
05dda
05e9b
0646a
0646e
0652c
06555
06559
0655d
06561
06565
06569
0656d
03ffc
04005
0400e
04026
04030
040c3
040d4
040e8
040f3
04195
0425a
04267
04470
04d8a
04e50
04e57
04e77
05090
05271
0534c
0543c
055b1
055c0
055d6
05711
0571d
05731
057f3
05814
0582a
0588e
058ce
05946
0596c
05970
0598b
0599f
059a6
05a3f
05b0f
05b34
05b4f
05bca
05bf0
05c00
05d0e
05d57
05d6c
05d71
05e17
05f7b
06492
06506
06571
06575
06579
0657d
06581
06585
06589
0658d
03eaf
03eb8
03ecc
03ed9
03ee2
0410d
04113
04127
04132
04291
0429e
042a9
04d97
04dcd
04e70
04e7a
04e99
0502b
05336
053b3
054a3
055ad
055c5
055d9
05601
0561d
0575f
0580d
0583b
0585d
0586b
05980
05997
059ab
059af
059d0
059e1
059e5
05b2d
05b51
05b82
05bcd
05c07
05c2c
05c3d
05d75
05d9a
05dac
05db0
05f11
06496
064bb
0652f
06591
06595
06599
0659d
065a1
065a5
065a9
03eec
03ef8
03f00
03f17
03f22
040a7
0414f
04160
04169
04176
042d4
042e1
04386
04dd8
04e8c
04e93
04eb3
0503c
05225
053b7
054ef
055f6
05607
0560e
05622
0564c
05666
057a7
05871
0588d
058a2
05948
059c0
059e6
059ea
059ff
05a13
05a1a
05a39
05a53
05ab9
05b88
05c21
05c65
05c78
05d18
05db2
05ddc
05de9
05ded
05f4c
06472
064e4
065ad
065b1
065b5
065b9
065bd
065c1
065c5
065c9
03f39
03f42
03f56
03f63
03f6c
04185
0418b
0419f
041aa
04305
04312
0431c
04d6d
04e13
04eac
04eb6
04ed5
05055
0530e
05481
0556b
0563d
0564f
05663
05685
056a4
05750
05758
0576e
057dd
058ab
058cc
058da
058ed
058f1
05a0b
05a1f
05a23
05a58
05a84
05a98
05c47
05c81
05cab
05cb7
05dcb
05e0e
05e23
05e28
05ec1
06497
06509
0650d
065cd
065d1
065d5
065d9
065dd
065e1
065e5
03f78
03f81
03f8a
03fa1
03fac
04045
04056
0406a
04075
0411d
041e0
041ed
04400
04e0f
04ec8
04ecf
04eee
05066
0524b
05369
05489
05680
0568b
05698
056ac
056d0
056f2
05775
05795
057b4
05815
058c3
058e0
058f4
058f8
05917
05931
05935
05a76
05a9a
05acd
05b3e
05c9b
05cd9
05cee
05d92
05e2c
05e50
05e5f
05e63
05fbc
064c0
06532
065cb
065ec
065f0
065f4
065f8
065fc
06600
06604
04148
04152
0415e
0416b
04176
041ff
0421d
04226
0422f
04387
04392
0439d
04dac
04df4
04ee8
04f0f
04f90
04f98
050fd
05603
056d1
0584d
05858
05871
0588b
058a2
05907
05936
05950
05967
059d5
05a77
05a96
05a9e
05aba
05acf
05ada
05b75
05c43
05c66
05c85
05d15
05d20
05d33
05e5c
05e88
05e9b
05ea0
05f40
05ffd
064be
064e4
06555
06607
0660b
0660f
06613
06617
0661b
0661f
0417d
04186
0418e
0419f
041aa
04239
0424a
04260
04267
04303
043c9
043d6
045e6
04de8
04e55
04f03
04f09
04f27
0510e
05437
0564b
0574f
0575c
0576e
05892
0589e
058b5
05960
0598b
0599c
05a00
05a3c
05ab4
05ad3
05ae0
05af6
05b0c
05b17
05bad
05c80
05ca2
05cc2
05d39
05d5d
05d70
05e7c
05ec3
05ed6
05edb
05f7b
060dd
064e9
0650f
06575
06625
06629
0662d
06631
06635
06639
0663d
0404d
04056
04062
0406f
0407a
04281
04287
0429d
042a4
04401
0440c
04417
04dfd
04e41
04e96
04f21
04f2a
04f47
050a9
055c4
05696
0574b
05763
05775
05799
057b4
058dc
05981
059b1
059cf
059e1
05aee
05b05
05b1b
05b1f
05b3f
05b52
05b56
05c9b
05cc3
05cee
05d3c
05d76
05d9a
05dad
05edf
05f02
05f14
05f18
06073
06496
06531
06591
0663f
06643
06647
0664b
0664f
06653
06657
04085
04090
04098
040a9
040b5
04216
042c1
042d5
042dd
042e6
04443
0444f
044f9
04e24
04e91
04f3b
04f41
04f5f
050ba
054ee
056cc
0578e
0579f
057a6
057ae
057de
057fd
0591f
059dd
059ff
05a10
05ab6
05b2e
05b4d
05b5a
05b6a
05b84
05b8b
05ba7
05bc1
05c27
05cfa
05d8f
05dd2
05de8
05e86
05f1a
05f42
05f4f
05f53
060ae
0646c
06536
065b1
0665d
06661
06665
06669
0666d
06671
06675
040cb
040d4
040e0
040ed
040f8
042f5
042fb
04311
04318
04471
04480
0448b
04d5e
04da6
04ed2
04f59
04f62
04f7f
050d3
0564e
0571a
057cf
057e1
057f3
05811
0582a
058ca
058d2
058ec
05955
05a1d
05a3a
05a45
05a5e
05a62
05b79
05b8f
05b93
05bc9
05bf2
05c0b
05db6
05df0
05e19
05e27
05f33
05f72
05f87
05f8c
06023
06470
06493
065cd
06677
0667b
0667f
06683
06687
0668b
0668f
04104
0410c
04116
04127
04132
041bf
041d0
041e6
041ed
0428f
0434f
0435b
04573
04d9a
04ecd
04f73
04f79
04f96
050e4
05368
055c7
0580c
05817
05824
05834
05856
0587c
058e9
0590d
05922
0598c
05a31
05a4e
05a64
05a68
05a83
05aa1
05aa5
05be4
05c0c
05c3b
05caa
05e09
05e47
05e5e
05efc
05f90
05fb2
05fc1
05fc5
0611e
064b8
0650e
065ec
06694
06698
0669c
066a0
066a4
066a8
066ac
042b9
042c4
042d1
042dc
042e6
0436d
0438c
04395
0439d
044f2
044ff
0450b
04d8d
04e83
04eba
04f91
04faf
05016
0517b
0579d
05857
059c0
059cb
059dd
059fa
05a10
05a75
05aa6
05abe
05ad0
05b43
05be5
05c09
05c10
05c25
05c3d
05c41
05ce1
05daa
05dd3
05df4
05e83
05e8c
05e9f
05fbe
05fea
05ffd
06002
060a2
0615b
0649c
064be
064c5
064c9
06608
066af
066b3
066b7
066bb
066bf
042ee
042f6
042fe
0430c
04318
043a8
043b8
043ce
043d6
04477
04537
04543
04755
04db6
04eaf
04f08
04fa9
04fc0
0518c
0564e
057dd
058c8
058d7
058e6
05a02
05a0e
05a26
05ad1
05af6
05b0a
05b6d
05bac
05c22
05c46
05c4e
05c65
05c7a
05c7e
05d19
05de7
05e10
05e31
05ea5
05ec7
05eda
05fde
06025
06038
0603d
060dd
06233
064e3
064ea
064ee
065cd
06626
066c6
066ca
066ce
066d2
066d6
041c9
041d0
041dd
041e8
041f2
043f0
043f5
0440b
04412
0456c
0457a
04585
04ddb
04ebf
04ef5
04f44
04fc2
04fd9
05127
05762
05824
058c6
058de
058e9
05913
05922
05a49
05aef
05b20
05b3c
05b4c
05c5c
05c73
05c89
05c8d
05cac
05cb9
05cc4
05e09
05e2d
05e5e
05ea8
05ee0
05f02
05f15
06041
06064
06076
0607a
061cd
064ea
0650e
06513
06517
06640
066d9
066dd
066e1
066e5
066e9
041fd
04209
04210
04221
0422a
04389
0442f
04444
0444c
04454
045b0
045be
04668
04e04
04edc
04f40
04fd3
04fea
05138
056d1
05854
05905
05918
0591e
0592a
05951
05966
05a8d
05b4d
05b6a
05b82
05c26
05c9c
05cbf
05cc8
05cd9
05cf0
05cf4
05d15
05d31
05d93
05e5d
05ef9
05f38
05f4e
05fe8
0607c
060a4
060b1
060b5
06206
0652d
06537
0653b
06555
0665e
066f0
066f4
066f8
066fc
06700
04242
0424a
04257
04262
0426c
04464
04469
0447f
04486
045e2
045ee
045f9
04e28
04e47
04e7e
04f7c
04fec
05003
05151
057e0
0589c
05946
05957
05960
05986
0599c
05a38
05a3e
05a55
05ac3
05b8e
05ba8
05bb4
05bc5
05bd0
05ce7
05cfd
05d01
05d30
05d5f
05d7a
05f1e
05f56
05f7d
05f8b
06095
060d5
060e9
060ee
0617f
0646b
06474
06478
06537
06678
06703
06707
0670b
0670f
06713
0427a
04282
0428a
04298
042a4
0432e
0433e
04354
0435b
04403
044bd
044ca
046e2
04d68
04e73
04f78
04ffd
05014
05162
055c4
05767
05980
0598c
05998
059aa
059c5
059e0
05a57
05a7a
05a90
05af9
05b9f
05bbc
05bd2
05bd6
05bf1
05c02
05c13
05d52
05d76
05dab
05e18
05f6f
05fa8
05fc0
0605e
060f2
06114
06123
06127
06274
06494
0649c
064a0
06591
06695
0671a
0671e
06722
06726
0672a
04427
04432
0443f
0444c
04454
044db
044f5
04502
0450b
0465d
0466d
04679
04d90
04e69
04f40
04fac
0502d
05094
051f5
05918
059ca
05b2e
05b39
05b4d
05b67
05b82
05be3
05c14
05c2c
05c45
05cb1
05d53
05d78
05d7e
05d95
05dab
05db0
05e4f
05f12
05f39
05f5a
05fe5
05fee
06001
06120
06148
0615b
06160
061fa
062a2
064b9
06591
06597
0659b
066ae
0672d
06731
06735
06739
0673d
0445a
04463
0446c
0447d
04486
04515
04526
0453c
04543
045e1
046a0
046b1
048b7
04e26
04e8a
04f82
05027
0503e
05207
057e0
05955
05a37
05a44
05a5b
05b6f
05b7c
05b95
05c43
05c65
05c78
05cdc
05d18
05d90
05db5
05dbc
05dd2
05de8
05ded
05e87
05f4d
05f74
05f95
06007
06029
0603c
0613e
06181
06194
06199
06233
06344
064e5
065b3
065b7
06679
066c5
06744
06748
0674c
06750
06754
04335
0433e
0434b
04358
04360
0455d
04563
04579
04581
046d7
046e8
046f3
04d64
04ea5
04f78
04fd6
05040
05057
051a5
058dd
05998
05a34
05a4b
05a57
05a80
05a90
05bb8
05c5d
05c8e
05cab
05cc1
05dca
05de1
05df7
05dfb
05e1a
05e28
05e32
05f6f
05f91
05fc0
0600a
06042
06064
06077
0619d
061be
061d0
061d4
062f6
06497
065cd
065d3
065d7
066d8
06757
0675b
0675f
06763
06767
0436a
04377
0437e
04390
04398
044f1
0459d
045ac
045ba
045c2
0471a
0472c
047d2
04e07
04ec6
04f93
05051
05068
051b7
05857
059c8
05a74
05a86
05a8c
05a9c
05ac0
05ad8
05bfb
05cbd
05cd9
05cee
05d92
05e0a
05e2e
05e36
05e47
05e5e
05e63
05e83
05e9d
05efd
05fbf
0605b
0609a
060b0
06146
061d6
061fc
06209
0620d
06320
06533
065ee
065f2
06609
066ef
0676e
06772
06776
0677a
0677e
043af
043b8
043c7
043d2
043da
045d1
045d7
045ed
045f4
0474b
0475c
04767
04db1
04ee0
04f08
05000
0506a
05081
051cd
05956
05a0c
05ab4
05ac5
05ad1
05af3
05b0a
05ba6
05bae
05bc3
05c31
05cfc
05d16
05d21
05d34
05d3e
05e55
05e6b
05e6f
05e9c
05ec9
05ee4
06080
060b8
060df
060ed
061ed
0622a
0623f
06244
062c6
0646b
06556
0655c
065ee
06702
06781
06785
06789
0678d
06791
043e6
043ef
043f8
04409
04412
0449b
044ac
044c2
044ca
0456b
04626
04637
04848
04dd9
04e4e
04f4a
0507b
05092
051df
05762
058e1
05aee
05af9
05b06
05b1b
05b34
05b52
05bc9
05be9
05bfe
05c68
05d0d
05d2a
05d40
05d44
05d5e
05d71
05d81
05ebe
05ee0
05f13
05f7c
060d1
0610b
06122
061b8
06248
0626a
06279
0627d
06370
06506
06577
0657b
06641
06719
06798
0679c
067a0
067a4
067a8
04595
045a0
045aa
045ba
045c2
04649
04664
04670
04679
047c7
047d7
047e3
04dfc
04e6d
04f1d
0502a
050ab
05112
05268
054bc
05a86
05b38
05c9c
05ca7
05cbd
05cd6
05cee
05d51
05d82
05d9a
05db4
05e1f
05ebf
05ee2
05ee8
05eff
05f13
05f18
05fb1
06074
0609b
060bc
06143
0614c
0615f
06276
0629e
062a5
062a9
06372
06531
06641
06646
0664a
0672c
067ab
067af
067b3
067b7
067bb
045c9
045d2
045da
045e9
045f4
04683
04694
046aa
046b1
0474a
04808
0481a
04a19
04e2d
04f36
05006
050a5
050bc
05279
05515
05956
05ac3
05ba5
05bb3
05bce
05cde
05cea
05d03
05db2
05dd2
05de8
05e4a
05e86
05efa
05f1d
05f24
05f38
05f4e
05f53
05fe9
060af
060d7
060f7
06165
06186
06198
06294
062c8
062cf
062d3
063bc
065b0
06660
06664
06703
06743
067c2
067c6
067ca
067ce
067d2
044a4
044ac
044b6
044c6
044ce
046cb
046d1
046e7
046ee
0483d
0484e
04859
04d5d
04ea9
04f55
05054
050be
050d5
0521c
05584
05a4a
05b06
05ba2
05bba
05bc9
05bef
05bfe
05d25
05dcb
05dfc
05e19
05e30
05f32
05f47
05f5d
05f61
05f7e
05f8c
05f96
060d1
060f3
06122
06168
0619e
061be
061d1
062d5
062f6
062fb
0636a
06492
06679
0667e
06682
06756
067d5
067d9
067dd
067e1
067e5
044d7
044e5
044ec
044fb
04506
0465c
0470b
0471b
04728
04730
0487e
04890
04934
04d92
04f6e
04fb2
050cf
050e6
0522d
05379
059ca
05b36
05be2
05bf4
05bfa
05c0e
05c2e
05c4a
05d69
05e2c
05e47
05e5e
05efc
05f70
05f92
05f9a
05fa8
05fc0
05fc5
05fe5
05fff
0605f
06121
061b5
061f2
06208
0629c
062ff
06320
06325
06404
065eb
06697
0669b
066af
0676d
067ec
067f0
067f4
067f8
067fc
0451d
04526
04530
04540
04548
0473f
04745
0475b
04762
048ad
048be
048c9
04dab
04ee4
04f8c
0507e
050e8
050ff
05242
053ee
05ac4
05b7a
05c22
05c33
05c43
05c62
05c78
05d14
05d1c
05d33
05d9f
05e6a
05e84
05e8d
05ea0
05eaa
05fb7
05fcd
05fd1
05ffe
0602b
06046
061da
06210
06235
06243
06316
06346
0634d
06351
064e3
0660a
0660f
06697
06780
067ff
06803
06807
0680b
0680f
04555
0455e
04566
04575
04581
04609
0461a
04630
04637
046d6
04792
047a4
049aa
04de0
04efe
04fdc
050f9
05110
05253
05447
058dd
05a4f
05c5c
05c68
05c74
05c89
05ca2
05cc4
05d38
05d57
05d6e
05dd5
05e7b
05e96
05eac
05eb0
05ec8
05edb
05eeb
06020
06042
06075
060de
06227
06260
06278
062f0
06353
06370
06377
06448
06574
06628
0662c
066d9
06797
06816
0681a
0681e
06822
06826
04703
0470e
04719
04728
04730
047b5
047ce
047da
047e3
04929
04939
04945
04ebe
04f1e
04fbc
050a8
05129
05190
052b7
05394
0549b
054bc
05bf4
05ca6
05e0a
05e15
05e2c
05e44
05e5e
05ebd
05eec
05f02
05f1c
05f83
06021
06044
0604a
06061
06075
0607a
06113
061ce
061f3
06214
06299
062a4
06355
06394
0639b
0639f
065ea
066d9
066de
066e2
067aa
06829
0682d
06831
06835
06839
04737
04740
04748
04758
04762
047ed
047fc
04812
0481a
048ac
0496a
0497c
04b6f
04ee4
04fce
05084
05123
0513a
052c1
053f0
054fd
05515
05ac4
05c31
05d13
05d20
05d3d
05e4c
05e58
05e71
05f1a
05f38
05f4e
05fab
05fe8
0605c
0607f
06086
0609a
060b0
060b5
06147
06207
0622c
0624d
062ac
062ce
0637b
063a1
063bf
063c3
0665e
066f1
066f5
06781
067c1
06840
06844
06848
0684c
06850
04611
0461a
04625
04634
0463c
04831
04837
0484d
04855
0499f
049b0
049bb
04e46
04f56
04fe6
050d2
0513c
05153
05287
05462
05565
05584
05bb9
05c74
05d10
05d27
05d38
05d5b
05d6e
05e91
05f33
05f62
05f7d
05f94
06094
060a9
060bf
060c3
060e0
060ee
060f8
06227
06249
06278
062af
062d6
062f8
063b8
063e0
063e5
06573
06703
06708
0670c
067d4
06853
06857
0685b
0685f
06863
04647
04652
0465a
0466a
04674
047c6
0486f
0487f
0488c
04894
049e0
049f1
04a90
04e6d
04ff8
05030
0514d
05164
05291
05353
05379
054be
05b38
05ca4
05d50
05d61
05d68
05d7c
05d9c
05db8
05ed3
05f90
05fa8
05fc0
0605e
060d2
060f4
060fc
0610b
06122
06127
06143
0615d
061b9
06277
062ed
0631c
06324
063e9
06407
0640b
06695
0671b
0671f
0672d
067eb
0686a
0686e
06872
06876
0687a
0468b
04694
0469f
046ae
046b6
048a1
048a7
048bd
048c4
04a0f
04a20
04a2b
04e82
04f8d
05010
050fc
05166
0517d
0529f
053c0
053ee
05530
05c32
05ce8
05d90
05da1
05db2
05dcf
05de8
05e82
05e8a
05e9f
05f07
05fcc
05fe6
05fef
06002
0600c
06119
0612f
06133
0615c
06188
061a2
06303
0632a
0634c
06400
06428
0642d
065af
066b0
066b5
0671b
067fe
0687d
06881
06885
06889
0688d
046c2
046cc
046d4
046e4
046ee
04777
04786
0479c
047a4
0483c
048f4
04905
04b02
04ea9
04fa4
0505a
05177
0518e
052a9
05421
05447
05586
05a4a
05bbd
05dca
05dd5
05de2
05df7
05e10
05e32
05ea4
05ec3
05ed8
05f3b
05fdd
05ff8
0600e
06012
0602a
0603d
0604d
0617c
0619e
061cf
06234
06341
0636c
06376
06431
0644d
06451
06626
066c7
066cb
06757
06815
06894
06898
0689c
068a0
068a4
04867
04872
0487d
0488c
04894
04917
04930
0493c
04945
04a85
04a95
04aa0
04f6a
04fbd
0503a
05126
051a6
05209
052f6
0535b
05374
0537c
0538d
05398
05495
0558d
05690
05d61
05e14
05f70
05f79
05f90
05fa7
05fca
06021
0605e
06065
06082
060e6
0618f
061a4
061a8
061bf
061d2
061dc
062ed
06300
0636a
0639a
06433
064a3
06745
0675b
0675f
067ec
068a6
068aa
068ae
068b2
068b6
04898
048a2
048aa
048ba
048c4
0494f
0495e
04974
0497c
04a0e
04ac4
04ad5
04c6b
04f8d
0504c
05102
051a3
051b4
052fc
05342
053c2
053db
053e3
053f4
053ff
054fd
05624
05c32
05d9f
05e81
05e8e
05eaa
05fae
05fbe
06059
06083
060a2
060b2
0610f
06147
061c8
061de
061e2
061fd
0620b
06215
06317
0632a
06390
063be
06453
066ee
0676d
06772
067fe
0683e
068bc
068c0
068c4
068c8
068cc
0477d
04786
04791
047a0
047a8
04993
04999
049af
049b6
04af7
04b08
04b12
04efa
04fe7
05064
05150
051b9
051ce
052ce
053f7
05434
05447
05457
05464
05468
05565
05714
05d26
05de2
05e7e
05e93
05ea4
05ec7
05ee4
05ff9
06097
060d5
060e1
060f8
061ef
06212
06219
0622b
06241
06246
062c7
0634b
06375
063b8
063e2
064f1
0676f
06785
06789
06816
068ce
068d2
068d6
068da
068de
047b3
047bc
047c4
047d4
047de
04928
049d1
049e1
049ee
049f6
04b36
04b48
04bc8
04f1e
05076
050ae
051cb
051dc
052d4
05353
05416
05486
054a9
054b1
054c2
054cd
055b6
05ca6
05e12
05ebc
05ecb
05ed2
05ee6
05f05
0602d
060cf
060f9
06112
06124
061b9
0623a
06250
06254
0626b
0627b
06283
062a5
06370
063c8
063e9
06408
06718
06797
0679c
067aa
06868
068e4
068e8
068ec
068f0
068f4
047f3
047fc
04807
04816
0481e
04a03
04a09
04a1f
04a26
04b65
04b76
04b80
04f32
05011
0508e
0517a
051e1
051f6
052e2
053c0
054c5
05504
05515
05525
05532
05536
056f3
05da0
05e56
05efa
05f09
05f1a
05f37
05f5a
05fe6
05fee
06008
0606f
06134
06149
0615d
06162
061fb
0627f
06287
06295
062ac
0631a
06400
0642a
0653e
0672d
06732
06736
067c2
068f6
068fa
068fe
06902
06906
04828
04832
0483a
0484a
04855
048d9
048e8
048fe
04905
0499e
04a52
04a64
04c1c
04f56
05022
050d8
051f3
05204
052e8
05421
054e4
05551
05571
05579
0558a
05596
05640
05bb9
05d2b
05f32
05f3b
05f48
05f5d
05f75
05fdd
0600d
06027
0603c
0609e
06140
06167
0616e
06182
06196
0619b
06234
062cd
062f9
06410
06431
0644e
066c4
06743
06748
067d4
06892
0690c
06910
06914
06918
0691c
049ca
049d4
049df
049ee
049f6
04a73
04a8c
04a98
04aa0
04bbd
04bcd
04bd9
04ff4
0503b
050b8
051a1
0521d
0527b
05332
0534e
05359
0536c
05396
0551e
05577
05593
055ba
055d5
055e2
05690
05770
05d63
05ed2
060d0
060db
060e7
06100
06122
0617d
061b8
061bf
061dc
0623c
062d8
062de
062f3
062fb
06305
063dd
063ea
064a3
06757
067d6
067db
06867
068a7
06921
06925
06929
0692d
049fb
04a04
04a0c
04a1c
04a26
04aa9
04ab8
04ace
04ad5
04b64
04bed
04bfe
04d43
05011
050ca
05180
0521a
0522a
05338
05342
05387
053b5
053c0
053d3
053fd
0557f
055ae
055ff
0561d
05627
056d5
0585d
05f06
05fad
05fee
0600b
06110
0611c
06135
061dd
061fa
0620a
06264
0629d
06302
06309
0631d
06325
0632f
06405
0642b
0653f
067d8
067ee
067f2
0687f
06932
06936
0693a
0693e
06942
048df
048e8
048f3
04902
0490a
04aeb
04af1
04b07
04b0f
04c11
04c22
04c2c
04fa0
05065
050e2
051c9
0522f
05243
0530a
0539e
053e0
053f7
05423
0542b
05445
0546b
0562b
05649
05669
0566e
057ee
05dd7
05f3c
05fde
05ff4
05ffb
06014
0603a
06151
061ef
0622a
06237
0624e
06318
06331
06335
0634c
06351
06425
06432
06471
06781
06800
06805
06891
068cf
06947
0694b
0694f
06953
04915
0491e
04926
04936
04940
04a84
04b27
04b37
04b44
04b4b
04c41
04c52
04cb8
04fbd
050f4
0512c
05240
05250
05310
053e8
05416
05455
05486
05497
0549f
054cb
055b9
05670
05694
056ae
056b3
0582d
05ecd
05f84
0602b
06032
06047
06066
06082
06191
0624f
06268
0627a
062f1
06355
0635d
0636d
06377
0637f
0639b
0644a
06518
06802
06818
0681c
0682b
06958
0695c
06960
06964
06968
04955
0495e
04969
04978
04980
04b59
04b5f
04b75
04b7d
04c61
04c72
04c7c
04fca
0508f
0510c
051f1
05255
05269
0531e
0546c
054ae
054c5
054f7
05502
05513
0553b
05683
056cf
056e9
056f6
05793
05d1f
05fac
0605a
0606a
06071
0608a
060b0
06144
0614c
06166
061c9
0628a
0629f
062a7
062b1
0637b
06383
06391
063a2
064bf
0672d
067ae
067b2
0683d
068f7
0696d
06971
06975
06979
0498a
04994
0499c
049ac
049b6
04a37
04a46
04a5c
04a64
04af6
04b99
04baa
04d00
04fe7
050a0
05156
05266
05276
05324
054b6
054e4
05523
05551
05561
05569
05594
05643
056fa
05718
05732
05738
058a5
05e90
05f3d
0609b
060a8
060be
060d7
060f8
0616b
06183
06198
061f6
06296
062b3
062b7
062ce
062d3
06345
063bd
063e3
064f2
067ae
067c4
067c8
06855
0697e
06982
06986
0698a
0698e
03e29
04b1f
04b2a
04b35
04b44
04b4b
04bba
04bcc
04bd4
04c3a
04cb3
04cc4
04e14
05072
050b9
05136
05218
05288
052c3
053e5
05418
05462
05485
054ac
0555f
05576
055b2
055b8
055d5
056e5
0572c
05756
0576c
05771
05782
058b7
05991
06034
06228
06231
06248
0625f
06282
062d5
062f2
06301
063c5
063cd
063e0
063e6
06505
06518
0651c
06796
06853
06858
0685c
06990
06994
06998
03e6e
04b50
04b5a
04b62
04b72
04b7d
04be1
04bee
04bfb
04c03
04cd1
04ce2
04cec
04e3e
0508f
05148
051f9
05285
0528e
05353
05379
053b5
05452
054bf
054d1
054f2
0552e
055d9
055fd
0561d
05724
0574a
05795
057aa
057b8
057c1
05927
06068
06110
0614e
0616a
06266
06276
062ec
0630c
06322
063dc
063f0
063f4
06408
0640c
06532
06540
06544
067eb
0686b
0686f
068f8
0699e
069a2
069a6
03c8e
04a3d
04a46
04a51
04a60
04a67
04c0b
04c18
04c25
04c2c
04cfb
04d0c
04d78
0501e
050e3
05160
0523e
05293
052a0
053c0
053ee
054b3
054e6
05530
05550
05574
055d1
055f7
05640
05649
05662
057ac
057da
057ed
057f1
05895
05a05
0609e
06140
06153
06164
06186
061a2
06329
06346
06357
0640d
06416
06428
0642e
06468
0647c
06480
06742
0687d
06882
06886
069a8
069ac
069b0
03cd8
04a71
04a7b
04a82
04a92
04a9c
04bbc
04c38
04c4b
04c52
04d19
04d2a
04d35
04da3
0503b
05172
051a9
0529d
052a6
05348
05366
0538d
05422
05448
05519
05586
05592
0562c
05663
05690
056a4
05754
057f3
0581c
0582c
05830
058cf
0602f
060e6
0618a
06190
061a4
061c1
06340
06360
06374
06424
06438
0643c
0644e
06452
06495
064a5
064a9
06815
06895
06899
068a8
069b6
069ba
069be
03d5c
04aaf
04ab8
04ac3
04ad2
04ad9
04c5b
04c6a
04c75
04c7c
04d41
04d50
04dc6
05048
0510d
0518a
05264
052ab
052b8
05389
05395
053cd
053f4
05496
054af
0557a
0565b
05681
056ce
056d7
056ec
0580d
05852
05867
0586d
0587e
059de
0610f
061b6
061c5
061d6
061f1
06214
0629c
062a6
06380
06398
0639e
0644a
0645a
064b7
064ca
064ce
0676c
0682a
0682f
06895
069c0
069c4
069c8
03da6
04ae2
04aec
04af4
04b04
04b0f
04b8d
04b9a
04ba7
04bae
04c89
04c9a
04ca4
04df1
05065
0511e
051d1
052b5
052be
0537d
053af
053f7
05431
05442
05464
05503
05524
056b6
056ed
05714
05728
057d4
05871
05896
058a4
058a8
05949
05ff2
0609f
061f5
06202
06217
0622d
06294
062b8
062ce
06390
063a8
063ac
063c0
063c4
064e4
064f3
064f7
067c1
06841
06845
068d0
069ce
069d2
069d6
03cd5
03cdc
03cec
03cf8
03d00
03feb
04c3e
04c4d
04c55
04cb4
04cc0
04cc8
04ecf
050f0
05137
051b3
05283
052cd
05300
053b0
053d9
053e6
053f7
05407
05429
0543a
05455
0545d
05467
05490
05566
0563e
05670
0569d
05714
05754
0575d
0577d
058aa
058d0
058e5
058ee
05990
05a5c
0602f
06191
06353
06374
063ba
063e2
06498
064fa
065cf
065db
06853
068d1
068d5
06958
069da
069de
03d38
03d40
03d48
03d59
03d64
04014
04c5c
04c6a
04c77
04c7f
04ce1
04ce8
04d38
04ef0
0510d
051c4
0526c
052ca
052d3
05353
05415
05420
05449
05451
05460
05470
0549d
054b0
054c0
054cc
054d0
055b9
05683
056b5
056e2
0574a
05793
0579c
057bd
058c4
0590d
05922
05932
059cd
05b3b
061c3
06298
062b1
06387
063f0
0640f
06518
06534
065f6
065fa
068d1
068e7
068eb
069e2
069e6
069ea
03da3
03daa
03dba
03dc6
03dce
03ed7
04b96
04ba5
04bad
04c89
04d05
04d0c
04e57
0509c
05161
051db
0529b
052d8
052e1
053c0
0547e
054a7
054b4
054c5
054d5
054f1
05508
05523
0552f
05535
0555a
0569f
056f3
0570f
0572f
0578f
057d2
057db
057fb
05925
05950
05965
0596a
05ad5
0609f
06202
062ab
062ce
06402
0642a
0646c
0653e
06557
06563
0687d
068f9
068fd
0697e
069ee
069f2
03e06
03e0e
03e16
03e27
03e32
03f06
04bb8
04bc4
04bd3
04bdb
04d20
04d2d
04d35
04e7a
050b9
051ec
05220
052de
052e7
0534e
05427
054e5
0550e
0551b
05529
0553c
05549
05568
05584
0558c
05597
055b4
055ce
05640
0572c
057af
057f3
0581c
0582a
058ce
05960
05992
0599f
059a7
05b13
0622e
062c2
062dc
06305
06438
06455
06484
06507
0657f
06583
068f9
0690f
06913
069f6
069fa
069fe
03e6b
03e72
03e82
03e8e
03e96
03f61
04bea
04bf9
04c00
04cd1
04d49
04d50
04e93
050c6
0518b
05203
052b3
052ec
052f5
05349
05366
0537c
0538d
05398
053b5
0549b
0556c
0557a
05582
0559a
055a0
055df
05607
05621
05722
0580d
05852
0585f
05879
05981
059c4
059d9
059e2
05a79
06110
06270
062ff
06322
06396
063a7
06496
064ba
06593
0659f
06829
068aa
068ae
06932
06a02
06a06
03c6a
03c72
03c7a
03c8b
03c96
03f90
04c0c
04c18
04c27
04c2f
04c99
04ca0
04cf4
04eb6
050e3
0519c
05246
052f2
052fb
05341
05351
0537b
05383
05392
053a2
053c6
053e2
053f2
053fe
05402
054fe
055d0
05624
0564c
05666
05835
05871
05894
058a2
05948
059dd
05a06
05a13
05a1b
05b87
06151
06316
06331
06359
063a8
063c7
064ca
064e6
065bb
065bf
068a9
068bf
068c3
06a0a
06a0e
06a12
03cad
03cb4
03cef
03cf9
03d00
03e20
03f08
03f1d
03f24
04170
04d26
04d30
04dea
04f81
051af
05227
052c8
05309
0533c
053af
053bc
053f8
05423
0542b
0545b
054ef
05519
055f6
05610
0561a
0562e
05641
0565f
0566c
05714
057ee
05813
0582a
05895
058d0
058e5
059e8
05a38
05a44
05a55
05a61
05b7e
05c6c
06426
0643f
06470
0647d
064f9
06683
06687
06933
06949
069b4
06a16
06a1a
03d10
03d18
03d30
03d5b
03d64
03e76
03f4a
03f5d
03f66
03f6d
04d40
04d4d
04d54
04f95
05189
05237
052b3
05306
0530f
053ca
0541e
05446
05486
05497
0549f
054cc
0556b
05580
0563a
05655
05663
05673
05687
056a4
056b1
05754
0582d
05852
05869
058c5
0590d
05922
05a1f
05a57
05a82
05a92
05aa4
05c01
061c4
063a6
06459
06499
0650e
065ec
066a0
06829
0695a
0695e
06a1e
06a22
06a26
03c84
03d88
03d8f
03dbd
03dc7
03dce
03f92
03fa7
03faf
04074
04c96
04ca0
04e37
04f11
051d7
0524d
052dc
05314
0531d
0536e
05383
0547d
05497
054c6
054f6
05502
0552d
055fb
05682
056a0
056ac
056ba
056d6
056eb
056f8
0584c
0587d
05891
058b8
05908
0594a
05963
05a75
05ab7
05acd
05ad9
05b72
05ce0
06392
063af
064be
064cb
06546
06613
06617
06959
0696f
069cc
06a2a
06a2e
03ce0
03deb
03df3
03dfe
03e2b
03e32
03fd4
03fe7
03ff0
03ff8
04cb2
04cc0
04cc8
04f26
05135
0525d
05283
0531a
05323
053cf
053e4
05483
054fa
05514
05549
0555f
05567
05595
056c5
056df
056ed
056fd
0570d
05728
05736
05750
05761
05782
058aa
05939
05962
05992
059a4
05ab2
05af5
05b0a
05b16
05bac
06230
063cb
063ee
06484
064e9
06575
06631
06853
06980
06984
06a32
06a36
06a3a
03d52
03e52
03e59
03e86
03e8f
03e96
04016
0402b
04032
040f2
04cde
04ce8
04d9c
04f49
051ff
05273
052f0
05328
05331
05349
05356
0535f
0538f
05439
0544c
0555c
05575
055b1
055ba
055d6
055e3
05693
05724
05730
0573e
05770
0579b
057b4
0581f
05982
059c7
059d9
05a79
05b0e
05b3c
05b4b
05b55
05cb8
063de
063f7
06496
06507
06532
0664b
0664f
06920
06924
0699c
06a3e
06a42
03c41
03c4a
03c62
03c8d
03c96
03dae
03ec0
03ed3
03edc
03ee4
04cfa
04d09
04d10
04f5e
0515f
05211
0529b
0532e
05337
05341
05352
05390
053ba
053c2
053d3
05404
054a6
054b9
055ad
055d1
055dd
055eb
05605
0561f
05629
0578f
057c0
057df
05800
059b3
059df
05a06
05a18
05b2c
05b69
05b82
05b8a
05c26
06152
06414
06436
064ca
0652f
065b1
06669
0687d
06934
06938
06a46
06a4a
06a4e
0538f
05399
0558d
05593
055a2
055e2
05690
05694
05724
0573a
05740
057f8
0582d
05842
060e5
0617b
0619d
061a5
061ac
062dd
06433
06440
064a5
064ae
0659c
0664b
06722
068ac
06921
06928
069b8
06a03
06a3e
06a51
06a55
06a59
06a5d
06a61
06a65
06a69
06a6d
06a71
06a75
06a79
06a7d
06a81
06a85
06a89
06a8d
06a91
06a95
06a99
06a9d
06aa1
06aa5
06aa9
06aad
06ab1
06ab5
06ab9
05390
0539c
053a7
053f6
05400
055cf
055d3
055e9
05624
05632
056d7
05835
05844
0586e
06118
0611c
061b6
061dd
061e3
06302
0630e
0645a
064c4
064ce
064d7
065c1
0666d
068be
068c5
06936
069c2
06a0b
06a46
06a4a
06a53
06abe
06ac2
06ac6
06aca
06ace
06ad2
06ad6
06ada
06ade
06ae2
06ae6
06aea
06aee
06af2
06af6
06afa
06afe
06b02
06b06
06b0a
06b0e
06b12
06b16
06b1a
06b1e
06b22
053f9
05408
0545b
05465
05473
05616
0562c
05634
0566c
05714
05718
05876
058a5
058ba
05ff9
061ed
0620f
06218
0621e
06332
063a4
063b0
064f3
064fc
065d8
06683
066ce
068d4
06947
0694e
069d0
069db
06a16
06abe
06ac2
06b27
06b2b
06b2f
06b33
06b37
06b3b
06b3f
06b43
06b47
06b4b
06b4f
06b53
06b57
06b5b
06b5f
06b63
06b67
06b6b
06b6f
06b73
06b77
06b7b
06b7f
06b83
06b87
0545e
0546a
05475
054c4
054ce
055b6
055ba
0565b
05671
05679
056b1
05770
05785
058af
06032
06036
06228
0624f
06255
06355
06362
063cd
06512
0651c
06525
065fc
066a4
068e6
068ed
0695c
06992
069e3
06a1e
06a22
06b27
06b8c
06b90
06b94
06b98
06b9c
06ba0
06ba4
06ba8
06bac
06bb0
06bb4
06bb8
06bbc
06bc0
06bc4
06bc8
06bcc
06bd0
06bd4
06bd8
06bdc
06be0
06be4
06be8
06bec
06bf0
054c7
054d6
0552d
05533
05541
055fd
0569e
056a2
056b8
056f3
05701
0577a
057b7
057c4
0606f
06142
06276
06286
0628c
06382
063ec
063f8
06540
06549
06560
06613
066f8
068fc
0696d
06974
069a0
069ef
06a2a
06b8c
06b90
06bf5
06bf9
06bfd
06c01
06c05
06c09
06c0d
06c11
06c15
06c19
06c1d
06c21
06c25
06c29
06c2d
06c31
06c35
06c39
06c3d
06c41
06c45
06c49
06c4d
06c51
06c55
05529
05538
05543
0558c
05597
05640
05644
056e5
056fb
05703
05736
057af
057c6
057f0
060a8
060ac
06140
0616b
06171
062ae
062ba
06416
06476
06480
06489
06585
06635
0690e
06915
06982
069aa
069f7
06a32
06a36
06a59
06bf3
06bf7
06c5c
06c60
06c64
06c68
06c6c
06c70
06c74
06c78
06c7c
06c80
06c84
06c88
06c8c
06c90
06c94
06c98
06c9c
06ca0
06ca4
06ca8
06cac
06cb0
06cb4
06cb8
0543e
05539
05545
055d7
055e4
0572c
05731
05744
05772
0581c
05820
058af
0596e
05977
059a5
06239
0623d
062c4
062db
062e2
063c8
063d4
0651a
06523
06578
06581
06589
06651
067a0
06923
06992
069f7
06a3e
06a5d
06a61
06a65
06a69
06a6d
06b93
06b97
06b9b
06c5a
06cbd
06cc1
06cc5
06cc9
06ccd
06cd1
06cd5
06cd9
06cdd
06ce1
06ce5
06ce9
06ced
06cf1
06cf5
06cf9
06cfd
06d01
054a3
054a7
0559f
055d9
055de
055f3
0561f
05629
05778
05787
057b9
0585b
0585f
059ad
059dc
059f1
06270
062ec
062ff
0630a
06310
063f2
06538
06542
0654b
0659c
065a5
06667
066f8
06934
0693b
069a0
06a46
06a4a
06ac4
06ac8
06acc
06ad0
06ad4
06bfa
06bfe
06c02
06cbb
06cbf
06d08
06d0c
06d10
06d14
06d18
06d1c
06d20
06d24
06d28
06d2c
06d30
06d34
06d38
06d3c
06d40
06d44
06d48
053a2
0550a
0550e
0561c
05630
0565f
05666
0567b
057b1
057ee
05805
05896
059e8
059f3
05a19
06155
06159
06318
06330
06336
06410
0641c
0647e
06487
065b4
065bd
065c5
06689
0674c
06949
069aa
06a0b
06a16
06ad7
06b2d
06b31
06b35
06b39
06c5b
06c5f
06c63
06c67
06d08
06d4b
06d4f
06d53
06d57
06d5b
06d5f
06d63
06d67
06d6b
06d6f
06d73
06d77
06d7b
06d7f
06d83
06d87
06d8b
05405
05410
0556d
05663
05668
0567d
056a6
056b3
05754
05758
057f8
0582d
05842
058ee
05a1f
05a2a
06190
06340
06353
0635e
06364
0643a
0649d
064a7
064b0
065d8
065e1
0669e
06722
0695a
06961
069b8
06a1e
06a22
06a74
06a78
06a7c
06b9e
06ba2
06ba6
06baa
06bae
06d4b
06d4f
06d92
06d96
06d9a
06d9e
06da2
06da6
06daa
06dae
06db2
06db6
06dba
06dbe
06dc2
06dc6
06dca
06dce
06dd2
05370
0546c
05477
056aa
056ba
056e9
056f2
05705
05795
05835
05844
0586e
058f4
058ff
05932
061c7
061cb
0629a
06380
06386
06453
06460
064cc
064d5
065ef
065f8
06600
06619
06776
0696f
069c2
069e3
06a2a
06ad9
06add
06ae1
06bb1
06c07
06c0b
06c0f
06c13
06c17
06d92
06dd5
06dd9
06ddd
06de1
06de5
06de9
06ded
06df1
06df5
06df9
06dfd
06e01
06e05
06e09
06e0d
06e11
06e15
053d5
053d9
054d7
056ed
056f1
05707
0572a
05738
057d2
057d6
05876
058a5
058ba
0592d
0595f
05979
06202
06294
062ab
062b6
062bc
063aa
064eb
064f5
064fe
06560
06569
0662f
066ce
06980
06987
069d0
06a32
06a36
06b42
06b46
06b4a
06c68
06c6c
06c70
06c74
06c78
06cc1
06cc5
06dd7
06e1a
06e1e
06e22
06e26
06e2a
06e2e
06e32
06e36
06e3a
06e3e
06e42
06e46
06e4a
06e4e
06e52
06e56
053ea
05405
05410
05653
056fb
05703
0576f
0577f
058aa
058b1
058be
058ee
05990
05994
05a21
05ad3
05ae5
05b16
063b8
063c5
063cf
063d6
0651a
06523
065d2
065db
065e3
0662f
06637
066e3
0681e
06994
06a32
06b3e
06b94
06b98
06b9c
06bb5
06c68
06cc8
06d95
06d99
06d9d
06e59
06e5d
06e61
06e65
06e69
06e6d
06e71
06e75
06e79
06e7d
06e81
06e85
06e89
06e8d
06e91
06e95
06e99
0544f
05453
05470
05696
0569a
0573c
05775
0577c
0578b
057b6
057be
058f4
058ff
05932
059cd
059d1
05b1c
05b50
05b5f
063de
063f0
063f6
06538
06542
0654b
065f5
065fe
06645
0664e
06655
06776
0699e
069e3
06a41
06bb2
06bfb
06bff
06c03
06c1c
06d0b
06d0f
06ddc
06de0
06de4
06e5b
06e9e
06ea2
06ea6
06eaa
06eae
06eb2
06eb6
06eba
06ebe
06ec2
06ec6
06eca
06ece
06ed2
06ed6
06eda
054b8
054d3
054de
055e9
056db
056df
057ae
057bf
057eb
057f2
05807
0592d
0595f
05979
05a06
05b47
05b61
05b8a
06400
0640d
06418
0641e
0647e
06487
0655a
06563
0656b
06667
0666f
0670d
067ca
069ac
06a46
06ac4
06c5c
06c60
06c64
06c7b
06c7f
06d52
06e19
06e1d
06e21
06e9e
06ea2
06edf
06ee3
06ee7
06eeb
06eef
06ef3
06ef7
06efb
06eff
06f03
06f07
06f0b
06f0f
06f13
06f17
0551d
05521
0553e
0562c
05634
0571c
057f3
057fa
05809
0582c
0583c
058ce
058d2
05970
0599f
059b4
05a5f
05b80
05b98
06426
06438
0643e
0649d
064a7
064b0
0657e
06587
0667d
06686
0668d
067a0
069b6
069f7
06a19
06a74
06a78
06a7c
06a80
06b2a
06ccc
06cd0
06cd4
06da1
06da5
06edf
06f1c
06f20
06f24
06f28
06f2c
06f30
06f34
06f38
06f3c
06f40
06f44
06f48
06f4c
06f50
06f54
06f58
05580
0559a
055a6
055c9
05671
05679
05834
0583d
05869
05870
05885
0590d
059ab
059b6
059e2
05a59
05a6d
05aa2
06394
0644a
0645c
06462
064cc
064d5
06596
0659f
065a7
0669e
066a6
066b9
067f4
069c4
06a1e
06a70
06adb
06adf
06ae3
06ae7
06b9e
06d13
06d17
06d1b
06de8
06f1c
06f20
06f5d
06f61
06f65
06f69
06f6d
06f71
06f75
06f79
06f7d
06f81
06f85
06f89
06f8d
06f91
06f95
05381
05385
053a2
0560c
05610
056b8
05871
05878
05887
058a4
058b4
05948
0594c
059ea
05a13
05a28
05a9d
05ad5
05ae7
06392
063a8
063ae
064eb
064f5
064fe
065ba
065c3
0660d
06616
0661d
0674c
069ce
06a0b
06a2d
06b40
06b44
06b48
06b4c
06b50
06d56
06d5a
06d5e
06e25
06e29
06e61
06f5b
06f5f
06f9c
06fa0
06fa4
06fa8
06fac
06fb0
06fb4
06fb8
06fbc
06fc0
06fc4
06fc8
06fcc
06fd0
053b1
053f9
05408
05614
05618
0562e
057e3
057e7
05876
058e5
058ed
05901
05a1d
05a25
05a5c
05a6b
05b00
05b80
05b98
05c4d
05c7b
05c90
064ee
065d2
065db
065e3
06683
0668b
066c8
066d1
06762
0689d
06a14
06abe
06b3e
06d96
06d9a
06d9e
06da8
06e64
06e68
06f23
06f27
06f2b
06fd5
06fd9
06fdd
06fe1
06fe5
06fe9
06fed
06ff1
06ff5
06ff9
06ffd
07001
07005
07009
0700d
07011
05416
0545e
0546a
05475
0565b
05671
05679
05824
058ad
058bc
058f2
058fa
05922
05931
0593e
05a65
05a99
05aa8
05b3d
05c83
05c92
05cba
06512
06523
065f5
065fe
06698
066a1
066a8
066e3
066e8
067f5
069e3
06a23
06b92
06bb2
06ddd
06de1
06deb
06def
06ea5
06f60
06f64
06f68
06fd3
06fd7
07018
0701c
07020
07024
07028
0702c
07030
07034
07038
0703c
07040
07044
07048
0704c
07050
0547f
054c7
054d6
0569e
056a2
056b8
05778
05787
05863
05925
0592e
05940
05965
0596b
05a96
05aaa
05ad9
05b72
05b76
05cc7
05cf1
05d04
0653b
0655a
06563
0656b
06613
0661b
066f2
066fb
0678c
06849
06a28
06b8c
06c06
06e1a
06e1e
06e22
06e2c
06ee2
06ee6
06f9b
06f9f
06fa3
07018
07053
07057
0705b
0705f
07063
07067
0706b
0706f
07073
07077
0707b
0707f
07083
07087
0708b
054e4
05529
05538
05543
056e5
056fb
05703
057b1
0589a
0589e
0596c
05974
0599c
059a4
059b8
05a3e
05ad3
05ae5
05b16
05bc4
05bd9
05cfe
06476
06487
0657e
06587
06629
06632
06639
0670d
06712
0681f
069f7
06a37
06c5a
06c69
06ccf
06cd3
06cd7
06cdb
06e6c
06e70
06e74
06f2f
07053
07057
07092
07096
0709a
0709e
070a2
070a6
070aa
070ae
070b2
070b6
070ba
070be
070c2
070c6
070ca
0534a
0558f
0559e
05722
05726
0573c
05765
05769
057f8
059a0
059ae
059ba
059db
059e5
05a79
05a7d
05b1c
05b50
05b5f
05bd3
05c01
05c16
064a0
06596
0659f
065a7
0664b
06653
0671c
06725
06738
06873
06a3c
06a57
06a70
06d12
06d16
06d1a
06d1e
06ea9
06ead
06eb1
06f6c
06f70
07092
070cd
070d1
070d5
070d9
070dd
070e1
070e5
070e9
070ed
070f1
070f5
070f9
070fd
07101
07105
05342
05390
0539c
053a7
055d1
055e7
055ef
057a6
05835
05844
059e6
059ee
05a10
05a18
05a2e
05ab8
05b47
05b61
05b8a
05c09
05c18
05c40
064c4
064d5
065ba
065c3
06661
0666a
06671
066b9
066be
067cb
06a0b
06a4b
06ac4
06ad9
06d59
06d5d
06d61
06d65
06eea
06eee
06ef2
06fa7
06fd9
06fdd
070cf
0710a
0710e
07112
07116
0711a
0711e
07122
07126
0712a
0712e
07132
07136
0713a
0713e
0550c
055f7
0561a
05623
05638
057b1
05959
0595d
059ea
05a53
05a5b
05a6f
05b8e
05b94
05bc4
05bd9
05c6e
05cf6
05d06
05dbb
05de6
05dfe
06479
065b4
065c4
06683
0668b
06707
06710
06747
06750
0685d
06a14
06b2b
06d06
06f22
06f26
06f2a
06f34
06fde
06fe2
07097
0709b
0709f
07143
07147
0714b
0714f
07153
07157
0715b
0715f
07163
07167
0716b
0716f
07173
07177
0717b
0717f
0556b
0556f
0563e
05665
05675
057f6
05803
05998
05a1f
05a2a
05a63
05a69
05a90
05a98
05aac
05bd3
05c01
05c16
05cab
05df2
05e00
05e28
0649d
064ae
065d5
06698
066a1
066a8
06722
06727
06763
067f4
068b3
06a23
06b9f
06d96
06f63
06f67
06f71
06f75
0701d
070d2
070d6
070da
07141
07145
07186
0718a
0718e
07192
07196
0719a
0719e
071a2
071a6
071aa
071ae
071b2
071b6
071ba
071be
05370
05681
056a8
056ad
056c2
05837
058f4
058ff
059d5
05a94
05a9f
05aae
05acf
05adb
05c09
05c18
05c40
05ce0
05ce4
05e35
05e5a
05e72
064c7
065ef
065ff
06613
0661b
066b3
066bc
06771
0677a
06887
06a28
06ad9
06d90
06f9a
06f9e
06fa2
06fac
07058
0705c
0710b
0710f
07113
07186
071c1
071c5
071c9
071cd
071d1
071d5
071d9
071dd
071e1
071e5
071e9
071ed
071f1
071f5
071f9
053d5
053d9
056c8
056ef
056ff
05874
05883
0592d
05a0a
05a0e
05add
05ae3
05b0a
05b12
05b26
05bac
05c46
05c53
05c7d
05d2f
05d47
05e6c
064eb
064fc
0655d
06629
06632
06639
066ce
066d3
0678d
0681e
068db
06a37
06c69
06e1a
06e6d
06e71
06e75
06e79
06fe6
06fea
06fee
070a3
071c1
071c5
07200
07204
07208
0720c
07210
07214
07218
0721c
07220
07224
07228
0722c
07230
07234
07238
0543e
055b2
0572c
05731
05744
058af
058df
058e3
05970
05b0e
05b1e
05b28
05b4b
05b55
05be7
05beb
05c8a
05cb8
05ccd
05d41
05d6c
05d84
06515
06578
06588
0664b
06653
066dd
066e6
0679b
067a4
06833
06a3c
06a5d
06cc1
06eaa
06eae
06eb2
06eb6
07021
07025
07029
070de
070e2
07200
0723b
0723f
07243
07247
0724b
0724f
07253
07257
0725b
0725f
07263
07267
0726b
0726f
07273
054a3
054a7
055ae
055db
055eb
05778
05787
0591e
059ab
059b6
05b57
05b5d
05b82
05b86
05b9c
05c26
05cbf
05ccf
05cf3
05d78
05d86
05dae
06538
06549
06599
06661
0666a
06671
066f8
066fd
06739
067ca
06903
06a4b
06bfa
06d12
06eeb
06eef
06ef3
06ef7
07060
07064
07068
07117
07147
0714b
0723d
07278
0727c
07280
07284
07288
0728c
07290
07294
07298
0729c
072a0
072a4
072a8
072ac
056dd
0578f
057ac
057b3
057ca
0592d
05ac7
05acb
05b59
05bc1
05bc8
05bdd
05cfc
05d02
05d2f
05d47
05ddc
05e65
05e74
05f23
05f4c
05f64
06479
0655a
0656a
06664
06707
06710
06786
0678f
067ca
067cf
068dc
06c5d
06e9e
07096
0709a
0709e
070a8
0714c
07150
07205
07209
0720d
072b1
072b5
072b9
072bd
072c1
072c5
072c9
072cd
072d1
072d5
072d9
072dd
072e1
072e5
072e9
072ed
0571a
0571e
057d0
057f5
057fe
0596e
05977
05b06
05b80
05b98
05bd1
05bd7
05bfe
05c05
05c1a
05d41
05d6c
05d84
05e19
05f58
05f66
05f8c
0649d
064ae
0657b
0667d
0668c
06722
06727
067a2
067d9
067e2
06873
0692b
06ccd
06f22
070d5
070d9
070e3
070e7
0718b
07240
07244
07248
072af
072b3
072f4
072f8
072fc
07300
07304
07308
0730c
07310
07314
07318
0731c
07320
07324
07328
0732c
055c9
0580d
05832
05839
05848
059ad
05a59
05a6d
05b43
05c06
05c11
05c1c
05c3d
05c49
05d78
05d86
05dae
05e4e
05e52
05f99
05fbc
05fd4
064c7
06596
065a6
0669b
066b3
066bc
06732
0673b
067f4
067f9
06904
06ad9
06f1c
0710a
0710e
07112
0711c
071c6
071ca
07279
0727d
07281
072f4
0732f
07333
07337
0733b
0733f
07343
07347
0734b
0734f
07353
07357
0735b
0735f
07363
07367
0560c
05610
0584e
05873
0587b
059e8
059f3
05a9d
05b78
05b7c
05c4b
05c51
05c78
05c7f
05c94
05d1a
05db5
05dc1
05deb
05e9b
05eb3
05fce
064eb
064fc
065b7
0660d
0661c
066ce
066d3
0674e
06803
0680c
0689d
06951
06d57
06f9b
06fe7
06feb
06fef
06ff3
07154
07158
0715c
07211
0732f
07333
0736e
07372
07376
0737a
0737e
07382
07386
0738a
0738e
07392
07396
0739a
0739e
073a2
073a6
05653
05750
058aa
058b1
058be
05a21
05a4d
05a51
05adf
05c80
05c8c
05c96
05cb7
05cc2
05d55
05d59
05df8
05e23
05e3b
05ead
05ed6
05eee
06515
065d2
065e2
0662c
066dd
066e6
0675c
06765
0681e
06823
068b4
06b92
06e5f
07022
07026
0702a
0702e
0718f
07193
07197
0724c
07250
0736e
073a9
073ad
073b1
073b5
073b9
073bd
073c1
073c5
073c9
073cd
073d1
073d5
073d9
073dd
073e1
05696
0569a
0574c
05777
05780
058f4
058ff
05a8c
05b10
05b24
05cc5
05ccb
05cee
05cf5
05d0a
05d94
05e2e
05e3d
05e61
05ee2
05ef0
05f16
06538
06549
065f2
06645
06654
066f8
066fd
06778
067af
067b8
06849
06977
06ddb
06eaa
07061
07065
07069
0706d
071ce
071d2
071d6
07285
072b5
072b9
073ab
073e6
073ea
073ee
073f2
073f6
073fa
073fe
07402
07406
0740a
0740e
07412
07416
0741a
05863
05907
05925
0592e
05940
05a9d
05c35
05c39
05cc7
05d31
05d37
05d4b
05e6a
05e70
05e9b
05eb3
05f42
05fc7
05fd6
06085
060ae
060c6
0655d
0660d
0661c
066f5
06785
0678e
06804
0680d
06848
0684d
06951
06e1a
07016
07204
07208
0720c
07216
072ba
072be
07373
07377
0737b
0741f
07423
07427
0742b
0742f
07433
07437
0743b
0743f
07443
07447
0744b
0744f
07453
07457
0745b
0589a
0589e
05946
0596c
05974
05ad3
05ae5
05c74
05cf6
05d06
05d3f
05d45
05d6e
05d74
05d88
05ead
05ed6
05eee
05f7d
060ba
060c8
060ee
06578
06588
0662c
06707
06710
067a0
067a5
06820
06857
06860
068f0
06996
06e6b
07097
07243
07247
07251
07255
072f9
073ae
073b2
073b6
0741d
07421
07462
07466
0746a
0746e
07472
07476
0747a
0747e
07482
07486
0748a
0748e
07492
07496
0749a
05767
05981
059a0
059ae
059ba
05b1c
05bcc
05bdb
05cb1
05d75
05d7f
05d8a
05dad
05db7
05ee2
05ef0
05f16
05fb0
05fb4
060fb
0611e
06136
06599
06645
06654
0671f
06731
0673a
067b0
067b9
06872
06877
06977
06d12
07090
07278
0727c
07280
0728a
07334
07338
073e7
073eb
073ef
07462
0749d
074a1
074a5
074a9
074ad
074b1
074b5
074b9
074bd
074c1
074c5
074c9
074cd
074d1
074d5
057a4
057a8
059c0
059e6
059ee
05b47
05b61
05c0f
05ce6
05cea
05db9
05dbf
05de8
05dee
05e02
05e88
05f1d
05f29
05f51
05ffd
06015
06130
065b4
065c4
06664
066b3
066bc
0674c
06751
067cc
06881
0688a
06918
069ae
06ee9
0710b
07155
07159
0715d
07161
072c2
072c6
072ca
0737f
0749d
074a1
074dc
074e0
074e4
074e8
074ec
074f0
074f4
074f8
074fc
07500
07504
07508
0750c
07510
07514
057e5
058ca
05a14
05a22
05a2c
05b90
05bbb
05bbf
05c4d
05def
05dfa
05e04
05e27
05e31
05ec1
05ec5
05f5e
05f87
05f9f
0600f
06038
06050
065d5
0667d
0668c
066cb
0675b
06764
067da
067e3
0689c
068a1
0692b
06d96
06fd9
07190
07194
07198
0719c
072fd
07301
07305
073ba
073be
074dc
07517
0751b
0751f
07523
07527
0752b
0752f
07533
07537
0753b
0753f
07543
07547
0754b
0754f
05822
05826
058c6
058f2
058fa
05a59
05a6d
05bfa
05c83
05c92
05e33
05e39
05e5e
05e64
05e78
05efe
05f92
05fa1
05fc3
06044
06052
06078
065ef
065ff
0669b
066dd
066e6
06776
0677b
067f6
0682d
06836
068c8
069c6
06f61
07023
071cf
071d3
071d7
071db
0733c
07340
07344
073f3
07423
07427
07519
07554
07558
0755c
07560
07564
07568
0756c
07570
07574
07578
0757c
07580
07584
07588
059d5
05a75
05a94
05a9f
05aae
05c0f
05da3
05da7
05e35
05e9d
05ea3
05eb7
05fcc
05fd2
05ffd
06015
060a4
06129
06138
061e1
06206
06220
06610
066b3
066bc
06773
06803
0680c
06882
0688b
068c4
068ca
069ae
06aec
0710b
071cd
07374
07378
07382
07386
0742a
074df
074e3
074e7
0758b
0758f
07593
07597
0759b
0759f
075a3
075a7
075ab
075af
075b3
075b7
075bb
075bf
075c3
075c7
05a0a
05a0e
05ab4
05add
05ae3
05c46
05c53
05de2
05e65
05e74
05eab
05eb1
05ed8
05ede
05ef2
0600f
06038
06050
060df
06212
06222
06244
06629
06638
066cb
06785
0678e
0681e
06823
0689e
068d2
068db
06964
069de
06e6b
071c1
073af
073b3
073b7
073c1
07465
07469
0751e
07522
07526
0758d
075cc
075d0
075d4
075d8
075dc
075e0
075e4
075e8
075ec
075f0
075f4
075f8
075fc
07600
07604
058e1
05aef
05b0e
05b1e
05b28
05c8a
05d3b
05d49
05e1f
05edf
05ee9
05ef4
05f15
05f1f
06044
06052
06078
06112
06116
06253
06274
0628e
06648
066dd
066e6
0679d
067af
067b8
0682e
06837
068ec
068f2
069c6
06bba
07023
07241
073e8
073ec
073f6
073fa
074a4
07553
07557
0755b
075cc
075d0
07609
0760d
07611
07615
07619
0761d
07621
07625
07629
0762d
07631
07635
07639
0763d
0591c
05920
05b2e
05b57
05b5d
05cbf
05ccf
05d7d
05e54
05e58
05f21
05f27
05f4e
05f54
05f68
05fea
0607f
0608b
060b3
0615b
06175
06288
06661
06670
066f5
06731
0673a
067ca
067cf
0684a
068fa
06903
0698a
069f2
06ee9
0723b
072c1
072c5
072c9
072cd
0742e
07432
07436
074eb
074ef
07609
07642
07646
0764a
0764e
07652
07656
0765a
0765e
07662
07666
0766a
0766e
07672
07676
0767a
0595b
05a38
05b7e
05b92
05b9a
05cfe
05d29
05d2d
05dbb
05f55
05f60
05f6a
05f8b
05f95
06023
06027
060c0
060e9
06101
0616f
06194
061ae
06680
06707
06710
06749
067d9
067e2
06858
06861
06914
0691a
06996
06c82
07097
07153
07300
07304
07308
0730c
0746d
07471
07475
0752a
07642
07646
0767f
07683
07687
0768b
0768f
07693
07697
0769b
0769f
076a3
076a7
076ab
076af
076b3
05996
0599a
05a34
05a63
05a69
05bcc
05bdb
05d68
05df2
05e00
05f97
05f9d
05fc0
05fc6
05fda
06060
060f4
06103
06125
061a0
061b0
061d2
06698
066a7
0671f
0675b
06764
067f4
067f9
06874
068aa
068b3
0693e
06a06
06f61
07141
0733b
0733f
07343
07347
074a8
074ac
074b0
0755f
07563
07593
0767d
07681
076ba
076be
076c2
076c6
076ca
076ce
076d2
076d6
076da
076de
076e2
076e6
076ea
05b43
05be3
05c06
05c11
05c1c
05d7d
05f0b
05f0f
05f99
05fff
06005
06019
0612e
06134
0615b
06175
061fc
0627f
06290
06308
06320
0633c
066b6
06731
0673a
067f1
06881
0688a
068fd
06905
0693a
06940
069f2
06ac6
0710b
072f2
074e0
074e4
074e8
074f2
07596
0759a
07649
0764d
076ed
076f1
076f5
076f9
076fd
07701
07705
07709
0770d
07711
07715
07719
0771d
07721
07725
07729
05b78
05b7c
05c22
05c4b
05c51
05db5
05dc1
05f48
05fc7
05fd6
0600d
06013
0603a
06040
06054
0616f
06194
061ae
06235
0632c
06338
0634f
066c8
066d1
06749
06803
0680c
0689c
068a1
06915
06947
06950
069ba
06a1a
06c82
07153
07373
0751f
07523
0752d
07531
075d3
07682
07686
0768a
076ef
0772e
07732
07736
0773a
0773e
07742
07746
0774a
0774e
07752
07756
0775a
0775e
07762
07766
05a4f
05c5d
05c80
05c8c
05c96
05df8
05ea7
05eb5
05f83
06041
0604b
06056
06077
06081
061a0
061b0
061d2
06268
0626c
0635c
06370
0638c
066e0
0675b
06764
0681b
0682d
06836
068ad
068b5
06960
06966
06a06
06a85
07023
0736c
07554
07558
0755c
07566
0760c
07610
076b9
076bd
0772e
07732
0776b
0776f
07773
07777
0777b
0777f
07783
07787
0778b
0778f
07793
07797
0779b
0779f
05a8a
05a8e
05c9c
05cc5
05ccb
05e2e
05e3d
05ee7
05fb6
05fba
06083
06089
060b0
060b6
060ca
06148
061d9
061e7
0620b
062a2
062be
06382
066f2
066fb
06773
067af
067b8
06848
0684d
068c5
0696d
06976
069d2
06a2e
06c08
071cd
073e7
07431
07435
07439
0743d
0759e
075a2
07651
07655
0776b
077a4
077a8
077ac
077b0
077b4
077b8
077bc
077c0
077c4
077c8
077cc
077d0
077d4
077d8
077dc
05ac9
05ba6
05cec
05d00
05d08
05e6c
05e95
05e99
05f23
060b7
060c2
060cc
060ed
060f7
0617f
06183
0621a
0623f
06259
062b4
062cc
062e8
0670a
06785
0678e
067c7
06857
06860
068d5
068dd
06986
0698c
069de
06b53
07097
072b5
0746c
07470
07474
07478
075d7
075db
075df
0768e
077a4
077a8
077e1
077e5
077e9
077ed
077f1
077f5
077f9
077fd
07801
07805
07809
0780d
07811
07815
05b04
05b08
05ba2
05bd1
05bd7
05d3b
05d49
05ed2
05f58
05f66
060f9
060ff
06122
06128
0613c
061ba
0624a
0625b
0627b
062d8
062e4
062fb
0671c
06725
0679d
067d9
067e2
06872
06877
068ed
06921
0692a
069a2
06a42
06bba
07241
072ff
074ab
074af
074b3
074b7
07614
07618
076c1
076c5
076f5
077df
077e3
0781c
07820
07824
07828
0782c
07830
07834
07838
0783c
07840
07844
07848
0784c
05cb1
05d51
05d75
05d7f
05d8a
05ee7
0606d
06071
060fb
0615d
06163
06179
06284
0628a
062a2
062be
0631c
0637b
06388
063f2
06404
06420
0654a
06734
067af
067b8
0686f
068fa
06903
06970
06978
069a1
069f2
06bfc
06c21
06c84
073e7
074a9
0764a
0764e
07658
076f8
076fc
077ab
077af
0784f
07853
07857
0785b
0785f
07863
07867
0786b
0786f
07873
07877
0787b
0787f
07883
07887
05ce6
05cea
05d90
05db9
05dbf
05f1d
05f29
060aa
06129
06138
0616b
06171
06196
0619c
061b2
062b4
062cc
062e8
06346
06410
0641c
0642d
0647e
06746
0674f
067c7
06881
0688a
06914
0691a
06987
069aa
069b0
06a38
06c5f
06c82
07153
0749d
07683
07687
07691
07695
07735
077e4
077e8
077ec
07851
0788e
07892
07896
0789a
0789e
078a2
078a6
078aa
078ae
078b2
078b6
078ba
078be
078c2
05bbd
05dcb
05def
05dfa
05e04
05f5e
06009
06017
060e5
0619d
061a5
061ac
061d1
061db
062d8
062e4
062fb
0636a
0636e
0643a
06448
06464
064af
0675e
067d9
067e2
06899
068aa
068b3
06924
0692c
069b9
06a06
06a5f
06a85
06aee
072ff
0751d
076ba
076be
076c8
0776e
07772
0781b
0781f
0788c
078c5
078c9
078cd
078d1
078d5
078d9
078dd
078e1
078e5
078e9
078ed
078f1
078f5
078f9
05bf8
05bfc
05e0a
05e33
05e39
05f92
05fa1
06049
06118
0611c
061dd
061e3
06208
0620e
06224
0629e
06302
0630e
06325
06398
063b4
0645a
064cc
06770
06779
067f1
0682d
06836
068c4
068ca
0693b
069c2
069c8
06a4c
06adb
06aee
071cd
07517
0759d
075a1
075a5
075a9
07700
07704
077b3
077b7
078c7
07900
07904
07908
0790c
07910
07914
07918
0791c
07920
07924
07928
0792c
07930
07934
05c37
05d14
05e5c
05e6e
05e76
05fce
05ff7
05ffb
06085
0620f
06218
0621e
06243
0624d
062c6
062ca
06332
0634a
06366
063aa
063bc
063d8
064fd
06788
06803
0680c
06845
068d2
068db
0694a
06952
069d1
069de
06b2d
06b53
06bbc
07373
0742f
075da
075de
075e2
07739
0773d
07741
077f0
078fe
07937
0793b
0793f
07943
07947
0794b
0794f
07953
07957
0795b
0795f
07963
07967
0796b
05c72
05c76
05d10
05d3f
05d45
05ea7
05eb5
06034
060ba
060c8
0624f
06255
06278
0627e
06292
062f2
06355
06362
06377
063c8
063d4
063e5
0651a
0679a
067a3
0681b
06857
06860
068ec
068f2
06961
06992
06998
06a24
06ba1
06bbc
07241
0741d
07613
07617
0761b
0761f
07776
0777a
07823
07827
07855
07939
07972
07976
0797a
0797e
07982
07986
0798a
0798e
07992
07996
0799a
0799e
079a2
05470
054bc
054c0
054cf
05e1d
05e21
05ebf
05ee5
05eec
06044
06052
061c9
0624a
0625b
062a6
062b0
06372
06384
0638a
0639d
06453
06460
064d6
065fc
067b2
0682d
06836
068e8
0696d
06976
069c3
069e2
069e6
06adb
06bba
06bc0
06bc4
06bc8
06c07
06e30
07554
077a9
077ad
077b1
077bb
07857
0785b
07904
07908
079a6
079aa
079ae
079b2
079b6
079ba
079be
079c2
079c6
079ca
079ce
054d3
054de
05525
05530
05547
05e56
05ef8
05f1a
05f25
05f2f
06085
06200
06204
06288
062ab
062b6
062bc
062d0
062da
063a4
063b0
063c1
064f3
06560
067c4
067cd
06845
068fa
06901
06986
0698c
069d3
069ee
06a38
06c19
06c25
06c29
06c2d
06c31
06cdd
072c1
07606
077e6
077ea
077f4
077f8
07892
0793b
0793f
079a4
079d2
079d6
079da
079de
079e2
079e6
079ea
079ee
079f2
079f6
079fa
0553e
05584
05588
05598
05d29
05d2d
05f35
05f5c
05f62
060ba
060c8
0616f
06239
0623d
062db
062e2
062f8
062fe
06314
063cd
063e0
063fc
06524
06585
067dc
06857
06860
06910
06921
0692a
06993
069f6
069fa
06a5f
06c5a
06c86
06c8a
06c8e
06c92
06d22
0746b
07819
0781d
07821
0782b
078c9
078cd
07972
07976
079d4
079fe
07a02
07a06
07a0a
07a0e
07a12
07a16
07a1a
07a1e
07a22
05387
0538b
0539a
0559a
055a6
05d68
05f6e
05f90
05f9b
05fa5
060fb
061a0
061b0
06270
062ff
0630a
06310
06324
0632e
063ec
063f8
06409
06540
0659c
067ee
067f7
0686f
068aa
068b1
0693a
06940
069a3
06a02
06a4c
06a85
06a8b
06a8f
06a93
06ac5
06d22
0733a
0767c
07700
07704
07708
0770c
0785f
07863
0790c
079fc
07a26
07a2a
07a2e
07a32
07a36
07a3a
07a3e
07a42
07a46
07a4a
07a4e
053a2
053ee
053f2
05401
05da3
05da7
05e84
05fcc
05fd2
06129
06138
06157
061d9
061e7
06330
06336
0634c
06352
06368
06416
06428
06444
06488
065c1
06806
06881
0688a
068c0
06947
06950
069ab
06a0a
06a0e
06ad7
06af0
06af4
06af8
06afc
06c5e
06dac
074df
07739
0773d
07741
07745
07896
0789a
07943
07947
07a28
07a52
07a56
07a5a
07a5e
07a62
07a66
07a6a
07a6e
07a72
07a76
05405
05410
05457
05462
05479
05de2
05e7c
05ea4
05eaf
05eb9
0600f
0618e
06192
0621a
06353
0635e
06364
06376
0637e
06433
06440
0644f
064a5
065d8
06818
06821
06899
068d2
068d9
06960
06966
069bb
069da
06a24
06b3e
06b57
06b5b
06b5f
06b63
06dac
073ae
0758a
07776
0777a
0777e
07782
078d1
078d5
0797a
079a8
07a50
07a7a
07a7e
07a82
07a86
07a8a
07a8e
07a92
07a96
07a9a
07a9e
0539a
0549b
0549f
05580
0559a
055a6
05673
056ae
056bc
05f83
0601f
06041
0604b
06056
061a7
06355
06362
0639c
063a6
0644a
0645c
06462
064d6
065a3
066a4
06830
068aa
068b1
0695c
069c2
069c8
06a03
06a20
06a70
06a89
06a8d
06a97
06a9b
06b9e
06ba2
06ba6
06baa
06db1
06f78
07555
07902
07906
07910
07914
079ae
07aa0
07aa4
07aa8
07aac
07ab0
07ab4
07ab8
07abc
07ac0
07ac4
05381
05385
053a2
053fb
05412
05504
056b6
056be
056f6
05fb6
05fba
0605c
06083
06089
061d9
061e7
06382
063a1
063ac
063b2
063c0
063ca
064f3
065ba
06613
06842
0684b
068c0
0696d
06974
069d1
06a0b
06a28
06a2c
06aec
06af2
06af6
06b00
06b41
06c07
06c0b
06c0f
06df4
06df8
06fb1
07769
0793d
07941
0794b
079d6
079da
07aa2
07aca
07ace
07ad2
07ad6
07ada
07ade
07ae2
07ae6
07aea
053ea
05405
05410
05468
05565
05569
056fd
05732
05742
05e97
06095
060b7
060c2
060cc
0621a
062ae
062ba
063cb
063d2
063e2
063e8
063fe
06524
065df
06635
0685a
068d2
068d9
06982
06992
06998
069db
06a34
06b3e
06b57
06b5b
06b65
06b69
06c68
06c6c
06c70
06c74
06e35
06e7c
0746c
07970
07974
0797e
07982
07a02
07ac8
07aec
07af0
07af4
07af8
07afc
07b00
07b04
07b08
07b0c
05359
0535d
05451
0546c
05477
054cf
055df
055ed
0573c
05ed0
05ed4
060d2
060f9
060ff
0624a
0625b
062dd
063e9
063f4
063fa
06408
06412
06540
065f5
0664b
0686c
06875
068e8
06921
06928
069a1
069e3
06a3c
06a40
06a5f
06a63
06a67
06bb9
06bbf
06bc3
06bcd
06bd1
06ce0
06ce4
06efa
077df
0785f
07863
07867
07a2a
07a2e
07aee
07b12
07b16
07b1a
07b1e
07b22
07b26
07b2a
07b2e
07b32
053c2
054b6
054ba
054d7
05530
05547
055e9
05624
05632
05f0d
05fe4
06120
06132
0613a
06288
06302
0630e
06414
0641a
0642a
06430
06446
06488
06567
0666d
06884
068fa
06901
06936
069aa
069b0
069ef
06a48
06ac4
06ac8
06acc
06c18
06c24
06c28
06c2c
06c36
06c5f
06d27
06efa
074e0
07896
0789a
0789e
078a2
07a56
07b10
07b34
07b38
07b3c
07b40
07b44
07b48
07b4c
07b50
07b54
05427
0542b
0551f
05539
05545
05598
0562c
05634
0566c
05f46
05f4a
05fe0
0600d
06013
06167
06177
06332
06431
0643c
06442
0644e
06456
064a5
0657e
06683
06896
0689f
06910
06947
0694e
069b9
069f7
06a14
06a18
06b2b
06b2f
06b33
06c59
06c85
06c89
06c8d
06c97
06d6a
06d6e
06f78
076ed
078d1
078d5
078d9
07a7a
07a7e
07aa6
07b36
07b5a
07b5e
07b62
07b66
07b6a
07b6e
07b72
07b76
054f3
0550c
0552e
0553c
05545
055ff
05620
0562e
05637
057b0
057c0
057c9
06486
06540
0654a
065c0
06714
06935
06a14
06bf3
06bfe
06c0b
06c24
06c3c
06c61
06c9c
06d2a
06d51
06d6f
06ddc
06df3
06ea0
06ebd
06ec1
06ee3
06efc
06f00
06fa5
07070
07099
070ae
07149
07154
07165
0728e
072ba
072d1
072d5
0737c
0743f
07b78
07b7c
07b80
07b84
07b88
07b8c
07b90
07b94
07b98
07b9c
05552
05567
0556f
05596
055a2
05642
05655
0566c
05677
05732
057f7
05803
05a1f
06481
0648c
064b2
06723
0690f
06a00
06a56
06a71
06a9d
06b9e
06c65
06c7c
06c9e
06d4c
06d75
06da1
06db6
06e2a
06e64
06edf
06f04
06f08
06f24
06f3b
06f3f
06fdf
070b0
070d5
070eb
07168
07192
071a2
072b0
072f7
0730e
07312
073b9
07527
07ba1
07ba5
07ba9
07bad
07bb1
07bb5
07bb9
07bbd
07bc1
07bc5
05367
05370
05393
053a0
053a9
05692
0569a
056b1
056bc
0582e
0583e
05847
064a5
064af
064d4
065fb
066c0
0695b
06a28
06a53
06a78
06a7f
06aa1
06ad8
06b04
06c06
06cd8
06d91
06dba
06de6
06dfb
06f1c
06f33
06f45
06f49
06f6c
06f7c
06f80
070cf
070ef
07120
0716a
071a5
071ce
071df
07316
0733c
0734d
07351
074b9
07ba0
07bca
07bce
07bd2
07bd6
07bda
07bde
07be2
07be6
07bea
053c2
053d2
053d9
053ff
0540d
05624
056d9
056ef
056fd
05706
05875
05881
0592b
064cf
064da
06500
066cf
068bf
069d8
06abe
06ac9
06ae1
06aef
06b0a
06b44
06b6d
06d14
06d25
06dfd
06e1e
06e38
06ee4
06f5d
06f82
06f86
06f9d
06fb3
06fb7
06fdb
06ff5
07059
07126
071c3
07206
0721a
072bc
07353
0737e
0738a
0738e
074f6
07bef
07bf3
07bf7
07bfb
07bff
07c03
07c07
07c0b
07c0f
07c13
05435
0543e
05461
0546e
05477
05716
0571e
05736
05740
058a6
058b6
058bf
064f3
064fd
06522
06584
066ea
06981
06a3c
06b26
06b43
06b4c
06b6e
06b91
06bb1
06c6e
06cc6
06cd1
06ce8
06d62
06e3d
06e61
06e6d
06e80
06e84
06fab
06fbd
06fc1
06ff9
07025
07034
071e4
0721f
0724c
0725b
0736d
073b0
073c5
073c9
07465
07bee
07c18
07c1c
07c20
07c24
07c28
07c2c
07c30
07c34
07c38
05487
0549d
054a7
054cd
054db
055b8
055cb
055e2
055ed
056ae
05779
05785
059ab
0651d
06528
0654d
066f9
068e7
069ec
06a62
06b8e
06b9a
06bb4
06bd6
06bfd
06c3d
06cbc
06ceb
06d15
06d2f
06da6
06e59
06e76
06e88
06e8c
06eac
06ec7
06ecb
07018
07038
07073
070de
0723d
0727a
07292
07336
073cd
073f2
07400
07404
0756a
07c3c
07c40
07c44
07c48
07c4c
07c50
07c54
07c58
07c5c
07c60
056d2
056dc
056f1
056fd
05706
05797
057b1
057bc
057c9
05927
05934
0593f
06473
06542
0656d
065f7
06600
0678f
06a32
06ae5
06c5d
06dd7
06de2
06dfd
06e19
06e38
06e9f
06ecc
06eea
06efd
06f73
07019
07039
0703d
0705b
07073
07079
07115
071e2
07207
07222
072b7
072c3
072d3
073fc
0742a
0743f
07444
074ea
075ab
07b7a
07b7e
07c3c
07c65
07c69
07c6d
07c71
07c75
07c79
07c7d
0570c
05715
0571e
05736
05740
057d3
057e4
057f8
05803
058a5
0596a
05977
05b80
0649a
06560
06567
06587
067a0
06981
06a5c
06b4c
06cc1
06cd0
06ce6
06e21
06e2d
06e41
06f03
06f24
06f3a
06f9e
06fde
07056
0707c
07080
0709b
070af
070b6
0714f
0721f
07244
0725f
072da
07300
07310
0741e
07467
0747c
07481
07527
0768b
07ba2
07c16
07c81
07c85
07c89
07c8d
07c91
07c95
07c99
07c9d
055bf
055c8
055dc
055e9
055f2
0581d
05823
05837
05842
059a1
059ae
059b9
064a7
064dd
06580
0658a
065a9
0673b
06a46
06ac3
06bb3
06cbd
06cd5
06ce9
06d11
06d2d
06e6f
06f1d
06f4b
06f6d
06f7b
07090
070a7
070bb
070bf
070e0
070f1
070f5
0723d
07261
07292
072dd
07317
0733c
0734d
07485
074aa
074bc
074c0
07621
07ba6
07bcb
07c3f
07ca1
07ca5
07ca9
07cad
07cb1
07cb5
07cb9
055fc
05608
05610
05627
05632
057b7
0585f
05870
05879
05886
059e4
059f1
05a96
064e8
0659c
065a3
065c3
0674c
06935
06ac7
06bff
06d06
06d17
06d1e
06d32
06d5c
06d76
06eb7
06f81
06f9d
06fb2
07058
070d0
070f6
070fa
0710f
07123
0712a
07149
07163
071c9
07298
07331
07375
07388
07428
074c2
074ec
074f9
074fd
0765c
07b82
07bf4
07cbd
07cc1
07cc5
07cc9
07ccd
07cd1
07cd5
07cd9
05649
05652
05666
05673
0567c
05895
0589b
058af
058ba
05a15
05a22
05a2c
0647d
06523
065bc
065c6
065e5
06765
06a1e
06b91
06c7b
06d4d
06d5f
06d73
06d95
06db4
06e60
06e68
06e7e
06eed
06fbb
06fdc
06fea
06ffd
07001
0711b
0712f
07133
07168
07194
071a8
07357
07391
073bb
073c7
074db
0751e
07533
07538
075d1
07ba7
07c19
07c1d
07cdd
07ce1
07ce5
07ce9
07ced
07cf1
07cf5
05688
05691
0569a
056b1
056bc
05755
05766
0577a
05785
0582d
058f0
058fd
05b10
0651f
065d8
065df
065fe
06776
0695b
06a79
06b99
06d90
06d9b
06da8
06dbc
06de0
06e02
06e85
06ea5
06ec4
06f25
06fd3
06ff0
07004
07008
07027
07041
07045
07186
071aa
071dd
0724e
073ab
073e9
073fe
074a2
0753c
07560
0756f
07573
076cc
07bd0
07c42
07cdb
07cfc
07d00
07d04
07d08
07d0c
07d10
07d14
05858
05862
0586e
0587b
05886
0590f
0592d
05936
0593f
05a97
05aa2
05aad
064bc
06504
065f8
0661f
066a0
066a8
0680d
06d13
06de1
06f5d
06f68
06f81
06f9b
06fb2
07017
07046
07060
07077
070e5
07187
071a6
071ae
071ca
071df
071ea
07285
07353
07376
07395
07425
07430
07443
0756c
07598
075ab
075b0
07650
0770d
07bce
07bf4
07c65
07d17
07d1b
07d1f
07d23
07d27
07d2b
07d2f
0588d
05896
0589e
058af
058ba
05949
0595a
05970
05977
05a13
05ad9
05ae6
05cf6
064f8
06565
06613
06619
06637
0681e
06b47
06d5b
06e5f
06e6c
06e7e
06fa2
06fae
06fc5
07070
0709b
070ac
07110
0714c
071c4
071e3
071f0
07206
0721c
07227
072bd
07390
073b2
073d2
07449
0746d
07480
0758c
075d3
075e6
075eb
0768b
077ed
07bf9
07c1f
07c85
07d35
07d39
07d3d
07d41
07d45
07d49
07d4d
0575d
05766
05772
0577f
0578a
05991
05997
059ad
059b4
05b11
05b1c
05b27
0650d
06551
065a6
06631
0663a
06657
067b9
06cd4
06da6
06e5b
06e73
06e85
06ea9
06ec4
06fec
07091
070c1
070df
070f1
071fe
07215
0722b
0722f
0724f
07262
07266
073ab
073d3
073fe
0744c
07486
074aa
074bd
075ef
07612
07624
07628
07783
07ba6
07c41
07ca1
07d4f
07d53
07d57
07d5b
07d5f
07d63
07d67
05795
057a0
057a8
057b9
057c5
05926
059d1
059e5
059ed
059f6
05b53
05b5f
05c09
06534
065a1
0664b
06651
0666f
067ca
06bfe
06ddc
06e9e
06eaf
06eb6
06ebe
06eee
06f0d
0702f
070ed
0710f
07120
071c6
0723e
0725d
0726a
0727a
07294
0729b
072b7
072d1
07337
0740a
0749f
074e2
074f8
07596
0762a
07652
0765f
07663
077be
07b7c
07c46
07cc1
07d6d
07d71
07d75
07d79
07d7d
07d81
07d85
057db
057e4
057f0
057fd
05808
05a05
05a0b
05a21
05a28
05b81
05b90
05b9b
0646e
064b6
065e2
06669
06672
0668f
067e3
06d5e
06e2a
06edf
06ef1
06f03
06f21
06f3a
06fda
06fe2
06ffc
07065
0712d
0714a
07155
0716e
07172
07289
0729f
072a3
072d9
07302
0731b
074c6
07500
07529
07537
07643
07682
07697
0769c
07733
07b80
07ba3
07cdd
07d87
07d8b
07d8f
07d93
07d97
07d9b
07d9f
05814
0581c
05826
05837
05842
058cf
058e0
058f6
058fd
0599f
05a5f
05a6b
05c83
064aa
065dd
06683
06689
066a6
067f4
06a78
06cd7
06f1c
06f27
06f34
06f44
06f66
06f8c
06ff9
0701d
07032
0709c
07141
0715e
07174
07178
07193
071b1
071b5
072f4
0731c
0734b
073ba
07519
07557
0756e
0760c
076a0
076c2
076d1
076d5
0782e
07bc8
07c1e
07cfc
07da4
07da8
07dac
07db0
07db4
07db8
07dbc
059c9
059d4
059e1
059ec
059f6
05a7d
05a9c
05aa5
05aad
05c02
05c0f
05c1b
0649d
06593
065ca
066a1
066bf
06726
0688b
06ead
06f67
070d0
070db
070ed
0710a
07120
07185
071b6
071ce
071e0
07253
072f5
07319
07320
07335
0734d
07351
073f1
074ba
074e3
07504
07593
0759c
075af
076ce
076fa
0770d
07712
077b2
0786b
07bac
07bce
07bd5
07bd9
07d18
07dbf
07dc3
07dc7
07dcb
07dcf
059fe
05a06
05a0e
05a1c
05a28
05ab8
05ac8
05ade
05ae6
05b87
05c47
05c53
05e65
064c6
065bf
06618
066b9
066d0
0689c
06d5e
06eed
06fd8
06fe7
06ff6
07112
0711e
07136
071e1
07206
0721a
0727d
072bc
07332
07356
0735e
07375
0738a
0738e
07429
074f7
07520
07541
075b5
075d7
075ea
076ee
07735
07748
0774d
077ed
07943
07bf3
07bfa
07bfe
07cdd
07d36
07dd6
07dda
07dde
07de2
07de6
058d9
058e0
058ed
058f8
05902
05b00
05b05
05b1b
05b22
05c7c
05c8a
05c95
064eb
065cf
06605
06654
066d2
066e9
06837
06e72
06f34
06fd6
06fee
06ff9
07023
07032
07159
071ff
07230
0724c
0725c
0736c
07383
07399
0739d
073bc
073c9
073d4
07519
0753d
0756e
075b8
075f0
07612
07625
07751
07774
07786
0778a
078dd
07bfa
07c1e
07c23
07c27
07d50
07de9
07ded
07df1
07df5
07df9
0590d
05919
05920
05931
0593a
05a99
05b3f
05b54
05b5c
05b64
05cc0
05cce
05d78
06514
065ec
06650
066e3
066fa
06848
06de1
06f64
07015
07028
0702e
0703a
07061
07076
0719d
0725d
0727a
07292
07336
073ac
073cf
073d8
073e9
07400
07404
07425
07441
074a3
0756d
07609
07648
0765e
076f8
0778c
077b4
077c1
077c5
07916
07c3d
07c47
07c4b
07c65
07d6e
07e00
07e04
07e08
07e0c
07e10
05952
0595a
05967
05972
0597c
05b74
05b79
05b8f
05b96
05cf2
05cfe
05d09
06538
06557
0658e
0668c
066fc
06713
06861
06ef0
06fac
07056
07067
07070
07096
070ac
07148
0714e
07165
071d3
0729e
072b8
072c4
072d5
072e0
073f7
0740d
07411
07440
0746f
0748a
0762e
07666
0768d
0769b
077a5
077e5
077f9
077fe
0788f
07b7b
07b84
07b88
07c47
07d88
07e13
07e17
07e1b
07e1f
07e23
0598a
05992
0599a
059a8
059b4
05a3e
05a4e
05a64
05a6b
05b13
05bcd
05bda
05df2
06478
06583
06688
0670d
06724
06872
06cd4
06e77
07090
0709c
070a8
070ba
070d5
070f0
07167
0718a
071a0
07209
072af
072cc
072e2
072e6
07301
07312
07323
07462
07486
074bb
07528
0767f
076b8
076d0
0776e
07802
07824
07833
07837
07984
07ba4
07bac
07bb0
07ca1
07da5
07e2a
07e2e
07e32
07e36
07e3a
05b37
05b42
05b4f
05b5c
05b64
05beb
05c05
05c12
05c1b
05d6d
05d7d
05d89
064a0
06579
06650
066bc
0673d
067a4
06905
07028
070da
0723e
07249
0725d
07277
07292
072f3
07324
0733c
07355
073c1
07463
07488
0748e
074a5
074bb
074c0
0755f
07622
07649
0766a
076f5
076fe
07711
07830
07858
0786b
07870
0790a
079b2
07bc9
07ca1
07ca7
07cab
07dbe
07e3d
07e41
07e45
07e49
07e4d
05b6a
05b73
05b7c
05b8d
05b96
05c25
05c36
05c4c
05c53
05cf1
05db0
05dc1
05fc7
06536
0659a
06692
06737
0674e
06917
06ef0
07065
07147
07154
0716b
0727f
0728c
072a5
07353
07375
07388
073ec
07428
074a0
074c5
074cc
074e2
074f8
074fd
07597
0765d
07684
076a5
07717
07739
0774c
0784e
07891
078a4
078a9
07943
07a54
07bf5
07cc3
07cc7
07d89
07dd5
07e54
07e58
07e5c
07e60
07e64
05a45
05a4e
05a5b
05a68
05a70
05c6d
05c73
05c89
05c91
05de7
05df8
05e03
06474
065b5
06688
066e6
06750
06767
068b5
06fed
070a8
07144
0715b
07167
07190
071a0
072c8
0736d
0739e
073bb
073d1
074da
074f1
07507
0750b
0752a
07538
07542
0767f
076a1
076d0
0771a
07752
07774
07787
078ad
078ce
078e0
078e4
07a06
07ba7
07cdd
07ce3
07ce7
07de8
07e67
07e6b
07e6f
07e73
07e77
05a7a
05a87
05a8e
05aa0
05aa8
05c01
05cad
05cbc
05cca
05cd2
05e2a
05e3c
05ee2
06517
065d6
066a3
06761
06778
068c7
06f67
070d8
07184
07196
0719c
071ac
071d0
071e8
0730b
073cd
073e9
073fe
074a2
0751a
0753e
07546
07557
0756e
07573
07593
075ad
0760d
076cf
0776b
077aa
077c0
07856
078e6
0790c
07919
0791d
07a30
07c43
07cfe
07d02
07d19
07dff
07e7e
07e82
07e86
07e8a
07e8e
05abf
05ac8
05ad7
05ae2
05aea
05ce1
05ce7
05cfd
05d04
05e5b
05e6c
05e77
064c1
065f0
06618
06710
0677a
06791
068dd
07066
0711c
071c4
071d5
071e1
07203
0721a
072b6
072be
072d3
07341
0740c
07426
07431
07444
0744e
07565
0757b
0757f
075ac
075d9
075f4
07790
077c8
077ef
077fd
078fd
0793a
0794f
07954
079d6
07b7b
07c66
07c6c
07cfe
07e12
07e91
07e95
07e99
07e9d
07ea1
05af6
05aff
05b08
05b19
05b22
05bab
05bbc
05bd2
05bda
05c7b
05d36
05d47
05f58
064e9
0655e
0665a
0678b
067a2
068ef
06e72
06ff1
071fe
07209
07216
0722b
07244
07262
072d9
072f9
0730e
07378
0741d
0743a
07450
07454
0746e
07481
07491
075ce
075f0
07623
0768c
077e1
0781b
07832
078c8
07958
0797a
07989
0798d
07a80
07c16
07c87
07c8b
07d51
07e29
07ea8
07eac
07eb0
07eb4
07eb8
05ca5
05cb0
05cba
05cca
05cd2
05d59
05d74
05d80
05d89
05ed7
05ee7
05ef3
0650c
0657d
0662d
0673a
067bb
06822
06978
06bcc
07196
07248
073ac
073b7
073cd
073e6
073fe
07461
07492
074aa
074c4
0752f
075cf
075f2
075f8
0760f
07623
07628
076c1
07784
077ab
077cc
07853
0785c
0786f
07986
079ae
079b5
079b9
07a82
07c41
07d51
07d56
07d5a
07e3c
07ebb
07ebf
07ec3
07ec7
07ecb
05cd9
05ce2
05cea
05cf9
05d04
05d93
05da4
05dba
05dc1
05e5a
05f18
05f2a
06129
0653d
06646
06716
067b5
067cc
06989
06c25
07066
071d3
072b5
072c3
072de
073ee
073fa
07413
074c2
074e2
074f8
0755a
07596
0760a
0762d
07634
07648
0765e
07663
076f9
077bf
077e7
07807
07875
07896
078a8
079a4
079d8
079df
079e3
07acc
07cc0
07d70
07d74
07e13
07e53
07ed2
07ed6
07eda
07ede
07ee2
05bb4
05bbc
05bc6
05bd6
05bde
05ddb
05de1
05df7
05dfe
05f4d
05f5e
05f69
0646d
065b9
06665
06764
067ce
067e5
0692c
06c94
0715a
07216
072b2
072ca
072d9
072ff
0730e
07435
074db
0750c
07529
07540
07642
07657
0766d
07671
0768e
0769c
076a6
077e1
07803
07832
07878
078ae
078ce
078e1
079e5
07a06
07a0b
07a7a
07ba2
07d89
07d8e
07d92
07e66
07ee5
07ee9
07eed
07ef1
07ef5
05be7
05bf5
05bfc
05c0b
05c16
05d6c
05e1b
05e2b
05e38
05e40
05f8e
05fa0
06044
064a2
0667e
066c2
067df
067f6
0693d
06a89
070da
07246
072f2
07304
0730a
0731e
0733e
0735a
07479
0753c
07557
0756e
0760c
07680
076a2
076aa
076b8
076d0
076d5
076f5
0770f
0776f
07831
078c5
07902
07918
079ac
07a0f
07a30
07a35
07b14
07cfb
07da7
07dab
07dbf
07e7d
07efc
07f00
07f04
07f08
07f0c
05c2d
05c36
05c40
05c50
05c58
05e4f
05e55
05e6b
05e72
05fbd
05fce
05fd9
064bb
065f4
0669c
0678e
067f8
0680f
06952
06afe
071d4
0728a
07332
07343
07353
07372
07388
07424
0742c
07443
074af
0757a
07594
0759d
075b0
075ba
076c7
076dd
076e1
0770e
0773b
07756
078ea
07920
07945
07953
07a26
07a56
07a5d
07a61
07bf3
07d1a
07d1f
07da7
07e90
07f0f
07f13
07f17
07f1b
07f1f
05c65
05c6e
05c76
05c85
05c91
05d19
05d2a
05d40
05d47
05de6
05ea2
05eb4
060ba
064f0
0660e
066ec
06809
06820
06963
06b57
06fed
0715f
0736c
07378
07384
07399
073b2
073d4
07448
07467
0747e
074e5
0758b
075a6
075bc
075c0
075d8
075eb
075fb
07730
07752
07785
077ee
07937
07970
07988
07a00
07a63
07a80
07a87
07b58
07c84
07d38
07d3c
07de9
07ea7
07f26
07f2a
07f2e
07f32
07f36
05e13
05e1e
05e29
05e38
05e40
05ec5
05ede
05eea
05ef3
06039
06049
06055
065ce
0662e
066cc
067b8
06839
068a0
069c7
06aa4
06bab
06bcc
07304
073b6
0751a
07525
0753c
07554
0756e
075cd
075fc
07612
0762c
07693
07731
07754
0775a
07771
07785
0778a
07823
078de
07903
07924
079a9
079b4
07a65
07aa4
07aab
07aaf
07cfa
07de9
07dee
07df2
07eba
07f39
07f3d
07f41
07f45
07f49
05e47
05e50
05e58
05e68
05e72
05efd
05f0c
05f22
05f2a
05fbc
0607a
0608c
0627f
065f4
066de
06794
06833
0684a
069d1
06b00
06c0d
06c25
071d4
07341
07423
07430
0744d
0755c
07568
07581
0762a
07648
0765e
076bb
076f8
0776c
0778f
07796
077aa
077c0
077c5
07857
07917
0793c
0795d
079bc
079de
07a8b
07ab1
07acf
07ad3
07d6e
07e01
07e05
07e91
07ed1
07f50
07f54
07f58
07f5c
07f60
05d21
05d2a
05d35
05d44
05d4c
05f41
05f47
05f5d
05f65
060af
060c0
060cb
06556
06666
066f6
067e2
0684c
06863
06997
06b72
06c75
06c94
072c9
07384
07420
07437
07448
0746b
0747e
075a1
07643
07672
0768d
076a4
077a4
077b9
077cf
077d3
077f0
077fe
07808
07937
07959
07988
079bf
079e6
07a08
07ac8
07af0
07af5
07c83
07e13
07e18
07e1c
07ee4
07f63
07f67
07f6b
07f6f
07f73
05d57
05d62
05d6a
05d7a
05d84
05ed6
05f7f
05f8f
05f9c
05fa4
060f0
06101
061a0
0657d
06708
06740
0685d
06874
069a1
06a63
06a89
06bce
07248
073b4
07460
07471
07478
0748c
074ac
074c8
075e3
076a0
076b8
076d0
0776e
077e2
07804
0780c
0781b
07832
07837
07853
0786d
078c9
07987
079fd
07a2c
07a34
07af9
07b17
07b1b
07da5
07e2b
07e2f
07e3d
07efb
07f7a
07f7e
07f82
07f86
07f8a
05d9b
05da4
05daf
05dbe
05dc6
05fb1
05fb7
05fcd
05fd4
0611f
06130
0613b
06592
0669d
06720
0680c
06876
0688d
069af
06ad0
06afe
06c40
07342
073f8
074a0
074b1
074c2
074df
074f8
07592
0759a
075af
07617
076dc
076f6
076ff
07712
0771c
07829
0783f
07843
0786c
07898
078b2
07a13
07a3a
07a5c
07b10
07b38
07b3d
07cbf
07dc0
07dc5
07e2b
07f0e
07f8d
07f91
07f95
07f99
07f9d
05dd2
05ddc
05de4
05df4
05dfe
05e87
05e96
05eac
05eb4
05f4c
06004
06015
06212
065b9
066b4
0676a
06887
0689e
069b9
06b31
06b57
06c96
0715a
072cd
074da
074e5
074f2
07507
07520
07542
075b4
075d3
075e8
0764b
076ed
07708
0771e
07722
0773a
0774d
0775d
0788c
078ae
078df
07944
07a51
07a7c
07a86
07b41
07b5d
07b61
07d36
07dd7
07ddb
07e67
07f25
07fa4
07fa8
07fac
07fb0
07fb4
05f77
05f82
05f8d
05f9c
05fa4
06027
06040
0604c
06055
06195
061a5
061b0
0667a
066cd
0674a
06836
068b6
06919
06a06
06a6b
06a84
06a8c
06a9d
06aa8
06ba5
06c9d
06da0
07471
07524
07680
07689
076a0
076b7
076da
07731
0776e
07775
07792
077f6
0789f
078b4
078b8
078cf
078e2
078ec
079fd
07a10
07a7a
07aaa
07b43
07bb3
07e55
07e6b
07e6f
07efc
07fb6
07fba
07fbe
07fc2
07fc6
05fa8
05fb2
05fba
05fca
05fd4
0605f
0606e
06084
0608c
0611e
061d4
061e5
0637b
0669d
0675c
06812
068b3
068c4
06a0c
06a52
06ad2
06aeb
06af3
06b04
06b0f
06c0d
06d34
07342
074af
07591
0759e
075ba
076be
076ce
07769
07793
077b2
077c2
0781f
07857
078d8
078ee
078f2
0790d
0791b
07925
07a27
07a3a
07aa0
07ace
07b63
07dfe
07e7d
07e82
07f0e
07f4e
07fcc
07fd0
07fd4
07fd8
07fdc
05e8d
05e96
05ea1
05eb0
05eb8
060a3
060a9
060bf
060c6
06207
06218
06222
0660a
066f7
06774
06860
068c9
068de
069de
06b07
06b44
06b57
06b67
06b74
06b78
06c75
06e24
07436
074f2
0758e
075a3
075b4
075d7
075f4
07709
077a7
077e5
077f1
07808
078ff
07922
07929
0793b
07951
07956
079d7
07a5b
07a85
07ac8
07af2
07c01
07e7f
07e95
07e99
07f26
07fde
07fe2
07fe6
07fea
07fee
05ec3
05ecc
05ed4
05ee4
05eee
06038
060e1
060f1
060fe
06106
06246
06258
062d8
0662e
06786
067be
068db
068ec
069e4
06a63
06b26
06b96
06bb9
06bc1
06bd2
06bdd
06cc6
073b6
07522
075cc
075db
075e2
075f6
07615
0773d
077df
07809
07822
07834
078c9
0794a
07960
07964
0797b
0798b
07993
079b5
07a80
07ad8
07af9
07b18
07e28
07ea7
07eac
07eba
07f78
07ff4
07ff8
07ffc
08000
08004
05f03
05f0c
05f17
05f26
05f2e
06113
06119
0612f
06136
06275
06286
06290
06642
06721
0679e
0688a
068f1
06906
069f2
06ad0
06bd5
06c14
06c25
06c35
06c42
06c46
06e03
074b0
07566
0760a
07619
0762a
07647
0766a
076f6
076fe
07718
0777f
07844
07859
0786d
07872
0790b
0798f
07997
079a5
079bc
07a2a
07b10
07b3a
07c4e
07e3d
07e42
07e46
07ed2
08006
0800a
0800e
08012
08016
05f38
05f42
05f4a
05f5a
05f65
05fe9
05ff8
0600e
06015
060ae
06162
06174
0632c
06666
06732
067e8
06903
06914
069f8
06b31
06bf4
06c61
06c81
06c89
06c9a
06ca6
06d50
072c9
0743b
07642
0764b
07658
0766d
07685
076ed
0771d
07737
0774c
077ae
07850
07877
0787e
07892
078a6
078ab
07944
079dd
07a09
07b20
07b41
07b5e
07dd4
07e53
07e58
07ee4
07fa2
0801c
08020
08024
08028
0802c
060da
060e4
060ef
060fe
06106
06183
0619c
061a8
061b0
062cd
062dd
062e9
06704
0674b
067c8
068b1
0692d
0698b
06a42
06a5e
06a69
06a7c
06aa6
06c2e
06c87
06ca3
06cca
06ce5
06cf2
06da0
06e80
07473
075e2
077e0
077eb
077f7
07810
07832
0788d
078c8
078cf
078ec
0794c
079e8
079ee
07a03
07a0b
07a15
07aed
07afa
07bb3
07e67
07ee6
07eeb
07f77
07fb7
08031
08035
08039
0803d
0610b
06114
0611c
0612c
06136
061b9
061c8
061de
061e5
06274
062fd
0630e
06453
06721
067da
06890
0692a
0693a
06a48
06a52
06a97
06ac5
06ad0
06ae3
06b0d
06c8f
06cbe
06d0f
06d2d
06d37
06de5
06f6d
07616
076bd
076fe
0771b
07820
0782c
07845
078ed
0790a
0791a
07974
079ad
07a12
07a19
07a2d
07a35
07a3f
07b15
07b3b
07c4f
07ee8
07efe
07f02
07f8f
08042
08046
0804a
0804e
08052
05fef
05ff8
06003
06012
0601a
061fb
06201
06217
0621f
06321
06332
0633c
066b0
06775
067f2
068d9
0693f
06953
06a1a
06aae
06af0
06b07
06b33
06b3b
06b55
06b7b
06d3b
06d59
06d79
06d7e
06efe
074e7
0764c
076ee
07704
0770b
07724
0774a
07861
078ff
0793a
07947
0795e
07a28
07a41
07a45
07a5c
07a61
07b35
07b42
07b81
07e91
07f10
07f15
07fa1
07fdf
08057
0805b
0805f
08063
06025
0602e
06036
06046
06050
06194
06237
06247
06254
0625b
06351
06362
063c8
066cd
06804
0683c
06950
06960
06a20
06af8
06b26
06b65
06b96
06ba7
06baf
06bdb
06cc9
06d80
06da4
06dbe
06dc3
06f3d
075dd
07694
0773b
07742
07757
07776
07792
078a1
0795f
07978
0798a
07a01
07a65
07a6d
07a7d
07a87
07a8f
07aab
07b5a
07c28
07f12
07f28
07f2c
07f3b
08068
0806c
08070
08074
08078
06065
0606e
06079
06088
06090
06269
0626f
06285
0628d
06371
06382
0638c
066da
0679f
0681c
06901
06965
06979
06a2e
06b7c
06bbe
06bd5
06c07
06c12
06c23
06c4b
06d93
06ddf
06df9
06e06
06ea3
0742f
076bc
0776a
0777a
07781
0779a
077c0
07854
0785c
07876
078d9
0799a
079af
079b7
079c1
07a8b
07a93
07aa1
07ab2
07bcf
07e3d
07ebe
07ec2
07f4d
08007
0807d
08081
08085
08089
0609a
060a4
060ac
060bc
060c6
06147
06156
0616c
06174
06206
062a9
062ba
06410
066f7
067b0
06866
06976
06986
06a34
06bc6
06bf4
06c33
06c61
06c71
06c79
06ca4
06d53
06e0a
06e28
06e42
06e48
06fb5
075a0
0764d
077ab
077b8
077ce
077e7
07808
0787b
07893
078a8
07906
079a6
079c3
079c7
079de
079e3
07a55
07acd
07af3
07c02
07ebe
07ed4
07ed8
07f65
0808e
08092
08096
0809a
0809e
05539
0622f
0623a
06245
06254
0625b
062ca
062dc
062e4
0634a
063c3
063d4
06524
06782
067c9
06846
06928
06998
069d3
06af5
06b28
06b72
06b95
06bbc
06c6f
06c86
06cc2
06cc8
06ce5
06df5
06e3c
06e66
06e7c
06e81
06e92
06fc7
070a1
07744
07938
07941
07958
0796f
07992
079e5
07a02
07a11
07ad5
07add
07af0
07af6
07c15
07c28
07c2c
07ea6
07f63
07f68
07f6c
080a0
080a4
080a8
0557e
06260
0626a
06272
06282
0628d
062f1
062fe
0630b
06313
063e1
063f2
063fc
0654e
0679f
06858
06909
06995
0699e
06a63
06a89
06ac5
06b62
06bcf
06be1
06c02
06c3e
06ce9
06d0d
06d2d
06e34
06e5a
06ea5
06eba
06ec8
06ed1
07037
07778
07820
0785e
0787a
07976
07986
079fc
07a1c
07a32
07aec
07b00
07b04
07b18
07b1c
07c42
07c50
07c54
07efb
07f7b
07f7f
08008
080ae
080b2
080b6
0539e
0614d
06156
06161
06170
06177
0631b
06328
06335
0633c
0640b
0641c
06488
0672e
067f3
06870
0694e
069a3
069b0
06ad0
06afe
06bc3
06bf6
06c40
06c60
06c84
06ce1
06d07
06d50
06d59
06d72
06ebc
06eea
06efd
06f01
06fa5
07115
077ae
07850
07863
07874
07896
078b2
07a39
07a56
07a67
07b1d
07b26
07b38
07b3e
07b78
07b8c
07b90
07e52
07f8d
07f92
07f96
080b8
080bc
080c0
053e8
06181
0618b
06192
061a2
061ac
062cc
06348
0635b
06362
06429
0643a
06445
064b3
0674b
06882
068b9
069ad
069b6
06a58
06a76
06a9d
06b32
06b58
06c29
06c96
06ca2
06d3c
06d73
06da0
06db4
06e64
06f03
06f2c
06f3c
06f40
06fdf
0773f
077f6
0789a
078a0
078b4
078d1
07a50
07a70
07a84
07b34
07b48
07b4c
07b5e
07b62
07ba5
07bb5
07bb9
07f25
07fa5
07fa9
07fb8
080c6
080ca
080ce
0546c
061bf
061c8
061d3
061e2
061e9
0636b
0637a
06385
0638c
06451
06460
064d6
06758
0681d
0689a
06974
069bb
069c8
06a99
06aa5
06add
06b04
06ba6
06bbf
06c8a
06d6b
06d91
06dde
06de7
06dfc
06f1d
06f62
06f77
06f7d
06f8e
070ee
0781f
078c6
078d5
078e6
07901
07924
079ac
079b6
07a90
07aa8
07aae
07b5a
07b6a
07bc7
07bda
07bde
07e7c
07f3a
07f3f
07fa5
080d0
080d4
080d8
054b6
061f2
061fc
06204
06214
0621f
0629d
062aa
062b7
062be
06399
063aa
063b4
06501
06775
0682e
068e1
069c5
069ce
06a8d
06abf
06b07
06b41
06b52
06b74
06c13
06c34
06dc6
06dfd
06e24
06e38
06ee4
06f81
06fa6
06fb4
06fb8
07059
07702
077af
07905
07912
07927
0793d
079a4
079c8
079de
07aa0
07ab8
07abc
07ad0
07ad4
07bf4
07c03
07c07
07ed1
07f51
07f55
07fe0
080de
080e2
080e6
053e5
053ec
053fc
05408
05410
056fb
0634e
0635d
06365
063c4
063d0
063d8
065df
06800
06847
068c3
06993
069dd
06a10
06ac0
06ae9
06af6
06b07
06b17
06b39
06b4a
06b65
06b6d
06b77
06ba0
06c76
06d4e
06d80
06dad
06e24
06e64
06e6d
06e8d
06fba
06fe0
06ff5
06ffe
070a0
0716c
0773f
078a1
07a63
07a84
07aca
07af2
07ba8
07c0a
07cdf
07ceb
07f63
07fe1
07fe5
08068
080ea
080ee
05448
05450
05458
05469
05474
05724
0636c
0637a
06387
0638f
063f1
063f8
06448
06600
0681d
068d4
0697c
069da
069e3
06a63
06b25
06b30
06b59
06b61
06b70
06b80
06bad
06bc0
06bd0
06bdc
06be0
06cc9
06d93
06dc5
06df2
06e5a
06ea3
06eac
06ecd
06fd4
0701d
07032
07042
070dd
0724b
078d3
079a8
079c1
07a97
07b00
07b1f
07c28
07c44
07d06
07d0a
07fe1
07ff7
07ffb
080f2
080f6
080fa
054b3
054ba
054ca
054d6
054de
055e7
062a6
062b5
062bd
06399
06415
0641c
06567
067ac
06871
068eb
069ab
069e8
069f1
06ad0
06b8e
06bb7
06bc4
06bd5
06be5
06c01
06c18
06c33
06c3f
06c45
06c6a
06daf
06e03
06e1f
06e3f
06e9f
06ee2
06eeb
06f0b
07035
07060
07075
0707a
071e5
077af
07912
079bb
079de
07b12
07b3a
07b7c
07c4e
07c67
07c73
07f8d
08009
0800d
0808e
080fe
08102
05516
0551e
05526
05537
05542
05616
062c8
062d4
062e3
062eb
06430
0643d
06445
0658a
067c9
068fc
06930
069ee
069f7
06a5e
06b37
06bf5
06c1e
06c2b
06c39
06c4c
06c59
06c78
06c94
06c9c
06ca7
06cc4
06cde
06d50
06e3c
06ebf
06f03
06f2c
06f3a
06fde
07070
070a2
070af
070b7
07223
0793e
079d2
079ec
07a15
07b48
07b65
07b94
07c17
07c8f
07c93
08009
0801f
08023
08106
0810a
0810e
0557b
05582
05592
0559e
055a6
05671
062fa
06309
06310
063e1
06459
06460
065a3
067d6
0689b
06913
069c3
069fc
06a05
06a59
06a76
06a8c
06a9d
06aa8
06ac5
06bab
06c7c
06c8a
06c92
06caa
06cb0
06cef
06d17
06d31
06e32
06f1d
06f62
06f6f
06f89
07091
070d4
070e9
070f2
07189
07820
07980
07a0f
07a32
07aa6
07ab7
07ba6
07bca
07ca3
07caf
07f39
07fba
07fbe
08042
08112
08116
0537a
05382
0538a
0539b
053a6
056a0
0631c
06328
06337
0633f
063a9
063b0
06404
065c6
067f3
068ac
06956
06a02
06a0b
06a51
06a61
06a8b
06a93
06aa2
06ab2
06ad6
06af2
06b02
06b0e
06b12
06c0e
06ce0
06d34
06d5c
06d76
06f45
06f81
06fa4
06fb2
07058
070ed
07116
07123
0712b
07297
07861
07a26
07a41
07a69
07ab8
07ad7
07bda
07bf6
07ccb
07ccf
07fb9
07fcf
07fd3
0811a
0811e
08122
053bd
053c4
053ff
05409
05410
05530
05618
0562d
05634
05880
06436
06440
064fa
06691
068bf
06937
069d8
06a19
06a4c
06abf
06acc
06b08
06b33
06b3b
06b6b
06bff
06c29
06d06
06d20
06d2a
06d3e
06d51
06d6f
06d7c
06e24
06efe
06f23
06f3a
06fa5
06fe0
06ff5
070f8
07148
07154
07165
07171
0728e
0737c
07b36
07b4f
07b80
07b8d
07c09
07d93
07d97
08043
08059
080c4
08126
0812a
05420
05428
05440
0546b
05474
05586
0565a
0566d
05676
0567d
06450
0645d
06464
066a5
06899
06947
069c3
06a16
06a1f
06ada
06b2e
06b56
06b96
06ba7
06baf
06bdc
06c7b
06c90
06d4a
06d65
06d73
06d83
06d97
06db4
06dc1
06e64
06f3d
06f62
06f79
06fd5
0701d
07032
0712f
07167
07192
071a2
071b4
07311
078d4
07ab6
07b69
07ba9
07c1e
07cfc
07db0
07f39
0806a
0806e
0812e
08132
08136
05394
05498
0549f
054cd
054d7
054de
056a2
056b7
056bf
05784
063a6
063b0
06547
06621
068e7
0695d
069ec
06a24
06a2d
06a7e
06a93
06b8d
06ba7
06bd6
06c06
06c12
06c3d
06d0b
06d92
06db0
06dbc
06dca
06de6
06dfb
06e08
06f5c
06f8d
06fa1
06fc8
07018
0705a
07073
07185
071c7
071dd
071e9
07282
073f0
07aa2
07abf
07bce
07bdb
07c56
07d23
07d27
08069
0807f
080dc
0813a
0813e
053f0
054fb
05503
0550e
0553b
05542
056e4
056f7
05700
05708
063c2
063d0
063d8
06636
06845
0696d
06993
06a2a
06a33
06adf
06af4
06b93
06c0a
06c24
06c59
06c6f
06c77
06ca5
06dd5
06def
06dfd
06e0d
06e1d
06e38
06e46
06e60
06e71
06e92
06fba
07049
07072
070a2
070b4
071c2
07205
0721a
07226
072bc
07940
07adb
07afe
07b94
07bf9
07c85
07d41
07f63
08090
08094
08142
08146
0814a
05462
05562
05569
05596
0559f
055a6
05726
0573b
05742
05802
063ee
063f8
064ac
06659
0690f
06983
06a00
06a38
06a41
06a59
06a66
06a6f
06a9f
06b49
06b5c
06c6c
06c85
06cc1
06cca
06ce6
06cf3
06da3
06e34
06e40
06e4e
06e80
06eab
06ec4
06f2f
07092
070d7
070e9
07189
0721e
0724c
0725b
07265
073c8
07aee
07b07
07ba6
07c17
07c42
07d5b
07d5f
08030
08034
080ac
0814e
08152
05351
0535a
05372
0539d
053a6
054be
055d0
055e3
055ec
055f4
0640a
06419
06420
0666e
0686f
06921
069ab
06a3e
06a47
06a51
06a62
06aa0
06aca
06ad2
06ae3
06b14
06bb6
06bc9
06cbd
06ce1
06ced
06cfb
06d15
06d2f
06d39
06e9f
06ed0
06eef
06f10
070c3
070ef
07116
07128
0723c
07279
07292
0729a
07336
07862
07b24
07b46
07bda
07c3f
07cc1
07d79
07f8d
08044
08048
08156
0815a
0815e
06a9f
06aa9
06c9d
06ca3
06cb2
06cf2
06da0
06da4
06e34
06e4a
06e50
06f08
06f3d
06f52
077f5
0788b
078ad
078b5
078bc
079ed
07b43
07b50
07bb5
07bbe
07cac
07d5b
07e32
07fbc
08031
08038
080c8
08113
0814e
08161
08165
08169
0816d
08171
08175
08179
0817d
08181
08185
08189
0818d
08191
08195
08199
0819d
081a1
081a5
081a9
081ad
081b1
081b5
081b9
081bd
081c1
081c5
081c9
06aa0
06aac
06ab7
06b06
06b10
06cdf
06ce3
06cf9
06d34
06d42
06de7
06f45
06f54
06f7e
07828
0782c
078c6
078ed
078f3
07a12
07a1e
07b6a
07bd4
07bde
07be7
07cd1
07d7d
07fce
07fd5
08046
080d2
0811b
08156
0815a
08163
081ce
081d2
081d6
081da
081de
081e2
081e6
081ea
081ee
081f2
081f6
081fa
081fe
08202
08206
0820a
0820e
08212
08216
0821a
0821e
08222
08226
0822a
0822e
08232
06b09
06b18
06b6b
06b75
06b83
06d26
06d3c
06d44
06d7c
06e24
06e28
06f86
06fb5
06fca
07709
078fd
0791f
07928
0792e
07a42
07ab4
07ac0
07c03
07c0c
07ce8
07d93
07dde
07fe4
08057
0805e
080e0
080eb
08126
081ce
081d2
08237
0823b
0823f
08243
08247
0824b
0824f
08253
08257
0825b
0825f
08263
08267
0826b
0826f
08273
08277
0827b
0827f
08283
08287
0828b
0828f
08293
08297
06b6e
06b7a
06b85
06bd4
06bde
06cc6
06cca
06d6b
06d81
06d89
06dc1
06e80
06e95
06fbf
07742
07746
07938
0795f
07965
07a65
07a72
07add
07c22
07c2c
07c35
07d0c
07db4
07ff6
07ffd
0806c
080a2
080f3
0812e
08132
08237
0829c
082a0
082a4
082a8
082ac
082b0
082b4
082b8
082bc
082c0
082c4
082c8
082cc
082d0
082d4
082d8
082dc
082e0
082e4
082e8
082ec
082f0
082f4
082f8
082fc
08300
06bd7
06be6
06c3d
06c43
06c51
06d0d
06dae
06db2
06dc8
06e03
06e11
06e8a
06ec7
06ed4
0777f
07852
07986
07996
0799c
07a92
07afc
07b08
07c50
07c59
07c70
07d23
07e08
0800c
0807d
08084
080b0
080ff
0813a
0829c
082a0
08305
08309
0830d
08311
08315
08319
0831d
08321
08325
08329
0832d
08331
08335
08339
0833d
08341
08345
08349
0834d
08351
08355
08359
0835d
08361
08365
06c39
06c48
06c53
06c9c
06ca7
06d50
06d54
06df5
06e0b
06e13
06e46
06ebf
06ed6
06f00
077b8
077bc
07850
0787b
07881
079be
079ca
07b26
07b86
07b90
07b99
07c95
07d45
0801e
08025
08092
080ba
08107
08142
08146
08169
08303
08307
0836c
08370
08374
08378
0837c
08380
08384
08388
0838c
08390
08394
08398
0839c
083a0
083a4
083a8
083ac
083b0
083b4
083b8
083bc
083c0
083c4
083c8
06b4e
06c49
06c55
06ce7
06cf4
06e3c
06e41
06e54
06e82
06f2c
06f30
06fbf
0707e
07087
070b5
07949
0794d
079d4
079eb
079f2
07ad8
07ae4
07c2a
07c33
07c88
07c91
07c99
07d61
07eb0
08033
080a2
08107
0814e
0816d
08171
08175
08179
0817d
082a3
082a7
082ab
0836a
083cd
083d1
083d5
083d9
083dd
083e1
083e5
083e9
083ed
083f1
083f5
083f9
083fd
08401
08405
08409
0840d
08411
06bb3
06bb7
06caf
06ce9
06cee
06d03
06d2f
06d39
06e88
06e97
06ec9
06f6b
06f6f
070bd
070ec
07101
07980
079fc
07a0f
07a1a
07a20
07b02
07c48
07c52
07c5b
07cac
07cb5
07d77
07e08
08044
0804b
080b0
08156
0815a
081d4
081d8
081dc
081e0
081e4
0830a
0830e
08312
083cb
083cf
08418
0841c
08420
08424
08428
0842c
08430
08434
08438
0843c
08440
08444
08448
0844c
08450
08454
08458
06ab2
06c1a
06c1e
06d2c
06d40
06d6f
06d76
06d8b
06ec1
06efe
06f15
06fa6
070f8
07103
07129
07865
07869
07a28
07a40
07a46
07b20
07b2c
07b8e
07b97
07cc4
07ccd
07cd5
07d99
07e5c
08059
080ba
0811b
08126
081e7
0823d
08241
08245
08249
0836b
0836f
08373
08377
08418
0845b
0845f
08463
08467
0846b
0846f
08473
08477
0847b
0847f
08483
08487
0848b
0848f
08493
08497
0849b
06b15
06b20
06c7d
06d73
06d78
06d8d
06db6
06dc3
06e64
06e68
06f08
06f3d
06f52
06ffe
0712f
0713a
078a0
07a50
07a63
07a6e
07a74
07b4a
07bad
07bb7
07bc0
07ce8
07cf1
07dae
07e32
0806a
08071
080c8
0812e
08132
08184
08188
0818c
082ae
082b2
082b6
082ba
082be
0845b
0845f
084a2
084a6
084aa
084ae
084b2
084b6
084ba
084be
084c2
084c6
084ca
084ce
084d2
084d6
084da
084de
084e2
06a80
06b7c
06b87
06dba
06dca
06df9
06e02
06e15
06ea5
06f45
06f54
06f7e
07004
0700f
07042
078d7
078db
079aa
07a90
07a96
07b63
07b70
07bdc
07be5
07cff
07d08
07d10
07d29
07e86
0807f
080d2
080f3
0813a
081e9
081ed
081f1
082c1
08317
0831b
0831f
08323
08327
084a2
084e5
084e9
084ed
084f1
084f5
084f9
084fd
08501
08505
08509
0850d
08511
08515
08519
0851d
08521
08525
06ae5
06ae9
06be7
06dfd
06e01
06e17
06e3a
06e48
06ee2
06ee6
06f86
06fb5
06fca
0703d
0706f
07089
07912
079a4
079bb
079c6
079cc
07aba
07bfb
07c05
07c0e
07c70
07c79
07d3f
07dde
08090
08097
080e0
08142
08146
08252
08256
0825a
08378
0837c
08380
08384
08388
083d1
083d5
084e7
0852a
0852e
08532
08536
0853a
0853e
08542
08546
0854a
0854e
08552
08556
0855a
0855e
08562
08566
06afa
06b15
06b20
06d63
06e0b
06e13
06e7f
06e8f
06fba
06fc1
06fce
06ffe
070a0
070a4
07131
071e3
071f5
07226
07ac8
07ad5
07adf
07ae6
07c2a
07c33
07ce2
07ceb
07cf3
07d3f
07d47
07df3
07f2e
080a4
08142
0824e
082a4
082a8
082ac
082c5
08378
083d8
084a5
084a9
084ad
08569
0856d
08571
08575
08579
0857d
08581
08585
08589
0858d
08591
08595
08599
0859d
085a1
085a5
085a9
06b5f
06b63
06b80
06da6
06daa
06e4c
06e85
06e8c
06e9b
06ec6
06ece
07004
0700f
07042
070dd
070e1
0722c
07260
0726f
07aee
07b00
07b06
07c48
07c52
07c5b
07d05
07d0e
07d55
07d5e
07d65
07e86
080ae
080f3
08151
082c2
0830b
0830f
08313
0832c
0841b
0841f
084ec
084f0
084f4
0856b
085ae
085b2
085b6
085ba
085be
085c2
085c6
085ca
085ce
085d2
085d6
085da
085de
085e2
085e6
085ea
06bc8
06be3
06bee
06cf9
06deb
06def
06ebe
06ecf
06efb
06f02
06f17
0703d
0706f
07089
07116
07257
07271
0729a
07b10
07b1d
07b28
07b2e
07b8e
07b97
07c6a
07c73
07c7b
07d77
07d7f
07e1d
07eda
080bc
08156
081d4
0836c
08370
08374
0838b
0838f
08462
08529
0852d
08531
085ae
085b2
085ef
085f3
085f7
085fb
085ff
08603
08607
0860b
0860f
08613
08617
0861b
0861f
08623
08627
06c2d
06c31
06c4e
06d3c
06d44
06e2c
06f03
06f0a
06f19
06f3c
06f4c
06fde
06fe2
07080
070af
070c4
0716f
07290
072a8
07b36
07b48
07b4e
07bad
07bb7
07bc0
07c8e
07c97
07d8d
07d96
07d9d
07eb0
080c6
08107
08129
08184
08188
0818c
08190
0823a
083dc
083e0
083e4
084b1
084b5
085ef
0862c
08630
08634
08638
0863c
08640
08644
08648
0864c
08650
08654
08658
0865c
08660
08664
08668
06c90
06caa
06cb6
06cd9
06d81
06d89
06f44
06f4d
06f79
06f80
06f95
0701d
070bb
070c6
070f2
07169
0717d
071b2
07aa4
07b5a
07b6c
07b72
07bdc
07be5
07ca6
07caf
07cb7
07dae
07db6
07dc9
07f04
080d4
0812e
08180
081eb
081ef
081f3
081f7
082ae
08423
08427
0842b
084f8
0862c
08630
0866d
08671
08675
08679
0867d
08681
08685
08689
0868d
08691
08695
08699
0869d
086a1
086a5
06a91
06a95
06ab2
06d1c
06d20
06dc8
06f81
06f88
06f97
06fb4
06fc4
07058
0705c
070fa
07123
07138
071ad
071e5
071f7
07aa2
07ab8
07abe
07bfb
07c05
07c0e
07cca
07cd3
07d1d
07d26
07d2d
07e5c
080de
0811b
0813d
08250
08254
08258
0825c
08260
08466
0846a
0846e
08535
08539
08571
0866b
0866f
086ac
086b0
086b4
086b8
086bc
086c0
086c4
086c8
086cc
086d0
086d4
086d8
086dc
086e0
06ac1
06b09
06b18
06d24
06d28
06d3e
06ef3
06ef7
06f86
06ff5
06ffd
07011
0712d
07135
0716c
0717b
07210
07290
072a8
0735d
0738b
073a0
07bfe
07ce2
07ceb
07cf3
07d93
07d9b
07dd8
07de1
07e72
07fad
08124
081ce
0824e
084a6
084aa
084ae
084b8
08574
08578
08633
08637
0863b
086e5
086e9
086ed
086f1
086f5
086f9
086fd
08701
08705
08709
0870d
08711
08715
08719
0871d
08721
06b26
06b6e
06b7a
06b85
06d6b
06d81
06d89
06f34
06fbd
06fcc
07002
0700a
07032
07041
0704e
07175
071a9
071b8
0724d
07393
073a2
073ca
07c22
07c33
07d05
07d0e
07da8
07db1
07db8
07df3
07df8
07f05
080f3
08133
082a2
082c2
084ed
084f1
084fb
084ff
085b5
08670
08674
08678
086e3
086e7
08728
0872c
08730
08734
08738
0873c
08740
08744
08748
0874c
08750
08754
08758
0875c
08760
06b8f
06bd7
06be6
06dae
06db2
06dc8
06e88
06e97
06f73
07035
0703e
07050
07075
0707b
071a6
071ba
071e9
07282
07286
073d7
07401
07414
07c4b
07c6a
07c73
07c7b
07d23
07d2b
07e02
07e0b
07e9c
07f59
08138
0829c
08316
0852a
0852e
08532
0853c
085f2
085f6
086ab
086af
086b3
08728
08763
08767
0876b
0876f
08773
08777
0877b
0877f
08783
08787
0878b
0878f
08793
08797
0879b
06bf4
06c39
06c48
06c53
06df5
06e0b
06e13
06ec1
06faa
06fae
0707c
07084
070ac
070b4
070c8
0714e
071e3
071f5
07226
072d4
072e9
0740e
07b86
07b97
07c8e
07c97
07d39
07d42
07d49
07e1d
07e22
07f2f
08107
08147
0836a
08379
083df
083e3
083e7
083eb
0857c
08580
08584
0863f
08763
08767
087a2
087a6
087aa
087ae
087b2
087b6
087ba
087be
087c2
087c6
087ca
087ce
087d2
087d6
087da
06a5a
06c9f
06cae
06e32
06e36
06e4c
06e75
06e79
06f08
070b0
070be
070ca
070eb
070f5
07189
0718d
0722c
07260
0726f
072e3
07311
07326
07bb0
07ca6
07caf
07cb7
07d5b
07d63
07e2c
07e35
07e48
07f83
0814c
08167
08180
08422
08426
0842a
0842e
085b9
085bd
085c1
0867c
08680
087a2
087dd
087e1
087e5
087e9
087ed
087f1
087f5
087f9
087fd
08801
08805
08809
0880d
08811
08815
06a52
06aa0
06aac
06ab7
06ce1
06cf7
06cff
06eb6
06f45
06f54
070f6
070fe
07120
07128
0713e
071c8
07257
07271
0729a
07319
07328
07350
07bd4
07be5
07cca
07cd3
07d71
07d7a
07d81
07dc9
07dce
07edb
0811b
0815b
081d4
081e9
08469
0846d
08471
08475
085fa
085fe
08602
086b7
086e9
086ed
087df
0881a
0881e
08822
08826
0882a
0882e
08832
08836
0883a
0883e
08842
08846
0884a
0884e
06c1c
06d07
06d2a
06d33
06d48
06ec1
07069
0706d
070fa
07163
0716b
0717f
0729e
072a4
072d4
072e9
0737e
07406
07416
074cb
074f6
0750e
07b89
07cc4
07cd4
07d93
07d9b
07e17
07e20
07e57
07e60
07f6d
08124
0823b
08416
08632
08636
0863a
08644
086ee
086f2
087a7
087ab
087af
08853
08857
0885b
0885f
08863
08867
0886b
0886f
08873
08877
0887b
0887f
08883
08887
0888b
0888f
06c7b
06c7f
06d4e
06d75
06d85
06f06
06f13
070a8
0712f
0713a
07173
07179
071a0
071a8
071bc
072e3
07311
07326
073bb
07502
07510
07538
07bad
07bbe
07ce5
07da8
07db1
07db8
07e32
07e37
07e73
07f04
07fc3
08133
082af
084a6
08673
08677
08681
08685
0872d
087e2
087e6
087ea
08851
08855
08896
0889a
0889e
088a2
088a6
088aa
088ae
088b2
088b6
088ba
088be
088c2
088c6
088ca
088ce
06a80
06d91
06db8
06dbd
06dd2
06f47
07004
0700f
070e5
071a4
071af
071be
071df
071eb
07319
07328
07350
073f0
073f4
07545
0756a
07582
07bd7
07cff
07d0f
07d23
07d2b
07dc3
07dcc
07e81
07e8a
07f97
08138
081e9
084a0
086aa
086ae
086b2
086bc
08768
0876c
0881b
0881f
08823
08896
088d1
088d5
088d9
088dd
088e1
088e5
088e9
088ed
088f1
088f5
088f9
088fd
08901
08905
08909
06ae5
06ae9
06dd8
06dff
06e0f
06f84
06f93
0703d
0711a
0711e
071ed
071f3
0721a
07222
07236
072bc
07356
07363
0738d
0743f
07457
0757c
07bfb
07c0c
07c6d
07d39
07d42
07d49
07dde
07de3
07e9d
07f2e
07feb
08147
08379
0852a
0857d
08581
08585
08589
086f6
086fa
086fe
087b3
088d1
088d5
08910
08914
08918
0891c
08920
08924
08928
0892c
08930
08934
08938
0893c
08940
08944
08948
06b4e
06cc2
06e3c
06e41
06e54
06fbf
06fef
06ff3
07080
0721e
0722e
07238
0725b
07265
072f7
072fb
0739a
073c8
073dd
07451
0747c
07494
07c25
07c88
07c98
07d5b
07d63
07ded
07df6
07eab
07eb4
07f43
0814c
0816d
083d1
085ba
085be
085c2
085c6
08731
08735
08739
087ee
087f2
08910
0894b
0894f
08953
08957
0895b
0895f
08963
08967
0896b
0896f
08973
08977
0897b
0897f
08983
06bb3
06bb7
06cbe
06ceb
06cfb
06e88
06e97
0702e
070bb
070c6
07267
0726d
07292
07296
072ac
07336
073cf
073df
07403
07488
07496
074be
07c48
07c59
07ca9
07d71
07d7a
07d81
07e08
07e0d
07e49
07eda
08013
0815b
0830a
08422
085fb
085ff
08603
08607
08770
08774
08778
08827
08857
0885b
0894d
08988
0898c
08990
08994
08998
0899c
089a0
089a4
089a8
089ac
089b0
089b4
089b8
089bc
06ded
06e9f
06ebc
06ec3
06eda
0703d
071d7
071db
07269
072d1
072d8
072ed
0740c
07412
0743f
07457
074ec
07575
07584
07633
0765c
07674
07b89
07c6a
07c7a
07d74
07e17
07e20
07e96
07e9f
07eda
07edf
07fec
0836d
085ae
087a6
087aa
087ae
087b8
0885c
08860
08915
08919
0891d
089c1
089c5
089c9
089cd
089d1
089d5
089d9
089dd
089e1
089e5
089e9
089ed
089f1
089f5
089f9
089fd
06e2a
06e2e
06ee0
06f05
06f0e
0707e
07087
07216
07290
072a8
072e1
072e7
0730e
07315
0732a
07451
0747c
07494
07529
07668
07676
0769c
07bad
07bbe
07c8b
07d8d
07d9c
07e32
07e37
07eb2
07ee9
07ef2
07f83
0803b
083dd
08632
087e5
087e9
087f3
087f7
0889b
08950
08954
08958
089bf
089c3
08a04
08a08
08a0c
08a10
08a14
08a18
08a1c
08a20
08a24
08a28
08a2c
08a30
08a34
08a38
08a3c
06cd9
06f1d
06f42
06f49
06f58
070bd
07169
0717d
07253
07316
07321
0732c
0734d
07359
07488
07496
074be
0755e
07562
076a9
076cc
076e4
07bd7
07ca6
07cb6
07dab
07dc3
07dcc
07e42
07e4b
07f04
07f09
08014
081e9
0862c
0881a
0881e
08822
0882c
088d6
088da
08989
0898d
08991
08a04
08a3f
08a43
08a47
08a4b
08a4f
08a53
08a57
08a5b
08a5f
08a63
08a67
08a6b
08a6f
08a73
08a77
06d1c
06d20
06f5e
06f83
06f8b
070f8
07103
071ad
07288
0728c
0735b
07361
07388
0738f
073a4
0742a
074c5
074d1
074fb
075ab
075c3
076de
07bfb
07c0c
07cc7
07d1d
07d2c
07dde
07de3
07e5e
07f13
07f1c
07fad
08061
08467
086ab
086f7
086fb
086ff
08703
08864
08868
0886c
08921
08a3f
08a43
08a7e
08a82
08a86
08a8a
08a8e
08a92
08a96
08a9a
08a9e
08aa2
08aa6
08aaa
08aae
08ab2
08ab6
06d63
06e60
06fba
06fc1
06fce
07131
0715d
07161
071ef
07390
0739c
073a6
073c7
073d2
07465
07469
07508
07533
0754b
075bd
075e6
075fe
07c25
07ce2
07cf2
07d3c
07ded
07df6
07e6c
07e75
07f2e
07f33
07fc4
082a2
0856f
08732
08736
0873a
0873e
0889f
088a3
088a7
0895c
08960
08a7e
08ab9
08abd
08ac1
08ac5
08ac9
08acd
08ad1
08ad5
08ad9
08add
08ae1
08ae5
08ae9
08aed
08af1
06da6
06daa
06e5c
06e87
06e90
07004
0700f
0719c
07220
07234
073d5
073db
073fe
07405
0741a
074a4
0753e
0754d
07571
075f2
07600
07626
07c48
07c59
07d02
07d55
07d64
07e08
07e0d
07e88
07ebf
07ec8
07f59
08087
084eb
085ba
08771
08775
08779
0877d
088de
088e2
088e6
08995
089c5
089c9
08abb
08af6
08afa
08afe
08b02
08b06
08b0a
08b0e
08b12
08b16
08b1a
08b1e
08b22
08b26
08b2a
06f73
07017
07035
0703e
07050
071ad
07345
07349
073d7
07441
07447
0745b
0757a
07580
075ab
075c3
07652
076d7
076e6
07795
077be
077d6
07c6d
07d1d
07d2c
07e05
07e95
07e9e
07f14
07f1d
07f58
07f5d
08061
0852a
08726
08914
08918
0891c
08926
089ca
089ce
08a83
08a87
08a8b
08b2f
08b33
08b37
08b3b
08b3f
08b43
08b47
08b4b
08b4f
08b53
08b57
08b5b
08b5f
08b63
08b67
08b6b
06faa
06fae
07056
0707c
07084
071e3
071f5
07384
07406
07416
0744f
07455
0747e
07484
07498
075bd
075e6
075fe
0768d
077ca
077d8
077fe
07c88
07c98
07d3c
07e17
07e20
07eb0
07eb5
07f30
07f67
07f70
08000
080a6
0857b
087a7
08953
08957
08961
08965
08a09
08abe
08ac2
08ac6
08b2d
08b31
08b72
08b76
08b7a
08b7e
08b82
08b86
08b8a
08b8e
08b92
08b96
08b9a
08b9e
08ba2
08ba6
08baa
06e77
07091
070b0
070be
070ca
0722c
072dc
072eb
073c1
07485
0748f
0749a
074bd
074c7
075f2
07600
07626
076c0
076c4
0780b
0782e
07846
07ca9
07d55
07d64
07e2f
07e41
07e4a
07ec0
07ec9
07f82
07f87
08087
08422
087a0
08988
0898c
08990
0899a
08a44
08a48
08af7
08afb
08aff
08b72
08bad
08bb1
08bb5
08bb9
08bbd
08bc1
08bc5
08bc9
08bcd
08bd1
08bd5
08bd9
08bdd
08be1
08be5
06eb4
06eb8
070d0
070f6
070fe
07257
07271
0731f
073f6
073fa
074c9
074cf
074f8
074fe
07512
07598
0762d
07639
07661
0770d
07725
07840
07cc4
07cd4
07d74
07dc3
07dcc
07e5c
07e61
07edc
07f91
07f9a
08028
080be
085f9
0881b
08865
08869
0886d
08871
089d2
089d6
089da
08a8f
08bad
08bb1
08bec
08bf0
08bf4
08bf8
08bfc
08c00
08c04
08c08
08c0c
08c10
08c14
08c18
08c1c
08c20
08c24
06ef5
06fda
07124
07132
0713c
072a0
072cb
072cf
0735d
074ff
0750a
07514
07537
07541
075d1
075d5
0766e
07697
076af
0771f
07748
07760
07ce5
07d8d
07d9c
07ddb
07e6b
07e74
07eea
07ef3
07fac
07fb1
0803b
084a6
086e9
088a0
088a4
088a8
088ac
08a0d
08a11
08a15
08aca
08ace
08bec
08c27
08c2b
08c2f
08c33
08c37
08c3b
08c3f
08c43
08c47
08c4b
08c4f
08c53
08c57
08c5b
08c5f
06f32
06f36
06fd6
07002
0700a
07169
0717d
0730a
07393
073a2
07543
07549
0756e
07574
07588
0760e
076a2
076b1
076d3
07754
07762
07788
07cff
07d0f
07dab
07ded
07df6
07e86
07e8b
07f06
07f3d
07f46
07fd8
080d6
08671
08733
088df
088e3
088e7
088eb
08a4c
08a50
08a54
08b03
08b33
08b37
08c29
08c64
08c68
08c6c
08c70
08c74
08c78
08c7c
08c80
08c84
08c88
08c8c
08c90
08c94
08c98
070e5
07185
071a4
071af
071be
0731f
074b3
074b7
07545
075ad
075b3
075c7
076dc
076e2
0770d
07725
077b4
07839
07848
078f1
07916
07930
07d20
07dc3
07dcc
07e83
07f13
07f1c
07f92
07f9b
07fd4
07fda
080be
081fc
0881b
088dd
08a84
08a88
08a92
08a96
08b3a
08bef
08bf3
08bf7
08c9b
08c9f
08ca3
08ca7
08cab
08caf
08cb3
08cb7
08cbb
08cbf
08cc3
08cc7
08ccb
08ccf
08cd3
08cd7
0711a
0711e
071c4
071ed
071f3
07356
07363
074f2
07575
07584
075bb
075c1
075e8
075ee
07602
0771f
07748
07760
077ef
07922
07932
07954
07d39
07d48
07ddb
07e95
07e9e
07f2e
07f33
07fae
07fe2
07feb
08074
080ee
0857b
088d1
08abf
08ac3
08ac7
08ad1
08b75
08b79
08c2e
08c32
08c36
08c9d
08cdc
08ce0
08ce4
08ce8
08cec
08cf0
08cf4
08cf8
08cfc
08d00
08d04
08d08
08d0c
08d10
08d14
06ff1
071ff
0721e
0722e
07238
0739a
0744b
07459
0752f
075ef
075f9
07604
07625
0762f
07754
07762
07788
07822
07826
07963
07984
0799e
07d58
07ded
07df6
07ead
07ebf
07ec8
07f3e
07f47
07ffc
08002
080d6
082ca
08733
08951
08af8
08afc
08b06
08b0a
08bb4
08c63
08c67
08c6b
08cdc
08ce0
08d19
08d1d
08d21
08d25
08d29
08d2d
08d31
08d35
08d39
08d3d
08d41
08d45
08d49
08d4d
0702c
07030
0723e
07267
0726d
073cf
073df
0748d
07564
07568
07631
07637
0765e
07664
07678
076fa
0778f
0779b
077c3
0786b
07885
07998
07d71
07d80
07e05
07e41
07e4a
07eda
07edf
07f5a
0800a
08013
0809a
08102
085f9
0894b
089d1
089d5
089d9
089dd
08b3e
08b42
08b46
08bfb
08bff
08d19
08d52
08d56
08d5a
08d5e
08d62
08d66
08d6a
08d6e
08d72
08d76
08d7a
08d7e
08d82
08d86
08d8a
0706b
07148
0728e
072a2
072aa
0740e
07439
0743d
074cb
07665
07670
0767a
0769b
076a5
07733
07737
077d0
077f9
07811
0787f
078a4
078be
07d90
07e17
07e20
07e59
07ee9
07ef2
07f68
07f71
08024
0802a
080a6
08392
087a7
08863
08a10
08a14
08a18
08a1c
08b7d
08b81
08b85
08c3a
08d52
08d56
08d8f
08d93
08d97
08d9b
08d9f
08da3
08da7
08dab
08daf
08db3
08db7
08dbb
08dbf
08dc3
070a6
070aa
07144
07173
07179
072dc
072eb
07478
07502
07510
076a7
076ad
076d0
076d6
076ea
07770
07804
07813
07835
078b0
078c0
078e2
07da8
07db7
07e2f
07e6b
07e74
07f04
07f09
07f84
07fba
07fc3
0804e
08116
08671
08851
08a4b
08a4f
08a53
08a57
08bb8
08bbc
08bc0
08c6f
08c73
08ca3
08d8d
08d91
08dca
08dce
08dd2
08dd6
08dda
08dde
08de2
08de6
08dea
08dee
08df2
08df6
08dfa
07253
072f3
07316
07321
0732c
0748d
0761b
0761f
076a9
0770f
07715
07729
0783e
07844
0786b
07885
0790c
0798f
079a0
07a18
07a30
07a4c
07dc6
07e41
07e4a
07f01
07f91
07f9a
0800d
08015
0804a
08050
08102
081d6
0881b
08a02
08bf0
08bf4
08bf8
08c02
08ca6
08caa
08d59
08d5d
08dfd
08e01
08e05
08e09
08e0d
08e11
08e15
08e19
08e1d
08e21
08e25
08e29
08e2d
08e31
08e35
08e39
07288
0728c
07332
0735b
07361
074c5
074d1
07658
076d7
076e6
0771d
07723
0774a
07750
07764
0787f
078a4
078be
07945
07a3c
07a48
07a5f
07dd8
07de1
07e59
07f13
07f1c
07fac
07fb1
08025
08057
08060
080ca
0812a
08392
08863
08a83
08c2f
08c33
08c3d
08c41
08ce3
08d92
08d96
08d9a
08dff
08e3e
08e42
08e46
08e4a
08e4e
08e52
08e56
08e5a
08e5e
08e62
08e66
08e6a
08e6e
08e72
08e76
0715f
0736d
07390
0739c
073a6
07508
075b7
075c5
07693
07751
0775b
07766
07787
07791
078b0
078c0
078e2
07978
0797c
07a6c
07a80
07a9c
07df0
07e6b
07e74
07f2b
07f3d
07f46
07fbd
07fc5
08070
08076
08116
08195
08733
08a7c
08c64
08c68
08c6c
08c76
08d1c
08d20
08dc9
08dcd
08e3e
08e42
08e7b
08e7f
08e83
08e87
08e8b
08e8f
08e93
08e97
08e9b
08e9f
08ea3
08ea7
08eab
08eaf
0719a
0719e
073ac
073d5
073db
0753e
0754d
075f7
076c6
076ca
07793
07799
077c0
077c6
077da
07858
078e9
078f7
0791b
079b2
079ce
07a92
07e02
07e0b
07e83
07ebf
07ec8
07f58
07f5d
07fd5
0807d
08086
080e2
0813e
08318
088dd
08af7
08b41
08b45
08b49
08b4d
08cae
08cb2
08d61
08d65
08e7b
08eb4
08eb8
08ebc
08ec0
08ec4
08ec8
08ecc
08ed0
08ed4
08ed8
08edc
08ee0
08ee4
08ee8
08eec
071d9
072b6
073fc
07410
07418
0757c
075a5
075a9
07633
077c7
077d2
077dc
077fd
07807
0788f
07893
0792a
0794f
07969
079c4
079dc
079f8
07e1a
07e95
07e9e
07ed7
07f67
07f70
07fe5
07fed
08096
0809c
080ee
08263
087a7
089c5
08b7c
08b80
08b84
08b88
08ce7
08ceb
08cef
08d9e
08eb4
08eb8
08ef1
08ef5
08ef9
08efd
08f01
08f05
08f09
08f0d
08f11
08f15
08f19
08f1d
08f21
08f25
07214
07218
072b2
072e1
072e7
0744b
07459
075e2
07668
07676
07809
0780f
07832
07838
0784c
078ca
0795a
0796b
0798b
079e8
079f4
07a0b
07e2c
07e35
07ead
07ee9
07ef2
07f82
07f87
07ffd
08031
0803a
080b2
08152
082ca
08951
08a0f
08bbb
08bbf
08bc3
08bc7
08d24
08d28
08dd1
08dd5
08e05
08eef
08ef3
08f2c
08f30
08f34
08f38
08f3c
08f40
08f44
08f48
08f4c
08f50
08f54
08f58
08f5c
073c1
07461
07485
0748f
0749a
075f7
0777d
07781
0780b
0786d
07873
07889
07994
0799a
079b2
079ce
07a2c
07a8b
07a98
07b02
07b14
07b30
07c5a
07e44
07ebf
07ec8
07f7f
0800a
08013
08080
08088
080b1
08102
0830c
08331
08394
08af7
08bb9
08d5a
08d5e
08d68
08e08
08e0c
08ebb
08ebf
08f5f
08f63
08f67
08f6b
08f6f
08f73
08f77
08f7b
08f7f
08f83
08f87
08f8b
08f8f
08f93
08f97
073f6
073fa
074a0
074c9
074cf
0762d
07639
077ba
07839
07848
0787b
07881
078a6
078ac
078c2
079c4
079dc
079f8
07a56
07b20
07b2c
07b3d
07b8e
07e56
07e5f
07ed7
07f91
07f9a
08024
0802a
08097
080ba
080c0
08148
0836f
08392
08863
08bad
08d93
08d97
08da1
08da5
08e45
08ef4
08ef8
08efc
08f61
08f9e
08fa2
08fa6
08faa
08fae
08fb2
08fb6
08fba
08fbe
08fc2
08fc6
08fca
08fce
08fd2
072cd
074db
074ff
0750a
07514
0766e
07719
07727
077f5
078ad
078b5
078bc
078e1
078eb
079e8
079f4
07a0b
07a7a
07a7e
07b4a
07b58
07b74
07bbf
07e6e
07ee9
07ef2
07fa9
07fba
07fc3
08034
0803c
080c9
08116
0816f
08195
081fe
08a0f
08c2d
08dca
08dce
08dd8
08e7e
08e82
08f2b
08f2f
08f9c
08fd5
08fd9
08fdd
08fe1
08fe5
08fe9
08fed
08ff1
08ff5
08ff9
08ffd
09001
09005
09009
07308
0730c
0751a
07543
07549
076a2
076b1
07759
07828
0782c
078ed
078f3
07918
0791e
07934
079ae
07a12
07a1e
07a35
07aa8
07ac4
07b6a
07bdc
07e80
07e89
07f01
07f3d
07f46
07fd4
07fda
0804b
080d2
080d8
0815c
081eb
081fe
088dd
08c27
08cad
08cb1
08cb5
08cb9
08e10
08e14
08ec3
08ec7
08fd7
09010
09014
09018
0901c
09020
09024
09028
0902c
09030
09034
09038
0903c
09040
09044
07347
07424
0756c
0757e
07586
076de
07707
0770b
07795
0791f
07928
0792e
07953
0795d
079d6
079da
07a42
07a5a
07a76
07aba
07acc
07ae8
07c0d
07e98
07f13
07f1c
07f55
07fe2
07feb
0805a
08062
080e1
080ee
0823d
08263
082cc
08a83
08b3f
08cea
08cee
08cf2
08e49
08e4d
08e51
08f00
0900e
09047
0904b
0904f
09053
09057
0905b
0905f
09063
09067
0906b
0906f
09073
09077
0907b
07382
07386
07420
0744f
07455
075b7
075c5
07744
077ca
077d8
0795f
07965
07988
0798e
079a2
07a02
07a65
07a72
07a87
07ad8
07ae4
07af5
07c2a
07eaa
07eb3
07f2b
07f67
07f70
07ffc
08002
08071
080a2
080a8
08134
082b1
082cc
08951
08b2d
08d23
08d27
08d2b
08d2f
08e86
08e8a
08f33
08f37
08f65
09049
09082
09086
0908a
0908e
09092
09096
0909a
0909e
090a2
090a6
090aa
090ae
090b2
06b80
06bcc
06bd0
06bdf
0752d
07531
075cf
075f5
075fc
07754
07762
078d9
0795a
0796b
079b6
079c0
07a82
07a94
07a9a
07aad
07b63
07b70
07be6
07d0c
07ec2
07f3d
07f46
07ff8
0807d
08086
080d3
080f2
080f6
081eb
082ca
082d0
082d4
082d8
08317
08540
08c64
08eb9
08ebd
08ec1
08ecb
08f67
08f6b
09014
09018
090b6
090ba
090be
090c2
090c6
090ca
090ce
090d2
090d6
090da
090de
06be3
06bee
06c35
06c40
06c57
07566
07608
0762a
07635
0763f
07795
07910
07914
07998
079bb
079c6
079cc
079e0
079ea
07ab4
07ac0
07ad1
07c03
07c70
07ed4
07edd
07f55
0800a
08011
08096
0809c
080e3
080fe
08148
08329
08335
08339
0833d
08341
083ed
089d1
08d16
08ef6
08efa
08f04
08f08
08fa2
0904b
0904f
090b4
090e2
090e6
090ea
090ee
090f2
090f6
090fa
090fe
09102
09106
0910a
06c4e
06c94
06c98
06ca8
07439
0743d
07645
0766c
07672
077ca
077d8
0787f
07949
0794d
079eb
079f2
07a08
07a0e
07a24
07add
07af0
07b0c
07c34
07c95
07eec
07f67
07f70
08020
08031
0803a
080a3
08106
0810a
0816f
0836a
08396
0839a
0839e
083a2
08432
08b7b
08f29
08f2d
08f31
08f3b
08fd9
08fdd
09082
09086
090e4
0910e
09112
09116
0911a
0911e
09122
09126
0912a
0912e
09132
06a97
06a9b
06aaa
06caa
06cb6
07478
0767e
076a0
076ab
076b5
0780b
078b0
078c0
07980
07a0f
07a1a
07a20
07a34
07a3e
07afc
07b08
07b19
07c50
07cac
07efe
07f07
07f7f
07fba
07fc1
0804a
08050
080b3
08112
0815c
08195
0819b
0819f
081a3
081d5
08432
08a4a
08d8c
08e10
08e14
08e18
08e1c
08f6f
08f73
0901c
0910c
09136
0913a
0913e
09142
09146
0914a
0914e
09152
09156
0915a
0915e
06ab2
06afe
06b02
06b11
074b3
074b7
07594
076dc
076e2
07839
07848
07867
078e9
078f7
07a40
07a46
07a5c
07a62
07a78
07b26
07b38
07b54
07b98
07cd1
07f16
07f91
07f9a
07fd0
08057
08060
080bb
0811a
0811e
081e7
08200
08204
08208
0820c
0836e
084bc
08bef
08e49
08e4d
08e51
08e55
08fa6
08faa
09053
09057
09138
09162
09166
0916a
0916e
09172
09176
0917a
0917e
09182
09186
06b15
06b20
06b67
06b72
06b89
074f2
0758c
075b4
075bf
075c9
0771f
0789e
078a2
0792a
07a63
07a6e
07a74
07a86
07a8e
07b43
07b50
07b5f
07bb5
07ce8
07f28
07f31
07fa9
07fe2
07fe9
08070
08076
080cb
080ea
08134
0824e
08267
0826b
0826f
08273
084bc
08abe
08c9a
08e86
08e8a
08e8e
08e92
08fe1
08fe5
0908a
090b8
09160
0918a
0918e
09192
09196
0919a
0919e
091a2
091a6
091aa
091ae
06aaa
06bab
06baf
06c90
06caa
06cb6
06d83
06dbe
06dcc
07693
0772f
07751
0775b
07766
078b7
07a65
07a72
07aac
07ab6
07b5a
07b6c
07b72
07be6
07cb3
07db4
07f40
07fba
07fc1
0806c
080d2
080d8
08113
08130
08180
08199
0819d
081a7
081ab
082ae
082b2
082b6
082ba
084c1
08688
08c65
09012
09016
09020
09024
090be
091b0
091b4
091b8
091bc
091c0
091c4
091c8
091cc
091d0
091d4
06a91
06a95
06ab2
06b0b
06b22
06c14
06dc6
06dce
06e06
076c6
076ca
0776c
07793
07799
078e9
078f7
07a92
07ab1
07abc
07ac2
07ad0
07ada
07c03
07cca
07d23
07f52
07f5b
07fd0
0807d
08084
080e1
0811b
08138
0813c
081fc
08202
08206
08210
08251
08317
0831b
0831f
08504
08508
086c1
08e79
0904d
09051
0905b
090e6
090ea
091b2
091da
091de
091e2
091e6
091ea
091ee
091f2
091f6
091fa
06afa
06b15
06b20
06b78
06c75
06c79
06e0d
06e42
06e52
075a7
077a5
077c7
077d2
077dc
0792a
079be
079ca
07adb
07ae2
07af2
07af8
07b0e
07c34
07cef
07d45
07f6a
07fe2
07fe9
08092
080a2
080a8
080eb
08144
0824e
08267
0826b
08275
08279
08378
0837c
08380
08384
08545
0858c
08b7c
09080
09084
0908e
09092
09112
091d8
091fc
09200
09204
09208
0920c
09210
09214
09218
0921c
06a69
06a6d
06b61
06b7c
06b87
06bdf
06cef
06cfd
06e4c
075e0
075e4
077e2
07809
0780f
0795a
0796b
079ed
07af9
07b04
07b0a
07b18
07b22
07c50
07d05
07d5b
07f7c
07f85
07ff8
08031
08038
080b1
080f3
0814c
08150
0816f
08173
08177
082c9
082cf
082d3
082dd
082e1
083f0
083f4
0860a
08eef
08f6f
08f73
08f77
0913a
0913e
091fe
09222
09226
0922a
0922e
09232
09236
0923a
0923e
09242
06ad2
06bc6
06bca
06be7
06c40
06c57
06cf9
06d34
06d42
0761d
076f4
07830
07842
0784a
07998
07a12
07a1e
07b24
07b2a
07b3a
07b40
07b56
07b98
07c77
07d7d
07f94
0800a
08011
08046
080ba
080c0
080ff
08158
081d4
081d8
081dc
08328
08334
08338
0833c
08346
0836f
08437
0860a
08bf0
08fa6
08faa
08fae
08fb2
09166
09220
09244
09248
0924c
09250
09254
09258
0925c
09260
09264
06b37
06b3b
06c2f
06c49
06c55
06ca8
06d3c
06d44
06d7c
07656
0765a
076f0
0771d
07723
07877
07887
07a42
07b41
07b4c
07b52
07b5e
07b66
07bb5
07c8e
07d93
07fa6
07faf
08020
08057
0805e
080c9
08107
08124
08128
0823b
0823f
08243
08369
08395
08399
0839d
083a7
0847a
0847e
08688
08dfd
08fe1
08fe5
08fe9
0918a
0918e
091b6
09246
0926a
0926e
09272
09276
0927a
0927e
09282
09286
06c03
06c1c
06c3e
06c4c
06c55
06d0f
06d30
06d3e
06d47
06ec0
06ed0
06ed9
07b96
07c50
07c5a
07cd0
07e24
08045
08124
08303
0830e
0831b
08334
0834c
08371
083ac
0843a
08461
0847f
084ec
08503
085b0
085cd
085d1
085f3
0860c
08610
086b5
08780
087a9
087be
08859
08864
08875
0899e
089ca
089e1
089e5
08a8c
08b4f
09288
0928c
09290
09294
09298
0929c
092a0
092a4
092a8
092ac
06c62
06c77
06c7f
06ca6
06cb2
06d52
06d65
06d7c
06d87
06e42
06f07
06f13
0712f
07b91
07b9c
07bc2
07e33
0801f
08110
08166
08181
081ad
082ae
08375
0838c
083ae
0845c
08485
084b1
084c6
0853a
08574
085ef
08614
08618
08634
0864b
0864f
086ef
087c0
087e5
087fb
08878
088a2
088b2
089c0
08a07
08a1e
08a22
08ac9
08c37
092b1
092b5
092b9
092bd
092c1
092c5
092c9
092cd
092d1
092d5
06a77
06a80
06aa3
06ab0
06ab9
06da2
06daa
06dc1
06dcc
06f3e
06f4e
06f57
07bb5
07bbf
07be4
07d0b
07dd0
0806b
08138
08163
08188
0818f
081b1
081e8
08214
08316
083e8
084a1
084ca
084f6
0850b
0862c
08643
08655
08659
0867c
0868c
08690
087df
087ff
08830
0887a
088b5
088de
088ef
08a26
08a4c
08a5d
08a61
08bc9
092b0
092da
092de
092e2
092e6
092ea
092ee
092f2
092f6
092fa
06ad2
06ae2
06ae9
06b0f
06b1d
06d34
06de9
06dff
06e0d
06e16
06f85
06f91
0703b
07bdf
07bea
07c10
07ddf
07fcf
080e8
081ce
081d9
081f1
081ff
0821a
08254
0827d
08424
08435
0850d
0852e
08548
085f4
0866d
08692
08696
086ad
086c3
086c7
086eb
08705
08769
08836
088d3
08916
0892a
089cc
08a63
08a8e
08a9a
08a9e
08c06
092ff
09303
09307
0930b
0930f
09313
09317
0931b
0931f
09323
06b45
06b4e
06b71
06b7e
06b87
06e26
06e2e
06e46
06e50
06fb6
06fc6
06fcf
07c03
07c0d
07c32
07c94
07dfa
08091
0814c
08236
08253
0825c
0827e
082a1
082c1
0837e
083d6
083e1
083f8
08472
0854d
08571
0857d
08590
08594
086bb
086cd
086d1
08709
08735
08744
088f4
0892f
0895c
0896b
08a7d
08ac0
08ad5
08ad9
08b75
092fe
09328
0932c
09330
09334
09338
0933c
09340
09344
09348
06b97
06bad
06bb7
06bdd
06beb
06cc8
06cdb
06cf2
06cfd
06dbe
06e89
06e95
070bb
07c2d
07c38
07c5d
07e09
07ff7
080fc
08172
0829e
082aa
082c4
082e6
0830d
0834d
083cc
083fb
08425
0843f
084b6
08569
08586
08598
0859c
085bc
085d7
085db
08728
08748
08783
087ee
0894d
0898a
089a2
08a46
08add
08b02
08b10
08b14
08c7a
0934c
09350
09354
09358
0935c
09360
09364
09368
0936c
09370
06de2
06dec
06e01
06e0d
06e16
06ea7
06ec1
06ecc
06ed9
07037
07044
0704f
07b83
07c52
07c7d
07d07
07d10
07e9f
08142
081f5
0836d
084e7
084f2
0850d
08529
08548
085af
085dc
085fa
0860d
08683
08729
08749
0874d
0876b
08783
08789
08825
088f2
08917
08932
089c7
089d3
089e3
08b0c
08b3a
08b4f
08b54
08bfa
08cbb
0928a
0928e
0934c
09375
09379
0937d
09381
09385
09389
0938d
06e1c
06e25
06e2e
06e46
06e50
06ee3
06ef4
06f08
06f13
06fb5
0707a
07087
07290
07baa
07c70
07c77
07c97
07eb0
08091
0816c
0825c
083d1
083e0
083f6
08531
0853d
08551
08613
08634
0864a
086ae
086ee
08766
0878c
08790
087ab
087bf
087c6
0885f
0892f
08954
0896f
089ea
08a10
08a20
08b2e
08b77
08b8c
08b91
08c37
08d9b
092b2
09326
09391
09395
09399
0939d
093a1
093a5
093a9
093ad
06ccf
06cd8
06cec
06cf9
06d02
06f2d
06f33
06f47
06f52
070b1
070be
070c9
07bb7
07bed
07c90
07c9a
07cb9
07e4b
08156
081d3
082c3
083cd
083e5
083f9
08421
0843d
0857f
0862d
0865b
0867d
0868b
087a0
087b7
087cb
087cf
087f0
08801
08805
0894d
08971
089a2
089ed
08a27
08a4c
08a5d
08b95
08bba
08bcc
08bd0
08d31
092b6
092db
0934f
093b1
093b5
093b9
093bd
093c1
093c5
093c9
06d0c
06d18
06d20
06d37
06d42
06ec7
06f6f
06f80
06f89
06f96
070f4
07101
071a6
07bf8
07cac
07cb3
07cd3
07e5c
08045
081d7
0830f
08416
08427
0842e
08442
0846c
08486
085c7
08691
086ad
086c2
08768
087e0
08806
0880a
0881f
08833
0883a
08859
08873
088d9
089a8
08a41
08a85
08a98
08b38
08bd2
08bfc
08c09
08c0d
08d6c
09292
09304
093cd
093d1
093d5
093d9
093dd
093e1
093e5
093e9
06d59
06d62
06d76
06d83
06d8c
06fa5
06fab
06fbf
06fca
07125
07132
0713c
07b8d
07c33
07ccc
07cd6
07cf5
07e75
0812e
082a1
0838b
0845d
0846f
08483
084a5
084c4
08570
08578
0858e
085fd
086cb
086ec
086fa
0870d
08711
0882b
0883f
08843
08878
088a4
088b8
08a67
08aa1
08acb
08ad7
08beb
08c2e
08c43
08c48
08ce1
092b7
09329
0932d
093ed
093f1
093f5
093f9
093fd
09401
09405
06d98
06da1
06daa
06dc1
06dcc
06e65
06e76
06e8a
06e95
06f3d
07000
0700d
07220
07c2f
07ce8
07cef
07d0e
07e86
0806b
08189
082a9
084a0
084ab
084b8
084cc
084f0
08512
08595
085b5
085d4
08635
086e3
08700
08714
08718
08737
08751
08755
08896
088ba
088ed
0895e
08abb
08af9
08b0e
08bb2
08c4c
08c70
08c7f
08c83
08ddc
092e0
09352
093eb
0940c
09410
09414
09418
0941c
09420
09424
06f68
06f72
06f7e
06f8b
06f96
0701f
0703d
07046
0704f
071a7
071b2
071bd
07bcc
07c14
07d08
07d2f
07db0
07db8
07f1d
08423
084f1
0866d
08678
08691
086ab
086c2
08727
08756
08770
08787
087f5
08897
088b6
088be
088da
088ef
088fa
08995
08a63
08a86
08aa5
08b35
08b40
08b53
08c7c
08ca8
08cbb
08cc0
08d60
08e1d
092de
09304
09375
09427
0942b
0942f
09433
09437
0943b
0943f
06f9d
06fa6
06fae
06fbf
06fca
07059
0706a
07080
07087
07123
071e9
071f6
07406
07c08
07c75
07d23
07d29
07d47
07f2e
08257
0846b
0856f
0857c
0858e
086b2
086be
086d5
08780
087ab
087bc
08820
0885c
088d4
088f3
08900
08916
0892c
08937
089cd
08aa0
08ac2
08ae2
08b59
08b7d
08b90
08c9c
08ce3
08cf6
08cfb
08d9b
08efd
09309
0932f
09395
09445
09449
0944d
09451
09455
09459
0945d
06e6d
06e76
06e82
06e8f
06e9a
070a1
070a7
070bd
070c4
07221
0722c
07237
07c1d
07c61
07cb6
07d41
07d4a
07d67
07ec9
083e4
084b6
0856b
08583
08595
085b9
085d4
086fc
087a1
087d1
087ef
08801
0890e
08925
0893b
0893f
0895f
08972
08976
08abb
08ae3
08b0e
08b5c
08b96
08bba
08bcd
08cff
08d22
08d34
08d38
08e93
092b6
09351
093b1
0945f
09463
09467
0946b
0946f
09473
09477
06ea5
06eb0
06eb8
06ec9
06ed5
07036
070e1
070f5
070fd
07106
07263
0726f
07319
07c44
07cb1
07d5b
07d61
07d7f
07eda
0830e
084ec
085ae
085bf
085c6
085ce
085fe
0861d
0873f
087fd
0881f
08830
088d6
0894e
0896d
0897a
0898a
089a4
089ab
089c7
089e1
08a47
08b1a
08baf
08bf2
08c08
08ca6
08d3a
08d62
08d6f
08d73
08ece
0928c
09356
093d1
0947d
09481
09485
09489
0948d
09491
09495
06eeb
06ef4
06f00
06f0d
06f18
07115
0711b
07131
07138
07291
072a0
072ab
07b7e
07bc6
07cf2
07d79
07d82
07d9f
07ef3
0846e
0853a
085ef
08601
08613
08631
0864a
086ea
086f2
0870c
08775
0883d
0885a
08865
0887e
08882
08999
089af
089b3
089e9
08a12
08a2b
08bd6
08c10
08c39
08c47
08d53
08d92
08da7
08dac
08e43
09290
092b3
093ed
09497
0949b
0949f
094a3
094a7
094ab
094af
06f24
06f2c
06f36
06f47
06f52
06fdf
06ff0
07006
0700d
070af
0716f
0717b
07393
07bba
07ced
07d93
07d99
07db6
07f04
08188
083e7
0862c
08637
08644
08654
08676
0869c
08709
0872d
08742
087ac
08851
0886e
08884
08888
088a3
088c1
088c5
08a04
08a2c
08a5b
08aca
08c29
08c67
08c7e
08d1c
08db0
08dd2
08de1
08de5
08f3e
092d8
0932e
0940c
094b4
094b8
094bc
094c0
094c4
094c8
094cc
070d9
070e4
070f1
070fc
07106
0718d
071ac
071b5
071bd
07312
0731f
0732b
07bad
07ca3
07cda
07db1
07dcf
07e36
07f9b
085bd
08677
087e0
087eb
087fd
0881a
08830
08895
088c6
088de
088f0
08963
08a05
08a29
08a30
08a45
08a5d
08a61
08b01
08bca
08bf3
08c14
08ca3
08cac
08cbf
08dde
08e0a
08e1d
08e22
08ec2
08f7b
092bc
092de
092e5
092e9
09428
094cf
094d3
094d7
094db
094df
0710e
07116
0711e
0712c
07138
071c8
071d8
071ee
071f6
07297
07357
07363
07575
07bd6
07ccf
07d28
07dc9
07de0
07fac
0846e
085fd
086e8
086f7
08706
08822
0882e
08846
088f1
08916
0892a
0898d
089cc
08a42
08a66
08a6e
08a85
08a9a
08a9e
08b39
08c07
08c30
08c51
08cc5
08ce7
08cfa
08dfe
08e45
08e58
08e5d
08efd
09053
09303
0930a
0930e
093ed
09446
094e6
094ea
094ee
094f2
094f6
06fe9
06ff0
06ffd
07008
07012
07210
07215
0722b
07232
0738c
0739a
073a5
07bfb
07cdf
07d15
07d64
07de2
07df9
07f47
08582
08644
086e6
086fe
08709
08733
08742
08869
0890f
08940
0895c
0896c
08a7c
08a93
08aa9
08aad
08acc
08ad9
08ae4
08c29
08c4d
08c7e
08cc8
08d00
08d22
08d35
08e61
08e84
08e96
08e9a
08fed
0930a
0932e
09333
09337
09460
094f9
094fd
09501
09505
09509
0701d
07029
07030
07041
0704a
071a9
0724f
07264
0726c
07274
073d0
073de
07488
07c24
07cfc
07d60
07df3
07e0a
07f58
084f1
08674
08725
08738
0873e
0874a
08771
08786
088ad
0896d
0898a
089a2
08a46
08abc
08adf
08ae8
08af9
08b10
08b14
08b35
08b51
08bb3
08c7d
08d19
08d58
08d6e
08e08
08e9c
08ec4
08ed1
08ed5
09026
0934d
09357
0935b
09375
0947e
09510
09514
09518
0951c
09520
07062
0706a
07077
07082
0708c
07284
07289
0729f
072a6
07402
0740e
07419
07c48
07c67
07c9e
07d9c
07e0c
07e23
07f71
08600
086bc
08766
08777
08780
087a6
087bc
08858
0885e
08875
088e3
089ae
089c8
089d4
089e5
089f0
08b07
08b1d
08b21
08b50
08b7f
08b9a
08d3e
08d76
08d9d
08dab
08eb5
08ef5
08f09
08f0e
08f9f
0928b
09294
09298
09357
09498
09523
09527
0952b
0952f
09533
0709a
070a2
070aa
070b8
070c4
0714e
0715e
07174
0717b
07223
072dd
072ea
07502
07b88
07c93
07d98
07e1d
07e34
07f82
083e4
08587
087a0
087ac
087b8
087ca
087e5
08800
08877
0889a
088b0
08919
089bf
089dc
089f2
089f6
08a11
08a22
08a33
08b72
08b96
08bcb
08c38
08d8f
08dc8
08de0
08e7e
08f12
08f34
08f43
08f47
09094
092b4
092bc
092c0
093b1
094b5
0953a
0953e
09542
09546
0954a
07247
07252
0725f
0726c
07274
072fb
07315
07322
0732b
0747d
0748d
07499
07bb0
07c89
07d60
07dcc
07e4d
07eb4
08015
08738
087ea
0894e
08959
0896d
08987
089a2
08a03
08a34
08a4c
08a65
08ad1
08b73
08b98
08b9e
08bb5
08bcb
08bd0
08c6f
08d32
08d59
08d7a
08e05
08e0e
08e21
08f40
08f68
08f7b
08f80
0901a
090c2
092d9
093b1
093b7
093bb
094ce
0954d
09551
09555
09559
0955d
0727a
07283
0728c
0729d
072a6
07335
07346
0735c
07363
07401
074c0
074d1
076d7
07c46
07caa
07da2
07e47
07e5e
08027
08600
08775
08857
08864
0887b
0898f
0899c
089b5
08a63
08a85
08a98
08afc
08b38
08bb0
08bd5
08bdc
08bf2
08c08
08c0d
08ca7
08d6d
08d94
08db5
08e27
08e49
08e5c
08f5e
08fa1
08fb4
08fb9
09053
09164
09305
093d3
093d7
09499
094e5
09564
09568
0956c
09570
09574
07155
0715e
0716b
07178
07180
0737d
07383
07399
073a1
074f7
07508
07513
07b84
07cc5
07d98
07df6
07e60
07e77
07fc5
086fd
087b8
08854
0886b
08877
088a0
088b0
089d8
08a7d
08aae
08acb
08ae1
08bea
08c01
08c17
08c1b
08c3a
08c48
08c52
08d8f
08db1
08de0
08e2a
08e62
08e84
08e97
08fbd
08fde
08ff0
08ff4
09116
092b7
093ed
093f3
093f7
094f8
09577
0957b
0957f
09583
09587
0718a
07197
0719e
071b0
071b8
07311
073bd
073cc
073da
073e2
0753a
0754c
075f2
07c27
07ce6
07db3
07e71
07e88
07fd7
08677
087e8
08894
088a6
088ac
088bc
088e0
088f8
08a1b
08add
08af9
08b0e
08bb2
08c2a
08c4e
08c56
08c67
08c7e
08c83
08ca3
08cbd
08d1d
08ddf
08e7b
08eba
08ed0
08f66
08ff6
0901c
09029
0902d
09140
09353
0940e
09412
09429
0950f
0958e
09592
09596
0959a
0959e
071cf
071d8
071e7
071f2
071fa
073f1
073f7
0740d
07414
0756b
0757c
07587
07bd1
07d00
07d28
07e20
07e8a
07ea1
07fed
08776
0882c
088d4
088e5
088f1
08913
0892a
089c6
089ce
089e3
08a51
08b1c
08b36
08b41
08b54
08b5e
08c75
08c8b
08c8f
08cbc
08ce9
08d04
08ea0
08ed8
08eff
08f0d
0900d
0904a
0905f
09064
090e6
0928b
09376
0937c
0940e
09522
095a1
095a5
095a9
095ad
095b1
07206
0720f
07218
07229
07232
072bb
072cc
072e2
072ea
0738b
07446
07457
07668
07bf9
07c6e
07d6a
07e9b
07eb2
07fff
08582
08701
0890e
08919
08926
0893b
08954
08972
089e9
08a09
08a1e
08a88
08b2d
08b4a
08b60
08b64
08b7e
08b91
08ba1
08cde
08d00
08d33
08d9c
08ef1
08f2b
08f42
08fd8
09068
0908a
09099
0909d
09190
09326
09397
0939b
09461
09539
095b8
095bc
095c0
095c4
095c8
073b5
073c0
073ca
073da
073e2
07469
07484
07490
07499
075e7
075f7
07603
07c1c
07c8d
07d3d
07e4a
07ecb
07f32
08088
082dc
088a6
08958
08abc
08ac7
08add
08af6
08b0e
08b71
08ba2
08bba
08bd4
08c3f
08cdf
08d02
08d08
08d1f
08d33
08d38
08dd1
08e94
08ebb
08edc
08f63
08f6c
08f7f
09096
090be
090c5
090c9
09192
09351
09461
09466
0946a
0954c
095cb
095cf
095d3
095d7
095db
073e9
073f2
073fa
07409
07414
074a3
074b4
074ca
074d1
0756a
07628
0763a
07839
07c4d
07d56
07e26
07ec5
07edc
08099
08335
08776
088e3
089c5
089d3
089ee
08afe
08b0a
08b23
08bd2
08bf2
08c08
08c6a
08ca6
08d1a
08d3d
08d44
08d58
08d6e
08d73
08e09
08ecf
08ef7
08f17
08f85
08fa6
08fb8
090b4
090e8
090ef
090f3
091dc
093d0
09480
09484
09523
09563
095e2
095e6
095ea
095ee
095f2
072c4
072cc
072d6
072e6
072ee
074eb
074f1
07507
0750e
0765d
0766e
07679
07b7d
07cc9
07d75
07e74
07ede
07ef5
0803c
083a4
0886a
08926
089c2
089da
089e9
08a0f
08a1e
08b45
08beb
08c1c
08c39
08c50
08d52
08d67
08d7d
08d81
08d9e
08dac
08db6
08ef1
08f13
08f42
08f88
08fbe
08fde
08ff1
090f5
09116
0911b
0918a
092b2
09499
0949e
094a2
09576
095f5
095f9
095fd
09601
09605
072f7
07305
0730c
0731b
07326
0747c
0752b
0753b
07548
07550
0769e
076b0
07754
07bb2
07d8e
07dd2
07eef
07f06
0804d
08199
087ea
08956
08a02
08a14
08a1a
08a2e
08a4e
08a6a
08b89
08c4c
08c67
08c7e
08d1c
08d90
08db2
08dba
08dc8
08de0
08de5
08e05
08e1f
08e7f
08f41
08fd5
09012
09028
090bc
0911f
09140
09145
09224
0940b
094b7
094bb
094cf
0958d
0960c
09610
09614
09618
0961c
0733d
07346
07350
07360
07368
0755f
07565
0757b
07582
076cd
076de
076e9
07bcb
07d04
07dac
07e9e
07f08
07f1f
08062
0820e
088e4
0899a
08a42
08a53
08a63
08a82
08a98
08b34
08b3c
08b53
08bbf
08c8a
08ca4
08cad
08cc0
08cca
08dd7
08ded
08df1
08e1e
08e4b
08e66
08ffa
09030
09055
09063
09136
09166
0916d
09171
09303
0942a
0942f
094b7
095a0
0961f
09623
09627
0962b
0962f
07375
0737e
07386
07395
073a1
07429
0743a
07450
07457
074f6
075b2
075c4
077ca
07c00
07d1e
07dfc
07f19
07f30
08073
08267
086fd
0886f
08a7c
08a88
08a94
08aa9
08ac2
08ae4
08b58
08b77
08b8e
08bf5
08c9b
08cb6
08ccc
08cd0
08ce8
08cfb
08d0b
08e40
08e62
08e95
08efe
09047
09080
09098
09110
09173
09190
09197
09268
09394
09448
0944c
094f9
095b7
09636
0963a
0963e
09642
09646
07523
0752e
07539
07548
07550
075d5
075ee
075fa
07603
07749
07759
07765
07cde
07d3e
07ddc
07ec8
07f49
07fb0
080d7
081b4
082bb
082dc
08a14
08ac6
08c2a
08c35
08c4c
08c64
08c7e
08cdd
08d0c
08d22
08d3c
08da3
08e41
08e64
08e6a
08e81
08e95
08e9a
08f33
08fee
09013
09034
090b9
090c4
09175
091b4
091bb
091bf
0940a
094f9
094fe
09502
095ca
09649
0964d
09651
09655
09659
07557
07560
07568
07578
07582
0760d
0761c
07632
0763a
076cc
0778a
0779c
0798f
07d04
07dee
07ea4
07f43
07f5a
080e1
08210
0831d
08335
088e4
08a51
08b33
08b40
08b5d
08c6c
08c78
08c91
08d3a
08d58
08d6e
08dcb
08e08
08e7c
08e9f
08ea6
08eba
08ed0
08ed5
08f67
09027
0904c
0906d
090cc
090ee
0919b
091c1
091df
091e3
0947e
09511
09515
095a1
095e1
09660
09664
09668
0966c
09670
07431
0743a
07445
07454
0745c
07651
07657
0766d
07675
077bf
077d0
077db
07c66
07d76
07e06
07ef2
07f5c
07f73
080a7
08282
08385
083a4
089d9
08a94
08b30
08b47
08b58
08b7b
08b8e
08cb1
08d53
08d82
08d9d
08db4
08eb4
08ec9
08edf
08ee3
08f00
08f0e
08f18
09047
09069
09098
090cf
090f6
09118
091d8
09200
09205
09393
09523
09528
0952c
095f4
09673
09677
0967b
0967f
09683
07467
07472
0747a
0748a
07494
075e6
0768f
0769f
076ac
076b4
07800
07811
078b0
07c8d
07e18
07e50
07f6d
07f84
080b1
08173
08199
082de
08958
08ac4
08b70
08b81
08b88
08b9c
08bbc
08bd8
08cf3
08db0
08dc8
08de0
08e7e
08ef2
08f14
08f1c
08f2b
08f42
08f47
08f63
08f7d
08fd9
09097
0910d
0913c
09144
09209
09227
0922b
094b5
0953b
0953f
0954d
0960b
0968a
0968e
09692
09696
0969a
074ab
074b4
074bf
074ce
074d6
076c1
076c7
076dd
076e4
0782f
07840
0784b
07ca2
07dad
07e30
07f1c
07f86
07f9d
080bf
081e0
0820e
08350
08a52
08b08
08bb0
08bc1
08bd2
08bef
08c08
08ca2
08caa
08cbf
08d27
08dec
08e06
08e0f
08e22
08e2c
08f39
08f4f
08f53
08f7c
08fa8
08fc2
09123
0914a
0916c
09220
09248
0924d
093cf
094d0
094d5
0953b
0961e
0969d
096a1
096a5
096a9
096ad
074e2
074ec
074f4
07504
0750e
07597
075a6
075bc
075c4
0765c
07714
07725
07922
07cc9
07dc4
07e7a
07f97
07fae
080c9
08241
08267
083a6
0886a
089dd
08bea
08bf5
08c02
08c17
08c30
08c52
08cc4
08ce3
08cf8
08d5b
08dfd
08e18
08e2e
08e32
08e4a
08e5d
08e6d
08f9c
08fbe
08fef
09054
09161
0918c
09196
09251
0926d
09271
09446
094e7
094eb
09577
09635
096b4
096b8
096bc
096c0
096c4
07687
07692
0769d
076ac
076b4
07737
07750
0775c
07765
078a5
078b5
078c0
07d8a
07ddd
07e5a
07f46
07fc6
08029
08116
0817b
08194
0819c
081ad
081b8
082b5
083ad
084b0
08b81
08c34
08d90
08d99
08db0
08dc7
08dea
08e41
08e7e
08e85
08ea2
08f06
08faf
08fc4
08fc8
08fdf
08ff2
08ffc
0910d
09120
0918a
091ba
09253
092c3
09565
0957b
0957f
0960c
096c6
096ca
096ce
096d2
096d6
076b8
076c2
076ca
076da
076e4
0776f
0777e
07794
0779c
0782e
078e4
078f5
07a8b
07dad
07e6c
07f22
07fc3
07fd4
0811c
08162
081e2
081fb
08203
08214
0821f
0831d
08444
08a52
08bbf
08ca1
08cae
08cca
08dce
08dde
08e79
08ea3
08ec2
08ed2
08f2f
08f67
08fe8
08ffe
09002
0901d
0902b
09035
09137
0914a
091b0
091de
09273
0950e
0958d
09592
0961e
0965e
096dc
096e0
096e4
096e8
096ec
0759d
075a6
075b1
075c0
075c8
077b3
077b9
077cf
077d6
07917
07928
07932
07d1a
07e07
07e84
07f70
07fd9
07fee
080ee
08217
08254
08267
08277
08284
08288
08385
08534
08b46
08c02
08c9e
08cb3
08cc4
08ce7
08d04
08e19
08eb7
08ef5
08f01
08f18
0900f
09032
09039
0904b
09061
09066
090e7
0916b
09195
091d8
09202
09311
0958f
095a5
095a9
09636
096ee
096f2
096f6
096fa
096fe
075d3
075dc
075e4
075f4
075fe
07748
077f1
07801
0780e
07816
07956
07968
079e8
07d3e
07e96
07ece
07feb
07ffc
080f4
08173
08236
082a6
082c9
082d1
082e2
082ed
083d6
08ac6
08c32
08cdc
08ceb
08cf2
08d06
08d25
08e4d
08eef
08f19
08f32
08f44
08fd9
0905a
09070
09074
0908b
0909b
090a3
090c5
09190
091e8
09209
09228
09538
095b7
095bc
095ca
09688
09704
09708
0970c
09710
09714
07613
0761c
07627
07636
0763e
07823
07829
0783f
07846
07985
07996
079a0
07d52
07e31
07eae
07f9a
08001
08016
08102
081e0
082e5
08324
08335
08345
08352
08356
08513
08bc0
08c76
08d1a
08d29
08d3a
08d57
08d7a
08e06
08e0e
08e28
08e8f
08f54
08f69
08f7d
08f82
0901b
0909f
090a7
090b5
090cc
0913a
09220
0924a
0935e
0954d
09552
09556
095e2
09716
0971a
0971e
09722
09726
07648
07652
0765a
0766a
07675
076f9
07708
0771e
07725
077be
07872
07884
07a3c
07d76
07e42
07ef8
08013
08024
08108
08241
08304
08371
08391
08399
083aa
083b6
08460
089d9
08b4b
08d52
08d5b
08d68
08d7d
08d95
08dfd
08e2d
08e47
08e5c
08ebe
08f60
08f87
08f8e
08fa2
08fb6
08fbb
09054
090ed
09119
09230
09251
0926e
094e4
09563
09568
095f4
096b2
0972c
09730
09734
09738
0973c
077ea
077f4
077ff
0780e
07816
07893
078ac
078b8
078c0
079dd
079ed
079f9
07e14
07e5b
07ed8
07fc1
0803d
0809b
08152
0816e
08179
0818c
081b6
0833e
08397
083b3
083da
083f5
08402
084b0
08590
08b83
08cf2
08ef0
08efb
08f07
08f20
08f42
08f9d
08fd8
08fdf
08ffc
0905c
090f8
090fe
09113
0911b
09125
091fd
0920a
092c3
09577
095f6
095fb
09687
096c7
09741
09745
09749
0974d
0781b
07824
0782c
0783c
07846
078c9
078d8
078ee
078f5
07984
07a0d
07a1e
07b63
07e31
07eea
07fa0
0803a
0804a
08158
08162
081a7
081d5
081e0
081f3
0821d
0839f
083ce
0841f
0843d
08447
084f5
0867d
08d26
08dcd
08e0e
08e2b
08f30
08f3c
08f55
08ffd
0901a
0902a
09084
090bd
09122
09129
0913d
09145
0914f
09225
0924b
0935f
095f8
0960e
09612
0969f
09752
09756
0975a
0975e
09762
076ff
07708
07713
07722
0772a
0790b
07911
07927
0792f
07a31
07a42
07a4c
07dc0
07e85
07f02
07fe9
0804f
08063
0812a
081be
08200
08217
08243
0824b
08265
0828b
0844b
08469
08489
0848e
0860e
08bf7
08d5c
08dfe
08e14
08e1b
08e34
08e5a
08f71
0900f
0904a
09057
0906e
09138
09151
09155
0916c
09171
09245
09252
09291
095a1
09620
09625
096b1
096ef
09767
0976b
0976f
09773
07735
0773e
07746
07756
07760
078a4
07947
07957
07964
0796b
07a61
07a72
07ad8
07ddd
07f14
07f4c
08060
08070
08130
08208
08236
08275
082a6
082b7
082bf
082eb
083d9
08490
084b4
084ce
084d3
0864d
08ced
08da4
08e4b
08e52
08e67
08e86
08ea2
08fb1
0906f
09088
0909a
09111
09175
0917d
0918d
09197
0919f
091bb
0926a
09338
09622
09638
0963c
0964b
09778
0977c
09780
09784
09788
07775
0777e
07789
07798
077a0
07979
0797f
07995
0799d
07a81
07a92
07a9c
07dea
07eaf
07f2c
08011
08075
08089
0813e
0828c
082ce
082e5
08317
08322
08333
0835b
084a3
084ef
08509
08516
085b3
08b3f
08dcc
08e7a
08e8a
08e91
08eaa
08ed0
08f64
08f6c
08f86
08fe9
090aa
090bf
090c7
090d1
0919b
091a3
091b1
091c2
092df
0954d
095ce
095d2
0965d
09717
0978d
09791
09795
09799
077aa
077b4
077bc
077cc
077d6
07857
07866
0787c
07884
07916
079b9
079ca
07b20
07e07
07ec0
07f76
08086
08096
08144
082d6
08304
08343
08371
08381
08389
083b4
08463
0851a
08538
08552
08558
086c5
08cb0
08d5d
08ebb
08ec8
08ede
08ef7
08f18
08f8b
08fa3
08fb8
09016
090b6
090d3
090d7
090ee
090f3
09165
091dd
09203
09312
095ce
095e4
095e8
09675
0979e
097a2
097a6
097aa
097ae
06c49
0793f
0794a
07955
07964
0796b
079da
079ec
079f4
07a5a
07ad3
07ae4
07c34
07e92
07ed9
07f56
08038
080a8
080e3
08205
08238
08282
082a5
082cc
0837f
08396
083d2
083d8
083f5
08505
0854c
08576
0858c
08591
085a2
086d7
087b1
08e54
09048
09051
09068
0907f
090a2
090f5
09112
09121
091e5
091ed
09200
09206
09325
09338
0933c
095b6
09673
09678
0967c
097b0
097b4
097b8
06c8e
07970
0797a
07982
07992
0799d
07a01
07a0e
07a1b
07a23
07af1
07b02
07b0c
07c5e
07eaf
07f68
08019
080a5
080ae
08173
08199
081d5
08272
082df
082f1
08312
0834e
083f9
0841d
0843d
08544
0856a
085b5
085ca
085d8
085e1
08747
08e88
08f30
08f6e
08f8a
09086
09096
0910c
0912c
09142
091fc
09210
09214
09228
0922c
09352
09360
09364
0960b
0968b
0968f
09718
097be
097c2
097c6
06aae
0785d
07866
07871
07880
07887
07a2b
07a38
07a45
07a4c
07b1b
07b2c
07b98
07e3e
07f03
07f80
0805e
080b3
080c0
081e0
0820e
082d3
08306
08350
08370
08394
083f1
08417
08460
08469
08482
085cc
085fa
0860d
08611
086b5
08825
08ebe
08f60
08f73
08f84
08fa6
08fc2
09149
09166
09177
0922d
09236
09248
0924e
09288
0929c
092a0
09562
0969d
096a2
096a6
097c8
097cc
097d0
06af8
07891
0789b
078a2
078b2
078bc
079dc
07a58
07a6b
07a72
07b39
07b4a
07b55
07bc3
07e5b
07f92
07fc9
080bd
080c6
08168
08186
081ad
08242
08268
08339
083a6
083b2
0844c
08483
084b0
084c4
08574
08613
0863c
0864c
08650
086ef
08e4f
08f06
08faa
08fb0
08fc4
08fe1
09160
09180
09194
09244
09258
0925c
0926e
09272
092b5
092c5
092c9
09635
096b5
096b9
096c8
097d6
097da
097de
06b7c
078cf
078d8
078e3
078f2
078f9
07a7b
07a8a
07a95
07a9c
07b61
07b70
07be6
07e68
07f2d
07faa
08084
080cb
080d8
081a9
081b5
081ed
08214
082b6
082cf
0839a
0847b
084a1
084ee
084f7
0850c
0862d
08672
08687
0868d
0869e
087fe
08f2f
08fd6
08fe5
08ff6
09011
09034
090bc
090c6
091a0
091b8
091be
0926a
0927a
092d7
092ea
092ee
0958c
0964a
0964f
096b5
097e0
097e4
097e8
06bc6
07902
0790c
07914
07924
0792f
079ad
079ba
079c7
079ce
07aa9
07aba
07ac4
07c11
07e85
07f3e
07ff1
080d5
080de
0819d
081cf
08217
08251
08262
08284
08323
08344
084d6
0850d
08534
08548
085f4
08691
086b6
086c4
086c8
08769
08e12
08ebf
09015
09022
09037
0904d
090b4
090d8
090ee
091b0
091c8
091cc
091e0
091e4
09304
09313
09317
095e1
09661
09665
096f0
097ee
097f2
097f6
06af5
06afc
06b0c
06b18
06b20
06e0b
07a5e
07a6d
07a75
07ad4
07ae0
07ae8
07cef
07f10
07f57
07fd3
080a3
080ed
08120
081d0
081f9
08206
08217
08227
08249
0825a
08275
0827d
08287
082b0
08386
0845e
08490
084bd
08534
08574
0857d
0859d
086ca
086f0
08705
0870e
087b0
0887c
08e4f
08fb1
09173
09194
091da
09202
092b8
0931a
093ef
093fb
09673
096f1
096f5
09778
097fa
097fe
06b58
06b60
06b68
06b79
06b84
06e34
07a7c
07a8a
07a97
07a9f
07b01
07b08
07b58
07d10
07f2d
07fe4
0808c
080ea
080f3
08173
08235
08240
08269
08271
08280
08290
082bd
082d0
082e0
082ec
082f0
083d9
084a3
084d5
08502
0856a
085b3
085bc
085dd
086e4
0872d
08742
08752
087ed
0895b
08fe3
090b8
090d1
091a7
09210
0922f
09338
09354
09416
0941a
096f1
09707
0970b
09802
09806
0980a
06bc3
06bca
06bda
06be6
06bee
06cf7
079b6
079c5
079cd
07aa9
07b25
07b2c
07c77
07ebc
07f81
07ffb
080bb
080f8
08101
081e0
0829e
082c7
082d4
082e5
082f5
08311
08328
08343
0834f
08355
0837a
084bf
08513
0852f
0854f
085af
085f2
085fb
0861b
08745
08770
08785
0878a
088f5
08ebf
09022
090cb
090ee
09222
0924a
0928c
0935e
09377
09383
0969d
09719
0971d
0979e
0980e
09812
06c26
06c2e
06c36
06c47
06c52
06d26
079d8
079e4
079f3
079fb
07b40
07b4d
07b55
07c9a
07ed9
0800c
08040
080fe
08107
0816e
08247
08305
0832e
0833b
08349
0835c
08369
08388
083a4
083ac
083b7
083d4
083ee
08460
0854c
085cf
08613
0863c
0864a
086ee
08780
087b2
087bf
087c7
08933
0904e
090e2
090fc
09125
09258
09275
092a4
09327
0939f
093a3
09719
0972f
09733
09816
0981a
0981e
06c8b
06c92
06ca2
06cae
06cb6
06d81
07a0a
07a19
07a20
07af1
07b69
07b70
07cb3
07ee6
07fab
08023
080d3
0810c
08115
08169
08186
0819c
081ad
081b8
081d5
082bb
0838c
0839a
083a2
083ba
083c0
083ff
08427
08441
08542
0862d
08672
0867f
08699
087a1
087e4
087f9
08802
08899
08f30
09090
0911f
09142
091b6
091c7
092b6
092da
093b3
093bf
09649
096ca
096ce
09752
09822
09826
06a8a
06a92
06a9a
06aab
06ab6
06db0
07a2c
07a38
07a47
07a4f
07ab9
07ac0
07b14
07cd6
07f03
07fbc
08066
08112
0811b
08161
08171
0819b
081a3
081b2
081c2
081e6
08202
08212
0821e
08222
0831e
083f0
08444
0846c
08486
08655
08691
086b4
086c2
08768
087fd
08826
08833
0883b
089a7
08f71
09136
09151
09179
091c8
091e7
092ea
09306
093db
093df
096c9
096df
096e3
0982a
0982e
09832
06acd
06ad4
06b0f
06b19
06b20
06c40
06d28
06d3d
06d44
06f90
07b46
07b50
07c0a
07da1
07fcf
08047
080e8
08129
0815c
081cf
081dc
08218
08243
0824b
0827b
0830f
08339
08416
08430
0843a
0844e
08461
0847f
0848c
08534
0860e
08633
0864a
086b5
086f0
08705
08808
08858
08864
08875
08881
0899e
08a8c
09246
0925f
09290
0929d
09319
094a3
094a7
09753
09769
097d4
09836
0983a
06b30
06b38
06b50
06b7b
06b84
06c96
06d6a
06d7d
06d86
06d8d
07b60
07b6d
07b74
07db5
07fa9
08057
080d3
08126
0812f
081ea
0823e
08266
082a6
082b7
082bf
082ec
0838b
083a0
0845a
08475
08483
08493
084a7
084c4
084d1
08574
0864d
08672
08689
086e5
0872d
08742
0883f
08877
088a2
088b2
088c4
08a21
08fe4
091c6
09279
092b9
0932e
0940c
094c0
09649
0977a
0977e
0983e
09842
09846
06aa4
06ba8
06baf
06bdd
06be7
06bee
06db2
06dc7
06dcf
06e94
07ab6
07ac0
07c57
07d31
07ff7
0806d
080fc
08134
0813d
0818e
081a3
0829d
082b7
082e6
08316
08322
0834d
0841b
084a2
084c0
084cc
084da
084f6
0850b
08518
0866c
0869d
086b1
086d8
08728
0876a
08783
08895
088d7
088ed
088f9
08992
08b00
091b2
091cf
092de
092eb
09366
09433
09437
09779
0978f
097ec
0984a
0984e
06b00
06c0b
06c13
06c1e
06c4b
06c52
06df4
06e07
06e10
06e18
07ad2
07ae0
07ae8
07d46
07f55
0807d
080a3
0813a
08143
081ef
08204
082a3
0831a
08334
08369
0837f
08387
083b5
084e5
084ff
0850d
0851d
0852d
08548
08556
08570
08581
085a2
086ca
08759
08782
087b2
087c4
088d2
08915
0892a
08936
089cc
09050
091eb
0920e
092a4
09309
09395
09451
09673
097a0
097a4
09852
09856
0985a
06b72
06c72
06c79
06ca6
06caf
06cb6
06e36
06e4b
06e52
06f12
07afe
07b08
07bbc
07d69
0801f
08093
08110
08148
08151
08169
08176
0817f
081af
08259
0826c
0837c
08395
083d1
083da
083f6
08403
084b3
08544
08550
0855e
08590
085bb
085d4
0863f
087a2
087e7
087f9
08899
0892e
0895c
0896b
08975
08ad8
091fe
09217
092b6
09327
09352
0946b
0946f
09740
09744
097bc
0985e
09862
06a61
06a6a
06a82
06aad
06ab6
06bce
06ce0
06cf3
06cfc
06d04
07b1a
07b29
07b30
07d7e
07f7f
08031
080bb
0814e
08157
08161
08172
081b0
081da
081e2
081f3
08224
082c6
082d9
083cd
083f1
083fd
0840b
08425
0843f
08449
085af
085e0
085ff
08620
087d3
087ff
08826
08838
0894c
08989
089a2
089aa
08a46
08f72
09234
09256
092ea
0934f
093d1
09489
0969d
09754
09758
09866
0986a
0986e
081af
081b9
083ad
083b3
083c2
08402
084b0
084b4
08544
0855a
08560
08618
0864d
08662
08f05
08f9b
08fbd
08fc5
08fcc
090fd
09253
09260
092c5
092ce
093bc
0946b
09542
096cc
09741
09748
097d8
09823
0985e
09871
09875
09879
0987d
09881
09885
09889
0988d
09891
09895
09899
0989d
098a1
098a5
098a9
098ad
098b1
098b5
098b9
098bd
098c1
098c5
098c9
098cd
098d1
098d5
098d9
081b0
081bc
081c7
08216
08220
083ef
083f3
08409
08444
08452
084f7
08655
08664
0868e
08f38
08f3c
08fd6
08ffd
09003
09122
0912e
0927a
092e4
092ee
092f7
093e1
0948d
096de
096e5
09756
097e2
0982b
09866
0986a
09873
098de
098e2
098e6
098ea
098ee
098f2
098f6
098fa
098fe
09902
09906
0990a
0990e
09912
09916
0991a
0991e
09922
09926
0992a
0992e
09932
09936
0993a
0993e
09942
08219
08228
0827b
08285
08293
08436
0844c
08454
0848c
08534
08538
08696
086c5
086da
08e19
0900d
0902f
09038
0903e
09152
091c4
091d0
09313
0931c
093f8
094a3
094ee
096f4
09767
0976e
097f0
097fb
09836
098de
098e2
09947
0994b
0994f
09953
09957
0995b
0995f
09963
09967
0996b
0996f
09973
09977
0997b
0997f
09983
09987
0998b
0998f
09993
09997
0999b
0999f
099a3
099a7
0827e
0828a
08295
082e4
082ee
083d6
083da
0847b
08491
08499
084d1
08590
085a5
086cf
08e52
08e56
09048
0906f
09075
09175
09182
091ed
09332
0933c
09345
0941c
094c4
09706
0970d
0977c
097b2
09803
0983e
09842
09947
099ac
099b0
099b4
099b8
099bc
099c0
099c4
099c8
099cc
099d0
099d4
099d8
099dc
099e0
099e4
099e8
099ec
099f0
099f4
099f8
099fc
09a00
09a04
09a08
09a0c
09a10
082e7
082f6
0834d
08353
08361
0841d
084be
084c2
084d8
08513
08521
0859a
085d7
085e4
08e8f
08f62
09096
090a6
090ac
091a2
0920c
09218
09360
09369
09380
09433
09518
0971c
0978d
09794
097c0
0980f
0984a
099ac
099b0
09a15
09a19
09a1d
09a21
09a25
09a29
09a2d
09a31
09a35
09a39
09a3d
09a41
09a45
09a49
09a4d
09a51
09a55
09a59
09a5d
09a61
09a65
09a69
09a6d
09a71
09a75
08349
08358
08363
083ac
083b7
08460
08464
08505
0851b
08523
08556
085cf
085e6
08610
08ec8
08ecc
08f60
08f8b
08f91
090ce
090da
09236
09296
092a0
092a9
093a5
09455
0972e
09735
097a2
097ca
09817
09852
09856
09879
09a13
09a17
09a7c
09a80
09a84
09a88
09a8c
09a90
09a94
09a98
09a9c
09aa0
09aa4
09aa8
09aac
09ab0
09ab4
09ab8
09abc
09ac0
09ac4
09ac8
09acc
09ad0
09ad4
09ad8
0825e
08359
08365
083f7
08404
0854c
08551
08564
08592
0863c
08640
086cf
0878e
08797
087c5
09059
0905d
090e4
090fb
09102
091e8
091f4
0933a
09343
09398
093a1
093a9
09471
095c0
09743
097b2
09817
0985e
0987d
09881
09885
09889
0988d
099b3
099b7
099bb
09a7a
09add
09ae1
09ae5
09ae9
09aed
09af1
09af5
09af9
09afd
09b01
09b05
09b09
09b0d
09b11
09b15
09b19
09b1d
09b21
082c3
082c7
083bf
083f9
083fe
08413
0843f
08449
08598
085a7
085d9
0867b
0867f
087cd
087fc
08811
09090
0910c
0911f
0912a
09130
09212
09358
09362
0936b
093bc
093c5
09487
09518
09754
0975b
097c0
09866
0986a
098e4
098e8
098ec
098f0
098f4
09a1a
09a1e
09a22
09adb
09adf
09b28
09b2c
09b30
09b34
09b38
09b3c
09b40
09b44
09b48
09b4c
09b50
09b54
09b58
09b5c
09b60
09b64
09b68
081c2
0832a
0832e
0843c
08450
0847f
08486
0849b
085d1
0860e
08625
086b6
08808
08813
08839
08f75
08f79
09138
09150
09156
09230
0923c
0929e
092a7
093d4
093dd
093e5
094a9
0956c
09769
097ca
0982b
09836
098f7
0994d
09951
09955
09959
09a7b
09a7f
09a83
09a87
09b28
09b6b
09b6f
09b73
09b77
09b7b
09b7f
09b83
09b87
09b8b
09b8f
09b93
09b97
09b9b
09b9f
09ba3
09ba7
09bab
08225
08230
0838d
08483
08488
0849d
084c6
084d3
08574
08578
08618
0864d
08662
0870e
0883f
0884a
08fb0
09160
09173
0917e
09184
0925a
092bd
092c7
092d0
093f8
09401
094be
09542
0977a
09781
097d8
0983e
09842
09894
09898
0989c
099be
099c2
099c6
099ca
099ce
09b6b
09b6f
09bb2
09bb6
09bba
09bbe
09bc2
09bc6
09bca
09bce
09bd2
09bd6
09bda
09bde
09be2
09be6
09bea
09bee
09bf2
08190
0828c
08297
084ca
084da
08509
08512
08525
085b5
08655
08664
0868e
08714
0871f
08752
08fe7
08feb
090ba
091a0
091a6
09273
09280
092ec
092f5
0940f
09418
09420
09439
09596
0978f
097e2
09803
0984a
098f9
098fd
09901
099d1
09a27
09a2b
09a2f
09a33
09a37
09bb2
09bf5
09bf9
09bfd
09c01
09c05
09c09
09c0d
09c11
09c15
09c19
09c1d
09c21
09c25
09c29
09c2d
09c31
09c35
081f5
081f9
082f7
0850d
08511
08527
0854a
08558
085f2
085f6
08696
086c5
086da
0874d
0877f
08799
09022
090b4
090cb
090d6
090dc
091ca
0930b
09315
0931e
09380
09389
0944f
094ee
097a0
097a7
097f0
09852
09856
09962
09966
0996a
09a88
09a8c
09a90
09a94
09a98
09ae1
09ae5
09bf7
09c3a
09c3e
09c42
09c46
09c4a
09c4e
09c52
09c56
09c5a
09c5e
09c62
09c66
09c6a
09c6e
09c72
09c76
0820a
08225
08230
08473
0851b
08523
0858f
0859f
086ca
086d1
086de
0870e
087b0
087b4
08841
088f3
08905
08936
091d8
091e5
091ef
091f6
0933a
09343
093f2
093fb
09403
0944f
09457
09503
0963e
097b4
09852
0995e
099b4
099b8
099bc
099d5
09a88
09ae8
09bb5
09bb9
09bbd
09c79
09c7d
09c81
09c85
09c89
09c8d
09c91
09c95
09c99
09c9d
09ca1
09ca5
09ca9
09cad
09cb1
09cb5
09cb9
0826f
08273
08290
084b6
084ba
0855c
08595
0859c
085ab
085d6
085de
08714
0871f
08752
087ed
087f1
0893c
08970
0897f
091fe
09210
09216
09358
09362
0936b
09415
0941e
09465
0946e
09475
09596
097be
09803
09861
099d2
09a1b
09a1f
09a23
09a3c
09b2b
09b2f
09bfc
09c00
09c04
09c7b
09cbe
09cc2
09cc6
09cca
09cce
09cd2
09cd6
09cda
09cde
09ce2
09ce6
09cea
09cee
09cf2
09cf6
09cfa
082d8
082f3
082fe
08409
084fb
084ff
085ce
085df
0860b
08612
08627
0874d
0877f
08799
08826
08967
08981
089aa
09220
0922d
09238
0923e
0929e
092a7
0937a
09383
0938b
09487
0948f
0952d
095ea
097cc
09866
098e4
09a7c
09a80
09a84
09a9b
09a9f
09b72
09c39
09c3d
09c41
09cbe
09cc2
09cff
09d03
09d07
09d0b
09d0f
09d13
09d17
09d1b
09d1f
09d23
09d27
09d2b
09d2f
09d33
09d37
0833d
08341
0835e
0844c
08454
0853c
08613
0861a
08629
0864c
0865c
086ee
086f2
08790
087bf
087d4
0887f
089a0
089b8
09246
09258
0925e
092bd
092c7
092d0
0939e
093a7
0949d
094a6
094ad
095c0
097d6
09817
09839
09894
09898
0989c
098a0
0994a
09aec
09af0
09af4
09bc1
09bc5
09cff
09d3c
09d40
09d44
09d48
09d4c
09d50
09d54
09d58
09d5c
09d60
09d64
09d68
09d6c
09d70
09d74
09d78
083a0
083ba
083c6
083e9
08491
08499
08654
0865d
08689
08690
086a5
0872d
087cb
087d6
08802
08879
0888d
088c2
091b4
0926a
0927c
09282
092ec
092f5
093b6
093bf
093c7
094be
094c6
094d9
09614
097e4
0983e
09890
098fb
098ff
09903
09907
099be
09b33
09b37
09b3b
09c08
09d3c
09d40
09d7d
09d81
09d85
09d89
09d8d
09d91
09d95
09d99
09d9d
09da1
09da5
09da9
09dad
09db1
09db5
081a1
081a5
081c2
0842c
08430
084d8
08691
08698
086a7
086c4
086d4
08768
0876c
0880a
08833
08848
088bd
088f5
08907
091b2
091c8
091ce
0930b
09315
0931e
093da
093e3
0942d
09436
0943d
0956c
097ee
0982b
0984d
09960
09964
09968
0996c
09970
09b76
09b7a
09b7e
09c45
09c49
09c81
09d7b
09d7f
09dbc
09dc0
09dc4
09dc8
09dcc
09dd0
09dd4
09dd8
09ddc
09de0
09de4
09de8
09dec
09df0
081d1
08219
08228
08434
08438
0844e
08603
08607
08696
08705
0870d
08721
0883d
08845
0887c
0888b
08920
089a0
089b8
08a6d
08a9b
08ab0
0930e
093f2
093fb
09403
094a3
094ab
094e8
094f1
09582
096bd
09834
098de
0995e
09bb6
09bba
09bbe
09bc8
09c84
09c88
09d43
09d47
09d4b
09df5
09df9
09dfd
09e01
09e05
09e09
09e0d
09e11
09e15
09e19
09e1d
09e21
09e25
09e29
09e2d
09e31
08236
0827e
0828a
08295
0847b
08491
08499
08644
086cd
086dc
08712
0871a
08742
08751
0875e
08885
088b9
088c8
0895d
08aa3
08ab2
08ada
09332
09343
09415
0941e
094b8
094c1
094c8
09503
09508
09615
09803
09843
099b2
099d2
09bfd
09c01
09c0b
09c0f
09cc5
09d80
09d84
09d88
09df3
09df7
09e38
09e3c
09e40
09e44
09e48
09e4c
09e50
09e54
09e58
09e5c
09e60
09e64
09e68
09e6c
09e70
0829f
082e7
082f6
084be
084c2
084d8
08598
085a7
08683
08745
0874e
08760
08785
0878b
088b6
088ca
088f9
08992
08996
08ae7
08b11
08b24
0935b
0937a
09383
0938b
09433
0943b
09512
0951b
095ac
09669
09848
099ac
09a26
09c3a
09c3e
09c42
09c4c
09d02
09d06
09dbb
09dbf
09dc3
09e38
09e73
09e77
09e7b
09e7f
09e83
09e87
09e8b
09e8f
09e93
09e97
09e9b
09e9f
09ea3
09ea7
09eab
08304
08349
08358
08363
08505
0851b
08523
085d1
086ba
086be
0878c
08794
087bc
087c4
087d8
0885e
088f3
08905
08936
089e4
089f9
08b1e
09296
092a7
0939e
093a7
09449
09452
09459
0952d
09532
0963f
09817
09857
09a7a
09a89
09aef
09af3
09af7
09afb
09c8c
09c90
09c94
09d4f
09e73
09e77
09eb2
09eb6
09eba
09ebe
09ec2
09ec6
09eca
09ece
09ed2
09ed6
09eda
09ede
09ee2
09ee6
09eea
0816a
083af
083be
08542
08546
0855c
08585
08589
08618
087c0
087ce
087da
087fb
08805
08899
0889d
0893c
08970
0897f
089f3
08a21
08a36
092c0
093b6
093bf
093c7
0946b
09473
0953c
09545
09558
09693
0985c
09877
09890
09b32
09b36
09b3a
09b3e
09cc9
09ccd
09cd1
09d8c
09d90
09eb2
09eed
09ef1
09ef5
09ef9
09efd
09f01
09f05
09f09
09f0d
09f11
09f15
09f19
09f1d
09f21
09f25
08162
081b0
081bc
081c7
083f1
08407
0840f
085c6
08655
08664
08806
0880e
08830
08838
0884e
088d8
08967
08981
089aa
08a29
08a38
08a60
092e4
092f5
093da
093e3
09481
0948a
09491
094d9
094de
095eb
0982b
0986b
098e4
098f9
09b79
09b7d
09b81
09b85
09d0a
09d0e
09d12
09dc7
09df9
09dfd
09eef
09f2a
09f2e
09f32
09f36
09f3a
09f3e
09f42
09f46
09f4a
09f4e
09f52
09f56
09f5a
09f5e
0832c
08417
0843a
08443
08458
085d1
08779
0877d
0880a
08873
0887b
0888f
089ae
089b4
089e4
089f9
08a8e
08b16
08b26
08bdb
08c06
08c1e
09299
093d4
093e4
094a3
094ab
09527
09530
09567
09570
0967d
09834
0994b
09b26
09d42
09d46
09d4a
09d54
09dfe
09e02
09eb7
09ebb
09ebf
09f63
09f67
09f6b
09f6f
09f73
09f77
09f7b
09f7f
09f83
09f87
09f8b
09f8f
09f93
09f97
09f9b
09f9f
0838b
0838f
0845e
08485
08495
08616
08623
087b8
0883f
0884a
08883
08889
088b0
088b8
088cc
089f3
08a21
08a36
08acb
08c12
08c20
08c48
092bd
092ce
093f5
094b8
094c1
094c8
09542
09547
09583
09614
096d3
09843
099bf
09bb6
09d83
09d87
09d91
09d95
09e3d
09ef2
09ef6
09efa
09f61
09f65
09fa6
09faa
09fae
09fb2
09fb6
09fba
09fbe
09fc2
09fc6
09fca
09fce
09fd2
09fd6
09fda
09fde
08190
084a1
084c8
084cd
084e2
08657
08714
0871f
087f5
088b4
088bf
088ce
088ef
088fb
08a29
08a38
08a60
08b00
08b04
08c55
08c7a
08c92
092e7
0940f
0941f
09433
0943b
094d3
094dc
09591
0959a
096a7
09848
098f9
09bb0
09dba
09dbe
09dc2
09dcc
09e78
09e7c
09f2b
09f2f
09f33
09fa6
09fe1
09fe5
09fe9
09fed
09ff1
09ff5
09ff9
09ffd
0a001
0a005
0a009
0a00d
0a011
0a015
0a019
081f5
081f9
084e8
0850f
0851f
08694
086a3
0874d
0882a
0882e
088fd
08903
0892a
08932
08946
089cc
08a66
08a73
08a9d
08b4f
08b67
08c8c
0930b
0931c
0937d
09449
09452
09459
094ee
094f3
095ad
0963e
096fb
09857
09a89
09c3a
09c8d
09c91
09c95
09c99
09e06
09e0a
09e0e
09ec3
09fe1
09fe5
0a020
0a024
0a028
0a02c
0a030
0a034
0a038
0a03c
0a040
0a044
0a048
0a04c
0a050
0a054
0a058
0825e
083d2
0854c
08551
08564
086cf
086ff
08703
08790
0892e
0893e
08948
0896b
08975
08a07
08a0b
08aaa
08ad8
08aed
08b61
08b8c
08ba4
09335
09398
093a8
0946b
09473
094fd
09506
095bb
095c4
09653
0985c
0987d
09ae1
09cca
09cce
09cd2
09cd6
09e41
09e45
09e49
09efe
09f02
0a020
0a05b
0a05f
0a063
0a067
0a06b
0a06f
0a073
0a077
0a07b
0a07f
0a083
0a087
0a08b
0a08f
0a093
082c3
082c7
083ce
083fb
0840b
08598
085a7
0873e
087cb
087d6
08977
0897d
089a2
089a6
089bc
08a46
08adf
08aef
08b13
08b98
08ba6
08bce
09358
09369
093b9
09481
0948a
09491
09518
0951d
09559
095ea
09723
0986b
09a1a
09b32
09d0b
09d0f
09d13
09d17
09e80
09e84
09e88
09f37
09f67
09f6b
0a05d
0a098
0a09c
0a0a0
0a0a4
0a0a8
0a0ac
0a0b0
0a0b4
0a0b8
0a0bc
0a0c0
0a0c4
0a0c8
0a0cc
084fd
085af
085cc
085d3
085ea
0874d
088e7
088eb
08979
089e1
089e8
089fd
08b1c
08b22
08b4f
08b67
08bfc
08c85
08c94
08d43
08d6c
08d84
09299
0937a
0938a
09484
09527
09530
095a6
095af
095ea
095ef
096fc
09a7d
09cbe
09eb6
09eba
09ebe
09ec8
09f6c
09f70
0a025
0a029
0a02d
0a0d1
0a0d5
0a0d9
0a0dd
0a0e1
0a0e5
0a0e9
0a0ed
0a0f1
0a0f5
0a0f9
0a0fd
0a101
0a105
0a109
0a10d
0853a
0853e
085f0
08615
0861e
0878e
08797
08926
089a0
089b8
089f1
089f7
08a1e
08a25
08a3a
08b61
08b8c
08ba4
08c39
08d78
08d86
08dac
092bd
092ce
0939b
0949d
094ac
09542
09547
095c2
095f9
09602
09693
0974b
09aed
09d42
09ef5
09ef9
09f03
09f07
09fab
0a060
0a064
0a068
0a0cf
0a0d3
0a114
0a118
0a11c
0a120
0a124
0a128
0a12c
0a130
0a134
0a138
0a13c
0a140
0a144
0a148
0a14c
083e9
0862d
08652
08659
08668
087cd
08879
0888d
08963
08a26
08a31
08a3c
08a5d
08a69
08b98
08ba6
08bce
08c6e
08c72
08db9
08ddc
08df4
092e7
093b6
093c6
094bb
094d3
094dc
09552
0955b
09614
09619
09724
098f9
09d3c
09f2a
09f2e
09f32
09f3c
09fe6
09fea
0a099
0a09d
0a0a1
0a114
0a14f
0a153
0a157
0a15b
0a15f
0a163
0a167
0a16b
0a16f
0a173
0a177
0a17b
0a17f
0a183
0a187
0842c
08430
0866e
08693
0869b
08808
08813
088bd
08998
0899c
08a6b
08a71
08a98
08a9f
08ab4
08b3a
08bd5
08be1
08c0b
08cbb
08cd3
08dee
0930b
0931c
093d7
0942d
0943c
094ee
094f3
0956e
09623
0962c
096bd
09771
09b77
09dbb
09e07
09e0b
09e0f
09e13
09f74
09f78
09f7c
0a031
0a14f
0a153
0a18e
0a192
0a196
0a19a
0a19e
0a1a2
0a1a6
0a1aa
0a1ae
0a1b2
0a1b6
0a1ba
0a1be
0a1c2
0a1c6
08473
08570
086ca
086d1
086de
08841
0886d
08871
088ff
08aa0
08aac
08ab6
08ad7
08ae2
08b75
08b79
08c18
08c43
08c5b
08ccd
08cf6
08d0e
09335
093f2
09402
0944c
094fd
09506
0957c
09585
0963e
09643
096d4
099b2
09c7f
09e42
09e46
09e4a
09e4e
09faf
09fb3
09fb7
0a06c
0a070
0a18e
0a1c9
0a1cd
0a1d1
0a1d5
0a1d9
0a1dd
0a1e1
0a1e5
0a1e9
0a1ed
0a1f1
0a1f5
0a1f9
0a1fd
0a201
084b6
084ba
0856c
08597
085a0
08714
0871f
088ac
08930
08944
08ae5
08aeb
08b0e
08b15
08b2a
08bb4
08c4e
08c5d
08c81
08d02
08d10
08d36
09358
09369
09412
09465
09474
09518
0951d
09598
095cf
095d8
09669
09797
09bfb
09cca
09e81
09e85
09e89
09e8d
09fee
09ff2
09ff6
0a0a5
0a0d5
0a0d9
0a1cb
0a206
0a20a
0a20e
0a212
0a216
0a21a
0a21e
0a222
0a226
0a22a
0a22e
0a232
0a236
0a23a
08683
08727
08745
0874e
08760
088bd
08a55
08a59
08ae7
08b51
08b57
08b6b
08c8a
08c90
08cbb
08cd3
08d62
08de7
08df6
08ea5
08ece
08ee6
0937d
0942d
0943c
09515
095a5
095ae
09624
0962d
09668
0966d
09771
09c3a
09e36
0a024
0a028
0a02c
0a036
0a0da
0a0de
0a193
0a197
0a19b
0a23f
0a243
0a247
0a24b
0a24f
0a253
0a257
0a25b
0a25f
0a263
0a267
0a26b
0a26f
0a273
0a277
0a27b
086ba
086be
08766
0878c
08794
088f3
08905
08a94
08b16
08b26
08b5f
08b65
08b8e
08b94
08ba8
08ccd
08cf6
08d0e
08d9d
08eda
08ee8
08f0e
09398
093a8
0944c
09527
09530
095c0
095c5
09640
09677
09680
09710
097b6
09c8b
09eb7
0a063
0a067
0a071
0a075
0a119
0a1ce
0a1d2
0a1d6
0a23d
0a241
0a282
0a286
0a28a
0a28e
0a292
0a296
0a29a
0a29e
0a2a2
0a2a6
0a2aa
0a2ae
0a2b2
0a2b6
0a2ba
08587
087a1
087c0
087ce
087da
0893c
089ec
089fb
08ad1
08b95
08b9f
08baa
08bcd
08bd7
08d02
08d10
08d36
08dd0
08dd4
08f1b
08f3e
08f56
093b9
09465
09474
0953f
09551
0955a
095d0
095d9
09692
09697
09797
09b32
09eb0
0a098
0a09c
0a0a0
0a0aa
0a154
0a158
0a207
0a20b
0a20f
0a282
0a2bd
0a2c1
0a2c5
0a2c9
0a2cd
0a2d1
0a2d5
0a2d9
0a2dd
0a2e1
0a2e5
0a2e9
0a2ed
0a2f1
0a2f5
085c4
085c8
087e0
08806
0880e
08967
08981
08a2f
08b06
08b0a
08bd9
08bdf
08c08
08c0e
08c22
08ca8
08d3d
08d49
08d71
08e1d
08e35
08f50
093d4
093e4
09484
094d3
094dc
0956c
09571
095ec
096a1
096aa
09738
097ce
09d09
09f2b
09f75
09f79
09f7d
09f81
0a0e2
0a0e6
0a0ea
0a19f
0a2bd
0a2c1
0a2fc
0a300
0a304
0a308
0a30c
0a310
0a314
0a318
0a31c
0a320
0a324
0a328
0a32c
0a330
0a334
08605
086ea
08834
08842
0884c
089b0
089db
089df
08a6d
08c0f
08c1a
08c24
08c47
08c51
08ce1
08ce5
08d7e
08da7
08dbf
08e2f
08e58
08e70
093f5
0949d
094ac
094eb
0957b
09584
095fa
09603
096bc
096c1
0974b
09bb6
09df9
09fb0
09fb4
09fb8
09fbc
0a11d
0a121
0a125
0a1da
0a1de
0a2fc
0a337
0a33b
0a33f
0a343
0a347
0a34b
0a34f
0a353
0a357
0a35b
0a35f
0a363
0a367
0a36b
0a36f
08642
08646
086e6
08712
0871a
08879
0888d
08a1a
08aa3
08ab2
08c53
08c59
08c7e
08c84
08c98
08d1e
08db2
08dc1
08de3
08e64
08e72
08e98
0940f
0941f
094bb
094fd
09506
09596
0959b
09616
0964d
09656
096e8
097e6
09d81
09e43
09fef
09ff3
09ff7
09ffb
0a15c
0a160
0a164
0a213
0a243
0a247
0a339
0a374
0a378
0a37c
0a380
0a384
0a388
0a38c
0a390
0a394
0a398
0a39c
0a3a0
0a3a4
0a3a8
087f5
08895
088b4
088bf
088ce
08a2f
08bc3
08bc7
08c55
08cbd
08cc3
08cd7
08dec
08df2
08e1d
08e35
08ec4
08f49
08f58
09001
09026
09040
09430
094d3
094dc
09593
09623
0962c
096a2
096ab
096e4
096ea
097ce
0990c
09f2b
09fed
0a194
0a198
0a1a2
0a1a6
0a24a
0a2ff
0a303
0a307
0a3ab
0a3af
0a3b3
0a3b7
0a3bb
0a3bf
0a3c3
0a3c7
0a3cb
0a3cf
0a3d3
0a3d7
0a3db
0a3df
0a3e3
0a3e7
0882a
0882e
088d4
088fd
08903
08a66
08a73
08c02
08c85
08c94
08ccb
08cd1
08cf8
08cfe
08d12
08e2f
08e58
08e70
08eff
09032
09042
09064
09449
09458
094eb
095a5
095ae
0963e
09643
096be
096f2
096fb
09784
097fe
09c8b
09fe1
0a1cf
0a1d3
0a1d7
0a1e1
0a285
0a289
0a33e
0a342
0a346
0a3ad
0a3ec
0a3f0
0a3f4
0a3f8
0a3fc
0a400
0a404
0a408
0a40c
0a410
0a414
0a418
0a41c
0a420
0a424
08701
0890f
0892e
0893e
08948
08aaa
08b5b
08b69
08c3f
08cff
08d09
08d14
08d35
08d3f
08e64
08e72
08e98
08f32
08f36
09073
09094
090ae
09468
094fd
09506
095bd
095cf
095d8
0964e
09657
0970c
09712
097e6
099da
09e43
0a061
0a208
0a20c
0a216
0a21a
0a2c4
0a373
0a377
0a37b
0a3ec
0a3f0
0a429
0a42d
0a431
0a435
0a439
0a43d
0a441
0a445
0a449
0a44d
0a451
0a455
0a459
0a45d
0873c
08740
0894e
08977
0897d
08adf
08aef
08b9d
08c74
08c78
08d41
08d47
08d6e
08d74
08d88
08e0a
08e9f
08eab
08ed3
08f7b
08f95
090a8
09481
09490
09515
09551
0955a
095ea
095ef
0966a
0971a
09723
097aa
09812
09d09
0a05b
0a0e1
0a0e5
0a0e9
0a0ed
0a24e
0a252
0a256
0a30b
0a30f
0a429
0a462
0a466
0a46a
0a46e
0a472
0a476
0a47a
0a47e
0a482
0a486
0a48a
0a48e
0a492
0a496
0a49a
0877b
08858
0899e
089b2
089ba
08b1e
08b49
08b4d
08bdb
08d75
08d80
08d8a
08dab
08db5
08e43
08e47
08ee0
08f09
08f21
08f8f
08fb4
08fce
094a0
09527
09530
09569
095f9
09602
09678
09681
09734
0973a
097b6
09aa2
09eb7
09f73
0a120
0a124
0a128
0a12c
0a28d
0a291
0a295
0a34a
0a462
0a466
0a49f
0a4a3
0a4a7
0a4ab
0a4af
0a4b3
0a4b7
0a4bb
0a4bf
0a4c3
0a4c7
0a4cb
0a4cf
0a4d3
087b6
087ba
08854
08883
08889
089ec
089fb
08b88
08c12
08c20
08db7
08dbd
08de0
08de6
08dfa
08e80
08f14
08f23
08f45
08fc0
08fd0
08ff2
094b8
094c7
0953f
0957b
09584
09614
09619
09694
096ca
096d3
0975e
09826
09d81
09f61
0a15b
0a15f
0a163
0a167
0a2c8
0a2cc
0a2d0
0a37f
0a383
0a3b3
0a49d
0a4a1
0a4da
0a4de
0a4e2
0a4e6
0a4ea
0a4ee
0a4f2
0a4f6
0a4fa
0a4fe
0a502
0a506
0a50a
08963
08a03
08a26
08a31
08a3c
08b9d
08d2b
08d2f
08db9
08e1f
08e25
08e39
08f4e
08f54
08f7b
08f95
0901c
0909f
090b0
09128
09140
0915c
094d6
09551
0955a
09611
096a1
096aa
0971d
09725
0975a
09760
09812
098e6
09f2b
0a112
0a300
0a304
0a308
0a312
0a3b6
0a3ba
0a469
0a46d
0a50d
0a511
0a515
0a519
0a51d
0a521
0a525
0a529
0a52d
0a531
0a535
0a539
0a53d
0a541
0a545
0a549
08998
0899c
08a42
08a6b
08a71
08bd5
08be1
08d68
08de7
08df6
08e2d
08e33
08e5a
08e60
08e74
08f8f
08fb4
08fce
09055
0914c
09158
0916f
094e8
094f1
09569
09623
0962c
096bc
096c1
09735
09767
09770
097da
0983a
09aa2
09f73
0a193
0a33f
0a343
0a34d
0a351
0a3f3
0a4a2
0a4a6
0a4aa
0a50f
0a54e
0a552
0a556
0a55a
0a55e
0a562
0a566
0a56a
0a56e
0a572
0a576
0a57a
0a57e
0a582
0a586
0886f
08a7d
08aa0
08aac
08ab6
08c18
08cc7
08cd5
08da3
08e61
08e6b
08e76
08e97
08ea1
08fc0
08fd0
08ff2
09088
0908c
0917c
09190
091ac
09500
0957b
09584
0963b
0964d
09656
096cd
096d5
09780
09786
09826
098a5
09e43
0a18c
0a374
0a378
0a37c
0a386
0a42c
0a430
0a4d9
0a4dd
0a54e
0a552
0a58b
0a58f
0a593
0a597
0a59b
0a59f
0a5a3
0a5a7
0a5ab
0a5af
0a5b3
0a5b7
0a5bb
0a5bf
088aa
088ae
08abc
08ae5
08aeb
08c4e
08c5d
08d07
08dd6
08dda
08ea3
08ea9
08ed0
08ed6
08eea
08f68
08ff9
09007
0902b
090c2
090de
091a2
09512
0951b
09593
095cf
095d8
09668
0966d
096e5
0978d
09796
097f2
0984e
09a28
09fed
0a207
0a251
0a255
0a259
0a25d
0a3be
0a3c2
0a471
0a475
0a58b
0a5c4
0a5c8
0a5cc
0a5d0
0a5d4
0a5d8
0a5dc
0a5e0
0a5e4
0a5e8
0a5ec
0a5f0
0a5f4
0a5f8
0a5fc
088e9
089c6
08b0c
08b20
08b28
08c8c
08cb5
08cb9
08d43
08ed7
08ee2
08eec
08f0d
08f17
08f9f
08fa3
0903a
0905f
09079
090d4
090ec
09108
0952a
095a5
095ae
095e7
09677
09680
096f5
096fd
097a6
097ac
097fe
09973
09eb7
0a0d5
0a28c
0a290
0a294
0a298
0a3f7
0a3fb
0a3ff
0a4ae
0a5c4
0a5c8
0a601
0a605
0a609
0a60d
0a611
0a615
0a619
0a61d
0a621
0a625
0a629
0a62d
0a631
0a635
08924
08928
089c2
089f1
089f7
08b5b
08b69
08cf2
08d78
08d86
08f19
08f1f
08f42
08f48
08f5c
08fda
0906a
0907b
0909b
090f8
09104
0911b
0953c
09545
095bd
095f9
09602
09692
09697
0970d
09741
0974a
097c2
09862
099da
0a061
0a11f
0a2cb
0a2cf
0a2d3
0a2d7
0a434
0a438
0a4e1
0a4e5
0a515
0a5ff
0a603
0a63c
0a640
0a644
0a648
0a64c
0a650
0a654
0a658
0a65c
0a660
0a664
0a668
0a66c
08ad1
08b71
08b95
08b9f
08baa
08d07
08e8d
08e91
08f1b
08f7d
08f83
08f99
090a4
090aa
090c2
090de
0913c
0919b
091a8
09212
09224
09240
0936a
09554
095cf
095d8
0968f
0971a
09723
09790
09798
097c1
09812
09a1c
09a41
09aa4
0a207
0a2c9
0a46a
0a46e
0a478
0a518
0a51c
0a5cb
0a5cf
0a66f
0a673
0a677
0a67b
0a67f
0a683
0a687
0a68b
0a68f
0a693
0a697
0a69b
0a69f
0a6a3
0a6a7
08b06
08b0a
08bb0
08bd9
08bdf
08d3d
08d49
08eca
08f49
08f58
08f8b
08f91
08fb6
08fbc
08fd2
090d4
090ec
09108
09166
09230
0923c
0924d
0929e
09566
0956f
095e7
096a1
096aa
09734
0973a
097a7
097ca
097d0
09858
09a7f
09aa2
09f73
0a2bd
0a4a3
0a4a7
0a4b1
0a4b5
0a555
0a604
0a608
0a60c
0a671
0a6ae
0a6b2
0a6b6
0a6ba
0a6be
0a6c2
0a6c6
0a6ca
0a6ce
0a6d2
0a6d6
0a6da
0a6de
0a6e2
089dd
08beb
08c0f
08c1a
08c24
08d7e
08e29
08e37
08f05
08fbd
08fc5
08fcc
08ff1
08ffb
090f8
09104
0911b
0918a
0918e
0925a
09268
09284
092cf
0957e
095f9
09602
096b9
096ca
096d3
09744
0974c
097d9
09826
0987f
098a5
0990e
0a11f
0a33d
0a4da
0a4de
0a4e8
0a58e
0a592
0a63b
0a63f
0a6ac
0a6e5
0a6e9
0a6ed
0a6f1
0a6f5
0a6f9
0a6fd
0a701
0a705
0a709
0a70d
0a711
0a715
0a719
08a18
08a1c
08c2a
08c53
08c59
08db2
08dc1
08e69
08f38
08f3c
08ffd
09003
09028
0902e
09044
090be
09122
0912e
09145
091b8
091d4
0927a
092ec
09590
09599
09611
0964d
09656
096e4
096ea
0975b
097e2
097e8
0986c
098fb
0990e
09fed
0a337
0a3bd
0a3c1
0a3c5
0a3c9
0a520
0a524
0a5d3
0a5d7
0a6e7
0a720
0a724
0a728
0a72c
0a730
0a734
0a738
0a73c
0a740
0a744
0a748
0a74c
0a750
0a754
08a57
08b34
08c7c
08c8e
08c96
08dee
08e17
08e1b
08ea5
0902f
09038
0903e
09063
0906d
090e6
090ea
09152
0916a
09186
091ca
091dc
091f8
0931d
095a8
09623
0962c
09665
096f2
096fb
0976a
09772
097f1
097fe
0994d
09973
099dc
0a193
0a24f
0a3fa
0a3fe
0a402
0a559
0a55d
0a561
0a610
0a71e
0a757
0a75b
0a75f
0a763
0a767
0a76b
0a76f
0a773
0a777
0a77b
0a77f
0a783
0a787
0a78b
08a92
08a96
08b30
08b5f
08b65
08cc7
08cd5
08e54
08eda
08ee8
0906f
09075
09098
0909e
090b2
09112
09175
09182
09197
091e8
091f4
09205
0933a
095ba
095c3
0963b
09677
09680
0970c
09712
09781
097b2
097b8
09844
099c1
099dc
0a061
0a23d
0a433
0a437
0a43b
0a43f
0a596
0a59a
0a643
0a647
0a675
0a759
0a792
0a796
0a79a
0a79e
0a7a2
0a7a6
0a7aa
0a7ae
0a7b2
0a7b6
0a7ba
0a7be
0a7c2
08290
082dc
082e0
082ef
08c3d
08c41
08cdf
08d05
08d0c
08e64
08e72
08fe9
0906a
0907b
090c6
090d0
09192
091a4
091aa
091bd
09273
09280
092f6
0941c
095d2
0964d
09656
09708
0978d
09796
097e3
09802
09806
098fb
099da
099e0
099e4
099e8
09a27
09c50
0a374
0a5c9
0a5cd
0a5d1
0a5db
0a677
0a67b
0a724
0a728
0a7c6
0a7ca
0a7ce
0a7d2
0a7d6
0a7da
0a7de
0a7e2
0a7e6
0a7ea
0a7ee
082f3
082fe
08345
08350
08367
08c76
08d18
08d3a
08d45
08d4f
08ea5
09020
09024
090a8
090cb
090d6
090dc
090f0
090fa
091c4
091d0
091e1
09313
09380
095e4
095ed
09665
0971a
09721
097a6
097ac
097f3
0980e
09858
09a39
09a45
09a49
09a4d
09a51
09afd
0a0e1
0a426
0a606
0a60a
0a614
0a618
0a6b2
0a75b
0a75f
0a7c4
0a7f2
0a7f6
0a7fa
0a7fe
0a802
0a806
0a80a
0a80e
0a812
0a816
0a81a
0835e
083a4
083a8
083b8
08b49
08b4d
08d55
08d7c
08d82
08eda
08ee8
08f8f
09059
0905d
090fb
09102
09118
0911e
09134
091ed
09200
0921c
09344
093a5
095fc
09677
09680
09730
09741
0974a
097b3
09816
0981a
0987f
09a7a
09aa6
09aaa
09aae
09ab2
09b42
0a28b
0a639
0a63d
0a641
0a64b
0a6e9
0a6ed
0a792
0a796
0a7f4
0a81e
0a822
0a826
0a82a
0a82e
0a832
0a836
0a83a
0a83e
0a842
081a7
081ab
081ba
083ba
083c6
08b88
08d8e
08db0
08dbb
08dc5
08f1b
08fc0
08fd0
09090
0911f
0912a
09130
09144
0914e
0920c
09218
09229
09360
093bc
0960e
09617
0968f
096ca
096d1
0975a
09760
097c3
09822
0986c
098a5
098ab
098af
098b3
098e5
09b42
0a15a
0a49c
0a520
0a524
0a528
0a52c
0a67f
0a683
0a72c
0a81c
0a846
0a84a
0a84e
0a852
0a856
0a85a
0a85e
0a862
0a866
0a86a
0a86e
081c2
0820e
08212
08221
08bc3
08bc7
08ca4
08dec
08df2
08f49
08f58
08f77
08ff9
09007
09150
09156
0916c
09172
09188
09236
09248
09264
092a8
093e1
09626
096a1
096aa
096e0
09767
09770
097cb
0982a
0982e
098f7
09910
09914
09918
0991c
09a7e
09bcc
0a2ff
0a559
0a55d
0a561
0a565
0a6b6
0a6ba
0a763
0a767
0a848
0a872
0a876
0a87a
0a87e
0a882
0a886
0a88a
0a88e
0a892
0a896
08225
08230
08277
08282
08299
08c02
08c9c
08cc4
08ccf
08cd9
08e2f
08fae
08fb2
0903a
09173
0917e
09184
09196
0919e
09253
09260
0926f
092c5
093f8
09638
09641
096b9
096f2
096f9
09780
09786
097db
097fa
09844
0995e
09977
0997b
0997f
09983
09bcc
0a1ce
0a3aa
0a596
0a59a
0a59e
0a5a2
0a6f1
0a6f5
0a79a
0a7c8
0a870
0a89a
0a89e
0a8a2
0a8a6
0a8aa
0a8ae
0a8b2
0a8b6
0a8ba
0a8be
081ba
082bb
082bf
083a0
083ba
083c6
08493
084ce
084dc
08da3
08e3f
08e61
08e6b
08e76
08fc7
09175
09182
091bc
091c6
0926a
0927c
09282
092f6
093c3
094c4
09650
096ca
096d1
0977c
097e2
097e8
09823
09840
09890
098a9
098ad
098b7
098bb
099be
099c2
099c6
099ca
09bd1
09d98
0a375
0a722
0a726
0a730
0a734
0a7ce
0a8c0
0a8c4
0a8c8
0a8cc
0a8d0
0a8d4
0a8d8
0a8dc
0a8e0
0a8e4
081a1
081a5
081c2
0821b
08232
08324
084d6
084de
08516
08dd6
08dda
08e7c
08ea3
08ea9
08ff9
09007
091a2
091c1
091cc
091d2
091e0
091ea
09313
093da
09433
09662
0966b
096e0
0978d
09794
097f1
0982b
09848
0984c
0990c
09912
09916
09920
09961
09a27
09a2b
09a2f
09c14
09c18
09dd1
0a589
0a75d
0a761
0a76b
0a7f6
0a7fa
0a8c2
0a8ea
0a8ee
0a8f2
0a8f6
0a8fa
0a8fe
0a902
0a906
0a90a
0820a
08225
08230
08288
08385
08389
0851d
08552
08562
08cb7
08eb5
08ed7
08ee2
08eec
0903a
090ce
090da
091eb
091f2
09202
09208
0921e
09344
093ff
09455
0967a
096f2
096f9
097a2
097b2
097b8
097fb
09854
0995e
09977
0997b
09985
09989
09a88
09a8c
09a90
09a94
09c55
09c9c
0a28c
0a790
0a794
0a79e
0a7a2
0a822
0a8e8
0a90c
0a910
0a914
0a918
0a91c
0a920
0a924
0a928
0a92c
08179
0817d
08271
0828c
08297
082ef
083ff
0840d
0855c
08cf0
08cf4
08ef2
08f19
08f1f
0906a
0907b
090fd
09209
09214
0921a
09228
09232
09360
09415
0946b
0968c
09695
09708
09741
09748
097c1
09803
0985c
09860
0987f
09883
09887
099d9
099df
099e3
099ed
099f1
09b00
09b04
09d1a
0a5ff
0a67f
0a683
0a687
0a84a
0a84e
0a90e
0a932
0a936
0a93a
0a93e
0a942
0a946
0a94a
0a94e
0a952
081e2
082d6
082da
082f7
08350
08367
08409
08444
08452
08d2d
08e04
08f40
08f52
08f5a
090a8
09122
0912e
09234
0923a
0924a
09250
09266
092a8
09387
0948d
096a4
0971a
09721
09756
097ca
097d0
0980f
09868
098e4
098e8
098ec
09a38
09a44
09a48
09a4c
09a56
09a7f
09b47
09d1a
0a300
0a6b6
0a6ba
0a6be
0a6c2
0a876
0a930
0a954
0a958
0a95c
0a960
0a964
0a968
0a96c
0a970
0a974
08247
0824b
0833f
08359
08365
083b8
0844c
08454
0848c
08d66
08d6a
08e00
08e2d
08e33
08f87
08f97
09152
09251
0925c
09262
0926e
09276
092c5
0939e
094a3
096b6
096bf
09730
09767
0976e
097d9
09817
09834
09838
0994b
0994f
09953
09a79
09aa5
09aa9
09aad
09ab7
09b8a
09b8e
09d98
0a50d
0a6f1
0a6f5
0a6f9
0a89a
0a89e
0a8c6
0a956
0a97a
0a97e
0a982
0a986
0a98a
0a98e
0a992
0a996
08313
0832c
0834e
0835c
08365
0841f
08440
0844e
08457
085d0
085e0
085e9
092a6
09360
0936a
093e0
09534
09755
09834
09a13
09a1e
09a2b
09a44
09a5c
09a81
09abc
09b4a
09b71
09b8f
09bfc
09c13
09cc0
09cdd
09ce1
09d03
09d1c
09d20
09dc5
09e90
09eb9
09ece
09f69
09f74
09f85
0a0ae
0a0da
0a0f1
0a0f5
0a19c
0a25f
0a998
0a99c
0a9a0
0a9a4
0a9a8
0a9ac
0a9b0
0a9b4
0a9b8
0a9bc
08372
08387
0838f
083b6
083c2
08462
08475
0848c
08497
08552
08617
08623
0883f
092a1
092ac
092d2
09543
0972f
09820
09876
09891
098bd
099be
09a85
09a9c
09abe
09b6c
09b95
09bc1
09bd6
09c4a
09c84
09cff
09d24
09d28
09d44
09d5b
09d5f
09dff
09ed0
09ef5
09f0b
09f88
09fb2
09fc2
0a0d0
0a117
0a12e
0a132
0a1d9
0a347
0a9c1
0a9c5
0a9c9
0a9cd
0a9d1
0a9d5
0a9d9
0a9dd
0a9e1
0a9e5
08187
08190
081b3
081c0
081c9
084b2
084ba
084d1
084dc
0864e
0865e
08667
092c5
092cf
092f4
0941b
094e0
0977b
09848
09873
09898
0989f
098c1
098f8
09924
09a26
09af8
09bb1
09bda
09c06
09c1b
09d3c
09d53
09d65
09d69
09d8c
09d9c
09da0
09eef
09f0f
09f40
09f8a
09fc5
09fee
09fff
0a136
0a15c
0a16d
0a171
0a2d9
0a9c0
0a9ea
0a9ee
0a9f2
0a9f6
0a9fa
0a9fe
0aa02
0aa06
0aa0a
081e2
081f2
081f9
0821f
0822d
08444
084f9
0850f
0851d
08526
08695
086a1
0874b
092ef
092fa
09320
094ef
096df
097f8
098de
098e9
09901
0990f
0992a
09964
0998d
09b34
09b45
09c1d
09c3e
09c58
09d04
09d7d
09da2
09da6
09dbd
09dd3
09dd7
09dfb
09e15
09e79
09f46
09fe3
0a026
0a03a
0a0dc
0a173
0a19e
0a1aa
0a1ae
0a316
0aa0f
0aa13
0aa17
0aa1b
0aa1f
0aa23
0aa27
0aa2b
0aa2f
0aa33
08255
0825e
08281
0828e
08297
08536
0853e
08556
08560
086c6
086d6
086df
09313
0931d
09342
093a4
0950a
097a1
0985c
09946
09963
0996c
0998e
099b1
099d1
09a8e
09ae6
09af1
09b08
09b82
09c5d
09c81
09c8d
09ca0
09ca4
09dcb
09ddd
09de1
09e19
09e45
09e54
0a004
0a03f
0a06c
0a07b
0a18d
0a1d0
0a1e5
0a1e9
0a285
0aa0e
0aa38
0aa3c
0aa40
0aa44
0aa48
0aa4c
0aa50
0aa54
0aa58
082a7
082bd
082c7
082ed
082fb
083d8
083eb
08402
0840d
084ce
08599
085a5
087cb
0933d
09348
0936d
09519
09707
0980c
09882
099ae
099ba
099d4
099f6
09a1d
09a5d
09adc
09b0b
09b35
09b4f
09bc6
09c79
09c96
09ca8
09cac
09ccc
09ce7
09ceb
09e38
09e58
09e93
09efe
0a05d
0a09a
0a0b2
0a156
0a1ed
0a212
0a220
0a224
0a38a
0aa5c
0aa60
0aa64
0aa68
0aa6c
0aa70
0aa74
0aa78
0aa7c
0aa80
084f2
084fc
08511
0851d
08526
085b7
085d1
085dc
085e9
08747
08754
0875f
09293
09362
0938d
09417
09420
095af
09852
09905
09a7d
09bf7
09c02
09c1d
09c39
09c58
09cbf
09cec
09d0a
09d1d
09d93
09e39
09e59
09e5d
09e7b
09e93
09e99
09f35
0a002
0a027
0a042
0a0d7
0a0e3
0a0f3
0a21c
0a24a
0a25f
0a264
0a30a
0a3cb
0a99a
0a99e
0aa5c
0aa85
0aa89
0aa8d
0aa91
0aa95
0aa99
0aa9d
0852c
08535
0853e
08556
08560
085f3
08604
08618
08623
086c5
0878a
08797
089a0
092ba
09380
09387
093a7
095c0
097a1
0987c
0996c
09ae1
09af0
09b06
09c41
09c4d
09c61
09d23
09d44
09d5a
09dbe
09dfe
09e76
09e9c
09ea0
09ebb
09ecf
09ed6
09f6f
0a03f
0a064
0a07f
0a0fa
0a120
0a130
0a23e
0a287
0a29c
0a2a1
0a347
0a4ab
0a9c2
0aa36
0aaa1
0aaa5
0aaa9
0aaad
0aab1
0aab5
0aab9
0aabd
083df
083e8
083fc
08409
08412
0863d
08643
08657
08662
087c1
087ce
087d9
092c7
092fd
093a0
093aa
093c9
0955b
09866
098e3
099d3
09add
09af5
09b09
09b31
09b4d
09c8f
09d3d
09d6b
09d8d
09d9b
09eb0
09ec7
09edb
09edf
09f00
09f11
09f15
0a05d
0a081
0a0b2
0a0fd
0a137
0a15c
0a16d
0a2a5
0a2ca
0a2dc
0a2e0
0a441
0a9c6
0a9eb
0aa5f
0aac1
0aac5
0aac9
0aacd
0aad1
0aad5
0aad9
0841c
08428
08430
08447
08452
085d7
0867f
08690
08699
086a6
08804
08811
088b6
09308
093bc
093c3
093e3
0956c
09755
098e7
09a1f
09b26
09b37
09b3e
09b52
09b7c
09b96
09cd7
09da1
09dbd
09dd2
09e78
09ef0
09f16
09f1a
09f2f
09f43
09f4a
09f69
09f83
09fe9
0a0b8
0a151
0a195
0a1a8
0a248
0a2e2
0a30c
0a319
0a31d
0a47c
0a9a2
0aa14
0aadd
0aae1
0aae5
0aae9
0aaed
0aaf1
0aaf5
0aaf9
08469
08472
08486
08493
0849c
086b5
086bb
086cf
086da
08835
08842
0884c
0929d
09343
093dc
093e6
09405
09585
0983e
099b1
09a9b
09b6d
09b7f
09b93
09bb5
09bd4
09c80
09c88
09c9e
09d0d
09ddb
09dfc
09e0a
09e1d
09e21
09f3b
09f4f
09f53
09f88
09fb4
09fc8
0a177
0a1b1
0a1db
0a1e7
0a2fb
0a33e
0a353
0a358
0a3f1
0a9c7
0aa39
0aa3d
0aafd
0ab01
0ab05
0ab09
0ab0d
0ab11
0ab15
084a8
084b1
084ba
084d1
084dc
08575
08586
0859a
085a5
0864d
08710
0871d
08930
0933f
093f8
093ff
0941e
09596
0977b
09899
099b9
09bb0
09bbb
09bc8
09bdc
09c00
09c22
09ca5
09cc5
09ce4
09d45
09df3
09e10
09e24
09e28
09e47
09e61
09e65
09fa6
09fca
09ffd
0a06e
0a1cb
0a209
0a21e
0a2c2
0a35c
0a380
0a38f
0a393
0a4ec
0a9f0
0aa62
0aafb
0ab1c
0ab20
0ab24
0ab28
0ab2c
0ab30
0ab34
08678
08682
0868e
0869b
086a6
0872f
0874d
08756
0875f
088b7
088c2
088cd
092dc
09324
09418
0943f
094c0
094c8
0962d
09b33
09c01
09d7d
09d88
09da1
09dbb
09dd2
09e37
09e66
09e80
09e97
09f05
09fa7
09fc6
09fce
09fea
09fff
0a00a
0a0a5
0a173
0a196
0a1b5
0a245
0a250
0a263
0a38c
0a3b8
0a3cb
0a3d0
0a470
0a52d
0a9ee
0aa14
0aa85
0ab37
0ab3b
0ab3f
0ab43
0ab47
0ab4b
0ab4f
086ad
086b6
086be
086cf
086da
08769
0877a
08790
08797
08833
088f9
08906
08b16
09318
09385
09433
09439
09457
0963e
09967
09b7b
09c7f
09c8c
09c9e
09dc2
09dce
09de5
09e90
09ebb
09ecc
09f30
09f6c
09fe4
0a003
0a010
0a026
0a03c
0a047
0a0dd
0a1b0
0a1d2
0a1f2
0a269
0a28d
0a2a0
0a3ac
0a3f3
0a406
0a40b
0a4ab
0a60d
0aa19
0aa3f
0aaa5
0ab55
0ab59
0ab5d
0ab61
0ab65
0ab69
0ab6d
0857d
08586
08592
0859f
085aa
087b1
087b7
087cd
087d4
08931
0893c
08947
0932d
09371
093c6
09451
0945a
09477
095d9
09af4
09bc6
09c7b
09c93
09ca5
09cc9
09ce4
09e0c
09eb1
09ee1
09eff
09f11
0a01e
0a035
0a04b
0a04f
0a06f
0a082
0a086
0a1cb
0a1f3
0a21e
0a26c
0a2a6
0a2ca
0a2dd
0a40f
0a432
0a444
0a448
0a5a3
0a9c6
0aa61
0aac1
0ab6f
0ab73
0ab77
0ab7b
0ab7f
0ab83
0ab87
085b5
085c0
085c8
085d9
085e5
08746
087f1
08805
0880d
08816
08973
0897f
08a29
09354
093c1
0946b
09471
0948f
095ea
09a1e
09bfc
09cbe
09ccf
09cd6
09cde
09d0e
09d2d
09e4f
09f0d
09f2f
09f40
09fe6
0a05e
0a07d
0a08a
0a09a
0a0b4
0a0bb
0a0d7
0a0f1
0a157
0a22a
0a2bf
0a302
0a318
0a3b6
0a44a
0a472
0a47f
0a483
0a5de
0a99c
0aa66
0aae1
0ab8d
0ab91
0ab95
0ab99
0ab9d
0aba1
0aba5
085fb
08604
08610
0861d
08628
08825
0882b
08841
08848
089a1
089b0
089bb
0928e
092d6
09402
09489
09492
094af
09603
09b7e
09c4a
09cff
09d11
09d23
09d41
09d5a
09dfa
09e02
09e1c
09e85
09f4d
09f6a
09f75
09f8e
09f92
0a0a9
0a0bf
0a0c3
0a0f9
0a122
0a13b
0a2e6
0a320
0a349
0a357
0a463
0a4a2
0a4b7
0a4bc
0a553
0a9a0
0a9c3
0aafd
0aba7
0abab
0abaf
0abb3
0abb7
0abbb
0abbf
08634
0863c
08646
08657
08662
086ef
08700
08716
0871d
087bf
0887f
0888b
08aa3
092ca
093fd
094a3
094a9
094c6
09614
09898
09af7
09d3c
09d47
09d54
09d64
09d86
09dac
09e19
09e3d
09e52
09ebc
09f61
09f7e
09f94
09f98
09fb3
09fd1
09fd5
0a114
0a13c
0a16b
0a1da
0a339
0a377
0a38e
0a42c
0a4c0
0a4e2
0a4f1
0a4f5
0a64e
0a9e8
0aa3e
0ab1c
0abc4
0abc8
0abcc
0abd0
0abd4
0abd8
0abdc
087e9
087f4
08801
0880c
08816
0889d
088bc
088c5
088cd
08a22
08a2f
08a3b
092bd
093b3
093ea
094c1
094df
09546
096ab
09ccd
09d87
09ef0
09efb
09f0d
09f2a
09f40
09fa5
09fd6
09fee
0a000
0a073
0a115
0a139
0a140
0a155
0a16d
0a171
0a211
0a2da
0a303
0a324
0a3b3
0a3bc
0a3cf
0a4ee
0a51a
0a52d
0a532
0a5d2
0a68b
0a9cc
0a9ee
0a9f5
0a9f9
0ab38
0abdf
0abe3
0abe7
0abeb
0abef
0881e
08826
0882e
0883c
08848
088d8
088e8
088fe
08906
089a7
08a67
08a73
08c85
092e6
093df
09438
094d9
094f0
096bc
09b7e
09d0d
09df8
09e07
09e16
09f32
09f3e
09f56
0a001
0a026
0a03a
0a09d
0a0dc
0a152
0a176
0a17e
0a195
0a1aa
0a1ae
0a249
0a317
0a340
0a361
0a3d5
0a3f7
0a40a
0a50e
0a555
0a568
0a56d
0a60d
0a763
0aa13
0aa1a
0aa1e
0aafd
0ab56
0abf6
0abfa
0abfe
0ac02
0ac06
086f9
08700
0870d
08718
08722
08920
08925
0893b
08942
08a9c
08aaa
08ab5
0930b
093ef
09425
09474
094f2
09509
09657
09c92
09d54
09df6
09e0e
09e19
09e43
09e52
09f79
0a01f
0a050
0a06c
0a07c
0a18c
0a1a3
0a1b9
0a1bd
0a1dc
0a1e9
0a1f4
0a339
0a35d
0a38e
0a3d8
0a410
0a432
0a445
0a571
0a594
0a5a6
0a5aa
0a6fd
0aa1a
0aa3e
0aa43
0aa47
0ab70
0ac09
0ac0d
0ac11
0ac15
0ac19
0872d
08739
08740
08751
0875a
088b9
0895f
08974
0897c
08984
08ae0
08aee
08b98
09334
0940c
09470
09503
0951a
09668
09c01
09d84
09e35
09e48
09e4e
09e5a
09e81
09e96
09fbd
0a07d
0a09a
0a0b2
0a156
0a1cc
0a1ef
0a1f8
0a209
0a220
0a224
0a245
0a261
0a2c3
0a38d
0a429
0a468
0a47e
0a518
0a5ac
0a5d4
0a5e1
0a5e5
0a736
0aa5d
0aa67
0aa6b
0aa85
0ab8e
0ac20
0ac24
0ac28
0ac2c
0ac30
08772
0877a
08787
08792
0879c
08994
08999
089af
089b6
08b12
08b1e
08b29
09358
09377
093ae
094ac
0951c
09533
09681
09d10
09dcc
09e76
09e87
09e90
09eb6
09ecc
09f68
09f6e
09f85
09ff3
0a0be
0a0d8
0a0e4
0a0f5
0a100
0a217
0a22d
0a231
0a260
0a28f
0a2aa
0a44e
0a486
0a4ad
0a4bb
0a5c5
0a605
0a619
0a61e
0a6af
0a99b
0a9a4
0a9a8
0aa67
0aba8
0ac33
0ac37
0ac3b
0ac3f
0ac43
087aa
087b2
087ba
087c8
087d4
0885e
0886e
08884
0888b
08933
089ed
089fa
08c12
09298
093a3
094a8
0952d
09544
09692
09af4
09c97
09eb0
09ebc
09ec8
09eda
09ef5
09f10
09f87
09faa
09fc0
0a029
0a0cf
0a0ec
0a102
0a106
0a121
0a132
0a143
0a282
0a2a6
0a2db
0a348
0a49f
0a4d8
0a4f0
0a58e
0a622
0a644
0a653
0a657
0a7a4
0a9c4
0a9cc
0a9d0
0aac1
0abc5
0ac4a
0ac4e
0ac52
0ac56
0ac5a
08957
08962
0896f
0897c
08984
08a0b
08a25
08a32
08a3b
08b8d
08b9d
08ba9
092c0
09399
09470
094dc
0955d
095c4
09725
09e48
09efa
0a05e
0a069
0a07d
0a097
0a0b2
0a113
0a144
0a15c
0a175
0a1e1
0a283
0a2a8
0a2ae
0a2c5
0a2db
0a2e0
0a37f
0a442
0a469
0a48a
0a515
0a51e
0a531
0a650
0a678
0a68b
0a690
0a72a
0a7d2
0a9e9
0aac1
0aac7
0aacb
0abde
0ac5d
0ac61
0ac65
0ac69
0ac6d
0898a
08993
0899c
089ad
089b6
08a45
08a56
08a6c
08a73
08b11
08bd0
08be1
08de7
09356
093ba
094b2
09557
0956e
09737
09d10
09e85
09f67
09f74
09f8b
0a09f
0a0ac
0a0c5
0a173
0a195
0a1a8
0a20c
0a248
0a2c0
0a2e5
0a2ec
0a302
0a318
0a31d
0a3b7
0a47d
0a4a4
0a4c5
0a537
0a559
0a56c
0a66e
0a6b1
0a6c4
0a6c9
0a763
0a874
0aa15
0aae3
0aae7
0aba9
0abf5
0ac74
0ac78
0ac7c
0ac80
0ac84
08865
0886e
0887b
08888
08890
08a8d
08a93
08aa9
08ab1
08c07
08c18
08c23
09294
093d5
094a8
09506
09570
09587
096d5
09e0d
09ec8
09f64
09f7b
09f87
09fb0
09fc0
0a0e8
0a18d
0a1be
0a1db
0a1f1
0a2fa
0a311
0a327
0a32b
0a34a
0a358
0a362
0a49f
0a4c1
0a4f0
0a53a
0a572
0a594
0a5a7
0a6cd
0a6ee
0a700
0a704
0a826
0a9c7
0aafd
0ab03
0ab07
0ac08
0ac87
0ac8b
0ac8f
0ac93
0ac97
0889a
088a7
088ae
088c0
088c8
08a21
08acd
08adc
08aea
08af2
08c4a
08c5c
08d02
09337
093f6
094c3
09581
09598
096e7
09d87
09ef8
09fa4
09fb6
09fbc
09fcc
09ff0
0a008
0a12b
0a1ed
0a209
0a21e
0a2c2
0a33a
0a35e
0a366
0a377
0a38e
0a393
0a3b3
0a3cd
0a42d
0a4ef
0a58b
0a5ca
0a5e0
0a676
0a706
0a72c
0a739
0a73d
0a850
0aa63
0ab1e
0ab22
0ab39
0ac1f
0ac9e
0aca2
0aca6
0acaa
0acae
088df
088e8
088f7
08902
0890a
08b01
08b07
08b1d
08b24
08c7b
08c8c
08c97
092e1
09410
09438
09530
0959a
095b1
096fd
09e86
09f3c
09fe4
09ff5
0a001
0a023
0a03a
0a0d6
0a0de
0a0f3
0a161
0a22c
0a246
0a251
0a264
0a26e
0a385
0a39b
0a39f
0a3cc
0a3f9
0a414
0a5b0
0a5e8
0a60f
0a61d
0a71d
0a75a
0a76f
0a774
0a7f6
0a99b
0aa86
0aa8c
0ab1e
0ac32
0acb1
0acb5
0acb9
0acbd
0acc1
08916
0891f
08928
08939
08942
089cb
089dc
089f2
089fa
08a9b
08b56
08b67
08d78
09309
0937e
0947a
095ab
095c2
0970f
09c92
09e11
0a01e
0a029
0a036
0a04b
0a064
0a082
0a0f9
0a119
0a12e
0a198
0a23d
0a25a
0a270
0a274
0a28e
0a2a1
0a2b1
0a3ee
0a410
0a443
0a4ac
0a601
0a63b
0a652
0a6e8
0a778
0a79a
0a7a9
0a7ad
0a8a0
0aa36
0aaa7
0aaab
0ab71
0ac49
0acc8
0accc
0acd0
0acd4
0acd8
08ac5
08ad0
08ada
08aea
08af2
08b79
08b94
08ba0
08ba9
08cf7
08d07
08d13
0932c
0939d
0944d
0955a
095db
09642
09798
099ec
09fb6
0a068
0a1cc
0a1d7
0a1ed
0a206
0a21e
0a281
0a2b2
0a2ca
0a2e4
0a34f
0a3ef
0a412
0a418
0a42f
0a443
0a448
0a4e1
0a5a4
0a5cb
0a5ec
0a673
0a67c
0a68f
0a7a6
0a7ce
0a7d5
0a7d9
0a8a2
0aa61
0ab71
0ab76
0ab7a
0ac5c
0acdb
0acdf
0ace3
0ace7
0aceb
08af9
08b02
08b0a
08b19
08b24
08bb3
08bc4
08bda
08be1
08c7a
08d38
08d4a
08f49
0935d
09466
09536
095d5
095ec
097a9
09a45
09e86
09ff3
0a0d5
0a0e3
0a0fe
0a20e
0a21a
0a233
0a2e2
0a302
0a318
0a37a
0a3b6
0a42a
0a44d
0a454
0a468
0a47e
0a483
0a519
0a5df
0a607
0a627
0a695
0a6b6
0a6c8
0a7c4
0a7f8
0a7ff
0a803
0a8ec
0aae0
0ab90
0ab94
0ac33
0ac73
0acf2
0acf6
0acfa
0acfe
0ad02
089d4
089dc
089e6
089f6
089fe
08bfb
08c01
08c17
08c1e
08d6d
08d7e
08d89
0928d
093d9
09485
09584
095ee
09605
0974c
09ab4
09f7a
0a036
0a0d2
0a0ea
0a0f9
0a11f
0a12e
0a255
0a2fb
0a32c
0a349
0a360
0a462
0a477
0a48d
0a491
0a4ae
0a4bc
0a4c6
0a601
0a623
0a652
0a698
0a6ce
0a6ee
0a701
0a805
0a826
0a82b
0a89a
0a9c2
0aba9
0abae
0abb2
0ac86
0ad05
0ad09
0ad0d
0ad11
0ad15
08a07
08a15
08a1c
08a2b
08a36
08b8c
08c3b
08c4b
08c58
08c60
08dae
08dc0
08e64
092c2
0949e
094e2
095ff
09616
0975d
098a9
09efa
0a066
0a112
0a124
0a12a
0a13e
0a15e
0a17a
0a299
0a35c
0a377
0a38e
0a42c
0a4a0
0a4c2
0a4ca
0a4d8
0a4f0
0a4f5
0a515
0a52f
0a58f
0a651
0a6e5
0a722
0a738
0a7cc
0a82f
0a850
0a855
0a934
0ab1b
0abc7
0abcb
0abdf
0ac9d
0ad1c
0ad20
0ad24
0ad28
0ad2c
08a4d
08a56
08a60
08a70
08a78
08c6f
08c75
08c8b
08c92
08ddd
08dee
08df9
092db
09414
094bc
095ae
09618
0962f
09772
0991e
09ff4
0a0aa
0a152
0a163
0a173
0a192
0a1a8
0a244
0a24c
0a263
0a2cf
0a39a
0a3b4
0a3bd
0a3d0
0a3da
0a4e7
0a4fd
0a501
0a52e
0a55b
0a576
0a70a
0a740
0a765
0a773
0a846
0a876
0a87d
0a881
0aa13
0ab3a
0ab3f
0abc7
0acb0
0ad2f
0ad33
0ad37
0ad3b
0ad3f
08a85
08a8e
08a96
08aa5
08ab1
08b39
08b4a
08b60
08b67
08c06
08cc2
08cd4
08eda
09310
0942e
0950c
09629
09640
09783
09977
09e0d
09f7f
0a18c
0a198
0a1a4
0a1b9
0a1d2
0a1f4
0a268
0a287
0a29e
0a305
0a3ab
0a3c6
0a3dc
0a3e0
0a3f8
0a40b
0a41b
0a550
0a572
0a5a5
0a60e
0a757
0a790
0a7a8
0a820
0a883
0a8a0
0a8a7
0a978
0aaa4
0ab58
0ab5c
0ac09
0acc7
0ad46
0ad4a
0ad4e
0ad52
0ad56
08c33
08c3e
08c49
08c58
08c60
08ce5
08cfe
08d0a
08d13
08e59
08e69
08e75
093ee
0944e
094ec
095d8
09659
096c0
097e7
098c4
099cb
099ec
0a124
0a1d6
0a33a
0a345
0a35c
0a374
0a38e
0a3ed
0a41c
0a432
0a44c
0a4b3
0a551
0a574
0a57a
0a591
0a5a5
0a5aa
0a643
0a6fe
0a723
0a744
0a7c9
0a7d4
0a885
0a8c4
0a8cb
0a8cf
0ab1a
0ac09
0ac0e
0ac12
0acda
0ad59
0ad5d
0ad61
0ad65
0ad69
08c67
08c70
08c78
08c88
08c92
08d1d
08d2c
08d42
08d4a
08ddc
08e9a
08eac
0909f
09414
094fe
095b4
09653
0966a
097f1
09920
09a2d
09a45
09ff4
0a161
0a243
0a250
0a26d
0a37c
0a388
0a3a1
0a44a
0a468
0a47e
0a4db
0a518
0a58c
0a5af
0a5b6
0a5ca
0a5e0
0a5e5
0a677
0a737
0a75c
0a77d
0a7dc
0a7fe
0a8ab
0a8d1
0a8ef
0a8f3
0ab8e
0ac21
0ac25
0acb1
0acf1
0ad70
0ad74
0ad78
0ad7c
0ad80
08b41
08b4a
08b55
08b64
08b6c
08d61
08d67
08d7d
08d85
08ecf
08ee0
08eeb
09376
09486
09516
09602
0966c
09683
097b7
09992
09a95
09ab4
0a0e9
0a1a4
0a240
0a257
0a268
0a28b
0a29e
0a3c1
0a463
0a492
0a4ad
0a4c4
0a5c4
0a5d9
0a5ef
0a5f3
0a610
0a61e
0a628
0a757
0a779
0a7a8
0a7df
0a806
0a828
0a8e8
0a910
0a915
0aaa3
0ac33
0ac38
0ac3c
0ad04
0ad83
0ad87
0ad8b
0ad8f
0ad93
08b77
08b82
08b8a
08b9a
08ba4
08cf6
08d9f
08daf
08dbc
08dc4
08f10
08f21
08fc0
0939d
09528
09560
0967d
09694
097c1
09883
098a9
099ee
0a068
0a1d4
0a280
0a291
0a298
0a2ac
0a2cc
0a2e8
0a403
0a4c0
0a4d8
0a4f0
0a58e
0a602
0a624
0a62c
0a63b
0a652
0a657
0a673
0a68d
0a6e9
0a7a7
0a81d
0a84c
0a854
0a919
0a937
0a93b
0abc5
0ac4b
0ac4f
0ac5d
0ad1b
0ad9a
0ad9e
0ada2
0ada6
0adaa
08bbb
08bc4
08bcf
08bde
08be6
08dd1
08dd7
08ded
08df4
08f3f
08f50
08f5b
093b2
094bd
09540
0962c
09696
096ad
097cf
098f0
0991e
09a60
0a162
0a218
0a2c0
0a2d1
0a2e2
0a2ff
0a318
0a3b2
0a3ba
0a3cf
0a437
0a4fc
0a516
0a51f
0a532
0a53c
0a649
0a65f
0a663
0a68c
0a6b8
0a6d2
0a833
0a85a
0a87c
0a930
0a958
0a95d
0aadf
0abe0
0abe5
0ac4b
0ad2e
0adad
0adb1
0adb5
0adb9
0adbd
08bf2
08bfc
08c04
08c14
08c1e
08ca7
08cb6
08ccc
08cd4
08d6c
08e24
08e35
09032
093d9
094d4
0958a
096a7
096be
097d9
09951
09977
09ab6
09f7a
0a0ed
0a2fa
0a305
0a312
0a327
0a340
0a362
0a3d4
0a3f3
0a408
0a46b
0a50d
0a528
0a53e
0a542
0a55a
0a56d
0a57d
0a6ac
0a6ce
0a6ff
0a764
0a871
0a89c
0a8a6
0a961
0a97d
0a981
0ab56
0abf7
0abfb
0ac87
0ad45
0adc4
0adc8
0adcc
0add0
0add4
08d97
08da2
08dad
08dbc
08dc4
08e47
08e60
08e6c
08e75
08fb5
08fc5
08fd0
0949a
094ed
0956a
09656
096d6
09739
09826
0988b
098a4
098ac
098bd
098c8
099c5
09abd
09bc0
0a291
0a344
0a4a0
0a4a9
0a4c0
0a4d7
0a4fa
0a551
0a58e
0a595
0a5b2
0a616
0a6bf
0a6d4
0a6d8
0a6ef
0a702
0a70c
0a81d
0a830
0a89a
0a8ca
0a963
0a9d3
0ac75
0ac8b
0ac8f
0ad1c
0add6
0adda
0adde
0ade2
0ade6
08dc8
08dd2
08dda
08dea
08df4
08e7f
08e8e
08ea4
08eac
08f3e
08ff4
09005
0919b
094bd
0957c
09632
096d3
096e4
0982c
09872
098f2
0990b
09913
09924
0992f
09a2d
09b54
0a162
0a2cf
0a3b1
0a3be
0a3da
0a4de
0a4ee
0a589
0a5b3
0a5d2
0a5e2
0a63f
0a677
0a6f8
0a70e
0a712
0a72d
0a73b
0a745
0a847
0a85a
0a8c0
0a8ee
0a983
0ac1e
0ac9d
0aca2
0ad2e
0ad6e
0adec
0adf0
0adf4
0adf8
0adfc
08cad
08cb6
08cc1
08cd0
08cd8
08ec3
08ec9
08edf
08ee6
09027
09038
09042
0942a
09517
09594
09680
096e9
096fe
097fe
09927
09964
09977
09987
09994
09998
09a95
09c44
0a256
0a312
0a3ae
0a3c3
0a3d4
0a3f7
0a414
0a529
0a5c7
0a605
0a611
0a628
0a71f
0a742
0a749
0a75b
0a771
0a776
0a7f7
0a87b
0a8a5
0a8e8
0a912
0aa21
0ac9f
0acb5
0acb9
0ad46
0adfe
0ae02
0ae06
0ae0a
0ae0e
08ce3
08cec
08cf4
08d04
08d0e
08e58
08f01
08f11
08f1e
08f26
09066
09078
090f8
0944e
095a6
095de
096fb
0970c
09804
09883
09946
099b6
099d9
099e1
099f2
099fd
09ae6
0a1d6
0a342
0a3ec
0a3fb
0a402
0a416
0a435
0a55d
0a5ff
0a629
0a642
0a654
0a6e9
0a76a
0a780
0a784
0a79b
0a7ab
0a7b3
0a7d5
0a8a0
0a8f8
0a919
0a938
0ac48
0acc7
0accc
0acda
0ad98
0ae14
0ae18
0ae1c
0ae20
0ae24
08d23
08d2c
08d37
08d46
08d4e
08f33
08f39
08f4f
08f56
09095
090a6
090b0
09462
09541
095be
096aa
09711
09726
09812
098f0
099f5
09a34
09a45
09a55
09a62
09a66
09c23
0a2d0
0a386
0a42a
0a439
0a44a
0a467
0a48a
0a516
0a51e
0a538
0a59f
0a664
0a679
0a68d
0a692
0a72b
0a7af
0a7b7
0a7c5
0a7dc
0a84a
0a930
0a95a
0aa6e
0ac5d
0ac62
0ac66
0acf2
0ae26
0ae2a
0ae2e
0ae32
0ae36
08d58
08d62
08d6a
08d7a
08d85
08e09
08e18
08e2e
08e35
08ece
08f82
08f94
0914c
09486
09552
09608
09723
09734
09818
09951
09a14
09a81
09aa1
09aa9
09aba
09ac6
09b70
0a0e9
0a25b
0a462
0a46b
0a478
0a48d
0a4a5
0a50d
0a53d
0a557
0a56c
0a5ce
0a670
0a697
0a69e
0a6b2
0a6c6
0a6cb
0a764
0a7fd
0a829
0a940
0a961
0a97e
0abf4
0ac73
0ac78
0ad04
0adc2
0ae3c
0ae40
0ae44
0ae48
0ae4c
08efa
08f04
08f0f
08f1e
08f26
08fa3
08fbc
08fc8
08fd0
090ed
090fd
09109
09524
0956b
095e8
096d1
0974d
097ab
09862
0987e
09889
0989c
098c6
09a4e
09aa7
09ac3
09aea
09b05
09b12
09bc0
09ca0
0a293
0a402
0a600
0a60b
0a617
0a630
0a652
0a6ad
0a6e8
0a6ef
0a70c
0a76c
0a808
0a80e
0a823
0a82b
0a835
0a90d
0a91a
0a9d3
0ac87
0ad06
0ad0b
0ad97
0add7
0ae51
0ae55
0ae59
0ae5d
08f2b
08f34
08f3c
08f4c
08f56
08fd9
08fe8
08ffe
09005
09094
0911d
0912e
09273
09541
095fa
096b0
0974a
0975a
09868
09872
098b7
098e5
098f0
09903
0992d
09aaf
09ade
09b2f
09b4d
09b57
09c05
09d8d
0a436
0a4dd
0a51e
0a53b
0a640
0a64c
0a665
0a70d
0a72a
0a73a
0a794
0a7cd
0a832
0a839
0a84d
0a855
0a85f
0a935
0a95b
0aa6f
0ad08
0ad1e
0ad22
0adaf
0ae62
0ae66
0ae6a
0ae6e
0ae72
08e0f
08e18
08e23
08e32
08e3a
0901b
09021
09037
0903f
09141
09152
0915c
094d0
09595
09612
096f9
0975f
09773
0983a
098ce
09910
09927
09953
0995b
09975
0999b
09b5b
09b79
09b99
09b9e
09d1e
0a307
0a46c
0a50e
0a524
0a52b
0a544
0a56a
0a681
0a71f
0a75a
0a767
0a77e
0a848
0a861
0a865
0a87c
0a881
0a955
0a962
0a9a1
0acb1
0ad30
0ad35
0adc1
0adff
0ae77
0ae7b
0ae7f
0ae83
08e45
08e4e
08e56
08e66
08e70
08fb4
09057
09067
09074
0907b
09171
09182
091e8
094ed
09624
0965c
09770
09780
09840
09918
09946
09985
099b6
099c7
099cf
099fb
09ae9
09ba0
09bc4
09bde
09be3
09d5d
0a3fd
0a4b4
0a55b
0a562
0a577
0a596
0a5b2
0a6c1
0a77f
0a798
0a7aa
0a821
0a885
0a88d
0a89d
0a8a7
0a8af
0a8cb
0a97a
0aa48
0ad32
0ad48
0ad4c
0ad5b
0ae88
0ae8c
0ae90
0ae94
0ae98
08e85
08e8e
08e99
08ea8
08eb0
09089
0908f
090a5
090ad
09191
091a2
091ac
094fa
095bf
0963c
09721
09785
09799
0984e
0999c
099de
099f5
09a27
09a32
09a43
09a6b
09bb3
09bff
09c19
09c26
09cc3
0a24f
0a4dc
0a58a
0a59a
0a5a1
0a5ba
0a5e0
0a674
0a67c
0a696
0a6f9
0a7ba
0a7cf
0a7d7
0a7e1
0a8ab
0a8b3
0a8c1
0a8d2
0a9ef
0ac5d
0acde
0ace2
0ad6d
0ae27
0ae9d
0aea1
0aea5
0aea9
08eba
08ec4
08ecc
08edc
08ee6
08f67
08f76
08f8c
08f94
09026
090c9
090da
09230
09517
095d0
09686
09796
097a6
09854
099e6
09a14
09a53
09a81
09a91
09a99
09ac4
09b73
09c2a
09c48
09c62
09c68
09dd5
0a3c0
0a46d
0a5cb
0a5d8
0a5ee
0a607
0a628
0a69b
0a6b3
0a6c8
0a726
0a7c6
0a7e3
0a7e7
0a7fe
0a803
0a875
0a8ed
0a913
0aa22
0acde
0acf4
0acf8
0ad85
0aeae
0aeb2
0aeb6
0aeba
0aebe
08359
0904f
0905a
09065
09074
0907b
090ea
090fc
09104
0916a
091e3
091f4
09344
095a2
095e9
09666
09748
097b8
097f3
09915
09948
09992
099b5
099dc
09a8f
09aa6
09ae2
09ae8
09b05
09c15
09c5c
09c86
09c9c
09ca1
09cb2
09de7
09ec1
0a564
0a758
0a761
0a778
0a78f
0a7b2
0a805
0a822
0a831
0a8f5
0a8fd
0a910
0a916
0aa35
0aa48
0aa4c
0acc6
0ad83
0ad88
0ad8c
0aec0
0aec4
0aec8
0839e
09080
0908a
09092
090a2
090ad
09111
0911e
0912b
09133
09201
09212
0921c
0936e
095bf
09678
09729
097b5
097be
09883
098a9
098e5
09982
099ef
09a01
09a22
09a5e
09b09
09b2d
09b4d
09c54
09c7a
09cc5
09cda
09ce8
09cf1
09e57
0a598
0a640
0a67e
0a69a
0a796
0a7a6
0a81c
0a83c
0a852
0a90c
0a920
0a924
0a938
0a93c
0aa62
0aa70
0aa74
0ad1b
0ad9b
0ad9f
0ae28
0aece
0aed2
0aed6
081be
08f6d
08f76
08f81
08f90
08f97
0913b
09148
09155
0915c
0922b
0923c
092a8
0954e
09613
09690
0976e
097c3
097d0
098f0
0991e
099e3
09a16
09a60
09a80
09aa4
09b01
09b27
09b70
09b79
09b92
09cdc
09d0a
09d1d
09d21
09dc5
09f35
0a5ce
0a670
0a683
0a694
0a6b6
0a6d2
0a859
0a876
0a887
0a93d
0a946
0a958
0a95e
0a998
0a9ac
0a9b0
0ac72
0adad
0adb2
0adb6
0aed8
0aedc
0aee0
08208
08fa1
08fab
08fb2
08fc2
08fcc
090ec
09168
0917b
09182
09249
0925a
09265
092d3
0956b
096a2
096d9
097cd
097d6
09878
09896
098bd
09952
09978
09a49
09ab6
09ac2
09b5c
09b93
09bc0
09bd4
09c84
09d23
09d4c
09d5c
09d60
09dff
0a55f
0a616
0a6ba
0a6c0
0a6d4
0a6f1
0a870
0a890
0a8a4
0a954
0a968
0a96c
0a97e
0a982
0a9c5
0a9d5
0a9d9
0ad45
0adc5
0adc9
0add8
0aee6
0aeea
0aeee
0828c
08fdf
08fe8
08ff3
09002
09009
0918b
0919a
091a5
091ac
09271
09280
092f6
09578
0963d
096ba
09794
097db
097e8
098b9
098c5
098fd
09924
099c6
099df
09aaa
09b8b
09bb1
09bfe
09c07
09c1c
09d3d
09d82
09d97
09d9d
09dae
09f0e
0a63f
0a6e6
0a6f5
0a706
0a721
0a744
0a7cc
0a7d6
0a8b0
0a8c8
0a8ce
0a97a
0a98a
0a9e7
0a9fa
0a9fe
0ac9c
0ad5a
0ad5f
0adc5
0aef0
0aef4
0aef8
082d6
09012
0901c
09024
09034
0903f
090bd
090ca
090d7
090de
091b9
091ca
091d4
09321
09595
0964e
09701
097e5
097ee
098ad
098df
09927
09961
09972
09994
09a33
09a54
09be6
09c1d
09c44
09c58
09d04
09da1
09dc6
09dd4
09dd8
09e79
0a522
0a5cf
0a725
0a732
0a747
0a75d
0a7c4
0a7e8
0a7fe
0a8c0
0a8d8
0a8dc
0a8f0
0a8f4
0aa14
0aa23
0aa27
0acf1
0ad71
0ad75
0ae00
0aefe
0af02
0af06
08205
0820c
0821c
08228
08230
0851b
0916e
0917d
09185
091e4
091f0
091f8
093ff
09620
09667
096e3
097b3
097fd
09830
098e0
09909
09916
09927
09937
09959
0996a
09985
0998d
09997
099c0
09a96
09b6e
09ba0
09bcd
09c44
09c84
09c8d
09cad
09dda
09e00
09e15
09e1e
09ec0
09f8c
0a55f
0a6c1
0a883
0a8a4
0a8ea
0a912
0a9c8
0aa2a
0aaff
0ab0b
0ad83
0ae01
0ae05
0ae88
0af0a
0af0e
08268
08270
08278
08289
08294
08544
0918c
0919a
091a7
091af
09211
09218
09268
09420
0963d
096f4
0979c
097fa
09803
09883
09945
09950
09979
09981
09990
099a0
099cd
099e0
099f0
099fc
09a00
09ae9
09bb3
09be5
09c12
09c7a
09cc3
09ccc
09ced
09df4
09e3d
09e52
09e62
09efd
0a06b
0a6f3
0a7c8
0a7e1
0a8b7
0a920
0a93f
0aa48
0aa64
0ab26
0ab2a
0ae01
0ae17
0ae1b
0af12
0af16
0af1a
082d3
082da
082ea
082f6
082fe
08407
090c6
090d5
090dd
091b9
09235
0923c
09387
095cc
09691
0970b
097cb
09808
09811
098f0
099ae
099d7
099e4
099f5
09a05
09a21
09a38
09a53
09a5f
09a65
09a8a
09bcf
09c23
09c3f
09c5f
09cbf
09d02
09d0b
09d2b
09e55
09e80
09e95
09e9a
0a005
0a5cf
0a732
0a7db
0a7fe
0a932
0a95a
0a99c
0aa6e
0aa87
0aa93
0adad
0ae29
0ae2d
0aeae
0af1e
0af22
08336
0833e
08346
08357
08362
08436
090e8
090f4
09103
0910b
09250
0925d
09265
093aa
095e9
0971c
09750
0980e
09817
0987e
09957
09a15
09a3e
09a4b
09a59
09a6c
09a79
09a98
09ab4
09abc
09ac7
09ae4
09afe
09b70
09c5c
09cdf
09d23
09d4c
09d5a
09dfe
09e90
09ec2
09ecf
09ed7
0a043
0a75e
0a7f2
0a80c
0a835
0a968
0a985
0a9b4
0aa37
0aaaf
0aab3
0ae29
0ae3f
0ae43
0af26
0af2a
0af2e
0839b
083a2
083b2
083be
083c6
08491
0911a
09129
09130
09201
09279
09280
093c3
095f6
096bb
09733
097e3
0981c
09825
09879
09896
098ac
098bd
098c8
098e5
099cb
09a9c
09aaa
09ab2
09aca
09ad0
09b0f
09b37
09b51
09c52
09d3d
09d82
09d8f
09da9
09eb1
09ef4
09f09
09f12
09fa9
0a640
0a7a0
0a82f
0a852
0a8c6
0a8d7
0a9c6
0a9ea
0aac3
0aacf
0ad59
0adda
0adde
0ae62
0af32
0af36
0819a
081a2
081aa
081bb
081c6
084c0
0913c
09148
09157
0915f
091c9
091d0
09224
093e6
09613
096cc
09776
09822
0982b
09871
09881
098ab
098b3
098c2
098d2
098f6
09912
09922
0992e
09932
09a2e
09b00
09b54
09b7c
09b96
09d65
09da1
09dc4
09dd2
09e78
09f0d
09f36
09f43
09f4b
0a0b7
0a681
0a846
0a861
0a889
0a8d8
0a8f7
0a9fa
0aa16
0aaeb
0aaef
0add9
0adef
0adf3
0af3a
0af3e
0af42
081dd
081e4
0821f
08229
08230
08350
08438
0844d
08454
086a0
09256
09260
0931a
094b1
096df
09757
097f8
09839
0986c
098df
098ec
09928
09953
0995b
0998b
09a1f
09a49
09b26
09b40
09b4a
09b5e
09b71
09b8f
09b9c
09c44
09d1e
09d43
09d5a
09dc5
09e00
09e15
09f18
09f68
09f74
09f85
09f91
0a0ae
0a19c
0a956
0a96f
0a9a0
0a9ad
0aa29
0abb3
0abb7
0ae63
0ae79
0aee4
0af46
0af4a
08240
08248
08260
0828b
08294
083a6
0847a
0848d
08496
0849d
09270
0927d
09284
094c5
096b9
09767
097e3
09836
0983f
098fa
0994e
09976
099b6
099c7
099cf
099fc
09a9b
09ab0
09b6a
09b85
09b93
09ba3
09bb7
09bd4
09be1
09c84
09d5d
09d82
09d99
09df5
09e3d
09e52
09f4f
09f87
09fb2
09fc2
09fd4
0a131
0a6f4
0a8d6
0a989
0a9c9
0aa3e
0ab1c
0abd0
0ad59
0ae8a
0ae8e
0af4e
0af52
0af56
081b4
082b8
082bf
082ed
082f7
082fe
084c2
084d7
084df
085a4
091c6
091d0
09367
09441
09707
0977d
0980c
09844
0984d
0989e
098b3
099ad
099c7
099f6
09a26
09a32
09a5d
09b2b
09bb2
09bd0
09bdc
09bea
09c06
09c1b
09c28
09d7c
09dad
09dc1
09de8
09e38
09e7a
09e93
09fa5
09fe7
09ffd
0a009
0a0a2
0a210
0a8c2
0a8df
0a9ee
0a9fb
0aa76
0ab43
0ab47
0ae89
0ae9f
0aefc
0af5a
0af5e
08210
0831b
08323
0832e
0835b
08362
08504
08517
08520
08528
091e2
091f0
091f8
09456
09665
0978d
097b3
0984a
09853
098ff
09914
099b3
09a2a
09a44
09a79
09a8f
09a97
09ac5
09bf5
09c0f
09c1d
09c2d
09c3d
09c58
09c66
09c80
09c91
09cb2
09dda
09e69
09e92
09ec2
09ed4
09fe2
0a025
0a03a
0a046
0a0dc
0a760
0a8fb
0a91e
0a9b4
0aa19
0aaa5
0ab61
0ad83
0aeb0
0aeb4
0af62
0af66
0af6a
08282
08382
08389
083b6
083bf
083c6
08546
0855b
08562
08622
0920e
09218
092cc
09479
0972f
097a3
09820
09858
09861
09879
09886
0988f
098bf
09969
0997c
09a8c
09aa5
09ae1
09aea
09b06
09b13
09bc3
09c54
09c60
09c6e
09ca0
09ccb
09ce4
09d4f
09eb2
09ef7
09f09
09fa9
0a03e
0a06c
0a07b
0a085
0a1e8
0a90e
0a927
0a9c6
0aa37
0aa62
0ab7b
0ab7f
0ae50
0ae54
0aecc
0af6e
0af72
08171
0817a
08192
081bd
081c6
082de
083f0
08403
0840c
08414
0922a
09239
09240
0948e
0968f
09741
097cb
0985e
09867
09871
09882
098c0
098ea
098f2
09903
09934
099d6
099e9
09add
09b01
09b0d
09b1b
09b35
09b4f
09b59
09cbf
09cf0
09d0f
09d30
09ee3
09f0f
09f36
09f48
0a05c
0a099
0a0b2
0a0ba
0a156
0a682
0a944
0a966
0a9fa
0aa5f
0aae1
0ab99
0adad
0ae64
0ae68
0af76
0af7a
0af7e
098bf
098c9
09abd
09ac3
09ad2
09b12
09bc0
09bc4
09c54
09c6a
09c70
09d28
09d5d
09d72
0a615
0a6ab
0a6cd
0a6d5
0a6dc
0a80d
0a963
0a970
0a9d5
0a9de
0aacc
0ab7b
0ac52
0addc
0ae51
0ae58
0aee8
0af33
0af6e
0af81
0af85
0af89
0af8d
0af91
0af95
0af99
0af9d
0afa1
0afa5
0afa9
0afad
0afb1
0afb5
0afb9
0afbd
0afc1
0afc5
0afc9
0afcd
0afd1
0afd5
0afd9
0afdd
0afe1
0afe5
0afe9
098c0
098cc
098d7
09926
09930
09aff
09b03
09b19
09b54
09b62
09c07
09d65
09d74
09d9e
0a648
0a64c
0a6e6
0a70d
0a713
0a832
0a83e
0a98a
0a9f4
0a9fe
0aa07
0aaf1
0ab9d
0adee
0adf5
0ae66
0aef2
0af3b
0af76
0af7a
0af83
0afee
0aff2
0aff6
0affa
0affe
0b002
0b006
0b00a
0b00e
0b012
0b016
0b01a
0b01e
0b022
0b026
0b02a
0b02e
0b032
0b036
0b03a
0b03e
0b042
0b046
0b04a
0b04e
0b052
09929
09938
0998b
09995
099a3
09b46
09b5c
09b64
09b9c
09c44
09c48
09da6
09dd5
09dea
0a529
0a71d
0a73f
0a748
0a74e
0a862
0a8d4
0a8e0
0aa23
0aa2c
0ab08
0abb3
0abfe
0ae04
0ae77
0ae7e
0af00
0af0b
0af46
0afee
0aff2
0b057
0b05b
0b05f
0b063
0b067
0b06b
0b06f
0b073
0b077
0b07b
0b07f
0b083
0b087
0b08b
0b08f
0b093
0b097
0b09b
0b09f
0b0a3
0b0a7
0b0ab
0b0af
0b0b3
0b0b7
0998e
0999a
099a5
099f4
099fe
09ae6
09aea
09b8b
09ba1
09ba9
09be1
09ca0
09cb5
09ddf
0a562
0a566
0a758
0a77f
0a785
0a885
0a892
0a8fd
0aa42
0aa4c
0aa55
0ab2c
0abd4
0ae16
0ae1d
0ae8c
0aec2
0af13
0af4e
0af52
0b057
0b0bc
0b0c0
0b0c4
0b0c8
0b0cc
0b0d0
0b0d4
0b0d8
0b0dc
0b0e0
0b0e4
0b0e8
0b0ec
0b0f0
0b0f4
0b0f8
0b0fc
0b100
0b104
0b108
0b10c
0b110
0b114
0b118
0b11c
0b120
099f7
09a06
09a5d
09a63
09a71
09b2d
09bce
09bd2
09be8
09c23
09c31
09caa
09ce7
09cf4
0a59f
0a672
0a7a6
0a7b6
0a7bc
0a8b2
0a91c
0a928
0aa70
0aa79
0aa90
0ab43
0ac28
0ae2c
0ae9d
0aea4
0aed0
0af1f
0af5a
0b0bc
0b0c0
0b125
0b129
0b12d
0b131
0b135
0b139
0b13d
0b141
0b145
0b149
0b14d
0b151
0b155
0b159
0b15d
0b161
0b165
0b169
0b16d
0b171
0b175
0b179
0b17d
0b181
0b185
09a59
09a68
09a73
09abc
09ac7
09b70
09b74
09c15
09c2b
09c33
09c66
09cdf
09cf6
09d20
0a5d8
0a5dc
0a670
0a69b
0a6a1
0a7de
0a7ea
0a946
0a9a6
0a9b0
0a9b9
0aab5
0ab65
0ae3e
0ae45
0aeb2
0aeda
0af27
0af62
0af66
0af89
0b123
0b127
0b18c
0b190
0b194
0b198
0b19c
0b1a0
0b1a4
0b1a8
0b1ac
0b1b0
0b1b4
0b1b8
0b1bc
0b1c0
0b1c4
0b1c8
0b1cc
0b1d0
0b1d4
0b1d8
0b1dc
0b1e0
0b1e4
0b1e8
0996e
09a69
09a75
09b07
09b14
09c5c
09c61
09c74
09ca2
09d4c
09d50
09ddf
09e9e
09ea7
09ed5
0a769
0a76d
0a7f4
0a80b
0a812
0a8f8
0a904
0aa4a
0aa53
0aaa8
0aab1
0aab9
0ab81
0acd0
0ae53
0aec2
0af27
0af6e
0af8d
0af91
0af95
0af99
0af9d
0b0c3
0b0c7
0b0cb
0b18a
0b1ed
0b1f1
0b1f5
0b1f9
0b1fd
0b201
0b205
0b209
0b20d
0b211
0b215
0b219
0b21d
0b221
0b225
0b229
0b22d
0b231
099d3
099d7
09acf
09b09
09b0e
09b23
09b4f
09b59
09ca8
09cb7
09ce9
09d8b
09d8f
09edd
09f0c
09f21
0a7a0
0a81c
0a82f
0a83a
0a840
0a922
0aa68
0aa72
0aa7b
0aacc
0aad5
0ab97
0ac28
0ae64
0ae6b
0aed0
0af76
0af7a
0aff4
0aff8
0affc
0b000
0b004
0b12a
0b12e
0b132
0b1eb
0b1ef
0b238
0b23c
0b240
0b244
0b248
0b24c
0b250
0b254
0b258
0b25c
0b260
0b264
0b268
0b26c
0b270
0b274
0b278
098d2
09a3a
09a3e
09b4c
09b60
09b8f
09b96
09bab
09ce1
09d1e
09d35
09dc6
09f18
09f23
09f49
0a685
0a689
0a848
0a860
0a866
0a940
0a94c
0a9ae
0a9b7
0aae4
0aaed
0aaf5
0abb9
0ac7c
0ae79
0aeda
0af3b
0af46
0b007
0b05d
0b061
0b065
0b069
0b18b
0b18f
0b193
0b197
0b238
0b27b
0b27f
0b283
0b287
0b28b
0b28f
0b293
0b297
0b29b
0b29f
0b2a3
0b2a7
0b2ab
0b2af
0b2b3
0b2b7
0b2bb
09935
09940
09a9d
09b93
09b98
09bad
09bd6
09be3
09c84
09c88
09d28
09d5d
09d72
09e1e
09f4f
09f5a
0a6c0
0a870
0a883
0a88e
0a894
0a96a
0a9cd
0a9d7
0a9e0
0ab08
0ab11
0abce
0ac52
0ae8a
0ae91
0aee8
0af4e
0af52
0afa4
0afa8
0afac
0b0ce
0b0d2
0b0d6
0b0da
0b0de
0b27b
0b27f
0b2c2
0b2c6
0b2ca
0b2ce
0b2d2
0b2d6
0b2da
0b2de
0b2e2
0b2e6
0b2ea
0b2ee
0b2f2
0b2f6
0b2fa
0b2fe
0b302
098a0
0999c
099a7
09bda
09bea
09c19
09c22
09c35
09cc5
09d65
09d74
09d9e
09e24
09e2f
09e62
0a6f7
0a6fb
0a7ca
0a8b0
0a8b6
0a983
0a990
0a9fc
0aa05
0ab1f
0ab28
0ab30
0ab49
0aca6
0ae9f
0aef2
0af13
0af5a
0b009
0b00d
0b011
0b0e1
0b137
0b13b
0b13f
0b143
0b147
0b2c2
0b305
0b309
0b30d
0b311
0b315
0b319
0b31d
0b321
0b325
0b329
0b32d
0b331
0b335
0b339
0b33d
0b341
0b345
09905
09909
09a07
09c1d
09c21
09c37
09c5a
09c68
09d02
09d06
09da6
09dd5
09dea
09e5d
09e8f
09ea9
0a732
0a7c4
0a7db
0a7e6
0a7ec
0a8da
0aa1b
0aa25
0aa2e
0aa90
0aa99
0ab5f
0abfe
0aeb0
0aeb7
0af00
0af62
0af66
0b072
0b076
0b07a
0b198
0b19c
0b1a0
0b1a4
0b1a8
0b1f1
0b1f5
0b307
0b34a
0b34e
0b352
0b356
0b35a
0b35e
0b362
0b366
0b36a
0b36e
0b372
0b376
0b37a
0b37e
0b382
0b386
0991a
09935
09940
09b83
09c2b
09c33
09c9f
09caf
09dda
09de1
09dee
09e1e
09ec0
09ec4
09f51
0a003
0a015
0a046
0a8e8
0a8f5
0a8ff
0a906
0aa4a
0aa53
0ab02
0ab0b
0ab13
0ab5f
0ab67
0ac13
0ad4e
0aec4
0af62
0b06e
0b0c4
0b0c8
0b0cc
0b0e5
0b198
0b1f8
0b2c5
0b2c9
0b2cd
0b389
0b38d
0b391
0b395
0b399
0b39d
0b3a1
0b3a5
0b3a9
0b3ad
0b3b1
0b3b5
0b3b9
0b3bd
0b3c1
0b3c5
0b3c9
0997f
09983
099a0
09bc6
09bca
09c6c
09ca5
09cac
09cbb
09ce6
09cee
09e24
09e2f
09e62
09efd
09f01
0a04c
0a080
0a08f
0a90e
0a920
0a926
0aa68
0aa72
0aa7b
0ab25
0ab2e
0ab75
0ab7e
0ab85
0aca6
0aece
0af13
0af71
0b0e2
0b12b
0b12f
0b133
0b14c
0b23b
0b23f
0b30c
0b310
0b314
0b38b
0b3ce
0b3d2
0b3d6
0b3da
0b3de
0b3e2
0b3e6
0b3ea
0b3ee
0b3f2
0b3f6
0b3fa
0b3fe
0b402
0b406
0b40a
099e8
09a03
09a0e
09b19
09c0b
09c0f
09cde
09cef
09d1b
09d22
09d37
09e5d
09e8f
09ea9
09f36
0a077
0a091
0a0ba
0a930
0a93d
0a948
0a94e
0a9ae
0a9b7
0aa8a
0aa93
0aa9b
0ab97
0ab9f
0ac3d
0acfa
0aedc
0af76
0aff4
0b18c
0b190
0b194
0b1ab
0b1af
0b282
0b349
0b34d
0b351
0b3ce
0b3d2
0b40f
0b413
0b417
0b41b
0b41f
0b423
0b427
0b42b
0b42f
0b433
0b437
0b43b
0b43f
0b443
0b447
09a4d
09a51
09a6e
09b5c
09b64
09c4c
09d23
09d2a
09d39
09d5c
09d6c
09dfe
09e02
09ea0
09ecf
09ee4
09f8f
0a0b0
0a0c8
0a956
0a968
0a96e
0a9cd
0a9d7
0a9e0
0aaae
0aab7
0abad
0abb6
0abbd
0acd0
0aee6
0af27
0af49
0afa4
0afa8
0afac
0afb0
0b05a
0b1fc
0b200
0b204
0b2d1
0b2d5
0b40f
0b44c
0b450
0b454
0b458
0b45c
0b460
0b464
0b468
0b46c
0b470
0b474
0b478
0b47c
0b480
0b484
0b488
09ab0
09aca
09ad6
09af9
09ba1
09ba9
09d64
09d6d
09d99
09da0
09db5
09e3d
09edb
09ee6
09f12
09f89
09f9d
09fd2
0a8c4
0a97a
0a98c
0a992
0a9fc
0aa05
0aac6
0aacf
0aad7
0abce
0abd6
0abe9
0ad24
0aef4
0af4e
0afa0
0b00b
0b00f
0b013
0b017
0b0ce
0b243
0b247
0b24b
0b318
0b44c
0b450
0b48d
0b491
0b495
0b499
0b49d
0b4a1
0b4a5
0b4a9
0b4ad
0b4b1
0b4b5
0b4b9
0b4bd
0b4c1
0b4c5
098b1
098b5
098d2
09b3c
09b40
09be8
09da1
09da8
09db7
09dd4
09de4
09e78
09e7c
09f1a
09f43
09f58
09fcd
0a005
0a017
0a8c2
0a8d8
0a8de
0aa1b
0aa25
0aa2e
0aaea
0aaf3
0ab3d
0ab46
0ab4d
0ac7c
0aefe
0af3b
0af5d
0b070
0b074
0b078
0b07c
0b080
0b286
0b28a
0b28e
0b355
0b359
0b391
0b48b
0b48f
0b4cc
0b4d0
0b4d4
0b4d8
0b4dc
0b4e0
0b4e4
0b4e8
0b4ec
0b4f0
0b4f4
0b4f8
0b4fc
0b500
098e1
09929
09938
09b44
09b48
09b5e
09d13
09d17
09da6
09e15
09e1d
09e31
09f4d
09f55
09f8c
09f9b
0a030
0a0b0
0a0c8
0a17d
0a1ab
0a1c0
0aa1e
0ab02
0ab0b
0ab13
0abb3
0abbb
0abf8
0ac01
0ac92
0adcd
0af44
0afee
0b06e
0b2c6
0b2ca
0b2ce
0b2d8
0b394
0b398
0b453
0b457
0b45b
0b505
0b509
0b50d
0b511
0b515
0b519
0b51d
0b521
0b525
0b529
0b52d
0b531
0b535
0b539
0b53d
0b541
09946
0998e
0999a
099a5
09b8b
09ba1
09ba9
09d54
09ddd
09dec
09e22
09e2a
09e52
09e61
09e6e
09f95
09fc9
09fd8
0a06d
0a1b3
0a1c2
0a1ea
0aa42
0aa53
0ab25
0ab2e
0abc8
0abd1
0abd8
0ac13
0ac18
0ad25
0af13
0af53
0b0c2
0b0e2
0b30d
0b311
0b31b
0b31f
0b3d5
0b490
0b494
0b498
0b503
0b507
0b548
0b54c
0b550
0b554
0b558
0b55c
0b560
0b564
0b568
0b56c
0b570
0b574
0b578
0b57c
0b580
099af
099f7
09a06
09bce
09bd2
09be8
09ca8
09cb7
09d93
09e55
09e5e
09e70
09e95
09e9b
09fc6
09fda
0a009
0a0a2
0a0a6
0a1f7
0a221
0a234
0aa6b
0aa8a
0aa93
0aa9b
0ab43
0ab4b
0ac22
0ac2b
0acbc
0ad79
0af58
0b0bc
0b136
0b34a
0b34e
0b352
0b35c
0b412
0b416
0b4cb
0b4cf
0b4d3
0b548
0b583
0b587
0b58b
0b58f
0b593
0b597
0b59b
0b59f
0b5a3
0b5a7
0b5ab
0b5af
0b5b3
0b5b7
0b5bb
09a14
09a59
09a68
09a73
09c15
09c2b
09c33
09ce1
09dca
09dce
09e9c
09ea4
09ecc
09ed4
09ee8
09f6e
0a003
0a015
0a046
0a0f4
0a109
0a22e
0a9a6
0a9b7
0aaae
0aab7
0ab59
0ab62
0ab69
0ac3d
0ac42
0ad4f
0af27
0af67
0b18a
0b199
0b1ff
0b203
0b207
0b20b
0b39c
0b3a0
0b3a4
0b45f
0b583
0b587
0b5c2
0b5c6
0b5ca
0b5ce
0b5d2
0b5d6
0b5da
0b5de
0b5e2
0b5e6
0b5ea
0b5ee
0b5f2
0b5f6
0b5fa
0987a
09abf
09ace
09c52
09c56
09c6c
09c95
09c99
09d28
09ed0
09ede
09eea
09f0b
09f15
09fa9
09fad
0a04c
0a080
0a08f
0a103
0a131
0a146
0a9d0
0aac6
0aacf
0aad7
0ab7b
0ab83
0ac4c
0ac55
0ac68
0ada3
0af6c
0af87
0afa0
0b242
0b246
0b24a
0b24e
0b3d9
0b3dd
0b3e1
0b49c
0b4a0
0b5c2
0b5fd
0b601
0b605
0b609
0b60d
0b611
0b615
0b619
0b61d
0b621
0b625
0b629
0b62d
0b631
0b635
09872
098c0
098cc
098d7
09b01
09b17
09b1f
09cd6
09d65
09d74
09f16
09f1e
09f40
09f48
09f5e
09fe8
0a077
0a091
0a0ba
0a139
0a148
0a170
0a9f4
0aa05
0aaea
0aaf3
0ab91
0ab9a
0aba1
0abe9
0abee
0acfb
0af3b
0af7b
0aff4
0b009
0b289
0b28d
0b291
0b295
0b41a
0b41e
0b422
0b4d7
0b509
0b50d
0b5ff
0b63a
0b63e
0b642
0b646
0b64a
0b64e
0b652
0b656
0b65a
0b65e
0b662
0b666
0b66a
0b66e
09a3c
09b27
09b4a
09b53
09b68
09ce1
09e89
09e8d
09f1a
09f83
09f8b
09f9f
0a0be
0a0c4
0a0f4
0a109
0a19e
0a226
0a236
0a2eb
0a316
0a32e
0a9a9
0aae4
0aaf4
0abb3
0abbb
0ac37
0ac40
0ac77
0ac80
0ad8d
0af44
0b05b
0b236
0b452
0b456
0b45a
0b464
0b50e
0b512
0b5c7
0b5cb
0b5cf
0b673
0b677
0b67b
0b67f
0b683
0b687
0b68b
0b68f
0b693
0b697
0b69b
0b69f
0b6a3
0b6a7
0b6ab
0b6af
09a9b
09a9f
09b6e
09b95
09ba5
09d26
09d33
09ec8
09f4f
09f5a
09f93
09f99
09fc0
09fc8
09fdc
0a103
0a131
0a146
0a1db
0a322
0a330
0a358
0a9cd
0a9de
0ab05
0abc8
0abd1
0abd8
0ac52
0ac57
0ac93
0ad24
0ade3
0af53
0b0cf
0b2c6
0b493
0b497
0b4a1
0b4a5
0b54d
0b602
0b606
0b60a
0b671
0b675
0b6b6
0b6ba
0b6be
0b6c2
0b6c6
0b6ca
0b6ce
0b6d2
0b6d6
0b6da
0b6de
0b6e2
0b6e6
0b6ea
0b6ee
098a0
09bb1
09bd8
09bdd
09bf2
09d67
09e24
09e2f
09f05
09fc4
09fcf
09fde
09fff
0a00b
0a139
0a148
0a170
0a210
0a214
0a365
0a38a
0a3a2
0a9f7
0ab1f
0ab2f
0ab43
0ab4b
0abe3
0abec
0aca1
0acaa
0adb7
0af58
0b009
0b2c0
0b4ca
0b4ce
0b4d2
0b4dc
0b588
0b58c
0b63b
0b63f
0b643
0b6b6
0b6f1
0b6f5
0b6f9
0b6fd
0b701
0b705
0b709
0b70d
0b711
0b715
0b719
0b71d
0b721
0b725
0b729
09905
09909
09bf8
09c1f
09c2f
09da4
09db3
09e5d
09f3a
09f3e
0a00d
0a013
0a03a
0a042
0a056
0a0dc
0a176
0a183
0a1ad
0a25f
0a277
0a39c
0aa1b
0aa2c
0aa8d
0ab59
0ab62
0ab69
0abfe
0ac03
0acbd
0ad4e
0ae0b
0af67
0b199
0b34a
0b39d
0b3a1
0b3a5
0b3a9
0b516
0b51a
0b51e
0b5d3
0b6f1
0b6f5
0b730
0b734
0b738
0b73c
0b740
0b744
0b748
0b74c
0b750
0b754
0b758
0b75c
0b760
0b764
0b768
0996e
09ae2
09c5c
09c61
09c74
09ddf
09e0f
09e13
09ea0
0a03e
0a04e
0a058
0a07b
0a085
0a117
0a11b
0a1ba
0a1e8
0a1fd
0a271
0a29c
0a2b4
0aa45
0aaa8
0aab8
0ab7b
0ab83
0ac0d
0ac16
0accb
0acd4
0ad63
0af6c
0af8d
0b1f1
0b3da
0b3de
0b3e2
0b3e6
0b551
0b555
0b559
0b60e
0b612
0b730
0b76b
0b76f
0b773
0b777
0b77b
0b77f
0b783
0b787
0b78b
0b78f
0b793
0b797
0b79b
0b79f
0b7a3
099d3
099d7
09ade
09b0b
09b1b
09ca8
09cb7
09e4e
09edb
09ee6
0a087
0a08d
0a0b2
0a0b6
0a0cc
0a156
0a1ef
0a1ff
0a223
0a2a8
0a2b6
0a2de
0aa68
0aa79
0aac9
0ab91
0ab9a
0aba1
0ac28
0ac2d
0ac69
0acfa
0ae33
0af7b
0b12a
0b242
0b41b
0b41f
0b423
0b427
0b590
0b594
0b598
0b647
0b677
0b67b
0b76d
0b7a8
0b7ac
0b7b0
0b7b4
0b7b8
0b7bc
0b7c0
0b7c4
0b7c8
0b7cc
0b7d0
0b7d4
0b7d8
0b7dc
09c0d
09cbf
09cdc
09ce3
09cfa
09e5d
09ff7
09ffb
0a089
0a0f1
0a0f8
0a10d
0a22c
0a232
0a25f
0a277
0a30c
0a395
0a3a4
0a453
0a47c
0a494
0a9a9
0aa8a
0aa9a
0ab94
0ac37
0ac40
0acb6
0acbf
0acfa
0acff
0ae0c
0b18d
0b3ce
0b5c6
0b5ca
0b5ce
0b5d8
0b67c
0b680
0b735
0b739
0b73d
0b7e1
0b7e5
0b7e9
0b7ed
0b7f1
0b7f5
0b7f9
0b7fd
0b801
0b805
0b809
0b80d
0b811
0b815
0b819
0b81d
09c4a
09c4e
09d00
09d25
09d2e
09e9e
09ea7
0a036
0a0b0
0a0c8
0a101
0a107
0a12e
0a135
0a14a
0a271
0a29c
0a2b4
0a349
0a488
0a496
0a4bc
0a9cd
0a9de
0aaab
0abad
0abbc
0ac52
0ac57
0acd2
0ad09
0ad12
0ada3
0ae5b
0b1fd
0b452
0b605
0b609
0b613
0b617
0b6bb
0b770
0b774
0b778
0b7df
0b7e3
0b824
0b828
0b82c
0b830
0b834
0b838
0b83c
0b840
0b844
0b848
0b84c
0b850
0b854
0b858
0b85c
09af9
09d3d
09d62
09d69
09d78
09edd
09f89
09f9d
0a073
0a136
0a141
0a14c
0a16d
0a179
0a2a8
0a2b6
0a2de
0a37e
0a382
0a4c9
0a4ec
0a504
0a9f7
0aac6
0aad6
0abcb
0abe3
0abec
0ac62
0ac6b
0ad24
0ad29
0ae34
0b009
0b44c
0b63a
0b63e
0b642
0b64c
0b6f6
0b6fa
0b7a9
0b7ad
0b7b1
0b824
0b85f
0b863
0b867
0b86b
0b86f
0b873
0b877
0b87b
0b87f
0b883
0b887
0b88b
0b88f
0b893
0b897
09b3c
09b40
09d7e
09da3
09dab
09f18
09f23
09fcd
0a0a8
0a0ac
0a17b
0a181
0a1a8
0a1af
0a1c4
0a24a
0a2e5
0a2f1
0a31b
0a3cb
0a3e3
0a4fe
0aa1b
0aa2c
0aae7
0ab3d
0ab4c
0abfe
0ac03
0ac7e
0ad33
0ad3c
0adcd
0ae81
0b287
0b4cb
0b517
0b51b
0b51f
0b523
0b684
0b688
0b68c
0b741
0b85f
0b863
0b89e
0b8a2
0b8a6
0b8aa
0b8ae
0b8b2
0b8b6
0b8ba
0b8be
0b8c2
0b8c6
0b8ca
0b8ce
0b8d2
0b8d6
09b83
09c80
09dda
09de1
09dee
09f51
09f7d
09f81
0a00f
0a1b0
0a1bc
0a1c6
0a1e7
0a1f2
0a285
0a289
0a328
0a353
0a36b
0a3dd
0a406
0a41e
0aa45
0ab02
0ab12
0ab5c
0ac0d
0ac16
0ac8c
0ac95
0ad4e
0ad53
0ade4
0b0c2
0b38f
0b552
0b556
0b55a
0b55e
0b6bf
0b6c3
0b6c7
0b77c
0b780
0b89e
0b8d9
0b8dd
0b8e1
0b8e5
0b8e9
0b8ed
0b8f1
0b8f5
0b8f9
0b8fd
0b901
0b905
0b909
0b90d
0b911
09bc6
09bca
09c7c
09ca7
09cb0
09e24
09e2f
09fbc
0a040
0a054
0a1f5
0a1fb
0a21e
0a225
0a23a
0a2c4
0a35e
0a36d
0a391
0a412
0a420
0a446
0aa68
0aa79
0ab22
0ab75
0ab84
0ac28
0ac2d
0aca8
0acdf
0ace8
0ad79
0aea7
0b30b
0b3da
0b591
0b595
0b599
0b59d
0b6fe
0b702
0b706
0b7b5
0b7e5
0b7e9
0b8db
0b916
0b91a
0b91e
0b922
0b926
0b92a
0b92e
0b932
0b936
0b93a
0b93e
0b942
0b946
0b94a
09d93
09e37
09e55
09e5e
09e70
09fcd
0a165
0a169
0a1f7
0a261
0a267
0a27b
0a39a
0a3a0
0a3cb
0a3e3
0a472
0a4f7
0a506
0a5b5
0a5de
0a5f6
0aa8d
0ab3d
0ab4c
0ac25
0acb5
0acbe
0ad34
0ad3d
0ad78
0ad7d
0ae81
0b34a
0b546
0b734
0b738
0b73c
0b746
0b7ea
0b7ee
0b8a3
0b8a7
0b8ab
0b94f
0b953
0b957
0b95b
0b95f
0b963
0b967
0b96b
0b96f
0b973
0b977
0b97b
0b97f
0b983
0b987
0b98b
09dca
09dce
09e76
09e9c
09ea4
0a003
0a015
0a1a4
0a226
0a236
0a26f
0a275
0a29e
0a2a4
0a2b8
0a3dd
0a406
0a41e
0a4ad
0a5ea
0a5f8
0a61e
0aaa8
0aab8
0ab5c
0ac37
0ac40
0acd0
0acd5
0ad50
0ad87
0ad90
0ae20
0aec6
0b39b
0b5c7
0b773
0b777
0b781
0b785
0b829
0b8de
0b8e2
0b8e6
0b94d
0b951
0b992
0b996
0b99a
0b99e
0b9a2
0b9a6
0b9aa
0b9ae
0b9b2
0b9b6
0b9ba
0b9be
0b9c2
0b9c6
0b9ca
09c97
09eb1
09ed0
09ede
09eea
0a04c
0a0fc
0a10b
0a1e1
0a2a5
0a2af
0a2ba
0a2dd
0a2e7
0a412
0a420
0a446
0a4e0
0a4e4
0a62b
0a64e
0a666
0aac9
0ab75
0ab84
0ac4f
0ac61
0ac6a
0ace0
0ace9
0ada2
0ada7
0aea7
0b242
0b5c0
0b7a8
0b7ac
0b7b0
0b7ba
0b864
0b868
0b917
0b91b
0b91f
0b992
0b9cd
0b9d1
0b9d5
0b9d9
0b9dd
0b9e1
0b9e5
0b9e9
0b9ed
0b9f1
0b9f5
0b9f9
0b9fd
0ba01
0ba05
09cd4
09cd8
09ef0
09f16
09f1e
0a077
0a091
0a13f
0a216
0a21a
0a2e9
0a2ef
0a318
0a31e
0a332
0a3b8
0a44d
0a459
0a481
0a52d
0a545
0a660
0aae4
0aaf4
0ab94
0abe3
0abec
0ac7c
0ac81
0acfc
0adb1
0adba
0ae48
0aede
0b419
0b63b
0b685
0b689
0b68d
0b691
0b7f2
0b7f6
0b7fa
0b8af
0b9cd
0b9d1
0ba0c
0ba10
0ba14
0ba18
0ba1c
0ba20
0ba24
0ba28
0ba2c
0ba30
0ba34
0ba38
0ba3c
0ba40
0ba44
09d15
09dfa
09f44
09f52
09f5c
0a0c0
0a0eb
0a0ef
0a17d
0a31f
0a32a
0a334
0a357
0a361
0a3f1
0a3f5
0a48e
0a4b7
0a4cf
0a53f
0a568
0a580
0ab05
0abad
0abbc
0abfb
0ac8b
0ac94
0ad0a
0ad13
0adcc
0add1
0ae5b
0b2c6
0b509
0b6c0
0b6c4
0b6c8
0b6cc
0b82d
0b831
0b835
0b8ea
0b8ee
0ba0c
0ba47
0ba4b
0ba4f
0ba53
0ba57
0ba5b
0ba5f
0ba63
0ba67
0ba6b
0ba6f
0ba73
0ba77
0ba7b
0ba7f
09d52
09d56
09df6
09e22
09e2a
09f89
09f9d
0a12a
0a1b3
0a1c2
0a363
0a369
0a38e
0a394
0a3a8
0a42e
0a4c2
0a4d1
0a4f3
0a574
0a582
0a5a8
0ab1f
0ab2f
0abcb
0ac0d
0ac16
0aca6
0acab
0ad26
0ad5d
0ad66
0adf8
0aef6
0b491
0b553
0b6ff
0b703
0b707
0b70b
0b86c
0b870
0b874
0b923
0b953
0b957
0ba49
0ba84
0ba88
0ba8c
0ba90
0ba94
0ba98
0ba9c
0baa0
0baa4
0baa8
0baac
0bab0
0bab4
0bab8
09f05
09fa5
09fc4
09fcf
09fde
0a13f
0a2d3
0a2d7
0a365
0a3cd
0a3d3
0a3e7
0a4fc
0a502
0a52d
0a545
0a5d4
0a659
0a668
0a711
0a736
0a750
0ab40
0abe3
0abec
0aca3
0ad33
0ad3c
0adb2
0adbb
0adf4
0adfa
0aede
0b01c
0b63b
0b6fd
0b8a4
0b8a8
0b8b2
0b8b6
0b95a
0ba0f
0ba13
0ba17
0babb
0babf
0bac3
0bac7
0bacb
0bacf
0bad3
0bad7
0badb
0badf
0bae3
0bae7
0baeb
0baef
0baf3
0baf7
09f3a
09f3e
09fe4
0a00d
0a013
0a176
0a183
0a312
0a395
0a3a4
0a3db
0a3e1
0a408
0a40e
0a422
0a53f
0a568
0a580
0a60f
0a742
0a752
0a774
0ab59
0ab68
0abfb
0acb5
0acbe
0ad4e
0ad53
0adce
0ae02
0ae0b
0ae94
0af0e
0b39b
0b6f1
0b8df
0b8e3
0b8e7
0b8f1
0b995
0b999
0ba4e
0ba52
0ba56
0babd
0bafc
0bb00
0bb04
0bb08
0bb0c
0bb10
0bb14
0bb18
0bb1c
0bb20
0bb24
0bb28
0bb2c
0bb30
0bb34
09e11
0a01f
0a03e
0a04e
0a058
0a1ba
0a26b
0a279
0a34f
0a40f
0a419
0a424
0a445
0a44f
0a574
0a582
0a5a8
0a642
0a646
0a783
0a7a4
0a7be
0ab78
0ac0d
0ac16
0accd
0acdf
0ace8
0ad5e
0ad67
0ae1c
0ae22
0aef6
0b0ea
0b553
0b771
0b918
0b91c
0b926
0b92a
0b9d4
0ba83
0ba87
0ba8b
0bafc
0bb00
0bb39
0bb3d
0bb41
0bb45
0bb49
0bb4d
0bb51
0bb55
0bb59
0bb5d
0bb61
0bb65
0bb69
0bb6d
09e4c
09e50
0a05e
0a087
0a08d
0a1ef
0a1ff
0a2ad
0a384
0a388
0a451
0a457
0a47e
0a484
0a498
0a51a
0a5af
0a5bb
0a5e3
0a68b
0a6a5
0a7b8
0ab91
0aba0
0ac25
0ac61
0ac6a
0acfa
0acff
0ad7a
0ae2a
0ae33
0aeba
0af22
0b419
0b76b
0b7f1
0b7f5
0b7f9
0b7fd
0b95e
0b962
0b966
0ba1b
0ba1f
0bb39
0bb72
0bb76
0bb7a
0bb7e
0bb82
0bb86
0bb8a
0bb8e
0bb92
0bb96
0bb9a
0bb9e
0bba2
0bba6
0bbaa
09e8b
09f68
0a0ae
0a0c2
0a0ca
0a22e
0a259
0a25d
0a2eb
0a485
0a490
0a49a
0a4bb
0a4c5
0a553
0a557
0a5f0
0a619
0a631
0a69f
0a6c4
0a6de
0abb0
0ac37
0ac40
0ac79
0ad09
0ad12
0ad88
0ad91
0ae44
0ae4a
0aec6
0b1b2
0b5c7
0b683
0b830
0b834
0b838
0b83c
0b99d
0b9a1
0b9a5
0ba5a
0bb72
0bb76
0bbaf
0bbb3
0bbb7
0bbbb
0bbbf
0bbc3
0bbc7
0bbcb
0bbcf
0bbd3
0bbd7
0bbdb
0bbdf
0bbe3
09ec6
09eca
09f64
09f93
09f99
0a0fc
0a10b
0a298
0a322
0a330
0a4c7
0a4cd
0a4f0
0a4f6
0a50a
0a590
0a624
0a633
0a655
0a6d0
0a6e0
0a702
0abc8
0abd7
0ac4f
0ac8b
0ac94
0ad24
0ad29
0ada4
0adda
0ade3
0ae6e
0af36
0b491
0b671
0b86b
0b86f
0b873
0b877
0b9d8
0b9dc
0b9e0
0ba8f
0ba93
0bac3
0bbad
0bbb1
0bbea
0bbee
0bbf2
0bbf6
0bbfa
0bbfe
0bc02
0bc06
0bc0a
0bc0e
0bc12
0bc16
0bc1a
0a073
0a113
0a136
0a141
0a14c
0a2ad
0a43b
0a43f
0a4c9
0a52f
0a535
0a549
0a65e
0a664
0a68b
0a6a5
0a72c
0a7af
0a7c0
0a838
0a850
0a86c
0abe6
0ac61
0ac6a
0ad21
0adb1
0adba
0ae2d
0ae35
0ae6a
0ae70
0af22
0aff6
0b63b
0b822
0ba10
0ba14
0ba18
0ba22
0bac6
0baca
0bb79
0bb7d
0bc1d
0bc21
0bc25
0bc29
0bc2d
0bc31
0bc35
0bc39
0bc3d
0bc41
0bc45
0bc49
0bc4d
0bc51
0bc55
0bc59
0a0a8
0a0ac
0a152
0a17b
0a181
0a2e5
0a2f1
0a478
0a4f7
0a506
0a53d
0a543
0a56a
0a570
0a584
0a69f
0a6c4
0a6de
0a765
0a85c
0a868
0a87f
0abf8
0ac01
0ac79
0ad33
0ad3c
0adcc
0add1
0ae45
0ae77
0ae80
0aeea
0af4a
0b1b2
0b683
0b8a3
0ba4f
0ba53
0ba5d
0ba61
0bb03
0bbb2
0bbb6
0bbba
0bc1f
0bc5e
0bc62
0bc66
0bc6a
0bc6e
0bc72
0bc76
0bc7a
0bc7e
0bc82
0bc86
0bc8a
0bc8e
0bc92
0bc96
09f7f
0a18d
0a1b0
0a1bc
0a1c6
0a328
0a3d7
0a3e5
0a4b3
0a571
0a57b
0a586
0a5a7
0a5b1
0a6d0
0a6e0
0a702
0a798
0a79c
0a88c
0a8a0
0a8bc
0ac10
0ac8b
0ac94
0ad4b
0ad5d
0ad66
0addd
0ade5
0ae90
0ae96
0af36
0afb5
0b553
0b89c
0ba84
0ba88
0ba8c
0ba96
0bb3c
0bb40
0bbe9
0bbed
0bc5e
0bc62
0bc9b
0bc9f
0bca3
0bca7
0bcab
0bcaf
0bcb3
0bcb7
0bcbb
0bcbf
0bcc3
0bcc7
0bccb
0bccf
09fba
09fbe
0a1cc
0a1f5
0a1fb
0a35e
0a36d
0a417
0a4e6
0a4ea
0a5b3
0a5b9
0a5e0
0a5e6
0a5fa
0a678
0a709
0a717
0a73b
0a7d2
0a7ee
0a8b2
0ac22
0ac2b
0aca3
0acdf
0ace8
0ad78
0ad7d
0adf5
0ae9d
0aea6
0af02
0af5e
0b138
0b6fd
0b917
0b961
0b965
0b969
0b96d
0bace
0bad2
0bb81
0bb85
0bc9b
0bcd4
0bcd8
0bcdc
0bce0
0bce4
0bce8
0bcec
0bcf0
0bcf4
0bcf8
0bcfc
0bd00
0bd04
0bd08
0bd0c
09ff9
0a0d6
0a21c
0a230
0a238
0a39c
0a3c5
0a3c9
0a453
0a5e7
0a5f2
0a5fc
0a61d
0a627
0a6af
0a6b3
0a74a
0a76f
0a789
0a7e4
0a7fc
0a818
0ac3a
0acb5
0acbe
0acf7
0ad87
0ad90
0ae05
0ae0d
0aeb6
0aebc
0af0e
0b083
0b5c7
0b7e5
0b99c
0b9a0
0b9a4
0b9a8
0bb07
0bb0b
0bb0f
0bbbe
0bcd4
0bcd8
0bd11
0bd15
0bd19
0bd1d
0bd21
0bd25
0bd29
0bd2d
0bd31
0bd35
0bd39
0bd3d
0bd41
0bd45
0a034
0a038
0a0d2
0a101
0a107
0a26b
0a279
0a402
0a488
0a496
0a629
0a62f
0a652
0a658
0a66c
0a6ea
0a77a
0a78b
0a7ab
0a808
0a814
0a82b
0ac4c
0ac55
0accd
0ad09
0ad12
0ada2
0ada7
0ae1d
0ae51
0ae5a
0aed2
0af72
0b0ea
0b771
0b82f
0b9db
0b9df
0b9e3
0b9e7
0bb44
0bb48
0bbf1
0bbf5
0bc25
0bd0f
0bd13
0bd4c
0bd50
0bd54
0bd58
0bd5c
0bd60
0bd64
0bd68
0bd6c
0bd70
0bd74
0bd78
0bd7c
0a1e1
0a281
0a2a5
0a2af
0a2ba
0a417
0a59d
0a5a1
0a62b
0a68d
0a693
0a6a9
0a7b4
0a7ba
0a7d2
0a7ee
0a84c
0a8ab
0a8b8
0a922
0a934
0a950
0aa7a
0ac64
0acdf
0ace8
0ad9f
0ae2a
0ae33
0aea0
0aea8
0aed1
0af22
0b12c
0b151
0b1b4
0b917
0b9d9
0bb7a
0bb7e
0bb88
0bc28
0bc2c
0bcdb
0bcdf
0bd7f
0bd83
0bd87
0bd8b
0bd8f
0bd93
0bd97
0bd9b
0bd9f
0bda3
0bda7
0bdab
0bdaf
0bdb3
0bdb7
0a216
0a21a
0a2c0
0a2e9
0a2ef
0a44d
0a459
0a5da
0a659
0a668
0a69b
0a6a1
0a6c6
0a6cc
0a6e2
0a7e4
0a7fc
0a818
0a876
0a940
0a94c
0a95d
0a9ae
0ac76
0ac7f
0acf7
0adb1
0adba
0ae44
0ae4a
0aeb7
0aeda
0aee0
0af68
0b18f
0b1b2
0b683
0b9cd
0bbb3
0bbb7
0bbc1
0bbc5
0bc65
0bd14
0bd18
0bd1c
0bd81
0bdbe
0bdc2
0bdc6
0bdca
0bdce
0bdd2
0bdd6
0bdda
0bdde
0bde2
0bde6
0bdea
0bdee
0bdf2
0a0ed
0a2fb
0a31f
0a32a
0a334
0a48e
0a539
0a547
0a615
0a6cd
0a6d5
0a6dc
0a701
0a70b
0a808
0a814
0a82b
0a89a
0a89e
0a96a
0a978
0a994
0a9df
0ac8e
0ad09
0ad12
0adc9
0adda
0ade3
0ae54
0ae5c
0aee9
0af36
0af8f
0afb5
0b01e
0b82f
0ba4d
0bbea
0bbee
0bbf8
0bc9e
0bca2
0bd4b
0bd4f
0bdbc
0bdf5
0bdf9
0bdfd
0be01
0be05
0be09
0be0d
0be11
0be15
0be19
0be1d
0be21
0be25
0be29
0a128
0a12c
0a33a
0a363
0a369
0a4c2
0a4d1
0a579
0a648
0a64c
0a70d
0a713
0a738
0a73e
0a754
0a7ce
0a832
0a83e
0a855
0a8c8
0a8e4
0a98a
0a9fc
0aca0
0aca9
0ad21
0ad5d
0ad66
0adf4
0adfa
0ae6b
0aef2
0aef8
0af7c
0b00b
0b01e
0b6fd
0ba47
0bacd
0bad1
0bad5
0bad9
0bc30
0bc34
0bce3
0bce7
0bdf7
0be30
0be34
0be38
0be3c
0be40
0be44
0be48
0be4c
0be50
0be54
0be58
0be5c
0be60
0be64
0a167
0a244
0a38c
0a39e
0a3a6
0a4fe
0a527
0a52b
0a5b5
0a73f
0a748
0a74e
0a773
0a77d
0a7f6
0a7fa
0a862
0a87a
0a896
0a8da
0a8ec
0a908
0aa2d
0acb8
0ad33
0ad3c
0ad75
0ae02
0ae0b
0ae7a
0ae82
0af01
0af0e
0b05d
0b083
0b0ec
0b8a3
0b95f
0bb0a
0bb0e
0bb12
0bc69
0bc6d
0bc71
0bd20
0be2e
0be67
0be6b
0be6f
0be73
0be77
0be7b
0be7f
0be83
0be87
0be8b
0be8f
0be93
0be97
0be9b
0a1a2
0a1a6
0a240
0a26f
0a275
0a3d7
0a3e5
0a564
0a5ea
0a5f8
0a77f
0a785
0a7a8
0a7ae
0a7c2
0a822
0a885
0a892
0a8a7
0a8f8
0a904
0a915
0aa4a
0acca
0acd3
0ad4b
0ad87
0ad90
0ae1c
0ae22
0ae91
0aec2
0aec8
0af54
0b0d1
0b0ec
0b771
0b94d
0bb43
0bb47
0bb4b
0bb4f
0bca6
0bcaa
0bd53
0bd57
0bd85
0be69
0bea2
0bea6
0beaa
0beae
0beb2
0beb6
0beba
0bebe
0bec2
0bec6
0beca
0bece
0bed2
099a0
099ec
099f0
099ff
0a34d
0a351
0a3ef
0a415
0a41c
0a574
0a582
0a6f9
0a77a
0a78b
0a7d6
0a7e0
0a8a2
0a8b4
0a8ba
0a8cd
0a983
0a990
0aa06
0ab2c
0ace2
0ad5d
0ad66
0ae18
0ae9d
0aea6
0aef3
0af12
0af16
0b00b
0b0ea
0b0f0
0b0f4
0b0f8
0b137
0b360
0ba84
0bcd9
0bcdd
0bce1
0bceb
0bd87
0bd8b
0be34
0be38
0bed6
0beda
0bede
0bee2
0bee6
0beea
0beee
0bef2
0bef6
0befa
0befe
09a03
09a0e
09a55
09a60
09a77
0a386
0a428
0a44a
0a455
0a45f
0a5b5
0a730
0a734
0a7b8
0a7db
0a7e6
0a7ec
0a800
0a80a
0a8d4
0a8e0
0a8f1
0aa23
0aa90
0acf4
0acfd
0ad75
0ae2a
0ae31
0aeb6
0aebc
0af03
0af1e
0af68
0b149
0b155
0b159
0b15d
0b161
0b20d
0b7f1
0bb36
0bd16
0bd1a
0bd24
0bd28
0bdc2
0be6b
0be6f
0bed4
0bf02
0bf06
0bf0a
0bf0e
0bf12
0bf16
0bf1a
0bf1e
0bf22
0bf26
0bf2a
09a6e
09ab4
09ab8
09ac8
0a259
0a25d
0a465
0a48c
0a492
0a5ea
0a5f8
0a69f
0a769
0a76d
0a80b
0a812
0a828
0a82e
0a844
0a8fd
0a910
0a92c
0aa54
0aab5
0ad0c
0ad87
0ad90
0ae40
0ae51
0ae5a
0aec3
0af26
0af2a
0af8f
0b18a
0b1b6
0b1ba
0b1be
0b1c2
0b252
0b99b
0bd49
0bd4d
0bd51
0bd5b
0bdf9
0bdfd
0bea2
0bea6
0bf04
0bf2e
0bf32
0bf36
0bf3a
0bf3e
0bf42
0bf46
0bf4a
0bf4e
0bf52
098b7
098bb
098ca
09aca
09ad6
0a298
0a49e
0a4c0
0a4cb
0a4d5
0a62b
0a6d0
0a6e0
0a7a0
0a82f
0a83a
0a840
0a854
0a85e
0a91c
0a928
0a939
0aa70
0aacc
0ad1e
0ad27
0ad9f
0adda
0ade1
0ae6a
0ae70
0aed3
0af32
0af7c
0afb5
0afbb
0afbf
0afc3
0aff5
0b252
0b86a
0bbac
0bc30
0bc34
0bc38
0bc3c
0bd8f
0bd93
0be3c
0bf2c
0bf56
0bf5a
0bf5e
0bf62
0bf66
0bf6a
0bf6e
0bf72
0bf76
0bf7a
0bf7e
098d2
0991e
09922
09931
0a2d3
0a2d7
0a3b4
0a4fc
0a502
0a659
0a668
0a687
0a709
0a717
0a860
0a866
0a87c
0a882
0a898
0a946
0a958
0a974
0a9b8
0aaf1
0ad36
0adb1
0adba
0adf0
0ae77
0ae80
0aedb
0af3a
0af3e
0b007
0b020
0b024
0b028
0b02c
0b18e
0b2dc
0ba0f
0bc69
0bc6d
0bc71
0bc75
0bdc6
0bdca
0be73
0be77
0bf58
0bf82
0bf86
0bf8a
0bf8e
0bf92
0bf96
0bf9a
0bf9e
0bfa2
0bfa6
09935
09940
09987
09992
099a9
0a312
0a3ac
0a3d4
0a3df
0a3e9
0a53f
0a6be
0a6c2
0a74a
0a883
0a88e
0a894
0a8a6
0a8ae
0a963
0a970
0a97f
0a9d5
0ab08
0ad48
0ad51
0adc9
0ae02
0ae09
0ae90
0ae96
0aeeb
0af0a
0af54
0b06e
0b087
0b08b
0b08f
0b093
0b2dc
0b8de
0baba
0bca6
0bcaa
0bcae
0bcb2
0be01
0be05
0beaa
0bed8
0bf80
0bfaa
0bfae
0bfb2
0bfb6
0bfba
0bfbe
0bfc2
0bfc6
0bfca
0bfce
098ca
099cb
099cf
09ab0
09aca
09ad6
09ba3
09bde
09bec
0a4b3
0a54f
0a571
0a57b
0a586
0a6d7
0a885
0a892
0a8cc
0a8d6
0a97a
0a98c
0a992
0aa06
0aad3
0abd4
0ad60
0adda
0ade1
0ae8c
0aef2
0aef8
0af33
0af50
0afa0
0afb9
0afbd
0afc7
0afcb
0b0ce
0b0d2
0b0d6
0b0da
0b2e1
0b4a8
0ba85
0be32
0be36
0be40
0be44
0bede
0bfd0
0bfd4
0bfd8
0bfdc
0bfe0
0bfe4
0bfe8
0bfec
0bff0
0bff4
098b1
098b5
098d2
0992b
09942
09a34
09be6
09bee
09c26
0a4e6
0a4ea
0a58c
0a5b3
0a5b9
0a709
0a717
0a8b2
0a8d1
0a8dc
0a8e2
0a8f0
0a8fa
0aa23
0aaea
0ab43
0ad72
0ad7b
0adf0
0ae9d
0aea4
0af01
0af3b
0af58
0af5c
0b01c
0b022
0b026
0b030
0b071
0b137
0b13b
0b13f
0b324
0b328
0b4e1
0bc99
0be6d
0be71
0be7b
0bf06
0bf0a
0bfd2
0bffa
0bffe
0c002
0c006
0c00a
0c00e
0c012
0c016
0c01a
0991a
09935
09940
09998
09a95
09a99
09c2d
09c62
09c72
0a3c7
0a5c5
0a5e7
0a5f2
0a5fc
0a74a
0a7de
0a7ea
0a8fb
0a902
0a912
0a918
0a92e
0aa54
0ab0f
0ab65
0ad8a
0ae02
0ae09
0aeb2
0aec2
0aec8
0af0b
0af64
0b06e
0b087
0b08b
0b095
0b099
0b198
0b19c
0b1a0
0b1a4
0b365
0b3ac
0b99c
0bea0
0bea4
0beae
0beb2
0bf32
0bff8
0c01c
0c020
0c024
0c028
0c02c
0c030
0c034
0c038
0c03c
09889
0988d
09981
0999c
099a7
099ff
09b0f
09b1d
09c6c
0a400
0a404
0a602
0a629
0a62f
0a77a
0a78b
0a80d
0a919
0a924
0a92a
0a938
0a942
0aa70
0ab25
0ab7b
0ad9c
0ada5
0ae18
0ae51
0ae58
0aed1
0af13
0af6c
0af70
0af8f
0af93
0af97
0b0e9
0b0ef
0b0f3
0b0fd
0b101
0b210
0b214
0b42a
0bd0f
0bd8f
0bd93
0bd97
0bf5a
0bf5e
0c01e
0c042
0c046
0c04a
0c04e
0c052
0c056
0c05a
0c05e
0c062
098f2
099e6
099ea
09a07
09a60
09a77
09b19
09b54
09b62
0a43d
0a514
0a650
0a662
0a66a
0a7b8
0a832
0a83e
0a944
0a94a
0a95a
0a960
0a976
0a9b8
0aa97
0ab9d
0adb4
0ae2a
0ae31
0ae66
0aeda
0aee0
0af1f
0af78
0aff4
0aff8
0affc
0b148
0b154
0b158
0b15c
0b166
0b18f
0b257
0b42a
0ba10
0bdc6
0bdca
0bdce
0bdd2
0bf86
0c040
0c064
0c068
0c06c
0c070
0c074
0c078
0c07c
0c080
0c084
09957
0995b
09a4f
09a69
09a75
09ac8
09b5c
09b64
09b9c
0a476
0a47a
0a510
0a53d
0a543
0a697
0a6a7
0a862
0a961
0a96c
0a972
0a97e
0a986
0a9d5
0aaae
0abb3
0adc6
0adcf
0ae40
0ae77
0ae7e
0aee9
0af27
0af44
0af48
0b05b
0b05f
0b063
0b189
0b1b5
0b1b9
0b1bd
0b1c7
0b29a
0b29e
0b4a8
0bc1d
0be01
0be05
0be09
0bfaa
0bfae
0bfd6
0c066
0c08a
0c08e
0c092
0c096
0c09a
0c09e
0c0a2
0c0a6
09a23
09a3c
09a5e
09a6c
09a75
09b2f
09b50
09b5e
09b67
09ce0
09cf0
09cf9
0a9b6
0aa70
0aa7a
0aaf0
0ac44
0ae65
0af44
0b123
0b12e
0b13b
0b154
0b16c
0b191
0b1cc
0b25a
0b281
0b29f
0b30c
0b323
0b3d0
0b3ed
0b3f1
0b413
0b42c
0b430
0b4d5
0b5a0
0b5c9
0b5de
0b679
0b684
0b695
0b7be
0b7ea
0b801
0b805
0b8ac
0b96f
0c0a8
0c0ac
0c0b0
0c0b4
0c0b8
0c0bc
0c0c0
0c0c4
0c0c8
0c0cc
09a82
09a97
09a9f
09ac6
09ad2
09b72
09b85
09b9c
09ba7
09c62
09d27
09d33
09f4f
0a9b1
0a9bc
0a9e2
0ac53
0ae3f
0af30
0af86
0afa1
0afcd
0b0ce
0b195
0b1ac
0b1ce
0b27c
0b2a5
0b2d1
0b2e6
0b35a
0b394
0b40f
0b434
0b438
0b454
0b46b
0b46f
0b50f
0b5e0
0b605
0b61b
0b698
0b6c2
0b6d2
0b7e0
0b827
0b83e
0b842
0b8e9
0ba57
0c0d1
0c0d5
0c0d9
0c0dd
0c0e1
0c0e5
0c0e9
0c0ed
0c0f1
0c0f5
09897
098a0
098c3
098d0
098d9
09bc2
09bca
09be1
09bec
09d5e
09d6e
09d77
0a9d5
0a9df
0aa04
0ab2b
0abf0
0ae8b
0af58
0af83
0afa8
0afaf
0afd1
0b008
0b034
0b136
0b208
0b2c1
0b2ea
0b316
0b32b
0b44c
0b463
0b475
0b479
0b49c
0b4ac
0b4b0
0b5ff
0b61f
0b650
0b69a
0b6d5
0b6fe
0b70f
0b846
0b86c
0b87d
0b881
0b9e9
0c0d0
0c0fa
0c0fe
0c102
0c106
0c10a
0c10e
0c112
0c116
0c11a
098f2
09902
09909
0992f
0993d
09b54
09c09
09c1f
09c2d
09c36
09da5
09db1
09e5b
0a9ff
0aa0a
0aa30
0abff
0adef
0af08
0afee
0aff9
0b011
0b01f
0b03a
0b074
0b09d
0b244
0b255
0b32d
0b34e
0b368
0b414
0b48d
0b4b2
0b4b6
0b4cd
0b4e3
0b4e7
0b50b
0b525
0b589
0b656
0b6f3
0b736
0b74a
0b7ec
0b883
0b8ae
0b8ba
0b8be
0ba26
0c11f
0c123
0c127
0c12b
0c12f
0c133
0c137
0c13b
0c13f
0c143
09965
0996e
09991
0999e
099a7
09c46
09c4e
09c66
09c70
09dd6
09de6
09def
0aa23
0aa2d
0aa52
0aab4
0ac1a
0aeb1
0af6c
0b056
0b073
0b07c
0b09e
0b0c1
0b0e1
0b19e
0b1f6
0b201
0b218
0b292
0b36d
0b391
0b39d
0b3b0
0b3b4
0b4db
0b4ed
0b4f1
0b529
0b555
0b564
0b714
0b74f
0b77c
0b78b
0b89d
0b8e0
0b8f5
0b8f9
0b995
0c11e
0c148
0c14c
0c150
0c154
0c158
0c15c
0c160
0c164
0c168
099b7
099cd
099d7
099fd
09a0b
09ae8
09afb
09b12
09b1d
09bde
09ca9
09cb5
09edb
0aa4d
0aa58
0aa7d
0ac29
0ae17
0af1c
0af92
0b0be
0b0ca
0b0e4
0b106
0b12d
0b16d
0b1ec
0b21b
0b245
0b25f
0b2d6
0b389
0b3a6
0b3b8
0b3bc
0b3dc
0b3f7
0b3fb
0b548
0b568
0b5a3
0b60e
0b76d
0b7aa
0b7c2
0b866
0b8fd
0b922
0b930
0b934
0ba9a
0c16c
0c170
0c174
0c178
0c17c
0c180
0c184
0c188
0c18c
0c190
09c02
09c0c
09c21
09c2d
09c36
09cc7
09ce1
09cec
09cf9
09e57
09e64
09e6f
0a9a3
0aa72
0aa9d
0ab27
0ab30
0acbf
0af62
0b015
0b18d
0b307
0b312
0b32d
0b349
0b368
0b3cf
0b3fc
0b41a
0b42d
0b4a3
0b549
0b569
0b56d
0b58b
0b5a3
0b5a9
0b645
0b712
0b737
0b752
0b7e7
0b7f3
0b803
0b92c
0b95a
0b96f
0b974
0ba1a
0badb
0c0aa
0c0ae
0c16c
0c195
0c199
0c19d
0c1a1
0c1a5
0c1a9
0c1ad
09c3c
09c45
09c4e
09c66
09c70
09d03
09d14
09d28
09d33
09dd5
09e9a
09ea7
0a0b0
0a9ca
0aa90
0aa97
0aab7
0acd0
0aeb1
0af8c
0b07c
0b1f1
0b200
0b216
0b351
0b35d
0b371
0b433
0b454
0b46a
0b4ce
0b50e
0b586
0b5ac
0b5b0
0b5cb
0b5df
0b5e6
0b67f
0b74f
0b774
0b78f
0b80a
0b830
0b840
0b94e
0b997
0b9ac
0b9b1
0ba57
0bbbb
0c0d2
0c146
0c1b1
0c1b5
0c1b9
0c1bd
0c1c1
0c1c5
0c1c9
0c1cd
09aef
09af8
09b0c
09b19
09b22
09d4d
09d53
09d67
09d72
09ed1
09ede
09ee9
0a9d7
0aa0d
0aab0
0aaba
0aad9
0ac6b
0af76
0aff3
0b0e3
0b1ed
0b205
0b219
0b241
0b25d
0b39f
0b44d
0b47b
0b49d
0b4ab
0b5c0
0b5d7
0b5eb
0b5ef
0b610
0b621
0b625
0b76d
0b791
0b7c2
0b80d
0b847
0b86c
0b87d
0b9b5
0b9da
0b9ec
0b9f0
0bb51
0c0d6
0c0fb
0c16f
0c1d1
0c1d5
0c1d9
0c1dd
0c1e1
0c1e5
0c1e9
09b2c
09b38
09b40
09b57
09b62
09ce7
09d8f
09da0
09da9
09db6
09f14
09f21
09fc6
0aa18
0aacc
0aad3
0aaf3
0ac7c
0ae65
0aff7
0b12f
0b236
0b247
0b24e
0b262
0b28c
0b2a6
0b3e7
0b4b1
0b4cd
0b4e2
0b588
0b600
0b626
0b62a
0b63f
0b653
0b65a
0b679
0b693
0b6f9
0b7c8
0b861
0b8a5
0b8b8
0b958
0b9f2
0ba1c
0ba29
0ba2d
0bb8c
0c0b2
0c124
0c1ed
0c1f1
0c1f5
0c1f9
0c1fd
0c201
0c205
0c209
09b79
09b82
09b96
09ba3
09bac
09dc5
09dcb
09ddf
09dea
09f45
09f52
09f5c
0a9ad
0aa53
0aaec
0aaf6
0ab15
0ac95
0af4e
0b0c1
0b1ab
0b27d
0b28f
0b2a3
0b2c5
0b2e4
0b390
0b398
0b3ae
0b41d
0b4eb
0b50c
0b51a
0b52d
0b531
0b64b
0b65f
0b663
0b698
0b6c4
0b6d8
0b887
0b8c1
0b8eb
0b8f7
0ba0b
0ba4e
0ba63
0ba68
0bb01
0c0d7
0c149
0c14d
0c20d
0c211
0c215
0c219
0c21d
0c221
0c225
09bb8
09bc1
09bca
09be1
09bec
09c85
09c96
09caa
09cb5
09d5d
09e20
09e2d
0a040
0aa4f
0ab08
0ab0f
0ab2e
0aca6
0ae8b
0afa9
0b0c9
0b2c0
0b2cb
0b2d8
0b2ec
0b310
0b332
0b3b5
0b3d5
0b3f4
0b455
0b503
0b520
0b534
0b538
0b557
0b571
0b575
0b6b6
0b6da
0b70d
0b77e
0b8db
0b919
0b92e
0b9d2
0ba6c
0ba90
0ba9f
0baa3
0bbfc
0c100
0c172
0c20b
0c22c
0c230
0c234
0c238
0c23c
0c240
0c244
09d88
09d92
09d9e
09dab
09db6
09e3f
09e5d
09e66
09e6f
09fc7
09fd2
09fdd
0a9ec
0aa34
0ab28
0ab4f
0abd0
0abd8
0ad3d
0b243
0b311
0b48d
0b498
0b4b1
0b4cb
0b4e2
0b547
0b576
0b590
0b5a7
0b615
0b6b7
0b6d6
0b6de
0b6fa
0b70f
0b71a
0b7b5
0b883
0b8a6
0b8c5
0b955
0b960
0b973
0ba9c
0bac8
0badb
0bae0
0bb80
0bc3d
0c0fe
0c124
0c195
0c247
0c24b
0c24f
0c253
0c257
0c25b
0c25f
09dbd
09dc6
09dce
09ddf
09dea
09e79
09e8a
09ea0
09ea7
09f43
0a009
0a016
0a226
0aa28
0aa95
0ab43
0ab49
0ab67
0ad4e
0b077
0b28b
0b38f
0b39c
0b3ae
0b4d2
0b4de
0b4f5
0b5a0
0b5cb
0b5dc
0b640
0b67c
0b6f4
0b713
0b720
0b736
0b74c
0b757
0b7ed
0b8c0
0b8e2
0b902
0b979
0b99d
0b9b0
0babc
0bb03
0bb16
0bb1b
0bbbb
0bd1d
0c129
0c14f
0c1b5
0c265
0c269
0c26d
0c271
0c275
0c279
0c27d
09c8d
09c96
09ca2
09caf
09cba
09ec1
09ec7
09edd
09ee4
0a041
0a04c
0a057
0aa3d
0aa81
0aad6
0ab61
0ab6a
0ab87
0ace9
0b204
0b2d6
0b38b
0b3a3
0b3b5
0b3d9
0b3f4
0b51c
0b5c1
0b5f1
0b60f
0b621
0b72e
0b745
0b75b
0b75f
0b77f
0b792
0b796
0b8db
0b903
0b92e
0b97c
0b9b6
0b9da
0b9ed
0bb1f
0bb42
0bb54
0bb58
0bcb3
0c0d6
0c171
0c1d1
0c27f
0c283
0c287
0c28b
0c28f
0c293
0c297
09cc5
09cd0
09cd8
09ce9
09cf5
09e56
09f01
09f15
09f1d
09f26
0a083
0a08f
0a139
0aa64
0aad1
0ab7b
0ab81
0ab9f
0acfa
0b12e
0b30c
0b3ce
0b3df
0b3e6
0b3ee
0b41e
0b43d
0b55f
0b61d
0b63f
0b650
0b6f6
0b76e
0b78d
0b79a
0b7aa
0b7c4
0b7cb
0b7e7
0b801
0b867
0b93a
0b9cf
0ba12
0ba28
0bac6
0bb5a
0bb82
0bb8f
0bb93
0bcee
0c0ac
0c176
0c1f1
0c29d
0c2a1
0c2a5
0c2a9
0c2ad
0c2b1
0c2b5
09d0b
09d14
09d20
09d2d
09d38
09f35
09f3b
09f51
09f58
0a0b1
0a0c0
0a0cb
0a99e
0a9e6
0ab12
0ab99
0aba2
0abbf
0ad13
0b28e
0b35a
0b40f
0b421
0b433
0b451
0b46a
0b50a
0b512
0b52c
0b595
0b65d
0b67a
0b685
0b69e
0b6a2
0b7b9
0b7cf
0b7d3
0b809
0b832
0b84b
0b9f6
0ba30
0ba59
0ba67
0bb73
0bbb2
0bbc7
0bbcc
0bc63
0c0b0
0c0d3
0c20d
0c2b7
0c2bb
0c2bf
0c2c3
0c2c7
0c2cb
0c2cf
09d44
09d4c
09d56
09d67
09d72
09dff
09e10
09e26
09e2d
09ecf
09f8f
09f9b
0a1b3
0a9da
0ab0d
0abb3
0abb9
0abd6
0ad24
0afa8
0b207
0b44c
0b457
0b464
0b474
0b496
0b4bc
0b529
0b54d
0b562
0b5cc
0b671
0b68e
0b6a4
0b6a8
0b6c3
0b6e1
0b6e5
0b824
0b84c
0b87b
0b8ea
0ba49
0ba87
0ba9e
0bb3c
0bbd0
0bbf2
0bc01
0bc05
0bd5e
0c0f8
0c14e
0c22c
0c2d4
0c2d8
0c2dc
0c2e0
0c2e4
0c2e8
0c2ec
09ef9
09f04
09f11
09f1c
09f26
09fad
09fcc
09fd5
09fdd
0a132
0a13f
0a14b
0a9cd
0aac3
0aafa
0abd1
0abef
0ac56
0adbb
0b3dd
0b497
0b600
0b60b
0b61d
0b63a
0b650
0b6b5
0b6e6
0b6fe
0b710
0b783
0b825
0b849
0b850
0b865
0b87d
0b881
0b921
0b9ea
0ba13
0ba34
0bac3
0bacc
0badf
0bbfe
0bc2a
0bc3d
0bc42
0bce2
0bd9b
0c0dc
0c0fe
0c105
0c109
0c248
0c2ef
0c2f3
0c2f7
0c2fb
0c2ff
09f2e
09f36
09f3e
09f4c
09f58
09fe8
09ff8
0a00e
0a016
0a0b7
0a177
0a183
0a395
0a9f6
0aaef
0ab48
0abe9
0ac00
0adcc
0b28e
0b41d
0b508
0b517
0b526
0b642
0b64e
0b666
0b711
0b736
0b74a
0b7ad
0b7ec
0b862
0b886
0b88e
0b8a5
0b8ba
0b8be
0b959
0ba27
0ba50
0ba71
0bae5
0bb07
0bb1a
0bc1e
0bc65
0bc78
0bc7d
0bd1d
0be73
0c123
0c12a
0c12e
0c20d
0c266
0c306
0c30a
0c30e
0c312
0c316
09e09
09e10
09e1d
09e28
09e32
0a030
0a035
0a04b
0a052
0a1ac
0a1ba
0a1c5
0aa1b
0aaff
0ab35
0ab84
0ac02
0ac19
0ad67
0b3a2
0b464
0b506
0b51e
0b529
0b553
0b562
0b689
0b72f
0b760
0b77c
0b78c
0b89c
0b8b3
0b8c9
0b8cd
0b8ec
0b8f9
0b904
0ba49
0ba6d
0ba9e
0bae8
0bb20
0bb42
0bb55
0bc81
0bca4
0bcb6
0bcba
0be0d
0c12a
0c14e
0c153
0c157
0c280
0c319
0c31d
0c321
0c325
0c329
09e3d
09e49
09e50
09e61
09e6a
09fc9
0a06f
0a084
0a08c
0a094
0a1f0
0a1fe
0a2a8
0aa44
0ab1c
0ab80
0ac13
0ac2a
0ad78
0b311
0b494
0b545
0b558
0b55e
0b56a
0b591
0b5a6
0b6cd
0b78d
0b7aa
0b7c2
0b866
0b8dc
0b8ff
0b908
0b919
0b930
0b934
0b955
0b971
0b9d3
0ba9d
0bb39
0bb78
0bb8e
0bc28
0bcbc
0bce4
0bcf1
0bcf5
0be46
0c16d
0c177
0c17b
0c195
0c29e
0c330
0c334
0c338
0c33c
0c340
09e82
09e8a
09e97
09ea2
09eac
0a0a4
0a0a9
0a0bf
0a0c6
0a222
0a22e
0a239
0aa68
0aa87
0aabe
0abbc
0ac2c
0ac43
0ad91
0b420
0b4dc
0b586
0b597
0b5a0
0b5c6
0b5dc
0b678
0b67e
0b695
0b703
0b7ce
0b7e8
0b7f4
0b805
0b810
0b927
0b93d
0b941
0b970
0b99f
0b9ba
0bb5e
0bb96
0bbbd
0bbcb
0bcd5
0bd15
0bd29
0bd2e
0bdbf
0c0ab
0c0b4
0c0b8
0c177
0c2b8
0c343
0c347
0c34b
0c34f
0c353
09eba
09ec2
09eca
09ed8
09ee4
09f6e
09f7e
09f94
09f9b
0a043
0a0fd
0a10a
0a322
0a9a8
0aab3
0abb8
0ac3d
0ac54
0ada2
0b204
0b3a7
0b5c0
0b5cc
0b5d8
0b5ea
0b605
0b620
0b697
0b6ba
0b6d0
0b739
0b7df
0b7fc
0b812
0b816
0b831
0b842
0b853
0b992
0b9b6
0b9eb
0ba58
0bbaf
0bbe8
0bc00
0bc9e
0bd32
0bd54
0bd63
0bd67
0beb4
0c0d4
0c0dc
0c0e0
0c1d1
0c2d5
0c35a
0c35e
0c362
0c366
0c36a
0a067
0a072
0a07f
0a08c
0a094
0a11b
0a135
0a142
0a14b
0a29d
0a2ad
0a2b9
0a9d0
0aaa9
0ab80
0abec
0ac6d
0acd4
0ae35
0b558
0b60a
0b76e
0b779
0b78d
0b7a7
0b7c2
0b823
0b854
0b86c
0b885
0b8f1
0b993
0b9b8
0b9be
0b9d5
0b9eb
0b9f0
0ba8f
0bb52
0bb79
0bb9a
0bc25
0bc2e
0bc41
0bd60
0bd88
0bd9b
0bda0
0be3a
0bee2
0c0f9
0c1d1
0c1d7
0c1db
0c2ee
0c36d
0c371
0c375
0c379
0c37d
0a09a
0a0a3
0a0ac
0a0bd
0a0c6
0a155
0a166
0a17c
0a183
0a221
0a2e0
0a2f1
0a4f7
0aa66
0aaca
0abc2
0ac67
0ac7e
0ae47
0b420
0b595
0b677
0b684
0b69b
0b7af
0b7bc
0b7d5
0b883
0b8a5
0b8b8
0b91c
0b958
0b9d0
0b9f5
0b9fc
0ba12
0ba28
0ba2d
0bac7
0bb8d
0bbb4
0bbd5
0bc47
0bc69
0bc7c
0bd7e
0bdc1
0bdd4
0bdd9
0be73
0bf84
0c125
0c1f3
0c1f7
0c2b9
0c305
0c384
0c388
0c38c
0c390
0c394
09f75
09f7e
09f8b
09f98
09fa0
0a19d
0a1a3
0a1b9
0a1c1
0a317
0a328
0a333
0a9a4
0aae5
0abb8
0ac16
0ac80
0ac97
0ade5
0b51d
0b5d8
0b674
0b68b
0b697
0b6c0
0b6d0
0b7f8
0b89d
0b8ce
0b8eb
0b901
0ba0a
0ba21
0ba37
0ba3b
0ba5a
0ba68
0ba72
0bbaf
0bbd1
0bc00
0bc4a
0bc82
0bca4
0bcb7
0bddd
0bdfe
0be10
0be14
0bf36
0c0d7
0c20d
0c213
0c217
0c318
0c397
0c39b
0c39f
0c3a3
0c3a7
09faa
09fb7
09fbe
09fd0
09fd8
0a131
0a1dd
0a1ec
0a1fa
0a202
0a35a
0a36c
0a412
0aa47
0ab06
0abd3
0ac91
0aca8
0adf7
0b497
0b608
0b6b4
0b6c6
0b6cc
0b6dc
0b700
0b718
0b83b
0b8fd
0b919
0b92e
0b9d2
0ba4a
0ba6e
0ba76
0ba87
0ba9e
0baa3
0bac3
0badd
0bb3d
0bbff
0bc9b
0bcda
0bcf0
0bd86
0be16
0be3c
0be49
0be4d
0bf60
0c173
0c22e
0c232
0c249
0c32f
0c3ae
0c3b2
0c3b6
0c3ba
0c3be
09fef
09ff8
0a007
0a012
0a01a
0a211
0a217
0a22d
0a234
0a38b
0a39c
0a3a7
0a9f1
0ab20
0ab48
0ac40
0acaa
0acc1
0ae0d
0b596
0b64c
0b6f4
0b705
0b711
0b733
0b74a
0b7e6
0b7ee
0b803
0b871
0b93c
0b956
0b961
0b974
0b97e
0ba95
0baab
0baaf
0badc
0bb09
0bb24
0bcc0
0bcf8
0bd1f
0bd2d
0be2d
0be6a
0be7f
0be84
0bf06
0c0ab
0c196
0c19c
0c22e
0c342
0c3c1
0c3c5
0c3c9
0c3cd
0c3d1
0a026
0a02f
0a038
0a049
0a052
0a0db
0a0ec
0a102
0a10a
0a1ab
0a266
0a277
0a488
0aa19
0aa8e
0ab8a
0acbb
0acd2
0ae1f
0b3a2
0b521
0b72e
0b739
0b746
0b75b
0b774
0b792
0b809
0b829
0b83e
0b8a8
0b94d
0b96a
0b980
0b984
0b99e
0b9b1
0b9c1
0bafe
0bb20
0bb53
0bbbc
0bd11
0bd4b
0bd62
0bdf8
0be88
0beaa
0beb9
0bebd
0bfb0
0c146
0c1b7
0c1bb
0c281
0c359
0c3d8
0c3dc
0c3e0
0c3e4
0c3e8
0a1d5
0a1e0
0a1ea
0a1fa
0a202
0a289
0a2a4
0a2b0
0a2b9
0a407
0a417
0a423
0aa3c
0aaad
0ab5d
0ac6a
0aceb
0ad52
0aea8
0b0fc
0b6c6
0b778
0b8dc
0b8e7
0b8fd
0b916
0b92e
0b991
0b9c2
0b9da
0b9f4
0ba5f
0baff
0bb22
0bb28
0bb3f
0bb53
0bb58
0bbf1
0bcb4
0bcdb
0bcfc
0bd83
0bd8c
0bd9f
0beb6
0bede
0bee5
0bee9
0bfb2
0c171
0c281
0c286
0c28a
0c36c
0c3eb
0c3ef
0c3f3
0c3f7
0c3fb
0a209
0a212
0a21a
0a229
0a234
0a2c3
0a2d4
0a2ea
0a2f1
0a38a
0a448
0a45a
0a659
0aa6d
0ab76
0ac46
0ace5
0acfc
0aeb9
0b155
0b596
0b703
0b7e5
0b7f3
0b80e
0b91e
0b92a
0b943
0b9f2
0ba12
0ba28
0ba8a
0bac6
0bb3a
0bb5d
0bb64
0bb78
0bb8e
0bb93
0bc29
0bcef
0bd17
0bd37
0bda5
0bdc6
0bdd8
0bed4
0bf08
0bf0f
0bf13
0bffc
0c1f0
0c2a0
0c2a4
0c343
0c383
0c402
0c406
0c40a
0c40e
0c412
0a0e4
0a0ec
0a0f6
0a106
0a10e
0a30b
0a311
0a327
0a32e
0a47d
0a48e
0a499
0a99d
0aae9
0ab95
0ac94
0acfe
0ad15
0ae5c
0b1c4
0b68a
0b746
0b7e2
0b7fa
0b809
0b82f
0b83e
0b965
0ba0b
0ba3c
0ba59
0ba70
0bb72
0bb87
0bb9d
0bba1
0bbbe
0bbcc
0bbd6
0bd11
0bd33
0bd62
0bda8
0bdde
0bdfe
0be11
0bf15
0bf36
0bf3b
0bfaa
0c0d2
0c2b9
0c2be
0c2c2
0c396
0c415
0c419
0c41d
0c421
0c425
0a117
0a125
0a12c
0a13b
0a146
0a29c
0a34b
0a35b
0a368
0a370
0a4be
0a4d0
0a574
0a9d2
0abae
0abf2
0ad0f
0ad26
0ae6d
0afb9
0b60a
0b776
0b822
0b834
0b83a
0b84e
0b86e
0b88a
0b9a9
0ba6c
0ba87
0ba9e
0bb3c
0bbb0
0bbd2
0bbda
0bbe8
0bc00
0bc05
0bc25
0bc3f
0bc9f
0bd61
0bdf5
0be32
0be48
0bedc
0bf3f
0bf60
0bf65
0c044
0c22b
0c2d7
0c2db
0c2ef
0c3ad
0c42c
0c430
0c434
0c438
0c43c
0a15d
0a166
0a170
0a180
0a188
0a37f
0a385
0a39b
0a3a2
0a4ed
0a4fe
0a509
0a9eb
0ab24
0abcc
0acbe
0ad28
0ad3f
0ae82
0b02e
0b704
0b7ba
0b862
0b873
0b883
0b8a2
0b8b8
0b954
0b95c
0b973
0b9df
0baaa
0bac4
0bacd
0bae0
0baea
0bbf7
0bc0d
0bc11
0bc3e
0bc6b
0bc86
0be1a
0be50
0be75
0be83
0bf56
0bf86
0bf8d
0bf91
0c123
0c24a
0c24f
0c2d7
0c3c0
0c43f
0c443
0c447
0c44b
0c44f
0a195
0a19e
0a1a6
0a1b5
0a1c1
0a249
0a25a
0a270
0a277
0a316
0a3d2
0a3e4
0a5ea
0aa20
0ab3e
0ac1c
0ad39
0ad50
0ae93
0b087
0b51d
0b68f
0b89c
0b8a8
0b8b4
0b8c9
0b8e2
0b904
0b978
0b997
0b9ae
0ba15
0babb
0bad6
0baec
0baf0
0bb08
0bb1b
0bb2b
0bc60
0bc82
0bcb5
0bd1e
0be67
0bea0
0beb8
0bf30
0bf93
0bfb0
0bfb7
0c088
0c1b4
0c268
0c26c
0c319
0c3d7
0c456
0c45a
0c45e
0c462
0c466
0a343
0a34e
0a359
0a368
0a370
0a3f5
0a40e
0a41a
0a423
0a569
0a579
0a585
0aafe
0ab5e
0abfc
0ace8
0ad69
0add0
0aef7
0afd4
0b0db
0b0fc
0b834
0b8e6
0ba4a
0ba55
0ba6c
0ba84
0ba9e
0bafd
0bb2c
0bb42
0bb5c
0bbc3
0bc61
0bc84
0bc8a
0bca1
0bcb5
0bcba
0bd53
0be0e
0be33
0be54
0bed9
0bee4
0bf95
0bfd4
0bfdb
0bfdf
0c22a
0c319
0c31e
0c322
0c3ea
0c469
0c46d
0c471
0c475
0c479
0a377
0a380
0a388
0a398
0a3a2
0a42d
0a43c
0a452
0a45a
0a4ec
0a5aa
0a5bc
0a7af
0ab24
0ac0e
0acc4
0ad63
0ad7a
0af01
0b030
0b13d
0b155
0b704
0b871
0b953
0b960
0b97d
0ba8c
0ba98
0bab1
0bb5a
0bb78
0bb8e
0bbeb
0bc28
0bc9c
0bcbf
0bcc6
0bcda
0bcf0
0bcf5
0bd87
0be47
0be6c
0be8d
0beec
0bf0e
0bfbb
0bfe1
0bfff
0c003
0c29e
0c331
0c335
0c3c1
0c401
0c480
0c484
0c488
0c48c
0c490
0a251
0a25a
0a265
0a274
0a27c
0a471
0a477
0a48d
0a495
0a5df
0a5f0
0a5fb
0aa86
0ab96
0ac26
0ad12
0ad7c
0ad93
0aec7
0b0a2
0b1a5
0b1c4
0b7f9
0b8b4
0b950
0b967
0b978
0b99b
0b9ae
0bad1
0bb73
0bba2
0bbbd
0bbd4
0bcd4
0bce9
0bcff
0bd03
0bd20
0bd2e
0bd38
0be67
0be89
0beb8
0beef
0bf16
0bf38
0bff8
0c020
0c025
0c1b3
0c343
0c348
0c34c
0c414
0c493
0c497
0c49b
0c49f
0c4a3
0a287
0a292
0a29a
0a2aa
0a2b4
0a406
0a4af
0a4bf
0a4cc
0a4d4
0a620
0a631
0a6d0
0aaad
0ac38
0ac70
0ad8d
0ada4
0aed1
0af93
0afb9
0b0fe
0b778
0b8e4
0b990
0b9a1
0b9a8
0b9bc
0b9dc
0b9f8
0bb13
0bbd0
0bbe8
0bc00
0bc9e
0bd12
0bd34
0bd3c
0bd4b
0bd62
0bd67
0bd83
0bd9d
0bdf9
0beb7
0bf2d
0bf5c
0bf64
0c029
0c047
0c04b
0c2d5
0c35b
0c35f
0c36d
0c42b
0c4aa
0c4ae
0c4b2
0c4b6
0c4ba
0a2cb
0a2d4
0a2df
0a2ee
0a2f6
0a4e1
0a4e7
0a4fd
0a504
0a64f
0a660
0a66b
0aac2
0abcd
0ac50
0ad3c
0ada6
0adbd
0aedf
0b000
0b02e
0b170
0b872
0b928
0b9d0
0b9e1
0b9f2
0ba0f
0ba28
0bac2
0baca
0badf
0bb47
0bc0c
0bc26
0bc2f
0bc42
0bc4c
0bd59
0bd6f
0bd73
0bd9c
0bdc8
0bde2
0bf43
0bf6a
0bf8c
0c040
0c068
0c06d
0c1ef
0c2f0
0c2f5
0c35b
0c43e
0c4bd
0c4c1
0c4c5
0c4c9
0c4cd
0a302
0a30c
0a314
0a324
0a32e
0a3b7
0a3c6
0a3dc
0a3e4
0a47c
0a534
0a545
0a742
0aae9
0abe4
0ac9a
0adb7
0adce
0aee9
0b061
0b087
0b1c6
0b68a
0b7fd
0ba0a
0ba15
0ba22
0ba37
0ba50
0ba72
0bae4
0bb03
0bb18
0bb7b
0bc1d
0bc38
0bc4e
0bc52
0bc6a
0bc7d
0bc8d
0bdbc
0bdde
0be0f
0be74
0bf81
0bfac
0bfb6
0c071
0c08d
0c091
0c266
0c307
0c30b
0c397
0c455
0c4d4
0c4d8
0c4dc
0c4e0
0c4e4
0a4a7
0a4b2
0a4bd
0a4cc
0a4d4
0a557
0a570
0a57c
0a585
0a6c5
0a6d5
0a6e0
0abaa
0abfd
0ac7a
0ad66
0ade6
0ae49
0af36
0af9b
0afb4
0afbc
0afcd
0afd8
0b0d5
0b1cd
0b2d0
0b9a1
0ba54
0bbb0
0bbb9
0bbd0
0bbe7
0bc0a
0bc61
0bc9e
0bca5
0bcc2
0bd26
0bdcf
0bde4
0bde8
0bdff
0be12
0be1c
0bf2d
0bf40
0bfaa
0bfda
0c073
0c0e3
0c385
0c39b
0c39f
0c42c
0c4e6
0c4ea
0c4ee
0c4f2
0c4f6
0a4d8
0a4e2
0a4ea
0a4fa
0a504
0a58f
0a59e
0a5b4
0a5bc
0a64e
0a704
0a715
0a8ab
0abcd
0ac8c
0ad42
0ade3
0adf4
0af3c
0af82
0b002
0b01b
0b023
0b034
0b03f
0b13d
0b264
0b872
0b9df
0bac1
0bace
0baea
0bbee
0bbfe
0bc99
0bcc3
0bce2
0bcf2
0bd4f
0bd87
0be08
0be1e
0be22
0be3d
0be4b
0be55
0bf57
0bf6a
0bfd0
0bffe
0c093
0c32e
0c3ad
0c3b2
0c43e
0c47e
0c4fc
0c500
0c504
0c508
0c50c
0a3bd
0a3c6
0a3d1
0a3e0
0a3e8
0a5d3
0a5d9
0a5ef
0a5f6
0a737
0a748
0a752
0ab3a
0ac27
0aca4
0ad90
0adf9
0ae0e
0af0e
0b037
0b074
0b087
0b097
0b0a4
0b0a8
0b1a5
0b354
0b966
0ba22
0babe
0bad3
0bae4
0bb07
0bb24
0bc39
0bcd7
0bd15
0bd21
0bd38
0be2f
0be52
0be59
0be6b
0be81
0be86
0bf07
0bf8b
0bfb5
0bff8
0c022
0c131
0c3af
0c3c5
0c3c9
0c456
0c50e
0c512
0c516
0c51a
0c51e
0a3f3
0a3fc
0a404
0a414
0a41e
0a568
0a611
0a621
0a62e
0a636
0a776
0a788
0a808
0ab5e
0acb6
0acee
0ae0b
0ae1c
0af14
0af93
0b056
0b0c6
0b0e9
0b0f1
0b102
0b10d
0b1f6
0b8e6
0ba52
0bafc
0bb0b
0bb12
0bb26
0bb45
0bc6d
0bd0f
0bd39
0bd52
0bd64
0bdf9
0be7a
0be90
0be94
0beab
0bebb
0bec3
0bee5
0bfb0
0c008
0c029
0c048
0c358
0c3d7
0c3dc
0c3ea
0c4a8
0c524
0c528
0c52c
0c530
0c534
0a433
0a43c
0a447
0a456
0a45e
0a643
0a649
0a65f
0a666
0a7a5
0a7b6
0a7c0
0ab72
0ac51
0acce
0adba
0ae21
0ae36
0af22
0b000
0b105
0b144
0b155
0b165
0b172
0b176
0b333
0b9e0
0ba96
0bb3a
0bb49
0bb5a
0bb77
0bb9a
0bc26
0bc2e
0bc48
0bcaf
0bd74
0bd89
0bd9d
0bda2
0be3b
0bebf
0bec7
0bed5
0beec
0bf5a
0c040
0c06a
0c17e
0c36d
0c372
0c376
0c402
0c536
0c53a
0c53e
0c542
0c546
0a468
0a472
0a47a
0a48a
0a495
0a519
0a528
0a53e
0a545
0a5de
0a692
0a6a4
0a85c
0ab96
0ac62
0ad18
0ae33
0ae44
0af28
0b061
0b124
0b191
0b1b1
0b1b9
0b1ca
0b1d6
0b280
0b7f9
0b96b
0bb72
0bb7b
0bb88
0bb9d
0bbb5
0bc1d
0bc4d
0bc67
0bc7c
0bcde
0bd80
0bda7
0bdae
0bdc2
0bdd6
0bddb
0be74
0bf0d
0bf39
0c050
0c071
0c08e
0c304
0c383
0c388
0c414
0c4d2
0c54c
0c550
0c554
0c558
0c55c
0a60a
0a614
0a61f
0a62e
0a636
0a6b3
0a6cc
0a6d8
0a6e0
0a7fd
0a80d
0a819
0ac34
0ac7b
0acf8
0ade1
0ae5d
0aebb
0af72
0af8e
0af99
0afac
0afd6
0b15e
0b1b7
0b1d3
0b1fa
0b215
0b222
0b2d0
0b3b0
0b9a3
0bb12
0bd10
0bd1b
0bd27
0bd40
0bd62
0bdbd
0bdf8
0bdff
0be1c
0be7c
0bf18
0bf1e
0bf33
0bf3b
0bf45
0c01d
0c02a
0c0e3
0c397
0c416
0c41b
0c4a7
0c4e7
0c561
0c565
0c569
0c56d
0a63b
0a644
0a64c
0a65c
0a666
0a6e9
0a6f8
0a70e
0a715
0a7a4
0a82d
0a83e
0a983
0ac51
0ad0a
0adc0
0ae5a
0ae6a
0af78
0af82
0afc7
0aff5
0b000
0b013
0b03d
0b1bf
0b1ee
0b23f
0b25d
0b267
0b315
0b49d
0bb46
0bbed
0bc2e
0bc4b
0bd50
0bd5c
0bd75
0be1d
0be3a
0be4a
0bea4
0bedd
0bf42
0bf49
0bf5d
0bf65
0bf6f
0c045
0c06b
0c17f
0c418
0c42e
0c432
0c4bf
0c572
0c576
0c57a
0c57e
0c582
0a51f
0a528
0a533
0a542
0a54a
0a72b
0a731
0a747
0a74f
0a851
0a862
0a86c
0abe0
0aca5
0ad22
0ae09
0ae6f
0ae83
0af4a
0afde
0b020
0b037
0b063
0b06b
0b085
0b0ab
0b26b
0b289
0b2a9
0b2ae
0b42e
0ba17
0bb7c
0bc1e
0bc34
0bc3b
0bc54
0bc7a
0bd91
0be2f
0be6a
0be77
0be8e
0bf58
0bf71
0bf75
0bf8c
0bf91
0c065
0c072
0c0b1
0c3c1
0c440
0c445
0c4d1
0c50f
0c587
0c58b
0c58f
0c593
0a555
0a55e
0a566
0a576
0a580
0a6c4
0a767
0a777
0a784
0a78b
0a881
0a892
0a8f8
0abfd
0ad34
0ad6c
0ae80
0ae90
0af50
0b028
0b056
0b095
0b0c6
0b0d7
0b0df
0b10b
0b1f9
0b2b0
0b2d4
0b2ee
0b2f3
0b46d
0bb0d
0bbc4
0bc6b
0bc72
0bc87
0bca6
0bcc2
0bdd1
0be8f
0bea8
0beba
0bf31
0bf95
0bf9d
0bfad
0bfb7
0bfbf
0bfdb
0c08a
0c158
0c442
0c458
0c45c
0c46b
0c598
0c59c
0c5a0
0c5a4
0c5a8
0a595
0a59e
0a5a9
0a5b8
0a5c0
0a799
0a79f
0a7b5
0a7bd
0a8a1
0a8b2
0a8bc
0ac0a
0accf
0ad4c
0ae31
0ae95
0aea9
0af5e
0b0ac
0b0ee
0b105
0b137
0b142
0b153
0b17b
0b2c3
0b30f
0b329
0b336
0b3d3
0b95f
0bbec
0bc9a
0bcaa
0bcb1
0bcca
0bcf0
0bd84
0bd8c
0bda6
0be09
0beca
0bedf
0bee7
0bef1
0bfbb
0bfc3
0bfd1
0bfe2
0c0ff
0c36d
0c3ee
0c3f2
0c47d
0c537
0c5ad
0c5b1
0c5b5
0c5b9
0a5ca
0a5d4
0a5dc
0a5ec
0a5f6
0a677
0a686
0a69c
0a6a4
0a736
0a7d9
0a7ea
0a940
0ac27
0ace0
0ad96
0aea6
0aeb6
0af64
0b0f6
0b124
0b163
0b191
0b1a1
0b1a9
0b1d4
0b283
0b33a
0b358
0b372
0b378
0b4e5
0bad0
0bb7d
0bcdb
0bce8
0bcfe
0bd17
0bd38
0bdab
0bdc3
0bdd8
0be36
0bed6
0bef3
0bef7
0bf0e
0bf13
0bf85
0bffd
0c023
0c132
0c3ee
0c404
0c408
0c495
0c5be
0c5c2
0c5c6
0c5ca
0c5ce
09a69
0a75f
0a76a
0a775
0a784
0a78b
0a7fa
0a80c
0a814
0a87a
0a8f3
0a904
0aa54
0acb2
0acf9
0ad76
0ae58
0aec8
0af03
0b025
0b058
0b0a2
0b0c5
0b0ec
0b19f
0b1b6
0b1f2
0b1f8
0b215
0b325
0b36c
0b396
0b3ac
0b3b1
0b3c2
0b4f7
0b5d1
0bc74
0be68
0be71
0be88
0be9f
0bec2
0bf15
0bf32
0bf41
0c005
0c00d
0c020
0c026
0c145
0c158
0c15c
0c3d6
0c493
0c498
0c49c
0c5d0
0c5d4
0c5d8
09aae
0a790
0a79a
0a7a2
0a7b2
0a7bd
0a821
0a82e
0a83b
0a843
0a911
0a922
0a92c
0aa7e
0accf
0ad88
0ae39
0aec5
0aece
0af93
0afb9
0aff5
0b092
0b0ff
0b111
0b132
0b16e
0b219
0b23d
0b25d
0b364
0b38a
0b3d5
0b3ea
0b3f8
0b401
0b567
0bca8
0bd50
0bd8e
0bdaa
0bea6
0beb6
0bf2c
0bf4c
0bf62
0c01c
0c030
0c034
0c048
0c04c
0c172
0c180
0c184
0c42b
0c4ab
0c4af
0c538
0c5de
0c5e2
0c5e6
098ce
0a67d
0a686
0a691
0a6a0
0a6a7
0a84b
0a858
0a865
0a86c
0a93b
0a94c
0a9b8
0ac5e
0ad23
0ada0
0ae7e
0aed3
0aee0
0b000
0b02e
0b0f3
0b126
0b170
0b190
0b1b4
0b211
0b237
0b280
0b289
0b2a2
0b3ec
0b41a
0b42d
0b431
0b4d5
0b645
0bcde
0bd80
0bd93
0bda4
0bdc6
0bde2
0bf69
0bf86
0bf97
0c04d
0c056
0c068
0c06e
0c0a8
0c0bc
0c0c0
0c382
0c4bd
0c4c2
0c4c6
0c5e8
0c5ec
0c5f0
09918
0a6b1
0a6bb
0a6c2
0a6d2
0a6dc
0a7fc
0a878
0a88b
0a892
0a959
0a96a
0a975
0a9e3
0ac7b
0adb2
0ade9
0aedd
0aee6
0af88
0afa6
0afcd
0b062
0b088
0b159
0b1c6
0b1d2
0b26c
0b2a3
0b2d0
0b2e4
0b394
0b433
0b45c
0b46c
0b470
0b50f
0bc6f
0bd26
0bdca
0bdd0
0bde4
0be01
0bf80
0bfa0
0bfb4
0c064
0c078
0c07c
0c08e
0c092
0c0d5
0c0e5
0c0e9
0c455
0c4d5
0c4d9
0c4e8
0c5f6
0c5fa
0c5fe
0999c
0a6ef
0a6f8
0a703
0a712
0a719
0a89b
0a8aa
0a8b5
0a8bc
0a981
0a990
0aa06
0ac88
0ad4d
0adca
0aea4
0aeeb
0aef8
0afc9
0afd5
0b00d
0b034
0b0d6
0b0ef
0b1ba
0b29b
0b2c1
0b30e
0b317
0b32c
0b44d
0b492
0b4a7
0b4ad
0b4be
0b61e
0bd4f
0bdf6
0be05
0be16
0be31
0be54
0bedc
0bee6
0bfc0
0bfd8
0bfde
0c08a
0c09a
0c0f7
0c10a
0c10e
0c3ac
0c46a
0c46f
0c4d5
0c600
0c604
0c608
099e6
0a722
0a72c
0a734
0a744
0a74f
0a7cd
0a7da
0a7e7
0a7ee
0a8c9
0a8da
0a8e4
0aa31
0aca5
0ad5e
0ae11
0aef5
0aefe
0afbd
0afef
0b037
0b071
0b082
0b0a4
0b143
0b164
0b2f6
0b32d
0b354
0b368
0b414
0b4b1
0b4d6
0b4e4
0b4e8
0b589
0bc32
0bcdf
0be35
0be42
0be57
0be6d
0bed4
0bef8
0bf0e
0bfd0
0bfe8
0bfec
0c000
0c004
0c124
0c133
0c137
0c401
0c481
0c485
0c510
0c60e
0c612
0c616
09915
0991c
0992c
09938
09940
09c2b
0a87e
0a88d
0a895
0a8f4
0a900
0a908
0ab0f
0ad30
0ad77
0adf3
0aec3
0af0d
0af40
0aff0
0b019
0b026
0b037
0b047
0b069
0b07a
0b095
0b09d
0b0a7
0b0d0
0b1a6
0b27e
0b2b0
0b2dd
0b354
0b394
0b39d
0b3bd
0b4ea
0b510
0b525
0b52e
0b5d0
0b69c
0bc6f
0bdd1
0bf93
0bfb4
0bffa
0c022
0c0d8
0c13a
0c20f
0c21b
0c493
0c511
0c515
0c598
0c61a
0c61e
09978
09980
09988
09999
099a4
09c54
0a89c
0a8aa
0a8b7
0a8bf
0a921
0a928
0a978
0ab30
0ad4d
0ae04
0aeac
0af0a
0af13
0af93
0b055
0b060
0b089
0b091
0b0a0
0b0b0
0b0dd
0b0f0
0b100
0b10c
0b110
0b1f9
0b2c3
0b2f5
0b322
0b38a
0b3d3
0b3dc
0b3fd
0b504
0b54d
0b562
0b572
0b60d
0b77b
0be03
0bed8
0bef1
0bfc7
0c030
0c04f
0c158
0c174
0c236
0c23a
0c511
0c527
0c52b
0c622
0c626
0c62a
099e3
099ea
099fa
09a06
09a0e
09b17
0a7d6
0a7e5
0a7ed
0a8c9
0a945
0a94c
0aa97
0acdc
0ada1
0ae1b
0aedb
0af18
0af21
0b000
0b0be
0b0e7
0b0f4
0b105
0b115
0b131
0b148
0b163
0b16f
0b175
0b19a
0b2df
0b333
0b34f
0b36f
0b3cf
0b412
0b41b
0b43b
0b565
0b590
0b5a5
0b5aa
0b715
0bcdf
0be42
0beeb
0bf0e
0c042
0c06a
0c0ac
0c17e
0c197
0c1a3
0c4bd
0c539
0c53d
0c5be
0c62e
0c632
09a46
09a4e
09a56
09a67
09a72
09b46
0a7f8
0a804
0a813
0a81b
0a960
0a96d
0a975
0aaba
0acf9
0ae2c
0ae60
0af1e
0af27
0af8e
0b067
0b125
0b14e
0b15b
0b169
0b17c
0b189
0b1a8
0b1c4
0b1cc
0b1d7
0b1f4
0b20e
0b280
0b36c
0b3ef
0b433
0b45c
0b46a
0b50e
0b5a0
0b5d2
0b5df
0b5e7
0b753
0be6e
0bf02
0bf1c
0bf45
0c078
0c095
0c0c4
0c147
0c1bf
0c1c3
0c539
0c54f
0c553
0c636
0c63a
0c63e
09aab
09ab2
09ac2
09ace
09ad6
09ba1
0a82a
0a839
0a840
0a911
0a989
0a990
0aad3
0ad06
0adcb
0ae43
0aef3
0af2c
0af35
0af89
0afa6
0afbc
0afcd
0afd8
0aff5
0b0db
0b1ac
0b1ba
0b1c2
0b1da
0b1e0
0b21f
0b247
0b261
0b362
0b44d
0b492
0b49f
0b4b9
0b5c1
0b604
0b619
0b622
0b6b9
0bd50
0beb0
0bf3f
0bf62
0bfd6
0bfe7
0c0d6
0c0fa
0c1d3
0c1df
0c469
0c4ea
0c4ee
0c572
0c642
0c646
098aa
098b2
098ba
098cb
098d6
09bd0
0a84c
0a858
0a867
0a86f
0a8d9
0a8e0
0a934
0aaf6
0ad23
0addc
0ae86
0af32
0af3b
0af81
0af91
0afbb
0afc3
0afd2
0afe2
0b006
0b022
0b032
0b03e
0b042
0b13e
0b210
0b264
0b28c
0b2a6
0b475
0b4b1
0b4d4
0b4e2
0b588
0b61d
0b646
0b653
0b65b
0b7c7
0bd91
0bf56
0bf71
0bf99
0bfe8
0c007
0c10a
0c126
0c1fb
0c1ff
0c4e9
0c4ff
0c503
0c64a
0c64e
0c652
098ed
098f4
0992f
09939
09940
09a60
09b48
09b5d
09b64
09db0
0a966
0a970
0aa2a
0abc1
0adef
0ae67
0af08
0af49
0af7c
0afef
0affc
0b038
0b063
0b06b
0b09b
0b12f
0b159
0b236
0b250
0b25a
0b26e
0b281
0b29f
0b2ac
0b354
0b42e
0b453
0b46a
0b4d5
0b510
0b525
0b628
0b678
0b684
0b695
0b6a1
0b7be
0b8ac
0c066
0c07f
0c0b0
0c0bd
0c139
0c2c3
0c2c7
0c573
0c589
0c5f4
0c656
0c65a
09950
09958
09970
0999b
099a4
09ab6
09b8a
09b9d
09ba6
09bad
0a980
0a98d
0a994
0abd5
0adc9
0ae77
0aef3
0af46
0af4f
0b00a
0b05e
0b086
0b0c6
0b0d7
0b0df
0b10c
0b1ab
0b1c0
0b27a
0b295
0b2a3
0b2b3
0b2c7
0b2e4
0b2f1
0b394
0b46d
0b492
0b4a9
0b505
0b54d
0b562
0b65f
0b697
0b6c2
0b6d2
0b6e4
0b841
0be04
0bfe6
0c099
0c0d9
0c14e
0c22c
0c2e0
0c469
0c59a
0c59e
0c65e
0c662
0c666
098c4
099c8
099cf
099fd
09a07
09a0e
09bd2
09be7
09bef
09cb4
0a8d6
0a8e0
0aa77
0ab51
0ae17
0ae8d
0af1c
0af54
0af5d
0afae
0afc3
0b0bd
0b0d7
0b106
0b136
0b142
0b16d
0b23b
0b2c2
0b2e0
0b2ec
0b2fa
0b316
0b32b
0b338
0b48c
0b4bd
0b4d1
0b4f8
0b548
0b58a
0b5a3
0b6b5
0b6f7
0b70d
0b719
0b7b2
0b920
0bfd2
0bfef
0c0fe
0c10b
0c186
0c253
0c257
0c599
0c5af
0c60c
0c66a
0c66e
09920
09a2b
09a33
09a3e
09a6b
09a72
09c14
09c27
09c30
09c38
0a8f2
0a900
0a908
0ab66
0ad75
0ae9d
0aec3
0af5a
0af63
0b00f
0b024
0b0c3
0b13a
0b154
0b189
0b19f
0b1a7
0b1d5
0b305
0b31f
0b32d
0b33d
0b34d
0b368
0b376
0b390
0b3a1
0b3c2
0b4ea
0b579
0b5a2
0b5d2
0b5e4
0b6f2
0b735
0b74a
0b756
0b7ec
0be70
0c00b
0c02e
0c0c4
0c129
0c1b5
0c271
0c493
0c5c0
0c5c4
0c672
0c676
0c67a
09992
09a92
09a99
09ac6
09acf
09ad6
09c56
09c6b
09c72
09d32
0a91e
0a928
0a9dc
0ab89
0ae3f
0aeb3
0af30
0af68
0af71
0af89
0af96
0af9f
0afcf
0b079
0b08c
0b19c
0b1b5
0b1f1
0b1fa
0b216
0b223
0b2d3
0b364
0b370
0b37e
0b3b0
0b3db
0b3f4
0b45f
0b5c2
0b607
0b619
0b6b9
0b74e
0b77c
0b78b
0b795
0b8f8
0c01e
0c037
0c0d6
0c147
0c172
0c28b
0c28f
0c560
0c564
0c5dc
0c67e
0c682
09881
0988a
098a2
098cd
098d6
099ee
09b00
09b13
09b1c
09b24
0a93a
0a949
0a950
0ab9e
0ad9f
0ae51
0aedb
0af6e
0af77
0af81
0af92
0afd0
0affa
0b002
0b013
0b044
0b0e6
0b0f9
0b1ed
0b211
0b21d
0b22b
0b245
0b25f
0b269
0b3cf
0b400
0b41f
0b440
0b5f3
0b61f
0b646
0b658
0b76c
0b7a9
0b7c2
0b7ca
0b866
0bd92
0c054
0c076
0c10a
0c16f
0c1f1
0c2a9
0c4bd
0c574
0c578
0c686
0c68a
0c68e
0afcf
0afd9
0b1cd
0b1d3
0b1e2
0b222
0b2d0
0b2d4
0b364
0b37a
0b380
0b438
0b46d
0b482
0bd25
0bdbb
0bddd
0bde5
0bdec
0bf1d
0c073
0c080
0c0e5
0c0ee
0c1dc
0c28b
0c362
0c4ec
0c561
0c568
0c5f8
0c643
0c67e
0c691
0c695
0c699
0c69d
0c6a1
0c6a5
0c6a9
0c6ad
0c6b1
0c6b5
0c6b9
0c6bd
0c6c1
0c6c5
0c6c9
0c6cd
0c6d1
0c6d5
0c6d9
0c6dd
0c6e1
0c6e5
0c6e9
0c6ed
0c6f1
0c6f5
0c6f9
0afd0
0afdc
0afe7
0b036
0b040
0b20f
0b213
0b229
0b264
0b272
0b317
0b475
0b484
0b4ae
0bd58
0bd5c
0bdf6
0be1d
0be23
0bf42
0bf4e
0c09a
0c104
0c10e
0c117
0c201
0c2ad
0c4fe
0c505
0c576
0c602
0c64b
0c686
0c68a
0c693
0c6fe
0c702
0c706
0c70a
0c70e
0c712
0c716
0c71a
0c71e
0c722
0c726
0c72a
0c72e
0c732
0c736
0c73a
0c73e
0c742
0c746
0c74a
0c74e
0c752
0c756
0c75a
0c75e
0c762
0b039
0b048
0b09b
0b0a5
0b0b3
0b256
0b26c
0b274
0b2ac
0b354
0b358
0b4b6
0b4e5
0b4fa
0bc39
0be2d
0be4f
0be58
0be5e
0bf72
0bfe4
0bff0
0c133
0c13c
0c218
0c2c3
0c30e
0c514
0c587
0c58e
0c610
0c61b
0c656
0c6fe
0c702
0c767
0c76b
0c76f
0c773
0c777
0c77b
0c77f
0c783
0c787
0c78b
0c78f
0c793
0c797
0c79b
0c79f
0c7a3
0c7a7
0c7ab
0c7af
0c7b3
0c7b7
0c7bb
0c7bf
0c7c3
0c7c7
0b09e
0b0aa
0b0b5
0b104
0b10e
0b1f6
0b1fa
0b29b
0b2b1
0b2b9
0b2f1
0b3b0
0b3c5
0b4ef
0bc72
0bc76
0be68
0be8f
0be95
0bf95
0bfa2
0c00d
0c152
0c15c
0c165
0c23c
0c2e4
0c526
0c52d
0c59c
0c5d2
0c623
0c65e
0c662
0c767
0c7cc
0c7d0
0c7d4
0c7d8
0c7dc
0c7e0
0c7e4
0c7e8
0c7ec
0c7f0
0c7f4
0c7f8
0c7fc
0c800
0c804
0c808
0c80c
0c810
0c814
0c818
0c81c
0c820
0c824
0c828
0c82c
0c830
0b107
0b116
0b16d
0b173
0b181
0b23d
0b2de
0b2e2
0b2f8
0b333
0b341
0b3ba
0b3f7
0b404
0bcaf
0bd82
0beb6
0bec6
0becc
0bfc2
0c02c
0c038
0c180
0c189
0c1a0
0c253
0c338
0c53c
0c5ad
0c5b4
0c5e0
0c62f
0c66a
0c7cc
0c7d0
0c835
0c839
0c83d
0c841
0c845
0c849
0c84d
0c851
0c855
0c859
0c85d
0c861
0c865
0c869
0c86d
0c871
0c875
0c879
0c87d
0c881
0c885
0c889
0c88d
0c891
0c895
0b169
0b178
0b183
0b1cc
0b1d7
0b280
0b284
0b325
0b33b
0b343
0b376
0b3ef
0b406
0b430
0bce8
0bcec
0bd80
0bdab
0bdb1
0beee
0befa
0c056
0c0b6
0c0c0
0c0c9
0c1c5
0c275
0c54e
0c555
0c5c2
0c5ea
0c637
0c672
0c676
0c699
0c833
0c837
0c89c
0c8a0
0c8a4
0c8a8
0c8ac
0c8b0
0c8b4
0c8b8
0c8bc
0c8c0
0c8c4
0c8c8
0c8cc
0c8d0
0c8d4
0c8d8
0c8dc
0c8e0
0c8e4
0c8e8
0c8ec
0c8f0
0c8f4
0c8f8
0b07e
0b179
0b185
0b217
0b224
0b36c
0b371
0b384
0b3b2
0b45c
0b460
0b4ef
0b5ae
0b5b7
0b5e5
0be79
0be7d
0bf04
0bf1b
0bf22
0c008
0c014
0c15a
0c163
0c1b8
0c1c1
0c1c9
0c291
0c3e0
0c563
0c5d2
0c637
0c67e
0c69d
0c6a1
0c6a5
0c6a9
0c6ad
0c7d3
0c7d7
0c7db
0c89a
0c8fd
0c901
0c905
0c909
0c90d
0c911
0c915
0c919
0c91d
0c921
0c925
0c929
0c92d
0c931
0c935
0c939
0c93d
0c941
0b0e3
0b0e7
0b1df
0b219
0b21e
0b233
0b25f
0b269
0b3b8
0b3c7
0b3f9
0b49b
0b49f
0b5ed
0b61c
0b631
0beb0
0bf2c
0bf3f
0bf4a
0bf50
0c032
0c178
0c182
0c18b
0c1dc
0c1e5
0c2a7
0c338
0c574
0c57b
0c5e0
0c686
0c68a
0c704
0c708
0c70c
0c710
0c714
0c83a
0c83e
0c842
0c8fb
0c8ff
0c948
0c94c
0c950
0c954
0c958
0c95c
0c960
0c964
0c968
0c96c
0c970
0c974
0c978
0c97c
0c980
0c984
0c988
0afe2
0b14a
0b14e
0b25c
0b270
0b29f
0b2a6
0b2bb
0b3f1
0b42e
0b445
0b4d6
0b628
0b633
0b659
0bd95
0bd99
0bf58
0bf70
0bf76
0c050
0c05c
0c0be
0c0c7
0c1f4
0c1fd
0c205
0c2c9
0c38c
0c589
0c5ea
0c64b
0c656
0c717
0c76d
0c771
0c775
0c779
0c89b
0c89f
0c8a3
0c8a7
0c948
0c98b
0c98f
0c993
0c997
0c99b
0c99f
0c9a3
0c9a7
0c9ab
0c9af
0c9b3
0c9b7
0c9bb
0c9bf
0c9c3
0c9c7
0c9cb
0b045
0b050
0b1ad
0b2a3
0b2a8
0b2bd
0b2e6
0b2f3
0b394
0b398
0b438
0b46d
0b482
0b52e
0b65f
0b66a
0bdd0
0bf80
0bf93
0bf9e
0bfa4
0c07a
0c0dd
0c0e7
0c0f0
0c218
0c221
0c2de
0c362
0c59a
0c5a1
0c5f8
0c65e
0c662
0c6b4
0c6b8
0c6bc
0c7de
0c7e2
0c7e6
0c7ea
0c7ee
0c98b
0c98f
0c9d2
0c9d6
0c9da
0c9de
0c9e2
0c9e6
0c9ea
0c9ee
0c9f2
0c9f6
0c9fa
0c9fe
0ca02
0ca06
0ca0a
0ca0e
0ca12
0afb0
0b0ac
0b0b7
0b2ea
0b2fa
0b329
0b332
0b345
0b3d5
0b475
0b484
0b4ae
0b534
0b53f
0b572
0be07
0be0b
0beda
0bfc0
0bfc6
0c093
0c0a0
0c10c
0c115
0c22f
0c238
0c240
0c259
0c3b6
0c5af
0c602
0c623
0c66a
0c719
0c71d
0c721
0c7f1
0c847
0c84b
0c84f
0c853
0c857
0c9d2
0ca15
0ca19
0ca1d
0ca21
0ca25
0ca29
0ca2d
0ca31
0ca35
0ca39
0ca3d
0ca41
0ca45
0ca49
0ca4d
0ca51
0ca55
0b015
0b019
0b117
0b32d
0b331
0b347
0b36a
0b378
0b412
0b416
0b4b6
0b4e5
0b4fa
0b56d
0b59f
0b5b9
0be42
0bed4
0beeb
0bef6
0befc
0bfea
0c12b
0c135
0c13e
0c1a0
0c1a9
0c26f
0c30e
0c5c0
0c5c7
0c610
0c672
0c676
0c782
0c786
0c78a
0c8a8
0c8ac
0c8b0
0c8b4
0c8b8
0c901
0c905
0ca17
0ca5a
0ca5e
0ca62
0ca66
0ca6a
0ca6e
0ca72
0ca76
0ca7a
0ca7e
0ca82
0ca86
0ca8a
0ca8e
0ca92
0ca96
0b02a
0b045
0b050
0b293
0b33b
0b343
0b3af
0b3bf
0b4ea
0b4f1
0b4fe
0b52e
0b5d0
0b5d4
0b661
0b713
0b725
0b756
0bff8
0c005
0c00f
0c016
0c15a
0c163
0c212
0c21b
0c223
0c26f
0c277
0c323
0c45e
0c5d4
0c672
0c77e
0c7d4
0c7d8
0c7dc
0c7f5
0c8a8
0c908
0c9d5
0c9d9
0c9dd
0ca99
0ca9d
0caa1
0caa5
0caa9
0caad
0cab1
0cab5
0cab9
0cabd
0cac1
0cac5
0cac9
0cacd
0cad1
0cad5
0cad9
0b08f
0b093
0b0b0
0b2d6
0b2da
0b37c
0b3b5
0b3bc
0b3cb
0b3f6
0b3fe
0b534
0b53f
0b572
0b60d
0b611
0b75c
0b790
0b79f
0c01e
0c030
0c036
0c178
0c182
0c18b
0c235
0c23e
0c285
0c28e
0c295
0c3b6
0c5de
0c623
0c681
0c7f2
0c83b
0c83f
0c843
0c85c
0c94b
0c94f
0ca1c
0ca20
0ca24
0ca9b
0cade
0cae2
0cae6
0caea
0caee
0caf2
0caf6
0cafa
0cafe
0cb02
0cb06
0cb0a
0cb0e
0cb12
0cb16
0cb1a
0b0f8
0b113
0b11e
0b229
0b31b
0b31f
0b3ee
0b3ff
0b42b
0b432
0b447
0b56d
0b59f
0b5b9
0b646
0b787
0b7a1
0b7ca
0c040
0c04d
0c058
0c05e
0c0be
0c0c7
0c19a
0c1a3
0c1ab
0c2a7
0c2af
0c34d
0c40a
0c5ec
0c686
0c704
0c89c
0c8a0
0c8a4
0c8bb
0c8bf
0c992
0ca59
0ca5d
0ca61
0cade
0cae2
0cb1f
0cb23
0cb27
0cb2b
0cb2f
0cb33
0cb37
0cb3b
0cb3f
0cb43
0cb47
0cb4b
0cb4f
0cb53
0cb57
0b15d
0b161
0b17e
0b26c
0b274
0b35c
0b433
0b43a
0b449
0b46c
0b47c
0b50e
0b512
0b5b0
0b5df
0b5f4
0b69f
0b7c0
0b7d8
0c066
0c078
0c07e
0c0dd
0c0e7
0c0f0
0c1be
0c1c7
0c2bd
0c2c6
0c2cd
0c3e0
0c5f6
0c637
0c659
0c6b4
0c6b8
0c6bc
0c6c0
0c76a
0c90c
0c910
0c914
0c9e1
0c9e5
0cb1f
0cb5c
0cb60
0cb64
0cb68
0cb6c
0cb70
0cb74
0cb78
0cb7c
0cb80
0cb84
0cb88
0cb8c
0cb90
0cb94
0cb98
0b1c0
0b1da
0b1e6
0b209
0b2b1
0b2b9
0b474
0b47d
0b4a9
0b4b0
0b4c5
0b54d
0b5eb
0b5f6
0b622
0b699
0b6ad
0b6e2
0bfd4
0c08a
0c09c
0c0a2
0c10c
0c115
0c1d6
0c1df
0c1e7
0c2de
0c2e6
0c2f9
0c434
0c604
0c65e
0c6b0
0c71b
0c71f
0c723
0c727
0c7de
0c953
0c957
0c95b
0ca28
0cb5c
0cb60
0cb9d
0cba1
0cba5
0cba9
0cbad
0cbb1
0cbb5
0cbb9
0cbbd
0cbc1
0cbc5
0cbc9
0cbcd
0cbd1
0cbd5
0afc1
0afc5
0afe2
0b24c
0b250
0b2f8
0b4b1
0b4b8
0b4c7
0b4e4
0b4f4
0b588
0b58c
0b62a
0b653
0b668
0b6dd
0b715
0b727
0bfd2
0bfe8
0bfee
0c12b
0c135
0c13e
0c1fa
0c203
0c24d
0c256
0c25d
0c38c
0c60e
0c64b
0c66d
0c780
0c784
0c788
0c78c
0c790
0c996
0c99a
0c99e
0ca65
0ca69
0caa1
0cb9b
0cb9f
0cbdc
0cbe0
0cbe4
0cbe8
0cbec
0cbf0
0cbf4
0cbf8
0cbfc
0cc00
0cc04
0cc08
0cc0c
0cc10
0aff1
0b039
0b048
0b254
0b258
0b26e
0b423
0b427
0b4b6
0b525
0b52d
0b541
0b65d
0b665
0b69c
0b6ab
0b740
0b7c0
0b7d8
0b88d
0b8bb
0b8d0
0c12e
0c212
0c21b
0c223
0c2c3
0c2cb
0c308
0c311
0c3a2
0c4dd
0c654
0c6fe
0c77e
0c9d6
0c9da
0c9de
0c9e8
0caa4
0caa8
0cb63
0cb67
0cb6b
0cc15
0cc19
0cc1d
0cc21
0cc25
0cc29
0cc2d
0cc31
0cc35
0cc39
0cc3d
0cc41
0cc45
0cc49
0cc4d
0cc51
0b056
0b09e
0b0aa
0b0b5
0b29b
0b2b1
0b2b9
0b464
0b4ed
0b4fc
0b532
0b53a
0b562
0b571
0b57e
0b6a5
0b6d9
0b6e8
0b77d
0b8c3
0b8d2
0b8fa
0c152
0c163
0c235
0c23e
0c2d8
0c2e1
0c2e8
0c323
0c328
0c435
0c623
0c663
0c7d2
0c7f2
0ca1d
0ca21
0ca2b
0ca2f
0cae5
0cba0
0cba4
0cba8
0cc13
0cc17
0cc58
0cc5c
0cc60
0cc64
0cc68
0cc6c
0cc70
0cc74
0cc78
0cc7c
0cc80
0cc84
0cc88
0cc8c
0cc90
0b0bf
0b107
0b116
0b2de
0b2e2
0b2f8
0b3b8
0b3c7
0b4a3
0b565
0b56e
0b580
0b5a5
0b5ab
0b6d6
0b6ea
0b719
0b7b2
0b7b6
0b907
0b931
0b944
0c17b
0c19a
0c1a3
0c1ab
0c253
0c25b
0c332
0c33b
0c3cc
0c489
0c668
0c7cc
0c846
0ca5a
0ca5e
0ca62
0ca6c
0cb22
0cb26
0cbdb
0cbdf
0cbe3
0cc58
0cc93
0cc97
0cc9b
0cc9f
0cca3
0cca7
0ccab
0ccaf
0ccb3
0ccb7
0ccbb
0ccbf
0ccc3
0ccc7
0cccb
0b124
0b169
0b178
0b183
0b325
0b33b
0b343
0b3f1
0b4da
0b4de
0b5ac
0b5b4
0b5dc
0b5e4
0b5f8
0b67e
0b713
0b725
0b756
0b804
0b819
0b93e
0c0b6
0c0c7
0c1be
0c1c7
0c269
0c272
0c279
0c34d
0c352
0c45f
0c637
0c677
0c89a
0c8a9
0c90f
0c913
0c917
0c91b
0caac
0cab0
0cab4
0cb6f
0cc93
0cc97
0ccd2
0ccd6
0ccda
0ccde
0cce2
0cce6
0ccea
0ccee
0ccf2
0ccf6
0ccfa
0ccfe
0cd02
0cd06
0cd0a
0af8a
0b1cf
0b1de
0b362
0b366
0b37c
0b3a5
0b3a9
0b438
0b5e0
0b5ee
0b5fa
0b61b
0b625
0b6b9
0b6bd
0b75c
0b790
0b79f
0b813
0b841
0b856
0c0e0
0c1d6
0c1df
0c1e7
0c28b
0c293
0c35c
0c365
0c378
0c4b3
0c67c
0c697
0c6b0
0c952
0c956
0c95a
0c95e
0cae9
0caed
0caf1
0cbac
0cbb0
0ccd2
0cd0d
0cd11
0cd15
0cd19
0cd1d
0cd21
0cd25
0cd29
0cd2d
0cd31
0cd35
0cd39
0cd3d
0cd41
0cd45
0af82
0afd0
0afdc
0afe7
0b211
0b227
0b22f
0b3e6
0b475
0b484
0b626
0b62e
0b650
0b658
0b66e
0b6f8
0b787
0b7a1
0b7ca
0b849
0b858
0b880
0c104
0c115
0c1fa
0c203
0c2a1
0c2aa
0c2b1
0c2f9
0c2fe
0c40b
0c64b
0c68b
0c704
0c719
0c999
0c99d
0c9a1
0c9a5
0cb2a
0cb2e
0cb32
0cbe7
0cc19
0cc1d
0cd0f
0cd4a
0cd4e
0cd52
0cd56
0cd5a
0cd5e
0cd62
0cd66
0cd6a
0cd6e
0cd72
0cd76
0cd7a
0cd7e
0b14c
0b237
0b25a
0b263
0b278
0b3f1
0b599
0b59d
0b62a
0b693
0b69b
0b6af
0b7ce
0b7d4
0b804
0b819
0b8ae
0b936
0b946
0b9fb
0ba26
0ba3e
0c0b9
0c1f4
0c204
0c2c3
0c2cb
0c347
0c350
0c387
0c390
0c49d
0c654
0c76b
0c946
0cb62
0cb66
0cb6a
0cb74
0cc1e
0cc22
0ccd7
0ccdb
0ccdf
0cd83
0cd87
0cd8b
0cd8f
0cd93
0cd97
0cd9b
0cd9f
0cda3
0cda7
0cdab
0cdaf
0cdb3
0cdb7
0cdbb
0cdbf
0b1ab
0b1af
0b27e
0b2a5
0b2b5
0b436
0b443
0b5d8
0b65f
0b66a
0b6a3
0b6a9
0b6d0
0b6d8
0b6ec
0b813
0b841
0b856
0b8eb
0ba32
0ba40
0ba68
0c0dd
0c0ee
0c215
0c2d8
0c2e1
0c2e8
0c362
0c367
0c3a3
0c434
0c4f3
0c663
0c7df
0c9d6
0cba3
0cba7
0cbb1
0cbb5
0cc5d
0cd12
0cd16
0cd1a
0cd81
0cd85
0cdc6
0cdca
0cdce
0cdd2
0cdd6
0cdda
0cdde
0cde2
0cde6
0cdea
0cdee
0cdf2
0cdf6
0cdfa
0cdfe
0afb0
0b2c1
0b2e8
0b2ed
0b302
0b477
0b534
0b53f
0b615
0b6d4
0b6df
0b6ee
0b70f
0b71b
0b849
0b858
0b880
0b920
0b924
0ba75
0ba9a
0bab2
0c107
0c22f
0c23f
0c253
0c25b
0c2f3
0c2fc
0c3b1
0c3ba
0c4c7
0c668
0c719
0c9d0
0cbda
0cbde
0cbe2
0cbec
0cc98
0cc9c
0cd4b
0cd4f
0cd53
0cdc6
0ce01
0ce05
0ce09
0ce0d
0ce11
0ce15
0ce19
0ce1d
0ce21
0ce25
0ce29
0ce2d
0ce31
0ce35
0ce39
0b015
0b019
0b308
0b32f
0b33f
0b4b4
0b4c3
0b56d
0b64a
0b64e
0b71d
0b723
0b74a
0b752
0b766
0b7ec
0b886
0b893
0b8bd
0b96f
0b987
0baac
0c12b
0c13c
0c19d
0c269
0c272
0c279
0c30e
0c313
0c3cd
0c45e
0c51b
0c677
0c8a9
0ca5a
0caad
0cab1
0cab5
0cab9
0cc26
0cc2a
0cc2e
0cce3
0ce01
0ce05
0ce40
0ce44
0ce48
0ce4c
0ce50
0ce54
0ce58
0ce5c
0ce60
0ce64
0ce68
0ce6c
0ce70
0ce74
0ce78
0b07e
0b1f2
0b36c
0b371
0b384
0b4ef
0b51f
0b523
0b5b0
0b74e
0b75e
0b768
0b78b
0b795
0b827
0b82b
0b8ca
0b8f8
0b90d
0b981
0b9ac
0b9c4
0c155
0c1b8
0c1c8
0c28b
0c293
0c31d
0c326
0c3db
0c3e4
0c473
0c67c
0c69d
0c901
0caea
0caee
0caf2
0caf6
0cc61
0cc65
0cc69
0cd1e
0cd22
0ce40
0ce7b
0ce7f
0ce83
0ce87
0ce8b
0ce8f
0ce93
0ce97
0ce9b
0ce9f
0cea3
0cea7
0ceab
0ceaf
0ceb3
0b0e3
0b0e7
0b1ee
0b21b
0b22b
0b3b8
0b3c7
0b55e
0b5eb
0b5f6
0b797
0b79d
0b7c2
0b7c6
0b7dc
0b866
0b8ff
0b90f
0b933
0b9b8
0b9c6
0b9ee
0c178
0c189
0c1d9
0c2a1
0c2aa
0c2b1
0c338
0c33d
0c379
0c40a
0c543
0c68b
0c83a
0c952
0cb2b
0cb2f
0cb33
0cb37
0cca0
0cca4
0cca8
0cd57
0cd87
0cd8b
0ce7d
0ceb8
0cebc
0cec0
0cec4
0cec8
0cecc
0ced0
0ced4
0ced8
0cedc
0cee0
0cee4
0cee8
0ceec
0b31d
0b3cf
0b3ec
0b3f3
0b40a
0b56d
0b707
0b70b
0b799
0b801
0b808
0b81d
0b93c
0b942
0b96f
0b987
0ba1c
0baa5
0bab4
0bb63
0bb8c
0bba4
0c0b9
0c19a
0c1aa
0c2a4
0c347
0c350
0c3c6
0c3cf
0c40a
0c40f
0c51c
0c89d
0cade
0ccd6
0ccda
0ccde
0cce8
0cd8c
0cd90
0ce45
0ce49
0ce4d
0cef1
0cef5
0cef9
0cefd
0cf01
0cf05
0cf09
0cf0d
0cf11
0cf15
0cf19
0cf1d
0cf21
0cf25
0cf29
0cf2d
0b35a
0b35e
0b410
0b435
0b43e
0b5ae
0b5b7
0b746
0b7c0
0b7d8
0b811
0b817
0b83e
0b845
0b85a
0b981
0b9ac
0b9c4
0ba59
0bb98
0bba6
0bbcc
0c0dd
0c0ee
0c1bb
0c2bd
0c2cc
0c362
0c367
0c3e2
0c419
0c422
0c4b3
0c56b
0c90d
0cb62
0cd15
0cd19
0cd23
0cd27
0cdcb
0ce80
0ce84
0ce88
0ceef
0cef3
0cf34
0cf38
0cf3c
0cf40
0cf44
0cf48
0cf4c
0cf50
0cf54
0cf58
0cf5c
0cf60
0cf64
0cf68
0cf6c
0b209
0b44d
0b472
0b479
0b488
0b5ed
0b699
0b6ad
0b783
0b846
0b851
0b85c
0b87d
0b889
0b9b8
0b9c6
0b9ee
0ba8e
0ba92
0bbd9
0bbfc
0bc14
0c107
0c1d6
0c1e6
0c2db
0c2f3
0c2fc
0c372
0c37b
0c434
0c439
0c544
0c719
0cb5c
0cd4a
0cd4e
0cd52
0cd5c
0ce06
0ce0a
0ceb9
0cebd
0cec1
0cf34
0cf6f
0cf73
0cf77
0cf7b
0cf7f
0cf83
0cf87
0cf8b
0cf8f
0cf93
0cf97
0cf9b
0cf9f
0cfa3
0cfa7
0b24c
0b250
0b48e
0b4b3
0b4bb
0b628
0b633
0b6dd
0b7b8
0b7bc
0b88b
0b891
0b8b8
0b8bf
0b8d4
0b95a
0b9f5
0ba01
0ba2b
0badb
0baf3
0bc0e
0c12b
0c13c
0c1f7
0c24d
0c25c
0c30e
0c313
0c38e
0c443
0c44c
0c4dd
0c591
0c997
0cbdb
0cc27
0cc2b
0cc2f
0cc33
0cd94
0cd98
0cd9c
0ce51
0cf6f
0cf73
0cfae
0cfb2
0cfb6
0cfba
0cfbe
0cfc2
0cfc6
0cfca
0cfce
0cfd2
0cfd6
0cfda
0cfde
0cfe2
0cfe6
0b293
0b390
0b4ea
0b4f1
0b4fe
0b661
0b68d
0b691
0b71f
0b8c0
0b8cc
0b8d6
0b8f7
0b902
0b995
0b999
0ba38
0ba63
0ba7b
0baed
0bb16
0bb2e
0c155
0c212
0c222
0c26c
0c31d
0c326
0c39c
0c3a5
0c45e
0c463
0c4f4
0c7d2
0ca9f
0cc62
0cc66
0cc6a
0cc6e
0cdcf
0cdd3
0cdd7
0ce8c
0ce90
0cfae
0cfe9
0cfed
0cff1
0cff5
0cff9
0cffd
0d001
0d005
0d009
0d00d
0d011
0d015
0d019
0d01d
0d021
0b2d6
0b2da
0b38c
0b3b7
0b3c0
0b534
0b53f
0b6cc
0b750
0b764
0b905
0b90b
0b92e
0b935
0b94a
0b9d4
0ba6e
0ba7d
0baa1
0bb22
0bb30
0bb56
0c178
0c189
0c232
0c285
0c294
0c338
0c33d
0c3b8
0c3ef
0c3f8
0c489
0c5b7
0ca1b
0caea
0cca1
0cca5
0cca9
0ccad
0ce0e
0ce12
0ce16
0cec5
0cef5
0cef9
0cfeb
0d026
0d02a
0d02e
0d032
0d036
0d03a
0d03e
0d042
0d046
0d04a
0d04e
0d052
0d056
0d05a
0b4a3
0b547
0b565
0b56e
0b580
0b6dd
0b875
0b879
0b907
0b971
0b977
0b98b
0baaa
0bab0
0badb
0baf3
0bb82
0bc07
0bc16
0bcc5
0bcee
0bd06
0c19d
0c24d
0c25c
0c335
0c3c5
0c3ce
0c444
0c44d
0c488
0c48d
0c591
0ca5a
0cc56
0ce44
0ce48
0ce4c
0ce56
0cefa
0cefe
0cfb3
0cfb7
0cfbb
0d05f
0d063
0d067
0d06b
0d06f
0d073
0d077
0d07b
0d07f
0d083
0d087
0d08b
0d08f
0d093
0d097
0d09b
0b4da
0b4de
0b586
0b5ac
0b5b4
0b713
0b725
0b8b4
0b936
0b946
0b97f
0b985
0b9ae
0b9b4
0b9c8
0baed
0bb16
0bb2e
0bbbd
0bcfa
0bd08
0bd2e
0c1b8
0c1c8
0c26c
0c347
0c350
0c3e0
0c3e5
0c460
0c497
0c4a0
0c530
0c5d6
0caab
0ccd7
0ce83
0ce87
0ce91
0ce95
0cf39
0cfee
0cff2
0cff6
0d05d
0d061
0d0a2
0d0a6
0d0aa
0d0ae
0d0b2
0d0b6
0d0ba
0d0be
0d0c2
0d0c6
0d0ca
0d0ce
0d0d2
0d0d6
0d0da
0b3a7
0b5c1
0b5e0
0b5ee
0b5fa
0b75c
0b80c
0b81b
0b8f1
0b9b5
0b9bf
0b9ca
0b9ed
0b9f7
0bb22
0bb30
0bb56
0bbf0
0bbf4
0bd3b
0bd5e
0bd76
0c1d9
0c285
0c294
0c35f
0c371
0c37a
0c3f0
0c3f9
0c4b2
0c4b7
0c5b7
0c952
0ccd0
0ceb8
0cebc
0cec0
0ceca
0cf74
0cf78
0d027
0d02b
0d02f
0d0a2
0d0dd
0d0e1
0d0e5
0d0e9
0d0ed
0d0f1
0d0f5
0d0f9
0d0fd
0d101
0d105
0d109
0d10d
0d111
0d115
0b3e4
0b3e8
0b600
0b626
0b62e
0b787
0b7a1
0b84f
0b926
0b92a
0b9f9
0b9ff
0ba28
0ba2e
0ba42
0bac8
0bb5d
0bb69
0bb91
0bc3d
0bc55
0bd70
0c1f4
0c204
0c2a4
0c2f3
0c2fc
0c38c
0c391
0c40c
0c4c1
0c4ca
0c558
0c5ee
0cb29
0cd4b
0cd95
0cd99
0cd9d
0cda1
0cf02
0cf06
0cf0a
0cfbf
0d0dd
0d0e1
0d11c
0d120
0d124
0d128
0d12c
0d130
0d134
0d138
0d13c
0d140
0d144
0d148
0d14c
0d150
0d154
0b425
0b50a
0b654
0b662
0b66c
0b7d0
0b7fb
0b7ff
0b88d
0ba2f
0ba3a
0ba44
0ba67
0ba71
0bb01
0bb05
0bb9e
0bbc7
0bbdf
0bc4f
0bc78
0bc90
0c215
0c2bd
0c2cc
0c30b
0c39b
0c3a4
0c41a
0c423
0c4dc
0c4e1
0c56b
0c9d6
0cc19
0cdd0
0cdd4
0cdd8
0cddc
0cf3d
0cf41
0cf45
0cffa
0cffe
0d11c
0d157
0d15b
0d15f
0d163
0d167
0d16b
0d16f
0d173
0d177
0d17b
0d17f
0d183
0d187
0d18b
0d18f
0b462
0b466
0b506
0b532
0b53a
0b699
0b6ad
0b83a
0b8c3
0b8d2
0ba73
0ba79
0ba9e
0baa4
0bab8
0bb3e
0bbd2
0bbe1
0bc03
0bc84
0bc92
0bcb8
0c22f
0c23f
0c2db
0c31d
0c326
0c3b6
0c3bb
0c436
0c46d
0c476
0c508
0c606
0cba1
0cc63
0ce0f
0ce13
0ce17
0ce1b
0cf7c
0cf80
0cf84
0d033
0d063
0d067
0d159
0d194
0d198
0d19c
0d1a0
0d1a4
0d1a8
0d1ac
0d1b0
0d1b4
0d1b8
0d1bc
0d1c0
0d1c4
0d1c8
0b615
0b6b5
0b6d4
0b6df
0b6ee
0b84f
0b9e3
0b9e7
0ba75
0badd
0bae3
0baf7
0bc0c
0bc12
0bc3d
0bc55
0bce4
0bd69
0bd78
0be21
0be46
0be60
0c250
0c2f3
0c2fc
0c3b3
0c443
0c44c
0c4c2
0c4cb
0c504
0c50a
0c5ee
0c72c
0cd4b
0ce0d
0cfb4
0cfb8
0cfc2
0cfc6
0d06a
0d11f
0d123
0d127
0d1cb
0d1cf
0d1d3
0d1d7
0d1db
0d1df
0d1e3
0d1e7
0d1eb
0d1ef
0d1f3
0d1f7
0d1fb
0d1ff
0d203
0d207
0b64a
0b64e
0b6f4
0b71d
0b723
0b886
0b893
0ba22
0baa5
0bab4
0baeb
0baf1
0bb18
0bb1e
0bb32
0bc4f
0bc78
0bc90
0bd1f
0be52
0be62
0be84
0c269
0c278
0c30b
0c3c5
0c3ce
0c45e
0c463
0c4de
0c512
0c51b
0c5a4
0c61e
0caab
0ce01
0cfef
0cff3
0cff7
0d001
0d0a5
0d0a9
0d15e
0d162
0d166
0d1cd
0d20c
0d210
0d214
0d218
0d21c
0d220
0d224
0d228
0d22c
0d230
0d234
0d238
0d23c
0d240
0d244
0b521
0b72f
0b74e
0b75e
0b768
0b8ca
0b97b
0b989
0ba5f
0bb1f
0bb29
0bb34
0bb55
0bb5f
0bc84
0bc92
0bcb8
0bd52
0bd56
0be93
0beb4
0bece
0c288
0c31d
0c326
0c3dd
0c3ef
0c3f8
0c46e
0c477
0c52c
0c532
0c606
0c7fa
0cc63
0ce81
0d028
0d02c
0d036
0d03a
0d0e4
0d193
0d197
0d19b
0d20c
0d210
0d249
0d24d
0d251
0d255
0d259
0d25d
0d261
0d265
0d269
0d26d
0d271
0d275
0d279
0d27d
0b55c
0b560
0b76e
0b797
0b79d
0b8ff
0b90f
0b9bd
0ba94
0ba98
0bb61
0bb67
0bb8e
0bb94
0bba8
0bc2a
0bcbf
0bccb
0bcf3
0bd9b
0bdb5
0bec8
0c2a1
0c2b0
0c335
0c371
0c37a
0c40a
0c40f
0c48a
0c53a
0c543
0c5ca
0c632
0cb29
0ce7b
0cf01
0cf05
0cf09
0cf0d
0d06e
0d072
0d076
0d12b
0d12f
0d249
0d282
0d286
0d28a
0d28e
0d292
0d296
0d29a
0d29e
0d2a2
0d2a6
0d2aa
0d2ae
0d2b2
0d2b6
0d2ba
0b59b
0b678
0b7be
0b7d2
0b7da
0b93e
0b969
0b96d
0b9fb
0bb95
0bba0
0bbaa
0bbcb
0bbd5
0bc63
0bc67
0bd00
0bd29
0bd41
0bdaf
0bdd4
0bdee
0c2c0
0c347
0c350
0c389
0c419
0c422
0c498
0c4a1
0c554
0c55a
0c5d6
0c8c2
0ccd7
0cd93
0cf40
0cf44
0cf48
0cf4c
0d0ad
0d0b1
0d0b5
0d16a
0d282
0d286
0d2bf
0d2c3
0d2c7
0d2cb
0d2cf
0d2d3
0d2d7
0d2db
0d2df
0d2e3
0d2e7
0d2eb
0d2ef
0d2f3
0b5d6
0b5da
0b674
0b6a3
0b6a9
0b80c
0b81b
0b9a8
0ba32
0ba40
0bbd7
0bbdd
0bc00
0bc06
0bc1a
0bca0
0bd34
0bd43
0bd65
0bde0
0bdf0
0be12
0c2d8
0c2e7
0c35f
0c39b
0c3a4
0c434
0c439
0c4b4
0c4ea
0c4f3
0c57e
0c646
0cba1
0cd81
0cf7b
0cf7f
0cf83
0cf87
0d0e8
0d0ec
0d0f0
0d19f
0d1a3
0d1d3
0d2bd
0d2c1
0d2fa
0d2fe
0d302
0d306
0d30a
0d30e
0d312
0d316
0d31a
0d31e
0d322
0d326
0d32a
0b783
0b823
0b846
0b851
0b85c
0b9bd
0bb4b
0bb4f
0bbd9
0bc3f
0bc45
0bc59
0bd6e
0bd74
0bd9b
0bdb5
0be3c
0bebf
0bed0
0bf48
0bf60
0bf7c
0c2f6
0c371
0c37a
0c431
0c4c1
0c4ca
0c53d
0c545
0c57a
0c580
0c632
0c706
0cd4b
0cf32
0d120
0d124
0d128
0d132
0d1d6
0d1da
0d289
0d28d
0d32d
0d331
0d335
0d339
0d33d
0d341
0d345
0d349
0d34d
0d351
0d355
0d359
0d35d
0d361
0d365
0d369
0b7b8
0b7bc
0b862
0b88b
0b891
0b9f5
0ba01
0bb88
0bc07
0bc16
0bc4d
0bc53
0bc7a
0bc80
0bc94
0bdaf
0bdd4
0bdee
0be75
0bf6c
0bf78
0bf8f
0c308
0c311
0c389
0c443
0c44c
0c4dc
0c4e1
0c555
0c587
0c590
0c5fa
0c65a
0c8c2
0cd93
0cfb3
0d15f
0d163
0d16d
0d171
0d213
0d2c2
0d2c6
0d2ca
0d32f
0d36e
0d372
0d376
0d37a
0d37e
0d382
0d386
0d38a
0d38e
0d392
0d396
0d39a
0d39e
0d3a2
0d3a6
0b68f
0b89d
0b8c0
0b8cc
0b8d6
0ba38
0bae7
0baf5
0bbc3
0bc81
0bc8b
0bc96
0bcb7
0bcc1
0bde0
0bdf0
0be12
0bea8
0beac
0bf9c
0bfb0
0bfcc
0c320
0c39b
0c3a4
0c45b
0c46d
0c476
0c4ed
0c4f5
0c5a0
0c5a6
0c646
0c6c5
0cc63
0cfac
0d194
0d198
0d19c
0d1a6
0d24c
0d250
0d2f9
0d2fd
0d36e
0d372
0d3ab
0d3af
0d3b3
0d3b7
0d3bb
0d3bf
0d3c3
0d3c7
0d3cb
0d3cf
0d3d3
0d3d7
0d3db
0d3df
0b6ca
0b6ce
0b8dc
0b905
0b90b
0ba6e
0ba7d
0bb27
0bbf6
0bbfa
0bcc3
0bcc9
0bcf0
0bcf6
0bd0a
0bd88
0be19
0be27
0be4b
0bee2
0befe
0bfc2
0c332
0c33b
0c3b3
0c3ef
0c3f8
0c488
0c48d
0c505
0c5ad
0c5b6
0c612
0c66e
0c848
0ce0d
0d027
0d071
0d075
0d079
0d07d
0d1de
0d1e2
0d291
0d295
0d3ab
0d3e4
0d3e8
0d3ec
0d3f0
0d3f4
0d3f8
0d3fc
0d400
0d404
0d408
0d40c
0d410
0d414
0d418
0d41c
0b709
0b7e6
0b92c
0b940
0b948
0baac
0bad5
0bad9
0bb63
0bcf7
0bd02
0bd0c
0bd2d
0bd37
0bdbf
0bdc3
0be5a
0be7f
0be99
0bef4
0bf0c
0bf28
0c34a
0c3c5
0c3ce
0c407
0c497
0c4a0
0c515
0c51d
0c5c6
0c5cc
0c61e
0c793
0ccd7
0cef5
0d0ac
0d0b0
0d0b4
0d0b8
0d217
0d21b
0d21f
0d2ce
0d3e4
0d3e8
0d421
0d425
0d429
0d42d
0d431
0d435
0d439
0d43d
0d441
0d445
0d449
0d44d
0d451
0d455
0b744
0b748
0b7e2
0b811
0b817
0b97b
0b989
0bb12
0bb98
0bba6
0bd39
0bd3f
0bd62
0bd68
0bd7c
0bdfa
0be8a
0be9b
0bebb
0bf18
0bf24
0bf3b
0c35c
0c365
0c3dd
0c419
0c422
0c4b2
0c4b7
0c52d
0c561
0c56a
0c5e2
0c682
0c7fa
0ce81
0cf3f
0d0eb
0d0ef
0d0f3
0d0f7
0d254
0d258
0d301
0d305
0d335
0d41f
0d423
0d45c
0d460
0d464
0d468
0d46c
0d470
0d474
0d478
0d47c
0d480
0d484
0d488
0d48c
0b8f1
0b991
0b9b5
0b9bf
0b9ca
0bb27
0bcad
0bcb1
0bd3b
0bd9d
0bda3
0bdb9
0bec4
0beca
0bee2
0befe
0bf5c
0bfbb
0bfc8
0c032
0c044
0c060
0c18a
0c374
0c3ef
0c3f8
0c4af
0c53a
0c543
0c5b0
0c5b8
0c5e1
0c632
0c83c
0c861
0c8c4
0d027
0d0e9
0d28a
0d28e
0d298
0d338
0d33c
0d3eb
0d3ef
0d48f
0d493
0d497
0d49b
0d49f
0d4a3
0d4a7
0d4ab
0d4af
0d4b3
0d4b7
0d4bb
0d4bf
0d4c3
0d4c7
0b926
0b92a
0b9d0
0b9f9
0b9ff
0bb5d
0bb69
0bcea
0bd69
0bd78
0bdab
0bdb1
0bdd6
0bddc
0bdf2
0bef4
0bf0c
0bf28
0bf86
0c050
0c05c
0c06d
0c0be
0c386
0c38f
0c407
0c4c1
0c4ca
0c554
0c55a
0c5c7
0c5ea
0c5f0
0c678
0c89f
0c8c2
0cd93
0d0dd
0d2c3
0d2c7
0d2d1
0d2d5
0d375
0d424
0d428
0d42c
0d491
0d4ce
0d4d2
0d4d6
0d4da
0d4de
0d4e2
0d4e6
0d4ea
0d4ee
0d4f2
0d4f6
0d4fa
0d4fe
0d502
0b7fd
0ba0b
0ba2f
0ba3a
0ba44
0bb9e
0bc49
0bc57
0bd25
0bddd
0bde5
0bdec
0be11
0be1b
0bf18
0bf24
0bf3b
0bfaa
0bfae
0c07a
0c088
0c0a4
0c0ef
0c39e
0c419
0c422
0c4d9
0c4ea
0c4f3
0c564
0c56c
0c5f9
0c646
0c69f
0c6c5
0c72e
0cf3f
0d15d
0d2fa
0d2fe
0d308
0d3ae
0d3b2
0d45b
0d45f
0d4cc
0d505
0d509
0d50d
0d511
0d515
0d519
0d51d
0d521
0d525
0d529
0d52d
0d531
0d535
0d539
0b838
0b83c
0ba4a
0ba73
0ba79
0bbd2
0bbe1
0bc89
0bd58
0bd5c
0be1d
0be23
0be48
0be4e
0be64
0bede
0bf42
0bf4e
0bf65
0bfd8
0bff4
0c09a
0c10c
0c3b0
0c3b9
0c431
0c46d
0c476
0c504
0c50a
0c57b
0c602
0c608
0c68c
0c71b
0c72e
0ce0d
0d157
0d1dd
0d1e1
0d1e5
0d1e9
0d340
0d344
0d3f3
0d3f7
0d507
0d540
0d544
0d548
0d54c
0d550
0d554
0d558
0d55c
0d560
0d564
0d568
0d56c
0d570
0d574
0b877
0b954
0ba9c
0baae
0bab6
0bc0e
0bc37
0bc3b
0bcc5
0be4f
0be58
0be5e
0be83
0be8d
0bf06
0bf0a
0bf72
0bf8a
0bfa6
0bfea
0bffc
0c018
0c13d
0c3c8
0c443
0c44c
0c485
0c512
0c51b
0c58a
0c592
0c611
0c61e
0c76d
0c793
0c7fc
0cfb3
0d06f
0d21a
0d21e
0d222
0d379
0d37d
0d381
0d430
0d53e
0d577
0d57b
0d57f
0d583
0d587
0d58b
0d58f
0d593
0d597
0d59b
0d59f
0d5a3
0d5a7
0d5ab
0b8b2
0b8b6
0b950
0b97f
0b985
0bae7
0baf5
0bc74
0bcfa
0bd08
0be8f
0be95
0beb8
0bebe
0bed2
0bf32
0bf95
0bfa2
0bfb7
0c008
0c014
0c025
0c15a
0c3da
0c3e3
0c45b
0c497
0c4a0
0c52c
0c532
0c5a1
0c5d2
0c5d8
0c664
0c7e1
0c7fc
0ce81
0d05d
0d253
0d257
0d25b
0d25f
0d3b6
0d3ba
0d463
0d467
0d495
0d579
0d5b2
0d5b6
0d5ba
0d5be
0d5c2
0d5c6
0d5ca
0d5ce
0d5d2
0d5d6
0d5da
0d5de
0d5e2
0b0b0
0b0fc
0b100
0b10f
0ba5d
0ba61
0baff
0bb25
0bb2c
0bc84
0bc92
0be09
0be8a
0be9b
0bee6
0bef0
0bfb2
0bfc4
0bfca
0bfdd
0c093
0c0a0
0c116
0c23c
0c3f2
0c46d
0c476
0c528
0c5ad
0c5b6
0c603
0c622
0c626
0c71b
0c7fa
0c800
0c804
0c808
0c847
0ca70
0d194
0d3e9
0d3ed
0d3f1
0d3fb
0d497
0d49b
0d544
0d548
0d5e6
0d5ea
0d5ee
0d5f2
0d5f6
0d5fa
0d5fe
0d602
0d606
0d60a
0d60e
0b113
0b11e
0b165
0b170
0b187
0ba96
0bb38
0bb5a
0bb65
0bb6f
0bcc5
0be40
0be44
0bec8
0beeb
0bef6
0befc
0bf10
0bf1a
0bfe4
0bff0
0c001
0c133
0c1a0
0c404
0c40d
0c485
0c53a
0c541
0c5c6
0c5cc
0c613
0c62e
0c678
0c859
0c865
0c869
0c86d
0c871
0c91d
0cf01
0d246
0d426
0d42a
0d434
0d438
0d4d2
0d57b
0d57f
0d5e4
0d612
0d616
0d61a
0d61e
0d622
0d626
0d62a
0d62e
0d632
0d636
0d63a
0b17e
0b1c4
0b1c8
0b1d8
0b969
0b96d
0bb75
0bb9c
0bba2
0bcfa
0bd08
0bdaf
0be79
0be7d
0bf1b
0bf22
0bf38
0bf3e
0bf54
0c00d
0c020
0c03c
0c164
0c1c5
0c41c
0c497
0c4a0
0c550
0c561
0c56a
0c5d3
0c636
0c63a
0c69f
0c89a
0c8c6
0c8ca
0c8ce
0c8d2
0c962
0d0ab
0d459
0d45d
0d461
0d46b
0d509
0d50d
0d5b2
0d5b6
0d614
0d63e
0d642
0d646
0d64a
0d64e
0d652
0d656
0d65a
0d65e
0d662
0afc7
0afcb
0afda
0b1da
0b1e6
0b9a8
0bbae
0bbd0
0bbdb
0bbe5
0bd3b
0bde0
0bdf0
0beb0
0bf3f
0bf4a
0bf50
0bf64
0bf6e
0c02c
0c038
0c049
0c180
0c1dc
0c42e
0c437
0c4af
0c4ea
0c4f1
0c57a
0c580
0c5e3
0c642
0c68c
0c6c5
0c6cb
0c6cf
0c6d3
0c705
0c962
0cf7a
0d2bc
0d340
0d344
0d348
0d34c
0d49f
0d4a3
0d54c
0d63c
0d666
0d66a
0d66e
0d672
0d676
0d67a
0d67e
0d682
0d686
0d68a
0d68e
0afe2
0b02e
0b032
0b041
0b9e3
0b9e7
0bac4
0bc0c
0bc12
0bd69
0bd78
0bd97
0be19
0be27
0bf70
0bf76
0bf8c
0bf92
0bfa8
0c056
0c068
0c084
0c0c8
0c201
0c446
0c4c1
0c4ca
0c500
0c587
0c590
0c5eb
0c64a
0c64e
0c717
0c730
0c734
0c738
0c73c
0c89e
0c9ec
0d11f
0d379
0d37d
0d381
0d385
0d4d6
0d4da
0d583
0d587
0d668
0d692
0d696
0d69a
0d69e
0d6a2
0d6a6
0d6aa
0d6ae
0d6b2
0d6b6
0b045
0b050
0b097
0b0a2
0b0b9
0ba22
0babc
0bae4
0baef
0baf9
0bc4f
0bdce
0bdd2
0be5a
0bf93
0bf9e
0bfa4
0bfb6
0bfbe
0c073
0c080
0c08f
0c0e5
0c218
0c458
0c461
0c4d9
0c512
0c519
0c5a0
0c5a6
0c5fb
0c61a
0c664
0c77e
0c797
0c79b
0c79f
0c7a3
0c9ec
0cfee
0d1ca
0d3b6
0d3ba
0d3be
0d3c2
0d511
0d515
0d5ba
0d5e8
0d690
0d6ba
0d6be
0d6c2
0d6c6
0d6ca
0d6ce
0d6d2
0d6d6
0d6da
0d6de
0afda
0b0db
0b0df
0b1c0
0b1da
0b1e6
0b2b3
0b2ee
0b2fc
0bbc3
0bc5f
0bc81
0bc8b
0bc96
0bde7
0bf95
0bfa2
0bfdc
0bfe6
0c08a
0c09c
0c0a2
0c116
0c1e3
0c2e4
0c470
0c4ea
0c4f1
0c59c
0c602
0c608
0c643
0c660
0c6b0
0c6c9
0c6cd
0c6d7
0c6db
0c7de
0c7e2
0c7e6
0c7ea
0c9f1
0cbb8
0d195
0d542
0d546
0d550
0d554
0d5ee
0d6e0
0d6e4
0d6e8
0d6ec
0d6f0
0d6f4
0d6f8
0d6fc
0d700
0d704
0afc1
0afc5
0afe2
0b03b
0b052
0b144
0b2f6
0b2fe
0b336
0bbf6
0bbfa
0bc9c
0bcc3
0bcc9
0be19
0be27
0bfc2
0bfe1
0bfec
0bff2
0c000
0c00a
0c133
0c1fa
0c253
0c482
0c48b
0c500
0c5ad
0c5b4
0c611
0c64b
0c668
0c66c
0c72c
0c732
0c736
0c740
0c781
0c847
0c84b
0c84f
0ca34
0ca38
0cbf1
0d3a9
0d57d
0d581
0d58b
0d616
0d61a
0d6e2
0d70a
0d70e
0d712
0d716
0d71a
0d71e
0d722
0d726
0d72a
0b02a
0b045
0b050
0b0a8
0b1a5
0b1a9
0b33d
0b372
0b382
0bad7
0bcd5
0bcf7
0bd02
0bd0c
0be5a
0beee
0befa
0c00b
0c012
0c022
0c028
0c03e
0c164
0c21f
0c275
0c49a
0c512
0c519
0c5c2
0c5d2
0c5d8
0c61b
0c674
0c77e
0c797
0c79b
0c7a5
0c7a9
0c8a8
0c8ac
0c8b0
0c8b4
0ca75
0cabc
0d0ac
0d5b0
0d5b4
0d5be
0d5c2
0d642
0d708
0d72c
0d730
0d734
0d738
0d73c
0d740
0d744
0d748
0d74c
0af99
0af9d
0b091
0b0ac
0b0b7
0b10f
0b21f
0b22d
0b37c
0bb10
0bb14
0bd12
0bd39
0bd3f
0be8a
0be9b
0bf1d
0c029
0c034
0c03a
0c048
0c052
0c180
0c235
0c28b
0c4ac
0c4b5
0c528
0c561
0c568
0c5e1
0c623
0c67c
0c680
0c69f
0c6a3
0c6a7
0c7f9
0c7ff
0c803
0c80d
0c811
0c920
0c924
0cb3a
0d41f
0d49f
0d4a3
0d4a7
0d66a
0d66e
0d72e
0d752
0d756
0d75a
0d75e
0d762
0d766
0d76a
0d76e
0d772
0b002
0b0f6
0b0fa
0b117
0b170
0b187
0b229
0b264
0b272
0bb4d
0bc24
0bd60
0bd72
0bd7a
0bec8
0bf42
0bf4e
0c054
0c05a
0c06a
0c070
0c086
0c0c8
0c1a7
0c2ad
0c4c4
0c53a
0c541
0c576
0c5ea
0c5f0
0c62f
0c688
0c704
0c708
0c70c
0c858
0c864
0c868
0c86c
0c876
0c89f
0c967
0cb3a
0d120
0d4d6
0d4da
0d4de
0d4e2
0d696
0d750
0d774
0d778
0d77c
0d780
0d784
0d788
0d78c
0d790
0d794
0b067
0b06b
0b15f
0b179
0b185
0b1d8
0b26c
0b274
0b2ac
0bb86
0bb8a
0bc20
0bc4d
0bc53
0bda7
0bdb7
0bf72
0c071
0c07c
0c082
0c08e
0c096
0c0e5
0c1be
0c2c3
0c4d6
0c4df
0c550
0c587
0c58e
0c5f9
0c637
0c654
0c658
0c76b
0c76f
0c773
0c899
0c8c5
0c8c9
0c8cd
0c8d7
0c9aa
0c9ae
0cbb8
0d32d
0d511
0d515
0d519
0d6ba
0d6be
0d6e6
0d776
0d79a
0d79e
0d7a2
0d7a6
0d7aa
0d7ae
0d7b2
0d7b6
0b133
0b14c
0b16e
0b17c
0b185
0b23f
0b260
0b26e
0b277
0b3f0
0b400
0b409
0c0c6
0c180
0c18a
0c200
0c354
0c575
0c654
0c833
0c83e
0c84b
0c864
0c87c
0c8a1
0c8dc
0c96a
0c991
0c9af
0ca1c
0ca33
0cae0
0cafd
0cb01
0cb23
0cb3c
0cb40
0cbe5
0ccb0
0ccd9
0ccee
0cd89
0cd94
0cda5
0cece
0cefa
0cf11
0cf15
0cfbc
0d07f
0d7b8
0d7bc
0d7c0
0d7c4
0d7c8
0d7cc
0d7d0
0d7d4
0d7d8
0d7dc
0b192
0b1a7
0b1af
0b1d6
0b1e2
0b282
0b295
0b2ac
0b2b7
0b372
0b437
0b443
0b65f
0c0c1
0c0cc
0c0f2
0c363
0c54f
0c640
0c696
0c6b1
0c6dd
0c7de
0c8a5
0c8bc
0c8de
0c98c
0c9b5
0c9e1
0c9f6
0ca6a
0caa4
0cb1f
0cb44
0cb48
0cb64
0cb7b
0cb7f
0cc1f
0ccf0
0cd15
0cd2b
0cda8
0cdd2
0cde2
0cef0
0cf37
0cf4e
0cf52
0cff9
0d167
0d7e1
0d7e5
0d7e9
0d7ed
0d7f1
0d7f5
0d7f9
0d7fd
0d801
0d805
0afa7
0afb0
0afd3
0afe0
0afe9
0b2d2
0b2da
0b2f1
0b2fc
0b46e
0b47e
0b487
0c0e5
0c0ef
0c114
0c23b
0c300
0c59b
0c668
0c693
0c6b8
0c6bf
0c6e1
0c718
0c744
0c846
0c918
0c9d1
0c9fa
0ca26
0ca3b
0cb5c
0cb73
0cb85
0cb89
0cbac
0cbbc
0cbc0
0cd0f
0cd2f
0cd60
0cdaa
0cde5
0ce0e
0ce1f
0cf56
0cf7c
0cf8d
0cf91
0d0f9
0d7e0
0d80a
0d80e
0d812
0d816
0d81a
0d81e
0d822
0d826
0d82a
0b002
0b012
0b019
0b03f
0b04d
0b264
0b319
0b32f
0b33d
0b346
0b4b5
0b4c1
0b56b
0c10f
0c11a
0c140
0c30f
0c4ff
0c618
0c6fe
0c709
0c721
0c72f
0c74a
0c784
0c7ad
0c954
0c965
0ca3d
0ca5e
0ca78
0cb24
0cb9d
0cbc2
0cbc6
0cbdd
0cbf3
0cbf7
0cc1b
0cc35
0cc99
0cd66
0ce03
0ce46
0ce5a
0cefc
0cf93
0cfbe
0cfca
0cfce
0d136
0d82f
0d833
0d837
0d83b
0d83f
0d843
0d847
0d84b
0d84f
0d853
0b075
0b07e
0b0a1
0b0ae
0b0b7
0b356
0b35e
0b376
0b380
0b4e6
0b4f6
0b4ff
0c133
0c13d
0c162
0c1c4
0c32a
0c5c1
0c67c
0c766
0c783
0c78c
0c7ae
0c7d1
0c7f1
0c8ae
0c906
0c911
0c928
0c9a2
0ca7d
0caa1
0caad
0cac0
0cac4
0cbeb
0cbfd
0cc01
0cc39
0cc65
0cc74
0ce24
0ce5f
0ce8c
0ce9b
0cfad
0cff0
0d005
0d009
0d0a5
0d82e
0d858
0d85c
0d860
0d864
0d868
0d86c
0d870
0d874
0d878
0b0c7
0b0dd
0b0e7
0b10d
0b11b
0b1f8
0b20b
0b222
0b22d
0b2ee
0b3b9
0b3c5
0b5eb
0c15d
0c168
0c18d
0c339
0c527
0c62c
0c6a2
0c7ce
0c7da
0c7f4
0c816
0c83d
0c87d
0c8fc
0c92b
0c955
0c96f
0c9e6
0ca99
0cab6
0cac8
0cacc
0caec
0cb07
0cb0b
0cc58
0cc78
0ccb3
0cd1e
0ce7d
0ceba
0ced2
0cf76
0d00d
0d032
0d040
0d044
0d1aa
0d87c
0d880
0d884
0d888
0d88c
0d890
0d894
0d898
0d89c
0d8a0
0b312
0b31c
0b331
0b33d
0b346
0b3d7
0b3f1
0b3fc
0b409
0b567
0b574
0b57f
0c0b3
0c182
0c1ad
0c237
0c240
0c3cf
0c672
0c725
0c89d
0ca17
0ca22
0ca3d
0ca59
0ca78
0cadf
0cb0c
0cb2a
0cb3d
0cbb3
0cc59
0cc79
0cc7d
0cc9b
0ccb3
0ccb9
0cd55
0ce22
0ce47
0ce62
0cef7
0cf03
0cf13
0d03c
0d06a
0d07f
0d084
0d12a
0d1eb
0d7ba
0d7be
0d87c
0d8a5
0d8a9
0d8ad
0d8b1
0d8b5
0d8b9
0d8bd
0b34c
0b355
0b35e
0b376
0b380
0b413
0b424
0b438
0b443
0b4e5
0b5aa
0b5b7
0b7c0
0c0da
0c1a0
0c1a7
0c1c7
0c3e0
0c5c1
0c69c
0c78c
0c901
0c910
0c926
0ca61
0ca6d
0ca81
0cb43
0cb64
0cb7a
0cbde
0cc1e
0cc96
0ccbc
0ccc0
0ccdb
0ccef
0ccf6
0cd8f
0ce5f
0ce84
0ce9f
0cf1a
0cf40
0cf50
0d05e
0d0a7
0d0bc
0d0c1
0d167
0d2cb
0d7e2
0d856
0d8c1
0d8c5
0d8c9
0d8cd
0d8d1
0d8d5
0d8d9
0d8dd
0b1ff
0b208
0b21c
0b229
0b232
0b45d
0b463
0b477
0b482
0b5e1
0b5ee
0b5f9
0c0e7
0c11d
0c1c0
0c1ca
0c1e9
0c37b
0c686
0c703
0c7f3
0c8fd
0c915
0c929
0c951
0c96d
0caaf
0cb5d
0cb8b
0cbad
0cbbb
0ccd0
0cce7
0ccfb
0ccff
0cd20
0cd31
0cd35
0ce7d
0cea1
0ced2
0cf1d
0cf57
0cf7c
0cf8d
0d0c5
0d0ea
0d0fc
0d100
0d261
0d7e6
0d80b
0d87f
0d8e1
0d8e5
0d8e9
0d8ed
0d8f1
0d8f5
0d8f9
0b23c
0b248
0b250
0b267
0b272
0b3f7
0b49f
0b4b0
0b4b9
0b4c6
0b624
0b631
0b6d6
0c128
0c1dc
0c1e3
0c203
0c38c
0c575
0c707
0c83f
0c946
0c957
0c95e
0c972
0c99c
0c9b6
0caf7
0cbc1
0cbdd
0cbf2
0cc98
0cd10
0cd36
0cd3a
0cd4f
0cd63
0cd6a
0cd89
0cda3
0ce09
0ced8
0cf71
0cfb5
0cfc8
0d068
0d102
0d12c
0d139
0d13d
0d29c
0d7c2
0d834
0d8fd
0d901
0d905
0d909
0d90d
0d911
0d915
0d919
0b289
0b292
0b2a6
0b2b3
0b2bc
0b4d5
0b4db
0b4ef
0b4fa
0b655
0b662
0b66c
0c0bd
0c163
0c1fc
0c206
0c225
0c3a5
0c65e
0c7d1
0c8bb
0c98d
0c99f
0c9b3
0c9d5
0c9f4
0caa0
0caa8
0cabe
0cb2d
0cbfb
0cc1c
0cc2a
0cc3d
0cc41
0cd5b
0cd6f
0cd73
0cda8
0cdd4
0cde8
0cf97
0cfd1
0cffb
0d007
0d11b
0d15e
0d173
0d178
0d211
0d7e7
0d859
0d85d
0d91d
0d921
0d925
0d929
0d92d
0d931
0d935
0b2c8
0b2d1
0b2da
0b2f1
0b2fc
0b395
0b3a6
0b3ba
0b3c5
0b46d
0b530
0b53d
0b750
0c15f
0c218
0c21f
0c23e
0c3b6
0c59b
0c6b9
0c7d9
0c9d0
0c9db
0c9e8
0c9fc
0ca20
0ca42
0cac5
0cae5
0cb04
0cb65
0cc13
0cc30
0cc44
0cc48
0cc67
0cc81
0cc85
0cdc6
0cdea
0ce1d
0ce8e
0cfeb
0d029
0d03e
0d0e2
0d17c
0d1a0
0d1af
0d1b3
0d30c
0d810
0d882
0d91b
0d93c
0d940
0d944
0d948
0d94c
0d950
0d954
0b498
0b4a2
0b4ae
0b4bb
0b4c6
0b54f
0b56d
0b576
0b57f
0b6d7
0b6e2
0b6ed
0c0fc
0c144
0c238
0c25f
0c2e0
0c2e8
0c44d
0c953
0ca21
0cb9d
0cba8
0cbc1
0cbdb
0cbf2
0cc57
0cc86
0cca0
0ccb7
0cd25
0cdc7
0cde6
0cdee
0ce0a
0ce1f
0ce2a
0cec5
0cf93
0cfb6
0cfd5
0d065
0d070
0d083
0d1ac
0d1d8
0d1eb
0d1f0
0d290
0d34d
0d80e
0d834
0d8a5
0d957
0d95b
0d95f
0d963
0d967
0d96b
0d96f
0b4cd
0b4d6
0b4de
0b4ef
0b4fa
0b589
0b59a
0b5b0
0b5b7
0b653
0b719
0b726
0b936
0c138
0c1a5
0c253
0c259
0c277
0c45e
0c787
0c99b
0ca9f
0caac
0cabe
0cbe2
0cbee
0cc05
0ccb0
0ccdb
0ccec
0cd50
0cd8c
0ce04
0ce23
0ce30
0ce46
0ce5c
0ce67
0cefd
0cfd0
0cff2
0d012
0d089
0d0ad
0d0c0
0d1cc
0d213
0d226
0d22b
0d2cb
0d42d
0d839
0d85f
0d8c5
0d975
0d979
0d97d
0d981
0d985
0d989
0d98d
0b39d
0b3a6
0b3b2
0b3bf
0b3ca
0b5d1
0b5d7
0b5ed
0b5f4
0b751
0b75c
0b767
0c14d
0c191
0c1e6
0c271
0c27a
0c297
0c3f9
0c914
0c9e6
0ca9b
0cab3
0cac5
0cae9
0cb04
0cc2c
0ccd1
0cd01
0cd1f
0cd31
0ce3e
0ce55
0ce6b
0ce6f
0ce8f
0cea2
0cea6
0cfeb
0d013
0d03e
0d08c
0d0c6
0d0ea
0d0fd
0d22f
0d252
0d264
0d268
0d3c3
0d7e6
0d881
0d8e1
0d98f
0d993
0d997
0d99b
0d99f
0d9a3
0d9a7
0b3d5
0b3e0
0b3e8
0b3f9
0b405
0b566
0b611
0b625
0b62d
0b636
0b793
0b79f
0b849
0c174
0c1e1
0c28b
0c291
0c2af
0c40a
0c83e
0ca1c
0cade
0caef
0caf6
0cafe
0cb2e
0cb4d
0cc6f
0cd2d
0cd4f
0cd60
0ce06
0ce7e
0ce9d
0ceaa
0ceba
0ced4
0cedb
0cef7
0cf11
0cf77
0d04a
0d0df
0d122
0d138
0d1d6
0d26a
0d292
0d29f
0d2a3
0d3fe
0d7bc
0d886
0d901
0d9ad
0d9b1
0d9b5
0d9b9
0d9bd
0d9c1
0d9c5
0b41b
0b424
0b430
0b43d
0b448
0b645
0b64b
0b661
0b668
0b7c1
0b7d0
0b7db
0c0ae
0c0f6
0c222
0c2a9
0c2b2
0c2cf
0c423
0c99e
0ca6a
0cb1f
0cb31
0cb43
0cb61
0cb7a
0cc1a
0cc22
0cc3c
0cca5
0cd6d
0cd8a
0cd95
0cdae
0cdb2
0cec9
0cedf
0cee3
0cf19
0cf42
0cf5b
0d106
0d140
0d169
0d177
0d283
0d2c2
0d2d7
0d2dc
0d373
0d7c0
0d7e3
0d91d
0d9c7
0d9cb
0d9cf
0d9d3
0d9d7
0d9db
0d9df
0b454
0b45c
0b466
0b477
0b482
0b50f
0b520
0b536
0b53d
0b5df
0b69f
0b6ab
0b8c3
0c0ea
0c21d
0c2c3
0c2c9
0c2e6
0c434
0c6b8
0c917
0cb5c
0cb67
0cb74
0cb84
0cba6
0cbcc
0cc39
0cc5d
0cc72
0ccdc
0cd81
0cd9e
0cdb4
0cdb8
0cdd3
0cdf1
0cdf5
0cf34
0cf5c
0cf8b
0cffa
0d159
0d197
0d1ae
0d24c
0d2e0
0d302
0d311
0d315
0d46e
0d808
0d85e
0d93c
0d9e4
0d9e8
0d9ec
0d9f0
0d9f4
0d9f8
0d9fc
0b609
0b614
0b621
0b62c
0b636
0b6bd
0b6dc
0b6e5
0b6ed
0b842
0b84f
0b85b
0c0dd
0c1d3
0c20a
0c2e1
0c2ff
0c366
0c4cb
0caed
0cba7
0cd10
0cd1b
0cd2d
0cd4a
0cd60
0cdc5
0cdf6
0ce0e
0ce20
0ce93
0cf35
0cf59
0cf60
0cf75
0cf8d
0cf91
0d031
0d0fa
0d123
0d144
0d1d3
0d1dc
0d1ef
0d30e
0d33a
0d34d
0d352
0d3f2
0d4ab
0d7ec
0d80e
0d815
0d819
0d958
0d9ff
0da03
0da07
0da0b
0da0f
0b63e
0b646
0b64e
0b65c
0b668
0b6f8
0b708
0b71e
0b726
0b7c7
0b887
0b893
0baa5
0c106
0c1ff
0c258
0c2f9
0c310
0c4dc
0c99e
0cb2d
0cc18
0cc27
0cc36
0cd52
0cd5e
0cd76
0ce21
0ce46
0ce5a
0cebd
0cefc
0cf72
0cf96
0cf9e
0cfb5
0cfca
0cfce
0d069
0d137
0d160
0d181
0d1f5
0d217
0d22a
0d32e
0d375
0d388
0d38d
0d42d
0d583
0d833
0d83a
0d83e
0d91d
0d976
0da16
0da1a
0da1e
0da22
0da26
0b519
0b520
0b52d
0b538
0b542
0b740
0b745
0b75b
0b762
0b8bc
0b8ca
0b8d5
0c12b
0c20f
0c245
0c294
0c312
0c329
0c477
0cab2
0cb74
0cc16
0cc2e
0cc39
0cc63
0cc72
0cd99
0ce3f
0ce70
0ce8c
0ce9c
0cfac
0cfc3
0cfd9
0cfdd
0cffc
0d009
0d014
0d159
0d17d
0d1ae
0d1f8
0d230
0d252
0d265
0d391
0d3b4
0d3c6
0d3ca
0d51d
0d83a
0d85e
0d863
0d867
0d990
0da29
0da2d
0da31
0da35
0da39
0b54d
0b559
0b560
0b571
0b57a
0b6d9
0b77f
0b794
0b79c
0b7a4
0b900
0b90e
0b9b8
0c154
0c22c
0c290
0c323
0c33a
0c488
0ca21
0cba4
0cc55
0cc68
0cc6e
0cc7a
0cca1
0ccb6
0cddd
0ce9d
0ceba
0ced2
0cf76
0cfec
0d00f
0d018
0d029
0d040
0d044
0d065
0d081
0d0e3
0d1ad
0d249
0d288
0d29e
0d338
0d3cc
0d3f4
0d401
0d405
0d556
0d87d
0d887
0d88b
0d8a5
0d9ae
0da40
0da44
0da48
0da4c
0da50
0b592
0b59a
0b5a7
0b5b2
0b5bc
0b7b4
0b7b9
0b7cf
0b7d6
0b932
0b93e
0b949
0c178
0c197
0c1ce
0c2cc
0c33c
0c353
0c4a1
0cb30
0cbec
0cc96
0cca7
0ccb0
0ccd6
0ccec
0cd88
0cd8e
0cda5
0ce13
0cede
0cef8
0cf04
0cf15
0cf20
0d037
0d04d
0d051
0d080
0d0af
0d0ca
0d26e
0d2a6
0d2cd
0d2db
0d3e5
0d425
0d439
0d43e
0d4cf
0d7bb
0d7c4
0d7c8
0d887
0d9c8
0da53
0da57
0da5b
0da5f
0da63
0b5ca
0b5d2
0b5da
0b5e8
0b5f4
0b67e
0b68e
0b6a4
0b6ab
0b753
0b80d
0b81a
0ba32
0c0b8
0c1c3
0c2c8
0c34d
0c364
0c4b2
0c914
0cab7
0ccd0
0ccdc
0cce8
0ccfa
0cd15
0cd30
0cda7
0cdca
0cde0
0ce49
0ceef
0cf0c
0cf22
0cf26
0cf41
0cf52
0cf63
0d0a2
0d0c6
0d0fb
0d168
0d2bf
0d2f8
0d310
0d3ae
0d442
0d464
0d473
0d477
0d5c4
0d7e4
0d7ec
0d7f0
0d8e1
0d9e5
0da6a
0da6e
0da72
0da76
0da7a
0b777
0b782
0b78f
0b79c
0b7a4
0b82b
0b845
0b852
0b85b
0b9ad
0b9bd
0b9c9
0c0e0
0c1b9
0c290
0c2fc
0c37d
0c3e4
0c545
0cc68
0cd1a
0ce7e
0ce89
0ce9d
0ceb7
0ced2
0cf33
0cf64
0cf7c
0cf95
0d001
0d0a3
0d0c8
0d0ce
0d0e5
0d0fb
0d100
0d19f
0d262
0d289
0d2aa
0d335
0d33e
0d351
0d470
0d498
0d4ab
0d4b0
0d54a
0d5f2
0d809
0d8e1
0d8e7
0d8eb
0d9fe
0da7d
0da81
0da85
0da89
0da8d
0b7aa
0b7b3
0b7bc
0b7cd
0b7d6
0b865
0b876
0b88c
0b893
0b931
0b9f0
0ba01
0bc07
0c176
0c1da
0c2d2
0c377
0c38e
0c557
0cb30
0cca5
0cd87
0cd94
0cdab
0cebf
0cecc
0cee5
0cf93
0cfb5
0cfc8
0d02c
0d068
0d0e0
0d105
0d10c
0d122
0d138
0d13d
0d1d7
0d29d
0d2c4
0d2e5
0d357
0d379
0d38c
0d48e
0d4d1
0d4e4
0d4e9
0d583
0d694
0d835
0d903
0d907
0d9c9
0da15
0da94
0da98
0da9c
0daa0
0daa4
0b685
0b68e
0b69b
0b6a8
0b6b0
0b8ad
0b8b3
0b8c9
0b8d1
0ba27
0ba38
0ba43
0c0b4
0c1f5
0c2c8
0c326
0c390
0c3a7
0c4f5
0cc2d
0cce8
0cd84
0cd9b
0cda7
0cdd0
0cde0
0cf08
0cfad
0cfde
0cffb
0d011
0d11a
0d131
0d147
0d14b
0d16a
0d178
0d182
0d2bf
0d2e1
0d310
0d35a
0d392
0d3b4
0d3c7
0d4ed
0d50e
0d520
0d524
0d646
0d7e7
0d91d
0d923
0d927
0da28
0daa7
0daab
0daaf
0dab3
0dab7
0b6ba
0b6c7
0b6ce
0b6e0
0b6e8
0b841
0b8ed
0b8fc
0b90a
0b912
0ba6a
0ba7c
0bb22
0c157
0c216
0c2e3
0c3a1
0c3b8
0c507
0cba7
0cd18
0cdc4
0cdd6
0cddc
0cdec
0ce10
0ce28
0cf4b
0d00d
0d029
0d03e
0d0e2
0d15a
0d17e
0d186
0d197
0d1ae
0d1b3
0d1d3
0d1ed
0d24d
0d30f
0d3ab
0d3ea
0d400
0d496
0d526
0d54c
0d559
0d55d
0d670
0d883
0d93e
0d942
0d959
0da3f
0dabe
0dac2
0dac6
0daca
0dace
0b6ff
0b708
0b717
0b722
0b72a
0b921
0b927
0b93d
0b944
0ba9b
0baac
0bab7
0c101
0c230
0c258
0c350
0c3ba
0c3d1
0c51d
0cca6
0cd5c
0ce04
0ce15
0ce21
0ce43
0ce5a
0cef6
0cefe
0cf13
0cf81
0d04c
0d066
0d071
0d084
0d08e
0d1a5
0d1bb
0d1bf
0d1ec
0d219
0d234
0d3d0
0d408
0d42f
0d43d
0d53d
0d57a
0d58f
0d594
0d616
0d7bb
0d8a6
0d8ac
0d93e
0da52
0dad1
0dad5
0dad9
0dadd
0dae1
0b736
0b73f
0b748
0b759
0b762
0b7eb
0b7fc
0b812
0b81a
0b8bb
0b976
0b987
0bb98
0c129
0c19e
0c29a
0c3cb
0c3e2
0c52f
0cab2
0cc31
0ce3e
0ce49
0ce56
0ce6b
0ce84
0cea2
0cf19
0cf39
0cf4e
0cfb8
0d05d
0d07a
0d090
0d094
0d0ae
0d0c1
0d0d1
0d20e
0d230
0d263
0d2cc
0d421
0d45b
0d472
0d508
0d598
0d5ba
0d5c9
0d5cd
0d6c0
0d856
0d8c7
0d8cb
0d991
0da69
0dae8
0daec
0daf0
0daf4
0daf8
0b8e5
0b8f0
0b8fa
0b90a
0b912
0b999
0b9b4
0b9c0
0b9c9
0bb17
0bb27
0bb33
0c14c
0c1bd
0c26d
0c37a
0c3fb
0c462
0c5b8
0c80c
0cdd6
0ce88
0cfec
0cff7
0d00d
0d026
0d03e
0d0a1
0d0d2
0d0ea
0d104
0d16f
0d20f
0d232
0d238
0d24f
0d263
0d268
0d301
0d3c4
0d3eb
0d40c
0d493
0d49c
0d4af
0d5c6
0d5ee
0d5f5
0d5f9
0d6c2
0d881
0d991
0d996
0d99a
0da7c
0dafb
0daff
0db03
0db07
0db0b
0b919
0b922
0b92a
0b939
0b944
0b9d3
0b9e4
0b9fa
0ba01
0ba9a
0bb58
0bb6a
0bd69
0c17d
0c286
0c356
0c3f5
0c40c
0c5c9
0c865
0cca6
0ce13
0cef5
0cf03
0cf1e
0d02e
0d03a
0d053
0d102
0d122
0d138
0d19a
0d1d6
0d24a
0d26d
0d274
0d288
0d29e
0d2a3
0d339
0d3ff
0d427
0d447
0d4b5
0d4d6
0d4e8
0d5e4
0d618
0d61f
0d623
0d70c
0d900
0d9b0
0d9b4
0da53
0da93
0db12
0db16
0db1a
0db1e
0db22
0b7f4
0b7fc
0b806
0b816
0b81e
0ba1b
0ba21
0ba37
0ba3e
0bb8d
0bb9e
0bba9
0c0ad
0c1f9
0c2a5
0c3a4
0c40e
0c425
0c56c
0c8d4
0cd9a
0ce56
0cef2
0cf0a
0cf19
0cf3f
0cf4e
0d075
0d11b
0d14c
0d169
0d180
0d282
0d297
0d2ad
0d2b1
0d2ce
0d2dc
0d2e6
0d421
0d443
0d472
0d4b8
0d4ee
0d50e
0d521
0d625
0d646
0d64b
0d6ba
0d7e2
0d9c9
0d9ce
0d9d2
0daa6
0db25
0db29
0db2d
0db31
0db35
0b827
0b835
0b83c
0b84b
0b856
0b9ac
0ba5b
0ba6b
0ba78
0ba80
0bbce
0bbe0
0bc84
0c0e2
0c2be
0c302
0c41f
0c436
0c57d
0c6c9
0cd1a
0ce86
0cf32
0cf44
0cf4a
0cf5e
0cf7e
0cf9a
0d0b9
0d17c
0d197
0d1ae
0d24c
0d2c0
0d2e2
0d2ea
0d2f8
0d310
0d315
0d335
0d34f
0d3af
0d471
0d505
0d542
0d558
0d5ec
0d64f
0d670
0d675
0d754
0d93b
0d9e7
0d9eb
0d9ff
0dabd
0db3c
0db40
0db44
0db48
0db4c
0b86d
0b876
0b880
0b890
0b898
0ba8f
0ba95
0baab
0bab2
0bbfd
0bc0e
0bc19
0c0fb
0c234
0c2dc
0c3ce
0c438
0c44f
0c592
0c73e
0ce14
0ceca
0cf72
0cf83
0cf93
0cfb2
0cfc8
0d064
0d06c
0d083
0d0ef
0d1ba
0d1d4
0d1dd
0d1f0
0d1fa
0d307
0d31d
0d321
0d34e
0d37b
0d396
0d52a
0d560
0d585
0d593
0d666
0d696
0d69d
0d6a1
0d833
0d95a
0d95f
0d9e7
0dad0
0db4f
0db53
0db57
0db5b
0db5f
0b8a5
0b8ae
0b8b6
0b8c5
0b8d1
0b959
0b96a
0b980
0b987
0ba26
0bae2
0baf4
0bcfa
0c130
0c24e
0c32c
0c449
0c460
0c5a3
0c797
0cc2d
0cd9f
0cfac
0cfb8
0cfc4
0cfd9
0cff2
0d014
0d088
0d0a7
0d0be
0d125
0d1cb
0d1e6
0d1fc
0d200
0d218
0d22b
0d23b
0d370
0d392
0d3c5
0d42e
0d577
0d5b0
0d5c8
0d640
0d6a3
0d6c0
0d6c7
0d798
0d8c4
0d978
0d97c
0da29
0dae7
0db66
0db6a
0db6e
0db72
0db76
0ba53
0ba5e
0ba69
0ba78
0ba80
0bb05
0bb1e
0bb2a
0bb33
0bc79
0bc89
0bc95
0c20e
0c26e
0c30c
0c3f8
0c479
0c4e0
0c607
0c6e4
0c7eb
0c80c
0cf44
0cff6
0d15a
0d165
0d17c
0d194
0d1ae
0d20d
0d23c
0d252
0d26c
0d2d3
0d371
0d394
0d39a
0d3b1
0d3c5
0d3ca
0d463
0d51e
0d543
0d564
0d5e9
0d5f4
0d6a5
0d6e4
0d6eb
0d6ef
0d93a
0da29
0da2e
0da32
0dafa
0db79
0db7d
0db81
0db85
0db89
0ba87
0ba90
0ba98
0baa8
0bab2
0bb3d
0bb4c
0bb62
0bb6a
0bbfc
0bcba
0bccc
0bebf
0c234
0c31e
0c3d4
0c473
0c48a
0c611
0c740
0c84d
0c865
0ce14
0cf81
0d063
0d070
0d08d
0d19c
0d1a8
0d1c1
0d26a
0d288
0d29e
0d2fb
0d338
0d3ac
0d3cf
0d3d6
0d3ea
0d400
0d405
0d497
0d557
0d57c
0d59d
0d5fc
0d61e
0d6cb
0d6f1
0d70f
0d713
0d9ae
0da41
0da45
0dad1
0db11
0db90
0db94
0db98
0db9c
0dba0
0b961
0b96a
0b975
0b984
0b98c
0bb81
0bb87
0bb9d
0bba5
0bcef
0bd00
0bd0b
0c196
0c2a6
0c336
0c422
0c48c
0c4a3
0c5d7
0c7b2
0c8b5
0c8d4
0cf09
0cfc4
0d060
0d077
0d088
0d0ab
0d0be
0d1e1
0d283
0d2b2
0d2cd
0d2e4
0d3e4
0d3f9
0d40f
0d413
0d430
0d43e
0d448
0d577
0d599
0d5c8
0d5ff
0d626
0d648
0d708
0d730
0d735
0d8c3
0da53
0da58
0da5c
0db24
0dba3
0dba7
0dbab
0dbaf
0dbb3
0b997
0b9a2
0b9aa
0b9ba
0b9c4
0bb16
0bbbf
0bbcf
0bbdc
0bbe4
0bd30
0bd41
0bde0
0c1bd
0c348
0c380
0c49d
0c4b4
0c5e1
0c6a3
0c6c9
0c80e
0ce88
0cff4
0d0a0
0d0b1
0d0b8
0d0cc
0d0ec
0d108
0d223
0d2e0
0d2f8
0d310
0d3ae
0d422
0d444
0d44c
0d45b
0d472
0d477
0d493
0d4ad
0d509
0d5c7
0d63d
0d66c
0d674
0d739
0d757
0d75b
0d9e5
0da6b
0da6f
0da7d
0db3b
0dbba
0dbbe
0dbc2
0dbc6
0dbca
0b9db
0b9e4
0b9ef
0b9fe
0ba06
0bbf1
0bbf7
0bc0d
0bc14
0bd5f
0bd70
0bd7b
0c1d2
0c2dd
0c360
0c44c
0c4b6
0c4cd
0c5ef
0c710
0c73e
0c880
0cf82
0d038
0d0e0
0d0f1
0d102
0d11f
0d138
0d1d2
0d1da
0d1ef
0d257
0d31c
0d336
0d33f
0d352
0d35c
0d469
0d47f
0d483
0d4ac
0d4d8
0d4f2
0d653
0d67a
0d69c
0d750
0d778
0d77d
0d8ff
0da00
0da05
0da6b
0db4e
0dbcd
0dbd1
0dbd5
0dbd9
0dbdd
0ba12
0ba1c
0ba24
0ba34
0ba3e
0bac7
0bad6
0baec
0baf4
0bb8c
0bc44
0bc55
0be52
0c1f9
0c2f4
0c3aa
0c4c7
0c4de
0c5f9
0c771
0c797
0c8d6
0cd9a
0cf0d
0d11a
0d125
0d132
0d147
0d160
0d182
0d1f4
0d213
0d228
0d28b
0d32d
0d348
0d35e
0d362
0d37a
0d38d
0d39d
0d4cc
0d4ee
0d51f
0d584
0d691
0d6bc
0d6c6
0d781
0d79d
0d7a1
0d976
0da17
0da1b
0daa7
0db65
0dbe4
0dbe8
0dbec
0dbf0
0dbf4
0bbb7
0bbc2
0bbcd
0bbdc
0bbe4
0bc67
0bc80
0bc8c
0bc95
0bdd5
0bde5
0bdf0
0c2ba
0c30d
0c38a
0c476
0c4f6
0c559
0c646
0c6ab
0c6c4
0c6cc
0c6dd
0c6e8
0c7e5
0c8dd
0c9e0
0d0b1
0d164
0d2c0
0d2c9
0d2e0
0d2f7
0d31a
0d371
0d3ae
0d3b5
0d3d2
0d436
0d4df
0d4f4
0d4f8
0d50f
0d522
0d52c
0d63d
0d650
0d6ba
0d6ea
0d783
0d7f3
0da95
0daab
0daaf
0db3c
0dbf6
0dbfa
0dbfe
0dc02
0dc06
0bbe8
0bbf2
0bbfa
0bc0a
0bc14
0bc9f
0bcae
0bcc4
0bccc
0bd5e
0be14
0be25
0bfbb
0c2dd
0c39c
0c452
0c4f3
0c504
0c64c
0c692
0c712
0c72b
0c733
0c744
0c74f
0c84d
0c974
0cf82
0d0ef
0d1d1
0d1de
0d1fa
0d2fe
0d30e
0d3a9
0d3d3
0d3f2
0d402
0d45f
0d497
0d518
0d52e
0d532
0d54d
0d55b
0d565
0d667
0d67a
0d6e0
0d70e
0d7a3
0da3e
0dabd
0dac2
0db4e
0db8e
0dc0c
0dc10
0dc14
0dc18
0dc1c
0bacd
0bad6
0bae1
0baf0
0baf8
0bce3
0bce9
0bcff
0bd06
0be47
0be58
0be62
0c24a
0c337
0c3b4
0c4a0
0c509
0c51e
0c61e
0c747
0c784
0c797
0c7a7
0c7b4
0c7b8
0c8b5
0ca64
0d076
0d132
0d1ce
0d1e3
0d1f4
0d217
0d234
0d349
0d3e7
0d425
0d431
0d448
0d53f
0d562
0d569
0d57b
0d591
0d596
0d617
0d69b
0d6c5
0d708
0d732
0d841
0dabf
0dad5
0dad9
0db66
0dc1e
0dc22
0dc26
0dc2a
0dc2e
0bb03
0bb0c
0bb14
0bb24
0bb2e
0bc78
0bd21
0bd31
0bd3e
0bd46
0be86
0be98
0bf18
0c26e
0c3c6
0c3fe
0c51b
0c52c
0c624
0c6a3
0c766
0c7d6
0c7f9
0c801
0c812
0c81d
0c906
0cff6
0d162
0d20c
0d21b
0d222
0d236
0d255
0d37d
0d41f
0d449
0d462
0d474
0d509
0d58a
0d5a0
0d5a4
0d5bb
0d5cb
0d5d3
0d5f5
0d6c0
0d718
0d739
0d758
0da68
0dae7
0daec
0dafa
0dbb8
0dc34
0dc38
0dc3c
0dc40
0dc44
0bb43
0bb4c
0bb57
0bb66
0bb6e
0bd53
0bd59
0bd6f
0bd76
0beb5
0bec6
0bed0
0c282
0c361
0c3de
0c4ca
0c531
0c546
0c632
0c710
0c815
0c854
0c865
0c875
0c882
0c886
0ca43
0d0f0
0d1a6
0d24a
0d259
0d26a
0d287
0d2aa
0d336
0d33e
0d358
0d3bf
0d484
0d499
0d4ad
0d4b2
0d54b
0d5cf
0d5d7
0d5e5
0d5fc
0d66a
0d750
0d77a
0d88e
0da7d
0da82
0da86
0db12
0dc46
0dc4a
0dc4e
0dc52
0dc56
0bb78
0bb82
0bb8a
0bb9a
0bba5
0bc29
0bc38
0bc4e
0bc55
0bcee
0bda2
0bdb4
0bf6c
0c2a6
0c372
0c428
0c543
0c554
0c638
0c771
0c834
0c8a1
0c8c1
0c8c9
0c8da
0c8e6
0c990
0cf09
0d07b
0d282
0d28b
0d298
0d2ad
0d2c5
0d32d
0d35d
0d377
0d38c
0d3ee
0d490
0d4b7
0d4be
0d4d2
0d4e6
0d4eb
0d584
0d61d
0d649
0d760
0d781
0d79e
0da14
0da93
0da98
0db24
0dbe2
0dc5c
0dc60
0dc64
0dc68
0dc6c
0bd1a
0bd24
0bd2f
0bd3e
0bd46
0bdc3
0bddc
0bde8
0bdf0
0bf0d
0bf1d
0bf29
0c344
0c38b
0c408
0c4f1
0c56d
0c5cb
0c682
0c69e
0c6a9
0c6bc
0c6e6
0c86e
0c8c7
0c8e3
0c90a
0c925
0c932
0c9e0
0cac0
0d0b3
0d222
0d420
0d42b
0d437
0d450
0d472
0d4cd
0d508
0d50f
0d52c
0d58c
0d628
0d62e
0d643
0d64b
0d655
0d72d
0d73a
0d7f3
0daa7
0db26
0db2b
0dbb7
0dbf7
0dc71
0dc75
0dc79
0dc7d
0bd4b
0bd54
0bd5c
0bd6c
0bd76
0bdf9
0be08
0be1e
0be25
0beb4
0bf3d
0bf4e
0c093
0c361
0c41a
0c4d0
0c56a
0c57a
0c688
0c692
0c6d7
0c705
0c710
0c723
0c74d
0c8cf
0c8fe
0c94f
0c96d
0c977
0ca25
0cbad
0d256
0d2fd
0d33e
0d35b
0d460
0d46c
0d485
0d52d
0d54a
0d55a
0d5b4
0d5ed
0d652
0d659
0d66d
0d675
0d67f
0d755
0d77b
0d88f
0db28
0db3e
0db42
0dbcf
0dc82
0dc86
0dc8a
0dc8e
0dc92
0bc2f
0bc38
0bc43
0bc52
0bc5a
0be3b
0be41
0be57
0be5f
0bf61
0bf72
0bf7c
0c2f0
0c3b5
0c432
0c519
0c57f
0c593
0c65a
0c6ee
0c730
0c747
0c773
0c77b
0c795
0c7bb
0c97b
0c999
0c9b9
0c9be
0cb3e
0d127
0d28c
0d32e
0d344
0d34b
0d364
0d38a
0d4a1
0d53f
0d57a
0d587
0d59e
0d668
0d681
0d685
0d69c
0d6a1
0d775
0d782
0d7c1
0dad1
0db50
0db55
0dbe1
0dc1f
0dc97
0dc9b
0dc9f
0dca3
0bc65
0bc6e
0bc76
0bc86
0bc90
0bdd4
0be77
0be87
0be94
0be9b
0bf91
0bfa2
0c008
0c30d
0c444
0c47c
0c590
0c5a0
0c660
0c738
0c766
0c7a5
0c7d6
0c7e7
0c7ef
0c81b
0c909
0c9c0
0c9e4
0c9fe
0ca03
0cb7d
0d21d
0d2d4
0d37b
0d382
0d397
0d3b6
0d3d2
0d4e1
0d59f
0d5b8
0d5ca
0d641
0d6a5
0d6ad
0d6bd
0d6c7
0d6cf
0d6eb
0d79a
0d868
0db52
0db68
0db6c
0db7b
0dca8
0dcac
0dcb0
0dcb4
0dcb8
0bca5
0bcae
0bcb9
0bcc8
0bcd0
0bea9
0beaf
0bec5
0becd
0bfb1
0bfc2
0bfcc
0c31a
0c3df
0c45c
0c541
0c5a5
0c5b9
0c66e
0c7bc
0c7fe
0c815
0c847
0c852
0c863
0c88b
0c9d3
0ca1f
0ca39
0ca46
0cae3
0d06f
0d2fc
0d3aa
0d3ba
0d3c1
0d3da
0d400
0d494
0d49c
0d4b6
0d519
0d5da
0d5ef
0d5f7
0d601
0d6cb
0d6d3
0d6e1
0d6f2
0d80f
0da7d
0dafe
0db02
0db8d
0dc47
0dcbd
0dcc1
0dcc5
0dcc9
0bcda
0bce4
0bcec
0bcfc
0bd06
0bd87
0bd96
0bdac
0bdb4
0be46
0bee9
0befa
0c050
0c337
0c3f0
0c4a6
0c5b6
0c5c6
0c674
0c806
0c834
0c873
0c8a1
0c8b1
0c8b9
0c8e4
0c993
0ca4a
0ca68
0ca82
0ca88
0cbf5
0d1e0
0d28d
0d3eb
0d3f8
0d40e
0d427
0d448
0d4bb
0d4d3
0d4e8
0d546
0d5e6
0d603
0d607
0d61e
0d623
0d695
0d70d
0d733
0d842
0dafe
0db14
0db18
0dba5
0dcce
0dcd2
0dcd6
0dcda
0dcde
0b179
0be6f
0be7a
0be85
0be94
0be9b
0bf0a
0bf1c
0bf24
0bf8a
0c003
0c014
0c164
0c3c2
0c409
0c486
0c568
0c5d8
0c613
0c735
0c768
0c7b2
0c7d5
0c7fc
0c8af
0c8c6
0c902
0c908
0c925
0ca35
0ca7c
0caa6
0cabc
0cac1
0cad2
0cc07
0cce1
0d384
0d578
0d581
0d598
0d5af
0d5d2
0d625
0d642
0d651
0d715
0d71d
0d730
0d736
0d855
0d868
0d86c
0dae6
0dba3
0dba8
0dbac
0dce0
0dce4
0dce8
0b1be
0bea0
0beaa
0beb2
0bec2
0becd
0bf31
0bf3e
0bf4b
0bf53
0c021
0c032
0c03c
0c18e
0c3df
0c498
0c549
0c5d5
0c5de
0c6a3
0c6c9
0c705
0c7a2
0c80f
0c821
0c842
0c87e
0c929
0c94d
0c96d
0ca74
0ca9a
0cae5
0cafa
0cb08
0cb11
0cc77
0d3b8
0d460
0d49e
0d4ba
0d5b6
0d5c6
0d63c
0d65c
0d672
0d72c
0d740
0d744
0d758
0d75c
0d882
0d890
0d894
0db3b
0dbbb
0dbbf
0dc48
0dcee
0dcf2
0dcf6
0afde
0bd8d
0bd96
0bda1
0bdb0
0bdb7
0bf5b
0bf68
0bf75
0bf7c
0c04b
0c05c
0c0c8
0c36e
0c433
0c4b0
0c58e
0c5e3
0c5f0
0c710
0c73e
0c803
0c836
0c880
0c8a0
0c8c4
0c921
0c947
0c990
0c999
0c9b2
0cafc
0cb2a
0cb3d
0cb41
0cbe5
0cd55
0d3ee
0d490
0d4a3
0d4b4
0d4d6
0d4f2
0d679
0d696
0d6a7
0d75d
0d766
0d778
0d77e
0d7b8
0d7cc
0d7d0
0da92
0dbcd
0dbd2
0dbd6
0dcf8
0dcfc
0dd00
0b028
0bdc1
0bdcb
0bdd2
0bde2
0bdec
0bf0c
0bf88
0bf9b
0bfa2
0c069
0c07a
0c085
0c0f3
0c38b
0c4c2
0c4f9
0c5ed
0c5f6
0c698
0c6b6
0c6dd
0c772
0c798
0c869
0c8d6
0c8e2
0c97c
0c9b3
0c9e0
0c9f4
0caa4
0cb43
0cb6c
0cb7c
0cb80
0cc1f
0d37f
0d436
0d4da
0d4e0
0d4f4
0d511
0d690
0d6b0
0d6c4
0d774
0d788
0d78c
0d79e
0d7a2
0d7e5
0d7f5
0d7f9
0db65
0dbe5
0dbe9
0dbf8
0dd06
0dd0a
0dd0e
0b0ac
0bdff
0be08
0be13
0be22
0be29
0bfab
0bfba
0bfc5
0bfcc
0c091
0c0a0
0c116
0c398
0c45d
0c4da
0c5b4
0c5fb
0c608
0c6d9
0c6e5
0c71d
0c744
0c7e6
0c7ff
0c8ca
0c9ab
0c9d1
0ca1e
0ca27
0ca3c
0cb5d
0cba2
0cbb7
0cbbd
0cbce
0cd2e
0d45f
0d506
0d515
0d526
0d541
0d564
0d5ec
0d5f6
0d6d0
0d6e8
0d6ee
0d79a
0d7aa
0d807
0d81a
0d81e
0dabc
0db7a
0db7f
0dbe5
0dd10
0dd14
0dd18
0b0f6
0be32
0be3c
0be44
0be54
0be5f
0bedd
0beea
0bef7
0befe
0bfd9
0bfea
0bff4
0c141
0c3b5
0c46e
0c521
0c605
0c60e
0c6cd
0c6ff
0c747
0c781
0c792
0c7b4
0c853
0c874
0ca06
0ca3d
0ca64
0ca78
0cb24
0cbc1
0cbe6
0cbf4
0cbf8
0cc99
0d342
0d3ef
0d545
0d552
0d567
0d57d
0d5e4
0d608
0d61e
0d6e0
0d6f8
0d6fc
0d710
0d714
0d834
0d843
0d847
0db11
0db91
0db95
0dc20
0dd1e
0dd22
0dd26
0b025
0b02c
0b03c
0b048
0b050
0b33b
0bf8e
0bf9d
0bfa5
0c004
0c010
0c018
0c21f
0c440
0c487
0c503
0c5d3
0c61d
0c650
0c700
0c729
0c736
0c747
0c757
0c779
0c78a
0c7a5
0c7ad
0c7b7
0c7e0
0c8b6
0c98e
0c9c0
0c9ed
0ca64
0caa4
0caad
0cacd
0cbfa
0cc20
0cc35
0cc3e
0cce0
0cdac
0d37f
0d4e1
0d6a3
0d6c4
0d70a
0d732
0d7e8
0d84a
0d91f
0d92b
0dba3
0dc21
0dc25
0dca8
0dd2a
0dd2e
0b088
0b090
0b098
0b0a9
0b0b4
0b364
0bfac
0bfba
0bfc7
0bfcf
0c031
0c038
0c088
0c240
0c45d
0c514
0c5bc
0c61a
0c623
0c6a3
0c765
0c770
0c799
0c7a1
0c7b0
0c7c0
0c7ed
0c800
0c810
0c81c
0c820
0c909
0c9d3
0ca05
0ca32
0ca9a
0cae3
0caec
0cb0d
0cc14
0cc5d
0cc72
0cc82
0cd1d
0ce8b
0d513
0d5e8
0d601
0d6d7
0d740
0d75f
0d868
0d884
0d946
0d94a
0dc21
0dc37
0dc3b
0dd32
0dd36
0dd3a
0b0f3
0b0fa
0b10a
0b116
0b11e
0b227
0bee6
0bef5
0befd
0bfd9
0c055
0c05c
0c1a7
0c3ec
0c4b1
0c52b
0c5eb
0c628
0c631
0c710
0c7ce
0c7f7
0c804
0c815
0c825
0c841
0c858
0c873
0c87f
0c885
0c8aa
0c9ef
0ca43
0ca5f
0ca7f
0cadf
0cb22
0cb2b
0cb4b
0cc75
0cca0
0ccb5
0ccba
0ce25
0d3ef
0d552
0d5fb
0d61e
0d752
0d77a
0d7bc
0d88e
0d8a7
0d8b3
0dbcd
0dc49
0dc4d
0dcce
0dd3e
0dd42
0b156
0b15e
0b166
0b177
0b182
0b256
0bf08
0bf14
0bf23
0bf2b
0c070
0c07d
0c085
0c1ca
0c409
0c53c
0c570
0c62e
0c637
0c69e
0c777
0c835
0c85e
0c86b
0c879
0c88c
0c899
0c8b8
0c8d4
0c8dc
0c8e7
0c904
0c91e
0c990
0ca7c
0caff
0cb43
0cb6c
0cb7a
0cc1e
0ccb0
0cce2
0ccef
0ccf7
0ce63
0d57e
0d612
0d62c
0d655
0d788
0d7a5
0d7d4
0d857
0d8cf
0d8d3
0dc49
0dc5f
0dc63
0dd46
0dd4a
0dd4e
0b1bb
0b1c2
0b1d2
0b1de
0b1e6
0b2b1
0bf3a
0bf49
0bf50
0c021
0c099
0c0a0
0c1e3
0c416
0c4db
0c553
0c603
0c63c
0c645
0c699
0c6b6
0c6cc
0c6dd
0c6e8
0c705
0c7eb
0c8bc
0c8ca
0c8d2
0c8ea
0c8f0
0c92f
0c957
0c971
0ca72
0cb5d
0cba2
0cbaf
0cbc9
0ccd1
0cd14
0cd29
0cd32
0cdc9
0d460
0d5c0
0d64f
0d672
0d6e6
0d6f7
0d7e6
0d80a
0d8e3
0d8ef
0db79
0dbfa
0dbfe
0dc82
0dd52
0dd56
0afba
0afc2
0afca
0afdb
0afe6
0b2e0
0bf5c
0bf68
0bf77
0bf7f
0bfe9
0bff0
0c044
0c206
0c433
0c4ec
0c596
0c642
0c64b
0c691
0c6a1
0c6cb
0c6d3
0c6e2
0c6f2
0c716
0c732
0c742
0c74e
0c752
0c84e
0c920
0c974
0c99c
0c9b6
0cb85
0cbc1
0cbe4
0cbf2
0cc98
0cd2d
0cd56
0cd63
0cd6b
0ced7
0d4a1
0d666
0d681
0d6a9
0d6f8
0d717
0d81a
0d836
0d90b
0d90f
0dbf9
0dc0f
0dc13
0dd5a
0dd5e
0dd62
0affd
0b004
0b03f
0b049
0b050
0b170
0b258
0b26d
0b274
0b4c0
0c076
0c080
0c13a
0c2d1
0c4ff
0c577
0c618
0c659
0c68c
0c6ff
0c70c
0c748
0c773
0c77b
0c7ab
0c83f
0c869
0c946
0c960
0c96a
0c97e
0c991
0c9af
0c9bc
0ca64
0cb3e
0cb63
0cb7a
0cbe5
0cc20
0cc35
0cd38
0cd88
0cd94
0cda5
0cdb1
0cece
0cfbc
0d776
0d78f
0d7c0
0d7cd
0d849
0d9d3
0d9d7
0dc83
0dc99
0dd04
0dd66
0dd6a
0b060
0b068
0b080
0b0ab
0b0b4
0b1c6
0b29a
0b2ad
0b2b6
0b2bd
0c090
0c09d
0c0a4
0c2e5
0c4d9
0c587
0c603
0c656
0c65f
0c71a
0c76e
0c796
0c7d6
0c7e7
0c7ef
0c81c
0c8bb
0c8d0
0c98a
0c9a5
0c9b3
0c9c3
0c9d7
0c9f4
0ca01
0caa4
0cb7d
0cba2
0cbb9
0cc15
0cc5d
0cc72
0cd6f
0cda7
0cdd2
0cde2
0cdf4
0cf51
0d514
0d6f6
0d7a9
0d7e9
0d85e
0d93c
0d9f0
0db79
0dcaa
0dcae
0dd6e
0dd72
0dd76
0afd4
0b0d8
0b0df
0b10d
0b117
0b11e
0b2e2
0b2f7
0b2ff
0b3c4
0bfe6
0bff0
0c187
0c261
0c527
0c59d
0c62c
0c664
0c66d
0c6be
0c6d3
0c7cd
0c7e7
0c816
0c846
0c852
0c87d
0c94b
0c9d2
0c9f0
0c9fc
0ca0a
0ca26
0ca3b
0ca48
0cb9c
0cbcd
0cbe1
0cc08
0cc58
0cc9a
0ccb3
0cdc5
0ce07
0ce1d
0ce29
0cec2
0d030
0d6e2
0d6ff
0d80e
0d81b
0d896
0d963
0d967
0dca9
0dcbf
0dd1c
0dd7a
0dd7e
0b030
0b13b
0b143
0b14e
0b17b
0b182
0b324
0b337
0b340
0b348
0c002
0c010
0c018
0c276
0c485
0c5ad
0c5d3
0c66a
0c673
0c71f
0c734
0c7d3
0c84a
0c864
0c899
0c8af
0c8b7
0c8e5
0ca15
0ca2f
0ca3d
0ca4d
0ca5d
0ca78
0ca86
0caa0
0cab1
0cad2
0cbfa
0cc89
0ccb2
0cce2
0ccf4
0ce02
0ce45
0ce5a
0ce66
0cefc
0d580
0d71b
0d73e
0d7d4
0d839
0d8c5
0d981
0dba3
0dcd0
0dcd4
0dd82
0dd86
0dd8a
0b0a2
0b1a2
0b1a9
0b1d6
0b1df
0b1e6
0b366
0b37b
0b382
0b442
0c02e
0c038
0c0ec
0c299
0c54f
0c5c3
0c640
0c678
0c681
0c699
0c6a6
0c6af
0c6df
0c789
0c79c
0c8ac
0c8c5
0c901
0c90a
0c926
0c933
0c9e3
0ca74
0ca80
0ca8e
0cac0
0caeb
0cb04
0cb6f
0ccd2
0cd17
0cd29
0cdc9
0ce5e
0ce8c
0ce9b
0cea5
0d008
0d72e
0d747
0d7e6
0d857
0d882
0d99b
0d99f
0dc70
0dc74
0dcec
0dd8e
0dd92
0af91
0af9a
0afb2
0afdd
0afe6
0b0fe
0b210
0b223
0b22c
0b234
0c04a
0c059
0c060
0c2ae
0c4af
0c561
0c5eb
0c67e
0c687
0c691
0c6a2
0c6e0
0c70a
0c712
0c723
0c754
0c7f6
0c809
0c8fd
0c921
0c92d
0c93b
0c955
0c96f
0c979
0cadf
0cb10
0cb2f
0cb50
0cd03
0cd2f
0cd56
0cd68
0ce7c
0ceb9
0ced2
0ceda
0cf76
0d4a2
0d764
0d786
0d81a
0d87f
0d901
0d9b9
0dbcd
0dc84
0dc88
0dd96
0dd9a
0dd9e
0c6df
0c6e9
0c8dd
0c8e3
0c8f2
0c932
0c9e0
0c9e4
0ca74
0ca8a
0ca90
0cb48
0cb7d
0cb92
0d435
0d4cb
0d4ed
0d4f5
0d4fc
0d62d
0d783
0d790
0d7f5
0d7fe
0d8ec
0d99b
0da72
0dbfc
0dc71
0dc78
0dd08
0dd53
0dd8e
0dda1
0dda5
0dda9
0ddad
0ddb1
0ddb5
0ddb9
0ddbd
0ddc1
0ddc5
0ddc9
0ddcd
0ddd1
0ddd5
0ddd9
0dddd
0dde1
0dde5
0dde9
0dded
0ddf1
0ddf5
0ddf9
0ddfd
0de01
0de05
0de09
0c6e0
0c6ec
0c6f7
0c746
0c750
0c91f
0c923
0c939
0c974
0c982
0ca27
0cb85
0cb94
0cbbe
0d468
0d46c
0d506
0d52d
0d533
0d652
0d65e
0d7aa
0d814
0d81e
0d827
0d911
0d9bd
0dc0e
0dc15
0dc86
0dd12
0dd5b
0dd96
0dd9a
0dda3
0de0e
0de12
0de16
0de1a
0de1e
0de22
0de26
0de2a
0de2e
0de32
0de36
0de3a
0de3e
0de42
0de46
0de4a
0de4e
0de52
0de56
0de5a
0de5e
0de62
0de66
0de6a
0de6e
0de72
0c749
0c758
0c7ab
0c7b5
0c7c3
0c966
0c97c
0c984
0c9bc
0ca64
0ca68
0cbc6
0cbf5
0cc0a
0d349
0d53d
0d55f
0d568
0d56e
0d682
0d6f4
0d700
0d843
0d84c
0d928
0d9d3
0da1e
0dc24
0dc97
0dc9e
0dd20
0dd2b
0dd66
0de0e
0de12
0de77
0de7b
0de7f
0de83
0de87
0de8b
0de8f
0de93
0de97
0de9b
0de9f
0dea3
0dea7
0deab
0deaf
0deb3
0deb7
0debb
0debf
0dec3
0dec7
0decb
0decf
0ded3
0ded7
0c7ae
0c7ba
0c7c5
0c814
0c81e
0c906
0c90a
0c9ab
0c9c1
0c9c9
0ca01
0cac0
0cad5
0cbff
0d382
0d386
0d578
0d59f
0d5a5
0d6a5
0d6b2
0d71d
0d862
0d86c
0d875
0d94c
0d9f4
0dc36
0dc3d
0dcac
0dce2
0dd33
0dd6e
0dd72
0de77
0dedc
0dee0
0dee4
0dee8
0deec
0def0
0def4
0def8
0defc
0df00
0df04
0df08
0df0c
0df10
0df14
0df18
0df1c
0df20
0df24
0df28
0df2c
0df30
0df34
0df38
0df3c
0df40
0c817
0c826
0c87d
0c883
0c891
0c94d
0c9ee
0c9f2
0ca08
0ca43
0ca51
0caca
0cb07
0cb14
0d3bf
0d492
0d5c6
0d5d6
0d5dc
0d6d2
0d73c
0d748
0d890
0d899
0d8b0
0d963
0da48
0dc4c
0dcbd
0dcc4
0dcf0
0dd3f
0dd7a
0dedc
0dee0
0df45
0df49
0df4d
0df51
0df55
0df59
0df5d
0df61
0df65
0df69
0df6d
0df71
0df75
0df79
0df7d
0df81
0df85
0df89
0df8d
0df91
0df95
0df99
0df9d
0dfa1
0dfa5
0c879
0c888
0c893
0c8dc
0c8e7
0c990
0c994
0ca35
0ca4b
0ca53
0ca86
0caff
0cb16
0cb40
0d3f8
0d3fc
0d490
0d4bb
0d4c1
0d5fe
0d60a
0d766
0d7c6
0d7d0
0d7d9
0d8d5
0d985
0dc5e
0dc65
0dcd2
0dcfa
0dd47
0dd82
0dd86
0dda9
0df43
0df47
0dfac
0dfb0
0dfb4
0dfb8
0dfbc
0dfc0
0dfc4
0dfc8
0dfcc
0dfd0
0dfd4
0dfd8
0dfdc
0dfe0
0dfe4
0dfe8
0dfec
0dff0
0dff4
0dff8
0dffc
0e000
0e004
0e008
0c78e
0c889
0c895
0c927
0c934
0ca7c
0ca81
0ca94
0cac2
0cb6c
0cb70
0cbff
0ccbe
0ccc7
0ccf5
0d589
0d58d
0d614
0d62b
0d632
0d718
0d724
0d86a
0d873
0d8c8
0d8d1
0d8d9
0d9a1
0daf0
0dc73
0dce2
0dd47
0dd8e
0ddad
0ddb1
0ddb5
0ddb9
0ddbd
0dee3
0dee7
0deeb
0dfaa
0e00d
0e011
0e015
0e019
0e01d
0e021
0e025
0e029
0e02d
0e031
0e035
0e039
0e03d
0e041
0e045
0e049
0e04d
0e051
0c7f3
0c7f7
0c8ef
0c929
0c92e
0c943
0c96f
0c979
0cac8
0cad7
0cb09
0cbab
0cbaf
0ccfd
0cd2c
0cd41
0d5c0
0d63c
0d64f
0d65a
0d660
0d742
0d888
0d892
0d89b
0d8ec
0d8f5
0d9b7
0da48
0dc84
0dc8b
0dcf0
0dd96
0dd9a
0de14
0de18
0de1c
0de20
0de24
0df4a
0df4e
0df52
0e00b
0e00f
0e058
0e05c
0e060
0e064
0e068
0e06c
0e070
0e074
0e078
0e07c
0e080
0e084
0e088
0e08c
0e090
0e094
0e098
0c6f2
0c85a
0c85e
0c96c
0c980
0c9af
0c9b6
0c9cb
0cb01
0cb3e
0cb55
0cbe6
0cd38
0cd43
0cd69
0d4a5
0d4a9
0d668
0d680
0d686
0d760
0d76c
0d7ce
0d7d7
0d904
0d90d
0d915
0d9d9
0da9c
0dc99
0dcfa
0dd5b
0dd66
0de27
0de7d
0de81
0de85
0de89
0dfab
0dfaf
0dfb3
0dfb7
0e058
0e09b
0e09f
0e0a3
0e0a7
0e0ab
0e0af
0e0b3
0e0b7
0e0bb
0e0bf
0e0c3
0e0c7
0e0cb
0e0cf
0e0d3
0e0d7
0e0db
0c755
0c760
0c8bd
0c9b3
0c9b8
0c9cd
0c9f6
0ca03
0caa4
0caa8
0cb48
0cb7d
0cb92
0cc3e
0cd6f
0cd7a
0d4e0
0d690
0d6a3
0d6ae
0d6b4
0d78a
0d7ed
0d7f7
0d800
0d928
0d931
0d9ee
0da72
0dcaa
0dcb1
0dd08
0dd6e
0dd72
0ddc4
0ddc8
0ddcc
0deee
0def2
0def6
0defa
0defe
0e09b
0e09f
0e0e2
0e0e6
0e0ea
0e0ee
0e0f2
0e0f6
0e0fa
0e0fe
0e102
0e106
0e10a
0e10e
0e112
0e116
0e11a
0e11e
0e122
0c6c0
0c7bc
0c7c7
0c9fa
0ca0a
0ca39
0ca42
0ca55
0cae5
0cb85
0cb94
0cbbe
0cc44
0cc4f
0cc82
0d517
0d51b
0d5ea
0d6d0
0d6d6
0d7a3
0d7b0
0d81c
0d825
0d93f
0d948
0d950
0d969
0dac6
0dcbf
0dd12
0dd33
0dd7a
0de29
0de2d
0de31
0df01
0df57
0df5b
0df5f
0df63
0df67
0e0e2
0e125
0e129
0e12d
0e131
0e135
0e139
0e13d
0e141
0e145
0e149
0e14d
0e151
0e155
0e159
0e15d
0e161
0e165
0c725
0c729
0c827
0ca3d
0ca41
0ca57
0ca7a
0ca88
0cb22
0cb26
0cbc6
0cbf5
0cc0a
0cc7d
0ccaf
0ccc9
0d552
0d5e4
0d5fb
0d606
0d60c
0d6fa
0d83b
0d845
0d84e
0d8b0
0d8b9
0d97f
0da1e
0dcd0
0dcd7
0dd20
0dd82
0dd86
0de92
0de96
0de9a
0dfb8
0dfbc
0dfc0
0dfc4
0dfc8
0e011
0e015
0e127
0e16a
0e16e
0e172
0e176
0e17a
0e17e
0e182
0e186
0e18a
0e18e
0e192
0e196
0e19a
0e19e
0e1a2
0e1a6
0c73a
0c755
0c760
0c9a3
0ca4b
0ca53
0cabf
0cacf
0cbfa
0cc01
0cc0e
0cc3e
0cce0
0cce4
0cd71
0ce23
0ce35
0ce66
0d708
0d715
0d71f
0d726
0d86a
0d873
0d922
0d92b
0d933
0d97f
0d987
0da33
0db6e
0dce4
0dd82
0de8e
0dee4
0dee8
0deec
0df05
0dfb8
0e018
0e0e5
0e0e9
0e0ed
0e1a9
0e1ad
0e1b1
0e1b5
0e1b9
0e1bd
0e1c1
0e1c5
0e1c9
0e1cd
0e1d1
0e1d5
0e1d9
0e1dd
0e1e1
0e1e5
0e1e9
0c79f
0c7a3
0c7c0
0c9e6
0c9ea
0ca8c
0cac5
0cacc
0cadb
0cb06
0cb0e
0cc44
0cc4f
0cc82
0cd1d
0cd21
0ce6c
0cea0
0ceaf
0d72e
0d740
0d746
0d888
0d892
0d89b
0d945
0d94e
0d995
0d99e
0d9a5
0dac6
0dcee
0dd33
0dd91
0df02
0df4b
0df4f
0df53
0df6c
0e05b
0e05f
0e12c
0e130
0e134
0e1ab
0e1ee
0e1f2
0e1f6
0e1fa
0e1fe
0e202
0e206
0e20a
0e20e
0e212
0e216
0e21a
0e21e
0e222
0e226
0e22a
0c808
0c823
0c82e
0c939
0ca2b
0ca2f
0cafe
0cb0f
0cb3b
0cb42
0cb57
0cc7d
0ccaf
0ccc9
0cd56
0ce97
0ceb1
0ceda
0d750
0d75d
0d768
0d76e
0d7ce
0d7d7
0d8aa
0d8b3
0d8bb
0d9b7
0d9bf
0da5d
0db1a
0dcfc
0dd96
0de14
0dfac
0dfb0
0dfb4
0dfcb
0dfcf
0e0a2
0e169
0e16d
0e171
0e1ee
0e1f2
0e22f
0e233
0e237
0e23b
0e23f
0e243
0e247
0e24b
0e24f
0e253
0e257
0e25b
0e25f
0e263
0e267
0c86d
0c871
0c88e
0c97c
0c984
0ca6c
0cb43
0cb4a
0cb59
0cb7c
0cb8c
0cc1e
0cc22
0ccc0
0ccef
0cd04
0cdaf
0ced0
0cee8
0d776
0d788
0d78e
0d7ed
0d7f7
0d800
0d8ce
0d8d7
0d9cd
0d9d6
0d9dd
0daf0
0dd06
0dd47
0dd69
0ddc4
0ddc8
0ddcc
0ddd0
0de7a
0e01c
0e020
0e024
0e0f1
0e0f5
0e22f
0e26c
0e270
0e274
0e278
0e27c
0e280
0e284
0e288
0e28c
0e290
0e294
0e298
0e29c
0e2a0
0e2a4
0e2a8
0c8d0
0c8ea
0c8f6
0c919
0c9c1
0c9c9
0cb84
0cb8d
0cbb9
0cbc0
0cbd5
0cc5d
0ccfb
0cd06
0cd32
0cda9
0cdbd
0cdf2
0d6e4
0d79a
0d7ac
0d7b2
0d81c
0d825
0d8e6
0d8ef
0d8f7
0d9ee
0d9f6
0da09
0db44
0dd14
0dd6e
0ddc0
0de2b
0de2f
0de33
0de37
0deee
0e063
0e067
0e06b
0e138
0e26c
0e270
0e2ad
0e2b1
0e2b5
0e2b9
0e2bd
0e2c1
0e2c5
0e2c9
0e2cd
0e2d1
0e2d5
0e2d9
0e2dd
0e2e1
0e2e5
0c6d1
0c6d5
0c6f2
0c95c
0c960
0ca08
0cbc1
0cbc8
0cbd7
0cbf4
0cc04
0cc98
0cc9c
0cd3a
0cd63
0cd78
0cded
0ce25
0ce37
0d6e2
0d6f8
0d6fe
0d83b
0d845
0d84e
0d90a
0d913
0d95d
0d966
0d96d
0da9c
0dd1e
0dd5b
0dd7d
0de90
0de94
0de98
0de9c
0dea0
0e0a6
0e0aa
0e0ae
0e175
0e179
0e1b1
0e2ab
0e2af
0e2ec
0e2f0
0e2f4
0e2f8
0e2fc
0e300
0e304
0e308
0e30c
0e310
0e314
0e318
0e31c
0e320
0c701
0c749
0c758
0c964
0c968
0c97e
0cb33
0cb37
0cbc6
0cc35
0cc3d
0cc51
0cd6d
0cd75
0cdac
0cdbb
0ce50
0ced0
0cee8
0cf9d
0cfcb
0cfe0
0d83e
0d922
0d92b
0d933
0d9d3
0d9db
0da18
0da21
0dab2
0dbed
0dd64
0de0e
0de8e
0e0e6
0e0ea
0e0ee
0e0f8
0e1b4
0e1b8
0e273
0e277
0e27b
0e325
0e329
0e32d
0e331
0e335
0e339
0e33d
0e341
0e345
0e349
0e34d
0e351
0e355
0e359
0e35d
0e361
0c766
0c7ae
0c7ba
0c7c5
0c9ab
0c9c1
0c9c9
0cb74
0cbfd
0cc0c
0cc42
0cc4a
0cc72
0cc81
0cc8e
0cdb5
0cde9
0cdf8
0ce8d
0cfd3
0cfe2
0d00a
0d862
0d873
0d945
0d94e
0d9e8
0d9f1
0d9f8
0da33
0da38
0db45
0dd33
0dd73
0dee2
0df02
0e12d
0e131
0e13b
0e13f
0e1f5
0e2b0
0e2b4
0e2b8
0e323
0e327
0e368
0e36c
0e370
0e374
0e378
0e37c
0e380
0e384
0e388
0e38c
0e390
0e394
0e398
0e39c
0e3a0
0c7cf
0c817
0c826
0c9ee
0c9f2
0ca08
0cac8
0cad7
0cbb3
0cc75
0cc7e
0cc90
0ccb5
0ccbb
0cde6
0cdfa
0ce29
0cec2
0cec6
0d017
0d041
0d054
0d88b
0d8aa
0d8b3
0d8bb
0d963
0d96b
0da42
0da4b
0dadc
0db99
0dd78
0dedc
0df56
0e16a
0e16e
0e172
0e17c
0e232
0e236
0e2eb
0e2ef
0e2f3
0e368
0e3a3
0e3a7
0e3ab
0e3af
0e3b3
0e3b7
0e3bb
0e3bf
0e3c3
0e3c7
0e3cb
0e3cf
0e3d3
0e3d7
0e3db
0c834
0c879
0c888
0c893
0ca35
0ca4b
0ca53
0cb01
0cbea
0cbee
0ccbc
0ccc4
0ccec
0ccf4
0cd08
0cd8e
0ce23
0ce35
0ce66
0cf14
0cf29
0d04e
0d7c6
0d7d7
0d8ce
0d8d7
0d979
0d982
0d989
0da5d
0da62
0db6f
0dd47
0dd87
0dfaa
0dfb9
0e01f
0e023
0e027
0e02b
0e1bc
0e1c0
0e1c4
0e27f
0e3a3
0e3a7
0e3e2
0e3e6
0e3ea
0e3ee
0e3f2
0e3f6
0e3fa
0e3fe
0e402
0e406
0e40a
0e40e
0e412
0e416
0e41a
0c69a
0c8df
0c8ee
0ca72
0ca76
0ca8c
0cab5
0cab9
0cb48
0ccf0
0ccfe
0cd0a
0cd2b
0cd35
0cdc9
0cdcd
0ce6c
0cea0
0ceaf
0cf23
0cf51
0cf66
0d7f0
0d8e6
0d8ef
0d8f7
0d99b
0d9a3
0da6c
0da75
0da88
0dbc3
0dd8c
0dda7
0ddc0
0e062
0e066
0e06a
0e06e
0e1f9
0e1fd
0e201
0e2bc
0e2c0
0e3e2
0e41d
0e421
0e425
0e429
0e42d
0e431
0e435
0e439
0e43d
0e441
0e445
0e449
0e44d
0e451
0e455
0c692
0c6e0
0c6ec
0c6f7
0c921
0c937
0c93f
0caf6
0cb85
0cb94
0cd36
0cd3e
0cd60
0cd68
0cd7e
0ce08
0ce97
0ceb1
0ceda
0cf59
0cf68
0cf90
0d814
0d825
0d90a
0d913
0d9b1
0d9ba
0d9c1
0da09
0da0e
0db1b
0dd5b
0dd9b
0de14
0de29
0e0a9
0e0ad
0e0b1
0e0b5
0e23a
0e23e
0e242
0e2f7
0e329
0e32d
0e41f
0e45a
0e45e
0e462
0e466
0e46a
0e46e
0e472
0e476
0e47a
0e47e
0e482
0e486
0e48a
0e48e
0c85c
0c947
0c96a
0c973
0c988
0cb01
0cca9
0ccad
0cd3a
0cda3
0cdab
0cdbf
0cede
0cee4
0cf14
0cf29
0cfbe
0d046
0d056
0d10b
0d136
0d14e
0d7c9
0d904
0d914
0d9d3
0d9db
0da57
0da60
0da97
0daa0
0dbad
0dd64
0de7b
0e056
0e272
0e276
0e27a
0e284
0e32e
0e332
0e3e7
0e3eb
0e3ef
0e493
0e497
0e49b
0e49f
0e4a3
0e4a7
0e4ab
0e4af
0e4b3
0e4b7
0e4bb
0e4bf
0e4c3
0e4c7
0e4cb
0e4cf
0c8bb
0c8bf
0c98e
0c9b5
0c9c5
0cb46
0cb53
0cce8
0cd6f
0cd7a
0cdb3
0cdb9
0cde0
0cde8
0cdfc
0cf23
0cf51
0cf66
0cffb
0d142
0d150
0d178
0d7ed
0d7fe
0d925
0d9e8
0d9f1
0d9f8
0da72
0da77
0dab3
0db44
0dc03
0dd73
0deef
0e0e6
0e2b3
0e2b7
0e2c1
0e2c5
0e36d
0e422
0e426
0e42a
0e491
0e495
0e4d6
0e4da
0e4de
0e4e2
0e4e6
0e4ea
0e4ee
0e4f2
0e4f6
0e4fa
0e4fe
0e502
0e506
0e50a
0e50e
0c6c0
0c9d1
0c9f8
0c9fd
0ca12
0cb87
0cc44
0cc4f
0cd25
0cde4
0cdef
0cdfe
0ce1f
0ce2b
0cf59
0cf68
0cf90
0d030
0d034
0d185
0d1aa
0d1c2
0d817
0d93f
0d94f
0d963
0d96b
0da03
0da0c
0dac1
0daca
0dbd7
0dd78
0de29
0e0e0
0e2ea
0e2ee
0e2f2
0e2fc
0e3a8
0e3ac
0e45b
0e45f
0e463
0e4d6
0e511
0e515
0e519
0e51d
0e521
0e525
0e529
0e52d
0e531
0e535
0e539
0e53d
0e541
0e545
0e549
0c725
0c729
0ca18
0ca3f
0ca4f
0cbc4
0cbd3
0cc7d
0cd5a
0cd5e
0ce2d
0ce33
0ce5a
0ce62
0ce76
0cefc
0cf96
0cfa3
0cfcd
0d07f
0d097
0d1bc
0d83b
0d84c
0d8ad
0d979
0d982
0d989
0da1e
0da23
0dadd
0db6e
0dc2b
0dd87
0dfb9
0e16a
0e1bd
0e1c1
0e1c5
0e1c9
0e336
0e33a
0e33e
0e3f3
0e511
0e515
0e550
0e554
0e558
0e55c
0e560
0e564
0e568
0e56c
0e570
0e574
0e578
0e57c
0e580
0e584
0e588
0c78e
0c902
0ca7c
0ca81
0ca94
0cbff
0cc2f
0cc33
0ccc0
0ce5e
0ce6e
0ce78
0ce9b
0cea5
0cf37
0cf3b
0cfda
0d008
0d01d
0d091
0d0bc
0d0d4
0d865
0d8c8
0d8d8
0d99b
0d9a3
0da2d
0da36
0daeb
0daf4
0db83
0dd8c
0ddad
0e011
0e1fa
0e1fe
0e202
0e206
0e371
0e375
0e379
0e42e
0e432
0e550
0e58b
0e58f
0e593
0e597
0e59b
0e59f
0e5a3
0e5a7
0e5ab
0e5af
0e5b3
0e5b7
0e5bb
0e5bf
0e5c3
0c7f3
0c7f7
0c8fe
0c92b
0c93b
0cac8
0cad7
0cc6e
0ccfb
0cd06
0cea7
0cead
0ced2
0ced6
0ceec
0cf76
0d00f
0d01f
0d043
0d0c8
0d0d6
0d0fe
0d888
0d899
0d8e9
0d9b1
0d9ba
0d9c1
0da48
0da4d
0da89
0db1a
0dc53
0dd9b
0df4a
0e062
0e23b
0e23f
0e243
0e247
0e3b0
0e3b4
0e3b8
0e467
0e497
0e49b
0e58d
0e5c8
0e5cc
0e5d0
0e5d4
0e5d8
0e5dc
0e5e0
0e5e4
0e5e8
0e5ec
0e5f0
0e5f4
0e5f8
0e5fc
0ca2d
0cadf
0cafc
0cb03
0cb1a
0cc7d
0ce17
0ce1b
0cea9
0cf11
0cf18
0cf2d
0d04c
0d052
0d07f
0d097
0d12c
0d1b5
0d1c4
0d273
0d29c
0d2b4
0d7c9
0d8aa
0d8ba
0d9b4
0da57
0da60
0dad6
0dadf
0db1a
0db1f
0dc2c
0dfad
0e1ee
0e3e6
0e3ea
0e3ee
0e3f8
0e49c
0e4a0
0e555
0e559
0e55d
0e601
0e605
0e609
0e60d
0e611
0e615
0e619
0e61d
0e621
0e625
0e629
0e62d
0e631
0e635
0e639
0e63d
0ca6a
0ca6e
0cb20
0cb45
0cb4e
0ccbe
0ccc7
0ce56
0ced0
0cee8
0cf21
0cf27
0cf4e
0cf55
0cf6a
0d091
0d0bc
0d0d4
0d169
0d2a8
0d2b6
0d2dc
0d7ed
0d7fe
0d8cb
0d9cd
0d9dc
0da72
0da77
0daf2
0db29
0db32
0dbc3
0dc7b
0e01d
0e272
0e425
0e429
0e433
0e437
0e4db
0e590
0e594
0e598
0e5ff
0e603
0e644
0e648
0e64c
0e650
0e654
0e658
0e65c
0e660
0e664
0e668
0e66c
0e670
0e674
0e678
0e67c
0c919
0cb5d
0cb82
0cb89
0cb98
0ccfd
0cda9
0cdbd
0ce93
0cf56
0cf61
0cf6c
0cf8d
0cf99
0d0c8
0d0d6
0d0fe
0d19e
0d1a2
0d2e9
0d30c
0d324
0d817
0d8e6
0d8f6
0d9eb
0da03
0da0c
0da82
0da8b
0db44
0db49
0dc54
0de29
0e26c
0e45a
0e45e
0e462
0e46c
0e516
0e51a
0e5c9
0e5cd
0e5d1
0e644
0e67f
0e683
0e687
0e68b
0e68f
0e693
0e697
0e69b
0e69f
0e6a3
0e6a7
0e6ab
0e6af
0e6b3
0e6b7
0c95c
0c960
0cb9e
0cbc3
0cbcb
0cd38
0cd43
0cded
0cec8
0cecc
0cf9b
0cfa1
0cfc8
0cfcf
0cfe4
0d06a
0d105
0d111
0d13b
0d1eb
0d203
0d31e
0d83b
0d84c
0d907
0d95d
0d96c
0da1e
0da23
0da9e
0db53
0db5c
0dbed
0dca1
0e0a7
0e2eb
0e337
0e33b
0e33f
0e343
0e4a4
0e4a8
0e4ac
0e561
0e67f
0e683
0e6be
0e6c2
0e6c6
0e6ca
0e6ce
0e6d2
0e6d6
0e6da
0e6de
0e6e2
0e6e6
0e6ea
0e6ee
0e6f2
0e6f6
0c9a3
0caa0
0cbfa
0cc01
0cc0e
0cd71
0cd9d
0cda1
0ce2f
0cfd0
0cfdc
0cfe6
0d007
0d012
0d0a5
0d0a9
0d148
0d173
0d18b
0d1fd
0d226
0d23e
0d865
0d922
0d932
0d97c
0da2d
0da36
0daac
0dab5
0db6e
0db73
0dc04
0dee2
0e1af
0e372
0e376
0e37a
0e37e
0e4df
0e4e3
0e4e7
0e59c
0e5a0
0e6be
0e6f9
0e6fd
0e701
0e705
0e709
0e70d
0e711
0e715
0e719
0e71d
0e721
0e725
0e729
0e72d
0e731
0c9e6
0c9ea
0ca9c
0cac7
0cad0
0cc44
0cc4f
0cddc
0ce60
0ce74
0d015
0d01b
0d03e
0d045
0d05a
0d0e4
0d17e
0d18d
0d1b1
0d232
0d240
0d266
0d888
0d899
0d942
0d995
0d9a4
0da48
0da4d
0dac8
0daff
0db08
0db99
0dcc7
0e12b
0e1fa
0e3b1
0e3b5
0e3b9
0e3bd
0e51e
0e522
0e526
0e5d5
0e605
0e609
0e6fb
0e736
0e73a
0e73e
0e742
0e746
0e74a
0e74e
0e752
0e756
0e75a
0e75e
0e762
0e766
0e76a
0cbb3
0cc57
0cc75
0cc7e
0cc90
0cded
0cf85
0cf89
0d017
0d081
0d087
0d09b
0d1ba
0d1c0
0d1eb
0d203
0d292
0d317
0d326
0d3d5
0d3fe
0d416
0d8ad
0d95d
0d96c
0da45
0dad5
0dade
0db54
0db5d
0db98
0db9d
0dca1
0e16a
0e366
0e554
0e558
0e55c
0e566
0e60a
0e60e
0e6c3
0e6c7
0e6cb
0e76f
0e773
0e777
0e77b
0e77f
0e783
0e787
0e78b
0e78f
0e793
0e797
0e79b
0e79f
0e7a3
0e7a7
0e7ab
0cbea
0cbee
0cc96
0ccbc
0ccc4
0ce23
0ce35
0cfc4
0d046
0d056
0d08f
0d095
0d0be
0d0c4
0d0d8
0d1fd
0d226
0d23e
0d2cd
0d40a
0d418
0d43e
0d8c8
0d8d8
0d97c
0da57
0da60
0daf0
0daf5
0db70
0dba7
0dbb0
0dc40
0dce6
0e1bb
0e3e7
0e593
0e597
0e5a1
0e5a5
0e649
0e6fe
0e702
0e706
0e76d
0e771
0e7b2
0e7b6
0e7ba
0e7be
0e7c2
0e7c6
0e7ca
0e7ce
0e7d2
0e7d6
0e7da
0e7de
0e7e2
0e7e6
0e7ea
0cab7
0ccd1
0ccf0
0ccfe
0cd0a
0ce6c
0cf1c
0cf2b
0d001
0d0c5
0d0cf
0d0da
0d0fd
0d107
0d232
0d240
0d266
0d300
0d304
0d44b
0d46e
0d486
0d8e9
0d995
0d9a4
0da6f
0da81
0da8a
0db00
0db09
0dbc2
0dbc7
0dcc7
0e062
0e3e0
0e5c8
0e5cc
0e5d0
0e5da
0e684
0e688
0e737
0e73b
0e73f
0e7b2
0e7ed
0e7f1
0e7f5
0e7f9
0e7fd
0e801
0e805
0e809
0e80d
0e811
0e815
0e819
0e81d
0e821
0e825
0caf4
0caf8
0cd10
0cd36
0cd3e
0ce97
0ceb1
0cf5f
0d036
0d03a
0d109
0d10f
0d138
0d13e
0d152
0d1d8
0d26d
0d279
0d2a1
0d34d
0d365
0d480
0d904
0d914
0d9b4
0da03
0da0c
0da9c
0daa1
0db1c
0dbd1
0dbda
0dc68
0dcfe
0e239
0e45b
0e4a5
0e4a9
0e4ad
0e4b1
0e612
0e616
0e61a
0e6cf
0e7ed
0e7f1
0e82c
0e830
0e834
0e838
0e83c
0e840
0e844
0e848
0e84c
0e850
0e854
0e858
0e85c
0e860
0e864
0cb35
0cc1a
0cd64
0cd72
0cd7c
0cee0
0cf0b
0cf0f
0cf9d
0d13f
0d14a
0d154
0d177
0d181
0d211
0d215
0d2ae
0d2d7
0d2ef
0d35f
0d388
0d3a0
0d925
0d9cd
0d9dc
0da1b
0daab
0dab4
0db2a
0db33
0dbec
0dbf1
0dc7b
0e0e6
0e329
0e4e0
0e4e4
0e4e8
0e4ec
0e64d
0e651
0e655
0e70a
0e70e
0e82c
0e867
0e86b
0e86f
0e873
0e877
0e87b
0e87f
0e883
0e887
0e88b
0e88f
0e893
0e897
0e89b
0e89f
0cb72
0cb76
0cc16
0cc42
0cc4a
0cda9
0cdbd
0cf4a
0cfd3
0cfe2
0d183
0d189
0d1ae
0d1b4
0d1c8
0d24e
0d2e2
0d2f1
0d313
0d394
0d3a2
0d3c8
0d93f
0d94f
0d9eb
0da2d
0da36
0dac6
0dacb
0db46
0db7d
0db86
0dc18
0dd16
0e2b1
0e373
0e51f
0e523
0e527
0e52b
0e68c
0e690
0e694
0e743
0e773
0e777
0e869
0e8a4
0e8a8
0e8ac
0e8b0
0e8b4
0e8b8
0e8bc
0e8c0
0e8c4
0e8c8
0e8cc
0e8d0
0e8d4
0e8d8
0cd25
0cdc5
0cde4
0cdef
0cdfe
0cf5f
0d0f3
0d0f7
0d185
0d1ed
0d1f3
0d207
0d31c
0d322
0d34d
0d365
0d3f4
0d479
0d488
0d531
0d556
0d570
0d960
0da03
0da0c
0dac3
0db53
0db5c
0dbd2
0dbdb
0dc14
0dc1a
0dcfe
0de3c
0e45b
0e51d
0e6c4
0e6c8
0e6d2
0e6d6
0e77a
0e82f
0e833
0e837
0e8db
0e8df
0e8e3
0e8e7
0e8eb
0e8ef
0e8f3
0e8f7
0e8fb
0e8ff
0e903
0e907
0e90b
0e90f
0e913
0e917
0cd5a
0cd5e
0ce04
0ce2d
0ce33
0cf96
0cfa3
0d132
0d1b5
0d1c4
0d1fb
0d201
0d228
0d22e
0d242
0d35f
0d388
0d3a0
0d42f
0d562
0d572
0d594
0d979
0d988
0da1b
0dad5
0dade
0db6e
0db73
0dbee
0dc22
0dc2b
0dcb4
0dd2e
0e1bb
0e511
0e6ff
0e703
0e707
0e711
0e7b5
0e7b9
0e86e
0e872
0e876
0e8dd
0e91c
0e920
0e924
0e928
0e92c
0e930
0e934
0e938
0e93c
0e940
0e944
0e948
0e94c
0e950
0e954
0cc31
0ce3f
0ce5e
0ce6e
0ce78
0cfda
0d08b
0d099
0d16f
0d22f
0d239
0d244
0d265
0d26f
0d394
0d3a2
0d3c8
0d462
0d466
0d5a3
0d5c4
0d5de
0d998
0da2d
0da36
0daed
0daff
0db08
0db7e
0db87
0dc3c
0dc42
0dd16
0df0a
0e373
0e591
0e738
0e73c
0e746
0e74a
0e7f4
0e8a3
0e8a7
0e8ab
0e91c
0e920
0e959
0e95d
0e961
0e965
0e969
0e96d
0e971
0e975
0e979
0e97d
0e981
0e985
0e989
0e98d
0cc6c
0cc70
0ce7e
0cea7
0cead
0d00f
0d01f
0d0cd
0d1a4
0d1a8
0d271
0d277
0d29e
0d2a4
0d2b8
0d33a
0d3cf
0d3db
0d403
0d4ab
0d4c5
0d5d8
0d9b1
0d9c0
0da45
0da81
0da8a
0db1a
0db1f
0db9a
0dc4a
0dc53
0dcda
0dd42
0e239
0e58b
0e611
0e615
0e619
0e61d
0e77e
0e782
0e786
0e83b
0e83f
0e959
0e992
0e996
0e99a
0e99e
0e9a2
0e9a6
0e9aa
0e9ae
0e9b2
0e9b6
0e9ba
0e9be
0e9c2
0e9c6
0e9ca
0ccab
0cd88
0cece
0cee2
0ceea
0d04e
0d079
0d07d
0d10b
0d2a5
0d2b0
0d2ba
0d2db
0d2e5
0d373
0d377
0d410
0d439
0d451
0d4bf
0d4e4
0d4fe
0d9d0
0da57
0da60
0da99
0db29
0db32
0dba8
0dbb1
0dc64
0dc6a
0dce6
0dfd2
0e3e7
0e4a3
0e650
0e654
0e658
0e65c
0e7bd
0e7c1
0e7c5
0e87a
0e992
0e996
0e9cf
0e9d3
0e9d7
0e9db
0e9df
0e9e3
0e9e7
0e9eb
0e9ef
0e9f3
0e9f7
0e9fb
0e9ff
0ea03
0cce6
0ccea
0cd84
0cdb3
0cdb9
0cf1c
0cf2b
0d0b8
0d142
0d150
0d2e7
0d2ed
0d310
0d316
0d32a
0d3b0
0d444
0d453
0d475
0d4f0
0d500
0d522
0d9e8
0d9f7
0da6f
0daab
0dab4
0db44
0db49
0dbc4
0dbfa
0dc03
0dc8e
0dd56
0e2b1
0e491
0e68b
0e68f
0e693
0e697
0e7f8
0e7fc
0e800
0e8af
0e8b3
0e8e3
0e9cd
0e9d1
0ea0a
0ea0e
0ea12
0ea16
0ea1a
0ea1e
0ea22
0ea26
0ea2a
0ea2e
0ea32
0ea36
0ea3a
0ce93
0cf33
0cf56
0cf61
0cf6c
0d0cd
0d25b
0d25f
0d2e9
0d34f
0d355
0d369
0d47e
0d484
0d4ab
0d4c5
0d54c
0d5cf
0d5e0
0d658
0d670
0d68c
0da06
0da81
0da8a
0db41
0dbd1
0dbda
0dc4d
0dc55
0dc8a
0dc90
0dd42
0de16
0e45b
0e642
0e830
0e834
0e838
0e842
0e8e6
0e8ea
0e999
0e99d
0ea3d
0ea41
0ea45
0ea49
0ea4d
0ea51
0ea55
0ea59
0ea5d
0ea61
0ea65
0ea69
0ea6d
0ea71
0ea75
0ea79
0cec8
0cecc
0cf72
0cf9b
0cfa1
0d105
0d111
0d298
0d317
0d326
0d35d
0d363
0d38a
0d390
0d3a4
0d4bf
0d4e4
0d4fe
0d585
0d67c
0d688
0d69f
0da18
0da21
0da99
0db53
0db5c
0dbec
0dbf1
0dc65
0dc97
0dca0
0dd0a
0dd6a
0dfd2
0e4a3
0e6c3
0e86f
0e873
0e87d
0e881
0e923
0e9d2
0e9d6
0e9da
0ea3f
0ea7e
0ea82
0ea86
0ea8a
0ea8e
0ea92
0ea96
0ea9a
0ea9e
0eaa2
0eaa6
0eaaa
0eaae
0eab2
0eab6
0cd9f
0cfad
0cfd0
0cfdc
0cfe6
0d148
0d1f7
0d205
0d2d3
0d391
0d39b
0d3a6
0d3c7
0d3d1
0d4f0
0d500
0d522
0d5b8
0d5bc
0d6ac
0d6c0
0d6dc
0da30
0daab
0dab4
0db6b
0db7d
0db86
0dbfd
0dc05
0dcb0
0dcb6
0dd56
0ddd5
0e373
0e6bc
0e8a4
0e8a8
0e8ac
0e8b6
0e95c
0e960
0ea09
0ea0d
0ea7e
0ea82
0eabb
0eabf
0eac3
0eac7
0eacb
0eacf
0ead3
0ead7
0eadb
0eadf
0eae3
0eae7
0eaeb
0eaef
0cdda
0cdde
0cfec
0d015
0d01b
0d17e
0d18d
0d237
0d306
0d30a
0d3d3
0d3d9
0d400
0d406
0d41a
0d498
0d529
0d537
0d55b
0d5f2
0d60e
0d6d2
0da42
0da4b
0dac3
0daff
0db08
0db98
0db9d
0dc15
0dcbd
0dcc6
0dd22
0dd7e
0df58
0e51d
0e737
0e781
0e785
0e789
0e78d
0e8ee
0e8f2
0e9a1
0e9a5
0eabb
0eaf4
0eaf8
0eafc
0eb00
0eb04
0eb08
0eb0c
0eb10
0eb14
0eb18
0eb1c
0eb20
0eb24
0eb28
0eb2c
0ce19
0cef6
0d03c
0d050
0d058
0d1bc
0d1e5
0d1e9
0d273
0d407
0d412
0d41c
0d43d
0d447
0d4cf
0d4d3
0d56a
0d58f
0d5a9
0d604
0d61c
0d638
0da5a
0dad5
0dade
0db17
0dba7
0dbb0
0dc25
0dc2d
0dcd6
0dcdc
0dd2e
0dea3
0e3e7
0e605
0e7bc
0e7c0
0e7c4
0e7c8
0e927
0e92b
0e92f
0e9de
0eaf4
0eaf8
0eb31
0eb35
0eb39
0eb3d
0eb41
0eb45
0eb49
0eb4d
0eb51
0eb55
0eb59
0eb5d
0eb61
0eb65
0ce54
0ce58
0cef2
0cf21
0cf27
0d08b
0d099
0d222
0d2a8
0d2b6
0d449
0d44f
0d472
0d478
0d48c
0d50a
0d59a
0d5ab
0d5cb
0d628
0d634
0d64b
0da6c
0da75
0daed
0db29
0db32
0dbc2
0dbc7
0dc3d
0dc71
0dc7a
0dcf2
0dd92
0df0a
0e591
0e64f
0e7fb
0e7ff
0e803
0e807
0e964
0e968
0ea11
0ea15
0ea45
0eb2f
0eb33
0eb6c
0eb70
0eb74
0eb78
0eb7c
0eb80
0eb84
0eb88
0eb8c
0eb90
0eb94
0eb98
0eb9c
0d001
0d0a1
0d0c5
0d0cf
0d0da
0d237
0d3bd
0d3c1
0d44b
0d4ad
0d4b3
0d4c9
0d5d4
0d5da
0d5f2
0d60e
0d66c
0d6cb
0d6d8
0d742
0d754
0d770
0d89a
0da84
0daff
0db08
0dbbf
0dc4a
0dc53
0dcc0
0dcc8
0dcf1
0dd42
0df4c
0df71
0dfd4
0e737
0e7f9
0e99a
0e99e
0e9a8
0ea48
0ea4c
0eafb
0eaff
0eb9f
0eba3
0eba7
0ebab
0ebaf
0ebb3
0ebb7
0ebbb
0ebbf
0ebc3
0ebc7
0ebcb
0ebcf
0ebd3
0ebd7
0d036
0d03a
0d0e0
0d109
0d10f
0d26d
0d279
0d3fa
0d479
0d488
0d4bb
0d4c1
0d4e6
0d4ec
0d502
0d604
0d61c
0d638
0d696
0d760
0d76c
0d77d
0d7ce
0da96
0da9f
0db17
0dbd1
0dbda
0dc64
0dc6a
0dcd7
0dcfa
0dd00
0dd88
0dfaf
0dfd2
0e4a3
0e7ed
0e9d3
0e9d7
0e9e1
0e9e5
0ea85
0eb34
0eb38
0eb3c
0eba1
0ebde
0ebe2
0ebe6
0ebea
0ebee
0ebf2
0ebf6
0ebfa
0ebfe
0ec02
0ec06
0ec0a
0ec0e
0ec12
0cf0d
0d11b
0d13f
0d14a
0d154
0d2ae
0d359
0d367
0d435
0d4ed
0d4f5
0d4fc
0d521
0d52b
0d628
0d634
0d64b
0d6ba
0d6be
0d78a
0d798
0d7b4
0d7ff
0daae
0db29
0db32
0dbe9
0dbfa
0dc03
0dc74
0dc7c
0dd09
0dd56
0ddaf
0ddd5
0de3e
0e64f
0e86d
0ea0a
0ea0e
0ea18
0eabe
0eac2
0eb6b
0eb6f
0ebdc
0ec15
0ec19
0ec1d
0ec21
0ec25
0ec29
0ec2d
0ec31
0ec35
0ec39
0ec3d
0ec41
0ec45
0ec49
0cf48
0cf4c
0d15a
0d183
0d189
0d2e2
0d2f1
0d399
0d468
0d46c
0d52d
0d533
0d558
0d55e
0d574
0d5ee
0d652
0d65e
0d675
0d6e8
0d704
0d7aa
0d81c
0dac0
0dac9
0db41
0db7d
0db86
0dc14
0dc1a
0dc8b
0dd12
0dd18
0dd9c
0de2b
0de3e
0e51d
0e867
0e8ed
0e8f1
0e8f5
0e8f9
0ea50
0ea54
0eb03
0eb07
0ec17
0ec50
0ec54
0ec58
0ec5c
0ec60
0ec64
0ec68
0ec6c
0ec70
0ec74
0ec78
0ec7c
0ec80
0ec84
0cf87
0d064
0d1ac
0d1be
0d1c6
0d31e
0d347
0d34b
0d3d5
0d55f
0d568
0d56e
0d593
0d59d
0d616
0d61a
0d682
0d69a
0d6b6
0d6fa
0d70c
0d728
0d84d
0dad8
0db53
0db5c
0db95
0dc22
0dc2b
0dc9a
0dca2
0dd21
0dd2e
0de7d
0dea3
0df0c
0e6c3
0e77f
0e92a
0e92e
0e932
0ea89
0ea8d
0ea91
0eb40
0ec4e
0ec87
0ec8b
0ec8f
0ec93
0ec97
0ec9b
0ec9f
0eca3
0eca7
0ecab
0ecaf
0ecb3
0ecb7
0ecbb
0cfc2
0cfc6
0d060
0d08f
0d095
0d1f7
0d205
0d384
0d40a
0d418
0d59f
0d5a5
0d5c8
0d5ce
0d5e2
0d642
0d6a5
0d6b2
0d6c7
0d718
0d724
0d735
0d86a
0daea
0daf3
0db6b
0dba7
0dbb0
0dc3c
0dc42
0dcb1
0dce2
0dce8
0dd74
0def1
0df0c
0e591
0e76d
0e963
0e967
0e96b
0e96f
0eac6
0eaca
0eb73
0eb77
0eba5
0ec89
0ecc2
0ecc6
0ecca
0ecce
0ecd2
0ecd6
0ecda
0ecde
0ece2
0ece6
0ecea
0ecee
0ecf2
0c7c0
0c80c
0c810
0c81f
0d16d
0d171
0d20f
0d235
0d23c
0d394
0d3a2
0d519
0d59a
0d5ab
0d5f6
0d600
0d6c2
0d6d4
0d6da
0d6ed
0d7a3
0d7b0
0d826
0d94c
0db02
0db7d
0db86
0dc38
0dcbd
0dcc6
0dd13
0dd32
0dd36
0de2b
0df0a
0df10
0df14
0df18
0df57
0e180
0e8a4
0eaf9
0eafd
0eb01
0eb0b
0eba7
0ebab
0ec54
0ec58
0ecf6
0ecfa
0ecfe
0ed02
0ed06
0ed0a
0ed0e
0ed12
0ed16
0ed1a
0ed1e
0c823
0c82e
0c875
0c880
0c897
0d1a6
0d248
0d26a
0d275
0d27f
0d3d5
0d550
0d554
0d5d8
0d5fb
0d606
0d60c
0d620
0d62a
0d6f4
0d700
0d711
0d843
0d8b0
0db14
0db1d
0db95
0dc4a
0dc51
0dcd6
0dcdc
0dd23
0dd3e
0dd88
0df69
0df75
0df79
0df7d
0df81
0e02d
0e611
0e956
0eb36
0eb3a
0eb44
0eb48
0ebe2
0ec8b
0ec8f
0ecf4
0ed22
0ed26
0ed2a
0ed2e
0ed32
0ed36
0ed3a
0ed3e
0ed42
0ed46
0ed4a
0c88e
0c8d4
0c8d8
0c8e8
0d079
0d07d
0d285
0d2ac
0d2b2
0d40a
0d418
0d4bf
0d589
0d58d
0d62b
0d632
0d648
0d64e
0d664
0d71d
0d730
0d74c
0d874
0d8d5
0db2c
0dba7
0dbb0
0dc60
0dc71
0dc7a
0dce3
0dd46
0dd4a
0ddaf
0dfaa
0dfd6
0dfda
0dfde
0dfe2
0e072
0e7bb
0eb69
0eb6d
0eb71
0eb7b
0ec19
0ec1d
0ecc2
0ecc6
0ed24
0ed4e
0ed52
0ed56
0ed5a
0ed5e
0ed62
0ed66
0ed6a
0ed6e
0ed72
0c6d7
0c6db
0c6ea
0c8ea
0c8f6
0d0b8
0d2be
0d2e0
0d2eb
0d2f5
0d44b
0d4f0
0d500
0d5c0
0d64f
0d65a
0d660
0d674
0d67e
0d73c
0d748
0d759
0d890
0d8ec
0db3e
0db47
0dbbf
0dbfa
0dc01
0dc8a
0dc90
0dcf3
0dd52
0dd9c
0ddd5
0dddb
0dddf
0dde3
0de15
0e072
0e68a
0e9cc
0ea50
0ea54
0ea58
0ea5c
0ebaf
0ebb3
0ec5c
0ed4c
0ed76
0ed7a
0ed7e
0ed82
0ed86
0ed8a
0ed8e
0ed92
0ed96
0ed9a
0ed9e
0c6f2
0c73e
0c742
0c751
0d0f3
0d0f7
0d1d4
0d31c
0d322
0d479
0d488
0d4a7
0d529
0d537
0d680
0d686
0d69c
0d6a2
0d6b8
0d766
0d778
0d794
0d7d8
0d911
0db56
0dbd1
0dbda
0dc10
0dc97
0dca0
0dcfb
0dd5a
0dd5e
0de27
0de40
0de44
0de48
0de4c
0dfae
0e0fc
0e82f
0ea89
0ea8d
0ea91
0ea95
0ebe6
0ebea
0ec93
0ec97
0ed78
0eda2
0eda6
0edaa
0edae
0edb2
0edb6
0edba
0edbe
0edc2
0edc6
0c755
0c760
0c7a7
0c7b2
0c7c9
0d132
0d1cc
0d1f4
0d1ff
0d209
0d35f
0d4de
0d4e2
0d56a
0d6a3
0d6ae
0d6b4
0d6c6
0d6ce
0d783
0d790
0d79f
0d7f5
0d928
0db68
0db71
0dbe9
0dc22
0dc29
0dcb0
0dcb6
0dd0b
0dd2a
0dd74
0de8e
0dea7
0deab
0deaf
0deb3
0e0fc
0e6fe
0e8da
0eac6
0eaca
0eace
0ead2
0ec21
0ec25
0ecca
0ecf8
0eda0
0edca
0edce
0edd2
0edd6
0edda
0edde
0ede2
0ede6
0edea
0edee
0c6ea
0c7eb
0c7ef
0c8d0
0c8ea
0c8f6
0c9c3
0c9fe
0ca0c
0d2d3
0d36f
0d391
0d39b
0d3a6
0d4f7
0d6a5
0d6b2
0d6ec
0d6f6
0d79a
0d7ac
0d7b2
0d826
0d8f3
0d9f4
0db80
0dbfa
0dc01
0dcac
0dd12
0dd18
0dd53
0dd70
0ddc0
0ddd9
0dddd
0dde7
0ddeb
0deee
0def2
0def6
0defa
0e101
0e2c8
0e8a5
0ec52
0ec56
0ec60
0ec64
0ecfe
0edf0
0edf4
0edf8
0edfc
0ee00
0ee04
0ee08
0ee0c
0ee10
0ee14
0c6d1
0c6d5
0c6f2
0c74b
0c762
0c854
0ca06
0ca0e
0ca46
0d306
0d30a
0d3ac
0d3d3
0d3d9
0d529
0d537
0d6d2
0d6f1
0d6fc
0d702
0d710
0d71a
0d843
0d90a
0d963
0db92
0db9b
0dc10
0dcbd
0dcc4
0dd21
0dd5b
0dd78
0dd7c
0de3c
0de42
0de46
0de50
0de91
0df57
0df5b
0df5f
0e144
0e148
0e301
0eab9
0ec8d
0ec91
0ec9b
0ed26
0ed2a
0edf2
0ee1a
0ee1e
0ee22
0ee26
0ee2a
0ee2e
0ee32
0ee36
0ee3a
0c73a
0c755
0c760
0c7b8
0c8b5
0c8b9
0ca4d
0ca82
0ca92
0d1e7
0d3e5
0d407
0d412
0d41c
0d56a
0d5fe
0d60a
0d71b
0d722
0d732
0d738
0d74e
0d874
0d92f
0d985
0dbaa
0dc22
0dc29
0dcd2
0dce2
0dce8
0dd2b
0dd84
0de8e
0dea7
0deab
0deb5
0deb9
0dfb8
0dfbc
0dfc0
0dfc4
0e185
0e1cc
0e7bc
0ecc0
0ecc4
0ecce
0ecd2
0ed52
0ee18
0ee3c
0ee40
0ee44
0ee48
0ee4c
0ee50
0ee54
0ee58
0ee5c
0c6a9
0c6ad
0c7a1
0c7bc
0c7c7
0c81f
0c92f
0c93d
0ca8c
0d220
0d224
0d422
0d449
0d44f
0d59a
0d5ab
0d62d
0d739
0d744
0d74a
0d758
0d762
0d890
0d945
0d99b
0dbbc
0dbc5
0dc38
0dc71
0dc78
0dcf1
0dd33
0dd8c
0dd90
0ddaf
0ddb3
0ddb7
0df09
0df0f
0df13
0df1d
0df21
0e030
0e034
0e24a
0eb2f
0ebaf
0ebb3
0ebb7
0ed7a
0ed7e
0ee3e
0ee62
0ee66
0ee6a
0ee6e
0ee72
0ee76
0ee7a
0ee7e
0ee82
0c712
0c806
0c80a
0c827
0c880
0c897
0c939
0c974
0c982
0d25d
0d334
0d470
0d482
0d48a
0d5d8
0d652
0d65e
0d764
0d76a
0d77a
0d780
0d796
0d7d8
0d8b7
0d9bd
0dbd4
0dc4a
0dc51
0dc86
0dcfa
0dd00
0dd3f
0dd98
0de14
0de18
0de1c
0df68
0df74
0df78
0df7c
0df86
0dfaf
0e077
0e24a
0e830
0ebe6
0ebea
0ebee
0ebf2
0eda6
0ee60
0ee84
0ee88
0ee8c
0ee90
0ee94
0ee98
0ee9c
0eea0
0eea4
0c777
0c77b
0c86f
0c889
0c895
0c8e8
0c97c
0c984
0c9bc
0d296
0d29a
0d330
0d35d
0d363
0d4b7
0d4c7
0d682
0d781
0d78c
0d792
0d79e
0d7a6
0d7f5
0d8ce
0d9d3
0dbe6
0dbef
0dc60
0dc97
0dc9e
0dd09
0dd47
0dd64
0dd68
0de7b
0de7f
0de83
0dfa9
0dfd5
0dfd9
0dfdd
0dfe7
0e0ba
0e0be
0e2c8
0ea3d
0ec21
0ec25
0ec29
0edca
0edce
0edf6
0ee86
0eeaa
0eeae
0eeb2
0eeb6
0eeba
0eebe
0eec2
0eec6
0c843
0c85c
0c87e
0c88c
0c895
0c94f
0c970
0c97e
0c987
0cb00
0cb10
0cb19
0d7d6
0d890
0d89a
0d910
0da64
0dc85
0dd64
0df43
0df4e
0df5b
0df74
0df8c
0dfb1
0dfec
0e07a
0e0a1
0e0bf
0e12c
0e143
0e1f0
0e20d
0e211
0e233
0e24c
0e250
0e2f5
0e3c0
0e3e9
0e3fe
0e499
0e4a4
0e4b5
0e5de
0e60a
0e621
0e625
0e6cc
0e78f
0eec8
0eecc
0eed0
0eed4
0eed8
0eedc
0eee0
0eee4
0eee8
0eeec
0c8a2
0c8b7
0c8bf
0c8e6
0c8f2
0c992
0c9a5
0c9bc
0c9c7
0ca82
0cb47
0cb53
0cd6f
0d7d1
0d7dc
0d802
0da73
0dc5f
0dd50
0dda6
0ddc1
0dded
0deee
0dfb5
0dfcc
0dfee
0e09c
0e0c5
0e0f1
0e106
0e17a
0e1b4
0e22f
0e254
0e258
0e274
0e28b
0e28f
0e32f
0e400
0e425
0e43b
0e4b8
0e4e2
0e4f2
0e600
0e647
0e65e
0e662
0e709
0e877
0eef1
0eef5
0eef9
0eefd
0ef01
0ef05
0ef09
0ef0d
0ef11
0ef15
0c6b7
0c6c0
0c6e3
0c6f0
0c6f9
0c9e2
0c9ea
0ca01
0ca0c
0cb7e
0cb8e
0cb97
0d7f5
0d7ff
0d824
0d94b
0da10
0dcab
0dd78
0dda3
0ddc8
0ddcf
0ddf1
0de28
0de54
0df56
0e028
0e0e1
0e10a
0e136
0e14b
0e26c
0e283
0e295
0e299
0e2bc
0e2cc
0e2d0
0e41f
0e43f
0e470
0e4ba
0e4f5
0e51e
0e52f
0e666
0e68c
0e69d
0e6a1
0e809
0eef0
0ef1a
0ef1e
0ef22
0ef26
0ef2a
0ef2e
0ef32
0ef36
0ef3a
0c712
0c722
0c729
0c74f
0c75d
0c974
0ca29
0ca3f
0ca4d
0ca56
0cbc5
0cbd1
0cc7b
0d81f
0d82a
0d850
0da1f
0dc0f
0dd28
0de0e
0de19
0de31
0de3f
0de5a
0de94
0debd
0e064
0e075
0e14d
0e16e
0e188
0e234
0e2ad
0e2d2
0e2d6
0e2ed
0e303
0e307
0e32b
0e345
0e3a9
0e476
0e513
0e556
0e56a
0e60c
0e6a3
0e6ce
0e6da
0e6de
0e846
0ef3f
0ef43
0ef47
0ef4b
0ef4f
0ef53
0ef57
0ef5b
0ef5f
0ef63
0c785
0c78e
0c7b1
0c7be
0c7c7
0ca66
0ca6e
0ca86
0ca90
0cbf6
0cc06
0cc0f
0d843
0d84d
0d872
0d8d4
0da3a
0dcd1
0dd8c
0de76
0de93
0de9c
0debe
0dee1
0df01
0dfbe
0e016
0e021
0e038
0e0b2
0e18d
0e1b1
0e1bd
0e1d0
0e1d4
0e2fb
0e30d
0e311
0e349
0e375
0e384
0e534
0e56f
0e59c
0e5ab
0e6bd
0e700
0e715
0e719
0e7b5
0ef3e
0ef68
0ef6c
0ef70
0ef74
0ef78
0ef7c
0ef80
0ef84
0ef88
0c7d7
0c7ed
0c7f7
0c81d
0c82b
0c908
0c91b
0c932
0c93d
0c9fe
0cac9
0cad5
0ccfb
0d86d
0d878
0d89d
0da49
0dc37
0dd3c
0ddb2
0dede
0deea
0df04
0df26
0df4d
0df8d
0e00c
0e03b
0e065
0e07f
0e0f6
0e1a9
0e1c6
0e1d8
0e1dc
0e1fc
0e217
0e21b
0e368
0e388
0e3c3
0e42e
0e58d
0e5ca
0e5e2
0e686
0e71d
0e742
0e750
0e754
0e8ba
0ef8c
0ef90
0ef94
0ef98
0ef9c
0efa0
0efa4
0efa8
0efac
0efb0
0ca22
0ca2c
0ca41
0ca4d
0ca56
0cae7
0cb01
0cb0c
0cb19
0cc77
0cc84
0cc8f
0d7c3
0d892
0d8bd
0d947
0d950
0dadf
0dd82
0de35
0dfad
0e127
0e132
0e14d
0e169
0e188
0e1ef
0e21c
0e23a
0e24d
0e2c3
0e369
0e389
0e38d
0e3ab
0e3c3
0e3c9
0e465
0e532
0e557
0e572
0e607
0e613
0e623
0e74c
0e77a
0e78f
0e794
0e83a
0e8fb
0eeca
0eece
0ef8c
0efb5
0efb9
0efbd
0efc1
0efc5
0efc9
0efcd
0ca5c
0ca65
0ca6e
0ca86
0ca90
0cb23
0cb34
0cb48
0cb53
0cbf5
0ccba
0ccc7
0ced0
0d7ea
0d8b0
0d8b7
0d8d7
0daf0
0dcd1
0ddac
0de9c
0e011
0e020
0e036
0e171
0e17d
0e191
0e253
0e274
0e28a
0e2ee
0e32e
0e3a6
0e3cc
0e3d0
0e3eb
0e3ff
0e406
0e49f
0e56f
0e594
0e5af
0e62a
0e650
0e660
0e76e
0e7b7
0e7cc
0e7d1
0e877
0e9db
0eef2
0ef66
0efd1
0efd5
0efd9
0efdd
0efe1
0efe5
0efe9
0efed
0c90f
0c918
0c92c
0c939
0c942
0cb6d
0cb73
0cb87
0cb92
0ccf1
0ccfe
0cd09
0d7f7
0d82d
0d8d0
0d8da
0d8f9
0da8b
0dd96
0de13
0df03
0e00d
0e025
0e039
0e061
0e07d
0e1bf
0e26d
0e29b
0e2bd
0e2cb
0e3e0
0e3f7
0e40b
0e40f
0e430
0e441
0e445
0e58d
0e5b1
0e5e2
0e62d
0e667
0e68c
0e69d
0e7d5
0e7fa
0e80c
0e810
0e971
0eef6
0ef1b
0ef8f
0eff1
0eff5
0eff9
0effd
0f001
0f005
0f009
0c94c
0c958
0c960
0c977
0c982
0cb07
0cbaf
0cbc0
0cbc9
0cbd6
0cd34
0cd41
0cde6
0d838
0d8ec
0d8f3
0d913
0da9c
0dc85
0de17
0df4f
0e056
0e067
0e06e
0e082
0e0ac
0e0c6
0e207
0e2d1
0e2ed
0e302
0e3a8
0e420
0e446
0e44a
0e45f
0e473
0e47a
0e499
0e4b3
0e519
0e5e8
0e681
0e6c5
0e6d8
0e778
0e812
0e83c
0e849
0e84d
0e9ac
0eed2
0ef44
0f00d
0f011
0f015
0f019
0f01d
0f021
0f025
0f029
0c999
0c9a2
0c9b6
0c9c3
0c9cc
0cbe5
0cbeb
0cbff
0cc0a
0cd65
0cd72
0cd7c
0d7cd
0d873
0d90c
0d916
0d935
0dab5
0dd6e
0dee1
0dfcb
0e09d
0e0af
0e0c3
0e0e5
0e104
0e1b0
0e1b8
0e1ce
0e23d
0e30b
0e32c
0e33a
0e34d
0e351
0e46b
0e47f
0e483
0e4b8
0e4e4
0e4f8
0e6a7
0e6e1
0e70b
0e717
0e82b
0e86e
0e883
0e888
0e921
0eef7
0ef69
0ef6d
0f02d
0f031
0f035
0f039
0f03d
0f041
0f045
0c9d8
0c9e1
0c9ea
0ca01
0ca0c
0caa5
0cab6
0caca
0cad5
0cb7d
0cc40
0cc4d
0ce60
0d86f
0d928
0d92f
0d94e
0dac6
0dcab
0ddc9
0dee9
0e0e0
0e0eb
0e0f8
0e10c
0e130
0e152
0e1d5
0e1f5
0e214
0e275
0e323
0e340
0e354
0e358
0e377
0e391
0e395
0e4d6
0e4fa
0e52d
0e59e
0e6fb
0e739
0e74e
0e7f2
0e88c
0e8b0
0e8bf
0e8c3
0ea1c
0ef20
0ef92
0f02b
0f04c
0f050
0f054
0f058
0f05c
0f060
0f064
0cba8
0cbb2
0cbbe
0cbcb
0cbd6
0cc5f
0cc7d
0cc86
0cc8f
0cde7
0cdf2
0cdfd
0d80c
0d854
0d948
0d96f
0d9f0
0d9f8
0db5d
0e063
0e131
0e2ad
0e2b8
0e2d1
0e2eb
0e302
0e367
0e396
0e3b0
0e3c7
0e435
0e4d7
0e4f6
0e4fe
0e51a
0e52f
0e53a
0e5d5
0e6a3
0e6c6
0e6e5
0e775
0e780
0e793
0e8bc
0e8e8
0e8fb
0e900
0e9a0
0ea5d
0ef1e
0ef44
0efb5
0f067
0f06b
0f06f
0f073
0f077
0f07b
0f07f
0cbdd
0cbe6
0cbee
0cbff
0cc0a
0cc99
0ccaa
0ccc0
0ccc7
0cd63
0ce29
0ce36
0d046
0d848
0d8b5
0d963
0d969
0d987
0db6e
0de97
0e0ab
0e1af
0e1bc
0e1ce
0e2f2
0e2fe
0e315
0e3c0
0e3eb
0e3fc
0e460
0e49c
0e514
0e533
0e540
0e556
0e56c
0e577
0e60d
0e6e0
0e702
0e722
0e799
0e7bd
0e7d0
0e8dc
0e923
0e936
0e93b
0e9db
0eb3d
0ef49
0ef6f
0efd5
0f085
0f089
0f08d
0f091
0f095
0f099
0f09d
0caad
0cab6
0cac2
0cacf
0cada
0cce1
0cce7
0ccfd
0cd04
0ce61
0ce6c
0ce77
0d85d
0d8a1
0d8f6
0d981
0d98a
0d9a7
0db09
0e024
0e0f6
0e1ab
0e1c3
0e1d5
0e1f9
0e214
0e33c
0e3e1
0e411
0e42f
0e441
0e54e
0e565
0e57b
0e57f
0e59f
0e5b2
0e5b6
0e6fb
0e723
0e74e
0e79c
0e7d6
0e7fa
0e80d
0e93f
0e962
0e974
0e978
0ead3
0eef6
0ef91
0eff1
0f09f
0f0a3
0f0a7
0f0ab
0f0af
0f0b3
0f0b7
0cae5
0caf0
0caf8
0cb09
0cb15
0cc76
0cd21
0cd35
0cd3d
0cd46
0cea3
0ceaf
0cf59
0d884
0d8f1
0d99b
0d9a1
0d9bf
0db1a
0df4e
0e12c
0e1ee
0e1ff
0e206
0e20e
0e23e
0e25d
0e37f
0e43d
0e45f
0e470
0e516
0e58e
0e5ad
0e5ba
0e5ca
0e5e4
0e5eb
0e607
0e621
0e687
0e75a
0e7ef
0e832
0e848
0e8e6
0e97a
0e9a2
0e9af
0e9b3
0eb0e
0eecc
0ef96
0f011
0f0bd
0f0c1
0f0c5
0f0c9
0f0cd
0f0d1
0f0d5
0cb2b
0cb34
0cb40
0cb4d
0cb58
0cd55
0cd5b
0cd71
0cd78
0ced1
0cee0
0ceeb
0d7be
0d806
0d932
0d9b9
0d9c2
0d9df
0db33
0e0ae
0e17a
0e22f
0e241
0e253
0e271
0e28a
0e32a
0e332
0e34c
0e3b5
0e47d
0e49a
0e4a5
0e4be
0e4c2
0e5d9
0e5ef
0e5f3
0e629
0e652
0e66b
0e816
0e850
0e879
0e887
0e993
0e9d2
0e9e7
0e9ec
0ea83
0eed0
0eef3
0f02d
0f0d7
0f0db
0f0df
0f0e3
0f0e7
0f0eb
0f0ef
0cb64
0cb6c
0cb76
0cb87
0cb92
0cc1f
0cc30
0cc46
0cc4d
0ccef
0cdaf
0cdbb
0cfd3
0d7fa
0d92d
0d9d3
0d9d9
0d9f6
0db44
0ddc8
0e027
0e26c
0e277
0e284
0e294
0e2b6
0e2dc
0e349
0e36d
0e382
0e3ec
0e491
0e4ae
0e4c4
0e4c8
0e4e3
0e501
0e505
0e644
0e66c
0e69b
0e70a
0e869
0e8a7
0e8be
0e95c
0e9f0
0ea12
0ea21
0ea25
0eb7e
0ef18
0ef6e
0f04c
0f0f4
0f0f8
0f0fc
0f100
0f104
0f108
0f10c
0cd19
0cd24
0cd31
0cd3c
0cd46
0cdcd
0cdec
0cdf5
0cdfd
0cf52
0cf5f
0cf6b
0d7ed
0d8e3
0d91a
0d9f1
0da0f
0da76
0dbdb
0e1fd
0e2b7
0e420
0e42b
0e43d
0e45a
0e470
0e4d5
0e506
0e51e
0e530
0e5a3
0e645
0e669
0e670
0e685
0e69d
0e6a1
0e741
0e80a
0e833
0e854
0e8e3
0e8ec
0e8ff
0ea1e
0ea4a
0ea5d
0ea62
0eb02
0ebbb
0eefc
0ef1e
0ef25
0ef29
0f068
0f10f
0f113
0f117
0f11b
0f11f
0cd4e
0cd56
0cd5e
0cd6c
0cd78
0ce08
0ce18
0ce2e
0ce36
0ced7
0cf97
0cfa3
0d1b5
0d816
0d90f
0d968
0da09
0da20
0dbec
0e0ae
0e23d
0e328
0e337
0e346
0e462
0e46e
0e486
0e531
0e556
0e56a
0e5cd
0e60c
0e682
0e6a6
0e6ae
0e6c5
0e6da
0e6de
0e779
0e847
0e870
0e891
0e905
0e927
0e93a
0ea3e
0ea85
0ea98
0ea9d
0eb3d
0ec93
0ef43
0ef4a
0ef4e
0f02d
0f086
0f126
0f12a
0f12e
0f132
0f136
0cc29
0cc30
0cc3d
0cc48
0cc52
0ce50
0ce55
0ce6b
0ce72
0cfcc
0cfda
0cfe5
0d83b
0d91f
0d955
0d9a4
0da22
0da39
0db87
0e1c2
0e284
0e326
0e33e
0e349
0e373
0e382
0e4a9
0e54f
0e580
0e59c
0e5ac
0e6bc
0e6d3
0e6e9
0e6ed
0e70c
0e719
0e724
0e869
0e88d
0e8be
0e908
0e940
0e962
0e975
0eaa1
0eac4
0ead6
0eada
0ec2d
0ef4a
0ef6e
0ef73
0ef77
0f0a0
0f139
0f13d
0f141
0f145
0f149
0cc5d
0cc69
0cc70
0cc81
0cc8a
0cde9
0ce8f
0cea4
0ceac
0ceb4
0d010
0d01e
0d0c8
0d864
0d93c
0d9a0
0da33
0da4a
0db98
0e131
0e2b4
0e365
0e378
0e37e
0e38a
0e3b1
0e3c6
0e4ed
0e5ad
0e5ca
0e5e2
0e686
0e6fc
0e71f
0e728
0e739
0e750
0e754
0e775
0e791
0e7f3
0e8bd
0e959
0e998
0e9ae
0ea48
0eadc
0eb04
0eb11
0eb15
0ec66
0ef8d
0ef97
0ef9b
0efb5
0f0be
0f150
0f154
0f158
0f15c
0f160
0cca2
0ccaa
0ccb7
0ccc2
0cccc
0cec4
0cec9
0cedf
0cee6
0d042
0d04e
0d059
0d888
0d8a7
0d8de
0d9dc
0da4c
0da63
0dbb1
0e240
0e2fc
0e3a6
0e3b7
0e3c0
0e3e6
0e3fc
0e498
0e49e
0e4b5
0e523
0e5ee
0e608
0e614
0e625
0e630
0e747
0e75d
0e761
0e790
0e7bf
0e7da
0e97e
0e9b6
0e9dd
0e9eb
0eaf5
0eb35
0eb49
0eb4e
0ebdf
0eecb
0eed4
0eed8
0ef97
0f0d8
0f163
0f167
0f16b
0f16f
0f173
0ccda
0cce2
0ccea
0ccf8
0cd04
0cd8e
0cd9e
0cdb4
0cdbb
0ce63
0cf1d
0cf2a
0d142
0d7c8
0d8d3
0d9d8
0da5d
0da74
0dbc2
0e024
0e1c7
0e3e0
0e3ec
0e3f8
0e40a
0e425
0e440
0e4b7
0e4da
0e4f0
0e559
0e5ff
0e61c
0e632
0e636
0e651
0e662
0e673
0e7b2
0e7d6
0e80b
0e878
0e9cf
0ea08
0ea20
0eabe
0eb52
0eb74
0eb83
0eb87
0ecd4
0eef4
0eefc
0ef00
0eff1
0f0f5
0f17a
0f17e
0f182
0f186
0f18a
0ce87
0ce92
0ce9f
0ceac
0ceb4
0cf3b
0cf55
0cf62
0cf6b
0d0bd
0d0cd
0d0d9
0d7f0
0d8c9
0d9a0
0da0c
0da8d
0daf4
0dc55
0e378
0e42a
0e58e
0e599
0e5ad
0e5c7
0e5e2
0e643
0e674
0e68c
0e6a5
0e711
0e7b3
0e7d8
0e7de
0e7f5
0e80b
0e810
0e8af
0e972
0e999
0e9ba
0ea45
0ea4e
0ea61
0eb80
0eba8
0ebbb
0ebc0
0ec5a
0ed02
0ef19
0eff1
0eff7
0effb
0f10e
0f18d
0f191
0f195
0f199
0f19d
0ceba
0cec3
0cecc
0cedd
0cee6
0cf75
0cf86
0cf9c
0cfa3
0d041
0d100
0d111
0d317
0d886
0d8ea
0d9e2
0da87
0da9e
0dc67
0e240
0e3b5
0e497
0e4a4
0e4bb
0e5cf
0e5dc
0e5f5
0e6a3
0e6c5
0e6d8
0e73c
0e778
0e7f0
0e815
0e81c
0e832
0e848
0e84d
0e8e7
0e9ad
0e9d4
0e9f5
0ea67
0ea89
0ea9c
0eb9e
0ebe1
0ebf4
0ebf9
0ec93
0eda4
0ef45
0f013
0f017
0f0d9
0f125
0f1a4
0f1a8
0f1ac
0f1b0
0f1b4
0cd95
0cd9e
0cdab
0cdb8
0cdc0
0cfbd
0cfc3
0cfd9
0cfe1
0d137
0d148
0d153
0d7c4
0d905
0d9d8
0da36
0daa0
0dab7
0dc05
0e33d
0e3f8
0e494
0e4ab
0e4b7
0e4e0
0e4f0
0e618
0e6bd
0e6ee
0e70b
0e721
0e82a
0e841
0e857
0e85b
0e87a
0e888
0e892
0e9cf
0e9f1
0ea20
0ea6a
0eaa2
0eac4
0ead7
0ebfd
0ec1e
0ec30
0ec34
0ed56
0eef7
0f02d
0f033
0f037
0f138
0f1b7
0f1bb
0f1bf
0f1c3
0f1c7
0cdca
0cdd7
0cdde
0cdf0
0cdf8
0cf51
0cffd
0d00c
0d01a
0d022
0d17a
0d18c
0d232
0d867
0d926
0d9f3
0dab1
0dac8
0dc17
0e2b7
0e428
0e4d4
0e4e6
0e4ec
0e4fc
0e520
0e538
0e65b
0e71d
0e739
0e74e
0e7f2
0e86a
0e88e
0e896
0e8a7
0e8be
0e8c3
0e8e3
0e8fd
0e95d
0ea1f
0eabb
0eafa
0eb10
0eba6
0ec36
0ec5c
0ec69
0ec6d
0ed80
0ef93
0f04e
0f052
0f069
0f14f
0f1ce
0f1d2
0f1d6
0f1da
0f1de
0ce0f
0ce18
0ce27
0ce32
0ce3a
0d031
0d037
0d04d
0d054
0d1ab
0d1bc
0d1c7
0d811
0d940
0d968
0da60
0daca
0dae1
0dc2d
0e3b6
0e46c
0e514
0e525
0e531
0e553
0e56a
0e606
0e60e
0e623
0e691
0e75c
0e776
0e781
0e794
0e79e
0e8b5
0e8cb
0e8cf
0e8fc
0e929
0e944
0eae0
0eb18
0eb3f
0eb4d
0ec4d
0ec8a
0ec9f
0eca4
0ed26
0eecb
0efb6
0efbc
0f04e
0f162
0f1e1
0f1e5
0f1e9
0f1ed
0f1f1
0ce46
0ce4f
0ce58
0ce69
0ce72
0cefb
0cf0c
0cf22
0cf2a
0cfcb
0d086
0d097
0d2a8
0d839
0d8ae
0d9aa
0dadb
0daf2
0dc3f
0e1c2
0e341
0e54e
0e559
0e566
0e57b
0e594
0e5b2
0e629
0e649
0e65e
0e6c8
0e76d
0e78a
0e7a0
0e7a4
0e7be
0e7d1
0e7e1
0e91e
0e940
0e973
0e9dc
0eb31
0eb6b
0eb82
0ec18
0eca8
0ecca
0ecd9
0ecdd
0edd0
0ef66
0efd7
0efdb
0f0a1
0f179
0f1f8
0f1fc
0f200
0f204
0f208
0cff5
0d000
0d00a
0d01a
0d022
0d0a9
0d0c4
0d0d0
0d0d9
0d227
0d237
0d243
0d85c
0d8cd
0d97d
0da8a
0db0b
0db72
0dcc8
0df1c
0e4e6
0e598
0e6fc
0e707
0e71d
0e736
0e74e
0e7b1
0e7e2
0e7fa
0e814
0e87f
0e91f
0e942
0e948
0e95f
0e973
0e978
0ea11
0ead4
0eafb
0eb1c
0eba3
0ebac
0ebbf
0ecd6
0ecfe
0ed05
0ed09
0edd2
0ef91
0f0a1
0f0a6
0f0aa
0f18c
0f20b
0f20f
0f213
0f217
0f21b
0d029
0d032
0d03a
0d049
0d054
0d0e3
0d0f4
0d10a
0d111
0d1aa
0d268
0d27a
0d479
0d88d
0d996
0da66
0db05
0db1c
0dcd9
0df75
0e3b6
0e523
0e605
0e613
0e62e
0e73e
0e74a
0e763
0e812
0e832
0e848
0e8aa
0e8e6
0e95a
0e97d
0e984
0e998
0e9ae
0e9b3
0ea49
0eb0f
0eb37
0eb57
0ebc5
0ebe6
0ebf8
0ecf4
0ed28
0ed2f
0ed33
0ee1c
0f010
0f0c0
0f0c4
0f163
0f1a3
0f222
0f226
0f22a
0f22e
0f232
0cf04
0cf0c
0cf16
0cf26
0cf2e
0d12b
0d131
0d147
0d14e
0d29d
0d2ae
0d2b9
0d7bd
0d909
0d9b5
0dab4
0db1e
0db35
0dc7c
0dfe4
0e4aa
0e566
0e602
0e61a
0e629
0e64f
0e65e
0e785
0e82b
0e85c
0e879
0e890
0e992
0e9a7
0e9bd
0e9c1
0e9de
0e9ec
0e9f6
0eb31
0eb53
0eb82
0ebc8
0ebfe
0ec1e
0ec31
0ed35
0ed56
0ed5b
0edca
0eef2
0f0d9
0f0de
0f0e2
0f1b6
0f235
0f239
0f23d
0f241
0f245
0cf37
0cf45
0cf4c
0cf5b
0cf66
0d0bc
0d16b
0d17b
0d188
0d190
0d2de
0d2f0
0d394
0d7f2
0d9ce
0da12
0db2f
0db46
0dc8d
0ddd9
0e42a
0e596
0e642
0e654
0e65a
0e66e
0e68e
0e6aa
0e7c9
0e88c
0e8a7
0e8be
0e95c
0e9d0
0e9f2
0e9fa
0ea08
0ea20
0ea25
0ea45
0ea5f
0eabf
0eb81
0ec15
0ec52
0ec68
0ecfc
0ed5f
0ed80
0ed85
0ee64
0f04b
0f0f7
0f0fb
0f10f
0f1cd
0f24c
0f250
0f254
0f258
0f25c
0cf7d
0cf86
0cf90
0cfa0
0cfa8
0d19f
0d1a5
0d1bb
0d1c2
0d30d
0d31e
0d329
0d80b
0d944
0d9ec
0dade
0db48
0db5f
0dca2
0de4e
0e524
0e5da
0e682
0e693
0e6a3
0e6c2
0e6d8
0e774
0e77c
0e793
0e7ff
0e8ca
0e8e4
0e8ed
0e900
0e90a
0ea17
0ea2d
0ea31
0ea5e
0ea8b
0eaa6
0ec3a
0ec70
0ec95
0eca3
0ed76
0eda6
0edad
0edb1
0ef43
0f06a
0f06f
0f0f7
0f1e0
0f25f
0f263
0f267
0f26b
0f26f
0cfb5
0cfbe
0cfc6
0cfd5
0cfe1
0d069
0d07a
0d090
0d097
0d136
0d1f2
0d204
0d40a
0d840
0d95e
0da3c
0db59
0db70
0dcb3
0dea7
0e33d
0e4af
0e6bc
0e6c8
0e6d4
0e6e9
0e702
0e724
0e798
0e7b7
0e7ce
0e835
0e8db
0e8f6
0e90c
0e910
0e928
0e93b
0e94b
0ea80
0eaa2
0ead5
0eb3e
0ec87
0ecc0
0ecd8
0ed50
0edb3
0edd0
0edd7
0eea8
0efd4
0f088
0f08c
0f139
0f1f7
0f276
0f27a
0f27e
0f282
0f286
0d163
0d16e
0d179
0d188
0d190
0d215
0d22e
0d23a
0d243
0d389
0d399
0d3a5
0d91e
0d97e
0da1c
0db08
0db89
0dbf0
0dd17
0ddf4
0defb
0df1c
0e654
0e706
0e86a
0e875
0e88c
0e8a4
0e8be
0e91d
0e94c
0e962
0e97c
0e9e3
0ea81
0eaa4
0eaaa
0eac1
0ead5
0eada
0eb73
0ec2e
0ec53
0ec74
0ecf9
0ed04
0edb5
0edf4
0edfb
0edff
0f04a
0f139
0f13e
0f142
0f20a
0f289
0f28d
0f291
0f295
0f299
0d197
0d1a0
0d1a8
0d1b8
0d1c2
0d24d
0d25c
0d272
0d27a
0d30c
0d3ca
0d3dc
0d5cf
0d944
0da2e
0dae4
0db83
0db9a
0dd21
0de50
0df5d
0df75
0e524
0e691
0e773
0e780
0e79d
0e8ac
0e8b8
0e8d1
0e97a
0e998
0e9ae
0ea0b
0ea48
0eabc
0eadf
0eae6
0eafa
0eb10
0eb15
0eba7
0ec67
0ec8c
0ecad
0ed0c
0ed2e
0eddb
0ee01
0ee1f
0ee23
0f0be
0f151
0f155
0f1e1
0f221
0f2a0
0f2a4
0f2a8
0f2ac
0f2b0
0d071
0d07a
0d085
0d094
0d09c
0d291
0d297
0d2ad
0d2b5
0d3ff
0d410
0d41b
0d8a6
0d9b6
0da46
0db32
0db9c
0dbb3
0dce7
0dec2
0dfc5
0dfe4
0e619
0e6d4
0e770
0e787
0e798
0e7bb
0e7ce
0e8f1
0e993
0e9c2
0e9dd
0e9f4
0eaf4
0eb09
0eb1f
0eb23
0eb40
0eb4e
0eb58
0ec87
0eca9
0ecd8
0ed0f
0ed36
0ed58
0ee18
0ee40
0ee45
0efd3
0f163
0f168
0f16c
0f234
0f2b3
0f2b7
0f2bb
0f2bf
0f2c3
0d0a7
0d0b2
0d0ba
0d0ca
0d0d4
0d226
0d2cf
0d2df
0d2ec
0d2f4
0d440
0d451
0d4f0
0d8cd
0da58
0da90
0dbad
0dbc4
0dcf1
0ddb3
0ddd9
0df1e
0e598
0e704
0e7b0
0e7c1
0e7c8
0e7dc
0e7fc
0e818
0e933
0e9f0
0ea08
0ea20
0eabe
0eb32
0eb54
0eb5c
0eb6b
0eb82
0eb87
0eba3
0ebbd
0ec19
0ecd7
0ed4d
0ed7c
0ed84
0ee49
0ee67
0ee6b
0f0f5
0f17b
0f17f
0f18d
0f24b
0f2ca
0f2ce
0f2d2
0f2d6
0f2da
0d0eb
0d0f4
0d0ff
0d10e
0d116
0d301
0d307
0d31d
0d324
0d46f
0d480
0d48b
0d8e2
0d9ed
0da70
0db5c
0dbc6
0dbdd
0dcff
0de20
0de4e
0df90
0e692
0e748
0e7f0
0e801
0e812
0e82f
0e848
0e8e2
0e8ea
0e8ff
0e967
0ea2c
0ea46
0ea4f
0ea62
0ea6c
0eb79
0eb8f
0eb93
0ebbc
0ebe8
0ec02
0ed63
0ed8a
0edac
0ee60
0ee88
0ee8d
0f00f
0f110
0f115
0f17b
0f25e
0f2dd
0f2e1
0f2e5
0f2e9
0f2ed
0d122
0d12c
0d134
0d144
0d14e
0d1d7
0d1e6
0d1fc
0d204
0d29c
0d354
0d365
0d562
0d909
0da04
0daba
0dbd7
0dbee
0dd09
0de81
0dea7
0dfe6
0e4aa
0e61d
0e82a
0e835
0e842
0e857
0e870
0e892
0e904
0e923
0e938
0e99b
0ea3d
0ea58
0ea6e
0ea72
0ea8a
0ea9d
0eaad
0ebdc
0ebfe
0ec2f
0ec94
0eda1
0edcc
0edd6
0ee91
0eead
0eeb1
0f086
0f127
0f12b
0f1b7
0f275
0f2f4
0f2f8
0f2fc
0f300
0f304
0d2c7
0d2d2
0d2dd
0d2ec
0d2f4
0d377
0d390
0d39c
0d3a5
0d4e5
0d4f5
0d500
0d9ca
0da1d
0da9a
0db86
0dc06
0dc69
0dd56
0ddbb
0ddd4
0dddc
0dded
0ddf8
0def5
0dfed
0e0f0
0e7c1
0e874
0e9d0
0e9d9
0e9f0
0ea07
0ea2a
0ea81
0eabe
0eac5
0eae2
0eb46
0ebef
0ec04
0ec08
0ec1f
0ec32
0ec3c
0ed4d
0ed60
0edca
0edfa
0ee93
0ef03
0f1a5
0f1bb
0f1bf
0f24c
0f306
0f30a
0f30e
0f312
0f316
0d2f8
0d302
0d30a
0d31a
0d324
0d3af
0d3be
0d3d4
0d3dc
0d46e
0d524
0d535
0d6cb
0d9ed
0daac
0db62
0dc03
0dc14
0dd5c
0dda2
0de22
0de3b
0de43
0de54
0de5f
0df5d
0e084
0e692
0e7ff
0e8e1
0e8ee
0e90a
0ea0e
0ea1e
0eab9
0eae3
0eb02
0eb12
0eb6f
0eba7
0ec28
0ec3e
0ec42
0ec5d
0ec6b
0ec75
0ed77
0ed8a
0edf0
0ee1e
0eeb3
0f14e
0f1cd
0f1d2
0f25e
0f29e
0f31c
0f320
0f324
0f328
0f32c
0d1dd
0d1e6
0d1f1
0d200
0d208
0d3f3
0d3f9
0d40f
0d416
0d557
0d568
0d572
0d95a
0da47
0dac4
0dbb0
0dc19
0dc2e
0dd2e
0de57
0de94
0dea7
0deb7
0dec4
0dec8
0dfc5
0e174
0e786
0e842
0e8de
0e8f3
0e904
0e927
0e944
0ea59
0eaf7
0eb35
0eb41
0eb58
0ec4f
0ec72
0ec79
0ec8b
0eca1
0eca6
0ed27
0edab
0edd5
0ee18
0ee42
0ef51
0f1cf
0f1e5
0f1e9
0f276
0f32e
0f332
0f336
0f33a
0f33e
0d213
0d21c
0d224
0d234
0d23e
0d388
0d431
0d441
0d44e
0d456
0d596
0d5a8
0d628
0d97e
0dad6
0db0e
0dc2b
0dc3c
0dd34
0ddb3
0de76
0dee6
0df09
0df11
0df22
0df2d
0e016
0e706
0e872
0e91c
0e92b
0e932
0e946
0e965
0ea8d
0eb2f
0eb59
0eb72
0eb84
0ec19
0ec9a
0ecb0
0ecb4
0eccb
0ecdb
0ece3
0ed05
0edd0
0ee28
0ee49
0ee68
0f178
0f1f7
0f1fc
0f20a
0f2c8
0f344
0f348
0f34c
0f350
0f354
0d253
0d25c
0d267
0d276
0d27e
0d463
0d469
0d47f
0d486
0d5c5
0d5d6
0d5e0
0d992
0da71
0daee
0dbda
0dc41
0dc56
0dd42
0de20
0df25
0df64
0df75
0df85
0df92
0df96
0e153
0e800
0e8b6
0e95a
0e969
0e97a
0e997
0e9ba
0ea46
0ea4e
0ea68
0eacf
0eb94
0eba9
0ebbd
0ebc2
0ec5b
0ecdf
0ece7
0ecf5
0ed0c
0ed7a
0ee60
0ee8a
0ef9e
0f18d
0f192
0f196
0f222
0f356
0f35a
0f35e
0f362
0f366
0d288
0d292
0d29a
0d2aa
0d2b5
0d339
0d348
0d35e
0d365
0d3fe
0d4b2
0d4c4
0d67c
0d9b6
0da82
0db38
0dc53
0dc64
0dd48
0de81
0df44
0dfb1
0dfd1
0dfd9
0dfea
0dff6
0e0a0
0e619
0e78b
0e992
0e99b
0e9a8
0e9bd
0e9d5
0ea3d
0ea6d
0ea87
0ea9c
0eafe
0eba0
0ebc7
0ebce
0ebe2
0ebf6
0ebfb
0ec94
0ed2d
0ed59
0ee70
0ee91
0eeae
0f124
0f1a3
0f1a8
0f234
0f2f2
0f36c
0f370
0f374
0f378
0f37c
0d42a
0d434
0d43f
0d44e
0d456
0d4d3
0d4ec
0d4f8
0d500
0d61d
0d62d
0d639
0da54
0da9b
0db18
0dc01
0dc7d
0dcdb
0dd92
0ddae
0ddb9
0ddcc
0ddf6
0df7e
0dfd7
0dff3
0e01a
0e035
0e042
0e0f0
0e1d0
0e7c3
0e932
0eb30
0eb3b
0eb47
0eb60
0eb82
0ebdd
0ec18
0ec1f
0ec3c
0ec9c
0ed38
0ed3e
0ed53
0ed5b
0ed65
0ee3d
0ee4a
0ef03
0f1b7
0f236
0f23b
0f2c7
0f307
0f381
0f385
0f389
0f38d
0d45b
0d464
0d46c
0d47c
0d486
0d509
0d518
0d52e
0d535
0d5c4
0d64d
0d65e
0d7a3
0da71
0db2a
0dbe0
0dc7a
0dc8a
0dd98
0dda2
0dde7
0de15
0de20
0de33
0de5d
0dfdf
0e00e
0e05f
0e07d
0e087
0e135
0e2bd
0e966
0ea0d
0ea4e
0ea6b
0eb70
0eb7c
0eb95
0ec3d
0ec5a
0ec6a
0ecc4
0ecfd
0ed62
0ed69
0ed7d
0ed85
0ed8f
0ee65
0ee8b
0ef9f
0f238
0f24e
0f252
0f2df
0f392
0f396
0f39a
0f39e
0f3a2
0d33f
0d348
0d353
0d362
0d36a
0d54b
0d551
0d567
0d56f
0d671
0d682
0d68c
0da00
0dac5
0db42
0dc29
0dc8f
0dca3
0dd6a
0ddfe
0de40
0de57
0de83
0de8b
0dea5
0decb
0e08b
0e0a9
0e0c9
0e0ce
0e24e
0e837
0e99c
0ea3e
0ea54
0ea5b
0ea74
0ea9a
0ebb1
0ec4f
0ec8a
0ec97
0ecae
0ed78
0ed91
0ed95
0edac
0edb1
0ee85
0ee92
0eed1
0f1e1
0f260
0f265
0f2f1
0f32f
0f3a7
0f3ab
0f3af
0f3b3
0d375
0d37e
0d386
0d396
0d3a0
0d4e4
0d587
0d597
0d5a4
0d5ab
0d6a1
0d6b2
0d718
0da1d
0db54
0db8c
0dca0
0dcb0
0dd70
0de48
0de76
0deb5
0dee6
0def7
0deff
0df2b
0e019
0e0d0
0e0f4
0e10e
0e113
0e28d
0e92d
0e9e4
0ea8b
0ea92
0eaa7
0eac6
0eae2
0ebf1
0ecaf
0ecc8
0ecda
0ed51
0edb5
0edbd
0edcd
0edd7
0eddf
0edfb
0eeaa
0ef78
0f262
0f278
0f27c
0f28b
0f3b8
0f3bc
0f3c0
0f3c4
0f3c8
0d3b5
0d3be
0d3c9
0d3d8
0d3e0
0d5b9
0d5bf
0d5d5
0d5dd
0d6c1
0d6d2
0d6dc
0da2a
0daef
0db6c
0dc51
0dcb5
0dcc9
0dd7e
0decc
0df0e
0df25
0df57
0df62
0df73
0df9b
0e0e3
0e12f
0e149
0e156
0e1f3
0e77f
0ea0c
0eaba
0eaca
0ead1
0eaea
0eb10
0eba4
0ebac
0ebc6
0ec29
0ecea
0ecff
0ed07
0ed11
0eddb
0ede3
0edf1
0ee02
0ef1f
0f18d
0f20e
0f212
0f29d
0f357
0f3cd
0f3d1
0f3d5
0f3d9
0d3ea
0d3f4
0d3fc
0d40c
0d416
0d497
0d4a6
0d4bc
0d4c4
0d556
0d5f9
0d60a
0d760
0da47
0db00
0dbb6
0dcc6
0dcd6
0dd84
0df16
0df44
0df83
0dfb1
0dfc1
0dfc9
0dff4
0e0a3
0e15a
0e178
0e192
0e198
0e305
0e8f0
0e99d
0eafb
0eb08
0eb1e
0eb37
0eb58
0ebcb
0ebe3
0ebf8
0ec56
0ecf6
0ed13
0ed17
0ed2e
0ed33
0eda5
0ee1d
0ee43
0ef52
0f20e
0f224
0f228
0f2b5
0f3de
0f3e2
0f3e6
0f3ea
0f3ee
0c889
0d57f
0d58a
0d595
0d5a4
0d5ab
0d61a
0d62c
0d634
0d69a
0d713
0d724
0d874
0dad2
0db19
0db96
0dc78
0dce8
0dd23
0de45
0de78
0dec2
0dee5
0df0c
0dfbf
0dfd6
0e012
0e018
0e035
0e145
0e18c
0e1b6
0e1cc
0e1d1
0e1e2
0e317
0e3f1
0ea94
0ec88
0ec91
0eca8
0ecbf
0ece2
0ed35
0ed52
0ed61
0ee25
0ee2d
0ee40
0ee46
0ef65
0ef78
0ef7c
0f1f6
0f2b3
0f2b8
0f2bc
0f3f0
0f3f4
0f3f8
0c8ce
0d5b0
0d5ba
0d5c2
0d5d2
0d5dd
0d641
0d64e
0d65b
0d663
0d731
0d742
0d74c
0d89e
0daef
0dba8
0dc59
0dce5
0dcee
0ddb3
0ddd9
0de15
0deb2
0df1f
0df31
0df52
0df8e
0e039
0e05d
0e07d
0e184
0e1aa
0e1f5
0e20a
0e218
0e221
0e387
0eac8
0eb70
0ebae
0ebca
0ecc6
0ecd6
0ed4c
0ed6c
0ed82
0ee3c
0ee50
0ee54
0ee68
0ee6c
0ef92
0efa0
0efa4
0f24b
0f2cb
0f2cf
0f358
0f3fe
0f402
0f406
0c6ee
0d49d
0d4a6
0d4b1
0d4c0
0d4c7
0d66b
0d678
0d685
0d68c
0d75b
0d76c
0d7d8
0da7e
0db43
0dbc0
0dc9e
0dcf3
0dd00
0de20
0de4e
0df13
0df46
0df90
0dfb0
0dfd4
0e031
0e057
0e0a0
0e0a9
0e0c2
0e20c
0e23a
0e24d
0e251
0e2f5
0e465
0eafe
0eba0
0ebb3
0ebc4
0ebe6
0ec02
0ed89
0eda6
0edb7
0ee6d
0ee76
0ee88
0ee8e
0eec8
0eedc
0eee0
0f1a2
0f2dd
0f2e2
0f2e6
0f408
0f40c
0f410
0c738
0d4d1
0d4db
0d4e2
0d4f2
0d4fc
0d61c
0d698
0d6ab
0d6b2
0d779
0d78a
0d795
0d803
0da9b
0dbd2
0dc09
0dcfd
0dd06
0dda8
0ddc6
0dded
0de82
0dea8
0df79
0dfe6
0dff2
0e08c
0e0c3
0e0f0
0e104
0e1b4
0e253
0e27c
0e28c
0e290
0e32f
0ea8f
0eb46
0ebea
0ebf0
0ec04
0ec21
0eda0
0edc0
0edd4
0ee84
0ee98
0ee9c
0eeae
0eeb2
0eef5
0ef05
0ef09
0f275
0f2f5
0f2f9
0f308
0f416
0f41a
0f41e
0c7bc
0d50f
0d518
0d523
0d532
0d539
0d6bb
0d6ca
0d6d5
0d6dc
0d7a1
0d7b0
0d826
0daa8
0db6d
0dbea
0dcc4
0dd0b
0dd18
0dde9
0ddf5
0de2d
0de54
0def6
0df0f
0dfda
0e0bb
0e0e1
0e12e
0e137
0e14c
0e26d
0e2b2
0e2c7
0e2cd
0e2de
0e43e
0eb6f
0ec16
0ec25
0ec36
0ec51
0ec74
0ecfc
0ed06
0ede0
0edf8
0edfe
0eeaa
0eeba
0ef17
0ef2a
0ef2e
0f1cc
0f28a
0f28f
0f2f5
0f420
0f424
0f428
0c806
0d542
0d54c
0d554
0d564
0d56f
0d5ed
0d5fa
0d607
0d60e
0d6e9
0d6fa
0d704
0d851
0dac5
0db7e
0dc31
0dd15
0dd1e
0dddd
0de0f
0de57
0de91
0dea2
0dec4
0df63
0df84
0e116
0e14d
0e174
0e188
0e234
0e2d1
0e2f6
0e304
0e308
0e3a9
0ea52
0eaff
0ec55
0ec62
0ec77
0ec8d
0ecf4
0ed18
0ed2e
0edf0
0ee08
0ee0c
0ee20
0ee24
0ef44
0ef53
0ef57
0f221
0f2a1
0f2a5
0f330
0f42e
0f432
0f436
0c735
0c73c
0c74c
0c758
0c760
0ca4b
0d69e
0d6ad
0d6b5
0d714
0d720
0d728
0d92f
0db50
0db97
0dc13
0dce3
0dd2d
0dd60
0de10
0de39
0de46
0de57
0de67
0de89
0de9a
0deb5
0debd
0dec7
0def0
0dfc6
0e09e
0e0d0
0e0fd
0e174
0e1b4
0e1bd
0e1dd
0e30a
0e330
0e345
0e34e
0e3f0
0e4bc
0ea8f
0ebf1
0edb3
0edd4
0ee1a
0ee42
0eef8
0ef5a
0f02f
0f03b
0f2b3
0f331
0f335
0f3b8
0f43a
0f43e
0c798
0c7a0
0c7a8
0c7b9
0c7c4
0ca74
0d6bc
0d6ca
0d6d7
0d6df
0d741
0d748
0d798
0d950
0db6d
0dc24
0dccc
0dd2a
0dd33
0ddb3
0de75
0de80
0dea9
0deb1
0dec0
0ded0
0defd
0df10
0df20
0df2c
0df30
0e019
0e0e3
0e115
0e142
0e1aa
0e1f3
0e1fc
0e21d
0e324
0e36d
0e382
0e392
0e42d
0e59b
0ec23
0ecf8
0ed11
0ede7
0ee50
0ee6f
0ef78
0ef94
0f056
0f05a
0f331
0f347
0f34b
0f442
0f446
0f44a
0c803
0c80a
0c81a
0c826
0c82e
0c937
0d5f6
0d605
0d60d
0d6e9
0d765
0d76c
0d8b7
0dafc
0dbc1
0dc3b
0dcfb
0dd38
0dd41
0de20
0dede
0df07
0df14
0df25
0df35
0df51
0df68
0df83
0df8f
0df95
0dfba
0e0ff
0e153
0e16f
0e18f
0e1ef
0e232
0e23b
0e25b
0e385
0e3b0
0e3c5
0e3ca
0e535
0eaff
0ec62
0ed0b
0ed2e
0ee62
0ee8a
0eecc
0ef9e
0efb7
0efc3
0f2dd
0f359
0f35d
0f3de
0f44e
0f452
0c866
0c86e
0c876
0c887
0c892
0c966
0d618
0d624
0d633
0d63b
0d780
0d78d
0d795
0d8da
0db19
0dc4c
0dc80
0dd3e
0dd47
0ddae
0de87
0df45
0df6e
0df7b
0df89
0df9c
0dfa9
0dfc8
0dfe4
0dfec
0dff7
0e014
0e02e
0e0a0
0e18c
0e20f
0e253
0e27c
0e28a
0e32e
0e3c0
0e3f2
0e3ff
0e407
0e573
0ec8e
0ed22
0ed3c
0ed65
0ee98
0eeb5
0eee4
0ef67
0efdf
0efe3
0f359
0f36f
0f373
0f456
0f45a
0f45e
0c8cb
0c8d2
0c8e2
0c8ee
0c8f6
0c9c1
0d64a
0d659
0d660
0d731
0d7a9
0d7b0
0d8f3
0db26
0dbeb
0dc63
0dd13
0dd4c
0dd55
0dda9
0ddc6
0dddc
0dded
0ddf8
0de15
0defb
0dfcc
0dfda
0dfe2
0dffa
0e000
0e03f
0e067
0e081
0e182
0e26d
0e2b2
0e2bf
0e2d9
0e3e1
0e424
0e439
0e442
0e4d9
0eb70
0ecd0
0ed5f
0ed82
0edf6
0ee07
0eef6
0ef1a
0eff3
0efff
0f289
0f30a
0f30e
0f392
0f462
0f466
0c6ca
0c6d2
0c6da
0c6eb
0c6f6
0c9f0
0d66c
0d678
0d687
0d68f
0d6f9
0d700
0d754
0d916
0db43
0dbfc
0dca6
0dd52
0dd5b
0dda1
0ddb1
0dddb
0dde3
0ddf2
0de02
0de26
0de42
0de52
0de5e
0de62
0df5e
0e030
0e084
0e0ac
0e0c6
0e295
0e2d1
0e2f4
0e302
0e3a8
0e43d
0e466
0e473
0e47b
0e5e7
0ebb1
0ed76
0ed91
0edb9
0ee08
0ee27
0ef2a
0ef46
0f01b
0f01f
0f309
0f31f
0f323
0f46a
0f46e
0f472
0c70d
0c714
0c74f
0c759
0c760
0c880
0c968
0c97d
0c984
0cbd0
0d786
0d790
0d84a
0d9e1
0dc0f
0dc87
0dd28
0dd69
0dd9c
0de0f
0de1c
0de58
0de83
0de8b
0debb
0df4f
0df79
0e056
0e070
0e07a
0e08e
0e0a1
0e0bf
0e0cc
0e174
0e24e
0e273
0e28a
0e2f5
0e330
0e345
0e448
0e498
0e4a4
0e4b5
0e4c1
0e5de
0e6cc
0ee86
0ee9f
0eed0
0eedd
0ef59
0f0e3
0f0e7
0f393
0f3a9
0f414
0f476
0f47a
0c770
0c778
0c790
0c7bb
0c7c4
0c8d6
0c9aa
0c9bd
0c9c6
0c9cd
0d7a0
0d7ad
0d7b4
0d9f5
0dbe9
0dc97
0dd13
0dd66
0dd6f
0de2a
0de7e
0dea6
0dee6
0def7
0deff
0df2c
0dfcb
0dfe0
0e09a
0e0b5
0e0c3
0e0d3
0e0e7
0e104
0e111
0e1b4
0e28d
0e2b2
0e2c9
0e325
0e36d
0e382
0e47f
0e4b7
0e4e2
0e4f2
0e504
0e661
0ec24
0ee06
0eeb9
0eef9
0ef6e
0f04c
0f100
0f289
0f3ba
0f3be
0f47e
0f482
0f486
0c6e4
0c7e8
0c7ef
0c81d
0c827
0c82e
0c9f2
0ca07
0ca0f
0cad4
0d6f6
0d700
0d897
0d971
0dc37
0dcad
0dd3c
0dd74
0dd7d
0ddce
0dde3
0dedd
0def7
0df26
0df56
0df62
0df8d
0e05b
0e0e2
0e100
0e10c
0e11a
0e136
0e14b
0e158
0e2ac
0e2dd
0e2f1
0e318
0e368
0e3aa
0e3c3
0e4d5
0e517
0e52d
0e539
0e5d2
0e740
0edf2
0ee0f
0ef1e
0ef2b
0efa6
0f073
0f077
0f3b9
0f3cf
0f42c
0f48a
0f48e
0c740
0c84b
0c853
0c85e
0c88b
0c892
0ca34
0ca47
0ca50
0ca58
0d712
0d720
0d728
0d986
0db95
0dcbd
0dce3
0dd7a
0dd83
0de2f
0de44
0dee3
0df5a
0df74
0dfa9
0dfbf
0dfc7
0dff5
0e125
0e13f
0e14d
0e15d
0e16d
0e188
0e196
0e1b0
0e1c1
0e1e2
0e30a
0e399
0e3c2
0e3f2
0e404
0e512
0e555
0e56a
0e576
0e60c
0ec90
0ee2b
0ee4e
0eee4
0ef49
0efd5
0f091
0f2b3
0f3e0
0f3e4
0f492
0f496
0f49a
0c7b2
0c8b2
0c8b9
0c8e6
0c8ef
0c8f6
0ca76
0ca8b
0ca92
0cb52
0d73e
0d748
0d7fc
0d9a9
0dc5f
0dcd3
0dd50
0dd88
0dd91
0dda9
0ddb6
0ddbf
0ddef
0de99
0deac
0dfbc
0dfd5
0e011
0e01a
0e036
0e043
0e0f3
0e184
0e190
0e19e
0e1d0
0e1fb
0e214
0e27f
0e3e2
0e427
0e439
0e4d9
0e56e
0e59c
0e5ab
0e5b5
0e718
0ee3e
0ee57
0eef6
0ef67
0ef92
0f0ab
0f0af
0f380
0f384
0f3fc
0f49e
0f4a2
0c6a1
0c6aa
0c6c2
0c6ed
0c6f6
0c80e
0c920
0c933
0c93c
0c944
0d75a
0d769
0d770
0d9be
0dbbf
0dc71
0dcfb
0dd8e
0dd97
0dda1
0ddb2
0ddf0
0de1a
0de22
0de33
0de64
0df06
0df19
0e00d
0e031
0e03d
0e04b
0e065
0e07f
0e089
0e1ef
0e220
0e23f
0e260
0e413
0e43f
0e466
0e478
0e58c
0e5c9
0e5e2
0e5ea
0e686
0ebb2
0ee74
0ee96
0ef2a
0ef8f
0f011
0f0c9
0f2dd
0f394
0f398
0f4a6
0f4aa
0f4ae
0ddef
0ddf9
0dfed
0dff3
0e002
0e042
0e0f0
0e0f4
0e184
0e19a
0e1a0
0e258
0e28d
0e2a2
0eb45
0ebdb
0ebfd
0ec05
0ec0c
0ed3d
0ee93
0eea0
0ef05
0ef0e
0effc
0f0ab
0f182
0f30c
0f381
0f388
0f418
0f463
0f49e
0f4b1
0f4b5
0f4b9
0f4bd
0f4c1
0f4c5
0f4c9
0f4cd
0f4d1
0f4d5
0f4d9
0f4dd
0f4e1
0f4e5
0f4e9
0f4ed
0f4f1
0f4f5
0f4f9
0f4fd
0f501
0f505
0f509
0f50d
0f511
0ddf0
0ddfc
0de07
0de56
0de60
0e02f
0e033
0e049
0e084
0e092
0e137
0e295
0e2a4
0e2ce
0eb78
0eb7c
0ec16
0ec3d
0ec43
0ed62
0ed6e
0eeba
0ef24
0ef2e
0ef37
0f021
0f0cd
0f31e
0f325
0f396
0f422
0f46b
0f4a6
0f4aa
0f4b3
0f516
0f51a
0f51e
0f522
0f526
0f52a
0f52e
0f532
0f536
0f53a
0f53e
0f542
0f546
0f54a
0f54e
0f552
0f556
0f55a
0f55e
0f562
0f566
0f56a
0f56e
0f572
0de59
0de68
0debb
0dec5
0ded3
0e076
0e08c
0e094
0e0cc
0e174
0e178
0e2d6
0e305
0e31a
0ea59
0ec4d
0ec6f
0ec78
0ec7e
0ed92
0ee04
0ee10
0ef53
0ef5c
0f038
0f0e3
0f12e
0f334
0f3a7
0f3ae
0f430
0f43b
0f476
0f516
0f51a
0f577
0f57b
0f57f
0f583
0f587
0f58b
0f58f
0f593
0f597
0f59b
0f59f
0f5a3
0f5a7
0f5ab
0f5af
0f5b3
0f5b7
0f5bb
0f5bf
0f5c3
0f5c7
0f5cb
0f5cf
0debe
0deca
0ded5
0df24
0df2e
0e016
0e01a
0e0bb
0e0d1
0e0d9
0e111
0e1d0
0e1e5
0e30f
0ea92
0ea96
0ec88
0ecaf
0ecb5
0edb5
0edc2
0ee2d
0ef72
0ef7c
0ef85
0f05c
0f104
0f346
0f34d
0f3bc
0f3f2
0f443
0f47e
0f482
0f577
0f5d4
0f5d8
0f5dc
0f5e0
0f5e4
0f5e8
0f5ec
0f5f0
0f5f4
0f5f8
0f5fc
0f600
0f604
0f608
0f60c
0f610
0f614
0f618
0f61c
0f620
0f624
0f628
0f62c
0f630
0df27
0df36
0df8d
0df93
0dfa1
0e05d
0e0fe
0e102
0e118
0e153
0e161
0e1da
0e217
0e224
0eacf
0eba2
0ecd6
0ece6
0ecec
0ede2
0ee4c
0ee58
0efa0
0efa9
0efc0
0f073
0f158
0f35c
0f3cd
0f3d4
0f400
0f44f
0f48a
0f5d4
0f5d8
0f635
0f639
0f63d
0f641
0f645
0f649
0f64d
0f651
0f655
0f659
0f65d
0f661
0f665
0f669
0f66d
0f671
0f675
0f679
0f67d
0f681
0f685
0f689
0f68d
0df89
0df98
0dfa3
0dfec
0dff7
0e0a0
0e0a4
0e145
0e15b
0e163
0e196
0e20f
0e226
0e250
0eb08
0eb0c
0eba0
0ebcb
0ebd1
0ed0e
0ed1a
0ee76
0eed6
0eee0
0eee9
0efe5
0f095
0f36e
0f375
0f3e2
0f40a
0f457
0f492
0f496
0f4b9
0f633
0f637
0f694
0f698
0f69c
0f6a0
0f6a4
0f6a8
0f6ac
0f6b0
0f6b4
0f6b8
0f6bc
0f6c0
0f6c4
0f6c8
0f6cc
0f6d0
0f6d4
0f6d8
0f6dc
0f6e0
0f6e4
0f6e8
0de9e
0df99
0dfa5
0e037
0e044
0e18c
0e191
0e1a4
0e1d2
0e27c
0e280
0e30f
0e3ce
0e3d7
0e405
0ec99
0ec9d
0ed24
0ed3b
0ed42
0ee28
0ee34
0ef7a
0ef83
0efd8
0efe1
0efe9
0f0b1
0f200
0f383
0f3f2
0f457
0f49e
0f4bd
0f4c1
0f4c5
0f4c9
0f4cd
0f5db
0f5df
0f5e3
0f692
0f6ed
0f6f1
0f6f5
0f6f9
0f6fd
0f701
0f705
0f709
0f70d
0f711
0f715
0f719
0f71d
0f721
0f725
0f729
0df03
0df07
0dfff
0e039
0e03e
0e053
0e07f
0e089
0e1d8
0e1e7
0e219
0e2bb
0e2bf
0e40d
0e43c
0e451
0ecd0
0ed4c
0ed5f
0ed6a
0ed70
0ee52
0ef98
0efa2
0efab
0effc
0f005
0f0c7
0f158
0f394
0f39b
0f400
0f4a6
0f4aa
0f51c
0f520
0f524
0f528
0f52c
0f63a
0f63e
0f642
0f6eb
0f6ef
0f730
0f734
0f738
0f73c
0f740
0f744
0f748
0f74c
0f750
0f754
0f758
0f75c
0f760
0f764
0f768
0de02
0df6a
0df6e
0e07c
0e090
0e0bf
0e0c6
0e0db
0e211
0e24e
0e265
0e2f6
0e448
0e453
0e479
0ebb5
0ebb9
0ed78
0ed90
0ed96
0ee70
0ee7c
0eede
0eee7
0f014
0f01d
0f025
0f0e9
0f1ac
0f3a9
0f40a
0f46b
0f476
0f52f
0f57d
0f581
0f585
0f589
0f693
0f697
0f69b
0f69f
0f730
0f76b
0f76f
0f773
0f777
0f77b
0f77f
0f783
0f787
0f78b
0f78f
0f793
0f797
0f79b
0f79f
0f7a3
0de65
0de70
0dfcd
0e0c3
0e0c8
0e0dd
0e106
0e113
0e1b4
0e1b8
0e258
0e28d
0e2a2
0e34e
0e47f
0e48a
0ebf0
0eda0
0edb3
0edbe
0edc4
0ee9a
0eefd
0ef07
0ef10
0f038
0f041
0f0fe
0f182
0f3ba
0f3c1
0f418
0f47e
0f482
0f4d4
0f4d8
0f4dc
0f5e6
0f5ea
0f5ee
0f5f2
0f5f6
0f76b
0f76f
0f7aa
0f7ae
0f7b2
0f7b6
0f7ba
0f7be
0f7c2
0f7c6
0f7ca
0f7ce
0f7d2
0f7d6
0f7da
0f7de
0f7e2
0ddd0
0decc
0ded7
0e10a
0e11a
0e149
0e152
0e165
0e1f5
0e295
0e2a4
0e2ce
0e354
0e35f
0e392
0ec27
0ec2b
0ecfa
0ede0
0ede6
0eeb3
0eec0
0ef2c
0ef35
0f04f
0f058
0f060
0f079
0f1d6
0f3cf
0f422
0f443
0f48a
0f531
0f535
0f539
0f5f9
0f647
0f64b
0f64f
0f653
0f657
0f7aa
0f7e5
0f7e9
0f7ed
0f7f1
0f7f5
0f7f9
0f7fd
0f801
0f805
0f809
0f80d
0f811
0f815
0f819
0f81d
0de35
0de39
0df37
0e14d
0e151
0e167
0e18a
0e198
0e232
0e236
0e2d6
0e305
0e31a
0e38d
0e3bf
0e3d9
0ec62
0ecf4
0ed0b
0ed16
0ed1c
0ee0a
0ef4b
0ef55
0ef5e
0efc0
0efc9
0f08f
0f12e
0f3e0
0f3e7
0f430
0f492
0f496
0f592
0f596
0f59a
0f6a0
0f6a4
0f6a8
0f6ac
0f6b0
0f6f1
0f6f5
0f7e7
0f822
0f826
0f82a
0f82e
0f832
0f836
0f83a
0f83e
0f842
0f846
0f84a
0f84e
0f852
0f856
0de4a
0de65
0de70
0e0b3
0e15b
0e163
0e1cf
0e1df
0e30a
0e311
0e31e
0e34e
0e3f0
0e3f4
0e481
0e533
0e545
0e576
0ee18
0ee25
0ee2f
0ee36
0ef7a
0ef83
0f032
0f03b
0f043
0f08f
0f097
0f143
0f27e
0f3f4
0f492
0f58e
0f5dc
0f5e0
0f5e4
0f5fd
0f6a0
0f6f8
0f7ad
0f7b1
0f7b5
0f859
0f85d
0f861
0f865
0f869
0f86d
0f871
0f875
0f879
0f87d
0f881
0f885
0f889
0f88d
0f891
0deaf
0deb3
0ded0
0e0f6
0e0fa
0e19c
0e1d5
0e1dc
0e1eb
0e216
0e21e
0e354
0e35f
0e392
0e42d
0e431
0e57c
0e5b0
0e5bf
0ee3e
0ee50
0ee56
0ef98
0efa2
0efab
0f055
0f05e
0f0a5
0f0ae
0f0b5
0f1d6
0f3fe
0f443
0f4a1
0f5fa
0f63b
0f63f
0f643
0f65c
0f733
0f737
0f7ec
0f7f0
0f7f4
0f85b
0f896
0f89a
0f89e
0f8a2
0f8a6
0f8aa
0f8ae
0f8b2
0f8b6
0f8ba
0f8be
0f8c2
0f8c6
0f8ca
0df18
0df33
0df3e
0e049
0e13b
0e13f
0e20e
0e21f
0e24b
0e252
0e267
0e38d
0e3bf
0e3d9
0e466
0e5a7
0e5c1
0e5ea
0ee60
0ee6d
0ee78
0ee7e
0eede
0eee7
0efba
0efc3
0efcb
0f0c7
0f0cf
0f16d
0f22a
0f40c
0f4a6
0f51c
0f694
0f698
0f69c
0f6b3
0f6b7
0f772
0f821
0f825
0f829
0f896
0f89a
0f8cf
0f8d3
0f8d7
0f8db
0f8df
0f8e3
0f8e7
0f8eb
0f8ef
0f8f3
0f8f7
0f8fb
0f8ff
0df7d
0df81
0df9e
0e08c
0e094
0e17c
0e253
0e25a
0e269
0e28c
0e29c
0e32e
0e332
0e3d0
0e3ff
0e414
0e4bf
0e5e0
0e5f8
0ee86
0ee98
0ee9e
0eefd
0ef07
0ef10
0efde
0efe7
0f0dd
0f0e6
0f0ed
0f200
0f416
0f457
0f479
0f4d4
0f4d8
0f4dc
0f4e0
0f57a
0f6fc
0f700
0f704
0f7b9
0f7bd
0f8cf
0f904
0f908
0f90c
0f910
0f914
0f918
0f91c
0f920
0f924
0f928
0f92c
0f930
0f934
0f938
0dfe0
0dffa
0e006
0e029
0e0d1
0e0d9
0e294
0e29d
0e2c9
0e2d0
0e2e5
0e36d
0e40b
0e416
0e442
0e4b9
0e4cd
0e502
0edf4
0eeaa
0eebc
0eec2
0ef2c
0ef35
0eff6
0efff
0f007
0f0fe
0f106
0f119
0f254
0f424
0f47e
0f4d0
0f533
0f537
0f53b
0f53f
0f5e6
0f73b
0f73f
0f743
0f7f8
0f904
0f908
0f93d
0f941
0f945
0f949
0f94d
0f951
0f955
0f959
0f95d
0f961
0f965
0f969
0f96d
0dde1
0dde5
0de02
0e06c
0e070
0e118
0e2d1
0e2d8
0e2e7
0e304
0e314
0e3a8
0e3ac
0e44a
0e473
0e488
0e4fd
0e535
0e547
0edf2
0ee08
0ee0e
0ef4b
0ef55
0ef5e
0f01a
0f023
0f06d
0f076
0f07d
0f1ac
0f42e
0f46b
0f48d
0f590
0f594
0f598
0f59c
0f5a0
0f776
0f77a
0f77e
0f82d
0f831
0f861
0f93b
0f93f
0f974
0f978
0f97c
0f980
0f984
0f988
0f98c
0f990
0f994
0f998
0f99c
0f9a0
0de11
0de59
0de68
0e074
0e078
0e08e
0e243
0e247
0e2d6
0e345
0e34d
0e361
0e47d
0e485
0e4bc
0e4cb
0e560
0e5e0
0e5f8
0e6ad
0e6db
0e6f0
0ef4e
0f032
0f03b
0f043
0f0e3
0f0eb
0f128
0f131
0f1c2
0f2fd
0f474
0f516
0f58e
0f7ae
0f7b2
0f7b6
0f7c0
0f864
0f868
0f90b
0f90f
0f913
0f9a5
0f9a9
0f9ad
0f9b1
0f9b5
0f9b9
0f9bd
0f9c1
0f9c5
0f9c9
0f9cd
0f9d1
0f9d5
0f9d9
0de76
0debe
0deca
0ded5
0e0bb
0e0d1
0e0d9
0e284
0e30d
0e31c
0e352
0e35a
0e382
0e391
0e39e
0e4c5
0e4f9
0e508
0e59d
0e6e3
0e6f2
0e71a
0ef72
0ef83
0f055
0f05e
0f0f8
0f101
0f108
0f143
0f148
0f255
0f443
0f483
0f5da
0f5fa
0f7ed
0f7f1
0f7fb
0f7ff
0f89d
0f940
0f944
0f948
0f9a3
0f9a7
0f9e0
0f9e4
0f9e8
0f9ec
0f9f0
0f9f4
0f9f8
0f9fc
0fa00
0fa04
0fa08
0fa0c
0fa10
0dedf
0df27
0df36
0e0fe
0e102
0e118
0e1d8
0e1e7
0e2c3
0e385
0e38e
0e3a0
0e3c5
0e3cb
0e4f6
0e50a
0e539
0e5d2
0e5d6
0e727
0e751
0e764
0ef9b
0efba
0efc3
0efcb
0f073
0f07b
0f152
0f15b
0f1ec
0f2a9
0f488
0f5d4
0f646
0f822
0f826
0f82a
0f834
0f8d2
0f8d6
0f973
0f977
0f97b
0f9e0
0fa13
0fa17
0fa1b
0fa1f
0fa23
0fa27
0fa2b
0fa2f
0fa33
0fa37
0fa3b
0fa3f
0fa43
0df44
0df89
0df98
0dfa3
0e145
0e15b
0e163
0e211
0e2fa
0e2fe
0e3cc
0e3d4
0e3fc
0e404
0e418
0e49e
0e533
0e545
0e576
0e624
0e639
0e75e
0eed6
0eee7
0efde
0efe7
0f089
0f092
0f099
0f16d
0f172
0f27f
0f457
0f497
0f692
0f6a1
0f6ff
0f703
0f707
0f70b
0f86c
0f870
0f874
0f917
0fa13
0fa17
0fa4a
0fa4e
0fa52
0fa56
0fa5a
0fa5e
0fa62
0fa66
0fa6a
0fa6e
0fa72
0fa76
0fa7a
0ddaa
0dfef
0dffe
0e182
0e186
0e19c
0e1c5
0e1c9
0e258
0e400
0e40e
0e41a
0e43b
0e445
0e4d9
0e4dd
0e57c
0e5b0
0e5bf
0e633
0e661
0e676
0ef00
0eff6
0efff
0f007
0f0ab
0f0b3
0f17c
0f185
0f198
0f2d3
0f49c
0f4b7
0f4d0
0f73a
0f73e
0f742
0f746
0f8a1
0f8a5
0f8a9
0f94c
0f950
0fa4a
0fa7d
0fa81
0fa85
0fa89
0fa8d
0fa91
0fa95
0fa99
0fa9d
0faa1
0faa5
0faa9
0faad
0dda2
0ddf0
0ddfc
0de07
0e031
0e047
0e04f
0e206
0e295
0e2a4
0e446
0e44e
0e470
0e478
0e48e
0e518
0e5a7
0e5c1
0e5ea
0e669
0e678
0e6a0
0ef24
0ef35
0f01a
0f023
0f0c1
0f0ca
0f0d1
0f119
0f11e
0f22b
0f46b
0f4ab
0f51c
0f531
0f779
0f77d
0f781
0f785
0f8da
0f8de
0f8e2
0f97f
0f9a9
0f9ad
0fa7f
0fab2
0fab6
0faba
0fabe
0fac2
0fac6
0faca
0face
0fad2
0fad6
0fada
0fade
0df6c
0e057
0e07a
0e083
0e098
0e211
0e3b9
0e3bd
0e44a
0e4b3
0e4bb
0e4cf
0e5ee
0e5f4
0e624
0e639
0e6ce
0e756
0e766
0e81b
0e846
0e85e
0eed9
0f014
0f024
0f0e3
0f0eb
0f167
0f170
0f1a7
0f1b0
0f2bd
0f474
0f57b
0f72e
0f90a
0f90e
0f912
0f91c
0f9ae
0f9b2
0fa4f
0fa53
0fa57
0fae3
0fae7
0faeb
0faef
0faf3
0faf7
0fafb
0faff
0fb03
0fb07
0fb0b
0fb0f
0fb13
0fb17
0dfcb
0dfcf
0e09e
0e0c5
0e0d5
0e256
0e263
0e3f8
0e47f
0e48a
0e4c3
0e4c9
0e4f0
0e4f8
0e50c
0e633
0e661
0e676
0e70b
0e852
0e860
0e888
0eefd
0ef0e
0f035
0f0f8
0f101
0f108
0f182
0f187
0f1c3
0f254
0f313
0f483
0f5e7
0f7ae
0f943
0f947
0f951
0f955
0f9e5
0fa82
0fa86
0fa8a
0fae1
0fae5
0fb1e
0fb22
0fb26
0fb2a
0fb2e
0fb32
0fb36
0fb3a
0fb3e
0fb42
0fb46
0fb4a
0fb4e
0ddd0
0e0e1
0e108
0e10d
0e122
0e297
0e354
0e35f
0e435
0e4f4
0e4ff
0e50e
0e52f
0e53b
0e669
0e678
0e6a0
0e740
0e744
0e895
0e8ba
0e8d2
0ef27
0f04f
0f05f
0f073
0f07b
0f113
0f11c
0f1d1
0f1da
0f2e7
0f488
0f531
0f7a8
0f972
0f976
0f97a
0f984
0fa18
0fa1c
0fab3
0fab7
0fabb
0fb1e
0fb51
0fb55
0fb59
0fb5d
0fb61
0fb65
0fb69
0fb6d
0fb71
0fb75
0fb79
0fb7d
0fb81
0de35
0de39
0e128
0e14f
0e15f
0e2d4
0e2e3
0e38d
0e46a
0e46e
0e53d
0e543
0e56a
0e572
0e586
0e60c
0e6a6
0e6b3
0e6dd
0e78f
0e7a7
0e8cc
0ef4b
0ef5c
0efbd
0f089
0f092
0f099
0f12e
0f133
0f1ed
0f27e
0f33b
0f497
0f6a1
0f822
0f86d
0f871
0f875
0f879
0f9b6
0f9ba
0f9be
0fa5b
0fb51
0fb55
0fb88
0fb8c
0fb90
0fb94
0fb98
0fb9c
0fba0
0fba4
0fba8
0fbac
0fbb0
0fbb4
0fbb8
0de9e
0e012
0e18c
0e191
0e1a4
0e30f
0e33f
0e343
0e3d0
0e56e
0e57e
0e588
0e5ab
0e5b5
0e647
0e64b
0e6ea
0e718
0e72d
0e7a1
0e7cc
0e7e4
0ef75
0efd8
0efe8
0f0ab
0f0b3
0f13d
0f146
0f1fb
0f204
0f293
0f49c
0f4bd
0f6f1
0f8a2
0f8a6
0f8aa
0f8ae
0f9e9
0f9ed
0f9f1
0fa8e
0fa92
0fb88
0fbbb
0fbbf
0fbc3
0fbc7
0fbcb
0fbcf
0fbd3
0fbd7
0fbdb
0fbdf
0fbe3
0fbe7
0fbeb
0df03
0df07
0e00e
0e03b
0e04b
0e1d8
0e1e7
0e37e
0e40b
0e416
0e5b7
0e5bd
0e5e2
0e5e6
0e5fc
0e686
0e71f
0e72f
0e753
0e7d8
0e7e6
0e80e
0ef98
0efa9
0eff9
0f0c1
0f0ca
0f0d1
0f158
0f15d
0f199
0f22a
0f363
0f4ab
0f63a
0f73a
0f8db
0f8df
0f8e3
0f8e7
0fa20
0fa24
0fa28
0fabf
0fae7
0faeb
0fbbd
0fbf0
0fbf4
0fbf8
0fbfc
0fc00
0fc04
0fc08
0fc0c
0fc10
0fc14
0fc18
0fc1c
0e13d
0e1ef
0e20c
0e213
0e22a
0e38d
0e527
0e52b
0e5b9
0e621
0e628
0e63d
0e75c
0e762
0e78f
0e7a7
0e83c
0e8c5
0e8d4
0e983
0e9ac
0e9c4
0eed9
0efba
0efca
0f0c4
0f167
0f170
0f1e6
0f1ef
0f22a
0f22f
0f33c
0f695
0f896
0fa4e
0fa52
0fa56
0fa60
0faec
0faf0
0fb8d
0fb91
0fb95
0fc21
0fc25
0fc29
0fc2d
0fc31
0fc35
0fc39
0fc3d
0fc41
0fc45
0fc49
0fc4d
0fc51
0fc55
0e17a
0e17e
0e230
0e255
0e25e
0e3ce
0e3d7
0e566
0e5e0
0e5f8
0e631
0e637
0e65e
0e665
0e67a
0e7a1
0e7cc
0e7e4
0e879
0e9b8
0e9c6
0e9ec
0eefd
0ef0e
0efdb
0f0dd
0f0ec
0f182
0f187
0f202
0f239
0f242
0f2d3
0f38b
0f6fd
0f90a
0fa85
0fa89
0fa93
0fa97
0fb23
0fbc0
0fbc4
0fbc8
0fc1f
0fc23
0fc5c
0fc60
0fc64
0fc68
0fc6c
0fc70
0fc74
0fc78
0fc7c
0fc80
0fc84
0fc88
0fc8c
0e029
0e26d
0e292
0e299
0e2a8
0e40d
0e4b9
0e4cd
0e5a3
0e666
0e671
0e67c
0e69d
0e6a9
0e7d8
0e7e6
0e80e
0e8ae
0e8b2
0e9f9
0ea1c
0ea34
0ef27
0eff6
0f006
0f0fb
0f113
0f11c
0f192
0f19b
0f254
0f259
0f364
0f531
0f904
0fab2
0fab6
0faba
0fac4
0fb56
0fb5a
0fbf1
0fbf5
0fbf9
0fc5c
0fc8f
0fc93
0fc97
0fc9b
0fc9f
0fca3
0fca7
0fcab
0fcaf
0fcb3
0fcb7
0fcbb
0fcbf
0e06c
0e070
0e2ae
0e2d3
0e2db
0e448
0e453
0e4fd
0e5d8
0e5dc
0e6ab
0e6b1
0e6d8
0e6df
0e6f4
0e77a
0e815
0e821
0e84b
0e8fb
0e913
0ea2e
0ef4b
0ef5c
0f017
0f06d
0f07c
0f12e
0f133
0f1ae
0f263
0f26c
0f2fd
0f3b1
0f777
0f973
0f9b7
0f9bb
0f9bf
0f9c3
0faf4
0faf8
0fafc
0fb99
0fc8f
0fc93
0fcc6
0fcca
0fcce
0fcd2
0fcd6
0fcda
0fcde
0fce2
0fce6
0fcea
0fcee
0fcf2
0fcf6
0e0b3
0e1b0
0e30a
0e311
0e31e
0e481
0e4ad
0e4b1
0e53f
0e6e0
0e6ec
0e6f6
0e717
0e722
0e7b5
0e7b9
0e858
0e883
0e89b
0e90d
0e936
0e94e
0ef75
0f032
0f042
0f08c
0f13d
0f146
0f1bc
0f1c5
0f27e
0f283
0f314
0f5da
0f85f
0f9ea
0f9ee
0f9f2
0f9f6
0fb27
0fb2b
0fb2f
0fbcc
0fbd0
0fcc6
0fcf9
0fcfd
0fd01
0fd05
0fd09
0fd0d
0fd11
0fd15
0fd19
0fd1d
0fd21
0fd25
0fd29
0e0f6
0e0fa
0e1ac
0e1d7
0e1e0
0e354
0e35f
0e4ec
0e570
0e584
0e725
0e72b
0e74e
0e755
0e76a
0e7f4
0e88e
0e89d
0e8c1
0e942
0e950
0e976
0ef98
0efa9
0f052
0f0a5
0f0b4
0f158
0f15d
0f1d8
0f20f
0f218
0f2a9
0f3d7
0f7eb
0f8a2
0fa21
0fa25
0fa29
0fa2d
0fb5e
0fb62
0fb66
0fbfd
0fc25
0fc29
0fcfb
0fd2e
0fd32
0fd36
0fd3a
0fd3e
0fd42
0fd46
0fd4a
0fd4e
0fd52
0fd56
0fd5a
0e2c3
0e367
0e385
0e38e
0e3a0
0e4fd
0e695
0e699
0e727
0e791
0e797
0e7ab
0e8ca
0e8d0
0e8fb
0e913
0e9a2
0ea27
0ea36
0eae5
0eb0e
0eb26
0efbd
0f06d
0f07c
0f155
0f1e5
0f1ee
0f264
0f26d
0f2a8
0f2ad
0f3b1
0f822
0f9de
0fb8c
0fb90
0fb94
0fb9e
0fc2a
0fc2e
0fccb
0fccf
0fcd3
0fd5f
0fd63
0fd67
0fd6b
0fd6f
0fd73
0fd77
0fd7b
0fd7f
0fd83
0fd87
0fd8b
0fd8f
0fd93
0e2fa
0e2fe
0e3a6
0e3cc
0e3d4
0e533
0e545
0e6d4
0e756
0e766
0e79f
0e7a5
0e7ce
0e7d4
0e7e8
0e90d
0e936
0e94e
0e9dd
0eb1a
0eb28
0eb4e
0efd8
0efe8
0f08c
0f167
0f170
0f200
0f205
0f280
0f2b7
0f2c0
0f350
0f3f6
0f86b
0fa4f
0fbc3
0fbc7
0fbd1
0fbd5
0fc61
0fcfe
0fd02
0fd06
0fd5d
0fd61
0fd9a
0fd9e
0fda2
0fda6
0fdaa
0fdae
0fdb2
0fdb6
0fdba
0fdbe
0fdc2
0fdc6
0fdca
0e1c7
0e3e1
0e400
0e40e
0e41a
0e57c
0e62c
0e63b
0e711
0e7d5
0e7df
0e7ea
0e80d
0e817
0e942
0e950
0e976
0ea10
0ea14
0eb5b
0eb7e
0eb96
0eff9
0f0a5
0f0b4
0f17f
0f191
0f19a
0f210
0f219
0f2d2
0f2d7
0f3d7
0f73a
0fa48
0fbf0
0fbf4
0fbf8
0fc02
0fc94
0fc98
0fd2f
0fd33
0fd37
0fd9a
0fdcd
0fdd1
0fdd5
0fdd9
0fddd
0fde1
0fde5
0fde9
0fded
0fdf1
0fdf5
0fdf9
0fdfd
0e204
0e208
0e420
0e446
0e44e
0e5a7
0e5c1
0e66f
0e746
0e74a
0e819
0e81f
0e848
0e84e
0e862
0e8e8
0e97d
0e989
0e9b1
0ea5d
0ea75
0eb90
0f014
0f024
0f0c4
0f113
0f11c
0f1ac
0f1b1
0f22c
0f2e1
0f2ea
0f378
0f40e
0f8d9
0fab3
0faf5
0faf9
0fafd
0fb01
0fc32
0fc36
0fc3a
0fcd7
0fdcd
0fdd1
0fe04
0fe08
0fe0c
0fe10
0fe14
0fe18
0fe1c
0fe20
0fe24
0fe28
0fe2c
0fe30
0fe34
0e245
0e32a
0e474
0e482
0e48c
0e5f0
0e61b
0e61f
0e6ad
0e84f
0e85a
0e864
0e887
0e891
0e921
0e925
0e9be
0e9e7
0e9ff
0ea6f
0ea98
0eab0
0f035
0f0dd
0f0ec
0f12b
0f1bb
0f1c4
0f23a
0f243
0f2fc
0f301
0f38b
0f7ae
0f9a9
0fb28
0fb2c
0fb30
0fb34
0fc65
0fc69
0fc6d
0fd0a
0fd0e
0fe04
0fe37
0fe3b
0fe3f
0fe43
0fe47
0fe4b
0fe4f
0fe53
0fe57
0fe5b
0fe5f
0fe63
0fe67
0e282
0e286
0e326
0e352
0e35a
0e4b9
0e4cd
0e65a
0e6e3
0e6f2
0e893
0e899
0e8be
0e8c4
0e8d8
0e95e
0e9f2
0ea01
0ea23
0eaa4
0eab2
0ead8
0f04f
0f05f
0f0fb
0f13d
0f146
0f1d6
0f1db
0f256
0f28d
0f296
0f328
0f426
0f941
0f9eb
0fb5f
0fb63
0fb67
0fb6b
0fc9c
0fca0
0fca4
0fd3b
0fd63
0fd67
0fe39
0fe6c
0fe70
0fe74
0fe78
0fe7c
0fe80
0fe84
0fe88
0fe8c
0fe90
0fe94
0fe98
0e435
0e4d5
0e4f4
0e4ff
0e50e
0e66f
0e803
0e807
0e895
0e8fd
0e903
0e917
0ea2c
0ea32
0ea5d
0ea75
0eb04
0eb89
0eb98
0ec41
0ec66
0ec80
0f070
0f113
0f11c
0f1d3
0f263
0f26c
0f2e2
0f2eb
0f324
0f32a
0f40e
0f544
0fab3
0fb5d
0fccc
0fcd0
0fcda
0fcde
0fd6a
0fe07
0fe0b
0fe0f
0fe9b
0fe9f
0fea3
0fea7
0feab
0feaf
0feb3
0feb7
0febb
0febf
0fec3
0fec7
0fecb
0fecf
0e46a
0e46e
0e514
0e53d
0e543
0e6a6
0e6b3
0e842
0e8c5
0e8d4
0e90b
0e911
0e938
0e93e
0e952
0ea6f
0ea98
0eab0
0eb3f
0ec72
0ec82
0eca4
0f089
0f098
0f12b
0f1e5
0f1ee
0f27e
0f283
0f2fe
0f332
0f33b
0f3c4
0f43e
0f86b
0fb51
0fcff
0fd03
0fd07
0fd11
0fd9d
0fda1
0fe3e
0fe42
0fe46
0fe9d
0fed4
0fed8
0fedc
0fee0
0fee4
0fee8
0feec
0fef0
0fef4
0fef8
0fefc
0ff00
0ff04
0e341
0e54f
0e56e
0e57e
0e588
0e6ea
0e79b
0e7a9
0e87f
0e93f
0e949
0e954
0e975
0e97f
0eaa4
0eab2
0ead8
0eb72
0eb76
0ecb3
0ecd4
0ecee
0f0a8
0f13d
0f146
0f1fd
0f20f
0f218
0f28e
0f297
0f34c
0f352
0f426
0f602
0f9eb
0fbc1
0fd30
0fd34
0fd3e
0fd42
0fdd4
0fe6b
0fe6f
0fe73
0fed4
0fed8
0ff09
0ff0d
0ff11
0ff15
0ff19
0ff1d
0ff21
0ff25
0ff29
0ff2d
0ff31
0ff35
0e37c
0e380
0e58e
0e5b7
0e5bd
0e71f
0e72f
0e7dd
0e8b4
0e8b8
0e981
0e987
0e9ae
0e9b4
0e9c8
0ea4a
0eadf
0eaeb
0eb13
0ebbb
0ebd5
0ece8
0f0c1
0f0d0
0f155
0f191
0f19a
0f22a
0f22f
0f2aa
0f35a
0f363
0f3ea
0f452
0f8d9
0fbbb
0fc31
0fc35
0fc39
0fc3d
0fd6e
0fd72
0fd76
0fe13
0fe17
0ff09
0ff3a
0ff3e
0ff42
0ff46
0ff4a
0ff4e
0ff52
0ff56
0ff5a
0ff5e
0ff62
0ff66
0ff6a
0e3bb
0e498
0e5de
0e5f2
0e5fa
0e75e
0e789
0e78d
0e81b
0e9b5
0e9c0
0e9ca
0e9eb
0e9f5
0ea83
0ea87
0eb20
0eb49
0eb61
0ebcf
0ebf4
0ec0e
0f0e0
0f167
0f170
0f1a9
0f239
0f242
0f2b8
0f2c1
0f374
0f37a
0f3f6
0f6ba
0fa4f
0faf3
0fc68
0fc6c
0fc70
0fc74
0fda5
0fda9
0fdad
0fe4a
0ff3a
0ff3e
0ff6f
0ff73
0ff77
0ff7b
0ff7f
0ff83
0ff87
0ff8b
0ff8f
0ff93
0ff97
0ff9b
0e3f6
0e3fa
0e494
0e4c3
0e4c9
0e62c
0e63b
0e7c8
0e852
0e860
0e9f7
0e9fd
0ea20
0ea26
0ea3a
0eac0
0eb54
0eb63
0eb85
0ec00
0ec10
0ec32
0f0f8
0f107
0f17f
0f1bb
0f1c4
0f254
0f259
0f2d4
0f30a
0f313
0f39e
0f466
0f941
0fae1
0fc9b
0fc9f
0fca3
0fca7
0fdd8
0fddc
0fde0
0fe77
0fe7b
0fea3
0ff6d
0ff71
0ffa2
0ffa6
0ffaa
0ffae
0ffb2
0ffb6
0ffba
0ffbe
0ffc2
0ffc6
0ffca
0e5a3
0e643
0e666
0e671
0e67c
0e7dd
0e96b
0e96f
0e9f9
0ea5f
0ea65
0ea79
0eb8e
0eb94
0ebbb
0ebd5
0ec5c
0ecdf
0ecf0
0ed68
0ed80
0ed9c
0f116
0f191
0f19a
0f251
0f2e1
0f2ea
0f35d
0f365
0f39a
0f3a0
0f452
0f51e
0fab3
0fc5a
0fe08
0fe0c
0fe10
0fe1a
0fea6
0feaa
0ff41
0ff45
0ffcd
0ffd1
0ffd5
0ffd9
0ffdd
0ffe1
0ffe5
0ffe9
0ffed
0fff1
0fff5
0fff9
0fffd
10001
0e5d8
0e5dc
0e682
0e6ab
0e6b1
0e815
0e821
0e9a8
0ea27
0ea36
0ea6d
0ea73
0ea9a
0eaa0
0eab4
0ebcf
0ebf4
0ec0e
0ec95
0ed8c
0ed98
0edaf
0f128
0f131
0f1a9
0f263
0f26c
0f2fc
0f301
0f375
0f3a7
0f3b0
0f41a
0f47a
0f6ba
0faf3
0fccb
0fe3f
0fe43
0fe4d
0fe51
0fedb
0ff72
0ff76
0ff7a
0ffcf
10006
1000a
1000e
10012
10016
1001a
1001e
10022
10026
1002a
1002e
10032
10036
0e4af
0e6bd
0e6e0
0e6ec
0e6f6
0e858
0e907
0e915
0e9e3
0eaa1
0eaab
0eab6
0ead7
0eae1
0ec00
0ec10
0ec32
0ecc8
0eccc
0edbc
0edd0
0edec
0f140
0f1bb
0f1c4
0f27b
0f28d
0f296
0f30d
0f315
0f3c0
0f3c6
0f466
0f4e5
0f9eb
0fcc4
0fe6c
0fe70
0fe74
0fe7e
0ff0c
0ff10
0ffa1
0ffa5
10006
1000a
1003b
1003f
10043
10047
1004b
1004f
10053
10057
1005b
1005f
10063
10067
0e4ea
0e4ee
0e6fc
0e725
0e72b
0e88e
0e89d
0e947
0ea16
0ea1a
0eae3
0eae9
0eb10
0eb16
0eb2a
0eba8
0ec39
0ec47
0ec6b
0ed02
0ed1e
0ede2
0f152
0f15b
0f1d3
0f20f
0f218
0f2a8
0f2ad
0f325
0f3cd
0f3d6
0f432
0f48e
0f648
0fb5d
0fd2f
0fd71
0fd75
0fd79
0fd7d
0feae
0feb2
0ff49
0ff4d
1003b
1006c
10070
10074
10078
1007c
10080
10084
10088
1008c
10090
10094
10098
1009c
0e529
0e606
0e74c
0e760
0e768
0e8cc
0e8f5
0e8f9
0e983
0eb17
0eb22
0eb2c
0eb4d
0eb57
0ebdf
0ebe3
0ec7a
0ec9f
0ecb9
0ed14
0ed2c
0ed48
0f16a
0f1e5
0f1ee
0f227
0f2b7
0f2c0
0f335
0f33d
0f3e6
0f3ec
0f43e
0f5a3
0fa4f
0fc25
0fda4
0fda8
0fdac
0fdb0
0fedf
0fee3
0fee7
0ff7e
1006c
10070
100a1
100a5
100a9
100ad
100b1
100b5
100b9
100bd
100c1
100c5
100c9
100cd
0e564
0e568
0e602
0e631
0e637
0e79b
0e7a9
0e932
0e9b8
0e9c6
0eb59
0eb5f
0eb82
0eb88
0eb9c
0ec1a
0ecaa
0ecbb
0ecdb
0ed38
0ed44
0ed5b
0f17c
0f185
0f1fd
0f239
0f242
0f2d2
0f2d7
0f34d
0f381
0f38a
0f402
0f4a2
0f602
0fbc1
0fc67
0fddb
0fddf
0fde3
0fde7
0ff14
0ff18
0ffa9
0ffad
0ffd5
1009f
100a3
100d4
100d8
100dc
100e0
100e4
100e8
100ec
100f0
100f4
100f8
100fc
0e711
0e7b1
0e7d5
0e7df
0e7ea
0e947
0eacd
0ead1
0eb5b
0ebbd
0ebc3
0ebd9
0ece4
0ecea
0ed02
0ed1e
0ed7c
0eddb
0ede8
0ee52
0ee64
0ee80
0efaa
0f194
0f20f
0f218
0f2cf
0f35a
0f363
0f3d0
0f3d8
0f401
0f452
0f63c
0f661
0f6bc
0fd2f
0fdd9
0ff42
0ff46
0ff50
0ffd8
0ffdc
10073
10077
100ff
10103
10107
1010b
1010f
10113
10117
1011b
1011f
10123
10127
1012b
1012f
0e746
0e74a
0e7f0
0e819
0e81f
0e97d
0e989
0eb0a
0eb89
0eb98
0ebcb
0ebd1
0ebf6
0ebfc
0ec12
0ed14
0ed2c
0ed48
0eda6
0ee70
0ee7c
0ee8d
0eede
0f1a6
0f1af
0f227
0f2e1
0f2ea
0f374
0f37a
0f3e7
0f40a
0f410
0f498
0f697
0f6ba
0faf3
0fdcd
0ff73
0ff77
0ff81
0ff85
1000d
100a4
100a8
100ac
10101
10136
1013a
1013e
10142
10146
1014a
1014e
10152
10156
1015a
1015e
10162
0e61d
0e82b
0e84f
0e85a
0e864
0e9be
0ea69
0ea77
0eb45
0ebfd
0ec05
0ec0c
0ec31
0ec3b
0ed38
0ed44
0ed5b
0edca
0edce
0ee9a
0eea8
0eec4
0ef0f
0f1be
0f239
0f242
0f2f9
0f30a
0f313
0f384
0f38c
0f419
0f466
0f4bf
0f4e5
0f546
0fc67
0fe3d
0ffa2
0ffa6
0ffb0
1003e
10042
100d3
100d7
10134
10165
10169
1016d
10171
10175
10179
1017d
10181
10185
10189
1018d
10191
0e658
0e65c
0e86a
0e893
0e899
0e9f2
0ea01
0eaa9
0eb78
0eb7c
0ec3d
0ec43
0ec68
0ec6e
0ec84
0ecfe
0ed62
0ed6e
0ed85
0edf8
0ee14
0eeba
0ef2c
0f1d0
0f1d9
0f251
0f28d
0f296
0f324
0f32a
0f39b
0f422
0f428
0f4ac
0f533
0f546
0fb5d
0fe37
0fead
0feb1
0feb5
0feb9
0ffe0
0ffe4
1007b
1007f
10167
10198
1019c
101a0
101a4
101a8
101ac
101b0
101b4
101b8
101bc
101c0
101c4
0e697
0e774
0e8bc
0e8ce
0e8d6
0ea2e
0ea57
0ea5b
0eae5
0ec6f
0ec78
0ec7e
0eca3
0ecad
0ed26
0ed2a
0ed92
0edaa
0edc6
0ee0a
0ee1c
0ee38
0ef5d
0f1e8
0f263
0f26c
0f2a5
0f332
0f33b
0f3aa
0f3b2
0f431
0f43e
0f57d
0f5a3
0f604
0fccb
0fd6f
0fee2
0fee6
0feea
10011
10015
10019
100b0
10196
101c7
101cb
101cf
101d3
101d7
101db
101df
101e3
101e7
101eb
101ef
101f3
0e6d2
0e6d6
0e770
0e79f
0e7a5
0e907
0e915
0ea94
0eb1a
0eb28
0ecaf
0ecb5
0ecd8
0ecde
0ecf2
0ed52
0edb5
0edc2
0edd7
0ee28
0ee34
0ee45
0ef7a
0f1fa
0f203
0f27b
0f2b7
0f2c0
0f34c
0f352
0f3c1
0f3f2
0f3f8
0f484
0f5e9
0f604
0fbc1
0fd5d
0ff13
0ff17
0ff1b
0ff1f
10046
1004a
100db
100df
10105
101c9
101fa
101fe
10202
10206
1020a
1020e
10212
10216
1021a
1021e
10222
0ded0
0df1c
0df20
0df2f
0e87d
0e881
0e91f
0e945
0e94c
0eaa4
0eab2
0ec29
0ecaa
0ecbb
0ed06
0ed10
0edd2
0ede4
0edea
0edfd
0eeb3
0eec0
0ef36
0f05c
0f212
0f28d
0f296
0f348
0f3cd
0f3d6
0f423
0f442
0f446
0f533
0f602
0f608
0f60c
0f610
0f647
0f838
0fe6c
10071
10075
10079
10083
10107
1010b
1019c
101a0
10226
1022a
1022e
10232
10236
1023a
1023e
10242
10246
0df33
0df3e
0df85
0df90
0dfa7
0e8b6
0e958
0e97a
0e985
0e98f
0eae5
0ec60
0ec64
0ece8
0ed0b
0ed16
0ed1c
0ed30
0ed3a
0ee04
0ee10
0ee21
0ef53
0efc0
0f224
0f22d
0f2a5
0f35a
0f361
0f3e6
0f3ec
0f433
0f44e
0f498
0f659
0f665
0f669
0f66d
0f671
0f70d
0fc31
0ff06
100a6
100aa
100b4
100b8
1013a
101cb
101cf
10224
1024a
1024e
10252
10256
1025a
1025e
10262
10266
1026a
0df9e
0dfe4
0dfe8
0dff8
0e789
0e78d
0e995
0e9bc
0e9c2
0eb1a
0eb28
0ebcf
0ec99
0ec9d
0ed3b
0ed42
0ed58
0ed5e
0ed74
0ee2d
0ee40
0ee5c
0ef84
0efe5
0f23c
0f2b7
0f2c0
0f370
0f381
0f38a
0f3f3
0f456
0f45a
0f4bf
0f692
0f6be
0f6c2
0f6c6
0f6ca
0f74a
0fda3
100d1
100d5
100d9
100e3
10169
1016d
101fa
101fe
1024c
1026e
10272
10276
1027a
1027e
10282
10286
1028a
0dde7
0ddeb
0ddfa
0dffa
0e006
0e7c8
0e9ce
0e9f0
0e9fb
0ea05
0eb5b
0ec00
0ec10
0ecd0
0ed5f
0ed6a
0ed70
0ed84
0ed8e
0ee4c
0ee58
0ee69
0efa0
0effc
0f24e
0f257
0f2cf
0f30a
0f311
0f39a
0f3a0
0f403
0f462
0f4ac
0f4e5
0f4eb
0f4ef
0f4f3
0f51d
0f74a
0fc9a
0ff6c
0ffe0
0ffe4
0ffe8
0ffec
1010f
10113
101a4
1026c
1028e
10292
10296
1029a
1029e
102a2
102a6
102aa
102ae
0de02
0de4e
0de52
0de61
0e803
0e807
0e8e4
0ea2c
0ea32
0eb89
0eb98
0ebb7
0ec39
0ec47
0ed90
0ed96
0edac
0edb2
0edc8
0ee76
0ee88
0eea4
0eee8
0f021
0f266
0f2e1
0f2ea
0f320
0f3a7
0f3b0
0f40b
0f46a
0f46e
0f52f
0f548
0f54c
0f550
0f554
0f696
0f7c4
0fe07
10011
10015
10019
1001d
1013e
10142
101d3
101d7
10290
102b2
102b6
102ba
102be
102c2
102c6
102ca
102ce
0de65
0de70
0deb7
0dec2
0ded9
0e842
0e8dc
0e904
0e90f
0e919
0ea6f
0ebee
0ebf2
0ec7a
0edb3
0edbe
0edc4
0edd6
0edde
0ee93
0eea0
0eeaf
0ef05
0f038
0f278
0f281
0f2f9
0f332
0f339
0f3c0
0f3c6
0f41b
0f43a
0f484
0f58e
0f5a7
0f5ab
0f5af
0f5b3
0f7c4
0fcfe
0fe9a
10046
1004a
1004e
10052
10171
10175
10202
10228
102b0
102d2
102d6
102da
102de
102e2
102e6
102ea
102ee
0ddfa
0defb
0deff
0dfe0
0dffa
0e006
0e0d3
0e10e
0e11c
0e9e3
0ea7f
0eaa1
0eaab
0eab6
0ec07
0edb5
0edc2
0edfc
0ee06
0eeaa
0eebc
0eec2
0ef36
0f003
0f104
0f290
0f30a
0f311
0f3bc
0f422
0f428
0f463
0f480
0f4d0
0f4e9
0f4ed
0f4f7
0f4fb
0f5e6
0f5ea
0f5ee
0f5f2
0f7c9
0f958
0fe6d
1019a
1019e
101a8
101ac
1022e
102f0
102f4
102f8
102fc
10300
10304
10308
1030c
0dde1
0dde5
0de02
0de5b
0de72
0df64
0e116
0e11e
0e156
0ea16
0ea1a
0eabc
0eae3
0eae9
0ec39
0ec47
0ede2
0ee01
0ee0c
0ee12
0ee20
0ee2a
0ef53
0f01a
0f073
0f2a2
0f2ab
0f320
0f3cd
0f3d4
0f431
0f46b
0f488
0f48c
0f544
0f54a
0f54e
0f558
0f591
0f647
0f64b
0f64f
0f804
0f808
0f989
10039
101cd
101d1
101db
1024e
10252
102f2
10312
10316
1031a
1031e
10322
10326
1032a
0de4a
0de65
0de70
0dec8
0dfc5
0dfc9
0e15d
0e192
0e1a2
0e8f7
0eaf5
0eb17
0eb22
0eb2c
0ec7a
0ed0e
0ed1a
0ee2b
0ee32
0ee42
0ee48
0ee5e
0ef84
0f03f
0f095
0f2ba
0f332
0f339
0f3e2
0f3f2
0f3f8
0f43b
0f494
0f58e
0f5a7
0f5ab
0f5b5
0f5b9
0f6a0
0f6a4
0f6a8
0f6ac
0f83d
0f87c
0fda4
101f8
101fc
10206
1020a
10272
10310
1032c
10330
10334
10338
1033c
10340
10344
0ddb9
0ddbd
0deb1
0decc
0ded7
0df2f
0e03f
0e04d
0e19c
0e930
0e934
0eb32
0eb59
0eb5f
0ecaa
0ecbb
0ed3d
0ee49
0ee54
0ee5a
0ee68
0ee72
0efa0
0f055
0f0ab
0f2cc
0f2d5
0f348
0f381
0f388
0f401
0f443
0f49c
0f4a0
0f4bf
0f4c3
0f4c7
0f601
0f607
0f60b
0f615
0f619
0f710
0f714
0f8ea
1009f
1010f
10113
10117
10292
10296
1032e
1034a
1034e
10352
10356
1035a
1035e
10362
0de22
0df16
0df1a
0df37
0df90
0dfa7
0e049
0e084
0e092
0e96d
0ea44
0eb80
0eb92
0eb9a
0ece8
0ed62
0ed6e
0ee74
0ee7a
0ee8a
0ee90
0eea6
0eee8
0efc7
0f0cd
0f2e4
0f35a
0f361
0f396
0f40a
0f410
0f44f
0f4a8
0f51c
0f520
0f524
0f658
0f664
0f668
0f66c
0f676
0f697
0f74f
0f8ea
0fe08
1013e
10142
10146
1014a
102b6
10348
10364
10368
1036c
10370
10374
10378
1037c
0de87
0de8b
0df7f
0df99
0dfa5
0dff8
0e08c
0e094
0e0cc
0e9a6
0e9aa
0ea40
0ea6d
0ea73
0ebc7
0ebd7
0ed92
0ee91
0ee9c
0eea2
0eeae
0eeb6
0ef05
0efde
0f0e3
0f2f6
0f2ff
0f370
0f3a7
0f3ae
0f419
0f457
0f474
0f478
0f57b
0f57f
0f583
0f691
0f6bd
0f6c1
0f6c5
0f6cf
0f78a
0f78e
0f958
0ffcd
10171
10175
10179
102d2
102d6
102f6
10366
10382
10386
1038a
1038e
10392
10396
0df53
0df6c
0df8e
0df9c
0dfa5
0e05f
0e080
0e08e
0e097
0e210
0e220
0e229
0eee6
0efa0
0efaa
0f020
0f174
0f395
0f474
0f633
0f63e
0f64b
0f664
0f67c
0f699
0f6d4
0f752
0f771
0f78f
0f7ec
0f803
0f898
0f8b5
0f8b9
0f8db
0f8ee
0f97d
0fa30
0fa51
0fa66
0fae9
0faf4
0fb05
0fc06
0fc2a
0fc41
0fc45
0fd44
0fe12
1039a
1039e
103a2
103a6
103aa
103ae
103b2
103b6
0dfb6
0dfcd
0dff0
0dffd
0e006
0e0a4
0e0c5
0e0d3
0e0dc
0e24f
0e25f
0e268
0eede
0eee8
0ef0d
0f03e
0f189
0f3a8
0f47e
0f4b9
0f4d6
0f4ff
0f69b
0f6a5
0f6bd
0f6d8
0f793
0f7b0
0f7cc
0f823
0f83a
0f8cd
0f8e4
0f8f4
0f90c
0f923
0f927
0fa4a
0fa6a
0fa99
0fae3
0fb22
0fb38
0fc08
0fc47
0fc68
0fc78
0fd09
0fe47
103b9
103bd
103c1
103c5
103c9
103cd
103d1
103d5
0ddc7
0ddd0
0ddf3
0de00
0de09
0e0f2
0e0fa
0e111
0e11c
0e28e
0e29e
0e2a7
0ef05
0ef0f
0ef34
0f05b
0f120
0f3bb
0f488
0f4b3
0f4d8
0f4df
0f501
0f530
0f55c
0f646
0f708
0f7a9
0f7d2
0f7f6
0f80b
0f904
0f91b
0f92b
0f943
0f95a
0f95e
0fa7f
0fa9f
0fac8
0fb0a
0fb3d
0fb5e
0fb6f
0fc7c
0fc9c
0fcad
0fd38
0fe76
103d8
103dc
103e0
103e4
103e8
103ec
103f0
103f4
0de2e
0de37
0de5a
0de67
0de70
0e137
0e13f
0e156
0e162
0e2cd
0e2dd
0e2e6
0ef2c
0ef36
0ef5b
0efc6
0f135
0f3ce
0f492
0f518
0f537
0f53e
0f560
0f58f
0f5bb
0f6a1
0f745
0f7e6
0f80f
0f82d
0f842
0f93b
0f952
0f962
0f975
0f98b
0f98f
0f9b8
0f9c7
0facc
0fb3f
0fb72
0fb97
0fba4
0fc90
0fccc
0fce0
0fce4
0fe1e
103f7
103fb
103ff
10403
10407
1040b
1040f
10413
0de95
0de9e
0dec1
0dece
0ded7
0e176
0e17e
0e196
0e1a0
0e306
0e316
0e31f
0ef53
0ef5d
0ef82
0efe4
0f14a
0f3e1
0f49c
0f576
0f593
0f59c
0f5be
0f5d9
0f5f9
0f6a6
0f6f6
0f701
0f718
0f782
0f845
0f861
0f86d
0f880
0f917
0f991
0f995
0f9c9
0f9ed
0f9fc
0fb74
0fba7
0fbcc
0fbdb
0fcc5
0fd00
0fd15
0fd19
0fe53
10416
1041a
1041e
10422
10426
1042a
1042e
10432
0deeb
0df05
0df28
0df35
0df3e
0e01a
0e03b
0e049
0e052
0e1d1
0e1e1
0e1ea
0ef7a
0ef84
0efa8
0f002
0f15f
0f382
0f4a6
0f5d4
0f5e0
0f5ec
0f605
0f620
0f642
0f67f
0f719
0f734
0f755
0f7b1
0f7c6
0f85b
0f884
0f888
0f8a4
0f8bd
0f94e
0f9fe
0fa21
0fa35
0fba9
0fbde
0fbfb
0fc0c
0fcfa
0fd30
0fd46
0fd4a
0fe82
10434
10438
1043c
10440
10444
10448
1044c
10450
0e132
0e13c
0e151
0e15d
0e166
0e1f7
0e211
0e21c
0e229
0e387
0e394
0e39f
0eed3
0efa2
0efcd
0f057
0f060
0f1ef
0f492
0f53d
0f695
0f7e7
0f7f2
0f80d
0f821
0f840
0f897
0f8c0
0f8da
0f8ed
0f953
0f9e1
0fa01
0fa05
0fa23
0fa37
0fabd
0fb72
0fb8f
0fbaa
0fc27
0fc33
0fc43
0fd44
0fd6a
0fd7f
0fd84
0fe84
0ff48
1039d
103f9
10453
10457
1045b
1045f
10463
10467
0e170
0e17b
0e18f
0e19c
0e1a5
0e236
0e252
0e25b
0e268
0e3c1
0e3d1
0e3dc
0eee0
0ef16
0efc2
0efcc
0efeb
0f204
0f49c
0f596
0f69c
0f6f3
0f703
0f823
0f832
0f845
0f8ce
0f8f8
0f916
0f924
0f984
0fa13
0fa2a
0fa3c
0fa53
0fa67
0fa6e
0fb88
0fbac
0fbd9
0fc21
0fc61
0fc76
0fd4c
0fd86
0fda5
0fdb7
0fe47
0ff7b
103bb
10417
10469
1046d
10471
10475
10479
1047d
0e01f
0e028
0e03c
0e049
0e052
0e27d
0e283
0e297
0e2a2
0e401
0e40e
0e419
0ef07
0ef3d
0efe0
0efea
0f009
0f19b
0f4a6
0f51b
0f5fb
0f6ed
0f705
0f719
0f739
0f755
0f86f
0f905
0f92f
0f94d
0f95b
0fa48
0fa5f
0fa71
0fa87
0fa9c
0faa3
0fbbd
0fbe1
0fc0a
0fc4b
0fc7d
0fc9c
0fcad
0fdbb
0fdda
0fdec
0fe76
0ffa8
103da
10436
1047f
10483
10487
1048b
1048f
10493
0e064
0e06d
0e081
0e08e
0e097
0e2bc
0e2c2
0e2d6
0e2e1
0e43e
0e44b
0e456
0ef2e
0ef64
0effe
0f008
0f027
0f1b0
0f474
0f57a
0f65a
0f730
0f742
0f752
0f776
0f78f
0f8a6
0f93c
0f966
0f97e
0f98c
0fa7d
0fa94
0faa6
0fab7
0facb
0fad2
0faf6
0fb0b
0fc07
0fc80
0fcb2
0fcd6
0fce2
0fdce
0fe09
0fe1e
0fe23
0ff54
103a3
103fd
10495
10499
1049d
104a1
104a5
104a9
0e0a9
0e0b2
0e0c6
0e0d3
0e0dc
0e2f5
0e2fb
0e30f
0e31a
0e475
0e482
0e48c
0eedd
0ef83
0f01c
0f026
0f045
0f1c5
0f47e
0f5d9
0f6b3
0f76d
0f77f
0f793
0f7ad
0f7cc
0f860
0f868
0f87e
0f8dd
0f991
0f9ac
0f9ba
0f9cd
0fa59
0fad3
0fad7
0fb08
0fb2c
0fb40
0fcb5
0fce7
0fd0b
0fd17
0fe03
0fe3e
0fe53
0fe58
0ff87
103c2
1041c
104ab
104af
104b3
104b7
104bb
104bf
0e0ec
0e0f7
0e10b
0e118
0e121
0e1b8
0e1d4
0e1dd
0e1ea
0e34a
0e357
0e362
0ef04
0efa9
0f03a
0f044
0f062
0f1da
0f488
0f4de
0f639
0f7aa
0f7b6
0f7d0
0f7ea
0f809
0f85a
0f88a
0f8a3
0f8bc
0f91c
0f9a6
0f9d0
0f9d4
0f9ef
0fa07
0fa8e
0fb3d
0fb60
0fb77
0fcea
0fd1c
0fd3a
0fd48
0fe38
0fe6e
0fe82
0fe89
0ffb4
103e1
1043b
104ac
104c4
104c8
104cc
104d0
104d4
0e2b8
0e2c2
0e2ce
0e2db
0e2e6
0e36f
0e38d
0e396
0e39f
0e4f7
0e502
0e50d
0ef1c
0ef64
0f058
0f07f
0f100
0f108
0f26d
0f73b
0f7f1
0f93d
0f948
0f95f
0f973
0f98a
0f9df
0fa0a
0fa20
0fa37
0fa95
0fb1f
0fb3e
0fb46
0fb5f
0fb78
0fbfd
0fcb1
0fcce
0fceb
0fd65
0fd70
0fd83
0fe84
0fea8
0febb
0fec0
0ffb6
1007a
103fb
10435
10458
104d9
104dd
104e1
104e5
104e9
0e2f1
0e2fb
0e307
0e314
0e31f
0e3ac
0e3cb
0e3d3
0e3dc
0e534
0e53f
0e54a
0ef46
0ef8b
0efe8
0f075
0f07e
0f09b
0f282
0f6fc
0f782
0f861
0f871
0f976
0f982
0f991
0fa14
0fa40
0fa5a
0fa6c
0fac4
0fb51
0fb68
0fb7c
0fb8e
0fba4
0fbaf
0fcc6
0fcec
0fd15
0fd5f
0fd9f
0fdb6
0fe8b
0fec2
0fedf
0fef1
0ff7b
100ad
10402
10420
1046e
104ed
104f1
104f5
104f9
104fd
0e1bd
0e1c6
0e1d2
0e1df
0e1ea
0e3f1
0e3f7
0e40d
0e414
0e571
0e57c
0e587
0ef6d
0efb1
0f006
0f091
0f09a
0f0b7
0f219
0f704
0f7be
0f85b
0f873
0f883
0f8a1
0f8ba
0f9bc
0fa49
0fa75
0fa8f
0faa1
0fb86
0fb9d
0fbb1
0fbc3
0fbdb
0fbe4
0fcfb
0fd21
0fd46
0fd8a
0fdbc
0fdda
0fded
0fef5
0ff12
0ff24
0ffa8
100da
10421
1043e
10484
10501
10505
10509
1050d
10511
0e1fc
0e205
0e213
0e21e
0e229
0e42e
0e434
0e44a
0e451
0e5a8
0e5b9
0e5c4
0eee7
0efa5
0f024
0f0ad
0f0b6
0f0d3
0f22e
0f741
0f7fb
0f898
0f8aa
0f8b4
0f8d8
0f8eb
0f9f1
0fa7e
0faaa
0fabe
0fad0
0fbba
0fbd2
0fbe6
0fbf2
0fc0c
0fc13
0fc35
0fc4c
0fd45
0fdbf
0fdf1
0fe14
0fe22
0ff08
0ff3f
0ff54
0ff59
10086
1039d
1043f
1049a
10515
10519
1051d
10521
10525
0e23b
0e244
0e250
0e25d
0e268
0e465
0e46b
0e481
0e488
0e5e1
0e5f0
0e5fb
0eece
0ef16
0f042
0f0c9
0f0d2
0f0ef
0f243
0f77e
0f832
0f8cf
0f8e1
0f8f1
0f909
0f922
0f9aa
0f9b2
0f9cc
0fa25
0fad3
0faea
0faf5
0fb0e
0fb99
0fc08
0fc17
0fc47
0fc6a
0fc81
0fdf4
0fe26
0fe49
0fe57
0ff3b
0ff72
0ff87
0ff8c
100b9
103ba
10400
104b0
10529
1052d
10531
10535
10539
0e278
0e283
0e28f
0e29c
0e2a7
0e332
0e351
0e359
0e362
0e4ba
0e4c5
0e4d0
0eef5
0ef3d
0f05f
0f0e5
0f0ee
0f10a
0f258
0f6fe
0f7b5
0f906
0f912
0f928
0f940
0f959
0f9a4
0f9d6
0f9ec
0fa07
0fa60
0fae4
0fb09
0fb14
0fb2b
0fb47
0fbce
0fc7c
0fc9e
0fcb7
0fe29
0fe5b
0fe78
0fe88
0ff6e
0ff9f
0ffb4
0ffbb
100e6
103d9
1041f
104c5
1053c
10540
10544
10548
1054c
0e429
0e434
0e441
0e44c
0e456
0e4dd
0e4fc
0e505
0e50d
0e662
0e66f
0e67b
0eefd
0eff3
0f02a
0f101
0f11f
0f186
0f2eb
0f8a5
0f947
0fa80
0fa8b
0fa9d
0fab2
0fac8
0fb1d
0fb4a
0fb5e
0fb70
0fbd3
0fc5d
0fc7f
0fc86
0fc9d
0fcaf
0fd39
0fdea
0fe0b
0fe2a
0fea3
0feac
0febf
0ffb6
0ffda
0ffed
0fff2
100e8
101a2
103dc
103e4
103e8
104d9
1054f
10553
10557
1055b
0e461
0e46b
0e478
0e483
0e48c
0e51a
0e53a
0e542
0e54a
0e69f
0e6ad
0e6b8
0ef24
0f011
0f048
0f098
0f11d
0f134
0f300
0f86b
0f8e6
0f9ac
0f9b9
0fab6
0fac2
0fad3
0fb52
0fb7f
0fb97
0fba5
0fc02
0fc8f
0fca6
0fcba
0fccd
0fce2
0fced
0fe04
0fe26
0fe55
0fe9d
0fedb
0fef0
0ffbd
0fff4
10011
10023
100ad
101d3
103fc
10403
10407
104ed
1055e
10562
10566
1056a
0e339
0e340
0e34d
0e358
0e362
0e560
0e565
0e57b
0e582
0e6dc
0e6ea
0e6f5
0ef4b
0f02f
0f065
0f0b4
0f132
0f149
0f297
0f872
0f91c
0f9a6
0f9be
0f9c9
0f9eb
0f9fa
0faf9
0fb87
0fbb4
0fbcc
0fbdc
0fcc4
0fcdb
0fcef
0fd01
0fd17
0fd22
0fe39
0fe5b
0fe86
0fec6
0fef6
0ff12
0ff25
10027
10044
10056
100da
10200
1041b
10422
10426
10501
1056d
10571
10575
10579
0e376
0e37d
0e38d
0e395
0e39f
0e59d
0e5a2
0e5b8
0e5bf
0e719
0e727
0e732
0ef72
0efca
0f05a
0f0d0
0f147
0f15e
0f2ac
0f8a9
0f953
0f9e1
0f9f3
0f9fd
0fa1e
0fa33
0fb2f
0fbbc
0fbe9
0fbfb
0fc0d
0fcf9
0fd10
0fd24
0fd31
0fd48
0fd51
0fd72
0fd8b
0fe83
0fef9
0ff29
0ff4a
0ff58
1003a
10071
10086
1008b
101ae
10436
10440
10444
10515
1057c
10580
10584
10588
0e3b2
0e3ba
0e3c7
0e3d2
0e3dc
0e5d4
0e5d9
0e5ef
0e5f6
0e752
0e75e
0e769
0ef98
0efb7
0efee
0f0ec
0f15c
0f173
0f2c1
0f8e0
0f984
0fa16
0fa27
0fa30
0fa4e
0fa64
0fae8
0faee
0fb05
0fb63
0fc14
0fc28
0fc34
0fc45
0fcd5
0fd4c
0fd55
0fd80
0fda7
0fdc0
0ff2c
0ff5c
0ff7d
0ff8b
1006d
100a5
100b9
100be
101df
103a0
103a7
10441
10529
1058b
1058f
10593
10597
0e3ed
0e3f7
0e404
0e40f
0e419
0e4a0
0e4c0
0e4c8
0e4d0
0e625
0e633
0e63e
0eed6
0efd5
0f00c
0f107
0f171
0f188
0f2d6
0f86e
0f911
0fa4b
0fa57
0fa68
0fa83
0fa99
0fae2
0fb15
0fb2a
0fb3b
0fb9e
0fc22
0fc4a
0fc52
0fc69
0fc7a
0fd0a
0fdb5
0fddc
0fdf5
0ff5f
0ff8f
0ffaa
0ffba
100a0
100d2
100e6
100ed
1020c
103bd
103c5
103c9
1053c
1059a
1059e
105a2
105a6
0e597
0e5a2
0e5af
0e5bc
0e5c4
0e64b
0e665
0e672
0e67b
0e7cd
0e7dd
0e7e9
0ef00
0efd9
0f0b0
0f11c
0f19d
0f204
0f365
0f9f0
0fa8a
0fbbe
0fbc9
0fbdd
0fbef
0fc0a
0fc5b
0fc88
0fc9c
0fcb3
0fd11
0fd9b
0fdbe
0fdc4
0fddb
0fdee
0fe77
0ff22
0ff41
0ff60
0ffd5
0ffde
0fff1
100e8
10108
1011b
10120
1020e
10292
10436
10486
1048a
1054f
105a9
105ad
105b1
105b5
0e5ce
0e5d9
0e5e6
0e5f3
0e5fb
0e688
0e6a2
0e6b0
0e6b8
0e80a
0e81b
0e826
0ef27
0eff7
0f0cc
0f131
0f19b
0f1b2
0f379
0f9b5
0fa2c
0faea
0faf7
0fbf3
0fc00
0fc14
0fc90
0fcbd
0fcd6
0fce8
0fd40
0fdcd
0fde4
0fdf8
0fe0a
0fe20
0fe2b
0ff3c
0ff5c
0ff89
0ffcf
1000d
10022
100ef
10122
1013e
1014f
101d3
102b4
103fe
1049c
104a0
1055e
105b8
105bc
105c0
105c4
0e4a5
0e4ae
0e4bb
0e4c8
0e4d0
0e6cd
0e6d3
0e6e9
0e6f1
0e847
0e858
0e863
0eed4
0f015
0f0e8
0f146
0f1b0
0f1c7
0f315
0f9be
0fa60
0fae4
0fafb
0fb07
0fb28
0fb38
0fc38
0fcc5
0fcf2
0fd0b
0fd1f
0fe02
0fe19
0fe2d
0fe3f
0fe55
0fe60
0ff6f
0ff8f
0ffb8
0fff8
10028
10044
10057
10153
1016e
10180
10200
102d2
1041d
104b2
104b6
1056d
105c7
105cb
105cf
105d3
0e4e3
0e4eb
0e4f8
0e505
0e50d
0e70a
0e710
0e726
0e72e
0e884
0e895
0e8a0
0eefb
0f033
0f082
0f15b
0f1c5
0f1dc
0f329
0f9f3
0fa95
0fb1f
0fb31
0fb3c
0fb5d
0fb6d
0fc6d
0fcfa
0fd27
0fd3a
0fd4e
0fe37
0fe4e
0fe62
0fe6f
0fe86
0fe8f
0feae
0fec7
0ffb5
1002b
1005b
1007c
1008a
10164
10199
101ae
101b3
10298
1043c
104c7
104cb
1057c
105d6
105da
105de
105e2
0e51f
0e528
0e537
0e542
0e54a
0e741
0e747
0e75d
0e764
0e8bb
0e8cc
0e8d7
0ef21
0f050
0f078
0f170
0f1da
0f1f1
0f33d
0fa26
0fac4
0fb54
0fb65
0fb71
0fb8b
0fba2
0fc26
0fc2e
0fc43
0fca1
0fd52
0fd66
0fd71
0fd84
0fe13
0fe8b
0fe93
0febc
0fee1
0fefa
1005e
1008e
100af
100bd
10195
101ca
101df
101e4
102ba
103f8
1045b
104c8
1058b
105e5
105e9
105ed
105f1
0e55a
0e565
0e572
0e57f
0e587
0e60e
0e628
0e636
0e63e
0e790
0e7a1
0e7ac
0eed9
0efbb
0f094
0f185
0f1ef
0f206
0f351
0f9bb
0fa57
0fb89
0fb94
0fba6
0fbc0
0fbd9
0fc20
0fc53
0fc68
0fc7e
0fcdc
0fd60
0fd89
0fd90
0fda6
0fdb9
0fe48
0feef
0ff14
0ff2d
10091
100c1
100dc
100ec
101c6
101f7
1020c
10213
102d8
10417
10470
10474
1059a
105f4
105f8
105fc
10600
0e705
0e710
0e71a
0e72a
0e732
0e7b9
0e7d4
0e7e0
0e7e9
0e937
0e947
0e953
0ef6c
0efdd
0f08d
0f19a
0f21b
0f282
0f3d8
0f614
0fb2e
0fbc8
0fcfc
0fd07
0fd1b
0fd2e
0fd46
0fd99
0fdc6
0fdda
0fdf2
0fe4f
0fed7
0fef8
0fefe
0ff13
0ff26
0ffa9
10054
10073
10092
10103
1010c
1011f
1020e
1022e
10235
10292
102f8
10483
10505
10509
105a9
10603
10607
1060b
1060f
0e73d
0e747
0e753
0e761
0e769
0e7f6
0e811
0e81e
0e826
0e972
0e983
0e98e
0ef93
0effb
0f0a9
0f1af
0f219
0f230
0f3eb
0f673
0faf2
0fb6a
0fc28
0fc36
0fd33
0fd3e
0fd52
0fdce
0fdfb
0fe14
0fe27
0fe7e
0ff07
0ff1c
0ff30
0ff40
0ff56
0ff61
1006e
1008e
100bb
100ff
10139
1014e
10215
10239
10254
10259
10314
10499
10519
1051d
105b8
10612
10616
1061a
1061e
0e614
0e61c
0e626
0e636
0e63e
0e83b
0e841
0e857
0e85e
0e9ad
0e9be
0e9c9
0eecd
0f019
0f0c5
0f1c4
0f22e
0f245
0f38c
0f6cc
0fafa
0fb9e
0fc22
0fc3a
0fc47
0fc67
0fc76
0fd75
0fe03
0fe30
0fe49
0fe5e
0ff3a
0ff4f
0ff63
0ff73
0ff89
0ff94
100a1
100c1
100ea
10126
10154
1016e
10181
1025b
10276
1027b
10330
104af
1052d
10531
105c7
10621
10625
10629
1062d
0e651
0e659
0e663
0e672
0e67b
0e878
0e87e
0e894
0e89c
0e9e8
0e9f9
0ea04
0eef4
0f037
0f0e1
0f1d9
0f243
0f25a
0f39f
0f4f7
0fb31
0fbd3
0fc5d
0fc6f
0fc7c
0fc9b
0fcab
0fdaa
0fe38
0fe65
0fe78
0fe8d
0ff6d
0ff82
0ff96
0ffa0
0ffb8
0ffc1
0ffe0
0fff9
100e7
10157
10185
101a4
101b2
1026c
10294
1029b
1034c
104c4
10540
10544
105d6
10630
10634
10638
1063c
0e68d
0e696
0e6a0
0e6b0
0e6b8
0e8af
0e8b5
0e8cb
0e8d2
0ea1d
0ea2e
0ea39
0ef1b
0f054
0f0fc
0f1ee
0f258
0f26f
0f3b2
0f556
0fb64
0fc02
0fc92
0fca3
0fcb1
0fcca
0fce0
0fd64
0fd6c
0fd83
0fddf
0fe90
0fea4
0fead
0fec0
0ff49
0ffbd
0ffc5
0ffee
10013
1002c
10188
101b6
101d5
101e3
1028e
102b6
102bd
10368
10457
104de
10541
105e5
1063f
10643
10647
1064b
0e6c9
0e6d3
0e6dd
0e6ed
0e6f5
0e77c
0e797
0e7a4
0e7ac
0e8fc
0e90d
0e918
0ef45
0efbf
0f071
0f203
0f26d
0f284
0f3c5
0f5b5
0faf8
0fb93
0fcc7
0fcd3
0fce6
0fcff
0fd15
0fd5e
0fd91
0fda5
0fdbd
0fe1a
0fe9e
0fec5
0fecc
0fee0
0fef3
0ff7c
10021
10046
1005f
101b9
101e7
10202
10212
102b0
102d4
102dd
10380
1046d
104f1
104f5
105f4
1064e
10652
10656
1065a
0e873
0e87e
0e889
0e898
0e8a0
0e925
0e93e
0e94a
0e953
0ea99
0eaa9
0eab5
0f02e
0f08e
0f12c
0f218
0f299
0f300
0f427
0f504
0f5f3
0f614
0fc6c
0fd06
0fe3a
0fe45
0fe5a
0fe6c
0fe86
0fed5
0ff00
0ff12
0ff2a
0ff83
10009
1002a
10030
10045
10058
100db
1017e
1019b
101ba
10229
10234
102c3
102f4
102fb
10382
10503
10571
10575
10603
1065d
10661
10665
10669
0e8ab
0e8b5
0e8c2
0e8cf
0e8d7
0e960
0e979
0e986
0e98e
0ead4
0eae5
0eaf0
0f04b
0f0aa
0f141
0f22d
0f297
0f2ae
0f433
0f563
0f652
0f673
0fc32
0fca8
0fd66
0fd73
0fe71
0fe7c
0fe90
0ff08
0ff33
0ff4a
0ff5d
0ffb0
10039
1004e
10062
10072
10088
10093
10196
101b6
101e1
10225
10250
10258
102f0
10314
10319
10517
10580
10584
10612
1066c
10670
10674
10678
0e781
0e78a
0e795
0e7a4
0e7ac
0e9a1
0e9a7
0e9bd
0e9c5
0eb0f
0eb20
0eb2b
0efb6
0f0c6
0f156
0f242
0f2ac
0f2c3
0f3f7
0f5c2
0f6ad
0f6cc
0fc3a
0fcdc
0fd60
0fd77
0fd86
0fda3
0fdb6
0feb1
0ff3b
0ff66
0ff7d
0ff92
1006c
10081
10095
100a6
100bb
100c6
101c7
101e7
10210
1023d
1025c
10278
10310
10330
10335
1052b
1058f
10593
10621
1067b
1067f
10683
10687
0e7be
0e7c7
0e7d2
0e7e0
0e7e9
0e9dc
0e9e2
0e9f8
0ea00
0eb4a
0eb5b
0eb66
0efd4
0f0e2
0f16b
0f257
0f2c1
0f2d8
0f403
0f4c9
0f4f7
0f621
0fc6f
0fd11
0fd9b
0fdac
0fdbb
0fdd8
0fdeb
0fee4
0ff6e
0ff99
0ffaa
0ffbf
1009f
100b4
100c8
100d3
100ea
100f3
1010e
10127
1020d
1025f
1027e
1029a
1032c
1034c
10351
1053e
1059e
105a2
10630
1068a
1068e
10692
10696
0e7fb
0e804
0e80f
0e81e
0e826
0ea11
0ea17
0ea2d
0ea34
0eb7f
0eb90
0eb9b
0eff2
0f0fd
0f180
0f26c
0f2d6
0f2ed
0f40f
0f528
0f556
0f680
0fca2
0fd40
0fdd0
0fde1
0fdf0
0fe07
0fe20
0fea2
0feaa
0febf
0ff17
0ffc2
0ffd6
0ffdf
0fff2
1007b
100ef
100f7
1011c
10140
10158
10281
102a0
102bc
10348
10368
1036d
104db
10554
1059f
1063f
10699
1069d
106a1
106a5
0e836
0e841
0e84c
0e85b
0e863
0e8ea
0e903
0e910
0e918
0ea5e
0ea6f
0ea7a
0f010
0f072
0f117
0f281
0f2eb
0f302
0f41b
0f587
0f5b5
0f6d9
0fc37
0fcd3
0fe05
0fe10
0fe25
0fe3c
0fe55
0fe9c
0fecd
0fedf
0fef7
0ff50
0ffd0
0fff7
0fffe
10012
10025
100ae
1014d
10170
10189
102a3
102c2
102dc
10364
10380
10387
104ef
10562
10566
1064e
106a8
106ac
106b0
106b4
0e9d7
0e9e2
0e9ed
0e9fc
0ea04
0ea87
0eaa0
0eaac
0eab5
0ebf5
0ec05
0ec10
0f0da
0f12d
0f1aa
0f296
0f316
0f379
0f466
0f4cb
0f4e4
0f4ec
0f4fd
0f508
0f5f3
0f71f
0fc6f
0fdb0
0ff6d
0ff76
0ff83
0ff96
0ffa2
10006
1002d
10042
10057
100aa
10135
10156
1015c
1016f
10182
10201
10277
1029b
102f4
102fc
10382
1056e
105c9
105ce
10633
106b6
106ba
106be
106c2
0ea0c
0ea17
0ea24
0ea31
0ea39
0eac2
0eadb
0eae8
0eaf0
0ec2e
0ec3f
0ec49
0f0f5
0f142
0f1bf
0f2ab
0f315
0f32a
0f470
0f500
0f535
0f548
0f558
0f565
0f64d
0f75c
0fca2
0fddf
0fea1
0feae
0fec8
0ffa6
0ffb6
10039
10061
1007a
1008a
100d7
10107
10178
1018c
1019a
101b0
101bb
1028f
102a0
102f0
10316
10389
1057d
105d8
105dd
10642
106c4
106c8
106cc
106d0
0e8ed
0e8f6
0e901
0e910
0e918
0eb03
0eb09
0eb1f
0eb26
0ec67
0ec78
0ec82
0f06a
0f157
0f1d4
0f2c0
0f329
0f33e
0f43e
0f55f
0f594
0f5a7
0f5b7
0f5c4
0f6a7
0f799
0fcd3
0fe0d
0fe9b
0feb0
0feb7
0feca
0fee2
0ffe2
1006c
10094
100ad
100bd
10138
101a9
101bd
101cb
101e1
101ec
102b1
102c2
10302
1031b
10334
1058c
105e7
105ec
10651
106d2
106d6
106da
106de
0e928
0e931
0e93c
0e94a
0e953
0eb3e
0eb44
0eb5a
0eb61
0eca0
0ecb1
0ecbb
0f086
0f16c
0f1e9
0f2d5
0f33d
0f352
0f448
0f4c9
0f5be
0f5f5
0f606
0f616
0f623
0f6f6
0fd06
0fe42
0fed4
0fee3
0feea
0fefc
0ff15
10015
1009f
100c7
100da
100ec
10169
101da
101ee
101f8
10210
10219
10235
102d8
1031e
10337
10350
1059b
105f6
105fb
10606
106e0
106e4
106e8
106ec
0e963
0e96c
0e977
0e986
0e98e
0eb73
0eb79
0eb8f
0eb96
0ecd5
0ece6
0ecf0
0f0a2
0f181
0f1fe
0f2ea
0f351
0f366
0f452
0f528
0f61d
0f654
0f665
0f675
0f682
0f733
0fc32
0fe72
0ff07
0ff16
0ff1d
0ff30
0ff42
0ffd3
0ffda
0ffef
10048
100e8
10104
1010d
10120
101a3
10215
1021d
10233
10257
1033a
10353
1036c
10550
105ad
105b1
10615
106ee
106f2
106f6
106fa
0e99c
0e9a7
0e9b2
0e9c1
0e9c9
0ea4c
0ea65
0ea72
0ea7a
0ebbc
0ebcd
0ebd7
0f0be
0f118
0f195
0f2ff
0f365
0f37a
0f45c
0f587
0f679
0f6af
0f6be
0f6ce
0f6dc
0f770
0fc3a
0fd7b
0ff3a
0ff43
0ff50
0ff63
0ff75
0ffcd
0fffb
1000f
10024
10076
10100
10125
1012c
1013f
10151
101d4
10255
10279
10356
1036f
10386
1055f
105ba
105bf
10624
106fc
10700
10704
10708
0eb3a
0eb44
0eb4f
0eb5e
0eb66
0ebe3
0ebfc
0ec08
0ec10
0ed2d
0ed3d
0ed49
0f164
0f1ab
0f228
0f311
0f38d
0f3eb
0f4a2
0f4be
0f4c9
0f4dc
0f506
0f66e
0f6bf
0f6db
0f6fa
0f715
0f722
0f844
0f916
0fee3
0ff78
100a7
100b3
100c7
100d4
100f3
10159
1016c
10181
101cf
1024c
10262
10273
1027b
102d3
10331
1034f
10428
10616
10626
1068a
106b8
1070d
10711
10715
0eb6f
0eb79
0eb86
0eb93
0eb9b
0ec1c
0ec35
0ec42
0ec49
0ed57
0ed68
0ed73
0f179
0f1c0
0f23d
0f325
0f38c
0f3a0
0f4ac
0f4e9
0f500
0f524
0f52c
0f545
0f56a
0f6e1
0f724
0f73e
0f75c
0f7f5
0f94d
0ff16
0ffa5
0ffde
0fff9
100d8
100e4
100f9
1018b
101a2
101b2
101fc
1022d
10280
10287
1029a
102a5
1034d
1036b
10446
10626
10635
10699
106c6
1071a
1071e
10722
0ea4f
0ea58
0ea63
0ea72
0ea7a
0ec5b
0ec61
0ec77
0ec7f
0ed81
0ed92
0ed9c
0f110
0f1d5
0f252
0f339
0f39f
0f3b3
0f47a
0f50c
0f548
0f55f
0f583
0f58b
0f5a5
0f5c9
0f761
0f779
0f799
0f82c
0f97c
0feb2
0ff51
0ffe0
0ffe7
0fffb
10013
10031
10118
101bc
101d3
101e3
1024f
102a2
102a9
102bc
102c7
10369
10385
10408
10635
10644
106a8
106d4
10727
1072b
1072f
0ea8a
0ea93
0ea9e
0eaac
0eab5
0ec94
0ec9a
0ecb0
0ecb8
0edab
0edbc
0edc6
0f125
0f1ea
0f267
0f34d
0f3b2
0f3c6
0f484
0f56b
0f5a7
0f5be
0f5e8
0f5f3
0f604
0f628
0f76e
0f7b0
0f7cc
0f7d9
0f925
0fee5
0ff84
10013
1001a
1002d
10046
10060
10149
101ed
10200
10212
10271
102c3
102cb
102dc
102e5
102fb
10382
10427
10644
10653
1065d
106e2
10734
10738
1073c
0eac5
0eace
0ead9
0eae8
0eaf0
0ecc9
0eccf
0ece5
0eced
0edd1
0ede2
0edec
0f13a
0f1ff
0f27c
0f361
0f3c5
0f3d9
0f48e
0f5ca
0f606
0f61d
0f647
0f652
0f663
0f689
0f7ab
0f7ef
0f809
0f816
0f95c
0ff18
0ffb1
10046
1004d
10061
10073
10093
10108
1011d
10172
1020e
1022a
10234
1023f
102e1
102e9
102f9
10317
10445
10604
10609
1066c
106f0
10741
10745
10749
0eafe
0eb09
0eb14
0eb23
0eb2b
0ebaa
0ebc3
0ebd0
0ebd7
0ed03
0ed14
0ed1e
0f14f
0f196
0f213
0f375
0f3d8
0f3ec
0f498
0f629
0f665
0f679
0f6a2
0f6ad
0f6bc
0f6e2
0f7e8
0f826
0f840
0f84e
0f98d
0feb0
0ff45
10073
10080
10094
100a7
100c6
10129
1013b
10150
1019e
10226
10241
10251
10259
102b5
10315
10333
10409
10608
10617
1067b
106fe
1074e
10752
10756
0df99
0ec8f
0ec9a
0eca5
0ecb4
0ecbb
0ed2a
0ed3c
0ed44
0edaa
0ee23
0ee34
0ef84
0f1e2
0f229
0f2a6
0f388
0f3f8
0f433
0f54d
0f578
0f5c2
0f5dd
0f604
0f6a7
0f6be
0f6f2
0f6f8
0f715
0f805
0f844
0f866
0f87c
0f881
0f917
0f9ca
10015
100ac
101ce
101db
101ee
101fa
1024a
10266
10278
10310
10321
10330
10336
1041c
10429
105f5
1067c
10681
106e3
1075a
1075e
0dffa
0ecc4
0eccf
0ecdc
0ece9
0ecf0
0ed54
0ed67
0ed6e
0edd0
0ee47
0ee58
0efaa
0f1f7
0f23e
0f2bb
0f39b
0f3f7
0f404
0f4c9
0f4f7
0f5ac
0f5d7
0f621
0f63e
0f663
0f6ec
0f733
0f73e
0f758
0f850
0f883
0f8a3
0f8bc
0f8c5
0f9ff
10048
100d9
1010e
10128
101fe
1020e
1026c
10288
1029a
1032c
1033e
1034c
10352
1043b
10447
105aa
1068b
10690
106f1
10762
10766
0ddfe
0ebad
0ebb6
0ebc1
0ebd0
0ebd7
0ed7b
0ed88
0ed95
0ed9c
0ee6b
0ee7c
0eee8
0f18e
0f253
0f2d0
0f3ae
0f403
0f410
0f528
0f556
0f60b
0f636
0f680
0f698
0f6bc
0f711
0f72f
0f770
0f779
0f792
0f8b4
0f8da
0f8ed
0f8fc
0fa31
0ffe4
10083
10110
10117
1012a
10141
1028e
102aa
102bc
10348
1035a
10368
1036e
1039f
103ad
105b9
1069a
1069f
106ff
1076a
1076e
0de65
0ebe7
0ebef
0ebfa
0ec08
0ec10
0eda5
0edb2
0edbf
0edc6
0ee8f
0eea0
0ef0f
0f1a3
0f268
0f2e5
0f3c1
0f40f
0f41c
0f4d3
0f4e4
0f506
0f588
0f5b6
0f66f
0f6d5
0f74e
0f76c
0f7af
0f7ba
0f7cf
0f8ce
0f90b
0f920
0f926
0f9af
10017
100b6
10142
10148
1015a
10171
102b0
102cc
102dc
10364
10376
10380
10388
103be
103cc
105c8
106a9
106ae
106b9
10772
10776
0decc
0ec1f
0ec28
0ec33
0ec42
0ec49
0edcb
0edda
0ede5
0edec
0eeb1
0eec0
0ef36
0f1b8
0f27d
0f2fa
0f3d4
0f41b
0f428
0f4f9
0f505
0f535
0f55c
0f5ee
0f607
0f6c2
0f78b
0f7a9
0f7ee
0f7f7
0f80c
0f905
0f942
0f957
0f95d
0f9e4
1004a
100e3
10172
10179
1018c
1019c
10228
10230
1023f
102f4
102fc
10382
10390
103dd
103eb
105d7
1065f
10664
106c7
1077a
1077e
0df33
0ec56
0ec61
0ec6c
0ec7b
0ec82
0ed00
0ed13
0ed1a
0ed80
0edff
0ee10
0ef5d
0f1cd
0f214
0f291
0f3e7
0f427
0f434
0f4f3
0f558
0f564
0f594
0f5bb
0f64e
0f666
0f7c8
0f7e6
0f825
0f82e
0f843
0f93c
0f974
0f988
0f98e
0fa19
0ffe2
10077
1019d
101aa
101bd
101cd
10224
10244
10256
102f0
10306
10314
1031a
103fd
1040a
105e6
1066d
10672
106d5
10782
10786
0de45
0de4c
0de5c
0de68
0de70
0e15b
0edae
0edbd
0edc5
0ee24
0ee30
0ee38
0f03f
0f260
0f2a7
0f323
0f3f3
0f43d
0f470
0f518
0f541
0f54e
0f55f
0f56d
0f58d
0f5a9
0f5b9
0f5c5
0f5e8
0f6ae
0f76e
0f79e
0f7c5
0f82c
0f864
0f86d
0f889
0f990
0f9b0
0f9c5
0f9ce
0facc
0fb96
10143
102b0
102c9
102e5
10321
10339
10408
1041e
104b8
1067c
106d6
106da
10788
1078c
0deac
0deb3
0dec3
0decf
0ded7
0e19a
0edd6
0ede3
0edeb
0ee48
0ee55
0ee5c
0f05c
0f275
0f2bc
0f337
0f3ff
0f43e
0f447
0f4c9
0f577
0f5a0
0f5ad
0f5be
0f5cc
0f5f5
0f608
0f618
0f624
0f647
0f78a
0f7d6
0f7f0
0f812
0f883
0f89f
0f8ba
0f993
0f9c9
0f9ec
0f9fe
0fa8d
0fbcb
10173
10228
1023f
102eb
1033e
10355
10427
1043d
104cd
1068b
106e4
106e8
1078e
10792
0df13
0df1a
0df2a
0df36
0df3e
0e047
0ed06
0ed15
0ed1d
0edf9
0ee75
0ee7c
0efc7
0f20c
0f2d1
0f34b
0f40b
0f448
0f451
0f528
0f5d6
0f5ff
0f60c
0f61d
0f62b
0f654
0f667
0f677
0f683
0f6a2
0f7c7
0f813
0f827
0f847
0f897
0f8d2
0f8db
0f8f7
0f9fd
0fa20
0fa35
0fabc
0fbfa
1019d
10224
10241
10265
1035a
10373
103f9
1044c
10460
1069a
106f2
106f6
10794
10798
0df7a
0df81
0df91
0df9d
0dfa5
0e08c
0ed30
0ed3e
0ed47
0ee1d
0ee99
0eea0
0efe5
0f221
0f2e6
0f35f
0f417
0f452
0f45b
0f581
0f633
0f64b
0f667
0f66f
0f67b
0f691
0f6b0
0f6cc
0f6d4
0f6df
0f702
0f71c
0f803
0f84b
0f8ce
0f90b
0f918
0f92e
0fa14
0fa50
0fa64
0fa6d
0fbab
101ce
1024a
10262
10283
10376
1038b
103b1
10418
10476
106a9
10700
10704
1079a
1079e
0dfdb
0dfe2
0dff2
0dffe
0e006
0e0d1
0ed5a
0ed69
0ed70
0ee41
0eeb9
0eec0
0f003
0f236
0f2fb
0f373
0f423
0f45c
0f465
0f4b9
0f4d6
0f4ec
0f4fd
0f508
0f5ed
0f6a4
0f6bd
0f6c6
0f6d6
0f6e4
0f71f
0f73f
0f759
0f83a
0f905
0f942
0f94f
0f965
0fa49
0fa84
0fa99
0faa2
0fbe0
101fb
1026c
10285
102a5
102fc
1038e
103d0
10437
1048c
1065e
106bb
10701
107a0
107a4
0ddde
0dde5
0ddf5
0de01
0de09
0e116
0ed84
0ed93
0ed9a
0ee00
0ee0d
0ee14
0f021
0f24b
0f292
0f30f
0f42f
0f466
0f46f
0f4b3
0f4e2
0f4ef
0f500
0f50e
0f52e
0f54a
0f55a
0f566
0f591
0f653
0f731
0f761
0f787
0f7f5
0f93c
0f974
0f980
0f996
0fa7e
0fab4
0fac8
0fad1
0fc0f
10111
1028e
102a7
102c7
10306
1031d
103e9
103ff
104a2
1066d
106c8
106cc
107a6
107aa
0de1d
0de24
0de5f
0de69
0de70
0df90
0e078
0e08d
0e094
0e2e0
0ee96
0eea0
0ef5a
0f0f1
0f31f
0f397
0f438
0f479
0f4ac
0f517
0f524
0f560
0f583
0f58b
0f5bb
0f640
0f669
0f72e
0f748
0f752
0f764
0f778
0f791
0f82c
0f8ee
0f90b
0f922
0f97d
0f9b0
0f9c5
0faa6
0fae8
0faf4
0fb05
0fb96
0fc44
10145
10376
1038c
103a3
10400
104b0
10534
1071a
1072a
107ac
107b0
0de84
0de8b
0dec6
0ded0
0ded7
0dff1
0e0bd
0e0d2
0e0d9
0e319
0eeb6
0eec0
0ef81
0f10b
0f333
0f3aa
0f442
0f47a
0f483
0f576
0f583
0f5bf
0f5e6
0f5f3
0f61a
0f69d
0f6c2
0f6f6
0f76d
0f78b
0f797
0f7af
0f7cc
0f7d9
0f905
0f932
0f949
0f96a
0f9cb
0f9ec
0fa07
0fae2
0fb22
0fb38
0fb48
0fc79
10174
10304
1038f
103c2
1041f
104c5
10547
10728
10737
107b2
107b6
0ddf4
0def8
0deff
0df2d
0df37
0df3e
0e102
0e117
0e11f
0e1e4
0ee06
0ee10
0efa7
0f081
0f347
0f3bd
0f44c
0f484
0f48d
0f4de
0f4f3
0f5d5
0f5ef
0f61e
0f646
0f652
0f67d
0f733
0f7aa
0f7c8
0f7d4
0f7ee
0f809
0f816
0f93c
0f969
0f979
0f99c
0f9e0
0fa1a
0fa33
0fb1d
0fb57
0fb6d
0fb79
0fcae
1019f
10306
10320
103e1
10435
104d0
104e4
10735
10744
107b8
107bc
0de5b
0df60
0df66
0df94
0df9e
0dfa5
0e147
0e15c
0e164
0e223
0ee2a
0ee34
0eee5
0f09d
0f35b
0f3d0
0f456
0f48e
0f497
0f53d
0f552
0f634
0f650
0f67a
0f69f
0f6aa
0f6d2
0f770
0f7e7
0f805
0f810
0f825
0f840
0f84e
0f86c
0f87d
0f8d5
0f99b
0fa15
0fa53
0fa64
0faec
0fb71
0fb97
0fba4
0fc2c
101d0
10321
1033c
103b2
10402
1046e
104f8
10742
10751
107be
107c2
0dec2
0dfc2
0dfc9
0dff6
0dfff
0e006
0e186
0e19b
0e1a2
0e262
0ee4e
0ee58
0ef0c
0f0b9
0f36f
0f3e3
0f460
0f498
0f4a1
0f4b9
0f4c6
0f4cf
0f4ff
0f599
0f5ac
0f6a4
0f6bd
0f6f1
0f6fa
0f716
0f723
0f836
0f844
0f852
0f880
0f8a3
0f8ba
0f917
0fa4a
0fa87
0fa99
0fb21
0fba6
0fbcc
0fbdb
0fc61
101fd
1033e
10358
103d1
10421
10484
1050c
1070d
10711
107c4
107c8
0ddb6
0ddbd
0ddf8
0de02
0de09
0df29
0e033
0e048
0e04f
0e2a1
0ee72
0ee7c
0ef33
0f0d5
0f30b
0f384
0f46a
0f4a2
0f4ab
0f4b3
0f4c7
0f510
0f525
0f52e
0f55e
0f5e3
0f60b
0f6eb
0f70b
0f719
0f727
0f73d
0f757
0f7f5
0f8b4
0f8da
0f8eb
0f94e
0fa7f
0fab7
0fac8
0fb56
0fbdd
0fbfb
0fc0c
0fc96
10112
1035a
10374
103e9
10438
1049a
10520
1070e
1071d
107ca
107ce
0f4ff
0f50b
0f6d7
0f6e5
0f722
0f7ba
0f83a
0f83e
0f852
0f8fe
0f932
100b5
10133
10153
1015b
1025e
10371
103c7
103d2
1048d
1050c
105a4
106c0
10713
107a2
107c7
107d3
107d7
107db
0f503
0f512
0f565
0f570
0f712
0f726
0f75d
0f7f6
0f7fa
0f937
0f96d
100e3
10165
10185
1018f
10281
1038a
103e7
103f2
104a6
10522
106ca
1071c
1077b
107a9
107d0
107df
107e3
0f55f
0f569
0f5bb
0f5c5
0f74c
0f750
0f764
0f79c
0f82e
0f962
0f98d
0ffe7
0ffeb
10197
101bc
101c1
102a8
10308
1040b
10412
104bd
10537
106d9
1072a
10784
107ad
107e7
107eb
107ef
0f5bf
0f5cc
0f61b
0f625
0f6f7
0f6fb
0f78c
0f7a0
0f7d7
0f881
0f994
1001b
1001f
101c9
101ee
101f3
102ce
10328
1042b
104cd
10546
10576
106e9
10739
1078f
107b4
107f3
107f7
107fb
0f61f
0f62d
0f67f
0f689
0f735
0f7c6
0f7ca
0f7de
0f816
0f890
0f8c4
1004f
10102
1020e
1021c
102e1
1033a
10442
1044d
10461
104e4
10586
106f8
10747
10796
107bb
107ff
10803
10807
0f67c
0f68e
0f6dc
0f6e7
0f773
0f804
0f808
0f81e
0f855
0f8c9
0f900
10083
100ff
10123
1012d
1023d
10357
103a9
103b4
1047a
104fa
10702
10750
1076b
1079d
107d1
1080a
1080e
0f59c
0f5a0
0f68b
0f717
0f723
0f846
0f853
0f88d
0f916
0f993
0fa3c
0fa67
101d9
101dd
1024c
10261
10267
10323
1042a
10431
10478
1050b
10576
1070f
1075b
107c5
107d3
107f5
10814
0f5fc
0f600
0f6e8
0f71d
0f72c
0f758
0f768
0f892
0f8c8
0f94e
0fa72
0fa9e
10207
1020b
1026f
10285
1028b
10344
10449
10488
10490
10520
10586
1071d
10764
107cc
107de
10800
10819
0f50f
0f65c
0f752
0f75b
0f78f
0f796
0f8b7
0f8ee
0f97c
0f980
0faac
0fad1
10117
1028e
1029f
102a9
10356
103a8
103b3
1049f
104a8
10536
105c1
1072c
107a7
107af
107ea
10817
1081e
0f572
0f6b6
0f794
0f79e
0f7cd
0f7d8
0f865
0f869
0f8ff
0f936
0f9d9
0fadd
10149
102b1
102c2
102cc
10372
103c8
103d3
104b8
104bf
1054a
105d1
1073a
1078c
107d6
107f6
1081f
0f4de
0f4e2
0f5cd
0f7d2
0f7df
0f80b
0f817
0f89d
0f92b
0f95c
0f9d2
0f9fe
10177
1017b
1022a
102e6
102eb
10390
103ec
103f3
104cf
104e3
10558
10743
1077b
107b9
107e2
10802
10824
0f53e
0f542
0f630
0f810
0f820
0f843
0f857
0f8d5
0f963
0f98e
0fa04
0fa31
101a9
101ad
10227
10241
10247
1030c
1040c
1045c
10464
104f8
10568
10751
10784
107c0
107ee
1080e
10828
0f552
0f56b
0f781
0f785
0f81b
0f87f
0f88e
0f992
0f99b
0f9ce
0fa5a
0fad5
0fb73
0fbab
10310
1031b
10324
10424
1042f
104b5
104be
104f7
104fd
105d1
1075c
107c2
107f5
1082a
1082e
0f5b2
0f5cb
0f7bf
0f7c3
0f854
0f888
0f894
0f8bf
0f8ca
0f9da
0fa0e
0fa90
0fba9
0fbe1
1032d
10338
10342
10443
1044e
104cd
104d4
1050d
10585
1060c
1078f
107d2
10800
1082f
0f60e
0f612
0f62c
0f727
0f7fd
0f8b4
0f8c0
0f8eb
0f8f7
0fa03
0fa2f
0fabc
0fac0
0fbe7
0fc12
1034a
1035a
1035f
103ae
103b5
10462
1051b
10522
10595
1061c
10798
10804
10827
10834
0f66e
0f672
0f68f
0f767
0f835
0f8f2
0f8fa
0f923
0f930
0f9af
0f9b3
0fa43
0fa78
0fb17
0fc1b
10367
10377
1037d
103ce
10472
1047a
10530
10538
105fd
10773
107ad
107d8
10815
10839
0f6c8
0f6e0
0f707
0f70b
0f7a1
0f92a
0f934
0f95b
0f96a
0f9e5
0fa71
0fa9c
0fb09
0fb41
102f4
10382
10391
103e6
103f1
10489
10492
10546
1054c
105b3
1077c
107b6
107e3
10837
1083e
0f4f4
0f50d
0f745
0f749
0f7e1
0f964
0f970
0f98f
0f9a1
0fa1b
0faa7
0facd
0fb3f
0fb76
102f1
10300
1030a
10406
10411
104a2
104a9
104e5
10567
10648
107a7
107e0
10801
1083b
0f517
0f55f
0f569
0f74c
0f750
0f764
0f8e5
0f962
0f9c5
0f9cd
0facc
0fad7
0fb0c
0fb96
0fb9a
0fc16
0fcbb
0fcec
10410
104b8
104bf
10535
10564
1056a
1062b
1078c
107e8
10821
10843
0f577
0f5bf
0f5cc
0f78a
0f78e
0f7a4
0f91d
0f994
0f9cb
0f9d6
0f9fb
0fa09
0fb0a
0fb42
0fbcc
0fbd0
0fcf5
0fd29
10432
104cf
10542
10549
10574
105df
10666
107b3
107f6
1083c
10847
0f5d7
0f61f
0f62d
0f7c8
0f7dc
0f886
0f951
0f955
0fa01
0fa0c
0fa35
0fa3f
0fb45
0fb79
0fbfc
0fd1d
0fd49
10443
1045c
10464
104e0
104e8
10586
105ef
10676
107bc
10804
10840
1084b
0f637
0f67c
0f68e
0f806
0f81a
0f8b8
0f983
0f987
0fa3b
0fa46
0fa6b
0fa7a
0faef
0fb74
0fbac
0fc45
0fd4d
103aa
10473
1047c
104f7
104fd
10596
10657
1079b
107fd
10814
10849
0f4b8
0f6d5
0f6db
0f83a
0f83e
0f852
0f877
0f8f4
0fa68
0fa73
0fa99
0faa1
0fb21
0fb25
0fbb2
0fbe3
0fc51
0fc82
103d2
1048c
10493
1050d
105a0
105a6
1060d
107a4
107d2
10819
1084f
0f4b3
0f501
0f50e
0f710
0f714
0f72a
0f8af
0f92c
0fa9f
0faaa
0fac9
0fad2
0fb57
0fb5b
0fbec
0fc1a
0fc8b
0fcc0
103f4
104a4
1051b
10522
10556
105c1
106a2
107cb
107e0
10834
10852
0f65c
0f72f
0f752
0f75b
0f8b7
0fa29
0fa2d
0faac
0fb05
0fb10
0fc14
0fc19
0fc4d
0fcd6
0fd4c
0fdf3
0fe1e
103a9
1049e
1052f
10536
10592
105be
105c4
10685
107b0
1081c
1084e
10857
0f6b6
0f76d
0f794
0f79e
0f8f5
0fa5f
0fa63
0fadd
0fb12
0fb1a
0fb3b
0fb4e
0fc56
0fc8a
0fd0c
0fe29
0fe54
103c9
104b6
10543
1054b
105a3
105ce
10639
106c1
107d6
1083c
10854
0f4de
0f4e2
0f7ab
0f7d2
0f7df
0f935
0f9d8
0fa95
0fb3c
0fb46
0fb6d
0fb77
0fc7f
0fcae
0fd38
0fd3c
0fe63
0fe89
103f1
104d3
104e3
104e9
1055a
105df
10649
106d0
10801
10840
1085b
0f53e
0f542
0f7e9
0f810
0f820
0f96e
0fa0f
0fac5
0fb72
0fb7f
0fba3
0fbad
0fc2b
0fc2f
0fcbf
0fcf4
0fd93
0fe97
10413
10468
104f9
10564
1056a
105f0
106b1
107bf
10823
10844
1085f
0f59e
0f6f2
0f844
0f849
0f993
0f9bf
0f9c3
0fa42
0fbb0
0fbb5
0fbdb
0fbe4
0fc61
0fce9
0fd18
0fd89
0fdb4
10424
10472
10507
1050e
10574
105fa
10600
10667
107c8
10814
10848
10863
0f5fe
0f6ed
0f71a
0f724
0f887
0f9f5
0f9f9
0fa79
0fbe6
0fbee
0fc0d
0fc1d
0fc97
0fd1e
0fd4a
0fdbf
0fdea
10444
1048a
1051c
10524
10586
105b0
1061b
106f9
107dd
10834
10855
0f7fb
0f7ff
0f899
0f8b6
0f8c6
0fa0d
0fb69
0fbd7
0fc41
0fc49
0fd44
0fd55
0fd7f
0fe12
0fe16
0fe92
0ff31
0ff59
103b4
10466
10524
10595
105ec
10618
1061e
106de
10827
1084e
10867
0f833
0f837
0f8d1
0f8f6
0f902
0fa43
0fb9f
0fc09
0fc48
0fc53
0fc77
0fc81
0fd8a
0fdb5
0fe48
0fe4c
0ff69
0ff9b
103d5
1047e
1053a
105a5
105fd
10628
10693
10714
10833
10862
1086b
0f709
0f905
0f928
0f92f
0fa71
0fb09
0fbd1
0fbd5
0fc83
0fc89
0fcad
0fcb8
0fdc3
0fdee
0fe78
0ff90
0ffb4
103e6
10488
10542
10555
1055b
105b4
10639
106a3
10722
1083c
10865
1086f
0f747
0f93d
0f960
0f967
0faa7
0fb3f
0fc01
0fc05
0fcba
0fcc2
0fce5
0fcf6
0fd6b
0fdf4
0fe1f
0febc
0ffbe
10407
104a0
104e1
10565
105be
105c4
1064a
10707
107ec
10844
1086d
0f781
0f785
0f862
0f992
0f99b
0fadb
0faff
0fb73
0fce6
0fcf1
0fd15
0fd1f
0fd9d
0fda1
0fe2e
0fe58
0fecb
0fef3
1042f
104be
104fc
10576
105ce
10654
1065a
106c2
10820
10848
10873
0f7bf
0f7c3
0f85d
0f888
0f894
0f9da
0fb35
0fba9
0fd1c
0fd27
0fd47
0fd4f
0fdd3
0fdd7
0fe68
0fe96
0ff03
0ff36
10450
104d5
10512
10587
105df
1060a
10675
10748
1082a
1085c
10876
0f953
0f9df
0f9fd
0fa05
0fb3e
0fca5
0fca9
0fd25
0fd83
0fd8c
0fe90
0fe95
0fec0
0ff4a
0ffbd
1005d
10086
1045c
104e0
10582
105eb
105f1
1064a
10675
106de
10786
1084a
10872
1087b
0f985
0fa15
0fa32
0fa40
0fb74
0fcdb
0fcdf
0fd59
0fd8e
0fd96
0fdba
0fdca
0fed0
0ff02
0ff7e
10091
100ba
10474
104f5
10593
105fb
10654
1065a
10686
1073b
10814
10862
10878
0f875
0f879
0fa4b
0fa6f
0fa76
0fbb2
0fc51
0fd11
0fdbb
0fdc4
0fdeb
0fdf2
0fef8
0ff21
0ffa8
0ffac
100c9
100ed
10492
10510
105a5
105b2
1060a
10690
10696
10749
10830
10865
1087f
0f8ad
0f8b1
0fa81
0faa5
0fab0
0fbec
0fc8b
0fd41
0fdf1
0fdfb
0fe21
0fe2a
0fea7
0feab
0ff35
0ff68
10001
100fb
104aa
10526
1055c
105c3
1061b
106a0
10707
1076d
1084f
10868
10883
0f8e5
0f9aa
0facc
0fad7
0fc08
0fc3b
0fc3f
0fcbb
0fe2c
0fe31
0fe57
0fe60
0fedb
0ff5e
0ff87
0fff7
10020
104b4
1052f
10565
105cd
105d3
1062c
106b2
106c2
10776
10845
1086c
10887
0f91d
0f9a5
0f9cb
0f9d6
0fb0a
0fc71
0fc75
0fcf5
0fe62
0fe6a
0fe8a
0fe99
0ff0f
0ff91
0ffb5
1002b
10054
104cb
10544
10575
105dd
10636
1063c
10668
10721
10824
1085c
10879
0fa93
0fa97
0fb1f
0fb43
0fb4b
0fc85
0fde5
0fe5c
0febd
0fec4
0ffb6
0ffc5
0ffed
1007a
1007e
100f6
1018e
101b3
104e9
1055b
105e1
10649
106a0
106ca
106d1
1076e
10840
10871
1088a
0fac3
0fac7
0fb55
0fb7c
0fb84
0fcbf
0fe1b
0fe8c
0fec3
0fecd
0fef1
0fefa
0fff8
10021
100ae
100b2
101c4
101f4
104fe
1056b
105f2
10659
106b2
106da
1073b
1078a
10845
10875
1088d
0f9c1
0fb87
0fba6
0fbb3
0fce9
0fd89
0fe4d
0fe51
0fefb
0ff01
0ff25
0ff2e
1002f
10058
100dc
101e8
1020c
10507
10574
105fa
10609
1060f
10668
106e9
10749
10793
1085e
10888
10890
0f9f7
0fbbd
0fbde
0fbe9
0fd1e
0fdbf
0fe7d
0fe81
0ff30
0ff38
0ff5a
0ff6a
0ffdb
1005e
10087
1011c
10216
1051d
10584
105b1
10619
10672
10678
106f9
10785
10805
10864
1087b
0fa29
0fa2d
0faea
0fc14
0fc19
0fd54
0fd7b
0fdf3
0ff5b
0ff65
0ff89
0ff92
1000b
1000f
10096
100be
1012c
10151
10538
10597
105c3
1062a
10682
10702
10709
1075e
10838
1086b
10891
0fa5f
0fa63
0fae5
0fb12
0fb1a
0fc56
0fdb1
0fe29
0ff8f
0ff99
0ffb9
0ffc0
1003f
10043
100ce
100fa
10162
10193
1054d
105a7
105d4
1063b
10693
106be
10721
107a2
10850
1086f
10893
0fbd3
0fc5b
0fc7c
0fc86
0fdbe
0ff1b
0ff1f
0ff97
0fff1
0fffa
100f4
100f9
10120
101a4
10215
10280
10298
10556
105af
10636
1069f
106a5
106f9
1071f
1076e
107cf
10864
10884
10898
0fc03
0fc91
0fcb2
0fcbd
0fdf4
0ff4f
0ff53
0ffc9
0fffc
10004
10026
10036
10131
10161
101d6
102a3
102bb
10566
105c0
10647
106af
10702
10709
1072f
1079c
107e9
1086d
10894
0fafd
0fb01
0fcc7
0fcee
0fcf3
0fe2e
0fecb
0ff83
10027
10030
10055
1005c
10156
1017d
10200
10204
102ca
102df
10579
105d3
10659
10667
106be
10736
1073d
107a5
107f7
10874
10899
0fb33
0fb37
0fcfd
0fd24
0fd2c
0fe68
0ff03
0ffb1
1005b
10065
10089
10092
10107
1010b
10192
101c3
10248
102ec
10589
105e3
10610
10677
106cd
10745
10785
107ba
1084a
1087a
1089d
0fb69
0fc26
0fd44
0fd55
0fe8b
0feb5
0feb9
0ff31
10094
10099
100bd
100c6
10139
101b8
101df
1023c
10254
10592
105eb
10619
10681
10687
106dd
10753
1075e
107c3
1085f
1087e
108a0
0fb9f
0fc21
0fc48
0fc53
0fd8a
0fee9
0feed
0ff69
100c8
100d0
100ee
100fd
1016b
101e9
1020d
1025f
10277
105a2
105fc
10629
10691
106e6
106ed
10715
10790
107d3
10866
10890
0fd0f
0fd13
0fd9b
0fdc1
0fdc7
0fefd
1004f
100c2
1011d
10124
1020e
1021c
10232
10292
10296
102e8
10340
10351
1044f
105b4
1060f
10695
106f7
10745
10764
10799
10802
10864
10892
0fd3f
0fd43
0fdd1
0fdf8
0fe00
0ff35
10083
100f0
10123
1012d
1014f
10158
1023d
10255
102b5
102b9
10360
1037e
103b7
105c5
1061f
106a6
10707
10753
1076d
107c0
1080d
10869
108a0
0fc3d
0fe03
0fe25
0fe2f
0ff5e
0fff7
100b3
100b7
10159
1015f
10181
1018a
10263
1027b
102d4
10371
10380
103cd
105ce
10628
106ae
106bc
106c3
10715
10777
107c9
107da
10882
108a4
0fc73
0fe39
0fe5b
0fe65
0ff91
1002b
100e1
100e5
1018c
10191
101b4
101c5
1022f
10281
10299
102f9
1038a
103ee
105de
10638
10665
106cc
1071c
10723
107a8
107de
107f0
10889
0fca5
0fca9
0fd66
0fe90
0fe95
0ffc4
0ffe9
1005d
101b5
101be
101e1
101ea
1024e
10252
102a8
102bf
10308
10319
10411
105f0
1064b
10677
106db
1072b
10783
1078d
107ed
1085f
1088e
0fcdb
0fcdf
0fd61
0fd8e
0fd96
0fed0
1001d
10091
101e7
101f1
10211
10218
10271
10275
102ce
102ee
10328
10346
10433
10601
1065b
10688
106eb
10739
1075d
107b4
107fa
10874
1089c
0f5cd
0f616
0f621
0fe4d
0fe51
0fed7
0fefb
0ff01
1002f
10179
101e8
10234
1023b
102da
102e9
102f8
10389
103ec
104cd
1060a
10664
106e6
10743
1074a
1078f
107bd
107fc
10877
108a5
0f630
0f676
0f681
0fe7d
0fe81
0ff0b
0ff30
0ff38
10067
101ab
10216
1023a
10244
10257
10260
10303
10315
1040d
10461
1061a
10674
106f5
10752
10783
10796
107ed
1080d
1087a
0f687
0f6cc
0f6d0
0f6df
0fd7b
0ff3b
0ff5b
0ff65
10090
10125
101d9
101dd
10261
10267
1027a
10283
10323
10335
10430
1047a
1062d
10686
10705
10712
1075d
1079d
107f4
10816
10891
0f4f8
0f4fc
0f514
0f6e8
0fdb1
0ff6f
0ff8f
0ff99
100c3
10157
10207
1020b
10285
1028b
1029e
102af
10344
10362
10451
10491
1063d
10697
106c0
10721
10767
107cc
107db
1081e
10898
0f50f
0f558
0f563
0fde3
0fde7
0fea4
0ffc2
0ffc7
100f6
10117
10187
1029f
102a9
102bc
102c5
10356
10368
103af
104a2
10646
1069f
106ca
10729
10730
107a7
107b1
107e9
10872
108a3
0f572
0f5b8
0f5c3
0fe19
0fe1d
0fe9f
0feca
0fed2
10002
10149
101b9
102c2
102cc
102dd
102e4
10372
10381
103cf
104b9
10656
106b0
106d9
10738
10773
1078a
107d7
107f7
10886
0f504
0f5f3
0f5f7
0f6c8
0f6e0
0f79f
0f7d6
0ff81
0ff85
10009
1002d
10033
1015c
102ca
102fc
10305
1038e
10393
103f2
10490
10549
10669
106bf
10739
1077f
107b3
107d9
107f7
10889
0f4f2
0f4f6
0f513
0f573
0f655
0f7dd
0f814
0ffaf
0ffb3
1003d
10062
1006a
10192
102ec
10307
1030d
1031a
1032b
10414
104a7
104e7
10679
106ce
10747
107a7
107ba
107e6
10803
1089b
0f552
0f56b
0f5c2
0f6ad
0f6b1
0f81b
0f84e
0feb7
1006d
1008d
10097
101b8
1023c
1031b
10324
10332
10339
1042a
104b8
104f7
10681
106d8
10750
1075b
1078a
107c1
107f4
1082e
108a7
0f4cc
0f5b0
0f5b4
0f5d1
0f631
0f729
0f854
0feeb
100a1
100c1
100cb
101e9
1025f
10338
10342
1034f
10358
1044a
104ce
1050c
10692
106e7
10710
10765
10791
107d2
107fa
10836
0f528
0f52c
0f610
0f629
0f680
0f725
0f75c
0ff1b
0ff1f
0ffd6
100f4
100f9
1021d
10286
1035a
1035f
1036c
10375
103b5
10464
10522
106a4
106f7
1071f
1076f
107cb
107de
10807
10883
0f588
0f58c
0f670
0f688
0f6da
0f763
0f79a
0ff4f
0ff53
0ffd1
0fffc
10004
10131
102ac
10377
1037d
10388
10397
103d6
1047b
10537
106b5
10706
1072d
1079b
107ae
107e9
10811
10896
