00001
000ff
02156
08c4a
00006
08c4b
04e4d
08c4c
0000a
0000b
002ff
08c4d
024cb
016fc
00302
00af5
00d26
00d27
0482f
00c90
00015
086e8
04832
086e9
044bc
044bd
044be
00e59
04e52
00e5b
00e5c
08c51
00022
00023
086ed
02237
00f39
00f3a
01540
04e57
01541
04e58
01d0b
086f0
0459b
01544
086f1
0459d
04752
0002e
08c58
086f3
04755
04756
04757
00036
00165
00166
04ac6
00168
00169
0016a
00330
00331
025a7
00333
00041
087d0
025aa
00044
00045
00cc2
08269
0490d
018b6
00cc5
00d5b
0004b
0004c
0004d
00f3b
00050
087d1
087d2
00053
01012
01de4
01de5
00057
087d5
08270
087d6
04675
087d7
04676
0005c
04912
01620
07fb9
04679
01622
00060
08274
0483a
045a4
00063
00064
00065
00099
01ebf
088b2
0006c
088b3
05019
088b4
00070
00071
00365
088b5
02685
01388
00368
00b5c
00d8c
00d8d
049ed
00cf6
0007b
08350
049f0
08351
0467c
0467d
0467e
01019
0501e
0101b
0101c
088b9
00088
00089
08355
01ec3
010f3
010f4
016fe
05023
016ff
05024
01997
08358
04227
01702
08359
04229
04916
00094
088c0
0835b
04919
0491a
0491b
0009c
00138
00139
00d2c
00d2d
050ff
04759
0475a
0475b
02761
00267
000a7
089a0
02764
000aa
000ab
00bf6
08435
04acb
01a70
00bf9
00dc3
000b1
000b2
000b3
010f5
000b6
089a1
089a2
000b9
011cc
01f9e
01f9f
000bd
089a5
0843c
089a6
04301
089a7
04302
000c2
04ad0
017de
08185
04305
017e0
000c6
08440
049f8
04230
000c9
000ca
000cb
00101
02079
000d1
000d2
00201
00202
04840
04841
00205
00299
0029a
000da
04c84
01549
00ac2
00df4
00df5
04ba7
00c2a
000e1
0851c
04baa
0851d
04308
04309
0430a
011d3
04c86
011d5
011d6
08a89
000ee
000ef
08521
0207d
012ad
012ae
0138a
04c8b
0138b
04c8c
01b51
08524
043e1
0138e
08525
043e3
04ad4
000fa
08a90
08527
04ad7
04ad8
04ad9
00104
00105
00106
00235
00108
00109
0010a
002cc
08b6b
023ee
01625
002cf
00ac3
00e27
00e28
0475c
00c5d
00114
08602
0475f
08603
043e5
043e6
043e7
04d6b
00e5f
0011c
0011d
0011e
0011f
012af
00122
08b70
08b71
00125
01467
04d71
01468
04d72
01c2e
0860a
044c8
0146b
0860b
044ca
04bb1
0012d
08b76
0860d
04bb4
04bb5
04bb6
0013b
00239
02688
0510d
010fc
010fd
010fe
053b2
00144
0510f
01c33
00434
00147
00148
00dc7
08c5d
0223b
00f43
00dca
00e64
0014e
0014f
053b5
04a00
00e68
00e69
01a78
053b7
01a79
053b8
02240
00156
04add
01a7c
00158
04adf
01391
05116
05117
01394
08c66
00160
00161
053bc
0511a
01471
01472
001a0
02314
00172
00173
05496
05497
05498
00177
04c91
01d10
00467
0017a
0017b
00dfa
087df
01dea
01020
00dfd
00f4b
087e1
04c94
04ae2
00f4e
00f4f
00f50
01b55
0549d
01b56
0549e
01def
00189
04bba
01b59
0018b
04bbc
01474
04c98
04c99
01477
087e8
00193
00194
054a2
04c9c
0154e
0154f
001d3
023f1
001a5
001a6
0557c
0557d
0557e
001aa
04d77
018bf
0049a
001ad
001ae
00e2d
088c5
01ec7
01101
00e30
01028
088c7
04d7a
04bbf
0102b
0102c
0102d
01c36
05583
01c37
05584
01ecc
001bc
04769
01c3a
001be
0476b
01551
04d7e
04d7f
01554
088ce
04d80
01628
001c7
001c8
001c9
001ca
00206
024ce
05662
001d9
05663
04e5e
05664
001dd
04e5f
0199c
0039b
001e0
001e1
00d2e
089ab
01fa4
011de
00d31
01109
089ad
04e62
0476e
0110c
0110d
0110e
01d13
011e1
04e63
01d15
0566a
01d16
001f0
04847
011e5
089b2
0162e
04e66
04e67
01631
089b4
001f9
001fa
0566e
04e6a
01708
01709
0023b
025ab
051e4
0020c
051e5
04f44
051e6
00210
04f45
01a7f
003ce
00213
00214
00d61
00d62
00217
08278
012bc
011e6
0484a
0484b
011e9
0021d
051ea
0484e
018c2
012be
04f49
018c4
051ec
018c5
00223
04924
012c2
08a98
0170b
04f4c
04f4d
0170e
08a9a
0022c
0022d
051f0
04f50
017e5
017e6
002d4
002d5
0102e
0036c
0036d
0036e
01b5b
00244
0502c
0291d
01b5e
00c2e
0215d
00d95
0024a
08b78
02160
02161
08b79
02162
0024e
04a05
00e75
08360
02165
00e77
00252
08b7c
04d84
0502f
012c6
00256
00257
01396
0268a
0268b
01399
08b7f
052d5
08b80
017e8
05035
05036
017eb
08b82
00271
0036f
02bb6
05671
01634
01635
01636
05916
0027a
05673
02168
00566
0027d
0027e
0110f
00280
05675
0139e
0139f
013a0
01114
01479
05677
0147a
089b7
01faf
011ef
05678
0147d
0028a
02771
018c9
05124
018cb
0567b
0591f
00292
00293
0567c
02c97
02c98
019aa
002d6
02842
051f3
01711
01712
01713
059fc
002ad
051f5
02245
00599
002b0
002b1
011f2
01480
01481
002b5
054a5
051f8
01484
01556
012ca
04ca2
0208c
05a01
0208d
002bc
0231f
012ce
08a9e
019ac
04ca6
019ae
051fd
05a05
002c5
002c6
051fe
02846
02847
01a87
00309
0291f
052d9
017ee
017ef
017f0
05ae2
002e0
052db
01df4
005cc
002e3
002e4
00e78
04d85
00e79
04d86
01639
002e8
023fb
00e7c
08b84
02170
0155c
04d88
04d89
012d2
002ef
05ae8
0558c
01a89
04d8c
01a8b
052e3
05aeb
002f8
002f9
052e4
02923
02924
01b64
0033c
029fc
05bc6
0030f
05bc7
053c2
05bc8
00313
053c3
01ed1
004cd
00316
00317
00e7e
05bcb
04e6c
0163f
01640
00e82
00e83
01714
053c7
01715
08c69
0224a
00f58
053c8
01718
00323
024da
01b66
04e72
01b68
053cb
05bd1
0032b
0032c
053cc
02a00
02a01
01c41
00371
02ad9
05748
00342
05749
054a8
0574a
00346
00347
054a9
02d6e
00501
0034a
00f5b
0034c
054ab
0171c
0171d
0171e
00f60
017f1
054ad
017f2
087eb
01df9
01035
054ae
017f5
00356
025b7
01c43
04f58
01c45
054b1
05753
0035e
0035f
054b2
02add
02ade
01d1e
00407
00530
01562
0049f
004a0
004a1
02090
02091
00533
05831
02e4c
00d66
05037
017f8
00380
00381
00382
05834
00384
0268f
00385
02690
01117
0503c
01ed7
00388
02693
013ab
018ce
02bb8
02bb9
0038d
0038e
05838
05839
01d20
05040
01d22
0559a
0583c
003a4
004a2
030e4
05bd5
01b6c
01b6d
01b6e
003ac
003ad
003ae
05bd7
03456
00699
003b1
05923
05682
01645
01646
01647
003b6
01720
04e75
019b2
003b9
02c9c
003ba
02c9d
019b5
05e80
024e0
003be
01dff
003c0
01e01
01e02
031c2
05689
0568a
01edd
01ede
003c8
003d8
0040a
01c48
00503
00504
00505
006c7
05f60
03531
006ca
003e2
05f62
03534
05203
01727
003e6
003e7
05f64
05a0a
003ea
02849
017fe
04f5c
025ba
05f65
025bb
01801
0575e
01a93
01ee0
003f2
05f67
003f4
003f5
01fb7
05f6a
0520c
05763
02d74
02d75
02d76
0040c
00535
01d26
01d27
00538
005ce
005cf
02321
00414
05840
03610
02324
01b6f
052e9
0269a
013ae
052ea
013af
052eb
0269d
0041c
0292b
052ec
01804
0041f
00420
0604c
05af0
00423
052ef
05845
05846
0604e
00429
02095
02096
06050
05849
0584a
02e53
00792
00440
004d4
0056a
00443
00444
00445
005fd
005fe
00448
05928
02401
013b2
0612f
053d0
01b77
01b78
013b6
013b7
01c4c
053d2
02777
0148b
053d3
0148c
053d4
0277a
00455
02a08
0209b
053d6
0209d
0592f
06135
0045d
0045e
05930
02f2e
02f2f
02176
004a4
03007
05cac
00475
05cad
05a0c
05cae
00479
05a0d
024e2
00632
0047c
0047d
05765
054b6
01491
01492
01493
00482
01566
04ca9
01d2a
00485
02ae2
00486
02ae3
01d2d
05cb4
0232a
0048a
02179
0048c
0217b
0217c
03008
054bd
054be
02251
02252
00494
004a6
0053a
005d0
004a9
004aa
004ab
00663
00664
004ae
05af4
025c1
0156c
004b1
05af5
01d31
01d32
01d33
01571
018de
0559e
02403
0164b
0559f
0164c
055a0
02406
004bb
02bc2
055a1
01e04
01e05
004bf
004c0
004c1
02254
004c4
05d9e
004c6
004c7
00508
036ef
004d8
00601
020a1
020a2
00604
0069a
0069b
02bc3
004e0
0613c
03984
02bc6
01e09
01b7c
063e1
05be7
05e88
0613e
01e0e
02a09
004ea
031c9
01ee8
0613f
01ee9
004ed
031cc
01c5d
004ef
05beb
06141
06142
063e6
004f5
02409
0240a
063e8
06145
06146
036f5
0085e
0050c
064c2
05cbc
064c3
00510
006ce
007fb
007fc
00514
05cbe
02ca3
01c5e
064c7
05768
01eee
01eef
01c62
01c63
01fc3
01d36
054bf
02ae8
0051f
02d7a
01fc7
05cc1
01fc8
064ca
0240f
0576e
02411
05cc5
064cd
00529
0052a
05cc6
032a2
032a3
024ea
0056e
0337b
00540
00541
065a8
065a9
065aa
00545
05da3
02850
00830
00548
00549
02e54
02bc8
018e6
055a6
020a7
0054d
02e58
0054e
02e59
01d3b
01fca
01fcb
00552
06053
05da8
01fce
00556
024ed
00558
024ef
024f0
0337c
05855
05856
025c5
025c6
00560
00570
005a2
0072d
0072e
00575
00576
0668f
06690
03c19
00730
0057a
06692
03c1c
05933
018eb
0057e
0057f
06694
06148
00582
02f31
019c2
0568c
02ca6
06695
02ca7
019c5
05e90
02186
025c8
0058a
06697
0058c
0058d
0269f
0345a
0345b
00591
00592
0669b
0669c
005a4
00638
00639
01ef2
05f6f
05f70
01ef5
02a0f
005ac
05f72
037ca
02a12
02187
019c8
06215
05a1b
05cca
05f74
0218c
02853
005b6
0300f
02260
05f75
02261
005b9
03012
01aa3
005bb
05a1f
05f77
05f78
0621a
005c1
05f7a
03537
03538
0277f
02780
02781
00793
00794
06055
01fd0
01fd1
01fd2
038a5
00796
005e0
062fa
038a8
05aff
02265
005e4
005e5
005e6
062fc
005e8
030eb
01b82
052f4
02932
062fd
02933
01b85
0605c
01e18
02331
03614
03615
005f1
005f2
06300
06301
02783
05b08
02785
06062
06304
00608
00706
03b40
0669d
025cf
025d0
025d1
00610
00611
00612
0669f
03eb2
008fd
00615
020b1
020b2
00618
066a1
0233b
0233c
0218d
0061c
036f7
02416
0614c
02f3a
02191
0614e
02192
066a4
00622
0285b
00624
0285d
0285e
03c1e
06151
06152
02939
0293a
0062c
0063c
0066e
026ab
00767
00768
00769
0092b
06a28
03f8d
03f8e
031d0
00647
06a2a
05ccb
02194
0064a
0064b
06a2c
064d2
0064e
032a5
0226b
05a24
03016
06a2d
03017
0226e
06226
024f6
0293c
00656
06a2f
00658
00659
02a13
037ce
037cf
0065d
0065e
06a33
06a34
00670
00799
00672
00673
00674
00832
00833
02d7d
00678
06308
0406c
02d80
025d2
05db1
030f6
01e1b
05db2
01e1c
05db3
030f9
00680
03387
00682
00683
0630b
024fa
02274
00686
00687
05db7
0630d
0630e
06b16
0068d
02af1
02af2
06b18
06311
06312
038af
009f6
006a4
00738
007ce
006a7
006a8
006a9
00861
00862
006ac
063f0
02e5d
01e1f
025d9
025da
006b1
066ab
063f2
025dd
026af
01ef7
05bef
031d4
006b7
03462
026b3
063f3
026b4
06bfa
02af7
05e9e
02af9
063f7
06bfd
006c1
006c2
063f8
0398a
0398b
02bd2
00708
03a63
06774
006d9
00802
00803
006dc
006dd
064d5
02f3e
00896
006e0
006e1
01efd
01efe
006e4
064d7
026b9
026ba
01fd3
05771
0278d
006e9
0353e
006ea
0353f
02790
0677c
02d86
006ee
02bd5
006f0
02bd7
02bd8
03a64
05f85
05f86
02cad
02cae
006f8
0070a
0079e
00834
0070d
0070e
0070f
008c7
008c8
00712
065bc
0301d
01fd9
00715
065bd
02794
02795
02796
01fde
02341
06066
02e5f
020b8
06067
020b9
06068
02e62
0071f
0361e
00721
00722
065c1
03b44
03b45
02864
02cb0
00728
06866
0072a
0072b
0076c
0414b
0073c
00865
02afd
02afe
00868
008fe
008ff
0361f
00744
06c04
043f0
03622
02865
025df
06ea9
066af
06950
06c06
0286a
03465
0074e
03c25
02944
06c07
02945
00751
03c28
026c0
00753
066b3
06c09
06c0a
06eae
00759
02e65
02e66
06eb0
06c0d
06c0e
04151
00ac4
00770
06f8a
06784
06f8b
00774
00775
00a5f
06f8d
044cc
036fe
00a62
026c1
06f8f
06230
0294a
0294b
026c5
026c6
02a1f
06232
03543
0279a
06233
0279b
06234
03546
00785
037d8
02e6b
06236
02e6d
0678d
06f95
0078d
0078e
0678e
03cfe
03cff
02f46
007d2
03dd7
007a4
007a5
07070
07071
07072
007a9
0686b
032ac
00a94
007ac
007ad
038b0
02348
0606e
03625
07075
03626
0234b
0686e
02b05
0279e
07077
06319
02a27
02a28
027a2
027a3
007ba
02f49
007bc
02f4b
02f4c
03dd8
0631d
0631e
03021
03022
007c4
007d4
00806
00991
00992
007d9
007da
07157
07158
04685
00994
007de
0715a
04688
063fb
0234e
007e2
007e3
0715c
06c10
007e6
0398d
02425
06154
03702
0715d
03703
02428
06958
02be2
03024
007ee
0715f
007f0
007f1
030fb
03eb6
03eb7
007f5
007f6
07163
07164
00808
0089c
0089d
0294e
06a37
06a38
02951
0346b
00810
06a3a
04236
0346e
02be3
064e1
064e2
02be6
00817
00818
06cde
032af
02cbb
0081b
03a6c
02504
064e5
032b3
06cdf
032b4
0081f
064e7
06a3f
06a40
06ce2
00825
031d9
031da
06ce4
06a43
06a44
03f97
009f7
06dbe
06b1d
02a2c
02a2d
02a2e
04311
04312
0354a
00845
06dc2
065c7
02cc1
00848
00849
0084a
06dc4
0084c
03b47
025e5
05dbc
0338e
06dc5
0338f
025e8
06b24
02874
02d8d
04070
04071
00855
00856
06dc8
06dc9
031df
065d0
031e1
06b2a
06dcc
0086c
0096a
045ac
07165
0302b
0302c
0302d
0740a
00875
07167
03b4e
00b62
00878
00879
02b0d
02b0e
0087c
07169
02d97
02d98
02be9
00880
04153
02e72
06c14
03996
02bed
06c16
02bee
0716c
00886
032b7
00888
032b9
032ba
0468a
06c19
06c1a
03395
03396
00890
008a0
008d2
03107
009cb
009cc
009cd
00b91
00b92
04a09
00b94
008aa
074f2
04a0c
06793
02bf0
008ae
008af
074f4
06f9a
008b2
03d01
02cc7
064ec
03a72
074f5
03a73
02cca
06cee
02f52
03398
008ba
074f7
008bc
008bd
0346f
0423a
0423b
008c1
008c2
074fb
074fc
008d4
009fd
031e5
031e6
00a00
00a96
00a97
037d9
008dc
06dd0
04ae8
037dc
0302e
02876
065d1
03b53
008e2
03de1
03032
06dd1
03033
075da
008e6
008e7
06dd3
02f56
02cd0
008ea
008eb
0687f
06dd5
06dd6
075de
008f1
0354d
0354e
075e0
06dd9
06dda
0431b
00c62
00908
00909
00a32
0090b
0090c
0090d
00ac7
076bd
04bc4
038b8
00aca
0287b
03035
03036
00915
07173
06eba
03039
0310b
02953
066b7
03c30
0091b
03ebe
0310f
06ebb
03110
076c2
03553
06966
03555
06ebf
076c5
00925
00926
06ec0
043f6
043f7
0362e
0096c
044cf
0723c
0093d
0723d
06f9c
0723e
00941
06f9d
0399a
00afc
00944
00945
02959
0295a
00948
06f9f
03115
03116
02a2f
0094c
03f99
031ea
06a48
037e0
02a33
06a4a
02a34
06fa2
00952
03631
00954
03633
03634
044d0
06a4d
06a4e
03709
0370a
0095c
0096e
0096f
00a98
00971
00972
00973
00b2d
07325
04850
03a78
00b30
02a35
00979
07085
031f0
031f1
031f2
02a3a
02d9d
06b2e
038bb
02b14
06b2f
02b15
06b30
038be
00983
0407a
00985
00986
07089
045b0
045b1
032c0
0370c
0098c
0732e
0098e
0098f
009d0
04bc7
009a0
00acb
009a2
009a3
009a4
00b64
00b65
0103e
009a8
076cc
0407d
01041
032c1
0303b
07971
07177
07418
076ce
032c6
03ec1
009b2
04691
033a0
076cf
033a1
009b5
04694
0311c
009b7
0717b
076d1
076d2
07976
009bd
038c1
038c2
07978
076d5
076d6
04bcd
00d34
009d4
07a52
0724c
07a53
009d8
009d9
00ccb
07a55
04159
0111d
00cce
0311d
07a57
06cf8
033a6
033a7
03121
03122
0347b
06cfa
03f9f
031f6
06cfb
031f7
06cfc
03fa2
009e9
04244
038c7
06cfe
038c9
07255
07a5d
009f1
009f2
07256
0477a
0477b
039a2
00a36
04853
07331
03713
03714
03715
07b3a
00a0d
07333
011f9
00d00
00a10
00a11
0431c
04080
02da5
06b36
0355f
00a15
04320
00a16
04321
031fa
03482
03483
00a1a
075e3
07338
03486
00a1e
039a5
00a20
039a7
039a8
04854
06de5
06de6
03a7d
03a7e
00a28
00a38
00a6a
00bfd
00bfe
07419
032c8
032c9
032ca
03de4
00c00
00a42
07c22
03de7
06ec3
02daa
00a46
00a47
07c24
076d8
00a4a
043f9
02e81
06c1c
0415e
07c25
0415f
02e84
07420
0363e
03a80
00a52
07c27
00a54
00a55
03b57
04932
04933
00a59
00a5a
07c2b
07c2c
00a6c
00b02
00c31
033aa
00b9a
00b9b
00b9c
00e84
00a74
07502
03ec9
00e87
0363f
02e87
077a5
06fab
0725a
07504
03644
03d0b
00a7e
044d7
03718
07505
03719
00a81
044da
02f62
00a83
06faf
07507
07508
077aa
00a89
03c35
03c36
077ac
0750b
0750c
04a13
00c63
07886
075e5
03488
03489
0348a
03fa4
00c66
00aa8
0788a
03fa7
0708f
0371d
00aac
00aad
00aae
0788c
00ab0
045b3
03041
06884
03dea
0788d
03deb
03044
075ec
032d0
037e9
04aec
04aed
00ab9
00aba
07890
07891
03c3b
07098
03c3d
075f2
07894
00ad2
00c03
00ad4
00ad5
00ad6
00c9c
00c9d
01572
00ada
07c30
045bb
01575
03dee
076d9
076da
012dd
012de
00ae2
00ae3
0797b
076dc
0356a
0356b
0356c
00ae8
03645
06ecd
038cd
00aeb
04bd0
00aec
04bd1
038d0
07edf
04404
00af0
03d13
00af2
03d15
03d16
00e88
00b07
00b08
07fba
07fbb
00b0b
00b0c
00b0d
077b1
04698
00e06
00b10
077b3
03ecc
03ecd
00e8c
00e8d
00e8e
038d2
00b17
07a61
0725f
077b7
038d6
038d7
044dc
00b1d
0477e
039ab
077b8
039ac
00b20
04781
03727
00b22
07263
077ba
077bb
07fc7
00b38
00c69
03c41
03c42
00c6c
00d02
00d03
0172c
00b40
07898
04247
0172f
03fa8
00b44
00b45
080a6
0789b
080a7
00b49
0485a
032d2
0709a
045bf
080a8
045c0
032d5
0789d
03a8f
03728
080aa
07347
039b1
039b2
0372c
0372d
00b56
03ed3
00b58
03ed5
03ed6
01042
08186
00b6e
08187
0797e
08188
00b72
0797f
0180a
00d39
00b75
00b76
01044
01045
0818b
07982
07983
0408a
03a90
00b7d
07c3b
0742b
07985
03a94
03a95
0469a
00b83
04938
03b69
07986
03b6a
00b86
0493b
033b3
00b88
0742f
07988
07989
08193
00b9e
00c3a
00c3b
038d8
00cd2
00cd3
00cd4
013b8
00ba6
07a66
04407
013bb
04162
0750d
0750e
01123
01124
00bae
00baf
077bd
07510
033b6
033b7
033b8
00bb4
0348b
06d01
03c45
00bb7
04a16
00bb8
04a17
03c48
07d13
0424e
00bbc
0408d
00bbe
0408f
04090
00d9b
00d9c
07b49
039b6
039b7
039b8
044e2
00d9e
00bda
07df2
044e5
00bdd
00bde
07b4d
03d1a
03d1b
01202
03491
00be3
07b50
03c4c
03c4d
03c4e
03496
037f9
075f8
04327
03570
075f9
03571
075fa
0432a
00bed
04af6
04169
075fc
0416b
07b56
07dfc
00c0a
00d3b
00c0c
00c0d
00c0e
012e0
07431
03b74
00c11
0493f
00c12
04940
03b77
0844a
03dff
0432c
07c40
07c41
01811
01812
00c1a
00c1b
07ee3
07c43
03a98
03a99
03a9a
00c20
0424f
00c23
08450
00c25
00c26
00c6f
04091
00d6f
00d70
00d71
03c50
077bf
03ed8
00e91
077c0
00e92
077c1
03edb
00c47
04a1f
00c49
00c4a
07d1b
0440c
0440d
013c2
03b79
03e01
03e02
00c51
07fc9
07d1f
03e05
00c55
04334
00c57
04336
04337
01499
07dfd
0416f
04170
04171
03fb8
00c76
04af8
03801
07dff
03802
00c79
04afb
00f71
00c7b
07e01
044e7
044e8
0149d
0149e
0149f
03edd
078aa
078ab
03c59
00c85
0861b
080b0
04410
078ae
04412
07e08
0861e
00ca4
086f9
07ee6
086fa
00ca8
04bd4
0104a
076e4
04097
086fb
04098
0104d
07ee8
038e1
01577
086fd
0798f
07eea
045c6
045c7
045c8
07990
03806
00cb6
00cb7
08701
081a2
00cba
07993
07eee
07eef
08703
00cd6
00e07
03e07
03e08
00e0a
01126
07265
039ba
00cdd
04785
00cde
04786
039bd
0827e
04177
046a0
07a74
07a75
01657
01658
00ce6
00ce7
07d23
07a77
038e4
038e5
038e6
00cec
045c9
00cef
08284
00cf1
00cf2
00e3a
00d0b
00d0c
00d0d
01203
0734b
03a9d
00d10
04862
00d11
04863
03aa0
08364
03d2c
04255
07b5a
07b5b
01734
01735
00d19
00d1a
07e09
07b5d
039c1
039c2
039c3
00d1f
046a6
00d22
0836a
00d24
00d25
00d72
01c64
040a1
00d42
04339
01816
08705
01817
00d45
0433c
01054
00d47
08707
04867
04868
01d45
01d46
01d47
0425b
03fc5
089be
081aa
08454
0870b
04260
0478a
081ac
0478c
0870e
089c2
00d74
04415
0112d
07a7c
04180
08a9f
04181
01130
08288
013c8
018f1
04944
04945
00d7d
00d7e
08aa2
08aa3
07d2a
040a8
00d82
00d83
08aa5
0853a
00d86
07d2d
0828e
0828f
08aa7
00da6
01209
07b61
014a1
00da9
044f4
00daa
044f5
014a4
08b86
03d32
04a20
00dae
00daf
08b88
08371
08b89
00db3
08372
0441c
04186
04187
00db7
00db8
04949
00dbb
08b8c
00dbd
00dbe
00e0b
0157d
07ef1
03e0b
012e8
07ef2
012e9
07ef3
03e0e
00ddf
045d4
07ef4
01aac
01aad
00de3
00de4
00de5
03d33
08c70
07ef7
044fa
044fb
03d37
03d38
00ded
04a28
00def
04a2a
04a2b
01b87
03ee7
00e0e
046ad
0165c
0853b
0165d
00e11
046b0
00e9a
00e13
0853d
04bdb
04bdc
01b8b
01b8c
01b8d
045d5
07fdc
07fdd
045d8
00e1d
00e1e
087f3
04b04
07fe0
04b06
08544
087f6
03fca
00e41
04262
01739
08621
0173a
00e44
04265
00f77
00e46
08623
04790
04791
01c68
01c69
01c6a
046b2
03eee
088d8
080c4
08378
08627
046b7
04be1
080c6
04be3
0862a
088dc
00e9c
08711
04e78
08712
00f7b
0a2ef
078b2
00f7d
02199
00ea2
012ee
07fe1
00ea4
08b91
07268
00ea6
013c9
04a2c
00ea8
026c8
00ea9
026c9
00eaa
026ca
013cd
04a30
019d9
00ead
04421
08545
03ef4
08c78
03ef5
00eb0
04424
00eb1
04425
013d4
04a37
04e7a
013d6
1145e
05129
013d8
00eb7
08b95
05a28
06fb5
08379
04a3f
0837a
04a40
00ebc
08b98
04a42
013e0
013e1
013e2
00ec1
00ec2
013e5
07e17
00ec4
07e18
00ec5
0862e
00ec6
0ce6d
013e9
11464
00ec9
044fe
08b9d
021a2
08b9e
021a3
08631
021a4
00ecd
04502
014ab
0479a
021a7
052f7
01b8f
04d97
01b90
04d98
021aa
05b0c
021ab
00ed4
02435
01b94
04e7c
01b95
04e7d
03efb
08547
01b97
07fe5
03efd
087f8
03efe
0166c
07fe6
04d9a
01b9c
07fe7
0166f
0d326
04d9d
04e7f
01672
089c3
04e81
01ba2
01675
01676
00ee6
089c4
01ba6
01ba7
08ba0
01ba8
01ba9
0568f
00eec
096a5
01bac
0d32a
089c6
00eef
0a5c8
01baf
0372e
0479b
00ef2
04505
00ef3
04506
03731
0479e
03732
0479f
039ca
00ef7
077dc
03f06
04e87
0450b
00efb
08635
054c4
06a51
07e19
047a6
07e1a
047a7
00f00
08638
047a9
04513
04514
089c7
081ae
04516
04517
00f07
00f08
0451a
0cc86
07998
10eb6
08721
00f0c
09d45
0451e
10eb8
0cc8b
06fbb
0863a
06a54
0c8bf
06d03
0c8c0
06d04
11189
0863c
047b6
07279
08ba1
07fef
04da0
00f18
080cb
0a2f2
08c83
04e8b
11467
0a2f5
0727a
0cb94
080cd
1118b
07ff0
077df
0d32f
08d35
0727e
00f22
0cb96
07280
10ebe
080ce
077e0
00f26
09d48
00f27
0c9b1
00f28
0d332
08e28
08729
0cc8e
0872a
0cc8f
08e29
08d38
10ec2
0a2fa
0d335
094c4
0d336
094c5
00f33
10ec5
0cb99
00f7f
08293
04f5e
08294
01058
09e35
0799c
0105a
01ab1
0512b
014ad
04b0a
014ae
04b0b
014af
04b0c
01ab5
08c87
0227d
014b2
04b0f
00f8b
04521
00f8c
04522
014b5
04b12
014b6
04b13
03810
00f90
054c5
04b16
014ba
087ff
04f61
014bc
00f95
00f96
075ff
08c89
0709c
10fa5
078bd
014c1
00f9a
08c8b
04b20
04b21
014c5
014c6
014c7
0709d
08461
014c9
08462
014ca
08c8e
014cb
0d417
078c3
00fa5
01583
04872
00fa7
045dc
00fa8
045dd
00fa9
045de
01587
04876
01d4d
00fac
0250d
05bf3
02285
05dbd
02286
00faf
02510
00fb0
02511
01742
02a40
03fd6
080cf
03fd7
00fb4
04269
088dd
03fd9
00fb6
0426b
00fb7
0426c
01c7d
00fb9
05dbf
04e94
08730
01c80
00fbc
00fbd
0520f
01c83
00fbf
080d5
04f68
01c86
01c87
00fc3
05774
05dc0
07354
0d41b
080d6
00fc8
08aab
01c8e
0a6b7
04f6c
00fcb
09799
01c91
0d41e
0979b
03aa2
07355
032de
04879
032df
0487a
03aa5
078c7
03aa6
0829b
03fe1
03f07
080d9
00fd6
0829c
0487f
045e9
00fd9
00fda
0709f
08733
06b38
109f8
0735a
045ee
00fde
08735
04887
04888
00fe1
08aae
0488a
045f4
045f5
045f6
07a7d
10722
09889
00fe8
08aaf
045fa
0cd7b
082a4
00feb
00fec
0735e
0c9b6
070a2
109ff
0735f
1127a
081b4
00ff0
0c9ba
0c9bb
078c9
08e2c
08e2d
0873b
04f6f
082a5
00ff6
08f15
082a7
00ff8
0d420
081b6
1127c
0c9bd
00ffb
08e2f
0873d
00ffd
0d422
0873f
07367
0d423
08741
01001
08f18
08c97
07a7f
0caa2
07a80
0cd7f
082a9
10fb1
09e3e
095b4
0d425
095b5
10a07
09e3f
0100b
10fb4
0100d
10a09
09892
10a0a
09893
0c9c0
10fb7
0105b
01133
088df
0751d
088e0
05047
0105f
07d36
09f29
01e27
054c9
01bb1
04cae
01bb2
05bf5
01bb3
05bf6
01e2b
01066
02358
038e8
079a3
01590
04bf3
01591
04bf4
038eb
07f04
038ec
088e3
040b2
01595
088e4
04da2
04bfa
01070
08381
04bfc
0159a
0159b
079a6
01074
076e6
01075
0880e
04c01
01077
088e7
079aa
08810
088e8
04c06
04c07
076e7
08811
07184
0d04f
07437
0d050
07438
1109b
08813
015aa
018f7
04f73
0167d
04950
0167e
04951
0167f
04952
018fb
082b1
01e32
0181a
02b18
0108a
025eb
0108b
025ec
0181d
02b1b
0181e
02b1c
01d53
0108f
04344
01090
04345
01822
04896
01092
04347
01824
04898
01825
04899
04f78
01827
01097
07439
08816
04f7b
0182a
0182b
08ba5
0504e
0182d
0109d
0d50b
05051
052fa
01831
010a1
010a2
079af
010a3
010a4
01d6a
092dc
05053
1109d
092de
01d6d
0a7ab
08383
1109e
0a7ad
040b9
079b0
03b80
0743c
03b81
0743d
040bc
081c2
040bd
010b0
046c9
040bf
0743e
046ca
088ea
05056
0495d
046cd
046ce
0743f
010b8
07186
010b9
082b6
04962
010bb
08388
07443
07e1f
046d5
10aec
082b8
0838a
04969
0496a
0838c
010c4
0ce71
046dc
0997c
07e22
10aef
0997e
046df
0496b
07a85
010ca
07a86
010cb
07d37
010cc
0caab
0496f
10af3
010cf
081c4
010d0
0d511
08819
0751f
088ec
05058
09f2b
09008
0505a
010d6
082be
010d7
0cd85
07449
010d9
0881a
0744b
110a0
08f24
082c2
110a1
0cab1
07520
09f2e
08f25
08392
0ce76
096ab
10817
0900b
010e3
10af8
09982
110a4
09983
010e6
110a5
08f27
010e9
0900f
110a7
0c5ec
110a8
0c5ed
0cd88
010ee
0120f
01fe0
0113a
07b67
0a018
08465
01213
0a01a
0113e
026cd
0585b
01f05
05f89
01f06
01141
026d0
01142
026d1
013f0
02bfa
0418a
07d3d
0418b
01146
04429
08ab1
0418d
01148
0442b
01149
0442c
01909
0114b
05f8b
05060
08397
0190c
0114e
0114f
053e3
0190f
01151
07d43
05136
01912
01913
01155
05940
05f8c
07522
0d5fd
07d44
0115a
02436
088f1
01f0b
055b2
01f0c
088f2
01f0d
0115e
0243a
01687
047c2
04190
07ff9
039cc
07a8c
039cd
07a8d
04193
082c7
04194
01165
046e5
047c9
01167
05698
05138
01691
1118c
05779
047ce
047cf
080dd
01695
080de
01696
089d4
07a90
01698
01171
01172
01173
1118f
089d7
01176
07a93
0cb9a
07284
11190
07a94
0d5fe
0839a
0117a
0cb9e
0cb9f
01f10
0839b
019db
05064
019dc
05213
019dd
05214
01f14
01181
04272
0513a
0a89a
08468
01184
0a89c
053e6
0d601
093d2
01187
01188
04273
07d45
04197
0846a
04198
0118b
04276
0118c
04277
0349c
04a53
0118f
07a98
04a54
01191
089d9
05215
04a57
04a58
07b69
0427e
07b6a
0427f
0846d
0752b
04281
01199
0119a
0846f
04a5f
0119c
0119d
10bdf
08471
011a0
09a6c
0428a
10907
07f07
0cf64
08c9f
011a4
0cf66
09a71
067a1
080e3
04a65
080e4
04a66
083a4
04a67
10be4
07530
011ab
05065
083a6
05066
011ae
09012
07b6d
090f8
08476
011b1
0a01e
090fb
06fbf
0c5f4
06fc0
10be6
07a9a
07534
09014
083aa
011b8
10be7
0c5f6
011ba
0ce7f
07b6e
011bc
11198
0979c
10908
09a73
10be9
0a021
0847a
011c1
0c6dc
011c2
0c6dd
089dc
011c4
0d60a
09100
0a025
011c8
0cf6c
011c9
0cf6d
0d60d
0c5f9
020bc
04caf
012f4
07f09
01218
08ab5
076ea
0121a
014ce
019e1
05143
014d0
02cd3
014d1
02cd4
019e4
0569a
019e5
06070
01fe6
014d5
04a6a
014d6
04a6b
019e9
07e2c
014d8
04a6d
019eb
083af
019ec
01228
01229
05146
019ef
0122b
054cd
019f1
014e0
0122e
0122f
06071
05149
0847d
019f6
01232
05a2a
054ce
014e7
014e8
0847e
014e9
0175f
0489a
01fe8
0569b
01fe9
0569c
01d73
0585d
01feb
089e0
01fec
0123d
0428f
083b0
03d40
08ab6
03d41
01240
04292
01241
04293
0176a
048a5
01244
08550
048a8
01246
05219
04f81
01770
01771
0124a
07369
089e3
06dee
1127f
07b75
07b76
01776
11280
07b78
048b3
048b4
048b5
0177b
081c9
01254
081ca
01255
0847f
01256
0cc9b
0177f
11284
01259
0434a
089ea
01fee
089eb
01fef
08482
01ff0
0125d
0434e
0183b
04b2a
054cf
01260
094c7
019fe
0d146
0881f
01263
0a3e4
01a01
03574
04b2b
01266
04351
01267
04352
03577
04b2e
03578
04b2f
03816
0126b
03d4c
07e35
04cbf
04357
0126f
08484
05300
06885
081cb
04b36
081cc
04b37
01274
08487
04b39
0435f
04360
08820
07ffc
04362
04363
0127b
0127c
04366
0d054
077e2
10cd2
0855d
01280
09b61
0436a
10cd4
0d059
06df3
08489
06888
0c6e1
070a3
0c6e2
070a4
10fb9
0848b
04b46
076eb
08ac0
04cc2
0a10f
091ec
04cc4
0128d
07e36
0128e
0d14a
089ed
07618
0cf6e
07f0f
10fbb
07e38
07b81
0d14b
09107
0761c
01296
0cf70
0761e
10cda
07f10
077e3
0c7cc
077e4
0d05b
07b82
0129c
0d14e
091f0
08565
0d05c
08566
0d05d
091f1
0910a
10cde
0a116
0d151
092e6
0d152
092e7
012a7
10ce1
0cf73
020be
08567
01bb7
04cc6
01bb8
053e7
01bb9
053e8
020c2
012fd
04432
01abd
020c4
015ad
02882
01ac0
04cc8
015af
02884
015b0
02885
015b1
02886
01ac4
01306
04604
015b4
04b49
015b5
04b4a
01ac8
07f13
015b7
04b4c
015b8
015b9
07f14
04ccc
01acd
07f15
015bc
0d232
04da8
04da9
015bf
08902
04dab
01ad3
015c2
01316
08903
01ad6
01ad7
08ac6
01ad8
0191f
0131b
025f1
0131c
025f2
08ac7
020cd
0131e
025f4
0131f
025f5
01842
0497d
01321
0436d
01322
0436e
01845
04980
01846
04981
03b8a
01326
0864d
04984
01328
05303
04986
0184c
0132b
0132c
0744f
08acb
06ed4
11371
07c5b
01851
11372
07c5d
0498e
0498f
04990
01856
01857
06ed5
082ca
01859
082cb
0185a
08ad0
0185b
0d237
07c61
0133b
01ad9
095b8
04db0
11377
095ba
01adc
0a4d5
08650
11378
0a4d7
03e24
07c62
038ef
076f2
038f0
076f3
03e27
07f1a
03e28
01347
04438
03e2a
076f4
04439
08bb7
04db3
04c16
0443c
0443d
076f5
0134f
06ed8
01350
08570
04c1b
01352
08655
076f9
080e7
04444
10dc2
08572
08657
04c22
04c23
08659
0135b
0cba1
0444b
09c52
080ea
10dc5
09c54
0444e
04c24
077e7
01361
077e8
01362
07fff
01363
0c7d5
04c28
10dc9
01366
07f1c
01367
0d23b
08ad3
07285
08bb9
04db5
0a201
08d3c
04db7
0136d
08578
0136e
0d061
07286
0a204
07f1e
07c67
0d23d
091f9
07702
01374
0d062
07704
10dcc
093d4
10540
09c57
10dcd
091fb
08d3f
0137a
10dce
09c58
1137e
09c59
0137d
1137f
0d242
08d43
01381
11381
0c8ce
11382
0c8cf
0d064
01385
014ea
027b1
0140f
078d1
0a8a0
053ed
014ee
0a8a2
01413
0185f
08bbc
05306
08bbd
0506c
01417
0857f
0a7b1
07539
0890a
0506e
0901b
0506f
0141c
083b3
0141d
0901e
0192a
020d0
05308
01bbd
02e8d
01bbe
02e8e
020d3
05862
020d4
0623c
026da
01bc2
05bf9
04e9f
01bc4
077ef
01428
077f0
01429
053ef
020db
01bc8
0d8d4
0530f
053f0
01bcb
0142f
0d8d5
053f3
05948
020e3
020e4
020e5
053f4
01436
09c5d
020e8
0ab72
053f6
01439
0ab74
020eb
04372
04450
0143d
08ca7
04a71
0a2fd
07f1f
10bf0
08e39
01441
0a300
08e3b
05310
08bc3
05311
05074
092ea
07d5d
05153
08666
01448
093db
093dc
05312
0144b
0a8a7
093de
07287
08d44
07288
0d339
07d5e
077f6
0d616
08bc8
01452
0d617
08bca
078d4
0a8a9
08e3c
10bf2
09a79
1147c
09a7a
0d8de
09a7b
01459
0d619
093e1
08d48
1147f
0145d
0cf78
0145e
0cf79
092f1
01461
093e3
11482
014f1
054d1
04cd3
0874c
015ca
0a3e7
07f24
015cc
05156
08498
01a03
08cb2
01a04
0d154
07b84
0d155
08cb3
014fb
01c99
02f69
014fd
02a42
014fe
02a43
01c9c
02f6c
01c9d
02f6d
021b2
01502
054d4
021b4
01504
053fe
08cb4
0515a
0d9c5
053ff
01ca4
01508
0866c
021ba
021bb
0150b
0866d
054d8
021be
021bf
01cac
01cad
01cae
04f86
0ac62
0577e
01514
09d50
021c6
0d9c9
09d52
01517
01518
07e42
0452d
082cc
0151b
08f29
04b4f
09e44
08006
10fbd
08f2c
04b52
04cd5
0874e
01521
094cd
094ce
0515b
08670
0515c
01525
08cb8
0515e
01527
0d9cc
094cf
054e0
0152a
08cb9
0152b
0cf7b
078dd
0152d
0cf7c
078df
10fc0
093ea
078e1
01531
094d1
0882f
0d066
08f2f
10ce5
08f30
0d15e
08f31
10fc3
0a3f0
08833
01538
0d9d2
0cf7f
09e4c
10fc6
09e4d
0153d
10fc7
0153f
0d9d5
0243c
015ce
016a6
08009
015d0
0890e
07aa0
015d2
01adf
07f27
015d4
07f28
015d5
09200
07706
09201
079bc
0dab5
015d9
02b1e
05cdd
02362
06407
02363
015dc
02b21
015dd
02b22
01d7b
0304b
04cdb
08752
02291
08837
02292
015e2
05864
02294
015e4
06409
054e7
01d83
01d84
05dc1
055bd
0229a
01d87
01d88
015ec
015ed
015ee
022a0
09894
05079
0daba
0890f
015f2
0ad57
08910
0dabc
0ad59
079bf
0452f
0507a
09f34
083b5
015f9
09022
04c2d
10dd5
08913
015fc
015fd
07f2d
015fe
094d7
07f2e
01600
0d24b
07aa1
095be
055c4
01603
0d24c
094da
08916
01606
0dabf
082d1
0d51c
08f35
01609
094db
08f36
0160b
0d06f
0883e
0160d
110b3
082d3
080ed
09f3a
080ee
0cbad
08918
0cbae
08919
0cbaf
095c4
01614
110b6
0d252
08f39
09c66
0dac5
09c67
094de
0dac6
0a4e4
0161c
01781
0251a
016ac
07b85
0a5ca
0569f
01785
0a5cc
016b0
02bfb
05dc3
0243f
064ed
02440
016b3
02bfe
016b4
02bff
01930
03128
04dbe
082d4
01e40
0891d
01e41
016b9
0594c
01e43
016bb
064ef
055cd
01938
01939
05ea7
056a3
01e49
0193c
0193d
016c3
016c4
016c5
01bd2
0800f
016c7
08010
016c8
08d4c
0728a
08d4d
07aa6
0dbab
016cc
0594d
01e50
0ae47
056a7
0d33d
09989
01e53
0d33e
0998b
046e6
07aa7
047d9
09112
05164
111a0
089f8
016d7
0a029
047dd
111a2
0a02b
07aa8
095c8
08921
07aa9
0dbaf
095cb
056a9
089fa
04ea8
0a5cf
0a5d0
082db
056ab
0d341
0a5d2
07aaa
0cbb2
083ba
111a3
082dc
08924
0dbb2
0902f
07aae
0dbb3
095cf
080f2
016ec
09d54
016ed
0a02d
016ee
0a02e
016ef
0a02f
08a00
0dbb5
0a5d5
0cbb6
016f3
0911c
016f5
0cca3
016f6
0d348
096b8
0a5d7
01787
01865
08ad8
05220
08ad9
04f8c
0178b
0849d
0a6bf
0251b
05bff
01f17
056ae
01f18
056af
0251e
05eaa
0251f
01792
02cdd
01f1c
01794
05a32
01f1e
080f3
01a11
080f4
01a12
083bd
05224
01a14
0179a
0d6ee
05227
056b2
01f26
0179e
0179f
05f8e
065d6
083c0
017a3
078e2
08e48
07b8b
0d6f0
080f7
01cb2
08cbf
01cb3
0d42e
08e4d
05228
017aa
09a7f
01f2e
0a98e
0522a
017ad
0a990
01f31
04295
046e9
017b1
08add
048b7
0a119
07d5f
10a0c
09207
017b5
0a11c
09209
056b5
08a06
056b6
04eb1
096bc
080fb
04f8d
0849e
017bc
097a3
097a4
0522d
0d433
0a6c4
083c3
07621
0911e
07622
0d165
080fc
07b92
0d434
08a0b
017c6
0d435
08a0d
07c6e
0a6c5
0920a
10a0e
0989b
11298
0989c
0d6fa
0989d
017cd
0d437
097a9
09122
0cca9
017d1
0cd94
0a123
1129c
096c3
017d5
097ab
1129e
025f8
05781
01ff4
05230
01ff5
05231
025fb
05f90
025fc
0186f
0288c
01ff9
01871
05b18
01ffb
081d9
01aee
081da
01aef
084a3
05234
01fff
01877
01878
05867
02002
01af5
0187b
0187c
06076
066bc
084a6
01880
079c8
08f3a
07c71
0d7e2
081dd
01d8f
08841
01d90
0d520
08f3f
05319
01887
09b71
0200b
0aa80
0531b
0188a
0aa82
0200e
04297
04375
0188e
08bcf
04994
0a20b
07e47
10afe
08d53
01892
0a20e
08d55
05237
08aec
05238
04f97
097ae
081e1
0507c
0858d
01899
092f3
092f4
05239
0189c
0a7b5
092f6
07707
09210
07708
0d257
07d64
018a1
097b1
09212
018a3
0cd99
08af2
018a5
11389
08d56
10b00
0998d
1138a
0998e
0d7ec
0998f
018aa
0d529
092f9
08d5a
0d52a
08d5b
018ae
0d7ef
0cd9b
018b1
0d7f0
018b3
11390
01942
056b8
05166
083c5
01a21
0ae4d
083c6
01a23
02c01
0507f
01d94
07d65
0194a
0586b
07d66
0194c
01e55
08017
0194e
08018
0194f
07d67
01950
095d5
01e59
0dbbc
01953
02e92
025ff
0586c
02c05
05dc5
02601
0586e
02602
05dc6
02603
067a4
05084
082e4
02605
082e5
02606
0195c
0615e
02608
0195e
067a5
05872
020f9
020fa
066bd
05955
0260e
020fd
020fe
01966
01967
01968
02614
0b11c
05169
0de82
05959
0196c
0a219
02618
0de84
0b121
01970
082e6
055da
08afc
055db
05088
098a2
077fe
092fc
07d6f
01976
092fe
0508c
01978
0dbc0
056bb
08bdd
0516b
0ae51
09994
0516d
0a032
0516e
0a8af
09126
0dbc2
09995
05171
0de89
098a5
09997
05876
01984
0de8b
09035
01986
098a7
08bdf
084ac
0a8b1
09036
0de8c
0198b
0a8b2
0198c
0a8b3
098a9
0198f
0999b
0de8f
01a25
0523a
04ce8
084ad
01afe
0a993
084ae
01b00
04eb3
083c9
01f33
08a0f
01f34
083ca
01f35
0d701
056c0
01a2f
021c9
0349d
01a31
02f70
01a32
02f71
021cc
034a0
021cd
034a1
026e0
01a36
056c1
08be0
05175
0df70
054ec
021d2
0df71
05963
021d4
01a3c
08be2
026e8
026e9
01a3f
08be3
05a3c
026ec
026ed
021dc
021dd
021de
04cea
0d703
0a309
01a48
05ce1
026f4
0b211
05a40
01a4b
01a4c
083ce
04a77
05a41
09a84
0523e
01a50
0a998
08591
0a3f4
09217
0d166
094e2
0df77
0a999
09a88
01a56
07e54
01a57
0999d
07e55
01a59
08cc3
01a5a
093f5
07e58
0df7a
0999f
07e5a
01a5e
0d70a
099a1
08be7
05a44
01a62
093f7
07e5b
01a64
09a8b
09219
0d16b
093f8
0d16c
0921a
01a69
0a3f9
01a6a
0d16e
09a8c
0a99f
01b01
01bd9
05b1b
05321
08842
04dd1
01b05
08843
0aa87
05240
0e060
07f36
01b09
07c7c
097b8
07c7d
0d7f3
084b3
02014
027b8
05a45
022a7
0357b
022a8
0357c
027bb
05f94
027bc
06970
02894
022ac
05a48
01b14
05244
01b15
05b1e
027c1
01b17
05b1f
027c3
022b2
0e064
05a4c
05b20
022b5
01b1d
0e065
05b23
06078
027cb
027cc
027cd
05b24
01b24
0b301
027d0
09e50
055e1
0e067
09e52
027d3
04a78
08ccb
01b2b
07f3a
01b2c
09a8f
07f3b
01b2e
08844
01b2f
094e7
07f3e
0e06a
09a91
07f40
01b33
0801b
0aa88
05b28
04dd6
0d7f9
08d5c
11391
095d9
01b38
0a21e
01b39
0d25b
0aa8c
05248
01b3c
0d7fd
09a94
09b7c
079cb
0d25c
084ba
0801c
0aa8f
095db
11392
0a220
0e070
0a221
094ea
0d25f
09a96
0d800
0aa90
0d261
01cb5
02a48
01be0
05c02
0ab76
0540c
01cb9
0ab78
01be4
03129
06327
0296d
06a55
0296e
01be7
0312c
01be8
0312d
01e60
0365c
04ddc
08597
0236e
08598
0236f
01bed
05eb0
02371
01bef
06a57
05b31
01e68
01e69
0640b
05c07
02377
01e6c
01e6d
01bf7
01bf8
01bf9
02102
08599
02103
0d8e6
0508e
0859a
02105
08bea
02106
0d8e8
01c00
09f40
0237e
0d8ea
056c9
0b3f4
05eb2
01c04
0b3f6
09f45
04c30
01c07
04de0
0859d
04de1
01c0a
0859e
04de3
08d62
04de4
0d34a
08d64
01c0e
0d34b
09b84
04eba
0867b
01c11
09c69
05c0f
01c13
096ca
01c14
0a30f
04ebf
0a5da
04ec0
01c17
0d8ef
0859f
0540f
01c1a
0e160
0ab80
0892e
0dbcb
08850
0867c
01c1f
0a311
01c20
0d8f2
095e3
0a312
0e163
0a313
01c25
0e164
01c27
0d8f5
02b24
04f9b
01d9a
081e5
01cbe
05785
081e6
01cc0
01f38
03734
01cc2
03207
01cc3
03208
01f3b
03737
01f3c
03738
02449
01cc7
05410
08930
04ec3
0dc98
05249
01f41
0dc99
05787
01f43
064f1
05789
02451
01f46
01f47
01cd1
08933
02455
02456
01f4b
01f4c
01f4d
04ec4
093fa
04ec5
0dc9d
05413
08ccf
0517f
093fd
05414
01cdc
0245a
0af38
04f9f
0dc9e
0578d
01ce0
0a03b
0245e
0dca0
0af3d
08107
047e0
05415
08936
05416
04ec8
09c74
07b98
096d0
0810b
01cea
096d2
04ecc
01cec
0d9de
054f3
08a13
04fa1
0ac6d
09d5c
04fa3
09e54
04fa4
0a6cb
08f42
0d9e0
09d5d
04fa7
0dca5
09c77
09d5f
05792
01cf8
0dca7
08e57
01cfa
09c79
08a15
082ec
0a6cd
08e58
0dca8
01cff
0a6ce
01d00
0a6cf
09c7b
01d03
09d63
0dcab
01d9f
02db5
02523
05793
02b28
05ce5
02525
05795
02526
05ce6
02527
06c22
04fa8
08763
02529
08764
0252a
01da8
0607c
0252c
0252d
01dab
06c23
0579a
02024
02025
065d9
0587b
02533
02028
01db2
01db3
01db4
079cc
094ec
079cd
0daca
054f9
0dd8e
081ec
01db8
094f0
094f1
0587d
01dbb
0b02b
02539
0a12c
05332
0dd91
0a12e
0253c
047e1
08a1b
01dc2
081ee
01dc3
09d65
081ef
01dc5
08b01
01dc6
097c3
081f2
0dd94
09d67
081f4
01dca
07d76
0ad5e
05881
05094
0dad1
09038
110bb
09309
01dcf
09f48
01dd0
0d531
0ad62
054fe
01dd3
0dad5
09d6a
098b0
07c7f
0d532
082ee
01dd8
09d6b
0930b
110bc
0d534
08f4b
0930c
0dad7
0930d
098b2
0ad67
01de0
0d537
01f4e
0320d
01e73
05c1d
0b3f8
083d6
01f52
0b3fa
01e77
05b36
03130
055e6
08853
04fb5
01e7b
05dcf
0b309
05333
08855
04de9
09b8b
055e8
09b8c
055e9
0e429
08857
02388
02b2c
03131
06329
02b2e
05dd1
02b2f
05dd2
03134
06b40
03135
01e89
033cb
02b33
02b34
05dd3
02623
05eb6
04fb9
02625
01e8f
05b3d
01e90
05eb8
02b3a
01e92
01e93
06d11
05eb9
05eba
0262d
01e97
06c26
06d12
05ebc
01e9a
0b6c9
02b44
0a7c4
0596d
0e42f
0a7c6
02b47
04fbb
082f5
04fbc
01ea1
09e5c
07d78
0de90
05c1f
09f4c
07d79
0de91
0893c
055ee
01ea7
0885c
055f0
0dbcd
095e7
01eaa
0dbce
09e60
056d1
0b3fe
09f4f
056d3
0a5de
056d4
0ae5b
096d8
0e16e
09f50
056d7
0e436
09e61
09f52
05ec2
01eb6
0a5e1
01eb7
0e172
098b9
0a5e2
0e439
0a5e3
01ebc
0e43a
01ebe
0e175
02dbb
01f55
0202d
05f9a
01f57
08a22
0524f
01f59
02460
08110
01f5b
08111
01f5c
083d9
01f5d
09c7f
02464
0dcae
01f60
026f8
039d1
0320f
01f63
034a5
06c27
03211
06df5
03212
06c28
03213
01f67
01f68
056da
08940
050a2
02701
0e51c
050a4
02c15
08941
02c16
01f6e
06244
02c18
02c19
02708
02709
067a7
05fa1
02c1d
0270c
02c1f
0b7ba
05251
0e520
05fa3
01f79
0a8b7
02c23
0e522
0b7bf
05c27
09f56
09f57
083de
05182
084bd
01f80
083df
01f81
099ad
05185
0af43
05fa6
05254
0dcb1
097c8
0d446
09a99
01f87
0a6d2
01f88
0d714
0af47
056de
01f8b
08944
056e0
0d715
096df
01f8e
0d716
09f5c
057a3
01f91
0dcb7
0af49
097cb
0d447
099b0
01f95
097cc
0d719
097cd
01f98
0d71a
0a046
0e52d
02031
02109
0607f
05336
08b07
04d03
02035
06081
0b033
054ff
08a25
04fbf
09d6f
0525a
09d70
0525b
0e60d
08a27
02542
02ce6
05fa9
027d5
03aaf
027d6
03ab0
02ce9
064f8
02cea
06edc
02dc2
027da
057a7
02044
05fad
02cee
02046
06083
0518a
0525d
0e60f
05b42
027e1
0e610
05faf
02cf5
02cf6
0204e
0e611
06087
065dc
02cfa
02cfb
06088
02054
0b8ad
02cfe
0a3fc
05b45
0e613
0a3fe
02d01
04d04
097ce
04d05
085a5
0205b
09a9f
04d07
0b035
057a9
0a048
0a049
084c5
05260
02061
08a2c
05262
0d805
097d1
02064
0d806
0a04e
0533b
0b036
0a133
0533d
0a7c8
0533e
0aa93
09310
0dda6
0a134
05341
0e61a
0a04f
0a136
0608e
02070
0a7cb
02071
0aa96
02072
0aa97
0d80b
097d3
02076
0e61e
02078
0ddad
02f75
0541b
021e7
06166
02111
08bee
0541d
02113
02389
02896
0608f
0238b
03b8c
0238c
03b8d
02899
065de
0289a
06fc2
02e9f
02390
02391
0588a
0211d
06093
0289f
0211f
06169
05343
0e6ff
05c2b
02397
0e700
06095
06096
028a6
028a7
02127
0e701
066c6
028aa
050a8
082fd
02631
082fe
02632
08b0e
02633
0de93
0588e
0212f
028ab
0b99e
0541f
0e704
0616f
02133
0a4ef
028af
0e706
0b9a3
0588f
0a13a
0a13b
085ac
04dec
09314
04ded
0868b
0213b
09b97
04def
0b127
06099
05891
0e708
09316
0534b
0de97
085b1
0534d
0e70a
06172
05422
0de99
09400
0d62a
09c83
02147
0a8bc
02148
0d8fa
0b12b
05892
0214b
0de9d
0b12d
09403
0d62b
09b9a
0214f
09404
0d8fd
09405
02152
0d8fe
0a22a
0b12f
021eb
022c9
05ce7
05502
08cd3
04ed1
021ef
05ce9
0b217
02f77
02467
03c69
02974
06176
02469
03c6b
0246a
03c6c
0246b
03c6d
02978
06178
0246d
06179
04df2
0297b
021fb
021fc
05975
021fd
05cec
0297f
021ff
06247
02981
02476
02477
02203
02204
06a5a
070aa
02207
05976
099b2
056e5
0df84
05977
0e248
08690
0220b
099b6
099b7
05cf0
0220e
0b4e5
0298a
0a5e6
057b0
0e24b
0a5e8
0298d
04df5
08691
04df6
02215
0a22e
08112
0dcbc
05a57
0a314
08113
0dcbd
08cd6
0542e
0221b
08bf8
05430
0d9e9
09409
0221e
0d9ea
0a232
05507
0b21a
0a317
05509
0a400
0550a
0ac77
094f4
0df8c
0a318
0550d
0e252
0a233
0a31a
05cf6
0222a
0a403
0222b
0df90
09c8d
0a404
0e255
0a405
02230
0e256
02232
0df93
02a4f
03054
06249
02a51
05cf8
02a52
05cf9
03057
06a5c
03058
022d4
032ee
02a56
02a57
05cfa
0254c
05ddb
04ed9
0254e
022da
05a5b
022db
05ddd
02a5d
022dd
022de
0718f
05dde
05ddf
02556
022e2
06b42
07190
05266
08cd9
04d11
09aa5
05510
09aa6
05511
0e33b
08cdb
027ef
055f6
0e079
0a6d7
022ec
065e1
02a68
0b5d9
05de3
022ef
022f0
05cff
022f1
0e33f
08cdd
05513
09d7a
055f8
08860
04fc2
0dada
08300
022f7
0a321
0877a
022f9
09d7c
0877c
0e341
0a323
0877e
022fd
09e66
05de6
022ff
098c0
02300
0a4f3
055fd
0ad6a
055fe
02303
0e07f
08cdf
05b48
02306
0e345
098c3
0dadf
0dae0
094fd
098c4
0e083
098c5
09e6c
0e348
0230e
0dae3
0247c
03741
023a1
05c30
0b9a4
05601
02480
0b9a6
023a5
027f1
06331
0551a
08862
04d13
023a9
06333
0b8b5
0534e
08b14
04d15
0a145
04d16
023ae
085b4
023af
0a148
028b6
0305a
06334
02b49
03e2d
02b4a
03e2e
0305d
06892
0305e
0728c
0366a
02b4e
05b4e
023b8
05b4f
023b9
06338
03063
023bb
0641b
05520
05ece
02b55
0e9d8
0633a
03069
0306a
023c2
0e9d9
0641f
06978
0306e
0306f
06420
023c8
0bc75
03072
0ad70
05ed1
0e9db
0ad72
03075
04d19
0633c
04d1a
023cf
0886a
04d1c
023d1
06183
0b9a8
0894b
04ede
0ab8a
04edf
0b407
05523
023d6
0886b
023d7
09e6f
05b53
023d9
09e70
0886d
0e9df
0a40c
0886f
023dd
0a4fa
06425
023df
0ab8c
05c39
0b409
05c3a
023e2
0e71c
0a4fe
06426
023e5
0e71e
09e73
0ab8e
0e9e5
0ab8f
023ea
0e9e6
023ec
0e721
032ef
057b1
0255b
05d03
02485
08a2f
057b3
02487
0298e
06186
02489
06187
0248a
0a238
05435
0a239
05c3d
0eac7
0248e
02c26
03f09
02490
039d8
02491
039d9
02c29
03f0c
02c2a
03f0d
0313d
02495
05606
0894e
04e00
0eac8
05607
05608
02c30
0eac9
0560a
03144
0249c
067ac
03146
03147
02c36
02c37
06d13
06505
0314b
02c3a
0314d
0bd66
057b5
0eacc
06507
024a7
0ae63
03151
0eace
0bd6b
05c40
0a502
08951
05c41
0eacf
0a505
056e8
08a30
04ee3
0b4ef
09d80
0d9f2
0a053
0dcbe
0a506
05c42
09f66
083e8
0e52f
0650a
057b9
0e25e
0a054
024b8
0ac7f
024b9
0dcc1
0b4f3
05c43
024bc
09f68
08955
0ead3
0a508
08957
024c0
0e263
0b4f5
09f6a
024c3
09d84
024c5
0af51
024c6
0dcc6
0a5f2
0b4f7
0255f
02637
065e3
05268
08b16
04fc7
02563
065e5
0b5df
05524
08ce0
04ee5
0a329
04ee6
02568
08780
02569
0a32c
02a70
03214
0256c
03ab5
02d04
03fe8
0256e
03ab7
0256f
03ab8
02570
03ab9
02d08
057c0
02572
057c1
02573
06511
0321d
02575
065e7
056f0
060a6
02d0f
0ebbc
06513
03223
03224
0257c
0ebbd
065eb
06b44
03228
03229
065ec
02582
0be59
0322c
0a9a8
060a9
0ebbf
0a9aa
0322f
04ee9
06515
04eea
02589
08a38
04eec
0258b
05deb
0b5e0
08b19
050aa
0ad74
050ab
0b03f
0526c
09d86
0526d
0ddb1
06516
057c5
02593
0a05a
08a3b
0ebc3
0a5fa
08a3d
02597
0a6de
065f1
02599
0ad76
058a3
0b041
058a4
0259c
0e354
0a6e2
065f2
0259f
0b042
0ad79
0ebc8
025a2
0e357
025a4
0ebca
025a6
0e359
034a9
0597f
02715
05ed3
0263f
08bfd
05981
02641
028b7
040c3
02643
03b92
02644
03b93
028ba
040c6
028bb
040c7
02dc8
02648
0526e
08b1a
04fcb
0ecaa
0526f
028c0
0ecab
05271
02dce
02dcf
0264f
0697c
02dd1
028c6
028c7
06edf
066d0
02dd5
02dd6
028cb
028cc
04fcc
08303
02b5f
08b1c
02b60
0e43e
05b59
0e43f
08b1d
0265d
02dd9
0bf4a
05983
0ecb0
066d3
02661
0aa9b
02ddd
0ecb2
0bf4f
058aa
0a6e6
08b1f
058ab
0ecb3
0a6e9
05352
08bfe
050af
0b6d3
099b8
0dbd6
0a23d
0dea2
0a6ea
058ac
0a150
085b6
0e723
065fd
08b22
02671
0a153
058b0
02673
0e445
05ed6
02675
0b6d5
099ba
0dea6
0a23f
0ecb7
0b6d6
0a7d3
0267a
0e449
0b6d9
0a154
0267d
099bc
0dea9
099bd
02680
0deaa
0a7d6
0b6db
02719
05fb8
03587
05436
08ce2
05193
0271d
0624d
0b7c3
034ab
06c2f
02ea1
066da
02ea2
066db
034ae
06ee2
034af
02724
03c73
02ea6
05ed8
0299b
05ed9
0299c
066dd
05358
02eaa
0272a
0272b
06250
02ead
0272d
067af
02eaf
029a4
029a5
02731
02732
06fc6
07626
02735
05c48
09f6c
0598e
0e7f4
05edc
02c3e
08959
02c3f
0e532
09f71
06254
0273c
0ba91
02eb8
0ab92
05d14
0e7f7
0ab94
02ebb
04d1d
0a9ac
04d1e
0b223
050b5
066e1
050b6
02745
08c06
050b8
02747
05fbb
0b7c4
08ce5
0535d
0274a
08c07
0274b
0a243
05993
0274d
0a244
08c09
0e7fb
0a7de
08c0b
02751
0a8c2
06259
02753
0a9ae
05a6f
0b225
05a70
02756
0e53a
0a8c6
0625a
02759
0e53c
0a247
0a9b0
0e801
0a9b1
0275e
0e802
0df9d
0a8c9
02f7d
0625b
02a72
03d50
02a73
03d51
02f80
067b2
02f81
0770a
0358d
02a77
05a72
02803
05a73
02804
0625f
02f86
02806
06340
05440
05df7
02a7e
0e8e4
06261
02f8c
02f8d
0280d
0e8e5
06344
06898
02f91
02f92
05276
08a3e
05199
0a05f
0519a
02815
084d0
02816
0a062
02d1d
05b5a
0e625
0ac83
0281a
06b49
02f96
0bb85
06347
0281d
0281e
060aa
0b8b6
08873
04e05
0aa9e
04e06
0b315
0519b
06263
0519c
02824
08cec
0519e
02826
0e8ec
08781
0e35a
09ab1
02829
0a8cf
09ab2
05a7b
0e628
08cf0
05a7d
0e8ee
06349
05b5f
0e62a
09e7c
02831
0aaa1
02832
0e08b
0b8bb
060ac
02835
0e8f1
0e08c
09ab5
09e7e
0e62f
09e7f
0a418
0b8bf
0283c
0e08f
029aa
03c75
028cf
05b64
0bf50
0535f
029ae
0bf52
028d3
02d1f
06899
05278
0689a
04d22
028d7
0689b
0be61
0527a
0ef80
060b1
028db
058b2
0a6f2
058b3
0ecbf
06603
02de4
0358e
03b99
03078
04377
03591
0689d
0307a
04379
0307b
0437a
0307c
0437b
03595
060b2
0307e
060b3
0307f
03080
06982
05a83
03082
028ec
06984
0359c
028ee
028ef
07804
06985
06986
03089
028f3
0770e
07805
06988
028f6
0c221
035a6
0b31c
06435
0ef87
0b31e
035a9
04d27
06606
04d28
028fd
06607
04d2a
0a156
04d2b
0e724
0a158
02901
0e725
0a9b6
04e09
066e7
02904
0aaa5
06608
05444
0b136
05445
0b9b3
05a87
02909
0a41d
060bb
0290b
0aaa6
0698d
0290d
0b138
0619d
0b9b5
0619e
02910
0ecc8
0aaaa
0698e
02913
0a15b
0ef90
0b13a
0a511
0eccb
02918
0ef92
0291a
0eccd
03823
05d15
02a89
05d16
029b3
05c4b
05d17
029b5
02ebc
066ea
02ebd
0e804
050b9
066eb
02ebf
08c0d
02ec0
0e806
029bc
03154
04453
03c77
029bf
03f11
0770f
03c79
078e8
03c7a
07710
03c7b
029c3
05365
06992
04e0e
0f074
05b6b
05b6c
0315e
0f075
05b6e
03678
029ca
06d18
0367a
0367b
03164
03165
0728f
06a6d
0367f
03168
03681
0c312
05d19
0f078
06a6f
029d5
0b40f
03685
0f07a
0c317
05b6f
0aaae
05b70
05369
0f07b
061a6
0eada
0a24f
04e14
0e809
061a9
04e16
0f07d
05c4d
0ab96
05449
029e2
0e80b
0a33a
0df9e
0a5ff
0e26c
0aab4
0895b
0eadb
06a72
05d1d
0e80c
0a600
029ea
0b22b
029eb
0e26f
0ba9f
061ab
029ee
0e80f
0baa1
0a516
029f1
0a33e
0e271
0a33f
029f4
0e272
0ab9e
0baa3
02a8d
02b65
06b4b
0552c
06b4c
04fd6
02a91
06b4d
0bb8b
0544a
0f164
05d23
02a95
05a88
0a8d6
05a89
0e8f7
0626e
02f9e
03748
02a9a
03fed
03232
04532
02a9c
03fef
02a9d
03ff0
02a9e
03ff1
03236
05c50
02aa0
0544e
02aa1
06a79
03751
02aa3
06b4f
05c54
0660a
0323d
0f168
06a7b
03757
03758
02aaa
0f169
06b53
070b0
0375c
0375d
06b54
02ab0
0c405
03760
0af54
0660d
0f16b
0af56
03763
04ef5
06271
04ef6
02ab7
06272
04ef8
0a340
04ef9
0e35c
0a342
02abb
0e35d
0aba4
04fd7
0634f
02abe
0ac89
06273
05610
0b320
05611
0b5eb
057d1
0e35f
06a7e
05d2d
02ac5
0ac8a
06b59
02ac7
0b322
05e07
0b5ed
05e08
02aca
0e900
0ac8e
06b5a
02acd
0b5ee
02ace
0b5ef
02ad0
0e903
02ad2
0f176
02ad4
0e905
039dd
05ee3
02c43
05ee4
02b6d
058b5
05ee5
02b6f
02de5
032f8
06b5b
02de7
0460e
02de8
0460f
032fb
070b2
032fc
07ab5
03907
02dec
057d2
02b78
05531
02b79
02b7a
06b5f
03302
02b7c
06c35
066f3
02df3
0f258
06b61
06b62
03308
03309
02b83
0f259
0719a
0330c
04d2f
06354
0308d
08877
0308e
06355
0308f
0e9eb
05534
02b8b
0330d
0c4f6
05ee7
0f25c
06c3b
02b8f
0b047
03311
0f25e
0c4fb
057d7
0ac92
057d8
05537
0f25f
05e10
0ecce
09e87
04fe2
0e9ef
05e13
04fe4
0f261
058b7
0ad7a
05615
02b9c
0e9f1
09f72
0e182
0a7e9
0e450
0ac98
08b29
0eccf
06b65
0643a
02ba3
0bc81
09f74
0e452
0a7eb
0f263
0bc82
0ad7f
02ba8
0e9f5
0bc85
0a700
0e454
09f76
02bad
0b6e1
02bae
0e456
0ad82
0bc87
02c47
02d25
067b3
056f8
067b4
051a2
02c4b
067b5
0bd6f
039df
02ec3
046eb
033d6
06c42
02ec5
046ed
02ec6
046ee
02ec7
046ef
033da
05ef0
02ec9
05ef1
02eca
06c45
058bc
033de
02c58
02c59
067b8
033e1
02c5b
06d1b
033e3
02ed2
02ed3
02c5f
02c60
07542
07b9d
02c63
05c58
0a518
05c59
0eadc
05619
0eda0
05ef3
02c67
0a51c
0a51d
067bc
02c6a
0c03d
033ec
0b13e
06278
0eda3
0b140
033ef
050c3
06441
050c4
02c71
06442
050c6
09f78
050c7
0e540
09f7a
02c75
0e541
0ad88
051a3
0651f
02c78
0ae6d
05fcf
0b7ce
0a065
0dcc9
06443
058c1
02c7d
0a7f1
05efb
02c7f
0ae6e
067c1
02c81
0af5a
05fd3
0b7d1
05fd4
02c84
0eae6
0ae72
067c2
02c87
09f7d
0edac
0af5c
0edad
0af5d
02c8c
0edae
02c8e
0eaeb
034b1
03abc
06d1d
034b3
067c4
034b4
067c5
03abf
07544
03ac0
02d30
03d5a
034b8
05fd6
02fa7
05fd7
02fa8
02fa9
068a7
059a3
02fab
02d37
068a9
034bf
02d39
02d3a
07c82
068aa
068ab
02fb2
02d3e
0762a
07c83
056fe
08a42
04efe
0a60b
051a7
0a60c
051a8
0ee93
06526
0324b
060be
0ebd1
0b22f
02d48
070b5
034ca
0c131
068af
02d4b
02d4c
060c0
0be62
05a8b
051a9
06527
051aa
02d50
06528
051ac
0a06a
051ad
0e632
0a06c
02d54
0e633
0ae7a
0536b
0b04a
0536c
0b8c1
05704
02d59
0ee9a
0a06d
02d5b
0ae7d
068b1
060c3
0ebd6
0a428
02d5f
0b04d
02d60
0e637
0be67
06610
02d63
0ee9d
0e638
0a06f
0a42a
0ebdb
0a42b
0a9c4
0be6b
02d6a
0e63b
02ed8
041ad
02dfd
060c8
0c4fc
058c3
02edc
0c4fe
02e01
0324d
06e05
057dc
06e06
05288
02e05
06e07
0c40d
05539
06b69
04fe6
0ac9d
05289
0ac9e
0528a
0f52d
06b6b
03318
03ac2
02e0e
0437d
035ac
048c2
02e10
0437f
02e11
04380
02e12
04381
035b0
05fe4
02e14
057e2
02e15
06e0c
03acb
02e17
06eef
05fe8
0699a
035b7
0f530
06e0e
03ad1
03ad2
02e1e
0f531
06ef3
07460
03ad6
03ad7
06ef4
02e24
0c7df
03ada
0b8c8
0699d
0f533
0b8ca
03add
04d33
0a702
04d34
0ecd0
057e3
06e10
057e4
05290
0af60
0661b
02e2f
0a9c9
05293
02e31
0f270
058c4
06ef7
05370
0c501
0af63
066fd
0bf5e
0a7f5
0e459
06e11
0661f
02e39
0b052
06ef9
02e3b
0b6e4
06701
0bf61
06702
02e3e
0f274
0b056
06efa
02e41
0f276
0a9cb
0b6e6
0f53d
0b6e7
02e46
0f53e
02e48
0f279
03d5b
06279
02fb7
0627a
02ee1
061af
0627b
02ee3
033f0
05efc
02ee5
05efd
02ee6
06704
02ee7
0ad91
033f4
0edb2
02eea
04459
07c86
041af
07e62
041b0
02eed
0445c
02eee
0445d
0368c
049a2
05373
06c55
03ba6
06c56
03ba7
02ef3
06f00
03ba9
03692
03693
07293
06a81
03695
02ef9
02efa
07545
03bb0
03699
0369a
02efe
02eff
03bb5
0c8d0
0627d
0f624
06fdb
02f03
0b9bb
03bb9
0f626
0c8d5
061b0
0f086
0a7fb
02f08
06709
02f09
0b05b
0670a
02f0b
0aac0
0670c
0f628
0b05d
0670e
02f0f
0627e
0c046
061b3
058ce
02f12
0abaa
02f13
0b7d5
02f14
0f62a
06fde
06281
0edb8
0abac
02f18
0b7d7
02f19
0e81b
0c04b
0670f
02f1c
0edbb
0c04d
0aac2
02f1f
0a8ea
0e81d
0a8eb
02f22
0e81e
0b14a
0c04f
02fbb
03093
070b7
05a90
070b8
0553c
02fbf
070b9
0c137
05705
067d4
051b2
0ae81
05457
0ae82
05458
0f711
067d6
034d2
03c7c
06fe1
03765
04a7b
03766
04a7c
03c7f
07548
03c80
07f49
03d62
0376a
061b4
02fce
059b2
02fcf
06fe5
03c85
02fd1
070bb
061b8
06b72
03771
0f714
06fe7
03c8b
03c8c
02fd8
0f715
070bf
0762c
03c90
03c91
070c0
02fde
0c9c3
03c94
0b500
06b75
0f717
0b502
03c97
04eff
0a8ec
04f00
0e908
059b3
06fe9
059b4
0545e
0b14e
0628d
02fe9
0abb3
05461
02feb
0eea8
05a92
070c3
0553e
0c139
0b151
06367
0bb96
0a42d
0e63d
06fea
06291
02ff3
0b236
070c5
02ff5
0b8ce
0636b
0bb99
0636c
02ff8
0eeac
0b23a
070c6
02ffb
0bb9a
02ffc
0bb9b
0e90f
0a8f1
03000
0f722
03002
0eeb1
03f15
06447
03171
06448
0309b
05e19
06449
0309d
03319
04b57
0309f
04614
030a0
04615
0331c
04b5a
0331d
04b5b
03830
030a4
05a94
070ca
05540
0f802
05d37
03322
0f803
05d39
03836
03837
030ab
07464
03839
03328
03329
079d2
071a4
0383d
0383e
0332d
0332e
04d35
06620
035c1
06621
035c2
068bd
035c3
0ef97
05a98
030b9
03841
0cab4
0644b
0f808
071a7
030bd
0b5f3
03845
0f80a
0cab9
05e1a
0f27a
0a433
030c2
06373
030c3
0b23f
06374
030c5
0acaa
06376
0f80c
0b241
06378
030c9
0644c
0c22a
05e1d
05a9c
030cc
0ad94
030cd
0b9bf
030ce
0f80e
070d1
069a2
030d1
0c22d
0a520
0e9fe
0ad97
0f80f
0c22e
0b32b
030d6
0efa1
0c231
0acac
030d9
0a522
0ea01
0a523
030dc
0ea02
0b32e
0c233
03175
03253
06d1f
05c5c
06d20
05708
03179
06d21
0c31b
03f17
07717
03909
071ae
0390a
071af
03f1a
079d5
03f1b
03180
046f5
0390e
06454
033fd
06455
033fe
071b1
05e20
03912
03186
03187
06d24
03915
03189
07297
03917
03406
03407
0318d
0318e
07ab9
08117
03191
05b7c
0aac4
0537e
0f088
05b7d
0f34c
06457
03195
0aac8
0aac9
06d28
03198
0c5fb
03920
0b6ea
067e0
0f34f
0b6ec
03923
050cd
0a524
050ce
0eaec
05b7f
071b5
05b80
0562c
0b332
0645b
031a3
0ad9d
0562f
031a5
0f08e
05c5e
06d2b
0570a
0c31d
0a610
0e274
0ae87
0eaef
0b335
071b6
0645f
031ad
0b41a
06d2d
031af
0b506
06537
0bd7d
06538
031b2
0f092
0b41e
06d2e
031b5
0a529
0f358
0b508
0ae8b
0f095
031ba
0f35a
031bc
0f097
039e5
03ff4
07299
039e7
06d30
039e8
06d31
03ff7
07abb
03ff8
0325e
042a4
039ec
0653a
034db
0653b
034dc
034dd
06e13
05f07
034df
03265
06e15
039f3
03267
03268
081fc
06e16
06e17
034e6
0326c
07ba1
081fd
05463
06a8c
04f02
0abb7
0570d
0abb8
0570e
0f43f
06a8e
0377f
06622
0f17d
0b7db
03276
07631
039fe
0c6ef
06e1b
03279
0327a
0653e
0327b
0ae8d
05297
06b76
0327d
0af69
05c65
06d37
05c66
05712
0b424
06541
03282
0ae8f
05715
03284
0f180
06625
0be6c
0a709
0e367
06a91
05f0b
03289
0b429
06e1d
06627
0f182
0a9d4
0328d
0b5f9
0328e
0ebe3
0c413
06b78
03291
0f449
0ebe4
0a61b
0a9d6
0f187
0a9d7
0af70
0c417
03298
0ebe7
0340c
046f7
03331
0662c
0caba
05e27
03410
0cabc
03335
03781
07381
05d40
07382
057ec
03339
07383
0c9cb
05a9d
070d5
0554c
0b249
057ed
0b24a
057ee
0fad9
070d7
0384c
03ffa
06b7e
03adf
06b7f
03ae0
0746a
0654a
03ae2
03346
03347
0746c
04001
03349
08305
07388
0746d
03ae9
0334d
0334e
081ff
08306
03351
0be72
0400b
0f81a
06f08
0cd9e
07c8b
03355
0cda0
0be77
057f1
0af72
0662f
0f541
0654d
0b50a
0654e
05d49
0fae1
0acb0
057f6
0f81b
06b85
057f8
0fae3
06630
0b5fc
05e29
03362
0f81d
0ada0
0ea04
0b065
0f27f
0b510
070dd
06c66
0cac0
0b5ff
06c68
0c50c
0ada3
0f81f
0b600
06c6b
0fae6
0cac4
0b603
0acb2
0af77
03371
0c50e
0bc93
0fae9
0b513
03375
0b605
0faeb
03413
06d3a
059b7
06d3b
034ec
0c601
06d3c
034ee
05631
069ad
03925
069ae
03926
071bf
03927
0f35d
05e2c
0341d
03bbb
06632
0341f
05e2e
03420
07478
040da
03422
07551
06636
06fec
03bc2
0fbce
0747a
040e0
040e1
03429
0fbcf
07555
07abd
040e5
040e6
07556
0342f
0ce8f
040e9
0bf66
06fef
0fbd1
0bf68
040ec
0537f
0ada6
05380
0edc2
05e2f
0747c
05e30
058dc
0b608
06c73
0343a
0b06d
058df
0343c
0f362
05f10
07559
059ba
0c605
0b60b
067e7
0c050
0ae93
0eaf7
0747d
067e8
0c606
0b6f1
067ea
0c052
0ae95
0f365
0b6f2
067ed
0fbd8
0747e
0b6f4
0755c
0344c
0f368
0b06f
0bd84
0fbdb
0bd85
03451
0fbdc
03453
0f36b
04382
068c9
035c8
068ca
034f2
06295
068cb
034f4
03a01
06550
034f6
06551
034f7
067ee
034f8
0b42f
03a05
0f450
034fb
05f15
0755d
059be
0fcbe
06719
03c9b
0fcbf
0671b
041b9
041ba
03502
078f1
041bc
03ca1
03ca2
07e66
0763a
041c0
041c1
03ca6
03ca7
068cc
0f451
0baab
0350d
078f2
041c7
0cf83
0763e
03510
03511
067f2
03512
0b15d
059c0
06d45
059c1
03515
06d46
059c3
0eeb5
0ae9b
03518
0eeb6
0b6fc
05aa1
06e23
0351b
0b7e1
06d47
060d8
0be78
060d9
0c143
0671f
03520
0b6ff
07640
068d1
0f456
0b250
03524
0be7b
03525
0eeb9
0c6fb
06e25
03528
0fccb
0be7c
0b253
0f45a
0b160
0eebb
0b700
0f45c
0c6fe
0eebd
036a3
04460
035ce
0637c
0c7e4
060db
036a7
0c7e6
035d2
05ff8
07643
05aa4
0fdae
0629b
03850
0fdaf
0629d
03d68
03d69
035d9
079d9
03d6b
03856
03857
07f4c
07720
03d6f
03d70
0385b
0385c
0529b
06b88
03aef
06b89
03af0
06e29
03af1
0f543
05ffc
035e7
03d73
0d072
069b3
0fdb4
07723
035eb
0bb9f
03d77
0fdb6
0d077
0637e
0f826
0a9df
035f0
068db
035f1
0b7eb
068dc
035f3
0b256
068de
0fdb8
0b7ed
068e0
035f7
069b4
0c7e8
06381
06000
035fa
0b340
035fb
0bf6b
035fc
0fdba
0764a
06f0e
035ff
0c7eb
0aacc
0efaa
0b343
0fdbb
0c7ec
0b8d7
03604
0f54d
0c7ef
0b258
0efac
0aace
03609
0c239
0360a
0efae
0b8da
0c7f1
036a9
03787
0729b
061c0
0729c
05c6c
036ad
0729d
0c8d9
05b89
06f10
03e41
06f11
03e42
036b2
0729f
06385
0392f
03930
07abe
06d4a
03932
08032
072a2
03e4a
03e4b
03936
03937
036bd
036be
03bcb
06720
036c0
06721
036c1
069be
036c2
0b073
03bcf
0f636
036c5
0bc94
03e51
0f638
06d4b
0cbba
07ac1
036c9
0cbbc
0bc99
05b8d
0b346
06465
0f36d
06387
0b8dc
06388
060e5
0f8fd
0aad2
05b92
0f639
069c5
05b94
0f8ff
06466
0b9c4
061c3
036d6
0b432
036d7
0bab1
036d8
0f63b
0b8e2
06f18
06a9c
0c8dc
0b9c7
06a9e
0c328
0abbf
0f63d
0b9c8
06aa1
0f902
0c8e0
0b9cb
0aad4
0b34b
036e5
0c32a
0bab5
0f905
0b8e5
036e9
0b9cd
0f907
05c6f
06ff6
03f1e
06ff7
03f1f
0378f
072ad
03f21
03a0c
03a0d
07ba4
06e30
03a0f
03795
03796
078f4
03f28
03a13
03a14
0379a
0379b
03ca8
062a2
0379d
062a3
0379e
06aa4
0379f
0b165
03cac
0f728
037a2
0bd86
03f2e
0f72a
06e31
0ccac
07ba7
037a6
0ccae
0bd8b
05c73
0b438
06553
0f45f
06554
0b514
05d4e
037ac
06aa7
037ad
0b9cf
06aa8
037af
0b43a
06aaa
0f9f0
0b9d1
06aac
037b3
0af7e
037b4
0bba3
037b5
0f72d
0b9d4
06ffe
06b8e
0c9ce
0b517
06b90
0c41a
0acb7
0f72f
0b518
06b93
0f9f4
0c9d2
0b51b
0abc6
0f9f6
037c2
0c41c
037c3
0c41d
037c5
0f734
037c7
0f9f9
0385e
07731
05e35
07732
0393d
0d079
07733
0393f
04b5d
070e5
03cb0
070e6
03866
06aaf
070e7
03868
03d79
068e2
0386a
068e3
0386b
070e8
0386c
0b7f7
03d7d
0fdc4
0386f
062a9
078f9
05d54
10086
06ab1
04013
10087
06ab3
04543
04544
03876
08201
04546
04019
0401a
08785
079e3
0454a
0454b
0401e
0401f
071ce
0fdc5
08f4d
03881
08202
04551
0c421
079e7
03884
03885
070ec
03886
0b51f
05d56
07653
05d57
03889
07654
05d59
0f829
0b25d
0388c
0f82a
0baba
05e37
07734
0388f
0bba9
07655
06470
0c23a
06471
0cac9
06ab7
03894
0babd
079e9
071d3
0fdca
0b612
03898
0c23d
03899
0f82d
0d081
07736
0389c
10093
0f82e
0b25f
0b614
0fdcf
0b615
0babe
0fdd0
0d084
0f831
03a17
047ea
03942
06c7a
0cbbe
06473
03a1b
0cbc0
03946
0638e
0b8e6
060e8
0f908
0638f
10176
071d9
0394a
0b8ea
0b8eb
05e3b
0773a
0461c
0773b
0461d
0394f
079ee
0461f
040f2
040f3
07d82
07566
040f5
03955
03956
08034
04626
040f9
040fa
0395a
0395b
0462b
0c510
06d51
1017c
07acc
0395f
09041
0462f
1017e
0c515
06c7c
0fbde
0b353
03964
071dd
03965
0bbb3
071de
03967
0b618
071e0
10180
0bbb5
071e2
0396b
06d52
0cbc2
06c7f
06396
0396e
0b702
0396f
0c32d
03970
10182
07acf
06d55
0f910
0b704
03974
0c32f
03975
0f373
0cbc7
071e3
03978
0f913
0cbc9
0b61a
0397b
0b442
0f375
0b443
0397e
0f376
0bca2
0cbcb
03a1d
03af5
07ba8
06558
07ba9
06004
03a21
07baa
0ccb3
061cd
072b9
05c7c
0b9d9
05f1f
0b9da
05f20
10269
072bb
03f38
046f8
06d5c
041cb
06d5d
041cc
07bab
06c82
041ce
03a2e
03a2f
07bad
046ff
03a31
08a44
07ad6
07bae
041d5
03a35
03a36
083ee
08a45
03a39
09130
04709
0f9fe
07659
0c058
07e6b
03a3d
0c05a
09135
05f23
0b708
067ff
0fcd1
06c85
0bca4
06c86
0647d
10271
0b446
05f28
0f9ff
06d63
05f2a
10273
06800
0bd8c
0655b
03a4a
0fa01
0af84
0f194
0b7fb
0f463
0bcaa
072c1
06e3c
0ccb6
0bd8f
06e3e
0c702
0af87
0fa03
0bd90
06e41
10276
0ccba
0bd93
0af88
03a58
0c705
03a59
0b449
10279
0bcad
03a5d
0bd95
1027b
03afb
07483
060e9
07484
03bd4
0cda3
07485
03bd6
042a7
06e42
03d80
06e43
03d81
07c91
06804
03d83
03b05
03b06
07c93
042ae
03b08
08b2a
07bbc
07c94
03d8a
03b0c
03b0d
084d4
08b2b
03b10
0655e
0b524
05d5e
0faee
0655f
1035e
06e45
03b14
0b528
0b529
07c97
03b17
0c149
042b9
09224
07743
10361
09226
042bc
05ab1
0af8a
05ab2
0f552
06561
07bbd
06562
0600e
0bd98
06e49
03b22
0b803
06011
03b24
0faf4
06640
07c9a
060ec
0cda7
0bd9b
06f21
0c7f2
0b077
0f287
07bbe
06e4d
03b2c
0be80
07c9c
03b2e
0c518
06f25
0c7f5
06f26
03b31
0faf8
0be84
07c9d
03b34
0fafa
0b805
0c51a
1036b
0c51b
03b39
1036c
03b3b
0fafd
04a80
07001
03cb6
07002
03bda
069cb
07003
03bdc
03e5c
04385
06f28
03e5e
06f29
03e5f
03e60
03be2
07814
0438a
03be4
07815
0438c
03be6
03be7
07d86
0438f
03e68
03e69
03beb
085ba
08c11
05e45
0748b
058e6
0b61d
060ef
0b61e
060f0
0fea5
0748d
04102
07004
0fbe3
08d69
03bf5
08038
04397
0c243
0781b
03bf8
03bf9
06f2c
03bfa
0b8f3
060f2
0748e
060f3
03bfd
0748f
060f5
0f645
0b07f
03c00
0f646
0be8c
061d1
0756c
03c03
0bf71
07007
0c8e4
0b169
0edcd
07490
068f1
03c08
0be8f
0781d
07009
0fbe8
0b9e0
03c0c
0c05f
03c0d
0f649
0ce9d
0756e
03c10
0feaf
0f64a
0b081
0b9e2
0fbed
0b9e3
0be90
0fbee
0cea0
0f64d
03f39
04462
0700e
03f3b
0700f
03f3c
03f3d
07901
069d3
03f3f
03cc1
07903
04469
03cc3
03cc4
08cf6
07904
07905
03f46
03cc8
086a0
08cf7
05f2b
07571
059cc
0b70f
061d5
0b710
061d6
0ff97
07573
041df
070f6
0fcd5
08e5b
03cd2
0811e
04474
0c335
07909
03cd5
03cd6
07012
03cd7
0b9e5
05d5f
0765b
03cd9
0bac1
0672d
07825
0672e
061da
0bf7c
07015
03cde
0b9e7
061dd
03ce0
0fcd8
070f9
0c9d6
0b261
0eebf
07576
069d7
03ce5
0bf81
0790b
070fb
0fcda
0b52c
03ce9
0c151
03cea
0f73b
0cf8f
0765d
03ced
0ffa1
0f73c
0b173
0b52e
0fcdf
0b52f
0bac8
0cf93
03cf4
0f73f
03e6c
07744
03d90
07101
07745
03d92
041e0
0765e
03d94
0701b
0765f
03d96
042bd
06e4e
03d98
06e4f
03d99
07660
03d9a
0bda3
042c1
10370
03d9d
07e70
04d38
062b7
07bc5
04a85
07bc6
04a86
03da2
07e73
04a88
0455b
0455c
08787
079f5
0455e
0455f
08cf8
07f5a
04a8f
04a90
04563
07746
10371
094ff
03daf
08789
04a95
0c9df
07f5e
03db2
03db3
07664
03db4
0bacb
062ba
07bc7
062bb
03db7
07bc8
062bd
0fdd5
0b809
03dba
0fdd6
0c066
0639b
07ca8
03dbd
0922d
07bc9
069d8
0c7f8
069d9
0d087
07023
03dc2
0c069
07f60
0774b
10376
0c158
09231
03dc7
0c7fa
0774f
0d089
07caa
03dca
10643
03dcc
1037a
0bace
03dce
0b8fc
0fddc
0b8fd
03dd1
0fddd
03f49
072c6
03e71
071e7
072c7
03e73
0439a
06f34
03e75
06f35
03e76
07750
03e77
0be95
0439e
0feb6
03e7a
04632
04633
03e7d
068f9
07f64
063a0
10728
07107
07108
04638
10729
0710a
04b68
03e84
0830a
04b6a
04b6b
04b6c
03e88
1072b
085bc
072c8
0feb7
095f1
03e8c
0830b
04b72
0cad1
08044
03e8f
03e90
07754
03e91
0bbc3
063a2
07cb0
063a3
03e94
07cb1
063a5
0f91b
0b901
03e97
0f91c
0c162
06481
0782a
03e9a
08d73
07cb2
06abe
0c8ea
06abf
0cbcd
0710d
03e9f
08d74
08047
03ea1
0f91e
0c24b
072d0
0cbce
0b9ed
0febe
07cb3
0782c
03ea7
10735
0f920
08d7b
0bbc6
03eab
0b9ee
0f922
0b9ef
03eae
0f923
04026
073ae
03f4e
06d69
073af
03f50
04477
07024
03f52
07025
03f53
072d2
03f54
0bf87
0447b
0ffa8
03f57
08049
04f04
06485
07830
04c3f
07831
04c40
03f5c
0804c
04c42
04715
04716
083ef
07bcc
04718
04719
08960
08126
04c49
04c4a
0471d
073b0
0ffa9
096e3
03f69
083f1
04c4f
0c617
0812a
03f6c
03f6d
072d6
03f6e
0bcb5
06488
07832
06489
03f71
07833
0648b
0fa0d
0b9f3
03f74
0fa0e
0c254
06569
07910
03f77
08e65
07834
06ba4
0c9e2
06ba5
0ccbf
071f3
03f7c
0c257
0812c
073b5
0ffae
0c33c
08e69
03f81
0c9e4
073b9
0ccc1
07912
03f84
10827
0fa12
08e6d
0bdaa
0ffb3
0bdab
0b9f4
1082a
03f8b
0fa15
04103
07494
0402b
06e51
07495
0402d
042c3
0402f
04030
06ac4
08130
0656c
1090a
06d6f
042c8
1090b
06d71
047f2
047f3
04037
084d8
047f5
047f6
0403a
1090d
0820d
0878c
047fa
062c1
07915
05d64
0bad1
0656d
0bad2
0656e
1090f
07917
04569
07496
1009d
097d5
04046
084d9
047fe
0c709
08210
04049
0404a
073be
0404b
0bdad
06570
07918
06571
0404e
07919
06573
0faff
0b539
04051
0fb00
0c346
0664f
079fa
04054
08f57
0791a
06c8a
0cad4
06c8b
0cdb1
06d75
04059
0c349
08212
0749b
100a2
0c42e
08f5b
0405e
0cad6
0749f
0cdb3
079fc
04061
10919
04063
100a6
0bdb0
04065
0b626
0fb06
0b627
04068
0fb07
041e4
0757a
04108
06f37
0757b
0410a
043a0
0410c
0410d
06baa
08216
06652
10450
06e57
043a5
04111
08218
048cf
048d0
04114
085be
048d2
04116
10453
07d8f
08219
0830e
048d7
063a9
079ff
05e4a
0bbc9
06653
0bbca
06654
10455
07a01
04646
0757c
1018f
0931b
04123
085bf
048db
0c801
07d92
04126
04127
074a4
04128
0be9f
06656
07a02
06657
0412b
07a03
06659
0fbf1
0b62b
0412e
0fbf2
0c438
06735
07ae0
04131
09049
0757f
0cea2
0b715
0f379
07a04
06e5d
04136
0c43b
07d94
07581
10194
0c520
0904d
0413b
0c61c
07585
0cea5
07ae2
0413e
1045f
04140
10198
0bea2
04142
0b718
0fbf8
0b719
04145
0fbf9
0447d
041e9
041ea
06c90
07d98
06738
10542
06f3d
04482
10543
06f3f
049ac
049ad
041f1
086a4
049af
049b0
041f4
10545
07e7d
083f4
049b4
0648f
07ae5
05f30
0bcbb
06739
0bcbc
0673a
10547
07ae7
04723
0766e
10281
0940d
04200
086a5
049b8
0c8f3
07e80
04203
04204
0758a
04205
0bf91
062c3
07bcf
04207
0913b
06c95
07d9c
06c96
0673e
0c528
0758d
0420c
0bf93
06741
0420e
10284
07671
0cf94
0b80d
0f46b
07aea
06f43
04213
0c52d
07e82
07673
10286
0c070
0913f
04218
0c70e
07677
0cf97
07bd1
0421b
10551
0421d
1028a
0bf94
0421f
0b810
0fcea
0b811
04222
0fceb
043b0
07cb8
042d4
07679
07cb9
042d6
04724
07bd2
042d8
07593
07bd3
042da
04801
073c6
042dc
073c7
042dd
07bd4
042de
0c34f
04805
10920
042e1
07bd6
042e2
0c077
06820
0813c
06821
042e5
0813d
06823
10381
0bdb5
042e8
10382
0c624
06903
0821f
042eb
097df
0813e
06f44
0c168
06f45
0cdb7
07596
042f0
0c627
084de
07cbd
10924
0bea6
042f4
0c16b
042f5
10385
0c717
08221
042f8
10bfc
0c16c
10bfd
0c16d
0c71a
10387
0bdb6
10bff
042ff
10389
0448d
0783a
043b5
0775f
0783b
043b7
048de
074ac
043b9
074ad
043ba
07cc2
043bb
0c441
048e2
10466
043be
07cc4
043bf
0c16f
06908
08225
06909
043c2
08226
0690b
0fec7
0bead
043c5
0fec8
0c720
069e9
07da1
043c8
09325
08227
0702a
0c25a
0702b
0cea9
07680
043cd
09326
085c5
043cf
0c25c
07841
0ceab
07842
043d2
1046c
08228
07da3
043d5
10cee
0c25e
10cef
0c25f
0c80c
0fecd
0beae
0c173
043dc
0fecf
0456a
07922
04492
072e1
07923
04494
049bb
07597
04496
07598
04497
07844
04498
0c533
049bf
10558
0449b
07846
0449c
0c261
069ee
07da7
069ef
0449f
07da8
069f1
0ffb9
0bf9f
044a2
0ffba
0c812
06ad1
07e87
044a5
09417
07da9
07110
0c352
07111
0cf9b
07766
044aa
0c815
086aa
07927
1055c
0bade
044ae
0c355
044af
0ffbd
0c8fb
07e89
044b2
10de0
0c356
10de1
0c357
0c8fe
044b6
0bfa0
0c265
044b9
0ffc1
04647
07a08
0456f
073c9
07a09
04571
04a98
07681
04573
07682
04574
0792c
04575
0c07f
04a9c
1064c
04578
0792e
04579
0c359
06ad6
07e8d
06ad7
0457c
07e8e
06ad9
100ab
0bae5
0457f
100ac
0c904
06bb7
07f6d
04582
09509
07e8f
071f6
0c444
071f7
0d08d
072e8
04587
0c907
08790
07a0d
10650
0bbd0
0458b
0c447
0458c
100af
0c9ed
07f6f
0458f
10ed2
0c448
10ed3
0c449
0c9f0
04593
0bae6
10ed5
04596
100b3
04728
07aee
0464c
074af
07aef
0464e
04b75
07767
04650
07768
04651
07a12
04652
0c177
04b79
1073e
04655
07a14
04656
0c44b
06bbc
07f73
06bbd
04659
07f74
06bbf
1019d
0bbd7
0465c
1019e
0c9f6
06c9d
08053
0465f
095fb
07af1
0cbd2
09053
0f925
07f75
073d0
04664
0c9f9
08312
07af3
10742
0bcc2
04668
0c539
04669
101a1
0cadf
08055
0466c
10a18
0c53a
10a19
0c53b
0cae2
101a3
0bbd8
10a1b
04673
101a5
04c52
072e9
0472d
072ea
0472e
07af8
0472f
0c269
04c56
10830
04732
07afa
04733
0c53d
06829
08140
04735
096ed
071ff
08315
07200
06ca4
0cae6
07afd
0473a
0c53f
06ca7
0473c
10832
07be1
0ccc4
09145
0fa17
0805b
074b6
04741
0caeb
083fb
07be3
10834
0bdba
04745
0c085
04746
10293
0c62f
08142
04749
10b0a
0c086
10b0b
0c087
0c632
10295
0bcca
10b0d
04750
10297
048e4
08229
04808
07be9
0822a
0480a
04c58
08143
0480c
07b03
08144
0480e
0682b
0c35e
0682c
1092e
072ed
08964
072ee
06d8a
0cbda
08148
04815
0c637
06d8d
04817
10ed8
073d3
08a4a
06e6e
0cccb
0cbdd
0822c
0c726
08f67
100b5
08965
0814c
0481f
09d92
08a4c
04821
0c452
08230
0c729
08231
04824
10edc
09d96
08a4d
04827
0c72a
04828
0c72b
10935
09d99
0c638
0482c
0cbe0
10ee1
06f51
08318
049c2
098d3
08319
049c4
06e6f
0c72c
07cd1
10cf4
07bee
0ccd4
07bef
073d7
112a1
0c458
06e74
10a1d
08238
06e76
112a3
07cd2
098d6
074bc
048f7
10a1f
09058
101a6
0932f
10477
0ccda
0831b
048fc
0cdbf
0905a
10478
09331
112a5
0cdc0
098db
04901
0ccdb
0cdc2
098dd
0905c
1047a
0905d
04906
098df
112a9
1047c
0c45b
0490b
112ab
0759f
08c14
07038
049c7
08c15
099c7
07852
10de5
0c549
049cb
07db6
049cc
0cdc7
07db7
049ce
0c820
07db9
11394
0cdc9
07dbb
049d2
07e93
0ceae
07855
074c0
049d5
09420
049d6
0c089
049d7
11396
08b36
08401
049da
0ceb1
0914c
1056a
09423
11397
0ceb2
099cd
049df
10b15
0ceb5
09424
10b16
09425
099d0
1139b
049e5
10b18
0c823
0cdcf
04aa2
07936
09ab6
07686
04b7d
09ab8
04aa6
07e9b
04aa7
0c911
0703c
08403
0703d
04aaa
08404
0703f
10659
0c091
04aad
1065a
0cebc
0711f
084e6
04ab0
09abb
08405
07769
0c17a
0776a
0c9fd
07858
04ab5
0cebf
08cfd
07f7c
10c06
09514
04ab9
0c17d
04aba
1065d
0cfa5
084e8
04abd
1148b
0c17e
1148c
0c17f
0cfa8
04ac1
0c092
1148e
04ac4
10661
04c5c
0805d
04b80
07a1d
0805e
04b82
06bc3
0c180
06bc4
1074a
07689
08d00
0768a
07124
0cfac
07f84
04b89
0ca05
07127
04b8b
10cf6
0776d
0887e
07206
0d093
08d82
0fed0
09605
1074d
0cfaf
08d01
07f88
04b93
09bae
08880
04b95
0c26e
08064
0caf1
08065
04b98
10cfa
09bb2
08881
04b9b
0caf2
04b9c
0caf3
10751
09bb5
0ca06
10752
0cfb2
10cff
07207
0caf4
07b08
10b1b
07b09
09c9e
072f4
04c64
08068
04c65
0d09d
08069
04c67
0caf6
0806b
110be
0d09f
0806d
04c6b
096f6
04c6c
0c365
04c6d
10de9
0d0a2
085d2
0814f
0cbe4
09ca1
08151
0c63c
08e77
10deb
09ca2
08154
110c2
0cbe8
09ca5
08e78
10842
08e79
04c7a
10def
0cbeb
10844
0c277
04c7f
110c7
07f89
04d3c
0529e
06913
07f8a
052a0
04d40
0e092
060ff
0554f
06100
05551
08886
04d46
05b9a
04d48
06103
0a162
04d4a
09ac5
0a163
04d4c
0a9e6
06107
0ecdd
04d50
085d4
07f8e
07ea4
0951a
0cfb4
09245
04d55
09ac8
07f92
0d266
04d58
04d59
085d6
04d5c
0a165
04d5d
0a166
0dfa0
09acb
0d268
09520
0924b
10663
0a9e9
0ca0b
04d63
10665
04e20
04e22
05385
069f9
08070
05387
04e26
0e184
061e7
05635
061e8
05637
0896c
04e2c
05c80
04e2e
061ea
0960a
0aad6
08d89
04e32
0aad7
0a256
0f0a5
04e35
04e36
086ba
08074
07f95
0960c
0d0a6
08d8b
04e3b
09bba
08078
0d358
04e3e
04e3f
086bc
04e42
0a257
04e43
0a258
0e095
09bbd
0d35a
09612
08d91
10755
0aadb
0cafd
04e49
10757
04f06
04f08
0546b
06adf
08156
0546d
04f0c
0dcca
05d69
0571b
05d6a
0571d
08a52
04f12
0ebea
04f14
05d6d
0a346
04f16
09ca9
0a347
04f18
0abca
05d71
0e915
04f1c
087a1
0815a
0807b
096fe
0cbec
08e7d
04f21
09cac
0815e
0d44a
04f24
04f25
087a3
04f28
0a349
04f29
0a34a
0e187
09caf
0d44c
09704
08e83
10847
0abcd
0c643
04f2f
10849
04fec
04fee
058e8
04ff0
084ef
08b3d
04ff3
063b0
05805
04ff5
0f288
087a5
05b9f
04ff8
058e9
04ffa
05e53
09e8c
04ffc
09d9b
09e8d
04ffe
0acbc
05e57
0ea08
05002
08323
08240
08161
097f0
0ccde
08f6f
05007
09d9e
08244
0d53c
0500a
0500b
08325
0500e
09e8f
0500f
09e90
0dccd
09da1
0d53e
097f6
08f75
10939
0acbf
0c735
05015
1093b
050d2
050d4
059ce
050d6
085d9
08c23
050d9
06496
058ec
050db
0edce
08327
05c85
050de
059cf
050e0
05f39
09f7e
050e2
098e1
09f7f
050e4
0adae
05f3d
0eafa
050e8
08409
07dc2
07dc3
0c54e
050eb
098e3
09062
0deaf
0c825
07dc7
0dbda
050f1
0840b
050f4
09f81
050f5
09f82
0ddbf
098e7
0d630
0933c
09067
1047f
0adb1
0c827
050fb
10481
051b9
06019
0546f
0601a
05471
08d09
051bf
05721
0682d
07ea6
05723
051c3
0dfa2
051c5
0e916
051c7
099d2
0e63e
09427
06021
0e640
0a8f4
051cb
06024
0610a
07ea8
07941
051d0
09152
0c916
07eab
0d177
0942a
051d4
0cec3
0d179
0dfa4
051d8
08a5a
099d7
0d634
099d8
0dbdc
0942d
0cec4
09158
10571
099db
0a8f7
0c097
10572
051e2
0deb2
084f4
052aa
05809
06e77
06bc7
084f5
05aba
052b0
06667
0a714
052b2
0a077
0a715
052b4
0af92
0666b
0f28c
052b8
0915a
0c736
084f7
0d817
09ad1
084f9
0ddc1
0d819
0e644
052c0
0a07b
10c0e
0cfbb
097fe
0a9ed
097ff
0a9ee
052c4
0d725
0a07f
0a719
052c7
10c11
0538e
05390
058ef
06f5d
06cad
085db
05ba0
05396
0674e
09bc0
0b082
0933f
0539a
0b083
0a808
0f651
0539d
0539e
0924c
0c828
085dd
0d909
09bc3
085df
0deb3
0d90b
0e736
053a6
0a16d
10d00
0d0ad
09344
0aadf
09345
0aae0
053aa
0d81f
0a171
0a80b
053ad
10d03
05474
05476
059d5
07043
0682f
086c1
05c86
0547c
062d1
0a8f8
0547e
0a25b
0a8f9
05480
0b176
062d5
0eec4
05484
08d92
0c91a
086c3
0d9fb
09cb5
086c5
0dfa5
0d9fd
0e27c
0548c
0a25f
10df2
0cbf3
09436
0abd1
09437
0abd2
05490
0d911
0a263
0a8fd
05493
10df5
0555a
0555c
05d73
063b4
05abd
05560
0e36c
05562
063b7
0a43e
05564
0a34d
0a43f
05566
0b268
063bb
0efb6
0556a
08e84
0ca0c
087a9
0daed
09da7
087ab
0e097
0daef
0e36e
05572
0a351
10ee4
0cce5
09528
0acc3
09529
0acc4
05576
0da03
0a355
0a443
05579
10ee7
05640
05642
05e59
0649a
05ba3
05646
0e45e
05648
0649d
0a530
0564a
09e93
0a531
0564c
0b35a
064a1
0f0a8
05650
098ec
0dbde
0caff
0832c
0dbe0
098ee
05654
0832f
087ae
05658
09e97
10a2a
0cdd7
0961a
0adb5
0961b
0adb6
0565c
0daf5
09e9b
0a535
0565f
10a2d
05727
05c87
05f40
0572b
0f46c
08976
0e18b
0572f
09f84
0ebed
099dd
06585
0ebef
0aea6
05733
06588
0666e
08411
09f86
05738
0cec7
09709
0573a
09f88
08415
0dcd3
0d362
099e1
0d72c
0c647
05740
0a625
05741
0a626
0e461
09f8c
0970f
05744
0dbe8
05746
0e462
08a5d
05810
05d77
073dc
0712b
05814
06bca
09dae
0af96
06bcc
0f28e
0af97
06bce
0f837
0f290
0fb0c
08978
09710
0cce6
0915f
05820
0a62b
09db2
0ebf1
05823
05824
0a085
111bb
0cce9
09db4
0af99
09db5
0af9a
05828
0dcd5
0a631
0accb
0582b
111be
058f4
058f6
05e5d
074c2
07211
058fa
06830
058fd
0a71a
0edd3
0a173
06cb5
0edd5
0b08a
05901
06cb8
08a64
09802
0cdd8
09251
05906
0a71d
098f8
0ece3
05909
0590a
0a177
112ad
0cddb
098fa
0b08b
098fb
0b08c
0590e
0ddcf
0a723
0adbd
05911
112b0
059da
059dc
05f43
075a8
06d93
059e0
06834
099e6
0b17a
06836
0eec6
0b17b
06838
0f46f
0eec8
0fcf0
08b4a
09348
0ceca
08d97
059ec
0a80f
099ea
0e829
059ef
059f0
0a269
1139f
0cecd
099ec
0b17d
099ed
0b17e
059f4
0dec1
0a815
0aeaf
059f7
113a2
05ac0
05ac2
062d7
06918
0602b
05ac6
0691a
09ad8
0b26c
0691c
0efb8
0b26d
0691e
0f561
0efba
0fde2
08c30
0943a
0cfbc
08e89
05ad2
0a901
09adc
0e91b
05ad5
05ad6
0a35b
11491
0cfbf
09ade
0b26f
09adf
0b270
05ada
0dfb3
0a907
0a9f5
05add
11494
05ba6
05ba8
063bd
069fe
06111
05bac
06a00
09bca
0b35e
06a02
0f0aa
0b35f
06a04
0f653
0f0ac
0f928
08892
09e9e
05bb6
0d0af
09bcd
05bb8
0a448
08896
0e73a
05bbc
09ea1
10fd7
0d0b1
09bd0
0b361
09bd1
0b362
05bc0
0e0a5
0a44d
0aae7
05bc3
10fda
05c8d
061f5
064a4
05c91
0fa18
05c93
06ae7
0abd4
05c95
0a537
0abd5
05c97
0b9f8
06aeb
0f746
05c9b
0906c
0a538
0897a
0dcd9
09f91
0897c
0e282
0dcdb
0eb02
09cc1
0dcdc
09621
05ca4
0abd7
05ca5
0abd8
0ea0f
0a53e
09cc5
05ca8
0e198
05caa
0ea10
06aed
0712c
062dc
05d7e
0e82d
05d81
0abda
0f839
0a633
07131
0f83b
0b544
05d85
07134
07213
09cc6
0d363
09715
05d8a
0b275
05d8b
0b276
0f0ad
0abdf
0a366
05d8e
0e286
05d90
0f0ae
06bd3
07214
063c2
05e64
0e91f
06d95
09ea6
0b634
07218
0f380
0b635
0721a
0f929
0f382
101aa
09db8
0d455
09807
05e70
0b367
05e71
0b368
0f19f
0acd1
09eac
05e74
0e37c
05e76
0f1a0
06cb9
06d96
064a8
05f4a
0ea11
05f4d
0adbe
0f471
0a817
06d9b
0f473
0b728
05f51
06d9e
06e7b
098fe
0d547
0934d
05f56
0b459
05f57
0b45a
0f291
0adc3
09f9e
05f5a
0e46e
05f5c
0f292
0602e
0658e
07bf4
073de
0eb03
06033
0aeb0
0f563
0a909
06e81
0f565
0b81a
06037
06e84
06f61
099f0
0d639
0943f
0603c
0af9f
0603d
0afa0
0edd7
0aeb5
0a090
06040
0e560
06042
0edd8
06114
06674
07cda
074c4
0ebf5
06119
0a9f6
0f655
0a44f
06f67
0f657
0b90c
0611d
06f6a
07047
09ae2
0d17f
09531
06122
0b091
06123
0b092
0eec9
0a9fb
0a182
06126
0e652
06128
0eeca
061fa
0675a
0785c
075aa
0ece7
061ff
0aae8
0f747
0a541
0704d
0f749
0b9fe
06203
07050
07136
09bd4
0d271
09623
06208
0b183
06209
0b184
0efbb
0aaed
0a274
0620c
0e744
0620e
0efbc
07051
07691
06840
062e2
0edd9
062e5
0b186
0fde5
0abe2
07696
0fde7
0baf0
062e9
07699
07778
0a275
0d914
09cc9
062ee
0b821
062ef
0b822
0f659
0b18b
0a915
062f2
0e832
062f4
0f65a
07137
07779
06926
063c8
0eecb
072fa
0a455
0bbe0
0777d
0f92c
0bbe1
0777f
0fed5
0f92e
1075a
0a367
0da06
09dbb
063d4
0b913
063d5
0b914
0f74b
0b27d
0a45b
063d8
0e928
063da
0f74c
0721d
072fb
06a0c
064ae
0efbd
064b1
0b36a
0fa1d
0adc6
07300
0fa1f
0bcd4
064b5
07303
073e0
09ead
0daf8
09901
064ba
0ba05
064bb
0ba06
0f83d
0b36f
0a54d
064be
0ea1a
064c0
0f83e
06592
06af2
08162
07944
0f0af
06597
0b45c
0fb0f
0aeb8
073e6
0fb11
0bdc6
0659b
073e9
074c6
09f9f
0dbea
099f3
065a0
0b54b
065a1
0b54c
0f383
0b461
0a63f
065a4
0eb0c
065a6
0f384
06678
06bd8
08248
07a2a
0f1a1
0667d
0afa2
0fc01
0a9fe
074cc
0fc03
0beb8
06681
074cf
075ac
0a091
0d730
09ae5
06686
0b63d
06687
0b63e
0f475
0afa7
0a731
0668a
0ebfe
0668c
0f476
0675e
06cbe
07dca
07b10
0f293
06763
0b094
0fcf3
0aaf0
075b2
0fcf5
0bfaa
06767
075b5
0769b
0a183
0d822
09bd7
0676c
0b72f
0676d
0b730
0f567
0b099
0a823
06770
0ecf0
06772
0f568
075b6
07bf7
06da4
06846
0f385
06849
0b732
10391
0b18e
07bfc
10393
0c0a0
0684d
07bff
07cde
0a824
0dec4
0a278
06852
0bdcd
06853
0bdce
0fc05
0b737
0aec4
06856
0edde
06858
0fc06
0769c
07cdf
06e8a
0692c
0f477
07860
0aa04
0c190
07ce3
0fed8
0c191
07ce5
10485
0feda
10d06
0a916
0dfb6
0a36a
06938
0bebf
06939
0bec0
0fcf7
0b829
0aa0a
0693c
0eed4
0693e
0fcf8
07782
07861
06f70
06a12
0f569
06a15
0b916
0ffc9
0b372
07866
0ffcb
0c284
06a19
07869
07946
0a45c
0e0a8
09eb0
06a1e
0bfb1
06a1f
0bfb2
0fde9
0b91b
0aafc
06a22
0efc6
06a24
0fdea
06af6
07056
086c9
07eb2
0f65b
06afb
0ba08
100bb
0b464
0794c
100bd
0c376
06aff
0794f
07a2c
0a54e
0e19a
09fa2
06b04
0baf7
06b05
0baf8
0f92f
0ba0d
0abee
06b08
0f0b8
06b0a
0f930
06bdc
0713c
087af
07f98
0f74d
06be1
0b54e
101ad
0afaa
07a32
101af
0c468
06be5
07a35
07b12
0a640
0dce0
0a094
06bea
0bbe9
06beb
0bbea
0fa21
0b553
0ace0
06bee
0f1aa
06bf0
0fa22
06cc2
07222
08331
0807e
0f83f
06cc7
0b640
1029f
0b09c
07b18
102a1
0c55a
06ccb
07b1b
07c01
0a732
0ddd2
0a186
06cd0
0bcdb
06cd1
0bcdc
0fb13
0b645
0add2
06cd4
0f29c
06cd6
0fb14
07b1c
08165
07309
06daa
0f931
06dad
0bcde
10941
0b73a
0816a
10943
0c650
06db1
0816d
0824c
0add3
0e470
0a827
06db6
0c37d
06db7
0c37e
101b1
0bce3
0b470
06dba
0f38a
06dbc
101b2
07c02
0824d
073ef
06e90
0fa23
07dce
0afb0
0c740
08251
10488
0c741
08253
10a31
1048a
112b3
0aec5
0e562
0a919
06e9c
0c46f
06e9d
0c470
102a3
0bdd5
0afb6
06ea0
0f480
06ea2
102a4
07ce8
07dcf
074d5
06f76
0fb15
06f79
0bec2
10579
0b91e
07dd4
1057b
0c834
06f7d
07dd7
07eb4
0aa0b
0e654
0a45f
06f82
0c561
06f83
0c562
10395
0bec7
0b0a8
06f86
0f572
06f88
10396
0705a
075bb
08c31
08419
0fc07
0705f
0bfb4
1066b
0ba10
07eba
1066d
0c926
07063
07ebd
07f9a
0aafd
0e746
0a551
07068
0c0a7
07069
0c0a8
0fedb
0bfb9
0b19a
0706c
0f664
0706e
0fedc
07140
076a1
08d17
084ff
0fcf9
07145
0bafa
1075d
0b556
07fa0
1075f
0ca18
07149
07fa3
08080
0abef
0e28c
0a643
0714e
0c199
0714f
0c19a
0ffcd
0baff
0b28c
07152
0f756
07154
0ffce
07226
07787
08899
085e5
0fdeb
0722b
0bbec
1084f
0b648
08086
10851
0cb0a
0722f
08089
0816f
0ace1
0e37e
0a735
07234
0c28b
07235
0c28c
100bf
0bbf1
0b37e
07238
0f848
0723a
100c0
0808a
08c32
0730f
086cd
08d9c
0c92a
086cf
0d368
08d9e
07314
0c28f
0d369
10ef0
08d9f
0c92d
08da0
0c92e
0731a
0f935
0b37f
0ea1c
0add6
0731d
0ea1e
0bceb
0ea1f
07321
073f2
07954
073f4
0ffcf
08335
08e8e
0ca1c
087b7
0d45a
08e90
073fb
0c381
0d45b
10a36
0bdd9
0fa2a
0bdda
0ffd0
0ca21
0a644
0bddb
07402
0eb0f
0bddc
07404
0fa2c
07406
10854
08256
0889a
074db
08337
08f80
0cb0e
08339
0d54c
08f82
074e0
0c473
0d54d
10b28
08f83
0cb11
08f84
0cb12
074e6
0fb1d
0afb7
0ec00
0aa0e
074e9
0ec02
0becf
0ec03
074ed
075be
07dd8
08980
101b3
075c3
0bfbb
10c17
0c655
075c5
0ced6
0b741
075c7
075c8
08501
0bfbd
0fc0e
0bfbe
101b4
0c659
0a828
0bfbf
075ce
0ecf3
0bfc0
075d0
0fc10
075d2
1048c
076a5
07c07
076a7
08503
09164
0c746
08505
0d184
09166
076ac
0c0ab
0d185
10d0c
09167
0c749
09168
0c74a
076b2
0fd01
0b19b
0e838
0abf2
076b5
0e83a
0bb07
0e83b
076b9
0778a
07fa4
08b4c
10397
0778f
0bbf3
10dfb
0c839
07791
0d0ba
0b925
07793
07794
086d5
0bbf5
0fdf2
0bbf6
10398
0c83d
0a460
0bbf7
0779a
0e92b
0bbf8
0779c
0fdf4
0779e
10670
085f0
085f1
08d19
09350
0ceda
08da3
0d918
09352
08c37
1149c
0d919
0787b
09353
0cedd
09354
0cede
08da7
0787f
0bfc6
0ffd2
0b92c
0bfc7
0ffd4
0c844
0ffd5
1048f
07ec0
07959
0889b
0795c
0bb08
10fe0
09443
0795e
0cfce
0bb09
07960
07961
08e97
0c932
08e98
0c933
07964
0ffd7
0ba1d
0f0ba
0b474
07967
0f0bc
0c38d
0f0bd
0796b
07a3d
08258
07a40
0889e
0c479
07a42
0d0bf
088a0
110d3
0c47a
088a2
088a3
07a48
0c47b
07a49
0c47c
10ef1
0d0c3
0afb9
0ca26
0ace6
101b7
0ca27
0bc00
07a4f
100cb
07b22
0808d
10763
07b27
0bcec
111c4
09627
07b29
0cc06
0bced
07b2b
07b2c
08a68
0bcee
101ba
0bcef
10764
0962b
0add7
0c56f
07b32
0f29f
0c570
07b34
101bc
07b36
10a38
07c0a
08425
08b4d
09718
0ccf6
0916b
0d734
0971a
08a6d
112b8
0d735
07c13
0971b
0ccf9
0971c
0ccfa
0916f
07c17
0bde2
1039a
0b748
0bde3
1039c
0c660
1039d
10857
07fa7
07cf1
08b4f
0925c
0c74c
08b51
0d54e
0925e
07cf6
0c74d
0d54f
113ab
0925f
0c74e
09260
0c74f
07cfc
1039f
0b839
0eed6
0b290
07cff
0eed8
0c1a9
0eed9
07d03
07ddd
085f2
07de0
0c572
07de1
0c573
112ba
09906
0b92d
0cdf0
0b0ae
10583
0cdf1
0c576
07de7
10493
07ec2
07ec4
10b2b
099f6
10586
099f7
10b2c
0944a
0b19f
0c939
07eca
0f667
0c93a
07ecc
10588
07ece
113ad
08d22
08d23
0953a
0cfd2
0953b
0cfd3
09264
07faf
0c1ac
10766
0bb10
0c1ad
10768
0cfd6
10769
10c1f
08341
08091
08da8
0cb1b
08da9
0cb1c
08094
1076b
0bc01
0f84a
0b658
08097
0f84c
0cb1f
0f84d
0809b
08175
0898a
08178
0c38e
08179
0c38f
110d6
09cce
0b749
0cc0c
0b476
1094b
0cc0d
0c392
0817f
1085f
0825a
087bf
10ef3
09dbe
1094e
09dbf
10ef4
09812
0afbb
0c755
08262
0f483
0c756
08264
10950
08266
111c9
08344
09eb3
10fe6
09908
10a3c
0bed9
0fb20
0cb23
08348
10a3d
09eb5
0beda
0834b
0fb23
08428
09081
0c666
0842b
09fa6
0842c
0c577
10c20
0cee8
09085
0842f
10b34
0c578
0d551
10c23
0850f
09813
0cfd7
09174
0c759
09175
0c75a
08513
0fd05
0c75c
09815
08516
0fd06
111cb
08519
088a6
09bdd
0d188
0935a
0d0ca
0b92f
0d0cb
09268
10e05
0d0cd
09bdf
0b930
10e06
085fe
10d19
086dc
0a27b
113ae
09cd0
10e08
0bcf5
0f93c
0c93f
086e0
10e09
0a27d
0bcf6
086e3
0f93f
087c0
08e9d
0ca2e
087c3
0a36e
087c4
0c393
10a40
0cd04
08ea1
087c7
10efc
0c394
0d36d
10a43
088a8
09eb6
0da0c
09be1
10fe8
0bc05
100cc
09543
088ac
10fe9
0a464
0c488
088af
100cf
0898d
09cd2
0d27c
09633
0cc15
09634
0cc16
09089
111cd
0cc18
09faa
0bcf8
111ce
08996
110e1
09724
0cd06
09179
0a647
0917a
0c66b
08a77
102b1
09728
09dc6
08a7a
102b2
0dbf1
08a7d
0926a
0a738
08b5b
0a18d
08b5c
0c1b1
113b0
0cdfb
0926e
08b5f
112c4
0c75e
0d461
113b3
08c40
0a27e
0d828
099fd
113b4
0bfcd
0fee8
0935f
08c44
113b5
0a82c
0c2a4
08c47
0feeb
08d25
09aee
0d644
0944f
0cfdd
09450
0cfde
08ea5
10fed
0cfe0
0a372
0bb14
10fee
08d2e
114a9
08db6
10efe
0d371
10eff
08eaa
12b0f
0ffdf
08eac
0a281
08dbc
09271
1076e
08dbe
113ba
0f941
08dc0
09361
0ceef
08dc2
0a82e
0bfcf
0feee
09364
0cef2
0d373
09366
19c7e
0d646
09368
0feef
08dc9
0fc17
08dca
113bd
0cef9
08dcc
19c81
08dce
0fef2
1568a
0fc19
19c82
0fef3
15b44
10e10
08dd2
1568e
1568f
0a285
10e11
09cd6
08dd6
0a557
0e0ac
0a288
09639
0d0d3
08dd9
0cb28
09be7
08ddb
0f944
113c3
0d285
0963e
0e19e
0d377
09640
08de0
111d5
09bee
113c4
09bef
0dbf4
08de4
11ec5
09bf2
15b4a
111d7
08de7
12de8
09bf5
0ba23
0cc1b
08dea
0c946
0c2ab
08dec
0c947
114b1
0f0be
1058e
0cc1f
1058f
0cc20
08df1
10e16
0cc22
08df3
111d9
0cc24
0c94f
100d0
18e50
12563
08df8
111da
0c953
154a9
10f0b
08dfb
08dfc
0f94b
150de
0f671
196d9
0f94c
199a8
10863
08e00
150e2
150e3
0fef9
11550
11551
10e1b
0d37d
10f0c
08e06
11643
10f0e
08e08
15b4e
10865
199aa
150e5
08e0b
11553
10e1d
08e0d
15b50
10e1f
0f954
15b51
10e21
08e11
11646
113c8
100d2
151d0
100d3
154ad
10f10
19c8b
12b18
11ce2
15b53
11ce3
196e1
12b19
08e1b
19c8e
08e1d
196e3
1256c
196e4
1256d
150e8
19c91
08ead
08f9a
10ff1
0fb24
10ff2
0d464
08eb1
10957
12657
0a375
0d91e
09af2
08eb5
0c956
10e22
0c398
09459
10ff4
0d465
0945b
197c4
0f75c
10c28
0cfe9
10c29
0cfea
08ebd
114b8
0cfec
09461
0f75e
10c2a
09463
10c2b
09464
114ba
09465
15c37
0ffec
08ec5
09545
0cd0b
08ec7
0ca36
09cd7
0d382
0972a
0abf6
0c399
10e23
09cda
08ecc
0d467
09cdc
1086a
0972f
15c38
0d468
09731
0dce4
0d46a
09ce1
08ed3
0ffee
08ed4
09ce4
11fb6
0d46c
197cb
11fb8
09ce7
12ed9
10a4a
197cc
12edb
0c39b
0ffef
0bdec
08edd
0fff0
0c39e
0d46e
0ca3a
0fa3c
08ee1
0f761
08ee2
10a4c
0cd13
08ee4
10a4d
0cd15
08ee6
1921b
08ee8
120a8
0ca43
18f43
1049b
1559a
112cd
08eec
1559c
120ad
0f1b2
10682
0cd19
10683
0cd1a
10f1d
0cd1b
19220
0fa41
08ef3
0d386
10f1f
0d387
08ef6
1164e
100da
11734
10a53
08ef9
1265a
11737
0f488
151dc
0f489
19222
0fff2
0fa45
11650
10f23
08f00
19223
151de
08f02
154b5
100db
08f04
197d0
11dd2
18f44
120af
19225
1265d
10a57
08f09
152c4
08f0a
152c5
10ffb
08f0c
15c46
1173c
12661
08f10
155a2
08f11
155a3
15c49
151e1
09fab
0d555
0908d
1049d
08fa2
110e5
0fc1b
08fa4
09547
0d0d5
08fa6
0a466
0bc07
100dc
0954a
0d0d8
0d289
0954c
110e7
0d559
0954e
100dd
08fad
0fdfb
08fae
10ffe
0d0df
08fb0
198b9
08fb2
100e0
1586e
0fdfd
198ba
100e1
15d28
10a5b
08fb6
15872
15873
09ebd
10a5c
0990e
08fba
0a73b
0dce5
09ec0
0981d
0cd1e
08fbd
0c760
09dcd
08fbf
0fb2a
11004
0d477
09822
113c9
0d55c
09824
08fc4
113ca
09dd4
11005
09dd5
0d82e
08fc8
11afd
09dd8
15d2e
113cc
08fcb
12fcc
09ddb
0b65b
0cdff
08fce
0cb2c
0c48f
0fb2d
0cb2d
110ea
0f2a2
1077d
0ce03
1077e
0ce04
08fd5
10a61
0ce06
08fd7
113ce
0ce08
0cb35
102b4
19034
1219b
08fdc
113cf
0cb39
15693
10b47
08fdf
08fe0
0fb31
152c8
0f855
19311
0fb32
19b8c
104a0
08fe4
152cc
152cd
100e7
1173e
1173f
10a66
0d562
10b48
08fea
11827
10b4a
08fec
15d32
104a2
19b8e
152cf
08fef
11741
10a68
08ff1
15d34
10a6a
0fb3a
15d35
10a6c
08ff5
1182a
11009
102b6
14e08
102b7
15697
10b4c
198c3
12750
11ecc
15d37
11ecd
19319
12751
08fff
198c6
09001
1931b
121a4
1931c
121a5
152d2
198c9
09091
0917e
111dd
0fd0c
111de
0d64a
09095
10598
1283b
09fad
0db02
09910
09099
0c853
112ce
0c57c
09378
104a6
0d568
10b50
09915
0909e
0d920
09917
090a0
15e1b
0d921
0937f
10b51
09380
09cea
0d28a
09647
0cc2f
0c57d
10781
0bcfc
090a8
0dbf7
0cc33
090aa
10c30
0cc35
10871
0964e
10872
0964f
111e2
101d3
09651
090b0
09653
10873
090b2
10874
090b3
10b52
090b4
153bd
09657
199b2
090b7
0c66f
110f7
09fb2
0991c
11bee
0d652
199b3
11bf0
0991f
130bd
10c32
199b4
130bf
0c57f
101d7
0bfd2
090c1
0c492
104aa
0d654
0c674
0fc24
090c5
0f39d
090c6
10b56
0cf04
090c8
10c35
0cf06
090ca
193ff
090cc
1228c
0c67d
19127
10687
15784
114ca
090d0
15786
12291
0edea
10877
0cf0a
10878
0cf0b
10b59
0cf0c
19404
0fc29
090d7
0d56b
10b5b
0d56c
090da
11832
102be
11918
10c3b
090dd
1283e
1191b
0f674
14e14
0f675
19406
101da
0fc2d
11834
10b5f
090e4
19407
14e16
090e6
1569f
102bf
090e8
199b8
11fbc
19128
12293
19409
12841
10c3f
090ed
14efc
090ee
14efd
111e7
090f0
15e2a
11920
12845
090f4
1578c
090f5
1578d
15e2d
14e19
0a18f
0d18e
09277
10689
09186
112d1
0fdff
09188
09468
09a04
0d659
0946a
0aecc
0c0c1
10b63
09a07
0918e
0d65a
09a09
09190
0da12
09a0b
09471
102c0
09193
105a2
09a0e
09195
102c1
09196
0a64b
09ddd
0d38a
0973a
0cd22
09199
0c683
0cd24
0d195
0973e
19a9e
0d47b
09740
102c3
0919f
0fa4b
091a0
111ec
0cd2b
091a2
19aa1
0fa4c
111ee
0f48d
154b9
0fd12
154ba
0fd13
19aa3
111f0
0974a
09af3
0d65d
09829
0cfef
0da14
091ac
11ce7
09a12
15966
1100d
091af
12c04
09a15
0b83f
0cff0
091b2
0c764
0c583
0fd15
0c765
112d6
0eeda
1096b
0cff4
1096c
0cff5
091b9
10c49
0cff7
091bb
1100f
0cff9
0c76d
0fefd
18c6c
1237f
091c0
11010
0c771
15877
10d2d
091c3
091c4
0fd19
14f00
0f491
194f5
0fd1a
197d8
1068c
091c8
14f04
14f05
103b0
11a0a
10d2f
091cc
12930
11a0d
0d65e
10c4d
0d65f
091d0
11924
1068e
197da
14f07
091d3
11925
10c50
091d5
1596c
10c52
0fd22
1596d
10c54
091d9
11a0e
10d31
1587a
11b03
18c6f
111f5
10d32
19aab
12934
11b04
1596f
11b05
194fd
12935
091e3
19aae
091e5
194ff
12388
19500
12389
14f0a
19ab1
0927b
0c855
112da
0a192
0955a
09af6
0927f
0a468
0dfbb
0c1b5
0955e
0d002
09282
0d28b
09afb
10693
09561
15a52
0d28c
09563
110fc
0d28e
09b00
09289
103b3
0928a
0a73d
09923
0d47c
0982c
0ce14
0928d
0c775
0ce16
0928f
10e29
0ce18
09291
0fb3c
112de
0f57d
19b91
103b6
09834
19b92
113d5
0ce1e
0fb3e
112e1
0f57f
155ab
0fe04
155ac
0fe05
19b95
112e3
0983c
0d291
12cf2
10e2a
0929f
12cf4
0db07
15a59
11ddc
092a2
092a3
0c857
10695
0c1ba
0c0c9
0c1bc
092a7
10e2c
0d0e7
0ff01
0c85b
0ff02
0c85c
10e2d
0fe0a
0c85e
11100
1087b
0c860
092af
0c862
153c0
0fff6
195e4
10e31
092b3
12473
0c866
195e6
153c5
0f582
10d3e
0efcf
14ff3
0f856
14ff4
0f857
198cb
10d40
0d0f4
0fe0e
112e4
10698
0d1a6
092bf
10788
12a20
113d8
0d297
19b99
12a23
0fe0f
15880
1078a
198cd
1078b
0fe10
092c7
112e6
0fe12
19b9a
11a1a
10d47
19b9b
14ffb
0fff7
150ea
0fff8
153c7
103c0
092cf
15a60
11560
10e39
153c8
10e3a
153c9
11561
11562
19ba0
092d6
15a63
11bf8
15a64
11bf9
092da
195f3
15885
09384
0d924
0d662
10e3b
09478
130c1
105a9
0947a
0a831
0d56f
0983f
104b6
0938c
113dc
0ff08
0938e
09924
104b8
09390
104b9
09391
1183c
0fc33
1183d
0ff0a
160f1
09395
0ab05
0e658
0a834
09bfc
0e1a0
0d38c
09bfe
0ff0b
0939a
0ff0c
0939b
0d928
0a19e
0939d
0deca
0a1a0
09c04
0d38d
13390
0e1a3
093a2
1247e
0a1a5
160f7
12480
093a5
093a6
0c777
10d4e
10f2d
093a9
11657
0cf13
12b1e
1069b
19c97
1165a
0cf16
0d577
10d4f
0d578
093b0
113e3
0d57a
093b2
105aa
130c4
114d5
0d666
093b5
160fa
11bfd
0d931
093b8
113e4
093b9
156a3
0ff11
093bb
156a4
0ff13
19c9a
11b0e
0ff15
093bf
11bff
114d7
15794
1165d
19413
1165e
15e38
1165f
19c9d
130ca
114db
093c6
16100
156a7
12b26
19ca0
12b27
093cb
19ca1
093cd
16103
0a469
0d1a7
09569
1069e
0947e
11014
100ec
09480
09a16
105ac
09482
105ad
09483
1192e
0fd25
1192f
0fffe
161e3
09487
0abf7
0e74b
0a926
09cee
0dce6
0d47e
09cf0
0ffff
0948c
10000
0948d
0da1a
0a290
0948f
0dfbc
0a292
09cf6
0d47f
13482
0dce9
09494
12570
0a297
161e9
12572
09497
09498
105b1
0c95b
10a73
0949b
11749
0d005
12664
1078d
197dd
1174c
0d008
0d1aa
10f31
094a1
11ced
11cee
0d66c
10e45
0d66d
094a5
114e2
0d66f
094a7
161ec
11cef
0da23
094aa
114e3
094ab
1579b
10005
094ad
1579c
10007
197e0
11c0a
10009
094b1
11cf1
1101d
15886
1174f
19505
11750
1597e
11751
197e3
12c10
11021
094b8
161f2
1579f
1266c
197e6
1266d
094bd
197e7
094bf
161f5
0a55b
0956e
0965b
10790
09570
11108
101e0
09572
09b08
106a2
09574
106a3
09575
11a20
0fe17
11a21
100f0
162d5
09579
0ace9
0e291
0a46c
09de0
100f1
0957c
100f2
0957d
0db0b
0a380
0957f
0db0c
0a382
09581
0e0ae
0a384
09de8
0d57d
13574
0dddc
09586
120b6
0a389
162db
120b8
09589
0958a
106a7
0ca4d
10b67
0958d
11841
0d0f7
12756
1087f
198cf
11844
0d0fa
0d1b2
10f39
0d1b3
09594
11028
0d1b5
09596
10792
12cfc
1110f
0d29e
09599
162de
11de1
0db15
0959c
11029
0959d
1588d
100f7
0959f
1588e
100f9
198d2
11cfc
100fb
095a3
11de3
11111
153cc
11847
195f7
11848
15a70
11849
198d5
12d02
11115
095aa
162e4
15891
1275e
198d8
1275f
095af
198d9
15a75
11de7
0a64d
0d391
0974d
10882
09662
111fa
102d2
09664
0992a
0b385
09666
0addc
09ec3
10794
0992d
10795
0992e
0decc
0d671
09930
10a7c
0db19
09932
0e474
0dc00
09ecb
0f95e
113e9
0d2a2
1156b
0d2a3
09673
10e49
09674
1156e
09c0a
0d672
13666
0decf
09678
121a8
09ecf
163cd
121aa
0967b
0967c
0ca4f
10a7e
10c59
0967f
11933
0cc3d
12848
10971
199c1
11936
0cc40
0d2a4
10a7f
0d2a5
09686
1111c
0d2a7
09688
10884
12dee
11201
0d396
0968b
163d0
11ed3
0dc07
0968e
1111d
0968f
153d3
101eb
09691
153d4
101ed
199c4
11dee
101ef
09695
11ed5
11203
154be
11939
196e9
1193a
15b64
1193b
199c7
12df4
11207
0969c
163d6
153d7
12850
12579
163d7
096a1
199cb
096a3
163d9
0a73f
0d483
09845
10974
09754
112ec
103c4
09756
09a1c
0b477
09758
0aece
09fb5
0975a
0dfbf
09fb7
10886
09a21
10887
09a22
10b70
0d745
09a24
09760
10b71
09fbd
0fa50
114e8
0d39a
11669
0d39b
09765
10f3d
09766
1166c
09cfc
0d1b8
131ac
0dfc1
0976a
122a0
09fc1
15f13
122a2
0976d
0976e
0c685
10b72
10d54
09771
11a25
0cd2f
1293a
104c3
19ab3
11a28
0cd32
0d39c
10b73
0d39d
09778
1120e
0d39f
0977a
10976
12ee0
112f3
0d488
0977d
12ee3
11fc6
0dc0e
09780
1120f
09781
154c5
102dd
09783
154c6
102df
19ab6
11ee0
102e1
09787
11fc7
112f5
155b0
11a2b
1922f
11a2c
15c56
11a2d
19ab9
12ee6
112f9
0978e
11943
19abb
12942
120bf
15f1d
09793
19abd
09795
15f1f
0a0a5
0d74e
09b0f
0afbe
0d2a8
09b11
15ffe
0d489
10c61
0a0aa
112fb
0a0ab
09850
10c63
0a0ad
09852
16001
09854
100fc
1175a
103c9
16002
1097c
09dec
1102f
09ded
15d40
1175f
0d840
0985b
12391
0a0b2
132a0
0d842
0985e
132a2
0a0b5
0c686
0c779
09862
113ed
0ce20
12a2b
105b6
1931e
11573
09866
12a2e
11575
0d752
112fe
0d753
0d490
11fce
10980
0d581
10d56
0986d
11b13
11b14
0d754
09870
12fd5
11b16
0fe18
11a30
0fe19
15a77
104c7
09875
11fd1
11a32
09877
155b9
11304
09879
19ba9
11576
19320
121ad
19baa
121ae
1600c
121af
0987e
15d49
11b19
1157a
15d4a
1157b
09882
1600f
155bb
09885
16010
09887
19bb0
09936
0dc0f
0d677
10b76
09a2a
1366d
10b77
09a2c
0addd
0d584
09df1
104c8
0993e
0dde0
104c9
09940
09ed2
1079e
09942
1079f
09943
104ca
09944
11df5
09ed6
163dc
09947
0b0b1
0a744
0dde1
0a1aa
0dde2
0994a
0db24
0994b
0ded3
0a748
0994d
0ded4
0a74a
0994f
0e476
0a74c
0a1b2
0d679
163dd
12a37
09954
0e74e
0a751
1393f
0ded9
09957
09958
0cd34
1130b
0dde5
120c0
0dde6
0db27
166a5
104d1
16104
11853
0d590
163df
104d4
0d592
166a7
0deda
121b2
0dc13
09964
13672
10c68
130ce
11945
15e42
11c10
166a8
13673
121b6
0996a
163e4
13675
1130d
0dedd
0996e
11b1f
104d6
09970
121b9
11947
15e45
11b20
09973
11948
15e47
11949
09976
15e48
121ba
13679
09a2d
09b1a
0dfc2
0d756
114ea
0d1be
09a31
114eb
131b5
0dc15
11214
0d3a1
11ee5
0d683
11ee6
0d684
1678f
10b7c
09fc9
0a835
0dede
0a29b
0b750
0d685
10b7d
0a838
10b7e
0a839
09a3e
0e293
0a83b
09a40
11400
0a83d
09a42
16793
09a44
12b28
0a841
15f24
0da2d
13a30
0e295
09a48
13a32
12b2d
0cf17
09a4b
0d1c1
10c6c
09a4d
122a5
0dfce
09a4f
11d00
09a50
12945
0d1c6
12c16
0d1c7
09a53
15f27
0dc1a
11402
0dc1b
0d689
121be
1000c
11c14
105c6
09a59
11c16
0d68d
09a5b
15f29
122a9
0dc1d
09a5e
1679c
131bc
114ee
161f7
11404
10c6d
09a63
12947
09a64
1194f
1679e
12948
11d05
15f2d
09a69
167a0
09a6b
15f2f
0ab07
0d2b0
09c0d
107a0
09b22
0e0b6
107a1
09b24
0a0b6
10c6e
0a0b7
16012
0d492
10c6f
0a0b9
11310
0a0ba
16014
09b2b
0b295
0e83d
0aa18
0a38e
0dfd1
09b2e
0d75f
09b2f
0e0b7
0a92c
09b31
0e0b8
0a92e
09b33
0e65a
0a930
0a396
0d2b3
16015
1266f
09b38
0e387
0a935
13b23
0e0bd
09b3b
09b3c
10c73
0d00a
0dfd4
122ae
0dfd5
0d762
16889
106b7
162e8
11a3d
0d1d2
16017
106ba
0d1d4
1688b
0e0be
12396
0d84b
09b48
132aa
10e4c
12d06
1157d
15a7a
11dfa
1688c
132ab
1239a
09b4e
1601c
132ad
114f5
0e0c1
09b52
11d09
106bc
09b54
1239d
1157f
15a7d
11dfc
1601e
11dfd
11a40
11d0b
09b5a
15a80
1239e
132b1
09c11
09cfe
0e1a6
0d93e
11124
0d3a4
09c15
11125
13399
0ab09
0e65b
0a46e
09c19
0d84d
11036
0d2be
16972
0dc1e
09edd
16973
0e0c4
09edf
16974
0e1ab
09ee1
09c21
0a1b3
10d62
0a1b4
16106
0d593
10d63
0a1b6
11406
0a1b7
16108
09c28
12760
0a479
1610a
0dc20
13c14
0e47b
09c2c
13c16
12765
0d0fb
09c2f
0d2c1
10d66
0d2c2
09c32
10d67
0d2c4
11582
0d2c5
15b6a
11584
09c36
15b6b
123a4
0d3a7
10e50
09c39
12489
0e1b2
09c3b
11eea
09c3c
12b2f
0d3ac
12dfa
0d3ad
09c3f
1610f
10d68
0d942
09c42
16980
133a0
11128
163eb
1103c
10e51
09c47
12b31
09c48
16112
11e03
12b32
16983
12b33
09c4d
16984
09c4f
16115
0aceb
0d494
09df7
10984
09d06
0dcee
10985
09d08
09fca
0ba25
09d0a
0b47a
0a561
10896
09fcd
10897
09fce
0e56a
0d765
09fd0
1112b
0dcf1
09fd2
09d12
1112c
0a569
0d945
164bc
10899
09d16
1000e
11c1c
1000f
161f9
10e56
0a2aa
0d497
161fb
12859
09d1c
0e56c
0a56d
1375b
0dcf5
09d1f
09d20
10e57
0d0fe
0e1b8
12492
0e1b9
0d94a
164c1
1089d
15f30
11675
0d3b8
161fd
108a0
0d3ba
164c3
0dcf6
1257a
0da33
09d2c
1348e
10a90
12eea
11761
15c5e
11fde
164c4
1348f
1257e
09d32
16202
13491
12580
0e1ba
09d36
11ef3
108a2
09d38
12581
11763
15c61
11ef4
09d3b
11764
15c63
11765
09d3e
15c64
12582
13495
09dfb
0a0bd
0b56b
0acee
0e297
0a654
10988
0a0c0
10989
0a0c1
0e65c
0d857
0a0c3
1121d
0dcfd
0a0c5
0ec05
0ddeb
0d1d5
10f46
0a398
1103e
0a399
10f47
0a39a
162eb
0da39
09e0b
0a65c
1384a
0d596
165b0
0dded
09e0f
1294d
0a660
165b2
1384f
1098c
0cc44
0da3a
11220
0da3b
0d4a7
12586
103d6
11fe2
10990
09e19
11fe4
0d4ab
09e1b
162f0
0db2d
11312
0d598
1357f
120cc
0d59a
12766
0d59b
12fdd
1185a
162f2
120cd
0d59e
165b7
12589
120cf
0dd00
09e27
165b9
11769
09e29
120d1
10f4d
10b85
12fdf
1176a
165ba
09e2e
12fe0
09e2f
12fe1
09e31
162f8
09e33
165bd
09ee4
0e1bb
0d59f
10b86
09fd8
13c19
0e1bd
09fda
0b389
09eea
0a39f
0e38b
09eec
11040
0db32
09eee
0a47e
107b1
09ef0
107b2
09ef1
10a96
09ef2
123ad
0a482
16988
09ef5
0a755
0bc0b
09ef7
0b660
0acf2
0e38e
0a758
0e47f
0d4b1
0a75a
10a99
0a75b
0ecf8
0dee6
0a75d
0f2a6
0e482
0dc25
16989
12fe3
09f02
0ecfa
0acfd
13eeb
0e485
09f05
09f06
0e391
09f07
16c51
11047
0db38
120d4
0dc27
11133
0d5a3
163ec
10b89
09f0d
1267d
10a9d
09f0f
120d6
10a9f
16c53
1267f
10aa1
09f13
1276e
0e488
09f15
121c6
09f16
12dff
0dc2c
1367c
0dc2d
09f19
1698f
11049
0e1c0
09f1c
16c57
121c9
163f1
163f2
11e09
121ca
16993
121cb
12682
16994
13c24
163f5
0a0c7
0e56e
09fdd
0dd02
1375e
10c79
0a0cb
13760
09fe1
0e1c1
1249c
0d94d
164cc
0e1c2
16d3a
10b8b
09fe5
124a0
124a1
09fe8
0b751
0ade3
0e48a
0a849
0e1c4
09feb
0e48c
0ade6
09fed
0e1c5
09fee
0e572
0ade9
09ff0
0eb14
0adeb
0adec
13fda
0d76c
16d40
0e576
09ff5
130d7
0adf0
16d42
13fdf
0e1c6
12776
12777
10b8f
0d693
10c7a
09ffc
10b90
09ffd
121cd
0d696
13763
0e579
0d76f
164d1
11fe8
15c66
122b9
0a003
12ef2
0a004
15f34
13767
0dc35
0a007
1113c
0dc37
15f35
11eff
0a00a
15f36
1277c
0dd06
0a00d
164d7
13769
11feb
15c67
121d0
0a011
11fec
15f39
11fed
0a014
15f3a
12866
16d4d
0a0cd
0a1ba
0e660
0d85d
11317
0d1d8
0a0d1
0e662
13853
0da3e
11229
0d4b6
1258f
0d775
12590
0d776
16e2d
1122b
0a667
0aed3
0e57c
0a939
0bdf0
0d697
10c7e
0aed6
0a0dd
0e57f
0aed8
1122d
0aed9
0a0e0
0e932
0aedb
0a0e2
16e31
0a0e4
12c1a
0aedf
165c2
0e0d7
140ce
0e934
0a0e8
140d0
12c1f
0d779
122be
0d861
11319
0d1db
16024
10d6f
0a0ee
0e580
0a0ef
16e35
1122f
0dd0d
0d77c
1286c
10c84
0a0f4
122c1
0d77f
0a0f6
165c4
0ddf7
0a0f8
13857
11407
132b2
11b2f
16027
123b2
16e39
13858
12955
0a0fe
165c8
1385a
12957
11408
132b5
11b32
1602a
11b33
0a104
165cb
122c3
12871
0a108
12959
16e3f
0a1c0
0dee9
0d2cb
10e5e
0a2ae
13943
0deeb
0a2b0
0aa19
0b0b5
0ec07
0aa1b
0a1c8
0d869
1131b
0d1de
0a489
16f1e
0d86a
16f1f
0e1ca
0a48c
16f20
0e757
0a48e
0a1d0
0ddfb
120da
0db40
166b2
0ddfc
16f22
10d73
0a1d4
120de
120df
0e759
0a1d7
141bf
0aa26
12d0e
0e1cd
16f25
12d10
0aa29
0d1e0
10d74
0d1e1
0a1de
1295c
107b3
16996
0deec
12a42
107b4
16997
1140c
0d86f
0a1e4
11322
0d871
16117
11b37
0a1e7
16118
12960
0d954
13948
12a45
0d956
130da
0d957
133a5
11c22
166ba
12a46
0d95a
16f2c
12961
12a48
0e75f
0a1f3
130dd
0a1f4
166be
123bb
130de
16f2f
130df
0a1f9
16f30
0a1fb
166c1
0b297
0da40
0a3a5
0e299
0a2b4
114fc
0da42
0a2b6
0a576
0bfd3
0b1a8
0ecfd
0ab0d
0e761
0a579
0e762
0d2d3
0a57b
10e63
0a57c
0eb16
0dd11
0a57e
0f0c2
0e29e
0ab15
0dc3b
1140f
0d69e
121d3
0d95d
121d4
0d95e
16a69
11411
0a856
0da43
167a7
12e05
0a2ca
0eb18
0ab19
13d07
0e2a1
0a2cd
0a2ce
0e764
0a2cf
16a6d
11413
0d960
124a8
0da45
114fd
0d3c1
16208
10f53
0a2d5
12a4f
10e69
0a2d7
124aa
10e6b
16a6f
12a51
10e6d
0a2db
12b36
0e2a4
0a2dd
12594
0a2de
12c21
0da4a
13498
0da4b
0a2e1
167ad
11415
0dfe0
0a2e4
16a73
12597
1620d
1620e
11c2b
12598
167b1
12599
12a54
167b2
13a40
16211
0a668
0abfe
0e2a6
0a66a
0bb1a
0d3c3
10f54
0ac01
0a3ae
0e2a9
0ac03
11500
0ac04
0a3b1
0ec09
0ac06
0a3b3
16b59
0d781
11501
0d1e4
122c5
0da4f
122c6
0da50
16b5b
11503
0a948
0db41
16899
12ef7
0a3bc
0ec0a
0ac0b
13df9
0e39a
0a3bf
0a3c0
0e2aa
0a3c1
16b5f
11505
0da52
1259a
0db43
1104c
0d4b9
162fa
10aa5
0a3c7
12b41
10f5b
0a3c9
1259c
10f5d
16b61
12b43
10f5f
0a3cd
12686
0e39d
0a3cf
120e0
0a3d0
12d13
0db48
1358a
0db49
0a3d3
1689f
11507
0e0db
0a3d6
16b65
120e3
162ff
16300
11d1d
120e4
168a3
120e5
1268c
16b68
0a3de
16303
0a581
0ba2a
0a491
0e1cf
141c4
0db4c
0a585
141c6
0a495
0a94a
0e936
0da59
1104e
0d1e6
0a499
0e938
140d5
0d875
11324
0d1e8
12965
0d1e9
0a49e
10d7d
0a49f
12968
0aa2f
0b29b
0e939
0ad01
0c1be
0d1ea
0e93a
0b29e
11053
0b29f
0a4a6
0e93c
0b2a1
0a4a8
0f2a9
0b2a3
0a4aa
171f9
0a4ac
1358e
0b2a7
16f36
0e493
14496
0f2ab
0a4b0
14498
13593
0da5e
11054
0da5f
0d1ee
12c28
0e67f
0d2d9
0ea32
0a4b7
12d19
0e1d4
13c26
124af
16121
0e93e
0db4f
123bc
0db50
16999
0e680
0e0e7
1699a
123bf
0a4c0
1699b
12c2d
0e1d5
141ca
12d1b
0e1d7
13c28
124b1
16f3b
12d1c
0e1da
17202
141ce
12d1f
123c0
17204
0a4cc
13c2a
0a4cd
13c2b
12c2f
0a4d0
12d21
17207
0a588
0e2ad
0d3cb
0eb1b
0a676
13d0b
0e2af
0a678
0d2db
10e6e
0ab1d
11144
0ab1e
16a78
0def9
16a79
11145
0a592
0adf2
0b38e
0ea36
0adf4
0c2b0
0d2de
0ea37
0b391
11147
0b392
0a599
0ea39
0b394
0a59b
0edef
0b396
0a59d
172eb
0eb21
0a59f
14587
0b39a
13682
0e586
172ed
13684
0b39d
0d2e0
0ea3a
0d2e1
0a5a6
1114a
0d2e3
0a5a8
0e2b0
13d0e
11235
0d4bb
1349c
0d4bc
1376d
0db56
0a5ad
1114b
0a5ae
12787
0dd1b
13d10
12e0d
0dd1d
1376e
125a3
16a7f
12e0e
0dd20
172f2
0ea3c
1114c
0a5b7
12789
0e1e5
0a5b9
16a82
12e10
0eb27
0a5bc
16a84
1278b
134a0
12877
16a85
0a5c1
172f8
0a5c3
16a87
0b661
0de08
0a767
0e3a0
0a67c
11327
0de0a
0a67e
0ac0e
0e2b3
0a680
0e2b4
0a681
12b4a
0da62
12b4b
0dd22
173d9
0a685
0bdf1
0b480
0eb28
0aee6
0dd23
0a688
0dd24
0a689
0eb2a
0b484
0a68b
0ec10
0b486
0a68d
0f1b6
0b488
0aeee
0de0b
16b6d
131c7
0a692
0eee3
0b48d
1467b
0ec15
0a695
0a696
0e2b8
0a697
12e15
0e2b9
0a699
16b6f
0de0d
12efc
0d786
0a69c
1296a
0a69d
13595
0a69e
1123d
0a69f
12879
0dc48
0a6a1
12e19
125a8
0dd2a
16b70
11240
0dd2c
173e4
0ec17
0de10
16b72
1296c
0a6a9
13597
0a6aa
165d5
13e05
0e3a4
0a6ad
173e7
13598
1296f
16b76
1287c
165d7
12e1c
16b78
13e08
165d9
0a857
0b754
0a76d
0defb
13eee
0d878
0a85b
13ef0
0a771
0bee3
0f493
0b664
0aa32
0de15
0a774
0de16
0a775
0ec1c
0afca
0a777
0ed02
0afcc
0a779
0f2ac
0afce
0aa3a
0d4c3
10aa8
0ad0c
1132c
0ad0d
16c5e
0e0ec
16c5f
1132d
0a781
0afd0
1476a
0defe
174d0
0ed06
0a785
132bb
0afd4
174d2
1476f
0de19
12f06
1132f
0de1a
174d3
12f09
0d879
1141a
0d5b2
13ef3
121d8
163f6
12a5d
166c2
12f0a
0de1b
12970
10d7f
16f43
0ec20
11332
0a795
12973
0de1f
0a797
16c65
0e499
0a799
13ef5
121da
166c6
12a5f
174d7
13ef6
12ff3
0a79e
16c69
13ef9
12974
0a7a1
121dc
166c9
121dd
0a7a4
166ca
12ff6
13efb
0a85d
0e587
0b846
0d969
1150a
0d6a2
0a861
0e846
13fe3
0b755
0f2ad
0b0b8
0a865
0d87d
1141c
0d5b4
17010
0d87e
0ab27
17011
0e2bc
0ab29
17012
0e849
0ab2b
0a86d
0adfd
0e49d
0a86f
0e49e
0a870
1278e
0dc4a
1278f
0df0a
17015
0a874
133b0
0b0c3
16d54
0e2be
142b2
0f0c9
0a878
142b4
133b5
0dff1
13a42
122cb
15f3d
0d880
11420
0d881
0d5ba
12ffa
0e4a2
0d6a3
0e84e
0a881
130e1
0ed11
0d96d
121de
0d96e
167b5
0e4a3
0df0f
167b6
121e1
0a888
167b7
12fff
0dff3
13fe6
130e3
0dff5
13a44
122cd
16d59
130e4
0dff8
1701e
13fea
130e7
121e2
17020
0a894
13a46
0a895
13a47
13001
0a898
16d5f
13fed
0b847
0edf3
0b1aa
0a957
0d96f
1150e
0d6a6
17102
0d970
0ac19
17103
0e3ae
0ac1b
17104
0e942
0ac1d
0a95f
0aeef
0e58f
0a961
0e590
0a962
12880
0d790
12881
0dffc
17107
0a966
134a2
0b1b5
16e46
0e3b0
143a4
0f1bb
0a96a
143a6
134a7
0da63
1105e
0d1f3
140d7
123c2
1602e
1269b
168a6
0dffd
130ea
11513
0dffe
1710b
130ed
0e857
0da65
122d0
0da66
168a7
0e595
0e001
168a8
122d3
0a97a
168a9
130f1
0e0f1
140d8
12c33
0e0f3
13b36
123c5
16e4b
12c34
0e0f6
17110
140dc
12c37
122d4
17112
0a986
13b38
0a987
13b39
0a989
16e50
0a98b
17115
0aa3c
0ed13
0d2e6
0ed14
0ab30
14771
0ed15
0ab32
0bee5
0e688
0aef7
0e689
0aa44
0e006
0e68a
0aa46
0afd6
0ec24
0afd7
174de
0d4ca
0ec25
0afd9
11337
0afda
174e0
0aa4d
0b2ad
0c77a
0bee8
0f494
0b84c
0e68d
0b2b0
0e68e
0b2b1
0efdb
0e009
0b2b3
0f85c
0ea3e
0b2b5
0fe1a
0efde
0e77d
174e1
13b3b
0aa5a
0f85e
0b857
14a43
0efe1
0aa5d
0aa5e
0e68f
0aa5f
131d3
0e690
0aa61
11060
0aa62
12c3b
0e693
177aa
131d5
0e695
0aa66
0e77f
14774
0e0fb
0d79b
0aa69
12d2c
0aa6a
13957
0aa6b
177ac
12979
0aa6d
131d9
0efe3
0e782
174e6
12d2e
0aa71
13959
0aa72
16f49
14779
0ed18
0aa75
177af
0aa77
174ea
12d30
12a6d
16f4b
131da
174ec
1477c
16f4d
0ac1f
0bb1e
0ab35
0e1e9
142b6
0d978
0ac23
142b8
0ab39
0e787
0ab3a
13003
0b0ca
0e4a4
0ab3c
0e4a5
0ab3d
13006
13007
0ab40
0c2b1
0b93d
0efe6
0b3a1
0e0fd
0ab43
0d88b
0ab44
0efe8
0b941
0ab46
0f0ce
0b943
0ab48
0f678
0b945
0b946
14b32
0e2c4
17898
0f0d2
0ab4d
13c2f
0b94a
1789a
14b37
0e100
132ce
0e101
0d88e
1789b
0e78d
172fa
12a6f
0d2f3
17029
0e790
0d2f5
1789d
0e1ec
133b6
0d97a
0ab5a
1702b
12b5a
167be
12e1f
16a8c
132d4
11153
172fb
0f0d5
0e2c8
1702c
12e20
0ab62
13a4b
0ab63
16a8f
142bf
0e792
0ab66
1702f
142c1
12d36
0ab69
12b5e
16a91
12b5f
0ab6c
16a92
133be
142c3
0ac25
0ad12
0f1bc
0da69
0f1bd
0d4cd
0ac29
0f1be
143ab
0d97b
17984
0e2ce
0ac2d
0e00d
130f6
0e00e
17117
0e861
0b1bf
0ba2d
0ac32
0c3a4
0f961
0d3de
0e862
0ba30
0e863
0ba31
0ac36
0f0db
0ba33
0ac38
0f496
0ba35
0ac3a
17989
0ac3c
13772
0ba39
1711a
0ec2f
14c26
0f498
0ac40
14c28
13777
0d980
0f0dc
0d981
0d3e2
133c2
0dd31
12e24
0e2d4
0ac47
12e26
0d3e6
0ac49
1711c
0da6b
0f1c6
0d4cf
143ad
133c5
0e3ba
13e0a
126a1
168b1
11245
173ed
133c6
0e867
0e3bb
143ae
134ab
0e3bd
13e0c
126a3
1711f
134ac
0e3c0
17992
143b2
134af
126a4
16b82
126a5
0ac5c
12b65
17995
133c9
0ac60
134b1
17997
0ad18
0ea41
0d5be
0ea42
0ae06
1449b
0ea43
0ae08
0b573
0bc11
0f76b
0b575
0ad20
0da6d
0f1cb
0d4d1
17a76
0dd36
0afe2
17a77
0ed22
0afe4
17a78
0f2b3
0afe6
0ad28
0e103
12c40
0e104
1720a
0da70
17a7a
0e3c4
0ad2c
12c44
12c45
0f2b5
0ad2f
14d17
0b580
13866
0ed25
17a7d
13868
0b583
0d4d4
0e956
0d4d5
0ad36
0e957
0d4d7
126a6
0d4d8
16c6e
126a8
0ad3a
16c6f
134b6
0d5c0
0ea44
0ad3d
1359b
0e958
0dc4b
13c32
0dc4c
13efd
0dd3a
0ad42
12f1f
0e3cc
0ad44
1359c
0f2ba
0ad46
13c34
0e4b0
13eff
0e4b1
0ad49
17214
135a0
0f2bb
0ad4c
126ab
17a86
13c36
1300d
17217
0ad51
17a88
0ad53
17219
0bdf3
0e598
0aefd
0e599
0ae0c
0df16
0e59a
0ae0e
0b0ce
0cb42
0bd04
0f861
0b667
0e4b3
0b0d1
0e4b4
0b0d2
0f2be
0de2b
0b0d4
0f67a
0e869
0b0d6
0fc36
0edfa
0b66f
0db61
11154
0d2f7
12d39
0d5c4
12d3a
0d5c5
175c1
0ea4b
0b3ae
0e59b
172ff
1395d
0ae22
0f67c
0b673
1485f
0edfd
0ae25
0ae26
0e4b7
0ae27
135a5
0e4b8
0ae29
1142a
0ae2a
1300f
0e4bb
175c6
135a7
0e4bd
0ae2e
0e59d
14590
0df19
0d79c
13778
0d79d
13fef
0db67
0ae33
175c8
1279b
0ae35
135ab
0edff
0e5a0
17304
130fc
0ae39
1377b
0ae3a
16d65
14595
0eb38
0ae3d
175cb
0ae3f
17308
130fe
17309
130ff
135ac
1730a
14598
16d69
0b1c0
0b758
0ee02
0b1c2
0c689
0d6b4
0eb39
0b75b
0eb3a
0b75c
0af07
0ee05
0b75e
0af09
0f76d
0b760
0af0b
176b1
0dc53
11246
0d3e9
12e2b
0d6b6
12e2c
0d6b7
176b3
0eb3d
0b4a0
0e699
173f1
13a4f
0af14
0f76e
0b765
14951
0eef6
0af17
0af18
0e69b
14682
0e010
0d6b8
0eb3e
0d6b9
0af1c
0eb3f
0d6bb
1288a
0d6bc
16e52
1288c
0af20
16e53
1369a
0d890
1386a
0d891
140e1
0dc59
0af25
176ba
1288d
0af27
1369d
0eef8
0e69e
173f6
12c48
0af2b
1386d
0af2c
16e57
14687
0ec33
0af2f
176bd
16e58
1288f
12c4a
173fb
12c4b
131e4
1468b
0af36
16e5b
0b0d9
0c58a
0afe9
0e6a3
14d1c
0de30
0b0dd
14d1e
0afed
0b4a2
0f49a
0dd3d
0f49b
0d7a1
0aff1
0f49c
14c2d
0da76
0f1d4
0d4dd
134bd
0d7a2
134be
0d7a3
17d4d
0f1d6
0b589
0bdf7
0affa
0c77d
102e6
0d7a4
0f1d7
0bdfa
0f1d8
0bdfb
0affe
0f4a0
0bdfd
0b000
0fe1d
0bdff
0b002
17d51
0b004
140e6
0be03
17a8e
0efef
15000
0fe1f
0b008
15002
140eb
0d7a6
131e6
0e6a6
177b5
0e5b6
1377e
0e5b7
0dd46
17d55
12f24
0d7ab
17a8f
0ec40
0d7ad
17d57
0e6a7
13870
0de32
0b015
17a91
13014
16c78
132d9
174f3
13784
0f1dc
0ed2d
14d22
13873
0ed2f
14780
13017
17a93
13874
0ed32
17d5a
14d26
13877
12f26
17d5c
0b024
14782
0b025
14783
13787
0b028
13879
17d5f
0b0e0
0ee09
0d984
0ee0a
0b1ce
14863
0ee0b
0b1d0
0d5ce
0ea50
0b677
0ea51
0b678
0f2ca
0b679
175d1
0de35
0b0ea
0b94c
0ce29
0b0ec
0c86f
0beeb
0ed35
0b94f
0ed36
0b950
0f681
0e6ab
0b952
0f962
0f0e0
0b954
0ff1e
0f684
0bef3
0f685
0b0f7
150f1
0bef6
141da
0f0e2
17e45
141dc
0bef9
0d2f8
1301a
0d2f9
17036
0de38
0f59e
0de39
0d89d
1387c
0ed3a
0b102
132e1
0d8a0
0b104
175d6
0df25
0f688
0d987
14867
1387f
0e872
142c4
13107
16d6b
0f59f
0e873
14868
13965
0e875
142c6
13109
175d9
13966
0e878
17e4c
0f5a0
13968
0f68b
0b114
175dc
132e3
13ff8
17e4f
13ff9
0b119
17e50
0b11b
175df
0c1c1
0e960
0b2bf
0e961
0b1d4
0e2dc
0e962
0b1d6
0b768
0e5b9
0b1d8
0e5ba
0b1d9
0e879
0b1da
136a3
0b76c
176c4
0b1dd
0c960
0ff1f
0c0d2
0ba40
0e79b
0b1e0
0df2b
0b1e1
0f68e
0bfe0
0b1e3
0f774
0bfe2
0b1e5
0fd2a
0bfe4
0ba48
0e963
176c5
13d1f
0b1ea
0fa57
0bfe9
151e5
0f779
0b1ed
0b1ee
0e87d
0b1ef
133d1
0d98d
0ee14
0d98e
0b1f2
0ee15
0d990
17129
1310f
0b1f5
1712a
13970
0da7a
0eefe
0b1f8
13a55
0ee16
0e105
140ec
0e106
143b7
0e7a0
0b1fd
13973
0f77b
0e968
176ca
134c4
0b201
140ef
0b202
1712d
1495d
0ef00
0b205
17f3f
140f0
17f40
140f1
133d4
0b209
13974
176d0
14960
17131
0b3af
0c2b4
0b2c5
0e3cf
14a46
0e108
0b3b3
14a48
0b2c9
0ca52
10011
0c1c4
0b58c
0e2e1
0b2cc
0e01a
0b2cd
0f780
0bb26
0b2cf
0f866
0bb28
0b2d1
0fe20
0bb2a
0b594
0d208
0ec43
0b866
0ec44
0b867
0ef04
0b868
177b7
0e01d
0b2d9
0bb2c
152d4
0ea56
18028
0f86a
0b2dd
13e13
0bb30
1802a
152d9
0e3d1
17a9a
12c53
0b2e2
0e972
0b2e3
13a5f
0e973
0b2e5
134ca
0e975
1802c
13a61
0e977
0b2e9
0ea57
14a4a
0e3d4
0e021
0b2ec
135b4
0b2ed
141df
0b2ee
1802e
0f784
0eff5
0b2f1
14a4d
12d40
1721e
135b7
1802f
14a4e
13b4b
0b2f6
177c1
14a51
134cc
0b2f9
12d42
17221
12d43
0b2fc
17222
13b4e
14a53
0b3b5
0b4a8
0f3a8
0e1f9
0f3a9
0dc5d
0b3b9
0f3aa
14b3b
0c2b5
0fe21
0bc14
0b3bd
0e10b
0f871
0db6f
17b68
0e3d6
0b681
17b69
0ee18
0b683
17b6a
0f3ad
0b685
0b3c5
0b957
0e7a1
0b3c7
0e7a2
0b3c8
0ea61
0b3c9
132e7
0b95b
178aa
0b3cc
13f08
0bc1f
178ac
0ee1a
14e1c
0fc3d
0b3d0
14e1e
13f0d
0db72
135ba
0e4c4
175e1
0e3d8
13b50
0e3d9
0e112
17b71
12d46
0db77
178ad
0ea68
0db79
17b73
0e4c5
13c38
0e1fc
0b3dd
136a6
0b3de
13d25
0b3df
178af
13b56
0efff
0eb4b
14b3e
13c3b
0eb4d
1459c
12e33
178b1
13c3c
0eb50
17b76
14b42
13c3f
12d48
135bf
0b3ec
1459e
13d29
17b79
13b59
0b3f0
13c41
17b7b
0b4ae
0c68a
101f5
0c3a8
0b771
0e4c7
0b4b1
0e1fe
0b4b2
0f3b8
0bd0b
0b4b4
0f4a5
0bd0d
0b4b6
0fa59
0bd0f
0ba49
0e2e7
0b4b9
0e2e8
0b4ba
0eb53
0b4bb
133d9
0ba4d
1799c
0b4be
13ffa
0bd11
1799e
0ef0c
14f0e
0fd2f
0b4c2
14f10
13fff
0dc64
136ac
0e5bc
176d3
0e5bd
13788
0dd4b
0b4c8
0eb56
0b4c9
13c43
0eb57
0b4cb
136ae
0eb59
17c64
13c45
0eb5b
0b4cf
131f2
0b4d0
13e17
0b4d1
179a1
13c48
0f0f1
0ec49
14c30
1378b
0ec4b
1468e
12f2b
179a3
1378c
0ec4e
17c68
14c34
1378f
12e3a
17c6a
0b4de
14690
0b4df
14691
0b4e1
179a8
0b4e3
17c6d
0b596
0f877
0de3e
0f878
0b68a
152db
0f879
0b68c
0ca54
0f1e4
0ba51
0f1e5
0b59e
0eb5e
0f1e6
0b5a0
0bb32
0e979
0b5a2
0e97a
0b5a3
0f1e7
0b5a4
13a6b
0bb36
18038
0b5a7
0e2ee
0fa5d
0dd51
182fa
0eb60
0be0b
182fb
0f5a1
0be0d
182fc
0fb51
0be0f
0b5af
0c3b2
155bc
0f2da
182fe
0fb54
0b5b3
14695
0c3b6
18300
155c1
0ec51
17d60
134cf
0b5b8
0f1ec
0b5b9
13d2b
0f1ed
0b5bb
13794
0f1ef
18302
13d2d
0f1f1
0b5bf
0f2db
152de
0ec54
0e2f3
0b5c2
13884
0b5c3
144af
0b5c4
18304
0fa62
0f87b
0b5c7
152e1
135c2
17aa0
13887
18305
152e2
13e21
0b5cc
18041
152e5
13796
17aa2
135c4
0b5d1
14d2f
0b5d2
17aa4
13e24
152e7
0b68d
0b77a
0fc3e
0e4cf
0fc3f
0df31
0b691
0fc40
14e23
0e114
0f87d
0db7b
13b5b
0de42
13b5c
0de43
183eb
0f87f
0bc29
0c49b
0f2e5
0befb
0f2e6
0befc
0fc41
0ec57
0befe
0ff20
0f694
0bf00
104df
0fc44
0c4a3
0fc45
0b6a3
156af
0c4a6
14786
0f696
183f1
14788
0c4a9
0d8a4
135c6
0d8a5
175e2
0e3e4
0fb5d
0e3e5
0de49
13e28
0f2ea
0b6ae
1388d
0de4c
0b6b0
17b82
0e4d1
0fc48
0df33
14e25
13e2b
0ee22
14870
136b3
17317
0fb5e
0ee23
14e26
13f11
0ee25
14872
136b5
17b85
13f12
0ee28
183f8
0fb5f
13f14
0fc4b
0b6c0
17b88
1388f
145a4
183fb
145a5
0b6c5
183fc
0b6c7
17b8b
0c77e
0ef10
0b86d
0ef11
0b782
0e888
0ef12
0b784
0bd16
0eb65
0b786
0eb66
0b787
0ee29
0b788
13c4f
0bd1a
17c70
0b78b
0e4d6
0fc4c
0df37
184de
0ed48
0bfef
184df
0f791
0bff1
184e0
0fd35
0bff3
0b793
0c596
157a0
0ef14
184e2
0fd38
0b797
142cd
0c59a
184e4
157a5
0e889
17f44
136b9
0b79c
0ee2e
0b79d
13f19
0ee2f
0b79f
1397e
0ee31
184e6
13f1b
0ee33
0b7a3
0ef15
14f16
0e88c
0e4db
0b7a6
13a6e
0b7a7
14699
0b7a8
184e8
0fc51
0f4b3
0b7ab
14f19
131fa
176d8
13a71
184e9
14f1a
14005
0b7b0
17c79
14f1d
13a72
131fd
176da
136bc
13981
0b7b6
176dc
14008
14f1f
0b871
0b95e
0fe22
0e6b3
0fe23
0e117
0b875
0fe24
15007
0e028
0f4b5
0c0d4
0f4b6
0c0d5
0b87a
0fd40
0c0d7
0b87c
10106
0c0d9
0b87e
185d1
0b880
0e5c7
13798
0dd5b
17d62
0e5c8
185d2
0ef20
0b884
1379c
1379d
0fe29
0b887
15893
0c0de
143be
0f889
185d5
143c0
0c0e1
0da8a
131fe
0da8b
177c6
0e5ca
0fd41
0e5cb
0e02f
1400c
0ef24
0b892
13a77
0e032
0b894
17d68
0e6b5
0fe2c
0e119
15009
1400f
0f008
14a54
132eb
174fb
0fd42
0ef28
0b89c
140f4
0fe2e
0b89e
1478c
0f00c
14a57
0f00d
0b8a1
17d6c
140f8
0fe2f
0b8a4
13203
185de
1478e
13b65
17d6f
0b8a9
185e0
0b8ab
17d71
0c962
0f0f4
0ba57
0f0f5
0b966
0ea6e
0f0f6
0b968
0bc2a
0e981
0b96a
0e6b8
0b96b
0f96b
0c1c8
0b96d
0f96c
0c1ca
0b96f
0ff24
0c1cc
0bc32
0d8a6
0f2ef
0bf04
0f2f0
0bf05
0f5ae
0bf06
17e55
0e6bb
0b977
0c1ce
153d8
0f0f8
1811a
0f970
0b97b
144b7
0c1d2
1811c
153dd
0ea6f
17b8c
132f1
0b980
0f014
0b981
140fd
0f015
0b983
13b68
0f017
1811e
140ff
0f019
0b987
0f0f9
150fa
0ea72
0e2f4
142d0
0e2f5
14b47
0e6bf
0b98c
18120
0fe35
0f69b
0b98f
150fd
133de
178bc
13c55
18121
150fe
141e9
0b994
17e5f
15101
13b6a
178be
133e0
0b999
14b4b
0b99a
178c0
141ec
15103
0ba5b
0e7a9
0f976
0e20d
18206
0ea74
0bd1f
18207
0f4be
0bd21
18208
0fa65
0bd23
0ba63
0bff5
0e893
0ba65
0e894
0ba66
0f103
0ba67
13985
0bff9
17f48
0ba6a
145a6
0c2c1
17f4a
0f4c0
154cc
102ec
0ba6e
154ce
145ab
0e210
13c58
0eb68
17c7f
0eb69
13d34
0e2f7
0ba74
0f106
0ba75
141ef
0f107
0ba77
13c5a
0f109
18210
141f1
0f10b
0ba7b
1379e
0ba7c
143c3
0ba7d
17f4d
141f4
0f6a5
0f1f9
151ee
13d37
0f1fb
14c3a
134d7
17f4f
13d38
0f1fe
18214
151f2
13d3b
133e6
18216
0ba8a
14c3c
0ba8b
14c3d
0ba8d
17f54
0ba8f
18219
0bb42
0fe36
0e3ea
0fe37
0bc36
15899
0fe38
0bc38
0d00f
0f798
0bffd
0f799
0bb4a
0f10e
0f79a
0bb4c
0c0e2
0ef29
0bb4e
0ef2a
0bb4f
0f79b
0bb50
14017
0c0e6
185e4
0bb53
0e89a
1001a
0e2fd
188a6
0f110
0c3bb
188a7
0fb60
0c3bd
188a8
1010e
0c3bf
0bb5b
0c96d
14c3e
0f88e
188aa
10111
0bb5f
1176f
0c971
188ac
14c43
0f201
1830c
13a7b
0bb64
0f7a0
0bb65
142d7
0f7a1
0bb67
13d40
0f7a3
188ae
142d9
0f7a5
0bb6b
0f88f
1589c
0f204
0e89f
0bb6e
13e30
0bb6f
14a5b
0bb70
188b0
1001f
0fe3a
0bb73
1589f
13b6e
1804c
13e33
188b1
158a0
143cd
0bb78
185ed
158a3
13d42
0bb7b
13b70
1804f
13b71
0bb7e
18050
143d0
158a5
0bc39
0bd26
101fb
0ea7b
101fc
0e4dd
0bc3d
101fd
153e1
0e6c0
0fe3c
0e127
14107
0e3ee
14108
0e3ef
18997
0fe3e
0c1d9
0ca56
0f899
0c4ab
0f89a
0c4ac
101fe
0f207
0c4ae
104e0
0fc53
0c4b0
10aaa
10201
0ca5e
10202
0bc4f
14d31
0ca61
11860
0fc55
1899d
11862
0ca64
0de50
13b72
0de51
17b8e
0e990
1011a
0e991
0e3f5
143d4
0f89e
0bc5a
13e39
0e3f8
0bc5c
1812e
0ea7d
10205
0e4df
153e3
143d7
0f3d6
14e2e
13c5f
178c3
1011b
0f3d7
153e4
144bd
0f3d9
14e30
13c61
18131
144be
0f3dc
189a4
1011c
144c0
10208
0bc6c
18134
13e3b
14b50
189a7
14b51
0bc71
189a8
0bc73
18137
0cd39
0f4c4
0be19
0f4c5
0bd2e
0ee38
0f4c6
0bd30
0c2c6
0f115
0bd32
0f116
0bd33
0f3dd
0bd34
141fb
0c2ca
1821c
0bd37
0ea82
10209
0e4e3
18a8a
0f2f8
0c59f
18a8b
0fd50
0c5a1
18a8c
102f2
0c5a3
0bd3f
0cb51
14876
0f4c8
18a8e
102f5
0bd43
11953
0cb55
18a90
1487b
0ee39
184f0
13c65
0bd48
0f3e2
0bd49
144c5
0f3e3
0bd4b
13f2a
0f3e5
18a92
144c7
0f3e7
0bd4f
0f4c9
154d4
0ee3c
0ea87
0bd52
1401a
0bd53
14c45
0bd54
18a94
1020e
0fa72
0bd57
154d7
137a6
17c84
1401d
18a95
154d8
145b1
0bd5c
18225
154db
1401e
137a9
17c86
13c68
13f2d
0bd62
17c88
145b4
154dd
0be1d
0bf0a
103df
0ec5f
103e0
0e6c3
0be21
103e1
155c5
0e5d4
0fa74
0c68f
0fa75
0c690
0be26
102fd
0c692
0be28
106c6
0c694
0be2a
18b7d
0be2c
0eb73
13d44
0e307
1830e
0eb74
18b7e
0f4d4
0be30
13d48
13d49
103e6
0be33
14969
0c699
11a44
0fe48
18b81
11a46
0c69c
0e036
137aa
0e037
17d72
0eb76
102fe
0eb77
0e5db
145b8
0f4d8
0be3e
14023
0e5de
0be40
18314
0ec61
103e9
0e6c5
155c7
145bb
0f5bc
15012
13897
17aa7
102ff
0f4dc
0be48
146a0
103eb
0be4a
14d38
0f5c0
15015
0f5c1
0be4d
18318
146a4
103ec
0be50
1831a
14025
14d3a
18b8b
14d3b
0be55
18b8c
0be57
1831d
0cf1d
0f6a8
0c003
0f6a9
0bf12
0f01e
0f6aa
0bf14
0c1da
0c781
0f5c3
0c1dc
0f5c4
0c1dd
103ee
0ef33
0c1df
107b7
0f98c
0c1e1
10d80
0ff2b
0de52
0f8a3
0c4b4
0f8a4
0c4b5
0fb6d
0c4b6
18401
0ec67
0bf23
0c789
14a60
0f6ac
186c6
0ff2d
0bf27
1158b
0c78d
186c8
14a65
0f01f
18138
1389d
0bf2c
0f5c8
0bf2d
146a9
0f5c9
0bf2f
14114
0f5cb
186ca
146ab
0f5cd
0bf33
0f6ad
156b8
0f022
0e8a0
1487c
0e8a1
15105
0ec6b
0bf38
186cc
103f2
0fc5a
0bf3b
156bb
1398a
17e68
14201
186cd
156bc
14795
0bf40
1840b
156bf
14116
0bf43
1398c
17e6b
1398d
0bf46
17e6c
14798
156c1
0c007
0c2cd
0f023
0c009
0ed56
0c00a
0ff34
0c876
0c00c
10021
0c878
0c00e
105d6
0c87a
0c5a5
0ee43
0c011
0ee44
0c012
0f6b7
0c013
13f31
0c5a9
184f4
0c016
1167a
0c87c
184f6
0fa7f
14b54
108ac
0c01a
14b56
1167f
0e7bc
14204
0f118
1822b
0f119
142e0
0e8a3
0c020
0f6ba
0c021
1479b
0f6bb
0c023
14206
0f6bd
187bc
1479d
0f6bf
0c027
13d4a
0c028
1496f
0c029
184f9
147a0
0fc64
0f7ad
157ac
142e3
0f7af
151f8
13a83
184fb
142e4
0f7b2
187c0
157b0
142e7
13992
187c2
0c036
151fa
0c037
151fb
0c039
18500
0c03b
187c5
0ef37
106c9
0e997
0c0f3
106ca
11a4b
0ee45
105d7
0e8a5
0c0f7
105d8
11959
0eb7a
10303
0e5e1
145c1
0e8a6
145c2
0e8a7
18e55
10305
0c6a2
0cf1f
0fd5b
0c974
0fd5c
0c975
106cb
0f6c5
0c977
10f65
1011e
0c979
1151e
106ce
0cf27
106cf
0c109
151fd
0cf2a
11d20
10120
18e5b
11d22
0cf2d
0e30a
14026
0e30b
185f4
0ee4c
105dc
0ee4d
0e8ad
14884
0fd60
0c114
142ed
0e8b0
0c116
18b94
0ef39
106d2
0e999
14975
14887
0fe4e
158a6
14119
17d7d
105dd
0fd64
0c11e
11a4e
106d4
0c120
185f8
14979
0fe53
158a8
1411b
18b98
11a52
106d5
0c126
11a55
18e64
185fb
1402b
143e0
18b9c
143e1
1488a
18b9d
0ea88
0ff39
0c2d6
1158f
0ff3a
0c2d8
0e6d2
0fb73
0c790
0fb74
0c791
103f9
0c792
186d5
0ef3d
0c1f0
0ca65
0d012
0fe57
0ca67
0fe58
0ca68
107bd
0f7bb
0ca6a
10aab
10210
0ca6c
11064
107c0
0f991
186d7
11e11
0c1fc
10aad
0d01d
152f1
107c3
0c1ff
0c200
0fe59
0c201
143e3
0e99f
103fd
0e9a0
0c204
103fe
0e9a2
1813b
14121
0c207
1813c
14982
0ea8a
0ff3b
0c20a
11593
103ff
0f11b
1510a
0f11c
153ed
0f7be
0c20f
11594
107c6
0c211
1813e
14a6b
0f999
153ee
1420d
186de
10400
0ff3d
0c217
18f55
18140
1159b
143e6
0c21b
1420e
18142
1420f
0c21e
18143
0c3c7
0fa83
0c2da
0f3ec
0fa84
0c2dc
0c881
0f6c9
0c2de
0f6ca
0c2df
0f99b
0c2e0
147a7
0c885
187c8
0c2e3
0f032
107c8
0ea8f
1903a
0f8ac
0cb5a
1903b
1030c
0cb5c
1903c
108b1
0cb5e
0c2eb
0d10c
14e34
0fa86
1903e
108b4
0c2ef
11f05
0d110
19040
14e39
0f3ed
18a9c
14211
0c2f4
0f9a0
0c2f5
14a71
0f9a1
0c2f7
144d6
0f9a3
19042
14a73
0f9a5
0c2fb
0fa87
14b58
0f3f0
0f037
0c2fe
145c6
0c2ff
15203
0c300
19044
107cd
1002e
0c303
14b5b
11688
0fa8c
19045
145c8
0c307
15205
0c308
187d1
14b5f
14b60
0c30b
13d54
18233
13d55
0c30e
187d4
144d9
14a79
0c3cb
0f4df
11772
0f210
0c4bb
11774
0c3cf
0f121
108ba
0eb81
1912a
0f3f2
0c6a6
1912b
10401
0c6a8
1912c
109a3
0c6aa
0c3d7
0c97c
0f7bf
0c3d9
0f7c0
0c3da
0fa91
0c3db
142f3
0c980
188bc
0c3de
11ff4
0cc53
188be
10403
14f28
10c93
0c3e2
14f2a
11ff9
0eb84
145cc
0f4e2
18b9f
0f3f4
14b62
0f3f5
0f128
19133
13d58
0eb89
188bf
0fa98
0eb8b
19135
0f4e3
11776
0f212
0c3ef
188c1
13e42
18052
146b9
18321
14b68
10038
0fb7b
14c4c
11779
0fb7d
0c3f7
188c3
13e44
18323
146bb
19138
14c50
1177d
1177e
14c53
0c3fe
188c7
145d1
152f8
1913c
152f9
0c403
1913d
0f301
104e5
0ed61
0c4bf
104e6
11867
0ec72
10126
0cd3c
10127
0cd3d
0c4c4
109ae
0cd3f
0c4c6
10d83
0cd41
0c4c8
18c73
0c4ca
0f215
143e8
0e9a7
189ac
0f216
18c74
0fb84
0c4ce
143ec
143ed
104eb
0c4d1
1501f
0cd46
11b3c
0ff4a
18c77
11b3e
0cd49
0e6d4
13e48
0e6d5
18410
0f218
109af
0f219
0ec79
14c56
0fb88
0c4dc
146c1
0ec7c
0c4de
189b2
0f303
104ee
0ed63
14d3d
13f34
17b98
147ab
18413
14c59
109b0
0fb8c
0c4e6
1186a
104f0
0c4e8
18414
14d41
0fc71
156c4
13f37
189b6
1186e
104f1
0c4ee
11871
18c80
18417
13e4d
147ae
189ba
147af
14c5c
189bb
0ce2d
0fc73
0c888
0fc74
0c889
105df
0f5d9
0c88b
10e74
1003a
0c88d
1142c
105e2
0ce35
0ea98
1021a
0e4f1
144db
0ed66
144dc
0ed67
18d67
1021c
0cb65
0fd67
18aa1
11c2d
0c5c4
10e76
0ce39
15113
105e5
0c5c7
0c5c8
0fc77
0c5c9
147b1
0e8b4
10310
0c5cb
1195b
0f30a
104f5
0f30b
0ed6b
14d48
0fc7a
0c5d0
147b3
0ed6e
0c5d2
18aa4
0fd6a
157b4
1402d
17c8b
1021f
0f5dc
0c5d7
14d4d
105e7
0fd6c
18aa6
14890
1195f
0c5dc
14f2e
0fd70
157b7
10312
0c5df
18d71
0c5e1
18aaa
147b4
0c5e3
14030
1850a
14031
0c5e6
1850b
0c79e
10405
0c6ad
0fd72
10406
0c6af
0cb66
10313
0c6b1
0fc80
10314
0c6b3
0cc58
0fa9b
0c6b5
0fa9c
0c6b6
10315
0c6b7
14b6f
0cc5c
19140
0c6ba
10317
0c6bb
14897
0ee59
108c5
0ee5a
0c6be
108c6
0ee5c
18ba1
145d5
0c6c1
18ba2
14e44
0ef48
109b4
0c6c4
11fff
108c7
0f5dd
14988
0f5de
155d7
0fc83
0c6c9
14e47
10c97
1040a
19144
146c6
0c6cd
1498b
0c6ce
18ba5
14f37
109b6
0c6d1
1941c
1498c
1941d
1498d
14f3a
18ba7
145d6
1941f
0c6d8
18ba9
0c890
0ff4b
0c7a3
0fe64
0ff4c
0c7a5
0cd4a
0fb8d
0c7a7
0fb8e
0c7a8
1040f
0c7a9
14c61
0cd4e
18c86
0c7ac
10411
0c7ad
1498f
0ef4d
109ba
0ef4e
0c7b0
109bb
0ef50
186e7
146cd
0c7b3
186e8
14f40
0f03a
104fa
0c7b6
11b45
109bc
0f6cf
14a7a
0f6d0
156c9
0fd79
0c7bb
11b46
10d8a
0c7bd
14a7c
0ff52
156cb
0ff53
0c7c0
18c8c
109bd
104fc
0c7c3
1950e
14a7e
1950f
14a7f
1502c
186ed
146ce
14993
0c7ca
186ef
0c982
1003f
0c895
0f9aa
10040
0c897
0ce3c
0fc84
0c899
0fc85
0c89a
0ff55
0c89b
14d53
0ce40
18d78
0c89e
0ff57
0c89f
14a81
0f03f
10500
0f040
0c8a2
10501
0f042
187d9
147bf
0c8a5
187da
15032
0f12e
105ec
0c8a8
11c37
10502
0f7c1
14b72
0f7c2
157bb
0fe6b
0c8ad
15035
10e7b
10044
18d7c
142fe
0c8b1
14b75
0c8b2
187dd
1511b
105ee
0c8b5
19600
14b76
19601
14b77
1511e
0c8b9
147c0
14a85
0c8bc
187e1
0ca74
10131
0c987
0fa9e
10132
0c989
0cf2e
0fd7a
0c98b
0fd7b
0c98c
10049
0c98d
1489f
0cf32
18e6c
0c990
1004b
0c991
14b79
0f133
105f2
0f134
0c994
105f3
0f136
188cb
14305
0c997
188cc
15124
0f220
106de
0c99a
11d29
105f4
0f8b3
14c64
0f8b4
158ad
0f9b1
0c99f
15127
10f6d
10136
18e70
143f0
0c9a3
14c67
0c9a4
188cf
1520d
106e0
0c9a7
196f2
14c68
196f3
14c69
15210
0c9ab
14306
196f5
0c9ae
188d3
0cb6a
10223
0ca79
0fb90
10224
0ca7b
0d020
0fe6c
0ca7d
0fe6d
0ca7e
1013b
0ca7f
14997
0d024
18f5e
0ca82
1013d
0ca83
14c6b
0f225
106e4
0f226
0ca86
106e5
0f228
189bd
143f7
0ca89
189be
15216
0f312
107d0
0ca8c
11e1b
10226
153f2
11873
18145
106e6
0faa5
0ca91
15219
10ab3
10228
18f62
144e2
0ca95
14d59
0ca96
189c1
152ff
107d2
0ca99
19238
14d5a
19239
14d5b
15302
189c3
143f8
1923b
0caa0
189c5
0d112
0f9b2
0cb6f
0f9b3
0cb70
1022d
0cb71
14a89
0d116
19050
0cb74
1022f
0cb75
14d5d
0ee62
108c9
0cb77
11f0d
0f8bc
10ab6
0f8bd
0f319
15306
10232
0cb7c
14d5f
0f31c
0cb7e
19052
10322
154e4
11965
18237
107d8
0fb97
0cb83
1530b
10ba8
10324
19054
145da
0cb87
148a5
0cb88
18ab3
14e4f
108cb
0cb8b
1932a
148a6
1932b
148a7
14e52
18ab5
144ea
1932d
0cb92
18ab7
0cd50
109be
0cc5f
1032a
109bf
0cc61
0d118
108cc
0cc63
10238
108cd
0cc65
0ee64
14b7e
0ee65
1914e
0f9b6
11159
0f9b7
0f40b
153fa
108d1
0cc6c
14e57
0f40e
0cc6e
196f8
0faa8
1124b
0f4fb
154eb
153fd
109c1
14f46
11787
188d5
1115a
108d5
0cc76
125b2
1124d
0cc78
14c72
109c5
14f49
109c6
0cc7b
196fc
125b6
1124e
0cc7e
14f4a
0cc7f
14f4b
19155
125b9
14e58
0cc83
15400
19701
0f5ea
10ab9
0ce43
120f3
10aba
0ce45
0f4fc
14f4c
1041e
19514
1032f
154f4
10330
0faac
19ac1
14c78
0f501
1923d
109cd
0f503
19ac3
1041f
120f6
0fb9d
0cd63
1923f
11878
189c6
11b4f
18c97
154fa
10abc
0cd68
155df
1187a
18c98
11b51
19ac5
155e0
120fb
0cd6d
154fb
155e2
120fd
1187c
18c9a
1187d
0cd72
120ff
19ac9
18c9c
14c7b
0cd77
19acb
0fc8c
1142d
0f6dd
0ce48
1142e
121e7
0ff63
19605
14d69
0ce4c
1050f
0ce4d
155e7
10510
0ce4f
15040
10512
19bb4
155e9
10514
0ce53
105f8
156ce
0ff66
0fba1
0ce56
11c40
0ce57
148a9
0ce58
19bb6
11343
10bae
0ce5b
156d1
1196c
18d8a
11c43
19bb7
156d2
121ed
0ce60
19335
156d5
11c44
19336
11c45
121f0
19bbb
0ce66
19338
15043
155ef
0cf38
10053
122d6
0fd7f
0d028
122d8
0cf3c
10600
0cf3d
15131
0f6e1
10bb0
0f6e2
0cf40
10bb1
0f6e4
18e79
148b1
0cf43
18e7a
156dc
0f7d0
10c9f
0cf46
122db
10bb2
0fe6e
1499a
0fe6f
1521d
0ff69
0cf4b
156df
11522
106ed
19426
11d34
0cf4f
1499d
0cf50
18e7d
157c5
10ca1
0cf53
19cab
1499e
19cac
1499f
157c8
0cf57
148b2
19cae
0cf5a
18e81
0d11c
107da
0d02b
10146
107db
0d02d
0f22c
149a0
0f22d
18f6a
0fd82
11525
0fd83
0f7d5
157cc
106f5
0d034
15225
0f7d8
0d036
19516
0fe72
11067
0f8c3
158b3
115a2
186f0
11e25
18f6d
157cf
11526
106f9
0d03e
123ce
11069
0d040
14a8e
107e1
15311
107e2
0d043
1951a
123d2
1106a
0d046
15312
0d047
15313
18f71
123d5
15226
18f72
157d2
1951f
0f8c4
15314
1023d
1933b
1023e
124be
0f9bd
0d124
107e5
0d125
158bd
107e6
0d127
15316
107e8
198de
158bf
107ea
0d12b
11f16
0d12c
14b85
0d12d
19609
158c2
10d97
108d8
15404
124c1
108da
14e5c
11697
1960b
124c2
108dd
198e2
15408
124c5
11698
19062
11699
0d13a
1960f
1540b
19064
14a97
0d13f
198e7
0d20b
0d7b6
0e039
0d20e
10ca6
0e6d7
0d7ba
0d211
10d98
0e12a
0d213
10f7c
11070
0d216
17226
0d218
122e4
16f50
11d39
0e6de
16f52
12c5a
0d21c
0e6e1
0fe78
11345
11072
11a64
15228
10701
15a85
11d3c
0d223
157d5
15a87
168b4
0d227
11a67
12c5b
11a68
12c5c
0d22a
149a8
18e82
122ec
11d41
0d22d
15994
157d7
15995
0d231
0d3ee
0e12c
0e7c9
0d8ab
11073
0ed75
107ee
0d99a
11436
0e7cc
0db7f
11161
0d307
0e21d
0d309
0e7cf
12a74
0d30b
123d7
12a75
0d30d
132f8
0e7d3
17043
0ff6a
0d311
163f8
11e2c
158c6
115ab
0d314
123da
107f5
15b78
0d317
0d318
10e8d
11e2f
132f9
11e30
132fa
115af
1531c
0d31d
15a8d
123df
12a79
0d320
15b7c
0d322
16034
108de
0d3f1
0e8ba
0e220
0d3f3
179b6
10e8f
0e03c
0d3f6
0eb90
10332
0d3f8
0dd63
0d3fa
0e314
1169a
12e3c
0e316
16b89
12e3d
0e318
17134
16b8b
179b8
108e2
10333
0d404
124ca
15c68
11f1f
108e6
16214
14b8b
0d408
108e9
10f7f
19cb0
124cd
15b7e
124ce
16125
11f23
1540e
116a2
0d410
15c6d
12e41
14b8d
19068
15c6f
169a8
0d4e2
0ec84
10425
0d4e4
0da90
0dd65
0d4e7
10f81
0e403
0da94
0d4ea
10ac3
16216
1134a
0e4f2
1200e
134da
1178d
0d4f0
134db
126ae
17aa9
0d4f3
0d4f4
10ac4
109d5
109d6
14c7c
0d4f7
125bd
11790
165dd
14f53
109da
16308
11076
0d4fe
126af
0d4ff
126b0
164ed
125c1
15d5e
12016
11795
19159
134df
14f55
0d505
1915b
0d5d3
0d8ae
11439
10517
0d8b0
0de57
0e4f4
0db84
1134c
0eaa0
10519
0dc73
11166
0d5de
17044
0d5e0
12100
16d6c
11b55
0e4fb
16d6e
13022
0d5e4
0e4fe
0fc94
11167
1143d
11880
15044
1051d
15e4d
11b58
0d5eb
155f1
15e4f
166d0
0d5ef
11883
13023
11884
13024
0d5f2
14d70
18c9e
12108
11b5d
0d5f5
15d64
155f3
15d65
0d5f9
0d7be
11258
0e5e6
0d9a1
1152d
0d6ca
0dc75
0ee66
1060a
0dc77
0d6ce
167c2
0d6d0
17136
0d6d2
121f2
16e5e
11c47
0e5ed
16e60
13114
0d6d6
0e5f0
0fd86
11259
11530
11972
15136
1060f
15997
11c4a
0d6dd
156e3
15999
167c4
0d6e1
11975
13115
11976
13116
0d6e4
148b6
18d90
121fa
11979
0d6e7
15e56
156e5
1599d
0d6eb
0d8b1
10bbb
0d7c2
0f22f
0ec86
0dd6c
0d7c5
0ec87
12018
1320a
0ec89
17500
1320b
0ec8b
17aab
17502
17d80
1201a
157d8
1197b
0d7cf
12899
1201c
16e63
0d7d2
0d7d3
1197c
14f58
0d7d5
1603b
122f4
137b3
122f5
137b4
12020
0d7d9
1603c
1320f
15f47
0d7dd
0d9a3
0e6e3
0ed78
0de5d
0d8b6
16f54
0d8b8
0ed7b
13026
0d8ba
12989
13027
0d8bc
138a4
0ed7f
175f2
11a6c
15048
10da2
16129
123e3
10da4
166d3
1612b
16f56
0d8c6
1298d
19520
158cd
11b64
132ff
11b65
13300
0d8ca
1603f
12991
1302b
0d8cd
19523
0d9a4
0df4d
0e7d6
0d9a7
17f62
11440
166d5
0d9ab
12a7a
17137
124d3
0e8c3
17139
133f0
0d9af
0e8c6
10e93
12a7c
0d9b2
15411
11c53
0d9b4
12a7e
10e97
167c6
15e58
124d7
1621e
1513d
0d9ba
1311b
0d9bb
1311c
16f57
12a82
124db
0d9be
16132
16221
16f58
0da97
0e040
0f7da
0ef5a
10f84
0e31d
0eaa1
125c4
13a86
11d43
0da9f
13a87
12c60
18055
0daa2
0daa3
125c6
1630c
1522d
10f87
1630e
125c8
0daa7
10f8a
11077
11d47
15504
116a7
19705
12b72
16222
12b73
167c8
125cc
11d4b
19706
13a8b
0dab2
167c9
10ac9
0db8a
0f04b
0eaa3
0e134
0db8d
0eaa4
11e34
135d2
0eaa6
1731c
135d3
0eaa8
178c7
1731e
17b9c
11e36
155f4
11797
0db97
126b5
11e38
16c7f
0db9a
0db9b
11798
15320
0db9d
16403
12110
13b7b
12111
13b7c
11e3c
0dba1
16404
135d7
16317
0dba5
0e223
0e500
0dc7d
17c8c
1116a
169ab
0dc81
127a4
1740d
121fd
0eb99
1740f
136c6
0dc85
0eb9c
10bbd
127a6
0dc88
156e7
11f29
0dc8a
127a8
10bc1
164f3
15b82
12201
15f4c
14e67
0dc90
12e45
0dc91
12e46
16c81
127ac
11f2f
0dc94
16408
0dc96
16c82
0dd6e
0e31e
0eb9e
0dd71
1832a
0dd73
0f234
134e6
0dd75
12e49
134e7
0dd77
13d5e
0f238
18058
1197e
12e4a
1125f
165e7
128a3
11261
16b91
165e9
17412
125d3
165ea
11f33
0dd82
134e9
0dd83
134ea
1731f
12e50
128a9
0dd86
164f6
165ed
17320
0de61
0e411
0fba3
0f8ce
16b93
0de66
12f3a
175f3
12993
0f329
175f5
138aa
0de6a
0f32c
11350
12994
0de6d
155f9
12117
0de6f
12f3e
11354
16c84
12024
155fa
11a73
19ace
12f40
165ee
12f41
16b94
1299a
1211d
19acf
13e53
0de7a
16b95
11441
0df54
0f413
0ee6b
0ed83
0ef5b
12a84
13f40
12207
0df5a
13f41
136cc
1850f
0df5d
0df5e
12208
167ca
11b69
11444
167cc
12a88
0df62
11447
115b8
13031
0df65
167cf
12a8a
13f43
12a8b
13f44
1220e
0df69
167d0
1399f
166e3
0df6d
0e135
0e8c7
0ef5c
0e5f6
0e048
0ef5e
122f8
13a8c
0ef60
177d8
13a8d
0ef62
17d81
177da
18602
11c5a
157dc
116a9
0e052
13121
122fc
1713b
0e055
0e056
12b7b
19cb1
157df
122fe
13a8f
122ff
13a90
0e05a
167d3
13127
13215
0e05d
19cb4
0e136
0e6e6
0e9ba
0e139
18146
0e13b
0f051
13302
0e13d
12c65
13303
0e13f
14126
0f055
17e74
1179a
12c66
1107b
169af
126bf
1107d
16f59
169b1
1722e
123ef
169b2
11d4f
0e14a
13305
0e14b
13306
1713d
12c6c
126c5
0e14e
168c6
169b5
1713e
0e22a
0f6e9
0f141
0eaad
0f23a
127ae
14216
124dd
0e230
14217
133f6
18239
0e233
0e234
124de
164f8
11e3f
1116e
164fa
127b2
0e238
11171
1188e
12d5b
0e23b
164fd
127b4
14219
127b5
1421a
124e4
198eb
12d5f
13c75
164ff
0e243
0e8ca
0f14a
0e323
188d6
0e325
0f7e0
13a92
0e327
133fb
13a93
0e329
1430a
0f7e4
18604
11f34
133fc
116ad
16b97
133fd
16aa4
133fe
1704e
12e57
0e331
16aa5
1430d
16b99
1704f
0f23b
0f8d0
0e9be
0e416
0f415
126c6
13e54
0f8d4
17ba0
13e55
0f8d6
18149
17ba2
189ca
125d8
15c75
12027
0e420
13b87
0e421
13b88
179bf
134f1
126cc
0e424
16b9c
0e426
179c0
0e506
0f9c0
0f417
0f32f
0f507
13036
144ec
127b9
0e50c
144ed
13c78
18abb
0e50f
0e510
127ba
16d7a
1211f
127bb
13f49
127bc
13f4a
0e514
15d69
1303c
13c7b
0e517
16c8f
0e5f7
0eba1
10335
0fab3
17323
0e5fc
136d0
17d83
13129
0f50d
17d85
1403a
0e600
0f510
11982
1312a
0e603
15e5a
1312b
145e1
1312c
145e2
128af
16e6e
136d6
1403d
15e5c
0e60b
0ec92
0ef66
0e6eb
186f2
0e6ed
0f5fd
138ae
0e6ef
13217
138af
0e6f1
146d2
0f601
18420
11d50
13218
11a75
16f5f
13219
16e70
1321a
17416
12c73
0e6f9
16e71
146d5
16f61
17417
0f057
0f6ec
0ed86
0e7de
0f6ee
12a8e
1421c
0f6f0
17f68
1421d
0f6f2
18511
17f6a
187e6
123f4
15a91
11e43
0e7e8
139a3
0e7e9
139a4
177db
1330d
12a94
0e7ec
16f64
0e7ee
177dc
0e8ce
10336
0fd8b
0f6f7
0fe7c
13401
148b8
13130
0e8d4
148b9
14040
18e87
0e8d7
0e8d8
13131
17142
12a96
13132
14311
13133
14312
0e8dc
16136
13407
14043
0e8df
17053
0e9bf
0ef69
10706
10429
176eb
0e9c4
13a98
1814b
134f4
0fe82
1814d
14402
0e9c8
0fe85
11d52
134f5
0e9cb
16227
134f6
149ad
134f7
149ae
12c7a
17236
13a9e
14405
16229
0e9d3
0f05a
0f8da
0eab3
1906a
0eab5
0f9c6
14222
0eab7
13b8b
14223
0eab9
14a9e
0f9ca
187e8
12120
13b8c
11e45
17327
13b8d
17238
13b8e
177de
135ea
0eac1
17239
14aa1
17329
177df
0f41f
0fab5
0f14e
0eba6
0fab7
12e59
145e4
0fab9
18330
145e5
0fabb
188d9
18332
1915e
127bf
1640a
12213
0ebb0
13d6b
0ebb1
13d6c
17ba3
13c81
12e5f
0ebb4
1732c
0ebb6
17ba4
0ec96
10152
0fba8
0f513
0fc98
1321d
14c80
12f4c
0ec9c
14c81
13e5c
18ca3
0ec9f
0eca0
12f4d
1750a
128b2
12f4e
146d9
12f4f
146da
0eca4
15f52
13223
13e5f
0eca7
1741f
0ed87
0f331
10522
10245
17ab3
0ed8c
138b4
18513
13310
0fc9e
18515
147ca
0ed90
0fca1
11b6e
13311
0ed93
16043
13312
14d75
13313
14d76
13042
17056
138ba
147cd
16045
0ed9b
0f422
0fca3
0ee7b
19432
0ee7d
1033b
145ea
0ee7f
13f53
145eb
0ee81
14e6a
1033f
19160
12a97
13f54
12215
176ef
13f55
175fc
13f56
17ba6
139b2
0ee89
175fd
14e6d
176f1
17ba7
0fd94
1042b
0f516
0ef6e
0ff70
13224
149b0
1042f
186f8
149b1
10431
18ca5
186fa
19526
13136
167d6
12b8a
0ef78
146df
0ef79
146e0
18517
14049
1322a
0ef7c
176f4
0ef7e
18518
0f05e
10523
0ff72
0fe88
10062
13b91
1504c
13317
0f064
1504d
147d0
19617
0f067
0f068
13318
178d2
12c7d
13319
14aa5
1331a
14aa6
0f06c
168ca
13b97
147d3
0f06f
177e7
0f14f
0f6f9
10e99
10616
17e7b
0f154
14228
188db
13c84
10068
188dd
14b96
0f158
1006b
124ea
13c85
0f15b
169bb
13c86
15141
13c87
15142
1340d
179c6
1422e
14b99
169bd
0f163
0f7ea
0fabf
0f243
1924e
0f245
10158
14406
0f247
13d6f
14407
0f249
15232
1015c
18f7c
128b3
13d70
125dd
17ab7
13d71
179c8
13d72
17f6e
137ce
0f251
179c9
15235
17ab9
17f6f
0fbb0
10247
0f8de
0f336
10249
135ec
14d78
1024b
18ac0
14d79
1024d
1906d
18ac2
19342
12f52
165f2
129a6
0f340
144fb
0f341
144fc
18333
13e65
135f2
0f344
17abc
0f346
18334
0f426
10e9a
108ee
10252
109df
13f59
15418
13c8b
0f42c
15419
14b9c
199e0
0f42f
0f430
13c8c
17c9a
135f4
13c8d
14e71
13c8e
14e72
0f434
16c92
13f5f
14b9f
0f437
17bab
0f517
0fac2
11264
10f8d
18243
0f51c
145f0
18ca7
1404c
109e5
18ca9
14f62
0f520
109e8
128b5
1404d
0f523
16d83
1404e
1550d
1404f
1550e
137d5
17d8e
145f6
14f65
16d85
0f52b
0fbb3
10435
0f60b
19bc3
0f60d
10529
14d7e
0f60f
146e3
14d7f
0f611
155fe
1052d
19344
12c7e
146e4
129a8
17e7f
146e5
17d90
146e6
18336
14142
0f619
17d91
15601
17e81
18337
0ff7a
10618
0fca7
0f6fe
1061a
139b4
15144
1061c
18e8c
15145
1061e
19435
18e8e
19cb7
1331d
16f66
12d71
0f708
148c7
0f709
148c8
186fb
147d9
139ba
0f70c
17e84
0f70e
186fc
0f7ee
10cb6
1070b
1006e
107fb
13d75
157e0
13aa7
0f7f4
157e1
149b8
197fc
0f7f7
0f7f8
13aa8
18062
13410
13aa9
15239
13aaa
1523a
0f7fc
16aae
13d7b
149bb
0f7ff
17f77
0f8df
0fe8a
11080
10da9
1860b
0f8e4
1440c
1906f
13e68
10801
19071
1532a
0f8e8
10804
126d1
13e69
0f8eb
16b9f
13e6a
158d5
13e6b
158d6
13b9d
17bae
14412
1532d
16ba1
0f8f3
0ff7d
10e9c
10806
10f8e
14236
1541e
115bd
19cb8
1514c
10ea1
1970f
19cb9
0f9dc
14ab0
0f9dd
14ab1
18f81
15423
135f5
14ab2
12d73
18247
14ab3
1423c
0f9e3
18157
0fac4
10070
0fac6
10ad4
116ae
1523c
10f92
15c7a
116b0
0facb
14ba1
15c7b
19256
145f9
1824a
145fa
187f0
15241
12e64
145fb
0fad2
1732f
145fc
0fad4
1824c
0fad6
19074
0fbb7
15d6b
0fbb9
10ad7
14c92
0fbbb
15603
10ad9
19346
146ea
10adb
10adc
13e70
15605
13e71
15606
117a5
0fbc3
13e72
1842a
137d8
13e73
1842c
14c98
1842d
188e3
1052f
11173
189d3
0fcac
147db
19437
14e75
0fcae
156f6
13f61
0fcb0
0fcb1
11895
14e77
11896
14e78
0fcb4
1842f
138c9
17512
13320
0fcb7
17514
147e1
17515
0fcbb
10345
10cb9
10622
10daa
14052
157e6
11985
19ad4
14f68
10cbe
1952b
19ad5
0fda4
148cc
0fda5
148cd
18d9d
157eb
13411
148ce
1313b
1860f
148cf
14058
0fdab
18523
0fe8c
10438
0fe8e
10dac
11a76
15058
10dae
15a96
11a78
0fe93
149bd
15a97
1961e
14415
18612
14416
18bb8
1505d
12c80
14417
0fe9a
1714b
14418
0fe9c
18614
0fe9e
18e90
0ff80
1144a
115c2
1505e
1144c
15e60
115c4
0ff85
1505f
15e61
19cbd
147e4
18700
147e5
18cae
11b75
13321
14ab9
0ff8c
177e9
14aba
0ff8e
18702
0ff90
1952e
10072
11082
116b4
15150
1153f
159a6
116b6
10077
15151
159a7
19803
1432a
187f6
1432b
18da0
11c67
13413
14bab
1007e
178db
14bac
10080
187f8
10082
19620
10164
11083
117a6
15242
11085
15a98
117a8
10169
15243
15a99
198f5
1441c
188e8
1441d
18e92
11d59
13505
14c9d
10170
179cd
14c9e
10172
188ea
10174
19712
10256
11175
11898
15334
11177
15b8a
1189a
1025b
15335
15b8b
199e7
1450e
189da
1450f
18f84
11e4b
135f7
14d8f
10262
17abf
14d90
10264
189dc
10266
19258
10348
11267
1198a
14e7a
11269
15c7c
1198c
1034d
14e7b
15c7d
19ad9
14600
18acc
14601
19076
11f3d
136e9
148d5
10354
17605
148d6
10356
18ace
10358
1934a
1043a
11359
11a7c
14f6c
1135b
15d6e
11a7e
1043f
14f6d
15d6f
19bcb
146f2
18bbe
146f3
19168
1202f
1322f
149c7
10446
176f7
149c8
10448
18bc0
1044a
1943c
10533
1189e
15065
1189f
15066
10536
18cb1
146f7
17d94
1414e
10539
17d96
15069
17d97
1053d
10bd1
1934b
12216
18da6
12217
1934c
11c6a
139bf
15159
1062a
17e87
1515a
1062c
18da8
1062e
19bcd
10717
11a82
15249
11a83
1524a
1071a
18e99
1432f
17f78
13d86
1071d
17f7a
1524d
17f7b
10721
10db5
1952f
123fa
18f8a
123fb
19530
11e4e
13ba3
1533d
1080e
1806b
1533e
10810
18f8c
10812
19805
108fb
116ba
14e81
116bb
14e82
108fe
1907d
14513
17bb0
13f6a
10901
17bb2
14e85
17bb3
10905
10f99
19713
125de
1916e
125df
19714
12032
137db
14f75
109f2
17ca3
14f76
109f4
19170
109f6
199e9
12127
15c7e
11e50
15614
13e79
15615
117b2
1934f
15617
12129
13e7a
19350
10ae8
1925f
12219
15d70
11f42
15706
13f6b
15707
118a4
19441
15709
1221b
13f6c
19442
10bda
19355
1230b
15e62
12034
157f8
1405d
157f9
11996
19533
157fb
1230d
1405e
19534
10ccc
19447
123fd
159a8
11b7a
158ea
1414f
158eb
11a88
19625
158ed
123ff
14150
19626
10dbe
19539
124ef
15a9a
11c6c
15430
14241
15431
115ce
19717
15433
124f1
14242
19718
10eb0
1962b
125e1
15b8c
11d5e
15522
13d87
15523
116c0
19261
15525
125e3
13d88
19262
10fa2
1971d
12400
159aa
11d61
158ef
11d62
158f0
117b7
198fb
158f2
126d8
14426
198fc
11094
1980b
124f2
15a9c
11e53
15435
11e54
15436
118a9
199ed
15438
127ca
14518
199ee
11186
19901
125e4
15b8e
11f45
15527
11f46
15528
1199b
19adf
1552a
128bc
1460a
19ae0
11278
199f3
1212a
15c80
12037
15619
12038
1561a
11a8d
19bd1
1561c
129ae
146fc
19bd2
1136a
19ae5
1221c
15d72
11b7d
1570b
11b7e
1570c
115d3
19cc3
1570e
12aa0
147ee
19cc4
1145c
19bd7
1230e
15e64
11c6f
157fd
11c70
157fe
116c5
1980d
15800
12b92
14334
1980e
1154e
19cc9
115d6
1971e
15b91
1971f
116ca
1b32f
187ff
116cc
12aa1
115dc
11a91
18f8e
115de
19bda
18161
115e0
11b81
1570f
115e2
1304e
147ef
1870e
11b84
15712
15b93
11b86
2249e
15e66
11b88
1870f
115e9
18437
115ea
19bdd
15719
115ec
224a1
115ee
18712
1deaa
18439
224a2
18713
1e364
19630
115f2
1deae
1deaf
12aa5
19631
124f6
115f6
12d77
168cc
12aa8
11e59
158f3
115f9
15348
12407
115fb
18164
19be3
15aa5
11e5e
169be
15b97
11e60
11600
199f5
1240e
19be4
1240f
16414
11604
1a6e5
12412
1e36a
199f7
11607
1b608
12415
14243
1543b
1160a
15166
14acb
1160c
15167
19cd1
178de
18dae
1543f
18daf
15440
11611
19636
15442
11613
199f9
15444
1516f
188f0
21670
1ad83
11618
199fa
15173
1dcc9
1972b
1161b
1161c
1816b
1d8fe
17e91
21ef9
1816c
221c8
19083
11620
1d902
1d903
18719
19d70
19d71
1963b
15b9d
1972c
11626
19e63
1972e
11628
1e36e
19085
221ca
1d905
1162b
19d73
1963d
1162d
1e370
1963f
18174
1e371
19641
11631
19e66
19be8
188f2
1d9f0
188f3
1dccd
19730
224ab
1b338
1a502
1e373
1a503
21f01
1b339
1163b
224ae
1163d
21f03
1ad8c
21f04
1ad8d
1d908
224b1
116cd
117ba
19811
18344
19812
15c84
116d1
19177
1ae77
12b95
1613e
12312
116d5
15176
19642
14bb8
11c79
19814
15c85
11c7b
21fe4
17f7c
19448
15809
19449
1580a
116dd
19cd8
1580c
11c81
17f7e
1944a
11c83
1944b
11c84
19cda
11c85
1e457
1880c
116e5
11d65
1552b
116e7
15256
124f7
15ba2
11f4a
13416
14bb9
19643
124fa
116ec
15c87
124fc
1908a
11f4f
1e458
15c88
11f51
16504
15c8a
12501
116f3
1880e
116f4
12504
1a7d6
15c8c
21feb
1a7d8
12507
1b6f9
1926a
21fec
1b6fb
14bbb
1880f
1460c
116fd
18810
14bbe
15c8e
1525a
1825c
11701
17f81
11702
1926c
15533
11704
1926d
15535
11706
21a3b
11708
1a8c8
15263
21763
18cbb
1ddba
19aed
1170c
1ddbc
1a8cd
179d2
18ea2
15539
18ea3
1553a
1973d
1553b
21a40
18261
11713
15ba6
1973f
15ba7
11716
19e6e
188fa
19f54
19273
11719
1ae7a
19f57
17ca8
1d9fc
17ca9
21a42
18812
18265
19e70
19743
11720
21a43
1d9fe
11722
1dcd5
188fb
11724
21ff0
1a5f2
21764
1a8cf
21a45
1ae7d
19277
11729
1dae4
1172a
1dae5
1981b
1172c
1e466
19f5c
1ae81
11730
1ddc2
11731
1ddc3
1e469
1da01
127cb
15d75
118ad
18cbd
117c2
19905
1843b
117c4
11d67
158f5
117c6
12c86
14427
188fc
11d6a
158f8
15aa9
11d6c
19907
15d79
11d6e
188fd
117cd
1861b
117ce
1981e
158ff
117d0
220d9
117d2
18900
1e08e
1861d
220da
18901
1e548
1927b
117d6
1e092
1e093
126dd
1927c
1212e
117da
12f5b
16505
126e0
1203d
1553e
117dd
14f80
125ed
117df
1834a
19824
15c97
12042
19be9
15d7c
12044
117e4
19bea
125f4
19825
125f5
1604e
117e8
1a31d
125f8
1e54e
19bec
117eb
1b7ec
125fb
13e7b
1561f
117ee
1534c
14caf
1834d
1534d
1990a
17ac2
18f9d
15623
18f9e
15624
117f5
19281
15626
117f7
19bee
15628
15355
18ad4
21854
1a9bb
117fc
19bef
15359
1deb3
19367
117ff
11800
18351
1dae8
18075
21b31
18352
223ac
18cc0
11804
1daec
1daed
18907
19f5e
19f5f
19286
15d82
19368
1180a
1a047
1936a
1180c
1e552
18cc2
223ae
1daef
1180f
19f61
19288
11811
1e554
1928a
1835a
1e555
1928c
11815
1a04a
19829
18ad6
1d628
18ad7
1deb7
1936c
220e3
1af70
1a6ec
1e557
1a6ed
21b39
1af71
1181f
220e6
11821
21b3b
1a9c4
21b3c
1a9c5
1daf2
220e9
118b1
1199e
199fd
1852c
199fe
15e6a
118b5
18db8
1b05b
127cd
16322
12130
118b9
15073
19aee
14d9c
11b98
18cc6
15d88
19370
12135
118be
16140
12137
118c0
1e63b
16141
11b9f
19371
11ba0
1250a
15aaa
11e67
1544f
14d9d
18fa1
1451c
118c8
16417
15453
118ca
19450
15455
19091
11e6e
19092
11e6f
19a02
189f3
11e71
118d0
11e73
19093
118d2
19094
118d3
19372
118d4
1dbdd
11e77
221d2
118d7
14e8f
19917
127d2
1213c
1a40e
15e72
221d3
1a410
1213f
1b8dd
19452
221d4
1b8df
14d9f
189f7
147f2
118e1
14cb2
18cca
15e74
14e94
18444
118e5
17bbd
118e6
19376
15724
118e8
19455
15726
118ea
21c1f
118ec
1aaac
14e9d
21947
18ea7
1dfa4
19cea
118f0
1dfa6
1aab1
1760a
19097
1572a
19098
1572b
19379
1572c
21c24
18449
118f7
15d8b
1937b
15d8c
118fa
1a052
18ade
1a138
1945b
118fd
1b05e
1a13b
17e94
1d634
17e95
21c26
189fa
1844d
1a054
1937f
11904
21c27
1d636
11906
1debf
18adf
11908
221d8
1a7dc
21948
1aab3
21c29
1b061
1945f
1190d
1d71c
1190e
1d71d
19a07
11910
1e64a
1a140
1b065
11914
1dfac
11915
1dfad
1e64d
1d639
129af
159ae
11a97
18ea9
119a6
19af1
1861f
119a8
11c88
12224
15e79
11c8a
136ec
148e1
19383
12227
119ae
15e7a
12229
119b0
16232
1222b
11c91
18ae0
119b3
18dc2
1222e
119b5
18ae1
119b6
12e6b
125fd
15baa
11f5a
15542
119b9
14ea3
15544
159b5
11f5e
222be
15c9b
11f60
18ae3
119bf
1826b
119c0
19a0c
1554b
119c2
222c1
1826c
19a0e
17cad
1dcd9
18532
1dcda
18533
222c3
19a10
11f6a
12313
15e7d
12049
1580f
16234
119cc
1a507
12232
1e186
1982d
119cf
1b424
12235
1405f
15810
119d2
14f84
14da3
18535
14f85
19af6
176fa
1918b
15814
1918c
15815
119d9
19469
15817
119db
1982f
15819
14f8d
1871d
2148c
1ab9f
119e0
19830
14f91
1e097
1954d
119e3
119e4
18539
1d720
17cb1
21d15
1853a
21ff8
18eac
119e8
1d724
1d725
18bd0
1a22a
1954f
119ec
1b150
1a22d
15e7e
1946d
15e7f
119f0
1a144
18eae
21ffa
1d727
119f3
1a145
19470
119f5
1e18c
19472
18542
1e18d
19474
119f9
1a22e
19551
1e09a
1a323
2148f
19a15
19552
222cb
1b154
1a324
1e18f
1a325
21d1d
1b155
11a03
222ce
11a05
21d1f
1aba8
21d20
1aba9
1d72a
222d1
11a9b
15075
19afa
129b2
11d7a
12316
11a9f
12c88
167db
149d5
11d7e
15822
11aa2
15aab
1231b
18eb3
11d81
1e272
15aac
11d83
1991c
15aae
12320
11aa9
18bd3
11aaa
12f5d
12143
15c9c
1204c
15634
11aad
14f95
15636
11aaf
19649
15638
11ab1
1835c
19afe
17d9d
223b1
18bd6
12054
223b2
19bf5
1563e
1835e
19b01
17d9f
1ddcb
18624
1ddcc
18625
223b5
19b03
1205c
15ab1
1b512
1964a
11abf
1b514
16327
1e279
1a5fc
11ac2
11ac3
15077
18eb5
149da
148e9
149dc
11ac7
1964c
15907
18721
1507b
18722
1507c
1964d
1862a
1507e
19920
1909b
15080
11acf
15082
1dbe0
18816
21e04
19651
11ad3
1ac93
15086
21e06
1dbe5
17da2
1955e
177ef
1d813
18076
1d814
18077
220eb
19560
15914
1862e
19b04
18eb8
159c6
11adf
18fa8
1b240
19bf8
15ab7
223b9
1b243
1862f
1e0a0
18faa
220ed
18fab
18630
11ae7
19b06
18632
223ba
1a23a
19567
223bb
1d81b
18817
1d90a
18818
1dbe7
18be0
11aef
1e280
19d80
19659
1dbe8
1965a
1dbe9
19d81
19d82
223c0
11af6
1e283
1a418
1e284
1a419
11afa
21e13
1e0a5
11ba4
16144
15e82
1965b
11c98
1b8e1
18dc9
11c9a
13051
15d8f
1205f
18cd6
11bac
19bfc
18728
11bae
12144
18cd8
11bb0
18cd9
11bb1
1a05c
18453
1a05d
1872a
1e911
11bb5
13325
16e78
13054
1241c
169c0
15bac
1241e
1872b
11bba
1872c
11bbb
16148
129be
11bbd
166ea
129c0
12424
15bad
1bbb0
169c3
11bc2
1ac9e
129c5
1e917
1aca0
11bc5
11bc6
14f97
1956e
1974d
11bc9
19e77
15733
1b33e
18ebb
224b7
19e7a
15736
15d97
1956f
15d98
11bd0
19c03
15d9a
11bd2
18dca
1b8e4
19cf5
15e86
11bd5
1e91a
1a41d
16151
11bd8
19c04
11bd9
1dec3
18731
11bdb
1dec4
18733
224ba
1a32e
18735
11bdf
1a41f
19cf7
1dfb4
19e7d
21c33
19e7e
1e658
19e7f
224bd
1b8ea
19cfb
11be6
1e920
1dec7
1b346
224c0
1b347
11beb
224c1
11bed
1e923
12c89
159c7
11d89
18ebe
11c9e
19834
1890c
11ca0
12236
18dcc
11ca2
18dcd
11ca3
1a14e
18545
1a14f
1881e
1ea03
11ca7
13417
16f6b
13146
1250e
16506
15c9e
12510
1881f
11cac
18820
11cad
1623a
12ab0
11caf
167dc
12ab2
12516
15c9f
1bca2
16509
11cb4
1ad90
12ab7
1ea09
1ad92
11cb7
11cb8
18dd1
1517b
19293
11cbb
19f69
15825
1ae84
18fad
21ffd
19f6c
15828
159ca
19751
11cc1
1a50d
1a50e
15e8c
19665
15e8d
11cc5
19d02
15e8f
11cc7
1ea0c
1a50f
16243
11cca
19d03
11ccb
1dfbb
18825
11ccd
1dfbc
18827
22000
1a42a
18829
11cd1
1a511
1983d
1e0a6
19f6f
21d25
19f70
1e19e
19f71
22003
1b430
19841
11cd8
1ea12
1dfbf
1ae8c
22006
1ae8d
11cdd
22007
11cdf
1ea15
12d7b
11d8e
11e7b
18fb0
11d90
19928
18a00
11d92
12328
18ec2
11d94
18ec3
11d95
1a240
18637
1a241
18910
1eaf5
11d99
13509
16ab1
12c8c
12600
18911
11d9c
18912
11d9d
1632b
12ba0
11d9f
1632c
12ba2
11da1
168ce
12ba4
12608
15d9d
1bd94
165fc
11da6
1a8d6
12ba9
1eafb
1a8d8
11da9
11daa
18ec7
1526d
19387
11dad
1a061
15917
1af76
1909f
220ef
1a064
1591a
159d2
19759
159d3
11db4
19848
159d5
11db6
18fb2
1b51c
1992f
15abe
11db9
1eafe
1a601
16335
11dbc
19849
11dbd
1e0ad
18917
11dbf
1e0ae
18919
220f2
1a51c
1891b
11dc3
1a603
19931
1dbec
1a067
21e17
1a068
1e290
1a069
220f5
1b522
19935
11dca
1eb04
1e0b1
1af7e
220f8
1af7f
11dcf
220f9
1e295
1a607
12e6d
15bb1
11f6d
190a2
11e82
19a1a
18af2
11e84
1214a
13ba5
11e86
135fc
126e3
18fb4
1214d
18fb5
1214e
166ec
15e91
12150
1929c
16339
12152
16c94
16420
126eb
1817e
19c09
15ac2
19d8b
15ac3
11e93
19669
11e94
19d8e
1242a
15e92
1be86
166ef
11e98
1a9c8
126ef
1ebed
1a9ca
11e9b
11e9c
1526f
1929e
19479
11e9f
1a153
1545d
1b068
19191
221e1
1a156
15460
15ac4
1929f
15ac5
11ea6
1993c
15ac7
11ea8
190a4
1b60e
19a21
15bb6
11eab
1ebf0
1a6f3
16427
11eae
1993d
11eaf
1dbf3
18a0b
11eb1
1dbf4
18a0d
221e4
1a60e
18a0f
11eb5
1a6f5
19a23
1dcde
1a159
21f09
1a15a
1e384
1a15b
221e7
1b614
19a27
11ebc
1ebf6
1dbf7
1b070
1ad99
1ebf7
11ec1
221eb
11ec3
1ebf9
12f5f
15ca3
12065
19194
11f74
19b0c
18be4
11f76
1223c
13c97
11f78
136ee
127d5
11f7a
167df
127d7
190a6
12241
190a7
12242
19390
15f65
12244
11f80
19391
127dd
18270
19d08
15bba
19e89
15bbb
11f85
1975d
11f86
19e8c
1251c
159d8
1b9cc
167e1
11f8a
1aac0
127e1
1e733
1aac2
11f8d
11f8e
14ea5
19392
19574
11f91
1a245
1554f
1b15a
18ce3
222d3
1a248
15552
15bbc
19393
15bbd
11f98
19a2e
15bbf
11f9a
19196
1b700
19b13
15ca8
11f9d
1b703
1a7e6
1642e
11fa0
19a2f
11fa1
1dce5
18afd
11fa3
1dce6
18aff
222d6
1a700
18b01
11fa7
1a7e7
19b15
1ddd0
1a24b
21a4f
1a24c
1e476
1a24d
222d9
1b706
19b19
11fae
1a163
222db
1b162
1a8df
1e73d
11fb3
222dd
11fb5
1e73f
128c5
15f6e
1232f
137de
15ac8
12331
1e81e
15ca9
19481
128ca
19b1b
128cb
12070
19483
128cd
12072
1e821
12074
1891c
19f7a
18be9
1e822
1919c
1260c
1984f
1260d
1e560
19f7f
16060
1207b
1abb1
128d2
1bac0
16062
1207e
1bac2
128d5
14ea6
14f99
12082
19c0d
15640
1b24b
18dd6
21b3e
19d93
12086
1b24e
19d95
15f72
19b1e
15f73
15cb0
1a7ee
191a0
15da1
19576
1208d
1a333
1a334
15f74
12090
1b7f5
1a336
18638
1a250
18639
1e297
18ce7
12095
1a7f1
1a252
12097
1ddd9
19b24
12099
223c9
19d96
21b40
1a9cd
223ca
1a9ce
1e82c
1a9cf
1209e
1e569
1a339
19d9a
1e56a
19d9b
120a2
1e82f
1dddb
120a5
1e830
120a7
223d0
12156
1642f
15e97
19396
1224a
1be8d
19397
1224c
135fd
15da4
12611
18ce8
1215e
16600
18ce9
12160
126f2
18fbe
12162
18fbf
12163
18cea
12164
1a615
126f6
1ebfc
12167
138d1
12f64
16601
129ca
16602
1216a
16344
1216b
166f3
12f68
1216d
166f4
12f6a
1216f
16c96
12f6c
129d2
15e99
1ebfd
1b257
12174
16f6e
12f71
1c15f
166f9
12177
12178
15554
19b2b
16605
1a8e0
16606
16347
1eec5
18cf1
1e924
1a073
15db0
1ebff
18cf4
15db2
1eec7
166fa
1a9d2
16433
12184
1be92
19488
1b8ee
1a165
1e662
1a430
1eec8
1be93
1a9d6
1218a
1ec04
1be95
19b2d
166fd
1218e
1a33f
18cf6
12190
1a9d9
1a167
1e665
1a340
12193
1a168
1e667
1a169
12196
1e668
1a9da
1be99
1224d
1233a
167e2
15f76
19d0a
159de
12251
19d0b
1b9d5
16435
19a34
15bc1
1a705
15ea3
1a706
15ea4
1efaf
1939c
127e9
13055
166fe
12abb
13f70
15ea5
1939d
13058
1939e
13059
1225e
16ab3
1305b
12260
19c20
1305d
12262
1efb3
12264
1b348
13061
1e744
1624d
1c250
16ab5
12268
1c252
1b34d
15737
1226b
159e1
1948c
1226d
1aac5
167ee
1226f
1a520
12270
1b165
159e6
1b436
159e7
12273
1e747
1643a
19c22
1643b
15ea9
1a9de
1882c
1a434
18de6
12279
1a436
15ead
1227b
1e749
1aac9
1643d
1227e
1efbc
1b9dc
19d0e
1ea17
19c24
1948d
12283
1b167
12284
1a16f
1efbe
1b168
1a525
1e74d
12289
1efc0
1228b
1e74f
13327
15ad0
1242d
18fc0
12342
168d6
18fc1
12344
128d6
1948e
128d7
1e832
15cb2
1948f
128d9
19b30
128da
1e834
1234b
13ab5
1705d
13238
12bae
167f1
1234e
15f7f
1234f
168d7
1314c
12351
168d8
1314e
12353
16e7a
13150
12bb6
15ad3
1e835
1ae8f
12358
16ba7
13155
1c343
168dd
1235b
1235c
19493
1582a
167f4
1aace
167f5
15f82
1f0a9
18ed7
1eb08
1a25d
159f2
1e837
18eda
159f4
1f0ab
168de
1abb6
1606b
12368
1baca
1966c
1b526
19d9d
1e29a
1a61a
1f0ac
1bacb
1abba
1236e
1e83c
1bacd
19d15
168e1
12372
1a529
18edc
12374
1abbd
19d9f
1e29d
1a61c
1e83e
1a61d
1a260
1a52b
1237a
1e2a0
1abbe
1bad1
12431
1251e
169c6
1615e
19944
15bc4
12435
19945
1bbb9
13329
16e7b
12c8e
12439
1606d
19856
15ade
1f192
1643e
126fd
1f193
168e4
126ff
1f194
169cb
12701
12441
129d3
19582
129d4
1e926
15db3
19583
129d6
19c26
129d7
1e928
12448
1af80
12c99
1e92a
16440
1c434
16c9b
1244c
1c436
1af85
1591b
1244f
15ae1
19586
15ae2
12452
19587
15ae4
19da2
15ae5
1e38a
19da4
12456
1e38b
1abc4
15bc7
19670
12459
1aca9
169d2
1245b
1a70a
1245c
1b34f
15bcc
1b61a
15bcd
1245f
1e92f
19588
16162
12462
1f1a0
1bbc0
19948
1ec0b
1985c
19671
12467
1b351
12468
1e932
1a623
1b352
1f1a3
1b353
1246d
1f1a4
1246f
1e935
1350b
15cb4
12617
191a4
12526
1650e
191a5
12528
127ea
14245
1252a
13c9a
12d81
190b6
127ed
190b7
127ee
16d8a
15f85
127f0
1994b
16511
127f2
12532
1994c
12d89
16165
1ecdc
190b9
12536
1882e
1a43c
1882f
1ea19
19676
12aca
15cb7
1ea1b
1b079
1253c
16d8c
12d8d
1bf7b
16515
1253f
12540
19677
1591e
169d8
1acb2
169d9
1616a
1ece1
190bd
1e750
19e95
15bd8
1ea1d
190c0
15bda
1ece3
16516
1ad9a
16253
1254c
1bcae
192b0
1b70a
19f81
1e47e
1a7fe
1ece4
1bcaf
1ad9e
12552
1ea22
1bcb1
1ada0
169da
12556
1a713
190c2
12558
1ada1
19f83
1e481
1a714
1255b
19f84
1e483
19f85
1255e
1e484
1ada2
1bcb5
1261b
128dd
13d8b
1350e
16ab7
12e74
191a8
128e0
191a9
128e1
16e7c
16077
128e3
19a3d
1651d
128e5
17425
1660b
159f5
19766
12bb8
1985e
12bb9
19767
12bba
1eb0b
16259
1262b
12e7c
1c06a
15db6
1edd0
1660d
1262f
1b16d
12e80
1edd2
1c06f
191ac
15464
1625a
19a40
1625b
15cc7
1ada6
18bf6
1a802
191b0
12639
1a804
15ccb
1263b
1eb10
1634d
19b32
15db8
1bd9f
1a8ec
15dba
1af86
15dbb
1b7fd
1a07a
1eb12
1a8ed
15dbe
1edd7
1ada9
1a8ef
16520
12647
1edd9
19f89
12649
1a8f1
1976d
193a5
1b7ff
19f8a
1edda
1264e
1b800
1264f
1b801
12651
1eb18
12653
1eddd
12704
169db
15dbf
193a6
127f8
1c439
169dd
127fa
13ba9
1270a
12bbf
16bab
1270c
19860
16352
1270e
12c9e
18fd1
12710
18fd2
12711
192b6
12712
1abcd
12ca2
1f1a8
12715
12f75
1442b
12717
13e80
13512
16bae
12f78
16c9f
15cd1
12f7a
192b9
12f7b
17518
16706
12f7d
17ac6
16ca2
16445
1f1a9
1b803
12722
1751a
1351d
1c70b
16ca5
12725
12726
16bb1
12727
1f471
19867
16358
1a8f4
16447
19953
15dc3
1ec0c
193a9
1272d
1ae9d
192bd
1272f
1a8f6
192bf
1f473
1ae9f
192c1
12733
1af8e
16ca8
12735
1a9e6
12736
1b61f
1644c
1be9c
1644d
12739
1f1af
19869
169e0
1273c
1f477
1a9e9
1ec11
1ec12
1a629
1a9ea
1f1b3
1a9eb
1aea2
1f1b4
1c444
1ec15
128e7
16d8e
127fd
16522
1bf7e
19499
128eb
1bf80
12801
169e1
1acbc
1616d
1ecec
169e2
1f55a
193ab
12805
1acc0
1acc1
12808
13f71
13603
16caa
13069
169e4
1280b
16cac
13606
1280d
169e5
1280e
16d92
13609
12810
17334
1360b
1360c
1c7fa
15f8c
1f560
16d96
12815
1b8f7
13610
1f562
1c7ff
169e6
1af96
1af97
193af
15eb3
1949a
1281c
193b0
1281d
1a9ed
15eb6
1bf83
16d99
15f8f
1ecf1
1a808
1e486
1aad9
12823
1b712
12824
1e754
1bf87
16455
12827
1995c
16457
1e755
1a71f
1282a
1e756
1af9c
16526
1282d
1ecf7
1bf89
1a80b
1e487
1a9f0
12831
1a80c
1e759
1a80d
12834
1e75a
1b086
1f56d
128ed
129da
16e80
1607d
19b37
159f8
128f1
16e82
1c073
1625e
19a49
15cd6
1adaf
15f95
1adb0
15f96
1f64d
19a4b
12e87
136f3
16d9c
13159
14610
15eb7
1949e
136f6
128fd
16d9f
136f8
19a4d
136f9
12900
17152
136fb
12902
1f651
12904
1b43a
136ff
1ede2
168f7
1c8ee
17154
12908
1c8f0
1b43f
15f99
1aade
16081
19b39
159fb
1e844
1958f
1290e
16da0
1290f
1f655
19a4f
1652d
15f9c
1b08c
194a4
12914
1aae1
15f9f
12916
1ede4
16617
12918
1c077
19c27
1bad2
1a34f
1e847
1abd2
1f659
1c078
1b175
1291e
1ede8
1c07a
1b177
19c28
1bad5
1a352
1e84a
1a353
12924
1edeb
1aae3
1b091
12928
1b179
1f65f
129e0
16709
15aeb
1967e
12ace
1c163
1670b
12ad0
13239
138d5
17427
1323b
129e8
16089
19b3b
159fe
12ca9
1f73e
1608a
1f73f
169ea
12cac
1f740
16f77
12cae
129f0
1661b
1a8fa
16360
1eed2
1661c
1f742
19593
129f4
1a8fe
1a8ff
16f79
129f7
1c9df
13246
1b52e
169ed
1f745
1b530
13249
15a00
19594
15a01
129fe
1b17c
18fd3
1f1b6
1670c
1b262
18fd4
1f1b7
19c2c
1608f
12a04
19b42
16091
1e937
1a357
12a07
1e938
1b180
16174
1c168
1b265
16176
1b8fa
16177
1bbc5
1a442
1eeda
1b266
1617a
1f74c
1b181
1b268
16f7f
12a13
1b8fd
12a14
1eede
1abdb
1b8fe
1f74f
1b8ff
12a19
1f750
12a1b
1eee1
13ab7
16260
12bc5
16ab9
12ad4
19d1c
16262
12ad6
12d96
147f3
139c8
1751d
1332d
16f81
12d99
16f82
15af3
12d9b
19683
12d9c
17336
16531
12d9e
178e2
16abe
13335
1645b
19c2f
15ebe
1a9f3
1617d
1a9f4
1617e
1f289
19c31
13076
16263
1efc7
1b625
12aea
17338
13339
1c527
16ac1
12aed
12aee
16f84
12aef
1f28d
19c33
16180
1acc8
16265
19d1d
15be1
1ea28
19773
12af5
1b26f
19689
12af7
1acca
1968b
1f28f
1b271
1968d
12afb
1b356
16ac4
12afd
1adb4
12afe
1b441
1626a
1bcb8
1626b
12b01
1efcd
19c35
16800
12b04
1f293
1adb7
1ea2d
1ea2e
1a44b
1adb8
1efd1
1adb9
1b274
1efd2
1c260
1ea31
12e88
1341e
16ac6
12e8a
1433a
15be3
19774
13421
12bce
16ac9
13423
19d20
13424
12bd1
17429
13426
12bd3
1f379
15fa1
19d21
15a04
1aae5
1626f
1aae6
16270
1f37b
19d23
13168
16361
1f0b9
1b717
12bdc
1742a
1342b
1c619
16bba
12bdf
12be0
16aca
12be1
1f37f
19d25
16272
1adba
16363
1986c
15cd9
1eb1a
192c5
12be7
1b361
1977b
12be9
1adbc
1977d
1f381
1b363
1977f
12bed
1aea6
16bbd
12bef
1a900
12bf0
1b533
16368
1bdaa
16369
12bf3
1f0bf
19d27
168fb
12bf6
1f385
1a903
1eb1f
1eb20
1a53d
1a904
1f0c3
1a905
1aeac
1f388
12bfe
1eb23
12da1
1424a
12cb1
169ef
1c9e4
1636c
12da5
1c9e6
12cb5
1316a
17156
16279
1986e
15a06
12cb9
17158
1c8f5
16095
19b44
15a08
1b185
15a09
12cbe
1959d
12cbf
1b188
1324f
13abb
17159
13521
149de
15a0a
1715a
13abe
19873
13abf
12cc6
1715c
13ac1
12cc8
17ac9
13ac3
12cca
1fa19
12ccc
1bdae
13ac7
1f756
16cb3
1ccb6
17acb
12cd0
1ccb8
1bdb3
1627e
19874
1627f
15a0e
1b448
16e9f
15af9
17252
12cd7
1b539
169f4
1c446
1accf
1e941
1715e
1636f
1abdc
16370
1f1b9
16ea0
16907
1f1ba
1abdf
12ce0
1f1bb
1b44d
169f5
1c9ea
1b53b
169f7
1c448
1acd1
1f75b
1b53c
169fa
1fa22
1c9ee
1b53f
1abe0
1fa24
12cec
1c44a
12ced
1c44b
1b44f
12cf0
1b541
1fa27
12da8
16acd
15beb
1733b
12e96
1c52b
16acf
12e98
15afb
1968e
1333d
19964
1333e
1f298
16719
1f299
19965
12db2
13612
13bae
17256
13614
14ad0
15afe
17257
13bb1
19967
13bb2
12db9
17259
13bb4
12dbb
1760f
13bb6
12dbd
1fb0b
17341
12dbf
1cda7
13bba
1bea2
16da6
1fb0d
1bea4
13bbd
15b00
1725a
15b01
12dc6
1996a
15b03
12dc8
16ad0
1c52e
19a55
15cdb
1bcbc
15cdc
1bf8d
16376
12dcd
1996b
12dce
1afa7
1653b
1c530
1b62d
1653d
1bf8e
1adc3
1f29f
1b62e
16540
1fb12
1725c
1996c
12dd7
1afa9
16a05
12dd9
1f2a2
1b630
17347
12ddc
1f2a4
1afab
1bcc0
1b097
1f2a5
12de1
1fb18
12de3
1f2a7
13e81
16628
12f87
16bc0
12e9c
19b47
1662a
12e9e
1342e
16ad3
12ea0
16ad4
12ea1
1b36a
16282
1b36b
16542
1fbf9
12ea5
14611
13ca0
17348
13706
16543
12ea8
16544
12ea9
1734a
13ca4
12eab
17430
13ca6
12ead
179d6
13ca8
1370e
1662b
1f38d
1b9e7
12eb2
17703
13cad
1ce9b
17435
12eb5
12eb6
16ad8
12eb7
1b635
16ad9
12eb9
1f38f
1662d
1b71c
15fa6
12ebc
1b18a
12ebd
1bdb5
12ebe
19a5d
12ebf
1b099
16468
12ec1
1b639
1adc8
1654a
1f390
19a60
1654c
1fc04
17437
16630
1f392
1b18c
12ec9
1bdb7
12eca
1edf5
1c625
16bc4
12ecd
1fc07
1bdb8
1b18f
1f396
1b09c
1edf7
1b63c
1f398
1c628
1edf9
13077
13f74
12f8d
1671b
1c70e
16098
1307b
1c710
12f91
14703
17cb3
13e84
13252
16635
12f94
16636
12f95
1743c
137ea
12f97
17522
137ec
12f99
17acc
137ee
1325a
15ce3
192c8
1352c
19b4c
1352d
1f47e
1690c
1f47f
19b4d
12fa1
137f0
1cf8a
1671e
1fcf0
17526
12fa5
1badb
137f4
1fcf2
1cf8f
16639
1b726
19b4f
1663a
1fcf3
1b729
16099
19c3a
15dd2
1c713
1a9f8
1ec16
1b27d
1eee2
1b72a
1663b
1b190
1959f
1f763
17440
19b52
12fb5
1b193
1663f
12fb7
1f485
16cb9
12fb9
1c715
1a9fa
1eee6
1b27f
1fcf7
1c716
1b813
12fbe
1f489
1c719
1b194
12fc1
1a9fc
1eee9
1a9fd
12fc4
1eeea
1b816
1c71b
1307d
16da7
14066
16189
19d2a
15ec2
13081
17066
1c803
13f75
17acd
138d8
13085
1609d
19c3c
15dd4
1f830
1609e
13347
1f831
16adc
13349
1f832
17069
1334b
1308d
1361d
16cbd
1308f
16cbe
13090
1afae
1646a
1afaf
1672a
1f835
13094
1bbd0
138e3
1f574
16ade
1cad2
178e9
13098
1cad4
1bbd5
16811
1c262
1aaeb
1e75d
160a0
19c40
160a1
15dda
1b81a
16cc2
15ec3
1706e
130a1
1b901
17531
1618d
1a9fe
1618e
1efd5
16cc3
1672f
1efd6
1aa01
130a8
1efd7
1b81f
16813
1c806
1b903
16815
1c264
1aaed
1f579
1b904
16818
1f83e
1c80a
1b907
1aa02
1f840
130b4
1c266
130b5
1c267
1b821
130b8
1f57f
1c80d
14067
17613
139ca
13177
1618f
19d2e
15ec6
1f922
16190
13439
1f923
16bce
1343b
1f924
17162
1343d
1317f
1370f
16daf
13181
16db0
13182
1b0a0
15fb0
1b0a1
1681c
1f927
13186
1bcc2
139d5
1f666
16bd0
1cbc4
179db
1318a
1cbc6
1bcc7
16283
1987e
15a13
1c8f7
1abe2
1e84e
1aebb
1f0c6
1681d
1b90a
19d33
1681e
1f92b
1b90d
17077
16285
1aaf0
16286
1f0c7
16db5
16821
1f0c8
1aaf3
1319a
1f0c9
1b911
16911
1c8f8
1b453
16913
1c356
1abe5
1f66b
1b454
16916
1f930
1c8fc
1b457
1aaf4
1f932
131a6
1c358
131a7
1c359
131a9
1f670
131ab
1f935
1325c
17533
15b06
17534
13350
1cf91
17535
13352
14705
16ea8
13717
16ea9
13264
16826
16eaa
13266
137f6
17444
137f7
1fcfe
15cea
17445
137f9
19b57
137fa
1fd00
1326d
13acd
14f9a
14708
17cb4
1406c
16ead
13ad0
16eae
13ad1
177fb
16829
13ad3
1807c
1725e
13ad5
1863a
177fe
16f9d
1fd01
1c35b
1327a
1807e
14077
1d263
17801
1327d
1327e
16eaf
1327f
1b9f3
16eb0
13281
19880
13282
1b45b
16eb3
1ffca
1b9f5
16eb5
13286
16f9f
1cf94
1691b
15fbb
13289
1b54c
1328a
1c177
1328b
1ffcc
1b199
1328d
1b9f9
17803
16fa2
1fd06
1b54e
13291
1c179
13292
1f769
1cf99
17538
13295
1ffcf
13297
1fd0a
1b550
1b28d
1f76b
1b9fa
1fd0c
1cf9c
1f76d
1343f
1433e
13355
16a09
1cad6
16198
13443
1cad8
13359
16fa7
1335a
1b823
138ea
16cc4
1335c
16cc5
1335d
1b826
1b827
13360
14ad1
1415d
17806
13bc1
1691d
13363
160ab
13364
17808
14161
13366
178ee
14163
13368
17e98
14165
14166
1d352
16ae4
200b8
178f2
1336d
1c44f
1416a
200ba
1d357
16920
1baee
16921
160ae
200bb
16fad
1fb1a
1b28f
15b13
1f849
16fb0
15b15
200bd
16a0c
1bbd6
1619a
1337a
1f84b
1b37a
1efde
1b63f
1f2ac
1baf4
19973
1fb1b
178f5
16ae8
1f84c
1b640
13382
1c26b
13383
1f2af
1cadf
16fb2
13386
1f84f
1cae1
1b556
13389
1b37e
1f2b1
1b37f
1338c
1f2b2
1bbde
1cae3
13445
13532
179dc
16289
179dd
15ced
13449
179de
1cbcb
1619b
201a4
16aee
1344d
1682d
1b916
1682e
1f937
17081
139df
1424d
13452
14bc4
18181
15bfe
17082
14250
17083
14251
13456
178fb
14253
13458
17cb6
14255
1345a
201a9
1345c
1bf92
14259
1f93a
1744f
1d446
17cb8
13460
1d448
1bf97
161a0
178fc
161a1
15c02
1bbe2
16551
1b644
16af4
13467
1b646
15c06
13469
1f93c
1628b
179e6
15cef
1cbcd
1bbe5
16bda
1c62a
1aec1
1f0d1
19a65
1fc0d
1bbe6
17087
16bdb
1cbce
1bccb
16bdd
1c62c
1aec3
1f93f
1bccc
16be0
201b2
1cbd2
1bccf
1aec4
1f3a2
1aec5
1347c
1b385
201b5
1bbe9
13480
1bcd1
201b7
13538
17261
15dde
17262
13626
1ccbb
17263
13628
13d93
14431
17f8b
13d95
13540
1628d
179eb
15cf1
20296
16556
13802
20297
17542
13804
20298
17ad3
13806
13548
16923
1b460
16924
1fa2a
16290
2029a
16be4
1354c
1b464
1b465
17ad5
1354f
1d537
13da0
1c086
17545
2029d
1c088
13da3
15cf4
17176
15cf5
13556
17177
15cf7
1aec6
15cf8
1f48e
1aec8
1355a
1f48f
1bcd6
15de0
17264
1355d
1bdbb
17178
1646b
1c452
1646c
1c71d
1655a
13562
1b73f
16bec
13564
1bdbc
17ada
13566
1c454
16cd0
1c71f
16cd1
13569
1fa34
1bdc0
17adb
1356c
1aecb
202a6
1c456
1b82d
1fa37
13571
202a8
13573
1fa39
14613
16db8
1371d
16db9
1362c
16736
16dba
1362e
138ee
15362
14524
18081
13e87
16cd3
138f1
16cd4
138f2
17ade
1664b
138f4
17e9a
17089
138f6
18456
1761a
13e8f
16381
19974
15b17
1b559
15de4
1b55a
15de5
1fde1
1726b
13bce
16dbb
1fb1f
1c17d
13642
17e9c
13e93
1d07f
1761d
13645
13646
16cd7
13647
1bdc5
16cd8
13649
19c4a
1364a
1b82f
16cdb
1fde6
1bdc7
16cdd
1364e
16dbd
1cdb0
16739
15fbc
1bf98
15fbd
1c80f
16387
13653
1fde8
1afbb
13655
1bdcb
1761f
16dc0
1fb24
1b91c
13659
1bf9b
1365a
1f585
1cdb5
17358
1365d
1fdeb
1365f
1fb28
1b91e
1fb29
1b91f
1bdcc
1fb2a
1cdb8
1f589
139e0
13f78
17622
139e2
14ea9
15ed4
17359
13f7b
1735a
13f7c
13727
17625
13f7e
13729
17f8d
13f80
1372b
1fed1
16473
19a66
15c09
1b64b
15ed6
1b64c
15ed7
1fed3
1735d
13cc0
16eb9
1fc11
1c26f
13734
17f8e
13f85
1d171
17716
13737
13738
16ebb
1cea2
16830
15ed8
1735e
15ed9
1373c
1735f
15edb
1b0aa
15edc
1f672
1b0ac
13740
1f673
1beba
160b0
1c08a
160b1
1c901
16479
13745
1feda
1b0ad
13747
1bebd
17718
16ebe
1fc16
1b468
1374b
1c08d
1374c
1f677
1cea7
17453
1374f
1fedd
1f678
1b0af
1b46a
1fc1b
1b46b
1ba04
1ceab
13756
1f67b
138f9
14daa
13809
16ec3
1d53c
16650
138fd
1d53e
1380d
13cc2
17cba
1655d
17cbb
15fc1
13811
17cbc
1d44d
16296
179f4
15cfd
1bcdd
15fc2
1bcde
15fc3
2056d
179f6
13da9
14617
1381a
14f9d
18b06
15fc4
179f7
1461a
179f8
1461b
1381e
17cc0
1461d
13820
1863d
1461f
13822
20571
13824
1c906
14623
202ae
1780f
1d820
1863f
13828
1d822
1c90b
15fc6
1ba06
16ec6
1ffd5
16dd6
1bf9e
16dd7
16566
20575
1b744
15fcb
202af
17460
15fcd
20577
16ec7
1c090
16652
13835
202b1
1b834
1f498
1baf9
1fd13
1bfa4
179fc
1754d
1d542
1c093
1754f
1cfa0
1b837
202b3
1c094
17552
2057a
1d546
1c097
1b746
2057c
13844
1cfa2
13845
1cfa3
1bfa7
13848
1c099
2057f
13900
17629
161a4
1762a
139ee
1d083
1762b
139f0
15dee
17270
13e97
17271
13e98
17aea
13e99
1fdf1
16655
1390a
1416c
15649
1390c
1508f
1470b
17555
1416f
17556
14170
17ea1
16ecb
14172
18182
17900
14174
1873e
17ea4
14713
17ea5
13917
1d911
14716
1c9fa
17902
20665
1c9fc
14719
15b18
1b83a
15b19
1f856
16658
17dbe
16659
160bd
1c09c
1755a
13922
1bb01
160c0
13924
1fdf6
16745
17ea8
161a7
1d087
1c09f
17092
1cae4
1b927
1f58b
17dbf
17093
1d088
1c185
17095
1cae6
1b929
1fdf9
1c186
17098
2066c
17dc0
1c188
17eab
13934
1fdfc
1bb03
1c818
2066f
1c819
13939
20670
1393b
1fdff
149e1
17180
13adf
17181
139f4
16afc
17182
139f6
13f88
16dd9
139f8
16dda
139f9
17099
139fa
1bec3
13f8c
1fee4
139fd
15180
1873f
148f2
14260
16fbb
13a00
1674b
13a01
17eae
14800
13a03
17f94
14802
13a05
1854a
14804
14268
17183
1fee5
1c53f
13a0a
18277
14809
1da05
17f99
13a0d
13a0e
1709d
13a0f
1bbf1
161ad
17634
161ae
13a12
17635
161b0
1f949
1b92f
13a15
1f94a
1c190
1629a
1771e
13a18
1c275
17636
16925
1c90c
16926
1cbd7
16fc0
13a1d
1c193
17f9b
17188
1feea
1bce4
13a21
1c90f
13a22
1f94d
1d17d
17720
13a25
2075f
1c910
20760
1c911
1bbf4
13a29
1c194
1fef0
1d180
1f951
13bcf
14ad4
13ae5
16bef
1d266
16928
13bd3
1d268
13ae9
15272
18831
149e4
13dac
16b01
13aec
1683a
13aed
17fa0
14346
13aef
18086
14348
13af1
18640
1434a
13db4
15a28
17463
14086
17464
14087
17724
14088
1ffd7
1683d
13af9
1434c
1daf4
17276
20848
1808a
13afd
1c633
14350
2084a
1daf9
16bf1
202ba
1b473
13b02
17192
13b03
1c27f
17193
13b05
1bcea
17195
2084c
1c281
17197
13b09
17277
1d26a
16bf4
16841
13b0c
1bdd4
13b0d
1c9ff
13b0e
2084e
17fa4
17815
13b11
1d26d
1b560
1fa3e
1bdd7
2084f
1d26e
1c36b
13b16
1ffe1
1d271
1bcec
13b19
1b562
1fa41
1b563
13b1c
1fa42
1c36e
1d273
13bd5
13cc8
17bc8
16a19
17bc9
1647d
13bd9
17bca
1d35b
14ad5
18641
14434
13bdd
1692b
18091
1638f
20388
16bf6
13ea1
20389
17638
13ea3
2038a
17bcd
13ea5
13be5
14177
16fc1
13be7
16fc2
13be8
17281
13be9
1bb07
1417b
200ca
13bec
1c728
1443f
200cc
1763a
1d63c
1845d
13bf0
1d63e
1c72d
16392
1bdda
16ce4
1fe01
16bf8
1c370
16bf9
16932
20391
1b566
16397
200cd
17288
16399
20393
16ce5
1c458
16a1c
13bfd
1bec6
13bfe
1c545
13bff
200cf
1c376
1781f
1736b
1d35e
1c45b
1736d
1cdbc
1b653
200d1
1c45c
17370
20396
1d362
1c45f
1b568
1bddf
13c0c
1cdbe
1c549
20399
1c379
13c10
1c461
2039b
13cce
14eaa
18a15
14bc8
13f91
16ce7
13cd1
16a1e
13cd2
17bd8
1452b
13cd4
17cc5
1452d
13cd6
18279
1452f
14269
16b07
13cd9
16b08
13cda
17373
13cdb
1bbf9
1426d
201bc
13cde
1c81a
14531
201be
1772c
1d72e
1854f
13ce2
1d730
1c81f
16484
1becc
16ddc
1fef3
16ddd
1bfa8
1656b
13ce8
17376
13ce9
1c463
17377
13ceb
1bece
17379
20484
1c465
1737b
13cef
1ba12
13cf0
1c637
13cf1
201c1
1c468
17911
17469
1d450
1bfab
1746b
1ceae
1b74b
201c3
1bfac
1746e
20488
1d454
1bfaf
1b65a
2048a
13cfe
1ceb0
13cff
1ceb1
13d01
201c8
13d03
2048d
13db6
18097
1665e
18098
13eaa
1dafb
18099
13eac
15274
17a04
14271
17a05
13dbe
1737e
17a06
13dc0
14352
17199
13dc2
1719a
13dc3
17a07
13dc4
1c28b
14356
20858
13dc7
16b0e
1827d
16571
20b1a
17380
1462b
20b1b
17dc1
1462d
20b1c
18371
1462f
13dcf
14bd2
1dddc
17afa
20b1e
18374
13dd3
1ceb5
14bd6
20b20
1dde1
17471
20580
1bcef
13dd8
17a0c
13dd9
1c54b
17a0d
13ddb
1bfb4
17a0f
20b22
1c54d
17a11
13ddf
17afb
1dafe
17474
16b13
13de2
1c0a4
13de3
1cccf
13de4
20b24
18282
1809b
13de7
1db01
1bde2
202c0
1c0a7
20b25
1db02
1c641
13dec
20861
1db05
1bfb6
202c2
1bde4
13df1
1d54f
13df2
202c4
1c644
1db07
13ead
13f9a
1845e
16cef
1845f
16751
13eb1
18460
1d643
16934
1809d
1639b
1c37b
16662
1c37c
16663
20c0b
1809f
14449
14cbb
17b05
1471b
17b06
1471c
18461
17477
1471e
18740
17eb4
14720
18cff
18464
14cc3
18465
13ec3
1decf
14cc6
1cfa6
17eb6
20c11
1cfa8
14cc9
160c4
1bde6
160c5
1fe02
16c04
1837d
16c05
16669
1c648
17b0a
13ece
1c0ad
1666c
13ed0
203a2
16cf1
18468
16753
1d645
1c64b
17642
1d090
1bed3
1fb37
1837e
17643
1d646
1c731
17645
1d092
1bed5
203a5
1c732
17648
20c18
1837f
1c734
1846b
13ee0
203a8
1c0af
1cdc4
20c1b
1cdc5
13ee5
20c1c
13ee7
203ab
14f9e
17730
1408d
17731
13fa2
170a8
17732
13fa4
14536
17385
13fa6
17386
13fa7
17649
13fa8
1c46f
1453a
20490
13fab
16cf6
1846c
16757
20cfe
17568
1480f
20cff
17fb1
14811
20d00
18555
14813
13fb3
14db6
1dfc0
17734
20d02
18558
13fb7
1caed
14dba
20d04
1dfc5
170a9
20764
1bed9
13fbc
1764e
13fbd
1c739
1764f
13fbf
1c19e
17651
20d06
1c73b
17653
13fc3
17735
1d736
170ac
16cfb
13fc6
1c28e
13fc7
1ceb9
13fc8
20d08
18471
17cd3
13fcb
1d739
1ba1a
1fef8
1c291
20d09
1d73a
1c825
13fd0
20499
1d73d
1c292
1ba1d
1fefa
1bedc
1c1a1
13fd6
1fefc
1c828
1d73f
14091
1417e
18642
16ed3
18643
16937
14095
18644
1d827
16848
17cd5
148f4
17cd6
148f5
1409a
18560
148f7
1409c
18926
148f9
1409e
20df1
140a0
16de7
1bfb8
1657b
20582
16de8
20df2
17740
140a4
1bfbc
1bfbd
18649
140a7
1e0b3
148fe
1cbde
180a9
20df5
1cbe0
14901
162aa
1ba1e
162ab
1ffe6
16dea
18561
16deb
1684f
1c82c
17744
140b2
1c297
16852
140b4
20588
16ed5
1864c
16939
1d829
1c82f
17828
1d274
1bb0b
1fd1b
18562
17748
140bc
1c914
1864e
140be
1cfac
1782c
1d277
1782d
140c1
2058c
1c918
1864f
140c4
1ba23
20dfe
1cfae
1c385
2058f
140c9
20e00
140cb
20591
15182
17914
14277
17915
14186
1728e
17916
14188
1444a
171a1
1418a
16ed8
1418b
1818b
149e8
1418d
1818c
149ea
1418f
18744
149ec
14452
160c6
17b0f
14724
17b10
14725
17dce
14726
20675
16edb
14197
149ee
1dbf8
17918
2093a
18190
1419b
1ccd7
149f2
2093c
1dbfd
1728f
203ac
1bb11
141a0
17834
141a1
1c91d
17835
141a3
1c388
17837
2093e
1c91f
17839
141a7
17919
1d91a
17292
16b14
1caf0
16b15
1d367
16edf
141ac
20940
18655
17ebb
141af
1d91d
1bbfe
200dc
1c475
20941
1d91e
1ca09
141b4
2067f
1d921
1c38a
200de
1bc00
141b9
1d36b
141ba
200e0
1ca0c
1d923
1427b
16fc9
18196
16a2d
20a26
17294
1453f
20a27
17cde
14541
20a28
18285
14543
14283
14815
170b3
14285
170b4
14286
17923
14287
1c1a5
14819
20768
1428a
1cdc6
14ae1
2076a
17ce0
1dcec
18b0c
1428e
1dcee
1cdcb
16a30
1c478
17388
2049f
17389
1c554
16b17
14294
17926
14295
1ca0f
17927
14297
1c47a
17929
20a30
1ca11
1792b
1429b
1bfbe
1429c
1cbe3
1429d
2076d
1ca14
17ec5
17a19
1da0e
1c557
17a1b
1d45a
1bcf7
2076f
1c558
17a1e
20a34
1da12
1c55b
1bc06
20a36
142aa
1d45c
142ab
1d45d
142ad
20774
142af
20a39
14362
18656
16c0a
18657
14456
1e0b9
18658
14458
1582f
17fb8
1481d
17fb9
1436a
1792e
17fba
1436c
14902
17749
1436e
1774a
1436f
17fbb
14370
1c837
14906
20e04
14373
170ba
1883a
16b1d
210c6
17930
14bdb
210c7
18380
14bdd
210c8
1892e
14bdf
1437b
1518d
1d45e
180ae
210ca
18931
1437f
19f8f
15191
210cc
1d463
17a21
20b2c
1c29b
14384
17fc0
14385
1caf7
17fc1
14387
1c560
17fc3
210ce
1caf9
17fc5
1438b
180af
1e0bc
17a24
170bf
1438e
1c650
1438f
1d27b
14390
210d0
1883f
1865a
14393
1e0bf
1c38e
2086c
1c653
210d1
1e0c0
1cbed
14398
20e0d
1e0c3
1c562
1439b
1c390
2086f
1c391
1439e
20870
1cbf0
1e0c5
14459
14546
18a1b
1729b
18a1c
16cfd
1445d
18a1d
1dc01
16ee0
1865c
16947
1c927
16c0e
1c928
16c0f
211b7
1865e
149f9
15276
180b9
14ccb
180ba
14ccc
18a1e
17a27
14cce
18d00
18473
14cd0
192ca
18a21
1527e
18a22
1446f
1d551
15281
1a080
18475
211bd
1a082
15284
16670
1c392
16671
203ae
171b0
1893a
171b1
16c15
1cbf4
180be
1447a
1c659
16c18
1447c
2094e
1729d
18a25
16cff
1dc03
1cbf7
17bf6
1d64e
1c47f
200e3
1893b
17bf7
1dc04
1ccdd
17bf9
1d650
1c481
20951
1ccde
17bfc
211c4
1893c
1cce0
18a28
1448c
20954
1c65b
1d370
211c7
1d371
14491
211c8
14493
20957
15559
17ce4
14639
17ce5
1454e
17658
17ce6
14550
14ae6
17935
14552
17936
14553
17bfd
14554
1ca1b
14aea
20a3c
14557
172a2
18a29
16d03
212aa
17b18
14dbf
212ab
18570
14dc1
212ac
18b12
14dc3
1455f
15371
1d096
17ce8
212ae
18b15
14563
1a173
15375
212b0
1d09b
17659
20d10
1c485
14568
17c02
14569
1cce5
17c03
1456b
1c74a
17c05
212b2
1cce7
17c07
1456f
17ce9
1dcf4
1765c
172a7
14572
1c83a
14573
1d465
14574
212b4
18a2e
18292
14577
1dcf7
1bfc6
204a4
1c83d
212b5
1dcf8
1cdd1
1457c
20a45
1dcfb
1c83e
1bfc9
204a6
1c488
1c74d
14582
204a8
1cdd4
1dcfd
1463d
1472a
18bff
1747f
18c00
16ee3
14641
18c01
1dde5
16df4
18294
14eaf
18295
14eb0
14646
18b1d
14eb2
14648
18ee6
14eb4
1464a
2139d
1464c
17393
1c564
16b27
20b2e
17394
2139e
17cf4
14650
1c568
1c569
18c06
14653
1d189
14eb9
1a264
18668
213a1
1a266
14ebc
16856
1bfca
16857
20592
17396
18b1e
17397
16dfb
1cdd8
17cf8
1465e
1c843
16dfe
14660
20b34
17481
18c09
16ee5
1dde7
1cddb
17ddc
1d832
1c0b7
202c7
18b1f
17cfc
14668
1cec0
18c0b
1466a
1d558
17de0
1d835
17de1
1466d
20b38
1cec4
18c0c
14670
20b3a
1c845
1d55a
213ab
1d55b
14675
213ac
14677
20b3d
1573d
17ec8
14823
17ec9
14732
1783e
17eca
14734
149fa
14fa1
17de3
149fc
17de4
149fd
18c0e
17753
149ff
18fd7
181ac
14a01
195a0
1874b
16672
180c3
14cd4
180c4
14cd5
1838d
14cd6
20c21
17487
14743
14fa9
1d280
17ecc
20ee6
1874d
14747
19dab
14fad
20ee8
1d285
1783f
20958
1c0bd
1474c
17de8
1474d
1cec9
17de9
1474f
1c934
17deb
20eea
1cecb
17ded
14753
17ecd
1ded8
17842
170c0
1d09c
170c1
1d925
1748b
14758
20eec
18c12
1847a
1475b
1dedb
1c1aa
20688
1ca21
20eed
1dedc
1cfb5
14760
20c2b
1dedf
1c936
14763
1c1ac
2068b
1c1ad
14766
2068c
1cfb8
1dee1
14827
14aed
17843
14829
17576
1482a
18754
15096
1482c
18841
15098
1482e
18df6
1509a
14dc5
17663
14831
17664
14832
17ed7
14833
1c751
14dc9
20d14
14836
19e9a
1509c
20d16
1829f
1d374
190cc
1483a
1d376
19e9f
16fdc
1ca24
17938
20a4b
17939
1cb00
170c3
14840
17eda
14841
1cfbb
17edb
14843
1ca26
17edd
20fdc
1cfbd
17edf
14847
1c56a
14848
1d18f
14849
20d19
1cfc0
18484
17fcd
1dfcc
1cb03
17fcf
1da18
1c2a3
20d1b
1cb04
17fd2
20fe0
1dfd0
1cb07
1c1b2
20fe2
14856
1da1a
14857
1da1b
14859
20d20
1485b
20fe5
17757
18ee9
171b7
14913
18eea
1a26b
17665
18df7
170c5
14917
18df8
1a179
1739a
18b23
16e01
1cde1
170c6
1cde2
170c7
21675
18b25
14ec2
1573f
1857b
15194
1857c
15195
18eeb
17ee5
15197
19785
1893e
15199
19d3e
18eee
15747
18eef
14929
1da1d
1574a
1a540
18940
2167b
1a542
1574d
16b2a
1c846
16b2b
20e14
1766c
18dfc
1766d
170cd
1d0a4
18580
14934
1cb0d
170d0
14936
213b4
17759
18ef2
171b9
1d195
1d0a7
1866e
1e0c6
1c939
2059d
18dfd
18584
1493e
1a26e
18ef4
14940
20e18
1d199
18673
1e0c8
1c93b
213b8
1a272
18ef5
14946
1a275
21684
20e1b
1c84b
1cc00
213bc
1cc01
1d0aa
213bd
172a8
18759
14af6
19daf
1875a
14af8
16ef2
18393
14fb0
18394
14fb1
18c19
14fb2
20ef5
1775d
14a10
15285
15832
18677
15287
18678
15288
18fdd
17fdb
1528a
192cb
18a30
1528c
19884
18fe0
181b1
20ef7
1a631
14a1c
192cd
1583d
1db11
18fe3
14a1f
14a20
18679
14a21
1cc03
171bf
18c1d
171c0
14a24
18c1e
171c2
2095b
1c941
14a27
2095c
1d1a2
172aa
1875b
14a2a
19db3
18c1f
1793b
1d92a
1793c
1dc0d
17fde
14a2f
19db4
18fe6
14a31
2095e
1d28b
181b9
1dc0e
1ca2d
20efe
18c20
1875d
14a37
21775
20960
19dbb
1cc06
14a3b
1ca2e
20962
1ca2f
14a3e
20963
14be7
182a3
14afa
17c0c
182a4
14afc
150a1
17ee9
14afe
17eea
14aff
181bb
14b00
1cfc7
150a5
20fe8
14b03
17852
18fe8
172af
2185a
180cc
1537a
2185b
18b2c
1537c
2185c
190d1
1537e
14b0b
1592c
1d654
182a6
2185e
190d4
14b0f
1a725
15930
21860
1d659
17c0d
212bc
1ca31
14b14
181c0
14b15
1d291
181c1
14b17
1ccf6
181c3
21862
1d293
181c5
14b1b
182a7
1d378
17c10
17857
14b1e
1cde6
14b1f
1da23
14b20
21864
18fed
1884e
14b23
1d37b
19ea8
182ac
21865
1cde8
14b27
1da25
14b28
20ff1
1d37f
1d380
14b2b
1c574
20a53
1c575
14b2e
20ff4
1ccf9
1d299
14beb
17cff
19f92
17a30
14cdb
19f94
14bef
17941
190da
173a1
2194a
17c12
14ec6
2194b
18c21
14ec8
2194c
191c3
14eca
14bf7
1519c
17fdf
14bf9
17fe0
14bfa
182b1
14bfb
1cb13
151a0
210dc
14bfe
1a814
15473
210de
18c23
1d748
194b3
14c02
1d74a
1a819
173a4
1cdec
17d02
213bf
17c14
1d382
17c15
17948
21953
1c578
173a9
210df
182b8
173ab
21955
17d03
19f96
17a32
14c0f
210e1
1c662
20872
1ced9
20b41
1d388
18858
1839b
1d46c
19f99
1839d
14c17
210e3
1c664
20b43
1cedb
21958
1d470
19f9d
19f9e
1d473
14c1e
210e7
1cdf1
1db18
2195c
1db19
14c23
2195d
17b21
18d05
17581
14cdf
18d06
1a087
17492
18946
1555c
18947
1555d
14ce4
191ce
1555f
14ce6
195a3
15561
14ce8
21493
14cea
17a35
1cc08
171c7
211cc
17a36
21494
183a4
14cee
1cc0c
1cc0d
18d0b
14cf1
1d83f
15566
1a35c
1876a
21497
1a35e
15569
16ef4
1c668
16ef5
20c30
17a38
191cf
17a39
17499
1d476
183a8
14cfc
1cee1
1749c
14cfe
211d2
17b23
18d0e
17583
1d55d
1c754
203b8
1cfcb
20c33
1d479
191d0
183ac
14d06
1a08a
18d10
14d08
20c34
1d561
18491
1dee4
1c757
211d6
1a08e
18d11
14d0e
1a091
214a0
20c37
1c66d
1cfce
211da
1cfcf
1d47c
211db
1564d
18493
150a8
18494
150a9
18dff
17df9
150ab
19694
1885a
150ad
19c4c
18e02
15655
172b8
18a3a
16d11
1ccfb
17586
1ccfc
17587
21587
18a3c
15385
18587
212c1
1a44d
14de4
19696
15659
1d933
18e05
14de7
14de8
18497
14de9
1cfd1
170d4
18b30
14deb
1a17b
17b2a
18d15
17b2b
1758b
1d568
1849a
14df0
1cfd3
1758e
14df2
212c4
1858a
1dfd4
1c84d
204ab
18a3f
17dfc
14df7
1d56d
18e07
1858c
212c6
1d0b0
1a17f
14dfc
1d74e
18590
1dfd7
18b32
14dff
21591
14e01
212ca
1cfd4
14e03
1c850
20d2a
1c851
14e06
20d2b
14fbe
18c25
14ecd
18592
18c26
14ecf
15386
18b33
14ed1
184a0
18b34
14ed3
15478
182bb
14ed5
182bc
14ed6
18b35
14ed7
1d38f
1547c
21960
14eda
18b37
14edb
1d0b7
17679
190e5
1767a
14ede
190e6
1767c
213c1
1cdf5
14ee1
213c2
1d664
17768
191d4
14ee4
1a81f
190e7
17dfd
1d1a8
17dfe
1ddf7
184a3
14ee9
1d667
194b7
18c2a
21964
1cee6
14eed
1d1ab
14eee
213c5
1d757
191d6
14ef1
21c3c
1d1ac
21c3d
1d1ad
1d75a
213c7
1cdf6
21c3f
14ef8
213c9
150b0
1876b
14fc3
18684
1876c
14fc5
1556a
183ad
14fc7
183ae
14fc8
18c2f
14fc9
1d481
1556e
214a6
14fcc
18c31
14fcd
1d1af
1776d
191da
1776e
14fd0
191db
17770
20f07
1ceed
14fd3
20f08
1d760
1785a
18d1a
14fd6
1a365
191dc
17eef
1d29a
17ef0
1dee9
18599
14fdb
1a366
195aa
14fdd
1d29c
18772
1deeb
18773
14fe0
214ac
191dd
18d1c
14fe3
21d2e
1d29e
21d2f
1d29f
1d84c
20f0d
1ceee
1d1b3
14fea
20f0f
151a2
1885f
150b5
181ca
18860
150b7
1565c
184a4
150b9
184a5
150ba
18775
150bb
1d573
15660
21598
150be
18777
150bf
1d2a1
1785f
18d20
17860
150c2
18d21
17862
20ff9
1cfdf
150c5
20ffa
1d852
1794e
18e0c
150c8
1a457
18d22
17fe1
1d392
17fe2
1dfdb
1868b
150cd
1d855
1969b
18864
2159c
1cb1e
150d1
1d395
150d2
20ffd
1d93b
18e0e
150d5
21e20
1d396
21e21
1d397
1d93e
150d9
1cfe0
1d2a5
150dc
21001
15294
18951
151a7
182be
18952
151a9
1574e
1859a
151ab
1859b
151ac
18869
151ad
1d0bf
15752
2168c
151b0
1886b
151b1
1d399
17953
18e12
17954
151b4
18e13
17956
210eb
1cb25
151b7
210ec
1d944
17a40
18efe
151ba
1a549
18e14
180d3
1d484
180d4
1e0cd
181d1
151bf
1d947
1978d
18956
21690
1cc10
151c3
1d487
151c4
210ef
1da2d
18f00
151c7
21f12
1d488
21f13
1d489
1da30
151cb
1cb26
21f15
151ce
210f3
1538a
18a43
15299
183b0
18a44
1529b
15840
1868c
1529d
1868d
1529e
1895b
1529f
1d1b7
15844
2177e
152a2
1895d
152a3
1d48b
17a45
18f04
17a46
152a6
18f05
17a48
211dd
1cc17
152a9
211de
1da36
17b32
18ff0
152ac
1a63b
18a46
1dc12
1a093
20965
18f06
182c5
152b1
1da39
192d3
18a48
21782
1cd02
152b5
1d579
152b6
211e1
1db1f
18ff2
152b9
21a58
1d57a
21a59
1d57b
1db22
211e3
1cc18
21a5b
152c0
211e5
15932
181d2
1538f
181d3
15390
18a4d
15391
1d2a9
15936
21870
15394
18a4f
15395
1d57d
17682
190e9
15397
1a72d
180dc
192d6
180dd
17b39
1db26
18a52
1539c
1d57f
17b3c
1539e
21872
18b42
1dd04
1a185
20a57
18ff8
183b7
153a3
1db2b
193c8
18b44
21874
1cdfa
153a7
1d0c5
153a8
212d3
1d66f
190eb
153ab
21b4a
1d0c6
21b4b
1d0c7
1d672
212d5
1cd0a
21b4d
153b2
212d7
15570
191de
1547f
18b4a
191df
15481
15938
190ec
15483
18a58
190ed
15485
17684
1d39e
17685
2196e
181d6
19979
181d7
17c2b
1dc1a
190f1
1548c
1d677
17c2e
1548e
21f18
182c8
19a6b
17d1b
1dd0b
1dc1d
191e1
1d766
19fa7
210f5
1997a
190f5
15496
1add2
19a6d
15498
1d492
191e5
1d769
191e6
1549b
21f1c
1add6
19a6e
1549e
1d76a
1549f
1d76b
21975
1add9
1d678
154a3
1dc20
21f21
17e0a
192d9
15663
1a913
192da
15665
17d1c
1d76c
18c3e
21d34
18b4f
1dd14
18b50
182cc
222e1
1d498
17d21
21a5d
191ed
17d23
222e3
18c3f
1a916
183bd
15583
21a5f
1a098
211e6
1a36f
214b7
1dd1a
192dc
15588
1ddff
1a09a
214b8
1a371
222e5
1de00
1a91b
1558d
1dd1b
1de02
1a91d
1a09c
214ba
1a09d
15592
1a91f
222e9
214bc
1d49b
15597
222eb
184ac
19c4d
17efd
15668
19c4e
1aa07
18783
21e25
1d589
1566c
18d2f
1566d
1de07
18d30
1566f
1d860
18d32
223d4
1de09
18d34
15673
18e18
1deee
18786
183c1
15676
1a460
15677
1d0c9
15678
223d6
19b63
193ce
1567b
1def1
1a18c
215aa
1a463
223d7
1def2
1aa0d
15680
21b55
1def5
1a464
21b56
1a465
1aa10
223db
15686
21b58
1d863
1de0f
15758
18873
1aaf6
1859f
15848
1aaf8
1575c
18e20
1575d
1d951
17f01
193d0
17f02
15760
193d1
17f04
21699
1d0d1
15763
2169a
1defc
17ff0
194bf
15766
1aafb
193d2
1868e
1d1ba
1868f
1da3d
18789
1576b
1deff
19d42
18f0d
21c46
1a554
1576f
1d1bd
15770
2169d
1dfe5
194c1
15773
224cb
1d1be
224cc
1d1bf
1dfe8
15777
1d0d2
224ce
1577a
216a1
1593c
18ffa
1584b
18966
18ffb
1584d
17a4c
1d1c0
17a4d
2178a
185a2
19d45
185a3
17ff5
1dfec
18f15
15854
1da45
17ff8
15856
21d36
18692
19887
180e3
1e0d3
19dc2
20f10
1a645
2178d
1dfef
19d46
18f19
1585e
1abee
19889
15860
1d2ae
19001
1db31
19002
15863
21d3a
1abf2
1988a
15866
1db32
15867
1db33
21791
1abf5
1da46
21792
1dff2
21d3f
180e4
1db34
18a5d
21b5b
18a5e
1acde
181dd
15944
19005
15945
1e0dd
19006
15947
1db36
19008
220fe
1e0df
1900a
1594b
1a736
1594c
1d3a5
1594d
21e29
1e0e2
195b7
190f8
1dc24
1ace1
190fa
1d67c
19eb7
21e2b
1ace2
190fd
22102
1dc28
1ace5
19eb8
21882
19eb9
1595a
21e2f
1dc2b
21884
1d2b7
1595f
22107
15a2b
15fd6
16859
15a2e
194c6
16ef7
15fda
15a31
195b8
1694a
15a33
1979c
19890
15a36
1fa46
15a38
1ab04
1f770
1a559
16efe
1f772
1b47a
15a3c
16f01
18698
19b65
19892
1a284
1da48
18f21
1e2a5
1a55c
15a43
1dff5
1e2a7
1f0d4
15a47
1a287
1b47b
1a288
1b47c
15a4a
1d1c8
216a2
1ab0c
1a561
15a4d
1e1b4
1dff7
1e1b5
15a51
15c0e
1694c
16fe9
160cb
19893
17595
1900e
161ba
19c56
16fec
1639f
19981
15b27
16a3d
15b29
16fef
1b294
15b2b
1abf7
1b295
15b2d
1bb18
16ff3
1f863
1878a
15b31
1ec18
1a64c
1e0e6
19dcb
15b34
1abfa
19015
1e398
15b37
15b38
196ad
1a64f
1bb19
1a650
1bb1a
19dcf
1db3c
15b3d
1e2ad
1abff
1b299
15b40
1e39c
15b42
1e854
190fe
15c11
170da
16a40
15c13
201d6
196af
1685c
15c16
173b0
18b52
15c18
16583
15c1a
16b34
19eba
1b65c
16b36
1f3a9
1b65d
16b38
1f954
1f3ab
201d8
19102
18b53
15c24
1acea
1e488
1a73f
19106
1ea34
1d3ab
15c28
19109
1979f
224d0
1aced
1e39e
1acee
1e945
1a743
1dc2e
19ec2
15c30
1e48d
1b661
1d3ad
21888
1e48f
1f1c8
15d02
174a4
18c45
15d04
162b0
16585
15d07
197a1
16c23
162b4
15d0a
192e3
1ea36
19b6a
16d12
1a82e
1bcfa
19fad
15d10
1bcfb
1aece
202c9
15d13
15d14
192e4
191f5
191f6
1d49c
15d17
1addd
19fb0
1edfd
1d773
191fa
1eb28
19896
15d1e
1aecf
15d1f
1aed0
1ed0d
1ade1
1e57e
1a836
19fb5
21979
1bcff
1d775
15d25
2197b
15df3
160ce
19c59
18d37
160d0
16677
16d14
163a4
19b6c
172c0
18d39
16493
19986
15dfe
1f864
15e00
1a920
1f58c
1a375
16d1b
1f58e
1b842
15e04
16d1e
184b4
19987
19c5d
1a0a0
1d864
18d3d
1e66d
1a378
15e0b
1de11
1e66f
1eef0
15e0f
1a0a3
1b843
1a0a4
1b844
15e12
1d590
214be
1a928
1a37d
15e15
1e584
1de13
1e585
15e19
15fde
19a78
16e06
161c1
19d4d
15eea
16495
17686
18e2a
16497
15eee
1efe2
15ef0
1f956
15ef2
1aa12
1f67e
1a467
16e0d
1f680
1b934
15ef6
16e10
185a6
19a79
19d50
1a192
1d956
18e2f
1e1b7
1a46a
15efd
1df03
1e1b9
1efe4
15f01
1a195
1b935
1a196
1b936
15f04
1d0d6
215b0
1aa1a
1a199
15f07
1e676
1df05
1e1bd
15f0b
160d1
193db
15fe2
17a4f
174a6
1658c
15fe5
174a7
1a838
1ba2a
174a9
1fd20
1ba2b
174ab
202cb
1fd22
205a0
1a83a
1dff8
1a19b
15fef
1b0b9
1a83c
1f683
15ff2
15ff3
1a19c
1d778
15ff5
1e85b
1ab14
1bfd3
1ab15
1bfd4
1a840
15ff9
1e85c
1ba2f
1e767
15ffd
161c3
16f03
17598
1667d
160d6
1f774
160d8
1759b
1b846
160da
1b1a9
1b847
160dc
1c0c4
1759f
1fe12
1a28c
1d868
195c2
1e949
1ac03
195c4
1eef3
1e94b
1f776
160e6
1b1ad
21d40
1e0ed
1a384
1bb1f
1a385
1bb20
160ea
1e85f
1b1b1
1b84b
160ed
21d43
161c4
1676d
16ff6
161c7
20782
19c60
1eef5
161cb
1b29a
1f957
1acf3
170e3
1f959
1bc10
161cf
170e6
196b3
1b29c
161d2
1dc31
1a473
161d4
1b29e
196b7
1efe6
1e678
1acf7
1ea3e
1d95d
161da
1b93b
161db
1b93c
1f777
1b2a2
1acfb
161de
1e952
1ea41
1f778
162b7
16860
17ffa
1777a
197a4
16b3d
172c1
1ade4
1c2a6
1a563
162bf
1c2a7
1b480
20875
162c2
162c3
1ade6
1eb2c
1da4d
197a7
1eb2e
1ade8
162c7
197aa
19897
1a567
1dd24
19ec7
21f25
1b392
1ea42
1b393
1efe8
1adec
1a56b
21f26
1c2ab
162d2
1efe9
192e9
163aa
1786b
172c3
16954
163ad
172c4
1a654
1bdf2
172c6
1fb3c
1bdf3
172c8
200e7
1fb3e
203bc
1a656
1de14
19fb7
163b7
1aed5
1a658
1f49f
163ba
163bb
19fb8
1db40
163bd
1ec23
1a930
1c39b
1a931
1c39c
1a65c
163c1
1ec24
1bdf7
1eb37
163c5
16a43
16d20
1649d
204ac
1998a
1f1cb
164a1
1afc4
1fc2d
1aa1d
173b9
1fc2f
1bee6
164a5
173bc
193dd
1afc6
164a8
1df07
1a749
164aa
1afc8
193e1
1ed13
1e3a2
1aa21
1e76c
1d687
164b0
1b665
164b1
1b666
1f4a1
1afcc
1a74f
164b4
1ec28
164b6
1f4a2
1658e
16b3e
173be
16591
20b4a
16593
17a54
1bd06
16595
1b669
1bd07
16597
1c57e
17a58
20878
1a19e
1b66a
19a7f
1ee07
1b0c3
19a81
1f3b1
1ee09
1fc32
1adf3
1ee0a
1a753
165a2
1bd09
165a3
1bd0a
1fb3f
1b670
1b0c9
165a6
1ed16
1ee0d
1fb40
16681
16c31
183c3
180ee
1f3b3
16686
1b75a
1fe13
1b1b3
17b49
1fe15
1c0ca
1668a
17b4c
19b70
1b1b4
1668d
1de19
1a937
1668f
1b75e
19b74
1f4a4
1a844
1de1a
1a293
222ee
1b760
1ee0e
1b761
1f3b4
1b1ba
1a93d
222ef
1c673
1669a
1f3b5
19c61
16774
17c33
1768b
175a3
1777b
1b2a4
1c760
1aa27
1677a
1c761
1beec
20d2f
1677d
1677e
1aa28
1efea
1a389
19c64
1efec
1b2a8
16782
19c67
19dd8
1b851
16785
1efef
1b2aa
1c763
1b2ab
1c764
1aa2e
16789
1eff0
1c1bf
1ef03
1678d
16955
170e7
1777c
16e16
16868
1777e
1ab18
1c2ac
17780
1fff8
1c2ad
17782
205a1
1fffa
20e22
1a47a
1dffc
19ec9
16872
1b941
1ab1c
1f95b
16875
16876
1b39b
224d1
1dfff
1ab1e
1c2af
1ab1f
1c2b0
1687a
1eff3
1b947
1ba35
1687d
224d4
16956
16f06
171da
16959
20966
1695b
17871
1bb22
1695d
1b485
1bb23
1695f
1c946
17875
20694
19fba
1b486
1989b
1f1cf
1aedf
1989d
1f779
1f1d1
1fa4e
1ac0f
1f1d2
1a56f
1696a
1bb25
1696b
1bb26
1f95d
1b48c
1aee5
1696e
1f0e6
1f1d5
1f95e
16a4a
17f09
17961
172cd
17a5a
1afce
1ca36
1acfd
16a50
1ca37
1bc16
20a59
16a53
16a54
1acfe
1ed18
1a65f
1998e
1ed1a
1afd2
16a58
19991
1a0ae
1b57b
16a5b
1ed1d
1afd4
1ca39
1afd5
1ca3a
1ad04
2210b
1b57f
1c495
1ed1f
16a63
170ea
1796a
16b43
210f6
16b45
18000
1c2b2
16b47
1bc1b
1c2b3
16b49
1cb2a
18004
20e24
1a754
1bc1c
19ecd
1f3b7
1bc1d
1f2c4
1bc1e
1f86e
1b677
16b51
1f2c5
1cb2d
1f3b9
1f86f
17a5b
180f0
171de
16c36
17c35
1aee6
1c674
180f4
203c0
1c675
180f6
20969
203c2
211ea
1adf8
1e495
1a847
16c40
1c3a7
16c41
1c3a8
201df
1bd11
1aeec
16c44
1f3bc
16c46
201e0
16d26
181e0
17c37
17b4f
17d27
1b856
1cd0c
1afd9
16d2c
1cd0d
1c498
212db
16d2f
16d30
1afda
1f59a
1a93f
1afdb
1c769
1afdc
1c76a
16d34
1e589
1b85c
1c49b
16d37
1f4af
16e17
173c1
18b55
182d3
1fb43
16e1c
1bef0
205a3
1b949
17d2d
205a5
1c85a
16e20
17d30
1a1a2
1b94a
16e23
1e67a
1b94b
1ce01
1b94c
1ce02
1b0cf
1f68e
1bef6
1c85d
1e67c
16e2b
174b2
17786
16f0b
20f12
16f0d
17e1d
1c0ce
16f0f
1ba37
1c0cf
16f11
1cef2
17e21
20c40
1a570
1ba38
1a295
1f77f
1ba39
1f690
1ba3a
1fc36
1b493
16f19
1f691
1cef5
1f781
1fc37
17877
17f0c
175a6
16ffe
17f0e
1b2ae
1ca3c
17f10
20788
1ca3d
17f12
20d31
2078a
21006
1ac14
1e2b1
1a663
17008
1c1c3
17009
1c1c4
1fffb
1bb2d
1b2b4
1700c
1f784
1700e
1fffc
170ee
18b56
185ab
17f17
1869c
1bc21
1d0d8
1b950
170f4
1d0d9
1c860
216a7
170f7
170f8
1b951
1f962
1b2b6
1b952
1cb31
1b953
1cb32
170fc
1e956
1bc27
1c863
170ff
1f873
171df
17789
18f26
18c49
1ff0b
171e4
1c2b8
2096b
1bd14
186a2
2096d
1cc22
171e8
186a5
1a572
1bd15
171eb
1ea47
1bd16
1d1cd
1bd17
1d1ce
1b49a
1fa56
1c2be
1cc25
1ea49
171f3
1787a
180fa
172d3
2188a
172d5
181e6
1ca42
172d7
1c3ab
1ca43
172d9
1d2be
181ea
21008
1a940
1c3ac
1a665
1fb47
1c3ad
1fa58
1c3ae
1fffe
1be0a
172e1
1fa59
1d2c1
1fb49
1ffff
17c3f
182d5
1796e
173c6
182d7
1b679
1ce04
182d9
20b50
1ce05
182db
210f9
20b52
2197e
1afdf
1ec2a
1aa33
173d0
1c58b
173d1
1c58c
203c3
1c4a1
1b67f
173d4
1fb4c
173d6
203c4
174b6
18972
183c8
17d33
184b8
1ba3d
1d4a0
1b76c
174bc
1d4a1
1c67c
214c3
174bf
174c0
1b76d
1fd2a
1b0d2
1b76e
1cef9
1b76f
1cefa
174c4
1e772
1ba43
1c67f
174c7
1fc3f
175a7
17b51
18d42
18a65
202d3
175ac
1c0d4
20d33
1bb30
184be
20d35
1cfea
175b0
184c1
1a38e
1bb31
175b3
1e863
1bb32
1d595
1bb33
1d596
1b862
1f876
1c0da
1cfed
1e865
175bb
17c42
184c3
1769b
21c52
1769d
18b5b
1ce0a
1769f
1c773
1ce0b
176a1
1d68a
18b5f
21980
1b2b7
1c774
1aa35
1ff0f
1c775
1fe1c
1c776
203c6
1c1d2
176a9
1fe1d
1d68d
1ff11
203c7
185b4
18c4b
17d36
1778e
18790
1ba44
1d1d0
18c4f
20f18
1d1d1
18c51
214c5
20f1a
21d46
1b956
1eff6
1b3aa
17798
1ceff
17799
1cf00
20d37
1c869
1ba4a
1779c
1ff14
1779e
20d38
1787e
18d43
18792
186a8
18882
1c3b1
1d86c
1bb37
17884
1d86d
1cff0
21e37
17887
17888
1bb38
200f2
1b49d
1bb39
1d2c5
1bb3a
1d2c6
1788c
1f0ea
1c3b7
1cff3
1788f
20007
1796f
17f19
196b9
18e36
2069b
17974
1ca48
210fb
1c4a4
18888
210fd
1d3b6
17978
1888b
1ad0a
1c4a5
1797b
1f1db
1c4a6
1d961
1c4a7
1d962
1bc2d
201e6
1ca4e
1d3b9
1f1dd
17983
1800a
182df
17a63
21a6e
17a65
18978
1cc26
17a67
1c58f
1cc27
17a69
1da52
1897c
2179c
1b0d3
1c590
1adfd
202d7
1c591
201e8
1c592
2078e
1bfee
17a71
201e9
1da55
202d9
2078f
183d0
18a67
180fe
17b56
18a69
1be0c
1d598
18a6b
212e0
1d599
18a6d
2188d
212e2
21b62
1b772
1ee12
1b1c6
17b60
1cd1b
17b61
1cd1c
20b53
1c685
1be12
17b64
202dc
17b66
20b54
17c46
196ba
1910e
18a72
191ff
1c779
1dc38
1c4ab
17c4c
1dc39
1d3bc
22200
17c4f
17c50
1c4ac
204ba
1be14
1c4ad
1d691
1c4ae
1d692
17c54
1f4b2
1c77f
1d3bf
17c57
203cb
17d37
182e2
19a84
197ad
20a63
17d3c
1ce10
214c7
1c86c
19205
214c9
1d782
17d40
19208
1b0d5
1c86d
17d43
1f5a3
1c86e
1dd2d
1c86f
1dd2e
1bff5
205ae
1ce16
1d785
1f5a5
17d4b
183d3
18c55
17e2b
223e3
17e2d
18d49
1d59e
17e2f
1cf03
1d59f
17e31
1de1e
18d4d
21b64
1b49e
1cf04
1b1c8
2069f
1cf05
205b0
1cf06
20b56
1c962
17e39
205b1
1de21
206a1
20b57
1879a
18e38
184c7
17f1e
18e3a
1c1d4
1d964
18e3c
216ac
1d965
18e3e
21c55
216ae
224d7
1bb3d
1f786
1b591
17f28
1d0e7
17f29
1d0e8
20f1b
1cff9
1c1da
17f2c
206a4
17f2e
20f1c
1800e
194d6
18f2b
1888e
1901b
1c595
1e000
1c2c7
18014
1e001
1d1d8
2201c
18017
18018
1c2c8
20882
1bc30
1c2c9
1da59
1c2ca
1da5a
1801c
1f2ce
1c59b
1d1db
1801f
20797
180ff
186aa
198a0
195c9
20e2b
18104
1cc2c
2188f
1c688
19021
21891
1db4a
18108
19024
1aef1
1c689
1810b
1f3bf
1c68a
1e0f5
1c68b
1e0f6
1c3bd
203ce
1cc32
1db4d
1f3c1
18113
1879d
196bc
19026
197ae
1ca56
1dc3e
19ddd
224d8
1d96c
196c1
21f2f
224d9
181fc
1d2d0
181fd
1d2d1
217a1
1dc43
1be15
1d2d2
1b593
20a67
1d2d3
1ca5c
18203
20977
182e4
18890
182e6
192f4
19ece
1da5c
197b2
1e49a
19ed0
182eb
1d3c1
1e49b
21a76
1ce19
20a6a
1ce1a
21010
1da61
1b684
1ce1b
182f2
1fb4f
1ce1c
182f4
20a6c
182f6
21894
183d7
1e58b
183d9
192f7
1d4b2
183db
1de23
192f9
21b66
1cf0a
192fb
192fc
1c690
1de25
1c691
1de26
19fc5
183e3
1c692
20c4a
1bff8
1c693
20c4c
1d4b8
20c4d
21103
18d4f
19993
211f3
184cc
1cffb
21c57
1d695
184ce
1df16
1c781
184d0
184d1
1a0b5
1d697
1a0b6
1d698
184d4
20c4f
1c0e9
1fd32
1bb40
184d7
1fd34
1d001
1fd35
184db
18b65
194d9
18e42
195ca
1c872
1e006
1a1a5
222f4
1d788
194de
21d4b
222f5
185c4
1d0ec
185c5
1d0ed
215bd
1e00b
1bc31
1d0ee
1b95b
20e2f
1d0ef
1c878
185cb
20d43
186ac
18c58
186ae
195cc
1a296
1d878
195ce
1e2b6
1a298
186b3
1d1dd
1e2b7
21e3e
1cc35
20e32
1cc36
213d8
1d87d
1b4a0
1cc37
186ba
1f96b
1cc38
186bc
20e34
186be
216b0
187a0
19c6a
19de2
1d87e
19c6c
1e680
19de4
187a5
1d87f
1e681
224dd
1d004
20f20
1d005
214ce
1a395
1bb41
1d2d9
187ac
20009
1d2da
187ae
20f22
187b0
21d4e
18892
198a2
19ed4
1d970
19d5f
1e1c6
19ed6
18897
1d971
1e1c7
22023
1cb4a
21016
1cb4b
215c0
1a487
1bc33
1d3cb
1889e
200fb
1d3cc
188a0
21018
188a2
21e40
18984
198a3
19fc6
1da62
198a5
1e2b8
19fc8
18989
1da63
1e2b9
22115
1cc3c
21108
1cc3d
216b2
1a579
1bd25
1d4bd
18990
201ed
1d4be
18992
2110a
18994
21f32
18a76
19995
1a0b8
1db54
19997
1e3aa
1a0ba
18a7b
1db55
1e3ab
22207
1cd2e
211fa
1cd2f
217a4
1a66b
1be17
1d5af
18a82
202df
1d5b0
18a84
211fc
18a86
21a78
18b68
19a87
1a1aa
1d69a
19a89
1e49c
1a1ac
18b6d
1d69b
1e49d
222f9
1ce20
212ec
1ce21
21896
1a75d
1bf09
1d0f5
18b74
1fe25
1d0f6
18b76
212ee
18b78
21b6a
18c5a
19b79
1a29c
1d78c
19b7b
1e58e
1a29e
18c5f
1d78d
1e58f
223eb
1cf12
213de
1cf13
21988
1a84f
1ba4f
1d1e7
18c66
1ff17
1d1e8
18c68
213e0
18c6a
21c5c
18d53
1a0be
1d885
1a0bf
1d886
18d56
214d1
1cf17
205b4
1c96e
18d59
205b6
1d889
205b7
18d5d
193f1
21b6b
1aa36
215c6
1aa37
21b6c
1a48a
1c1df
1d979
18e4a
206a7
1d97a
18e4c
215c8
18e4e
223ed
18f37
1a2a2
1da69
1a2a3
1da6a
18f3a
216b9
1cb4f
20798
1c5a6
18f3d
2079a
1da6d
2079b
18f41
195d5
21d4f
1ac1a
217aa
1ac1b
21d50
1a66e
1c3c3
1db5d
1902e
2088b
1db5e
19030
217ac
19032
22025
1911b
19eda
1d6a1
19edb
1d6a2
1911e
2189d
1cd33
203d0
1c78a
19121
203d2
1d6a5
203d3
19125
197b9
21f33
1adfe
2198e
1adff
21f34
1a852
1bffb
1d795
19212
204c3
1d796
19214
21990
19216
22209
1a947
1e49e
1a670
1de34
1c699
1de35
19fd2
21b6f
1de37
1a949
1c69a
21b70
19308
21a7f
1aa39
1e590
1a762
1df26
1c78b
1df27
1a0c4
21c61
1df29
1aa3b
1c78c
21c62
193fa
21b75
1ab2b
1e682
1a854
1e018
1c87d
1e019
1a1b6
21d53
1e01b
1ab2d
1c87e
21d54
194ec
21c67
1ac1d
1e1c8
1a39a
1e10a
1c96f
1e10b
1a2a8
21e45
1e10d
1ac1f
1c970
21e46
195de
21d59
1ad0f
1e2ba
1a48c
1dc50
1ca61
1dc51
19dee
21f37
1dc53
1ad11
1ca62
21f38
196d0
21e4b
1ae01
1e3ac
1a57e
1dd42
1c5a7
1dd43
19ee0
21a81
1dd45
1ae03
1c5a8
21a82
197c2
21f3d
1ac20
1e1ca
1a581
1e10f
1a582
1e110
19fd7
2211b
1e112
1aef8
1cc46
2211c
198b4
2202b
1ad12
1e2bc
1a673
1dc55
1a674
1dc56
1a0c9
2220d
1dc58
1afea
1cd38
2220e
199a6
22121
1ae04
1e3ae
1a765
1dd47
1a766
1dd48
1a1bb
222ff
1dd4a
1b0dc
1ce2a
22300
19a98
22213
1a94a
1e4a0
1a857
1de39
1a858
1de3a
1a2ad
223f1
1de3c
1b1ce
1cf1c
223f2
19b8a
22305
1aa3c
1e592
1a39d
1df2b
1a39e
1df2c
19df3
224e3
1df2e
1b2c0
1d00e
224e4
19c7c
223f7
1ab2e
1e684
1a48f
1e01d
1a490
1e01e
19ee5
2202d
1e020
1b3b2
1cb54
2202e
19d6e
224e9
19df6
21f3e
1e3b1
21f3f
19eea
23b4f
2101f
19eec
1b2c1
19dfc
1a2b1
217ae
19dfe
223fa
20981
19e00
1a3a1
1df2f
19e02
1b86e
1d00f
20f2e
1a3a4
1df32
1e3b3
1a3a6
2acbe
1e686
1a3a8
20f2f
19e09
20c57
19e0a
223fd
1df39
19e0c
2acc1
19e0e
20f32
266ca
20c59
2acc2
20f33
26b84
21e50
19e12
266ce
266cf
1b2c5
21e51
1ad16
19e16
1b597
1f0ec
1b2c8
1a679
1e113
19e19
1db68
1ac27
19e1b
20984
22403
1e2c5
1a67e
1f1de
1e3b7
1a680
19e20
22215
1ac2e
22404
1ac2f
1ec34
19e24
22f05
1ac32
26b8a
22217
19e27
23e28
1ac35
1ca63
1dc5b
19e2a
1d986
1d2eb
19e2c
1d987
224f1
200fe
215ce
1dc5f
215cf
1dc60
19e31
21e56
1dc62
19e33
22219
1dc64
1d98f
21110
29e90
235a3
19e38
2221a
1d993
264e9
21f4b
19e3b
19e3c
2098b
2611e
206b1
2a719
2098c
2a9e8
218a3
19e40
26122
26123
20f39
22590
22591
21e5b
1e3bd
21f4c
19e46
22683
21f4e
19e48
26b8e
218a5
2a9ea
26125
19e4b
22593
21e5d
19e4d
26b90
21e5f
20994
26b91
21e61
19e51
22686
22408
21112
26210
21113
264ed
21f50
2accb
23b58
22d22
26b93
22d23
2a721
23b59
19e5b
2acce
19e5d
2a723
235ac
2a724
235ad
26128
2acd1
19eed
19fda
22031
20b64
22032
1e4a4
19ef1
21997
23697
1b3b5
1e95e
1ab32
19ef5
1d996
21e62
1d3d8
1a499
22034
1e4a5
1a49b
2a804
2079c
21c68
1e029
21c69
1e02a
19efd
224f8
1e02c
1a4a1
2079e
21c6a
1a4a3
21c6b
1a4a4
224fa
1a4a5
26c77
2102c
19f05
1a585
1dd4b
19f07
1da76
1ad17
1e3c2
1a76a
1bc36
1d3d9
21e63
1ad1a
19f0c
1e4a7
1ad1c
218aa
1a76f
26c78
1e4a8
1a771
1ed24
1e4aa
1ad21
19f13
2102e
19f14
1ad24
22ff6
1e4ac
2a80b
22ff8
1ad27
23f19
21a8a
2a80c
23f1b
1d3db
2102f
1ce2c
19f1d
21030
1d3de
1e4ae
1da7a
20a7c
19f21
207a1
19f22
21a8c
1dd53
19f24
21a8d
1dd55
19f26
2a25b
19f28
230e8
1da83
29f83
214db
265da
2230d
19f2c
265dc
230ed
201f2
216c2
1dd59
216c3
1dd5a
21f5d
1dd5b
2a260
20a81
19f33
1e3c6
21f5f
1e3c7
19f36
2268e
2111a
22774
21a93
19f39
2369a
22777
204c8
2621c
204c9
2a262
21032
20a85
22690
21f63
19f40
2a263
2621e
19f42
264f5
2111b
19f44
2a810
22e12
29f84
230ef
2a265
2369d
21a97
19f49
26304
19f4a
26305
2203b
19f4c
26c86
2277c
236a1
19f50
265e2
19f51
265e3
26c89
26221
1afeb
1e595
1a0cd
214dd
19fe2
22125
20c5b
19fe4
1a587
1e115
19fe6
1b4a6
1cc47
2111c
1a58a
1e118
1e2c9
1a58c
22127
1e599
1a58e
2111d
19fed
20e3b
19fee
2203e
1e11f
19ff0
2a8f9
19ff2
21120
268ae
20e3d
2a8fa
21121
26d68
21a9b
19ff6
268b2
268b3
1aefd
21a9c
1a94e
19ffa
1b77b
1ed25
1af00
1a85d
1dd5e
19ffd
1d7a0
1ae0d
19fff
20b6a
22044
1e4b7
1a862
22409
1e59c
1a864
1a004
2240a
1ae14
22045
1ae15
1e86e
1a008
22b3d
1ae18
26d6e
2240c
1a00b
2400c
1ae1b
1c69b
1de3f
1a00e
1db6c
1d4cf
20b6d
1db6d
2212a
202e2
217bd
1de43
217be
1de44
1a015
21aa1
1de46
1a017
2240e
1de48
1db75
212f4
2a074
231db
1a01c
2240f
1db79
266d3
21b87
1a01f
1a020
20b71
26308
20895
2a351
20b72
2abcc
214e0
1a024
2630c
2630d
21127
2277e
2277f
21aa6
1e5a2
21b88
1a02a
22867
21b8a
1a02c
26d72
214e2
2abce
2630f
1a02f
22781
21aa8
1a031
26d74
21aaa
20b7a
26d75
21aac
1a035
2286a
22049
212f6
25e48
212f7
266d7
21b8c
2a903
23790
22f0c
26d77
22f0d
2a359
23791
1a03f
2a906
1a041
2a35b
231e4
2a35c
231e5
26312
2a909
1a0d1
1a1be
2221d
20d4c
2221e
1e68a
1a0d5
215d8
2387b
1afed
1eb42
1a950
1a0d9
1d893
2230e
1d5bc
1a3b8
214e6
1e5a8
21b90
1a955
1a0de
1e960
1a957
1a0e0
26e5b
1e961
1a3bf
21b91
1a3c0
1ad2a
1e2ca
1a687
1dc6f
1d5bd
217c1
1cd3c
1a0e8
1ec37
1dc73
1a0ea
21c70
1dc75
218b1
1a68e
218b2
1a68f
22222
21213
1a691
1a0f0
1a693
218b3
1a0f2
218b4
1a0f3
21b92
1a0f4
263fd
1a697
2a9f2
1a0f7
1d6af
22137
1aff2
1a95c
22c2e
1e692
2a9f3
22c30
1a95f
240fd
21c72
2a9f4
240ff
1d5bf
21217
1d012
1a101
1d4d2
214ea
1e694
1d6b4
20c64
1a105
203dd
1a106
21b96
1df44
1a108
21c75
1df46
1a10a
2a43f
1a10c
232cc
1d6bd
2a167
216c7
267c4
2250a
1a110
267c6
232d1
1fe2a
218b7
1df4a
218b8
1df4b
21b99
1df4c
2a444
20c69
1a117
1e5ab
21b9b
1e5ac
1a11a
22872
212fe
22958
21c7b
1a11d
2387e
2295b
206b4
25e54
206b5
2a446
2121a
20c6d
22874
21b9f
1a124
2a447
25e56
1a126
266df
212ff
1a128
2a9f8
22ffc
2a168
232d3
2a449
23881
21c7f
1a12d
25f3c
1a12e
25f3d
22227
1a130
26e6a
22960
23885
1a134
267cc
1a135
267cd
26e6d
25e59
1b1cf
1e1ce
1a2b7
216c9
1a1c6
22311
20e3f
1a1c8
1a4a8
1aa44
1e699
1a4aa
1bf0c
1d101
21ba3
1aa47
1a1ce
1e69a
1aa49
1a1d0
1ea52
1aa4b
1a4b1
21300
1a1d3
215e2
1aa4e
1a1d5
21301
1a1d6
1b68b
1ae1d
1e3ca
1a77a
1dd62
1a1d9
1d6c3
1dd64
1e1d5
1a77e
2aade
1e4bb
1a780
21303
1a1df
20a8b
1a1e0
2222c
1dd6b
1a1e2
2aae1
20a8c
2222e
204cd
264f9
20d52
264fa
20d53
2aae3
22230
1a78a
1ab33
1e69d
1a869
1e02f
1ea54
1a1ec
22d27
1aa52
269a6
2204d
1a1ef
23c44
1aa55
1c87f
1e030
1a1f2
1d7a4
1d5c3
20d55
1d7a5
22316
1ff1a
219ab
1e034
219ac
1e035
1a1f9
21c89
1e037
1a1fb
2204f
1e039
1d7ad
20f3d
29cac
233bf
1a200
22050
1d7b1
268b7
21d6d
1a203
1a204
20d59
25f40
204d1
2a535
20d5a
2a818
216cc
1a208
25f44
25f45
213f0
22a4a
21d6f
1a20c
23970
22a4d
1e69e
21c8d
1e69f
1a210
22964
216ce
2a81a
25f47
1a213
22965
21c90
1a215
269ac
21c92
20d62
269ad
21c94
1a219
22a4e
21d71
268ba
22b43
29caf
22235
21d72
2aaeb
23974
22b44
269af
22b45
2a53d
23975
1a223
2aaee
1a225
2a53f
233c8
2a540
233c9
25f4a
2aaf1
1a2bb
1d895
2231a
1b1d2
1a59a
1ab36
1a2bf
1b4a8
1effb
1d1f5
1a59e
1e042
1a2c2
1e2cb
1ab3b
216d3
1a5a1
26a92
1e2cc
1a5a3
2213c
1e2ce
1ab40
1a2c9
213f3
1a2ca
1b77d
1a963
1e4bc
1a86c
1de54
1a2cd
1d7b5
1de56
1a2cf
21e69
1de58
1a2d1
20b7c
2231e
205bd
2abd1
213f6
1a874
2abd2
22415
1de5e
20b7e
22321
205bf
265eb
20e44
265ec
20e45
2abd5
22323
1a87c
1e2d1
23d32
21e6a
1a2df
23d34
1eb47
26a99
22e1c
1a2e2
1a2e3
1d897
216d5
1d1fa
1d109
1d1fc
1a2e7
21e6c
1e127
20f41
1d89b
20f42
1d89c
21e6d
20e4a
1d89e
22140
218bb
1d8a0
1a2ef
1d8a2
26400
21036
2a624
21e71
1a2f3
234b3
1d8a6
2a626
26405
205c2
21d7e
2000f
26033
20896
26034
20897
2a90b
21d80
1e134
20e4e
22324
216d8
1e1e6
1a2ff
217c8
23a60
22418
1e2d7
2abd9
23a63
20e4f
268c0
217ca
2a90d
217cb
20e50
1a307
22326
20e52
2abda
22a5a
21d87
2abdb
2603b
21037
2612a
21038
26407
21400
1a30f
26aa0
225a0
21e79
26408
21e7a
26409
225a1
225a2
2abe0
1a316
26aa3
22c38
26aa4
22c39
1a31a
2a633
268c5
1a3c4
1e964
1e6a2
21e7b
1a4b8
24101
215e9
1a4ba
1b871
1e5af
1a87f
214f6
1a3cc
2241c
20f48
1a3ce
1a964
214f8
1a3d0
214f9
1a3d1
2287c
20c73
2287d
20f4a
27131
1a3d5
1bb45
1f698
1b874
1ac3c
1f1e0
1e3cc
1ac3e
20f4b
1a3da
20f4c
1a3db
1e968
1b1de
1a3dd
1ef0a
1b1e0
1ac44
1e3cd
243d0
1f1e3
1a3e2
234be
1b1e5
27137
234c0
1a3e5
1a3e6
1d7b7
21d8e
21f6d
1a3e9
22697
1df53
23b5e
216db
2acd7
2269a
1df56
1e5b7
21d8f
1e5b8
1a3f0
22423
1e5ba
1a3f2
215ea
24104
22515
1e6a6
1a3f5
2713a
22c3d
1e971
1a3f8
22424
1a3f9
266e3
20f51
1a3fb
266e4
20f53
2acda
22b4e
20f55
1a3ff
22c3f
22517
267d4
2269d
2a453
2269e
26e78
2269f
2acdd
2410a
2251b
1a406
27140
266e7
23b66
2ace0
23b67
1a40b
2ace1
1a40d
27143
1b4a9
1e1e7
1a5a9
216de
1a4be
22054
2112c
1a4c0
1aa56
215ec
1a4c2
215ed
1a4c3
2296e
20d65
2296f
2103e
27223
1a4c7
1bc37
1f78b
1b966
1ad2e
1ed26
1e4be
1ad30
2103f
1a4cc
21040
1a4cd
1ea5a
1b2d0
1a4cf
1effc
1b2d2
1ad36
1e4bf
244c2
1ed29
1a4d4
235b0
1b2d7
27229
235b2
1a4d7
1a4d8
215f1
1d99b
21ab3
1a4db
22789
1e045
236a4
217cd
2a81d
2278c
1e048
1e1ea
21f71
1a4e1
22d2d
22d2e
1e6ac
21e85
1e6ad
1a4e5
22522
1e6af
1a4e7
2722c
22d2f
1ea63
1a4ea
22523
1a4eb
267db
21045
1a4ed
267dc
21047
2a820
22c4a
21049
1a4f1
22d31
2205d
268c6
2278f
2a545
22790
269be
22791
2a823
23c50
22061
1a4f8
27232
267df
236ac
2a826
236ad
1a4fd
2a827
1a4ff
27235
1b59b
1a5ae
1a69b
217d0
1a5b0
22148
21220
1a5b2
1ab48
216e2
1a5b4
216e3
1a5b5
22a60
20e57
22a61
21130
27315
1a5b9
1bd29
1f2d1
1b4ac
1ae20
21131
1a5bc
21132
1a5bd
1eb4b
1b3c0
1a5bf
1eb4c
1b3c2
1a5c1
1f0ee
1b3c4
1ae28
1e5bd
245b4
1ee1c
1a5c6
230f6
1b3c9
2731b
230f8
1a5c9
1a5ca
216e7
1da8d
21ba7
1a5cd
22881
1e137
23796
218bf
2a90f
22884
1e13a
1e1f2
21f79
1e1f3
1a5d4
22068
1e1f5
1a5d6
217d2
23d3c
2214f
1e2de
1a5d9
2731e
22e21
1eb55
1a5dc
22069
1a5dd
268cd
21137
1a5df
268ce
21139
2a912
22d3c
2113b
1a5e3
22e23
22151
2640c
22887
2a637
22888
26ab0
22889
2a915
23d42
22155
1a5ea
27324
268d1
2379e
2a918
2379f
1a5ef
2a919
26ab5
22e27
1b68d
1e3d1
1a78d
218c2
1a6a2
2223a
21312
1a6a4
1a96a
1c3c5
1a6a6
1be1c
1af03
217d4
1a96d
217d5
1a96e
1ef0c
1e6b1
1a970
21abc
1eb59
1a972
1f4b4
1ec40
1af0b
2099e
22429
1e2e2
225ab
1e2e3
1a6b3
21e89
1a6b4
225ae
1ac4a
1e6b2
246a6
1ef0f
1a6b8
231e8
1af0f
2740d
231ea
1a6bb
1a6bc
1da8f
21abe
21c99
1a6bf
22973
1dc7d
23888
219b1
2aa01
22976
1dc80
1e2e4
21abf
1e2e5
1a6c6
2215c
1e2e7
1a6c8
218c4
23e2e
22241
1e3d6
1a6cb
27410
22f13
1ec47
1a6ce
2215d
1a6cf
26413
2122b
1a6d1
26414
2122d
2aa04
22e2e
2122f
1a6d5
22f15
22243
264fe
22979
2a729
2297a
26ba4
2297b
2aa07
23e34
22247
1a6dc
27416
26417
23890
235b9
27417
1a6e1
2aa0b
1a6e3
27419
1b77f
1e4c3
1a885
219b4
1a794
2232c
21404
1a796
1aa5c
1c4b7
1a798
1bf0e
1aff5
1a79a
1efff
1aff7
218c6
1aa61
218c7
1aa62
21bb0
1e785
1aa64
1a7a0
21bb1
1affd
20a90
22528
1e3da
226a9
1e3db
1a7a5
21f7d
1a7a6
226ac
1ad3c
1e1f8
241ec
1f001
1a7aa
232e0
1b001
26f53
232e2
1a7ad
1a7ae
1d6c5
21bb2
21d94
1a7b1
22a65
1dd6f
2397a
21503
2aaf3
22a68
1dd72
1e3dc
21bb3
1e3dd
1a7b8
2224e
1e3df
1a7ba
219b6
23f20
22333
1e4c8
1a7bd
23f23
23006
1ec4e
1a7c0
2224f
1a7c1
26505
2131d
1a7c3
26506
2131f
2aaf6
22f20
21321
1a7c7
23007
22335
265f0
22a6b
2a26f
22a6c
26c96
22a6d
2aaf9
23f26
22339
1a7ce
22983
2aafb
23982
230ff
26f5d
1a7d3
2aafd
1a7d5
26f5f
1b0e5
1e78e
1ab4f
1bffe
1e2e8
1ab51
2703e
1e4c9
21ca1
1b0ea
2233b
1b0eb
1a890
21ca3
1b0ed
1a892
27041
1a894
2113c
2279a
21409
27042
219bc
1ae2c
2206f
1ae2d
26d80
2279f
1e880
1a89b
233d1
1b0f2
242e0
1e882
1a89e
242e2
1b0f5
1d6c6
1d7b9
1a8a2
2242d
1de60
23a6b
215f6
2a35e
225b3
1a8a6
23a6e
225b5
1e792
2233e
1e793
1e4d0
2300e
219c0
1e5c1
21d96
1a8ad
22b53
22b54
1e794
1a8b0
24015
22b56
20e58
22a70
20e59
26ab7
21507
1a8b5
23011
22a72
1a8b7
265f9
22344
1a8b9
2abe9
225b6
2a360
231ed
2abea
231ee
2704c
231ef
1a8be
26d89
22b59
225ba
26d8a
225bb
1a8c2
2704f
265fb
1a8c5
27050
1a8c7
2abf0
1a976
1ec4f
1e6b7
21bb6
1aa6a
246ad
21bb7
1aa6c
1be1d
1e5c4
1ae31
21508
1a97e
1ee20
21509
1a980
1af12
217de
1a982
217df
1a983
2150a
1a984
22e35
1af16
2741c
1a987
1c0f1
1b784
1ee21
1b1ea
1ee22
1a98a
1eb64
1a98b
1ef13
1b788
1a98d
1ef14
1b78a
1a98f
1f4b6
1b78c
1b1f2
1e6b9
2741d
23a77
1a994
1f78e
1b791
2497f
1ef19
1a997
1a998
1dd74
2234b
1ee25
23100
1ee26
1eb67
276e5
21511
27144
22893
1e5d0
2741f
21514
1e5d2
276e7
1ef1a
231f2
1ec53
1a9a4
246b2
21ca8
2410e
22985
26e82
22c50
276e8
246b3
231f6
1a9aa
27424
246b5
2234d
1ef1d
1a9ae
22b5f
21516
1a9b0
231f9
22987
26e85
22b60
1a9b3
22988
26e87
22989
1a9b6
26e88
231fa
246b9
1aa6d
1ab5a
1f002
1e796
2252a
1e1fe
1aa71
2252b
241f5
1ec55
22254
1e3e1
22f25
1e6c3
22f26
1e6c4
277cf
21bbc
1b009
1b875
1ef1e
1b2db
1c790
1e6c5
21bbd
1b878
21bbe
1b879
1aa7e
1f2d3
1b87b
1aa80
22440
1b87d
1aa82
277d3
1aa84
23b68
1b881
26f64
1ea6d
24a70
1f2d5
1aa88
24a72
23b6d
1df57
1aa8b
1e201
21cac
1aa8d
232e5
1f00e
1aa8f
22d40
1aa90
23985
1e206
23c56
1e207
1aa93
26f67
1ec5a
22442
1ec5b
1e6c9
231fe
2104c
22c54
21606
1aa99
22c56
1e6cd
1aa9b
26f69
232e9
1ec5d
1aa9e
277dc
241fc
2252e
27237
22444
21cad
1aaa3
23987
1aaa4
2298f
277de
23988
22d45
26f6d
1aaa9
277e0
1aaab
26f6f
1bb47
1e2f0
1ac4d
217e0
1ab62
1f0f6
217e1
1ab64
1b0f6
21cae
1b0f7
27052
1e4d2
21caf
1b0f9
22350
1b0fa
27054
1ab6b
1c2d5
1f87d
1ba58
1b3ce
1f011
1ab6e
1e79f
1ab6f
1f0f7
1b96c
1ab71
1f0f8
1b96e
1ab73
1f69a
1b970
1b3d6
1e2f3
27055
236af
1ab78
1f3c7
1b975
24b63
1f0fd
1ab7b
1ab7c
21cb3
1e04a
1f014
232ee
1f015
1e7a2
278c9
216f7
27328
22a7d
1e212
27057
216fa
1e214
278cb
1f0fe
233d6
1e88b
1ab88
242ea
21e8c
23d46
225bd
26aba
22e3a
278cc
242eb
233da
1ab8e
2705c
242ed
22535
1f101
1ab92
22d49
216fc
1ab94
233dd
225bf
26abd
22e3c
2705e
22e3d
22a80
22d4b
1ab9a
26ac0
233de
242f1
1ac51
1ad3e
1f1e6
1e97e
22164
1e3e4
1ac55
22165
243d9
1bb49
1f69b
1b4ae
1ac59
1e88d
22076
1e2fe
279b2
1ec5e
1af1d
279b3
1f104
1af1f
279b4
1f1eb
1af21
1ac61
1b1f3
21da2
1b1f4
27146
1e5d3
21da3
1b1f6
22446
1b1f7
27148
1ac68
237a0
1b4b9
2714a
1ec60
24c54
1f4bb
1ac6c
24c56
237a5
1e13b
1ac6f
1e301
21da6
1e302
1ac72
21da7
1e304
225c2
1e305
26baa
225c4
1ac76
26bab
233e4
1e3e7
21e90
1ac79
234c9
1f1f2
1ac7b
22f2a
1ac7c
23b6f
1e3ec
23e3a
1e3ed
1ac7f
2714f
21da8
1e982
1ac82
279c0
243e0
22168
2742b
2207c
21e91
1ac87
23b71
1ac88
27152
22e43
23b72
279c3
23b73
1ac8d
279c4
1ac8f
27155
1bd2b
1e4d4
1ae37
219c4
1ad46
1ed2e
219c5
1ad48
1b00a
1ca65
1ad4a
1c4ba
1b5a1
218d6
1b00d
218d7
1b00e
1f5aa
1e7a5
1b010
2216b
1ed31
1b012
1ad52
2216c
1b5a9
1e985
274fc
218d9
1ad56
2104e
22c5c
2104f
27239
21e96
1b2ea
1e4d7
2723b
23899
1ad5c
1f5ac
1b5ad
2479b
1ed35
1ad5f
1ad60
21e97
1e13e
1f1f8
234d2
1f1f9
1e98a
27501
218dd
26f70
226b5
1e3f8
2723d
218e0
1e3fa
27503
1ed36
235ba
1ea73
1ad6c
244ce
21ad0
23f2a
227a1
26c9e
2301e
27504
244cf
235be
1ad72
27242
244d1
235c0
1f1fa
1ad76
22f33
218e2
1ad78
235c1
227a3
26ca1
22f34
1ad7b
227a4
26ca3
227a5
1ad7e
26ca4
235c2
244d5
1ae3b
1b0fd
1c5ab
1bd2e
1f2d7
1b694
219c8
1b100
219c9
1b101
1f69c
1e897
1b103
2225d
1ed3d
1b105
1fc45
1ee2b
1e215
21f86
1b3d8
2207e
1b3d9
21f87
1b3da
2732b
1ea79
1ae4b
1b69c
2488a
1e5d6
275f0
1ee2d
1ae4f
2398d
1b6a0
275f2
2488f
219cc
1dc84
1ea7a
22260
1ea7b
1e4e7
235c6
21416
23022
219d0
1ae59
23024
1e4eb
1ae5b
27330
1eb6d
22352
1e5d8
245bf
2310c
1e5da
237a6
1e5db
2401d
2289a
27332
2310d
1e5de
275f7
235c9
2310f
1ed40
1ae67
275f9
227a9
1ae69
23111
21f8d
21bc5
2401f
227aa
275fa
1ae6e
24020
1ae6f
24021
1ae71
27338
1ae73
275fd
1af24
1f1fb
1e5df
21bc6
1b018
24c59
1f1fd
1b01a
1c3c9
1af2a
1b3df
1f3cb
1af2c
22080
1eb72
1af2e
1b4be
217f1
1af30
217f2
1af31
21ad6
1af32
233ed
1b4c2
279c8
1af35
1b795
1cc4b
1af37
1c6a0
1bd32
1f3ce
1b798
1f4bf
1e4f1
1b79a
21ad9
1b79b
1fd38
1ef26
1b79d
202e6
1f4c2
1ec65
279c9
24023
1af42
1fd3a
1bd3d
24f2b
1f4c5
1af45
1af46
1f3d1
1af47
27c91
22087
1eb78
23114
1ec67
22173
1e5e3
2742c
21bc9
1af4d
236bd
21add
1af4f
23116
21adf
27c93
236bf
21ae1
1af53
237ae
1f4c8
1af55
23206
1af56
23e3f
1ec6c
246bc
1ec6d
1af59
279cf
22089
1f200
1af5c
27c97
23209
27431
27432
22e49
2320a
279d3
2320b
236c2
279d4
24c64
27435
1b107
1f5ae
1b01d
1ed42
2479e
21cb9
1b10b
247a0
1b021
1f201
234dc
1e98d
2750c
1f202
27d7a
21bcb
1b025
234e0
234e1
1b028
1c791
1be23
1f4ca
1b889
1f204
1b02b
1f4cc
1be26
1b02d
1f205
1b02e
1f5b2
1be29
1b030
1fb54
1be2b
1be2c
2501a
1e7ac
27d80
1f5b6
1b035
24117
1be30
27d82
2501f
1f206
237b6
237b7
21bcf
1e6d3
21cba
1b03c
21bd0
1b03d
2320d
1e6d6
247a3
1f5b9
1e7af
27511
23028
26ca6
232f9
1b043
23f32
1b044
26f74
247a7
1ec75
1b047
2217c
1ec77
26f75
22f3f
1b04a
26f76
237bc
1ed46
1b04d
27517
247a9
2302b
26ca7
23210
1b051
2302c
26f79
2302d
1b054
26f7a
238a6
27d8d
1b10d
1b1fa
1f6a0
1e89d
22357
1e218
1b111
1f6a2
24893
1ea7e
22269
1e4f6
235cf
1e7b5
235d0
1e7b6
27e6d
2226b
1b6a7
1bf13
1f5bc
1b979
1ce30
1e6d7
21cbe
1bf16
1b11d
1f5bf
1bf18
2226d
1bf19
1b120
1f972
1bf1b
1b122
27e71
1b124
23c5a
1bf1f
27602
1f117
2510e
1f974
1b128
25110
23c5f
1e7b9
232fe
1e8a1
22359
1e21b
27064
21daf
1b12e
1f5c0
1b12f
27e75
2226f
1ed4d
1e7bc
238ac
21cc4
1b134
23301
1e7bf
1b136
27604
1ee37
1b138
24897
22447
242f2
22b6f
27067
233f2
27e79
24898
23995
1b13e
27608
2489a
23997
22448
242f5
22b72
2706a
22b73
1b144
2760b
23303
238b1
1b148
23999
27e7f
1b200
1ef29
1e30b
21e9e
1b2ee
24983
1ef2b
1b2f0
1ba59
1c0f5
1fc47
1ba5b
1b208
1e8a9
2235b
1e21e
1b4c9
27f5e
1e8aa
27f5f
1f20a
1b4cc
27f60
1f797
1b4ce
1b210
1ee3b
2311a
1eb80
276f2
1ee3c
27f62
21db3
1b214
2311e
2311f
1f799
1b217
251ff
1ba66
23d4e
1f20d
27f65
23d50
1ba69
1e220
21db4
1e221
1b21e
2399c
217f3
279d6
1ef2c
23a82
217f4
279d7
2244c
1e8af
1b224
22362
1e8b1
27157
22b77
1b227
27158
239a0
1e994
24988
23a85
1e996
2411a
1e997
243e5
22c62
276fa
23a86
1e99a
27f6c
239a1
23a88
1f79f
1b233
2411d
1b234
276fe
233fb
2411e
27f6f
2411f
1b239
27f70
1b23b
27701
1c2d7
1ea80
1b3e5
1f2d9
1b2f4
2253c
1ea82
1b2f6
1b5b6
1d013
1c1e8
1fd3d
1bb4d
1f7a1
1b5b9
1f7a2
1e313
1b5bb
21ea3
1b5bc
1fb56
1ed51
1b5be
20102
1f2de
1bb55
1ec7b
2244f
1e6de
23213
1e99d
23214
1e99e
27aa9
22451
1b896
1ea83
277e7
23e45
1b30a
1fb58
1bb59
24d47
1f2e1
1b30d
1b30e
1f7a4
1b30f
27aad
22453
1e9a0
234e8
1ea85
2253d
1e401
27248
21f93
1b315
23a8f
21ea9
1b317
234ea
21eab
27aaf
23a91
21ead
1b31b
23b76
1f2e4
1b31d
235d4
1b31e
23c61
1ea8a
244d8
1ea8b
1b321
277ed
22455
1f020
1b324
27ab3
235d7
2724d
2724e
22c6b
235d8
277f1
235d9
23a94
277f2
24a80
27251
1b6a8
1bc3e
1f2e6
1b6aa
1cb5a
1e403
21f94
1bc41
1b3ee
1f2e9
1bc43
22540
1bc44
1b3f1
1fc49
1bc46
1b3f3
27b99
1e7c1
22541
1e224
23305
1ea8f
23306
1ea90
27b9b
22543
1b988
1eb81
278d9
23f37
1b3fc
1fc4a
1bc4b
24e39
1f3da
1b3ff
1b400
1f2ea
1b401
27b9f
22545
1ea92
235da
1eb83
2208c
1e4f9
2733a
21ae5
1b407
23b81
21f9b
1b409
235dc
21f9d
27ba1
23b83
21f9f
1b40d
236c6
1f3dd
1b40f
23120
1b410
23d53
1eb88
245ca
1eb89
1b413
278df
22547
1f11b
1b416
27ba5
23123
2733f
27340
22d5d
23124
278e3
23125
236cc
27ba8
1b41e
27343
1b5c1
1ca6a
1b4d1
1f20f
25204
1eb8c
1b5c5
25206
1b4d5
1b98a
1f976
1ea99
2208e
1e226
1b4d9
1f978
25115
1e8b5
22364
1e228
239a5
1e229
1b4de
21dbd
1b4df
239a8
1ba6f
1c2db
1f979
1bd41
1d1fe
1e22a
1f97a
1c2de
22093
1c2df
1b4e6
1f97c
1c2e1
1b4e8
202e9
1c2e3
1b4ea
28239
1b4ec
245ce
1c2e7
27f76
1f4d3
254d6
202eb
1b4f0
254d8
245d3
1ea9e
22094
1ea9f
1e22e
23c68
1f6bf
1e319
1fa72
1b4f7
23d59
1f214
24c66
234ef
27161
1f97e
1eb8f
233fc
1eb90
279d9
1f6c0
1f127
279da
233ff
1b500
279db
23c6d
1f215
2520a
23d5b
1f217
24c68
234f1
27f7b
23d5c
1f21a
28242
2520e
23d5f
23400
28244
1b50c
24c6a
1b50d
24c6b
23c6f
1b510
23d61
28247
1b5c8
1f2ed
1e40b
1fb5b
1b6b6
24d4b
1f2ef
1b6b8
1e31b
21eae
1bb5d
22184
1bb5e
27ab8
1ef39
27ab9
22185
1b5d2
1be32
1c3ce
1fa76
1be34
1d2f0
1e31e
1fa77
1c3d1
22187
1c3d2
1b5d9
1fa79
1c3d4
1b5db
1fe2f
1c3d6
1b5dd
2832b
1fb61
1b5df
255c7
1c3da
246c2
1f5c6
2832d
246c4
1c3dd
1e320
1fa7a
1e321
1b5e6
2218a
1e323
1b5e8
1f2f0
24d4e
22275
1e4fb
244dc
1e4fc
247ad
1eb96
1b5ed
2218b
1b5ee
237c7
1ed5b
24d50
23e4d
1ed5d
247ae
235e3
27abf
23e4e
1ed60
28332
1fa7c
2218c
1b5f7
237c9
1f225
1b5f9
27ac2
23e50
1fb67
1b5fc
27ac4
237cb
244e0
238b7
27ac5
1b601
28338
1b603
27ac7
1c6a1
1ee48
1b7a7
1f3e0
1b6bc
22367
1ee4a
1b6be
1bc4e
1f2f3
1b6c0
1f2f4
1b6c1
23b8a
1eaa2
23b8b
1ed62
28419
1b6c5
1ce31
1c4c0
1fb68
1bf26
1ed63
1b6c8
1ed64
1b6c9
1fb6a
1c4c4
1b6cb
1fc50
1c4c6
1b6cd
201f6
1c4c8
1bf2e
1ee4b
27bad
24207
1b6d2
1ff23
1c4cd
256bb
1fc55
1b6d5
1b6d6
1f2f8
1b6d7
23e55
1f2f9
1b6d9
27baf
1ee4d
23f3c
1e7c6
1b6dc
239aa
1b6dd
245d5
1b6de
2227d
1b6df
238b9
1ec88
1b6e1
23e59
235e8
1ed6a
27bb0
22280
1ed6c
28424
1fc57
1ee50
27bb2
239ac
1b6e9
245d7
1b6ea
27615
24e45
1f3e4
1b6ed
28427
245d8
239af
27bb6
238bc
27617
23e5c
27bb8
24e48
27619
1b897
1c794
1b7ad
1ef3b
24f2e
1e8b8
1b89b
24f30
1b7b1
1cf23
204d3
1c6a4
1ba72
1ee55
1b7b4
1ee56
1b7b5
1fc5c
1c00a
1b7b7
1fd42
1c00c
1b7b9
202ec
1c00e
1ba7a
1e503
21ae8
1bd4c
2236c
1bd4d
27c9e
1f12c
27c9f
2236d
1b7c1
1c010
257aa
1ef3e
28510
1fd46
1b7c5
242fb
1c014
28512
257af
1ee59
23f46
2236f
1ee5a
28513
23f49
1e8b9
2245a
1e5f2
24f33
23218
27436
23a9d
27702
23f4a
1ee5b
239b0
21dbf
27f83
1fc60
22372
1b7d5
239b3
1ee5f
1b7d7
27ca5
1f4d9
1b7d9
24f35
2321a
27706
23a9f
28517
24f36
24033
1b7de
27ca9
24f39
239b4
1b7e1
2321c
27709
2321d
1b7e4
2770a
24036
24f3b
1b89d
1f5c7
1c886
1e9a9
2254a
1e6e2
1b8a1
1f886
25023
1c795
202ed
1c0f8
1b8a5
1e8bd
2245c
1e5f4
28050
1e8be
1bb67
28051
1f2fc
1bb69
28052
1f889
1bb6b
1b8ad
1be3d
1f4dd
1b8af
1f4de
1b8b0
237ce
1ec8a
237cf
1ef4a
28055
1b8b4
243f0
1c103
27d94
1f2fe
252f2
20109
1b8b8
252f4
243f5
1f031
24a82
2330b
26f7d
1e8c0
22460
1e8c1
1e5fa
2403a
1f4e2
1e6e3
1f88e
1b8c1
24121
1fd51
1e9ad
2321e
1e9ae
277f5
1f4e3
1ef4f
277f6
23221
1b8c8
277f7
2403f
1f033
25026
24123
1f035
24a84
2330d
27d99
24124
1f038
2805e
2502a
24127
23222
28060
1b8d4
24a86
1b8d5
24a87
24041
1b8d8
27d9f
2502d
1c887
1fe33
1c1ea
1b997
1e9af
2254e
1e6e6
28142
1e9b0
1bc59
28143
1f3ee
1bc5b
28144
1f982
1bc5d
1b99f
1bf2f
1f5cf
1b9a1
1f5d0
1b9a2
238c0
1e7d0
238c1
1f03c
28147
1b9a6
244e2
1c1f5
27e86
1f3f0
253e4
201fb
1b9aa
253e6
244e7
1eaa3
2209e
1e233
25117
23402
2706e
236db
278e6
1f03d
2412a
22553
1f03e
2814b
2412d
1f897
1eaa5
23310
1eaa6
278e7
1f5d5
1f041
278e8
23313
1b9ba
278e9
24131
1f131
25118
23c73
1f133
24b76
23405
27e8b
23c74
1f136
28150
2511c
23c77
23314
28152
1b9c6
24b78
1b9c7
24b79
1b9c9
27e90
1b9cb
28155
1ba7c
1fd53
1e326
1fd54
1bb70
257b1
1fd55
1bb72
1cf25
1f6c8
1bf37
1f6c9
1ba84
1f046
1f6ca
1ba86
1c016
1fc64
1c017
2851e
1e50a
1fc65
1c019
22377
1c01a
28520
1ba8d
1c2ed
1d7ba
1cf28
204d4
1c88c
1f6cd
1c2f0
1f6ce
1c2f1
2001b
1f049
1c2f3
2089c
1fa7e
1c2f5
20e5a
2001e
1f7bd
28521
24b7b
1ba9a
2089e
1c897
25a83
20021
1ba9d
1ba9e
1f6cf
1ba9f
24213
1f6d0
1baa1
220a0
1baa2
23c7b
1f6d3
287ea
24215
1f6d5
1baa6
1f7bf
257b4
1f13b
1e7db
1baa9
23d6c
1baaa
24997
1baab
287ec
239b9
1baad
24219
20023
1f7c2
28526
23d6e
1bab1
24999
1bab2
27f89
257b9
1fd58
1bab5
287ef
1bab7
2852a
23d70
23aad
27f8b
2421a
2852c
257bc
27f8d
1bc5f
1cb5e
1bb75
1f229
252f6
1e9b8
1bc63
252f8
1bb79
1f7c7
1bb7a
24043
1c10a
1f4e4
1bb7c
1f4e5
1bb7d
24046
24047
1bb80
1d2f1
1c97d
20026
1c3e1
1f13d
1bb83
1e8cb
1bb84
20028
1c981
1bb86
2010e
1c983
1bb88
206b8
1c985
1c986
25b72
1f304
288d8
20112
1bb8d
24c6f
1c98a
288da
25b77
1f140
2430e
1f141
1e8ce
288db
1f7cd
2833a
23aaf
1e333
28069
1f7d0
1e335
288dd
1f22c
243f6
1e9ba
1bb9a
2806b
23b9a
277fe
23e5f
27acc
24314
22193
2833b
20115
1f308
2806c
23e60
1bba2
24a8b
1bba3
27acf
252ff
1f7d2
1bba6
2806f
25301
23d76
1bba9
23b9e
27ad1
23b9f
1bbac
27ad2
243fe
25303
1bc65
1bd52
201fc
1eaa9
201fd
1e50d
1bc69
201fe
253eb
1e9bb
289c4
1f30e
1bc6d
1f04d
24136
1f04e
28157
1f8a1
1c1ff
1ca6d
1bc72
1d3e4
209a1
1e41e
1f8a2
1ca70
1f8a3
1ca71
1bc76
2011b
1ca73
1bc78
204d6
1ca75
1bc7a
289c9
1bc7c
247b2
1ca79
2815a
1fc6f
25c66
204d8
1bc80
25c68
247b7
1e9c0
2011c
1e9c1
1e422
24402
1ed71
23e64
1f314
1bc87
23e66
1e426
1bc89
2815c
1eaab
20206
1e50f
253ed
24405
1f3fa
24e4a
236e1
278f1
22285
2842d
24406
1f8a7
1f3fb
253ee
244eb
1f3fd
24e4c
236e3
2815f
244ec
1f400
289d2
253f2
244ef
236e4
27bc2
236e5
1bc9c
23ba5
289d5
24409
1bca0
244f1
289d7
1bd58
1fa81
1e5fe
1fa82
1be46
254db
1fa83
1be48
1c5b3
1cc51
207ab
1c5b5
1bd60
1eaad
2020b
1e511
28ab6
1ed76
1c022
28ab7
1fd62
1c024
28ab8
202f3
1c026
1bd68
1f143
23c80
1f144
2824a
1eab0
28aba
1f404
1bd6c
23c84
23c85
202f5
1bd6f
25d57
1c5c0
248a6
1fd65
28abd
248a8
1c5c3
1e514
1f996
1e515
1bd76
1f997
1e517
236e6
1e518
27cae
236e8
1bd7a
27caf
244f6
1e600
1fa84
1bd7d
245db
1f998
1ec8b
24c72
1ec8c
24f3d
1ed7a
1bd82
23f5f
1f40c
1bd84
245dc
202fa
1bd86
24c74
1f4f0
24f3f
1f4f1
1bd89
28254
245e0
202fb
1bd8c
236eb
28ac6
24c76
2404d
28257
1bd91
28ac8
1bd93
28259
1ce33
1f5d8
1bf3d
1f5d9
1be4c
1ef56
1f5da
1be4e
1c10e
1db82
1cd44
208a1
1c6a7
1f4f3
1c111
1f4f4
1c112
202fe
1ee6b
1c114
206ba
1f8a9
1c116
20c76
1fe3a
1c6af
1eba1
22194
1e337
23d79
1e604
23d7a
1e605
28601
1fa8b
1c3ee
1f5db
2833f
2499d
1be62
206bc
1c6b3
2589f
1fe3d
1be65
1be66
1f4f7
1be67
245e5
1f4f8
1be69
2246a
1be6a
2404f
1f4fb
28606
245e7
1f4fd
1be6e
1f5dd
255d0
1ef59
1e7dc
247b8
1e7dd
2502f
1eba7
1be73
28608
237db
1be75
245eb
1fe3f
1f5e0
28344
2413c
1be79
247bb
1be7a
27da5
255d5
1fb78
1be7d
2860b
1be7f
28348
2413e
28349
2413f
245ec
2834a
255d8
27da9
1c200
1c798
1fe42
1c202
1d6c9
1e6f4
1fb79
1c79b
1fb7a
1c79c
1bf47
1fe45
1c79e
1bf49
207ad
1c7a0
1bf4b
286f1
1ec93
22286
1e429
23e6b
1e6f6
23e6c
1e6f7
286f3
1fb7d
1c4e0
1f6d9
28431
24a8f
1bf54
207ae
1c7a5
25991
1ff36
1bf57
1bf58
1f6db
256c2
1f050
1e6f8
1fb7e
1e6f9
1bf5c
1fb7f
1e6fb
238ca
1e6fc
27e92
238cc
1bf60
27e93
246da
1e8d0
248aa
1e8d1
25121
1ec99
1bf65
286fa
238cd
1bf67
246dd
1ff38
1f6de
28436
23c88
1bf6b
248ad
1bf6c
27e97
256c7
1fc73
1bf6f
286fd
27e98
238cf
23c8a
2843b
23c8b
24224
256cb
1bf76
27e9b
1c119
1d5ca
1c029
1f6e3
25d5c
1ee70
1c11d
25d5e
1c02d
1c4e2
204da
1ed7d
204db
1e7e1
1c031
204dc
25c6d
1eab6
20214
1e51d
244fd
1e7e2
244fe
1e7e3
28d8d
20216
1c5c9
1ce37
1c03a
1d7bd
21326
1e7e4
20217
1ce3a
20218
1ce3b
1c03e
204e0
1ce3d
1c040
20e5d
1ce3f
1c042
28d91
1c044
25126
1ce43
28ace
2002f
26040
20e5f
1c048
26042
2512b
1e7e6
24226
1f6e6
287f5
1f5f6
247be
1f5f7
1ed86
28d95
23f64
1e7eb
28acf
1fc80
1e7ed
28d97
1f6e7
248b0
1ee72
1c055
28ad1
24054
27cb8
24319
28533
247c4
2021c
1fd6d
25d62
248b3
1fd6f
257c0
24057
28ad3
248b4
1fd72
28d9a
25d66
248b7
23f66
28d9c
1c064
257c2
1c065
257c3
247c7
1c068
248b9
28d9f
1c120
1fe49
1e9c4
1fe4a
1c20e
258a3
1fe4b
1c210
1e60e
1fa90
1c6b7
1fa91
1c6b8
2030a
1c6b9
28611
1ee75
1c12a
1c98c
1de69
1c12c
1d8af
1cf2b
1fd75
1c98f
1fd76
1c990
206c1
1f6eb
1c992
209a2
20120
1c994
20f5e
206c4
1cf33
206c5
1c137
26131
1cf36
2521a
20122
28e85
2521c
1cf39
1e338
2405a
1e339
28076
1ee78
205de
1ee79
1e8dd
248bc
1fd7a
1c142
24321
1e8e0
1c144
28616
1ef65
206c8
1e9c7
258a7
248bf
1f8b2
25304
24147
27dab
205df
1f8b3
258a8
249a5
1f8b5
25306
24149
28619
249a6
1f8b8
28e8c
205e0
249a8
206cb
1c154
2861c
24323
25038
28e8f
25039
1c159
28e90
1c15b
2861f
1d201
1f9a0
1c2ff
1f9a1
1c214
1f31c
1f9a2
1c216
1c7a8
1f5f9
1c218
1f5fa
1c219
1f8b9
1c21a
246e3
1c7ac
28704
1c21d
1d9a0
20f5f
1d112
1ca80
1f7db
1c220
1ef6b
1c221
206ce
1d020
1c223
207b4
1d022
1c225
20d6a
1d024
1ca88
1f9a3
28705
24d5f
1c22a
20a97
1d029
26225
207b9
1c22d
1c22e
1f8bd
1c22f
24411
1e9cd
1fe54
1e9ce
1c232
1fe55
1e9d0
28169
2414f
1c235
2816a
249b0
1eaba
1ff3e
1c238
24a95
1fe56
1f145
2512c
1f146
253f7
1f7e0
1c23d
249b3
207bb
1f9a8
2870a
24504
1c241
2512f
1c242
2816d
2599d
1ff40
1c245
28f7f
25130
28f80
25131
24414
1c249
249b4
28710
259a0
28171
1c3ef
1d2f4
1c305
1f40f
25a86
1f148
1c3f3
25a88
1c309
1da92
21051
1d204
1c5cc
1f321
1c30c
1f05a
1c30d
207c0
1cb66
1c30f
208a6
1cb68
1c311
20e60
1cb6a
1c5d4
1e248
1fc83
1c8a6
1fc84
1c8a7
1ff44
1c8a8
287f7
1f05d
1c319
1cb6c
26314
1fa96
29068
208aa
1c31d
24e53
1cb70
2906a
26319
1f411
28ada
23c93
1c322
1f9b2
1c323
24a9f
1f9b3
1c325
2450a
1f9b5
2906c
24aa1
1f9b7
1c329
1fa97
25a8a
1f414
1f061
1c32c
245f4
1c32d
2521f
1c32e
2906e
207c4
20035
1c331
25a8d
23d80
2825e
245f7
2906f
25a8e
24b8b
1c336
28801
25a91
2450c
1c339
23d82
28261
23d83
1c33c
28262
24b8e
25a93
1c3f5
1c4e8
203e8
1f239
203e9
1ec9d
1c3f9
203ea
25b7b
1d2f5
20e61
1cc54
1c3fd
1f14b
208b1
1ebaf
28ba8
1f416
1c6c1
28ba9
1fe58
1c6c3
28baa
203ed
1c6c5
1c405
1c997
1f7e1
1c407
1f7e2
1c408
1faa1
1c409
24327
1c99b
288ea
1c40c
24f48
1cc5f
288ec
1fe5a
25e5c
20c7d
1c410
25e5e
24f4d
1ebb2
245fa
1f504
28621
1f418
24b90
1f419
1f152
28bb1
23d86
1ebb7
288ed
1faa8
1ebb9
28bb3
1f505
24c78
1f23c
1c41d
246e6
1c41e
24d65
1c41f
288ef
24b96
2003f
1fb8b
25b7e
24c7b
1fb8d
255dc
23e73
288f1
24c7c
1fb90
28bb6
25b82
24c7f
23d88
245ff
1c42c
255de
24d69
28bb9
24b99
1c430
24c81
28bbb
1c4ee
1d6ca
21235
1d3e8
1c7b1
1f507
1c4f1
1f23e
1c4f2
203f8
1cd4b
1c4f4
204e5
1cd4d
1c4f6
20a99
1cd4f
1ca89
1f327
1c4f9
1f328
1c4fa
1fb93
1c4fb
24419
1ca8d
289dc
1c4fe
2503a
1cd51
289de
1ff4c
25f4e
20d6f
1c502
25f50
2503f
1eca4
246ec
1f5fc
28713
1f5fd
247c8
1ed8b
1c508
1fb96
1c509
24c83
1fb97
1c50b
246ee
1fb99
28ca4
24c85
1fb9b
1c50f
24232
1c510
24e57
1c511
289e1
24c88
20131
1fc89
25c70
247cb
1fc8b
256ce
23f6b
289e3
247cc
1fc8e
28ca8
25c74
247cf
23e7a
28caa
1c51e
256d0
1c51f
256d1
1c521
289e8
1c523
28cad
1c5d6
208b7
1ee7e
208b8
1c6ca
2631b
208b9
1c6cc
1da94
20224
1ca91
20225
1c5de
1fb9e
20226
1c5e0
1cb72
1f9b9
1c5e2
1f9ba
1c5e3
20227
1c5e4
24aab
1cb76
29078
1c5e7
1f32e
20a9d
1ed91
2933a
1fba0
1ce4b
2933b
205e1
1ce4d
2933c
20b91
1ce4f
1c5ef
1d3f2
265fc
2031a
2933e
20b94
1c5f3
256d5
1d3f6
29340
26601
1fc91
28da0
2450f
1c5f8
2022c
1c5f9
24d6b
2022d
1c5fb
247d4
2022f
29342
24d6d
20231
1c5ff
2031b
2631e
1fc94
1f333
1c602
248c4
1c603
254ef
1c604
29344
20aa2
208bb
1c607
26321
24602
28ae0
248c7
29345
26322
24e61
1c60c
29081
26325
247d6
28ae2
24604
1c611
25d6f
1c612
28ae4
24e64
26327
1c6cd
1c7ba
20c7e
1f50f
20c7f
1ef71
1c6d1
20c80
25e63
1f154
208bd
1ebbb
24b9b
1ee82
24b9c
1ee83
2942b
208bf
1cc69
1d4db
20325
1cf3b
20326
1cf3c
20c81
1fc97
1cf3e
20f60
206d4
1cf40
2151f
20c84
1d4e3
20c85
1c6e3
266ef
1d4e6
257c6
206d6
29431
257c8
1d4e9
1e8e4
24606
1e8e5
28622
1f424
20b9d
1f425
1ee89
24e68
2032a
1c6ee
248cd
1ee8c
1c6f0
28bc2
1f511
20c88
1ef73
25e65
24e6b
1fe62
258b0
246f3
28357
20b9e
1fe63
25e66
24f51
1fe65
258b2
246f5
28bc5
24f52
1fe68
29438
20b9f
24f54
20c8b
1c700
28bc8
248cf
255e4
2943b
255e5
1c705
2943c
1c707
28bcb
1d7be
1ff50
1c8ad
1ff51
1c7c2
1f8c8
1ff52
1c7c4
1cd56
1fba5
1c7c6
1fba6
1c7c7
1fe69
1c7c8
24c8f
1cd5a
28cb0
1c7cb
1f516
20c8c
1ef77
2951e
1fd88
1d02f
2951f
207d1
1d031
29520
20d75
1d033
1c7d3
1d5d6
267e0
1ff54
29522
20d78
1c7d7
2530d
1d5da
29524
267e5
1f8c9
28f84
246f9
1c7dc
1fe6e
1c7dd
24f59
1fe6f
1c7df
249be
1fe71
29526
24f5b
1fe73
1c7e3
1ff55
25f56
1f8cc
1f51b
1c7e6
24aae
1c7e7
256d9
1c7e8
29528
20c91
204f3
1c7eb
25f59
2423a
28718
24ab1
29529
25f5a
25045
1c7f0
28cb9
25f5d
24ab2
2423d
2871a
246fc
249c1
1c7f6
2871c
25048
25f5f
1c8b1
1c99e
20e62
1f6f3
20e63
1f157
1c8b5
20e64
26047
1f068
204f5
1d114
204f6
1d115
1c8ba
20d80
1d117
1c8bc
21146
1d119
1c8be
29611
1c8c0
1f607
247d8
1ed9b
28da2
1f608
29612
1ff60
1c8c4
247dc
247dd
20e69
1c8c7
268d3
1d11e
253fe
208c9
29615
25400
1d121
1eaca
2423e
1eacb
28806
1f60a
20d81
1f60b
1f06f
2504c
1ff64
1c8d2
24ab7
1f072
1c8d4
28da8
1f6f5
20e6c
1f159
26049
2504f
20048
25a94
2432b
2853b
20d82
1ff68
1c8dc
25134
20e6e
1c8de
257cc
2004c
25a97
2004d
1c8e1
28dac
25138
20e6f
1c8e4
24243
2961e
257ce
24ba5
28daf
1c8e9
29620
1c8eb
28db1
1d9a2
20134
1ca97
20135
1c9a6
1faae
20136
1c9a8
1cc6a
1f9c1
1c9aa
1f6f8
1c9ab
209ab
1d208
1c9ad
209ac
1d20a
1c9af
20f64
1d20c
1cc72
1e8e6
2032f
1cf44
20330
1cf45
205ee
1cf46
28e95
1f6fb
1c9b7
1d20e
26418
20138
2915a
209b0
1c9bb
254f7
1d212
2915c
2641d
1faaf
28bcc
24331
1c9c0
20054
1c9c1
2513d
20055
1c9c3
24ba8
20057
2915e
2513f
20059
1c9c7
20139
2613a
1fab2
1f334
25310
1f335
25b87
1f6ff
1c9cc
29160
20e75
206db
1c9cf
2613d
2441e
288fc
24c95
29161
2613e
25229
1c9d4
28e9f
26141
24baa
288fe
24420
1c9d9
25b8b
1c9da
28900
2522c
26143
1ca9b
1f7e9
209b6
1f24d
29246
1fab4
1cd5f
29247
204fe
1cd61
29248
20aa5
1cd63
1caa3
1d035
1f8d3
1caa5
1f8d4
1caa6
20143
1caa7
249c5
1d039
28f88
1caaa
255e6
1d301
28f8a
20500
2650c
2132c
1caae
2650e
255eb
1f250
24c98
1fba8
28cbf
1fba9
24d74
1f337
1cab4
20146
1cab5
2522f
20147
1cab7
24c9a
20149
29250
25231
2014b
1cabb
247de
1cabc
25403
1cabd
28f8d
25234
206e5
20239
2622e
24d77
2023b
25c7a
24517
28f8f
24d78
2023e
29254
26232
24d7b
24426
29256
1caca
25c7c
1cacb
25c7d
1cacd
28f94
1cacf
29259
1cb82
20e76
1f42a
20e77
1cc76
268d9
20e78
1cc78
1e04f
207d8
1d03d
207d9
1cb8a
2014e
207da
1cb8c
1d122
1ff69
1cb8e
1ff6a
1cb8f
207db
1cb90
25057
1d126
29624
1cb93
1f8da
2105a
1f33d
298e6
20150
1d3fb
298e7
20ba0
1d3fd
298e8
2114e
1d3ff
1cb9b
1d9ad
25c7e
208ce
298ea
21151
1cb9f
227af
1d9b1
298ec
25c83
20241
2934c
24abb
1cba4
207e0
1cba5
25317
207e1
1cba7
24d80
207e3
298ee
25319
207e5
1cbab
208cf
268dc
20244
1f8df
1cbae
24e70
1cbaf
25a9b
1cbb0
298f0
2105f
20e7a
1cbb3
268df
24bae
2908c
24e73
298f1
268e0
2540d
1cbb8
2962d
268e3
24d82
1cbbb
24bb0
2908f
24bb1
1cbbe
29090
25410
268e5
1cc79
1cd66
2123b
1fabb
2123c
1f51d
1cc7d
2123d
26421
1f700
20e7c
1f167
25147
1f42e
25148
1f42f
299d7
20e7e
1d219
1da96
208d9
1d4eb
208da
1d4ec
2123e
20247
1d4ee
21520
20c93
1d4f0
21aea
21241
1da9e
21242
1cc8f
25d71
1daa1
228a0
20c95
299dd
228a2
1daa4
1ee90
24bb2
1ee91
28bce
1f9d0
2115a
1f9d1
1f435
25414
208de
1cc9a
24e79
1f438
1cc9c
2916e
1fabd
21245
1f51f
26423
25417
20416
25e6e
24c9f
28903
2115b
20417
26424
254fd
20419
25e70
24ca1
29171
254fe
2041c
299e4
2115c
25500
21248
1ccac
29174
24e7b
25b90
299e7
25b91
1ccb1
299e8
1ccb3
29177
1dd79
20504
1ce59
20505
1cd6e
1fe78
20506
1cd70
1d306
20155
1cd72
20156
1cd73
2041d
1cd74
2523b
1d30a
2925c
1cd77
1fac2
21249
1f523
29aca
20338
1d5df
29acb
20d90
1d5e1
29acc
21332
1d5e3
1cd7f
1db91
258b6
20508
29ace
21335
1cd83
22993
1db95
29ad0
258bb
1fe79
29530
24ca5
1cd88
20422
1cd89
25505
20423
1cd8b
24f6a
20425
29ad2
25507
20427
1cd8f
20509
26514
1fe7c
1fac7
1cd92
2505a
1cd93
25c85
1cd94
29ad4
2124e
20ab2
1cd97
26517
247e6
28cc4
2505d
29ad5
26518
255f1
1cd9c
29265
2651b
2505e
247e9
28cc6
24ca8
24f6d
1cda2
28cc8
255f4
2651d
1ce5d
1cf4a
2141f
1fc9f
21420
1f703
1ce61
21421
26605
1f614
20ab4
1d6cf
20ab5
1d6d0
1ce66
2133d
1d6d2
1ce68
21706
1d6d4
1ce6a
29bbd
1ce6c
1fbb3
24d84
1f347
2934e
1fbb4
29bbe
20514
1ce70
24d88
24d89
21426
1ce73
259a9
1d6d9
22a84
20e88
29bc1
22a86
1d6dc
1f076
247ea
1f077
28db2
1fbb6
2133e
1fbb7
1f61b
255f8
20518
1ce7e
25063
1f61e
1ce80
29354
1fca1
21429
1f705
26607
255fb
205fc
26052
248d7
28ae7
2133f
2051c
1ce88
256e0
2142b
1ce8a
25d78
20600
26055
20601
1ce8d
29358
256e4
2142c
1ce90
2935a
25065
25d7a
29bcb
25d7b
1ce95
29bcc
1ce97
2935d
1df5d
206e8
1d043
206e9
1cf52
2005e
206ea
1cf54
1d21a
1d7c1
20603
1d21c
20604
1d21d
2142e
1ff73
1d21f
217f7
209cc
1d221
21dc0
20f6b
1ee92
208e3
1d4f4
208e4
1d4f5
20bad
1d4f6
29441
1fca7
1cf63
1d7c9
25aa0
206ec
29706
20f6d
1cf67
225cb
1d7cd
29708
25aa5
2005f
29178
248dd
1cf6c
20608
1cf6d
256e9
20609
1cf6f
25154
2060b
2970a
256eb
2060d
1cf73
206ed
266f8
20062
1f8e0
258bc
1f8e1
26145
1fcab
1cf78
2970c
21432
20c9a
1cf7b
266fb
249ca
28ea8
25241
2970d
266fc
257d5
1cf80
2944b
266ff
25156
1cf83
249cc
28eab
249cd
1cf86
28eac
257d8
26701
1d047
1d30d
20063
1d049
1fd96
1d04a
20f74
1d8b6
1d04c
21061
1d8b8
1d04e
21616
1d8ba
1d5e5
1fe83
1d051
1fe84
1d052
206f7
1d053
24f71
1d5e9
29534
1d056
226ba
1d8bc
29536
20abf
25b94
218ec
1d05a
25b96
226bf
1f7fc
25244
20158
2926b
20159
25320
1f8e3
1d060
206fa
1d061
257db
206fb
1d063
25246
206fd
297fc
257dd
206ff
1d067
24d8a
1d068
259af
1d069
29539
257e0
20ca4
207ed
267ec
25323
207ef
26238
24ac3
2953b
25324
207f2
29800
267f0
25327
249d2
29802
1d076
2623a
1d077
2623b
1d079
29540
1d07b
29805
1ff77
21709
1f9d7
1d133
2170a
22a8b
1fe85
21617
1f8e5
1d137
21618
22999
1fbba
21343
1f621
25601
1f8e6
25602
1f8e7
29e95
21345
1d6e2
1df5f
20d9b
1d9b4
20d9c
1d9b5
2170b
20705
1d9b7
21fa5
2115e
1d9b9
2255e
2170e
1df67
2170f
1d149
2623d
1df6a
22d60
21160
29e9b
22d62
1df6d
1f34a
25066
1f34b
29634
1fe8c
2161c
1fe8d
1f8ed
258c4
20da0
1d154
2532d
1f8f0
1d156
29bd4
1ff79
21712
1f9d9
259b5
258c7
20e8e
268e6
25159
28dbd
2161d
20da4
1d15e
22a8e
21714
1d160
29638
259b9
20e93
268e8
2515b
29bd8
22a92
21715
1d166
22a95
29ea4
2963b
2506b
25420
29bdc
25421
258ca
29bdd
1fac8
20f79
1d316
225cf
20f7a
1d318
1f712
20bb3
1d7d0
20bb4
1d7d1
21439
1d7d2
29715
1ff7d
1d230
1daa5
1e052
20e97
1daa7
20e98
1daa8
217fd
207fb
1daaa
21aeb
21250
1daac
220a4
21800
209d1
29717
22e51
1d23c
21aed
1e05d
26331
21803
1d23f
1d240
20e99
1d241
25423
1f9df
2143d
1f9e0
1d244
2143e
1f9e2
2917b
25161
1d247
2917c
259c2
1faca
20f7b
1d24a
225d3
2143f
2015b
2614a
2015c
2642d
207fe
1d24f
225d4
21806
1d251
2917e
25aab
209d9
2642e
2524d
2971e
21440
20f7d
1d257
29f95
29180
225db
25426
1d25b
2524e
29182
2524f
1d25e
29183
1d407
20ac3
1d31a
2042c
20ac4
1d31c
1d8c1
20709
1d31e
2070a
1d31f
209db
1d320
257e7
1d8c5
29808
1d323
20072
21808
1facf
2a07a
208ec
1db9a
2a07b
2134c
1db9c
2a07c
218f1
1db9e
1d32b
1e14c
25e74
20ac6
2a07e
218f4
1d32f
22f45
1e150
2a080
25e79
2042d
29adc
25251
1d334
209e0
1d335
25ab1
209e1
1d337
25516
209e3
2a082
25ab3
209e5
1d33b
20ac7
25b98
20430
20077
1d33e
25606
1d33f
26243
1d340
2a084
2180d
2106e
1d343
25b9b
226c8
20acc
2a085
25608
1d347
26245
1d348
29811
25b9f
25ba0
1d34b
24d94
29273
24d95
1d34e
29814
25519
25ab9
1d40b
2051f
227b2
20250
1d4fb
227b4
1d40f
20161
218fa
1fbc1
2a16a
20432
1d6e6
2a16b
21441
1d6e8
2a16c
219e3
1d6ea
1d417
1d9bc
207ff
1d419
20800
1d41a
20ad1
1d41b
25333
1d9c0
298fc
1d41e
23034
1dc93
298fe
21443
25f68
21cd3
1d422
25f6a
23039
1fbc4
2560c
20522
29bdf
20434
25ba2
20435
20168
2a173
24d98
1fbc9
298ff
20ad8
1fbcb
2a175
20523
227b6
20252
1d42f
29901
24e82
29092
256f9
29361
25ba8
21078
20bbb
25c8c
227b9
20bbd
1d437
29903
24e84
29363
256fb
2a178
25c90
227bd
227be
25c93
1d43e
29907
25611
26338
2a17c
26339
1d443
2a17d
20341
21525
1fda1
1d4ff
21526
228a7
1fcb2
21166
1dd7c
21167
1dd7d
1d504
219ee
1dd7f
1d506
21dc3
1dd81
1d508
29cb3
1d50a
20255
25428
1f9e7
299ec
20256
29cb4
20bc4
1d50e
2542c
2542d
2152b
1d511
2605f
1dd86
22b7c
20f8a
29cb7
22b7e
1dd89
1f714
24e88
1f715
29450
20258
219ef
20259
1fcb9
25c96
20bc8
1d51c
25701
1fcbc
1d51e
299f2
20343
2152e
1fda3
25d7d
24f74
28bd8
257eb
29453
25c99
219f0
20bcc
1d526
228aa
21530
1d528
29454
25d81
20cb1
26704
24f77
299f6
228ae
21531
1d52e
228b1
29cc0
29457
24e8d
257ee
299fa
257ef
25c9c
299fb
1de6d
20cb3
1d8c8
20cb4
1d8c9
2161f
20619
1d8cb
21eb4
2107a
1d8cd
2246c
21622
1de75
1fad8
2125a
1f531
2551b
1fda6
2551c
1fda7
29da7
2125c
1dba5
20da7
29ae1
22c6d
1d604
21eb6
1de79
26153
21625
1d607
1d608
20cb7
1d609
257f1
1f8f4
21350
1d60b
2299b
2034a
21535
2034b
1fdab
25d88
20cba
1d610
257f3
1fdae
1d612
29ae4
20daa
267f4
2506d
28ccb
2125f
2061c
1d617
25d8d
21627
20dac
29ae6
258d0
2299f
1d61c
25f6e
20db0
267f7
21352
1d61f
29db1
1d621
29aea
257f4
1d623
25070
2954a
25071
1d626
2954b
1d7de
21445
1d6ed
20db2
21446
1d6ef
1dba6
21353
1d6f1
20cc0
21354
1d6f3
1dc98
20adb
1d6f5
20adc
1d6f6
21355
1d6f7
25baf
1dc9c
2a180
1d6fa
21357
1d6fb
258d7
1fe99
21905
1fe9a
1d6fe
21906
1fe9c
29be1
25615
1d701
29be2
25e84
1ff88
219f4
1d704
2303f
21907
2061d
259c8
2061e
26617
20cc3
1d709
25e87
21cd7
2144a
2a184
25706
1d70d
259cb
1d70e
29be5
25f77
219f6
1d711
2a45c
259cc
2a45d
259cd
25f7a
29be7
25616
2a45f
1d718
29be9
1d8d0
20f8b
1d7e3
20ea4
20f8c
1d7e5
1dd8a
20bcd
1d7e7
20bce
1d7e8
2144f
1d7e9
25ca1
1dd8e
29cc6
1d7ec
21451
1d7ed
259cf
1ff8d
219fa
1ff8e
1d7f0
219fb
1ff90
29727
2570d
1d7f3
29728
25f80
2007a
2153a
1d7f6
22b85
219fc
2070f
25aba
20710
26709
20db9
1d7fb
22b86
21dca
1d7fd
25abc
20f92
2670b
20f93
1d800
29ccc
219fd
2153c
1d803
2a54e
25abe
2a54f
25abf
2606c
2972d
2570e
259d3
1d80a
2972f
1d9c2
2107f
1d8d5
209ea
21080
1d8d7
1de7c
20cc4
1d8d9
20cc5
1d8da
20f95
1d8db
25d93
1de80
29db8
1d8de
20f97
1d8df
25ac1
2007f
21540
20080
1d8e2
21541
20082
29819
257ff
1d8e5
2981a
26072
2016e
2162c
1d8e8
22c77
21542
20801
25bb2
20802
267fb
20eab
1d8ed
26075
21ebb
21084
29dbc
2533e
1d8f1
25bb5
1d8f2
2981d
2615b
2162e
1d8f5
2a640
25bb6
2a641
25bb7
2615e
1d8f9
25800
25ac5
1d8fc
29821
1dab4
21171
1d9c7
20ade
21172
1d9c9
1df6e
20dba
1d9cb
20dbb
1d9cc
21089
1d9cd
258df
1df72
29eac
1d9d0
2108b
1d9d1
25bb9
20173
21632
20174
1d9d4
21633
20176
2990b
25345
1d9d7
2990c
26164
20260
2171e
1d9da
22d69
21634
208f3
25ca4
208f4
268ed
209f1
1d9df
26167
21fad
21176
29eb0
25430
1d9e3
25ca7
1d9e4
2990f
2624d
21720
1d9e7
2a732
25ca8
2a733
25ca9
26250
1d9eb
25346
2a735
1d9ee
29913
1dbaa
21263
1dab9
20bd0
21264
1dabb
1e060
20eac
1dabd
20ead
1dabe
2117b
1dabf
259d7
1e064
29f9e
1dac2
2117d
1dac3
25cab
20265
21724
20266
1dac6
21725
20268
299fd
25437
1dac9
299fe
26256
20352
21810
1dacc
22e5b
21266
26432
228b3
29185
21726
20ae5
1dad1
26259
21af3
21268
29fa2
25522
1dad5
25d99
1dad6
29a01
2633f
21812
1dad9
2a278
25d9a
2a279
25d9b
26342
29a03
25438
2a27b
1dae0
29a05
1e152
209f2
1dbaf
209f3
1dbb0
2126d
1dbb1
25ac9
1e156
2a090
1dbb4
2126f
1dbb5
25d9d
1fea2
21909
1dbb7
22f4d
208fc
21af6
208fd
20359
26346
21272
1dbbc
25d9f
2035c
1dbbe
2a092
21362
26524
229a5
29277
21818
20bd7
1dbc3
2634b
21be8
21364
2a094
2561a
1dbc7
258e5
1dbc8
29af3
25e8f
2190b
1dbcb
2a36a
258e6
2a36b
258e7
25e92
29af5
2552a
2a36d
1dbd2
29af7
1dd90
219fe
1dc9f
2136a
219ff
1dca1
1e158
2190c
1dca3
21278
2190d
1dca5
1fea4
25bbe
1fea5
2a18e
209f6
22199
209f7
2044b
2643a
21911
1dcac
25e97
2044e
1dcae
2a738
20ae8
2228b
2053b
2652b
2643d
21a01
25f86
227c7
29915
2219a
21915
1dcb6
235f2
2228d
1dcb8
25cb2
21a05
25f89
21a06
1dcbb
2a73c
235f6
2228e
1dcbe
25f8a
1dcbf
25f8b
2a195
235f9
25e98
1dcc3
26440
2a741
2062a
21af9
1de83
23133
21afa
1de85
2053c
25f8c
2145e
2a554
2136f
26534
21370
20aec
2ab01
25cb8
20541
2a27d
21a0d
20543
2ab03
2145f
23136
20bdd
1dda3
2a27f
228b8
29a06
22b8f
29cd7
2653a
21afc
1dda8
2661f
228ba
29cd8
22b91
2ab05
26620
2313b
1ddad
2653b
26622
2313d
228bc
29cda
228bd
1ddb2
2313f
2ab09
29cdc
25cbb
1ddb7
2ab0b
20ccc
2246d
2071d
1de88
2246e
23227
20fa3
2a645
25da9
1de8c
2154f
1de8d
26627
21550
1de8f
26080
21552
2abf4
26629
21554
1de93
21638
2670e
20fa6
20be1
1de96
22c80
1de97
258e9
1de98
2abf6
22383
21bee
1de9b
26711
229ac
29dca
22c83
2abf7
26712
2322d
1dea0
2a375
26715
22c84
2a376
22c85
23230
2abfb
1dea6
2a378
26083
2662f
1df78
21093
23316
20dbf
1e068
23318
1df7c
21640
1df7d
26171
20721
21bf0
20722
1df80
21bf1
20724
29eb9
258f1
1df83
29eba
2671c
20810
21cdf
1df86
2331b
21bf2
20eae
259da
20eaf
2625d
20fa9
1df8b
2671f
22562
2172d
2a466
22d74
1df8f
259dd
1df90
29ebd
26805
21ce1
1df93
2aceb
259de
2acec
259df
26808
1df97
258f2
2acee
1df9a
29ec1
1e15c
2181a
1e06b
21186
2181b
1e06d
2026c
259e0
2026d
29faa
20dc2
22565
20dc3
20815
2680c
21735
1e074
26265
20818
1e076
2a556
20eb2
220a7
20903
268f3
225e2
29730
22e65
29fad
2680f
22566
21739
1e07e
2340e
220a9
1e080
25ace
21821
26351
21822
1e083
2a55a
23412
220aa
1e086
26352
1e087
26353
29fb1
23415
26266
29fb2
26812
2a55f
20904
26354
2127d
2a37b
2127e
234fe
209fd
1e164
21825
1e165
268fd
21826
1e167
26356
21828
2a91e
268ff
2182a
1e16b
22f56
1e16c
25bc5
1e16d
2a649
26902
21dd7
21918
26444
23501
2191a
25e9c
226d7
2a64b
23502
2191d
2a922
26448
23505
226d8
2a0a2
226d9
1e17a
2a64f
2644b
2a0a4
25ad7
1e17f
2a927
1e24b
1e7f6
1f079
1e24e
21ce6
1f717
1e7fa
1e251
21dd8
1f16a
1e253
21fbc
220b0
1e256
28266
1e258
23324
27f90
22d79
1f71e
27f92
23c9a
1e25c
1f721
20eb8
22385
220b2
22aa4
26268
21741
26ac5
22d7c
1e263
26815
26ac7
278f4
1e267
22aa7
23c9b
22aa8
23c9c
1e26a
259e8
29ec2
2332c
22d81
1e26d
269d4
26817
269d5
1e271
1e42e
1f16c
1f809
1e8eb
220b3
1fdb5
2182e
1e9da
22476
1f80c
1ebbf
221a1
1e347
1f25d
1e349
1f80f
23ab4
1e34b
23417
23ab5
1e34d
24338
1f813
28083
20faa
1e351
27438
22e6c
26906
225eb
1e354
2341a
21835
26bb8
1e357
1e358
21ecd
22e6f
24339
22e70
2433a
225ef
2635c
1e35d
26acd
2341f
23ab9
1e360
26bbc
1e362
27074
2191e
1e431
1f8fa
1f260
1e433
289f6
21ecf
1f07c
1e436
1fbd0
21372
1e438
1eda3
1e43a
1f354
226da
23e7c
1f356
27bc9
23e7d
1f358
28174
27bcb
289f8
21922
21373
1e444
2350a
26ca8
22f5f
21926
27254
25bcb
1e448
21929
21fbf
2acf0
2350d
26bbe
2350e
27165
22f63
2644e
226e2
1e450
26cad
23e81
25bcd
2a0a8
26caf
279e8
1e522
1fcc4
21465
1e524
1ead0
1eda5
1e527
21fc1
1f443
1ead4
1e52a
21b03
27256
2238a
1f532
2304e
2451a
227cd
1e530
2451b
236ee
28ae9
1e533
1e534
21b04
21a15
21a16
25cbc
1e537
235fd
227d0
2761d
25f93
21a1a
27348
220b6
1e53e
236ef
1e53f
236f0
2752d
23601
26d9e
23056
227d5
2a199
2451f
25f95
1e545
2a19b
1e613
1e8ee
22479
21557
1e8f0
1ee97
1f534
1ebc4
2238c
1fae0
21559
1ecb3
221a6
1e61e
28084
1e620
23140
27dac
22b95
1f53b
27dae
24062
1e624
1f53e
20cd4
221a7
2247d
228c0
26084
2155d
26e8d
22b98
1e62b
26631
26e8f
27710
1e62f
228c3
24063
228c4
24064
1e632
25db0
29cde
23148
22b9d
1e635
26da4
26633
26da5
1e639
1e7fe
22298
1f626
1e9e1
2256d
1e70a
1ecb5
1fea6
2164a
1ecb7
1e70e
27802
1e710
28176
1e712
23232
27e9e
22c87
1f62d
27ea0
24154
1e716
1f630
20dc6
22299
22570
229b2
26176
2164f
269d7
22c8a
1e71d
26723
269d9
27804
1e721
229b5
24155
229b6
24156
1e724
258f6
29dd0
2323a
229b9
1e727
26e96
26725
269dd
1e72b
1e8f1
21bfb
1e802
2026f
1fcc6
1edac
1e805
1fcc7
23058
2424a
1fcc9
28540
2424b
1fccb
28aeb
28542
28dc0
2305a
26818
229bb
1e80f
238d9
2305c
27ea3
1e812
1e813
229bc
25f98
1e815
2707b
23334
247f3
23335
247f4
23060
1e819
2707c
2424f
26f87
1e81d
1e9e3
1f723
1fdb8
1ee9d
1e8f6
27f94
1e8f8
1fdbb
24066
1e8fa
239c9
24067
1e8fc
248e4
1fdbf
28632
22aac
26088
21de2
27169
23423
21de4
27713
2716b
27f96
1e906
239cd
2a560
2690d
22ba4
2433f
22ba5
24340
1e90a
2707f
239d1
2406b
1e90d
2a563
1e9e4
1ef8d
1f816
1e9e7
28fa2
22480
27715
1e9eb
23aba
28177
23513
1f903
28179
24430
1e9ef
1f906
21ed3
23abc
1e9f2
26451
22c93
1e9f4
23abe
21ed7
27806
26e98
23517
2725e
2617d
1e9fa
2415b
1e9fb
2415c
27f97
23ac2
2351b
1e9fe
27172
27261
27f98
1ead7
1f080
2081a
1ff9a
21fc4
1f35d
1fae1
23604
24ac6
22d83
1eadf
24ac7
23ca0
29095
1eae2
1eae3
23606
2734c
2626d
21fc7
2734e
23608
1eae7
21fca
220b7
22d87
26544
226e7
2a745
23bb2
27262
23bb3
27808
2360c
22d8b
2a746
24acb
1eaf2
27809
21b09
1ebca
2008b
1fae3
1f174
1ebcd
1fae4
22e74
24612
1fae6
2835c
24613
1fae8
28907
2835e
28bdc
22e76
26634
227d7
1ebd7
236f5
22e78
27cbf
1ebda
1ebdb
227d8
26360
1ebdd
27443
23150
24bbb
23151
24bbc
22e7c
1ebe1
27444
24617
27357
1ebe5
1f263
1f540
1ecbd
28ccc
221aa
279eb
1ecc1
237e4
2844d
2323d
1fbd9
2844f
24706
1ecc5
1fbdc
21bfd
237e6
1ecc8
26727
22f69
1ecca
237e8
21c01
27533
26bc2
23241
26f8c
25ea7
1ecd0
23e85
1ecd1
23e86
27cc1
237ec
22f6f
1ecd4
27448
1ecd6
27cc2
1edae
1f35e
1fbde
1edb1
2936a
1edb3
20274
24526
1edb5
23e89
24527
1edb7
24d9e
20278
29098
229be
23e8a
2229f
27627
238e3
222a1
27bd1
27629
28452
23613
2762a
22f73
1edc2
24529
1edc3
2452a
2835f
23e90
238e9
1edc6
27536
2762d
28360
1eea1
1f451
20be3
2090e
27bd3
1eea6
23f7a
28633
239d3
20369
28635
248ea
1eeaa
2036c
22390
239d4
1eead
26639
23157
1eeaf
23f7e
22394
27cc4
23064
2663a
22ab3
2ab0e
23f80
2762e
23f81
27bd4
239da
2315d
2ab0f
24e93
1eeba
27bd5
22481
1ef94
20453
1feab
1fdc3
1ff9b
23ac4
24f80
23247
1ef9a
24f81
2470c
2954f
1ef9d
1ef9e
23248
2780a
22ba9
22484
2780c
23ac8
1efa2
22487
225f8
24071
1efa5
2780f
23aca
24f83
23acb
24f84
2324e
1efa9
27810
249df
27723
1efad
1f175
1f907
1ff9c
1f636
1f088
1ff9e
23338
24acc
1ffa0
28818
24acd
1ffa2
28dc1
2881a
29642
22c9a
2681c
226e9
1f092
24161
2333c
2817b
1f095
1f096
23bbb
2acf1
2681f
2333e
24acf
2333f
24ad0
1f09a
27813
24167
24255
1f09d
2acf4
1f176
1f726
1f9fa
1f179
29186
1f17b
20091
24342
1f17d
23ca5
24343
1f17f
25166
20095
28eb4
227da
23ca6
220bb
279ef
236ff
220bd
27f99
279f1
2826e
2342f
279f2
22d8f
1f18a
24345
1f18b
24346
2817d
23cac
23705
1f18e
27906
279f5
2817e
1f26a
20729
20181
1faed
2027a
237ee
25256
2351d
1f270
25257
24436
29279
1f273
1f274
2351e
27538
22e7f
221ae
2753a
237f2
1f278
221b1
228ce
23d9b
1f27b
2753d
237f4
25259
237f5
2525a
23524
2a92b
23d9f
24cb5
2753f
1f283
1f90a
2018a
1f363
29916
1f365
20820
24ad2
1f367
2443b
24ad3
1f369
2534a
20824
29644
22f74
2443c
226ed
27bd7
2443d
27ae4
2443e
2808e
23e97
1f371
27ae5
2534d
27bd9
2808f
2027b
20910
1f9fe
1f456
20455
23706
24e94
20914
28be0
24e95
20916
29189
28be2
29a0a
23618
26cb5
23067
1f460
24bc7
1f461
24bc8
289ff
24531
2370c
1f464
27bdc
1f466
28a00
1f546
20a00
20457
2036f
20547
24076
2552c
237f9
1f54c
2552d
24cb8
29afb
1f54f
1f550
237fa
27dba
2315f
237fb
24f89
237fc
24f8a
1f554
26da9
2407c
24cbb
1f557
27ccf
1f637
1fbe1
21375
20af3
28363
1f63c
24710
28dc3
24169
2054d
28dc5
2507a
1f640
20550
229c2
2416a
1f643
26e9a
2416b
25621
2416c
25622
238ef
27eae
24716
2507d
26e9c
1f64b
1fcd2
1ffa6
1f72b
29732
1f72d
2063d
248ee
1f72f
24257
248ef
1f731
25712
20641
29460
22d90
24258
22ab5
27f9f
24259
27eb0
2425a
28456
23cb3
1f739
27eb1
25715
27fa1
28457
20097
2072c
1fdc6
1f81e
2072e
23ace
2525c
20730
28fa8
2525d
20732
29551
28faa
29826
23434
26ad1
22e83
1f828
249e3
1f829
249e4
2881b
2434d
23ad4
1f82c
27fa4
1f82e
2881c
1f90e
21376
20dcb
20737
20ebc
24441
258f8
24170
1f914
258f9
25080
29ec7
1f917
1f918
24171
28182
23ad6
24172
25351
24173
25352
1f91c
27176
24447
25083
1f91f
28093
1f9ff
1ffa9
21746
21469
2872b
1fa04
24ad8
2918b
24534
20ec2
2918d
25442
1fa08
20ec5
22d92
24535
1fa0b
27267
24536
259ed
24537
259ee
23cba
28276
24ade
25445
27269
1fa13
2009a
2091a
1faf3
2a0aa
1faf5
20a06
25262
1faf7
24bcb
25263
1faf9
25ade
20a0a
29828
23160
24bcc
22e85
28367
24bcd
28278
24bce
2881e
2462a
1fb01
28279
25ae1
28369
2881f
2045f
20af5
2018e
1fbe6
20af7
23e99
25624
20af9
29370
25625
20afb
29919
29372
2a19e
237ff
2744a
23253
1fbf0
24dab
1fbf1
24dac
28be3
24cc1
23e9f
1fbf4
2836c
1fbf6
28be4
1fcd6
21192
20be8
20553
20cd8
2425d
25cc0
23f8c
1fcdc
25cc1
24e9c
29ce3
1fcdf
1fce0
23f8d
2854a
238f2
23f8e
25719
23f8f
2571a
1fce4
26f92
24263
24e9f
1fce7
2845f
1fdc7
20371
21562
21285
28af3
1fdcc
248f4
29553
24350
20cde
29555
2580a
1fdd0
20ce1
22bae
24351
1fdd3
27083
24352
25db5
24353
25db6
24082
28096
248fa
2580d
27085
1fddb
20462
20ce3
1febb
2a472
1febd
2137b
2562a
1febf
24f93
2562b
1fec1
25eaa
2137f
2a1a0
23ad7
24f94
23255
2872f
24f95
2863c
24f96
28be6
249f2
1fec9
2863d
25ead
28731
28be7
20dd4
2146b
20556
1ffae
20fb0
24264
259f0
2146f
29738
259f1
21471
29ce5
2973a
2a566
24176
27816
23bca
1ffb8
2571f
1ffb9
25720
29557
25089
2426a
1ffbc
28734
1ffbe
29558
2009e
21563
20fb2
20ec8
210a2
24bd1
2608c
24357
200a4
2608d
25810
2a657
200a7
200a8
24358
28912
23cbd
24359
25ae5
2435a
25ae6
200ac
2790a
24bd7
25813
200af
28827
2018f
20739
21ed9
21656
28ebb
20194
25268
2991b
24cc4
210a8
2991d
25bd6
20198
210ab
2352a
24cc5
2019b
279fb
24cc6
26181
24cc7
26182
2444d
28a06
2526e
25bd9
279fd
201a3
2082a
20aff
20283
2a28e
20285
21198
25446
20287
24daf
25447
20289
26272
2119c
29fbc
238f3
24db0
2361d
28af7
24db1
28a08
24db2
28fae
2480e
20291
28a09
26275
28af9
28faf
20bf0
21287
2091e
20376
21289
2462c
25db8
2128b
29b00
25db9
2128d
2a0ad
29b02
2a382
23f92
27632
239e6
20380
2553b
20381
2553c
29373
24ea5
24632
20384
28afc
20386
29374
20466
21eda
2192e
21292
21a1f
24f99
26458
24ccb
2046c
26459
25bdc
2aa20
2046f
20470
24ccc
28cda
24634
24ccd
25eb1
24cce
25eb2
20474
27cd2
24f9f
25bdf
20477
28beb
20557
20b02
222a4
21fcd
29283
2055c
25630
29ce7
2508c
21a25
29ce9
25fa2
20560
21a28
238f5
2508d
20563
27dc3
2508e
2654d
2508f
2654e
24815
28dce
25636
25fa5
27dc5
2056b
20bf3
21475
2064b
2ac03
2064d
21569
25dbe
2064f
25723
25dbf
20651
2663e
2156d
2a384
23cbe
25724
239e8
28ebf
25725
28dd0
25726
29376
25182
20659
28dd1
26641
28ec1
29377
20fba
21658
20ce7
2073e
2165a
249f4
26184
2165c
29ecc
26185
2165e
2a475
29ece
2acf7
2435d
27fa6
23db1
20748
25907
20749
25908
2973b
25819
249fa
2074c
28ec4
2074e
2973c
2082e
21cf6
2174b
210ae
2183b
24db5
26820
24ae7
20834
26821
259f8
2a83c
20837
20838
24ae8
290a2
24450
24ae9
26279
24aea
2627a
2083c
27aee
24dbb
259fb
2083f
28fb7
2091f
20eca
220c0
21de9
2964b
20924
2544c
2a0af
24ea8
21841
2a0b1
2636a
20928
21844
23711
24ea9
2092b
27bdf
24eaa
26915
24eab
26916
24bdd
28bee
25452
2636d
27be1
20933
20fbd
21edc
21846
21fce
25276
2645e
225fd
2acf8
2618c
21ee1
2a74f
2acf9
20a1c
25af0
20a1d
25af1
29fc1
26463
24635
25af2
23db3
29287
25af3
2527c
20a23
29197
20b04
210b0
20b06
21b14
226ee
2627c
21fd2
26cba
226f0
20b0b
25be1
26cbb
2a296
25639
2928a
2563a
29830
26281
23ea4
2563b
20b12
2836f
2563c
20b14
2928c
20b16
2a0b4
20bf7
26dab
20bf9
21b17
25cd2
20bfb
26643
21b19
2a386
2572a
21b1b
21b1c
24eb0
26645
24eb1
26646
227e5
20c03
24eb2
2946a
24818
24eb3
2946c
25cd8
2946d
29923
2156f
221b3
29a13
20cec
2581b
2a477
25eb5
20cee
26736
24fa1
20cf0
20cf1
228d5
25eb7
228d6
25eb8
20cf4
2946f
24909
28552
24360
20cf7
28554
25821
28555
20cfb
21385
21cf9
21662
21dea
25092
26826
229c5
2ab14
25fa8
21cfe
2a56b
2ab15
20de4
2590c
20de5
2590d
29ddd
2682b
24451
2590e
2417b
2964f
2590f
25098
20deb
29563
20ecc
21478
20ece
21dec
22ab6
26098
21dee
26ad6
22ab8
20ed3
259fd
26ad7
2a65e
25455
29652
25456
29bf8
2609d
23cc0
25457
20eda
2818b
25458
20edc
29654
20ede
29ed0
20fc0
2248a
22602
2609e
2248c
26ea0
22604
20fc5
2609f
26ea1
2acfd
25824
29740
25825
29cee
22bb5
24361
25af9
20fcc
28829
25afa
20fce
29742
20fd0
2a56e
210b2
220c2
226f4
26190
2257f
269e6
226f6
210b7
26191
269e7
2a843
2536a
29836
2536b
29de0
22ca7
24453
25beb
210be
2891b
25bec
210c0
29838
210c2
2a660
211a4
220c3
227e6
26282
220c5
26ad8
227e8
211a9
26283
26ad9
2a935
2545c
29928
2545d
29ed2
22d99
24545
25cdd
211b0
28a0d
25cde
211b2
2992a
211b4
2a752
21296
221b5
228d8
26374
221b7
26bca
228da
2129b
26375
26bcb
2aa27
2554e
29a1a
2554f
29fc4
22e8b
24637
25dcf
212a2
28aff
25dd0
212a4
29a1c
212a6
2a298
21388
222a7
229ca
25eba
222a9
26cbc
229cc
2138d
25ebb
26cbd
2ab19
25640
29b0c
25641
2a0b6
22f7d
24729
25915
21394
28645
25916
21396
29b0e
21398
2a38a
2147a
22399
22abc
25fac
2239b
26dae
22abe
2147f
25fad
26daf
2ac0b
25732
29bfe
25733
2a1a8
2306f
2426f
25a07
21486
28737
25a08
21488
29c00
2148a
2a47c
21573
228de
260a5
228df
260a6
21576
29cf1
25737
28dd4
2518e
21579
28dd6
260a9
28dd7
2157d
21c11
2a38b
23256
29de6
23257
2a38c
22caa
249ff
26199
2166a
28ec7
2619a
2166c
29de8
2166e
2ac0d
21757
22ac2
26289
22ac3
2628a
2175a
29ed9
2536f
28fb8
24dc6
2175d
28fba
2628d
28fbb
21761
21df5
2a56f
2343a
29fca
2343b
2a570
22e8e
24be3
2637d
2184e
290ab
2637e
21850
29fcc
21852
2a845
2193b
226fa
25ec1
226fb
25ec2
2193e
2a0bd
25553
28bf0
24faa
21941
28bf2
25ec5
28bf3
21945
21fd9
2a753
2361e
2a1ae
2361f
2a754
23072
2481b
25fb5
21a32
28ce3
25fb6
21a34
2a1b0
21a36
2aa29
23167
26cbe
22e90
26654
24eb9
26655
227f2
2a38f
26657
23169
24eba
2a390
21b28
2a29f
23259
26db0
22f82
26746
24fab
26747
228e4
2a481
26749
2325b
24fac
2a482
21c1a
2a395
2334b
26ea2
23074
26838
2509d
26839
229d6
2a573
2683b
2334d
2509e
2a574
21d0c
2a487
2343d
269e8
22bba
2692a
2518f
2692b
22ac8
2a665
2692d
2343f
25190
2a666
21dfe
2a579
2352f
26ada
22cac
26470
25281
26471
2260e
2a757
26473
23531
25282
2a758
21ef0
2a66b
23621
26bcc
22d9e
26562
24dc7
26563
22700
2a2a1
26565
23623
24dc8
2a2a2
21fe2
2a75d
23440
269ea
22da1
2692f
22da2
26930
227f7
2a93b
26932
23718
25466
2a93c
220d4
2a84b
23532
26adc
22e93
26475
22e94
26476
228e9
2aa2d
26478
2380a
25558
2aa2e
221c6
2a941
23624
26bce
22f85
26567
22f86
26568
229db
2ab1f
2656a
238fc
2564a
2ab20
222b8
2aa33
2316a
26cc0
23077
26659
23078
2665a
22acd
2ac11
2665c
239ee
2573c
2ac12
223aa
2ab25
2325c
26db2
22bbd
2674b
22bbe
2674c
22613
2ad03
2674e
23ae0
2582e
2ad04
2249c
2ac17
2334e
26ea4
22caf
2683d
22cb0
2683e
22705
2a84d
26840
23bd2
25374
2a84e
2258e
2ad09
22616
2a75e
26bd1
2a75f
2270a
2c36f
2983f
2270c
23ae1
2261c
22ad1
29fce
2261e
2ac1a
291a1
22620
22bc1
2674f
22622
2408e
2582f
2974e
22bc4
26752
26bd3
22bc6
334de
26ea6
22bc8
2974f
22629
29477
2262a
2ac1d
26759
2262c
334e1
2262e
29752
2eeea
29479
334e2
29753
2f3a4
2a670
22632
2eeee
2eeef
23ae5
2a671
23536
22636
23db7
2790c
23ae8
22e99
26933
22639
26388
23447
2263b
291a4
2ac23
26ae5
22e9e
279fe
26bd7
22ea0
22640
2aa35
2344e
2ac24
2344f
27454
22644
2b725
23452
2f3aa
2aa37
22647
2c648
23455
25283
2647b
2264a
261a6
25b0b
2264c
261a7
2ad11
2891e
29dee
2647f
29def
26480
22651
2a676
26482
22653
2aa39
26484
261af
29930
326b0
2bdc3
22658
2aa3a
261b3
2ed09
2a76b
2265b
2265c
291ab
2e93e
28ed1
32f39
291ac
33208
2a0c3
22660
2e942
2e943
29759
2adb0
2adb1
2a67b
26bdd
2a76c
22666
2aea3
2a76e
22668
2f3ae
2a0c5
3320a
2e945
2266b
2adb3
2a67d
2266d
2f3b0
2a67f
291b4
2f3b1
2a681
22671
2aea6
2ac28
29932
2ea30
29933
2ed0d
2a770
334eb
2c378
2b542
2f3b3
2b543
32f41
2c379
2267b
334ee
2267d
32f43
2bdcc
32f44
2bdcd
2e948
334f1
2270d
227fa
2a851
29384
2a852
26cc4
22711
2a1b7
2beb7
23bd5
2717e
23352
22715
261b6
2a682
25bf8
22cb9
2a854
26cc5
22cbb
33024
28fbc
2a488
26849
2a489
2684a
2271d
2ad18
2684c
22cc1
28fbe
2a48a
22cc3
2a48b
22cc4
2ad1a
22cc5
2f497
2984c
22725
22da5
2656b
22727
26296
23537
26be2
22f8a
24456
25bf9
2a683
2353a
2272c
26cc7
2353c
2a0ca
22f8f
2f498
26cc8
22f91
27544
26cca
23541
22733
2984e
22734
23544
2b816
26ccc
3302b
2b818
23547
2c739
2a2aa
3302c
2c73b
25bfb
2984f
2564c
2273d
29850
25bfe
26cce
2629a
2929c
22741
28fc1
22742
2a2ac
26573
22744
2a2ad
26575
22746
32a7b
22748
2b908
262a3
327a3
29cfb
2edfa
2ab2d
2274c
2edfc
2b90d
28a12
29ee2
26579
29ee3
2657a
2a77d
2657b
32a80
292a1
22753
26be6
2a77f
26be7
22756
2aeae
2993a
2af94
2a2b3
22759
2beba
2af97
28ce8
2ea3c
28ce9
32a82
29852
292a5
2aeb0
2a783
22760
32a83
2ea3e
22762
2ed15
2993b
22764
33030
2b632
327a4
2b90f
32a85
2bebd
2a2b7
22769
2eb24
2276a
2eb25
2a85b
2276c
2f4a6
2af9c
2bec1
22770
2ee02
22771
2ee03
2f4a9
2ea41
2380b
26db5
228ed
29cfd
22802
2a945
2947b
22804
22da7
26935
22806
23cc6
25467
2993c
22daa
26938
26ae9
22dac
2a947
26db9
22dae
2993d
2280d
2965b
2280e
2a85e
2693f
22810
33119
22812
29940
2f0ce
2965d
3311a
29941
2f588
2a2bb
22816
2f0d2
2f0d3
2371d
2a2bc
2316e
2281a
23f9b
27545
23720
2307d
2657e
2281d
25fc0
2362d
2281f
2938a
2a864
26cd7
23082
2ac29
26dbc
23084
22824
2ac2a
23634
2a865
23635
2708e
22828
2b35d
23638
2f58e
2ac2c
2282b
2c82c
2363b
24ebb
2665f
2282e
2638c
25cef
2938d
2638d
2a94a
28b02
29fdd
26663
29fde
26664
22835
2a2c1
26666
22837
2ac2e
26668
26395
29b14
32894
2b9fb
2283c
2ac2f
26399
2eef3
2a3a7
2283f
22840
29391
2eb28
290b5
32b71
29392
333ec
29d00
22844
2eb2c
2eb2d
29947
2af9e
2af9f
2a2c6
26dc2
2a3a8
2284a
2b087
2a3aa
2284c
2f592
29d02
333ee
2eb2f
2284f
2afa1
2a2c8
22851
2f594
2a2ca
2939a
2f595
2a2cc
22855
2b08a
2a869
29b16
2e668
29b17
2eef7
2a3ac
33123
2bfb0
2b72c
2f597
2b72d
32b79
2bfb1
2285f
33126
22861
32b7b
2ba04
32b7c
2ba05
2eb32
33129
228f1
229de
2aa3d
2956c
2aa3e
26eaa
228f5
29df8
2c09b
2380d
27362
23170
228f9
260b3
2ab2e
25ddc
22bd8
29d06
26dc8
2a3b0
23175
228fe
27180
23177
22900
2f67b
27181
22bdf
2a3b1
22be0
2354a
26aea
22ea7
2648f
25ddd
29fe1
2555c
22908
27457
26493
2290a
2a490
26495
2a0d1
22eae
2a0d2
22eaf
2aa42
29a33
22eb1
22910
22eb3
2a0d3
22912
2a0d4
22913
2a3b2
22914
2ec1d
22eb7
33212
22917
25ecf
2a957
23812
2317c
2b44e
26eb2
33213
2b450
2317f
2c91d
2a492
33214
2c91f
25ddf
29a37
25832
22921
25cf2
29d0a
26eb4
25ed4
29484
22925
28bfd
22926
2a3b6
26764
22928
2a495
26766
2292a
32c5f
2292c
2baec
25edd
32987
29ee7
2efe4
2ad2a
22930
2efe6
2baf1
2864a
2a0d7
2676a
2a0d8
2676b
2a3b9
2676c
32c64
29489
22937
26dcb
2a3bb
26dcc
2293a
2b092
29b1e
2b178
2a49b
2293d
2c09e
2b17b
28ed4
2e674
28ed5
32c66
29a3a
2948d
2b094
2a3bf
22944
32c67
2e676
22946
2eeff
29b1f
22948
33218
2b81c
32988
2baf3
32c69
2c0a1
2a49f
2294d
2e75c
2294e
2e75d
2aa47
22950
2f68a
2b180
2c0a5
22954
2efec
22955
2efed
2f68d
2e679
239ef
269ee
22ad7
29ee9
229e6
2ab31
2965f
229e8
22cc8
23264
26eb9
22cca
2472c
25921
2a3c3
23267
229ee
26eba
23269
229f0
27272
2326b
22cd1
29b20
229f3
29e02
2326e
229f5
29b21
229f6
23eab
2363d
26bea
22f9a
26582
229f9
25ee3
26584
269f5
22f9e
332fe
26cdb
22fa0
29b23
229ff
292ab
22a00
2aa4c
2658b
22a02
33301
292ac
2aa4e
28ced
2ed19
29572
2ed1a
29573
33303
2aa50
22faa
23353
26ebd
23089
2684f
27274
22a0c
2b547
23272
2f1c6
2a86d
22a0f
2c464
23275
2509f
26850
22a12
25fc4
25de3
29575
25fc5
2ab36
2873a
2a1cb
26854
2a1cc
26855
22a19
2a4a9
26857
22a1b
2a86f
26859
25fcd
2975d
324cc
2bbdf
22a20
2a870
25fd1
2f0d7
2a58d
22a23
22a24
29579
2e760
28cf1
32d55
2957a
33038
29eec
22a28
2e764
2e765
29c10
2b26a
2a58f
22a2c
2c190
2b26d
26ebe
2a4ad
26ebf
22a30
2b184
29eee
3303a
2e767
22a33
2b185
2a4b0
22a35
2f1cc
2a4b2
29582
2f1cd
2a4b4
22a39
2b26e
2a591
2f0da
2b363
324cf
2aa55
2a592
3330b
2c194
2b364
2f1cf
2b365
32d5d
2c195
22a43
3330e
22a45
32d5f
2bbe8
32d60
2bbe9
2e76a
33311
22adb
260b5
2ab3a
239f2
22dba
23356
22adf
23cc8
2781b
25a15
22dbe
26862
22ae2
26aeb
2335b
29ef3
22dc1
2f2b2
26aec
22dc3
2a95c
26aee
23360
22ae9
29c13
22aea
23f9d
23183
26cdc
2308c
26674
22aed
25fd5
26676
22aef
2a689
26678
22af1
2939c
2ab3e
28ddd
333f1
29c16
23094
333f2
2ac35
2667e
2939e
2ab41
28ddf
2ee0b
29664
2ee0c
29665
333f5
2ab43
2309c
26af1
2c552
2a68a
22aff
2c554
27367
2f2b9
2b63c
22b02
22b03
260b7
29ef5
25a1a
25929
25a1c
22b07
2a68c
26947
29761
260bb
29762
260bc
2a68d
2966a
260be
2a960
2a0db
260c0
22b0f
260c2
2ec20
29856
32e44
2a691
22b13
2bcd3
260c6
32e46
2ec25
28de2
2a59e
2882f
2e853
290b6
2e854
290b7
3312b
2a5a0
26954
2966e
2ab44
29ef8
26a06
22b1f
29fe8
2c280
2ac38
26af7
333f9
2c283
2966f
2f0e0
29fea
3312d
29feb
29670
22b27
2ab46
29672
333fa
2b27a
2a5a7
333fb
2e85b
29857
2e94a
29858
2ec27
29c20
22b2f
2f2c0
2adc0
2a699
2ec28
2a69a
2ec29
2adc1
2adc2
33400
22b36
2f2c3
2b458
2f2c4
2b459
22b3a
32e53
2f0e5
22be4
27184
26ec2
2a69b
22cd8
2c921
29e09
22cda
24091
26dcf
2309f
29d16
22bec
2ac3c
29768
22bee
23184
29d18
22bf0
29d19
22bf1
2b09c
29493
2b09d
2976a
2f951
22bf5
24365
27eb8
24094
2345c
27a00
26bec
2345e
2976b
22bfa
2976c
22bfb
27188
239fe
22bfd
2772a
23a00
23464
26bed
2cbf0
27a03
22c02
2bcde
23a05
2f957
2bce0
22c05
22c06
25fd7
2a5ae
2a78d
22c09
2aeb7
26773
2c37e
29efb
334f7
2aeba
26776
26dd7
2a5af
26dd8
22c10
2ac43
26dda
22c12
29e0a
2c924
2ad35
26ec6
22c15
2f95a
2b45d
27191
22c18
2ac44
22c19
2ef03
29771
22c1b
2ef04
29773
334fa
2b36e
29775
22c1f
2b45f
2ad37
2eff4
2aebd
32c73
2aebe
2f698
2aebf
334fd
2c92a
2ad3b
22c26
2f960
2ef07
2c386
33500
2c387
22c2b
33501
22c2d
2f963
23cc9
26a07
22dc9
29efe
22cde
2a874
2994c
22ce0
23276
29e0c
22ce2
29e0d
22ce3
2b18e
29585
2b18f
2985e
2fa43
22ce7
24457
27fab
24186
2354e
27546
26cde
23550
2985f
22cec
29860
22ced
2727a
23af0
22cef
2781c
23af2
23556
26cdf
2cce2
27549
22cf4
2bdd0
23af7
2fa49
2bdd2
22cf7
22cf8
29e11
261bb
2a2d3
22cfb
2afa9
26865
2bec4
29fed
3303d
2afac
26868
26a0a
2a791
22d01
2b54d
2b54e
26ecc
2a6a5
26ecd
22d05
2ad42
26ecf
22d07
2fa4c
2b54f
27283
22d0a
2ad43
22d0b
2effb
29865
22d0d
2effc
29867
33040
2b46a
29869
22d11
2b551
2a87d
2f0e6
2afaf
32d65
2afb0
2f1de
2afb1
33043
2c470
2a881
22d18
2fa52
2efff
2becc
33046
2becd
22d1d
33047
22d1f
2fa55
23dbb
22dce
22ebb
29ff0
22dd0
2a968
29a40
22dd2
23368
29f02
22dd4
29f03
22dd5
2b280
29677
2b281
29950
2fb35
22dd9
24549
27af1
23ccc
23640
29951
22ddc
29952
22ddd
2736b
23be0
22ddf
2736c
23be2
22de1
2790e
23be4
23648
26ddd
2cdd4
2763c
22de6
2b916
23be9
2fb3b
2b918
22de9
22dea
29f07
262ad
2a3c7
22ded
2b0a1
26957
2bfb6
2a0df
3312f
2b0a4
2695a
26a12
2a799
26a13
22df4
2a888
26a15
22df6
29ff2
2c55c
2a96f
26afe
22df9
2fb3e
2b641
27375
22dfc
2a889
22dfd
2f0ed
29957
22dff
2f0ee
29959
33132
2b55c
2995b
22e03
2b643
2a971
2ec2c
2b0a7
32e57
2b0a8
2f2d0
2b0a9
33135
2c562
2a975
22e0a
2fb44
2f0f1
2bfbe
33138
2bfbf
22e0f
33139
2f2d5
2b647
23ead
26bf1
22fad
2a0e2
22ec2
2aa5a
29b32
22ec4
2318a
24be5
22ec6
2463c
23723
29ff4
2318d
29ff5
2318e
2772c
26ed1
23190
2a2dc
27379
23192
27cd4
27460
2372b
291be
2ac49
26b02
2adcb
26b03
22ed3
2a6a9
22ed4
2adce
2346a
26ed2
2cec6
2772f
22ed8
2ba08
2372f
2fc2d
2ba0a
22edb
22edc
262af
2a2de
2a4b9
22edf
2b193
2649d
2c0a8
2a1d1
33221
2b196
264a0
26b04
2a2df
26b05
22ee6
2a97c
26b07
22ee8
2a0e4
2c64e
2aa61
26bf6
22eeb
2fc30
2b733
27467
22eee
2a97d
22eef
2ec33
29a4b
22ef1
2ec34
29a4d
33224
2b64e
29a4f
22ef5
2b735
2aa63
2ed1e
2b199
32f49
2b19a
2f3c4
2b19b
33227
2c654
2aa67
22efc
2fc36
2ec37
2c0b0
2bdd9
2fc37
22f01
3322b
22f03
2fc39
23f9f
26ce3
230a5
2a1d4
22fb4
2ab4c
29c24
22fb6
2327c
24cd7
22fb8
2472e
23815
22fba
2781f
23817
2a0e6
23281
2a0e7
23282
2a3d0
26fa5
23284
22fc0
2a3d1
2381d
292b0
2ad48
26bfa
2aec9
26bfb
22fc5
2a79d
22fc6
2aecc
2355c
26a18
2ca0c
27821
22fca
2bb00
23821
2f773
2bb02
22fcd
22fce
25ee5
2a3d2
2a5b4
22fd1
2b285
2658f
2c19a
29d23
33313
2b288
26592
26bfc
2a3d3
26bfd
22fd8
2aa6e
26bff
22fda
2a1d6
2c740
2ab53
26ce8
22fdd
2c743
2b826
2746e
22fe0
2aa6f
22fe1
2ed25
29b3d
22fe3
2ed26
29b3f
33316
2b740
29b41
22fe7
2b827
2ab55
2ee10
2b28b
32a8f
2b28c
2f4b6
2b28d
33319
2c746
2ab59
22fee
2b1a3
3331b
2c1a2
2b91f
2f77d
22ff3
3331d
22ff5
2f77f
23905
26fae
2336f
2481e
26b08
23371
2f85e
26ce9
2a4c1
2390a
2ab5b
2390b
230b0
2a4c3
2390d
230b2
2f861
230b4
2995c
2afba
29c29
2f862
2a1dc
2364c
2a88f
2364d
2f5a0
2afbf
270a0
230bb
2bbf1
23912
2cb00
270a2
230be
2cb02
23915
25ee6
25fd9
230c2
2ac4d
26680
2c28b
29e16
32b7e
2add3
230c6
2c28e
2add5
26fb2
2ab5e
26fb3
26cf0
2b82e
2a1e0
26de1
2a5b6
230cd
2b373
2b374
26fb4
230d0
2c835
2b376
29678
2b290
29679
2f2d7
29d27
230d5
2b831
2b292
230d7
2ee19
2ab64
230d9
33409
2add6
32b80
2ba0d
3340a
2ba0e
2f86c
2ba0f
230de
2f5a9
2b379
2adda
2f5aa
2addb
230e2
2f86f
2ee1b
230e5
2f870
230e7
33410
23196
2746f
26ed7
2a3d6
2328a
2cecd
2a3d7
2328c
2463d
26de4
23651
29d28
2319e
27640
29d29
231a0
23732
29ffe
231a2
29fff
231a3
29d2a
231a4
2b655
23736
2fc3c
231a7
24911
23fa4
27641
23a0a
27642
231aa
27384
231ab
27733
23fa8
231ad
27734
23faa
231af
27cd6
23fac
23a12
26ed9
2fc3d
2c297
231b4
27fae
23fb1
2d19f
27739
231b7
231b8
26594
2ab6b
27645
2b920
27646
27387
2ff05
29d31
2f964
2b0b3
26df0
2fc3f
29d34
26df2
2ff07
2773a
2ba12
27473
231c4
2ced2
2a4c8
2c92e
2b1a5
2f6a2
2b470
2ff08
2ced3
2ba16
231ca
2fc44
2ced5
2ab6d
2773d
231ce
2b37f
29d36
231d0
2ba19
2b1a7
2f6a5
2b380
231d3
2b1a8
2f6a7
2b1a9
231d6
2f6a8
2ba1a
2ced9
2328d
2337a
27822
26fb6
2ad4a
26a1e
23291
2ad4b
2ca15
27475
2aa74
26c01
2b745
26ee3
2b746
26ee4
2ffef
2a3dc
23829
24095
2773e
23afb
24fb0
26ee5
2a3dd
24098
2a3de
24099
2329e
27af3
2409b
232a0
2ac60
2409d
232a2
2fff3
232a4
2c388
240a1
2f784
2728d
2d290
27af5
232a8
2d292
2c38d
26777
232ab
26a21
2a4cc
232ad
2bb05
2782e
232af
2b560
232b0
2c1a5
26a26
2c476
26a27
232b3
2f787
2747a
2ac62
2747b
26ee9
2ba1e
2986c
2b474
29e26
232b9
2b476
26eed
232bb
2f789
2bb09
2747d
232be
2fffc
2ca1c
2ad4e
2fa57
2ac64
2a4cd
232c3
2c1a7
232c4
2b1af
2fffe
2c1a8
2b565
2f78d
232c9
30000
232cb
2f78f
24367
26b10
2346d
2a000
23382
27916
2a001
23384
23916
2a4ce
23917
2f872
26cf2
2a4cf
23919
2ab70
2391a
2f874
2338b
24af5
2809d
24278
23bee
27831
2338e
26fbf
2338f
27917
2418c
23391
27918
2418e
23393
27eba
24190
23bf6
26b13
2f875
2becf
23398
27be7
24195
2d383
2791d
2339b
2339c
2a4d3
2686a
27834
2bb0e
27835
26fc2
300e9
29f17
2fb48
2b29d
26a32
2f877
29f1a
26a34
300eb
2791e
2bbf6
270ab
233a8
2cb0a
2a6ac
2c566
2addd
2f2da
2b65a
300ec
2cb0b
2bbfa
233ae
2f87c
2cb0d
2ad55
27921
233b2
2b569
29f1c
233b4
2bbfd
2addf
2f2dd
2b65c
2f87e
2b65d
2b2a0
2b56b
233ba
2f2e0
2bbfe
2cb11
23471
2355e
27a06
2719e
2a984
26c04
23475
2a985
2cbf9
24369
27ebb
23cce
23479
270ad
2a896
26b1e
301d2
2747e
2373d
301d3
27924
2373f
301d4
27a0b
23741
23481
23a13
2a5c2
23a14
2f966
26df3
2a5c3
23a16
2ac66
23a17
2f968
23488
2bfc0
23cd9
2f96a
27480
2d474
27cdb
2348c
2d476
2bfc5
2695b
2348f
26b21
2a5c6
26b22
23492
2a5c7
26b24
2ade2
26b25
2f3ca
2ade4
23496
2f3cb
2bc04
26c07
2a6b0
23499
2bce9
27a12
2349b
2b74a
2349c
2c38f
26c0c
2c65a
26c0d
2349f
2f96f
2a5c8
271a2
234a2
301e0
2cc00
2a988
2fc4b
2a89c
2a6b1
234a7
2c391
234a8
2f972
2b663
2c392
301e3
2c393
234ad
301e4
234af
2f975
2454b
26cf4
23657
2a1e4
23566
2754e
2a1e5
23568
2382a
25285
2356a
24cda
23dc1
2a0f6
2382d
2a0f7
2382e
27dca
26fc5
23830
2a98b
27551
23832
23572
2a98c
23dc9
271a5
2fd1c
2a0f9
23576
2986e
2b47c
2986f
2fa59
2a6b6
23b0a
26cf7
2fa5b
2c0b9
2357c
27dcc
23dcd
2cfbb
27555
2357f
23580
2a6b7
2695e
27a18
2bcf2
27a19
271aa
2fd21
2a0fd
2f790
2aed5
26c18
2fa5d
2a100
26c1a
2fd23
27556
2bdda
27293
2358c
2ccee
2a2f0
2c74a
2afc1
2f4be
2b83e
2fd24
2ccef
2bdde
23592
2fa62
2ccf1
2bde0
27a1a
23596
2b753
2a102
23598
2bde1
2afc3
2f4c1
2b754
2359b
2afc4
2f4c3
2afc5
2359e
2f4c4
2bde2
2ccf5
2365b
2391d
24dcb
2454e
27af7
23eb4
2a1e8
23920
2a1e9
23921
27ebc
270b7
23923
2aa7d
2755d
23925
28465
2764b
26a35
2a7a6
23bf8
2a89e
23bf9
2a7a7
23bfa
2fb4b
27299
2366b
23ebc
2d0aa
26df6
2fe10
2764d
2366f
2c1ad
23ec0
2fe12
2d0af
2a1ec
264a4
2729a
2aa80
2729b
26d07
2bde6
29c36
2b842
2a1f0
23679
2b844
26d0b
2367b
2fb50
2738d
2ab72
26df8
2cddf
2b92c
26dfa
2bfc6
26dfb
2c83d
2b0ba
2fb52
2b92d
26dfe
2fe17
2bde9
2b92f
27560
23687
2fe19
2afc9
23689
2b931
2a7ad
2a3e5
2c83f
2afca
2fe1a
2368e
2c840
2368f
2c841
23691
2fb58
23693
2fe1d
23744
27a1b
26dff
2a3e6
23838
2d479
27a1d
2383a
24be9
2374a
23bff
27beb
2374c
2a8a0
27392
2374e
23cde
2a011
23750
2a012
23751
2a2f6
23752
2bc0d
23ce2
301e8
23755
23fb5
2546b
23757
24ec0
24552
27bee
23fb8
27cdf
26d11
23fba
2a2f9
23fbb
28558
27746
23fbd
28b06
27ce2
27485
301e9
2c843
23762
2855a
2455d
2d74b
27ce5
23765
23766
27bf1
23767
304b1
2a8a7
27398
2b934
27487
2a993
26e03
2fc4c
2a3e9
2376d
2bedd
2a2fd
2376f
2b936
2a2ff
304b3
2bedf
2a301
23773
2bfce
27ce8
23775
2ba26
23776
2c65f
2748c
2cedc
2748d
23779
301ef
2a8a9
27a20
2377c
304b7
2ba29
2fc51
2fc52
2b669
2ba2a
301f3
2ba2b
2bee2
301f4
2d484
2fc55
23927
27dce
2383d
27562
2cfbe
2a4d9
2392b
2cfc0
23841
27a21
2bcfc
271ad
2fd2c
27a22
3059a
2a3eb
23845
2bd00
2bd01
23848
24fb1
24643
27cea
240a9
27a24
2384b
27cec
24646
2384d
27a25
2384e
27dd2
24649
23850
28374
2464b
2464c
2d83a
26fcc
305a0
27dd6
23855
2c937
24650
305a2
2d83f
27a26
2bfd6
2bfd7
2a3ef
26ef3
2a4da
2385c
2a3f0
2385d
2ba2d
26ef6
2cfc3
27dd9
26fcf
2fd31
2b848
2f4c6
2bb19
23863
2c752
23864
2f794
2cfc7
27495
23867
2a99c
27497
2f795
2b75f
2386a
2f796
2bfdc
27566
2386d
2fd37
2cfc9
2b84b
2f4c7
2ba30
23871
2b84c
2f799
2b84d
23874
2f79a
2c0c6
305ad
2392d
23a1a
27ec0
270bd
2ab77
26a38
23931
27ec2
2d0b3
2729e
2aa89
26d16
2bdef
26fd5
2bdf0
26fd6
3068d
2aa8b
23ec7
24733
27ddc
24199
25650
26ef7
2a4de
24736
2393d
27ddf
24738
2aa8d
24739
23940
28192
2473b
23942
30691
23944
2c47a
2473f
2fe22
27937
2d92e
28194
23948
2d930
2c47f
26fd9
2bb1e
270c1
2ab79
26a3b
2f884
2a5cf
2394e
27de0
2394f
30695
2aa8f
2756d
26fdc
2c0cc
2a4e4
23954
2bb21
26fdf
23956
2fe24
27657
23958
2d0b7
2ac67
2cb12
2b38f
2f887
2bc12
30699
2d0b8
2c1b5
2395e
2fe28
2d0ba
2c1b7
2ac68
2cb15
2b392
2f88a
2b393
23964
2fe2b
2bb23
2c0d1
23968
2c1b9
3069f
23a20
27749
26b2b
2a6be
23b0e
2d1a3
2774b
23b10
24279
24915
28467
2427b
23a28
270c9
2ab7b
26a3e
23ce9
3077e
270ca
3077f
27a2a
23cec
30780
27fb7
23cee
23a30
2765b
2b93a
273a0
2ff12
2765c
30782
2a5d3
23a34
2b93e
2b93f
27fb9
23a37
2da1f
24286
2c56e
27a2d
30785
2c570
24289
26a40
2a5d4
26a41
23a3e
2c1bc
2a013
301f6
2774c
2c2a2
2a014
301f7
2ac6c
270cf
23a44
2ab82
270d1
2f977
2b397
23a47
2f978
2c1c0
271b4
2d1a8
2c2a5
271b6
2c93a
271b7
2cc05
2b482
2ff1a
2c2a6
271ba
3078c
2c1c1
2c2a8
27fbf
23a53
2c93d
23a54
2ff1e
2bc1b
2c93e
3078f
2c93f
23a59
30790
23a5b
2ff21
24af7
272a0
23c05
27af9
23b14
2ad5c
272a2
23b16
23dd6
25833
24a08
2855d
2436d
27fc1
23dd9
27fc2
26b33
23ddb
2a6c3
23ddc
28376
27571
23dde
28922
27afe
24375
2749b
2ac6f
26efe
2ba33
271bd
2ba34
271be
302c9
2ac71
240b6
272a3
30007
2c665
23b2a
28378
24379
2d567
27b01
23b2d
23b2e
27fc4
23b2f
302cd
2ac73
271c0
2bd08
272a5
2ad5d
26c21
2fa68
2a7b3
23b35
2c2af
2a6c9
23b37
2bd0a
2a6cb
302cf
2c2b1
2a6cd
23b3b
2c396
27b04
23b3d
2bdf4
23b3e
2c481
272aa
2ccf8
272ab
23b41
3000d
2ac75
27840
23b44
302d3
2bdf7
2fa6d
2fa6e
2b48b
2bdf8
30011
2bdf9
2c2b4
30012
2d2a0
2fa71
23ec8
2445e
27b06
23eca
2537a
26c23
2a7b4
24461
23c0e
27b09
24463
2ad60
24464
23c11
28469
24466
23c13
303b9
26fe1
2ad61
26a44
2bb25
272af
2bb26
272b0
303bb
2ad63
241a8
273a1
300f9
2c757
23c1c
2846a
2446b
2d659
27bfa
23c1f
23c20
27b0a
23c21
303bf
2ad65
272b2
2bdfa
273a3
2a8ac
26d19
2fb5a
2a305
23c27
2c3a1
2a7bb
23c29
2bdfc
2a7bd
303c1
2c3a3
2a7bf
23c2d
2bee6
27bfd
23c2f
2b940
23c30
2c573
273a8
2cdea
273a9
23c33
300ff
2ad67
2793b
23c36
303c5
2b943
2fb5f
2fb60
2b57d
2b944
30103
2b945
2beec
303c8
23c3e
2fb63
23de1
2528a
23cf1
27a2f
2da24
273ac
23de5
2da26
23cf5
241aa
28196
272b9
2a8ae
26a46
23cf9
28198
2d935
270d5
2ab84
26a48
2c1c5
26a49
23cfe
2a5dd
23cff
2c1c8
2428f
24afb
28199
24561
25a1e
26a4a
2819a
24afe
2a8b3
24aff
23d06
2819c
24b01
23d08
28b09
24b03
23d0a
30a59
23d0c
2cdee
24b07
30796
27cf3
2dcf6
28b0b
23d10
2dcf8
2cdf3
272be
2a8b4
272bf
26a4e
2c488
27edf
26b39
28292
23d17
2c579
27a34
2d486
2bd0f
2f981
2819e
273af
2bc1c
273b0
301f9
27ee0
27947
301fa
2bc1f
23d20
301fb
2c48d
27a35
2da2a
2c57b
27a37
2d488
2bd11
3079b
2c57c
27a3a
30a62
2da2e
2c57f
2bc20
30a64
23d2c
2d48a
23d2d
2d48b
2c48f
23d30
2c581
30a67
23de8
27b0d
26c2b
2837b
23ed6
2d56b
27b0f
23ed8
26b3b
2a6ce
2437d
2a9a4
2437e
302d8
27759
302d9
2a9a5
23df2
24652
24bee
28296
24654
25b10
26b3e
28297
24bf1
2a9a7
24bf2
23df9
28299
24bf4
23dfb
2864f
24bf6
23dfd
30b4b
28381
23dff
2dde7
24bfa
2cee2
27de6
30b4d
2cee4
24bfd
26b40
2829a
26b41
23e06
2a9aa
26b43
23e08
27b10
2d56e
2aa95
26d1b
2ccfc
26d1c
2cfcd
273b6
23e0d
2a9ab
23e0e
2bfe7
2757b
2d570
2c66d
2757d
2cfce
2be03
302df
2c66e
27580
30b52
2829c
2a9ac
23e17
2bfe9
27a45
23e19
302e2
2c670
28387
23e1c
302e4
2bfeb
2cd00
2c0d7
302e5
23e21
30b58
23e23
302e7
24ec1
27668
23fc7
27c00
23edc
2ab87
2766a
23ede
2446e
27b13
23ee0
27b14
23ee1
2c3aa
272c2
2c3ab
27582
30c39
23ee5
25651
24ce0
28388
24746
27583
23ee8
27584
23ee9
2838a
24ce4
23eeb
28470
24ce6
23eed
28a16
24ce8
2474e
2766b
303cd
2ca27
23ef2
28743
24ced
2dedb
28475
23ef5
23ef6
27b18
23ef7
2c675
27b19
23ef9
303cf
2766d
2c75c
26fe6
23efc
2c1ca
23efd
2cdf5
23efe
2aa9d
23eff
2c0d9
274a8
23f01
2c679
2be08
2758a
303d0
2aaa0
2758c
30c44
28477
27670
303d2
2c1cc
23f09
2cdf7
23f0a
2fe35
2d665
27c04
23f0d
30c47
2cdf8
2c1cf
303d6
2c0dc
2fe37
2c67c
303d8
2d668
2fe39
240b7
24fb4
23fcd
2775b
2d74e
270d8
240bb
2d750
23fd1
25743
28cf3
24ec4
24292
27675
23fd4
27676
23fd5
2847c
2482a
23fd7
28562
2482c
23fd9
28b0c
2482e
2429a
26d23
2a308
2456c
2ab8c
2456d
304be
2794c
304bf
2ab8d
23fe1
24830
2dfca
2775e
30d30
28566
23fe5
2cb1b
24834
30d32
2dfcf
27679
2c766
2ab8f
2767a
30d33
2c769
270d9
2ac7a
26e12
2d753
2ba38
2fc56
2c2bd
2ff22
2c76a
2767b
2c1d0
2a5df
307a3
28480
2ab92
23ff5
2c1d3
2767f
23ff7
304c5
27cf9
23ff9
2d755
2ba3a
2ff26
2c2bf
30d37
2d756
2c853
23ffe
304c9
2d759
2c1d4
24001
2ba3c
2ff29
2ba3d
24004
2ff2a
2c856
2d75b
240bd
27de7
250a6
271c9
2ad6a
26f02
240c1
280a6
2d843
24fb5
28b0d
24918
240c5
270dd
2ac7c
26e14
30870
270de
24387
30871
27b1c
24389
30872
280a9
2438b
240cd
2465d
27cfd
240cf
27cfe
240d0
2bfee
274aa
2bfef
2776a
30875
240d4
2cc10
24923
305b4
27b1e
2db12
28929
240d8
2db14
2cc15
27851
2d2a2
2bb2b
2f79d
270e0
2ac80
270e1
26e1a
2c85a
27d02
26f03
280ae
240e1
2c941
28571
271cd
2ba3e
271ce
30015
27d03
2776f
30016
2ba41
240e8
30017
2c85f
27853
2d846
2c943
27855
2d2a4
2bb2d
305b9
2c944
27858
3087e
2d84a
2c947
2ba42
30880
240f4
2d2a6
240f5
2d2a7
2c861
240f8
305bf
2d84d
250a7
28653
24a0a
241b7
271cf
2ad6e
26f06
30962
271d0
24479
30963
27c0e
2447b
30964
281a2
2447d
241bf
2474f
27def
241c1
27df0
241c2
2c0e0
26ff0
2c0e1
2785c
30967
241c6
2cd02
24a15
306a6
27c10
2dc04
28a1b
241ca
2dc06
2cd07
272c3
2a8be
26a53
2d937
2bc22
2f88e
2befb
30106
2785d
2c94a
2ad73
2785e
3096b
2c94d
280b7
272c5
2bb30
272c6
30107
27df5
27861
30108
2bb33
241da
30109
2c951
27951
2d938
2c493
27953
2d396
2bc25
306ab
2c494
27956
30970
2d93c
2c497
2bb34
30972
241e6
2d398
241e7
2d399
241e9
306b0
241eb
30975
2429c
28573
26b46
28574
24390
2dfd1
28575
24392
25745
27ee8
24757
27ee9
242a4
27866
27eea
242a6
24836
28484
24837
30d3e
26d2a
28485
24839
2ab97
2483a
30d40
242ad
24b0d
25fda
25748
28cf4
250ac
27eed
24b10
27eee
24b11
2883b
27869
24b13
290bc
2829e
24b15
2967a
2883e
27fdd
30d41
2d39b
242ba
290be
250b7
2e2a3
28841
242bd
242be
27eef
242bf
2ca33
27ef0
242c1
2a8c0
242c2
2c49b
27ef3
3100a
2ca35
27ef5
242c6
27fdf
2dfd4
2795b
26ffb
242c9
2c58c
242ca
2d1b7
242cb
3100c
2c1d9
242cd
2ca39
28843
27fe2
30d46
2c58e
242d1
2d1b9
242d2
307a9
2dfd9
28578
242d5
3100f
242d7
30d4a
2c590
2c2cd
307ab
2ca3a
30d4c
2dfdc
307ad
2447f
2537e
24395
27a49
2db16
271d8
24483
2db18
24399
27fe7
2439a
2c863
2492a
27d04
2439c
27d05
2439d
2c866
2c867
243a0
25b11
2519d
28846
24c01
2795d
243a3
270eb
243a4
28848
251a1
243a6
2892e
251a3
243a8
28ed8
251a5
251a6
2e392
27b24
310f8
28932
243ad
2d48f
251aa
310fa
2e397
27960
2cb2e
27961
270ee
310fb
27fed
30b5a
2c2cf
26b53
30889
27ff0
26b55
310fd
27a4c
2cc16
271da
243ba
3088b
2c3ba
3001e
2c67f
302ec
2cb34
2a9b3
30b5b
28935
27b28
3088c
2c680
243c2
2d2ab
243c3
302ef
2db1f
27ff2
243c6
3088f
2db21
2c596
243c9
2c3be
302f1
2c3bf
243cc
302f2
2cc1e
2db23
24485
24572
28a1c
272c9
28a1d
26d2d
24489
28a1e
2dc0b
271db
311e4
27b2e
2448d
2786d
2c956
2786e
30977
280c1
24a1f
2528d
24492
25c04
291c1
26c3e
280c2
25290
280c3
25291
24496
2893b
25293
24498
28cf6
25295
2449a
311e9
2449c
2cfd2
25299
3097a
2848f
2e486
28cf8
244a0
2e488
2cfd7
271e0
2893c
271e1
26c42
2cc22
27591
2c684
27b34
244a7
2c686
26c46
244a9
3097c
272cb
28a26
26d2f
2dc0d
2cc25
27c1a
2d66a
2bf01
30111
2aaa5
30c4d
2cc26
280c7
27c1b
2dc0e
2cd0b
27c1d
2d66c
2bf03
3097f
2cd0c
27c20
311f2
2dc12
2cd0f
2bf04
303e2
2bf05
244bc
2c3c5
311f5
2cc29
244c0
2cd11
311f7
24578
282a1
26e1e
282a2
24666
2dcfb
282a3
24668
24dd3
25471
28fcb
24dd5
24580
272cd
28a2b
26d31
312d6
27596
24842
312d7
28582
24844
312d8
28b13
24846
24588
27963
2c4a0
27964
30a6a
272d0
312da
27c24
2458c
2c4a4
2c4a5
28b15
2458f
2e577
24de0
2d0c6
28585
312dd
2d0c8
24de3
26d34
281b6
26d35
24596
281b7
26d37
2bf06
26d38
304ce
2bf08
2459a
304cf
2cd16
26e20
282a4
2459d
2cdfb
281b8
274ab
2d492
274ac
2d75d
2759a
245a2
2c77f
27c2c
245a4
2cdfc
28b1a
245a6
2d494
27d10
2d75f
27d11
245a9
30a74
2ce00
28b1b
245ac
2bf0b
312e6
2d496
2c86d
30a77
245b1
312e8
245b3
30a79
25653
27df8
2475d
27df9
2466c
27776
27dfa
2466e
2492e
263a2
25564
290c1
24ec7
27d13
24931
27d14
24932
28b1e
2768b
24934
28eda
280c9
24936
29496
2865a
24ecf
273c1
2a9b4
26b57
2c599
26e24
2c59a
26e25
30e21
282ab
24c0e
27dfb
30b5f
2d1bd
24682
28edc
24ed3
2e0bf
2865d
24685
24686
27d17
24687
2ce05
27d18
24689
2ac8a
2468a
2c86f
27d1b
30e26
2ce07
27d1d
2468e
27dfd
2ddf0
27779
26ffc
2cfd8
26ffd
2d84f
273c7
24693
30e28
2bffb
24695
2ce0b
2865f
27e00
30b64
2c95c
24699
2cfdb
2469a
305c5
2ddf5
28398
2469d
30e2b
2469f
30b68
2c95e
30b69
2c95f
2ce0c
30b6a
2ddf8
305c9
24a20
24fb8
28662
24a22
25ee9
26f14
28399
24fbb
2839a
24fbc
24767
28665
24fbe
24769
28fcd
24fc0
2476b
30f11
274b3
2aaa6
26c49
2c68b
26f16
2c68c
26f17
30f13
2839d
24d00
27ef9
30c51
2d2af
24774
28fce
24fc5
2e1b1
28756
24777
24778
27efb
2dee2
27870
26f18
2839e
26f19
2477c
2839f
26f1b
2c0ea
26f1c
306b2
2c0ec
24780
306b3
2cefa
270f0
2d0ca
270f1
2d941
274b9
24785
30f1a
2c0ed
24787
2cefd
28758
27efe
30c56
2c4a8
2478b
2d0cd
2478c
306b7
2dee7
28493
2478f
30f1d
306b8
2c0ef
2c4aa
30c5b
2c4ab
2ca44
2deeb
24796
306bb
24939
25dea
24849
27f03
2e57c
27690
2493d
2e57e
2484d
24d02
28cfa
2759d
28cfb
27001
24851
28cfc
2e48d
272d6
28a34
26d3d
2cd1d
27002
2cd1e
27003
315ad
28a36
24de9
25657
2485a
25fdd
29b46
27004
28a37
2565a
28a38
2565b
2485e
28d00
2565d
24860
2967d
2565f
24862
315b1
24864
2d946
25663
312ee
2884f
2e860
2967f
24868
2e862
2d94b
27006
2ca46
27f06
31015
27e16
2cfde
27e17
275a6
315b5
2c784
2700b
312ef
284a0
2700d
315b7
27f07
2d0d0
27692
24875
312f1
2c874
304d8
2cb39
30d53
2cfe4
28a3c
2858d
2e582
2d0d3
2858f
2dfe0
2c877
312f3
2d0d4
28592
315ba
2e586
2d0d7
2c786
315bc
24884
2dfe2
24885
2dfe3
2cfe7
24888
2d0d9
315bf
24940
28669
271e4
2866a
24a2e
2e0c3
2866b
24a30
26e2e
282b0
24ed7
282b1
24ed8
28b2a
24ed9
30e31
27695
2494a
251ac
26689
2494c
260cf
2574b
28595
251af
28596
251b0
28ee1
27f0b
251b2
291c2
28940
251b4
2977e
28ee4
25753
28ee5
24957
2e951
25756
2da3a
28942
316a5
2da3c
25759
26b58
2c87a
26b59
30896
27698
28dfe
27699
270fd
2d0dc
2859a
24962
2cb41
27100
24964
30e36
27785
28ee8
271e7
2e0c7
2d0df
280d2
2db24
2c967
305cb
28dff
280d3
2e0c8
2d1c5
280d5
2db26
2c969
30e39
2d1c6
280d8
316ac
28e00
2d1c8
28eeb
24974
30e3c
2cb43
2d858
316af
2d859
24979
316b0
2497b
30e3f
25a21
281c0
24b1f
281c1
24a34
27b3c
281c2
24a36
24fc8
27e19
24a38
27e1a
24a39
280d9
24a3a
2cf03
24fcc
30f24
24a3d
261c0
2977f
25932
252a0
27ffb
24a40
2778b
24a41
28eee
25840
24a43
28fd4
25842
24a45
2958a
25844
252a8
281c3
30f25
2d57f
24a4a
292b7
25849
2ea45
28fd9
24a4d
24a4e
280dd
24a4f
2cc31
271ed
28674
271ee
24a52
28675
271f0
30989
2c96f
24a55
3098a
2d1d0
272da
2875e
24a58
2d2b5
28676
27965
2d94c
27966
2dc17
28000
24a5d
2d1d3
28fdb
281c8
30f2a
2cd24
24a61
2d94f
24a62
3098d
2e1bd
28760
24a65
3179f
2d950
317a0
2d951
2cc34
24a69
2d1d4
30f30
2e1c0
30991
24c0f
25b14
24b25
27c2f
2e2a6
27968
24c13
2e2a8
24b29
262b2
29871
25a24
24dec
27b41
24b2c
2787a
24b2d
28fe0
25386
24b2f
290c6
25388
24b31
29680
2538a
24df4
26a68
284a3
250c6
284a4
250c7
28764
250c8
31017
2787d
24b39
2538c
2eb34
282b6
31888
290ca
24b3d
2d673
25390
3188a
2eb39
27c31
312fa
2c4b3
24b42
281d2
24b43
2d2bf
281d3
24b45
2cd2a
281d5
3188c
2d2c1
281d7
24b49
282b7
2e2aa
27c34
27881
24b4c
2ce14
24b4d
2da3f
24b4e
3188e
28fe4
28855
24b51
2e2ad
2c5a0
30a7e
2ce17
3188f
2e2ae
2d3ab
24b56
31021
2e2b1
2cd2c
24b59
2c5a2
30a81
2c5a3
24b5c
30a82
2d3ae
2e2b3
24c15
24d08
28c08
27a59
28c09
274bd
24c19
28c0a
2e39b
25b15
29681
25474
24c1d
2796b
290d1
273cf
313c8
27c36
24ee1
313c9
28678
24ee3
313ca
28c0d
24ee5
24c25
251b7
28001
24c27
28002
24c28
282c1
24c29
2cb47
251bb
3110a
24c2c
2d768
2547f
3110c
2867a
2e67c
2949d
24c30
2e67e
2d76d
273d2
2ce1a
27d24
30e41
27c38
2d3b0
27c39
27972
313d1
2c5a6
273d7
3110d
282c8
273d9
313d3
27d25
2d498
27a5c
24c3d
2cf06
24c3e
2d585
24c3f
3110f
2d3b6
2885f
283ab
2e39e
2d49b
283ad
2ddfc
2c693
31111
2d49c
283b0
313d6
2e3a2
2d49f
2c5a8
2ce1f
24c4c
2ddfe
2d589
313d9
2d3b9
24c50
2d4a1
313db
24d0e
25eea
29a55
25c08
24fd1
27d27
24d11
27a5e
24d12
28c18
2556b
24d14
28d05
2556d
24d16
292b9
2556f
252a9
27b47
24d19
27b48
24d1a
283b3
24d1b
2cc39
252ad
311fc
24d1e
2d85a
25571
311fe
2876c
2e76e
2958f
24d22
2e770
2d85f
274c4
2cf0c
27e1c
30f33
27e1d
2cfe8
275ab
24d28
283b6
24d29
2d4a3
283b7
24d2b
2cf0e
283b9
314c4
2d4a5
283bb
24d2f
2ca52
24d30
2d677
24d31
31201
2d4a8
28951
284a9
2e490
2cfeb
284ab
2deee
2c78b
31203
2cfec
284ae
314c8
2e494
2cfef
2c69a
314ca
24d3e
2def0
24d3f
2def1
24d41
31208
24d43
314cd
24df6
290d7
2769e
290d8
24eea
2eb3b
290d9
24eec
262b4
28a44
252b1
28a45
24dfe
283be
28a46
24e00
25392
281d9
24e02
281da
24e03
28a47
24e04
2d2cb
25396
31898
24e07
27b4e
292bd
275b1
31b5a
283c0
2566b
31b5b
28e01
2566d
31b5c
293b1
2566f
24e0f
25c12
2ee1c
28b3a
31b5e
293b4
24e13
2def5
25c16
31b60
2ee21
284b1
315c0
2cd2f
24e18
28a4c
24e19
2d58b
28a4d
24e1b
2cff4
28a4f
31b62
2d58d
28a51
24e1f
28b3b
2eb3e
284b4
27b53
24e22
2d0e4
24e23
2dd0f
24e24
31b64
292c2
290db
24e27
2eb41
2ce22
31300
2d0e7
31b65
2eb42
2d681
24e2c
318a1
2eb45
2cff6
31302
2ce24
24e31
2e58f
24e32
31304
2d684
2eb47
24eed
24fda
2949e
27d2f
2949f
27791
24ef1
294a0
2e683
27974
290dd
273db
2d3bb
276a2
2d3bc
276a3
31c4b
290df
25489
25cfb
28b45
2575b
28b46
2575c
294a1
284b7
2575e
29780
28ef4
25760
29d3f
294a4
25d03
294a5
24f03
2ef0f
25d06
2dfe6
28ef6
31c51
2dfe8
25d09
27104
2ce26
27105
30e42
27c44
293bd
27c45
276a9
2d688
28b4a
24f0e
2d0ed
276ac
24f10
313e2
27d31
294a8
27793
2e685
2d68b
28682
2e0d0
2cf13
30b77
293be
28683
2e686
2d771
28685
2e0d2
2cf15
313e5
2d772
28688
31c58
293bf
2d774
294ab
24f20
313e8
2d0ef
2de04
31c5b
2de05
24f25
31c5c
24f27
313eb
25fde
28770
250cd
28771
24fe2
280e8
28772
24fe4
25576
283c5
24fe6
283c6
24fe7
28689
24fe8
2d4af
2557a
314d0
24feb
27d36
294ac
27797
31d3e
285a8
2584f
31d3f
28ff1
25851
31d40
29595
25853
24ff3
25df6
2f000
28774
31d42
29598
24ff7
2db2d
25dfa
31d44
2f005
280e9
317a4
2cf19
24ffc
2868e
24ffd
2d779
2868f
24fff
2d1de
28691
31d46
2d77b
28693
25003
28775
2e776
280ec
27d3b
25006
2d2ce
25007
2def9
25008
31d48
294b1
28d13
2500b
2e779
2ca5a
30f38
2d2d1
31d49
2e77a
2d865
25010
314d9
2e77d
2d2d2
2ca5d
30f3a
2cf1c
2d1e1
25016
30f3c
2d868
2e77f
250d1
251be
29682
27f13
29683
27977
250d5
29684
2e867
27888
28d15
25934
28d16
25935
250da
295a0
25937
250dc
29966
25939
250de
31e31
250e0
27e27
2cff8
275bb
315c2
27e28
31e32
28780
250e4
2cffc
2cffd
29689
250e7
2f0f3
2593e
2dc1e
290e9
31e35
2dc20
25941
272ea
2ca5e
272eb
31026
27e2a
295a1
27e2b
2788f
2d86c
28784
250f2
2d2d7
27892
250f4
315c8
27f15
2968c
27979
2e869
2d86f
28868
2e2b4
2cb4b
30d5b
295a2
28788
250fc
2d954
2968e
250fe
2dfec
2886c
2e2b7
2886d
25101
315cc
2d958
2968f
25104
2ca63
31e3e
2dfee
2d3c5
315cf
25109
31e40
2510b
315d1
261c2
28954
252b7
28955
251c6
282ce
28956
251c8
2548a
281e1
251ca
27f18
251cb
291cb
25a28
251cd
291cc
25a2a
251cf
29784
25a2c
25492
27106
28b4f
25764
28b50
25765
28e0e
25766
316b5
27f1b
251d7
25a2e
2ec38
28958
3197a
291d0
251db
2dd17
25a32
3197c
2ec3d
282cf
313ec
2cb51
251e0
28874
251e1
2d95d
28875
251e3
2d3c8
28877
3197e
2d95f
28879
251e7
28959
2e95a
282d2
27b54
2db30
27b55
2e3a7
27f1f
251ec
31980
29695
28efb
251ef
2e95d
2cc3e
3111c
2d4b5
31981
2e95e
2da49
251f4
316bf
2e961
2d3ca
3111e
2cc40
251f9
2e3ab
251fa
31120
2da4c
2e963
252bb
28009
291d6
27a6d
31a66
282d4
2557f
31a67
28d1e
25581
31a68
292c5
25583
252c3
25855
280f3
252c5
280f4
252c6
28963
252c7
2d1e5
25859
317a8
252ca
2de06
25b21
317aa
28d20
2ed2c
29b4c
252ce
2ed2e
2de0b
27a70
2d4b8
283c8
314df
283c9
2d594
27b57
252d4
28966
252d5
2da4f
28967
252d7
2d4ba
28969
31a70
2da51
2896b
252db
2cffe
252dc
2dc23
252dd
317ad
2da54
28f05
28a59
2ea4e
2d597
28a5b
2e49a
2cd37
317af
2d598
28a5e
31a74
2ea52
2d59b
2cc46
31a76
252ea
2e49c
252eb
2e49d
252ed
317b4
252ef
31a79
253a2
29696
27c4a
29697
25496
2f0f9
29698
25498
2686f
28ff8
2585d
28ff9
253aa
2896e
28ffa
253ac
25942
28789
253ae
2878a
253af
28ffb
253b0
2d877
25946
31e44
253b3
280fa
2987a
27b5d
32106
28970
25c1b
32107
293c0
25c1d
32108
2996e
25c1f
253bb
261cd
2e49e
290ee
3210a
29971
253bf
2afcf
261d1
3210c
2e4a3
28a61
31b6c
2d2db
253c4
29000
253c5
2db37
29001
253c7
2d5a0
29003
3210e
2db39
29005
253cb
290ef
2f0fc
28a64
280ff
253ce
2d690
253cf
2e2bb
253d0
32110
2987f
2969a
253d3
2f0ff
2d3ce
318ac
2d693
32111
2f100
2dc2d
253d8
31e4d
2f103
2d5a2
253db
2d3d0
318af
2d3d1
253de
318b0
2dc30
2f105
25499
25586
29a5b
282db
29a5c
27d3d
2549d
29a5d
2ec41
27f20
2969c
27987
2d967
27c4e
2d968
27c4f
321f7
2969e
25a39
262b6
290f9
25d0b
290fa
25d0c
29a5e
28a67
25d0e
29d40
294b3
25d10
2a30a
29a61
262be
29a62
254af
2e591
262c1
2b0c0
294b5
321fd
2b0c2
262c4
276b0
2d3d2
276b1
313ee
281f0
2997a
281f1
27c55
2dc34
290fe
254ba
2d699
27c58
254bc
3198e
282dd
29a65
27d3f
2ec43
2dc37
28c36
2e68e
2d4bf
31123
2997b
28c37
2ec44
2dd1d
28c39
2e690
2d4c1
31991
2dd1e
28c3c
32204
2997c
2dd20
29a68
254cc
31994
2d69b
2e3b0
32207
2e3b1
254d1
32208
254d3
31997
26599
28d24
25679
28d25
2558e
28698
28d26
25590
25b26
28975
25592
28976
25593
28c3d
25594
2da5b
25b2a
31a7c
25597
282e2
29a69
27d43
322ea
28b58
25dff
322eb
295b0
25e01
322ec
29b52
25e03
2559f
263b1
2e0d6
28d28
322ee
29b55
255a3
2b1b3
263b5
322f0
2e0db
28699
31d50
2d4c5
255a8
28c42
255a9
2dd25
28c43
255ab
2d78a
28c45
322f2
2dd27
28c47
255af
28d29
2ed34
2869c
282e7
255b2
2d87a
255b3
2e4a5
255b4
322f4
29a6e
292d2
255b7
2ed37
2d006
314e4
2d87d
322f5
2ed38
2de11
255bc
31a85
2ed3b
2d87e
2d009
314e6
2d4c8
2d78d
255c2
314e8
2de14
2ed3d
2567d
2576a
29c3f
284bf
29c40
27f23
25681
29c41
2ee25
27e34
292d4
25eef
292d5
25ef0
25686
29b5d
25ef2
25688
29f26
25ef4
2568a
323dd
2568c
283d3
2d5a4
27b67
31b6e
283d4
323de
28d34
25690
2d5a8
2d5a9
29c46
25693
2e1c9
25ef9
2b2a4
296a8
323e1
2b2a6
25efc
27896
2d00a
27897
315d2
283d6
29b5e
283d7
27e3b
2de18
28d38
2569e
2d883
27e3e
256a0
31b74
284c1
29c49
27f25
2ee27
2de1b
28e1c
2e872
2d0f7
31307
29b5f
28d3c
256a8
2df00
29c4b
256aa
2e598
28e20
2e875
28e21
256ad
31b78
2df04
29c4c
256b0
31b7a
2d885
2e59a
323eb
2e59b
256b5
323ec
256b7
31b7d
2677d
28f08
25863
28f09
25772
2887e
28f0a
25774
25a3a
25fe1
28e23
25a3c
28e24
25a3d
29c4e
28793
25a3f
2a017
291ec
25a41
2a5e0
2978b
276b2
29103
25d14
29104
25d15
293cd
25d16
31c61
284c7
25783
25fe9
2e2c0
28f0c
31f26
2978d
25787
2adeb
25fed
31f28
2e2c5
2887f
31998
2d0fd
2578c
28e28
2578d
2df09
28e29
2578f
2d974
28e2b
31f2a
2df0b
28e2d
25793
28f0d
2ef18
28882
28100
2e0dc
28101
2e965
284cb
25798
31f2c
29c52
294ba
2579b
2ef1b
2d1ea
316c8
2da61
31f2d
2ef1c
2dff5
257a0
31c6b
2ef1f
2d976
257a3
2d1ec
316cb
2d1ed
257a6
316cc
2dff8
2ef21
25867
25b2d
28883
25869
285b6
2586a
29794
260d6
2586c
29881
260d8
2586e
29e36
260da
25e05
286a3
25871
286a4
25872
28f17
25873
2d791
25e09
31d54
25876
2aeda
260dc
31d56
292df
2e3b4
2a10c
2587a
2e3b6
2aedf
2801c
2da64
28978
31a8b
28979
2db40
28103
25880
28f1a
25881
2dffb
28f1b
25883
2da66
28f1d
3201c
2dffd
28f1f
25887
2d5aa
25888
2e1cf
25889
31d59
2e000
294c4
2900d
2f00c
2db43
2900f
2ea58
2d2e3
31d5b
2db44
29012
32020
2f010
2db47
2d1f2
32022
25896
2ea5a
25897
2ea5b
25899
31d60
2589b
32025
28797
29f29
281f7
25953
29f2a
2b2ab
286a5
29e37
28105
25957
29e38
2b1b9
283da
29b63
27e41
2de21
28106
2de22
28107
326b5
29b65
25f02
2677f
295bb
261d4
295bc
261d5
29f2b
28f25
261d7
2a7c5
2997e
261d9
2ad7e
29f2e
26787
29f2f
25969
2ea5d
2678a
2b580
29980
326bb
2b582
2678d
27b6a
2d886
27b6b
31e54
286ac
29e3c
286ad
2810d
2e0e4
295c0
25974
2db4d
28110
25976
323f4
28799
29f32
281f9
2e1d5
2e0e7
296ae
2f106
2d979
315dd
29e3d
295c4
2597e
2b2ae
29f34
25980
31e58
2e1d9
296b3
2f108
2d97b
323f8
2b2b2
29f35
25986
2b2b5
326c4
31e5b
2d88b
2dc40
323fc
2dc41
2e0ea
323fd
282e8
29799
25b36
2adef
2979a
25b38
27f32
293d3
25ff0
293d4
25ff1
29c59
25ff2
31f35
2879d
25a50
262c5
26872
296b7
262c7
296b8
262c8
2a01d
2901b
262ca
2a30b
29a70
262cc
2a8c4
2a020
291f1
31f37
2b671
25a5c
2a30d
2687d
2eb51
2a023
25a5f
25a60
296b9
25a61
2dc43
281ff
29c5d
28200
25a64
29c5e
28202
3199b
2d981
25a67
3199c
2e1e2
282ea
2979b
25a6a
2adf3
29c5f
2897b
2e96a
2897c
2ec4d
2901e
25a6f
2adf4
2a026
25a71
3199e
2e2cb
291f9
2ec4e
2da6d
31f3e
29c60
2979d
25a77
327b5
319a0
2adfb
2dc46
25a7b
2da6e
319a2
2da6f
25a7e
319a3
25c27
292e3
25b3a
28c4c
292e4
25b3c
260e1
28f29
25b3e
28f2a
25b3f
291fb
25b40
2e007
260e5
32028
25b43
28892
2a028
282ef
3289a
2910c
263ba
3289b
29b6c
263bc
3289c
2a111
263be
25b4b
2696c
2e694
292e6
3289e
2a114
25b4f
2b765
26970
328a0
2e699
28c4d
322fc
2da71
25b54
29200
25b55
2e2d1
29201
25b57
2dd36
29203
328a2
2e2d3
29205
25b5b
292e7
2e3b8
28c50
28897
25b5e
2de26
25b5f
2ea63
25b60
328a4
2a02d
2988e
25b63
2e3bb
2aee8
292ec
328a5
2de28
25b67
2ea65
25b68
32031
2e3bf
2e3c0
25b6b
2d5b4
31a93
2d5b5
25b6e
32034
2dd39
2e2d9
25c2b
28d3f
2afd2
28a70
25d1b
2afd4
25c2f
28981
2a11a
283e1
3298a
28c52
25f06
3298b
29c61
25f08
3298c
2a203
25f0a
25c37
261dc
2901f
25c39
29020
25c3a
292f1
25c3b
2db53
261e0
3211c
25c3e
2b854
264b3
3211e
29c63
2e788
2a4f3
25c42
2e78a
2b859
283e4
2de2c
28d42
323ff
28c54
2e3c2
28c55
28988
32993
2d5b8
283e9
3211f
292f8
283eb
32995
28d43
2afd6
28a72
25c4f
32121
2d6a2
318b2
2df19
31b81
2e3c8
29898
293db
2e4ac
2afd9
293dd
25c57
32123
2d6a4
31b83
2df1b
32998
2e4b0
2afdd
2afde
2e4b3
25c5e
32127
2de31
2eb58
3299c
2eb59
25c63
3299d
28b61
29d45
285c1
25d1f
29d46
2b0c7
284d2
29986
2659c
29987
2659d
25d24
2a20e
2659f
25d26
2a5e3
265a1
25d28
324d3
25d2a
28a75
2dc48
28207
3220c
28a76
324d4
293e4
25d2e
2dc4c
2dc4d
29d4b
25d31
2e87f
265a6
2b39c
297aa
324d7
2b39e
265a9
27f34
2d6a8
27f35
31c70
28a78
2a20f
28a79
284d9
2e4b6
293e8
25d3c
2df21
284dc
25d3e
32212
28b63
29d4e
285c3
2e59d
2d794
313f8
2e00b
31c73
2e4b9
2a210
293ec
25d46
2b0ca
29d50
25d48
31c74
2e5a1
294d1
2ef24
2d797
32216
2b0ce
29d51
25d4e
2b0d1
324e0
31c77
2d6ad
2e00e
3221a
2e00f
2e4bc
3221b
2668d
294d3
260e8
294d4
260e9
29e3f
28e39
260eb
2a6d4
2989a
260ed
2ac8c
29e42
26695
282f8
29a7a
27d51
2dd3b
285c6
2dd3c
285c7
325c7
29a7c
263c5
295c7
32301
2b48d
25e24
2a6d6
26699
2e973
29e45
25e27
25e28
294d7
25e29
2e011
28114
29b70
25e2b
2b1bb
28b6a
29d55
28b6b
285cb
2e5a8
294da
25e30
2e013
285ce
25e32
32304
295ca
2f014
2d88d
314eb
29a7f
28e3c
25e37
2e5ad
29e47
295cc
32306
2e0f0
2b1bf
25e3c
2e78e
295d0
2f017
29b72
25e3f
325d1
25e41
3230a
2e014
25e43
2d890
31d6a
2d891
25e46
31d6b
25ffe
29c65
25f0d
295d2
29c66
25f0f
263c6
29b73
25f11
294e0
29b74
25f13
264b8
292fb
25f15
292fc
25f16
29b75
25f17
2e3cf
264bc
329a0
25f1a
29b77
25f1b
2e0f7
286b9
2a125
286ba
25f1e
2a126
286bc
32401
2de35
25f21
32402
2e6a4
287a8
2a214
25f24
2b85f
2a127
28e3d
2e1e8
28e3e
2ee37
294e3
25f29
2e6a7
2a4f7
29c6a
329a4
2df26
25f2d
2e1eb
25f2e
32405
2e797
2a216
25f31
32c7c
2e1ec
32c7d
2e1ed
2e79a
32407
2de36
32c7f
25f38
32409
260f0
297ab
26003
296c4
297ac
26005
265aa
293ed
26007
293ee
26008
29c6f
26009
2e4c1
265ae
324e6
2600c
29c71
2600d
2e1ef
287ad
2a21a
287ae
26010
2a21b
287b0
31f47
2df2d
26013
31f48
2e7a0
2889a
29d5a
26016
2b3a5
2a21c
28f2f
2e2da
28f30
2ef29
295d9
2601b
2b3a6
2a5ea
2601d
2e2dc
297b2
2ef2b
297b3
26020
324ec
2a21d
29d5c
26023
32d6e
2e2de
32d6f
2e2df
2e88c
31f4d
2df2e
2e1f3
2602a
31f4f
261e2
2989f
260f5
2920a
298a0
260f7
2669c
294e4
260f9
294e5
260fa
297b5
260fb
2e5b3
266a0
325d8
260fe
297b7
260ff
2e2e1
2889f
29d60
288a0
26102
29d61
288a2
32039
2e01f
26105
3203a
2e892
2898e
29e4c
26108
2b497
29d62
29021
2e3d2
29022
2f01b
296cb
2610d
2e895
2a6db
298a4
325dc
2db5e
26111
2e3d5
26112
3203d
2e97b
29e4e
26115
32e60
2e3d6
32e61
2e3d7
2e97e
26119
2e020
2e2e5
2611c
32041
262d4
29991
261e7
292fe
29992
261e9
2678e
295da
261eb
295db
261ec
298a9
261ed
2e0ff
26792
326cc
261f0
298ab
261f1
2e3d9
28993
29e52
28994
261f4
29e53
28996
3212b
2db65
261f7
3212c
2e984
28a80
29f3e
261fa
2b589
29e54
29113
2e4c4
29114
2f10d
29211
261ff
2e987
2a7cd
29996
326d0
2dc50
26203
2e4c7
26204
3212f
2ea6d
29f40
26207
32f52
2e4c8
32f53
2e4c9
2ea70
2620b
2db66
32f55
2620e
32133
263ca
29a83
262d9
293f0
29a84
262db
26880
296cc
262dd
296cd
262de
2999b
262df
2e1f7
26884
327be
262e2
2999d
262e3
2e4cb
28a85
29f44
28a86
262e6
29f45
28a88
3221d
2dc57
262e9
3221e
2ea76
28b72
2a030
262ec
2b67b
29a86
2ec52
2b0d3
319a5
29f46
29305
262f1
2ea79
2a313
29a88
327c2
2dd42
262f5
2e5b9
262f6
32221
2eb5f
2a032
262f9
32a98
2e5ba
32a99
2e5bb
2eb62
32223
2dc58
32a9b
26300
32225
26972
29212
263cf
29213
263d0
29a8d
263d1
2e2e9
26976
328b0
263d4
29a8f
263d5
2e5bd
286c2
2a129
263d7
2b76d
2911c
2a316
2911d
28b79
2eb66
29a92
263dc
2e5bf
28b7c
263de
328b2
29b82
2ed44
2b1c5
31a97
2a038
293f7
263e3
2eb6b
2a408
29b84
328b4
2de3a
263e7
2e105
263e8
32313
2e6af
2a12b
263eb
32b8a
2e106
32b8b
2e107
2e6b2
32315
2dd4a
32b8d
263f2
32317
265b0
2a21e
264bf
29b8a
2a21f
264c1
26978
2a12c
264c3
29a98
2a12d
264c5
286c4
2e3de
286c5
329ae
29216
2a9b9
29217
28c6b
2ec5a
2a131
264cc
2e6b7
28c6e
264ce
32f58
29308
2aaab
28d5b
2ed4b
2ec5d
2a221
2e7a6
2afe7
32135
2a9ba
2a135
264d6
2be12
2aaad
264d8
2e4d2
2a225
2e7a9
2a226
264db
32f5c
2be16
2aaae
264de
2e7aa
264df
2e7ab
329b5
2be19
2e6b8
264e3
2ec60
32f61
28e4a
2a319
266a3
2b953
2a31a
266a5
28d5c
2e7ac
29c7e
32d74
29b8f
2ed54
29b90
2930c
33321
2e4d8
28d61
32a9d
2a22d
28d63
33323
29c7f
2b956
293fd
265c3
32a9f
2b0d8
32226
2b3af
324f7
2ed5a
2a31c
265c8
2ee3f
2b0da
324f8
2b3b1
33325
2ee40
2b95b
265cd
2ed5b
2ee42
2b95d
2b0dc
324fa
2b0dd
265d2
2b95f
33329
324fc
2e4db
265d7
3332b
294ec
2ac8d
28f3d
266a8
2ac8e
2ba47
297c3
32e65
2e5c9
266ac
29d6f
266ad
2ee47
29d70
266af
2e8a0
29d72
33414
2ee49
29d74
266b3
29e58
2ef2e
297c6
29401
266b6
2b4a0
266b7
2e109
266b8
33416
2aba3
2a40e
266bb
2ef31
2b1cc
325ea
2b4a3
33417
2ef32
2ba4d
266c0
32b95
2ef35
2b4a4
32b96
2b4a5
2ba50
3341b
266c6
32b98
2e8a3
2ee4f
26798
298b3
2bb36
295df
26888
2bb38
2679c
29e60
2679d
2e991
28f41
2a410
28f42
267a0
2a411
28f44
326d9
2e111
267a3
326da
2ef3c
29030
2a4ff
267a6
2bb3b
2a412
296ce
2e1fa
296cf
2ea7d
297c9
267ab
2ef3f
2ad82
29f4d
32c86
2b594
267af
2e1fd
267b0
326dd
2f025
2a501
267b3
3350b
2e1fe
3350c
2e1ff
2f028
267b7
2e112
3350e
267ba
326e1
2697c
2a03a
2688b
299a6
2a03b
2688d
28a8c
2e200
28a8d
327ca
295e2
2ad85
295e3
29035
2f02c
29f55
26894
2ea85
29038
26896
32d76
296d2
2a8c7
29123
2f113
2ae02
31f50
2b685
327cd
2f02f
2ad86
29f59
2689e
2bc2e
2a8c9
268a0
2e2ee
2a041
2eb71
2a042
268a3
32d7a
2bc32
2a8ca
268a6
2eb72
268a7
2eb73
327d1
2bc35
2ea86
327d2
2f032
32d7f
29124
2eb74
29a9d
32b9b
29a9e
2bd1e
2921d
26984
2a045
26985
2f11d
2a046
26987
2eb76
2a048
3313e
2f11f
2a04a
2698b
2b776
2698c
2e3e5
2698d
32e69
2f122
2a5f7
2a138
2ec64
2bd21
2a13a
2e6bc
2aef7
32e6b
2bd22
2a13d
33142
2ec68
2bd25
2aef8
328c2
2aef9
2699a
32e6f
2ec6b
328c4
2e2f7
2699f
33147
26a6b
27016
27899
26a6e
2a506
27f37
2701a
26a71
2a5f8
2798a
26a73
2a7dc
2a8d0
26a76
30a86
26a78
2bb44
307b0
2b599
27f3e
307b2
2c4ba
26a7c
27f41
296d8
2aba5
2a8d2
2b2c4
2ea88
29f61
2f2e5
2b59c
26a83
2f035
2f2e7
30114
26a87
2b2c7
2c4bb
2b2c8
2c4bc
26a8a
2e208
326e2
2bb4c
2b5a1
26a8d
2f1f4
2f037
2f1f5
26a91
26c4e
2798c
28029
2710b
2a8d3
285d5
2a04e
271fa
2ac96
2802c
273df
2a9c1
26b67
27a7d
26b69
2802f
2c2d4
26b6b
2bc37
2c2d5
26b6d
2cb58
28033
308a3
297ca
26b71
2fc58
2b68c
2f126
2ae0b
26b74
2bc3a
2a055
2f3d8
26b77
26b78
2a6ed
2b68f
2cb59
2b690
2cb5a
2ae0f
2eb7c
26b7d
2f2ed
2bc3f
2c2d9
26b80
2f3dc
26b82
2f894
2a13e
26c51
2811a
27a80
26c53
31216
2a6ef
2789c
26c56
283f0
29b92
26c58
275c3
26c5a
27b74
2aefa
2c69c
27b76
303e9
2c69d
27b78
30994
303eb
31218
2a142
29b93
26c64
2bd2a
2f4c8
2b77f
2a146
2fa74
2e3eb
26c68
2a149
2a7df
33510
2bd2d
2f3de
2bd2e
2f985
2b783
2ec6e
2af02
26c70
2f4cd
2c6a1
2e3ed
328c8
2f4cf
30208
26d42
284e4
29c85
26d44
272f0
275c5
26d47
2a7e1
27c63
272f4
26d4a
2a323
2fa76
2abaa
27d52
2b86e
2cd3a
2afed
26d50
2cd3b
2bf0e
31309
26d53
26d54
2a324
2a235
2a236
2e4dc
26d57
2be1d
2aff0
2fe3d
2e7b3
2a23a
2fb68
2a8d6
26d5e
2bf0f
26d5f
2bf10
2fd4d
2be21
2f5be
2b876
2aff5
329b9
2cd3f
2e7b5
26d65
329bb
26e33
2710e
2ac99
29d77
27110
276b7
27d54
273e4
2abac
28300
29d79
274d3
2a9c6
26e3e
308a4
26e40
2b960
305cc
2b3b5
27d5b
305ce
2c882
26e44
27d5e
294f4
2a9c7
2ac9d
2b0e0
2e8a4
29d7d
2f6ad
2b3b8
26e4b
2ee51
2f6af
2ff30
26e4f
2b0e3
2c883
2b0e4
2c884
26e52
2e5d0
324fe
2b968
2b3bd
26e55
2f5c4
2ee53
2f5c5
26e59
2701e
2aab8
27e46
27201
2ad8d
26f2a
274d5
286c6
29e6a
274d7
26f2e
30022
26f30
30996
26f32
2ba52
306be
2b4a7
27e4d
306c0
2c974
26f36
27e50
295e6
2aab9
2ad90
2b1d2
2e996
29e6f
2f1f7
2b4aa
26f3d
2ef43
2f1f9
30024
26f41
2b1d5
2c975
2b1d6
2c976
26f44
2e116
325f0
2ba5a
2b1d9
26f47
2f6b6
2ef45
2f1fd
26f4b
27111
2a41b
27022
28a8f
284e6
275cc
27025
284e7
2b878
2ca6a
284e9
30d60
2ca6b
284eb
3130b
30d62
315e0
2b87a
2f038
2b1db
2702f
2c0f9
2b87c
306c3
27032
27033
2b1dc
2e7b8
27035
2f89b
2bb54
2d013
2bb55
2d014
2b880
27039
2f89c
2ca6f
2f7a7
2703d
27203
27f43
285d8
276bd
27116
307b4
27118
285db
2c886
2711a
2c1e9
2c887
2711c
2d104
285df
30e52
2b2cc
2e8a8
2a602
2f989
2bc43
2a604
2ff33
2f98b
307b6
27126
2c1ed
32d80
2f12d
2b3c4
2cb5f
2b3c5
2cb60
2712a
2f89f
2c1f1
2c88b
2712d
32d83
27204
277ad
28036
27207
317c2
2aca0
2ff35
2720b
2c2da
30997
2bd33
28123
30999
2cc50
2720f
28126
2a6f3
2c2dc
27212
2ec71
2b4b3
27214
2c2de
2a6f7
30026
2f6b8
2bd37
2fa7e
2e99d
2721a
2c97b
2721b
2c97c
307b7
2c2e2
2bd3b
2721e
2f992
2fa81
307b8
272f7
278a0
2903a
287ba
2a7e4
27b7d
28301
2be24
2d2e6
2b5a3
272ff
2d2e7
2c4c0
318b5
27302
27303
2be26
2fb6c
2ea8d
2a7e7
2fb6e
2be28
27307
2a7ea
2a8d7
2b5a7
2ed64
2af07
32f65
2c3d2
2fa82
2c3d3
30028
2be2c
2b5ab
32f66
2d2eb
27312
30029
2a329
273ea
288ab
28303
27994
273ed
28304
2b694
2ce32
28306
30b7c
2ce33
28308
31127
30b7e
313fc
2b696
2ee54
2aff7
273f7
2bf15
2b698
304df
273fa
273fb
2aff8
2eb80
273fd
2fc63
2b970
2d3db
2b971
2d3dc
2b69c
27401
2fc64
2ce37
2fb77
27405
27a83
27d60
274dd
314ec
2a9ca
3020b
274e1
2c004
30c6d
2ba5d
283f9
30c6f
2cf26
274e5
283fc
2a41d
2c006
274e8
2ef47
2b789
274ea
2c008
2a421
2fd53
2f3e2
2ba61
2f7ac
2e6c7
274f0
2c6a5
274f1
2c6a6
304e1
2c00c
2b78f
274f4
2fc68
274f6
304e2
275ce
27b7e
283fe
275d1
31b8a
275d3
28a94
2cd46
275d5
2c6a9
2cd47
275d7
2d5be
28a98
318b8
2b1de
2c6aa
2aabf
2fe47
2c103
2aac1
303f1
2fe49
30c72
2be33
2fe4a
2b793
275e2
2cd49
275e3
2cd4a
30b7f
2c6b0
2c109
275e6
2fd56
2fe4d
30b80
276c1
27c71
29403
2912e
303f3
276c6
2c79a
30e53
2c1f3
28b89
30e55
2d10a
276ca
28b8c
2abb0
2c1f4
276cd
2ee59
2b977
276cf
2c79e
2abb4
304e4
2b884
2ee5a
2b2d3
3332e
2c7a0
2fe4e
2c7a1
303f4
2c1fa
2b97d
3332f
2d6b3
276da
303f5
2aca1
277b4
28c73
286cb
285e3
287bb
2c2e4
2d7a0
2ba67
277ba
2d7a1
2cf2c
31d6f
277bd
277be
2ba68
3002a
2b3c9
2aca4
3002c
2c2e8
277c2
2aca7
2ae18
2c891
277c5
3002f
2c2ea
2d7a3
2c2eb
2d7a4
2ba6e
277c9
30030
2d1ff
2ff43
277cd
27995
28127
287bc
27e56
278a8
287be
2bb58
2d2ec
287c0
31038
2d2ed
287c2
315e1
3103a
31e62
2b4ba
2f03c
2af09
278b2
2c981
2bb5c
3099b
278b5
278b6
2c3db
33511
2f03f
2bb5e
2d2ef
2bb5f
2d2f0
278ba
30033
2c987
2ca75
278bd
33514
27996
27f46
2821a
27999
319a6
2799b
288b1
2cb62
2799d
2c4c5
2cb63
2799f
2d986
288b5
316d4
2affa
2c4c6
2a8db
3020f
2bf1f
2a8dd
307b9
30211
30a8e
2bc4f
30212
2b5af
279aa
2cb65
279ab
2cb66
3099d
2c4cc
2bf25
279ae
30126
30215
3099e
27a8a
28f49
289a1
2830d
28a9a
2c00e
2da76
2bd3d
27a90
2da77
2cc56
31a99
27a93
27a94
2bd3e
2fd58
2b69f
2a9ce
2fd5a
2c012
27a98
2a9d1
2b0ee
2c5bb
27a9b
2fd5d
2c014
2da79
2c015
2da7a
2bd44
3314b
2c5bf
2d4d5
2fd5f
27aa3
2812a
289aa
27b83
32136
27b85
29040
2d2f2
27b87
2cc5b
2d2f3
27b89
2db6a
29044
31e64
2b794
2cc5c
2af0d
303f7
2cc5d
30304
2cc5e
308ae
2c6b7
27b91
30305
2db6d
303f9
308af
28a9b
29130
2821e
27c76
28c75
2bf26
2d6b4
29134
31400
2d6b5
29136
319a9
31402
3222a
2be38
2f4d5
2b887
27c80
2d3e7
27c81
2d3e8
3121f
2cd51
2bf2c
27c84
303fc
27c86
31220
27d66
29220
28c77
28b8f
28d67
2c896
2dd4c
2c019
27d6c
2dd4d
2d4d8
3231b
27d6f
27d70
2c01a
305da
2b97f
2c01b
2d7a9
2c01c
2d7aa
27d74
2f5c9
2c89c
2d4db
27d77
304ef
27e57
28401
29b95
29313
30b83
27e5c
2cf30
315e3
2c989
28d6d
315e5
2d89a
27e60
28d70
2b1e2
2c98a
27e63
2f6ba
2c98b
2de41
2c98c
2de42
2c10f
306ce
2cf36
2d89d
2f6bc
27e6b
284f2
287c6
27f4b
31f52
27f4d
28e5d
2d10e
27f4f
2ca77
2d10f
27f51
2df32
28e61
31c80
2b5b0
2ca78
2b2d5
307bf
2ca79
306d0
2ca7a
30c76
2c4d3
27f59
306d1
2df35
307c1
30c77
288b7
28f4c
285e6
2803e
28f4e
2c2ee
2da7c
28f50
317c8
2da7d
28f52
31d71
317ca
32046
2bc54
2f2f1
2b6a3
28048
2d203
28049
2d204
3103b
2cb6d
2c2f4
2804c
307c4
2804e
3103c
2812e
29b96
295eb
28f57
296dc
2cc61
2e118
2c990
28134
2e119
2d8a0
326e7
28137
28138
2c991
309a2
2c2f6
2c992
2db71
2c993
2db72
2813c
2f996
2cc67
2d8a3
2813f
308b3
2821f
287c9
29f66
29c89
30f4b
28224
2d2f8
319ab
2cd54
296e2
319ad
2dc62
28228
296e5
2b5b2
2cd55
2822b
2fa87
2cd56
2e20d
2cd57
2e20e
2c4da
30a96
2d2fe
2dc65
2fa89
28233
288ba
2913a
28313
328ca
28315
29226
2da82
28317
2d3eb
2da83
28319
2e2fe
2922a
32048
2b980
2d3ec
2b6a5
30b87
2d3ed
30a98
2d3ee
3103e
2ce4a
28321
30a99
2e301
30b89
3103f
28c7f
29315
289ae
28406
29317
2c6b9
2de44
29319
31b90
2de45
2931b
32139
31b92
329be
2c01f
2fc6a
2ba73
28410
2d5cb
28411
2d5cc
31403
2d4e1
2c6bf
28414
30b8c
28416
31404
284f6
299b2
29408
28d73
294f8
2ca7d
2e4e0
2c7ac
284fc
2e4e1
2d6bc
32503
284ff
28500
2c7ad
30d6a
2c112
2c7ae
2df39
2c7af
2df3a
28504
2f7b2
2ca83
2d6bf
28507
30c7f
285e7
28b91
29d82
29aa5
31313
285ec
2d114
31d73
2cb70
294fe
31d75
2e02a
285f0
29501
2b3ce
2cb71
285f3
2f8a3
2cb72
2e5d5
2cb73
2e5d6
2c8a2
308b6
2d11a
2e02d
2f8a5
285fb
28c82
29503
286db
32c92
286dd
29b9b
2de4a
286df
2d7b3
2de4b
286e1
2e6ca
29b9f
329c0
2c2f7
2d7b4
2ba75
30f4f
2d7b5
30e5c
2d7b6
31406
2d212
286e9
30e5d
2e6cd
30f51
31407
295f4
29c8b
28d76
287ce
297d0
2ca84
2e210
29c8f
31f58
2e211
29c91
32505
31f5a
32d86
2c996
30036
2c3ea
287d8
2df3f
287d9
2df40
31d77
2d8a9
2ca8a
287dc
30f54
287de
31d78
288be
29d83
297d2
296e8
298c2
2d3f1
2e8ac
2cb77
288c4
2e8ad
2e030
32e77
288c7
288c8
2cb78
31132
2c4dd
2cb79
2e305
2cb7a
2e306
288cc
3012a
2d3f7
2e033
288cf
31047
289af
28f59
2a6f9
29e76
316db
289b4
2da88
3213b
2d4e4
298c8
3213d
2e3f6
289b8
298cb
2bd4a
2d4e5
289bb
3021b
2d4e6
2e9a1
2d4e7
2e9a2
2cc6d
31226
2da8e
2e3f9
3021d
289c3
2904a
2931f
28aa3
32aae
28aa5
299b8
2dc66
28aa7
2d5cf
2dc67
28aa9
2ea92
299bc
327dc
2c113
2d5d0
2be3d
31317
2d5d1
31228
2d5d2
317ce
2d02e
28ab1
31229
2ea95
31319
317cf
29410
29aa7
2913e
28b96
29aa9
2ce4c
2e5d8
29aab
32320
2e5d9
29aad
328cd
32322
32ba2
2c7b2
2fe52
2c206
28ba0
2dd5b
28ba1
2dd5c
31b93
2d6c5
2ce52
28ba4
3131c
28ba6
31b94
28c86
2a6fa
2a14e
29ab2
2a23f
2d7b9
2ec78
2d4eb
28c8c
2ec79
2e3fc
33240
28c8f
28c90
2d4ec
314fa
2ce54
2d4ed
2e6d1
2d4ee
2e6d2
28c94
304f2
2d7bf
2e3ff
28c97
3140b
28d77
29322
2aac4
2a7ed
31aa3
28d7c
2de50
32507
2d8ac
2a245
32509
2e7c2
28d80
2a248
2c115
2d8ad
28d83
305e3
2d8ae
2ed6d
2d8af
2ed6e
2d035
315ee
2de56
2e7c5
305e5
28d8b
29413
29c95
28e6b
33423
28e6d
29d89
2e5de
28e6f
2df43
2e5df
28e71
2ee5e
29d8d
32ba4
2c4de
2df44
2c208
316df
2df45
315f0
2df46
31b96
2d9a2
28e79
315f1
2ee61
316e1
31b97
297da
29e78
29507
28f5e
29e7a
2d214
2e9a4
29e7c
326ec
2e9a5
29e7e
32c95
326ee
33517
2cb7d
307c6
2c5d1
28f68
2e127
28f69
2e128
31f5b
2e039
2d21a
28f6c
316e4
28f6e
31f5c
2904e
2a516
29f6b
298ce
2a05b
2d5d5
2f040
2d307
29054
2f041
2e218
3305c
29057
29058
2d308
318c2
2cc70
2d309
2ea99
2d30a
2ea9a
2905c
3030e
2d5db
2e21b
2905f
317d7
2913f
296ea
2a8e0
2a609
31e6b
29144
2dc6c
328cf
2d6c8
2a061
328d1
2eb8a
29148
2a064
2bf31
2d6c9
2914b
303ff
2d6ca
2f135
2d6cb
2f136
2d3fd
3140e
2dc72
2eb8d
30401
29153
297dd
2a6fc
2a066
2a7ee
2da96
2ec7e
2ae1d
33518
2e9ac
2a701
32f6f
33519
2923c
2e310
2923d
2e311
327e1
2ec83
2ce55
2e312
2c5d3
31aa7
2e313
2da9c
29243
319b7
29324
298d0
29326
2a334
2af0e
2ea9c
2a7f2
2f4da
2af10
2932b
2e401
2f4db
32ab6
2de59
31aaa
2de5a
32050
2eaa1
2c6c4
2de5b
29332
30b8f
2de5c
29334
31aac
29336
328d4
29417
2f5cb
29419
2a337
2e4f2
2941b
2ee63
2a339
32ba6
2df4a
2a33b
2a33c
2d6d0
2ee65
2d6d1
2ee66
2b005
29423
2d6d2
31c8a
2d038
2d6d3
31c8c
2e4f8
31c8d
32143
29d8f
2a9d3
32233
2950c
2e03b
32c97
2e6d5
2950e
2ef56
2d7c1
29510
29511
2b0f5
2e6d7
2b0f6
2e6d8
29514
31c8f
2d129
30d72
2cb80
29517
30d74
2e041
30d75
2951b
29ba5
2a519
29e82
2a60a
2d8b2
2f046
2b1e5
33334
2e7c8
2a51e
32d8b
33335
29604
2e12c
29605
2e12d
325fd
2f04b
2cc71
2e12e
2c99b
31e6f
2e12f
2d8b8
2960b
31d83
296ec
29c98
296ee
2a60c
2b2d6
2e8b8
2a60e
2f2f6
2b2d8
296f3
2e21d
2f2f7
32e7e
2dc75
31e72
2dc76
32418
2e8bd
2c4e0
2dc77
296fa
309ab
2dc78
296fc
31e74
296fe
326f0
297e0
2acaa
2ae22
2e8be
2acac
2f6c0
2ae24
297e5
2e8bf
2f6c1
3351d
2e044
31f60
2e045
3250e
2b3d5
2cb81
2e319
297ec
31049
2e31a
297ee
31f62
297f0
32d8e
298d2
2a8e2
2af14
2e9b0
2ad9f
2f206
2af16
298d7
2e9b1
2f207
33063
2db8a
32056
2db8b
32600
2b4c7
2cc73
2e40b
298de
3113b
2e40c
298e0
32058
298e2
32e80
299c4
2a8e3
2b006
2eaa2
2a8e5
2f2f8
2b008
299c9
2eaa3
2f2f9
33155
2dc7c
32148
2dc7d
326f2
2b5b9
2cd65
2e4fd
299d0
3122d
2e4fe
299d2
3214a
299d4
32f72
29ab6
2a9d5
2b0f8
2eb94
2a9d7
2f3ea
2b0fa
29abb
2eb95
2f3eb
33247
2dd6e
3223a
2dd6f
327e4
2b6ab
2ce57
2e5ef
29ac2
3131f
2e5f0
29ac4
3223c
29ac6
32ab8
29ba8
2aac7
2b1ea
2e6da
2aac9
2f4dc
2b1ec
29bad
2e6db
2f4dd
33339
2de60
3232c
2de61
328d6
2b79d
2cf49
2e135
29bb4
30e65
2e136
29bb6
3232e
29bb8
32baa
29c9a
2abb9
2b2dc
2e7cc
2abbb
2f5ce
2b2de
29c9f
2e7cd
2f5cf
3342b
2df52
3241e
2df53
329c8
2b88f
2ca8f
2e227
29ca6
30f57
2e228
29ca8
32420
29caa
32c9c
29d93
2b0fe
2e8c5
2b0ff
2e8c6
29d96
32511
2df57
315f4
2d9ae
29d99
315f6
2e8c9
315f7
29d9d
2a431
32bab
2ba76
32606
2ba77
32bac
2b4ca
2d21f
2e9b9
29e8a
316e7
2e9ba
29e8c
32608
29e8e
3342d
29f77
2b2e2
2eaa9
2b2e3
2eaaa
29f7a
326f9
2db8f
317d8
2d5e6
29f7d
317da
2eaad
317db
29f81
2a615
32d8f
2bc5a
327ea
2bc5b
32d90
2b6ae
2d403
2eb9d
2a06e
318cb
2eb9e
2a070
327ec
2a072
33065
2a15b
2af1a
2e6e1
2af1b
2e6e2
2a15e
328dd
2dd73
31410
2d7ca
2a161
31412
2e6e5
31413
2a165
2a7f9
32f73
2be3e
329ce
2be3f
32f74
2b892
2d03b
2e7d5
2a252
31503
2e7d6
2a254
329d0
2a256
33249
2b987
2f4de
2b6b0
2ee74
2d6d9
2ee75
2b012
32baf
2ee77
2b989
2d6da
32bb0
2a348
32abf
2ba79
2f5d0
2b7a2
2ef66
2d7cb
2ef67
2b104
32ca1
2ef69
2ba7b
2d7cc
32ca2
2a43a
32bb5
2bb6b
2f6c2
2b894
2f058
2d8bd
2f059
2b1f6
32d93
2f05b
2bb6d
2d8be
32d94
2a52c
32ca7
2bc5d
2f208
2b3da
2f14a
2d9af
2f14b
2b2e8
32e85
2f14d
2bc5f
2d9b0
32e86
2a61e
32d99
2bd4f
2f2fa
2b4cc
2ec90
2daa1
2ec91
2ae2e
32f77
2ec93
2bd51
2daa2
32f78
2a710
32e8b
2be41
2f3ec
2b5be
2ed82
2d5e7
2ed83
2af20
32ac1
2ed85
2be43
2d5e8
32ac2
2a802
32f7d
2bc60
2f20a
2b5c1
2f14f
2b5c2
2f150
2b017
3315b
2f152
2bf38
2dc86
3315c
2a8f4
3306b
2bd52
2f2fc
2b6b3
2ec95
2b6b4
2ec96
2b109
3324d
2ec98
2c02a
2dd78
3324e
2a9e6
33161
2be44
2f3ee
2b7a5
2ed87
2b7a6
2ed88
2b1fb
3333f
2ed8a
2c11c
2de6a
33340
2aad8
33253
2b98a
2f4e0
2b897
2ee79
2b898
2ee7a
2b2ed
33431
2ee7c
2c20e
2df5c
33432
2abca
33345
2ba7c
2f5d2
2b3dd
2ef6b
2b3de
2ef6c
2ae33
33523
2ef6e
2c300
2e04e
33524
2acbc
33437
2bb6e
2f6c4
2b4cf
2f05d
2b4d0
2f05e
2af25
3306d
2f060
2c3f2
2db94
3306e
2adae
33529
2ae36
32f7e
2f3f1
32f7f
2af2a
34b8f
3205f
2af2c
2c301
2ae3c
2b2f1
327ee
2ae3e
3343a
319c1
2ae40
2b3e1
2ef6f
2ae42
2c8ae
2e04f
31f6e
2b3e4
2ef72
2f3f3
2b3e6
3bcfe
2f6c6
2b3e8
31f6f
2ae49
31c97
2ae4a
3343d
2ef79
2ae4c
3bd01
2ae4e
31f72
3770a
31c99
3bd02
31f73
37bc4
32e90
2ae52
3770e
3770f
2c305
32e91
2bd56
2ae56
2c5d7
3012c
2c308
2b6b9
2f153
2ae59
2eba8
2bc67
2ae5b
319c4
33443
2f305
2b6be
3021e
2f3f7
2b6c0
2ae60
33255
2bc6e
33444
2bc6f
2fc74
2ae64
33f45
2bc72
37bca
33257
2ae67
34e68
2bc75
2daa3
2ec9b
2ae6a
2e9c6
2e32b
2ae6c
2e9c7
33531
3113e
3260e
2ec9f
3260f
2eca0
2ae71
32e96
2eca2
2ae73
33259
2eca4
2e9cf
32150
3aed0
345e3
2ae78
3325a
2e9d3
37529
32f8b
2ae7b
2ae7c
319cb
3715e
316f1
3b759
319cc
3ba28
328e3
2ae80
37162
37163
31f79
335d0
335d1
32e9b
2f3fd
32f8c
2ae86
336c3
32f8e
2ae88
37bce
328e5
3ba2a
37165
2ae8b
335d3
32e9d
2ae8d
37bd0
32e9f
319d4
37bd1
32ea1
2ae91
336c6
33448
32152
37250
32153
3752d
32f90
3bd0b
34b98
33d62
37bd3
33d63
3b761
34b99
2ae9b
3bd0e
2ae9d
3b763
345ec
3b764
345ed
37168
3bd11
2af2d
2b01a
33071
31ba4
33072
2f4e4
2af31
329d7
346d7
2c3f5
2f99e
2bb72
2af35
2e9d6
32ea2
2e418
2b4d9
33074
2f4e5
2b4db
3b844
317dc
32ca8
2f069
32ca9
2f06a
2af3d
33538
2f06c
2b4e1
317de
32caa
2b4e3
32cab
2b4e4
3353a
2b4e5
37cb7
3206c
2af45
2b5c5
2ed8b
2af47
2eab6
2bd57
2f402
2b7aa
2cc76
2e419
32ea3
2bd5a
2af4c
2f4e7
2bd5c
328ea
2b7af
37cb8
2f4e8
2b7b1
2fd64
2f4ea
2bd61
2af53
3206e
2af54
2bd64
34036
2f4ec
3b84b
34038
2bd67
34f59
32aca
3b84c
34f5b
2e41b
3206f
2de6c
2af5d
32070
2e41e
2f4ee
2eaba
31abc
2af61
317e1
2af62
32acc
2ed93
2af64
32acd
2ed95
2af66
3b29b
2af68
34128
2eac3
3afc3
3251b
3761a
3334d
2af6c
3761c
3412d
31232
32702
2ed99
32703
2ed9a
32f9d
2ed9b
3b2a0
31ac1
2af73
2f406
32f9f
2f407
2af76
336ce
3215a
337b4
32ad3
2af79
346da
337b7
31508
3725c
31509
3b2a2
32072
31ac5
336d0
32fa3
2af80
3b2a3
3725e
2af82
37535
3215b
2af84
3b850
33e52
3afc4
3412f
3b2a5
346dd
32ad7
2af89
37344
2af8a
37345
3307b
2af8c
37cc6
337bc
346e1
2af90
37622
2af91
37623
37cc9
37261
2c02b
2f5d5
2b10d
3251d
2b022
33165
31c9b
2b024
2b5c7
2f155
2b026
2c4e6
2dc87
3215c
2b5ca
2f158
2f309
2b5cc
33167
2f5d9
2b5ce
3215d
2b02d
31e7b
2b02e
3307e
2f15f
2b030
3b939
2b032
32160
378ee
31e7d
3b93a
32161
37da8
32adb
2b036
378f2
378f3
2bf3d
32adc
2b98e
2b03a
2c7bb
2fd65
2bf40
2b89d
2ed9e
2b03d
2e7e0
2be4d
2b03f
31baa
33084
2f4f7
2b8a2
33449
2f5dc
2b8a4
2b044
3344a
2be54
33085
2be55
2f8ae
2b048
33b7d
2be58
37dae
3344c
2b04b
3504c
2be5b
2d6db
2ee7f
2b04e
2ebac
2e50f
31bad
2ebad
3316a
31322
327fd
2ee83
327fe
2ee84
2b055
32ae1
2ee86
2b057
3344e
2ee88
2ebb5
32334
3b0b4
3421b
2b05c
3344f
2ebb9
37713
32bc7
2b05f
2b060
31bb1
37348
318d5
3b391
31bb2
3bc0c
32520
2b064
3734c
3734d
32167
337be
337bf
32ae6
2f5e2
32bc8
2b06a
338a7
32bca
2b06c
37db2
32522
3bc0e
3734f
2b06f
337c1
32ae8
2b071
37db4
32aea
31bba
37db5
32aec
2b075
338aa
33089
32336
36e88
32337
37717
32bcc
3b943
347d0
33f4c
37db7
33f4d
3b399
347d1
2b07f
3b946
2b081
3b39b
34224
3b39c
34225
37352
3b949
2b111
2b1fe
3325d
31d8c
3325e
2f6ca
2b115
32618
348bb
2c02d
2fb82
2b990
2b119
2e8d3
3334e
2e5fc
2b3f8
32526
2f5e8
32bd0
2b995
2b11e
2f9a0
2b997
2b120
37e9b
2f9a1
2b3ff
32bd1
2b400
2bd6a
2f30a
2b6c7
2ecaf
2e5fd
32801
2dd7c
2b128
2fc77
2ecb3
2b12a
32cb0
2ecb5
328f1
2b6ce
328f2
2b6cf
33262
32253
2b6d1
2b130
2b6d3
328f3
2b132
328f4
2b133
32bd2
2b134
3743d
2b6d7
3ba32
2b137
2e6ef
33177
2c032
2b99c
33c6e
2f6d2
3ba33
33c70
2b99f
3513d
32cb2
3ba34
3513f
2e5ff
32257
2e052
2b141
2e512
3252a
2f6d4
2e6f4
31ca4
2b145
3141d
2b146
32bd6
2ef84
2b148
32cb5
2ef86
2b14a
3b47f
2b14c
3430c
2e6fd
3b1a7
32707
37804
3354a
2b150
37806
34311
30e6a
328f7
2ef8a
328f8
2ef8b
32bd9
2ef8c
3b484
31ca9
2b157
2f5eb
32bdb
2f5ec
2b15a
338b2
3233e
33998
32cbb
2b15d
348be
3399b
316f4
36e94
316f5
3b486
3225a
31cad
338b4
32bdf
2b164
3b487
36e96
2b166
3771f
3233f
2b168
3ba38
3403c
3b1a8
34313
3b489
348c1
32cbf
2b16d
36f7c
2b16e
36f7d
33267
2b170
37eaa
339a0
348c5
2b174
3780c
2b175
3780d
37ead
36e99
2c20f
2f20e
2b2f7
32709
2b206
33351
31e7f
2b208
2b4e8
2ba84
2f6d9
2b4ea
2cf4c
2e141
32be3
2ba87
2b20e
2f6da
2ba89
2b210
2fa92
2ba8b
2b4f1
32340
2b213
32622
2ba8e
2b215
32341
2b216
2c6cb
2be5d
2f40a
2b7ba
2eda2
2b219
2e703
2eda4
2f215
2b7be
3bb1e
2f4fb
2b7c0
32343
2b21f
31acb
2b220
3326c
2edab
2b222
3bb21
31acc
3326e
3150d
37539
31d92
3753a
31d93
3bb23
33270
2b7ca
2bb73
2f6dd
2b8a9
2f06f
2fa94
2b22c
33d67
2ba92
379e6
3308d
2b22f
34c84
2ba95
2d8bf
2f070
2b232
2e7e4
2e603
31d95
2e7e5
33356
30f5a
329eb
2f074
329ec
2f075
2b239
32cc9
2f077
2b23b
3308f
2f079
2e7ed
31f7d
3acec
343ff
2b240
33090
2e7f1
378f7
32dad
2b243
2b244
31d99
36f80
31511
3b575
31d9a
3b858
3270c
2b248
36f84
36f85
32430
33a8a
32daf
2b24c
349b0
33a8d
2f6de
32ccd
2f6df
2b250
339a4
3270e
3b85a
36f87
2b253
339a5
32cd0
2b255
379ec
32cd2
31da2
379ed
32cd4
2b259
33a8e
32db1
378fa
33b83
3acef
33275
32db2
3bb2b
349b4
33b84
379ef
33b85
3b57d
349b5
2b263
3bb2e
2b265
3b57f
34408
3b580
34409
36f8a
3bb31
2b2fb
2e8d5
3335a
2c212
2b5da
2bb76
2b2ff
2c4e8
3003b
2e235
2b5de
2f082
2b302
2f30b
2bb7b
32713
2b5e1
37ad2
2f30c
2b5e3
3317c
2f30e
2bb80
2b309
32433
2b30a
2c7bd
2b9a3
2f4fc
2b8ac
2ee94
2b30d
2e7f5
2ee96
2b30f
32ea9
2ee98
2b311
31bbc
3335e
315fd
3bc11
32436
2b8b4
3bc12
33455
2ee9e
31bbe
33361
315ff
3762b
31e84
3762c
31e85
3bc15
33363
2b8bc
2f311
34d72
32eaa
2b31f
34d74
2fb87
37ad9
33e5c
2b322
2b323
2e8d7
32715
2e23a
2e149
2e23c
2b327
32eac
2f167
31f81
2e8db
31f82
2e8dc
32ead
31e8a
2e8de
33180
328fb
2e8e0
2b32f
2e8e2
37440
32076
3b664
32eb1
2b333
344f3
2e8e6
3b666
37445
31602
32dbe
3104f
37073
318d6
37074
318d7
3b94b
32dc0
2f174
31e8e
33364
32718
2f226
2b33f
32808
34aa0
33458
2f317
3bc19
34aa3
31e8f
37900
3280a
3b94d
3280b
31e90
2b347
33366
31e92
3bc1a
33a9a
32dc7
3bc1b
3707b
32077
3716a
32078
37447
32440
2b34f
37ae0
335e0
32eb9
37448
32eba
37449
335e1
335e2
3bc20
2b356
37ae3
33c78
37ae4
33c79
2b35a
3b673
37905
2b404
2f9a4
2f6e2
32ebb
2b4f8
35141
32629
2b4fa
2c8b1
2f5ef
2b8bf
32536
2b40c
3345c
31f88
2b40e
2b9a4
32538
2b410
32539
2b411
338bc
31cb3
338bd
31f8a
38171
2b415
2cb85
306d8
2c8b4
2bc7c
30220
2f40c
2bc7e
31f8b
2b41a
31f8c
2b41b
2f9a8
2c21e
2b41d
2ff4a
2c220
2bc84
2f40d
35410
30223
2b422
344fe
2c225
38177
34500
2b425
2b426
2e7f7
32dce
32fad
2b429
336d7
2ef93
34b9e
3271b
3bd17
336da
2ef96
2f5f7
32dcf
2f5f8
2b430
33463
2f5fa
2b432
3262a
35144
33555
2f6e6
2b435
3817a
33c7d
2f9b1
2b438
33464
2b439
37723
31f91
2b43b
37724
31f93
3bd1a
33b8e
31f95
2b43f
33c7f
33557
37814
336dd
3b493
336de
37eb8
336df
3bd1d
3514a
3355b
2b446
38180
37727
34ba6
3bd20
34ba7
2b44b
3bd21
2b44d
38183
2c4e9
2f227
2b5e9
3271e
2b4fe
33094
3216c
2b500
2ba96
3262c
2b502
3262d
2b503
339ae
31da5
339af
3207e
38263
2b507
2cc77
307cb
2c9a6
2bd6e
2fd66
2f4fe
2bd70
3207f
2b50c
32080
2b50d
2fa9a
2c310
2b50f
3003c
2c312
2bd76
2f4ff
35502
2fd69
2b514
345f0
2c317
38269
345f2
2b517
2b518
32631
2e9db
32af3
2b51b
337c9
2f085
346e4
3280d
3b85d
337cc
2f088
2f22a
32fb1
2b521
33d6d
33d6e
2f6ec
32ec5
2f6ed
2b525
33562
2f6ef
2b527
3826c
33d6f
2faa3
2b52a
33563
2b52b
3781b
32085
2b52d
3781c
32087
3b860
33c8a
32089
2b531
33d71
3309d
37906
337cf
3b585
337d0
379fe
337d1
3b863
34c90
330a1
2b538
38272
3781f
346ec
3b866
346ed
2b53d
3b867
2b53f
38275
2c5db
2b5ee
2b6db
32810
2b5f0
33188
32260
2b5f2
2bb88
32722
2b5f4
32723
2b5f5
33aa0
31e97
33aa1
32170
38355
2b5f9
2cd69
30311
2c4ec
2be60
32171
2b5fc
32172
2b5fd
2fb8b
2c400
2b5ff
2fb8c
2c402
2b601
3012e
2c404
2be68
2f5fd
355f4
2fe5c
2b606
34136
2c409
3835b
34138
2b609
2b60a
32727
2eacd
32be7
2b60d
338c1
2f177
347d6
328ff
3b94f
338c4
2f17a
2f232
32fb9
2f233
2b614
330a8
2f235
2b616
32812
34d7c
3318f
2f31e
2b619
3835e
33e61
2fb95
2b61c
330a9
2b61d
3790d
32177
2b61f
3790e
32179
3b952
33d7c
3217b
2b623
33e63
33191
3744c
338c7
3b677
338c8
37af0
338c9
3b955
34d82
33195
2b62a
38364
37911
347de
3b958
347df
2b62f
3b959
37af5
33e67
2c6cd
2f411
2b7cd
32902
2b6e2
3327a
32352
2b6e4
2b9aa
2d405
2b6e6
2ce5c
2bf43
32814
2b9ad
32815
2b9ae
2ff4c
2f6f1
2b9b0
32afc
2fb99
2b9b2
304f4
2fc80
2bf4b
319de
33469
2f322
335eb
2f323
2b6f3
32ec9
2b6f4
335ee
2bc8a
2f6f2
356e6
2ff4f
2b6f8
34228
2bf4f
3844d
3422a
2b6fb
2b6fc
2eacf
32afe
32cd9
2b6ff
339b3
2ecbd
348c8
329f1
3ba41
339b6
2ecc0
2f324
32aff
2f325
2b706
3319c
2f327
2b708
32904
34e6e
33281
2f416
2b70b
38450
33f53
2fc87
2b70e
3319d
2b70f
37453
3226b
2b711
37454
3226d
3ba44
33e6e
3226f
2b715
33f55
33283
3753e
339b9
3b769
339ba
37be4
339bb
3ba47
34e74
33287
2b71c
38456
37457
348d0
345f9
38457
2b721
3ba4b
2b723
38459
2c7bf
2f503
2b8c5
329f4
2b7d4
3336c
32444
2b7d6
2ba9c
2d4f7
2b7d8
2cf4e
2c035
2b7da
3003f
2c037
32906
2baa1
32907
2baa2
32bf0
2f7c5
2baa4
2b7e0
32bf1
2c03d
31ad0
33568
2f41a
336e9
2f41b
2b7e5
32fbd
2b7e6
336ec
2bd7c
2f238
3522c
30041
2b7ea
34320
2c041
37f93
34322
2b7ed
2b7ee
2e705
32bf2
32dd4
2b7f1
33aa5
2edaf
349ba
32543
3bb33
33aa8
2edb2
2f41c
32bf3
2f41d
2b7f8
3328e
2f41f
2b7fa
329f6
34f60
33373
2f508
2b7fd
34f63
34046
2fc8e
2b800
3328f
2b801
37545
3235d
2b803
37546
3235f
3bb36
33f60
32361
2b807
34047
33375
37630
33aab
3b2af
33aac
37cd6
33aad
3bb39
34f66
33379
2b80e
339c3
3bb3b
349c2
3413f
37f9d
2b813
3bb3d
2b815
37f9f
2c125
2f7ce
2bb8f
2d03e
2f328
2bb91
3807e
2f509
32ce1
2c12a
3337b
2c12b
2b8d0
32ce3
2c12d
2b8d2
38081
2b8d4
3217c
337da
32449
38082
329fc
2be6c
330af
2be6d
37dc0
337df
2f8c0
2b8db
34411
2c132
35320
2f8c2
2b8de
35322
2c135
2e706
2e7f9
2b8e2
3346d
2eea0
34aab
32636
3b39e
335f3
2b8e6
34aae
335f5
2f7d2
3337e
2f7d3
2f510
3404e
32a00
2f601
32dd6
2b8ed
33b93
33b94
2f7d4
2b8f0
35055
33b96
31e98
33ab0
31e99
37af7
32547
2b8f5
34051
33ab2
2b8f7
37639
33384
2b8f9
3bc29
335f6
3b3a0
3422d
3bc2a
3422e
3808c
3422f
2b8fe
37dc9
33b99
335fa
37dca
335fb
2b902
3808f
3763b
2b905
38090
2b907
3bc30
2b9b6
2fc8f
2f6f7
32bf6
2baaa
356ed
32bf7
2baac
2ce5d
2f604
2be71
32548
2b9be
2fe60
32549
2b9c0
2bf52
3281e
2b9c2
3281f
2b9c3
3254a
2b9c4
33e75
2bf56
3845c
2b9c7
2d131
2c7c4
2fe61
2c22a
2fe62
2b9ca
2fba4
2b9cb
2ff53
2c7c8
2b9cd
2ff54
2c7ca
2b9cf
304f6
2c7cc
2c232
2f6f9
3845d
34ab7
2b9d4
307ce
2c7d1
359bf
2ff59
2b9d7
2b9d8
2edb4
3338b
2fe65
34140
2fe66
2fba7
38725
32551
38184
338d3
2f610
3845f
32554
2f612
38727
2ff5a
34232
2fc93
2b9e4
356f2
32ce8
3514e
339c5
37ec2
33c90
38728
356f3
34236
2b9ea
38464
356f5
3338d
2ff5d
2b9ee
33b9f
32556
2b9f0
34239
339c7
37ec5
33ba0
2b9f3
339c8
37ec7
339c9
2b9f6
37ec8
3423a
356f9
2baad
2bb9a
30042
2f7d6
3356a
2f23e
2bab1
3356b
35235
2fc95
33294
2f421
33f65
2f703
33f66
2f704
3880f
32bfc
2c049
2c8b5
2ff5e
2c31b
2d7d0
2f705
32bfd
2c8b8
32bfe
2c8b9
2babe
30313
2c8bb
2bac0
33480
2c8bd
2bac2
38813
2bac4
34ba8
2c8c1
37fa4
2faad
35ab0
30315
2bac8
35ab2
34bad
2ef97
2bacb
2f241
32cec
2bacd
34325
3004e
2bacf
33d80
2bad0
349c5
2f246
34c96
2f247
2bad3
37fa7
2fc9a
33482
2fc9b
2f709
3423e
3208c
33c94
32646
2bad9
33c96
2f70d
2badb
37fa9
34329
2fc9d
2bade
3881c
3523c
3356e
38277
33484
32ced
2bae3
349c7
2bae4
339cf
3881e
349c8
33d85
37fad
2bae9
38820
2baeb
37faf
2cb87
2f330
2bc8d
32820
2bba2
30136
32821
2bba4
2c136
32cee
2c137
38092
2f512
32cef
2c139
33390
2c13a
38094
2bbab
2d315
308bd
2ca98
2c40e
30051
2bbae
2f7df
2bbaf
30137
2c9ac
2bbb1
30138
2c9ae
2bbb3
306da
2c9b0
2c416
2f333
38095
346ef
2bbb8
30407
2c9b5
35ba3
3013d
2bbbb
2bbbc
32cf3
2f08a
30054
3432e
30055
2f7e2
38909
32737
38368
33abd
2f252
38097
3273a
2f254
3890b
3013e
34416
2f8cb
2bbc8
3532a
32ecc
34d86
335fd
37afa
33e7a
3890c
3532b
3441a
2bbce
3809c
3532d
33575
30141
2bbd2
33d89
3273c
2bbd4
3441d
335ff
37afd
33e7c
3809e
33e7d
33ac0
33d8b
2bbda
37b00
3441e
35331
2bc91
2bd7e
30226
2f9be
331a4
2f424
2bc95
331a5
35419
2cb89
306db
2c4ee
2bc99
2f8cd
330b6
2f33e
389f2
2fc9e
2bf5d
389f3
30144
2bf5f
389f4
3022b
2bf61
2bca1
2c233
32de2
2c234
38186
2f613
32de3
2c236
33486
2c237
38188
2bca8
347e0
2c4f9
3818a
2fca0
35c94
304fb
2bcac
35c96
347e5
2f17b
2bcaf
2f341
32de6
2f342
2bcb2
32de7
2f344
33602
2f345
37bea
33604
2bcb6
37beb
34424
2f427
32ed0
2bcb9
34509
30232
2bcbb
33f6a
2bcbc
34baf
2f42c
34e7a
2f42d
2bcbf
3818f
32de8
2f9c2
2bcc2
38a00
35420
331a8
3846b
330bc
32ed1
2bcc7
34bb1
2bcc8
38192
33e83
34bb2
38a03
34bb3
2bccd
38a04
2bccf
38195
2cd6b
2f514
2be77
32a04
2bd86
2fd6e
32a05
2bd88
2c04a
2daa5
2bd8a
2d4fa
2c5e1
32916
2c04d
32917
2c04e
305ea
2f7e5
2c050
331ab
2fd71
2c052
2bd92
331ac
2c5e9
2f9c5
3853c
32919
2bd96
3208e
33c9c
3208f
38279
32ed6
2c32a
2f517
3827b
348d9
2bd9c
305ec
2c5ed
357db
2fd75
2bd9f
2bda0
32ed7
2f17e
30238
34512
30239
2f9ca
38541
3291d
37fb0
336f5
2f438
3827d
32920
2f43a
38543
2fd76
345fa
2fab3
2bdac
3550e
32b10
34f6a
337e1
37cde
3405e
38544
3550f
345fe
2bdb2
38282
35511
34600
3023a
2bdb6
33f73
32922
2bdb8
34601
337e3
37ce1
33f74
2bdbb
337e4
37ce3
337e5
2bdbe
37ce4
34602
35515
2be7b
2c13d
2d5eb
2cd6e
30317
2c6d4
32a08
2c140
32a09
2c141
306dc
2f8d7
2c143
3329d
2fd7d
2c145
30c85
2fe6b
2f255
32fc6
2c418
330be
2c419
32fc7
2c41a
3836b
2fab9
2be8b
2c6dc
358ca
2f616
38630
2fe6d
2be8f
349cd
2c6e0
38632
358cf
32a0c
2ecc4
2faba
332a0
2fabb
2f527
34606
32456
34062
32a10
2be99
34064
2f52b
2be9b
38370
2fbad
33392
2f618
355ff
3414c
2f61a
347e6
2f61b
3505d
338da
38372
3414d
2f61e
38637
34609
3414f
2fd80
2bea7
38639
337e9
2bea9
34151
32fcd
32c05
3505f
337ea
3863a
2beae
35060
2beaf
35061
2beb1
38378
2beb3
3863d
2bf64
3023b
2f61f
32c06
2c058
35c99
3023d
2c05a
2d409
2bf6a
2c41f
3040b
2bf6c
330c0
2fbb2
2bf6e
2c4fe
32831
2bf70
32832
2bf71
32b16
2bf72
3442d
2c502
38a08
2bf75
2c7d5
2dc8b
2bf77
2d6e0
2cd72
3040e
2c7d8
304ff
2f531
2c7da
32b19
2c7db
30d78
2ff66
2c7dd
31326
30502
2fca5
38a09
35063
2bf82
30d7a
2cd7d
35f6b
30505
2bf85
2bf86
30411
2bf87
38cd1
330c7
2fbb8
34154
2fca7
331b3
2f623
3846c
32c09
2bf8d
346fd
32b1d
2bf8f
34156
32b1f
38cd3
346ff
32b21
2bf93
347ee
30508
2bf95
34246
2bf96
34e7f
2fcac
356fc
2fcad
2bf99
38a0f
330c9
30240
2bf9c
38cd7
34249
38471
38472
33e89
3424a
38a13
3424b
34702
38a14
35ca4
38475
2c147
305ee
2c05d
2fd82
357de
32cf9
2c14b
357e0
2c061
30241
3451c
2f9cd
3854c
30242
38dba
32c0b
2c065
34520
34521
2c068
2d7d1
2ce63
3050a
2c8c9
30244
2c06b
3050c
2ce66
2c06d
30245
2c06e
305f2
2ce69
2c070
30b94
2ce6b
2ce6c
3605a
2f7ec
38dc0
305f6
2c075
35157
2ce70
38dc2
3605f
30246
347f6
347f7
32c0f
2f713
32cfa
2c07c
32c10
2c07d
3424d
2f716
357e3
305f9
2f7ef
38551
34068
37ce6
34339
2c083
34f72
2c084
37fb4
357e7
2fcb5
2c087
331bc
2fcb7
37fb5
33f7f
2c08a
37fb6
347fc
2fd86
2c08d
38557
357e9
3406b
37ce7
34250
2c091
3406c
37fb9
3406d
2c094
37fba
348e6
38dcd
2c14d
2c23a
306e0
2f8dd
33397
2f258
2c151
306e2
358d3
2fabe
332a9
2f536
3460f
2f7f5
34610
2f7f6
38ead
332ab
2c6e7
2cf53
305fc
2c9b9
2de70
2f717
32cfe
2cf56
2c15d
305ff
2cf58
332ad
2cf59
2c160
309b2
2cf5b
2c162
38eb1
2c164
34c9a
2cf5f
38642
30157
3614e
309b4
2c168
36150
34c9f
2f7f9
3433e
2f8e1
33399
2f25b
380a4
32def
2c16e
30600
2c16f
38eb5
332af
2fd8d
2f7fc
348ec
32d04
2c174
34341
2f7ff
2c176
38644
2fe77
2c178
358d7
33487
35332
33baf
380a7
34432
38eb9
358d8
349d5
2c17e
38648
358da
349d7
33488
35335
33bb2
380aa
33bb3
2c184
3864b
34343
348f1
2c188
349d9
38ebf
2c240
2ff69
2f34b
32ede
2c32e
359c3
2ff6b
2c330
2ca99
2d135
30c87
2ca9b
2c248
2f8e9
3339b
2f25e
2c509
38f9e
2f8ea
38f9f
3024a
2c50c
38fa0
307d7
2c50e
2c250
2fe7b
3415a
2fbc0
38732
2fe7c
38fa2
32df3
2c254
3415e
3415f
307d9
2c257
3623f
2caa6
34d8e
3024d
38fa5
34d90
2caa9
2f260
32df4
2f261
2c25e
349dc
32833
38a16
2ff6c
34ac2
32834
38a17
3348c
2f8ef
2c264
333a2
2f8f1
38197
33bb7
2c267
38198
349e0
2f9d4
359c8
34ac5
2f9d6
3515a
2f9d7
35425
33ca2
3873a
34ac6
2f9da
38fac
349e1
34ac8
307df
2c273
3515d
2c274
3873e
3443b
3515e
38faf
3515f
2c279
38fb0
2c27b
38741
2d317
2fac0
2c425
30319
2c334
3357c
2fac2
2c336
2c5f6
2e053
2d228
30d7d
2cb8d
307e1
2c5f9
307e2
2f353
2c5fb
32ee3
2c5fc
30b96
2fd91
2c5fe
31142
3031e
2cb95
2fcbb
3348f
2f71e
34253
2f9dd
34254
2f9de
38ae9
33491
2c8d6
2fac3
38827
34e85
2c34a
30b98
2cb99
35d87
30321
2c34d
2c34e
307e4
2c34f
38aed
33493
2f9e0
34528
2fac5
3357d
2f441
38288
32fd3
2c355
34acf
32ee9
2c357
3452a
32eeb
38aef
34ad1
32eed
2c35b
34bb6
30324
2c35d
34614
2c35e
34ca1
2faca
35518
2facb
2c361
3882d
33495
30060
2c364
38af3
34617
3828d
3828e
33cab
34618
38831
34619
34ad4
38832
35ac0
38291
2c6e8
2cc7e
30326
2c6ea
2db9a
2f443
32fd4
2cc81
2c42e
30329
2cc83
33580
2cc84
2c431
30c89
2cc86
2c433
38bd9
2f801
33581
2f264
34345
2facf
34346
2fad0
38bdb
33583
2c9c8
2fbc1
38919
34f77
2c43c
30c8a
2cc8b
35e79
3041a
2c43f
2c440
3032a
2c441
38bdf
33585
2fad2
3461a
2fbc3
330cc
2f539
3837a
32b25
2c447
34bc1
32fdb
2c449
3461c
32fdd
38be1
34bc3
32fdf
2c44d
34706
3041d
2c44f
34160
2c450
34d93
2fbc8
3560a
2fbc9
2c453
3891f
33587
3015b
2c456
38be5
34163
3837f
38380
33d9d
34164
38923
34165
3470c
38be8
2c45e
38383
2c601
2daaa
2c511
3024f
36244
2fbcc
2c605
36246
2c515
2c9ca
309b6
2fad9
330ce
2f266
2c519
309b8
36155
2f8f5
333a4
2f268
349e5
2f269
2c51e
32dfd
2c51f
349e8
2caaf
2d31b
309b9
2cd81
2e23e
2f26a
309ba
2d31e
330d3
2d31f
2c526
309bc
2d321
2c528
31329
2d323
2c52a
39279
2c52c
3560e
2d327
38fb6
30513
36516
3132b
2c530
36518
35613
2fade
330d4
2fadf
2f26e
34ca8
306ff
2f359
30ab2
2c537
34d99
30254
35ca6
3452f
381a1
309be
2fbcf
3443c
2fbd0
38a19
30700
30167
38a1a
3443f
2c540
38a1b
34cad
30255
3624a
34d9b
30257
35ca8
34531
38fbb
34d9c
3025a
39282
3624e
34d9f
34440
39284
2c54c
35caa
2c54d
35cab
34caf
2c550
34da1
39287
2c608
3032d
2f44b
30b9b
2c6f6
35d8b
3032f
2c6f8
2f35b
32eee
2cb9d
331c4
2cb9e
38af8
2ff79
38af9
331c5
2c612
2ce72
2d40e
30ab6
2ce74
2e330
2f35e
30ab7
2d411
331c7
2d412
2c619
30ab9
2d414
2c61b
30e6f
2d416
2c61d
3936b
30ba1
2c61f
36607
2d41a
35702
30606
3936d
35704
2d41d
2f360
30aba
2f361
2c626
331ca
2f363
2c628
30330
35d8e
332b5
2f53b
3551c
2f53c
357ed
2fbd6
2c62d
331cb
2c62e
34807
2fd9b
35d90
34e8d
2fd9d
357ee
34623
38aff
34e8e
2fda0
39372
30abc
331cc
2c637
34809
30265
2c639
38b02
34e90
30ba7
2c63c
38b04
3480b
35520
348f7
38b05
2c641
39378
2c643
38b07
2d6e1
2fe88
2c7e7
30420
2c6fc
333a7
2fe8a
2c6fe
2cc8e
30333
2c700
30334
2c701
34bca
2fae2
34bcb
2fda2
39459
2c705
2de71
2d500
30ba8
2cf66
2fda3
2c708
2fda4
2c709
30baa
2d504
2c70b
30c90
2d506
2c70d
31236
2d508
2cf6e
2fe8b
38bed
35247
2c712
30f63
2d50d
366fb
30c95
2c715
2c716
30338
2c717
34e95
30339
2c719
38bef
2fe8d
34f7c
2f806
2c71c
349ea
2c71d
35615
2c71e
332bd
2c71f
348f9
2fcc8
2c721
34e99
34628
2fdaa
38bf0
332c0
2fdac
39464
30c97
2fe90
38bf2
349ec
2c729
35617
2c72a
38655
35e85
30424
2c72d
39467
35618
349ef
38bf6
348fc
38657
34e9c
38bf8
35e88
38659
2c8d7
2d7d4
2c7ed
2ff7b
35f6e
2f8f8
2c8db
35f70
2c7f1
2df63
31513
2d6e4
2cab2
2fe95
2c7f4
2fe96
2c7f5
30c9c
2d04a
2c7f7
30d82
2d04c
2c7f9
3132c
2d04e
2caba
2f543
32b28
2cd8c
333ac
2cd8d
38cde
3016c
38cdf
333ad
2c801
2d050
367ea
2ff7e
39550
30d86
2c805
3533b
2d054
39552
367ef
2fe99
34f86
333af
2fe9a
39553
34f89
2f8f9
3349a
2f632
35f73
34258
38476
34add
38742
34f8a
2fe9b
349f0
32dff
38fc3
30ca0
333b2
2c815
349f3
2fe9f
2c817
38ce5
30519
2c819
35f75
3425a
38746
34adf
39557
35f76
35073
2c81e
38ce9
35f79
349f4
2c821
3425c
38749
3425d
2c824
3874a
35076
35f7b
2c8dd
30607
2d8c6
2f9e9
3358a
2f722
2c8e1
308c6
36063
2d7d5
3132d
2d138
2c8e5
2f8fd
3349c
2f634
39090
2f8fe
2cba7
39091
3033c
2cba9
39092
308c9
2cbab
2c8ed
2ce7d
3051d
2c8ef
3051e
2c8f0
3480e
2fcca
3480f
2ff8a
39095
2c8f4
35430
2d143
38dd4
3033e
36332
31149
2c8f8
36334
35435
30071
35ac2
3434b
37fbd
2f900
334a0
2f901
2f63a
3507a
30522
2f723
308ce
2c901
35161
30d91
2f9ed
3425e
2f9ee
38835
30523
2ff8f
38836
34261
2c908
38837
3507f
30073
36066
35163
30075
35ac4
3434d
38dd9
35164
30078
3909e
3606a
35167
34262
390a0
2c914
35ac6
2c915
35ac7
35081
2c918
38ddf
3606d
2d8c7
30e73
2d22a
2c9d7
2f9ef
3358e
2f726
39182
2f9f0
2cc99
39183
3042e
2cc9b
39184
309c2
2cc9d
2c9df
2cf6f
3060f
2c9e1
30610
2c9e2
34900
2f810
34901
3007c
39187
2c9e6
35522
2d235
38ec6
30430
36424
3123b
2c9ea
36426
35527
2fae3
330de
2f273
36157
34442
380ae
3471b
38926
3007d
3516a
33593
3007e
3918b
3516d
308d7
2fae5
34350
2fae6
38927
30615
30081
38928
34353
2c9fa
38929
35171
30171
36158
34cb3
30173
35bb6
34445
38ecb
34cb4
30176
39190
3615c
34cb7
34354
39192
2ca06
35bb8
2ca07
35bb9
2ca09
38ed0
2ca0b
39195
2cabc
30d93
2f366
30d94
2cbb0
367f1
30d95
2cbb2
2df65
30708
2cf77
30709
2cac4
30086
3070a
2cac6
2d056
30ca4
2d057
3955e
2f54a
30ca5
2d059
333b7
2d05a
39560
2cacd
2d32d
2e7fa
2df68
31514
2d8cc
3070d
2d330
3070e
2d331
3105b
30089
2d333
318dc
30abe
2d335
31e9a
3105e
307fd
39561
35bbb
2cada
318de
2d8d7
36ac3
31061
2cadd
2cade
3070f
2cadf
35253
30710
2cae1
330e0
2cae2
34cbb
30713
3982a
35255
30715
2cae6
307ff
367f4
3017b
2f81b
2cae9
34dac
2caea
359d7
2caeb
3982c
349f9
2caed
35259
31063
30802
39566
34dae
2caf1
359d9
2caf2
38fc9
367f9
30d98
2caf5
3982f
2caf7
3956a
34db0
34aed
38fcb
3525a
3956c
367fc
38fcd
2cc9f
2db9e
2cbb5
30269
36336
2f9f8
2cca3
36338
2cbb9
30807
2cbba
35083
2d14a
30524
2cbbc
30525
2cbbd
35086
35087
2cbc0
2e331
2d9bd
31066
2d421
3017d
2cbc3
2f90b
2cbc4
31068
2d9c1
2cbc6
3114e
2d9c3
2cbc8
316f8
2d9c5
2d9c6
36bb2
30344
39918
31152
2cbcd
35caf
2d9ca
3991a
36bb7
30180
3534e
30181
2f90e
3991b
3080d
3937a
34aef
2f373
390a9
30810
2f375
3991d
3026c
35436
2f9fa
2cbda
390ab
34bda
3883e
34e9f
38b0c
35354
331d3
3937b
31155
30348
390ac
34ea0
2cbe2
35acb
2cbe3
38b0f
3633f
30812
2cbe6
390af
36341
34db6
2cbe9
34bde
38b11
34bdf
2cbec
38b12
3543e
36343
2cca5
2cd92
3123c
2fae9
3123d
2f54d
2cca9
3123e
3642b
2f9fb
39a04
3034e
2ccad
3008d
35176
3008e
39197
308e1
2d23f
2daad
2ccb2
2e424
319e1
2f45e
308e2
2dab0
308e3
2dab1
2ccb6
3115b
2dab3
2ccb8
31516
2dab5
2ccba
39a09
2ccbc
357f2
2dab9
3919a
30caf
36ca6
31518
2ccc0
36ca8
357f7
2fa00
3115c
2fa01
2f462
35442
2fdb1
34ea4
30354
2ccc7
34ea6
2f466
2ccc9
3919c
2faeb
31246
2f54f
3642d
35445
3043a
35e8a
34721
38931
332c5
3946d
35446
308e7
3043b
3642e
3552b
3043d
35e8c
34723
3919f
3552c
30440
39a12
36432
3552f
34724
38c02
34725
2ccdc
34be5
39a15
35449
2cce0
35531
39a17
2cd98
30ac1
2f63e
30ac2
2ce86
3651b
30ac3
2ce88
2d5f3
2dc91
317eb
2d5f5
2cda0
2faed
3124b
2f551
39af6
2fdb6
2d062
39af7
30da2
2d064
39af8
31333
2d066
2cda8
30183
34cc0
30184
3928a
2faf0
39afa
30444
2cdac
34cc4
34cc5
31335
2cdaf
36d97
2d600
358e6
30da5
39afd
358e8
2d603
2f554
309d6
2f555
2cdb6
309d7
2f557
34726
2f558
38cee
34728
2cdba
38cef
35536
2f640
30ac4
2cdbd
3561b
309d8
2fccb
35cb2
2fccc
35f7d
2fdba
2cdc2
34f9f
3044c
2cdc4
3561c
3133a
2cdc6
35cb4
30530
35f7f
30531
2cdc9
39294
35620
3133b
2cdcc
3472b
39b06
35cb6
3508d
39297
2cdd1
39b08
2cdd3
39299
2de73
30618
2cf7d
30619
2ce8c
2ff96
3061a
2ce8e
2d14e
2ebc2
2dd84
318e1
2d6e7
30533
2d151
30534
2d152
3133e
2feab
2d154
316fa
308e9
2d156
31cb6
30e7a
2d6ef
2fbe1
331d4
2f377
34db9
2f644
34dba
2f645
39641
30acb
2d42e
3061b
3937f
359dd
2cea2
316fc
2d6f3
368df
30e7d
2cea5
2cea6
30537
2cea7
35625
30538
2cea9
334aa
2ceaa
3508f
3053b
39646
35627
3053d
2ceae
3061d
36610
2ff99
2f81c
357f8
2f81d
3606f
2fbe7
2ceb3
39648
3481b
2ceb5
3562b
30e7f
30620
39384
3517c
2ceb9
357fb
2ceba
38de5
36615
30bb8
2cebd
3964b
2cebf
39388
3517e
39389
3517f
3562c
3938a
36618
38de9
2d240
2d7d8
30e82
2d242
2e709
2f734
30bb9
2d7db
30bba
2d7dc
2cf87
30e85
2d7de
2cf89
317ed
2d7e0
2cf8b
39731
2fcd3
332c6
2f469
34eab
2f736
34eac
2f737
39733
30bbd
2d520
30719
39471
35acf
2cf94
317ee
2d7e5
369d1
30f76
2cf97
2cf98
3071b
36702
30090
2f738
30bbe
2f739
2cf9c
30bbf
2f73b
3490a
2f73c
38ed2
3490c
2cfa0
38ed3
3571a
2f910
358ea
2f911
36161
2fcd9
2cfa5
3973a
3490d
2cfa7
3571d
30f78
3071e
39476
34cc8
2cfab
358ed
2cfac
38ed7
36707
30cb3
2cfaf
3973d
38ed8
3490f
34cca
3947b
34ccb
35264
3670b
2cfb6
38edb
2d159
2e60a
2d069
30723
36d9c
2feb0
2d15d
36d9e
2d06d
2d522
3151a
2fdbd
3151b
2f821
2d071
3151c
36cad
2faf6
31254
2f55d
3553d
2f822
3553e
2f823
39dcd
31256
2d609
2de77
2d07a
2e7fd
32366
2f824
31257
2de7a
31258
2de7b
2d07e
31520
2de7d
2d080
31e9d
2de7f
2d082
39dd1
2d084
36166
2de83
39b0e
3106f
37080
31e9f
2d088
37082
3616b
2f826
35266
30726
39835
30636
357fe
30637
2fdc6
39dd5
34fa4
2f82b
39b0f
30cc0
2f82d
39dd7
30727
358f0
2feb2
2d095
39b11
35094
38cf8
35359
39573
35804
3125c
30dad
36da2
358f3
30daf
36800
35097
39b13
358f4
30db2
39dda
36da6
358f7
34fa6
39ddc
2d0a4
36802
2d0a5
36803
35807
2d0a8
358f9
39ddf
2d160
30e89
2fa04
30e8a
2d24e
368e3
30e8b
2d250
2f64e
30ad0
2d6f7
30ad1
2d6f8
3134a
2d6f9
39651
2feb5
2d16a
2d9cc
2eea9
2d16c
2e8ef
2df6b
30db5
2d9cf
30db6
2d9d0
31701
3072b
2d9d2
319e2
31160
2d9d4
31f9e
31704
2df73
31705
2d177
37171
2df76
3625a
31162
39ec5
3625c
2df79
2f378
3509a
2f379
390b6
2feb8
3161e
2feb9
2f91d
358fc
30dba
2d182
35361
2f920
2d184
39656
2ffa5
31708
2fa07
368e7
358ff
308f2
36344
35187
38deb
3161f
308f3
368e8
359e5
308f5
36346
35189
39659
359e6
308f8
39ecc
31620
359e8
3170b
2d194
3965c
35363
36078
39ecf
36079
2d199
39ed0
2d19b
3965f
2e241
309e0
2d33f
309e1
2d254
3035c
309e2
2d256
2d7e8
30639
2d258
3063a
2d259
308f9
2d25a
35723
2d7ec
39744
2d25d
2e9e0
31f9f
2e152
2dac0
3081b
2d260
2ffab
2d261
3170e
2e060
2d263
317f4
2e062
2d265
31daa
2e064
2dac8
309e3
39745
35d9f
2d26a
31ad7
2e069
37265
317f9
2d26d
2d26e
308fd
2d26f
35451
2fa0d
30e94
2fa0e
2d272
30e95
2fa10
391a9
3518f
2d275
391aa
359f0
2fafa
30f7e
2d278
35ad5
30e96
30185
3616c
30186
36437
30820
2d27d
359f3
317fb
309e8
3974a
35544
2d281
3616f
2d282
391ad
369dd
30f80
2d285
39fbf
36170
39fc0
36171
35454
2d289
359f4
39750
369e0
391b1
2d42f
2e334
2d345
3044f
36ac6
30188
2d433
36ac8
2d349
2ead2
32091
2e244
2d60c
30361
2d34c
3009a
2d34d
31800
2dba6
2d34f
318e6
2dba8
2d351
31ea0
2dbaa
2d614
2f288
30cc3
2d8e6
30cc4
2d8e7
30f84
2d8e8
39837
3009d
2d359
2dbac
37354
30ad6
3a0a8
318ea
2d35d
35e93
2dbb0
3a0aa
37359
30451
39b1a
34cd3
2d362
309f2
2d363
35adf
309f3
2d365
3554a
309f5
3a0ac
35ae1
309f7
2d369
30ad7
36aca
30454
300a1
2d36c
35634
2d36d
3625f
2d36e
3a0ae
31804
31075
2d371
36acd
34dc0
3929e
35637
3a0af
36ace
35bcb
2d376
39841
36ad1
3554c
2d379
34dc2
392a1
34dc3
2d37c
392a2
35bce
36ad3
2d435
2d528
31428
30279
31429
2fcdd
2d439
3142a
36bbb
2e335
31ea1
2dc94
2d43d
3018b
318f1
2fbef
39be8
30456
2d701
39be9
30e98
2d703
39bea
3142d
2d705
2d445
2d9d7
30821
2d447
30822
2d448
30ae1
2d449
35367
2d9db
3992a
2d44c
35f88
2dc9f
3992c
30e9a
36e9c
31cbd
2d450
36e9e
35f8d
2fbf2
3563a
30544
39661
30458
35bd0
30459
30192
39bf1
34dc6
2fbf7
3992d
30ae8
2fbf9
39bf3
30545
35cb8
3027c
2d45d
35726
2d45e
35da5
2d45f
3992f
35bd6
3107f
30bcb
36bbe
35cbb
30bcd
3661c
34eb3
39931
35cbc
30bd0
39bf6
36bc2
35cbf
34dc8
3563f
2d46c
3661e
35da9
39bf9
35bd9
2d470
35cc1
39bfb
2d52e
2e70a
32275
2e428
2d7f1
30547
2d531
3027e
2d532
31438
2dd8b
2d534
31525
2dd8d
2d536
31ad9
2dd8f
2dac9
30367
2d539
30368
2d53a
30bd3
2d53b
35459
2dacd
39a1c
2d53e
3607a
2dd91
39a1e
30f8c
36f8e
31daf
2d542
36f90
3607f
2fce4
3572c
3063c
39753
3063d
35808
2fdcb
2d548
30bd6
2d549
35cc3
30bd7
2d54b
3572e
30bd9
39ce4
35cc5
30bdb
2d54f
35272
2d550
35e97
2d551
39a21
35cc8
31171
30cc9
36cb0
3580b
30ccb
3670e
34fab
39a23
3580c
30cce
39ce8
36cb4
3580f
34eba
39cea
2d55e
36710
2d55f
36711
2d561
39a28
2d563
39ced
2d616
318f7
2febe
318f8
2d70a
3735b
318f9
2d70c
2ead4
31264
2dad1
31265
2d61e
30bde
31266
2d620
2dbb2
309f9
2d622
309fa
2d623
31267
2d624
35aeb
2dbb6
3a0b8
2d627
3036e
31add
2fdd1
3a37a
30be0
2de8b
3a37b
31621
2de8d
3a37c
31bd1
2de8f
2d62f
2e432
3763c
3135a
3a37e
31bd4
2d633
36715
2e436
3a380
37641
30cd1
39de0
3554f
2d638
3126c
2d639
35dab
3126d
2d63b
35814
3126f
3a382
35dad
31271
2d63f
3135b
3735e
30cd4
30373
2d642
35904
2d643
3652f
2d644
3a384
31ae2
318fb
2d647
37361
35642
39b20
35907
3a385
37362
35ea1
2d64c
3a0c1
37365
35816
39b22
35644
2d651
36daf
2d652
39b24
35ea4
37367
2d70d
2d7fa
31cbe
3054f
31cbf
2ffb1
2d711
31cc0
36ea3
30194
318fd
2fbfb
35bdb
2fec2
35bdc
2fec3
3a46b
318ff
2dca9
2e51b
31365
2df7b
31366
2df7c
31cc1
30cd7
2df7e
31fa0
31714
2df80
3255f
31cc4
2e523
31cc5
2d723
3772f
2e526
36806
31716
3a471
36808
2e529
2f924
35646
2f925
39662
30464
31bdd
30465
2fec9
35ea8
3136a
2d72e
3590d
2fecc
2d730
39c02
30551
31cc8
2ffb3
36ea5
35eab
30ea2
368f0
35733
39397
31bde
30ea3
36ea6
35f91
30ea5
368f2
35735
39c05
35f92
30ea8
3a478
31bdf
35f94
31ccb
2d740
39c08
3590f
36624
3a47b
36625
2d745
3a47c
2d747
39c0b
2e7fe
30f90
2d8ed
30f91
2d802
30908
30f92
2d804
2dd96
30be5
2d806
30be6
2d807
30ea9
2d808
35ccf
2dd9a
39cf0
2d80b
30556
31ccc
2ffb7
3a55e
30dc8
2e06f
3a55f
31811
2e071
3a560
31db5
2e073
2d813
2e616
37820
30f94
3a562
31db8
2d817
3634d
2e61a
3a564
37825
30909
39fc4
35739
2d81c
30eae
2d81d
35f99
30eaf
2d81f
359fe
30eb1
3a566
35f9b
30eb3
2d823
30f95
36f96
3090c
3055b
2d826
35aee
2d827
36719
2d828
3a568
31cd1
31533
2d82b
36f99
3527a
39758
35af1
3a569
36f9a
36085
2d830
39cf9
36f9d
35af2
3527d
3975a
3573c
35a01
2d836
3975c
36088
36f9f
2d8f1
2d9de
31ea2
30733
31ea3
30197
2d8f5
31ea4
37087
300a8
31535
2e154
31536
2e155
2d8fa
31dc0
2e157
2d8fc
32186
2e159
2d8fe
3a651
2d900
30647
35818
2fddb
39de2
30648
3a652
30fa0
2d904
3581c
3581d
31ea9
2d907
37913
2e15e
3643e
31909
3a655
36440
2e161
2fb0a
3527e
2fb0b
39846
3064a
31dc1
3064b
300af
3608c
30fa4
2d912
35af7
300b2
2d914
39de8
30735
31eac
30199
37089
3608f
31088
36ad4
3536b
3957b
31dc2
30fa8
2d91c
36174
31eae
2d91e
3680c
3108c
36ad7
3108d
2d921
39dec
36178
31eaf
2d924
35283
3a65e
3680e
35be5
39def
2d929
3a660
2d92b
39df1
2e9e2
31174
2dad7
31175
2d9e6
30aee
31176
2d9e8
2dcaa
30a01
2d9ea
30738
2d9eb
319eb
2e248
2d9ed
319ec
2e24a
2d9ef
31fa4
2e24c
2dcb2
2f926
3136f
2df84
31370
2df85
3162e
2df86
39ed5
3073b
2d9f7
2e24e
37458
31178
3a19a
319f0
2d9fb
36537
2e252
3a19c
3745d
30aef
39c0c
35371
2da00
31094
2da01
3617d
31095
2da03
35be8
31097
3a19e
3617f
31099
2da07
31179
3717a
30af2
30374
36350
30375
36bc7
3073f
2da0c
3a1a0
31eb5
3171b
2da0f
3717d
3545e
3993c
35cd5
3a1a1
3717e
36269
2da14
39edf
37181
35bea
3993e
35460
2da19
36bcb
2da1a
39940
3626c
37183
2dadb
30829
319f6
3028d
3a286
30af4
2dd9f
3a287
3153e
2dda1
3a288
31ae5
2dda3
2dae3
2e075
30913
2dae5
30914
2dae6
31183
2dae7
35a05
2e079
39fc8
2daea
36626
2e341
39fca
31540
3754c
3236c
2daee
3754e
3662b
30290
35cd8
30be8
39cff
30be9
35db4
30377
2daf4
31186
2daf5
3626f
31187
2daf7
35cda
31189
3a290
36271
3118b
2dafb
3581e
2dafc
36443
2dafd
39fcd
36274
31725
31279
3726e
35db7
3127b
36cba
35557
39fcf
35db8
3127e
3a294
37272
35dbb
35466
3a296
2db0a
36cbc
2db0b
36cbd
2db0d
39fd4
2db0f
3a299
2dbc2
31eb6
3046a
31eb7
2dcb6
37919
31eb8
2dcb8
2f08f
31818
2e07d
31819
2dbca
3118e
3181a
2dbcc
2e162
30fa9
2dbce
30faa
2dbcf
3181b
2dbd0
36097
2e166
3a664
2dbd3
3091a
3209a
3037d
3a926
31190
2e43b
3a927
31be0
2e43d
3a928
3218e
2e43f
2dbdb
2e9ed
36cbe
3190e
3a92a
32191
2dbdf
337ef
2e9f1
3a92c
36cc3
31281
3a38c
35afb
2dbe4
31820
2dbe5
36357
31821
2dbe7
35dc0
31823
3a92e
36359
31825
2dbeb
3190f
3791c
31284
3091f
2dbee
35eb0
2dbef
36adb
2dbf0
3a930
3209f
31eba
2dbf3
3791f
35bee
3a0cc
35eb3
3a931
37920
3644d
2dbf8
3a66d
37923
35dc2
2dbfb
35bf0
3a0cf
35bf1
2dbfe
3a0d0
36450
37925
2dcb9
2dda6
3227b
30afb
3227c
3055d
2dcbd
3227d
37461
30740
31ebc
301a7
36187
3046e
36188
3046f
3aa17
31ebe
2e259
2ead6
31919
2e52b
3191a
2e52c
3227e
31287
2e52e
32560
31cd3
2e530
32b2a
32281
2eade
32282
2dccf
36db1
2eae1
338e0
31cd5
3aa1d
338e2
2eae4
2fed0
35bf2
2fed1
39c0e
30a10
3219a
30a11
30475
36454
3191e
2dcda
35eb9
30478
2dcdc
3a1ae
30afd
32285
3055f
37463
36457
31456
36eae
35cdf
39943
3219b
31457
37464
3653d
31459
36eb0
35ce1
3a1b1
3653e
3145c
3aa24
3219c
36540
32288
2dcec
3a1b4
35ebb
36bd0
3aa27
36bd1
2dcf1
3aa28
2dcf3
3a1b7
2edb9
31544
2de99
31545
2ddae
30eb8
31546
2ddb0
2e346
31195
2ddb2
31196
2ddb3
3145d
2ddb4
3627b
2e34a
3a29c
2ddb7
30b02
32289
30563
3ab0a
31378
2e61f
3ab0b
31dd0
2e621
3ab0c
32372
2e623
2ddbf
2ebd1
368f6
31548
3ab0e
32375
2ddc3
339d3
2ebd5
3ab10
368fb
30eb9
3a570
35ce5
2ddc8
31462
2ddc9
36545
31463
2ddcb
35faa
31465
3ab12
36547
31467
2ddcf
31549
37554
30ebc
30b07
2ddd2
3609a
2ddd3
36cc5
2ddd4
3ab14
3228e
31af2
2ddd7
37557
35826
39d04
3609d
3ab15
37558
36631
2dddc
3a2a5
3755b
3609e
35829
39d06
35ce8
35fad
2dde2
39d08
36634
3755d
2de9d
2df8a
3245f
30cdf
32460
30743
2dea1
32461
37645
30654
31af4
2e70f
31af5
2e710
2dea6
3237d
2e712
2dea8
32746
2e714
2deaa
3abfd
2deac
30bf3
35dc4
30387
3a38e
30bf4
3abfe
31554
2deb0
35dc8
35dc9
32466
2deb3
369e9
2e719
33ac4
31ec8
3ac01
33ac6
2e71c
300b6
3582a
300b7
39df2
30bf6
3237e
30bf7
3065b
36638
31558
2debe
360a3
3065e
2dec0
3a394
30ce1
32469
30745
37647
3663b
3163c
37092
35917
39b27
3237f
3155c
2dec8
36720
3246b
2deca
36db8
31640
37095
31641
2decd
3a398
36724
3246c
2ded0
3a39a
360a5
36dba
3ac0b
36dbb
2ded5
3ac0c
2ded7
3a39d
2ef9d
31728
2e083
31729
2df92
3109e
3172a
2df94
2e25a
2e801
31643
2e25c
31644
2e25d
3246e
30fb3
2e25f
32837
31a0c
2e261
32e00
31fab
2fed2
31923
2e534
31924
2e535
31bed
2e536
3a481
30ce7
2dfa3
2e809
36ae0
3172c
3a746
31fad
2dfa7
3360b
2e80d
3a748
36ae5
3109f
3a1b8
3591d
2dfac
31648
2dfad
36729
31649
2dfaf
36194
3164b
3a74a
3672b
3164d
2dfb3
3172d
37738
310a2
30920
368fc
30921
37185
30ceb
2dfb8
3a74c
32472
31cda
2dfbb
3773b
35a0a
39ee8
36281
3a74d
3773c
36815
2dfc0
3a48b
3773f
36196
2dfc3
35a0c
39eeb
35a0d
2dfc6
39eec
36818
37741
2e087
2e34d
310a3
2e089
30dd6
2e08a
31fb4
2e8f6
2e08c
320a1
2e8f8
2e08e
32656
2e8fa
2e625
30ec3
2e091
30ec4
2e092
31737
2e093
35fb1
2e629
3a574
2e096
336fa
2e8fc
3a576
31aff
36bd4
3292c
2e09a
36bd6
336ff
3083c
36284
31198
3a2ab
31199
36360
30923
2e0a0
3173a
2e0a1
3681b
3173b
2e0a3
36286
3173d
3a83c
3681d
3173f
2e0a7
35dca
2e0a8
369ef
2e0a9
3a579
36820
31ce4
3182d
3782c
36363
3182f
37278
35b03
3a57b
36364
31832
3a840
37830
36367
35a12
3a842
2e0b6
3727a
2e0b7
3727b
2e0b9
3a580
2e0bb
3a845
30fb7
32749
30a17
2e173
3274a
33acb
30ec5
32657
30925
2e177
32658
339d9
30bfa
32383
30661
36641
30926
36642
30927
3aed5
32385
2e722
2ef9f
31ddb
2e9f4
31ddc
2e9f5
3274b
31745
2e9f7
32fe5
3219e
2e9f9
3359e
3274e
2efa7
3274f
2e189
3727d
2efaa
33da0
321a0
3aedb
33da2
2efad
3038a
360a6
3038b
3a674
30ecc
3265c
30ecd
3092d
36904
31de0
2e194
3636d
30930
2e196
3ac14
30fb9
32752
30a19
369f5
36907
31ece
37926
36199
39dfd
3265d
31de4
2e19e
33ace
32754
2e1a0
3a678
369f9
31ed3
37928
3619b
3ac18
33ad2
32755
2e1a6
33ad5
3aee4
3a67b
360ab
36460
3ac1c
36461
3690a
3ac1d
30b08
31fb9
2e356
3360f
31fba
2e358
30752
31bf3
2e810
31bf4
2e811
32479
2e812
3a755
30fbd
2e270
2eae5
2f092
31ed7
2eae7
31ed8
2eae8
3283d
3183b
2eaea
32b2b
32290
2eaec
330e4
32840
31a11
3a757
33e91
2e27c
32b2d
2f09d
37371
32843
2e27f
2e280
31ed9
2e281
36463
30a1f
3247d
30a20
2e284
3247e
30a22
3a1bb
361a1
2e287
3a1bc
36a02
30b0a
31fbb
2e28a
33613
3247f
3119b
3718a
3119c
3746d
3183e
2e28f
33614
32846
2e291
3a1be
36aeb
31a19
3746e
3628d
3a75e
32480
31fbd
2e297
3afd5
3a1c0
3361b
36466
2e29b
3628e
3a1c2
3628f
2e29e
3a1c3
2e447
31b03
2e35a
3146c
31b04
2e35c
2e901
31749
2e35e
3174a
2e35f
31a1b
2e360
36827
2e905
3a848
2e363
310b2
32848
30b0f
3b0ba
3192c
2ebda
3b0bb
3238c
2ebdc
3b0bc
32931
2ebde
2e36b
2f18c
36eb4
31b06
3b0be
32934
2e36f
33f85
2f190
3b0c0
36eb9
3146d
3ab1c
36291
2e374
31a20
2e375
36af1
31a21
2e377
36556
31a23
3b0c2
36af3
31a25
2e37b
31b07
36bd8
31470
310b7
2e37e
36646
2e37f
37283
2e380
3b0c4
3284d
320ae
2e383
36bdb
33708
31b0c
3b0c5
36648
2e387
37285
2e388
3a851
36bdf
36be0
2e38b
35dd4
3a2b3
35dd5
2e38e
3a854
36559
36af9
2e44b
3155f
337f2
31290
2e53b
337f4
2e44f
311a1
3293a
30c01
3b1aa
31472
2e726
3b1ab
32481
2e728
3b1ac
32a23
2e72a
2e457
2e9fc
3183f
2e459
31840
2e45a
31b11
2e45b
36373
2ea00
3a93c
2e45e
34074
2ecd3
3a93e
32483
36fa8
32d13
2e462
36faa
34079
30c04
3664c
31562
3ac1f
31474
36be2
31475
311a8
3b1b3
35dd8
30c09
3a93f
31b18
30c0b
3b1b5
31563
337f6
31292
2e46f
3a941
35ec2
3a0d2
36739
3a3a1
36be8
320b8
31bfb
36ccc
337f9
31bfd
2e477
3a943
35ec4
3a3a3
3673b
3b1b8
36cd0
337fd
337fe
36cd3
2e47e
3a947
36651
37378
3b1bc
37379
2e483
3b1bd
31381
32565
30de1
2e53f
32566
338e7
30cf2
321a6
2edbc
321a7
2edbd
2e544
32a2e
2edbf
2e546
32e03
2edc1
2e548
3acf3
2e54a
31295
36468
30a27
3aa2c
31296
3acf4
31c04
2e54e
3646c
3646d
3256b
2e551
3709f
2edc6
33bbc
31fca
3acf7
33bbe
2edc9
30754
35ec8
30755
3a490
31298
32a2f
31299
30cf9
36cd6
31c08
2e55c
36741
30cfc
2e55e
3aa32
31383
3256e
30de3
36dbd
35fb4
39c18
3682b
3a493
36cd9
32a30
31c0c
2e566
338ea
32570
2e568
3a494
36dc1
31cf1
37744
35fb7
3aa36
338ee
32571
2e56e
338f1
3ad00
3a497
35ecd
3682e
3aa3a
3682f
36cdc
3aa3b
2eead
31cf3
2e908
31cf4
2e909
3265f
31659
2e90b
32ef4
320ba
2e90d
334ac
32662
2eeb5
30b18
3229a
30571
3655b
30de6
3655c
30de7
3ade7
3229c
2ebe5
31de7
3ab21
33cad
2e644
32ef6
2eeb9
37193
32665
2e647
2e648
31cf7
2e649
36831
30934
32390
2e64b
339db
3138a
32575
3138b
30deb
36dc8
31cfa
2e650
36833
30dee
2e652
3ab24
31dea
37834
360ad
39d0b
3229f
3165c
2e657
36dcd
32667
31dec
3ab26
36910
339df
2e65c
36fae
31df0
37837
32392
2e65f
3adf1
2e661
3ab2a
36834
2e663
360b0
3a58a
360b1
2e666
3a58b
2e81e
32485
2e72d
31df2
32486
2e72f
2ebe6
32393
2e731
31d00
32394
2e733
2ecd8
31b1b
2e735
31b1c
2e736
32395
2e737
36bef
2ecdc
3b1c0
2e73a
32397
2e73b
36917
30ed9
32945
30eda
2e73e
32946
30edc
3ac21
36655
2e741
3ac22
36ec4
30fc8
32a34
2e744
3407f
32947
3165d
36a08
3165e
37657
31d03
2e749
36ec7
32d17
3248a
3b1c4
36746
2e74d
36a0b
2e74e
3ac25
36fb7
32a36
2e751
3b49c
36a0c
3b49d
36a0d
36fba
3ac27
36656
3b49f
2e758
3ac29
2e910
31fcb
2e823
31ee4
31fcc
2e825
2edca
31c0d
2e827
31c0e
2e828
3248f
2e829
36ce1
2edce
3ad06
2e82c
32491
2e82d
36a0f
30fcd
32a3a
30fce
2e830
32a3b
30fd0
3a767
3674d
2e833
3a768
36fc0
310ba
3257a
2e836
33bc5
32a3c
3174f
36afa
31750
37749
31df9
2e83b
33bc6
32e0a
2e83d
36afc
31fd2
3774b
31fd3
2e840
3ad0c
32a3d
3257c
2e843
3b58e
36afe
3b58f
36aff
370ac
3a76d
3674e
36a13
2e84a
3a76f
2ea02
320bf
2e915
31a2a
320c0
2e917
2eebc
31d04
2e919
31d05
2e91a
31fd5
2e91b
36dd3
2eec0
3adf8
2e91e
31fd7
2e91f
36b01
310bf
32580
310c0
2e922
32581
310c2
3a859
3683f
2e925
3a85a
370b2
311ae
3266c
2e928
33cb7
32582
31841
36bf2
31842
3783b
31eeb
2e92d
370b5
32efb
320c4
3adfc
3637e
2e931
36bf5
2e932
3a85d
3719b
3266e
2e935
3b680
36bf6
3b681
36bf7
3719e
2e939
36840
36b05
2e93c
3a861
2eaf4
321b1
2ea07
31b1e
321b2
2ea09
2efae
31dfa
2ea0b
31dfb
2ea0c
320c9
2ea0d
3691f
2efb2
3aeec
2ea10
320cb
2ea11
36bf9
311b3
32672
311b4
2ea14
32673
311b6
3a94b
36385
2ea17
3a94c
371a4
312a0
3275e
2ea1a
33da9
32674
31933
36ce4
31934
3792d
31a31
2ea1f
371a7
32fed
321b6
3aef0
36470
2ea23
36ce7
2ea24
3a94f
3728d
32760
2ea27
3b772
36ce8
3b773
36ce9
37290
2ea2b
36386
3b775
2ea2e
3a953
2ebea
322a3
2eaf9
31c10
322a4
2eafb
2f0a0
31eec
2eafd
31eed
2eafe
321bb
2eaff
36a17
2f0a4
3afde
2eb02
321bd
2eb03
36ceb
312a5
32764
312a6
2eb06
32765
312a8
3aa3d
36477
2eb09
3aa3e
37296
31392
32850
2eb0c
33e9b
322a6
37472
338f3
3a1c5
32766
31b25
2eb11
37299
32b33
322a8
3afe2
36562
2eb15
36dd9
2eb16
3aa41
3737f
32852
2eb19
3b2b8
36dda
3b2b9
36ddb
37382
3aa43
36478
3b2bb
2eb20
3aa45
2f192
31a32
2ebef
31a33
2ebf0
322ad
2ebf1
36b09
2f196
3b0d0
2ebf4
322af
2ebf5
36ddd
30ee2
32949
2ebf7
33f8d
3193c
32b36
3193d
31399
37386
322b2
2ebfc
36ddf
3139c
2ebfe
3b0d2
323a2
37564
339e5
3a2b7
32858
31c17
2ec03
3738b
32c28
323a4
3b0d4
3665a
2ec07
36925
2ec08
3ab33
36ecf
3294b
2ec0b
3b3aa
36926
3b3ab
36927
36ed2
3ab35
3656a
3b3ad
2ec12
3ab37
2edd0
32a3e
2ecdf
323aa
32a3f
2ece1
2f198
3294c
2ece3
322b8
3294d
2ece5
30ee4
36bfe
30ee5
3b1ce
31a36
331d9
31a37
3148b
3747a
32951
2ecec
36ed7
3148e
2ecee
3b778
31b28
332cb
3157b
3756b
3747d
32a41
36fc6
33807
3a955
331da
32955
2ecf6
34632
332cd
2ecf8
36cf2
32a45
36fc9
32a46
2ecfb
3b77c
34636
332ce
2ecfe
36fca
2ecff
36fcb
3b1d5
34639
36ed8
2ed03
37480
3b781
3166a
32b39
2eec3
34173
32b3a
2eec5
3157c
36fcc
3249e
3b594
323af
37574
323b0
31b2c
3bb41
36cf8
31581
3b2bd
32a4d
31583
3bb43
3249f
34176
31c1d
2ede3
3b2bf
338f8
3aa46
33bcf
3ad17
3757a
32b3c
2ede8
3765f
338fa
3ad18
33bd1
3bb45
37660
3417b
2eded
3757b
37662
3417d
338fc
3ad1a
338fd
2edf2
3417f
3bb49
3ad1c
36cfb
2edf7
3bb4b
31d0c
334ad
3175d
2eec8
334ae
34267
31fe3
3b685
36de9
2eecc
3258f
2eecd
37667
32590
2eecf
370c0
32592
3bc34
37669
32594
2eed3
32678
3774e
31fe6
31c21
2eed6
33cc0
2eed7
36929
2eed8
3bc36
333c3
32c2e
2eedb
37751
339ec
3ae0a
33cc3
3bc37
37752
3426d
2eee0
3b3b5
37755
33cc4
3b3b6
33cc5
34270
3bc3b
2eee6
3b3b8
370c3
3766f
2efb8
320d3
34356
31dff
2f0a8
34358
2efbc
32680
2efbd
371b1
31761
32c30
31762
2efc0
32c31
31764
3aef9
36931
2efc3
3aefa
3775c
31850
32d1f
2efc6
3435b
32c32
31eee
36a1a
31eef
3729d
31fe9
2efcb
3775f
335a2
3276d
3b4a6
33db4
2efcf
36a1d
2efd0
3aefd
37845
32d21
2efd3
3bd2b
36a1e
3bd2c
36a1f
37848
2efd7
36932
3bd2e
2efda
3af01
2f19c
3285a
2f0ab
321c6
3285b
2f0ad
312ac
36a20
312ad
3afea
31e02
335a5
31e03
31855
3784c
32775
2f0b4
372a5
31858
2f0b6
3b596
31ef2
330e7
31943
37933
33622
3a770
33ea5
3afed
3784f
335a6
32779
2f0be
3444e
330e9
2f0c0
36b0e
32861
37391
32862
2f0c3
3b59a
34452
330ea
2f0c6
37392
2f0c7
37393
3aff1
34455
372a6
3aff2
37852
3b59f
31944
37394
322bd
3b3bb
322be
3453e
31a3d
2f1a4
32865
2f1a5
3793d
32866
2f1a7
37396
32868
3b95e
3793f
3286a
2f1ab
33f96
2f1ac
36c05
2f1ad
3b689
37942
32e17
32958
37484
34541
3295a
36edc
33717
3b68b
34542
3295d
3b962
37488
34545
33718
3b0e2
33719
2f1ba
3b68f
3748b
3b0e4
36b17
2f1bf
3b967
2f28b
2f836
300b9
2f28e
32d26
30757
2f83a
2f291
32e18
301aa
2f293
32ffc
330f0
2f296
392a6
2f298
34364
38fd0
33db9
3075e
38fd2
34cda
2f29c
30761
31ef8
333c5
330f2
33ae4
372a8
32781
37b05
33dbc
2f2a3
37855
37b07
38934
2f2a7
33ae7
34cdb
33ae8
34cdc
2f2aa
36a28
3af02
3436c
33dc1
2f2ad
37a14
37857
37a15
2f2b1
2f46e
301ac
30849
2f92b
330f3
30df5
3286e
2fa1a
334b6
3084c
2fbff
331e1
2f387
3029d
2f389
3084f
34af4
2f38b
34457
34af5
2f38d
35378
30853
390c3
31fea
2f391
38478
33eac
37946
3362b
2f394
3445a
32875
37bf8
2f397
2f398
32f0d
33eaf
35379
33eb0
3537a
3362f
3739c
2f39d
37b0d
3445f
34af9
2f3a0
37bfc
2f3a2
380b4
3295e
2f471
3093a
302a0
2f473
39a36
32f0f
300bc
2f476
30c10
323b2
2f478
2fde3
2f47a
30394
3371a
34ebc
30396
38c09
34ebd
30398
391b4
38c0b
39a38
32962
323b3
2f484
3454a
37ce8
33f9f
32966
38294
36c0b
2f488
32969
32fff
3bd30
3454d
37bfe
3454e
381a5
33fa3
3748e
33722
2f490
37ced
34ec1
36c0d
3b0e8
37cef
38a28
2f562
30d04
324a5
2f564
2fb10
2fde5
2f567
33001
30483
2fb14
2f56a
32b43
38296
333ca
30572
3408e
3555a
3380d
2f570
3555b
3472e
39b29
2f573
2f574
32b44
32a55
32a56
36cfc
2f577
3463d
33810
3865d
36fd3
32a5a
38388
330f6
2f57e
3472f
2f57f
34730
3856d
34641
37dde
34096
33815
3b1d9
3555f
36fd5
2f585
3b1db
2f653
2f92e
334b9
32597
2f930
2fed7
30574
2fc04
333cc
30b20
32599
2fcf3
331e6
2f65e
390c4
2f660
34180
38dec
33bd5
3057b
38dee
350a2
2f664
3057e
31d14
331e7
334bd
33900
370c4
3259d
37ecd
33bd8
2f66b
37671
37ecf
38750
2f66f
33903
350a3
33904
350a4
2f672
36df0
3ad1e
34188
33bdd
2f675
37de4
37673
37de5
2f679
2f83e
332d8
30666
2fa21
335ad
2f74a
2fcf5
30ee6
3268a
2fcf7
2f74e
38842
2f750
391b6
2f752
34272
38ede
33cc7
3066d
38ee0
35194
2f756
30670
31e06
332d9
335b0
339f2
371b6
3268f
37a17
33cca
2f75d
37763
37a19
38844
2f761
339f5
35195
339f6
35196
2f764
36936
3ae10
3427a
339f9
2f767
37ed6
37765
37a1d
2f76b
2f931
32c3b
2f842
312af
30d06
2fdec
2f845
30d07
34098
3528a
30d09
39580
3528b
30d0b
39b2b
39582
39e00
3409a
37858
339fb
2f84f
34919
3409c
38ee3
2f852
2f853
339fc
36fd8
2f855
380bb
34374
35833
34375
35834
340a0
2f859
380bc
3528f
37fc7
2f85d
2fa23
30763
30df8
2fedd
2f936
38fd4
2f938
30dfb
350a6
2f93a
34a09
350a7
2f93c
35924
30dff
39672
33aec
370c8
32e22
381a9
34463
32e24
38753
381ab
38fd6
2f946
34a0d
3b5a0
3794d
33be4
3537f
33be5
35380
2f94a
380bf
34a11
350ab
2f94d
3b5a3
2fa24
2ffcd
30856
2fa27
39fe2
334c0
38755
2fa2b
34afa
391b7
34553
30943
391b9
35470
2fa2f
30946
32f13
34afc
2fa32
37491
33cd3
2fa34
34afe
32f17
38846
37ed8
34557
3829e
371bd
2fa3a
3519b
2fa3b
3519c
38fd7
34b02
3455b
2fa3e
381b2
382a1
38fd8
2fb17
300c0
3185a
30fda
33004
3039d
30b21
34644
35b06
33dc3
2fb1f
35b07
34ce0
3a0d5
2fb22
2fb23
34646
3838c
372ad
33007
3838e
34648
2fb27
3300a
330f7
33dc7
37584
33727
3b785
34bf2
382a2
34bf3
38848
3464c
33dcb
3b786
35b0b
2fb32
38849
32b49
2fc0a
310cb
30b23
301b4
2fc0d
30b24
33eb4
35652
30b26
3939c
35653
30b28
39947
3939e
39c1c
33eb6
37674
33817
2fc17
34735
33eb8
38cff
2fc1a
2fc1b
33818
373a0
2fc1d
38483
34190
35bfb
34191
35bfc
33ebc
2fc21
38484
35657
38397
2fc25
302a3
30580
2fcfd
39d0c
331ea
38a2b
2fd01
34824
3948d
3427d
30c19
3948f
35746
2fd05
30c1c
32c3d
34826
2fd08
37767
33fa9
2fd0a
34828
32c41
38573
37c02
34281
37fcc
36ee7
2fd10
34ec5
2fd11
34ec6
38d01
3482c
33faf
2fd14
38488
2fd16
38d02
2fdee
3039e
30c1e
2fdf1
3a3aa
2fdf3
312b4
35566
2fdf5
34ec9
35567
2fdf7
35dde
312b8
3a0d8
339fe
34eca
332df
38667
34923
332e1
38c11
38669
39492
34653
3866a
33fb3
2fe02
35569
2fe03
3556a
3939f
34ed0
34929
2fe06
38576
3866d
393a0
2fee1
30491
31c23
3194e
38c13
2fee6
34fba
39673
34a13
313a9
39675
3592a
2feea
313ac
333d0
34a14
2feed
37679
34197
2feef
34fbe
333d4
38d04
340a4
3767a
33af3
3bb4e
34fc0
3866e
34fc1
38c14
34a1a
3419d
3bb4f
35ed3
2fefa
38c15
334c1
2ffd4
31493
30eeb
30e03
30fdb
34b04
35fc0
34287
2ffda
35fc1
3574c
3a58f
2ffdd
2ffde
34288
3884a
33be9
334c4
3884c
34b08
2ffe2
334c7
33638
350b1
2ffe5
3884f
34b0a
35fc3
34b0b
35fc4
3428e
2ffe9
38850
35a1f
38763
2ffed
301b5
30947
30fdc
30676
300c8
30fde
34378
35b0c
30fe0
39858
35b0d
30fe2
39e01
3985a
3a682
33cda
3785c
33729
300d2
351a1
3437c
391bb
300d5
300d6
34bfb
3bd31
3785f
3437e
35b0f
3437f
35b10
300da
38853
351a7
35295
300dd
3bd34
301b6
30766
30a3a
301b9
3a1c6
301bb
310d1
35382
301bd
34ce5
35383
301bf
361a6
310d5
39ef4
3381a
34ce6
330fb
38a2f
3473f
330fd
38fd9
38a31
392ae
3446f
38a32
33dcf
301ca
35385
301cb
35386
391bd
34cec
34745
301ce
38946
38a35
391be
302aa
31769
311c1
30b2d
312ba
3482e
36296
3455d
302b0
36297
35476
3a2b9
302b3
302b4
3455e
38578
33ebf
331ee
3857a
34832
302b8
331f1
3390e
34ddb
302bb
3857d
34834
36299
34835
3629a
34564
3b96b
34ddf
35cf5
3857f
302c3
3094a
311ca
303a3
3a956
303a5
31860
35b12
303a7
3547b
35b13
303a9
3638a
31864
3a684
33fb4
3547c
3372d
38c17
3547d
38b24
3547e
390ce
34ed7
303b1
38b25
3638d
38c19
390cf
312bb
31950
30a3e
30496
31495
34746
35ed4
31954
39c20
35ed5
31956
3a1c9
39c22
3aa4a
34658
37cf5
340a7
304a0
35c07
304a1
35c08
39a3f
35571
3474c
304a4
38c1c
304a6
39a40
30586
31a40
31497
313af
31587
350b6
3656c
34839
3058c
3656d
35cf8
3ab3b
3058f
30590
3483a
38dfa
3419f
3483b
35fc9
3483c
35fca
30594
37de9
350bc
35cfb
30597
38d0f
30677
30c21
323b5
31b33
393a3
3067c
35750
39e03
351a9
3158d
39e05
360ba
30680
31590
33a02
351aa
30683
37eda
351ab
36661
351ac
36662
3492f
38eee
35756
360bd
37edc
3068b
30d12
30fe6
3076b
3a772
3076d
3167d
3592e
3076f
35297
3592f
30771
36752
31681
3a4a0
33dd0
35298
33af5
38fdf
35299
38ef0
3529a
39496
34cf3
30779
38ef1
36755
38fe1
39497
310d7
3176c
30e06
3085e
3176e
34b0e
3629c
31770
39fe8
3629d
31772
3a591
39fea
3a866
34474
37b11
33ec3
30868
35a23
30869
35a24
3985b
3538d
34b14
3086c
38fe4
3086e
3985c
3094e
323b6
31e0b
31777
31efc
35481
36938
351b0
30954
36939
360c0
3af07
30957
30958
351b1
391c2
34b16
351b2
36391
351b3
36392
3095c
381b6
35487
360c3
3095f
390d3
30a3f
30fe9
32786
324a9
3976b
30a44
35b18
3a1cb
35574
31f02
3a1cd
36482
30a48
31f05
33dd2
35575
30a4b
382a7
35576
36a2d
35577
36a2e
34cfa
392b6
35b1e
36485
382a9
30a53
310da
3195a
30b33
3b0ea
30b35
31a46
362a2
30b37
35c0b
362a3
30b39
36b1e
31a4a
3a868
341a0
35c0c
33ec5
393a7
35c0d
392b8
35c0e
3985e
3566a
30b41
392b9
36b21
393a9
3985f
3149f
31b35
311ce
30c26
31b37
34ed9
36664
31b39
3a3b0
36665
31b3b
3a959
3a3b2
3b1de
3483f
3848a
34293
30c30
35deb
30c31
35dec
39c23
35d01
34edf
30c34
393ac
30c36
39c24
30d16
321d2
31c28
31593
31d18
3529d
36d00
34fcc
30d1c
36d01
35edc
3ad23
30d1f
30d20
34fcd
3958a
34932
34fce
36759
34fcf
3675a
30d24
37fd2
352a3
35edf
30d27
3949f
30e07
313b1
325a2
322c5
39b33
30e0c
35934
3a593
35390
31d1e
3a595
3684a
30e10
31d21
33bee
35391
30e13
380c3
35392
36df5
35393
36df6
350c2
390d6
3593a
3684d
380c5
30e1b
314a2
31d23
30efb
3b4b2
30efd
323bb
3666a
30eff
35fd3
3666b
30f01
36eea
323bf
3b1e0
34b17
35fd4
34295
3976f
35fd5
3967c
35fd6
39c26
35a32
30f09
3967d
36eed
39771
39c27
31e14
324ab
31596
30fee
31ff0
352a4
36a30
324af
3a778
36a31
324b1
3ad25
3a77a
3b5a6
351b6
38856
34c0a
30ff8
3675f
30ff9
36760
3a597
360c9
352aa
30ffc
39774
30ffe
3a598
310de
325a3
31ff2
31f08
320e2
35c11
370cc
35397
310e4
370cd
36850
3b697
310e7
310e8
35398
39952
34cfd
35399
36b25
3539a
36b26
310ec
3894a
35c17
36853
310ef
39867
311cf
31779
32f19
32696
39efb
311d4
362a8
3a95b
35d04
320e8
3a95d
36c16
311d8
320eb
3456a
35d05
311db
38a3b
35d06
371c1
35d07
371c2
3548d
39a46
362ae
36c19
38a3d
311e3
3186a
31b3f
312c3
3b2ce
312c5
321d8
36486
312c7
35def
36487
312c9
372b2
321dc
3affc
34933
35df0
3465d
39b37
35df1
39a48
35df2
39fee
3584e
312d1
39a49
372b5
39b39
39fef
31c30
322c7
3195e
313b6
322c9
3566c
36df8
322cb
3ab40
36df9
322cd
3b0ed
3ab42
3b3c2
34fd2
38672
34a26
313c0
3657b
313c1
3657c
3a3b3
35ee5
35672
313c4
39b3c
313c6
3a3b4
314a6
32f1a
3296e
322d2
32a5f
35fd9
37498
35d0b
314ac
37499
36c1c
3ba60
314af
314b0
35d0c
39d1a
35674
35d0d
36ef1
35d0e
36ef2
314b4
38d12
35fdf
36c1f
314b7
39c2b
31597
31b42
332e4
3300d
3a2c3
3159c
36670
3ad27
360cc
32a65
3ad29
36fe2
315a0
32a68
34935
360cd
315a3
38e03
360ce
3758d
360cf
3758e
35855
39e0e
36676
36fe5
38e05
315ab
31c33
324b5
3168b
3bc43
3168d
325a9
36dfe
3168f
36763
36dff
31691
3767e
325ad
3b3c4
34cfe
36764
34a28
39eff
36765
39e10
36766
3a3b6
361c2
31699
39e11
37681
39f01
3a3b7
31ffa
32698
31d27
3177e
3269a
35a34
371c4
3269c
3af0c
371c5
3269e
3b4b5
3af0e
3bd37
3539d
38fe6
34df1
31788
36947
31789
36948
3a77b
36859
35a3a
3178c
39f04
3178e
3a77c
3186e
32d36
3278b
320ee
3287b
35df5
37860
35b27
31874
37861
36a38
3b87c
31877
31878
35b28
3a0e2
35490
35b29
372b9
35b2a
372ba
3187c
38b2e
35dfb
36a3b
3187f
39ff7
3195f
31f0a
33100
32e29
3a68b
31964
3648c
3b0ef
35ee8
32881
3b0f1
373aa
31968
32884
34751
35ee9
3196b
38c1f
35eea
37955
35eeb
37956
35c1d
39c2e
36492
373ad
38c21
31973
31ffd
32f1c
32886
3300e
362b6
3749e
3363d
3bd38
371cc
32f21
3b78f
3bd39
31a5c
36b30
31a5d
36b31
3b001
374a3
35675
36b32
34df3
3a2c7
36b33
362bc
31a63
3a1d7
31b44
320f0
31b46
32b54
3372e
372bc
33012
37cfa
33730
31b4b
36c21
37cfb
3b2d6
36679
3a2ca
3667a
3a870
372c1
34ee4
3667b
31b52
393af
3667c
31b54
3a2cc
31b56
3b0f4
31c37
37deb
31c39
32b57
36d12
31c3b
37683
32b59
3b3c6
3676a
32b5b
32b5c
35ef0
37685
35ef1
37686
33825
31c43
35ef2
3a4aa
35858
35ef3
3a4ac
36d18
3a4ad
3a963
325af
331f3
3aa53
31d2c
3685b
3b4b7
36ef5
31d2e
37776
35fe1
31d30
31d31
33915
36ef7
33916
36ef8
31d34
3a4af
35949
39592
353a0
31d37
39594
36861
39595
31d3b
323c5
32d39
326a2
32e2a
360d2
37866
33a05
3bb54
36fe8
32d3e
3b5ab
3bb55
31e24
3694c
31e25
3694d
3ae1d
3786b
35491
3694e
351bb
3a68f
3694f
360d8
31e2b
3a5a3
31f0c
324b8
31f0e
32e2c
33af6
370d8
32e2e
37b16
33af8
31f13
36a3d
37b17
3b69e
36495
3a692
36496
3ac38
370dd
34d00
36497
31f1a
391cb
36498
31f1c
3a694
31f1e
3af10
32000
334ca
33642
370de
334cc
37ee0
33644
32005
370df
37ee1
3bd3d
36864
3a780
36865
3ad2e
33bf5
353a1
36b39
3200c
39869
36b3a
3200e
3a782
32010
3b5ae
320f2
33102
33734
371d0
335bf
37a26
33736
320f7
371d1
37a27
3b883
363aa
3a876
363ab
3ae20
33ce7
35493
36c2b
320fe
3995b
36c2c
32100
3a878
32102
3b6a0
321e4
33103
33826
372c2
33105
37b18
33828
321e9
372c3
37b19
3b975
3649c
3a968
3649d
3af12
33dd9
35585
36d1d
321f0
39a4d
36d1e
321f2
3a96a
321f4
3b792
322d6
331f5
33918
373b4
331f7
37c0a
3391a
322db
373b5
37c0b
3ba67
3658e
3aa5a
3658f
3b004
33ecb
35677
36e0f
322e2
39b3f
36e10
322e4
3aa5c
322e6
3b2d8
323c8
332e7
33a0a
36efa
332e9
37cfc
33a0c
323cd
36efb
37cfd
3bb59
36680
3ab4c
36681
3b0f6
33fbd
35769
36955
323d4
39685
36956
323d6
3ab4e
323d8
3b3ca
324ba
333d9
33afc
36fec
333db
37dee
33afe
324bf
36fed
37def
3bc4b
36772
3ac3e
36773
3b1e8
340af
352af
36a47
324c6
39777
36a48
324c8
3ac40
324ca
3b4bc
325b3
3391e
370e5
3391f
370e6
325b6
3ad31
36777
39e14
361ce
325b9
39e16
370e9
39e17
325bd
32c51
3b3cb
34296
3ae26
34297
3b3cc
33cea
35a3f
371d9
326aa
39f07
371da
326ac
3ae28
326ae
3bc4d
32797
33b02
372c9
33b03
372ca
3279a
3af19
363af
39ff8
35e06
3279d
39ffa
372cd
39ffb
327a1
32e35
3b5af
3447a
3b00a
3447b
3b5b0
33ece
35c23
373bd
3288e
3a0eb
373be
32890
3b00c
32892
3b885
3297b
3373a
36f01
3373b
36f02
3297e
3b0fd
36593
39c30
35fea
32981
39c32
36f05
39c33
32985
33019
3b793
3465e
3b1ee
3465f
3b794
340b2
3585b
36ff5
32a72
39d23
36ff6
32a74
3b1f0
32a76
3ba69
341a7
37cfe
33ed0
37694
35ef9
37695
33832
3b3cf
37697
341a9
35efa
3b3d0
32b68
3b2df
34299
37df0
33fc2
37786
35feb
37787
33924
3b4c1
37789
3429b
35fec
3b4c2
32c5a
3b3d5
3438b
37ee2
340b4
37878
360dd
37879
33a16
3b5b3
3787b
3438d
360de
3b5b4
32d4c
3b4c7
3447d
37a28
33bfa
3796a
361cf
3796b
33b08
3b6a5
3796d
3447f
361d0
3b6a6
32e3e
3b5b9
3456f
37b1a
33cec
374b0
362c1
374b1
3364e
3b797
374b3
34571
362c2
3b798
32f30
3b6ab
34661
37c0c
33dde
375a2
35e07
375a3
33740
3b2e1
375a5
34663
35e08
3b2e2
33022
3b79d
34480
37a2a
33de1
3796f
33de2
37970
33837
3b97b
37972
34758
364a6
3b97c
33114
3b88b
34572
37b1c
33ed3
374b5
33ed4
374b6
33929
3ba6d
374b8
3484a
36598
3ba6e
33206
3b981
34664
37c0e
33fc5
375a7
33fc6
375a8
33a1b
3bb5f
375aa
3493c
3668a
3bb60
332f8
3ba73
341aa
37d00
340b7
37699
340b8
3769a
33b0d
3bc51
3769c
34a2e
3677c
3bc52
333ea
3bb65
3429c
37df2
33bfd
3778b
33bfe
3778c
33653
3bd43
3778e
34b20
3686e
3bd44
334dc
3bc57
3438e
37ee4
33cef
3787d
33cf0
3787e
33745
3b88d
37880
34c12
363b4
3b88e
335ce
3bd49
33656
3b79e
37c11
3b79f
3374a
3d3af
3a87f
3374c
34b21
3365c
33b11
3b00e
3365e
3bc5a
3a1e1
33660
33c01
3778f
33662
350ce
3686f
3a78e
33c04
37792
37c13
33c06
4451e
37ee6
33c08
3a78f
33669
3a4b7
3366a
3bc5d
37799
3366c
44521
3366e
3a792
3ff2a
3a4b9
44522
3a793
403e4
3b6b0
33672
3ff2e
3ff2f
34b25
3b6b1
34576
33676
34df7
3894c
34b28
33ed9
37973
33679
373c8
34487
3367b
3a1e4
3bc63
37b25
33ede
38a3e
37c17
33ee0
33680
3ba75
3448e
3bc64
3448f
38494
33684
3c765
34492
403ea
3ba77
33687
3d688
34495
362c3
374bb
3368a
371e6
36b4b
3368c
371e7
3bd51
3995e
3ae2e
374bf
3ae2f
374c0
33691
3b6b6
374c2
33693
3ba79
374c4
371ef
3a970
436f0
3ce03
33698
3ba7a
371f3
3fd49
3b7ab
3369b
3369c
3a1eb
3f97e
39f11
43f79
3a1ec
44248
3b103
336a0
3f982
3f983
3a799
3bdf0
3bdf1
3b6bb
37c1d
3b7ac
336a6
3bee3
3b7ae
336a8
403ee
3b105
4424a
3f985
336ab
3bdf3
3b6bd
336ad
403f0
3b6bf
3a1f4
403f1
3b6c1
336b1
3bee6
3bc68
3a972
3fa70
3a973
3fd4d
3b7b0
4452b
3d3b8
3c582
403f3
3c583
43f81
3d3b9
336bb
4452e
336bd
43f83
3ce0c
43f84
3ce0d
3f988
44531
3374d
3383a
3b891
3a3c4
3b892
37d04
33751
3b1f7
3cef7
34c15
381be
34392
33755
371f6
3b6c2
36c38
33cf9
3b894
37d05
33cfb
44064
39ffc
3b4c8
37889
3b4c9
3788a
3375d
3bd58
3788c
33d01
39ffe
3b4ca
33d03
3b4cb
33d04
3bd5a
33d05
404d7
3a88c
33765
33de5
375ab
33767
372d6
34577
37c22
33fca
35496
36c39
3b6c3
3457a
3376c
37d07
3457c
3b10a
33fcf
404d8
37d08
33fd1
38584
37d0a
34581
33773
3a88e
33774
34584
3c856
37d0c
4406b
3c858
34587
3d779
3b2ea
4406c
3d77b
36c3b
3a88f
3668c
3377d
3a890
36c3e
37d0e
372da
3a2dc
33781
3a001
33782
3b2ec
375b3
33784
3b2ed
375b5
33786
43abb
33788
3c948
372e3
437e3
3ad3b
3fe3a
3bb6d
3378c
3fe3c
3c94d
39a52
3af22
375b9
3af23
375ba
3b7bd
375bb
43ac0
3a2e1
33793
37c26
3b7bf
37c27
33796
3beee
3a97a
3bfd4
3b2f3
33799
3cefa
3bfd7
39d28
3fa7c
39d29
43ac2
3a892
3a2e5
3bef0
3b7c3
337a0
43ac3
3fa7e
337a2
3fd55
3a97b
337a4
44070
3c672
437e4
3c94f
43ac5
3cefd
3b2f7
337a9
3fb64
337aa
3fb65
3b89b
337ac
404e6
3bfdc
3cf01
337b0
3fe42
337b1
3fe43
404e9
3fa81
3484b
37df5
3392d
3ad3d
33842
3b985
3a4bb
33844
33de7
37975
33846
34d06
364a7
3a97c
33dea
37978
37b29
33dec
3b987
37df9
33dee
3a97d
3384d
3a69b
3384e
3b89e
3797f
33850
44159
33852
3a980
4010e
3a69d
4415a
3a981
405c8
3b2fb
33856
40112
40113
3475d
3b2fc
341ae
3385a
34fdb
38585
34760
340bd
375be
3385d
37000
3466d
3385f
3a3ca
3b8a4
37d17
340c2
3bc69
37dfc
340c4
33864
3bc6a
34674
3b8a5
34675
380ce
33868
3c39d
34678
405ce
3bc6c
3386b
3d86c
3467b
35efb
3769f
3386e
373cc
36d2f
3a3cd
373cd
3b98a
39b42
3b01d
376a3
3b01e
376a4
33875
3b301
376a6
33877
3bc6e
376a8
373d5
3ab54
438d4
3ca3b
3387c
3bc6f
373d9
3ff33
3b3e7
3387f
33880
3a3d1
3fb68
3a0f5
43bb1
3a3d2
4442c
3ad40
33884
3fb6c
3fb6d
3a987
3bfde
3bfdf
3b306
37e02
3b3e8
3388a
3c0c7
3b3ea
3388c
405d2
3ad42
4442e
3fb6f
3388f
3bfe1
3b308
33891
405d4
3b30a
3a3da
405d5
3b30c
33895
3c0ca
3b8a9
3ab56
3f6a8
3ab57
3ff37
3b3ec
44163
3cff0
3c76c
405d7
3c76d
43bb9
3cff1
3389f
44166
338a1
43bbb
3ca44
43bbc
3ca45
3fb72
44169
33931
33a1e
3ba7d
3a5ac
3ba7e
37eea
33935
3ae38
3d0db
3484d
383a2
341b0
33939
370f3
3bb6e
36e1c
33c18
3ad46
37e08
3b3f0
341b5
3393e
381c0
341b7
33940
406bb
381c1
33c1f
3b3f1
33c20
3458a
37b2a
33ee7
374cf
36e1d
3b021
3659c
33948
38497
374d3
3394a
3b4d0
374d5
3b111
33eee
3b112
33eef
3ba82
3aa73
33ef1
33950
33ef3
3b113
33952
3b114
33953
3b3f2
33954
3fc5d
33ef7
44252
33957
36f0f
3b997
34852
341bc
3c48e
37ef2
44253
3c490
341bf
3d95d
3b4d2
44254
3d95f
36e1f
3aa77
36872
33961
36d32
3ad4a
37ef4
36f14
3a4c4
33965
39c3d
33966
3b3f6
377a4
33968
3b4d5
377a6
3396a
43c9f
3396c
3cb2c
36f1d
439c7
3af27
40024
3bd6a
33970
40026
3cb31
3968a
3b117
377aa
3b118
377ab
3b3f9
377ac
43ca4
3a4c9
33977
37e0b
3b3fb
37e0c
3397a
3c0d2
3ab5e
3c1b8
3b4db
3397d
3d0de
3c1bb
39f14
3f6b4
39f15
43ca6
3aa7a
3a4cd
3c0d4
3b3ff
33984
43ca7
3f6b6
33986
3ff3f
3ab5f
33988
44258
3c85c
439c8
3cb33
43ca9
3d0e1
3b4df
3398d
3f79c
3398e
3f79d
3ba87
33990
406ca
3c1c0
3d0e5
33994
4002c
33995
4002d
406cd
3f6b9
34a2f
37a2e
33b17
3af29
33a26
3bb71
3a69f
33a28
33d08
342a4
37ef9
33d0a
3576c
36961
3b403
342a7
33a2e
37efa
342a9
33a30
382b2
342ab
33d11
3ab60
33a33
3ae42
342ae
33a35
3ab61
33a36
34eeb
3467d
37c2a
33fda
375c2
33a39
36f23
375c4
37a35
33fde
4433e
37d1b
33fe0
3ab63
33a3f
3a2eb
33a40
3ba8c
375cb
33a42
44341
3a2ec
3ba8e
39d2d
3fd59
3a5b2
3fd5a
3a5b3
44343
3ba90
33fea
34393
37efd
340c9
3788f
382b4
33a4c
3c587
342b2
40206
3b8ad
33a4f
3d4a4
342b5
360df
37890
33a52
37004
36e23
3a5b5
37005
3bb76
3977a
3b20b
37894
3b20c
37895
33a59
3b4e9
37897
33a5b
3b8af
37899
3700d
3a79d
4350c
3cc1f
33a60
3b8b0
37011
40117
3b5cd
33a63
33a64
3a5b9
3f7a0
39d31
43d95
3a5ba
44078
3af2c
33a68
3f7a4
3f7a5
3ac50
3c2aa
3b5cf
33a6c
3d1d0
3c2ad
37efe
3b4ed
37eff
33a70
3c1c4
3af2e
4407a
3f7a7
33a73
3c1c5
3b4f0
33a75
4020c
3b4f2
3a5c2
4020d
3b4f4
33a79
3c2ae
3b5d1
4011a
3c3a3
4350f
3ba95
3b5d2
4434b
3d1d4
3c3a4
4020f
3c3a5
43d9d
3d1d5
33a83
4434e
33a85
43d9f
3cc28
43da0
3cc29
3f7aa
44351
33b1b
370f5
3bb7a
34a32
33dfa
34396
33b1f
34d08
3885b
36a55
33dfe
378a2
33b22
37b2b
3439b
3af33
33e01
402f2
37b2c
33e03
3b99c
37b2e
343a0
33b29
3ac53
33b2a
34fdd
341c3
37d1c
340cc
376b4
33b2d
37015
376b6
33b2f
3b6c9
376b8
33b31
3a3dc
3bb7e
39e1d
44431
3ac56
340d4
44432
3bc75
376be
3a3de
3bb81
39e1f
3fe4b
3a6a4
3fe4c
3a6a5
44435
3bb83
340dc
37b31
3d592
3b6ca
33b3f
3d594
383a7
402f9
3c67c
33b42
33b43
370f7
3af35
36a5a
36969
36a5c
33b47
3b6cc
37987
3a7a1
370fb
3a7a2
370fc
3b6cd
3a6aa
370fe
3b9a0
3b11b
37100
33b4f
37102
3fc60
3a896
43e84
3b6d1
33b53
3cd13
37106
43e86
3fc65
39e22
3b5de
3986f
3f893
3a0f6
3f894
3a0f7
4416b
3b5e0
37994
3a6ae
3bb84
3af38
37a46
33b5f
3b028
3d2c0
3bc78
37b37
44439
3d2c3
3a6af
40120
3b02a
4416d
3b02b
3a6b0
33b67
3bb86
3a6b2
4443a
3c2ba
3b5e7
4443b
3f89b
3a897
3f98a
3a898
3fc67
3ac60
33b6f
40300
3be00
3b6d9
3fc68
3b6da
3fc69
3be01
3be02
44440
33b76
40303
3c498
40304
3c499
33b7a
43e93
40125
33c24
381c4
37f02
3b6db
33d18
3d961
3ae49
33d1a
350d1
37e0f
340df
3ad56
33c2c
3bc7c
3a7a8
33c2e
341c4
3ad58
33c30
3ad59
33c31
3c0dc
3a4d3
3c0dd
3a7aa
40991
33c35
353a5
38ef8
350d4
3449c
38a40
37c2c
3449e
3a7ab
33c3a
3a7ac
33c3b
381c8
34a3e
33c3d
3876a
34a40
344a4
37c2d
3dc30
38a43
33c42
3cd1e
34a45
40997
3cd20
33c45
33c46
37017
3b5ee
3b7cd
33c49
3bef7
377b3
3d3be
3af3b
44537
3befa
377b6
37e17
3b5ef
37e18
33c50
3bc83
37e1a
33c52
3ae4a
3d964
3bd75
37f06
33c55
4099a
3c49d
381d1
33c58
3bc84
33c59
3ff43
3a7b1
33c5b
3ff44
3a7b3
4453a
3c3ae
3a7b5
33c5f
3c49f
3bd77
40034
3befd
43cb3
3befe
406d8
3beff
4453d
3d96a
3bd7b
33c66
409a0
3ff47
3d3c6
44540
3d3c7
33c6b
44541
33c6d
409a3
34d09
37a47
33e09
3af3e
33d1e
3b8b4
3a98c
33d20
342b6
3ae4c
33d22
3ae4d
33d23
3c1ce
3a5c5
3c1cf
3a89e
40a83
33d27
35497
38feb
351c6
3458e
38586
37d1e
34590
3a89f
33d2c
3a8a0
33d2d
382ba
34b30
33d2f
3885c
34b32
34596
37d1f
3dd22
38589
33d34
3ce10
34b37
40a89
3ce12
33d37
33d38
3ae51
371fb
3b313
33d3b
3bfe9
378a5
3cf04
3b02d
4407d
3bfec
378a8
37a4a
3b7d1
33d41
3c58d
3c58e
37f0c
3b6e5
37f0d
33d45
3bd82
37f0f
33d47
40a8c
3c58f
382c3
33d4a
3bd83
33d4b
4003b
3a8a5
33d4d
4003c
3a8a7
44080
3c4aa
3a8a9
33d51
3c591
3b8bd
40126
3bfef
43da5
3bff0
4021e
3bff1
44083
3d4b0
3b8c1
33d58
40a92
4003f
3cf0c
44086
3cf0d
33d5d
44087
33d5f
40a95
34dfb
33e0e
33efb
3b030
33e10
3b9a8
3aa80
33e12
343a8
3af42
33e14
3af43
33e15
3c2c0
3a6b7
3c2c1
3a990
40b75
33e19
35589
38b31
34d0c
34680
3a991
33e1c
3a992
33e1d
383ab
34c20
33e1f
383ac
34c22
33e21
3894e
34c24
34688
37e1d
3de14
3867c
33e26
3c956
34c29
40b7b
3c958
33e29
33e2a
3af47
372ed
3b407
33e2d
3c0e1
37997
3cff6
3b11f
4416f
3c0e4
3799a
37a52
3b7d9
37a53
33e34
3b8c8
37a55
33e36
3b032
3d59c
3b9af
37b3e
33e39
40b7e
3c681
383b5
33e3c
3b8c9
33e3d
4012d
3a997
33e3f
4012e
3a999
44172
3c59c
3a99b
33e43
3c683
3b9b1
3fc6c
3c0e7
43e97
3c0e8
40310
3c0e9
44175
3d5a2
3b9b5
33e4a
40b84
40131
3cffe
44178
3cfff
33e4f
44179
40315
3c687
34eed
37c31
33fed
3b122
33f02
3ba9a
3ab72
33f04
341ca
35c25
33f06
3567c
34763
3b034
341cd
3b035
341ce
3876c
37f11
341d0
3b31c
383b9
341d2
38d14
384a0
3476b
3a1fe
3bc89
37b42
3be0b
37b43
33f13
3b6e9
33f14
3be0e
344aa
37f12
3df06
3876f
33f18
3ca48
3476f
40c6d
3ca4a
33f1b
33f1c
372ef
3b31e
3b4f9
33f1f
3c1d3
374dd
3d0e8
3b211
44261
3c1d6
374e0
37b44
3b31f
37b45
33f26
3b9bc
37b47
33f28
3b124
3d68e
3baa1
37c36
33f2b
40c70
3c773
384a7
33f2e
3b9bd
33f2f
3fc73
3aa8b
33f31
3fc74
3aa8d
44264
3c68e
3aa8f
33f35
3c775
3baa3
3fd5e
3c1d9
43f89
3c1da
40404
3c1db
44267
3d694
3baa7
33f3c
40c76
3fc77
3d0f0
3ce19
40c77
33f41
4426b
33f43
40c79
34fdf
37d23
340e5
3b214
33ff4
3bb8c
3ac64
33ff6
342bc
35d17
33ff8
3576e
34855
33ffa
3885f
34857
3b126
342c1
3b127
342c2
3b410
37fe5
342c4
34000
3b411
3485d
3a2f0
3bd88
37c3a
3bf09
37c3b
34005
3b7dd
34006
3bf0c
3459c
37a58
3da4c
38861
3400a
3cb40
34861
407b3
3cb42
3400d
3400e
36f25
3b412
3b5f4
34011
3c2c5
375cf
3d1da
3ad63
44353
3c2c8
375d2
37c3c
3b413
37c3d
34018
3baae
37c3f
3401a
3b216
3d780
3bb93
37d28
3401d
3d783
3c866
384ae
34020
3baaf
34021
3fd65
3ab7d
34023
3fd66
3ab7f
44356
3c780
3ab81
34027
3c867
3bb95
3fe50
3c2cb
43acf
3c2cc
404f6
3c2cd
44359
3d786
3bb99
3402e
3c1e3
4435b
3d1e2
3c95f
407bd
34033
4435d
34035
407bf
34945
37fee
343af
3585e
37b48
343b1
4089e
37d29
3b501
3494a
3bb9b
3494b
340f0
3b503
3494d
340f2
408a1
340f4
3a99c
3bffa
3ac69
408a2
3b21c
3468c
3b8cf
3468d
405e0
3bfff
380e0
340fb
3cc31
34952
3db40
380e2
340fe
3db42
34955
36f26
37019
34102
3bc8d
376c0
3d2cb
3ae56
43bbe
3be13
34106
3d2ce
3be15
37ff2
3bb9e
37ff3
37d30
3c86e
3b220
37e21
3b5f6
3410d
3c3b3
3c3b4
37ff4
34110
3d875
3c3b6
3a6b8
3c2d0
3a6b9
40317
3ad67
34115
3c871
3c2d2
34117
3fe59
3bba4
34119
44449
3be16
43bc0
3ca4d
4444a
3ca4e
408ac
3ca4f
3411e
405e9
3c3b9
3be1a
405ea
3be1b
34122
408af
3fe5b
34125
408b0
34127
44450
341d6
384af
37f17
3b416
342ca
3df0d
3b417
342cc
3567d
37e24
34691
3ad68
341de
38680
3ad69
341e0
34772
3b03e
341e2
3b03f
341e3
3ad6a
341e4
3c695
34776
40c7c
341e7
35951
34fe4
38681
34a4a
38682
341ea
383c4
341eb
38773
34fe8
341ed
38774
34fea
341ef
38d16
34fec
34a52
37f19
40c7d
3d2d7
341f4
38fee
34ff1
3e1df
38779
341f7
341f8
375d4
3bbab
38685
3c960
38686
383c7
40f45
3ad71
409a4
3c0f3
37e30
40c7f
3ad74
37e32
40f47
3877a
3ca52
384b3
34204
3df12
3b508
3d96e
3c1e5
406e2
3c4b0
40f48
3df13
3ca56
3420a
40c84
3df15
3bbad
3877d
3420e
3c3bf
3ad76
34210
3ca59
3c1e7
406e5
3c3c0
34213
3c1e8
406e7
3c1e9
34216
406e8
3ca5a
3df19
342cd
343ba
38862
37ff6
3bd8a
37a5e
342d1
3bd8b
3da55
384b5
3bab4
37c41
3c785
37f23
3c786
37f24
4102f
3b41c
34869
350d5
3877e
34b3b
35ff0
37f25
3b41d
350d8
3b41e
350d9
342de
38b33
350db
342e0
3bca0
350dd
342e2
41033
342e4
3d3c8
350e1
407c4
382cd
3e2d0
38b35
342e8
3e2d2
3d3cd
377b7
342eb
37a61
3b50c
342ed
3cb45
3886e
342ef
3c5a0
342f0
3d1e5
37a66
3d4b6
37a67
342f3
407c7
384ba
3bca2
384bb
37f29
3ca5e
3a8ac
3c4b4
3ae66
342f9
3c4b6
37f2d
342fb
407c9
3cb49
384bd
342fe
4103c
3da5c
3bd8e
40a97
3bca4
3b50d
34303
3d1e7
34304
3c1ef
4103e
3d1e8
3c5a5
407cd
34309
41040
3430b
407cf
353a7
37b50
344ad
3b040
343c2
38956
3b041
343c4
34956
3b50e
34957
408b2
37d32
3b50f
34959
3bbb0
3495a
408b4
343cb
35b35
390dd
352b8
34c2e
38871
343ce
37fff
343cf
38957
351cc
343d1
38958
351ce
343d3
38efa
351d0
34c36
37b53
408b5
3cf0f
343d8
38c27
351d5
3e3c3
3895d
343db
343dc
3b513
378aa
38874
3cb4e
38875
38002
41129
3af57
40b88
3c2dd
37a72
408b7
3af5a
37a74
4112b
3895e
3cc36
380eb
343e8
3db4a
3b6ec
3d5a6
3be1d
4031a
3c69a
4112c
3db4b
3cc3a
343ee
408bc
3db4d
3bd95
38961
343f2
3c5a9
3af5c
343f4
3cc3d
3be1f
4031d
3c69c
408be
3c69d
3c2e0
3c5ab
343fa
40320
3cc3e
3db51
344b1
3459e
38a46
381de
3b9c4
37c44
344b5
3b9c5
3dc39
353a9
38efb
34d0e
344b9
380ed
3b8d6
37b5e
41212
384be
3477d
41213
38964
3477f
41214
38a4b
34781
344c1
34a53
3b602
34a54
409a6
37e33
3b603
34a56
3bca6
34a57
409a8
344c8
3d000
34d19
409aa
384c0
3e4b4
38d1b
344cc
3e4b6
3d005
3799b
344cf
37b61
3b606
37b62
344d2
3b607
37b64
3be22
37b65
4040a
3be24
344d6
4040b
3cc44
37c47
3b6f0
344d9
3cd29
38a52
344db
3c78a
344dc
3d3cf
37c4c
3d69a
37c4d
344df
409af
3b608
381e2
344e2
41220
3dc40
3b9c8
40c8b
3b8dc
3b6f1
344e7
3d3d1
344e8
409b2
3c6a3
3d3d2
41223
3d3d3
344ed
41224
344ef
409b5
3558b
37d34
34697
3b224
345a6
3858e
3b225
345a8
3486a
362c5
345aa
35d1a
34e01
3b136
3486d
3b137
3486e
38e0a
38005
34870
3b9cb
38591
34872
345b2
3b9cc
34e09
381e5
40d5c
3b139
345b6
3a8ae
3c4bc
3a8af
40a99
3b6f6
34b4a
37d37
40a9b
3d0f9
345bc
38e0c
34e0d
3dffb
38595
345bf
345c0
3b6f7
3799e
38a58
3cd32
38a59
381ea
40d61
3b13d
407d0
3bf15
37c58
40a9d
3b140
37c5a
40d63
38596
3ce1a
382d3
345cc
3dd2e
3b330
3d78a
3c001
404fe
3c87e
40d64
3dd2f
3ce1e
345d2
40aa2
3dd31
3ce20
38a5a
345d6
3c793
3b142
345d8
3ce21
3c003
40501
3c794
345db
3c004
40503
3c005
345de
40504
3ce22
3dd35
3469b
3495d
35e0b
3558e
38b37
34ef4
3b228
34960
3b229
34961
38efc
380f7
34963
3babd
3859d
34965
394a5
3868b
37a75
3b7e6
34c38
3b8de
34c39
3b7e7
34c3a
40b8b
382d9
346ab
34efc
3e0ea
37e36
40e50
3868d
346af
3d1ed
34f00
40e52
3e0ef
3b22c
374e4
382da
3bac0
382db
37d47
3ce26
3ac76
3c882
3b230
346b9
3c884
37d4b
346bb
40b90
383cd
3bbb2
37e38
3de1f
3c96c
37e3a
3d006
37e3b
3d87d
3c0fa
40b92
3c96d
37e3e
40e57
3ce29
3c96f
385a0
346c7
40e59
3c009
346c9
3c971
3b7ed
3b425
3d87f
3c00a
40e5a
346ce
3d880
346cf
3d881
346d1
40b98
346d3
40e5d
34784
38a5b
37e3f
3b426
34878
3e4b9
38a5d
3487a
35c29
3478a
34c3f
38c2b
3478c
3b8e0
383d2
3478e
34d1e
3b051
34790
3b052
34791
3b336
34792
3cc4d
34d22
41228
34795
34ff5
364ab
34797
35f00
35592
38c2e
34ff8
38d1f
37d51
34ffa
3b339
34ffb
39598
38786
34ffd
39b46
38d22
384c5
41229
3d883
347a2
3959a
3559d
3e78b
38d25
347a5
347a6
38c31
347a7
414f1
3b8e7
383d8
3c974
384c7
3b9d3
37e43
40c8c
3b429
347ad
3cf1d
3b33d
347af
3c976
3b33f
414f3
3cf1f
3b341
347b3
3d00e
38d28
347b5
3ca66
347b6
3d69f
384cc
3df1c
384cd
347b9
4122f
3b8e9
38a60
347bc
414f7
3ca69
40c91
40c92
3c6a9
3ca6a
41233
3ca6b
3cf22
41234
3e4c4
40c95
34967
38e0e
3487d
385a2
3dffe
3b519
3496b
3e000
34881
38a61
3cd3c
381ed
40d6c
38a62
415da
3b42b
34885
3cd40
3cd41
34888
35ff1
35683
38d2a
350e9
38a64
3488b
38d2c
35686
3488d
38a65
3488e
38e12
35689
34890
393b4
3568b
3568c
3e87a
3800c
415e0
38e16
34895
3d977
35690
415e2
3e87f
38a66
3d016
3d017
3b42f
37f33
3b51a
3489c
3b430
3489d
3ca6d
37f36
3e003
38e19
3800f
40d71
3c888
40506
3cb59
348a3
3d792
348a4
407d4
3e007
384d5
348a7
3b9dc
384d7
407d5
3c79f
348aa
407d6
3d01c
385a6
348ad
40d77
3e009
3c88b
40507
3ca70
348b1
3c88c
407d9
3c88d
348b4
407da
3d106
415ed
3496d
34a5a
38f00
380fd
3bbb7
37a78
34971
38f02
3e0f3
382de
3bac9
37d56
3ce2f
38015
3ce30
38016
416cd
3bacb
34f07
35773
38e1c
351d9
36690
37f37
3b51e
35776
3497d
38e1f
35778
3bacd
35779
34980
391d2
3577b
34982
416d1
34984
3d4ba
3577f
40e62
38977
3e96e
391d4
34988
3e970
3d4bf
38019
3cb5e
38101
3bbb9
37a7b
408c4
3b60f
3498e
38e20
3498f
416d5
3bacf
385ad
3801c
3d10c
3b524
34994
3cb61
3801f
34996
40e64
38697
34998
3e0f7
3bca7
3db52
3c3cf
408c7
3cc52
416d9
3e0f8
3d1f5
3499e
40e68
3e0fa
3d1f7
3bca8
3db55
3c3d2
408ca
3c3d3
349a4
40e6b
3cb63
3d111
349a8
3d1f9
416df
34a60
38789
37b6b
3b6fe
34b4e
3e1e3
3878b
34b50
352b9
35955
394a7
352bb
34a68
38109
3bbbb
37a7e
34d29
417be
3810a
417bf
38a6a
34d2c
417c0
38ff7
34d2e
34a70
3869b
3c97a
383e0
40f52
3869c
417c2
3b613
34a74
3c97e
3c97f
38ff9
34a77
3ea5f
352c6
3d5ae
38a6d
417c5
3d5b0
352c9
37a80
3b614
37a81
34a7e
3d1fc
3b053
41236
3878c
3d2e2
3b054
41237
3bcac
3810f
34a84
3bbc2
38111
409b7
3c3d7
34a87
409b8
3d200
381f4
3e1e8
3d2e5
381f6
3d97a
381f7
3dc45
3c4c2
40f5a
3d2e6
381fa
417cc
3d201
3d2e8
38fff
34a93
3d97d
34a94
40f5e
3cc5b
3d97e
417cf
3d97f
34a99
417d0
34a9b
40f61
35b37
382e0
34c45
38b39
34b54
3bd9c
382e2
34b56
34e16
36873
35a48
3959d
353ad
39001
34e19
39002
37b73
34e1b
3b703
34e1c
393b6
385b1
34e1e
39962
38b3e
353b5
384db
3bcaf
37f3e
3ca73
381fd
3ca74
381fe
41309
3bcb1
350f6
382e3
41047
3d6a5
34b6a
393b8
353b9
3e5a7
38b41
34b6d
34b6e
39004
34b6f
4130d
3bcb3
38200
3cd48
382e5
3bd9d
37c61
40aa8
3b7f3
34b75
3d2ef
3b709
34b77
3cd4a
3b70b
4130f
3d2f1
3b70d
34b7b
3d3d6
38b44
34b7d
3ce34
34b7e
3d4c1
382ea
3dd38
382eb
34b81
4104d
3bcb5
38880
34b84
41313
3ce37
40aad
40aae
3c4cb
3ce38
41051
3ce39
3d2f4
41052
3e2e0
40ab1
34f08
3549e
38b46
34f0a
363ba
37c63
3b7f4
354a1
34c4e
38b49
354a3
3bda0
354a4
34c51
394a9
354a6
34c53
413f9
38021
3bda1
37a84
3cb65
382ef
3cb66
382f0
413fb
3bda3
351e8
383e1
41139
3d797
34c5c
394aa
354ab
3e699
38c3a
34c5f
34c60
38b4a
34c61
413ff
3bda5
382f2
3ce3a
383e3
3b8ec
37d59
40b9a
3b345
34c67
3d3e1
3b7fb
34c69
3ce3c
3b7fd
41401
3d3e3
3b7ff
34c6d
3cf26
38c3d
34c6f
3c980
34c70
3d5b3
383e8
3de2a
383e9
34c73
4113f
3bda7
3897b
34c76
41405
3c983
40b9f
40ba0
3c5bd
3c984
41143
3c985
3cf2c
41408
34c7e
40ba3
34e21
362ca
34d31
38a6f
3ea64
383ec
34e25
3ea66
34d35
351ea
391d6
382f9
3b8ee
37a86
34d39
391d8
3e975
38115
3bbc4
37a88
3d205
37a89
34d3e
3b61d
34d3f
3d208
352cf
35b3b
391d9
355a1
36a5e
37a8a
391da
35b3e
3b8f3
35b3f
34d46
391dc
35b41
34d48
39b49
35b43
34d4a
41a99
34d4c
3de2e
35b47
417d6
38d33
3ed36
39b4b
34d50
3ed38
3de33
382fe
3b8f4
382ff
37a8e
3d4c8
38f1f
37b79
392d2
34d57
3d5b9
38a74
3e4c6
3cd4f
409c1
391de
383ef
3cc5c
383f0
41239
38f20
38987
4123a
3cc5f
34d60
4123b
3d4cd
38a75
3ea6a
3d5bb
38a77
3e4c8
3cd51
417db
3d5bc
38a7a
41aa2
3ea6e
3d5bf
3cc60
41aa4
34d6c
3e4ca
34d6d
3e4cb
3d4cf
34d70
3d5c1
41aa7
34e28
38b4d
37c6b
393bb
34f16
3e5ab
38b4f
34f18
37b7b
3b70e
353bd
3b9e4
353be
41318
38799
41319
3b9e5
34e32
35692
35c2e
392d6
35694
36b50
37b7e
392d7
35c31
3b9e7
35c32
34e39
392d9
35c34
34e3b
3968f
35c36
34e3d
41b8b
393c1
34e3f
3ee27
35c3a
3df22
38e26
41b8d
3df24
35c3d
37b80
392da
37b81
34e46
3b9ea
37b83
34e48
38b50
3e5ae
3bad5
37d5b
3dd3c
37d5c
3e00d
383f6
34e4d
3b9eb
34e4e
3d027
385bb
3e5b0
3d6ad
385bd
3e00e
3ce43
4131f
3d6ae
385c0
41b92
392dc
3b9ec
34e57
3d029
38a85
34e59
41322
3d6b0
393c7
34e5c
41324
3d02b
3dd40
3d117
41325
34e61
41b98
34e63
41327
35f01
386a8
35007
38c40
34f1c
3bbc7
386aa
34f1e
354ae
38b53
34f20
38b54
34f21
3d3ea
38302
3d3eb
385c2
41c79
34f25
36691
35d20
393c8
35786
385c3
34f28
385c4
34f29
393ca
35d24
34f2b
394b0
35d26
34f2d
39a56
35d28
3578e
386ab
4140d
3da67
34f32
39783
35d2d
3ef1b
394b5
34f35
34f36
38b58
34f37
3d6b5
38b59
34f39
4140f
386ad
3d79c
38026
34f3c
3d20a
34f3d
3de35
34f3e
3badd
34f3f
3d119
384e8
34f41
3d6b9
3ce48
385ca
41410
3bae0
385cc
41c84
394b7
386b0
41412
3d20c
34f49
3de37
34f4a
40e75
3e6a5
38c44
34f4d
41c87
3de38
3d20f
41416
3d11c
40e77
3d6bc
41418
3e6a8
40e79
350f7
35ff4
3500d
3879b
3e78e
38118
350fb
3e790
35011
36783
39d33
35f04
352d2
386b5
35014
386b6
35015
394bc
3586a
35017
395a2
3586c
35019
39b4c
3586e
352da
37d63
3b348
355ac
3bbcc
355ad
414fe
3898c
414ff
3bbcd
35021
35870
3f00a
3879e
41d70
395a6
35025
3db5b
35874
41d72
3f00f
386b9
3d7a6
3bbcf
386ba
41d73
3d7a9
38119
3bcba
37e52
3e793
3ca78
40c96
3d2fd
40f62
3d7aa
386bb
3d210
3b61f
417e3
394c0
3bbd2
35035
3d213
386bf
35037
41505
38d39
35039
3e795
3ca7a
40f66
3d2ff
41d77
3e796
3d893
3503e
41509
3e799
3d214
35041
3ca7c
40f69
3ca7d
35044
40f6a
3d896
3e79b
350fd
38e27
360e6
38209
3bdaa
37f42
35101
390e6
3e883
35ff5
39b4d
35958
35105
3811d
3bcbc
37e54
418b0
3811e
353c7
418b1
38b5c
353c9
418b2
390e9
353cb
3510d
3569d
38d3d
3510f
38d3e
35110
3d02e
384ea
3d02f
387aa
418b5
35114
3dc50
35963
415f4
38b5e
3eb52
39969
35118
3eb54
3dc55
38891
3e2e2
3cb6b
407dd
38120
3bcc0
38121
37e5a
3d89a
38d42
37f43
390ee
35121
3d981
395b1
3820d
3ca7e
3820e
41055
38d43
387af
41056
3ca81
35128
41057
3d89f
38893
3e886
3d983
38895
3e2e4
3cb6d
415f9
3d984
38898
418be
3e88a
3d987
3ca82
418c0
35134
3e2e6
35135
3e2e7
3d8a1
35138
415ff
3e88d
360e7
39693
35a4a
351f7
3820f
3bdae
37f46
419a2
38210
354b9
419a3
38c4e
354bb
419a4
391e2
354bd
351ff
3578f
38e2f
35201
38e30
35202
3d120
38030
3d121
3889c
419a7
35206
3dd42
35a55
416e6
38c50
3ec44
39a5b
3520a
3ec46
3dd47
38303
3b8fe
37a93
3e977
3cc62
408ce
3cf3b
41146
3889d
3d98a
3bdb3
3889e
419ab
3d98d
390f7
38305
3cb70
38306
41147
38e35
388a1
41148
3cb73
3521a
41149
3d991
38991
3e978
3d4d3
38993
3e3d6
3cc65
416eb
3d4d4
38996
419b0
3e97c
3d4d7
3cb74
419b2
35226
3e3d8
35227
3e3d9
35229
416f0
3522b
419b5
352dc
395b3
37b86
395b4
353d0
3f011
395b5
353d2
36785
38f28
35797
38f29
352e4
388a6
38f2a
352e6
35876
394c4
35877
41d7e
37d6a
394c5
35879
3bbd7
3587a
41d80
352ed
35b4d
3701a
36788
39d34
360ec
38f2d
35b50
38f2e
35b51
3987b
388a9
35b53
3a0fc
392de
35b55
3a6ba
3987e
3901d
41d81
3e3db
352fa
3a0fe
360f7
3f2e3
39881
352fd
352fe
38f2f
352ff
3da73
38f30
35301
3b900
35302
3d4db
38f33
4204a
3da75
38f35
35306
3901f
3f014
3899b
3803b
35309
3d5cc
3530a
3e1f7
3530b
4204c
3d219
3530d
3da79
39883
39022
41d86
3d5ce
35311
3e1f9
35312
417e9
3f019
395b8
35315
4204f
35317
41d8a
3d5d0
3d30d
417eb
3da7a
41d8c
3f01c
417ed
354bf
363be
353d5
38a89
3eb56
38218
354c3
3eb58
353d9
39027
353da
3d8a3
3596a
38d44
353dc
38d45
353dd
3d8a6
3d8a7
353e0
36b51
361dd
39886
35c41
3899d
353e3
3812b
353e4
39888
361e1
353e6
3996e
361e3
353e8
39f18
361e5
361e6
3f3d2
38b64
42138
39972
353ed
3e4cf
361ea
4213a
3f3d7
389a0
3db6e
389a1
3812e
4213b
3902d
41b9a
3d30f
37b93
418c9
39030
37b95
4213d
38a8c
3dc56
3821a
353fa
418cb
3d3fa
4105e
3d6bf
4132c
3db74
3b9f3
41b9b
39975
38b68
418cc
3d6c0
35402
3e2eb
35403
4132f
3eb5f
39032
35406
418cf
3eb61
3d5d6
35409
3d3fe
41331
3d3ff
3540c
41332
3dc5e
3eb63
354c5
355b2
39a5c
38309
39a5d
37d6d
354c9
39a5e
3ec4b
3821b
42224
38b6e
354cd
388ad
3d996
388ae
419b7
39101
35a5f
362cd
354d2
36c44
3a201
37c7e
39102
362d0
39103
362d1
354d6
3997b
362d3
354d8
39d36
362d5
354da
42229
354dc
3e012
362d9
419ba
394cf
3f4c6
39d38
354e0
3f4c8
3e017
38220
3997c
38221
37c82
3dc62
385d1
3d6c4
38b74
354e7
3d6c6
37c86
354e9
419bc
3830b
39a66
37d6f
3ec4d
3dc65
38c5a
3e6aa
3cf41
41151
3bae5
41c8d
3dc66
39107
38c5b
3ec4e
3dd4b
38c5d
3e6ac
3cf43
419bf
3dd4c
38c60
42232
3ec52
3dd4f
3cf44
41422
3cf45
354fc
3d405
42235
3dc69
35500
3dd51
42237
355b8
392e1
37e5e
392e2
356a6
3ed3b
392e3
356a8
35e13
364b1
3a00b
35e15
355c0
3830d
39a6b
37d71
42316
385d6
35882
42317
395c2
35884
42318
39b53
35886
355c8
389a3
3d4e0
389a4
41aaa
38310
4231a
38c64
355cc
3d4e4
3d4e5
39b55
355cf
3f5b7
35e20
3e106
395c5
4231d
3e108
35e23
37d74
391f6
37d75
355d6
391f7
37d77
3cf46
37d78
4150e
3cf48
355da
4150f
3dd56
37e60
392e4
355dd
3de3b
391f8
384eb
3e4d2
384ec
3e79d
385da
355e2
3d7bf
38c6c
355e4
3de3c
39b5a
355e6
3e4d4
38d50
3e79f
38d51
355e9
41ab4
3de40
39b5b
355ec
3cf4b
42326
3e4d6
3d8ad
41ab7
355f1
42328
355f3
41ab9
36693
38e38
3579d
38e39
356ac
387b6
38e3a
356ae
3596e
373e2
365a4
3a101
35f07
38d53
35971
38d54
35972
39b5e
386cb
35974
39f1a
39109
35976
3a4d6
3969a
35f0f
38401
3b9f4
37b97
3d5d9
37e64
3d5da
37e65
41e61
392eb
35c4e
38e3b
41b9f
3e1fd
356c2
39f1c
35f13
3f0ff
3969d
356c5
356c6
38d57
356c7
3de45
38d58
356c9
3bcca
356ca
3d8af
38d5b
41e66
3de47
38d5d
356ce
38e3d
3ee30
387b9
3803c
3e018
3803d
3e88f
38407
356d3
41e68
3d03b
356d5
3de4b
3969f
38e40
41ba4
3d99c
356d9
3e01b
356da
41605
3ee35
393d8
356dd
41e6b
356df
41ba8
3d99e
41ba9
3d99f
3de4c
41baa
3ee38
41609
35a60
35ff8
396a2
35a62
36f29
37f54
393d9
35ffb
393da
35ffc
357a7
396a5
35ffe
357a9
3a00d
36000
357ab
41f51
384f3
3bae6
37c89
3d6cb
37f56
3d6cc
37f57
41f53
393dd
35d40
38f39
41c91
3e2ef
357b4
3a00e
36005
3f1f1
39796
357b7
357b8
38f3b
3ef22
388b0
37f58
393de
37f59
357bc
393df
37f5b
3d12a
37f5c
416f2
3d12c
357c0
416f3
3df3a
38130
3e10a
38131
3e981
384f9
357c5
41f5a
3d12d
357c7
3df3d
39798
38f3e
41c96
3d4e8
357cb
3e10d
357cc
416f7
3ef27
394d3
357cf
41f5d
416f8
3d12f
3d4ea
41c9b
3d4eb
3da84
3ef2b
357d6
416fb
35979
36e2a
35889
38f43
3f5bc
386d0
3597d
3f5be
3588d
35d42
39d3a
385dd
39d3b
38041
35891
39d3c
3f4cd
38316
39a74
37d7d
3dd5d
38042
3dd5e
38043
425ed
39a76
35e29
36697
3589a
3701d
3ab86
38044
39a77
3669a
39a78
3669b
3589e
39d40
3669d
358a0
3a6bd
3669f
358a2
425f1
358a4
3e986
366a3
4232e
3988f
3f8a0
3a6bf
358a8
3f8a2
3e98b
38046
3da86
38f46
42055
38e56
3e01e
38e57
385e6
425f5
3d7c4
3804b
4232f
394e0
3804d
425f7
38f47
3e110
386d2
358b5
42331
3d8b4
41518
3db79
41d93
3e024
39a7c
395cd
3f5c2
3e113
395cf
3f020
3d8b7
42333
3e114
395d2
425fa
3f5c6
3e117
3d7c6
425fc
358c4
3f022
358c5
3f023
3e027
358c8
3e119
425ff
35980
396a9
38224
396aa
35a6e
3f103
396ab
35a70
37e6e
392f0
35f17
392f1
35f18
39b6a
35f19
41e71
386d5
3598a
361ec
376c9
3598c
3710f
3678b
395d5
361ef
395d6
361f0
39f21
38f4b
361f2
3a202
39980
361f4
3a7be
39f24
36793
39f25
35997
3f991
36796
3ea7a
39982
426e5
3ea7c
36799
37b98
3d8ba
37b99
418d6
386d8
39e3e
386d9
3813d
3e11c
395da
359a2
3db81
38140
359a4
41e76
387c5
39f28
38227
3f107
3e11f
39112
3eb64
3d9a7
4160b
39e3f
39113
3f108
3e205
39115
3eb66
3d9a9
41e79
3e206
39118
426ec
39e40
3e208
39f2b
359b4
41e7c
3db83
3e898
426ef
3e899
359b9
426f0
359bb
41e7f
36a61
39200
35b5f
39201
35a74
38b7c
39202
35a76
36008
38e59
35a78
38e5a
35a79
39119
35a7a
3df43
3600c
41f64
35a7d
37200
3a7bf
36972
362e0
3903b
35a80
387cb
35a81
39f2e
36880
35a83
3a014
36882
35a85
3a5ca
36884
362e8
39203
41f65
3e5bf
35a8a
3a2f7
36889
3fa85
3a019
35a8d
35a8e
3911d
35a8f
3dc71
3822d
396b4
3822e
35a92
396b5
38230
419c9
3d9af
35a95
419ca
3e210
3831a
3979e
35a98
3e2f5
396b6
389a5
3e98c
389a6
3ec57
39040
35a9d
3e213
3a01b
39208
41f6a
3dd64
35aa1
3e98f
35aa2
419cd
3f1fd
397a0
35aa5
427df
3e990
427e0
3e991
3dc74
35aa9
3e214
41f70
3f200
419d1
35c4f
36b54
35b65
38c6f
3f2e6
389a8
35c53
3f2e8
35b69
372f2
3a8b1
36a64
35e2c
38b81
35b6c
388ba
35b6d
3a020
363c6
35b6f
3a106
363c8
35b71
3a6c0
363ca
35e34
37aa8
394e3
36106
394e4
36107
397a4
36108
42057
388bd
35b79
363cc
3fb74
392f6
428c8
3a10a
35b7d
3e6b3
363d0
428ca
3fb79
38c71
4233a
3d4f3
35b82
39212
35b83
3e2ff
39213
35b85
3dd6a
39215
428cc
3e301
39217
35b89
392f7
3f2ea
38c74
388c1
35b8c
3de54
35b8d
3ea7f
35b8e
428ce
3a024
39895
35b91
3f2ed
3d5e0
41abe
3de57
428cf
3f2ee
3e3eb
35b96
42061
3f2f1
3dd6c
35b99
3d5e2
41ac1
3d5e3
35b9c
41ac2
3e3ee
3f2f3
35c55
35d48
39c48
38a99
39c49
384fd
35c59
39c4a
3f3db
36b55
3a6c1
364b4
35c5d
389ab
3a111
3840f
42408
38c76
35f21
42409
396b8
35f23
4240a
39c4d
35f25
35c65
361f7
39041
35c67
39042
35c68
39301
35c69
3db87
361fb
4214a
35c6c
3e7a8
364bf
4214c
396ba
3f6bc
3a4dd
35c70
3f6be
3e7ad
38412
3de5a
38d64
41e81
38c78
3e3f0
38c79
389b2
42411
3d5e6
38417
4214d
39308
38419
42413
38d65
3e4d8
38a9c
35c7d
3df46
35c7e
3e5c5
35c7f
4214f
3e3f6
3989f
393eb
3f3de
3e4db
393ed
3ee3c
3d6d3
42151
3e4dc
393f0
42416
3f3e2
3e4df
3d5e8
3de5f
35c8c
3ee3e
3e5c9
42419
3e3f9
35c90
3e4e1
4241b
35d4e
36f2a
3aa95
36c48
36011
38d67
35d51
38a9e
35d52
39c58
365ab
35d54
39d45
365ad
35d56
3a2f9
365af
362e9
38b87
35d59
38b88
35d5a
393f3
35d5b
3dc79
362ed
4223c
35d5e
3e89a
365b1
4223e
397ac
3f7ae
3a5cf
35d62
3f7b0
3e89f
38504
3df4c
38e5c
41f73
38e5d
3e028
385eb
35d68
393f6
35d69
3e4e3
393f7
35d6b
3df4e
393f9
42504
3e4e5
393fb
35d6f
3da92
35d70
3e6b7
35d71
42241
3e4e8
39991
394e9
3f4d0
3e02b
394eb
3ef2e
3d7cb
42243
3e02c
394ee
42508
3f4d4
3e02f
3d6da
4250a
35d7e
3ef30
35d7f
3ef31
35d81
42248
35d83
4250d
35e36
3a117
386de
3a118
35f2a
3fb7b
3a119
35f2c
372f4
39a84
362f1
39a85
35e3e
393fe
39a86
35e40
363d2
39219
35e42
3921a
35e43
39a87
35e44
3e30b
363d6
428d8
35e47
38b8e
3a2fd
385f1
42b9a
39400
366ab
42b9b
39e41
366ad
42b9c
3a3f1
366af
35e4f
36c52
3fe5c
39b7a
42b9e
3a3f4
35e53
3ef35
36c56
42ba0
3fe61
394f1
42600
3dd6f
35e58
39a8c
35e59
3e5cb
39a8d
35e5b
3e034
39a8f
42ba2
3e5cd
39a91
35e5f
39b7b
3fb7e
394f4
38b93
35e62
3e124
35e63
3ed4f
35e64
42ba4
3a302
3a11b
35e67
3fb81
3de62
42340
3e127
42ba5
3fb82
3e6c1
35e6c
428e1
3fb85
3e036
42342
3de64
35e71
3f5cf
35e72
42344
3e6c4
3fb87
35f2d
3601a
3a4de
38d6f
3a4df
387d1
35f31
3a4e0
3f6c3
389b4
3a11d
3841b
3e3fb
386e2
3e3fc
386e3
42c8b
3a11f
364c9
36d3b
39b85
3679b
39b86
3679c
3a4e1
394f7
3679e
3a7c0
39f34
367a0
3ad7f
3a4e4
36d43
3a4e5
35f43
3ff4f
36d46
3f026
39f36
42c91
3f028
36d49
38144
3de66
38145
41e82
38c84
3a3fd
38c85
386e9
3e6c8
39b8a
35f4e
3e12d
386ec
35f50
42422
38d71
3a4e8
387d3
3f6c5
3e6cb
396c2
3f110
3df53
41bb7
3a3fe
396c3
3f6c6
3e7b1
396c5
3f112
3df55
42425
3e7b2
396c8
42c98
3a3ff
3e7b4
3a4eb
35f60
42428
3e12f
3ee44
42c9b
3ee45
35f65
42c9c
35f67
4242b
3701e
397b0
3610d
397b1
36022
39128
397b2
36024
365b6
39405
36026
39406
36027
396c9
36028
3e4ef
365ba
42510
3602b
38d76
3a4ec
387d7
42d7e
395e8
3688f
42d7f
3a031
36891
42d80
3a5d5
36893
36033
36e36
40040
397b4
42d82
3a5d8
36037
3eb6d
36e3a
42d84
40045
39129
427e4
3df59
3603c
396ce
3603d
3e7b9
396cf
3603f
3e21e
396d1
42d86
3e7bb
396d3
36043
397b5
3f7b6
3912c
38d7b
36046
3e30e
36047
3ef39
36048
42d88
3a4f1
39d53
3604b
3f7b9
3da9a
41f78
3e311
42d89
3f7ba
3e8a5
36050
42519
3f7bd
3e312
3da9d
41f7a
3df5c
3e221
36056
41f7c
3e8a8
3f7bf
36111
361fe
3a6c2
38f53
3a6c3
389b7
36115
3a6c4
3f8a7
388c8
39d55
36974
39d56
36975
3611a
3a5e0
36977
3611c
3a9a6
36979
3611e
42e71
36120
38e67
3e038
385fb
42602
38e68
42e72
397c0
36124
3e03c
3e03d
3a6c9
36127
40133
3697e
3ec5e
3a129
42e75
3ec60
36981
3832a
3da9e
3832b
42066
38e6a
3a5e1
38e6b
388cf
3e8ac
397c4
36132
3e317
388d2
36134
42608
38f55
3a6cc
389b9
3f8a9
3e8af
398a8
3f2f4
3db8b
41d9b
3a5e2
397c8
3613c
3e994
3a6ce
3613e
3f02c
398ac
3f2f7
398ad
36141
4260c
3e998
3a6cf
36144
3daa3
42e7e
3f02e
3e405
4260f
36149
42e80
3614b
42611
37202
39994
362f7
39995
36206
3930e
39996
36208
364ca
39221
3620a
38f58
3620b
3a20b
36a68
3620d
3a20c
36a6a
3620f
3a7c4
36a6c
364d2
38146
39b8f
367a4
39b90
367a5
39e4e
367a6
426f5
38f5b
36217
36a6e
3fc78
39998
429ba
3a210
3621b
3ed57
36a72
429bc
3fc7d
3930f
4242c
3db91
36220
398b4
36221
3e99d
398b5
36223
3e408
398b7
429be
3e99f
398b9
36227
39999
3f99a
39312
38b94
3eb70
38b95
3f3e7
38f5f
3622c
429c0
3a6d5
39f3b
3622f
3f99d
3dc7e
4215c
3e4f5
429c1
3f99e
3ea89
36234
426ff
3f9a1
3e40a
4215e
3dc80
36239
3f3eb
3623a
42160
3ea8c
3f9a3
362fb
39049
3a216
38aad
42aa6
39314
365bf
42aa7
39d5e
365c1
42aa8
3a305
365c3
36303
36895
39133
36305
39134
36306
399a3
36307
3e225
36899
427e8
3630a
3ee46
36b61
427ea
39d60
3fd6c
3ab8c
3630e
3fd6e
3ee4b
38ab0
3e4f8
39408
4251f
39409
3e5d4
38b97
36314
399a6
36315
3ea8f
399a7
36317
3e4fa
399a9
42ab0
3ea91
399ab
3631b
3e03e
3631c
3ec63
3631d
427ed
3ea94
39f45
39a99
3fa8e
3e5d7
39a9b
3f4da
3dd77
427ef
3e5d8
39a9e
42ab4
3fa92
3e5db
3dc86
42ab6
3632a
3f4dc
3632b
3f4dd
3632d
427f4
3632f
42ab9
363e2
3a6d6
38c8a
3a6d7
364d6
40139
3a6d8
364d8
378af
3a038
3689d
3a039
363ea
399ae
3a03a
363ec
36982
397c9
363ee
397ca
363ef
3a03b
363f0
3e8b7
36986
42e84
363f3
3913a
3a8ba
38b9d
43146
399b0
36c5b
43147
3a400
36c5d
43148
3a9ae
36c5f
363fb
3720d
3f4de
3a12e
4314a
3a9b1
363ff
3c00f
37211
4314c
3f4e3
39aa1
42bac
3e31b
36404
3a040
36405
3eb77
3a041
36407
3e5e0
3a043
4314e
3eb79
3a045
3640b
3a12f
4013c
39aa4
3913f
3640e
3e6d0
3640f
3f2fb
36410
43150
3a8bf
3a6da
36413
4013f
3e40e
428ec
3e6d3
43151
40140
3ec6d
36418
42e8d
40143
3e5e2
3641b
3e410
428ef
3e411
3641e
428f0
3ec70
40145
364d9
365c6
3aa9b
3931b
3aa9c
38d7d
364dd
3aa9d
3fc81
38f60
3a6dc
389c7
3e9a7
38c8e
3e9a8
38c8f
43237
3a6de
36a79
372f6
3a139
36d4b
3a13a
36d4c
3aa9e
39aa7
36d4e
3ad80
3a4f3
36d50
3b34a
3aaa1
372fe
3aaa2
364ef
3f5d1
37301
3c100
3a4f5
4323d
3c102
37304
386f0
3e412
386f1
4242e
39230
3a9ba
39231
38c95
3ec74
3a13e
364fa
3e6d9
38c98
364fc
429ce
3931d
3aaa5
38d7f
3fc83
3ec77
39c76
3f6ce
3e4ff
42163
3a9bb
39c77
3fc84
3ed5d
39c79
3f6d0
3e501
429d1
3ed5e
39c7c
43244
3a9bc
3ed60
3aaa8
3650c
429d4
3e6db
3f3f0
43247
3f3f1
36511
43248
36513
429d7
375d9
39d64
366b9
39d65
365ce
396d8
39d66
365d0
36b66
399b5
365d2
399b6
365d3
39c7d
365d4
3ea9b
36b6a
42abc
365d7
39322
3aaa9
38d83
4332a
39b98
36e3f
4332b
3a5f0
36e41
4332c
3ab92
36e43
365df
373f1
3f116
39d68
4332e
3ab95
365e3
3c1f3
373f5
43330
3f11b
396d9
42d90
3e505
365e8
39c82
365e9
3ed65
39c83
365eb
3e7ca
39c85
43332
3ed67
39c87
365ef
39d69
3fd74
396dc
39327
365f2
3e8ba
365f3
3f4e5
365f4
43334
3aaae
3a312
365f7
3fd77
3e046
42524
3e8bd
43335
3fd78
3ee51
365fc
42ac5
3fd7b
3e8be
3e049
42526
3e508
3e7cd
36602
42528
3ee54
3fd7d
366bd
367aa
3ac7f
394ff
3ac80
38f63
366c1
3ac81
3fe65
38e74
3a314
36f2f
3a315
36f30
366c6
3ab9d
36f32
366c8
3af66
36f34
366ca
4341d
366cc
39413
3e5e4
38ba7
42bae
39414
4341e
39d74
366d0
3e5e8
3e5e9
3ac86
366d3
3f209
36f39
3c2e4
3a6e8
43421
3c2e6
36f3c
388d6
3e04a
388d7
42612
39416
3ab9e
39417
38e7b
3ee58
39d78
366de
3e8c3
38e7e
366e0
42bb4
39501
3ac89
38f65
3fe67
3ee5b
39e5c
3f8b2
3e137
42347
3ab9f
39d7c
366e8
3ef40
3ac8b
366ea
3f5d8
39e60
3f8b5
39e61
366ed
42bb8
3ef44
3ac8c
366f0
42bba
3e8c5
3f5da
4342b
3f5db
366f5
4342c
366f7
42bbd
377bd
39f48
368a3
39f49
367b2
398be
39f4a
367b4
36a7a
37021
39e63
36a7c
39e64
36a7d
3ac8e
397d3
36a7f
3b057
3a22c
36a81
3b620
3a7cb
386f2
3a143
36d54
3a144
36d55
3a40d
36d56
42ca1
39507
367c3
37029
3f300
39f4c
42f66
3a7cd
367c7
3be2b
3702d
42f68
3f305
398bf
429d8
3e13d
367cc
39e68
367cd
3ef49
39e69
367cf
3e9b4
39e6b
42f6a
3ef4b
39e6d
367d3
39f4d
3ff58
398c2
39140
3f11c
39141
3f9a5
3950b
367d8
42f6c
3ac92
3a4fa
367db
3ff5b
3e22a
42708
3eaa1
42f6d
3ff5c
3f035
367e0
42cab
3ff5f
3e9b6
367e3
3e22c
4270b
3e22d
367e6
4270c
3f038
3ff61
368a7
36b6d
398c3
368a9
395f6
368aa
3a7d4
37116
368ac
3a8c1
37118
368ae
3ae76
3711a
36e45
396e3
368b1
396e4
368b2
39f57
368b3
3e7d1
36e49
42d94
368b6
3bf1a
3711c
42d96
3a31f
3f3f4
3b14c
368ba
3f3f6
3bf1f
3905c
3eaa4
399b8
42acb
399b9
3eb80
39143
368c0
39f5a
368c1
3f03b
39f5b
368c3
3eaa6
39f5d
4305c
3f03d
39f5f
368c7
3e5ea
368c8
3f20f
368c9
42d99
3f040
3a504
3a04d
4004c
3eb83
3a04f
3fa98
3e323
42d9b
3eb84
3a052
43060
40050
3eb87
3e232
43062
368d6
3fa9a
368d7
3fa9b
368d9
42da0
368db
43065
397d7
3af69
39237
36993
3af6a
3c2eb
396e5
3ae77
39145
36997
3ae78
3c1f9
3941a
3aba3
38e81
3ee61
39146
3ee62
39147
436f5
3aba5
36f42
377bf
3a5fb
37214
3a5fc
37215
3af6b
39f65
37217
3b805
3a9be
37219
3bdbe
3af6e
377c7
3af6f
369a9
3fa9d
377ca
3c5c0
3a9c0
436fb
3c5c2
377cd
38baa
3e8c6
38bab
42e94
396ec
3ae7c
396ed
3914d
3f124
3a600
369b4
3eb8d
39150
369b6
43434
397d9
3af72
39239
3f215
3f127
3a6ee
40146
3e9b9
4261d
3ae7d
3a604
369be
3c2ee
3af74
369c0
42e98
3f219
3a6f3
40148
3e9bb
43438
3c2f2
3af75
369c6
3c2f5
43704
42e9b
3e8cb
3ec80
4343c
3ec81
3f12a
4343d
39328
3a7d9
36b76
3be2f
3a7da
36b78
38f72
3a413
37030
3a414
37031
3ac99
37032
42f75
397dd
36a90
37305
378b2
3a6f7
37307
3a6f8
37308
3b05d
3a05b
3730a
3b34b
3aab0
3730c
3b904
3b060
3a231
42f77
3c6b1
36a9c
3b34d
378bd
3fb91
3b063
36a9f
36aa0
3a6f9
36aa1
3ec83
3923f
3ac9d
39240
36aa4
3ac9e
39242
429db
3e9c1
36aa7
429dc
3f222
3932a
3a7db
36aaa
3be33
3ac9f
399bb
3f9aa
399bc
3fc8d
3a05e
36aaf
3be34
3b066
36ab1
429de
3f30b
3a239
3fc8e
3eaad
42f7e
3aca0
3a7dd
36ab7
437f5
429e0
3be3b
3ec86
36abb
3eaae
429e2
3eaaf
36abe
429e3
36c67
3a323
36b7a
39c8c
3a324
36b7c
37121
39f69
36b7e
39f6a
36b7f
3a23b
36b80
3f047
37125
43068
36b83
398d2
3b068
3932f
438da
3a14c
373fa
438db
3abac
373fc
438dc
3b151
373fe
36b8b
379ac
3f6d4
3a326
438de
3b154
36b8f
3c7a5
379b0
438e0
3f6d9
39c8d
4333c
3eab1
36b94
3a240
36b95
3f311
3a241
36b97
3ed76
3a243
438e2
3f313
3a245
36b9b
3a327
3f3f8
39c90
398d7
36b9e
3ee66
36b9f
3faa3
36ba0
438e4
3b06d
3a8ce
36ba3
3f3fb
3bf28
3a32c
438e5
3ee68
36ba7
3faa5
36ba8
43071
3f3ff
3f400
36bab
3e5f4
42ad3
3e5f5
36bae
43074
3ed79
3f319
36c6b
39d7f
3c012
39ab0
36d5b
3c014
36c6f
399c1
3b15a
39421
439ca
39c92
36f46
439cb
3aca1
36f48
439cc
3b243
36f4a
36c77
3721c
3a05f
36c79
3a060
36c7a
3a331
36c7b
3eb93
37220
4315c
36c7e
3c894
374f3
4315e
3aca3
3f7c8
3b533
36c82
3f7ca
3c899
39424
3ee6c
39d82
4343f
39c94
3f402
39c95
399c8
439d3
3e5f8
39429
4315f
3a338
3942b
439d5
39d83
3c016
39ab2
36c8f
43161
3e6e2
428f2
3ef59
42bc1
3f408
3a8d8
3a41b
3f4ec
3c019
3a41d
36c97
43163
3e6e4
42bc3
3ef5b
439d8
3f4f0
3c01d
3c01e
3f4f3
36c9e
43167
3ee71
3fb98
439dc
3fb99
36ca3
439dd
39ba1
3ad85
39601
36d5f
3ad86
3c107
39512
3a9c6
375dc
3a9c7
375dd
36d64
3b24e
375df
36d66
3b623
375e1
36d68
43513
36d6a
39ab5
3ec88
39247
4324c
39ab6
43514
3a424
36d6e
3ec8c
3ec8d
3ad8b
36d71
3f8bf
375e6
3c3dc
3a7ea
43517
3c3de
375e9
38f74
3e6e8
38f75
42cb0
39ab8
3b24f
39ab9
39519
3f4f6
3a428
36d7c
3ef61
3951c
36d7e
43252
39ba3
3ad8e
39603
3f5dd
3e7d4
42438
3f04b
42cb3
3f4f9
3b250
3a42c
36d86
3c10a
3ad90
36d88
42cb4
3f5e1
3a511
3ff64
3e7d7
43256
3c10e
3ad91
36d8e
3c111
43520
42cb7
3e6ed
3f04e
4325a
3f04f
3f4fc
4325b
376cd
3a513
37128
3a514
37129
3ae7f
39e79
3712b
3b714
3a8da
3712d
3bccc
3ae82
376d5
39338
3aaba
38d91
3ed7b
39606
3ed7c
39607
43607
3aabc
37405
3a607
43341
3c4cd
36e64
3b716
376d9
3f9b3
3ae85
36e67
36e68
3a517
36e69
3f051
39154
3abb0
36e6b
3c1fb
39baa
3ad95
39bab
3960b
3f5e8
3a51a
36e70
3f053
3960e
36e72
43344
3a60a
40054
3e8cd
4252b
3aabf
39e7c
36e77
3f5ed
3ae87
3a60c
43346
3f130
3c1ff
36e7c
3f7ce
3a610
40057
3abb2
36e7f
43611
36e81
4334a
3f054
36e83
3e8d0
42daa
3e8d1
36e86
42dab
3703e
3aca5
36f4d
3a612
3aca6
36f4f
37406
3abb3
36f51
3a520
3abb4
36f53
374f8
3a33b
36f55
3a33c
36f56
3abb5
36f57
3f40f
374fc
439e0
36f5a
3abb7
36f5b
3f137
396f9
3b165
396fa
36f5e
3b166
396fc
43441
3ee75
36f61
43442
3f6e4
397e8
3b254
36f64
3c89f
3b167
39e7d
3f228
39e7e
3fe77
3a523
36f69
3f6e7
3b537
3acaa
439e4
3ef66
36f6d
3f22b
36f6e
43445
3f7d7
3b256
36f71
43cbc
3f22c
43cbd
3f22d
3f7da
43447
3ee76
43cbf
36f78
43449
37130
3a7eb
37043
3a704
3a7ec
37045
375ea
3a42d
37047
3a42e
37048
3acaf
37049
3f501
375ee
43526
3704c
3acb1
3704d
3f22f
397ed
3b25a
397ee
37050
3b25b
397f0
42f87
3ef6d
37053
42f88
3f7e0
398da
3ad9a
37056
3c3e5
3b25c
39f6f
3f31a
39f70
3ff69
3a619
3705b
3c3e6
3b62a
3705d
3f31c
3a7f2
3ff6b
3a7f3
37060
4352c
3b25d
3ad9c
37063
43dae
3f31e
43daf
3f31f
3f8cc
42f8d
3ef6e
3f233
3706a
42f8f
37222
3a8df
37135
3a24a
3a8e0
37137
376dc
3a524
37139
3a525
3713a
3a7f5
3713b
3f5f3
376e0
43618
3713e
3a7f7
3713f
3f321
398df
3ada0
398e0
37142
3ada1
398e2
43079
3f05f
37145
4307a
3f8d2
399ce
3ae8c
37148
3c4d7
3ada2
3a061
3f412
3a062
4005b
3a70b
3714d
3f8d5
3b71b
3a8e4
4361c
3eb9e
37151
3f415
37152
4307d
3f9bb
3ae8e
37155
43ea0
3f416
43ea1
3f417
3f9be
37159
3f060
3f325
3715c
43081
37314
3a9d1
37227
3a33e
3a9d2
37229
377ce
3a61a
3722b
3a61b
3722c
3a8e9
3722d
3f13f
377d2
4370c
37230
3a8eb
37231
3f419
399d3
3ae92
399d4
37234
3ae93
399d6
4316b
3eba5
37237
4316c
3f9c4
39ac0
3af7e
3723a
3c5c9
3ae94
3a153
3f504
3a154
4014d
3a251
3723f
3f9c7
3b80d
3a9d6
43710
3ec90
37243
3f507
37244
4316f
3faad
3af80
37247
43f92
3f508
43f93
3f509
3fab0
3724b
3eba6
43f95
3724e
43173
3740a
3aac3
37319
3a430
3aac4
3731b
378c0
3a70c
3731d
3a70d
3731e
3a9db
3731f
3f237
378c4
437fe
37322
3a9dd
37323
3f50b
39ac5
3af84
39ac6
37326
3af85
39ac8
4325d
3ec97
37329
4325e
3fab6
39bb2
3b070
3732c
3c6bb
3aac6
3fc92
3c113
429e5
3af86
3a345
37331
3fab9
3b353
3aac8
43802
3ed82
37335
3f5f9
37336
43261
3fb9f
3b072
37339
43ad8
3f5fa
43ad9
3f5fb
3fba2
43263
3ec98
43adb
37340
43265
379b2
3a252
3740f
3a253
37410
3aacd
37411
3f329
379b6
438f0
37414
3aacf
37415
3f5fd
39702
3b169
37417
3c7ad
3a15c
3b356
3a15d
39bb9
3fba6
3aad2
3741c
3f5ff
39bbc
3741e
438f2
3abc2
3fd84
3c205
42ad7
3b078
3a437
37423
3fbab
3b448
3abc4
438f4
3ee7a
37427
3f145
37428
43353
3f6ef
3b16b
3742b
43bca
3f146
43bcb
3f147
3f6f2
43355
3ed8a
43bcd
37432
43357
375f0
3b25e
374ff
3abca
3b25f
37501
379b8
3b16c
37503
3aad8
3b16d
37505
39704
3f41e
39705
439ee
3a256
3b9f9
3a257
39cab
3fc9a
3b171
3750c
3f6f7
39cae
3750e
43f98
3a348
3baeb
39d9b
3fd8b
3fc9d
3b261
3f7e6
3c027
43175
3b9fa
3b175
37516
3ce52
3baed
37518
3f512
3b265
3f7e9
3b266
3751b
43f9c
3ce56
3baee
3751e
3f7ea
3751f
3f7eb
439f5
3ce59
3f6f8
37523
3fca0
43fa1
39e8a
3b359
376e3
3c993
3b35a
376e5
39d9c
3f7ec
3acbe
43db4
3abcf
3fd94
3abd0
3a34c
44361
3f518
39da1
43add
3b26d
39da3
44363
3acbf
3c996
3a43d
37603
43adf
3c118
43266
3c3ef
43537
3fd9a
3b35c
37608
3fe7f
3c11a
43538
3c3f1
44365
3fe80
3c99b
3760d
3fd9b
3fe82
3c99d
3c11c
4353a
3c11d
37612
3c99f
44369
4353c
3f51b
37617
4436b
3a52c
3bccd
39f7d
376e8
3bcce
3ca87
3a803
43ea5
3f609
376ec
3adaf
376ed
3fe87
3adb0
376ef
3f8e0
3adb2
44454
3fe89
3adb4
376f3
3ae98
3ff6e
3a806
3a441
376f6
3c4e0
376f7
3f149
376f8
44456
3bbe3
3b44e
376fb
3ff71
3c20c
4362a
3c4e3
44457
3ff72
3ca8d
37700
43bd5
3ff75
3c4e4
43bd6
3c4e5
3ca90
4445b
37706
43bd8
3f8e3
3fe8f
377d8
3a8f3
3cb76
3a61f
378c8
3cb78
377dc
3aea0
377dd
3f9d1
39f81
3b450
39f82
377e0
3b451
39f84
43719
3f151
377e3
4371a
3ff7c
3a070
3b53f
377e6
3cb7b
3b452
3a70e
3f23a
3a70f
3fabd
3a809
377eb
3ff7f
3bdc2
3af8d
43cc6
3c5d4
377ef
3f23d
377f0
4371d
40065
3b541
377f3
4454b
3f23e
4454c
3f23f
40068
377f7
3f152
4454e
377fa
43721
379bc
3b07a
378cb
3a9e6
3b07b
378cd
39acc
3f240
39acd
4380a
3a622
3bdc5
3a623
3a075
4006c
3af95
378d4
3fac5
3a078
378d6
43db6
3a712
3b907
3a163
40153
3be42
42f90
3c6c5
4380d
4006f
3bdc6
3af99
378de
3cc6e
3b909
378e0
3f32e
3b081
3fbb1
3b082
378e3
43dba
3cc72
3b90a
378e6
3fbb2
378e7
3fbb3
43811
3cc75
3fac6
43812
40072
43dbf
3a164
3fbb4
3aadd
43bdb
3aade
3cd5e
3a25d
379c4
3b085
379c5
4015d
3b086
379c7
3fbb6
3b088
4417e
4015f
3b08a
379cb
3c7b6
379cc
3f425
379cd
43ea9
40162
3b637
3b178
3fca4
3cd61
3b17a
3f6fc
3bf37
43eab
3cd62
3b17d
44182
3fca8
3cd65
3bf38
43902
3bf39
379da
43eaf
3fcab
43904
3f337
379df
44187
37aab
38056
388d9
37aae
3b546
38f77
3805a
37ab1
3b638
389ca
37ab3
3b81c
3b910
37ab6
41ac6
37ab8
3cb84
417f0
3c5d9
38f7e
417f2
3d4fa
37abc
38f81
3a718
3bbe5
3b912
3c304
3fac8
3afa1
40325
3c5dc
37ac3
40075
40327
41154
37ac7
3c307
3d4fb
3c308
3d4fc
37aca
3f248
43722
3cb8c
3c5e1
37acd
40234
40077
40235
37ad1
37c8e
389cc
39069
3814b
3b913
39615
3b08e
3823a
3bcd6
3906c
3841f
3ba01
37ba7
38abd
37ba9
3906f
3d314
37bab
3cc77
3d315
37bad
3db98
39073
418e3
3a80a
37bb1
40c98
3c6cc
40166
3be4b
37bb4
3cc7a
3b095
40418
37bb7
37bb8
3b72d
3c6cf
3db99
3c6d0
3db9a
3be4f
3fbbc
37bbd
4032d
3cc7f
3d319
37bc0
4041c
37bc2
408d4
3b17e
37c91
3915a
38ac0
37c93
42256
3b72f
388dc
37c96
39430
3abd2
37c98
38603
37c9a
38bb4
3bf3a
3d6dc
38bb6
41429
3d6dd
38bb8
419d4
4142b
42258
3b182
3abd3
37ca4
3cd6a
40508
3c7bf
3b186
40ab4
3f42b
37ca8
3b189
3b81f
44550
3cd6d
4041e
3cd6e
409c5
3c7c3
3fcae
3bf42
37cb0
4050d
3d6e1
3f42d
43908
4050f
41248
37d82
39524
3acc5
37d84
38330
38605
37d87
3b821
38ca3
38334
37d8a
3b363
40ab6
3bbea
38d92
3c8ae
3dd7a
3c02d
37d90
3dd7b
3cf4e
42349
37d93
37d94
3b364
3b275
3b276
3f51c
37d97
3ce5d
3c030
40e7d
3f7f3
3b27a
40ba8
3b916
37d9e
3cf4f
37d9f
3cf50
40d8d
3ce61
405fe
3c8b6
3c035
439f9
3dd7f
3f7f5
37da5
439fb
37e73
3814e
3bcd9
3adb7
38150
386f7
38d94
38424
3bbec
39340
3adb9
38513
3ba06
37e7e
418e4
37e80
3c9a0
4160c
3c3f5
38d9b
4160e
3d8c2
37e84
38d9e
3a534
3ba07
3bcdd
3c120
3f8e4
3adbd
406ed
3c3f8
37e8b
3fe91
406ef
40f70
37e8f
3c123
3d8c3
3c124
3d8c4
37e92
3f610
4353e
3c9a8
3c3fd
37e95
40604
3fe93
40605
37e99
3805e
3baf8
38e86
38241
3bdcd
37f6a
38515
39706
3aeaa
38517
37f6e
41062
37f70
419d6
37f72
3ca92
416fe
3c4e7
38e8d
41700
3d9b4
37f76
38e90
3a626
3baf9
3bdd0
3c212
3f9d6
3aeaf
40237
3c4ea
37f7d
3ff83
40239
41064
37f81
3c215
3d9b5
3c216
3d9b6
37f84
3f156
43630
3ca9a
3c219
37f87
406f6
3ff85
4023d
37f8b
38151
3b45b
38062
39acf
39526
3860c
38065
39527
3c8b8
3daaa
39529
41da0
3daab
3952b
4234b
41da2
42620
3c8ba
40078
3c21b
3806f
3d139
3c8bc
41703
38072
38073
3c21c
3f7f8
38075
408db
3cb94
3e053
3cb95
3e054
3c8c0
38079
408dc
3daaf
407e7
3807d
38243
38f83
39618
386fd
38156
417f4
38158
3961b
3d8c6
3815a
3d229
3d8c7
3815c
3e144
3961f
41e92
3c30c
3f8e8
3b642
409c9
3cc83
3b644
40f73
409cb
417f6
38166
3d22d
43dc0
4016d
3c404
3db9f
3c405
3dba0
3816a
408df
3d231
3d8cb
3816d
43dc3
38244
387ed
39076
38247
42802
3bce0
40f75
3824b
3d31a
419d7
3cd73
39163
419d9
3dc90
3824f
39166
3b733
3d31c
38252
3fcb1
3c4f3
38254
3d31e
3b737
41066
406f8
3cd77
40abe
3f9dd
3825a
3d9bb
3825b
3d9bc
417f7
3d322
3cd7b
3825e
409d2
40ac1
417f8
38337
388e0
3a07a
397fa
3b824
38bbd
39341
3ce64
3e326
3c5e3
3833f
3e327
3d500
428f5
38342
38343
3ce66
40bac
3facd
3b827
40bae
3ce68
38347
3b82a
3b917
3c5e7
3fda4
3bf47
43fa5
3d412
40ac2
3d413
41068
3ce6c
3c5eb
43fa6
3e32b
38352
41069
3b369
3842a
398eb
39343
389d4
3842d
39344
3c6d4
3de72
39346
41bbc
3de73
39348
42167
41bbe
4243c
3c6d6
3fe94
3c037
38437
3cf55
3c6d8
4151f
3843a
3843b
3c038
3fbc0
3843d
40ca3
3c9b0
3e41b
3c9b1
3e41c
3c6dc
38441
40ca4
3de77
40bb7
38445
38ac3
38da0
3851d
4252c
3ba0a
4124b
38521
3d044
41cad
3ca9d
39439
41caf
3df66
38525
3943c
3b45d
3d046
38528
3ff87
3c7c9
3852a
3d048
3b461
40d93
40422
3caa1
407ec
3f707
38530
3d6e5
38531
3d6e6
41521
3d04c
3c7cf
38534
40ca8
38536
41522
3860e
38bbe
3943e
38611
42bca
38613
39ad4
3dd86
38615
3d6e9
3dd87
38617
3e5fe
39ad8
428f8
3c21e
3d6ea
3baff
40e87
3d143
3bb01
41431
40e89
41cb2
3ce73
40e8a
3c7d3
38622
3dd89
38623
3dd8a
41bbf
3d6f0
3d149
38626
40d96
40e8d
41bc0
38701
38cb1
3a443
3a16e
41433
38706
3d7da
41e93
3d233
39bc9
41e95
3e14a
3870a
39bcc
3bbf0
3d234
3870d
3fe99
3c9b7
3870f
3d7de
3bbf4
41524
3c8c4
3fe9a
3c313
4436e
3d7e0
40e8e
3d7e1
41434
3d23a
3c9bd
4436f
3e6f3
3871a
41435
3bce1
387f4
39cb3
3970b
39623
397fb
3d324
3e7e0
3caa7
387fa
3e7e1
3df6c
42daf
387fd
387fe
3caa8
4106a
3c409
3bce4
4106c
3d328
38802
3bce7
3be58
3d8d1
38805
4106f
3d32a
3e7e3
3d32b
3e7e4
3caae
38809
41070
3e23f
40f83
3880d
389d5
39167
397fc
38e96
388e8
397fe
3cb98
3e32c
39800
42078
3e32d
39802
42621
4207a
42ea2
3c4fa
4007c
3bf49
388f2
3d9c1
3cb9c
419db
388f5
388f6
3d41b
44551
4007f
3cb9e
3e32f
3cb9f
3e330
388fa
41073
3d9c7
3dab5
388fd
44554
389d6
38f86
3925a
389d9
429e6
389db
398f1
3dba2
389dd
3d505
3dba3
389df
3e9c6
398f5
42714
3c03a
3d506
3b91b
4124f
3cf5f
3b91d
417f9
41251
41ace
3cc8f
41252
3c5ef
389ea
3dba5
389eb
3dba6
419dd
3d50c
3cf65
389ee
41166
41255
419de
38aca
39f89
399e1
3934d
39ada
3d04e
3eab6
3cd7d
38ad0
3eab7
3dc96
42ad9
38ad3
38ad4
3cd7e
40d98
3c6df
3ba0e
40d9a
3d052
38ad8
3ba11
3c12e
3d5fb
38adb
40d9d
3d054
3eab9
3d055
3eaba
3cd84
4418b
3d5ff
3e515
40d9f
38ae3
3916a
399ea
38bc3
43176
38bc5
3a080
3e332
38bc7
3dc9b
3e333
38bc9
3ebaa
3a084
42ea4
3c7d4
3dc9c
3bf4d
41437
3dc9d
41344
3dc9e
418ee
3d6f7
38bd1
41345
3ebad
41439
418ef
39adb
3a170
3925e
38cb6
39cb5
3cf66
3e6f4
3a174
42440
3e6f5
3a176
429e9
42442
4326a
3ce78
40515
3c8c7
38cc0
3e427
38cc1
3e428
4225f
3dd91
3cf6c
38cc4
4143c
38cc6
42260
38da6
3a260
39cb7
39bcf
39da7
3d8d6
3ed8c
3d059
38dac
3ed8d
3e518
4335b
38daf
38db0
3d05a
4161a
3c9bf
3d05b
3e7e9
3d05c
3e7ea
38db4
40609
3d8dc
3e51b
38db7
4152f
38e97
39441
3abd5
3a353
41bc3
38e9c
3df70
42623
3d9c9
39dad
42625
3e8da
38ea0
39db0
3c222
3d9ca
38ea3
406fa
3d9cb
3ee81
3d9cc
3ee82
3d14f
4170e
3df76
3e8dd
406fc
38eab
39532
39806
38f8b
42f92
38f8d
39e9d
3e14e
38f8f
3dab7
3e14f
38f91
3ef72
39ea1
42cc0
3c5f0
3dab8
3c315
417ff
3dab9
41710
3daba
41cb6
3d513
38f99
41711
3ef75
41801
41cb7
398f7
39f8c
39626
3907e
39f8e
3d32e
3eabc
39f90
42808
3eabd
39f92
42db1
4280a
43086
3cc94
40331
3c6e3
39088
3e243
39089
3e244
4207b
3dbad
3d334
3908c
41804
3908e
4207c
3916e
3abd6
3a62b
39f97
3a71c
3dca1
3f158
3d9d0
39174
3f159
3e8e0
43727
39177
39178
3d9d1
419e2
3d336
3d9d2
3ebb1
3d9d3
3ebb2
3917c
409d6
3dca7
3e8e3
3917f
418f3
3925f
39809
3afa6
3acc9
41f8b
39264
3e338
429eb
3dd94
3a722
429ed
3eca2
39268
3a725
3c5f2
3dd95
3926b
40ac7
3dd96
3f24d
3dd97
3f24e
3d51a
41ad6
3e33e
3eca5
40ac9
39273
398fa
3a17a
39353
4390a
39355
3a266
3eac2
39357
3e42b
3eac3
39359
3f33e
3a26a
43088
3c9c0
3e42c
3c6e5
41bc7
3e42d
41ad8
3e42e
4207e
3de8a
39361
41ad9
3f341
41bc9
4207f
39cbf
3a355
399ee
39446
3a357
3d6f9
3ee84
3a359
42bd0
3ee85
3a35b
43179
42bd2
439fe
3d05f
40caa
3cab3
39450
3e60b
39451
3e60c
42443
3e521
3d6ff
39454
41bcc
39456
42444
39536
3a9f2
3a448
39db3
3a538
3dabd
3f520
3d7ec
3953c
3f521
3e6fc
43543
3953f
39540
3d7ed
41daa
3d152
3d7ee
3ef79
3d7ef
3ef7a
39544
407f2
3dac3
3e6ff
39547
41cbf
39627
39bd1
3adc2
3aae5
42353
3962c
3e154
42db3
3dbb0
3a53e
42db5
3f06a
39630
3a541
3c40e
3dbb1
39633
408e3
3dbb2
3f615
3dbb3
3f616
3d8e2
418f6
3e15a
3f06d
408e5
3963b
39cc2
3a543
3971b
43cd2
3971d
3abdb
3ee8a
3971f
3e7f3
3ee8b
39721
3f70a
3abdf
43a00
3d337
3e7f4
3cab5
41f8f
3e7f5
41e9c
3e7f6
42446
3e252
39729
41e9d
3f70d
41f91
42447
3a634
3accb
39db6
3980e
3a810
3dac4
3f250
3accf
42f98
3f251
3acd1
43545
42f9a
43dc6
3d9d6
41076
3d42a
39818
3ef7f
39819
3ef80
42db7
3e8e9
3daca
3981c
41f94
3981e
42db8
398fe
3adc3
3a812
3a728
3a902
3e431
3f8ec
3dbb7
39904
3f8ed
3f070
43eb7
39907
39908
3dbb8
42172
3d51d
3dbb9
3f345
3dbba
3f346
3990c
4116a
3e437
3f073
3990f
42087
399ef
39f99
3b739
3aeb6
4271b
399f4
3eac8
4317b
3e524
3a908
4317d
3f436
399f8
3a90b
3cd8a
3e525
399fb
4125b
3e526
3f9e1
3e527
3f9e2
3dcad
42266
3eace
3f439
4125d
39a03
3a08a
3a35f
39ae3
43aee
39ae5
3a9f8
3eca6
39ae7
3e60f
3eca7
39ae9
3fad2
3a9fc
4381c
3d153
3e610
3ce7d
42357
3e611
42268
3e612
4280e
3e06e
39af1
42269
3fad5
42359
4280f
3a450
3aae7
3a17e
39bd6
3aae9
3de8c
3f618
3aaeb
43360
3f619
3aaed
4390d
43362
43be2
3d7f2
40e92
3d246
39be0
3ed9b
39be1
3ed9c
42bd3
3e705
3de92
39be4
4235c
39be6
42bd4
39cc6
3b73a
3b18e
3aaf2
3b27f
3e7f9
3fcb8
3e52b
39ccc
3fcb9
3f43c
44280
39ccf
39cd0
3e52c
4253a
3de94
3e52d
3f711
3e52e
3f712
39cd4
41532
3e7ff
3f43f
39cd7
4244b
39db7
3a362
3bb04
3b82d
42ae3
39dbc
3ee90
43547
3e8ec
3b285
43549
3f802
39dc0
3b288
3d155
3e8ed
39dc3
41623
3e8ee
3fdad
3e8ef
3fdae
3e075
4262e
3ee96
3f805
41625
39dcb
3a453
3acd5
39eab
44463
39ead
3adc9
3f61e
39eaf
3ef83
3f61f
39eb1
3fe9e
3adcd
43be4
3d51e
3ef84
3d248
4271f
3ef85
42630
3ef86
42bd6
3e9e2
39eb9
42631
3fea1
42721
42bd7
3a81a
3aeb8
3a547
39f9e
3aeba
3e254
3f9e4
3aebc
4372c
3f9e5
3aebe
43cd5
4372e
44557
3dbbd
41806
3d611
39fa8
3f167
39fa9
3f168
42f9b
3f079
3e25a
39fac
42724
39fae
42f9c
3a08e
3b556
3afab
3a90e
3b09b
3e615
40080
3e347
3a094
40081
3f258
4409c
3a097
3a098
3e348
42902
3dcb0
3e349
3fad9
3e34a
3fada
3a09c
4134e
3e61b
3f25b
3a09f
42817
3a17f
3a72a
3b920
3b649
42eab
3a184
3ecac
4390f
3e708
3b0a1
43911
3fbca
3a188
3b0a4
3cf71
3e709
3a18b
4143f
3e70a
40175
3e70b
40176
3e43d
4244e
3ecb2
3fbcd
41441
3a193
3a81d
3b73c
3b0a6
3b82e
3ead6
3fcbe
3be5d
44558
3f9ec
3b741
43faf
44559
3a27c
3f350
3a27d
3f351
43821
3fcc3
3de95
3f352
3d613
42ae7
3f353
3eadc
3a283
429f7
3a364
3a910
3a366
3b374
3bf4e
3fadc
3b832
4051a
3bf50
3a36b
3f441
4051b
43af6
3ee99
42aea
3ee9a
43090
3fae1
3d704
3ee9b
3a372
41bcf
3ee9c
3a374
42aec
3a376
43914
3a457
4060b
3a459
3b377
3f532
3a45b
3fea3
3b379
43be6
3ef8a
3b37b
3b37c
3e710
3fea5
3e711
3fea6
3c045
3a463
3e712
42cca
3e078
3e713
42ccc
3f538
42ccd
43183
3adcf
3ba13
43273
3a54c
3f07b
43cd7
3f715
3a54e
3ff96
3e801
3a550
3a551
3c135
3f717
3c136
3f718
3a554
42ccf
3e169
41db2
3dbc0
3a557
41db4
3f081
41db5
3a55b
3abe5
3b559
3aec2
3b64a
3e8f2
40086
3c225
44374
3f808
3b55e
43dcb
44375
3a644
3f16c
3a645
3f16d
4363d
4008b
3dcb1
3f16e
3d9db
42eaf
3f16f
3e8f8
3a64b
42dc3
3a72c
3acd8
3a72e
3b64c
3c316
3f8f8
3b64e
40336
3c318
3a733
3f25d
40337
43ebe
3ecb5
42eb2
3ecb6
43458
3f8fd
3d520
3ecb7
3a73a
419eb
3ecb8
3a73c
42eb4
3a73e
43730
3a820
3bcea
3be62
3f8fe
3bcec
40700
3be64
3a825
3f8ff
40701
4455d
3f084
42fa0
3f085
4354e
3c415
3dbc1
3f359
3a82c
42089
3f35a
3a82e
42fa2
3a830
43dce
3a912
3b922
3bf54
3f9f0
3bddf
40246
3bf56
3a917
3f9f1
40247
440a3
3ebca
43096
3ebcb
43640
3c507
3dcb3
3f44b
3a91e
4217b
3f44c
3a920
43098
3a922
43ec0
3aa04
3b923
3c046
3fae2
3b925
40338
3c048
3aa09
3fae3
40339
44195
3ecbc
43188
3ecbd
43732
3c5f9
3dda5
3f53d
3aa10
4226d
3f53e
3aa12
4318a
3aa14
43fb2
3aaf6
3ba15
3c138
3fbd4
3ba17
4042a
3c13a
3aafb
3fbd5
4042b
44287
3edae
4327a
3edaf
43824
3c6eb
3de97
3f62f
3ab02
4235f
3f630
3ab04
4327c
3ab06
43af8
3abe8
3bb07
3c22a
3f71a
3bb09
4051c
3c22c
3abed
3f71b
4051d
44379
3eea0
4336c
3eea1
43916
3c7dd
3df89
3f175
3abf4
41ea5
3f176
3abf6
4336e
3abf8
43bea
3acda
3bbf9
3c31c
3f80c
3bbfb
4060e
3c31e
3acdf
3f80d
4060f
4446b
3ef92
4345e
3ef93
43a08
3c8cf
3dacf
3f267
3ace6
41f97
3f268
3ace8
43460
3acea
43cdc
3add3
3c13e
3f905
3c13f
3f906
3add6
43551
3ef97
42634
3e9ee
3add9
42636
3f909
42637
3addd
3b471
43beb
3cab6
43646
3cab7
43bec
3c50a
3e25f
3f9f9
3aeca
42727
3f9fa
3aecc
43648
3aece
4446d
3afb7
3c322
3fae9
3c323
3faea
3afba
43739
3ebcf
42818
3e626
3afbd
4281a
3faed
4281b
3afc1
3b655
43dcf
3cc9a
4382a
3cc9b
43dd0
3c6ee
3e443
3fbdd
3b0ae
4290b
3fbde
3b0b0
4382c
3b0b2
440a5
3b19b
3bf5a
3f721
3bf5b
3f722
3b19e
4391d
3edb3
42450
3e80a
3b1a1
42452
3f725
42453
3b1a5
3b839
43fb3
3ce7e
43a0e
3ce7f
43fb4
3c8d2
3e07b
3f815
3b292
42543
3f816
3b294
43a10
3b296
44289
3c9c7
4051e
3c6f0
3feb4
3e719
3feb5
3c052
43bef
3feb7
3c9c9
3e71a
43bf0
3b388
43aff
3cab9
40610
3c7e2
3ffa6
3e80b
3ffa7
3c144
43ce1
3ffa9
3cabb
3e80c
43ce2
3b47a
43bf5
3cbab
40702
3c8d4
40098
3e8fd
40099
3c236
43dd3
4009b
3cbad
3e8fe
43dd4
3b56c
43ce7
3cc9d
40248
3c41a
4018a
3e9ef
4018b
3c328
43ec5
4018d
3cc9f
3e9f0
43ec6
3b65e
43dd9
3cd8f
4033a
3c50c
3fcd0
3eae1
3fcd1
3be6e
43fb7
3fcd3
3cd91
3eae2
43fb8
3b750
43ecb
3ce81
4042c
3c5fe
3fdc2
3e627
3fdc3
3bf60
43b01
3fdc5
3ce83
3e628
43b02
3b842
43fbd
3cca0
4024a
3c601
4018f
3c602
40190
3c057
4419b
40192
3cf78
3ecc6
4419c
3b934
440ab
3cd92
4033c
3c6f3
3fcd5
3c6f4
3fcd6
3c149
4428d
3fcd8
3d06a
3edb8
4428e
3ba26
441a1
3ce84
4042e
3c7e5
3fdc7
3c7e6
3fdc8
3c23b
4437f
3fdca
3d15c
3eeaa
44380
3bb18
44293
3c9ca
40520
3c8d7
3feb9
3c8d8
3feba
3c32d
44471
3febc
3d24e
3ef9c
44472
3bc0a
44385
3cabc
40612
3c41d
3ffab
3c41e
3ffac
3be73
44563
3ffae
3d340
3f08e
44564
3bcfc
44477
3cbae
40704
3c50f
4009d
3c510
4009e
3bf65
440ad
400a0
3d432
3ebd4
440ae
3bdee
44569
3be76
43fbe
40431
43fbf
3bf6a
45bcf
4309f
3bf6c
3d341
3be7c
3c331
4382e
3be7e
4447a
42a01
3be80
3c421
3ffaf
3be82
3d8ee
3f08f
42fae
3c424
3ffb2
40433
3c426
4cd3e
40706
3c428
42faf
3be89
42cd7
3be8a
4447d
3ffb9
3be8c
4cd41
3be8e
42fb2
4874a
42cd9
4cd42
42fb3
48c04
43ed0
3be92
4874e
4874f
3d345
43ed1
3cd96
3be96
3d617
4116c
3d348
3c6f9
40193
3be99
3fbe8
3cca7
3be9b
42a04
44483
40345
3c6fe
4125e
40437
3c700
3bea0
44295
3ccae
44484
3ccaf
40cb4
3bea4
44f85
3ccb2
48c0a
44297
3bea7
45ea8
3ccb5
3eae3
3fcdb
3beaa
3fa06
3f36b
3beac
3fa07
44571
4217e
4364e
3fcdf
4364f
3fce0
3beb1
43ed6
3fce2
3beb3
44299
3fce4
3fa0f
43190
4bf10
45623
3beb8
4429a
3fa13
48569
43fcb
3bebb
3bebc
42a0b
4819e
42731
4c799
42a0c
4ca68
43923
3bec0
481a2
481a3
42fb9
44610
44611
43edb
4043d
43fcc
3bec6
44703
43fce
3bec8
48c0e
43925
4ca6a
481a5
3becb
44613
43edd
3becd
48c10
43edf
42a14
48c11
43ee1
3bed1
44706
44488
43192
48290
43193
4856d
43fd0
4cd4b
45bd8
44da2
48c13
44da3
4c7a1
45bd9
3bedb
4cd4e
3bedd
4c7a3
4562c
4c7a4
4562d
481a8
4cd51
3bf6d
3c05a
440b1
42be4
440b2
40524
3bf71
43a17
45717
3d435
409de
3cbb2
3bf75
3fa16
43ee2
3f458
3c519
440b4
40525
3c51b
4c884
4281c
43ce8
400a9
43ce9
400aa
3bf7d
44578
400ac
3c521
4281e
43cea
3c523
43ceb
3c524
4457a
3c525
48cf7
430ac
3bf85
3c605
3fdcb
3bf87
3faf6
3cd97
40442
3c7ea
3dcb6
3f459
43ee3
3cd9a
3bf8c
40527
3cd9c
4392a
3c7ef
48cf8
40528
3c7f1
40da4
4052a
3cda1
3bf93
430ae
3bf94
3cda4
45076
4052c
4c88b
45078
3cda7
45f99
43b0a
4c88c
45f9b
3f45b
430af
3eeac
3bf9d
430b0
3f45e
4052e
3fafa
42afc
3bfa1
42821
3bfa2
43b0c
3fdd3
3bfa4
43b0d
3fdd5
3bfa6
4c2db
3bfa8
45168
3fb03
4c003
4355b
4865a
4438d
3bfac
4865c
4516d
42272
43742
3fdd9
43743
3fdda
43fdd
3fddb
4c2e0
42b01
3bfb3
40446
43fdf
40447
3bfb6
4470e
4319a
447f4
43b13
3bfb9
4571a
447f7
42548
4829c
42549
4c2e2
430b2
42b05
44710
43fe3
3bfc0
4c2e3
4829e
3bfc2
48575
4319b
3bfc4
4c890
44e92
4c004
4516f
4c2e5
4571d
43b17
3bfc9
48384
3bfca
48385
440bb
3bfcc
48d06
447fc
45721
3bfd0
48662
3bfd1
48663
48d09
482a1
3d06b
40615
3c14d
4355d
3c062
441a5
42cdb
3c064
3c607
40195
3c066
3d526
3ecc7
4319c
3c60a
40198
40349
3c60c
441a7
40619
3c60e
4319d
3c06d
42ebb
3c06e
440be
4019f
3c070
4c979
3c072
431a0
4892e
42ebd
4c97a
431a1
48de8
43b1b
3c076
48932
48933
3cf7d
43b1c
3c9ce
3c07a
3d7fb
40da5
3cf80
3c8dd
3fdde
3c07d
3f820
3ce8d
3c07f
42bea
440c4
40537
3c8e2
44489
4061c
3c8e4
3c084
4448a
3ce94
440c5
3ce95
408ee
3c088
44bbd
3ce98
48dee
4448c
3c08b
4608c
3ce9b
3e71b
3febf
3c08e
3fbec
3f54f
42bed
3fbed
441aa
42362
4383d
3fec3
4383e
3fec4
3c095
43b21
3fec6
3c097
4448e
3fec8
3fbf5
43374
4c0f4
4525b
3c09c
4448f
3fbf9
48753
43c07
3c09f
3c0a0
42bf1
48388
42915
4c3d1
42bf2
4cc4c
43560
3c0a4
4838c
4838d
431a7
447fe
447ff
43b26
40622
43c08
3c0aa
448e7
43c0a
3c0ac
48df2
43562
4cc4e
4838f
3c0af
44801
43b28
3c0b1
48df4
43b2a
42bfa
48df5
43b2c
3c0b5
448ea
440c9
43376
47ec8
43377
48757
43c0c
4c983
45810
44f8c
48df7
44f8d
4c3d9
45811
3c0bf
4c986
3c0c1
4c3db
45264
4c3dc
45265
48392
4c989
3c151
3c23e
4429d
42dcc
4429e
4070a
3c155
43658
458fb
3d06d
40bc2
3c9d0
3c159
3f913
4438e
3f63c
3c438
43566
40628
43c10
3c9d5
3c15e
409e0
3c9d7
3c160
48edb
409e1
3c43f
43c11
3c440
3cdaa
4034a
3c707
3fcef
3f63d
43841
3edbc
3c168
40cb7
3fcf3
3c16a
43cf0
3fcf5
43931
3c70e
43932
3c70f
442a2
43293
3c711
3c170
3c713
43933
3c172
43934
3c173
43c12
3c174
4847d
3c717
4ca72
3c177
3f72f
441b7
3d072
3c9dc
44cae
40712
4ca73
44cb0
3c9df
4617d
43cf2
4ca74
4617f
3f63f
43297
3f092
3c181
3f552
4356a
40714
3f734
42ce4
3c185
4245d
3c186
43c16
3ffc4
3c188
43cf5
3ffc6
3c18a
4c4bf
3c18c
4534c
3f73d
4c1e7
43747
48844
4458a
3c190
48846
45351
41eaa
43937
3ffca
43938
3ffcb
43c19
3ffcc
4c4c4
42ce9
3c197
4062b
43c1b
4062c
3c19a
448f2
4337e
449d8
43cfb
3c19d
458fe
449db
42734
47ed4
42735
4c4c6
4329a
42ced
448f4
43c1f
3c1a4
4c4c7
47ed6
3c1a6
4875f
4337f
3c1a8
4ca78
4507c
4c1e8
45353
4c4c9
45901
43cff
3c1ad
47fbc
3c1ae
47fbd
442a7
3c1b0
48eea
449e0
45905
3c1b4
4884c
3c1b5
4884d
48eed
47ed9
3d24f
4024e
3c337
43749
3c246
44391
42ebf
3c248
3c528
3cac4
40719
3c52a
3df8c
3f181
43c23
3cac7
3c24e
4071a
3cac9
3c250
40ad2
3cacb
3c531
43380
3c253
43662
3cace
3c255
43381
3c256
3d70b
3ce9d
4044a
3c7fa
3fde2
3c259
3f743
3fde4
40255
3c7fe
4cb5e
4053b
3c800
43383
3c25f
42b0b
3c260
442ac
3fdeb
3c262
4cb61
42b0c
442ae
4254d
48579
42dd2
4857a
42dd3
4cb63
442b0
3c80a
3cbb3
4071d
3c8e9
400af
40ad4
3c26c
44da7
3cad2
48a26
440cd
3c26f
45cc4
3cad5
3e8ff
400b0
3c272
3f824
3f643
42dd5
3f825
44396
41f9a
43a2b
400b4
43a2c
400b5
3c279
43d09
400b7
3c27b
440cf
400b9
3f82d
42fbd
4bd2c
4543f
3c280
440d0
3f831
48937
43ded
3c283
3c284
42dd9
47fc0
42551
4c5b5
42dda
4c898
4374c
3c288
47fc4
47fc5
43470
44aca
43def
3c28c
459f0
44acd
4071e
43d0d
4071f
3c290
449e4
4374e
4c89a
47fc7
3c293
449e5
43d10
3c295
48a2c
43d12
42de2
48a2d
43d14
3c299
44ace
43df1
4893a
44bc3
4bd2f
442b5
43df2
4cb6b
459f4
44bc4
48a2f
44bc5
4c5bd
459f5
3c2a3
4cb6e
3c2a5
4c5bf
45448
4c5c0
45449
47fca
4cb71
3c33b
3f915
4439a
3d252
3c61a
3cbb6
3c33f
3d528
4107b
3f275
3c61e
400c2
3c342
4034b
3cbbb
43753
3c621
48b12
4034c
3c623
441bc
4034e
3cbc0
3c349
43473
3c34a
3d7fd
3c9e3
4053c
3c8ec
3fed4
3c34d
3f835
3fed6
3c34f
43ee9
3fed8
3c351
42bfc
4439e
4263d
4cc51
43476
3c8f4
4cc52
44495
3fede
42bfe
443a1
4263f
4866b
42ec4
4866c
42ec5
4cc55
443a3
3c8fc
40351
45db2
43eea
3c35f
45db4
40bc7
48b19
44e9c
3c362
3c363
3f917
43755
3f27a
3f189
3f27c
3c367
43eec
401a7
42fc1
3f91b
42fc2
3f91c
43eed
42eca
3f91e
441c0
4393b
3f920
3c36f
3f922
48480
430b6
4c6a4
43ef1
3c373
45533
3f926
4c6a6
48485
42642
43dfe
4208f
480b3
42916
480b4
42917
4c98b
43e00
401b4
42ece
443a4
43758
40266
3c37f
43848
45ae0
44498
40357
4cc59
45ae3
42ecf
48940
4384a
4c98d
4384b
42ed0
3c387
443a6
42ed2
4cc5a
44ada
43e07
4cc5b
480bb
430b7
481aa
430b8
48487
43480
3c38f
48b20
44620
43ef9
48488
43efa
48489
44621
44622
4cc60
3c396
48b23
44cb8
48b24
44cb9
3c39a
4c6b3
48945
3c444
409e4
40722
43efb
3c538
46181
43669
3c53a
3d8f1
4062f
3c8ff
43576
3c44c
4449c
42fc8
3c44e
3c9e4
43578
3c450
43579
3c451
448fc
42cf3
448fd
42fca
491b1
3c455
3dbc5
41718
3d8f4
3ccbc
41260
4044c
3ccbe
42fcb
3c45a
42fcc
3c45b
409e8
3d25e
3c45d
40f8a
3d260
3ccc4
4044d
46450
41263
3c462
4553e
3d265
491b7
45540
3c465
3c466
3f837
43e0e
43fed
3c469
44717
3ffd3
45bde
4375b
4cd57
4471a
3ffd6
40637
43e0f
40638
3c470
444a3
4063a
3c472
4366a
46184
44595
40726
3c475
491ba
44cbd
409f1
3c478
444a4
3c479
48763
42fd1
3c47b
48764
42fd3
4cd5a
44bce
42fd5
3c47f
44cbf
44597
48854
4471d
4c4d3
4471e
48ef8
4471f
4cd5d
4618a
4459b
3c486
491c0
48767
45be6
4cd60
45be7
3c48b
4cd61
3c48d
491c3
3d529
40267
3c629
4375e
3c53e
440d4
431ac
3c540
3cad6
4366c
3c542
4366d
3c543
449ee
42de5
449ef
430be
492a3
3c547
3dcb7
4180b
3d9e6
3cdae
40da6
4053e
3cdb0
430bf
3c54c
430c0
3c54d
40ada
3d350
3c54f
4107c
3d352
3cdb6
4053f
46542
40da9
3c554
45630
3d357
492a9
45632
3c557
3c558
43671
3fa1b
43b33
3c55b
44809
400c5
45724
4384d
4c89d
4480c
400c8
4026a
43ff1
3c561
44dad
44dae
4072c
43f05
4072d
3c565
445a2
4072f
3c567
492ac
44daf
40ae3
3c56a
445a3
3c56b
4885b
430c5
3c56d
4885c
430c7
4c8a0
44cca
430c9
3c571
44db1
440dd
48946
4480f
4c5c5
44810
48a3e
44811
4c8a3
45cd0
440e1
3c578
492b2
4885f
4572c
4c8a6
4572d
3c57d
4c8a7
3c57f
492b5
3d61b
3c62e
3c71b
43850
3c630
441c8
432a0
3c632
3cbc8
43762
3c634
43763
3c635
44ae0
42ed7
44ae1
431b0
49395
3c639
3dda9
41351
3d52c
3cea0
431b1
3c63c
431b2
3c63d
40bcb
3d440
3c63f
40bcc
3d442
3c641
4116e
3d444
3cea8
4063d
46634
40e9c
3c646
45176
3d449
4939b
45178
3c649
3c64a
43767
3fb0d
43c27
3c64d
44901
401b7
45816
4393f
4c98f
44904
401ba
40272
43ff9
40273
3c654
440e8
40275
3c656
43852
45dbc
441cf
4035e
3c659
4939e
44ea1
40bd5
3c65c
440e9
3c65d
4894d
431b7
3c65f
4894e
431b9
4c992
44dbc
431bb
3c663
44ea3
441d1
4848c
44907
4c6b7
44908
48b30
44909
4c995
45dc2
441d5
3c66a
493a4
48951
4581e
4c998
4581f
3c66f
4c999
48b35
44ea7
3d70d
40451
3c80d
43942
3c722
442ba
43392
3c724
3c9ea
3e445
3c726
3de9c
3cf83
43854
3c9ed
43855
3c9ee
40f8c
40731
3c9f0
43b3c
40bd9
3c9f2
41534
40cc0
3cf8b
42a1e
444a9
40362
4462b
40363
3c733
43f09
3c734
4462e
3ccca
40732
46726
40f8f
3c738
45268
3cf8f
4948d
4526a
3c73b
3c73c
3fb0f
43b3e
43d19
3c73f
449f3
3fcfd
45908
43a31
4ca81
449f6
3fd00
40364
43b3f
40365
3c746
441dc
40367
3c748
43944
45eae
442c1
40456
3c74b
49490
44f93
40cc7
3c74e
441dd
3c74f
48493
432ab
3c751
48494
432ad
4ca84
44eae
432af
3c755
44f95
442c3
4857e
449f9
4c7a9
449fa
48c24
449fb
4ca87
45eb4
442c7
3c75c
49496
48497
45910
45639
49497
3c761
4ca8b
3c763
49499
3d7ff
40543
3c905
43a34
3c814
443ac
43484
3c816
3cadc
3e537
3c818
3df8e
3d075
3c81a
4107f
3d077
43946
3cae1
43947
3cae2
43c30
40805
3cae4
3c820
43c31
3d07d
42b10
445a8
4045a
44729
4045b
3c825
43ffd
3c826
4472c
3cdbc
40278
4626c
41081
3c82a
45360
3d081
48fd3
45362
3c82d
3c82e
3f745
43c32
43e14
3c831
44ae5
3fdef
459fa
43583
4cb73
44ae8
3fdf2
4045c
43c33
4045d
3c838
442ce
4045f
3c83a
43a36
45fa0
443b3
40548
3c83d
45fa3
45086
40cce
3c840
442cf
3c841
48585
4339d
3c843
48586
4339f
4cb76
44fa0
433a1
3c847
45087
443b5
48670
44aeb
4c2ef
44aec
48d16
44aed
4cb79
45fa6
443b9
3c84e
44a03
4cb7b
45a02
4517f
48fdd
3c853
4cb7d
3c855
48fdf
3d165
4080e
3cbcf
3e07e
40368
3cbd1
490be
40549
43d21
3d16a
443bb
3d16b
3c910
43d23
3d16d
3c912
490c1
3c914
431bc
4481a
43489
490c2
43a3c
3ceac
440ef
3cead
48e00
4481f
40900
3c91b
45451
3d172
46360
40902
3c91e
46362
3d175
3f746
3f839
3c922
444ad
3fee0
45aeb
43676
4c3de
44633
3c926
45aee
44635
40812
443be
40813
40550
4508e
43a40
40641
43e16
3c92d
44bd3
44bd4
40814
3c930
46095
44bd6
42ed8
44af0
42ed9
48b37
43587
3c935
45091
44af2
3c937
48679
443c4
3c939
4cc69
44636
4c3e0
4526d
4cc6a
4526e
490cc
4526f
3c93e
48e09
44bd9
4463a
48e0a
4463b
3c942
490cf
4867b
3c945
490d0
3c947
4cc70
3c9f6
40ccf
40737
43c36
3caea
4672d
43c37
3caec
3de9d
40644
3ceb1
43588
3c9fe
40ea0
43589
3ca00
3cf92
4385e
3ca02
4385f
3ca03
4358a
3ca04
44eb5
3cf96
4949c
3ca07
3e171
3d804
40ea1
3d26a
40ea2
3ca0a
40be4
3ca0b
40f93
3d808
3ca0d
40f94
3d80a
3ca0f
41536
3d80c
3d272
40739
4949d
45af7
3ca14
4180e
3d811
469ff
40f99
3ca17
3ca18
3fdf4
443cb
40ea5
45180
40ea6
40be7
49765
43591
491c4
44913
40650
4949f
43594
40652
49767
40f9a
45272
40cd3
3ca24
46732
43d28
4618e
44a05
48f02
44cd0
49768
46733
45276
3ca2a
494a4
46735
443cd
40f9d
3ca2e
44bdf
43596
3ca30
45279
44a07
48f05
44be0
3ca33
44a08
48f07
44a09
3ca36
48f08
4527a
46739
3caed
3cbda
41082
40816
445aa
4027e
3caf1
445ab
46275
40cd5
442d4
40461
44fa5
40743
44fa6
40744
4984f
43c3c
3d089
3d8f5
40f9e
3d35b
3e810
40745
43c3d
3d8f8
43c3e
3d8f9
3cafe
41353
3d8fb
3cb00
444c0
3d8fd
3cb02
49853
3cb04
45be8
3d901
48fe4
40aed
46af0
41355
3cb08
46af2
45bed
3ffd7
3cb0b
40281
43d2c
3cb0d
45365
4108e
3cb0f
44dc0
3cb10
45a05
40286
45cd6
40287
3cb13
48fe7
40cda
444c2
40cdb
40749
4527e
430cc
44cd4
43686
3cb19
44cd6
4074d
3cb1b
48fe9
45369
40cdd
3cb1e
4985c
4627c
445ae
492b7
444c4
43d2d
3cb23
45a07
3cb24
44a0f
4985e
45a08
44dc5
48fed
3cb29
49860
3cb2b
48fef
3dbc7
40370
3cccd
43860
3cbe2
41176
43861
3cbe4
3d176
43d2e
3d177
490d2
40552
43d2f
3d179
443d0
3d17a
490d4
3cbeb
3e355
418fd
3dad8
3d44e
41091
3cbee
4081f
3cbef
41177
3d9ec
3cbf1
41178
3d9ee
3cbf3
4171a
3d9f0
3d456
40373
490d5
4572f
3cbf8
41447
3d9f5
46be3
4117d
3cbfb
3cbfc
43d33
400ca
41094
4536e
41095
40822
49949
43777
493a8
44afd
40292
490d7
4377a
40294
4994b
4117e
45456
4090b
3cc08
4636a
43f0c
45dc6
4463d
48b3a
44eba
4994c
4636b
4545a
3cc0e
490dc
4636d
445b5
41181
3cc12
44dc9
4377c
3cc14
4545d
4463f
48b3d
44ebc
490de
44ebd
44b00
44dcb
3cc1a
48b40
4545e
46371
3ccd1
3cdbe
41266
409fe
441e4
40464
3ccd5
441e5
46459
3dbc9
4171b
3d52e
3ccd9
4090d
440f6
4037e
49a32
40cde
3cf9d
49a33
41184
3cf9f
49a34
4126b
3cfa1
3cce1
3d273
43e22
3d274
491c6
40653
43e23
3d276
444c6
3d277
491c8
3cce8
45820
3d539
491ca
40ce0
46cd4
4153b
3ccec
46cd6
45825
401bb
3ccef
40381
43e26
40382
3ccf2
43e27
40384
44642
40385
48c2a
44644
3ccf6
48c2b
45464
40467
43f10
3ccf9
45549
41272
3ccfb
44faa
3ccfc
45bef
4046c
45eba
4046d
3ccff
491cf
43e28
40a02
3cd02
49a40
46460
441e8
494ab
440fc
43f11
3cd07
45bf1
3cd08
491d2
44ec3
45bf2
49a43
45bf3
3cd0d
49a44
3cd0f
491d5
3ddab
40554
3ceb7
43a44
3cdc6
40dae
43a45
3cdc8
3d08a
3eae5
3cdca
3e53a
3d621
43956
3d08d
43957
3d08e
4162a
40825
3d090
441eb
40db1
3d092
3cdd2
441ec
3d629
40a05
4957c
43959
3cdd6
430ce
44cdc
430cf
492b9
43f16
3d36a
40557
492bb
45919
3cddc
4162c
3d62d
4681b
40db5
3cddf
3cde0
43f17
401be
41278
45552
41279
40a0a
49581
4395d
48ff0
44735
40478
492bd
43960
4047a
49583
40db6
4563a
40af3
3cdec
4654e
43b50
45faa
44821
48d1e
4509e
49584
4654f
4563e
3cdf2
492c2
46551
45640
4127a
3cdf6
44fb3
43962
3cdf8
45641
44823
48d21
44fb4
3cdfb
44824
48d23
44825
3cdfe
48d24
45642
46555
3cebb
3d17d
3e62b
3ddae
41357
3d714
43a48
3d180
43a49
3d181
4171c
40917
3d183
442dd
40dbd
3d185
41cc5
40eab
40295
44006
3d458
440fe
3d459
44007
3d45a
493ab
40af9
3cecb
3d71c
4690a
40656
49670
40ead
3cecf
45a0d
3d720
49672
4690f
43a4c
3fd04
40afa
442e0
40afb
40567
45646
43496
450a2
43a50
3ced9
450a4
4056b
3cedb
493b0
40bed
443d2
40658
4663f
4518c
4065a
45826
4065b
4609d
4491a
493b2
4518d
4065e
49677
45649
4518f
40dc0
3cee7
49679
44829
3cee9
45191
4400d
43c45
4609f
4482a
4967a
3ceee
460a0
3ceef
460a1
3cef1
493b8
3cef3
4967d
3cfa4
4127b
4065f
43c46
3d098
46cd9
4127d
3d09a
3e449
3cfaa
3d45f
4144b
3cfac
44100
40bf2
3cfae
3d53e
43871
3cfb0
43872
3cfb1
43b56
3cfb2
4546d
3d542
49a48
3cfb5
3d815
3eccb
3cfb7
3e720
3ddb2
4144e
3d818
4153f
40571
3d81a
43b59
3d81b
41db8
40fa6
3d81d
42366
41542
40ce5
49a49
460a3
3cfc2
41dba
3ddbd
46fab
41545
3cfc5
3cfc6
41451
3cfc7
49d11
44107
40bf8
45194
40ce7
441f3
40663
494ac
43c49
3cfcd
4573d
43b5d
3cfcf
45196
43b5f
49d13
4573f
43b61
3cfd3
4582e
41548
3cfd5
45286
3cfd6
45ebf
40cec
4673c
40ced
3cfd9
49a4f
44109
41280
3cfdc
49d17
45289
494b1
494b2
44ec9
4528a
49a53
4528b
45742
49a54
46ce4
494b5
3d187
4162e
3d09d
40dc2
4681e
43d39
3d18b
46820
3d0a1
41281
4555c
40a0d
4958c
41282
49dfa
43c4b
3d0a5
45560
45561
3d0a8
3e811
3dea3
4154a
3d909
41284
3d0ab
4154c
3dea6
3d0ad
41285
3d0ae
41632
3dea9
3d0b0
41bd4
3deab
3deac
4709a
4082c
49e00
41636
3d0b5
46197
3deb0
49e02
4709f
41286
45836
45837
43c4f
40753
43d3a
3d0bc
43c50
3d0bd
4528d
40756
46823
41639
4082f
49591
450a8
48d26
45379
3d0c3
45fb2
3d0c4
48ff4
46827
40cf5
3d0c7
441fc
40cf7
48ff5
44fbf
3d0ca
48ff6
4583c
40dc6
3d0cd
49597
46829
450ab
48d27
45290
3d0d1
450ac
48ff9
450ad
3d0d4
48ffa
45926
49e0d
3d18d
3d27a
41720
4091d
443d7
40298
3d191
41722
46913
40afe
442e9
40576
4564f
40835
45650
40836
49eed
442eb
3d727
3df93
4163c
3d9f9
3eeb0
40757
43d3e
3df96
3d19d
4163f
3df98
442ed
3df99
3d1a0
419f2
3df9b
3d1a2
49ef1
3d1a4
45cda
3df9f
49682
41197
4718e
419f4
3d1a8
47190
45cdf
40839
4537e
40921
443d9
4029b
490e4
43e2f
3d1ae
41640
3d1af
49ef5
442ef
40dcd
4083c
4592c
43d44
3d1b4
45381
4083f
3d1b6
49684
40eb7
3d1b8
46917
444c7
46372
44bef
490e7
45472
49ef9
46918
45a15
3d1be
49688
4691a
45a17
444c8
46375
44bf2
490ea
44bf3
3d1c4
4968b
45383
45931
3d1c8
45a19
49eff
3d280
40fa9
4038b
43f1e
3d36e
46a03
40fab
3d370
3dad9
3e175
41cc7
3dadb
3d288
40929
443db
4029e
3d549
49fde
4092a
49fdf
4128a
3d54c
49fe0
41817
3d54e
3d290
40ebb
4519a
40c00
49772
40ebc
49fe2
43e33
3d294
4519e
4519f
41819
3d297
4727f
3dae6
45dce
4128d
49fe5
45dd0
3dae9
402a0
43e34
402a1
3d29e
45a1c
43873
49a56
40fac
45b02
43874
49a57
444cc
4092f
3d2a4
443e2
40931
491d7
44bf7
3d2a7
491d8
45a20
40a14
46a08
45b05
40a16
4619a
40a17
46465
44ce2
4977a
45b06
40a1a
49fec
45a21
45b08
4181f
3d2b3
4619d
3d2b4
4977e
4547b
4619e
49fef
4619f
3d2b9
49ff0
3d2bb
49781
3e357
40b00
3d465
41359
3d374
445bc
40b02
3d376
3d636
3f093
3e268
41dbd
3dbcd
41821
3d639
41822
40393
3d63b
43f23
3d63c
41bd6
40dd1
3d63e
42182
4135e
3dbd5
40cfb
444cf
4075e
45293
40a1d
45294
40a1e
49b29
444d1
3d916
40b03
49867
45ec5
3d38a
41bd8
3dbd9
46dc7
41361
3d38d
3d38e
41824
3d38f
49b2d
444d3
40a20
45568
40b05
445bd
40481
492c8
44013
3d395
45b0f
43f29
3d397
4556a
43f2b
49b2f
45b11
43f2d
3d39b
45bf6
41364
3d39d
45654
3d39e
45ce1
40b0a
46558
40b0b
3d3a1
4986d
444d5
410a0
3d3a4
49b33
45657
492cd
492ce
44ceb
45658
49871
45659
45b14
49872
46b00
492d1
3d728
3dcbe
41366
3d72a
3ebda
40483
44014
3dcc1
3d46e
41369
3dcc3
445c0
3dcc4
3d471
41cc9
3dcc6
3d473
49c19
40841
445c1
402a4
45385
40b0f
45386
40b10
49c1b
445c3
3da08
40c01
49959
45fb7
3d47c
41cca
3dccb
46eb9
4145a
3d47f
3d480
4136a
3d481
49c1f
445c5
40b12
4565a
40c03
4410c
40579
493ba
43b65
3d487
45c01
4401b
3d489
4565c
4401d
49c21
45c03
4401f
3d48d
45746
4145d
3d48f
451a0
3d490
45dd3
40c08
4664a
40c09
3d493
4995f
445c7
4119b
3d496
49c25
451a3
493bf
493c0
44ddd
451a4
49963
451a5
4574c
49c28
3d49e
493c3
3d641
3eaea
3d551
4128f
47284
40c0c
3d645
47286
3d555
3da0a
419f6
40b19
4410e
402a6
3d559
419f8
47195
40935
443e4
402a8
45a25
402a9
3d55e
43e3d
3d55f
45a28
3daef
3e35b
419f9
3ddc1
3f27e
402aa
419fa
3e35e
44113
3e35f
3d566
419fc
3e361
3d568
42369
3e363
3d56a
4a2b9
3d56c
4664e
3e367
49ff6
41553
47556
4236b
3d570
47558
46653
40b1e
44114
40b1f
402ae
45ce8
4173f
40399
41af2
3d577
45dd9
41294
46ce6
4556f
491e1
419fe
40c0f
4547c
40c10
49a59
41740
411a7
49a5a
4547f
3d580
49a5b
45ced
41295
4728a
45ddb
41297
46ce8
45571
49ffb
45ddc
4129a
4a2c2
4728e
45ddf
45480
4a2c4
3d58c
46cea
3d58d
46ceb
45cef
3d590
45de1
4a2c7
3d648
4136d
4048b
41bdb
3d736
46dcb
4136f
3d738
4039b
43f2e
3dbdd
44204
3dbde
49b38
40fb9
49b39
44205
3d652
3deb2
3e44e
41af6
3deb4
3f370
4039e
41af7
3e451
44207
3e452
3d659
41af9
3e454
3d65b
41eaf
3e456
3d65d
4a3ab
41be1
3d65f
47647
3e45a
46742
41646
4a3ad
46744
3e45d
403a0
41afa
403a1
3d666
4420a
403a3
3d668
41370
46dce
442f5
4057b
4655c
4057c
4682d
40c16
3d66d
4420b
3d66e
45847
40ddb
46dd0
45ecd
40ddd
4682e
45663
49b3f
45ece
40de0
4a3b2
41afc
4420c
3d677
45849
412a5
3d679
49b42
45ed0
41be7
3d67c
49b44
4584b
46560
45937
49b45
3d681
4a3b8
3d683
49b47
3e721
40ec8
3d827
41460
3d73c
443e7
40eca
3d73e
3dcce
41373
3d740
41374
3d741
45c0a
40b22
45c0b
40de2
4a499
3d745
3eeb1
3e540
41be8
3dfa6
40de3
3d748
40de4
3d749
41bea
3e544
3d74b
41cd0
3e546
3d74d
42276
3e548
3dfae
40ecb
49c2d
46287
3d752
41fa3
3e54d
4773b
41cd5
3d755
3d756
41378
3d757
45ed5
41379
3d759
49c2f
40ecd
45fbc
40846
3d75c
45a2a
3d75d
46655
3d75e
442fd
3d75f
45939
40d08
3d761
45ed9
45668
40dea
49c30
44300
40dec
4a4a4
41cd7
40ed0
49c32
45a2c
3d769
46657
3d76a
49695
46ec5
41464
3d76d
4a4a7
46658
45a2f
49c36
4593c
49697
45edc
49c38
46ec8
49699
3d917
3e814
3d82d
40fbb
46fae
40938
3d91b
46fb0
3d831
3efa3
42553
3e724
3daf2
40ed5
3d834
40ed6
3d835
41cdc
3e08a
3d837
41dc2
3e08c
3d839
4236c
3e08e
3dafa
40583
43b68
3ddcc
443ec
3ddcd
49d1e
411ac
49d1f
443ed
3d841
3e090
4782a
40fbe
4a590
41dc6
3d845
4637b
3e094
4a592
4782f
40ed9
45fc6
443ef
40eda
4a593
45fc9
40939
444da
40672
46fb3
45298
494b6
45b1d
49782
45fca
40edb
45a30
43e3f
4a003
41ce0
443f2
3d855
45a33
40edf
3d857
49d25
41559
3d859
46fb5
4529a
49786
45b1f
4a597
46fb6
460b3
3d85e
49d29
46fb9
45a34
3d861
4529c
49789
4529d
3d864
4978a
460b6
46fbb
3d91d
41647
3e906
40a29
445ca
40762
3d921
41906
470a3
3e815
4236d
3e178
3d925
4093d
444dc
40674
4a0d0
4093e
3dbe7
4a0d1
4137c
3dbe9
4a0d2
41909
3dbeb
3d92d
3debd
4155d
3d92f
4155e
3d930
4584e
40d0a
4584f
40fca
4a0d5
3d934
46470
3e183
49e14
4137e
47372
42189
3d938
47374
46475
410b1
46b02
4538b
48ffd
40940
444e0
40941
4067a
460ba
41562
40763
4190e
3d941
461a1
41dd1
40a2d
4529e
40a2e
49875
41563
40fcf
49876
452a1
3d948
49877
460bf
410b3
470a6
461a3
410b5
46b04
4538d
49e19
461a4
410b8
4a0de
470aa
461a7
452a2
4a0e0
3d954
46b06
3d955
46b07
460c1
3d958
49e1f
470ad
3e907
41eb3
3e26a
3da17
40a2f
445ce
40766
4a1c2
40a30
3dcd9
4a1c3
4146e
3dcdb
4a1c4
41a02
3dcdd
3da1f
3dfaf
4164f
3da21
41650
3da22
45940
40850
45941
410bc
4a1c7
3da26
46562
3e275
49f06
41470
47464
4227b
3da2a
47466
46567
40b23
4411e
402b3
47197
45482
490ee
4575b
49966
410bd
461aa
445d3
410be
4a1cb
461ad
41917
40b25
45390
40b26
49967
41655
410c1
49968
45393
3da3a
49969
461b1
411b1
47198
45cf3
411b3
46bf6
45485
49f0b
45cf4
411b6
4a1d0
4719c
45cf7
45394
4a1d2
3da46
46bf8
3da47
46bf9
3da49
49f10
3da4b
4a1d5
3dafc
41dd3
403a6
41dd4
3dbf0
47831
41dd5
3dbf2
3efa5
41748
3dfb7
41749
3db04
410c6
4174a
3db06
3e096
41ce4
3e097
4a59e
4058a
41ce5
3e099
443f7
3e09a
4a5a0
3db0d
3e36d
3f83a
3efa8
42554
3e90c
4174d
3e370
4174e
3e371
4209b
410c9
3e373
4291c
41afe
3e375
42eda
4209e
4183d
4a5a1
46bfb
3db1a
4291e
3e917
47b03
420a1
3db1d
3db1e
4174f
3db1f
46293
41750
3db21
44120
3db22
45cfb
41753
4a86a
46295
41755
3db26
4183f
47834
411bb
4085b
3db29
45dec
3db2a
46a17
3db2b
4a86c
45a39
3db2d
46299
420a3
41842
4a5a6
45dee
3db31
46a19
3db32
4a009
47839
41dd8
3db35
4a86f
3db37
4a5aa
45df0
45b2d
4a00b
4629a
4a5ac
4783c
4a00d
3dcdf
3ebde
3dbf5
412a9
47376
40a38
3dce3
47378
3dbf9
41847
3dbfa
460c3
3e18a
41564
3dbfc
41565
3dbfd
460c6
460c7
3dc00
3f371
3e9fd
420a6
3e461
411bd
3dc03
4094b
3dc04
420a8
3ea01
3dc06
4218e
3ea03
3dc08
42738
3ea05
3ea06
47bf2
41384
4a958
42192
3dc0d
46cef
3ea0a
4a95a
47bf7
411c0
4638e
411c1
4094e
4a95b
4184d
4a3ba
45b2f
403b3
4a0e9
41850
403b5
4a95d
412ac
46476
40a3a
3dc1a
4a0eb
45c1a
4987e
45edf
49b4c
46394
44213
4a3bb
42195
41388
4a0ec
45ee0
3dc22
46b0b
3dc23
49b4f
4737f
41852
3dc26
4a0ef
47381
45df6
3dc29
45c1e
49b51
45c1f
3dc2c
49b52
4647e
47383
3dce5
3ddd2
4227c
40b29
4227d
4058d
3dce9
4227e
4746b
40a3b
4aa44
4138e
3dced
410cd
461b6
410ce
4a1d7
41921
3e27f
3eaed
3dcf2
3f464
42a21
4049e
41922
3eaf0
41923
3eaf1
3dcf6
4219b
3eaf3
3dcf8
42556
3eaf5
3dcfa
4aa49
3dcfc
46832
3eaf9
4a1da
41cef
47ce6
42558
3dd00
47ce8
46837
40a40
4219c
40a41
404a2
46482
40df1
45ee4
41394
3dd07
45ee6
404a6
3dd09
4a1dc
40b2b
42286
4058f
4746d
46485
4147a
46eca
45761
49971
44305
4a4ad
46486
41927
4147b
4746e
4656b
4147d
46ecc
45763
4a1df
4656c
41480
4aa52
47472
4656f
45764
49c42
45765
3dd1c
45c25
4aa55
46489
3dd20
46571
4aa57
3ddd8
41b01
4067e
41b02
3dec6
4755b
41b03
3dec8
3e633
3ecd1
4282b
3e635
3dde0
40b2d
4228b
40591
4ab36
40df6
3e0a2
4ab37
41de2
3e0a4
4ab38
42373
3e0a6
3dde8
411c3
45d00
411c4
4a2ca
40b30
4ab3a
41484
3ddec
45d04
45d05
42375
3ddef
47dd7
3e640
46926
41de5
4ab3d
46928
3e643
40594
41a16
40595
3ddf6
41a17
40597
45766
40598
49d2e
45768
3ddfa
49d2f
46576
40680
41b04
3ddfd
4665b
41a18
40d0b
46cf2
40d0c
46fbd
40dfa
3de02
45fdf
4148c
3de04
4665c
4237a
3de06
46cf4
41570
46fbf
41571
3de09
4a2d4
46660
4237b
3de0c
4576b
4ab46
46cf6
460cd
4a2d7
3de11
4ab48
3de13
4a2d9
3eeb3
41658
3dfbd
41659
3decc
40fd6
4165a
3dece
3e18e
3fc02
3edc4
42921
3e727
41573
3e191
41574
3e192
4237e
40eeb
3e194
4273a
41929
3e196
42cf6
41eba
3e72f
40c21
44214
403b7
45df9
40684
45dfa
40685
4a681
41b0b
3e46e
4165b
4a3bf
46a1d
3dee2
4273c
3e733
4791f
41ebd
3dee5
3dee6
41577
3dee7
46665
41578
3dee9
444ea
3deea
460cf
4157b
4a686
46667
4157d
3deee
4165d
47650
40fd9
4085c
46838
4085d
470af
40c27
3def3
4a688
4585b
3def5
4666b
41ebf
41660
4a3c4
461bc
3def9
4683b
3defa
49e25
47655
41bf8
3defd
4a68b
3deff
4a3c8
461be
4a3c9
461bf
4666c
4a3ca
47658
49e29
3e280
3e818
41ec2
3e282
3f749
40774
41bf9
3e81b
41bfa
3e81c
3dfc7
41ec5
3e81e
3dfc9
4282d
3e820
3dfcb
4a771
40d13
44306
404a9
45eeb
40776
45eec
40777
4a773
41bfd
3e560
41759
4a4b1
46b0f
3dfd4
4282e
3e825
47a11
41fb6
3dfd7
3dfd8
4175b
47742
410d0
40778
41bfe
40779
3dfdc
41bff
4077b
4594a
4077c
49f12
4594c
3dfe0
49f13
4675a
40950
4692a
40951
471a1
40d19
3dfe5
4a77a
4594d
3dfe7
4675d
41fb8
4175e
4a4b6
45d08
3dfeb
4692d
3dfec
49f17
47747
41cf3
3dfef
4a77d
49f18
4594f
45d0a
4a4bb
45d0b
462a4
4774b
3dff6
49f1b
3e199
3f64a
3e0a9
41763
47ddc
40ef0
3e19d
47dde
3e0ad
3e562
4255a
40dfd
4255b
40861
3e0b1
4255c
47ced
40b36
42294
4059d
4657d
40862
4657e
40863
4ae0d
42296
3e649
3eeb7
3e0ba
3f83d
433a6
40864
42297
3eeba
42298
3eebb
3e0be
42560
3eebd
3e0c0
42edd
3eebf
3e0c2
4ae11
3e0c4
471a6
3eec3
4ab4e
420af
480c0
42edf
3e0c8
480c2
471ab
40866
462a6
41766
4a875
41676
4683e
41677
40e06
4ae15
45fe4
4086b
4ab4f
41d00
4086d
4ae17
41767
46930
40ef2
3e0d5
4ab51
460d4
49d38
46399
4a5b3
46844
4229c
41ded
47de2
46933
41def
47840
460d7
4ab53
46934
41df2
4ae1a
47de6
46937
45fe6
4ae1c
3e0e4
47842
3e0e5
47843
46847
3e0e8
46939
4ae1f
3e1a0
41ec9
40a44
41eca
3e28e
47923
41ecb
3e290
4068e
41b10
3e737
41b11
3e738
4238a
3e739
4a691
40ef5
3e1aa
3ea0c
3fee9
3e1ac
3f92f
3efab
41df5
3ea0f
41df6
3ea10
42741
4176b
3ea12
42a22
421a0
3ea14
42fde
42744
3efb3
42745
3e1b7
481b1
3efb6
4729a
421a2
4af05
4729c
3efb9
403b8
460da
403b9
4a0f6
40ef8
4265e
40ef9
4095d
4693c
41dfa
3e1c2
463a1
40960
3e1c4
4a696
40fe5
42748
40a47
47927
4693f
41932
47384
461c7
49e2b
4265f
41933
47928
46a25
41935
47386
461c9
4a699
46a26
41938
4af0c
42660
46a28
4274b
3e1d4
4a69c
463a3
470b8
4af0f
470b9
3e1d9
4af10
3e1db
4a69f
3f281
41a20
3e37f
41a21
3e294
4139c
41a22
3e296
3e828
41679
3e298
4167a
3e299
41939
3e29a
46763
3e82c
4a784
3e29d
3fa20
42fdf
3f192
3eb00
4185b
3e2a0
40feb
3e2a1
4274e
3f0a0
3e2a3
42834
3f0a2
3e2a5
42dea
3f0a4
3eb08
41a23
4a785
46ddf
3e2aa
42b17
3f0a9
482a5
42839
3e2ad
3e2ae
4193d
3e2af
46491
40a4d
41ed4
40a4e
3e2b2
41ed5
40a50
4a1e9
461cf
3e2b5
4a1ea
46a30
40b3a
41fbe
3e2b8
46b15
41ed6
411c5
471ac
411c6
47477
41860
3e2bd
46a33
4283b
41a28
4a78a
46584
3e2c1
471af
3e2c2
4a1ed
47a1d
41fc0
3e2c5
4afff
471b0
4b000
471b1
46494
3e2c9
46a34
4a790
47a20
4a1f1
3e46f
3f374
3e385
4148f
47b06
411c8
3e473
47b08
3e389
3fb12
430d1
3f284
3e64c
413a1
3e38c
410da
3e38d
42840
3ebe6
3e38f
42926
3ebe8
3e391
42ee0
3ebea
3e654
402c8
41d03
3e926
41d04
3e927
41fc4
3e928
4a877
410dd
3e399
3ebec
48394
41b16
4b0e8
4292a
3e39d
46ed3
3ebf0
4b0ea
48399
41491
4ab5a
45d13
3e3a2
41a32
3e3a3
46b1f
41a33
3e3a5
4658a
41a35
4b0ec
46b21
41a37
3e3a9
41b17
47b0a
41494
410e1
3e3ac
46674
3e3ad
4729f
3e3ae
4b0ee
42844
420b5
3e3b1
47b0d
45e00
4a2de
46677
4b0ef
47b0e
46c0b
3e3b6
4a881
47b11
4658c
3e3b9
45e02
4a2e1
45e03
3e3bc
4a2e2
46c0e
47b13
3e475
3e568
42468
412b9
42469
40d1d
3e479
4246a
47bfb
3f375
42ee1
3ecd4
3e47d
411cb
42931
40c2f
4ac28
41496
3e741
4ac29
41ed8
3e743
4ac2a
4246d
3e745
3e485
3ea17
41861
3e487
41862
3e488
41b21
3e489
463a7
3ea1b
4a96a
3e48c
46fc8
3ecdf
4a96c
41eda
47edc
42cfd
3e490
47ede
46fcd
40c32
4667a
41584
4a6a1
41498
46c10
41499
411d2
4ac31
45e06
40c37
4a96d
41b28
40c39
4ac33
41585
46cf8
412bc
3e49d
46766
3e49e
46de5
3e49f
4a96f
46c16
420bf
41c0b
47bfe
46cfb
41c0d
4765c
45ef3
4a971
46cfc
41c10
4ac36
47c02
46cff
45e08
4667f
3e4ac
4765e
46de9
4ac39
46c19
3e4b0
46d01
4ac3b
3e56e
3f74a
432b5
3f468
3e831
41587
3e571
412be
3e572
42478
3edcb
3e574
42565
3edcd
3e576
42b19
3edcf
3eb09
413a7
3e579
413a8
3e57a
41c13
3e57b
46499
3eb0d
4aa5c
3e57e
470ba
3edd1
4aa5e
41fcc
47fce
42def
3e582
47fd0
470bf
40d24
4676c
4167c
4a793
4167d
46848
40e0b
3e588
41c16
3e589
46d03
41c17
3e58b
4676e
41c19
4ad24
46d05
41c1b
3e58f
462b2
3e590
46ed7
3e591
4aa61
46d08
421b1
41d09
47cf0
4684b
41d0b
4774e
45feb
4aa63
4684c
41d0e
4ad28
47cf4
4684f
45efa
4ad2a
3e59e
47750
3e59f
47751
3e5a1
4aa68
3e5a3
4ad2d
3e656
42937
40efe
42938
3e74a
4839b
42939
3e74c
3fb14
422a4
3eb11
422a5
3e65e
41c1e
422a6
3e660
3ebf2
41a39
3e662
41a3a
3e663
422a7
3e664
46b2b
3ebf6
4b0f8
3e667
413ae
42b1d
40e11
4b3ba
41c20
3eecb
4b3bb
42661
3eecd
4b3bc
42c11
3eecf
3e66f
3f472
4867c
4239a
4b3be
42c14
3e673
47755
3f476
4b3c0
48681
41d11
4ae20
4658f
3e678
422ac
3e679
46deb
422ad
3e67b
46854
422af
4b3c2
46ded
422b1
3e67f
4239b
4839e
41d14
413b3
3e682
46944
3e683
4756f
3e684
4b3c4
42b22
4293b
3e687
483a1
46682
4ab60
46947
4b3c5
483a2
46ee1
3e68c
4b101
483a5
46856
4ab62
46684
3e691
47def
3e692
4ab64
46ee4
483a7
3e74d
3e83a
42cfe
4158f
42cff
40ff1
3e751
42d00
47ee3
411d4
4293d
40c3b
46c1b
40f02
46c1c
40f03
4b4ab
4293f
3ece9
3f55b
423a5
3efbb
423a6
3efbc
42d01
41d17
3efbe
42fe0
42754
3efc0
4359f
42d04
3f563
42d05
3e763
4876f
3f566
47846
42756
4b4b1
47848
3f569
40964
46686
40965
4a6a2
414a4
42c1d
414a5
40f09
46ee8
423aa
3e76e
4694d
40f0c
3e770
4ac42
41591
42d08
40ff3
47ee5
46eeb
41ee2
47930
46773
4a3d7
42c1e
41ee3
47ee6
46fd1
41ee5
47932
46775
4ac45
46fd2
41ee8
4b4b8
42c1f
46fd4
42d0b
3e780
4ac48
4694f
47664
4b4bb
47665
3e785
4b4bc
3e787
4ac4b
3f83e
41fd0
3e92d
41fd1
3e842
41948
41fd2
3e844
3edd6
41c25
3e846
41c26
3e847
41ee9
3e848
46d0f
3edda
4ad30
3e84b
41596
42d0c
40ff7
4b59e
41e08
3f0af
4b59f
42851
3f0b1
4b5a0
42df5
3f0b3
3e853
3f656
48860
41fd4
4b5a2
42df8
3e857
4738d
3f65a
4b5a4
48865
41949
4b004
46779
3e85c
41eee
3e85d
46fd9
41eef
3e85f
46a3e
41ef1
4b5a6
46fdb
41ef3
3e863
41fd5
47fd6
4194c
4159b
3e866
46b2e
3e867
47759
3e868
4b5a8
42d11
42573
3e86b
47fd9
462ba
4a798
46b31
4b5a9
47fda
470c5
3e870
4ad39
47fdd
46b32
462bd
4a79a
4677c
46a41
3e876
4a79c
470c8
47fdf
3e931
3ea1e
42ee2
41773
42ee3
411d7
3e935
42ee4
480c7
410e8
42575
3f194
42576
3f195
3e93a
42e00
3f197
3e93c
431c6
3f199
3e93e
4b691
3e940
41687
46858
40e1b
4ae22
41688
4b692
41fe0
3e944
4685c
4685d
42ee9
3e947
48953
3f19e
4747e
42949
4b695
47480
3f1a1
40b4a
462be
40b4b
4a886
4168a
42e01
4168b
410ef
470cc
41fe4
3e952
46b37
410f2
3e954
4ae28
41775
42eec
411d9
480c9
470cf
420c8
47b14
463ab
4a5bb
42e02
41fe8
3e95c
471b4
42eee
3e95e
4784c
420cc
47b17
420cd
3e961
4ae2c
471b8
42eef
3e964
462c3
4b69e
4784e
46c25
4ae2f
3e969
4b6a0
3e96b
4ae31
3fa22
421b4
3eb17
421b5
3ea26
41b2e
421b6
3ea28
3ecea
41a41
3ea2a
41778
3ea2b
42a2b
3f288
3ea2d
42a2c
3f28a
3ea2f
42fe4
3f28c
3ecf2
40966
423af
3efc4
423b0
3efc5
4266e
3efc6
4af15
4177b
3ea37
3f28e
48498
421b8
4b1da
42a30
3ea3b
47577
3f292
4b1dc
4849d
41b2f
4ac4c
463b1
3ea40
420d4
3ea41
471bd
420d5
3ea43
46c28
420d7
4b1de
471bf
420d9
3ea47
421b9
481ba
41b32
413b4
47390
413b5
47c07
4177f
3ea4c
4b1e0
42ef5
4275b
3ea4f
481bd
4649e
4a97c
46d15
4b1e1
481be
472a9
3ea54
4af1f
481c1
46c2a
4a97e
464a0
3ea59
47c0b
3ea5a
4a980
472ac
481c3
3eb1b
41869
42a36
412cd
4b2c6
41b34
3eddf
4b2c7
4257e
3ede1
4b2c8
42b25
3ede3
3eb23
3f0b5
41953
3eb25
41954
3eb26
421c3
3eb27
46a45
3f0b9
4b008
3eb2a
47666
3f381
4b00a
42580
4858c
433ac
3eb2e
4858e
4766b
412d0
46d18
41c28
4ad3f
41c29
46df4
413b7
3eb34
421c6
3eb35
472af
421c7
3eb37
46d1a
421c9
4b2d0
472b1
421cb
3eb3b
4685e
3eb3c
47483
3eb3d
4b00d
472b4
42765
422b9
482ae
46df7
422bb
47cfa
46597
4b00f
46df8
422be
4b2d4
482b2
46dfb
464a6
4b2d6
3eb4a
47cfc
3eb4b
47cfd
3eb4d
4b014
3eb4f
4b2d9
3ec02
42ef6
414aa
42ef7
3ecf6
48959
42ef8
3ecf8
400cf
42858
3f0bd
42859
3ec0a
421ce
4285a
3ec0c
3f1a2
41fe9
3ec0e
41fea
3ec0f
4285b
3ec10
470d7
3f1a6
4b6a4
3ec13
4195a
430da
413bd
4b966
421d0
3f47b
4b967
42c20
3f47d
4b968
431ce
3f47f
3ec1b
3fa2d
47cfe
4294e
4b96a
431d1
3ec1f
4482f
3fa31
4b96c
47d03
422c1
4b3cc
46b3b
3ec24
42860
3ec25
47397
42861
3ec27
46e00
42863
4b96e
47399
42865
3ec2b
4294f
4895c
422c4
4195f
3ec2e
46ef0
3ec2f
47b1b
3ec30
4b970
430df
42efa
3ec33
4895f
46c2e
4b10c
46ef3
4b971
48960
4748d
3ec38
4b6ad
48963
46e02
3ec3b
46c30
4b10f
46c31
3ec3e
4b110
47490
48965
3ecf9
3ede6
432bb
41b3b
432bc
4159d
3ecfd
432bd
484a1
41780
42efc
411e7
471c7
414ae
471c8
414af
4ba57
42efe
3f299
3fb16
42959
3f56b
4295a
3f56c
432be
422c7
3f56e
435a0
42d13
3f570
43b6a
432c1
3fb1e
432c2
3ed0f
47df1
3fb21
44920
42d15
4ba5d
44922
3fb24
40f10
46c32
40f11
4ac4e
41a50
431da
41a51
414b5
47494
4295e
3ed1a
46ef9
414b8
3ed1c
4b1ee
41b3d
432c5
4159f
484a3
47497
42496
47eee
46d1f
4a983
431db
42497
484a4
4757d
42499
47ef0
46d21
4b1f1
4757e
4249c
4ba64
431dc
47580
432c8
3ed2c
4b1f4
46efb
47c10
4ba67
47c11
3ed31
4ba68
3ed33
4b1f7
3fdf9
42584
3eed9
42585
3edee
41ef8
42586
3edf0
3f386
421d5
3edf2
421d6
3edf3
4249d
3edf4
472bb
3f38a
4b2dc
3edf7
41b42
432c9
415a3
4bb4a
423b8
3f65f
4bb4b
42e10
3f661
4bb4c
433b2
3f663
3edff
3fc11
47936
42588
4bb4e
433b5
3ee03
44a13
3fc15
4bb50
4793b
41ef9
4b5b0
46d25
3ee08
424a2
3ee09
47585
424a3
3ee0b
46fea
424a5
4bb52
47587
424a7
3ee0f
42589
48594
41efc
41b47
3ee12
470da
3ee13
47d05
3ee14
4bb54
432ce
42b32
3ee17
48597
46866
4ad44
470dd
4bb55
48598
47671
3ee1c
4b2e5
4859b
470de
46869
4ad46
46d28
46fed
3ee22
4ad48
47674
4859d
3eedd
3efca
4349f
41d1f
434a0
41783
3eee1
434a1
48685
41694
42b34
3f74f
42b35
3f750
3eee6
433bd
3f752
3eee8
43786
3f754
3eeea
4bc3d
3eeec
41c33
46e04
413c7
4b3ce
41c34
4bc3e
42594
3eef0
46e08
46e09
434a6
3eef3
47a29
3f759
44b04
42f08
4bc41
44b06
3f75c
410f6
4686a
410f7
4ae32
41c36
433be
41c37
4169b
47678
42598
3eefe
470e3
4169e
3ef00
4b3d4
41d21
434a9
41785
48687
4767b
4267c
480d2
46957
4ab67
433bf
4259c
3ef08
47760
434ab
3ef0a
47df8
42680
480d5
42681
3ef0d
4b3d8
47764
434ac
3ef10
4b3da
470e5
47dfa
4bc4b
47dfb
3ef15
4bc4c
3ef17
4b3dd
3ffdd
42768
3f0c3
42769
3efd2
420de
4276a
3efd4
3f29a
3f841
42683
3f29c
42684
3f29d
434ae
41ff3
3f29f
43877
42a4c
3f2a1
43e40
42feb
40f12
42963
3f574
42964
3f575
42c2d
3f576
4b4c1
41d27
3efe3
3f849
47b20
4276c
4b786
42fed
3efe7
4464b
3f84d
4b788
47b25
420df
4b1f8
4695d
3efec
42688
3efed
47769
42689
3efef
471d4
4268b
4b78a
4776b
4268d
3eff3
4276d
48778
420e2
41960
4793c
41961
481c5
41d2b
3eff8
4b78c
434b2
42d1a
3effb
4877b
46a4a
4af28
472c1
4b78d
4877c
47855
3f000
4b4cb
4877f
471d6
3f003
46a4c
4af2b
46a4d
3f006
4af2c
47858
48781
3f0c7
3f38d
420e3
3f0c9
41e16
3f0ca
42ff4
3f936
3f0cc
430e1
3f938
3f0ce
43696
3f93a
3f665
41f03
3f0d1
41f04
3f0d2
42777
3f0d3
46ff1
3f669
4b5b4
3f0d6
4473a
3f93c
4b5b6
42b3f
47c14
4396c
3f0da
47c16
4473f
4187c
472c4
421d8
4b2eb
421d9
473a0
41963
3f0e0
4277a
3f0e1
4785b
4277b
3f0e3
472c6
4277d
4b87c
4785d
4277f
3f0e7
46e0a
3f0e8
47a2f
3f0e9
4b5b9
47860
42d24
4286d
4886c
473a3
4286f
482b8
46b43
4b5bb
473a4
42872
4b880
48870
473a7
46a52
4b882
3f0f6
482ba
3f0f7
482bb
3f0f9
4b5c0
3f0fb
4b885
41ff7
43789
41a57
3f1b3
4378a
44b0b
41f05
43697
41965
3f1b7
43698
44a19
41c3a
433c3
416a1
47681
41966
47682
41967
4bf15
433c5
3f762
3ffdf
42e1b
3fa34
42e1c
3fa35
4378b
42785
3fa37
44025
431de
3fa39
445de
4378e
3ffe7
4378f
3f1c9
482bd
3ffea
44de0
431e0
4bf1b
44de2
3ffed
413ca
470e6
413cb
4b6b4
41f0c
4369c
41f0d
4196d
47944
42e20
3f1d4
473ad
41970
3f1d6
4bc54
41ff9
43792
41a59
47a35
47947
42f0e
48966
471d9
4ae3d
4369d
42e24
3f1de
44b0e
43794
3f1e0
4b6b8
47a39
42f13
48968
471db
4bc58
44b12
43795
3f1e6
44b15
4bf24
4b6bb
470eb
474a0
4bc5c
474a1
4794a
4bc5d
41b48
42ff9
3f396
4464f
42ffa
3f398
41792
42c33
3f850
42c34
3f851
434b9
3f852
4b795
41ffd
3f2b0
3fb25
400d2
42f17
3fb27
42f18
3fb28
4387d
4287b
3fb2a
43b6b
432d0
3fb2c
44124
43880
42a51
4b797
44ed1
3f2bc
43b6d
400dd
483b1
43883
3f2bf
3f2c0
42f19
3f2c1
474a3
41a5f
434bd
41a60
3f2c4
434be
41a62
4b1fb
471e1
3f2c7
4b1fc
47a42
41b4a
42ffb
3f2ca
44653
434bf
421db
481ca
421dc
484ad
4287e
3f2cf
44654
43886
3f2d1
4b1fe
47b2b
42a59
484ae
472cd
4b79e
434c0
42ffd
3f2d7
4c015
4b200
4465b
474a6
3f2db
472ce
4b202
472cf
3f2de
4b203
3f487
42b43
3f39a
424ac
42b44
3f39c
3f941
42789
3f39e
4278a
3f39f
42a5b
3f3a0
47867
3f945
4b888
3f3a3
420f2
43888
41b4f
4c0fa
4296c
3fc1a
4c0fb
433cc
3fc1c
4c0fc
43971
3fc1e
3f3ab
401cc
47ef4
42b46
4c0fe
43974
3f3af
44fc5
401d0
4c100
47ef9
424ad
4bb5c
472d1
3f3b4
42a60
3f3b5
47b31
42a61
3f3b7
47596
42a63
4c102
47b33
42a65
3f3bb
42b47
47c18
424b0
420f7
3f3be
47686
3f3bf
482c3
3f3c0
4c104
4388d
430ee
3f3c3
47c1b
44748
42b4c
4c105
47688
3f3c7
482c5
3f3c8
4b891
47c1f
47c20
3f3cb
46e14
4b2f3
46e15
3f3ce
4b894
47599
47b39
3f48b
4259f
44832
422d0
3f57b
44834
3f48f
421e1
4397a
41c41
4c1ea
424b2
3f766
4c1eb
434c1
3f768
4c1ec
43a63
3f76a
3f497
3fa3c
4287f
3f499
42880
3f49a
42b51
3f49b
473b3
3fa40
4b97c
3f49e
450b4
3fd13
4b97e
434c3
47fe8
43d53
3f4a2
47fea
450b9
41c44
4768c
425a2
4bc5f
424b4
47c22
424b5
421e8
4c1f3
46e18
41c49
4b97f
42b58
41c4b
4c1f5
425a3
44836
422d2
3f4af
4b981
46f02
4b112
47779
4b3e1
47c28
430f8
42c3b
47d0c
44839
42c3d
3f4b7
4b983
46f04
4b3e3
4777b
4c1f8
47d10
4483d
4483e
47d13
3f4be
4b987
47691
483b8
4c1fc
483b9
3f4c3
4c1fd
423c1
435a5
41e21
3f57f
435a6
44927
41d32
431e6
3fdfc
431e7
3fdfd
3f584
43a6e
3fdff
3f586
43e43
3fe01
3f588
4bd33
3f58a
422d5
474a8
41a67
4ba6c
422d6
4bd34
42c44
3f58e
474ac
474ad
435ab
3f591
480df
3fe06
44bfc
4300a
4bd37
44bfe
3fe09
41794
46f08
41795
4b4d0
422d8
43a6f
422d9
41d39
47d16
42c48
3f59c
47781
41d3c
3f59e
4ba72
423c3
435ae
41e23
47dfd
46ff4
4ac58
4786b
4b4d3
47d19
43a70
42c4c
3f5a6
4492a
435b0
3f5a8
4b4d4
47e01
42d31
48784
46ff7
4ba76
4492e
435b1
3f5ae
44931
4bd40
4b4d7
46f0d
4786e
4ba7a
4786f
47d1c
4ba7b
3feed
42d33
3f948
42d34
3f949
4369f
42699
3f94b
43f34
430fa
3f94d
444ec
436a2
3fef5
41b58
432da
415b1
4759b
41e26
4759c
41e27
4be27
432dc
3fc25
42e27
4bb61
44ced
3f684
43f36
3fef9
481d3
436a5
3f687
3f688
42d37
3f689
47871
41974
433d0
3f68b
44a1b
423ca
435b5
423cb
41e2b
47e08
42d3a
3f690
47873
41e2e
3f692
4bb64
42e2a
48874
470ed
4ad4b
432df
4269c
3f697
47e0d
436a7
42e2c
4bb66
47950
44a1f
3f69c
47fee
42e30
48877
433d2
3f69f
4be31
3f6a1
4bb6a
47874
3f6a3
470f0
4b5ca
470f1
3f6a6
4b5cb
3f85e
434c5
3f76d
42e32
434c6
3f76f
3fc26
433d3
3f771
42d40
433d4
3f773
3fd18
42b5b
3f775
42b5c
3f776
433d5
3f777
47c2f
3fd1c
4c200
3f77a
433d7
3f77b
47957
41f19
43985
41f1a
3f77e
43986
41f1c
4bc61
47695
3f781
4bc62
47f04
42008
43a74
3f784
450bf
43987
4269d
47a48
4269e
48697
42d43
3f789
47f07
43d57
434ca
4c204
47786
3f78d
47a4b
3f78e
4bc65
47ff7
43a76
3f791
4c4dc
47a4c
4c4dd
47a4d
47ffa
4bc67
47696
4c4df
3f798
4bc69
3f950
4300b
3f863
42f24
4300c
3f865
3fe0a
42c4d
3f867
42c4e
3f868
434cf
3f869
47d21
3fe0e
4bd46
3f86c
434d1
3f86d
47a4f
4200d
43a7a
4200e
3f870
43a7b
42010
4b7a7
4778d
3f873
4b7a8
48000
420fa
435ba
3f876
44c05
43a7c
4278f
47b3a
42790
48789
42e39
3f87b
44c06
43e4a
3f87d
47b3c
43012
4878b
43013
3f880
4bd4c
43a7d
435bc
3f883
4c5ce
47b3e
4c5cf
47b3f
480ec
4b7ad
4778e
47a53
3f88a
4b7af
3fa42
430ff
3f955
42a6a
43100
3f957
3fefc
42d44
3f959
42d45
3f95a
43015
3f95b
47e13
3ff00
4be38
3f95e
43017
3f95f
47b41
420ff
435c0
42100
3f962
435c1
42102
4b899
4787f
3f965
4b89a
480f2
421ee
436ac
3f968
44cf7
435c2
42881
47c32
42882
4887b
42f2b
3f96d
480f5
43f3b
43104
4be3c
473be
3f971
47c35
3f972
4b89d
481db
436ae
3f975
4c6c0
47c36
4c6c1
47c37
481de
3f979
47880
47b45
3f97c
4b8a1
3fb34
431f1
3fa47
42b5e
431f2
3fa49
3ffee
42e3a
3fa4b
42e3b
3fa4c
43109
3fa4d
4795f
3fff2
4bf2c
3fa50
4310b
3fa51
47c39
421f3
436b2
421f4
3fa54
436b3
421f6
4b98b
473c5
3fa57
4b98c
481e4
422e0
4379e
3fa5a
44de9
436b4
42973
47d24
42974
4896d
42a71
3fa5f
481e7
4402d
431f6
4bf30
474b0
3fa63
47d27
3fa64
4b98f
482cd
437a0
3fa67
4c7b2
47d28
4c7b3
47d29
482d0
3fa6b
473c6
4c7b5
3fa6e
4b993
3fc2a
432e3
3fb39
42c50
432e4
3fb3b
400e0
42f2c
3fb3d
42f2d
3fb3e
431fb
3fb3f
47a57
400e4
4c01e
3fb42
431fd
3fb43
47d2b
422e5
437a4
422e6
3fb46
437a5
422e8
4ba7d
474b7
3fb49
4ba7e
482d6
423d2
43890
3fb4c
44edb
432e6
484b2
44933
4b205
437a6
42b65
3fb51
482d9
43b73
432e8
4c022
475a2
3fb55
47e19
3fb56
4ba81
483bf
43892
3fb59
4c2f8
47e1a
4c2f9
47e1b
483c2
4ba83
474b8
4c2fb
3fb60
4ba85
401d2
42a72
3fc2f
42a73
3fc30
432ed
3fc31
47b49
401d6
4c110
3fc34
432ef
3fc35
47e1d
41f22
43989
3fc37
44fcd
4297c
43b76
4297d
423d9
483c6
432f2
3fc3c
47e1f
423dc
3fc3e
4c112
433e2
485a4
44a25
4b2f7
43898
42c57
3fc43
483cb
43c68
433e4
4c114
4769a
3fc47
47965
3fc48
4bb73
47f0f
4398b
3fc4b
4c3ea
47966
4c3eb
47967
47f12
4bb75
475aa
4c3ed
3fc52
4bb77
3fe10
43a7e
3fd1f
433ea
43a7f
3fd21
401d8
4398c
3fd23
432f8
4398d
3fd25
41f24
47c3e
41f25
4c20e
42a76
44219
42a77
424cb
484ba
43991
3fd2c
47f17
424ce
3fd2e
4c7b8
42b68
4430b
425bb
485ab
484bd
43a81
48006
44847
4b995
4421a
43995
3fd36
45672
4430d
3fd38
47d32
43a85
48009
43a86
3fd3b
4c7bc
45676
4430e
3fd3e
4800a
3fd3f
4800b
4c215
45679
47f18
3fd43
484c0
4c7c1
426aa
43b79
3ff03
451b3
43b7a
3ff05
425bc
4800c
434de
4c5d4
433ef
485b4
433f0
42b6c
4cb81
47d38
425c1
4c2fd
43a8d
425c3
4cb83
434df
451b6
42c5d
3fe23
4c2ff
44938
4ba86
44c0f
4bd57
485ba
43b7c
3fe28
4869f
4493a
4bd58
44c11
4cb85
486a0
451bb
3fe2d
485bb
486a2
451bd
4493c
4bd5a
4493d
3fe32
451bf
4cb89
4bd5c
47d3b
3fe37
4cb8b
42d4c
444ed
4279d
3ff08
444ee
452a7
43023
4c6c5
47e29
3ff0c
435cf
3ff0d
486a7
435d0
3ff0f
48100
435d2
4cc74
486a9
435d4
3ff13
436b8
4878e
43026
42c61
3ff16
44d00
3ff17
47969
3ff18
4cc76
44403
43c6e
3ff1b
48791
44a2c
4be4a
44d03
4cc77
48792
452ad
3ff20
4c3f5
48795
44d04
4c3f6
44d05
452b0
4cc7b
3ff26
4c3f8
48103
486af
3fff8
43113
45396
42e3f
400e8
45398
3fffc
436c0
3fffd
481f1
427a1
43c70
427a2
40000
43c71
427a4
4bf39
47971
40003
4bf3a
4879c
42890
43d5f
40006
4539b
43c72
42f2e
47a5a
42f2f
482dd
43029
4000b
4879f
445e2
437ad
4c4e6
44df4
4000f
47a5d
40010
4bf3d
48885
43d61
40013
4cd6b
47a5e
4cd6c
47a5f
48888
40017
47972
4cd6e
4001a
4bf41
401dc
4389a
400eb
43206
4389b
400ed
422ec
47a60
422ed
4c02a
42e42
445e5
42e43
42895
4888c
437b5
400f4
482e5
42898
400f6
4c5d6
42f32
44127
42983
48973
44662
4b7b0
44ee5
4c02d
4888f
445e6
437b9
400fe
4548e
44129
40100
47b4e
438a1
483d1
438a2
40103
4c5da
45492
4412a
40106
483d2
40107
483d3
4c031
45495
482e6
4c032
48892
4c5df
42984
483d4
432fd
4c3fb
432fe
4557e
42a7d
401e4
438a5
401e5
4897d
438a6
401e7
483d6
438a8
4c99e
4897f
438aa
401eb
44fd6
401ec
47c45
401ed
4c6c9
48982
43e57
43998
484c4
45581
4399a
47f1c
44757
4c6cb
45582
4399d
4c9a2
484c8
45585
44758
4c122
44759
401fa
4c6cf
484cb
4c124
47b57
401ff
4c9a7
402cb
40876
410f9
402ce
43d66
41797
4087a
402d1
43e58
411ea
402d3
4403c
44130
402d6
4a2e6
402d8
453a4
4a010
44df9
4179e
4a012
45d1a
402dc
417a1
42f38
44405
44132
44b24
482e8
437c1
48b45
44dfc
402e3
48895
48b47
49974
402e7
44b27
45d1b
44b28
45d1c
402ea
47a68
4bf42
453ac
44e01
402ed
48a54
48897
48a55
402f1
404ae
411ec
41889
4096b
44133
41e35
438ae
40a5a
444f6
4188c
40c3f
44221
403c7
412dd
403c9
4188f
45b34
403cb
45497
45b35
403cd
463b8
41893
4a103
4302a
403d1
494b8
44eec
48986
4466b
403d4
4549a
438b5
48c38
403d7
403d8
43f4d
44eef
463b9
44ef0
463ba
4466f
483dc
403dd
48b4d
4549f
45b39
403e0
48c3c
403e2
490f4
4399e
404b1
4197a
412e0
404b3
4aa76
43f4f
410fc
404b6
41c50
433f2
404b8
40e23
404ba
413d4
4475a
45efc
413d6
49c49
45efd
413d8
4a1f4
49c4b
4aa78
439a2
433f3
404c4
4558a
48d28
44fdf
439a6
492d4
47c4b
404c8
439a9
4403f
4cd70
4558d
48c3e
4558e
491e5
44fe3
484ce
44762
404d0
48d2d
45f01
47c4d
4c128
48d2f
49a68
405a2
41d44
434e5
405a4
40b50
40e25
405a7
44041
414c3
40b54
405aa
43b83
492d6
4440a
415b2
450ce
4659a
4484d
405b0
4659b
4576e
4ab69
405b3
405b4
43b84
43a95
43a96
47d3c
405b7
4567d
44850
4969d
48013
43a9a
493c8
44136
405be
4576f
405bf
45770
495ad
45681
48e1e
450d6
44855
4c219
4659f
48015
405c5
4c21b
40693
4096e
444f9
435d7
40970
40f17
415b4
40c44
4440c
41b60
435d9
40d33
44226
4069e
4a104
406a0
451c0
49e2c
44c15
415bb
49e2e
460e2
406a4
415be
42d54
44227
444fd
44940
48104
435dd
48f0d
44c18
406ab
486b1
48f0f
49790
406af
44943
460e3
44944
460e4
406b2
47e30
4bd5e
451c8
44c1d
406b5
48e24
486b3
48e25
406b9
4087e
44318
416a6
40a61
445ed
4078a
40d35
41f26
436ca
40d37
4078e
49882
40790
4a1f6
40792
452b2
49f1e
44d07
416ad
49f20
461d4
40796
416b0
42e46
44319
445f0
44a32
481f6
436cf
48a57
44d0a
4079d
487a3
48a59
49884
407a1
44a35
461d5
44a36
461d6
407a4
47976
4be50
452ba
44a39
407a7
48f16
487a5
48a5d
407ab
40971
43c7b
40882
422ef
41d46
40e2c
40885
41d47
450d8
462ca
41d49
4a5c0
462cb
41d4b
4ab6b
4a5c2
4ae40
450da
48898
44a3b
4088f
45959
450dc
49f23
40892
40893
44a3c
48018
40895
490fb
453b4
46873
453b5
46874
450e0
40899
490fc
462cf
49007
4089d
40a63
417a3
41e38
40f1d
40976
4a014
40978
41e3b
460e6
4097a
45a49
460e7
4097c
46964
41e3f
4a6b2
44b2c
48108
43e62
491e9
454a3
43e64
49793
491eb
4a016
40986
45a4d
4c5e0
4898d
44c24
463bf
44c25
463c0
4098a
490ff
45a51
460eb
4098d
4c5e3
40a64
4100d
41896
40a67
4b022
44500
49795
40a6b
45b3a
4a1f7
45593
41983
4a1f9
464b0
40a6f
41986
43f53
45b3c
40a72
484d1
44d13
40a74
45b3e
43f57
49886
48f18
45597
492de
481fd
40a7a
461db
40a7b
461dc
4a017
45b42
4559b
40a7e
491f2
492e1
4a018
40b57
41100
4289a
4201a
44044
413dd
41b61
45684
46b46
44e03
40b5f
46b47
45d20
4b115
40b62
40b63
45686
493cc
482ed
44047
493ce
45688
40b67
4404a
44137
44e07
485c4
44767
4c7c5
45c32
492e2
45c33
49888
4568c
44e0b
4c7c6
46b4b
40b72
49889
43b89
40c4a
4210b
41b63
411f4
40c4d
41b64
44ef4
46692
41b66
4a3dc
46693
41b68
4a987
4a3de
4ac5c
44ef6
486b4
44857
40c57
45775
44ef8
49d3f
40c5a
40c5b
44858
483e0
40c5d
494c3
451d0
46c3b
451d1
46c3c
44efc
40c61
494c4
46697
493d7
40c65
412e3
415c0
40d3d
4ad4c
4422a
49a6b
40d41
45864
4a4cd
452bd
41c59
4a4cf
46786
40d45
41c5c
43c7d
45866
40d48
487a7
44fe9
40d4a
45868
43c81
495b3
48c42
452c1
4900c
47f27
40d50
45f05
40d51
45f06
49d41
4586c
44fef
40d54
494c8
40d56
49d42
40e2e
413de
41c5e
40e31
4b3ea
40e33
422f4
465a6
40e35
45f09
465a7
40e37
46e1e
422f8
4b118
44a3e
45f0a
4431f
496a7
45963
44321
49c51
496a9
4a4d2
45693
496aa
44ff3
40e42
465a9
40e43
465aa
4a3df
45f10
45969
40e46
495b6
496ad
4a3e0
40f21
414d1
42c63
4298e
49c53
40f26
45ffa
4a6b3
45a53
423e9
4a6b5
4696a
40f2a
423ec
44410
45a54
40f2d
486b9
451d7
40f2f
45ffe
44414
49d44
450e4
486ba
44b33
4cb8e
46000
496ae
46001
49c54
45a5a
451dd
4cb8f
46f13
40f3a
49c55
44501
41014
424d3
41f2b
41e43
4201b
45b44
47000
452c7
4101a
47001
4678c
4b5cf
4101d
4101e
452c8
4988a
44c29
44504
4988c
45b48
41022
44507
44678
460f1
41025
4988f
45b4a
47003
45b4b
47004
452ce
41029
49890
46a5f
497a3
4102d
411f5
41987
4201c
416b6
41108
4201e
453b8
46b4c
42020
4a898
46b4d
42022
4ae41
4a89a
4b6c2
44d1a
4889c
44769
41112
461e1
453bc
4a1fb
41115
41116
45c3b
4cd71
4889f
453be
46b4f
453bf
46b50
4111a
49893
461e7
462d5
4111d
4cd74
411f6
417a6
41a7a
411f9
4b206
411fb
42111
463c2
411fd
45d25
463c3
411ff
471e6
42115
4af34
4485a
45d26
4413b
49a6f
4577f
4413d
4a019
49a71
4a2ee
454af
49a72
44e0f
4120a
463c5
4120b
463c6
4a1fd
45d2c
45785
4120e
49986
49a75
4a1fe
412ea
427a9
42201
41b6d
422fa
4586e
472d6
4559d
412f0
472d7
464b6
4b2f9
412f3
412f4
4559e
495b8
44eff
4422e
495ba
45872
412f8
44231
4494e
45e1b
412fb
495bd
45874
472d9
45875
472da
455a4
4c9ab
45e1f
46d35
495bf
41303
4198a
4220a
413e3
4b996
413e5
428a0
46b52
413e7
464bb
46b53
413e9
473ca
428a4
4b6c4
44ff4
464bc
4476d
49c57
464bd
49b64
464be
4a10e
45f17
413f1
49b65
473cd
49c59
4a10f
422fb
42990
41a7e
414d6
424d5
45786
46f14
42994
4ac60
46f15
42996
4b209
4ac62
4ba8a
45698
48d35
450e7
414e0
46c47
414e1
46c48
4aa7f
465b1
4578c
414e4
49c5c
414e6
4aa80
415c6
42a80
424d7
423ef
425c7
460f6
475ac
45879
415cc
475ad
46d38
4bb7b
415cf
415d0
4587a
49e3a
451df
4587b
47009
4587c
4700a
415d4
48e29
460fc
46d3b
415d7
49d4f
416b7
41c61
433f5
42b73
4a3e3
416bc
46790
4ae43
461e9
425cd
4ae45
470fa
416c0
425d0
44a42
461ea
416c3
48f1a
461eb
476a1
461ec
476a2
4596f
49f2e
46796
470fd
48f1c
416cb
41d52
42026
417ab
4b7b2
417ad
426bd
4696e
417af
462d7
4696f
417b1
47792
426c1
4b4e0
44e10
462d8
44b35
4a01f
462d9
49f30
462da
4a4d6
45d33
417b9
49f31
47795
4a021
4a4d7
42117
427ac
41e46
4189e
427ae
45b4e
472dc
427b0
4b028
472dd
427b2
4b5d1
4b02a
4b8a6
454b4
48b51
44f03
418a8
46a63
418a9
46a64
4a89b
463cd
45b54
418ac
4a024
418ae
4a89c
4198e
433f6
42e4b
427b7
42f3c
464c1
47978
461f0
41994
47979
47100
4bf47
41997
41998
461f1
4a202
45b56
461f2
473d1
461f3
473d2
4199c
491f6
464c7
47103
4199f
4a113
41a7f
42029
437c6
434e9
4a7ab
41a84
46b58
4b20b
465b4
42f42
4b20d
474c2
41a88
42f45
44e12
465b5
41a8b
492e7
465b6
47a6d
465b7
47a6e
45d3a
4a2f6
46b5e
474c5
492e9
41a93
4211a
4299a
41b73
4c12a
41b75
42a86
472e2
41b77
46c4b
472e3
41b79
47b5e
42a8a
4b8a8
451e0
46c4c
44f05
4a3e7
46c4d
4a2f8
46c4e
4a89e
466aa
41b81
4a2f9
47b61
4a3e9
4a89f
424df
42b75
4220e
41c66
42b77
45f19
476a4
42b79
4b3f0
476a5
42b7b
4b999
4b3f2
4c21e
4587f
494ca
452d3
41c70
46e2b
41c71
46e2c
4ac63
46d41
45f1f
41c74
4a3ec
41c76
4ac64
41d56
43212
42c68
425d3
42d58
462dd
47d40
4600c
41d5c
47d41
46f1c
4bd63
41d5f
41d60
4600d
4a5ca
45972
4600e
47799
4600f
4779a
41d64
49012
462e3
46f1f
41d67
4a4df
41e47
423f1
435e2
43305
4ab73
41e4c
46974
4b5d3
463d0
42d5e
4b5d5
4788a
41e50
42d61
44c2e
463d1
41e53
49103
463d2
47e35
463d3
47e36
46102
4a116
4697a
4788d
49105
41e5b
424e2
42d63
41f3b
4c4f2
41f3d
433fb
476aa
41f3f
47013
476ab
41f41
47f2a
433ff
4c220
45b57
47014
452d5
4a7af
47015
4a6bc
47016
4ac66
46a72
41f49
4a6bd
47f2d
4a7b1
4ac67
42e54
434eb
425d6
4202e
43030
462e4
47a70
434ef
4b7b8
47a71
434f1
4bd65
4b7ba
4c5e6
461f6
49896
45c4a
42038
4779f
42039
477a0
4b5d7
47109
462ea
4203c
4a7b4
4203e
4b5d8
4211e
435e3
43032
42f48
43122
46c51
4810c
463d7
42124
4810d
47890
4c6d7
42127
42128
463d8
4a992
45d3d
463d9
47b65
463da
47b66
4212c
4998a
46c57
47893
4212f
4a8a7
4220f
427b9
43f59
436d6
4af3b
42214
472e8
4b99b
46d44
43128
4b99d
47c56
42218
4312b
455aa
46d45
4221b
49a7b
46d46
48201
46d47
48202
464cd
4aa86
472ee
47c59
49a7d
42223
428aa
42b7f
42303
4c30e
42305
43218
474c6
42307
46e2f
474c7
42309
482f2
4321c
4c03c
45973
46e30
4569d
4ab77
46e31
4aa88
46e32
4b02e
4688e
42311
4aa89
482f5
4ab79
4b02f
42c70
43307
4299e
423f6
43309
466ac
47e38
4330b
4bb80
47e39
4330d
4c12d
4bb82
4c402
46012
496b2
45a66
42400
475bb
42401
475bc
4b3f3
46f25
466b2
42404
4ab7c
42406
4b3f4
424e6
43f5a
439ae
43312
43a9f
47019
484d8
46d4b
424ec
484d9
47c5c
4caa0
424ef
424f0
46d4c
4ad5a
466b4
46d4d
47f31
46d4e
47f32
424f4
49d52
4701f
47c5f
424f7
4ac6b
425d7
42b82
44324
4404d
4b303
425dc
476b0
4bd67
4710c
43aa5
4bd69
48022
425e0
43aa8
45975
4710d
425e3
49e43
4710e
485cd
4710f
485ce
46895
4ae4e
476b6
48025
49e45
425eb
42c73
434f5
426cb
4cc83
426cd
435e9
47e3e
426cf
477a3
47e3f
426d1
486be
435ed
4c404
45d3e
477a4
45a68
4af3f
477a5
4ae50
477a6
4b3f6
47202
426d9
4ae51
486c1
4af41
4b3f7
4303a
436d8
42d67
427be
436da
46a74
48204
436dc
4bf4c
48205
436de
4c4f5
4bf4e
4cd77
463dd
4a026
45e31
427c8
47987
427c9
47988
4b7bb
47899
46a7a
427cc
4af44
427ce
4b7bc
428ae
43d76
437cb
4312e
438bb
46e35
488a0
46b67
428b4
488a1
47a78
4c8bc
428b7
428b8
46b68
4b122
464d0
46b69
482f9
46b6a
482fa
428bc
49b6e
46e3b
47a7b
428bf
4b037
4299f
42f4a
44140
43e69
4b6cb
429a4
474cc
4c12f
46f28
438c1
4c131
483ea
429a8
438c4
45791
46f29
429ab
49c5f
46f2a
48995
46f2b
48996
46c5d
4ac6e
474d2
483ed
49c61
429b3
4303d
43f5c
438c6
4404e
472f6
484de
4467d
4cd78
4820c
43f61
4c7cf
4cd79
42a9c
47b70
42a9d
47b71
4c041
484e3
466b5
47b72
45e33
4b307
47b73
472fc
42aa3
4b217
42b84
43130
42b86
43b94
4476e
482fc
44052
48d3a
44770
42b8b
47c61
48d3b
4c316
476b9
4b30a
476ba
4b8b0
48301
45f24
476bb
42b92
4a3ef
476bc
42b94
4b30c
42b96
4c134
42c77
48e2b
42c79
43b97
47d52
42c7b
486c3
43b99
4c406
477aa
43b9b
43b9c
46f30
486c5
46f31
486c6
44865
42c83
46f32
4b4ea
46898
46f33
4b4ec
47d58
4b4ed
4b9a3
435ef
44233
4ba93
42d6c
4789b
4c4f7
47f35
42d6e
487b6
47021
42d70
42d71
44955
47f37
44956
47f38
42d74
4b4ef
46989
4a5d2
463e0
42d77
4a5d4
478a1
4a5d5
42d7b
43405
43d79
436e2
43e6a
47112
488a6
44a45
4cb94
48028
43d7e
4c5eb
4cb95
42e64
4798c
42e65
4798d
4be5d
488ab
464d1
4798e
461fb
4b6cf
4798f
47118
42e6b
4b5e3
42f4c
434f8
42f4e
43e6c
44b36
48118
43e6e
48b56
44b38
42f53
47a7d
48b57
4c6de
474d5
4b6d2
474d6
4bc78
4811d
45d40
474d7
42f5a
4a20b
474d8
42f5c
4b6d4
42f5e
4bf50
43040
4450a
44682
4811e
4450c
48f20
44684
43045
4811f
48f21
4cd7d
478a4
4b7c0
478a5
4bd6e
44c35
463e1
47b79
4304c
4a8a9
47b7a
4304e
4b7c2
43050
4c5ee
43132
44142
44774
48210
445ff
48a66
44776
43137
48211
48a67
4c8c3
473ea
4b8b6
473eb
4be60
44d27
464d3
47c6b
4313e
4a99b
47c6c
43140
4b8b8
43142
4c6e0
43224
44143
44866
48302
44145
48b58
44868
43229
48303
48b59
4c9b5
474dc
4b9a8
474dd
4bf52
44e19
465c5
47d5d
43230
4aa8d
47d5e
43232
4b9aa
43234
4c7d2
43316
44235
44958
483f4
44237
48c4a
4495a
4331b
483f5
48c4b
4caa7
475ce
4ba9a
475cf
4c044
44f0b
466b7
47e4f
43322
4ab7f
47e50
43324
4ba9c
43326
4c318
43408
44327
44a4a
47f3a
44329
48d3c
44a4c
4340d
47f3b
48d3d
4cb99
476c0
4bb8c
476c1
4c136
44ffd
467a9
47995
43414
4a6c5
47996
43416
4bb8e
43418
4c40a
434fa
44419
44b3c
4802c
4441b
48e2e
44b3e
434ff
4802d
48e2f
4cc8b
477b2
4bc7e
477b3
4c228
450ef
462ef
47a87
43506
4a7b7
47a88
43508
4bc80
4350a
4c4fc
435f3
4495e
48125
4495f
48126
435f6
4bd71
477b7
4ae54
4720e
435f9
4ae56
48129
4ae57
435fd
43c91
4c40b
452d6
4be66
452d7
4c40c
44d2a
46a7f
48219
436ea
4af47
4821a
436ec
4be68
436ee
4cc8d
437d7
44b42
48309
44b43
4830a
437da
4bf59
473ef
4b038
46e46
437dd
4b03a
4830d
4b03b
437e1
43e75
4c5ef
454ba
4c04a
454bb
4c5f0
44f0e
46c63
483fd
438ce
4b12b
483fe
438d0
4c04c
438d2
4c8c5
439bb
4477a
47f41
4477b
47f42
439be
4c13d
475d3
4ac70
4702a
439c1
4ac72
47f45
4ac73
439c5
44059
4c7d3
4569e
4c22e
4569f
4c7d4
450f2
4689b
48035
43ab2
4ad63
48036
43ab4
4c230
43ab6
4caa9
451e7
48d3e
44f10
486d4
46f39
486d5
44872
4c40f
486d7
451e9
46f3a
4c410
43ba8
4c31f
452d9
48e30
45002
487c6
4702b
487c7
44964
4c501
487c9
452db
4702c
4c502
43c9a
4c415
453cb
48f22
450f4
488b8
4711d
488b9
44a56
4c5f3
488bb
453cd
4711e
4c5f4
43d8c
4c507
454bd
48a68
44c3a
489aa
4720f
489ab
44b48
4c6e5
489ad
454bf
47210
4c6e6
43e7e
4c5f9
455af
48b5a
44d2c
484f0
47301
484f1
4468e
4c7d7
484f3
455b1
47302
4c7d8
43f70
4c6eb
456a1
48c4c
44e1e
485e2
46e47
485e3
44780
4c321
485e5
456a3
46e48
4c322
44062
4c7dd
454c0
48a6a
44e21
489af
44e22
489b0
44877
4c9bb
489b2
45798
474e6
4c9bc
44154
4c8cb
455b2
48b5c
44f13
484f5
44f14
484f6
44969
4caad
484f8
4588a
475d8
4caae
44246
4c9c1
456a4
48c4e
45005
485e7
45006
485e8
44a5b
4cb9f
485ea
4597c
476ca
4cba0
44338
4cab3
451ea
48d40
450f7
486d9
450f8
486da
44b4d
4cc91
486dc
45a6e
477bc
4cc92
4442a
4cba5
452dc
48e32
44c3d
487cb
44c3e
487cc
44693
4cd83
487ce
45b60
478ae
4cd84
4451c
4cc97
453ce
48f24
44d2f
488bd
44d30
488be
44785
4c8cd
488c0
45c52
473f4
4c8ce
4460e
4cd89
44696
4c7de
48c51
4c7df
4478a
4e3ef
4b8bf
4478c
45b61
4469c
44b51
4c04e
4469e
4cc9a
4b221
446a0
44c41
487cf
446a2
4610e
478af
4b7ce
44c44
487d2
48c53
44c46
5555e
48f26
44c48
4b7cf
446a9
4b4f7
446aa
4cc9d
487d9
446ac
55561
446ae
4b7d2
50f6a
4b4f9
55562
4b7d3
51424
4c6f0
446b2
50f6e
50f6f
45b65
4c6f1
455b6
446b6
45e37
4998c
45b68
44f19
489b3
446b9
48408
454c7
446bb
4b224
4cca3
48b65
44f1e
49a7e
48c57
44f20
446c0
4cab5
454ce
4cca4
454cf
494d4
446c4
4d7a5
454d2
5142a
4cab7
446c7
4e6c8
454d5
47303
484fb
446ca
48226
47b8b
446cc
48227
4cd91
4a99e
4be6e
484ff
4be6f
48500
446d1
4c6f6
48502
446d3
4cab9
48504
4822f
4b9b0
54730
4de43
446d8
4caba
48233
50d89
4c7eb
446db
446dc
4b22b
509be
4af51
54fb9
4b22c
55288
4c143
446e0
509c2
509c3
4b7d9
4ce30
4ce31
4c6fb
48c5d
4c7ec
446e6
4cf23
4c7ee
446e8
5142e
4c145
5528a
509c5
446eb
4ce33
4c6fd
446ed
51430
4c6ff
4b234
51431
4c701
446f1
4cf26
4cca8
4b9b2
50ab0
4b9b3
50d8d
4c7f0
5556b
4e3f8
4d5c2
51433
4d5c3
54fc1
4e3f9
446fb
5556e
446fd
54fc3
4de4c
54fc4
4de4d
509c8
55571
4478d
4487a
4c8d1
4b404
4c8d2
48d44
44791
4c237
4df37
45c55
491fe
453d2
44795
48236
4c702
47c78
44d39
4c8d4
48d45
44d3b
550a4
4b03c
4c508
488c9
4c509
488ca
4479d
4cd98
488cc
44d41
4b03e
4c50a
44d43
4c50b
44d44
4cd9a
44d45
51517
4b8cc
447a5
44e25
485eb
447a7
48316
455b7
48c62
4500a
464d6
47c79
4c703
455ba
447ac
48d47
455bc
4c14a
4500f
51518
48d48
45011
495c4
48d4a
455c1
447b3
4b8ce
447b4
455c4
4d896
48d4c
550ab
4d898
455c7
4e7b9
4c32a
550ac
4e7bb
47c7b
4b8cf
476cc
447bd
4b8d0
47c7e
48d4e
4831a
4b31c
447c1
4b041
447c2
4c32c
485f3
447c4
4c32d
485f5
447c6
54afb
447c8
4d988
48323
54823
4bd7b
50e7a
4cbad
447cc
50e7c
4d98d
4aa92
4bf62
485f9
4bf63
485fa
4c7fd
485fb
54b00
4b321
447d3
48c66
4c7ff
48c67
447d6
4cf2e
4b9ba
4d014
4c333
447d9
4df3a
4d017
4ad68
50abc
4ad69
54b02
4b8d2
4b325
4cf30
4c803
447e0
54b03
50abe
447e2
50d95
4b9bb
447e4
550b0
4d6b2
54824
4d98f
54b05
4df3d
4c337
447e9
50ba4
447ea
50ba5
4c8db
447ec
51526
4d01c
4df41
447f0
50e82
447f1
50e83
51529
50ac1
4588b
48e35
4496d
4bd7d
44882
4c9c5
4b4fb
44884
44e27
489b5
44886
45d46
474e7
4b9bc
44e2a
489b8
48b69
44e2c
4c9c7
48e39
44e2e
4b9bd
4488d
4b6db
4488e
4c8de
489bf
44890
55199
44892
4b9c0
5114e
4b6dd
5519a
4b9c1
51608
4c33b
44896
51152
51153
4579d
4c33c
451ee
4489a
4601b
495c5
457a0
450fd
485fe
4489d
48040
456ad
4489f
4b40a
4c8e4
48d57
45102
4cca9
48e3c
45104
448a4
4ccaa
456b4
4c8e5
456b5
4910e
448a8
4d3dd
456b8
5160e
4ccac
448ab
4e8ac
456bb
46f3b
486df
448ae
4840c
47d6f
4b40d
4840d
4c9ca
4ab82
4c05d
486e3
4c05e
486e4
448b5
4c341
486e6
448b7
4ccae
486e8
48415
4bb94
54914
4da7b
448bc
4ccaf
48419
50f73
4c427
448bf
448c0
4b411
50ba8
4b135
54bf1
4b412
5546c
4bd80
448c4
50bac
50bad
4b9c7
4d01e
4d01f
4c346
48e42
4c428
448ca
4d107
4c42a
448cc
51612
4bd82
5546e
50baf
448cf
4d021
4c348
448d1
51614
4c34a
4b41a
51615
4c34c
448d5
4d10a
4c8e9
4bb96
506e8
4bb97
50f77
4c42c
551a3
4e030
4d7ac
51617
4d7ad
54bf9
4e031
448df
551a6
448e1
54bfb
4da84
54bfc
4da85
50bb2
551a9
44971
44a5e
4cabd
4b5ec
4cabe
48f2a
44975
4be78
4e11b
4588d
493e2
451f0
44979
48133
4cbae
47e5c
44c58
4bd86
48e48
4c430
451f5
4497e
49200
451f7
44980
516fb
49201
44c5f
4c431
44c60
455ca
48b6a
44f27
4850f
47e5d
4c061
475dc
44988
494d7
48513
4498a
4c510
48515
4c151
44f2e
4c152
44f2f
4cac2
4bab3
44f31
44990
44f33
4c153
44992
4c154
44993
4c432
44994
50c9d
44f37
55292
44997
47f4f
4c9d7
45892
451fc
4d4ce
48f32
55293
4d4d0
451ff
4e99d
4c512
55294
4e99f
47e5f
4bab7
478b2
449a1
47d72
4bd8a
48f34
47f54
4b504
449a5
4ac7d
449a6
4c436
487e4
449a8
4c515
487e6
449aa
54cdf
449ac
4db6c
47f5d
54a07
4bf67
51064
4cdaa
449b0
51066
4db71
4a6ca
4c157
487ea
4c158
487eb
4c439
487ec
54ce4
4b509
449b7
48e4b
4c43b
48e4c
449ba
4d112
4bb9e
4d1f8
4c51b
449bd
4e11e
4d1fb
4af54
506f4
4af55
54ce6
4baba
4b50d
4d114
4c43f
449c4
54ce7
506f6
449c6
50f7f
4bb9f
449c8
55298
4d89c
54a08
4db73
54ce9
4e121
4c51f
449cd
507dc
449ce
507dd
4cac7
449d0
5170a
4d200
4e125
449d4
5106c
449d5
5106d
5170d
506f9
45a6f
48a6e
44b57
4bf69
44a66
4cbb1
4b6df
44a68
44d48
452e4
48f39
44d4a
467ac
479a1
4c443
452e7
44a6e
48f3a
452e9
44a70
492f2
452eb
44d51
4bba0
44a73
4be82
452ee
44a75
4bba1
44a76
45f2b
456bd
48c6a
4501a
48602
44a79
47f63
48604
48a75
4501e
5537e
48d5b
45020
4bba3
44a7f
4b32b
44a80
4cacc
4860b
44a82
55381
4b32c
4cace
4ad6d
50d99
4b5f2
50d9a
4b5f3
55383
4cad0
4502a
453d3
48f3d
45109
488cf
492f4
44a8c
4d5c7
452f2
51246
4c8ed
44a8f
4e4e4
452f5
4711f
488d0
44a92
48044
47e63
4b5f5
48045
4cbb6
4a7ba
4c24b
488d4
4c24c
488d5
44a99
4c529
488d7
44a9b
4c8ef
488d9
4804d
4b7dd
5454c
4dc5f
44aa0
4c8f0
48051
51157
4c60d
44aa3
44aa4
4b5f9
507e0
4ad71
54dd5
4b5fa
550b8
4bf6c
44aa8
507e4
507e5
4bc90
4d2ea
4c60f
44aac
4e210
4d2ed
48f3e
4c52d
48f3f
44ab0
4d204
4bf6e
550ba
507e7
44ab3
4d205
4c530
44ab5
5124c
4c532
4b602
5124d
4c534
44ab9
4d2ee
4c611
5115a
4d3e3
5454f
4cad5
4c612
5538b
4e214
4d3e4
5124f
4d3e5
54ddd
4e215
44ac3
5538e
44ac5
54ddf
4dc68
54de0
4dc69
507ea
55391
44b5b
48135
4cbba
45a72
44e3a
453d6
44b5f
45d48
4989b
47a95
44e3e
488e2
44b62
48b6b
453db
4bf73
44e41
51332
48b6c
44e43
4c9dc
48b6e
453e0
44b69
4bc93
44b6a
4601d
45203
48d5c
4510c
486f4
44b6d
48055
486f6
44b6f
4c709
486f8
44b71
4b41c
4cbbe
4ae5d
55471
4bc96
45114
55472
4ccb5
486fe
4b41e
4cbc1
4ae5f
50e8b
4b6e4
50e8c
4b6e5
55475
4cbc3
4511c
48b71
4e5d2
4c70a
44b7f
4e5d4
493e7
51339
4d6bc
44b82
44b83
48137
4bf75
47a9a
479a9
47a9c
44b87
4c70c
489c7
4b7e1
4813b
4b7e2
4813c
4c70d
4b6ea
4813e
4c9e0
4c15b
48140
44b8f
48142
50ca0
4b8d6
54ec4
4c711
44b93
4dd53
48146
54ec6
50ca5
4ae62
4c61e
4a8af
508d3
4b136
508d4
4b137
551ab
4c620
489d4
4b6ee
4cbc4
4bf78
48a86
44b9f
4c068
4e300
4ccb8
48b77
55479
4e303
4b6ef
51160
4c06a
551ad
4c06b
4b6f0
44ba7
4cbc6
4b6f2
5547a
4d2fa
4c627
5547b
508db
4b8d7
509ca
4b8d8
50ca7
4bca0
44baf
51340
4ce40
4c719
50ca8
4c71a
50ca9
4ce41
4ce42
55480
44bb6
51343
4d4d8
51344
4d4d9
44bba
54ed3
51165
44c64
49204
48f42
4c71b
44d58
4e9a1
4be89
44d5a
46111
48e4f
4511f
4bd96
44c6c
4ccbc
4b7e8
44c6e
45204
4bd98
44c70
4bd99
44c71
4d11c
4b513
4d11d
4b7ea
519d1
44c75
463e5
49f38
46114
454dc
49a80
48c6c
454de
4b7eb
44c7a
4b7ec
44c7b
49208
45a7e
44c7d
497aa
45a80
454e4
48c6d
4ec70
49a83
44c82
4dd5e
45a85
519d7
4dd60
44c85
44c86
48057
4c62e
4c80d
44c89
4cf37
487f3
4e3fe
4bf7b
55577
4cf3a
487f6
48e57
4c62f
48e58
44c90
4ccc3
48e5a
44c92
4be8a
4e9a4
4cdb5
48f46
44c95
519da
4d4dd
49211
44c98
4ccc4
44c99
50f83
4b7f1
44c9b
50f84
4b7f3
5557a
4d3ee
4b7f5
44c9f
4d4df
4cdb7
51074
4cf3d
54cf3
4cf3e
51718
4cf3f
5557d
4e9aa
4cdbb
44ca6
519e0
50f87
4e406
55580
4e407
44cab
55581
44cad
519e3
45d49
48a87
44e49
4bf7e
44d5e
4c8f4
4b9cc
44d60
452f6
4be8c
44d62
4be8d
44d63
4d20e
4b605
4d20f
4b8de
51ac3
44d67
464d7
4a02b
46206
455ce
495c6
48d5e
455d0
4b8df
44d6c
4b8e0
44d6d
492fa
45b70
44d6f
4989c
45b72
455d6
48d5f
4ed62
495c9
44d74
4de50
45b77
51ac9
4de52
44d77
44d78
4be91
4823b
4c353
44d7b
4d029
488e5
4df44
4c06d
550bd
4d02c
488e8
48a8a
4c811
44d81
4d5cd
4d5ce
48f4c
4c725
48f4d
44d85
4cdc2
48f4f
44d87
51acc
4d5cf
49303
44d8a
4cdc3
44d8b
5107b
4b8e5
44d8d
5107c
4b8e7
550c0
4d4ea
4b8e9
44d91
4d5d1
4c8fd
51166
4d02f
54de5
4d030
5125e
4d031
550c3
4e4f0
4c901
44d98
51ad2
5107f
4df4c
550c6
4df4d
44d9d
550c7
44d9f
51ad5
45e3b
44e4e
44f3b
4c070
44e50
4c9e8
4bac0
44e52
453e8
4bf82
44e54
4bf83
44e55
4d300
4b6f7
4d301
4b9d0
51bb5
44e59
465c9
49b71
45d4c
456c0
4b9d1
44e5c
4b9d2
44e5d
493eb
45c60
44e5f
493ec
45c62
44e61
4998e
45c64
456c8
48e5d
4ee54
496bc
44e66
4d996
45c69
51bbb
4d998
44e69
44e6a
4bf87
4832d
4c447
44e6d
4d121
489d7
4e036
4c15f
551af
4d124
489da
48a92
4c819
48a93
44e74
4c908
48a95
44e76
4c072
4e5dc
4c9ef
48b7e
44e79
51bbe
4d6c1
493f5
44e7c
4c909
44e7d
5116d
4b9d7
44e7f
5116e
4b9d9
551b2
4d5dc
4b9db
44e83
4d6c3
4c9f1
50cac
4d127
54ed7
4d128
51350
4d129
551b5
4e5e2
4c9f5
44e8a
51bc4
51171
4e03e
551b8
4e03f
44e8f
551b9
51355
4d6c7
45f2d
48c71
4502d
4c162
44f42
4cada
4bbb2
44f44
4520a
46c65
44f46
466bc
457a3
4c074
4520d
4c075
4520e
497ac
48f51
45210
4c35c
493f9
45212
49d54
494e0
457ab
4b23e
4ccc9
48b82
4ce4b
48b83
44f53
4c729
44f54
4ce4e
454ea
48f52
4ef46
497af
44f58
4da88
457af
51cad
4da8a
44f5b
44f5c
4832f
4c35e
4c539
44f5f
4d213
4851d
4e128
4c251
552a1
4d216
48520
48b84
4c35f
48b85
44f66
4c9fc
48b87
44f68
4c164
4e6ce
4cae1
48c76
44f6b
51cb0
4d7b3
494e7
44f6e
4c9fd
44f6f
50cb3
4bacb
44f71
50cb4
4bacd
552a4
4d6ce
4bacf
44f75
4d7b5
4cae3
50d9e
4d219
54fc9
4d21a
51444
4d21b
552a7
4e6d4
4cae7
44f7c
51cb6
50cb7
4e130
4de59
51cb7
44f81
552ab
44f83
51cb9
4601f
48d63
45125
4c254
45034
4cbcc
4bca4
45036
452fc
46d57
45038
467ae
45895
4503a
4989f
45897
4c166
45301
4c167
45302
4c450
49025
45304
45040
4c451
4589d
4b330
4cdc8
48c7a
4cf49
48c7b
45045
4c81d
45046
4cf4c
455dc
48a98
4ea8c
498a1
4504a
4db80
458a1
517f3
4db82
4504d
4504e
47f65
4c452
4c634
45051
4d305
4860f
4e21a
4bda3
55393
4d308
48612
48c7c
4c453
48c7d
45058
4caee
48c7f
4505a
4c256
4e7c0
4cbd3
48d68
4505d
4e7c3
4d8a6
494ee
45060
4caef
45061
50da5
4bbbd
45063
50da6
4bbbf
55396
4d7c0
4bbc1
45067
4d8a7
4cbd5
50e90
4d30b
54b0f
4d30c
51536
4d30d
55399
4e7c6
4cbd9
4506e
4d223
5539b
4e222
4d99f
517fd
45073
5539d
45075
517ff
45985
4902e
453ef
4689e
48b88
453f1
518de
48d69
4c541
4598a
4cbdb
4598b
45130
4c543
4598d
45132
518e1
45134
4b9dc
4d03a
4bca9
518e2
4c25c
456cc
4c90f
456cd
51620
4d03f
49120
4513b
4dc71
45992
4eb80
49122
4513e
4eb82
45995
47f66
48059
45142
4cccd
48700
4e30b
4be96
54bfe
4ce53
45146
4e30e
4ce55
49032
4cbde
49033
48d70
4d8ae
4c260
48e61
4c636
4514d
4d3f3
4d3f4
49034
45150
4e8b5
4d3f6
4b6f8
4d310
4b6f9
51357
4bda7
45155
4d8b1
4d312
45157
50e99
4cbe4
45159
55489
4ce56
54c00
4da8d
5548a
4da8e
518ec
4da8f
4515e
51629
4d3f9
4ce5a
5162a
4ce5b
45162
518ef
50e9b
45165
518f0
45167
55490
45216
494ef
48f57
4c456
4530a
4ef4d
4c457
4530c
466bd
48e64
456d1
4bda8
4521e
496c0
4bda9
45220
457b2
4c07e
45222
4c07f
45223
4bdaa
45224
4d6d5
457b6
51cbc
45227
46991
46024
496c1
45a8a
496c2
4522a
49404
4522b
497b3
46028
4522d
497b4
4602a
4522f
49d56
4602c
45a92
48f59
51cbd
4e317
45234
4a02e
46031
4f21f
497b9
45237
45238
48614
4cbeb
496c5
4d9a0
496c6
49407
51f85
4bdb1
519e4
4d133
48e70
51cbf
4bdb4
48e72
51f87
497ba
4da92
494f3
45244
4ef52
4c548
4e9ae
4d225
51722
4d4f0
51f88
4ef53
4da96
4524a
51cc4
4ef55
4cbed
497bd
4524e
4d3ff
4bdb6
45250
4da99
4d227
51725
4d400
45253
4d228
51727
4d229
45256
51728
4da9a
4ef59
4530d
453fa
498a2
49036
4cdca
48a9e
45311
4cdcb
4ea95
494f5
4caf4
48c81
4d7c5
48f63
4d7c6
48f64
5206f
4c45c
458a9
46115
497be
45b7b
47030
48f65
4c45d
46118
4c45e
46119
4531e
49b73
4611b
45320
4cce0
4611d
45322
52073
45324
4e408
46121
51804
4930d
4f310
49b75
45328
4f312
4e40d
487f7
4532b
48aa1
4c54c
4532d
4db85
498ae
4532f
4d5e0
45330
4e225
48aa6
4e4f6
48aa7
45333
51807
494fa
4cce2
494fb
48f69
4da9e
4b8ec
4d4f4
4bea6
45339
4d4f6
48f6d
4533b
51809
4db89
494fd
4533e
5207c
4ea9c
4cdce
51ad7
4cce4
4c54d
45343
4e227
45344
4d22f
5207e
4e228
4d5e5
5180d
45349
52080
4534b
5180f
463e7
48b90
454ed
4c080
45402
49996
4c081
45404
45996
4c54e
45997
518f2
48d72
4c54f
45999
4cbf0
4599a
518f4
4540b
46b75
4a11d
462f8
45c6e
498b1
4540e
4903f
4540f
49997
4620c
45411
49998
4620e
45413
49f3a
46210
45c76
48b93
518f5
4df4f
45418
49c67
46215
4f403
4999d
4541b
4541c
4c553
488ea
498b4
4db8e
498b5
49042
52169
4bf97
51bc8
4d31d
48ab2
518f7
4bf9a
48ab4
5216b
4999e
4dc76
4912b
45428
4eb8a
4c72c
4e5e6
4ce5d
5135a
4d6da
5216c
4eb8b
4dc7a
4542e
518fc
4eb8d
4cdd5
499a1
45432
4d5e9
4bf9c
45434
4dc7d
4ce5f
5135d
4d6dc
518fe
4d6dd
4d320
4d5eb
4543a
51360
4dc7e
4eb91
454f1
455de
49a86
4921e
4ca04
48c84
454f5
4ca05
4ec79
463e9
49f3b
45d4e
454f9
4912d
4c916
48b9e
52252
494fe
457bd
52253
499a4
457bf
52254
49a8b
457c1
45501
45a93
4c642
45a94
519e6
48e73
4c643
45a96
4cce6
45a97
519e8
45508
4e040
45d59
519ea
49500
4f4f4
49d5b
4550c
4f4f6
4e045
489db
4550f
48ba1
4c646
48ba2
45512
4c647
48ba4
4ce62
48ba5
5144a
4ce64
45516
5144b
4dc84
48c87
4c730
45519
4dd69
49a92
4551b
4d7ca
4551c
4e40f
48c8c
4e6da
48c8d
4551f
519ef
4c648
49222
45522
52260
4ec80
4ca08
51ccb
4c91c
4c731
45527
4e411
45528
519f2
4d6e3
4e412
52263
4e413
4552d
52264
4552f
519f5
465cb
48d74
456d7
4c264
455e6
495ce
4c265
455e8
458aa
47305
455ea
46d5a
45e41
4c176
458ad
4c177
458ae
49e4a
49045
458b0
4ca0b
495d1
458b2
455f2
4ca0c
45e49
49225
51d9c
4c179
455f6
4b8ee
4d4fc
4b8ef
51ad9
4c736
45b8a
48d77
51adb
4e139
455fc
49e4c
45e4d
4f03b
495d5
455ff
45600
4c737
489de
49a98
4dd72
49a99
4922a
51da1
4c17d
51810
4cf55
48c98
51add
4c180
48c9a
51da3
495d6
4de5a
49313
4560c
4ed6e
4c370
4e7ca
4d041
5153e
4d8be
51da4
4ed6f
4de5e
45612
51ae2
4ed71
4de60
49a9a
45616
4d7d3
4c182
45618
4de61
4d043
51541
4d7d4
4561b
4d044
51543
4d045
4561e
51544
4de62
4ed75
456db
4599d
46e4b
465ce
49b77
45f34
4c268
459a0
4c269
459a1
49f3c
49137
459a3
4cafd
495dd
459a5
4a4e5
496cb
48ab5
4c826
45c78
4c91e
45c79
4c827
45c7a
51bcb
49319
456eb
45f3c
4f12a
48e76
51e90
496cd
456ef
4e22d
45f40
51e92
4f12f
4c26c
48524
4931a
4cb00
4931b
48d87
4de66
4bcb6
4d8c2
4c270
456f9
4d8c4
48d8b
456fb
51bd0
4940d
4cbf2
48e78
4ee5f
4d9ac
48e7a
4e046
48e7b
4e8bd
4d13a
51bd2
4d9ad
48e7e
51e97
4de69
4d9af
495e0
45707
51e99
4d049
45709
4d9b1
4c82d
4c465
4e8bf
4d04a
51e9a
4570e
4e8c0
4570f
4e8c1
45711
51bd8
45713
51e9d
457c4
49a9b
48e7f
4c466
458b8
4f4f9
49a9d
458ba
46c69
457ca
45c7f
49c6b
457cc
4c920
49412
457ce
45d5e
4c091
457d0
4c092
457d1
4c376
457d2
4dc8d
45d62
52268
457d5
46035
474eb
457d7
46f40
465d2
49c6e
46038
49d5f
48d91
4603a
4c379
4603b
4a5d8
497c6
4603d
4ab86
49d62
49505
52269
4e8c3
457e2
4a5da
465dd
4f7cb
49d65
457e5
457e6
49c71
457e7
52531
4c927
49418
4d9b4
49507
4ca13
48e83
51ccc
4c469
457ed
4df5d
4c37d
457ef
4d9b6
4c37f
52533
4df5f
4c381
457f3
4e04e
49d68
457f5
4daa6
457f6
4e6df
4950c
4ef5c
4950d
457f9
5226f
4c929
49aa0
457fc
52537
4daa9
51cd1
51cd2
4d6e9
4daaa
52273
4daab
4df62
52274
4f504
51cd5
459a7
49e4e
458bd
495e2
4f03e
4c559
459ab
4f040
458c1
49aa1
4dd7c
4922d
51dac
49aa2
5261a
4c46b
458c5
4dd80
4dd81
458c8
47031
466c3
49d6a
46129
49aa4
458cb
49d6c
466c6
458cd
49aa5
458ce
49e52
466c9
458d0
4a3f4
466cb
466cc
4f8ba
4904c
52620
49e56
458d5
4e9b7
466d0
52622
4f8bf
49aa6
4e056
4e057
4c46f
48f73
4c55a
458dc
4c470
458dd
4daad
48f76
4f043
49e59
4904f
51db1
4d8c8
51546
4db99
458e3
4e7d2
458e4
51814
4f047
49515
458e7
4ca1c
49517
51815
4d7df
458ea
51816
4e05c
495e6
458ed
51db7
4f049
4d8cb
51547
4dab0
458f1
4d8cc
51819
4d8cd
458f4
5181a
4e146
5262d
459ad
45a9a
49f40
4913d
4cbf7
48ab8
459b1
49f42
4f133
4931e
4cb09
48d96
4de6f
49055
4de70
49056
5270d
4cb0b
45f47
467b3
49e5c
46219
476d0
48f77
4c55e
467b6
459bd
49e5f
467b8
4cb0d
467b9
459c0
4a212
467bb
459c2
52711
459c4
4e4fa
467bf
51ea2
499b7
4f9ae
4a214
459c8
4f9b0
4e4ff
49059
4db9e
49141
4cbf9
48abb
51904
4c64f
459ce
49e60
459cf
52715
4cb0f
495ed
4905c
4e14c
4c564
459d4
4dba1
4905f
459d6
51ea4
496d7
459d8
4f137
4cce7
4eb92
4d40f
51907
4dc92
52719
4f138
4e235
459de
51ea8
4f13a
4e237
4cce8
4eb95
4d412
5190a
4d413
459e4
51eab
4dba3
4e151
459e8
4e239
5271f
45aa0
497c9
48bab
4c73e
45b8e
4f223
497cb
45b90
462f9
46995
4a4e7
462fb
45aa8
49149
4cbfb
48abe
45d69
527fe
4914a
527ff
49aaa
45d6c
52800
4a037
45d6e
45ab0
496db
4d9ba
49420
51f92
496dc
52802
4c653
45ab4
4d9be
4d9bf
4a039
45ab7
4fa9f
46306
4e5ee
49aad
52805
4e5f0
46309
48ac0
4c654
48ac1
45abe
4e23c
4c093
52276
497cc
4e322
4c094
52277
4ccec
4914f
45ac4
4cc02
49151
519f7
4d417
45ac7
519f8
4e240
49234
4f228
4e325
49236
4e9ba
49237
4ec85
4d502
51f9a
4e326
4923a
5280c
4e241
4e328
4a03f
45ad3
4e9bd
45ad4
51f9e
4dc9b
4e9be
5280f
4e9bf
45ad9
52810
45adb
51fa1
46b77
49320
45c85
49b79
45b94
4cddc
49322
45b96
45e56
478b3
46a88
4a5dd
463ed
4a041
45e59
4a042
48bb3
45e5b
4c743
45e5c
4a3f6
495f1
45e5e
4a9a2
49b7e
463f5
4951b
4ccef
48f7e
4dab3
4923d
4dab4
4923e
52349
4ccf1
46136
49323
52087
4e6e5
45baa
4a3f8
463f9
4f5e7
49b81
45bad
45bae
4a044
45baf
5234d
4ccf3
49240
4dd88
49325
4cddd
48ca1
51ae8
4c833
45bb5
4e32f
4c749
45bb7
4dd8a
4c74b
5234f
4e331
4c74d
45bbb
4e416
49b84
45bbd
4de74
45bbe
4e501
4932a
4ed78
4932b
45bc1
5208d
4ccf5
498c0
45bc4
52353
4de77
51aed
51aee
4d50b
4de78
52091
4de79
4e334
52092
4f320
51af1
45f48
464de
49b86
45f4a
473fa
48ca3
4c834
464e1
45c8e
49b89
464e3
4cde0
464e4
45c91
4a4e9
464e6
45c93
52439
49061
4cde1
48ac4
4dba5
4932f
4dba6
49330
5243b
4cde3
46228
49421
52179
4e7d7
45c9c
4a4ea
464eb
4f6d9
49c7a
45c9f
45ca0
49b8a
45ca1
5243f
4cde5
49332
4de7a
49423
4c92c
48d99
51bda
4c385
45ca7
4e421
4c83b
45ca9
4de7c
4c83d
52441
4e423
4c83f
45cad
4df66
49c7d
45caf
4d9c0
45cb0
4e5f3
49428
4ee6a
49429
45cb3
5217f
4cde7
499bb
45cb6
52445
4d9c3
51bdf
51be0
4d5fd
4d9c4
52183
4d9c5
4df6c
52448
45cbe
51be3
45e61
4730a
45d71
49aaf
4faa4
4942c
45e65
4faa6
45d75
4622a
4a216
49339
4c92e
48ac6
45d79
4a218
4f9b5
49155
4cc04
48ac8
4e245
48ac9
45d7e
4c65d
45d7f
4e248
4630f
46b7b
4a219
465e1
47a9e
48aca
4a21a
46b7e
4c933
46b7f
45d86
4a21c
46b81
45d88
4ab89
46b83
45d8a
52ad9
45d8c
4ee6e
46b87
52816
49d73
4fd76
4ab8b
45d90
4fd78
4ee73
4933e
4c934
4933f
48ace
4e508
49f5f
48bb9
4a312
45d97
4e5f9
49ab4
4f506
4dd8f
51a01
4a21e
4942f
4dc9c
49430
52279
49f60
499c7
5227a
4dc9f
45da0
5227b
4e50d
49ab5
4faaa
4e5fb
49ab7
4f508
4dd91
5281b
4e5fc
49aba
52ae2
4faae
4e5ff
4dca0
52ae4
45dac
4f50a
45dad
4f50b
4e50f
45db0
4e601
52ae7
45e68
49b8d
48cab
4a3fb
45f56
4f5eb
49b8f
45f58
48bbb
4c74e
463fd
4ca24
463fe
52358
497d9
52359
4ca25
45e72
466d2
46c6e
4a316
466d4
47b90
48bbe
4a317
46c71
4ca27
46c72
45e79
4a319
46c74
45e7b
4a6cf
46c76
45e7d
52bcb
4a401
45e7f
4fe67
46c7a
4ef62
49e66
52bcd
4ef64
46c7d
48bc0
4a31a
48bc1
45e86
4ca2a
48bc3
45e88
49b90
4f5ee
4cb15
48d9b
4ed7c
48d9c
4f04d
49436
45e8d
4ca2b
45e8e
4e067
495fb
4f5f0
4e6ed
495fd
4f04e
4de83
5235f
4e6ee
49600
52bd2
4a31c
4ca2c
45e97
4e069
49ac5
45e99
52362
4e6f0
4a407
45e9c
52364
4e06b
4ed80
4e157
52365
45ea1
52bd8
45ea3
52367
46f41
496e8
46047
49c80
45f5c
4cc07
496ea
45f5e
464ee
49b93
45f60
49b94
45f61
4e42a
49342
4e42b
49602
52cb9
45f65
476d1
46d60
4a408
467c6
49603
45f68
49604
45f69
4a40a
46d64
45f6b
4a4f0
46d66
45f6d
4aa96
46d68
467ce
496eb
5244d
4eaa7
45f72
4a7c3
46d6d
4ff5b
4a4f5
45f75
45f76
49b98
45f77
4e6f5
49b99
45f79
5244f
496ed
4e7dc
49066
45f7c
4e24a
45f7d
4ee75
45f7e
4cb1d
45f7f
4e159
49528
45f81
4e6f9
4de88
4960a
52450
4cb20
4960c
52cc4
4a4f7
496f0
52452
4e24c
45f89
4ee77
45f8a
51eb5
4f6e5
49c84
45f8d
52cc7
4ee78
4e24f
52456
4e15c
51eb7
4e6fc
52458
4f6e8
51eb9
46137
47034
4604d
497db
4f7ce
49158
4613b
4f7d0
46051
477c3
4ad73
46f44
46312
496f5
46054
496f6
46055
4a4fc
468aa
46057
4a5e2
468ac
46059
4ab8c
468ae
4631a
48da3
4c388
465ec
4cc0c
465ed
5253e
499cc
5253f
4cc0d
46061
468b0
5004a
497de
52db0
4a5e6
46065
4eb9b
468b4
52db2
5004f
496f9
4e7e6
4cc0f
496fa
52db3
4e7e9
49159
4ccfa
48e92
4f7d3
4dab8
51cd6
4e33d
51fa2
4e7ea
496fb
4e250
4c65f
52823
4a500
4cc12
46075
4e253
496ff
46077
52545
49d79
46079
4f7d5
4daba
51fa6
4e33f
52db7
4f7d6
4e8d3
4607e
52549
4f7d9
4e254
46081
4dabc
51fa9
4dabd
46084
51faa
4e8d6
4f7db
4613d
49e67
47126
49249
4cdea
48f82
46141
4a126
4f8c3
47035
4ab8d
46998
46145
4915d
4ccfc
48e94
528f0
4915e
46407
528f1
49b9c
46409
528f2
4a129
4640b
4614d
466dd
49d7d
4614f
49d7e
46150
4e06e
4952a
4e06f
497ea
528f5
46154
4ec90
469a3
52634
49b9e
4fb92
4a9a9
46158
4fb94
4ec95
498d1
4f322
4dbab
5181d
49160
4cd00
49161
48e9a
4e8da
49d82
48f83
4a12e
46161
4e9c1
4a5f1
4924d
4dabe
4924e
52095
49d83
497ef
52096
4dac1
46168
52097
4e8df
498d3
4f8c6
4e9c3
498d5
4f324
4dbad
52639
4e9c4
498d8
528fe
4f8ca
4e9c7
4dac2
52900
46174
4f326
46175
4f327
4e8e1
46178
5263f
4f8cd
47127
4a6d3
46a8a
46237
4924f
4cdee
48f86
529e2
49250
464f9
529e3
49c8e
464fb
529e4
4a222
464fd
4623f
467cf
49e6f
46241
49e70
46242
4e160
49070
4e161
498dc
529e7
46246
4ed82
46a95
52726
49c90
4fc84
4aa9b
4624a
4fc86
4ed87
49343
4c93e
48ad3
4f9b7
4dca2
5190e
4df7b
52186
498dd
4e9ca
4cdf3
498de
529eb
4e9cd
4a137
49345
4dbb0
49346
52187
49e75
498e1
52188
4dbb3
4625a
52189
4e9d1
499d1
4f9b8
4e513
499d3
4f416
4dca5
5272b
4e514
499d6
529f0
4f9bc
4e517
4dbb4
529f2
46266
4f418
46267
4f419
46269
52730
4626b
529f5
4631c
4a5f3
48bc6
4a5f4
46410
50051
4a5f5
46412
477c5
49f68
467d7
49f69
46324
498e6
49f6a
46326
468b6
4a504
468b7
52dbe
48daa
4a505
468b9
4cc17
468ba
52dc0
4632d
46b8d
4805a
477c8
4ad74
4712c
49f6d
46b90
49f6e
46b91
4a8bb
498e9
46b93
4b13c
4a31e
46b95
4b6fa
4a8be
4a05d
52dc1
4f41b
4633a
4b13e
47137
50323
4a8c1
4633d
4633e
49f6f
4633f
4eab3
49f70
46341
4c940
46342
4e51b
49f73
5308a
4eab5
49f75
46346
4a05f
50054
499db
4907b
46349
4e60c
4634a
4f237
4634b
5308c
4e259
4634d
4eab9
4a8c3
4a062
52dc6
4e60e
46351
4f239
46352
52829
50059
4a5f8
46355
5308f
46357
52dca
4e610
4e34d
5282b
4eaba
52dcc
5005c
5282d
464ff
473fe
46415
49ac9
4fb96
49258
46503
4fb98
46419
4a067
4641a
4e8e3
469aa
49d84
4641c
49d85
4641d
4e8e6
4e8e7
46420
47b91
4721d
4a8c6
46c81
499dd
46423
4916b
46424
4a8c8
47221
46426
4a9ae
47223
46428
4af58
47225
47226
50412
49ba4
53178
4a9b2
4642d
4f50f
4722a
5317a
50417
499e0
4ebae
499e1
4916e
5317b
4a06d
52bda
4e34f
48bd3
52909
4a070
48bd5
5317d
49acc
4ec96
4925a
4643a
5290b
4e43a
5209e
4e6ff
5236c
4ebb4
4ca33
52bdb
4a9b5
49ba8
5290c
4e700
46442
4f32b
46443
5236f
4fb9f
4a072
46446
5290f
4fba1
4e616
46449
4e43e
52371
4e43f
4644c
52372
4ec9e
4fba3
46505
465f2
4aa9c
49349
4aa9d
48dad
46509
4aa9e
4fc8b
4925b
53264
49bae
4650d
498ed
4e9d6
498ee
529f7
4a141
46a9f
4730d
46512
47c84
4b241
48cbe
4a142
47310
4a143
47311
46516
4a9bb
47313
46518
4ad76
47315
4651a
53269
4651c
4f052
47319
529fa
4a50f
50506
4ad78
46520
50508
4f057
49260
4a9bc
49261
48cc2
4eca2
49611
4e704
49bb4
46527
4e706
48cc6
46529
529fc
4934b
4aaa6
48daf
4fc8d
4eca5
49c9a
4f6ea
4df81
52191
4cb25
52ccd
4eca6
4a147
49c9b
4fc8e
4ed8b
49c9d
4f6ec
4df83
529ff
4ed8c
49ca0
53272
4fc92
4ed8f
4df84
52462
4df85
4653c
4e445
53275
4eca9
46540
4ed91
53277
465f8
4a321
48e9e
4a322
466e6
4fd7b
4a323
466e8
46e53
474f1
4b04b
46e55
46600
4934d
4aaab
48db1
53356
49616
468c2
53357
4a602
468c4
53358
4ab93
468c6
46608
499e3
4e520
499e4
52aea
49350
5335a
49ca4
4660c
4e524
4e525
4ab95
4660f
505f7
46e60
4f146
4a605
5335d
4f148
46e63
48db4
4a236
48db5
46616
4a237
48db7
4df86
48db8
5254e
4df88
4661a
5254f
4ed96
48ea0
4a324
4661d
4ee7b
4a238
4952b
4f512
4952c
4f7dd
4961a
46622
4e7ff
49cac
46624
4ee7c
4ab9a
46626
4f514
49d90
4f7df
49d91
46629
52af4
4ee80
4ab9b
4662c
4df8b
53366
4f516
4e8ed
52af7
46631
53368
46633
52af9
476d3
49e78
467dd
49e79
466ec
497f6
49e7a
466ee
469ae
48422
475e4
4b141
46f47
49d93
469b1
49d94
469b2
4ab9e
4970b
469b4
4af5a
4a149
469b6
4b516
4a6da
46f4f
49441
4ca34
48bd7
4e619
48ea4
4e61a
48ea5
52ea1
4a32b
46c8e
49e7b
52bdf
4f23d
46702
4af5c
46f53
5013f
4a6dd
46705
46706
49d97
46707
4ee85
49d98
46709
4cd0a
4670a
4e8ef
49d9b
52ea6
4ee87
49d9d
4670e
49e7d
4fe70
497f9
4907c
4f058
4907d
4f8cf
49447
46713
52ea8
4e07b
46715
4ee8b
4a6df
49e80
52be4
4e9dc
46719
4f05b
4671a
52645
4fe75
4a418
4671d
52eab
4671f
52be8
4e9de
52be9
4e9df
4ee8c
52bea
4fe78
52649
46aa0
47038
4a6e2
46aa2
47f69
48f94
4a419
4703b
4a41a
4703c
467e7
4a6e5
4703e
467e9
4b04d
47040
467eb
52f91
49533
4cb26
48cc9
4e70b
48f96
4e70c
48f97
52f93
4a41d
46d80
49f79
52cd1
4f32f
467f4
4b04e
47045
50231
4a7d6
467f7
467f8
49f7b
4ff62
498f0
48f98
4a41e
48f99
467fc
4a41f
48f9b
4e16a
48f9c
52732
4e16c
46800
52733
4ef7a
49170
4f14a
49171
4f9c1
49539
46805
52f9a
4e16d
46807
4ef7d
4a7d8
49f7e
52cd6
4e528
4680b
4f14d
4680c
52737
4ff67
4a513
4680f
52f9d
52738
4e16f
4e52a
52cdb
4e52b
4eac4
4ff6b
46816
5273b
469b9
47e6a
468c9
49f83
505fc
49710
469bd
505fe
468cd
46d82
4ad7a
4961d
4ad7b
49081
468d1
4ad7c
5050d
49356
4aab4
48dbd
4ed9d
49082
4ed9e
49083
5362d
4aab6
46e69
476d7
468da
4805d
4bbc6
49084
4aab7
476da
4aab8
476db
468de
4ad80
476dd
468e0
4b6fd
476df
468e2
53631
468e4
4f9c6
476e3
5336e
4a8cf
508e0
4b6ff
468e8
508e2
4f9cb
49086
4eac6
49f86
53095
49e96
4f05e
49e97
49626
53635
4e804
4908b
5336f
4a520
4908d
53637
49f87
4f150
49712
468f5
53371
4e8f4
52558
4ebb9
52dd3
4f064
4aabc
4a60d
50602
4f153
4a60f
50060
4e8f7
53373
4f154
4a612
5363a
50606
4f157
4e806
5363c
46904
50062
46905
50063
4f067
46908
4f159
5363f
469c0
4a6e9
49264
4a6ea
46aae
50143
4a6eb
46ab0
48eae
4a330
46f57
4a331
46f58
4abaa
46f59
52eb1
49715
469ca
4722c
48709
469cc
4814f
477cb
4a615
4722f
4a616
47230
4af61
49f8b
47232
4b242
4a9c0
47234
4b7fe
4af64
477d3
4af65
469d7
509d1
477d6
4faba
4a9c2
53725
4fabc
477d9
48bd8
4e8fa
48bd9
52916
49718
4ae7e
49719
4917d
4f15c
4a61a
469e2
4ebc1
49180
469e4
52eb6
49805
4af68
49267
50147
4f15f
4a152
4fba4
4e9e7
5264b
4ae7f
4a153
50148
4f245
4a155
4fba6
4e9e9
52eb9
4f246
4a158
5372c
4ae80
4f248
4af6b
469f4
52ebc
4ebc3
4f8d8
5372f
4f8d9
469f9
53730
469fb
52ebf
47aa1
4a240
46b9f
4a241
46ab4
49bbc
4a242
46ab6
47048
49e99
46ab8
49e9a
46ab9
4a159
46aba
4ef83
4704c
52fa4
46abd
48240
4b7ff
479b2
47320
4a07b
46ac0
4980b
46ac1
4af6e
478c0
46ac3
4b054
478c2
46ac5
4b60a
478c4
47328
4a243
52fa5
4f5ff
46aca
4b337
478c9
50ac5
4b059
46acd
46ace
4a15d
46acf
4ecb1
4926d
4a6f4
4926e
46ad2
4a6f5
49270
52a09
4e9ef
46ad5
52a0a
4f250
4935a
4a7de
46ad8
4f335
4a6f6
499e5
4f9cc
499e6
4fc97
4a080
46add
4f253
4b05b
4a248
52faa
4eda4
46ae1
4f9cf
46ae2
52a0d
5023d
4a7e0
46ae5
5381f
4f9d0
53820
4f9d1
4ecb4
46ae9
4f254
52fb0
50240
52a11
46c8f
47b94
46ba5
49caf
50326
499e8
46c93
50328
46ba9
48332
4b8f1
47aa4
46e6c
49bc1
46bac
498fa
46bad
4b060
47406
46baf
4b146
47408
46bb1
4b700
4740a
46e74
48ae8
4a523
47146
4a524
47147
4a7e4
47148
53097
498fd
46bb9
4740c
50bb4
4a336
53908
4b14a
46bbd
4f6f3
47410
5390a
50bb9
49cb1
5337a
4e533
46bc2
4a252
46bc3
4f33f
4a253
46bc5
4edaa
4a255
5390c
4f341
4a257
46bc9
4a337
5032a
49cb4
49901
46bcc
4ee94
46bcd
4fabf
46bce
5390e
4b064
4a8d5
46bd1
5032d
4e620
52afe
4ee97
5390f
5032e
4f42b
46bd6
530a1
50331
4edac
46bd9
4e622
52b01
4e623
46bdc
52b02
4f42e
50333
46c95
46d88
4ac88
49ad9
4ac89
4953d
46c99
4ac8a
5041b
47b95
4b701
474f4
46c9d
499eb
4b151
4944f
53448
49cb6
46f61
53449
4a6f8
46f63
5344a
4ac8d
46f65
46ca5
47237
4a081
46ca7
4a082
46ca8
4a341
46ca9
4ebc7
4723b
5318a
46cac
4f7e8
474ff
5318c
4a6fa
506fc
4b51d
46cb0
506fe
4f7ed
49452
4ee9a
49da4
52ec1
49cb8
4f430
49cb9
499f2
53451
4e626
49457
5318d
4a348
49459
53453
49da5
4f518
49adc
46cbd
4ef86
46cbe
4f605
46cbf
5318f
4f436
4a8df
4a42b
5041e
4f51b
4a42d
4fe7c
4e713
53191
4f51c
4a430
53456
50422
4f51f
4e628
4ee9f
46ccc
4fe7e
4f609
53459
4f439
46cd0
4f521
5345b
46d8e
47f6a
4bad5
47c88
47051
49da7
46d91
49ade
46d92
4ac98
475eb
46d94
4ad85
475ed
46d96
4b339
475ef
47329
49bc7
46d99
49bc8
46d9a
4a433
46d9b
4ecb9
4732d
5327c
46d9e
4f8da
475f1
5327e
4a7ec
507ee
4b60f
46da2
507f0
4f8df
49544
4ef8c
49e9c
52fb3
49e9d
4f068
4962b
46da8
4a436
46da9
4f523
4a437
46dab
4ef8e
4a439
53544
4f525
4a43b
46daf
4ead2
46db0
4f6f7
46db1
53281
4f528
4a9d1
4a529
50510
4f06b
4a52b
4ff6e
4e80b
53283
4f06c
4a52e
53548
50514
4f06f
4e71a
5354a
46dbe
4ff70
46dbf
4ff71
46dc1
53288
46dc3
5354d
46e76
4b157
4971e
4b158
46f6a
50bbb
4b159
46f6c
48334
4aac4
47331
4aac5
46e7e
4a43e
4aac6
46e80
47412
4a259
46e82
4a25a
46e83
4aac7
46e84
4f34b
47416
53918
46e87
49bce
4b33d
49631
53bda
4a440
476eb
53bdb
4ae81
476ed
53bdc
4b431
476ef
46e8f
47c92
50e9c
4abba
53bde
4b434
46e93
4ff75
47c96
53be0
50ea1
4a531
53640
4edaf
46e98
4aacc
46e99
4f60b
4aacd
46e9b
4f074
4aacf
53be2
4f60d
4aad1
46e9f
4abbb
50bbe
4a534
49bd3
46ea2
4f164
46ea3
4fd8f
46ea4
53be4
4b342
4b15b
46ea7
50bc1
4eea2
53380
4f167
53be5
50bc2
4f701
46eac
53921
50bc5
4f076
53382
4eea4
46eb1
5060f
46eb2
53384
4f704
50bc7
46f6d
4705a
4b51e
49daf
4b51f
49811
46f71
4b520
50703
499f4
4b15d
4945b
4f43b
49722
4f43c
49723
53ccb
4b15f
47509
47d7b
4abc5
477db
4abc6
477dc
4b521
4a537
477de
4b800
4af74
477e0
4bdbf
4b524
47d83
4b525
46f83
50f8f
47d86
50066
4af76
53cd1
50068
47d89
49184
4eea6
49185
52ec2
49cc4
4b43d
49cc5
49729
4f708
4abca
46f8e
4f16d
4972c
46f90
53462
49db1
4b528
49813
50705
4f70b
4a702
50150
4ef93
52bf7
4b43e
4a703
50706
4f7f1
4a705
50152
4ef95
53465
4f7f2
4a708
53cd8
4b43f
4f7f4
4b52b
46fa0
53468
4f16f
4fe84
53cdb
4fe85
46fa5
53cdc
46fa7
5346b
4805e
4a7f0
4714d
4a7f1
47062
4a168
4a7f2
47064
475f6
4a445
47066
4a446
47067
4a709
47068
4f52f
475fa
53550
4706b
49db6
4b52c
49817
53dbe
4a628
478cf
53dbf
4b071
478d1
53dc0
4b615
478d3
47073
47e76
51080
4a7f4
53dc2
4b618
47077
4fbad
47e7a
53dc4
51085
4a169
53824
4ef99
4707c
4a70e
4707d
4f7f9
4a70f
4707f
4f25e
4a711
53dc6
4f7fb
4a713
47083
4a7f5
507f6
4a16c
49dbb
47086
4f34e
47087
4ff79
47088
53dc8
4b531
4ad93
4708b
507f9
4eada
52fb8
4f351
53dc9
507fa
4f8e5
47090
53559
507fd
4f352
4eadd
52fba
4ef9c
4f261
47096
52fbc
4f8e8
507ff
47151
4723e
4b702
49f93
4b703
499f7
47155
4b704
508e7
49908
4ad95
479b4
4ad96
479b5
4715a
4b620
479b7
4715c
4b9e6
479b9
4715e
53eb1
47160
49ea7
4f078
4963b
53642
49ea8
53eb2
4a800
47164
4f07c
4f07d
4b709
47167
51173
479be
4fc9e
4b169
53eb5
4fca0
479c1
4936a
4eade
4936b
530a6
49eaa
4b621
49eab
4990f
4f8ec
4a804
47172
4f357
49912
47174
53648
49f95
4b70c
499f9
508e9
4f8ef
4a8e8
50334
4ebcb
52ddb
4b622
4a808
4717c
4f9d4
4b70e
4717e
5006c
4a8ec
50337
4a8ed
47181
5364c
4f9d8
4b70f
47184
4eae3
53ebe
5006e
4f445
5364f
47189
53ec0
4718b
53651
48242
4a9d4
47337
4a9d5
47246
4a34e
4a9d6
47248
4750a
4a261
4724a
49f98
4724b
4b24b
47aa8
4724d
4b24c
47aaa
4724f
4b804
47aac
47512
49186
4abcf
477e4
4abd0
477e5
4ae8e
477e6
53735
49f9b
47257
47aae
50cb8
4a9d8
539fa
4b250
4725b
4fd97
47ab2
539fc
50cbd
4a34f
5346c
4ebd1
47260
4a8f4
47261
4f9dd
4a8f5
47263
4f448
4a8f7
539fe
4f9df
4a8f9
47267
4a9d9
509da
4a352
49bd4
4fbb0
49bd5
50427
49f9f
4726c
53a00
4b715
4af7b
4726f
509dd
4ecbe
5319c
4f535
53a01
509de
4fac9
47274
5373f
509e1
4f44a
5319e
4ecc0
47279
5042b
4727a
531a0
4facc
509e3
4733b
4a089
4b256
49aed
53ae6
4a354
475ff
53ae7
4ad9e
47601
53ae8
4b345
47603
47343
478d5
4a173
47345
4a174
47346
4a9e3
47347
4f265
478d9
53828
4734a
4fe86
47ba1
5382a
4ada0
50dac
4bbcc
4734e
50dae
4fe8b
49af0
4f538
4a448
5355f
4a449
4f614
49bd7
47354
4a9e6
47355
4facf
4a9e7
47357
4f53a
4a9e9
53af0
4fad1
4a9eb
4735b
4f07e
4735c
4fca3
4735d
5382d
4fad4
4af85
4aad9
50ace
4f617
4aadb
5051a
4edb7
5382f
4f618
4aade
53af4
50ad2
4f61b
4ecc6
53af6
4736a
5051c
4736b
5051d
4736d
53834
4736f
53af9
47422
4b716
49cca
4b717
47516
51179
4b718
47518
488ef
4b078
478dd
4b079
4742a
4a9ee
4b07a
4742c
479c2
4a809
4742e
4a80a
4742f
4b07b
47430
4f8f7
479c6
53ec4
47433
4a17a
4b8fa
49bdd
54186
4a9f0
47c9b
54187
4b440
47c9d
54188
4b9ee
47c9f
4743b
4824d
5051e
4b16e
5418a
4b9f1
4743f
4d04f
48251
5418c
50523
4aae1
53bec
4f35b
47444
4b080
47445
4fbb7
4b081
47447
4f620
4b083
5418e
4fbb9
4b085
4744b
4b16f
5117c
4aae4
4a17f
4744e
4f710
4744f
5033b
47450
54190
4b8ff
4b71a
47453
5117f
4f44e
5392c
4f713
54191
51180
4fcad
47458
53ecd
51183
4f622
4745b
4f450
5392f
4f451
4745e
53930
4fcb0
51185
47519
47606
4badb
4a35b
4badc
49dbd
4751d
4badd
50cc1
49fa0
4b71c
49a07
4f9e7
49cce
4f9e8
49ccf
54277
4b71e
47ab9
48336
4b179
47d8b
4b17a
47d8c
4bade
4aae7
47d8e
4bdc0
4b533
47d90
4c38a
4bae1
4833e
4bae2
4752f
50611
48341
4d140
4b535
5427d
4d142
48344
49730
4f452
49731
5346e
4a270
4b9fa
4a271
49cd5
4fcb4
4b17e
4753a
4f719
49cd8
4753c
53a0e
4a35d
4bae5
49dbf
50cc3
4fcb7
4acb6
5070e
4f53f
531a3
4b9fb
4acb7
50cc4
4fd9d
4acb9
50710
4f541
53a11
4fd9e
4acbc
54284
4b9fc
4fda0
4bae8
4754c
53a14
4f71b
50430
54287
50431
47551
54288
47553
53a17
48619
4ada4
476f9
4ada5
4760e
4a718
4ada6
47610
47ba6
4a9f5
47612
4a9f6
47613
4acbd
47614
4fadb
47baa
53afc
47617
4a362
4bae9
49dc3
5436a
4abd8
47e7f
5436b
4b630
47e81
5436c
4bbd2
47e83
4761f
48431
50156
4ada8
5436e
4bbd5
47623
4d233
48435
54370
5015b
4a719
53dd0
4f545
47628
4acc2
47629
4fda5
4acc3
4762b
4f80a
4acc5
54372
4fda7
4acc7
4762f
4ada9
50db4
4a71c
4a367
47632
4f8fa
47633
50525
47634
54374
4baee
4b352
47637
50db7
4f086
53564
4f8fd
54375
50db8
4fe91
4763c
53b05
50dbb
4f8fe
4f089
53566
4f548
4f80d
47642
53568
4fe94
50dbd
476fd
477ea
4bcbf
4a53f
4bcc0
49fa3
47701
4bcc1
50ea5
49eb4
4b354
47f6f
4b355
47f70
47706
4bbdd
47f72
47708
4bfa6
47f74
4770a
5445d
4770c
4a453
4f624
49be7
53bee
4a454
5445e
4adb4
47710
4f628
4f629
4bcc6
47713
50249
47f79
4d324
4b728
54461
4d326
47f7c
49916
4f08a
49917
53652
4a456
4bbde
4a457
49ebb
4fe98
4adb8
4771e
4f903
49ebe
47720
53bf4
4a541
4bcc9
49fa5
50ea7
4fe9b
4ae9c
508f2
4f177
53387
4bbdf
4adbc
47728
4ff80
4bccb
4772a
50618
4aea0
508f5
4aea1
4772d
53bf8
4ff84
4bccc
47730
53bfa
4f905
5061a
5446b
5061b
47735
5446c
47737
53bfd
487fd
4af88
478e3
4af89
477f2
4a8fe
4af8a
477f4
47aba
48061
4aea3
47abc
4aea4
47abd
4bcce
4a813
47abf
4c097
4b26c
47ac1
4c660
4b80b
49732
4b183
47d94
4b184
47d95
4b44d
47d96
53ce1
4a547
47803
48069
50340
4af8c
53fa6
4b80d
47807
4ce6b
4806d
53fa8
50345
4a8ff
53a18
4f17d
4780c
4aea8
4780d
4ff89
4aea9
4780f
4f9f4
4aeab
53faa
4ff8b
4aead
47813
4af8d
50f98
4a902
4a180
5015c
4a181
509e5
4a54b
47818
53fac
4bcd2
4b53a
4781b
50f9b
4f26a
53748
4fae1
53fad
50f9c
50075
47820
53ceb
50f9f
4f9f6
47823
4f26c
5374b
4f26d
47826
5374c
50078
50fa1
478e7
47bad
4a903
478e9
4a636
478ea
4b814
48156
478ec
4b901
48158
478ee
4beb6
4815a
47e85
4a723
478f1
4a724
478f2
4af97
478f3
4f811
47e89
53dd4
478f6
4cf5a
4815c
53dd6
4b35f
50434
4c18c
478fa
50436
4cf5f
4a09c
4fae4
4a9f8
53b0b
4a9f9
4fbc0
4a183
47900
4af9a
47901
5007b
4af9b
47903
4fae6
4af9d
5409c
5007d
4af9f
47907
4f62a
47908
5024f
47909
53dd9
50080
4b544
4b08d
5108c
4fbc3
4b08f
50ad8
4f363
53ddb
4fbc4
4b092
540a0
51090
4fbc7
4f272
540a2
47916
50ada
47917
50adb
47919
53de0
4791b
540a5
4a817
4bfa9
4a277
479d3
4bfaa
4d32b
4a725
4beb7
4a185
479d7
4beb8
4d239
4a45a
4bbe3
49ec1
4fea1
4a186
4fea2
4a187
54735
4bbe5
47f82
487ff
4b63b
48254
4b63c
48255
4bfab
4afa5
48257
4c845
4b9fe
48259
4cdfe
4bfae
48807
4bfaf
479e9
50add
4880a
4d600
4ba00
5473b
4d602
4880d
49bea
4f906
49beb
53ed4
4a72c
4bebc
4a72d
4a18d
50164
4b640
479f4
4fbcd
4a190
479f6
54474
4a819
4bfb2
4a279
50255
50167
4b72e
51186
4f9f9
5365d
4bebd
4b644
479fe
4d32e
4bfb4
47a00
53ed8
50259
4b733
51188
4f9fb
54478
4d332
4bfb5
47a06
4d335
54744
53edb
4f90b
4fcc0
5447c
4fcc1
5016a
5447d
4a368
4b819
47bb6
4ce6f
4b81a
47bb8
49fb2
4b453
48070
4b454
48071
4bcd9
48072
53fb5
4a81d
47ad0
48345
488f2
4b737
48347
4b738
48348
4c09d
4b09b
4834a
4c38b
4baf0
4834c
4c944
4c0a0
4b271
53fb7
4d6f1
47adc
4c38d
488fd
50bd1
4c0a3
47adf
47ae0
4b739
47ae1
4fcc3
4a27f
4bcdd
4a280
47ae4
4bcde
4a282
53a1b
4fa01
47ae7
53a1c
50262
4a36a
4b81b
47aea
4ce73
4bcdf
4a9fb
509ea
4a9fc
50ccd
4b09e
47aef
4ce74
4c0a6
47af1
53a1e
5034b
4b279
50cce
4faed
53fbe
4bce0
4b81d
47af7
54835
53a20
4ce7b
4fcc6
47afb
4faee
53a22
4faef
47afe
53a23
47ca7
4b363
47bba
4accc
4b364
47bbc
48161
4afa9
47bbe
4afaa
47bbf
4b27b
47bc0
50087
48165
540a8
47bc3
4a912
4c0a8
4a36f
5491a
4b18c
4843a
5491b
4bbec
4843c
5491c
4c191
4843e
47bcb
489ec
50714
4b366
5491e
4c194
47bcf
4d7e5
489f0
54920
50719
4accd
5437c
4faf1
47bd4
4b280
47bd5
50351
4b281
47bd7
4fdb6
4b283
54922
50353
4b285
47bdb
4b367
50438
4acd0
4a917
47bde
4fea6
47bdf
50ae3
47be0
54924
4c0ad
4b90e
47be3
5043b
4cf68
4b36c
54925
4fea8
47be7
50ae5
47be8
540b1
5043f
50440
47beb
4f634
53b13
4f635
47bee
540b4
4fdb9
50359
47cab
4adbf
4d052
4aaf0
47d9b
4d054
47caf
4aa01
4c19a
4a461
54a0a
4acd2
47f86
54a0b
4bce1
47f88
54a0c
4c283
47f8a
47cb7
4825c
4b09f
47cb9
4b0a0
47cba
4b371
47cbb
4fbd3
48260
5419c
47cbe
4d8d4
48533
5419e
4bce3
50808
4c573
47cc2
5080a
4d8d9
4a464
4feac
4adc2
5447f
4acd4
50442
4acd5
4aa08
54a13
4f638
4a469
5419f
4b378
4a46b
54a15
4adc3
4d056
4aaf2
47ccf
541a1
4f722
53932
4ff99
53c01
50448
4b918
4b45b
5052c
4d059
4b45d
47cd7
541a3
4f724
53c03
4ff9b
54a18
50530
4d05d
4d05e
50533
47cde
541a7
4feb1
50bd8
54a1c
50bd9
47ce3
54a1d
4abe1
4bdc5
4a641
47d9f
4bdc6
4d147
4a552
4ba06
4861c
4ba07
4861d
47da4
4c28e
4861f
47da6
4c663
48621
47da8
54553
47daa
4aaf5
4fcc8
4a287
5428c
4aaf6
54554
4b464
47dae
4fccc
4fccd
4bdcb
47db1
508ff
48626
4d41c
4b82a
54557
4d41e
48629
49fb4
4f728
49fb5
53cf0
4aaf8
4c28f
4aaf9
4a559
50536
4b468
47dbc
4ffa1
4a55c
47dbe
54292
4abe3
4bdce
4a643
5061d
4f814
53478
5008b
53cf3
50539
4c290
4b46c
47dc6
4d14a
4bdd0
47dc8
53cf4
50621
4b551
50fa4
4f817
54296
4d14e
4bdd1
47dce
4d151
54560
53cf7
4f72d
5008e
5429a
5008f
5053c
5429b
4870d
4b553
48168
4b554
48169
4bebf
4aeb9
4816b
4c754
4b91a
4816d
4cd0c
4bec2
48715
4a378
4bafa
49dd1
4fdbb
4a646
4fdbc
4a647
54647
4bafc
48445
4b647
54381
4d50d
47ea4
4c756
48719
509f3
4bec5
47ea7
47ea8
4b557
47ea9
50091
4a194
4bbf0
47eab
4d23b
4abea
4bdd5
4abeb
4a64b
50628
4b55a
47eb0
50093
4a64e
47eb2
54384
4b64a
51094
4f90d
5356b
4baff
4aebc
47eb7
5062d
4bec7
4b64c
54386
50170
4d23f
47ebc
5080e
4b650
51097
4bbf2
47ebf
54651
47ec1
5438a
50094
47ec3
4f910
53dea
4f911
47ec6
53deb
4807e
4bce5
47f8d
4b652
4bce6
47f8f
48446
4bbf3
47f91
4b560
4bbf4
47f93
48538
4b37b
47f95
4b37c
47f96
4bbf5
47f97
5044f
4853c
54a20
47f9a
4bbf7
47f9b
50177
4a739
4c1a5
4a73a
47f9e
4c1a6
4a73c
54481
4feb5
47fa1
54482
50724
4a828
4c294
47fa4
4d8df
4c1a7
4aebd
50268
4aebe
50eb7
4b563
47fa9
50727
4c577
4bcea
54a24
4ffa6
47fad
5026b
47fae
54485
50817
4c296
47fb1
54cfc
5026c
54cfd
5026d
5081a
54487
4feb6
54cff
47fb8
54489
48170
4b82b
48083
4b744
4b82c
48085
4862a
4b46d
48087
4b46e
48088
4bcef
48089
50541
4862e
54566
4808c
4bcf1
4808d
5026f
4a82d
4c29a
4a82e
48090
4c29b
4a830
53fc7
4ffad
48093
53fc8
50820
4a91a
4bdda
48096
4d425
4c29c
4afaf
5035a
4afb0
50fa9
4b659
4809b
4d426
4c66a
4809d
5035c
4b832
50fab
4b833
480a0
5456c
4c29d
4bddc
480a3
54dee
5035e
54def
5035f
5090c
53fcd
4ffae
50273
480aa
53fcf
48262
4b91f
48175
4b28a
4b920
48177
4871c
4b564
48179
4b565
4817a
4b835
4817b
50633
48720
54658
4817e
4b837
4817f
50361
4a91f
4bde0
4a920
48182
4bde1
4a922
540b9
5009f
48185
540ba
50912
4aa0e
4becc
48188
4d517
4bde2
4b0a1
50452
4b0a2
5109b
4b74b
4818d
50915
4c75b
4b924
5465c
4fbde
48191
50455
48192
540bd
509fb
4bece
48195
54ee0
50456
54ee1
50457
509fe
48199
500a0
50365
4819c
540c1
48354
4ba11
48267
4b37e
4ba12
48269
4880e
4b65a
4826b
4b65b
4826c
4b929
4826d
5017f
48812
5474c
48270
4b92b
48271
50459
4aa13
4bed2
4aa14
48274
4bed3
4aa16
541ab
4fbe5
48277
541ac
50a04
4ab00
4bfbe
4827a
4d609
4bed4
4b193
50544
4b194
5118d
4b291
4827f
50a07
4c84d
4ba16
54750
4fcd0
48283
50547
48284
541af
50aed
4bfc0
48287
54fd2
50548
54fd3
50549
50af0
4828b
4fbe6
54fd5
4828e
541b3
4844a
4bb03
48359
4b470
4bb04
4835b
48900
4b74c
4835d
4b74d
4835e
4ba1b
4835f
50277
48904
5483e
48362
4ba1d
48363
5054b
4ab05
4bfc4
4ab06
48366
4bfc5
4ab08
5429d
4fcd7
48369
5429e
50af6
4abf2
4c0b0
4836c
4d6fb
4bb06
50cd2
4d153
53a25
4bfc6
4b385
48371
50af9
4c393
4bb08
54842
4fdc2
48375
50639
48376
542a1
50bdf
4c0b2
48379
54b18
5063a
54b19
5063b
50be2
542a3
4fcd8
54b1b
48380
542a5
489f2
4b292
4844f
4b293
48450
4bb0d
48451
50369
489f6
54930
48454
4bb0f
48455
5063d
4a742
4c1a9
48457
4d7ed
4b19c
4c396
4b19d
4abf9
50be6
4bb12
4845c
5063f
4abfc
4845e
54932
4bc02
50dc4
4d245
53b17
4c0b8
4b477
48463
50beb
4c488
4bc04
54934
4feba
48467
50185
48468
54393
5072f
4c1ab
4846b
54c0a
50186
54c0b
50187
50732
54395
4fdca
54c0d
48472
54397
48630
4c29e
4853f
4bc0a
4c29f
48541
489f8
4c1ac
48543
4bb18
4c1ad
48545
4a744
5045e
4a745
54a2e
4b296
4ca39
4b297
4aceb
50cda
4c1b1
4854c
50737
4acee
4854e
54fd8
4b388
4cb2b
4addb
50dcb
50cdd
4c2a1
50826
4d067
541b5
4ca3a
4c1b5
48556
4de92
4cb2d
48558
50552
4c2a5
50829
4c2a6
4855b
54fdc
4de96
4cb2e
4855e
5082a
4855f
5082b
54a35
4de99
50738
48563
50ce0
54fe1
4aeca
4c399
48723
4d9d3
4c39a
48725
4addc
5082c
4bcfe
54df4
4bc0f
50dd4
4bc10
4b38c
553a1
50558
4ade1
54b1d
4c2ad
4ade3
553a3
4bcff
4d9d6
4b47d
48643
54b1f
4d158
542a6
4d42f
54577
50dda
4c39c
48648
50ebf
4d15a
54578
4d431
553a5
50ec0
4d9db
4864d
50ddb
50ec2
4d9dd
4d15c
5457a
4d15d
48652
4d9df
553a9
5457c
5055b
48657
553ab
4b56c
4cd0d
4afbd
48728
4cd0e
4dac7
4b843
54ee5
50649
4872c
4bdef
4872d
50ec7
4bdf0
4872f
50920
4bdf2
55494
50ec9
4bdf4
48733
4bed8
50fae
4b846
4b481
48736
4d520
48737
50189
48738
55496
4cc23
4c48e
4873b
50fb1
4d24c
5466a
4d523
55497
50fb2
4dacd
48740
54c15
50fb5
4d524
54c16
4d525
4dad0
5549b
48746
54c18
50923
50ecf
48818
4b933
4dbb6
4b65f
48908
4dbb8
4881c
4bee0
4881d
50a11
4afc1
4c490
4afc2
48820
4c491
4afc4
54759
50191
48823
5475a
50fbc
4b0b0
4c57f
48826
4dbbb
4c492
4b74e
5027a
4b74f
50afd
4b849
4882b
50fbf
4ce02
4bfcd
54d06
4d614
4882f
5027d
48830
5475d
510a5
4c581
48833
5558b
5027e
5558c
5027f
510a8
48837
50192
5558e
4883a
54761
489fc
4c0ba
4890b
4ba26
4c0bb
4890d
4ab0c
50280
4ab0d
5484a
4b662
4ce05
4b663
4b0b5
510ac
4bfd5
48914
50b05
4b0b8
48916
54df6
4b752
4c947
4b1a3
51193
4ce82
53fd0
4d705
5484d
510af
4ce06
4bfd9
4891e
4dcae
4c949
48920
5036e
4c0c1
50bf1
4c0c2
48923
54dfa
4dcb2
4c94a
48926
50bf2
48927
50bf3
54851
4dcb5
50b06
54852
510b2
54dff
4b1a4
50bf4
4bb1d
54c1b
4bb1e
4dd9e
4b29d
48a04
4c0c5
48a05
5119d
4c0c6
48a07
50bf6
4c0c8
551be
5119f
4c0ca
48a0b
4d7f6
48a0c
50465
48a0d
54ee9
511a2
4c677
4c1b8
50ce4
4dda1
4c1ba
5073c
4cf77
54eeb
4dda2
4c1bd
551c2
50ce8
4dda5
4cf78
54942
4cf79
48a1a
54eef
50ceb
54944
50377
48a1f
551c7
48aeb
49096
49919
48aee
4c586
49fb7
4909a
48af1
4c678
49a0a
48af3
4c85c
4c950
48af6
52b06
48af8
4dbc4
52830
4d619
49fbe
52832
4e53a
48afc
49fc1
4b758
4cc25
4c952
4d344
50b08
4bfe1
51365
4d61c
48b03
510b5
51367
52194
48b07
4d347
4e53b
4d348
4e53c
48b0a
50288
54762
4dbcc
4d621
48b0d
51274
510b7
51275
48b11
48cce
49a0c
4a0a9
4918b
4c953
4a655
4c0ce
4927a
4cd16
4a0ac
4945f
4ca41
48be7
49afd
48be9
4a0af
4e354
48beb
4dcb7
4e355
48bed
4ebd8
4a0b3
52923
4b84a
48bf1
51cd8
4d70c
511a6
4ce8b
48bf4
4dcba
4c0d5
51458
48bf7
48bf8
4c76d
4d70f
4ebd9
4d710
4ebda
4ce8f
50bfc
48bfd
5136d
4dcbf
4e359
48c00
5145c
48c02
51914
4c1be
48cd1
4a19a
49b00
48cd3
53296
4c76f
4991c
48cd6
4a470
4bc12
48cd8
49643
48cda
49bf4
4cf7a
4e71c
49bf6
52469
4e71d
49bf8
52a14
5246b
53298
4c1c2
4bc13
48ce4
4ddaa
51548
4d7ff
4c1c6
51af4
5046b
48ce8
4c1c9
4c85f
55590
4ddad
5145e
4ddae
51a05
4d803
50cee
4cf82
48cf0
5154d
4e721
5046d
54948
5154f
52288
48dc2
4a564
4bd05
48dc4
49370
49645
48dc7
4c861
49ce3
49374
48dca
4c3a3
51af6
4cc2a
49dd2
4d8ee
4edba
4d06d
48dd0
4edbb
4df8e
53389
48dd3
48dd4
4c3a4
4c2b5
4c2b6
5055c
48dd7
4de9d
4d070
51ebd
50833
4c2ba
51be8
4c956
48dde
4df8f
48ddf
4df90
51dcd
4dea1
5163e
4d8f6
4d075
54a39
4edbf
50835
48de5
54a3b
48eb3
4918e
4cd19
4bdf7
49190
49737
49dd4
49464
4cc2c
4a380
4bdf9
49553
4ca46
48ebe
52924
48ec0
4d9e0
5264c
4d435
49ddb
5264e
4e902
48ec4
49dde
4b574
4ca47
4cd1d
4d160
50924
4bdfd
5172d
4d438
48ecb
50ed1
5172f
51fb0
48ecf
4d163
4e903
4d164
4e904
48ed2
50650
5457e
4d9e8
4d43d
48ed5
51644
50ed3
51645
48ed9
4909e
4cb38
49ec6
49281
4ce0d
48faa
49555
4a746
4beea
49557
48fae
520a2
48fb0
52a16
48fb2
4dad2
5273e
4d527
49ecd
52740
4e9f4
48fb6
49ed0
4b666
4cb39
4ce10
4d252
50a16
4beef
51277
4d52a
48fbd
50fc3
51279
520a4
48fc1
4d255
4e9f5
4d256
4e9f6
48fc4
50196
54670
4dada
4d259
48fc7
51736
50fc5
5127d
48fcb
49191
4c49b
490a2
4ab0f
4a566
4964c
490a5
4a567
4d8f8
4eaea
4a569
52de0
4eaeb
4a56b
5338b
52de2
53660
4d8fa
510b8
4d25b
490af
4e179
4d8fc
52743
490b2
490b3
4d25c
50838
490b5
5191b
4dbd4
4f093
4dbd5
4f094
4d900
490b9
5191c
4eaef
51827
490bd
49283
49fc3
4a658
4973d
49196
52834
49198
4a65b
4e906
4919a
4e269
4e907
4919c
4f184
4a65f
52ed2
4d34c
50928
4c682
51a09
4dcc3
4c684
51fb3
51a0b
52836
491a6
4e26d
54e00
511ad
4d444
4ebdf
4d445
4ebe0
491aa
5191f
4e271
4e90b
491ad
54e03
49284
4982d
4a0b6
49287
53842
4cd20
51fb5
4928b
4e35a
52a17
4ddb3
4a1a3
52a19
4ecd0
4928f
4a1a6
4c773
4e35c
49292
50cf1
4d533
49294
4e35e
4c777
520a6
51738
4ddb7
51afe
50a1d
4929a
4e9fb
4929b
4e9fc
52837
4e362
4ddbb
4929e
51a12
51b01
52838
49377
49920
4b0ba
4a83a
4c864
49bfd
4a381
4dea4
4f366
4d623
4937f
4f367
4e540
53935
49382
49383
4dea6
51bec
50b0d
4c867
51bee
4dea8
49387
4c86a
4c957
4d627
50de4
4cf87
54fe5
4e452
51b02
4e453
520a8
4deac
4d62b
54fe6
4f36b
49392
520a9
4c3a9
4946a
4a92b
4a383
49a14
4946d
4a384
4d714
4eeb2
4a386
52bfc
4eeb3
4a388
531a7
52bfe
5347c
4d716
50ed4
4d077
49477
4df95
4d718
5255f
4947a
4947b
4d078
50c00
4947d
51ce3
4d9f0
4f45b
4d9f1
4f45c
4d71c
49481
51ce4
4eeb7
51bf7
49485
49b03
49de0
4955d
5356c
4ca4a
5228b
49561
4e084
52ced
4dadd
4a479
52cef
4efa6
49565
4a47c
4c49d
4e086
49568
50fc7
4d809
4956a
4e088
4c4a1
51dd3
51462
4dae1
5182c
50747
49570
4e725
49571
4e726
52561
4e08c
4d80f
49574
51ce8
49576
52562
4964e
49bfe
4a47e
49651
53c0a
49653
4ab14
4edc6
49655
4e729
4edc7
49657
4f63e
4ab18
53938
4d25e
4e72a
4cb3f
51ec7
4e183
4cb41
52471
51ec9
52cf2
4deb3
51eca
4d813
49662
4edc9
49663
4edca
52bff
4e730
4e189
49666
51dd6
51ecd
52c00
49741
49cf1
4b483
4b1ae
52473
49746
4e81a
52ed3
4e273
4ac09
52ed5
4f18a
4974a
4ac0c
4cc30
4e274
4974d
50ed9
4d9f7
4974f
4e81e
4cc34
52564
4d904
50eda
4d353
553ae
4e820
51ece
4e821
52474
4e27a
4d9fd
553af
4f733
4975a
52475
4cd21
49834
4acf3
4a74b
4a663
4a83b
4e364
4f820
4dae7
4983a
4f821
4efac
53def
4983d
4983e
4dae8
520aa
4d449
4cd24
520ac
4e368
49842
4cd27
4ce98
4e911
49845
520af
4e36a
4f823
4e36b
4f824
4daee
49849
520b0
4f27f
51fc3
4984d
49a15
4a1a7
4a83c
49ed6
49928
4a83e
4dbd8
4f36c
4a840
530b8
4f36d
4a842
53661
530ba
53ee2
4d53a
510bc
4cf89
49932
4ea01
4dbdc
52a1b
49935
49936
4e45b
55591
510bf
4dbde
4f36f
4dbdf
4f370
4993a
520b3
4ea07
4eaf5
4993d
55594
49a16
49fc6
4a29a
49a19
53a26
49a1b
4a931
4ebe2
49a1d
4e545
4ebe3
49a1f
4fa06
4a935
53754
4d07a
4e546
4c95b
5228f
4df9f
4c95d
52839
52291
52b0e
4dccf
52292
4d62f
49a2a
4ebe5
49a2b
4ebe6
52a1d
4e54c
4dfa5
49a2e
521a6
52295
52a1e
49b0a
4afc9
4aa21
4a38d
4ab1a
4e08e
4faf6
4ddbd
49b10
4faf7
4ecd6
53b19
49b13
49b14
4ddbe
51dd8
4d71f
4ca4e
51dda
4e092
49b18
4ca51
4d16e
4e63b
49b1b
51ddd
4e094
4faf9
4e095
4fafa
4ddc4
551cb
4e63f
4f555
51ddf
49b23
4a1aa
4aa2a
49c03
541b6
49c05
4b0c0
4f372
49c07
4ecdb
4f373
49c09
4fbea
4b0c4
53ee4
4d814
4ecdc
4cf8d
52477
4ecdd
52384
4ecde
5292e
4e737
49c11
52385
4fbed
52479
5292f
4ab1b
4b1b0
4a29e
49cf6
4acf5
4dfa6
4f734
4b1b4
53480
4f735
4b1b6
53a29
53482
542aa
4deb8
51555
4d907
49d00
4f467
49d01
4f468
5329f
4edd1
4dfac
49d04
5247c
49d06
532a0
49de6
4b2a0
4acf7
4ac0f
4ade7
4e916
4fdcc
4e099
49dec
4fdcd
4f558
5439b
49def
49df0
4e09a
5265a
4d9ff
4e09b
4f829
4e09c
4f82a
49df4
51649
4e91c
4f55b
49df7
5256f
49ed7
4a481
4bc15
4b393
52c03
49edc
4efb0
53663
4ea09
4aded
53665
4f91a
49ee0
4adf0
4d262
4ea0a
49ee3
5173a
4ea0b
4fec1
4ea0c
4fec2
4e18f
5274e
4efb6
4f91d
5173c
49eeb
4a572
4a846
49fcb
53fd2
49fcd
4aedd
4f18e
49fcf
4eaf7
4f18f
49fd1
4ffb2
4aee1
53d00
4d630
4eaf8
4d355
5283f
4eaf9
52750
4eafa
52cf6
4e553
49fd9
52751
4ffb5
52841
52cf7
4a937
4afcc
4a666
4a0be
4afce
4e36e
4fafc
4afd0
53848
4fafd
4afd2
53df1
5384a
540c6
4dcd4
51371
4d723
4a0c8
4f283
4a0c9
4f284
530bb
4ebed
4e374
4a0cc
52844
4a0ce
530bc
4a1ae
4bc16
4b66b
4afd7
4b75c
4ece1
50198
4ea10
4a1b4
50199
4f920
54767
4a1b7
4a1b8
4ea11
52a22
4e376
4ea12
4fbf1
4ea13
4fbf2
4a1bc
51a16
4ece7
4f923
4a1bf
52933
4a29f
4a849
4bfe6
4bd09
52fcb
4a2a4
4f378
53a2b
4edd4
4b762
53a2d
4fce2
4a2a8
4b765
4d632
4edd5
4a2ab
51b07
4edd6
5028d
4edd7
5028e
4e55a
52b16
4f37e
4fce5
51b09
4a2b3
4a93a
4b1ba
4a393
5494a
4a395
4b2a6
4fb02
4a397
4f46b
4fb03
4a399
5037e
4b2aa
540c8
4da00
4f46c
4d725
52c07
4f46d
52b18
4f46e
530be
4eeca
4a3a1
52b19
50381
52c09
530bf
4acff
4b395
4aa2e
4a486
4b397
4e739
4fec4
4b399
53c10
4fec5
4b39b
541b9
53c12
54a3e
4e09f
51cea
4daf3
4a490
4f64b
4a491
4f64c
53483
4f561
4e73f
4a494
52c0c
4a496
53484
4a576
4ba32
4b488
4adf3
4b578
4eafd
50560
4e82c
4a57c
50561
4f73c
54583
4a57f
4a580
4e82d
52dea
4e192
4e82e
4ffb9
4e82f
4ffba
4a584
51832
4eb03
4f73f
4a587
52cff
4a667
4ac11
4be02
4bb25
53393
4a66c
4f194
53df3
4ebf0
4b57e
53df5
500aa
4a670
4b581
4d44e
4ebf1
4a673
51923
4ebf2
50655
4ebf3
50656
4e922
52936
4f19a
500ad
51925
4a67b
4ad02
4b583
4a75b
54d12
4a75d
4bc1b
4feca
4a75f
4f833
4fecb
4a761
5074a
4bc1f
54a40
4e377
4f834
4daf5
52fcf
4f835
52edc
4f836
53486
4f292
4a769
52edd
5074d
52fd1
53487
4b674
4bd0b
4adf6
4a84e
4b850
4eb04
50290
4bd0f
53fd8
50291
4bd11
54585
53fda
54e06
4ea16
520b6
4e46a
4a858
4ffbf
4a859
4ffc0
53df7
4f929
4eb0a
4a85c
52fd4
4a85e
53df8
4a93e
4be03
4b852
4b768
4b942
4f471
5092c
4ebf7
4a944
5092d
500b0
54ef7
4a947
4a948
4ebf8
531b2
4e55d
4ebf9
50385
4ebfa
50386
4a94c
521aa
4f477
500b3
4a94f
530c7
4aa2f
4afd9
4c779
4bef6
5375b
4aa34
4fb08
541bb
4f564
4b948
541bd
50476
4aa38
4b94b
4ddca
4f565
4aa3b
5229b
4f566
50a21
4f567
50a22
4eced
532a6
4fb0e
50479
5229d
4aa43
4b0ca
4b39f
4ab23
54b2e
4ab25
4ba38
4fce6
4ab27
4f64f
4fce7
4ab29
50b12
4ba3c
5485c
4e193
4f650
4debd
53397
4f651
532a8
4f652
5384e
4f0ae
4ab31
532a9
50b15
53399
5384f
4b490
4bb27
4b1be
4ac16
4bb29
4eecc
50658
4bb2b
543a0
50659
4bb2d
5494d
543a2
54c22
4e832
51ed2
4e286
4ac20
4fddb
4ac21
4fddc
53c13
4f745
4eed2
4ac24
5339c
4ac26
53c14
4ad06
4c77a
4c1ce
4bb32
4c2bf
4f839
50cf8
4f56b
4ad0c
50cf9
5047c
552c0
4ad0f
4ad10
4f56c
5357a
4eed4
4f56d
50751
4f56e
50752
4ad14
52572
4f83f
5047f
4ad17
5348b
4adf7
4b3a2
4cb44
4c86d
53b23
4adfc
4fed0
54587
4f92c
4c2c5
54589
50842
4ae00
4c2c8
4e195
4f92d
4ae03
52663
4f92e
50ded
4f92f
50dee
4f0b5
5366e
4fed6
50845
52665
4ae0b
4b493
4bd15
4aeeb
554a3
4aeed
4be09
5065e
4aeef
4ffc3
5065f
4aef1
50ede
4be0d
54c24
4e55e
4ffc4
4e288
5375f
4ffc5
53670
4ffc6
53c16
4fa22
4aef9
53671
50ee1
53761
53c17
4b85a
4bef8
4b587
4afde
4befa
4f294
50a24
4befc
5476c
50a25
4befe
54d15
5476e
55597
4ebfd
52846
4e651
4afe8
501a7
4afe9
501a8
53fdb
500b9
4f29a
4afec
53764
4afee
53fdc
4b0ce
4c596
4bfeb
4b94e
4c0db
4f655
510c0
4f387
4b0d4
510c1
50298
550dc
4b0d7
4b0d8
4f388
53942
4ecf0
4f389
50b19
4f38a
50b1a
4b0dc
5238e
4f65b
5029b
4b0df
53857
4b1bf
4b76a
4c960
4c689
53eeb
4b1c4
4fcec
5494f
4f748
4c0e1
54951
50c0a
4b1c8
4c0e4
4dfb1
4f749
4b1cb
5247f
4f74a
511b5
4f74b
511b6
4f47d
5348e
4fcf2
50c0d
52481
4b1d3
4b85d
4c77c
4c0e6
4c86e
4fb16
50cfe
4ce9d
55598
50a2c
4c781
54fef
55599
4b2bc
50390
4b2bd
50391
54861
50d03
4eed5
50392
4e653
53b27
50393
4fb1c
4b2c3
53a37
4b3a4
4b950
4b3a6
4c3b4
4cf8e
50b1c
4c872
5155a
4cf90
4b3ab
50481
5155b
54b36
4fed9
53b2a
4feda
540d0
50b21
4e744
4fedb
4b3b2
52c0f
4fedc
4b3b4
53b2c
4b3b6
54954
4b497
5164b
4b499
4c3b7
50572
4b49b
50ee3
4c3b9
54c26
4ffca
4c3bb
4c3bc
4f750
50ee5
4f751
50ee6
4d085
4b4a3
4f752
53d0a
4f0b8
4f753
53d0c
50578
53d0d
541c3
4be0f
4ca53
542b3
4b58c
500bb
54d17
50755
4b58e
50fd6
4f841
4b590
4b591
4d175
50757
4d176
50758
4b594
53d0f
4f1a9
52df2
4ec00
4b597
52df4
500c1
52df5
4b59b
4bc25
4c599
4bf02
4c68a
4f932
510c6
4d265
553b4
50848
4c59e
54e0b
553b5
4b684
501ac
4b685
501ad
5467d
510cb
4ecf1
501ae
4ea1b
53eef
501af
4f938
4b68b
53e03
4b76c
4bd18
4b76e
4c68c
4d356
50938
4c68e
51376
4d358
4b773
5029d
51377
54efe
4fcf5
53ef2
4fcf6
54498
5093d
4e560
4fcf7
4b77a
52a2b
4fcf8
4b77c
53ef4
4b77e
54770
4b860
4cd2a
4cea2
5093e
4cd2c
51740
4cea4
4b865
5093f
51741
5559d
500c4
53fe0
500c5
5458e
4d455
4ec01
50399
4b86c
530c9
5039a
4b86e
53fe2
4b870
54e0e
4b952
4c962
4cf94
50a30
4ce1f
51286
4cf96
4b957
50a31
51287
550e3
4fc0a
540d6
4fc0b
54680
4d547
4ecf3
5048b
4b95e
531bb
5048c
4b960
540d8
4b962
54f00
4ba44
4c963
4d086
50b22
4c965
51378
4d088
4ba49
50b23
51379
551d5
4fcfc
541c8
4fcfd
54772
4d639
4ede5
5057d
4ba50
532ad
5057e
4ba52
541ca
4ba54
54ff2
4bb36
4ca55
4d178
50c14
4ca57
5146a
4d17a
4bb3b
50c15
5146b
552c7
4fdee
542ba
4fdef
54864
4d72b
4eed7
5066f
4bb42
5339f
50670
4bb44
542bc
4bb46
54b38
4bc28
4cb47
4d26a
5075a
4cb49
5155c
4d26c
4bc2d
5075b
5155d
553b9
4fee0
543ac
4fee1
54956
4d81d
4efc9
501b5
4bc34
52ee5
501b6
4bc36
543ae
4bc38
54c2a
4bd1a
4cc39
4d35c
5084c
4cc3b
5164e
4d35e
4bd1f
5084d
5164f
554ab
4ffd2
5449e
4ffd3
54a48
4d90f
4eb0f
502a7
4bd26
52fd7
502a8
4bd28
544a0
4bd2a
54d1c
4be13
4d17e
50945
4d17f
50946
4be16
54591
4ffd7
53674
4fa2e
4be19
53676
50949
53677
4be1d
4c4b1
54c2b
4daf6
54686
4daf7
54c2c
4d54a
4f29f
50a39
4bf0a
53767
50a3a
4bf0c
54688
4bf0e
554ad
4bff7
4d362
50b29
4d363
50b2a
4bffa
54779
4fc0f
53858
4f666
4bffd
5385a
50b2d
5385b
4c001
4c695
54e0f
4dcda
5486a
4dcdb
54e10
4d72e
4f483
50c1d
4c0ee
5394b
50c1e
4c0f0
5486c
4c0f2
550e5
4c1db
4cf9a
50761
4cf9b
50762
4c1de
5495d
4fdf3
53490
4f84a
4c1e1
53492
50765
53493
4c1e5
4c879
54ff3
4debe
54a4e
4debf
54ff4
4d912
4f0bb
50855
4c2d2
53583
50856
4c2d4
54a50
4c2d6
552c9
4da07
5155e
4d730
50ef4
4f759
50ef5
4d092
54c2f
50ef7
4da09
4f75a
54c30
4c3c8
54b3f
4daf9
51650
4d822
50fe6
4f84b
50fe7
4d184
54d21
50fe9
4dafb
4f84c
54d22
4c4ba
54c35
4dbeb
51742
4d914
510d8
4f93d
510d9
4d276
54e13
510db
4dbed
4f93e
54e14
4c5ac
54d27
4dcdd
51288
4d45a
511ca
4fa2f
511cb
4d368
54f05
511cd
4dcdf
4fa30
54f06
4c69e
54e19
4ddcf
5137a
4d54c
50d10
4fb21
50d11
4ceae
54ff7
50d13
4ddd1
4fb22
54ff8
4c790
54f0b
4dec1
5146c
4d63e
50e02
4f667
50e03
4cfa0
54b41
50e05
4dec3
4f668
54b42
4c882
54ffd
4dce0
5128a
4d641
511cf
4d642
511d0
4d097
551db
511d2
4dfb8
4fd06
551dc
4c974
550eb
4ddd2
5137c
4d733
50d15
4d734
50d16
4d189
552cd
50d18
4e0aa
4fdf8
552ce
4ca66
551e1
4dec4
5146e
4d825
50e07
4d826
50e08
4d27b
553bf
50e0a
4e19c
4feea
553c0
4cb58
552d3
4da0a
51560
4d917
50ef9
4d918
50efa
4d36d
554b1
50efc
4e28e
4ffdc
554b2
4cc4a
553c5
4dafc
51652
4d45d
50feb
4d45e
50fec
4ceb3
555a3
50fee
4e380
500ce
555a4
4cd3c
554b7
4dbee
51744
4d54f
510dd
4d550
510de
4cfa5
550ed
510e0
4e472
4fc14
550ee
4ce2e
555a9
4ceb6
54ffe
51471
54fff
4cfaa
56b57
540df
4cfac
4e381
4cebc
4d371
5486e
4cebe
554ba
53a41
4cec0
4d461
50fef
4cec2
4e92e
500cf
53fee
4d464
50ff2
51473
4d466
5d75c
51746
4d468
53fef
4cec9
53d17
4ceca
554bd
50ff9
4cecc
5d75f
4cece
53ff2
59562
53d19
5d760
53ff3
599e8
54f10
4ced2
59566
59567
4e385
54f11
4ddd6
4ced6
4e657
521ac
4e388
4d739
511d3
4ced9
50c28
4dce7
4cedb
53a44
554c3
51385
4d73e
5229e
51477
4d740
4cee0
552d5
4dcee
554c4
4dcef
51cf4
4cee4
55f75
4dcf2
599ee
552d7
4cee7
56e18
4dcf5
4fb23
50d1b
4ceea
50a46
503ab
4ceec
50a47
555b1
531be
5468e
50d1f
5468f
50d20
4cef1
54f16
50d22
4cef3
552d9
50d24
50a4f
541d0
5ca00
565db
4cef8
552da
50a53
59391
5500b
4cefb
4cefc
53a4b
58fe6
53771
5d20b
53a4c
5d4b0
54963
4cf00
58fea
58feb
53ff9
55650
55651
54f1b
5147d
5500c
4cf06
5573b
5500e
4cf08
599f2
54965
5d4b2
58fed
4cf0b
55653
54f1d
4cf0d
599f4
54f1f
53a54
599f5
54f21
4cf11
5573e
554c8
541d2
590d0
541d3
59395
55010
5d769
56b60
55da2
599f7
55da3
5d213
56b61
4cf1b
5d76c
4cf1d
5d215
565e4
5d216
565e5
58ff0
5d76f
4cfad
4d09a
550f1
53c24
550f2
51564
4cfb1
54a57
566c7
4e475
51a1e
4dbf2
4cfb5
50a56
54f22
50498
4d559
550f4
51565
4d55b
5d2e8
5385c
54d28
510e9
54d29
510ea
4cfbd
555b8
510ec
4d561
5385e
54d2a
4d563
54d2b
4d564
555ba
4d565
59acd
540ec
4cfc5
4d645
50e0b
4cfc7
50b36
4ddd7
51482
4d82a
4ecf6
50499
54f23
4ddda
4cfcc
51567
4dddc
5496a
4d82f
59ace
51568
4d831
51de4
5156a
4dde1
4cfd3
540ee
4cfd4
4dde4
5605e
5156c
5d2ef
56060
4dde7
56f01
54b4a
5d2f0
56f03
5049b
540ef
4feec
4cfdd
540f0
5049e
5156e
50b3a
53b3c
4cfe1
53861
4cfe2
54b4c
50e13
4cfe4
54b4d
50e15
4cfe6
5cd93
4cfe8
56148
50b43
5cae5
5459b
5947a
553cd
4cfec
5947c
5614d
532b2
54782
50e19
54783
50e1a
5501d
50e1b
5cd98
53b41
4cff3
51486
5501f
51487
4cff6
55746
541da
55824
54b53
4cff9
566ca
55827
53588
590dc
53589
5cd9a
540f2
53b45
55748
55023
4d000
5cd9b
590de
4d002
5939d
541db
4d004
5d2f4
55e8a
5cae6
5614f
5cd9d
566cd
54b57
4d009
591bc
4d00a
591bd
550fb
4d00c
59adc
5582c
566d1
4d010
59482
4d011
59483
59adf
590e1
4e0ab
51655
4d18d
5459d
4d0a2
551e5
53d1b
4d0a4
4d647
511d5
4d0a6
4e566
4fd07
541dc
4d64a
511d8
51389
4d64c
551e7
51659
4d64e
541dd
4d0ad
53efb
4d0ae
550fe
511df
4d0b0
5d3cf
4d0b2
541e0
59736
53efd
5d3d0
541e1
59bb0
54b5b
4d0b6
5973a
5973b
4dfbd
54b5c
4da0e
4d0ba
4e83b
51de5
4dfc0
4d91d
50e1e
4d0bd
50860
4decd
4d0bf
53c2a
55104
51577
4d922
554c9
5165c
4d924
4d0c4
554ca
4ded4
55105
4ded5
5192e
4d0c8
55bcd
4ded8
59bb6
554cc
4d0cb
56fec
4dedb
4f75b
50eff
4d0ce
50c2c
5058f
53c2d
50c2d
551ea
533a2
5487d
50f03
5487e
50f04
4d0d5
54b61
50f06
4d0d7
554ce
50f08
50c35
543b4
5cbc8
56233
4d0dc
554cf
50c39
5956b
54c47
4d0df
4d0e0
53c31
591c0
53955
5ce7b
53c32
5d678
545a0
4d0e4
591c4
591c5
541e7
5582e
5582f
54b66
51662
54c48
4d0ea
5590f
54c4a
4d0ec
59bba
545a2
5d67a
591c7
4d0ef
55831
54b68
4d0f1
59bbc
54b6a
53c3a
59bbd
54b6c
4d0f5
55912
55109
543b6
58d28
543b7
5956f
54c4c
5d3d9
567b8
55f7c
59bbf
55f7d
5ce83
567b9
4d0ff
5d3dc
4d101
5ce85
5623c
5ce86
5623d
591ca
5d3df
4d191
4d27e
552dd
53e0c
552de
5174a
4d195
54698
5689b
4e0ad
51c02
4da10
4d199
50953
553ce
5067c
4d478
545a6
51668
54c50
4da15
4d19e
51a20
4da17
4d1a0
59c95
51a21
4d47f
54c51
4d480
4ddea
5138a
4d747
50d2f
5067d
54881
4fdfc
4d1a8
51cf7
50d33
4d1aa
54d30
50d35
54971
4d74e
54972
4d74f
552e2
542d3
4d751
4d1b0
4d753
54973
4d1b2
54974
4d1b3
54c52
4d1b4
592ad
4d757
5d4ba
4d1b7
5076f
551f7
4e0b2
4da1c
55cb6
51752
5d4bb
55cb8
4da1f
570d5
54d32
5d4bc
570d7
5067f
542d7
500d2
4d1c1
50592
545aa
51754
50774
53d24
4d1c5
5349d
4d1c6
54c56
51004
4d1c8
54d35
51006
4d1ca
5cf5b
4d1cc
5631c
5077d
5ccad
54787
59654
555ca
4d1d0
59656
56321
52eea
54977
5100a
54978
5100b
54c59
5100c
5cf60
53d29
4d1d7
5166b
54c5b
5166c
4d1da
5591a
543be
559f8
54d3b
4d1dd
5689e
559fb
53774
58d34
53775
5cf62
542da
53d2d
5591c
54c5f
4d1e4
5cf63
58d36
4d1e6
59577
543bf
4d1e8
5d4c0
56064
5ccae
56323
5cf65
568a1
54d3f
4d1ed
58e14
4d1ee
58e15
552e7
4d1f0
59ca4
55a00
568a5
4d1f4
5965c
4d1f5
5965d
59ca7
58d39
4e28f
5128e
4d377
54789
4d286
553d1
53eff
4d288
4d568
4db04
51759
4d56a
4efcc
501c1
54c63
4db07
4d28e
5175a
4db09
4d290
51b12
4db0b
4d571
543c0
4d293
546a2
4db0e
4d295
543c1
4d296
4e74b
4dedd
5148a
4d83a
50e22
4d299
50783
50e24
51295
4d83e
5d598
5157b
4d840
543c3
4d29f
53b4b
4d2a0
552ec
50e2b
4d2a2
5d59b
53b4c
552ee
5358d
593a1
53e12
593a2
53e13
5d59d
552f0
4d84a
4dbf3
5175d
4d929
510ef
51b14
4d2ac
55da7
4db12
59826
5510d
4d2af
56c44
4db15
4f93f
510f0
4d2b2
50864
50683
53e15
50865
553d6
52fda
54a6b
510f4
54a6c
510f5
4d2b9
54d49
510f7
4d2bb
5510f
510f9
5086d
53ffd
5c838
56407
4d2c0
55110
50871
5973f
54e2d
4d2c3
4d2c4
53e19
58e18
53591
5d043
53e1a
5d2fc
5478c
4d2c8
58e1c
58e1d
544b0
55ae2
54e2f
4d2cc
56988
55ae5
5175e
54d4d
5175f
4d2d0
55a04
5478e
5d2fe
58e1f
4d2d3
55a05
54d50
4d2d5
5982c
54d52
53e22
5982d
54d54
4d2d9
55ae6
54e31
59742
55bd3
5c83b
552f5
54e32
5d5a5
5698c
55bd4
5982f
55bd5
5d04b
5698d
4d2e3
5d5a8
4d2e5
5d04d
56410
5d04e
56411
58e22
5d5ab
4d37b
50955
553da
4e292
4d65a
4dbf6
4d37f
4e568
520bb
502b5
4d65e
51102
4d382
5138b
4dbfb
54793
4d661
59904
5138c
4d663
551fc
5138e
4dc00
4d389
544b3
4d38a
4e83d
4da23
5157c
4d92c
50f14
4d38d
50875
50f16
4d38f
54f29
50f18
4d391
53c3c
553de
5367d
5d67d
544b6
4d934
5d67e
554d5
50f1e
53c3e
553e1
5367f
5948b
53f04
5948c
53f05
5d681
553e3
4d93c
51391
56d2a
54f2a
4d39f
56d2c
51c07
5990b
55e94
4d3a2
4d3a3
50957
54795
502ba
501c9
502bc
4d3a7
54f2c
511e7
54001
5095b
54002
5095c
54f2d
53f0a
5095e
55200
5497b
50960
4d3af
50962
592b0
540f6
5d124
54f31
4d3b3
564f3
50966
5d126
592b5
53682
54e3e
530cf
58f03
53956
58f04
53957
5d3e1
54e40
511f4
53f0e
553e4
54798
512a6
4d3bf
54888
56a70
554d8
51397
5d685
56a73
53f0f
59748
5488a
5d3e3
5488b
53f10
4d3c7
553e6
53f12
5d686
55af2
54e47
5d687
58f0b
540f7
58ff2
540f8
592b7
544c0
4d3cf
59912
55660
54f39
592b8
54f3a
592b9
55661
55662
5d68c
4d3d6
59915
55cc0
59916
55cc1
4d3da
5d133
5974d
4d484
51a24
51762
54f3b
4d578
570d9
546a9
4d57a
4e931
5166f
4d93f
545b6
4d48c
554dc
54008
4d48e
4da24
545b8
4d490
545b9
4d491
55924
53d33
55925
5400a
59f41
4d495
4ec05
52758
4e934
4dcfc
522a0
5148c
4dcfe
5400b
4d49a
5400c
4d49b
51a28
4e29e
4d49d
51fca
4e2a0
4dd04
5148d
57390
522a3
4d4a2
564fe
4e2a5
59f47
56500
4d4a5
4d4a6
50877
54e4e
5502d
4d4a9
5574f
51013
56b66
5479b
5d775
55752
51016
51677
54e4f
51678
4d4b0
554e3
5167a
4d4b2
546aa
570dc
555d5
51766
4d4b5
59f4a
55cc5
51a31
4d4b8
554e4
4d4b9
5957b
54011
4d4bb
5957c
54013
5d778
55bde
54015
4d4bf
55cc7
555d7
59664
55755
5cf6f
55756
59cb2
55757
5d77b
570e2
555db
4d4c6
59f50
5957f
56b6e
5d77e
56b6f
4d4cb
5d77f
4d4cd
59f53
4e569
512a7
4d669
5479e
4d57e
55114
541ec
4d580
4db16
546ac
4d582
546ad
4d583
55a0e
53e25
55a0f
540fe
5a025
4d587
4ecf7
5284b
4ea26
4ddee
51de6
5157e
4ddf0
540ff
4d58c
54100
4d58d
51b1a
4e390
4d58f
520bc
4e392
4ddf6
5157f
5747a
51de9
4d594
565e8
4e397
5a02b
565ea
4d597
4d598
546b1
50a5b
54b73
4d59b
55839
51105
566d4
5488d
5d301
5583c
51108
512aa
55031
4d5a1
55dad
55dae
5176c
54f45
5176d
4d5a5
555e2
5176f
4d5a7
5a02e
55daf
51b23
4d5aa
555e3
4d5ab
5966b
54105
4d5ad
5966c
54107
5d304
55cd2
54109
4d5b1
55db1
5511d
5974e
5583f
5d053
55840
5983e
55841
5d307
56c50
55121
4d5b8
5a034
5966f
566dc
5d30a
566dd
4d5bd
5d30b
4d5bf
5a037
4e65b
4d66e
4d75b
54890
4d670
55208
542e0
4d672
4dc08
547a2
4d674
547a3
4d675
55af8
53f17
55af9
541f0
5a109
4d679
4ede9
52391
4e56c
4dee0
541f1
4d67c
541f2
4d67d
51c0b
4e480
4d67f
51c0c
4e482
4d681
521ae
4e484
4dee8
5167d
57564
51edc
4d686
56156
4e489
5a10f
56158
4d689
4d68a
547a7
50b4d
54c67
4d68d
55929
511f7
567be
5497f
5d3e5
5592c
511fa
512b2
55039
512b3
4d694
55128
512b5
4d696
54892
56d34
5520f
5139e
4d699
5a112
55e99
51c15
4d69c
55129
4d69d
59755
541f7
4d69f
59756
541f9
5d3e8
55dbc
541fb
4d6a3
55e9b
55211
592bc
5592f
5d137
55930
59922
55931
5d3eb
56d3a
55215
4d6aa
5a118
59759
567c6
5d3ee
567c7
4d6af
5d3ef
59927
55e9f
4e74d
51491
4d84d
54982
4d762
552fa
543d2
4d764
4da2a
4f485
4d766
4eedc
4dfc3
54894
4da2d
54895
4da2e
51fcc
51771
4da30
54b7c
51c19
4da32
52574
51d00
4dfcb
53a5e
554e9
513a2
5566b
513a3
4d773
54f49
4d774
5566e
4dd0a
51772
5764e
51fcf
4d778
56240
4dfcf
5a1f3
56242
4d77b
4d77c
50b4f
54b7e
54d59
4d77f
55a13
50d3d
568a8
54a71
5d4c9
55a16
50d40
513a4
54b7f
513a5
4d786
5521c
513a7
4d788
54984
56e1e
55301
51496
4d78b
5a1f6
55f83
51d07
4d78e
5521d
4d78f
592c3
542eb
4d791
592c4
542ed
5d4cc
55ea6
542ef
4d795
55f85
55303
593a6
55a19
5d21b
55a1a
59a08
55a1b
5d4cf
56e24
55307
4d79c
5a1fc
592c7
568b0
565f1
5a1fd
4d7a1
5d4d3
4d7a3
5a1ff
4e83f
51583
4d945
54a74
4d854
553ec
544c4
4d856
4db1c
4f577
4d858
4efce
4e0b5
4d85a
520bf
4e0b7
54986
4db21
54987
4db22
54c70
51845
4db24
4d860
54c71
4e0bd
53b50
555e8
5149a
55761
5149b
4d865
5503d
4d866
55764
4ddfc
512b8
571bc
520c1
4d86a
56330
4e0c1
59d7f
56332
4d86d
4d86e
50785
54c72
54e54
4d871
55afd
50e2f
56992
545c3
5d5ad
55b00
50e32
5149c
54c73
5149d
4d878
5530e
5149f
4d87a
54a76
56f08
553f3
51588
4d87d
56f0b
5606e
51d0e
4d880
5530f
4d881
593ad
543dd
4d883
593ae
543df
5d5b0
55f90
543e1
4d887
5606f
553f5
59490
55b03
5cda7
55b04
59aec
55b05
5d5b3
56f0e
553f9
4d88e
55a23
5d5b5
5699a
5615f
59d89
4d893
5d5b7
4d895
59d8b
4e1a5
5184e
4dc0f
4f0be
513a8
4dc11
59e5c
51589
54d61
4e1aa
553fb
4e1ab
4d950
54d63
4e1ad
4d952
59e5f
4d954
541fc
5584a
544c9
59e60
54a7c
4deec
5512f
4deed
59bc8
5584f
51940
4d95b
56419
4e1b2
572a8
51942
4d95e
572aa
4e1b5
50786
50879
4d962
554ed
50f20
56a7b
546b6
5ce88
55673
4d966
56a7e
55675
51852
553fe
51853
51590
56076
54a80
51681
54e56
4d96d
55be3
55be4
51854
4d970
56ff5
55be6
53f18
55b08
53f19
59929
545c7
4d975
56079
55b0a
4d977
59499
55404
4d979
5d695
55676
5ce8a
56245
5d696
56246
59e6a
56247
4d97e
59bd1
55be9
5567a
59bd2
5567b
4d982
59e6d
5949b
4d985
59e6e
4d987
5d69c
4da36
51d0f
51777
54c76
4db2a
57655
54c77
4db2c
4eedd
51684
4def1
545c8
4da3e
51ee0
545c9
4da40
4dfd2
5489e
4da42
5489f
4da43
545ca
4da44
55ead
4dfd6
5a202
4da47
4f1b1
4e844
51ee1
4e2aa
51ee2
4da4a
51c24
4da4b
51fd3
4e848
4da4d
51fd4
4e84a
4da4f
52576
4e84c
4e2b2
51779
5a203
56a87
4da54
5284e
4e851
5790f
51fd9
4da57
4da58
50e34
5540b
51ee5
56160
51ee6
51c27
5a4a1
545d1
59f54
5593b
51690
5a205
545d4
51692
5a4a3
51fda
5624a
51d13
4da64
5765a
54d68
570e6
55a25
59cbc
55cd8
5a4a4
5765b
5624e
4da6a
5a20a
5765d
5540d
51fdd
4da6e
55bef
545d6
4da70
56251
55a27
59cbf
55bf0
4da73
55a28
59cc1
55a29
4da76
59cc2
56252
57661
4db2d
4dc1a
520c2
51856
555ea
512be
4db31
555eb
571c5
51d15
55314
514a1
55f95
51783
55f96
51784
5a57d
54c7c
4e0c9
4e935
51fde
4e39b
4f850
51785
54c7d
4e938
54c7e
4e939
4db3e
52393
4e93b
4db40
55500
4e93d
4db42
5a581
4db44
56b70
4e941
59d90
51b2d
579f8
52395
4db48
579fa
56b75
51017
4db4b
512c1
54d6c
4db4d
56335
520ce
4db4f
55dc0
4db50
5699d
512c6
56c56
512c7
4db53
59d93
51d1a
55502
51d1b
51789
56256
5410c
55cdc
546c6
4db59
55cde
5178d
4db5b
59d95
56339
51d1d
4db5e
5a58a
571cc
555ee
5a039
55504
54d6d
4db63
5699f
4db64
55a2f
5a58c
569a0
55dc5
59d99
4db69
5a58e
4db6b
59d9b
4ec07
513b0
4dd0d
548a0
4dc22
521b6
548a1
4dc24
4e1b6
54d6e
4e1b7
59e70
51592
54d6f
4e1b9
55410
4e1ba
59e72
4dc2b
4f395
5293d
4eb18
4e48e
520d1
4dc2e
5185f
4dc2f
521b7
4ea2c
4dc31
521b8
4ea2e
4dc33
5275a
4ea30
4e496
513b3
59e73
566df
4dc38
52487
4ea35
57ae3
521bd
4dc3b
4dc3c
54d73
5110a
520d4
5633e
520d5
51862
5a669
547b7
5a11c
55b15
512d2
59e75
547ba
512d4
5a66b
521be
5641e
5194b
4dc48
572b2
54f4c
56d3e
5567d
5992c
55eb2
5a66c
572b3
56422
4dc4e
59e7a
572b5
555f5
521c1
4dc52
55dc9
547bc
4dc54
56425
5567f
5992f
55eb4
59e7c
55eb5
55b18
55dcb
4dc5a
59932
56426
572b9
4dd11
4ddfe
522a6
51a3e
55224
514a4
4dd15
55225
57399
4ec09
5275b
4e56e
4dd19
5194d
55136
513be
5a744
51d1e
4dfdd
5a745
521c4
4dfdf
5a746
522ab
4dfe1
4dd21
4e2b3
54e62
4e2b4
59f56
51693
54e63
4e2b6
55506
4e2b7
59f58
4dd28
567c8
4e579
59f5a
51d20
57bcc
5257b
4dd2c
57bce
567cd
511fb
4dd2f
513c1
54e66
513c2
4dd32
54e67
513c4
55682
513c5
59a0e
55684
4dd36
59a0f
5642c
514a7
54f50
4dd39
56509
522b2
4dd3b
55f9a
4dd3c
56b77
514ac
56e2a
514ad
4dd3f
59f5f
54e68
51a42
4dd42
5a752
573a0
55228
5a211
5513c
54f51
4dd47
56b79
4dd48
59f62
55ebb
56b7a
5a755
56b7b
4dd4d
5a756
4dd4f
59f65
4edeb
51594
4def7
54a84
4de06
51dee
54a85
4de08
4e0ca
4fb25
4de0a
4f57a
4e661
54996
4e0cd
54997
4e0ce
5266a
51865
4e0d0
5522b
51df1
4e0d2
4de12
5522c
4e669
51a45
5a2d4
54999
4de16
5410e
55ce4
5410f
5a03b
54f56
4e3aa
51597
5a03d
568b9
4de1c
5266c
4e66d
5773b
51df5
4de1f
4de20
54f57
511fe
522b8
56512
522b9
51a4a
5a2d9
5499d
59d9c
5576d
514b8
5a03f
549a0
514ba
5a2db
51df6
565f2
51b33
4de2c
57486
54b90
56f12
55851
59af4
56086
5a2dc
57487
565f6
4de32
5a044
57489
565f8
522ba
4de36
55fa3
549a2
4de38
565f9
55853
59af7
55fa4
4de3b
55854
59af9
55855
4de3e
59afa
565fa
5748d
4defb
4e1bd
4f66b
4edee
52397
4e754
54a88
4e1c0
54a89
4e1c1
5275c
51957
4e1c3
5531d
51dfd
4e1c5
52d05
51eeb
512d5
55046
4e498
5513e
4e499
55047
4e49a
5a11f
51b39
4df0b
4e75c
57822
51696
5a3ba
51eed
4df0f
569a5
4e760
5a3bc
57827
54a8c
50d44
51b3a
55320
51b3b
515a7
565fe
544d6
5608a
54a90
4df19
5608c
515ab
4df1b
5a124
51c2d
55412
51698
5756f
5616c
5169a
567ce
5169b
56ffd
55942
5a126
5616d
5169e
5a3c1
56601
5616f
51e00
4df27
5a3c3
55859
4df29
56171
5504d
54c85
56fff
5585a
5a3c4
4df2e
57000
4df2f
57001
4df31
5a12c
4df33
5a3c7
4dfe4
522bb
5169f
54c86
4e0d8
57bd1
522bd
4e0da
4f489
4dfea
4e49f
5248b
4dfec
55140
51c32
4dfee
4e57e
548b1
4dff0
548b2
4dff1
54b96
4dff2
56435
4e582
5a75a
4dff5
4e855
4fd0b
4dff7
4f760
4edf2
5248e
4e858
5257f
515b1
4e85a
54b99
4e85b
52df8
51fe6
4e85d
533a6
52582
51d25
5a75b
57003
4e002
52dfa
4edfd
57e8b
52585
4e005
4e006
52491
4e007
5a9f9
55147
51c38
56174
51d27
55233
516a3
5a212
54c89
4e00d
566ed
54b9d
4e00f
56176
54b9f
5a9fb
566ef
54ba1
4e013
567d6
52588
4e015
5625e
4e016
56e2f
51d2c
57664
51d2d
4e019
5a761
55149
522c0
4e01c
5a9ff
56261
5a217
5a218
55ec1
56262
5a765
56263
566f2
5a766
57bdc
5a21b
4e1c7
5266e
4e0dd
51e02
5773e
54d79
4e1cb
57740
4e0e1
522c1
5651c
51a4d
5a2e4
522c2
5aad4
54c8b
4e0e5
56520
56521
4e0e8
4f851
4eee3
5258a
4e949
522c4
4e0eb
5258c
4eee6
4e0ed
522c5
4e0ee
52672
4eee9
4e0f0
52c14
4eeeb
4eeec
57f72
5186c
5aada
52676
4e0f5
570ef
4eef0
5aadc
57f77
522c6
567de
567df
54c8f
51793
54d7a
4e0fc
54c90
4e0fd
56265
51796
57743
52679
5186f
5a2e9
56090
59afc
56349
4e103
56f1a
4e104
59da0
57747
51d35
4e107
5523c
51d37
59da1
55faf
4e10a
59da2
567e4
51e06
4e10d
5a2ef
57749
56093
59afd
56268
4e111
56094
59da5
56095
4e114
59da6
568c6
5aae7
4e1cd
4e2ba
52760
5195d
55417
512d8
4e1d1
52762
5782b
51b3e
55329
515b6
56607
51875
56608
51876
5abb9
5532b
4e767
4efd3
5267c
4ea39
4fef0
51797
54d7e
4efd6
4e1dd
5267f
4efd8
5532d
4efd9
4e1e0
52a32
4efdb
4e1e2
5abbd
4e1e4
56c5a
4efdf
5a3cc
521d7
5805e
52a34
4e1e8
58060
56c5f
51879
5634e
51961
55419
512db
59e82
54e6f
4e1ee
52680
4e1ef
5abc1
5532f
51e0d
5187c
568cc
54d84
4e1f4
56351
5187f
4e1f6
5a3ce
51ef7
4e1f8
5782f
55507
572ba
55bff
59e85
5643a
5abc5
57830
569ad
4e1fe
5a3d2
57832
569af
55508
572bd
55c02
59e88
55c03
4e204
5a3d5
56353
568d1
4e208
569b1
5abcb
4e2c0
51fe9
513cb
54f5e
4e3ae
57913
51feb
4e3b0
4eb19
4f1b5
52d07
4eb1b
4e2c8
51969
5541b
512de
4e589
5ac9c
5196a
5ac9d
522ca
4e58c
5ac9e
52857
4e58e
4e2d0
51efb
5617a
51c40
5a4ae
51efc
5aca0
54e73
4e2d4
5617e
5617f
52859
4e2d7
58147
4eb26
56d46
522cd
5aca3
56d48
4eb29
512e0
54e74
512e1
4e2de
569b4
548b3
5a768
51fec
56a92
548b4
5a769
5550c
5196f
4e2e4
55422
51971
59f67
55c07
4e2e7
59f68
569b8
51a54
57918
56a95
51a56
570f2
51a57
573a5
55cea
5a4b6
56a96
51a5a
5acaa
569b9
56a98
5285f
4e2f3
570f5
4e2f4
5a4ba
56443
570f6
5acad
570f7
4e2f9
5acae
4e2fb
5a4bd
4f397
51b40
4e4a5
52399
4e3b4
555fc
51b42
4e3b6
4e676
500d3
4f2a8
52dfd
4ec0d
52861
4e679
52862
513d3
4e67b
54f63
4e67c
52c16
51e11
4e67e
531c2
5239e
4ec15
51d3b
5550f
5179e
5626b
51a5d
5626c
51a5e
5a82d
55511
4e956
51b43
5a595
56e35
4e3ca
52c18
4ec19
57cb7
523a1
4e3cd
4e3ce
52864
4e3cf
5a831
55513
51a60
56528
51b45
555fd
514c1
5a04a
55053
4e3d5
56a9f
54f69
4e3d7
5652a
54f6b
5a833
56aa1
54f6d
4e3db
56b7e
523a4
4e3dd
5660c
4e3de
56c61
51b4a
57490
51b4b
4e3e1
5a59b
55515
520e0
4e3e4
5a837
5660f
5a04f
5a050
55cf3
56610
5a59f
56611
56aa4
5a5a0
57a08
5a053
4e768
4ecfe
523a6
4e76a
4fc1a
514c3
55054
4ed01
4e4ae
523a9
4ed03
55600
4ed04
4e4b1
52d09
4ed06
4e4b3
5a90f
51881
55601
512e4
56355
51b4f
56356
51b50
5a911
55603
4ea48
51c41
5a679
56f1f
4e4bc
52d0a
4ed0b
57da1
5249a
4e4bf
4e4c0
523aa
4e4c1
5a915
55605
51b52
56612
51c43
5514c
515b9
5a12e
54ba5
4e4c7
56b89
5505b
4e4c9
56614
5505d
5a917
56b8b
5505f
4e4cd
566f6
5249d
4e4cf
56180
4e4d0
56d4b
51c48
5757a
51c49
4e4d3
5a67f
55607
521db
4e4d6
5a91b
56183
5a133
5a134
55ddd
56184
5a683
56185
566fc
5a91e
4e4de
5a137
4e681
4fb2a
4e591
522cf
5814c
51c4c
4e685
5814e
4e595
4ea4a
52a36
51b59
5514e
512e6
4e599
52a38
58065
51975
55424
512e8
569bd
512e9
4e59e
54e7d
4e59f
569c0
4eb2f
4f39b
52a39
4ee01
502be
512ea
52a3a
4f39e
55153
4f39f
4e5a6
52a3c
4f3a1
4e5a8
533a9
4f3a3
4e5aa
5af4d
4e5ac
5757e
4f3a7
5acb4
52593
58406
533ab
4e5b0
58408
57583
51b5e
55154
51b5f
512ee
56c68
5277f
513d9
52b32
4e5b7
56d51
522d4
57bde
5652f
59f71
52a3e
51c4f
56444
51c50
5a76b
52780
521e7
5a76c
56447
4e5c0
5a76d
56c6d
522d5
58152
56d53
522d7
57be0
56531
5acb9
56d54
522da
5af56
58156
56d57
56448
5af58
4e5cc
57be2
4e5cd
57be3
56c6f
4e5d0
56d59
5af5b
4e688
523ad
514cb
52c1b
4e776
57cbb
523af
4e778
513db
54f6e
4ec1d
55244
4ec1e
5a83c
51ff9
5a83d
55245
4e692
4eef2
4f48e
52b36
4eef4
503b0
513de
52b37
4f491
55247
4f492
4e699
52b39
4f494
4e69b
52eef
4f496
4e69d
5b031
52c21
4e69f
584ef
4f49a
5766a
52686
5b033
5766c
4f49d
513e0
52b3a
513e1
4e6a6
5524a
513e3
4e6a8
523b0
57cbe
55335
515bb
57494
515bc
5774d
51c56
4e6ad
5524b
4e6ae
567ef
51e1b
57cc0
56e3d
51e1d
5774e
5661b
5a843
56e3e
51e20
5b038
52b3c
5524c
4e6b7
567f1
522e5
4e6b9
5a846
56e40
52c27
4e6bc
5a848
567f3
57498
568d7
5a849
4e6c1
5b03e
4e6c3
5a84b
4f761
51f08
4e867
524a0
4e77c
55427
51f0a
4e77e
4ed0e
523b3
4e780
523b4
4e781
56b92
51b62
56b93
51e22
5b111
4e785
4fef1
4f580
52c28
4efe6
51e23
4e788
51e24
4e789
52c2a
4f584
4e78b
52d10
4f586
4e78d
532b6
4f588
4efee
51f0b
5a923
571d7
4e792
52fe3
4f58d
585db
52d15
4e795
4e796
523b8
4e797
56e45
523b9
4e799
5a925
51f0d
56f24
51886
4e79c
569c2
4e79d
57585
4e79e
5533d
4e79f
568d9
51d48
4e7a1
56e49
56620
51e2a
5a926
55340
51e2c
5b11c
52d17
51f10
5a928
569c4
4e7a9
57587
4e7aa
5a3df
57dad
524a4
4e7ad
5b11f
57588
569c7
5a92c
568dc
5a3e1
56e4c
5a92e
57db0
5a3e3
4e957
4f854
4e86d
51ffb
57e8e
51978
4e95b
57e90
4e871
4ffe3
53593
4f764
4eb32
51f15
4e874
51f16
4e875
52d1c
4f0ca
4e877
52e02
4f0cc
4e879
533ac
4f0ce
4eb3a
515c3
54ba8
4ee0c
5542c
4ee0d
5aa06
521ec
5aa07
5542d
4e881
4f0d0
586c2
51ffe
5b1fa
52e06
4e885
572c3
4f0d4
5b1fc
586c7
51f19
56f2e
5542f
51f1a
5b1fd
56f31
51979
5551a
516b2
57e93
56270
5a21c
56aad
5a4be
56f32
51f1b
569c8
54e7f
5acc1
52d20
55432
4e895
569cb
51f1f
4e897
5aa0d
52599
4e899
57e95
56272
5a4c2
56aaf
5b201
57e96
57013
4e89e
5aa11
57e99
569cc
4e8a1
56274
5a4c5
56275
4e8a4
5a4c6
57016
57e9b
4e95d
52687
4f946
51a69
5560a
517a2
4e961
52946
57f7b
4f855
533ad
4f1b8
4e965
5197d
5551c
516b4
5ad80
5197e
4ec27
5ad81
523bc
4ec29
5ad82
52949
4ec2b
4e96d
4eefd
5259d
4e96f
5259e
4e970
567f6
51d4a
567f7
5200a
5ad85
4e974
573b0
4f1c3
5aaee
523be
58232
531c9
4e978
58234
573b5
520f1
57a0a
5635b
59da9
51980
55520
51981
516ba
5701a
525a2
517a3
5294e
4e981
570f9
52e11
51a6d
56276
51a6e
5a5a3
525a3
5200f
5a5a4
56279
4e988
5a5a5
5701f
520f3
57f7e
570fb
520f5
57a0c
5635d
5aaf3
570fc
520f8
5ad8e
57f82
570ff
5627a
5ad90
4e994
57a0e
4e995
57a0f
57021
4e998
5aaf9
57f85
4f947
52ef3
4f2aa
4ea57
51a6f
5560e
517a6
5ae64
51a70
4ed19
5ae65
524ae
4ed1b
5ae66
52a42
4ed1d
4ea5f
4efef
5268f
4ea61
52690
4ea62
568e0
51890
568e1
520fc
5ae69
4ea66
5749a
4f2b5
5abd2
524b0
5831c
532bb
4ea6a
5831e
5749f
51b63
5515e
512f3
58067
5644a
59e8c
5670b
5a686
520fd
57102
55613
520fe
5ae6d
57105
52957
51b65
56360
51b66
5a687
52695
52101
5a688
56363
4ea7a
5a689
57109
521f1
58068
56c73
521f3
57af6
5644d
5abd7
56c74
521f6
5ae72
5806c
56c77
56364
5ae74
4ea86
57af8
4ea87
57af9
4ea89
5abdc
4ea8b
5ae77
4eb3c
52e13
513e6
52e14
4ec30
586c9
52e15
4ec32
4ffe5
52788
4eff7
52789
4eb44
52106
5278a
4eb46
4f0d6
52d24
4f0d7
5b208
515ca
52d25
4f0d9
55437
4f0da
5b20a
4eb4d
4f3ad
5087a
4ffe8
53594
4f94c
5278d
4f3b0
5278e
4f3b1
530db
52109
4f3b3
5395c
52b3e
4f3b5
53f1a
530de
5287d
5b20b
57afb
4eb5a
5395e
4f957
58983
530e1
4eb5d
4eb5e
5278f
4eb5f
571e3
52790
4eb61
55160
4eb62
56c7b
52793
5b4aa
571e5
52795
4eb66
5287f
586cc
521fb
5189b
4eb69
56d64
4eb6a
57927
4eb6b
5b4ac
569d1
4eb6d
571e9
530e3
52882
5b210
56d66
4eb71
57929
4eb72
5acc7
586d1
52e18
4eb75
5b4af
4eb77
5b214
56d68
56abd
5acc9
571ea
5b216
586d4
5accb
4ed1f
4fc1e
4ec35
522e9
58236
51a78
4ed23
58238
4ec39
52887
4ec3a
57023
4f1ca
525a4
4ec3c
525a5
4ec3d
57026
57027
4ec40
503b1
4fa3d
530e6
4f4a1
521fd
4ec43
5198b
4ec44
530e8
4fa41
4ec46
531ce
4fa43
4ec48
53778
4fa45
4fa46
58a6a
523c4
5b58a
531d2
4ec4d
57be7
4fa4a
5b58c
58a6f
52200
572d6
52201
5198e
5b58d
5288d
5b040
56abf
513f3
5ad99
52890
513f5
5b58f
522ec
573b6
51a7a
4ec5a
5ad9b
56ba2
5a5ac
56e4f
5a850
572dc
55253
5b041
531d5
523c8
5ad9c
56e50
4ec62
57a13
4ec63
5a853
5823f
52892
4ec66
5ad9f
58241
56d6e
4ec69
56ba6
5a855
56ba7
4ec6c
5a856
573be
58243
4ed25
4ee12
532bc
51b69
532bd
515cd
4ed29
532be
58323
51a7b
5b668
523ce
4ed2d
5210d
5710e
5210e
5ae79
52961
4f2bf
4fb2d
4ed32
504a4
53a61
514de
52962
4fb30
52963
4fb31
4ed36
531db
4fb33
4ed38
53596
4fb35
4ed3a
5b66d
4ed3c
57752
4fb39
5ae7c
52d2f
58b56
53598
4ed40
58b58
57757
51a80
531dc
51a81
514e2
573c2
51e31
56e54
523d4
4ed47
56e56
514e6
4ed49
5ae7e
51b6b
532c6
515cf
58325
573c5
524ba
57db2
56711
5a691
55345
5b125
573c6
52967
524bb
58326
574a3
524bd
57db4
56713
5ae81
574a4
524c0
5b676
5832a
574a7
56714
5a938
56715
4ed5c
56bad
5b679
573c9
4ed60
574a9
5b67b
4ee18
52b41
516be
52b42
4ef06
5840b
52b43
4ef08
4f673
4fd11
5386b
4f675
4ee20
51b6d
532cb
515d1
5b74c
51e36
4f0e2
5b74d
52e22
4f0e4
5b74e
533b3
4f0e6
4ee28
52203
56c80
52204
5af5e
51b70
5b750
524c4
4ee2c
56c84
56c85
533b5
4ee2f
58c3f
4f680
5783e
52e25
5b753
57840
4f683
515d4
52a56
515d5
4ee36
52a57
515d7
56716
515d8
5aa16
56718
4ee3a
5aa17
574ae
516c0
52b44
4ee3d
5758b
52a58
51d4b
57bea
51d4c
57e9d
51e3a
4ee42
56f47
524cc
4ee44
5758c
533ba
4ee46
57bec
525b0
57e9f
525b1
4ee49
5af68
57590
533bb
4ee4c
5671b
5b75c
57bee
5702d
5af6b
4ee51
5b75e
4ee53
5af6d
4fef3
52698
4effd
52699
4ef0c
52016
5269a
4ef0e
4f1ce
50c42
4fe04
53961
4f767
525b3
4f1d1
525b4
4f1d2
533be
51f2b
4f1d4
5377a
52969
4f1d6
53d36
52efa
4f76f
51c61
55254
513f7
56d71
516c4
56d72
516c5
5b2dd
52b4b
4f4ae
5269b
5b045
5792d
4ef22
5377c
4f773
587af
52efd
4ef25
4ef26
525b7
4ef27
57595
525b8
4ef29
5552a
4ef2a
5702f
525bb
5b2e2
57597
525bd
4ef2e
5269d
584f8
52019
5189c
57758
5189d
57f87
51c67
4ef33
5b2e4
56803
4ef35
5759b
52eff
526a0
5b04a
57114
4ef39
5775b
4ef3a
5aaff
584fd
52c38
4ef3d
5b2e7
4ef3f
5b04e
57116
5b04f
57117
5759c
5b050
58500
5ab03
4f2c0
4f858
52f02
4f2c2
50789
517b4
52c39
4f85b
52c3a
4f85c
4f007
52f05
4f85e
4f009
5386d
4f860
4f00b
5b3bf
51d53
55346
514e9
56e5b
517b6
56e5c
517b7
5b3c1
52c3d
4f5a0
52799
5b129
57a17
4f014
5386e
4f865
58899
52ff6
4f017
4f018
5279b
585e2
52110
517b8
52c3e
517b9
4f01c
52c3f
517bb
568ea
517bc
5abde
568ec
4f020
5abdf
57682
51990
57842
51991
58071
51d59
4f025
5b3c8
568ed
4f027
57685
52ff8
5279e
5b12e
56c88
4f02b
57845
4f02c
5abe3
585e7
52d33
4f02f
5b3cb
5abe4
568ef
56c8a
5b133
56c8b
571f4
585eb
4f036
5abe7
4f1d9
5068a
4f0e9
527a3
58c44
51f30
4f1dd
58c46
4f0ed
4f5a2
5359a
51e3d
5359b
518a1
4f0f1
5359c
58b5d
51b76
532d4
515dd
574b5
518a2
574b6
518a3
5b9f9
532d6
4f689
4fef7
4f0fa
5087d
543e6
518a4
532d7
4fefa
532d8
4fefb
4f0fe
535a0
4fefd
4f100
53f1d
4feff
4f102
5b9fd
4f104
58076
4ff03
5b764
530ef
58f10
53f1f
4f108
58f12
5807b
518a6
571f6
527a6
5b4b5
526b6
5775e
526b7
51e46
5ba01
56f4c
518ab
5b765
52d40
518ad
5ba03
527a7
57848
51f32
4f115
5b767
57034
5aa20
572e1
5b21d
57764
532dc
52e2d
58c4a
5784b
52e2f
586d8
57037
5b769
5784c
52e32
5ba06
58c4e
5784f
56f4e
5ba08
4f124
586da
4f125
586db
57767
4f128
57851
5ba0b
4f1e0
52f09
51a84
52f0a
4f2ce
587b3
52f0b
4f2d0
516ce
52b50
4f777
52b51
4f778
533ca
4f779
5b2ed
51f35
4f1ea
4fa4c
50f29
4f1ec
5096f
4ffeb
52e35
4fa4f
52e36
4fa50
53781
527ab
4fa52
53a62
531e0
4fa54
5401e
53784
4fff3
53785
4f1f7
58ff9
4fff6
58162
531e2
5bae3
58164
4fff9
513f8
5703a
513f9
5ada6
51f38
5369e
51f39
5199d
57854
52e3a
4f202
572e9
519a0
4f204
5b2f2
52025
53788
51a87
587b7
57857
52972
58244
5711f
5ab05
5369f
52973
587b8
57935
52975
58246
57121
5b2f5
57936
52978
5baea
536a0
57938
5378b
4f214
5b2f8
572eb
57f90
5baed
57f91
4f219
5baee
4f21b
5b2fb
502c1
52a60
4f3bf
52a61
4f2d4
523dc
52a62
4f2d6
4f868
526b9
4f2d8
526ba
4f2d9
52979
4f2da
5768b
4f86c
5b3d2
4f2dd
50a60
5401f
501d2
4fb40
5289b
4f2e0
5202b
4f2e1
5378e
500e0
4f2e3
53874
500e2
4f2e5
53e2a
500e4
4fb48
52a63
5b3d3
57ccf
4f2ea
53b57
500e9
590e5
53879
4f2ed
4f2ee
5297d
4f2ef
573d1
51a8d
52f14
51a8e
4f2f2
52f15
51a90
5ae8b
57127
4f2f5
5ae8c
57940
51b7a
52ffe
4f2f8
57a1d
52f16
52205
5807c
52206
5832f
528a0
4f2fd
57943
5387b
52a68
5b3d8
574bc
4f301
5807f
4f302
5ae8f
588a5
53000
4f305
5bbcf
58080
5bbd0
58081
573d4
4f309
57944
5b3de
588a8
5ae93
4f4af
503b4
4f3c5
524cf
58986
52208
4f4b3
58988
4f3c9
50b52
54111
502c4
4f68c
523e1
4f3cc
5211a
4f3cd
53880
4fc26
4f3cf
53966
4fc28
4f3d1
53f20
4fc2a
4f694
51308
52d43
4f966
52d44
4f967
53004
4f968
5b4b7
5211d
4f3d9
4fc2c
591cc
52b56
5bcaa
5396a
4f3dd
57dbb
4fc30
5bcac
591d1
524d1
5b770
56c93
4f3e2
52a72
4f3e3
57a27
52a73
4f3e5
574c2
52a75
5bcae
57a29
52a77
4f3e9
52b57
5898a
524d4
52121
4f3ec
575a4
4f3ed
58167
4f3ee
5bcb0
53884
530f5
4f3f1
5898d
56d78
5af72
575a7
5bcb1
5898e
57b0b
4f3f6
5b4c1
58991
574c4
4f3f9
56d7a
5af75
56d7b
4f3fc
5af76
57b0e
58993
4f4b5
4f5a8
534a8
522f9
534a9
51d5d
4f4b9
534aa
58a73
503b5
53f21
4fd14
4f4bd
5220b
53971
51c6f
5b830
524d6
4f781
5b831
52f18
4f783
5b832
534ad
4f785
4f4c5
4fa57
528a1
4f4c7
528a2
4f4c8
52b61
4f4c9
572ef
4fa5b
5b59c
4f4cc
57ea8
4fd1f
5b59e
52f1a
58d3c
53d3d
4f4d0
58d3e
57ead
51c72
575aa
525c4
5b2fd
524d8
57b10
524d9
52212
5b839
56d7e
51c77
5b59f
52b68
51c79
5b83b
525c5
57bf0
522fc
4f4dd
5768e
4f4de
57cd5
4f4df
5b5a1
57b16
530ff
52c4b
58a76
57bf3
52c4d
58504
56e63
5b5a3
57bf4
52c50
5b83e
58a7a
57bf7
56d80
575af
4f4ec
58506
57cd9
5b841
57b19
4f4f0
57bf9
5b843
4f5ae
5078a
542f5
504a8
4f871
525c7
4f5b1
522fe
4f5b2
534b8
4fe0b
4f5b4
535a5
4fe0d
4f5b6
53b59
4fe0f
4fb49
523e7
4f5b9
523e8
4f5ba
52c53
4f5bb
573d9
4fb4d
5b680
4f5be
57f92
4fe11
5b682
5300c
58e26
53e2f
4f5c2
58e28
57f97
51d64
57694
526bc
5b3e1
526bd
57768
51e4b
4f5c8
52c56
4f5c9
57bfb
52c57
4f5cb
57696
52c59
5b91e
57bfd
52c5b
4f5cf
57202
4f5d0
57dbf
4f5d1
5b685
57c00
531f1
52d49
58b60
5776b
52d4b
585ee
56f53
5b687
5776c
52d4e
5b922
58b64
5776f
56e6a
5b924
4f5de
585f0
4f5df
585f1
4f5e1
5b68c
4f5e3
5b927
4f696
53977
51f3e
53978
4f78a
591d3
53979
4f78c
50b54
532e4
4fb51
532e5
4f69e
52c5e
532e6
4f6a0
4fc32
52a79
4f6a2
52a7a
4f6a3
532e7
4f6a4
57a33
4fc36
5bcba
4f6a7
523ee
53b5d
51e51
5bf52
52c60
4ff0b
5bf53
536a1
4ff0d
5bf54
53c51
4ff0f
4f6af
504b2
5949c
533da
5bf56
53c54
4f6b3
585f5
504b6
5bf58
594a1
52d51
5ba0c
574c7
4f6b8
532ec
4f6b9
57cdb
532ed
4f6bb
57774
532ef
5bf5a
57cdd
532f1
4f6bf
533db
591d6
52d54
523f3
4f6c2
5785c
4f6c3
5841f
4f6c4
5bf5c
53b62
5397b
4f6c7
591d9
575b2
5b776
5785f
5bf5d
591da
57dc9
4f6cc
5bcc3
591dd
57776
5b778
575b4
4f6d1
58c57
4f6d2
5b77a
57dcc
591df
4f78d
4f87a
53d3e
525cf
53d3f
52031
4f791
53d40
58d43
52214
5397d
51c7b
57b1b
51f42
57b1c
51f43
5c035
5397f
4fd29
5059b
533e5
4fffb
533e6
4fffc
53d41
52d57
4fffe
54020
53794
50000
545df
53d44
505a3
53d45
4f7a3
59587
505a6
586de
53796
5c03b
586e0
505a9
519a4
575b6
519a5
5b2fe
524e4
53c5d
524e5
51f49
57dd0
533ea
4f7ae
57865
51f4c
4f7b0
5b84a
525d1
53d48
52033
58d45
57dd3
52f22
587c0
5769b
5b05d
53c5e
52f23
58d46
57eb1
52f25
587c2
5769d
5b84d
57eb2
52f28
5c042
53c5f
57eb4
53d4b
4f7c0
5b850
57867
5850c
5c045
5850d
4f7c5
5c046
4f7c7
5b853
5087e
53010
4f96d
53011
4f882
52988
53012
4f884
4fe16
52c65
4f886
52c66
4f887
52f29
4f888
57c07
4fe1a
5b92a
4f88b
525d6
53d4c
52037
5c11a
52e48
500ef
5c11b
53891
500f1
5c11c
53e35
500f3
4f893
50696
59670
53014
5c11e
53e38
4f897
5824d
5069a
5c120
59675
52989
5bbd4
576a1
4f89c
52f2e
4f89d
57eb9
52f2f
4f89f
5794e
52f31
5c122
57ebb
52f33
4f8a3
53015
58e2e
5298c
525db
4f8a6
57a36
4f8a7
585f9
4f8a8
5c124
53d51
535b3
4f8ab
58e31
5720a
5b3e6
57a39
5c125
58e32
57f9d
4f8b0
5b933
58e35
57a3a
5720d
5b3e8
576a4
57951
4f8b6
5b3ea
57fa0
58e37
4f971
4fa5e
53f22
527b3
53f23
52217
4f975
53f24
58f17
52128
535b5
501d4
535b6
501d5
4f97a
53e40
501d7
4f97c
54206
501d9
4f97e
5c1ff
4f980
526c7
57778
51e5b
5ba0e
526c8
5c200
53020
4f984
5777c
5777d
53f29
4f987
5975b
501de
58336
53989
5c203
58338
501e1
51b8a
5720e
51b8b
5b4c6
526ca
53e41
526cb
5212f
57fa4
53024
4f992
57a3f
52132
4f994
5ba14
527b5
53f2c
52219
58f19
57fa7
53108
58994
572f3
5b225
53e42
53028
4f99c
58084
53f2e
4f99e
586e4
5310c
58997
5310d
4f9a1
5ba18
58088
53f2f
4f9a4
57213
5c20c
586e6
57b25
5ba1b
4f9a9
5c20e
4f9ab
5ba1d
50a62
531f4
4fb57
531f5
4fa66
52b6e
531f6
4fa68
4fd2a
52a81
4fa6a
527b8
4fa6b
53a6b
502c8
4fa6d
53a6c
502ca
4fa6f
54024
502cc
4fd32
519a6
533ef
50004
533f0
50005
536ae
50006
5baf3
527bb
4fa77
502ce
592c8
531f8
5bd8e
53a70
4fa7b
58427
502d2
5bd90
592cd
52b6f
5b854
572f9
4fa80
53114
4fa81
5808d
53115
4fa83
57b28
53117
5bd92
5808f
53119
4fa87
531f9
59002
52b72
523f4
58250
523f5
58a7f
527bf
4fa8c
5bd94
53f35
5379b
4fa8f
59005
573de
5b5ae
57c0d
5bd95
59006
58171
4fa94
5bafd
59009
57b2a
5b5b0
573e0
4fa99
58a83
4fa9a
5b5b2
58174
5900b
4fb5b
528a9
53a76
5230d
5be6c
52b74
4fe1f
5be6d
535be
4fe21
5be6e
53b65
4fe23
4fb63
500f5
52993
4fb65
52994
4fb66
53203
4fb67
57955
500f9
5bbd8
4fb6a
5850e
503c1
5bbda
535c0
593b4
543ec
4fb6e
593b6
58513
52310
57c10
52c68
5b939
52c69
57ce4
523f7
4fb74
53206
4fb75
58177
53207
4fb77
57c12
53209
5be76
58179
5320b
4fb7b
5777e
4fb7c
5833b
4fb7d
5bbdd
5817c
537a5
532f9
590ee
57ce7
532fb
58b6a
574cf
5bbdf
57ce8
532fe
5be7a
590f2
57ceb
573e6
5be7c
4fb8a
58b6c
4fb8b
58b6d
4fb8d
5bbe4
4fb8f
5be7f
4fc42
53f36
524ea
53f37
4fd36
59761
53f38
4fd38
5110f
53898
500fd
53899
4fc4a
5320e
5389a
4fc4c
501e2
53029
4fc4e
5302a
4fc4f
5389b
4fc50
57faf
501e6
5c212
4fc53
5299a
5411a
523fd
5c4aa
53210
504bb
5c4ab
53c60
504bd
5c4ac
5420e
504bf
4fc5b
50a6d
58b6e
5398e
5c4ae
54211
4fc5f
5585f
50a71
5c4b0
58b73
53301
5bf64
57a43
4fc64
538a0
4fc65
58257
538a1
4fc67
57cf0
538a3
5c4b2
58259
538a5
4fc6b
5398f
59764
53304
5299f
4fc6e
57dd8
4fc6f
5899b
4fc70
5c4b4
5411f
53f3a
4fc73
59767
57b2e
5bcce
57ddb
5c4b5
59768
58345
4fc78
5c21b
5976b
57cf2
4fc7b
57b30
5bcd1
57b31
4fc7e
5bcd2
58348
5976d
4fd39
4fe26
542fb
52b7b
542fc
525dd
4fd3d
542fd
592d1
527c0
53f3c
52227
58097
524ee
58098
524ef
5c58d
53f3e
502d9
50b56
53999
505ab
5399a
505ac
542fe
53307
505ae
545e0
53d53
505b0
54baa
54301
50b5e
54302
4fd4f
58c59
50b61
55948
53d55
5c593
5594a
50b64
51f50
57b32
51f51
5b856
52a90
5421a
52a91
524f5
5834c
5399e
4fd5a
57de1
524f8
4fd5c
5bda2
52b7d
54305
525df
592d3
5834f
534d6
58d4e
57c17
5b5b5
5421b
534d7
592d4
5842d
534d9
58d50
57c19
5bda5
5842e
534dc
5c59a
5421c
58430
54308
4fd6c
5bda8
57de3
58a88
5c59d
58a89
4fd71
5c59e
4fd73
5bdab
50e39
535c4
4ff19
535c5
4fe2e
52f38
535c6
4fe30
503c6
53215
4fe32
53216
4fe33
534dd
4fe34
58183
503ca
5be82
4fe37
52b82
54309
525e3
5c672
533f8
5069f
5c673
53e50
506a1
5c674
543f2
506a3
4fe3f
50c51
587c6
535c8
5c676
543f5
4fe43
55a33
50c55
5c678
587cb
52f39
5c12c
57c1d
4fe48
534e2
4fe49
58435
534e3
4fe4b
57eca
534e5
5c67a
58437
534e7
4fe4f
535c9
593bc
52f3c
52b87
4fe52
57fb2
4fe53
58b75
4fe54
5c67c
5430e
53b72
4fe57
593bf
57786
5b93e
57fb5
5c67d
593c0
58519
4fe5c
5be8b
593c3
57fb6
57789
5b940
57c20
57ecd
4fe62
5b942
5851c
593c5
4ff1d
5000a
544df
52d5f
544e0
527c3
4ff21
544e1
594a5
526d4
53b74
5078f
53b75
50790
4ff26
543fd
50792
4ff28
547c6
50794
4ff2a
5c757
4ff2c
52c73
57cf4
52407
5bf66
52c74
5c758
535d4
4ff30
57cf8
57cf9
544e6
4ff33
588b1
50799
55b1c
53f48
5c75b
55b1e
5079c
52136
5778a
52137
5ba1e
52c76
543fe
52c77
526db
58520
535d8
4ff3e
57fbb
526de
4ff40
5bf6c
52d61
544e9
527c5
594a7
58523
536bc
58f22
5786f
5b77d
543ff
535dc
4ff48
58600
544eb
4ff4a
58c60
536c0
58f25
536c1
4ff4d
5bf70
58604
544ec
4ff50
5bf72
57fbd
58c62
5c765
58c63
4ff55
5c766
4ff57
5bf75
5101d
537a8
50103
537a9
50012
5311e
537aa
50014
502da
50881
536c3
502dc
536c4
502dd
544ee
53033
502df
548b7
53a8c
502e1
54e80
5402b
51f52
539a3
505b4
539a4
505b5
53c6d
505b6
5c04b
52d67
50023
50889
589a0
537ac
5c2e6
5402d
50027
5568b
5088d
5c2e8
589a5
5311f
5bdac
57875
5002c
536c8
5002d
58609
536c9
5002f
580a4
536cb
5c2ea
5860b
536cd
50033
537ad
59590
53122
529a0
587cc
529a1
5900d
52d6b
50038
5c2ec
544f2
53d5a
5003b
59593
5795a
5bb06
58189
5c2ed
59594
586ed
50040
5c055
59597
580a6
50043
5795c
5bb09
5795d
50046
5bb0a
586f0
59599
50107
503cd
53123
50109
52e56
5010a
54034
50976
5010c
54121
50978
5010e
546d6
5097a
506a5
52f43
50111
52f44
50112
537b7
50113
57ed1
506a9
5c130
50116
55772
5097c
5c132
53b7f
58a8c
549ac
5011a
58a8e
55777
528bc
5818c
53218
5be91
53219
58260
529a3
50120
537ba
50121
586f3
537bb
50123
5818e
537bd
5c3ce
586f5
537bf
50127
57cfa
50128
588b7
50129
5c135
586f8
53d64
538ad
5967c
58263
538af
590f8
57a4b
5c137
58264
538b2
5c3d2
59680
58267
57962
5c3d4
50136
590fa
50137
590fb
50139
5c13c
5013b
5c3d7
53037
547c9
52a97
501f3
547ca
55b23
52f45
546d7
529a5
501f7
546d8
55a39
52c7a
54403
526e1
58529
529a6
5852a
529a7
5ca05
54405
507a2
5101f
53e5b
50a74
53e5c
50a75
547cb
537c5
50a77
55065
5421e
50a79
5561e
547ce
51027
547cf
50209
590fd
5102a
55de0
54220
5ca0b
55de2
5102d
5240a
57fbe
5240b
5c222
52f4c
546dc
52f4d
529ad
587d4
53e60
50214
5826d
529b0
50216
5c76e
53039
547d2
52a99
588bd
587d7
53f4e
5976e
580a9
5ba29
546dd
53e64
5021e
55b26
547d4
50220
5c226
588c1
53f53
59770
580ab
5c772
55b2a
547d5
50226
55b2d
5ca14
5c229
57fc3
58358
5c776
58359
587da
5c777
52b88
54039
503d6
5568f
5403a
503d8
527d2
53c73
50890
53c74
50891
544f9
50892
5c2f5
5303d
502f0
50b65
51112
53f57
50b67
53f58
50b68
548bd
538bb
50b6a
54bab
54310
50b6c
55164
548c0
53a91
5c2f7
55ec9
502fc
54bad
5111d
591e9
548c3
502ff
50300
53f59
50301
5835b
52a9f
544fd
52aa0
50304
544fe
52aa2
5bdaf
580b1
50307
5bdb0
588ca
52b8a
5403b
5030a
55693
544ff
5321b
59012
5321c
592dd
538be
5030f
55694
548c6
50311
5bdb2
589ab
53a99
592de
58195
5c2fe
54500
5403d
50317
5caf7
5bdb4
5569b
5835e
5031b
58196
5bdb6
58197
5031e
5bdb7
504c7
53b83
503da
534ec
53b84
503dc
50981
537c9
503de
537ca
503df
53a9b
503e0
586ff
50985
5c3da
503e3
53132
548c8
52b8f
5cbce
539ac
50c5a
5cbcf
5440c
50c5c
5cbd0
549b1
50c5e
503eb
5120c
58d54
53b86
5cbd2
549b4
503ef
55fb5
51210
5cbd4
58d59
534ed
5c684
58199
503f4
53aa0
503f5
589b1
53aa1
503f7
58446
53aa3
5cbd6
589b3
53aa5
503fb
53b87
58a90
534f0
53137
503fe
5852e
503ff
59103
50400
5cbd8
548cd
5412e
50403
58a93
55780
53b8c
5cbd9
58530
50407
59105
50408
5c3e3
58a97
58a98
5040b
57d04
5be99
57d05
5040e
5c3e6
58449
589b9
504cb
535df
55862
53310
505bb
55864
504cf
53221
549ba
52c81
5ccb0
534f2
507a6
5ccb1
54501
507a8
5ccb2
54aa3
507aa
504d7
50a7c
538bf
504d9
538c0
504da
53b91
504db
58273
50a80
5c4c0
504de
5609c
50d53
5c4c2
54503
58e40
54d93
504e2
58e42
560a1
52c84
58534
535e2
5c779
534f4
58a9a
534f5
53228
5ccb9
57d08
52c89
5c4c3
53b98
52c8b
5ccbb
535e3
55866
53312
504ef
5c4c5
57dea
5bcd4
58619
5bf79
58aa0
54138
53c7b
58b7c
55869
53c7d
504f7
5c4c7
57dec
5bf7b
5861b
5ccbe
58b80
5586d
5586e
58b83
504fe
5c4cb
58539
591f0
5ccc2
591f1
50503
5ccc3
53401
545e5
52e61
505bf
545e6
5594f
52d72
54226
50e3c
54227
50e3d
505c4
54aae
50e3f
505c6
54e83
50e41
505c8
5c83f
505ca
53315
58360
52aa7
5c5a2
53316
5c840
53c84
505ce
58364
58365
545eb
505d1
58f2f
50e46
55c0c
5404a
5c843
55c0e
50e49
527d4
57df0
527d5
5c05a
53318
54aaf
53319
52d79
58b86
53c88
505dc
58621
52d7c
505de
5c5a8
53403
545ee
52e63
58c65
57ed4
5b860
58703
5c05d
58b89
54ab0
53c8c
505e6
55952
545f0
505e8
5c05e
58c69
53d71
5959c
57ed7
5c5ac
55956
545f1
505ee
55959
5c84c
5c061
57df5
58706
5c5b0
58707
58b8c
5c5b1
50f2d
53d73
50988
53d74
50989
546df
536d9
5098b
54f74
5413a
5098d
5552c
546e2
50f35
52b98
5431a
525f1
5844b
52e66
5844c
52e67
5c925
5431c
50c65
53e67
5c689
55cf5
506c4
54f76
50f39
5901b
546e5
506c7
506c8
53d77
506c9
58709
529b4
54410
506cb
55a3b
5340a
545f5
5340b
52e6b
58c70
53d7a
506d0
5870b
52e6e
506d2
5c68c
53e6a
59684
57fc5
5b945
5431f
536dc
506d7
58c75
546e7
53e6c
5c68e
587e0
55a3f
506dc
58e46
53e70
59687
54412
506df
5c92f
506e1
5c692
5870c
506e3
57fc8
5c146
57fc9
506e6
5c147
5089e
54505
507ad
53e72
54506
507af
50c66
54413
507b1
53d80
54414
507b3
50d58
53b9b
507b5
53b9c
507b6
54415
507b7
58aa7
50d5c
5ccc6
507ba
54417
507bb
587e7
52f59
549c5
52f5a
507be
549c6
52f5c
5c77b
5853d
507c1
5c77c
58d64
53048
54ab4
507c4
560a7
549c7
536dd
588d0
536de
594b7
53d83
507c9
58d67
54d97
5450a
5ccca
58626
507cd
588d3
507ce
5c77f
58e4f
54ab6
507d1
5cf78
588d4
5cf79
588d5
58e52
5c781
5853e
5cf7b
507d8
5c783
50990
5404b
508a3
53f64
5404c
508a5
50e4a
53c8d
508a7
53c8e
508a8
5450f
508a9
58b91
50e4e
5c852
508ac
54511
508ad
588d7
5304d
54aba
5304e
508b0
54abb
53050
5c307
5862d
508b3
5c308
58e58
5313a
545fa
508b6
55c15
54abc
537cf
589ba
537d0
595a1
53e79
508bb
55c16
54e8a
508bd
589bc
54052
595a3
54053
508c0
5c858
54abd
545fc
508c3
5d05c
589be
5d05d
589bf
58f3c
5c30d
5862e
588db
508ca
5c30f
50a82
5413f
50995
53aaa
54140
50997
50f3c
53d84
50999
53d85
5099a
54055
5099b
58c7b
50f40
5c936
5099e
54057
5099f
589c1
5313f
54600
53140
509a2
54601
53142
5c3eb
58717
509a5
5c3ec
58f42
5322e
546ec
509a8
55cff
54602
538c1
58aaa
538c2
5968b
53f6b
509ad
58f45
54f7b
54144
5c93a
5827e
509b1
58aad
509b2
5c3ef
59023
546ee
509b5
5d140
58aae
5d141
58aaf
59026
509b9
58718
589c5
509bc
5c3f3
50b74
54231
50a87
53b9e
54232
50a89
5102e
53e7a
50a8b
53e7b
50a8c
54149
50a8d
587ef
51032
5ca1c
50a90
5414b
50a91
58ab1
53233
546f2
53234
50a94
546f3
53236
5c4cf
58285
50a97
5c4d0
5902c
53320
547de
50a9a
55de9
546f4
539b3
58b94
539b4
59775
53ab1
50a9f
5902f
5506d
54236
5ca20
58368
50aa3
58b97
50aa4
5c4d3
5910d
547e0
50aa7
5d224
58b98
5d225
58b99
59110
50aab
58286
5d227
50aae
5c4d7
50c6a
54323
50b79
53c90
54324
50b7b
51120
53f6c
50b7d
53f6d
50b7e
5423b
50b7f
588df
51124
5cb00
50b82
5423d
50b83
58b9b
53325
547e4
53326
50b86
547e5
53328
5c5b3
5836f
50b89
5c5b4
59116
53412
548d0
50b8c
55ed3
54326
592e2
5595b
5bdb9
547e6
53ba5
50b91
59119
54bb3
54328
5cb04
58452
50b95
58c81
50b96
5c5b7
591f7
548d2
50b99
5cdb0
58c82
5cdb1
58c83
591fa
5c5b9
58370
5cdb3
50ba0
5c5bb
51212
53ab2
50c6f
53ab3
50c70
5432d
50c71
589c9
51216
5cbe4
50c74
5432f
50c75
58c85
52f62
549c9
50c77
55fbd
539bc
54bb6
539bd
53419
591fe
54332
50c7c
58c87
5341c
50c7e
5cbe6
54422
593cc
55a45
5be9d
548d8
53c97
50c83
59203
54ca8
54424
5cbe8
58542
50c87
587f5
50c88
5c69b
58d6f
549cb
50c8b
5ce94
587f6
5ce95
587f7
58d72
5c69d
5845a
5ce97
50c92
5c69f
50e50
54abe
50d5f
5442a
54abf
50d61
51218
549cc
50d63
54338
549cd
50d65
52f64
58ab6
52f65
5ccd4
53ab6
55259
53ab7
5350b
592ea
549d1
50d6c
58d77
5350e
50d6e
5d22a
53ba8
5534b
535fb
593d3
592ed
54ac1
58e5e
55877
5c4d9
5525a
549d5
50d76
5662a
5534d
50d78
58ba2
54ac5
58e61
54ac6
50d7b
5d22e
5662e
5534e
50d7e
58e62
50d7f
58e63
5ccdb
56631
58d78
50d83
592f0
5d233
536ea
54bb9
50f43
56193
54bba
50f45
535fc
58e64
5451e
5d062
5442f
593dc
54430
53bac
5d5bb
58ba8
53601
5cdb5
54acd
53603
5d5bd
5451f
56196
53c9d
50e63
5cdb7
55960
5c5bc
55c1f
5c863
593e2
54bbc
50e68
594bf
55962
5c864
55c21
5d5bf
594c0
5619b
50e6d
593e3
594c2
5619d
55964
5c866
55965
50e72
5619f
5d5c3
5c868
58bab
50e77
5d5c5
53d8c
5552d
537dd
50f48
5552e
5627f
54063
5d145
58c91
50f4c
5460f
50f4d
594c7
54610
50f4f
58f50
54612
5d6a0
594c9
54614
50f53
546f8
595a6
54066
53ca1
50f56
55d08
50f57
587f9
50f58
5d6a2
55443
54cae
50f5b
595a9
55a4c
5c948
55d0b
5d6a3
595aa
56285
50f60
5ce9f
595ad
55d0c
5cea0
55d0d
56288
5d6a7
50f66
5cea2
58f53
594cf
51038
54153
56366
53e7f
51128
56368
5103c
54700
5103d
59039
537e1
54cb0
537e2
51040
54cb1
537e4
5ca29
58801
51043
5ca2a
595b4
538d0
54d9f
51046
5636b
54cb2
53f6e
588e2
53f6f
5911d
54069
5104b
595b7
55622
547ed
5cf82
55df4
5104f
588e5
51050
5ca2d
59695
54da1
51053
5d789
588e6
5d78a
588e7
59698
51057
58802
5d78c
5105a
5ca31
5121c
548da
5112b
54246
548db
5112d
5332c
588e8
5332d
5cb0c
53e82
55625
53e83
538d5
5969c
547f5
51134
59125
538d8
51136
5d064
53f72
55167
539c3
5977b
556a2
5c310
55edd
5cb0f
5969f
55626
547f9
5113e
56456
55169
51140
589ce
548e1
59209
548e2
51143
5d068
5645a
5516a
51146
5920a
51147
5920b
5cb13
5645d
59126
5cb14
596a2
5d06d
539c4
5920c
5433d
5cea5
5433e
5653e
53abd
51224
548e5
51225
59785
548e6
51227
5920e
548e8
5d3f4
59787
548ea
5122b
55fc6
5122c
58abd
5122d
5d149
5978a
54e97
549d8
592f4
56541
549da
58d7c
5578f
5d14b
56542
549dd
5d3f8
592f8
56545
55790
5cbf6
55791
5123a
5d14f
592fb
5cbf8
589d7
5123f
5d3fd
5130b
518b6
52139
5130e
54da6
527d7
518ba
51311
54e98
5222a
51313
5507c
55170
51316
5af7a
51318
56374
5acce
55df9
527de
5acd0
56c9a
5131c
527e1
53f78
55445
55172
55b3c
59128
54801
59937
55dfc
51323
596a5
59939
5a694
51327
55b3f
56c9b
55b40
56c9c
5132a
588f0
5ca32
5637c
55e01
5132d
59854
596a7
59855
51331
514ee
5222c
528c9
519ab
55173
52e75
548ee
51a9a
55536
528cc
51c7f
55261
51407
5231d
51409
528cf
56ac4
5140b
5645f
56ac5
5140d
57300
528d3
5adb3
5406a
51411
5a21e
55ee4
5978e
556ab
51414
56462
548f5
59a1c
51417
51418
54f8d
55ee7
57301
55ee8
57302
556af
59214
5141d
5993f
56467
56ac9
51420
59a20
51422
59e92
549de
514f1
529ba
52320
514f3
5b69a
54f8f
5213c
514f6
52c90
54432
514f8
51e63
514fa
52414
55792
56e6c
52416
5a93f
56e6d
52418
5ae96
5a941
5b69c
549e2
54433
51504
5654a
59afe
55fcf
549e6
5a056
58ac3
51508
549e9
5507f
5d78e
5654d
59a22
5654e
59f75
55fd3
592fe
5579a
51510
59b03
56e71
58ac5
5cbfc
59b05
5a77a
515e2
52d84
54525
515e4
51b90
51e65
515e7
55081
52503
51b94
515ea
54bc3
5a058
5544a
525f2
560b6
574d2
5587d
515f0
574d3
5671e
5b77f
515f3
515f4
54bc4
54ad5
54ad6
58bac
515f7
56635
55880
5a3e7
58e6b
54ada
5a13c
55176
515fe
5671f
515ff
56720
5a305
56639
59be6
560be
55885
5ccdf
574d7
58e6d
51605
5cce1
516d3
519ae
55539
54617
519b0
51f57
525f4
51c84
5544c
52ba0
54619
51d73
55266
516de
5adb4
516e0
561a0
5ab06
55c25
525fb
5ab08
57042
516e4
525fe
53d94
55267
5553d
55968
58f54
5461d
59cc7
55c28
516eb
594d1
59cc9
5a4cc
516ef
5596b
57043
5596c
57044
516f2
58c98
5c86a
561a8
55c2d
516f5
59bec
594d3
59bed
516f9
518be
55358
526e6
51aa1
5562d
517ca
51d75
52f66
5470a
51d77
517ce
5a5b0
517d0
5ae98
517d2
5628a
5abea
55d0f
526ed
5abec
5712c
517d6
526f0
53e86
55359
55630
55a52
5903e
5470f
59857
55d12
517dd
595bb
59859
5a5b2
517e1
55a55
5712d
55a56
5712e
517e4
58806
5c94e
56292
55a59
517e7
59cd0
595bd
5985d
517eb
519b1
54cbb
518c2
5332f
52d86
51e6c
518c5
52d87
560c0
5721a
52d89
5b22a
5721b
52d8b
5b781
5b22c
5ba2c
560c2
596a8
55a5b
518cf
568f9
560c4
5abef
518d2
518d3
55a5c
58e70
518d5
59e99
56384
57793
56385
57794
560c8
518d9
59e9a
5721f
59db3
518dd
51aa3
527e3
52e78
51f5d
519b6
5acd2
519b8
52e7b
57046
519ba
569e1
57047
519bc
5787c
52e7f
5b30e
55b44
58f58
54ea2
59f79
5646b
54ea4
5a4cf
59f7b
5acd4
519c6
569e5
5d06e
59795
55c34
57307
55c35
57308
519ca
59e9d
569e9
5704b
519cd
5d071
51aa4
5204d
528d6
51aa7
5bbf2
55540
5a4d1
51aab
56aca
5ae99
56553
529c3
5ae9b
573f0
51aaf
529c6
54f93
56acc
51ab2
59301
55d1b
51ab4
56ace
54f97
5a5b4
59cd2
56557
5a060
59045
51aba
57133
51abb
57134
5acd5
56ad2
5655b
51abe
59f82
5a063
5acd6
51b97
52140
538da
5305a
55084
5241d
52ba1
5663c
57a4e
55e03
51b9f
57a4f
56ca0
5bcd7
51ba2
51ba3
5663e
5a140
5912d
55087
5a142
56640
51ba7
5508a
55177
55e07
593ec
5579f
5d237
56bba
5a064
56bbb
5a5b6
56644
55e0b
5d238
57a53
51bb2
5a5b7
54bc9
51c8a
5314b
52ba3
52234
51c8d
52ba4
55eec
575c2
52ba6
5b062
575c3
52ba8
5b5b9
5b064
5b864
55eee
594d4
55887
51c97
56725
55ef0
5aa27
51c9a
51c9b
55888
59218
51c9d
5a229
561b0
57b3b
561b1
57b3c
55ef4
51ca1
5a22a
575c7
5a14b
51ca5
52323
52600
51d7d
5b946
5526a
5a77d
51d81
5680c
5b145
56295
52c99
5b147
576ae
51d85
52c9c
54cbd
5680e
51d88
595bf
55fd9
51d8a
56810
54cc1
5a30b
59a26
56299
59db8
58d87
51d90
56e75
51d91
56e76
5aa29
56814
55fdf
51d94
5a22e
51d96
5aa2a
51e6e
5241e
52c9e
51e71
5bf82
51e73
53334
574de
51e75
56e79
574df
51e77
57d0e
53338
5bcda
55a5e
56e7a
5535f
5a3f1
56903
55361
5a947
5a3f3
5b14a
5664b
5a3f4
55fe3
51e82
574e1
51e83
574e2
5b065
56e80
56909
51e86
5a30e
5a3f7
5b066
51f61
52511
53ca3
539ce
5a949
51f66
56f62
5b30f
569eb
53429
5b311
57882
51f6a
5342c
55450
569ec
51f6d
594d9
561b7
51f6f
56f66
55454
5aa2c
560cc
594da
55b4b
5d5c8
56f68
5a3f8
56f69
5a94a
569f2
561bd
5d5c9
57dfb
51f7a
5a94b
55541
52054
53513
52f6b
52e83
5305b
56ad4
57ee0
5629f
5205a
57ee1
576b4
5c14b
5205d
5205e
562a0
5a5b8
55c39
55544
5a5ba
56ad8
52062
55547
556b8
57051
52065
5a5bd
56ada
57ee3
56adb
57ee4
562a6
52069
5a5be
5796f
5a4df
5206d
52235
529c7
5305c
526f6
52148
5305e
56388
57a54
53060
5b4d8
57a55
53062
5ba2d
5b4da
5c230
55d22
596ac
557a1
52152
57139
5638c
5ae9d
52155
52156
56bc3
5d78f
596af
5638e
57a57
5638f
57a58
5215a
5a5c1
5713f
57225
5215d
5d792
52236
527e6
52aba
52239
5bdba
5223b
53151
5730a
5223d
56ca5
5730b
5223f
580b6
53155
5bb12
5588a
56ca6
5517b
5a781
5672f
5517d
5acd7
5a783
5af82
56477
5a784
55e0f
5224a
5730d
5224b
5730e
5ae9f
56cac
56735
5224e
5a6a6
5a787
5aea0
5232a
537e9
53241
52bad
5333a
56816
5819e
5655d
52330
5819f
573f6
5be9f
52333
52334
5655e
5a310
55ef7
5526e
5a312
5681a
52338
55271
55976
56d93
5233b
5a315
5681c
581a1
5681d
581a2
56564
5d401
56d97
57c2d
5a317
52343
529ca
5324a
52423
5c4da
52425
538e0
57a5a
52427
573fb
57a5b
52429
5828a
538e4
5c232
55fe4
573fc
557a5
5a94d
573fd
5a868
573fe
5adbe
56e87
52431
5a869
5828d
5a94f
5adbf
5333b
539d0
52abe
52516
53515
56736
57dfc
539d4
5b868
57dfd
539d6
5bdbd
5b86a
5c5c0
56650
59b0b
560cf
52520
57b47
52521
57b48
5b6a3
574e9
5673c
52524
5a952
52526
5b6a4
52606
53ac0
53517
5342f
53607
57056
5845c
56821
5260c
5845d
57c30
5c6a3
5260f
52610
56822
5ab14
561bf
56823
57ee9
56824
57eea
52614
59bf1
5705c
57c33
52617
5aa37
526f7
52ca1
54435
53bb3
5b069
526fc
576b8
5ba2f
57141
5360d
5ba31
57fd2
52700
53610
55a62
57142
52703
59cd4
57143
58549
57144
5854a
5690f
5abfa
576be
57fd5
59cd6
5270b
52d92
53066
527eb
5c312
527ed
536fd
57886
527ef
57227
57887
527f1
58632
53701
5c06a
55e10
57228
55b4d
5acdd
57229
5abfc
5722a
5b14e
56cb3
527f9
5abfd
58635
5acdf
5b14f
53157
537ec
52e86
528de
537ee
56ade
581a4
537f0
5bbf8
581a5
537f2
5c14d
5bbfa
5c3f8
5647c
59943
55efb
528e8
57973
528e9
57974
5b4db
57315
56ae4
528ec
5ace2
528ee
5b4dc
529ce
54436
53e8b
537f7
53f7c
57401
58808
57148
529d4
58809
57fd8
5ca37
529d7
529d8
57149
5aea4
56ae6
5714a
58291
5714b
58292
529dc
59f86
57407
57fdb
529df
5adc3
52abf
53069
54806
54529
5b3f9
52ac4
57a60
5bdbf
574ec
53f82
5bdc1
5837a
52ac8
53f85
55e12
574ed
52acb
5a069
574ee
588f5
574ef
588f6
56cba
5af8a
57a66
5837d
5a06b
52ad3
5315a
539da
52bb3
5cbfe
52bb5
53ac6
581aa
52bb7
57b4b
581ab
52bb9
589de
53aca
5c3fa
561c0
57b4c
55efd
5b06d
57b4d
5af8c
57b4e
5b4de
575da
52bc1
5af8d
589e1
5b06f
5b4df
5351f
53bb5
5324e
52ca6
53bb7
56e89
5854c
53bb9
5bf88
5854d
53bbb
5c4dd
5bf8a
5cce4
56827
5a230
562ab
52cb0
57d1b
52cb1
57d1c
5b86b
57c39
56e8f
52cb4
5b072
52cb6
5b86c
52d96
54252
53ca8
53613
53d98
5722d
58bb0
56f74
52d9c
58bb1
57e04
5c86f
52d9f
52da0
56f75
5b234
56912
56f76
58639
56f77
5863a
52da4
59dbe
57233
57e07
52da7
5b157
52e87
53431
54622
54345
5b789
52e8c
5788c
5c14f
57318
53d9e
5c151
58722
52e90
53da1
55c3e
57319
52e93
59ea1
5731a
58c9d
5731b
58c9e
57062
5adc6
57892
58725
59ea3
52e9b
53522
53da3
52f7b
5cf8e
52f7d
5443b
58552
52f7f
57ef3
58553
52f81
58d8a
5443f
5cce6
56ae7
57ef4
562ad
5b3fd
57ef5
5b318
57ef6
5b86e
57982
52f89
5b319
58d8d
5b3ff
5b86f
53e94
5452b
53616
5306e
54070
57234
588f8
5452f
5c318
588f9
54531
5c871
5c31a
5d074
5714e
5a5c4
56bd2
53078
5863f
53079
58640
5c153
57fe1
5723a
5307c
5b402
5307e
5c154
5315e
54623
54072
53f88
54162
57b51
58f5c
5731f
53164
58f5d
58728
5d157
53167
53168
57320
5b5c4
56cbd
57321
589e5
57322
589e6
5316c
5a6aa
57b57
5872b
5316f
5b4e7
5324f
537f9
54f99
54716
5bb19
53254
581b0
5c4df
57c3c
54168
5c4e1
58ace
53258
5416b
5656a
57c3d
5325b
5a78d
57c3e
59049
57c3f
5904a
5740d
5b6aa
581b6
58ad1
5a78f
53263
538ea
53bbf
53343
5cdc6
53345
54258
5837e
53347
57d1f
5837f
53349
59132
5425c
5cb1e
56913
57d20
56655
5b78d
57d21
5b6ac
57d22
5bbfe
577ae
53351
5b6ad
59135
5b78f
5bbff
53cb0
54347
539de
53436
54349
575dc
58ca0
5434b
5c6a8
58ca1
5434d
5cc01
5c6aa
5ceac
56f7a
5a3fc
569fe
53440
5846b
53441
5846c
5bf8b
57e0d
575e2
53444
5b792
53446
5bf8c
53526
54f9a
549ee
54352
54adf
57ef9
59308
57c43
5352c
59309
58ad4
5d4e8
5352f
53530
57c44
5b954
575e4
57c45
58d91
57c46
58d92
53534
5aa3a
57eff
58ad7
53537
5b873
53617
53bc2
55364
5508d
5bea9
5361c
58558
5c873
57fe4
54ae5
5c875
58e7a
53620
54ae8
56915
57fe5
53623
5ab1d
57fe6
593f5
57fe7
593f6
577b5
5ba3a
5855e
58e7d
5ab1f
5362b
53cb3
54535
5370b
5d6af
5370d
54629
58ca6
5370f
58643
58ca7
53711
594de
5462d
5ceae
56cbe
58644
56a00
5bb1d
58645
5ba3c
58646
5bf8e
580d2
53719
5ba3d
594e1
5bb1f
5bf8f
5407a
54718
53da7
537fe
5471a
57984
5904c
5471c
5ca3c
5904d
5471e
5cf91
5ca3e
5d795
57325
5ace4
56da9
53808
58817
53809
58818
5c31b
58731
5798a
5380c
5bb22
5380e
5c31c
538ee
54db6
5480b
5416e
548fb
57d25
596b0
57a6f
538f4
596b1
58900
5d320
538f7
538f8
57a70
5bce4
57410
57a71
59139
57a72
5913a
538fc
5a872
57d2b
58903
538ff
5bc07
539df
53f8a
55180
54ea9
5c239
539e4
58384
5cc03
57e10
54901
5cc05
59222
539e8
54904
56741
57e11
539eb
5a955
57e12
5979d
57e13
5979e
57b5d
5b876
5838a
59225
5a957
539f3
5407d
54f9c
54906
5508e
581be
5930e
556bd
5d796
59054
54fa1
5d241
5d797
53adc
589f0
53add
589f1
5cb23
59313
575e5
589f2
56dab
5bead
589f3
581c4
53ae3
5bdcb
53bc4
54170
53bc6
54bd4
557a6
5913c
55092
59b10
557a8
53bcb
58ad9
59b11
5cdce
58561
5beb0
58562
5c402
59141
56e94
58563
53bd2
5b075
58564
53bd4
5beb2
53bd6
5cc08
53cb7
59bf3
53cb9
54bd7
58bc2
53cbb
594e3
54bd9
5ceb0
5864a
54bdb
54bdc
57e18
594e5
57e19
594e6
55895
53cc3
57e1a
5c074
577b8
57e1b
5c076
58bc8
5c077
5c4e7
5462f
55273
5c5c9
53dac
58733
5cf93
58d95
53dae
595ce
57f01
53db0
53db1
5597d
58d97
5597e
58d98
53db4
5c079
578a1
5b23c
57328
53db7
5b23e
58739
5b23f
53dbb
54445
54db9
54722
54eaa
57fea
596b6
55a65
5d5ce
58e80
54dbe
5d079
5d5cf
53ea4
5881c
53ea5
5881d
5c95b
596bb
57411
5881e
57153
5c23d
5881f
57ff0
53eab
5c15f
53f8c
54538
53f8e
54eac
55b4e
58f68
54eae
59948
55b50
53f93
58905
59949
5d15e
5838d
5c240
5838e
5c792
58f6d
56cc0
5838f
53f9a
5aead
58390
53f9c
5c242
53f9e
5ca40
54080
5554a
556c2
58f6e
5554c
59cda
556c4
54085
58f6f
59cdb
5d79b
5873c
5c320
5873d
5c87a
55c45
57329
589f9
5408c
5b4e9
589fa
5408e
5c322
54090
5d07c
54172
55182
557ac
59058
5563f
59866
557ae
54177
59059
59867
5d327
582aa
5c408
582ab
5c95e
55d2f
57413
58ae3
5417e
5b5cd
58ae4
54180
5c40a
54182
5d160
54264
55183
55896
59142
55185
5994a
55898
54269
59143
5994b
5d40b
58394
5c4ec
58395
5ca42
55e19
574fd
58bcd
54270
5b6b1
58bce
54272
5c4ee
54274
5d244
54356
55275
55980
5922c
55277
59a2e
55982
5435b
5922d
59a2f
5d4ef
5847e
5c5d0
5847f
5cb26
55f03
575e7
58cb7
54362
5b795
58cb8
54364
5c5d2
54366
5cdd0
54448
55367
55a6a
58d9a
55369
59b12
55a6c
5444d
58d9b
59b13
5d5d3
58568
5c6b4
58569
5cc0a
55fed
576d1
58825
54454
5b321
58826
54456
5c6b6
54458
5ceb4
5453a
55459
55b54
58e84
5545b
59bf6
55b56
5453f
58e85
59bf7
5d6b7
58652
5c798
58653
5ccee
560d7
5723f
5890f
54546
5b405
58910
54548
5c79a
5454a
5cf98
54633
55986
58f75
55987
58f76
54636
5c87d
58657
5ba40
580de
54639
5ba42
58f79
5ba43
5463d
54cd1
5ceb5
562ae
5c964
562af
5ceb6
55d32
5798f
59061
5472a
5bb25
59062
5472c
5c966
5472e
5d6b9
54817
55b5a
59149
55b5b
5914a
5481a
5ca49
582af
5bc08
57d36
5481d
5bc0a
5914d
5bc0b
54821
54eb5
5d07d
56482
5cb2c
56483
5d07e
55f06
57b63
59235
5490e
5bced
59236
54910
5cb2e
54912
5d329
549fb
557b2
58da1
557b3
58da2
549fe
5cc11
58483
5b878
57f0a
54a01
5b87a
58da5
5b87b
54a05
55099
5d245
56656
5ccf4
56657
5d246
560da
577bb
58e8d
54af2
5b95d
58e8e
54af4
5ccf6
54af6
5d4f1
561c7
59b14
55f08
594f4
57e21
594f5
558a2
5ceb9
594f7
561c9
57e22
5ceba
54be8
5cdd7
562b1
59bf8
55ff2
595de
57f0b
595df
5598c
5cf9d
595e1
562b3
57f0c
5cf9e
54cda
5cebf
5639b
59cdc
560dc
596c8
57ff5
596c9
55a76
5d081
596cb
5639d
57ff6
5d082
54dcc
5cfa3
56485
59868
55c4a
597b2
580df
597b3
55b60
5d165
597b5
56487
580e0
5d166
54ebe
5d087
5656f
5994c
55d34
59320
581c9
59321
556ce
5d249
59323
56571
581ca
5d24a
54fb0
5d16b
56659
59a30
55e1e
5940a
57d37
5940b
557b8
5cdd9
5940d
5665b
57d38
5cdda
550a2
5d24f
56488
5986a
55e21
597b7
55e22
597b8
558a7
5d411
597ba
56748
5839e
5d412
55194
5d32f
56572
5994e
55f0b
59325
55f0c
59326
55991
5d4f5
59328
56832
58488
5d4f6
55286
5d417
5665c
59a32
55ff5
5940f
55ff6
59410
55a7b
5d5d9
59412
5691c
58572
5d5da
55378
5d4fb
561ca
59b16
560df
594f9
560e0
594fa
55b65
5d6bd
594fc
56a06
5865c
5d6be
5546a
5d5df
562b4
59bfa
55c4d
595e3
55c4e
595e4
556d3
5d7a1
595e6
56af0
58746
5d7a2
5555c
5d6c3
5639e
59cde
55d37
596cd
55d38
596ce
557bd
5d331
596d0
56bda
582b4
5d332
5564e
5d7a7
556d6
5d250
59a35
5d251
557c2
5e296
5c411
557c4
56af1
556dc
55b69
5cb30
556de
5d6c6
5bdd5
556e0
55c51
595e7
556e2
5706e
58747
5c32e
55c54
595ea
59a37
55c56
556e7
59f8c
595ee
5c968
55c59
5c969
595f0
556eb
5d6ca
5d7ae
556ee
5c332
5f73f
5c083
556f0
5d16f
55c61
556f2
5f743
556f4
5906b
5d6ce
56af6
55f0f
5732b
556f7
56db0
5648d
5cb32
55f12
597bc
59955
55f14
5c335
556fc
5cb35
59a3a
55f17
5d4fc
59a3c
5a239
56496
5d6d0
55703
5d4fe
56499
5e3ef
5dcc0
5a23b
55707
5e3f2
5e3f3
58a09
5c337
5848a
5570b
5c338
58a0c
59a40
59070
5bddc
5570f
5bb2d
59072
5d258
5bdde
59332
55713
5d501
5d25a
55716
5dfe3
5c4f5
5907a
5dfe5
5ccfb
5571a
5f65d
5f65e
5bb2e
5d177
5b5d3
5f48e
5bde0
5571f
5f490
5d179
5f492
5c339
5d840
5d841
5d6d2
5beba
5d7b0
59a42
5e29a
5d8b5
5d8b6
5bde3
5f5e6
5f494
5c33a
5bde5
5d844
5d845
5f495
5c417
55730
55731
5dfe9
5c4f7
5f660
5e29e
5dfeb
5d7b2
5d847
55738
5f662
557c5
558aa
5d335
5bf9c
5d336
59b1a
557c9
5ccfd
5e059
56bdd
59f8e
563a2
557cd
5907e
5d180
58af0
55d41
5d338
59b1b
55d43
557d2
5c164
5d7b4
5bc0d
557d4
5d33a
596db
55d48
55d49
5bc0e
5cfa6
55d4b
5cfa7
5bebc
5f7b4
5d265
5c41e
55d4f
5665f
59a45
55e26
59414
56be1
59f8f
56578
557e2
58dad
5d418
58af2
55ffd
5cc1d
59a48
5d267
5657d
56000
5d5e0
59b1f
56002
56003
557eb
5c420
56005
59b21
5e461
5cde1
56586
557f0
5dd34
5cde2
56589
57d39
59415
557f4
59158
58af5
557f6
59159
5d33c
5b6b4
5ca50
59419
5ca51
5bec3
5915d
557fc
5cde5
5941d
59160
59161
5c5d8
55801
5f6cd
5cde8
55803
5dda7
5cde9
59167
59420
5c4fc
55807
5c4fd
59422
5d26d
5b961
59424
5580b
59a4a
5d26f
59a4b
59a4c
5580f
5cd00
5e05a
5d33e
59b27
55812
55813
5d271
5b963
55815
5d8be
5d272
5becc
5becd
55819
5d92a
5d7c0
5cded
5f6d2
5ddab
5cdee
5cdef
5f6d4
5e060
5d92d
5ddad
5f50d
56833
59bfd
55995
5c889
558b2
5d41b
5c085
558b4
55e27
597bd
558b6
56cc6
5839f
5c500
55e2a
597c0
5995b
55e2c
5d41d
59c01
597c4
5cb3b
55e2f
5cb3c
597c6
558bf
5d343
5d41f
558c2
5c504
5f825
5c24b
558c4
5cdf0
55e37
558c6
5f829
558c8
59241
5d347
5674e
560e3
574ff
558cb
56f84
56663
5cd04
560e6
59427
59b2b
560e8
5c507
558d0
5cd07
59c03
560eb
5a400
59c05
59eab
5666c
5d349
558d7
5d6d7
5666f
5e4d5
5daf4
59ead
558db
5e4d8
5e4d9
58bdd
5c509
5865e
558df
58af8
5cd09
59c09
59246
5bfa6
558e3
5bcf5
59248
5cecc
5bfa8
59506
558e7
5d6da
5cece
558ea
5de17
5c6bd
59250
5de19
5c974
558ee
5f749
5f74a
5bcf6
5cdf8
5b79b
5f578
5bfaa
558f3
5f57a
5cdfa
5f57c
5c50b
5d92e
5d92f
5d34b
5c086
5d421
59c0b
5e0ce
5d99b
5d99c
5bfad
5f6d6
5f57e
5c50c
5bfaf
5d932
5d933
5f57f
5c5e3
55904
55905
5de1d
5c6bf
5f74c
5e0d2
5de1f
5d423
5d935
5590c
5f74e
55999
55a7e
5d505
5c168
5d506
59ce4
5599d
5c976
5e13f
56835
5a156
561d0
559a1
58f83
5d5e8
58cc4
55c68
5c892
59c10
5ced8
561d5
55c6b
5d7c1
59ce7
55c6d
55c6e
559aa
5c5e5
55c70
5658a
5995c
55f1f
5933f
58cc5
5cb43
5848c
559b0
5a23d
59343
559b2
5cfac
5b880
5d182
59346
5d183
5c5e8
55f28
559b7
559b8
55f2b
5cc27
559ba
5cc28
55f2d
5d42b
5c08b
55f2f
559be
56006
595f4
559c0
58db0
59ceb
5e547
5cfad
561de
559c4
5db68
5cfae
561e1
57f0d
595f6
559c8
58db2
58cc9
5c08d
58db3
5d50c
5b324
5cc29
595fa
5cc2a
5c08f
58db7
559d0
5cfb1
595fe
58dba
58dbb
5c7a0
559d5
5f7b9
5cfb4
559d7
5de8d
5cfb5
58dc1
59601
5c6c4
559db
5c6c5
59603
5cee1
5bb31
59605
559df
59c13
5cee3
59c14
59c15
559e3
5c979
5e140
5d50e
59cf1
559e6
559e7
5cee5
5bb33
559e9
5d9a4
5cee6
5c098
5c099
559ed
5da10
5d431
5cfb9
5f7be
5de91
5cfba
5cfbb
5f7c0
5e146
5da13
5de93
5f341
56a07
5986e
55b6f
5ca59
55a86
5d5eb
5c24d
55a88
55d50
562bc
59cf3
55d52
576d4
58831
5cee9
562bf
55a8e
55a8f
59cf4
562c2
55a91
5a074
562c4
5c97f
55d5a
55a94
5d34f
5c16d
55a96
56e9b
56675
59a4e
5600a
5942a
55a99
58dc3
5942c
59875
5942e
55a9d
59dc9
59430
5cd0d
56011
5cd0e
59432
56013
5d5ee
5d5ef
5bed0
5d516
5b967
5f668
5c6cf
55aa6
5f66a
5d518
5f66c
56923
5cfc0
563a4
55aab
5d350
562c9
5e309
5dbde
5a077
55aaf
5e30c
5e30d
58835
5c6d1
582b8
55ab3
58838
5c982
5987a
58e9e
5c172
55ab7
5b969
58ea0
5d096
5c174
596e7
55abb
5d353
5d098
55abe
5defd
5c33e
58ea8
5deff
5cb47
55ac2
5f82f
5f830
5b96a
5cfc4
5b40b
5f3ac
5c176
55ac7
5f3ae
5cfc6
5f3b0
5c7aa
5da7f
5d09d
55acc
5e1b5
5e1b6
5c6d3
5da14
5da15
5d51b
5c179
5f7c2
5f3b2
5c6d4
5c17b
5da18
5da19
5f3b3
5c7ab
55ad8
5df03
5c340
5f832
5da1a
5e1b8
5df05
5d5f3
5da1b
55ae0
5f834
55b73
58f85
5d5f4
56a0a
55e3a
563a6
55b77
56cc8
5a5c9
5891d
55e3e
596f2
55b7a
5995d
563ab
5ca63
55e41
55b7d
55b7e
59eae
563af
55b80
5d433
5c251
55b82
56f85
561e3
59b32
560f4
59514
55b85
58ead
59516
55b87
5d187
59c16
560f9
5c7af
55b8a
5bfb3
560fb
5d6e0
5c7b1
5951d
5951e
5bfb4
5d5fb
5ba4b
5f6db
5c7b3
55b92
5f6dd
5d5fd
5f6df
5a15a
55b96
5dc50
59965
563b5
5e37e
5dc53
5dc54
583a1
5c254
580e2
597cd
55b9e
5c7b6
597ce
55ba0
5ba4c
5d0a7
5b4ed
55ba2
5d0a8
597d2
58f8e
5d436
5cc2f
597d5
597d6
5d18e
58f93
55baa
5d438
58f95
5f5f3
5df74
5df75
5b4ee
5c8a0
597d8
5c8a1
5bcf8
5f420
5cb49
5c25b
597dc
5c25c
5d5fe
5ca68
5d0ae
59967
5d191
55bb8
5d849
5d193
5996a
5bcfa
5f424
5cb4c
5bded
5e22a
5ca69
5c7b9
55bc0
55bc1
5f837
5db6b
55bc3
5f498
5d601
5d84d
5db6d
55bc7
55bc8
5da8e
5f49a
5f838
55c74
59f94
59cfc
5d197
55d60
5e54e
5c987
55d62
57071
59c17
56107
5c8a2
55c7c
5d6e8
5c348
55c7e
561e4
5c8a4
55c80
5c8a5
561e6
55c82
5ceec
561e8
55c84
564a2
578a7
55c86
5732e
56a11
55c88
5a793
59c1d
5d0b5
56a14
5d6ec
59eb5
564a9
55c8d
5a4e6
56a18
56a19
59f9b
55c91
5df7b
59f9c
55c93
5e6a3
5df7e
5df7f
58f98
5c34d
59609
5d8c3
59a54
55c9a
5d8c5
5ca6b
5960d
55c9d
55c9e
5c8aa
55c9f
5dafd
5c8ab
59c22
59cfe
5d199
55ca3
5db70
5db71
5d0ba
5d7d4
59fa1
5bdee
5d850
5d19b
5c351
55cab
5f755
5db02
5d19c
5ca6c
5e2a7
5d8ca
55cb0
5e2a9
5db75
5f756
5e2aa
55cb5
55e47
56cca
55d65
5c50f
5e30e
5a07a
55e4b
5e310
55d69
5c6d7
5da1c
5c42f
55d6b
5da1e
5c6d8
55d6d
5da20
55d6f
57417
5ace9
5715e
5658e
5a31e
59b34
56afd
5c98d
56591
5c98e
56aff
55d76
5d19f
5a07d
56595
56596
59b35
5e713
5a321
56b06
5e715
5dff0
5d35a
56b09
58f9a
5d1a0
55d82
5d35b
596f4
5e063
5d35c
596f6
55d86
5e066
5e067
5c511
5dbe2
5a083
55d8a
55d8b
5c990
55d8c
5db78
5c991
59d09
59fa8
5a084
55d91
55d92
5d7df
5bed3
55d94
5db7c
5d8cf
5d7e1
5ca71
55d98
5df07
5cb51
5f83a
5df09
5d363
5d8d0
5df0a
5db7e
55e4d
5a15c
56db4
5a15d
5d43d
5996d
55e51
5ce0a
5e384
5c262
5d602
5988e
5da90
5ca74
5c263
5da92
5d365
5da94
56ccb
5a5cb
56be4
55e5b
5a087
5d366
59891
55e5d
5a15f
56be8
5667c
5d284
5a089
56beb
55e62
55e63
56bee
5ddae
59c26
55e66
5ddb0
5a165
56bf2
55e69
55e6a
5ca77
5916d
5ceed
55e6d
5d9b0
5cc32
55e6f
5e0d8
5d9b3
5d9b4
5a08a
5d368
5a08b
59894
5dbec
5dbed
5c5f7
5dc55
5a167
55e78
55e79
55e7a
5e388
5e389
5ce0c
55e7d
5f83e
5d289
5d36c
5c51d
5c5f8
5e38a
5d9b5
55e83
5e0dc
5d9b7
55e85
55e86
5d9b8
55e88
5e38c
55f38
5a240
59a56
5ceef
5601e
5e3f5
5cc37
56020
56751
5a16a
561eb
57b66
59971
5ce0f
56754
5d44b
59d0a
561ef
55f43
5a244
56758
561f2
5aa3c
5a246
55f48
5c354
5d854
5c5fb
55f4a
5d856
5c355
55f4c
5d858
55f4e
5a4ea
5675d
5e7fa
5d523
5675f
55f52
5e7fd
5e7fe
55f55
5cb5b
59d0e
5e148
5cfd2
5934d
5e14a
5da25
5d527
59350
59976
5ce13
59977
55f5e
5d450
5cb5e
5a24a
5d528
59a59
5e3f9
5e3fa
5dc61
5dccb
5dccc
5c600
5f5fe
5d9ba
5cb5f
5c602
55f6a
55f6b
5dccd
5d52b
5f66d
5dff4
5d52c
5f66f
5e3fe
55f71
5f670
5dccf
56f87
59b39
5610d
5cd1a
56024
5d606
5c7be
56026
562d4
57c4f
56028
576d6
5683d
5602a
5a5cd
59a5b
5cef5
56840
5d52f
59dd0
562db
5ab20
59dd2
5a251
56845
5bed4
5d7e2
59a5e
5d8d2
5cc3e
5bed5
5d8d4
5d531
5d8d6
59dd3
56039
5de99
59dd4
5603b
5e5bd
5de9c
5de9d
59258
5c6e1
59435
5da95
5989b
56042
5da97
5c8af
59439
56045
56046
5cc40
56047
5dcd1
5cc41
59a63
59b3c
5cfd5
5604b
5dd3c
5dd3d
5d60e
59dd9
5a254
5c180
5da2c
5cfd7
5c6e5
56053
5f673
5dcd6
5cfd8
5c8b0
5e1c1
5da9c
56058
5e1c3
5dd41
5f674
5e1c4
5605d
563be
577bd
56112
57244
56927
56114
5a6b1
59b3f
5cfd9
5692a
5d613
59ddc
563c5
56119
5a407
5692e
5692f
5bfb8
5d36e
59b42
5d945
5cd22
5bfb9
5d947
5d615
5d949
59ebe
56123
5df0c
59ebf
56125
5e630
5df0f
5df10
58eb0
5c7c5
5951f
5d85a
5997f
5612c
5d85c
5c995
59523
5612f
56130
5cd24
56131
5dd44
5cd25
59b47
59c29
5d0c0
56135
5db05
5db06
5cfde
5d6fc
59ec4
5c264
5da9f
5d0c2
5c357
5e4e3
5cfdf
5d61a
5c7cb
5c996
5e234
5d861
56142
5e236
5db0a
5de2a
5daa2
5e4e5
562df
576d8
561f7
5a4ed
5e7ff
5a257
562e3
5e801
561fb
56688
5a408
5a172
5d61c
59c2e
561ff
5d61d
5e78f
5a174
5d454
59981
5dc66
5a175
56204
5dc68
5ce1c
5dc6a
575ef
56a21
57e26
56209
5a177
5d61e
59c32
5620b
5a4ef
56f90
56a26
5d61f
5a40e
56f93
56210
56211
56f96
5e952
5e239
59fab
5e954
5aced
56f9a
56217
56218
5943c
5d621
5a40f
5ddb8
5a410
5a17b
5621d
5d702
59c37
5621f
56220
5c99a
5e803
5a4f7
59d17
56223
5db7f
59d19
5e55a
5e806
5ddbc
5e807
5ddbd
5e808
5d9bf
5ce23
5c99b
5e809
5db81
5d9c0
5db82
5ddbf
562e5
563ca
5a5d0
59de2
5d7e4
5989e
562e9
5d7e5
5e5c3
5a25b
5d538
59a65
5dcd9
5a25c
562ee
5dcdb
5cf02
5dcdd
576d9
5aa3f
57076
562f3
5a25e
5d706
59d1e
562f5
5a5d3
5707a
56b10
5d707
5a4fd
5707d
562fa
562fb
57080
5e9c5
5e2ac
5a08f
5e9c7
5a879
57084
56301
56302
5cf05
59610
5a5da
5de9e
59de5
56306
5e5c6
5daa3
56308
5e1c6
5dea1
5a260
5d70a
5a261
59d21
5de35
5c9a3
5630e
5db84
5de36
5e5c8
5de37
5de38
5e5c9
5da36
5cf09
5ca7f
5e5ca
5dbf4
5da37
5dbf5
5de3a
563cf
564b4
5a6b4
59ec6
5d370
59984
563d3
5d371
5e636
59de7
563d6
5dd4c
59de8
5d625
59b49
5dd4e
5cfe8
5dd50
57247
5ab23
57160
563dd
59dea
5d7ea
598aa
563df
5a6b7
57164
56bfa
5d7eb
5a5e1
57167
563e4
563e5
5716a
5ea38
5e06d
5a17f
5ea3a
5a95e
5716e
563eb
563ec
5cfeb
596fa
5a5e2
5dea6
5a5e3
59dee
563f1
5d372
598af
563f3
563f4
5cb64
5e637
5a6bf
59989
563f7
5dc6b
5998b
5e38e
5e63a
5deaa
5e63b
5deab
5e63c
5daa9
5cfef
5cb65
5e63d
5dc6d
5d867
56403
5dead
564b9
5659e
5a798
59fae
5d456
59a68
564bd
5d457
5e6a9
57331
5ac07
56cce
564c1
59ecb
5d376
5998e
564c3
5a79b
56cd2
5676e
5d377
5a6c5
56cd5
564c8
564c9
56a2b
5d0cc
59990
56a2d
5c8c1
564cd
5c8c2
56a2f
564cf
56cd8
5eaab
5e0e0
5a266
5eaad
5aa43
56cdc
564d5
564d6
5d0cf
597e4
5a6c6
5df19
5a6c7
59ed2
564db
5d458
59995
564dd
564de
5cc48
5e6aa
5a7a3
59a6d
564e1
5dcde
59a6f
5e401
5e6ad
5df1d
5e6ae
5df1e
5e6af
5d86a
5d0d3
5cc49
5e6b0
5dce0
5d86b
5dce1
5df20
565a3
5668e
5a324
5a092
5d53a
59b4c
565a7
5d53b
5e71c
5741b
5acef
56db8
565ab
59fb3
5d45c
59a72
565ad
5a327
56dbc
56858
5d45d
5a329
5685a
5685b
565b3
56b15
5d1b0
59a74
56b17
5c9a7
565b7
5c9a8
56b19
565b9
56dc2
5e86c
5e157
59df2
5e86e
5ab27
56dc6
565bf
565c0
5d1b3
597e6
5a7aa
5df8c
5a7ab
59fba
565c5
5d53c
59a79
565c7
565c8
5cd2c
5e71d
5a32f
59b51
565cb
5dd51
59b53
5e474
5e720
5df90
5e721
5e722
5df91
5d8dd
5d1b7
5cd2d
5e723
5dd53
5d8de
5dd54
5df93
56693
5693d
57d3b
57506
5a87b
56ea4
5cd2e
56940
5cd2f
56ea6
56699
5ac09
5a334
56944
5669c
5669d
5a95f
598b1
5d294
56c00
5d37e
59b57
5dbfc
5cd31
5a09b
56c04
59c3b
566a5
5e8e0
5a417
566a7
5e1cc
5a418
56eb1
59353
5d543
566ac
5cd33
566ad
5e000
5cd34
59b5c
5d94e
5cd36
59b5e
59c3d
5ce26
566b3
5ddc1
5a41b
59c40
5e0e5
5d9c2
566b7
566b8
566b9
566ba
566bb
566bc
5dd57
5d62a
5cd38
566bf
5e0e7
5dd58
5e0e8
5e797
5685d
57c54
56775
5a7ae
5eab1
5cf0d
56861
5eab3
56779
5a6c9
57b6a
5a185
5d37f
59b60
5677d
5a962
5ea41
59ed8
5d381
59998
5df22
5a6cd
56782
5df24
5d383
5df26
56786
57e27
5b6b8
57b6c
56f9f
5a6cf
56789
5a965
59b63
56fa2
5ce2d
5750e
5678d
5b243
5aa49
5aa4a
57512
5ec04
5e4eb
5a503
5ec06
5b245
57516
56795
56796
5a967
56797
56798
5e078
5c8c5
5679a
5aa4e
5eab5
5dc74
5cf0f
5679d
5e079
5ce31
5a18f
567a0
567a1
5e0eb
5aa50
5a270
5e404
5dce7
567a5
567a6
567a7
567a8
567a9
5e406
5ddcb
5e407
567ad
56947
5ab28
56865
5a33a
5e872
5cff1
5694b
5e874
56869
5a7b3
5df94
59fbd
5686b
5cf10
56dcb
5686d
5df98
5686f
57087
5848d
57c56
5af97
575f4
5aa53
5708a
56874
5aa55
575f7
5d46b
5a5e5
5708e
56878
56879
5b07a
59df7
5687b
5ec78
5ab30
5687d
5e560
5ab31
57601
59c4c
5cf14
59c4d
59c4e
56883
5ab32
5e876
5c9a9
56885
5de40
5d54c
59dfa
5e878
5e15f
5d62b
5e5cc
5deaf
59dfe
5a279
5688d
5d46e
5cf18
5a27c
5a33e
5a7bb
5ab35
5d62c
5e5ce
56895
5e5cf
5e163
578ab
59eda
56a33
5ac0d
56950
5d62e
59edc
56952
56eb2
5cd39
56954
5cd3a
56eb4
5d54e
59e00
56eb6
56958
57170
58577
5695a
57ffc
576dd
5ab37
57173
5ac0f
59d2f
576e0
5d551
5a6d5
57177
56961
5b15e
576e4
576e5
5ac13
576e7
56966
5aeb5
576e9
5eced
5e322
5e323
59e03
5deb2
5a420
5e1cf
5ca8e
598b8
5e8ea
5a344
5e164
5e165
5d553
5a345
59e06
5e168
5dd5f
5cffd
5a421
56976
5e8ec
5db1a
56978
5e4f1
5e1d3
5d555
5e1d4
5e1d5
5db1c
5697e
5e642
56980
5e8f0
56a38
5a505
59999
5d1ba
56b1e
5e959
5a507
56b20
57249
578ad
5b15f
5724b
56a40
59ee5
5d631
598ba
5724e
56a43
5a424
56ceb
5af98
5a7bd
57252
57253
56a48
5a425
5ddcc
5a192
56a4a
5d0dc
56faa
56a4c
5ddd0
56a4e
5e391
59fc2
57256
5e393
5a7bf
56a52
5ed61
5ed62
5a428
5e1d7
5e1d8
5d637
59eea
5df2b
5a508
5e242
5cb74
5999e
5e95d
5ac20
5a42a
56a5d
5df2d
5e1dc
5acfb
59fc5
56a61
5df9a
59fc7
5e6b3
5e960
5e1dd
5e961
5e962
5df9c
5db21
5df9d
5e1de
56b21
56c0c
5a87c
5a0a3
5d7f5
59a7e
56b25
5a87e
5e9ce
57997
56dcf
5874c
56b29
59fc9
5d715
599a0
56dd2
56b2c
5a50c
56dd4
5b07c
5a349
5733b
56b30
56b31
57091
5c9ab
56b33
5c9ac
57093
5d718
59fcc
57095
56b37
5733e
5eb1e
5e409
5a34a
5eb20
5b07f
57342
56b3d
56b3e
5ad02
56b3f
56b40
5e24c
5cc57
56b42
5a886
5e9cf
5db92
5d2a1
56b45
5e24d
5d1c5
59fd1
56b48
56b49
5e2b7
5a888
5a0aa
5e324
5dc01
56b4d
56b4e
56b4f
56b50
56b51
5e326
5dfa1
5e327
56b55
56eb8
5741e
5a88a
56eba
582ba
59a83
5d2a2
57421
56ebd
5a96a
5a0ae
56c18
5a96b
57425
56ec1
56ec2
5b6b9
59e09
5d7fb
598c0
5deb7
5a5f2
56c1f
5deb9
5d7fd
5debb
5a96e
57429
56c24
5b162
5742b
5eb94
5e47f
5e480
5a0b1
5d7fe
5a88f
5d2a7
59b69
5dc04
5a195
5d38c
59b6b
56c2e
5e07f
5a5f5
5a0b4
5e2c1
5dc06
5d2ab
5a6da
56c34
5ea45
5dc77
56c36
5e398
5e082
5d801
5e083
5e084
5dc79
56c3c
5dc7a
56c3e
5e2c4
56cf0
5ad05
599a5
5af9d
56ddc
5ed64
5ad07
56dde
580e7
5a6dc
57183
5ac22
56cf8
5d38f
5a6de
56cfa
5725a
5ac24
56cfc
5ac25
5725c
56cfe
5d0e5
5725e
56d00
57518
58925
56d02
583a6
57a85
5ac27
5751b
5ac28
57a87
56d06
5aebe
5aa59
5751f
56d09
5b4f2
57a8c
57a8d
5afa3
57a8f
56d0e
5b7a0
57a91
5eeb9
5e7a0
5e7a1
5a0bc
5d394
5a0bd
598ca
5e32a
5e32b
5a7c5
5e39b
5a19e
56d18
5e0f9
59a8a
5eabe
5e32c
5ce38
56d1c
5e087
5aec1
5d398
5a6e8
5a7c7
5ed69
5e39e
5dfa4
56d23
56d24
56d25
56d26
5dfa5
56d28
5ed6e
56de0
5a891
59a8b
5b081
56ec6
5eb25
5a893
56ec8
599a9
5d1c8
57345
5d476
599ab
57347
5d71f
5a7cc
57349
57b6d
581d3
5b4f3
57b6f
56dee
5a1a1
5d478
599ad
56df0
5afac
5a1a3
57609
5b32a
5ab3e
57b76
57b77
56df6
5e80f
5a350
57b7a
5e811
5ab40
56dfa
5ef2d
5ef2e
5a7cf
5e3a3
5d47b
5a7d0
56dff
56e00
5a894
5eb28
5d559
59b6d
5e729
5e016
56e04
56e05
5d47d
5a284
56e07
5e410
5b08c
5a355
5e880
5eb2c
5afb0
5d47e
5a7d4
5a896
5b08d
5dfa9
5e16f
5e3aa
56ec9
56fae
5b164
59e0b
5d63c
59b70
56ecd
5b166
5eb9a
5a0bf
5d802
59a90
5e2c6
5a899
5a0c0
5e2c8
5d55b
5e2ca
57d41
576ed
58afa
56ed7
5a285
5d55c
59a93
56ed9
5b090
57c5c
576f2
5b40f
5ac2e
57c5f
56ede
56edf
57c62
5ef9c
5e5d1
5ac2f
5ef9e
5b412
57c66
56ee5
56ee6
5a89c
56ee7
5e417
5a89d
59a97
59b71
5b16e
56eeb
5e482
5a438
5e8f1
5e1e6
59e0f
5e019
5d001
5a28a
5a35e
56ef2
5e172
5e41c
5b16f
5a43a
56ef6
5e7a4
5e485
5e486
5e487
5e1e8
5e01c
56efd
57097
57f14
56fb5
5a517
5ec0a
59ef2
5709b
5ec0c
56fb9
58663
5b96d
57e2c
57262
5a43d
56fbc
5a43e
57264
5b24b
59e13
577cb
56fc0
5b4f5
5b24d
57269
5726a
59b75
5ce3a
57524
5d642
59b77
57526
5d39b
5a440
57528
5a519
56fcb
5f010
5b250
56fcd
5e646
5b251
577d5
59b78
5b176
59b79
56fd2
5d646
5a982
59ef3
5d722
59c56
5ec0f
5de49
56fd7
5e816
5b177
5a443
5e1e9
5dddb
5a983
5a445
56fdd
56fde
5e4f6
5b254
5a51f
5e966
5ec12
5ec13
5ec14
56fe5
5e967
5e4fb
57ffd
5709e
57189
5ab42
570a0
5d805
5a5fc
570a2
5734a
58ccd
570a4
5874e
578b1
5aa63
5734d
5aa64
578b3
570a8
5b259
5a8a0
57351
570ab
5b32e
578b8
578b9
5a28b
5d480
59c5a
5e102
5aa67
5a28c
5e104
5d727
5e106
5addb
578bb
570b6
5b5da
578bd
5edd3
5e6be
5e6bf
5a5ff
5e9d7
5e2cc
59c5c
5b25a
59c5d
570be
5d72a
5aa6a
59fd7
5d806
59d3a
5ec82
5e500
5d1ca
570c4
5e25d
5b25c
5d72c
5a52a
5a601
5ec83
5e56a
5debe
570cb
570cc
570cd
570ce
5debf
570d0
5ec88
57fff
5b32f
5799a
5718f
59fdb
5d808
59d3c
57191
5ade4
5799e
5743a
5b6bc
5a985
579a1
57196
57197
576f7
5ab49
57199
5ab4a
576f9
5719b
5d003
576fb
5719d
579a4
5ee43
5e72e
5a986
5ee45
5b6bf
579a8
571a3
571a4
5ac31
5ecf4
5d39d
599b2
5e649
5df34
571a8
5ab4c
571a9
5e570
5ab4d
59d43
59fe0
5a0c3
5dec0
5d2af
5a60c
571b0
5e2d1
5e575
5aeca
5a6f0
571b4
5e64b
5e334
5e335
5e336
5e2d2
5e64c
5ecfb
57355
58750
5726d
5a6f3
5f015
59efe
57359
5f017
57271
576fe
5b414
59e19
5b415
598d1
57275
5b416
5efa5
59e1b
57278
5e492
59e1c
5d64a
59b7d
5e494
5b17e
5e496
5727e
58927
58003
5b417
57a97
5a611
57281
59e1f
57a99
57283
5b41a
58008
57285
5bcff
5b4fd
5b4fe
5800c
5f168
5ea4f
5afb3
5f16a
5bd01
58010
5728d
5728e
5ac3b
5728f
5e5db
5ac3c
598d9
5e1ed
5ac3e
598db
599b6
5b260
57295
5e64e
5b183
5ad1e
5ed6f
5e3ac
5a616
5a6f8
5729b
5e5e0
5b503
5ad20
5729e
5e96a
5e651
5e652
5e653
5e33b
5e96b
572a5
5743f
582be
5735d
5a7d7
5edd6
59fe4
57443
5edd8
57361
5ad23
578c1
57363
5a52b
5e506
5a52c
57365
5e508
57367
57b7f
58f9c
58752
5ba53
580ee
5ad25
57b82
5ad26
580f0
57b84
5b5df
5b095
57b86
57370
57371
5bb36
5a8a7
57373
5f1dc
5b5e4
57375
5eac4
5b5e5
580fb
599bc
5b268
599bd
5737a
5b269
5a7d9
5e3af
5e265
5ad2b
59fe5
5b5e6
59a9b
5eddb
5e659
5e2d3
57382
5e9dc
5b50b
5d483
5a8ab
5eddc
5e6c3
5e2d5
57388
57389
5e65b
5eddf
5ede0
5738d
5eb33
5e6c7
583a7
5a98a
5752b
5a98b
57448
5a364
5a98c
5744a
579aa
5adef
59a9d
579ac
5ab50
5744e
5ab51
579ae
57450
57c68
59086
582c0
5bb37
581d7
5a8b1
57c6b
5a8b2
581d9
57456
5b5ed
5b185
57c6f
57459
5bc1a
581de
581df
5b6c7
581e1
5745e
5b971
581e3
5f251
5e886
5e887
59fec
5b5ee
59fed
59aa2
5e6ca
5a8b5
57466
5e423
5e6cb
5a366
5e733
5a0ca
5746a
5746b
5e497
5a1aa
5eba4
5e2d9
5b5ef
5adf7
5a991
5ee4f
5e736
5e096
57473
57474
57475
57476
5eba6
57478
5ee54
57530
5afb5
59c62
5afb6
57616
5eebd
5afb7
57618
57d43
583a9
5bc1b
57d45
57538
5a0cb
5b6cf
59b83
5753a
5b6d0
5a36b
577e3
5ba54
5b26d
57d4c
57d4d
57540
5a6ff
5e33c
5a700
57542
5a997
57aa2
57544
5e340
57546
5e8f5
5aa72
57d50
5e8f7
5b26f
5754a
5f2c5
5f2c6
5a36c
5e73b
5a36d
5a0d2
5754f
5d64c
59b8a
57551
57552
5aa73
5eec0
5a44d
5a0d3
5a28d
5eac7
5e108
57557
57558
5e49d
5b6d4
5afb9
5755b
5eec3
5e50c
5aa78
5afba
5b7b1
5e09b
5e50d
5e742
57619
57704
5b330
5a28f
5b331
59d47
5761d
5b332
5ef32
58493
578c7
5925b
57621
5a1af
5b7b3
59c67
57623
5b333
57e32
578cc
5bb38
5adf9
57e35
57628
57629
57b89
5ad2d
5762b
5ad2e
57b8b
5afbe
59c69
57b8d
5762f
57e38
5f082
5e96d
5adfa
5f084
5bb3b
57e3c
57635
57636
5aa7d
57637
5e7af
5aa7e
59c6d
5e10b
5aa80
59c6f
59d48
5b09c
5763d
5e81a
5ab58
5ec89
5e57e
5a1b7
5a454
5a532
57643
5e7b4
5b33b
5ab5a
57646
5e88a
5e81d
5e81e
5e81f
5e511
5e88b
5764d
579b0
57f18
5b33e
579b2
58dc9
59d4a
5b09f
57f1b
5b0a0
5a534
57f1d
57710
5b41f
57f1f
579b9
579ba
5c183
5a295
5d568
59aa7
5e427
5a296
57717
5e429
5b0a3
5e42b
5b422
57f23
5771c
5bc1e
57f25
5f0f8
5e9e3
5e9e4
59e26
5b425
598df
5efa7
5a536
5e821
5a537
5a29a
57725
5d814
59d52
57727
57728
5e342
59f0b
5ecfd
5e825
5e826
5e180
5b0a7
5ac47
5efa8
5e5e5
5e1f3
57731
57732
57733
57734
5e1f4
57736
5e828
577e8
5b7b9
59f0c
5b7ba
578d4
5f2c8
5b7bb
578d6
58be7
5b18c
57c7b
5b18d
577f0
5ab68
5b18e
577f2
57d54
5a99f
577f4
5a9a0
57d56
5b6d9
59e2b
57d58
577f8
58012
5943f
58bea
5bed8
58581
5b191
58015
5b192
58583
577fe
5b97a
5b50d
58019
57801
5bfbc
58588
58589
5ba5f
5858b
57806
5c26a
5858d
5f42b
5ed04
5ed05
59e2e
5e5ea
5e4a0
5a378
5b97b
5a379
59e31
5e88e
5e4a1
5b197
5a457
5ba62
59f0f
5f2cc
5e890
5e512
57815
5ec1b
5b97c
5b6e0
5b277
5f2cd
5e902
5e514
5781b
5781c
5781d
5781e
5e515
57820
5f2d2
578d8
5b345
59ff0
5b346
579be
5f089
5b347
579c0
59c70
5afc4
57e3f
5afc5
59f10
5e7b8
5b27c
5a45b
57e43
58669
5ba66
580fd
5952a
59f12
5b7c2
5866c
5b7c3
5ac52
58101
578e9
5bb40
58670
58104
5c35c
5bb42
578ee
5ed73
5ae00
58676
5ed75
5b5f4
578f2
5f49f
5f4a0
5ad31
578f5
5e662
5ac54
5e907
5ac55
5a460
578f9
5e663
5e90a
5ad33
5e972
5a53e
578fd
578fe
5e6d0
5a61e
5ede3
5e90c
5bb47
5ae04
57903
5ec8f
5e976
5b7c7
5b34a
5bb49
5e519
5e6d3
5e90e
579c1
57aa6
5bc20
5a61f
5bc21
5a0d7
579c5
5bc22
5f0fe
5a29c
5b34b
59d55
5e82a
5a540
579ca
5e82c
5b34d
5e82e
58841
5c0a1
58754
579cf
5a542
5bb4b
59ff7
579d1
5bb4c
58758
581ec
5bed9
5b6e2
5875b
579d6
579d7
5875e
5f50e
5eb35
5b6e3
5f510
5bedc
58762
579dd
579de
5ae0b
59aa9
579e0
5ae0c
579e1
5e97b
5ae0d
59ffc
579e4
579e5
5aee7
5f0ff
5a8c0
5a547
5a701
5ed06
5e347
579ea
579eb
5e980
5bc2b
5aeea
579ee
5ed08
5e9e9
5e9ea
5e9eb
5e74c
5e58c
579f5
57b8f
58a14
57aad
5a9a1
5f16e
5a704
57b93
5f170
57ab1
59172
5c441
5892c
57d5c
5a8c1
57ab4
5a624
57d5e
5bd07
5a8c3
582c7
57ab8
5bfbf
5bd09
57d63
57d64
598e2
5b199
5801e
5b19a
5a0dc
5e5f0
5aef0
5a627
58022
5afc9
57ac3
5f582
5bd0c
57ac5
5ebaa
5bd0d
582d1
59b8e
5e34a
5a9a4
5a0df
5b434
5a0e0
57acc
5b435
5aef4
5a0e3
5a1bc
5b514
57ad0
5ea59
5b436
5afcc
5eec8
5e7bd
5a8c6
5aef6
57ad6
5ea5a
5bd10
5afcf
5eeca
5f176
5f177
5f178
57add
5eecb
5ea5f
58afd
5b0aa
57c81
5b0ab
57b98
5aa86
5b0ac
57b9a
57e44
597e7
57b9c
5925d
583ad
5afd1
57e47
5afd2
583af
57ba0
5bd15
5b354
57e4b
57ba3
5bdf8
583b4
583b5
59f1a
5b519
599c7
5e666
5a70a
57ba9
5e668
5b51b
5e66a
5b897
583b7
57bae
5c0a4
583b9
5f345
5ec22
5ec23
5a1c2
5e7c0
5e3be
5a70c
5bd16
5a70d
5a1c5
5ea62
5e3bf
5afd9
5a7e9
5b89a
5a2a1
5f1e6
5e42c
57bbc
5eb3b
5b51e
5bd17
5b51f
5b0b1
5f1e7
5eace
5e42e
57bc3
57bc4
57bc5
57bc6
5e42f
57bc8
5f1ec
57c86
58dca
5c609
58b00
57f31
5aa8b
57c89
5a7ec
57f33
57c8b
5b8a1
5849c
57c8d
5c187
5b980
5b981
581f1
5a8c7
57c91
5a8c8
581f3
5b5fe
5a2a5
581f5
57c95
584a0
5f3b5
5ec92
5b43a
5f3b7
5c189
584a4
57c9b
57c9c
5b0b9
59d57
57c9e
5b19d
5f258
5ab74
5a2a7
5b600
5a2a8
57ca2
5b601
5b0bc
5a2ab
5a462
5ebad
5e4a4
57ca7
57ca8
57ca9
5ead9
5b986
5b1a0
57cac
5ebaf
5e898
5e899
5e89a
5e836
5ebb0
5f25f
57e4f
5925f
57d67
5b1a3
5f587
5a9ae
57e53
5f589
57d6b
581f8
5bede
5a8c9
5bedf
5a381
57d6f
5bee0
5f517
5a62c
5bc38
5a0e5
5e9f6
5a8cc
57d74
5e9f8
5bc3a
5e9fa
5a384
5bc3b
58b02
5bc3c
5b0c2
58593
57d7b
5bfc6
58b06
58596
5cd3d
5bfc8
57d80
5efb2
5b7d0
58b0c
5efb4
5ba70
57d84
5f6ec
5f6ed
5b1a5
57d87
5e89d
5b0c4
5eb3e
5b0c5
5a8d2
57d8b
5e89e
5eb41
5b1a7
5ebb1
5a9b0
57d8f
57d90
5e90f
5aa92
5f2d4
5eb43
5bee6
5bd1d
57d95
5f58e
5e911
5b7d6
5bd1e
5bfcf
5e754
5e912
5eb45
57e55
57f3a
5c0a6
5aa93
5c0a7
5a549
57e59
5c0a8
5f34b
5a710
5bd1f
5a1c9
5ea69
5a9b2
57e5e
5ea6b
5bd21
5ea6d
5a46a
5bd22
58bec
5bd23
5b1aa
5867d
57e65
5c0aa
58bf0
58680
5c8c9
5c0ac
57e6a
5f025
5b35c
58bf6
5f027
5bb54
57e6e
5f75f
5f760
5b289
57e71
5e914
5b1ac
5ebb9
5b1ad
5a9b8
57e75
5e915
5ebbc
5b28b
5ec24
5aa96
57e79
57e7a
5e982
5ab76
5f095
5ebbe
5c0b1
5b360
57e7f
5ef41
5ec28
5bd27
5b8aa
5c0b3
5e7cb
5e985
5ebc0
57f3f
58024
5c18a
5ab77
5c18b
5a62f
57f43
5c18c
5f3be
5a7f4
5b8ab
5a2ad
5eadc
5aa98
57f48
5eade
5b8ad
5eae0
5a54e
5b8ae
58cd6
5b8af
5b28e
58767
57f4f
5c18e
58cda
5876a
5c9ad
5c190
57f54
5ede6
5b442
58ce0
5ede8
5bc44
57f58
5f7d2
5f7d3
5ae15
57f5b
5e987
5b290
5ec2c
5b291
5aa9e
57f5f
5e988
5ec2f
5ae17
5ec97
5ab7a
57f63
57f64
5e9fb
5ac5a
5f108
5ec31
5c0b9
5b98d
57f69
5f3c2
5e9fd
5b448
5b98e
5c197
5e5fb
57f6f
5ec33
58029
5810e
5c26e
5ac5b
5c26f
5a713
5802d
5c270
5f431
5a632
5b98f
58844
5b990
5ae1a
582db
58033
5c272
58848
582de
5ca91
5c274
58038
5ab7d
5e8a0
5a38d
5803a
5b44b
5859c
5803c
5e8a4
5803e
5ee59
5b526
5884e
5ee5b
5bd2b
58042
5f845
5f846
5aefb
58045
5ea00
5ae1c
5ec9f
5ae1d
5ab82
58049
5ea01
5eca2
5aefd
5ed0a
5ac5e
5804d
5804e
5ea6e
5ad3e
5f17b
5eca4
5c19d
5ba75
58053
5f435
5ea70
5b52c
5ba76
5c27b
5e5ff
5ea71
5eca6
58113
581fe
5bdfa
5ad3f
5bdfb
5a7f7
58117
5bdfc
5f4a4
5a716
5ba77
5892e
5ba78
5af00
583c5
5811d
5bdfe
58932
583c8
5cb75
5be00
58122
5ac61
5e917
5a473
58124
5b52f
58686
58126
5e91b
58128
5eed0
5b60a
58938
5eed2
5b8b7
5812c
5f606
5f607
5afdf
5812f
5ea73
5af02
5ed12
5af03
5ac66
58133
5ea74
5ed15
5afe1
5ed7d
5ad42
58137
5eae1
5a8d5
5f1ee
5ed16
5ed17
5c281
5bb59
5813d
5f4a8
5eae3
5b610
5bb5a
5be07
5e672
5eae4
5ed19
58203
5ad43
5be08
5a7fb
58205
5be09
58a1a
584b0
5c6ef
5b999
58a1d
5820a
5820b
5876d
5ae1f
5820d
5ae20
5876f
5bb5e
5a7fd
58771
58211
58a20
5f675
5ef44
5b99a
5f677
5c6f2
58a24
58217
58218
5b615
5a2af
5821a
5b6f9
5f518
5b0cc
5a7ff
5bb60
5a800
5821e
5bb61
5b618
5a803
5a9ba
5ee5f
5e756
58223
58224
58225
5ed8b
5beef
5b6fc
58228
5ee61
5eb4a
5eb4b
5eb4c
5eae8
5ee62
5f51f
583cb
597ea
582e3
5b6ff
5f847
5af06
583cf
5f849
582e7
58774
5c447
5ae21
5c448
5a8d9
582eb
5c449
5f7d7
5ab84
5c1a1
5a63d
5eca8
5ae24
582f0
5ecaa
5c1a3
5ecac
5a8dc
5c1a4
5908d
5c1a5
5b61e
58b13
582f7
5c52f
59091
58b16
5d2b0
5c531
582fc
5d952
5bd30
59097
5d954
5bfd9
58300
5f268
5f269
5b701
58303
5eb4f
5b620
5edf0
5b621
5ae2a
58307
5eb50
5edf3
5b703
5ee63
5af08
5830b
5830c
5ebc1
5afea
5f594
5edf5
5c44f
5c286
58311
5f84e
5ebc3
5bd36
5c287
5c538
5ea06
5ebc4
5edf7
583d1
584b6
5c60f
5afeb
5c610
5aaa1
583d5
5c611
5f60b
5ac68
5c288
5a721
5ed1b
5af0a
583da
5ed1d
5c28a
5ed1f
5a9c2
5c28b
59177
5c28c
5b706
58bfd
583e1
5c613
5917b
58c00
5ce3c
5c615
583e6
5d9c5
5b8bc
59181
5d9c7
5c0bd
583ea
5f2db
5f2dc
5b7e5
583ed
5ebc6
5b708
5ee6b
5b709
5af10
583f1
5ebc7
5ee6e
5b7e7
5eed6
5afee
583f5
583f6
5ec34
5b0ce
5f355
5ee70
5c61a
5b8c0
583fb
5f1f3
5eeda
5c290
5be13
5c61c
5ea7d
5ec37
5ee72
584bb
585a0
5c6f3
5b0cf
5c6f4
5ab87
584bf
5c6f5
5f67e
5ad4c
5be14
5a805
5ed8e
5aff0
584c4
5ed90
5be16
5ed92
5aaa6
5be17
59261
5be18
5b7ea
58ce7
584cb
5c6f7
59265
58cea
5cf20
5c6f9
584d0
5da38
5b9a2
5926b
5da3a
5c1ad
584d4
5f09c
5f09d
5b371
584d7
5ec39
5b7ec
5eede
5b7ed
5aff6
584db
5ec3a
5eee1
5b373
5ef49
5b0d2
584df
584e0
5ecad
5b1b2
5f3c8
5eee3
5c622
5bef6
584e5
5f682
5ecaf
5b9a8
5bef7
5c700
5e8ad
584eb
5eee5
585a5
5868a
5c7d7
5b1b3
5c7d8
5ac6b
585a9
5c7d9
5f6f1
5ab8a
5bef8
58dcf
5bef9
5b376
5885b
585af
5c7db
58dd3
5885e
5d004
5c7dd
585b4
5b0d5
5eb52
5a8e5
585b6
5b9ab
58b1c
585b8
5eb56
585ba
5daab
5ba86
58dd9
5daad
5c294
585be
5f10f
5f110
5b457
585c1
5ecb2
5b378
5ef51
5b379
5b0da
585c5
5ecb3
5ef54
5b459
5efbc
5b1b6
585c9
585ca
5ed20
5b296
5f43b
5ef56
5c706
5bfde
585cf
5f6f5
5ed22
5ba8c
5bfdf
5c7e4
5e8b1
5ed23
5ef58
5868f
5877a
5c363
5b297
5c364
5ad4f
58693
5c365
5f764
58696
5b1b7
5c7e5
5ac6f
58698
5c366
58ebc
58947
5cb77
5be1e
58ebf
58ec0
5869e
5b1b9
5ebc9
5a9cb
586a0
5ba8f
58c06
586a2
5ebcd
586a4
5d86c
5bb6a
58ec3
5d86e
5be20
586a8
5f186
5f187
5b53b
586ab
5ed25
5b45e
5efc4
5b45f
5b1be
586af
5ed26
5efc7
5b53d
5f02f
5b29a
586b3
5ed93
5ae2d
5f4ae
5efc8
5efc9
5c7ea
5c0c2
586b9
5f768
5ed95
5bb70
5c0c3
5c370
5e924
5ed96
5efcb
5877f
58a2d
5b53f
58781
5b29c
58a2f
58783
5c373
58fa7
58785
5cc5c
5c452
5c453
58ced
5b37b
58789
5b37c
58cef
5c0c7
5ad55
58cf1
5878d
58fab
5f1f5
5d8e0
5bf03
5f1f7
5cc5e
58faf
58793
58794
5bb75
5a807
58796
5bc59
5f7d8
5b628
5ad57
5c0c9
5ad58
5879a
5c0ca
5bb78
5ad5b
5af12
5f111
5ea08
5879f
587a0
587a1
5f03d
5c458
5bc5c
587a4
5f113
5edfc
5edfd
5edfe
5ed9a
5f114
5f7df
5894b
5c295
58862
5bc60
5c296
58864
58cf3
5c1b1
58866
5bb7c
5c1b2
58868
58ddd
5b9b3
5886a
5b9b4
58ddf
5c70a
5ae33
58de1
5886e
5909b
5bb7d
58870
5b383
5909d
5ca99
5bb7f
5961b
58874
5d2b2
5ca9b
590a2
590a3
5c297
58879
5f525
5ca9e
5887b
5dc0b
5ca9f
59625
5a8e8
5ecb5
5bc62
5ae37
5c70e
5ae38
58882
5c70f
5c1ba
5ae3b
5af16
5c7ed
58886
5dab6
5c710
5c29a
5f853
5ee74
5bb82
5c1bc
5888c
5dab7
5caa2
5c29d
5c29e
5f855
5f11a
5f11b
58893
5ed2b
58895
5aff8
5c377
58a36
5d873
5c378
58a38
5ac78
5bfe9
58ec8
5bfea
5af18
5efce
5c2a0
5b467
58ecc
59701
5af1a
5c7f3
59703
5c7f4
5bc66
59705
5895e
5cb7e
59707
5918c
5918d
5d3a2
5cb81
5970b
58964
5ce3f
5970d
5f59a
5dc7f
5dc80
5af1c
5ee77
5ed2d
5b46a
5caa7
5b46b
5af1f
5f11f
5ed2e
5c2a7
5b549
5cb84
5affb
5f189
5f121
5ed9b
58973
5f4b2
5caa8
5c37a
58976
5f18b
5f18c
5eee8
5c2a8
5897a
5897b
5897c
5ed2f
5eee9
5f124
5b62b
5cc5f
5b0df
58a3b
5cc60
5d8e8
5b2a4
5c37c
5ad5d
5f040
5b54c
58a40
5f042
5c37e
5f044
5affe
5c37f
597ec
5c380
5bd4a
59272
58a47
5cc62
597f0
59275
5d486
5cc64
58a4c
5dcee
5bf0a
597f6
5dcf0
5c715
58a50
5f35c
5f35d
5b8d1
58a53
5eeeb
5bd4c
5f190
5bd4d
5b552
58a57
5eeec
5f193
5b8d3
5d8e9
5b62e
58a5b
58a5c
5ef5f
5b70e
5f688
5f195
5cb8d
5c45e
58a61
5f1fe
5f1ff
5ef61
5c45f
5cc6b
5d8f0
5ef62
5eda2
58b23
5b9b5
5d958
5b710
58c0b
5d95a
58b27
5b62f
5cc6c
5b0e3
58b29
5cc6d
5935c
58de7
5d006
5c7fa
5935f
58b2e
58b2f
590a4
5bc6b
58b31
5bc6c
590a6
5c463
5b0e5
590a8
58b35
59362
5f3cb
5dd62
5c7fb
5f3cd
5d009
59366
58b3b
58b3c
5bf15
5ab97
58b3e
5bf16
58b3f
5f204
5bf17
5b0ea
58b42
58b43
5bfef
5f26e
5b9ba
5b637
5b7f1
5f59d
5ebd0
58b48
58b49
5f209
5cd4d
5bff2
58b4c
58b4d
5f59f
5d961
5d962
5f275
58b52
5f6fd
58cf7
5c0cf
58c0e
5ba9a
5c0d0
58c10
58ecd
5b9bb
58c12
5b714
58ecf
5cd51
5b9bd
59447
58c16
5d0eb
5c8d3
58ed4
58ed5
5a9ce
5c2a9
5918f
5c2aa
5b1c8
5ee7d
5bff8
5b717
59193
5c0d1
58c21
5f443
5c8d6
58c23
5db25
5c8d7
59451
5ac7a
5ebd3
5ba9c
5b1cb
5c54d
5b1cc
58c2a
5c54e
5bffc
5b1cf
5b2a8
5c629
58c2e
5d9d0
5c0d4
5f76d
5f046
5b71b
5b9c0
5bffe
58c34
5d9d1
5c8da
5c0d7
5c0d8
5f76f
5f2e6
5f2e7
58c3b
5ec45
58c3d
5952d
5c0d9
58fb8
5c0da
5952f
58cfe
5c8de
5c469
58fbc
58d01
5cf25
59534
59535
5b006
5c62e
5aab3
5eeef
5b7fa
58d07
5eef1
5c630
5eef3
5c9bf
59537
58d0c
5d1d0
59539
5f4b8
5db99
5db9a
5b2ae
5f049
5ec47
5b38a
5c9c2
5ae3f
5f0ab
5baa2
5f2e9
5baa3
5b7fe
58d17
5f04b
5f2ec
5ecb9
58d1a
5f3d2
5c633
5c8e0
5c634
5c1c3
5f0ac
5da45
5da46
5ecbb
58d22
58d23
58d24
5ec49
5ee0d
5f2f0
5b9c1
5d00a
5b471
58dee
5d00b
5dd6a
5b8dd
5cf26
5b38d
58df2
5cf27
5dcf7
5b638
5cc74
5b0ed
5f20c
5b8e0
58df7
5f20e
5cc76
5f210
5c1c9
58dfb
5f0b3
5c0e5
5f362
5c0e6
5b8e4
58dff
5f0b4
5f365
5c1cb
5dd6b
5b9c4
58e03
58e04
5efda
5baa6
5f6ff
5f367
5cf2a
5cd59
58e09
5f3d8
5efdc
5c804
5cd5a
5d00f
5dac0
58e0f
5ef6a
58eda
5c2ab
5db28
5baa8
58fc2
5db2a
58ede
5b9c5
5f27e
5b71d
58ee0
5c805
59455
58ee2
5f282
58ee4
5c807
5af25
58ee6
5c808
58ee7
5f3de
5c809
5b47a
58eea
58eeb
5c38b
5f448
5c2b0
5b9cb
5bb89
5f198
5d87f
58ef0
58ef1
5db2e
5d0f2
5c38f
5f773
5f44c
5d012
5db31
5db32
5f050
5db33
5f12c
590aa
5c46f
58fc5
5be38
5c470
58fc7
5953c
5c0e8
58fc9
5c0e9
5953e
5c8e8
5b559
59540
58fcd
5b008
5f051
5be3a
5b55b
5c8ea
5b55c
58fd2
5c8eb
5c396
5b55f
5b63c
5c9c8
58fd6
5dba0
5c8ec
5c472
5f7e4
5ee0f
5c2b3
5c398
58fdc
5dba1
5d1d6
5c475
5f7e6
5f4bf
5f4c0
5f4c1
5f214
5f4c2
58fe5
5b71e
5caaa
59195
5dc0f
5caab
59197
5ae42
5c723
59627
5c724
5b63e
5f0b8
5c478
5bb91
5962b
5b640
5f215
5ee13
5bb92
5d1d8
5bb93
5b643
5f4c5
5ee14
5c47d
5bc71
5d2b8
5b721
5f52f
5f4c7
5d964
590c3
5f285
5d1d9
5c9d1
5c557
5f530
5dc15
5d966
590c9
590ca
590cb
590cc
5f85a
590ce
5f4ca
5bd53
5ce42
5b803
5919a
5ce43
5dc84
5b47c
5caaf
5af27
5f12e
5bc74
5919f
5f130
5cab1
5f132
5c003
591a3
5f289
5bf23
5f536
5bf24
5bc78
591a7
5f28a
5f539
5c005
5dc85
5bd56
591ab
5eef4
5b8e7
5f619
5f53a
5f53b
5d2be
5cb91
591b1
5f5a4
5eef6
5c63e
5cb92
5ce47
5d9da
591b7
5ee88
59286
5bd57
5f1a0
5b561
59288
5c63f
597fd
5928a
5f1a4
5928c
5c641
5b2b7
5928e
5c725
5f36a
5c0ed
5b809
5cb96
5b80a
59292
5cb97
5c644
5b80d
5b9cc
5f0bc
5da4b
59297
59298
59299
5f5af
5cf2c
5c728
5929c
5f0be
5dcfc
5dcfd
5dcfe
5ef6e
5dcff
5f2fe
59458
5cd62
5936f
5c72c
5cd63
59371
59800
5cc7e
59373
5c648
5cc7f
59375
5b39a
5f219
5c72e
5b8ed
5d1dd
5b8ee
5937a
5d1de
5cc83
5b8f1
5b9d0
5d2c1
5937e
5e022
5d1df
5cd65
5f3e5
5dd74
5c64b
5cc85
59384
5e023
5d56f
5cd68
5f3e7
5f693
5f694
5f695
5f28f
5f696
5938d
5bab2
5ce4b
59543
5dddf
5ce4c
59545
5b9d2
5f3e9
5f291
5bf2a
5d571
5bf2b
5b9d5
5f699
5f292
5cd6e
5c00e
5d651
5bab5
5f703
5f69b
5d9db
5946b
5f300
5d572
5ce4e
5946e
5f705
5db36
5c8f5
5cd6f
59472
59473
59474
5f45b
59476
5f69e
5c0f0
5d733
5bb97
59548
5d734
5de54
5c39d
5954b
5f45d
5c815
5f70a
5c816
5c012
5954f
5f45e
5f70d
5c39f
5de55
5c0f3
59553
59554
5dba7
5c1d3
5f4cc
5f70f
5d657
5cf32
59559
5f778
5dba9
5c9d9
5cf33
5d738
5da51
5955f
5f306
59630
5c47f
5dec4
5c1d5
59718
5dec6
59634
5c9da
5b647
59636
5c9db
59637
5f77e
5c9dc
5bb9e
5963a
5963b
5cab8
5f7e8
5c484
5c0f7
5c2b6
5f133
5dac2
59640
59641
5f783
5d81a
5cabb
59644
5f135
5decc
5decd
5dece
5dc1d
5decf
5f4d2
59804
5cb9a
5971b
5c564
5cb9b
5971d
5b72a
5f137
5c566
5bc7f
5d018
5bc80
59722
5d019
5cac1
5bc83
5bd60
5d0f9
59726
5df3c
5cb9d
5f5b1
5dc8e
5c1db
5c487
5cac3
5972c
5df3d
5d3a7
5cba0
5f5b3
5f85f
5f860
5f861
5f1a9
5f862
59735
5bd62
5f5b5
5f1ab
5be4a
5d48c
5b8f3
5f625
5c569
5f863
5c56a
5c2be
5980f
5f5b7
5f866
5d8f5
59812
5f21e
5d0fe
5d3aa
5d0ff
5cc88
5f626
5dfb1
5d8f7
59819
5981a
5981b
5981c
5f379
5981e
5f86a
5cac4
598e7
59e3d
5b480
5cac5
59e3f
59e40
59f20
5d658
5ac7f
5a0e9
5d3ad
598f0
5ac80
598f3
5ac83
598f5
5ded1
598f6
5e601
5cac8
5c56d
5caca
5dc20
5dac8
5f546
5f13c
5d102
598ff
59900
5e1f7
5dacb
5f548
5e351
5f549
59aac
5a726
5ad61
59f23
5d3b1
5b2b9
5d105
5ad63
5a1cc
5d490
5cbab
5a1ce
599d5
599d6
5ad67
5dc91
5e673
5dc92
5e269
5be4c
5d73d
5d494
5cbaf
5f1ae
5cbb0
599e0
5f86c
5d1e7
5dc95
5e675
5df48
599e5
599e6
599e7
59aad
59aaf
5a006
5b648
5cc8d
5a008
5a009
5a0eb
5d821
5a8f0
5a2b1
5d575
59ab8
59ab9
59abb
5a8f4
5e2db
5a8f5
59abe
5e6e7
5cc90
5c735
5cc92
5dd06
5f62c
5dd07
5f222
5d2cb
59ac7
5e2dd
5d8fe
5f37c
5dd0a
5e437
5f37d
59c74
5a479
59b94
5d01e
5d65d
59b97
5af29
5a398
59b99
59b9a
59b9b
5ce55
59b9d
59b9e
5aab4
5dd77
5e759
5dd78
5e09d
5c014
5d3b3
5d65f
5cd77
5f294
5cd78
59ba8
5f6a0
5ce58
5dd7b
5e75b
5e02e
59bad
59bae
59baf
59c75
59c77
5b2ba
5c3a5
59c79
5a1d0
5a47c
59c7c
5ce59
5aab7
5c8ff
5a80e
59c80
5aab9
59c83
5aabc
5e10f
5aabd
59c86
5e7cd
5c900
5c3a6
5c902
5db3a
5f712
5db3b
5f308
5cf3b
59c8f
5e111
5d9e4
5f462
5db3e
5e51d
5f463
59e44
5d57a
5ab9a
5a00b
5d825
59d5f
5a2b5
5b39c
5c9e2
5a2b7
5a2b8
5a562
5d827
5ab9f
5da52
5aba1
5e182
5aba2
59d6b
5d020
5c9e5
59d6e
5de5f
5dbae
5f785
5f4d4
59d72
5da56
5da57
5e58f
5dbb1
5f787
5e842
5f788
5d023
59e48
5a39c
5b9d8
5b72e
5d57d
5b1d9
59e4f
5e186
59e50
5e187
5e605
59e53
5ded9
59e54
5f7fd
5deda
59e57
5e18a
5da5c
5dd83
5e606
5dedd
5e607
5a00d
5ac87
5b2bc
5a481
5a482
5ac89
59f32
5db3f
5e677
5db40
5b2c2
59f36
5dacc
5f464
5dacd
5d10c
59f3a
5db43
5f871
5f872
5e1fe
59f3e
59f3f
5a00e
5a010
5a564
5bba0
5b39e
5d746
5ae4a
5a017
5e26c
5a018
5e26d
5e6eb
5a01b
5dfbf
5a01c
5f631
5dfc0
5a01f
5e270
5d890
5dbb7
5e6ec
5dfc3
5e6ed
5a1d5
5a8f7
5af2c
5a649
5a64a
5a8f9
5af2f
5dc25
5e75d
5dc26
5af32
5a0fe
5d900
5f54a
5d901
5d2d4
5a102
5dc29
5f6a5
5f6a6
5e2e4
5a106
5a107
5a1d6
5a1d8
5a72c
5bd68
5b566
5d3b6
5b012
5a1df
5e0a0
5a1e0
5e0a1
5e7d1
5a1e3
5ddf3
5a1e4
5f717
5ddf4
5a1e7
5e0a4
5d976
5dc9d
5e7d2
5ddf7
5e7d3
5a80f
5aac0
5a2be
5a2bf
5a2c0
5a2c2
5b0f8
5e438
5b0f9
5a2c5
5eaf2
5cf42
5e115
5cf43
5a2c9
5e116
5d9e8
5f380
5f381
5de69
5eaf3
5e119
5eaf4
5d57f
5a3a2
5a8fb
5bf31
5bc86
5b731
5a3a8
5e43c
5e18e
5eb64
5e8b7
5a3ac
5e039
5a3ad
5f6a8
5e190
5dd14
5f6a9
5f6aa
5e441
5e442
5a3b3
5a484
5a486
5a9df
5c015
5bd6a
5b39f
5a48c
5e4af
5a48d
5e4b0
5e92a
5a490
5ddfa
5a491
5f71b
5e203
5dd87
5f71c
5f71d
5e4b4
5a496
5a497
5a568
5a56a
5aac3
5c0f9
5b8f6
5b3a2
5a570
5e522
5a571
5e523
5e99d
5a574
5de6d
5a575
5f78e
5e276
5db48
5f78f
5f790
5e527
5a57a
5a57b
5a64c
5a64e
5aba7
5c1dd
5b9da
5b486
5a654
5e595
5a655
5e596
5ea10
5a658
5dee0
5a659
5f801
5e2e9
5dbbb
5f802
5f803
5e59a
5a65e
5a65f
5a730
5a732
5ac8b
5c2c1
5babe
5b56a
5a738
5e356
5a739
5e357
5ea83
5a73c
5df53
5a73d
5f874
5e0aa
5dc2e
5f875
5f876
5e35b
5a742
5a743
5a815
5a817
5bba1
5b64d
5a81a
5b736
5e11a
5eda3
5e11b
5e6ef
5d49c
5dc9f
5f634
5dca0
5dfc7
5d9ec
5e3cd
5dca2
5e11f
5eda5
5e3cf
5eda6
5b653
5bc87
5ae54
5b655
5bc8a
5e2ed
5bc8c
5ea13
5bc8d
5a907
5e2ef
5d909
5e2f0
5e2f1
5eb6a
5eb6b
5af36
5b738
5a9e4
5a9e5
5bd6e
5bd70
5a9e9
5e766
5a9ea
5ee8a
5e03e
5a9ec
5a9ed
5a9ee
5ea88
5ea89
5aac6
5b01b
5c653
5be4f
5b8fa
5aacc
5e7d8
5e52a
5eefc
5ec4f
5db4a
5e7da
5de00
5e7db
5e7dc
5aad3
5aba9
5abab
5bf32
5b9dd
5abae
5babf
5e59c
5ef6f
5e59d
5e8bb
5da61
5da62
5e59e
5e59f
5ef71
5e84f
5ef72
5b48b
5bac0
5b1e4
5b48d
5bac3
5e207
5bac5
5e92d
5bac6
5ac97
5ac98
5e209
5e20a
5e20b
5ed36
5ed37
5b2c6
5b570
5ad74
5ad75
5ad77
5bba8
5e9a0
5bba9
5ad7a
5f056
5df58
5ad7c
5ad7d
5e9a2
5e27e
5e9a3
5ae56
5b3ab
5c9ea
5c739
5c1e2
5ae5c
5e9a4
5ae5d
5e9a5
5ee1b
5dfcd
5e9a6
5e280
5e9a7
5ae62
5ae63
5af39
5af3b
5c81c
5c2c6
5af3e
5c2c8
5e76a
5f13f
5e76b
5ed39
5dc32
5e76c
5e041
5e76d
5f141
5ea1b
5f142
5bd73
5be51
5b574
5bd75
5be54
5e3d5
5be56
5edab
5be57
5b027
5e3d7
5dca6
5e3d8
5e3d9
5ef02
5ef03
5b656
5b900
5b104
5b105
5b107
5bf39
5eb6c
5bf3a
5b10a
5f226
5e126
5b10c
5b10d
5eb6e
5e44c
5eb6f
5b1e6
5b73b
5cd7a
5c571
5c01b
5b1ec
5e8be
5b1ed
5e8bf
5efe7
5dee7
5e8c0
5e19a
5e8c1
5b1f2
5b1f3
5b2c9
5b2cb
5c654
5c0fe
5b2ce
5c1e7
5e684
5f30b
5e685
5ec53
5db4c
5e686
5df5b
5e687
5f30d
5e935
5f30e
5c104
5c73a
5b904
5c106
5c73d
5e855
5c73f
5ef77
5c740
5b3b7
5e857
5de77
5e858
5e859
5f0d2
5f0d3
5b9e6
5c1e9
5b494
5b495
5c821
5c823
5b499
5ecca
5b49a
5f3f6
5e5a6
5b49c
5b49d
5b49e
5efec
5efed
5b576
5bacb
5d10d
5c908
5c3ad
5b57c
5ed3c
5ea90
5f468
5f1b7
5e0b5
5ed3e
5e368
5ed3f
5ed40
5b583
5b659
5b65b
5c9eb
5c490
5b65e
5c572
5eb02
5f4db
5eb03
5ee1f
5dfcf
5eb04
5e129
5eb05
5f4dd
5edb3
5f4de
5bf3c
5c573
5bc94
5bf3e
5c576
5e76f
5c578
5ee91
5c579
5b747
5b748
5e771
5e772
5e773
5f29e
5f29f
5bd76
5c021
5b824
5b825
5b827
5c65b
5ef04
5c65c
5b82a
5f5c2
5e4c0
5b82c
5b82d
5ef06
5e7e6
5ef07
5b906
5be5c
5d4a0
5d1f3
5cc9b
5b90c
5ef08
5ec5c
5f638
5f387
5e535
5e536
5ef0a
5ef0b
5ef0c
5b913
5b9e9
5b9eb
5d2d6
5cd7f
5b9ee
5cd81
5ecce
5f6ab
5eccf
5f2a1
5e19d
5ecd0
5e5a9
5ecd1
5f6ad
5ef7f
5f6ae
5c826
5c90a
5c025
5c828
5c90d
5e93b
5f46c
5e93c
5c910
5bad7
5bad8
5e93d
5e93e
5f46e
5ed45
5f46f
5c107
5c3b3
5bbb4
5bbb5
5bbb7
5c9f2
5f0d4
5c9f3
5bbba
5f792
5e68e
5bbbc
5bbbd
5f0d6
5e9b2
5f0d7
5bc96
5c1ec
5d830
5d02b
5cad4
5bc9c
5ee22
5bc9d
5ee23
5f553
5e44f
5e450
5ee24
5ee25
5bca2
5bca3
5bd79
5bd7b
5d10e
5cbb7
5bd7e
5cca0
5ebe8
5f877
5ebe9
5f1bb
5e0b7
5e0b8
5ebea
5ebeb
5f879
5ee99
5f87a
5cbbd
5d74d
5d1f5
5be64
5ef0d
5be65
5f63d
5ef0e
5edbb
5f63e
5f63f
5ea99
5ea9a
5be6b
5bf42
5bf44
5bf45
5d2da
5d2dc
5f231
5d2dd
5bf4a
5f232
5ef82
5bf4c
5bf4d
5eb7d
5e452
5eb7e
5c027
5c57e
5cd86
5ce67
5d97d
5f5c9
5d97e
5ce6a
5c02f
5f2a6
5d980
5e4c4
5eff6
5e61e
5eff7
5c661
5cf49
5c10e
5d02c
5ec60
5f795
5f38b
5ec61
5d9f2
5f38c
5f38d
5e690
5f31a
5e941
5f31b
5c9f5
5d585
5d02e
5c1f4
5ee27
5c1f5
5f809
5ee28
5ecd5
5f80a
5f80b
5e9b3
5c1fa
5c1fb
5c2d2
5c2d4
5c2d5
5c2d7
5d114
5f14b
5d115
5c2da
5f14c
5ee9c
5c2dc
5c2dd
5ed49
5e36c
5ed4a
5c3b8
5d118
5d74f
5d89b
5f474
5d89c
5d752
5c3bf
5f1c5
5d89e
5e692
5e693
5f1c6
5f1c7
5c9f7
5c49e
5d834
5dbc1
5f80c
5dbc2
5ee2d
5d910
5f4e9
5dbc4
5eb0e
5f4ea
5edbf
5f4eb
5d2df
5d3bf
5c584
5ee9f
5c585
5f880
5f2aa
5dc36
5f881
5f882
5eb7f
5eb80
5c58b
5c663
5c665
5c667
5d4a5
5f31c
5d4a6
5c66a
5f5ce
5ef14
5c66c
5c66d
5ef15
5e7ec
5ef16
5c748
5cf50
5d588
5da67
5f38e
5da68
5d58b
5c74f
5f0df
5da6a
5e85e
5e85f
5f0e0
5f0e1
5cd87
5c82e
5d753
5dd8d
5f726
5dd8e
5eff9
5dadc
5f403
5dd90
5ea28
5ea29
5f404
5f405
5d670
5d9f8
5f479
5db53
5ed4d
5f72b
5effe
5f72c
5d754
5da6b
5da6c
5f4ec
5edc0
5f79e
5f071
5f79f
5d838
5dade
5dadf
5f55f
5eb81
5f811
5ee32
5f812
5d3c4
5d89f
5f5d2
5dcac
5ebf4
5f884
5eea5
5f885
5d4a8
5d912
5f393
5dd1f
5ec67
5ec68
5f645
5f646
5d58c
5d985
5f406
5dd92
5ecda
5f6b8
5ef8b
5f6b9
5dcad
5f72d
5efff
5ce71
5ce72
5ce73
5cf52
5de7a
5cf54
5f324
5d9fc
5dd21
5ec6a
5d037
5e19f
5da6e
5f40a
5f40b
5deee
5ee34
5dae0
5f47c
5ed4f
5f887
5f888
5e213
5f159
5dbc7
5f647
5ef19
5d201
5d202
5d203
5d2e2
5e046
5d2e4
5f23e
5d916
5dc3b
5eb84
5d3c7
5e0bb
5d98b
5f565
5dc3e
5e0bc
5f2b4
5d9fd
5e3e0
5dcb0
5f64b
5f64c
5e3e1
5f5d9
5dd22
5f6bd
5ef8e
5d591
5d592
5d593
5d672
5de09
5d674
5f15a
5dae5
5de0a
5f002
5d757
5e287
5d8a5
5f47f
5db58
5e288
5f1ce
5d917
5e5ac
5dbca
5f817
5f818
5e5ad
5f4f3
5d8a8
5db59
5f7a6
5f1cf
5db5b
5dfd7
5d8ad
5e3e2
5df65
5d8af
5edc4
5f64e
5d8b2
5d98d
5def1
5d91d
5f4f7
5f81b
5e2fe
5dd25
5e707
5f243
5dd27
5ef90
5d924
5f569
5e130
5e0be
5dc41
5f88e
5d992
5f5db
5e04b
5d994
5f40e
5e04d
5f2b7
5f246
5f735
5da02
5e53c
5de0d
5da04
5dcb6
5f651
5f329
5dcb8
5de7f
5da09
5f39d
5f32b
5da74
5dbd0
5de81
5da77
5f4f8
5e04e
5da79
5f39f
5f6c6
5e1a6
5ecde
5f81d
5da7e
5db5f
5f890
5daea
5e370
5def5
5daec
5e4c9
5f004
5daee
5ed51
5f891
5daf1
5dbd3
5e53d
5e53e
5df6a
5f486
5dbd5
5e708
5e28e
5dc47
5e04f
5ea2c
5dc4a
5dd2c
5e0c1
5dcbc
5f56d
5e4ca
5e458
5de84
5f5e0
5e4cb
5def7
5f414
5de13
5e21c
5ebf9
5de16
5def8
5e53f
5de88
5f73b
5e696
5e624
5e303
5f820
5df6d
5eaa0
5e374
5dfdf
5e136
5edc5
5dfe2
5e1a9
5e45a
5e055
5e138
5eaa1
5e0c8
5ebfa
5e8d5
5e13b
5ec6d
5e948
5e8d6
5e5b5
5e9bb
5e221
5ed53
5ea2e
5e9bc
5e3e9
5e70b
5ea2f
5e3ea
5ed54
5ed55
5e781
5eb88
5e3ed
5ef20
5ebfb
5eb89
5e867
5ec6e
5ebfc
5e628
5ece1
5ec6f
5e69b
5e9bd
5e5b9
5e69c
5f007
5e62c
5f162
5ee3b
5e69f
5f1d5
5eeae
5ee3c
5eb19
5ef21
5e785
5f2bb
5ef94
5ef22
5e94d
5ec70
5ef95
5e94e
5f2bc
5f2bd
5ece6
5f0f0
5f330
5ed59
5f163
5f0f1
5edcc
5f1d6
5f164
5eb8d
5f249
5f1d7
5ec00
5ef23
5f24a
5ec01
5f570
5ec02
5f00b
5f417
5ece8
5ee3f
5f4fd
5edcf
5eeb3
5f823
5eeb4
5f2bf
5f6ca
5ef9a
5f0f3
5f7b0
5f081
5f4ff
5f824
5f24d
5f419
5f73e
