00495
00002
00100
00dbf
00dc0
04e4c
049ea
049eb
049ec
04e4e
0000c
04e4f
016fb
00301
0000f
00010
00c8d
00c8e
01d05
00014
07ed1
04831
01d08
044bb
00d29
00d2a
00d2b
0001c
00e5a
0001e
0001f
00e5d
02234
04e54
04e55
00f38
00025
00026
00027
04833
00028
04834
01542
07ed2
01d0c
0002b
04837
01d0e
044bf
08c57
04e5a
04754
044c2
044c3
044c4
00396
00037
00038
00167
0003a
0003b
0003c
001fe
001ff
017d7
00040
04f36
025a9
017da
00b5b
08268
00046
07fb6
018b5
00cc4
00049
0004a
08a7e
0826c
08a7f
0004e
04f37
0826d
04f39
0826e
00054
01013
01014
087d4
04f3c
01de7
01de8
018b8
08271
018b9
087d8
04677
0005d
04913
018bc
0005f
04915
04f3f
045a3
00062
08a80
08276
08a81
00068
0009a
00e25
00e26
05018
04ba4
04ba5
04ba6
0501a
00072
0501b
01387
00367
00075
00076
00cf3
00cf4
01991
0007a
0809d
049ef
01994
0467b
00d8f
00d90
00d91
00082
0101a
00084
00085
0101d
01ec0
05020
05021
010f2
0008b
0008c
0008d
049f1
0008e
049f2
01700
0809e
01998
00091
049f5
0199a
0467f
088bf
05026
04918
04682
04683
04684
003fc
0009d
0009e
001cd
001ce
04758
001d0
001d1
001d2
01463
000a6
05102
02763
01466
00bc1
08434
000ac
08182
01a6f
00bf8
000af
000b0
08c59
08438
08c5a
000b4
05103
08439
05105
0843a
000ba
011cd
011ce
089a4
05108
01fa1
01fa2
01a72
0843d
01a73
089a8
04303
000c3
04ad1
01a76
000c5
04ad3
0510b
0422f
000c8
08c5b
08442
08c5c
000ce
00102
00297
04c80
000d3
000d4
00203
00204
000d7
000d8
000d9
04c83
02312
0029c
000dc
00c27
00c28
01b4b
000e0
07d05
04ba9
01b4e
04307
00df7
00df8
00df9
000e8
011d4
000ea
000eb
011d7
0207a
04c88
04c89
012ac
000f1
000f2
000f3
04bab
000f4
04bac
0138c
07d06
01b52
000f7
04baf
01b54
0430b
08a8f
04c8e
04ad6
0430e
0430f
04310
002ca
04d66
08b68
00107
08b69
04d68
08b6a
0010b
04d69
01624
002ce
0010e
0010f
00c5a
00c5b
01c28
00113
07deb
0475e
01c2b
043e4
00e2a
00e2b
00e2c
02157
0011b
08b6e
04d6d
08606
08b6f
00120
04d6e
08607
04d70
08608
00126
04760
00127
04761
01469
07dec
01c2f
0012a
04764
01c31
043e8
08b75
04d74
04bb3
043eb
043ec
043ed
005c7
0013c
0023a
010fb
0026b
0026c
0026d
00430
00431
029f8
00433
00146
053b4
029fb
00149
08443
00f42
00dc9
0014c
0014d
08c5f
04e5c
05111
00e67
00151
00152
00f45
05113
00f46
05114
01a7a
08c63
02241
00f49
08c64
02243
0015a
01392
01393
0015d
01395
02766
05118
05119
02769
00163
00164
0016f
001a1
011d8
04c8f
04c90
011db
00463
00464
02ad5
00466
00179
0549a
02ad8
0017c
08529
0101f
00dfc
0017f
00180
0549b
04ae1
00f4d
00183
00184
00185
01022
04c95
01023
04c96
01b57
087e5
01df0
01026
087e6
01df2
0018d
01475
01476
00190
01478
02315
04c9a
04c9b
02318
00196
00197
001a2
001d4
012b5
04d75
04d76
012b8
00496
00497
02bb2
00499
001ac
05580
02bb5
001af
0860f
01100
00e2f
001b2
001b3
05581
04bbe
0102a
001b6
001b7
001b8
01103
04d7b
01104
04d7c
01c38
088cb
01ecd
01107
088cc
01ecf
001c0
01552
01553
001c3
01555
023f2
001c6
05589
04d82
0558a
088d0
001d5
00207
00397
00398
04e5d
00e6b
00e6c
00e6d
02c8f
0039a
001df
05666
02c92
001e2
086f5
011dd
00d30
001e5
001e6
05667
0476d
0110b
001e9
001ea
001eb
011e0
001ed
04844
011e2
04e64
011e3
086f7
01fab
001f1
04848
001f3
0162f
01630
001f6
01632
024cf
04e68
04e69
024d2
001fc
001fd
00208
0023c
003ca
003cb
04f43
00f52
00f53
00f54
0283e
003cd
00212
051e8
02841
00215
00216
08277
02082
00d64
00219
011e7
011e8
0021c
051e9
04f48
011eb
012bd
00220
04921
012bf
04f4a
012c0
08279
02088
00224
04925
00226
0170c
0170d
00229
0170f
025ac
04f4e
04f4f
025af
0022f
00230
0023d
0023e
0036b
00240
00241
00242
003ff
052cd
0291c
01b5d
00402
00bfb
00e6e
00249
0835e
0215f
00e71
0199f
052cf
019a0
052d0
02163
0024f
04a06
019a3
00251
04a08
04d83
04927
04928
00255
052d2
08b7e
00258
01397
01398
0025b
052d4
0268d
0268e
0025f
017e9
017ea
00262
017ec
006f9
00272
00370
01633
0039e
0039f
003a0
00562
00563
02f26
00565
0027c
05918
02f29
0027f
053bf
0511e
01111
01112
01113
00284
011ec
05120
011ed
05121
0147b
00288
0276f
011f0
089b8
01fb2
0028c
018ca
0028e
018cc
018cd
02c94
05125
05126
019a8
019a9
00296
002a5
002d7
01710
003d1
003d2
003d3
00595
00596
03003
00598
002af
059fe
03006
002b2
011f3
011f4
059ff
04ca1
01483
011f7
012c9
002b9
0231c
01558
051f9
01559
08a9d
0208e
002bd
02320
002bf
019ad
002c1
019af
019b0
02843
04ca7
04ca8
01a85
01a86
002c9
002d8
0030a
017ed
00404
00405
00406
005c8
005c9
030e0
005cb
002e2
05ae4
030e3
002e5
023f8
002e6
023f9
00e7a
04d87
0216e
002e9
023fc
0163c
012cf
0155d
0155e
002ee
0558b
052e0
01561
002f2
01a8a
002f4
01a8c
01a8d
02920
04d8d
04d8e
01b62
01b63
002fc
0030b
0033d
004c9
004ca
053c1
013a3
013a4
013a5
031bd
004cc
00315
05bca
031c0
00318
053c5
0163e
00e80
00e81
0031c
0031d
00f55
04e6e
00f56
04e6f
01716
00321
024d8
00f59
08c6a
0224d
00325
01b67
00327
01b69
01b6a
029fd
04e73
04e74
01c3f
01c40
0032f
0033e
00372
004fc
004fd
054a7
01486
01487
01488
02d6c
02d6d
01fb5
00349
0574c
0034b
05201
04f52
00f5d
00f5e
00f5f
00350
01032
04f54
01033
04f55
017f3
00354
025b5
01036
087ec
01dfc
00358
01c44
0035a
01c46
01c47
02ada
04f59
04f5a
01d1c
01d1d
00362
00373
00408
0049e
00376
00377
00378
00531
00532
0037b
05590
02093
00d33
017f7
01039
05833
05039
052e8
05592
017fc
01ed4
05835
01ed5
00386
02691
013a9
05836
01ed8
0111a
0038a
018cf
018d0
05837
05596
05597
02bbc
00391
01d21
00393
01d23
01d24
0082b
003a5
004a3
01b6b
004d0
004d1
004d2
00694
05e7a
03454
03455
02697
003b0
05e7c
05681
018d5
003b3
003b4
003b5
05e7e
003b7
02c9a
01721
04e76
024dd
05e7f
024de
01724
05bdc
019b6
01dfd
003bf
05e81
003c1
003c2
01eda
031c3
031c4
003c6
003c7
05e85
05e86
003d9
00502
003db
003dc
003dd
0059b
006c8
02772
003e1
0575a
03533
02775
019b7
003e5
05a09
05205
0575c
019bb
019bc
025b8
003eb
0284a
01a90
0575d
01a91
003ee
0284d
01802
003f0
05209
0575f
05760
05f68
003f6
05762
02d72
02d73
01fba
01fbb
01fbc
0075f
0040d
00536
00537
00410
00411
00412
006fc
06047
0360f
02323
006ff
013ac
05041
01b70
00419
02928
0041a
02929
01b73
0604a
0269e
01a94
0041e
05aef
052ee
05844
01a98
01a99
01fbe
052f0
01fc0
05847
0604f
0042a
0042b
05848
02e51
02e52
02099
0046f
02f2a
00441
00442
0612b
05926
0612c
00446
00447
05927
036ed
00600
0044a
05929
01b76
013b4
013b5
0044e
0044f
01489
05127
01c4d
00452
02a05
00453
02a06
01c50
06132
0277b
00457
0209c
00459
0209e
0209f
02f2b
053d7
053d8
02174
02175
00461
00471
004a5
0062e
0062f
05a0b
019be
019bf
019c0
0329a
00631
0047b
05cb0
0329d
054b5
01c53
0047f
00480
00481
05cb2
00483
02ae0
01567
04caa
02327
05cb3
02328
0156a
05a12
01d2e
02177
0048b
05cb5
0048d
0048e
0224e
03009
0300a
00492
00493
05cb9
05cba
004a7
004a8
05d93
05af2
05d94
004ac
004ad
05af3
03379
00666
004b0
0584b
0559c
0156e
0156f
01570
004b5
01649
04d8f
018df
004b8
02bbf
004b9
02bc0
018e2
05d9a
02407
030e5
004bd
004be
05d9c
05afb
05d9d
004c2
055a3
05afc
05afd
05d9f
004d5
00509
0092a
004d9
00602
00603
004dc
004dd
004de
007c8
063df
03983
02bc5
007cb
01b7b
004e4
0613d
01e0b
01e0c
01e0d
01b80
01ee6
05be8
02a0a
01c5a
05be9
01c5b
05bea
02a0d
004ee
031cd
0232c
05bec
0232e
06143
063e7
004f6
004f7
06144
036f3
036f4
0240d
0053b
0329e
05cbb
0217e
0217f
02180
00511
00512
00513
05cbd
03a61
007fe
00516
05cbf
01eed
01c60
01c61
0051a
0051b
01d35
0051d
02d78
01fc5
0576a
02ae9
01d39
0576c
01d3a
05cc2
00523
02410
00525
02412
02413
0329f
0576f
05770
024e8
024e9
0052d
0053d
0056f
0225a
05da1
05da2
0225d
0082c
0082d
03b3c
0082f
00547
065ac
03b3f
02bc7
020a5
0054b
02e56
018e7
0584e
02bcb
065ad
02bcc
0054f
01d3c
01d3d
065af
05852
01fcd
01d40
024eb
00557
065b1
00559
0055a
025c2
0337d
0337e
0055e
0055f
065b5
065b6
00571
00605
00606
01e0f
05e89
05e8a
01e12
0292c
00579
05e8c
03c1b
0292f
020aa
0057d
06147
05935
05e8e
020ae
020af
02ca4
00583
02f32
02183
05e8f
02184
00586
02f35
019c6
00588
05939
05e91
05e92
06698
0058e
026a0
026a1
0669a
05e95
05e96
0345e
008f7
005a5
005a6
006cf
01ef3
01ef4
006d2
00762
06213
037c9
02a11
00765
019c7
005b0
05f73
02189
0218a
0218b
019cc
0225e
05a1c
02854
01aa0
05a1d
01aa1
05a1e
02857
005ba
03013
026a6
05a20
026a8
05f79
0621b
05a21
0277d
0277e
005c4
005c5
005c6
0066b
0066c
01fcf
00703
00704
00705
02aec
005df
06058
038a7
02aef
02264
01aa5
062fb
05b01
05db0
0605a
02269
02930
005e9
030ec
01e15
0605b
01e16
005ec
030ef
01b86
005ee
02332
02333
062ff
0605e
0605f
03618
005f5
02784
005f7
02786
02787
00a8f
00609
00707
025ce
00734
00735
00736
008f8
06942
03eb0
03eb1
030f3
00614
06944
00616
00617
063eb
0614b
020b4
020b5
0061b
036f6
02f38
0218f
0593e
02417
0061f
036fa
00620
036fb
02859
00623
06949
00625
00626
02936
03c1f
03c20
0062a
0062b
0694d
0694e
0063d
00766
0063f
00640
00641
007ff
0092c
031ce
031cf
0092f
06a29
03f90
0241a
00649
064d1
05ccd
06224
0241e
0241f
03014
0064f
032a6
024f3
06225
024f4
00652
032a9
0226f
00654
05cd1
06227
06228
06a30
0065a
02a14
02a15
06a32
0622b
0622c
037d2
009c3
00671
06b0c
06306
06b0d
00675
00676
00960
06b0f
0406b
02d7f
00963
01e19
05b09
025d3
0067d
03384
0067e
03385
025d6
06b12
030fa
024f7
05db4
05db5
02273
00685
06b14
065b8
02a1a
05db8
02a1c
0630f
06b17
0068e
0068f
06310
038ad
038ae
02af5
006d3
03986
006a5
006a6
06bf3
063ee
06bf4
006aa
006ab
063ef
04149
00864
006ae
01e20
01e21
06bf7
05e99
025dc
01e24
01ef6
006b5
03460
026b1
05e9a
031d5
01efa
05e9c
01efb
063f4
006bb
02af8
006bd
02afa
02afb
03987
05e9f
05ea0
02bd0
02bd1
006c5
006d5
00709
00892
00893
006da
006db
06775
06776
03cf6
00895
006df
06778
03cf9
006e2
006e3
0622d
05f7f
01f00
01f01
006e7
0353c
01fd4
05772
02d83
0677b
02d84
01fd7
064da
02791
02bd3
006ef
0677d
006f1
006f2
02caa
03a65
03a66
006f6
006f7
06781
06782
0070b
0070c
0685b
065ba
0685c
00710
00711
065bb
03dd5
008ca
00714
06313
06064
01fdb
01fdc
01fdd
00719
020b6
05857
02342
0071c
0361b
0071d
0361c
02345
06862
02e63
03b41
06069
0606a
02862
02863
00725
00726
0606b
065c4
065c5
06867
00739
0076d
00b90
0073d
00866
00867
00740
00741
00742
00a2c
06ea7
043ef
03621
00a2f
025de
00748
06c05
02867
02868
02869
025e3
02942
066b0
03466
026bd
066b1
026be
066b2
03469
00752
03c29
02d88
066b4
02d8a
06c0b
06eaf
0075a
0075b
06c0c
0414f
04150
02e69
0079f
03cfa
06783
02bda
02bdb
02bdc
06f8c
00776
06785
036fd
00a61
00779
0077a
06787
02949
026c3
026c4
0077e
0077f
02798
05f87
02a20
00782
037d5
00783
037d6
02a23
06f92
03547
00787
02e6c
00789
02e6e
02e6f
03cfb
06237
06238
02f44
02f45
00791
007a1
007d3
02cb6
06869
0686a
02cb9
00a90
00a91
045a8
00a93
007ab
07074
045ab
03623
007ae
038b1
02b02
0686d
02b03
007b1
038b4
0234c
007b3
0686f
02a26
027a0
027a1
007b7
007b8
02f47
007bb
07079
007bd
007be
0301e
03dd9
03dda
007c2
007c3
0707d
0707e
007d5
00869
0086a
0286b
06951
06952
0286e
03388
007dd
06954
04687
0338b
02b06
007e1
06c0f
063fd
06956
02b0a
02b0b
03700
007e7
0398e
02bdf
06957
02be0
007ea
03991
02429
007ec
06401
06959
0695a
07160
007f2
030fc
030fd
07162
0695d
0695e
03eba
00b5d
00809
0080a
00933
0294f
02950
00936
009c6
06cdb
04235
0346d
009c9
0242a
02be4
02be5
0242d
06cdd
06792
06a3c
02cba
02502
05cd5
032b1
0081c
03a6d
02cbe
06a3d
02cbf
06ce0
03102
064e8
03104
06a41
06ce3
00826
00827
06a42
03f95
03f96
031dd
008cf
009f8
02a2b
00967
00968
00969
03548
03549
009fb
06dc1
04314
02cc0
02508
06dc3
065c9
06878
06b22
02cc5
0338c
0084d
03b48
02871
06b23
02872
00850
03b4b
025e9
00852
02d8e
02d8f
06dc7
06b26
06b27
04074
00859
031e0
0085b
031e2
031e3
00cfb
0086d
0096b
0302a
00998
00999
0099a
00b5e
00b5f
0492c
00b61
00877
0740c
0492f
0087a
0087b
06eb3
06c13
02b10
02b11
0087f
04152
03994
02beb
06406
02e73
00883
04156
00884
04157
032b5
00887
07411
00889
0088a
03392
0468b
0468c
0088e
0088f
07415
07416
008a1
009ca
008a3
008a4
008a5
00a63
00a64
03c2a
008a9
06cea
04a0b
03c2d
02e76
008ad
06f99
06795
06cec
02e7a
02e7b
03a70
008b3
03d02
02f4f
06ced
02f50
008b6
03d05
02ccb
008b8
06799
06cef
06cf0
074f8
008be
03470
03471
074fa
06cf3
06cf4
0423e
00c2f
008d5
009fe
009ff
008d8
008d9
008da
00bc6
075d7
04ae7
037db
00bc9
02875
008e0
03ddf
03030
06879
03b54
02879
0687b
0287a
06dd2
02f53
0687c
0687d
02ccf
008e9
075dc
07080
03476
06880
03478
06dd7
075df
008f2
008f3
06dd8
04319
0431a
03551
00937
043f2
076ba
0090a
076bb
06eb6
076bc
0090e
06eb7
038b7
00ac9
00911
00912
0287c
0287d
076bf
06961
03038
02880
02952
00919
03ebc
0310d
06962
03c31
02956
06964
02957
06ebc
0091f
03554
00921
03556
03557
043f3
06967
06968
0362c
0362d
00929
00939
0096d
00af8
00af9
06f9b
02e7d
02e7e
02e7f
04772
00afb
00943
07240
04775
00946
00947
06cf5
06a47
0295c
0295d
0094b
03f98
037de
02a31
0623a
031eb
0094f
03f9c
00950
03f9d
0362f
00953
07245
00955
00956
03706
044d1
044d2
0095a
0095b
07249
0724a
07322
00970
07323
07082
07324
00974
07083
03a77
00b2f
00977
00978
06ddb
06b2c
02a37
02a38
02a39
0097d
02b12
0631f
02d9e
00980
04077
00981
04078
02da1
0732a
038bf
045ad
06b31
06b32
032be
032bf
00989
0098a
06b33
0708c
0708d
0732f
0099d
009d1
00e00
009a1
0796c
076ca
0796d
009a5
009a6
00c98
0796f
0407c
01040
00c9b
0303a
009ac
076cd
032c3
032c4
032c5
0303f
0339e
07178
03ec2
03119
07179
0311a
0717a
03ec5
009b6
04695
037e4
0717c
037e6
076d3
07977
009be
009bf
076d4
04bcb
04bcc
038c5
00a03
04776
0724b
03636
03637
03638
07a54
009da
0724d
0111c
00ccd
009dd
009de
0724f
033a5
0311f
03120
009e2
009e3
031f4
06a4f
0347c
009e6
04241
009e7
04242
0347f
07a5a
03fa3
009eb
038c8
009ed
038ca
038cb
04777
06cff
06d00
039a0
039a1
009f5
00a05
00a37
03712
00b32
00b33
00b34
00cfc
00cfd
03d07
00cff
00a0f
07b3c
03d0a
0407f
0355d
00a13
0431e
02da6
06dde
04083
07b3d
04084
00a17
031fb
031fc
07b3f
06de2
03485
031ff
039a3
00a1f
07b41
00a21
00a22
03a7a
04855
04856
00a26
00a27
07b45
07b46
00a39
00acf
00ad0
032c7
00b67
00b68
00b69
012d5
00a41
0741c
03de6
012d8
03562
00a45
076d7
06ec5
0741e
03566
03567
0415c
00a4b
043fa
0363b
0741f
0363c
00a4e
043fd
02e85
00a50
06ec9
07421
07422
07c28
00a56
03b58
03b59
07c2a
07425
07426
04936
00dcd
00a6d
00b03
00b99
00a70
00a71
00a72
00c32
077a3
03ec8
00e86
00c35
02e86
00a78
07503
03641
03642
03643
02e8b
03716
06fac
03d0c
02f5f
06fad
02f60
06fae
03d0f
00a82
044db
03b5e
06fb0
03b60
07509
077ab
00a8a
00a8b
0750a
04a11
04a12
03c39
00b35
00c64
03487
00bcd
00bce
00bcf
00f61
00aa7
075e8
03fa6
00f64
0371c
02f64
0788b
07091
07340
075ea
03721
03de8
00ab1
045b4
032cd
075eb
032ce
00ab4
045b7
03045
00ab6
037ea
037eb
0788f
075ee
075ef
04af0
00abd
03c3c
00abf
03c3e
03c3f
012d9
00ad3
07ed4
07c2e
07ed5
00ad7
00ad8
00dd0
07ed7
045ba
01574
00dd3
012da
03def
03df0
00ae0
00ae1
07eda
07edb
076db
037f0
00ae5
00ae6
00ae7
07edd
00ae9
04bce
03646
06ece
04401
07ede
04402
03649
07c37
038d1
03d11
00af1
07ee0
00af3
00af4
00b37
03b63
077af
077b0
03b66
00e01
07fbc
04696
04697
01651
00b0f
07fbe
0725b
00e8a
00e8b
00b13
00b14
00b15
0364b
07fc2
0725e
038d4
038d5
0364f
03650
039a9
07260
044dd
03724
07261
03725
07262
044e0
00b21
04782
03df5
07264
03df7
077bc
07fc8
00b39
00c6a
00c6b
00b3c
00b3d
00b3e
00e36
080a3
04246
0172e
00e39
00f66
080a5
07342
0789a
03fab
03fac
03fad
045bd
00b4a
0485b
03a8c
0789c
03a8d
00b4d
0485e
032d6
00b4f
0789e
039b0
0372a
0372b
00b53
00b54
03ed1
00b57
080ac
00b59
00b5a
00b9d
00d35
00d36
0797d
037f6
037f7
037f8
04322
00d38
00b74
0818a
04325
00b77
00b78
07981
04088
04089
01048
032d7
0818e
0742a
03a92
03a93
032db
032dc
03b67
0742c
0469b
033b0
0742d
033b1
0742e
0469e
00b87
0493c
03faf
07430
03fb1
0798a
08194
00b9f
00ba0
00cd1
00ba2
00ba3
00ba4
00d6a
07d0b
04406
013ba
00d6d
01120
04163
04164
00bac
00bad
07d0e
07d0f
0750f
03b6e
00bb1
00bb2
00bb3
07d11
00bb5
04a14
0348c
06d02
0424b
07d12
0424c
0348f
07a6d
03c49
0408b
00bbd
07d14
00bbf
00bc0
00c6d
00c6e
039b5
00d05
00d06
00d07
01495
00bd9
07b4c
044e4
01498
03d17
075f3
075f4
01200
01201
00be1
00be2
078a3
075f6
03493
03494
03495
00be7
0356e
06de7
037fa
00bea
04af3
00beb
04af4
037fd
07df9
0432b
00bef
0416a
00bf1
0416c
0416d
0180d
00c0b
08447
08196
08448
00c0f
0493d
012e1
07432
03dfc
08449
03dfd
012e4
08198
03b78
0180e
0432d
0432e
00c18
00c19
0844c
0844d
07c42
03d1e
00c1d
00c1e
00c1f
0844f
00c21
07c45
0819e
0819f
08451
00c3d
00d6e
00c3f
00c40
00c41
00e8f
07517
03c51
00c44
04a1c
00c45
04a1d
03c54
08530
03edc
04409
077c2
077c3
013c0
013c1
00c4d
00c4e
03b7a
03b7b
08534
077c6
03e04
03b7e
04332
00c56
08536
00c58
00c59
00ca2
0416e
00da2
00da3
00da4
037ff
078a5
03fb9
00f6e
078a6
00f6f
078a7
03fbc
00c7a
04afc
078a8
0149b
0149c
00c7e
00c7f
00c80
03c56
03ede
03edf
00c84
080af
07e05
03ee2
00c88
04411
00c8a
04413
04414
01576
07ee5
03d24
03d25
03d26
04095
00ca9
04bd5
038de
07ee7
038df
00cac
04bd8
0104e
00cae
07ee9
045c4
045c5
0157a
0157b
0157c
03fbe
00cb5
081a1
07992
07eed
03fc2
03fc3
044ed
07994
044ef
07ef0
08704
00cd7
00e08
00e09
00cda
00cdb
04783
01127
07266
04174
0827d
04175
0112a
07fce
039be
01654
046a1
046a2
00ce4
00ce5
08280
08281
07a76
0409c
00ce9
00cea
00ceb
08283
00ced
07a79
07fd4
07fd5
08285
00d0a
08361
080b2
08362
00d0e
04860
01204
0734c
03d29
08363
03d2a
01207
080b4
03aa1
01731
04256
04257
00d17
00d18
08366
08367
07b5c
04179
00d1c
00d1d
00d1e
08369
00d20
07b5f
080ba
080bb
0836b
00d3f
00e3e
01814
081a3
040a2
01051
081a4
01052
081a5
040a5
00d46
0433d
081a6
01d43
01d44
00d4a
00d4b
00d4c
03fc4
00d4e
0870a
0425d
0425e
0425f
03fc9
00d54
0478b
00d56
0478d
0478e
018f0
0417e
00d75
04416
013c5
08287
013c6
00d78
04419
01131
00d7a
018f2
018f3
08aa1
0828a
0828b
04948
0433e
00d81
08539
07d2c
0828d
04342
04343
0486d
07d2e
0486f
08290
08aa8
00da7
044f2
0120a
07b62
03d2f
08b85
03d30
0120d
0836e
014a5
019ce
08b87
07e0f
08370
04a23
04a24
04a25
07e10
04185
00db5
00db6
08b8b
08620
00db9
07e13
08374
08375
08b8d
00dd9
012e6
07c47
0157e
00ddc
045d1
00ddd
045d2
01581
08c6c
03e0f
04afd
00de1
00de2
08c6e
08459
08c6f
00de6
0845a
044f9
03d35
03d36
00dea
00deb
04a26
00dee
08c72
00df0
00df1
00e3f
0165a
07fd7
03ee8
00e97
07fd8
00e98
07fd9
03eeb
00e12
046b1
07fda
01b89
01b8a
00e16
00e17
00e18
03e10
045d6
045d7
03e13
087f2
08292
08541
00e20
04b05
00e22
04b07
04b08
01737
080bd
03fcb
00f74
080be
00f75
080bf
03fce
00e45
04266
080c0
01c66
01c67
00e49
00e4a
00e4b
03eed
00e4d
08626
046b4
046b5
046b6
03ef2
00e53
04be2
00e55
04be4
04be5
02276
04e77
00f7a
080c7
00e9e
08c77
0734e
00ea0
012ec
08b8f
00ea3
077cb
0a1fc
0862d
012f0
0a1fe
00ea7
026c7
08b92
0219c
052f6
0219d
08b93
0219e
00eab
026cb
013ce
04a31
03ef3
07d2f
03c5d
077ce
03c5e
077cf
03ef6
08546
03ef7
00eb2
04426
04a38
00eb4
08715
04a3a
00eb6
053dc
05a27
04a3d
04a3e
07e15
013dc
07e16
013dd
08c7c
077d2
013df
00ebe
00ebf
00ec0
11461
08c7f
00ec3
077d5
0ce6a
0751c
11462
077d6
0d324
0862f
00ec7
0ce6e
0ce6f
021a1
08630
01c6c
04d95
01c6d
054c1
01c6e
054c2
021a5
00ece
04503
01b8e
04d96
01661
0295f
01662
02960
01b91
052f8
01b92
05cd8
021ac
01666
04be6
01667
04be7
01b96
07fe4
01669
04be9
01b98
08548
01b99
00edb
04e7e
01b9b
0166e
077d8
00ede
07fe8
01b9e
01b9f
00ee1
0568d
01ba1
01674
00ee4
00ee5
05bf2
0568e
01678
01679
08634
0167a
0167b
04e84
0a5c4
08716
00eed
0a5c6
05690
0d32b
096a8
00ef0
00ef1
04504
07feb
03f00
08718
03f01
00ef4
04507
00ef5
04508
03733
047a0
07270
03e17
047a1
00efa
08c81
054c3
047a4
047a5
078b3
0450f
078b4
04510
0871b
07273
04512
00f02
00f03
0871d
047ac
00f05
00f06
10eb5
0871f
00f09
09d42
0451b
10631
081af
0cc88
089ca
00f0d
0cc8a
09d47
06a53
07e1b
047b2
07e1c
047b3
0863b
047b4
10eba
07278
00f14
04d9e
0863d
04d9f
00f17
08d32
078b7
08e22
08724
00f1a
0a2f4
08e25
06d05
0c8c4
06d06
10ebc
077de
0727c
08d34
08641
00f21
10ebd
0c8c6
00f23
0cb97
078b8
00f25
1146a
094c0
10632
09d49
10ebf
0a2f7
08728
00f2a
0c9b2
00f2b
0c9b3
08c84
00f2d
0d334
08e2a
0a2fb
00f31
0cc90
00f32
0cc91
0d337
0c8c9
01e25
04f5d
01057
081b1
00f81
087fb
07434
00f83
014ac
04b09
00f85
027a5
00f86
027a6
00f87
027a7
014b0
04b0d
01ab6
00f8a
04520
08645
03fd1
087fc
03fd2
00f8d
04523
00f8e
04524
014b7
04b14
04cab
014b9
00f92
08296
04b18
00f94
08c88
05b10
0709b
0845f
04b1c
08460
04b1d
00f99
08801
078bf
014c3
014c4
00f9d
00f9e
00f9f
014c8
07efd
00fa1
07efe
00fa2
0872b
00fa3
0cf5f
014cc
10faa
00fa6
045db
08c90
0227f
08c91
02280
0872e
02281
00faa
045df
01588
04877
02284
053e1
01c72
04e90
01c73
04e91
02287
05bf4
02288
00fb1
02512
01c77
04f62
01c78
04f63
03fd8
08647
01c7a
080d1
03fda
088de
03fdb
01749
080d2
04e93
01c7f
080d3
0174c
0d418
04e96
04f65
0174f
05773
04f67
01c85
01752
01753
0d41a
054c8
01c89
01c8a
08c93
01c8b
01c8c
05211
00fc9
09797
01c8f
0d41c
08aac
00fcc
0a6ba
01c92
032dd
04878
00fcf
045e2
00fd0
045e3
032e0
0487b
032e1
0487c
03aa7
00fd4
078c8
03fe3
04f6d
045e8
00fd8
08732
055aa
06b37
07eff
04883
07f00
04884
00fdd
0829e
0735c
045f0
045f1
08aad
07d32
045f3
00fe3
00fe4
00fe5
045f7
0cd78
07a7e
109fc
082a3
00fe9
0988b
045fb
109fe
0cd7d
070a1
08737
06b3a
0c9b7
06de9
0c9b8
06dea
1127b
08739
04893
07361
08c94
080db
04e99
00ff5
081b5
09e38
08807
04f71
10fad
09e3b
07362
0cc92
081b7
1127d
080dc
078cb
0d421
08e31
07366
00fff
0cc94
07368
10a04
081b8
078cc
01003
0988e
01004
0caa3
01005
0d424
08f1a
082ab
0cd80
082ac
0cd81
08f1b
08e34
10a08
09e40
0d427
095b6
0d428
095b7
01010
10a0b
0cc97
0105c
0837d
05046
0837e
01135
09f27
07a82
01137
01bb0
04cad
0158a
04bed
0158b
04bee
0158c
04bef
01bb4
0880b
01e2c
0158f
04bf2
01068
045fe
01069
045ff
01592
04bf5
01593
04bf6
038ed
0106d
055ab
04bf9
01597
088e5
05049
01599
01072
01073
076e5
0880d
07182
11097
079a7
0159e
11098
079a9
04c03
04c04
04c05
015a3
015a4
07183
0854b
015a6
0854c
015a7
08812
015a8
0d509
079ad
01082
0167c
0494f
01084
046bf
01085
046c0
01086
046c1
01680
04953
018fc
01089
025ea
05775
01e34
05ea3
01e35
0108c
025ed
0108d
025ee
0181f
02b1d
040b3
081b9
040b4
01091
04346
089cb
040b6
01093
04348
01094
04349
01d5a
01096
05ea5
04f7a
082b2
01d5d
01099
0109a
052f9
01d60
0109c
081bf
05050
01d63
01d64
010a0
0585a
05ea6
0743a
0d50d
081c0
010a5
08ba7
01d6b
0a7a9
05054
010a8
092df
01d6e
0d510
092e1
03b7f
0743b
033bb
04956
033bc
04957
03b82
079b1
03b83
08385
040be
03fe4
040c0
010b3
08386
0495c
046cc
010b6
010b7
07185
082b5
06c1e
10aea
07440
046d1
10aeb
07442
04964
04965
010be
08baa
04967
04968
046d8
046d9
07b63
10814
0997b
010c5
08bab
046dd
0ce73
0838e
010c8
010c9
07444
0caa8
07188
10af1
07445
1136c
07d38
010cd
0caac
0caad
079b3
08f1e
08f1f
082bd
05057
0838f
010d3
09007
08391
010d5
0d512
07d3a
1136e
0caaf
010d8
08f21
082bf
010da
0d514
082c1
0744d
0d515
082c3
010de
0900a
0881b
07b65
0c5e8
07b66
0ce77
08393
110a3
09f30
096ac
0d517
096ad
10af9
09f31
010e8
110a6
010ea
10afb
09984
10afc
09985
0cab2
110a9
01138
01210
089cd
07603
089ce
0512f
0113c
07e24
0a01b
01f04
055af
018fe
0505c
018ff
0505d
01f07
0585c
01f08
01143
026d2
01903
05130
01904
05131
0418c
082c4
01906
07d3f
0418e
08ab2
0418f
013f7
07d40
0505f
0190b
07d41
013fa
0d5fa
05062
05133
013fd
0593f
05135
01911
01400
01401
0d5fc
05696
01915
01916
088f0
01917
01918
01f0a
055b1
01c94
04da4
01c95
05777
01c96
05778
01f0e
0115f
0243b
039cb
07a8b
01689
047c4
0168a
047c5
039ce
07ffa
039cf
089d1
04195
0168e
089d2
04e9b
047cb
01169
08467
047cd
01693
01694
07a8e
0116d
07282
0116e
088f6
047d2
01170
089d5
07a92
088f8
089d6
047d7
047d8
07283
088f9
06d0a
0cb9b
07523
0cb9c
07524
11191
088fb
016a3
019da
05063
0175a
04a49
0175b
04a4a
0175c
04a4b
019de
0839d
01f15
01919
093ce
0513b
11193
093d0
0191c
0a89d
08469
11194
0a89f
04196
07a96
03c63
07526
03c64
07527
04199
07d46
0419a
0118d
04278
0419c
07528
04279
089d8
0513e
04a56
0427c
0427d
07529
01195
06d0c
01196
083a0
04a5b
01198
0846e
0752d
07f05
04284
10bde
083a2
08470
04a62
04a63
08472
011a1
0cf63
0428b
09a6e
07f08
10be1
09a70
0428e
04a64
07b6b
011a7
07b6c
011a8
07e25
011a9
0c5f1
04a68
10be5
011ac
07d48
011ad
0d603
088ff
07605
089da
05140
0a01d
090fa
05142
011b3
083a8
011b4
0ce7d
07533
011b6
08900
07535
11196
09016
083ac
11197
0c5f7
07606
0a020
09017
08478
0cf68
0979d
10909
090fd
011c0
10bea
09a74
1119a
09a75
011c3
1119b
09019
011c6
09101
1119d
0c6de
1119e
0c6df
0ce80
011cb
012f2
020bd
01217
07c4d
0a10a
0854f
012f6
0a10c
0121b
014cf
02cd2
0121d
027ab
0121e
027ac
014d2
02cd5
014d3
02cd6
019e6
01222
04526
01223
04527
014d7
04a6c
01225
04529
014d9
04a6e
014da
04a6f
04cb4
04cb5
014dd
05a29
04cb7
014df
0122d
0d140
05147
05148
019f5
07e30
014e4
0d141
05218
019f8
01234
01235
07b70
01236
01237
02513
01d71
04e9c
01d72
04e9d
01762
0489d
01d74
0585e
01d75
089e1
03d3f
080e5
03aa9
07b72
03aaa
07b73
03d42
083b1
03d43
01242
04294
048a6
04cba
0176d
1127e
04f80
048aa
01248
01249
089e2
06ded
08746
048ae
08747
048af
048b0
0124e
089e5
048b2
01778
01779
0177a
01253
07b79
0cc98
0736c
11282
07b7a
0d144
08480
01257
0cc9c
0cc9d
01fed
08481
01ab8
0514c
01ab9
052fd
01aba
052fe
01ff1
0125e
0434f
04cbc
0a3e0
08552
01261
0a3e2
054d0
0d147
094ca
01264
01265
04350
07e33
03d46
08554
03d47
01268
04353
01269
04354
03579
04b30
0126c
07b7e
04b31
0126e
08abf
052ff
04b34
04b35
07c4f
0435b
07c50
0435c
08557
07611
0435e
01276
01277
08559
04b3c
01279
0127a
10cd1
0855b
0127d
09b5e
04367
1044d
07ffd
0d056
08823
01281
0d058
09b63
06887
081cd
04b42
081ce
04b43
0848a
04b44
10cd6
07616
01288
04cc1
0855f
0128a
091eb
08561
0128c
0d149
07b7f
09102
09103
0848d
070a5
0c6e6
070a6
10cd8
07b80
0761a
09106
08490
01295
10cd9
0c6e8
01297
0cf71
07c54
01299
09b64
0129a
0c7cd
0129b
1128a
0a113
08564
0129e
0c7ce
0129f
0c7cf
08ac2
012a1
0d150
091f2
0a117
012a5
0d05e
012a6
0d05f
0d153
0c6eb
01bb6
04cc5
01408
04c09
01409
04c0a
0140a
04c0b
01bba
08569
020c3
015ab
01abe
01300
0235a
015ae
02883
01302
0235c
01303
0235d
01304
0235e
015b2
04b47
03e19
01307
04605
01308
04606
015b6
04b4b
0130a
04608
0130b
0130c
04da7
01acc
015bb
07c55
0130f
07f16
01acf
01ad0
01312
055b3
01ad2
015c1
01315
05b12
055b4
015c4
015c5
0856b
015c6
0183c
04977
020cb
0521d
020cc
0521e
01922
05943
020ce
08ac8
020cf
01320
0436c
08496
03e1f
08baf
03e20
01323
0436f
01324
04370
01847
04982
04dad
01849
11370
05068
0184b
0132a
08aca
05946
06ed3
082c8
0498a
082c9
0498b
0132f
08acd
0498d
01853
01854
01855
01334
01335
01858
07d4d
01337
07d4e
01338
0856c
01339
0cd8d
0185c
11376
0133c
08904
01ada
0a4d3
04db1
0133f
095bb
01add
0d23a
095bd
038ee
076f1
03652
04c0f
03653
04c10
038f1
07c63
038f2
08652
03e29
03d4d
03e2b
0134a
08653
04c15
0443b
0134d
0134e
06ed7
0856f
0696c
10dc0
076f6
04440
10dc1
076f8
04c1d
04c1e
01355
08907
04c20
04c21
04447
04448
078cd
1053e
09c51
0135c
08908
0444c
0cba3
0865b
0135f
01360
076fa
0c7d2
06eda
10dc7
076fb
110aa
08000
01364
0c7d6
0c7d7
07c65
091f4
091f5
08577
04db4
0865c
0136a
08d3b
0865e
0136c
0d23c
08002
110ac
0c7d9
0136f
08d3e
07c66
07700
091f8
0857a
01373
10dcb
0c7da
01375
0d063
0865f
0cba6
093d5
10541
08ad5
08660
1137d
0a206
093d6
0d241
093d7
10dcf
0a207
0a208
0137f
091fc
10dd1
09c5a
10dd2
09c5b
0c7dc
11383
0140d
014eb
08ca2
053ec
08ca3
05152
01411
08665
0a8a3
01414
05305
0506b
0857e
01861
0a7af
07d54
01863
0506d
083b2
01926
08bbf
01927
0d60e
07a9e
0d60f
08bc0
0141e
01bbc
02e8c
01420
02965
01421
02966
01bbf
02e8f
01bc0
02e90
020d5
01425
053ee
020d7
01427
0530b
08bc1
05071
0d8d3
0530c
01bc7
0142b
08582
020dd
020de
0142e
08583
053f2
020e1
020e2
01bcf
01bd0
01bd1
04ea0
0ab70
05bfc
01437
09c5e
020e9
0d8d7
09c60
0143a
0143b
04373
08585
0874a
0143e
08e37
04a72
0a2fe
07f20
11477
08e3a
04a75
05072
08586
05073
01445
08bc5
05075
01447
07e3b
0a8a4
08cab
05155
0144a
0d8da
093dd
053fa
0144d
08bc6
0144e
0ce83
077f5
01450
0ce84
077f7
1147a
092ee
077f9
01454
093df
08cad
0cf74
08e3d
10bf3
08e3e
0d618
08e3f
1147d
0a8aa
08cb1
0145b
0d8e0
0ce87
0a306
11480
0a307
01460
11481
01462
0d8e3
0235f
04cd2
015c9
07f23
014f3
08826
079b8
014f5
01a02
07e3d
014f7
07e3e
014f8
0910e
07620
0910f
078d6
0d9c3
014fc
02a41
0615b
027b3
06321
027b4
014ff
02a44
01500
02a45
01c9e
02f6e
04f84
01ca0
0d9c4
05159
0866a
021b6
08cb5
021b7
01507
06323
05401
01ca6
01ca7
05cdb
054d7
021bd
01caa
01cab
0150f
01510
01511
021c3
09d4e
04f87
0d9c8
08827
01515
0ac65
08828
0d9ca
0ac67
078d9
04452
04f88
09e42
082cd
0151c
08f2a
04b50
10ce3
0882b
0151f
01520
07f25
0a3ea
0882d
04cd7
01523
07e43
01524
093e5
07e44
01526
0d15a
093e8
0882e
01529
0d9cd
0874f
0d42a
08e43
0152c
093e9
08e44
0152e
0cf7d
08cbc
01530
10fc1
08751
08007
09e48
08008
0d067
08830
0d068
08831
0d069
094d2
01537
10fc4
0d160
08e47
09b6e
0d9d3
09b6f
093ec
0d9d4
0a3f2
0d163
016a4
0890c
015cf
07a9f
0a4d8
055b9
016a8
0a4da
015d3
07c69
091fe
079bb
0dab4
07f29
01ae2
08ad7
01ae3
0d248
09203
02361
05a2f
0228b
054e2
0228c
054e3
02364
05cde
02365
015de
02b23
02290
07f2a
01d7d
07f2b
01d7e
05863
05077
01d80
08753
054e6
02296
015e6
015e7
05b13
02299
01d86
015ea
015eb
05dc2
0640a
08756
015ef
05865
022a1
0ad55
055c1
0d249
09897
022a4
0d24a
09899
04609
015f6
04c2a
09020
0507b
110ae
08912
015fa
09f37
04c2e
110b0
09f39
079c0
094d6
08839
079c1
0dabd
094d9
055c3
08914
04dbc
0a4dd
0a4de
08759
055c5
0d24d
0a4e0
079c2
0d06c
082d2
110b1
0875a
0883c
0dac0
08f37
079c6
0dac1
094dd
0800c
0160f
09c62
01610
09f3b
01611
09f3c
01612
09f3d
0891a
0dac3
0a4e3
0d070
01616
0902a
0d253
0902b
01619
0d254
095c6
110ba
016aa
01782
089f2
0569e
089f3
04ea6
016ae
083b7
0a5cd
0243e
05b15
01e3a
055c8
01e3b
055c9
02441
05dc4
02442
016b5
02c00
01e3f
0800d
01932
0800e
01933
0594b
05160
01935
082d5
055cc
01e45
016bd
016be
05bfd
01e48
0193b
016c1
016c2
05ea8
064f0
082d8
016c6
077fa
08d4a
07aa5
0dbaa
08011
01bd5
08bcc
01bd6
0d33c
08d4f
056a6
016cd
09987
01e51
0ae48
056a8
016d0
0ae4a
01e54
0460b
046e7
016d4
089f7
047da
0a027
081d1
10ec6
09115
016d8
0a02a
09117
055cf
08920
055d0
04dc5
095ca
08015
04ea7
083b8
016df
096b1
096b2
055d1
016e2
0a5d1
096b4
0753b
0902c
0753c
0d61f
08016
07aac
0d342
08925
016e9
0d343
08927
07b88
0a5d3
09118
10ec8
09d55
111a6
09d56
0dbb4
09d57
016f0
0d345
096b7
09030
111a9
016f4
0cca2
0a031
111aa
095d1
016f8
096b9
111ac
01788
0521f
04f8b
0849c
01867
0a6bd
081d6
01869
01f16
056ad
01a09
03201
01a0a
03202
01f19
05c00
01f1a
065d4
02520
01a0e
05a31
04ce2
01a10
07b89
01796
07b8a
01797
056b1
01f21
01799
083be
05226
01f24
01f25
01a18
0d6ef
056b4
05780
01f29
01f2a
01f2b
0736f
08cbe
04ead
08e49
04eae
017a6
0875c
017a7
08e4c
01cb4
04ce3
0a98c
05a34
017ab
09a80
01f2f
0d6f3
09a82
017ae
017af
04296
083c1
0858b
017b2
09205
048b8
0a11a
07d60
11293
09208
048bb
04eaf
083c2
04eb0
017b9
08a08
04eb2
017bb
081d7
0a6c0
08ae1
04f8f
017be
0a6c3
097a6
056b7
017c1
08a09
017c2
0cca5
07b91
017c4
0cca6
07b93
11296
096c0
07b95
017c8
097a7
08ae3
0cd90
0920b
10a0f
0920c
0d436
0920d
11299
0a6c6
08ae7
017cf
09123
1129b
0a122
0989f
0d6fd
017d4
1129d
017d6
0d6ff
01ff3
0522f
01ae6
02db0
01ae7
02db1
01ff6
05782
01ff7
066ba
025fd
01aeb
05b17
04dc8
01aed
07c6f
01873
07c70
01874
05314
01ffe
01af1
0d7e0
05236
05315
01af4
0187a
0d7e1
05318
05868
02006
02007
02008
07455
08840
04f93
08f3b
04f94
01883
082de
01884
08f3e
01d91
04dc9
0aa7e
05b1a
01888
09b72
0200c
0d7e5
09b74
0188b
0188c
04298
084a7
08675
0188f
08d51
04995
0a20c
07e48
11385
08d54
04998
04f95
084a8
04f96
01896
08aee
04f98
01898
07d63
0a7b2
08bd3
0507e
0189b
0d7e8
092f5
0531f
0189e
08aef
0189f
0cd97
077fd
0a7b7
084aa
08af0
0d7ea
09213
07c7a
0d7eb
097b3
08bd5
0ce88
08d57
10b01
08d58
0d528
08d59
1138b
0a7b8
08bd9
018ac
0ce8c
018ad
0ce8d
0d52b
09215
0a7ba
0d52c
097b4
0d7f1
02cde
05165
01a20
07e4b
01944
05951
07e4c
01946
01d92
02c02
01949
0586a
0ad5a
055d4
01d96
0ad5c
0194d
07ab0
095d2
07ab1
0dbba
055d6
0de7c
07d68
01951
095d6
095d7
02c03
020ed
033c1
02600
0586d
020ef
033c3
020f0
033c4
020f1
033c5
02604
07d69
020f3
07d6a
020f4
0615d
05407
020f6
08af7
05871
0260a
01960
01961
05eab
0260d
020fc
01964
01965
066be
067a6
08afa
01969
0a216
02615
0dbbe
05408
0b11e
06160
0196d
0b120
0a21b
04999
07d6b
05086
082e7
05087
01973
082e8
05089
09032
0508a
0d620
09034
01977
0d621
098a4
0516a
083c7
0197a
09993
0595d
0197c
093ee
0197d
0a033
0516f
0a8b0
05170
01980
0dbc3
082e9
056bd
01983
0de8a
0ae56
08bde
0d8e5
08afe
083c8
01988
0a035
01989
0dbc6
09301
0a036
0de8d
0a037
0198e
0de8e
01990
0dbc9
0288d
04ce7
01afd
07f31
01a27
05a37
07f32
01a29
01f32
080fd
01a2b
080fe
01a2c
07e4f
01a2d
096c7
01f36
0d702
01a30
02f6f
066bf
02ce1
06889
02ce2
01a33
02f72
01a34
02f73
021ce
034a2
05174
083cc
026e2
083cd
026e3
01a39
05ce0
026e5
01a3b
0688b
05965
021d6
021d7
0623f
05a3b
026eb
021da
021db
01a43
01a44
01a45
026f1
0b20e
04ceb
0df74
05a3f
01a49
0a30b
026f5
0df76
0b213
07e53
0499c
0523d
08cc2
04ced
0a997
09a86
04cef
0a124
04cf0
0a3f5
09218
0d706
09a87
04cf3
0df78
05967
0999c
05968
056c5
0df79
07e56
0d9d6
0912b
0517b
0d708
07e59
0517d
0df7b
0a99b
083d1
05969
01a61
0df7d
0912d
01a63
099a3
08cc5
08592
0a3f7
0912e
093f9
01a68
0a3f8
0a129
0df7f
099a5
01a6c
09a8d
0df81
01b02
05320
04dd0
08593
01bdb
0aa85
08594
01bdd
04cf4
097b6
04cf5
0e061
05241
08aff
04f9a
097b9
05242
01b0c
022a6
0357a
01b0e
0304d
01b0f
0304e
022a9
0357d
022aa
0357e
027bd
01b13
05243
08cc6
04cf7
0e062
055de
022af
0e063
05a49
022b1
01b19
08cc8
027c5
027c6
01b1c
08cc9
05b22
027c9
027ca
022b9
022ba
022bb
04dd2
0d7f5
09e4f
01b25
05dc9
027d1
0b303
05b26
01b28
01b29
084b6
04b54
05a4d
09a8e
05a4e
05247
0e069
07f3c
0dac8
0921d
04cfd
0d7f7
07f3f
04cff
0e06b
05b27
09b76
05324
01b35
0aa8a
08677
0a4e6
08d5d
0d25a
095da
0e06c
0aa8b
09b7a
01b3b
0d7fc
0aa8d
08ccd
05b2a
01b3f
094e9
07f41
01b41
09b7d
08d5f
0d25d
095dc
0d7fe
095dd
09220
094eb
01b47
0d260
09b7e
0aa91
01bde
01cb6
05c01
0540b
0892a
04eb7
01be2
0892b
0ab79
0296c
06079
02368
05b2c
02369
05b2d
0296f
06328
02970
01be9
0312e
0236d
0801d
01e62
0801e
01e63
05eaf
056c8
01e65
08849
05b30
02373
01bf1
01bf2
06161
02376
01e6b
01bf5
01bf6
0640c
06a58
0884c
01bfa
0801f
01bfb
09303
02104
07d74
01bfd
07d75
01bfe
09306
09307
05c0a
01c01
0b3f3
0237f
09f42
056ca
0e159
09f44
02382
04b55
0884d
01c08
08022
01c09
09b81
08023
01c0b
0892c
01c0c
095df
08026
0e15c
09b83
08028
01c10
08101
0ab7a
05c0e
04ebc
0d8ed
08e4e
11483
096cb
01c15
0a310
01c16
0d34d
0ab7e
0532e
01c19
0d8f1
09b86
09c6e
07ab3
0d34e
085a0
08102
0ab81
096cd
11484
0d350
08d67
096ce
0d8f3
096cf
09b88
0d8f4
0ab82
0d353
01d98
02b25
01cbd
05784
0ac68
054f2
01d9c
0ac6a
01cc1
03206
0640d
02a4a
06b3b
02a4b
01cc4
03209
01cc5
0320a
01f3d
03739
04ec2
0867d
0244b
0867e
0244c
01cca
05f96
0244e
01ccc
05ce3
02450
01f45
01ccf
01cd0
06b3d
05c17
01f49
01f4a
01cd4
01cd5
01cd6
021df
0867f
021e0
0d9d8
0517e
08680
021e2
08cd0
021e3
0d9da
01cdd
0a038
0245b
0d9dc
0524b
0af3a
05f98
01ce1
0af3c
0a03d
04c32
01ce4
04ec6
08683
04ec7
01ce7
08684
04ec9
08e54
04eca
0d43c
08e56
01ceb
0d43d
09c76
04fa0
08761
01cee
09d5b
05791
01cf0
097bc
01cf1
09e55
04fa5
0a6cc
04fa6
01cf4
0d9e1
08685
054f5
01cf7
0dca6
09c78
08a14
0d711
08938
08762
01cfc
09e57
01cfd
0d9e4
096d5
09e58
0dca9
09e59
01d02
0dcaa
01d04
0d9e7
02521
02b26
02017
032e4
02524
05794
02019
032e6
0201a
032e7
0201b
032e8
02528
081e9
0201d
081ea
0201e
0607b
05330
02020
02021
08a17
05799
0252f
01dad
01dae
05dcb
02532
02027
01db1
065da
06c24
08a1a
054f8
08851
04d01
094ed
04faa
094ee
04fab
0dd8f
08767
022c1
05090
0dacd
0a12b
01dbc
0607d
0253a
0b02d
0587f
01dbf
01dc0
08768
048bf
0579b
09d64
0579c
054fd
0dd93
081f0
0d802
08f47
04fb1
0dacf
081f3
04fb3
0dd95
05880
098aa
055e3
01dcc
0ad60
083d3
0a7bc
09039
0d530
0930a
0dd96
0ad61
098ae
01dd2
0dad4
0ad63
08a1d
05883
01dd6
097c5
07d77
0ad65
08a1e
0903b
0d533
097c6
01ddb
0903c
0d535
0903d
01dde
098b3
0dd9c
09d6d
01e71
01f4f
05eb3
056cc
08939
0509b
01e75
05eb5
0b3fb
055e5
022c3
04fb4
082ef
022c5
0b307
05b38
022c7
04de8
085a1
02384
085a2
02385
08856
02386
0e167
05b3b
01e82
0261a
02b2d
05dd0
0261c
038f5
0261d
038f6
02b30
0632a
02b31
06d10
03136
02621
02622
05b3c
01e8c
05dd4
02b36
01e8e
05eb7
055eb
0e42b
0596a
02628
0e42c
05dd6
05dd7
02b3d
02b3e
01e96
0e42d
06410
02b41
056ce
0e169
0a7c3
01e9b
066c3
02b45
0b6cb
05ebe
01e9e
01e9f
05dd8
01ea0
0e431
0885b
055ed
098b4
056d0
0893b
0509e
0dbcc
083d8
01ea6
09e5d
082f8
01ea8
098b6
082fa
0e433
09e5f
082fc
01eac
09f4e
05ec1
01eae
099a6
01eaf
0a5df
056d5
0ae5c
056d6
01eb2
0e16f
0885d
05c21
01eb5
0e437
099a9
0dbd1
0dbd2
095e9
099aa
0e173
099ab
09e62
0e174
0b404
0dbd5
0202b
05f99
01f56
0579f
0af3e
084bc
0202f
0af40
01f5a
05c22
09c7c
0541a
0dcac
05c23
0e51a
083da
01f5e
09c80
09c81
01f61
034a3
02c0b
05ec3
03210
06411
02c0d
05ec5
02c0e
06412
02c0f
06df6
050a0
050a1
083db
02c12
01f6a
05ec8
02c14
02703
083dc
02704
06243
05a51
02706
02707
01f71
01f72
064f5
02c1c
0270b
01f75
01f76
0a8b4
02c20
0dcb0
05a52
0b7bc
06246
01f7a
0b7be
0a8b9
056dc
08942
05ecc
050a7
01f7f
05fa5
0af42
07e5e
0df82
096dd
01f82
0a03f
057a2
01f84
0af45
08b05
0a9a0
097c9
0d713
09a9a
0e524
0af46
0a043
01f8a
09f59
083e0
01f8c
099ae
083e2
0e527
09f5b
083e4
01f90
0dcb6
09f5d
0a045
08b06
0a9a3
096e0
0e52a
01f96
0a9a4
01f97
0a9a5
09f5f
01f9a
0dcbb
0af4b
02032
05884
04d02
085a3
0210b
0b031
05886
0210d
04fbe
0876d
0253e
0876e
0253f
08a26
02540
0dd9f
057a6
0203c
027d4
03aae
0203e
03581
0203f
03582
027d7
03ab1
027d8
03ab2
02ceb
02043
0525c
08a28
05187
027dc
0e60e
05189
02cf0
02cf1
08a29
02cf2
0204a
0632c
02cf4
027e3
027e4
0688d
06086
02cf8
02cf9
027e8
027e9
05338
0dda1
0a3fb
02055
0632d
02cff
0b8af
0608a
02058
02059
084c3
0205a
0608b
0b034
097cf
0205c
0a131
0525f
08a2a
05fb2
0518d
02060
0a04b
084c6
02062
09aa0
084c8
0e617
0a04d
084ca
02066
0a132
0608d
02068
09b90
02069
0a7c9
0533f
0aa94
05340
0206c
0dda7
08a2d
05889
0206f
0e61b
09b93
0d809
0a7cc
0e61c
0a7cd
09aa2
02074
0a050
0ddac
0b03c
0d80d
021e5
02f76
02110
0596f
0b122
0868a
021e9
0b124
02114
0238a
03b8b
02116
0365e
02117
0365f
0238d
03b8e
0238e
03b8f
0289b
0211b
0211c
05342
08b0b
04d0a
02393
0e6fe
04d0c
028a1
08b0c
028a2
02122
06414
028a4
028a5
0239a
0239b
06973
0616d
028a9
0239e
02630
07d7a
0212b
07d7b
0212c
085a9
0212d
098bd
02634
0de94
02130
0a4ec
028ac
0de96
05c2d
0b9a0
06416
02134
0b9a2
0a4f1
05346
08b10
06098
04d0f
02139
085ad
0213a
06171
0b126
09315
0213c
0a223
05890
05349
0a13e
085af
02140
09b99
0534c
02142
0de98
05972
02144
0b129
08cd1
0ab84
09401
0d8f9
09c84
0e70b
0b12a
0a227
0214a
0de9c
0b12c
0a229
08cd2
0ab87
09318
0e70e
02150
0ab88
02151
0ab89
0a143
02154
0a22b
0e711
021ec
05a54
04ed0
0876f
022cb
0b215
05a56
022cd
02972
021f2
0373b
02468
03c6a
021f4
0373d
021f5
0373e
021f6
0373f
0246c
05974
021f8
05cea
0297a
0246f
0e244
04df4
05429
0e245
057ad
02473
0e246
05ced
02475
02201
02202
070a9
0617c
06248
02986
02987
056e4
08bf3
0518f
099b3
0542a
099b4
0542b
0e249
08bf5
02712
05504
0df87
0a5e5
0220f
064fb
0298b
0b4e7
05cf2
02212
02213
0617d
02214
0e24d
08bf7
0542d
09c88
05506
08cd5
04ed4
0d9e8
08772
0221a
0a22f
08694
0221c
09c8a
08696
0e24f
0a231
08698
02220
0a316
05cf5
02222
09d74
02223
0a401
0550b
0ac78
0550c
02226
0df8d
08bf9
05a59
02229
0e253
09d77
0d9ed
0d9ee
0940b
09d78
0df91
09d79
0a234
0df92
0b220
0d9f1
02543
02a50
05cf7
02545
03818
02546
03819
02a53
0624a
02a54
0718e
03059
0254a
0254b
05a5a
022d7
05cfb
02a59
022d9
05ddc
0550f
0e337
05893
02551
0e338
05cfd
05cfe
02a60
02a61
022e1
0e339
06330
02a64
04d10
084cb
027eb
084cc
027ec
08cda
027ed
0e077
05a5e
022e9
02a65
0b5d6
055f7
0e33c
05de2
022ed
0a6d9
02a69
0e33e
0b5db
05a5f
0a31e
0a31f
08778
04fc0
094f8
04fc1
082ff
022f5
09d7b
04fc3
0b30b
05d01
05a61
0e340
094fa
05517
0e07b
0877d
05519
0e342
05de5
055fa
0e07d
095ea
0d262
098c1
02301
0a4f4
02302
0dade
0b30f
05a62
02305
0e081
0b311
095ed
0d263
09d7e
02309
095ee
0dae1
095ef
0230c
0e084
0b313
0a327
0239f
0247d
06417
05600
08948
04df9
023a3
06419
0b9a7
023a6
0609a
04d12
06332
027f3
0b8b3
0609c
027f5
04d14
085b3
028b2
08864
028b3
0e712
05898
0e713
08865
023b0
02b48
03e2c
023b2
038fb
023b3
038fc
02b4b
03e2f
02b4c
03e30
0305f
023b7
0551c
08866
04d18
0e9d6
0551d
02b51
0e9d7
0551f
03065
03066
023be
06c2a
03068
02b57
02b58
07191
0641e
0306c
0306d
02b5c
02b5d
05c32
0e715
0ad6f
023c9
06c2b
03073
0bc77
06422
023cc
023cd
060a2
023ce
0a407
060a3
023d0
0e717
05c34
0a4f8
05603
023d3
09f60
023d4
0ab8b
023d5
0e9de
08301
0e43c
09b9d
023d8
0a40b
09b9e
05b55
0e718
0886e
05b57
0e9e0
06424
05c37
0e71a
09f62
023e0
0ab8d
023e1
0e17d
0b9ad
06185
023e4
0e9e3
0e17e
09ba1
09f64
0e71f
09f65
0a40e
0e720
0b9b0
0e181
02559
032f0
02484
057b2
0b4ea
056e7
0255d
0b4ec
02488
0597d
0a236
05c3c
0eac6
06188
02991
08bfb
02992
0e25a
0a23b
0248f
039d7
07193
03743
07371
03744
02492
039da
02493
039db
02c2b
03f0e
04dff
0642a
0313f
0894f
03140
03141
02499
0642c
03143
02c32
067ab
05fb5
02c34
02c35
0249f
024a0
06a5d
0314a
02c39
024a3
024a4
0ae60
0314e
0e25c
05fb6
0bd68
067ae
024a8
0bd6a
0ae65
0560b
08950
0560c
04e03
0a504
0618d
04ee2
06509
024af
0a5eb
057b7
0af4c
09d81
0d9f3
06430
056ea
09c94
056eb
0dcbf
05d06
024b6
0b4f1
09d82
0dcc0
0a055
0ead1
0b4f2
0a5ef
024bb
0a507
09c96
05c45
0e261
08956
05c47
0ead4
0b4f4
0a5f1
09c98
0ead6
024c4
0af50
0ac81
0ead7
0a50b
024c8
0a5f3
0ead9
02560
05de8
04fc6
065e4
02639
0b5dd
05dea
0263b
04ee4
0877f
02a6c
08a32
02a6d
0e34a
05a64
0e34b
08a33
0256a
02d02
03fe6
032f2
0256d
03ab6
06d15
032f4
07457
032f5
06d16
032f6
02571
056ec
08a34
04ee8
0ebba
056ed
02d0b
0ebbb
056ef
0321f
03220
02578
06894
03222
02d11
02d12
06df9
065ea
03226
03227
02d16
02d17
0589c
0e34d
0a9a7
02583
06895
0322d
0be5b
065ee
02586
02587
05d0d
02588
0a5f5
05d0e
0258a
0e34f
0589e
0a6dc
0526b
0258d
0a14a
0258e
0ad75
0258f
08a39
02590
0a059
056f3
02592
0a5f9
09d88
057c7
0e350
08a3c
057c9
0ebc4
065f0
058a1
0e352
0a14c
0259a
0ad77
0259b
0ddb5
0b5e5
05ded
0259e
0ebc7
0ad78
0a14f
0e356
0a05c
0ddb7
0a5fc
0e358
0b5e8
0ddb9
02713
034aa
0263e
05980
0b6ce
05351
02717
0b6d0
02642
03b91
06dfb
033cf
0753d
033d0
02645
03b94
02646
03b95
028bc
040c8
04fca
065f6
02dca
08b1b
02dcb
0264b
065f8
02dcd
028c2
028c3
0697b
06190
028c5
02651
02652
06c2d
02dd4
028c9
028ca
02656
02657
02b5e
05df0
02659
05df1
0265a
09e76
0560f
09e77
058a9
0ecaf
0265e
0aa98
02dda
0e442
06191
0bf4c
0697e
02662
0bf4e
0aa9d
05273
08b1e
05274
04fd1
0a6e8
05df5
050ae
066d5
02669
0a7cf
05985
0b130
099b9
0dbd7
065fc
05354
098cc
05355
0dea3
05df6
058ae
0dea4
098cf
02672
0dea5
0a6ed
05986
0b6d4
0a7d1
05988
0b132
099bb
0e447
0a7d2
0598b
0ecb8
0b6d8
0a7d5
098d0
0ecba
0267e
0b134
0267f
0b135
0a6ef
02682
0a7d7
0ecbd
05a65
027f7
05192
0624c
027f9
0b7c1
05fba
027fb
02ea0
066d9
02995
041a1
02996
041a2
02ea3
06c30
02ea4
07624
034b0
0299a
0598c
02726
0598d
02727
0624e
02ea9
0299e
0e7f1
0535a
05d11
029a1
0e7f2
06251
029a3
0272f
02730
07625
066e0
067b0
02eb4
02eb5
056f4
08958
050b3
09f6d
050b4
02738
083ea
02739
09f70
02c40
05a68
0e533
0ab91
0273d
06a63
02eb9
0ba93
06256
02740
02741
0a32e
02742
0a9ad
02743
05edd
02744
0a7d9
05ede
02746
0e535
05a6b
0a8c0
05439
02749
0e7fa
0869b
0e268
099bf
0274c
0a7dd
099c0
05995
0e536
08c0a
05997
0e7fc
06258
05a6d
0e538
0a330
02754
0a9af
02755
0df99
0b7c9
05fbd
02758
0e7ff
0df9a
099c3
0a332
0e53d
0a333
0a7e0
0e53e
0b7cc
02760
02a71
03d4f
027fd
0381e
027fe
0381f
02a74
03d52
02a75
03d53
02f82
02802
0543c
08ce6
05197
0e8e2
0543d
02a7a
0e8e3
0543f
02f88
02f89
02809
06b48
02f8b
02a80
02a81
070ad
06343
02f8f
02f90
02a85
02a86
05198
084cf
02d19
08ce8
02d1a
0e622
057cb
0e623
08ce9
02817
02f93
0bb82
05b5b
0e8e8
06346
0281b
0ac85
02f97
0e8ea
0bb87
05b5c
0a410
05527
02820
09e7a
02821
0aa9f
02822
05fc3
02823
0a8cb
05fc4
02825
0e627
0a8ce
05a78
0a334
08782
0e35b
06265
08cee
0282b
0a337
05a7c
0282d
0e629
060ab
0282f
0b8b9
09ba4
0e08a
09e7d
0e8ef
0b8ba
0a415
02834
0e62d
0b8bd
0a338
02837
09ba6
0e08d
09ba7
0283a
0a419
0e8f4
0a8d3
028cd
029ab
0697f
0535e
06980
04e08
028d1
06981
0bf53
028d4
065fe
04d21
065ff
02d21
0be5f
06600
02d23
04d23
0a6f0
04d24
0ef81
0527b
08b26
04fd4
0a6f3
0527c
028de
03076
0358f
028e1
03e33
03079
04378
028e3
03e35
028e4
03e36
028e5
03e37
0307d
05a80
028e7
0527e
028e8
028e9
068a0
03599
028eb
06983
06432
03084
0ef84
068a2
068a3
0359f
035a0
028f2
0ef85
06ee4
035a3
06196
0ecc1
0b31b
028f7
07197
035a7
0c223
0698a
028fa
028fb
060b4
028fc
0a9b3
060b5
028fe
08874
028ff
0a41b
060b8
0ef8a
0a9b5
060ba
02903
06198
0bf54
05b68
05282
02906
0a50c
02907
0b137
02908
0ef8c
0a159
0290a
0a9b9
0698c
0619b
0ecc6
0a50e
0290e
0b139
0290f
0e729
0bf59
066e9
02912
0ef8f
02914
0ecca
0a510
0a24d
0e72b
0a9ba
0eccc
0bf5c
0e72d
02a87
03824
029b2
05c4a
0ba96
05447
02a8b
0ba98
029b6
061a0
029b7
0a7e3
02ebe
05ee1
029b9
05ee2
029ba
0a7e6
0a7e7
029bd
03f0f
0366d
0698f
03c78
06ee5
0366f
06991
03670
06ee6
03671
078e9
04e0d
066ed
03673
066ee
03674
03675
029c7
06994
03677
03160
06d17
06519
03162
03163
029cd
029ce
06fc9
0367e
03167
029d1
029d2
0b40c
03682
0e808
0651a
0c314
06d1a
029d6
0c316
0b411
05367
06997
05368
04e11
0aab0
05c4c
0a512
061a7
029dd
0a514
04e15
029df
0e80a
05448
06a71
04ef0
0ba9b
0aab3
05d1b
0b4f8
0a33b
0df9f
06998
05c4f
0e26d
0626a
029e8
0ba9d
0a33c
0e26e
0a601
0f07f
0ba9e
0ab9b
029ed
0aab5
0baa0
0ab9d
0a252
0f082
029f2
0b4fc
029f3
0b4fd
0aab7
029f6
0ab9f
0f085
02a8e
0634c
04fd5
0634d
02b67
0bb89
0634e
02b69
04ef1
0a8d4
04ef2
0f165
0544b
08cf2
051a0
0a8d7
0544c
02a98
03230
04530
03826
02a9b
03fee
07291
03828
079ce
03829
07292
0382a
02a9f
0544d
06a78
04ef4
0f166
05c51
03239
0f167
05c53
03753
03754
02aa6
06e00
03756
0323f
03240
07375
06b52
0375a
0375b
03244
03245
05e00
0e8f9
0af53
02ab1
06e01
03761
0c407
06b56
02ab4
02ab5
05d26
02ab6
0aba1
05d27
02ab8
08a40
02ab9
0a605
05d2a
0f16e
0aba3
05d2c
02abd
05e02
0bb8c
057d0
05452
02ac0
0a6f6
02ac1
0b321
02ac2
0a607
05c57
02ac4
0aba7
06b58
05e05
0e8fe
0a6f8
02ac8
0b323
02ac9
0e361
0bb91
06351
02acc
0f173
0b324
0f174
0b325
0a608
0e363
0aba8
0e904
0bb94
0e365
02c41
039de
02b6c
058b4
0bc7a
05613
02c45
0bc7c
02b70
02de6
0460d
02b72
040ca
02b73
040cb
02de9
04610
02dea
04611
032fd
02b77
05530
06b5e
04fda
0f256
057d3
057d4
02df0
0f257
057d6
03304
02b7e
06ee8
03306
03307
02df6
02df7
0745b
06c39
0330b
02dfa
0308c
060bc
02b87
060bd
02b88
05e0c
02b89
0a423
03090
0e9ec
02b8c
0b044
0330e
0e9ee
066f5
0c4f8
06eea
02b90
0c4fa
0b049
05535
06b63
05536
04fdf
0ac94
058b6
0a6fc
05e11
02b97
0a6fe
04fe3
02b99
0e9f0
05614
06c3d
050be
0bc7f
0ac97
05ee9
0b6dc
09f73
0e183
06b64
058b9
0e451
0635a
05eea
0bc80
0ad7d
05eec
0b6de
09f75
0e9f3
0ad7e
05eef
0f264
0bc84
0ad81
09e8a
0a701
02bac
0b6e0
0b417
0f267
0ac9b
02bb0
0ad83
0f269
02c48
0651c
051a1
0651d
02d27
0bd6d
0651e
02d29
033d4
02c4e
041a7
02ec4
046ec
02c50
041a9
02c51
041aa
02c52
041ab
02ec8
058ba
02c54
05617
02c55
067b6
033dd
02ecc
0ed9d
058be
06275
02ecf
0ed9e
067b9
02ed1
02c5d
02c5e
07b9c
06c48
06d1c
033e8
033e9
05618
0895c
04e18
0a519
050c1
0a51a
050c2
0eda1
06440
0316e
05fcc
0eadf
0b13d
02c6b
06fcf
033ed
0c03f
067be
02c6e
02c6f
05ef4
02c70
0ad85
05ef5
02c72
08c0e
02c73
0a7ef
05ef8
0eda6
0ad87
05efa
02c77
05fce
0bd70
0599e
05283
0af58
05284
0b7cf
0561e
02c7c
0eda8
09f7b
02c7e
0ad8b
067c0
05fd1
0eae4
0a8dc
02c82
0af5b
02c83
0e545
0bd75
06521
02c86
0edab
02c88
0eae8
0a8de
0eae9
0a8df
0ad8c
0eaea
0bd78
0e549
02f9f
034b2
067c3
02fa1
0429a
02fa2
0429b
034b5
06d1e
034b6
07c81
03ac1
02fa6
059a0
02d32
056fd
02d33
02d34
067c7
034bc
02d36
068a8
0635b
02fad
0ee90
067c9
067ca
034c2
034c3
02d3d
0ee91
06e04
034c6
04efd
06524
03247
08a43
03248
06525
03249
0ebcf
05700
02d45
034c7
0c12e
060bf
0ee94
068ae
02d49
0b231
034cb
0ee96
0c133
05a8a
0a9bc
05286
02d4e
05fda
02d4f
0ae77
05fdb
02d51
08cf4
02d52
0a8e1
05fde
0ee98
0ae79
05fe0
02d56
0a426
02d57
0b04b
02d58
0ebd5
0ae7c
08cf5
0e907
067cd
0660f
02d5d
0be65
0a15e
0e636
0a429
0ee9b
0be66
0a9c1
02d62
0ebd9
0be69
0a8e4
02d65
0a160
0e639
0a161
02d68
0a9c5
0eea0
0ae7f
02dfb
02ed9
06eeb
058c2
06eec
0536e
02dff
06eed
0c4ff
02e02
06b66
05287
06b67
0324f
0c40b
06b68
03251
04fe5
0635f
03314
06360
03315
06b6a
03316
0f26b
057e0
02e0c
035aa
048c0
040d2
02e0f
0437e
07b9e
040d4
07d7c
040d5
07b9f
040d6
02e13
057e1
06e0b
0528c
0f52e
05fe5
035b3
0f52f
05fe7
03acd
03ace
02e1a
07712
03ad0
035b9
035ba
07c84
06ef2
03ad4
03ad5
035be
035bf
066fa
0f26d
0b8c7
02e25
07713
03adb
0c7e1
06ef6
02e28
02e29
06618
02e2a
0a9c7
0528e
06b6e
0528f
02e2d
06b6f
05291
0ecd1
0a705
02e30
0ecd2
0af62
0536f
06c4f
02e33
0b051
06b70
059a8
0b6e2
059a9
0bf5f
05feb
02e38
0af65
06ef8
066ff
0f272
0aaba
02e3c
0b6e5
02e3d
0ecd5
0c505
06c51
02e40
0f53b
0ecd6
0a707
0aabc
0f277
0aabd
0af66
0f278
0c508
0ecd9
02fb5
03d5c
02ee0
061ae
0c042
059ab
02fb9
0c044
02ee4
058c6
0ad8e
05620
0edb0
058c7
0f61e
06705
02ee8
0ad92
0ad93
041ae
07461
03ba0
06efc
03ba1
06efd
041b1
07c87
041b2
02eef
0445e
03ba5
06706
0368e
06707
0368f
06fd4
060d0
03691
02ef5
02ef6
06fd6
03bac
02ef8
07e64
06f02
06fd7
03698
02efc
02efd
07807
07e65
02f00
0b9b8
03bb6
0edb4
06a82
0c8d2
07296
02f04
0c8d4
0b9bd
05375
0aabe
061b1
0f087
060d3
0b05a
060d4
058cd
0f627
0a7fc
0537a
0edb5
0670d
0537c
0f629
061b2
0b142
059ad
02f11
0edb7
0a8e6
0e54a
0abab
0e819
0b060
067d2
02f16
0c049
0a8e8
0e81a
0abad
0f62b
0c04a
0b147
02f1b
0b061
0c04c
0b149
0a7fe
0f62e
02f20
0baa8
02f21
0baa9
0b063
02f24
0b14b
0f631
02fbc
068b4
0553b
068b5
03095
0c135
068b6
03097
051b1
0652b
034ce
0652c
034cf
067d5
034d0
0eea3
059b0
02fc6
03764
04a7a
02fc8
04537
02fc9
04538
03767
04a7d
03768
04a7e
03c81
02fcd
059b1
06fe4
0545a
0f712
061b5
0376d
0f713
061b7
03c87
03c88
02fd4
0737c
03c8a
03773
03774
078ec
070be
03c8e
03c8f
03778
03779
06364
0eea5
0b4ff
02fdf
0737d
03c95
0c9c5
070c2
02fe2
02fe3
0628a
02fe4
0abb1
0545c
067d9
0545d
02fe7
067da
0545f
0e909
0a8ef
02fea
0e90a
0b150
0553d
068b7
02fed
0b235
067db
05b74
0b8cc
05b75
0bb97
061bb
02ff2
0b153
070c4
06369
0eeaa
0aca4
02ff6
0b8cf
02ff7
0e90d
0c13d
068b9
02ffa
0f71f
0b8d0
0f720
0b8d1
0abb4
02ffe
0b154
0eeb0
0c140
0e911
0316f
03f16
0309a
05e18
0c226
05b77
03173
0c228
0309e
04613
078ee
03e3b
0802e
03e3c
030a1
04616
030a2
04617
0331e
04b5c
0553f
068ba
03832
068bb
03833
030a7
070cc
03835
03324
03325
07463
06c5c
03327
030ad
030ae
07715
0383c
0332b
0332c
030b2
030b3
035c0
060d6
030b5
060d7
030b6
06370
030b7
0a9cf
035c4
0ef98
030ba
0b5f0
03842
0ef9a
06c5d
0cab6
07466
030be
0cab8
0b5f5
05543
0aca8
05e1b
0f27b
05d3b
0b23e
05d3c
05a9b
0f80b
0a434
05548
0ef9b
06377
0554a
0f80d
05e1c
0b326
05b79
030cb
0ef9d
0a51e
0e72e
0ad95
0e9fd
0b244
068c2
0644e
0c22c
0b329
06450
0bc8a
0a521
0ef9f
0b32a
06453
0f810
0c230
0b32d
0a436
0f812
030da
0bc8c
030db
0bc8d
0b247
030de
0b32f
0f815
03176
06a84
05707
06a85
03255
0c319
06a86
03257
03908
071ad
033f7
04c35
033f8
04c36
0390b
07718
0390c
08115
03f1c
033fc
05e1e
03182
05b7b
03183
06d22
03911
03400
0f349
05e22
067dd
03403
0f34a
06d25
03405
0318b
0318c
08116
071b4
07298
0391c
0391d
0537d
069a6
04e1c
0aac5
05627
0aac6
05628
0f34d
069a8
036a2
06530
0f08b
0b6e9
03199
0754b
03921
0c5fd
06d2a
0319c
0319d
06458
0319e
0ad9b
0562a
069a9
0562b
031a1
069aa
0562d
0eaed
0a527
031a4
0eaee
0b334
05709
06a87
031a7
0b419
06533
0bd7a
0a611
0e275
069ab
05e25
031ac
0b337
06d2c
06535
0f090
0ae88
031b0
0b507
031b1
0eaf1
0c321
06a89
031b4
0f357
031b6
0f094
0ae8a
0a615
0eaf3
0b338
0f096
0c324
0eaf5
034d3
039e6
06d2f
034d5
047e4
034d6
047e5
039e9
0729a
039ea
081fb
03ff9
034da
05f04
03260
05c61
03261
03262
06d33
039f0
03264
06e14
068c3
034e1
0f43c
06d35
06d36
039f6
039f7
0326b
0f43d
07380
039fa
04f01
06292
0377b
06293
0377c
06a8d
0377d
0f17b
05c64
03273
039fb
0c6ec
06623
0f440
06e1a
03277
0b7dd
039ff
0f442
0c6f1
05fee
0eeb2
0a617
0327c
06624
0c40e
05ff1
05710
06a8f
05711
03280
06a90
05713
0ebdf
0a619
03283
0ebe0
0b426
058cf
0b5f6
058d0
0be6d
05c68
03288
0f446
06d39
06b77
0328b
0c411
0a70a
0ebe2
0a9d5
0f447
0c412
0af6d
03290
0f185
0c415
0ae90
03293
0a70c
0ebe5
0a70d
03296
0af71
0f44c
0b42b
0332f
0340d
07467
05e26
07468
058d2
03333
07469
0cabd
03336
070d2
057eb
070d3
03783
0c9c9
070d4
03785
0554b
068c7
03848
068c8
03849
070d6
0384a
0f817
05d44
03340
03ade
06548
03342
05d46
03343
07385
03ffd
03345
0746b
0654c
06f06
03ae5
0fadc
07387
04003
04004
0334c
0fadd
0746f
079d7
04008
04009
07470
03352
0cd9d
0400c
0be74
06f09
0fadf
0be76
0400f
05299
0acae
0529a
0f27c
05d47
07389
05d48
057f4
0b50c
06b83
0335d
0af75
057f7
0335f
0f81c
05e28
07473
058d4
0cabf
0b50f
06c65
0c50a
0ada1
0ea05
0738a
06b87
03367
0b5fe
07475
03369
0bc90
06c69
0c50d
06c6a
0336c
0f820
0b602
07476
0336f
0acb3
0fae8
0bc92
0b069
0f823
03374
0faea
03376
0f825
042a5
067e1
034eb
067e2
03415
06713
067e3
03417
03924
06460
03419
06461
0341a
06c6c
0341b
0b33d
03928
0f35e
0341e
05e2d
07477
058d8
0fbcc
06633
03bbe
0fbcd
06635
040dc
040dd
03425
0780b
040df
03bc4
03bc5
07d80
07554
040e3
040e4
03bc9
03bca
067e4
0f35f
0bf65
03430
0780c
040ea
0ce91
07558
03433
03434
06c70
03435
0b06b
058da
071c3
058db
03438
071c4
058dd
0edc3
0ada9
0343b
0edc4
0b60a
059b9
06d3d
0343e
0b6ef
071c5
05ff2
0bd80
05ff3
0c051
06639
03443
0b6f0
0755b
03445
0bd82
067eb
0c053
067ec
03448
0f366
071c6
06d3f
0344b
0fbd9
0edc8
0adab
0b15a
0f369
0b15b
0b60e
0f36a
0c60c
0edcb
035c6
04383
034f1
06294
0c6f2
05ff5
035ca
0c6f4
034f5
05f12
0b42c
05c6a
0f44e
05f13
0fcbc
067ef
034f9
0b430
0b431
059bd
06d43
041b5
06d44
041b6
034fe
0755f
041b8
03c9d
03c9e
078f0
070df
03ca0
03504
03505
07ba2
041bf
03ca4
03ca5
03509
0350a
041c4
0cf80
068cd
0fcc2
0763d
0350e
0baad
041c8
0fcc4
0cf85
06296
0f724
0ae99
03513
067f3
03514
0b6f9
067f4
03516
0b15e
067f6
0fcc6
0b6fb
067f8
0351a
068ce
0c6f6
06299
05f1a
0351d
0b24e
0351e
0be79
0351f
0fcc8
07564
06e24
03522
0c6f9
0a9da
0eeb8
0b251
0fcc9
0c6fa
0b7e5
03527
0f459
0c6fd
0b252
0a9dd
0eeba
0ae9c
0b161
0352d
0eebc
0b7e8
0c6ff
035cc
036a4
07719
060da
0771a
05b86
035d0
0771b
0c7e7
05aa3
06e26
03d64
06e27
03d65
035d5
07645
03d67
03852
03853
079d8
071c8
03855
035db
035dc
07c8c
03d6e
03859
0385a
035e0
035e1
03aee
0663a
035e3
0663b
035e4
068d8
035e5
0af7b
03af2
0f544
035e8
0bb9c
03d74
0f546
071c9
0d074
079db
035ec
0d076
0bba1
05aa7
0b254
0637f
0f827
0629f
0b7ea
062a0
05fff
0fdb7
0a9e0
05aac
0f547
068df
05aae
0fdb9
06380
0b8d2
060dd
035f9
0f549
0aaca
0ecda
0b341
0efa9
0b7f0
06e2e
069b6
0c7ea
0b8d5
069b8
0c236
0aacd
0f54b
0b8d6
069bb
0fdbc
0c7ee
0b8d9
0a9e2
0b259
03608
0c238
0bf6f
0fdbf
0b7f3
0360c
0b8db
0fdc1
036aa
06ff0
05c6b
06ff1
03789
0c8d7
06ff2
0378b
03e40
069bc
0392b
069bd
0392c
0772a
06384
03e44
036b4
036b5
072a0
03e47
036b7
0780e
03e49
03934
03935
036bb
036bc
08033
0869e
036bf
060e0
0b070
058e2
0f634
060e1
0f8f8
069bf
036c3
0b074
0b075
072a4
036c6
0cbb9
03e52
0bc96
06d4c
0f8fb
0bc98
03e55
05633
0aad0
05634
0f098
060e3
0772e
060e4
05b90
0b8de
069c3
036d1
0b349
05b93
036d3
0f63a
061c2
072a7
05c6e
0c8db
0abbc
0e820
0b433
0f09b
0b8e1
0772f
069c7
036db
0b9c6
072a9
036dd
0bab2
06a9f
0c329
06aa0
036e0
0f63e
0b9ca
072aa
036e3
0aad5
0f904
0bab4
0b437
0f641
036e8
0f906
036ea
0f643
03f1d
06aa2
03a08
06aa3
03a09
0738c
0646a
03a0b
03791
03792
0738e
03f24
03794
08783
072af
0738f
03a12
03798
03799
08119
08784
0379c
061c6
0b162
059c8
0f726
061c7
0f9ea
06aa5
037a0
0b166
0b167
07392
037a3
0ccab
03f2f
0bd88
06e32
0f9ed
0bd8a
03f32
05719
0abc2
0571a
0f18a
05d4d
07395
057fc
0c9cd
0646d
0b9ce
0646e
061cb
0f9ef
0abc4
05c78
0f72b
06aab
05c7a
0f9f1
0acb4
0e912
0af7f
0f18d
0b9d3
072b1
06aad
037b8
0b516
07397
037ba
0bba4
06b91
0c41b
06b92
037bd
0f730
0b51a
07398
037c0
0f732
0b43d
0bba6
0f9f7
0bba7
0c9d4
0f192
0b9d6
0f735
04c3a
071cb
0393c
071cc
03860
06b95
071cd
03862
03cae
04b5e
03865
06aae
0cf86
062a5
03cb2
0cf88
03869
062a6
0b7f4
06002
0fdc2
062a7
10084
070e9
0386d
0b7f8
0b7f9
05d53
07651
0453f
07652
04540
03872
078fb
04542
04015
04016
08200
07480
04018
03878
03879
07f4e
04549
0401c
0401d
0387d
0387e
0454e
0c41e
071cf
1008a
079e6
03882
08f4f
04552
1008c
0c423
06b96
0faec
0b25b
03887
070ed
03888
0bab7
070ee
0388a
0b520
070f0
1008e
0bab9
070f2
0388e
071d0
0d07c
06b99
062ae
03891
0b610
03892
0c23b
03893
10090
07900
07735
03896
0d07f
0b34e
0f82c
0b613
10091
0d080
0bbad
0389b
0fdcd
0d083
0b522
0389e
0b350
0f82f
0b351
038a1
0f830
0bbb0
0d085
03940
03a18
07ac2
06472
07ac3
05f1c
03944
07ac4
0cbc1
060e7
07737
05b96
0b8e7
05e39
0b8e8
05e3a
10177
07739
03e5b
0461b
071da
040ee
071db
040ef
07ac5
06b9c
040f1
03951
03952
07ac7
04622
03954
0895e
079f0
07ac8
040f8
03958
03959
08308
0895f
0395c
0903e
0462c
0f90c
07567
0c512
07d85
03960
0c514
09043
05e3d
0b616
06c7d
0fbdf
06b9f
0bbb2
06ba0
06395
1017f
0b354
05e42
0f90d
071e1
05e44
10181
06c7e
0bc9a
06475
0396d
0f90f
0b43e
0f0a2
0b703
0f371
0bbb8
072b7
03972
0cbc5
0b440
0f372
0b705
10183
0cbc6
0bc9f
03977
0bbb9
0cbc8
0bca1
0b356
10186
0397c
0c612
0397d
0c613
0bbbb
03980
0bca3
10189
03a1e
07399
06003
0739a
03af7
0ccb1
0739b
03af9
05c7b
06fff
03f34
07000
03f35
072ba
03f36
0f9fb
06478
03a28
041ca
06c80
03a2a
0647a
03a2b
07ad3
046fb
03a2d
07bac
06c84
07657
041d1
1026c
07ad5
04701
04702
03a34
1026d
07bb0
0811b
04706
04707
07bb1
03a3a
0c057
0470a
09132
0765a
1026f
09134
0470d
059c9
0b444
059ca
0f460
0647b
07ad7
0647c
05f26
0bca6
06d61
03a45
0b70b
05f29
03a47
0fa00
0655a
07bb4
06006
0ccb5
0bca9
06e3b
0c700
0af85
0f195
07ad8
06d65
03a4f
0bd8e
07bb6
03a51
0c426
06e3f
0c703
06e40
03a54
0fa04
0bd92
07bb7
03a57
0c704
0c429
10278
03a5a
0fa07
03a5c
1027a
03a5e
0fa09
049a3
06f1b
03bd3
06f1c
03afd
068e5
06f1d
03aff
03d7f
06802
03b01
0655d
03b02
07bb9
042aa
03b04
07c92
06806
07740
03d86
1035c
07bbb
042b0
042b1
03b0b
1035d
07c96
08205
042b5
042b6
05d5d
073a1
05800
0b525
06009
0b526
0600a
1035f
073a3
04025
06f1e
0faf1
09223
03b18
07f52
042ba
0c14b
07c99
03b1b
03b1c
06e46
03b1d
0b801
0600c
073a4
0600d
03b20
073a5
0600f
0f553
0af8d
03b23
0f554
0bd9a
060eb
07486
03b26
0be7f
073a6
06722
0c516
06723
0c7f3
06809
03b2b
0bd9d
07c9b
06f23
0faf6
0b8ee
03b2f
0c519
03b30
0f557
0cdab
07488
03b33
10369
0f558
0af8f
0b8f0
0fafb
0b8f1
0bd9e
0fafc
0cdae
0f55b
03cb4
04a81
03bd9
069ca
0ce94
06725
03cb8
0ce96
03bdd
03e5d
068ea
03bdf
06643
03be0
03be1
07813
068ed
03e62
0fea1
072c2
03e64
0fea2
07816
07817
03e67
03be9
03bea
08c10
07d87
04393
058e5
071e4
040fe
071e5
040ff
0748c
04100
0fbe1
06646
03bf2
04394
0c240
07005
0fea6
0781a
03bf6
08d6b
04398
0fea8
0c245
069cc
0f918
0b07d
03bfb
06f2d
03bfc
0be89
06f2e
03bfe
0b8f4
06f30
0feaa
0be8b
06f32
03c02
07006
0ce98
069cf
062af
0c05c
062b0
0c8e5
0664a
03c07
0feac
07ca5
0756d
03c0a
0ce9b
0b16a
0f648
0b9e1
0fead
0ce9c
0bf75
03c0f
0fbeb
0ce9f
0b8f6
03c12
0b16c
0f64b
0b16d
03c15
0f64c
0bf78
0cea1
03cba
03f3a
069d0
03cbc
06729
03cbd
03cbe
07821
04466
03cc0
07902
073a8
03f41
0ff94
07823
07824
0446c
0446d
03cc7
0ff95
07e6d
04470
059cb
06d66
041db
06d67
041dc
07572
041dd
0fcd3
0672c
03ccf
04471
0c332
070f7
0ff98
07908
03cd3
08e5d
04475
0ff9a
0c337
06aba
0fa0a
0b16f
03cd8
070f8
0cf8a
06abd
061d8
07574
061d9
03cdc
07575
061db
0f737
0b171
03cdf
0f738
0bf7e
06397
0c14e
06398
0c9d7
06730
03ce4
0ff9e
07827
0765c
03ce7
0cf8d
0b262
0f73a
0b52d
0ff9f
0cf8e
0bac5
03cec
0fcdd
0cf91
0b9e8
03cef
0b264
0f73d
0b265
03cf2
0bac9
0ffa4
0bf83
03d8f
07100
09228
068f3
03e6e
0922a
03d93
0701a
09136
0680d
041e2
09138
03d97
0680e
0bda0
06566
1036e
0680f
10634
07661
03d9b
0bda4
0bda5
04d37
04a83
04a84
07662
04557
07663
04558
07f56
0701e
0455a
03da4
03da5
07f58
04a8b
03da7
03da8
084d5
04a8e
04561
04562
03dac
04a92
0c9dc
07747
1063a
07f5d
03db0
09501
04a96
1063c
0c9e1
07102
10098
0b807
03db5
07665
03db6
0c063
07666
03db8
0bacc
07668
1063e
0c065
0766a
03dbc
07748
0c154
07105
06816
03dbf
0bbbc
03dc0
0c7f9
03dc1
10640
07e77
07ca9
03dc4
0c157
09230
0774d
10641
0bbbe
03dc8
0c7fb
03dc9
10379
0c15b
0c15c
0fdda
0b80a
10645
03dcf
0d08a
03dd0
0d08b
0c06b
03e70
071e6
08d6e
069db
03f4b
08d70
03e74
068f6
0be92
0664c
0feb4
068f7
10726
07751
03e78
0be96
0be97
03e7b
03e7c
07f63
0639f
07cae
04b63
07caf
04b64
04b65
03e81
07f66
04b67
0463a
08309
07adb
0463c
0463d
0463e
0887a
08041
04b6e
04b6f
0cace
072c9
1072c
08043
03e8d
095f3
04b73
1072e
0cad3
071e8
1018a
0b8ff
03e92
07755
03e93
0c15f
07756
03e95
0bbc4
07758
10730
0c161
0775a
03e99
072ca
0c246
071eb
068fe
03e9c
0bcae
03e9d
0c8eb
03e9e
10732
08046
072cd
0febc
0c24a
08d77
03ea3
0c8ec
072d1
0cbcf
0775b
03ea6
0febf
0c24d
0c24e
03ea9
0b902
10737
03eac
0cbd0
03ead
0cbd1
0c167
03f4d
06d68
08e60
06ac1
04028
08e62
03f51
069de
0bf84
06732
0ffa6
069df
10818
072d3
03f55
0bf88
0bf89
04f03
04c3d
04c3e
072d4
04711
072d5
04712
08122
071ee
04714
03f5e
03f5f
08124
04c45
03f61
03f62
086a1
04c48
0471b
0471c
03f66
04c4c
0c614
073b1
1081e
08129
03f6a
096e5
04c50
10820
0c619
06d6a
1027c
0b9f1
03f6f
072d7
03f70
0c251
072d8
03f72
0bcb6
072da
10822
0c253
072dc
03f76
073b2
0c338
06d6d
069e6
03f79
0bda6
03f7a
0c9e3
03f7b
10824
08050
07911
03f7e
0c33b
08e68
073b7
10825
0bda8
03f82
0c9e5
03f83
0ffb1
0c33f
0c340
03f86
0b534
0fa13
0b535
03f89
0ffb4
0bcb9
0c259
0402a
06e50
08f52
06ba7
04105
08f54
0402e
0812f
04fea
0656b
07913
047ee
07914
047ef
04033
08132
047f1
042ca
042cb
084d7
07cb5
042cd
042ce
08a46
0820c
047f8
047f9
042d2
05d63
0766c
04565
0766d
04566
07916
04567
1009b
06ac8
04043
047fb
0c706
07497
10910
0820f
04047
097d7
047ff
10912
0c70b
06e52
1037e
0b537
0404c
073bf
0404d
0c343
073c0
0404f
0bdae
073c2
10914
0c345
073c4
04053
07498
0c42a
06e55
06acc
04056
0be98
04057
0cad5
04058
10916
08136
079fb
0405b
0c42d
08f5a
0749d
10917
0be9a
0405f
0cad7
04060
100a5
0c431
0c432
0fb04
0b53a
1091b
04066
0cdb4
04067
0cdb5
0c34b
04107
06f36
09044
06c8d
041e6
09046
0410b
08215
050d0
06651
079fd
048cb
079fe
048cc
04110
07d8b
06e59
043a7
043a8
085bd
07837
043aa
08b2c
07d8e
048d4
048d5
048d6
043af
05e49
0775c
04642
0775d
04643
07a00
04644
1018d
06bae
04120
048d8
0c7fe
0757d
10456
07d91
04124
0931d
048dc
10458
0c803
06f38
0fec4
0b629
04129
074a5
0412a
0c435
074a6
0412c
0bea0
074a8
1045a
0c437
074aa
04130
0757e
0c51c
06f3b
06817
0c61a
06818
0cea3
06bb2
04135
1045c
0821c
07ae1
04138
0c51f
0904c
07583
1045d
0bf8c
0413c
0c61d
0413d
10197
0c523
0c524
0fbf6
0b62c
10461
04143
0cea6
04144
0cea7
0c43d
041e8
07d97
051b6
06737
07ae3
049a8
07ae4
049a9
041ed
07d9a
049ab
04484
04485
086a3
0791d
04487
04488
08c12
07e7c
049b2
049b3
0448c
05f2f
072de
0471f
072df
04720
07ae6
04721
1027f
06c94
041fd
049b5
0c8f0
0766f
10548
07e7f
04201
0940f
049b9
1054a
0c8f5
07026
0ffb6
0b71b
04206
07670
0c06c
07029
0673c
07ae8
0673d
0420a
07ae9
0673f
0fce3
0b71d
0420d
0fce4
0c52a
068ff
0c70c
06900
0cf95
06c98
04212
1054e
07d9e
07bd0
04215
0c06f
0913e
07675
1054f
0bad8
04219
0c70f
0421a
10289
0c073
0c074
0fce8
0b71e
10553
04220
0cf98
04221
0cf99
0c52f
042d3
07678
097da
06e5f
043b2
097dc
042d7
07592
096e8
06d79
04726
096ea
042db
06d7a
0c34c
06ace
1091e
06d7b
10bf4
07bd5
042df
0c350
0c351
0767a
10648
0bdb3
042e3
07bd7
042e4
0c621
07bd8
042e6
0c078
07bda
10bf7
0c623
07bdc
042ea
07cba
0c712
0767d
06d80
042ed
0bea4
042ee
0c169
042ef
10bf9
083f9
08220
042f2
0c715
09238
10384
0bea7
10bfa
0c716
097e3
042f7
10927
0c719
0bea8
10928
0bea9
097e6
0c71b
042fd
1092a
0c07b
0c629
043b4
0775e
09320
06f47
0448f
09322
043b8
06e62
0c43e
06bb4
10464
06e63
10ce6
07cc3
043bc
0c442
0c443
07760
1073a
0beab
043c0
07cc5
043c1
0c71d
07cc6
043c3
0c170
07cc8
10ce9
0c71f
07cca
043c7
0783c
0c804
07763
06e68
043ca
0bf96
043cb
0c25b
043cc
10ceb
085c4
0783f
1046a
0bf98
043d0
0c25d
043d1
0fecb
0c809
07ccb
043d4
1046d
0c80b
0bf9a
1046e
0bf9b
0932c
0c80d
043da
0beaf
10cf1
0c725
04491
072e0
09412
0702d
0456c
09414
04495
06f4a
0c530
06c9a
10556
06f4b
10dd8
07845
04499
0c534
0c535
072e2
1082c
0bf9d
0449d
07847
0449e
0c80f
07848
044a0
0c262
0784a
10ddb
0c811
0784c
044a4
07924
0c8f6
072e5
06f50
044a7
0badc
044a8
0c353
044a9
10ddd
085c9
07e88
044ac
0c8f9
08e70
0ffbc
0badf
10dde
0c8fa
0941b
044b1
1055f
0c8fd
0bae0
10560
0bae1
0941e
10de2
044b7
0bfa1
10de3
0c817
0456e
073c8
09504
07113
04649
09506
04572
07030
0c07c
06828
1064a
07031
10eca
0792d
04576
0c080
0c081
073ca
1092c
0bae3
0457a
0792f
0457b
0c901
07930
0457d
0c35a
07932
10ecd
0c903
07934
04581
07a0a
0c9e8
073cd
07036
04584
0bbce
04585
0c445
04586
10ecf
086af
07f6e
04589
0c9eb
08f62
100ae
0bbd1
10ed0
0c9ec
0950d
0458e
10653
0c9ef
0bbd2
10654
0bbd3
09510
10ed4
04594
10656
0c35d
0c909
0464b
074ae
095f6
071f9
0472a
095f8
0464f
07116
0c174
06910
1073c
07117
10a10
07a13
04653
0c178
0c179
074b0
10472
0bbd5
04657
07a15
04658
0c9f3
07a16
0465a
0c44c
07a18
10a13
0c9f5
07a1a
0465e
07af0
0cada
074b3
06d81
0c536
06d82
0cbd3
0711c
04663
10a15
08795
08054
04666
0cadd
09054
101a0
0bcc3
10a16
0cade
095ff
0466b
10745
0cae1
0bcc4
10746
0bcc5
09602
0cae3
04671
10748
0c44f
0c9fb
0472c
071fc
0c266
069f6
1082e
071fd
10b02
07af9
04730
0c26a
0c26b
07599
10564
0bcc7
04734
07be0
0c62a
0759c
06ca2
08059
06ca3
04738
0805a
06ca5
1028f
0bcc9
0473b
10290
0cae8
06e69
0c082
06e6a
0ccc5
07202
04740
10b07
08317
08141
04743
0c62d
09146
10292
0bdbb
10b08
0c62e
096f1
04748
10837
0c631
0bdbc
10838
0bdbd
096f4
0c633
0474e
1083a
0c541
0caed
04807
07be8
09d8c
073d2
048e6
09d8e
0480b
07b02
09c9a
072ec
04c5a
09c9c
0480f
08145
04810
0c635
06d88
086b2
06d89
04813
086b3
06d8b
1092f
0c361
04816
10930
0cbdc
06e6d
08798
04819
09d91
086b4
074b7
0c450
074b8
0c727
07b06
0481e
0cbdf
08a4b
0822e
10eda
097ea
04822
0c453
04823
10933
0cccf
0879a
04826
111b5
0c454
111b6
0c455
0ccd2
0482a
0c362
111b8
0482d
10937
049c1
07dab
048e9
07ccf
07dac
048eb
06911
0c456
06912
10474
073d5
08a4e
073d6
06e72
0ccd6
08236
048f2
0c72f
06e75
048f4
10a1e
074bb
08b30
06f54
0cdbd
0ccd9
07dae
0c818
09059
101a7
08a4f
07daf
0cdbe
098d9
07db1
0c81a
0905b
10a21
098da
07db4
112a6
08a50
098dc
08b33
04904
0c81c
04905
0c81d
04907
10a25
0c730
04909
0ccdc
10a27
07037
083fe
04a9f
099c5
083ff
04aa1
06f55
0c81e
07853
10de6
07cd4
0cdc6
07cd5
074bf
11393
0c54a
06f5a
10b0f
07dba
06f5c
11395
07854
099c8
075a2
049d4
10b11
0914a
10298
09421
10569
0cdcc
08320
07e95
0ceb0
099cb
07e97
0c90c
0914d
10b13
099cc
07e9a
11398
0ceb4
099cf
0914e
1056c
0914f
049e3
10b17
0ceb7
1056e
0c54d
049e8
1139d
07685
08cfa
0711e
04aa4
08cfb
09ab9
07938
10ee2
0c08f
04aa8
07e9c
04aa9
0ceb9
07e9d
04aab
0c912
07e9f
11486
0cebb
07ea1
04aaf
07f79
0cfa0
0793b
075a6
04ab2
09512
04ab3
0c17b
04ab4
11488
08c1c
084e7
04ab7
0cfa3
0923e
1065c
09515
11489
0cfa4
09abf
04abc
10c09
0cfa7
09516
10c0a
09517
09ac2
1148d
04ac2
10c0c
0c915
0cec1
04b7f
07a1c
09ba8
0776c
04c5e
09baa
04b83
07f81
04b84
0ca03
07122
084e9
07123
04b87
084ea
07125
1074b
0c183
04b8a
1074c
0cfae
07205
085cc
04b8d
09bad
08060
0caee
08d83
0fed1
084eb
0793e
04b92
0cfb1
0887f
08062
10cf8
09606
04b96
0c26f
04b97
1074f
0d097
085ce
04b9a
10fd1
0c270
10fd2
0c271
0d09a
04b9e
0c184
0ca07
04ba1
10753
06ca9
0c272
06caa
1083c
072f3
08967
06d90
0cbe3
07a22
0d09c
07a23
07771
110bd
0c274
0720c
10de7
0806c
0720e
110bf
08e74
0ffc2
096f7
1083f
0d0a1
08883
0806e
04c70
09ca0
08969
04c72
0c366
08152
0c63d
08153
04c75
10dec
09ca4
0896a
04c78
0c63e
04c79
0c63f
10843
09ca7
0caf8
04c7d
0d0a4
10df1
04e1f
07ea3
04d3d
06661
05ab5
04d3f
0efb2
084ee
058e7
04d42
05b99
04d44
0879f
08887
04d47
0ea06
04d49
09ac4
0e730
09519
06105
0e732
0a43a
04d4d
06108
061e4
07f8d
07a26
04d52
09244
0ca08
07f90
0d265
0951c
04d56
0cfb5
0d267
0e094
04d5a
08b3a
09ac9
0d172
09aca
0d71f
0951f
0cfb6
0924a
04d60
0d269
0a43d
0c189
10664
0d26b
0dfa1
0806f
04e23
06747
05b9d
04e25
0f0a4
085d8
059cd
04e28
05c7f
04e2a
08321
0896d
04e2d
0eaf8
05d66
08d88
0a52a
061ec
0e277
0a52b
061ee
0e822
0e279
0f0a6
08073
07b0c
04e38
08d8a
0cafa
08076
0d357
0960e
04e3c
0d0a7
0d359
0e186
04e40
08c20
09bbb
0d26c
09bbc
0d813
09611
0d0a8
08d90
04e46
0d35b
0a52f
0c27b
10756
0d35d
0e096
08155
04f09
062c9
05c83
04f0b
0f196
086be
05ab7
04f0e
05801
04f10
08407
08a53
08a54
0d904
04f15
09ca8
0e368
096fd
05d6f
0e36a
0a61e
04f19
05d72
05e4c
08159
07bf2
04f1e
08e7c
0c640
0815c
0d449
09700
04f22
0cbed
0d44b
0dccc
04f26
08d07
09cad
0d35e
09cae
0d905
09703
0cbee
08e82
04f2c
0d44d
0a621
0c36d
10848
0d44f
0e188
0823b
052a3
08b3b
0823c
052a5
05803
05e4e
05556
08a56
063b1
0823e
05639
0888b
04ff9
0ecde
04ffb
09d9a
0e45a
097ef
05e55
0e45c
0a710
04fff
05e58
05f32
0823f
07cd9
05004
08f6e
0c732
08242
0d53b
097f2
05008
0ccdf
0d53d
0ddbe
0500c
0888e
09d9f
0d450
09da0
0d9f7
097f5
0cce0
08f74
05012
0d53f
0a713
0c45f
1093a
0d541
0dcce
07dbd
0538a
08c21
07dbe
0538c
058ea
05f34
0563c
08b40
06497
07dc0
0571f
08971
050df
0e824
050e1
098e0
0e54c
09335
05f3b
0e54e
0a802
050e5
05f3e
06018
07dc1
0785b
050ea
098e2
0d62c
09337
07dc5
0dbd9
0c54f
050ee
07dc8
08247
050f2
08974
098e5
0d542
098e6
0daea
0933b
0cdd2
09066
050f8
0d631
0a805
0c551
10480
0d633
0ddc0
05807
051bb
05ab8
051bd
086bf
08d0a
051c0
0657c
059d2
051c2
0eec0
0840d
0dbdb
08d0b
06109
09426
0ae9e
09151
051c9
0ae9f
0a072
0eec1
051cc
051cd
07bf3
051cf
0d9f9
07eaa
0c094
051d2
099d5
09154
0dfa3
0c917
07eae
0d723
08a59
051d9
0942b
0aea1
0942c
0aea2
09157
0c918
051dd
0d17b
0942f
0a075
051e0
0d17c
10573
0dbdd
0538d
0840e
052ab
06bc6
06665
0580b
052ae
0dccf
052b1
0a076
0ecdf
09acf
06669
0ece1
0a9ec
052b5
0666c
0674b
084f6
0a078
052ba
0cfb9
097fb
052bc
0a07a
084fa
0ddc2
0d454
09ad3
0d81a
0c739
052c2
0a717
052c3
0a718
0e550
0a07e
09ad7
052c6
0d726
0d81d
0e551
085da
05391
06cac
0674d
058f1
05394
0ddc3
062cd
0933e
0aadc
06750
0e826
0aadd
06752
0edd1
0e828
0f652
085dc
0a16a
053a0
0d0ab
09341
053a2
0a16c
085e0
0deb4
0d546
09bc5
0d90c
0c82b
053a8
0a809
053a9
0a80a
0e645
0a170
09bc9
053ac
0d820
0d90f
0e646
086c0
05477
0682e
062cf
059d7
0547a
0deb5
0547d
0a25a
0e917
09cb3
062d3
0e919
0abd0
05481
062d6
063b3
086c2
0a25c
05486
0cbf1
09433
05488
0a25e
086c6
0dfa6
0d638
09cb7
0d9fe
0c91d
0548e
0a8fb
0548f
0a8fc
0e737
0a262
09cbb
05492
0d912
0da01
0e738
087a6
05abb
05d74
0555f
0f834
08d0e
0dfa7
05563
0a34c
0ea09
09da5
063b9
0ea0b
0acc2
05567
063bc
06499
087a8
0a34e
0556c
0cce3
09525
0556e
0a350
087ac
0e098
0d17e
09da9
0daf0
0ca0f
05574
0a441
05575
0a442
0e27d
0a354
09dad
05578
0da04
0daf3
0e27e
08328
05ba1
05e5a
05645
0f37a
08890
0e099
05649
09e92
0eafb
098eb
0649f
0eafd
0adb4
0564d
064a2
0657f
09616
0cdd4
08f77
05652
09e95
09618
0e45f
05655
05656
0d270
098ef
0dbe2
0cb01
0565a
0a533
0565b
0a534
0e36f
09e9a
098f3
0565e
0daf6
0dbe5
0e370
05729
05c88
06d91
06ae1
08410
05f41
0666d
099dc
0b44a
09707
05731
0b44b
0a624
0f46d
05734
05735
05737
099de
0d728
0c645
08413
0d72a
099e0
0573b
08416
08a5c
0970b
0cec8
0906b
10b1d
09f8a
0dbe6
09f8b
0e18c
099e4
05743
0dbe7
0b44f
10b1f
0e18d
058f3
08977
05811
0712a
06bc9
06028
05815
06bcb
0acc6
05817
0a629
0acc7
05819
0b53e
06bcf
0f838
0581d
0915e
0a62a
08a5f
0ddc7
0a083
08a61
0e371
0ddc9
0ebf2
09db3
0ddca
09713
05826
0acc9
05827
0acca
0eaff
0a630
0a089
0582a
0dcd6
0ddcd
0eb00
08b43
058f7
07210
06cb1
0610e
058fb
06cb2
0a172
0b62e
098f5
058ff
0b62f
0adba
0fbfd
05902
05903
09250
0a71c
08b45
0deb9
0a175
08b47
0e463
0debb
0ece4
098f9
0debc
09805
0590c
0adbb
0590d
0adbc
0ebf3
0a722
0a17b
05910
0ddd0
0debf
0ebf4
08c29
059dd
06d92
06833
061f4
059e1
06835
0aeaa
059e3
0a80d
0aeab
059e5
0b722
06839
0f470
059e9
08d96
0a80e
08c2b
0dfab
0a267
08c2d
0e555
0dfad
0e82a
099eb
0dfae
0934b
059f2
0aead
059f3
0aeae
0ece5
0a814
0a26d
059f6
0dec2
0dfb1
0ece6
08d0f
06029
062d8
05ac5
0fde0
05ac7
0691b
0a9f0
05ac9
0a8ff
0a9f1
05acb
0b814
0691f
0f562
05acf
08e88
0a900
08d11
0e09d
0a359
08d13
0e647
0e09f
0e91c
09add
0e0a0
0943d
05ad8
0a9f3
05ad9
0a9f4
0e82b
0a906
0a35f
05adc
0dfb4
0e0a3
0e82c
08891
0610f
063be
05bab
0f926
05bad
06a01
0aae2
05baf
0a445
0aae3
05bb1
0b906
06a05
0f654
05bb5
09bcc
0e18e
0952d
08894
0e190
09ea0
05bb9
08897
08d16
09bcf
0e192
0952f
05bbe
0aae5
05bbf
0aae6
0e91d
0a44c
09ea5
05bc2
0e0a6
0e195
0e91e
05c8f
061f6
072f6
07045
0e73b
05c94
0a536
0f19b
09f8f
06ae9
0f19d
0b452
05c98
06aec
06bd2
08979
09f90
05c9d
0cbf5
09cbf
05c9f
0a53a
0897d
0e283
09620
0cbf6
0906f
110ca
0a53c
0e196
0a53d
0e73c
09f96
05ca7
0e197
0b9fb
110cc
0e73d
062da
06aee
05d7d
100b6
06aef
07212
0a632
0bae8
0a361
05d83
0bae9
0b274
100b7
05d86
05d87
09714
0abdc
08e8d
0e377
0abdd
0e284
0abde
0e82e
0a637
05d8d
0e285
0baed
0e379
0e82f
063c0
06bd4
05e63
101a8
06bd5
05e67
07217
0b364
05e69
0accd
0b365
05e6b
0bbdc
0721b
0f92a
09806
0acce
08f7f
0e469
0accf
0e37a
0acd0
0e920
0a729
05e73
0e37b
0bbdf
0e46b
0e921
064a6
06cba
05f49
1029a
06cbb
06e7a
0a816
0bccc
09f99
05f4f
0bccd
0b458
1029b
05f52
05f53
0934c
0adc0
09071
0e55b
0adc1
0e46c
0adc2
0ea12
0a81b
05f59
0e46d
0bcd1
0e55d
0ea13
062dd
0602f
073dd
06e7d
0683d
06f60
0a908
0bdbe
0a08b
06035
0bdbf
0af9e
1038d
06038
06039
0943e
0aeb2
09163
0e64d
0aeb3
0e55e
0aeb4
0eb04
0a90d
0603f
0e55f
0bdc3
0e64f
0eb05
063c3
06115
074c3
06f63
06923
07046
0a44e
0beb0
0a17d
0611b
0beb1
0b090
0fed3
0611e
0611f
09530
0a9f8
09255
0e73f
0a9f9
0e650
0a9fa
0ebf6
0a453
06125
0e651
0beb5
0e741
0ebf7
064a9
061fb
075a9
07049
06a09
07135
0a540
0bfa2
0a26f
06201
0bfa3
0b182
0ffc5
06204
06205
09622
0aaea
08d9b
0e289
0aaeb
0e742
0aaec
0ece8
0a545
0620b
0e743
0bfa7
0e28b
0ece9
0683e
07052
062e1
10666
07053
07777
0abe1
0c098
0a910
062e7
0c099
0b820
10667
062ea
062eb
09cc8
0b188
09441
0e923
0b189
0e830
0b18a
0edda
0abe6
062f1
0e831
0c09d
0e925
0eddb
06924
07138
063c7
10758
07139
063cb
0777c
0b910
063cd
0b279
0b911
063cf
0c18c
07780
0fed6
09dba
0b27a
09533
0ea15
0b27b
0e926
0b27c
0eecc
0acd8
063d7
0e927
0c18f
0ea17
0eecd
06a0a
0721e
064ad
1084a
0721f
073df
0adc5
0c27c
0a548
064b3
0c27d
0ba04
1084b
064b6
064b7
09900
0b36c
09625
0eb07
0b36d
0ea18
0b36e
0efbe
0adca
064bd
0ea19
0c281
0eb09
0efbf
06841
06593
07943
073e2
06da1
074c5
0aeb7
0c36e
0a63a
06599
0c36f
0b54a
1093d
0659c
0659d
099f2
0b45e
09717
0ebf9
0b45f
0eb0a
0b460
0f0b0
0aebc
065a3
0eb0b
0c373
0ebfb
0f0b1
06927
06679
07a29
074c8
06e87
075ab
0a9fd
0c460
0a72c
0667f
0c461
0b63c
10483
06682
06683
09ae4
0afa4
09809
0eceb
0afa5
0ebfc
0afa6
0f1a2
0aa02
06689
0ebfd
0c465
0eced
0f1a3
06a0d
0675f
07b0f
075ae
06f6d
0769a
0aaef
0c552
0a81e
06765
0c553
0b72e
10575
06768
06769
09bd6
0b096
0934f
0e835
0b097
0ecee
0b098
0f294
0aaf4
0676f
0ecef
0c557
0e837
0f295
06da2
075b7
06845
10c12
075b8
07cdd
0b18d
0c648
0aebf
0684b
0c649
0bdcc
10c13
0684e
0684f
0a277
0b734
099f5
0eecf
0b735
0eddc
0b736
0f386
0b192
06855
0eddd
0c64d
0eed1
0f387
06e88
0769d
0692b
10d04
0769e
0692f
07ce2
0bebc
06931
0b825
0bebd
06933
0c73c
07ce6
10486
0a369
0b826
09ae7
0efc1
0b827
0eed2
0b828
0f478
0b284
0693b
0eed3
0c73f
0efc3
0f479
06f6e
07783
06a11
10df6
07784
07945
0b371
0c82c
0aaf7
06a17
0c82d
0bfb0
10df7
06a1a
06a1b
09eaf
0b918
09bd9
0f0b3
0b919
0efc4
0b91a
0f56a
0b376
06a21
0efc5
0c831
0f0b5
0f56b
06da5
06af7
07eb1
07948
07306
07a2b
0b463
0c91e
0abe9
06afd
0c91f
0baf6
10ee9
06b00
06b01
09fa1
0ba0a
09ccb
0f1a5
0ba0b
0f0b6
0ba0c
0f65c
0b468
06b07
0f0b7
0c923
0f1a7
0f65d
06e8b
06bdd
07f97
07a2e
073ec
07b11
0afa9
0ca10
0acdb
06be3
0ca11
0bbe8
10a2f
06be6
06be7
0a093
0b550
09dbd
0f297
0b551
0f1a8
0b552
0f74e
0afae
06bed
0f1a9
0ca15
0f299
0f74f
06f71
06cc3
0807d
07b14
074d2
07c00
0b09b
0cb02
0adcd
06cc9
0cb03
0bcda
10b21
06ccc
06ccd
0a185
0b642
09903
0ede1
0b643
0f29a
0b644
0f840
0b0a0
06cd3
0f29b
0cb07
0ede3
0f841
07307
07b1d
06da9
111bf
07b1e
0824b
0b739
0cbf8
0b46b
06daf
0cbf9
0c37c
111c0
06db2
06db3
0a826
0bce0
09fa4
0f47b
0bce1
0f388
0bce2
0f932
0b73e
06db9
0f389
0cbfd
0f47d
0f933
073ed
07c03
06e8f
112b1
07c04
06e93
08250
0c46c
06e95
0bdd1
0c46d
06e97
0ccec
08254
10a32
0a918
0bdd2
0a096
0f56d
0bdd3
0f47e
0bdd4
0fa24
0b830
06e9f
0f47f
0ccef
0f56f
0fa25
074d3
07ce9
06f75
113a3
07cea
07eb3
0b91d
0cddc
0b0a3
06f7b
0cddd
0c560
113a4
06f7e
06f7f
0a45e
0bec4
0a188
0f65f
0bec5
0f570
0bec6
0fb16
0b922
06f85
0f571
0cde1
0f661
0fb17
0730a
0705b
08418
07eb6
0786c
07f99
0ba0f
0cece
0b195
07061
0cecf
0c0a6
11496
07064
07065
0a550
0bfb6
0a27a
0f751
0bfb7
0f662
0bfb8
0fc08
0ba14
0706b
0f663
0ced3
0f753
0fc09
073f0
07141
084fe
07f9c
07952
0807f
0b555
0cfc0
0b287
07147
0cfc1
0c198
10fdc
0714a
0714b
0a642
0bafc
0a36c
0f843
0bafd
0f754
0bafe
0fcfa
0b55a
07151
0f755
0cfc5
0f845
0fcfb
074d6
07227
085e4
08082
07a38
0816e
0b647
0d0b2
0b379
0722d
0d0b3
0c28a
110ce
07230
07231
0a734
0bbee
09eb2
0f38d
0bbef
0f846
0bbf0
0fdec
0b64c
07237
0f847
0d0b7
0f38f
0fded
0786d
086cc
07b1f
07310
086ce
0c28e
07312
0cbff
086d0
10eee
0bce6
086d2
086d3
07318
0c290
07319
0c291
10761
0cc03
0add5
0c292
0a553
0fa27
0c293
0ba1c
0731f
0f937
073f1
073f3
0d459
08171
073f7
087b6
0c380
073f9
0ccf1
087b8
10a34
0bdd8
087ba
087bb
0b55e
0ccf3
0b55f
0ccf4
08e93
07401
0b560
0fb18
0b472
0b561
0fb1a
0c386
0fb1b
0ffd1
07a39
08336
07ceb
074dc
08338
0c472
074de
0cde3
0833a
10b26
0beca
0833c
0833d
074e4
0c474
074e5
0c475
10945
0cde7
0aa0d
0c476
0a737
0fc0b
0c477
0b654
074eb
0fb1f
075bd
07b20
0841c
07dd9
08500
0b740
0ced4
09073
111c2
0c656
08421
10c19
111c3
075c9
0b742
0ced7
0b743
0ced8
09077
075cd
0b744
0fcfc
0b0aa
0b745
0fcfe
0c56a
0fcff
101b5
07955
076a6
0d183
076a8
08504
0c0aa
076aa
0cfc7
08506
10d0a
0bb02
08508
08509
076b0
0c0ac
076b1
0c0ad
1057d
0cfcb
0abf1
0c0ae
0a91b
0fdef
0c0af
0b838
076b7
0fd03
07789
07cec
085e8
07fa5
086d4
0b924
0d0b8
09257
113a6
0c83a
085ed
10dfd
113a7
07795
0b926
0d0bb
0b927
0d0bc
0925b
07799
0b928
0f938
0b28e
0b929
0f93a
0c1a2
0f93b
10399
07dda
07873
08c33
08da2
0c83e
08c35
0d640
08da4
07878
0c83f
0d641
1149d
08da5
0c840
08da6
0c841
0787e
0fee1
0b92b
0efc8
0b382
07881
0efca
0c29b
0efcb
07885
07957
08172
0795a
08d1b
09442
0cfcc
08e95
0da0a
09444
08d1f
10fe2
0da0b
07962
0c389
07963
0c38a
10dff
0cfd1
0b473
0c934
0abf4
100c5
0c935
0bb0e
07969
0ffd9
07a3c
07a3e
10671
07a41
0bbfa
110d2
09535
07a43
0d0c0
0bbfb
07a45
07a46
08982
0bbfc
100c8
0bbfd
10672
09539
0ace5
0c47d
07a4c
0f1ad
0c47e
07a4e
100ca
07a50
10ef2
07b24
0833f
08a67
09626
0cc04
09079
0dbee
09628
08987
111c6
0dbef
07b2d
09629
0cc07
0962a
0cc08
0907d
07b31
0bcf0
102a8
0b656
0bcf1
102aa
0cb1a
102ab
10765
07ec1
07c0b
08a69
0916a
0c65a
08a6b
0d45c
0916c
07c10
0c65b
0d45d
112b9
0916d
0c65c
0916e
0c65d
07c16
102ad
0b747
0ede4
0b19e
07c19
0ede6
0c0b7
0ede7
07c1d
07cef
0850a
07cf2
08b50
0c1a3
07cf4
0cde9
08b52
113a9
0c1a4
08b54
08b55
07cfa
0c1a5
07cfb
0c1a6
10c1b
0cded
0b28f
0c750
0aa10
0fee5
0c751
0bed6
07d01
103a1
07ddc
07dde
10a39
09904
10490
09905
10a3a
09358
0b0ad
0c847
07de4
0f575
0c848
07de6
10492
07de8
112bb
08c3c
08c3d
09448
0cee0
09449
0cee1
09172
07ec9
0c0ba
10674
0bfca
0c0bb
10676
0cee4
10677
10b2d
0850c
07fab
09262
0ca29
09263
0ca2a
07fae
10679
0bb0f
0f758
0b566
07fb1
0f75a
0ca2d
0f75b
07fb5
0808f
088a4
08092
0c29c
08093
0c29d
10fe4
09bdc
0b657
0d0c6
0b384
10859
0d0c7
0c2a0
08099
1076d
08174
086d9
10e01
09ccc
1085c
09ccd
10e02
09720
0b475
0c663
0817c
0f391
0c664
0817e
1085e
08180
110d7
0825c
08a71
09810
0ccfc
09811
0ccfd
08f8e
08261
0c482
10494
0bde6
0c483
10496
0cd00
10497
10ef5
08b58
09907
0d45e
09630
0cdf4
0b659
0cdf5
08f92
10b2f
0cdf7
09909
0b65a
10b30
0834c
10a3f
0842a
09fa5
110d8
099fa
10b32
0bfcb
0fc12
0c669
0842e
10b33
09fa7
0bfcc
08431
0fc15
0850e
09173
0c758
08511
0a098
08512
0c0bd
10d12
0cfda
09177
08515
10c26
0c0be
0d643
10d15
085f5
09359
0d0c9
09266
0c84b
09267
0c84c
085f9
0fdf7
0c84e
0935b
085fc
0fdf8
112bd
085ff
0898c
09ccf
0d27a
0944c
0cc10
0ba21
0cc11
08dae
10ef7
0cc13
09cd1
0ba22
10ef8
086e4
10e0b
087c2
0a36d
114a0
09dc2
10efa
0bde7
0fa2e
0ca31
087c6
10efb
0a36f
0bde8
087c9
0fa31
088a7
09be0
0d18a
09541
0d0cf
09542
0d0d0
08f97
110db
0d0d2
09eb8
0bc06
110dc
088b0
10feb
09632
0cc14
09087
0a555
09088
0cb25
08991
101bf
09636
09cd4
08994
101c0
0daff
08997
09178
0a646
08a75
0a09b
08a76
0c0bf
112be
0cd09
0917c
08a79
111d2
0c66c
0d36f
112c1
08b5a
0a18c
0d736
0990b
112c2
0bedb
103a2
09819
08b5e
112c3
0a73a
0c1b2
08b61
103a5
08c3f
099fc
0d552
0935d
0ceeb
0935e
0ceec
08db3
114a3
0ceee
0a280
0bfce
114a4
08c48
113b7
0944e
0cfdc
08ea3
0a91d
08ea4
0c941
08d29
0ffdb
09452
09af0
08d2c
0ffdc
0d91b
08d2f
0a373
0d370
08ea9
10860
08db8
114ac
0fa33
08dba
0926f
113b8
08dbd
0feec
12a1c
10e0e
09273
12a1e
08dc1
0a82d
113bb
0a284
09363
0cef1
08dc4
0c852
0cef3
08dc6
10f02
0cef5
08dc8
0fc16
113bc
0f66b
19c7f
0fef0
0936b
19c80
114b0
0cefb
0fc18
113bf
0f66d
1568b
0f942
1568c
0f943
19c83
113c1
09373
09cd5
0d281
09454
0cc1a
0a287
0d82b
09be4
08dd8
0cb27
10ff0
0c2a8
0963b
10771
0d284
10e12
09be9
08ddd
0d91d
09beb
08ddf
15b47
0dbf3
09642
10e13
09643
0d379
12de4
10f03
08de5
12de6
0dbf5
15b4b
11ec8
08de8
08de9
0c945
10774
0c2aa
0c1b3
10775
08ded
10f05
0cc1e
0ffe0
0c949
0ffe1
0c94a
10f06
0f94a
0c94c
111d8
10953
0c94e
08df5
0c950
154a6
100d1
196d6
10f0a
08df9
12565
0c954
196d8
154ab
0f670
10e17
0f0c1
150df
0f394
150e0
0f395
199a9
10e19
0cc2b
0f94e
113c5
10777
0d288
08e05
10864
12b12
114b3
0d37f
19c87
12b15
0f94f
153b4
10866
199ab
10778
0fefb
15b4f
11555
0f953
08e0f
153b6
0f955
196de
10867
0fefc
08e13
12568
08e14
151d1
08e15
15b52
11648
10f12
154ae
10f13
154af
11649
11558
196e2
12b1a
15b55
11ce4
15b56
11ce5
08e20
196e5
153b9
08eae
10a44
0d463
10a45
08f9c
12655
100d5
08f9e
09af1
0d647
09456
0cfe2
0c397
10592
0bb16
08eb7
0da0e
0cfe6
08eb9
10a48
0cfe8
1067c
0945d
1067d
0945e
114b7
0ffe9
09460
08ebf
09462
1067e
08ec1
1067f
08ec2
10f14
08ec3
1577f
09466
197ca
08ec6
0ca35
114bc
0a378
09729
0abf5
08ec9
0a64a
09cd9
10868
0972c
0cc2d
0d383
0972e
0ffed
08ece
1086b
09cde
08ed0
0da0f
09ce0
09733
15c3a
0fa39
15c3b
08ed5
112c8
09ce5
12ed7
0d46d
08ed8
11fb9
09ce8
15c3e
11fbb
0bdeb
0fa3a
0b56a
0cd0e
0fa3b
0c2ae
0cd0f
08ee0
0f760
10f19
0f1b1
19218
0fa3d
0ca3d
19219
10499
0ca3f
1921a
10a4e
0cd17
10a4f
08ee9
15599
0ca44
120aa
1049c
1921d
120ac
0ca47
0cd18
100d8
08eef
100d9
08ef0
10958
08ef1
151d9
0cd1c
19221
08ef4
1086e
08ef5
15c3f
114c0
0fb26
10ff9
0d470
12659
11736
0d472
08efb
10f21
08efc
154b3
0fa44
08efe
114c1
0fa46
197ce
11652
10f25
197cf
151df
0fb27
1265c
11653
10a55
1559e
11dd3
18f45
11739
08f08
19226
120b0
197d2
120b1
08f0b
197d3
11655
08f0e
1173d
197d5
152c6
197d6
152c7
154b6
08f13
0908b
09fac
08fa1
101c6
12746
10b3c
0908f
12748
08fa5
0a465
10ffc
09ebc
09549
0d0d7
08fa8
0ca49
0d0d9
08faa
10b3d
0d0db
08fac
0fdfa
10ffd
0f84f
198b7
100de
09551
198b8
110e9
0d0e1
0fdfc
11000
0f851
1586f
0fb28
15870
0fb29
198bb
11002
09559
0990d
0d473
09645
0cdfe
09ebf
0da11
09dca
08fbc
0c75f
111dc
0c48c
0981f
1095f
0d476
10a5d
09dcf
08fc1
0d82c
09dd1
08fc3
15d2b
0d82d
09826
10a5e
09827
0d55e
12fc8
10b3f
08fc9
12fca
0d82f
15d2f
11b00
08fcc
08fcd
0cb2b
10962
0c48e
0c39f
0c490
08fd1
10b41
0ce02
101c8
0cb2f
101c9
0cb30
10b42
0fb30
0cb32
113cd
10594
0cb34
08fd9
0cb36
15690
102b5
1930e
10b46
08fdd
1219d
0cb3a
19310
15695
0f854
10a62
0f2a5
152c9
0f578
152ca
0f579
19b8d
10a64
0ce0f
0fb34
11006
10965
0d47a
08fe9
104a1
1274a
110ec
0d564
198bf
1274d
0fb35
155a4
104a3
19b8f
10966
100e9
15d33
11743
0fb39
08ff3
155a6
0fb3b
19316
104a4
100ea
08ff7
121a0
08ff8
14e09
08ff9
15d36
1182c
10b4e
15698
10b4f
15699
1182d
11746
1931a
12752
15d39
11ece
15d3a
11ecf
09004
1931d
155a9
09092
10c2c
0d649
10c2d
09180
12839
102b9
09182
0990f
0d566
09375
0adda
0c57b
10a6d
09912
0909b
0d64b
09914
104a7
0937a
15e1a
0d64c
0937c
0dec8
0d64e
09919
090a2
101cf
090a3
09646
0cc2e
090a5
0a55a
0bcfb
101d0
09649
0cc31
0d389
0964b
111e1
0d650
0964d
101d1
090ac
0f957
090ad
110f2
0cc38
090af
199af
090b1
101d4
153ba
0f959
199b0
101d5
15e1e
10b53
090b5
153be
153bf
09fb1
10b54
09a02
090b9
114c5
0991d
130bb
0d653
090bc
11bf1
09920
15e22
11bf3
0bfd1
0fc22
0b74e
0ceff
090c2
101d8
0cf00
090c4
0f39c
10b55
0ede9
193fc
0fc25
0c677
193fd
10685
0c679
193fe
10c36
0cf08
10c37
090cd
15783
0c67e
1228e
10688
19401
12290
0c681
0cf09
102bc
090d3
102bd
090d4
10599
090d5
14e11
0cf0d
19405
090d8
104ab
090d9
15e23
110f9
0fd0e
111e5
0d656
1283d
1191a
0d658
090df
10b5d
090e0
1569d
0fc2c
090e2
110fa
0fc2e
199b6
11836
10b61
199b7
14e17
0fd0f
12840
11837
10c3d
15788
11fbd
19129
1191d
090ec
1940a
12294
199ba
12295
090ef
199bb
11839
090f2
11921
199bd
14efe
199be
14eff
156a0
090f7
09275
0a190
09185
103aa
1292a
10d22
09279
1292c
09189
09469
0aecb
0918b
0a922
09a06
1059f
0946c
0cf10
0d191
0946e
0dfba
0d193
09470
09192
0fd10
111e8
0d65c
09473
15962
0fd11
15963
0a0a1
09739
0cd21
09198
0c682
10b64
0c0c4
0973c
0cd25
0919c
10d24
0cd27
0919e
0fa4a
111eb
0f48b
19a9f
102c4
09743
19aa0
112d5
0f48c
10f2b
09746
10f2c
09747
111ef
09748
15965
102c8
091a8
09828
0cfee
091aa
0c762
0d197
12c00
10d25
091ad
12c02
0da15
15967
11cea
091b0
091b1
0c763
105a3
0c0c6
0c0c7
0c584
091b5
10d27
0cff3
103ac
0c767
103ad
0c768
10d28
0fd18
0c76a
1100e
10783
0c76c
091bd
0c76e
15874
0fefe
194f2
10d2c
091c1
12381
0c772
194f4
15879
0f490
10c4a
0eedd
14f01
0f764
14f02
0f765
197d9
10c4c
0d000
0fe00
112d7
0d19c
1292f
11a0c
0d19e
091ce
105a5
091cf
1596a
111f3
0fd1d
1578e
1068f
197db
105a7
102cd
1596b
11927
0fd21
091d7
15790
0fd23
194fa
10690
0feff
14fec
0ff00
1587b
102ce
091dd
1596e
11a10
10d34
1587c
10d35
1587d
11a11
1192a
194fe
12936
15971
11b06
15972
11b07
091e8
19501
15793
0a191
10d36
09bf9
0927d
0955b
0aa11
0a194
0d73e
09af8
09281
0ca4b
114cb
0d1a1
09560
103b2
09284
10694
09afd
09286
0db04
09aff
09565
15a54
0fe03
15a55
0a195
0982b
0ce13
0928c
0c774
10c56
0c1b8
0982e
113d2
0d290
09830
113d3
0f57c
10a6f
0ce1a
10a70
0ce1b
09294
112e0
0ce1d
09836
0f57e
10a71
09838
10a72
09839
112e2
0983a
15a57
103ba
0929c
09b02
11dd8
0d292
19b97
11dda
09b05
12cf5
10e2b
19b98
12cf7
0c1b9
103bb
0bc0a
092a5
0c0ca
10696
0d294
0c85a
0fe08
092a9
0f581
092aa
10d3c
0d0ea
092ac
10e2e
0d0ec
092ae
195e3
092b0
12470
0c863
18d5f
1087c
153c2
11103
092b4
153c4
12475
0efce
104b4
0d0f0
104b5
0d0f1
10d3f
0d0f2
195e8
0fe0d
092bb
0d1a4
10d41
0d1a5
092be
11a16
0ff05
1155a
10e34
092c1
12a22
1155d
0f858
14ff8
0f859
195ea
0ff06
092c6
11a17
10d44
092c8
15a5e
10d46
0fe14
15a5f
10d48
092cc
12476
092cd
150eb
092ce
19b9c
12a25
10e38
092d1
150ec
092d2
150ed
113d9
092d4
195f0
12a29
11a1d
092d8
153ca
092d9
153cb
15a65
14ffd
0a923
0d661
09477
105a8
09386
114ce
0fffa
09388
0983d
0a832
0938b
0ff07
12fce
0d834
09841
12fd0
0938f
101dd
1183a
0ff09
160f0
104ba
09927
11105
09928
15e30
1183f
0a833
0ddd8
0a198
09397
0d927
0a19a
09399
0d836
113df
0d576
160f3
0d837
09c01
160f4
0d929
09c03
0939f
0a1a2
1247c
0d38e
160f6
114cf
093a3
13393
114d0
160f8
13395
093a7
104bd
0d38f
12b1c
10f2e
093aa
11658
0cf14
19411
114d3
093ad
093ae
104be
093af
11b09
104bf
093b1
15e33
0fffb
11bfa
0d92f
093b4
15e34
11b0c
114d6
093b7
160fb
10e3e
15b58
11565
093ba
11b0d
11566
093bc
156a5
113e7
093be
19c9b
10e40
1069c
12b22
1069d
15795
114d8
15796
114d9
15797
11c00
093c5
19c9e
15e3a
11569
1229c
16101
1229d
11b10
16102
130cc
15e3d
09567
0a46a
0947d
100eb
12c06
0da18
0956b
12c08
09481
102cf
1192c
0fffd
161e2
105ae
09a19
111f7
09a1a
15976
11931
0a925
0decb
0a28a
09489
0da19
0a28c
0948b
0d933
114de
0d66b
161e5
0d934
09cf3
161e6
0da1b
09cf5
09491
0a294
1256e
0d480
161e8
11015
09495
13485
11016
161ea
13487
10001
0c86b
0d481
12662
10a74
0949c
1174a
0d006
19503
11019
0949f
094a0
106a0
12c0a
1101b
0d1ac
094a3
105b2
094a4
11c05
105b3
094a6
1597a
11c08
1101c
094a9
161ed
10f32
15c4a
11663
094ac
11c09
11664
094ae
1579d
114e6
094b0
197e1
10f34
1078e
12668
1078f
15887
1101e
15888
1101f
15889
11cf2
094b7
197e4
15980
11667
1238e
161f3
1238f
11c0c
161f4
12c12
15983
09659
11106
0956f
101df
12cf8
0db0a
0965d
12cfa
09573
103c1
11a1e
100ef
162d4
106a4
09b0b
112e9
09b0c
15a68
11a23
0a46b
0dfbd
0a37c
0957b
0da25
11024
0d1b1
162d6
0d57b
09de3
162d7
0da26
09de5
162d8
0db0d
09de7
09583
0a386
120b4
0d57e
162da
11109
09587
13577
1110a
162dc
13579
100f3
0c95d
0d57f
12754
10b68
0958e
11842
0d0f8
195f5
1110d
09591
09592
106a8
09593
11cf7
106a9
09595
15a6b
101e1
11dde
0db13
09598
15a6c
11cfa
11110
0959b
162df
10a78
15d3c
11755
0959e
11cfb
11756
095a0
1588f
1102c
095a2
198d3
10a7a
10880
1275a
10881
153cd
11112
153ce
11113
153cf
11de4
095a9
198d6
15a72
11759
12486
162e5
12487
11cfe
162e6
12d04
095b1
0974b
0a64e
09661
102d1
12dea
0dbfc
0974f
12dec
09665
0addb
0e383
0a55e
0992c
101e3
09668
101e4
09669
0dbfd
09ec6
0966b
0dbfe
09ec8
0966d
0e1a4
09eca
09934
0d2a1
10e48
09c06
11118
09c07
15b5a
0ff17
15b5b
11119
09675
09ecc
121a6
0d673
163cc
111fb
09679
13669
111fc
163ce
1366b
0967d
10799
0d674
12846
10c5a
09680
11934
0cc3e
196e7
111ff
09683
09684
1079a
09685
11de9
1079b
09687
15b5f
102d3
11ed0
0dc05
0968a
15b60
11dec
11202
0968d
163d1
10b6c
15e3e
1184d
09690
11ded
1184e
09692
153d5
11120
09694
199c5
10b6e
10972
1284c
10973
154bf
11204
154c0
11205
154c1
11ed6
0969b
199c8
15b66
11851
12578
1193d
15b67
11df0
163d8
12df6
15b69
09843
0a740
09753
103c3
12edc
0d742
09847
12ede
09757
0aecd
0e475
0a650
09a1e
0dfbe
0d1b7
09a20
102d5
0975c
102d6
0975d
0dc0a
09fba
0975f
15f0e
0dc0b
09a26
0d399
10f3c
09cf8
1120a
09cf9
15c4c
1000b
15c4d
1120b
09767
09fbe
1229e
0d1b9
15f12
112ed
0976b
131af
112ee
15f14
131b1
0976f
1088b
0d1ba
12938
10d55
09772
11a26
0cd30
1922d
112f1
09775
09776
1088c
09777
11edb
1088d
09779
15c51
103c5
11fc2
0d74b
0977c
15c52
11fc5
0d74d
0977f
15f17
10c5e
15984
1193f
09782
11edf
11940
09784
154c7
11212
09786
19ab7
10c60
104c4
1293e
104c5
155b1
112f6
155b2
112f7
155b3
11fc8
0978d
19aba
0978f
15f1c
120be
11a2f
15c59
11ee2
15f1e
12ee8
15c5b
09b0e
0afbd
0984a
0aa14
0a0a7
0984c
0e0b1
0a0a9
10978
09b13
10979
09b14
10c62
0d751
09b16
0e659
0d83f
0a0af
0fb42
1102e
0d48c
1175b
0d48d
09857
10a83
09858
1175e
09dee
0d2aa
1329e
0e0b3
0985c
12392
0a0b3
16005
12394
0985f
09860
0c687
10c64
10e4a
09863
11571
0ce21
12a2c
105b7
19ba5
11574
0ce24
0d48e
10c65
0d48f
0986a
11300
0d491
0986c
104c6
12fd2
113f1
0d583
0986f
16008
11b15
0d846
09872
11301
09873
155b7
0ff19
12fd7
10c67
11302
1600a
11a33
103d2
1600b
11fd3
113f3
156a8
11577
19321
11578
15d48
11579
19bab
12fd8
113f7
09880
156ac
09881
156ad
15d4b
11a35
12fda
15d4c
11fd4
16011
0aecf
0d676
09a29
105ba
09938
0ded2
105bb
0993a
09def
0adde
0993d
0dddf
1357a
0db1f
09df3
1357c
09941
101f0
11df2
101f1
163da
0db21
1669c
104cb
09945
11df6
11df7
0addf
0a1a9
0b65e
09949
0db23
11308
0d58a
1669e
0d939
0a1ad
1669f
0dde3
0a1af
166a0
0ded5
0a1b1
09951
0a74e
1393c
0d67a
166a2
0ded8
09955
12a39
0a752
166a4
13941
09959
10a8b
0db25
1130c
0db26
0d58d
120c2
0ff1a
11b1c
104d2
0995f
11b1e
0d591
09961
163e0
0dc12
113fb
0d67c
13671
121b4
0d67e
12852
0d67f
130cf
11946
163e2
121b5
0d682
166a9
120c5
121b7
0dde7
0996d
166ab
11855
0996f
120c7
113fd
10c69
130d1
11856
166ac
09974
130d2
09975
130d3
120c9
09978
121bb
166af
09a2e
0d755
0d1bd
10c6a
09b1c
131b3
10c6b
09b1e
0d3a0
10b7a
09fc5
11215
09fc6
10b7b
09fc7
15f21
0dc17
09a38
0a29a
0b74f
09a3a
0b1a4
0a837
105c0
0a29d
105c1
0a29e
0e292
0da2c
0a2a0
113ff
0dee1
0a2a2
0e83c
0dfc8
0a83f
0dfc9
09a45
13a2f
0a842
12b2a
0da2e
16795
12b2c
0a845
0ce27
11401
09a4c
106ae
131b6
0dfcd
0d1c3
15f25
11a36
19abf
11d01
09a51
12946
09a52
15987
131ba
0d687
10b80
0d688
09a56
10b81
0d68a
1194a
0d68b
15988
1194c
09a5a
15989
121c0
0d75a
09a5d
15f2b
121c2
122aa
1000d
1598a
10b83
106af
131bd
11d03
19ac0
09a65
15f2c
11d04
11a3b
1598d
121c4
15f2e
131be
1598f
09c0b
0ab08
09b21
0e0b5
132a4
0d849
09c0f
132a6
09b25
106b0
09b26
11fd7
0a0b8
10982
09b28
10983
09b29
11fda
11fdb
0aa17
0e569
0a928
09b2d
0d75e
114f0
0d1cc
16882
0db29
0a391
16883
0dfd2
0a393
16884
0e0b9
0a395
09b35
0a932
13b20
0d2b4
16886
0e0bc
09b39
12671
0a936
16888
13b25
106b4
0cf1a
0d760
114f4
0d761
0d1cf
122b0
100fe
11d06
106b8
09b43
11d08
0d1d3
09b45
16018
0d84a
11033
0d2b6
132a9
12398
0d2b8
12a3c
0d2b9
12d07
1157e
1601a
12399
0d2bc
1688d
122b3
1239b
0dfd6
09b51
1688f
11a3f
09b53
122b5
11035
10e4d
12d09
11580
15a7e
11581
09b58
11a41
16891
122b7
09b5c
1239f
16893
09c12
0d93d
0d3a3
10e4e
09d00
13397
10e4f
09d02
0a46d
0e0c2
09ed9
0b934
0d2bd
10d60
0a470
10d61
0a471
09c1c
0e479
0a473
09c1e
11038
0a475
09c20
16975
09c22
107a6
09c23
11b23
0a1b5
104d7
09c25
104d8
09c26
11b26
11b27
0e1ad
09c29
13c13
0a47a
12762
0dc21
16979
12764
0a47d
0d00b
11039
09c30
107a9
09c31
123a1
107aa
09c33
11126
09c34
11dff
107ad
1697c
123a3
107af
09c38
10894
1339a
0e1b1
0d3a9
1610d
1166e
19ca3
11eeb
09c3d
12b30
09c3e
15b6d
1339e
0d855
09c41
16111
123a6
1248e
101f3
15b6e
10d69
10895
133a1
11eed
19ca4
15b70
11587
11eee
16113
11eef
123a8
16114
133a2
15b73
09df5
0acec
09d05
0dced
13488
0da31
09df9
1348a
09d09
0b479
0ea21
0abfc
09fcc
0e1b5
09d0c
0d944
09d0d
0dcef
0a564
09d0f
0e1b6
0a566
09d11
164ba
0e1b7
09fd4
0d3b1
11c1a
0d3b2
164bd
0d946
114f7
0d690
11c1d
0d947
09d19
0a56a
13758
0d498
164be
0dcf4
09d1d
1285b
0a56e
164c0
1375d
1089a
0cc42
0d948
1112e
0d949
0d3b5
12494
102e4
11ef0
1089e
09d27
11ef2
0d3b9
09d29
161fe
0da32
11219
0d49a
1348d
1257c
0d49c
12674
0d49d
12eeb
11762
16200
1257d
0d4a0
164c5
12497
1257f
0dcf9
09d35
164c7
11677
09d37
12499
1121b
10a91
12eed
11678
164c8
09d3c
12eee
09d3d
12eef
1249b
09d40
12583
164cb
09dfc
0afbf
0a653
0dcfa
0a0bf
0dcfb
09dff
0da36
09e00
0dde8
0a657
09e02
0dde9
0a659
09e04
0e389
0a65b
0a397
106bd
09e07
106be
09e08
1098a
09e09
11d0f
0a39b
162ec
09e0c
1294a
0a65d
162ee
0d858
1384c
0e65f
09e10
1384e
1294f
0cd35
09e13
0d4a5
10f4a
0d4a6
09e16
10f4b
0d4a8
11766
0d4a9
15d4e
11768
09e1a
15d4f
12588
0d597
10a92
09e1d
120cb
0ddf1
09e1f
11b28
09e20
12767
0d59c
12fde
0d59d
09e23
162f3
10f4c
0db2f
09e26
165b8
13584
11313
16023
11314
10994
09e2b
12769
09e2c
162f6
11fe7
1276a
165bb
1276b
13586
15d56
1258c
162f9
0b47b
0dc22
09fd7
0e47d
09ee6
11132
0dc24
09ee8
0a39d
0e38a
09eeb
0e0ca
13b26
10a95
0a3a1
13b28
09eef
0e0cc
123aa
0d85b
16986
0e0cd
16c48
10a97
09ef3
123ae
123af
09ef6
0b65f
0f1b4
0b38c
0a757
0e0cf
09ef9
0e38f
0acf4
09efb
0e0d0
09efc
0e480
0acf7
09efe
0ea22
0acf9
0acfa
13ee8
0dc26
16c4e
0e484
09f03
12fe5
0acfe
16c50
13eed
0e0d1
1267a
1267b
10a9b
0d5a1
11e04
0d5a2
10b88
09f0b
120d5
0d5a4
13c1d
0e393
0e0d3
16c52
11e06
0db3c
1698b
10aa0
0db3e
16c54
0e487
0dc29
1698d
11ef6
15b74
121c7
09f17
12e00
09f18
163f0
13c21
0e0d4
09f1b
16991
13c23
11ef9
15b75
120d8
09f1f
11efa
163f3
11efb
09f22
163f4
12774
13c25
09fdb
0dd01
0afc2
0d769
11225
0d692
09fdf
0e570
13761
0d94c
11135
0d3bc
1249d
0dc2f
1249e
0dc30
16d3b
11137
0a575
0ade1
0b47d
0a848
0bcfe
09fea
0dc31
11138
0d5a6
0a84b
16d3c
0dc32
16d3d
0dfd7
0a84e
16d3e
0e573
0a850
09ff2
130d4
0aded
164d0
0dfd9
13fdc
0e841
09ff6
13fde
130d9
0dc33
1113a
0e48f
0d5aa
09ffb
0e578
13762
105cd
167a2
11efd
09ffe
1285f
0dd05
0a000
13765
11315
131c0
11fe9
15f33
122ba
16d44
13766
12863
0a006
12779
10b91
0a008
121ce
10b93
16d47
1277b
10b95
0a00c
164d6
1277d
12865
11316
131c3
11f00
16d4a
0a012
131c4
0a013
131c5
1277f
0a016
164db
1376b
0a0ce
0ddf3
0d1d7
10d6c
0a1bc
13851
0ddf5
0a1be
0d4b5
10f4e
0a663
10f4f
0a664
1122a
0a665
165bf
0dd09
0a0d8
0a938
0bdef
0a0da
0b844
0aed5
0e57d
0a93b
0e663
0d699
0a93d
10c7f
0a93e
0e931
0e0d6
0a940
0eede
0e666
0aedd
0e667
0a0e5
140cd
0aee0
12c1c
0e0d8
16e33
12c1e
0aee3
0d1d9
11fee
0d1da
10d6e
0a0ec
122bf
0d1dc
13855
0dd0c
12868
12869
10c82
0d77b
0a0f2
11230
0d77d
16025
11ff1
0a0f5
16026
1286e
0d862
13856
12953
0d864
12fe8
0d865
132b3
11b30
165c6
12954
0d868
16e3a
1286f
12956
0e66d
0a101
12feb
0a102
132b6
0a103
132b7
1602b
11ff3
0a107
16e3e
0a109
165cd
0b1a5
0d94e
0a2ad
0e753
0a1c2
1140a
0d950
0a1c4
0a484
0aa1a
0e66e
0a486
0bee2
0d1dd
10d70
0aa1d
0a1ca
0e671
0aa1f
1131c
0aa20
0a1cd
0ea25
0aa22
0a1cf
16f21
0db3f
1131d
0d5ac
120db
0d86b
120dc
0d86c
16f23
1131f
0a764
0d951
166b5
12d0d
0a1d8
0ea26
0aa27
141c1
0e75b
0a1db
0a1dc
0e672
0a1dd
16f27
11321
0d86e
123b6
0d953
1140b
0d2cf
16116
10e61
0a1e3
1295d
10d77
0a1e5
123b8
10d79
16f29
1295f
10d7b
0a1e9
12a44
0e75e
0a1eb
124a2
0a1ec
130db
0d958
133a6
0d959
0a1ef
166bb
11323
0deee
0a1f2
16f2d
124a5
1611b
1611c
11b39
124a6
166bf
124a7
12962
166c0
1394e
1611f
0a3a3
0b298
0a2b3
0dfdc
13a34
10f51
0a3a7
13a36
0a2b7
0ba27
0ab0c
0e760
0a578
0deef
0a2ba
0e29b
0ab0f
0a2bc
0def0
0a2bd
0e29c
0ab12
0a2bf
0e842
0ab14
0a580
0d69d
10b96
0a852
10b97
0a853
11410
0a854
167a5
0def3
0a2c7
0ab16
13d04
0da44
16a6a
0e2a0
0a2cb
12e07
0ab1a
16a6c
13d09
0def4
12a4c
12a4d
10e67
0d3bf
11c26
0d3c0
10f52
0a2d3
124a9
0d3c2
13a39
0e766
0def6
16a6e
11c28
0d964
167a9
10e6c
0d966
16a70
0e2a3
0da47
167ab
11d12
15990
12595
0a2df
12c22
0a2e0
1620c
13a3d
0def7
0a2e3
167af
13a3f
11d15
15991
124ac
0a2e7
11d16
1620f
11d17
0a2ea
16210
12b3c
13a41
0a3a9
0a669
0bb19
0a3ab
0b56e
0ac00
0e2a7
0a66c
0e394
0d3c5
0a66e
10f55
0a66f
0ec08
0de03
0a671
0f1b5
0e397
0d1e3
10c88
0a944
10c89
0a945
11502
0a946
16897
0dfe5
0a3b9
0ac08
13df6
0db42
16b5c
0e399
0a3bd
12ef9
0ac0c
16b5e
13dfb
0dfe6
12b3e
12b3f
10f59
0d4b7
11d18
0d4b8
10aa4
0a3c5
1259b
0d4ba
13b2b
0e2ac
0dfe8
16b60
11d1a
0da56
1689b
10f5e
0da58
16b62
0e39c
0db45
1689d
11e0a
15a82
120e1
0a3d1
12d14
0a3d2
162fe
13b2f
0dfe9
0a3d5
168a1
13b31
11e0d
15a83
1259e
0a3d9
11e0e
16301
11e0f
0a3dc
168a4
13b33
12b47
0a48f
0a582
0ea28
0db4b
11140
0d2d8
0a493
0ea2a
141c7
0a496
0e675
0d1e5
0e937
0a94c
140d3
0e677
0a94e
0d1e7
10d7c
0aa2b
11050
0aa2c
16f32
0de07
16f33
11051
0a4a0
0ad00
0c1bd
0a4a2
0bc0e
0b29d
0e67b
0ad03
0e67c
0ad04
0ea2b
0da5d
0ad06
0f2a8
0e492
0ad08
0f85a
0ea2e
0b2a5
0ea2f
0a4ad
14495
0b2a8
13590
0e494
171fb
13592
0b2ab
0d1ec
0e93d
0d1ed
0a4b4
11056
0d1ef
0a4b6
0e76a
141c8
11143
0d3c9
133aa
0d3ca
13c27
0da60
0a4bb
11057
0a4bc
1268f
0e0e6
0a4be
12690
11059
171ff
12c2c
1105b
0a4c2
12d1a
0ea34
0a4c4
133ac
0e1d8
13c29
0e1d9
0a4c7
16f3c
12d1e
0ea35
0a4ca
16f3e
12693
133ae
17205
133af
0a4cf
17206
0a4d1
16f41
0b56f
0dd14
0a675
0e2ae
0a58a
11233
0dd16
0a58c
0ab1c
0e76d
0a58e
0e76e
0a58f
12a58
0d968
12a59
0e1dc
172e7
0a593
0adf3
0c2af
0a595
0bd00
0b390
0e770
0adf6
0e771
0adf7
0eb1d
0db53
0adf9
0edee
0e584
0adfb
0f3a0
0eb20
0dd17
16a7b
13681
0a5a0
0edf0
0b39b
14589
0eb23
0a5a3
0a5a4
0e772
0a5a5
12d23
0e773
0a5a7
16a7d
0dd19
12e0a
0dc40
0a5aa
12872
0a5ab
1349d
0a5ac
172f0
10b98
16d4e
124b5
0a5af
12e0c
0eb26
0a5b1
1349e
0dd1e
1376f
0dd1f
0a5b4
16a80
0e775
0e1e3
164e2
124b7
0a5b8
164e3
12d29
0e2b2
0a5bb
172f5
164e4
124b9
12876
125a5
164e5
12d2a
16a86
13d16
164e7
0a765
0b662
0a67b
0de09
13dfc
0d784
0a769
13dfe
0a67f
0dfea
12b48
0dd21
173d8
0e2b5
0ac11
11509
0ac12
16b6c
12b4d
0b571
0aee5
0c3a2
0a687
0dc43
11238
0d3d3
173da
0dc44
0aee9
173db
0e681
0aeeb
173dc
0ec11
0aeed
0a68f
0b48a
14678
0de0c
173de
0ec14
0a693
131c9
0b48e
173e0
1467d
0dd25
12e14
1123b
0dd26
173e1
12e17
0d785
11328
0d4c0
13e01
120e6
16304
1296b
165d0
10c8a
16e40
125a7
0a6a0
173e2
0eb2e
1123e
0a6a3
1287b
0dd2b
0a6a5
16b71
0e3a3
0a6a7
13e03
120e8
165d4
1296d
173e5
13e04
12f01
0a6ac
16b75
13e07
1296e
120eb
165d6
125aa
1287d
0a6b2
165d8
12f04
13e09
0a76b
0a858
0ecfe
0d877
11418
0d5b0
0a76f
0ed00
13ef1
0b663
0f1b7
0afc6
0a773
0d789
1132a
0d4c2
174ca
0d78a
0aa35
174cb
0e776
0aa37
174cc
0ed03
0aa39
0a77b
0ad0b
0e3a7
0a77d
0e3a8
0a77e
12696
0db58
12697
0de18
174cf
0a782
132b8
0afd1
16c62
0e778
1476c
0efd7
0a786
1476e
132bd
0d78c
1132e
0d78d
0d4c8
12f08
0e3ac
0d5b1
0ed08
0a78d
12fef
0df00
13950
121d9
163f7
0ec1f
0d87b
120ec
0d87c
166c3
0e3ad
0de1d
166c4
120ef
0a796
166c5
12f0d
0df01
13ef4
12ff1
0df03
13952
121db
16c67
12ff2
0df06
174d8
13ef8
12ff5
120f0
174da
0a7a2
13954
0a7a3
13955
12f0f
0a7a6
12ff7
174dd
0dfec
0a950
0d6a1
0e845
0a952
13fe1
0e589
0a954
0b0b7
0ed0c
0ab23
0c586
0d5b3
0ed0d
0b0ba
1141d
0b0bb
0a868
0ed0f
0b0bd
0a86a
0f0c7
0b0bf
0a86c
17013
0a86e
0e1e7
1278c
0df09
17014
0e49f
0ae00
11151
0ae01
16d52
12791
0e84b
0a875
142b1
0b0c4
133b2
0e2bf
17017
133b4
0b0c7
0d1f0
131cc
0d1f1
13a43
0d5b8
0ed10
0d5b9
0a87e
11422
0d5bb
0a880
0e58a
13fe4
1150d
0d882
0a883
11423
0a884
12a63
0df0e
0a886
12a64
11425
1701b
12ffe
11427
0a88a
130e2
0e850
0a88c
131ce
0dff6
13a45
0dff7
0a88f
16d5a
130e6
0e851
0a892
16d5c
12a67
131d0
17021
131d1
0a897
17022
167bd
130e9
0b1a9
0e852
0ac15
0c0cc
0d6a5
0e853
0b1ac
1150f
0b1ad
0a95a
0e855
0b1af
0a95c
0f1b9
0b1b1
0a95e
17105
0a960
0dd2d
1287e
0dffb
17106
0e591
0aef2
11243
0aef3
16e44
12883
0e944
0a967
143a3
0b1b6
134a4
0e3b1
17109
134a6
0b1b9
0d1f2
0e947
0a96d
12c31
0e0f0
13b34
123c3
1602f
0d972
11512
0d973
0d6ac
130ec
0e594
0d974
0a975
11515
0a976
12b55
0e000
0a978
12b56
11517
1710d
130f0
11519
0a97c
12c32
0e949
0a97e
132c0
0e0f4
13b37
0e0f5
0a981
16e4c
12c36
0e94a
0a984
16e4e
12b59
132c2
17113
132c3
140de
168ae
130f2
16e51
0bfd7
0e77a
0ab2f
0e77b
0aa3e
0e0f8
0e77c
0aa40
0aef5
0bee6
0aa43
0e005
1467e
0d792
0aef9
14680
0aa47
0e68b
0aa48
12f11
0afd8
0e3b2
0aa4a
0e3b3
0aa4b
12f14
12f15
0aa4e
0c1bf
0b84b
0eee9
0b2af
0e007
0aa51
0d797
0aa52
0eeeb
0b84f
0aa54
0efdc
0b851
0aa56
0f586
0b853
0b854
14a40
0e77e
177a6
0efe0
0aa5b
13b3d
0b858
177a8
14a45
0e00a
131d2
0e00b
0d79a
177a9
0e691
17208
12977
0d1ff
174e3
0e694
0d201
177ab
0e0fa
132c4
0d886
0aa68
174e5
12a68
166cc
12d2d
16f46
131d8
11061
17209
0eeef
0ed17
0aa6f
14777
12a6a
16f48
12d2f
177ad
14778
132c9
0aa74
174e9
1477b
12c3e
16f4a
12a6c
0aa79
141d7
0aa7a
16f4c
132cc
1477d
0ab33
0ac20
0f0ca
0d977
0f0cb
0d3d9
0ab37
0f0cc
142b9
0d887
17892
0e788
0ab3b
0df13
13004
0df14
17025
0ed1b
0b0cd
0b93b
0bfd9
0b3a0
0c86d
0ab42
0d88a
0efe7
0d2ed
17894
0e0fe
0b3a4
17895
0eb2f
0b3a6
17896
0f0cf
0b3a8
0ab4a
13c2c
0b947
17028
0eb31
14b34
0f3a5
0ab4e
14b36
13c31
0d88c
0efea
0d88d
0d2f0
132d0
0e1eb
12d32
0e78e
0ab55
12d34
0d2f4
0ab57
1702a
0d979
0f0d4
0d3db
142bb
132d3
0e2c6
13d18
12b5b
167bf
0efeb
0e1ee
16a8d
0e85d
0ab60
142bd
12b5c
16a8e
12e21
1789f
142be
133bb
0ab65
132d5
142c0
133bd
12a72
178a2
0ab6a
13d1c
0ab6b
13d1d
132d7
0ab6e
133bf
178a5
0ac26
0e94b
0d4cc
0e94c
0ad14
143a9
0e94d
0ad16
0d3dc
130f4
0d3dd
17985
0d97c
1151a
0d6af
130f7
0d97d
0ac30
0b490
0c95e
0bb20
0f679
0ba2f
0e2cf
0b493
0e2d0
0b494
0f1bf
0e1f1
0b496
0f495
0ec2e
0b498
0fa52
0f1c2
0ba37
0f1c3
0ac3d
14c25
0ba3a
13774
0ec30
1798b
13776
0ba3d
0d3e0
0e864
0d3e1
0ac44
0e865
0d3e3
12b60
0d3e4
16b7c
12b62
0ac48
16b7d
133c4
0d4ce
0e94e
0ac4b
134a9
0e866
0db59
13b40
0db5a
13e0b
0dd34
16b7f
0f0dd
0e2d8
0ac52
134aa
0f1c8
0ac54
13b42
0e3be
13e0d
0e3bf
0ac57
17120
134ae
0f1c9
0ac5a
13e0e
0ac5b
13e0f
0ac5d
17123
0ac5f
17996
0ac61
17125
0bd01
0e4a6
0ae05
0e4a7
0ad1a
0de24
0e4a8
0ad1c
0afdc
0b574
0f1ca
0afde
0ca51
0d4d0
0e951
0b577
0e952
0b578
0ad23
0f1cd
0b57a
0ad25
0f589
0b57c
0ad27
17a79
0da6f
11062
0d203
12c41
0d4d2
12c42
0d4d3
17a7b
0e955
0b2bc
0e4a9
1720d
13865
0ad30
0f58a
0b581
14d19
0f2b7
0ad33
0ad34
0e3c5
0ad35
134b3
0e3c6
0ad37
11338
0ad38
12f1d
0e3c9
17a80
134b5
0e3cb
0ad3c
0e4ab
1449e
0de27
0da75
0ad3f
13008
0ad40
13c33
0ad41
17a82
126a9
0ad43
134b9
0f2b9
0e4ae
17212
1300a
0ad47
13c35
0ad48
16c73
144a3
0ea46
0ad4b
17a85
0ad4d
17216
1300c
12797
16c75
134ba
17218
144a6
16c77
0aefb
0bdf4
0ae0b
0df15
1458c
0dc4e
0aeff
1458e
0ae0f
0c587
0b666
0f2bc
0b0d0
0de29
0ae12
0db60
0ae13
0edf7
0b66a
0ae15
0edf8
0b66c
0ae17
0f3a6
0b66e
0b0d8
0d2f6
0ea49
0b3aa
11155
0b3ab
0ea4a
0b3ac
172fd
0db63
0ae1f
0b670
1485c
0e59c
175c2
0edfc
0ae23
1395f
0b674
175c4
14861
0de2c
135a4
0de2d
0db66
175c5
0e4b9
17034
12799
0d5cb
17301
0e4bc
0d5cd
175c7
0df18
1368c
0dc50
0ae30
130fa
0ae31
13779
0ae32
17303
135aa
1142b
17035
0f2c2
0eb37
0ae37
14593
12886
16d64
130fd
175c9
14594
13691
0ae3c
17307
14597
13012
16d66
12888
16d67
12889
0ae42
16d68
13694
14599
0af01
0b1c1
0c688
0af03
0c0ce
0b75a
0e5a5
0b1c4
0e5a6
0b1c5
0eef0
0df1d
0b1c7
0f76c
0e95b
0b1c9
0fd29
0eef3
0d3e8
0eb3b
0b49c
11247
0b49d
0eb3c
0b49e
173ef
0dc55
0af11
0b762
1494e
0e69a
176b4
0eef5
0af15
13a51
0b766
176b6
14953
0e00f
131dc
0d79f
0af1a
0e5a9
0af1b
13697
0e5aa
0af1d
1151c
0af1e
13101
0e5ad
176b8
13699
0e5af
0af22
12c46
0af23
1386b
0af24
173f5
1369c
1151d
17127
0ee08
0ec32
0af29
14685
1297e
16e56
12c49
176bb
14686
131e1
0af2e
173f9
14689
13104
0af31
12980
16e59
12981
0af34
131e5
176c0
1369f
0afe7
0b0da
0f58c
0de2f
0f58d
0d893
0afeb
0f58e
14d1f
0afee
0f1d1
0d7a0
0f1d2
0b4a4
14c2b
0f1d3
0b4a6
0d4dc
0e95e
0b585
0e95f
0b586
0f1d5
0b587
17a8b
0dd41
0aff8
0b85a
0cd37
0c49a
0fa54
0bdf9
0ec39
0b85d
0ec3a
0b85e
0f58f
0e5b5
0b860
0fe1c
0efee
0b862
103d8
0f592
0be01
0f593
0b005
14fff
0be04
140e8
0eff0
17d53
140ea
0be07
0d206
12f22
0d207
174f0
0dd44
0f4a1
0dd45
0d7a9
13780
0ec3e
0b010
131e9
0d7ac
0b012
17a90
0de31
0f596
0d895
14d21
13783
0ed2c
1477e
13015
16c79
0f4a2
0ec42
0b01a
13872
0f598
0b01c
13f04
0ed30
14781
0ed31
0b01f
17a94
13876
0f599
0b022
17a96
131eb
13f06
17d5d
13f07
0b027
17d5e
0b029
17a99
0c0cf
0e86c
0b1cd
0e86d
0b0e2
0e796
0e86e
0b0e4
0b676
0e4bf
0b0e6
0e4c0
0b0e7
0ed33
0b0e8
135b1
0b67a
175d2
0b0eb
0c86e
103d9
0c58c
0b94e
0e6a9
0b0ee
0de37
0b0ef
0f59c
0beee
0b0f1
0f682
0bef0
0b0f3
0fc38
0bef2
0b956
0e86f
175d3
141d9
0b0f8
0f964
0bef7
150f3
0f687
0b0fb
0b0fc
0ed37
0b0fd
132df
0d89b
0f2ce
0d89c
0b100
0f2cf
0d89e
17037
1301d
0b103
17038
1387e
0d986
0ee0c
0b106
13963
0f2d0
0e013
13ff4
0e014
142c5
0e6ae
0b10b
13964
0f68a
0b10d
13ff6
0e876
142c7
0e877
0b110
175da
0f2d1
0ee0e
0b113
17e4d
1703c
1301f
133ce
175dd
133cf
13882
175de
1486e
1703f
0b2bd
0c1c2
0b1d3
0e2db
14954
0e016
0b2c1
14956
0b1d7
0df27
136a0
0dc5b
176c2
0df28
17f30
0e87a
0b1db
136a4
136a5
0c0d1
0fc39
0bfdc
0b1df
0df2a
0f68d
0d98b
17f32
0e79c
0ba43
17f33
0f1dd
0ba45
17f34
0f775
0ba47
0b1e7
0bfe6
151e2
0e964
17f36
0f778
0b1eb
13d21
0bfea
17f38
151e7
0e2dd
17998
1310d
0b1f0
0e87e
0b1f1
1396d
0e87f
0b1f3
133d2
0e881
17f3a
1396f
0e883
0b1f7
0e965
14958
0e2e0
0df2f
0b1fa
134c2
0b1fb
140ed
0b1fc
17f3c
0f692
0eeff
0b1ff
1495b
12c4e
1712c
134c5
17f3d
1495c
13a59
0b204
176cd
1495f
134c6
176ce
134c7
13110
17f41
0b20a
17130
13a5c
14961
0b2c3
0b3b0
0f862
0e107
0f863
0db6b
0b2c7
0f864
14a49
0c1c3
0fd2b
0bb22
0b2cb
0e019
0f77f
0da7d
18022
0e2e2
0b58f
18023
0f2d2
0b591
18024
0f867
0b593
0b2d3
0b865
0e6af
0b2d5
0e6b0
0b2d6
0e96f
0b2d7
131ef
0b869
177b8
0b2da
13e10
0bb2d
177ba
0f2d4
152d6
0fb4b
0b2de
152d8
13e15
0da80
134c8
0e3d2
17a9b
0e2e4
13a5e
0e2e5
0e020
1802b
12c54
0da85
177bb
0e976
0da87
1802d
0e3d3
13b46
0e10a
0b2eb
177bd
12d3e
16f4e
135b5
1721d
13a64
0ef09
0ea59
14a4c
13b49
0ea5b
144aa
12d41
177bf
13b4a
0ea5e
18030
14a50
13b4d
12c56
18032
0b2fa
144ac
0b2fb
144ad
13a67
0b2fe
13b4f
18035
0b3b6
0f0e3
0dc5c
0f0e4
0b4aa
14b39
0f0e5
0b4ac
0bc13
0f870
0b67d
0d100
0db6e
0eff7
0bc16
0eff8
0bc17
0b3c0
0f873
0bc19
0b3c2
0fc3b
0bc1b
0b3c4
17b6b
0b3c6
0e10d
132e4
0d8a3
178a8
0e10e
17b6c
0ea62
0b3ca
132e8
132e9
0f3af
0b3cd
14e1b
0bc20
13f0a
0ee1b
17b6f
13f0c
0bc23
0d5d0
12d44
0d5d1
1730c
0e110
0f874
0e111
0db75
13b52
0ea66
0b3d8
135bd
0db78
0b3da
178ae
0e1fb
0f3b2
0dc5f
14b3d
12e30
16a94
136a7
1730f
13b55
0f875
0ea6a
0b3e2
13c3a
0f3b4
0b3e4
13d26
0eb4e
1459d
0eb4f
0b3e7
178b2
13c3e
0f3b5
0b3ea
12d49
17b78
13d28
136ab
178b5
0b3ef
17b7a
0b3f1
178b7
0bd05
0c3a7
0f967
0bd07
0b4b0
0e1fd
0f3b7
0dc61
17c5a
0e4c8
0b774
17c5b
0ef0a
0b776
17c5c
0f4a6
0b778
0b4b8
0e1ff
133d6
0d995
1799a
0e200
17c5e
0eb54
0b4bc
133da
133db
0f4a8
0b4bf
14f0d
0bd12
13ffc
0ef0d
17c61
13ffe
0bd15
0d6c2
12e36
0d6c3
173fe
0dd4a
0f4ab
0d7b1
14c2f
0e4ca
13c42
0e4cb
0e204
17c63
12e38
0dc69
1799f
0eb5a
0dc6b
17c65
12f28
16b86
131f3
17401
13c47
0f3bb
0eb5c
0b4d4
1378a
0f4ad
0b4d6
13e18
0ec4c
1468f
0ec4d
0b4d9
179a4
1378e
0f4ae
0b4dc
179a6
136b1
13e1a
17c6b
13e1b
14c36
17406
13c4a
179a9
0cb46
0f2d6
0b689
0f2d7
0b598
0ec50
0f2d8
0b59a
0ba4f
0ca55
0b59d
0eb5d
151e8
0e2ea
0ba53
151ea
0b5a1
0e2eb
13a68
0e023
18036
0e2ec
182f8
0f1e8
0b5a5
13a6c
13a6d
0dd50
0f78b
0c3aa
0f78c
0c3ab
0b5aa
0fa5f
0c3ad
0b5ac
103db
0c3af
0b5ae
182fd
0b5b0
14692
0c3b3
1803a
0f5a3
155be
103dd
0b5b4
155c0
14697
0dd52
13792
0ec52
17d61
0eb62
13d2a
0eb63
0e2f2
18301
134d0
0dd57
1803b
0f1f0
0dd59
18303
0ec53
13e1c
0e3de
0b5c1
1803d
135c0
17224
13885
17a9f
13d30
0f790
0f2dd
152e0
13e1f
0f2df
14d2c
135c3
1803f
13e20
0f2e2
18306
152e4
13e23
134d2
13797
0b5d0
14d2e
144b3
18309
13d33
0b5d4
13e25
1830b
0b68e
0f3bd
0df30
0f3be
0b77c
14e21
0f3bf
0b77e
0db7a
0f000
0bc25
0f001
0bc26
0f87e
0bc27
17b7d
0e3e1
0b698
0befa
0ec55
0b69a
0e3e3
0b69b
0fb5b
0c49e
0b69d
0fc42
0c4a0
0b69f
101f6
0c4a2
0bf02
0ee1f
17b7f
14785
0b6a4
0ff22
0c4a7
156b1
0fc47
0b6a7
0b6a8
0f2e7
0b6a9
1388b
0de47
0f882
0de48
0b6ac
0f883
0de4a
175e3
135c9
0b6af
175e4
13e2a
0df32
0f3c0
0b6b2
13f0f
0f884
0e5bf
145a0
0e5c0
14871
0ec5a
0b6b7
13f10
0fc4a
0b6b9
145a2
0ee26
14873
0ee27
0b6bc
17b86
0f885
0f3c2
0b6bf
183f9
175e8
135cb
1397a
17b89
1397b
13e2e
17b8a
14e2c
175eb
0b86b
0c77f
0b781
0e887
14f12
0e5c2
0b86f
14f14
0b785
0e4d3
13c4c
0e207
17c6e
0e4d4
184dc
0ee2a
0b789
13c50
13c51
0df36
0f3c6
0c58e
0f3c7
0c58f
0b78e
0fc4e
0c591
0b790
10013
0c593
0b792
184e1
0b794
142ca
0c597
17c72
0f793
157a2
10015
0b798
157a4
142cf
0df38
1397c
0e88a
17f45
0ed4a
13f18
0ed4b
0e4da
184e5
136ba
0df3d
17c73
0ee32
0df3f
184e7
0e88b
14000
0e5c4
0b7a5
17c75
131f8
17408
13a6f
176d7
13f1e
0f3cb
0ef17
14f18
14003
0ef19
14964
131fb
17c77
14004
0ef1c
184ea
14f1c
14007
131fc
0b7b3
14967
0b7b4
136bd
184ed
13f21
0b7b8
14009
184ef
0b872
0f5a5
0e116
0f5a6
0b960
15005
0f5a7
0b962
0c0d3
0ef1d
0bb39
0ef1e
0bb3a
0fe25
0e88f
0bb3c
10105
0f887
0bb3e
106c3
0fe28
0c0db
0dd5a
0f4b7
0d7b5
13799
0e02a
1379a
0e02b
185d3
0f4b9
0be16
0f005
17d65
143bd
0b888
10107
0c0df
15895
0fe2b
0b88b
0b88c
0ef21
0b88d
13a75
0e02d
0f4ba
0e02e
0b890
0f4bb
0e030
177c7
13201
0b893
177c8
1400e
0e118
0f5a8
0b896
140f3
0f4bc
0e7a3
1478a
0e7a4
14a55
0e892
0b89b
14011
0fe2d
0f00a
17d6a
13b62
0b89f
1478d
0b8a0
177cb
1500d
0f5aa
0b8a3
185dd
0b8a5
17d6e
13b64
132ef
177cd
14012
17d70
15010
177cf
0ba55
0c963
0b965
0ea6d
150f6
0e7a6
0ba59
150f8
0b969
0e6b7
0fe30
0e11b
18114
0e982
0bc2d
18115
0f3cc
0bc2f
18116
0f96d
0bc31
0b971
0bf03
0ed4d
0b973
0ed4e
0b974
0f011
0b975
13893
0bf07
17e56
0b978
144b4
0c1cf
17e58
0f3ce
153da
101fa
0b97c
153dc
144b9
0e11e
13b66
0ea70
17b8d
0e984
140fc
0e985
0e6be
1811d
132f2
0e123
17e59
0f018
0e125
1811f
0ea71
141e4
0e7a8
0b989
13c52
0b98a
142d1
0b98b
17e5b
14102
0f5b3
0f0fb
150fc
141e7
0f0fd
14b48
133df
17e5d
141e8
0f100
18122
15100
141eb
132f4
13b6b
0b998
14b4a
142d5
18125
14105
0b99c
141ed
18127
0e20c
0f69d
0c2b8
0f69e
0c2b9
0ba5e
0f978
0c2bb
0ba60
102ea
0c2bd
0ba62
18209
0ba64
0e7ab
13982
0df41
17f46
0e7ac
1820a
0f104
0ba68
13986
13987
0fa67
0ba6b
154cb
0c2c2
145a8
0f4c1
1820d
145aa
0c2c5
0dc6e
133e2
0dc6f
179aa
0e2f6
0fa6a
0dd5d
151ed
0ea76
141ee
0ea77
0e7b0
1820f
133e4
0e215
17f4b
0f10a
0e217
18211
134d4
17132
1379f
179ad
141f3
0f97a
0f10c
0ba80
13d36
0fa6c
0ba82
143c4
0f1fc
14c3b
0f1fd
0ba85
17f50
13d3a
0fa6d
0ba88
17f52
13c5d
143c6
18217
143c7
151f4
179b2
141f6
17f55
0d101
0f88a
0bc35
0f88b
0bb44
0f200
0f88c
0bb46
0bffb
0d010
0bb49
0f10d
157a6
0e896
0bfff
157a8
0bb4d
0e897
14014
0e5cf
185e2
0e898
188a4
0f79c
0bb51
14018
14019
0e2fc
0fd4a
0c965
0fd4b
0c966
0bb56
1001c
0c968
0bb58
1099b
0c96a
0bb5a
188a9
0bb5c
1176c
0c96e
185e6
0fb62
14c40
1099d
0bb60
14c42
11771
0e2fe
13d3e
0f202
1830d
0f112
142d6
0f113
0e89e
188ad
13a7c
0e303
185e7
0f7a4
0e305
188af
0f203
143c8
0e98a
0bb6d
185e9
13b6c
177d0
13e31
1804b
142dc
0fd4f
0f891
1589e
143cb
0f893
152ea
13b6f
185eb
143cc
0f896
188b2
158a2
143cf
13a7e
188b4
0bb7c
152ec
0bb7d
152ed
142df
0bb80
143d1
188b7
0bc3a
0f97c
0e4dc
0f97d
0bd28
153df
0f97e
0bd2a
0e126
0f5b4
0c1d5
0f5b5
0c1d6
0fe3d
0c1d7
18129
0e98d
0bc44
0c4aa
0f205
0bc46
0e98f
0bc47
10118
0ca59
0bc49
101ff
0ca5b
0bc4b
107b6
0ca5d
0c4b2
0f3d3
1812b
1185f
0bc50
104e2
0ca62
14d33
10204
0bc53
0bc54
0f89b
0bc55
13e37
0e3f3
0fe41
0e3f4
0bc58
0fe42
0e3f6
17b8f
13b75
0bc5b
17b90
143d6
0e4de
0f97f
0bc5e
144bb
0fe43
0eb6b
14b4c
0eb6c
14e2f
0f20a
0bc63
144bc
10207
0bc65
14b4e
0f3da
14e31
0f3db
0bc68
18132
0fe44
0f981
0bc6b
189a5
17b94
13b77
13f26
18135
13f27
143da
18136
153ea
17b97
0be17
0cd3a
0bd2d
0ee37
154d0
0eb6e
0be1b
154d2
0bd31
0ea7f
141f8
0e7b3
1821a
0ea80
18a88
0f3de
0bd35
141fc
141fd
0e4e2
0f985
0cb49
0f986
0cb4a
0bd3a
1020b
0cb4c
0bd3c
105d3
0cb4e
0bd3e
18a8d
0bd40
11950
0cb52
1821e
0fd52
14878
105d5
0bd44
1487a
11955
0e4e4
13f28
0ee3a
184f1
0f2fa
144c4
0f2fb
0ea86
18a91
13c66
0e4e9
1821f
0f3e6
0e4eb
18a93
0ee3b
145ac
0eb70
0bd51
18221
137a4
179b4
1401b
17c83
144ca
0f98a
0f4cb
154d6
145af
0f4cd
14f22
137a7
18223
145b0
0f4d0
18a96
154da
145b3
137a8
0bd5f
14f25
0bd60
13c69
18a99
144cd
0bd64
145b5
18a9b
0be1e
0fb64
0e6c2
0fb65
0bf0c
155c3
0fb66
0bf0e
0c68e
0f4d1
0c0e9
0f4d2
0c0ea
103e2
0ee3f
0c0ec
106c5
0fe46
0c0ee
10c8e
103e5
0c696
0e306
0fa76
0dd61
13d45
0e5d6
13d46
0e5d7
18b7f
0fa78
0c3c6
0f5b9
18311
11a43
0be34
106c7
0c69a
1496b
103e8
0be37
0be38
0f4d5
0be39
14021
0e5d9
0fa79
0e5da
0be3c
0fa7a
0e5dc
17d73
137ad
0be3f
17d74
145ba
0e6c4
0fb67
0be42
1469f
0fa7b
0ed4f
14d36
0ed50
15013
0ee42
0be47
145bd
103ea
0f5be
18316
1410e
0be4b
14d39
0be4c
17d77
155cb
0fb69
0be4f
18b89
17d78
137af
14110
1831b
14111
145be
1831c
155ce
17d7b
0c001
0cf1e
0bf11
0f01d
156b4
0ed52
0c005
156b6
0bf15
0c1db
0ef31
0bf17
0ec64
0bf18
0ff28
0c784
0bf1a
0ff29
0c786
0bf1c
104e4
0c788
0c4b3
0f2fd
0bf1f
0f2fe
0bf20
0f5c5
0bf21
13e3f
0c4b7
18402
0bf24
11588
0c78a
18404
0f98d
14a62
107ba
0bf28
14a64
1158d
0e6ca
14112
0f020
18139
0ef34
146a8
0ef35
0ec6a
186c9
1389e
0e6cf
18405
0f5cc
0e6d1
186cb
0f021
14790
0ed54
0bf35
141fe
0bf36
1487d
0bf37
18407
146ae
0fb72
0f6af
156ba
14793
0f6b1
15106
1398b
18409
14794
0f6b4
186ce
156be
14797
138a0
186d0
0bf44
15108
0bf45
15109
146b1
0bf48
14799
186d3
0c008
0ed55
0ff33
0e7b9
187b2
0f024
0c2d0
187b3
0fa7d
0c2d2
187b4
10022
0c2d4
0c010
0ed57
13f2e
0e4ed
184f2
0ed58
187b6
0f6b8
0c014
13f32
13f33
10024
0c017
14b53
0c87d
1167c
0fa80
187b9
1167e
0c880
0e21a
1398e
0e21b
17f56
0e8a2
10027
0e309
157ab
0f026
1479a
0f027
0ed5c
187bb
13990
0e7c1
184f7
0f6be
0e7c3
187bd
13a80
176de
13d4b
17f59
1479f
0ff37
0f6c0
0c02c
142e2
10029
0c02e
14970
0f7b0
151f9
0f7b1
0c031
184fc
142e6
1002a
0c034
184fe
14209
14972
187c3
14973
157b2
17f5e
147a2
18501
0e996
103f3
0c1e4
11a49
103f4
0c1e6
0e8a4
10301
0c5ac
11957
10302
0c5ae
0e5e0
0fa81
0c69e
0fa82
0c69f
10304
0c6a0
18b8f
0ee49
0c0fe
0c973
0f6c3
0c100
0ee4b
0c101
105da
0cf22
0c103
106cc
0cf24
0c105
10c8f
0cf26
0c97b
0fe4b
18b91
11d1f
0c10a
10f67
0cf2b
151ff
106d1
0c10d
0c10e
0fd5d
0c10f
142eb
0e8ab
10308
0e8ac
0c112
10309
0e8ae
185f5
14029
0c115
185f6
14886
0e998
103f5
0c118
11a4d
1030a
0f029
15018
0f02a
158a7
0f6c8
0c11d
14889
106d3
0fe50
18b96
14978
11a51
0c122
1501a
0fe54
158a9
103f7
0c125
18e63
0c127
18b9a
142ee
0c129
1411c
185fc
1411d
0c12c
185fd
0c2d5
0f98f
0c1e8
0f8a6
0f990
0c1ea
0c78f
0f5cf
0c1ec
0f5d0
0c1ed
0fe55
0c1ee
146b5
0c793
186d6
0c1f1
0ca66
0f7b9
0c1f3
0ef3f
0c1f4
106d7
0d015
0c1f6
107be
0d017
0c1f8
10d81
0d019
0d01a
152ee
0f992
18f4c
107c2
0c1fd
11e13
0d01e
18f4e
152f3
0f8a7
189aa
1411f
0c202
0fe5a
0c203
1497f
0fe5b
0c205
143e4
0fe5d
18f50
14981
0fe5f
0c209
0f993
14a66
0f8aa
0ef43
0c20c
144ce
0c20d
1510b
0c20e
18f52
107c5
0f996
186dc
14a6a
11597
0c213
1510c
0f99a
153ef
0fe60
0c216
186df
14a6d
14a6e
0c219
14122
18f57
0c21c
153f0
0c21d
153f1
14987
0c2d9
0f3eb
11680
0f11e
0c3c9
11682
0c2dd
0f02f
147a4
0ed5f
187c6
0f030
19038
0f99c
0c2e1
147a8
147a9
0ea8e
0ff41
0d104
0ff42
0d105
0c2e6
107ca
0d107
0c2e8
10b9e
0d109
0c2ea
1903d
0c2ec
11f02
0d10d
187ca
1030e
14e36
10ba0
0c2f0
14e38
11f07
0ea90
144d4
0f3ee
18a9d
0f8ae
14a70
0f8af
0f036
19041
14212
0ea95
187cb
0f9a4
0ea97
19043
0f3ef
11684
0f120
0c2fd
187cd
13d50
17f60
145c7
1822f
14a76
0ff46
0fa89
14b5a
11687
0fa8b
0c305
187cf
13d52
18231
145c9
19046
14b5e
1168b
1168c
19048
0c30c
154e2
0c30d
154e3
18234
14215
0c311
1904b
0f20f
1099f
0ec6f
0c3cd
109a0
11775
0eb80
10030
0cc4a
10031
0cc4b
0c3d2
108bc
0cc4d
0c3d4
10c91
0cc4f
0c3d6
1912d
0c3d8
0f123
142f0
0e8b3
188ba
0f124
1912e
0fa92
0c3dc
142f4
142f5
109a5
0c3df
14f27
0cc54
11ff6
10404
19131
11ff8
0cc57
0e5e2
13d56
0e5e3
1831e
0f126
108bd
0f127
0eb87
14b64
0fa96
0c3ea
145cf
0eb8a
0c3ec
188c0
0f211
109a8
0ec71
14c4b
14b67
0fb7a
155d0
13e43
18053
108be
0fa9a
0c3f4
11778
109aa
0c3f6
18322
14c4f
0fb7f
155d2
13e45
188c4
1177c
109ab
0c3fc
1177f
1913a
18325
13d5b
146bc
188c8
146bd
14b6a
188c9
0ed60
10213
0c5b0
11865
10214
0c5b2
0cd3b
0fb81
0c796
0fb82
0c797
109ad
0f4e7
0c799
10d82
0ff48
0c79b
1133a
104ea
0cd43
0e9a6
10128
0e3ff
143e9
0ec74
143ea
0ec75
18c75
1012a
0ca73
0fc69
189af
11b3b
0c4d2
10d84
0cd47
15021
104ed
0c4d5
0c4d6
0fb85
0c4d7
146bf
0ec77
1012b
0ec78
0c4da
1012c
0ec7a
18411
13e4b
0c4dd
18412
14c58
0ed62
10215
0c4e0
11869
0fc6c
156c2
13f35
17b99
1012d
0f4ea
0c4e5
14c5b
104ef
0fc6e
189b4
14d40
1186d
0c4ea
14e3c
0fc72
156c5
10217
0c4ed
18c7f
0c4ef
189b8
146c2
0c4f1
13f38
18418
13f39
0c4f4
18419
0c887
0f5d7
0c5b4
0f306
0c5b5
104f3
0ce30
0c5b7
105e0
0ce32
0c5b9
10ba1
0ce34
0c88f
0e4f0
0f9a7
0cb61
0f9a8
0cb62
1021b
0cb63
18a9f
0f309
0c5c1
0ce36
15110
0fd68
18d68
105e4
0c5c5
11c2f
0ce3a
18d6a
15115
0f6cb
187d6
13f3b
0c5ca
0fd69
1488c
0f6ce
0ed69
1021d
0ed6a
0c5ce
1021e
0ed6c
18503
13f3d
0c5d1
18504
14d4a
0ef44
14f2c
0ef45
157b5
0f30d
0c5d6
18d6e
104f7
10311
0c5d9
1488f
1195e
0fd6e
18d6f
142f8
0c5dd
14f2f
0c5de
18aa9
14893
14894
18508
13f3e
18d73
0c5e4
157b8
0c5e5
157b9
14d4f
0c6ac
0fd71
11ffa
0f4ec
0c7a0
11ffc
0c6b0
0fc7f
11f08
0f3fa
0cb68
11f0a
0c6b4
0f3fb
14b6c
0f12b
1913e
0f3fc
19414
10316
0c6b8
14b70
14b71
0fd73
18e68
145d3
0c6bc
10318
0c6bd
14e41
10319
0c6bf
14898
1031b
19417
14e43
1031d
0c6c3
10407
14f32
0fd76
0f401
0c6c6
146c4
0c6c7
14989
0c6c8
19419
10ba6
109b5
0c6cb
14f35
11a58
18ba4
146c7
1941a
14f36
12003
0c6d0
19147
14f39
146c8
19148
146c9
12006
14f3b
0c6d6
1914a
1489b
14e49
0c7a2
0fe63
11b40
0f5e0
0c892
11b42
0c7a6
0f4ef
14c5e
0f21d
18c84
0f4f0
19506
10410
0c7aa
14c62
14c63
0fe65
18f5a
146cb
0c7ae
10412
0c7af
14f3d
10413
0c7b1
14990
10415
19509
14f3f
10417
0c7b5
0ff4d
15024
0fe68
0f4f5
0c7b8
147b6
0c7b9
14a7b
0c7ba
1950b
10d89
0ff50
18c8a
147b8
0c7be
14a7d
0c7bf
186eb
15029
10418
0c7c2
18c8d
1502b
147ba
18c8e
147bb
11b4c
1502d
0c7c8
146cf
19511
14f45
0c894
0f9a9
11c32
0f6d2
0c984
11c34
0c898
0f5e3
14d50
0f30f
18d76
0f5e4
195f8
0ff56
0c89c
14d54
14d55
0f9ab
1904c
147bd
0c8a0
0ff58
0c8a1
1502f
0ff59
0c8a3
14a82
0ff5b
195fb
15031
0ff5d
0c8a7
10041
15116
0f9ae
0f5e9
0c8aa
142fc
0c8ab
14b73
0c8ac
195fd
10d8e
105ed
0c8af
15119
11690
187dc
142ff
195fe
1511a
11c3b
0c8b4
18d7f
1511d
14300
18d80
14301
11c3e
19602
0c8ba
147c1
19603
15037
0c986
0fa9d
11d24
0f7c4
0ca76
11d26
0c98a
0f6d5
1489c
0ee61
18e6a
0f6d6
196ea
1004a
0c98e
148a0
148a1
0fa9f
1914c
14303
0c992
1004c
0c993
15121
1004d
0c995
14b7a
1004f
196ed
15123
10051
0c999
10133
15208
0faa2
0f6db
0c99c
143ee
0c99d
14c65
0c99e
196ef
10e80
106df
0c9a1
1520b
11782
188ce
143f1
196f0
1520c
11d2d
0c9a6
18e73
1520f
143f2
18e74
143f3
11d30
196f4
0c9ac
18e76
14b7d
15129
0ca78
0fb8f
11e16
0f8b6
0cb6c
11e18
0ca7c
0f7c7
14994
0ef55
18f5c
0f7c8
19230
1013c
0ca80
14998
14999
0fb91
18c92
143f5
0ca84
1013e
0ca85
15213
1013f
0ca87
14c6c
10141
19233
15215
10143
0ca8b
10225
152fa
0fb94
0f402
14d56
0f403
153f3
0f7cd
0ca90
19235
10f72
107d1
0ca93
152fd
11874
189c0
144e3
19236
152fe
11e1f
0ca98
18f65
15301
144e4
18f66
144e5
11e22
15303
0ca9e
18f68
14c6f
1521b
0cb6e
0f8b9
14a86
0f047
1904e
0f8ba
19322
1022e
0cb72
14a8a
14a8b
0fc86
18d84
144e7
0cb76
10321
14e4a
0fc89
0f317
107d6
0f318
0cb7a
107d7
0f31a
18aaf
144e9
0cb7d
18ab0
15308
0f4f6
148a2
0f4f7
154e5
0f8bf
0cb82
19327
10ab8
108ca
0cb85
14e4d
11966
18ab2
145db
19328
14e4e
11f11
0cb8a
19057
14e51
145dc
19058
145dd
11f14
14e53
0cb90
1905a
14d61
1530d
0cc5e
10329
125ac
0faa7
0cd52
125ae
0cc62
10237
124ba
0f9b5
0d11a
124bc
0cc66
108ce
0cc67
14e55
0f409
10e83
0f40a
0cc6a
10e84
0f40c
1914f
14b81
0cc6d
19150
153fc
0f4fa
10f75
0cc70
125b1
10e85
0fb98
14c70
0fb99
14f47
1023b
0cc75
153ff
1124c
109c3
196fa
1200a
0cc79
14c73
0cc7a
19153
154ef
10f77
0cc7d
199d5
14c74
199d6
14c75
154f2
0cc81
14b82
199d8
0cc84
19157
0ce42
10504
0cd55
1041c
10505
0cd57
0ef56
14c76
0ef57
18c94
0faaa
1124f
0faab
0f4ff
154f6
109cb
0cd5e
14f4f
0f502
0cd60
1923e
0fb9c
1133d
0f5ed
155dd
154f9
10507
15038
11879
189c7
11250
10508
155de
120f9
1050a
1503a
1187b
19241
120fa
1050d
19ac6
11251
120fc
11340
0cd70
1503c
0cd71
1503d
0cd73
19245
14f50
0cd75
154fc
19247
0f6dc
10bab
0cf35
121e5
10bac
0cf37
0f5ee
1503e
0ff64
19606
10421
155e6
10422
0fba0
19bb3
14d6a
0f5f3
1932f
10513
0f5f5
19bb5
0ff65
121e8
0fc8f
0ce55
19331
1196a
18ab8
11c41
18d89
155ec
10ac1
105fa
156d0
121eb
105fc
1512c
1196d
19333
121ec
105ff
19bb8
156d4
121ef
1196e
18d8c
1196f
0ce64
19337
156d7
18d8e
14d6d
0ce69
19bbd
0fd7e
1151f
0f7cf
0cf3a
11520
122d9
10055
19702
148af
0cf3e
10601
0cf3f
156d9
10602
0cf41
15132
10604
19ca6
156db
10606
0cf45
106ea
157c0
10058
0fc93
0cf48
11d32
0cf49
1499b
0cf4a
19ca8
11435
10ca0
0cf4d
157c3
11a5e
18e7c
11d35
19ca9
157c4
122df
0cf52
19429
157c7
11d36
1942a
11d37
122e2
19cad
0cf58
1942c
15135
156e1
0d02a
10145
123c8
0fe71
0d11e
123ca
0d02e
106f2
0d02f
15223
0f7d3
10ca2
0f7d4
0d032
10ca3
0f7d6
18f6b
149a3
0d035
18f6c
157ce
0f8c2
10d91
0d038
123cd
107dd
1530e
115a3
186f1
10ca4
1005b
0d03d
157d1
11068
107df
19518
11e26
0d041
14a8f
0d042
18f6f
158b7
10d93
0d045
197f1
14a90
197f2
14a91
158ba
0d049
149a4
15227
0d04c
18f73
0f31e
14a92
0f31f
1905c
0f9bc
1115c
0f411
15403
1014b
158bc
1014c
0fe76
198dd
14a94
0f8c9
19607
107e9
0f8cb
198df
11694
187e2
11f17
1905f
158c1
1106c
107eb
0d130
124c0
1115e
0d132
14b86
108db
14e5d
108dc
0d135
1960c
124c4
1115f
0d138
14e5e
0d139
14e5f
19063
124c7
15318
0d13d
158c4
19611
106fa
0d20c
0d7b7
0ef58
106fb
0d7b9
0d210
168b2
0e6d8
0da8c
1106e
106fd
0da8e
15f3e
11071
0e7c8
11d38
13204
11a63
0d21a
13205
12984
177d3
0d21d
0d21e
10d99
106ff
10700
149a6
0d221
122e7
11a66
168b3
15229
10704
16031
11346
0d228
12985
0d229
12986
167c0
122eb
15a88
11d40
11a6b
18e83
13209
1522b
0d22f
18e85
0d2fd
0d8a9
0e12d
0d300
10d9c
0e7ca
0d8ad
0d303
10e8a
0e21c
0d305
10ac2
11162
0d308
17318
0d30a
123d6
16a96
11e2b
0e7d1
16a98
12d4c
0d30e
0e7d4
0f9be
11437
11164
115aa
1531a
107f3
15b77
11e2e
0d315
158c7
15b79
169a6
0d319
115ad
12d4d
115ae
12d4e
0d31c
14a9a
18f74
123de
11e33
0d31f
15a8e
158c9
15a8f
0d323
0d4e0
0e21e
0e30f
0d99d
11165
0e8bb
108e0
0da8f
11529
0e312
0dc71
11253
0d3f9
1740a
0d3fb
0e315
12b66
0d3fd
124c9
12b67
0d3ff
133ea
0e319
17135
1005c
0d403
15f41
11f1e
1540c
1169d
0d406
124cc
108e7
15c6a
0d409
0d40a
10f80
11f21
133eb
11f22
133ec
116a1
14e62
0d40f
15b7f
124d1
12b6b
0d412
15c6e
0d414
16126
109d0
0e401
0d7bc
11348
0d4e5
0da91
0f22e
109d2
0da93
0d4e9
165dc
0e404
0dd67
0e405
0e406
1178c
12f2e
0e408
16c7b
12f2f
0e40a
17227
16c7d
17aaa
109d4
10426
0d4f6
125bc
15d5a
12011
109d8
16307
14c7d
0d4fa
109db
10ac5
197f6
125bf
15c70
125c0
16217
12015
15500
11794
0d502
15d5f
12f33
14c7f
1915a
15d61
164ee
0d5d4
0ed76
0ff6b
0d5d6
0db82
0de58
0d5d9
10ac7
0e4f5
0db86
0d5dc
10bb5
16309
1143c
0e5e4
11b54
135cc
1187f
0d5e2
135cd
127a0
175ef
0d5e5
0d5e6
10bb6
1051b
1051c
14d6e
0d5e9
12103
11882
166cf
15045
10520
163fa
11168
0d5f0
127a1
0d5f1
127a2
165df
12107
15e50
11b5c
11887
18c9f
135d1
15047
0d5f7
18ca1
0d6c6
10ca9
0e03d
0d6c8
10e90
1152e
0d6cb
0eb91
0df4b
0d6cd
176e0
10bba
163fb
1152f
0e6e2
11c46
136be
11971
0d6d4
136bf
12892
176e1
0d6d7
0d6d8
10caa
1060d
1060e
148b4
0d6db
121f5
11974
167c3
15137
10612
15f43
1125a
0d6e2
12893
0d6e3
12894
166d1
121f9
1599a
11c4e
0d6e6
15e55
136c3
15139
0d6e9
15e57
0d7bf
0dc79
0e5f1
0ec85
0dd6b
0d7c4
16e62
0d7c6
0ec88
12f34
0d7c8
12897
12f35
0d7ca
137b2
0ec8c
17aac
1197a
14f56
10cb0
16037
122f1
10cb2
165e1
16039
16e64
0d7d4
1289b
1942e
157db
1201e
1320d
1201f
1320e
0d7d8
15f45
1289f
12f39
0d7db
19431
0d8b2
0de5b
0e6e4
0d8b5
17e70
1134e
165e3
0d8b9
12988
17045
123e1
0ed7d
17047
132fe
0d8bd
0ed80
10da1
1298a
0d8c0
158cb
11b61
0d8c2
1298c
10da5
166d4
15d66
123e5
1612c
1504b
0d8c8
13029
0d8c9
1302a
16e65
12990
123e9
0d8cc
16040
1612f
16e66
0d9a5
0df4e
0f6e8
0ee68
10e92
0e7d7
0e9af
124d2
13994
11c51
0d9ad
13995
1311a
17f63
0d9b0
0d9b1
124d4
1621a
1513b
10e95
1621c
124d6
0d9b5
10e98
11531
11c55
15412
115b5
19613
12a80
16130
12a81
166d6
124da
11c59
19614
13999
0d9c0
166d7
10f83
0da98
0ef59
0e9b1
0e042
0da9b
0e9b2
11d42
134e0
0e9b4
1722a
134e1
0e9b6
177d5
1722c
18056
11d44
15502
116a5
0daa5
12b6f
11d46
16b8d
0daa8
0daa9
116a6
1522e
0daab
16311
125ca
13a89
125cb
13a8a
11d4a
0daaf
16312
134e5
16225
0dab3
0dc7a
0e40d
0eaa2
0e133
0db8c
16c7e
0db8e
0eaa5
12d50
0db90
126b3
12d51
0db92
13b7a
0eaa9
178c8
11796
1531e
10acc
163ff
1210d
10ace
169a9
16401
16c80
0db9c
126b7
1924a
155f7
11e3a
135d5
11e3b
135d6
0dba0
16315
126bb
12d55
0dba3
1924d
0dc7b
0e224
0f412
0f13e
10bbc
0e501
0ec8e
121fc
13c6a
11f27
0dc83
13c6b
12e44
17c8d
0dc86
0dc87
121fe
15f48
14e65
10bbf
15f4a
12200
0dc8b
10bc2
1125c
11f2b
156e8
1188b
1933d
127aa
16406
127ab
169ac
12204
0dc93
16407
13c6f
1933f
169ad
1125d
0dd6f
0e31f
0fab1
0f7dc
16a9f
0dd74
12e48
17aad
128a1
0f236
17aaf
137b8
0dd78
0f239
1125e
128a2
0dd7b
15507
125d1
0dd7d
12e4c
11262
16b92
11f32
15508
11981
199dc
12e4e
164f4
12e4f
16aa0
128a8
125d7
199dd
13d61
0dd88
16aa1
1134f
0de62
0f8cd
0f325
0ec91
0f326
12992
13e4e
12115
0de68
13e4f
135da
1841d
0de6b
0de6c
12116
166d8
12023
11352
166da
12996
0de70
11355
11a72
12f3f
0de73
166dd
12998
13e51
12999
13e52
1211c
0de77
166de
138ad
165f1
0de7b
0e043
0ed81
0ee6a
0e504
0df56
0ee6c
12206
1399a
0ee6e
176e6
1399b
0ee70
17c8f
176e8
18510
11b68
156ea
115b7
0df60
1302f
1220a
17049
0df63
0df64
12a89
19bbf
156ed
1220c
1399d
1220d
1399e
0df68
166e1
13035
136cf
0df6b
19bc2
0e044
0e5f4
0e8c8
0e047
18600
0e049
0ef5f
13210
0e04b
1311f
13211
0e04d
14034
0ef63
17d82
116a8
13120
11535
168bd
12b79
11537
16e67
168bf
1713c
122fd
168c0
11c5d
0e058
13213
0e059
13214
1704b
13126
12b7f
0e05c
167d4
168c3
1704c
0e137
0e6e7
0fe79
0f5f8
16e69
0e13c
12c64
178c9
126bd
0f053
178cb
13b80
0e140
0f056
1107a
126be
0e143
158cf
123ed
0e145
12c68
1107e
16f5a
11d4e
158d0
1179d
197f8
12c6a
168c4
12c6b
16e6a
126c4
123f3
197f9
14129
0e150
16e6b
0eaab
0f140
0e7da
0e22c
0f142
124dc
13c70
0f144
179bc
13c71
0f146
17f65
179be
1823a
11e3e
15414
1188d
0e236
12d59
124e0
17321
0e239
0e23a
127b3
198e9
15417
124e2
13c73
124e3
13c74
0e23e
164fe
127b7
133f9
0e241
169b9
0e321
0e8cb
1005f
0fd89
1704d
0e326
133fa
18059
12e53
0f7e2
1805b
13d64
0e32a
0f7e5
116ac
12e54
0e32d
15b84
12e55
1430b
12e56
1430c
12b85
16b98
13400
13d67
15b86
0e335
0e9bc
0f23c
0e415
189c8
0e417
0f8d3
13b84
0e419
134ed
13b85
0e41b
143fc
0f8d7
1814a
12026
134ee
1179f
16c89
134ef
16b9a
134f0
17140
12f49
0e423
16b9b
143ff
16c8b
17141
0f32d
0f416
0eab0
0e508
0f418
127b8
13f46
0f41a
17c92
13f47
0f41c
1823b
17c94
18abc
1211e
15d67
11b6d
0e512
13c79
0e513
13c7a
17ab1
135e3
127be
0e516
16c8e
0e518
17ab2
0e5f8
0fab2
0f509
0ee75
0f5f9
13128
145de
128ab
0e5fe
145df
137be
18bad
0e601
0e602
128ac
16e6c
12211
128ad
1403b
128ae
1403c
0e606
15e5b
1312e
137c1
0e609
16d81
0e6e9
0ec93
10427
0fba5
17415
0e6ee
13216
17e75
12c6f
0f5ff
17e77
1412c
0e6f2
0f602
11a74
12c70
0e6f5
159a0
12c71
146d3
12c72
146d4
129a1
16f60
1321c
1412f
159a2
0e6fd
0ed84
0f058
0e7dd
187e4
0e7df
0f6ef
139a0
0e7e1
13309
139a1
0e7e3
147c4
0f6f3
18512
11e42
1330a
115bb
16aa9
1330b
16f62
1330c
17508
12d65
0e7eb
16f63
147c7
16aab
17509
0f6f5
0fd8a
0ee78
0e8d0
0fd8c
1312f
1430e
0fd8e
18606
1430f
0fd90
18baf
18608
18e88
12a95
16134
124e9
0e8da
14041
0e8db
14042
17e79
139ab
13135
0e8de
17052
0e8e0
17e7a
0e9c0
10428
0fe7e
0f7e9
0fe7f
134f3
149aa
12c76
0e9c6
149ab
14132
18f79
0e9c9
0e9ca
12c77
17234
12b88
12c78
14403
12c79
14404
0e9ce
16228
134f9
14135
0e9d1
17149
0eab1
0f05b
107f8
0ff6f
177dd
0eab6
13b8a
1823d
135e6
0f9c8
1823f
144f4
0eaba
0f9cb
11e44
135e7
0eabd
16319
135e8
14a9f
135e9
14aa0
12d6c
17328
13b90
144f7
1631b
0eac5
0f14c
0f420
0eba5
1915c
0eba7
0fab8
13d68
0eba9
13c7d
13d69
0ebab
14b90
0fabc
188da
12212
13c7e
11f37
17419
13c7f
1732a
13c80
178d0
136dc
0ebb3
1732b
14b93
1741b
178d1
0f511
0fba7
0f240
0ec98
0fba9
12f4b
146d6
0fbab
18422
146d7
0fbad
189cb
18424
18ca4
128b1
15f50
12305
0eca2
13e5d
0eca3
13e5e
17c95
137c7
12f51
0eca6
1741e
0eca8
17c96
0ed88
10244
0fc9a
0f605
0fd93
1330f
14d72
1303e
0ed8e
14d73
13f4e
18d95
0ed91
0ed92
1303f
17054
129a4
13040
147cb
13041
147cc
0ed96
16044
13315
13f51
0ed99
17511
0ee79
0f423
10bc3
108ec
17ba5
0ee7e
13f52
18bb1
139ae
1033d
18bb3
148c0
0ee82
10340
12214
139af
0ee85
166e5
139b0
14e6b
139b1
14e6c
136e3
176f0
13f58
148c3
166e7
0ee8d
0f514
0fd95
0ef6d
19524
0ef6f
1042e
146dc
0ef71
14045
146dd
0ef73
14f5c
10432
18ca6
12b89
14046
12307
177e1
14047
176f2
14048
17c98
13aa4
0ef7b
176f3
14f5f
177e3
17c99
0fe86
0ff71
0f608
0f060
0ff73
13316
14aa2
0ff75
187ea
14aa3
0ff77
18d97
187ec
19618
12c7c
168c8
126d0
0f06a
147d1
0f06b
147d2
18609
1413b
1331c
0f06e
177e6
0f070
1860a
0f150
10615
10064
0f9ce
10154
13c83
1513e
13409
0f156
1513f
14316
19709
0f159
0f15a
1340a
179c4
12d6f
1340b
14b97
1340c
14b98
0f15e
169bc
13c89
14319
0f161
178d9
0f241
0f7eb
10f8b
10708
17f6d
0f246
13d6e
189cd
137ca
1015a
189cf
14c88
0f24a
1015d
125dc
137cb
0f24d
16501
137cc
15233
137cd
15234
134ff
17ab8
13d74
14c8b
16503
0f255
0f8dc
0fbb1
0f335
19340
0f337
1024a
144f8
0f339
13e61
144f9
0f33b
15324
1024e
1906e
129a5
13e62
12123
17601
13e63
17aba
13e64
18060
138c0
0f343
17abb
15327
17603
18061
10250
108ed
0f9d1
0f428
108ef
13c8a
14e6e
108f1
19162
14e6f
108f3
1970b
19164
199e1
135f3
16c90
13047
0f432
14b9d
0f433
14b9e
189d1
14503
13c90
0f436
17baa
0f438
189d2
0f518
10f8c
109e1
10344
109e2
1404b
1550a
137d1
0f51e
1550b
14c8e
19ad2
0f521
0f522
137d2
17d8c
136e6
137d3
14f63
137d4
14f64
0f526
16d84
14051
14c91
0f529
17ca1
0f609
0fbb4
11356
10ad3
18335
0f60e
146e2
18d99
1413e
1052b
18d9b
15054
0f612
1052e
129a7
1413f
0f615
16e75
14140
155ff
14141
15600
138c7
17e80
146e8
15057
16e77
0f61d
0fca5
0ff7b
0f6fd
19cb5
0f6ff
1061b
148c4
0f701
147d5
148c5
0f703
156f0
1061f
19436
12d70
147d6
12a9a
17f71
147d7
17e82
147d8
18428
14234
0f70b
17e83
156f3
17f73
18429
1006c
1070a
0fd99
0f7f0
1070c
13aa6
15236
1070e
18f7e
15237
10710
19527
18f80
197fd
1340f
16aac
12e63
0f7fa
149b9
0f7fb
149ba
187ed
1431f
13aac
0f7fe
17f76
0f800
187ee
0f8e0
10da8
107fd
10160
108f6
13e67
158d2
13b99
0f8e6
158d3
14aaa
198ee
0f8e9
0f8ea
13b9a
17bac
13502
13b9b
1532b
13b9c
1532c
0f8ee
16ba0
13e6d
14aad
0f8f1
18069
0f9d2
0ff7e
0f9d4
10e9d
115bc
1514a
10e9f
15b88
115be
0f9d9
14aaf
15b89
19710
14507
18154
14508
186fe
1514f
12d72
14509
0f9e0
1723d
1450a
0f9e2
18156
0f9e4
18f82
0fac5
15c79
0fac7
10f91
14ba0
0fac9
15511
10f93
19254
145f8
10f95
10f96
13d7e
15513
13d7f
15514
116b3
0fad1
13d80
18338
13c92
13d81
1833a
14ba6
1833b
187f1
109e9
11081
188e1
0fbba
146e9
19345
1532f
0fbbc
15604
13e6f
0fbbe
0fbbf
117a3
15331
117a4
15332
0fbc2
1833d
137d7
17420
1322e
0fbc5
17422
146ef
17423
0fbc9
10253
10bc7
10530
10cb8
13f60
156f4
11893
199e2
14e76
10bcc
19439
199e3
0fcb2
14d86
0fcb3
14d87
18cab
156f9
1331f
14d88
13049
1851d
14d89
13f66
0fcb9
18431
0fd9a
10346
0fd9c
10cba
11984
14f66
10cbc
159a4
11986
0fda1
148cb
159a5
1952c
14323
18520
14324
18ac6
14f6b
1313a
14325
0fda8
17059
14326
0fdaa
18522
0fdac
18d9e
0fe8d
15a95
0fe8f
10dad
149bc
0fe91
158d9
10daf
1961c
14414
10db1
10db2
14146
158db
14147
158dc
11a7b
0fe99
14148
18158
13aae
14149
1815a
149c2
1815b
18bb9
10db3
0ff81
1144b
14ab5
0ff83
156fb
1144d
19cbb
14ab6
1144f
11450
11b73
156fd
11b74
156fe
115c7
0ff8b
147e6
187f2
1414c
147e7
187f4
15064
187f5
18caf
10ea5
10073
1153e
14ba7
10075
157ed
11540
19801
14ba8
11542
11543
11c65
157ef
11c66
157f0
116b9
1007d
1432c
188e4
1423e
1432d
188e6
15156
188e7
18da1
10f97
10165
11084
14c99
10167
158df
11086
198f3
14c9a
11088
11089
11d57
158e1
11d58
158e2
117ab
1016f
1441e
189d6
13d84
1441f
189d8
15248
189d9
18e93
10add
10257
11176
14d8b
10259
15425
11178
199e5
14d8c
1117a
1117b
11e49
15427
11e4a
15428
1189d
10261
14510
18ac8
13e76
14511
18aca
1533a
18acb
18f85
10bcf
10349
11268
148d1
1034b
15517
1126a
19ad7
148d2
1126c
1126d
11f3b
15519
11f3c
1551a
1198f
10353
14602
18bba
13f68
14603
18bbc
14e80
18bbd
19077
10cc1
1043b
1135a
149c3
1043d
15609
1135c
19bc9
149c4
1135e
1135f
1202d
1560b
1202e
1560c
11a81
10445
146f4
18704
1405a
146f5
18706
14f72
18707
19169
11360
10534
14d92
10535
14d93
19ada
12126
1414d
15610
138ce
18da3
15611
14d96
1053b
18cb3
10624
11453
11c68
15700
11c69
15701
11992
10629
148da
18e94
147ea
148db
18e96
15704
18e97
1934d
11544
10718
149ca
10719
149cb
19cbe
1230a
13d85
157f4
13ab2
18f87
157f5
149ce
1071f
18e9b
10808
1108b
11e4c
158e4
11e4d
158e5
115ca
1080d
14abe
19078
14422
14abf
1907a
158e8
1907b
19531
1117c
108fc
14bae
108fd
14baf
198f6
124ee
13f69
1542c
13c96
1916b
1542d
14bb2
10903
1907f
109ec
1126f
12030
1551c
12031
1551d
117ae
109f1
14ca2
18cb4
14606
14ca3
18cb6
15520
18cb7
19715
11e4f
15613
117b0
15341
117b1
15342
10ae3
18341
15344
11e51
10ae6
18342
19807
10ae9
11f41
15705
118a2
14e87
118a3
14e88
10bd5
18433
14e8a
11f43
10bd8
18434
198f9
10bdb
12033
157f7
11994
14f79
11995
14f7a
10cc7
18525
14f7c
12035
10cca
18526
199eb
10ccd
11b79
158e9
11a86
1506b
11a87
1506c
10db9
18617
1506e
11b7b
10dbc
18618
19add
10dbf
11c6b
1542f
115cc
1515d
115cd
1515e
10eab
1815d
15160
11c6d
10eae
1815e
19bcf
10eb1
11d5d
15521
116be
1524f
116bf
15250
10f9d
1824f
15252
11d5f
10fa0
18250
19cc1
10fa3
11d60
158ee
117b5
12c83
117b6
15253
1108f
188ed
11d64
12402
11092
188ee
1622d
11095
11e52
15434
118a7
12d75
118a8
15345
11181
189df
11e56
124f4
11184
189e0
1631f
11187
11f44
15526
11999
12e67
1199a
14e8b
11273
18ad1
11f48
125e6
11276
18ad2
16411
11279
12036
15618
11a8b
12f59
11a8c
14f7d
11365
18bc3
1203a
1212c
11368
18bc4
15f57
1136b
11b7c
1570a
115d1
1304b
115d2
1506f
11457
18709
11b80
1221e
1145a
1870a
16049
1145d
11c6e
157fc
116c3
1313d
116c4
15161
11549
187fb
11c72
12310
1154c
187fc
1613b
1154f
12b93
15b90
116c9
19080
115d8
19ccc
18253
115da
11a8f
19bd8
115dd
1870c
1b23c
1962e
11a93
1b23e
115e1
1304d
19bdb
12aa4
11b83
15711
115e4
15072
15713
115e6
19722
15715
115e8
18436
19bdc
17e8b
2249f
18710
11b8b
224a0
19cd0
1571b
18438
19bdf
17e8d
1deab
18162
1deac
18163
224a3
19be1
11b93
124f5
15aa1
11c74
1543a
12aa7
1604b
12404
115f8
15347
19810
14ac8
11e5b
18f91
15aa4
19632
12409
115fd
1613d
1240b
115ff
1e367
16413
11e62
19633
11e63
15b99
1b604
19723
11605
1b606
16415
1e36b
1a6e8
11608
11609
15165
18f94
14aca
149d3
18f95
1160d
19725
1543e
18800
15169
18801
1516a
19726
1816a
1516c
199f8
19173
1516e
11615
15170
1dcc6
188f1
21ef6
1972a
11619
1ad85
15174
21ef8
1dccb
17e90
19637
178e1
1d8ff
17bb4
1d900
17bb5
221c9
19639
1544b
1816e
19be5
18f97
15aa8
11625
19084
1b332
19cd3
15b9f
224a7
1b335
1816f
1dbd4
19086
221cb
18f98
1871b
1e36f
19d75
18173
1162f
1dbd6
18175
21efe
19087
1871c
11633
1ad88
11634
1d9f1
11635
1e372
19e68
19732
1dcce
19733
1dccf
19e69
19d78
21f02
1b33a
1e375
1a504
1e376
1a505
11640
21f05
1dbd9
116ce
19264
15c83
19265
117bc
1ae75
188f5
117be
12311
15e67
11c76
15802
14bb7
18db2
14336
116d7
1622e
15806
116d9
19268
15808
18e9c
11c7d
18e9d
11c7e
19cd7
18809
11c80
116df
11c82
18e9e
116e1
18e9f
116e2
19734
116e3
1df9f
11c86
21fea
116e6
15255
19cdc
12b98
11f49
13415
116e9
12e6a
124f9
19088
11f4c
1544d
15ba3
11f4e
1880d
116ee
1908b
124fe
116f0
1622f
12500
11f53
1e45a
18259
1e45b
116f5
19ae8
12505
1b6f7
15c8d
116f8
1a7d9
12508
1e45e
1a7db
1460b
1825a
13d8a
1552e
1825b
14ace
1552f
11700
17f80
19739
179d1
21a38
1825d
1525d
21a39
18cb9
1525f
21a3a
1926e
15537
1926f
11709
1ddb9
15264
1a8ca
18cbc
21a3d
1a8cc
15267
15538
188f8
1170f
188f9
11710
19178
11711
1d9f9
1553c
21a41
11714
1908e
11715
1e45f
19ce0
18346
19819
15c90
1ae79
19f56
15c92
1171b
19741
1171c
1dcd3
18264
1171e
19ce1
18266
21fee
19e72
19745
21fef
1d9ff
18347
1ae7c
19e73
19275
1ddbe
1a5f3
21765
19f59
11728
21a46
1a8d0
21ff2
1a8d1
1172b
21ff3
19e75
1172e
19f5d
21ff5
1dae6
21ff6
1dae7
1dcd6
11733
118ab
127cc
117c1
189e6
1af66
1935c
118af
1af68
117c5
12c85
1981c
126dc
11d69
158f7
117c8
15269
158f9
117ca
1935d
158fb
117cc
1861a
1981d
1806f
220d7
188fe
11d71
220d8
19909
15901
1861c
19820
18071
1e08f
18348
1e090
18349
220db
19822
11d79
1212d
15c93
11e65
1561e
126df
16231
125ea
117dc
14f7f
199fc
14cac
1203f
1917f
15c96
1927d
125ef
117e1
1604c
125f1
117e3
1e54b
1604d
12046
1927e
12047
15d7e
1b7e8
1935f
117e9
1b7ea
1604f
1e54f
1a320
117ec
117ed
1534b
19182
14cae
14bbf
14cb0
117f1
19361
15622
189e8
1534f
189e9
15350
19362
18350
15352
19bed
18db4
15354
117f9
15356
1deb0
18ad5
21b2e
19366
117fd
1a9bd
1535a
21b30
1deb5
18074
19282
17ac5
1dae9
17d98
1daea
17d99
223ad
19284
1562f
18354
19826
19185
15c9a
11809
18cc1
1af6a
1990c
15d84
220df
1af6d
18355
1ddc4
18cc3
223af
19186
18909
1e553
19f63
18359
11813
1ddc6
1835b
21b36
18cc4
1890a
11817
1a9c0
11818
1d629
11819
1e556
1a04c
1936e
1deb8
1936f
1deb9
1a04d
19f66
21b3a
1af72
1e559
1a6ee
1e55a
1a6ef
11824
21b3d
1ddc9
118b2
1944c
15e69
1944d
119a0
1b059
18ad9
119a2
1212f
15d86
11b95
135fa
14d9b
1928d
12132
118bb
15e6b
12134
18cc7
11b9a
1e63a
15e6c
11b9c
166e8
15e6e
12139
118c2
189ef
118c3
11e66
1544e
118c5
12d7a
1451b
189f0
11e69
15451
15ba9
11e6b
19a01
15e70
11e6d
189f1
118cc
18177
118cd
19912
15458
118cf
221cf
118d1
189f4
1dbda
18179
221d0
189f5
1e63e
19373
118d5
1dbde
1dbdf
127d1
19374
12222
118d9
19ce5
1213d
1b8db
15e73
118dc
1a411
12140
1e642
1a413
147f1
18442
13f6e
1571f
118e2
189f8
15720
118e4
17bbc
19375
17609
21c1c
18445
14e97
21c1d
18ea5
14e99
21c1e
19456
15728
19457
118ed
1dfa3
14e9e
1aaae
18ea8
21c21
1aab0
14ea1
15729
18adc
118f3
18add
118f4
18db9
118f5
1d631
1572d
21c25
118f8
18ccb
118f9
1e643
19919
1852e
19a05
15e76
1b05d
1a13a
15e78
118ff
1937d
11900
1debd
1844c
11902
1991a
1844e
221d6
1a056
19381
221d7
1d637
1852f
1b060
1a057
1945d
1dfa8
1a7dd
21949
1a13d
1190c
21c2a
1aab4
221da
1aab5
1190f
221db
1a059
11912
1a141
221dd
1d71e
221de
1d71f
1dec0
11917
11a95
129b0
119a5
18bca
1b14a
19542
11a99
1b14c
119a9
11c89
136eb
119ab
13142
12226
18dbf
11c8c
15730
159b1
11c8e
167da
159b3
11c90
119b2
18530
19a08
15e7c
11c93
1e182
18531
1e183
128c1
11f59
15541
119b8
14ea2
19384
148e4
11f5c
15545
119bc
19544
15547
119be
1826a
19a0b
17cab
222bf
18ae4
11f63
222c0
19af5
17cac
1974b
11f66
1974c
11f67
19a0f
11f68
1e185
18ae8
119c8
12048
1580e
119ca
14f82
159b7
1b420
19545
119cd
1b422
16235
1e187
1a50a
119d0
119d1
14f83
18dc3
148e6
148e7
14da4
119d5
19547
15813
18bcc
14f87
18bcd
14f88
19548
18538
14f8a
1982e
18fa3
14f8c
119dd
14f8e
1e094
1871e
21d12
1954c
119e1
1aba1
14f92
21d14
1e099
17cb0
1946a
176fd
1d721
17f84
1d722
17f85
21ff9
1946c
15820
18620
19af7
159bc
1b14f
1a22c
159be
119ee
18dc5
119ef
1e18a
19a13
1853d
1dfae
18eaf
21ffb
18dc7
18aed
1e18b
1a147
18541
119f7
1dfb0
18543
21d1a
18eb0
1871f
1d80c
18720
1e09b
18aee
119fd
1e18e
1a230
19554
1e09c
19555
1e09d
1a231
1a14a
21d1e
1b156
1e191
1a326
1e192
1a327
11a08
21d21
1dfb3
129b1
19556
12419
11a9d
11d7b
13231
129b4
15f5e
12318
11aa1
1526b
19ceb
159c1
11d80
18bd2
11aa4
18eb4
1231d
11aa6
16324
1231f
11d85
1e274
18623
1e275
129b5
1204b
15633
11aac
14f94
19476
149d8
1204e
19bf2
15ab0
12050
19bf3
17d9c
1928f
1563a
19290
1563b
11ab4
19b00
1563d
12056
17d9e
19291
12058
19292
12059
19b02
1205a
1e277
18bda
11abc
12322
1a5f8
15ab2
223b7
1a5fa
12325
1b515
1964b
223b8
1b517
149d9
18bdb
1442a
11ac5
148ea
18eb6
15ab4
1507a
18628
11ac9
17da1
11aca
1955c
1590a
11acc
1964e
1590c
11ace
21e03
11ad0
1ac90
15083
2157f
1909c
1dbe2
19923
11ad4
1dbe4
1ac95
177ee
18cd4
15910
18cd5
15911
1955f
15912
21e08
1862d
11adb
159c4
19561
159c5
11ade
1a236
18725
19d7a
19654
11ae1
1b242
19d7d
18078
1d818
18079
21e0a
18726
11ae6
1a237
19564
11ae8
1e27e
19566
18634
1e27f
19568
11aec
1ac96
11aed
1d90b
11aee
223bc
1b245
19658
11af1
1d90c
11af2
1d90d
19bf9
11af4
21e10
1b249
1a23d
11af8
1dbea
11af9
1dbeb
1e285
1d81d
13143
15e81
11c97
18dc8
11ba6
19cee
1881a
11ba8
1205d
13052
11bab
18727
1b7ee
16054
12061
1b7f0
11baf
189fd
1a05a
18729
1e910
18cda
12147
19925
12148
1e650
1a05f
13053
165f8
129b8
11bb7
16147
129ba
11bb9
16056
19bff
15d96
1e913
16057
12421
1e914
16149
12423
11bbf
129c2
1ac9c
15bae
1e916
19cef
11bc3
1bbb3
19cf0
1e918
1bbb5
11bc7
18cdd
15baf
1b33c
1974e
11bca
19e78
15734
21c31
19cf3
11bcd
11bce
18cde
11bcf
1a329
18cdf
11bd1
1e653
1881b
1a41a
1614f
11bd4
1e654
1a32c
19cf6
11bd7
1e91b
1965e
1e378
19d85
11bda
1a32d
19d86
11bdc
1dec5
19c07
11bde
224bb
19660
18ebc
1b342
18ebd
1dfb5
19cf8
1dfb6
19cf9
1dfb7
1a420
11be5
224be
1e65a
19d89
1aabc
1e921
1aabd
1a330
1e922
1b8ec
1e65d
11d87
12c8a
11c9d
1890b
1b426
16238
11d8b
1b428
11ca1
18aef
1a14c
1881d
1ea02
18dce
12239
19a17
1223a
1e196
1a151
13145
166eb
12aaa
11ca9
16239
12aac
11cab
16153
19cfe
15e8b
1ea05
16154
12513
1ea06
1623b
12515
11cb1
12ab4
1ad8e
15ca0
1ea08
19835
11cb5
1bca5
19836
1ea0a
1bca7
18821
1508b
15ca1
1ae82
19294
11cbc
19f6a
15826
21d23
19839
11cbf
11cc0
18ec0
1b42a
1983b
159cc
11cc3
18dd2
11cc4
1a425
18dd3
11cc6
1e19a
1a428
1983c
11cc9
1ea0d
19752
1e46a
19e83
11ccc
1a429
19e84
11cce
1dfbd
19d06
11cd0
22001
19754
18fae
1ae88
18faf
1e0a7
1983e
1e0a8
1983f
1e0a9
1a512
11cd7
22004
1e1a0
19e87
1abae
1ea13
1abaf
1a42c
1ea14
1b432
1e1a3
11e79
19926
11d8f
189ff
1b518
1632a
11e7d
1b51a
11d93
18be1
1a23e
1890f
1eaf4
18ec4
1232b
19b09
1232c
1e288
1a243
12c8b
167dd
12b9c
11d9b
16245
19844
159d1
1eaf6
15d9b
12603
1eaf7
16246
12605
1eaf8
1632d
12607
11da3
12ba6
1a8d4
15d9e
1eafa
19929
11da7
1bd97
1992a
1eafc
1bd99
18913
1517d
15d9f
1af74
19388
11dae
1a062
15918
21e15
1992d
11db1
11db2
18ec8
11db3
1a517
18ec9
11db5
1e28b
18a01
1a5fe
16333
11db8
1e28c
1a51a
19930
11dbb
1eaff
19298
1e55c
19f75
11dbe
1a51b
19f76
11dc0
1e0af
1984c
11dc2
220f3
1929a
190a0
1af7a
190a1
1dbed
19932
1dbee
19933
1dbef
1a604
11dc9
220f6
1e292
19f79
1aca6
1eb05
1aca7
1a51e
1eb06
1b524
11dd1
11f6b
12e6e
11e81
18af1
1b60a
1641c
11f6f
1b60c
11e85
135fb
16ba3
12d7e
1214c
18a03
11e88
18a04
11e89
1641d
126e6
11e8b
1641e
126e8
11e8d
169c4
126ea
12154
15ac1
19668
12426
19938
12427
1e37a
18737
1e37b
19939
11e95
126ec
1a9c6
15e93
1ebec
19a1b
11e99
1be89
19a1c
1ebee
1be8b
11e9d
18fb9
15e94
1b066
1947a
11ea0
1a154
1545e
21f07
19a1f
11ea3
11ea4
18fba
11ea5
1a609
18fbb
11ea7
1e37f
18af3
1a6f0
16425
11eaa
1e380
1a60c
19a22
11ead
1ebf1
1938c
1e65e
1a06d
11eb0
1a60d
1a06e
11eb2
1dbf5
19940
11eb4
221e5
1938e
19192
1b06c
19193
1dcdf
19a24
1dce0
19a25
1dce1
1a6f6
11ebb
221e8
1e386
1a071
1ad98
1a15d
1e387
1a610
1ebf8
1b616
1e389
12063
12f60
11f73
18be3
1b6fc
15f62
12067
1b6fe
11f77
136ed
16c95
12e70
1223e
167de
159d7
12240
18af5
11f7c
18af6
11f7d
1642a
127da
11f7f
1e72e
1642b
12246
15bb9
1975c
12518
19a2a
12519
1e46c
1882b
1e46d
19a2b
11f87
127de
1aabe
159d9
1e732
19b0d
11f8b
1b9cf
19b0e
1e734
1b9d1
11f8f
190ab
159da
1b158
19575
11f92
1a246
15550
21a4d
19b11
11f95
11f96
190ac
11f97
1a6fb
190ad
11f99
1e471
18be5
1a7e2
15f6b
11f9c
1e472
1a7e5
15f6d
11f9f
1e737
1947e
1e1a4
1a15f
11fa2
1a6ff
1a160
11fa4
1dce7
19a32
11fa6
222d7
19480
18ce4
1b15e
18ce5
1ddd1
19b16
1ddd2
19b17
1ddd3
1a7e8
11fad
222da
11faf
1e73c
1a8de
1a24f
1e479
1a702
1e73e
1b708
1e47b
1232e
137dd
1206a
13234
128c7
1206c
168d1
128c9
19198
12333
19199
12334
19482
15f71
12336
16e79
1605f
128cf
18362
1984e
15cac
19f7b
15cad
12077
192a3
12078
19f7e
1260e
15aca
1babe
168d3
1207c
1abb2
128d3
1e825
1abb4
1207f
12080
14ea7
19484
1966a
12083
19d91
15641
1b24c
18dd7
223c5
19d94
15644
15cae
19485
15caf
1208a
19b20
15cb1
1208c
18ce6
1b7f2
19c11
15da3
1208f
1e828
1a335
16066
12092
19b21
12093
1ddd7
18739
1b7f7
19487
19b22
1e82a
1a253
18bf2
1e82b
1a7f3
19c13
1dec8
19d97
21b41
19d98
1e568
19d99
223cb
1b7f8
19c17
120a0
1decc
120a1
1decd
1e56b
1a255
1b7fa
1e56c
1a7f4
1e831
136ef
15e96
12249
18dda
12158
166f2
18ddb
1215a
1260f
135fe
1215d
165ff
1bd9a
1633f
12613
1bd9c
12161
18a10
1a612
18a11
1ebfa
16341
1eebc
18ceb
12165
1a616
1a617
135ff
129c9
13e7e
12169
16343
19b28
15daa
1eebe
16159
129cd
1eebf
16603
129cf
1eec0
166f5
129d1
12171
12f6e
1c15c
15e9a
1eec2
166f8
12175
1b259
12f72
1eec4
1c161
12179
192ab
16345
19b2c
16346
15dad
1a8e2
1873a
1a33c
18cf2
1217f
1a33e
15db1
12181
1ec00
16432
19c1b
15e9c
1be91
1a9d4
15e9e
1b072
15e9f
1b8ef
1a166
1ec02
1a9d5
15ea2
1eec9
1a8e5
1a9d7
16607
1218d
1eecb
1a075
1218f
1a8e7
19c1d
19489
1b8f1
1a076
1eecc
12194
1b8f2
12195
1b8f3
1a8e9
12198
1a9db
1eecf
1224e
15f75
159dd
1948a
1233c
1b9d3
1948b
1233e
15bc0
1939a
127e5
19a35
127e6
1939b
127e7
1e741
16437
12258
12aba
13f6f
1225a
139c4
13057
18de0
12abd
18de1
12abe
16ab2
1624c
12ac0
19c1f
16701
12ac2
1705c
167e8
1305f
167e9
12265
1c24f
13062
1b34a
1624e
1efb5
1b34c
13065
15647
19c21
1226c
18ece
1b9d6
167ed
159e3
1e745
1a256
222df
1a521
12271
1b166
12272
1e1a7
1b9da
15ea7
193a0
15ea8
12276
193a1
15eaa
1a16a
15eab
1e1a8
1a16c
1227a
1e1a9
1a9e0
15f7a
1227d
1e74b
1a9e2
1aaca
1882d
1e1aa
193a3
18ecf
1b9dd
1a523
222e0
12285
1e74c
1a524
1a25b
1e1ad
1a9e4
1e74e
1b9de
1e1af
1242b
13328
12341
168d5
1bac4
16069
1242f
1bac6
12345
18ed0
12346
1a7f7
128d8
191a2
12348
191a3
12349
1a7fa
1a7fb
13237
16d89
13148
1234d
15f7e
19d10
159ec
1f0a2
16349
12bb1
1f0a3
167f2
12bb3
1f0a4
168d9
12bb5
12355
13152
1c340
15ad4
1f0a6
168dc
12359
1ae91
13156
1f0a8
1c345
18ed4
1573a
15f80
19d14
15f81
159ef
1aad0
1891e
1a526
18ed8
12363
1a528
159f3
12365
1e838
1606a
19853
15ad6
1bac9
1abb8
15ad8
1b25c
15ad9
1b527
19d9e
1e83a
1abb9
15adc
1f0ad
1aad3
1abbb
167f6
12371
1f0af
1a25f
12373
1aad5
19855
1966d
1b529
19da0
1e29e
19da1
12378
1a261
1f0b1
1aad7
1237c
1abbf
1f0b3
12432
1615d
15bc3
1966e
12520
1bbb7
1966f
12522
12c8d
168e2
126f9
14154
15add
19580
12c90
19581
12c91
1243c
16c99
12c93
1243e
19858
12c95
12440
1f195
12442
18fc6
12443
1a343
129d5
18cf7
12445
18cf8
12446
1a346
1a347
169cd
12449
1c433
12c9a
1af82
16441
1f199
1af84
12c9d
1582b
19859
12450
18fc9
12451
1abc1
18fca
12453
19946
12454
1a61f
18fcd
1f19c
1abc3
18fcf
12458
190b4
1bbba
169d1
15bc9
1e92d
19e8e
224c3
1a70b
1245d
1b350
1245e
1e38d
1bbbe
16075
12461
1e931
1abc6
1acae
18a13
1e38e
19589
190b5
1bbc1
1a70d
224c4
1e390
19da7
1a70e
1e933
1a70f
1abc8
1e934
1bbc2
1e393
12615
1350c
12525
1650d
1bca8
16251
12619
1bcaa
12529
13c99
17241
1341c
127ec
169d5
1252c
16164
1252d
1650f
12d84
1252f
169d6
12d86
12531
1ecda
169d7
127f4
15bd1
1a43a
15bd2
1ecdd
16166
19d17
15eb0
1a43d
16167
12539
12d8a
1bf78
15cb8
1ecde
16514
1253d
1b07b
12d8e
1ece0
1bf7d
190ba
15462
16168
1994e
16169
15bd5
1acb4
18b04
1a710
190be
12547
1a712
15bd9
12549
1ea1e
16252
19a39
15cba
1bcad
1ad9c
15cbc
1ae94
15cbd
1b70b
19f82
1ea20
1ad9d
15cc0
1ece5
1acb7
1ad9f
16519
12555
1ece7
19e97
12557
1acb9
19a3b
192b1
1b70d
19e98
1ece8
1255c
1b70e
1255d
1b70f
1acbb
12560
1ada3
1eceb
1261c
137df
12e73
1651a
128df
1651b
1261f
16256
12620
16608
12e77
12622
16609
12e79
12624
16ba9
12e7b
12bb7
18edd
12627
18ede
12628
191aa
12629
1a52f
12bbb
1eb0c
1262c
1b16a
12e7d
1eb0e
16078
1c06c
16e7f
12630
1c06e
1b16f
15555
12633
15cc5
1976a
15cc6
12636
1976b
15cc8
19f86
15cc9
1e56e
19f88
1263a
1e56f
1ada8
15db7
192b2
1263d
1a8eb
16611
1263f
1a348
12640
1af87
15dbc
1b7fe
15dbd
12643
1eb13
1976c
1634f
12646
1edd8
1bda4
19b33
1e843
19b34
191b4
1264b
1af89
1264c
1eb16
1a807
1af8a
1eddb
1af8b
1bda6
1e576
1adac
1eb19
13c9b
16442
127f7
16c9d
12706
19952
16444
12708
12bbd
16baa
1270b
168ea
1c346
192b5
12bc1
1c348
1270f
168ec
1abca
1607b
1f1a6
168ed
1f468
192b7
12713
1abce
1abcf
12716
13e7f
179d4
13bac
12f77
168ef
12719
16baf
13514
1271b
168f0
1271c
16ca0
13517
1271e
17242
13519
1351a
1c708
16446
1f46e
16ca4
12723
1b805
1351e
1f470
1c70d
168f1
1ae9a
1ae9b
192bb
15dc1
1a624
15dc2
193a8
1272b
1a8f5
15dc4
1c43d
16bb3
168f3
1f472
1a626
1635c
1f1ab
192c0
1635e
1f474
16ca7
16449
1f1ad
1a716
1e394
1a9e7
12737
1b620
12738
1ec10
1c441
168f4
1273b
1f1b1
1c443
1a719
1e395
1a8f8
1273f
1a71a
1ec13
1a71b
12742
1ec14
1af94
1c445
127fb
16521
137e2
15f89
19a45
15eb2
127ff
16d90
1bf81
1616c
19955
15bdc
1acbd
1644f
1acbe
16450
1f55b
19957
12d95
13601
13c9d
13068
1451e
1280a
16451
19958
15dc6
1306b
1f55c
16452
1f55d
167f7
1306e
1f55e
16d93
13070
12812
1b8f4
1360d
1ecf0
167f9
1c7fc
17061
12816
1c7fe
1b8f9
16453
1995a
16caf
15dca
1281b
16d98
1bf82
18ded
1efc2
1a71d
1281e
1b07f
16525
12820
1bf85
19b35
1b9e0
1a809
1e753
1aada
1f564
1bf86
1b083
12826
1af99
193b1
12828
1a9ee
193b3
1f567
1af9b
193b5
1282c
1ecf6
1af9d
1b085
19b36
1b9e3
1a720
1f56a
12832
1b9e4
12833
1b9e5
1af9f
12836
1ecfb
1bf8b
128ee
16613
159f7
1958c
129dc
1c071
16615
129de
15cd5
1976e
12e83
1976f
12e84
19a4a
12e85
1eddf
16529
128f8
13158
1460f
128fa
14064
136f5
16d9d
1315b
16e83
15eb9
1315d
1949f
1315e
17151
168f6
13160
176fe
16e86
136fd
16e87
12905
1c8ed
13700
1b43c
168f8
1f653
1b43e
13703
159f9
1a80e
159fa
1958e
1290c
1aadf
159fc
1c075
1652c
1b088
1b089
194a2
15f9b
12912
19a50
15f9d
1e845
1a811
12915
1e846
1b08e
16082
1c076
1b173
16084
1b808
16085
1bad3
1a350
1ede6
1b174
16088
1f65a
1b08f
1b176
16e8d
12921
1b80b
12922
1bad6
12923
1bad7
1e84b
1a813
12927
1f65e
12929
1eded
139c5
1616e
12acd
16f73
129e2
19c2a
16170
129e4
12ca4
1323a
16e8e
12ca6
14702
159fd
19590
1323d
129ea
16e91
1323f
19b3c
13240
129ed
17245
13242
129ef
1f741
1635f
19b3d
15dcc
1a8fb
1608b
1a8fc
1608c
1f743
19b3f
12f84
16171
1eed5
1b52d
129f8
17246
13247
1c9e1
16f7b
129fb
129fc
16e92
129fd
1f747
19b41
1608e
1abd6
16173
19c2b
15aef
1e936
19681
12a03
1b17d
19597
12a05
1abd8
19599
1f749
1b17f
1959b
12a09
1b264
16f7e
12a0b
1acc2
12a0c
1b8fb
16178
1bbc6
16179
12a0f
1eedb
19b43
1670e
12a12
1f74d
1acc5
1e93b
1e93c
1a359
1acc6
1eedf
1acc7
1b182
1eee0
1c16e
1e93f
12bc3
13ab8
12ad3
167fc
1c254
19771
12bc7
1c256
12ad7
14247
1332c
16f80
12d98
1670f
12ada
16abb
1332f
12adc
16710
12add
16abc
13332
12adf
17062
13334
12da0
15ebd
193b6
13072
193b7
13073
19c30
13074
1efc5
16713
12ae7
13336
1c524
16264
1f28a
16ac0
12aeb
1b627
1333a
1f28c
1c529
16714
1b26c
1b26d
19687
15bdf
1a446
15be0
19772
12af3
1acc9
15be2
1c259
16f86
16716
1f28e
1a448
16184
1efc9
1968c
16186
1f290
16ac3
16267
1efcb
1a532
1e1b0
1adb5
12aff
1b442
12b00
1ea2c
1c25d
16717
12b03
1efcf
1c25f
1a535
1e1b1
1accc
12b07
1a536
1ea2f
1a537
12b0a
1ea30
1b35c
1c261
12bc9
12e89
14339
12bcb
13d8e
13420
16ac7
12e8c
16bb4
15be5
12e8e
19775
12e8f
17428
16623
12e91
179d5
16bb7
15a03
194a8
13164
194a9
13165
19d22
13166
1f0b7
16805
12bd9
13428
1c616
16362
1f37c
16bb9
12bdd
1b719
1342c
1f37e
1c61b
16806
1b35e
1b35f
19779
15cd7
1a538
15cd8
192c4
12be5
1adbb
15cda
1c34b
16acc
16808
1f380
1a53a
16276
1f0bb
1977e
16278
1f382
16bbc
16365
1f0bd
1a62a
1e2a2
1a901
12bf1
1b534
12bf2
1eb1e
1c34f
16809
12bf5
1f0c1
1c351
1a62d
1e2a3
1adbe
12bf9
1a62e
1eb21
1a62f
12bfc
1f0c4
1c353
1b367
12caf
12da2
17248
1636b
19960
15af8
12cb3
1724a
1c9e7
12cb6
16e95
15a05
17157
1316c
1c8f3
16e97
1316e
15a07
1959c
1324b
19870
1324c
1f752
16627
1f753
19871
12cc0
13520
149dd
12cc2
1442e
13abd
16e9b
13523
16e9c
13524
1724b
1627d
13526
17ac8
16cb2
13528
1807a
1724e
13ac5
1724f
12ccd
1ccb5
13ac8
1bdb0
16cb4
1fa1b
1bdb2
13acb
15a0c
1715d
15a0d
12cd4
19876
15a0f
12cd6
16f8a
1c9e8
19963
15be9
1bbca
15bea
1c447
16280
12cdb
19877
12cdc
1aeaf
16906
12cde
1aeb0
19879
1fa1f
1b44c
1987b
12ce2
1b53a
17254
12ce4
1bbcc
169f8
1c449
169f9
12ce7
1f75c
1b53e
17255
12cea
1f75e
1aeb3
1bbce
1fa25
1bbcf
12cef
1fa26
12cf1
1f761
13d8f
16534
12e95
16ace
12daa
19a53
16536
12dac
1333c
16f8d
12dae
16f8e
12daf
1b278
16188
1b279
169fc
1fb07
12db3
13613
14acf
12db5
14520
13bb0
16f90
13616
16f91
13617
1733d
16373
13619
1760e
16da4
1361b
17bc0
17340
16537
1f29b
1bea1
12dc0
17610
13bbb
1cda9
17343
12dc3
12dc4
16f92
12dc5
1b543
16f93
12dc7
1f29d
16539
1b62a
16460
12dca
1b092
12dcb
1bcbd
12dcc
1fb10
193b8
1f56e
1acd5
12dcf
1b62c
17346
12dd1
1bcbe
1653e
1bf8f
1653f
12dd4
1f2a0
16f95
16a03
1ed02
1acd7
12dd8
1ed03
1b549
16ad2
12ddb
1fb15
1ed04
1acd9
1b096
1adc5
1ed05
1b54a
1f2a6
1c536
1ed07
12f85
13e82
12e9b
16629
1c61c
15fa4
12f89
1c61e
12e9f
1680a
1b368
16541
1fbf8
16ad5
13431
19d29
13432
1f38c
1b36d
13d91
13705
14bc2
12ea7
16463
19a58
15bf3
1fbfa
16464
13709
1fbfb
16ea1
1370b
1fbfc
17431
1370d
12eaf
13caa
1ce98
1662c
1fbfe
17434
12eb3
1b9e9
13cae
1fc00
1ce9d
16545
1b634
19a5b
16546
1fc01
1b637
15fa5
19b48
15ce0
1c621
1a906
1eb24
1b18b
1edf0
194aa
1f660
1adc7
12ec0
1fc02
1734e
19a5e
12ec3
1b09b
1654b
12ec5
1f391
16bc3
12ec7
1c623
1a908
1edf4
1b18d
1fc05
1c624
1b721
12ecc
1f395
1c627
1b18e
1a90b
1edf6
1adca
1b09d
12ed2
1edf8
1b724
1c629
12f8b
13078
1751e
16097
19c38
15dd0
12f8f
17520
1c711
13e83
179d7
137e6
12f93
15fa9
19b4a
15ce2
1fcea
15faa
13255
1fceb
16f96
13257
1fcec
17523
13259
12f9b
1352b
16bc7
12f9d
16bc8
12f9e
1aeb6
16378
1aeb7
16638
1fcef
12fa2
1bad8
137f1
1f482
16f98
1cf8c
177f7
12fa6
1cf8e
1badd
15fac
19b4e
15fad
15ce8
1b728
16bcc
15dd1
17528
12fad
1b80f
16720
1c170
1a9f9
1ec17
1743f
1609b
1a90c
1609c
1eee3
16bcd
1663d
1eee4
1a90f
12fb6
1eee5
1b72d
16721
1c714
1b811
16723
1c172
1a9fb
1f487
1b812
16726
1fcf8
1c718
1b815
1a910
1fcfa
12fc2
1c174
12fc3
1c175
1b72f
12fc6
1b817
1fcfd
1680c
13170
15ec1
17065
13172
1c801
16da9
13174
138d7
1752c
13343
14da6
15dd3
1752d
138da
19c3d
138db
13088
1752f
138dd
1308a
178e7
138df
1308c
1f833
1308e
16a07
1afac
16729
1f834
16cbf
13620
19971
13621
1f572
1afb1
1706b
13095
1cad1
138e4
1bbd2
16adf
1f837
1bbd4
138e7
15a10
1b9ec
15a11
1c263
15dd8
17530
15dd9
1309e
19c42
15ddb
130a0
16daa
1c804
19d2d
160a2
130a3
19c43
130a4
1b283
1672e
130a6
1b284
19c45
1f83b
1b81e
19c47
130aa
1b902
17070
130ac
1b9ee
16816
1c265
16817
130af
1f57a
1b906
17071
130b2
1f57c
1b287
1b9f0
1f841
1b9f1
130b7
1f842
1efdd
1b909
139c9
17072
13435
148ec
15ec5
17073
139cc
19d2f
139cd
1317a
17075
139cf
1317c
179d9
139d1
1317e
1f925
13180
1654d
1b09e
1681b
1f926
16db1
13712
19a63
13713
1f664
1b0a3
17164
13187
1cbc3
139d6
1bcc4
16bd1
1f929
1bcc6
139d9
15a12
17167
1318d
1b451
16910
1c354
1abe3
1e84f
16192
19d32
16193
15ecc
1b90c
16db4
16194
13195
19d35
13196
1b375
16820
13198
1b376
19d37
1f92d
1b910
19d39
1319c
1b452
17169
1319e
1bae0
16914
1c357
16915
131a1
1f66c
1b456
1716a
131a4
1f66e
1b379
1bae2
1f933
1bae3
1c8fe
1f0ce
1b912
1f671
147f7
16f9a
1334f
16f9b
1325e
16918
16f9c
13260
13715
14706
13263
16825
1ce9e
15fb2
13719
1cea0
13267
16eab
13268
1b731
137f8
16bd2
1326a
16bd3
1326b
1b734
1b735
1326e
149df
1406b
17709
13acf
16827
13271
15fb7
13272
1770b
1406f
13274
177fc
14071
13276
17da6
14073
14074
1d260
16f9e
1ffc6
17800
1327b
1c35d
14078
1ffc8
1d265
1682a
1b9f2
1682b
15fba
1ffc9
16eb1
1fa28
1b197
15a1f
1fd03
16eb4
15a21
1ffcb
1691a
1bae4
160a6
13288
1fd05
1b288
1eeec
1b54d
1f766
1b9f8
19881
1fa29
1770f
17537
1328f
1cf97
1b28a
1f768
1b54f
1ffcd
1cf98
1bae9
13294
1fd09
1cf9b
1b45e
1f76a
1b28c
13299
1c9f7
1329a
1f76c
1baec
1cf9d
13353
13440
178ea
16197
178eb
15bf9
13357
178ec
1cad9
160a7
200b2
16fa8
1335b
16733
1b824
16734
1f845
1753b
138ed
1415b
147f9
13bc0
1508d
13362
160aa
17807
15b0d
200b4
1691e
13bc4
200b5
1734f
13bc6
200b6
178ef
13bc8
1336a
1c44c
14167
1f848
17351
1d354
17bc5
1336e
1d356
1c451
160ac
1780a
160ad
15b10
1baf0
16a0b
1b552
16fae
13375
1b554
15b14
13377
1f84a
16199
178f4
15bfb
1cadb
1baf3
16ae6
1c538
1b37b
1efdf
1780b
16a0e
1f2ad
1707d
13380
1cadd
1b37c
1f2ae
1b641
200bf
1cade
1bbdb
13385
1baf5
1cae0
1bbdd
1b292
200c2
1338a
1c53c
1338b
1c53d
1baf7
1338e
1bbdf
200c5
13446
1716b
15cec
1716c
13534
1cbc9
1716d
13536
15bfc
1b914
15bfd
201a5
1619c
19d3a
15ecf
1b917
1619d
13450
13cb0
1517e
14340
17e99
1424f
16aef
13cb3
16af0
13cb4
179df
16a11
13cb6
17cb5
1744e
13cb8
18272
179e2
14257
179e3
1345d
1d445
1425a
1bf94
17450
201ab
1bf96
1425d
15c00
17084
15c01
13464
17085
15c03
1b380
15c04
1f39c
1b382
13468
1f39d
1bbe4
15cee
1716e
1346b
1bcc9
17086
16379
1c360
1637a
1c62b
16554
1f39f
178fd
16af8
13472
1bcca
179e8
13474
1c362
16bde
1c62d
16bdf
13477
1f940
1bcce
179e9
1347a
1c62e
1347b
1c62f
1347d
1f943
1347f
201b6
13481
1f945
14521
16cc6
13625
16cc7
1353a
16644
16cc8
1353c
137fc
13d94
179ea
137fe
15271
15cf0
17171
13d97
17172
13d98
13543
179ed
13d9a
13545
17da9
13d9c
13547
20299
1628f
19882
15a23
1b461
15cf2
1b462
15cf3
2029b
17175
13adc
16cc9
1fa2d
1c085
13550
17daa
13da1
1d539
17ad7
13553
13554
16be5
13555
1bcd3
16be6
13557
19b58
13558
1b73d
16be9
202a0
1bcd5
16beb
1355c
16ccb
1ccbe
16647
16295
1355f
1b828
13560
1c453
13561
202a2
1aec9
13563
1bcd9
17ad9
16cce
1fa32
1b82a
13567
1c455
13568
1f493
1ccc3
17266
1356b
202a5
1356d
1fa36
1b82c
1afb7
1f495
1bcda
1fa38
1ccc6
1f497
1371b
14614
1362b
16735
1cdac
1646e
1371f
1cdae
1362f
14da7
13e86
17adc
138f0
16649
13632
16380
13633
17617
13e8a
13635
17618
13e8c
13637
17bc6
13e8e
138f8
15b16
17269
13bca
19975
13bcb
1726a
13bcc
1fb1d
16383
1363f
13e90
1d07c
16dbc
1fde2
1761c
13643
1c17f
13e94
1fde4
1d081
1664c
1bdc4
1664d
16386
1fde5
16cd9
1f854
1afb9
15deb
1fb21
16cdc
15ded
1fde7
16738
1beac
16470
13650
1b91a
13651
1bf99
13652
1fb23
1bdca
19c4b
1f855
17ae2
17357
13657
1cdb3
1b0a6
1f584
1b91d
1fde9
1cdb4
1beb1
1365c
1fb27
1cdb7
1b832
1f586
1b0a8
1f587
1b0a9
13662
1f588
1beb4
1cdb9
13721
139e1
14ea8
13723
148ee
13f7a
16dc5
139e4
16dc6
139e5
17710
1673d
139e7
17f8c
1717b
139e9
18549
17713
15c08
1735b
13cbc
19a67
13cbd
1735c
13cbe
1fc0f
16475
13731
13f82
1d16e
16eba
1fed4
17715
13735
1c271
13f86
1fed6
1d173
1682f
1b9fc
15fbf
1373a
16dc9
1373b
1beb7
16dca
1373d
19d3c
1373e
1b921
16dcd
1fed8
1beb9
16dcf
13742
1b466
13743
1c08b
13744
1fc15
1bebc
19d3d
1f947
17628
17452
13749
1cea5
1b19e
1f676
1b469
1fedb
1cea6
1ba01
1374e
1fc19
1cea9
1b924
13751
1b1a0
1f679
1b1a1
13754
1ba05
1fee0
1bebf
13807
138fa
17dac
1664f
17dad
160b3
1380b
17dae
1d53f
1380e
179f1
15fc0
179f2
13cc4
1d44b
179f3
13cc6
15cfc
1717e
13da5
1717f
13da6
179f5
13da7
202ab
16561
13818
1407a
15557
14cba
18274
14619
17459
1407d
1745a
1407e
17daf
16dd5
14080
1863c
1780e
14082
18bf8
17db2
14621
17db3
13825
1d81f
14624
1c908
17810
20573
1c90a
14627
15a26
1b742
15a27
1fd10
16564
17cc1
16565
15fc9
1bfa0
1745e
13830
1ba09
15fcc
13832
202b0
16651
17db6
160b5
1d541
1bfa3
1754c
1cf9e
1b835
1f499
17cc2
17462
1383a
1c092
17db8
1383c
1c724
17550
1cfa1
17551
1383f
202b4
1c096
17db9
13842
202b6
1ba0b
1c726
2057d
1c727
13847
2057e
13849
202b9
148ef
1708c
139ed
1708d
13902
16fb6
1708e
13904
13e96
16cdf
13906
16ce0
13907
17553
13908
1bdd1
13e9a
1fdf2
1390b
1508e
18bf9
14dac
1416e
16ec9
1390e
16657
1390f
17dbc
1470e
13911
17ea2
14710
13913
18458
14712
14176
1708f
1fdf3
1c9f9
13918
18184
14717
1d913
17ea7
1391b
1391c
17557
1391d
1baff
160bb
17aee
160bc
13920
17aef
160be
1f857
1b83d
13923
1f858
1c09e
161a6
1762c
13926
1c183
17af0
16833
1c814
16834
1cae5
16ece
1392b
1c184
17eaa
1392d
1c816
17096
1cae7
17097
13930
1fdfa
17af1
1762e
13933
2066d
1f85c
1b83f
1bbee
1fdfd
1bbef
1c0a2
1fdfe
1d08e
1f85f
13add
149e2
139f3
16afb
1d174
16836
13ae1
1d176
139f7
16747
1bec0
1647b
1fee2
16748
20750
1709a
139fb
1bec4
1bec5
148f1
18459
147fc
139ff
1674a
17ead
161ab
20752
16fbc
14263
20753
179fd
14265
20754
17f95
14267
13a07
14806
1da02
17184
20756
17f98
13a0b
1c541
1480a
20758
1da07
16afd
201b8
1b92d
13a10
1709e
13a11
1c18d
1709f
13a13
1bbf2
170a1
2075a
1c18f
170a3
13a17
17185
1d178
16b00
1674f
13a1a
1bce2
13a1b
1c90d
13a1c
2075c
17eb2
1771f
13a1f
1d17b
1b46e
1f94c
1bce5
2075d
1d17c
1c279
13a24
1feed
1d17f
1bce6
1feee
1bce7
1b930
20761
13a2a
1f950
1c27c
1d181
13ae3
13bd0
18082
16927
18083
1638b
13ae7
18084
1d269
149e3
1854b
14342
13aeb
16839
17f9f
1629d
20842
16b02
13daf
20843
17af2
13db1
20844
18087
13db3
13af3
14085
16ecf
13af5
16ed0
13af6
1718f
13af7
1ba0f
14089
1ffd8
13afa
1c630
1434d
1ffda
17af4
1daf6
1836b
13afe
1daf8
1c635
162a0
1bce8
16bf2
202bb
16b04
1c27e
16b05
16840
2084b
1b474
162a5
1ffdb
17196
162a7
2084d
16bf3
1c366
1692a
13b0b
1ffdd
1b55e
1f76e
1bdd5
1fa3d
1c284
17729
17279
1d26c
1c369
1727b
1ccca
1b561
1ffdf
1c36a
1727e
20850
1d270
1c36d
1b476
20852
13b1a
1cccc
13b1b
1cccd
1c287
13b1e
1c36f
20855
13bd6
17903
1647c
17904
13cca
1d359
17905
13ccc
14433
18090
13e9d
15920
1638e
17817
14436
17818
14437
13be0
18093
14439
13be2
1845b
1443b
13be4
2038b
13be6
1692d
1bb04
160c3
200c8
1692e
2038c
17282
13bea
1bb08
1bb09
17bcf
13bed
1d63b
14440
1c72a
1763b
2038f
1c72c
14443
15df0
1b564
15df1
1fb2c
16930
18094
16931
16395
1c372
17286
13bf8
1bddd
16398
13bfa
200ce
16a1b
17bd2
1647f
1d35d
1b650
1f2b4
1bec7
1fb2f
1c375
18095
1728a
13c02
1c45a
17bd4
13c04
1c546
1736e
1cdbd
1736f
13c07
200d2
1c45e
17bd5
13c0a
1b569
20398
1c548
1becb
200d5
13c0f
2039a
13c11
200d7
14525
14bc7
18187
14527
13cd0
16a1d
17bd7
16481
2047a
16ce8
13f94
2047b
1772a
13f96
2047c
17cc6
13f98
13cd8
16a1f
1bbf6
161b5
201ba
16a20
2047e
17374
13cdc
1bbfa
1bbfb
17cc8
13cdf
1d72d
14532
1c81c
1772d
20481
1c81e
14535
15ee2
1b656
15ee3
1fc1e
1656a
17ccb
15fd1
1d44f
16cea
1c462
16ceb
16a24
20483
1b658
16489
201bf
1737a
1648b
20485
1b748
1f3a6
1ba13
1fc21
1c467
17bdb
1737c
13cf4
1bfaa
17ccd
13cf6
1c638
1746c
1ceaf
1746d
13cf9
201c4
1bfae
17cce
13cfc
201c6
1bed1
1c63a
2048b
1c63b
1d456
1fc26
1c46a
201c9
15366
17af6
13ea9
17af7
13db8
17470
17af8
13dba
1426f
15275
13dbd
1737d
1da08
16b0a
14273
1da0a
13dc1
16b0b
1c288
16843
20856
16b0c
20b18
17a08
13dc5
1c28c
1c28d
16570
17fab
14bca
17fac
14bcb
13dca
1827f
14bcd
13dcc
18bfb
14bcf
13dce
20b1d
13dd0
1ceb2
14bd3
2085a
17dc3
1ddde
18bfd
13dd4
1dde0
1ceb7
16572
1bfb2
17472
20581
17382
1c54a
17383
16b12
20b21
1bcf0
16577
2085b
17a10
16579
20b23
17473
1c63c
16bfe
13de1
2085d
1bde0
1fa44
1c0a5
202bf
1c550
17fb0
17afd
1db00
1c63f
17aff
1d54c
1bde3
2085f
1c640
17b02
20b26
1db04
1c643
1bcf2
1bfb7
13df0
1d54e
1ccd3
20b29
1c553
13df4
1c645
20b2b
13eae
17bdd
16750
17bde
13f9c
1d641
17bdf
13f9e
1639a
17820
14445
17821
14446
1809e
14447
2039d
16c01
13eb8
1471a
17475
13eba
16c03
13ebb
1837b
14cbe
13ebd
18462
14cc0
13ebf
18a16
14cc2
14722
1763f
2039f
1cfa5
13ec4
18742
14cc7
1ded1
18467
13ec7
13ec8
17b07
13ec9
1c0ab
16667
180a2
16668
13ecc
180a3
1666a
1fe03
1bde9
13ecf
1fe04
1c64a
16752
17be0
13ed2
1c72f
180a4
16ddf
1cdc0
16de0
1d091
1747a
13ed7
1c730
1846a
13ed9
1cdc2
17646
1d093
17647
13edc
203a6
180a5
17be2
13edf
20c19
1fe08
1bdeb
1c19a
203a9
1c19b
1c64e
203aa
1d64c
1fe0b
1408b
14f9f
13fa1
170a7
1d732
16de2
1408f
1d734
13fa5
16cf3
1c46c
16a27
2048e
16cf4
20cfc
1764a
13fa9
1c470
1c471
16756
17be6
14dae
17be7
14daf
13fae
1846e
14db1
13fb0
18833
14db3
13fb2
20d01
13fb4
1caea
14db7
20492
17fb3
1dfc2
18835
13fb8
1dfc4
1caef
16758
1c19c
170aa
20765
1756a
1c738
1756b
16cfa
20d05
1beda
1675d
20493
17652
1675f
20d07
170ab
1c820
16de4
13fc5
20495
1ba18
1fc28
1c28f
1fef7
1c73e
17beb
17737
1d738
1c823
17739
1d184
1ba1b
20497
1c824
1773c
20d0a
1d73c
1c827
1ba1c
13fd3
1d187
13fd4
1bedd
20d0d
1c741
13fd8
1c829
20d0f
14092
17dc5
16936
17dc6
14180
1d825
17dc7
14182
148f3
1773d
14359
1773e
1435a
18645
170af
1435c
18925
180a7
1435e
18ee3
18648
148fb
1657a
17cd7
15fd5
1bfb9
1684a
1bfba
1684b
20df3
17cd9
14636
17825
20585
1cbdd
140a8
18927
148ff
1e0b5
1864b
140ab
140ac
17741
140ad
1c295
1684d
17cda
1684e
140b0
17cdb
16850
1ffe7
1ba21
140b3
1ffe8
1c82e
16938
17dc8
140b6
1c913
17cdc
16fc3
1cfaa
16fc4
1d275
170b2
140bb
1c831
1864d
1782a
2058a
1c382
140bf
1cfad
140c0
1ffeb
1d82d
17dca
140c3
20dfd
140c5
2058e
1c384
1bb0f
1ffed
1c832
20590
1d830
1ffef
14275
15183
14185
1728d
1d916
16fc6
14279
1d918
14189
16ed7
18650
1693b
20934
171a2
1444d
20935
17bec
1444f
20936
1818d
14451
14191
14723
1756d
14193
1756e
14194
17831
14195
1c0b3
14727
20676
14198
1ccd4
149ef
20678
17bee
1dbfa
18a1a
1419c
1dbfc
1ccd9
1693e
1c386
17290
203ad
171a4
1c91c
171a5
16ede
2093d
1bb12
16943
20679
17838
16945
2093f
17291
1ca04
16fc8
141a9
1c472
141aa
1caf1
141ab
2067b
1c922
17dd3
1791b
1d91c
1ca07
1791d
1d368
1bbff
2067d
1ca08
17920
20942
1d920
1ca0b
1bb14
1c38b
141b8
1d36a
1caf5
20945
1c925
141bc
1ca0d
20947
16a2c
17ebd
14ad8
17ebe
14ad9
1427e
18198
14adb
14280
18b0a
14add
14282
20a29
14284
16fcb
1c1a2
16761
20766
16fcc
20a2a
17924
14288
1c1a6
1c1a7
18287
1428b
1dceb
14ae2
1cdc8
17ce1
20a2d
1cdca
14ae5
1648e
1bc02
1648f
201ca
16b16
1828a
1657d
1da0d
17296
1ca0e
17297
16fd0
20a2f
1bc04
16a35
2076b
1792a
16a37
20a31
1bcf4
1f952
1bfbf
201cd
1ca13
1819a
1792c
142a0
1c556
1828c
142a2
1cbe4
17a1c
1d45b
17a1d
142a5
20770
1c55a
1828d
142a8
20772
1c47d
1cbe6
20a37
1cbe7
1da14
201d2
1ca16
20775
15921
180aa
14455
180ab
14364
17a20
180ac
14366
1481b
15830
14369
1792d
1dfc6
170b6
1481f
1dfc8
1436d
170b7
1c834
16def
20e02
170b8
210c4
17fbc
14371
1c838
1c839
16b1c
1856a
15185
1856b
15186
14376
1883c
15188
14378
191bb
1518a
1437a
210c9
1437c
19f8c
1518e
20e06
18382
1d460
191bd
14380
1d462
19f91
16b1e
1c55e
17a22
20b2d
17932
1caf6
17933
170be
210cd
1c29c
16b23
20e07
17fc4
16b25
210cf
17a23
1cbe8
171aa
1438d
20e09
1c38c
1fff0
1c651
2086b
1cafc
1856f
180b1
1e0be
1cbeb
180b3
1db0a
1c38f
20e0b
1cbec
180b6
210d2
1e0c2
1cbef
1c29e
210d4
1439c
1db0c
1439d
1db0d
1caff
143a0
1cbf1
210d7
1445a
1819c
16cfc
1819d
14548
1dbff
1819e
1454a
16946
17dd4
149f5
17dd5
149f6
1865d
149f7
20949
171ad
14464
14cca
17a25
14466
171af
14467
18938
15279
14469
18a1f
1527b
1446b
18fd6
1527d
14cd2
17bf3
2094b
1a07f
14470
18d02
15282
1d553
18a24
14473
14474
180bb
14475
1c657
16c13
18661
16c14
14478
18662
16c16
203af
1c395
1447b
203b0
1cbf6
16cfe
1819f
1447e
1ccdb
18663
1738b
1d36c
1738c
1d64f
17a2a
14483
1ccdc
18a27
14485
1d36e
17bfa
1d651
17bfb
14488
20952
18664
181a1
1448b
211c5
203b4
1c397
1c746
20955
1c747
1cbfa
20956
1dc0a
203b7
14637
1555a
1454d
17657
1dcf0
1738e
1463b
1dcf2
14551
1729f
1ca18
16fd3
20a3a
172a0
212a8
17bfe
14555
1ca1c
1ca1d
16d02
181a5
15369
181a6
1536a
1455a
18a2b
1536c
1455c
18df3
1536e
1455e
212ad
14560
1a170
15372
20a3e
18572
1d098
18df5
14564
1d09a
1a175
16d04
1c748
1765a
20d11
17b1a
1cce4
17b1b
172a6
212b1
1c486
16d09
20a3f
17c06
16d0b
212b3
1765b
1cdcc
17390
14571
20a41
1bfc4
201d4
1c83b
204a3
1ccea
181aa
17ceb
1dcf6
1cdcf
17ced
1d742
1bfc7
20a43
1cdd0
17cf0
212b6
1dcfa
1cdd3
1bfc8
1457f
1d745
14580
1c489
212b9
1cced
14584
1cdd5
212bb
1463e
18384
16ee2
18385
1472c
1dde3
18386
1472e
14eae
17cf1
14909
17cf2
1490a
18c02
1765f
1490c
18ee5
18666
1490e
194ae
18c05
14eb6
16b26
18296
16581
1c565
16df6
1c566
16df7
2139f
18298
14be6
17dd9
20b31
1a263
14654
18ee7
14eba
1d18b
18c08
14657
14658
17cf5
14659
1c841
16df9
18299
16dfa
1465c
1829a
16dfc
20593
1bfcd
1465f
20594
1cdda
16ee4
18387
14662
1cebf
1829b
1756f
1d556
17570
1d833
17662
14667
1cddd
18c0a
17dde
20b36
1c92e
1466b
1d559
1466c
20597
1ddeb
18389
1466f
213a9
20598
1bfcf
1c930
20b3b
1c931
1cdde
20b3c
1ddee
2059b
14821
1573e
14731
1783d
1ded4
17572
14825
1ded6
14735
149fb
17751
14737
17484
14738
18748
14fa4
1473a
18749
14fa6
1473c
18d04
14fa8
14cd3
17b1d
1473f
17b1e
14740
17de5
14741
1c65f
14cd7
20c22
14744
19da8
14faa
20c24
181ad
1d282
18fda
14748
1d284
19dad
16eea
1c932
17840
20959
17754
1cec8
17755
1748a
20ee9
1c0be
16eef
20c25
17dec
16ef1
20eeb
17841
1cfb0
17574
14755
1ca1e
14756
1d09d
14757
20c27
1cece
18392
17ecf
1deda
1cfb3
17ed1
1d926
1c1ab
20c29
1cfb4
17ed4
20eee
1dede
1cfb7
1c0c0
20ef0
14764
1d928
14765
1d929
1ced1
14768
1cfb9
20ef3
14828
17575
18753
16fd9
20fd2
17844
14af0
20fd3
1829d
14af2
20fd4
18842
14af4
14830
17577
1c74e
16d0d
20d12
17578
20fd6
17ed8
14834
1c752
1c753
18844
14837
1d373
1509d
19e9c
182a0
20fd9
19e9e
150a0
16a3a
1c1ae
16a3b
20776
170c2
18847
16b29
1dfcb
17846
1cfba
17847
1757c
20fdb
1c1b0
16fe1
20d17
17ede
16fe3
20fdd
1c2a0
1fefe
1c56b
20779
1cfbf
18757
17ee0
1484c
1cb02
18849
1484e
1d190
17fd0
1da19
17fd1
14851
20d1c
1cb06
1884a
14854
20d1e
1ca29
1d192
20fe3
1d193
1dfd2
2077e
1cfc2
20d21
171b6
18c13
14a04
1a269
18c14
14a06
170c4
18b21
14dcc
1a177
18b22
14dce
16e00
182a1
14ebe
182a2
14ebf
18b24
14ec0
213af
17669
1491e
15193
17ee3
14920
1766b
14921
18dfa
15742
14923
18eec
15744
14925
194af
15746
1519b
1866b
213b1
1a53f
1492a
19787
1574b
1da1f
18ef1
1492d
1492e
1857d
1492f
1cb0b
170cb
18b28
170cc
14932
18b29
170ce
20e15
1c849
14935
20e16
1d0a6
171b8
18c15
14938
1a26d
18b2a
17849
1d838
1784a
1e0c7
17ee8
1493d
1d0a9
18ef3
18670
213b6
1d198
1a271
14942
1d83a
18674
1e0c9
18c17
14945
21683
14947
213ba
1cb0e
14949
1c93c
20e1c
1c93d
1494c
20e1d
14af5
181af
14a08
180c6
181b0
14a0a
14faf
17def
14a0c
17df0
14a0d
18675
14a0e
1ced5
14fb3
20ef6
14a11
15286
17fd9
14a13
1775f
14a14
18ef7
15835
14a16
18fde
15837
14a18
195a1
15839
1583a
1db0e
181b2
2176c
18fe2
14a1d
1a633
1583e
2176e
1db13
180c7
211ca
1c93f
14a22
1867a
14a23
1d19f
1867b
14a25
1cc04
1867d
21770
1d1a1
1867f
14a29
181b3
1d286
180ca
17763
14a2c
1ccee
14a2d
1d92b
14a2e
21772
18fe5
181b6
20efc
1d28a
19db7
14a33
1d92c
181ba
1dc0f
18680
14a36
20eff
1d28d
1d28e
14a39
1c942
21777
14a3c
1dc10
14a3d
1dc11
1d1a7
14af9
17c0b
19ea0
1793e
14be9
19ea2
14afd
1784f
1cfc4
1757f
20fe6
17850
21858
181bc
14b01
1cfc8
1cfc9
172ae
18761
15924
18762
15925
14b06
18fea
15927
14b08
193be
15929
14b0a
2185d
14b0c
1a722
1592d
20fea
18b2e
1d656
193c0
14b10
1d658
1a727
172b0
1ccf4
17c0e
212bd
180ce
1d290
180cf
17856
21861
1ca32
172b5
20feb
181c4
172b7
21863
17c0f
19ea4
17940
14b1d
20fed
1c570
20780
1cde7
20a4f
1d296
18766
182a9
1d37a
19ea7
182ab
14b25
20fef
1c572
20a51
1cde9
21866
1d37e
19eab
19eac
21868
14b2c
1dd02
14b2d
1dd03
20a54
1ca35
14b31
2186b
17a2f
191bf
1748f
14bed
191c0
19f95
173a0
18850
1546a
18851
1546b
14bf2
190dc
1546d
14bf4
194b1
1546f
14bf6
2194d
14bf8
17943
1cb10
170d3
210da
17944
2194e
182b2
14bfc
1cb14
1cb15
191c5
14bff
1d747
15474
1a816
18c24
21951
1a818
15477
16e02
1c576
16e03
20b3e
17946
190dd
17947
173a7
1d384
182b6
14c0a
1cdef
173aa
14c0c
210e0
17a31
191c8
17491
1d46b
1d387
1839a
1ddf0
1c663
20873
190de
182ba
14c14
19f98
191ca
14c16
20b42
1d46f
1839f
1ddf2
1c665
210e4
19f9c
191cb
14c1c
19f9f
2195a
20b45
1c57b
1cedc
210e8
1cedd
1d38a
210e9
17580
18a33
14dd0
1a085
18a34
14dd2
1555b
183a1
14fb6
183a2
14fb7
191cd
17d07
14fb9
195a2
18768
14fbb
19b5a
18d0a
15563
171c6
18948
16c1f
1cc09
17494
1cc0a
17495
21495
1894a
15293
18489
211cf
1a35b
14cf2
195a4
15567
1d841
18d0d
14cf5
14cf6
183a5
14cf7
1cedf
17497
1894b
17498
14cfa
1894c
1749a
20c31
1c66b
14cfd
20c32
1d478
17582
18a35
14d00
1a089
1848c
1dee2
1c755
203b9
1894d
17d0a
14d05
1d47b
18d0f
1848e
211d4
1d560
1a08d
14d0a
1d65c
18492
1dee5
18a37
14d0d
2149f
14d0f
211d8
1cee2
14d11
1c758
20c38
1c759
14d14
20c39
150a7
17df7
14dd4
17b26
14dd5
18d13
15650
14dd7
18e00
15652
14dd9
193c1
15654
150af
16d10
181c7
15381
181c8
15382
18a3b
15383
212bf
17b29
14de1
15656
1d930
18588
21588
18e04
14de5
1a44f
1565a
2158a
1d935
17eeb
20ff6
1c75b
14dea
18589
1d0ac
17eee
17589
18a3d
1758a
14dee
18a3e
1758c
20d23
1c75d
14df1
20d24
1d56a
17764
1d74c
17765
1dfd5
17b2d
14df6
2158e
18d17
18b31
14df9
1d0af
1a17e
1858e
2158f
1cb18
14dfd
1d74f
14dfe
212c9
1d0b3
1d0b4
20d28
1c75e
21593
14e04
1dfd8
14e05
1dfd9
1d56f
14ecc
18591
1a81a
17d0c
14fc0
1a81c
14ed0
1849f
1a728
17c1a
15388
1a72a
14ed4
17c1b
1d38c
1794b
2195e
17c1c
21c34
18b36
14ed8
1d390
1d391
18593
21688
1cdf3
14edc
18b38
14edd
1d661
18b39
14edf
1d0b8
18b3b
21c37
1d663
18b3d
14ee3
18c27
1d752
18596
17c21
14ee6
1cee4
14ee7
1d1a9
14ee8
21c39
193c6
191d5
14eeb
1d755
1a278
213c4
1cee7
21c3a
1d756
1a823
14ef0
21967
1d759
1cee8
21968
1cee9
1a826
1d75b
14ef6
2196a
1d0bb
1d669
14fc2
18683
1a360
17e00
150b2
1a362
14fc6
17d0f
1d47e
17a3d
214a4
17d10
21d26
18c30
14fca
1d482
1d483
18685
2177a
1ceeb
14fce
18c32
14fcf
1d75d
18c33
14fd1
1d1b0
18c35
21d29
1d75f
18c37
14fd5
1876d
1d844
18688
17d15
14fd8
1cfd6
14fd9
1d29b
14fda
21d2b
195a9
18770
214aa
1cfd8
14fde
1d29d
14fdf
20f0b
1d849
18c38
14fe2
214ad
1d84b
1cfda
214ae
1cfdb
1a36c
1d84d
14fe8
1ceef
21d31
1d765
150b4
181c9
1a452
17ef2
151a4
1a454
150b8
17e03
1d570
17b2f
21596
17e04
21e18
18776
150bc
1d574
1d575
181cb
2186c
1cfdd
150c0
18778
150c1
1d84f
18779
150c3
1d2a2
1877b
21e1b
1d851
1877d
150c7
18861
1d936
181ce
17e09
150ca
1cb1c
150cb
1d393
150cc
21e1d
195ae
18e0d
150cf
1d939
19eb0
20ffc
1cb1f
21e1e
1d93a
1a45b
150d4
2159f
1d93d
1cb20
215a0
1cb21
1a45e
21e22
150da
1cfe1
21e23
1d857
151a6
182bd
1a544
17fe4
15296
1a546
151aa
17ef5
1d0bc
17681
2168a
17ef6
21f0a
1886a
151ae
1d0c0
1d0c1
182bf
2196c
1cb23
151b2
1886c
151b3
1d941
1886d
151b5
1d39a
1886f
21f0d
1d943
18871
151b9
18953
1da28
182c2
17efb
151bc
1cc0e
151bd
1d485
151be
21f0f
196a0
18eff
151c1
1da2b
19fa2
210ee
1cc11
21f10
1da2c
1a54d
151c6
21693
1da2f
1cc12
21694
1cc13
1a550
21f14
151cc
21696
1d39d
1d949
15298
183af
1a636
180d6
1538c
1a638
1529c
17fe7
1d1b4
17775
2177c
17fe8
21a50
1895c
152a0
1d1b8
1d1b9
183b1
214b2
1cc15
152a4
1895e
152a5
1da33
1895f
152a7
1d48c
18961
21a53
1da35
18963
152ab
18a45
1db1a
183b4
17c22
1d576
17c23
1dc13
17fed
152b0
21a55
19792
18ff1
152b3
1db1d
1a094
211e0
1cd03
21a56
1db1e
1a63f
152b8
21785
1db21
1cd04
21786
1cd05
1a642
1db23
152be
21788
1d48f
1da3b
1538e
180d9
1d2a6
17867
2186e
180da
21b42
18a4e
15392
1d2aa
1d2ab
184a6
215a4
1cd07
15396
18b41
1d66a
184a9
17b37
18ff6
17b38
1539a
18ff7
17b3a
212cf
1cd09
1539d
212d0
1db28
17d16
1d0c2
17d17
1dd05
180df
153a2
21b47
192d8
190ea
153a5
1d66d
1a186
212d2
1cdfb
21b48
1d66e
1a731
153aa
21877
1d671
1cdfc
21878
1cdfd
1a734
1d673
153b0
2187a
1d581
1db2d
1547e
18b49
1adcc
182c7
15572
1adce
15482
18a57
1acda
181d5
1593a
1acdc
15486
190ee
15487
1d675
17c29
196a3
17c2a
1548a
196a4
17c2c
2196f
1d3a1
1548d
21970
1dc1c
17d1a
19795
15490
1add1
196a5
183b8
1d490
183b9
1d767
18a5b
15495
1dc1f
19a6c
191e3
21f1a
1a82a
15499
1d493
1549a
21973
1dd0f
19797
1549d
221f5
1d494
221f6
1d495
1dd12
154a1
1d3a2
221f8
154a4
21977
15662
18d24
15575
18c3c
18d25
15577
17776
1d496
17777
214b4
182ca
19a6f
182cb
17d1f
1dd16
191eb
1557e
1d76f
17d22
15580
21a5e
183bc
19b5d
17e0d
1ddfd
1dd19
18d27
1d858
1a099
211e7
19a70
18d28
1ddfe
1a919
18d2a
1d85a
1a09b
21a61
1a91a
18d2d
222e6
19a71
1a91c
19b60
15590
1d85c
15591
1d85d
15593
21a65
1d770
15595
1dd1c
21a67
17efc
193cb
15755
1aa05
193cc
15757
17e0e
1d85e
18784
21e26
18c41
1de06
18c42
183c0
223d3
1d58a
17e13
21b4f
18d33
17e15
223d5
18785
1aa08
184af
15675
21b51
1a18a
212d8
1a461
215a9
1de0c
192e1
18e1a
1def0
1aa0b
18e1c
1d94c
1a18d
21b53
1aa0c
18e1f
223d8
1def4
1aa0f
1a18e
215ac
1a18f
15684
21b57
1def7
215ae
1d58d
15689
223dd
1859e
19d3f
17fef
1575a
19d40
1aaf9
18875
21f22
1d0cf
1575e
18e21
1575f
1def9
18e22
15761
1d952
18e24
224c6
1defb
18e26
15765
18f0a
1dfe0
18878
184b3
15768
1a552
15769
1d1bb
1576a
224c8
19c55
194c0
1576d
1dfe3
1a27e
2169c
1a555
224c9
1dfe4
1aaff
15772
21c49
1dfe7
1a556
21c4a
1a557
1ab02
224cd
15778
21c4c
1d955
1df01
1584a
18965
1abe8
18691
1593e
1abea
1584e
18f12
1584f
1da43
17ff3
194c2
17ff4
15852
194c3
17ff6
2178b
1d1c3
15855
2178c
1dfee
180e2
195b1
15858
1abed
18ffd
1db2e
19dc3
20f11
194c4
1887b
1585d
1dff1
19888
18fff
21d38
1a646
15861
1d2af
15862
2178f
1e0d7
195b3
15865
22011
1d2b0
22012
1d2b1
1e0da
15869
1d1c4
1da47
1586c
21793
17b3e
1d2b2
17b3f
2187c
181dc
1997c
17c31
1dc23
1896b
1e0dc
1896c
18696
220fd
1d2b4
180e9
21e27
19009
180eb
220ff
19eb4
21002
1a737
2187f
1e0e1
1988c
1900b
15950
1ace0
1997e
15952
1d3a6
190fb
1d67d
190fc
15955
21e2c
1ace4
1997f
15958
1d67e
15959
1d67f
21883
1ace7
1db38
1595d
1e0e4
21e31
18f1a
15a2c
15fd7
17778
18f1b
15fd9
15a30
1f0d2
16ef8
162ac
1988e
18f1d
162ae
1e75e
19891
16fe8
1a558
1ba24
1a283
15a3a
1ba25
1b1a4
1fff3
15a3d
15a3e
195b9
18f1f
18f20
1d1c6
15a41
1ab07
1a286
1f0d3
1da49
18f24
1e851
19b66
15a48
1b1a5
15a49
1b1a6
1efe0
1ab0b
1e2a8
1a560
1a28b
216a3
1ba29
1da4b
15a4f
216a5
15b1d
160c9
1694d
15b20
195bc
16fea
160cd
15b23
196aa
16a3c
15b25
192e2
19982
15b28
1fb38
15b2a
1abf6
1f2b6
1a64b
16ff1
1f2b8
1b56c
15b2e
16ff4
181de
19c57
19984
19dca
1db3a
19013
1e397
1a64e
15b35
1e0e7
1e399
1f1c6
15b39
19dcd
1b56d
19dce
1b56e
15b3c
1d2ba
21794
1abfe
1a653
15b3f
1e2ae
1e0e9
1e2af
15b43
15d00
16a3e
16b2f
161bd
19985
170db
19100
162af
19d49
16b32
16491
19a73
15c19
1fc2a
15c1b
16b35
1b386
15c1d
1ace9
1b387
15c1f
1bc0a
16b39
1f955
1887c
15c23
1e761
1a73e
1dc2c
19ebd
15c26
1acec
19107
1e48a
15c29
15c2a
197a0
1a741
1bc0b
1a742
1bc0c
19ec1
1d682
15c2f
1e39f
1acf1
1b38b
15c32
1e48e
15c34
1e946
191f0
16c21
15fdc
19b68
15d05
162b1
17a4e
191f2
162b3
15d09
1edfc
16c24
16587
16c25
16c26
19fac
1b74e
16c28
1f49b
1b74f
16c2a
1fa47
1f49d
202ca
191f4
18c46
15d16
1addc
1e57a
1a831
191f8
1eb27
1d49d
15d1a
191fb
192e5
22016
1addf
1e490
1ade0
1ea37
1a835
1dd20
19fb4
15d22
1e57f
1b753
1d49f
2197a
1e581
1ed0e
15df4
17596
1878b
15df6
163a2
16678
15df9
192e7
16d15
163a6
15dfc
193d5
1eb29
19c5c
16e04
1a374
1bdec
1a09f
15e02
1bded
1afc0
1fe0f
15e05
15e06
193d6
18d3b
18d3c
1d58e
15e09
1a923
1a0a2
1eeef
1d865
18d40
1ec1a
19988
15e10
1afc1
15e11
1afc2
1edff
1a927
1e670
1a37c
1a0a7
214bf
1bdf1
1d867
15e17
214c1
15ee6
194c9
1685d
15ee8
196b0
19d4e
15eeb
173b1
1676b
15eed
1ff00
193da
1ec1b
19d4f
16f02
1a466
1bede
1a191
15ef4
1bedf
1b0b2
1ff01
15ef7
15ef8
194ca
18e2d
18e2e
1d0d4
15efb
1aa15
1a194
1efe3
1d957
18e32
1e763
19a7a
15f02
1b0b3
15f03
1b0b4
1eef1
1aa19
1e1ba
1a46e
15f06
1e675
1bee3
1d959
15f09
1e677
15fdf
16499
16e11
174a5
1658b
15fe4
1f682
15fe6
174a8
1b754
15fe8
1b0b7
1b755
15fea
1bfd2
174ac
202cc
1a19a
1d776
194d0
1e857
1ab11
194d2
1ee01
1e859
1f684
15ff4
1b0bb
21c4e
1dffb
1a83e
1ba2d
1a83f
1ba2e
15ff8
1e765
1b0bf
1b759
15ffb
21c51
160d2
1667b
16f04
160d5
20690
19b6e
1ee03
160d9
1b1a8
1f865
1ac01
1759d
1f867
1bb1e
160dd
175a0
195c1
1b1aa
160e0
1e0eb
1a381
160e2
1b1ac
195c5
1eef4
1e586
1ac05
1e94c
1d86b
160e8
1b849
160e9
1b84a
1f685
1b1b0
1ac09
160ec
1e860
1e94f
1f686
161c5
1676e
17f08
17688
196b2
16ff7
171cf
1acf2
1c1b4
1a471
161cd
1c1b5
1b93a
20783
161d0
161d1
1acf4
1ea3a
1d95b
196b5
1ea3c
1acf6
161d5
196b8
19d51
1a475
1dc32
19dd5
21e33
1b2a0
1e950
1b2a1
1eef6
1acfa
1a479
21e34
1c1b9
161e0
1eef7
197a3
162b8
17779
171d1
16862
162bb
171d2
1a562
1bd00
171d4
1fa4a
1bd01
171d6
1fff5
1fa4c
20876
1a564
1dd22
19ec5
162c5
1b38f
1a566
1f3ad
162c8
162c9
19ec6
1da4e
162cb
1eb31
1adea
1c2a9
1adeb
1c2aa
1a56a
162cf
1eb32
1bd05
1ea45
162d3
1649a
16c2d
172c2
16953
163ac
1f49e
163ae
172c5
1b570
163b0
1aed3
1b571
163b2
1c39a
172c9
200e8
19fb6
1db3e
192ec
1ec1f
1a92d
192ee
1f1c9
1ec21
1f4a0
163bc
1aed7
21a6a
1de17
1a65a
1bdf5
1a65b
1bdf6
163c0
1eb35
1aedb
1b575
163c3
21a6d
1649b
16a44
17c32
1795e
193dc
16d21
174ae
1aa1c
1c48a
1a747
164a3
1c48b
1b664
204ad
164a6
164a7
1aa1e
1e768
1d685
193df
1e76a
1aa20
164ab
193e2
19a7c
1a74b
1df08
1a0ab
21b5d
1afca
1ec26
1afcb
1f1cc
1aa24
164b3
1ec27
1c48f
21b5f
1f1cd
19a7d
1658f
16b3f
182d1
17ffc
1f2bf
16594
1b668
202cd
1b0c1
17a56
202cf
1bfd8
16598
17a59
19a7e
1b0c2
1659b
1dd27
1adf1
1659d
1b66c
19a82
1f3b2
1a752
1dd28
1a1a1
221fc
1b66e
1ed14
1b66f
1f2c0
1b0c8
1adf7
221fd
1c581
165a8
1f2c1
19b6f
16682
180ed
17b45
174b1
17b46
1b1b2
1c66e
1a935
16688
1c66f
1bdfa
20c3d
1668b
1668c
1a936
1eef8
1a843
19b72
1eefa
1b1b6
16690
19b75
1a292
1b75f
16693
1eefd
1b1b8
1c671
1b1b9
1c672
1a93c
16697
1eefe
1c0cd
1ee11
1669b
16863
175a1
1768a
16d24
16776
1768c
1aa26
1c1ba
1768e
1ff06
1c1bb
17690
204af
1ff08
20d30
1a388
1df0a
19dd7
16780
1b84f
1aa2a
1f869
16783
16784
1b2a9
223df
1df0d
1aa2c
1c1bd
1aa2d
1c1be
16788
1ef01
1b855
1beef
1678b
223e2
16864
16e14
170e8
16867
20e20
16869
1777f
1ba30
1686b
1b93f
1ba31
1686d
1c854
17783
205a2
19ec8
1b940
19d55
1f0dd
1b399
19d57
1f687
1f0df
1f95c
1ab1d
1f0e0
1a47d
16878
1ba33
16879
1ba34
1f86b
1b946
1b39f
1687c
1eff4
1f0e3
1f86c
16957
16f07
18699
17e18
1f689
1695c
1b484
200e9
1aedd
17873
200eb
1c3a0
16960
17876
1989a
1aede
16963
1e0ef
1ac0d
16965
1b488
1989e
1f77a
1a56e
1e0f0
19fbd
22018
1b48a
1f0e4
1b48b
1f68a
1aee4
1ac13
22019
1c949
16970
1f68b
172cb
17960
16ffa
16a4c
17962
1acfc
1c490
17964
201dc
1c491
17966
20785
201de
20a5a
1a65e
1dc34
1a0ad
16a56
1b579
1ad00
1fb41
16a59
16a5a
1afd3
22109
1dc37
1ad02
1c493
1ad03
1c494
16a5e
1ed1e
1afd7
1bc19
16a61
1f1d9
16b41
170eb
1887f
185a9
1f86d
16b46
1bc1a
20879
1b673
18002
2087b
1c584
16b4a
18005
19ecc
1b674
16b4d
1e3a4
1b675
1cb2b
1b676
1cb2c
1b3a5
1f3b8
1bc20
1c587
1e3a6
16b55
171dc
17a5c
16c35
211e8
16c37
180f3
1c3a4
16c39
1bd0d
1c3a5
16c3b
1cc1c
180f7
2096a
1a846
1bd0e
19fbf
1f4a9
1bd0f
1f3ba
1bd10
1f960
1b769
16c43
1f3bb
1cc1f
1f4ab
1f961
17b4d
17c36
172d0
16d28
17c38
1afd8
1c766
17c3a
204b2
1c767
17c3c
20a5b
204b4
212dc
1a93e
1e587
1a38d
16d32
1c499
16d33
1c49a
202d1
1be03
1afde
16d36
1f4ae
16d38
202d2
16e18
182d2
17d29
17695
17e19
1b948
1cdfe
1b0cb
16e1e
1cdff
1bfde
213cd
16e21
16e22
1b0cc
1f68c
1aa31
1b0cd
1c85b
1b0ce
1c85c
16e26
1e67b
1b94e
1bfe1
16e29
1f5a1
16f09
174b3
18c47
183c5
1fc35
16f0e
1ba36
20695
1b48f
17e1f
20697
1c94c
16f12
17e22
1a294
1b490
16f15
1e1c0
1b491
1cef3
1b492
1cef4
1b1c1
1f780
1ba3c
1c94f
1e1c2
16f1d
175a4
17878
16ffd
21004
16fff
17f0f
1c1c0
17001
1bb29
1c1c1
17003
1cfe4
17f13
20d32
1a662
1bb2a
19ddb
1f2c9
1bb2b
1f782
1bb2c
1fd28
1b585
1700b
1f783
1cfe7
1f2cb
1fd29
17f15
185aa
17698
170f0
185ac
1b94f
1cb2e
185ae
20e26
1cb2f
185b0
213cf
20e28
216a8
1b2b5
1e954
1ad09
170fa
1c861
170fb
1c862
20699
1c1cb
1b955
170fe
1f872
17100
2069a
171e0
18c48
1869e
18009
1869f
1bd13
1d1ca
1b496
171e6
1d1cb
1c952
21799
171e9
171ea
1b497
1fa54
1b3a8
1b498
1cc23
1b499
1cc24
171ee
1ea48
1bd19
1c955
171f1
1f969
172d1
1787b
19018
1878f
1fffd
172d6
1c3aa
20a5d
1be06
181e8
20a5f
1cd14
172da
181eb
1a664
1be07
172dd
1eb39
1be08
1d2bf
1be09
1d2c0
1b58c
1fb48
1c3b0
1cd17
1eb3b
172e5
1796c
17c40
173c5
2197c
173c7
182d8
1c588
173c9
1c49d
1c589
173cb
1d3b0
182dc
210fa
1aa32
1c49e
1a757
1fc39
1c49f
1fb4a
1c4a0
200f0
1befc
173d3
1fb4b
1d3b3
1fc3b
200f1
17d31
183c7
17a60
174b8
183c9
1b76b
1cef6
183cb
20c42
1cef7
183cd
211eb
20c44
214c4
1b0d1
1e770
1ab25
174c2
1c67d
174c3
1c67e
204b5
1bfe7
1b771
174c6
1fc3e
174c8
204b6
175a8
18a64
184ba
17e25
185b3
1bb2f
1d592
1b85e
175ae
1d593
1c76e
215b5
175b1
175b2
1b85f
1f874
1b1c4
1b860
1cfeb
1b861
1cfec
175b6
1e864
1bb35
1c771
175b9
1fd31
17699
17c43
193e3
1910c
203c5
1769e
1c772
213d1
1c1ce
18b5d
213d3
1d0e0
176a2
18b60
1aa34
1c1cf
176a5
1ef05
1c1d0
1d68b
1c1d1
1d68c
1bf03
1ff10
1c778
1d0e3
1ef07
176ad
17d34
185b5
1778d
21d44
1778f
18c4e
1cefc
17791
1c865
1cefd
17793
1d77c
18c52
214c6
1b3a9
1c866
1ab27
20001
1c867
1ff12
1c868
204b8
1c2c4
1779b
1ff13
1d77f
20003
204b9
186a6
18791
17e28
17880
18793
1bb36
1d2c2
18795
2100a
1d2c3
18797
215b7
2100c
21e38
1b49c
1f0e8
1aef0
1788a
1cff1
1788b
1cff2
20e29
1c95b
1bb3c
1788e
20006
17890
20e2a
17970
18e35
18884
181ee
18974
1c4a3
1d95e
1bc29
17976
1d95f
1cb36
21f29
17979
1797a
1bc2a
201e4
1b58f
1bc2b
1d3b7
1bc2c
1d3b8
1797e
1f1dc
1c4a9
1cb39
17981
200f9
17a61
1800b
197ab
18f28
2078d
17a66
1c58e
211ed
1bfea
1897a
211ef
1d4a8
17a6a
1897d
1adfc
1bfeb
17a6d
1ed21
1bfec
1da53
1bfed
1da54
1bd1f
202d8
1c594
1d4ab
1ed23
17a75
180fc
183d1
17b55
21b60
17b57
18a6a
1cd18
17b59
1c681
1cd19
17b5b
1db44
18a6e
2188e
1b1c5
1c682
1a943
1fe21
1c683
202da
1c684
20880
1c0e0
17b63
202db
1db47
1fe23
20881
18a70
1910d
181f1
17c48
1910f
1c4aa
1d68e
19111
21982
1d68f
19113
21f2b
21984
22201
1be13
1f4b0
1b867
17c52
1d3bd
17c53
1d3be
211f1
1cd23
1c4b0
17c56
203ca
17c58
211f2
17d38
197ac
19201
18b64
19202
1c86b
1dd2a
1bff1
17d3e
1dd2b
1d4ae
222f2
17d41
17d42
1bff2
205ac
1bf06
1bff3
1d783
1bff4
1d784
17d46
1f5a4
1c871
1d4b1
17d49
204c1
17e29
183d4
19b76
192f3
20b55
17e2e
1cf02
215b9
1c95e
18d4b
215bb
1d874
17e32
18d4e
1b1c7
1c95f
17e35
1f695
1c960
1de1f
1c961
1de20
1c0e7
206a0
1cf08
1d877
1f697
17e3d
184c5
1879b
17f1d
224d5
17f1f
18e3b
1d0e4
17f21
1cff5
1d0e5
17f23
1df10
18e3f
21c56
1b590
1cff6
1b2ba
20791
1cff7
206a2
1cff8
20c48
1ca54
17f2b
206a3
1df13
20793
20c49
1888c
18f2a
185b9
18010
18f2c
1c2c6
1da56
18f2e
2179e
1da57
18f30
21d47
217a0
2201d
1bc2f
1f2cc
1b683
1801a
1d1d9
1801b
1d1da
2100d
1cb3f
1c2cc
1801e
20796
18020
2100e
18100
195c8
1901d
18980
19116
1c687
1e0f2
1c3b9
18106
1e0f3
1d2ca
2210e
18109
1810a
1c3ba
203cc
1bd22
1c3bb
1db4b
1c3bc
1db4c
1810e
1f3c0
1c68d
1d2cd
18111
20889
181f2
1879e
181f4
196bd
19ddc
1d96a
196bf
1e3a8
19dde
181f9
1d2cf
1e3a9
21f30
1cd27
20974
1cd28
20f1e
1d96f
1b592
1cd29
18200
1fa5d
1cd2a
18202
20976
18204
217a2
182e5
1e499
182e7
197b1
1d3c0
182e9
1dd31
197b3
21a74
1ce18
197b5
197b6
1c59e
1dd33
1c59f
1dd34
19ed3
182f1
1c5a0
20b58
1c4b2
1c5a1
20b5a
1d3c6
20b5b
21011
19209
198a1
21101
183da
1cf09
21b65
1db4f
183dc
1de24
1c68f
183de
183df
19fc3
1db51
19fc4
1db52
183e2
20b5d
1bff7
1fc40
1ba4e
183e5
1fc42
1cf0f
1fc43
183e9
18a73
193e7
18d50
194d8
1c780
1df14
1a0b3
22202
1d696
193ec
21c59
22203
184d2
1d5a6
184d3
1d5a7
214cb
1df19
1bb3f
1d5a8
1b869
20d3d
1d5a9
1c786
184d9
20c51
185ba
18b66
185bc
194da
1a1a4
1d786
194dc
1e1c4
1a1a6
185c1
1d0eb
1e1c5
21d4c
1cb43
20d40
1cb44
212e6
1d78b
1b95a
1cb45
185c8
1f879
1cb46
185ca
20d42
185cc
215be
186ad
1e2b5
186af
195cd
1d1dc
186b1
1e0f9
195cf
21e3c
1cc34
195d1
195d2
1c966
1e0fb
1c967
1e0fc
1a29b
186b9
1c968
20978
1c2ce
1c969
2097a
1d1e2
2097b
213d9
195d3
187a1
19c6b
1d2d5
187a3
1df1b
19c6d
224db
1d2d6
19c6f
19c70
1a393
1df1d
1a394
1df1e
19de7
187ab
1d006
21012
1c96c
1d007
21014
1d884
21015
214cf
196c5
18893
19d5e
1d3c7
18895
1e00d
19d60
22021
1d3c8
19d62
19d63
1a485
1e00f
1a486
1e010
19ed9
1889d
1cb4c
21104
1ca5e
1cb4d
21106
1d976
21107
215c1
197b7
18985
198a4
1d4b9
18987
1e0ff
198a6
22113
1d4ba
198a8
198a9
1a577
1e101
1a578
1e102
19fcb
1898f
1cc3e
211f6
1c5a4
1cc3f
211f8
1da68
211f9
216b3
192fd
18a77
19996
1d5ab
18a79
1dc45
19998
22205
1d5ac
1999a
1999b
1a669
1dc47
1a66a
1dc48
1a0bd
18a81
1cd30
212e8
1c696
1cd31
212ea
1db5a
212eb
217a5
193ef
18b69
19a88
1d0f1
18b6b
1dd37
19a8a
222f7
1d0f2
19a8c
19a8d
1a75b
1dd39
1a75c
1dd3a
1a1af
18b73
1ce22
213da
1c788
1ce23
213dc
1d6a0
213dd
21897
194e1
18c5b
19b7a
1d1e3
18c5d
1de29
19b7c
223e9
1d1e4
19b7e
19b7f
1a84d
1de2b
1a84e
1de2c
1a2a1
18c65
1cf14
20f24
1c87a
1cf15
20f26
1d792
20f27
21989
19b80
18d54
1d5b2
18d55
1d5b3
222fa
1a946
1c96d
1de30
1c0ee
215c3
1de31
1d5b6
18d5b
214d3
18e44
19c73
1a488
1df20
1a489
1df21
1a1b2
18e49
1d0fa
216b4
1d00a
1d0fb
216b6
1df24
216b7
21b6d
19d64
18f38
1d1ea
18f39
1d1eb
224de
1ab2a
1c5a5
1e014
1c2d2
217a7
1e015
1d1ee
18f3f
216bb
19028
198ab
1a66c
1e104
1a66d
1e105
19dea
1902d
1d2de
21898
1cc42
1d2df
2189a
1e108
2189b
21d51
1999c
1911c
1d3ce
1911d
1d3cf
22116
1ad0e
1c789
1dc4c
1c4b6
2198b
1dc4d
1d3d2
19123
2189f
1920c
19a8f
1a850
1dd3c
1a851
1dd3d
19fce
19211
1d4c2
214d4
1ce26
1d4c3
214d6
1dd40
214d7
21f35
1a66f
1de33
19fd0
1db61
19fd1
1db62
19303
20b61
1db64
1a671
19306
20b62
22027
19309
1a761
1df25
1a0c2
1d6a7
1a0c3
1d6a8
193f5
20c53
1d6aa
1a763
193f8
20c54
22119
193fb
1a853
1e017
1a1b4
1d799
1a1b5
1d79a
194e7
20d45
1d79c
1a855
194ea
20d46
2220b
194ed
1a399
1e109
1a2a6
1d88b
1a2a7
1d88c
195d9
20e37
1d88e
1a39b
195dc
20e38
222fd
195df
1a48b
1dc4f
19dec
1d97d
19ded
1d97e
196cb
2097d
1d980
1a48d
196ce
2097e
223ef
196d1
1a57d
1dd41
19ede
1da6f
19edf
1da70
197bd
20a6f
1da72
1a57f
197c0
20a70
224e1
197c3
1a580
1e10e
19fd5
1b4a3
19fd6
1da73
198af
2110d
1a584
1ac22
198b2
2110e
1ea4d
198b5
1a672
1dc54
1a0c7
1b595
1a0c8
1db65
199a1
211ff
1a676
1ad14
199a4
21200
1eb3f
199a7
1a764
1dd46
1a1b9
1b687
1a1ba
1d6ab
19a93
212f1
1a768
1ae06
19a96
212f2
1ec31
19a99
1a856
1de38
1a2ab
1b779
1a2ac
1d79d
19b85
213e3
1a85a
1a94c
19b88
213e4
1e777
19b8b
1a39c
1df2a
19df1
1b86b
19df2
1d88f
19c77
20f29
1a3a0
1aa3e
19c7a
20f2a
1e869
19c7d
1a48e
1e01c
19ee3
1b95d
19ee4
1d981
19d69
2101b
1a492
1ab30
19d6c
2101c
1e95b
19d6f
1b3b3
1e3b0
19ee9
218a0
19df8
224ec
20a73
19dfa
1a2af
223f8
19dfd
20f2c
23a5c
21e4e
1a2b3
23a5e
19e01
1b86d
223fb
1b2c4
1a3a3
1df31
19e04
1d892
1df33
19e06
21f42
1df35
19e08
20c56
223fc
206ab
2acbf
20f30
1a3ab
2acc0
224f0
1df3b
20c58
223ff
206ad
266cb
20982
266cc
20983
2acc3
22401
1a3b3
1ad15
1e2c1
1a494
1dc5a
1b2c7
1e86b
1ac24
19e18
1db67
22030
1d2e8
1a67b
217b1
1e2c4
21e52
1ac29
19e1d
1e95d
1ac2b
19e1f
26b87
1ec33
1a682
21e53
1a683
1e3b9
23e24
21f43
19e25
23e26
1ec35
26b8b
22f08
19e28
19e29
1d985
217b4
1d2ea
1d1f3
217b5
19e2d
21f45
1dc5e
21020
1d989
21021
1d98a
21f46
2098a
1d98c
22218
21993
1d98e
19e35
1d990
264e6
21111
2a716
21f4a
19e39
235a5
1d994
2a718
264eb
206b0
21e57
20101
2611f
203d4
26120
203d5
2a9e9
21e59
1dc6b
2098e
22405
217b7
1e2c8
19e45
218a4
23b52
224f3
1e3bf
2acc7
23b55
2098f
263f4
218a6
2a9eb
217b8
20f3b
26b8f
22595
20993
19e4f
263f6
20995
2a71e
218a7
20f3c
19e53
235a8
19e54
26211
19e55
26b92
22688
21f52
264ee
21f53
264ef
22689
22598
2a722
23b5a
26b95
22d24
26b96
22d25
19e60
2a725
263f9
19eee
21a84
1e4a3
21a85
19fdc
23695
21115
19fde
1ab31
1e687
1a496
1e022
1d3d7
215d2
1cb56
19ef7
1ea4e
1e026
19ef9
21a88
1e028
216bc
1a49d
216bd
1a49e
224f7
21029
1a4a0
19eff
1a4a2
216be
19f01
216bf
19f02
21f54
19f03
267bf
1a4a6
2a80a
19f06
1da75
224fc
1b3b8
1a769
1bc35
19f09
1b68a
1ad19
218a8
1a76c
1dc6d
1e3c3
1a76e
2102d
19f0e
218ab
1ad1e
19f10
1ea4f
1ad20
1a773
26c7a
20a79
26c7b
19f15
22308
1ad25
23f17
1e4ad
19f18
22ff9
1ad28
26c7e
22ffb
1ce2b
20a7a
1c5aa
1dd4e
20a7b
1d2ee
1dd4f
19f20
207a0
21f59
201f1
2a258
20a7d
1da7d
2a259
214d9
1da7f
2a25a
21a8e
1dd57
21a8f
19f29
265d9
1da84
230ea
214dc
2a25d
230ec
1da87
1dd58
21118
19f2f
21119
19f30
21998
19f31
26219
1dd5c
2a261
19f34
218ae
19f35
26c7f
22500
20b66
22039
1e4b0
23699
22776
1e4b2
19f3b
21f61
19f3c
264f3
20a84
19f3e
22501
20a86
2a80e
22692
21f65
2a80f
2621f
20b67
2369c
22693
21a95
265de
22e13
29f85
22779
19f48
2a266
230f0
2a812
230f1
19f4b
2a813
22695
19f4e
2277d
2a815
26306
2a816
26307
264f6
19f53
1a0cb
1afec
19fe1
21206
23786
21b7c
1a0cf
23788
19fe5
1b4a5
2203c
1aefc
1a589
1e117
19fe8
1da89
1e119
19fea
21b7d
1e11b
19fec
20e3a
2203d
2088f
2a8f7
2111e
1a591
2a8f8
22129
1e121
20e3c
22040
20891
268af
20b68
268b0
20b69
2a8fb
22042
1a599
1a94d
1e4b3
1a685
1de3e
1aeff
1ea51
1ae0a
19ffc
1d79f
2221c
1d4cc
1a85f
2199f
1e4b6
21a9d
1ae0f
1a001
1e86c
1ae11
1a003
26d6b
1e86d
1a866
21a9e
1a867
1e59e
24008
21b7f
1a009
2400a
1e86f
26d6f
22b40
1a00c
1a00d
1db6b
219a2
1d4ce
1d3df
1d4d0
1a011
21b81
1de42
21208
1db6f
21209
1db70
21b82
20b70
1db72
2240d
215d4
1db74
1a019
1db76
266d0
212f5
2a34e
21b86
1a01d
231dd
1db7a
2a350
266d5
20894
21aa2
202e5
26309
205b8
2630a
205b9
2abcd
21aa4
1de4f
20b74
22046
219a5
1e4ba
1a029
214e1
2378a
2212c
1e5a4
2a8ff
2378d
20b75
265e4
214e3
2abcf
219a6
21129
26d73
22783
20b79
1a033
265e6
20b7b
2a356
214e4
2112a
1a037
231e0
1a038
25e49
1a039
26d76
2286c
21b8e
266d8
21b8f
266d9
2286d
22786
2a35a
23792
26d79
22f0e
26d7a
22f0f
1a044
2a35d
265e9
1a0d2
21c6c
1e689
21c6d
1a1c0
23879
212f9
1a1c2
1a94f
1e5a6
1a3b5
1be1a
1d5bb
21aad
1a952
1a0db
1e68b
1a954
214e7
1a3ba
26e5a
1e68c
1a3bc
1ef08
1e68e
1a959
1a0e2
2120f
1a0e3
1a686
1dc6e
1a0e5
1b59a
1cd3b
21210
1a689
1dc71
1e3c9
1a68b
22221
1e690
1a68d
21211
1a0ec
20997
1a0ed
22132
1dc78
1a0ef
2a9ef
1a0f1
21214
263fa
20999
2a9f0
21215
26e5e
21b93
1a0f5
263fe
263ff
1aff1
21b94
1aa42
1a0f9
22505
1a95d
240fb
1e693
1a0fc
22c31
1a960
26e62
22c33
1d011
20c62
1c78e
1df3f
1a102
21218
1df40
1a104
203dc
21b95
1fe29
2a43c
20c65
1d6b7
2a43d
216c5
1d6b9
2a43e
21c76
1df48
21c77
1a10d
267c3
1d6be
232ce
216c8
2a441
232d0
1d6c1
1df49
212fc
1a113
212fd
1a114
215d9
1a115
25e51
1df4d
2a445
1a118
214eb
1a119
26e63
22139
20d4e
22225
1e696
2387d
2295a
1e698
1a11f
21b9d
1a120
266dd
20c6c
1a122
2213a
20c6e
2a9f6
22876
21ba1
2a9f7
25e57
20d4f
23880
22877
21c7d
267c8
22ffd
2a169
2295d
1a12c
2a44a
232d4
2a9fa
232d5
1a12f
2a9fb
22879
1a132
22961
2a9fd
25f3e
2a9fe
25f3f
266e0
1a137
1a2b5
1b1d0
1a1c5
213ea
2396a
21d62
1a2b9
2396c
1a1c9
1a4a9
1bf0b
1a1cb
1b962
1aa46
215df
1a4ac
1df50
1e1d1
1a4ae
1effa
1e1d3
1a4b0
1a1d2
20d50
22228
1e69c
1a4b3
269a2
20d51
269a3
1b0e1
1a779
1dd61
1a1d8
1d6c2
21ba4
1d104
1a77c
1dd65
1a1dc
21d64
1dd67
1a1de
20a8a
2222b
204cb
2aadf
21304
1a783
2aae0
22315
204cc
21f6b
1a786
21f6c
1a787
2222f
1a788
269a5
21308
1a1e8
1a868
1e02e
1a1ea
1d7a2
1e1d7
23c40
21d65
1a1ed
23c42
1ea55
269a7
22d2a
1a1f0
1a1f1
1d7a3
215e3
1d106
1d107
1d5c4
1a1f5
21d67
1e033
213ec
1d7a7
213ed
1d7a8
21d68
20d58
1d7aa
2204e
217c3
1d7ac
1a1fd
1d7ae
268b4
20f3e
2a532
21d6c
1a201
233c1
1d7b2
2a534
268b9
204d0
21c8a
1ff1d
25f41
207a4
25f42
207a5
2a819
21c8c
1e040
20e40
22317
1e1dc
2396f
22a4c
1e1de
1a20e
215e5
1a20f
269aa
22233
20d5d
267ce
216cf
2a81b
215e7
2130d
269ab
22967
20d61
1a217
267d0
20d63
2a53a
216d0
20f3f
2602c
20f40
268bb
2130e
1a21d
269ae
22a50
21d74
268bc
21d75
268bd
22a51
2296a
2a53e
23976
269b1
22b46
269b2
22b47
1a228
2a541
267d3
1b1d1
21d76
1ac39
1a2bd
1a59b
1ba51
1b1d4
1e77e
1ab38
1a2c1
1da8b
2250b
1e1e1
1a5a0
213f2
1a2c4
216d4
1ab3d
1a2c6
1eb44
1ab3f
1a5a5
26a94
20e43
26a95
1b1d5
1a86b
1de53
1a2cc
1d7b4
21c96
1d1f8
1a86e
22412
1e2d0
1a870
22413
205bc
21aaf
1de5a
21ab0
1de5b
1a2d4
22320
1de5d
1a876
205be
21ab1
1a878
21ab2
1a879
22322
1a87a
26a97
213fa
1a2dc
1ab42
22e18
1e2d2
2abd7
22e1a
1ab45
23d35
21e6b
2abd8
23d37
1d1f9
213fb
1cc4a
1a2e5
1d10a
216d6
1e2d4
1d89a
20e48
1a2e9
205c1
1a2ea
21d7c
1e12a
1a2ec
21e6e
1e12c
1a2ee
2a623
1a2f0
234b0
1d8a3
29d9f
218bc
26402
22143
1a2f4
26404
234b5
2000e
214f4
1e130
214f5
1e131
21d7f
1e132
2a628
20e4d
1a2fb
1e1e4
21d81
1e1e5
1a2fe
22a56
20f45
2259a
21e74
1a301
23a62
2259d
20898
26038
20899
2a62a
20f46
1a306
22a57
21d84
1a308
26a9e
21d86
20e54
26a9f
21d88
1a30c
234b6
1a30d
2612b
1a30e
2abdc
23a65
21e78
1a311
2612c
1a312
2612d
22419
1a314
2a630
23a69
22a5d
1a318
2640a
1a319
2640b
26aa5
2603d
1b963
1e6a1
1a4b7
215e8
1a3c6
2250e
2103a
1a3c8
1a87d
1b872
1a3cb
20f47
2400e
1e874
1a881
24010
1a3cf
2121d
2287a
20f49
27130
214fa
1a967
22145
1a968
26e70
2287f
1b873
1ee18
1b1d8
1a3d7
1e967
1b1da
1a3d9
1e876
2241f
1e5b6
27133
1e877
1ac41
27134
1e969
1ac43
1a3df
1b1e2
234bc
1e3ce
27136
2250f
1a3e3
243d3
22510
27138
243d5
1a3e7
214fd
1e3cf
23b5c
21f6e
1a3ea
22698
1df54
2a451
22513
1a3ed
1a3ee
214fe
1a3ef
22b49
214ff
1a3f1
26e73
2103b
22c3a
1e96f
1a3f4
26e74
22b4c
22516
1a3f7
2713b
21e7e
26b98
225a5
1a3fa
22b4d
225a6
1a3fc
266e5
22427
1a3fe
2acdb
21e80
216dc
23b62
216dd
267d5
22518
267d6
22519
267d7
22c40
1a405
2acde
26e7a
225a9
232dc
27141
232dd
22b50
27142
2410c
26e7d
1a5a7
1b4aa
1a4bd
2112b
23c46
1ea58
1a5ab
23c48
1a4c1
2130f
2296c
2103d
27222
215ee
1aa59
22237
1aa5a
269b6
22971
1b965
1ef0b
1b2ca
1a4c9
1ea59
1b2cc
1a4cb
1e973
2251e
1e6ab
27225
1e974
1ad33
27226
1ea5b
1ad35
1a4d1
1b2d4
235ae
1e4c0
27228
22055
1a4d5
244c5
22056
2722a
244c7
21041
1d8ab
1e4c1
236a2
21ab4
1a4dc
2278a
1e046
2a543
22059
1a4df
1a4e0
216e0
23c4a
2205b
1e1ec
1a4e3
215f2
1a4e4
22c45
215f3
1a4e6
269ba
22c48
2205c
1a4e9
2722d
21f72
26c8a
226a3
1a4ec
22c49
226a4
1a4ee
267dd
22526
1a4f0
2a821
21f74
217ce
236a8
217cf
268c7
2205e
268c8
2205f
268c9
22d32
1a4f7
2a824
269c0
226a7
233ce
27233
233cf
22c4c
27234
23c52
269c3
1a699
22146
1a5af
2121f
23d38
1eb4a
1a69d
23d3a
1a5b3
21401
22a5e
2112f
27314
216e4
1ab4b
22329
1ab4c
26aa8
22a63
1b4ab
1effd
1b3bc
1a5bb
1ea65
22064
1e1f1
27316
1e5bb
1ae23
27317
1ea66
1ae25
27318
1eb4d
1ae27
1a5c3
1b3c6
230f4
1e5be
2731a
22149
1a5c7
245b7
2214a
2731c
245b9
21133
1d99d
1e5bf
23794
21ba8
1a5ce
22882
1e138
2a635
2214d
1a5d1
1a5d2
216e8
1a5d3
22d37
216e9
1a5d5
26aab
21221
22e1e
1eb53
1a5d8
26aac
22d3a
22150
1a5db
2731f
21ab8
26d7c
22795
1a5de
22d3b
22796
1a5e0
268cf
2206c
1a5e2
2a913
21aba
218c0
2379a
218c1
2640d
22152
2640e
22153
2640f
22e24
1a5e9
2a916
26ab2
22799
234c6
27325
234c7
22d3e
27326
23d44
1a5f1
1a78b
1b68e
1a6a1
21311
23e2a
1ec3c
1a78f
23e2c
1a6a5
1be1b
1f3c3
1b59e
1a96c
21223
1a6a8
21224
1a6a9
1ec3d
1af06
1a6ab
1ec3e
1af08
1a6ad
1f1e4
1af0a
1a974
1e2e1
21e88
1ac46
22158
1ac47
26b9a
20f57
26b9b
22159
1a6b5
1af0c
231e6
1e6b3
2740c
2223b
1a6b9
246a9
2223c
2740e
246ab
1a6bd
217d9
1e6b4
23886
21c9a
1a6c0
22974
1dc7e
2a727
2223f
1a6c3
1a6c4
217da
1a6c5
22e29
217db
1a6c7
26b9f
21313
22f10
1ec45
1a6ca
26ba0
22e2c
22242
1a6cd
27411
21bac
26e7e
2288d
1a6d0
22e2d
2288e
1a6d2
26415
22160
1a6d4
2aa05
21bae
219b2
2388c
219b3
264ff
22244
26500
22245
26501
22f16
1a6db
2aa08
26ba6
22891
235b8
2297d
26ba7
22e30
27418
23e36
26ba9
1a883
1b780
1a793
21403
23f1c
1e782
1a887
23f1e
1a797
1bf0d
1f4b5
1b690
1aa5e
1effe
1e1f7
1aa60
21315
1a79c
21316
1a79d
1ec4a
1affa
1a79f
26f4e
1ec4b
1aa66
1e3d9
21f7c
1ad38
2224a
1ad39
26c8c
2104b
26c8d
2224b
1a7a7
1affe
232de
1e1f9
26f52
2232d
1a7ab
241ef
2232e
26f54
241f1
1a7af
218cb
1e1fa
23978
21d95
1a7b2
22a66
1dd70
2a26d
22331
1a7b5
1a7b6
218cc
1a7b7
22f1b
218cd
1a7b9
26c91
21405
23002
1e78b
1a7bc
26c92
23005
1e78d
1a7bf
26f57
21c9e
269c4
2297f
1a7c2
22f1f
22980
1a7c4
26507
22252
1a7c6
2aaf7
21ca0
21504
2397e
21505
265f1
22336
265f2
22337
265f3
23008
1a7cd
2aafa
1a7cf
26f5c
230fe
22a6f
26c99
22f22
26f5e
23f28
26c9b
1ab4e
1bffd
1a88a
1ba54
1b0e7
1a88c
1f0f1
1b0e9
219b8
1ab53
219b9
1ab54
21ca2
1e791
1ab56
1f699
1e87f
1b0ef
20b82
2206e
1e4cc
2279b
1e4cd
1a897
21ac3
1a898
2279e
1ae2e
1e2ea
242de
1f0f3
1a89c
233d2
1b0f3
27045
233d4
1a89f
1a8a0
1d6c7
21ca4
21e8a
1a8a3
225b1
1de61
23a6c
215f7
2abe5
225b4
1de64
1e4ce
21ca5
1e4cf
1a8aa
22340
1e4d1
1a8ac
21506
24012
22431
1e5c3
1a8af
27048
22b55
1e886
1a8b2
22341
1a8b3
265f7
20f59
24017
21ca7
22342
2704a
22a73
21412
2704b
23013
22433
266e8
225b7
2a361
225b8
26d88
225b9
2abeb
24018
22437
1a8c0
266ec
1a8c1
266ed
26d8b
22a75
2401a
26d8c
23014
27051
1bf0f
1e6b6
1aa69
215fa
1a978
1ef12
215fb
1a97a
1ae2f
1be1e
1a97d
1ee1f
245ba
1eb5f
1ae33
245bc
1a981
21230
22e32
21231
2741a
1eb61
276dc
2150b
1a985
22e36
22e37
1be1f
1b1e9
1c69e
1a989
1eb63
22348
1e5ca
276de
1e979
1b1ed
276df
1ee23
1b1ef
276e0
1ef15
1b1f1
1a991
1b78e
2497c
1e6ba
276e2
1ef18
1a995
23a79
1b792
276e4
24981
1a999
21acb
1eb65
2234c
1eb66
1e5cd
23102
20f5a
22b5c
21512
1a99f
22b5e
1e5d1
1a9a1
27420
1ec52
2243b
1e6bc
246b1
231f4
1e6be
23892
1e6bf
2410f
22986
27422
231f5
1e6c2
276e9
23105
231f7
1ee27
1a9ad
276eb
22895
1a9af
23107
2243d
21ca9
24111
22896
276ec
1a9b4
24112
1a9b5
24113
23109
1a9b8
231fb
276ef
1aa6e
1e795
1e1fd
21caa
1ab5c
241f3
21cab
1ab5e
1e3e0
21bba
1b005
22255
1b006
21bbb
1b007
26f61
1ec57
1aa78
1b2da
1c78f
1aa7a
1c1e4
1b877
21600
1b2dd
21601
1b2de
1f2d2
1ea6c
1b2e0
2243f
1ef21
1b2e2
1f87c
1f008
1b87f
1f009
1aa85
24a6f
1b882
23b6a
1ea6e
277d5
23b6c
1b885
1de67
22441
1aa8c
216ee
241f6
1f00d
1e203
26f65
22a76
2aaff
22d41
1aa91
23986
1aa92
269c7
241fa
1e6c7
21bc0
1e6c8
1aa96
21bc1
1e6ca
2298a
1e6cb
269c8
2298c
1aa9a
269c9
23200
1e79a
1aa9d
26f6b
23202
232ea
2104d
269ca
21bc3
216ef
241fd
22d43
2ab00
1aaa5
26f6c
22d44
22a7b
269cd
23204
26f6e
241fe
269cf
1ac4b
1bb48
1ab61
1f0f5
242e4
1e889
1ac4f
242e6
1ab65
216f0
1ab66
23017
1b0f8
219c2
1ab68
219c3
1ab69
2301a
2301b
1ba57
1f5a9
1b968
1ab6d
1e79e
22530
1e20c
278c2
1eb69
1b3d1
278c3
1f012
1b3d3
278c4
1f0f9
1b3d5
1ab75
1b972
24b60
1e2f4
278c6
1f0fc
1ab79
236b1
1b976
278c8
24b65
216f4
1df5a
1e7a0
22534
1e7a1
1e20f
232f0
2113e
22d46
216f8
1ab83
22d48
1e213
1ab85
27058
1e88a
22073
1e2f6
242e9
233d8
1e2f8
23a7c
1e2f9
23d47
225be
2705a
233d9
1e2fc
278cd
232f3
233db
1f016
1ab91
278cf
22a7f
1ab93
232f5
22075
21e8d
23d49
225c0
26abe
225c1
1ab98
22a81
278d1
232f7
1ab9c
233df
278d3
1ac52
1e97d
1e3e3
21e8e
1ad40
243d7
21e8f
1ad42
1b4ad
1f102
1af19
1c974
1e2fd
21da0
1b4b0
21da1
1b4b1
1ac5c
1f4b9
1b4b3
1ac5e
22078
1b4b5
1ac60
279b5
1ac62
217e6
1ac63
22b63
1b1f5
21517
1ac65
21518
1ac66
22b66
22b67
1f1ed
1ac69
24c53
1b4ba
237a2
1ec61
279b9
237a4
1b4bd
1e04b
22079
1ac70
217e9
1ac71
233e1
217ea
1ac73
22166
1ac74
22e3f
217ed
279bc
233e3
217ef
1ac78
218d4
243da
1f1f1
1e3e9
2714d
226ae
2ace3
22f2b
1ac7d
23b70
1ac7e
26bad
243de
1e895
1ac81
27151
233e6
234ce
21233
26bae
21da9
218d5
243e1
22f2d
2ace4
26bb0
225c7
22f2e
27153
22f2f
233e8
27154
243e2
26bb3
1ae35
1bd2c
1ad45
1ed2d
244c8
1ea71
1ae39
244ca
1ad49
1c4b9
1fa61
1bc3c
1b00c
1f1f5
1ad4c
1e984
1ad4d
1ed2f
1b5a4
1ad4f
1f1f6
1b5a6
1ad51
274fa
1f1f7
1b014
1e3f1
22c5a
1e3f2
274fd
1e986
22537
1e6d0
22c5d
1e987
1ad59
1b5aa
24798
1e4d8
274fe
1ed34
1ad5d
2389b
1b5ae
27500
2479d
218da
1dc82
1e988
2216e
1e989
1e3f5
234d4
21324
22f30
218de
1ad67
22f32
1e3f9
1ad69
2723e
1ea72
22259
1e4da
244cd
235bc
1e4dc
236b4
1e4dd
23f2b
227a2
27240
235bd
1e4e0
27505
234d7
235bf
1ed39
1ad75
27507
226b7
1ad77
234d9
2225b
21ad1
23f2d
226b8
27508
1ad7c
23f2e
1ad7d
23f2f
234db
1ad80
235c3
2750b
1ae3c
1bfff
1b693
1ed3a
1b0ff
1ed3b
1ae3f
1ea76
1ae40
1ee28
1b697
1ae42
1ee29
1b699
1ae44
1f3c9
1b69b
1b3d7
216fd
1ae47
216fe
1ae48
219ca
1ae49
22d4f
1b3db
2732c
1ae4c
2398a
1b69d
2732e
1e898
2488c
1f69f
1ae50
2488e
2398f
1dd75
1ae53
1e4e5
21f8a
1e4e6
1ae56
21f8b
1e4e8
227a6
1e4e9
26d8e
227a8
1ae5a
26d8f
235c8
1e5d7
21ad2
1ae5d
2310b
1ee31
1ae5f
22b68
1ae60
237a7
1e5dc
2401e
1e5dd
1ae63
27333
21f8c
1eb6f
1ae66
275f8
245c4
22353
27063
22354
219d4
1ae6b
237a9
1ae6c
27336
23027
237aa
275fb
237ab
245c6
26d96
235cc
27339
1c4bb
1ec62
1b017
1f4bd
1af26
22172
1ec64
1af28
1b3dd
1f3ca
1af2b
1f10a
24b66
21ad5
1b3e1
24b68
1af2f
1f10c
233ea
1e89b
279c6
1f10d
27c88
21ad7
1af33
233ee
233ef
1af36
1c69f
201f4
1c3cc
1b797
1f10f
1af39
1f3cf
1bd34
1af3b
1f110
1af3c
1f4c0
1bd37
1af3e
1fa62
1bd39
1bd3a
24f28
1ec66
27c8e
1f4c4
1af43
24025
1bd3e
27c90
24f2d
1f111
236ba
236bb
21adb
1e5e1
22e44
1e5e2
21bc8
1af4b
23115
1e5e4
24c5d
1f3d3
1f113
27c92
22e46
1eb7c
279cb
21ae0
1eb7e
27c94
1f4c7
1ec69
279cd
22f36
26bb4
23207
1af57
23e40
1af58
27430
24c61
1f114
1af5b
279d1
24c63
22f39
26bb5
23118
1af5f
22f3a
27433
22f3b
1af62
27434
237b4
24c65
1b01b
1ed41
1c002
1e7a9
22265
1e6d2
1b01f
1f5b0
247a1
1e98c
22175
1e3fc
234dd
1ec6f
234de
1ec70
27d7b
22177
1b5b5
1be21
1c4bd
1b888
1cd3e
1b02a
1ec71
22178
1e5e6
1b88b
27d7c
1ec72
27d7d
1f017
1b88e
27d7e
1f5b3
1b890
1b032
24114
1be2d
27510
1f019
2501c
1f881
1b036
2501e
24119
1ec73
2217a
1f4cf
1e5ea
1b03b
1f5b8
247a2
2160d
277e2
22f3d
1b03e
2389f
1ed45
1b040
247a5
22355
24200
23029
26f73
232fa
27d84
247a6
238a3
1b046
237b9
21bd1
1b048
2320e
21bd3
27d87
237bb
21bd5
1b04c
27516
237bd
238a5
22356
24203
22f40
27d8a
1b052
24204
1b053
24205
237bf
1b056
2751b
247ab
1b10e
1ee33
1e217
21dac
1b1fc
24891
1ee35
1b1fe
1e4f5
21f8e
1b6a3
21f8f
1b6a4
2226a
1b6a5
275ff
1ed49
1b118
1b978
1ce2f
1b11a
1c884
1bf15
1f5bd
1b97b
1f6a3
1e6d9
1b97d
21cbf
1b97e
1f971
1f116
1b980
1ff1e
1f6a6
1bf1d
1f6a7
1b125
2510d
1bf20
23c5c
1f118
27e73
23c5e
1bf23
1e219
2302e
1e21a
21dae
1b12c
232ff
1e21c
24895
1ed4c
238a8
238a9
21cc2
1e7bb
1b132
22270
1e7bd
27065
23031
1b135
27066
238ae
1e8a2
24896
23993
1e8a4
24028
1e8a5
242f3
22b70
27606
23994
1e8a8
27e7a
238af
23996
1f6ad
1b141
2402b
1b142
242f6
1b143
242f7
2706b
23033
1b147
27e7e
1b149
2760d
1c1e5
1e98e
1b2ed
1f793
1b202
2244a
1e990
1b204
1b4c4
1ba5a
1f6ae
1b4c6
1cf22
1e21d
21db0
1ba5d
1b20a
1f6b1
1ba5f
2235c
1ba60
1b20d
1fa65
1ba62
1b20f
27f61
1eb7f
2235d
1e5ec
2311b
1e8ab
2311c
1e8ac
27f63
2235f
1b7a4
1e991
276f5
23d4d
1b218
1fa66
1ba67
25201
1f79b
1b21b
1b21c
1f6b2
1b21d
27f67
22361
1e8ae
233f6
1e993
2244b
1e30f
27156
21ea1
1b223
2399d
21db7
1b225
233f8
21db9
27f69
2399f
21dbb
1b229
23a84
1f79e
1b22b
234e2
1b22c
2411b
1e998
243e6
1e999
1b22f
276fb
22363
1ef2e
1b232
27f6d
234e5
2715b
2715c
22b79
234e6
276ff
234e7
239a2
27700
2498e
2715f
1b3e3
1c2d8
1b2f3
1f01c
24a74
21f91
1b3e7
24a76
1b2f7
1ca67
1bb4c
1f7a0
1b5b8
1ef2f
1b2fa
1f2db
1bb4f
1b2fc
1ef30
1b2fd
1f2dc
1bb52
1b2ff
1f882
1bb54
1b5c0
1e6dd
21bd6
1b892
21bd7
1b893
22450
1b894
277e5
1ef33
1b307
1bb56
24d44
1ea84
27aaa
1f2e0
1b30b
23e47
1bb5a
27aac
24d49
1ef34
23a8c
23a8d
21ea7
1e3ff
22c66
1e400
21f92
1b313
234e9
1e402
24a79
1f7a6
1ef36
27aae
22c68
1e9a4
277e9
21eac
1e9a6
27ab0
1f2e3
1ea87
277eb
22d52
269d0
235d5
1b31f
23c62
1b320
2724c
24a7d
1ef37
1b323
277ef
24a7f
22d55
269d1
234ec
1b327
22d56
2724f
22d57
1b32a
27250
23b7c
24a81
1b3e9
1b6a9
1cb59
1b3eb
1c5ae
1bc40
1f2e7
1b6ac
1f3d4
1e405
1b6ae
21f95
1b6af
1fc48
1ee43
1b6b1
201f5
1f3d7
1e223
21cc8
1b984
21cc9
1b985
22542
1b986
278d7
1f025
1b3f9
1bc48
24e36
1eb82
27b9c
1f3d9
1b3fd
23f39
1bc4c
27b9e
24e3b
1f026
23b7e
23b7f
21f99
1e4f7
22d58
1e4f8
21ae4
1b405
235db
1e4fa
24b6b
1f2ec
1f028
27ba0
22d5a
1ea96
278db
21f9e
1ea98
27ba2
1f3dc
1eb85
278dd
22e4a
26ac2
23121
1b411
23d54
1b412
2733e
24b6f
1f029
1b415
278e1
24b71
22e4d
26ac3
235de
1b419
22e4e
27341
22e4f
1b41c
278e4
24b73
23b87
1b4cf
1b5c2
1fa68
1eb8b
22180
1e318
1b4d3
1fa6a
25207
1b4d6
1f6b5
1e225
1f977
1b98c
25113
1f6b7
1b98e
1e227
21dbc
1ba6b
22090
1ba6c
27f72
1ee47
27f73
22091
1b4e0
1bd40
1d1fd
1b4e2
1cc4e
1c2dd
1f6bb
1bd43
1f6bc
1bd44
1fa6b
1ea9d
1bd46
202e8
1f4d2
1bd48
2089a
1fa6e
1c2e5
1fa6f
1b4ed
254d5
1c2e8
245d0
1f4d4
2823b
245d2
1c2eb
1e22c
1f97d
1e22d
1b4f4
22096
1e22f
1b4f6
1f7aa
25208
22183
1e409
243ea
1e40a
24c67
1eaa0
1b4fb
22097
1b4fc
236cf
1f126
1b4fe
236d0
22099
2823f
23c6c
2209b
1b502
23d5a
1fa74
1b504
243ec
1f218
24c69
1f219
1b507
27f7c
23d5e
1fa75
1b50a
27f7e
236d3
243ee
28245
243ef
1b50f
28246
1b511
27f81
1c5af
1ed54
1b6b5
1f2ee
1b5ca
22273
1ed56
1b5cc
1bb5c
1f7ad
1b5ce
1f7ae
1b5cf
23a98
1e9a8
23a99
1f21c
28327
1b5d3
1be33
1d2ef
1b5d5
1cd40
1c3d0
1f7b0
1be36
1f7b1
1be37
1fb5d
1eb93
1be39
1fe2e
1f5c4
1be3b
203e0
1fb60
1ed57
27abb
246c1
1b5e0
1fe30
1c3db
255c9
1fb63
1b5e3
1b5e4
1f7b2
1b5e5
23d63
1f7b3
1b5e7
27abd
1ed59
23e4a
1ec80
1b5ea
238b2
1b5eb
244dd
1b5ec
28330
21bd8
27d8e
234f5
1b5ef
23e4c
1fb66
1b5f1
244de
1ed5e
247af
1ed5f
1b5f4
27ac0
1f7b5
1f223
27522
234f7
1b5f8
27523
23d69
1f2f2
1b5fb
28335
27524
234f9
238b6
235e5
27525
23d6a
27ac6
24d56
27527
1b7a5
1c6a2
1b6bb
1ee49
24e3c
1e7c4
1b7a9
24e3e
1b6bf
1f02a
23b88
1ed61
28418
1f2f5
1bc51
22549
1bc52
27bac
23b8d
1c5b1
1bf25
1d3e2
1b6c7
1ec83
22278
1e413
2841a
1ec84
1bf29
2841b
1f6c1
1bf2b
2841c
1fc51
1bf2d
1b6cf
1c4ca
256b8
1ee4c
2841e
1fc54
1b6d3
24209
1c4ce
28420
256bd
1ed65
23e54
2227b
1ed66
28421
23e57
1e7c5
22368
1e500
24e41
23126
27344
239ab
27610
21cca
27e80
235e7
1b6e0
28422
1fb6e
2227e
1b6e3
238bb
1ed6b
1b6e5
27bb1
1f3e3
1b6e7
24e43
23128
27614
239ad
28425
24e44
23f41
1b6ec
27bb5
24e47
239ae
2312b
27616
235ea
238bd
1b6f2
27618
23f44
24e49
1b7ab
1b898
1fd3e
1e8b7
22458
1e5f0
1b7af
1fd40
24f31
1c6a3
201f7
1c006
1b7b3
1e7c9
2236a
1e502
2850a
1e7ca
1ba75
2850b
1f7b6
1ba77
2850c
1fd43
1ba79
1b7bb
1bd4b
1f3e7
1b7bd
1f3e8
1b7be
236d6
1eb98
236d7
1ee58
2850f
1b7c2
242f8
1c011
27ca2
1f7b8
257ac
20017
1b7c6
257ae
242fd
1e7cc
2236e
1e7cd
1e508
23f48
1f3ec
1e5f1
1fd48
1b7cd
2402f
1ef40
24990
23219
27437
1fc5f
1e8bb
2312c
1e8bc
27703
1f3ed
1ee5d
27704
2312f
1b7d6
27705
23f4d
1ef41
24f34
24031
1ef43
24992
2321b
27ca7
24032
1ef46
28518
24f38
24035
23130
2851a
1b7e2
24994
1b7e3
24995
23f4f
1b7e6
24037
2851d
1f02c
1b990
1e6e1
1f885
1b992
25021
1f5c9
1b994
1c0f7
1fd4c
1bb63
1d5c6
1e5f3
1fd4d
1c0fa
2245d
1c0fb
1b8a8
1fd4f
1c0fd
1b8aa
20107
1c0ff
1b8ac
28053
1b8ae
1f227
237cc
1ef49
28054
1f4df
1be40
22191
1be41
27d92
237d1
1f88b
1b8b5
252f1
1c104
243f2
1f2ff
28057
243f4
1c107
1e230
2420c
1e231
24a83
1e5f8
1fd50
1e5f9
1b8be
22462
1e5fb
1b8c0
1f5ca
25024
2254d
1e8c2
1b8c3
22463
1b8c4
23aa3
1ef4e
1b8c6
23aa4
22465
2805b
2403e
22467
1b8ca
24122
1f890
1b8cc
2420e
1f036
24a85
1f037
1b8cf
27d9a
24126
1f891
1b8d2
27d9c
23aa7
24210
28061
24211
1b8d7
28062
277fd
24129
1c1e9
1f892
1bc55
1d10c
1e6e5
1f893
1c1ec
2254f
1c1ed
1b99a
1f895
1c1ef
1b99c
201f9
1c1f1
1b99e
28145
1b9a0
1ed6d
238be
1f03b
28146
1f5d1
1bf32
22283
1bf33
27e84
238c3
1f984
1b9a7
253e3
1c1f6
244e4
1f3f1
28149
244e6
1c1f9
1e232
1f987
1b9ad
23c71
1f130
24b74
23403
2706f
1e9b2
22552
1e9b3
1e6ec
2412c
1f5d4
1e9b4
1b9b5
22555
1b9b6
23b95
1f040
1b9b8
23b96
22557
2814d
24130
22559
1b9bc
23c72
1f989
1b9be
24300
1f134
24b77
1f135
1b9c1
27e8c
23c76
1f98a
1b9c4
27e8e
23b99
24302
28153
24303
2511e
278ee
24132
27e91
1d017
1f7ba
1bb6f
1f7bb
1ba7e
1f138
1f7bc
1ba80
1bf35
1cf26
1ba83
1f045
256be
1e7d2
1bf39
256c0
1ba87
1f6cb
1ba88
23f51
1c018
1f3f2
1ba8a
1f3f3
1ba8b
23f54
23f55
1ba8e
1d1ff
1c88b
1ff29
1c2ef
1f047
1ba91
1e7d7
1ba92
1ff2b
1c88f
1ba94
2001c
1c891
1ba96
205c6
1c893
1c894
25a80
1f7be
287e6
20020
1ba9b
24b7d
1c898
287e8
25a85
1f04a
24212
1f04b
1e7da
287e9
1f6d1
28248
239b7
1e23f
28523
1f6d4
1e241
287eb
1f13a
24304
1e8c6
1baa8
28525
23aa8
2770c
23d6d
27f86
24218
220a1
28249
1ff2f
1fd57
1baaf
257b7
23aaa
27f88
23d6f
287ed
257b8
24309
1bab4
28529
257bb
23c7e
27f8a
23aac
1bab9
25217
1baba
27f8c
2430c
257bd
1bb73
1bc60
2010a
1e9b7
2010b
1e419
1bb77
2010c
252f9
1e8c7
288d2
1f7c8
1bb7b
1ef53
24044
1ef54
28065
1fd5b
1c10d
1c97b
1d019
1c3e0
1d8ad
1bb82
1e8ca
20027
1e32d
288d4
1f13e
1c3e4
288d5
1fb6f
1c3e6
288d6
2010f
1c3e8
1bb8a
24c6c
1c987
28068
1fb71
25b74
203e5
1bb8e
25b76
24c71
1e8cc
2002a
1e8cd
1e330
24310
1f22b
23d72
1f7ce
1bb95
23d74
1e334
1bb97
2806a
1e9b9
20114
1e41b
252fb
24313
1f306
24d58
23b9b
277ff
2002b
1f22e
27acd
1f89d
1bba0
252fd
23b9c
27ace
23e61
288df
252fe
243fb
1bba5
24315
25300
243fd
23ab2
288e2
1bbaa
24d5c
1bbab
24d5d
24317
1bbae
243ff
288e5
1bc66
1f98b
1e50c
1f98c
1bd54
253e9
1f98d
1bd56
1e41c
24134
1e41d
289c5
1e9bc
2255a
1e6ef
24137
1e9bd
1bc70
1c4d0
1d99e
1cb60
206b9
1ca6f
1f30f
1c4d3
1f310
1c4d4
201ff
1f231
1c4d6
204d5
1fc6e
1c4d8
20a92
20202
1ca77
20203
1bc7d
25c65
1ca7a
247b4
1fc70
289cb
247b6
1ca7d
1e420
1f8a4
1e421
1bc84
1f8a5
1e423
23ba0
1e424
27bbc
23ba2
1bc88
27bbd
24404
1e50e
1f98e
1bc8b
244e9
1f8a6
1eb99
24b80
1eb9a
24e4b
1ed74
27bbf
2011d
1f318
1bc92
244ea
20208
1bc94
24b82
1f3fe
24e4d
1f3ff
1bc97
28160
244ee
20209
1bc9a
24e4e
1bc9b
24e4f
1bc9d
28163
1bc9f
289d6
1bca1
28165
1cd41
1f4e6
1be45
1f4e7
1bd5a
1ee64
1f4e8
1bd5c
1c01c
1c5b4
2020a
1c01e
1da91
1e510
1f991
1c5b7
1f992
1c5b8
1bd63
2020d
1c5ba
1bd65
205c9
1c5bc
1bd67
28ab9
1eaaf
220a2
1e243
23c81
1e512
23c82
1e513
28abb
1f995
1c2fc
1f4e9
2824d
248a5
1bd70
205ca
1c5c1
25d59
202f7
1bd73
1bd74
1f405
1bd75
244f3
1f406
1bd77
22378
1bd78
23f5d
1f409
28ac0
244f5
1f40b
1bd7c
1f4eb
254de
1ee67
1eab5
1bd7f
24048
1bd80
24c73
1bd81
28ac2
236e9
1bd83
244f9
202f9
1f4ee
28252
2404a
1bd87
24c75
1bd88
27cb3
254e3
1fa86
1bd8b
28ac5
1bd8d
28256
2404c
237d7
27cb5
244fa
28258
254e6
27cb7
1bf3b
1ce34
1be4b
1ef55
255cc
1ec8e
1bf3f
255ce
1be4f
1d5c7
1c6a6
202fc
1c110
1ee69
1be52
1eba0
1be53
1fe37
1c6aa
1be55
1fe38
1c6ac
1be57
203e6
1c6ae
1c118
1e336
1fa89
1c3ea
22195
1c3eb
1fa8a
1c3ec
2833d
1eba3
1be5f
1c6b0
2589c
1f5dc
28602
1fe3c
1be63
2499f
1c6b4
28604
258a1
1ee6c
245e4
1ee6d
1eba6
28605
1f4f9
28074
237d9
1e60b
28341
1f4fc
1e60d
28607
1ef58
246cc
1ec90
1be70
2413a
1be71
247b9
1be72
28343
245ea
2246b
28075
20302
1fb77
1be77
255d3
238c6
27da4
2413d
28609
255d4
246d1
1be7c
28347
255d7
24052
27da6
238c8
27da7
238c9
1be82
27da8
246d4
255d9
1bf41
1c201
1d6c8
1bf43
1d10e
1c79a
1f5e5
1c204
1f5e6
1c205
1ff30
1ef5d
1c207
207ac
1f99b
1c209
20d69
1ff33
1e428
1fb7b
1c4dc
22287
1c4dd
1fb7c
1c4de
2842f
1ec95
1bf51
1c7a2
2598e
1f6da
286f4
1ff35
1bf55
24a91
1c7a6
286f6
25993
1f04f
2421c
1e7df
1bf5a
1f5e9
1bf5b
246d7
1f5ea
1bf5d
2255c
1bf5e
24141
1f5ed
286f8
246d9
1f5ef
1bf62
23c86
1bf63
248ab
1bf64
28435
246dc
2255d
28167
1fe48
1fc72
1bf69
256c5
239be
27e96
23c89
286fb
256c6
24221
1bf6e
28439
256c9
24144
1bf71
239c0
27e99
239c1
1bf74
24225
28700
246df
1c027
1c11a
205cc
1ee6f
205cd
1e8d3
1c02b
205ce
25d5f
1c02e
20211
1e7e0
20212
1c4e4
25c6b
20213
1c4e6
1e51c
1f99e
1c5c5
1f99f
1c5c6
20215
1c5c7
28acb
1ed81
1c038
1c89a
1dd77
1d4da
20a94
1ce39
1fc79
1c89d
1fc7a
1c89e
205cf
1f5f5
1c8a0
20e5c
2002e
1c8a2
21418
205d2
1ce41
205d3
1c045
2603f
1ce44
25128
20030
28d93
2512a
1ce47
1e246
23f62
1e247
28530
1ed84
204e1
1ed85
1e7e9
247c0
1fc7e
1c050
24229
1e7ec
1c052
28ad0
1ee71
205d6
1e8d5
25d61
247c3
1fd6c
257be
24055
27cb9
204e2
1fc82
1c05a
248b2
205d8
1c05c
24f44
1fd70
257c1
1fd71
1c05f
28ad4
248b6
205d9
1c062
28ad6
2422b
24f46
28d9d
24f47
1c067
28d9e
1c069
28ad9
1d10f
1f8ac
1c20d
1f8ad
1c122
1f7d6
1f8ae
1c124
1c6b6
1f4ff
1c126
1f500
1c127
1fd73
1c128
245f1
1c6ba
28612
1c12b
1d8ae
21419
1d5cc
1c98e
1f6e9
1c12e
1ee77
1c12f
205dc
1cf2e
1c131
206c2
1cf30
1c133
20c78
1cf32
1c996
1f8af
28613
25219
1c138
209a4
1cf37
26133
206c7
1c13b
1c13c
1fd77
1c13d
2431f
1e8db
2030e
1e8dc
1c140
2030f
1e8de
28077
2405d
1c143
28078
248be
1e9c6
1fe4c
1c146
249a3
20310
1f053
25034
1f054
25305
1f6ee
1c14b
249a4
206ca
1c14d
25036
1f8b6
25307
1f8b7
1c150
2861a
20311
1fe4e
1c153
28e8d
2807c
2405f
2440e
2861d
2440f
248c2
2861e
258ae
2807f
1c2fd
1d202
1c213
1f31b
25994
1f056
1c301
25996
1c217
1ef67
246e0
1ec9b
28702
1ef68
28f70
1f8ba
1c21b
246e4
246e5
1d111
20c79
1d01c
1c21f
1ef6a
206cd
1e9cb
28f72
1f7dc
1ca83
28f73
2021d
1ca85
28f74
207b5
1ca87
1c227
1d026
26222
1f9a4
28f76
207b8
1c22b
24d61
1d02a
28f78
26227
1f31d
289d8
2414d
1c230
1f8be
1c231
249ad
1f8bf
1c233
24412
1f8c1
28f7a
249af
1f8c3
1c237
1f9a5
25998
1f320
1ef6f
1c23a
24502
1c23b
2512d
1c23c
28f7c
206d2
1ff3f
1c23f
2599b
23c8e
2816c
24505
28f7d
2599c
24a99
1c244
2870d
2599f
24506
2870e
24507
24150
28f81
1c24a
28170
24a9c
259a1
1c303
1c3f0
208a2
1f147
208a3
1ebab
1c307
208a4
25a89
1d203
20d6b
1cb62
1c30b
1f059
207bf
1eabd
29062
1f322
1c5cf
29063
20312
1c5d1
29064
208a7
1c5d3
1c313
1c8a5
1f6ef
1c315
1f6f0
1c316
1f9af
1c317
2422f
1c8a9
287f8
1c31a
24e50
1cb6d
287fa
20314
26316
20b8b
1c31e
26318
24e55
1eac0
24508
1f412
28adb
1f324
24a9e
1f325
1f060
2906b
23c94
1eac5
287fb
1f9b6
1eac7
2906d
1f413
24b86
1f14a
1c32b
287fd
23d7e
27f8e
245f5
2825d
24aa4
1ff49
1fa99
25a8c
24b89
1fa9b
254ea
23d81
287ff
24b8a
1fa9e
29070
25a90
24b8d
23c96
29072
1c33a
254ec
1c33b
254ed
24aa7
1c33e
24b8f
29075
1c3f6
20123
1ec9c
20124
1c4ea
25b79
20125
1c4ec
1cc53
208b0
1c6bd
1e140
1ebae
20037
1cc56
20038
1cc57
1c400
208b3
1cc59
1c402
20c7b
1cc5b
1c404
28bab
1c406
1f14d
24324
1e8e3
288e8
1f14e
28bac
1faa2
1c40a
24328
24329
203ef
1c40d
25e5b
1cc60
24f4a
1fe5b
28baf
24f4c
1cc63
1e610
23d84
1e611
2834c
1f150
208b4
1f151
1ebb5
24b92
1faa6
1c418
245fd
1ebb8
1c41a
288ee
1f23b
203f2
1ec9f
25b7d
23e70
27ad4
246e7
2834f
24b95
208b5
1faaa
1c422
24c7a
203f4
1c424
24d66
1fb8e
255dd
1fb8f
1c427
288f2
24c7e
203f5
1c42a
23d89
28bb8
24d68
246eb
288f5
1c42f
28bba
1c431
288f7
1cd45
1d3e7
209a7
1cd47
1c4f0
1f23d
203f7
1eca1
28c9a
1f508
1c7b4
28c9b
1ff4a
1c7b6
28c9c
204e6
1c7b8
1c4f8
1f23f
24416
1e9d5
289da
1f240
28c9e
1fb94
1c4fc
2441a
2441b
204e8
1c4ff
25f4d
1cd52
2503c
1ff4d
28ca1
2503e
1cd55
1e702
23e76
1e703
2843e
1ed8a
204eb
1e7f1
25c6f
1f50a
24c82
1f50b
1f244
28ca3
23e78
1eca9
289df
1fb9a
1ecab
28ca5
23f68
27bc6
24233
28441
24c87
203fb
1fb9c
1c514
247ca
204ed
1c516
24e58
1fc8c
256cf
1fc8d
1c519
289e4
247ce
204ee
1c51c
289e6
246f1
24e5a
28cab
24e5b
25c76
28446
24c8a
289e9
1db86
20316
1c6c9
20317
1c5d8
1fc90
20318
1c5da
1ca8f
1da95
1c5dd
1fb9d
26228
1f32a
1ca93
2622a
1c5e1
1f32b
24aa8
1f063
29076
1f32c
29338
20228
1c5e5
24aac
24aad
1ed90
207cb
1d3ea
207cc
1d3eb
1c5ea
20a9f
1d3ed
1c5ec
2141b
1d3ef
1c5ee
2933d
1c5f0
256d2
1d3f3
2907a
205e3
265fe
2141d
1c5f4
26600
256d7
1ed92
247d2
1fc92
28da1
1fba2
24d6a
1fba3
1f332
29341
24510
1ed97
2907b
20230
1ed99
29343
1fc93
24e5c
1f41e
1c601
2907d
24600
28264
248c5
28adf
24d70
207d0
2031d
26320
24e5f
2031f
25d6c
24603
2907f
24e60
20322
29346
26324
24e63
24512
247d7
1c610
25d6e
254f3
29349
24d73
1c614
24e65
2934b
1c6ce
203fd
1ef70
203fe
1c7bc
25e61
203ff
1c7be
1ebba
20040
1cc65
20041
1cc66
208be
1cc67
28bbd
1f421
1c6d8
1cf3a
1fc95
1c6da
1f423
1c6db
20b9b
1d4de
1c6dd
20c82
1d4e0
1c6df
21236
1d4e2
1cf42
1fe5f
28bbf
257c5
1c6e4
20f62
1d4e7
266f1
20c87
1c6e7
1c6e8
20327
1c6e9
248cb
1ee87
208c2
1ee88
1c6ec
208c3
1ee8a
28623
24609
1c6ef
28624
24e6a
1ef72
20400
1c6f2
24f4f
208c4
1f5ff
255e0
1f600
258b1
1fc9a
1c6f7
24f50
20c8a
1c6f9
255e2
1fe66
258b3
1fe67
1c6fc
28bc6
208c5
20402
1c6ff
29439
28628
2460b
249ba
28bc9
249bb
24e6e
28bca
25e6c
2862b
1c8ab
1d7bf
1c7c1
1f8c7
25f52
1f602
1c8af
25f54
1c7c5
1f513
24c8c
1f247
28cae
1f514
2951c
1fe6a
1c7c9
24c90
24c91
1ef76
20406
1d5ce
20407
1d5cf
1c7ce
20c8e
1d5d1
1c7d0
21053
1d5d3
1c7d2
29521
1c7d4
2530a
1d5d7
28cb2
207d3
267e2
21055
1c7d8
267e4
2530f
1ef78
249bc
1f8ca
28f85
1fd8a
24f58
1fd8b
1f51a
29525
246fa
1ef7d
28cb3
1fe72
1ef7f
29527
1f8cb
25040
1f604
1c7e5
28cb5
24238
28448
24aaf
28717
24f5e
2040b
1ff57
25f58
25043
1ff59
259a4
2423b
28cb7
25044
1ff5c
2952a
25f5c
25047
2423c
1c7f3
259a7
1c7f4
246fd
2952d
24f61
1c7f8
25049
2952f
1c8b2
205e5
1f156
205e6
1c9a0
26045
205e7
1c9a2
1d113
1ff5d
1cb79
1ff5e
1cb7a
20e65
1f8cf
1cb7c
21145
208c7
1cb7e
21703
20e68
1d11b
1ed9a
204f7
1e7f5
247d9
1f06a
247da
1f06b
29613
204f9
1ce56
20045
28da5
253fd
1c8c8
21147
1d11f
268d5
20e6b
1c8cb
1c8cc
1ff61
1c8cd
24ab5
1f06d
204fa
1f06e
1c8d0
204fb
1f070
28807
24241
1c8d3
28808
2504e
1f158
205e8
1c8d6
25133
204fc
1f7e3
257ca
1f7e4
25a95
1f8d2
1c8db
25051
20e6d
2004a
28daa
24ba2
1c8df
257cd
1c8e0
2880b
2604d
205ea
1c8e3
2961d
1c8e5
28dae
24ba4
2432f
2880d
25052
28db0
26050
2880f
1ca95
1d9a3
1c9a5
1faad
26136
1f7e6
1ca99
26138
1c9a9
1f6f7
20e70
1f15b
29154
1f9c2
1cc6d
29155
2040c
1cc6f
29156
209ad
1cc71
1c9b1
1cf43
1fd8d
1c9b3
1fd8e
1c9b4
20051
1c9b5
248d3
1cf47
28e96
1c9b8
254f4
1d20f
28e98
2040e
2641a
2123a
1c9bc
2641c
254f9
1f15e
24ba6
1fab0
28bcd
1f9c4
2513c
1f9c5
1f6fe
2915d
24332
1f163
28e99
20058
1f165
2915f
1fab1
25224
1f7e8
1c9c9
24c92
1c9ca
25311
1c9cb
28e9b
25142
205f3
2013b
2613c
25227
2013d
25b88
2441f
28e9d
25228
20140
29162
26140
2522b
24334
24bab
1c9d8
25b8a
25315
29165
25145
1c9dc
2522d
29167
1f24c
206dd
1d2f8
206de
1d2f9
1ca9e
209b8
1d2fb
1caa0
2132a
1d2fd
1caa2
29249
1caa4
1f7eb
249c2
1ef81
28f86
1f7ec
2924a
20144
1caa8
249c6
249c7
20aa7
1caab
2650b
1d302
255e8
20501
2924d
255ea
1d305
1ecae
24422
1ecaf
289ea
1f336
20aaa
1ed9d
2622d
1fab6
2522e
1fab7
1f7f0
2924f
24424
1f255
28f8b
2014a
1f257
29251
24514
28172
247df
289ed
25233
209ba
2014c
1cac0
24d76
20aac
1cac2
25404
2023c
25c7b
2023d
1cac5
28f90
24d7a
20aad
1cac8
28f92
24c9d
25406
29257
25407
26234
289f2
25236
28f95
1e141
208ca
1cc75
208cb
1cb84
20240
208cc
1cb86
1d03b
1e050
1cb89
2014d
267e6
1f8d6
1d03f
267e8
1cb8d
1f8d7
25054
1f60f
29622
1f8d8
298e4
207dc
1cb91
25058
25059
1f33c
20d8a
1d9a5
20d8b
1d9a6
1cb96
2105c
1d9a8
1cb98
219db
1d9aa
1cb9a
298e9
1cb9c
227ac
1d9ae
29626
20ba2
25c80
219dd
1cba0
25c82
227b1
1f33e
24d7e
20242
2934d
20152
25316
20153
1f8de
298ed
24abc
1f343
29627
207e4
1f345
298ef
20243
25408
1f9ca
1cbad
29629
24bac
28810
24e71
2908b
2531c
20d8f
208d1
268de
2540b
208d3
2632a
24baf
2962b
2540c
208d6
298f2
268e2
2540f
24abe
298f4
1cbbc
2632c
1cbbd
2632d
2531f
1cbc0
25411
298f7
1cc7a
209bc
1f51c
209bd
1cd68
2641f
209be
1cd6a
1f166
205f4
1d215
205f5
1d216
20e7d
1d217
29169
1f9cd
1cc84
1d4ea
20245
1cc86
1f9cf
1cc87
21158
1da99
1cc89
2123f
1da9b
1cc8b
217f6
1da9d
1d4f2
20413
2916b
2289f
1cc90
21522
1daa2
25d73
21244
1cc93
1cc94
208db
1cc95
24e77
1f433
20e81
1f434
1cc98
20e82
1f436
28bcf
24bb5
1cc9b
28bd0
25416
1f51e
209bf
1cc9e
254fb
20e83
1fbab
25b8c
1fbac
25e6f
2024a
1cca3
254fc
21247
1cca5
25b8e
2041a
25e71
2041b
1cca8
29172
20e84
209c1
1ccab
299e5
28bd4
24bb7
24f66
29175
24f67
2541a
29176
2642a
28bd7
1ce57
1dd7a
1cd6d
1fe77
26510
1fbae
1ce5b
26512
1cd71
1fabf
25238
1f7f3
2925a
1fac0
29ac8
2041e
1cd75
2523c
2523d
1f522
209c5
1db89
209c6
1db8a
1cd7a
2124b
1db8c
1cd7c
21613
1db8e
1cd7e
29acd
1cd80
22990
1db92
2925e
20d92
258b8
21615
1cd84
258ba
22995
1f524
24f68
1fe7a
29531
2033a
25504
2033b
1fac6
29ad1
24ca6
1f529
2925f
20426
1f52b
29ad3
1fe7b
255ec
1fbb0
1cd91
29261
247e4
289f4
2505b
28cc3
2550a
209ca
2050b
26516
255ef
2050d
25f62
247e7
29263
255f0
20510
29ad6
2651a
255f3
247e8
1cd9f
25f65
1cda0
24ca9
29ad9
2550d
1cda4
255f5
29adb
1ce5e
20ba4
1f702
20ba5
1cf4c
26603
20ba6
1cf4e
1d6ce
20511
1d129
20512
1d12a
21422
1fe7f
1d12c
21705
20e86
1d12e
21cce
21425
1d6d6
1f346
20ab6
1eda1
24d85
1f616
24d86
1f617
29bbf
20ab8
1d406
205f9
29351
22a83
1ce74
21707
1d6da
259ab
21428
1ce77
1ce78
20515
1ce79
25061
1f619
20ab9
1f61a
1ce7c
20aba
1f61c
28db3
247ed
1ce7f
28db4
255fa
1f704
20ba7
1ce82
256df
20abb
1fd8f
25d76
1fd90
26053
1fe82
1ce87
255fd
2142a
205fe
29356
2514e
1ce8b
25d79
1ce8c
28db7
2660b
20ba9
1ce8f
29bc9
28db8
247ef
25150
2935b
25151
255fe
2935c
2660e
28dbb
1d041
1df5e
1cf51
2005d
266f4
1fd92
1d045
266f6
1cf55
1d21b
1ff71
1cf57
1fca4
1cf58
20f68
1d7c4
1cf5a
20f69
1d7c6
1cf5c
21524
1d7c8
1d4f3
2033d
1cf5f
2033e
1cf60
20605
1cf61
24e7f
1d4f7
29442
1cf64
225c8
1d7ca
29444
209cd
25aa2
217fa
1cf68
25aa4
225cd
1f70a
25152
20060
29179
1ff74
256e8
1ff75
1fcaa
29709
248de
1f70f
29445
2060c
1f711
2970b
20061
257d0
1fd94
1cf75
2523e
1cf76
258bd
1cf77
29447
256ee
20bb2
206ef
266fa
257d3
206f1
26146
249cb
29449
257d4
206f4
2970e
266fe
257d7
248e0
29710
1cf84
26148
1cf85
26149
256f1
1cf88
257d9
29713
1d048
1fd95
20f73
1f7f9
297f2
20064
1d310
297f3
20abd
1d312
297f4
21062
1d314
1d050
1fd97
24f6e
1f52d
29532
1fd98
297f6
206f8
1d054
24f72
24f73
21064
1d057
25b93
1d8bd
226bc
20ac0
297f9
226be
1d8c0
1f25a
249ce
1f25b
28f96
1f8e2
21067
1f349
267eb
20066
257da
20067
1fd9c
297fb
249d0
1f801
29537
206fe
1f803
297fd
24ac0
2871e
24d8b
28f99
257df
20f77
20700
1d06c
25322
21069
1d06e
259b0
207f0
26239
207f1
1d071
2953c
25326
2106a
1d074
2953e
25249
259b2
29803
259b3
267f2
28f9e
257e2
29541
1f9d6
21433
1d224
22a89
21434
1d226
1f8e4
21341
1d5ec
22997
21342
1d5ee
1f620
20ac1
1d6de
20ac2
1d6df
21344
1d6e0
29bcf
1fe89
1d13e
1d9b3
20703
1d140
1fe8b
1d141
2161a
1df62
1d143
2170c
1df64
1d145
21ccf
1df66
1d9bb
20e8b
29bd1
22d5f
1d14a
21fa7
1df6b
2623f
21711
1d14d
1d14e
20d9d
1d14f
2532b
1f8eb
21348
1f8ec
1d152
21349
1f8ee
29635
25069
1d155
29636
258c6
1f9d8
21435
1d158
22a8d
2134a
20069
26058
2006a
268e7
20708
1d15d
258c9
21713
20e90
29bd6
259b8
22a91
1d162
2605a
20e94
268e9
21437
1d165
29ea3
1d167
29bda
2532e
1d169
2515c
2963c
2515d
1d16c
2963d
1d315
209cf
1d228
208e6
209d0
1d22a
1d7cf
2060f
1d22c
20610
1d22d
20e95
1d22e
256f5
1d7d3
29716
1d231
1daa6
207f9
1d233
1ff7f
1d234
21717
1e055
1d236
217fe
1e057
1d238
21dc1
1e059
1e05a
2632e
209d2
29f8c
21802
1d23d
22e53
1e05e
29f8e
26333
208e7
299ea
2515f
1d242
20e9a
1d243
259bf
20e9b
1d245
25424
20e9d
29f90
259c1
20e9f
1d249
209d3
25aa6
208ea
1ff83
1d24c
2550e
1d24d
2614b
1d24e
29f92
21805
209d6
2971c
25aaa
225d7
1d253
2614c
209da
2642f
20ea0
1d256
2971f
25aad
25aae
1d259
25162
29f97
1d25c
26430
1d25d
26431
259c7
1d319
2042b
226c0
2015e
1d409
226c2
1d31d
2006f
257e4
1fd9f
29806
20070
2a078
209dc
1d321
257e8
257e9
1face
20f81
1e144
20f82
1e145
1d326
2180a
1e147
1d328
21bde
1e149
1d32a
2a07d
1d32c
22f42
1e14d
2980a
2134e
25e76
21be0
1d330
25e78
22f47
1fad0
25514
2042e
29add
208ee
25ab0
208ef
20076
2a081
25252
1fad5
2980b
209e4
1fad7
2a083
2042f
226c4
20160
1d33d
2980d
24d90
28fa0
25607
2926f
25ab6
20f86
20ac9
25b9a
226c7
20acb
1d345
2980f
24d92
29271
25609
2a086
25b9e
226cb
226cc
2a088
1d34c
26522
1d34d
26523
29274
25255
1d351
2a08b
2024f
219df
1fcaf
1d40d
219e0
227b5
1fbc0
21070
1dc8a
21071
1dc8b
1d412
218fc
1dc8d
1d414
21cd1
1dc8f
1d416
2a16d
1d418
20163
25330
1f8f3
298fa
20164
2a16e
20ad2
1d41c
25334
25335
219e5
1d41f
25f67
1dc94
23036
21444
2a171
23038
1dc97
1f622
24d96
1f623
2935e
20166
218fd
20167
1fbc7
25ba4
20ad6
1d42a
2560f
1fbca
1d42c
29900
20251
219e8
1fcb1
25c8b
25ba7
20bba
26610
24e83
29093
218fe
20ada
1d434
227b8
219ea
1d436
29362
25c8f
20bbf
26612
24e85
29904
227bc
219eb
1d43c
227bf
2a17a
29365
24d9b
256fc
29908
256fd
25baa
29909
1fda0
21253
1d5f0
228a5
21254
1d5f2
1dd7b
20bc1
1d7d6
20bc2
1d7d7
219ed
20527
1d7d9
21dc2
20f88
1d7db
2237a
2152a
1dd83
1f9e6
21168
1f43f
25429
1fcb4
2542a
1fcb5
29cb5
2116a
1dab3
20ca9
299ef
22b7b
1d512
21dc4
1dd87
26061
2152d
1d515
1d516
20bc5
1d517
256ff
1fcb7
2116b
1fcb8
1d51a
2116c
1fcba
29451
24e8b
1d51d
29452
25c98
1fda2
21255
1d520
228a9
20cac
26702
24f75
28bd9
2116d
2052a
1d525
25c9b
2152f
20cae
299f4
25d80
228ad
1d52a
25e7c
20cb2
26705
21257
1d52d
29cbf
1d52f
299f8
25702
1d531
24f78
29458
24f79
1d534
29459
1d8c7
20617
1d5f4
20346
1d5f5
21533
1de70
1d5f7
21620
1de72
1d5f9
21be1
1de74
1d8cf
1f530
209e7
1dba1
209e8
1dba2
2125b
1dba3
29adf
20349
1d601
1de76
26150
20da8
29da8
21624
1d605
22c6f
1de7a
29daa
26155
2070b
29816
24f7b
1d60a
20da9
258cc
2070e
1fda9
2125d
1fdaa
1d60e
2125e
1fdac
29543
24f7d
1d611
29544
25d8a
1ff84
25f6c
1ff85
267f5
2034d
1d616
29dae
21537
21351
1d619
258cf
2299e
20dae
29daf
25338
1d61d
25f6f
1d61e
29ae9
258d3
258d4
29548
24f7e
29db3
1d624
267f8
1d625
267f9
25d8f
1d6ec
20db1
2303a
2052c
1d7e0
2303c
1d6f0
20cbf
22f48
2043a
1dba8
22f4a
1d6f4
2043b
25bac
2016b
2a17e
2043c
2a454
21356
1d6f8
25bb0
25bb1
20db3
29ea8
25613
1d6fc
21358
1d6fd
25e81
21359
1d6ff
258d8
2135b
2a457
25e83
2135d
1d703
21447
25f72
20db6
20441
1d706
25704
1d707
259c9
1d708
2a459
21be6
219f5
1d70b
25f75
22a98
29be4
25707
2a45a
25f76
23043
1d710
2a187
25f79
25708
2a188
25709
23046
25f7b
1d716
2a18a
258db
25e89
1d7e2
20ea3
22b80
20620
1d8d2
22b82
1d7e6
2052f
25c9e
2025d
29cc4
20530
2a546
21450
1d7ea
25ca2
25ca3
20ea5
29f9a
2570b
1d7ee
21452
1d7ef
25f7d
21453
1d7f1
259d0
21455
2a549
25f7f
21457
1d7f5
20f8d
26064
20ea8
20535
1d7f8
257f6
1d7f9
25abb
1d7fa
2a54b
21dc9
20f90
29cca
257f8
1d7fe
25abd
1d7ff
2972b
26069
21458
1d802
29ccd
2606b
257fa
29cce
257fb
22b8c
2606d
1d808
2570f
2a551
25f85
1d8d4
209e9
22c72
20712
1d9c4
22c74
1d8d8
20623
25d90
2034f
29db6
20624
2a638
20f96
1d8dc
25d94
25d95
209eb
2a08c
257fd
1d8e0
20f98
1d8e1
2606f
20f99
1d8e3
25ac2
20f9b
2a63b
26071
20f9d
1d8e7
21081
26156
209ee
20629
1d8ea
2533c
1d8eb
25bb3
1d8ec
2a63d
21dce
2162d
1d8ef
26159
226d0
2981c
2533f
2a63e
2615a
22c7b
1d8f4
29dbf
2615d
25340
29dc0
25341
22c7e
2a642
1d8fa
25801
2a643
26077
1d9c6
20add
22d64
20804
1dab6
22d66
1d9ca
20715
258dc
1fea1
29eaa
20716
2a72a
2108a
1d9ce
258e0
258e1
20adf
2a18c
25343
1d9d2
2108c
1d9d3
26161
2108d
1d9d5
25bba
2108f
2a72d
26163
21091
1d9d9
21173
26248
20ae2
2071b
1d9dc
2542e
1d9dd
25ca5
1d9de
2a72f
21ec0
2171f
1d9e1
2624b
227c2
2990e
25431
2a730
2624c
22d6d
1d9e6
29eb3
2624f
25432
29eb4
25433
22d70
2a734
1d9ec
29eb6
25bbd
26169
1dab8
20bcf
22e56
208f6
1dbac
22e58
1dabc
20807
259d4
1ff95
29f9c
20808
2a270
2117c
1dac0
259d8
259d9
20bd1
29cd2
25435
1dac4
2117e
1dac5
26253
2117f
1dac7
25cac
21181
2a273
26255
21183
1dacb
21265
2633a
20bd4
20442
25d96
20443
26433
2080d
1dad0
2a275
21fb2
21811
1dad3
2633d
228b4
29a00
25523
2a276
2633e
22e5f
1dad8
29fa5
26341
25524
29fa6
25525
22e62
26343
1dade
29fa8
25caf
2625b
1dbae
208f9
25ac6
20087
2a08e
208fa
2a362
2126e
1dbb2
25aca
25acb
20cc6
29dc4
25527
1dbb6
21361
25e8a
20cc9
20357
21816
20358
1dbba
21817
2035a
29aef
25529
1dbbd
29af0
26348
20536
258e2
20537
26525
208ff
1dbc2
2a367
21af8
2190a
1dbc5
25e8d
229a6
29af2
2561b
2a368
25e8e
22f51
1dbca
2a097
25e91
2561c
2a098
2561d
22f54
25e93
1dbd0
2a09a
25da1
2634d
1dc9e
21369
235ec
20ae7
1dd92
235ee
1dca2
21277
234fa
209f5
1e15a
234fc
1dca6
2190e
1dca7
25e95
20449
21ec3
2044a
1dcaa
21ec4
2044c
2a18f
25bc1
1dcad
2a190
2643c
2053a
21fb5
1dcb0
235f1
21ec5
20bd8
25cb0
20bd9
25f87
2127b
1dcb5
2643f
2228c
21a03
2a73a
2304a
1dcb9
25cb3
1dcba
2a193
2652f
21fb7
1dcbd
2aa15
25cb4
2aa16
25cb5
26532
1dcc1
25bc2
2aa18
1dcc4
2a197
1de82
21544
1dd95
2145c
21545
1dd97
1ff96
25cb6
1ff97
29cd4
20aea
2228f
20aeb
2053f
26536
21a0b
1dd9e
25f8f
20542
1dda0
2a27e
20bdc
2237d
2062d
2661d
26539
21547
26078
228b9
29a07
22290
21548
2661e
23139
2154a
2607a
228bb
2a281
2313a
2154d
2ab06
22291
2313c
22380
1ddb0
2607c
1ddb1
2607d
1ddb3
2a285
25f90
1ddb5
2653c
2a287
2071c
21beb
1df75
23225
21bec
1df77
2062e
2607e
20fa4
2a646
21461
26626
21462
20be0
2abf3
25daa
20633
2a36f
21553
20635
2abf5
20fa5
23228
20ccf
1de95
2a371
229aa
29af8
22c81
29dc9
2662c
21b01
2163a
26710
2322b
2163c
2616c
229ad
2a373
2322c
2163f
2abf8
26714
2322f
229ae
29dcc
229af
1dea4
2a377
26717
29dce
25dad
1dea9
2abfd
20dbe
2255f
2080f
1df7a
22560
23319
21095
2a742
258ef
1df7e
21641
1df7f
26719
21642
1df81
26172
21644
2ace6
2671b
21646
1df85
2172a
26800
21098
20cd3
1df88
22d72
1df89
259db
1df8a
2ace8
22475
21ce0
1df8d
26803
22a9e
29ebc
22d75
2ace9
26804
2331f
1df92
2a469
26807
22d76
2a46a
22d77
23322
2aced
1df98
2a46c
26175
26721
1e06a
21185
23408
20eb1
1e15e
2340a
1e06e
21732
1e06f
26263
20813
21ce2
20814
1e072
21ce3
20816
29fab
259e3
1e075
29fac
2680e
20902
21dd1
1e078
2340d
2181d
2634e
225e3
29731
21ce4
2109b
1e07d
26811
220a8
2181f
2a558
22e66
1e081
25acf
1e082
29faf
268f7
21dd3
1e085
2a831
25ad0
2a832
25ad1
268fa
1e089
259e4
26267
1e08c
29fb3
2035e
25ad2
2035f
2a09c
209fc
2219c
20451
26443
2118b
268fc
2118c
20eb6
2a91d
25ad4
20909
2a647
21829
2090b
2a91f
226d4
29822
22f57
2a09f
26901
220ac
2182b
1e170
23500
2219e
1e172
25bc6
2191b
25e9d
2191c
1e175
2a64c
23504
2219f
1e178
25e9e
1e179
25e9f
2a0a3
23507
26358
1e17d
26904
2a651
2173a
1e24c
1e7f7
1ff98
2173b
1e7f9
1e250
278f2
1f718
1eacc
220ae
2173d
1eace
26f7e
220b1
1f808
22d78
24244
22aa3
1e25a
24245
239c4
28813
1e25d
1e25e
21dd9
2173f
21740
259e6
1e261
23327
22aa6
278f3
26269
21744
27071
22386
1e268
239c5
1e269
239c6
27800
2332b
26ac8
22d80
22aab
29ec3
24249
2626b
1e26f
29ec5
1e33d
1e8e9
1f16d
1e340
21ddc
1f80a
1e8ed
1e343
21eca
1f25c
1e345
21b02
221a2
1e348
28358
1e34a
23416
27ad6
22e6b
1f811
27ad8
23d8c
1e34e
1f814
209fe
22477
221a4
225ea
2635a
21833
26bb7
22e6e
1e355
26907
26bb9
279e6
1e359
225ed
23d8d
225ee
23d8e
1e35c
25ada
29fb4
2341e
22e73
1e35f
26ace
26909
26acf
1e363
1e520
1f25e
1f34f
1e9dd
221a5
1f8fb
21920
1eacf
22569
1f352
1ecb1
22293
1e439
2844a
1e43b
1f355
23ba6
1e43d
23509
23ba7
1e43f
2442a
1f359
28175
2109c
1e443
26f81
22f5e
2644c
226dd
1e446
2350c
21927
26caa
1e449
1e44a
21fc0
22f61
2442b
22f62
2442c
226e1
25ea2
1e44f
26bbf
23511
23bab
1e452
26cae
1e454
27166
21a10
1f441
1e7fc
22388
1e525
1ead1
2026e
21a12
1ead3
1e529
2761c
1f444
1eda7
1f445
1f446
227cc
23f6e
1f448
27cbb
23f6f
1f44a
28267
27cbd
28aea
21a14
21466
1e536
235fc
26d9a
23051
21a18
27347
25cbd
1e53a
21a1b
21b05
2a836
235ff
26cb0
23600
27257
23055
26540
227d4
1e542
26d9f
23f73
25cbf
2a19a
26da1
2752e
1e614
1fdb6
20fab
1e616
1ebc2
1ee98
1e619
21b07
1f535
1ebc6
1e61c
21bf5
27349
2247c
1f624
22b94
2460c
228bf
1e622
2460d
237e0
2862f
1e625
1e626
21bf6
2155b
2155c
25dae
1e629
23143
228c2
2770f
26085
21560
2743a
221a8
1e630
237e1
1e631
237e2
2761f
23147
26e90
22b9c
228c7
29cdf
24611
26087
1e637
29ce1
1e706
21ce9
1f07d
1e708
21ed0
2256e
1e70b
1fbd1
1ef8b
1e70d
28720
21bfa
2743b
2256f
1f722
22c86
246fe
229b1
1e714
246ff
238d2
28721
1e717
1e718
21cea
2164d
2164e
258f4
1e71b
23235
229b4
27803
26177
21652
26f83
2229a
1e722
238d3
1e723
238d4
27711
23239
269da
22c8e
1e726
26e95
24703
26179
1e729
26e97
1e7ff
1ecb9
1f631
1fcc5
1edab
1e804
27ea2
1e806
1fcc8
23f74
1e808
238d7
23f75
1e80a
247f2
1fccc
28aec
229ba
25f96
21cf0
27077
23331
21cf2
27621
27079
27ea4
1e814
238db
2a46e
2681b
2305e
2424d
2305f
2424e
1e818
26f85
238df
23f79
1e81b
2a471
1e8f2
1ee9b
1f724
1e8f5
28eb0
2238e
27623
1e8f9
239c8
28085
23421
1fdbd
28087
2433e
1e8fd
1fdc0
21de1
239ca
1e900
2690b
22ba1
1e902
239cc
21de5
27714
26da6
23425
2716c
2608b
1e908
24069
1e909
2406a
27ea5
239d0
23429
1e90c
27080
2716f
27ea6
1e9e5
1ef8e
20728
1fea8
21ed2
1f817
1f9ef
23512
249d4
22c91
1e9ed
249d5
2415a
28fa3
1e9f0
1e9f1
23514
2725a
2617b
21ed5
2725c
23516
1e9f5
21ed8
22571
22c95
26452
225f5
2a653
23ac0
27170
23ac1
27716
2351a
22c99
2a654
249d9
1ea00
27717
21fc3
1ead8
1ff99
1f9f1
1f082
1eadb
1f9f2
22d82
24520
1f9f4
2826a
24521
1f9f6
28815
2826c
29096
22d84
26542
226e5
1eae5
23baf
22d86
27bcd
1eae8
1eae9
226e6
2626e
1eaeb
27351
2360a
24ac9
2360b
24aca
22d8a
1eaef
27352
24525
27265
1eaf3
1ecba
1f44d
1fae2
1f173
1ebcc
27cbe
1ebce
1fae5
23d90
1ebd0
236f3
23d91
1ebd2
24bba
1fae9
28908
227d6
2635e
21b0c
2743f
2314d
21b0e
279e9
27441
27cc0
1ebdc
236f7
2a28a
26637
22e7a
24615
22e7b
24616
1ebe0
27355
236fb
23d95
1ebe3
2a28d
1ecbb
1f264
20452
2017e
21bfc
1f541
1fcce
2323c
24caa
22f67
1ecc3
24cab
23e84
28ccd
1ecc6
1ecc7
2323e
26f88
25ea5
21bff
26f8a
23240
1eccb
21c02
2229c
22f6b
26728
228cb
2a37d
237ea
27446
237eb
279ec
23244
1ecd3
27447
24caf
2a37f
279ed
2229d
1edaf
1f35f
20af1
2081c
27adf
1edb4
23e88
28aed
238e1
20276
28aef
247f8
1edb8
20279
2229e
238e2
1edbb
26547
23611
1edbd
23e8c
222a2
27bd2
22f72
26548
229c1
2aa1c
23e8e
27534
23e8f
27ae0
238e8
23617
2aa1d
24da1
1edc8
27ae1
2238f
1eea2
2090d
20365
1fcd1
20366
239d2
24e8e
23155
1eea8
24e8f
2461a
2945d
1eeab
1eeac
23156
27718
23063
22392
2771a
239d6
1eeb0
22395
22ab2
23f7f
1eeb3
2771d
239d8
24e91
239d9
24e92
2315c
1eeb7
2771e
248ed
27631
1eebb
1f083
1fdc1
1feaa
1f544
1ef96
1feac
23246
249da
1feae
28726
249db
1feb0
28ccf
28728
29550
22ba8
2672a
225f7
1efa0
2406f
2324a
28089
1efa3
1efa4
23ac9
2abff
2672d
2324c
249dd
2324d
249de
1efa8
27721
24075
2470f
1efab
2ac02
1f084
1f634
1f908
1f087
29640
1f089
1ff9f
24250
1f08b
2415f
24251
1f08d
25074
1ffa3
28dc2
226e8
24160
22575
278fd
23bb9
22577
27ea7
278ff
2817c
2333d
27900
22c9d
1f098
24253
1f099
24254
2808b
24166
23bbf
1f09c
27814
27903
2808c
1f177
1f727
20eb9
20638
27ea9
1f17c
23ca4
28909
236fd
20093
2890b
24bc0
1f180
20096
220ba
236fe
1f183
2690f
2342d
1f185
23ca8
220be
27f9a
22d8e
26910
227dd
2a838
23caa
27904
23cab
27eaa
23704
23433
2a839
25169
1f190
27eab
1faeb
20180
1f81a
1f26c
20182
2351c
24cb0
20184
289fc
24cb1
20186
28fa5
289fe
2927a
22e7e
26454
228cd
1f276
23d99
23520
28361
1f279
1f27a
237f3
2a929
26457
23522
24cb3
23523
24cb4
1f27e
2753e
237f7
24439
1f281
279f9
1f361
1f90b
2109f
20dc9
2808d
1f366
2443a
29099
23e93
20822
2909b
24da4
1f36a
20825
226ec
23e94
1f36d
26bc4
23e95
2534b
23e96
2534c
23bc5
27bd8
24440
24da7
26bc6
1f375
1f9fc
2027c
1f455
29a08
1f457
20913
24bc4
1f459
2452d
24bc5
1f45b
2543c
20917
2918a
23066
2452e
227df
27cc9
2452f
27bda
24530
28180
23f89
1f463
27bdb
2543f
27ccb
28181
2036d
20456
1faf0
1f548
20458
237f8
24f86
2045a
28cd2
24f87
2045c
2927b
28cd4
29afc
2315e
26da7
22bad
1f552
24cb9
1f553
24cba
28af1
24623
237fe
1f556
27cce
1f558
28af2
1f638
20af2
20549
1feb5
20639
24168
2561e
238eb
1f63e
2561f
247fe
29bed
1f641
1f642
238ec
27eac
23251
238ed
2507b
238ee
2507c
1f646
26e9b
2416e
24801
1f649
27dc1
1f729
1fcd3
21467
20be5
28455
1f72e
24256
28eb5
23caf
2063f
28eb7
2516c
1f732
20642
22ab4
23cb0
1f735
269e0
23cb1
25713
23cb2
25714
239e1
27fa0
2425c
2516f
269e2
1f73d
1fdc4
20098
1f81d
29824
1f81f
2072f
249e0
1f821
24349
249e1
1f823
25804
20733
29552
22e82
2434a
225fb
27ae9
2434b
27fa2
2434c
28548
23da5
1f82b
27fa3
25807
27aeb
28549
20735
20dca
1feb8
1f910
20dcc
2416f
2534e
20dce
29646
2534f
20dd0
29bef
29648
29ec8
23ad5
27174
23529
1f91a
25081
1f91b
25082
28eb9
249eb
24175
1f91e
28092
1f920
28eba
1fa00
21468
20ebe
20829
20ebf
24533
259ea
23cb6
1fa06
259eb
25172
29fb9
1fa09
1fa0a
23cb7
28274
23bc8
23cb8
25443
23cb9
25444
1fa0e
27268
24539
25175
1fa11
28189
1faf1
2009b
21838
20faf
2881d
1faf6
24bca
2927d
24626
20a08
2927f
25534
1fafa
20a0b
22e84
24627
1fafd
27359
24628
25adf
24629
25ae0
23dac
28368
24bd0
25537
2735b
1fb05
2018c
20460
1fbe5
2a19c
1fbe7
20af8
24da8
1fbe9
24cbd
24da9
1fbeb
25bd0
20afc
2991a
23252
24cbe
22f77
28459
24cbf
2836a
24cc0
28910
2471c
1fbf3
2836b
25bd3
2845b
28911
20551
20be7
20280
1fcd8
20be9
23f8b
25716
20beb
29462
25717
20bed
29a0b
29464
29ce4
238f1
26f90
23345
1fce2
24e9d
1fce3
24e9e
28cd5
24807
23f91
1fce6
2845e
1fce8
28cd6
1fdc8
21284
20cda
20645
20dd3
2434f
25db2
2407e
1fdce
25db3
24f8e
29dd5
1fdd1
1fdd2
2407f
28094
239e4
24080
2580b
24081
2580c
1fdd6
27084
24355
24f91
1fdd9
28551
1feb9
20463
21c03
2192c
28be5
1febe
24f92
29bf1
249ee
2137d
29bf3
25900
1fec2
21380
23254
249ef
1fec5
27725
249f0
25eab
249f1
25eac
24723
28730
24f98
25903
27727
1fecd
20554
20dd5
1ffad
2a564
1ffaf
2146e
2571c
1ffb1
25085
2571d
1ffb3
25f9c
21472
29ce6
23bc9
25086
23347
28821
25087
28732
25088
28cd8
24ae4
1ffbb
28733
25f9f
28823
28cd9
20ec6
20fb1
20648
200a0
20fb3
24356
25ae2
20fb5
2982a
25ae3
20fb7
29dd7
2982c
2a658
23cbc
27908
23710
200aa
25811
200ab
25812
29649
2517b
2435c
200ae
28826
200b0
2964a
20190
21655
210a4
20a0e
21194
24cc3
2617e
24449
20196
2617f
25356
2a749
20199
2019a
2444a
28a04
23daf
2444b
25bd7
2444c
25bd8
2019e
279fc
24cc9
25359
201a1
28919
20281
2082b
21fcb
21748
28fad
20286
24dae
29a0d
2480a
2119a
29a0f
25cc8
2028a
2119d
2361c
2480b
2028d
27541
2480c
26273
2480d
26274
2453f
28af8
24db4
25ccb
27543
20295
2091c
20bf1
20375
2a380
20377
2128a
25538
20379
24ea1
25539
2037b
26364
2128e
2a0ae
239e5
24ea2
23163
28641
24ea3
28afa
24ea4
290a0
24900
20383
28afb
26367
28643
290a1
21290
2192d
20a11
20468
2192f
24cca
25eae
21931
2a1a2
25eaf
21933
2a74b
2a1a4
2aa21
24633
27cd0
24087
20472
25bdd
20473
25bde
29a11
25543
24cd0
20476
28bea
20478
29a12
20558
21fcc
21a21
21384
21a22
2508b
2654a
24811
2055e
2654b
25cce
2ab12
20561
20562
24812
28dcc
24726
24813
25fa3
24814
25fa4
20566
27dc4
25091
25cd1
20569
28ce1
20649
20bf4
22396
21b13
29375
2064e
25722
29dd9
2517e
2156b
29ddb
26094
20652
2156e
239e7
2517f
20655
27eb5
25180
2663f
25181
26640
24907
28ec0
25728
26097
27eb7
2065d
20ce5
20fbb
2073d
2acf5
2073f
2165b
25904
20741
25815
25905
20743
26730
2165f
2a476
23db0
25816
23ada
28fb1
25817
28ec2
25818
29468
25274
2074b
28ec3
26733
28fb3
29469
210ac
2174a
20dd9
20830
2174c
24ae6
26276
2174e
29fbe
26277
21750
2a567
29fc0
2a83d
2444f
27aec
23ea3
2083a
259f9
2083b
259fa
2982d
2535f
24aec
2083e
28fb6
20840
2982e
20920
21de8
2183d
211a0
21936
24ea7
26912
24bd9
20926
26913
25aea
2a92e
20929
2092a
24bda
28bec
24542
24bdb
2636b
24bdc
2636c
2092e
27be0
24ead
25aed
20931
290a9
20a12
20fbe
20a14
21edd
225fc
2618a
21edf
26bc8
225fe
20a19
25aef
26bc9
2a750
25547
29194
25548
2973e
2618f
23db2
25549
20a20
2827d
2554a
20a22
29196
20a24
29fc2
20b05
26cb9
20b07
21fd1
25be0
20b09
26551
21fd3
2a294
25638
21fd5
21fd6
24dbe
26553
24dbf
26554
226f3
20b11
24dc0
29378
24cd2
24dc1
2937a
25be6
2937b
29831
21a29
220c1
29921
20bfa
25729
2a385
2636f
20bfc
26644
24eaf
20bfe
20bff
227e3
26371
227e4
26372
20c02
2937d
24817
28460
2426e
20c05
28462
2572f
28463
20c09
21293
21c07
21570
21cf8
24fa0
26734
228d3
2aa22
25eb6
21c0c
2a479
2aa23
20cf2
25dc6
20cf3
25dc7
29ceb
26739
2435f
25dc8
24089
2955d
25dc9
24fa6
20cf9
29471
20dda
21386
20ddc
21cfa
229c4
25fa6
21cfc
269e4
229c6
20de1
2590b
269e5
2a56c
25363
29560
25364
29b06
25fab
2417a
25365
20de8
28099
25366
20dea
29562
20dec
29dde
20ecd
26ad5
20ecf
21ded
259fc
20ed1
26919
21def
2a65c
25454
21df1
21df2
25186
2691b
25187
2691c
22abb
20ed9
25188
29198
24aee
25189
2919a
25a02
2919b
29bf9
21df3
20fc1
2248b
25af5
20fc3
2673b
2248d
2acfb
25af6
2248f
22490
22bb3
2673d
22bb4
2673e
22607
20fcb
25826
29832
2518c
25827
29834
260a4
29835
29cef
21ee5
210b3
2257e
25be7
210b5
2682d
22580
2a841
25be8
22582
22583
22ca5
2682f
22ca6
26830
226f9
210bd
2536c
29924
2527e
2536d
29926
26196
29927
29de1
21fd7
211a5
220c4
25cd9
211a7
2691f
220c6
2a933
25cda
220c8
220c9
22d97
26921
22d98
26922
227eb
211af
2545e
29a16
24dc4
2545f
29a18
26288
29a19
29ed3
21b1d
21297
221b6
25dcb
21299
26465
221b8
2aa25
25dcc
221ba
221bb
22e89
26467
22e8a
26468
228dd
212a1
25550
29b08
24eb6
25551
29b0a
2637a
29b0b
29fc5
21c0f
21389
222a8
25911
2138b
26557
222aa
2ab17
25912
222ac
222ad
22f7b
26559
22f7c
2655a
229cf
21393
25642
29bfa
24fa8
25643
29bfc
25ec0
29bfd
2a0b7
21d01
2147b
2239a
25a03
2147d
26649
2239c
2ac09
25a04
2239e
2239f
2306d
2664b
2306e
2664c
22ac1
21485
25734
29744
2509a
25735
29746
25fb2
29747
2a1a9
223a0
21574
25dd2
21575
25dd3
2ab1a
23166
2518d
26650
2490e
29de3
26651
25dd6
2157b
29cf3
21664
22493
22ca8
26740
22ca9
26741
229d2
21669
2591a
29ed4
2582a
2591b
29ed6
26744
29ed7
2a38d
22584
21758
25a0a
21759
25a0b
2acfe
2334a
24dc5
26834
24af2
29fc7
26835
25a0e
2175f
29edb
21848
220cb
22e8c
26924
22e8d
26925
2260a
2184d
25afe
2a0b8
25462
25aff
2a0ba
26928
2a0bb
2a571
221bc
2193c
25bee
2193d
25bef
2a936
2352e
24fa9
2646c
24cd6
2a1ab
2646d
25bf2
21943
2a0bf
21a2c
222af
23070
2655c
23071
2655d
227ee
21a31
25ce2
29cf4
25646
25ce3
29cf6
26560
29cf7
2a755
22e8f
26653
227f0
26381
227f1
26382
21b23
29381
26384
22e91
21b26
29382
2a847
21b29
22f81
26745
228e2
25ec7
228e3
25ec8
21c15
29473
25eca
22f83
21c18
29474
2a939
21c1b
23073
26837
229d4
25fb9
229d5
25fba
21d07
29565
25fbc
23075
21d0a
29566
2aa2b
21d0d
22bb9
26929
22ac6
260ab
22ac7
260ac
21df9
29657
260ae
22bbb
21dfc
29658
2ab1d
21dff
22cab
2646f
2260c
2619d
2260d
2619e
21eeb
2919d
261a0
22cad
21eee
2919e
2ac0f
21ef1
22d9d
26561
226fe
2628f
226ff
26290
21fdd
2928f
26292
22d9f
21fe0
29290
2ad01
21fe3
22da0
2692e
227f5
23cc3
227f6
26293
220cf
2992d
22da4
23442
220d2
2992e
2726d
220d5
22e92
26474
228e7
23db5
228e8
26385
221c1
29a1f
22e96
23534
221c4
29a20
2735f
221c7
22f84
26566
229d9
23ea7
229da
25ecb
222b3
29b11
22f88
23626
222b6
29b12
27451
222b9
23076
26658
22acb
23f99
22acc
25fbd
223a5
29c03
2307a
2316c
223a8
29c04
26f97
223ab
22bbc
2674a
22611
2408b
22612
260af
22497
29749
22bc0
2325e
2249a
2974a
27089
2249d
22cae
2683c
22703
2417d
22704
261a1
22589
2983b
22cb2
23350
2258c
2983c
2717b
2258f
23bd3
26bd0
22709
2a0c0
22618
2ad0c
29293
2261a
22acf
2ac18
2261d
2974c
2c27c
2a66e
22ad3
2c27e
22621
2408d
2ac1b
23ae4
22bc3
26751
22624
260b2
26753
22626
2a762
26755
22628
29476
2ac1c
28ecb
334df
29750
22bcb
334e0
2ad10
2675b
29478
2ac1f
28ecd
2eeeb
291a2
2eeec
291a3
334e3
2ac21
22bd3
23535
26ae1
22cb4
2647a
23ae7
2708b
23444
22638
26387
2a850
25b08
22e9b
29fd1
26ae4
2a672
23449
2263d
2717d
2344b
2263f
2f3a7
27453
22ea2
2a673
22ea3
26bd9
2c644
2a763
22645
2c646
27455
2f3ab
2b728
22648
22649
261a5
29fd4
25b0a
25a13
29fd5
2264d
2a765
2647e
29840
261a9
29841
261aa
2a766
291aa
261ac
2aa38
2a1b3
261ae
22655
261b0
2ed06
29931
32f36
2a76a
22659
2bdc5
261b4
32f38
2ed0b
28ed0
2a677
28921
2e93f
28bf4
2e940
28bf5
33209
2a679
2648b
291ae
2ac25
29fd7
26ae8
22665
2a0c4
2c372
2ad13
26bdf
334e7
2c375
291af
2ec14
2a0c6
3320b
29fd8
2975b
2f3af
2adb5
291b3
2266f
2ec16
291b5
32f3e
2a0c7
2975c
22673
2bdc8
22674
2ea31
22675
2f3b2
2aea8
2a772
2ed0e
2a773
2ed0f
2aea9
2adb8
32f42
2c37a
2f3b5
2b544
2f3b6
2b545
22680
32f45
2ec19
2270e
2a2a4
26cc3
2a2a5
227fc
2beb5
29935
227fe
23351
26ea7
22cb6
26842
25bf7
29df2
25376
22717
2726e
26846
22719
2a2a8
26848
29edc
22cbd
29edd
22cbe
2ad17
29849
22cc0
2271f
22cc2
29ede
22721
29edf
22722
2a774
22723
2efdf
22cc6
3302a
22726
26295
2ad1c
23bd8
22f89
24455
22729
23eaa
23539
2a0c8
22f8c
2648d
26be3
22f8e
2984d
2272e
2a0cb
2353e
22730
2726f
23540
22f93
2f49a
29299
2f49b
22735
2ab28
23545
2c737
26ccd
22738
2b819
23548
2f49e
2b81b
2564b
2929a
24dca
2656e
2929b
25b0e
2656f
22740
28fc0
2a779
28a11
32a78
2929d
2629d
32a79
29cf9
2629f
32a7a
2a2ae
26577
2a2af
22749
2edf9
262a4
2b90a
29cfc
32a7d
2b90c
262a7
26578
29938
2274f
29939
22750
2a1b8
22751
2ea39
2657c
32a81
22754
2a0ce
22755
2f49f
2ad20
29386
2a859
26cd0
2beb9
2af96
26cd2
2275b
2a781
2275c
2ed13
292a4
2275e
2ad21
292a6
3302e
2aeb2
2a785
3302f
2ea3f
29387
2bebc
2aeb3
2a2b5
2edfe
2b633
327a5
2af99
22768
32a86
2b910
33032
2b911
2276b
33033
2aeb5
2276e
2af9d
33035
2eb26
33036
2eb27
2ed16
22773
228eb
2380c
22801
29a26
2bfa6
2a39c
228ef
2bfa8
22805
23cc5
2a85c
2371c
22da9
26937
22808
262a9
26939
2280a
2a39d
2693b
2280c
2965a
2a85d
290af
33117
2993e
22db1
33118
2a949
26941
2965c
2a860
290b1
2f0cf
29388
2f0d0
29389
3311b
2a862
22db9
2316d
26cd3
22ea5
2665e
2371f
27271
2362a
2281c
25fbf
2aa3c
25cec
2307f
2a1bf
26cd6
2a2bd
2362f
22821
2708c
23631
22823
2f58b
2708d
23086
2a2be
23087
26dbe
2c828
2a39f
22829
2c82a
2708f
2f58f
2b360
2282c
2282d
2638b
2a1c2
25cee
25bff
25cf0
22831
2a3a1
26662
29a28
2638f
29a29
26390
2a3a2
29390
26392
2ac2d
29df4
26394
22839
26396
2eef0
29b15
32b6e
2a3a6
2283d
2b9fd
2639a
32b70
2eef5
290b4
2a2c2
28b05
2eb29
28dd8
2eb2a
28dd9
333ed
2a2c4
2666f
29394
2a866
2a1c5
26cda
22849
29d01
2bfaa
2a94c
26dc4
3311f
2bfad
29395
2ee04
29d03
333ef
2a1c6
29949
2f593
2afa3
29399
22853
2ee06
2939b
32b76
29d04
2994a
22857
2ba00
22858
2e669
22859
2f596
2b08c
2a3ae
2eef8
2a3af
2eef9
2b08d
2afa6
32b7a
2bfb2
2f599
2b72e
2f59a
2b72f
22864
32b7d
2ee09
228f2
2a48c
26ea9
2a48d
229e0
2c099
29b19
229e2
2316f
26dc6
22bd5
2463a
25ddb
2a2cd
23172
228fb
26eab
23174
29d07
22bda
2f67a
26eac
22bdc
27728
26eae
23179
22902
29a2f
22903
22ea6
2648e
22905
23dba
2555b
29a30
22ea9
26491
26be9
22eab
2aa41
26eb0
22ead
29a31
2290c
291b7
2290d
2a952
26498
2290f
3320f
22911
29a34
2ec1a
291b9
33210
29a35
2f67e
2a3b3
22915
2ec1e
2ec1f
23811
2a3b4
23262
22919
2ad25
2317d
2c91b
26eb3
2291c
2b451
23180
2f682
2b453
25831
29482
24fae
2675f
22922
29a38
26760
22924
28bfc
2a3b5
28649
32c5c
29485
25ed7
32c5d
29ee5
25ed9
32c5e
2a496
26768
2a497
2292d
2efe3
25ede
2baee
29ee8
32c61
2baf0
25ee1
26769
29b1c
22933
29b1d
22934
29df9
22935
2e671
2676d
32c65
22938
29d0b
22939
2f683
2a959
2956e
2aa45
26eb6
2c09d
2b17a
26eb8
2293f
2a3bd
22940
2eefd
2948c
22942
2a95a
2948e
33216
2b096
2a3c1
33217
2e677
2956f
2c0a0
2b097
2a49d
2efe8
2b81d
32989
2b17d
2294c
32c6a
2baf4
3321a
2baf5
2294f
3321b
2b099
22952
2b181
3321d
2e75e
3321e
2e75f
2ef00
22957
22ad5
239f0
229e5
29c0a
2c18a
2a582
22ad9
2c18c
229e9
22cc9
2472b
229eb
24182
23266
29dff
22ccc
26770
269f1
22cce
2781a
269f3
22cd0
229f2
29570
2aa48
26ebc
22cd3
2f1c2
29571
2f1c3
23901
22f99
26581
229f8
25ee2
2a3c4
25924
22f9c
26585
229fc
2a584
26587
229fe
292aa
2aa4b
28ceb
332ff
29b24
22fa3
33300
2ab35
28cec
2a78b
22fa6
2a78c
22fa7
2aa4f
22fa8
2f1c5
29b28
22a08
23088
2684e
22a0a
25fc2
269f7
2c460
2a585
22a0d
2c462
27275
2f1c7
2b54a
22a10
22a11
25fc3
29e03
25926
25927
25de4
22a15
2a587
26853
29c0c
25fc7
29c0d
25fc8
2a588
29578
25fca
2a86e
29fe3
25fcc
22a1d
25fce
2f0d4
2975e
32d52
2a58c
22a21
2bbe1
25fd2
32d54
2f0d9
28cf0
2a4aa
2873d
2e761
28fc4
2e762
28fc5
33039
2a4ac
26860
29660
2ab37
269fc
2c18f
2b26c
269fe
22a2e
29e05
22a2f
2f1ca
2aa53
2957d
2efee
29eef
3303b
29e07
29b2d
2f1cb
2b187
29581
22a37
2eff0
29583
32d5a
29ef0
2975f
2e84c
29760
2f0db
29b2e
22a3d
2f1ce
2b270
2a594
2f0dc
2a595
2f0dd
2b271
2b18a
32d5e
2c196
2f1d1
2b366
2f1d2
2b367
22a48
32d61
2eff3
239f1
2a596
23459
22add
22dbb
24271
239f4
26f9e
23358
22ae1
262ab
2ad2b
26a01
22dc0
29c12
22ae4
29ef4
2335d
22ae6
27364
2335f
22dc5
2f2b4
29663
2f2b5
239f5
2308b
26673
22aec
25fd4
2a4b6
25a18
2308e
2ac32
26af0
23090
2ac33
28ddc
2a2cf
2667a
2a2d0
2667b
22af4
2ab40
2667d
23096
28dde
2a2d1
23098
2a2d2
23099
2ab42
2309a
2f2b7
29c1a
22afc
23362
2b638
26af2
333f7
2b63a
23365
2c555
2a68b
333f8
2c557
25a19
29c1b
2546a
22b05
2592a
29ef6
26af4
260ba
29668
22b09
28de1
22b0a
2a59c
2694a
22b0c
2a68e
2694c
22b0e
32e43
22b10
2bcd0
260c3
325bf
2a0dc
2ec22
2a963
22b14
2ec24
2bcd5
2882e
29d14
26950
29d15
26951
2a59f
26952
32e48
2966d
22b1b
26a04
2a5a1
26a05
22b1e
2b276
29765
2adba
2a694
22b21
2c282
2adbd
290b8
2e858
290b9
32e4a
29766
22b26
2b277
2a5a4
22b28
2f2be
2a5a6
29674
2f2bf
2a5a8
22b2c
2bcd6
22b2d
2e94b
22b2e
333fc
2c285
2a698
22b31
2e94c
22b32
2e94d
2ac39
22b34
32e50
2c289
2b27d
22b38
2ec2a
22b39
2ec2b
2f2c5
2e85d
24183
26ec1
22cd7
29e08
22be6
2ad2e
2985a
22be8
2309d
24092
22beb
29767
2c82e
27094
230a1
2c830
22bef
29a3d
2b09a
29769
2f950
29d1a
23187
2a965
23188
2f690
2b09f
24093
27638
239f8
22bf7
27187
239fa
22bf9
27096
2ac3f
26dd6
2f953
27097
23461
2f954
27189
23463
22bff
23a02
2bcdc
26bee
2f956
2ad2f
22c03
2cbf3
2ad30
2f958
2cbf5
22c07
29d1d
26bef
2c37c
2a78e
22c0a
2aeb8
26774
32c71
2ad33
22c0d
22c0e
29d1e
22c0f
2b369
29d1f
22c11
2f693
2985b
2b45a
2718f
22c14
2f694
2b36c
2ad36
22c17
2f95b
2a69e
2f3b8
2adc5
22c1a
2b36d
2adc6
22c1c
2ef05
2ac47
22c1e
334fb
2a6a0
29efc
2c382
29efd
2eff5
2ad38
2eff6
2ad39
2eff7
2b460
22c25
334fe
2f69a
2adc9
2bafc
2f961
2bafd
2b370
2f962
2c92c
2f69d
22dc7
23cca
22cdd
2994b
2c466
27278
22dcb
2c468
22ce1
29b2f
2b18c
2985d
2fa42
29e0e
23279
2aa57
2327a
2f1d6
2b191
24185
2772b
23aea
22ce9
27279
23aec
22ceb
27193
2ad3e
26ecb
2fa45
27194
23553
2fa46
2727b
23555
22cf1
23af4
2bdce
26ce0
2fa48
2a875
22cf5
2cce5
2a876
2fa4a
2cce7
29861
260cb
26ce1
2bec2
2a2d4
22cfc
2afaa
26866
32d63
2a879
22cff
22d00
29f00
2c46a
2a87b
26a0c
22d03
29e12
22d04
2b465
29e13
22d06
2f1da
2b468
2a87c
22d09
2fa4d
2a792
2f4aa
2aec3
22d0c
2b469
2aec4
22d0e
2effd
2ad46
22d10
33041
2a794
29fee
2bec8
29fef
2f0e7
2a87e
2f0e8
2a87f
2f0e9
2b552
22d17
33044
2f1e0
2aec7
2bbee
2fa53
2bbef
2b46c
2fa54
2c472
2f1e3
22eb9
2a966
22dcf
29a3f
2c558
2736a
22ebd
2c55a
22dd3
29c21
2b27e
2994f
2fb34
29f04
2336b
2ab49
2336c
2f2c8
2b283
23ccb
2781d
23bdc
22ddb
27285
2a884
26a11
2fb36
26ddb
23643
2fb37
27286
23645
2fb38
2736d
23647
22de3
23be6
2b914
26dde
2fb3a
2a969
22de7
2cdd7
2a96a
2fb3c
2cdd9
29953
261bd
26ddf
2bfb4
2a3c8
22dee
2b0a2
26958
32e55
2a96d
22df1
22df2
29f08
22df3
2b557
29f09
22df5
2f2cb
29a41
2b63e
27373
22df8
2f2cc
2b55a
2a970
22dfb
2fb3f
2a2d8
2f59c
2afb5
22dfe
2b55b
2afb6
22e00
2f0ef
2a88c
22e02
33133
2a2da
2a0e0
2bfba
2a0e1
2ec2d
2a972
2ec2e
2a973
2ec2f
2b644
22e09
33136
2f2d2
2afb9
2bce6
2fb45
2bce7
2b55e
2fb46
2c564
22e11
22fab
23eae
22ec1
29b31
2c64a
2745c
22faf
2c64c
22ec5
2463b
27be3
23dbe
2318c
29a43
22ec8
29a44
22ec9
2745d
23726
22ecb
2745e
23728
22ecd
27a04
2372a
23194
26b01
2a6a8
23466
2a978
23467
2f3ba
29777
2f3bb
2a979
22ed5
2372c
2ba06
26ed3
2fc2c
2aa5b
22ed9
2cec9
2aa5c
2fc2e
2cecb
22edd
29ff9
26ed4
2c0a6
2a4ba
22ee0
2b194
2649e
32f47
2aa5f
22ee3
22ee4
29ffa
22ee5
2b649
29ffb
22ee7
2f3bf
29b33
2b730
27465
22eea
2f3c0
2b64c
2aa62
22eed
2fc31
2a3cc
2f69e
2b0ad
22ef0
2b64d
2b0ae
22ef2
2ec35
2a980
22ef4
33225
2a3ce
2a1d2
2c0ac
2a1d3
2ed1f
2aa64
2ed20
2aa65
2ed21
2b736
22efb
33228
2f3c6
2b0b1
2bdd8
2b19d
2f3c7
2b650
2fc38
2c656
2f3c9
230a3
23fa0
22fb3
29c23
2c73c
26fa2
230a7
2c73e
22fb7
2472d
27cd5
23eb0
2327e
2781e
26a17
23280
29b35
22fbc
29b36
22fbd
2746a
2381a
22fbf
2f76e
2746b
23286
26bf9
2a79c
23558
2aa6a
23559
2f4ac
2986b
2f4ad
2aa6b
22fc7
2381e
2bafe
26a19
2f772
2ab4d
22fcb
2ca0f
2ab4e
2f774
2ca11
22fcf
2a0eb
26a1a
2c198
2a5b5
22fd2
2b286
26590
32a8d
2ab51
22fd5
22fd6
2a0ec
22fd7
2b73b
2a0ed
22fd9
2f4b1
29c25
2b822
26fab
22fdc
2f4b2
2b825
26fad
22fdf
2f777
2a4be
2f1e4
2b19f
22fe2
2b73f
2b1a0
22fe4
2ed27
2aa72
22fe6
33317
2a4c0
29d24
2c19e
29d25
2ee11
2ab56
2ee12
2ab57
2ee13
2b828
22fed
3331a
22fef
2f77c
2b91e
2b28f
2f4b9
2b742
2f77e
2c748
2f4bb
2336e
2481d
230aa
24274
23907
230ac
27911
23909
2a1d8
23373
2a1d9
23374
2a4c2
26fb1
23376
27eb9
2709f
2390f
293a2
2a88e
26cec
2afbb
26ced
230b7
2a2e3
230b8
2afbe
2364e
26b0a
2cafe
27913
230bc
2bbf2
23913
2f865
2bbf4
230bf
230c0
25ee7
2a4c4
2a6aa
230c3
2add1
26681
2c28c
29e17
33405
2add4
26684
26cee
2a4c5
26cef
230ca
2ab60
26cf1
230cc
29d26
2c832
2ac51
26de3
230cf
2f868
2b375
270a6
230d2
2ab61
230d3
2ee17
29779
2c837
2a4c7
2ab62
2f86a
2b293
29c32
2f86b
2b833
2ac53
2ef08
2add7
32b81
2add8
2f5a8
2add9
3340b
2c838
2ac57
230e0
2ef0c
230e1
2ef0d
2f5ab
2b295
2c83a
2f5ac
2b834
2f871
2472f
26ed6
23289
29e1a
23198
27732
29e1b
2319a
2364f
2463e
2319d
2763f
2cdda
2737f
23653
2cddc
231a1
29a50
2b652
29a51
2fc3a
27381
2fefc
29d2b
231a5
2b656
2b657
2463f
23a09
24ebe
231a9
27383
2ab68
26dea
2fefe
27199
23a0d
2feff
27643
23a0f
2ff00
27735
23a11
231b1
23fae
2d19c
26eda
2ff02
27738
231b5
2c299
23fb2
2ff04
2d1a1
231b9
2a2eb
27385
2ab6c
27386
26ded
2b922
2977a
2b37c
29d32
231bf
2b37e
26df1
231c1
2fc40
27472
2ac5b
26edc
2ced1
2ba14
26ede
2c0b2
26edf
2c92f
2b1a6
2fc42
2ba15
26ee2
2ff09
2b925
2ba17
27647
231cd
2ff0b
2b0b5
231cf
2b927
2ac5d
2a4c9
2c931
2b0b6
2ff0c
231d4
2c932
231d5
2c933
2b929
231d8
2ba1b
2ff0f
2328e
26fb5
26a1d
2a4ca
2337c
2ca13
2a4cb
2337e
26c00
2a3da
23825
2aa75
23826
2a3db
23827
2f781
27477
23298
23afa
24faf
2329a
24a04
24097
29e20
23afd
29e21
23afe
27af2
2728c
23b00
2ac5f
27741
23b02
2809c
27828
2409f
27829
232a5
2d28f
240a2
2c38a
2728e
2fff5
2c38c
240a5
26687
2ac61
232ac
29f0e
2ca16
2782d
26a23
2f785
2b296
3331f
2b561
232b1
2c1a6
232b2
2f1e7
2ca1a
26ee7
2a3e0
26ee8
232b6
2a3e1
26eea
2b1aa
26eeb
2f1e8
2b1ac
232ba
2f1e9
2ba20
26fba
232bd
2f78b
2ba22
2bb0a
2986d
2f1ea
2a3e3
29f0f
2ca1d
2b563
33320
232c5
2f78c
2b564
2b29b
2f1ed
2ba24
2f78e
2ca1e
2f1ef
2346b
24368
23381
27915
2cb04
270a9
2346f
2cb06
23385
29f10
23386
2b837
23918
2a1e2
23388
2a1e3
23389
2b83a
2b83b
24277
27dc9
24188
2338d
26fbe
2ad50
26a2c
300e2
27389
23bf1
300e3
27832
23bf3
300e4
27919
23bf5
23395
24192
2d380
26b14
300e6
2791c
23399
2bed1
24196
300e8
2d385
29f14
2677a
26fc0
2ad54
26fc1
26a2f
2bb10
2995e
2b566
29f18
233a3
2b568
26a33
233a5
2f878
270aa
2a893
26b16
2cb09
2bbf8
26b18
2c29c
26b19
2c567
2adde
2f87a
2bbf9
26b1c
300ed
2bb13
2bbfb
27836
233b1
300ef
2b29f
233b3
2bb15
2a895
2a6ad
2c569
2ade0
2f2de
2ade1
233b8
2b2a1
300f1
2bb17
233bc
2bbff
300f3
23472
2719d
26c03
2a6ae
23560
2cbf7
2a6af
23562
23ccd
27922
23739
25194
26b1d
2a5c0
23cd0
2a5c1
23cd1
2347c
27cd9
23cd3
2347e
2a898
23cd5
23480
301d5
23482
2a006
23483
2b383
23a15
29d37
23485
29d38
23486
2b386
2b387
27a0d
23489
2d473
23cda
2bfc2
27481
301d9
2bfc4
23cdd
2686b
2a899
23490
2a009
23491
2bc01
2a00a
23493
2a986
23494
2b65f
2a00d
301dc
2bc03
2a00f
23498
2a0f4
2cbfa
27a11
26c09
2f96d
2aece
33503
2b74b
2349d
2c390
2349e
2f3cd
2cbfe
270b5
234a1
2f971
2bc06
2bcee
29a53
2f3ce
2a5c9
2a0f5
2cc01
2b74d
33504
2f3d0
2ade7
2b74e
2f973
2b74f
2bc08
2f974
2cc02
2f3d3
23655
2454c
23565
2754d
2cce8
27291
23659
2ccea
23569
24cd9
28281
2445c
2382c
27a15
2356c
271a4
2356d
2754f
23dc4
2356f
27a16
23dc6
23571
2fd1a
27a17
23834
26c11
2b47a
26c12
2fd1d
271a6
2ad57
26ef0
2b47d
271a7
23579
23dca
2cfb8
26cf8
2fd1e
27554
2357d
2c0bb
23dce
2fd20
2cfbd
2a0fa
264a2
271a8
2a98e
271a9
26c15
2bcf4
29b44
2b750
2a0fe
23587
2b752
26c19
23589
2fa5e
27292
2aa79
26cfa
2cced
2bddc
26cfc
2bed4
26cfd
2c74b
2afc2
2fa60
2bddd
26d00
2fd25
2bcf7
2bddf
27559
23595
2fd27
2aed7
23597
2bcf9
2aa7b
2a2f1
2c74d
2aed8
2fd28
2359c
2c74e
2359d
2c74f
2bcfb
235a0
2bde3
2fd2b
2365c
2481f
23eb3
2755a
2391f
2755b
2365f
27296
23660
27648
23eb7
23662
27649
23eb9
23664
27be9
23ebb
23bf7
29f1d
23667
29f1e
23668
2a1ea
23669
2b56f
23bfb
2fb4c
2366c
2c1aa
23ebd
2fb4e
270b8
2d0ac
27ebf
23670
2d0ae
2c1af
26595
23673
26d05
2a7aa
26d06
23676
2a7ab
26d08
2afc6
26d09
2f5ae
2afc8
2367a
2f5af
2bde8
26df7
2a2f2
2367d
2b92b
27651
2367f
2b388
23680
2bfc7
26dfc
2c83e
26dfd
23683
2fb53
2a7ac
2738f
23686
2fe18
2cde4
2ab73
2f883
2ab74
2a1f4
2368b
2bfc9
2368c
2fb56
2b847
2bfca
2fe1b
2bfcb
2cde6
2f5b6
2bdec
2fb59
24cdb
27482
23837
27cdd
23746
2a992
27484
23748
23bfd
27bea
2374b
2792a
2d386
2a2f5
23c01
2d388
2374f
2792c
2bc0a
270bb
301e6
2792d
304a8
2a2f7
23753
2bc0e
2bc0f
23756
24ebf
28a14
24bec
23fb7
2792f
23759
27bef
24554
2375b
27930
2375c
27ce0
24557
2375e
28282
24559
2455a
2d748
27486
304ae
27ce4
23763
2c845
2455e
304b0
2d74d
27931
2beda
2bedb
2a2fb
26e01
2b664
26e02
2a3e8
2376b
2b935
26e04
2d47d
27bf3
27933
304b2
2b666
2739c
301eb
2a300
2739e
304b4
27ce7
27489
301ed
2b756
2f3d4
2ba27
23777
2c660
23778
2fc50
2d481
27934
2377b
301f1
2d483
2b759
2f3d5
2b938
2377f
2b75a
2fc53
2b75b
23782
2fc54
2bfd4
2d485
2383b
27561
24822
26fc9
2aa85
26ef2
2383f
27dd0
2cfc1
271ac
2a995
26c1c
2bcfd
2748f
2bcfe
27490
3059b
2a997
23dd5
24641
24cdd
240a8
2555e
2384a
27491
2a998
26e06
240ab
3059c
27492
3059d
27837
240ae
3059e
27dd3
240b0
23852
2c934
2464d
2fd30
27839
2d83c
280a1
23856
2d83e
2c939
27493
2a99a
27cef
26e0a
2385b
27dd8
2cfc2
29e2d
30002
2b75d
2385e
2c0bf
27565
23860
2cfc5
2ab75
2ca20
2b849
2f793
2bb1a
305a4
2cfc6
2c0c3
23866
2bfd9
2a3f1
23868
2ba2e
2a3f3
305a7
2bfdb
2a3f5
2386c
2fd36
2bfdd
2c0c5
2ab76
2ca23
2b760
305aa
23872
2ca24
23873
2ca25
2bfdf
23876
2fd3b
2cfcb
2392e
27653
26a37
2a5cc
23a1c
2d0b1
27655
23a1e
26d15
2a7ae
23ec3
2a7af
23ec4
2aa8a
23ec5
2fe1f
27569
23938
24198
2564f
2393a
250a4
24735
27ddd
2419b
27ec3
26ef9
2419d
2a4df
2419e
28191
27936
241a0
2873e
27ec6
2473d
27ec7
23945
2d92d
24740
2c47c
27938
30693
2c47e
24743
26a39
2b84e
26a3a
2a5ce
2394c
2bb1f
26a3c
2d0b5
2756c
2c0c8
2c0c9
2a4e2
26fdb
23952
2aa90
26fdd
2f885
2b851
23955
2f886
2c0ce
270c2
2d0b6
2c1b3
270c4
2c848
270c5
2cb13
2b390
2fe26
2c1b4
270c8
3069a
2c0cf
2c1b6
27ecd
23961
2c84b
23962
2cb16
23963
2cb17
2f88b
2b853
23967
3069e
23969
2fe2d
24a05
271ae
23b0d
27fb3
23a22
2ac6a
271b0
23a24
23ce4
2427a
27ece
23ce6
25742
26a3d
2a5d0
2427d
23a2a
27ed1
2427f
2ab7c
24280
23a2d
28285
24282
23a2f
30781
2739f
2ab7d
26e0c
2b93b
270cb
2b93c
270cc
30783
2ab7f
23fc4
271b1
2ff15
2c56d
23a38
28286
24287
2da21
27fbb
23a3b
23a3c
27ed2
23a3d
30787
2ab81
270ce
2bc16
271b3
2ac6b
26b2f
2f976
2a6c1
23a43
2c1bd
2a5d7
23a45
2bc18
2a5d9
30789
2c1bf
2a5db
23a49
2c2a4
27fbe
23a4b
2bd02
23a4c
2c93b
271b8
2cc06
271b9
23a4f
2ff1b
2ab83
2774e
23a52
3078d
2bd05
2f97b
2f97c
2b399
2bd06
2ff1f
2bd07
2c1c2
2ff20
2d1ae
2f97f
23c03
24af8
23b13
2783c
2d294
2a7b1
23c07
2d296
23b17
25287
2436c
27fc0
23dd8
2774f
23b1a
27afb
2436f
23b1c
27750
23b1d
27afc
24372
23b1f
280a2
24374
23de0
26efd
2a3f6
240b2
2a3f7
240b3
2ac70
240b4
30005
27753
23b27
24376
2d564
272a4
302ca
27b00
23b2b
2c667
2437a
302cc
2d569
27754
2c2ac
2c2ad
2a6c7
26c1f
2b486
26c20
2a7b2
23b33
2bd09
26c22
2d299
27fc6
27756
302ce
2b488
271c4
30009
2a6cc
271c6
302d0
27b03
272a7
3000b
2b572
2f1f0
2bdf5
23b3f
2c482
23b40
2fa6c
2d29d
27757
23b43
3000f
2d29f
2b575
2f1f1
2bd0c
23b47
2b576
2fa6f
2b577
23b4a
2fa70
2c39c
2d2a1
23c09
23ec9
25379
23c0b
24dce
24460
27b07
23ecc
27bf4
26c25
23ece
2a7b5
23ecf
28468
27663
23ed1
28a15
27bf7
26a43
2a4e8
241a4
2a4e9
241a5
2ad62
241a6
300f7
27845
23c19
24468
2d656
273a2
303bc
27bf9
23c1d
2c759
2446c
303be
2d65b
27846
2c39e
2c39f
2a7b9
26d17
2b578
26d18
2a304
23c25
2bdfb
26d1a
2d38b
27b0c
27848
303c0
2b57a
272b6
300fb
2a7be
272b8
303c2
27bfc
273a5
300fd
2b66a
2f2e2
2b941
23c31
2c574
23c32
2fb5e
2d38f
27849
23c35
30101
2d391
2b66d
2f2e3
2bdfe
23c39
2b66e
2fb61
2b66f
23c3c
30104
2d393
2c3a7
23cef
23de2
28288
273ab
2a9a0
26b38
23cf3
2828a
2da27
23cf6
27ed5
26a45
28197
241ac
2d933
27ed7
241ae
26a47
2a5dc
2428b
2a8b0
2428c
30792
27667
30793
2a8b1
23d00
24560
25a1d
23d02
2546e
24afd
27edb
24563
27edc
24564
2828b
272bd
24566
28b08
27cf2
24568
290ba
2828e
24b05
2828f
23d0d
2dcf5
24b08
2cdf0
27cf4
30a5b
2cdf2
24b0b
26a4c
2819d
26a4d
23d14
2a8b6
26a4f
23d16
27fca
2da28
2a9a3
26c29
2cc0a
26c2a
2d487
272c0
23d1b
2a8b7
23d1c
2beef
27946
23d1e
2bef0
2a8b9
30a5f
2c48c
2a8bb
23d22
2c57a
28294
23d24
2cc0c
27a38
2d489
27a39
23d27
3079c
2c57e
28295
23d2a
3079e
2bef3
2cc0e
30a65
2cc0f
23d2f
30a66
23d31
307a1
24dcf
27574
23ed5
27b0e
23dea
2aa93
27576
23dec
2437c
27fcd
23dee
27fce
23def
2c2b8
271c8
2c2b9
27a3c
30b47
23df3
24653
25b0f
23df5
25560
24bf0
27fd0
24656
27fd1
24657
2837d
273b3
24659
2864e
27de4
2465b
28c00
28380
27577
302db
2cee1
23e00
28650
24bfb
2dde9
28383
23e03
23e04
27fd2
23e05
2c583
27fd3
23e07
302dd
27579
2c66a
274a0
23e0a
2c0d2
23e0b
2ccfd
23e0c
30b50
2a3f8
305ae
2bd15
23e0f
2c66c
28386
23e11
2ccfe
2757e
2cfcf
2757f
23e14
302e0
27fd5
27a43
2fd42
2bd17
23e18
2fd43
2c589
27b12
23e1b
30b55
2fd44
2bd19
2c0d6
2be05
2fd45
2c58a
302e6
2d576
2fd47
23fc5
24ec2
23edb
27669
2d65c
26fe4
23fc9
2d65e
23edf
2784a
2c3a8
27581
30c38
27b15
24471
2ad69
24472
303cc
2c3ad
24dd1
24745
25c02
23ee7
274a3
2aa98
26c33
30c3a
274a4
24749
30c3b
27ee1
2474b
30c3c
28471
2474d
23eef
24cea
2ded8
2766c
30c3e
28474
23ef3
2ca29
24cee
30c40
2dedd
27585
2c674
2aa9b
27586
30c41
2c677
26fe5
2ab88
26d20
2d661
2b946
2fb64
2c1cb
2fe30
2a4ea
306a0
2be07
23f00
30c42
2838e
2aa9e
23f03
2c0db
2758b
23f05
303d1
27c03
23f07
2d663
2b948
2fe34
2c1cd
30c45
2d664
2c761
23f0c
303d5
2d667
2c1ce
2b94b
2fe36
2be0a
2c0dd
23f12
2fe38
2c764
2d669
23fcb
240b8
2855e
270d7
2ac78
26e10
23fcf
28560
2d751
24ec3
28a17
24826
23fd3
26fe9
2ab8a
26d22
30d2a
26fea
24295
30d2b
27fd6
24297
30d2c
28563
24299
23fdb
2456b
27c07
23fdd
27c08
23fde
2bef6
273b8
2bef7
27678
30d2f
23fe2
2cb18
24831
304c2
27fd8
2dfcc
28837
23fe6
2dfce
2cb1d
26fec
2ab8e
26fed
26d28
2c768
27c0c
26e11
28568
23fed
2c84f
27760
2d1b0
2ba39
2fc57
2847f
270db
2b94c
270dc
2ff23
27c0d
2767d
2ff24
2b94f
23ff6
2ff25
2c76d
27761
2d754
2c851
27763
2d1b2
2ba3b
304c7
2c852
27766
30d38
2d758
2c855
2b950
30d3a
24002
2d1b4
24003
2d1b5
2c76f
24006
2c857
30d3d
2784c
241b0
26f01
280a5
241b2
2d841
27de9
241b4
24917
2856c
24383
25de6
26e13
2856d
2491a
2ac7d
2491b
240c8
2856f
2491d
240ca
28927
2491f
240cc
30873
240ce
27a47
2bfec
27769
30874
27cff
24660
2a9b1
24661
305b2
2bff1
280ab
240d5
2db11
24924
2cc12
27b1f
30877
2cc14
24927
26a50
2ca2c
26a51
2d2a3
26e18
28570
26e19
240de
2ac82
26e1b
240e0
27dea
2d844
2ad6d
270e2
240e3
2ac83
240e4
2c2c3
2776e
240e6
2c2c4
2ac85
3087b
2c85e
2ac87
240ea
2c942
280b0
240ec
2ca2e
27856
2d2a5
27857
240ef
305ba
2c946
280b1
240f2
305bc
2c2c7
2ca30
30881
2ca31
240f7
30882
3001d
2c949
24a09
280b2
24475
2592c
26f05
280b3
24a0c
2ad6f
24a0d
241ba
280b5
24a0f
241bc
28a19
24a11
241be
30965
241c0
2758d
2c0de
2785b
30966
27df1
24752
2aaa3
24753
306a4
2c0e3
281a4
241c7
2dc03
24a16
2cd04
27c11
30969
2cd06
24a19
26a52
281a7
241cd
2c491
27950
2d394
2bc23
2f88f
271d2
2ad72
271d3
26f0c
2c94c
27df4
271d4
241d5
2ad75
241d6
2c3b5
27860
241d8
2c3b6
2ad77
3096d
2c950
2ad79
241dc
2c492
281a9
241de
2cb20
27954
2d397
27955
241e1
306ac
2c496
281aa
241e4
306ae
2c3b9
2cb22
30973
2cb23
2d93e
3010e
2c952
306b1
25837
27fda
2438f
27fdb
2429e
27958
27fdc
242a0
24755
25746
242a3
27865
2dede
26ff2
24759
2dee0
242a7
27eeb
242a8
2c771
24838
27c12
242aa
27c13
242ab
2c774
2c775
242ae
25a1f
250ab
28749
24b0f
27867
242b1
26ff7
242b2
2874b
250af
242b4
2883c
250b1
242b6
28de6
250b3
250b4
2e2a0
27fde
31006
28840
242bb
2d39d
250b8
31008
2e2a5
2786a
2ca32
2786b
26ffa
31009
27ef1
30a68
2c1d7
26a5f
30d43
27ef4
26a61
3100b
2795a
2cb24
270e6
242c8
30d45
2c2c8
2ff2c
2c58d
307a6
2ca38
2a8c1
30a69
2874f
28577
242cf
2dfd7
2c2ca
307a8
2c58f
3100d
2dfd8
2cb29
242d4
30d49
2dfdb
2c49e
307aa
2c2cc
242d9
2da37
242da
307ac
2cb2c
2dfdd
24393
24480
2892a
271d7
2892b
26c39
24397
2892c
2db19
270e7
310f2
27fe8
2439b
27773
2c864
27774
30885
2857b
2492d
2519b
25839
24c00
260cd
243a2
270ea
28847
26b4d
310f4
2795e
24c04
310f5
2838f
24c06
310f6
2892f
24c08
243aa
2d48c
251a7
30888
28391
2e394
28c05
243ae
2e396
2d491
270ec
2884a
270ed
26b50
2cb30
27a4b
2c592
27fee
243b5
2c594
26b54
243b7
3088a
271d9
28934
26c3b
2db1b
2cb33
27b26
2d578
2c3bb
3001f
2884b
27a4e
302ed
280bd
243c0
2db1d
2c3bc
302ee
2c681
310ff
2db1e
2cc1b
243c5
2cb35
2db20
2cc1d
2c2d2
31102
243ca
2d57c
243cb
2d57d
2cb37
243ce
2cc1f
31105
24486
281ab
26d2c
281ac
24574
2dc09
281ad
24576
26c3c
2c954
26c3d
311e5
271dc
2ad7a
26f0f
2c957
271dd
24490
24cf0
261be
25380
28ed9
2528f
27b2f
24cf3
27b30
24cf4
28a1f
27a51
24cf6
28cf5
2848e
24cf8
292b2
28a22
25297
28a23
2449d
2e485
2529a
2cfd4
28490
311eb
2cfd6
2529d
26c40
280c4
26c41
244a4
280c5
26c43
2c3c0
26c44
303dc
2c3c2
244a8
303dd
2cc24
26d2e
281ae
244ab
2cd09
280c6
273b9
2d3a0
273ba
2d66b
27594
303df
2893d
27b38
244b2
2cd0a
28a28
244b4
2d3a2
27c1e
2d66d
27c1f
244b7
30980
2cd0e
28a29
244ba
2d66e
244bb
2d66f
244bd
30983
244bf
311f6
244c1
30985
25561
27d06
24665
27d07
2457a
27684
27d08
2457c
2483c
24dd4
28a2a
2483e
262b1
26d30
281b1
24dd7
281b2
24dd8
24583
28a2d
24dda
24585
28de9
24ddc
24587
312d9
272cf
2a8c2
26a63
2c4a1
26d32
2c4a2
26d33
312db
281b5
24b1c
27d09
30a6d
2d0c5
24590
28dea
24de1
2e579
28b17
24593
24594
27c25
24595
2cd13
27c26
24597
2ab98
24598
2c77d
27c29
312e0
2cd15
27c2b
2459c
27d0b
2dcfe
27687
272d5
2459f
2c868
245a0
2d493
245a1
312e2
2bf09
245a3
2cd19
28b19
27d0e
30a72
2c86a
245a7
2d495
245a8
304d3
2dd03
282a6
245ab
312e5
245ad
30a76
2c86c
2bff7
304d5
2cd1a
30a78
2dd06
304d7
2475b
25654
2466b
27775
2ddec
274ae
2475f
2ddee
2466f
25de7
24ec6
28b1c
24930
27689
24672
273c0
24673
28657
24eca
24675
28658
24ecc
24677
28c06
24ece
24938
26b56
282a9
24c0a
2a9b5
24c0b
282aa
24c0c
30b5d
273c3
2467f
24ed0
2e0bc
27dfc
30e22
2865c
24683
2d1bf
24ed4
30e24
2e0c1
2768c
2ce04
2768d
273c6
30e25
27d19
30894
2bff9
26e2b
30b61
27d1c
26e2d
30e27
27778
2ceec
274b0
24690
2c95a
24691
2cfd9
24692
30b63
2ce0a
2ac8b
30895
28b22
28397
24697
2ddf3
2c0e6
305c4
2c95d
30e29
2ddf4
2cef1
2469c
30b67
2ddf7
2c872
305c6
2c0e8
305c7
2c0e9
246a2
305c8
2cef4
2ddf9
24761
24a21
25ee8
24763
2592e
24fba
27e05
24a24
27e06
24a25
28750
2777d
24a27
28fcc
281bb
24a29
29589
28753
26c48
2839b
24cfc
2aaa7
24cfd
2839c
24cfe
30c4f
274b5
24771
24fc2
2e1ae
27efa
30f14
28755
24775
2d2b1
24fc6
30f16
2e1b3
2786f
2ca3c
26fff
2477a
27e09
2477b
2cef7
27e0a
2477d
2ad7c
2477e
2c961
27e0d
30f18
2cef9
27e0f
24782
2c4a6
24783
2d0cb
24784
30c55
2cefc
2ad7d
30987
28668
28492
24789
2dee5
2c1de
306b6
2c4a9
30f1b
2dee6
2ca41
2478e
30c59
2dee9
2c964
24791
2c1e0
306b9
2c1e1
24794
2ca45
30f20
2ceff
24847
2493a
28dec
2768f
28ded
270f3
2484b
28dee
2e57f
2484e
28a31
27000
28a32
24d04
2e48b
28a33
24d06
26d3c
281be
24de5
281bf
24de6
28a35
24de7
312eb
275a1
24858
250ba
26597
25cfa
292b4
25659
28499
250bd
2849a
250be
28def
27e15
250c0
2967c
2884e
250c2
29c38
28df2
25661
28df3
24865
2e85f
25664
2d948
28850
315b3
2d94a
25667
26a66
2c782
26a67
30d50
275a4
28d01
275a5
27009
2cfe0
2849e
24870
2ca49
2700c
24872
312f0
27691
28df6
270f5
2e581
2cfe3
2858c
2dfde
2c875
304d9
28d02
284a2
2487a
2d0d2
28df8
2487c
2d764
28590
2dfe1
28591
2487f
312f4
2d0d6
28df9
24882
312f6
2ca4b
2d766
315bd
2d767
24887
315be
24889
312f9
2592f
280cc
24a2d
280cd
24942
27ff6
280ce
24944
24ed6
27d1f
24946
27d20
24947
28593
24948
2ce11
24eda
30e32
2494b
260ce
29c39
25dec
251ae
27f09
2494e
27697
2494f
28dfc
2574e
24951
28ee2
25750
24953
29498
25752
251b6
280cf
30e33
2da39
24958
291c4
25757
2e953
28ee7
2495b
2495c
28597
2495d
2cb3f
270fb
28b2e
270fc
24960
28b2f
270fe
30897
2c87d
24963
30898
2d0de
271e6
2866c
24966
2d1c3
28b30
27873
2d854
27874
2db25
27f0e
2496b
2d1c4
28eea
2496d
2d856
280d6
2db27
280d7
24970
30e3a
28b31
2866e
24973
316ad
3089c
2c87f
2cc2e
30e3d
2cc2f
2d0e2
30e3e
2e0ce
3089f
24b1d
25a22
24a33
27b3b
2e1b4
27876
24b21
2e1b6
24a37
27787
2cf00
274bb
30f22
27788
31790
280da
24a3b
2cf04
2cf05
25931
29499
2583c
24a3f
2778a
28eed
271eb
31792
27ffc
252a3
31793
28a3d
252a5
31794
28fd5
252a7
24a47
25846
2ea42
281c4
31796
28fd8
24a4b
2d581
2584a
31798
2ea47
27b3d
311f8
2c96d
24a50
280de
24a51
2d1cd
280df
24a53
2cc32
280e1
3179a
2d1cf
280e3
24a57
281c5
2e1b8
27b40
2778f
24a5a
2cd22
24a5b
2d94d
24a5c
3179c
28ef2
2875f
24a5f
2e1bb
2c4ae
3098c
2cd25
3179d
2e1bc
2d2b9
24a64
30f2d
2e1bf
2cd26
30f2e
2cd27
2c970
317a1
24a6a
30990
2d2bc
2e1c1
24b23
24c10
290c2
27967
290c3
273cb
24b27
290c4
2e2a9
25a23
2958b
25382
24b2b
27879
28fdf
272dd
31882
27b42
24def
31883
28b32
24df1
31884
290c7
24df3
24b33
250c5
27f0f
24b35
27f10
24b36
281cf
24b37
2ca4f
250c9
31018
24b3a
2d670
2538d
3101a
28b34
2eb36
293ab
24b3e
2eb38
2d675
272e0
2cd28
27c32
312fb
27b44
2d2be
27b45
27880
3188b
2c4b4
272e5
3101b
281d6
272e7
3188d
27c33
2d3a6
2796a
24b4b
3101d
2c59e
307ae
2ce15
30a7d
2d2c4
28769
282b9
2e2ac
2d3a9
282bb
2dd0a
2c5a1
3101f
2d3aa
282be
31890
2e2b0
2d3ad
2c4b6
31892
24b5a
2dd0c
24b5b
2dd0d
2d2c7
24b5e
2d3af
31895
24c16
28943
274bc
28944
24d0a
2e399
28945
24d0c
25473
290d0
24edd
26960
273ce
28857
25476
28858
25477
24c20
290d3
25479
24c22
2949b
2547b
24c24
313cb
24c26
2796d
2cb44
27103
31108
2796e
313cc
282c2
24c2a
2cb48
2cb49
28c0f
24c2d
2e67b
25480
2d76a
2867b
313cf
2d76c
25483
26e30
2c5a4
26e31
30b6c
27970
290d4
27971
273d5
2d3b2
282c6
24c38
2ce1d
273d8
24c3a
3110e
27a5b
28c12
274bf
2e39d
2c690
302f4
2cf07
30b6f
2d3b5
290d5
282ca
24c42
2d49a
28c14
24c44
2d586
283ae
2ddfd
283af
24c47
31112
2d49e
28c15
24c4a
2c5a9
313d8
2d588
2cf0b
31115
24c4f
313da
24c51
31117
25565
25c07
291c7
25567
24d10
27a5d
28c17
274c1
314ba
27d28
24fd4
314bb
2876a
24fd6
314bc
28d06
24fd8
24d18
27a5f
2cc36
271f5
311fa
27a60
314be
283b4
24d1c
2cc3a
2cc3b
28d08
24d1f
2e76d
25572
2d85c
2876d
314c1
2d85e
25575
26f22
2c696
26f23
30c5e
275aa
28d0b
27011
2e48f
27d2a
2d4a2
27d2b
27a64
314c3
2c698
274c9
311ff
283ba
274cb
314c5
2c788
303e6
2ca53
30c61
2d4a7
28c1b
283bc
24d34
2cfea
28d0d
24d36
2d678
284ac
2deef
284ad
24d39
31204
2cfee
28d0e
24d3c
31206
2cf11
2d67a
314cb
2d67b
2e496
30c66
2d4aa
31209
263a6
28b36
24ee9
28b37
24df8
284b0
28b38
24dfa
252af
262b5
24dfd
283bd
2ea48
27b4a
252b3
2ea4a
24e01
27b4b
2d2c8
27883
31896
27b4c
31b58
28a48
24e05
2d2cc
2d2cd
275b0
28feb
25c0a
28fec
25c0b
24e0a
292bf
25c0d
24e0c
29c3b
25c0f
24e0e
31b5d
24e10
2def2
25c13
3189a
28e03
2ee1e
29c3d
24e14
2ee20
2def7
275b2
2cff2
284b2
315c1
283c2
2d58a
283c3
27b52
31b61
2cd30
275b7
3189b
28a50
275b9
31b63
284b3
2d67c
27c3e
24e21
3189d
2ce20
30a84
2d0e5
312ff
2d590
28ff0
28b3d
2eb40
2d67f
28b3f
2e58c
2ce23
3189f
2d680
28b42
31b66
2eb44
2d683
2cd32
2cff7
24e30
2e58e
2dd13
31b69
2d593
24e34
2d685
31b6b
24eee
28c1d
27790
28c1e
24fdc
2e681
28c1f
24fde
273da
28860
25485
28861
25486
290de
25487
313dd
27c41
24ef8
2575a
284b5
24efa
27c43
24efb
293bb
25cfe
24efd
294a2
25d00
24eff
29a56
25d02
25762
2867f
313df
2dfe5
24f04
29782
25d07
2ef11
294a7
24f07
24f08
28b47
24f09
2d0eb
276a7
290e2
276a8
24f0c
290e3
276aa
30e43
2ce29
24f0f
30e44
2d68a
27792
28c20
24f12
2d76f
290e4
27e1f
2de00
27e20
2e0d1
284ba
24f17
2d770
294aa
24f19
2de02
28686
2e0d3
28687
24f1c
313e6
290e5
28c22
24f1f
31c59
30e48
2ce2b
2d1da
313e9
2d1db
2d68e
313ea
2e68c
30e4b
250cb
25fdf
24fe1
280e7
2e772
27e22
250cf
2e774
24fe5
27d33
2d4ac
27a67
314ce
27d34
31d3c
2868a
24fe9
2d4b0
2d4b1
27796
28c26
25dee
28c27
25def
24fee
294ae
25df1
24ff0
29873
25df3
24ff2
31d41
24ff4
2db2a
25df7
314d2
28ff3
2f002
29875
24ff8
2f004
2db2f
27798
2d1dc
280ea
317a5
285aa
2d778
285ab
27d3a
31d45
2cf1a
2779d
314d3
28692
2779f
31d47
280eb
2d860
27e24
25005
314d5
2ca58
30c68
2d2cf
30f37
2d77e
28c2b
28777
2e778
2d863
28779
2e1c4
2ca5b
314d7
2d864
2877c
31d4a
2e77c
2d867
2ca5c
25013
2e1c7
25014
2cf1d
31d4d
2d781
25018
2d869
31d4f
250d2
28e05
27976
28e06
251c0
2e865
28e07
251c2
25933
2877d
25399
2877e
2539a
29685
280ef
2539c
29965
290e7
2539e
29f23
29688
2593b
275ba
28d17
27015
2cff9
2788a
2cffa
2788b
31e33
28d19
25676
28865
315c5
2dc1d
250e8
29967
2593f
2f0f5
2968b
250eb
250ec
28781
250ed
2d2d5
2788d
28d1a
2788e
250f0
28d1b
27890
31027
2ca61
250f3
31028
2d86e
27978
28e08
250f6
2d953
28d1c
28003
2dfea
28004
2e2b5
280f2
250fb
2d871
2968d
2886a
315ca
2d3c2
250ff
2dfed
25100
3102b
2e86d
28e0a
25103
31e3d
25105
315ce
2d3c4
2cb4f
3102d
2d872
315d0
2e870
3102f
252b5
261c3
251c5
282cd
2e956
28006
252b9
2e958
251c9
27f17
29690
2797b
31974
281e2
2548d
31975
28c2c
2548f
31976
291cd
25491
251d1
25763
285ad
251d3
285ae
251d4
28871
251d5
2d0f3
25767
316b6
251d8
2dd14
25a2f
316b8
28c2e
2ec3a
29a5a
251dc
2ec3c
2dd19
2797e
2d3c6
282d0
313ed
281e4
2d95c
281e5
27f1e
3197d
2cb52
27983
316b9
28878
27985
3197f
282d1
2da44
28008
251e9
2d4b2
251ea
2db31
251eb
316bb
2d962
28e13
2895b
2e95c
2da47
2895d
2e3a8
2cc3f
316bd
2da48
28960
31982
2e960
2da4b
2cb54
2d3cb
251f8
2e3aa
2db35
31985
2d965
251fc
2da4d
31987
27a6c
28efd
25b18
28efe
25b19
252be
291d8
25b1b
252c0
29b4a
25b1d
252c2
31a69
252c4
2800b
2d1e2
277a1
317a6
2800c
31a6a
28964
252c8
2d1e6
2d1e7
292c7
252cb
2ed2b
25b22
2de08
28d21
31a6d
2de0a
25b25
274ce
2cc42
274cf
3120a
27b56
292ca
275bd
2ea4d
282d6
2da4e
282d7
28010
31a6f
2cc44
27a75
317ab
2896a
27a77
31a71
2cd34
30992
2cfff
3120d
2da53
291da
2896c
252e0
2d596
292cc
252e2
2dc24
28a5c
2e49b
28a5d
252e5
317b0
2d59a
292cd
252e8
317b2
2d4bd
2dc26
31a77
2dc27
2ea54
31212
2da56
317b5
26961
290ea
25495
290eb
253a4
28a60
290ec
253a6
2585b
26870
253a9
2896d
2f006
280f6
2585f
2f008
253ad
280f7
2d874
27e2f
31e42
280f8
32104
28ffc
253b1
2d878
2d879
27b5c
295aa
261c5
295ab
261c6
253b6
2987c
261c8
253b8
2a1fb
261ca
253ba
32109
253bc
2afcc
261ce
31e46
293c2
2e4a0
2a1fd
253c0
2e4a2
2afd1
27b5e
2d59e
28a62
31b6d
28972
2db36
28973
280fe
3210d
2d2dc
27b63
31e47
29004
27b65
3210f
28a63
2dc28
281ea
253cd
31e49
2d3cc
31030
2d691
318ab
2db3c
295af
290f1
2f0fe
2dc2b
290f3
2eb4a
2d3cf
31e4b
2dc2c
290f6
32112
2f102
2dc2f
2d2de
32114
253dc
2eb4c
253dd
2eb4d
2db3f
253e0
2dc31
32117
2549a
291dc
27d3c
291dd
25588
2ec3f
291de
2558a
27986
28e14
25a35
28e15
25a36
2969d
25a37
31989
281ed
254a4
25d0a
28a65
254a6
281ef
254a7
29978
262b9
254a9
29a5f
262bb
254ab
2a016
262bd
25d12
28c33
3198b
2b0bf
254b0
29d42
262c2
2e593
29a64
254b3
254b4
290fb
254b5
2d697
27c53
296a1
27c54
254b8
296a2
27c56
313ef
2d3d5
254bb
313f0
2dc36
27d3e
291df
254be
2dd1b
296a3
283cb
2e3ac
283cc
2e68f
28a6a
254c3
2dd1c
29a67
254c5
2e3ae
28c3a
2e691
28c3b
254c8
31992
296a4
291e1
254cb
32205
313f4
2d3d7
2d786
31995
2d787
2dc3a
31996
2ec4a
313f7
25677
2659a
2558d
28697
2ed30
283ce
2567b
2ed32
25591
282df
2da58
28013
31a7a
282e0
322e8
28c3e
25595
2da5c
2da5d
27d42
291e5
263a9
291e6
263aa
2559a
29a6b
263ac
2559c
29e33
263ae
2559e
322ed
255a0
2b1b0
263b2
31a7e
295b2
2e0d8
29e35
255a4
2e0da
2b1b5
27d44
2d788
2869a
31d51
28b5a
2dd24
28b5b
282e6
322f1
2d4c6
27d49
31a7f
28c46
27d4b
322f3
2869b
2de0c
283d0
255b1
31a81
2d004
31214
2d87b
314e3
2dd2a
291ea
28d2b
2ed36
2de0f
28d2d
2e782
2d007
31a83
2de10
28d30
322f6
2ed3a
2de13
2d008
255bf
2e785
255c0
2d4c9
322f9
2dd2d
255c4
2de15
322fb
2567e
293c4
27f22
293c5
2576c
2ee23
293c6
2576e
25eee
28d31
25949
28d32
2594a
29c42
2869f
2594c
29f25
296a6
2594e
2a4ee
29c45
25ef6
27b66
292d6
275c1
2d5a5
27e36
2d5a6
27e37
323df
292d8
25c26
28e19
31b71
2b2a3
25694
29f27
25efa
2e1cb
29c48
25697
25698
28d35
25699
2d881
27e39
292d9
27e3a
2569c
292da
27e3c
315d3
2d00d
2569f
315d4
2de1a
27f24
293c7
256a2
2deff
292db
285af
2e596
285b0
2e873
286a2
256a7
2de1d
29c4a
28e1e
31b76
2d96e
256ab
2e599
256ac
315d7
2ee2b
293c9
256af
323e9
315d8
2d00f
2d970
31b7b
2d971
2de1e
31b7c
2ee2e
315db
25861
2677e
25771
2887d
2ef14
285b2
25865
2ef16
25775
25a3b
28791
25777
284c4
25778
29788
25fe4
2577a
29789
25fe6
2577c
29d44
25fe8
25d13
28b5d
2577f
28b5e
25780
28e25
25781
2d69f
25d17
31c62
25784
2ade8
25fea
31c64
291ed
2e2c2
2a01a
25788
2e2c4
2aded
27f2a
2d972
28880
31999
28794
2df08
28795
284ca
31f29
2d0fe
27f2f
31c65
28e2c
27f31
31f2b
28881
2dff0
285b4
25795
2da5e
25796
2e0dd
25797
31c67
2df0e
293d2
28f0f
2ef1a
2dff3
28f11
2e966
2d1eb
31c69
2dff4
28f14
31f2e
2ef1e
2dff7
2d100
31f30
257a4
2e968
257a5
2e969
2df11
257a8
2dff9
31f33
25868
285b5
29793
28019
32012
28884
25b30
32013
292dd
25b32
32014
29882
25b34
25870
285b7
2d78e
27d4d
31d52
285b8
32016
28f18
25874
2d792
2d793
29884
25877
2e3b3
260dd
2aedc
292e0
32019
2aede
260e0
27a7a
2d1ee
27a7b
317b6
28102
29887
27b69
2f00b
28886
2dffa
28887
285bc
3201b
2d1f0
28021
31d57
28f1e
28023
3201d
2d2e0
30f3e
2d5ab
317b9
2dfff
29797
28f20
2588c
2db42
29889
2588e
2e1d0
29010
2ea59
29011
25891
31d5c
2db46
2988a
25894
31d5e
2da69
2e1d2
32023
2e1d3
2f012
317be
2e002
31d61
281f6
29c53
25a44
2b2a9
29c54
25a46
28104
29b61
25e0c
2b1b7
29b62
25e0e
27e40
292e1
25efe
292e2
25eff
29b64
25f00
323ef
286a9
2595e
261d3
28f23
25960
286ab
25961
29e3a
26782
25963
29f2c
26784
25965
2a4ef
26786
261db
296ab
323f1
2b57f
2596a
2a7c7
2678b
2ea5f
29f31
2596d
2596e
295bd
2596f
2db4b
2810b
29b68
2810c
25972
29b69
2810e
31e55
2d889
25975
31e56
2e0e6
281f8
29c55
25978
2b2ad
29b6a
28889
2e878
2888a
2f107
28f28
2597d
2e0e9
29f33
296b0
323f6
2e1d8
2b2b1
25982
2e87a
296b4
2f109
29c57
25985
326c3
25987
323fa
2db4e
25989
2d97c
31e5c
2d97d
2598c
31e5d
25b35
291ef
25a48
29106
291f0
25a4a
25fef
28e2f
25a4c
28e30
25a4d
296b5
25a4e
2df15
25ff3
31f36
25a51
262c6
29019
25a53
2879f
25a54
29f37
26875
25a56
2a01e
26877
25a58
2a5e1
26879
2687a
2eb4e
291f2
327ac
2a022
25a5d
2b673
2687e
327ae
2eb53
29107
3220a
2d97f
25a62
296ba
25a63
2e1df
296bb
25a65
2dc44
296bd
327b0
2e1e1
296bf
25a69
291f3
2e2c6
2910a
287a3
25a6c
2dd2e
25a6d
2e96b
25a6e
327b2
2a025
291f6
31f3c
2e2ca
2adf7
25a73
2e96c
291fa
2ec4f
296c0
25a76
31f3f
2e2cd
2e2ce
25a79
2d982
327b7
25a7c
2ec50
25a7d
2ec51
2e1e7
25b39
28c4b
2aee0
2897e
25c29
2aee2
25b3d
2888f
2e004
285bf
32026
28890
32898
291fc
25b41
2e008
2e009
282ee
297a1
26964
297a2
26965
25b46
2a02a
26967
25b48
2a3fe
26969
25b4a
3289d
25b4c
2b762
2696d
3202a
29b6e
2e696
2a400
25b50
2e698
2b767
282f0
2dd34
28c4e
322fd
2910e
2e2d0
2910f
28896
328a1
2da72
282f5
3202b
29204
282f7
328a3
28c4f
2aee4
28980
25b5d
3202d
2d5b0
317c0
2de27
31a8f
2e2d6
297a6
292e9
2e3ba
2aee7
292eb
25b65
3202f
2d5b2
31a91
2de29
328a6
2e3be
2aeeb
2aeec
328a8
25b6c
2ed42
25b6d
2ed43
31a94
2da75
25b71
328ab
28a6f
2a1ff
284cf
25c2d
2a200
2afd5
283e0
29890
264aa
29891
264ab
25c32
2a11c
264ad
25c34
2a4f1
264af
25c36
3298d
25c38
28983
2db50
28113
3211a
28984
3298e
292f2
25c3c
2db54
2db55
2a205
25c3f
2e787
264b4
2b856
29c64
32991
2b858
264b7
27e42
2d5b6
27e43
31b7e
28986
2a11d
28987
283e7
2e3c4
292f6
25c4a
2de2f
283ea
25c4c
32120
28a71
2a208
284d1
2e4ab
2e3c7
293da
2ee30
2d6a3
318b3
2a11e
292fa
25c54
2afd8
2a20a
25c56
31b82
2e4af
293df
2ee32
2d6a5
32124
2afdc
2a20b
25c5c
2afdf
3299a
31b85
2d5bb
2df1c
32128
2df1d
2e3ca
32129
285c0
29a73
25e10
2b0c5
29a74
25e12
2659b
293e1
25ff6
293e2
25ff7
2a20d
28d47
25ff9
2a5e2
297a8
25ffb
2ab9a
29d4a
265a3
28206
29988
27c5f
2dc49
284d4
2dc4a
284d5
324d5
2998a
262d3
294c9
3220f
2b39b
25d32
2a5e4
265a7
2e881
29d4d
25d35
25d36
293e5
25d37
2df1f
284d7
2998b
284d8
25d3a
2998c
284da
31c71
2d6ab
25d3d
31c72
2e4b8
285c2
29a75
25d40
2b0c9
294cc
2ef22
2d795
313f9
2998d
28d4a
25d45
2e4bb
29d4f
294ce
32214
2e5a0
2b0cd
25d4a
2e69c
294d2
2ef25
29a77
25d4d
324df
25d4f
32218
2df22
25d51
2d798
31c78
2d799
25d54
31c79
260e7
28e37
25e14
28b66
25e15
29d53
26690
25e17
29e40
26692
25e19
2a401
26694
260ef
27d50
29207
263c1
29208
263c2
29a7b
263c3
322ff
28b69
25e21
26696
2e970
295c8
325c8
29e44
25e25
2b48f
2669a
325ca
2e975
28f2b
32036
2d79b
25e2a
295c9
2e0ec
28f2e
285c9
29a7d
285ca
25e2e
29a7e
285cc
31d63
2d79d
25e31
31d64
2e5aa
287a4
2e78c
287a5
2f015
28b6d
25e36
325ce
29d57
29b71
25e39
2e0ef
2b1be
295ce
325cf
2db58
25e3d
2e78f
25e3e
32309
2e0f3
2e0f4
31d68
2d79e
325d3
25e44
2f018
25e45
2f019
2e5af
25f0c
295d1
2b85a
28d4c
26000
2b85c
25f10
294df
2b768
28c5a
263c8
2b76a
25f14
28c5b
2e3cc
2898b
3299e
28c5c
32c74
29b76
25f18
2e3d0
2e3d1
295d3
326c8
2de33
25f1c
29b78
25f1d
2e6a1
29b79
25f1f
2e0f8
29b7b
32c77
2e6a3
29b7d
25f23
29c67
2e792
295d6
28c61
25f26
2df24
25f27
2e1e9
25f28
32c79
2a406
2a215
25f2b
2e795
2b2b8
32404
2df27
32c7a
2e796
2b863
25f30
329a7
2e799
2df28
329a8
2df29
2b866
2e79b
25f36
329aa
2e0fb
2e6a9
26002
296c3
2b3a0
28e40
260f2
2b3a2
26006
28d4f
2e4be
28a7d
324e4
28d50
32d66
29c70
2600a
2e4c2
2e4c3
296c5
327ba
2df2b
2600e
29c72
2600f
2e79d
29c73
26011
2e1f0
29c75
32d69
2e79f
29c77
26015
297ad
2e884
296c8
28d55
26018
2e016
26019
2e2db
2601a
32d6b
2a5e9
297b0
324ea
2e018
2601e
2e2dd
2601f
31f4b
2e889
29c78
26022
324ed
2e88b
2e01a
324ee
2e01b
2b3ac
2e88d
26028
2df2f
32d71
2e7a5
260f4
29209
2b492
28f32
261e4
2b494
260f8
28e43
2e5b0
28b6f
325d6
28e44
32e58
297b6
260fc
2e5b4
2e5b5
2920b
328ac
2e01d
26100
297b8
26101
2e88f
297b9
26103
2e2e2
297bb
32e5b
2e891
297bd
26107
298a1
2e976
2920e
28e49
2610a
2db5c
2610b
2e3d3
2610c
32e5d
2a5ee
29e4d
2610f
2e979
2aef0
3203c
2db5f
32e5e
2e97a
2b49b
26114
325df
2e97d
2db60
325e0
2db61
2b49e
32e62
2611a
2e021
32e63
2e897
261e6
292fd
2b584
29024
262d6
2b586
261ea
28f35
2e0fc
286c1
326ca
28f36
32f4a
298aa
261ee
2e100
2e101
292ff
329ac
2db63
261f2
298ac
261f3
2e981
298ad
261f5
2e3da
298af
32f4d
2e983
298b1
261f9
29993
2ea68
29302
28f3b
261fc
2dc4e
261fd
2e4c5
261fe
32f4f
2a6e0
29f3f
26201
2ea6b
2afe2
3212e
2dc51
32f50
2ea6c
2b58d
26206
326d3
2ea6f
2dc52
326d4
2dc53
2b590
32f54
2620c
326d6
2e3dd
2e989
262d8
293ef
2b676
29116
263cc
2b678
262dc
29027
2e1f4
287b5
327bc
29028
32a90
2999c
262e0
2e1f8
2e1f9
293f1
324f2
2dc55
262e4
2999e
262e5
2ea73
2999f
262e7
2e4cc
299a1
32a93
2ea75
299a3
262eb
29a85
2eb5a
293f4
28c62
2e5b6
28c63
2ec53
2902d
262f0
32a95
2a7d2
2a031
262f3
2eb5d
2b0d4
32220
2dd43
32a96
2eb5e
2b67f
262f8
327c5
2eb61
2dd44
327c6
2dd45
2b682
2eb63
262fe
327c8
2e4cf
2ea7b
263ce
29119
2e2e6
288a7
328ae
2911a
32b82
29a8e
263d2
2e2ea
2e2eb
294e6
325e4
2dd47
263d6
29b81
2e6aa
294e9
28b77
2a036
28b78
263da
2a037
28b7a
3230f
2dd49
263dd
32310
2eb68
28d56
2e102
28d57
2ed45
2911f
263e2
32b87
2a318
2a12a
263e5
2e6ad
2b1c6
32312
2de3b
32b88
2e6ae
2b771
263ea
328b7
2e6b1
2de3c
328b8
2de3d
2b774
2e6b3
263f0
328ba
2e5c1
2eb6d
264be
29b89
2be0c
29307
265b2
2be0e
264c2
29a97
2bd1a
29215
2697a
2bd1c
264c6
2a12e
264c7
2e6b5
28c69
2a6e3
28c6a
264ca
2a6e4
28c6c
329af
2e3e1
264cd
329b0
2ec5c
28d5a
2a7d5
264d0
2be11
2a6e5
293f8
2e4d0
293f9
2e7a7
29a9b
264d5
2ec5f
2aaac
2a223
32f5a
2b86a
264d9
2e4d3
264da
329b3
2ed4f
2a7d7
264dd
33235
2e4d4
33236
2e4d5
2ed52
264e1
2e3e2
33238
264e4
329b7
266a2
29d64
265b5
29c7c
29d65
265b7
287b6
2e4d6
287b7
324f4
2930a
2aaaf
2930b
28d5f
2ed56
2a22b
265be
2e7af
28d62
265c0
32a9e
293fc
2ab9d
28e4d
2ee3d
2ed59
29d67
2e898
2b0d9
32227
2aab0
29d68
2ee3e
2b959
29d6a
2e89a
2b0db
32aa1
2b95a
29d6d
33326
2aab1
2b95c
2aba0
265d0
2e89c
265d1
2e89d
265d3
32aa5
2e7b0
265d5
2ed5c
32aa7
28f3c
2a40b
26795
2ba45
2a40c
26797
28e4e
2e89e
297c4
32e66
29c81
2ee46
29c82
29400
33413
2e5ca
28e53
32b8f
29d73
28e55
33415
297c5
2ba48
294ef
266b5
32b91
2b1ca
32318
2b4a1
325e9
2ee4c
2a321
29e5a
2ef30
2ba4b
29e5c
2e98c
2b1cd
32b93
2ba4c
29e5f
33418
2ef34
2ba4f
2b1ce
325ec
2b1cf
266c4
32b97
2ef37
325ee
2e5cd
266c9
3341d
295de
2ad7f
2902f
2679a
2ad80
2bb39
298b5
32f62
2e10f
2679e
29e61
2679f
2ef39
29e62
267a1
2e992
29e64
33506
2ef3b
29e66
267a5
29f4a
2f020
298b8
294f3
267a8
2b592
267a9
2e1fb
267aa
33508
2ac95
2a500
267ad
2f023
2b2be
326dc
2b595
33509
2f024
2bb3f
267b2
32c89
2f027
2b596
32c8a
2b597
2bb42
3350d
267b8
32c8c
2e995
2ef41
2688a
299a5
2bc28
296d1
2697e
2bc2a
2688e
29f52
2688f
2ea83
29033
2a502
29034
26892
2a503
29036
327cb
2e203
26895
327cc
2f02e
29122
2a5f1
26898
2bc2d
2a03d
2eb6e
2ae03
31f51
2a504
298bb
2689d
2f031
2a8c8
2a03f
32d78
2b686
268a1
2e2ef
268a2
327cf
2f117
2a5f3
268a5
33051
2e2f0
33052
2e2f1
2f11a
268a9
2e204
2ea87
268ac
327d3
28b7e
2e2f2
28b7f
328bc
2921c
2a9bc
28c71
2ec63
299ab
2f11c
299ac
296d6
3313d
2e2f4
29129
32e67
2a049
2912b
3313f
2aef4
32042
2b777
328bf
2f121
2a8cc
2a04b
26990
2bd20
2a9be
26992
2e3e6
2a13b
2e6bd
2a13c
26995
32e6c
2bd24
2a9bf
26998
2e6be
26999
2e6bf
328c3
2bd27
2eb78
2699d
2f124
32e71
29f5a
26a6c
27017
287b8
29f5b
27019
26a70
30112
27f38
272ec
2a8ce
29f5d
272ee
2f79e
2a8d1
28028
2b598
2ca64
2b2c3
26a7a
2ca65
2c1e4
31033
26a7d
26a7e
2a5f9
29f5f
29f60
2e206
26a81
2bb47
2b2c6
30113
2ea89
29f64
2f891
2aba6
26a88
2c1e5
26a89
2c1e6
30020
2bb4b
2f2e8
2b5a0
2b2cb
326e3
2ca69
2ea8b
26a8f
326e5
26b5d
27109
2798d
26b60
2a5fc
2802a
2710d
26b63
2a6ea
27a7c
26b65
2a322
2a9c2
26b68
30b78
26b6a
2bc36
302f6
2b68b
28031
302f8
2c5ac
26b6e
28034
2921e
2ac97
2a9c4
2ae0a
2eb7a
2a053
2f3d7
2b68e
26b75
2f127
2f3d9
30206
26b79
2ae0d
2c5ad
2ae0e
2c5ae
26b7c
2e2fa
327d4
2bc3e
2b693
26b7f
2f2ee
2f129
2f2ef
26b83
26d40
27a7e
27b6f
271fd
2a9c5
2811b
2a140
272ef
2ad89
27b72
274d1
2aab3
26c59
30c6a
26c5b
27b75
2c3c6
26c5d
2bd29
2c3c7
26c5f
2cc4a
27b79
30995
298bc
26c63
2f7a1
2b77e
2ec6c
2aefd
26c66
2bd2c
2a147
2f4ca
26c69
26c6a
2a7e0
2b781
2cc4b
2b782
2cc4c
2af01
2e6c2
26c6f
2f3df
2bd31
2c3cb
26c72
2f4ce
26c74
2f986
2a230
27c61
2701c
2aba8
26d45
272f1
28a8e
2a232
272f3
26d49
2fe3c
27c64
275c7
27c65
27c66
2afec
2c78e
27c68
304db
2c78f
27c6a
30a87
304dd
3130a
2a234
29c86
26d56
2be1c
2f5ba
2b871
2a238
2fb67
2e4dd
26d5a
2a23b
2a325
33056
2be1f
2f4d0
2be20
2fa77
2b875
2ed60
2aff4
26d62
2f5bf
2c793
2e4df
329ba
2f5c1
2fd4e
26e34
285d6
297cb
26e36
273e2
276b8
26e39
2a327
27d55
273e6
26e3c
2a415
2fb69
2ac9c
27e44
2b3b4
2ce2c
2b0df
26e42
2ce2d
2c000
30e4f
26e45
26e46
2a416
29d7b
29d7c
2e5ce
26e49
2b963
2b0e2
2ff2f
2e8a5
29d80
2fc5a
2a9c8
26e50
2c001
26e51
2c002
2fe3f
2b967
2f6b0
2b3bc
2b0e7
324ff
2ce31
2e8a7
26e57
32501
26f26
2a509
2789d
26f28
2a6f0
2ad8e
26f2b
283f1
277ab
26f2d
30f40
2a41a
2fc5b
2ad8f
27f42
2b4a6
2cf1e
2b1d1
26f34
2cf1f
2c0f2
30f41
26f37
26f38
2a50a
29e6d
29e6e
2e114
26f3b
2ba55
2b1d4
30023
2e997
29e72
2f7a3
2aaba
26f42
2c0f3
26f43
2c0f4
2ff31
2ba59
2f1fa
2b4ae
26f46
2f6b5
2cf23
2e999
26f49
2f6b7
2701f
274d9
27e51
284e5
275cb
27024
306c2
27026
284e8
2c794
27028
2c0f7
2c795
2702a
2d012
284ec
3130c
2b1da
2e7b6
2a510
2f897
2bb51
2a512
2fe41
2f899
306c4
27034
2c0fb
32c8e
2f03b
2b87e
2ca6d
2b87f
2ca6e
27038
2f7a5
2c0ff
2c799
2703b
32c91
27112
276bb
27f44
27115
316d0
2abae
2fe43
27119
2c1e8
308a5
2bc41
285dd
308a7
2cb5e
2711d
285e0
2a601
2c1ea
27120
2f12b
2b3c1
27122
2c1ec
2a605
2ff34
2f5c6
2bc45
2f98c
2e8ab
27128
2c889
27129
2c88a
306c5
2c1f0
2bc49
2712c
2f8a0
2f98f
306c6
27205
277ae
28f48
286c8
2a6f2
28037
2820f
2bd32
2d1f4
2b4b1
2720d
2d1f5
2c97a
317c3
27210
27211
2bd34
2fa7a
2e99b
2a6f5
2fa7c
2bd36
27215
2a6f8
2ad91
2b4b5
2ec72
2ae15
32e73
2c2e0
2f990
2c2e1
2ff36
2bd3a
2b4b9
32e74
2d1f9
27220
2ff37
2a7e3
272f8
287b9
28211
278a2
272fb
28212
2b5a2
2cd40
28214
30a8a
2cd41
28216
31035
30a8c
318b6
2b5a4
2ed62
2af05
27305
2c3cf
2b5a6
303ed
27308
27309
2af06
2ea8e
2730b
2fb71
2be2a
2d2e9
2be2b
2d2ea
2b5aa
2730f
2fb72
2cd45
2fa85
27313
274da
27c6d
28302
27993
273ec
304de
273ee
28305
2c5b0
273f0
2bf13
2c5b1
273f2
2d3da
28309
31128
2aff6
2eb7e
2a32c
2fc5f
2b96d
2a32e
30209
2fc61
304e0
273fc
2bf17
32aaa
2ee57
2b69a
2ce35
2b69b
2ce36
27400
2fb75
2bf1b
2c5b5
27403
32aad
274db
27a84
28c72
2899e
2a41c
27d61
284ee
2ba5c
2d4ca
2b787
274e3
2d4cb
2c6a4
314ed
274e6
274e7
2ba5e
2f7a8
2e6c5
2a41f
2f7aa
2ba60
274eb
2a422
2aabc
2b78b
2ef48
2b0eb
32b9d
2c00a
2fc66
2c00b
3020c
2ba64
274f3
2fc67
2d4cf
32b9f
3020d
2aabd
275cf
27b7f
29311
2903c
302ff
275d4
2c6a8
3130d
2c101
28a96
3130f
2d018
275d8
28a99
2aabe
2c102
275db
2ed67
2be31
275dd
2c6ac
2aac2
303f2
2b792
2ed68
2b1e1
3323c
2c6ae
2fd54
2c6af
30300
2c108
2be37
3323d
2d5c1
275e8
30301
2abaf
276c2
2912d
28b85
284f1
28b86
2c1f2
2d6ae
2b975
276c8
2d6af
2ce3a
31c7d
276cb
276cc
2b976
2ff38
2b883
2abb2
2ff3a
2c1f6
276d0
2abb5
2b2d2
2c79f
276d3
2ff3d
2c1f8
2d6b1
2c1f9
2d6b2
2b97c
276d7
2ff3e
2d10d
2fe51
276db
278a3
285e1
286ca
27d64
277b6
286cc
2ba66
2d1fa
286ce
30f46
2d1fb
286d0
314ef
30f48
31d70
2b3c8
2ef4a
2ae17
277c0
2c88f
2ba6a
308a9
277c3
277c4
2c2e9
3341f
2ef4d
2ba6c
2d1fd
2ba6d
2d1fe
277c8
2ff41
2c895
2cf2f
277cb
33422
278a4
27e54
28128
278a7
31e60
278a9
287bf
2ca70
278ab
2c97f
2ca71
278ad
2d894
287c3
315e2
2af08
2c980
2ad95
3011d
2c3d9
2ad97
306c7
3011f
3099c
2bb5d
30120
2b4bd
278b8
2ca73
278b9
2ca74
308ab
2c986
2c3df
278bc
30034
30123
308ac
27997
27f47
296d9
28e58
306c9
2799c
2c4c4
31129
2bf1d
288b3
3112b
2d3e0
279a0
288b6
2a8da
2bf1e
279a3
2f12f
2bc4d
279a5
2c4c8
2a8de
307ba
2b5ae
2f130
2affd
33058
2c4ca
30124
2c4cb
306ca
2bf24
2bc53
33059
2d989
279b0
306cb
2830b
289a0
2803a
27a8c
289a2
2bd3c
2d4d0
289a4
3121c
2d4d1
289a6
317c5
3121e
31a9a
2b69e
2ec74
2b0ed
27a96
2c5b9
2bd40
30b81
27a99
27a9a
2c013
33149
2ec77
2bd42
2d4d3
2bd43
2d4d4
27a9e
2fd5e
2c017
2cc59
27aa1
30219
27b81
2812b
298bf
295e9
308ad
27b86
2cc5a
318b9
2c6b3
29042
318bb
2d5c4
27b8a
29045
2af0c
2c6b4
27b8d
2f3e4
2c6b5
2db6b
2c6b6
2db6c
2c3e5
303f8
2cc60
2d5c7
2f3e6
27b95
2821c
28a9c
27c75
32228
27c77
29133
2d3e4
27c79
2cd4d
2d3e5
27c7b
2dc5c
29137
319aa
2b886
2cd4e
2afff
304e9
2cd4f
303fa
2cd50
309a0
2c7a9
27c83
303fb
2dc5f
304eb
309a1
28b8d
28c76
28310
27d68
28c78
2c018
2d7a6
28c7a
314f2
2d7a7
28c7c
31a9b
314f4
3231c
2b97e
2f5c7
2b3cd
27d72
2d4d9
27d73
2d4da
31311
2ce43
2c01e
27d76
304ee
27d78
31312
27e58
29312
28d69
286d5
28e59
2c988
2de3e
2c10b
27e5e
2de3f
2d01e
3240d
27e61
27e62
2c10c
306cc
2ba71
2c10d
2d89b
2c10e
2d89c
27e66
2f6bb
2c98e
2d021
27e69
305e1
27f49
284f3
29c87
29405
30c75
27f4e
2ca76
316d5
2c4cf
28e5f
316d7
2d98c
27f52
28e62
2b2d4
2c4d0
27f55
2f200
2c4d1
2df33
2c4d2
2df34
2c201
307c0
2ca7c
2d98f
2f202
27f5d
285e4
288b8
2803d
32044
2803f
28f4f
2d200
28041
2cb69
2d201
28043
2e024
28f53
31d72
2b6a2
2cb6a
2ae1b
30309
2cb6b
307c2
2cb6c
30d68
2c5c5
2804b
307c3
2e027
3030b
30d69
28f55
295ea
286d8
28130
295ec
2c98f
2db6e
295ee
31e66
2db6f
295f0
3240f
31e68
326e8
2c2f5
2f994
2bd49
2813a
2d8a1
2813b
2d8a2
316d9
2d20b
2c995
2813e
308b2
28140
316da
28220
29c88
296de
29049
296df
2cd53
2e20a
2c4d6
28226
2e20b
2d992
327d9
28229
2822a
2c4d7
30a94
2c3e8
2c4d8
2dc63
2c4d9
2dc64
2822e
2fa88
2cd59
2d995
28231
309a9
28311
288bb
2a058
297cf
3103d
28316
2d3ea
31a9d
2ce46
29228
31a9f
2dd54
2831a
2922b
2b6a4
2ce47
2831d
2fb79
2ce48
2e2ff
2ce49
2e300
2c5cc
30b88
2d3f0
2dd57
2fb7b
28325
289ac
28c80
28405
329bc
28407
29318
2d5c8
28409
2d4dd
2d5c9
2840b
2e3f0
2931c
3213a
2ba72
2d4de
2b797
30c79
2d4df
30b8a
2d4e0
31130
2cf3c
28413
30b8b
2e3f3
30c7b
31131
28d71
29407
28aa0
284f8
29409
2c7ab
2df36
2940b
31c82
2df37
2940d
3222b
31c84
32504
2c111
2f7b0
2bb65
28502
2d6bd
28503
2d6be
314f5
2d027
2c7b1
28506
30c7e
28508
314f6
285e8
29aa4
294fa
28e65
295f3
2cb6f
2e5d2
2c89e
285ee
2e5d3
2d7ae
325f5
285f1
285f2
2c89f
308b4
2c204
2c8a0
2e02b
2c8a1
2e02c
285f6
2f8a4
2cb75
2d7b1
285f9
30d71
286d9
28c83
2a423
2a14c
31405
286de
2d7b2
32411
2d20e
29b9d
32413
2e120
286e2
29ba0
2ba74
2d20f
286e5
2ff45
2d210
2e6cb
2d211
2e6cc
2cf43
30f50
2d7b8
2e123
2ff47
286ed
28d74
295f5
287cd
32d84
287cf
29c8e
2df3c
287d1
2d8a5
2df3d
287d3
2e7bc
29c92
32506
2c3e9
2d8a6
2bb67
31041
2d8a7
30f52
2d8a8
314f8
2d304
287db
30f53
2e7bf
31043
314f9
296e6
297d1
28e68
288c0
297d3
2cb76
2e302
297d5
3204a
2e303
297d7
325f7
3204c
32e78
2c4dc
30128
2bf30
288ca
2e031
288cb
2e032
31e69
2d99b
2cb7c
288ce
31046
288d0
31e6a
289b0
29e75
298c4
2922e
299b4
2d4e3
2e99e
2cc69
289b6
2e99f
2db76
32f69
289b9
289ba
2cc6a
31224
2c5cf
2cc6b
2e3f7
2cc6c
2e3f8
289be
3021c
2d4e9
2db79
289c1
31139
28aa1
2904b
2a7eb
29f68
317cd
28aa6
2d5ce
3222d
2d02a
299ba
3222f
2e4e8
28aaa
299bd
2be3c
2d02b
28aad
2fd61
2d02c
2ea93
2d02d
2ea94
2cd5f
31318
2d5d4
2e4eb
2fd63
28ab5
2913c
29411
28b95
32ba0
28b97
29aaa
2dd58
28b99
2d6c1
2dd59
28b9b
2eb84
29aae
328ce
2c205
2d6c2
2b983
30e61
2d6c3
3131a
2d6c4
318c0
2d120
28ba3
3131b
2eb87
30e63
318c1
29ab0
2a14d
29231
28c88
2a14f
2d4ea
2e6ce
2a151
329c2
2e6cf
2a153
32f6b
329c4
33241
2ce53
304f0
2c8a7
28c92
2e3fd
28c93
2e3fe
32231
2dd63
2d4f0
28c96
3140a
28c98
32232
28d78
2a7ec
2a241
29ba4
2a242
2d8ab
2ed6a
2d031
28d7e
2ed6b
2e4ee
33332
28d81
28d82
2d032
315ec
2cf46
2d033
2e7c3
2d034
2e7c4
28d86
305e4
2d8b1
2e4f1
28d89
31501
28e69
29414
2abb6
2a333
31b95
28e6e
2df42
325f9
2d99e
29d8b
325fb
2e8b4
28e72
29d8e
2c207
2d99f
28e75
306d5
2d9a0
2ee5f
2d9a1
2ee60
2d127
316e0
2df48
2e8b7
306d7
28e7d
29505
297db
28f5d
33515
28f5f
29e7b
2e124
28f61
2e035
2e125
28f63
2ef50
29e7f
32c96
2c5d0
2e036
2c2fa
317d1
2e037
316e2
2e038
31c88
2da94
28f6b
316e3
2ef53
317d3
31c89
298cc
29f6a
295f9
29050
29f6c
2d306
2ea96
29f6e
327de
2ea97
29f70
32d87
327e0
3305d
2cc6f
3030c
2c6c3
2905a
2e219
2905b
2e21a
3204d
2db7f
2d30c
2905e
317d6
29060
3204e
29140
2a608
2a05d
299c0
2a156
2d6c7
2f132
2d3f9
29146
2f133
2e30a
3314e
29149
2914a
2d3fa
3140c
2cd62
2d3fb
2eb8b
2d3fc
2eb8c
2914e
30400
2d6cd
2e30d
29151
318c9
29232
297de
29234
2a6fd
2ae1c
2e9aa
2a6ff
2f3e8
2ae1e
29239
2e30f
2f3e9
32f70
2dd67
319b4
2dd68
31f5e
2e9af
2c5d2
2dd69
29240
30a9d
2dd6a
29242
319b6
29244
327e2
29325
2f4d9
29327
2a7f1
2e400
29329
2ed71
2a7f3
32ab4
2de58
2a7f5
2a7f6
2d5de
2ed73
2d5df
2ed74
2af13
29331
2d5e0
31b98
2d4f2
2d5e1
31b9a
2e406
31b9b
32051
2a249
2a8e1
32141
2941a
2df49
32ba5
2eb8f
2941c
2ee64
2d6cf
2941e
2941f
2b003
2eb91
2b004
2eb92
29422
31b9d
2d037
30c80
2ca8e
29425
30c82
2df4f
30c83
29429
29ab3
2a427
29d90
2a518
2d7c0
2ef54
2b0f3
33242
2e6d6
2a42c
32c99
33243
29512
2e5e6
29513
2e5e7
3250b
2ef59
2cb7f
2e5e8
2c8a9
31d7d
2e5e9
2d7c6
29519
31c91
295fa
29ba6
295fc
2a51a
2b1e4
2e7c6
2a51c
2f204
2b1e6
29601
2e12b
2f205
32d8c
2db83
31d80
2db84
32326
2e7cb
2c99a
2db85
29608
308b9
2db86
2960a
31d82
2960c
325fe
296ed
2f2f5
296ef
2a60d
2e21c
296f1
2f139
2a60f
32e7c
2dc74
2a611
2a612
2d9a6
2f13b
2d9a7
2f13c
2b2db
296f9
2d9a8
319b8
2d30e
2d9a9
319ba
2e222
319bb
32419
2a613
297e1
2acab
2e315
297e3
2ef5b
2acad
3351b
2e316
2acaf
2acb0
2b3d3
2ef5d
2b3d4
2ef5e
2ae27
297eb
2e046
32052
2d9ac
2e047
32054
2e8c4
32055
3250f
2a705
298d3
2ad9e
2e407
298d5
2f04d
2ada0
33061
2e408
2ada2
2ada3
2b4c5
2f04f
2b4c6
2f050
2af19
298dd
2db8c
32144
2da9e
2db8d
32146
2e9b6
32147
32601
2a7f7
299c5
2a8e4
2e4f9
299c7
2f13f
2a8e6
33153
2e4fa
2a8e8
2a8e9
2b5b7
2f141
2b5b8
2f142
2b00b
299cf
2dc7e
32236
2d5e4
2dc7f
32238
2eaa8
32239
326f3
2a33d
29ab7
2a9d6
2e5eb
29ab9
2ec85
2a9d8
33245
2e5ec
2a9da
2a9db
2b6a9
2ec87
2b6aa
2ec88
2b0fd
29ac1
2dd70
32328
2d6d6
2dd71
3232a
2eb9a
3232b
327e5
2a42f
29ba9
2aac8
2e131
29bab
2ed77
2aaca
33337
2e132
2aacc
2aacd
2b79b
2ed79
2b79c
2ed7a
2b1ef
29bb3
2de62
3241a
2d7c8
2de63
3241c
2e6e0
3241d
328d7
2a521
29c9b
2abba
2e223
29c9d
2ee69
2abbc
33429
2e224
2abbe
2abbf
2b88d
2ee6b
2b88e
2ee6c
2b2e1
29ca5
2df54
31f64
2d8ba
2df55
31f66
2e7d2
31f67
329c9
2abc0
29d94
2e5f2
29d95
2e5f3
3333a
2b986
2d9ad
2ee70
2d12e
32603
2ee71
2e5f6
29d9b
32513
29e84
2acb3
2b4c8
2ef60
2b4c9
2ef61
2b1f2
29e89
2e13a
326f4
2e04a
2e13b
326f6
2ef64
326f7
32bad
2ada4
29f78
2e22a
29f79
2e22b
3351e
2bb6a
2d5e5
2f054
2d312
327e7
2f055
2e22e
29f7f
326fb
2a068
2a8eb
2b6ac
2f144
2b6ad
2f145
2ae2a
2a06d
2e31e
328d8
2dc82
2e31f
328da
2f148
328db
32d91
2a9dc
2a15c
2e40e
2a15d
2e40f
33156
2bd4e
2d7c9
2ec8c
2d4f6
329cb
2ec8d
2e412
2a163
328df
2a24c
2aacf
2b890
2ed7c
2b891
2ed7d
2b00e
2a251
2e502
32514
2de66
2e503
32516
2ed80
32517
32f75
2b6af
2ee73
2b010
2eba1
2b011
2eba2
2a343
31ba1
2eba4
2b6b1
2a346
31ba2
33067
2a349
2b7a1
2ef65
2b102
2e6e7
2b103
2e6e8
2a435
31c93
2e6ea
2b7a3
2a438
31c94
33159
2a43b
2b893
2f057
2b1f4
2e7d9
2b1f5
2e7da
2a527
31d85
2e7dc
2b895
2a52a
31d86
3324b
2a52d
2b3d9
2f149
2b2e6
2e8cb
2b2e7
2e8cc
2a619
31e77
2e8ce
2b3db
2a61c
31e78
3333d
2a61f
2b4cb
2ec8f
2ae2c
2e9bd
2ae2d
2e9be
2a70b
319bd
2e9c0
2b4cd
2a70e
319be
3342f
2a711
2b5bd
2ed81
2af1e
2eaaf
2af1f
2eab0
2a7fd
31aaf
2eab2
2b5bf
2a800
31ab0
33521
2a803
2b5c0
2f14e
2b015
2c4e3
2b016
2eab3
2a8ef
3214d
2b5c4
2bc62
2a8f2
3214e
2fa8d
2a8f5
2b6b2
2ec94
2b107
2c5d5
2b108
2eba5
2a9e1
3223f
2b6b6
2bd54
2a9e4
32240
2fb7f
2a9e7
2b7a4
2ed86
2b1f9
2c6c7
2b1fa
2e6eb
2aad3
32331
2b7a8
2be46
2aad6
32332
2fc71
2aad9
2b896
2ee78
2b2eb
2c7b9
2b2ec
2e7dd
2abc5
32423
2b89a
2b98c
2abc8
32424
2f7b7
2abcb
2b3dc
2ef6a
2ae31
2c8ab
2ae32
2e8cf
2acb7
31f69
2b3e0
2ba7e
2acba
31f6a
2f8a9
2acbd
2b4ce
2f05c
2af23
2c99d
2af24
2e9c1
2ada9
3205b
2b4d2
2bb70
2adac
3205c
2f99b
2adaf
2c3f3
2f3f0
2af29
328e0
2ae38
3352c
31ab3
2ae3a
2b2ef
33438
2ae3d
31f6c
34a9c
32e8e
2b2f3
34a9e
2ae41
2c8ad
3343b
2c304
2b3e3
2ef71
2ae44
2e8d2
2ef73
2ae46
32f82
2ef75
2ae48
31c96
3343c
316eb
3bcff
31f70
2b3eb
3bd00
33530
2ef7b
31c98
3343f
316ed
3770b
319c2
3770c
319c3
3bd03
33441
2b3f3
2bd55
2f301
2b4d4
2ec9a
2c307
2f8ab
2bc64
2ae58
2eba7
33070
2e328
2b6bb
327f1
2f304
32e92
2bc69
2ae5d
2f99d
2bc6b
2ae5f
37bc7
2fc73
2b6c2
32e93
2b6c3
2f3f9
34e64
32f83
2ae65
34e66
2fc75
37bcb
33f48
2ae68
2ae69
2e9c5
327f4
2e32a
2e233
327f5
2ae6d
32f85
2ec9e
32060
2e9c9
32061
2e9ca
32f86
319ca
2e9cc
33258
329d3
2e9ce
2ae75
2e9d0
37526
32151
3b756
32f8a
2ae79
345e5
2e9d4
3b758
3752b
316f0
32e97
31141
3715f
31414
37160
31415
3ba29
32e99
2ecab
319ce
33445
327f7
2f308
2ae85
328e4
34b92
33533
2f3ff
3bd07
34b95
319cf
37434
328e6
3ba2b
327f8
31f7b
37bcf
335d5
319d3
2ae8f
37436
319d5
3b75e
328e7
31f7c
2ae93
345e8
2ae94
37251
2ae95
37bd2
336c8
32f92
3752e
32f93
3752f
336c9
335d8
3b762
34b9a
37bd5
33d64
37bd6
33d65
2aea0
3b765
37439
2af2e
32ac4
2f4e3
32ac5
2b01c
346d5
32155
2b01e
2bb71
2f6c7
2b4d6
2f062
2e417
32612
2db96
2af37
2fa8e
2f066
2af39
32ac8
2f068
326fc
2b4dd
326fd
2b4de
33537
32069
2b4e0
2af3f
2b4e2
326fe
2af41
326ff
2af42
32f94
2af43
377ff
2b4e6
3b84a
2af46
2eab5
3353c
2c3f8
2b7a9
2cc75
2af49
2c6ca
2bd59
328e8
2b7ac
2ecad
2f403
2b7ae
3206d
2af4e
328eb
2bd5e
2af50
2fa8f
2bd60
2b7b3
37cba
31ab9
37cbb
2af55
33348
2bd65
34f57
2f4ed
2af58
34039
2bd68
37cbe
3403b
2de6b
31aba
2d5ea
2ed8e
31abb
2e32e
2ed8f
2af60
317e0
32f99
31231
3b298
31abd
2eabd
3b299
32519
2eabf
3b29a
32ace
2ed97
32acf
2af69
37619
2eac4
3412a
3251c
3b29d
3412c
2eac7
2ed98
32158
2af6f
32159
2af70
329d8
2af71
37259
2ed9c
3b2a1
2af74
328ee
2af75
37cbf
33540
31ba6
33079
2f4f0
346d9
337b6
2f4f2
2af7b
32fa1
2af7c
37533
31ac4
2af7e
33541
31ac6
3b84e
336d2
32fa5
3b84f
3725f
31ba7
346dc
336d3
32ad5
3761e
33e53
3afc5
337b9
2af88
3b2a6
34130
3b852
34131
2af8b
3b853
336d5
2af8e
337bd
3b855
37346
3b856
37347
37536
2af93
2b10b
2c02c
2b021
32246
347c6
32bbc
2b10f
347c8
2b025
2c4e5
3307c
2bf3c
2b5c9
2f157
2b028
2eac9
2f159
2b02a
32bbd
2f15b
2b02c
31e7a
3307d
318cf
3b937
3215e
2b5d1
3b938
33169
2f161
31e7c
33080
318d1
378ef
31ba8
378f0
31ba9
3b93b
33082
2b5d9
2b98d
2f4f3
2b6c5
2ee7e
2bf3f
2fa91
2be4a
2b03c
2e7df
3325c
2e50c
2b89f
329df
2f4f6
32add
2be4f
2b041
2f8ac
2be51
2b043
37dab
2f8ad
2b8a6
32ade
2b8a7
2f5de
35048
32bbf
2b049
3504a
2f8af
37daf
33b80
2b04c
2b04d
2ebab
329e2
2e50e
2e41f
2e510
2b051
32bc1
2ee82
32248
2ebaf
32249
2ebb0
32bc2
31bb0
2ebb2
3344d
32614
2ebb4
2b059
2ebb6
37710
32335
3b38e
32bc6
2b05d
3421d
2ebba
3b390
37715
318d4
32ae2
31325
37349
315f8
3734a
315f9
3bc0d
32ae4
2ee8f
31bb4
33086
329e5
2f4fa
2b069
32521
347ca
3316c
2f5e4
3b93f
347cd
31bb5
37624
32523
3bc0f
329e6
32169
37db3
337c3
31bb9
2b073
37626
31bbb
3b396
32524
3216a
2b077
34220
2b078
36e89
2b079
37db6
338ac
32bce
37718
32bcf
37719
338ad
337c6
3b39a
347d2
37db9
33f4e
37dba
33f4f
2b084
3b39d
37629
2b112
32cac
2f6c9
32cad
2b200
348b9
32339
2b202
2b98f
2f5e6
2b3f5
2ce5a
2e5fb
32aed
2b992
2b11b
2f6cb
2b994
32527
2b3fa
37e9a
2f6cc
2b3fc
2ff48
2f6ce
2b999
2b122
3224f
2b123
2b6c6
2ecae
2b125
2c5da
2dd7b
32250
2b6c9
2ecb1
2f409
2b6cb
33261
2f6d0
2b6cd
32251
2b12c
319d7
2b12d
33172
2ecb8
2b12f
3ba2f
2b131
32254
3743a
319d9
3ba30
32255
37e9e
32bd3
2b135
3743e
3743f
2c031
32bd4
2ba82
2b139
33545
2b99d
3513b
2f6d3
2b13c
33c71
2b9a0
37ea2
33c73
2e051
31ca2
2d7ce
2ef7f
2b142
32258
2ef80
2b144
3141c
32bd5
30e69
3b47c
31ca5
2e6f7
3b47d
32705
2e6f9
3b47e
32cb6
2ef88
32cb7
2b14d
37803
2e6fe
3430e
32708
3b481
34310
2e701
2ef89
3233c
2b153
3233d
2b154
32619
2b155
36e91
2ef8d
3b485
2b158
3252b
2b159
37ea3
33179
31d8e
33265
2f6d6
348bd
3399a
2f6d8
2b15f
32bdd
2b160
3771d
31cac
2b162
3317a
31cae
3ba36
338b6
32be1
3ba37
36e97
31d8f
348c0
338b7
32cbd
37808
3403d
3b1a9
3399d
2b16c
3b48a
34314
3ba3a
34315
2b16f
3ba3b
338b9
2b172
339a1
3ba3d
36f7e
3ba3e
36f7f
37720
2b177
2b2f5
2c210
2b205
3242a
349aa
32da2
2b2f9
349ac
2b209
2b4e9
2cf4b
2b20b
2c9a2
2ba86
3261f
2b4ec
2ef90
2f211
2b4ee
3003a
2f213
2b4f0
2b212
31d90
33268
2f6dc
2b4f3
379e2
31d91
379e3
2c121
2b7b9
2eda1
2b218
2e702
32be4
2e144
2b7bc
2eda5
2b21c
32da4
2eda7
2b21e
31aca
3326b
3150b
3bb1f
32344
2b7c3
3bb20
33355
3150c
32fab
2b7c6
32fac
2b7c7
3326f
2b7c8
379e5
32348
2b228
2b8a8
2f06e
2b22a
2e7e2
2f217
34c80
32da5
2b22d
34c82
2fa95
379e7
33d6a
2b230
2b231
2e7e3
32623
2e146
2e147
2e604
2b235
32da7
2f073
3242c
2e7e7
3242d
2e7e8
32da8
31d98
2e7ea
3308e
32803
2e7ec
2b23d
2e7ee
378f4
31f7e
3b572
32dac
2b241
34401
2e7f2
3b574
378f9
31510
32cca
30f5d
36f81
317e4
36f82
317e5
3b859
32ccc
2f080
31e80
33357
2f21c
349af
33a8c
2f21e
2b24e
32625
2b24f
379ea
33273
31d9d
3780e
3270f
3b85b
32627
3234d
379eb
339a7
31da1
2b257
37810
31da3
3b57a
32710
31f7f
3706c
31f80
378fb
3234e
2b25d
379ee
33a90
32db4
378fc
32db5
378fd
33a91
339aa
3b57e
349b6
379f1
33b86
379f2
33b87
2b268
3b581
37813
2c211
32db6
2bc79
2b2fd
2b5db
2ca91
2c214
2f7be
2bb78
2b301
2eacb
3354b
2f221
2b5e0
32432
2b304
32714
2bb7d
2b306
2fb84
2bb7f
2b5e5
37ad4
31e83
37ad5
2c215
2b8ab
2ee93
2b30c
2e7f4
32cd6
2e238
2b8ae
33452
2f310
2b8b0
33453
315fc
32aef
2ee9a
32af0
2ee9b
2b314
33360
2ee9d
2b8b6
315fe
32af1
2b8b8
32af2
2b8b9
33362
2b8ba
37ad7
3243a
2b31c
2bb82
33e58
2f312
3bc17
33e5a
2bb85
34d75
32eab
3bc18
34d77
2e239
3243b
2dc8a
2b325
2e14a
32716
2f314
2e8da
31e88
2b329
31601
2b32a
32dbc
2f16a
2b32c
32eae
2f16c
2b32e
3b663
2b330
344f0
2e8e3
3addf
328fc
37442
33183
2b334
37444
344f5
3104e
32534
2f170
32535
2f171
32dbf
2f172
3b668
31e8d
2b33b
2f224
32dc1
2f225
2b33e
33a96
31f85
335da
32eb4
2b341
34aa2
335dd
318d8
37078
318d9
3b66a
31f86
2b346
33a97
32dc4
2b348
37ade
32dc6
31e94
37adf
32dc8
2b34c
344f6
2b34d
3716b
2b34e
3bc1c
34aa5
32eb8
2b351
3716c
2b352
3716d
33459
2b354
3b670
34aa9
33a9d
2b358
3744a
2b359
3744b
37ae5
3707d
2c9a3
2f6e1
2b4f7
32628
2b406
3354e
3207a
2b408
2b8bd
2c8b2
2b40b
31f87
3504e
2f8b4
2b8c1
35050
2b40f
3225d
338ba
31f89
38170
3253a
2b9a7
33185
2b9a8
37eb0
338bf
2c8b3
2fe58
2c218
2b417
2f9a7
2c21a
2b419
2f8b6
3345f
2f5f6
38173
2f8b7
2bc81
38174
2f9a9
2bc83
2b41f
2c222
344fc
2f40e
38176
3354f
2b423
35413
33550
38178
35415
2b427
3253d
2f40f
34b9c
32fae
2b42a
336d8
2ef94
3b491
33553
2b42d
2b42e
3253e
2b42f
33b89
3253f
2b431
37eb3
3207b
33c7a
2f9af
2b434
37eb4
33b8c
33556
2b437
3817b
32ebe
37bd8
335e5
2b43a
33b8d
335e6
2b43c
37725
33467
2b43e
3bd1b
32ec0
3271c
34ba2
3271d
37815
33558
37816
33559
37817
33c80
2b445
3bd1e
37eba
335e9
3431c
38181
3431d
33b90
38182
3514c
37ebd
2b5e7
2c4ea
2b4fd
3216b
34c86
2fa98
2b5eb
34c88
2b501
3234f
339ac
3207d
38262
3262e
2ba99
33277
2ba9a
379f6
339b1
2c9a5
2ff4b
2c30a
2b509
2fa99
2c30c
2b50b
2f9b3
3355e
2f6eb
38265
2f9b4
2bd73
38266
2fa9b
2bd75
2b511
2c314
345ee
2f500
38268
33095
2b515
35505
33096
3826a
35507
32081
2e8eb
2f501
346e2
32af4
2b51c
337ca
2f086
3b583
33099
2b51f
2b520
32720
34c8a
3309b
2f22c
2b523
32632
2b524
33c85
32633
2b526
379fa
33c88
3309c
2b529
3826d
32fb2
37cca
336e3
2b52c
33c89
336e4
2b52e
3781d
33566
2b530
3b861
32fb4
3280e
346e8
3280f
37907
3309e
37908
3309f
37909
33d72
2b537
3b864
37a00
336e7
3440e
38273
3440f
33c8c
38274
34c92
37a03
2b6d9
33186
2b5ef
3225f
34d78
2fb8a
2b6dd
34d7a
2b5f3
32441
33a9e
3216f
38354
32724
2bb8b
33369
2bb8c
37ae8
33aa3
2c4eb
3003d
2c3fc
2b5fb
2faa5
330a4
2f231
38356
2f5fb
2be63
38357
2faa6
2be65
38358
2fb8d
2be67
2b603
2c406
34134
2f5fe
3835a
33189
2b607
355f7
3318a
3835c
355f9
32173
2e9dd
2f5ff
347d4
32be8
2b60e
338c2
2f178
3b675
3318d
2b611
2b612
32728
2b613
33d77
32729
2b615
37aeb
32261
33e5e
2fb93
2b618
37aec
33d7a
33190
2b61b
3835f
32af8
37dbc
337d5
2b61e
33d7b
337d6
2b620
3790f
330ac
2b622
3b953
32afa
32900
347da
32901
3744d
33192
3744e
33193
3744f
33e64
2b629
3b956
37af2
337d9
34506
38365
34507
33d7e
38366
34d84
2b631
2b7cb
2c6ce
2b6e1
32351
34e6a
2fc7c
2b7cf
34e6c
2b6e5
2ce5b
30403
2c5de
2b9ac
32263
2b6e8
32264
2b6e9
2fc7d
2bf46
2b6eb
2fc7e
2bf48
2b6ed
30224
2bf4a
2b9b4
2f321
32ec8
2bc86
33198
2bc87
37bda
31f97
37bdb
33199
2b6f5
2bf4c
34226
2f6f3
3844c
3327b
2b6f9
356e9
3327c
3844e
356eb
2b6fd
32819
2f6f4
348c6
32cda
2b700
339b4
2ecbe
3b767
3327f
2b703
2b704
3281a
2b705
33e69
3281b
2b707
37bdf
32353
33f50
2fc85
2b70a
37be0
33e6c
33282
2b70d
38451
32bec
37ebe
338cd
2b710
33e6d
338ce
2b712
37455
331a0
2b714
3ba45
32bee
329f2
348cc
329f3
3753f
33284
37540
33285
37541
33f56
2b71b
3ba48
37be6
338d1
345f8
339bd
37be7
33e70
38458
34e76
37be9
2b8c3
2c7c0
2b7d3
32443
34f5c
2f7c2
2b8c7
34f5e
2b7d7
2cf4d
304f5
2c6d0
2ba9e
3003e
2f237
2baa0
32355
2b7dc
32356
2b7dd
2fc8a
2c03a
2b7df
37f8e
2fc8b
2baa6
2f419
32fbc
2bd78
3328a
2bd79
37ccc
3208b
37ccd
3328b
2b7e7
2c03e
3431e
2f239
37f92
3336d
2b7eb
3522f
3336e
37f94
35231
2b7ef
3290b
2f23a
349b8
32dd5
2b7f2
33aa6
2edb0
3b2ad
33371
2b7f5
2b7f6
3290c
2b7f7
33f5b
3290d
2b7f9
37cd1
32445
34042
2f7cb
2b7fc
37cd2
34045
2f7cd
2b7ff
37f97
32cde
37a04
339bf
2b802
33f5f
339c0
2b804
37547
33292
2b806
3bb37
32ce0
32544
349be
32545
37631
33376
37632
33377
37633
34048
2b80d
3bb3a
2b80f
37f9c
3413e
33aaf
37cd9
33f62
37f9e
34f68
37cdb
2bb8e
2d03d
2b8ca
2ca94
2c127
2b8cc
30131
2c129
329f8
2bb93
329f9
2bb94
32ce2
2f7d1
2bb96
306d9
2f8bf
2c12f
31bc2
330ae
2f50c
337db
2f50d
2b8d7
32b03
2b8d8
337de
2be6e
2f32a
3531e
30133
2b8dc
34412
2c133
38085
34414
2b8df
2b8e0
2e707
32ce4
32eca
2b8e3
335f1
2eea1
34aac
32637
3bc25
335f4
2eea4
2f50e
32ce5
2f50f
2b8ea
33380
2f511
2b8ec
32546
35052
33471
2f603
2b8ef
38088
33b95
2f8c6
2b8f2
33381
2b8f3
37637
31f99
35057
32ce7
33382
3808a
33ab3
32452
3808b
34053
33473
37728
335f7
3b3a1
335f8
37dc8
335f9
3bc2b
35058
33477
2b900
3772c
2b901
3772d
37dcb
33ab5
3505a
37dcc
34054
38091
2cf4f
2f6f6
2baa9
3263a
2b9b8
2ff52
3263b
2b9ba
2be6f
2ce5e
2b9bd
2fe5f
355fa
2fb9f
2be73
355fc
2b9c1
32270
33e72
32271
3845a
2fba1
3871c
3254b
2b9c5
33e76
33e77
2ce5f
2c229
2d6de
2b9c9
2fba3
33388
2f60a
3871e
2f9b9
2c22d
3871f
2fe63
2c22f
38720
2ff55
2c231
2b9d1
2c7ce
359bc
2f6fa
38722
2ff58
2b9d5
34ab9
2c7d2
38724
359c1
2b9d9
32b0b
2fba5
3338c
2fba6
2f60d
34142
31f9a
33b9c
32552
2b9df
33b9e
2f611
2b9e1
38460
2fc92
3347b
2f6fc
356f1
34234
2f6fe
348d2
2f6ff
3514f
339c6
38462
34235
2f702
38729
34145
34237
2fe67
2b9ed
3872b
338d5
2b9ef
34147
3347d
32ce9
35151
338d6
3872c
2b9f4
35152
2b9f5
35153
34149
2b9f8
3423b
3872f
2baae
2f7d5
2f23d
32cea
2bb9c
35233
32ceb
2bb9e
2f420
32bfa
2c045
33295
2c046
32bfb
2c047
37fa1
2fc97
2bab8
2c31a
2d7cf
2baba
2d224
2c8b7
32640
2c31d
32641
2c31e
30312
2faac
2c320
3347f
2ff61
2c322
308bc
30048
2c8bf
30049
2bac5
35aaf
2c8c2
34baa
2faae
38815
34bac
2c8c5
2eea7
33481
2bacc
3272e
35236
3004d
2f243
37fa5
33ab6
3bb3f
33d81
2bad1
349c6
2bad2
37a07
3523a
2f707
32c00
2f708
2bad6
32c01
2f70a
339ca
2f70b
37a08
339cc
2bada
37a09
34240
2f7da
2badd
37fab
34242
3432a
3208d
37a0a
32c03
3272f
3523d
33d83
3bb40
2bae5
37fac
33d84
33abb
37a0d
34244
37fae
3523e
37a0f
2bc8b
2cb88
2bba1
30135
35324
2f8c9
2bc8f
35326
2bba5
32730
2bba6
34057
2c138
32a02
2bba8
32a03
2bba9
3405a
3405b
2ca97
305e9
2c9a8
2bbad
2f7de
33570
2f24c
38902
2fba9
2c411
38903
30052
2c413
38904
30139
2c415
2bbb5
2c9b2
35ba0
2f334
38906
3013c
2bbb9
346f1
2c9b6
38908
35ba5
32734
2ef9a
2f7e0
33574
2f7e1
2f24f
34330
3217e
33d86
32738
2bbc3
33d88
2f253
2bbc5
38098
2f8ca
330b3
2f336
35329
34418
2f338
34abc
2f339
34d87
335fe
3809a
34419
2f33c
3890d
34333
3441b
30056
2bbd1
3890f
33abf
2bbd3
34335
330b5
32ecd
34d89
33600
37afe
33601
2bbd8
33ac1
38911
34337
2bbdc
3441f
38913
2bc92
2f9bd
2f423
32ece
2bd80
35417
32ecf
2bd82
2c4ed
30142
2bf59
2d9b4
2f33d
32de0
2c4f0
32de1
2c4f1
2bc9c
304f9
2c4f3
2bc9e
330b8
2c4f5
2bca0
389f5
2bca2
32826
2bca3
33ba3
2c235
32557
2bca5
32558
2bca6
33ba6
33ba7
3022d
2bca9
35c93
2c4fa
347e2
2fca1
389f9
347e4
2c4fd
2f08b
330b9
2bcb0
32829
2bcb1
34421
3282a
2bcb3
331a6
2bcb4
33e7f
3282d
389fc
34423
3282f
2bcb8
32914
3541a
30231
2f429
3818d
336ee
3bd23
33f6b
2bcbd
34bb0
2bcbe
37bed
3541e
2f8d5
2bcc1
38191
34426
3450e
32273
37bee
32de9
32915
35421
33f6d
3bd24
37bf0
33607
33f6e
38193
33f6f
34428
38194
35422
37bf3
2be75
2cd6c
2bd85
2fd6d
35508
2fab1
2be79
3550a
2bd89
2d4f9
30aa1
2cc7c
2c04c
30235
2bd8c
2f9c4
2bd8d
2fd6f
2c5e4
2bd8f
30236
2c5e6
2bd91
3853a
30237
2c054
2f431
33c9a
2f432
3853d
2f9c6
33577
2f710
33c9d
2f9c7
2bd99
2c5ea
357d8
2f518
3853e
2fd74
2bd9d
348db
2c5ee
38540
357dd
3291a
2ecc2
2f9c8
331ae
2f9c9
2f435
34514
32364
33f70
3291e
2bda7
33f72
2f439
2bda9
3827e
2fab2
33299
2f51a
3550d
345fc
2f51c
346f4
2f51d
34f6b
337e2
38280
345fd
2f520
38545
34517
345ff
2fd79
2bdb5
38547
336f7
2bdb7
34519
3329b
32b11
34f6d
336f8
38548
2bdbc
34f6e
2bdbd
34f6f
3451b
2bdc0
34603
3854b
2be7c
2d03f
2c6d3
2fd7a
2c13f
2fd7b
2be7f
2fab6
2be80
2fe68
2c6d7
2be82
2fe69
2c6d9
2be84
30409
2c6db
2c417
3273d
2be87
3273e
2be88
32a0a
2be89
33d8f
2c41b
3836c
2be8c
349ca
2c6dd
3836e
2f8d8
358cc
306df
2be90
358ce
349cf
2edb5
2be93
2f525
32fca
2f526
2be96
32fcb
2f528
337e6
2f529
37dce
337e8
2be9a
37dcf
34608
2f617
32b12
2be9d
3414b
2fe71
2be9f
33ba8
2bea0
347e7
2f61c
3505e
2f61d
2bea3
38373
32fcc
2fbaf
2bea6
38638
35604
33393
380a3
33394
32a14
2beab
347e9
2beac
38376
34067
347ea
3863b
347eb
35606
37dd6
3460c
38379
2d4fb
2fca2
2c057
304fd
2bf66
331b2
2fca4
2bf68
2c41d
3040a
2bf6b
3014a
35ba6
32b15
2c421
35ba8
2bf6f
3014c
3442a
2f8db
38a06
3014d
38cc8
32b17
2bf73
3442e
3442f
2bf76
2d6df
31234
2d40c
2c7d7
3014f
2bf79
3040f
2cd74
2bf7b
30150
2bf7c
30500
2cd77
2bf7e
30aa2
2cd79
2cd7a
35f68
2fca6
38cce
30504
2bf83
35065
2cd7e
38cd0
35f6d
30151
346fa
346fb
32b1b
2f621
33e84
2f622
32c08
2bf8b
34155
2f624
35c9d
30413
30153
38cd2
33e86
2fbbc
38a0b
32b20
2fbbe
38cd4
30507
2fca9
38a0d
33f76
37bf4
34247
2bf97
34e80
2bf98
38470
35ca1
30154
2bf9b
38a11
35ca3
33f79
37bf5
34158
2bf9f
33f7a
38473
33f7b
2bfa2
38474
347f4
35ca5
2c05b
2fd81
2d042
2f7e9
332a5
2f712
2c05f
305f0
357e1
2f9cc
331b5
2f43c
3451d
2fcaf
3451e
2fcb0
38dbb
331b7
2c5f5
2ce61
2d4fd
2c8c8
2dd7e
2c06a
2fcb1
331b8
2f626
2c8cb
38dbc
2fcb2
38dbd
30057
2c8ce
38dbe
305f3
2c8d0
2c072
35154
2ce6d
38550
30059
3605c
308c1
2c076
3605e
35159
2fcb3
331ba
3050f
2f62a
2c07b
305f8
357e2
3264d
38822
33f7d
2c07e
348df
2fd85
2c080
357e5
33395
35240
34069
37fb3
3433a
38dc4
357e6
348e3
2c086
347f9
32c11
2c088
3424e
32c13
38dc7
347fb
32c15
2c08c
38556
347fd
348e5
33396
35243
33f80
38dca
2c092
35244
2c093
35245
347ff
2c096
3855b
357eb
2c14e
2fe73
2f257
32dec
2c23c
358d1
2fe75
2c23e
2f535
32fce
2c6e3
32fcf
2c6e4
332aa
2c6e5
3863f
2fd89
2c158
2c9b8
2de6f
2c15a
2d8c4
2cf55
305fd
2c9bb
306e3
2f719
2c9bd
32cff
2c9be
309b1
30156
2c9c0
30f5e
306e6
2cf5d
306e7
2c165
3614d
2cf60
34c9c
30158
38eb3
34c9e
2cf63
2f259
3406e
2f25a
32dee
2c16c
3433f
2f25c
358d5
2fd8c
348e8
348e9
32d02
2f7fb
2c172
332b0
2f7fd
380a5
34071
2c175
380a6
348ee
2f8e2
358d6
349d3
2f8e4
35068
2f8e5
35333
33bb0
38646
349d4
2f8e8
38eba
348ef
349d6
306ed
2c181
3506b
2c182
35336
2c183
35337
380ab
34073
2c187
38ebe
2c189
3864d
2d225
2f9ce
2c32d
307d3
2c242
3348a
2f9d0
2c244
2c504
2ca9a
306ee
2c506
2df62
2f25d
32df0
2ca9d
2c24a
306f1
2ca9f
3339c
2caa0
2c24d
30aa5
2caa2
2c24f
38fa1
2fbbf
3339d
2f62c
3415b
2f8eb
3415c
2f8ec
38fa3
3339f
2c7e4
2f9d1
38735
34d8d
2c258
30aa6
2caa7
36241
307db
2c25b
2c25c
306f2
2c25d
38fa7
333a1
2f8ee
34436
2f9d3
3348b
2f34f
38196
32ee1
2c263
349dd
32df7
2c265
34438
32df9
38fa9
349df
32dfb
2c269
34ac4
307de
2c26b
34522
2c26c
3515b
2f9d8
35426
2f9d9
2c26f
3873b
333a3
2ff6e
2c272
38fad
34525
3819b
3819c
33bb9
34526
3873f
34527
349e2
38740
359ce
3819f
2c423
2d318
2c333
3005c
35ab4
32fd1
2c427
35ab6
2c337
2daa7
2cb8c
307e0
2c5f8
2ff6f
2c33a
3031b
2cb8f
2c33c
2ff70
2c33d
3031c
2cb92
2c33f
308c2
2cb94
2c600
2f71d
32c16
2c8d2
32c17
2c8d3
33490
2c8d4
38825
2ff73
2c347
2cb96
35d84
2fac4
38aea
30320
2c34b
34e87
2cb9a
38aec
35d89
2ff74
34acc
34acd
32ee7
2f43f
33ca6
2f440
32fd2
2c353
34529
2f442
35ab9
307e6
2ff76
38aee
33ca8
2f9e4
38829
32eec
2f9e6
38af0
30323
2fac7
3882b
33d92
37a10
34615
2c35f
34ca2
2c360
3828c
35abd
2ff77
2c363
3882f
35abf
33d95
37a11
3452c
2c367
33d96
3828f
33d97
2c36a
38290
34bbc
35ac1
2c429
2c6e9
2db99
2c42b
2d5ee
2cc80
30327
2c6ec
30414
2f445
2c6ee
32fd5
2c6ef
30c88
2fe83
2c6f1
31235
30417
2f263
32d08
2c9c4
32d09
2c9c5
33582
2c9c6
38917
30065
2c439
2cc88
35e76
2fbc2
38bdc
30419
2c43d
34f79
2cc8c
38bde
35e7b
30066
34bbe
34bbf
32fd9
2f537
33d98
2f538
32b24
2c445
3461b
2f53a
35bab
3032c
30068
38be0
33d9a
2fad6
3891b
32fde
2fad8
38be2
3041c
2fbc5
3891d
33e8a
37b02
34161
2c451
34d94
2c452
3837e
35baf
30069
2c455
38921
35bb1
33e8d
37b03
3461e
2c459
33e8e
38381
33e8f
2c45c
38924
35bb3
34bc7
2c50f
2c602
30aa8
2fbcb
331c0
2f358
2c513
30aaa
36247
2c516
306f5
2f265
309b7
2c9cc
36153
306f7
2c9ce
2f267
32dfc
2caab
330d0
2caac
38fb2
2fe87
38fb3
330d1
2c520
2cd80
2e23d
2c522
2dc8e
2d31d
306fb
2cd83
306fc
2cd84
30aab
2fadd
2cd86
31328
30512
2cd88
318da
30aae
2d325
30aaf
2c52d
36515
2d328
35610
30514
3927b
35612
2d32b
2f26c
309bd
2f26d
2c534
330d6
2f26f
2c536
307ea
36248
331c3
2f449
3542a
2f44a
35ca7
2fae0
2c53b
330d7
2c53c
3470f
30166
2c53e
34710
330d9
3927f
34cac
330db
2c542
34d9a
30ab4
2c544
3542c
30258
35ca9
30259
2c547
38fbc
34d9e
30ab5
2c54a
38fbe
34713
3542e
39285
3542f
2c54f
39286
2c551
38fc1
2d5ef
2fd94
2c6f5
3032e
2c60a
332b3
2fd96
2c60c
2cb9c
307ed
2c60e
307ee
2c60f
34ad8
2f9e8
34ad9
3025c
39367
2c613
2ce73
2e32f
2c615
2dd80
2d410
307f0
2ce76
307f1
2ce77
30b9d
2fbd3
2ce79
30e6e
30604
2ce7b
31420
30ba0
2fd97
38afb
35701
2c620
30e70
2d41b
36609
30ba3
2c623
2c624
307f2
2c625
34da3
307f3
2c627
38afd
2fd99
34e8a
2fcc0
2c62a
348f2
2c62b
3551d
2c62c
39370
32c18
38dce
34535
2c62f
34e8c
30ba6
2c631
3551e
2fd9e
357ef
2fd9f
2c634
38b00
307f5
30263
38562
34537
2c638
38563
34da9
30332
2c63b
39375
38564
34539
348f6
34625
38565
34daa
38b06
35d96
38567
2c7e5
2d6e2
2c6fb
2fe89
35e7c
2f804
2c7e9
35e7e
2c6ff
3006a
34bc8
2fda1
39458
30335
2cc91
33589
2cc92
38bec
34bcd
2d5f1
2cf65
2e422
2c707
2fcc3
332b8
2f453
3945a
2fcc4
2cf69
3945b
30701
2cf6b
3945c
30c91
2cf6d
2c70f
2d50a
366f8
2fe8c
3945e
30c94
2c713
35249
2d50e
39460
366fd
2fda5
34e94
332bb
2fda6
39461
34e97
2f805
333a8
2f540
35e81
34166
38384
349eb
38650
32d0a
38ec0
34627
2c720
39462
30bae
332be
2c723
348fb
2fdab
2c725
38bf1
30423
2c727
35e83
34168
38654
349ed
39465
35e84
34f81
2c72c
38bf5
35e87
349ee
3416b
38656
3462a
348fd
2c732
38658
34f84
35e89
2c7eb
2c8d8
30d7e
2f8f7
33498
2f630
2c7ef
30d80
35f71
2d6e3
31237
2d046
2c7f3
2f809
333aa
2f542
3954a
2f80a
2cab5
3954b
307f6
2cab7
3954c
30d83
2cab9
2c7fb
2cd8b
30427
2c7fd
30428
2c7fe
34716
2fbd8
34717
2fe98
3954f
2c802
35338
2d051
38ce2
307f8
367ec
31057
2c806
367ee
3533d
2f80c
333ae
2f80d
2f548
34f88
3042c
2f631
30d88
2c80d
3506f
2ff80
359d0
34259
38477
30c9f
2f8fb
3416c
2f8fc
38743
3042d
2fe9d
38744
3416f
2c816
38745
34f8d
2ff81
35f74
35071
2ff83
359d2
3425b
38ce7
35072
2ff86
39558
35f78
35075
34170
3955a
2c822
359d4
2c823
359d5
34f8f
2c826
35077
3955d
3006c
2c9d0
2f721
308c5
2c9d2
36061
30609
2c9d4
2d137
30d8c
2cba3
2e606
2f633
30d8d
2d13a
3349d
2d13b
2c8e8
30d8f
2d13d
2c8ea
31147
2d13f
2c8ec
39093
2c8ee
30267
3480c
2ff89
39094
3051f
2ce80
331d1
2ce81
38dd2
34811
308cb
2c8f5
36331
2d144
35432
3033f
39097
35434
2d147
2f270
3524c
2f271
35ac3
2f638
30d90
2f639
2c8fe
334a2
2f63b
2c900
3060a
36064
3358d
2f902
2c903
334a3
2c904
34ae3
2ff8e
2c906
34ae4
334a5
3909b
3507e
334a7
2c90a
35162
308d0
2c90c
3524e
30076
35ac5
30077
2c90f
38dda
35166
308d1
2c912
38ddc
34ae7
35250
390a1
35251
2c917
390a2
3883d
35169
2d229
308d2
2cc95
2e14c
2f725
308d3
2d22c
3358f
2d22d
2c9da
308d5
2d22f
2c9dc
31239
2d231
2c9de
39185
2c9e0
2fdad
348fe
3007b
39186
30611
2cf72
332c3
2cf73
38ec4
34903
309c4
2c9e7
36423
2d236
35524
30431
39189
35526
2d239
2f272
309c7
2c9ed
34cb1
30170
35bb4
34443
380af
2f9f2
33592
2f9f3
2f72c
3516c
30614
2f9f4
2c9f5
33595
2c9f6
34bd5
30080
2c9f8
34bd6
33597
3918d
35170
33599
2c9fc
34cb2
309c9
2c9fe
35340
30174
35bb7
30175
2ca01
38ecc
34cb6
309ca
2ca04
38ece
34bd9
35342
39193
35343
3615e
3892e
35172
38ed1
2e057
307fa
2cbaf
307fb
2cabe
30178
307fc
2cac0
2cf75
2df66
2cac3
30085
366fe
2f812
2cf79
36700
2cac7
3070b
2cac8
34f91
2d058
30432
2caca
30433
2cacb
34f94
34f95
2cace
2e23f
2d8cb
30f69
2d32f
30087
2cad1
2f817
2cad2
30f6b
2d8cf
2cad4
3105c
2d8d1
2cad6
31606
2d8d3
2d8d4
36ac0
307fe
39826
31060
2cadb
35bbd
2d8d8
39828
36ac5
3008a
35252
3008b
2f81a
39829
30711
39288
349f7
2f27f
39563
30714
2f281
3982b
3017a
35344
2f906
2cae8
39565
34ae8
3874c
34dad
38fc6
35258
330e1
39289
30f6f
30d97
2caef
367f7
34aea
38fc8
34daf
3982d
367f8
35349
2caf4
39569
367fb
34cbe
38fca
34aec
2caf9
36257
2cafa
38fcc
3534c
367fd
2cbb3
2cca0
3114a
2f9f7
3114b
2f459
2cbb7
3114c
36339
2f907
39912
30808
2cbbb
2ff93
35084
2ff94
390a5
30d9b
2d14d
2d9bb
2e059
2d420
2e8ed
2cbc2
2f90a
31067
2f36d
39914
3017e
2d424
39915
30baf
2d426
39916
3114f
2d428
2cbca
35cac
2d9c7
390a8
30bb1
36bb4
31425
2cbce
36bb6
35cb1
2f90c
3106a
2f90d
2f370
35350
3026b
34db2
3080e
2cbd5
34db4
2f374
2cbd7
390aa
2f9f9
31154
2f45b
3633b
35353
30346
35d98
34bdb
3883f
3106b
3026e
38b0d
308dd
2cbe0
3633d
34bdc
38b0e
34ea1
3991f
3633e
3543b
2cbe5
35355
36340
3543d
34af2
39922
2cbea
35d9c
2cbeb
35d9d
35357
2cbee
3543f
39925
2cca6
309cb
2f54c
309cc
2cd94
36429
309cd
2cd96
2f45c
35174
2f45d
39a05
2f9fc
3359a
2f72f
35177
2f9fd
2ccb0
2d510
2e9de
2dba0
316f9
2daaf
3034f
2d513
30350
2d514
3123f
30271
2d516
31515
30cae
2d518
31ad2
31242
2dab7
31243
2ccbd
36ca5
2daba
357f4
30cb0
39a0b
357f6
2dabd
2f460
308e4
2f461
2ccc4
308e5
2f463
34be0
2f464
38bfc
34be2
2ccc8
38bfd
35444
2f54e
309ce
2cccb
35529
308e6
2fbd9
35bc0
2fbda
35e8b
2fdb4
38bff
3115d
30358
2ccd2
3552a
31248
2ccd4
35bc2
3043e
35e8d
3043f
2ccd7
391a0
3552e
31249
2ccda
35e8e
2ccdb
35e8f
2ccdd
391a3
2ccdf
39a16
2cce1
391a5
2dd81
30526
2ce85
30527
2cd9a
2fea4
30528
2cd9c
2d05c
2d5f4
3124a
2d05e
2ead1
2f550
309d1
2d5f7
309d2
2d5f8
2cda3
3124d
2d5fa
2cda5
31609
2d5fc
2cda7
39af9
2faef
330e2
2f283
34cc1
2f552
34cc2
2f553
39afb
309d5
2d33c
30529
3928d
358e5
2cdb0
3160a
2d601
36d99
31337
2cdb3
2cdb4
30445
2cdb5
35533
30446
2cdb7
333b8
2cdb8
34f9d
30449
39b00
35535
3044b
2cdbc
3052b
3651e
2fea7
2faf5
2cdbf
35088
2cdc0
35cb3
2cdc1
39b02
34729
2cdc3
35539
31339
3052e
39292
3508a
2cdc7
35cb5
2cdc8
38cf3
36523
30ac6
2cdcb
39b05
2cdcd
39296
3508c
34817
38cf5
3553a
39298
36526
38cf7
2cf7b
2de74
2ce8b
2ff95
3660c
2fcce
2cf7f
3660e
2ce8f
2e607
2d6e6
3133c
2d150
2fea9
2ce92
2fbe0
2ce93
30e77
2d6ea
2ce95
30e78
2d6ec
2ce97
31426
2d6ee
2d158
2f376
30ac9
2d42a
331d5
2d42b
30aca
2d42c
3937d
2fbe3
2ce9f
2d6f0
368dc
3061c
39642
30e7c
2cea3
359df
2d6f4
39644
368e1
2feac
35624
2fead
2fbe6
39645
30539
390b4
34819
2f64b
39381
3053c
2f64d
39647
2ff98
3570c
2fcd0
2ceb0
3517a
2ceb1
357f9
2ceb2
39383
3562a
334ab
390b5
31342
30bb7
2ceb7
36613
34906
38de4
3517d
39649
36614
35711
2cebc
39387
36617
35092
38de6
34908
38de7
34909
2cec2
38de8
35714
36619
2cf81
2d241
2e708
2cf83
2e14e
2d7da
30625
2d244
30626
2d245
30f70
2ff9d
2d247
317ec
309db
2d249
31da9
30f73
2f468
30bbb
2d51c
332c7
2d51d
30bbc
2d51e
3946f
2fcd5
2cf91
2d7e2
369ce
3071a
39734
30f75
2cf95
35ad1
2d7e6
39736
369d3
3008f
3525c
2f81f
2cf9a
30629
2cf9b
35717
3062a
2cf9d
3359c
2cf9e
35181
3062d
39738
35719
3062f
2cfa2
34cc6
2cfa3
358eb
2cfa4
39475
3571c
3359d
391a7
30e88
30cb2
2cfa9
36705
349fe
38ed6
34cc9
3973b
36706
35261
2cfae
39479
36709
35184
2cfb1
34a00
38ed9
34a01
2cfb4
35265
39740
3571f
2d067
2d15a
3160c
2feaf
3160d
2f913
2d06b
3160e
36d9f
2d06e
31251
2f820
31252
2d524
36cab
31253
2d526
2f55c
309de
2d605
309df
2d606
31255
2d607
39b0b
2fdc1
2d078
2d8da
2edb7
2e51a
31ad4
2de79
30cb9
2d8dd
30cba
2d8de
3160f
30635
2d8e0
31e9c
3106e
2d8e2
32458
31612
2de81
31613
2d085
3707f
2de84
36168
31070
39dd3
3616a
2de87
2f286
34fa2
2f287
39570
2fdc4
31521
2fdc5
2f829
35800
30cbe
2d090
35269
2f82c
2d092
39b10
2feb1
31616
2f915
36da1
35803
30dac
367fe
35095
38cf9
31522
30cc2
2d09a
358f2
31618
2d09c
35f84
30db0
36801
30db1
2d09f
39b14
358f6
31619
2d0a2
39b16
3526b
35f86
39ddd
35f87
2d0a7
39dde
2d0a9
39b19
2e14f
308ec
2d24d
308ed
2d162
30816
308ee
2d164
2d6f6
3053f
2d166
30540
2d167
30db3
2d168
35631
2d6fa
39652
2d16b
2e8ee
32459
2e60c
2d9ce
30729
2d16e
2feb7
2d16f
3161c
2df6e
2d171
31702
2df70
2d173
31cb8
2df72
2d9d6
308ef
39653
36259
2d178
319e4
2df77
37173
31707
2d17b
2d17c
30db7
2d17d
3535f
2f91b
3134e
2f91c
2d180
3134f
2f91e
390b7
3509d
2d183
390b8
358fe
2fa06
30e8c
2d186
359e3
31350
30093
36074
30094
36345
3072e
2d18b
359e4
3170a
2d18d
36076
308f6
36347
308f7
2d190
3965a
31351
30e8e
2d193
39ecd
390bc
3509f
3544e
3965d
3544f
35902
3965e
368ee
390bf
2d33d
2e242
2d253
3035b
369d4
30096
2d341
369d6
2d257
2ffa7
35720
2fcdb
39742
2ffa8
39fb0
308fa
2d25b
35724
35725
2e151
31cb9
2e05c
2d25f
2ffaa
3170d
2fa0b
39fb2
3081c
2dac3
39fb3
3125d
2dac5
39fb4
317f5
2dac7
2d267
2e066
37262
309e4
39fb6
317f8
2d26b
35da1
2e06a
39fb8
37267
3035d
39a18
3518d
2d270
308fe
2d271
359ed
308ff
2d273
35452
30901
39fba
359ef
30903
2d277
309e5
369d8
30360
2ffaf
2d27a
35542
2d27b
3616d
2d27c
39fbc
31712
30f7f
2d27f
369db
34cce
391ac
35545
39fbd
369dc
35ad9
2d284
3974d
369df
35546
3974e
35547
35190
39fc1
2d28a
391b0
35adc
369e1
2d343
2d430
318e2
30187
318e3
2fbeb
2d347
318e4
36ac9
2e243
31dab
2dba2
2d34b
30099
317ff
2fafd
3a0a2
30362
2d60f
3a0a3
31352
2d611
3a0a4
318e7
2d613
2d353
2d8e5
3072f
2d355
30730
2d356
309ef
2d357
3526f
2d8e9
39838
2d35a
35e90
2dbad
3983a
31354
37356
31bcb
2d35e
37358
35e95
2fb00
35548
30452
39b1b
30364
35ade
30365
300a0
3a0ab
34cd4
2fb05
3983b
309f6
2fb07
3a0ad
30453
35bc6
3018a
2d36b
3983d
34dbe
38fce
35635
3929d
35ae4
30f89
30ad9
36acc
35bc9
30adb
3652a
34dc1
3983f
35bca
30ade
3a0b0
36ad0
35bcd
34cd6
3a0b2
2d37a
3652c
2d37b
3652d
35ae7
2d37e
35bcf
3a0b5
2d436
31163
2fcdc
31164
2d52a
36bb9
31165
2d52c
2dc93
318f0
2d6fd
2f180
2fbee
31077
2dc96
31078
2dc97
2d440
318f3
2dc99
2d442
31cbb
2dc9b
2d444
39beb
2d446
3018d
35364
2f923
39928
3018e
39bec
30ae2
2d44a
35368
35369
3142f
2d44d
36e9b
2dca0
35f8a
30e9b
39bef
35f8c
2dca3
2f650
34dc4
2f651
3938c
30190
318f4
30191
2fbf5
35bd2
30ae6
2d458
3563d
2fbf8
2d45a
3992e
3027b
31432
2fcdf
36bbd
34eb0
38b14
35727
3938f
35bd5
318f5
30aea
2d462
35cba
31434
2d464
35da6
30bce
3661d
30bcf
2d467
39932
35cbe
31435
2d46a
34dc9
39bf8
35da8
3572b
39935
2d46f
39bfa
2d471
39937
2dd85
2e427
319e7
2dd87
2d530
3027d
31437
2fce1
39cda
30548
2d7f4
39cdb
30f8a
2d7f6
39cdc
31526
2d7f8
2d538
3027f
35456
2fa15
39a1a
30280
39cde
30bd4
2d53c
3545a
3545b
31528
2d53f
36f8d
2dd92
3607c
30f8d
39ce1
3607e
2dd95
2f742
34eb6
2f743
3947e
2fdca
3152b
2f831
36caf
3054a
35cc2
3054b
30284
39ce3
34eb8
2fce9
39a1f
30bda
2fceb
39ce5
34fa8
38c06
35273
39481
35cc7
3143b
30bdc
2d554
3580a
3152d
2d556
35e98
30ccc
3670f
30ccd
2d559
39a24
3580e
3152e
2d55c
39a26
35731
35e9a
39ceb
35e9b
36cb6
39486
35cca
39a29
2ebc6
31356
2d709
31357
2d618
30cd0
31358
2d61a
2dacf
2ead5
2d61d
30bdd
37268
3036a
2dad3
3726a
2d621
3036b
35ae8
300a3
3a0b6
3036c
3a378
31268
2d625
35aec
35aed
2fdd0
3180b
2e42a
3180c
2e42b
2d62a
31adf
2e42d
2d62c
3245b
2e42f
2d62e
3a37d
2d630
36712
2e433
3a0ba
31623
3763e
3245d
2d634
37640
36717
2fdd2
35812
30cd2
39de1
30be2
35daa
30be3
30372
3a381
35550
2fdd7
3a0bb
31270
2fdd9
3a383
30cd3
35e9c
3045e
2d641
3a0bd
35640
392a4
35905
39b1f
35db0
31810
3135d
37360
35e9f
3135f
36dac
35643
3a0bf
35ea0
31362
3a386
37364
35ea3
35552
35817
2d650
36dae
36533
3a389
35db3
2d654
35ea5
3a38b
2d70e
3143d
2ffb0
3143e
2d7fc
36ea1
3143f
2d7fe
2fbfa
31080
2dca5
31081
2dca6
318fe
2dca7
39bfd
30461
2d718
2df7a
30cd5
2d71a
30463
2d71b
31bdb
2e51e
2d71d
31cc2
2e520
2d71f
32276
2e522
2df82
30e9f
39bff
36805
2d724
31fa2
2e527
37731
31cc7
2d727
2d728
31367
2d729
3590b
2fec7
31902
2fec8
2d72c
31903
2feca
39663
35649
2d72f
39664
35eaa
2ffb2
31440
2d732
35f8f
31904
3063f
36620
30640
368f1
30cda
2d737
35f90
31cca
2d739
36622
30ea6
368f3
30ea7
2d73c
39c06
31905
31442
2d73f
3a479
39668
3564b
359fa
39c09
359fb
35eae
39c0a
36eac
3966b
2d8eb
2e7ff
2d801
30907
36f92
30642
2d8ef
36f94
2d805
30553
35ccc
30287
39cee
30554
3a55c
30eaa
2d809
35cd0
35cd1
2ffb6
31446
2e60e
31447
2e60f
2d80e
31cce
2e611
2d810
32093
2e613
2d812
3a561
2d814
3634a
2e617
39cf2
31813
37822
32095
2d818
37824
3634f
2ffb8
359fc
3090a
39fc5
30dca
35f98
30dcb
3055a
3a565
3573a
2ffbd
39cf3
30eb2
2ffbf
3a567
3090b
36080
30644
2d825
39cf5
35278
39488
35aef
39757
35f9e
3144b
30f97
36f98
36083
30f99
369e4
3527b
39cf7
36084
30f9c
3a56a
36f9c
36087
3527c
2d833
369e7
2d834
3573d
3a56d
35fa1
2d838
36089
3a56f
2d8f2
31625
30196
31626
2d9e0
37085
31627
2d9e2
2e153
30f9d
2dbb9
30f9e
2dbba
31ea5
3090f
2dbbc
32185
31907
2dbbe
32743
31ea8
2e15b
2fdda
31537
2f835
35819
300aa
3581a
300ab
3a653
31539
2de96
31085
39de5
3643d
2d908
32187
2e15f
37915
31eab
2d90b
2d90c
30fa1
2d90d
35af5
300ad
3153a
300ae
2d910
3153b
300b0
39847
35281
2d913
39848
3608e
30198
31628
2d916
36173
3153c
30823
3680a
30824
36ad5
30912
2d91b
36091
31ead
3108a
39dea
35be2
2d91f
3680d
2d920
3984b
3708d
3162a
2d923
3a65d
2d925
39dee
35be4
3536f
3984d
36092
39df0
37090
3984f
2dad5
2e9e3
2d9e5
30aed
37176
30826
2dad9
37178
2d9e9
30737
31eb0
3019b
3a194
30a02
2dcad
3a195
3144c
2dcaf
3a196
319ed
2dcb1
2d9f1
2df83
30dcd
2d9f3
30dce
2d9f4
31091
2d9f5
35913
2df87
39ed6
2d9f8
36534
2e24f
39ed8
3144e
3745a
3227a
2d9fc
3745c
36539
3019e
35be6
30af0
39c0d
30a04
3617c
30a05
3073e
3a19d
35372
301a3
39ed9
31098
301a5
3a19f
30af1
36264
30828
2da09
35cd2
2da0a
36351
2da0b
39edb
36182
31633
3117b
3717c
36267
3117d
36bc8
3545f
39edd
36268
31180
3a1a2
37180
3626b
35374
35beb
2da18
36bca
36355
3a1a5
36185
2da1c
3626d
3a1a7
3028c
3171d
2e338
3171e
2e339
2dade
319f8
2e33b
2dae0
3236a
2e33d
2dae2
3a289
2dae4
3082b
35a02
2ffc1
39fc6
3082c
3a28a
31184
2dae8
35a06
35a07
31ae7
2daeb
3754b
2e342
36628
31541
3a28d
3662a
2e345
2fcee
35462
2fcef
39a2a
30376
31aea
2fddd
3726d
30af6
3626e
30af7
30830
3a28f
35464
30295
39fcb
3118a
30297
3a291
35554
391b2
3581f
39a2d
36273
319fa
3118c
2db00
35db6
31aec
2db02
36444
3127c
36cbb
3127d
2db05
39fd0
35dba
31aed
2db08
39fd2
35cdd
36446
3a297
36447
37274
39a32
36276
39fd5
2f181
3190a
2dcb5
3190b
2dbc4
31280
3190c
2dbc6
2e07b
2f090
2dbc9
3118d
37826
30916
2e07f
37828
2dbcd
30917
36094
3064f
3a662
30918
3a924
3181c
2dbd1
36098
36099
3037c
31dca
2e9e5
31dcb
2e9e6
2dbd6
3209c
2e9e8
2dbd8
32a1b
2e9ea
2dbda
3a929
2dbdc
337ec
2e9ee
3a666
31be2
36cc0
32a1d
2dbe0
36cc2
337f1
3037e
35dbe
31282
3a38d
31192
36356
31193
3091e
3a92d
35afc
30383
3a667
31824
30385
3a92f
31283
36448
30a0a
2dbed
3a669
35bec
39850
35eb1
3a0cb
3635c
31dcf
31911
3791e
3644b
31913
3736a
35bef
3a66b
3644c
31916
3a932
37922
3644f
35afe
3a934
2dbfc
3736c
2dbfd
3736d
3635f
2dc00
36451
3a937
2dcba
319fc
3055c
319fd
2dda8
3745f
319fe
2ddaa
301a6
31634
2e255
31635
2e256
31ebd
2e257
3a1a9
30a0d
2dcc4
2e52a
31285
2dcc6
30a0f
2dcc7
32198
2ead9
2dcc9
3227f
2eadb
2dccb
32836
2eadd
2e532
31453
3a1ab
338df
2dcd0
32562
2eae2
36db3
32284
2dcd3
2dcd4
3191b
2dcd5
35eb7
30473
31ec1
30474
2dcd8
31ec2
30476
39c0f
35bf5
2dcdb
39c10
36456
3055e
319ff
2dcde
3653b
31ec3
30beb
36bcc
30bec
36eaf
3128a
2dce3
3653c
32287
2dce5
36bce
3145a
36eb1
3145b
2dce8
3a1b2
31ec4
31a01
2dceb
3aa25
39c14
35bf7
35fa6
3a1b5
35fa7
3645a
3a1b6
3746a
39c17
2de97
2edba
2ddad
30eb7
37550
30bee
2de9b
37552
2ddb1
30aff
36278
30833
3a29a
30b00
3ab08
3145e
2ddb5
3627c
3627d
30562
31a05
2ebc9
31a06
2ebca
2ddba
3228b
2ebcc
2ddbc
32653
2ebce
2ddbe
3ab0d
2ddc0
339d0
2ebd2
3a29e
31dd2
368f8
32655
2ddc4
368fa
339d5
30564
35fa8
30eba
3a571
3137a
36544
3137b
30b06
3ab11
35ce6
30569
3a29f
31466
3056b
3ab13
30ebb
3662c
30bf0
2ddd1
3a2a1
35824
39a34
3609b
39d03
3654a
31a0a
3154b
37556
3662f
3154d
36fa2
35827
3a2a3
36630
31550
3ab16
3755a
36633
35828
2dddf
36fa5
2dde0
35ce9
3ab19
3654d
2dde4
36635
3ab1b
2de9e
31be4
30742
31be5
2df8c
37643
31be6
2df8e
2e70e
31551
2e169
31552
2e16a
32462
30ebf
2e16c
32745
31ec6
2e16e
32d0e
32465
2e716
30386
31af6
2fde1
35dc5
30656
35dc6
30657
3abff
31af8
2e446
31639
3a391
33ac3
2deb4
32747
2e71a
369eb
32468
2deb7
2deb8
31555
2deb9
360a1
30659
31af9
3065a
2debc
31afa
3065c
39df3
3582d
2debf
39df4
3663a
30744
31be7
2dec2
3671f
31afb
30dcf
36db6
30dd0
37093
30ec2
2dec7
3663d
3246a
3163e
3a396
3618e
2decb
36db9
2decc
39df7
3764b
31be9
2decf
3ac09
39df8
3582f
36190
3a39b
36191
3663e
3a39c
3764e
39dfb
2e081
2ef9e
2df91
3109d
37734
30dd2
2e085
37736
2df95
2e25b
30fb1
2df97
30ce4
2df98
31fa8
2e804
2df9a
31fa9
2e806
2df9c
32564
2e808
2e533
3137d
2df9f
3137e
2dfa0
31645
2dfa1
35ebf
2e537
3a482
2dfa4
33608
2e80a
3a484
31a0d
36ae2
3283a
2dfa8
36ae4
3360d
3074a
36192
310a0
3a1b9
30fb4
36728
30fb5
30cea
3a749
3591e
3074f
3a485
3164c
30751
3a74b
310a1
36810
30dd4
2dfb5
3627e
2dfb6
368fd
2dfb7
3a487
3672e
31bf2
3172f
3773a
36813
31731
37186
35a0b
3a489
36814
31734
3a74e
3773e
36817
35920
3a750
2dfc4
37188
2dfc5
37189
36731
2dfc8
36819
3a753
2e088
30dd5
31fb3
30839
3a832
310a4
2e350
3a833
31afd
2e352
3a834
320a2
2e354
2e090
30dd7
35fae
3056d
3a572
30dd8
3a836
31738
2e094
35fb2
35fb3
320a4
2e097
36bd3
2e8fd
336fc
31b00
3a839
336fe
2e900
3029a
35a0e
3029b
39fd6
30922
320a7
30389
3782b
310a6
3681a
310a7
30ddc
3a83b
35a10
30841
3a577
3173e
30843
3a83d
35b00
3975e
35dcb
39fd9
3681f
31fb7
31740
2e0ac
36362
320a9
2e0ae
369f0
31830
37279
31831
2e0b1
3a57c
36366
320aa
2e0b4
3a57e
36289
369f2
3a843
369f3
37832
39fde
36822
3a581
30a16
32473
2e264
33ac9
32474
2e266
30924
32381
2e62c
339d7
32382
2e62e
30660
31b01
2e71e
31b02
2e71f
32384
2e720
3ac0f
30ec9
2e17e
2e9f3
31743
2e180
30ecb
2e181
3265a
2efa2
2e183
3274c
2efa4
2e185
32d0f
2efa6
2e9fb
31ecb
3ac11
33d9f
2e18a
32fe7
2efab
3727f
32751
2e18d
2e18e
31ddd
2e18f
3636b
3092b
32388
3092c
2e192
32389
3092e
3a675
360a9
2e195
3a676
36906
30a18
32475
2e198
33acd
3238a
310a9
37098
310aa
37927
31748
2e19d
36909
32753
31ed0
3ac16
369f8
33ad1
2e1a2
3709a
31ed4
37929
32477
2e1a5
3aee3
2e1a7
3ac1a
3636e
2e1a9
3619c
3a67c
3619d
2e1ac
3a67d
2e355
31a0f
2e268
31926
31a10
2e26a
2e80f
3164f
2e26c
31650
2e26d
31ed5
2e26e
36735
2e813
3a756
2e271
2eae6
31839
2e273
30fbf
2e274
32757
2f095
2e276
3283e
2f097
2e278
32e01
2f099
2f09a
3736e
31a12
3afcc
32842
2e27d
33e93
2f09e
3afce
37373
31927
3aa2a
3619f
2e282
31eda
2e283
369ff
31edb
2e285
36464
31edd
3afd0
36a01
31edf
2e289
31a13
36ae6
3192a
30fc3
2e28c
3654e
2e28d
3718b
2e28e
3afd2
32845
31a16
3a75c
36aea
33617
2e293
3718c
31a1a
3746f
31ee0
2e296
3a75f
36aed
36aee
2e299
361a2
3afd7
2e29c
37470
2e29d
37471
36a07
2e359
3146b
33700
3119e
2e449
33702
2e35d
310af
36824
30ddf
3a846
310b0
3b0b8
31a1c
2e361
36828
36829
30b0e
31fc1
2f184
31fc2
2f185
2e366
3284a
2f187
2e368
32c1e
2f189
2e36a
3b0bd
2e36c
33f82
2f18d
3a84a
3238e
36eb6
32c20
2e370
36eb8
33f87
30b10
36554
3146e
3ab1d
3192e
36af0
3192f
310b6
3b0c1
36292
30b15
3a84b
31a24
30b17
3b0c3
3146f
33704
311a0
2e37d
3a84d
35dd0
39fe0
36647
3a2af
36af6
31fc6
31b09
36bda
33707
31b0b
2e385
3a84f
35dd2
3a2b1
36649
3b0c6
36bde
3370b
3370c
3b0c8
2e38c
37562
2e38d
37563
3a2b4
36295
2e391
3b0cb
3128f
32a1f
30cef
2e44d
32a20
337f5
30c00
320b0
2ecca
320b1
2eccb
2e452
3293c
2eccd
2e454
32d11
2eccf
2e456
3b1ad
2e458
311a3
36370
30933
3a93a
311a4
3b1ae
31b12
2e45c
36374
36375
32a25
2e45f
36fa7
2ecd4
34076
32484
3b1b1
34078
2ecd7
30662
35dd6
30663
3a39e
311a6
3293d
311a7
30c07
36be4
31b16
2e46a
3664f
30c0a
2e46c
3a940
31291
32a28
30cf1
36ccb
36be7
31bfa
37650
35ec3
3a0d3
3293e
31b1a
2e474
337f8
32a2a
2e476
3a3a2
36ccf
31bff
37652
35ec5
3a944
337fc
32a2b
2e47c
337ff
3b1ba
3a3a5
35ddb
3673c
3a948
3673d
36bea
3a949
30de0
32293
2e630
338e5
32294
2e632
2edbb
31c01
2e816
31c02
2e817
32a2d
31567
2e819
32e02
31fc8
2e81b
333ba
3256a
2edc3
30a26
321a8
3047f
36469
30cf4
3646a
30cf5
3acf5
321aa
2eaf3
31ce9
3aa2f
33bbb
2e552
32e04
2edc7
370a1
3256d
2e555
2e556
31c05
2e557
3673f
30cf7
321ab
30cf8
2e55a
321ac
30cfa
3a491
35ecb
2e55d
3a492
36cd8
30de2
32295
2e560
338e9
31cec
37742
35fb5
39c19
321ad
3156a
2e565
36cdb
3256f
31cee
3aa34
36dc0
338ed
2e56a
36ebc
31cf2
37745
32297
2e56d
3acff
2e56f
3aa38
36742
2e571
35fb8
3a498
35fb9
2e574
3a499
2e907
31657
2e634
31386
2e635
32573
2eeb0
2e637
32660
2eeb2
2e639
32c21
2eeb4
2e90f
30570
31a27
2ebe1
31a28
2ebe2
3229b
2ebe3
3ab1f
31389
2e641
2eeb6
37190
31de8
3ade8
32664
2e645
33caf
2eeba
3adea
37195
3174b
3a856
35fbb
2e64a
31de9
3690c
3174e
30de9
3229d
30dea
2e64e
3229e
30dec
3a583
35fbd
2e651
3a584
36dca
30fc4
36fac
30fc5
37835
3138d
2e656
3adee
32577
32391
2e659
3690f
339de
31dee
3adef
36378
2e65d
36faf
2e65e
3ab29
36913
36914
3a588
35fbe
3adf3
2e664
37838
2e665
37839
36dcf
2e72c
31df1
3407a
3156c
2e820
3407c
2e730
31cff
33f88
3147a
2ebe8
33f8a
2e734
3147b
36bec
311ab
3b1be
3147c
3b494
32396
2e738
36bf0
36bf1
31df3
3aee8
36653
2e73c
32398
2e73d
36ec1
32399
2e73f
36918
3239b
3b497
36ec3
3239d
2e743
32487
36fb2
31df6
31481
2e746
36744
2e747
36a09
2e748
3b499
32c26
32a35
2e74b
36fb5
33ad8
3ac24
36747
3b49a
36fb6
34083
2e750
3b1c7
36fb9
36748
3b1c8
36749
34086
36fbb
2e756
3b1ca
3691b
36ec9
2e822
31ee3
33bc0
31660
2e912
33bc2
2e826
3156f
36cde
3129d
3ad04
31570
3b586
32490
2e82a
36ce2
36ce3
31ee5
3afda
3674b
2e82e
32492
2e82f
36fbd
32493
2e831
36a10
32495
3b589
36fbf
32497
2e835
31fcd
370a4
31ee8
31575
2e838
36836
2e839
36afb
2e83a
3b58b
32e09
31fd0
3ad0a
36838
2e83e
36afd
2e83f
3a76b
370a9
32498
2e842
3ad0d
370ab
3683a
3ad0e
3683b
33bcc
370ad
2e848
3674f
3b591
36fc5
2e914
31a29
33cb2
31752
2ea04
33cb4
2e918
31663
36dd0
3138f
3adf6
31664
3b678
31fd6
2e91c
36dd4
36dd5
31a2b
3b0cc
3683d
2e920
31fd8
2e921
370af
31fd9
2e923
36b02
31fdb
3b67b
370b1
31fdd
2e927
320c1
37196
31a2e
31669
2e92a
3637c
2e92b
36bf3
2e92c
3b67d
32e0e
3266d
2e92f
37199
33710
3a85c
3637f
3b67e
3719a
33cbb
2e934
3adff
3719d
36380
3ae00
36381
33cbe
3b682
2e93a
36841
3b683
370b7
2ea06
31b1d
33da4
31844
2eaf6
33da6
2ea0a
31755
3691c
30ee1
3aeea
31756
3b76a
320ca
2ea0e
36920
36921
31b1f
3b1cc
36383
2ea12
320cc
2ea13
371a1
320cd
2ea15
36bfa
320cf
3b76d
371a3
320d1
2ea19
321b3
37288
31b22
3175b
2ea1c
3646e
2ea1d
36ce5
2ea1e
3b76f
32f00
3275f
2ea21
3728b
33802
3a94e
36471
3b770
3728c
33dad
2ea26
3aef3
3728f
36472
3aef4
36473
33db0
3b774
2ea2c
3aef6
36bfd
371a9
2eaf8
31c0f
33e96
31936
2ebec
33e98
2eafc
31847
36a14
30fd5
3afdc
31848
3b2b0
321bc
2eb00
36a18
36a19
31c11
3ad12
36475
2eb04
321be
2eb05
37293
321bf
2eb07
36cec
321c1
3b2b3
37295
321c3
2eb0b
322a5
3737a
31c14
31482
36dd6
31483
37473
3184d
2eb10
3b2b5
32ff2
32851
2eb13
3737d
338f4
3aa40
36563
3b2b6
3737e
33e9f
2eb18
3afe5
37381
36564
3afe6
36565
33ea2
37383
2eb1e
3afe8
36cef
3729b
2ebee
31939
36b06
310c7
3b0ce
3193a
3b3a2
322ae
2ebf2
36b0a
36b0b
31d06
3ae04
36567
2ebf6
323a1
36eca
31d09
31397
32856
31398
2ebfa
32857
3139a
3ab2f
36569
2ebfd
3ab30
37388
31576
36922
31577
37565
3193f
2ec02
3b3a7
32b38
3294a
2ec05
36ecd
339e6
3ab32
3665b
3b3a8
36ece
33f91
2ec0a
3b0d7
36ed1
3665c
3b0d8
3665d
33f94
36ed3
2ec10
3b0da
36de1
3738d
2ecde
323a9
3462c
31b27
2edd2
3462e
2ece2
322b7
3453a
31a35
2f19a
3453c
2ece6
3294e
2ece7
36ed5
31489
32f03
3148a
2ecea
32f04
3148c
3b1cf
36c01
2eced
3b1d0
3747c
3157a
32ff5
2ecf0
34631
32f05
31c18
36cf0
31c19
36fc7
322bb
2ecf5
3747f
332cc
32a43
3b77a
3408a
2ecf9
36cf3
2ecfa
3b1d3
3756f
32ff7
2ecfd
3ba55
36cf4
3ba56
36cf5
37572
2ed01
36c02
3ba58
2ed04
3b1d7
2eec2
32584
2edd5
3249c
32585
2edd7
30fd6
36cf6
30fd7
3ad14
31b2a
332cf
31b2b
3157f
37576
32a4b
2edde
36fcf
31582
2ede0
3b2be
31c1c
333bd
3166d
3765d
37579
32587
370b8
338f9
3aa47
332d0
32588
3765e
34179
3258a
370ba
338fb
3b2c1
3417a
3258d
3bb46
332d1
3417c
333c0
2edf0
370bc
2edf1
370bd
2edf3
3b2c5
36fd0
2edf5
3757c
3b2c7
3175c
32c2b
2efb5
34265
32c2c
2efb7
3166e
370be
31fe4
3b686
324a1
37666
324a2
31c20
3bc33
36dea
31673
3b3af
32593
31675
3bc35
31fe5
34268
31d0f
2eed5
3b3b1
339ea
3ab38
33cc1
3ae09
3766c
32b41
3267a
37750
3426b
3267c
371ac
339ed
3b3b3
3426c
3267f
3bc38
37754
3426f
339ee
3ae0c
339ef
2eee4
3b3b7
37757
3ae0e
36ded
2eee9
3bc3d
31dfe
3359f
3184f
2efba
335a0
34359
320d5
3b782
3692f
2efbe
32681
2efbf
37759
32682
2efc1
371b2
32684
3bd26
3775b
32686
2efc5
3276a
37840
320d8
31d13
2efc8
33db2
2efc9
36a1b
2efca
3bd28
334b5
32d20
2efcd
37843
33ade
3aefc
33db5
3bd29
37844
3435f
2efd2
3b4a9
37847
33db6
3b4aa
33db7
34362
3bd2d
2efd8
3b4ac
371b5
37761
2f0aa
321c5
34448
31ef1
2f19e
3444a
2f0ae
32772
2f0af
372a3
31853
32d22
31854
2f0b2
32d23
31856
3afeb
36a23
2f0b5
3afec
3784e
31942
32e11
2f0b8
3444d
3285d
3738e
33623
3a771
32d24
320db
2f0bd
37851
330e8
3285f
3b598
33ea6
2f0c1
36b0f
2f0c2
3afef
37937
32e13
2f0c5
3b871
36b10
3b872
36b11
3793a
2f0c9
36a24
372a7
2f0cc
3aff3
3139e
36b12
3139f
3b0dc
31a3c
331dc
31491
37483
321cb
3793c
321cc
31ef6
3b95d
36b14
31949
3b687
32869
3194b
3b95f
33714
3a862
33f97
3b0df
37941
330ec
3286b
2f1b0
34540
331de
2f1b2
36c06
3295b
36edd
3295c
2f1b5
3b68c
34544
331df
2f1b8
36ede
2f1b9
36edf
3b0e3
34547
37398
2f1bd
37944
3b691
3277a
2f28c
2f837
30fd8
3277b
2f839
2f290
38932
30758
2fb0c
330ee
3277d
2fb0e
37fbe
330f1
30848
33db8
35284
33ae3
2f29a
35285
34a04
39853
2f29d
2f29e
32e19
3277f
32780
36a26
2f2a1
34367
33ae6
38933
372a9
32784
380b1
333c6
2f2a8
34a05
2f2a9
34a06
38840
3436b
37b08
33dc0
33aeb
3af03
35289
372ab
2f2af
3af05
2f37d
2f929
301ad
2f380
32e1c
3084a
2f92d
2f383
32f0a
3029c
2f385
32b42
331e2
2f388
39398
2f38a
34456
38b16
33eab
30851
38b18
34dcc
2f38e
30854
31a3e
334b7
331e4
3362a
3739a
32873
37bf7
33eae
2f395
37947
37bf9
38a26
2f399
3362d
34dcd
3362e
34dce
2f39c
36b1a
3aff4
3445e
33eb3
2f39f
37b0e
37949
37b0f
2f3a3
2f560
3029e
3038f
2fa1d
331e5
3093b
32960
2fb0f
335a9
30392
2fcf1
332d3
2f479
3948a
2f47b
30395
34be6
2f47d
34549
34be7
2f47f
3546a
30399
391b5
320dc
2f483
37fc1
33f9e
3748c
3371d
2f486
3454c
32967
37cea
2f489
2f48a
33000
33fa1
3546b
33fa2
3546c
33721
36ee2
2f48f
37bff
34551
34beb
2f492
37cee
2f494
381a6
32a50
30481
2f83c
333c8
2f565
2fb11
312ae
32a52
2fb13
2f569
3865c
30484
2fde7
30485
30486
3380c
34fae
30488
38cfb
34faf
3048a
392a7
38cfd
39b2a
32a54
324a6
2f576
3463c
37dda
34091
32a58
38387
36cfd
2f57a
32a5b
32b45
3b876
3463f
37cf0
34640
38297
34095
37580
33814
2f582
37ddf
34fb3
36cff
3b1da
37de1
3856e
2f654
30df6
31feb
2f656
2fc02
2fed8
2f659
32b47
30575
2fc06
2f65c
32c35
38389
334bc
30664
33bd4
3564c
338ff
2f662
3564d
34820
3966f
2f665
2f666
32c36
3259b
3259c
36dee
2f669
34183
33902
3874f
370c5
325a0
3847a
331e8
2f670
34821
2f671
34822
3865f
34187
37ed0
33bdc
33907
3ad1f
35651
370c7
2f677
3ad21
2f746
32d29
300bd
2f748
32f10
335ae
2f74b
30c11
2ffcb
2f74d
39760
32c3a
3847b
335af
30762
33cc6
3573e
339f1
2f754
3573f
34912
39761
2f757
2f758
32d2a
3268d
3268e
36934
2f75b
34275
339f4
38843
371b7
32692
37fc3
332da
2f762
34913
2f763
34914
38751
34279
37a1a
33cce
2f766
37ed5
35743
371b9
2f769
37ed7
2f83f
2fcf9
30671
30d05
2fdeb
2f844
38ee2
2f846
30d08
34fb4
2f848
34917
34fb5
2f84a
35832
30d0c
39b2c
339fa
36fd6
32d30
380b7
34371
32d32
38661
380b9
38ee4
2f854
3491b
3b4ae
3785b
3409e
3528d
3409f
3528e
2f858
37fc5
3491f
34fb9
2f85b
3b4b1
2f932
2fedb
30764
2f935
39ef0
333ce
38663
2f939
34a08
390c5
34461
30dfd
390c7
3537e
2f93d
30e00
32e21
34a0a
2f940
3794b
33be1
2f942
34a0c
32e25
38754
37de6
34465
381ac
370cb
2f948
350a9
2f949
350aa
38ee5
34a10
34469
2f94c
380c0
381af
38ee6
2fa25
2ffce
31768
30ee8
32f12
30857
30a2f
34552
35a14
33cd1
2fa2d
35a15
3519a
39fe3
2fa30
2fa31
34554
3829a
371bb
32f15
3829c
34556
2fa35
32f18
335b1
33cd5
37492
33635
3b693
34b00
381b0
34b01
38756
3455a
33cd9
3b694
35a19
2fa40
38757
33003
2fb18
30fd9
30a31
300c2
2fb1b
30a32
33dc2
35560
30a34
392aa
35561
30a36
39855
392ac
3a0d6
33dc4
37582
33725
2fb25
34bef
33dc6
38c0d
2fb28
2fb29
33726
372ae
2fb2b
38391
3464a
35b09
3464b
35b0a
33dca
2fb2f
38392
35565
382a5
2fb33
2fcfa
3048d
30b22
301b3
2fc0c
38cfe
2fc0e
30b25
34dd0
2fc10
34733
34dd1
2fc12
35bfa
30b29
39948
33816
3739e
32b4c
3847f
3418d
32b4e
38a29
38481
38d00
2fc1c
34737
3b2ca
37677
33eba
35655
33ebb
35656
2fc20
38395
3473b
34dd5
2fc23
3b2cd
2fcfb
302a4
31492
311be
32c3c
30581
30d0e
3427c
35cea
33fa7
2fd03
35ceb
34ec4
39d0d
2fd06
2fd07
3427e
37fc8
36ee5
32c3f
37fca
34280
2fd0b
32c42
332dc
33fab
37768
3390b
3b3bd
3482a
38486
3482b
38a2c
34284
2fd13
38487
35cef
3b3bf
38a2d
332dd
2fdef
3039f
31b31
3185c
38b1f
2fdf4
34ec8
39b2d
34921
312b6
39b2f
35838
2fdf8
312b9
332de
34922
2fdfb
37587
34651
2fdfd
34ecc
332e2
38c12
33fb2
37588
33a01
3ba5c
34ece
38574
34ecf
38b20
34928
34657
3ba5d
35de1
2fe08
38b21
333cf
2fee2
3194d
313a5
30d11
313a6
34a12
35ece
34195
2fee8
35ecf
3565a
3a49d
2feeb
2feec
34196
38758
340a3
333d2
3875a
34a16
2fef0
333d5
33af2
34fbf
2fef3
3875d
34a18
35ed1
34a19
35ed2
3419c
2fef7
3875e
3592d
38671
2fefb
300c3
30e01
30eea
30584
2ffd6
30eec
34286
35a1a
30eee
39766
35a1b
30ef0
39d0f
39768
3a590
33be8
3776a
33637
2ffe0
350af
3428a
390c9
2ffe3
2ffe4
34b09
3bc3f
3776d
3428c
35a1d
3428d
35a1e
2ffe8
38761
350b5
3574f
2ffeb
3bc42
300c4
30674
30948
300c7
3a680
300c9
30fdf
35290
300cb
3519f
35291
300cd
360b4
30fe3
39e02
33728
351a0
335b5
3893d
34bf9
335b7
38ee7
3893f
391bc
3437d
38940
33cdd
300d8
35293
300d9
35294
390cb
351a6
34bff
300dc
38854
38943
390cc
301b7
30767
31ef9
31678
38ee9
301bc
34ce4
39949
3473d
310d3
3994b
35c00
301c0
310d6
330fa
3473e
301c3
3794f
3446d
301c5
34ce8
330fe
38fda
33dce
37950
3381d
3b878
34cea
38944
34ceb
38eea
34744
34473
3b879
361a9
301d0
38eeb
30b2b
311c0
3085a
302ac
311c2
3455c
35cf0
311c4
39a3c
35cf1
311c6
39fe5
39a3e
3a2ba
33ebe
37494
3390d
302b6
34dd9
34560
393a1
302b9
302ba
34833
3b969
37497
34562
35cf3
34563
35cf4
302be
3857e
34837
35479
302c1
38a39
303a1
3094b
320df
31e09
390cd
303a6
3547a
3a0d9
34ed3
31862
3a0db
35de4
303aa
31865
3372c
34ed4
303ad
37c04
34ed5
3638b
34ed6
3638c
34c05
38c18
35480
35de7
37c06
303b5
30a3c
312bc
30495
3aa48
30497
31953
35c04
30499
3556d
35c05
3049b
3647c
31957
3a1ca
340a6
3556e
3381f
38d09
3556f
38c1a
35570
391c0
34fc9
304a3
38c1b
3647f
38d0b
391c1
313ad
31496
30b30
30588
31498
34838
35fc6
3149a
39d12
35fc7
3149c
3a2bb
39d14
3ab3c
3419e
37de7
33bed
30592
35cf9
30593
35cfa
39b31
35663
3483e
30596
38d0e
30598
39b32
30678
31b32
31589
30ef5
31679
351a8
3665e
3492b
3067e
3665f
3583e
3ac2d
30681
30682
3492c
38eec
34291
3492d
360bb
3492e
360bc
30686
37edb
351ae
35841
30689
38e01
30769
30d13
324a7
31c25
39495
3076e
35296
39ef5
34cef
3167f
39ef7
361ac
30772
31682
33af4
34cf0
30775
37a20
34cf1
36753
34cf2
36754
34a21
38fe0
3529c
361af
37a22
3077d
30e04
310d8
3085d
3a864
3085f
3176f
35a20
30861
35389
35a21
30863
36844
31773
3a592
33ec2
3538a
3363b
38b29
3538b
38fe2
3538c
39588
34de5
3086b
38fe3
36847
38b2b
39589
31775
31e0a
30ef8
30950
31e0c
351af
3638e
31e0e
3a686
3638f
31e10
3ac2f
3a688
3af08
34b15
381b4
34569
3095a
360c1
3095b
360c2
39ef9
35a2b
351b5
3095e
390d2
30960
39efa
30a40
324a8
31efe
31869
31eff
35573
36a2a
34cf6
30a46
36a2b
361b2
3aff9
30a49
30a4a
34cf7
392b4
34c08
34cf8
36483
34cf9
36484
30a4e
382a8
35579
361b5
30a51
391c9
30b31
310db
32878
31fef
3985d
30b36
35c0a
3a2bd
35666
31a48
3a2bf
36574
30b3a
31a4b
33ec4
35667
30b3d
38399
35668
36b1f
35669
36b20
34dec
393a8
35c10
36577
3839b
30b45
311cc
314a0
30c25
3b1dc
30c27
31b38
35de8
30c29
35cfd
35de9
30c2b
36c10
31b3c
3a95a
34292
35cfe
33fb7
39499
35cff
393aa
35d00
39950
3575c
30c33
393ab
36c13
3949b
39951
31591
31c27
312c0
30d18
31c29
34fcb
36756
31c2b
3a4a2
36757
31c2d
3aa4b
3a4a4
3ad24
34931
37fd0
34385
30d22
35edd
30d23
35ede
39d15
35847
34fd1
30d26
3949e
30d28
39d16
30e08
322c4
31d1a
31685
31e13
3538f
36df2
350be
30e0e
36df3
35fce
3ae15
30e11
30e12
350bf
390d4
34a24
350c0
3684b
350c1
3684c
30e16
380c4
35395
35fd1
30e19
39591
30ef9
314a3
32c43
3296c
39c25
30efe
35fd2
3ac31
35a2e
323bd
3ac33
36940
30f02
323c0
34294
35a2f
30f05
38765
35a30
36eeb
35a31
36eec
35763
39770
35fd8
36943
38767
30f0d
31594
31e15
30fed
3b5a4
30fef
324ae
3675c
30ff1
360c5
3675d
30ff3
36fdc
324b2
3ad26
34c09
360c6
34387
39861
360c7
39772
360c8
39d18
35b24
30ffb
39773
36fdf
39863
39d19
31f06
31ff1
31688
310e0
31ff3
35396
36b22
31ff5
3a86a
36b23
31ff7
3ae17
3a86c
3b698
34cfc
38948
34750
310ea
36851
310eb
36852
3a689
361bb
3539c
310ee
39866
310f0
3a68a
311d0
32695
320e4
31a4e
321d4
35d03
371be
35489
311d6
371bf
36396
3b789
311d9
311da
3548a
39a44
34def
3548b
36c17
3548c
36c18
311de
38a3c
35d09
36399
311e1
39959
312c1
3186b
3300b
32788
39fed
312c6
35dee
3aa4d
3584a
321da
3aa4f
36d08
312ca
321dd
3465c
3584b
312cd
38581
3584c
372b3
3584d
372b4
3557f
39b38
35df4
36d0b
38583
312d5
3195c
31c31
313b5
3b3c0
313b7
322ca
36578
313b9
35ee1
36579
313bb
373a4
322ce
3b0ee
34a25
35ee2
341a3
39681
35ee3
39b3a
35ee4
3a0e0
35940
313c3
39b3b
373a7
39683
3a0e1
322d0
3296d
31a51
314a8
3296f
35d0a
36eee
32971
3b1e2
36eef
32973
3b78b
3b1e4
3ba61
35673
38d10
350c7
314b2
36c1d
314b3
36c1e
3aa51
36583
35d10
314b6
39c2a
314b8
3aa52
31598
3300c
32a61
323c4
32a62
360cb
3758a
35851
3159e
3758b
36d0e
3bb52
315a1
315a2
35852
39e0c
35766
35853
36fe3
35854
36fe4
315a6
38e04
360d1
36d11
315a9
39d21
31689
31c34
333d6
32b53
3a3b5
3168e
36762
3ae19
361be
325ab
3ae1b
370d4
31692
325ae
34a27
361bf
31695
38ef5
361c0
3767f
361c1
37680
35947
39f00
36768
370d7
38ef7
3169d
31d25
31ffb
3177d
3bd35
3177f
3269b
36944
31781
36855
36945
31783
37770
3269f
3b4b6
34df0
36856
34b1a
39ff1
36857
39f02
36858
3a4a8
362b4
3178b
39f03
37773
39ff3
3a4a9
320ec
3278a
31e19
31870
3278c
35b26
372b6
3278e
3affe
372b7
32790
3b5a7
3b000
3b87d
3548f
38b2c
34ee3
3187a
36a39
3187b
36a3a
3a86d
3639f
35b2c
3187e
39ff6
31880
3a86e
31960
32e28
3287d
321e0
32976
35ee7
37952
35c19
31966
37953
36b2a
3b96e
31969
3196a
35c1a
39c2c
35582
35c1b
373ab
35c1c
373ac
3196e
38c20
35eed
36b2d
31971
3a0e9
31a52
31ffe
31a54
32f1d
3363c
371ca
32f1f
37c08
3363e
31a59
36b2f
37c09
3b790
36587
3a1d4
36588
3a77e
371cf
34df2
36589
31a60
392bd
3658a
31a62
3a1d6
31a64
3b002
31b45
37cf9
31b47
33011
36c20
31b49
37591
33013
3b2d4
36678
33015
33016
35dfe
37593
35dff
37594
33733
31b51
35e00
3a3b8
35d12
35e01
3a3ba
36c26
3a3bb
3a871
32a69
33101
3a961
31c3a
36769
3b3c5
373af
31c3c
37684
35eef
31c3e
31c3f
33823
373b1
33824
373b2
31c42
3a3bd
35857
394a0
352ae
31c45
394a2
3676f
394a3
31c49
322d3
32c47
325b0
32d38
35fe0
37774
33913
3ba62
36ef6
32c4c
3b4b9
3ba63
31d32
36e06
31d33
36e07
3ad2b
37779
3539f
36e08
350c9
3a59d
36e09
35fe6
31d39
3a4b1
31e1a
323c6
31e1c
32d3a
33a04
36fe6
32d3c
37a24
33a06
31e21
3694b
37a25
3b5ac
363a3
3a5a0
363a4
3ab46
36feb
351ba
363a5
31e28
390d9
363a6
31e2a
3a5a2
31e2c
3ae1e
31f0d
37b15
31f0f
32e2d
36a3c
31f11
37959
32e2f
3b69c
36494
32e31
32e32
361c6
3795b
361c7
3795c
33afb
31f19
361c8
3a1d8
35b2e
361c9
3a1da
36a42
3a1db
3ac39
32e33
32001
334cb
36b35
32003
3777b
334cd
3bd3b
36b36
334cf
334d0
33bf3
3777d
33bf4
3777e
33647
3200b
36866
3a872
361cc
36867
3a874
370e4
3a875
3ad2f
32f25
320f3
335be
36c27
320f5
3786d
335c0
3b881
36c28
335c2
335c3
33ce5
3786f
33ce6
37870
33739
320fd
363ac
3a964
362be
363ad
3a966
371d6
3a967
3ae21
33017
321e5
33104
36d19
321e7
3795f
33106
3b973
36d1a
33108
33109
33dd7
37961
33dd8
37962
3382b
321ef
3649e
3aa56
35e04
3649f
3aa58
372c8
3aa59
3af13
32b5d
322d7
331f6
36e0b
322d9
374a5
331f8
3ba65
36e0c
331fa
331fb
33ec9
374a7
33eca
374a8
3391d
322e1
36590
3ab48
35ef6
36591
3ab4a
373ba
3ab4b
3b005
32c4f
323c9
332e8
36951
323cb
37597
332ea
3bb57
36952
332ec
332ed
33fbb
37599
33fbc
3759a
33a0f
323d3
36682
3ac3a
35fe8
36683
3ac3c
36f00
3ac3d
3b0f7
32d41
324bb
333da
36a43
324bd
37689
333dc
3bc49
36a44
333de
333df
340ad
3768b
340ae
3768c
33b01
324c5
36774
3a784
360da
36775
3a786
36ff2
3a787
3b1e9
333e0
325b4
36e12
325b5
36e13
3bb5a
341a6
361cd
37690
3594e
3ae23
37691
36e16
325bb
3ad33
326a4
334d3
33ce8
37780
33ce9
37781
33a12
326a9
3695a
3af14
3686a
3695b
3af16
37784
3af17
3b3cd
335c4
32798
36a4a
32799
36a4b
3bd3e
3438a
35e05
37874
35b32
3b007
37875
36a4e
3279f
3af1b
32888
3310b
33ecc
37964
33ecd
37965
3364a
3288d
36b3e
3b0f8
364a2
36b3f
3b0fa
37968
3b0fb
3b5b1
331fc
3297c
36c2e
3297d
36c2f
3b976
3456e
35fe9
374ac
35d16
3b1eb
374ad
36c32
32983
3b0ff
32a6c
332ef
340b0
3759c
340b1
3759d
3382e
32a71
36d22
3ad34
36686
36d23
3ad36
375a0
3ad37
3b795
33ecf
37693
33830
373c1
33831
373c2
32b63
3a3c1
373c4
33ed1
32b66
3a3c2
3b887
32b69
33fc1
37785
33922
36f07
33923
36f08
32c55
3a4b3
36f0a
33fc3
32c58
3a4b4
3b979
32c5b
340b3
37877
33a14
36ff9
33a15
36ffa
32d47
3a5a5
36ffc
340b5
32d4a
3a5a6
3ba6b
32d4d
33bf9
37969
33b06
370eb
33b07
370ec
32e39
3a697
370ee
33bfb
32e3c
3a698
3bb5d
32e3f
33ceb
374af
3364c
371dd
3364d
371de
32f2b
3a1dd
371e0
33ced
32f2e
3a1de
3bc4f
32f31
33ddd
375a1
3373e
372cf
3373f
372d0
3301d
3a2cf
372d2
33ddf
33020
3a2d0
3bd41
33023
33de0
3796e
33835
34d03
33836
372d3
3310f
3a96d
33de4
34482
33112
3a96e
382ad
33115
33ed2
374b4
33927
34df5
33928
373c5
33201
3aa5f
33ed6
34574
33204
3aa60
3839f
33207
33fc4
375a6
33a19
34ee7
33a1a
36f0b
332f3
3ab51
33fc8
34666
332f6
3ab52
38491
332f9
340b6
37698
33b0b
34fd9
33b0c
36ffd
333e5
3ac43
340ba
341ac
333e8
3ac44
37fd7
333eb
33bfc
3778a
33651
350cb
33652
370ef
334d7
3a789
33c00
3429e
334da
3a78a
380c9
334dd
33cee
3787c
33743
351bd
33744
371e1
335c9
3a87b
33cf2
34390
335cc
3a87c
381bb
335cf
34c13
37c10
33749
3b100
33658
3bd4c
3a2d3
3365a
33b0f
3bc58
3365d
3a78c
3d2bc
3b6ae
33b13
3d2be
33661
350cd
3bc5b
34b24
33c03
37791
33664
370f2
37793
33666
3b7a2
37795
33668
3a4b6
3bc5c
39f0b
4451f
3a790
33c0b
44520
3bd50
3779b
3a4b8
3bc5f
39f0d
3ff2b
3a1e2
3ff2c
3a1e3
44523
3bc61
33c13
34575
37b21
33cf4
374ba
34b27
380cb
34484
33678
373c7
3b890
36b48
33edb
3b011
37b24
3b6b2
34489
3367d
381bd
3448b
3367f
403e7
38493
33ee2
3b6b3
33ee3
37c19
3d684
3b7a3
33685
3d686
38495
403eb
3c768
33688
33689
371e5
3b014
36b4a
36a53
3b015
3368d
3b7a5
374be
3a880
371e9
3a881
371ea
3b7a6
3a1ea
371ec
3ba78
3b1f3
371ee
33695
371f0
3fd46
3a971
43f76
3b7aa
33699
3ce05
371f4
43f78
3fd4b
39f10
3b6b7
39961
3f97f
39c34
3f980
39c35
44249
3b6b9
374cb
3a1ee
3bc65
3b017
37b28
336a5
3b104
3d3b2
3bd53
37c1f
44527
3d3b5
3a1ef
3fc54
3b106
4424b
3b018
3a79b
403ef
3bdf5
3a1f3
336af
3fc56
3a1f5
43f7e
3b107
3a79c
336b3
3ce08
336b4
3fa71
336b5
403f2
3bee8
3b7b2
3fd4e
3b7b3
3fd4f
3bee9
3bdf8
43f82
3d3ba
403f5
3c584
403f6
3c585
336c0
43f85
3fc59
3374e
3b2e4
37d03
3b2e5
3383c
3cef5
3a975
3383e
34391
37ee7
33cf6
37882
36c37
3ae32
363b6
33757
382ae
37886
33759
3b2e8
37888
3af1c
33cfd
3af1d
33cfe
3bd57
3a889
33d00
3375f
33d02
3af1e
33761
3af1f
33762
3b7b4
33763
4001f
33d06
4406a
33766
372d5
3bd5c
34c18
33fc9
35495
33769
34eea
34579
3b108
33fcc
374cd
37c23
33fce
3a88d
3376e
3b10b
3457e
33770
382af
34580
33fd3
404da
3a2d9
404db
33775
3bb68
34585
3d777
37d0d
33778
3c859
34588
404de
3c85b
3668b
3a2da
35e0a
375ae
3a2db
36b4e
375af
33780
3a000
3b7b9
39a51
43ab8
3a2dd
372dd
43ab9
3ad39
372df
43aba
3b2ee
375b7
3b2ef
33789
3fe39
372e4
3c94a
3ad3c
43abd
3c94c
372e7
375b8
3a978
3378f
3a979
33790
3b1f8
33791
3fa79
375bc
43ac1
33794
3b10e
33795
404df
3bd60
3a3c6
3b899
37d10
3cef9
3bfd6
37d12
3379b
3b7c1
3379c
3fd53
3a2e4
3379e
3bd61
3a2e6
4406e
3bef2
3b7c5
4406f
3fa7f
3a3c7
3cefc
3bef3
3b2f5
3fe3e
3c673
437e5
3bfd9
337a8
43ac6
3c950
44072
3c951
337ab
44073
3bef5
337ae
3bfdd
44075
3fb66
44076
3fb67
3fd56
337b3
3392b
3484c
33841
3aa66
3cfe6
3b3dc
3392f
3cfe8
33845
34d05
3b89c
3475c
33de9
37977
33848
372e9
37979
3384a
3b3dd
3797b
3384c
3a69a
3b89d
3a0ef
44157
3a97e
33df1
44158
3b989
37981
3a69c
3b8a0
3a0f1
4010f
3a3c8
40110
3a3c9
4415b
3b8a2
33df9
341ad
37d13
33ee5
3769e
3475f
382b1
3466a
3385c
36fff
3ba7c
36d2c
340bf
3b1ff
37d16
3b2fd
3466f
33861
380cc
34671
33863
405cb
380cd
340c6
3b2fe
340c7
37dfe
3d868
3b3df
33869
3d86a
380cf
405cf
3c3a0
3386c
3386d
373cb
3b202
36d2e
36c3f
36d30
33871
3b3e1
376a2
3aa68
373cf
3aa69
373d0
3b3e2
3a3d0
373d2
3bc6d
3ae34
373d4
33879
373d6
3ff30
3ab55
43bae
3b3e6
3387d
3ca3d
373da
43bb0
3ff35
3a0f4
3b302
39b45
3fb69
39e18
3fb6a
39e19
4442d
3b304
376af
3a3d4
3b8a6
3b205
37d1a
33889
3ad41
3cfea
3b98c
37e04
4415f
3cfed
3a3d5
3fe44
3ad43
4442f
3b206
3a989
405d3
3bfe3
3a3d9
33893
3fe46
3a3db
43bb6
3ad44
3a98a
33897
3ca40
33898
3f6a9
33899
405d6
3c0cc
3b3ee
3ff38
3b3ef
3ff39
3c0cd
3bfe6
43bba
3cff2
405d9
3c76e
405da
3c76f
338a4
43bbd
3fe49
33932
3b4cc
37ee9
3b4cd
33a20
3d0d9
3ab59
33a22
341af
37e06
33c15
3567a
36e1b
3b30d
341b2
3393b
37eeb
341b4
3ad47
33c1a
406ba
37eec
33c1c
38768
37eee
341b9
33942
3aa6f
33943
33ee6
374ce
33945
34dfa
3659b
3aa70
33ee9
374d1
37c29
33eeb
3ba81
37ef0
33eed
3aa71
3394c
3a1f7
3394d
3b992
374d8
3394f
4424f
33951
3aa74
3fc5a
3a1f9
44250
3aa75
406be
3b3f3
33955
3fc5e
3fc5f
34851
3b3f4
342a2
33959
3bd65
341bd
3d95b
37ef3
3395c
3c491
341c0
406c2
3c493
36871
3a4c2
35fee
3779f
33962
3aa78
377a0
33964
39c3c
3b3f5
39689
43c9c
3a4c5
36f17
43c9d
3af25
36f19
43c9e
3b4d6
377a8
3b4d7
3396d
40023
36f1e
3cb2e
3af28
43ca1
3cb30
36f21
377a9
3ab5c
33973
3ab5d
33974
3ae39
33975
3f6b1
377ad
43ca5
33978
3ad4b
33979
406c3
3b999
3a5ae
3ba85
37ef6
3d0dd
3c1ba
37ef8
3397f
3b3fd
33980
3ff3d
3a4cc
33982
3b99a
3a4ce
44256
3c0d6
3b401
44257
3f6b7
3a5af
3d0e0
3c0d7
3b4dd
40028
3c85d
439c9
3c1bd
3398c
43caa
3cb34
4425a
3cb35
3398f
4425b
3c0d9
33992
3c1c1
4425d
3f79e
4425e
3f79f
3ff40
33997
33b15
34a30
33a25
3ac4a
3d1ca
3b5c2
33b19
3d1cc
33a29
33d09
3576b
33a2b
351c2
342a6
3ae3f
33d0c
377b0
37a31
33d0e
3885a
37a33
33d10
33a32
3a5b0
3ba88
37efc
33d13
40202
3a5b1
40203
34941
33fd9
375c1
33a38
36f22
3b404
36964
33fdc
375c5
33a3c
3b5c4
375c7
33a3e
3a2ea
3ba8b
39d2b
4433f
3ab64
33fe3
44340
3bb75
39d2c
3b7cb
33fe6
3b7cc
33fe7
3ba8f
33fe8
40205
3ab68
33a48
340c8
3788e
33a4a
37002
37a37
3d4a0
3b5c5
33a4d
3d4a2
382b5
40207
3c58a
33a50
33a51
37003
3ae43
36966
36967
36e24
33a55
3b5c7
37893
3ac4c
37007
3ac4d
37008
3b5c8
3a5b8
3700a
3b8ae
3b023
3700c
33a5d
3700e
40114
3a79e
43d92
3b5cc
33a61
3cc21
37012
43d94
40119
39d30
3b4ea
3977d
3f7a1
3a004
3f7a2
3a005
44079
3b4ec
378a0
3a6a0
3bb77
37a3c
3d1cf
3c2ac
37a3e
33a6e
3ae45
33a6f
4020a
3ba93
3a5bd
4002e
3af2f
4407b
3ae47
3ab6d
4020b
3c1c7
3a5c1
33a77
40030
3a5c3
43d9a
3af30
3a79f
3f88c
3a7a0
4011b
3ab6e
33a7d
4020e
3c2b0
3b5d4
4011c
3b5d5
4011d
3c2b1
3c1ca
43d9e
3d1d6
40211
3c3a6
40212
3c3a7
33a88
43da1
40033
34a31
3b5d6
34499
33b1d
33dfb
352b1
34a34
37fde
34398
33b21
372eb
3bd6b
37a41
33e00
3ac52
33b24
3af34
3439d
33b26
383a4
3439f
33e05
402f4
3a6a3
402f5
34a35
340cb
376b3
33b2c
37014
3b4f6
36a58
340ce
3bc72
37b30
340d0
3bc73
39e1c
3b30f
376ba
3b310
376bb
33b34
3bb80
376bd
340d6
39e1e
3b311
340d8
3b312
340d9
3bb82
340da
402f7
3ac5a
33b3c
343a2
3c678
37b32
44437
3c67a
343a5
3d595
3b6cb
44438
3d597
36a59
3ac5b
364aa
33b45
3696a
3af36
37b34
370fa
3a6a8
33b49
39e21
33b4a
3b5dc
3798a
33b4c
3b6ce
3798c
33b4e
43e83
33b50
3cd10
37103
435ff
3b11c
3fc62
3b9a3
33b54
3fc64
3cd15
3986e
3ad54
37990
3ad55
37991
3b5df
37992
43e88
3a6ad
33b5b
37a44
3b5e1
37a45
33b5e
3c2b6
3a7a5
3bdfa
3b6d4
33b61
3d2c2
3bdfd
3a0f8
3f898
3a0f9
43e8a
3a7a6
33b66
3c2b7
3b5e4
33b68
402fe
3b5e6
3a6b4
402ff
3b5e8
33b6c
3cd16
33b6d
3f98b
33b6e
4443c
3d2c5
3b6d8
33b71
3f98c
33b72
3f98d
3bc79
33b74
43e90
3d2c9
3c2bd
33b78
3fc6a
33b79
3fc6b
40305
3f89d
351c3
37f01
33d17
3ae48
33c26
3bd6e
3a89a
33c28
340dd
350d2
33c2b
3a7a7
3d86e
380d4
340e1
3d870
33c2f
3aa7d
3c0da
3a7a9
40990
3ad5a
341c7
3b9a5
341c8
406d0
3c0df
350d3
38678
34a38
33c37
381c7
34a3a
33c39
380d6
3bc7f
37e16
40993
380d7
344a1
40994
381c9
344a3
33c3f
34a42
3cd1c
37c2e
40996
3bd6f
33c43
3dc33
3bd70
40998
3dc35
33c47
3ad5d
37c2f
3d3bc
3b7ce
33c4a
3bef8
377b4
43cb1
3bd73
33c4d
33c4e
3ad5e
33c4f
3c3a9
3ad5f
33c51
406d3
3a89b
3c49a
381cf
33c54
406d4
3c3ac
3bd76
33c57
4099b
3b6de
403f8
3be05
33c5a
3c3ad
3be06
33c5c
3ff45
3bc87
33c5e
4453b
3b6e0
3af3c
3d3c2
3af3d
40035
3bd78
40036
3bd79
40037
3c4a0
33c65
4453e
406da
3be09
3cb3c
409a1
3cb3d
3c3b0
409a2
3d96c
406dd
33e07
34d0a
33d1d
3a98b
3d4a6
382b8
33e0b
3d4a8
33d21
3ab6f
3c1cc
3a89d
40a82
3ae4e
342b9
3ba97
342ba
40216
3c1d1
351c5
3876b
34b2a
33d29
382b9
34b2c
33d2b
381d3
3bd7e
37f0b
40a85
381d4
34593
40a86
382bb
34595
33d31
34b34
3ce0e
37d20
40a88
3b8b5
33d35
3dd25
3b8b6
40a8a
3dd27
3a8a1
3710b
37d21
3cf02
3b314
33d3c
3bfea
378a6
43da3
3b8b9
33d3f
33d40
3af40
3d4aa
3b8bb
37a4c
33d43
3ae52
33d44
3c4a5
3ae53
33d46
4021a
3c4a8
3b8bc
33d49
40a8d
3b7d2
404ea
3bf03
33d4c
3c4a9
3bf04
33d4e
4003d
3bd86
33d50
44081
3b7d4
3b02e
3cf08
3b02f
40127
3b8be
40128
3b8bf
40129
3c592
33d57
44084
40220
3bf07
3cc2e
40a93
3cc2f
3c4ac
40a94
3d4b2
40223
33ef9
3b9a6
33e0f
3aa7f
3d598
383aa
33efd
3d59a
33e13
3ac61
3c2be
3a98f
40b74
3af44
343ab
3bb89
343ac
40308
3c2c3
34d0b
3885d
34c1c
33e1b
382c5
3b8c4
37a51
40b76
37e1b
34683
40b77
382c6
34685
40b78
383ad
34687
33e23
34c26
3c954
37e1e
40b7a
3b9a9
33e27
3de17
3b9aa
40b7c
3de19
3a993
371fd
37e1f
3cff4
3b408
33e2e
3c0e2
37998
43e95
3b9ad
33e31
33e32
3af48
33e33
3c597
3af49
33e35
4030b
3aa81
3c67e
383b3
33e38
4030c
3c59a
3b9b0
33e3b
40b7f
3b318
405dc
3bff5
33e3e
3c59b
3bff6
33e40
4012f
3b8cc
33e42
44173
3b31a
3b120
3cffa
3b121
3fc6d
3b9b2
3fc6e
3b9b3
3fc6f
3c684
33e49
44176
40312
3bff9
3cd26
40b85
3cd27
3c59e
40b86
3d5a4
33e51
33feb
34eee
33f01
3ab71
3d68a
3849c
33fef
3d68c
33f05
3567b
38c23
34dfe
341cc
3aa83
33f08
3aa84
33f09
3849d
34766
33f0b
3849e
34768
33f0d
38a44
3476a
341d4
37b41
3b6e8
344a6
3b9b8
344a7
403fa
3a7b7
403fb
3b9b9
33f15
3476c
3ca46
37f13
40c6c
3ba9b
33f19
3df09
3ba9c
40c6e
3df0b
33f1d
3b039
37f14
3d0e6
3b4fa
33f20
3c1d4
374de
43f87
3ba9f
33f23
33f24
3b03a
33f25
3c689
3b03b
33f27
403ff
3ab73
3c770
384a5
33f2a
40400
3c68c
3baa2
33f2d
40c71
3b40c
406de
3c0ed
33f30
3c68d
3c0ee
33f32
3fc75
3b9c0
33f34
44265
3b40e
3b212
3d0ec
3b213
3fd5f
3baa4
3fd60
3baa5
3fd61
3c776
33f3b
44268
40406
3c0f1
3ce18
3c1dd
40407
3c690
40c78
3d696
40409
340e3
34fe0
33ff3
3ac63
3d77c
37fe2
340e7
3d77e
33ff7
3576d
38d15
34ef0
342be
3885e
37a57
342c0
3ab75
33ffc
3ab76
33ffd
384aa
3485a
33fff
407ae
384ab
342c6
37c39
3b7dc
34598
3baaa
34599
404ec
3a8ab
404ed
3baab
34007
3485e
3cb3e
37a59
407b2
3bb8d
3400b
3da4f
3bb8e
407b4
3da51
3400f
3b12b
37a5a
3d1d8
3b5f5
34012
3c2c6
375d0
43acd
3bb91
34015
34016
3b12c
34017
3c77b
3b12d
34019
404f1
3ac65
3c862
37feb
3401c
404f2
3c865
37fed
3401f
407b7
3b4fe
40224
3c1df
34022
3c77f
3c1e0
34024
3fd67
3bab2
34026
44357
3b500
3ad64
3d1de
3ad65
3fe51
3bb96
3fe52
3bb97
3fe53
3c868
3402d
4435a
3402f
407bc
3c95e
3c2cf
404f9
3c782
407be
3d788
404fb
343ae
3585d
340ea
352b4
34947
340ec
38951
34949
3b218
343b3
3b219
343b4
3b502
37ff1
343b6
38ef9
380df
3494f
3a3e2
3b8ce
37d2c
3bffb
37d2d
340f7
3b323
340f8
3bffe
3468e
37b4a
3db3e
38953
340fc
3cc32
34953
408a5
3cc34
340ff
34100
36f27
3b504
3b6ea
34103
3be11
376c1
3d2cc
3ae57
44445
3be14
376c4
37d2e
3b505
37d2f
3410a
3bba0
37d31
3410c
3ad66
3d872
3bc91
37e23
3410f
408a8
3c3b5
380e6
34112
3bba1
34113
3fe57
3a7b9
3d877
3b507
3bba2
408aa
3c2d3
3ac72
408ab
3c873
3bc93
3ff48
3be17
43bc1
3be18
405e8
3be19
4444b
3d878
3bc97
34120
3ff4c
34121
3ff4d
405eb
3c2d5
3d87a
405ec
3c874
408b1
3576f
37f16
342c9
3ae5a
341d8
38772
3ae5b
341da
3468f
3567e
341dd
3867f
3de1a
383bf
34693
3de1c
341e1
3aa90
3c692
3aa91
40c7a
383c1
40f3c
3ad6b
341e5
3c696
3c697
3567f
34a49
35efe
341e9
383c3
3bba8
37e2a
40f3e
381d9
34a4d
40f3f
38683
34a4f
40f40
38775
34a51
341f1
34fee
3e1dc
37f1a
40f42
38778
341f5
3d2d9
34ff2
40f44
3e1e1
341f9
3b32b
383c5
3bbac
383c6
37e2d
3c962
3a7ba
3c3bc
3ad72
341ff
3c3be
37e31
34201
40c80
384b2
3bc9b
37f1c
3df11
3ca54
37f1e
3d0f2
37f1f
3d96f
3c1e6
40c82
3ca55
37f22
40f49
3c965
3ca57
38687
3420d
40f4b
3c0f5
3420f
3c967
3bc9d
3b509
3d971
3c0f6
40f4c
34214
3d972
34215
3d973
3c969
34218
3ca5b
40f4f
342ce
37ff5
37a5d
3b50a
343bc
3da53
3b50b
343be
37c40
3b41a
34865
3bab5
34866
3b41b
34867
407c1
384b7
342d8
34b3a
35fef
342da
35a44
350d7
3ae60
34b3d
3ae61
34b3e
38b32
382cc
34b40
3bc9f
38781
34b42
390dc
38868
350df
38869
342e5
3e2cf
350e2
3d3ca
382ce
41035
3d3cc
350e5
376c7
3bca1
342ec
3af4e
3da56
3886d
37a63
407c5
3c2d6
4435f
3c5a1
342f1
3d1e6
342f2
40227
3da5a
37f27
3b420
37f28
342f6
3b421
37f2a
3c1ea
37f2b
40228
3c1ec
342fa
40229
3ca60
37ffa
342fd
407cb
3ca62
3cb4a
3a8ad
4022a
3b423
3af4f
3da5d
3c5a3
44360
34305
407cc
3c5a4
3c2db
4022d
3ca64
407ce
3da5e
4022f
344ab
353a8
343c1
38955
3db44
380e9
344af
3db46
343c5
3af50
343c6
3c877
34958
3b222
343c8
3b223
343c9
3c87a
3c87b
352b7
38e09
351c8
343cd
37ffe
3bd90
37a6c
41122
383c9
34c31
41123
38872
34c33
41124
38959
34c35
343d5
351d2
3e3c0
37b54
41126
3895c
343d9
3cf11
351d6
41128
3e3c5
3af54
377ba
38000
3bd94
38001
37a6f
3cb50
3a99e
3c5a6
3af58
343e3
3c5a8
37a73
343e5
408b8
380ea
3b8d3
37b56
3db49
3cc38
37b58
3d2dc
37b59
3d5a7
3be1e
408ba
3cc39
37b5c
4112d
3cb53
3cc3b
38876
343f1
4112f
3c2df
343f3
3cb55
3b8d5
3b6ed
3d5a9
3be20
4031e
3be21
343f8
3c2e1
41131
3cb57
343fc
3cc3f
41133
344b2
381dd
37c43
3b6ee
345a0
3dc37
3b6ef
345a2
34d0d
38962
34779
361d4
37b5d
3b600
34d10
3b601
34d11
344bc
38d19
34d13
344be
3b8d8
34d15
344c0
41215
344c2
3b046
344c3
3c3c3
34a55
3ad77
344c5
3ad78
344c6
3c3c6
3c3c7
38a4d
344c9
3e4b3
34d1a
3d002
384c1
41219
3d004
34d1d
378ab
3b8d9
344d0
3b049
344d1
3cc41
3b04a
344d3
3b9c6
344d4
3c69f
3b04d
4121c
3cc43
3b04f
344d8
3b134
3dc3a
38a51
37c49
409ad
3bf0e
44543
3c78b
344dd
3d3d0
344de
4040d
3dc3e
380f5
344e1
409b1
3cc46
3cd2e
3aa93
4040e
3b609
3b135
3dc41
3c78d
44544
40410
3be27
3c78e
409b3
3c78f
3cc48
409b4
3dc42
40413
34695
3558c
345a5
3858d
3dd28
382d1
34699
3dd2a
345a9
35d19
392c1
3549c
3486c
38a55
345ac
381e4
345ad
3858f
34e04
345af
38a56
34e06
345b1
40d5a
38a57
34874
37c51
3c4ba
37c52
40d5d
381e6
3bd97
37f30
3c4bd
381e7
345b9
34e0a
3dff8
37d38
40d5e
38594
345bd
3d0fb
34e0e
40d60
3dffd
3b13a
374e2
381e8
3b9ce
381e9
37c55
3cd34
3ab84
3c790
3b13e
345c7
3c792
37c59
345c9
40a9e
382d2
3bab9
37d3a
3dd2d
3ce1c
37d3c
3cf14
37d3d
3d78b
3c002
40aa0
3ce1d
37d40
40d65
3cd37
3ce1f
38599
345d5
40d67
3bf17
345d7
3cd39
3babb
3b331
3d78d
3bf18
40d68
345dc
3d78e
345dd
3d78f
3cd3b
345e0
3ce23
40d6b
3469c
3585f
34ef3
3859a
3495f
3859b
3469f
382d6
346a0
38688
34ef7
346a2
38689
34ef9
346a4
38c29
34efb
34c37
3af5d
346a7
3af5e
346a8
3b22a
346a9
3c5af
34c3b
40b8c
346ac
3d1ea
34efd
40b8e
380f8
3e0ec
38eff
346b0
3e0ee
3d1ef
375d5
346b3
37d45
3b7ea
37d46
346b6
3b7eb
37d48
3c006
37d49
405ee
3c008
346ba
405ef
3ce28
37e37
3b332
346bd
3c96b
38691
346bf
3c3c8
346c0
3d007
37e3c
3d87e
37e3d
346c3
40b93
3b7ec
383cf
346c6
40e58
3de24
3bbb3
408c3
3bbb4
3b234
346cb
3d009
346cc
40b96
3c887
3d00a
40e5b
3d00b
3de26
405f6
3ce2c
40b99
35d1b
384c2
34877
38d1d
34786
3b9d2
384c4
34788
34c3d
38c2a
3478b
3896a
3e3c6
3b335
34c41
3e3c8
3478f
3896c
3cc4a
380fb
41226
3896d
414e8
3b337
34793
3cc4e
3cc4f
34796
35eff
39a54
35c2c
34ff7
3896f
34799
38c2f
35594
3479b
38970
3479c
38d20
35597
3479e
392c2
35599
3559a
3e788
384c6
414ee
38d24
347a3
3d885
3559e
414f0
3e78d
38971
3cf1a
3cf1b
3b33b
37e41
3c6a4
37e42
3b428
347ab
3c975
37e44
3e4bd
38c33
38973
414f2
3c6a6
383dc
4122b
3b340
383de
414f4
38d27
384c9
4122d
3c796
40414
3ca67
347b7
3d6a0
347b8
40c90
3e4c1
38974
347bb
41231
3e4c3
3c799
40415
3c978
347bf
3c79a
40c93
3c79b
347c2
40c94
3d014
3e4c5
3487b
385a1
35862
38009
3bac5
37f32
3487f
38e10
3e001
381ec
3b9d5
37c5c
3cd3d
384cf
3cd3e
384d0
415db
3b9d7
34e15
35681
35d1d
350e8
3659e
3488a
384d1
3b9d8
37e46
350eb
415dc
384d2
415dd
38877
350ee
415de
38e13
350f0
34892
3d974
3568d
40d70
38879
3e87c
390e1
34896
3e87e
3d979
384d3
3b9da
38d2f
37e4a
3489b
38e18
3e002
3ae6d
41042
3c79d
3489e
3d0ff
385a5
348a0
3e005
3bbb5
3da60
3c889
407d3
3cb5a
415e4
3e006
3d103
348a6
3d019
3b431
348a8
3ca6e
3b433
415e7
3d01b
3b435
348ac
40d76
3d01d
3d105
3bbb6
3da63
3c7a0
415ea
348b2
3da64
348b3
3da65
3d01f
348b6
40d7b
3e00b
3496e
38693
37a77
3b60c
34a5c
3e0f1
38695
34a5e
37d55
3b7ee
34f03
3b7ef
34f04
3baca
34f05
40e5f
385a9
34978
351d8
3668f
3497a
360e4
35775
38e1d
351db
38f03
37f39
351dd
3b51f
351de
391d1
38976
351e0
3977e
38f06
3577d
38f07
34985
3e96d
35780
3d4bc
38978
416d3
3d4be
35783
37a79
3c88e
37a7a
3b60e
3498c
3cb5f
37a7c
3e0f5
385ac
3d108
3d109
3b522
3801b
34992
3bad0
3801d
408c5
3c891
34995
408c6
3d10e
38102
3e0f6
3d1f3
38104
3d888
38105
3db53
3c3d0
40e66
3d1f4
38108
416da
3d10f
3d1f6
38f0d
349a1
3d88b
349a2
3db56
349a3
3db57
408cb
3c893
349a7
416de
349a9
40e6d
35a45
381ee
34b4d
38ff3
34a62
3bcaa
381f0
34a64
34d24
352ba
38f0e
34d26
36782
37a7d
3b610
352bd
34a6a
38f11
352bf
3bbbc
352c0
34a6d
392c5
352c2
34a6f
417c1
383df
3bbbd
37e4c
3c97b
3810b
3c97c
3810c
417c3
3bbbf
35004
381f1
40f55
3d5ad
34a78
392c6
352c7
3ea61
38ffb
34a7b
34a7c
38f12
34a7d
417c7
3bbc1
3810e
3cc56
381f3
3bcab
37b6f
409b6
3b701
34a83
3d1fd
3b617
34a85
3cc58
3b619
417c9
3d1ff
3b61b
34a89
3d2e4
38ffe
34a8b
3cd42
34a8c
3d97b
381f8
3dc46
381f9
34a8f
40f5b
3bbc3
3878e
34a92
417cd
3cd45
409bb
409bc
3c3d9
3cd46
40f5f
3cd47
3d202
40f60
3e1ee
409bf
34c43
35b38
34b53
3887c
3e2d4
3b7f1
34c47
3e2d6
34b57
362c7
353ac
39000
34e18
3878f
34b5a
38b3b
353af
34b5c
38790
34b5d
38b3c
353b2
34b5f
390e2
353b4
34e20
37f3d
3b436
350f2
3b437
350f3
3bcb0
350f4
41045
38793
34b67
353b6
3e5a4
382e4
4130a
38b40
34b6b
3d6a7
353ba
4130c
3e5a9
38794
3d2ec
3d2ed
3b707
37c5f
3c4c6
37c60
3b7f2
34b73
3cd49
37c62
3e2d9
39006
38796
4130e
3c4c8
38204
41049
3b70c
38206
41310
38b43
382e7
4104b
3c5b2
40230
3ce35
34b7f
3d4c2
34b80
40aac
3e2dd
38797
34b83
4104f
3e2df
3c5b5
40231
3cd4c
34b87
3c5b6
40aaf
3c5b7
34b8a
40ab0
3d3dc
3e2e1
34c49
34f09
363b9
34c4b
35e0e
354a0
38b47
34f0c
38c34
37c65
34f0e
3b7f5
34f0f
394a8
386a3
34f11
39a55
38c37
37a83
3b528
351e4
3b529
351e5
3bda2
351e6
41137
38885
34c59
354a8
3e696
383e2
413fc
38c39
34c5d
3d799
354ac
413fe
3e69b
38886
3d3de
3d3df
3b7f9
37d57
3c5b8
37d58
3b344
34c65
3ce3b
37d5a
3e3cb
38b4c
38888
41400
3c5ba
382f6
4113b
3b7fe
382f8
41402
38c3c
383e5
4113d
3c6aa
40322
3c981
34c71
3d5b4
34c72
40b9e
3e3cf
38889
34c75
41141
3e3d1
3c6ad
40323
3ce3e
34c79
3c6ae
40ba1
3c6af
34c7c
41144
3e3d3
3d3e7
34d2f
34e22
392c8
383eb
3b9e0
37b78
34d33
392ca
3ea67
34d36
38f15
37a85
391d7
351ec
3e973
38f17
351ee
37a87
3b61c
352cb
3b8f0
352cc
417d2
386a7
417d3
3b8f1
34d40
355a0
36a5d
34d42
364ae
35b3d
38f1b
355a3
38f1c
355a4
392cb
382fd
355a6
39b48
38d32
355a8
3a0fa
392ce
35b45
392cf
34d4d
3ed35
35b48
3de30
38d34
41a9b
3de32
35b4b
37a8c
391dd
37a8d
34d54
3b8f6
37a8f
34d56
3900a
3ea68
3b9e3
37c69
3dc4a
37c6a
3e4c7
38300
34d5b
3b8f7
34d5c
3cf2f
38986
34d5e
3cf30
3b8f9
41a9f
3d4cc
3b8fb
34d62
3d5ba
392d4
34d64
3dc4c
38a78
3e4c9
38a79
34d67
417dc
3d5be
392d5
34d6a
417de
3cf33
3dc4e
41aa5
3dc4f
34d6f
41aa6
34d71
417e1
35e0f
385b4
34f15
38b4e
34e2a
3bad3
385b6
34e2c
353bc
3900d
34e2e
3900e
34e2f
3d2f8
38208
3d2f9
38a7c
41b87
34e33
35693
36b4f
34e35
365a0
35c30
39010
35696
39011
35697
393bd
383f3
35699
3968e
38e24
3569b
39c40
393c0
385b7
4131b
3df21
34e40
39690
35c3b
3ee29
393c3
34e43
34e44
39012
34e45
3d5c3
39013
34e47
4131d
385b9
3d6aa
384e0
34e4a
3d112
34e4b
3dd3d
34e4c
41b90
3b438
415ee
3cd55
34e4f
3d6ac
393c6
34e51
3dd3e
385be
3e00f
385bf
34e54
41320
39015
38a83
40d82
3cd57
34e58
40d83
3d5c9
38b52
34e5b
41b95
40d84
3cd59
3d116
3ce45
40d85
3d5ca
41326
3e5b6
40d87
35005
35f02
34f1b
386a9
3e69c
38024
35009
3e69e
34f1f
3888a
3d3e8
385c1
41c78
38b55
354b1
3bda9
354b2
4140c
3d3ed
35e11
35785
36c42
34f27
384e3
3bad8
37c73
41c7a
384e4
35789
41c7b
38f21
3578b
41c7c
394b1
3578d
34f2f
35d2a
3ef18
386ac
41c7e
394b4
34f33
3da69
35d2e
41c80
3ef1d
385c5
3d6b4
3badb
385c6
41c81
3d6b7
38025
3bbc8
37d60
3e6a1
3c986
40ba4
3d20b
40e70
3b52a
416e0
3ce47
34f40
41c82
393ce
3bade
34f43
3d11b
385cb
34f45
41411
38c43
34f47
3e6a3
3c988
40e74
3d20d
41c85
3e6a4
3d7a1
34f4c
41415
3e6a7
3d20e
3c98b
40e76
3ce4a
3d11d
34f52
40e78
3d7a4
3e6a9
3500b
350f8
3959e
38117
3bcb8
37e50
3500f
395a0
3e791
35f03
39a57
35866
35013
38029
3bbca
37d62
41d6a
3802a
352d5
41d6b
39016
352d7
41d6c
395a3
352d9
3501b
355ab
38c47
3501d
38c48
3501e
3cf36
383f8
3cf37
386b8
41d6f
35022
3db58
35871
41502
39018
3f00c
39877
35026
3f00e
3db5d
3802c
3bbce
3802d
37d68
3d7a8
38c4c
37e51
395a8
3502d
3d88f
387a0
3e1f0
3ca79
40c97
394bf
3811b
3c98c
3811c
40f63
38c4d
386bd
40f64
3c98f
35036
40f65
3d7ad
387a1
3e794
3d891
387a3
3e1f2
3ca7b
41507
3d892
387a6
41d78
3e798
3d895
3c990
41d7a
35042
3e1f4
35043
3e1f5
3d7af
35046
3d897
41d7d
3888c
351f0
37f41
390e5
351f2
3e881
38e29
351f4
35957
395ac
353c3
36e26
37e53
395ad
3595a
3bcbd
3595b
35108
395af
3595d
3510a
39967
3595f
3510c
418b3
3510e
38a87
3d02c
387a9
418b4
38d3f
356a0
3b9f1
356a1
415f2
3d031
390eb
35115
3eb51
35964
3dc52
38b5f
418b7
3dc54
35967
37a90
3da6c
37a91
3e2e3
37e58
395b0
37e59
3511e
3bcc2
37e5b
35120
38e2a
3e884
3bdad
38122
35123
3bcc3
35124
3d303
387ae
35126
3d304
3bcc5
418bb
3d89e
3bcc7
3512a
3d982
390f0
3512c
3da6e
38896
3e2e5
38897
3512f
415fa
3d986
390f1
35132
415fc
3d307
3da70
418c1
3da71
35137
418c2
4105d
3d989
35a49
390f2
354b5
3696c
37f45
390f3
35a4c
3bdaf
35a4d
351fa
390f5
35a4f
351fc
39a59
35a51
351fe
419a5
35200
385cd
3d11e
3889b
419a6
38e31
35792
3bae3
35793
416e4
3d123
391e4
35207
3ec43
35a56
3dd44
38c51
419a9
3dd46
35a59
37a92
391e7
3520d
3d4d1
38990
3e3d4
3cc63
408cf
38212
3bdb2
38213
37f4c
3d98c
38e34
38214
35215
3bdb5
35216
3d3f5
388a0
35218
3d3f6
3bdb7
419ad
3d990
3bdb9
3521c
3d4d2
391e9
3521e
3db60
38994
3e3d7
38995
35221
416ec
3d4d6
391ea
35224
416ee
3d3f9
3db62
419b3
3db63
3e97e
4114e
3d992
416f1
36877
3901a
353cf
3901b
352de
38998
3901c
352e0
35795
36786
352e3
388a5
3ef1e
38032
35799
3ef20
352e7
38f2b
352e8
3d7b1
35878
38c52
352ea
38c53
352eb
3d7b4
3d7b5
352ee
36a5f
360eb
39789
35b4f
388a7
352f1
38037
352f2
3978b
360ef
352f4
3987c
360f1
352f6
39e26
360f3
360f4
3f2e0
3901e
42046
39880
352fb
3e3dd
360f8
42048
3f2e5
388aa
3da72
388ab
3803a
42049
38f31
41aa8
3d217
37a9f
41d83
38f34
37aa1
4204b
3899a
3db64
38126
35308
41d85
3d308
40f6c
3d5cd
417e6
3da78
3b901
41aa9
3978f
395b7
3530f
3f017
3d30a
417e8
3d5cf
4204d
3f018
3db69
35314
41d89
3f01b
3d4de
417ea
3d30c
35319
3ea77
3531a
417ec
3db6c
3f01d
353d3
354c0
3996a
38217
3996b
37c79
353d7
3996c
3eb59
38127
42132
39028
353db
387b3
3d8a4
387b4
418c5
395bb
3596d
361db
36879
35c40
3710d
353e2
3812a
39887
37b8d
42134
3899e
35c44
42135
393cf
35c46
42136
3996f
35c48
353ea
3e4cc
361e7
418c8
393d1
3f3d4
39c45
353ee
3f3d6
3e4d1
3812c
3988a
3812d
37b90
3db70
38a8b
3d5d2
3902e
353f5
3d5d4
37b94
353f7
418ca
38219
39974
37c7b
3eb5b
3db73
38b66
3e5b8
3d3fb
4105f
3988b
38a8e
4132d
390fd
35400
3eb5d
3d3fc
4132e
3d6c1
4213f
3eb5e
3dc5b
35405
3db75
3eb60
3dc5d
3d312
42142
3540a
3e5bc
3540b
3e5bd
3db77
3540e
3dc5f
42145
354c6
391eb
37d6c
391ec
355b4
3ec49
391ed
355b6
37c7c
3d994
37c7d
42225
3821c
3bdba
37f4f
3d997
3821d
354d0
35d30
371fe
363c0
39f19
362cf
38b6f
35d33
38b70
35d34
39a5f
38a91
35d36
39d35
394ce
35d38
3a2f2
39a62
362d7
39a63
354dd
3f4c5
362da
3e014
394d0
4222b
3e016
362dd
37c80
39104
37c81
354e4
39105
37c83
3d400
37c84
4141c
3d402
354e8
4141d
3dc64
37d6e
391ee
354eb
3dd49
39106
383f9
3e3e0
383fa
3e6ab
385d4
4141f
3997d
38b78
354f2
3dd4a
39a68
354f4
3e3e2
38c5e
3e6ad
38c5f
354f7
419c0
3dd4e
39a69
354fa
3e6ae
354fb
3e6af
354fd
419c3
354ff
42236
35501
419c5
365a1
38d46
356a5
38d47
355ba
386c4
38d48
355bc
3587c
35e14
39a6a
3587e
372f1
37d70
391f1
35e17
391f2
35e18
355c3
39a6d
35e1a
355c5
39e29
35e1c
355c7
42319
3830f
3b902
37aa3
3d4e1
37d72
3d4e2
37d73
4231b
391f5
35b5c
38d49
41aad
3e105
355d0
39e2a
35e21
3f5b9
39b57
355d3
355d4
38c65
355d5
3dd53
38c66
355d7
3bbd8
355d8
3d7bd
38c69
42320
3dd55
38c6b
355dc
38d4b
3ed3e
386c7
38315
355df
3d8a8
355e0
3e4d3
355e1
42322
3cf49
355e3
3dd59
39b59
38d4e
41ab2
3d8aa
355e7
3e4d5
355e8
41513
3ed43
392e6
355eb
42325
355ed
41ab6
3d8ac
3d037
41515
3dd5a
41ab8
3ed46
41517
3579b
36694
356ab
387b5
3ee2c
384ee
3579f
3ee2e
356af
36e27
35f06
39b5c
35970
386c9
356b2
38400
356b3
39697
35f0a
356b5
39698
35f0c
356b7
39c46
35f0e
35978
37b96
392e9
35c4a
3b9f5
35c4b
392ea
35c4c
41b9d
38403
356bf
35f10
3f0fc
38e3c
41e62
3969c
356c3
3e1ff
35f14
41e64
3f101
386cc
3de44
386cd
38406
41e65
38d59
418d4
3d039
37e6b
41ba1
38d5c
37e6d
41e67
387b8
3df2c
384f0
356d0
3d99a
356d1
3e019
356d2
41ba3
3de4a
3bccb
418d5
39b62
393d7
356d7
3ee33
3d126
41604
3d99d
41e69
3ee34
3df31
356dc
41ba7
3ee37
3d8b2
41606
3d128
41607
3d129
356e2
41608
3df34
3ee39
357a1
35a61
36f28
357a3
3696e
35ffa
38e45
35a64
38e46
35a65
39790
387bd
35a67
3a00c
391fb
35a69
3a5c9
39793
37c88
393db
35d3c
3bae7
35d3d
393dc
35d3e
41c8f
384f5
357b1
36002
3f1ee
38f3a
41f54
39795
357b5
3e2f1
36006
41f56
3f1f3
388af
3da7c
3803f
357ba
38e49
357bb
3df37
38e4a
357bd
3bdbc
357be
3d9a1
38e4d
41f58
3df39
38e4f
357c2
3d4e6
357c3
3e10b
357c4
41c95
3df3c
3bdbd
419c7
396a8
394d2
357c9
3ef25
3d21e
416f6
3d4e9
41f5b
3ef26
3da81
357ce
41c99
3ef29
3d9a4
357d1
3d220
416f9
3d221
357d4
3da85
41f60
3df3f
35887
3597a
39e2c
386cf
39e2d
38133
3588b
39e2e
3f5bf
3588e
39a71
38040
39a72
35d44
3f4cb
39a73
35d46
37d7c
391fe
35e25
391ff
35e26
39a75
35e27
4232b
385e1
35898
360fa
375d7
36d3a
3a2f4
36699
394d9
360fd
394da
360fe
39e2f
38e55
36100
3a6bc
3988e
36102
3ac78
39e32
366a1
39e33
358a5
3f89f
366a4
3e988
39890
425f3
3e98a
366a7
37aa6
3d7c2
37aa7
41d90
385e4
39d41
385e5
38049
3e020
394de
358b0
3da89
3804c
358b2
42330
386d1
39e36
38135
3f5c1
3e023
395cc
3f01e
3d8b5
41519
39d42
394e2
358ba
3e112
39e38
358bc
3e7a4
395d0
3f021
395d1
358bf
42334
3e116
39e39
358c2
42336
3da8b
3e7a6
425fd
3e7a7
358c7
425fe
358c9
42339
3696f
3910c
35a6d
3910d
35982
39036
3910e
35984
35f16
38d5f
35986
38d60
35987
395d3
35988
3de51
35f1a
41e72
3598b
3710e
3ac79
36e2c
361ee
38f49
3598e
386d7
3598f
39e3c
3678e
35991
39f22
36790
35993
3a4d8
36792
361f6
3910f
41e73
3ea79
35998
3a204
36797
3f993
39f27
3599b
3599c
395d7
3599d
3db7f
3813b
39b6e
3813c
359a0
39b6f
3813e
418d7
3d8bd
359a3
418d8
3e11e
38226
396ac
359a6
3e203
39b70
388b3
3e894
388b4
3eb65
38f4e
359ab
3e204
39f2a
359ad
3e896
39116
3eb67
39117
359b0
41e7a
39b71
396ae
359b3
426ed
418dc
3d8bf
3dc6e
41e7d
3dc6f
3e122
41e7e
3f10e
418df
35b5d
36a62
35a73
38b7b
3f1f4
388b6
35b61
3f1f6
35a77
387c7
3df40
384fb
41f62
387c8
427d0
3911a
35a7b
3df44
3df45
36971
3a4d9
3687c
35a7f
387ca
39f2d
3822b
427d2
3903c
362e3
427d3
39a7d
362e5
427d4
3a015
362e7
35a87
36886
3fa82
39204
427d6
3a018
35a8b
3e5c1
3688a
427d8
3fa87
38b7d
42238
3d9ad
35a90
3911e
35a91
3e20d
3911f
35a93
3dc72
39121
427da
3e20f
39123
35a97
39205
3f1f8
38b80
387cf
35a9a
3dd62
35a9b
3e98d
35a9c
427dc
39f32
3979f
35a9f
3f1fb
3d4ee
419cc
3dd65
427dd
3f1fc
3e2f9
35aa4
41f6d
3f1ff
3dd66
41f6e
3dd67
3d9b0
427e1
35aaa
419d0
3e2fc
3f201
35b63
35c50
3a102
389a7
3a103
3840b
35b67
3a104
3f2e9
36a63
3a5cb
363c2
35b6b
388b9
3a01f
3831d
428c2
38b82
35e2f
428c3
39b72
35e31
428c4
3a107
35e33
35b73
36105
38f4f
35b75
38f50
35b76
3920f
35b77
3da8f
36109
42058
35b7a
3e6b0
363cd
4205a
39b74
3fb76
3a3eb
35b7e
3fb78
3e6b5
38320
3dd68
38c72
4233b
38b84
3e2fe
38b85
388c0
428cb
3d4f4
38325
4205b
39216
38327
428cd
38c73
3e3e6
389aa
35b8b
4205d
3d5de
417ee
3de55
41abd
3e304
397a9
392f9
3f2ec
3e3e9
392fb
3ed4a
3d5e1
4205f
3e3ea
392fe
428d0
3f2f0
3e3ed
3d4f6
428d2
35b9a
3ed4c
35b9b
3ed4d
3e307
35b9e
3e3ef
428d5
35c56
39983
384fc
39984
35d4a
3f3d9
39985
35d4c
364b3
3a110
35f1d
379a0
3840e
39897
364b6
39898
364b7
35c60
3a113
364b9
35c62
3a4db
364bb
35c64
4240b
35c66
389ad
3db84
38143
42148
389ae
4240c
39302
35c6a
3db88
3db89
39c4f
35c6d
3f6bb
364c0
3e7aa
396bb
4240f
3e7ac
364c3
37e70
3d5e4
37e71
41bac
389b0
3a114
389b1
38415
3e3f2
39306
35c78
3de5d
38418
35c7a
4214e
38a9b
39c52
384ff
3f3dd
3d6d0
41334
3df47
41baf
3e3f5
3a115
3930a
35c82
3e4da
39c54
35c84
3e5c6
393ee
3ee3d
393ef
35c87
42152
3e4de
39c55
35c8a
3d5e9
42418
3e5c8
3df4b
42155
35c8f
4241a
35c91
42157
365a5
36c47
3a207
365a7
35d50
38a9d
39c57
38501
424fa
38d68
36014
424fb
397aa
36016
424fc
39d46
36018
35d58
38a9f
3dc76
38235
4223a
38aa0
424fe
393f4
35d5c
3dc7a
3dc7b
39d48
35d5f
3f7ad
365b2
3e89c
397ad
42501
3e89e
365b5
37f62
3d6d6
37f63
41c9e
385ea
39d4b
38051
3f4cf
38d6a
3e4e2
38d6b
38aa4
42503
3d6d8
38509
4223f
393fa
3850b
42505
3d7c8
41426
3da93
41ca1
3e4e7
39c5b
393fc
35d74
3e02a
39d4d
35d76
3e6b8
394ec
3ef2f
394ed
35d79
42244
3e02e
39d4e
35d7c
42246
3df51
3e6ba
4250b
3e6bb
3f4d6
41ca6
3e4ea
42249
373e6
39b76
35f29
39b77
35e38
394f0
39b78
35e3a
362ef
372f5
35e3d
393fd
3fa88
38b8a
362f3
3fa8a
35e41
38b8b
3e308
388c3
428d6
38b8c
42b98
39a88
35e45
3e30c
3e30d
385f0
3a02b
36c4a
3a02c
36c4b
35e4a
3a2ff
36c4d
35e4c
3ac7b
36c4f
35e4e
42b9d
35e50
3ef32
36c53
428da
39e43
3fe5e
3ac7d
35e54
3fe60
3ef37
385f2
3e032
394f2
42601
39402
3e5ca
39403
38b92
42ba1
3dd70
385f7
428db
39a90
385f9
42ba3
394f3
3e6bc
38c7e
35e61
428dd
3de60
41ac4
3e125
4233f
3e5d0
3a030
39b7d
3fb80
3e6bf
39b7f
3f5cc
3de63
428df
3e6c0
39b82
42ba6
3fb84
3e6c3
3dd72
3e037
35e70
3f5ce
3ed53
42ba9
3e5d3
35e74
3e6c5
42bab
35f2e
39c5d
387d0
39c5e
3601c
3f6c1
39c5f
3601e
3841a
398a0
364c5
398a1
364c6
3a11e
364c7
4241d
38c81
35f38
3679a
394f5
35f3a
38c83
35f3b
3a3fb
36d3e
35f3d
3a4e2
36d40
35f3f
3aa96
36d42
367a2
396bf
4241f
3f025
35f44
3a7c2
36d47
3ff51
3a4e7
35f47
35f48
39b87
35f49
3e12b
386e7
3a122
386e8
35f4c
3a123
386ea
41e83
3de69
35f4f
41e84
3e6ca
387d2
39c60
35f52
3e7af
3a124
38e5f
3ee40
38e60
3f111
394fa
35f57
3e7b0
3a4ea
35f59
3ee42
396c6
3f113
396c7
35f5c
42426
3a125
39c62
35f5f
42c99
41e88
3de6b
3e21a
42429
3e21b
3e6ce
4242a
3f6cc
41e8b
3610b
3701f
36021
39127
3f7b2
38e62
3610f
3f7b4
36025
38d73
3e4ec
38aa7
4250e
38d74
42d7c
396ca
36029
3e4f0
3e4f1
387d6
39c66
36e2e
39c67
36e2f
3602e
3a4ee
36e31
36030
3a8b3
36e33
36032
42d81
36034
3eb6a
36e37
42512
3a033
40042
3a8b5
36038
40044
3eb6f
387d8
3e21c
3912a
427e5
395ea
3e7b8
395eb
38d7a
42d85
3df5a
387dd
42513
396d2
387df
42d87
3912b
3e8a0
38e64
36045
42515
3da98
41ca8
3e30f
41f77
3e7be
39c6b
397b7
3f7b8
3e8a3
397b9
3f204
3da9b
42517
3e8a4
397bc
42d8a
3f7bc
3e8a7
3da9c
36053
3f207
36054
3df5d
42d8d
3e7c1
36058
3e8a9
42d8f
36112
39e45
389b6
39e46
36200
3f8a5
39e47
36202
36973
397bd
363d9
397be
363da
3a6c5
3912f
363dc
3a9a5
3a127
363de
3af63
3a6c8
3697b
385fa
39d57
38055
3e039
388ca
3e03a
388cb
42e73
39d59
366b6
398a5
42605
3ec5d
36128
3a9a7
3697f
40135
3a6cb
3612b
3612c
397c1
3612d
3e315
388cd
39d5a
388ce
36130
39d5b
388d0
42067
3daa1
36133
42068
3e8ae
389b8
39e48
36136
3e993
39d5c
39043
3f02a
39044
3f2f5
39132
3613b
3e8b1
3a6cd
398aa
4260a
3e402
3613f
3f02d
36140
4206b
3f8ad
39e4a
36143
42e7d
36145
4260e
3e404
3db8f
4206d
3e8b2
42610
3f8b0
4206f
362f5
37203
36205
3930d
3f996
39046
362f9
3f998
36209
38f57
3a6d0
389bb
429b4
39222
364cd
429b5
39c6c
364cf
429b6
3a20d
364d1
36211
367a3
395ed
36213
395ee
36214
398b1
36215
3e133
367a7
426f6
36218
3ed54
36a6f
426f8
39c6e
3fc7a
3aa9a
3621c
3fc7c
3ed59
389be
3e406
39310
4242d
39224
3e99c
39225
38f5e
429bd
3db92
389c3
426f9
398b8
389c5
429bf
39311
3ea84
39048
36229
3e4f2
3622a
3eb71
3622b
426fb
3e9a2
39e53
3999b
3f99c
3ea87
3999d
3f3e8
3dc7f
426fd
3ea88
399a0
429c2
3f9a0
3ea8b
3db94
3e40b
36238
3f3ea
3eb75
429c5
3e9a5
3623c
3ea8d
429c7
38aac
39f3d
36b58
39f3e
36b59
362fe
3a218
36b5b
36300
3ab8a
36b5d
36302
42aa9
36304
3904b
3e222
387e1
427e6
3904c
42aaa
399a4
36308
3e226
3e227
3a307
3630b
3fd6b
36b62
3ee48
39d61
42aad
3ee4a
36b65
3850e
3dc82
3850f
4224a
38b96
3a30a
385fd
3fa8d
39316
3ea8e
39317
39050
42aaf
3dc84
38ab5
427eb
399aa
38ab7
42ab1
3dd74
419d2
3e03f
4224d
3ea93
3a21a
399ac
36320
3e5d6
3a30c
36322
3ec64
39a9c
3f4db
39a9d
36325
427f0
3e5da
3a30d
36328
427f2
3e4fd
3ec66
42ab7
3ec67
3fa94
42252
3ea96
427f5
379a1
3a12a
364d5
3a12b
363e4
39aa0
3a12c
363e6
3689b
378b0
363e9
399ad
40046
39136
3689f
40048
363ed
39137
3e8b4
38e6f
42e82
39138
43144
3a03c
363f1
3e8b8
3e8b9
38b9c
3a5ea
37205
3a5eb
37206
363f6
3a8bc
37208
363f8
3b23b
3720a
363fa
43149
363fc
3c00c
3720e
42e86
3a402
3f4e0
3b23d
36400
3f4e2
3c011
38b9e
3e5de
39aa2
42bad
399b2
3eb76
399b3
3913e
4314d
3e31c
38ba3
42e87
3a044
38ba5
4314f
39aa3
3ec68
3922a
3640d
42e89
3e40c
42070
3e6d1
428eb
3eb7c
3a5ef
3a131
4013e
3ec6b
3a133
3fb8a
3e40f
42e8b
3ec6c
3a136
43152
40142
3ec6f
3e31e
43154
3641c
3fb8c
3641d
3fb8d
3eb7f
36420
3ec71
43157
364da
3a21c
38d7c
3a21d
365c8
3fc7f
3a21e
365ca
389c6
39e54
36a75
39e55
36a76
3a6dd
36a77
429c9
3922d
364e4
36d4a
39aa5
364e6
3922f
364e7
3a9b8
372f9
364e9
3aa9f
372fb
364eb
3b056
372fd
36d52
39c73
429cb
3c0ff
364f0
3ad82
37302
3f5d3
3aaa4
364f3
364f4
3a13b
364f5
3e6d7
38c93
3a6e1
38c94
364f8
3a6e2
38c96
4242f
3e415
364fb
42430
3ec76
38d7e
3a21f
364fe
3ed5b
3a6e3
3940b
3f3ec
3940c
3f6cf
39aaa
36503
3ed5c
3aaa7
36505
3f3ee
39c7a
3f6d1
39c7b
36508
429d2
3a6e4
3a221
3650b
43245
42434
3e417
3e7c6
429d5
3e7c7
3ec7a
429d6
3fc8a
42437
366b7
375da
365cd
396d7
3fd70
3940e
366bb
3fd72
365d1
3931f
3ea98
39053
42aba
39320
43328
39c7e
365d5
3ea9c
3ea9d
38d82
3a225
373e9
3a226
373ea
365da
3aaab
373ec
365dc
3ae73
373ee
365de
4332d
365e0
3c1f0
373f2
42abe
3a5f2
3f118
3ae75
365e4
3f11a
3c1f5
38d84
3e7c8
396da
42d91
39b9a
3ed64
39b9b
39326
43331
3e506
38d89
42abf
39c86
38d8b
43333
396db
3ee4c
39410
365f1
42ac1
3e044
42254
3e8bb
42523
3ed6a
3a22a
39d6b
3fd76
3ee4f
39d6d
3f7c2
3e047
42ac3
3ee50
39d70
43336
3fd7a
3ee53
3e048
365ff
3f7c5
36600
3e509
43339
3ed6d
36604
3ee55
4333b
366be
3a404
38f62
3a405
367ac
3fe63
3a406
367ae
36f2e
39d71
36989
39d72
3698a
3ac82
396df
3698c
3af65
3a6e6
3698e
3b52e
3ac85
36f36
38ba6
3a316
38601
3e5e5
38e76
3e5e6
38e77
4341f
3a318
36c66
39e59
42bb1
3c2e3
366d4
3af67
36f3a
3f20b
3ac88
366d7
366d8
39d75
366d9
3e8c1
38e79
3a319
38e7a
366dc
3a31a
38e7c
42613
3e04d
366df
42614
3ee5a
38f64
3a407
366e2
3ef3f
3a31b
395ef
3f5d6
395f0
3f8b3
396e2
366e7
3ee5d
3ac8a
39e5e
42bb6
3e9ae
366eb
3f5d9
366ec
42617
3fe6b
3a409
366ef
43429
42618
3e04f
3e9b0
42bbb
3e9b1
3ee5e
42bbc
3fe6e
4261b
368a1
377be
367b1
398bd
3ff54
395f2
368a5
3ff56
367b5
36a7b
397d1
367b7
39504
367b8
3a7c8
37024
367ba
3a7c9
37026
367bc
3ad84
37028
36d53
39b9d
367bf
39b9e
367c0
39e65
367c1
3e6df
36d57
42ca2
367c4
3be28
3702a
42ca4
3a22d
3f302
3b05a
367c8
3f304
3be2d
38f6a
3e9b2
398c0
429d9
397d4
3ef48
397d5
3950a
42f69
3e13e
38f6f
42ca5
39e6c
38f71
42f6b
398c1
3f030
395f4
367d5
3ea9e
367d6
3f11d
367d7
42ca7
3ef4e
3a412
39f4f
3ff5a
3f033
39f51
3f9a6
3e22b
42ca9
3f034
39f54
42f6e
3ff5e
3f037
3e140
42f70
367e4
3f9a8
367e5
3f9a9
3ef51
367e8
3f039
42f73
368a8
395f5
3a7d3
39059
43052
398c4
36b70
43053
3a31d
36b72
43054
3a8c2
36b74
368b0
395f7
3e7ce
38d8d
42d92
395f8
43056
39f58
368b4
3e7d2
3e7d3
3a8c4
368b7
3f3f3
3711d
3bf1c
3a320
43059
3bf1e
37120
38aba
3e22e
38abb
427f6
39142
3a8c7
38ba9
4004b
398c6
3f03a
398c7
395fc
4305b
3e230
39061
42d97
39f5e
39063
4305d
3e320
41f7e
3e5eb
427f9
3f03f
3a7d7
39f60
368cc
3eb82
3a8c9
368ce
3f210
3a050
3fa99
3a051
368d1
42d9c
3eb86
3a8ca
368d4
42d9e
3eaa9
3f212
43063
3f213
40052
427fe
3f042
42da1
39236
3ac93
36a84
3c2e9
3ac94
36a86
39144
3aba1
36e4c
3c1f7
3aba2
36e4e
38e80
3a321
36f3e
3a322
36f3f
3aba4
36f40
4342f
396e9
3699e
37213
39f63
369a0
396eb
369a1
3ae7a
377c2
369a3
3af6c
377c4
369a5
3b52f
377c6
3721b
3a6eb
43431
3c5bf
369aa
3b807
377cb
3fa9f
3af71
369ad
369ae
3a5fd
369af
3eb8b
3914b
3aba8
3914c
369b2
3aba9
3914e
42e95
3e8c9
369b5
42e96
3f126
39238
3ac95
369b8
3c2ed
3abaa
398c9
3f8b8
398ca
40147
39f68
369bd
3f129
3af73
3a6f0
43436
3f218
3c2f1
369c2
3f8ba
3a6f4
40149
3ac97
369c5
43703
369c7
4343a
3eb8e
369c9
3e9bc
42e9c
3e9bd
369cc
42e9d
36b75
3a22f
36a88
3a146
3a230
36a8a
3702f
39e6f
36a8c
39e70
36a8d
3a6f5
36a8e
3ef55
37033
42f76
36a91
37306
3a059
36a93
397df
36a94
3af77
378b5
36a96
3b05e
378b7
36a98
3b621
378b9
378ba
3fb8e
3a232
437ec
3b062
36a9d
3c6b3
378be
437ee
3fb93
3a147
4324a
3e9bf
36aa2
3a6fa
36aa3
3f21f
3a6fb
36aa5
3ec84
3a6fd
437f0
3f221
3a6ff
36aa9
3a233
3f306
3a14a
397e3
36aac
3ed6e
36aad
3f9ab
36aae
437f2
3b065
3a236
42f7c
3f30a
3be37
36ab3
3f9ac
3a23a
3fc8f
3a700
36ab6
42f7f
3f30d
3f30e
36ab9
3e9c2
437f7
36abc
3fc90
36abd
3fc91
3f227
36b79
39c8b
3bf20
399be
36c69
3bf22
36b7d
398cf
3f044
395ff
43066
398d0
438d8
3a23c
36b81
3f048
3f049
3932e
3a7e1
379a4
3a7e2
379a5
36b86
3b06a
379a7
36b88
3b43e
379a9
36b8a
438dd
36b8c
3c7a2
379ad
4306a
3abae
3f6d6
3b440
36b90
3f6d8
3c7a7
39330
3ed74
39c8e
4333d
3a14e
3f310
3a14f
398d6
438e1
3eab2
39335
4306b
3a244
39337
438e3
39c8f
3bf24
399c0
36b9d
4306d
3e5f0
42800
3ee67
42acf
3f316
3a7e6
3a329
3f3fa
3bf27
3a32b
36ba5
4306f
3e5f2
42ad1
3ee69
438e6
3f3fe
3bf2b
3bf2c
438e8
36bac
3fd82
36bad
3fd83
42ad4
3eab5
36bb1
438eb
39aaf
3b23f
3950f
36c6d
3b240
3c015
39420
3a8d0
374ea
3a8d1
374eb
36c72
3b15c
374ed
36c74
3b531
374ef
36c76
439cd
36c78
399c3
3eb90
39153
4315a
399c4
439ce
3a332
36c7c
3eb94
3eb95
3b245
36c7f
3f7c7
374f4
3c896
3aca4
439d1
3c898
374f7
38e82
3e5f6
38e83
42bbe
399c6
3b15d
399c7
39427
3f404
3a336
36c8a
3ee6f
3942a
36c8c
43160
39ab1
3b248
39511
3f4eb
3f407
3a41a
3fe70
3e6e3
428f3
3b15e
3a33a
36c94
3c018
3b24a
36c96
42bc2
3f4ef
3a41f
3fe72
3e6e5
43164
3c01c
3b24b
36c9c
3c01f
439da
42bc5
3e5fb
3ef5c
43168
3ef5d
3f40a
43169
39600
3aab3
36e50
3c105
3aab4
36e52
375db
3a421
37036
3a422
37037
3b24d
39d87
37039
3b622
3a7e8
3703b
3bbda
3ad8a
375e3
39246
3a9c8
38c9f
3ec89
39514
3ec8a
39515
43515
3a9ca
37313
3a509
4324f
3c3db
36d72
3b624
375e7
3f8c1
3ad8d
36d75
36d76
3a425
36d77
3ef5f
39517
3a9cb
39518
36d7a
3a9cc
3951a
42cb1
3e6eb
36d7d
42cb2
3f4f8
39602
3aab5
36d80
3c109
3a50c
3ff62
3e7d5
42439
3a9cd
39d8a
36d85
3f4fb
3ad8f
3a50e
43254
3f5e0
3c10d
36d8a
3f6dc
3a512
3ff65
3aab7
36d8d
4351f
36d8f
43258
3ef62
36d91
3e7d8
42cb8
3e7d9
36d94
42cb9
37127
39e77
36e54
39ba6
36e55
3ad93
376d0
36e57
3ae80
376d2
36e59
3b441
376d4
3712f
38d90
3a247
37401
3a248
37402
3aabb
37403
4333f
39ba9
36e61
376d6
3f9b0
3a608
43608
3ae84
36e65
3c4cf
376da
4360a
3f9b5
39f6b
43076
3e7db
36e6a
3a609
3f12c
39f6e
39609
3aabd
3960a
36e6e
3aabe
3960c
42da3
3e7dd
36e71
42da4
3f5ea
397e4
3f7cc
397e5
40055
39bad
36e76
4360e
3ad97
3abb1
36e79
3f12f
3c1fe
3a60e
4360f
3eb98
36e7d
3f7cf
36e7e
43349
3f133
3f134
42da8
3e7de
43613
36e84
40058
36e85
40059
3f5ef
36f4c
3a611
3c89a
39d8c
37040
3c89c
36f50
3a51f
3c7a8
39c9a
37408
3c7aa
36f54
39c9b
3f40c
399cb
439de
39c9c
43cb4
3abb6
36f58
3f410
3f411
3a613
43708
3ee73
36f5c
3abb8
36f5d
3f6e1
3abb9
36f5f
3f138
3abbb
43cb7
3f6e3
3abbd
36f63
3aca7
3f7d2
3a616
39ca1
36f66
3ef64
36f67
3f229
36f68
43cb9
3b446
3b255
36f6b
3f7d5
3c2f8
43444
3ef67
43cba
3f7d6
3c8a3
36f70
439e7
3f7d9
3ef68
439e8
3ef69
3c8a6
3f7db
36f76
439ea
3f13b
3f6e9
37042
3a703
3c3e0
39e80
37132
3c3e2
37046
39d8f
3f4fe
39abd
43524
39d90
43da6
3acb0
3704a
3f502
3f503
3a705
437fa
3ef6b
3704e
3acb2
3704f
3f7dd
3acb3
37051
3f230
3acb5
43da9
3f7df
3acb7
37055
3a7ed
3f8c4
3a708
39d95
37058
3f056
37059
3f31b
3705a
43dab
3b629
3a7f0
4352a
3f058
3705e
3f31d
3705f
42f8b
3f8c9
3acb8
37062
4352d
3f8cb
3f05a
4352e
3f05b
3c3ec
3f8cd
37068
3ef6f
43db1
3f7e5
37134
3a249
3c4d2
39f72
37224
3c4d4
37138
39e83
3f5f0
39baf
43616
39e84
43e98
3a7f6
3713c
3f5f4
3f5f5
3a24b
438ec
3f05d
37140
3a7f8
37141
3f8cf
3a7f9
37143
3f322
3a7fb
43e9b
3f8d1
3a7fd
37147
3a8e1
3f9b6
3a24e
39e89
3714a
3eb9c
3714b
3f413
3714c
43e9d
3b62e
3ae8d
3714f
3f9b9
3bf30
4307c
3eb9f
43e9e
3f9ba
3c4db
37154
4361f
3f9bd
3eba0
43620
3eba1
3c4de
43ea2
3715a
3f061
43ea3
3f8d7
37226
3a33d
3c5c4
3a064
37316
3c5c6
3722a
39f75
3f13c
39701
4370a
39f76
43f8a
3a8ea
3722e
3f140
3f141
3a33f
439ec
3eba3
37232
3a8ec
37233
3f9c1
3a8ed
37235
3f41a
3a8ef
43f8d
3f9c3
3a8f1
37239
3a9d3
3faa8
3a342
39f7b
3723c
3ec8e
3723d
3f505
3723e
43f8f
3b720
3af7f
37241
3faab
3c022
4316e
3ec91
43f90
3faac
3c5cd
37246
43713
3faaf
3ec92
43714
3ec93
3c5d0
43f94
3724c
43716
3f41d
3f9c9
37318
3a42f
3c6b6
3a156
3740c
3c6b8
3731c
3a067
3f234
397f5
437fc
3a068
43ad0
3a9dc
37320
3f238
3f239
3a431
43532
3ec95
37324
3a9de
37325
3fab3
3a9df
37327
3f50c
3a9e1
43ad3
3fab5
3a9e3
3732b
3aac5
3fb9a
3a434
39ca2
3f5f6
39ca3
3fc93
3a06d
37330
43ad5
3b812
3b071
37333
3fb9d
3c114
43260
3ed83
43ad6
3fb9e
3c6bf
37338
43805
3fba1
3ed84
43806
3ed85
3c6c2
3fba3
3733e
43808
3f50f
3fabb
3740e
3a159
3f326
398e7
438ee
3a15a
43bc2
3aace
37412
3f32a
3f32b
3a526
43624
3ed87
37416
3abc1
3f6ea
3a529
39bb7
3b076
39bb8
3741a
3b077
39bba
4334f
3ed89
3741d
43350
3fba8
39d96
3f142
39d97
3fd85
3a15f
37422
43bc7
3b358
3b16a
37425
3f6ed
3c206
43352
3ee7b
43bc8
3f6ee
3c7b1
3742a
438f7
3f6f1
3ee7c
438f8
3ee7d
3c7b4
3f6f3
37430
438fa
3f601
3fbad
374fe
3abc9
3ce4c
3a347
375f2
3ce4e
37502
3aad7
3cd5a
3a255
379ba
3cd5c
37506
3b16e
37507
3f6f5
39ca9
3b723
39caa
3750a
3b724
39cac
439ef
3f421
3750d
439f0
3fc9c
39d9a
3b815
37510
3ce51
3b725
3a438
3f510
3a439
3f7e7
3aadb
37515
3fc9f
3baec
3b263
43f9a
3c8aa
37519
3f513
3751a
439f3
3fd8f
3b817
3751d
44275
3f514
44276
3f515
3fd92
37521
3f422
44278
37524
439f7
376e2
3ada4
375f5
3acbc
3ada5
375f7
397f6
3f516
397f7
43534
3a34a
3baef
3a34b
39d9f
3fd96
3b26b
375fe
3f7ef
39da2
37600
43ade
3a43c
3bbdd
39e8d
3fe7d
3fd99
3ada7
3f8d8
3c119
43267
3baf0
3ada8
3fe7e
3c999
3adaa
3f8da
3c11b
43ae1
3c99a
3adad
44366
3baf1
3c99c
3bbe0
37610
3f8dc
37611
3f8dd
37613
43ae5
3f7f0
37615
3fd9c
43ae7
39f7c
3b44b
377d5
3ca85
3b44c
377d7
39e8e
3f8de
3a804
43ea6
3acc1
3fe86
3acc2
3a440
44453
3f60a
39e93
43bcf
3adb3
39e95
44455
3a805
3ca88
3a52f
376f5
43bd1
3c20a
43358
3c4e1
43629
3fe8c
3b361
3ae9a
3ff70
3ca8b
3ae9c
3f9cc
3c20d
43bd3
3ca8c
3ae9f
44458
3ff74
3ca8f
3c20e
4362c
3c20f
37704
43bd7
3ff77
4362e
3f60d
37709
4445d
3a61e
3bdbf
3a06f
377da
3bdc0
3cb79
3a8f5
43fa2
3f14f
377de
3aea1
377df
3ff79
3aea2
377e1
3f9d2
3aea4
44546
3ff7b
3aea6
377e5
3af8a
40060
3a8f8
3a533
377e8
3c5d2
377e9
3f23b
377ea
44548
3bcd5
3b540
377ed
40063
3c2fe
4371c
3c5d5
44549
40064
3cb7f
377f2
43cc9
40067
3c5d6
43cca
3c5d7
3cb82
4454d
377f8
43ccc
3f9d5
3ff81
378ca
3a9e5
3cc68
3a711
379be
3cc6a
378ce
3af92
378cf
3fac3
3a073
3b542
3a074
378d2
3b543
3a076
4380b
3f243
378d5
4380c
4006e
3a162
3b631
378d8
3cc6d
3b07d
3fbae
3be43
42f91
3b544
3a8fb
378dd
40071
3b908
3b07f
43db8
3c6c6
378e1
3f32f
378e2
4380f
40157
3b633
378e5
44091
3f330
44092
3f331
4015a
378e9
3f244
3fac7
378ec
43813
39bbe
3f332
39bbf
438fc
3a25c
3b9fc
39cb1
3fca3
3a9eb
4015c
3a9ec
3a716
4417d
3f334
3a169
43ea7
3b089
3a16b
4417f
3bf34
43082
3c7b7
438ff
40161
3b90c
3b08b
379d0
3cd60
3b9fe
379d2
3f426
3b17b
3f6fd
3b17c
379d5
43eac
3cd64
3b9ff
379d8
3f6fe
379d9
3f6ff
43903
3cd67
3fbb8
379dd
40164
43eb1
3af9a
37aac
38057
397f8
3af9b
38059
37ab0
41152
38f78
3832c
3b90e
3af9d
3832e
407de
3b911
39068
3c5d8
3daa4
3c303
37aba
3daa5
3d224
42073
37abd
37abe
3b639
3af9f
3afa0
3f246
37ac1
3cb87
3c306
41153
3fac9
3afa4
408d1
3bbe6
37ac8
3d225
37ac9
3d226
41060
3cb8b
40328
3c5e0
3c30b
43723
3daa9
3facb
37acf
43725
37b9d
38149
389cd
37ba0
3b63c
3906a
3814d
37ba3
3b72a
38abc
37ba5
3b362
3ba02
37ba8
41bb8
37baa
3cc76
41336
3c6cb
39071
41338
3d5ec
37bae
39074
3a25e
3bcd7
3ba04
3be4a
3fbba
3b093
40417
3c6ce
37bb5
40167
40419
41246
37bb9
3be4d
3d5ed
3be4e
3d5ee
37bbc
3f33a
43814
3cc7e
3c6d3
37bbf
4032e
40169
4032f
37bc3
37d80
38abe
38baf
3823d
3ba05
3915b
3b180
3832f
3bdc9
38bb2
38511
3baf3
37c99
41caa
37c9b
38bb5
3d406
37c9d
3cd69
3d407
37c9f
3dc8a
38bb9
419d5
3a8fc
37ca3
407e1
3c7be
3fcac
3bf3d
37ca6
3cd6c
3b187
4050a
37ca9
37caa
3b820
3c7c1
3dc8b
3c7c2
3dc8c
3bf41
3f702
37caf
4041f
3cd71
3d40b
37cb2
4050e
37cb4
409c6
3b270
38ca1
3805c
3bbe8
37d85
38331
39ace
3b272
38333
37d89
40e7c
38ca4
38607
38ca5
38ca6
3c02c
3d7ce
38ca8
4151b
3d7cf
38caa
41ac7
4151d
4234a
3b274
3acc6
37d96
3ce5c
405fa
3c8b1
3b278
40ba7
3f51d
37d9a
3b27b
3b365
44096
3ce5f
40510
3ce60
40ab7
3c8b5
3fda0
3c034
37da2
405ff
3d7d3
3f51f
439fa
40601
40d8e
37e74
39616
3a80b
37e76
38422
386f8
37e79
3b367
38d95
38426
37e7c
3b455
40ba9
3bcdc
38e84
3c3f4
3de6c
3c11f
37e82
3de6d
3d040
41e8f
37e85
37e86
3b456
3adbb
3adbc
3f60e
37e89
3c9a3
3c122
40f6f
3f8e5
3adc0
40c9a
3ba08
37e90
3d041
37e91
3d042
40e7f
3c9a7
406f0
3c3fc
3c127
4353f
3de71
3f8e7
37e97
43541
37f66
3b549
388dd
37f68
3b730
3bdce
37f6b
39431
387eb
37f6d
41f80
3b45a
40c9b
3bdcf
38f82
3c4e6
3df5e
3c211
37f74
3df5f
3d132
41f81
37f77
37f78
3b54a
3aead
3aeae
3f154
37f7b
3ca95
3c214
41063
3f9d7
3aeb2
407e3
3bafa
37f82
3d133
37f83
3d134
40f71
3ca99
4023a
3c4ee
37f86
406f5
3df63
3f9d9
37f89
406f7
3805f
38519
38e91
39525
3860b
38064
41702
38066
39528
3d7d4
38068
3d137
3d7d5
3806a
3e052
3952c
4234c
3c21a
3f7f6
3b550
408d7
3cb91
3b552
40e81
408d9
41704
38074
3d13b
43cce
4007b
3c8be
3daad
3c8bf
3daae
38078
407e5
3d13f
3d7d9
3807b
43cd1
38152
386fb
38f84
38155
42710
3bbee
40e83
38159
3d228
418e5
3cc81
3961d
418e7
3db9e
3815d
39620
3b641
3d22a
38160
4016b
3c401
38162
3d22c
3b645
40f74
40606
3cc85
409cc
3f8eb
38168
3d8c9
38169
3d8ca
41705
3d230
3cc89
3816c
408e0
409cf
41706
38245
387ee
39f88
39708
3b732
39077
3924f
3cd72
3e234
3c4f1
3824d
3e235
3d9ba
42803
38250
38251
3cd74
40aba
3f9db
3b735
40abc
3cd76
38255
3b738
3bdd1
3c4f5
3fcb2
3be55
43eb3
3d320
409d0
3d321
40f76
3cd7a
3c4f9
43eb4
3e239
38260
40f77
3b823
38338
397f9
39251
388e2
3833b
39252
3c5e2
3dd80
39254
41aca
3dd81
39256
42075
41acc
428f6
3c5e4
3fda2
3bf45
38345
3d40f
3c5e6
4142d
38348
38349
3bf46
3face
3834b
40bb1
3ce6a
3e329
3ce6b
3e32a
3c5ea
3834f
40bb2
3dd85
40ac5
38353
3851a
38cad
39342
389d3
3842c
4151e
3842e
39345
3d5f0
38430
3cf53
3d5f1
38432
3e41a
39349
42168
3c036
3fbbe
3b36c
40c9f
3c9ad
3b36e
41249
40ca1
41520
3843c
3cf57
43aea
3fe97
3c6da
3de75
3c6db
3de76
38440
40bb5
3cf5b
3d5f5
38443
43aed
3851b
38ac4
39cb2
399de
3b45c
38da1
3952e
3ca9c
3e50a
3c7c7
38523
3e50b
3d6e4
4252d
38526
38527
3ca9e
407e8
3f705
3b45f
407ea
3caa0
3852b
3b462
3bafc
3c7cb
3ff88
3c12b
43bdd
3d04a
40ca6
3d04b
4124c
3caa4
38533
40ca7
3e50f
43bdf
4124d
3bafd
3860f
38bbf
3a351
3a07c
4133f
38614
3d6e8
4234d
3d141
39ad6
4234f
3e058
38618
39ad9
3bafe
3d142
3861b
3fda7
3ce71
3861d
3d6ec
3bb02
41432
3c7d2
3fda8
3c221
4427c
3d6ee
40d94
3d6ef
41340
3d148
3ce77
4427d
3e601
38628
41341
3bbef
38702
3a16d
39bc5
39531
39bc6
3d232
3e6ee
3c9b5
38708
3e6ef
3de7a
42cbd
3870b
3870c
3c9b6
40f78
3c8c3
3bbf2
40f7a
3d236
38710
3bbf5
3c312
3d7df
38713
40f7d
3d238
3e6f1
3d239
3e6f2
3c9bc
38717
40f7e
3e14d
40e91
3871b
388e3
39621
3970a
38da4
387f6
3970c
3caa6
3e23a
3970e
41f86
3e23b
39710
4252f
41f88
42db0
3c408
3ff8a
3be57
38800
3d8cf
3caaa
418e9
38803
38804
3d329
4445f
3ff8d
3caac
3e23d
3caad
3e23e
38808
40f81
3d8d5
3df6f
3880b
44462
388e4
38e94
39168
388e7
42ea0
388e9
397ff
3dab0
388eb
3d9bf
3dab1
388ed
3e8d4
39803
42622
3bf48
3d9c0
3bdd5
4115d
3d419
3bdd7
41707
4115f
419dc
3cb9d
41160
3c4fd
388f8
3dab3
388f9
3dab4
418eb
3d9c6
3d41f
388fc
41074
41163
418ec
389d7
38f87
3a719
39e98
41709
389dc
3d504
42169
3cf5d
398f3
4216b
3e420
389e0
398f6
3b91a
3cf5e
389e3
4016f
3cc8d
389e5
3d508
3b91e
417fa
3c5ee
40170
3c03d
44098
3d50a
41164
3d50b
4170a
3cf64
3cc93
44099
3e9c9
389f0
4170b
3934b
399e0
3907a
38acc
399e2
3cd7c
3e510
399e4
4225c
3e511
399e6
42805
4225e
42ada
3c6de
3fcb4
3c12d
38ad6
3d5f9
3cd80
41bc1
38ad9
38ada
3d053
44189
3fcb7
3cd82
3e513
3cd83
3e514
38ade
40d9e
3d057
3dc99
38ae1
41259
38bc1
3916b
3a8ff
3a629
418ed
38bc6
3dc9a
428f9
3d6f3
3a082
428fb
3e604
38bca
3a085
3bf4c
3d6f4
38bcd
40424
3d6f5
3ebab
3d6f6
3ebac
3d425
41438
3dca0
3e607
40426
38bd5
3925c
39adc
38cb5
43268
38cb7
3a173
3e424
38cb9
3dd8d
3e425
38cbb
3ec9c
3a177
429ea
3c8c6
3dd8e
3c03f
41529
3dd8f
4143a
3dd90
419e0
3d7e9
38cc3
4143b
3ec9f
4152b
419e1
39bcd
39cb6
39350
38da8
39cb8
3d058
3e7e6
39cba
42532
3e7e7
39cbc
42adb
42534
4335c
3c9be
40607
3c40d
38db2
3e519
38db3
3e51a
42351
3de83
3d05e
38db6
4152e
38db8
42352
38e98
3a352
39da9
39715
39e99
3d9c8
3ee7e
3d14b
38e9e
3ee7f
3e05e
4344d
38ea1
38ea2
3d14c
4170c
3cab1
3d14d
3e8db
3d14e
3e8dc
38ea6
406fb
3d9ce
3e061
38ea9
41621
38f89
39533
3acc7
3a445
41cb5
38f8e
3dab6
42715
3d50f
39e9f
42717
3e9cc
38f92
39ea2
3c314
3d510
38f95
40240
3d511
3ef73
3d512
3ef74
3d241
41800
3dabc
3e9cf
40242
38f9d
39624
398f8
3907d
43084
3907f
39f8f
3e240
39081
3dba9
3e241
39083
3f064
39f93
42db2
3c6e2
3dbaa
3be5b
41349
3dbab
41802
3dbac
41da8
3d605
3908b
41803
3f067
4134b
41da9
39f95
3a62a
39718
39170
3a62c
3d9cf
3ebae
3a62e
42ea6
3ebaf
3a630
4344f
42ea8
43728
3d335
409d4
3cd89
3917a
3e8e1
3917b
3e8e2
42719
3e24b
3d9d5
3917e
418f2
39180
4271a
39260
3acc8
3a71e
3a089
3a71f
3dd93
3f24a
3d516
39266
3f24b
3e9d2
43819
39269
3926a
3d517
41ad4
3d428
3d518
3eca3
3d519
3eca4
3926e
40ac8
3dd99
3e9d5
39271
419e9
39351
398fb
3b098
3a80f
4207d
39356
3e42a
42add
3de86
3a268
42adf
3ed94
3935a
3a26b
3c6e4
3de87
3935d
40bb9
3de88
3f33f
3de89
3f340
3d60c
41bc8
3e430
3ed97
40bbb
39365
399ec
39cc0
39445
439fc
39447
3a358
3e608
39449
3e51d
3e609
3944b
3f430
3a35c
4317a
3cab2
3e51e
3c7d7
41cb9
3e51f
41bca
3e520
42170
3df7c
39453
41bcb
3f433
41cbb
42171
39db1
3a447
39ae0
39538
3a449
3d7eb
3ef76
3a44b
42cc2
3ef77
3a44d
4326b
42cc4
43544
3d151
407f0
3cba5
39542
3e6fd
39543
3e6fe
42535
3e067
3d7f1
39546
41cbe
39548
42536
39628
3aae4
3a53a
39ea5
3a633
3dbaf
3f612
3d8de
3962e
3f613
3e7ee
43635
39631
39632
3d8df
418f4
3d244
3d8e0
3f06b
3d8e1
3f06c
39636
408e4
3dbb5
3e7f1
39639
41db1
39719
39cc3
3b463
3b18c
42445
3971e
3e7f2
43451
3e24e
3abdd
43453
3f160
39722
3abe0
3cab4
3e24f
39725
40f85
3e250
3f70b
3e251
3f70c
3df83
41f90
3e7f8
3f163
40f87
3972d
39db4
3a635
3980d
43dc4
3980f
3acce
3ef7c
39811
3e8e5
3ef7d
39813
3f7fc
3acd2
43546
3d429
3e8e6
3cba7
42081
3e8e7
41f92
3e8e8
42538
3e344
3981b
41f93
3f7ff
42083
42539
3a726
3a811
39ea8
39900
3a813
3dbb6
3f342
3a815
4308a
3f343
3a817
43637
4308c
43eb8
3d51c
41168
3cf70
3990a
3f071
3990b
3f072
42ea9
3e9db
3dbbc
3990e
42086
39910
42eaa
399f0
3aeb5
3a904
3a26e
3a9f4
3e523
3f9de
3dca9
399f6
3f9df
3ebb6
43fa9
399f9
399fa
3dcaa
42264
3d60f
3dcab
3f437
3dcac
3f438
399fe
4125c
3e529
3ebb9
39a01
42179
39ae1
3a08b
3b82b
3afa8
4280d
39ae6
3e60e
4326d
3e06a
3a9fa
4326f
3f528
39aea
3a9fd
3ce7c
3e06b
39aed
40da1
3e06c
3fad3
3e06d
3fad4
3dd9f
42358
3e614
3f52b
40da3
39af5
3a17c
3a451
39bd5
43be0
39bd7
3aaea
3ed98
39bd9
3e701
3ed99
39bdb
3fbc4
3aaee
4390e
3d245
3e702
3c9c3
41ea1
3e703
4235a
3e704
42900
3e160
39be3
4235b
3fbc7
41ea3
42901
3aaf0
3b18d
3a271
39cc8
3b18f
3e52a
3f70e
3b191
43a02
3f70f
3b193
43fab
43a04
44281
3de93
41530
3d8e7
39cd2
3f43d
39cd3
3f43e
43271
3eda3
3e530
39cd6
4244a
39cd8
43272
39db8
3b82c
3b281
3abe4
3b282
3e8eb
3fdaa
3e071
39dbe
3fdab
3f52e
44372
39dc1
39dc2
3e072
4262c
3df86
3e073
3f803
3e074
3f804
39dc6
41624
3e8f1
3f531
39dc9
42541
39ea9
3a454
3bbf6
3b373
42bd5
39eae
3ef82
43639
3e9de
3adcb
4363b
3f8f4
39eb2
3adce
3d247
3e9df
39eb5
41715
3e9e0
3fe9f
3e9e1
3fea0
3e167
42720
3ef88
3f8f7
41717
39ebd
3a545
3a81b
39f9d
44555
39f9f
3aebb
3f164
39fa1
3f075
3f165
39fa3
3ff90
3aebf
43cd6
3d610
3f076
3d33a
42811
3f077
42722
3f078
42cc8
3ead4
39fab
42723
3ff93
42813
42cc9
3a90c
3afaa
3a639
3a090
3afac
3e346
3fad6
3afae
4381e
3fad7
3afb0
43dc7
43820
4409d
3dcaf
4134c
3d703
3a09a
3f259
3a09b
3f25a
4308d
3ebbf
3e34c
3a09e
42816
3a0a0
4308e
3a180
3b648
3b09d
3aa00
3b196
3e707
40172
3e439
3a186
40173
3f34a
4418e
3a189
3a18a
3e43a
4244c
3dda2
3e43b
3fbcb
3e43c
3fbcc
3a18e
41440
3e70d
3f34d
3a191
42909
3a272
3a81e
3a274
3b73d
3be5c
3f9ea
3b73f
40428
3be5e
3a279
3f34f
40429
43fb0
3eda7
429f4
3eda8
42f9e
3f9ef
3d612
3eda9
3a280
41add
3edaa
3a282
429f6
3a284
43822
3a365
40519
3a367
3b831
3f440
3a369
3fdb1
3b833
43af4
3ee98
3b835
3b836
3e61e
3fdb3
3e61f
3fdb4
3bf53
3a371
3e620
42bd8
3e532
3e621
42bda
3f446
42bdb
43091
3b289
3b921
43181
3a45a
3ef89
43be5
3fbcf
3a45c
3fea4
3e70f
3a45e
3a45f
3c043
3fbd1
3c044
3fbd2
3a462
42bdd
3e077
41cc0
3dace
3a465
41cc2
3ef8f
41cc3
3a469
3aaf3
3b467
3add0
3b558
3e800
3ff94
3c133
44282
3f716
3b46c
43cd9
44283
3a552
3f626
3a553
3f627
4354b
3ff99
3dbbf
3f628
3d8e9
42dbd
3f629
3e806
3a559
42cd1
3a63a
3abe6
3a63c
3b55a
3c224
3f806
3b55c
40244
3c226
3a641
3f16b
40245
43dcc
3ebc3
42dc0
3ebc4
43366
3f80b
3d9da
3ebc5
3a648
418f9
3ebc6
3a64a
42dc2
3a64c
4363e
3a72d
40335
3a72f
3b64d
3f25c
3a731
40179
3b64f
43ebc
3ecb4
3b651
3b652
3e9e6
4017b
3e9e7
4017c
3c31b
3a739
3e9e8
429f8
3e34e
3e9e9
429fa
3f262
429fb
43459
3b653
3a821
3bceb
3f355
3a823
3ff9b
3bced
4455b
3f356
3bcef
3bcf0
3c413
3ff9d
3c414
3ff9e
3be67
3a82b
3f086
43092
3e9ec
3f087
43094
3f904
43095
4354f
3b745
3a913
3bdde
3f447
3a915
4008d
3bde0
440a1
3f448
3bde2
3bde3
3c505
4008f
3c506
40090
3bf59
3a91d
3ebcc
43184
3eade
3ebcd
43186
3f9f6
43187
43641
3b837
3aa05
3b924
3f539
3aa07
4017f
3b926
44193
3f53a
3b928
3b929
3c5f7
40181
3c5f8
40182
3c04b
3aa0f
3ecbe
43276
3e624
3ecbf
43278
3fae8
43279
43733
3b37d
3aaf7
3ba16
3f62b
3aaf9
3fcc5
3ba18
44285
3f62c
3ba1a
3ba1b
3c6e9
3fcc7
3c6ea
3fcc8
3c13d
3ab01
3edb0
43368
3e716
3edb1
4336a
3fbda
4336b
43825
3b46f
3abe9
3bb08
3f171
3abeb
3fdb7
3bb0a
44377
3f172
3bb0c
3bb0d
3c7db
3fdb9
3c7dc
3fdba
3c22f
3abf3
3eea2
4345a
3e808
3eea3
4345c
3f720
4345d
43917
3b561
3acdb
3bbfa
3f263
3acdd
3fea9
3bbfc
44469
3f264
3bbfe
3bbff
3c8cd
3feab
3c8ce
3feac
3c321
3ace5
3ef94
42fa4
3e8fa
3ef95
42fa6
3f812
42fa7
43a09
3bc00
3add4
3f632
3add5
3f633
4437a
3c9c6
3e9ed
3feb0
3e16e
43643
3feb1
3f636
3addb
43553
3aec4
3bcf3
3c508
3ffa0
3c509
3ffa1
3c232
3aec9
3f17a
43734
3f08a
3f17b
43736
3ffa4
43737
43bed
3bde4
3afb8
3f26a
3afb9
3f26b
4455e
3cbaa
3e625
40094
3e352
43827
40095
3f26e
3afbf
4373b
3b0a8
3b92b
3c6ec
40184
3c6ed
40185
3be6a
3b0ad
3f35e
43918
3ecc2
3f35f
4391a
40188
4391b
43dd1
3ba1c
3b19c
3f44e
3b19d
3f44f
44196
3cd8e
3e809
3fccc
3e536
43a0b
3fccd
3f452
3b1a3
4391f
3b28c
3bb0f
3c8d0
3fdbc
3c8d1
3fdbd
3c04e
3b291
3f542
43554
3eea6
3f543
43556
3fdc0
43557
43fb5
3c6ef
3feb3
3c050
3fbe1
3c051
3fbe2
3b383
42be1
3fbe4
3c6f1
3b386
42be2
440a7
3b389
3c7e1
3ffa5
3c142
3f727
3c143
3f728
3b475
42cd3
3f72a
3c7e3
3b478
42cd4
44199
3b47b
3c8d3
40097
3c234
3f819
3c235
3f81a
3b567
42dc5
3f81c
3c8d5
3b56a
42dc6
4428b
3b56d
3c419
40189
3c326
3f90b
3c327
3f90c
3b659
42eb7
3f90e
3c41b
3b65c
42eb8
4437d
3b65f
3c50b
3fccf
3be6c
3f9fd
3be6d
3f9fe
3b74b
429fd
3fa00
3c50d
3b74e
429fe
4446f
3b751
3c5fd
3fdc1
3bf5e
3faef
3bf5f
3faf0
3b83d
42aef
3faf2
3c5ff
3b840
42af0
44561
3b843
3c600
4018e
3c055
3d523
3c056
3faf3
3b92f
4318d
3c604
3cca2
3b932
4318e
40acd
3b935
3c6f2
3fcd4
3c147
3d615
3c148
3fbe5
3ba21
4327f
3c6f6
3cd94
3ba24
43280
40bbf
3ba27
3c7e4
3fdc6
3c239
3d707
3c23a
3f72b
3bb13
43371
3c7e8
3ce86
3bb16
43372
40cb1
3bb19
3c8d6
3feb8
3c32b
3d7f9
3c32c
3f81d
3bc05
43463
3c8da
3c9cc
3bc08
43464
407f7
3bc0b
3c41c
3ffaa
3be71
3d8eb
3be72
3f90f
3bcf7
42fa9
3c420
3cabe
3bcfa
42faa
408e9
3bcfd
3c50e
4009c
3bf63
3d9dd
3bf64
3fa01
3bde9
4309b
3c512
3cbb0
3bdec
4309c
409db
3bdef
3d433
40430
3bf69
43920
3be78
4456c
42af3
3be7a
3c32f
44478
3be7d
42fac
45adc
43ece
3c333
45ade
3be81
3d8ed
4447b
3d344
3c423
3ffb1
3be84
3f912
3ffb3
3be86
43fc2
3ffb5
3be88
42cd6
4447c
4272b
4cd3f
42fb0
3c42b
4cd40
44570
3ffbb
42cd8
4447f
4272d
4874b
42a02
4874c
42a03
4cd43
44481
3c433
3cd95
40341
3c514
3fcda
3d347
408eb
3cca4
3be98
3fbe7
440b0
3f368
3c6fb
43831
40344
43ed2
3cca9
3be9d
409dd
3ccab
3be9f
48c07
40cb3
3c702
43ed3
3c703
40439
45ea4
43fc3
3bea5
45ea6
40cb5
48c0b
44f88
3bea8
3bea9
3fa05
43834
3f36a
3f273
43835
3bead
43fc5
3fcde
430a0
3fa09
430a1
3fa0a
43fc6
42a0a
3fa0c
44298
43a13
3fa0e
3beb5
3fa10
48566
43191
4c796
43fca
3beb9
45625
3fa14
4c798
4856b
42730
43ed7
42181
4819f
42454
481a0
42455
4ca69
43ed9
3fceb
42a0e
44485
43837
40348
3bec5
43924
45bd2
44573
4043f
4cd47
45bd5
42a0f
48474
43926
4ca6b
43838
42fbb
48c0f
44615
42a13
3becf
48476
42a15
4c79e
43927
42fbc
3bed3
45628
3bed4
48291
3bed5
48c12
44708
43fd2
4856e
43fd3
4856f
44709
44618
4c7a2
45bda
48c15
44da4
48c16
44da5
3bee0
4c7a5
48479
3bf6e
43b04
40523
43b05
3c05c
45715
43195
3c05e
3cbb1
40707
3c516
400a2
3f457
43652
3ebd6
3bf77
40ace
400a6
3bf79
43b08
400a8
4373c
3c51d
4373d
3c51e
44577
430a9
3c520
3bf7f
3c522
4373e
3bf81
4373f
3bf82
43fd4
3bf83
4883f
3c526
4c88a
3bf86
3faf5
4457c
3d438
3c7e9
3dcb5
3bf89
3d70a
3cd99
43928
3c7ec
3fced
40443
3c7ee
430ad
3bf8e
4392b
3cd9e
3bf90
40acf
3cda0
3c7f3
48cfa
42af9
48cfb
3bf95
44388
3cda5
45f97
4052d
3bf98
45079
3cda8
48cfe
4507b
3eeab
42afa
3e62a
3fdce
42afb
3f36e
3fdcf
3bfa0
42820
43fd9
42271
4c2d8
42afd
3fafd
4c2d9
43559
3faff
4c2da
43b0e
3fdd7
43b0f
3bfa9
48659
3fb04
4516a
4355c
4c2dd
4516c
3fb07
3fdd8
43198
3bfaf
43199
3bfb0
43a18
3bfb1
48299
3fddc
4c2e1
3bfb4
4392e
3bfb5
48cff
44580
42be6
440b9
40530
45719
447f6
40532
3bfbb
43fe1
3bfbc
48573
42b04
3bfbe
44581
42b06
4c88e
44712
43fe5
4c88f
4829f
42be7
4571c
44713
43b15
4865e
44e93
4c005
447f9
3bfc8
4c2e6
45170
4c892
45171
3bfcb
4c893
44715
3bfce
447fd
4c895
48386
4c896
48387
48576
3bfd3
3c14b
3d06c
3c061
43286
45806
43bfc
3c14f
45808
3c065
3d525
440bc
3cf7c
3c609
40197
3c068
3fb09
40199
3c06a
43bfd
4019b
3c06c
42eba
440bd
4290f
4c977
4319e
3c611
4c978
441a9
401a1
42ebc
440c0
42911
4892f
42be8
48930
42be9
4c97b
440c2
3c619
3c9cd
40533
3c705
3febe
3cf7f
40ad1
3ce8a
3c07c
3f81f
4429c
3f54c
3c8df
43a1f
40536
43b1d
3ce8f
3c081
408ec
3ce91
3c083
48deb
408ed
3c8e6
43b1e
3c8e7
4061e
46088
43bff
3c089
4608a
408ef
48def
44bc0
3c08c
3c08d
3fbeb
43a22
3f54e
3f45f
3f550
3c091
43c01
3fec2
43288
3fbef
43289
3fbf0
43c02
42bf0
3fbf2
4448d
43654
3fbf4
3c099
3fbf6
48750
43375
4c3ce
43c06
3c09d
4525d
3fbfa
4c3d0
48755
42914
43b22
42365
48389
42638
4838a
42639
4cc4d
43b24
3fecf
42bf4
440c6
43a25
4053a
3c0a9
43561
4580a
441ac
40624
4c97f
4580d
42bf5
48664
43563
4cc4f
43a26
431a9
48df3
44803
42bf9
3c0b3
48666
42bfb
4c3d6
43564
431aa
3c0b7
45260
3c0b8
47ec9
3c0b9
48df6
448ec
43c0e
48758
43c0f
48759
448ed
44806
4c3da
45812
48df9
44f8e
48dfa
44f8f
3c0c4
4c3dd
48669
3c152
43cec
40709
43ced
3c240
458f9
43379
3c242
3c9cf
40626
3c435
3de9a
3f63b
43b2d
3c9d2
3c15b
4070b
3c9d4
43567
3c43a
48eda
4070c
3c43c
40f88
4070e
3c9d9
3c162
4328f
3c163
3c706
3fcee
3c165
3d61a
3edbb
43290
3c709
3fcf1
40449
3c70b
442a1
40710
3c70d
43291
3c16c
42a17
3c16d
441b2
3fcf8
3c16f
4ca6f
3c171
43294
4847a
42a19
4ca70
43295
48ede
43c13
3c175
4847e
4847f
3d071
43c14
3cac2
3c179
44585
3c9dd
4617b
40713
3c17c
44cb1
3c9e0
48ee2
44cb3
3f091
42ce2
3e80e
3ffbf
3c182
43298
3ffc0
3c184
4245c
43c15
41ea9
4c4bc
42ce5
3f737
4c4bd
43745
3f739
4c4be
43cf6
3ffc8
43cf7
3c18d
48843
3f73e
4534e
43748
4c4c1
45350
3f741
3ffc9
4337c
3c193
4337d
3c194
43659
3c195
47ed1
3ffcd
4c4c5
3c198
4356b
3c199
48ee3
441b9
42dce
442a5
40716
458fd
449da
40718
3c19f
43c1d
3c1a0
4875d
42cec
3c1a2
441ba
42cee
4ca76
448f6
43c21
4ca77
47ed7
42dcf
45900
448f7
43cfd
48848
4507d
4c1e9
449dd
3c1ac
4c4ca
45354
4ca7a
45355
3c1af
4ca7b
448f9
3c1b2
449e1
4ca7d
47fbe
4ca7e
47fbf
48760
3c1b7
3c335
3d250
3c245
4346a
459ea
43de2
3c339
459ec
3c249
3c529
3df8b
3c24b
3d9e2
3cac6
4365f
3c52c
3ffd0
40251
3c52e
4107a
40253
3c530
3c252
42dd0
442a8
4071c
3c533
48a22
42dd1
48a23
3d161
3c7f9
3fde1
3c258
3f742
43c24
3f184
3c7fc
3fde5
3c25c
43de4
3fde7
3c25e
42b0a
442ab
4254b
4cb5f
43384
3c803
4cb60
44395
4254c
43feb
3c806
43fec
3c807
442af
3c808
48a25
43388
3c268
3c8e8
400ae
3c26a
3f822
40257
45cc0
43de5
3c26d
45cc2
40ad5
48a27
44daa
3c270
3c271
3f823
43663
3f186
3f187
3f644
3c275
43de7
400b3
4346c
3f827
4346d
3f828
43de8
42dd8
3f82a
440ce
43843
3f82c
3c27d
3f82e
48934
42fbe
4c5b2
43dec
3c281
45441
3f832
4c5b4
48939
42550
43d0a
41f9d
47fc1
42824
47fc2
42825
4c899
43d0c
400c0
42ec0
44397
4025c
459ef
44acc
4025e
3c28e
43665
3c28f
48a2a
442b3
42ddd
4884e
4374f
4c89b
43667
4338d
48a2b
449e7
42de1
3c297
48850
42de3
4c5ba
43750
42fbf
480ac
42fc0
4893b
4338e
3c29d
48a2e
44ad0
43df4
4893c
43df5
4893d
44ad1
449ea
4c5be
459f6
48a31
44bc6
48a32
44bc7
3c2a8
4c5c1
48853
3d251
43df6
3ccb9
3c33d
3c61b
3dad1
3d254
407fe
3cbb8
3c341
3fb0b
4458b
40261
3c620
43472
3c344
43754
3cbbd
3c346
40bc4
3cbbf
3c625
48b14
42ec3
48b15
3d255
3c8eb
3fed3
3c34c
3f834
43d16
3f278
3c8ee
44492
40350
3c8f0
44493
4263c
43b2f
3feda
43b30
3fedb
3c354
443a0
3fedd
3c8f6
4263e
43b31
3c8f8
43b32
3c8f9
443a2
3c8fa
48b17
4347a
3c35c
3cbc2
44e98
40352
4cc57
44e9a
3cbc5
45db5
43eeb
4cc58
45db7
3f279
4347b
3ecca
3c365
3f18a
43756
40354
3f91a
42ec8
3c369
42641
3c36a
43dfc
401aa
3c36c
43eee
401ac
3c36e
4c6a3
3c370
45530
3f923
4be1f
4393c
48482
441c3
3c374
48484
45535
4208e
43574
401b0
43575
401b1
43dff
401b2
4c6a8
42ecd
3c37b
40264
43e01
40265
3c37e
44ad6
42fc5
4461a
43ef4
3c381
45ae2
4461d
42918
480b8
42919
4c6aa
42fc6
3c386
44ad7
43e04
3c388
48b1e
43e06
42ed4
48b1f
43e08
3c38c
45536
3c38d
481ab
3c38e
4cc5c
45ae5
43ef8
3c391
481ac
3c392
481ad
44499
3c394
4c6b0
45ae9
44add
3c398
4848a
3c399
4848b
48b25
480bd
3d9e3
40721
3c537
43668
3c446
4458e
430ba
3c448
3c8fd
3d8f2
3c44b
42fc7
4608e
408f4
3c901
46090
3c44f
4329d
448fa
42fc9
491b0
4357a
3c9e7
441c5
3c9e8
48ef0
448ff
3d8f3
40e98
3d258
3c457
409e7
3d25a
3c459
408f6
4449f
40636
491b3
408f7
3ccc1
491b4
409e9
3ccc3
3c45f
3d262
4553c
4044e
491b6
4458f
3c463
46453
44590
491b8
46455
3c467
4357d
4044f
45bdc
43fee
3c46a
44718
3ffd4
4c4d1
44593
3c46d
3c46e
4357e
3c46f
44bc9
4357f
3c471
48ef3
430bb
44cba
409ef
3c474
48ef4
44bcc
44596
3c477
491bb
43efe
48c18
44625
3c47a
44bcd
44626
3c47c
48765
444a7
3c47e
4cd5b
43f00
4375c
45be2
4375d
48855
44598
48856
44599
48857
44cc0
3c485
4cd5e
48efa
44629
4535c
491c1
4535d
44bd0
491c2
4618c
48efd
3c627
3d52a
3c53d
431ab
45cc6
40ad8
3c62b
45cc8
3c541
4338f
449ec
430bd
492a2
4366e
3cad9
442b7
3cada
48a36
449f1
3d9e5
40f8b
3d34a
3c549
40ad9
3d34c
3c54b
409f3
4459e
4072b
492a5
409f4
3cdb3
492a6
40adb
3cdb5
3c551
3d354
4562e
40540
492a8
440d5
3c555
46545
440d6
492aa
46547
430c1
3f92b
40541
45722
43b34
3c55c
4480a
400c6
4c5c3
440d9
3c55f
3c560
43760
45cca
440db
4026c
3c563
43672
3c564
44cc5
43673
3c566
48a3a
44cc8
440dc
3c569
492ad
43ff2
48d0a
44723
3c56c
44cc9
44724
3c56e
4885d
445a6
3c570
4c8a1
43ff4
4384e
45728
4384f
48947
440de
48948
440df
48949
44db2
3c577
4c8a4
48a40
44727
4544e
492b3
4544f
44ccc
492b4
45cd2
48a43
3c719
441c6
3c62f
4329f
45db8
40bca
3c71d
45dba
3c633
43481
44ade
431af
49394
43764
3cbcb
443a9
3cbcc
48b28
44ae3
3d52b
4107d
3d43c
3c63b
40ae5
440e4
40271
49396
4063b
3cea3
49397
40ae6
3cea5
49398
40bcd
3cea7
3c643
3d446
45174
4063e
4939a
441c9
3c647
46637
441ca
4939c
46639
431b3
3fa1d
4063f
45814
43c28
3c64e
44902
401b8
4c6b5
441cd
3c651
3c652
43768
3c653
44db7
43769
3c655
48b2b
432a1
44e9e
40bd3
3c658
48b2c
44dba
441d0
3c65b
4939f
43b38
48dfc
44815
3c65e
44dbb
44816
3c660
4894f
440ec
3c662
4c993
43b3a
43940
4581a
43941
4848d
441d2
4848e
441d3
4848f
44ea4
3c669
4c996
48b32
44819
45546
493a5
45547
44dbe
493a6
45dc4
3c671
3c80b
3d70e
3c721
43391
45eaa
40cbc
3c80f
45eac
3c725
3de9b
41443
3d61e
3c9ec
432a3
3c728
432a4
3c729
40cbd
3cf86
3c72b
40cbe
3cf88
3c72d
41264
3cf8a
3c9f4
40361
43f08
3ccc6
441d8
3ccc7
48c1a
42fd7
48c1b
441d9
3c735
3cf8c
45266
40733
4948c
442bb
3c739
46729
442bc
4948e
4672b
3c73d
43859
40734
45906
43d1a
3c740
449f4
3fcfe
4c7a7
442bf
3c743
3c744
4385a
3c745
44ea9
4385b
3c747
48c1f
43393
44f90
40cc5
3c74a
48c20
44eac
442c2
3c74d
49491
43c2c
48efe
4490d
3c750
44ead
4490e
3c752
48495
441e0
3c754
4ca85
43c2e
43a32
4590c
43a33
4857f
442c4
48580
442c5
48581
44f96
3c75b
4ca88
48c26
44911
45638
449fd
48c27
44eb0
49498
45eb6
48c29
3c903
3d800
3c813
43483
45f9c
40802
3c907
45f9e
3c817
3df8d
41535
3d710
3cade
4107e
40277
3cae0
43395
3c81c
43396
3c81d
40cca
3d07a
3c81f
48fce
40ccb
3cae6
40459
43ffc
3cdb8
442ca
3cdb9
48d0c
430cb
48d0d
442cb
3c827
3d07e
4535e
40279
48fd2
443ad
3c82b
4626f
443ae
48fd4
46271
3c82f
4394b
4027a
459f8
43e15
3c832
44ae6
3fdf0
4c2ed
443b1
3c835
3c836
4394c
3c837
44f9b
4394d
3c839
48d11
43485
45082
4080b
3c83c
48d12
45085
4080d
3c83f
48fd7
43d1e
48a44
449ff
3c842
44f9f
44a00
3c844
48587
442d2
3c846
4cb77
43d20
43584
459fe
43585
48671
443b6
48672
443b7
48673
45088
3c84d
4cb7a
3c84f
48fdc
4517e
44aef
48d19
44fa2
48fde
45fa8
48d1b
3cbce
3e07d
3c90a
3dad4
3d167
3c90c
41171
3d169
43a38
3cbd3
43a39
3cbd4
43d22
40811
3cbd6
41719
408ff
3d16f
42c02
440ee
4054c
4481b
4054d
3c917
43b43
3c918
4481e
3ceae
4036a
4635e
41173
3c91c
45452
3d173
490c5
45454
3c91f
3c920
3f747
43d24
43f0a
3c923
44631
3fee1
45aec
43677
4cc65
44634
3fee4
4054e
43d25
4054f
3c92a
443c0
40551
3c92c
43586
46092
444b1
40643
3c92f
490c8
44bd5
40906
3c932
443c1
3c933
48677
42fd9
46097
43d27
443c2
490ca
44af3
43492
490cb
45093
444b3
48768
44637
4c3e1
44638
48e08
44639
4cc6b
46098
444b7
3c940
4876c
3c941
4876d
48e0b
44af5
4609a
48e0c
45094
490d1
3df8f
40736
3cae9
4367a
3c9f8
40f92
4367b
3c9fa
3ceaf
3de9e
3c9fd
40e9f
4663a
40bdf
3ceb3
4663c
3ca01
432b0
44eb2
432b1
4949a
40be1
4975c
4358b
3ca05
44eb6
44eb7
3de9f
3d269
3e71e
3ca09
40be3
443c8
4064a
4975e
409f9
3d26d
4975f
40ea3
3d26f
49760
40f95
3d271
3ca11
3d80e
469fc
4073a
49762
40f98
3ca15
45af9
3d812
49764
46a01
3ca19
43b4b
40be5
443cc
40be6
4064d
45182
42fda
44bdc
43592
3ca1f
44bde
40651
3ca21
494a0
40cd2
444bb
4073c
46731
45274
4073e
45912
4073f
4618f
44a06
494a2
45275
40742
49769
45185
45277
40ea7
3ca2d
4976b
44915
3ca2f
45187
444bd
43d29
46191
44916
4976c
3ca34
46192
3ca35
46193
45189
3ca38
4527b
4976f
3caee
40815
4027d
43d2a
3cbdc
46273
43d2b
3cbde
40460
43c3a
3d085
442d5
3d086
43c3b
3d087
48fe1
40cd7
3caf8
3d35a
3e80f
3cafa
3e264
3d8f7
43680
3d35d
43681
3d35e
41352
40aec
3d360
444bf
40fa1
3d362
418fc
41088
3d8ff
41089
3cb05
46aef
3d902
45bea
40aee
49855
45bec
3d905
3fee7
444c1
3cb0c
4376e
46276
4108d
40283
48fe5
44af6
4cb7f
44dc1
3cb11
45a06
3cb12
48a47
4627a
40747
43c40
40748
3cb16
43c41
4074a
44a0a
4074b
48a48
44a0c
3cb1a
48a49
45280
4081a
3cb1d
48feb
45282
4536a
430cd
48a4a
43c43
4376f
4627d
44dc3
4cb80
3cb25
48fec
44dc4
44afb
48a4d
45284
48fee
4627e
48a4f
3cccb
3dbc8
3cbe1
41175
46364
40909
3cccf
46366
3cbe5
43770
3cbe6
45097
3d178
43a42
3cbe8
43a43
3cbe9
4509a
4509b
3dad7
41629
3d9e8
3cbed
4081e
445b0
4028c
49942
40be9
3d451
49943
41092
3d453
49944
41179
3d455
3cbf5
3d9f2
46be0
40374
49946
4117c
3cbf9
45731
3d9f6
49948
46be5
43774
3ffda
40820
445b4
40821
4028f
45370
431be
44dc6
43778
3cc03
44dc8
40293
3cc05
490d8
4090a
440f3
40376
46369
45458
40378
45afc
40379
45dc7
4463e
490da
45459
4037c
4994d
45373
4545b
41096
3cc11
4994f
44aff
3cc13
45375
440f5
43f0d
45dc9
44640
48b3e
44641
3cc18
44b01
49951
45377
3cc1c
4545f
49953
3ccd2
409fd
40463
43f0e
3cdc0
46457
43f0f
3cdc2
3d52d
41182
3cf99
3e9f4
4037d
43e20
3d530
43e21
3d531
3ccdc
41539
3d533
3ccde
440f8
3d535
3cce0
49a35
3cce2
43866
3cce3
44be3
3d275
43597
3cce5
43598
3cce6
44be6
44be7
4126d
3cce9
46cd3
3d53a
45822
40ce1
49a39
45824
3d53d
400cb
440f9
3ccf0
43869
3ccf1
45461
4386a
3ccf3
441e6
3ccf4
44ebf
4386d
49a3c
45463
4386f
3ccf8
43954
4645a
41271
40469
491cd
4472e
4cd63
44fab
3ccfd
45bf0
3ccfe
48c2d
4645e
40915
3cd01
491d1
45466
4554e
432b3
48c2e
43e29
43955
46461
44fad
4cd64
48c30
44647
44fae
491d3
44faf
45468
491d4
46462
48c33
3ceb5
3ddac
3cdc5
40dad
46548
40af1
3ceb9
4654a
3cdc9
3e539
41ae1
3dcbc
3d08c
41275
3cdcc
40a04
3cdcd
40daf
3d624
3cdcf
41276
3d626
3cdd1
4957a
41277
3d094
40471
44cda
40472
4957d
40a06
445b7
40750
44cdd
40a07
3cdd9
3d62a
46818
40558
4957e
40db4
3cddd
4591b
3d62e
49580
4681d
4395a
3fd02
40a08
441ee
40a09
40475
45554
433a4
44fb0
4395e
3cde7
44fb2
40479
3cde9
492be
40af2
442d9
4055a
4654d
4563c
4055c
45734
4055d
45fab
44822
492c0
4563d
40560
49585
45557
4563f
40db9
3cdf5
49587
44737
3cdf7
45559
442db
43b51
45fad
44738
49588
3cdfc
45fae
3cdfd
45faf
4555b
3ce00
45643
4958b
3cebc
3e07f
3d713
40dba
3d17f
40dbb
3cebf
40af6
3cec0
40ea8
3d717
3cec2
40ea9
3d719
3cec4
41449
3d71b
3d457
4377d
3cec7
4377e
3cec8
43a4a
3cec9
44dcf
3d45b
493ac
3cecc
45a0a
3d71d
493ae
40918
4690c
4171f
3ced0
4690e
45a0f
3fdf5
3ced3
40565
4400a
40566
3ced6
4400b
40568
44826
40569
48e0e
44828
3ceda
48e0f
45648
40657
43b52
3cedd
4518b
40eb1
3cedf
44be8
3cee0
45827
4065c
4609e
4065d
3cee3
493b3
4400c
40bef
3cee6
49678
46644
443d3
490e3
443d4
43a54
3ceeb
45829
3ceec
493b6
450a7
4582a
4967b
4582b
46646
48e16
4564c
493b9
3e53b
40ce2
3d097
4153d
3cfa6
441f2
40ce4
3cfa8
3d45d
4144a
3cfab
4118a
46be6
43b55
3d461
46be8
3cfaf
4118c
4546a
4091b
49a46
4118d
49d08
43b57
3cfb3
4546e
4546f
3cfb6
3e71f
42274
3e44c
3d817
4118f
3cfb9
4144f
3ddb4
3cfbb
41190
3cfbc
41540
3ddb7
3cfbe
41ae2
3ddb9
3ddba
46fa8
40ce6
49d0e
41544
3cfc3
460a5
3ddbe
49d10
46fad
41191
4573a
4573b
43b5b
40661
44ec4
40662
43c48
3cfcb
45195
40664
46cdd
41453
41193
49d12
44ec6
40bfc
49a4b
43b60
40bfe
49d14
41547
40ce9
49a4d
44fb6
48c34
45287
3cfd7
45ec0
3cfd8
494b0
46ce1
41194
3cfdb
49a51
46ce3
44fb9
48c35
45198
3cfdf
44fba
494b3
44fbb
3cfe2
494b4
45834
46ce5
3d09b
40dc1
3e082
40829
442e5
40752
3d09f
41630
46821
40a0c
441f5
4047c
4555d
40cef
4555e
40cf0
49dfb
441f7
3d635
3dea1
3e53d
3d908
3edbe
3d0aa
40cf1
441f8
40666
3d90b
49dfc
40cf2
49dfd
41097
3d90e
49dfe
41633
3d910
3d0b2
46194
3dead
49590
41099
4709c
41901
3d0b6
4709e
46199
40cf3
441fa
4154f
4066a
3d0bb
41638
46822
4368d
49862
44fbd
3d0be
4591f
40dc5
3d0c0
46825
443d5
46280
450a9
48ff3
4537a
49e04
46826
45923
3d0c6
45839
43c51
3d0c8
4528e
43c53
49e07
4583b
43c55
3d0cc
49596
4583d
45925
443d6
46283
44fc0
49e0a
3d0d2
46284
3d0d3
46285
4583f
3d0d6
4959b
4682b
3d18e
40eb3
40297
43e2c
3d27c
46911
40eb5
3d27e
40575
4400e
3d723
4400f
3d724
442ea
3d725
4967f
40dc9
3d198
3d9f8
3eeaf
3d19a
3e904
3df95
4163d
3d9fb
41723
40759
3d9fd
43d3f
3d9fe
419f1
41196
3da00
41f9e
41726
3df9d
41727
3d1a5
4718d
3dfa0
45cdc
41198
49ef3
45cde
3dfa3
40299
450ae
4029a
43e2e
3d1ac
4537f
4029c
46915
40dcc
45928
45929
43d42
4083b
3d1b2
442f0
4083d
490e5
450b1
3d1b5
490e6
4592e
40922
46916
45a13
40924
460a8
40925
46373
44bf0
49686
45a14
40928
49efa
4592f
45a16
4172d
3d1c1
460ab
3d1c2
46376
3d1c3
46377
490eb
450b3
3d1c7
49efe
3d1c9
4968d
3e265
40a0e
3d36d
41813
3d282
444ca
40a10
3d284
3d544
3dada
4172e
3d546
3efa2
4029d
43e30
3dadd
3d28a
41731
3dadf
443dc
3dae0
3d28d
41ae5
3dae2
3d28f
49fe1
40bff
443dd
4066c
4519b
4092b
4519c
4092c
49fe3
443df
3d824
40a11
49775
45dcd
3d298
41ae6
3dae7
47281
4181b
3d29b
3d29c
41732
3d29d
49fe7
443e1
4092e
45476
40a13
444cb
4038f
491d6
43f21
3d2a3
45a1d
43e37
3d2a5
45478
43e39
49fe9
45a1f
43e3b
3d2a9
45b04
4181e
3d2ab
45562
3d2ac
4619b
40a18
46466
40a19
3d2af
4977b
443e3
40fae
3d2b2
49fed
45565
491db
491dc
44bf9
45566
4977f
45567
45a22
49780
46a0e
491df
3d463
3e358
3d373
4109c
46af4
44011
3d467
46af6
3d377
3eae7
3dbcc
41820
3d638
40faf
3d37a
4135b
3dbcf
3d37c
40fb0
3d37d
4135c
3dbd2
3d37f
41902
3dbd4
3d640
4075d
43c56
3d912
43c57
3d913
444d0
3d914
49865
40fb3
3d387
3dbd6
46dc4
40b04
49b2a
41360
3d38b
45ec7
3dbda
49b2c
46dc9
40fb4
45b0c
45b0d
43f27
4047f
44ce6
40480
44012
3d393
45569
40482
46af9
41826
40fb6
49b2e
44ce8
40a24
49869
43f2c
40a26
49b30
41363
40b07
4986b
44dd2
48a50
45655
3d39f
45ce2
3d3a0
492cc
46afd
40fb7
3d3a3
4986f
46aff
44dd5
48a51
4556c
3d3a7
44dd6
492cf
44dd7
3d3aa
492d0
45bfc
46b01
3d469
3d729
3ebd9
3d46b
3e62e
3dcc0
41367
3d72c
41454
40485
3d72e
44015
3d72f
41cc8
40ec3
3d731
42275
41457
402a3
43d48
3da04
43d49
3da05
445c2
3da06
49957
410a5
3d479
3dcc8
46eb6
40c02
49c1c
41459
3d47d
45fb9
3dccc
49c1e
46ebb
410a6
45bfe
45bff
44019
40577
44dd8
40578
43b64
3d485
4565b
4057a
46beb
4136c
410a8
49c20
44dda
40b16
4995b
4401e
40b18
49c22
4145c
40c05
4995d
44eca
48b42
451a1
3d491
45dd4
3d492
493be
46bef
410a9
3d495
49961
46bf1
44ecd
48b43
4565e
3d499
44ece
493c1
44ecf
3d49c
49964
46bf3
45c07
3d54f
3d642
41ae8
40c0b
44200
40398
3d553
41aea
47287
3d556
41735
402a5
419f7
3da0c
47193
41737
3da0e
402a7
43e3c
3daeb
44110
3daec
49ff2
40ec7
49ff3
44111
3d560
3ddc0
3f27d
3d562
3ecce
3e35d
4173b
3ddc3
4173c
3ddc4
41aeb
40b1d
3ddc6
42368
41552
3ddc8
4291a
41aee
3e365
41aef
3d56d
47555
3e368
46650
41554
4a2bb
46652
3e36b
402ac
419fd
402ad
3d574
44116
402af
3d576
4182a
47288
44203
40489
4646a
4048a
46ce7
40b20
3d57b
44117
3d57c
4574f
411a6
3d57e
45750
44119
4a2bf
45cec
4411b
3d582
45dda
41af4
3d584
4646c
41298
46ce9
41299
3d587
49ffc
45dde
41af5
3d58a
49ffe
45753
4646e
4a2c5
4646f
3d58f
4a2c6
3d591
4a001
3e62f
40dd4
3d735
4136e
3d64a
442f3
40dd6
3d64c
3dbdc
4182d
3d64e
4182e
3d64f
45b18
40a28
45b19
4129c
4a3a7
3d653
3deb3
3f36f
3d655
3edc0
3e450
41830
3deb6
41831
3deb7
41bdd
40c13
3deb9
41eae
41644
3debb
42460
41be0
40dd7
49b3b
46741
3d660
41eb0
3e45b
47649
41be3
3d663
3d664
41832
3d665
45de3
41833
3d667
49b3d
40dd9
45eca
40d00
3d66a
45932
3d66b
4655d
3d66c
4a3b0
43c58
49e0e
45575
3d66f
45ecc
41be6
3d671
4655e
40dde
4682f
40ddf
3d674
49b40
41835
412a3
495a2
45577
3d678
495a3
45de9
41372
3d67b
4a3b5
495a4
45579
45936
45665
495a5
45dea
49b46
46dd6
495a7
3d825
3e722
3d73b
40ec9
46ebc
40844
3d829
46ebe
3d73f
410aa
45c08
40de1
4a498
41375
3dcd1
445c9
3dcd2
49c2c
45c0d
3e631
3dfa5
3f462
3d747
40d03
442f8
40493
4a49a
40d04
3dfa9
4a49b
41741
3dfab
4a49c
41cd1
3dfad
3d74f
3e54a
47738
40ecc
4a49e
41cd4
3d753
46289
3e54e
4a4a0
4773d
40de5
45ed4
442fb
40de6
4a4a1
45ed7
40845
443e8
40580
46ec1
451a6
493c4
45a2b
49690
43d4a
49f00
45667
3d760
4a4a2
41bee
442fe
3d763
4593b
40deb
3d765
49c31
41463
3d767
46ec3
451a8
49694
45a2d
4a4a5
46ec4
45fc1
3d76c
49c35
46ec7
45a2e
451ab
49696
4566a
4593d
3d772
49698
45fc4
46ec9
3d82b
3d918
41dbe
40937
444d8
40670
3d82f
41dc0
46fb1
3e723
42277
3e086
3d833
40849
443ea
40582
4a58a
4084a
3daf5
4a58b
41836
3daf7
4a58c
41dc3
3daf9
3d83b
3ddcb
41467
3d83d
41468
3d83e
45756
40c18
45757
40ed8
4a58f
3d842
46378
3e091
49d22
41838
4782c
42097
3d846
4782e
4637d
4084c
443ee
4084d
40588
45fc8
4146c
40671
41dc8
3d84d
460af
40fc0
46a10
45299
494b7
41cdf
4093b
451ac
4093c
49783
4146d
40edd
49784
451af
3d856
49785
45fcd
40fc1
46fb4
460b1
40fc3
46a12
4529b
49d27
460b2
40fc6
4a598
46fb8
460b5
451b0
4a59a
3d862
46a14
3d863
46a15
45fcf
3d866
460b7
4a59d
410ac
3da10
40761
41905
3da12
470a1
41649
3da14
3e177
41dcc
3dbe3
3f646
40673
41dcd
3e17a
444dd
3e17b
3d928
41dcf
3e17d
3d92a
42187
3e17f
3d92c
4a0d3
3d92e
412a7
4584c
40fc9
4a0d4
4155f
3dec0
44211
3dec1
49e12
45851
4190b
3d935
47371
3e184
46472
4137f
4a0d7
46474
3e187
402b0
4628c
402b1
46b03
40678
41dd0
40679
3d93e
444e2
4067b
3d940
4164a
470a4
445cd
40942
3d943
444e3
3d944
45b23
40fce
3d946
45b24
444e5
4a0db
460be
444e7
3d94a
461a2
41910
3d94c
4628e
410b6
46b05
410b7
3d94f
49e1a
461a6
41911
3d952
49e1c
45b27
46290
4a0e1
46291
3d957
4a0e2
4987d
461a9
3e269
41912
3dcd5
3f18c
40765
41913
3e26c
445cf
3e26d
3da1a
41915
3e26f
3da1c
42279
3e271
3da1e
4a1c5
3da20
40ded
4593e
410bb
4a1c6
41651
3dfb2
44303
3dfb3
49f04
45943
41a04
3da27
47463
3e276
46564
41471
4a1c9
46566
3e279
402b2
41a07
3da2d
45cf1
411b0
46bf4
45483
490ef
40a32
445d2
40a33
4076c
461ac
41654
40a34
3da35
445d5
3da36
45c15
410c0
3da38
45c16
445d7
4a1cd
461b0
445d9
3da3c
45cf2
41a09
3da3e
46380
411b4
46bf7
411b5
3da41
49f0c
45cf6
41a0a
3da44
49f0e
45c19
46382
4a1d3
46383
4719e
4996e
461b2
49f11
3f097
4183a
3dbef
4183b
3dafe
411b8
4183c
3db00
3dfb5
3efa6
3db03
410c5
4773e
40852
3dfb9
47740
3db07
4174b
3db08
45fd1
3e098
41472
3db0a
41473
3db0b
45fd4
45fd5
3db0e
3f27f
3e90b
41fa9
3e36f
410c7
3db11
40857
3db12
41fab
3e90f
3db14
4209c
3e911
3db16
42646
3e913
3e914
47b00
4183e
4a866
420a0
3db1b
46bfd
3e918
4a868
47b05
410ca
46292
410cb
4085a
4a869
41751
4a2c8
45a37
402bf
4a5a3
41754
402c1
4a86b
411ba
46384
40946
3db28
4a5a5
45b28
4978c
45ded
4a006
46298
44121
4a2c9
41faf
41dd7
3db2f
47837
45b2a
4a008
45def
4a86d
47838
46389
3db34
4a5a9
4783b
45cfe
4a00a
45b2c
3db39
47297
3db3a
4a00c
4638c
4783d
3dbf3
3dce0
4218a
40a37
4218b
40499
3dbf7
4218c
47379
40947
4a952
41848
3dbfb
40fd3
460c4
40fd4
4a0e5
41ddb
3e18d
3e9fb
3f099
3e460
3f92d
3dc02
4094a
420a7
403ad
4a954
411be
3e464
4a955
41bef
3e466
4a956
4218f
3e468
3dc0a
46cec
3ea07
4a0e8
41bf1
47bf4
42465
3dc0e
47bf6
46cf1
4094c
420aa
4094d
403b0
46390
412ab
45df2
4184e
3dc15
45df4
403b4
3dc17
4a0ea
40a39
42194
4049b
4737b
46393
41386
46dd8
45c1b
4987f
420ab
412ae
49b4d
4191d
3dc20
4737d
45c1c
49b4e
45ee1
4a95f
4737e
4647b
3dc25
46395
47380
4647d
45b32
4a962
3dc2a
46ddc
3dc2b
46ddd
46397
3dc2e
4647f
4a965
3dce6
41a0b
4058c
41a0c
3ddd4
47469
41a0d
3ddd6
4049c
461b4
4049d
4aa45
40a3c
445da
4076f
461b7
40a3d
3dcf0
3e550
3fa1e
3ebe0
42739
3eaef
4138f
3e553
41390
3e554
4227f
412b1
3e556
42555
41cee
3e558
42b12
42282
3eaf7
42283
3dcfd
47ce5
3eafa
46834
41cf0
4aa4b
46836
3eafd
404a0
41924
404a1
3dd04
41925
404a3
45c20
404a4
49c3c
45c22
3dd08
49c3d
46484
4058e
41a0e
3dd0b
46569
41926
40c19
46c00
40c1a
46ecb
40df4
49c3f
4219d
41398
3dd12
4656a
42288
3dd14
46c02
4147e
46ecd
4147f
3dd17
4a1e0
4656e
42289
3dd1a
46ece
3dd1b
46ecf
3dd1d
4a1e3
3dd1f
4aa56
3dd21
4a1e5
3edc1
41566
3dec5
41567
3ddda
40ee4
41568
3dddc
3e09c
3e634
4228a
3e09e
3fb11
40590
41a11
3e637
41a12
3e638
3dde3
4228d
3e63a
3dde5
42649
3e63c
3dde7
4ab39
40b2f
44122
402c3
45d01
40592
45d02
40593
4ab3b
41a15
3e37c
41569
4a2cd
46925
3ddf0
4264a
3e641
47dd9
42377
3ddf3
3ddf4
41485
3ddf5
46573
41486
3ddf7
443f8
3ddf8
45fdd
41489
4ab40
46575
4148b
3ddfc
4156b
4755e
40ee7
40b35
3ddff
460c8
3de00
46cf3
3de01
4ab42
45769
3de03
46579
42379
4156e
4a2d2
460ca
3de07
46cf5
3de08
49d33
47563
41b06
3de0b
4ab45
3de0d
4a2d6
460cc
45857
49d35
4657a
4a2d8
47566
49d37
3dfbb
3eeb4
3decb
40fd5
4764c
40d0e
3dfbf
4764e
3decf
3f647
3e726
4237c
3e190
40ee9
3ded2
40c20
3ded3
41eb7
3e72a
3ded5
41eb8
3e72c
3ded7
42466
3e72e
3e198
403b6
41b09
3e46a
44215
3e46b
41b0a
3e46c
4a3bd
40c23
3dedf
3e730
4791c
4165c
4a682
41ebc
3dee3
46a1f
3e734
4a684
47921
40eec
46664
40eed
40c26
4a685
41579
4a0f4
45859
4068b
4a3c1
4157c
4068d
4a687
40fd8
4674c
40d10
3def0
461ba
3def1
46839
3def2
4a3c3
4666a
444eb
4a0f5
42382
41bf7
3def7
47653
45946
49e24
461bd
4a689
47654
46751
3defc
4a3c7
47657
460d2
49e26
45948
49e27
45949
3df02
49e28
46754
47659
3dfc1
3e281
3f748
3dfc3
3f18e
3e81a
41665
3e284
41666
3e285
41fb0
40fdd
3e287
4282c
41a1b
3e289
42de9
41fb3
404a8
41bfb
3e55c
44307
3e55d
41bfc
3e55e
4a4af
40d15
3dfd1
3e822
47a0e
4175a
4a774
41fb5
3dfd5
46b11
3e826
4a776
47a13
410cf
4629c
4085f
3dfda
41669
3dfdb
46757
4166a
3dfdd
445dc
3dfde
461c1
4166d
4a778
46759
4166f
3dfe2
45d06
3dfe3
4692b
3dfe4
4a4b5
4675c
445dd
4a1e7
41ec8
41cf2
3dfe9
47745
45a3e
49f16
45d09
4a77b
47746
462a1
3dfee
4a4b9
47749
461c4
3dff1
45a40
49f19
45a41
3dff4
462a5
4a780
4675f
3e0a7
3e19a
4264c
40eef
4264d
40953
3e0ab
4264e
47ddf
3e0ae
42291
40860
42292
3e564
47ceb
42293
3e566
4059c
41a1e
3e645
41a1f
3e646
42295
3e647
4ab4b
40e01
3e0b8
3e91a
3fdf7
3f55a
42b14
3eeb9
41cf9
3e91d
41cfa
3e91e
4264f
41675
3e920
42edc
420ae
3e922
43498
42652
3eec1
42653
3e0c5
480bf
3eec4
471a8
420b0
4ae13
471aa
3eec7
402c6
45fe2
402c7
4a5b0
40e04
42561
40e05
40869
46840
41cfe
3e0d0
462a9
4086c
3e0d2
4ab50
40ef1
42656
40955
47de1
46843
41dec
4783e
460d5
49d39
42562
41d02
3e0da
46932
42658
3e0dc
46fc4
41df0
47841
41df1
3e0df
4ab54
46936
42659
3e0e2
4ab56
462ab
46fc6
4ae1d
46fc7
3e0e7
4ae1e
3e0e9
4ab59
3f18f
4192c
3e28d
4192d
3e1a2
41856
4192e
3e1a4
3e736
4157f
3e1a6
41580
3e1a7
41df3
3e1a8
46671
3e73a
4a692
3e1ab
3f92e
43499
3f64c
3ea0e
41769
3e1ae
40ef7
3e1af
4265c
3efae
3e1b1
42742
3efb0
3e1b3
42cf8
3efb2
3ea16
4192f
4a693
47299
3e1b8
42a24
3efb7
481b3
42747
3e1bb
3e1bc
41df7
3e1bd
4639f
4095b
4238e
4095c
3e1c0
4238f
4095e
4a0f7
460dd
3e1c3
4a0f8
4693e
40a46
41ecc
3e1c6
46a23
42390
410d3
470b4
410d4
47385
4176e
3e1cb
46a24
4274a
3e1cd
470b6
41936
47387
41937
3e1d0
4a69a
42391
41ece
3e1d3
4af0d
4a0fc
460df
4648e
4a69d
4648f
46942
4a69e
4792e
4a0ff
3e37d
3f282
3e293
4139b
47a14
410d6
3e381
47a16
3e297
40fe7
46760
40d1b
4a782
40fe8
4aff0
4193a
3e29b
46764
46765
3f191
42cf9
3f09c
3e29f
40fea
4274d
40a4b
4aff2
4185c
3eb03
4aff3
4229d
3eb05
4aff4
42835
3eb07
3e2a7
3f0a6
482a2
41a24
4aff6
42838
3e2ab
46de1
3f0aa
4aff8
482a7
4139d
4aa58
461cd
3e2b0
4193e
3e2b1
46a2d
4193f
3e2b3
46492
41941
4affa
46a2f
41943
3e2b7
41a25
47a18
413a0
40fef
3e2ba
46582
3e2bb
471ad
3e2bc
4affc
42752
41fbf
3e2bf
47a1b
45d0e
4a1ec
46585
4affd
47a1c
46b19
3e2c4
4a78d
47a1f
46586
4a78e
46587
461d0
4b001
3e2ca
4a1f0
46b1c
47a21
3e383
3e470
42922
411c7
42923
40c2b
3e387
42924
47b09
3f283
42deb
3ebe2
3e38b
410d9
4283f
40b3d
4b0e2
413a2
3e64f
4b0e3
42392
3e651
4b0e4
42927
3e653
3e393
3e925
4176f
3e395
41770
3e396
41a2f
3e397
462af
3e929
4a878
3e39a
46ed0
3ebed
4a87a
42394
48396
42c0b
3e39e
48398
46ed5
40b40
46588
41492
4ab5b
413a4
46b1e
413a5
410e0
4b0eb
45d14
40b45
4a87b
41a36
40b47
4b0ed
41493
46c06
411ca
3e3ab
4a87d
45dfe
4a00e
46675
4a2dd
46b24
41fc9
41b19
47b0c
46c09
41b1b
4756a
45e01
4a87f
46c0a
41b1e
4b0f0
47b10
46c0d
45d16
4b0f2
3e3ba
4756c
3e3bb
4756d
46b27
3e3be
46c0f
4b0f5
3e476
421a3
40d1c
421a4
3e56a
47bf9
421a5
3e56c
3ecd3
42930
3e73d
401c0
40c2e
420b7
3ecd6
420b8
3ecd7
3e480
42933
3ecd9
3e482
42cfb
3ecdb
3e484
4ac2b
3e486
411cd
463a4
40963
4a968
411ce
4ac2c
41b22
3e48a
463a8
463a9
4246f
3e48d
47edb
3ece0
46fca
41edb
4ac2f
46fcc
3ece3
40690
45e04
40691
4a3cc
411d0
42934
411d1
40c35
46c12
41b26
3e498
4667d
40c38
3e49a
4a96e
412bb
42472
40d1f
47bfd
45ef0
49b54
46767
4a3cf
46c15
42935
41b2a
3e4a2
46cfa
42474
3e4a4
46de6
41c0e
4765d
41c0f
3e4a7
4a972
46cfe
42475
3e4aa
45e09
4ac38
46de8
4676b
4a975
3e4af
4ac3a
3e4b1
4a977
3edc5
3f467
42a27
3edc7
3e570
412bd
42477
40d21
4ad1a
41588
3e834
4ad1b
41fca
3e836
4ad1c
42566
3e838
3e578
412bf
46496
40a55
4aa5a
412c0
4ad1e
41c14
3e57c
4649a
4649b
42568
3e57f
47fcd
3edd2
470bc
41fcd
4ad21
470be
3edd5
40782
45ef6
40783
4a4be
40e0a
4256b
40871
47cef
4158a
46d02
4158b
412c4
4ad23
45ef8
40d29
4aa5f
41c1a
40d2b
4ad25
45fe8
49c46
462b3
4a4c1
46d07
4247b
41c1c
3e594
4684a
4256d
3e596
46ed8
41d0c
4774f
41d0d
3e599
4aa64
4684e
4256e
3e59c
4aa66
46771
46eda
4ad2b
46edb
47cf6
4a4c6
46d0a
4aa69
3fc06
42396
3e749
42397
3e658
41d10
42398
3e65a
3eb0f
3fb15
3e65d
41c1d
482a8
413aa
3eb13
482aa
3e661
413ab
46b28
410e3
4b0f6
413ac
4b3b8
422a8
3e665
46b2c
46b2d
40e10
4284b
3f46a
4284c
3f46b
3e66a
42b1f
3f46d
3e66c
4349b
3f46f
3e66e
4b3bd
3e670
47752
3f473
4b0fa
42663
4867e
4349d
3e674
48680
47757
40e12
46852
41d12
4ae21
41c22
46dea
41c23
413b2
4b3c1
46590
40e17
4b0fb
422b0
40e19
4b3c3
41d13
46edc
4149e
3e681
4b0fd
46680
4a2e4
46945
4ab5f
46df0
42850
4239d
483a0
46edf
4239f
47dec
46683
4b0ff
46ee0
423a2
4b3c6
483a4
46ee3
46592
46857
3e690
47dee
47573
4b3c9
46df3
3e694
46ee5
4b3cb
3e74e
4247d
40ff0
4247e
3e83c
47ee1
4247f
3e83e
40c3a
420c0
3ece5
420c1
3ece6
4293e
3ece7
4ac3d
414a1
3e758
3efba
41d15
3e75a
414a3
3e75b
42c1b
3f55e
3e75d
42d02
3f560
3e75f
432b6
3f562
3efc2
41edf
4ac3f
47845
3e764
42fe2
3f567
48771
42d07
3e767
3e768
423a7
3e769
4694b
40f07
42942
40f08
3e76c
42943
40f0a
4a6a3
46689
3e76f
4a6a4
46eea
40ff2
42480
3e772
46fcf
42944
4167f
47660
41680
47931
41d1a
3e777
46fd0
42d0a
3e779
47662
41ee6
47933
41ee7
3e77c
4ac46
42945
42482
3e77f
4b4b9
4a6a8
4668b
46a3a
4ac49
46a3b
46eee
4ac4a
47eec
4a6ab
3e92b
3f83f
3e841
41947
47fd2
41682
3e92f
47fd4
3e845
41593
46d0c
412c7
4ad2e
41594
4b59c
41eea
3e849
46d10
46d11
40ff6
42486
3f64e
42487
3f64f
3e84e
42d0e
3f651
3e850
430d3
3f653
3e852
4b5a1
3e854
4738a
3f657
4ad32
42853
48862
430d5
3e858
48864
4738f
40ff8
46a3c
4194a
4b005
41e0a
46fd8
41e0b
4159a
4b5a5
4677a
40ffd
4ad33
41ef2
40fff
4b5a7
4194b
470c0
41684
3e865
4ad35
462b8
4a4c8
46b2f
4a797
46fde
4248b
41fd7
47fd8
470c3
41fd9
47a24
462bb
4ad37
470c4
41fdc
4b5aa
47fdc
470c7
462bc
3e873
47a27
3e874
4677d
4b5ad
46fe1
3e878
470c9
4b5af
3e932
42665
411d6
42666
3ea20
480c5
42667
3ea22
3f193
41fdd
3ebf9
41fde
3ebfa
42ee5
4194f
3ebfc
431c5
42947
3ebfe
43783
42ee8
3f19b
40e1a
42577
40875
46859
410ea
4685a
410eb
4b693
42579
3eed6
420c5
4ae25
4747d
3e948
431c7
3f19f
48955
42eeb
3e94b
3e94c
41fe1
3e94d
46b35
410ed
4257a
410ee
3e950
4257b
410f0
4a887
462c1
3e953
4a888
470ce
411d8
42668
3e956
471b3
4257c
41863
4784a
41864
47b15
41952
3e95b
470d1
42eed
420ca
4ae2a
46c22
3e95f
4784d
3e960
4a88b
480cd
4266a
3e963
4b69d
3e965
4ae2e
46c24
463af
4a88d
470d2
4ae30
480d0
4a88f
3eb15
3fa23
3ea25
41b2d
481b6
41866
3eb19
481b8
3ea29
41777
42ef0
411db
4b1d4
41a42
3eced
4b1d5
4248c
3ecef
4b1d6
42a2d
3ecf1
3ea31
3efc3
41e0d
3ea33
41e0e
3ea34
420d1
3ea35
46953
3efc7
4af16
3ea38
47574
3f28f
4af18
4248e
4849a
432ba
3ea3c
4849c
47579
411de
46c26
41b30
4ac4d
41a44
471bc
41a45
4177e
4b1dd
463b2
411e3
4af19
420d8
411e5
4b1df
41b31
472a4
41868
3ea49
46d12
3ea4a
47391
3ea4b
4af1b
471c2
42673
421bb
481bc
472a7
421bd
47c08
4649f
4af1d
472a8
421c0
4b1e2
481c0
472ab
463b4
46c2b
3ea58
47c0a
47395
4b1e5
471c5
3ea5c
472ad
4b1e7
412cc
4275d
3f378
4275e
3f379
3eb1e
42a38
3f37b
3eb20
433aa
3f37d
3eb22
4b2c9
3eb24
4186b
46a42
41001
4b006
4186c
4b2ca
421c4
3eb28
46a46
46a47
42b27
3eb2b
4858b
3f382
47668
42581
4b2cd
4766a
3f385
40d2e
464a2
40d2f
4aa6a
413b6
42b2a
40e1d
482ad
41b36
472ae
41b37
41870
4b2cf
464a4
412d5
4b00b
421ca
412d7
4b2d1
46594
4a1f2
4685f
4aa6d
472b3
42a3a
421cc
3eb40
46df6
42b2c
3eb42
47484
422bc
47cfb
422bd
3eb45
4b010
46dfa
42b2d
3eb48
4b012
46d1d
47486
4b2d7
47487
482b4
4aa72
472b6
4b015
401c1
4294a
3ecf5
4294b
3ec04
422c0
4294c
3ec06
3f0bb
400d0
3ec09
421cd
48866
41956
3f0bf
48868
3ec0d
41957
470d4
4168f
4b6a2
41958
4b964
4285c
3ec11
470d8
470d9
413bc
42e0a
3fa25
42e0b
3fa26
3ec16
430dc
3fa28
3ec18
43a5b
3fa2a
3ec1a
4b969
3ec1c
4482c
3fa2e
4b6a6
42c22
47d00
43a5d
3ec20
47d02
44831
413be
46dfe
422c2
4b3cd
421d2
47396
421d3
4195e
4b96d
46b3c
413c3
4b6a7
42864
413c5
4b96f
422c3
47488
41a4a
3ec2d
4b6a9
46c2c
4a890
46ef1
4b10b
4739c
42e0f
42951
4895e
4748b
42953
483aa
46c2f
4b6ab
4748c
42956
4b972
48962
4748f
46b3e
4b974
3ec3c
483ac
3ec3d
483ad
4739f
3ec40
47491
4b977
3ecfa
42a3c
4159c
42a3d
3ede8
4849f
42a3e
3edea
411e6
42674
3f295
42675
3f296
42efd
3f297
4b1e9
41a4d
3ed04
3f56a
422c5
3ed06
41a4f
3ed07
431d8
3fb19
3ed09
432bf
3fb1b
3ed0b
43876
3fb1d
3f572
42493
4b1eb
4491f
3ed10
435a2
3fb22
47df3
432c4
3ed13
3ed14
4295b
3ed15
46ef7
414b3
42f01
414b4
3ed18
42f02
414b6
4ac4f
46c35
3ed1b
4ac50
47496
4159e
42a3f
3ed1e
4757b
42f03
41c2b
47c0c
41c2c
47eef
422ca
3ed23
4757c
432c7
3ed25
47c0e
4249a
47ef1
4249b
3ed28
4b1f2
42f04
42a41
3ed2b
4ba65
4ac54
46c37
46fe6
4b1f5
46fe7
4749a
4b1f6
484aa
4ac57
3eed7
3fdfa
3eded
41ef7
48590
41c2e
3eedb
48592
3edf1
41b3f
472b8
41873
4b2da
41b40
4bb48
4249e
3edf5
472bc
472bd
415a2
42a45
3fc09
42a46
3fc0a
3edfa
432cb
3fc0c
3edfc
43693
3fc0e
3edfe
4bb4d
3ee00
44a10
3fc12
4b2de
42e12
47938
43695
3ee04
4793a
44a15
415a4
46fe8
41efa
4b5b1
423ba
47584
423bb
41b46
4bb51
46d26
415a9
4b2df
424a6
415ab
4bb53
41efb
4766c
41c30
3ee11
4b2e1
46864
4aa74
470db
4ad43
4758a
42a4a
4258b
48596
4766f
4258d
47fe2
46867
4b2e3
47670
42590
4bb56
4859a
47673
46868
3ee1f
47fe5
3ee20
46d29
4bb59
4758d
3ee24
47675
4bb5b
3eede
42c24
41782
42c25
3efcc
48683
42c26
3efce
3f74e
42591
3f1a9
42592
3f1aa
434a2
41eff
3f1ac
43785
42f06
3f1ae
43d4e
434a5
3f756
413c6
42b36
40e21
46e05
41696
46e06
41697
4bc3f
42b38
3f486
42679
4b3d1
44b03
3eef4
43787
3f75a
47a2b
434a8
3eef7
3eef8
42595
3eef9
470e1
41699
42b39
4169a
3eefc
42b3a
4169c
4ae33
4686d
3eeff
4ae34
4767a
41784
42c27
3ef02
4775f
42b3b
41e0f
47df6
41e10
480d3
41f02
3ef07
4767d
434aa
4267e
4b3d6
471ce
3ef0b
47df9
3ef0c
4ae37
4868b
42c29
3ef0f
4bc49
4ae38
4686f
471d0
4b3db
471d1
4767e
4b3dc
4868e
4ae3b
3f0c1
3ffde
3efd1
420dd
48774
41e12
3f0c5
48776
3efd5
3f29b
41ff1
3efd7
41d24
3efd8
42fe8
3f844
3efda
42fe9
3f846
3efdc
435a4
3f848
3f573
423bd
3efdf
423be
3efe0
42685
3efe1
46eff
3f577
4b4c2
3efe4
44648
3f84a
4b4c4
42a4d
47b22
4387a
3efe8
47b24
4464d
4178a
471d2
420e0
4b1f9
41ff4
47768
41ff5
41d2a
4b789
4695e
4178f
4b4c5
4268c
41791
4b78b
420e1
47850
41e14
3eff5
472be
3eff6
4793d
3eff7
4b4c7
4776e
42c32
4276f
4877a
47853
42771
481c6
46a4b
4b4c9
47854
42774
4b78e
4877e
47857
46960
4b790
3f004
481c8
3f005
481c9
47771
3f008
47859
4b793
3f0c8
41e15
42ff3
41879
4b872
420e4
3f390
4b873
42b3d
3f392
4b874
430e2
3f394
3f0d0
41e17
46fee
415ad
4b5b2
41e18
4b876
42778
3f0d4
46ff2
46ff3
430e4
3f0d7
47c13
3f93d
4473c
42b40
4b879
4473e
3f940
412da
46a4e
412db
4b016
41962
430e7
413c9
4886b
420e6
4785a
420e7
41e1c
4b87b
46a50
41881
4b5b7
4277e
41883
4b87d
46b40
4a79e
46e0b
4b019
4785f
42ff7
42780
3f0ec
473a2
430e9
3f0ee
47a30
42870
482b9
42871
3f0f1
4b5bc
473a6
430ea
3f0f4
4b5be
472c9
47a32
4b883
47a33
48872
4b01e
47862
4b5c1
41a56
434b3
3f2a4
44b09
434b4
3f2a6
41964
433c1
3f66c
44a17
433c2
3f66e
416a0
42b41
3f75e
42b42
3f75f
433c4
3f760
4bc4f
41f09
3f1be
3fa33
42783
3f1c0
41f0b
3f1c1
4369a
3ffe2
3f1c3
4378c
3ffe4
3f1c5
43d4f
3ffe6
3fa3b
42f0b
4bc51
44ddf
3f1ca
44027
3ffeb
482bf
43791
3f1cd
3f1ce
42e1d
3f1cf
473ab
4196b
433c8
4196c
3f1d2
433c9
4196e
4b6b5
470e9
3f1d5
4b6b6
47946
41a58
434b5
3f1d8
44b0d
433ca
420e9
480d8
420ea
48967
42788
3f1dd
47949
43793
42f10
4bc56
47a38
44b11
3f1e2
480da
42f14
48969
434b7
3f1e5
4bf23
3f1e7
4bc5a
473ae
3f1e9
471dc
4b6bc
471dd
3f1ec
4b6bd
3f395
42a4f
3f2a8
42966
42a50
3f2aa
3f84f
4268f
3f2ac
42690
3f2ad
42f15
3f2ae
47775
3f853
4b796
3f2b1
3fb26
42879
3f2b3
41fff
3f2b4
43797
400d5
3f2b6
4387e
400d7
3f2b8
43e41
400d9
400da
483ae
42a52
4c00c
43882
3f2bd
44ed3
400de
4c00e
483b3
42967
4ba6a
471df
3f2c2
42f1a
3f2c3
47a3f
42f1b
3f2c5
474a4
42f1d
4c010
47a41
42f1f
3f2c9
42a53
47b26
4296a
42003
3f2cc
4758e
3f2cd
481cb
3f2ce
4c012
43885
42a56
4b79c
47b2a
44657
3f2d3
481cc
42a5a
484af
42f20
3f2d6
4b79f
47b2d
47b2e
3f2d9
471e2
4c017
3f2dc
484b0
3f2dd
484b1
47a47
3f399
424ab
44740
421de
3f489
44742
3f39d
420ef
47864
41e1f
4b886
420f0
4c0f8
42a5c
3f3a1
47868
47869
41b4e
43001
401c4
43002
401c5
3f3a6
4388a
401c7
3f3a8
43c5e
401c9
3f3aa
4c0fd
3f3ac
44fc2
401cd
4b88a
433ce
47ef6
43c60
3f3b0
47ef8
44fc7
41b50
47594
424ae
4bb5d
4296e
47b30
4296f
420f6
4c101
472d2
41b55
4b88b
42a64
41b57
4c103
424af
44744
421e0
3f3bd
4b88d
46e10
4b020
47687
4b2ef
47b36
43006
42b49
47c1a
44747
42b4b
3f3c5
4b88f
46e12
4b2f1
47689
4c106
47c1e
4474b
4474c
4c108
3f3cc
485a2
3f3cd
485a3
4b2f4
472d5
3f3d1
4c10b
422cf
43a5f
41d2f
3f48d
43a60
44835
41c40
430f0
3fd0a
430f1
3fd0b
3f492
4397c
3fd0d
3f494
43d51
3fd0f
3f496
4c1ed
3f498
421e3
473b0
41973
4b97a
421e4
4c1ee
42b52
3f49c
473b4
473b5
43a65
3f49f
47fe7
3fd14
450b6
434c4
4c1f1
450b8
3fd17
416a2
46e16
416a3
4b3de
421e6
4397d
421e7
41c47
47c24
42b56
3f4aa
4768f
41c4a
3f4ac
4b980
422d1
43a68
41d31
47d0b
47c27
42c3a
48690
46f03
4b113
4397e
42b5a
3f4b4
44838
43a6a
3f4b6
4b3e2
47d0f
42c3f
48692
46f05
4b984
4483c
43a6b
3f4bc
4483f
4c1fa
4b3e5
46e1b
4777c
4b988
4777d
47c2a
4b989
41e20
432d3
3f670
44925
432d4
3f672
3fdfb
42c41
3f856
42c42
3f857
43a6d
425a7
3f859
43e42
43008
3f85b
443fa
435aa
3fe03
41a66
431e8
414bf
474a9
41d34
474aa
41d35
4bd35
431ea
3fb33
42d29
4ba6f
44bfb
3f592
43e44
3fe07
480e1
435ad
3f595
3f596
42c45
3f597
4777f
41d37
431eb
41d38
3f59a
431ec
41d3a
4b4d1
46f0b
3f59d
4b4d2
47d18
41e22
432d5
3f5a0
44929
42d2c
48782
46ff5
4ac59
431ed
425aa
3f5a5
47d1b
435af
42d2e
4ba74
47e00
4492d
3f5aa
47efc
42d32
48785
432d7
3f5ad
4bd3f
3f5af
4ba78
47782
3f5b1
46ff8
4b4d8
46ff9
3f5b4
4b4d9
3f947
42697
3f674
423c6
3f675
435b3
3fef0
3f677
436a0
3fef2
3f679
43c61
3fef4
3f94f
415b0
42a67
3fc21
42a68
3fc22
432db
3fc23
4bb5f
423c9
3f681
3fef6
481d0
42e28
4be28
436a4
3f685
44cef
3fefa
4be2a
481d5
4278b
4b896
46ffb
3f68a
42e29
4794c
4278e
41e29
432dd
41e2a
3f68e
432de
41e2c
4b5c3
46ffd
3f691
4b5c4
47e0a
42004
47fec
42005
48875
423cd
3f696
4be2e
435b7
433d1
3f699
4794f
44a1e
42e2e
4be2f
473b8
3f69d
47fef
3f69e
4bb69
47953
47954
4b5c8
46ffe
4be33
3f6a4
48878
3f6a5
48879
47e0f
3f76c
42e31
450ba
425ac
3f860
450bc
3f770
42d3f
44fc8
424ba
3fc28
44fca
3f774
424bb
47c2c
421eb
4c1fe
424bc
4c4d4
433d6
3f778
47c30
47c31
42e33
4bf28
47693
3f77c
433d8
3f77d
47f01
433d9
3f77f
47958
433db
4c4d7
47f03
433dd
3f783
434c7
47ff2
42e36
424c1
3f786
47784
3f787
47a49
3f788
4c4d9
43c66
43a75
3f78b
47ff5
44b18
4bc64
47787
4c4da
47ff6
450c3
3f790
4c207
47ff9
47788
4c208
47789
450c6
47ffb
3f796
4c20a
4795b
47f09
3f862
42f23
44c00
426a0
3f952
44c02
3f866
425af
47d1e
422dd
4bd44
425b0
4c5c6
434d0
3f86a
47d22
47d23
42f25
4c01a
4778b
3f86e
434d2
3f86f
47ffd
434d3
3f871
47a50
434d5
4c5c9
47fff
434d7
3f875
4300d
480e4
42f28
425b5
3f878
47876
3f879
47b3b
3f87a
4c5cb
43e49
43010
4bd4a
47878
3f87e
47b3d
3f87f
4b7ab
480e9
434d8
3f882
4bd4d
480eb
4787a
4bd4e
4787b
44c0c
480ed
3f888
4778f
4c5d1
48005
3f954
42a69
44cf2
42792
3fa44
44cf4
3f958
426a3
47e10
423cf
4be36
426a4
4c6b8
43016
3f95c
47e14
47e15
42a6b
4c10c
4787d
3f960
43018
3f961
480ef
43019
3f963
47b42
4301b
4c6bb
480f1
4301d
3f967
43101
481d6
42a6e
426a9
3f96a
473bc
3f96b
47c33
3f96c
4c6bd
43e4e
436ad
3f96f
481d9
44750
4b89c
473bf
4c6be
481da
44cfb
3f974
4be3f
481dd
473c0
4be40
473c1
44cfe
4c6c2
3f97a
47881
4c6c3
480f7
3fa46
42b5d
44de4
42884
3fb36
44de6
3fa4a
42795
4795c
41f21
4bf2a
42796
4c7aa
4310a
3fa4e
47960
47961
42b5f
4c20c
473c3
3fa52
4310c
3fa53
481e1
4310d
3fa55
47c3a
4310f
4c7ad
481e3
43111
3fa59
431f3
482c8
42b62
4279b
3fa5c
474ae
3fa5d
47d25
3fa5e
4c7af
43f40
4379f
3fa61
482cb
44842
4b98e
474b1
4c7b0
482cc
44ded
3fa66
4bf33
482cf
474b2
4bf34
474b3
44df0
4c7b4
3fa6c
4bf36
47c3d
481e9
3fb38
42c4f
44ed6
42976
3fc2c
44ed8
3fb3c
42887
47a54
42015
4c01c
42888
4c2f0
431fc
3fb40
47a58
47a59
42c51
4bd52
474b5
3fb44
431fe
3fb45
482d3
431ff
3fb47
47d2c
43201
4c2f3
482d5
43203
3fb4b
432e5
483ba
42c54
424c2
47e16
424c3
484b3
4288d
3fb50
4c2f5
44032
43891
3fb53
483bd
44934
4ba80
475a3
4c2f6
483be
44edf
3fb58
4c025
483c1
475a4
4c026
475a5
44ee2
483c3
3fb5e
4c028
47d2f
482db
3fc2e
42979
47b46
42107
4c10e
4297a
4c3e2
432ee
3fc32
47b4a
47b4b
42d46
4be44
475a7
3fc36
433e1
47f0a
42d49
423d7
43896
423d8
3fc3a
43897
423da
4bb6f
475a9
3fc3d
4bb70
483c8
425b6
47962
425b7
485a5
4297f
3fc42
4c3e7
43b78
4398a
3fc45
47f0d
44a26
4bb72
4769b
4c3e8
47f0e
44fd1
3fc4a
4c117
47f11
4769c
4c118
4769d
44fd4
47f13
3fc50
4c11a
47e21
483cd
3fd1e
433e9
4566c
42b67
3fe12
4566e
3fd22
432f7
4557a
42a75
401da
4557c
3fd26
4398e
3fd27
47f15
424c9
43f43
424ca
3fd2a
43f44
424cc
4c20f
47c41
3fd2d
4c210
484bc
425ba
44035
3fd30
45671
43f45
42c58
47d30
42c59
48007
432fb
3fd35
484bf
4430c
43a83
4c7ba
450ca
3fd39
47d33
3fd3a
4c213
485af
44037
3fd3d
4ca95
47d34
4ca96
47d35
485b2
3fd41
47c42
4ca98
3fd44
4c217
3ff02
435c4
3fe15
434dc
435c5
3fe17
42016
47d36
42017
4bd54
42b6a
4430f
42b6b
425bf
485b6
43a8b
3fe1e
4800f
425c2
3fe20
4c2fe
42c5c
443fd
426ad
4869d
485b9
435c7
480f8
44939
4ba87
44310
435c8
4869e
451b9
435ca
480fa
4493b
4c301
451ba
435cd
4cb86
44311
451bc
44400
3fe30
480fc
3fe31
480fd
3fe33
4c305
48010
3fe35
485bc
4c307
4279c
43c6b
3fff5
452a5
43c6c
3fff7
426ae
480fe
43024
4c6c6
434e1
486a6
434e2
42c60
4cc73
47e2a
426b3
4c3ef
435d3
426b5
4cc75
43025
452a8
42d4f
3ff15
4c3f1
44a2a
4bb78
44d01
4be49
486ac
43b81
436ba
48790
452ab
436bc
481ec
44a2d
4c3f3
452ac
436bf
4cc78
48794
452af
44a2e
4be4c
44a2f
3ff24
4c3f7
48797
4be4e
47e2d
3ff29
4cc7d
42e3e
445df
4288f
3fffa
445e0
45399
43115
4c7c2
4796f
3fffe
436c1
3ffff
48799
436c2
40001
481f2
436c4
4cd66
4879b
436c6
40005
437aa
48880
43118
42d53
40008
44df2
40009
47a5b
4000a
4cd68
444f5
43d60
4000d
48883
44b1e
4bf3c
44df5
4cd69
48884
4539f
40012
4c4e9
48887
44df6
4c4ea
44df7
453a2
4cd6d
40018
4c4ec
481f5
487a1
400ea
43205
45488
42f31
401de
4548a
400ee
437b2
400ef
482e3
42893
43d62
42894
400f2
43d63
42896
4c02b
47a63
400f5
4c02c
4888e
42982
43e51
400f8
4548d
4389d
483ce
44663
4b7b1
43d64
4311b
400fd
48891
44128
4389f
4c5d8
44ee6
40101
47b4f
40102
4c02f
48977
43e53
40105
4c8b1
47b50
4c8b2
47b51
4897a
40109
47a64
482e7
4010c
4c033
423de
47b52
423df
4c11c
42a7c
4421c
424d1
484c3
4320b
4897c
4320c
42f36
4c99d
47b54
42989
4c6c7
438a9
4298b
4c99f
44754
4b8a2
44fd7
4c11f
48981
4412c
438ab
401f0
45580
4421e
401f2
47c46
4399b
47f1d
4399c
401f5
4c6cc
45584
4421f
401f8
47f1e
401f9
47f1f
4c123
45587
483d8
401fd
48984
4c6d1
437ba
402cc
40877
42018
437bb
40879
402d0
49972
41798
40b4c
4412e
437bd
40b4e
48ffe
44131
41888
44df8
462c4
44b23
402da
462c5
45a44
4a893
402dd
402de
43e59
437bf
437c0
47a66
402e1
453a7
44b26
49973
482e9
437c4
490f1
44406
402e8
45a45
402e9
45a46
49880
453ab
48b48
44e00
44b2b
4bf43
462c9
482eb
402ef
4bf45
403bd
40969
411ed
403c0
43e5c
4188a
4096d
403c3
43f4a
412dc
403c5
43b82
44222
403c8
4a3d8
403ca
45496
49b56
44eeb
41891
49b58
45e0c
403ce
41894
42a7e
444f7
44224
4466a
483da
438b3
48c37
44eee
403d5
48987
48c39
49a66
403d9
4466d
45e0d
4466e
45e0e
403dc
47b5a
4c034
4549e
44ef3
403df
48b4e
48989
48b4f
403e3
405a0
412de
413cf
40a5d
44225
4197b
439a0
40b4f
445e9
413d2
40d31
44313
404b9
4a4ca
404bb
413d5
45c26
404bd
45589
45c27
404bf
464aa
413d9
4a1f5
4311c
404c3
49001
44fde
484cc
4475d
404c6
4558c
439a7
48d2a
404c9
404ca
44040
44fe1
464ab
44fe2
464ac
44761
47f22
404cf
48c3f
45591
45c2b
404d2
48d2e
404d4
491e6
43a90
414c1
4087c
44408
405a5
40b51
422ee
43a92
40b53
405a9
4969c
414c4
40e27
414c5
414c6
4484c
45fee
414c8
49d3b
45fef
414ca
4a2e7
49d3d
4ab6a
43a94
434e6
405b6
4567c
48e1a
450d1
43a98
493c7
47d3d
405ba
43a9b
43b85
4c8b6
4567f
48d30
45680
492d7
450d5
485c0
44854
405c2
48e1f
45ff3
47d3f
4c21a
48e21
495ae
40694
41e36
4302b
40696
40c42
40f18
40699
43b87
415b5
40c46
4069c
43c75
493c9
444fc
416a4
44c14
4668c
4493f
406a2
4668d
45860
4a6af
406a5
406a6
43c76
435db
435dc
47e2e
406a9
451c3
44942
4978f
48105
435e0
494ba
44228
406b0
45861
406b1
45862
4969f
451c7
48f10
44c1c
44947
4bd5f
46691
48107
406b7
4bd61
40786
43d69
410fd
40788
43f50
445ee
4078b
41c51
4100b
4078d
4a7a0
43c7a
494bb
445ef
417a2
44d06
4677e
44a31
40794
4677f
45952
4a7a1
40797
40798
43d6a
436cd
436ce
47974
4079b
452b5
44a34
49883
481f7
436d2
49003
4431a
407a2
45953
407a3
45954
49791
452b9
48a5a
44d0e
407a6
48f15
46783
481f9
407a9
48f17
4087f
40d39
416b1
41d45
40e2b
40884
49f22
40886
41d48
45ff4
40888
45957
45ff5
4088a
46872
41d4c
4ab6c
44a3a
48016
43d70
490f7
453b1
43d72
496a1
490f9
49f24
40894
4595b
4c4ee
4889b
450de
462cd
450df
462ce
40898
49005
4595f
45ff9
4089b
4c4f1
40972
40f1b
417a4
40975
4af30
4440e
496a3
40979
45a48
4a105
454a1
41e3d
4a107
463be
4097d
41e40
43e61
45a4a
40980
4898b
44c21
40982
45a4c
43e65
49794
48e26
454a5
491ec
4810b
40988
460e9
40989
460ea
49f25
45a50
454a9
4098c
49100
491ef
49f26
40a65
4100e
427a8
41f28
43f52
41897
41a6f
45592
46a54
44d11
40a6d
46a55
461da
4b023
40a70
40a71
45594
492da
481fb
43f55
492dc
45596
40a75
43f58
445f1
44d15
484d2
44675
4c6d3
45b40
491f0
45b41
49796
4559a
44d19
4c6d4
46a59
40a80
49797
44043
40b58
42019
41a71
41102
40b5b
41a72
44e02
465a0
41a74
4a2ea
465a1
41a76
4a895
4a2ec
4b116
44e04
485c2
44765
40b65
45c2f
44e06
49c4d
40b68
40b69
44766
482ee
40b6b
493d1
4568a
46b49
4568b
46b4a
44e0a
40b6f
493d2
465a5
492e5
40b73
40d3a
414cd
41b62
411f3
40c4c
49d3e
40c4e
41b65
45e10
40c50
45773
45e11
40c52
46c3a
41b69
4a988
44856
483de
43b8c
494bf
451cd
43b8e
49a69
494c1
49d40
40c5c
45777
4c30a
486b7
44efa
46695
44efb
46696
40c60
493d5
4577b
45e15
40c63
4c30d
40d3b
412e4
424d2
421fe
43c7c
415c1
41d4e
452bc
46d2a
44fe7
40d43
46d2b
45f04
4ad4d
40d46
40d47
452be
49008
47f25
43c7f
4900a
452c0
40d4b
43c82
4431c
44feb
487a8
4494b
4c3fd
4586a
494c6
4586b
49a6c
452c4
40d53
494c7
46d2f
4c3ff
49a6d
4431d
40e2f
413df
42b71
4289c
49b5f
40e34
45f08
4ab6d
45961
422f6
4ab6f
46878
40e38
422f9
4431e
45962
40e3b
485c7
45691
40e3d
45f0c
44322
49c52
44ff2
485c8
44a41
4ca9c
45f0e
495b4
45f0f
49b60
45968
45697
4ca9d
46e21
40e48
49b61
4440f
40f22
4298d
423e5
41d51
423e6
45a52
46f0e
451d5
40f28
46f0f
4669a
4b4dd
40f2b
40f2c
451d6
49798
450e3
44412
4979a
45a56
40f30
44415
44b32
45fff
40f33
4979d
45a58
46f11
45a59
46f12
451dc
40f37
4979e
4696d
496b1
40f3b
41103
41e41
41f2a
415c4
41016
41f2c
452c6
46a5a
41f2e
4a7a6
46a5b
41f30
4ad4f
4a7a8
4b5d0
44c28
487aa
44677
41020
460ef
452ca
4a109
41023
41024
45b49
4cc7f
487ad
452cc
46a5d
452cd
46a5e
41028
497a1
460f5
4678f
4102b
4cc82
41104
416b4
41988
41107
4b6c0
41109
4201f
462d0
4110b
461df
462d1
4110d
470f4
42023
4ae42
44768
461e0
445f5
4997d
45c39
445f7
49f27
4997f
4a1fc
453bd
49980
44d1d
41118
462d3
41119
462d4
4a10b
461e6
45c3f
4111c
49894
49983
4a10c
411f7
417a7
42f39
426b8
49f29
411fc
45d24
4a989
4577d
42113
4a98b
46c40
41200
42116
4413a
4577e
41203
4898f
454ad
41205
45d28
4413e
4a01a
44e0e
48990
4485d
4c8b8
45d2a
49984
45d2b
49f2a
45784
454b3
4c8b9
471e9
41210
49f2b
41b6b
42200
4189a
412ec
42202
4559c
46d30
42204
4aa7c
46d31
42206
4b025
4aa7e
4b2fa
44efe
484d4
4494d
412f6
45e19
455a0
4a3e1
412f9
412fa
45873
4c9a9
484d7
455a2
46d33
455a3
46d34
412fe
495be
45877
464b9
41301
49a79
413e1
4198b
4311f
42e49
4a10d
413e6
464ba
4b119
45f13
428a2
4b11b
46e24
413ea
428a5
4476c
45f14
413ed
48c44
45f15
473cb
45f16
473cc
45c45
49c58
464c0
46e27
48c46
413f5
41a7c
422fc
414d5
4ba88
414d7
42993
46c44
414d9
465ad
46c45
414db
474bc
42997
4b20a
450e6
465ae
4485f
49d49
465af
49c5a
465b0
4a200
46009
414e3
49c5b
474bf
49d4b
4a201
423ed
424d6
41b70
415c8
424d8
45878
47006
424da
4ad52
47007
424dc
4b2fb
4ad54
4bb7c
451de
48e27
44c2d
415d2
46d39
415d3
46d3a
4ab71
466a3
4587e
415d6
49d4e
415d8
4ab72
416b8
42b72
425c9
41f35
426b9
461e8
4769e
4596b
416be
4769f
4687e
4bc6d
416c1
416c2
4596c
49f2c
452d1
4596d
470fb
4596e
470fc
416c6
48f1b
461ee
46881
416c9
49e41
417a9
41d53
434e7
42c65
4a4d5
417ae
462d6
4af35
45d2f
426bf
4af37
471ec
417b2
426c2
44b34
45d30
417b5
48a60
45d31
47793
45d32
47794
45a61
4a020
462dc
471ef
48a62
417bd
41e44
42118
4189d
4b8a4
4189f
427af
46a60
418a1
463c9
46a61
418a3
47884
427b3
4b5d2
44f02
463ca
4467b
49b69
463cb
4a022
463cc
4a5c8
45e25
418ab
4a023
47887
49b6b
4a5c9
427b5
42e4a
41f38
41990
42e4c
461ef
473ce
42e4e
4b6c6
473cf
42e50
4bc6f
4b6c8
4bf48
45b55
491f4
455a9
4199a
47101
4199b
47102
4af39
46a6b
461f5
4199e
4a112
419a0
4af3a
41a80
434e8
42f3e
428a9
42f3f
465b3
47a6a
45d36
41a86
47a6b
471f2
4c039
41a89
41a8a
45d37
4a2f4
45c48
45d38
474c3
45d39
474c4
41a8e
492e8
465b9
471f5
41a91
4a209
41b71
4211b
438b8
4302f
4a89d
41b76
46c4a
4b2fd
466a6
42a88
4b2ff
475b4
41b7a
42a8b
44f04
466a7
41b7d
493d9
466a8
47b5f
466a9
47b60
45e2c
4a3e8
46c50
475b7
493db
41b85
4220c
424e0
41c65
4c21c
41c67
42b78
46e28
41c69
46d3d
46e29
41c6b
47c50
42b7c
4b99a
452d2
46d3e
44ff7
4a4d9
46d3f
4a3ea
46d40
4a990
4679c
41c73
4a3eb
47c53
4a4db
4a991
425d1
42c67
42300
41d58
42c69
4600b
47796
42c6b
4b4e2
47797
42c6d
4ba8b
4b4e4
4bd64
45971
49010
453c5
41d62
46f1d
41d63
46f1e
4ad55
46887
46011
41d66
4a4de
41d68
4ad56
41e48
43304
42d5a
426c5
42e53
463cf
47e32
460fe
41e4e
47e33
4700e
4be55
41e51
41e52
460ff
4a114
45a64
46100
4788b
46101
4788c
41e56
49104
463d5
47011
41e59
4a5d1
41f39
424e3
43c83
439ac
4ac65
41f3e
47012
4bc71
46a6e
433fd
4bc73
47980
41f42
43400
452d4
46a6f
41f45
497a5
46a70
47f2b
46a71
47f2c
467a3
4a7b0
47018
47983
497a7
41f4d
425d4
42e55
4202d
4c5e4
4202f
434ee
4779c
42031
47105
4779d
42033
4801c
434f2
4bd66
45c49
47106
453c7
4a8a1
47107
4a7b2
47108
4ad58
46b64
4203b
4a7b3
4801f
4a8a3
4ad59
42f46
43031
426c8
42120
43033
463d6
47b62
43035
4b8aa
47b63
43037
4be57
4b8ac
4c6d8
45d3c
49988
45790
4212a
47891
4212b
47892
4b6c9
471fb
463dc
4212e
4a8a6
42130
4b6ca
42210
436d5
43124
42a8e
43214
46d43
481fe
464c9
42216
481ff
473d6
4c7c9
42219
4221a
464ca
4aa84
45e2f
464cb
47c57
464cc
47c58
4221e
49a7c
46d49
473d9
42221
4a999
42301
428ab
4404b
437c8
4b02d
42306
46e2e
4ba8d
4688a
4321a
4ba8f
47d48
4230a
4321d
4569c
4688b
4230d
495c1
4688c
482f3
4688d
482f4
465bf
4ab78
46e34
47d4b
495c3
42315
4299c
42c71
423f5
4c400
423f7
4330a
475b8
423f9
46f21
475b9
423fb
483e4
4330e
4c12e
45a65
46f22
451e3
4a6c1
46f23
4ab7a
46f24
4b120
46980
42403
4ab7b
483e7
4a6c3
4b121
43310
439ad
42a91
424e8
439af
46d4a
47f2e
439b1
4c222
47f2f
439b3
4c7cb
4c224
4caa1
466b3
49d50
46107
424f2
47c5d
424f3
47c5e
4ba91
475c3
46d50
424f6
4ac6a
424f8
4ba92
425d8
4404c
43aa1
43404
43aa2
4710b
485ca
46891
425de
485cb
47d4e
4cb92
425e1
425e2
46892
4ae4c
467a6
46893
48023
46894
48024
425e6
49e44
47111
47d51
425e9
4ad61
426c9
42c74
44416
43b93
4b3f5
426ce
477a2
4be59
471fe
435eb
4be5b
48114
426d2
435ee
45a67
471ff
426d5
49f35
47200
486bf
47201
486c0
46987
4af40
477a8
48117
49f37
426dd
42d65
4303b
427bd
4cd75
427bf
436db
47984
427c1
47895
47985
427c3
487b0
436df
4c4f6
45e30
47896
45b5a
4b031
47897
4af42
47898
4b4e8
472f4
427cb
4af43
487b3
4b033
4b4e9
4312c
437ca
42e59
428b0
437cc
46b66
482f6
437ce
4c03e
482f7
437d0
4c5e7
4c040
4c8bd
464cf
49b6c
45f23
428ba
47a79
428bb
47a7a
4b8ad
473df
46b6c
428be
4b036
428c0
4b8ae
429a0
43e68
438bd
43220
439b6
46f27
48992
46c59
429a6
48993
47b6a
4c9ae
429a9
429aa
46c5a
4ac6c
465c2
46c5b
483eb
46c5c
483ec
429ae
49c60
46f2d
47b6d
429b1
4b129
42a92
4303e
42a94
43f5d
4467c
4820a
43f5f
48c48
4467e
42a99
47b6f
48c49
4c7d0
475c7
4b214
475c8
4b7be
4820f
45e32
475c9
42aa0
4a2fd
475ca
42aa2
4b216
42aa4
4c042
42b85
48d39
42b87
44051
47c60
42b89
485d1
44053
4c314
476b8
44055
44056
46e3e
485d3
46e3f
485d4
44773
42b91
46e40
4b3f8
46d52
46e41
4b3fa
47c66
4b3fb
4b8b1
43aa9
44141
4b9a1
42c7a
477a9
4c405
483ef
42c7c
486c4
46f2f
42c7e
42c7f
44863
483f1
44864
483f2
42c82
4b3fd
46897
4a4e0
462ee
42c85
4a4e2
477af
4a4e3
42c89
43313
43c87
435f0
43d78
47020
487b4
44953
4caa2
47f36
43c8c
4c4f9
4caa3
42d72
47e46
42d73
47e47
4bd6b
487b9
463df
47e48
46109
4b5dd
47e49
47026
42d79
4b4f1
42e5a
43406
42e5c
43d7a
44a44
48026
43d7c
48a64
44a46
42e61
4798b
48a65
4c5ec
473e3
4b5e0
473e4
4bb86
4802b
461fa
473e5
42e68
4a119
473e6
42e6a
4b5e2
42e6c
4be5e
42f4d
48b55
42f4f
43e6d
47a7c
42f51
48999
43e6f
4c6dc
474d4
43e71
43e72
47206
4899b
47207
4899c
44b3b
42f59
47208
4b218
46b6e
47209
4b21a
47a82
4b21b
4bc79
43e73
43041
4450b
47b75
43043
487bb
4450d
4cd7b
47b76
4450f
44510
44c33
487bd
44c34
487be
44687
4304b
478a6
4b8b2
4720c
478a7
4b8b4
48124
4b8b5
4bd6f
43f65
43133
445fe
47c67
43135
488ad
44600
4c8c1
47c68
44602
44603
44d25
488af
44d26
488b0
44779
4313d
473ec
4b9a4
472fe
473ed
4b9a6
48216
4b9a7
4be61
44057
43225
44144
47d59
43227
4899f
44146
4c9b3
47d5a
44148
44149
44e17
489a1
44e18
489a2
4486b
4322f
474de
4ba96
46e44
474df
4ba98
48308
4ba99
4bf53
43b9d
43317
44236
47e4b
43319
484e5
44238
4caa5
47e4c
4423a
4423b
44f09
484e7
44f0a
484e8
4495d
43321
475d0
4bb88
46f36
475d1
4bb8a
483fa
4bb8b
4c045
43c8f
43409
44328
47991
4340b
485d7
4432a
4cb97
47992
4432c
4432d
44ffb
485d9
44ffc
485da
44a4f
43413
476c2
4bc7a
47028
476c3
4bc7c
47f40
4bc7d
4c137
43d81
434fb
4441a
47a83
434fd
486c9
4441c
4cc89
47a84
4441e
4441f
450ed
486cb
450ee
486cc
44b41
43505
477b4
4b7c4
4711a
477b5
4b7c6
48032
4b7c7
4c229
44420
435f4
47e52
435f5
47e53
4cb9a
451e6
4720d
486d0
4698e
4be63
486d1
47e56
435fb
4bd73
436e4
44513
44d28
487c0
44d29
487c1
44a52
436e9
4799a
4bf54
478aa
4799b
4bf56
487c4
4bf57
4c40d
44604
437d8
47a8a
437d9
47a8b
4cd7e
453ca
46e45
488b4
46b72
4c047
488b5
47a8e
437df
4bf5b
438c8
4414b
44f0c
489a4
44f0d
489a5
4468a
438cd
47b7e
4c138
474e2
47b7f
4c13a
489a8
4c13b
4c5f1
4423c
439bc
47c6e
439bd
47c6f
4c9b6
455ae
47029
484ec
46d56
4c22b
484ed
47c72
439c3
4c13f
43aac
4432f
450f0
485dc
450f1
485dd
4486e
43ab1
47d62
4bd74
476c6
47d63
4bd76
485e0
4bd77
4c7d5
44f0f
486d3
44870
48401
44871
48402
43ba3
4b401
48404
44f11
43ba6
4b402
4c8c7
43ba9
45001
487c5
44962
47f47
44963
47f48
43c95
4b4f3
47f4a
45003
43c98
4b4f4
4c9b9
43c9b
450f3
488b7
44a54
48039
44a55
4803a
43d87
4b5e5
4803c
450f5
43d8a
4b5e6
4caab
43d8d
44c39
489a9
44b46
4812b
44b47
4812c
43e79
4b6d7
4812e
44c3b
43e7c
4b6d8
4cb9d
43e7f
44d2b
484ef
4468c
4821d
4468d
4821e
43f6b
4b21d
48220
44d2d
43f6e
4b21e
4cc8f
43f71
44e1d
485e1
4477e
4830f
4477f
48310
4405d
4b30f
48312
44e1f
44060
4b310
4cd81
44063
44e20
489ae
44875
45d43
44876
48313
4414f
4b9ad
44e24
454c2
44152
4b9ae
492ed
44155
44f12
484f4
44967
45e35
44968
48405
44241
4ba9f
44f16
455b4
44244
4baa0
493df
44247
45004
485e6
44a59
45f27
44a5a
47f4b
44333
4bb91
45008
456a6
44336
4bb92
494d1
44339
450f6
486d8
44b4b
46019
44b4c
4803d
44425
4bc83
450fa
451ec
44428
4bc84
49017
4442b
44c3c
487ca
44691
4610b
44692
4812f
44517
4b7c9
44c40
452de
4451a
4b7ca
49109
4451d
44d2e
488bc
44783
461fd
44784
48221
44609
4b8bb
44d32
453d0
4460c
4b8bc
491fb
4460f
45c53
48c50
44789
4c140
44698
4cd8c
4b313
4469a
44b4f
4cc98
4469d
4b7cc
4e2fc
4c6ee
44b53
4e2fe
446a1
4610d
4cc9b
45b64
44c43
487d1
446a4
48132
487d3
446a6
4c7e2
487d5
446a8
4b4f6
4cc9c
4af4b
5555f
4b7d0
44c4b
55560
4cd90
487db
4b4f8
4cc9f
4af4d
50f6b
4b222
50f6c
4b223
55563
4cca1
44c53
455b5
48b61
44d34
484fa
45b67
4910b
454c4
446b8
48407
4c8d0
47b88
44f1b
4c051
48b64
4c6f2
454c9
446bd
491fd
454cb
446bf
51427
494d3
44f22
4c6f3
44f23
48c59
4e6c4
4c7e3
446c5
4e6c6
494d5
5142b
4d7a8
446c8
446c9
48225
4c054
47b8a
47a93
4c055
446cd
4c7e5
484fe
4b8c0
48229
4b8c1
4822a
4c7e6
4b22a
4822c
4cab8
4c233
4822e
446d5
48230
50d86
4b9b1
54fb6
4c7ea
446d9
4de45
48234
54fb8
50d8b
4af50
4c6f7
4a9a1
509bf
4ac74
509c0
4ac75
55289
4c6f9
4850b
4b22e
4cca5
4c057
48b68
446e5
4c144
4e3f2
4cd93
48c5f
55567
4e3f5
4b22f
50c94
4c146
5528b
4c058
4b7db
5142f
4ce35
4b233
446ef
50c96
4b235
54fbe
4c147
4b7dc
446f3
4de48
446f4
50ab1
446f5
51432
4cf28
4c7f2
50d8e
4c7f3
50d8f
4cf29
4ce38
54fc2
4e3fa
51435
4d5c4
51436
4d5c5
44700
54fc5
50c99
4478e
4c324
48d43
4c325
4487c
4df35
4b9b5
4487e
453d1
48f27
44d36
488c2
47c77
4be72
473f6
44797
492ee
488c6
44799
4c328
488c8
4bf5c
44d3d
4bf5d
44d3e
4cd97
4b8c9
44d40
4479f
44d42
4bf5e
447a1
4bf5f
447a2
4c7f4
447a3
5105f
44d46
550aa
447a6
48315
4cd9c
45c58
45009
464d5
447a9
45f2a
455b9
4c148
4500c
4850d
48c63
4500e
4b8cd
447ae
4c14b
455be
447b0
492ef
455c0
45013
5151a
4b319
5151b
447b5
4cba8
455c5
4e7b7
48d4d
447b8
4d899
455c8
5151e
4d89b
476cb
4b31a
46e4a
485ee
4b31b
47b8e
485ef
447c0
4b040
4c7f9
4aa91
54af8
4b31d
4831d
54af9
4bd79
4831f
54afa
4c32e
485f7
4c32f
447c9
50e79
48324
4d98a
4bd7c
54afd
4d98c
48327
485f8
4b9b8
447cf
4b9b9
447d0
4c238
447d1
50ab9
485fc
54b01
447d4
4c14e
447d5
5151f
4cda0
4b406
4c8d9
48d50
4df39
4d016
48d52
447db
4c801
447dc
50d93
4b324
447de
4cda1
4b326
550ae
4cf32
4c805
550af
50abf
4b407
4df3c
4cf33
4c335
50e7e
4d6b3
54825
4d019
447e8
54b06
4d990
550b2
4d991
447eb
550b3
4cf35
447ee
4d01d
550b5
50ba6
550b6
50ba7
50d96
447f3
4496b
4588c
44881
4baa6
4e026
4c41c
4496f
4e028
44885
45d45
4c8dc
4579c
44e29
489b7
44888
48329
489b9
4488a
4c41d
489bb
4488c
4b6da
4c8dd
4b12f
55197
4b9be
44e31
55198
4c9c9
489c1
4b6dc
4c8e0
4b131
5114f
4b408
51150
4b409
5519b
4c8e2
44e39
451ed
48d53
44f25
486de
4579f
492f1
456aa
4489c
4803f
4cabc
47d6c
450ff
4c23f
48d56
4c33d
456af
448a1
4910c
456b1
448a3
5160b
4910d
45106
4c33e
45107
48e3e
4e8a8
4c41f
448a9
4e8aa
4910f
5160f
4d3e0
448ac
448ad
4840b
4c242
47d6e
47c7f
47d70
448b1
4c421
486e2
4baa8
4840f
4baa9
48410
4c422
4b410
48412
4ccad
4be74
48414
448b9
48416
50f70
4bb95
54bee
4c426
448bd
4da7d
4841a
54bf0
50f75
4b134
4c342
4ab85
50ba9
4ae58
50baa
4ae59
5546d
4c344
486ef
4b414
4c8e6
4c245
48d5a
448c9
4bd81
4e02a
4c9cc
48e44
5519f
4e02d
4b415
50e84
4bd83
5546f
4c246
4b9c9
51613
4d023
4b419
448d3
50e86
4b41b
54bf6
4bd84
4b9ca
448d7
4da80
448d8
506e9
448d9
51616
4d10c
4c42e
50f78
4c42f
50f79
4d10d
4d026
54bfa
4e032
51619
4d7ae
5161a
4d7af
448e4
54bfd
50e89
44972
4c50c
48f29
4c50d
44a60
4e119
4bb99
44a62
451ef
48e46
44c55
466ba
47e5b
4c34d
451f2
4497b
48f2b
451f4
4bd87
44c5a
516fa
48f2c
44c5c
497a8
48f2e
451f9
44982
4baaf
44983
44f26
4850e
44985
45e3a
475db
4bab0
44f29
48511
48c69
44f2b
4cac1
48f30
44f2d
4bab1
4498c
4b237
4498d
4c9d2
48518
4498f
5528f
44991
4bab4
50c9a
4b239
55290
4bab5
516fe
4c433
44995
50c9e
50c9f
45891
4c434
452e2
44999
4cda5
451fd
4e99b
48f33
4499c
4d4d1
45200
51702
4d4d3
478b1
4b502
4702e
487df
449a2
4bab8
487e0
449a4
4ac7c
4c435
4a6c9
54cdc
4b505
47f57
54cdd
4bf65
47f59
54cde
4c516
487e8
4c517
449ad
51063
47f5e
4db6e
4bf68
54ce1
4db70
47f61
487e9
4bb9c
449b3
4bb9d
449b4
4be79
449b5
506f1
487ed
54ce5
449b8
4bd8b
449b9
51703
4c9d9
4b5ee
4cac5
48f36
4e11d
4d1fa
48f38
449bf
4c43d
449c0
50f7d
4b50c
449c2
4c9da
4b50e
55296
4d116
4c441
55297
506f7
4b5ef
4e120
4d117
4c51d
51068
4d89d
54a09
4d1fd
449cc
54cea
4db74
5529a
4db75
449cf
5529b
4d119
449d2
4d201
5529d
507de
5529e
507df
50f80
449d7
44b55
45a70
44a65
4bc8a
4e20a
4c602
44b59
4e20c
44a69
44d49
467ab
44a6b
46202
452e6
4be7f
44d4c
487f0
48a71
44d4e
4989a
48a73
44d50
44a72
4b5f0
4cac8
48f3c
44d53
51242
4b5f1
51243
45981
45019
48601
44a78
47f62
4c444
479a4
4501c
48605
44a7c
4c604
48607
44a7e
4b32a
4cacb
4ad6b
5537f
4bba4
45023
55380
4cbb5
4ad6c
4c80b
45026
4c80c
45027
4cacf
45028
51245
4bba8
44a88
45108
488ce
44a8a
48042
48a77
4e4e0
4c605
44a8d
4e4e2
492f5
51247
4d5ca
44a90
44a91
48043
4be83
479a6
479a7
47e64
44a95
4c607
488d3
4bc8c
48047
4bc8d
48048
4c608
4b5f8
4804a
4c8ee
4c063
4804c
44a9d
4804e
51154
4b7de
54dd2
4c60c
44aa1
4dc61
48052
54dd4
51159
4ad70
4c52a
4a7bd
507e1
4b044
507e2
4b045
550b9
4c52c
488e0
4b6e0
4cbb7
48a7c
4e20f
4d2ec
48a7e
44aae
4be85
44aaf
5124a
4cad3
4b5fd
5106e
4bf6f
550bb
4be87
4bbad
5124b
4d207
4b601
44ab7
51070
4b603
54dda
4bf70
4b7df
508cc
4b7e0
5115b
4bbae
44abd
5124e
4d2f0
4c614
5115c
4c615
5115d
4d2f1
4d20a
54dde
4e216
51251
4d3e6
51252
4d3e7
44ac8
54de1
51073
45a71
4c616
454d9
44b5d
44e3b
462f1
45a74
4901e
453d8
44b61
4832b
4cdab
48a81
44e40
4bc92
44b64
4bf74
453dd
44b66
493e4
453df
44e45
51334
4b6e3
51335
45a75
4510b
486f3
44b6c
48054
4c536
47a98
4510e
4ccb2
48b70
45110
4ccb3
4ae5c
4c34f
486fa
4c350
486fb
44b74
4cbc0
486fd
45116
4ae5e
4c351
45118
4c352
45119
4cbc2
4511a
51337
4bc9a
44b7c
453e2
4d6b8
48b72
55477
4d6ba
453e5
4e5d5
4c70b
55478
4e5d7
47a99
4bc9b
474ea
44b85
479aa
4bf76
48b74
4813a
4b6e8
44b89
4ae61
44b8a
4c61c
489ca
44b8c
4c70e
489cc
44b8e
54ec3
44b90
4dd50
48143
5463f
4c15c
50ca2
4c9e3
44b94
50ca4
4dd55
4a8ae
4bd94
489d0
4bd95
489d1
4c61f
489d2
54ec8
4b6ed
44b9b
48a84
4c621
48a85
44b9e
4d2f6
4b7e5
4ce3a
4c714
44ba1
4e302
4ce3d
4b138
508d8
4b139
54eca
4b7e6
44ba6
4d2f7
4c624
44ba8
5133e
4c626
4b6f4
5133f
4c628
44bac
4dd56
44bad
509cb
44bae
5547c
4e305
4c718
44bb1
509cc
44bb2
509cd
4ccb9
44bb4
54ed0
4e309
4d2fd
44bb8
50caa
44bb9
50cab
51345
508dd
46203
48f41
44d57
4be88
44c66
4cdae
4b8da
44c68
4511d
46112
44c6b
4b7e7
4e8ae
49114
45121
4e8b0
44c6f
4babd
4d11a
4b7e9
519d0
4bd9a
45207
4c9e5
45208
51710
4d11f
46113
496b8
45a78
44c77
49207
45a7a
44c79
49116
4ccbf
48e56
519d3
49117
454e1
519d4
49209
454e3
44c7f
45a82
4dd5c
48c6e
519d6
4cdaf
44c83
4ec73
4cdb0
519d8
4ec75
44c87
4bd9d
48c6f
4e3fc
4c80e
44c8a
4cf38
487f4
54cf1
4cdb3
44c8d
44c8e
4bd9e
44c8f
4d3e9
4bd9f
44c91
51713
4b8db
4d4da
4920f
44c94
51714
4d3ec
4cdb6
44c97
519db
4c71e
51438
4ce45
44c9a
4d3ed
4ce46
44c9c
50f85
4ccc7
44c9e
5557b
4c720
4bf7c
4e402
4bf7d
51075
4cdb8
51076
4cdb9
51077
4d4e0
44ca5
5557e
5171a
4ce49
4db7c
519e1
4db7d
4d3f0
519e2
4e9ac
5171d
44e47
45d4a
44d5d
4b9cb
4e4e6
492f8
44e4b
4e4e8
44d61
4bbaf
4d20c
4b8dd
51ac2
4be8e
452f9
4cad7
452fa
51256
4d211
46205
497ab
45b6a
44d69
492f9
45b6c
44d6b
49213
4cdbe
48f4b
51ac5
49214
455d3
51ac6
492fb
455d5
44d71
45b74
4de4e
48d60
51ac8
4c8f5
44d75
4ed65
4c8f6
51aca
4ed67
4b8e1
4814b
48d61
4df42
4c354
44d7c
4d02a
488e6
54de3
4c8f9
44d7f
44d80
4bf80
4e4ea
4c8fb
48a8c
44d83
4be92
44d84
4d4e5
4be93
44d86
5125a
4d4e8
4c8fc
44d89
51acd
4c812
5152a
4cf43
44d8c
4d4e9
4cf44
44d8e
5107d
4cdc6
44d90
550c1
4c814
4c06e
4df48
4c06f
51167
4c8fe
51168
4c8ff
51169
4d5d2
44d97
550c4
51260
4cf47
4dc6e
51ad3
4dc6f
4d4ec
51ad4
4e4f2
51263
44f39
4c9e6
44e4f
4babf
4e5d8
493ea
44f3d
4e5da
44e53
4bca1
4d2fe
4b9cf
51bb4
4bf84
453eb
4cbc9
453ec
51348
4d303
45d4b
4989d
45c5c
44e5b
49305
4c904
48a91
51bb6
48e5b
456c3
51bb7
49306
456c5
51bb8
493ed
456c7
44e63
45c66
4d994
48e5e
51bba
4c9e9
44e67
4ee57
4c9ea
51bbc
4ee59
4b9d3
4823d
48e5f
4e034
4c448
44e6e
4d122
489d8
54ed5
4c9ed
44e71
44e72
4bf88
44e73
4d5d7
4bf89
44e75
5134b
4bac1
4d6be
493f3
44e78
5134c
4d5da
4c9f0
44e7b
51bbf
4c358
5161c
4d035
44e7e
4d5db
4d036
44e80
5116f
4c90c
44e82
551b3
4c35a
4c160
4e03a
4c161
50cad
4c9f2
50cae
4c9f3
50caf
4d6c4
44e89
551b6
51352
4d039
4dd66
51bc5
4dd67
4d5de
51bc6
4e5e4
44e91
4502b
45f2e
44f41
4bbb1
4e6ca
494dc
4502f
4e6cc
44f45
466bb
49c63
45e3e
4520c
4bac3
44f48
4bac4
44f49
494dd
457a6
44f4b
494de
457a8
44f4d
49a84
457aa
45214
48b81
4c728
454e6
4c9f8
454e7
5143a
4b7f7
5143b
4c9f9
44f55
457ac
4da86
48f53
51cac
4cadb
44f59
4ef49
4cadc
51cae
4ef4b
44f5d
4c079
48f54
4e126
4c53a
44f60
4d214
4851e
54fc7
4cadf
44f63
44f64
4c07a
44f65
4d6c9
4c07b
44f67
5143f
4bbb3
4d7b0
494e5
44f6a
51440
4d6cc
4cae2
44f6d
51cb1
4c44c
5171e
4d12d
44f70
4d6cd
4d12e
44f72
50cb5
4ca00
44f74
552a5
4c44e
4c252
4e12c
4c253
50d9f
4cae4
50da0
4cae5
50da1
4d7b6
44f7b
552a8
51446
4d131
4de58
4d21d
51447
4d6d0
51cb8
4e6d6
51449
45123
46020
45033
4bca3
4e7bc
49022
45127
4e7be
45037
467ad
49d55
45f30
452fe
4989e
48a97
45300
4bbb5
4503c
4bbb6
4503d
494ea
4589a
4503f
517ee
494eb
45306
48c79
4c81c
455d8
4caea
455d9
5152c
4b8eb
5152d
4caeb
45047
4589e
4db7e
48a99
517f2
4cbcd
4504b
4ea8f
4cbce
517f4
4ea91
4504f
4c16b
48a9a
4e218
4c635
45052
4d306
48610
54b0d
4cbd1
45055
45056
4c16c
45057
4d7bb
4c16d
45059
51531
4bca5
4d8a2
4902b
4505c
51532
4d8a5
4902d
4505f
517f7
4c53e
51264
4d21f
45062
4d7bf
4d220
45064
50da7
4caf2
45066
55397
4c540
4bda4
4e21e
4bda5
50e91
4cbd6
50e92
4cbd7
50e93
4d8a8
4506d
5539a
4506f
517fc
4d99e
4d30f
51539
4d7c2
517fe
4e7c8
5153b
453ee
4689d
4512a
462f4
45987
4512c
49991
45989
4c258
453f3
4c259
453f4
4c542
49031
453f6
49f39
4911f
4598f
4b422
4c90e
48d6c
4d03b
48d6d
45137
4c363
45138
4d03e
456ce
48b8a
4eb7e
49993
4513c
4dc72
45993
518e5
4dc74
4513f
45140
47f67
4c544
4c72a
45143
4ce51
48701
4e30c
4be97
55485
4ce54
48704
48d6e
4c545
48d6f
4514a
4cbe0
48d71
4514c
4bda6
4e8b2
4ccd1
48e63
4514f
518e8
4d3f5
49126
45152
4cbe1
45153
50e97
4b7f9
4e8b7
4c547
4cbe2
518ea
4d313
4bcb2
518eb
4d8b3
4ccd3
50f88
4ce57
54c01
4ce58
51628
4ce59
5548b
4e8b8
4ccd7
45160
50f8c
45161
50f8d
5162b
4d315
4e8ba
5162c
4d8b4
518f1
467af
48f56
45309
4be9a
45218
497b2
4be9b
4521a
456cf
466be
4521d
496bf
4ee5a
493ff
456d3
4ee5c
45221
4bad0
4d6d2
4bad1
51cba
49401
51f7c
4bdab
45225
4d6d6
4d6d7
466bf
45a89
46f3e
45229
49403
4cbe8
48e6a
51f7e
49219
45a8d
51f7f
496c3
45a8f
51f80
497b5
45a91
45231
4602e
4f21c
48f5a
51f82
497b8
45235
4e319
46032
51f84
4f221
45239
4c36b
49405
4cbec
49406
48e6d
4d9a2
4b7fa
4d3fc
4bdb2
4523f
4d3fe
48e71
45241
51cc0
494f2
4ccdb
48f5c
4ef51
4da94
48f5e
4e132
48f5f
4e9af
4d226
51cc2
4da95
48f62
51f89
4d9a5
4da97
496c7
4524d
51f8b
4d135
4524f
4d9a7
4ccdd
4c549
4e9b1
4d136
51f8c
45254
4e9b2
45255
4e9b3
4d9a9
45258
4da9b
51f8f
4530e
49035
48a9d
4c54a
453fc
4ea93
4c54b
453fe
48c80
4c45a
458a5
4caf5
458a6
4c45b
458a7
51801
494f7
45318
45b7a
4702f
4531a
46a84
46117
4bea0
45b7d
4bea1
45b7e
49b72
4930c
45b80
4ccdf
497c1
45b82
4a11c
498a8
4611f
498a9
45325
4f30f
46122
4e40a
4930e
52075
4e40c
46125
48707
4cce1
4532c
4bf8e
4ea96
498ad
48aa3
51805
4d316
5539f
4d5e1
45331
4e226
45332
51267
4ea9a
48f67
4c460
48f68
45336
4c461
48f6a
4d22a
48f6b
51268
4d22c
4533a
51269
4daa0
4903a
4533d
5180b
4daa2
4db8a
4b8ed
5126a
4c463
4bf8f
4ea9d
4d5e3
553a0
45345
5180c
4d5e4
4d31b
5126d
4daa4
5180e
4ea9e
5126f
454eb
463e8
45401
49995
4eb84
49129
454ef
4eb86
45405
4bf90
45406
4d8b7
45998
4c262
45408
4c263
45409
4d8ba
4d8bb
462f7
49e49
46208
4540d
4903e
4cdd0
48aac
52162
49409
45c71
52163
498b2
45c73
52164
49999
45c75
45415
46212
4f400
48b94
52166
4999c
45419
4df51
46216
52168
4f405
4bf94
487fa
49040
4cdd4
49041
48aaf
4db90
4b9de
4d5e6
4bf98
45423
4d5e8
48ab3
45425
518f8
4912a
4c913
48b96
4eb89
4dc78
48b98
4e31c
48b99
4e5e7
4ce5e
518fa
4dc79
48b9c
5216d
4db93
4dc7b
498b6
45431
5216f
4d31f
45433
4db95
4c915
4c72d
4e5e9
4ce60
5135e
4ce61
45438
4d321
52171
4db97
4543c
4dc7f
52173
454f2
4921d
48c83
4c72e
455e0
4ec77
4c72f
455e2
45d4d
499a2
457b9
47214
48b9d
4c640
45d50
4c641
45d51
454fc
49d59
45d53
454fe
4c918
45d55
45500
52255
45502
4c086
45503
4d403
45a95
4bdb7
45505
4bdb8
45506
4d406
4d407
49a8d
45509
4f4f3
45d5a
4e042
49501
52259
4e044
45d5d
488eb
4c919
45510
4c089
45511
4dc81
4c08a
45513
4ca06
45514
4d6df
4c08d
5225c
4dc83
4c08f
45518
4c174
4ec7a
49a91
48c89
519ed
4cf4e
55583
4d7cb
4551d
4e410
4551e
5144d
4ec7e
49135
45521
519f1
4dc86
4dd6e
4bad3
5144e
4c649
4c175
4ec81
4d7cd
55584
51450
4ce67
4d7ce
519f3
4d7cf
4dc88
519f4
4ec82
51453
456d5
465cc
455e5
495cd
4ed68
49311
456d9
4ed6a
455e9
46d59
4a301
464dc
458ac
49a95
455ec
49224
455ed
495cf
45e44
455ef
49a96
45e46
455f1
51d9a
49a97
458b4
48c91
4d4fa
48c92
51d9d
49226
4cdd7
48f70
4d4fd
49227
455f9
45e4a
4f038
48d78
51d9e
495d4
455fd
4e13b
45e4e
51da0
4f03d
4c17a
48522
49228
4ca0e
49229
48c95
4dd74
4bbc4
4d7d0
4c17e
45607
4d7d2
48c99
45609
51ade
49312
4caf9
48d7a
4ed6d
4de5c
48d7c
4df54
48d7d
4e7cb
4d042
51ae0
4de5d
48d80
51da5
4dd77
4de5f
495d9
45615
51da7
4cf57
45617
4dd79
4cafb
4c371
4e7cd
4cf58
51da8
4561c
4e7ce
4561d
4e7cf
4dd7b
45620
4de63
51dab
456dc
4689f
45f33
495da
4599f
495db
456df
49316
456e0
496c8
45f37
456e2
496c9
45f39
456e4
49c69
45f3b
45c77
4bf9d
456e7
4bf9e
456e8
4c26a
456e9
4d5ef
45c7b
51bcc
456ec
4e22a
45f3d
51bce
49138
4f12c
49f3f
456f0
4f12e
4e22f
48615
456f3
48d85
4c82a
48d86
456f6
4c82b
48d88
4d046
48d89
5162e
4d048
456fa
5162f
4de68
48e77
4c372
456fd
4d9ab
496d1
456ff
4d408
45700
4e047
48e7c
4e8be
48e7d
45703
51bd3
4c82c
4940f
45706
51e98
4ee64
4cbf3
51903
4cbf4
4c274
4570b
4e049
4570c
51bd6
4d8c7
4e04a
51e9b
4e04b
4ee66
51636
4de6c
51bd9
46d5b
49502
458b7
49d5d
457c6
4ca12
49504
457c8
45c7d
49c6a
457cb
499aa
4f406
4c375
45c81
4f408
457cf
499ac
4dc8a
4913b
52266
499ad
52528
4c377
457d3
4dc8e
4dc8f
457d6
46f3f
4aa94
46c6c
46037
499af
457d9
49c6f
465d4
457db
499b0
457dc
49d60
465d7
457de
4a302
465d9
465da
4f7c8
49506
5252e
49d64
457e3
4e8c5
465de
52530
4f7cd
499b1
4df5a
4df5b
4c37b
48e81
4d6e4
48e82
4c468
457eb
4d9b5
48e84
4f4fd
49c73
499b3
52532
4d6e6
4941c
5226b
4c380
4941e
52534
49d67
49509
5226d
4d7d6
51454
4daa7
457f7
4e6e0
457f8
51cd0
4f501
499b4
457fb
52271
4f503
4d7d9
51455
4d9b8
457ff
4d7da
51cd3
4d7db
45802
51cd4
4e054
4f505
458bb
495e1
468a2
49049
4cb05
48f72
458bf
49e50
4f041
4922c
4ca15
48c9c
4dd7d
4950f
4dd7e
49510
5261b
4ca17
45e55
466c1
46d5d
46128
475de
458ca
49511
4ca18
48e86
4612b
5261c
49512
5261d
498b7
4612e
5261e
49e53
46130
458d2
4e9b4
466cd
51db0
498b9
4f8bc
4a121
458d6
4f8be
4e9b9
49513
4ca1a
49d6f
48e8a
458db
49e58
4f042
4bead
52082
4d7dd
458de
4e13f
495e5
458e0
4f045
4cbf5
4eaa0
4d8c9
51813
4db9a
52624
4f046
4e143
458e6
4e059
4c471
458e8
4daae
4c473
52627
4e05b
4c475
458ec
51db6
4e05d
4e145
4cbf6
4eaa3
4d7e0
5262a
458f2
4eaa4
458f3
4eaa5
4e05f
458f6
51dbb
4f04b
459ae
496d3
48ab7
4c64c
45a9c
4f131
496d5
45a9e
48d95
4c82e
45f43
4c82f
45f44
4cb0a
45f45
51e9f
495e9
459b8
46218
476cf
459ba
47124
467b5
49e5d
4621b
49f43
48f79
4621d
4c55f
4621e
4a211
499b6
46220
4a7be
49f46
467bd
49f47
459c5
4f9ad
467c0
4e4fc
499b8
52713
4e4fe
467c3
48ab9
4d8ce
48aba
4c64e
459cc
4db9f
48abc
4f135
495ec
4e148
4e149
4c562
4905b
459d2
4cb10
4905d
51905
4d8d1
459d5
51906
4e14e
49142
4f136
4e233
49144
4e8c8
49145
4eb93
4d410
51ea6
4e234
49148
5271a
4e14f
4e236
49f4d
459e1
4e8cb
459e2
4eb96
459e3
4eb97
5190b
4d8d3
459e7
5271e
459e9
51ead
46a85
4922e
45b8d
4a033
45aa2
4ccea
49230
45aa4
45d64
462fa
49f4e
45d66
477c2
48abd
4c650
462fd
45aaa
49f51
462ff
4cbfc
46300
45aad
4a305
46302
45aaf
52801
4941f
4cbfd
48e8c
4d9bb
4914b
4d9bc
4914c
52803
4cbff
46044
49231
51f95
4e5ed
45ab8
4a306
46307
4faa1
4a03b
45abb
45abc
49f52
45abd
52807
4cc01
4914e
4dc96
49233
4cceb
48baf
519f6
4c741
45ac3
4e23d
4c657
45ac5
4dc98
4c659
52809
4e23f
4c65b
45ac9
4e324
4a03e
45acb
4dd82
45acc
4e9bb
49238
4ec86
49239
45acf
51f9b
4cc03
497ce
45ad2
5280d
4dd85
519fb
519fc
4d419
4dd86
51f9f
4dd87
4e242
51fa0
4f22e
519ff
45c83
46b78
45b93
498bc
4f314
4c831
45c87
4f316
45b97
47307
463ec
4a040
45e58
497cf
45b9a
49b7b
463ef
45b9c
497d0
45b9d
49b7c
463f2
45b9f
4a122
463f4
45e60
48f7d
4c476
46132
4c477
46133
4ccf0
46134
52085
497d3
45ba7
463f6
4f5e4
49324
5234a
49b80
45bab
4e6e7
463fa
5234c
4f5e9
497d4
4e32c
4e32d
4c747
48c9f
4d506
48ca0
4c832
45bb3
4dd89
48ca2
4f319
4a046
497d6
5234e
4d508
49244
52089
4c74c
49246
52350
49b83
49327
5208b
4d5f2
51270
4de75
45bbf
4e502
45bc0
51aec
4f31d
497d7
45bc3
5208f
4f31f
4d5f5
51271
4dd8c
45bc7
4d5f6
51aef
4d5f7
45bca
51af0
4e41c
4f321
45c89
45f49
473f9
45c8b
46e4e
464e0
49b87
45f4c
49c74
48ca5
45f4e
4c835
45f4f
4a4e8
496e3
45f51
4aa95
49c77
48ac3
4c568
46224
4c569
46225
4cde2
46226
52177
498c5
45c99
464e8
4f6d6
49422
5243c
49c79
45c9d
4e7d9
464ec
5243e
4f6db
498c6
4e41e
4e41f
4c839
48d97
4d5f8
48d98
4c384
45ca5
4de7b
48d9a
4f40b
49b8c
498c8
52440
4d5fa
49336
5217b
4c83e
49338
52442
49c7c
49425
5217d
4d6ea
51362
4d9c1
45cb1
4e5f4
45cb2
51bde
4f40f
498c9
45cb5
52181
4f411
4d6ed
51363
4de7e
45cb9
4d6ee
51be1
4d6ef
45cbc
52184
4f413
4e427
45d6f
45e62
4a308
4942b
4ca20
48bb8
45d73
4a30a
4faa7
45d76
49f55
48ac5
4a217
4622c
4f9b3
49f57
4622e
48ac7
4c65c
4630b
4c930
4630c
52812
496e7
52813
4c931
45d80
465e0
47a9d
45d82
474ee
46b7d
49f5b
465e3
49f5c
465e4
4a30b
4933d
465e6
4ab88
49d72
465e8
4b13a
4a30e
46b85
4a30f
45d8d
4fd75
46b88
4ee70
49d74
52adb
4ee72
46b8b
48acc
4a21d
48acd
45d94
4c936
48acf
45d96
4a04a
4faa8
4ca23
48ca9
4ec8a
48caa
4f507
49340
45d9b
4c937
45d9c
4df6f
499c6
45d9e
4df70
4c939
52adf
4e50c
4c93b
45da2
4e5fa
4a314
45da4
4ec8c
49ab8
4f509
49ab9
45da7
5281c
4e5fe
4a315
45daa
5281e
4df73
4ec8e
52ae5
4ec8f
45daf
52ae6
45db1
52821
46e4f
495f4
45f55
49b8e
45e6a
4cb13
495f6
45e6c
463fc
4a04d
45e6e
4a04e
45e6f
4e338
49248
4e339
49abc
52bc7
45e73
466d3
47b8f
45e75
475e0
46c70
4a050
466d6
4a051
466d7
4a3fd
49433
466d9
4a6ce
49e64
466db
4ac80
4a400
495f7
5235b
4ef61
45e80
4a6d0
46c7b
4fe69
4a403
45e83
45e84
4a052
45e85
4e603
4a053
45e87
5235d
495f9
4e6ea
49520
45e8a
4e152
45e8b
4ed7d
45e8c
52bd0
4c478
5262e
4dd95
45e8f
4e6ec
4a406
45e91
4ed7e
495fe
4f04f
495ff
45e94
52360
4a055
49ac3
51dc2
4dd97
45e98
51dc3
4e609
49b92
45e9b
52bd5
51dc4
4dd99
4e156
4de85
51dc5
4e60a
52366
4f5f6
51dc7
46045
46f42
45f5b
496e9
4f6dc
49064
46049
4f6de
45f5f
498ca
4e428
49601
52cb8
49b95
464f1
4cde9
464f2
5244c
4e42d
46e51
467c5
47c82
45f67
49523
4cb18
48cb3
52cba
49524
467c9
52cbb
49f61
467cb
52cbc
4a4f1
467cd
45f6f
46d6a
4ff58
496ec
52cbe
4a4f4
45f73
4eaa9
46d6e
52cc0
4ff5d
49605
4e6f4
4cb1b
49606
52cc1
4e6f7
49065
4cc08
48da0
4f6e1
4d9c6
51be4
4e24b
51eb0
4c56a
52720
4de87
45f80
52cc2
4a40e
4cb1e
45f83
4e15b
4960b
45f85
52451
49c83
45f87
4f6e3
4d9c8
51eb4
4e24d
52cc5
4f6e4
4e7e1
45f8c
52455
4f6e7
4e24e
4d9cb
51eb6
4de8a
4e15d
45f92
51eb8
4e7e4
4f6e9
4604b
46138
4a5de
49157
4ccf8
48e90
4604f
4a5e0
4f7d1
46f43
4aa97
468a6
46053
49069
4cc0a
48da2
52daa
4906a
46315
52dab
4a056
46317
52dac
4a5e3
46319
4605b
465eb
49c87
4605d
49c88
4605e
4df76
49438
4df77
496f8
52daf
46062
4eb98
468b1
52542
4a058
5004c
4a8b7
46066
5004e
4eb9d
4906c
4cc0e
4906d
48da8
4e7e8
49c8c
48e91
4a5e8
4606d
4e8cf
497e0
4f230
4dab9
51cd7
4a4ff
4915b
4d9cc
4915c
51fa3
49c8d
496fd
51fa4
4d9cf
46076
51fa5
4e7ed
497e1
4f7d4
4e8d1
497e3
4f232
4dabb
52547
4e8d2
497e6
52db8
4f7d8
4e8d5
4d9d0
52dba
46082
4f234
46083
4f235
4e7ef
46086
4e8d7
52dbd
498cc
46230
48f81
4a125
46232
4f8c1
49e69
46234
46997
4a5ec
46403
47e66
48e93
4a5ed
4699a
4ccfd
4699b
46148
4a5ef
4699d
4614a
4a9a7
4699f
4614c
528f3
4614e
49ac7
4e06c
497e9
528f4
49d7f
466e0
4ca31
466e1
52632
4e071
4a12b
46155
4fb91
469a4
4ec92
49b9f
528f7
4ec94
469a7
48ad0
4eaac
48ad1
4f323
48e98
4a5f0
48e99
4615e
4cd02
48e9b
46160
49e6a
4f8c4
4cded
49162
46163
4cd03
46164
4e343
497ee
46166
4e344
4cd05
528fb
4e8de
4cd07
4616a
4e9c2
4a130
4616c
4eaae
498d6
4f325
498d7
4616f
5263a
4e9c6
4a131
46172
5263c
4e347
4eab0
52901
4eab1
46177
52902
5209d
4e9c9
46a89
4a132
464f5
479ac
48f85
4a133
46a8c
4cdef
46a8d
4623a
4a135
46a8f
4623c
4aa99
46a91
4623e
529e5
46240
4960d
4e15e
498db
529e6
49e71
467d2
4cb23
467d3
52724
4e163
4a224
46247
4fc83
46a96
4ed84
49c91
529e9
4ed86
46a99
48ad2
4a227
4624d
4e511
499d0
4f414
4dca3
5190f
49252
4cdf2
49253
48f8c
4e9cc
49e74
49254
46255
4cdf5
46256
4e435
498e0
46258
4e436
4cdf7
529ed
4e9d0
4cdf9
4625c
4e512
4a229
4625e
4eba0
499d4
4f417
499d5
46261
5272c
4e516
4a22a
46264
5272e
4e439
4eba2
529f3
4eba3
4f9be
5218e
4e9d2
52731
478b7
4a05a
4640f
4a05b
4631e
499d8
4a05c
46320
467d5
477c6
46323
498e5
4ff5e
49072
467d9
4ff60
46327
49f6b
46328
4e7f1
468b8
49c92
4632a
49c93
4632b
4e7f4
4e7f5
4632e
47a9f
4712b
4a7c9
46b8f
498e7
46331
49077
46332
4a7cb
4712f
46334
4a8bc
47131
46336
4ae66
47133
47134
50320
4a05e
53086
4a8c0
4633b
4f41d
47138
53088
50325
498ea
4eab2
498eb
4907a
53089
49f71
52ae8
4e257
48adf
52dc3
49f74
48ae1
5308b
499da
4eba4
49166
46348
52dc5
4e348
51fac
4e60d
52826
4eab8
4c941
52ae9
4a7cf
4a5f7
4634f
50057
4e34a
52828
4e60f
5308d
50058
4eba9
46354
52dc9
5005b
4e51e
5282a
4e34c
46359
4fab7
4635a
5282c
4ebac
5005d
46413
46500
4a9aa
49257
4a9ab
48cb9
46417
4a9ac
4fb99
49167
53172
4a068
4641b
497f3
4e8e4
497f4
52905
4a5fb
469ad
4721b
478b9
46c80
4814d
46422
4916a
4a8c7
48bcd
53174
499de
46c84
53175
4a40f
46c86
53176
4a9af
46c88
4642a
4f50c
47227
52908
4a411
50414
4ac85
4642e
50416
4f511
4916c
4a8ca
4916d
48bd0
4ebb0
49acb
4e612
4a06e
46435
4e614
48bd4
46437
5290a
49259
4a9b4
48cbb
4fb9b
4ebb3
49ba6
4f5f8
4e43b
5209f
4a8cb
49ace
5236d
4a13d
46440
4fb9d
4e43c
5236e
4e701
5317f
4fb9e
4ec9b
46445
4ebb5
4fba0
4ec9d
4e352
53182
4644a
4f5fc
4644b
4f5fd
4ebb7
4644e
4ec9f
53185
46506
4a22b
48dac
4a22c
465f4
4fc89
4a22d
465f6
48cbc
4e9d4
48cbd
53265
4925c
4cdfa
48f8f
4e9d7
4925d
46510
46d70
4823e
47400
4af59
4730f
49baf
46d73
49bb0
46d74
4aa9f
49ad1
46d76
4ad75
4a50e
46d78
4b332
4aaa2
47317
4aaa3
4651d
50505
4731a
4f054
4a510
5326b
4f056
4731d
48cc0
4a144
48cc1
46524
4a145
48cc3
4e440
48cc4
5245c
4e442
46528
5245d
4eca4
48dae
4a22e
4652b
4ed89
4a146
49439
4f420
4943a
4f6eb
49614
5245f
4a9bd
49bb8
46532
4ed8a
4aaa8
46534
4f422
49c9e
4f6ed
49c9f
46537
52a00
4ed8e
4aaa9
4653a
4f6ee
4653b
4f6ef
4653d
52a03
4653f
53276
46541
52a05
475e1
49d86
466e5
49d87
465fa
49704
49d88
465fc
468bc
46e54
4aaaa
468be
48331
48db0
4a231
46e57
4a232
46e58
46603
4aaad
46e5a
46605
4ae69
46e5c
46607
53359
4934f
4c942
48ae3
4e521
48db2
4e522
48db3
5335b
4a235
46b9c
49d89
52aed
4f145
46610
4ae6a
46e61
505f9
4ab97
46613
46614
49ca5
46615
4ed93
49ca6
46617
4cc18
46618
4e7fd
49ca9
53360
4ed95
49cab
4661c
49d8b
4fd7e
49707
49355
4661f
4e8e8
46620
4f513
46621
53362
4df89
46623
4ed99
4ab99
49d8e
52af2
4e8ea
46627
4f515
46628
52553
4fd83
4a326
4662b
53365
4662d
52af6
4e8ec
4e077
52555
4ed9a
52af8
4fd86
52557
467db
476d4
466eb
497f5
4fe6c
4952e
467df
4fe6e
466ef
47e67
46f46
4ab9c
469b0
49709
466f2
49440
466f3
4a6d7
46f4a
466f5
4a6d8
46f4c
466f7
4ac86
46f4e
469b8
48bd6
4a329
46c8a
4ca35
46c8b
4a32a
46c8c
52bdd
49443
466ff
46f50
5013c
49e7c
52ea2
4a6dc
46703
4f23f
46f54
52ea4
50141
4970c
4ee84
4970d
49446
52ea5
49d99
52914
4e079
48eab
52be1
49d9c
48ead
52ea7
497f8
4ef6c
49530
46710
4e9da
46711
4f059
46712
52be3
4ee8a
4cd0b
52915
4aba2
4a417
46717
4fe73
4e166
52644
4e9dd
52ea9
4fe74
4ef71
4671c
52be7
4fe77
4e8f2
52646
4e168
52647
4e169
46722
52648
4ef74
4fe79
467e1
46aa1
47f68
467e3
479ae
4703a
49e85
46aa4
49e86
46aa5
4a7d0
497fd
46aa7
4b04c
4a23b
46aa9
4b609
4a7d3
48cc8
4a41b
46d7c
4cb27
46d7d
4a41c
46d7e
52ccf
49535
467f1
47042
5022e
49f7a
52f94
4a7d5
467f5
4f331
47046
52f96
50233
498ef
4eabc
4907f
467fa
49e89
467fb
4ef77
49e8a
467fd
4cdfc
467fe
4e9e1
49e8d
52f98
4ef79
49e8f
46802
4e526
46803
4f14b
46804
52cd5
4ef7c
4cdfd
52a07
4a6e8
4a512
46809
4ff65
4e25e
52736
4e529
52f9b
4ff66
4eac1
4680e
52cd9
4ff69
4e9e4
46811
4e260
52739
4e261
46814
4eac5
52fa0
4ef7f
468c7
469ba
4ae6c
4970f
4ae6d
49173
468cb
4ae6e
505ff
468ce
4aab1
49080
4aab2
46d84
5050b
4aab3
46d86
48dbc
4a23e
46e65
4a23f
46e66
4aab5
46e67
5336b
49621
468d8
4713a
48617
47d7a
4b334
476d9
4a519
4713d
4a51a
4713e
4ae6f
49e95
47140
4b6fc
4a8ce
47142
4bcb8
4ae72
476e1
4ae73
468e5
508df
476e4
4f9c8
4a8d0
53633
4f9ca
476e7
48ae6
4e802
48ae7
52dd0
49624
4ad81
49625
49089
4f060
4a51e
468f0
4eac9
4908c
468f2
53370
49711
4ae76
49175
50601
4f063
4a60c
5005e
4e8f5
52559
4ad82
4a522
468fa
4f152
4ae78
468fc
4f7e4
4a610
50061
4a611
468ff
53374
4f156
4ae79
46902
53376
4eacb
4f7e6
5363d
4f7e7
46907
5363e
46909
53379
479af
4a14c
46aad
4a14d
469c2
4a076
4a14e
469c4
46f56
49d9f
469c6
49da0
469c7
4a613
469c8
4ee91
46f5a
52eb2
469cb
4814e
4bcb9
47e6c
4722e
49f89
469ce
49717
469cf
4ae7c
477ce
469d1
4af62
477d0
469d3
4b518
477d2
47236
4a14f
52eb3
4fab9
469d8
4b244
477d7
509d3
4af67
469db
469dc
4a617
469dd
4ebbf
4917b
4abae
4917c
469e0
4abaf
4917e
52917
4e8fd
469e3
52918
4f15e
49266
4a6ec
469e6
4f243
4abb0
498f3
4f8d4
498f4
4fba5
49f8e
469eb
4f244
4af6a
469ed
4f8d6
4a156
4fba7
4a157
469f0
52eba
4abb1
4a6ee
469f3
5372d
5291c
4e8ff
4ecae
52ebd
4ecaf
4f162
52ebe
5014e
5291f
46b9d
47aa2
46ab3
49bbb
50234
498f6
46ba1
50236
46ab7
49807
4ef80
4953b
52fa2
49808
53810
4a15a
46abb
4ef84
4ef85
479b1
4b519
478bc
46abf
4980a
4af6d
4926b
53812
4a07c
47323
53813
4aabd
47325
53814
4b055
47327
46ac7
478c6
50ac2
4a244
53816
4b058
46acb
4f601
478ca
53818
50ac7
49bbd
53278
4e9ed
46ad0
4a15e
46ad1
4f24d
4a15f
46ad3
4ecb2
4a161
5381a
4f24f
4a163
46ad7
4a245
50238
49bc0
4980f
46ada
4eda2
46adb
4f9cd
46adc
5381c
4af72
4a7df
46adf
5023b
4e52e
52a0c
4eda5
5381d
5023c
4f339
46ae4
52fad
5023f
4eda6
52fae
4eda7
4e9f0
53821
46aea
52a10
4f33c
50241
46ba3
46c90
4b142
499e7
4b143
4944b
46ba7
4b144
50329
47aa3
4b60b
47402
46bab
498f9
4b05f
4935d
53902
49bc2
46e6f
53903
4abb2
46e71
53904
4b147
46e73
46bb3
47145
49f8f
46bb5
49f90
46bb6
4a24f
46bb7
4eacf
47149
53098
46bba
4f6f0
4740d
5309a
4abb4
50bb6
4b42b
46bbe
50bb8
4f6f5
49360
4eda8
49cb2
5337b
49bc4
4f33e
49bc5
49900
5390b
4e534
49365
5309b
4a256
49367
5390d
49cb3
4f426
499ea
46bcb
5309d
4e61e
5282e
4ee95
52afd
4f344
4a7e9
4a339
5032c
4f429
4a33b
4fd8a
4e621
5309f
4f42a
4a33e
53910
50330
4f42d
4e536
53912
46bda
4fd8c
46bdb
4fd8d
4f347
46bde
4f42f
53915
46c96
4a9c3
4953c
4a9c4
46d8a
50419
4a9c5
46d8c
474f3
4b150
46f5d
489e0
4944e
4a8d7
474f6
4a8d8
474f7
46ca0
4b153
474f9
46ca2
4b51b
474fb
46ca4
5344b
46ca6
499ed
4ebc4
49183
53188
499ee
5344c
4a342
46caa
4ebc8
4ebc9
4ac8f
46cad
506fb
47500
4f7ea
4a6fb
5344f
4f7ec
47503
48eb0
4e624
48eb1
52bec
499f0
4b154
499f1
49455
4f432
4a346
46cb8
4ee9d
49458
46cba
5318e
49adb
4ac92
4953f
5041d
4e710
52374
4ef87
52bef
4f435
4b155
4a34a
46cc2
4f51a
4ac94
46cc4
4f606
4a42e
4fe7d
4a42f
46cc7
53192
4f51e
4ac95
46cca
4e629
53458
4f608
4ef8b
53195
46ccf
5345a
46cd1
53197
475e5
47c87
4b247
475e7
46d90
49add
4ac97
49541
5353a
49da8
47054
5353b
4a7ea
47056
5353c
4ad86
47058
46d98
49adf
4ecb6
49275
5327a
49ae0
5353e
4a434
46d9c
4ecba
4ecbb
4ad88
46d9f
507ed
475f2
4f8dc
4a7ed
53541
4f8de
475f5
48fa2
4e716
48fa3
52cde
4962a
4ad8b
49091
5050f
49daa
4f522
49dab
49ae4
53543
4e718
49549
5327f
4a43a
4954b
53545
4e808
52466
4ead3
52ce1
4f527
4ac9b
4a43c
46db4
4f06a
4ad8d
46db6
4f6f8
4a52c
4ff6f
4a52d
46db9
53284
4f06e
4ad8e
46dbc
53286
4ef91
4f6fa
5354b
4f6fb
50516
52ce6
4f52a
53289
48426
4abb6
46f69
4abb7
46e78
4a530
4abb8
46e7a
4732f
48335
46e7d
4a43d
50ac8
49bca
47333
50aca
46e81
49bcb
4f348
49903
53916
49bcc
53bd8
4aac8
46e85
4f34c
4f34d
49630
4b06b
47c8a
4b06c
47c8b
46e8a
4b33f
47c8d
46e8c
4bcbb
47c8f
46e8e
53bdd
46e90
4ff72
47c93
5391a
4ae83
50e9e
4bcbd
46e94
50ea0
4ff77
49632
4f072
4a532
53641
4a442
4f60a
4a443
49bd2
53be1
4edb0
49637
5391b
4aad0
49639
53be3
4a533
4f6fc
49cbe
46ea1
5391d
4eea0
52b04
4f165
5337f
4f610
4b070
4abbd
50bc0
4f6ff
4abbf
5060c
4eea3
5391f
4f700
4abc2
53be6
50bc4
4f703
4edb2
4f077
46eb0
5060e
4fd93
53be9
4f613
46eb4
4f705
53beb
46f6e
4ac9d
49810
4ac9e
4705c
50701
4ac9f
4705e
4945a
4a8e0
47505
4a8e1
47506
4b15e
47507
5345d
49cc1
46f78
477da
4a535
46f7a
49cc3
46f7b
4b43b
47d7e
46f7d
4b522
47d80
46f7f
4bad6
47d82
477e2
4a6ff
5345f
50065
46f84
4b802
47d87
50f91
4b527
46f87
46f88
4abc7
46f89
4f16b
49727
4b162
49728
46f8c
4b163
4972a
52ec3
4eea9
46f8f
52ec4
4f70a
49812
4aca0
46f92
4f7ef
4b164
49e9f
4fe80
49ea0
50151
4a53a
46f97
4f7f0
4b52a
46f99
4fe82
4a706
50153
4a707
46f9c
53466
4b165
4aca2
46f9f
53cd9
52ec8
4eeab
4f25a
53469
4f25b
4f70e
5346a
5070c
52ecb
4714b
4805f
47061
4a167
507f2
49ea2
4714f
507f4
47065
49db3
4f52c
49ae7
5354e
49db4
53dbc
4a70a
47069
4f530
4f531
49816
4aca6
47e6e
4aca7
47e6f
4706e
4b52e
47e71
47070
4b8f3
47e73
47072
53dc1
47074
4fbaa
47e77
53552
4b073
51082
4b8f5
47078
51084
4fbaf
49818
4f25c
4a16a
53825
4a62a
4f7f8
4a62b
49dba
53dc5
4ef9a
4981d
53553
4a712
4981f
53dc7
4a16b
4f8e0
49ea4
47085
53555
4ead8
52ce8
4f34f
52fb7
4f7fe
4acab
4a7f7
507f8
4f8e3
4a7f9
50244
4eadb
53557
4f8e4
4a7fc
53dca
507fc
4f8e7
4eadc
47093
50247
47094
4ef9d
53dcd
4f801
47098
4f8e9
53dcf
47152
4ae85
499f6
4ae86
47240
508e5
4ae87
47242
479b3
4a7fd
47419
4a7fe
4741a
4b705
4a16f
4741c
4b9e5
4b167
4741e
4bfa3
4b708
479bb
4963a
4ad97
49095
4f079
4990a
4f07a
4990b
53eb3
4ad99
476f6
4a8e5
53645
4fc9d
47168
4b9e7
479bf
51175
4b70b
4716b
4716c
4a801
4716d
4f355
4990d
4ad9a
4990e
47170
4ad9b
49910
530a7
4eae1
47173
530a8
4f8ee
499f8
4ae88
47176
4f9d3
4ad9c
4a083
5006a
4a084
50335
4a172
4717b
4f8f1
4b70d
4a8ea
5364a
4f442
4717f
5006d
47180
530ab
508ed
4ae8a
47183
53ebd
47185
5364e
4f444
4ebcf
530ad
4f8f2
53650
508f0
530af
47335
48243
47245
4a34d
509d6
4a086
47339
509d8
47249
49f97
4b710
499fb
539f4
4a262
4750d
539f5
4acac
4750f
539f6
4b24d
47511
47251
477e3
4a62d
47253
4a62e
47254
4a8f1
47255
4f173
477e7
53736
47258
4fd94
47aaf
53738
4acae
50cba
4bada
4725c
50cbc
4fd99
499fe
4f446
4a350
5346d
4a264
4f9dc
4a265
49f9e
539fd
4ebd2
49a03
53739
4a8f8
49a05
539ff
4a351
4fac4
4a088
47269
4f532
4726a
4fbb1
4726b
5373b
4f9e2
4ae93
4a9db
509dc
4fac7
4a9dd
50428
4ecbf
5373d
4fac8
4a9e0
53a02
509e0
4facb
4ebd4
4f44b
47278
5042a
4fbb5
53a05
4f9e5
4727c
4facd
53a07
49aec
4af7d
47b98
4af7e
47b99
4733e
4b258
47b9b
47340
4bbca
47b9d
47342
53ae9
47344
4a08b
4f262
49821
53826
4a08c
53aea
4a9e4
47348
4f266
4f267
4b347
4734b
50dab
47ba2
4fe88
4ada1
53aed
4fe8a
47ba5
4954e
4ecc2
4954f
5328a
49bd6
4b34a
4963d
50acd
4a356
4face
4a357
4a090
53aef
4ecc4
49af5
5382b
4a9ea
49af7
53af1
4edb4
52a12
4f07f
5328d
4fad3
4b25a
4a9ec
47360
4f616
4b34c
47362
4fca4
4aadc
5051b
4aadd
47365
53830
4f61a
4b34d
47368
53832
4f53d
4fca6
53af7
4fca7
50ad4
53292
4fad6
53835
489e1
4b16a
47515
4b16b
47424
4aae0
4b16c
47426
478db
488f0
47429
4a9ed
51086
4a176
478df
51088
4742d
4a177
4f8f4
49eaf
53ec2
4a178
54184
4b07c
47431
4f8f8
4f8f9
49bdc
4b62a
48245
4b62b
48246
47436
4b8fc
48248
47438
4c27b
4824a
4743a
54189
4743c
4d04c
4824e
53ec6
4b442
50520
4c27d
47440
50522
4d051
49bde
4f61e
4aae2
53bed
4a9f2
4fbb6
4a9f3
4a17e
5418d
4f35c
49be3
53ec7
4b084
49be5
5418f
4aae3
4fca8
4a26a
4744d
53ec9
4f44c
530b0
4f711
5392b
4fbbc
4b62f
4b171
5117e
4fcab
4b173
50bca
4f44f
53ecb
4fcac
4b176
54192
51182
4fcaf
4f35e
54194
4745c
50bcc
4745d
50bcd
4fbbf
47460
4fcb1
54197
4751a
4b25c
49dbc
4b25d
47608
50cbf
4b25e
4760a
49a06
4ae94
47ab5
4ae95
47ab6
4b71d
47ab7
53a09
4a26d
47524
47d8a
4aae5
47526
4a26f
47527
4b9f8
48339
47529
4badf
4833b
4752b
4c096
4833d
47d92
4acb3
53a0b
4d13f
47530
4bdc2
48342
50613
4bae4
47533
47534
4b17b
47535
4f717
49cd3
4b721
49cd4
47538
4b722
49cd6
5346f
4f455
4753b
53470
4fcb6
49dbe
4b25f
4753e
4fd9b
4b723
4a44b
5042c
4a44c
5070f
4aaea
47543
4fd9c
4bae7
47545
5042e
4acba
50711
4acbb
47548
53a12
4b724
4b261
4754b
54285
53474
4f457
4f806
53a15
4f807
4fcba
53a16
50cca
53477
476f7
4861a
4760d
4a717
50db0
4a44e
476fb
50db2
47611
4a35f
4fad8
4a093
53afa
4a360
54368
4acbe
47615
4fadc
4fadd
49dc2
4b265
48429
4b266
4842a
4761a
4baeb
4842c
4761c
4beb3
4842e
4761e
5436d
47620
4d230
48432
53afe
4b632
50158
4beb5
47624
5015a
4d235
49dc4
4f808
4a71a
53dd1
4abda
4fda4
4abdb
4a366
54371
4f546
49dc9
53aff
4acc6
49dcb
54373
4a71b
4fe8c
4a450
47631
53b01
4f084
53294
4f8fb
53563
4fdaa
4b26a
4adab
50db6
4fe8f
4adad
50802
4f087
53b03
4fe90
4adb0
54376
50dba
4fe93
4f088
4763f
50805
47640
4f549
54379
4fdad
47644
4fe95
5437b
476fe
4b444
49fa2
4b445
477ec
50ea3
4b446
477ee
47f6e
4adb1
479c9
4adb2
479ca
4bcc2
4a71f
479cc
4bfa5
4b726
479ce
4c56e
4bcc5
47f76
49be6
4b356
49641
4f625
49eb6
4f626
49eb7
5445f
4b358
47ca6
4ae99
53bf1
4d323
47714
4bfa7
47f7a
5024b
4bcc8
47717
47718
4adb5
47719
4f901
49eb9
4b359
49eba
4771c
4b35a
49ebc
53653
4f08d
4771f
53654
4fe9a
49fa4
4b447
47722
4ff7f
4b35b
4a62f
50616
4a630
508f3
4a722
47727
4fe9d
4bcca
4ae9e
53bf6
4f9ee
4772b
50619
4772c
53657
50eab
4b449
4772f
54469
53658
4f08f
4f9f0
53bfb
4f9f1
4fe9e
53bfc
50eae
5365b
478e1
487fe
477f1
4a8fd
50f94
4a632
478e5
50f96
477f5
47abb
4a811
477f7
4a544
477f8
4b808
48064
477fa
4b809
48066
477fc
4bdc4
48068
47d93
4abdd
477ff
4abde
47800
4aea5
47801
4f71f
47d97
53ce2
47804
4ce68
4806a
53ce4
4b26d
50342
4c09a
47808
50344
4ce6d
49faa
4f9f2
4a900
53a19
4a814
4ff88
4a815
4a54a
53fa9
4f17e
49faf
53ce5
4aeac
49fb1
53fab
4a901
50070
4a634
47815
4fade
47816
5015d
47817
53ce7
4ff8e
4b452
4af8f
50f9a
50073
4af91
509e6
4f26b
53ce9
50074
4af94
53fae
50f9e
50077
4f180
53fb0
47824
509e8
47825
509e9
4ff91
47828
50079
53fb3
478e8
4a635
4b813
4a099
54092
4a904
47bb0
54093
4b35d
47bb2
54094
4b902
47bb4
478f0
4a637
4f80e
49dcd
53dd2
4a638
54096
4af98
478f4
4f812
4f813
4b904
478f7
50433
4815d
4cf5c
4b360
54099
4cf5e
48160
49afa
4f26e
49afb
53836
4a182
4b907
49be9
5108b
4a906
5007a
4a907
4a63c
5409b
4f270
4a0a1
53dd7
4af9e
4a0a3
5409d
4f360
52fbe
4f62b
53839
5007f
4b817
4afa0
4790c
4fbc2
4b909
4790e
50250
4b090
50ad9
4b091
47911
53ddc
4fbc6
4b90a
47914
53dde
4fae9
50252
540a3
50253
51092
5383e
50082
53de1
4a276
4bcd3
47ac4
4d329
4bcd4
47ac6
4a184
4bbe1
47e8c
4d237
4bbe2
47e8e
49ec0
4b361
47f7e
4b362
47f7f
4bbe4
47f80
5446f
4a729
479de
48253
4afa3
479e0
4a72b
479e1
4beba
48802
479e3
4bfac
48804
479e5
4c56f
48806
4825b
4b72b
54471
4d5ff
479ea
4c847
4880b
50adf
4bfb1
479ed
479ee
4b63d
479ef
4fbcb
4a18b
4bbe8
4a18c
479f2
4bbe9
4a18e
53ed5
4f909
479f5
53ed6
50166
4a278
4bcd5
479f8
4d32d
4bbea
4a909
508f8
4a90a
51187
4afa8
479fd
50169
4bfb3
4b730
54476
50258
4d331
47a02
508fa
4b734
51189
4bcd7
47a05
54743
47a07
5447a
4fbce
47a09
4f9fc
53edc
4f9fd
47a0c
53edd
47bb5
4b26f
47ac8
4b186
4b270
47aca
4806f
4aeaf
47acc
4aeb0
47acd
4b735
47ace
4ff95
48073
53fb6
47ad1
48346
4b099
47ad3
4a81f
47ad4
4bfb7
488f5
47ad6
4c09e
488f7
47ad8
4c661
488f9
488fa
50bce
4b272
5482c
4c0a2
47add
4d6f3
488fe
5482e
50bd3
4b187
5428a
4f9ff
47ae2
4b73a
47ae3
5025f
4b73b
47ae5
4fcc4
4b73d
54830
50261
4b73f
47ae9
4b273
50346
4b18a
4a823
47aec
4fdae
47aed
509eb
47aee
54832
4c0a5
4b276
53fbc
5034a
4ce77
47af3
509ec
4b27a
50ccf
4b740
47af6
53fbf
5034d
5034e
47af9
4fa02
54837
47afc
50cd0
47afd
50cd1
50267
47bb9
4accb
4cf60
4a9fe
47ca9
4cf62
47bbd
4a90f
50084
4a63f
540a6
4a910
54918
4b27c
47bc1
50088
50089
4a36e
4b821
489e4
4b822
489e5
47bc6
4c0aa
489e7
47bc8
4c47e
489e9
47bca
5491d
47bcc
4d7e2
489ed
540aa
4bbee
50716
4c480
47bd0
50718
4d7e7
4a370
4fdb4
4acce
5437d
4b18e
50350
4b18f
4a916
54921
4faf2
4a375
540ab
4b284
4a377
54923
4accf
4cf64
4aa00
47bdd
540ad
4f630
53840
4fea7
53b0f
50356
4b826
4b369
5043a
4cf67
4b36b
47be5
540af
4f632
53b11
4fea9
54926
5043e
4cf6b
4cf6c
54928
47bec
50dc2
47bed
50dc3
53b14
4faf5
47bf1
5492b
4aaef
4c27f
4a54f
47cad
4c280
4d055
4a460
4b910
4852a
4b911
4852b
47cb2
4c19c
4852d
47cb4
4c571
4852f
47cb6
54a0d
47cb8
4aa03
4fbd0
4a193
5419a
4aa04
54a0e
4b372
47cbc
4fbd4
4fbd5
4c285
47cbf
50807
48534
4d8d6
4bce4
54a11
4d8d8
48537
49ec2
4f636
49ec3
53bfe
4aa06
4c19d
4aa07
4a467
50444
4b376
47cca
4feaf
4a46a
47ccc
541a0
4aaf1
4c288
4a551
5052b
50447
4b45a
50eb0
4f723
53933
4c19e
4b37a
47cd4
4d058
4c28a
47cd6
53c02
5052f
4b45f
50eb2
4f725
541a4
4d05c
4c28b
47cdc
4d05f
54a1a
53c05
4f63b
4ff9c
541a8
4ff9d
5044a
541a9
4a640
4baf3
47e90
4d145
4baf4
47e92
4861b
4b461
48076
4b462
48077
4c28d
4adc7
48079
4c662
4b828
4807b
4cc1a
4bdca
48623
4a286
4ba08
49cdf
4fcc9
4a554
4fcca
4a555
54555
4ba0a
48353
4b549
5428f
4d41b
47db2
4c664
48627
50901
4bdcd
47db5
47db6
4b465
47db7
4ff9f
4a557
4ba0b
4a558
47dba
4ba0c
4a55a
53cf1
4f72b
47dbd
53cf2
50538
4a642
4baf5
47dc0
4d149
4b54c
50fa2
4f815
53479
4ba0d
4adca
47dc5
5053b
4bdcf
4b54e
54294
50620
4d14d
47dca
5071c
4b552
50fa5
4baf7
47dcd
5455f
47dcf
54298
4ffa2
47dd1
4f818
53cf8
4f819
47dd4
53cf9
48167
4aeb7
47e94
4abe6
47e95
4bdd3
48710
47e97
4bec0
48712
47e99
4c481
48714
4816f
49dd0
4b287
48441
4b288
48442
4bafb
48443
5437f
4abe9
47ea1
48716
509f0
4b648
54648
4bec4
47ea5
4d50f
4871a
5464a
509f5
4afab
540b6
4f81b
47eaa
4b649
5016c
4afae
4a649
4bafd
4a64a
47eae
4bafe
4a64c
53de3
4f81d
47eb1
53de4
5062a
4a824
5080c
4a825
51095
4abed
47eb6
5464e
4bdd7
4bbf1
47eb9
5016f
4d23e
4b64e
5464f
4fbd8
47ebd
5080f
47ebe
54389
50173
50174
53de8
4f81e
54653
47ec4
51098
47ec5
51099
5062f
47f8c
4b651
4d8da
4adcc
48080
4d8dc
47f90
4b55f
4d7e8
4acda
48448
4d7ea
47f94
4acdb
5044c
4aa0b
54a1e
4acdc
54cf4
4bbf6
47f98
50450
50451
4b653
54748
4feb3
47f9c
4bbf8
47f9d
50721
4bbf9
47f9f
50178
4bbfb
54cf7
50723
4bbfd
47fa3
4bce7
50812
4b656
4ace1
47fa6
4ffa4
47fa7
50269
47fa8
54cf9
4c486
4c295
47fab
50815
4d338
54484
4ffa7
54cfa
50816
4d8e3
47fb0
54a27
50819
4ffa8
54a28
4ffa9
4d8e6
5081b
47fb6
54a2a
5017b
50729
48082
4b743
4d420
4aec0
48172
4d422
48086
4adcf
5053e
4aafd
54564
4add0
54de6
4bcf0
4808a
50542
50543
4b745
5483a
4ffab
4808e
4bcf2
4808f
5081d
4bcf3
48091
50270
4bcf5
54de9
5081f
4bcf7
48095
4b82d
50904
4b748
4add5
48098
50096
48099
5035b
4809a
54deb
4c669
4b830
5456a
50098
4809e
5035d
4809f
53fcb
50909
4bcf8
480a2
5456d
5090b
5009a
5456e
5009b
4d42c
5090d
480a8
4ffaf
54df1
50825
48174
4b289
4d512
4afb2
48264
4d514
48178
4aec3
50630
4abef
54656
4aec4
54ed8
4b836
4817c
50634
50635
4b28b
5492c
5009d
48180
4b838
48181
5090f
4b839
48183
50362
4b83b
54edb
50911
4b83d
48187
4b921
509f6
4b28e
4aec9
4818a
4fbdc
4818b
50453
4818c
54edd
4c66e
4becd
4818f
509f9
4cf70
540bc
4fbdf
54ede
509fa
4d51b
48194
5465f
509fd
4fbe0
54660
4fbe1
4d51e
54ee2
4819a
500a1
54ee3
50917
48266
4b37d
4d604
4b0a4
48356
4d606
4826a
4afb5
5017c
4a741
5474a
4afb6
54fca
4b92a
4826e
50180
50181
4b37f
54a2c
4fbe3
48272
4b92c
48273
50a01
4b92d
48275
5045a
4b92f
54fcd
50a03
4b931
48279
4ba13
50ae8
4b382
4afbb
4827c
4fcce
4827d
50545
4827e
54fcf
4c760
4bfbf
48281
50aeb
4d062
541ae
4fcd1
54fd0
50aec
4d60d
48286
54753
50aef
4fcd2
54754
4fcd3
4d610
54fd4
4828c
54756
5045d
50a09
48358
4b46f
4d6f6
4b196
4844c
4d6f8
4835c
4b0a7
50274
4a835
5483c
4b0a8
54b10
4ba1c
48360
50278
50279
4b471
54572
4fcd5
48364
4ba1e
48365
50af3
4ba1f
48367
5054c
4ba21
54b13
50af5
4ba23
4836b
4bb05
50bda
4b474
4ace2
50636
4ace3
50cd3
4b0ad
48370
54b15
4c852
4c0b1
48373
50bdd
4d154
542a0
4fdc3
54b16
50bde
4d6ff
48378
54845
50be1
4fdc4
54846
4fdc5
4d702
50be3
4837e
54848
5054f
50afb
4844e
4b199
50366
4a927
5492e
4b19a
54c02
4bb0e
48452
5036a
5036b
4b566
54664
4fdc7
48456
4bc01
5072a
4b569
4abf7
4c0b6
4abf8
4845a
4c0b7
4abfa
5438f
4fdc9
4845d
54390
50be8
4add6
50182
4add7
50dc5
4b19f
48462
54c07
4c398
4c1aa
48465
5072d
4d246
54392
4febb
54c08
5072e
4d7f1
4846a
54937
50731
4febc
54938
4febd
4d7f4
50733
48470
5493a
50641
50bed
4853e
4bc09
4de8c
4b387
48632
4de8e
48542
4bb17
4dd9a
4b295
489fa
4dd9c
48546
4c1ae
48547
50735
4ace9
4c763
4acea
4854a
4c764
4acec
54a2f
50461
4854d
54a30
50cdc
4adda
4c855
48550
4de91
4c765
4b478
50550
4b479
50827
4bb1b
48555
50cdf
4cb2c
4c2a3
54fda
4d8ea
48559
50553
4855a
54a33
50dcf
4c857
4855d
552b5
50554
552b6
50555
50dd2
48561
50462
552b8
48564
54a37
48722
4bde4
48635
4bcfc
4bde5
48637
4a836
50556
4a837
54574
4b38a
4cb2f
4b38b
4addf
50dd6
4c2ab
4863e
5082f
4ade2
48640
54b1e
4b47c
4cc1d
4aecd
50ebd
50dd9
4bde7
50918
4d159
542a7
4cb30
4bde8
50ebe
4d9d9
4bdea
5091a
4d15b
54b21
4d9da
4bded
553a6
4cb31
4d9dc
4cc20
48650
5091c
48651
5091d
48653
54b25
50830
48655
50ddc
54b27
4afbc
4c48b
48815
4dac5
4c48c
48817
4aece
5091e
4b844
54ee6
4bd01
50ec6
4bd02
4b480
55493
5064a
4aed3
54c0f
4bdf3
4aed5
55495
4b845
4dac8
4b56f
48735
54c11
4d24a
54398
4d521
54669
50ecc
4c3a1
4beda
50fb0
4dacb
4bedc
50a0c
4d24d
54c13
4dacc
4bedf
55498
50fb4
4dacf
4d24e
5466c
4d24f
48744
54c17
50fb7
5466e
5064d
48749
5549d
4b65e
4cdff
4b0af
4881a
4ce00
4dbb9
4b935
54fe2
5018f
4881e
4bee1
4881f
50fb9
4bee2
48821
50a12
4bee4
55586
50fbb
4bee6
48825
4bfca
510a0
4b938
4b573
48828
4d612
48829
5027b
4882a
55588
4cd15
4c580
4882d
510a3
4d33e
5475c
4d615
55589
510a4
4dbbf
48832
54d09
510a7
4d616
54d0a
4d617
4dbc2
5558d
48838
54d0c
50a15
50fc1
4890a
4ba25
4dca8
4b751
489fe
4dcaa
4890e
4bfd2
4890f
50b03
4b0b3
4c582
4b0b4
48912
4c583
4b0b6
5484b
50283
48915
5484c
510ae
4b1a2
4c671
48918
4dcad
4c0bd
50bee
4ce83
53fd1
4c584
4b93b
4891d
510b1
4c948
4c0bf
54df8
4d706
48921
5036f
48922
5484f
51197
4c673
48925
550d1
50370
550d2
50371
5119a
48929
50284
50b07
4892c
54853
4abfe
50372
4abff
5493c
4b29c
4ca3c
4acf1
50ce3
4ba2b
5119c
4ba2c
4b756
551bd
50374
4b1a9
54ee7
4c0c9
4b1ab
551bf
4cf74
540c2
4d7f7
5493f
511a1
4c94c
4c0cb
48a10
4dda0
4ca3e
48a12
50466
4c1bb
5073d
4c1bc
48a15
54eec
4dda4
4ca3f
48a18
5073e
48a19
5073f
54943
4dda7
50bf8
48a1d
511a4
54ef1
4bfda
48aec
49097
4a838
4bfdb
49099
48af0
52192
49fb8
4936c
4c94e
4bfdd
4936e
5181e
4c951
4a0a8
4d618
4eae4
4d343
48afa
4eae5
4e264
530b3
48afd
48afe
4c679
4bfdf
4bfe0
50286
48b01
4dbc7
4d346
52193
50b09
4bfe4
51911
4cc26
48b08
4e265
48b09
4e266
520a0
4dbcb
51368
4d620
4d34b
54763
4eae9
50b0b
48b0f
54765
48bdd
49189
49a0d
48be0
4c67c
4a0aa
4918d
48be3
4c76a
49afc
48be5
4c3a2
4ca42
48be8
52bf8
48bea
4dcb6
52376
4d70b
4a0b1
52378
4e62c
48bee
4a0b4
4b29e
4cd17
4ca44
4ce8a
50bfa
4c0d3
51457
4d70e
48bf5
511a7
51459
52286
48bf9
4ce8d
4e62d
4ce8e
4e62e
48bfc
5037a
54854
4dcbe
4d713
48bff
5136e
511a9
5136f
48c03
48dc0
49afe
49bef
4927d
4ca45
4a19b
4c1c0
4936f
4ce09
49bf2
49551
4cb33
48cd9
52cea
48cdb
49bf5
4e446
48cdd
4dda9
4e447
48cdf
4ecca
49bf9
52a15
4b93c
48ce3
51821
4d7fe
50cec
4cf7d
48ce6
4ddac
4c1c7
5154a
48ce9
48cea
4c860
4d801
4eccb
4d802
4eccc
4cf81
50742
48cef
5145f
4ddb1
4e44b
48cf2
5154e
48cf4
51a06
4c2b0
49ce1
4909c
4cc28
48dc5
49371
4ab0e
4c2b2
49373
48dc9
51ebc
49ce4
49647
49ce5
49ce6
4d06c
4e80e
49ce8
5255b
4e80f
49cea
52b07
5255d
5338a
4c2b4
4bd06
48dd6
4de9c
5163a
4d8f1
4c2b8
51be7
5055d
48dda
4c2bb
4c3a5
550d6
4de9f
51550
4dea0
51af7
4d8f5
50de0
4d074
48de2
5163f
4e813
5055f
54a3a
51641
51dce
48eb4
4a656
4b84b
48eb6
49462
49738
48eb9
4c3a7
49dd5
49466
48ebc
4c495
51be9
4cd1c
49ec4
4d434
4eeac
4d15f
48ec2
4eead
4e080
52ecf
48ec5
48ec6
4c496
4bdfb
4bdfc
5064e
48ec9
4d9e3
4d162
51faf
50925
4be00
51cda
4ca48
48ed0
4e081
48ed1
4e082
51ebf
4d9e7
51730
4d43c
4d167
5457f
4eeb1
50927
48ed7
54581
48fa6
4c589
4991d
48fa8
4c770
4ce0e
48fab
4a471
4982b
48fad
52fc0
4c49a
51cdb
4ce0f
49fc2
4d526
4ef9e
4d251
48fb4
4ef9f
4e172
52fc1
48fb7
48fb8
4c58a
4beed
4beee
50194
48fbb
4dad5
4d254
520a3
50a17
4bef2
51823
4cb3a
48fc2
4e173
48fc3
4e174
51fb1
4dad9
5127a
4d52e
48fc6
51735
4efa3
50a19
48fc9
51737
4909f
49559
49ed1
4a565
4964b
490a4
52742
490a6
4a568
4e814
490a8
4e177
4e815
490aa
4f092
4a56c
5338c
4d25a
50836
4c590
51917
4dbd1
4c592
51ec1
51919
52744
490b4
4e17b
54d0e
510bb
4d8fe
4eaed
4d8ff
4eaee
490b8
51825
4e17f
4e819
490bb
54d11
49192
4973b
49fc4
49195
53750
4cc2e
51ec3
49199
4e268
52925
4dcc1
4a65d
52927
4ebde
4919d
4a660
4c681
4e26a
491a0
511ab
4d441
491a2
4e26c
4c685
51fb4
51646
4dcc5
51a0c
5092b
491a8
4e909
491a9
4e90a
52745
4e270
4dcc9
491ac
51920
51a0f
52746
49285
4982e
4afc8
4a748
4c772
4a0b7
4a28f
4ddb2
4f274
4d531
4928d
4f275
4e9fa
53843
49290
49291
4ddb4
51afa
50a1b
4c775
51afc
4ddb6
49295
4c778
4ce11
4d535
50cf2
4ce95
54ef3
4e360
51a10
4e361
51fb6
4ddba
4d539
54ef4
4f279
492a0
51fb7
4c863
49378
4a839
4a291
49922
4937b
4a292
4d622
4edc0
4a294
52b0a
4edc1
4a296
530b5
52b0c
53936
4d624
50de2
4cf85
49385
4e44f
4d626
5246d
49388
49389
4cf86
50b0e
4938b
51bf1
4deaa
4f369
4deab
4f36a
4d62a
4938f
51bf2
4edc5
51b05
49393
4955a
49ced
4a382
49a13
4946c
5255e
4946e
4a385
4e630
49470
4df93
4e631
49472
4f45a
4a389
531a8
4d076
50bfe
4c3ac
51cdf
4d9ed
4c3ae
52289
51ce1
52560
4947c
4df97
54b2a
50ed7
4d71a
4eeb5
4d71b
4eeb6
49480
51bf5
4df9b
4e635
49483
54b2d
4955b
49b04
4acf2
4aa1e
4c49c
49de1
4a56e
4dadc
4f54a
4d807
49563
4f54b
4e724
5356d
49566
49567
4dade
51828
50745
4c49f
5182a
4dae0
4956b
4c4a2
4cb3c
4d80b
50fc8
4d16b
54c1d
4e08a
51ce6
4e08b
5228c
4dae4
49573
51ce7
4f54f
54c1f
5228d
4cb3d
4964f
49bff
4b391
4b0bc
5237f
49654
4e728
5338d
4e181
4ab16
5338f
4f098
49658
4ab19
4cb3e
4e182
4965b
50de7
4deb1
4965d
4e72c
4cb42
52472
4d812
50de8
4d261
552bc
4e72e
51dd4
4e72f
52380
4e188
4deb7
552bd
4f641
49668
52381
4cc2f
49742
4b1ad
4ac05
4a571
4ac06
4e272
4f72e
4d9f5
49748
4f72f
4eeba
53cfd
4974b
4974c
4d9f6
51fb8
4d903
4cc32
51fba
4e276
49750
4cc35
4d352
4e81f
49753
51fbd
4e278
4f731
4e279
4f732
4d9fc
49757
51fbe
4f18d
51ed1
4975b
49923
4a661
4a74a
49de4
49836
4a74c
4dae6
4f27a
4a74e
52fc6
4f27b
4a750
5356f
52fc8
53df0
4d448
50fca
4ce97
49840
4e90f
4daea
52929
49843
49844
4e369
5549f
50fcd
4daec
4f27d
4daed
4f27e
49848
51fc1
4e915
4efaf
4984b
554a2
49924
49ed4
4a1a8
49927
53ee0
49929
4a83f
4eaf0
4992b
4e9ff
4eaf1
4992d
4f914
4a843
53662
4cf88
4ea00
4ce15
5219d
4e459
4ce17
52747
5219f
52a1c
4dbdd
521a0
4d53d
49938
4eaf3
49939
4eaf4
5292b
4ea06
4e45f
4993c
520b4
521a3
5292c
49a17
49fc7
4b759
4aed8
52749
49a1c
4e544
531a9
4df9d
4a933
531ab
4f460
49a20
4a936
4c95a
4df9e
49a23
511af
4dccd
49a25
4e548
4c95e
5283a
4d62e
511b0
4d07d
550d8
4e54a
521a4
4e54b
5274a
4dfa4
4dcd3
550d9
4fa09
49a30
5274b
4a38b
4aa20
4a0ba
49b0c
4aa22
4ddbc
4f550
4aa24
5329c
4f551
4aa26
53845
5329e
53b1a
4d71e
50cf4
4d16d
49b16
4e639
4ddc0
52c01
49b19
49b1a
4e093
551c9
50cf7
4ddc2
4f553
4ddc3
4f554
49b1e
51dde
4e097
4ecd9
49b21
52299
49c01
4a1ab
4b93f
4b669
5292d
49c06
4ecda
53939
4e733
4b0c2
5393b
4f644
49c0a
4b0c5
4cf8c
4e734
49c0d
51464
4e735
4fbeb
4e736
4fbec
4e465
52478
4ece0
4f647
51466
49c15
4a29c
4ab1c
49cf5
542a8
49cf7
4b1b3
4f464
49cf9
4edcd
4f465
49cfb
4fcdc
4b1b7
53a2a
4d906
4edce
4d07f
52569
4edcf
5247a
4edd0
52a20
4e829
49d03
5247b
4fcdf
5256b
52a21
4ac0d
4acf6
4a390
49de8
4acf8
4e098
4f826
4acfa
53572
4f827
4acfc
53b1b
53574
5439c
4d9fe
51647
4d44d
49df2
4f559
49df3
4f55a
53391
4eec3
4e09e
49df6
5256e
49df8
53392
49ed8
4b392
4ade9
4a755
4aed9
4ea08
4febe
4e18b
49ede
4febf
4f09e
5448d
49ee1
49ee2
4e18c
5274c
4daf1
4e18d
4f91b
4e18e
4f91c
49ee6
5173b
4ea0e
4f0a1
49ee9
52661
49fc9
4a573
4bd07
4b485
52cf5
49fce
4eaf6
53755
4e54f
4aedf
53757
4fa0c
49fd2
4aee2
4d354
4e550
49fd5
51280
4e551
4ffb3
4e552
4ffb4
4e281
52840
4eafc
4fa0f
51282
49fdd
4a664
4a938
4a0bd
540c4
4a0bf
4afcf
4f280
4a0c1
4ebe9
4f281
4a0c3
500a4
4afd3
53df2
4d722
4ebea
4ce9b
52389
4ebeb
52842
4ebec
52de8
4e645
4a0cb
52843
500a7
5238b
52de9
4afd5
4b66a
4a758
4a1b0
4b66c
4ea0f
4fbee
4b66e
53ee6
4fbef
4b670
5448f
53ee8
54768
4e375
51a14
4ddc9
4a1ba
4f921
4a1bb
4f922
53759
4f28b
4ea15
4a1be
52932
4a1c0
5375a
4a2a0
4bd08
4b75e
4b0c9
4b75f
4edd3
5028a
4e556
4a2a6
5028b
4fa12
54859
4a2a9
4a2aa
4e557
52b14
4e468
4e558
4fce3
4e559
4fce4
4a2ae
51b08
4edd9
4fa15
4a2b1
52a29
4a391
4a93b
4c0d8
4b84f
530bd
4a396
4f46a
53b1d
4eec6
4b2a8
53b1f
4fdd4
4a39a
4b2ab
4d724
4eec7
4a39d
51bf9
4eec8
5037f
4eec9
50380
4e64c
52c08
4f470
4fdd7
51bfb
4a3a5
4aa2c
4ad00
4a485
54a3c
4a487
4b398
4f648
4a489
4f55d
4f649
4a48b
50470
4b39c
541ba
4daf2
4f55e
4d817
52cf9
4f55f
52c0a
4f560
531b0
4efbc
4a493
52c0b
50473
52cfb
531b1
4adf1
4b487
4ab20
4a578
4b489
4e82b
4ffb6
4b48b
53d02
4ffb7
4b48d
542ab
53d04
54584
4e191
51830
4dbe5
4a582
4f73d
4a583
4f73e
53575
4f0a7
4e831
4a586
52cfe
4a588
53576
4a668
4bb24
4b57a
4aee5
4b673
4ebef
50652
4e91e
4a66e
50653
4f82e
54675
4a671
4a672
4e91f
52934
4e284
4e920
500ab
4e921
500ac
4a676
51924
4ebf5
4f831
4a679
52df1
4a759
4ad03
4c4a3
4c1cc
53485
4a75e
4f832
54491
4f28e
4bc1d
54493
501a0
4a762
4bc20
4daf4
4f28f
4a765
51fc5
4f290
5074b
4f291
5074c
4efc3
52fd0
4f838
501a3
51fc7
4a76d
4adf4
4b675
4a84d
54e04
4a84f
4bd0e
4ffbc
4a851
4f925
4ffbd
4a853
5083c
4bd12
54586
4e469
4f926
4dbe7
530c1
4f927
52fd2
4f928
53578
4f384
4a85b
52fd3
5083f
530c3
53579
4b766
4b851
4aee8
4a940
4b853
4ebf6
50382
4b855
540ca
50383
4b857
54677
540cc
54ef8
4e55c
521a8
4dfb0
4a94a
500b1
4a94b
500b2
53ee9
4fa1b
4ebfc
4a94e
530c6
4a950
53eea
4aa30
4bef5
4b944
4b2ae
4ba34
4f563
50a1e
4ece9
4aa36
50a1f
4fbf6
54fe9
4aa39
4aa3a
4ecea
532a4
4e64f
4eceb
50477
4ecec
50478
4aa3e
5229c
4f569
4fbf9
4aa41
531b9
4ab21
4b0cb
4c86b
4bfe8
5384d
4ab26
4f64e
542ad
4f0aa
4ba3a
542af
50568
4ab2a
4ba3d
4debc
4f0ab
4ab2d
51de1
4f0ac
50b13
4f0ad
50b14
4eddf
53398
4f654
5056b
51de3
4ab35
4b1bc
4b491
4ac15
54c20
4ac17
4bb2a
4fdd8
4ac19
4f741
4fdd9
4ac1b
50c04
4bb2e
5494e
4e285
4f742
4da03
52ee1
4f743
5339a
4f744
53940
4f1a0
4ac23
5339b
50c07
52ee3
53941
4bb30
4c1cd
4b2b1
4ad08
4c1cf
4f56a
5074e
4c1d1
54a42
5074f
4c1d3
54feb
54a44
552c1
4eed3
52570
4e927
4ad12
5047d
4ad13
5047e
542b1
4fde3
4f570
4ad16
5348a
4ad18
542b2
4adf8
4c86c
4c2c1
4bc24
4c2c2
4f92b
50dea
4f0b1
4adfe
50deb
5056e
553b2
4ae01
4ae02
4f0b2
5366c
4efc6
4f0b3
50843
4f0b4
50844
4ae06
52664
4f931
50571
4ae09
53581
4aee9
4b494
4cc36
4c3b3
53c15
4aeee
4ffc2
54679
4fa1e
4be0b
5467b
50934
4aef2
4be0e
4e287
4fa1f
4aef5
52755
4fa20
50edf
4fa21
50ee0
4f1a7
53760
4ffc8
50937
52757
4aefd
4b585
4b85b
4afdd
55595
4afdf
4befb
501a4
4afe1
500b5
501a5
4afe3
50fd0
4beff
54d16
4e650
500b6
4e37a
53851
500b7
53762
500b8
53d08
4fb14
4afeb
53763
50fd3
53853
53d09
4b94c
4bfea
4b679
4b0d0
4bfec
4f386
50b16
4bfee
5485e
50b17
4bff0
54e07
54860
550dd
4ecef
5238c
4e743
4b0da
50299
4b0db
5029a
540cd
4fbff
4f38c
4b0de
53856
4b0e0
540ce
4b1c0
4c688
4c0dd
4ba40
4c1d6
4f747
511b2
4f479
4b1c6
511b3
5038a
551ce
4b1c9
4b1ca
4f47a
5348c
4ede2
4f47b
50c0b
4f47c
50c0c
4b1ce
52480
4f74d
5038d
4b1d1
53949
4b2b2
4b85e
4b2b4
4c77d
4ce9c
50a2a
4c77f
51468
4ce9e
4b2b9
5038f
51469
54ff0
4fde7
53a34
4fde8
53fde
50a2f
4e652
4fde9
4b2c0
52b1d
4fdea
4b2c2
53a36
4b2c4
54862
4b3a5
51559
4b3a7
4c871
50480
4b3a9
50df1
4c873
54b34
4fed8
4c875
4c876
4f65e
50df3
4f65f
50df4
4cf93
4b3b1
4f660
53c18
4f572
4f661
53c1a
50486
53c1b
540d1
4c2c9
4c961
541c1
4b49a
4ffc9
54c25
50c0f
4b49c
50ee4
4f74f
4b49e
4b49f
4d083
50c11
4d084
50c12
4b4a2
53c1d
4f0b7
52d00
4eb0e
4b4a5
52d02
4ffcf
52d03
4b4a9
4bb33
4c4a7
4be10
4c598
4f840
50fd4
4d173
552c2
50756
4c4ac
54d19
552c3
4b592
50666
4b593
50667
5458b
50fd9
4ebff
50668
4e929
53dfd
50669
4f846
4b599
53d11
4b67a
4bc26
4b67c
4c59a
4d264
50846
4c59c
51284
4d266
4b681
501ab
51285
54e0c
4fc03
53e00
4fc04
543a6
5084b
4ea1a
4fc05
4b688
52939
4fc06
4b68a
53e02
4b68c
5467e
4b76d
51375
4b76f
4c68d
5029c
4b771
511b9
4c68f
54efc
4fcf4
4c691
4c692
4fa26
511bb
4fa27
511bc
4d35b
4b779
4fa28
53a38
4f38e
4fa29
53a3a
502a2
53a3b
54499
4c693
4b861
4cd2b
50395
4b863
50fdb
4cd2d
5559b
50396
4cd2f
4cd30
4d453
50fdd
4d454
50fde
4cea7
4b86b
500c6
540d2
4fa2c
500c7
540d4
50944
540d5
5458f
4c785
4b953
4ce1e
50487
4b955
510cd
4ce20
550e1
50488
4ce22
4ce23
4d545
510cf
4d546
510d0
4cf99
4b95d
4fc0c
541c4
4fb1e
4fc0d
541c6
50a36
541c7
54681
4c877
4ba45
4c964
50579
4ba47
511bf
4c966
551d3
5057a
4c968
4c969
4d637
511c1
4d638
511c2
4d08b
4ba4f
4fcfe
542b6
4f664
4fcff
542b8
50b28
542b9
54773
4c3bd
4bb37
4ca56
5066b
4bb39
50d05
4ca58
552c5
5066c
4ca5a
4ca5b
4d729
50d07
4d72a
50d08
4d17d
4bb41
4fdf0
543a8
4f756
4fdf1
543aa
50c1a
543ab
54865
4c4af
4bc29
4cb48
501b1
4bc2b
50df7
4cb4a
553b7
501b2
4cb4c
4cb4d
4d81b
50df9
4d81c
50dfa
4d26f
4bc33
4fee2
5449a
4f848
4fee3
5449c
50760
5449d
54957
4c5a1
4bd1b
4cc3a
502a3
4bd1d
50ee9
4cc3c
554a9
502a4
4cc3e
4cc3f
4d90d
50eeb
4d90e
50eec
4d361
4bd25
4ffd4
53fe4
4f93a
4ffd5
53fe6
50852
53fe7
54a49
4cc40
4be14
50672
4be15
50673
553ba
4da06
4fa2d
50ef0
4f1ae
54683
50ef1
50676
4be1b
54593
4bf04
4cd33
4d548
50fe0
4d549
50fe1
4d272
4bf09
501ba
54774
500ca
501bb
54776
50fe4
54777
54c2d
4ce24
4bff8
502aa
4bff9
502ab
5559e
4dbea
4f665
510d4
4f392
54867
510d5
502ae
4bfff
5477b
4c0e8
4c96b
4d72c
511c4
4d72d
511c5
4ceaa
4c0ed
5039e
54958
4fd02
5039f
5495a
511c8
5495b
54e11
4ca5c
4c1dc
5048e
4c1dd
5048f
551d6
4ddce
4f849
50d0c
4f576
54a4b
50d0d
50492
4c1e3
5495f
4c2cc
4cb4f
4d910
50dfc
4d911
50dfd
4d08e
4c2d1
50582
54594
4fee6
50583
54596
50e00
54597
54ff5
4d72f
50ef3
4d090
50c21
4d091
50c22
4c3c3
53c21
50c24
4d731
4c3c6
53c22
550e7
4c3c9
4d821
50fe5
4d182
50767
4d183
50768
4c4b5
53d13
5076a
4d823
4c4b8
53d14
551d9
4c4bb
4d913
510d7
4d274
50859
4d275
5085a
4c5a7
53e05
5085c
4d915
4c5aa
53e06
552cb
4c5ad
4d459
511c9
4d366
5094b
4d367
5094c
4c699
53ef7
5094e
4d45b
4c69c
53ef8
553bd
4c69f
4d54b
50d0f
4ceac
50a3d
4cead
50a3e
4c78b
53a3d
50a40
4d54d
4c78e
53a3e
554af
4c791
4d63d
50e01
4cf9e
50b2f
4cf9f
50b30
4c87d
53b2f
50b32
4d63f
4c880
53b30
555a1
4c883
4d640
511ce
4d095
4e563
4d096
50b33
4c96f
541cd
4d644
4dce2
4c972
541ce
51b0d
4c975
4d732
50d14
4d187
4e655
4d188
50c25
4ca61
542bf
4d736
4ddd4
4ca64
542c0
51bff
4ca67
4d824
50e06
4d279
4e747
4d27a
5076b
4cb53
543b1
4d828
4dec6
4cb56
543b2
51cf1
4cb59
4d916
50ef8
4d36b
4e839
4d36c
5085d
4cc45
544a3
4d91a
4da0c
4cc48
544a4
51837
4cc4b
4d45c
50fea
4ceb1
4e92b
4ceb2
5094f
4cd37
53fe9
4d460
4dafe
4cd3a
53fea
51929
4cd3d
4d54e
510dc
4cfa3
4ea1d
4cfa4
50a41
4ce29
540db
4d552
4dbf0
4ce2c
540dc
51a1b
4ce2f
4e473
51470
4cfa9
54960
4ceb8
555ac
53b33
4ceba
4d36f
554b8
4cebd
53fec
56a6c
54f0e
4d373
56a6e
4cec1
4e92d
554bb
4e384
4d463
50ff1
4cec4
50952
50ff3
4cec6
55002
50ff5
4cec8
53d16
554bc
5376b
5d75d
53ff0
4d46b
5d75e
555b0
50ffb
53d18
554bf
5376d
59563
53a42
59564
53a43
5d761
554c1
4d473
4ddd5
51381
4d554
50d1a
4e387
5192b
4dce4
4ced8
50c27
550f0
503a8
4d73b
54871
51384
54f12
4dce9
4cedd
51a1d
4dceb
4cedf
599eb
51cf3
4d742
54f13
4d743
51479
56e14
55003
4cee5
56e16
51cf5
599ef
55f78
4cee8
4cee9
50a45
54874
503aa
502b3
54875
4ceed
55005
50d1e
540e0
50a49
540e1
50a4a
55006
53a4a
50a4c
552d8
54a53
50a4e
4cef5
50a50
5938e
541d1
5d208
5500a
4cef9
565dd
50a54
5d20a
59393
53770
54f17
531c1
58fe7
53494
58fe8
53495
5d4b1
54f19
50d2b
53a4e
554c5
54877
51388
4cf05
54964
56b5a
555b3
5147f
5d765
56b5d
53a4f
592a4
54966
5d4b3
54878
53ffb
599f3
55655
53a53
4cf0f
592a6
53a55
5d210
54967
53ffc
4cf13
565e0
4cf14
590d1
4cf15
599f6
55740
55012
59396
55013
59397
55741
55658
5d214
56b62
599f9
55da4
599fa
55da5
4cf20
5d217
592a9
4cfae
54b44
51563
54b45
4d09c
566c5
541d5
4d09e
4dbf1
51747
4d556
510e2
50497
54692
4fc16
4cfb7
51b0e
510e6
4cfb9
54b48
510e8
5477c
4d55d
5477d
4d55e
555b7
540e9
4d560
4cfbf
4d562
5477e
4cfc1
5477f
4cfc2
55014
4cfc3
5964f
4d566
5d2ee
4cfc6
50b35
555bc
4e478
4d829
4ecf5
4cfc9
4e74a
4ddd9
54968
4d82c
50d2d
51483
4d82e
540ed
4cfce
5496b
4ddde
4cfd0
51b0f
4dde0
4d833
59ad0
53b39
59ad1
4cfd5
553c8
4dde5
56eff
5156d
4cfd8
56061
4dde8
59ad4
56063
4feeb
53b3a
4f66a
50e0e
53b3b
503ae
50e0f
4cfe0
53860
55019
532b1
5cd90
53b3d
50b3d
5cd91
54599
50b3f
5cd92
54b4e
50e17
54b4f
4cfe9
59479
50b44
5614a
5459c
5cd95
5614c
50b47
50e18
541d8
4cfef
541d9
4cff0
54a58
4cff1
590d9
50e1c
5cd99
4cff4
5496e
4cff5
59ad5
555c0
53c26
550f9
51570
566c9
55826
51572
4cffb
55021
4cffc
5939b
53b44
4cffe
555c1
53b46
5d2f2
5574a
55025
5d2f3
590df
53c27
566cc
5574b
54b55
5947e
55e8b
5cae7
55829
4d008
5cd9e
56150
5d2f6
56151
4d00b
5d2f7
5574d
4d00e
5582d
5d2f9
591be
5d2fa
591bf
5939e
4d013
4d18b
4e0ac
4d0a1
542c6
567ae
54c3c
4d18f
567b0
4d0a5
4e565
550fc
4dfbc
4d649
511d7
4d0a8
50b49
511d9
4d0aa
54c3d
511db
4d0ac
53efa
550fd
5394f
5d3cd
541de
4d651
5d3ce
551e9
511e1
53efc
55100
53951
59737
53c28
59738
53c29
5d3d1
55102
4d659
4da0d
51573
4d745
50efe
4dfbf
51b11
4deca
4d0bc
5085f
552dc
5058c
4d91f
54a5f
51576
54b5d
4decf
4d0c1
5192c
4ded1
4d0c3
59bb3
5192d
4d926
54b5e
4d927
5165e
56fe8
54c3f
4d0c9
56fea
5192f
59bb7
55bd0
4d0cc
4d0cd
50c2b
54a62
5058e
5049f
50590
4d0d1
54c41
50f02
542c8
50c2f
542c9
50c30
54c42
53c30
50c32
554cd
54694
50c34
4d0d9
50c36
59568
543b5
5ce78
54c46
4d0dd
56235
50c3a
5ce7a
5956d
53954
54b62
533a5
591c1
53678
591c2
53679
5d679
54b64
50f0f
53c34
55106
54a65
5157a
4d0e9
545a1
567b2
551ec
51664
5d3d5
567b5
53c35
59484
545a3
5d67b
54a66
541e9
59bbb
55833
53c39
4d0f3
59486
53c3b
5ce80
545a4
541ea
4d0f7
56238
4d0f8
58d29
4d0f9
59bbe
55914
54c4e
59570
54c4f
59571
55915
55836
5ce84
567ba
59bc1
55f7e
59bc2
55f7f
4d104
5ce87
59489
4d192
54d2c
51749
54d2d
4d280
56899
543b9
4d282
4da0f
51666
4d475
4eeda
5067b
54b6d
4da12
4d19b
5174b
4da14
545a7
4d47a
59c94
5174c
4d47c
51fc8
5174e
4da19
4d1a2
542cf
4d1a3
4d746
50d2e
4d1a5
4e65a
4fdfb
542d0
4d749
50d31
51489
4d74b
552e1
51750
4d74d
542d1
4d1ac
53a57
4d1ad
551f2
50d38
4d1af
5d4b7
4d1b1
542d4
592aa
53a59
5d4b8
542d5
59c98
54c53
4d1b5
592ae
592af
4e0b1
54c54
4db02
4d1b9
555c5
4da1d
570d3
51753
4d1bc
55cb9
4da20
59c9c
55cbb
500d1
53d22
4f84e
50fff
4d1c2
542d8
51000
4d1c4
5349c
54c55
52ee9
5cf58
53d25
50777
5cf59
54785
50779
5cf5a
54d36
51008
54d37
4d1cd
59653
5077e
5631e
54788
5cf5d
56320
50781
51009
543bc
4d1d3
543bd
4d1d4
54699
4d1d5
58d31
5100d
5cf61
4d1d8
545ab
4d1d9
59c9d
551f9
53e0e
552e5
51756
5689d
559fa
51758
4d1df
54c5d
4d1e0
59575
53d2c
4d1e2
551fa
53d2e
5d4be
5591e
54c61
5d4bf
58d37
53e0f
568a0
5591f
54d3d
59658
56065
5ccaf
559fd
4d1ec
5cf66
56324
5d4c2
56325
4d1ef
5d4c3
55921
4d1f2
55a01
5d4c5
58e16
5d4c6
58e17
59578
4d1f7
4d375
4e290
4d285
544aa
56982
54e22
4d379
56984
4d289
4d569
4efcb
4d28b
4ea22
4db06
5469f
4d56c
51010
51291
4d56e
520ba
51293
4d570
4d292
53e10
552e8
5175c
4d573
59822
53e11
59823
4e1a1
4d839
50e21
4d298
50782
54c64
501c4
4d83c
50e25
4d29c
54e24
50e27
4d29e
53b4a
552eb
5358b
5d599
543c4
4d843
5d59a
553d5
5358c
5502b
4d846
5502c
4d847
552ef
4d848
59825
543c8
4d2a8
4d928
510ee
4d2aa
50862
51297
56c40
54e25
4d2ad
56c42
51b15
59827
55daa
4d2b0
4d2b1
50863
546a3
501c6
501c7
50684
4d2b5
54e27
510f3
544ac
50867
544ad
50868
54e28
53e18
5086a
5510e
54883
5086c
4d2bd
5086e
5973c
53ffe
5d040
54e2c
4d2c1
56409
50872
5d042
59741
53590
54d4a
52fdd
58e19
53864
58e1a
53865
5d2fd
54d4c
51100
53f00
553d7
5129c
56987
55ae4
5129e
4d2ce
546a5
4d2cf
5982a
552f3
53e1d
5965e
5478f
5d2ff
546a7
543cd
5982b
55a07
53e21
4d2d7
59660
53e23
5d048
54790
53fff
58efc
54000
59743
543ce
4d2dd
5982e
55ae8
54e34
59744
54e35
59745
55ae9
55a0a
5d04c
5698e
59831
55bd6
59832
55bd7
4d2e8
5d04f
59663
4e291
54e36
4dcf9
4d37d
4d65b
4eb11
4e294
5183e
4dbf8
4d381
50b4b
555cb
512a1
4d660
544b2
4d384
54794
4dbfd
4d386
51c04
4dbff
4d665
59906
53f03
59907
4e295
4d92b
50f13
4d38c
50874
54d56
502b8
4d92e
554d2
51390
4d930
554d3
5367c
54b6f
50f1a
54b70
50f1b
4d394
553e0
50f1d
4d936
5367e
54b71
4d938
54b72
4d939
553e2
4d93a
59909
544ba
4d39c
4dc02
55e90
51392
5d683
55e92
4dc05
56d2d
54f2b
5d684
56d2f
502b9
544bb
4fd0a
4d3a5
501ca
54796
51394
5095a
53f08
4d3a9
53681
4d3aa
54e3c
511ea
4d3ac
54f2e
511ec
4d3ae
5d123
4d3b0
564f0
50963
5c91d
5497c
592b2
55203
4d3b4
592b4
564f5
530ce
545b4
511f0
545b5
511f1
54e3f
511f2
5d128
53f0d
4d3bb
512a4
54e41
512a5
4d3be
55aee
54005
5565a
54f34
4d3c1
56a72
5565d
53958
58f08
53959
5d12a
54006
4d3c6
55aef
54e44
4d3c8
59910
54e46
53f14
59911
54e48
4d3cc
564f6
4d3cd
58ff3
4d3ce
5d688
56a75
54f38
4d3d1
58ff4
4d3d2
58ff5
554d9
4d3d4
5d130
56a79
55af5
4d3d8
592ba
4d3d9
592bb
59917
58f0d
4ea23
51761
4d577
546a8
4d486
555ce
540fa
4d488
4d93d
4e932
4d48b
54007
56fee
51934
4d941
56ff0
4d48f
542dd
55922
54009
59f40
545ba
4da27
55205
4da28
59caa
55927
4e933
51ed8
4e298
4d497
51a27
4e29a
4d499
51936
554df
51676
59f43
51937
4dd01
59f44
51a29
4dd03
4d49f
4e2a2
564fc
5148e
59f46
555cf
4d4a3
57393
555d0
59f48
57395
4d4a7
545bd
5148f
56b64
5502e
4d4aa
55750
51014
5cf6d
555d3
4d4ad
4d4ae
545be
4d4af
55bd9
545bf
4d4b1
59cad
540fb
55cc2
51a2f
4d4b4
59cae
55bdc
555d6
4d4b7
59f4b
54f3e
599fc
55665
4d4ba
55bdd
55666
4d4bc
5957d
554e7
4d4be
5d779
54f40
5479c
56b6a
5479d
59665
555d8
59666
555d9
59667
55cc8
4d4c5
5d77c
59cb4
55669
5632c
59f51
5632d
55be0
59f52
570e4
59cb7
4d667
4e56a
4d57d
541eb
56c46
51b18
4d66b
56c48
4d581
543cf
55a0c
540fd
5a024
546ae
4db19
552f7
4db1a
59836
55a11
4ea25
51fcb
4e38a
4d589
51b19
4e38c
4d58b
51a33
555de
5176b
5a027
51a34
4ddf3
5a028
51b1b
4ddf5
4d591
4e394
565e6
51580
5a02a
55115
4d595
5747d
55116
5a02c
5747f
54101
5096b
51581
566d2
54b74
4d59c
5583a
51106
5d051
55119
4d59f
4d5a0
547a0
56c4a
5511b
512ac
4d5a3
546b2
4d5a4
55ccd
546b3
4d5a6
5983a
55cd0
5511c
4d5a9
5a02f
55032
59ae0
5575b
4d5ac
55cd1
5575c
4d5ae
5966d
555e6
4d5b0
5d305
55034
5488e
566d8
5488f
5974f
5511e
59750
5511f
59751
55db2
4d5b7
5d308
59840
5575f
56416
5a035
56417
55cd4
5a036
56c52
59843
4d759
55206
4d66f
542df
56d30
51c0a
4d75d
56d32
4d673
544c1
55af6
541ef
5a108
547a4
4dc0b
553e9
4dc0c
5991a
55afb
4e56b
520bd
4e47c
4d67b
51b25
55124
512b1
5a10a
5167b
4dee3
5a10b
51b26
4dee5
5a10c
51c0d
4dee7
4d683
4e486
56154
5167e
5a10e
55209
4d687
57567
5520a
5a110
57569
541f3
50a5d
5167f
567bc
54c68
4d68e
5592a
511f8
5d135
5520d
4d691
4d692
547a8
4d693
55db7
547a9
4d695
5991d
542e1
55e96
51c13
4d698
5991e
55dba
55210
4d69b
5a113
54b78
59bc4
55845
4d69e
55dbb
55846
4d6a0
59757
5512c
4d6a2
5d3e9
54b7a
54980
567c2
54981
592bd
55212
592be
55213
592bf
55e9c
4d6a9
5d3ec
59924
55849
56506
5a119
56507
55dbe
5a11a
56d3c
4d6b1
4d84b
4e74e
4d761
543d1
56e1a
51cfc
4d84f
56e1c
4d765
4eedb
52483
4e65e
4da2c
542e3
4d768
542e4
4d769
51cfd
4dfc6
4d76b
51cfe
4dfc8
4d76d
522a4
4dfca
4da34
513a1
54f48
4dd06
55218
4dd07
599fe
54017
599ff
55219
4d775
4dfcc
5623e
51773
5a1f2
552fb
4d779
57651
552fc
5a1f4
57653
4d77d
54899
51774
568a6
54d5a
4d780
55a14
50d3e
5d219
552ff
4d783
4d784
5489a
4d785
55ea1
5489b
4d787
59a03
543d3
55f80
51d05
4d78a
59a04
55ea4
55302
4d78d
5a1f7
54c6c
59cb8
55935
4d790
55ea5
55936
4d792
592c5
55220
4d794
5d4cd
54c6e
54a72
568ac
54a73
593a7
55304
593a8
55305
593a9
55f86
4d79b
5d4d0
59a0a
55939
565f0
55a1d
59a0b
55ea8
5a1fe
56e26
59a0d
4d943
4e840
4d853
544c3
56f04
51842
4d947
56f06
4d857
4efcd
52575
4e750
4db1e
520be
512b7
4db20
543d5
4d85c
543d6
4d85d
51d0a
4e0ba
4d85f
59d7a
51d0b
4db26
51499
5503c
4ddf8
5530a
4ddf9
59ae2
5410b
59ae3
5530b
4d867
4e0be
5632e
512b9
59d7e
553ed
4d86b
571bf
553ee
59d80
571c1
4d86f
5498b
512ba
56990
54e55
4d872
55afe
50e30
5cda5
553f1
4d875
4d876
5498c
4d877
55f8b
5498d
4d879
59ae7
544c5
5606a
5184b
4d87c
59ae8
5606d
5184d
4d87f
59d83
54d5e
59844
55a1f
4d882
55f8f
55a20
4d884
593af
55312
4d886
5d5b1
54d60
545c4
56996
545c5
59491
553f6
59492
553f7
59493
56070
4d88d
5d5b4
4d88f
59d88
5615e
55b07
59aef
55f92
59d8a
56f10
59af1
4dc0e
4f0bd
4d94a
4eb14
4e1a7
4d94c
521b1
4e1a9
54a78
4dc13
54a79
4dc14
54d62
51851
4dc16
52759
5193f
4e1af
53c42
5512e
5158c
5584b
5158d
4d957
54b83
4d958
5584e
4deee
513aa
572a6
521b3
4d95c
5641a
4e1b3
59e63
5641c
4d95f
4d960
50787
54d64
54f4a
4d963
55671
50f21
56a7c
546b7
5d691
55674
50f24
5158e
54d65
5158f
4d96a
55400
51591
4d96c
545c6
56ff2
554f1
51683
4d96f
59e66
55be5
51946
4d972
55401
4d973
59497
54019
56ff7
54d67
55402
59e68
55b0b
544d2
59e69
5607b
554f3
59580
55677
5ce8b
55678
59bd0
55679
5d697
56ff8
554f7
4d980
59584
4d981
59585
59bd3
55b0d
56ffa
59bd4
5607c
59e6f
4efcf
51776
4db29
546ba
4da38
51fd2
546bb
4da3a
4deef
4eede
4da3d
51edf
5756a
51c1f
4def3
5756c
4da41
542f0
55eaa
542f1
5a200
51c21
5a498
545cb
4da45
55eae
55eaf
4eedf
4e2a9
4f75e
4da49
51c23
55408
5168a
5a49a
51a39
4e2ad
5a49b
51ee3
4e2af
5a49c
51fd5
4e2b1
4da51
4e84e
5790c
5177a
5a49e
51fd8
4da55
56a89
4e852
5a4a0
57911
4da59
54b8b
51c25
5540c
51c26
5168d
56162
5401a
55bec
545d2
4da5f
55bee
51691
4da61
5a206
51d12
554fb
5177c
57659
5624c
5177e
568b2
5177f
570e7
55a26
5a208
5624d
51782
5a4a5
56165
5624f
51ee7
4da6d
5a4a7
5593d
4da6f
56167
554fd
54d69
570e9
5593e
5a4a8
4da74
570ea
4da75
570eb
56169
4da78
56253
5a4ab
4db2e
51855
512bd
54d6a
4dc1c
571c3
54d6b
4dc1e
514a0
54c7a
4e0c5
55315
4e0c6
54c7b
4e0c7
59d8d
51d17
4db38
4e39a
4f84f
4db3a
4f2a4
4e937
546c0
4e39d
546c1
4e39e
52392
51b2c
4e3a0
554ff
51fe1
4e3a2
5293c
520c8
4e93f
520c9
4db45
579f7
4e942
56b72
51b2e
5a583
56b74
4e945
50f27
55501
4db4c
547ae
571c6
520cd
512c3
59d91
55b0e
5d5b9
55dc1
4db51
5699e
4db52
59847
571ca
51787
54c80
51788
4db56
54c81
5178a
55a2a
5178b
59848
55a2c
4db5a
59849
56258
5185a
4db5d
59d97
5625a
5633a
5410d
5984a
54c83
547af
571cd
55dc3
5d5ba
4db65
59d98
55dc4
55b13
5984d
5625c
59d9a
571ce
5984f
4dd0b
4ec08
4dc21
521b5
572ac
51949
4dd0f
572ae
4dc25
547b0
4dc26
5607f
4e1b8
54a82
4dc28
54a83
4dc29
56082
56083
4eb17
52669
4ea28
4dc2d
5185e
555f0
512cc
5a662
51c29
4e491
5a663
520d2
4e493
5a664
521b9
4e495
4dc35
4ea32
57ae0
513b4
5a666
521bc
4dc39
566e1
4ea36
5a668
57ae5
547b4
5101a
51860
555f4
51861
512cf
56340
541fe
55dc6
547b8
4dc43
55dc8
512d3
4dc45
59e76
5194a
55133
513b6
572b1
56420
513b8
56a8c
513b9
56d3f
5567e
59e78
56421
513bc
5a66d
56343
56423
520d6
4dc51
5a66f
55b17
4dc53
56345
55135
54f4d
56d41
55680
59930
55681
4dc58
55b19
5a671
56347
4dc5c
56427
5a673
4dd12
51a3d
514a3
54f4e
4de00
57397
54f4f
4de02
4e56d
521c2
4dfd9
4fa34
513bd
54e60
4e570
54e61
4e571
4dd1c
52579
4e573
4dd1e
55138
4e575
4dd20
5a747
4dd22
548a6
4dd23
55bf3
4e2b5
545d7
4dd25
545d8
4dd26
55bf6
55bf7
522ad
4dd29
57bcb
4e57a
567ca
51d21
5a74b
567cc
4e57d
5110b
55139
4dd30
548a9
4dd31
56429
548aa
4dd33
55226
4dd34
55eb7
548ad
5a74e
5642b
548af
4dd38
54994
5739a
522b1
514a9
59f5d
55766
5d781
55f9b
4dd3d
56b78
4dd3e
59a11
5739e
51955
4dd41
59f61
5642e
5650e
542f3
59a12
54e69
54995
573a1
55f9d
5d782
59a14
55687
55f9e
59f63
55f9f
56430
59f64
573a2
59a17
4def5
4edec
4de05
51ded
57480
51b31
4def9
57482
4de09
4f579
52b21
4ecfc
4e0cc
522b5
4de0c
51a44
4de0d
51def
4e664
4de0f
522b6
4e666
4de11
5a2d2
522b7
4e0d4
514b1
55ce2
514b2
5a2d5
51a46
555f7
51790
55ce5
51a47
4de19
4e66a
57738
51598
5a2d6
51df4
4de1d
568bb
4e66e
5a2d8
5773d
5499a
50d42
51a48
5522e
51a49
514b5
56514
543e4
55fa0
5499e
4de27
55fa2
514b9
4de29
5a040
51b32
55319
5159a
57485
565f4
5159c
566e4
5159d
56f13
55852
5a042
565f5
515a0
5a2dd
56517
565f7
51df9
4de35
5a2df
5576f
4de37
56519
5531b
54b91
56f15
55770
5a2e0
4de3c
56f16
4de3d
56f17
5651b
4de40
565fb
5a2e3
4defc
4f0bf
4e753
51dfa
4e1bf
51dfb
4deff
51b36
4df00
51ee8
4e757
4df02
51ee9
4e759
4df04
52489
4e75b
4e497
547bd
4df07
547be
4df08
54a8a
4df09
55dcf
4e49b
5a120
4df0c
569a2
4e75d
5a122
51958
57824
5275f
4df10
57826
569a7
50e35
4df13
515a5
5504a
515a6
4df16
5504b
515a8
55856
515a9
59bd6
55858
4df1a
59bd7
56600
51697
54b92
4df1d
5616b
51ef1
4df1f
55bf8
4df20
567cf
5169c
56ffe
5169d
4df23
5a127
5504c
51c2f
4df26
5a3c2
57574
55413
59e81
55414
54a94
4df2b
567d1
4df2c
5a12a
5608f
567d2
5a3c5
567d3
57576
59bde
56604
5a12d
4f57b
51d22
4e0d7
5257d
4dfe6
55232
51d24
4dfe8
4e49d
5248a
4dfeb
521ca
57ae6
54b95
4e4a1
57ae8
4dfef
521cc
56432
5195b
5a758
521cd
5a9f0
54b97
4dff3
56436
56437
4dff6
4f75f
532b4
4f48c
4e857
521cf
4dff9
5248f
4edf4
4dffb
521d0
4dffc
52580
4edf7
4dffe
52b22
4edf9
4edfa
57e88
51d26
5a9f6
52584
4e003
57005
4edfe
5a9f8
57e8d
521d1
566ea
566eb
54b9b
516a1
55ebc
516a2
54c88
4e00b
56175
516a4
57bd5
52493
521d3
5a9fa
55ebe
51c3c
5a75d
54ba0
51c3e
5a9fc
52587
51d29
5a75f
55fa6
59a18
5625f
4e017
56e30
4e018
5a216
57bd9
521d4
4e01b
5a763
57bdb
55fa9
59a19
56178
4e01f
55faa
5a219
55fab
4e022
5a21a
567dc
57bdd
4e0db
51e01
4f0c2
51869
55325
51792
4e0df
52670
57741
51a4c
55235
514bc
5651d
51d2f
5651e
51d30
5aad5
55237
4e675
4eee1
4f57d
4e948
4fdfe
4e0ea
51d31
55238
516a6
4e94b
5aad6
51d32
5aad7
520d7
4e94e
5aad8
52673
4e950
4e0f2
570ec
4eeed
5a2e8
520d9
57f74
52941
4e0f6
57f76
570f1
51d33
5523a
5258f
516aa
4e0fb
52678
57742
546cd
5a590
55fad
4e0fe
568bf
51e05
4e100
57745
55415
571d0
56091
59d9f
5634a
5aade
57746
568c3
4e106
567e1
54c91
4e108
56266
54c93
5aae1
567e3
54c95
4e10c
5a2ee
567e5
568c5
55416
571d3
55fb0
5aae4
4e112
571d4
4e113
571d5
567e7
4e116
5a2f3
5774b
4e1ce
51ef3
512d7
54e6c
4e2bc
57829
51ef5
4e2be
515b5
5504e
4e763
5504f
4e764
5532a
4e765
5a3c9
51e09
4e1d8
4ea38
4feef
4e1da
4f944
4efd5
5267d
4ea3b
52763
51799
4ea3d
54d7f
4ea3e
52a31
521d6
4ea40
52fde
52766
4efdd
52767
4e1e5
5805d
4efe0
56c5c
521d8
5abbf
56c5e
4efe3
512d9
56096
512da
54e6e
4e1ec
5634f
512dc
5782d
51e0c
568c8
568c9
54d82
5187b
4e1f2
55330
5187d
59e83
56099
4e1f5
59e84
568ce
51962
5782e
569ab
51964
57008
51965
572bb
55c00
5a3d0
569ac
51968
5abc6
568cf
569ae
5276d
4e201
5700b
4e202
572be
4e203
572bf
59e89
5609b
4e207
5abca
4e209
5a3d7
4f2a5
51a4e
4e3ad
52853
4e2c2
5550a
51a50
4e2c4
4e584
4eb1a
5276e
4e586
4ffe2
512dd
54e70
4eb1d
4e2ca
52771
4eb1f
5541c
4eb20
4e2cd
52b25
4eb22
4e2cf
5ac9f
51c3f
5541d
516ac
5617b
5196b
5617c
5196c
5aca1
5541f
4e864
51a51
5a4b1
56d45
4e2d8
52b26
4eb27
58149
5285b
4e2db
4e2dc
52772
4e2dd
5aca5
55421
5196e
5643e
51a53
5550b
513cf
59f66
54f61
4e2e3
569b5
54e77
4e2e5
56440
54e79
5aca7
569b7
54e7b
4e2e9
56a94
5285e
4e2eb
56522
4e2ec
570f3
51a58
573a6
51a59
4e2ef
5a4b7
55423
51fee
4e2f2
5acab
56525
59f6b
59f6c
55c09
56526
5a4bb
56527
569ba
5a4bc
5791e
59f6f
4e4a3
4f398
4e3b3
520dc
579fc
55051
4e4a7
579fe
4e3b7
4fb27
4ec0c
52860
4e678
51fef
4e3ba
5239b
4ec0f
4e3bc
51ff0
4e3bd
5239c
4ec12
4e3bf
52942
4ec14
4e680
5179d
54c96
4e952
54c97
4e953
55510
4e954
5a593
51ff3
4e3c7
4ec16
57cb4
51b44
5a82e
523a0
4e3cb
56e37
4ec1a
5a830
57cb9
51ff4
56a9c
56a9d
54f67
514bf
55cee
514c0
55052
4e3d3
56529
514c2
57a01
52866
51ff6
5a832
55cf0
51a64
5a597
54f6c
51a66
5a834
523a3
51b47
5a599
55dd2
59850
5660d
4e3df
56c62
4e3e0
5a04e
57a05
51ff7
4e3e3
5a59d
57a07
55dd5
59851
5652c
4e3e7
55dd6
5a051
55dd7
4e3ea
5a052
56b84
57a09
4e4a9
4e769
4fc19
4e4ab
4f66e
4ed00
523a7
4e76c
52494
514c5
4e76e
55055
4e76f
52d08
51f03
4e771
532b5
52497
512e3
54d88
4ea44
54d89
4ea45
55602
4ea46
5a677
520e5
4e4b9
4ed08
57d9e
51c42
5a912
52499
4e4bd
56f21
4ed0c
5a914
57da3
520e6
56b86
56b87
55059
515b7
55dd8
515b8
54ba4
4e4c5
56613
515ba
57aeb
523ac
520e8
5a916
55dda
51b56
5a67b
5505e
51b58
5a918
5249c
51c45
5a67d
55ec2
59934
56181
4e4d1
56d4c
4e4d2
5a132
57aef
520e9
4e4d5
5a681
57af1
55ec5
59935
56616
4e4d9
55ec6
5a135
55ec7
4e4dc
5a684
57af3
56b8f
4e58f
4e682
52b28
51c4b
55240
513d8
4e593
52b2a
5814f
4e596
52775
512e5
52a37
4ea4c
58063
52777
4ea4e
512e7
54e7c
4eb2b
55150
4eb2c
5acb0
51f07
5acb1
55151
4e5a0
4ee00
502bd
4e5a2
4fd0e
4f39d
5277b
4ee03
5277c
4ee04
52b2b
51b5d
4ee06
533a8
52592
4ee08
5395a
52b2e
4f3a5
52b2f
4e5ad
58405
4f3a8
57580
52594
5af4f
57582
4f3ab
512ec
52a3d
512ed
4e5b4
55156
512ef
4e5b6
5286a
58150
55243
514c9
573aa
514ca
57bdf
51b60
4e5bb
55157
4e5bc
566ff
521e6
4e5be
56700
55159
5af53
56c6c
5515b
4e5c2
56d52
52b34
4e5c4
573ac
522d8
57be1
522d9
4e5c7
5acba
56d56
52b35
4e5ca
5acbc
56703
573ae
5af59
573af
4e5cf
5af5a
4e5d1
5acbf
4f66f
51e14
4e775
523ae
4e68a
55333
51e16
4e68c
4ec1c
5286d
4e68e
5286e
4e68f
56aa8
51a68
56aa9
522dc
5b02d
4e693
4eef3
503af
4e695
4fe00
4f490
52870
4eef6
52871
4eef7
52c1d
51c53
4eef9
52eee
52684
4eefb
534a0
52c20
51e17
5a83f
57669
4e6a0
52ef0
4f49b
584f1
52c23
4e6a3
4e6a4
52872
4e6a5
56d5b
52873
4e6a7
5a841
51e19
56e3a
51d40
4e6aa
568d2
4e6ab
57495
4e6ac
5b036
54c98
5aae8
56535
4e6af
56e3c
52c26
4e6b1
57496
51e1e
5774f
51e1f
4e6b4
5a844
52875
522e3
5a2fa
56537
4e6b8
5a2fb
56d61
523b2
4e6bb
5b03b
5a2fc
56539
568d6
5661d
5a2fd
56d62
5a84a
57cc6
5a2ff
4e865
4f762
4e77b
51f09
57da4
51884
4e869
57da6
4e77f
520ea
56b90
51e21
5b110
523b5
4ed11
55609
4ed12
5a922
56b95
4f671
4efe5
504a2
4e787
51d43
55338
514d3
5b112
51d44
4efe9
5b113
52781
4efeb
5b114
52d11
4efed
4e78f
4f58a
585d8
51f0c
5b116
52d14
4e793
571d9
4f58e
5b118
585dd
51e25
56e44
5533b
51e26
5b119
56e47
51885
55428
515c0
57da9
56186
5a138
569c3
5a3da
54d8a
5abcc
5661f
4e7a0
5b11a
52c2e
5533e
4e7a3
568db
51e2b
4e7a5
5a927
524a3
4e7a7
57dab
56188
5a3de
569c5
5b11d
57dac
56f29
4e7ac
5a92b
57daf
569c6
5618b
5a3e0
56622
568dd
4e7b2
5a3e2
56f2c
57db1
4e86b
4e958
52dfe
51977
55518
516b0
4e86f
52e00
57e91
4f763
532b7
4f0c6
4e873
51889
5542a
515c2
5b1f4
5188a
4eb35
5b1f5
52876
4eb37
5b1f6
52e03
4eb39
4e87b
4ee0b
524a7
4e87d
524a8
4e87e
56706
51c58
56707
51f18
5b1f9
4e882
572c0
4f0d1
5aa0a
52878
586c4
530d7
4e886
586c6
572c5
5188c
5542e
5188d
515c8
56f30
524ac
516b1
52e08
4e88d
5700f
52000
57920
56271
5a21d
52d1f
5197b
5618c
5197c
5a4bf
524ad
51f1d
5a4c0
5618f
4e896
5a4c1
56f35
52001
57e94
57011
52003
57922
56273
5aa0f
57012
52006
5b202
57e98
57015
56190
5b204
4e8a2
57924
4e8a3
57925
56f37
4e8a6
57017
5b207
520ec
4ea50
517a1
52945
4ea52
57f79
52689
4ea54
4f1b7
52e0c
4ec23
50686
516b3
52e0d
4f1ba
5551d
4f1bb
4e968
52e0f
4f1bd
4e96a
531c7
4f1bf
4e96c
5ad83
4e96e
522e7
567f4
52009
5ad84
5259f
4ef00
55251
4ef01
5aaec
567f9
5294b
4e975
58231
4f1c4
573b2
523bf
5ad87
573b4
4f1c7
512f0
571dc
512f1
57a0b
516b8
52e10
516b9
4e97e
55522
516bb
4e980
5268a
57f7c
5560d
51982
4e983
55523
4e984
56ab3
5200e
4e986
56ab4
55525
5ad8b
5701e
55527
4e98a
570fa
52950
4e98c
571de
520f6
57a0d
520f7
4e98f
5aaf4
570fe
52951
4e992
5aaf6
56ab7
571e0
5ad91
571e1
4e997
5ad92
5a5ab
57101
4f2a9
52952
4ed15
501cc
517a5
52953
4f2ac
5560f
4f2ad
4ea5a
52955
4f2af
4ea5c
532b9
4f2b1
4ea5e
5ae67
4ea60
51e2d
568de
520fb
5ae68
52691
4eff2
55343
4eff3
5abd0
568e3
52a44
4ea67
5831b
4f2b6
5749c
524b1
5ae6b
5749e
4f2b9
512f2
52a47
4ea6d
56c71
521f0
57af4
5644b
59e8d
51a72
55612
51a73
517ac
57104
52694
51a74
4ea75
55615
4ea76
56b9d
52100
4ea78
56b9e
55617
5ae6f
57108
55619
4ea7c
56c72
52a49
4ea7e
572c8
521f4
57af7
521f5
4ea81
5abd8
56c76
52a4a
4ea84
5abda
56ba1
572ca
5ae75
572cb
5806e
5a68e
5710a
5abdd
500d7
5287a
4ec2f
5287b
4eb3e
521f8
5287c
4eb40
4eff5
4ffe6
4eb43
52105
585de
51892
4eff9
585e0
4eb47
5278b
4eb48
56f39
4f0d8
524b2
4eb4a
524b3
4eb4b
56f3c
56f3d
4eb4e
502bf
4f94b
52fe9
4f3af
52107
4eb51
51897
4eb52
52feb
4f94f
4eb54
530dc
4f951
4eb56
53686
4f953
4f954
58980
5287e
5b4a6
530e0
4eb5b
57afd
4f958
5b4a8
58985
5210a
571e2
5210b
5189a
5b4a9
52791
5af5c
569cf
512ff
5b20d
52794
51301
5b4ab
521fa
572cc
51986
4eb68
5b20f
56ab8
5a4c8
56d65
5acc4
571e8
55161
5af5d
52fef
52e17
4eb6f
586cf
56aba
5acc6
56d67
5b4ad
586d0
572d1
4eb74
5b213
586d3
56c7e
5acc8
56abc
4eb79
5815f
4eb7a
5acca
572d4
586d5
4ec33
4ed20
531ca
51a77
531cb
514d9
4ec37
531cc
58239
51987
5b584
52888
4ec3b
52013
57024
52014
5ad95
52e1b
4f1cd
4fa3b
500d9
4f4a0
5096d
4ec42
5198a
530e7
513ed
5b586
521fe
4f4a4
5b587
52c2f
4f4a6
5b588
531cf
4f4a8
4ec4a
57be4
4fa47
5ad98
52c31
58a6c
534a5
4ec4e
58a6e
57be9
5198c
530ea
5198d
513f0
572d8
522eb
56d6a
5288e
4ec55
56d6c
513f4
4ec57
5ad9a
51a79
531d4
514db
5823b
572db
523c6
57cc8
56ba3
5a5ad
530eb
522ee
5a851
5295d
4ec60
5823d
56ba4
5a852
56e51
5b591
5823e
573bb
4ec65
572dd
58240
573bd
56ac2
5b594
4ec6a
57ccc
4ec6b
57ccd
572df
4ec6e
573bf
5b597
4ed26
52a4b
515cc
52a4c
4ee14
58321
52a4d
4ee16
514dc
5710c
514dd
5b669
51a7c
5561a
517af
5710f
51a7d
4ed30
4f590
50a5e
4fc20
53779
4fb2f
523cf
4f593
523d0
4f594
532bf
522f1
4f596
53595
52d2e
4f598
53b52
532c2
4fb37
532c3
4ed3d
58b55
4fb3a
57754
52d30
5b66f
57756
4fb3d
514e0
52964
514e1
4ed44
52965
514e3
56ba8
514e4
5a932
56baa
4ed48
5a933
573c4
515ce
52a4e
4ed4b
574a1
52966
51c59
57b00
51c5a
57db3
51e34
5a935
531dd
523d8
4ed52
574a2
532c8
4ed54
57b02
524be
57db5
524bf
4ed57
5ae82
574a6
532c9
4ed5a
57db6
4ed5b
57db7
4ed5d
5ae85
4ed5f
5b67a
4ed61
5ae87
4fe01
525a6
4ef05
525a7
4ee1a
51f24
525a8
4ee1c
4f0dc
4f674
532ca
4f0de
50b51
515d0
52a51
4f677
52a52
4f678
4ee23
532cd
4f67a
4ee25
53689
4f67c
4ee27
5b74f
51b6f
55162
51303
56c81
515d2
56c82
515d3
5b751
52a55
4f3bc
525a9
5af61
5783d
4ee30
5368a
4f681
58c41
533b7
4ee33
4ee34
524c5
4ee35
574ab
524c6
4ee37
55438
4ee38
56f45
524c9
5b756
574ad
524cb
4ee3c
525ab
5840e
51f27
51b75
4ee3f
57028
4ee40
57beb
4ee41
5b758
56719
4ee43
574b1
533b9
525ae
5af66
5702a
4ee47
57bed
4ee48
5aa1b
58413
52b46
4ee4b
5b75b
4ee4d
5af6a
5702c
567ff
5aa1d
574b2
5af6c
58416
5aa1f
4effb
4fef4
4ef0b
52015
584f4
51d4e
4efff
584f6
4ef0f
50687
4f766
533bc
4f1d0
51f29
4ef12
51c60
4ef13
52ef7
4f76a
4ef15
52ef8
4f76c
4ef17
534a6
4f76e
4f1d8
513f6
52b49
4f4aa
55255
4f4ab
52b4a
4f4ac
5b043
51c63
4ef1f
4f770
587ac
5269c
5b2de
52efc
4ef23
5792f
4f774
5b2e0
587b1
51f2c
57594
51f2d
51c66
5b2e1
525b9
5ada4
56801
516cb
5b047
525bc
516cd
5b2e3
52018
57674
51d50
4ef30
57112
4ef31
57759
4ef32
5b049
5759a
5552b
5ada5
533c2
52c37
4ef37
584fb
568e6
5aafe
57115
5b2e5
584fc
57679
4ef3c
5b04d
584ff
57032
5ab00
568e8
5ab01
568e9
4ef42
5ab02
5767c
58501
4f001
4f2c1
50788
4f003
501ce
4f85a
526a5
4f2c4
526a6
4f2c5
52ff0
5201d
4f2c7
5386c
52a5b
4f2c9
53e29
52ff3
514e8
52c3b
4f59c
55347
4f59d
52c3c
4f59e
5b127
51d55
4f011
4f862
58896
5279a
5b3c2
52ff5
4f015
57a19
4f866
5b3c4
5889b
5210f
571ec
5189f
4f01a
526a9
4f01b
5767f
526aa
4f01d
5561c
4f01e
57119
526ad
5b3c6
57681
526af
4f022
56c86
4f023
57843
4f024
5b12d
57684
5561d
5ae89
52f08
52d32
4f029
585e5
569d6
5abe2
56c89
5b3c9
585e6
571f1
4f02e
5b131
585e9
5711c
4f031
569d8
5abe5
569d9
4f034
571f5
5b3ce
57687
4f0e7
4f1da
5368c
51f2f
5368d
51993
4f0eb
5368e
58c47
4f0ee
532d1
518a0
532d2
4f5a4
58b5b
532d3
4f5a6
515dc
52a5e
4f685
52a5f
4f686
532d5
4f687
5b761
51e41
4f0f8
4f95a
50e37
5059a
53b54
4fef9
52d39
4f95d
52d3a
4f95e
5368f
526b5
4f960
53f1c
530ee
4f962
544d8
53692
4ff01
53693
4f105
58f0f
4ff04
58078
530f0
5b9ff
5807a
4ff07
51306
56f4a
51307
5b21a
51e44
535a1
51e45
518a9
57760
52d3e
4f110
571f9
518ac
4f112
5b766
51f31
53696
51995
58c49
57763
52e2c
586d6
57035
5aa21
535a2
52d42
4f11a
5784a
53698
4f11c
57ea4
52e30
586d9
52e31
4f11f
5b76a
5784e
53699
4f122
5b76c
571fb
57ea6
5ba09
57ea7
4f127
5ba0a
4f129
5b76f
501cf
5296c
4f2cd
5296d
4f1e2
52896
5296e
4f1e4
4f776
525bf
4f1e6
525c0
4f1e7
52e33
4f1e8
575a1
4f77a
5b2ee
4f1eb
5096e
544d9
5068c
4fa4e
527a9
4f1ee
51f37
4f1ef
5369c
4ffee
4f1f1
53782
4fff0
4f1f3
53d38
4fff2
4fa56
5296f
5b2ef
58161
4f1f8
53a64
4fff7
58ffb
53787
4f1fb
4f1fc
52e37
4f1fd
572e7
5199b
533ce
5199c
4f200
533cf
5199e
5ada7
5703d
4f203
5ada8
57856
51a86
52f0c
4f206
57933
533d0
52113
57f8c
52114
58245
527ae
4f20b
57934
5378a
4f20d
57f8e
52976
58247
52977
4f210
5b2f6
533d1
52f0e
4f213
5baeb
5adac
5703f
573ce
5b2f9
573cf
5785a
5b2fa
587be
5adaf
4f3bd
502c2
4f2d3
523db
5889c
52116
4f3c1
5889e
4f2d7
52027
57688
51d5b
5b3d0
52028
5bbc0
5297a
4f2db
5768c
5768d
501d1
53d39
500dc
4f2df
5202a
5378d
51a8b
5bbc2
5289c
4fb43
5bbc3
532dd
4fb45
5bbc4
53875
4fb47
4f2e7
500e6
590e2
52a64
5bbc6
53878
4f2eb
57cd1
500ea
5bbc8
590e7
523dd
5b67c
57125
4f2f0
5297e
4f2f1
5793d
5297f
4f2f3
573d2
52981
5bbca
5793f
52983
4f2f7
52a65
588a0
523e0
5202f
4f2fa
574ba
4f2fb
5807d
4f2fc
5bbcc
53792
52fff
4f2ff
588a3
56c8e
5ae8e
574bd
5bbcd
588a4
57a21
4f304
5b3db
588a7
574be
5b3dc
574bf
57128
5bbd1
4f30a
5ae92
57a24
588a9
4f3c3
4f4b0
53962
52207
53963
51c6b
4f3c7
53964
58989
502c3
53e2b
4fc22
4f3cb
52119
5387f
51b7d
5bca4
523e2
4f68f
5bca5
533d2
4f691
5bca6
53967
4f693
4f3d3
4f965
527af
4f3d5
527b0
4f3d6
52a6f
4f3d7
571ff
4f969
5b4b8
4f3da
57db8
4fc2d
5b4ba
533d4
591ce
53c4b
4f3de
591d0
57dbd
51b80
574c0
524d2
5b771
523e4
57a26
523e5
52120
5bcad
56c94
51b85
5b4bb
52a76
51b87
5bcaf
524d3
57b06
5220a
4f3eb
5b4bd
56d76
5accc
575a5
5af71
57a2c
53009
52b59
5898c
57b09
52b5b
5841a
56d79
5b4bf
57b0a
52b5e
5bcb2
58990
57b0d
56c96
5bcb4
4f3fa
5841c
4f3fb
5841d
57a2f
4f3fe
57b0f
5bcb7
4f4b6
531e3
51d5c
531e4
4f5aa
58a71
531e5
4f5ac
4fd13
53970
4f77d
51200
51c6e
530f7
4fd16
530f8
4fd17
4f4c0
53973
4fd19
4f4c2
53d3b
4fd1b
4f4c4
5b833
4f4c6
5220d
572ec
519a3
5b59a
5220e
5b834
52b62
4f4ca
572f0
572f1
534af
4f4cd
58d3b
4fd20
57eaa
52f1b
5b837
57eac
4fd23
516d0
56d7c
516d1
5b052
52210
53974
52211
51c75
57b12
52b66
4f4d8
575ad
51c78
4f4da
5b5a0
522fb
534b2
51d5f
58a75
56e60
5a858
5768f
5b055
57b15
53975
52b6a
4f4e2
57bf2
534b4
4f4e4
57cd6
52c4e
58505
52c4f
4f4e7
5b5a4
57bf6
534b5
4f4ea
56d81
5b840
57cd8
57693
5b5a7
4f4ef
5b842
4f4f1
5b5a9
4fe05
504a7
53a67
4fe07
4f5b0
522fd
534b7
51d61
5b914
525c8
4f874
5b915
5300a
4f876
5b916
535a6
4f878
4f5b8
522ff
573d6
51a95
5b67e
52300
5b918
52c54
4f5bc
573da
573db
535a8
4f5bf
58e25
4fe12
57f94
5300d
5b91b
57f96
4fe15
517c2
56e66
517c3
5b136
51e4a
535ab
518b1
58b5f
525ca
57bfa
525cb
52304
5b91d
56e68
51d69
5b683
52c5a
51d6b
5b91f
56f50
5a93c
57203
5b139
57bff
534bb
52c5c
4f5d4
5776a
535ad
4f5d6
57dc0
52d4c
585ef
52d4d
4f5d9
5b688
5776e
535ae
4f5dc
5b68a
57699
57dc2
5b925
57dc3
58b66
5b13e
57c02
5b68d
50c46
533d6
4f789
533d7
4f698
52d50
533d8
4f69a
4fb4f
50b55
4f69d
52c5d
590e8
523ea
4fb53
590ea
4f6a1
523eb
57a30
52123
5bcb8
523ec
5bf50
532e8
4f6a5
57a34
57a35
51e50
5388b
504aa
5388c
504ab
4f6aa
53b5f
504ad
4f6ac
544db
504af
4f6ae
5bf55
4f6b0
585f2
504b3
5bcbc
536a3
5949e
544dd
4f6b4
594a0
585f7
51e52
57772
52d52
5ba0d
52c62
57cda
52c63
523f2
5bf59
574c8
51e57
5bcbd
532f0
51e59
5bf5b
52d53
57dc4
524de
4f6c1
5bcbf
575b0
5af78
5785d
5b775
57ce0
53890
533dd
591d8
57dc7
533df
58c54
575b3
5bcc1
57dc8
533e2
5bf5e
591dc
57dcb
574ca
57777
4f6d0
58c56
58423
5bf61
57ce3
4f6d4
57dcd
5bf63
4f78e
534bd
52030
534be
4f87c
58d41
534bf
4f87e
51c7a
53100
4fd25
53101
4fd26
5397e
4fd27
5b845
524e1
4f798
4fffa
52d55
4f79a
524e3
4f79b
53c5b
5059e
4f79d
53d42
505a0
4f79f
542f6
505a2
50002
52f1f
5b847
586dd
4f7a4
54022
505a7
59589
53d47
4f7a7
4f7a8
533e7
4f7a9
57863
51f47
53982
51f48
4f7ac
53983
51f4a
5b2ff
575b9
4f7af
5b300
57dd2
52032
534c0
4f7b2
57eaf
53984
526bf
58508
526c0
587c1
52d5a
4f7b7
57eb0
53d4a
4f7b9
5850a
52f26
587c3
52f27
4f7bc
5b84e
53985
534c2
4f7bf
5c043
5b304
575bb
5794a
5b851
5794b
57dd6
5b852
58d4c
5b307
4f96b
5087f
4f881
52987
58e2a
526c2
4f96f
58e2c
4f885
525d3
57c04
52307
5b928
525d4
5c118
52f2a
4f889
57c08
57c09
52036
534c6
5068e
534c7
5068f
4f88e
53d4e
50691
4f890
54113
50693
4f892
5c11d
4f894
5824a
50697
5b92c
53893
59672
54115
4f898
59674
5824f
52038
5794c
5298a
5bbd5
52e4a
57eb8
52e4b
525da
5c121
576a2
5203d
5b92d
52f32
5203f
5c123
5298b
57f98
526c4
4f8a5
5b92f
57208
5b140
57a37
5b3e5
57ebe
534cb
53017
58e30
57f9b
53019
588ac
5720b
5b931
57f9c
5301c
5c126
58e34
57f9f
5720c
4f8b3
588af
4f8b4
576a5
5c129
57ec1
4f8b8
57fa1
5c12b
4f972
536a5
52216
536a6
4fa60
58f15
536a7
4fa62
501d3
5301d
4fc39
5301e
4fc3a
53f25
5298f
4fc3c
54205
53987
4fc3e
547c3
53f28
501db
51e5a
535b7
518b5
57779
5212a
5777a
5212b
5c201
535b9
4ff16
53105
5ba11
58335
4f988
54207
501df
5975d
53f2b
4f98b
4f98c
53021
4f98d
57a3d
5212d
535ba
5212e
4f990
535bb
52130
5b4c7
57211
4f993
5b4c8
57fa6
52218
536a8
4f996
58083
535bc
528a3
586e2
528a4
58995
52992
4f99b
57fa9
53f2d
5310a
5ba16
57b22
4f99f
586e5
4f9a0
5b4cb
58f1d
536aa
4f9a3
5c20b
4f9a5
5ba1a
57b24
572f7
5b4cd
57faa
5ba1c
58f20
5b4cf
4fb55
50a63
4fa65
52b6d
58ffe
528a6
4fb59
59000
4fa69
527b7
53f30
5221b
5bd88
52a82
4fd2d
5bd89
534cc
4fd2f
5bd8a
53a6d
4fd31
4fa71
50003
52e4d
4fa73
52e4e
4fa74
53111
4fa75
5786b
50007
5baf4
4fa78
58424
502cf
5baf6
534ce
592ca
542fa
4fa7c
592cc
58429
5221e
57b26
52b70
5b855
52a84
5808c
52a85
527be
5bd91
572fa
52223
5baf7
53118
52225
5bd93
52b71
5816c
528a8
4fa89
57c0a
4fa8a
58251
4fa8b
5baf9
58092
536b3
531fb
59004
5816f
531fd
58a80
573df
5bafb
58170
53200
5bd96
59008
58173
572fc
57b2b
4fa98
58a82
58255
5bd99
58095
4fa9c
58175
5bd9b
5230c
5379d
503b8
5379e
503b9
4fb5e
53a78
503bb
4fb60
543ea
503bd
4fb62
5be6f
4fb64
528ab
57952
52041
5bbd6
528ac
5be70
53204
4fb68
57956
57957
53b67
4fb6b
593b3
503c2
58510
535c1
5be73
58512
503c5
51d6e
573e2
51d6f
5b68e
523f6
53b6a
51e5d
590ed
52b76
58176
52b77
528b0
5be75
573e4
52315
5bbdb
5320a
52317
5be77
574cc
5ae94
5777f
5b691
5817b
53a7a
5320c
4fb80
57ce6
53b6c
4fb82
5833c
532fc
58b6b
532fd
4fb85
5bbe0
57cea
53b6d
4fb88
5bbe2
57c15
5833e
5be7d
5833f
590f4
5b696
5817e
5bbe5
51201
5398a
4fd35
5398b
4fc44
53300
5398c
4fc46
500fb
51110
4fc49
5320d
59676
52996
500ff
59678
4fc4d
52997
57fac
526cf
5c210
52998
5c4a8
5389c
4fc51
57fb0
57fb1
523fc
53e4a
50a65
53e4b
50a66
4fc56
5411c
50a68
4fc58
54a9b
50a6a
4fc5a
5c4ad
4fc5c
5585c
50a6e
5c214
53c62
58b70
54a9d
4fc60
58b72
55861
523fe
57cee
53302
5bf65
53212
58256
53213
5299e
5c4b1
57a44
52403
5c215
538a4
52405
5c4b3
53303
58340
52a8a
4fc6d
5c217
57b2c
5b4d0
57dd9
5bccd
5825c
53e4f
53991
59766
58343
53993
591e2
57b2f
5c219
58344
53996
5c4b6
5976a
58347
57a46
5c4b8
4fc7c
591e4
4fc7d
591e5
5825f
4fc80
58349
5c4bb
4fd3a
53a7c
525dc
53a7d
4fe28
592cf
53a7e
4fe2a
52226
536b4
502d5
536b5
502d6
53f3d
502d7
5bd9d
52a8d
4fd44
505aa
53305
4fd46
52a8f
4fd47
54218
50b59
4fd49
542ff
50b5b
4fd4b
548b6
50b5d
505b2
534d3
5bd9f
55947
4fd50
545e2
50b62
58c5b
54304
4fd53
4fd54
5399b
4fd55
57ddf
524f3
53f41
524f4
4fd58
53f42
524f6
5b857
57b35
4fd5b
5b858
5834e
525de
53a7f
4fd5e
5842b
53f43
52c6b
58a84
52c6c
58d4f
5330a
4fd63
5842c
54307
4fd65
58a86
534da
58d51
534db
4fd68
5bda6
53f44
53a81
4fd6b
5c59b
5b85c
57b37
57ec6
5bda9
57ec7
58352
5bdaa
592da
5b85f
4ff17
50e3a
4fe2d
52f37
593b8
52c6e
4ff1b
593ba
4fe31
52b7f
58180
528b3
5be80
52b80
5c670
534de
4fe35
58184
58185
525e2
53a85
50c49
53a86
50c4a
4fe3a
5430b
50c4c
4fe3c
546d3
50c4e
4fe3e
5c675
4fe40
55a30
50c52
5be84
53e52
587c8
546d5
4fe44
587ca
55a35
525e4
57ec8
52f3a
5c12d
533fa
58434
533fb
52b86
5c679
57c1e
525e9
5be85
534e6
525eb
5c67b
52f3b
58514
52c70
4fe51
5be87
57784
5b698
57fb3
5b93d
5843a
53a8a
535cb
593be
58517
535cd
58e3a
57787
5be89
58518
535d0
5c67e
593c2
5851b
57788
4fe5f
58e3d
4fe60
57c21
5c681
5843d
4fe64
5851d
5c683
4ff1e
53c64
527c2
53c65
5000c
594a3
53c66
5000e
5078e
535d1
501e9
535d2
501ea
544e2
52f3f
501ec
547c5
53f46
501ee
54d8e
544e5
50796
52406
53b76
51e61
57cf5
526d6
57cf6
526d7
5c759
53b78
504c6
536b9
5bf69
55b1b
4ff34
547c7
5079a
588b3
544e8
4ff37
4ff38
535d5
4ff39
57fb9
526d9
53b79
526da
4ff3c
53b7a
526dc
5ba1f
5778d
4ff3f
5ba20
58522
527c4
53c67
4ff42
585ff
53b7b
52e4f
58c5e
52e50
58f23
52f42
4ff47
58525
544ea
536be
5bf6e
5809e
4ff4b
58c61
4ff4c
5ba23
594ab
53c69
4ff4f
5c763
5ba24
5778f
580a0
5bf73
580a1
58526
5bf74
594ae
5ba27
50101
5101e
50011
5311d
5958c
52e52
50105
5958e
50015
502db
53031
50017
52d64
50018
54028
50884
5001a
54029
50886
5001c
545e4
50888
505b3
533fd
5001f
533fe
50020
536c5
50021
57de7
505b7
5c04c
50024
55688
5088a
5c04e
53a8d
589a2
548ba
50028
589a4
5568d
527ca
580a2
53120
5bdad
53034
58608
53035
52d6a
5c2e9
57876
527cf
5c04f
536cc
527d1
5c2eb
53121
586e8
52e54
50035
58186
50036
587cd
50037
5c051
5860e
53c72
537af
59592
586eb
537b1
5900e
5795b
5c053
586ec
537b4
5c2ee
59596
586ef
57878
5c2f0
50044
59010
50045
59011
58611
50048
586f1
5c2f3
50108
52e55
54033
528b9
5c3c4
53124
503d0
5c3c5
53b7d
503d2
5c3c6
54122
503d4
50110
52e57
57ece
525ed
5c12e
52e58
5c3c8
537b8
50114
57ed2
57ed3
54124
50117
58a8b
5097d
55774
53b80
5c3cb
55776
50980
5231a
5795e
5231b
5bbe6
529a2
54127
52409
5967b
53126
586f2
53127
52e5c
5c3cd
57960
528c1
5c133
537be
528c3
5c3cf
57a48
5b3ec
57cfb
5bbe9
586f7
54037
537c0
5012c
58262
54129
5012e
588b8
538b0
590f9
538b1
50131
5c138
58266
5412a
50134
5c13a
58191
588ba
5c3d5
588bb
59682
5bbee
586fa
5c13d
52a96
544f3
502e4
55b21
544f4
502e6
529a4
54401
506ac
55a37
54402
506ae
526e0
53b81
5079e
53b82
5079f
54404
507a0
5c769
52f49
501fe
50a73
537c3
50200
52f4b
50201
546da
51022
50203
547cc
51024
50205
54d8f
51026
50a7b
53f4b
5c76b
55ddf
5020a
55067
5102b
590ff
547d1
5020d
5020e
53e5d
5020f
5826b
529ab
54408
529ac
50212
54409
529ae
5c223
57fc1
50215
5c224
587d6
52a98
544f5
50218
55b25
5440a
53129
58f28
5312a
5976f
537c8
5021d
587d9
547d3
53f50
5c770
588c0
55b29
50222
58f2a
53f54
59771
544f7
50225
5ca13
50227
5c774
5826e
50229
580ac
5c22a
580ad
5022c
5c22b
503d5
53a8f
502e8
539a6
53a90
502ea
5088f
536cf
502ec
536d0
502ed
53f55
502ee
58615
50893
5c2f6
502f1
50b66
538b9
502f3
5303f
502f4
547d7
51115
502f6
548be
51117
502f8
54e81
51119
5111a
591e6
53a92
5caee
548c2
502fd
55ecb
5111e
5caf0
591eb
539a7
5c5a0
580af
50302
53f5a
50303
588c7
53f5b
50305
5835c
53f5d
5caf2
588c9
53f5f
50309
53a93
589a6
539aa
53043
5030c
5843e
5030d
59013
5030e
5caf4
548c5
53a96
5c2fc
589aa
55697
50313
59014
53a9a
592df
53f60
50316
5c2ff
589ad
589ae
50319
580b2
5caf9
5031c
592e0
5031d
592e1
588cf
503d9
534eb
55778
5321e
504c9
5577a
503dd
5312f
586fc
52e5f
5c3d8
53130
5cbcc
53a9c
503e1
58700
58701
52b8e
54041
51204
54042
51205
503e6
548ca
51207
503e8
54c9e
51209
503ea
5cbd1
503ec
55fb2
5120d
5c3dc
5440e
58d56
54ca0
503f0
58d58
55fb7
52b90
58444
534ee
5c685
539ae
589b0
539af
53136
5cbd5
5819a
52b95
5c3dd
53aa4
52b97
5cbd7
534ef
5577c
53220
503fd
5c3df
57d00
5bbf0
5852f
5be95
589b6
54046
53b89
58a92
5577f
53b8b
50405
5c3e1
57d02
5be97
58531
5cbda
58a96
55783
55784
5cbdc
5040c
593ca
5040d
593cb
5be9a
5819d
50411
5cbdf
5330f
54a9f
52d6f
504cd
54aa0
55865
52c80
54130
50d4a
54131
50d4b
504d2
549bc
50d4d
504d4
54d91
50d4f
504d6
5ccb3
504d8
53223
58270
529b3
5c4be
53224
5ccb4
53b92
504dc
58274
58275
54aa5
504df
58e3f
50d54
5609e
54504
5ccb7
560a0
50d57
526e2
57d06
526e3
5bf76
53226
549bd
53227
52c87
58a9c
53b96
504ea
58537
52c8a
504ec
5c4c4
53311
54aa8
52d71
58b7b
58a9f
53c7a
594b0
57deb
5bcd5
549be
53b9a
504f4
55868
54aaa
504f6
5bf7a
58b7f
53c7f
594b2
57ded
5c4c8
5586c
54aab
504fc
5586f
5ccc0
5bf7d
57d0b
5861c
5c4cc
5861d
58aa2
5c4cd
52e60
54313
506b0
5594d
54314
506b2
50e3b
53c81
50896
53c82
50897
54aad
535e7
50899
54e82
54048
5089b
5543a
545ea
50e43
52aa6
54228
524ff
58361
52d74
58362
52d75
5c841
5422a
50b73
53d69
5c5a5
55c0b
505d2
54e84
50e47
58f31
545ed
505d5
505d6
53c85
505d7
5861f
52d77
5422b
52d78
505da
5422c
52d7a
5c05b
57df3
505dd
5c05c
58b88
52e62
54315
505e0
55951
53d6c
5959a
57ed5
5b861
5422d
535ea
505e5
58b8b
545ef
53d6e
5c5aa
58c68
55955
505ea
58d5c
53d72
5959d
54317
505ed
5c84b
505ef
5c5ae
58622
505f1
57ed8
5c062
57ed9
505f4
5c063
50987
536d7
506b4
53406
506b5
545f3
50f30
506b7
546e0
50f32
506b9
54ca1
50f34
5098f
525f0
53aa7
50c61
53aa8
50c62
5431b
50c63
5c687
53409
506c1
50f36
59018
53e68
5c926
546e4
506c5
55cf7
50f3a
5c928
5901d
537cb
5c3e8
57edb
506ca
53e69
587dc
537ce
52e69
5431d
52e6a
506ce
5431e
52e6c
5c13f
57edd
506d1
5c140
58c72
53044
58e44
53045
59685
5340d
506d6
5c92c
545f7
54411
506d9
587df
55a3e
53e6e
5c92d
58278
506dd
58e47
506de
5c691
587e3
587e4
5c144
57ede
5c931
506e4
59688
506e5
59689
58c77
507ac
53e71
560a2
535ec
508a0
560a4
507b0
53d7f
55fb8
534fa
50c68
55fba
507b4
534fb
58aa4
5322b
5ccc4
534fc
5cf70
54416
507b8
58aa8
58aa9
53e73
5ca18
5853b
507bc
54418
507bd
58d61
54419
507bf
587e8
5441b
5cf73
58d63
5441d
507c3
54507
58e4a
53e76
53501
507c6
58624
507c7
588d1
507c8
5cf75
54ca6
54ab5
507cb
58e4d
55b30
5c77e
58627
5cf76
58e4e
560ab
507d0
5cccd
58e51
58628
5ccce
58629
560ae
58e53
507d6
5ccd0
587eb
58d69
508a2
53f63
55c10
536e0
50992
55c12
508a6
535ef
58b8e
5331d
5c850
535f0
5d054
54510
508aa
58b92
58b93
53f65
5cafc
5862b
508ae
54512
508af
58e55
54513
508b1
588d8
54515
5d057
58e57
54517
508b5
5404d
58f34
53f68
535f5
508b8
5870e
508b9
589bb
508ba
5d059
54e89
54050
5c856
58710
508be
589bd
508bf
5c30b
58f39
54518
508c2
5c859
58f3b
58712
5c85a
58713
55c1c
58f3d
508c8
5862f
5d05f
58e5d
50994
53aa9
55cfa
537d2
50a84
55cfc
50998
536e3
58c78
5340f
5c934
536e4
5d138
54056
5099c
58c7c
58c7d
53aab
5cbe0
58715
509a0
54058
509a1
58f3f
54059
509a3
589c2
5405b
5d13b
58f41
5405d
509a7
54141
5901e
53aae
536e9
509aa
5827c
509ab
58aab
509ac
5d13d
54e8e
546ed
509af
59021
55788
5c3ee
5827f
5d13e
59022
55d03
509b4
5c93d
59025
58280
5c93e
58281
55d06
5d142
509ba
58719
5d143
58f47
50a86
53b9d
55de4
538c4
50b76
55de6
50a8a
537d5
587ec
52f61
5ca1a
537d6
5d21c
5414a
50a8e
587f0
587f1
53b9f
5ccd2
58283
50a92
5414c
50a93
59029
5414d
50a95
58ab2
5414f
5d21f
5902b
54151
50a99
54233
59108
53ba2
537db
50a9c
58366
50a9d
58b95
50a9e
5d221
54f80
547df
50aa1
5910b
55872
5c4d2
58369
5d222
5910c
55ded
50aa6
5ca23
5910f
5836a
5ca24
5836b
55df0
5d226
50aac
5ca26
58ab5
59031
50b78
53c8f
55ece
539b6
50c6c
55ed0
50b7c
538c7
588dc
53055
5cafe
538c8
5cda8
5423c
50b80
588e0
588e1
53c91
5c85e
5836d
50b84
5423e
50b85
59113
5423f
50b87
58b9c
54241
5cdab
59115
54243
50b8b
54325
591f2
53c94
53502
58c7e
53503
592e3
538cd
50b90
5cdad
55072
548d1
50b93
591f5
5595c
5c5b6
58453
5cdae
591f6
55ed7
50b98
5cb07
591f9
58454
5cb08
58455
55eda
591fb
50b9e
5cb0a
58b9f
5911b
50c6e
539b9
589c6
53147
5cbe2
539ba
5ce8c
5432e
50c72
589ca
589cb
53d86
5c942
58457
50c76
54421
58d6a
53d89
53417
548d6
53418
50c7a
548d7
5341a
5c697
58459
50c7d
5c698
59200
535f6
587f2
535f7
593cd
539bf
50c82
5ce91
54bb8
549ca
50c85
58d6d
55a46
5c69a
58543
5ce92
58d6e
55fc1
50c8a
5cbeb
58d71
58544
5cbec
58545
55fc4
58d73
50c90
5cbee
58c89
59205
50d5e
54429
56624
53ba7
50e52
56626
50d62
54337
5653a
53ab5
5121a
5653c
50d66
549ce
50d67
58d75
53509
54f83
5350a
50d6a
54f84
5350c
5ccd5
58ab9
50d6d
5ccd6
592ec
535fa
55075
50d70
56629
54f85
53c98
58ba0
53c99
58e5f
5433b
50d75
592ef
5534c
54ac3
5d22c
560b2
50d79
58ba3
50d7a
5ccd9
593d7
55077
50d7d
5d4dd
58ba4
5d4de
58ba5
593da
50d81
58aba
5d4e0
50d84
5ccdd
50f42
54604
50e55
5451c
54605
50e57
53056
58ba6
53057
5c860
53baa
5534f
53bab
535ff
593de
54acb
50e5e
58e67
53602
50e60
5cdb6
53c9c
5543d
536ed
594bd
593e1
54607
58f48
55961
5c5bd
55350
54608
594be
56199
5460a
58f4a
55963
5cdb9
5619a
5460d
5d5c0
55351
5619c
55440
50e70
58f4c
50e71
58f4d
50e73
5cdbd
58e68
50e75
593e4
5cdbf
537dc
54cab
51035
5627d
54cac
51037
536ee
58f4e
54064
5d146
54521
594c6
54522
53ca0
5d69f
58c92
536f3
5ce99
54613
536f5
5d6a1
54065
56280
53d8f
50f55
5ce9b
55a4a
5c6a0
55d09
5c947
594cc
54bc1
546fa
595a8
56283
546fc
59034
55a4d
5ce9d
56284
546ff
5d6a4
595ac
56287
55a4e
5c94a
55a4f
50f64
5cea1
595af
5c94c
58c95
50f69
5d6a9
53e7e
5561f
538cf
5103a
55620
56369
54155
5d234
587ff
5103e
54701
5103f
595b1
54702
51041
5903a
54704
5d784
595b3
54706
51045
547ea
59690
54158
53d93
51048
55df2
51049
588e3
5104a
5d786
55535
54da0
5104d
59693
55b36
5ca2c
55df5
5d787
59694
5636f
51052
5cf85
59697
55df6
5cf86
55df7
56372
5d78b
51058
5cf88
5903d
595b9
5112a
54245
56450
53f71
5121e
56452
5112e
547f2
5112f
59123
538d3
54da2
538d4
51132
54da3
538d6
5cb0d
588eb
51135
5cb0e
5969e
539c2
54e91
51138
56455
548dd
59206
556a3
5c311
54da4
5415b
5113d
596a1
55168
548df
5d066
55ede
51141
589cf
51142
5cb11
5977f
54e93
51145
5d315
589d0
5d316
589d1
59782
51149
588ec
59127
5114c
5cb15
5341e
589d2
5341f
5cbf0
53abc
5525c
53511
592f3
5424b
59784
5424c
53f76
5d3f3
589d4
539c9
5d147
548e9
539cb
5d3f5
5578c
5c3f4
55fc7
5cbf3
59789
5516c
548eb
51230
56540
5525e
51232
58abe
549db
58d7d
549dc
51235
5d14c
56544
5525f
51238
58d7e
51239
58d7f
5cbf7
56547
59210
5123d
5978c
5d151
547fa
5130c
518b7
53058
547fb
518b9
51310
5a692
527d8
51b8c
5516e
547fd
51b8e
59daa
55171
528c8
55df8
57214
55b3b
5131a
57215
569dc
5b4d3
5131d
5131e
54e99
547ff
54800
588ee
51321
56377
55b3e
5a693
59129
54804
59e8f
55446
51328
569dd
51329
569de
5a5ae
5637b
5993a
55e00
55b43
5ca33
57219
5912b
5132f
5ca35
513fd
519a9
5222d
51400
54e9c
528ca
519ad
51403
54f8a
5231c
51405
54bc2
55262
51408
5b05e
5140a
5645e
5a85a
55ee3
528d1
5a85c
56d84
5140e
528d4
53abe
55537
55264
556aa
59212
548f3
59a1b
55ee6
51415
5978f
59a1d
5a778
51419
556ad
56d85
556ae
56d86
5141c
589da
5cb16
56466
55eeb
5141f
59940
59791
59941
51423
515e0
5231e
5240f
51a9d
55265
529bb
549e0
51b8f
55629
52412
51d71
55353
514f9
5b142
514fb
52415
56bae
514fd
56549
56baf
514ff
573ea
52419
5ae97
5415c
51503
59dad
55fce
592fc
55795
51506
5654c
549e7
59b00
51509
5150a
55080
55fd1
573eb
55fd2
573ec
55799
58d82
5150f
59a23
56551
56bb3
51512
59b04
51514
59f76
54ad0
52501
518bc
55448
515e5
51b91
5332e
54ad2
51b93
515e9
5a3e6
52504
51e67
52505
52506
5587c
56f56
52508
5aa23
56f57
5250a
5af7b
5aa25
5b780
54ad4
54526
515f6
56634
59be2
560b9
54ad8
5a13b
58bad
515fa
54adb
54bc5
5d31a
56637
59b06
56638
5a059
560bd
593e8
55884
51602
59be7
56f5b
58baf
5cce0
59be9
5a306
516d4
52e76
5406b
516d6
51c82
51f58
516d9
54bc7
525f5
51c86
516dc
54cb5
5a13d
5553c
526e4
55c24
575bc
55967
516e2
575bd
56808
5b30b
516e5
516e6
54cb6
5461b
5461c
58c96
516e9
561a3
5596a
5a4cb
58f55
54620
5a220
55268
516f0
56809
516f1
5680a
5a3e9
561a7
59cca
55c2c
5596f
5c86b
575c1
58f57
516f7
5c86d
517c6
54da9
5213d
517c8
54f90
5562e
517cb
52c91
5204b
517cd
5b3ee
54cba
5a221
5562f
527e2
55d0e
576a6
55a51
517d4
576a7
568f2
5b3ef
517d7
517d8
54daa
5470d
5470e
58804
517db
5628d
55a54
5a5b1
5903f
54712
59daf
5535a
517e2
568f3
517e3
568f4
5a4cd
56291
5985a
55d16
517e6
59ccf
576ab
59041
517e9
59cd1
518bf
51d79
526f1
52d85
51e6b
518c4
5abee
518c6
52d88
56f5c
518c8
568f7
56f5d
518ca
57792
52d8c
5b782
55a5a
58e6e
54db0
59e95
56381
54db2
5a3eb
59e97
5abf0
518d4
568fb
5cf8a
596ab
560c6
5721d
560c7
5721e
518d8
59db1
568ff
56f61
518db
5cf8d
519b2
51f5b
527e4
519b5
5bb0e
5544e
5a3ed
519b9
569e0
5adb5
56469
52e7d
5adb7
57306
519bd
52e80
54ea1
569e2
519c0
59793
55c31
519c2
569e4
54ea5
5a4d0
59bee
5646d
59f7c
58f5b
519c8
57049
519c9
5704a
5abf1
569e8
56471
519cc
59e9e
59f7f
5abf2
51aa5
5204e
537e8
52f68
54f92
528d7
52aaf
56552
57964
55d19
51aad
57965
57132
5bbf3
51ab0
51ab1
56554
5a05c
59043
54f95
5a05e
56556
51ab5
54f98
55631
55d1d
59302
556b5
5d153
56ad0
59f80
56ad1
5a4d2
5655a
55d21
5d154
57969
51ac0
5a4d3
55083
51b98
53059
52ab1
52142
51b9b
52ab2
55e02
574d8
52ab4
5af7e
574d9
52ab6
5b4d5
5af80
5bcd8
55e04
593ea
5579d
51ba5
56bb7
55e06
5a943
51ba8
51ba9
5579e
5912e
51bab
5a145
56642
57a51
56643
57a52
55e0a
51baf
5a146
574dd
5a067
51bb3
51d7a
5250d
52ba2
52233
51c8c
5aa26
51c8e
52ba5
56d88
51c90
56723
56d89
51c92
57b3a
52ba9
5b5ba
55886
59216
54bcc
5a225
561ad
54bce
5a77b
5a227
5aa28
51c9c
56727
5cdc2
594d7
55ef2
575c5
55ef3
575c6
51ca0
5a149
5672b
56d8d
51ca3
5cdc5
51d7b
52324
53512
5323e
54cbc
52601
52d8e
56294
57c22
55fd7
51d83
57c23
56e74
5b947
51d86
51d87
56296
59db4
58d85
54cbf
59db6
56298
51d8b
54cc2
5535c
55fdb
595c0
55973
5cea7
56812
5a22c
56813
5a77e
5629c
51d93
5a22d
57c27
5cea9
5a77f
5535d
51e6f
5241f
53bb1
538dc
5a863
51e74
56e78
5b783
56901
53336
5b785
57798
51e78
53339
5535e
56902
51e7b
593ef
56649
51e7d
56e7c
55362
5a948
55fe2
593f0
55a61
5d4e4
56e7e
5a30c
56e7f
5a864
56908
5664f
5d4e5
57d11
51e88
5a865
5544f
51f62
539cd
53425
52d91
53426
569ea
57df6
561b5
51f68
57df7
575ca
5c067
51f6b
51f6c
561b6
5a4d4
560cb
55452
5a4d6
569ee
51f70
55455
55b4a
56f67
51f73
5a4d9
569f0
57df9
569f1
57dfa
561bc
51f77
5a4da
57885
5a3fb
51f7b
52143
52e81
52f6a
52604
52056
52f6c
5629e
5796a
52f6e
5b3f4
5796b
52f70
5b949
5b3f6
5c14c
55c38
595c2
556b7
52060
5704f
562a2
5adb9
52063
52064
56ad9
5d6ab
595c5
562a4
5796d
562a5
5796e
52068
5a4dd
57055
576b7
5206b
5d6ae
52144
526f4
529c8
52147
5c22e
52149
5305f
57220
5214b
57137
57221
5214d
57fcc
53063
5ba2e
557a0
57138
55635
5a69d
56bc1
55637
5abf3
5a69f
5ae9e
5638d
5a6a0
55d25
52158
57223
52159
57224
5adbb
5713e
56bc7
5215c
5a5c2
5a6a3
5adbc
52237
527e7
53f79
536f8
5abf5
5223c
56ca4
5b5bb
5672d
53153
5b5bd
57b40
52240
53156
5517a
5672e
52243
59797
56475
52245
56ca8
5517e
5acd8
55e0e
59798
5588d
5d31c
56caa
5a6a4
56cab
5abf6
56734
5647b
5d31d
580b9
52250
5abf7
52bab
53240
528da
5232c
53242
5655c
57c28
53244
5b6a0
57c29
53246
5bbf5
5b6a2
5bea0
55ef6
59304
55975
52336
56d91
56560
5b067
52339
5233a
5681b
5d3ff
59307
56562
57c2b
56563
57c2c
5233e
5a316
5681f
573f9
52341
5a78b
52421
529cb
5415f
53e89
5adbd
52426
573fa
5bcdb
56e83
538e2
5bcdd
57d14
5242a
538e5
557a4
56e84
5242d
59a28
56e85
5828b
56e86
5828c
56bcd
5a94e
57400
57d17
59a2a
52435
52abc
5333c
52515
5c5be
52517
539d3
57b44
52519
574e5
57b45
5251b
58374
539d7
5bdbe
560ce
574e6
5588f
5aa31
574e7
5a950
574e8
5aea2
56f71
52523
5a951
58377
5aa33
5aea3
5342d
53516
52bb0
52608
53518
56820
57ee6
5351a
5b94c
57ee7
5351c
5bea1
5b94e
5c6a4
561be
59bef
55c3d
52612
57c31
52613
57c32
5b787
575d3
56826
52616
5aa36
52618
5b788
526f8
53bb2
53609
52f75
536f9
57140
58546
5690b
526fe
58547
5779e
5c787
52701
52702
5690c
5abf8
562a9
5690d
57fd3
5690e
57fd4
52706
59cd5
57146
577a1
52709
5ab1b
527e9
52d93
54527
53ca5
5b14d
527ee
57226
5bb13
56caf
536ff
5bb15
580bc
527f2
53702
55b4c
56cb0
527f5
59860
56cb1
58633
56cb2
58634
569f9
5acde
5722c
580bf
59862
527fd
52e84
53158
528dd
5c3f6
528df
537ef
57970
528e1
57311
57971
528e3
5871c
537f3
5c14e
55efa
57312
556bb
5a86d
57313
5ace0
57314
5b232
56d9d
528eb
5ace1
5871f
5a86f
5b233
537f5
53e8a
52f78
529d0
53e8c
57147
5828e
53e8e
5c234
5828f
53e90
5c789
5c236
5ca38
56ae5
59f84
56569
529da
57fd9
529db
57fda
5bb17
5797b
5714d
529de
5adc2
529e0
5bb18
52ac0
54528
53f7e
538e9
53f7f
574eb
588f2
56cb6
52ac6
588f3
580c2
5cb1b
52ac9
52aca
56cb7
5af88
56bd0
56cb8
5837b
56cb9
5837c
52ace
5a06a
574f1
580c5
52ad1
5aeab
52bb1
5315b
548f8
5406f
5b4dd
52bb6
57b4a
5bea3
575d6
53ac8
5bea5
58464
52bba
53acb
55efc
575d7
52bbd
5a14d
575d8
589df
575d9
589e0
56da4
5b06e
57b50
58467
5a14f
52bc5
5324c
53520
52ca5
5cce2
52ca7
53bb8
57d18
52ca9
57c35
57d19
52cab
58ac8
53bbc
5c4de
562aa
57c36
55fe7
5b151
57c37
5b070
57c38
5b5c2
576c4
52cb3
5b071
58acb
5b153
5b5c3
53611
53ca7
53340
52d98
53ca9
56f73
58636
53cab
5c06c
58637
53cad
5c5c1
5c06e
5c870
56911
59dbc
56395
52da2
57e05
52da3
57e06
5b94f
577a7
56f79
52da6
5b156
52da8
5b950
52e88
54344
53d9a
53705
53e93
57317
58c9a
5705e
52e8e
58c9b
57eee
5c953
52e91
52e92
5705f
5adc4
569fc
57060
58723
57061
58724
52e96
59ea2
5731d
57ef1
52e99
5b23b
52f79
53523
54cc3
549ec
5b86d
52f7e
57ef2
5c78b
5797e
5443d
5c78d
58810
52f82
54440
562ac
5797f
52f85
5a4e1
57980
58d8b
57981
58d8c
576cb
5b3fe
57ef8
58813
5a4e3
52f8d
53614
53e95
5306d
5d072
5306f
5452e
5863c
53071
57fdd
5863d
53073
58e74
54532
5c872
56bd1
57fde
56397
5b4e1
57fdf
5b400
57fe0
5b952
57a6c
5307b
5b401
58e77
5b4e3
5b953
53f86
54071
53708
53160
54073
5731e
589e2
54075
5c3fc
589e3
54077
5c955
5c3fe
5d158
56cbc
5a6a8
56740
5316a
58729
5316b
5872a
5c237
580cb
57324
5316e
5b4e6
53170
5c238
53250
54715
54164
53ace
54254
57c3b
59046
57409
53256
59047
58296
5d23b
53259
5325a
5740a
5b6a8
56da7
5740b
58acf
5740c
58ad0
5325e
5a78e
57c41
58299
53261
5b5cb
53341
538eb
5508b
54808
5bbfd
53346
57d1e
5c5c3
577aa
5425a
5c5c5
58bb8
5334a
5425d
56654
577ab
5334d
5a319
577ac
59133
577ad
59134
574f7
5b78e
57d24
58bbb
5a31b
53355
539dc
53cb1
53435
5ceaa
53437
5434a
58468
53439
57e09
58469
5343b
5921c
5434e
5cc02
569fd
57e0a
561c3
5b31d
57e0b
5b790
57e0c
5bce2
57898
53443
5b791
5921f
5b31f
5bce3
54350
549ed
53ad1
53528
549ef
57c42
58d8e
549f1
5cce8
58d8f
549f3
5d23d
5ccea
5d4e9
575e3
5aa38
57067
53532
58ad5
53533
58ad6
5c5c7
58473
57c48
53536
5b872
53538
5c5c8
53618
5508c
54ae1
54444
54ae2
57fe3
593f2
577b1
5361e
593f3
58bbe
5d5cc
53621
53622
577b2
5ba38
576ce
577b3
58e7b
577b4
58e7c
53626
5ab1e
57fe9
58bc1
53629
5b95b
53709
53cb4
55456
54bd3
5bf8d
5370e
58642
5c957
580ce
5462b
5c959
58f64
53712
5462e
569ff
580cf
53715
5ac01
580d0
594df
580d1
594e0
5789f
5bb1e
58648
58f67
5ac03
5371d
53da5
5407b
537fd
5d793
537ff
5471b
58814
53801
5872d
58815
53803
595c8
5471f
5cf92
56da8
5872e
56aea
5bc01
5872f
5bb20
58730
5c072
581bc
5380b
5bb21
595cb
5bc03
5c073
5416c
5480a
53e99
538f0
5480c
57a6e
59136
5480e
5cb20
59137
54810
5d075
5cb22
5d321
5740f
5a870
56e93
538fa
58901
538fb
58902
5c3ff
5829f
57a74
538fe
5bc06
53900
5c400
539e0
54ea8
548fd
54260
549f6
57e0f
5979a
57b59
539e6
5979b
589ea
5d404
539e9
539ea
57b5a
5b874
574fa
57b5b
59223
57b5c
59224
539ee
5a956
57e15
589ed
539f1
5bceb
53ad2
5407e
53ad4
54f9d
556bc
59052
54f9f
59a2c
556be
53ad9
589ef
59a2d
5d242
58477
5bdc8
58478
5c31e
59057
56daa
58479
53ae0
5af91
5847a
53ae2
5bdca
53ae4
5cb24
53bc5
59b0f
53bc7
55091
58ad8
53bc9
593f9
55093
5cdcc
58560
55095
55096
57d2e
593fb
57d2f
593fc
557ab
53bd1
57d30
5bf90
57c4a
57d31
5bf92
58ade
5bf93
5c403
54ae9
55181
5c4e5
53cba
58649
5ceaf
59227
53cbc
594e4
57e17
53cbe
53cbf
55893
59229
55894
5922a
53cc2
5bf95
577b7
5b158
5723e
53cc5
5b15a
5864f
5b15b
53cc9
54353
54cc7
54630
54db8
57f00
595cc
5597b
5d4ea
58d96
54ccc
5cf95
5d4eb
53db2
58cae
53db3
58caf
5c877
595d1
57327
58cb0
57069
5c159
58cb1
57f06
53db9
5c07b
53e9a
54446
53e9c
54dba
55a64
58e7e
54dbc
59864
55a66
53ea1
5881b
59865
5d07a
582a3
5c15c
582a4
5c6ae
58e83
57152
582a5
53ea8
5adc9
582a6
53eaa
5c15e
53eac
5c95c
53f8d
59947
53f8f
54ead
58904
53f91
597a1
54eaf
5d15c
5838c
54eb1
54eb2
580d6
597a3
580d7
597a4
55b53
53f99
580d8
5bdcc
57a76
580d9
5bdce
5890a
5bdcf
5c793
54eb3
54081
5554b
589f5
54083
595d3
5554d
5d799
589f6
5554f
55550
55c43
595d5
55c44
595d6
556c7
5408b
5873e
5c404
580dc
5873f
5c406
58f74
5c407
5c87b
54fa5
54173
5563e
58adf
54175
596bd
55640
5d325
58ae0
55642
55643
55d2d
596bf
55d2e
596c0
557b1
5417d
582ac
5c4e8
581c6
582ad
5c4ea
5905e
5c4eb
5c95f
55097
54265
55184
58bc9
54267
597a7
55186
5d409
58bca
55188
55189
55e17
597a9
55e18
597aa
5589b
5426f
58396
5c5cc
57d34
58397
5c5ce
59148
5c5cf
5ca43
54bdd
54357
55276
58cb3
54359
59315
55278
5d4ed
58cb4
5527a
5527b
55f01
59317
55f02
59318
55985
54361
58480
5c6b0
57e1e
58481
5c6b2
59232
5c6b3
5cb27
54ccf
54449
55368
58821
5444b
593ff
5536a
5d5d1
58822
5536c
5536d
55feb
59401
55fec
59402
55a6f
54453
5856a
5c794
57f08
5856b
5c796
58da0
5c797
5cc0b
54dc1
5453b
5545a
5890b
5453d
594e9
5545c
5d6b5
5890c
5545e
5545f
560d5
594eb
560d6
594ec
55b59
54545
58654
5c324
57ff2
58655
5c326
58e8a
5c327
5ccef
55460
54634
58cba
54635
58cbb
5d5d4
561c6
580dd
594f0
578a6
5c961
594f1
58cbe
5463b
5c87f
54724
55553
55d30
595d8
55d31
595d9
55a72
54729
5882a
5ca44
58742
5882b
5ca46
595dc
5ca47
5ceb7
55644
54818
58912
54819
58913
5d79c
5639a
57d35
596c4
57a7a
5cb29
596c5
58916
5481f
5ca4b
54908
5518b
55f04
597ac
55f05
597ad
556ca
5490d
589fe
5cc0c
5839a
589ff
5cc0e
597b0
5cc0f
5d07f
5527c
549fc
58ae6
549fd
58ae7
5d40c
5656e
57f09
5931c
57c4e
5ccf1
5931d
58aea
54a03
5cc13
54aec
5536f
560d8
59404
560d9
59405
5589e
54af1
58bd2
5c880
5856e
58bd3
5c882
59408
5c883
5d247
55f07
594f3
558a0
59239
558a1
5923a
54be3
5bf99
5923c
55f09
54be6
5bf9a
5d32b
54be9
55ff1
595dd
5598a
58da7
5598b
58da8
54cd5
5c07d
58daa
55ff3
54cd8
5c07e
5d40f
54cdb
560db
596c7
55a74
58e91
55a75
58e92
54dc7
5c161
58e94
560dd
54dca
5c162
5d4f3
54dcd
55c49
597b1
55b5e
58f7b
55b5f
58f7c
54eb9
5c245
58f7e
55c4b
54ebc
5c246
5d5d7
54ebf
55d33
5931f
556cc
59065
556cd
59066
54fab
5bdd1
59068
55d35
54fae
5bdd2
5d6bb
54fb1
55e1d
59409
557b6
5914f
557b7
59150
5509d
5beb5
59152
55e1f
550a0
5beb6
5d79f
550a3
55e20
597b6
558a5
56cc3
558a6
59153
5518f
5c4f1
55e24
5648a
55192
5c4f2
5a06f
55195
55f0a
59324
5598f
56dad
55990
5923d
55281
5c5d5
55f0e
56574
55284
5c5d6
5a153
55287
55ff4
5940e
55a79
56e97
55a7a
58dab
55373
5c6b9
55ff8
5665e
55376
5c6ba
5a237
55379
560de
594f8
55b63
56f81
55b64
58e95
55465
5c79d
560e2
561cc
55468
5c79e
59dc3
5546b
55c4c
595e2
556d1
5706b
556d2
58f7f
55557
5c329
55c50
562b6
5555a
5c32a
59ea7
5555d
55d36
596cc
557bb
57155
557bc
59069
55649
5c40d
55d3a
563a0
5564c
5c40e
59f8b
5564f
56bdb
59a34
557c1
5cc14
556d8
5d7aa
5beb9
556da
55b67
5d6c4
556dd
5c32c
5e222
5d16e
55b6b
5e224
556e1
5706d
5d6c7
56af4
55c53
595e9
556e4
58f82
595eb
556e6
5d254
59ce0
55c58
5c32f
556e9
5c081
55c5a
5d7ad
5c331
595f2
595f3
5c082
5d6cb
5bb2b
5f740
5c333
556f1
5f742
5d6cd
5f744
56af5
5d171
56576
556f6
56daf
5a6ac
56af8
55f11
597bb
556f9
59240
5648f
556fb
5bdd8
5d6cf
59957
56492
556fe
5a238
56494
56495
55f1a
5d173
56497
5a23a
55704
5dcbf
59a3f
5649b
5e3f1
5dcc2
5dcc3
58489
5bdda
581cc
5932c
5bddb
5891c
5932d
5570e
5bb2c
5d174
5b5d1
55710
5d175
59331
59074
5d500
5ccf9
59334
59335
5d25b
59079
55718
5d502
5907b
5f65c
5dfe7
5dfe8
5b5d2
5c96e
59337
5c96f
5b87c
5f48f
5cc17
5bde1
5933b
5bde2
5d6d1
5cb39
5d17b
59a41
5d25e
55726
5d8b4
5d260
59a44
5b87e
5f493
5cc1a
5bde4
5572c
5d6d3
5d17e
5d17f
5bebb
5e29d
5d846
5dbd8
55732
5f501
5d8b8
5dbda
55735
55736
5e2a0
5f503
5f5e9
557c6
5cddc
59b19
5cddd
558ac
5e057
5c4f9
558ae
563a1
59ce1
55d3e
596d2
58aef
5c970
582b6
557cf
5a070
596d6
557d1
5cde0
5bc0c
5cfa4
596d9
5cfa5
5c41a
55d47
557d6
557d7
55d4a
5ca4e
557d9
5ca4f
55d4c
5d7b8
5bebd
55d4e
557dd
55e25
59413
557df
59156
56577
59a46
55ffa
57416
58af1
5d181
5657a
557e4
59b1d
5657c
5cc1e
55fff
557e7
59dc4
5657f
557e9
557ea
5d5e1
5bebf
557ec
56584
5dd31
59b22
557ef
5e463
5d5e3
56588
557f2
557f3
59157
5cc20
58af4
58a0d
5cc21
557f7
5cde3
59418
5c4fa
5915b
5c4fb
5941a
557fb
5d26b
5c885
5915f
557fe
557ff
59162
5f6cc
5dda5
5c887
5f6ce
5d5e7
59166
55805
55806
5bec5
5f504
5bc13
55808
5ccfe
59423
5580a
5f508
5580c
5cc22
5580d
5580e
5d8bd
5c4fe
5d926
5cdeb
55811
5e05c
5e05d
5cd01
55814
5f664
5cc24
5c425
55817
55818
5f665
5cd03
5c426
5c5da
5f573
5dc4c
5581d
5581e
5f575
5d92c
55821
5dc4e
55823
55993
56834
558b1
5c5dc
5e0c9
5cec6
55997
5e0cb
558b5
56cc5
5d340
5674c
55e29
597bf
558b8
59169
597c1
558ba
5cec7
597c3
55e2e
5c501
558bd
5c249
55e30
5d41e
5c503
597c8
597c9
5c24a
5d344
5bcf3
5f826
5c505
558c5
5f828
5d346
5f82a
5674d
5cdf2
561ce
558ca
56f83
5a31d
56750
560e5
59426
558cd
58e98
56665
558cf
5bfa2
5d348
59b2d
56668
558d2
5a155
5666a
5666b
560ee
5cdf4
5666d
59eac
558d8
5daf3
59c08
56671
5e4d7
5daf6
5daf7
5865d
5bfa4
57e24
59500
558e0
5c50a
59501
558e2
5bcf4
5cdf5
5b799
558e4
5cdf6
59505
5924a
5d6d9
5c972
59508
59509
5cecf
5924f
558ec
5d6db
59251
5f748
5de1b
5de1c
5b79a
5cb41
5950b
5cb42
5ba44
5f579
5c88c
5bfab
5950f
5bfac
5d34a
5cd0b
5cdfc
59c0a
5ced2
558fa
5d99a
5ced4
59c0d
5ba46
5f57d
5c88f
5bfae
55900
5d34c
5cdff
5ce00
5c087
5e0d1
5d934
5dcc4
55906
5f335
5d99e
5dcc6
55909
5590a
5e0d4
5f337
5f6d9
5599a
5cfa8
59ce3
5cfa9
55a80
5e13d
5c6c1
55a82
561cf
59c0e
55c65
575ea
58cc3
5ce01
561d2
559a3
59ce5
561d4
5c893
55c6a
559a6
59f90
561d7
559a8
559a9
5d7c2
5c089
559ab
55f1e
5933e
559ad
56db2
5848b
5c5e6
55f21
59341
59a4d
55f23
5d509
59cea
59345
5cc25
55f26
5cc26
59347
559b6
5d429
5d50b
559b9
5c5ea
5f5ea
5bdeb
559bb
5ceda
55f2e
559bd
5f5ee
559bf
58daf
5d42d
5683a
561dc
5db65
59cec
559c3
5e549
5d7c4
561e0
559c6
559c7
58db1
5c895
58cc8
58be1
58cca
559cb
5cfaf
595f9
5c6c2
58db5
5c6c3
595fb
559cf
5cedf
5ca55
58db9
559d2
559d3
58dbc
5f7b8
5de8b
5ca57
5f7ba
5d7c8
58dc0
559d9
559da
5c091
5f338
5b887
559dc
5c977
59604
559de
5f33c
559e0
5c897
559e1
559e2
5d9a3
5c6c6
5da0c
5cfb7
559e5
5e142
5e143
5c97a
559e8
5f750
5c899
5c5f1
559eb
559ec
5f751
5c97c
5c5f2
5c7a2
5f3a7
5dd38
559f1
559f2
5f3a9
5da12
559f5
5dd3a
559f7
55b6d
56a08
55a85
5c7a4
5e1af
5d090
55b71
5e1b1
55a89
55d51
576d3
55a8b
5715a
562be
5c97d
55d54
59608
59871
59872
55d57
5a5c8
59874
55d59
5c6c8
55a93
5c980
5a075
562c7
5d511
56921
56009
59429
55a98
58dc2
5ceea
58834
5600c
5942d
5600e
5d5ec
59b31
56010
5c6cb
55a9f
5becf
56012
55aa1
5d515
59434
5b966
5d279
56016
5d27a
5c16e
5f669
5cfbf
5c6d0
5601a
563a3
59cf7
560f1
596df
5a076
55aac
5dbdd
59879
562cb
5e30b
5dbe0
5dbe1
582b7
5c170
57ff8
596e1
55ab4
5c6d2
596e2
55ab6
5b968
5cfc1
5b409
55ab8
5cfc2
596e6
58ea2
5d352
5cb45
596e9
596ea
5d099
58ea7
55ac0
5d354
58ea9
5f82e
5df01
5df02
5b40a
5cd13
596ec
5cd14
5bc14
5f3ad
5ca5c
5c177
596f0
5c24e
5d5f1
5987c
5e1b4
5da81
5da82
5c178
5d51a
5c984
5cfc8
5bc16
5f3b1
5ca5f
5c17a
55ad4
5d51c
5cfcb
5cfcc
5c24f
5e1b7
5daf8
55ad9
5f41b
5d51d
5da84
5dafa
55add
55ade
5e1ba
5f41d
5f7c5
56a09
5d0a2
564a1
55b75
55e3b
57241
56a0c
59dca
563a8
55b79
5916b
5d7c9
59881
55e40
5c7ac
55b7c
5ca64
5995e
5995f
55e44
5d432
5a159
563b1
5d5f6
56a0d
560f3
59513
55b84
58eac
5cfce
58920
560f6
5d6de
59962
59518
55b89
5bfb2
5d5f8
5ba49
55b8b
5d5f9
5951c
560fd
560fe
5ba4a
5ce05
56100
5ce06
5c252
5f6dc
5d0a6
5c7b4
56104
59963
5e37b
5d188
563b4
55b98
5dc52
5d189
563b7
580e1
597cc
55b9c
58f88
58923
5c255
58f89
5d6e2
5b4ec
5c89e
597d0
5c89f
5c257
58f8d
55ba4
5d18c
597d4
58f90
58f91
5c427
55ba9
5f5f1
5d18f
55bab
5df73
5d190
58f97
597d7
5c343
55baf
5c344
597d9
5d0ab
5bcf9
597db
55bb3
59884
5d0ad
59885
59886
55bb7
5cb4a
5e226
5d6e4
59969
55bba
55bbb
5d0af
5bcfb
55bbd
5d84c
5c7b8
5c25f
5da8b
5da8c
5f426
5d194
5f5f6
5df77
5c7ba
5d195
5d196
5f5f8
5e22c
55bc9
5df79
5f427
5715b
59cfb
55d5f
5c986
55c76
5d7cc
5c42c
55c78
56105
57072
55c7b
5c347
5e4da
59eb2
56109
5e4dc
55c7f
5c5f3
5d9a9
5c349
55c81
5d9ab
5c5f4
55c83
5d9ad
55c85
5732d
5ac04
57074
564a4
5a792
59a50
56a13
5c8a7
564a7
5c8a8
56a15
55c8c
5d0b7
59f99
564ab
564ac
59a51
5e6a0
5a795
56a1c
5e6a2
5df7d
5d7ce
56a1f
58eae
58f99
55c98
5d7cf
5960a
5e2a2
5d7d0
5960c
55c9c
5e2a5
5e2a6
5c34e
5dafc
5d6ee
5c34f
55ca1
55ca2
5c988
5e551
5d7d3
59d00
59eb9
59fa0
55ca7
55ca8
5d6f0
5bdef
55caa
5db01
5d852
5d6f2
5c989
55cae
5de94
5ca6d
5f7c7
5de96
5d7d7
5d853
5de97
5db03
55d63
55e48
5d356
5a079
5d357
59889
55d67
5d27e
5e311
5c17e
5d51e
59d02
5da1d
5c98c
5c17f
5da1f
5d7d9
5da21
5715d
5a4e7
56afa
55d71
5a07b
56afc
56590
5c431
55d74
5c432
56592
5d19e
59fa5
56b01
55d78
55d79
56b04
5dfed
59b36
55d7c
5dfef
5a081
56b08
55d7f
55d80
5c98f
59083
5ce07
55d83
5d937
5cb4e
55d85
5e065
5d93a
5d93b
5a082
5d35e
5988b
5e313
5e314
5c434
5db77
5d7dd
5c435
55d8e
55d8f
55d90
5e315
5e316
5d280
55d93
5f7cb
5d1a3
5d7e0
5c439
5c512
5e317
5d93c
55d99
5e069
5d93e
55d9b
55d9c
5d93f
55d9e
5e319
5996b
55f32
5996c
5ce09
55f34
5e382
5cb53
55f36
5988d
5d0bc
563b9
5d364
5988f
563bb
5d603
5c514
563bd
56be3
5a086
56677
57a7c
59890
5d283
56be6
5d367
59c23
5667b
55e5f
5a160
56bea
5667e
5a958
5a162
55e64
5a405
56bef
5e787
5d43f
56bf1
55e68
5e78a
5e78b
5c517
59085
59c27
5e0d5
5ceee
597df
5e0d7
5d9b2
5d443
597e2
59892
5d287
59893
55e74
5d36a
5ca7a
5a166
5d444
5996f
5e386
5e387
5dbee
5dc58
5dc59
5c51a
5f83d
5d941
5ca7b
5c51c
55e80
55e81
5dc5a
5d447
5f5fa
5df81
5d448
5f5fc
5e38b
55e87
5f5fd
5dc5c
56e9d
59a55
5601d
5cc36
55f3a
5d522
5c6da
55f3c
561ea
57b65
55f3e
575ec
56753
5cb56
561ed
5cb57
56755
55f42
5a4e9
5a16c
561f1
55f45
5a796
5675a
5675b
5bdf0
5d6f3
59974
5d855
5cb5a
5bdf1
5d857
5d44d
5d859
5a247
55f4f
5de22
5a248
55f51
5e7fc
5de25
5de26
59256
5c5fd
5934b
5da22
59d0f
55f58
5da24
5cd17
5934f
55f5b
55f5c
5cb5c
55f5d
5dc5e
5cb5d
59979
59a58
5cef1
55f61
5dcc9
5dcca
5ce14
5d52a
5a24d
5c09c
5d9b9
5cef3
5c601
55f69
5f600
5dc63
5cef4
5cd18
5e14e
5da29
55f6e
5e150
5dcce
5f601
5e151
55f73
5610b
56f88
56023
5c7bd
5e467
59dce
5610f
5e469
56027
576d5
5aa3d
56ea0
562d6
5a5cc
59897
5683f
5cc3a
562d9
5cc3b
56841
5602e
5a322
56843
56844
562de
59a5d
5d28a
56598
5d530
59a5f
5659a
5d7e3
5c6e0
5659c
59898
5e5ba
5a5cf
56848
5e5bc
5de9b
5d608
5684b
58dc4
59259
56040
5d609
59436
5e1bc
5d60a
59438
56044
5e1bf
5e1c0
5c6e2
5dcd0
5d533
5c6e3
56049
5604a
5cd1c
5e46b
5d60d
59b3e
59dd8
5604e
5604f
56050
5d535
5c181
56052
5dcd5
5da2e
5d537
5cd1d
56056
5ddb4
5c8b1
5f6e1
5ddb6
5d611
5da2f
5ddb7
5dcd7
56111
57243
5ab21
56f8a
563c0
5a6b0
5997b
56929
5cd1e
563c3
5cd1f
5692b
56118
5cfdb
59ebc
563c7
563c8
59b41
5ce16
56682
5d614
59b43
56684
5d36f
5c7c4
56686
5997c
5e62d
5a6b3
56932
5e62f
5df0e
5d6f6
56935
58dc6
58eb1
5612a
5d6f7
59520
5e22f
5d6f8
59522
5612e
5e232
5e233
5c7c6
5dd43
5d617
5c7c7
56133
56134
5c8b2
5e4de
5d6fb
59c2b
59de0
59ec3
56139
5613a
5d619
5c265
5613c
5db09
5cd27
5c7ca
5613f
56140
5de27
5c997
5f758
5de29
5d6ff
5d863
56145
5db0b
561f5
562e0
5a4ec
5a256
5d700
59d12
561f9
5d701
5e802
561fc
5a171
59c2d
5ce18
5668a
5e78d
5ce19
5668c
59980
5ce1a
56763
5d455
59c2f
5dc67
5c8b7
5a176
56767
56f8b
56208
578aa
5b15c
59c31
5ce1d
56f8e
5ce1e
59fa9
56a25
5620d
5a4f0
56f92
56a28
5b240
5a4f2
56212
5e238
59d14
56f98
5e23a
59fac
56216
5e956
5e957
56219
5ce1f
5a179
5d622
5a17a
59c35
5ddba
5c8bd
5621e
5db0d
5ddbb
5a4f6
5de2b
5a259
56222
5e805
5da30
56224
5e153
5de2e
5ce22
5de2f
5d623
5de30
5d704
5c8c0
5622c
5de31
5da32
5622e
5da33
56230
5e80a
562e6
59de1
5989d
5cfe2
563cc
5e5c1
5cfe3
563ce
59a64
5cf00
5684d
5d539
59d1b
5dcda
5c99d
5a25d
56851
57075
5a4fa
56b0b
57f10
59d1d
5cf03
57078
5cf04
5a08d
56b0f
562f7
5a5d4
5707c
56b12
5adcc
5a5d6
562fc
5e2ab
598a0
57082
5e2ad
5a090
56300
5e9c9
5e9ca
5c9a0
59528
59de4
5d7e6
598a2
5e5c5
5dea0
5d0c4
5e31a
5dbf3
598a6
59d1f
5cf06
59d20
5630c
5cf07
5c43c
5db83
5da35
5c9a5
5dea2
5cf08
5d70b
5dea3
5d7e8
5c9a6
56316
5dea4
5daa5
56318
5daa6
5631a
5e5cb
563d0
59ec5
59983
5d0c6
564b6
5e634
5d0c7
564b8
598a7
5dd4b
5ca81
59b48
5cfe7
56939
5d626
59de9
5693b
5715f
5a5de
56bf5
57ffa
598a9
5cfe9
57162
5cfea
5a17d
56bf9
563e1
5a6b8
57166
56bfc
5aeb0
5a6ba
563e6
5e06c
59986
5716c
5e06e
5a180
563ea
5ea3c
5ea3d
5ca84
59612
59dec
5d7ee
59ded
598ad
5dea8
5ca87
563f2
5dbf7
5dea9
5a6be
5df11
59ec9
563f6
5e639
5d864
563f8
5e23f
5df14
5cfee
5df15
5d7ef
5df16
5d374
5ca8a
56400
5df17
5d866
56402
5e390
56404
5e63e
564ba
59fad
59a67
5d1aa
565a0
5e6a7
5d1ab
565a2
56ccd
5a6c2
56769
580e4
5998d
5d0ca
56cd0
5d0cb
5a264
5676d
564c5
5a79c
56cd4
56770
5af94
5a79e
564ca
5cb68
56a2c
564cc
5c35a
5db12
5c35b
564ce
5db14
564d0
5e0df
59a6a
56cda
5e0e1
5a267
564d4
5eaaf
5eab0
5cb6a
596fc
59ed0
5d37a
59ed1
59993
5df1b
5cb6d
564dc
5dc70
5df1c
5a7a2
5df84
59fb1
564e0
5e6ac
5d8d7
564e2
5e2b2
5df87
5d0d2
5df88
5d37b
5df89
5d45a
5cb70
564ea
5df8a
5d8d9
564ec
5d8da
564ee
5e6b1
565a4
5a091
59b4b
5d28e
56690
5e71a
5d28f
56692
56db7
5a7a6
56853
581ce
59a71
5d1ae
56dba
5d1af
59df0
56857
565af
5a7a8
56dbe
565b1
565b2
5d45e
565b4
5cc4c
56b16
565b6
5c43e
5db89
5c43f
565b8
5db8b
565ba
5e156
59b4e
56dc4
5e158
59df3
565be
5e870
5e871
5cc4e
59352
59fb8
5d460
59fb9
59a77
5df8e
5cc51
565c6
5dce3
5df8f
5a32e
5dff7
5a095
565ca
5e71f
5d94a
565cc
5e073
5dffa
5d1b6
5dffb
5dffc
5d461
5d53e
5cc54
565d4
5dffd
5d94c
565d6
5d94d
565d8
5e724
56694
577bf
56ea3
5a332
5693f
5a333
56697
5a098
56941
5ac08
59ed5
56ea8
5669b
5d542
5a414
5a415
56bff
5ca8b
5669f
5ca8c
56c01
5d295
59b58
56c03
566a3
56eac
5e8df
5e1ca
59ed6
5e8e1
5ac0b
56eb0
566a9
566aa
5d297
5943e
5a336
5dfff
5a337
5a09e
566af
5d627
59b5d
566b1
566b2
5c8c3
5e790
5a41a
59c3f
566b5
5db16
59c41
5e4e7
5e793
5e003
5e794
5e004
5e795
5d950
5ce27
566be
5e005
5db18
5d951
5db19
5ddc7
56773
5685e
5aa44
5a269
5d463
59c44
56777
5aa46
5eab4
5a184
56c06
59b5f
5ce28
56c08
5ea3f
5a6cb
56c0a
59997
5d0d4
56cdf
5d0d5
5a187
5df23
5ce2b
5a6ce
56ce3
57507
57b6b
5aeb2
57509
56788
5a189
5d384
59b62
5750c
5678b
5a6d0
56fa3
5b242
5a502
57510
57511
56790
5e4ea
5a26c
57514
5e4ec
5a504
56794
5ec08
5ec09
5a6d1
5e076
5e077
5d387
5a18c
5ddc8
5a7b0
5e0e9
5c8c6
59c48
5eab6
5a969
5a6d3
5679f
5ddca
5e07b
5aa4f
5a26f
567a3
5de3b
5a271
5e80c
5eab9
5e07c
5eaba
5eabb
5de3d
5dc76
5de3e
5e07d
56863
5a339
577c2
59df5
5d549
59d28
56867
5ab2a
5e875
59fbc
5d467
59a7c
5df95
5a7b4
5686c
5df97
5d469
5df99
56870
57f11
575f3
5aa52
57089
5a7b6
56873
5aa54
59c4b
5708c
5cf13
575f8
56877
5adcf
5ab2d
5ab2e
575fc
5ec77
5e55e
5a5e7
5ec79
5add1
57600
5687f
56880
5aa56
56881
56882
5e0f3
5a33c
5e15c
5a278
5de3f
5dceb
5cff3
56887
5e15e
5ab34
59dfc
5e477
5dd5a
5688b
5688c
5e0f4
5cf17
5a27b
5688f
56890
56891
56892
56893
5e479
5de42
5e47a
56897
56a31
578ac
5694f
5a41e
5e8e5
5d0d7
56a35
5e8e7
56953
5a33f
5e007
5a0a1
56955
5cff4
56eb5
56957
5e00b
56959
57ffb
5b329
577c4
57172
5a342
5695c
5ab38
576df
57175
5cff7
576e1
56960
5aeb4
5ac11
57179
5717a
59edd
56965
5eceb
5ac14
56967
5e321
5ac15
576eb
598b5
5dd5d
59edf
5d62f
598b7
5696d
5e1d0
59e04
5d552
5ab3b
5cffa
59e05
56972
5d554
5cffc
59e08
59ee0
5e8eb
5e1d2
5d70f
5e63f
5df28
59ee4
5a347
5a422
5ac19
5d710
5e641
5e4f3
5deb5
5e1d6
57995
59fbe
56b1d
5acf1
56a3a
5d712
59fc0
56a3c
56ce4
5724a
5ac1a
56ce6
58662
598b9
5d0da
5724d
56ce9
5acf3
59ee6
56a44
5acf4
57251
56ced
56cee
5b4f0
5a191
5d633
59c50
5ddcd
5a426
56a4b
5ddcf
5d635
5ddd1
5acf7
57255
56a50
5af9a
57257
5ed60
5e395
5e396
59ee9
5d636
5ac1f
5d0df
5999b
5db1e
59fc3
5d713
5999d
56a5a
5e243
5a429
59eec
5e1db
5db20
5d0e3
5a509
56a60
5e95f
5db8d
56a62
5e564
5e246
5d639
5e247
5e248
5db8f
56a68
5db90
56a6a
5e963
56b22
5a5e9
59a7d
5d29e
56c0e
5e9cc
5a5eb
56c10
57333
56b28
581d0
5b4f1
5999f
5d1be
57336
56b2b
5ad01
59fca
56b2d
5a880
5733a
56dd6
5b5d4
5a882
56b32
5a50d
5de43
5a27e
56b34
5d1c0
57094
56b36
5de47
56b38
5e408
5a0a6
57340
5e40a
5a34b
56b3c
5eb22
5eb23
5a510
5e24a
5e24b
5d71b
59fce
5df9e
5a5ec
5e2b5
5cc58
59a82
5e9d0
5ad04
5a512
56b47
5dfa0
5e24f
5a887
5a0a9
56b4b
5e00d
5a0ab
5e726
5e9d3
5e250
5e9d4
5e9d5
5e00f
5db94
5e010
5e251
56c11
56eb9
582b9
56c13
57d3e
57420
5a88b
56ebc
56c16
5a88d
57423
5d7fa
5a42c
56ec0
56c1a
56c1b
5aeb7
598bf
5cffe
5717c
5cfff
5a0af
5deb8
5d2a5
5a5f3
57180
5a193
56c23
5eb92
5a96f
56c25
5e47e
5a970
5742d
59a86
5d2a6
59a87
59a88
56c2b
5d2a8
59b6a
5ce36
56c2d
5e012
5d38d
5a0b3
56c30
5d800
5d2aa
5a0b6
5a196
5ea44
5e081
5d470
5e798
5ddd3
5a19a
5a5f7
5a6db
5a974
5d471
5e79a
56c3d
5e79b
56c3f
581d1
5a7c0
56ddb
5ad06
56cf2
5d473
5a7c2
56cf4
57181
580e8
56cf7
5a6dd
5ecf0
5a0b8
57185
5ecf2
56cfb
5a430
5e1df
5a6df
56cfd
5e1e1
5a431
56cff
5e1e3
56d01
583a5
5bc18
580ea
5751a
5a6e1
56d04
5a6e2
5751c
5af9f
5a0bb
57a89
56d08
5b79f
5afa1
57521
57522
5a7c3
56d0d
5eeb7
5afa4
56d0f
5e79f
5afa5
57a93
598c8
5aebf
598c9
56d14
5d396
5ac2b
5a19d
5d474
599a8
5ed68
5dfa2
56d19
5e6b7
5aec0
5a6e5
5e086
5df30
5ac2c
5a6e7
56d1f
56d20
5e39d
5afa8
5a7c9
5eabf
5ed6b
5ed6c
5ed6d
56d27
5eac0
5e3a2
57d3f
5a34c
56ec5
5a892
56de2
5d557
5a34e
56de4
57344
5ad0b
56de6
5ad0c
57346
56de8
5d1c9
57348
56dea
57602
57b6e
5afaa
57604
58a10
599ac
5afab
57b71
5d479
5a1a2
57b73
56df2
5b084
57b75
5760b
5760c
5b888
5b087
57b79
56df8
5b32c
57b7b
5ef2c
5e813
5e814
5a1a4
5d47a
5a1a5
599b0
5e3a5
5e3a6
5a351
5e40e
5a282
56e02
5e16c
59b6e
5e87f
5e3a7
5cf1c
56e06
5e0fe
5b08b
5a354
56e09
5e72b
5e412
5ad13
5a7d3
56e0d
56e0e
56e0f
56e10
5e018
56e12
5eb2f
56eca
5a975
59b6f
5b165
56fb0
5eb98
5a977
56fb2
59a8f
5d2ac
5742f
5d55a
59a91
57431
5d803
5a358
57433
57c57
56ed6
5857a
5b889
59a92
5b08f
57c5a
5d55d
5a286
576f1
56edb
5b168
57c5e
576f4
5b96c
5b16a
56ee0
5e5d0
5a436
57c64
5e5d2
5ac30
56ee4
5efa0
5efa1
5a35b
5e416
5d55f
5a35c
56ee9
56eea
5a978
5eb9b
5d63f
59c51
5e7a2
5ddd7
56eee
5d561
59e10
56ef0
56ef1
5e41b
5e01b
5d563
5a979
56ef5
5eb9e
5e1e7
5a43c
5a97a
5b171
5ddd9
56efb
5e41d
56fb3
57098
5b248
59ef1
5d720
59c54
56fb7
5b24a
5ec0d
57e2b
5b6bb
577c6
56fbb
59e11
5d640
59b74
56fbd
5b174
577ca
57266
5b4f4
5ad15
577cd
56fc2
56fc3
57523
5a97d
56fc5
5a97e
57525
56fc7
5ce3b
57527
56fc9
577d0
5f00f
5e644
5ad16
5f011
5b4f7
577d4
56fcf
56fd0
5a980
56fd1
5e48a
5a981
59b7b
59c55
5b252
56fd5
5e4f5
5a51c
5e964
5e259
59e16
59ef5
5ddda
5d0e7
5a444
56fdc
5e1eb
5e48f
5b253
5a51e
56fe0
5e817
5e4f8
5e4f9
5e4fa
5e1ec
5e818
56fe7
57187
5add4
5709f
5a5fb
5ec7d
59fd6
5718b
5ec7f
570a3
5874d
5ba51
57f16
5734c
5a521
570a6
5a522
5734e
5b258
59ef9
578b5
570aa
5b5d9
5add9
57353
57354
59c59
5cf1e
5760e
5d726
59c5b
57610
5d481
5a524
57612
5a5fd
570b5
5edd1
5addc
570b7
5e6bd
5addd
578bf
598cc
5e5d6
5debd
570bc
5aa68
570bd
5e4fd
5aa69
59c5f
59d39
5adde
570c1
5e568
5b25b
5a527
5e25c
5de4e
5aa6b
5a529
570c7
570c8
5e569
5ade0
5a603
5e9d9
5ec85
5ec86
5ec87
570cf
5e9da
5e56e
57999
5ade2
57435
5883c
59d3b
5ade3
5799c
5d809
59fdc
57439
57193
5aec3
579a0
5743c
5bc19
5aec5
57198
5a361
5e174
5a607
5719a
5e176
5a362
5719c
5e178
5719e
5e72d
5a6ec
579a6
5e72f
5a987
571a2
5ee47
5ee48
5a6ed
5e330
5a0c2
571a6
5e090
599b3
5ea4b
5a609
5e56f
5d80d
5a60a
571ab
571ac
571ad
5d80f
5a0c4
571af
5e574
5dec2
5d811
5ac32
571b3
5ecf7
5e092
5a6f2
5ac33
5aecc
5dec3
5e093
5e337
5726b
57356
5b4f8
59efd
5b4f9
599b5
5726f
5b4fa
5f018
57272
5b179
598d0
5b17a
57700
5efa3
5b17b
57702
598d2
5e491
5ac38
59b7c
5b17d
577d9
5d64b
59e1d
577db
58001
58667
57a96
58eb3
57280
59e1e
5b418
598d5
57282
5b419
5a613
57a9b
5bcfe
5afb2
5800a
5800b
57288
5ea4e
5ad1c
5800e
5ea50
5afb4
5728c
5f16c
5f16d
5a614
5e5da
5a615
59e22
57291
5d39e
598da
57293
57294
5ad1d
5f019
5a6f7
59e23
59fe1
5e968
5e261
57299
5729a
5e33a
5b41d
5b261
5729d
5f01c
5e3ad
5ad22
5b262
5b505
5e1f0
5e3ae
5e5e1
5735b
57440
5b5dc
59fe3
5b5dd
59a99
5735f
5b5de
5edd9
59f01
57362
5e505
59f02
5d72e
59c61
5e507
5b265
5e509
57368
58a11
580ed
5b506
57b81
5a6f9
5736b
59f05
57b83
5736d
5b509
580f2
5736f
5b88b
5b5e1
5b5e2
580f6
5f1db
5eac2
5b097
5f1dd
5b88d
580fa
57377
57378
5ad27
57379
5e656
5ad28
599bf
5e264
5ad2a
599c1
59a9a
5adec
5737f
5e6c1
5b26a
5a8aa
5eb30
5e41f
5a6fe
5a7dc
57385
5e6c2
5b5e8
5a8ad
5eb32
5edde
5b50c
5e6c5
5e6c6
5e3b2
5e9de
5738f
57529
583a8
57447
5a363
5ee49
5a0c8
5752d
5ee4b
5744b
5a8af
579ab
5744d
5a617
5e579
5a618
5744f
5e57b
57451
58afb
581d6
5b5ea
57c6a
5a7dd
57454
59feb
57c6c
5b6c3
5a7df
581db
57458
5b970
5b6c5
57c71
57c72
5a98d
5745d
5f24f
5b6c8
5745f
5e885
5b6c9
581e5
59aa0
5adf4
59aa1
57464
5adf5
5a365
5e422
5e2d8
5a8b7
5a0c9
5b6ca
59b81
5ee4e
5e6cc
5e094
5746c
5ea55
5d567
5a7e2
5a8b8
57470
5e735
5b6cc
5a993
5eba5
5ee51
5ee52
5ee53
5ea57
5e425
5e73a
58491
5aa6e
57615
5aa6f
57532
5a44a
5aa70
57534
577dc
57d44
5b6ce
577de
59171
59b82
5aed3
57d47
5aed4
5a36a
57d49
5753c
5b7a8
57d4b
577e5
577e6
5bfba
5a0cd
5d3a0
598dd
5e33d
5a0ce
57543
5e33f
5aed7
5e341
5b7ab
57d4f
57548
5ba56
57d51
5f2c4
5e8f9
5e8fa
5a0d0
5b6d2
5a0d1
59b88
5e73d
5a99b
57550
5e49c
5e73e
5a44c
5e7a6
5a1ae
57554
57555
5e50a
5a28e
5ec17
5e740
5e09a
5aedb
5aa75
5eec2
5e7a9
5e109
5755d
5755e
5755f
57560
5e10a
57562
5eec7
5761a
5b099
59d46
5b09a
57706
5ef30
5b09b
57708
57e2d
57620
58cd0
5bfbb
59c66
5afbb
57e30
5afbc
5a450
578cb
57625
5b334
57e34
578ce
5c09e
5b336
5762a
5a7e3
5e3b3
5a7e4
5762c
5aa7b
57b8c
5762e
5e3b7
57630
5e96c
5ab56
57e3a
5e96e
5adfb
57634
5f086
5f087
5a452
5e7ae
5a453
5a1b6
57639
5d730
59c6e
5763b
5763c
5ab57
5ef33
5a531
59e24
5e888
5e17b
57640
57641
57642
5e510
5b7b8
5b09d
57645
5ef36
5e57f
5ab5c
5b09e
5b33d
5e10e
5e580
5e7b5
57709
579b1
58dc8
5770b
5883e
57f1a
5ab5d
579b4
5ab5e
57f1c
579b6
5b41e
5aedc
579b8
57712
57713
5b973
59aa6
5b0a1
57c74
5d569
59d4c
5e428
5ab60
5a297
57c78
5ac43
5771b
5f0f6
5b423
5771d
5e9e2
5b424
57f27
598de
5b189
57721
5e5e3
5a298
5b342
5a299
59d50
5e823
5ab63
57726
5e582
5e824
5e1f1
57729
5e8fc
5b0a6
5b343
5d815
5ab66
5772e
5e5e4
5b427
5ac49
5ecfe
5efaa
5efab
5efac
57735
5ecff
57737
58cd1
5b270
578d3
5b271
577ea
5ac4c
5b272
577ec
57c79
58be8
577ef
5ab67
5f254
5a372
57c7d
5f256
577f3
5a373
5e743
5a0d5
577f5
5b18f
57d57
577f7
5e747
577f9
58eb4
58580
5b977
58014
5ab69
577fc
5a377
58016
5ba5b
5ab6b
58585
57800
5c269
5ba5d
5801b
5801c
5b273
57805
5f429
5ba60
57807
5ed03
5ba61
5858f
598e0
5e49f
5ac4e
59e2f
5b6dd
59e30
5780e
5b6de
5b196
59e33
59f0e
5b7bc
57812
5e900
5b6df
5b276
5f021
5e65e
5ab6e
5b198
57818
5e901
5ba64
5b279
5f023
5f2cf
5f2d0
5f2d1
5781f
5f024
5e906
5883f
5adfc
579bd
5adfd
578da
5ad30
5adfe
578dc
57e3e
5aa83
578de
5aa84
57e40
5b7c0
59f11
57e42
578e2
580fc
59529
578e4
58f9f
5866b
5b27d
580ff
5b27e
5866d
578e8
5ba69
5b5f1
58103
578eb
5c0a0
58672
58673
5bb43
58675
578f0
5bdf6
58677
5f49e
5ed77
5ed78
59f14
5e661
5e517
5a45e
5ba6a
5a45f
59f17
5e909
5e518
5b283
5a53d
5bb46
59ff3
5f08d
5e90b
5e585
578ff
5ec8e
5ba6b
5b349
57902
5f08f
5e6d2
5ae06
5b284
57906
57907
57908
5e588
5790a
5f093
579c2
5b429
5a0d6
5b42a
57aa8
5f0fc
5b42b
57aaa
59d54
5b0a8
57f29
5b0a9
59ff4
5e82b
5ae08
5a541
57f2d
58753
5bb4a
581e7
59614
59ff6
5b34e
58756
5b34f
5ad36
581eb
579d3
5bc24
5875a
581ee
5c440
5bc26
579d8
5eb34
5aee6
58760
5eb36
5b6e4
579dc
5f512
5f513
5a8bd
579df
5e6d5
5ad38
5e97a
5ad39
5a546
579e3
5e6d6
5e97d
5a8bf
5e9e5
5a622
579e7
579e8
5e749
5a702
5ee56
5e97f
5bb50
5b42d
579ed
5f102
5e74b
5aeec
5b42e
5bc2d
5e349
579f3
5e981
57aab
57b90
5bd04
5a703
5bd05
5a1bb
57aaf
5bd06
5f171
5892b
5c185
582c2
57ab3
5a623
5bc2f
5a0db
57ab5
5bc30
582c6
57d60
5bfbe
5b7c9
582c9
57aba
57abb
5801d
5ac57
57abd
5ac58
5801f
5b432
5a0dd
58021
57ac1
582cc
5f581
5eba8
5b7ca
5f583
5bfc1
582d0
57ac7
57ac8
5aef1
59b8f
57aca
5aef2
57acb
5e9ee
5aef3
5a0e2
57ace
57acf
5afcb
5f172
5a9a6
5a62b
5a7e5
5ed79
5e3ba
57ad4
57ad5
5e9f3
5bd0f
5afce
57ad8
5ed7b
5ea5c
5ea5d
5ea5e
5e750
5ed7c
57adf
57c7f
58afe
57b97
5aa85
5f1e1
5a7e8
57c83
5f1e3
57b9b
5925c
5c525
58a16
57e46
5a9a7
57b9e
5a708
57e48
5bd14
5a9a9
583b1
57ba2
5c0a3
5b895
57e4d
57e4e
599c6
5b285
58108
5b286
5a1c0
5e667
5afd4
5a70b
5810c
5b0ad
57bad
5f343
5b898
57baf
5ec21
5b899
583bb
59c72
5e3bd
5aa88
5a1c3
5b51c
5a1c4
57bb6
5b51d
5afd8
5a1c7
5a2a0
5b5f8
57bba
5eacc
5b0b0
5ef3b
5e830
5a70f
5a9ac
5afda
57bc0
5eacd
5b89c
5b0b3
5ef3d
5f1e9
5f1ea
5f1eb
57bc7
5ef3e
5ead2
58495
58aff
5bdf9
58497
57c88
5a7eb
5b89f
5a2a3
57c8a
5b8a0
5aa8d
57f35
5c186
5b439
5849e
5849f
57c90
5a7ed
5e6d8
59fff
57c92
5b0b7
581f4
57c94
5e6dc
57c96
5ec91
5b19c
584a2
5ec93
5b43b
57c9a
5f3b9
5f3ba
5ab71
57c9d
5e834
5ab73
5e894
5a37f
57ca0
5b0ba
57ca1
5ead4
5b0bb
5a2aa
57ca4
57ca5
5e5f4
5a463
5efaf
5ead7
5ead8
5b8a4
5b6e6
57cab
5f25b
5e5f6
5b1a2
5b6e7
5b988
5e433
5e5f7
5e89b
57d65
57e50
5bfc2
5a9ad
5bfc3
5a465
57d69
5bfc4
5f58a
57d6c
5bc35
5a380
5bc36
581fa
5f515
5bc37
581fc
5a0e4
5b43c
582d3
5b43d
5a382
5e9f7
5b6ec
5a8cd
582d7
58b01
5b6ed
58591
5b6ee
58b03
57d7a
5bee3
5ba6d
58595
57d7d
5c526
58b08
58b09
5bfc9
58b0b
57d82
5c7d4
58b0d
5f6eb
5efb6
5efb7
5a386
5e89c
5e752
5a8d0
5bee4
5a8d1
5a389
5eb40
5e753
5b6f3
5a9af
5bfcc
5a467
5f58c
5eb42
5e7c4
57d91
5eecd
5bee5
5bc40
5b7d3
5f58d
5ebb4
5e7c6
57d97
57d98
57d99
57d9a
5e7c7
57d9c
5f592
57e56
5b8a5
5a548
5b8a6
57f3c
5f349
5b8a7
57f3e
5a1c8
5b520
583bd
5b521
5a468
5ea6a
5b7d8
5a9b3
583c1
58beb
5b7d9
5867b
5b7da
58bed
57e64
5bfd2
5bb51
5867f
57e67
5c60a
58bf2
58bf3
5c0ad
58bf5
57e6c
5c360
58bf7
5f75e
5f029
5f02a
5a46c
5e913
5e7c9
5a9b6
5bfd3
5a9b7
5a46f
5ebbb
5e7ca
5b7df
5aa95
5c0b0
5a54b
5f34d
5ebbd
5e837
57e7b
5ef40
5bfd4
5b8a9
57e7e
5f34f
5e984
5b362
5b7e0
57e82
57e83
57e84
5e83a
57e86
5f353
57f40
5b989
5a62e
5b98a
58026
5f3bc
5b98b
58028
5a2ac
5b604
584a7
5b605
5a54c
5eadd
5b364
5aa99
584ab
58cd5
5b365
58765
5b366
58cd7
57f4e
5c0b6
5bc41
58769
57f51
5c6ee
58cdc
58cdd
5c191
58cdf
57f56
5c444
58ce1
5f7d1
5edea
5edeb
5a550
5e986
5e83c
5aa9c
5c0b7
5aa9d
5a553
5ec2e
5e83d
5b36b
5ab79
5c194
5a631
5f3c0
5ec30
5e5f8
57f65
5efb9
5c0b8
5b8b3
5b445
5f3c1
5ec9a
5e5fa
57f6b
57f6c
57f6d
57f6e
5f10a
57f70
5f3c6
5802a
5ba71
5a712
5ba72
58110
5f42f
5ba73
58112
58843
5b449
582d9
5b44a
58845
58032
5c19a
5bd28
582dd
58035
5c7d6
5884a
5884b
5a38c
5b991
59e3b
5e8a1
5ab7e
5803b
5e8a3
5b993
5e8a5
5c275
5884d
58040
5c529
5884f
5f844
5ee5d
5ee5e
5a636
5e9ff
5e5fd
5ab80
5c19b
5ab81
5a639
5eca1
5e5fe
5b451
5ac5d
5c278
5a715
5f433
5eca3
5e66b
5804f
5f02c
5c19c
5b997
5b529
5f434
5ed0d
5e66d
58055
58056
58057
58058
5e66e
5805a
5f439
58114
5bb55
5a7f6
5bb56
58200
5f4a2
5bb57
58202
5892d
5b52d
583c3
5b52e
5892f
5811c
5c27e
5b8b4
583c7
5811f
5c362
58934
58935
5a472
5ba79
59f1f
5e918
5ac62
58125
5e91a
5ba7b
5e91c
5be01
58937
5812a
5c60d
58939
5f605
5eed4
5eed5
5a71a
5ea72
5e670
5ac64
5c27f
5ac65
5a71d
5ed14
5e671
5b535
5ad41
5be04
5a7f9
5f4a6
5e6de
58138
5eded
5ba7e
5c280
5ba7f
5b60d
5f4a7
5ed80
5e6e0
5813f
58140
58141
58142
5e6e1
58144
5f4ac
5a7fa
5bb5b
58a18
5bb5c
5afe4
584af
58207
5bee8
58a1c
584b2
5cc59
5beea
5820c
5ad45
5e98a
5a557
5820e
5b613
58770
58210
5e98e
58212
5ef43
5b6f8
58a22
5ef45
5b99b
58216
5f679
5f67a
5b0c9
58219
5eae6
5b0cb
5eb46
5a8d7
5821c
5b616
5821d
5ed86
5b617
5a802
58220
58221
5e8a6
5a9bb
5f261
5ed89
5ed8a
5be0d
5bc46
58227
5f51b
5e8a8
5b6fe
5bc47
5bef1
5e6e5
5e8a9
5eb4d
582e1
583cc
5c52b
5af05
5c52c
5a9bd
582e5
5c52d
5f84a
582e8
5c19e
5a8d8
5c19f
58776
5f7d5
5c1a0
58778
5a63c
5b99c
58853
5b99d
5a8da
5eca9
5bc4c
5ae25
58857
5908c
5bc4d
58b11
5bc4e
5908e
582f6
5c44c
5bfd6
58b15
582f9
5ca92
59093
59094
5c532
59096
582fe
5cd40
59098
5f267
5d956
5d957
5a8de
5eb4e
5ea04
5ae28
5c44d
5ae29
5a8e1
5edf2
5ea05
5bc53
5af07
5c535
5a9bf
5f84c
5edf4
5ea76
5830d
5f17f
5c44e
5c1a9
5bd33
5f84d
5ee66
5ea78
58313
58314
58315
58316
5ea79
58318
5f852
583d2
5be0e
5aaa0
5be0f
584b8
5f609
5be10
584ba
5a720
5ba80
5893d
5ba81
5a9c0
5ed1c
5bd38
5af0b
58941
59176
5bd39
58bfb
5bd3a
59178
583e0
5c53b
5c0ba
58bff
583e3
5cb76
5917d
5917e
5c616
59180
583e8
5c8cc
59182
5f2da
5d9c9
5d9ca
5a9c4
5ebc5
5ea7b
5af0e
5c53c
5af0f
5a9c7
5ee6d
5ea7c
5bd3f
5afed
5c619
5aaa3
5f60d
5ee6f
5eae9
583f7
5f1f2
5c53d
5be12
583fa
5f60f
5ec36
5b8c2
5bd40
583fe
583ff
58400
5eaec
58402
5f613
584bc
5bef2
5ab86
5bef3
585a2
5f67c
5bef4
585a4
5a804
5bb64
58a27
5bb65
5aaa4
5ed8f
5b8c4
5aff1
58a2b
59260
5b8c5
58ce5
5b8c6
59262
584ca
5c61f
5c1aa
58ce9
584cd
5cc5a
59267
59268
5c6fa
5926a
584d2
5c9b0
5926c
5f09b
5da3c
5da3d
5aaa8
5ec38
5eaee
5aff4
5c620
5aff5
5aaab
5eee0
5eaef
5b8cb
5b0d1
5c6fd
5ab89
5f680
5eee2
5e8aa
584e1
5f26b
5c621
5be1c
5b9a5
5f681
5ef4c
5e8ac
584e7
584e8
584e9
584ea
5f3ca
584ec
5f686
585a6
5bfda
5ac6a
5bfdb
5868c
5f6ef
5bfdc
5868e
58dce
5b9a9
58859
5b9aa
58dd0
585ae
5c703
5c291
5885d
585b1
5cd42
58dd5
58dd6
5a8e4
5befa
5a393
5eb53
5b0d6
585b7
5eb55
5befc
5eb57
5c7de
58dd8
585bc
5ca95
58dda
5f10e
5daaf
5dab0
5ab8e
5ecb1
5e8af
5b0d8
5c704
5b0d9
5ab91
5ef53
5e8b0
5b9b1
5b1b5
5c7e1
5ac6d
5f6f3
5ef55
5e91d
585cb
5f2de
5c705
5bf00
5ba89
5f6f4
5efbf
5e91f
585d1
585d2
585d3
585d4
5e920
585d6
5f6f9
58690
5c0be
5ad4e
5c0bf
5877c
5f762
5c0c0
5877e
58eb8
5ac6e
5bfe0
58eba
5bfe1
5b45c
58946
5869a
5c367
58ebe
58949
5894a
5d0e8
5a9ca
5bfe2
5a477
5ebca
5b1ba
586a1
5ebcc
5bfe4
5ebce
5c36a
58ec2
586a6
5cb79
58ec4
5f185
5d870
5d871
5ac72
5ed24
5e922
5b1bc
5c7e8
5b1bd
5ac75
5efc6
5e923
5ba95
5b299
5c36d
5ad51
5f766
5e990
586b4
5f09f
5bfe7
5c7e9
5bfe8
5bb6d
5f767
5f032
5e992
586bb
586bc
586bd
586be
5e993
586c0
5f76c
58780
5b29b
5c371
5ad53
58782
5c372
5b541
58a31
5cc5b
5bf02
58fa9
58faa
58788
5b29d
5ec3c
5aaaf
5878a
5bb73
58cf0
5878c
5ec40
5878e
5d8df
5bc58
58fad
5d8e1
5bf04
58792
5f1f9
5f1fa
5b625
58795
5ed98
5b627
5edf8
5ae2f
58798
5bb76
58799
5f038
5bb77
5ad5a
5879c
5879d
5eb58
5af13
5f521
5f03b
5f03c
5c376
5c1af
587a3
5f7db
5eb5a
5bc5e
5c1b0
5c45a
5e997
5eb5b
5edff
58861
5bc5f
5dab1
5b462
5894d
5dab3
58865
5bb7b
5da3e
5b37e
58cf5
5da40
58869
5b37f
5ef59
5b0dd
5886b
5c1b3
58de0
5886d
5ef5d
5886f
5b382
5c9b5
5ae35
58871
5c9b6
5961a
5909f
5d2b1
5c540
5961d
58876
58877
59620
5f524
5dc09
5c541
5f526
5d2b4
59624
5887d
5887e
5c1b7
5a8e9
58880
5c1b8
58881
5f0a3
5c1b9
5ae3a
58884
58885
5c299
5f115
5bc64
5b387
5b545
5f43e
5ed29
5888a
5888b
5f0a8
5caa1
5c29c
5888e
5888f
5f440
5daba
5dabb
5f11c
58894
5f856
58a35
5be21
58950
5bd44
5be22
58952
58ec7
5ba97
58954
5ba98
58ec9
5c7f1
5af19
58ecb
58958
59185
59702
5c2a1
59187
5c2a2
59704
59189
5cb7d
5c623
5918b
58960
58961
5d0e9
5be23
58963
5f598
5cb82
58965
5dc7e
5cb83
5970f
5a9cc
5ed2c
5bd46
5af1d
5c7f5
5af1e
5896c
5c7f6
5c2a6
5af21
5affa
5c379
58970
5d877
5c7f7
5be26
5f614
5eee7
5bc6a
5be27
5f18a
5d879
5d87a
5ed9d
58979
5f123
5f18d
5f18e
5897d
5ed9e
5897f
5b0de
5c45b
58b20
5d8e6
5c45c
58b22
5ad5c
5c0cd
58fb2
5c0ce
5affc
5f041
5be2c
5b54d
58fb6
597eb
5be2d
59270
5be2e
597ed
58a46
5cb8a
5c712
59274
58a49
5d1cd
597f2
597f3
5cc65
597f5
58a4e
5cf23
597f7
5f35b
5dcf2
5dcf3
5b000
5eeea
5eda0
5b550
5cb8b
5b551
5b003
5f192
5eda1
5be33
5b62d
5cc68
5b0e1
5f1fc
5f194
5eb5c
58a5d
5f52b
5cb8c
5c384
5bf0d
5f1fd
5d8ec
5d8ed
5eb5e
58a64
58a65
58a66
5eb5f
58a68
5f197
5b70f
5cd43
5b1c3
58b25
5cd44
5d95b
5b0e2
5c460
5935a
5c461
5b8d6
58de6
58b2b
5cd46
5935e
58de9
5d56a
5cd48
58b30
5b631
5ee04
5ae3d
58b32
5bf13
590a7
58b34
5ee08
58b36
5dd61
5bfee
59364
5dd63
5c7fc
58b3a
5f3cf
5f3d0
5b9b7
58b3d
5ef64
5b8d8
5f203
5b8d9
5b636
58b41
5ef65
5f206
5b9b9
5d95c
5b712
58b45
58b46
5efd2
5b7f2
5f6fb
5f208
5cc71
5c546
58b4b
5f271
5f272
5efd4
5c547
5cd4f
5d963
5ef66
5f5a0
58c0d
5ba99
5d9cb
5b7f4
58cf9
5d9cd
58c11
5b713
5cd50
5b1c7
58c13
5c8d1
59446
58ed1
5d0ea
5c386
59449
58c18
58c19
5918e
5bd4f
58c1b
5bd50
59190
5c54b
5b1c9
59192
58c1f
5944c
5f442
5db23
5c387
5f444
5d0ed
59450
58c25
58c26
5bff9
5ac7b
58c28
5bffa
58c29
5f277
5bffb
5b1ce
58c2c
58c2d
5c0d3
5f2e1
5ba9e
5b388
5f35e
5ec43
58c31
58c32
58c33
5f27c
5c8d9
5c0d6
58c36
58c37
5f360
5d9d4
5d9d5
5f2e8
58c3c
5f770
58fb7
5ba9f
58cfc
5b7f8
58fb9
5c9bb
5baa1
59531
58d00
5d1cf
5c9bd
58fbe
58fbf
5aab2
5be35
59279
5be36
5b2ac
5eef0
5c0dc
5b7fb
5927d
5c1bf
58d0b
5f4b6
5c9c0
58d0d
5db98
5c9c1
5953b
5ad5e
5ec46
5bb86
5ae3e
5c716
58d13
5da43
5b7fc
5c8df
5b7fd
5b2b1
5f2eb
5ec48
5c0e1
5c1c2
5f7e0
5ee0b
5b7ff
5baa4
5c0e2
58d1e
5da44
5c9c4
5c1c5
5c1c6
5f7e2
5f0af
5f0b0
58d25
5ecbc
58d27
5b470
5cd56
58ed7
5dd68
5cd57
58ed9
5b38c
5cc72
5927f
5dcf5
5cc73
59281
5b0ec
5c46d
59369
5c46e
5b38e
5f20d
5c71c
5b8e1
5936d
5b390
5f0b2
5ef68
5b8e2
5cf28
5b8e3
5b393
5f364
5ef69
5c721
5b9c3
5d00c
5b473
5f3d6
5f366
5dabd
58e05
5f126
5cf29
5cc7a
5c801
5f3d7
5dd6e
5dabf
58e0b
58e0c
58e0d
58e0e
5f701
58e10
5f369
5baa7
5d0ee
5b555
58edc
5d0ef
5db2b
5b71c
5cd5b
5b1d1
5f27f
5b9c6
58ee1
5f281
5cd5d
5f283
5c2ad
58ee5
5f12a
5c1cd
5f3dd
5c1ce
5b9ca
58ee9
5f12b
5f3e0
5c2af
5db2c
5baaa
58eed
58eee
5f04d
5bb8a
5f772
5f3e2
5d0f1
5c38e
58ef3
5f19a
5db30
5cd61
5c8e6
5d0f3
5d881
58ef9
5efe1
58fc4
5be37
5db9b
5bb8c
590ac
5db9d
58fc8
5baab
5f2f1
5b801
58fca
5c391
5953f
58fcc
5f2f5
58fce
5c393
5b009
58fd0
5c394
58fd1
5f451
5c395
5b55e
58fd4
58fd5
5c471
5f4bb
5be3c
5bab1
5bc6d
5f211
5d8f2
58fda
58fdb
5f456
5d1d5
5c474
58fde
5f213
5dba3
5dba4
5dba5
5ee11
5dba6
5f19f
59194
5c553
590af
5bf1e
5c554
590b1
59626
5c1d0
590b3
5c1d1
59628
5c9cc
5b63f
5962a
590b7
5b0ee
5ee12
5bf20
5b641
5c9ce
5b642
590bc
5c9cf
5c47c
5b645
5b720
5caac
590c0
5dc13
5c9d0
5c556
5f857
5ee82
5be3f
5c47e
590c6
5dc14
5d2ba
5c559
5f859
5f532
5f533
5f534
5f287
5f535
590cf
5b802
5cb8e
59283
5dc82
5cb8f
59285
5af26
5c80d
59711
5c80e
5b722
5f12f
5c55c
5bc75
59715
5b724
5f288
5ee86
5bc76
5d2bc
5bc77
5b727
5f538
5ee87
5c561
5bd55
5ce44
5b805
5f5a2
5d9d7
591ac
5f2f8
5cab4
5d2bd
5cab5
5c63b
5f5a3
5dc88
5d9d9
591b3
591b4
591b5
591b6
5f61b
591b8
5f53d
5b560
5cb93
5b00b
5f1a1
5bd58
59289
5f1a3
5cb95
5f1a5
5c0ea
5928d
5f2fc
5c0ec
5dcf8
5b8e9
59290
5c642
59291
5f5aa
5c643
5b80c
59294
59295
5ef6b
5b9cd
5f68c
5f5ad
5f5ae
5ce4a
5cc7c
5929b
5f36d
5ef6d
5c72a
5cc7d
5cf2e
5da4d
592a1
5eefb
5936e
5c72b
5e01d
5bf27
5945a
5e01f
59372
5c647
5dfaa
5be43
59802
5dfac
59376
5cc80
5b39b
59378
5cc81
59379
5f61d
5cc82
5b8f0
5937c
5937d
5cd64
5f68f
5c730
5be47
5c00a
5f28c
5d969
59382
59383
5f622
5d56e
5cd67
59386
5f28e
5e025
5e026
5e027
5dd76
5e028
5f375
59542
5c8ee
5945d
5c810
5c8ef
5945f
5b47e
5f290
5c812
5b9d3
5d2c4
5b9d4
59464
5d2c5
5cd6d
5b9d7
5bab4
5ce4d
59468
5dde3
5d2c6
5c8f1
5f458
5db35
5c733
5c8f2
5f704
5dde5
5d9dd
59470
59471
5f69d
5f707
5f708
5f302
5f709
59477
5bb96
5cf2f
5962d
5de52
5cf30
5962f
5bab6
5f45c
5f304
5c010
5d655
5c011
5bab9
5f70c
5f305
5c8fa
5c0f2
5d735
5bb99
5f776
5f70e
5da4e
59555
5f0c1
5d656
5ce53
5c9d6
5f777
5de58
5da50
5955b
5955c
5955d
5955e
5f4ce
59560
5f711
5c1d4
5d817
5bc7b
59632
5d818
5dec7
5c481
59635
5f4d0
5c3a1
5f77d
5c3a2
5c0f6
59639
5f4d1
5f780
5c483
5dec8
5c1d7
5963d
5963e
5dc1a
5c2b7
5f53f
5f782
5d73b
5d016
59643
5f7eb
5dc1c
5cabd
5d017
5d81c
5dac4
59649
5f0c7
5971a
5c563
5df37
5c2b9
59806
5df39
5971e
5cabe
5b72b
59720
5cabf
59721
5f7f1
5cac0
5bc82
59724
59725
5cb9c
5f85b
5c568
5be48
5f1a6
5d883
59729
5972a
5972b
5f7f6
5d3a6
5cb9f
5972e
5f1a8
5df3f
5df40
5df41
5dc90
5df42
5f545
5b80e
5f1aa
5c64d
5b8f2
5d1e1
5980b
5dfaf
5c2bc
5d3a9
5c2bd
5bd65
5f865
5f1ac
5cba6
5cc87
5f376
5dd01
5c2bf
5c56b
5cba7
59816
5dfb0
5d48e
5cc8a
5f378
5f628
5f629
5f62a
5f220
5f62b
5981f
599c8
5c9e0
598e8
5b1d4
5a642
598ea
598eb
598ec
5d100
5a724
598ee
5d2c8
5d3ae
5a725
5ac81
598f4
5ded0
5dc1f
5e600
5e34f
5c818
598f8
598f9
5dac7
5cacc
5f13b
5cacd
598fd
5d65a
5ded4
5ded5
59901
5f13d
5e1f8
5f13e
599ca
59f21
5a727
599cd
5d104
5ad62
5cbaa
5a55c
599d1
5b00c
5c650
599d3
5a729
5d493
599d7
5d886
5e3c1
5d887
5ad6a
599db
5d1e5
5cbad
599de
5df45
599df
5df46
5f5ba
599e2
5d88a
5e3c3
5dc96
5f86d
5df49
5e676
5f86e
5cc8c
59ab0
5ae44
5a80c
59ab2
59ab3
59ab4
5d2c9
5a394
59ab6
5cf38
5d576
5d577
5a8f2
59abc
5dfb6
59abd
5dfb7
5e435
5c488
59ac0
59ac1
5d8fb
5f37a
5d8fc
5cc95
59ac5
5d823
5dfba
59ac8
5f223
5d8ff
5e2de
5f224
59b92
59e41
5d65b
5cd71
59e43
5a396
5a9d2
5a0ee
5d579
5af2a
5d2ce
5a9d4
5a399
5d65e
5a9d7
5d96c
5e4a7
5d96d
5a9da
59ba3
5ce56
5cd75
59ba6
5e02b
59ba7
5e02c
5f3ee
59baa
5d970
5e4a9
5dd7c
5f6a1
5e02f
5e75c
5f6a2
5c8fc
5aab5
59f27
5d740
59c7a
5a1d1
5b810
5c8fe
5a1d3
5a1d4
5a2b3
5d496
5a55e
5aaba
59c84
5ddea
59c85
5ddeb
5e51b
5c652
59c88
59c89
5d9e1
5f460
5d9e2
5c905
59c8d
5d498
5ddee
59c90
5f309
5d9e5
5e112
5f30a
59d5b
5d01f
5a645
59d5d
5d1ea
5d826
59d60
5b0f1
5a561
59d62
59d63
59d64
5ab9d
59d67
5aba0
59d69
5de5e
59d6a
5e840
5c9e4
5c48a
5c9e6
5dbad
5da55
5f4d3
5f0c9
5d021
59d73
59d74
5e184
5da58
5f4d5
5e590
5f4d6
59f29
5cf3f
59e49
5b72d
5b1d8
5d024
59e4d
5b2bb
5ded7
5e8b2
5ded8
5e4ac
5d025
5dd80
5f7fc
5f3f2
5dd81
5d661
5dedb
59e58
59e59
5e4ad
5dd84
5e4ae
59f2b
5a47f
5ac88
59f2e
59f2f
59f30
5b2be
5b2c0
5e51e
5b2c1
59f35
5e926
5d10a
5e1fb
5d10b
59f39
5e1fc
5dace
5f466
5f467
5df4f
5e927
5e1ff
5e928
5d1eb
5a011
5b39d
5ae49
5d1ec
5a015
5af2b
5dfbd
5e998
5dfbe
5e592
5d1ed
5dbb4
5f630
5f4d8
5dbb5
5d829
5dfc1
5a020
5a021
5e593
5dbb8
5e594
5a0f3
5a647
5a8f8
5a0f6
5a0f7
5a0f8
5a0fa
5af30
5e352
5af31
5a0fd
5ea0c
5d2d2
5e2e1
5d2d3
5a101
5e2e2
5d902
5f54c
5f54d
5e035
5ea0d
5e2e5
5ea0e
5ce5b
5a1d9
5b565
5b011
5ce5c
5a1dd
5b0f3
5ddf1
5ea7e
5ddf2
5e3c6
5ce5d
5dc9a
5f716
5f5be
5dc9b
5d499
5ddf5
5a1e8
5a1e9
5e3c7
5dc9e
5e3c8
5a2bc
5a810
5b8f4
5b64a
5d49a
5b0f6
5a2c3
5e113
5a2c4
5e114
5e844
5a2c7
5de66
5a2c8
5f78a
5de67
5a2cb
5e117
5d9e9
5dd10
5e845
5de6a
5e846
5a483
5d49b
5a3a3
5bc85
5b730
5a3a6
5b813
5e18d
5e038
5e8b6
5e762
5d580
5dd12
5f6a7
5dd13
5e03a
5da5f
5e440
5dd15
5e192
5e193
5eb66
5eb67
5d663
5a487
5bd69
5b815
5a48a
5b817
5e200
5ebd7
5e201
5e7d5
5d664
5dd85
5f71a
5dd86
5ddfb
5dad2
5e4b3
5dd88
5e205
5ebd9
5e4b5
5ebda
5d747
5a56b
5b8f5
5b3a1
5a56e
5b483
5e273
5ec4a
5e274
5e848
5d748
5db46
5f78d
5db47
5de6e
5d893
5e526
5db49
5e278
5ec4c
5e528
5ec4d
5d82b
5a64f
5b9d9
5b485
5a652
5b567
5e2e6
5ecbd
5e2e7
5e609
5d82c
5dbb9
5f800
5dbba
5dee1
5d906
5e599
5dbbc
5e2eb
5ecbf
5e59b
5ecc0
5d3b7
5a733
5babd
5b569
5a736
5b64b
5e0a7
5ed30
5e0a8
5e67c
5d3b8
5dc2c
5f873
5dc2d
5df54
5d979
5e35a
5dc2f
5e0ac
5ed32
5e35c
5ed33
5b017
5b64c
5ad70
5b019
5b64f
5dfc4
5eaf5
5dfc5
5b652
5a81f
5d9ea
5e3cb
5d9eb
5d49f
5a823
5e11e
5d9ed
5dfc9
5eaf7
5e120
5eaf8
5ae52
5b654
5a900
5a901
5a903
5bc8b
5a905
5e6f3
5a906
5ee17
5dfcb
5a908
5a909
5a90a
5ea15
5ea16
5a9e2
5af37
5c56f
5c2c3
5b8f7
5a9e8
5e765
5e4b7
5ee89
5ebdc
5dd89
5e767
5e03f
5e768
5e769
5a9ef
5aac5
5aac7
5be4e
5b8f9
5aaca
5b9db
5e529
5e122
5ec4e
5eafa
5d9ee
5e52b
5db4b
5e52c
5e52d
5eefe
5eeff
5b3a7
5b9dc
5b100
5b3a9
5b9df
5e194
5ecc1
5e195
5b9e2
5abb3
5abb4
5e196
5e197
5ecc3
5e5a0
5ecc4
5b1e2
5b48c
5ac90
5ac91
5ac93
5bac4
5ac95
5e60d
5ac96
5efe3
5dee5
5dee6
5ac99
5ac9a
5e92f
5e930
5ad72
5b2c7
5c3a7
5c0fb
5bba6
5ad78
5e67f
5ad79
5e680
5eda8
5dca3
5e681
5df59
5e682
5ad7e
5ad7f
5ae55
5ae57
5c738
5c1e1
5ae5a
5c2c4
5e6f7
5f0cc
5e6f8
5ecc6
5dbbf
5e6f9
5dfce
5e6fa
5f0ce
5e9a8
5f0cf
5bc8f
5c2c5
5b490
5bc91
5af3f
5e362
5ee8d
5e363
5c2cb
5af43
5e364
5dc33
5e365
5ee8f
5e76e
5ee90
5b572
5bd74
5b020
5b021
5b023
5be55
5b025
5ea8b
5b026
5f1b3
5e0b3
5b028
5b029
5b02a
5edad
5edae
5b102
5b657
5cc96
5c48d
5bf37
5b108
5eafd
5b109
5eafe
5ef74
5de74
5eaff
5e127
5eb00
5b10e
5b10f
5b1e5
5b1e7
5c570
5c01a
5b1ea
5c0fc
5e611
5f298
5e612
5ebe0
5dd8b
5e613
5dee8
5e614
5f29a
5e8c2
5f29b
5bac7
5c0fd
5b820
5bac9
5c100
5e52e
5f059
5e52f
5c103
5b2d3
5e530
5db4d
5e531
5f05b
5e688
5f05c
5b902
5c105
5b3b0
5b3b1
5b3b3
5c73e
5b3b5
5ec57
5b3b6
5f383
5e533
5b3b8
5b3b9
5b3ba
5ef79
5ef7a
5b492
5b9e7
5d029
5cd7c
5c3aa
5b498
5ecc9
5ea1d
5f3f5
5f144
5e2f4
5eccb
5e5a7
5eccc
5eccd
5b49f
5b575
5b577
5c907
5c3ac
5b57a
5c48e
5ea8f
5e68a
5f1b6
5f05e
5df5c
5ea91
5e0b6
5ea92
5ea93
5f46a
5f46b
5be58
5c48f
5bbb0
5be5a
5c492
5e6fc
5f229
5e6fd
5c495
5b663
5e6fe
5dfd0
5e6ff
5f22b
5eb06
5f22c
5bc92
5bf3d
5b740
5b741
5b743
5c577
5b745
5eb71
5b746
5f54f
5e44d
5e44e
5b749
5b74a
5ee93
5ee94
5b822
5bd77
5ce61
5cbb4
5c659
5b828
5ebe3
5b829
5ebe4
5f310
5e20e
5ebe5
5e4c1
5ebe6
5b82e
5b82f
5b905
5b907
5d1f2
5cc9a
5b90a
5cd7d
5ec5b
5eb08
5f386
5f22e
5e12a
5e12b
5ec5d
5ec5e
5ec5f
5f63a
5f63b
5c742
5cd7e
5bf41
5c744
5b9ef
5e8c8
5f3f9
5e8c9
5cd84
5b9f3
5e8ca
5e19e
5e8cb
5f3fb
5ecd2
5f3fc
5c023
5c827
5bad0
5bad1
5bad3
5c90e
5f313
5c90f
5bad6
5f71f
5e61b
5e61c
5bad9
5f315
5e93f
5f316
5bbb2
5c108
5d74c
5cf47
5c9f0
5bbb8
5f061
5bbb9
5f062
5f4e0
5e3dc
5f063
5e68f
5f064
5bbbe
5bbbf
5bc95
5bc97
5d02a
5cad3
5bc9a
5cbb5
5eb75
5f804
5eb76
5f148
5e2f6
5e2f7
5eb77
5eb78
5f806
5ee26
5f807
5c57a
5cbb6
5c2d1
5c57c
5cbb9
5ea94
5f5c5
5ea95
5cbbc
5bd83
5bd84
5ea96
5ea97
5f5c7
5ebec
5f5c8
5c3b5
5d1f4
5be62
5d2d8
5edb9
5f63c
5f4e4
5edba
5d899
5f4e5
5f4e6
5e7e9
5e7ea
5f1c1
5f1c2
5cca1
5d831
5ce64
5bf48
5ef80
5bf49
5f6b0
5ef81
5eb7c
5f6b1
5f6b2
5eb0c
5bf4e
5bf4f
5c026
5c028
5c029
5c02b
5ce68
5f2a4
5ce69
5c02e
5f2a5
5eff5
5c030
5c031
5ebf0
5e4c5
5ebf1
5c10b
5c662
5c912
5cf4b
5d9f0
5f38a
5d9f1
5cf4e
5c113
5f319
5d9f3
5e537
5f069
5e691
5f06a
5c745
5d02d
5c1f2
5d110
5ecd3
5f808
5f3fe
5ecd4
5da65
5f3ff
5f400
5e703
5f0db
5e9b4
5f0dc
5cad9
5d669
5d112
5c2d8
5ee9a
5c2d9
5f87c
5ee9b
5ed48
5f87d
5f87e
5ea26
5c2de
5c2df
5c3b7
5c3b9
5c3bb
5d750
5f1c3
5d751
5c3be
5f475
5f06d
5c3c0
5c3c1
5c3c2
5f06e
5f06f
5c49c
5d1fc
5c49f
5d90e
5f4e7
5d90f
5d837
5c4a3
5f238
5d911
5e705
5f239
5eb0f
5f23a
5cadb
5c582
5d4a2
5dc34
5f87f
5dc35
5eea0
5d983
5f55c
5dc37
5e8cf
5e8d0
5f55d
5f55e
5ce6b
5d4a3
5c668
5ef12
5c669
5f641
5f31d
5dca9
5f642
5f643
5ebf2
5c66e
5c66f
5c747
5c749
5c74b
5d589
5f0dd
5d58a
5c74e
5f38f
5ef87
5c750
5c751
5c752
5ef88
5ef89
5c82c
5d034
5d66c
5dada
5f401
5dadb
5d66f
5c833
5f152
5dadd
5e61f
5e620
5f153
5f154
5ce6d
5c917
5f321
5d9f9
5e944
5f47a
5ed4e
5f47b
5cf51
5c9fb
5c9fc
5f0e2
5e9b7
5f4ed
5edc1
5f4ee
5d035
5cadf
5cae0
5f155
5ea2a
5f560
5eb82
5f561
5d119
5cbc3
5f1c8
5d8a0
5ea9d
5f5d3
5ebf5
5f5d4
5d1fd
5cca7
5f23b
5d913
5eb10
5eb11
5f394
5f395
5d2e1
5cd8b
5f2ae
5d986
5e8d1
5f407
5ecdb
5f408
5d987
5f5d5
5ebf6
5f72e
5f72f
5e0ba
5f2b2
5dd20
5f7a0
5f072
5cf55
5cf56
5cf57
5d036
5deed
5d038
5f0e5
5da6f
5dd94
5ecdd
5d11b
5e212
5dae1
5f47d
5f47e
5df61
5eea7
5d8a1
5f4ef
5edc2
5f648
5f649
5e286
5f1cc
5dc3a
5f6ba
5ef8c
5d2e5
5d2e6
5d2e7
5d3c6
5df62
5d3c8
5f2b3
5d98c
5df63
5eea9
5d4ab
5e12e
5d9fe
5f5d8
5dcb1
5e12f
5f327
5da70
5e453
5dd23
5f6be
5f6bf
5e454
5f39a
5dd95
5f730
5f001
5d675
5d676
5d677
5d756
5de7c
5d758
5f1cd
5d8a6
5de7d
5f075
5d83b
5e2fa
5d918
5f4f2
5dbcb
5e2fb
5f241
5e2fc
5d8a9
5e53b
5f076
5d8ab
5dbcc
5f64d
5e28c
5dcb3
5f88c
5d8b0
5f4f5
5f1d2
5d91b
5dbcd
5f819
5f242
5dbcf
5e04a
5d920
5e455
5dfd9
5d922
5eb85
5f6c1
5d925
5da00
5df67
5d990
5f56a
5f88f
5e0bf
5dd98
5e77a
5f2b6
5dd9a
5f003
5d997
5f5dd
5e1a3
5e131
5db5d
5f736
5da05
5e3e3
5ef1e
5da07
5dd28
5f7a9
5f32a
5f2b9
5f7ab
5da75
5dbd1
5e860
5f0e9
5dd29
5f6c4
5f0ea
5dd2b
5def2
5da7c
5f410
5f32c
5dae8
5f483
5def3
5e218
5dc45
5f81f
5e219
5dd9d
5f738
5daef
5f484
5f160
5db60
5dd9f
5e21a
5db63
5f413
5e371
5e5b1
5dfdd
5f4f9
5dc48
5e77b
5e301
5dcba
5de10
5ea9f
5dcbd
5dda0
5e134
5dd2f
5f3a0
5e1a7
5dda2
5f3a1
5e862
5de14
5e947
5e4cd
5de86
5e28f
5ec6c
5de89
5df6b
5e5b2
5defb
5f7ae
5e709
5e697
5e0c4
5f893
5dfe0
5eb13
5e3e7
5e053
5e1aa
5eb86
5e0c5
5e304
5e77e
5eaa2
5e1ab
5e7f1
5eb15
5e21e
5e864
5e1ae
5e291
5e625
5e949
5e305
5e698
5e294
5e45b
5e70c
5e377
5e5b6
5ea30
5e37a
5e45d
5eaa3
5edc8
5e4d0
5eb16
5e460
5e543
5e8d7
5e4d3
5e5b7
5e94a
5e546
5e70d
5f0ee
5e629
5e868
5ece3
5f008
5e70f
5ed56
5f07b
5e782
5edc9
5e712
5e7f5
5eb8a
5eeaf
5e869
5ebfd
5e7f8
5e9bf
5ec71
5e8db
5eb1a
5ef96
5e8de
5e9c1
5f009
5e951
5ea34
5f07c
5e9c4
5eaa7
5ee3d
5ea37
5eb1b
5eeb0
5eaaa
5ec72
5ef24
5eb8e
5edcd
5f24b
5ec03
5ece7
5f331
5ece9
5edce
5f165
5ee40
5f07f
5f4fe
5eeb5
5ef99
5f5e4
5ef9b
5f080
5f418
5f0f4
5f572
5f897
5f2c0
5f48c
