00000
00003
00006
00009
0000c
00010
00013
00018
0001c
00020
00023
00027
0002a
00030
00035
0003a
0003e
00041
00045
00048
0004e
00053
00058
0005c
00061
00065
00069
0006c
0006e
00071
00076
0007a
0007d
00080
00083
00087
0008d
00092
00096
0009a
000a2
000a9
000b0
000b6
000bc
000c1
000c7
000cc
000d1
000d5
000d9
000dc
000df
000e2
000e6
000e9
000ee
000f2
000f6
000f9
000fd
00100
00106
0010b
00110
00114
00117
0011b
0011e
00124
00129
0012e
00132
00137
0013b
0013f
00142
00144
00147
0014c
00150
00153
00156
00159
0015d
00163
00168
0016c
00170
00178
0017f
00186
0018c
00192
00197
0019d
001a2
001a7
001ab
001af
001b2
001b5
001b8
001bc
001bf
001c4
001c8
001cc
001cf
001d3
001d6
001dc
001e1
001e6
001ea
001ed
001f1
001f4
001fa
001ff
00204
00208
0020d
00211
00215
00218
0021a
0021d
00222
00226
00229
0022c
0022f
00233
00239
0023e
00242
00246
0024e
00255
0025c
00262
00268
0026d
00273
00278
0027d
00281
00285
00288
0028b
0028e
00292
00295
00299
0029c
002a1
002a5
002a9
002ac
002b2
002b7
002bc
002c0
002c3
002c7
002ca
002d0
002d5
002da
002de
002e3
002e7
002eb
002ee
002f0
002f3
002f8
002fc
002ff
00302
00305
00309
0030f
00314
00318
0031c
00324
0032b
00332
00338
0033e
00343
00349
0034e
00353
00357
0035b
0035e
00361
00364
00367
0036b
0036e
00372
00375
00379
0037e
00382
00386
0038b
00391
00396
00399
0039d
003a0
003a6
003ab
003b0
003b4
003b9
003bd
003c1
003c4
003c6
003c9
003ce
003d2
003d5
003d8
003db
003df
003e5
003ea
003ee
003f2
003fa
00401
00408
0040e
00414
00419
0041f
00424
00429
0042d
00431
00434
00437
0043b
0043f
00442
00447
0044b
0044f
00452
00458
0045d
00462
00466
00469
0046d
00470
00476
0047b
00480
00484
00489
0048d
00491
00494
0049a
0049f
004a3
004a7
004ab
004ae
004b0
004b3
004b8
004bc
004bf
004c2
004ca
004d1
004d8
004de
004e4
004e9
004ef
004f4
004f9
004fd
00501
00504
00507
0050a
0050d
00510
00515
00519
0051d
00520
00524
00527
0052d
00532
00537
0053b
0053e
00544
00549
0054e
00552
00557
0055b
00561
00566
0056a
0056d
00575
0057c
00583
00589
0058f
00594
00596
00599
0059d
005a2
005a5
005a8
005ab
005af
005b4
005ba
005be
005c2
005c5
005c8
005cb
005cf
005d4
005d8
005dc
005df
005e5
005ea
005ef
005f3
005f6
005fc
00601
00606
0060a
00610
00615
0061a
0061e
00622
00625
0062d
00634
0063b
00641
00647
0064c
0064e
00651
00655
0065a
0065d
00660
00663
00667
0066c
00672
00676
0067a
0067d
00680
00683
00687
0068c
00690
00694
00697
0069d
006a2
006a7
006ab
006ae
006b4
006b9
006be
006c2
006c8
006cd
006d2
006d6
006da
006dd
006e5
006ec
006f3
006f9
006ff
00704
00706
00709
0070d
00712
00715
00718
0071e
00723
00727
0072b
0072f
00732
00735
00738
0073c
0073f
00744
00748
0074c
0074f
00755
0075a
0075f
00763
00766
0076c
00771
00776
0077a
00780
00785
0078a
0078e
00792
00795
0079a
007a1
007a9
007af
007b6
007bc
007be
007c1
007c5
007ca
007cd
007d0
007d3
007d7
007dc
007e2
007e6
007ea
007ed
007f0
007f4
007f7
007fc
00800
00804
00807
0080d
00812
00817
0081b
0081e
00822
00827
0082d
00832
00835
00839
0083e
00843
00849
0084d
00852
00859
00861
00867
0086e
00874
00876
00879
0087d
00882
00885
00888
0088b
0088f
00894
0089a
0089e
008a2
008a6
008a9
008ae
008b2
008b6
008b9
008bf
008c4
008c9
008cd
008d0
008d6
008db
008e0
008e4
008ec
008f3
008fa
00900
00906
0090b
00910
00914
0091a
0091f
00923
00926
00929
0092d
00932
00938
0093c
00940
00942
00945
00949
0094e
00951
00954
00957
0095a
0095d
00960
00965
00969
0096d
00970
00974
00977
0097d
00982
00987
0098b
0098e
00993
00999
0099d
009a1
009a6
009a9
009b1
009b8
009be
009c5
009cb
009d0
009d2
009d5
009da
009dd
009e1
009e4
009e7
009eb
009f1
009f5
009fa
009fe
00a01
00a04
00a09
00a0d
00a11
00a14
00a18
00a1b
00a21
00a26
00a2b
00a2f
00a32
00a35
00a39
00a3f
00a44
00a49
00a4d
00a52
00a58
00a60
00a67
00a6e
00a74
00a76
00a79
00a7e
00a81
00a85
00a88
00a8b
00a8f
00a95
00a99
00a9e
00aa2
00aa5
00aa8
00aad
00ab1
00ab5
00ab8
00abc
00abf
00ac5
00aca
00acf
00ad3
00ad6
00ade
00ae5
00aeb
00af2
00af8
00afd
00b00
00b04
00b0a
00b0f
00b14
00b18
00b1a
00b1d
00b22
00b25
00b29
00b2c
00b2f
00b33
00b39
00b3d
00b42
00b46
00b49
00b4c
00b50
00b53
00b58
00b5c
00b60
00b63
00b69
00b6e
00b73
00b77
00b7a
00b80
00b85
00b89
00b8e
00b92
00b95
00b9d
00ba4
00baa
00bb1
00bb7
00bbc
00bbe
00bc1
00bc6
00bc9
00bcd
00bd0
00bd3
00bd7
00bdd
00be1
00be6
00bea
00bed
00bf0
00bf4
00bf7
00bfc
00c00
00c04
00c07
00c0b
00c10
00c16
00c1b
00c1e
00c23
00c29
00c2d
00c31
00c36
00c39
00c41
00c48
00c4e
00c55
00c5b
00c60
00c62
00c65
00c6a
00c6d
00c71
00c74
00c77
00c7b
00c81
00c85
00c8a
00c8e
00c91
00c95
00c9a
00c9e
00ca2
00ca5
00ca9
00cae
00cb4
00cb9
00cbc
00cc1
00cc7
00ccb
00ccf
00cd4
00cd7
00cdf
00ce6
00cec
00cf3
00cf9
00cfe
00d01
00d05
00d0b
00d0f
00d14
00d18
00d1a
00d1d
00d22
00d25
00d29
00d2c
00d2f
00d32
00d35
00d38
00d3d
00d41
00d45
00d48
00d4b
00d4f
00d53
00d58
00d5e
00d63
00d68
00d6e
00d72
00d76
00d7b
00d7e
00d85
00d8b
00d93
00d99
00da0
00da5
00da7
00daa
00daf
00db2
00db6
00db9
00dbc
00dc0
00dc6
00dca
00dcf
00dd3
00dd6
00dd9
00dde
00de2
00de6
00de9
00dec
00df0
00df6
00dfb
00e00
00e04
00e0a
00e0f
00e13
00e18
00e1c
00e1f
00e26
00e2c
00e34
00e3a
00e41
00e46
00e48
00e4b
00e50
00e53
00e57
00e5a
00e60
00e64
00e69
00e6d
00e71
00e74
00e77
00e7a
00e7d
00e81
00e86
00e8a
00e8e
00e91
00e97
00e9c
00ea1
00ea5
00eac
00eb2
00eba
00ec0
00ec7
00ecc
00ed2
00ed7
00edb
00ee0
00ee4
00ee7
00ee9
00eec
00ef1
00ef4
00ef8
00efb
00efe
00f02
00f08
00f0c
00f11
00f15
00f18
00f1b
00f1e
00f22
00f27
00f2b
00f2f
00f32
00f36
00f3b
00f41
00f46
00f4c
00f51
00f55
00f5a
00f5e
00f61
00f68
00f6e
00f76
00f7c
00f83
00f88
00f8a
00f8d
00f92
00f95
00f99
00f9c
00f9f
00fa3
00fa9
00fad
00fb2
00fb6
00fb9
00fbc
00fc0
00fc3
00fc8
00fcc
00fd0
00fd3
00fd9
00fde
00fe3
00fe7
00fec
00ff2
00ff6
00ffa
00fff
01002
01009
0100f
01017
0101d
01024
01029
0102b
0102e
01033
01036
0103a
0103d
01040
01044
0104a
0104e
01053
01057
0105a
0105e
01063
01067
0106b
0106e
01072
01077
0107d
01082
01087
0108d
01091
01095
0109a
0109d
010a4
010aa
010b2
010b8
010bf
010c4
010ca
010ce
010d3
010d7
010db
010de
010e0
010e3
010e8
010eb
010ef
010f2
010f5
010f8
010fb
010fe
01101
01105
0110a
0110e
01112
01115
0111b
01120
01125
01129
0112e
01134
01138
0113c
01141
01144
0114b
01151
01159
0115f
01166
0116b
0116d
01170
01175
01178
0117c
0117f
01182
01186
0118c
01190
01195
01199
0119c
0119f
011a4
011a8
011ac
011af
011b2
011b6
011ba
011bf
011c5
011ca
011d0
011d5
011d9
011de
011e2
011e5
011ea
011f0
011f7
011fd
01205
0120c
0120e
01211
01216
01219
0121d
01220
01223
01227
0122d
01231
01236
0123a
0123d
01240
01243
01247
0124c
01250
01254
01257
0125d
01262
01267
0126b
01270
01276
0127d
01283
0128b
01292
01295
01299
0129f
012a4
012a9
012ad
012af
012b2
012b7
012ba
012be
012c1
012c4
012c8
012ce
012d2
012d7
012db
012de
012e1
012e5
012e8
012eb
012ef
012f4
012f8
012fe
01303
01308
0130c
01312
01317
0131b
01320
01324
01327
0132e
01334
0133c
01342
01349
0134e
01350
01353
01358
0135b
0135f
01362
01365
01369
0136f
01373
01378
0137c
0137f
01382
01386
01389
0138c
01390
01395
01399
0139f
013a4
013a9
013ad
013b2
013b8
013bc
013c0
013c5
013c8
013cf
013d5
013dd
013e3
013ea
013ef
013f1
013f4
013f9
013fc
01400
01403
01409
0140d
01412
01416
0141a
0141d
01421
01424
01429
0142d
01431
01434
0143a
0143f
01444
01448
0144d
01453
01457
0145b
01460
01463
0146a
01470
01478
0147e
01485
0148a
0148d
01491
01497
0149b
014a0
014a4
014a6
014a9
014ae
014b1
014b5
014b8
014bb
014be
014c1
014c4
014c9
014cd
014d1
014d4
014d7
014db
014df
014e4
014ea
014ef
014f2
014f6
014fb
01501
01505
0150a
0150f
01515
0151c
01522
0152a
01531
01533
01536
0153b
0153e
01542
01545
01548
0154c
01552
01556
0155b
0155f
01562
01565
0156a
0156e
01572
01575
01578
0157c
01580
01585
0158b
01590
01596
0159b
0159f
015a4
015a8
015ab
015b2
015b8
015c0
015c6
015cd
015d2
015d4
015d7
015dc
015df
015e3
015e6
015e9
015ed
015f3
015f7
015fc
01600
01603
01606
0160b
0160f
01613
01616
0161a
0161d
01623
01628
0162d
01631
01638
0163e
01646
0164c
01653
01658
0165b
0165f
01665
0166a
0166f
01673
01675
01678
0167d
01680
01684
01687
0168a
0168e
01694
01698
0169d
016a1
016a4
016a7
016aa
016ae
016b3
016b7
016bb
016be
016c2
016c7
016cd
016d2
016d5
016d9
016df
016e4
016e9
016ed
016f2
016f8
016ff
01705
0170d
01714
01716
01719
0171e
01721
01725
01728
0172b
0172f
01735
01739
0173e
01742
01745
01748
0174c
0174f
01752
01756
0175b
0175f
01765
0176a
0176f
01773
01776
0177a
0177f
01785
01789
0178e
01795
0179b
017a3
017a9
017b0
017b5
017b7
017ba
017bf
017c2
017c6
017c9
017cc
017d0
017d6
017da
017df
017e3
017e6
017ea
017ef
017f3
017f7
017fa
017fe
01803
01809
0180e
01813
01819
0181d
01821
01826
01829
01830
01836
0183e
01844
0184b
01850
01853
01857
0185d
01861
01866
0186a
0186c
0186f
01874
01877
0187b
0187e
01881
01884
01887
0188a
0188d
01891
01896
0189a
0189e
018a1
018a7
018ac
018b1
018b5
018ba
018c0
018c4
018c8
018cd
018d0
018d7
018dd
018e5
018eb
018f2
018f7
018f9
018fc
01901
01904
01908
0190b
0190e
01912
01918
0191c
01921
01925
01928
0192b
01930
01934
01938
0193b
0193f
01942
01948
0194d
01952
01956
0195c
01961
01965
0196a
0196e
01971
01978
0197e
01986
0198c
01993
01998
0199a
0199d
019a2
019a5
019a9
019ac
019af
019b3
019b9
019bd
019c2
019c6
019c9
019cc
019cf
019d3
019d8
019dc
019e0
019e3
019e9
019ee
019f3
019f7
019fe
01a04
01a0c
01a12
01a19
01a1e
01a24
01a29
01a2d
01a32
01a36
01a39
01a3b
01a3e
01a43
01a46
01a4a
01a4d
01a50
01a54
01a5a
01a5e
01a63
01a67
01a6a
01a6d
01a71
01a74
01a77
01a7b
01a80
01a84
01a8a
01a8f
01a94
01a98
01a9e
01aa3
01aa7
01aac
01ab0
01ab3
01aba
01ac0
01ac8
01ace
01ad5
01ada
01adc
01adf
01ae4
01ae7
01aeb
01aee
01af1
01af5
01afb
01aff
01b04
01b08
01b0b
01b0e
01b12
01b15
01b18
01b1c
01b21
01b25
01b2b
01b30
01b35
01b39
01b3c
01b40
01b45
01b4b
01b4f
01b54
01b59
01b5f
01b66
01b6c
01b74
01b7b
01b7d
01b80
01b85
01b88
01b8c
01b8f
01b92
01b96
01b9c
01ba0
01ba5
01ba9
01bac
01bb0
01bb5
01bb9
01bbd
01bc0
01bc4
01bc9
01bcf
01bd4
01bd9
01bdf
01be3
01be7
01bec
01bef
01bf6
01bfc
01c04
01c0a
01c11
01c16
01c19
01c1d
01c23
01c27
01c2c
01c30
01c32
01c35
01c3a
01c3d
01c41
01c44
01c47
01c4a
01c4d
01c50
01c55
01c59
01c5d
01c60
01c64
01c67
01c6d
01c72
01c77
01c7b
01c7e
01c82
01c87
01c8d
01c91
01c96
01c9b
01ca1
01ca8
01cae
01cb6
01cbd
01cbf
01cc2
01cc7
01cca
01cce
01cd1
01cd4
01cd8
01cde
01ce2
01ce7
01ceb
01cee
01cf1
01cf6
01cfa
01cfe
01d01
01d05
01d08
01d0e
01d13
01d18
01d1c
01d22
01d27
01d2b
01d30
01d34
01d37
01d3e
01d44
01d4c
01d52
01d59
01d5e
01d60
01d63
01d68
01d6b
01d6f
01d72
01d75
01d79
01d7f
01d83
01d88
01d8c
01d8f
01d92
01d95
01d99
01d9e
01da2
01da6
01da9
01daf
01db4
01db9
01dbd
01dc2
01dc8
01dcf
01dd5
01ddd
01de4
01de7
01deb
01df1
01df6
01dfb
01dff
01e01
01e04
01e09
01e0c
01e10
01e13
01e16
01e1a
01e20
01e24
01e29
01e2d
01e30
01e33
01e37
01e3a
01e3f
01e43
01e47
01e4a
01e50
01e55
01e5a
01e5e
01e61
01e65
01e6b
01e70
01e75
01e79
01e7e
01e84
01e8b
01e91
01e99
01ea0
01ea2
01ea5
01eaa
01ead
01eb1
01eb4
01eb7
01ebb
01ec1
01ec5
01eca
01ece
01ed1
01ed4
01ed8
01edb
01ee0
01ee4
01ee8
01eeb
01ef1
01ef6
01efb
01eff
01f02
01f06
01f0b
01f11
01f15
01f1a
01f1f
01f25
01f2c
01f32
01f3a
01f41
01f43
01f46
01f4b
01f4e
01f52
01f55
01f58
01f5c
01f62
01f66
01f6b
01f6f
01f73
01f76
01f7b
01f7f
01f83
01f86
01f8c
01f91
01f96
01f9a
01f9f
01fa5
01fa9
01fad
01fb2
01fb5
01fbc
01fc2
01fca
01fd0
01fd7
01fdc
01fdf
01fe3
01fe9
01fed
01ff2
01ff6
01ff8
01ffb
02000
02003
02007
0200a
0200d
02010
02013
02016
0201b
0201f
02023
02026
0202a
0202d
02033
02038
0203d
02041
02046
0204c
02050
02054
02059
0205c
02063
02069
02071
02077
0207e
02083
02085
02088
0208d
02090
02094
02097
0209a
0209e
020a4
020a8
020ad
020b1
020b4
020b7
020bc
020c0
020c4
020c7
020cb
020ce
020d4
020d9
020de
020e2
020e8
020ed
020f1
020f6
020fa
020fd
02104
0210a
02112
02118
0211f
02124
02126
02129
0212e
02131
02135
02138
0213b
0213f
02145
02149
0214e
02152
02155
02158
0215d
02161
02165
02168
0216c
0216f
02175
0217a
0217f
02183
02188
0218e
02195
0219b
021a3
021aa
021ad
021b1
021b7
021bc
021c1
021c5
021c7
021ca
021cf
021d2
021d6
021d9
021dc
021e0
021e6
021ea
021ef
021f3
021f6
021f9
021fd
02200
02205
02209
0220d
02210
02216
0221b
02220
02224
0222a
0222f
02233
02238
0223c
0223f
02246
0224c
02254
0225a
02261
02266
02268
0226b
02270
02273
02277
0227a
0227d
02281
02287
0228b
02290
02294
02297
0229a
0229d
022a1
022a6
022aa
022ae
022b1
022b7
022bc
022c1
022c5
022ca
022d0
022d4
022d8
022dd
022e0
022e7
022ed
022f5
022fb
02302
02307
02309
0230c
02311
02314
02318
0231b
0231e
02322
02328
0232c
02331
02335
02338
0233c
02341
02345
02349
0234c
02352
02357
0235c
02360
02365
0236b
0236f
02373
02378
0237b
02382
02388
02390
02396
0239d
023a2
023a5
023a9
023af
023b3
023b8
023bc
023be
023c1
023c6
023c9
023cd
023d0
023d3
023d6
023db
023df
023e3
023e6
023ea
023ed
023f3
023f8
023fd
02401
02404
02408
0240e
02412
02417
0241b
02420
02426
0242a
0242e
02433
02436
0243d
02443
0244b
02451
02458
0245d
0245f
02462
02467
0246a
0246e
02471
02474
02477
0247b
02480
02484
02487
0248b
0248f
02494
0249a
0249f
024a5
024a9
024ae
024b2
024b6
024b9
024bf
024c4
024c8
024cd
024d1
024d4
024db
024e1
024e9
024ef
024f6
024fb
024fd
02500
02505
02508
0250c
0250f
02512
02515
02519
0251e
02522
02526
02529
0252f
02534
02539
0253d
02543
02547
0254c
02550
02554
02557
0255e
02564
0256c
02572
02579
0257e
02584
02589
0258d
02592
02596
02599
0259b
0259e
025a3
025a6
025aa
025ad
025b0
025b4
025b7
025bc
025c0
025c4
025c7
025cd
025d2
025d7
025db
025de
025e2
025e8
025ec
025f1
025f5
025fb
02600
02604
02609
0260d
02610
02617
0261d
02625
0262b
02632
02637
02639
0263c
02641
02644
02648
0264b
0264e
02652
02655
0265a
0265e
02662
02665
0266b
02670
02675
02679
0267c
02680
02686
0268a
0268f
02693
02698
0269e
026a2
026a6
026ab
026ae
026b5
026bb
026c3
026c9
026d0
026d5
026d7
026da
026df
026e2
026e6
026e9
026ed
026f0
026f5
026f9
026fd
02700
02706
0270b
02710
02714
02717
0271b
02721
02725
0272a
0272e
02733
02739
0273d
02741
02746
02749
02750
02756
0275e
02764
0276b
02770
02772
02775
0277a
0277d
02781
02784
02787
0278a
0278f
02793
02797
0279a
027a1
027a7
027af
027b5
027bc
027c1
027c4
027c8
027ce
027d2
027d7
027db
027e0
027e6
027ea
027ee
027f3
027f6
027f8
027fb
02800
02803
02807
0280a
0280d
02812
02816
0281a
0281d
02824
0282a
02832
02838
0283f
02844
02847
0284b
02851
02855
0285a
0285e
02861
02865
0286b
02870
02875
02879
0287b
0287e
02883
02886
0288a
0288d
02890
02895
02899
0289d
028a0
028a7
028ad
028b5
028bb
028c2
028c7
028cd
028d1
028d6
028da
028de
028e1
028e4
028e8
028ee
028f3
028f8
028fc
028fe
02901
02906
02909
0290d
02910
02913
02918
0291c
02920
02923
0292a
02930
02938
0293e
02945
0294a
02950
02954
02959
0295d
02961
02964
0296a
0296f
02973
02978
0297c
0297f
02981
02984
02989
0298c
02990
02993
02996
02999
0299d
029a2
029a6
029ad
029b3
029bb
029c1
029c8
029cd
029d0
029d4
029da
029de
029e3
029e7
029ec
029f2
029f6
029fa
029ff
02a02
02a04
02a07
02a0c
02a0f
02a13
02a16
02a1b
02a1f
02a23
02a26
02a2d
02a33
02a3b
02a41
02a48
02a4d
02a50
02a54
02a5a
02a5e
02a63
02a67
02a6c
02a72
02a76
02a7a
02a7f
02a82
02a84
02a87
02a8c
02a8f
02a93
02a96
02a99
02a9c
02aa3
02aa9
02ab1
02ab7
02abe
02ac3
02ac9
02acd
02ad2
02ad6
02ada
02add
02ae2
02ae8
02aec
02af0
02af5
02af8
02afa
02afd
02b02
02b05
02b09
02b0c
02b0f
02b16
02b1c
02b24
02b2a
02b31
02b36
02b39
02b3d
02b43
02b47
02b4c
02b50
02b56
02b5b
02b5f
02b64
02b68
02b6b
02b6d
02b70
02b75
02b78
02b7c
02b7f
02b82
02b89
02b8f
02b97
02b9d
02ba4
02ba9
02baf
02bb3
02bb8
02bbc
02bc0
02bc3
02bc9
02bce
02bd2
02bd7
02bdb
02bde
02be0
02be3
02be8
02beb
02bef
02bf2
02bf5
02bfc
02c02
02c0a
02c10
02c17
02c1c
02c22
02c26
02c2b
02c2f
02c33
02c36
02c3c
02c41
02c45
02c4a
02c4e
02c51
02c53
02c56
02c5b
02c5e
02c62
02c65
02c68
02c6f
02c75
02c7d
02c83
02c8a
02c8f
02c95
02c99
02c9e
02ca2
02ca6
02ca9
02cac
02cb0
02cb5
02cbb
02cbf
02cc4
02cc6
02cc9
02cce
02cd1
02cd5
02cd8
02cdf
02ce5
02ced
02cf3
02cfa
02cff
02d05
02d09
02d0e
02d12
02d16
02d19
02d1e
02d24
02d28
02d2c
02d31
02d34
02d36
02d39
02d3e
02d41
02d45
02d48
02d4b
02d51
02d5a
02d60
02d66
02d69
02d6f
02d72
02d7b
02d81
02d87
02d8a
02d93
02d9b
02da3
02daa
02db1
02db7
02dc0
02dc8
02dcf
02dd7
02dde
02de4
02dea
02df0
02df6
02dfb
02e00
02e04
02e0d
02e15
02e1b
02e21
02e26
02e2a
02e2e
02e33
02e37
02e3a
02e43
02e4b
02e53
02e5a
02e60
02e63
02e6c
02e74
02e7c
02e83
02e8a
02e90
02e99
02ea1
02ea8
02eb0
02eb7
02ebd
02ec5
02ecc
02ed5
02edc
02ee4
02eea
02ef0
02ef5
02efe
02f04
02f08
02f0e
02f14
02f19
02f1e
02f22
02f27
02f2d
02f31
02f39
02f3d
02f40
02f47
02f4e
02f54
02f5b
02f62
02f66
02f6f
02f77
02f7e
02f86
02f8d
02f93
02f99
02f9c
02fa2
02fa7
02fac
02fb0
02fb9
02fc1
02fc7
02fcd
02fd2
02fd6
02fdc
02fe2
02fe6
02feb
02fef
02ff2
02ff9
03000
03007
0300e
03014
03018
03021
03029
03031
03038
0303e
03041
03049
0304e
03053
0305c
03062
03068
0306d
03075
0307c
03081
03088
0308e
03093
0309a
030a0
030a6
030ab
030b3
030bb
030c1
030c6
030ce
030d5
030da
030dc
030e1
030e4
030ea
030f2
030f7
030fd
03100
03103
03109
03112
03118
0311e
03121
0312a
03132
0313a
03141
03148
0314e
03157
0315f
03166
0316e
03175
0317b
03181
03186
0318c
03192
03197
0319b
031a4
031ac
031b2
031b7
031bd
031c1
031c6
031ca
031ce
031d1
031da
031e2
031ea
031f1
031f7
031fa
03203
0320b
03213
0321a
03221
03227
03230
03238
0323f
03247
0324e
03254
0325c
03263
0326c
03273
0327b
03281
03287
0328c
03295
0329b
0329f
032a5
032ab
032b0
032b5
032b9
032bf
032c4
032c8
032d0
032d4
032d7
032de
032e5
032eb
032f2
032f9
032fd
03306
0330e
03315
0331d
03324
0332a
03330
03333
03339
0333e
03343
03347
03350
03358
0335e
03363
03369
0336d
03373
03379
0337e
03382
03386
03389
03390
03397
0339e
033a5
033ab
033af
033b8
033c0
033c8
033cf
033d5
033d8
033e0
033e5
033ea
033f3
033f9
033ff
03404
0340c
03413
03418
0341f
03425
0342a
03431
03437
0343d
03442
0344a
03452
03458
0345d
03465
0346c
03471
03473
03478
0347b
03481
03489
0348e
03494
03497
0349a
034a0
034a9
034af
034b5
034b8
034c1
034c9
034d1
034d8
034df
034e5
034ee
034f6
034fd
03505
0350c
03512
03518
0351d
03523
03529
0352e
03532
0353b
03543
03549
0354f
03554
03558
0355c
03561
03565
03568
03571
03579
03581
03588
0358e
03591
0359a
035a2
035aa
035b1
035b8
035be
035c7
035cf
035d6
035de
035e5
035eb
035f3
035fa
03603
0360a
03612
03618
0361e
03623
0362c
03632
03636
0363c
03642
03647
0364c
03650
03656
0365b
0365f
03667
0366b
0366e
03675
0367c
03682
03689
03690
03694
0369d
036a5
036ac
036b4
036bb
036c1
036c4
036ca
036d0
036d5
036da
036de
036e7
036ef
036f5
036fb
03700
03704
0370a
03710
03714
03719
0371d
03720
03727
0372e
03735
0373c
03742
03746
0374f
03757
0375f
03766
0376c
0376f
03777
0377c
03781
0378a
03790
03796
0379b
037a3
037aa
037af
037b6
037bc
037c1
037c8
037ce
037d4
037d9
037e1
037e9
037ef
037f4
037fc
03803
03808
0380a
0380f
03812
03818
03820
03825
0382b
0382e
03831
03837
03840
03846
0384c
0384f
03858
03860
03867
0386f
03876
0387c
03884
0388b
03894
0389b
038a3
038a9
038af
038b4
038bd
038c3
038c7
038cd
038d3
038d8
038dd
038e1
038e7
038ec
038f0
038f8
038fc
038ff
03908
03910
03918
0391f
03926
0392c
03935
0393d
03944
0394c
03953
03959
0395f
03964
0396a
03970
03975
03979
03982
0398a
03990
03996
0399b
0399f
039a3
039a8
039ac
039af
039b8
039c0
039c8
039cf
039d5
039d8
039e1
039e9
039f1
039f8
039ff
03a05
03a0c
03a13
03a19
03a20
03a27
03a2b
03a34
03a3c
03a43
03a4b
03a52
03a58
03a5b
03a61
03a67
03a6c
03a71
03a75
03a7e
03a86
03a8c
03a92
03a97
03a9b
03aa1
03aa7
03aab
03ab0
03ab4
03ab7
03abe
03ac5
03acc
03ad3
03ad9
03add
03ae6
03aee
03af6
03afd
03b03
03b06
03b0e
03b13
03b18
03b21
03b27
03b2d
03b32
03b3a
03b41
03b46
03b4d
03b53
03b58
03b5f
03b65
03b6b
03b70
03b78
03b80
03b86
03b8b
03b93
03b9a
03b9f
03ba1
03ba6
03ba9
03baf
03bb7
03bbc
03bc2
03bc5
03bc8
03bce
03bd7
03bdd
03be3
03be6
03be9
03bf2
03bfa
03c01
03c09
03c10
03c16
03c1e
03c25
03c2e
03c35
03c3d
03c43
03c47
03c4d
03c53
03c59
03c5e
03c63
03c67
03c6c
03c75
03c7b
03c80
03c86
03c8a
03c92
03c96
03c9c
03ca4
03cad
03cb4
03cbc
03cc3
03ccc
03cd4
03cdb
03ce3
03cea
03cf0
03cf3
03cf9
03cff
03d04
03d0a
03d0e
03d13
03d1c
03d24
03d28
03d2e
03d34
03d39
03d3d
03d41
03d46
03d4f
03d57
03d5f
03d66
03d6c
03d6f
03d78
03d80
03d88
03d8f
03d96
03d9c
03da3
03daa
03db0
03db7
03dbe
03dc2
03dcb
03dd3
03dda
03de2
03de9
03def
03df2
03df8
03dfe
03e03
03e08
03e0c
03e15
03e1d
03e23
03e29
03e2e
03e32
03e38
03e3e
03e42
03e47
03e4b
03e4e
03e55
03e5c
03e63
03e6a
03e70
03e74
03e7d
03e85
03e8d
03e94
03e9a
03e9d
03ea6
03eac
03eb2
03eb7
03ebf
03ec4
03ec9
03ed1
03ed8
03edd
03ee4
03eea
03eef
03ef6
03efc
03f02
03f0a
03f12
03f17
03f1d
03f22
03f2a
03f31
03f36
03f38
03f3d
03f40
03f46
03f4e
03f53
03f59
03f5c
03f65
03f6d
03f75
03f7c
03f83
03f89
03f8c
03f92
03f99
03fa2
03faa
03fb2
03fb9
03fbf
03fc6
03fce
03fd5
03fde
03fe6
03fea
03ff0
03ff5
03ffe
04004
04008
0400e
04014
04019
0401e
04023
04029
0402d
04035
04039
0403f
04047
04050
04057
0405f
04066
0406f
04077
0407e
04086
0408d
04093
04099
0409f
040a5
040aa
040af
040b3
040bc
040c4
040ca
040d0
040d5
040d9
040dd
040e2
040e6
040e9
040f2
040fa
04102
04109
0410f
04112
04119
04120
04126
0412d
04134
04138
04141
04149
04150
04158
0415f
04165
04168
0416e
04174
04179
0417e
04182
0418b
04193
04199
0419f
041a4
041a8
041ae
041b4
041b8
041bd
041c1
041c4
041cb
041d2
041d9
041e0
041e6
041ea
041f3
041fb
04203
0420a
04210
04213
0421b
04220
04225
0422e
04234
0423a
0423f
04247
0424e
04254
04259
04260
04266
0426b
04272
04278
04280
04288
0428d
04293
04298
042a0
042a7
042ac
042b2
042b5
042b7
042bc
042c4
042c9
042cf
042d2
042d5
042db
042e4
042ea
042f0
042f3
042f6
042fc
04305
0430b
04311
04314
0431d
04325
0432b
04333
0433a
0433d
04346
0434e
04355
0435d
04364
0436a
04370
04376
0437f
04387
0438d
04392
04398
0439c
043a2
043a7
043ac
043b0
043b5
043b9
043bd
043c0
043c7
043ce
043d5
043db
043e2
043e6
043e9
043ef
043f6
043fd
04404
0440b
04411
04415
0441d
04422
04429
0442e
04437
0443d
04442
04447
0444d
04452
0445a
04461
04466
0446d
04473
04479
0447e
04484
0448c
04494
0449c
044a3
044a9
044ae
044b4
044b7
044bf
044c4
044c6
044cb
044ce
044d4
044d7
044dd
044e6
044ec
044f2
044f5
044fe
04506
0450c
04514
0451b
0451e
04527
0452f
04536
0453e
04545
0454b
04551
04557
04560
04568
0456e
04573
04579
0457d
04583
04588
0458d
04591
04596
0459a
0459e
045a1
045a8
045af
045b6
045bc
045c3
045c7
045cd
045d0
045d7
045de
045e5
045ec
045f2
045f6
045ff
04605
0460a
04612
04617
0461e
04623
04628
0462e
04633
0463b
04642
04647
0464e
04654
0465a
0465f
04665
0466d
04675
0467d
04684
0468a
0468f
04695
04698
046a0
046a5
046a7
046ac
046af
046b5
046bb
046be
046c7
046cd
046d3
046d6
046df
046e7
046ed
046f5
046fc
046ff
04708
04710
04717
0471f
04726
0472c
04735
0473d
04743
04749
0474f
04754
0475a
0475e
04764
04769
0476e
04772
04777
0477b
0477f
04782
04789
04790
04797
0479d
047a4
047a8
047ae
047b1
047b8
047bf
047c6
047cd
047d3
047d7
047df
047e4
047eb
047f0
047f9
047ff
04804
04809
0480f
04814
0481c
04823
04828
0482f
04835
0483b
04840
04846
0484e
04856
0485e
04865
0486b
04870
04876
04879
04881
04886
04888
0488d
04893
04896
04899
0489f
048a8
048ae
048b4
048b7
048c0
048c8
048cf
048d7
048de
048e4
048ed
048f5
048fb
04901
04907
0490c
04912
04916
0491c
04921
04926
0492a
0492f
04933
04937
0493a
04943
0494b
04951
04959
04960
04963
0496a
04971
04978
0497e
04985
04989
0498c
04992
04999
049a0
049a7
049ae
049b4
049b8
049c0
049c5
049cc
049d1
049da
049e0
049e5
049ea
049f0
049f5
049fd
04a04
04a09
04a10
04a16
04a1c
04a21
04a27
04a2f
04a37
04a3f
04a46
04a4c
04a51
04a57
04a5a
04a5f
04a67
04a69
04a6e
04a71
04a77
04a7a
04a80
04a89
04a8f
04a95
04a98
04aa1
04aa9
04ab0
04ab8
04abf
04ac5
04acb
04ad1
04ada
04ae2
04ae8
04aee
04af3
04af8
04afc
04b01
04b07
04b0b
04b10
04b14
04b18
04b1b
04b24
04b2c
04b32
04b3a
04b41
04b44
04b4b
04b52
04b59
04b5f
04b66
04b6a
04b6d
04b73
04b7a
04b81
04b88
04b8f
04b95
04b99
04ba1
04ba6
04bad
04bb2
04bbb
04bc1
04bc6
04bcc
04bd1
04bd6
04bde
04be5
04bea
04bf1
04bf7
04bfd
04c02
04c08
04c10
04c18
04c20
04c27
04c2d
04c32
04c35
04c3b
04c40
04c48
04c4a
04c4f
04c52
04c58
04c61
04c69
04c70
04c78
04c7f
04c85
04c8b
04c91
04c9a
04ca2
04ca8
04cad
04cb3
04cb7
04cbd
04cc2
04cc7
04ccb
04cd0
04cd4
04cd8
04cdb
04ce4
04cec
04cf2
04cfa
04d01
04d04
04d0b
04d12
04d19
04d1f
04d26
04d2a
04d2d
04d33
04d3a
04d41
04d48
04d4f
04d55
04d59
04d61
04d66
04d6d
04d72
04d7b
04d81
04d86
04d8b
04d91
04d96
04d9e
04da5
04dab
04db0
04db7
04dbd
04dc3
04dc8
04dd0
04dd8
04de0
04de7
04ded
04df2
04dfa
04dff
04e05
04e08
04e0b
04e11
04e13
04e18
04e1b
04e21
04e2a
04e30
04e36
04e39
04e3c
04e42
04e4b
04e51
04e57
04e5a
04e63
04e6b
04e73
04e7a
04e80
04e83
04e89
04e90
04e99
04ea1
04ea9
04eb0
04eb9
04ec1
04ec7
04ecd
04ed3
04ed8
04ede
04ee2
04ee8
04eed
04ef2
04ef6
04efb
04eff
04f03
04f06
04f0d
04f14
04f1b
04f22
04f28
04f2c
04f2f
04f35
04f3d
04f42
04f49
04f51
04f57
04f5e
04f63
04f69
04f72
04f78
04f7e
04f86
04f8d
04f95
04f9a
04fa0
04fa5
04faa
04faf
04fb4
04fbb
04fc0
04fc6
04fce
04fd4
04fd7
04fdf
04fe4
04fe6
04feb
04fee
04ff4
04ff7
04ffd
05006
0500c
05012
05015
0501e
05026
0502e
05035
0503b
0503e
05047
0504f
05056
0505e
05065
0506b
05074
0507c
05082
05088
0508e
05093
05099
0509d
050a3
050a8
050ad
050b1
050b6
050ba
050be
050c1
050c8
050cf
050d6
050dd
050e3
050e7
050ed
050f0
050f9
050ff
05105
0510d
05114
0511c
05121
05127
0512f
05134
0513b
05143
05149
05150
05155
0515b
05160
05165
0516a
0516f
05176
0517b
05181
05189
0518c
05192
05197
0519f
051a1
051a6
051a9
051af
051b2
051b8
051c1
051c7
051cd
051d0
051d8
051df
051e8
051f0
051f6
051f9
05202
0520a
05211
05219
05220
05226
0522f
05237
0523d
05243
05249
0524e
05254
05258
0525e
05263
05268
0526c
05271
05275
05279
0527c
05283
0528a
05291
05298
0529e
052a2
052a8
052ab
052b3
052b8
052bf
052c7
052cd
052d4
052d9
052df
052e8
052ee
052f4
052fc
05303
0530b
05310
05316
0531b
05320
05325
0532a
05331
05336
0533c
05344
0534c
05351
05354
0535a
0535c
05361
05364
0536a
0536d
05373
0537c
05382
05388
0538b
05394
0539c
053a3
053ab
053b2
053b8
053c1
053c9
053cf
053d5
053db
053e0
053e6
053ea
053f0
053f5
053fa
053fe
05403
05407
0540b
0540e
05416
0541d
05426
0542e
05434
05437
0543e
05445
0544c
05453
05459
0545d
05463
05466
0546e
05473
0547a
05482
05488
0548f
05494
0549a
054a3
054a9
054af
054b7
054be
054c6
054cb
054d1
054d6
054db
054e0
054e5
054ec
054f1
054f7
054ff
05505
05508
05510
05515
05517
0551c
0551f
05525
05528
0552e
05537
0553d
05543
05546
0554f
05557
0555e
05566
0556d
05573
0557c
05584
0558a
05590
05596
0559c
055a1
055a6
055aa
055af
055b5
055b9
055be
055c2
055c6
055c9
055d1
055d8
055e1
055e9
055ef
055f2
055f9
05600
05607
0560e
05614
05618
0561e
05621
05629
0562e
05635
0563d
05643
0564a
0564f
05655
0565e
05664
0566a
05672
05679
05681
05686
0568c
05691
05696
0569b
056a0
056a7
056ac
056b2
056ba
056c0
056c3
056cb
056d0
056d2
056d7
056da
056e0
056e3
056e9
056f0
056f9
05701
05709
05710
05719
05721
05727
0572d
05731
05737
0573c
05742
05746
0574c
05751
05756
0575b
0575f
05763
0576c
05774
0577c
05783
05789
0578c
05793
0579a
057a1
057a8
057ae
057b2
057b8
057bb
057c3
057c8
057cf
057d7
057dd
057e4
057e9
057ef
057f8
057fe
05804
0580c
05813
0581b
05820
05826
0582b
05830
05835
0583a
05841
05847
0584c
05854
0585a
0585d
05865
0586a
0586d
05873
05875
0587a
0587d
05883
0588c
05892
05898
0589b
058a1
058a4
058ad
058b3
058b9
058bc
058c5
058cd
058d5
058dc
058e2
058e5
058e8
058f1
058f9
05900
05908
0590f
05915
05919
05922
05928
0592e
05933
0593b
05941
05947
0594b
05950
05954
0595a
0595f
05964
05968
0596f
05976
0597d
05984
0598a
0598e
05996
0599b
059a0
059a8
059b1
059b8
059be
059c3
059ca
059d0
059d7
059dc
059e2
059e8
059ee
059f6
059fd
05a05
05a0a
05a10
05a15
05a1a
05a1f
05a27
05a2d
05a30
05a38
05a3d
05a3f
05a44
05a47
05a4d
05a53
05a56
05a5f
05a65
05a6b
05a6e
05a77
05a7f
05a87
05a8e
05a94
05a97
05a9a
05aa0
05aa7
05ab0
05ab8
05ac0
05ac7
05acb
05ad4
05ada
05ae0
05ae5
05aed
05af3
05af9
05afd
05b02
05b06
05b0c
05b11
05b16
05b1a
05b21
05b28
05b2f
05b36
05b3c
05b40
05b48
05b4d
05b52
05b5b
05b63
05b6a
05b70
05b76
05b7c
05b84
05b8b
05b93
05b98
05b9e
05ba3
05baa
05bb0
05bb7
05bbc
05bc2
05bc7
05bcc
05bd1
05bd9
05bdf
05be2
05bea
05bef
05bf1
05bf6
05bfc
05bff
05c02
05c08
05c11
05c17
05c1d
05c20
05c29
05c31
05c39
05c40
05c46
05c49
05c52
05c5a
05c61
05c69
05c70
05c76
05c7f
05c85
05c8b
05c90
05c94
05c9c
05ca2
05ca8
05cad
05cb1
05cb7
05cbc
05cc0
05cc5
05cc9
05ccc
05cd3
05cda
05ce1
05ce8
05cee
05cf2
05cfa
05d03
05d0a
05d10
05d18
05d1d
05d22
05d27
05d2e
05d34
05d3b
05d40
05d46
05d4c
05d52
05d5a
05d61
05d69
05d6e
05d74
05d79
05d7e
05d83
05d8b
05d93
05d98
05d9e
05da1
05da3
05da8
05dab
05db1
05db4
05dba
05dc3
05dc9
05dcf
05dd2
05dd5
05dde
05de6
05ded
05df5
05dfc
05e02
05e06
05e0f
05e15
05e1b
05e20
05e28
05e2e
05e34
05e38
05e3d
05e41
05e47
05e4c
05e51
05e55
05e5e
05e66
05e6e
05e75
05e7b
05e7e
05e85
05e8c
05e93
05e9a
05ea0
05ea4
05eac
05eb1
05eb6
05ebe
05ec7
05ece
05ed4
05ed9
05ee0
05ee6
05eed
05ef2
05ef8
05efe
05f04
05f0c
05f13
05f1b
05f20
05f26
05f2b
05f30
05f35
05f3d
05f43
05f46
05f4e
05f53
05f55
05f5a
05f5d
05f63
05f66
05f6c
05f75
05f7b
05f81
05f84
05f8a
05f91
05f9a
05fa2
05faa
05fb1
05fba
05fc0
05fc5
05fcb
05fcf
05fd7
05fdd
05fe3
05fe9
05fee
05ff2
05ff7
05ffb
06000
06004
06007
06010
06018
06020
06027
0602d
06030
06037
0603e
06045
0604c
06052
06056
0605e
06063
06068
06070
06079
06080
06086
0608b
06092
06098
0609f
060a4
060aa
060b0
060b6
060be
060c5
060cd
060d2
060d8
060dd
060e2
060e7
060ef
060f5
060f8
06100
06105
06107
0610c
0610f
06115
06118
06121
06129
06130
06138
0613f
06145
06149
06152
06158
0615e
06163
0616b
06171
06177
0617b
06180
06184
0618a
0618f
06194
06198
061a1
061a9
061b1
061b8
061be
061c1
061c8
061cf
061d6
061dd
061e3
061e7
061ef
061f4
061f9
06201
0620a
06211
06217
0621c
06223
06229
06230
06235
0623b
06241
06247
0624f
06256
0625e
06263
06269
0626e
06273
06278
06280
06286
06289
06291
06296
0629c
0629f
062a1
062a6
062a9
062af
062b8
062be
062c4
062c7
062ca
062d0
062d9
062df
062e5
062e8
062f1
062f9
062ff
06307
0630e
06311
0631a
06322
06329
06331
06338
0633e
06347
0634f
06355
0635b
06360
06364
0636a
06370
06375
06379
0637f
06384
06388
0638d
06391
06394
0639b
063a2
063a9
063b0
063b6
063ba
063c2
063c7
063ce
063d3
063dc
063e2
063ea
063f2
063f7
063ff
06406
0640b
06411
06418
0641d
06423
06429
0642f
06436
0643e
06443
06449
0644e
06453
06459
0645c
06464
06469
0646b
06470
06473
06479
0647c
06482
0648b
06491
06497
0649a
064a3
064ab
064b1
064b9
064c0
064c3
064c6
064cf
064d7
064de
064e6
064ed
064f3
064fc
06504
06508
0650e
06514
06519
0651f
06525
06529
0652e
06532
06538
0653d
06542
06546
0654d
06554
0655b
06562
06568
0656c
06574
06579
06580
06585
0658e
06594
0659c
065a4
065a9
065b1
065b8
065be
065c4
065cb
065d3
065d8
065de
065e3
065e9
065f0
065f5
065fb
06600
06605
0660b
0660e
06613
0661b
0661d
06622
06625
0662b
0662e
06634
0663d
06643
06649
0664c
06655
0665d
06663
0666b
06672
06675
0667b
06682
0668b
06693
0669b
066a2
066ab
066b3
066b9
066bf
066c4
066c8
066ce
066d4
066d9
066dd
066e3
066e8
066ec
066f1
066f5
066f8
066ff
06706
0670d
06714
0671a
0671e
06726
0672b
06732
06737
06740
06746
0674e
06756
0675e
06765
0676a
0676f
06775
0677c
06781
06787
0678d
06793
0679a
067a2
067a7
067ad
067b2
067b7
067bc
067c4
067c7
067cd
067cf
067d4
067d7
067dd
067e0
067e6
067ef
067f5
067fb
067fe
06807
0680f
06816
0681e
06825
0682b
06834
0683c
06842
06848
0684d
06851
06857
0685d
06862
06866
0686c
06871
06875
0687a
0687e
06881
0688a
06892
06898
068a0
068a7
068aa
068b1
068b8
068bf
068c6
068cc
068d0
068d8
068dd
068e4
068e9
068f2
068f8
06900
06908
0690d
06915
0691c
06921
06927
0692e
06933
06939
0693f
06945
0694c
06954
06959
0695f
06964
06969
0696f
06972
0697a
0697f
06981
06986
06989
0698f
06995
06998
069a1
069a7
069ad
069b0
069b9
069c1
069c8
069d0
069d7
069dd
069e6
069ee
069f4
069f9
069ff
06a03
06a09
06a0f
06a15
06a1a
06a1e
06a23
06a27
06a2c
06a30
06a33
06a3c
06a44
06a4a
06a52
06a59
06a5c
06a63
06a6a
06a71
06a78
06a7e
06a82
06a8a
06a92
06a9a
06a9f
06aa6
06aab
06ab4
06aba
06abf
06ac7
06ace
06ad3
06ad9
06ae0
06ae5
06aeb
06af1
06af7
06afe
06b06
06b0b
06b11
06b16
06b1b
06b21
06b24
06b2c
06b31
06b33
06b38
06b3e
06b41
06b4a
06b52
06b59
06b61
06b68
06b6e
06b77
06b7f
06b85
06b8b
06b90
06b94
06b9a
06ba0
06ba5
06ba9
06baf
06bb4
06bb8
06bbd
06bc1
06bc4
06bcd
06bd5
06bdb
06be3
06bea
06bed
06bf4
06bfb
06c02
06c09
06c0f
06c13
06c1c
06c22
06c2a
06c32
06c3a
06c3f
06c46
06c4b
06c50
06c58
06c5f
06c64
06c6a
06c71
06c76
06c7c
06c82
06c88
06c8f
06c97
06c9c
06ca2
06ca7
06cac
06cb2
06cb5
06cbd
06cc2
06cc5
06ccb
06ccd
06cd2
06cd5
06cdb
06ce4
06cea
06cf0
06cf3
06cf6
06cfc
06d05
06d0b
06d11
06d14
06d1c
06d23
06d2c
06d34
06d3a
06d3d
06d40
06d46
06d4d
06d56
06d5e
06d66
06d6d
06d76
06d7e
06d82
06d88
06d8e
06d93
06d99
06d9f
06da3
06da8
06dac
06db2
06db7
06dbc
06dc0
06dc7
06dce
06dd5
06ddc
06de2
06de6
06dee
06df3
06dfa
06e02
06e08
06e0f
06e14
06e1a
06e23
06e29
06e2e
06e36
06e3e
06e43
06e4a
06e4f
06e55
06e5b
06e62
06e6a
06e6f
06e75
06e7a
06e7f
06e82
06e88
06e8d
06e95
06e97
06e9c
06e9f
06ea5
06ea8
06eae
06eb7
06ebd
06ec3
06ec6
06ece
06ed5
06ede
06ee6
06eec
06eef
06ef2
06ef8
06eff
06f08
06f10
06f18
06f1f
06f28
06f30
06f34
06f3a
06f40
06f45
06f4b
06f51
06f55
06f5a
06f5e
06f64
06f69
06f6e
06f72
06f79
06f80
06f87
06f8e
06f94
06f98
06fa0
06fa5
06fac
06fb4
06fba
06fc1
06fc6
06fcc
06fd5
06fdb
06fe0
06fe8
06ff0
06ff5
06ffc
07002
07008
0700f
07017
0701c
07022
07027
0702c
07031
07037
0703a
07042
07047
07049
0704e
07051
07057
0705a
07060
07069
0706f
07075
07078
07080
07087
07090
07098
0709e
070a1
070a7
070ae
070b7
070bf
070c7
070ce
070d7
070df
070e5
070eb
070f0
070f4
070fa
07100
07105
07109
0710f
07114
07118
0711d
07121
07124
0712b
07132
07139
07140
07146
0714a
07152
07157
0715e
07166
0716c
07173
07178
0717e
07187
0718d
07192
0719a
071a2
071a9
071ae
071b3
071b9
071bf
071c6
071ce
071d3
071d9
071de
071e3
071eb
071f0
071f3
071f9
071fb
07200
07203
07209
0720c
07212
0721b
07221
07227
0722a
0722d
07236
0723e
07245
0724d
07254
0725a
07263
0726b
0726f
07275
0727b
07280
07286
0728c
07290
07295
07299
0729f
072a4
072a9
072ad
072b6
072be
072c6
072cd
072d3
072d6
072dd
072e4
072eb
072f2
072f8
072fc
07304
07309
07310
07318
0731e
07325
0732a
07330
07339
0733f
07344
0734c
07354
07359
07360
07365
0736b
07371
07378
07380
07385
0738b
07390
07395
07398
0739e
073a3
073ab
073ad
073b2
073b5
073bb
073be
073c4
073cd
073d3
073d9
073dc
073e2
073e9
073f2
073fa
07402
07409
07412
0741a
07420
07425
0742b
0742f
07435
0743b
07441
07446
0744a
0744f
07453
07458
0745c
0745f
07468
07470
07478
0747f
07485
07488
0748f
07496
0749d
074a4
074aa
074ae
074b6
074bb
074c2
074ca
074d0
074d7
074dc
074e2
074eb
074f1
074f9
07501
07506
0750b
07512
07517
0751d
07523
0752a
07532
07537
0753d
07542
07547
0754a
07550
07558
0755d
0755f
07564
07567
0756d
07570
07579
07581
07588
07590
07597
0759d
075a6
075ae
075b2
075b8
075be
075c3
075c9
075cf
075d3
075d8
075dc
075e2
075e7
075ec
075f0
075f9
07601
07609
07610
07616
07619
07620
07627
0762e
07635
0763b
0763f
07648
0764e
07656
0765b
07662
0766a
07670
07677
0767c
07682
0768a
07692
07697
0769c
076a3
076a8
076ae
076b4
076bb
076c3
076c8
076ce
076d3
076d8
076de
076e1
076e9
076ee
076f1
076f7
076f9
076fe
07701
07707
07710
07716
0771c
0771f
07722
07728
07731
07737
0773d
07740
07749
07751
07759
07760
07766
07769
0776f
07776
0777f
07787
0778f
07796
0779f
077a7
077ad
077b3
077b8
077bc
077c2
077c8
077cd
077d1
077d7
077dc
077e0
077e5
077e9
077ec
077f3
077fa
07801
07808
0780e
07812
0781a
07821
07829
0782e
07835
0783b
07842
07847
0784d
07856
0785c
07861
07869
07871
07876
0787b
07881
07887
0788e
07896
0789b
078a1
078a6
078ab
078b1
078b4
078bc
078c1
078c3
078c8
078cb
078d1
078d4
078da
078e3
078e9
078ef
078f2
078fb
07903
0790b
07912
07918
0791b
07924
0792c
07933
0793b
07942
07948
07951
07959
0795f
07965
0796a
0796e
07974
0797a
0797f
07983
07989
0798e
07992
07997
0799b
0799e
079a5
079ac
079b3
079ba
079c0
079c4
079cc
079d3
079db
079e0
079e7
079ed
079f4
079f9
079ff
07a08
07a0e
07a13
07a1b
07a23
07a28
07a2e
07a34
07a3b
07a43
07a48
07a4e
07a53
07a58
07a5d
07a63
07a66
07a6e
07a73
07a75
07a7a
07a7d
07a83
07a86
07a8c
07a95
07a9b
07aa1
07aa4
07aad
07ab5
07abd
07ac4
07aca
07acd
07ad6
07ade
07ae5
07aed
07af4
07afa
07b03
07b0b
07b11
07b17
07b1c
07b20
07b26
07b2c
07b31
07b35
07b3b
07b40
07b44
07b49
07b4d
07b50
07b57
07b5e
07b65
07b6c
07b72
07b76
07b7e
07b85
07b8d
07b92
07b99
07b9f
07ba6
07bab
07bb1
07bba
07bc0
07bc5
07bcd
07bd5
07bda
07bdf
07be5
07beb
07bf2
07bfa
07bff
07c05
07c0a
07c0f
07c17
07c1c
07c22
07c25
07c27
07c2c
07c2f
07c35
07c38
07c3e
07c47
07c4d
07c53
07c56
07c5f
07c67
07c6e
07c76
07c7d
07c83
07c8c
07c94
07c9a
07ca0
07ca5
07ca9
07caf
07cb5
07cba
07cbe
07cc4
07cc9
07ccd
07cd2
07cd6
07cd9
07ce2
07cea
07cf2
07cf9
07cff
07d02
07d09
07d10
07d17
07d1e
07d24
07d28
07d30
07d37
07d3f
07d44
07d4b
07d51
07d58
07d5d
07d63
07d6c
07d72
07d77
07d7f
07d87
07d8c
07d91
07d97
07d9d
07da4
07dac
07db1
07db7
07dbc
07dc1
07dc7
07dca
07dd2
07dd7
07dd9
07dde
07de1
07de7
07dea
07df0
07df9
07dff
07e05
07e08
07e11
07e19
07e20
07e28
07e2f
07e35
07e3e
07e46
07e4c
07e51
07e57
07e5b
07e61
07e67
07e6d
07e72
07e76
07e7b
07e7f
07e84
07e88
07e8b
07e94
07e9c
07ea4
07eab
07eb1
07eb4
07ebb
07ec2
07ec9
07ed0
07ed6
07eda
07ee2
07ee9
07ef1
07ef6
07efd
07f03
07f0a
07f0f
07f15
07f1e
07f24
07f2c
07f34
07f39
07f3e
07f43
07f49
07f4f
07f56
07f5e
07f63
07f69
07f6e
07f73
07f76
07f7c
07f81
07f89
07f8b
07f90
07f93
07f99
07f9c
07fa5
07fad
07fb4
07fbc
07fc3
07fc9
07fd2
07fda
07fde
07fe4
07fea
07fef
07ff5
07ffb
07fff
08004
08008
0800e
08013
08018
0801c
08025
0802d
08035
0803c
08042
08045
0804c
08053
0805a
08061
08067
0806b
08073
0807a
08083
08089
08091
08096
0809d
080a3
080aa
080af
080b5
080bd
080c5
080ca
080cf
080d4
080da
080e0
080e7
080ef
080f4
080fa
080ff
08104
0810a
0810d
08115
0811a
0811d
08123
08125
0812a
0812d
08133
0813c
08142
08148
0814b
0814e
08154
0815d
08163
08169
0816c
08175
0817d
08185
0818c
08192
08195
0819e
081a6
081ac
081b2
081b7
081bb
081c1
081c7
081cc
081d0
081d6
081db
081df
081e4
081e8
081eb
081f2
081f9
08200
08207
0820d
08211
08219
08220
08228
0822d
08234
0823a
08241
08246
0824c
08255
0825b
08260
08268
08270
08275
0827a
08280
08286
0828d
08295
0829a
082a0
082a5
082aa
082ad
082b3
082b8
082c0
082c2
082c7
082ca
082d0
082d3
082d9
082e2
082e8
082ee
082f1
082fa
08302
0830a
08311
08317
0831a
08323
0832b
08331
08337
0833c
08340
08346
0834c
08351
08355
0835b
08360
08364
08369
0836d
08370
08377
0837e
08385
0838c
08392
08396
0839e
083a5
083ad
083b2
083b9
083bf
083c6
083cb
083d1
083da
083e0
083e5
083ed
083f5
083fa
08400
08406
0840d
08415
0841a
08420
08425
0842a
0842f
08435
08438
08440
08445
08447
0844c
0844f
08455
08458
0845e
08467
0846d
08473
08476
0847f
08487
0848f
08496
0849c
0849f
084a8
084b0
084b6
084bc
084c1
084c5
084cb
084d1
084d6
084da
084e0
084e5
084e9
084ee
084f2
084f5
084fc
08503
0850a
08511
08517
0851b
08523
0852a
08532
08537
0853e
08544
0854b
08550
08556
0855f
08565
0856a
08572
0857a
0857f
08584
0858a
08590
08597
0859f
085a4
085aa
085af
085b4
085b9
085c1
085c4
085ca
085cc
085d1
085d4
085da
085dd
085e3
085ec
085f2
085f8
085fb
08604
0860c
08612
08618
0861d
08621
08627
0862d
08632
08636
0863c
08641
08645
0864a
0864e
08651
0865a
08662
0866a
08671
08677
0867a
08681
08688
0868f
08696
0869c
086a0
086a8
086af
086b7
086bc
086c3
086c9
086d0
086d5
086db
086e4
086ea
086ef
086f7
086ff
08704
08709
0870f
08715
0871c
08724
08729
0872f
08734
08739
0873c
08742
08747
0874f
08751
08756
08759
0875f
08762
08768
08771
08777
0877d
08780
08789
08791
08797
0879c
087a2
087a6
087ac
087b2
087b8
087bd
087c1
087c6
087ca
087cf
087d3
087d6
087df
087e7
087ef
087f6
087fc
087ff
08806
0880d
08814
0881b
08821
08825
0882d
08834
0883c
08841
08848
0884e
08855
0885a
08860
08869
0886f
08877
0887f
08884
08889
0888e
08894
0889a
088a1
088a9
088ae
088b4
088b9
088be
088c1
088c7
088cc
088d4
088d6
088db
088de
088e4
088ed
088f5
088fb
08901
08906
0890a
08910
08916
0891b
0891f
08925
0892a
0892e
08933
08937
0893a
08943
0894b
08953
0895a
08960
08963
0896a
08971
08978
0897f
08985
08989
08991
08998
089a1
089a7
089af
089b4
089bb
089c1
089c8
089cd
089d3
089db
089e3
089e8
089ed
089f2
089f8
089fe
08a05
08a0d
08a12
08a18
08a1d
08a22
08a28
08a2b
08a33
08a38
08a3b
08a41
08a43
08a48
08a4b
08a51
08a5a
08a60
08a66
08a69
08a6c
08a72
08a7b
08a81
08a87
08a8a
08a93
08a9b
08aa3
08aaa
08ab0
08ab3
08abc
08ac4
08aca
08ad0
08ad5
08ad9
08adf
08ae5
08aea
08aee
08af4
08af9
08afd
08b02
08b06
08b09
08b10
08b17
08b1e
08b25
08b2b
08b2f
08b37
08b3e
08b46
08b4b
08b52
08b58
08b5f
08b64
08b6a
08b73
08b79
08b7e
08b86
08b8e
08b93
08b98
08b9e
08ba4
08bab
08bb3
08bb8
08bbe
08bc3
08bc8
08bce
08bd1
08bd9
08bde
08be0
08be5
08be8
08bee
08bf1
08bf7
08c00
08c06
08c0c
08c0f
08c18
08c20
08c28
08c2f
08c35
08c38
08c41
08c49
08c4f
08c55
08c5a
08c5e
08c64
08c6a
08c6f
08c73
08c79
08c7e
08c82
08c87
08c8b
08c8e
08c95
08c9c
08ca3
08caa
08cb0
08cb4
08cbc
08cc3
08ccb
08cd0
08cd7
08cdd
08ce4
08ce9
08cef
08cf8
08cfe
08d03
08d0b
08d13
08d18
08d1e
08d24
08d2b
08d33
08d38
08d3e
08d43
08d48
08d4d
08d53
08d56
08d5e
08d63
08d65
08d6a
08d6d
08d73
08d76
08d7c
08d85
08d8b
08d91
08d94
08d9d
08da5
08dad
08db4
08dba
08dbd
08dc6
08dce
08dd4
08dda
08ddf
08de3
08de9
08def
08df4
08df8
08dfe
08e03
08e07
08e0c
08e10
08e13
08e1a
08e21
08e28
08e2f
08e35
08e39
08e41
08e48
08e50
08e55
08e5c
08e62
08e69
08e6e
08e74
08e7d
08e83
08e88
08e90
08e98
08e9d
08ea2
08ea8
08eae
08eb5
08ebd
08ec2
08ec8
08ecd
08ed2
08ed7
08edf
08ee2
08ee8
08eea
08eef
08ef2
08ef8
08efb
08f01
08f0a
08f10
08f16
08f19
08f22
08f2a
08f30
08f36
08f3b
08f3f
08f45
08f4b
08f50
08f54
08f5a
08f5f
08f63
08f68
08f6c
08f6f
08f78
08f80
08f88
08f8f
08f95
08f98
08f9f
08fa6
08fad
08fb4
08fba
08fbe
08fc6
08fcd
08fd5
08fda
08fe1
08fe7
08fee
08ff3
08ff9
09002
09008
0900d
09015
0901d
09022
09027
0902d
09033
0903a
09042
09047
0904d
09052
09057
0905d
09060
09068
0906d
0906f
09074
09077
0907d
09080
09086
0908f
09095
0909b
0909e
090a1
090aa
090b2
090b6
090bb
090c1
090c7
090cd
090d3
090d7
090dd
090e2
090e6
090eb
090f0
090f4
090fd
09105
0910d
09114
0911a
0911d
09124
0912b
09132
09139
0913f
09143
0914b
09152
0915a
0915f
09166
0916c
09173
09178
0917e
09187
0918d
09195
0919d
091a2
091a7
091ac
091b2
091b8
091bf
091c7
091cc
091d2
091d7
091dc
091e2
091e5
091ed
091f2
091f4
091f9
091fc
09202
09205
0920e
09216
0921a
09220
09226
0922b
09231
09237
0923b
09240
09244
0924a
0924f
09254
09258
09261
09269
09271
09278
0927e
09281
09288
0928f
09296
0929d
092a3
092a7
092af
092b6
092bf
092c5
092cd
092d2
092d9
092df
092e6
092eb
092f1
092f9
09301
09306
0930b
09310
09316
0931c
09323
0932b
09330
09336
0933b
09340
09346
09349
09351
09356
09359
0935f
09361
09366
0936f
09375
0937b
0937e
09387
0938d
09393
09396
0939f
093a7
093af
093b6
093bc
093bf
093c4
093c8
093d1
093d9
093df
093e5
093ea
093ee
093f4
093fa
093fe
09404
09409
0940d
09412
09415
0941c
09423
0942a
09431
09437
0943b
09443
0944a
09452
09457
0945e
09464
0946b
09470
09476
0947f
09485
0948a
09492
0949a
0949f
094a4
094aa
094b0
094b5
094bb
094c2
094ca
094cf
094d4
094d7
094dd
094e3
094e6
094ee
094f3
094f5
094fa
09503
09509
0950f
09512
0951b
09523
0952b
09532
09538
0953b
0953e
09542
09547
09550
09558
0955c
09562
09568
0956d
09573
09579
0957d
09581
09587
0958c
09591
09598
0959f
095a6
095ad
095b3
095b7
095bf
095c6
095ce
095d3
095da
095e0
095e7
095ec
095f2
095fb
09601
09606
0960e
09616
0961b
09621
09627
0962c
09632
09639
09641
09646
0964b
09650
09656
09659
0965f
09662
0966a
0966f
09671
09676
0967f
09685
0968b
0968e
09697
0969f
096a7
096ae
096b4
096b7
096bc
096c0
096c9
096d1
096d7
096dd
096e2
096e6
096ec
096f2
096f6
096fc
09701
09705
0970a
0970d
09714
0971b
09722
09729
0972f
09733
0973b
09742
0974a
0974f
09756
0975c
09763
09768
0976e
09777
0977d
09782
0978a
09792
09797
0979c
097a2
097a8
097ad
097b3
097ba
097c2
097c7
097cc
097d2
097d5
097dd
097e2
097e8
097eb
097ed
097f2
097fb
09801
09807
0980a
0980f
09813
0981c
09824
0982a
09830
09835
09839
0983f
09845
09849
0984f
09854
09858
0985d
09860
09869
09871
09879
09880
09886
09889
09890
09897
0989e
098a5
098ab
098af
098b7
098be
098c6
098cb
098d2
098d8
098df
098e4
098ea
098f3
098f9
098fe
09906
0990e
09913
09918
0991e
09924
09929
0992f
09936
0993e
09943
09948
0994b
09951
09957
0995a
09962
09967
09969
0996e
09977
0997d
09983
09986
0998b
0998f
09998
099a0
099a6
099ab
099b1
099b5
099bb
099c1
099c7
099cc
099d0
099d4
099d9
099dc
099e5
099ed
099f5
099fc
09a02
09a05
09a0c
09a13
09a1a
09a21
09a27
09a2b
09a33
09a3a
09a42
09a47
09a4e
09a54
09a5b
09a60
09a66
09a6f
09a75
09a7d
09a85
09a8a
09a8f
09a94
09a9a
09aa0
09aa5
09aab
09ab2
09aba
09abf
09ac4
09ac7
09acd
09ad3
09ad6
09ade
09ae3
09ae5
09aea
09aef
09af3
09afc
09b04
09b0a
09b10
09b15
09b19
09b1f
09b25
09b29
09b2f
09b34
09b38
09b3d
09b40
09b49
09b51
09b59
09b60
09b66
09b69
09b70
09b77
09b7e
09b85
09b8b
09b8f
09b97
09b9e
09ba7
09bad
09bb5
09bba
09bc1
09bc7
09bce
09bd3
09bd9
09be1
09be9
09bee
09bf3
09bf8
09bfe
09c04
09c09
09c0f
09c16
09c1e
09c23
09c28
09c2b
09c31
09c37
09c3a
09c42
09c47
09c49
09c4e
09c57
09c5d
09c63
09c66
09c6f
09c75
09c7b
09c7e
09c87
09c8f
09c97
09c9e
09ca4
09ca7
09caf
09cb6
09cbe
09cc3
09cca
09cd0
09cd7
09cdc
09ce2
09ceb
09cf1
09cf6
09cfe
09d06
09d0b
09d10
09d16
09d1c
09d23
09d2b
09d30
09d36
09d3b
09d40
09d48
09d4d
09d50
09d56
09d5c
09d5f
09d61
09d66
09d6f
09d75
09d7b
09d7e
09d87
09d8f
09d97
09d9e
09da4
09da7
09daf
09db6
09dbe
09dc3
09dca
09dd0
09dd7
09ddc
09de2
09deb
09df1
09df6
09dfe
09e06
09e0b
09e11
09e17
09e1e
09e26
09e2b
09e31
09e36
09e3b
09e40
09e48
09e4d
09e50
09e56
09e59
09e5f
09e61
09e66
09e6f
09e75
09e7b
09e7e
09e87
09e8f
09e97
09e9e
09ea4
09ea7
09eaf
09eb6
09ebe
09ec3
09eca
09ed0
09ed7
09edc
09ee2
09eeb
09ef1
09ef6
09efe
09f06
09f0b
09f10
09f16
09f1c
09f23
09f2b
09f30
09f36
09f3b
09f40
09f48
09f4d
09f53
09f56
09f59
09f5f
09f61
09f66
09f6f
09f75
09f7b
09f7e
09f87
09f8f
09f97
09f9e
09fa4
09fa7
09faf
09fb6
09fbe
09fc3
09fca
09fd0
09fd7
09fdc
09fe2
09feb
09ff1
09ff6
09ffe
0a006
0a00b
0a010
0a016
0a01c
0a023
0a02b
0a030
0a036
0a03b
0a040
0a048
0a04d
0a053
0a056
0a05c
0a05f
0a061
0a066
0a06f
0a075
0a07b
0a07e
0a087
0a08f
0a097
0a09e
0a0a4
0a0a7
0a0af
0a0b6
0a0be
0a0c3
0a0ca
0a0d0
0a0d7
0a0dc
0a0e2
0a0eb
0a0f1
0a0f9
0a101
0a106
0a10b
0a110
0a116
0a11c
0a123
0a12b
0a130
0a136
0a13b
0a140
0a148
0a14d
0a150
0a156
0a15c
0a15f
0a161
0a166
0a16f
0a177
0a17f
0a186
0a18c
0a18f
0a197
0a19e
0a1a7
0a1ad
0a1b5
0a1ba
0a1c1
0a1c7
0a1ce
0a1d3
0a1d9
0a1e1
0a1e9
0a1ee
0a1f3
0a1f8
0a1fe
0a204
0a20b
0a213
0a218
0a21e
0a223
0a228
0a230
0a235
0a238
0a23e
0a244
0a247
0a249
0a24e
0a257
0a25d
0a263
0a266
0a26f
0a275
0a27b
0a27e
0a286
0a28d
0a295
0a29a
0a2a1
0a2a7
0a2ae
0a2b3
0a2b9
0a2c2
0a2c8
0a2cd
0a2d5
0a2dd
0a2e2
0a2e7
0a2ed
0a2f3
0a2fa
0a302
0a307
0a30d
0a312
0a317
0a31f
0a324
0a32a
0a32d
0a333
0a336
0a338
0a33d
0a346
0a34c
0a352
0a355
0a35d
0a364
0a36c
0a371
0a378
0a37e
0a385
0a38a
0a390
0a399
0a39f
0a3a4
0a3ac
0a3b4
0a3b9
0a3bf
0a3c5
0a3cc
0a3d4
0a3d9
0a3df
0a3e4
0a3e9
0a3ee
0a3f6
0a3fb
0a3fe
0a404
0a40a
0a40d
0a40f
0a414
0a41d
0a423
0a429
0a42c
0a434
0a43b
0a443
0a448
0a44f
0a455
0a45c
0a461
0a467
0a470
0a476
0a47b
0a483
0a48b
0a490
0a495
0a49b
0a4a1
0a4a8
0a4b0
0a4b5
0a4bb
0a4c0
0a4c5
0a4cd
0a4d2
0a4d8
0a4db
0a4e1
0a4e4
0a4e6
0a4eb
0a4f4
0a4fa
0a500
0a503
0a50b
0a512
0a51a
0a51f
0a526
0a52c
0a533
0a538
0a53e
0a547
0a54d
0a552
0a55a
0a562
0a567
0a56c
0a572
0a578
0a57f
0a587
0a58c
0a592
0a597
0a59c
0a5a4
0a5a9
0a5af
0a5b2
0a5b8
0a5bb
0a5bd
0a5c2
0a5cb
0a5d1
0a5d7
0a5da
0a5e2
0a5e9
0a5f1
0a5f6
0a5fd
0a603
0a60a
0a60f
0a615
0a61e
0a624
0a62c
0a634
0a639
0a63e
0a643
0a649
0a64f
0a656
0a65e
0a663
0a669
0a66e
0a673
0a67b
0a680
0a686
0a689
0a68c
0a692
0a694
0a699
0a6a1
0a6a8
0a6b1
0a6b7
0a6bf
0a6c4
0a6cb
0a6d1
0a6d8
0a6dd
0a6e3
0a6eb
0a6f3
0a6f8
0a6fd
0a702
0a708
0a70e
0a715
0a71d
0a722
0a728
0a72d
0a732
0a73a
0a73f
0a745
0a748
0a74e
0a751
0a753
0a758
0a759
0a75c
0a75f
0a762
0a768
0a76e
0a773
0a778
0a77e
0a780
0a786
0a78c
0a78f
0a792
0a797
0a79a
0a7a3
0a7a9
0a7af
0a7b6
0a7b9
0a7bd
0a7bf
0a7c5
0a7ca
0a7cc
0a7d5
0a7db
0a7e2
0a7e8
0a7eb
0a7ef
0a7f2
0a7f5
0a7f7
0a7ff
0a808
0a811
0a816
0a81c
0a821
0a827
0a829
0a82c
0a82f
0a830
0a833
0a836
0a83c
0a842
0a847
0a84c
0a852
0a854
0a85a
0a860
0a863
0a866
0a86b
0a86d
0a870
0a879
0a87f
0a885
0a88c
0a88f
0a893
0a899
0a89e
0a8a0
0a8a9
0a8af
0a8b6
0a8bc
0a8bf
0a8c3
0a8c6
0a8c9
0a8cb
0a8d3
0a8dc
0a8e5
0a8ea
0a8f0
0a8f5
0a8fb
0a8fd
0a900
0a903
0a904
0a907
0a90a
0a910
0a916
0a91b
0a920
0a926
0a928
0a92e
0a934
0a937
0a93c
0a93f
0a942
0a94b
0a951
0a957
0a95e
0a961
0a965
0a967
0a96d
0a972
0a974
0a97d
0a983
0a98a
0a990
0a993
0a997
0a99a
0a99d
0a99f
0a9a7
0a9b0
0a9b9
0a9be
0a9c4
0a9c9
0a9cf
0a9d1
0a9d4
0a9d7
0a9d8
0a9db
0a9dd
0a9e3
0a9e9
0a9ec
0a9ef
0a9f5
0a9fb
0aa00
0aa05
0aa0b
0aa0e
0aa13
0aa16
0aa1f
0aa25
0aa2b
0aa32
0aa35
0aa39
0aa3b
0aa41
0aa46
0aa48
0aa51
0aa57
0aa5e
0aa64
0aa67
0aa6b
0aa6e
0aa71
0aa73
0aa7b
0aa84
0aa8d
0aa92
0aa98
0aa9d
0aaa3
0aaa5
0aaa8
0aaab
0aaac
0aaaf
0aab1
0aab7
0aabd
0aac0
0aac3
0aac9
0aacf
0aad4
0aad9
0aadf
0aae2
0aae7
0aaea
0aaf3
0aaf9
0aaff
0ab06
0ab09
0ab0d
0ab0f
0ab15
0ab1a
0ab23
0ab29
0ab30
0ab36
0ab39
0ab3d
0ab3f
0ab42
0ab45
0ab47
0ab4f
0ab58
0ab61
0ab66
0ab6c
0ab71
0ab77
0ab79
0ab7c
0ab7f
0ab80
0ab86
0ab88
0ab8e
0ab94
0ab97
0ab9a
0aba0
0aba6
0abab
0abb0
0abb3
0abb8
0abbb
0abc4
0abca
0abd0
0abd7
0abda
0abde
0abe0
0abe6
0abeb
0abed
0abf6
0abfc
0ac03
0ac09
0ac0c
0ac10
0ac13
0ac16
0ac18
0ac20
0ac29
0ac32
0ac38
0ac3d
0ac42
0ac48
0ac4b
0ac4d
0ac50
0ac51
0ac54
0ac57
0ac5a
0ac60
0ac65
0ac6a
0ac6c
0ac6f
0ac72
0ac7b
0ac81
0ac87
0ac8e
0ac91
0ac95
0ac97
0ac99
0aca2
0aca8
0acae
0acb5
0acb8
0acbc
0acbf
0acc8
0acce
0acd6
0acdf
0ace4
0acea
0acef
0acf1
0acf4
0acf7
0acf8
0acfb
0acfe
0ad04
0ad09
0ad0e
0ad10
0ad13
0ad15
0ad18
0ad21
0ad27
0ad2d
0ad34
0ad37
0ad3b
0ad3d
0ad46
0ad4c
0ad52
0ad59
0ad5c
0ad60
0ad63
0ad6c
0ad72
0ad7a
0ad83
0ad88
0ad8e
0ad93
0ad95
0ad98
0ad9b
0ad9c
0ad9f
0ada2
0ada8
0adad
0adb2
0adb4
0adb7
0adba
0adc3
0adc9
0adcf
0add6
0add9
0addd
0addf
0ade1
0adea
0adf0
0adf6
0adfd
0ae00
0ae04
0ae07
0ae10
0ae16
0ae1e
0ae27
0ae2c
0ae32
0ae37
0ae39
0ae3c
0ae3f
0ae40
0ae43
0ae45
0ae48
0ae4e
0ae53
0ae58
0ae5b
0ae5e
0ae67
0ae6d
0ae73
0ae7a
0ae7d
0ae81
0ae83
0ae85
0ae8e
0ae94
0ae9a
0aea1
0aea4
0aea8
0aeab
0aeb4
0aeba
0aec2
0aecb
0aed0
0aed6
0aedb
0aedd
0aee0
0aee3
0aee4
0aee7
0aee9
0aeec
0aef2
0aef7
0aefc
0aeff
0af02
0af0b
0af11
0af17
0af1e
0af21
0af25
0af27
0af30
0af36
0af3c
0af43
0af46
0af4a
0af4c
0af4f
0af58
0af5e
0af66
0af6f
0af74
0af7a
0af7f
0af81
0af84
0af87
0af88
0af8a
0af8d
0af93
0af98
0af9d
0afa0
0afa3
0afac
0afb2
0afb8
0afbf
0afc2
0afc6
0afc8
0afca
0afd3
0afd9
0afdf
0afe6
0afe9
0afed
0aff0
0aff9
0afff
0b007
0b010
0b016
0b01b
0b020
0b023
0b025
0b028
0b029
0b02c
0b02f
0b032
0b038
0b03d
0b03f
0b042
0b045
0b04e
0b054
0b05a
0b061
0b064
0b068
0b06a
0b06c
0b075
0b07b
0b081
0b088
0b08b
0b08f
0b098
0b09e
0b0a6
0b0af
0b0b4
0b0ba
0b0bf
0b0c1
0b0c4
0b0c7
0b0c8
0b0cb
0b0ce
0b0d4
0b0d9
0b0db
0b0de
0b0e0
0b0e3
0b0ec
0b0f2
0b0f8
0b0ff
0b102
0b106
0b108
0b111
0b117
0b11d
0b124
0b127
0b12b
0b134
0b13a
0b142
0b14b
0b150
0b156
0b15b
0b15d
0b160
0b163
0b164
0b167
0b16a
0b170
0b175
0b177
0b17a
0b17d
0b186
0b18c
0b192
0b199
0b19c
0b1a0
0b1a2
0b1a4
0b1ad
0b1b3
0b1b9
0b1c0
0b1c3
0b1c7
0b1d0
0b1d6
0b1de
0b1e7
0b1ec
0b1f2
0b1f7
0b1f9
0b1fc
0b1ff
0b200
0b203
0b205
0b208
0b20e
0b213
0b216
0b219
0b222
0b228
0b22e
0b235
0b238
0b23c
0b23e
0b240
0b249
0b24f
0b255
0b25c
0b25f
0b263
0b26c
0b272
0b27a
0b283
0b288
0b28e
0b293
0b295
0b298
0b29b
0b29c
0b29f
0b2a1
0b2a4
0b2aa
0b2af
0b2b2
0b2b5
0b2be
0b2c4
0b2ca
0b2d1
0b2d4
0b2d8
0b2da
0b2e3
0b2e9
0b2ef
0b2f6
0b2f9
0b2fd
0b2ff
0b308
0b30e
0b316
0b31f
0b324
0b32a
0b32f
0b331
0b334
0b337
0b338
0b33a
0b33d
0b343
0b348
0b34b
0b34e
0b357
0b35d
0b363
0b36a
0b36d
0b371
0b373
0b375
0b37e
0b384
0b38a
0b391
0b394
0b398
0b3a1
0b3a7
0b3af
0b3b8
0b3be
0b3c3
0b3c8
0b3cb
0b3cd
0b3d0
0b3d1
0b3d4
0b3da
0b3df
0b3e1
0b3e4
0b3e7
0b3f0
0b3f6
0b3fc
0b403
0b406
0b40a
0b40c
0b415
0b41b
0b423
0b42c
0b432
0b437
0b43c
0b43f
0b441
0b444
0b445
0b448
0b44e
0b453
0b455
0b458
0b45a
0b45d
0b466
0b46c
0b472
0b479
0b47c
0b480
0b489
0b48f
0b497
0b4a0
0b4a6
0b4ab
0b4b0
0b4b3
0b4b5
0b4b8
0b4b9
0b4bc
0b4c2
0b4c7
0b4c9
0b4cc
0b4cf
0b4d8
0b4de
0b4e4
0b4eb
0b4ee
0b4f2
0b4f4
0b4fd
0b503
0b50b
0b514
0b51a
0b51f
0b524
0b527
0b529
0b52c
0b52d
0b52f
0b532
0b538
0b53d
0b540
0b543
0b54c
0b552
0b558
0b55f
0b562
0b566
0b568
0b571
0b577
0b57f
0b588
0b58e
0b593
0b598
0b59b
0b59d
0b5a0
0b5a1
0b5a3
0b5a6
0b5ac
0b5b1
0b5b4
0b5b7
0b5c0
0b5c6
0b5cc
0b5d3
0b5d6
0b5da
0b5dc
0b5e5
0b5eb
0b5f3
0b5fc
0b602
0b607
0b60c
0b60f
0b611
0b614
0b615
0b617
0b61a
0b620
0b625
0b628
0b62b
0b634
0b63a
0b640
0b647
0b64a
0b64e
0b650
0b659
0b65f
0b667
0b670
0b676
0b67b
0b680
0b683
0b685
0b688
0b689
0b68c
0b692
0b697
0b699
0b69c
0b69f
0b6a8
0b6ae
0b6b4
0b6bb
0b6be
0b6c2
0b6c4
0b6cd
0b6d3
0b6db
0b6e4
0b6ea
0b6ef
0b6f4
0b6f7
0b6f9
0b6fc
0b6fd
0b700
0b706
0b70b
0b70d
0b710
0b712
0b715
0b71e
0b724
0b72a
0b731
0b734
0b738
0b741
0b747
0b74f
0b758
0b75e
0b763
0b768
0b76b
0b76d
0b770
0b771
0b774
0b77a
0b77f
0b781
0b784
0b787
0b790
0b796
0b79c
0b7a3
0b7a6
0b7aa
0b7ac
0b7b5
0b7bb
0b7c3
0b7cc
0b7d2
0b7d7
0b7dc
0b7df
0b7e1
0b7e4
0b7e5
0b7e7
0b7ea
0b7f0
0b7f5
0b7f8
0b7fb
0b804
0b80a
0b810
0b817
0b81a
0b81e
0b820
0b829
0b82f
0b837
0b840
0b846
0b84b
0b850
0b853
0b855
0b858
0b859
0b85b
0b85e
0b864
0b869
0b86c
0b86f
0b878
0b87e
0b884
0b88b
0b88e
0b892
0b894
0b89d
0b8a3
0b8ab
0b8b4
0b8ba
0b8bf
0b8c4
0b8c7
0b8c9
0b8cc
0b8cd
0b8cf
0b8d2
0b8d8
0b8dd
0b8e0
0b8e3
0b8ec
0b8f2
0b8f8
0b8ff
0b902
0b906
0b908
0b911
0b917
0b91f
0b928
0b92e
0b933
0b938
0b93b
0b93d
0b940
0b941
0b944
0b94a
0b94f
0b951
0b954
0b957
0b960
0b966
0b96c
0b973
0b976
0b97a
0b97c
0b985
0b98b
0b993
0b99c
0b9a2
0b9a7
0b9ac
0b9af
0b9b1
0b9b4
0b9b5
0b9b8
0b9be
0b9c3
0b9c5
0b9c8
0b9ca
0b9cd
0b9d6
0b9dc
0b9e2
0b9e9
0b9ec
0b9f0
0b9f9
0b9ff
0ba07
0ba10
0ba16
0ba1b
0ba20
0ba23
0ba25
0ba28
0ba29
0ba2c
0ba32
0ba37
0ba39
0ba3c
0ba3f
0ba48
0ba4e
0ba54
0ba5b
0ba5e
0ba62
0ba64
0ba6d
0ba73
0ba7b
0ba84
0ba8a
0ba8f
0ba94
0ba97
0ba99
0ba9c
0ba9d
0ba9f
0baa2
0baa8
0baad
0bab0
0bab3
0babc
0bac2
0bac8
0bacf
0bad2
0bad6
0bad8
0bae1
0bae7
0baef
0baf8
0bafe
0bb03
0bb08
0bb0b
0bb0d
0bb10
0bb11
0bb13
0bb16
0bb1c
0bb21
0bb24
0bb27
0bb30
0bb36
0bb3c
0bb43
0bb46
0bb4a
0bb4c
0bb55
0bb5b
0bb63
0bb6c
0bb72
0bb77
0bb7c
0bb7f
0bb81
0bb84
0bb85
0bb87
0bb8a
0bb90
0bb95
0bb98
0bb9b
0bba4
0bbaa
0bbb0
0bbb7
0bbba
0bbbe
0bbc0
0bbc9
0bbcf
0bbd7
0bbe0
0bbe6
0bbeb
0bbf0
0bbf3
0bbf5
0bbf8
0bbf9
0bbfc
0bc02
0bc07
0bc09
0bc0c
0bc0f
0bc18
0bc1e
0bc24
0bc2b
0bc2e
0bc32
0bc34
0bc3d
0bc43
0bc4b
0bc54
0bc5a
0bc5f
0bc64
0bc67
0bc69
0bc6c
0bc6d
0bc70
0bc76
0bc7b
0bc7d
0bc80
0bc82
0bc85
0bc8e
0bc94
0bc9a
0bca1
0bca4
0bca8
0bcb1
0bcb7
0bcbf
0bcc8
0bcce
0bcd3
0bcd8
0bcdb
0bcdd
0bce0
0bce1
0bce4
0bcea
0bcef
0bcf1
0bcf4
0bcf7
0bd00
0bd06
0bd0c
0bd13
0bd16
0bd1a
0bd1c
0bd25
0bd2b
0bd33
0bd3c
0bd42
0bd47
0bd4c
0bd4f
0bd51
0bd54
0bd55
0bd57
0bd5a
0bd60
0bd65
0bd68
0bd6b
0bd74
0bd7a
0bd80
0bd87
0bd8a
0bd8e
0bd90
0bd99
0bd9f
0bda7
0bdb0
0bdb6
0bdbb
0bdc0
0bdc3
0bdc5
0bdc8
0bdc9
0bdcb
0bdce
0bdd4
0bdd9
0bddc
0bddf
0bde8
0bdee
0bdf4
0bdfb
0bdfe
0be02
0be04
0be0d
0be13
0be1b
0be24
0be2a
0be2f
0be34
0be37
0be39
0be3c
0be3d
0be3f
0be42
0be48
0be4d
0be50
0be53
0be5c
0be62
0be68
0be6f
0be72
0be76
0be78
0be81
0be87
0be8f
0be98
0be9e
0bea3
0bea8
0beab
0bead
0beb0
0beb1
0beb4
0beb9
0bebb
0bebe
0bec1
0beca
0bed1
0bed7
0bedd
0bee1
0bee4
0bee6
0beee
0bef7
0befc
0bf05
0bf0b
0bf11
0bf16
0bf19
0bf1b
0bf1e
0bf1f
0bf22
0bf27
0bf29
0bf2c
0bf2e
0bf31
0bf3a
0bf41
0bf47
0bf4d
0bf51
0bf54
0bf5c
0bf65
0bf6a
0bf73
0bf79
0bf7f
0bf84
0bf87
0bf89
0bf8c
0bf8d
0bf90
0bf95
0bf97
0bf9a
0bf9d
0bfa6
0bfad
0bfb3
0bfb9
0bfbd
0bfc0
0bfc2
0bfca
0bfd3
0bfd8
0bfe1
0bfe7
0bfed
0bff2
0bff5
0bff7
0bffa
0bffb
0bffd
0c000
0c005
0c008
0c00b
0c014
0c01b
0c021
0c027
0c02b
0c02e
0c030
0c038
0c041
0c046
0c04f
0c055
0c05b
0c060
0c063
0c065
0c068
0c069
0c06b
0c06e
0c073
0c076
0c079
0c082
0c089
0c08f
0c095
0c099
0c09c
0c09e
0c0a6
0c0af
0c0b4
0c0bd
0c0c3
0c0c9
0c0ce
0c0d1
0c0d3
0c0d6
0c0d7
0c0d9
0c0dc
0c0e1
0c0e4
0c0e7
0c0f0
0c0f7
0c0fd
0c103
0c107
0c10a
0c10c
0c114
0c11d
0c122
0c12b
0c131
0c137
0c13c
0c13f
0c141
0c144
0c145
0c148
0c14a
0c14d
0c150
0c159
0c160
0c166
0c16c
0c170
0c173
0c175
0c17d
0c186
0c18b
0c194
0c19a
0c1a0
0c1a5
0c1a8
0c1aa
0c1ad
0c1ae
0c1b1
0c1b3
0c1b6
0c1b8
0c1bb
0c1c4
0c1cb
0c1d1
0c1d7
0c1db
0c1de
0c1e6
0c1ef
0c1f4
0c1fd
0c203
0c209
0c20e
0c211
0c213
0c216
0c217
0c21a
0c21c
0c21f
0c222
0c22b
0c232
0c238
0c23e
0c242
0c245
0c247
0c24f
0c258
0c25d
0c266
0c26c
0c272
0c277
0c27a
0c27c
0c27f
0c280
0c282
0c285
0c288
0c28b
0c294
0c29b
0c2a1
0c2a7
0c2ab
0c2ae
0c2b0
0c2b8
0c2c1
0c2c6
0c2cf
0c2d5
0c2db
0c2e0
0c2e3
0c2e5
0c2e8
0c2e9
0c2eb
0c2ee
0c2f1
0c2f4
0c2fd
0c304
0c30a
0c310
0c314
0c317
0c319
0c321
0c32a
0c32f
0c338
0c33e
0c344
0c349
0c34c
0c34e
0c351
0c352
0c354
0c357
0c35a
0c35d
0c366
0c36d
0c373
0c379
0c37d
0c380
0c382
0c38a
0c393
0c398
0c3a1
0c3a7
0c3ad
0c3b2
0c3b5
0c3b7
0c3ba
0c3bb
0c3be
0c3c0
0c3c3
0c3cb
0c3d4
0c3d9
0c3e2
0c3e8
0c3ee
0c3f3
0c3f6
0c3f8
0c3fb
0c3fc
0c3ff
0c401
0c404
0c40c
0c415
0c41a
0c423
0c429
0c42f
0c434
0c437
0c439
0c43c
0c43d
0c440
0c442
0c445
0c44d
0c456
0c45b
0c464
0c46a
0c470
0c475
0c478
0c47a
0c47d
0c47e
0c480
0c483
0c486
0c48e
0c497
0c49c
0c4a5
0c4ab
0c4b1
0c4b6
0c4b9
0c4bb
0c4be
0c4bf
0c4c1
0c4c4
0c4c7
0c4cf
0c4d8
0c4dd
0c4e6
0c4ec
0c4f2
0c4f7
0c4fa
0c4fc
0c4ff
0c500
0c502
0c505
0c508
0c510
0c519
0c51e
0c527
0c52d
0c533
0c538
0c53b
0c53d
0c540
0c541
0c543
0c54c
0c554
0c55d
0c563
0c568
0c56d
0c573
0c576
0c579
0c57b
0c57c
0c57e
0c587
0c58f
0c598
0c59e
0c5a3
0c5a8
0c5ae
0c5b1
0c5b4
0c5b6
0c5b7
0c5b9
0c5c2
0c5ca
0c5d3
0c5d9
0c5de
0c5e3
0c5e9
0c5ec
0c5ef
0c5f1
0c5f2
0c5f4
0c5fd
0c605
0c60e
0c614
0c619
0c61e
0c624
0c627
0c62a
0c62c
0c62d
0c62f
0c638
0c640
0c649
0c64f
0c654
0c659
0c65f
0c662
0c665
0c667
0c668
0c66a
0c673
0c67b
0c684
0c68a
0c68f
0c694
0c69a
0c69d
0c6a0
0c6a2
0c6a3
0c6ac
0c6b4
0c6bd
0c6c3
0c6c8
0c6cd
0c6d3
0c6d6
0c6d9
0c6db
0c6dc
0c6e5
0c6ed
0c6f6
0c6fc
0c701
0c706
0c70c
0c70f
0c712
0c714
0c715
0c71e
0c726
0c72f
0c735
0c73a
0c73f
0c745
0c748
0c74b
0c74d
0c74e
0c757
0c75f
0c768
0c76e
0c773
0c778
0c77e
0c781
0c784
0c786
0c787
0c790
0c798
0c7a1
0c7a7
0c7ac
0c7b1
0c7b7
0c7ba
0c7bd
0c7bf
0c7c0
0c7c9
0c7d1
0c7da
0c7e0
0c7e5
0c7ea
0c7f0
0c7f3
0c7f6
0c7f8
0c7fb
0c801
0c80a
0c810
0c816
0c819
0c81f
0c822
0c82b
0c831
0c837
0c83a
0c843
0c849
0c852
0c858
0c85e
0c864
0c86a
0c873
0c87b
0c881
0c887
0c88c
0c88f
0c898
0c8a0
0c8a8
0c8af
0c8b5
0c8b8
0c8c1
0c8c7
0c8d0
0c8d6
0c8df
0c8e5
0c8eb
0c8f4
0c8fa
0c900
0c906
0c90b
0c911
0c919
0c91c
0c923
0c92a
0c930
0c937
0c93e
0c942
0c94b
0c951
0c957
0c95a
0c960
0c969
0c971
0c977
0c97d
0c983
0c989
0c98e
0c991
0c998
0c99f
0c9a6
0c9ad
0c9b3
0c9b7
0c9c0
0c9c8
0c9d0
0c9d7
0c9dd
0c9e0
0c9e8
0c9ed
0c9f2
0c9fb
0ca01
0ca07
0ca0c
0ca14
0ca1b
0ca20
0ca27
0ca2d
0ca32
0ca39
0ca3f
0ca45
0ca4a
0ca52
0ca5a
0ca60
0ca65
0ca6d
0ca74
0ca79
0ca7b
0ca80
0ca83
0ca89
0ca91
0ca96
0ca9c
0ca9f
0caa2
0caa8
0cab1
0cab7
0cabd
0cac0
0cac9
0cacf
0cad8
0cade
0cae4
0caea
0caf0
0caf9
0cb01
0cb07
0cb0d
0cb12
0cb15
0cb1e
0cb26
0cb2e
0cb35
0cb3b
0cb3e
0cb47
0cb4d
0cb56
0cb5c
0cb65
0cb6b
0cb71
0cb7a
0cb80
0cb86
0cb8c
0cb91
0cb97
0cb9f
0cba2
0cba9
0cbb0
0cbb6
0cbbd
0cbc4
0cbc8
0cbd1
0cbd7
0cbdd
0cbe0
0cbe6
0cbef
0cbf7
0cbfd
0cc03
0cc09
0cc0f
0cc14
0cc17
0cc1e
0cc25
0cc2c
0cc33
0cc39
0cc3d
0cc46
0cc4e
0cc56
0cc5d
0cc63
0cc66
0cc6e
0cc73
0cc78
0cc81
0cc87
0cc8d
0cc92
0cc9a
0cca1
0cca6
0ccad
0ccb3
0ccb8
0ccbf
0ccc5
0cccb
0ccd0
0ccd8
0cce0
0cce6
0cceb
0ccf3
0ccfa
0ccff
0cd01
0cd06
0cd09
0cd0f
0cd17
0cd1c
0cd22
0cd25
0cd28
0cd2e
0cd37
0cd3d
0cd43
0cd46
0cd4f
0cd55
0cd5e
0cd64
0cd6a
0cd70
0cd76
0cd7f
0cd87
0cd8d
0cd93
0cd98
0cd9b
0cda4
0cdac
0cdb4
0cdbb
0cdc1
0cdc4
0cdcd
0cdd3
0cddc
0cde2
0cdeb
0cdf1
0cdf7
0ce00
0ce06
0ce0c
0ce12
0ce17
0ce1d
0ce25
0ce28
0ce2f
0ce36
0ce3c
0ce43
0ce4a
0ce4e
0ce57
0ce5d
0ce60
0ce66
0ce6c
0ce75
0ce7d
0ce83
0ce89
0ce8f
0ce95
0ce9a
0ce9d
0cea4
0ceab
0ceb2
0ceb9
0cebf
0cec3
0cecc
0ced4
0cedc
0cee3
0cee9
0ceec
0cef4
0cef9
0cefe
0cf07
0cf0d
0cf13
0cf18
0cf20
0cf27
0cf2c
0cf33
0cf39
0cf3e
0cf45
0cf4b
0cf51
0cf56
0cf5e
0cf66
0cf6c
0cf71
0cf79
0cf80
0cf85
0cf87
0cf8c
0cf8f
0cf95
0cf9d
0cfa2
0cfa8
0cfab
0cfae
0cfb4
0cfbd
0cfc3
0cfc9
0cfcc
0cfd5
0cfdb
0cfe4
0cfea
0cff0
0cff9
0cfff
0d005
0d00b
0d010
0d016
0d01e
0d021
0d02a
0d030
0d039
0d03f
0d045
0d04b
0d051
0d05a
0d062
0d068
0d06e
0d073
0d076
0d07f
0d087
0d08f
0d096
0d09c
0d09f
0d0a8
0d0ae
0d0b5
0d0bc
0d0c2
0d0c9
0d0d0
0d0d4
0d0dd
0d0e3
0d0e6
0d0ec
0d0f2
0d0fb
0d103
0d109
0d10f
0d115
0d11b
0d120
0d123
0d12a
0d131
0d138
0d13f
0d145
0d149
0d152
0d15a
0d162
0d169
0d16f
0d172
0d17a
0d17f
0d184
0d18d
0d193
0d199
0d19e
0d1a6
0d1ad
0d1b2
0d1b9
0d1bf
0d1c4
0d1cb
0d1d1
0d1d7
0d1dc
0d1e4
0d1ec
0d1f2
0d1f7
0d1ff
0d206
0d20b
0d20d
0d212
0d215
0d21b
0d223
0d228
0d22e
0d231
0d234
0d23a
0d243
0d249
0d24f
0d252
0d255
0d25e
0d264
0d26d
0d273
0d279
0d27f
0d285
0d28a
0d293
0d299
0d29f
0d2a7
0d2ad
0d2b6
0d2bf
0d2c5
0d2c8
0d2ce
0d2d4
0d2da
0d2e3
0d2eb
0d2f1
0d2f7
0d2fc
0d305
0d30d
0d315
0d31c
0d322
0d325
0d32e
0d334
0d33b
0d342
0d348
0d34f
0d356
0d35a
0d363
0d369
0d36c
0d372
0d378
0d381
0d389
0d38f
0d395
0d39b
0d3a1
0d3a6
0d3a9
0d3b0
0d3b7
0d3be
0d3c5
0d3cb
0d3cf
0d3d8
0d3e0
0d3e8
0d3ef
0d3f5
0d3f8
0d401
0d407
0d40d
0d412
0d41a
0d41f
0d424
0d42c
0d433
0d438
0d43f
0d445
0d44a
0d451
0d457
0d45d
0d465
0d46d
0d472
0d478
0d47d
0d485
0d48c
0d491
0d493
0d498
0d49b
0d4a1
0d4a9
0d4ae
0d4b4
0d4b7
0d4c0
0d4c6
0d4c9
0d4cf
0d4d8
0d4de
0d4e7
0d4ed
0d4f6
0d4fc
0d502
0d508
0d50d
0d513
0d51b
0d521
0d52a
0d533
0d539
0d53f
0d545
0d54b
0d554
0d55c
0d562
0d568
0d56d
0d570
0d579
0d581
0d589
0d590
0d596
0d599
0d5a0
0d5a7
0d5ad
0d5b4
0d5bb
0d5bf
0d5c8
0d5ce
0d5d1
0d5d7
0d5dd
0d5e6
0d5ee
0d5f4
0d5fa
0d600
0d606
0d60b
0d60e
0d615
0d61c
0d623
0d62a
0d630
0d634
0d63d
0d645
0d64d
0d654
0d65a
0d65d
0d665
0d66a
0d66f
0d678
0d67e
0d684
0d689
0d691
0d698
0d69e
0d6a3
0d6aa
0d6b0
0d6b5
0d6bc
0d6c2
0d6ca
0d6d2
0d6d7
0d6dd
0d6e2
0d6ea
0d6f1
0d6f6
0d6fc
0d6ff
0d701
0d706
0d70e
0d713
0d719
0d71c
0d71f
0d725
0d72e
0d734
0d73a
0d73d
0d740
0d746
0d74f
0d755
0d75b
0d75e
0d767
0d76f
0d775
0d77d
0d784
0d787
0d790
0d796
0d79c
0d7a2
0d7ab
0d7b3
0d7b9
0d7bf
0d7c5
0d7ca
0d7cd
0d7d4
0d7db
0d7e2
0d7e8
0d7ef
0d7f3
0d7f6
0d7fc
0d803
0d80a
0d811
0d818
0d81e
0d822
0d82a
0d82f
0d836
0d83b
0d844
0d84a
0d84f
0d854
0d85a
0d85f
0d867
0d86e
0d873
0d87a
0d880
0d886
0d88b
0d891
0d899
0d8a1
0d8a9
0d8b0
0d8b6
0d8bb
0d8c1
0d8c4
0d8cc
0d8d1
0d8d3
0d8d8
0d8db
0d8e1
0d8e4
0d8ea
0d8f3
0d8f9
0d8ff
0d902
0d90b
0d913
0d919
0d921
0d928
0d92b
0d934
0d93a
0d940
0d946
0d94f
0d957
0d95d
0d963
0d969
0d96e
0d971
0d978
0d97f
0d986
0d98c
0d993
0d997
0d99d
0d9a0
0d9a7
0d9ae
0d9b5
0d9bc
0d9c2
0d9c6
0d9cf
0d9d5
0d9da
0d9e2
0d9e7
0d9ee
0d9f3
0d9f8
0d9fe
0da03
0da0b
0da12
0da17
0da1e
0da24
0da2a
0da2f
0da35
0da3d
0da45
0da4d
0da54
0da5a
0da5f
0da65
0da68
0da70
0da75
0da77
0da7c
0da7f
0da85
0da8b
0da8e
0da97
0da9d
0daa3
0daa6
0daaf
0dab7
0dabd
0dac5
0dacc
0dacf
0dad8
0dade
0dae7
0daef
0daf5
0dafb
0db01
0db07
0db0d
0db12
0db15
0db1c
0db23
0db2a
0db30
0db37
0db3b
0db41
0db44
0db4b
0db52
0db59
0db60
0db66
0db6a
0db72
0db77
0db7e
0db83
0db8c
0db92
0db97
0db9c
0dba2
0dba7
0dbaf
0dbb6
0dbbb
0dbc2
0dbc8
0dbce
0dbd3
0dbd9
0dbe1
0dbe9
0dbf1
0dbf8
0dbfe
0dc03
0dc09
0dc0c
0dc14
0dc19
0dc1b
0dc20
0dc26
0dc29
0dc2c
0dc32
0dc3b
0dc41
0dc47
0dc4a
0dc53
0dc59
0dc62
0dc6a
0dc70
0dc76
0dc7c
0dc82
0dc88
0dc8d
0dc90
0dc99
0dca1
0dca7
0dcaf
0dcb6
0dcb9
0dcc0
0dcc7
0dcce
0dcd4
0dcdb
0dcdf
0dce2
0dce8
0dcef
0dcf6
0dcfd
0dd04
0dd0a
0dd0e
0dd16
0dd1b
0dd22
0dd27
0dd30
0dd36
0dd3b
0dd40
0dd46
0dd4b
0dd53
0dd5a
0dd5f
0dd66
0dd6c
0dd72
0dd77
0dd7d
0dd85
0dd8d
0dd95
0dd9c
0dda2
0dda7
0ddad
0ddb0
0ddb5
0ddbd
0ddbf
0ddc4
0ddc7
0ddcd
0ddd0
0ddd6
0dddf
0dde5
0ddeb
0ddee
0ddf7
0ddfd
0de03
0de09
0de12
0de1a
0de20
0de26
0de2b
0de31
0de34
0de3d
0de45
0de4b
0de53
0de5a
0de5d
0de64
0de6b
0de72
0de78
0de7f
0de83
0de86
0de8c
0de93
0de9a
0dea1
0dea8
0deae
0deb2
0deba
0debf
0dec6
0decb
0ded4
0deda
0dedf
0dee5
0deea
0deef
0def7
0defe
0df03
0df0a
0df10
0df16
0df1b
0df21
0df29
0df31
0df39
0df40
0df46
0df4b
0df4e
0df54
0df59
0df61
0df63
0df68
0df6b
0df71
0df7a
0df80
0df86
0df8c
0df95
0df9d
0dfa3
0dfa9
0dfaf
0dfb4
0dfb7
0dfc0
0dfc8
0dfce
0dfd6
0dfdd
0dfe0
0dfe7
0dfee
0dff5
0dffb
0e002
0e006
0e009
0e00f
0e016
0e01d
0e024
0e02b
0e031
0e035
0e03d
0e042
0e049
0e04e
0e057
0e05d
0e062
0e067
0e06d
0e072
0e07a
0e081
0e087
0e08c
0e093
0e099
0e09f
0e0a4
0e0ac
0e0b4
0e0bc
0e0c3
0e0c9
0e0ce
0e0d6
0e0db
0e0e1
0e0e4
0e0e7
0e0ed
0e0ef
0e0f4
0e0f7
0e0fd
0e106
0e10c
0e112
0e115
0e118
0e11e
0e127
0e12d
0e133
0e136
0e13f
0e147
0e14f
0e156
0e15c
0e15f
0e165
0e16e
0e177
0e17f
0e185
0e18b
0e191
0e197
0e19d
0e1a2
0e1a5
0e1ac
0e1b3
0e1ba
0e1c1
0e1c7
0e1cb
0e1ce
0e1d4
0e1dc
0e1e1
0e1e8
0e1f0
0e1f6
0e1fd
0e202
0e208
0e211
0e217
0e21d
0e225
0e22c
0e234
0e239
0e23f
0e244
0e249
0e24e
0e253
0e25a
0e25f
0e265
0e26d
0e273
0e276
0e27e
0e283
0e285
0e28a
0e28d
0e293
0e296
0e29c
0e2a5
0e2ab
0e2b1
0e2b4
0e2bd
0e2c5
0e2cd
0e2d4
0e2da
0e2dd
0e2e6
0e2ec
0e2f5
0e2fd
0e303
0e309
0e30f
0e315
0e31b
0e320
0e323
0e32a
0e331
0e338
0e33f
0e345
0e349
0e34f
0e352
0e35b
0e361
0e367
0e36f
0e376
0e37e
0e383
0e389
0e391
0e396
0e39d
0e3a5
0e3ab
0e3b2
0e3b7
0e3bd
0e3c2
0e3c7
0e3cc
0e3d1
0e3d8
0e3dd
0e3e3
0e3eb
0e3ee
0e3f4
0e3f9
0e401
0e403
0e408
0e40b
0e411
0e414
0e41a
0e423
0e429
0e42f
0e432
0e43a
0e441
0e44a
0e452
0e458
0e45b
0e464
0e46a
0e473
0e47b
0e481
0e487
0e48d
0e493
0e499
0e49e
0e4a1
0e4a8
0e4af
0e4b6
0e4bd
0e4c3
0e4c7
0e4cd
0e4d0
0e4d8
0e4dd
0e4e4
0e4ec
0e4f2
0e4f9
0e4fe
0e504
0e50d
0e513
0e519
0e521
0e528
0e530
0e535
0e53b
0e540
0e545
0e54a
0e54f
0e556
0e55b
0e561
0e569
0e571
0e576
0e579
0e57f
0e581
0e586
0e589
0e58f
0e592
0e598
0e5a1
0e5a7
0e5ad
0e5b0
0e5b9
0e5bf
0e5c8
0e5d0
0e5d6
0e5dc
0e5e2
0e5e8
0e5ee
0e5f3
0e5f6
0e5fe
0e605
0e60e
0e616
0e61c
0e61f
0e626
0e62d
0e634
0e63b
0e641
0e645
0e64b
0e64e
0e656
0e65b
0e662
0e66a
0e670
0e677
0e67c
0e682
0e68b
0e691
0e697
0e69f
0e6a6
0e6ae
0e6b3
0e6b9
0e6be
0e6c3
0e6c8
0e6cd
0e6d4
0e6d9
0e6df
0e6e7
0e6ed
0e6f0
0e6f8
0e6fd
0e6ff
0e704
0e707
0e70d
0e710
0e716
0e71f
0e725
0e72b
0e72e
0e737
0e73d
0e746
0e74e
0e754
0e75a
0e760
0e766
0e76b
0e771
0e774
0e77c
0e783
0e78c
0e794
0e79a
0e79d
0e7a4
0e7ab
0e7b2
0e7b9
0e7bf
0e7c3
0e7c9
0e7cc
0e7d4
0e7d9
0e7e0
0e7e8
0e7ee
0e7f5
0e7fa
0e800
0e809
0e80f
0e815
0e81d
0e824
0e82c
0e831
0e837
0e83c
0e841
0e846
0e84b
0e852
0e857
0e85d
0e865
0e86b
0e86e
0e876
0e87b
0e87d
0e882
0e885
0e88b
0e88e
0e894
0e89d
0e8a6
0e8ae
0e8b4
0e8ba
0e8c0
0e8c6
0e8cc
0e8d1
0e8da
0e8e2
0e8ea
0e8f1
0e8f7
0e8fa
0e901
0e908
0e90f
0e916
0e91c
0e920
0e926
0e929
0e931
0e936
0e93d
0e945
0e94b
0e952
0e957
0e95d
0e966
0e96c
0e972
0e97a
0e981
0e989
0e98e
0e994
0e999
0e99e
0e9a3
0e9a8
0e9af
0e9b5
0e9ba
0e9c2
0e9c8
0e9cb
0e9d3
0e9d8
0e9db
0e9e1
0e9e3
0e9e8
0e9eb
0e9f1
0e9fa
0ea00
0ea06
0ea09
0ea0f
0ea12
0ea1b
0ea21
0ea27
0ea2a
0ea33
0ea3b
0ea43
0ea4a
0ea50
0ea53
0ea56
0ea5f
0ea65
0ea6e
0ea74
0ea7a
0ea82
0ea88
0ea8e
0ea94
0ea99
0eaa0
0eaa7
0eaae
0eab5
0eabb
0eabf
0eac7
0eacc
0ead1
0ead9
0eae2
0eae9
0eaef
0eaf4
0eafb
0eb01
0eb08
0eb0d
0eb13
0eb19
0eb1f
0eb27
0eb2e
0eb36
0eb3b
0eb41
0eb46
0eb4b
0eb50
0eb58
0eb5e
0eb61
0eb69
0eb6e
0eb70
0eb75
0eb78
0eb7e
0eb84
0eb87
0eb90
0eb96
0eb9c
0eb9f
0eba8
0ebb0
0ebb8
0ebbf
0ebc5
0ebc8
0ebcb
0ebd1
0ebda
0ebe3
0ebe9
0ebef
0ebf7
0ebfd
0ec03
0ec09
0ec0e
0ec15
0ec1c
0ec23
0ec2a
0ec30
0ec34
0ec3c
0ec41
0ec46
0ec4f
0ec57
0ec5e
0ec64
0ec6a
0ec70
0ec78
0ec7f
0ec87
0ec8c
0ec92
0ec97
0ec9e
0eca4
0ecab
0ecb0
0ecb6
0ecbb
0ecc0
0ecc5
0eccd
0ecd3
0ecd6
0ecde
0ece3
0ece5
0ecea
0ecf0
0ecf3
0ecf6
0ecfc
0ed05
0ed0b
0ed11
0ed14
0ed1d
0ed25
0ed2d
0ed34
0ed3a
0ed3d
0ed46
0ed4c
0ed55
0ed5b
0ed61
0ed69
0ed6f
0ed75
0ed7b
0ed80
0ed83
0ed8a
0ed91
0ed98
0ed9f
0eda5
0eda9
0edb1
0edba
0edc1
0edc7
0edcf
0edd4
0edd9
0edde
0ede5
0edeb
0edf2
0edf7
0edfd
0ee03
0ee09
0ee11
0ee18
0ee20
0ee25
0ee2b
0ee30
0ee35
0ee3a
0ee42
0ee4a
0ee4f
0ee55
0ee58
0ee5a
0ee5f
0ee62
0ee68
0ee6b
0ee71
0ee7a
0ee80
0ee86
0ee89
0ee8c
0ee95
0ee9b
0eea4
0eeaa
0eeb0
0eeb8
0eebe
0eec4
0eeca
0eecf
0eed8
0eee0
0eee8
0eeef
0eef5
0eef8
0eeff
0ef06
0ef0d
0ef14
0ef1a
0ef1e
0ef26
0ef2b
0ef30
0ef38
0ef41
0ef48
0ef4e
0ef53
0ef5a
0ef60
0ef67
0ef6c
0ef72
0ef78
0ef7e
0ef86
0ef8d
0ef95
0ef9a
0efa0
0efa5
0efaa
0efaf
0efb7
0efbd
0efc0
0efc8
0efcd
0efcf
0efd4
0efd7
0efdd
0efe0
0efe6
0efef
0eff5
0effb
0effe
0f004
0f00d
0f016
0f01c
0f022
0f02a
0f030
0f036
0f03c
0f041
0f044
0f04d
0f055
0f05d
0f064
0f06a
0f06d
0f074
0f07b
0f082
0f089
0f08f
0f093
0f09b
0f0a0
0f0a5
0f0ad
0f0b6
0f0bd
0f0c3
0f0c8
0f0cf
0f0d5
0f0dc
0f0e1
0f0e7
0f0ed
0f0f3
0f0fb
0f102
0f10a
0f10f
0f115
0f11a
0f11f
0f124
0f12c
0f132
0f135
0f13d
0f142
0f144
0f149
0f14c
0f152
0f155
0f15e
0f164
0f16d
0f173
0f179
0f181
0f187
0f18d
0f193
0f198
0f1a1
0f1a9
0f1b1
0f1b8
0f1be
0f1c1
0f1c8
0f1cf
0f1d6
0f1dd
0f1e3
0f1e7
0f1ef
0f1f4
0f1f9
0f201
0f20a
0f211
0f217
0f21c
0f223
0f229
0f230
0f235
0f23b
0f241
0f247
0f24f
0f256
0f25e
0f263
0f269
0f26e
0f273
0f278
0f280
0f286
0f289
0f291
0f296
0f29c
0f29f
0f2a1
0f2a6
0f2a9
0f2af
0f2b8
0f2be
0f2c4
0f2c7
0f2ca
0f2d0
0f2d9
0f2df
0f2e5
0f2e8
0f2f1
0f2f9
0f2ff
0f307
0f30e
0f311
0f31a
0f320
0f329
0f331
0f337
0f33d
0f343
0f349
0f34f
0f354
0f357
0f35e
0f365
0f36c
0f373
0f379
0f37d
0f385
0f38a
0f391
0f396
0f39f
0f3a5
0f3ad
0f3b5
0f3ba
0f3c2
0f3c9
0f3ce
0f3d4
0f3db
0f3e0
0f3e6
0f3ec
0f3f2
0f3f9
0f401
0f406
0f40c
0f411
0f416
0f41c
0f41f
0f427
0f42c
0f42e
0f433
0f436
0f43c
0f43f
0f445
0f44e
0f454
0f45a
0f45d
0f466
0f46e
0f474
0f47c
0f483
0f486
0f489
0f492
0f498
0f4a1
0f4a9
0f4af
0f4b5
0f4bb
0f4c1
0f4c7
0f4cc
0f4d3
0f4da
0f4e1
0f4e8
0f4ee
0f4f2
0f4fa
0f4ff
0f506
0f50b
0f514
0f51a
0f522
0f52a
0f52f
0f537
0f53e
0f544
0f54a
0f551
0f559
0f55e
0f564
0f569
0f56f
0f576
0f57b
0f581
0f586
0f58b
0f591
0f594
0f599
0f5a1
0f5a3
0f5a8
0f5ab
0f5b1
0f5b4
0f5ba
0f5c3
0f5c9
0f5cf
0f5d2
0f5db
0f5e3
0f5e9
0f5f1
0f5f8
0f5fb
0f601
0f60a
0f613
0f61b
0f621
0f627
0f62d
0f633
0f639
0f63e
0f641
0f648
0f64f
0f656
0f65d
0f663
0f667
0f66f
0f674
0f67b
0f680
0f689
0f68f
0f697
0f69f
0f6a7
0f6ae
0f6b3
0f6b8
0f6be
0f6c5
0f6ca
0f6d0
0f6d6
0f6dc
0f6e3
0f6eb
0f6f0
0f6f6
0f6fb
0f700
0f705
0f70d
0f710
0f716
0f718
0f71d
0f720
0f726
0f729
0f72f
0f738
0f73e
0f744
0f747
0f750
0f756
0f75f
0f767
0f76d
0f773
0f779
0f77f
0f785
0f78a
0f78d
0f796
0f79e
0f7a4
0f7ac
0f7b3
0f7b6
0f7bd
0f7c4
0f7cb
0f7d2
0f7d8
0f7dc
0f7e4
0f7e9
0f7f0
0f7f5
0f7fe
0f804
0f80c
0f814
0f819
0f821
0f828
0f82d
0f833
0f83a
0f83f
0f845
0f84b
0f851
0f858
0f860
0f865
0f86b
0f870
0f875
0f87b
0f87e
0f886
0f88b
0f88d
0f892
0f895
0f89b
0f8a1
0f8a4
0f8ad
0f8b3
0f8b9
0f8bc
0f8c5
0f8cb
0f8d4
0f8dc
0f8e2
0f8e8
0f8ee
0f8f4
0f8fa
0f8ff
0f902
0f90b
0f913
0f919
0f921
0f928
0f92b
0f932
0f939
0f940
0f947
0f94d
0f951
0f959
0f961
0f969
0f96e
0f975
0f97a
0f983
0f989
0f98e
0f996
0f99d
0f9a2
0f9a8
0f9af
0f9b4
0f9ba
0f9c0
0f9c6
0f9cd
0f9d5
0f9da
0f9e0
0f9e5
0f9ea
0f9f0
0f9f3
0f9fb
0fa00
0fa02
0fa07
0fa0d
0fa10
0fa19
0fa1f
0fa28
0fa30
0fa36
0fa3c
0fa42
0fa48
0fa4e
0fa53
0fa56
0fa5f
0fa67
0fa6d
0fa75
0fa7c
0fa7f
0fa86
0fa8d
0fa94
0fa9b
0faa1
0faa5
0faae
0fab4
0fabc
0fac4
0facc
0fad1
0fad8
0fadd
0fae2
0faea
0faf1
0faf6
0fafc
0fb03
0fb08
0fb0e
0fb14
0fb1a
0fb21
0fb29
0fb2e
0fb34
0fb39
0fb3e
0fb44
0fb47
0fb4f
0fb54
0fb57
0fb5d
0fb5f
0fb64
0fb67
0fb6d
0fb76
0fb7c
0fb82
0fb85
0fb88
0fb8e
0fb97
0fb9d
0fba3
0fba6
0fbae
0fbb5
0fbbe
0fbc6
0fbcc
0fbcf
0fbd2
0fbd8
0fbe1
0fbea
0fbf2
0fbf8
0fbfe
0fc04
0fc0a
0fc10
0fc15
0fc1c
0fc23
0fc2a
0fc31
0fc37
0fc3b
0fc43
0fc48
0fc4f
0fc57
0fc5d
0fc64
0fc69
0fc6f
0fc78
0fc7e
0fc83
0fc8b
0fc93
0fc98
0fc9f
0fca4
0fcaa
0fcb0
0fcb7
0fcbf
0fcc4
0fcca
0fccf
0fcd4
0fcd7
0fcdd
0fce2
0fcea
0fcec
0fcf1
0fcf4
0fcfa
0fcfd
0fd03
0fd0c
0fd12
0fd18
0fd1b
0fd23
0fd2a
0fd33
0fd3b
0fd41
0fd44
0fd47
0fd4d
0fd56
0fd5f
0fd67
0fd6d
0fd73
0fd79
0fd7f
0fd85
0fd8a
0fd91
0fd98
0fd9f
0fda6
0fdac
0fdb0
0fdb8
0fdbd
0fdc4
0fdcc
0fdd2
0fdd9
0fdde
0fde4
0fded
0fdf3
0fdf8
0fe00
0fe08
0fe0d
0fe14
0fe1a
0fe20
0fe27
0fe2f
0fe34
0fe3a
0fe3f
0fe44
0fe49
0fe4f
0fe52
0fe5a
0fe5f
0fe61
0fe66
0fe69
0fe6f
0fe72
0fe78
0fe81
0fe87
0fe8d
0fe90
0fe98
0fe9f
0fea8
0feb0
0feb6
0feb9
0febf
0fec8
0fed1
0fed9
0fedf
0fee5
0feeb
0fef1
0fef7
0fefc
0feff
0ff06
0ff0d
0ff14
0ff1b
0ff21
0ff25
0ff2d
0ff32
0ff39
0ff41
0ff47
0ff4e
0ff53
0ff59
0ff62
0ff68
0ff6d
0ff75
0ff7d
0ff84
0ff89
0ff8e
0ff94
0ff9a
0ffa1
0ffa9
0ffae
0ffb4
0ffb9
0ffbe
0ffc6
0ffcb
0ffce
0ffd4
0ffd6
0ffdb
0ffde
0ffe4
0ffe7
0ffed
0fff6
0fffc
10002
10005
10008
10011
10017
10020
10028
1002e
10034
1003a
10040
10046
1004b
10054
1005c
10064
1006b
10071
10074
1007b
10082
10089
10090
10096
1009a
100a2
100a7
100ae
100b6
100bc
100c3
100c8
100ce
100d7
100dd
100e2
100ea
100f2
100f7
100fe
10103
10109
1010f
10116
1011e
10123
10129
1012e
10133
10136
1013c
10141
10149
1014b
10150
10153
10159
1015c
10162
1016b
10171
10177
1017a
10180
10189
10192
1019a
101a0
101a6
101ac
101b2
101b8
101bd
101c0
101c9
101d1
101d9
101e0
101e6
101e9
101f0
101f7
101fe
10205
1020b
1020f
10217
1021c
10223
1022b
10231
10238
1023d
10243
1024c
10252
1025a
10262
10267
1026c
10273
10278
1027e
10284
1028b
10293
10298
1029e
102a3
102a8
102ab
102b1
102b9
102be
102c0
102c5
102c8
102ce
102d1
102da
102e0
102e9
102f1
102f7
102fd
10303
10309
1030f
10314
1031d
10325
1032d
10334
1033a
1033d
10344
1034b
10352
10359
1035f
10363
1036c
10372
1037a
1037f
10386
1038e
10394
1039b
103a0
103a6
103ae
103b6
103bb
103c0
103c7
103cc
103d2
103d8
103df
103e7
103ec
103f2
103f7
103fc
10402
10405
1040d
10412
10415
1041b
1041d
10422
10425
1042b
10434
1043a
10440
10443
10446
1044c
10455
1045b
10461
10464
1046d
10475
1047d
10484
1048a
1048d
10493
1049c
104a5
104ad
104b3
104b9
104bf
104c5
104cb
104d0
104d3
104da
104e1
104e8
104ef
104f5
104f9
10501
10508
10510
10515
1051c
10522
10529
1052e
10534
1053d
10543
10548
10550
10558
1055d
10562
10568
1056e
10575
1057d
10582
10588
1058d
10592
10598
1059b
105a3
105a8
105aa
105af
105b2
105b8
105bb
105c1
105ca
105d0
105d6
105d9
105e2
105ea
105f2
105f9
105ff
10602
1060b
10611
1061a
10622
10628
1062e
10634
1063a
10640
10645
10648
1064f
10656
1065d
10664
1066a
1066e
10676
1067d
10685
1068a
10691
10697
1069e
106a3
106a9
106b2
106b8
106bd
106c5
106cd
106d2
106d8
106de
106e5
106ed
106f2
106f8
106fd
10702
10707
1070d
10710
10718
1071d
1071f
10724
10727
1072d
10730
10736
1073f
10745
1074b
1074e
10757
1075f
10767
1076e
10774
10777
10780
10786
1078f
10797
1079d
107a3
107a9
107af
107b5
107ba
107bd
107c4
107cb
107d2
107d9
107df
107e3
107eb
107f2
107fa
107ff
10806
1080c
10813
10818
1081e
10827
1082d
10832
1083a
10842
10847
1084c
10852
10858
1085f
10867
1086c
10872
10877
1087c
10884
10889
1088f
10892
10894
10899
1089c
108a2
108a5
108ab
108b4
108ba
108c0
108c3
108cc
108d2
108db
108e3
108e9
108ef
108f5
108fb
10901
10906
10909
10912
1091a
10922
10929
1092f
10932
10939
10940
10947
1094e
10954
10958
10960
10967
1096f
10974
1097b
10981
10988
1098d
10993
1099c
109a2
109a7
109af
109b7
109bc
109c1
109c7
109cd
109d4
109dc
109e1
109e7
109ec
109f1
109f7
109fa
10a02
10a07
10a09
10a0e
10a11
10a17
10a1a
10a20
10a29
10a2f
10a35
10a38
10a41
10a47
10a50
10a58
10a5e
10a64
10a6a
10a70
10a76
10a7b
10a7e
10a87
10a8f
10a97
10a9e
10aa4
10aa7
10aae
10ab5
10abc
10ac3
10ac9
10acd
10ad5
10adc
10ae4
10ae9
10af0
10af6
10afd
10b02
10b08
10b11
10b17
10b1f
10b27
10b2c
10b31
10b36
10b3c
10b42
10b49
10b51
10b56
10b5c
10b61
10b66
10b69
10b6f
10b74
10b7c
10b7e
10b83
10b86
10b8c
10b8f
10b98
10b9e
10ba7
10baf
10bb5
10bbb
10bc1
10bc7
10bcd
10bd2
10bdb
10be3
10beb
10bf2
10bf8
10bfb
10c02
10c09
10c10
10c17
10c1d
10c21
10c29
10c30
10c39
10c3f
10c47
10c4c
10c53
10c59
10c60
10c65
10c6b
10c73
10c7b
10c80
10c85
10c8a
10c90
10c96
10c9d
10ca5
10caa
10cb0
10cb5
10cba
10cc0
10cc3
10ccb
10cd0
10cd3
10cd9
10cdb
10ce0
10ce3
10ce9
10cf2
10cf8
10cfe
10d01
10d04
10d0a
10d13
10d19
10d1f
10d22
10d2b
10d33
10d3b
10d42
10d48
10d4b
10d54
10d5c
10d62
10d68
10d6e
10d74
10d7a
10d7f
10d82
10d89
10d90
10d97
10d9e
10da4
10da8
10db0
10db7
10dbf
10dc4
10dcb
10dd1
10dd8
10ddd
10de3
10dec
10df2
10df7
10dff
10e07
10e0c
10e11
10e17
10e1d
10e24
10e2c
10e31
10e37
10e3c
10e41
10e44
10e4a
10e4f
10e57
10e59
10e5e
10e61
10e67
10e6a
10e70
10e79
10e7f
10e85
10e88
10e91
10e99
10ea1
10ea8
10eae
10eb1
10eba
10ec2
10ec8
10ece
10ed4
10eda
10ee0
10ee5
10ee8
10eef
10ef6
10efd
10f04
10f0a
10f0e
10f16
10f1d
10f25
10f2a
10f31
10f37
10f3e
10f43
10f49
10f52
10f58
10f5d
10f65
10f6d
10f72
10f78
10f7e
10f85
10f8d
10f92
10f98
10f9d
10fa2
10fa7
10fad
10fb0
10fb8
10fbd
10fbf
10fc4
10fc7
10fcd
10fd0
10fd6
10fdf
10fe5
10feb
10fee
10ff7
10fff
11007
1100e
11014
11017
11020
11028
1102e
11034
1103a
11040
11046
1104b
1104e
11055
1105c
11063
1106a
11070
11074
1107c
11083
1108b
11090
11097
1109d
110a4
110a9
110af
110b8
110be
110c3
110cb
110d3
110d8
110dd
110e3
110e9
110f0
110f8
110fd
11103
11108
1110d
11112
1111a
1111d
11123
11125
1112a
1112d
11133
11136
1113c
11145
1114b
11151
11154
1115d
11165
1116b
11171
11177
1117d
11183
11188
1118b
11194
1119c
111a4
111ab
111b1
111b4
111bb
111c2
111c9
111d0
111d6
111da
111e2
111e9
111f1
111f6
111fd
11203
1120a
1120f
11215
1121e
11224
11229
11231
11239
1123e
11243
11249
1124f
11256
1125e
11263
11269
1126e
11273
11276
1127c
11281
11289
1128b
11290
11293
11299
1129c
112a2
112ab
112b1
112b7
112ba
112c3
112cb
112d1
112d7
112dd
112e3
112e9
112ee
112f1
112fa
11302
1130a
11311
11317
1131a
11321
11328
1132f
11336
1133c
11340
11348
1134f
11357
1135c
11363
11369
11370
11375
1137b
11384
1138a
11392
1139a
1139f
113a4
113a9
113af
113b5
113bc
113c4
113c9
113cf
113d4
113d9
113dc
113e2
113e7
113ef
113f1
113f6
113f9
113ff
11408
11410
11416
1141c
11422
11428
1142e
11433
11436
1143f
11447
1144f
11456
1145c
1145f
11466
1146d
11474
1147b
11481
11485
1148d
11494
1149d
114a3
114ab
114b0
114b7
114bd
114c4
114c9
114cf
114d7
114df
114e4
114e9
114ee
114f4
114fa
11501
11509
1150e
11514
11519
1151e
11524
11527
1152f
11534
11537
1153d
1153f
11544
11547
1154d
11556
1155c
11562
11565
11568
1156e
11577
1157d
11583
11586
1158f
11597
1159f
115a6
115ac
115af
115b8
115c0
115c6
115cc
115d2
115d8
115de
115e3
115e6
115ed
115f4
115fb
11602
11608
1160c
11614
1161b
11623
11628
1162f
11635
1163c
11641
11647
11650
11656
1165b
11663
1166b
11670
11675
1167b
11681
11688
11690
11695
1169b
116a0
116a5
116ab
116ae
116b6
116bb
116bd
116c2
116c5
116cb
116ce
116d4
116dd
116e3
116e9
116ec
116f5
116fd
11705
1170c
11712
11715
1171e
11726
1172c
11732
11738
1173e
11744
11749
1174c
11753
1175a
11761
11768
1176e
11772
1177a
11781
11789
1178e
11795
1179b
117a2
117a7
117ad
117b6
117bc
117c1
117c9
117d1
117d6
117dc
117e2
117e9
117f1
117f6
117fc
11801
11806
1180b
11811
11814
1181c
11821
11823
11828
1182b
11831
11834
1183a
11843
11849
1184f
11852
1185b
11863
1186b
11872
11878
1187b
11884
1188c
11892
11898
1189e
118a4
118aa
118af
118b2
118b9
118c0
118c7
118ce
118d4
118d8
118e0
118e7
118ef
118f4
118fb
11901
11908
1190d
11913
1191c
11922
11927
1192f
11937
1193c
11941
11947
1194d
11954
1195c
11961
11967
1196c
11971
11976
1197e
11981
11987
11989
1198e
11991
11997
1199a
119a0
119a9
119af
119b5
119b8
119c1
119c9
119cf
119d5
119db
119e1
119e7
119ec
119ef
119f8
11a00
11a08
11a0f
11a15
11a18
11a1f
11a26
11a2d
11a34
11a3a
11a3e
11a46
11a4d
11a55
11a5a
11a61
11a67
11a6e
11a73
11a79
11a82
11a88
11a8d
11a95
11a9d
11aa2
11aa7
11aad
11ab3
11aba
11ac2
11ac7
11acd
11ad2
11ad7
11add
11ae0
11ae8
11aed
11aef
11af4
11af7
11afd
11b00
11b06
11b0f
11b15
11b1b
11b1e
11b21
11b2a
11b32
11b38
11b3e
11b44
11b4a
11b50
11b55
11b5e
11b66
11b6e
11b75
11b7b
11b7e
11b85
11b8c
11b93
11b9a
11ba0
11ba4
11bac
11bb3
11bbb
11bc0
11bc7
11bcd
11bd4
11bd9
11bdf
11be8
11bee
11bf6
11bfe
11c03
11c08
11c0d
11c13
11c19
11c20
11c28
11c2d
11c33
11c38
11c3d
11c43
11c46
11c4e
11c53
11c55
11c5a
11c5d
11c63
11c66
11c6f
11c77
11c7d
11c83
11c89
11c8f
11c95
11c9a
11ca3
11cab
11cb3
11cba
11cc0
11cc3
11cca
11cd1
11cd8
11cdf
11ce5
11ce9
11cf1
11cf8
11d01
11d07
11d0f
11d14
11d1b
11d21
11d28
11d2d
11d33
11d3b
11d43
11d48
11d4d
11d52
11d58
11d5e
11d65
11d6d
11d72
11d78
11d7d
11d82
11d88
11d8b
11d93
11d98
11d9b
11da1
11da3
11da8
11db1
11db7
11dbd
11dc0
11dc9
11dcf
11dd5
11dd8
11de1
11de9
11df1
11df8
11dfe
11e01
11e0a
11e12
11e18
11e1e
11e24
11e2a
11e30
11e35
11e38
11e3f
11e46
11e4d
11e54
11e5a
11e5e
11e66
11e6d
11e75
11e7a
11e81
11e87
11e8e
11e93
11e99
11ea2
11ea8
11ead
11eb5
11ebd
11ec2
11ec7
11ecd
11ed3
11ed8
11ede
11ee5
11eed
11ef2
11ef7
11efa
11f00
11f06
11f09
11f11
11f16
11f18
11f1d
11f26
11f2c
11f32
11f35
11f3e
11f46
11f4e
11f55
11f5b
11f5e
11f61
11f6a
11f72
11f78
11f7e
11f84
11f8a
11f90
11f95
11f9c
11fa3
11faa
11fb1
11fb7
11fbb
11fc3
11fca
11fd2
11fd7
11fde
11fe4
11feb
11ff0
11ff6
11fff
12005
1200a
12012
1201a
1201f
12025
1202b
12030
12036
1203d
12045
1204a
1204f
12054
1205a
1205d
12063
12066
1206e
12073
12075
1207a
12083
12089
1208f
12092
1209b
120a3
120ab
120b2
120b8
120bb
120c4
120cc
120d2
120d8
120de
120e4
120ea
120ef
120f2
120f9
12100
12107
1210e
12114
12118
12120
12127
1212f
12134
1213b
12141
12148
1214d
12153
1215c
12162
12167
1216f
12177
1217c
12181
12187
1218d
12192
12198
1219f
121a7
121ac
121b1
121b7
121ba
121c2
121c7
121cd
121d0
121d2
121d7
121e0
121e6
121ec
121ef
121f8
12200
12206
1220c
12212
12218
1221e
12223
12226
1222f
12237
1223f
12246
1224c
1224f
12256
1225d
12264
1226b
12271
12275
1227d
12284
1228c
12291
12298
1229e
122a5
122aa
122b0
122b9
122bf
122c4
122cc
122d4
122d9
122de
122e4
122ea
122ef
122f5
122fc
12304
12309
1230e
12311
12317
1231d
12320
12328
1232d
1232f
12334
1233d
12343
12349
1234c
12355
1235d
12363
12369
1236f
12375
1237b
12380
12383
1238c
12394
1239c
123a3
123a9
123ac
123b3
123ba
123c1
123c8
123ce
123d2
123da
123e1
123e9
123ee
123f5
123fb
12402
12407
1240d
12416
1241c
12424
1242c
12431
12436
1243b
12441
12447
1244c
12452
12459
12461
12466
1246b
1246e
12474
1247a
1247d
12485
1248a
1248c
12491
1249a
124a2
124a8
124ae
124b4
124ba
124c0
124c5
124c8
124d1
124d9
124e1
124e8
124ee
124f1
124f8
124ff
12506
1250d
12513
12517
1251f
12526
1252f
12535
1253d
12542
12549
1254f
12556
1255b
12561
12569
12571
12576
1257b
12580
12586
1258c
12591
12597
1259e
125a6
125ab
125b0
125b3
125b9
125bf
125c2
125ca
125cf
125d1
125d6
125df
125e5
125eb
125ee
125f7
125fd
12603
12606
1260f
12617
1261f
12626
1262c
1262f
12637
1263e
12646
1264b
12652
12658
1265f
12664
1266a
12673
12679
1267e
12686
1268e
12693
12698
1269e
126a4
126ab
126b3
126b8
126be
126c3
126c8
126d0
126d5
126d8
126de
126e4
126e7
126e9
126ee
126f7
126fd
12703
12706
1270f
12717
1271f
12726
1272c
1272f
12737
1273e
12746
1274b
12752
12758
1275f
12764
1276a
12773
12779
1277e
12786
1278e
12793
12799
1279f
127a6
127ae
127b3
127b9
127be
127c3
127c8
127d0
127d5
127d8
127de
127e1
127e7
127e9
127ee
127f7
127fd
12803
12806
1280f
12817
1281f
12826
1282c
1282f
12837
1283e
12846
1284b
12852
12858
1285f
12864
1286a
12873
12879
1287e
12886
1288e
12893
12898
1289e
128a4
128ab
128b3
128b8
128be
128c3
128c8
128d0
128d5
128db
128de
128e1
128e7
128e9
128ee
128f7
128fd
12903
12906
1290f
12917
1291f
12926
1292c
1292f
12937
1293e
12946
1294b
12952
12958
1295f
12964
1296a
12973
12979
1297e
12986
1298e
12993
12998
1299e
129a4
129ab
129b3
129b8
129be
129c3
129c8
129d0
129d5
129db
129de
129e4
129e7
129e9
129ee
129f7
129fd
12a03
12a06
12a0f
12a17
12a1f
12a26
12a2c
12a2f
12a37
12a3e
12a46
12a4b
12a52
12a58
12a5f
12a64
12a6a
12a73
12a79
12a81
12a89
12a8e
12a93
12a98
12a9e
12aa4
12aab
12ab3
12ab8
12abe
12ac3
12ac8
12ad0
12ad5
12ad8
12ade
12ae4
12ae7
12ae9
12aee
12af7
12aff
12b07
12b0e
12b14
12b17
12b1f
12b26
12b2f
12b35
12b3d
12b42
12b49
12b4f
12b56
12b5b
12b61
12b69
12b71
12b76
12b7b
12b80
12b86
12b8c
12b93
12b9b
12ba0
12ba6
12bab
12bb0
12bb8
12bbd
12bc0
12bc6
12bcc
12bcf
12bd1
12bd6
12bdf
12be5
12beb
12bee
12bf7
12bfd
12c03
12c06
12c0e
12c15
12c1d
12c22
12c29
12c2f
12c36
12c3b
12c41
12c4a
12c50
12c55
12c5d
12c65
12c6a
12c6f
12c75
12c7b
12c82
12c8a
12c8f
12c95
12c9a
12c9f
12ca7
12cac
12cb2
12cb5
12cbb
12cbe
12cc0
12cc5
12cce
12cd4
12cda
12cdd
12ce5
12cec
12cf4
12cf9
12d00
12d06
12d0d
12d12
12d18
12d21
12d27
12d2c
12d34
12d3c
12d41
12d47
12d4d
12d54
12d5c
12d61
12d67
12d6c
12d71
12d76
12d7e
12d83
12d86
12d8c
12d92
12d95
12d97
12d9c
12da5
12dab
12db1
12db4
12dbc
12dc3
12dcb
12dd0
12dd7
12ddd
12de4
12de9
12def
12df8
12dfe
12e03
12e0b
12e13
12e18
12e1d
12e23
12e29
12e30
12e38
12e3d
12e43
12e48
12e4d
12e55
12e5a
12e60
12e63
12e69
12e6c
12e6e
12e73
12e7c
12e82
12e88
12e8b
12e93
12e9a
12ea2
12ea7
12eae
12eb4
12ebb
12ec0
12ec6
12ecf
12ed5
12eda
12ee2
12eea
12eef
12ef4
12efa
12f00
12f07
12f0f
12f14
12f1a
12f1f
12f24
12f2c
12f31
12f37
12f3a
12f40
12f43
12f45
12f4a
12f53
12f59
12f5f
12f62
12f6a
12f71
12f79
12f7e
12f85
12f8b
12f92
12f97
12f9d
12fa6
12fac
12fb4
12fbc
12fc1
12fc6
12fcb
12fd1
12fd7
12fde
12fe6
12feb
12ff1
12ff6
12ffb
13003
13008
1300e
13011
13014
1301a
1301c
13021
13029
13030
13039
1303f
13047
1304c
13053
13059
13060
13065
1306b
13073
1307b
13080
13085
1308a
13090
13096
1309d
130a5
130aa
130b0
130b5
130ba
130c2
130c7
130cd
130d0
130d6
130d9
130db
130e0
130e3
130e6
130e9
130ef
130f5
130fa
130ff
13105
1310b
13111
13114
13117
1311c
1311f
13128
1312e
13134
1313b
1313e
13142
13148
1314d
13156
1315c
13163
13169
1316c
13170
13173
13176
1317e
13187
13190
13195
1319b
131a0
131a6
131a8
131ab
131ae
131b1
131b4
131ba
131c0
131c5
131ca
131d0
131d6
131dc
131df
131e2
131e7
131ea
131f3
131f9
131ff
13206
13209
1320d
13213
13218
13221
13227
1322e
13234
13237
1323b
1323e
13241
13249
13252
1325b
13260
13266
1326b
13271
13273
13276
13279
1327c
1327f
13285
1328b
13290
13295
1329b
132a1
132a7
132aa
132af
132b2
132b5
132be
132c4
132ca
132d1
132d4
132d8
132de
132e3
132ec
132f2
132f9
132ff
13302
13306
13309
1330c
13314
1331d
13326
1332b
13331
13336
1333c
1333e
13341
13344
13347
1334d
13353
13356
13359
1335f
13365
1336a
1336f
13375
13378
1337d
13380
13389
1338f
13395
1339c
1339f
133a3
133a9
133ae
133b7
133bd
133c4
133ca
133cd
133d1
133d4
133d7
133df
133e8
133f1
133f6
133fc
13401
13407
13409
1340c
1340f
13412
13418
1341e
13421
13424
1342a
13430
13435
1343a
13440
13443
13448
1344b
13454
1345a
13460
13467
1346a
1346e
13474
13479
13482
13488
1348f
13495
13498
1349c
1349f
134a2
134aa
134b3
134bc
134c1
134c7
134cc
134d2
134d4
134d7
134da
134e0
134e6
134ec
134ef
134f2
134f8
134fe
13503
13508
1350b
13510
13513
1351c
13522
13528
1352f
13532
13536
1353c
13541
1354a
13550
13557
1355d
13560
13564
13567
1356a
13572
1357b
13584
1358a
1358f
13594
1359a
1359d
1359f
135a2
135a5
135a8
135ab
135b1
135b6
135bb
135be
135c1
135ca
135d0
135d6
135dd
135e0
135e4
135ed
135f3
135f9
13600
13603
13607
1360a
13613
13619
13621
1362a
1362f
13635
1363a
1363c
1363f
13642
13645
13648
1364e
13653
13658
1365b
1365e
13667
1366d
13673
1367a
1367d
13681
1368a
13690
13696
1369d
136a0
136a4
136a7
136b0
136b6
136be
136c7
136cc
136d2
136d7
136d9
136dc
136df
136e2
136e5
136eb
136f0
136f5
136f8
136fb
13704
1370a
13710
13717
1371a
1371e
13727
1372d
13733
1373a
1373d
13741
13744
1374d
13753
1375b
13764
13769
1376f
13774
13776
13779
1377c
1377f
13782
13788
1378d
13792
13795
13798
137a1
137a7
137ad
137b4
137b7
137bb
137c4
137ca
137d0
137d7
137da
137de
137e1
137ea
137f0
137f8
13801
13806
1380c
13811
13813
13816
13819
1381c
1381f
13825
1382a
1382f
13832
13835
1383e
13844
1384a
13851
13854
13858
13861
13867
1386d
13874
13877
1387b
1387e
13887
1388d
13895
1389e
138a3
138a9
138ae
138b0
138b3
138b6
138b9
138bf
138c4
138c9
138cc
138cf
138d8
138de
138e4
138eb
138ee
138f2
138fb
13901
13907
1390e
13911
13915
13918
13921
13927
1392f
13938
1393e
13943
13948
1394b
1394d
13950
13953
13956
13959
1395f
13964
13967
1396a
13973
13979
1397f
13986
13989
1398d
13996
1399c
139a2
139a9
139ac
139b0
139b9
139bf
139c7
139d0
139d5
139db
139e0
139e2
139e5
139e8
139eb
139ee
139f4
139f9
139fc
139ff
13a08
13a0e
13a14
13a1b
13a1e
13a22
13a2b
13a31
13a37
13a3e
13a41
13a45
13a4e
13a54
13a5c
13a65
13a6a
13a70
13a75
13a77
13a7a
13a7d
13a80
13a83
13a89
13a8e
13a91
13a94
13a9d
13aa3
13aa9
13ab0
13ab3
13ab7
13ac0
13ac6
13acc
13ad3
13ad6
13ada
13ae3
13ae9
13af1
13afa
13aff
13b05
13b0a
13b0c
13b0f
13b12
13b15
13b18
13b1e
13b23
13b26
13b29
13b32
13b38
13b3e
13b45
13b48
13b4c
13b55
13b5b
13b61
13b68
13b6b
13b6f
13b78
13b7e
13b86
13b8f
13b94
13b9a
13b9f
13ba1
13ba4
13ba7
13baa
13bad
13bb3
13bb8
13bbb
13bbe
13bc7
13bcd
13bd3
13bda
13bdd
13be1
13bea
13bf0
13bf6
13bfd
13c00
13c04
13c0d
13c13
13c1b
13c24
13c29
13c2f
13c34
13c36
13c39
13c3c
13c3f
13c45
13c4a
13c4d
13c50
13c59
13c5f
13c65
13c6c
13c6f
13c73
13c7c
13c82
13c88
13c8f
13c92
13c96
13c9f
13ca5
13cad
13cb6
13cbc
13cc1
13cc6
13cc9
13ccb
13cce
13cd1
13cd7
13cdc
13cdf
13ce2
13ceb
13cf1
13cf7
13cfe
13d01
13d05
13d0e
13d14
13d1c
13d25
13d2b
13d30
13d35
13d38
13d3a
13d3d
13d40
13d46
13d4b
13d4e
13d51
13d5a
13d60
13d66
13d6d
13d70
13d74
13d7d
13d83
13d8b
13d94
13d9a
13d9f
13da4
13da7
13da9
13dac
13daf
13db5
13dba
13dbd
13dc0
13dc9
13dcf
13dd5
13ddc
13ddf
13de3
13dec
13df2
13dfa
13e03
13e09
13e0e
13e13
13e16
13e18
13e1b
13e1e
13e24
13e29
13e2c
13e2f
13e38
13e3e
13e44
13e4b
13e4e
13e52
13e5b
13e61
13e69
13e72
13e78
13e7d
13e82
13e85
13e87
13e8a
13e8d
13e93
13e98
13e9b
13e9e
13ea7
13ead
13eb3
13eba
13ebd
13ec1
13eca
13ed0
13ed8
13ee1
13ee7
13eec
13ef1
13ef4
13ef6
13ef9
13efc
13f02
13f07
13f0a
13f0d
13f16
13f1c
13f22
13f29
13f2c
13f30
13f39
13f3f
13f47
13f50
13f56
13f5b
13f60
13f63
13f65
13f68
13f6b
13f71
13f76
13f79
13f7c
13f85
13f8b
13f91
13f98
13f9b
13f9f
13fa8
13fae
13fb6
13fbf
13fc5
13fca
13fcf
13fd2
13fd4
13fd7
13fda
13fe0
13fe5
13fe8
13feb
13ff4
13ffa
14000
14007
1400a
1400e
14017
1401d
14025
1402e
14034
14039
1403e
14041
14043
14046
14049
1404f
14054
14057
1405a
14063
14069
1406f
14076
14079
1407d
14086
1408c
14094
1409d
140a3
140a8
140ad
140b0
140b2
140b5
140b8
140be
140c3
140c6
140c9
140d2
140d8
140de
140e5
140e8
140ec
140f5
140fb
14103
1410c
14112
14117
1411c
1411f
14121
14124
14127
1412d
14132
14135
14138
14141
14147
1414d
14154
14157
1415b
14164
1416a
14172
1417b
14181
14186
1418b
1418e
14190
14193
14196
1419c
141a1
141a4
141a7
141b0
141b6
141bc
141c3
141c6
141ca
141d3
141d9
141e1
141ea
141f0
141f5
141fa
141fd
141ff
14202
14205
1420b
14210
14213
14216
1421f
14225
1422b
14232
14235
14239
14242
14248
14250
14259
1425f
14264
14269
1426c
1426e
14271
14274
1427a
1427f
14282
14285
1428e
14294
1429a
142a1
142a4
142a8
142b1
142b7
142bf
142c8
142ce
142d3
142d8
142db
142dd
142e0
142e3
142e9
142ee
142f1
142f4
142fd
14303
14309
14310
14313
14317
14320
14326
1432e
14337
1433d
14342
14347
1434a
1434c
1434f
14352
14358
1435d
14360
14363
1436c
14372
14378
1437f
14382
14386
1438f
14395
1439d
143a6
143ac
143b1
143b6
143b9
143bb
143be
143c1
143c7
143cc
143cf
143d2
143db
143e1
143e7
143ee
143f1
143f5
143fe
14404
1440c
14415
1441b
14420
14425
14428
1442a
1442d
14430
14436
1443b
1443e
14441
1444a
14450
14456
1445d
14460
14464
1446d
14473
1447b
14484
1448a
1448f
14494
14497
14499
1449c
1449f
144a5
144aa
144ad
144b0
144b9
144bf
144c5
144cc
144cf
144d3
144dc
144e2
144ea
144f3
144f9
144fe
14503
14506
14508
1450b
1450e
14514
14519
1451c
1451f
14528
1452e
14534
1453b
1453e
14542
1454b
14551
14559
14562
14568
1456d
14572
14575
14577
1457a
1457d
14583
14588
1458b
1458e
14597
1459d
145a3
145aa
145ad
145b1
145ba
145c0
145c8
145d1
145d7
145dc
145e1
145e4
145e6
145e9
145ec
145f2
145f7
145fa
145fd
14606
1460c
14612
14619
1461c
14620
14629
1462f
14637
14640
14646
1464b
14650
14653
14655
14658
1465b
14661
14666
14669
1466c
14675
1467b
14681
14688
1468b
1468f
14698
1469e
146a6
146af
146b5
146ba
146bf
146c2
146c4
146c7
146ca
146d0
146d5
146d8
146db
146e4
146ea
146f0
146f7
146fa
146fe
14707
1470d
14715
1471e
14724
14729
1472e
14731
14733
14736
14739
1473e
14741
14744
1474d
14754
1475a
14760
14764
14767
1476f
14778
1477d
14786
1478c
14792
14797
1479a
1479c
1479f
147a2
147a7
147aa
147ad
147b6
147bd
147c3
147c9
147cd
147d0
147d8
147e1
147e6
147ef
147f5
147fb
14800
14803
14805
14808
1480b
14810
14813
14816
1481f
14826
1482c
14832
14836
14839
14841
1484a
1484f
14858
1485e
14864
14869
1486c
1486e
14871
14874
14879
1487c
1487f
14888
1488f
14895
1489b
1489f
148a2
148aa
148b3
148b8
148c1
148c7
148cd
148d2
148d5
148d7
148da
148dd
148e2
148e5
148e8
148f1
148f8
148fe
14904
14908
1490b
14913
1491c
14921
1492a
14930
14936
1493b
1493e
14940
14943
14946
1494b
1494e
14951
1495a
14961
14967
1496d
14971
14974
1497c
14985
1498a
14993
14999
1499f
149a4
149a7
149a9
149ac
149af
149b2
149b5
149be
149c5
149cb
149d1
149d5
149d8
149e0
149e9
149ee
149f7
149fd
14a03
14a08
14a0b
14a0d
14a10
14a13
14a16
14a19
14a22
14a29
14a2f
14a35
14a39
14a3c
14a44
14a4d
14a52
14a5b
14a61
14a67
14a6c
14a6f
14a71
14a74
14a77
14a7a
14a7d
14a86
14a8d
14a93
14a99
14a9d
14aa0
14aa8
14ab1
14ab6
14abf
14ac5
14acb
14ad0
14ad3
14ad5
14ad8
14adb
14ade
14ae1
14aea
14af1
14af7
14afd
14b01
14b04
14b0c
14b15
14b1a
14b23
14b29
14b2f
14b34
14b37
14b39
14b3c
14b3f
14b42
14b45
14b4e
14b55
14b5b
14b61
14b65
14b68
14b70
14b79
14b7e
14b87
14b8d
14b93
14b98
14b9b
14b9d
14ba0
14ba3
14ba6
14ba9
14bb2
14bb9
14bbf
14bc5
14bc9
14bcc
14bd4
14bdd
14be2
14beb
14bf1
14bf7
14bfc
14bff
14c01
14c04
14c07
14c0a
14c12
14c1b
14c20
14c29
14c2f
14c35
14c3a
14c3d
14c3f
14c42
14c45
14c48
14c50
14c59
14c5e
14c67
14c6d
14c73
14c78
14c7b
14c7d
14c80
14c83
14c86
14c8e
14c97
14c9c
14ca5
14cab
14cb1
14cb6
14cb9
14cbb
14cbe
14cc1
14cc4
14ccc
14cd5
14cda
14ce3
14ce9
14cef
14cf4
14cf7
14cf9
14cfc
14cff
14d02
14d0a
14d13
14d18
14d21
14d27
14d2d
14d32
14d35
14d37
14d3a
14d3d
14d40
14d48
14d51
14d56
14d5f
14d65
14d6b
14d70
14d73
14d75
14d78
14d81
14d89
14d92
14d98
14d9d
14da2
14da8
14dab
14dae
14db0
14db9
14dc1
14dca
14dd0
14dd5
14dda
14de0
14de3
14de6
14de8
14df1
14df9
14e02
14e08
14e0d
14e12
14e18
14e1b
14e1e
14e20
14e29
14e31
14e3a
14e40
14e45
14e4a
14e50
14e53
14e56
14e58
14e61
14e69
14e72
14e78
14e7d
14e82
14e88
14e8b
14e8e
14e90
14e99
14ea1
14eaa
14eb0
14eb5
14eba
14ec0
14ec3
14ec6
14ec8
14ed1
14ed9
14ee2
14ee8
14eed
14ef2
14ef8
14efb
14efe
14f00
14f09
14f11
14f1a
14f20
14f25
14f2a
14f30
14f33
14f36
14f38
14f41
14f49
14f52
14f58
14f5d
14f62
14f68
14f6b
14f6e
14f70
14f79
14f81
14f8a
14f90
14f95
14f9a
14fa0
14fa3
14fa6
14fa8
14fb1
14fb9
14fc2
14fc8
14fcd
14fd2
14fd8
14fdb
14fde
14fe0
14fe9
14ff1
14ffa
15000
15005
1500a
15010
15013
15016
15018
1501b
15021
1502a
15030
15036
15039
1503f
15042
1504b
15051
15057
1505a
15063
15069
15072
15078
1507e
15084
1508a
15093
1509b
150a1
150a7
150ac
150af
150b8
150c0
150c8
150cf
150d5
150d8
150e1
150e7
150f0
150f6
150ff
15105
1510b
15114
1511a
15120
15126
1512b
15131
15139
1513c
15143
1514a
15150
15157
1515e
15162
1516b
15171
15177
1517a
15180
15189
15191
15197
1519d
151a3
151a9
151ae
151b1
151b8
151bf
151c6
151cd
151d3
151d7
151e0
151e8
151f0
151f7
151fd
15200
15208
1520d
15212
1521b
15221
15227
1522c
15234
1523b
15240
15247
1524d
15252
15259
1525f
15265
1526a
15272
1527a
15280
15285
1528d
15294
15299
1529b
152a0
152a3
152a9
152b1
152b6
152bc
152bf
152c2
152c8
152d1
152d7
152dd
152e0
152e9
152ef
152f8
152fe
15304
1530a
15310
15319
15321
15327
1532d
15332
15335
1533e
15346
1534e
15355
1535b
1535e
15367
1536d
15376
1537c
15385
1538b
15391
1539a
153a0
153a6
153ac
153b1
153b7
153bf
153c2
153c9
153d0
153d6
153dd
153e4
153e8
153f1
153f7
153fd
15400
15406
1540f
15417
1541d
15423
15429
1542f
15434
15437
1543e
15445
1544c
15453
15459
1545d
15466
1546e
15476
1547d
15483
15486
1548e
15493
15498
154a1
154a7
154ad
154b2
154ba
154c1
154c6
154cd
154d3
154d8
154df
154e5
154eb
154f0
154f8
15500
15506
1550b
15513
1551a
1551f
15521
15526
15529
1552f
15537
1553c
15542
15545
15548
1554e
15557
1555d
15563
15566
1556f
15575
1557e
15584
1558a
15590
15596
1559f
155a7
155ad
155b3
155b8
155bb
155c4
155cc
155d4
155db
155e1
155e4
155ed
155f3
155fc
15602
1560b
15611
15617
15620
15626
1562c
15632
15637
1563d
15645
15648
1564f
15656
1565c
15663
1566a
1566e
15677
1567d
15680
15686
1568c
15695
1569d
156a3
156a9
156af
156b5
156ba
156bd
156c4
156cb
156d2
156d9
156df
156e3
156ec
156f4
156fc
15703
15709
1570c
15714
15719
1571e
15727
1572d
15733
15738
15740
15747
1574c
15753
15759
1575e
15765
1576b
15771
15776
1577e
15786
1578c
15791
15799
157a0
157a5
157a7
157ac
157af
157b5
157bd
157c2
157c8
157cb
157ce
157d4
157dd
157e3
157e9
157ec
157f5
157fb
15804
1580a
15810
15819
1581f
15825
1582b
15830
15836
1583e
15841
1584a
15850
15859
1585f
15865
1586b
15871
1587a
15882
15888
1588e
15893
15896
1589f
158a7
158af
158b6
158bc
158bf
158c8
158ce
158d5
158dc
158e2
158e9
158f0
158f4
158fd
15903
15906
1590c
15912
1591b
15923
15929
1592f
15935
1593b
15940
15943
1594a
15951
15958
1595f
15965
15969
15972
1597a
15982
15989
1598f
15992
1599a
1599f
159a4
159ad
159b3
159b9
159be
159c6
159cd
159d2
159d9
159df
159e4
159eb
159f1
159f7
159fc
15a04
15a0c
15a12
15a17
15a1f
15a26
15a2b
15a2d
15a32
15a35
15a3b
15a43
15a48
15a4e
15a51
15a54
15a5a
15a63
15a69
15a6f
15a72
15a75
15a7e
15a84
15a8d
15a93
15a99
15a9f
15aa5
15aaa
15ab3
15ab9
15abf
15ac7
15acd
15ad6
15adf
15ae5
15ae8
15aee
15af4
15afa
15b03
15b0b
15b11
15b17
15b1c
15b25
15b2d
15b35
15b3c
15b42
15b45
15b4e
15b54
15b5b
15b62
15b68
15b6f
15b76
15b7a
15b83
15b89
15b8c
15b92
15b98
15ba1
15ba9
15baf
15bb5
15bbb
15bc1
15bc6
15bc9
15bd0
15bd7
15bde
15be5
15beb
15bef
15bf8
15c00
15c08
15c0f
15c15
15c18
15c21
15c27
15c2d
15c32
15c3a
15c3f
15c44
15c4c
15c53
15c58
15c5f
15c65
15c6a
15c71
15c77
15c7d
15c85
15c8d
15c92
15c98
15c9d
15ca5
15cac
15cb1
15cb3
15cb8
15cbb
15cc1
15cc9
15cce
15cd4
15cd7
15ce0
15ce6
15ce9
15cef
15cf8
15cfe
15d07
15d0d
15d16
15d1c
15d22
15d28
15d2d
15d33
15d3b
15d41
15d4a
15d53
15d59
15d5f
15d65
15d6b
15d74
15d7c
15d82
15d88
15d8d
15d90
15d99
15da1
15da9
15db0
15db6
15db9
15dc0
15dc7
15dcd
15dd4
15ddb
15ddf
15de8
15dee
15df1
15df7
15dfd
15e06
15e0e
15e14
15e1a
15e20
15e26
15e2b
15e2e
15e35
15e3c
15e43
15e4a
15e50
15e54
15e5d
15e65
15e6d
15e74
15e7a
15e7d
15e85
15e8a
15e8f
15e98
15e9e
15ea4
15ea9
15eb1
15eb8
15ebe
15ec3
15eca
15ed0
15ed5
15edc
15ee2
15eea
15ef2
15ef7
15efd
15f02
15f0a
15f11
15f16
15f1c
15f1f
15f21
15f26
15f2e
15f33
15f39
15f3c
15f3f
15f45
15f4e
15f54
15f5a
15f5d
15f60
15f66
15f6f
15f75
15f7b
15f7e
15f87
15f8f
15f95
15f9d
15fa4
15fa7
15fb0
15fb6
15fbc
15fc2
15fcb
15fd3
15fd9
15fdf
15fe5
15fea
15fed
15ff4
15ffb
16002
16008
1600f
16013
16016
1601c
16023
1602a
16031
16038
1603e
16042
1604a
1604f
16056
1605b
16064
1606a
1606f
16074
1607a
1607f
16087
1608e
16093
1609a
160a0
160a6
160ab
160b1
160b9
160c1
160c9
160d0
160d6
160db
160e1
160e4
160ec
160f1
160f3
160f8
160fb
16101
16104
1610a
16113
16119
1611f
16122
1612b
16133
16139
16141
16148
1614b
16154
1615a
16160
16166
1616f
16177
1617d
16183
16189
1618e
16191
16198
1619f
161a6
161ac
161b3
161b7
161bd
161c0
161c7
161ce
161d5
161dc
161e2
161e6
161ef
161f5
161fa
16202
16207
1620e
16213
16218
1621e
16223
1622b
16232
16237
1623e
16244
1624a
1624f
16255
1625d
16265
1626d
16274
1627a
1627f
16285
16288
16290
16295
16297
1629c
1629f
162a5
162ab
162ae
162b7
162bd
162c3
162c6
162cf
162d7
162dd
162e5
162ec
162ef
162f8
162fe
16307
1630f
16315
1631b
16321
16327
1632d
16332
16335
1633c
16343
1634a
16350
16357
1635b
16361
16364
1636b
16372
16379
16380
16386
1638a
16392
16397
1639e
163a3
163ac
163b2
163b7
163bc
163c2
163c7
163cf
163d6
163db
163e2
163e8
163ee
163f3
163f9
16401
16409
16411
16418
1641e
16423
16429
1642c
16434
16439
1643b
16440
16446
16449
1644c
16452
1645b
16461
16467
1646a
16473
16479
16482
1648a
16490
16496
1649c
164a2
164a8
164ad
164b0
164b9
164c1
164c7
164cf
164d6
164d9
164e0
164e7
164ee
164f4
164fb
164ff
16502
16508
1650f
16516
1651d
16524
1652a
1652e
16536
1653b
16542
16547
16550
16556
1655b
16560
16566
1656b
16573
1657a
1657f
16586
1658c
16592
16597
1659d
165a5
165ad
165b5
165bc
165c2
165c7
165cd
165d0
165d5
165dd
165df
165e4
165e7
165ed
165f0
165f6
165ff
16605
1660b
1660e
16617
1661d
16623
16629
16632
1663a
16640
16646
1664b
16651
16654
1665d
16665
1666b
16673
1667a
1667d
16684
1668b
16692
16698
1669f
166a3
166a6
166ac
166b3
166ba
166c1
166c8
166ce
166d2
166da
166df
166e6
166eb
166f4
166fa
166ff
16705
1670a
1670f
16717
1671e
16723
1672a
16730
16736
1673b
16741
16749
16751
16759
16760
16766
1676b
1676e
16774
16779
16781
16783
16788
1678b
16791
1679a
167a0
167a6
167ac
167b5
167bd
167c3
167c9
167cf
167d4
167d7
167e0
167e8
167ee
167f6
167fd
16800
16807
1680e
16815
1681b
16822
16826
16829
1682f
16836
1683d
16844
1684b
16851
16855
1685d
16862
16869
1686e
16877
1687d
16882
16887
1688d
16892
1689a
168a1
168a7
168ac
168b3
168b9
168bf
168c4
168cc
168d4
168dc
168e3
168e9
168ee
168f6
168fb
16901
16904
16907
1690d
1690f
16914
16917
1691d
16926
1692c
16932
16935
16938
1693e
16947
1694d
16953
16956
1695f
16967
1696f
16976
1697c
1697f
16985
1698e
16997
1699f
169a5
169ab
169b1
169b7
169bd
169c2
169c5
169cc
169d3
169da
169e1
169e7
169eb
169ee
169f4
169fc
16a01
16a08
16a10
16a16
16a1d
16a22
16a28
16a31
16a37
16a3d
16a45
16a4c
16a54
16a59
16a5f
16a64
16a69
16a6e
16a73
16a7a
16a7f
16a85
16a8d
16a93
16a96
16a9e
16aa3
16aa5
16aaa
16aad
16ab3
16ab6
16abc
16ac5
16acb
16ad1
16ad4
16add
16ae5
16aed
16af4
16afa
16afd
16b06
16b0c
16b15
16b1d
16b23
16b29
16b2f
16b35
16b3b
16b40
16b43
16b4a
16b51
16b58
16b5f
16b65
16b69
16b6f
16b72
16b7b
16b81
16b87
16b8f
16b96
16b9e
16ba3
16ba9
16bb1
16bb6
16bbd
16bc5
16bcb
16bd2
16bd7
16bdd
16be2
16be7
16bec
16bf1
16bf8
16bfd
16c03
16c0b
16c0e
16c14
16c19
16c21
16c23
16c28
16c2b
16c31
16c34
16c3a
16c43
16c49
16c4f
16c52
16c5a
16c61
16c6a
16c72
16c78
16c7b
16c84
16c8a
16c93
16c9b
16ca1
16ca7
16cad
16cb3
16cb9
16cbe
16cc1
16cc8
16ccf
16cd6
16cdd
16ce3
16ce7
16ced
16cf0
16cf8
16cfd
16d04
16d0c
16d12
16d19
16d1e
16d24
16d2d
16d33
16d39
16d41
16d48
16d50
16d55
16d5b
16d60
16d65
16d6a
16d6f
16d76
16d7b
16d81
16d89
16d91
16d96
16d99
16d9f
16da1
16da6
16da9
16daf
16db2
16db8
16dc1
16dc7
16dcd
16dd0
16dd9
16ddf
16de8
16df0
16df6
16dfc
16e02
16e08
16e0e
16e13
16e16
16e1e
16e25
16e2e
16e36
16e3c
16e3f
16e46
16e4d
16e54
16e5b
16e61
16e65
16e6b
16e6e
16e76
16e7b
16e82
16e8a
16e90
16e97
16e9c
16ea2
16eab
16eb1
16eb7
16ebf
16ec6
16ece
16ed3
16ed9
16ede
16ee3
16ee8
16eed
16ef4
16ef9
16eff
16f07
16f0d
16f10
16f18
16f1d
16f1f
16f24
16f27
16f2d
16f30
16f36
16f3f
16f45
16f4b
16f4e
16f57
16f5d
16f66
16f6e
16f74
16f7a
16f80
16f86
16f8b
16f91
16f94
16f9c
16fa3
16fac
16fb4
16fba
16fbd
16fc4
16fcb
16fd2
16fd9
16fdf
16fe3
16fe9
16fec
16ff4
16ff9
17000
17008
1700e
17015
1701a
17020
17029
1702f
17035
1703d
17044
1704c
17051
17057
1705c
17061
17066
1706b
17072
17077
1707d
17085
1708b
1708e
17096
1709b
1709d
170a2
170a5
170ab
170ae
170b4
170bd
170c6
170ce
170d4
170da
170e0
170e6
170ec
170f1
170fa
17102
1710a
17111
17117
1711a
17121
17128
1712f
17136
1713c
17140
17146
17149
17151
17156
1715d
17165
1716b
17172
17177
1717d
17186
1718c
17192
1719a
171a1
171a9
171ae
171b4
171b9
171be
171c3
171c8
171cf
171d5
171da
171e2
171e8
171eb
171f3
171f8
171fb
17201
17203
17208
1720b
17211
1721a
17220
17226
17229
1722f
17232
1723b
17241
17247
1724a
17253
1725b
17263
1726a
17270
17273
17276
1727f
17285
1728e
17294
1729a
172a2
172a8
172ae
172b4
172b9
172c0
172c7
172ce
172d5
172db
172df
172e7
172ec
172f1
172f9
17302
17309
1730f
17314
1731b
17321
17328
1732d
17333
17339
1733f
17347
1734e
17356
1735b
17361
17366
1736b
17370
17378
1737e
17381
17389
1738e
17390
17395
17398
1739e
173a4
173a7
173b0
173b6
173bc
173bf
173c8
173d0
173d8
173df
173e5
173e8
173eb
173f1
173fa
17403
17409
1740f
17417
1741d
17423
17429
1742e
17435
1743c
17443
1744a
17450
17454
1745c
17461
17466
1746f
17477
1747e
17484
1748a
17490
17498
1749f
174a7
174ac
174b2
174b7
174be
174c4
174cb
174d0
174d6
174db
174e0
174e5
174ed
174f3
174f6
174fe
17503
17505
1750a
17510
17513
17516
1751c
17525
1752b
17531
17534
1753d
17545
1754d
17554
1755a
1755d
17566
1756c
17575
1757b
17581
17589
1758f
17595
1759b
175a0
175a3
175aa
175b1
175b8
175bf
175c5
175c9
175d1
175da
175e1
175e7
175ef
175f4
175f9
175fe
17605
1760b
17612
17617
1761d
17623
17629
17631
17638
17640
17645
1764b
17650
17655
1765a
17662
1766a
1766f
17675
17678
1767a
1767f
17682
17688
1768b
17691
1769a
176a0
176a6
176a9
176ac
176b5
176bb
176c4
176ca
176d0
176d8
176de
176e4
176ea
176ef
176f8
17700
17708
1770f
17715
17718
1771f
17726
1772d
17734
1773a
1773e
17746
1774b
17750
17758
17761
17768
1776e
17773
1777a
17780
17787
1778c
17792
17798
1779e
177a6
177ad
177b5
177ba
177c0
177c5
177ca
177cf
177d7
177dd
177e0
177e8
177ed
177ef
177f4
177f7
177fd
17800
17806
1780f
17815
1781b
1781e
17824
1782d
17836
1783c
17842
1784a
17850
17856
1785c
17861
17864
1786d
17875
1787d
17884
1788a
1788d
17894
1789b
178a2
178a9
178af
178b3
178bb
178c0
178c5
178cd
178d6
178dd
178e3
178e8
178ef
178f5
178fc
17901
17907
1790d
17913
1791b
17922
1792a
1792f
17935
1793a
1793f
17944
1794c
17952
17955
1795d
17962
17964
17969
1796c
17972
17975
1797e
17984
1798d
17993
17999
179a1
179a7
179ad
179b3
179b8
179c1
179c9
179d1
179d8
179de
179e1
179e8
179ef
179f6
179fd
17a03
17a07
17a0f
17a14
17a19
17a21
17a2a
17a31
17a37
17a3c
17a43
17a49
17a50
17a55
17a5b
17a61
17a67
17a6f
17a76
17a7e
17a83
17a89
17a8e
17a93
17a98
17aa0
17aa6
17aa9
17ab1
17ab6
17abc
17abf
17ac1
17ac6
17ac9
17acf
17ad8
17ade
17ae4
17ae7
17aea
17af0
17af9
17aff
17b05
17b08
17b11
17b19
17b1f
17b27
17b2e
17b31
17b3a
17b40
17b49
17b51
17b57
17b5d
17b63
17b69
17b6f
17b74
17b77
17b7e
17b85
17b8c
17b93
17b99
17b9d
17ba5
17baa
17bb1
17bb6
17bbf
17bc5
17bcd
17bd5
17bda
17be2
17be9
17bee
17bf4
17bfb
17c00
17c06
17c0c
17c12
17c19
17c21
17c26
17c2c
17c31
17c36
17c3c
17c3f
17c47
17c4c
17c4e
17c53
17c56
17c5c
17c5f
17c65
17c6e
17c74
17c7a
17c7d
17c86
17c8e
17c94
17c9c
17ca3
17ca6
17ca9
17cb2
17cb8
17cc1
17cc9
17ccf
17cd5
17cdb
17ce1
17ce7
17cec
17cf3
17cfa
17d01
17d08
17d0e
17d12
17d1a
17d1f
17d26
17d2b
17d34
17d3a
17d42
17d4a
17d4f
17d57
17d5e
17d64
17d6a
17d71
17d79
17d7e
17d84
17d89
17d8f
17d96
17d9b
17da1
17da6
17dab
17db1
17db4
17db9
17dc1
17dc3
17dc8
17dcb
17dd1
17dd4
17dda
17de3
17de9
17def
17df2
17dfb
17e03
17e09
17e11
17e18
17e1b
17e21
17e2a
17e33
17e3b
17e41
17e47
17e4d
17e53
17e59
17e5e
17e61
17e68
17e6f
17e76
17e7d
17e83
17e87
17e8f
17e94
17e9b
17ea0
17ea9
17eaf
17eb7
17ebf
17ec7
17ece
17ed3
17ed8
17ede
17ee5
17eea
17ef0
17ef6
17efc
17f03
17f0b
17f10
17f16
17f1b
17f20
17f25
17f2d
17f30
17f36
17f38
17f3d
17f40
17f46
17f49
17f4f
17f58
17f5e
17f64
17f67
17f70
17f76
17f7f
17f87
17f8d
17f93
17f99
17f9f
17fa5
17faa
17fad
17fb6
17fbe
17fc4
17fcc
17fd3
17fd6
17fdd
17fe4
17feb
17ff2
17ff8
17ffc
18004
18009
18010
18015
1801e
18024
1802c
18034
18039
18041
18048
1804d
18053
1805a
1805f
18065
1806b
18071
18078
18080
18085
1808b
18090
18095
1809b
1809e
180a6
180ab
180ad
180b2
180b5
180bb
180c1
180c4
180cd
180d3
180d9
180dc
180e5
180eb
180f4
180fc
18102
18108
1810e
18114
1811a
1811f
18122
1812b
18133
18139
18141
18148
1814b
18152
18159
18160
18167
1816d
18171
18179
18181
18189
1818e
18195
1819a
181a3
181a9
181ae
181b6
181bd
181c2
181c8
181cf
181d4
181da
181e0
181e6
181ed
181f5
181fa
18200
18205
1820a
18210
18213
1821b
18220
18222
18227
1822d
18230
18239
1823f
18248
18250
18256
1825c
18262
18268
1826e
18273
18276
1827f
18287
1828d
18295
1829c
1829f
182a6
182ad
182b4
182bb
182c1
182c5
182ce
182d4
182dc
182e4
182ec
182f1
182f8
182fd
18302
1830a
18311
18316
1831c
18323
18328
1832e
18334
1833a
18341
18349
1834e
18354
18359
1835e
18364
18367
1836f
18374
18377
1837d
1837f
18384
18387
1838d
18396
1839c
183a2
183a5
183a8
183ae
183b7
183bd
183c3
183c6
183ce
183d5
183de
183e6
183ec
183ef
183f2
183f8
18401
1840a
18412
18418
1841e
18424
1842a
18430
18435
1843c
18443
1844a
18451
18457
1845b
18463
18468
1846f
18477
1847d
18484
18489
1848f
18498
1849e
184a3
184ab
184b3
184b8
184bf
184c4
184ca
184d0
184d7
184df
184e4
184ea
184ef
184f4
184f7
184fd
18502
1850a
1850c
18511
18514
1851a
1851d
18523
1852c
18532
18538
1853b
18543
1854a
18553
1855b
18561
18564
18567
1856d
18576
1857f
18587
1858d
18593
18599
1859f
185a5
185aa
185b1
185b8
185bf
185c6
185cc
185d0
185d8
185dd
185e4
185ec
185f2
185f9
185fe
18604
1860d
18613
18618
18620
18628
1862d
18634
1863a
18640
18647
1864f
18654
1865a
1865f
18664
18669
1866f
18672
1867a
1867f
18681
18686
18689
1868f
18692
18698
186a1
186a7
186ad
186b0
186b8
186bf
186c8
186d0
186d6
186d9
186df
186e8
186f1
186f9
186ff
18705
1870b
18711
18717
1871c
1871f
18726
1872d
18734
1873b
18741
18745
1874d
18752
18759
18761
18767
1876e
18773
18779
18782
18788
1878d
18795
1879d
187a4
187a9
187ae
187b4
187ba
187c1
187c9
187ce
187d4
187d9
187de
187e6
187eb
187ee
187f4
187f6
187fb
187fe
18804
18807
1880d
18816
1881c
18822
18825
18828
18831
18837
18840
18848
1884e
18854
1885a
18860
18866
1886b
18874
1887c
18884
1888b
18891
18894
1889b
188a2
188a9
188b0
188b6
188ba
188c2
188c7
188ce
188d6
188dc
188e3
188e8
188ee
188f7
188fd
18902
1890a
18912
18917
1891e
18923
18929
1892f
18936
1893e
18943
18949
1894e
18953
18956
1895c
18961
18969
1896b
18970
18973
18979
1897c
18982
1898b
18991
18997
1899a
189a0
189a9
189b2
189ba
189c0
189c6
189cc
189d2
189d8
189dd
189e0
189e9
189f1
189f9
18a00
18a06
18a09
18a10
18a17
18a1e
18a25
18a2b
18a2f
18a37
18a3c
18a43
18a4b
18a51
18a58
18a5d
18a63
18a6c
18a72
18a7a
18a82
18a87
18a8c
18a93
18a98
18a9e
18aa4
18aab
18ab3
18ab8
18abe
18ac3
18ac8
18acb
18ad1
18ad9
18ade
18ae0
18ae5
18ae8
18aee
18af1
18afa
18b00
18b09
18b11
18b17
18b1d
18b23
18b29
18b2f
18b34
18b3d
18b45
18b4d
18b54
18b5a
18b5d
18b64
18b6b
18b72
18b79
18b7f
18b83
18b8c
18b92
18b9a
18b9f
18ba6
18bae
18bb4
18bbb
18bc0
18bc6
18bce
18bd6
18bdb
18be0
18be7
18bec
18bf2
18bf8
18bff
18c07
18c0c
18c12
18c17
18c1c
18c22
18c25
18c2d
18c32
18c35
18c3b
18c3d
18c42
18c45
18c4b
18c54
18c5a
18c60
18c63
18c66
18c6c
18c75
18c7b
18c81
18c84
18c8d
18c95
18c9d
18ca4
18caa
18cad
18cb3
18cbc
18cc5
18ccd
18cd3
18cd9
18cdf
18ce5
18ceb
18cf0
18cf3
18cfa
18d01
18d08
18d0f
18d15
18d19
18d21
18d28
18d30
18d35
18d3c
18d42
18d49
18d4e
18d54
18d5d
18d63
18d68
18d70
18d78
18d7d
18d82
18d88
18d8e
18d95
18d9d
18da2
18da8
18dad
18db2
18db8
18dbb
18dc3
18dc8
18dca
18dcf
18dd2
18dd8
18ddb
18de1
18dea
18df0
18df6
18df9
18e02
18e0a
18e12
18e19
18e1f
18e22
18e2b
18e31
18e3a
18e42
18e48
18e4e
18e54
18e5a
18e60
18e65
18e68
18e6f
18e76
18e7d
18e84
18e8a
18e8e
18e96
18e9d
18ea5
18eaa
18eb1
18eb7
18ebe
18ec3
18ec9
18ed2
18ed8
18edd
18ee5
18eed
18ef2
18ef8
18efe
18f05
18f0d
18f12
18f18
18f1d
18f22
18f27
18f2d
18f30
18f38
18f3d
18f3f
18f44
18f47
18f4d
18f50
18f56
18f5f
18f65
18f6b
18f6e
18f77
18f7f
18f87
18f8e
18f94
18f97
18fa0
18fa6
18faf
18fb7
18fbd
18fc3
18fc9
18fcf
18fd5
18fda
18fdd
18fe4
18feb
18ff2
18ff9
18fff
19003
1900b
19012
1901a
1901f
19026
1902c
19033
19038
1903e
19047
1904d
19052
1905a
19062
19067
1906c
19072
19078
1907f
19087
1908c
19092
19097
1909c
190a4
190a9
190af
190b2
190b4
190b9
190bc
190c2
190c5
190cb
190d4
190da
190e0
190e3
190ec
190f2
190fb
19103
19109
1910f
19115
1911b
19121
19126
19129
19132
1913a
19142
19149
1914f
19152
19159
19160
19167
1916e
19174
19178
19180
19187
1918f
19194
1919b
191a1
191a8
191ad
191b3
191bc
191c2
191c7
191cf
191d7
191dc
191e1
191e7
191ed
191f4
191fc
19201
19207
1920c
19211
19217
1921a
19222
19227
19229
1922e
19231
19237
1923a
19240
19249
1924f
19255
19258
19261
19267
19270
19278
1927e
19284
1928a
19290
19296
1929b
1929e
192a7
192af
192b7
192be
192c4
192c7
192ce
192d5
192dc
192e3
192e9
192ed
192f5
192fc
19304
19309
19310
19316
1931d
19322
19328
19331
19337
1933f
19347
1934c
19351
19356
1935c
19362
19369
19371
19376
1937c
19381
19386
19389
1938f
19394
1939c
1939e
193a3
193a6
193ac
193af
193b8
193be
193c7
193cf
193d5
193db
193e1
193e7
193ed
193f2
193fb
19403
1940b
19412
19418
1941b
19422
19429
19430
19437
1943d
19441
19449
19450
19459
1945f
19467
1946c
19473
19479
19480
19485
1948b
19493
1949b
194a0
194a5
194aa
194b0
194b6
194bd
194c5
194ca
194d0
194d5
194da
194e0
194e3
194eb
194f0
194f3
194f9
194fb
19500
19503
19509
19512
19518
1951e
19521
19524
1952a
19533
19539
1953f
19542
1954b
19553
1955b
19562
19568
1956b
19574
1957c
19582
19588
1958e
19594
1959a
1959f
195a2
195a9
195b0
195b7
195be
195c4
195c8
195d0
195d7
195df
195e4
195eb
195f1
195f8
195fd
19603
1960c
19612
19617
1961f
19627
1962c
19631
19637
1963d
19644
1964c
19651
19657
1965c
19661
19664
1966a
1966f
19677
19679
1967e
19681
19687
1968a
19690
19699
1969f
196a5
196a8
196b1
196b9
196c1
196c8
196ce
196d1
196da
196e2
196e8
196ee
196f4
196fa
19700
19705
19708
1970f
19716
1971d
19724
1972a
1972e
19736
1973d
19745
1974a
19751
19757
1975e
19763
19769
19772
19778
1977d
19785
1978d
19792
19798
1979e
197a5
197ad
197b2
197b8
197bd
197c2
197c7
197cd
197d0
197d8
197dd
197df
197e4
197e7
197ed
197f0
197f6
197ff
19805
1980b
1980e
19817
1981f
19827
1982e
19834
19837
19840
19848
1984e
19854
1985a
19860
19866
1986b
1986e
19875
1987c
19883
1988a
19890
19894
1989c
198a3
198ab
198b0
198b7
198bd
198c4
198c9
198cf
198d8
198de
198e3
198eb
198f3
198f8
198fd
19903
19909
19910
19918
1991d
19923
19928
1992d
19932
1993a
1993d
19943
19945
1994a
1994d
19953
19956
1995c
19965
1996b
19971
19974
1997d
19985
1998b
19991
19997
1999d
199a3
199a8
199ab
199b4
199bc
199c4
199cb
199d1
199d4
199db
199e2
199e9
199f0
199f6
199fa
19a02
19a09
19a11
19a16
19a1d
19a23
19a2a
19a2f
19a35
19a3e
19a44
19a49
19a51
19a59
19a5e
19a63
19a69
19a6f
19a76
19a7e
19a83
19a89
19a8e
19a93
19a96
19a9c
19aa1
19aa9
19aab
19ab0
19ab3
19ab9
19abc
19ac2
19acb
19ad1
19ad7
19ada
19ae3
19aeb
19af1
19af7
19afd
19b03
19b09
19b0e
19b11
19b1a
19b22
19b2a
19b31
19b37
19b3a
19b41
19b48
19b4f
19b56
19b5c
19b60
19b68
19b6f
19b77
19b7c
19b83
19b89
19b90
19b95
19b9b
19ba4
19baa
19bb2
19bba
19bbf
19bc4
19bc9
19bcf
19bd5
19bdc
19be4
19be9
19bef
19bf4
19bf9
19bfc
19c02
19c07
19c0f
19c11
19c16
19c19
19c1f
19c28
19c30
19c36
19c3c
19c42
19c48
19c4e
19c53
19c56
19c5f
19c67
19c6f
19c76
19c7c
19c7f
19c86
19c8d
19c94
19c9b
19ca1
19ca5
19cad
19cb4
19cbd
19cc3
19ccb
19cd0
19cd7
19cdd
19ce4
19ce9
19cef
19cf7
19cff
19d04
19d09
19d0e
19d14
19d1a
19d21
19d29
19d2e
19d34
19d39
19d3e
19d44
19d47
19d4f
19d54
19d57
19d5d
19d5f
19d64
19d67
19d6d
19d76
19d7c
19d82
19d85
19d88
19d8e
19d97
19d9d
19da3
19da6
19daf
19db7
19dbf
19dc6
19dcc
19dcf
19dd8
19de0
19de6
19dec
19df2
19df8
19dfe
19e03
19e06
19e0d
19e14
19e1b
19e22
19e28
19e2c
19e34
19e3b
19e43
19e48
19e4f
19e55
19e5c
19e61
19e67
19e70
19e76
19e7b
19e83
19e8b
19e90
19e95
19e9b
19ea1
19ea8
19eb0
19eb5
19ebb
19ec0
19ec5
19ecb
19ece
19ed6
19edb
19edd
19ee2
19ee5
19eeb
19eee
19ef4
19efd
19f03
19f09
19f0c
19f15
19f1d
19f25
19f2c
19f32
19f35
19f3e
19f46
19f4c
19f52
19f58
19f5e
19f64
19f69
19f6c
19f73
19f7a
19f81
19f88
19f8e
19f92
19f9a
19fa1
19fa9
19fae
19fb5
19fbb
19fc2
19fc7
19fcd
19fd6
19fdc
19fe1
19fe9
19ff1
19ff6
19ffc
1a002
1a009
1a011
1a016
1a01c
1a021
1a026
1a02b
1a031
1a034
1a03c
1a041
1a043
1a048
1a04b
1a051
1a054
1a05a
1a063
1a069
1a06f
1a072
1a07b
1a083
1a08b
1a092
1a098
1a09b
1a0a4
1a0ac
1a0b2
1a0b8
1a0be
1a0c4
1a0ca
1a0cf
1a0d2
1a0d9
1a0e0
1a0e7
1a0ee
1a0f4
1a0f8
1a100
1a107
1a10f
1a114
1a11b
1a121
1a128
1a12d
1a133
1a13c
1a142
1a147
1a14f
1a157
1a15c
1a161
1a167
1a16d
1a174
1a17c
1a181
1a187
1a18c
1a191
1a196
1a19e
1a1a1
1a1a7
1a1a9
1a1ae
1a1b1
1a1b7
1a1ba
1a1c0
1a1c9
1a1cf
1a1d5
1a1d8
1a1e1
1a1e9
1a1ef
1a1f5
1a1fb
1a201
1a207
1a20c
1a20f
1a218
1a220
1a228
1a22f
1a235
1a238
1a23f
1a246
1a24d
1a254
1a25a
1a25e
1a266
1a26d
1a275
1a27a
1a281
1a287
1a28e
1a293
1a299
1a2a2
1a2a8
1a2ad
1a2b5
1a2bd
1a2c2
1a2c7
1a2cd
1a2d3
1a2da
1a2e2
1a2e7
1a2ed
1a2f2
1a2f7
1a2fd
1a300
1a308
1a30d
1a30f
1a314
1a317
1a31d
1a320
1a326
1a32f
1a335
1a33b
1a33e
1a341
1a34a
1a352
1a358
1a35e
1a364
1a36a
1a370
1a375
1a37e
1a386
1a38e
1a395
1a39b
1a39e
1a3a5
1a3ac
1a3b3
1a3ba
1a3c0
1a3c4
1a3cc
1a3d3
1a3db
1a3e0
1a3e7
1a3ed
1a3f4
1a3f9
1a3ff
1a408
1a40e
1a416
1a41e
1a423
1a428
1a42d
1a433
1a439
1a440
1a448
1a44d
1a453
1a458
1a45d
1a463
1a466
1a46e
1a473
1a475
1a47a
1a47d
1a483
1a486
1a48f
1a497
1a49d
1a4a3
1a4a9
1a4af
1a4b5
1a4ba
1a4c3
1a4cb
1a4d3
1a4da
1a4e0
1a4e3
1a4ea
1a4f1
1a4f8
1a4ff
1a505
1a509
1a511
1a518
1a521
1a527
1a52f
1a534
1a53b
1a541
1a548
1a54d
1a553
1a55b
1a563
1a568
1a56d
1a572
1a578
1a57e
1a585
1a58d
1a592
1a598
1a59d
1a5a2
1a5a8
1a5ab
1a5b3
1a5b8
1a5bb
1a5c1
1a5c3
1a5c8
1a5d1
1a5d7
1a5dd
1a5e0
1a5e9
1a5ef
1a5f5
1a5f8
1a601
1a609
1a611
1a618
1a61e
1a621
1a62a
1a632
1a638
1a63e
1a644
1a64a
1a650
1a655
1a658
1a65f
1a666
1a66d
1a674
1a67a
1a67e
1a686
1a68d
1a695
1a69a
1a6a1
1a6a7
1a6ae
1a6b3
1a6b9
1a6c2
1a6c8
1a6cd
1a6d5
1a6dd
1a6e2
1a6e7
1a6ed
1a6f3
1a6f8
1a6fe
1a705
1a70d
1a712
1a717
1a71a
1a720
1a726
1a729
1a731
1a736
1a738
1a73d
1a746
1a74c
1a752
1a755
1a75e
1a766
1a76e
1a775
1a77b
1a77e
1a781
1a78a
1a792
1a798
1a79e
1a7a4
1a7aa
1a7b0
1a7b5
1a7bc
1a7c3
1a7ca
1a7d1
1a7d7
1a7db
1a7e3
1a7ea
1a7f2
1a7f7
1a7fe
1a804
1a80b
1a810
1a816
1a81f
1a825
1a82a
1a832
1a83a
1a83f
1a845
1a84b
1a850
1a856
1a85d
1a865
1a86a
1a86f
1a874
1a87a
1a87d
1a883
1a886
1a88e
1a893
1a895
1a89a
1a8a3
1a8a9
1a8af
1a8b2
1a8bb
1a8c3
1a8cb
1a8d2
1a8d8
1a8db
1a8e4
1a8ec
1a8f2
1a8f8
1a8fe
1a904
1a90a
1a90f
1a912
1a919
1a920
1a927
1a92e
1a934
1a938
1a940
1a947
1a94f
1a954
1a95b
1a961
1a968
1a96d
1a973
1a97c
1a982
1a987
1a98f
1a997
1a99c
1a9a1
1a9a7
1a9ad
1a9b2
1a9b8
1a9bf
1a9c7
1a9cc
1a9d1
1a9d7
1a9da
1a9e2
1a9e7
1a9ed
1a9f0
1a9f2
1a9f7
1aa00
1aa06
1aa0c
1aa0f
1aa18
1aa20
1aa26
1aa2c
1aa32
1aa38
1aa3e
1aa43
1aa46
1aa4f
1aa57
1aa5f
1aa66
1aa6c
1aa6f
1aa76
1aa7d
1aa84
1aa8b
1aa91
1aa95
1aa9d
1aaa4
1aaac
1aab1
1aab8
1aabe
1aac5
1aaca
1aad0
1aad9
1aadf
1aae4
1aaec
1aaf4
1aaf9
1aafe
1ab04
1ab0a
1ab0f
1ab15
1ab1c
1ab24
1ab29
1ab2e
1ab31
1ab37
1ab3d
1ab40
1ab48
1ab4d
1ab4f
1ab54
1ab5d
1ab63
1ab69
1ab6c
1ab75
1ab7d
1ab83
1ab89
1ab8f
1ab95
1ab9b
1aba0
1aba3
1abac
1abb4
1abbc
1abc3
1abc9
1abcc
1abd3
1abda
1abe1
1abe8
1abee
1abf2
1abfa
1ac01
1ac09
1ac0e
1ac15
1ac1b
1ac22
1ac27
1ac2d
1ac36
1ac3c
1ac44
1ac4c
1ac51
1ac56
1ac5b
1ac61
1ac67
1ac6c
1ac72
1ac79
1ac81
1ac86
1ac8b
1ac8e
1ac94
1ac9a
1ac9d
1aca5
1acaa
1acac
1acb1
1acba
1acc2
1acc8
1acce
1acd4
1acda
1ace0
1ace5
1ace8
1acf1
1acf9
1ad01
1ad08
1ad0e
1ad11
1ad18
1ad1f
1ad26
1ad2d
1ad33
1ad37
1ad3f
1ad46
1ad4f
1ad55
1ad5d
1ad62
1ad69
1ad6f
1ad76
1ad7b
1ad81
1ad89
1ad91
1ad96
1ad9b
1ada0
1ada6
1adac
1adb1
1adb7
1adbe
1adc6
1adcb
1add0
1add3
1add9
1addf
1ade2
1adea
1adef
1adf1
1adf6
1adff
1ae05
1ae0b
1ae0e
1ae17
1ae1d
1ae23
1ae26
1ae2f
1ae37
1ae3f
1ae46
1ae4c
1ae4f
1ae57
1ae5e
1ae66
1ae6b
1ae72
1ae78
1ae7f
1ae84
1ae8a
1ae93
1ae99
1ae9e
1aea6
1aeae
1aeb3
1aeb8
1aebe
1aec4
1aecb
1aed3
1aed8
1aede
1aee3
1aee8
1aef0
1aef5
1aef8
1aefe
1af04
1af07
1af09
1af0e
1af17
1af1d
1af23
1af26
1af2f
1af37
1af3f
1af46
1af4c
1af4f
1af57
1af5e
1af66
1af6b
1af72
1af78
1af7f
1af84
1af8a
1af93
1af99
1af9e
1afa6
1afae
1afb3
1afb9
1afbf
1afc6
1afce
1afd3
1afd9
1afde
1afe3
1afe8
1aff0
1aff5
1aff8
1affe
1b001
1b007
1b009
1b00e
1b017
1b01d
1b023
1b026
1b02f
1b037
1b03f
1b046
1b04c
1b04f
1b057
1b05e
1b066
1b06b
1b072
1b078
1b07f
1b084
1b08a
1b093
1b099
1b09e
1b0a6
1b0ae
1b0b3
1b0b8
1b0be
1b0c4
1b0cb
1b0d3
1b0d8
1b0de
1b0e3
1b0e8
1b0f0
1b0f5
1b0fb
1b0fe
1b101
1b107
1b109
1b10e
1b117
1b11d
1b123
1b126
1b12f
1b137
1b13f
1b146
1b14c
1b14f
1b157
1b15e
1b166
1b16b
1b172
1b178
1b17f
1b184
1b18a
1b193
1b199
1b19e
1b1a6
1b1ae
1b1b3
1b1b8
1b1be
1b1c4
1b1cb
1b1d3
1b1d8
1b1de
1b1e3
1b1e8
1b1f0
1b1f5
1b1fb
1b1fe
1b204
1b207
1b209
1b20e
1b217
1b21d
1b223
1b226
1b22f
1b237
1b23f
1b246
1b24c
1b24f
1b257
1b25e
1b266
1b26b
1b272
1b278
1b27f
1b284
1b28a
1b293
1b299
1b2a1
1b2a9
1b2ae
1b2b3
1b2b8
1b2be
1b2c4
1b2cb
1b2d3
1b2d8
1b2de
1b2e3
1b2e8
1b2f0
1b2f5
1b2f8
1b2fe
1b304
1b307
1b309
1b30e
1b317
1b31f
1b327
1b32e
1b334
1b337
1b33f
1b346
1b34f
1b355
1b35d
1b362
1b369
1b36f
1b376
1b37b
1b381
1b389
1b391
1b396
1b39b
1b3a0
1b3a6
1b3ac
1b3b3
1b3bb
1b3c0
1b3c6
1b3cb
1b3d0
1b3d8
1b3dd
1b3e0
1b3e6
1b3ec
1b3ef
1b3f1
1b3f6
1b3ff
1b405
1b40b
1b40e
1b417
1b41d
1b423
1b426
1b42e
1b435
1b43d
1b442
1b449
1b44f
1b456
1b45b
1b461
1b46a
1b470
1b475
1b47d
1b485
1b48a
1b48f
1b495
1b49b
1b4a2
1b4aa
1b4af
1b4b5
1b4ba
1b4bf
1b4c7
1b4cc
1b4d2
1b4d5
1b4db
1b4de
1b4e0
1b4e5
1b4ee
1b4f4
1b4fa
1b4fd
1b505
1b50c
1b514
1b519
1b520
1b526
1b52d
1b532
1b538
1b541
1b547
1b54c
1b554
1b55c
1b561
1b567
1b56d
1b574
1b57c
1b581
1b587
1b58c
1b591
1b596
1b59e
1b5a3
1b5a6
1b5ac
1b5b2
1b5b5
1b5b7
1b5bc
1b5c5
1b5cb
1b5d1
1b5d4
1b5dc
1b5e3
1b5eb
1b5f0
1b5f7
1b5fd
1b604
1b609
1b60f
1b618
1b61e
1b623
1b62b
1b633
1b638
1b63d
1b643
1b649
1b650
1b658
1b65d
1b663
1b668
1b66d
1b675
1b67a
1b680
1b683
1b689
1b68c
1b68e
1b693
1b69c
1b6a2
1b6a8
1b6ab
1b6b3
1b6ba
1b6c2
1b6c7
1b6ce
1b6d4
1b6db
1b6e0
1b6e6
1b6ef
1b6f5
1b6fa
1b702
1b70a
1b70f
1b714
1b71a
1b720
1b727
1b72f
1b734
1b73a
1b73f
1b744
1b74c
1b751
1b757
1b75a
1b760
1b763
1b765
1b76a
1b773
1b779
1b77f
1b782
1b78a
1b791
1b799
1b79e
1b7a5
1b7ab
1b7b2
1b7b7
1b7bd
1b7c6
1b7cc
1b7d4
1b7dc
1b7e1
1b7e6
1b7eb
1b7f1
1b7f7
1b7fe
1b806
1b80b
1b811
1b816
1b81b
1b823
1b828
1b82e
1b831
1b834
1b83a
1b83c
1b841
1b849
1b850
1b859
1b85f
1b867
1b86c
1b873
1b879
1b880
1b885
1b88b
1b893
1b89b
1b8a0
1b8a5
1b8aa
1b8b0
1b8b6
1b8bd
1b8c5
1b8ca
1b8d0
1b8d5
1b8da
1b8e2
1b8e7
1b8ed
1b8f0
1b8f6
1b8f9
1b8fb
1b900
1b903
1b906
1b909
1b90f
1b915
1b91a
1b91f
1b925
1b92b
1b931
1b934
1b937
1b93c
1b93f
1b948
1b94e
1b954
1b95b
1b95e
1b962
1b968
1b96d
1b976
1b97c
1b983
1b989
1b98c
1b990
1b993
1b996
1b99e
1b9a7
1b9b0
1b9b5
1b9bb
1b9c0
1b9c6
1b9c8
1b9cb
1b9ce
1b9d1
1b9d4
1b9da
1b9e0
1b9e5
1b9ea
1b9f0
1b9f6
1b9fc
1b9ff
1ba02
1ba07
1ba0a
1ba13
1ba19
1ba1f
1ba26
1ba29
1ba2d
1ba33
1ba38
1ba41
1ba47
1ba4e
1ba54
1ba57
1ba5b
1ba5e
1ba61
1ba69
1ba72
1ba7b
1ba80
1ba86
1ba8b
1ba91
1ba93
1ba96
1ba99
1ba9c
1ba9f
1baa5
1baab
1bab0
1bab5
1babb
1bac1
1bac7
1baca
1bacf
1bad2
1bad5
1bade
1bae4
1baea
1baf1
1baf4
1baf8
1bafe
1bb03
1bb0c
1bb12
1bb19
1bb1f
1bb22
1bb26
1bb29
1bb2c
1bb34
1bb3d
1bb46
1bb4b
1bb51
1bb56
1bb5c
1bb5e
1bb61
1bb64
1bb67
1bb6d
1bb73
1bb76
1bb79
1bb7f
1bb85
1bb8a
1bb8f
1bb95
1bb98
1bb9d
1bba0
1bba9
1bbaf
1bbb5
1bbbc
1bbbf
1bbc3
1bbc9
1bbce
1bbd7
1bbdd
1bbe4
1bbea
1bbed
1bbf1
1bbf4
1bbf7
1bbff
1bc08
1bc11
1bc16
1bc1c
1bc21
1bc27
1bc29
1bc2c
1bc2f
1bc32
1bc38
1bc3e
1bc41
1bc44
1bc4a
1bc50
1bc55
1bc5a
1bc60
1bc63
1bc68
1bc6b
1bc74
1bc7a
1bc80
1bc87
1bc8a
1bc8e
1bc94
1bc99
1bca2
1bca8
1bcaf
1bcb5
1bcb8
1bcbc
1bcbf
1bcc2
1bcca
1bcd3
1bcdc
1bce1
1bce7
1bcec
1bcf2
1bcf4
1bcf7
1bcfa
1bd00
1bd06
1bd0c
1bd0f
1bd12
1bd18
1bd1e
1bd23
1bd28
1bd2b
1bd30
1bd33
1bd3c
1bd42
1bd48
1bd4f
1bd52
1bd56
1bd5c
1bd61
1bd6a
1bd70
1bd77
1bd7d
1bd80
1bd84
1bd87
1bd8a
1bd92
1bd9b
1bda4
1bdaa
1bdaf
1bdb4
1bdba
1bdbd
1bdbf
1bdc2
1bdc5
1bdc8
1bdcb
1bdd1
1bdd6
1bddb
1bdde
1bde1
1bdea
1bdf0
1bdf6
1bdfd
1be00
1be04
1be0d
1be13
1be19
1be20
1be23
1be27
1be2a
1be33
1be39
1be41
1be4a
1be4f
1be55
1be5a
1be5c
1be5f
1be62
1be65
1be68
1be6e
1be73
1be78
1be7b
1be7e
1be87
1be8d
1be93
1be9a
1be9d
1bea1
1beaa
1beb0
1beb6
1bebd
1bec0
1bec4
1bec7
1bed0
1bed6
1bede
1bee7
1beec
1bef2
1bef7
1bef9
1befc
1beff
1bf02
1bf05
1bf0b
1bf10
1bf15
1bf18
1bf1b
1bf24
1bf2a
1bf30
1bf37
1bf3a
1bf3e
1bf47
1bf4d
1bf53
1bf5a
1bf5d
1bf61
1bf64
1bf6d
1bf73
1bf7b
1bf84
1bf89
1bf8f
1bf94
1bf96
1bf99
1bf9c
1bf9f
1bfa2
1bfa8
1bfad
1bfb2
1bfb5
1bfb8
1bfc1
1bfc7
1bfcd
1bfd4
1bfd7
1bfdb
1bfe4
1bfea
1bff0
1bff7
1bffa
1bffe
1c001
1c00a
1c010
1c018
1c021
1c026
1c02c
1c031
1c033
1c036
1c039
1c03c
1c03f
1c045
1c04a
1c04f
1c052
1c055
1c05e
1c064
1c06a
1c071
1c074
1c078
1c081
1c087
1c08d
1c094
1c097
1c09b
1c09e
1c0a7
1c0ad
1c0b5
1c0be
1c0c3
1c0c9
1c0ce
1c0d0
1c0d3
1c0d6
1c0d9
1c0df
1c0e4
1c0e9
1c0ec
1c0ef
1c0f8
1c0fe
1c104
1c10b
1c10e
1c112
1c11b
1c121
1c127
1c12e
1c131
1c135
1c138
1c141
1c147
1c14f
1c158
1c15e
1c163
1c168
1c16b
1c16d
1c170
1c173
1c176
1c179
1c17f
1c184
1c187
1c18a
1c193
1c199
1c19f
1c1a6
1c1a9
1c1ad
1c1b6
1c1bc
1c1c2
1c1c9
1c1cc
1c1d0
1c1d9
1c1df
1c1e7
1c1f0
1c1f5
1c1fb
1c200
1c202
1c205
1c208
1c20b
1c20e
1c214
1c219
1c21c
1c21f
1c228
1c22e
1c234
1c23b
1c23e
1c242
1c24b
1c251
1c257
1c25e
1c261
1c265
1c26e
1c274
1c27c
1c285
1c28a
1c290
1c295
1c297
1c29a
1c29d
1c2a0
1c2a3
1c2a9
1c2ae
1c2b1
1c2b4
1c2bd
1c2c3
1c2c9
1c2d0
1c2d3
1c2d7
1c2e0
1c2e6
1c2ec
1c2f3
1c2f6
1c2fa
1c303
1c309
1c311
1c31a
1c31f
1c325
1c32a
1c32c
1c32f
1c332
1c335
1c338
1c33e
1c343
1c346
1c349
1c352
1c358
1c35e
1c365
1c368
1c36c
1c375
1c37b
1c381
1c388
1c38b
1c38f
1c398
1c39e
1c3a6
1c3af
1c3b4
1c3ba
1c3bf
1c3c1
1c3c4
1c3c7
1c3ca
1c3cd
1c3d3
1c3d8
1c3db
1c3de
1c3e7
1c3ed
1c3f3
1c3fa
1c3fd
1c401
1c40a
1c410
1c416
1c41d
1c420
1c424
1c42d
1c433
1c43b
1c444
1c449
1c44f
1c454
1c456
1c459
1c45c
1c45f
1c465
1c46a
1c46d
1c470
1c479
1c47f
1c485
1c48c
1c48f
1c493
1c49c
1c4a2
1c4a8
1c4af
1c4b2
1c4b6
1c4bf
1c4c5
1c4cd
1c4d6
1c4dc
1c4e1
1c4e6
1c4e9
1c4eb
1c4ee
1c4f1
1c4f7
1c4fc
1c4ff
1c502
1c50b
1c511
1c517
1c51e
1c521
1c525
1c52e
1c534
1c53c
1c545
1c54b
1c550
1c555
1c558
1c55a
1c55d
1c560
1c566
1c56b
1c56e
1c571
1c57a
1c580
1c586
1c58d
1c590
1c594
1c59d
1c5a3
1c5ab
1c5b4
1c5ba
1c5bf
1c5c4
1c5c7
1c5c9
1c5cc
1c5cf
1c5d5
1c5da
1c5dd
1c5e0
1c5e9
1c5ef
1c5f5
1c5fc
1c5ff
1c603
1c60c
1c612
1c61a
1c623
1c629
1c62e
1c633
1c636
1c638
1c63b
1c63e
1c644
1c649
1c64c
1c64f
1c658
1c65e
1c664
1c66b
1c66e
1c672
1c67b
1c681
1c689
1c692
1c698
1c69d
1c6a2
1c6a5
1c6a7
1c6aa
1c6ad
1c6b3
1c6b8
1c6bb
1c6be
1c6c7
1c6cd
1c6d3
1c6da
1c6dd
1c6e1
1c6ea
1c6f0
1c6f8
1c701
1c707
1c70c
1c711
1c714
1c716
1c719
1c71c
1c722
1c727
1c72a
1c72d
1c736
1c73c
1c742
1c749
1c74c
1c750
1c759
1c75f
1c767
1c770
1c776
1c77b
1c780
1c783
1c785
1c788
1c78b
1c791
1c796
1c799
1c79c
1c7a5
1c7ab
1c7b1
1c7b8
1c7bb
1c7bf
1c7c8
1c7ce
1c7d6
1c7df
1c7e5
1c7ea
1c7ef
1c7f2
1c7f4
1c7f7
1c7fa
1c800
1c805
1c808
1c80b
1c814
1c81a
1c820
1c827
1c82a
1c82e
1c837
1c83d
1c845
1c84e
1c854
1c859
1c85e
1c861
1c863
1c866
1c869
1c86f
1c874
1c877
1c87a
1c883
1c889
1c88f
1c896
1c899
1c89d
1c8a6
1c8ac
1c8b4
1c8bd
1c8c3
1c8c8
1c8cd
1c8d0
1c8d2
1c8d5
1c8d8
1c8de
1c8e3
1c8e6
1c8e9
1c8f2
1c8f8
1c8fe
1c905
1c908
1c90c
1c915
1c91b
1c923
1c92c
1c932
1c937
1c93c
1c93f
1c941
1c944
1c947
1c94d
1c952
1c955
1c958
1c961
1c967
1c96d
1c974
1c977
1c97b
1c984
1c98a
1c992
1c99b
1c9a1
1c9a6
1c9ab
1c9ae
1c9b0
1c9b3
1c9b6
1c9bc
1c9c1
1c9c4
1c9c7
1c9d0
1c9d6
1c9dc
1c9e3
1c9e6
1c9ea
1c9f3
1c9f9
1ca01
1ca0a
1ca10
1ca15
1ca1a
1ca1d
1ca1f
1ca22
1ca25
1ca2b
1ca30
1ca33
1ca36
1ca3f
1ca45
1ca4b
1ca52
1ca55
1ca59
1ca62
1ca68
1ca70
1ca79
1ca7f
1ca84
1ca89
1ca8c
1ca8e
1ca91
1ca94
1ca9a
1ca9f
1caa2
1caa5
1caae
1cab4
1caba
1cac1
1cac4
1cac8
1cad1
1cad7
1cadf
1cae8
1caee
1caf3
1caf8
1cafb
1cafd
1cb00
1cb03
1cb09
1cb0e
1cb11
1cb14
1cb1d
1cb23
1cb29
1cb30
1cb33
1cb37
1cb40
1cb46
1cb4e
1cb57
1cb5d
1cb62
1cb67
1cb6a
1cb6c
1cb6f
1cb72
1cb78
1cb7d
1cb80
1cb83
1cb8c
1cb92
1cb98
1cb9f
1cba2
1cba6
1cbaf
1cbb5
1cbbd
1cbc6
1cbcc
1cbd1
1cbd6
1cbd9
1cbdb
1cbde
1cbe1
1cbe7
1cbec
1cbef
1cbf2
1cbfb
1cc01
1cc07
1cc0e
1cc11
1cc15
1cc1e
1cc24
1cc2c
1cc35
1cc3b
1cc40
1cc45
1cc48
1cc4a
1cc4d
1cc50
1cc56
1cc5b
1cc5e
1cc61
1cc6a
1cc70
1cc76
1cc7d
1cc80
1cc84
1cc8d
1cc93
1cc9b
1cca4
1ccaa
1ccaf
1ccb4
1ccb7
1ccb9
1ccbc
1ccbf
1ccc5
1ccca
1cccd
1ccd0
1ccd9
1ccdf
1cce5
1ccec
1ccef
1ccf3
1ccfc
1cd02
1cd0a
1cd13
1cd19
1cd1e
1cd23
1cd26
1cd28
1cd2b
1cd2e
1cd34
1cd39
1cd3c
1cd3f
1cd48
1cd4e
1cd54
1cd5b
1cd5e
1cd62
1cd6b
1cd71
1cd79
1cd82
1cd88
1cd8d
1cd92
1cd95
1cd97
1cd9a
1cd9d
1cda3
1cda8
1cdab
1cdae
1cdb7
1cdbd
1cdc3
1cdca
1cdcd
1cdd1
1cdda
1cde0
1cde8
1cdf1
1cdf7
1cdfc
1ce01
1ce04
1ce06
1ce09
1ce0c
1ce12
1ce17
1ce1a
1ce1d
1ce26
1ce2c
1ce32
1ce39
1ce3c
1ce40
1ce49
1ce4f
1ce57
1ce60
1ce66
1ce6b
1ce70
1ce73
1ce75
1ce78
1ce7b
1ce81
1ce86
1ce89
1ce8c
1ce95
1ce9b
1cea1
1cea8
1ceab
1ceaf
1ceb8
1cebe
1cec6
1cecf
1ced5
1ceda
1cedf
1cee2
1cee4
1cee7
1ceea
1cef0
1cef5
1cef8
1cefb
1cf04
1cf0a
1cf10
1cf17
1cf1a
1cf1e
1cf27
1cf2d
1cf35
1cf3e
1cf44
1cf49
1cf4e
1cf51
1cf53
1cf56
1cf59
1cf5e
1cf61
1cf64
1cf6d
1cf74
1cf7a
1cf80
1cf84
1cf87
1cf8f
1cf98
1cf9d
1cfa6
1cfac
1cfb2
1cfb7
1cfba
1cfbc
1cfbf
1cfc2
1cfc7
1cfca
1cfcd
1cfd6
1cfdd
1cfe3
1cfe9
1cfed
1cff0
1cff8
1d001
1d006
1d00f
1d015
1d01b
1d020
1d023
1d025
1d028
1d02b
1d030
1d033
1d036
1d03f
1d046
1d04c
1d052
1d056
1d059
1d061
1d06a
1d06f
1d078
1d07e
1d084
1d089
1d08c
1d08e
1d091
1d094
1d099
1d09c
1d09f
1d0a8
1d0af
1d0b5
1d0bb
1d0bf
1d0c2
1d0ca
1d0d3
1d0d8
1d0e1
1d0e7
1d0ed
1d0f2
1d0f5
1d0f7
1d0fa
1d0fd
1d102
1d105
1d108
1d111
1d118
1d11e
1d124
1d128
1d12b
1d133
1d13c
1d141
1d14a
1d150
1d156
1d15b
1d15e
1d160
1d163
1d166
1d16b
1d16e
1d171
1d17a
1d181
1d187
1d18d
1d191
1d194
1d19c
1d1a5
1d1aa
1d1b3
1d1b9
1d1bf
1d1c4
1d1c7
1d1c9
1d1cc
1d1cf
1d1d2
1d1d5
1d1de
1d1e5
1d1eb
1d1f1
1d1f5
1d1f8
1d200
1d209
1d20e
1d217
1d21d
1d223
1d228
1d22b
1d22d
1d230
1d233
1d236
1d239
1d242
1d249
1d24f
1d255
1d259
1d25c
1d264
1d26d
1d272
1d27b
1d281
1d287
1d28c
1d28f
1d291
1d294
1d297
1d29a
1d29d
1d2a6
1d2ad
1d2b3
1d2b9
1d2bd
1d2c0
1d2c8
1d2d1
1d2d6
1d2df
1d2e5
1d2eb
1d2f0
1d2f3
1d2f5
1d2f8
1d2fb
1d2fe
1d301
1d30a
1d311
1d317
1d31d
1d321
1d324
1d32c
1d335
1d33a
1d343
1d349
1d34f
1d354
1d357
1d359
1d35c
1d35f
1d362
1d365
1d36e
1d375
1d37b
1d381
1d385
1d388
1d390
1d399
1d39e
1d3a7
1d3ad
1d3b3
1d3b8
1d3bb
1d3bd
1d3c0
1d3c3
1d3c6
1d3c9
1d3d2
1d3d9
1d3df
1d3e5
1d3e9
1d3ec
1d3f4
1d3fd
1d402
1d40b
1d411
1d417
1d41c
1d41f
1d421
1d424
1d427
1d42a
1d432
1d43b
1d440
1d449
1d44f
1d455
1d45a
1d45d
1d45f
1d462
1d465
1d468
1d470
1d479
1d47e
1d487
1d48d
1d493
1d498
1d49b
1d49d
1d4a0
1d4a3
1d4a6
1d4ae
1d4b7
1d4bc
1d4c5
1d4cb
1d4d1
1d4d6
1d4d9
1d4db
1d4de
1d4e1
1d4e4
1d4ec
1d4f5
1d4fa
1d503
1d509
1d50f
1d514
1d517
1d519
1d51c
1d51f
1d522
1d52a
1d533
1d538
1d541
1d547
1d54d
1d552
1d555
1d557
1d55a
1d55d
1d560
1d568
1d571
1d576
1d57f
1d585
1d58b
1d590
1d593
1d595
1d598
1d5a1
1d5a9
1d5b2
1d5b8
1d5bd
1d5c2
1d5c8
1d5cb
1d5ce
1d5d0
1d5d9
1d5e1
1d5ea
1d5f0
1d5f5
1d5fa
1d600
1d603
1d606
1d608
1d611
1d619
1d622
1d628
1d62d
1d632
1d638
1d63b
1d63e
1d640
1d649
1d651
1d65a
1d660
1d665
1d66a
1d670
1d673
1d676
1d678
1d681
1d689
1d692
1d698
1d69d
1d6a2
1d6a8
1d6ab
1d6ae
1d6b0
1d6b9
1d6c1
1d6ca
1d6d0
1d6d5
1d6da
1d6e0
1d6e3
1d6e6
1d6e8
1d6f1
1d6f9
1d702
1d708
1d70d
1d712
1d718
1d71b
1d71e
1d720
1d729
1d731
1d73a
1d740
1d745
1d74a
1d750
1d753
1d756
1d758
1d761
1d769
1d772
1d778
1d77d
1d782
1d788
1d78b
1d78e
1d790
1d799
1d7a1
1d7aa
1d7b0
1d7b5
1d7ba
1d7c0
1d7c3
1d7c6
1d7c8
1d7d1
1d7d9
1d7e2
1d7e8
1d7ed
1d7f2
1d7f8
1d7fb
1d7fe
1d800
1d809
1d811
1d81a
1d820
1d825
1d82a
1d830
1d833
1d836
1d838
1d83b
1d841
1d84a
1d850
1d856
1d859
1d85f
1d862
1d86b
1d871
1d877
1d87a
1d883
1d889
1d892
1d898
1d89e
1d8a4
1d8aa
1d8b3
1d8bb
1d8c1
1d8c7
1d8cc
1d8cf
1d8d8
1d8e0
1d8e8
1d8ef
1d8f5
1d8f8
1d901
1d907
1d910
1d916
1d91f
1d925
1d92b
1d934
1d93a
1d940
1d946
1d94b
1d951
1d959
1d95c
1d963
1d96a
1d970
1d977
1d97e
1d982
1d98b
1d991
1d997
1d99a
1d9a0
1d9a9
1d9b1
1d9b7
1d9bd
1d9c3
1d9c9
1d9ce
1d9d1
1d9d8
1d9df
1d9e6
1d9ed
1d9f3
1d9f7
1da00
1da08
1da10
1da17
1da1d
1da20
1da28
1da2d
1da32
1da3b
1da41
1da47
1da4c
1da54
1da5b
1da60
1da67
1da6d
1da72
1da79
1da7f
1da85
1da8a
1da92
1da9a
1daa0
1daa5
1daad
1dab4
1dab9
1dabb
1dac0
1dac3
1dac9
1dad1
1dad6
1dadc
1dadf
1dae2
1dae8
1daf1
1daf7
1dafd
1db00
1db09
1db0f
1db18
1db1e
1db24
1db2a
1db30
1db39
1db41
1db47
1db4d
1db52
1db55
1db5e
1db66
1db6e
1db75
1db7b
1db7e
1db87
1db8d
1db96
1db9c
1dba5
1dbab
1dbb1
1dbba
1dbc0
1dbc6
1dbcc
1dbd1
1dbd7
1dbdf
1dbe2
1dbe9
1dbf0
1dbf6
1dbfd
1dc04
1dc08
1dc11
1dc17
1dc1d
1dc20
1dc26
1dc2f
1dc37
1dc3d
1dc43
1dc49
1dc4f
1dc54
1dc57
1dc5e
1dc65
1dc6c
1dc73
1dc79
1dc7d
1dc86
1dc8e
1dc96
1dc9d
1dca3
1dca6
1dcae
1dcb3
1dcb8
1dcc1
1dcc7
1dccd
1dcd2
1dcda
1dce1
1dce6
1dced
1dcf3
1dcf8
1dcff
1dd05
1dd0b
1dd10
1dd18
1dd20
1dd26
1dd2b
1dd33
1dd3a
1dd3f
1dd41
1dd46
1dd49
1dd4f
1dd57
1dd5c
1dd62
1dd65
1dd68
1dd6e
1dd77
1dd7d
1dd83
1dd86
1dd8f
1dd95
1dd9e
1dda4
1ddaa
1ddb0
1ddb6
1ddbf
1ddc7
1ddcd
1ddd3
1ddd8
1dddb
1dde4
1ddec
1ddf4
1ddfb
1de01
1de04
1de0d
1de13
1de1c
1de22
1de2b
1de31
1de37
1de40
1de46
1de4c
1de52
1de57
1de5d
1de65
1de68
1de6f
1de76
1de7c
1de83
1de8a
1de8e
1de97
1de9d
1dea0
1dea6
1deac
1deb5
1debd
1dec3
1dec9
1decf
1ded5
1deda
1dedd
1dee4
1deeb
1def2
1def9
1deff
1df03
1df0c
1df14
1df1c
1df23
1df29
1df2c
1df34
1df39
1df3e
1df47
1df4d
1df53
1df58
1df60
1df67
1df6c
1df73
1df79
1df7e
1df85
1df8b
1df91
1df96
1df9e
1dfa6
1dfac
1dfb1
1dfb9
1dfc0
1dfc5
1dfc7
1dfcc
1dfcf
1dfd5
1dfdd
1dfe2
1dfe8
1dfeb
1dfee
1dff4
1dffd
1e003
1e009
1e00c
1e015
1e01b
1e024
1e02a
1e030
1e039
1e03f
1e045
1e04b
1e050
1e056
1e05e
1e061
1e06a
1e070
1e079
1e07f
1e085
1e08b
1e091
1e09a
1e0a2
1e0a8
1e0ae
1e0b3
1e0b6
1e0bf
1e0c7
1e0cf
1e0d6
1e0dc
1e0df
1e0e8
1e0ee
1e0f5
1e0fc
1e102
1e109
1e110
1e114
1e11d
1e123
1e126
1e12c
1e132
1e13b
1e143
1e149
1e14f
1e155
1e15b
1e160
1e163
1e16a
1e171
1e178
1e17f
1e185
1e189
1e192
1e19a
1e1a2
1e1a9
1e1af
1e1b2
1e1ba
1e1bf
1e1c4
1e1cd
1e1d3
1e1d9
1e1de
1e1e6
1e1ed
1e1f2
1e1f9
1e1ff
1e204
1e20b
1e211
1e217
1e21c
1e224
1e22c
1e232
1e237
1e23f
1e246
1e24b
1e24d
1e252
1e255
1e25b
1e263
1e268
1e26e
1e271
1e274
1e27a
1e283
1e289
1e28f
1e292
1e295
1e29e
1e2a4
1e2ad
1e2b3
1e2b9
1e2bf
1e2c5
1e2ca
1e2d3
1e2d9
1e2df
1e2e7
1e2ed
1e2f6
1e2ff
1e305
1e308
1e30e
1e314
1e31a
1e323
1e32b
1e331
1e337
1e33c
1e345
1e34d
1e355
1e35c
1e362
1e365
1e36e
1e374
1e37b
1e382
1e388
1e38f
1e396
1e39a
1e3a3
1e3a9
1e3ac
1e3b2
1e3b8
1e3c1
1e3c9
1e3cf
1e3d5
1e3db
1e3e1
1e3e6
1e3e9
1e3f0
1e3f7
1e3fe
1e405
1e40b
1e40f
1e418
1e420
1e428
1e42f
1e435
1e438
1e441
1e447
1e44d
1e452
1e45a
1e45f
1e464
1e46c
1e473
1e478
1e47f
1e485
1e48a
1e491
1e497
1e49d
1e4a5
1e4ad
1e4b2
1e4b8
1e4bd
1e4c5
1e4cc
1e4d1
1e4d3
1e4d8
1e4db
1e4e1
1e4e9
1e4ee
1e4f4
1e4f7
1e500
1e506
1e509
1e50f
1e518
1e51e
1e527
1e52d
1e536
1e53c
1e542
1e548
1e54d
1e553
1e55b
1e561
1e56a
1e573
1e579
1e57f
1e585
1e58b
1e594
1e59c
1e5a2
1e5a8
1e5ad
1e5b0
1e5b9
1e5c1
1e5c9
1e5d0
1e5d6
1e5d9
1e5e0
1e5e7
1e5ed
1e5f4
1e5fb
1e5ff
1e608
1e60e
1e611
1e617
1e61d
1e626
1e62e
1e634
1e63a
1e640
1e646
1e64b
1e64e
1e655
1e65c
1e663
1e66a
1e670
1e674
1e67d
1e685
1e68d
1e694
1e69a
1e69d
1e6a5
1e6aa
1e6af
1e6b8
1e6be
1e6c4
1e6c9
1e6d1
1e6d8
1e6de
1e6e3
1e6ea
1e6f0
1e6f5
1e6fc
1e702
1e70a
1e712
1e717
1e71d
1e722
1e72a
1e731
1e736
1e73c
1e73f
1e741
1e746
1e74e
1e753
1e759
1e75c
1e75f
1e765
1e76e
1e774
1e77a
1e77d
1e780
1e786
1e78f
1e795
1e79b
1e79e
1e7a7
1e7af
1e7b5
1e7bd
1e7c4
1e7c7
1e7d0
1e7d6
1e7dc
1e7e2
1e7eb
1e7f3
1e7f9
1e7ff
1e805
1e80a
1e80d
1e814
1e81b
1e822
1e828
1e82f
1e833
1e836
1e83c
1e843
1e84a
1e851
1e858
1e85e
1e862
1e86a
1e86f
1e876
1e87b
1e884
1e88a
1e88f
1e894
1e89a
1e89f
1e8a7
1e8ae
1e8b3
1e8ba
1e8c0
1e8c6
1e8cb
1e8d1
1e8d9
1e8e1
1e8e9
1e8f0
1e8f6
1e8fb
1e901
1e904
1e90c
1e911
1e913
1e918
1e91b
1e921
1e924
1e92a
1e933
1e939
1e93f
1e942
1e94b
1e953
1e959
1e961
1e968
1e96b
1e974
1e97a
1e980
1e986
1e98f
1e997
1e99d
1e9a3
1e9a9
1e9ae
1e9b1
1e9b8
1e9bf
1e9c6
1e9cc
1e9d3
1e9d7
1e9dd
1e9e0
1e9e7
1e9ee
1e9f5
1e9fc
1ea02
1ea06
1ea0f
1ea15
1ea1a
1ea22
1ea27
1ea2e
1ea33
1ea38
1ea3e
1ea43
1ea4b
1ea52
1ea57
1ea5e
1ea64
1ea6a
1ea6f
1ea75
1ea7d
1ea85
1ea8d
1ea94
1ea9a
1ea9f
1eaa5
1eaa8
1eab0
1eab5
1eab7
1eabc
1eabf
1eac5
1eacb
1eace
1ead7
1eadd
1eae3
1eae6
1eaef
1eaf7
1eafd
1eb05
1eb0c
1eb0f
1eb18
1eb1e
1eb27
1eb2f
1eb35
1eb3b
1eb41
1eb47
1eb4d
1eb52
1eb55
1eb5c
1eb63
1eb6a
1eb70
1eb77
1eb7b
1eb81
1eb84
1eb8b
1eb92
1eb99
1eba0
1eba6
1ebaa
1ebb2
1ebb7
1ebbe
1ebc3
1ebcc
1ebd2
1ebd7
1ebdc
1ebe2
1ebe7
1ebef
1ebf6
1ebfb
1ec02
1ec08
1ec0e
1ec13
1ec19
1ec21
1ec29
1ec31
1ec38
1ec3e
1ec43
1ec49
1ec4c
1ec54
1ec59
1ec5b
1ec60
1ec66
1ec69
1ec6c
1ec72
1ec7b
1ec81
1ec87
1ec8a
1ec93
1ec99
1eca2
1ecaa
1ecb0
1ecb6
1ecbc
1ecc2
1ecc8
1eccd
1ecd0
1ecd9
1ece1
1ece7
1ecef
1ecf6
1ecf9
1ed00
1ed07
1ed0e
1ed14
1ed1b
1ed1f
1ed22
1ed28
1ed2f
1ed36
1ed3d
1ed44
1ed4a
1ed4e
1ed56
1ed5b
1ed62
1ed67
1ed70
1ed76
1ed7b
1ed80
1ed86
1ed8b
1ed93
1ed9a
1ed9f
1eda6
1edac
1edb2
1edb7
1edbd
1edc5
1edcd
1edd5
1eddc
1ede2
1ede7
1eded
1edf0
1edf5
1edfd
1edff
1ee04
1ee07
1ee0d
1ee10
1ee16
1ee1f
1ee25
1ee2b
1ee2e
1ee37
1ee3d
1ee43
1ee49
1ee52
1ee5a
1ee60
1ee66
1ee6b
1ee71
1ee74
1ee7d
1ee85
1ee8b
1ee93
1ee9a
1ee9d
1eea4
1eeab
1eeb2
1eeb8
1eebf
1eec3
1eec6
1eecc
1eed3
1eeda
1eee1
1eee8
1eeee
1eef2
1eefa
1eeff
1ef06
1ef0b
1ef14
1ef1a
1ef1f
1ef25
1ef2a
1ef2f
1ef37
1ef3e
1ef43
1ef4a
1ef50
1ef56
1ef5b
1ef61
1ef69
1ef71
1ef79
1ef80
1ef86
1ef8b
1ef8e
1ef94
1ef99
1efa1
1efa3
1efa8
1efab
1efb1
1efba
1efc0
1efc6
1efcc
1efd5
1efdd
1efe3
1efe9
1efef
1eff4
1eff7
1f000
1f008
1f00e
1f016
1f01d
1f020
1f027
1f02e
1f035
1f03b
1f042
1f046
1f049
1f04f
1f056
1f05d
1f064
1f06b
1f071
1f075
1f07d
1f082
1f089
1f08e
1f097
1f09d
1f0a2
1f0a7
1f0ad
1f0b2
1f0ba
1f0c1
1f0c7
1f0cc
1f0d3
1f0d9
1f0df
1f0e4
1f0ec
1f0f4
1f0fc
1f103
1f109
1f10e
1f116
1f11b
1f121
1f124
1f127
1f12d
1f12f
1f134
1f137
1f13d
1f146
1f14c
1f152
1f155
1f158
1f15e
1f167
1f16d
1f173
1f176
1f17f
1f187
1f18f
1f196
1f19c
1f19f
1f1a5
1f1ae
1f1b7
1f1bf
1f1c5
1f1cb
1f1d1
1f1d7
1f1dd
1f1e2
1f1e5
1f1ec
1f1f3
1f1fa
1f201
1f207
1f20b
1f20e
1f214
1f21c
1f221
1f228
1f230
1f236
1f23d
1f242
1f248
1f251
1f257
1f25d
1f265
1f26c
1f274
1f279
1f27f
1f284
1f289
1f28e
1f293
1f29a
1f29f
1f2a5
1f2ad
1f2b3
1f2b6
1f2be
1f2c3
1f2c5
1f2ca
1f2cd
1f2d3
1f2d6
1f2dc
1f2e5
1f2eb
1f2f1
1f2f4
1f2fd
1f305
1f30d
1f314
1f31a
1f31d
1f326
1f32c
1f335
1f33d
1f343
1f349
1f34f
1f355
1f35b
1f360
1f363
1f36a
1f371
1f378
1f37f
1f385
1f389
1f38f
1f392
1f39b
1f3a1
1f3a7
1f3af
1f3b6
1f3be
1f3c3
1f3c9
1f3d1
1f3d6
1f3dd
1f3e5
1f3eb
1f3f2
1f3f7
1f3fd
1f402
1f407
1f40c
1f411
1f418
1f41d
1f423
1f42b
1f42e
1f434
1f439
1f441
1f443
1f448
1f44b
1f451
1f454
1f45a
1f463
1f469
1f46f
1f472
1f47a
1f481
1f48a
1f492
1f498
1f49b
1f4a4
1f4aa
1f4b3
1f4bb
1f4c1
1f4c7
1f4cd
1f4d3
1f4d9
1f4de
1f4e1
1f4e8
1f4ef
1f4f6
1f4fd
1f503
1f507
1f50d
1f510
1f518
1f51d
1f524
1f52c
1f532
1f539
1f53e
1f544
1f54d
1f553
1f559
1f561
1f568
1f570
1f575
1f57b
1f580
1f585
1f58a
1f58f
1f596
1f59b
1f5a1
1f5a9
1f5b1
1f5b6
1f5b9
1f5bf
1f5c1
1f5c6
1f5c9
1f5cf
1f5d2
1f5d8
1f5e1
1f5e7
1f5ed
1f5f0
1f5f9
1f5ff
1f608
1f610
1f616
1f61c
1f622
1f628
1f62e
1f633
1f636
1f63e
1f645
1f64e
1f656
1f65c
1f65f
1f666
1f66d
1f674
1f67b
1f681
1f685
1f68b
1f68e
1f696
1f69b
1f6a2
1f6aa
1f6b0
1f6b7
1f6bc
1f6c2
1f6cb
1f6d1
1f6d7
1f6df
1f6e6
1f6ee
1f6f3
1f6f9
1f6fe
1f703
1f708
1f70d
1f714
1f719
1f71f
1f727
1f72d
1f730
1f738
1f73d
1f73f
1f744
1f747
1f74d
1f750
1f756
1f75f
1f765
1f76b
1f76e
1f777
1f77d
1f786
1f78e
1f794
1f79a
1f7a0
1f7a6
1f7ab
1f7b1
1f7b4
1f7bc
1f7c3
1f7cc
1f7d4
1f7da
1f7dd
1f7e4
1f7eb
1f7f2
1f7f9
1f7ff
1f803
1f809
1f80c
1f814
1f819
1f820
1f828
1f82e
1f835
1f83a
1f840
1f849
1f84f
1f855
1f85d
1f864
1f86c
1f871
1f877
1f87c
1f881
1f886
1f88b
1f892
1f897
1f89d
1f8a5
1f8ab
1f8ae
1f8b6
1f8bb
1f8bd
1f8c2
1f8c5
1f8cb
1f8ce
1f8d4
1f8dd
1f8e6
1f8ee
1f8f4
1f8fa
1f900
1f906
1f90c
1f911
1f91a
1f922
1f92a
1f931
1f937
1f93a
1f941
1f948
1f94f
1f956
1f95c
1f960
1f966
1f969
1f971
1f976
1f97d
1f985
1f98b
1f992
1f997
1f99d
1f9a6
1f9ac
1f9b2
1f9ba
1f9c1
1f9c9
1f9ce
1f9d4
1f9d9
1f9de
1f9e3
1f9e8
1f9ef
1f9f5
1f9fa
1fa02
1fa08
1fa0b
1fa13
1fa18
1fa1b
1fa21
1fa23
1fa28
1fa2b
1fa31
1fa3a
1fa40
1fa46
1fa49
1fa4f
1fa52
1fa5b
1fa61
1fa67
1fa6a
1fa73
1fa7b
1fa83
1fa8a
1fa90
1fa93
1fa96
1fa9f
1faa5
1faae
1fab4
1faba
1fac2
1fac8
1face
1fad4
1fad9
1fae0
1fae7
1faee
1faf5
1fafb
1faff
1fb07
1fb0c
1fb11
1fb19
1fb22
1fb29
1fb2f
1fb34
1fb3b
1fb41
1fb48
1fb4d
1fb53
1fb59
1fb5f
1fb67
1fb6e
1fb76
1fb7b
1fb81
1fb86
1fb8b
1fb90
1fb98
1fb9e
1fba1
1fba9
1fbae
1fbb0
1fbb5
1fbb8
1fbbe
1fbc4
1fbc7
1fbd0
1fbd6
1fbdc
1fbdf
1fbe8
1fbf0
1fbf8
1fbff
1fc05
1fc08
1fc0b
1fc11
1fc1a
1fc23
1fc29
1fc2f
1fc37
1fc3d
1fc43
1fc49
1fc4e
1fc55
1fc5c
1fc63
1fc6a
1fc70
1fc74
1fc7c
1fc81
1fc86
1fc8f
1fc97
1fc9e
1fca4
1fcaa
1fcb0
1fcb8
1fcbf
1fcc7
1fccc
1fcd2
1fcd7
1fcde
1fce4
1fceb
1fcf0
1fcf6
1fcfb
1fd00
1fd05
1fd0d
1fd13
1fd16
1fd1e
1fd23
1fd25
1fd2a
1fd30
1fd33
1fd36
1fd3c
1fd45
1fd4b
1fd51
1fd54
1fd5d
1fd65
1fd6d
1fd74
1fd7a
1fd7d
1fd86
1fd8c
1fd95
1fd9b
1fda1
1fda9
1fdaf
1fdb5
1fdbb
1fdc0
1fdc3
1fdca
1fdd1
1fdd8
1fddf
1fde5
1fde9
1fdf1
1fdfa
1fe01
1fe07
1fe0f
1fe14
1fe19
1fe1e
1fe25
1fe2b
1fe32
1fe37
1fe3d
1fe43
1fe49
1fe51
1fe58
1fe60
1fe65
1fe6b
1fe70
1fe75
1fe7a
1fe82
1fe8a
1fe8f
1fe95
1fe98
1fe9a
1fe9f
1fea2
1fea8
1feab
1feb1
1feba
1fec0
1fec6
1fec9
1fecc
1fed5
1fedb
1fee4
1feea
1fef0
1fef8
1fefe
1ff04
1ff0a
1ff0f
1ff18
1ff20
1ff28
1ff2f
1ff35
1ff38
1ff3f
1ff46
1ff4d
1ff54
1ff5a
1ff5e
1ff66
1ff6b
1ff70
1ff78
1ff81
1ff88
1ff8e
1ff93
1ff9a
1ffa0
1ffa7
1ffac
1ffb2
1ffb8
1ffbe
1ffc6
1ffcd
1ffd5
1ffda
1ffe0
1ffe5
1ffea
1ffef
1fff7
1fffd
20000
20008
2000d
2000f
20014
20017
2001d
20020
20026
2002f
20035
2003b
2003e
20044
2004d
20056
2005c
20062
2006a
20070
20076
2007c
20081
20084
2008d
20095
2009d
200a4
200aa
200ad
200b4
200bb
200c2
200c9
200cf
200d3
200db
200e0
200e5
200ed
200f6
200fd
20103
20108
2010f
20115
2011c
20121
20127
2012d
20133
2013b
20142
2014a
2014f
20155
2015a
2015f
20164
2016c
20172
20175
2017d
20182
20184
20189
2018c
20192
20195
2019e
201a4
201ad
201b3
201b9
201c1
201c7
201cd
201d3
201d8
201e1
201e9
201f1
201f8
201fe
20201
20208
2020f
20216
2021d
20223
20227
2022f
20234
20239
20241
2024a
20251
20257
2025c
20263
20269
20270
20275
2027b
20281
20287
2028f
20296
2029e
202a3
202a9
202ae
202b3
202b8
202c0
202c6
202c9
202d1
202d6
202dc
202df
202e1
202e6
202e9
202ef
202f8
202fe
20304
20307
2030a
20310
20319
2031f
20325
20328
20331
20339
2033f
20347
2034e
20351
2035a
20360
20369
20371
20377
2037d
20383
20389
2038f
20394
20397
2039e
203a5
203ac
203b3
203b9
203bd
203c5
203ca
203d1
203d6
203df
203e5
203ed
203f5
203fa
20402
20409
2040e
20414
2041b
20420
20426
2042c
20432
20439
20441
20446
2044c
20451
20456
2045c
2045f
20467
2046c
2046e
20473
20476
2047c
2047f
20485
2048e
20494
2049a
2049d
204a6
204ae
204b4
204bc
204c3
204c6
204c9
204d2
204d8
204e1
204e9
204ef
204f5
204fb
20501
20507
2050c
20513
2051a
20521
20528
2052e
20532
2053a
2053f
20546
2054b
20554
2055a
20562
2056a
2056f
20577
2057e
20584
2058a
20591
20599
2059e
205a4
205a9
205af
205b6
205bb
205c1
205c6
205cb
205d1
205d4
205d9
205e1
205e3
205e8
205eb
205f1
205f4
205fa
20603
20609
2060f
20612
2061b
20623
20629
20631
20638
2063b
20641
2064a
20653
2065b
20661
20667
2066d
20673
20679
2067e
20681
20688
2068f
20696
2069d
206a3
206a7
206af
206b4
206bb
206c0
206c9
206cf
206d7
206df
206e7
206ee
206f3
206f8
206fe
20705
2070a
20710
20716
2071c
20723
2072b
20730
20736
2073b
20740
20745
2074d
20750
20756
20758
2075d
20760
20766
20769
2076f
20778
2077e
20784
20787
20790
20796
2079f
207a7
207ad
207b3
207b9
207bf
207c5
207ca
207cd
207d6
207de
207e4
207ec
207f3
207f6
207fd
20804
2080b
20812
20818
2081c
20824
20829
20830
20835
2083e
20844
2084c
20854
20859
20861
20868
2086d
20873
2087a
2087f
20885
2088b
20891
20898
208a0
208a5
208ab
208b0
208b5
208bb
208be
208c6
208cb
208cd
208d2
208d5
208db
208e1
208e4
208ed
208f3
208f9
208fc
20905
2090b
20914
2091c
20922
20928
2092e
20934
2093a
2093f
20942
2094b
20953
20959
20961
20968
2096b
20972
20979
20980
20987
2098d
20991
20999
209a1
209a9
209ae
209b5
209ba
209c3
209c9
209ce
209d6
209dd
209e2
209e8
209ef
209f4
209fa
20a00
20a06
20a0d
20a15
20a1a
20a20
20a25
20a2a
20a30
20a33
20a3b
20a40
20a42
20a47
20a4d
20a50
20a59
20a5f
20a68
20a70
20a76
20a7c
20a82
20a88
20a8e
20a93
20a96
20a9f
20aa7
20aad
20ab5
20abc
20abf
20ac6
20acd
20ad4
20adb
20ae1
20ae5
20aee
20af4
20afc
20b04
20b0c
20b11
20b18
20b1d
20b22
20b2a
20b31
20b36
20b3c
20b43
20b48
20b4e
20b54
20b5a
20b61
20b69
20b6e
20b74
20b79
20b7e
20b84
20b87
20b8f
20b94
20b97
20b9d
20b9f
20ba4
20ba7
20bad
20bb6
20bbc
20bc2
20bc5
20bc8
20bce
20bd7
20bdd
20be3
20be6
20bee
20bf5
20bfe
20c06
20c0c
20c0f
20c12
20c18
20c21
20c2a
20c32
20c38
20c3e
20c44
20c4a
20c50
20c55
20c5c
20c63
20c6a
20c71
20c77
20c7b
20c83
20c88
20c8f
20c97
20c9d
20ca4
20ca9
20caf
20cb8
20cbe
20cc3
20ccb
20cd3
20cd8
20cdf
20ce4
20cea
20cf0
20cf7
20cff
20d04
20d0a
20d0f
20d14
20d17
20d1d
20d22
20d2a
20d2c
20d31
20d34
20d3a
20d3d
20d43
20d4c
20d52
20d58
20d5b
20d63
20d6a
20d73
20d7b
20d81
20d84
20d87
20d8d
20d96
20d9f
20da7
20dad
20db3
20db9
20dbf
20dc5
20dca
20dd1
20dd8
20ddf
20de6
20dec
20df0
20df8
20dfd
20e04
20e0c
20e12
20e19
20e1e
20e24
20e2d
20e33
20e38
20e40
20e48
20e4d
20e54
20e5a
20e60
20e67
20e6f
20e74
20e7a
20e7f
20e84
20e89
20e8f
20e92
20e9a
20e9f
20ea1
20ea6
20ea9
20eaf
20eb2
20eb8
20ec1
20ec7
20ecd
20ed0
20ed8
20edf
20ee8
20ef0
20ef6
20ef9
20eff
20f08
20f11
20f19
20f1f
20f25
20f2b
20f31
20f37
20f3c
20f3f
20f46
20f4d
20f54
20f5b
20f61
20f65
20f6d
20f72
20f79
20f81
20f87
20f8e
20f93
20f99
20fa2
20fa8
20fad
20fb5
20fbd
20fc4
20fc9
20fce
20fd4
20fda
20fe1
20fe9
20fee
20ff4
20ff9
20ffe
21006
2100b
2100e
21014
21016
2101b
2101e
21024
21027
2102d
21036
2103c
21042
21045
21048
21051
21057
21060
21068
2106e
21074
2107a
21080
21086
2108b
21094
2109c
210a4
210ab
210b1
210b4
210bb
210c2
210c9
210d0
210d6
210da
210e2
210e7
210ee
210f6
210fc
21103
21108
2110e
21117
2111d
21122
2112a
21132
21137
2113e
21143
21149
2114f
21156
2115e
21163
21169
2116e
21173
21176
2117c
21181
21189
2118b
21190
21193
21199
2119c
211a2
211ab
211b1
211b7
211ba
211c0
211c9
211d2
211da
211e0
211e6
211ec
211f2
211f8
211fd
21200
21209
21211
21219
21220
21226
21229
21230
21237
2123e
21245
2124b
2124f
21257
2125c
21263
2126b
21271
21278
2127d
21283
2128c
21292
2129a
212a2
212a7
212ac
212b3
212b8
212be
212c4
212cb
212d3
212d8
212de
212e3
212e8
212eb
212f1
212f9
212fe
21300
21305
21308
2130e
21311
2131a
21320
21329
21331
21337
2133d
21343
21349
2134f
21354
2135d
21365
2136d
21374
2137a
2137d
21384
2138b
21392
21399
2139f
213a3
213ac
213b2
213ba
213bf
213c6
213ce
213d4
213db
213e0
213e6
213ee
213f6
213fb
21400
21407
2140c
21412
21418
2141f
21427
2142c
21432
21437
2143c
21442
21445
2144d
21452
21455
2145b
2145d
21462
21465
2146b
21474
2147a
21480
21483
21486
2148c
21495
2149b
214a1
214a4
214ad
214b5
214bd
214c4
214ca
214cd
214d3
214dc
214e5
214ed
214f3
214f9
214ff
21505
2150b
21510
21513
2151a
21521
21528
2152f
21535
21539
21541
21548
21550
21555
2155c
21562
21569
2156e
21574
2157d
21583
21588
21590
21598
2159d
215a2
215a8
215ae
215b5
215bd
215c2
215c8
215cd
215d2
215d8
215db
215e3
215e8
215ea
215ef
215f2
215f8
215fb
21601
2160a
21610
21616
21619
21622
2162a
21632
21639
2163f
21642
2164b
21651
2165a
21662
21668
2166e
21674
2167a
21680
21685
21688
2168f
21696
2169d
216a4
216aa
216ae
216b6
216bd
216c5
216ca
216d1
216d7
216de
216e3
216e9
216f2
216f8
216fd
21705
2170d
21712
21718
2171e
21725
2172d
21732
21738
2173d
21742
21747
2174d
21750
21758
2175d
2175f
21764
21767
2176d
21770
21776
2177f
21785
2178b
2178e
21797
2179f
217a7
217ae
217b4
217b7
217c0
217c6
217cf
217d7
217dd
217e3
217e9
217ef
217f5
217fa
217fd
21804
2180b
21812
21819
2181f
21823
2182b
21832
2183a
2183f
21846
2184c
21853
21858
2185e
21867
2186d
21872
2187a
21882
21887
2188c
21892
21898
2189f
218a7
218ac
218b2
218b7
218bc
218c4
218c9
218cf
218d2
218d4
218d9
218dc
218e2
218e5
218eb
218f4
218fa
21900
21903
2190c
21912
2191b
21923
21929
2192f
21935
2193b
21941
21946
21949
21952
2195a
21962
21969
2196f
21972
21979
21980
21987
2198e
21994
21998
219a0
219a7
219af
219b4
219bb
219c1
219c8
219cd
219d3
219dc
219e2
219e7
219ef
219f7
219fc
21a01
21a07
21a0d
21a14
21a1c
21a21
21a27
21a2c
21a31
21a37
21a3a
21a42
21a47
21a49
21a4e
21a51
21a57
21a5a
21a60
21a69
21a6f
21a75
21a78
21a81
21a87
21a90
21a98
21a9e
21aa4
21aaa
21ab0
21ab6
21abb
21abe
21ac7
21acf
21ad7
21ade
21ae4
21ae7
21aee
21af5
21afc
21b03
21b09
21b0d
21b15
21b1c
21b24
21b29
21b30
21b36
21b3d
21b42
21b48
21b51
21b57
21b5f
21b67
21b6c
21b71
21b76
21b7c
21b82
21b89
21b91
21b96
21b9c
21ba1
21ba6
21ba9
21baf
21bb4
21bbc
21bbe
21bc3
21bc6
21bcc
21bcf
21bd8
21bde
21be7
21bef
21bf5
21bfb
21c01
21c07
21c0d
21c12
21c1b
21c23
21c2b
21c32
21c38
21c3b
21c42
21c49
21c50
21c57
21c5d
21c61
21c69
21c70
21c79
21c7f
21c87
21c8c
21c93
21c99
21ca0
21ca5
21cab
21cb3
21cbb
21cc0
21cc5
21cca
21cd0
21cd6
21cdd
21ce5
21cea
21cf0
21cf5
21cfa
21d00
21d03
21d0b
21d10
21d13
21d19
21d1b
21d20
21d23
21d29
21d32
21d38
21d3e
21d41
21d44
21d4a
21d53
21d59
21d5f
21d62
21d6b
21d73
21d7b
21d82
21d88
21d8b
21d94
21d9c
21da2
21da8
21dae
21db4
21dba
21dbf
21dc2
21dc9
21dd0
21dd7
21dde
21de4
21de8
21df0
21df7
21dff
21e04
21e0b
21e11
21e18
21e1d
21e23
21e2c
21e32
21e37
21e3f
21e47
21e4c
21e51
21e57
21e5d
21e64
21e6c
21e71
21e77
21e7c
21e81
21e84
21e8a
21e8f
21e97
21e99
21e9e
21ea1
21ea7
21eaa
21eb0
21eb9
21ebf
21ec5
21ec8
21ed1
21ed9
21ee1
21ee8
21eee
21ef1
21efa
21f02
21f08
21f0e
21f14
21f1a
21f20
21f25
21f28
21f2f
21f36
21f3d
21f44
21f4a
21f4e
21f56
21f5d
21f65
21f6a
21f71
21f77
21f7e
21f83
21f89
21f92
21f98
21f9d
21fa5
21fad
21fb2
21fb8
21fbe
21fc5
21fcd
21fd2
21fd8
21fdd
21fe2
21fe7
21fed
21ff0
21ff8
21ffd
21fff
22004
22007
2200d
22010
22016
2201f
22025
2202b
2202e
22037
2203f
22047
2204e
22054
22057
22060
22068
2206e
22074
2207a
22080
22086
2208b
2208e
22095
2209c
220a3
220aa
220b0
220b4
220bc
220c3
220cb
220d0
220d7
220dd
220e4
220e9
220ef
220f8
220fe
22103
2210b
22113
22118
2211d
22123
22129
22130
22138
2213d
22143
22148
2214d
22152
2215a
2215d
22163
22165
2216a
2216d
22173
22176
2217c
22185
2218b
22191
22194
2219d
221a5
221ab
221b1
221b7
221bd
221c3
221c8
221cb
221d4
221dc
221e4
221eb
221f1
221f4
221fb
22202
22209
22210
22216
2221a
22222
22229
22231
22236
2223d
22243
2224a
2224f
22255
2225e
22264
22269
22271
22279
2227e
22283
22289
2228f
22296
2229e
222a3
222a9
222ae
222b3
222b6
222bc
222c1
222c9
222cb
222d0
222d3
222d9
222dc
222e2
222eb
222f1
222f7
222fa
22303
2230b
22311
22317
2231d
22323
22329
2232e
22331
2233a
22342
2234a
22351
22357
2235a
22361
22368
2236f
22376
2237c
22380
22388
2238f
22397
2239c
223a3
223a9
223b0
223b5
223bb
223c4
223ca
223d2
223da
223df
223e4
223e9
223ef
223f5
223fc
22404
22409
2240f
22414
22419
2241c
22422
22427
2242f
22431
22436
22439
2243f
22448
22450
22456
2245c
22462
22468
2246e
22473
22476
2247f
22487
2248f
22496
2249c
2249f
224a6
224ad
224b4
224bb
224c1
224c5
224cd
224d4
224dd
224e3
224eb
224f0
224f7
224fd
22504
22509
2250f
22517
2251f
22524
22529
2252e
22534
2253a
22541
22549
2254e
22554
22559
2255e
22564
22567
2256f
22574
22577
2257d
2257f
22584
22587
2258d
22596
2259c
225a2
225a5
225a8
225ae
225b7
225bd
225c3
225c6
225cf
225d7
225df
225e6
225ec
225ef
225f8
22600
22606
2260c
22612
22618
2261e
22623
22626
2262d
22634
2263b
22642
22648
2264c
22654
2265b
22663
22668
2266f
22675
2267c
22681
22687
22690
22696
2269b
226a3
226ab
226b0
226b5
226bb
226c1
226c8
226d0
226d5
226db
226e0
226e5
226eb
226ee
226f6
226fb
226fd
22702
22705
2270b
2270e
22714
2271d
22723
22729
2272c
22735
2273d
22745
2274c
22752
22755
2275e
22766
2276c
22772
22778
2277e
22784
22789
2278c
22793
2279a
227a1
227a8
227ae
227b2
227ba
227c1
227c9
227ce
227d5
227db
227e2
227e7
227ed
227f6
227fc
22801
22809
22811
22816
2281c
22822
22829
22831
22836
2283c
22841
22846
2284b
22851
22854
2285c
22861
22863
22868
2286b
22871
22874
2287a
22883
22889
2288f
22892
2289b
228a3
228ab
228b2
228b8
228bb
228c4
228cc
228d2
228d8
228de
228e4
228ea
228ef
228f2
228f9
22900
22907
2290e
22914
22918
22920
22927
2292f
22934
2293b
22941
22948
2294d
22953
2295c
22962
22967
2296f
22977
2297c
22981
22987
2298d
22994
2299c
229a1
229a7
229ac
229b1
229b6
229be
229c1
229c7
229c9
229ce
229d1
229d7
229da
229e0
229e9
229ef
229f5
229f8
22a01
22a09
22a0f
22a15
22a1b
22a21
22a27
22a2c
22a2f
22a38
22a40
22a48
22a4f
22a55
22a58
22a5f
22a66
22a6d
22a74
22a7a
22a7e
22a86
22a8d
22a95
22a9a
22aa1
22aa7
22aae
22ab3
22ab9
22ac2
22ac8
22acd
22ad5
22add
22ae2
22ae7
22aed
22af3
22afa
22b02
22b07
22b0d
22b12
22b17
22b1d
22b20
22b28
22b2d
22b2f
22b34
22b37
22b3d
22b40
22b46
22b4f
22b55
22b5b
22b5e
22b61
22b6a
22b72
22b78
22b7e
22b84
22b8a
22b90
22b95
22b9e
22ba6
22bae
22bb5
22bbb
22bbe
22bc5
22bcc
22bd3
22bda
22be0
22be4
22bec
22bf3
22bfb
22c00
22c07
22c0d
22c14
22c19
22c1f
22c28
22c2e
22c36
22c3e
22c43
22c48
22c4d
22c53
22c59
22c60
22c68
22c6d
22c73
22c78
22c7d
22c83
22c86
22c8e
22c93
22c95
22c9a
22c9d
22ca3
22ca6
22caf
22cb7
22cbd
22cc3
22cc9
22ccf
22cd5
22cda
22ce3
22ceb
22cf3
22cfa
22d00
22d03
22d0a
22d11
22d18
22d1f
22d25
22d29
22d31
22d38
22d41
22d47
22d4f
22d54
22d5b
22d61
22d68
22d6d
22d73
22d7b
22d83
22d88
22d8d
22d92
22d98
22d9e
22da5
22dad
22db2
22db8
22dbd
22dc2
22dc8
22dcb
22dd3
22dd8
22ddb
22de1
22de3
22de8
22df1
22df7
22dfd
22e00
22e09
22e0f
22e15
22e18
22e21
22e29
22e31
22e38
22e3e
22e41
22e4a
22e52
22e58
22e5e
22e64
22e6a
22e70
22e75
22e78
22e7f
22e86
22e8d
22e94
22e9a
22e9e
22ea6
22ead
22eb5
22eba
22ec1
22ec7
22ece
22ed3
22ed9
22ee2
22ee8
22eed
22ef5
22efd
22f02
22f07
22f0d
22f13
22f18
22f1e
22f25
22f2d
22f32
22f37
22f3a
22f40
22f46
22f49
22f51
22f56
22f58
22f5d
22f66
22f6c
22f72
22f75
22f7e
22f86
22f8e
22f95
22f9b
22f9e
22fa1
22faa
22fb2
22fb8
22fbe
22fc4
22fca
22fd0
22fd5
22fdc
22fe3
22fea
22ff1
22ff7
22ffb
23003
2300a
23012
23017
2301e
23024
2302b
23030
23036
2303f
23045
2304a
23052
2305a
2305f
23065
2306b
23070
23076
2307d
23085
2308a
2308f
23094
2309a
2309d
230a3
230a6
230ae
230b3
230b5
230ba
230c3
230c9
230cf
230d2
230db
230e3
230eb
230f2
230f8
230fb
23104
2310c
23112
23118
2311e
23124
2312a
2312f
23132
23139
23140
23147
2314e
23154
23158
23160
23167
2316f
23174
2317b
23181
23188
2318d
23193
2319c
231a2
231a7
231af
231b7
231bc
231c1
231c7
231cd
231d2
231d8
231df
231e7
231ec
231f1
231f7
231fa
23202
23207
2320d
23210
23212
23217
23220
23226
2322c
2322f
23238
23240
23246
2324c
23252
23258
2325e
23263
23266
2326f
23277
2327f
23286
2328c
2328f
23296
2329d
232a4
232ab
232b1
232b5
232bd
232c4
232cc
232d1
232d8
232de
232e5
232ea
232f0
232f9
232ff
23304
2330c
23314
23319
2331e
23324
2332a
2332f
23335
2333c
23344
23349
2334e
23351
23357
2335d
23360
23368
2336d
2336f
23374
2337d
23383
23389
2338c
23395
2339d
233a3
233a9
233af
233b5
233bb
233c0
233c3
233cc
233d4
233dc
233e3
233e9
233ec
233f3
233fa
23401
23408
2340e
23412
2341a
23421
23429
2342e
23435
2343b
23442
23447
2344d
23456
2345c
23464
2346c
23471
23476
2347b
23481
23487
2348c
23492
23499
234a1
234a6
234ab
234ae
234b4
234ba
234bd
234c5
234ca
234cc
234d1
234da
234e2
234e8
234ee
234f4
234fa
23500
23505
23508
23511
23519
23521
23528
2352e
23531
23538
2353f
23546
2354d
23553
23557
2355f
23566
2356f
23575
2357d
23582
23589
2358f
23596
2359b
235a1
235a9
235b1
235b6
235bb
235c0
235c6
235cc
235d1
235d7
235de
235e6
235eb
235f0
235f3
235f9
235ff
23602
2360a
2360f
23611
23616
2361f
23625
2362b
2362e
23637
2363d
23643
23646
2364f
23657
2365f
23666
2366c
2366f
23677
2367e
23686
2368b
23692
23698
2369f
236a4
236aa
236b3
236b9
236be
236c6
236ce
236d3
236d8
236de
236e4
236eb
236f3
236f8
236fe
23703
23708
23710
23715
23718
2371e
23724
23727
23729
2372e
23737
2373d
23743
23746
2374f
23757
2375f
23766
2376c
2376f
23777
2377e
23786
2378b
23792
23798
2379f
237a4
237aa
237b3
237b9
237be
237c6
237ce
237d3
237d9
237df
237e6
237ee
237f3
237f9
237fe
23803
23808
23810
23815
23818
2381e
23821
23827
23829
2382e
23837
2383d
23843
23846
2384f
23857
2385f
23866
2386c
2386f
23877
2387e
23886
2388b
23892
23898
2389f
238a4
238aa
238b3
238b9
238be
238c6
238ce
238d3
238d8
238de
238e4
238eb
238f3
238f8
238fe
23903
23908
23910
23915
2391b
2391e
23921
23927
23929
2392e
23937
2393d
23943
23946
2394f
23957
2395f
23966
2396c
2396f
23977
2397e
23986
2398b
23992
23998
2399f
239a4
239aa
239b3
239b9
239be
239c6
239ce
239d3
239d8
239de
239e4
239eb
239f3
239f8
239fe
23a03
23a08
23a10
23a15
23a1b
23a1e
23a24
23a27
23a29
23a2e
23a37
23a3d
23a43
23a46
23a4f
23a57
23a5f
23a66
23a6c
23a6f
23a77
23a7e
23a86
23a8b
23a92
23a98
23a9f
23aa4
23aaa
23ab3
23ab9
23ac1
23ac9
23ace
23ad3
23ad8
23ade
23ae4
23aeb
23af3
23af8
23afe
23b03
23b08
23b10
23b15
23b18
23b1e
23b24
23b27
23b29
23b2e
23b37
23b3f
23b47
23b4e
23b54
23b57
23b5f
23b66
23b6f
23b75
23b7d
23b82
23b89
23b8f
23b96
23b9b
23ba1
23ba9
23bb1
23bb6
23bbb
23bc0
23bc6
23bcc
23bd3
23bdb
23be0
23be6
23beb
23bf0
23bf8
23bfd
23c00
23c06
23c0c
23c0f
23c11
23c16
23c1f
23c25
23c2b
23c2e
23c37
23c3d
23c43
23c46
23c4e
23c55
23c5d
23c62
23c69
23c6f
23c76
23c7b
23c81
23c8a
23c90
23c95
23c9d
23ca5
23caa
23caf
23cb5
23cbb
23cc2
23cca
23ccf
23cd5
23cda
23cdf
23ce7
23cec
23cf2
23cf5
23cfb
23cfe
23d00
23d05
23d0e
23d14
23d1a
23d1d
23d25
23d2c
23d34
23d39
23d40
23d46
23d4d
23d52
23d58
23d61
23d67
23d6c
23d74
23d7c
23d81
23d87
23d8d
23d94
23d9c
23da1
23da7
23dac
23db1
23db6
23dbe
23dc3
23dc6
23dcc
23dd2
23dd5
23dd7
23ddc
23de5
23deb
23df1
23df4
23dfc
23e03
23e0b
23e10
23e17
23e1d
23e24
23e29
23e2f
23e38
23e3e
23e43
23e4b
23e53
23e58
23e5d
23e63
23e69
23e70
23e78
23e7d
23e83
23e88
23e8d
23e95
23e9a
23ea0
23ea3
23ea9
23eac
23eae
23eb3
23ebc
23ec2
23ec8
23ecb
23ed3
23eda
23ee2
23ee7
23eee
23ef4
23efb
23f00
23f06
23f0f
23f15
23f1a
23f22
23f2a
23f2f
23f34
23f3a
23f40
23f47
23f4f
23f54
23f5a
23f5f
23f64
23f6c
23f71
23f77
23f7a
23f80
23f83
23f85
23f8a
23f93
23f99
23f9f
23fa2
23faa
23fb1
23fb9
23fbe
23fc5
23fcb
23fd2
23fd7
23fdd
23fe6
23fec
23ff4
23ffc
24001
24006
2400b
24011
24017
2401e
24026
2402b
24031
24036
2403b
24043
24048
2404e
24051
24054
2405a
2405c
24061
24069
24070
24079
2407f
24087
2408c
24093
24099
240a0
240a5
240ab
240b3
240bb
240c0
240c5
240ca
240d0
240d6
240dd
240e5
240ea
240f0
240f5
240fa
24102
24107
2410d
24110
24116
24119
2411b
24120
24123
24126
24129
2412f
24135
2413a
2413f
24145
2414b
24151
24154
24157
2415c
2415f
24168
2416e
24174
2417b
2417e
24182
24188
2418d
24196
2419c
241a3
241a9
241ac
241b0
241b3
241b6
241be
241c7
241d0
241d5
241db
241e0
241e6
241e8
241eb
241ee
241f1
241f4
241fa
24200
24205
2420a
24210
24216
2421c
2421f
24222
24227
2422a
24233
24239
2423f
24246
24249
2424d
24253
24258
24261
24267
2426e
24274
24277
2427b
2427e
24281
24289
24292
2429b
242a0
242a6
242ab
242b1
242b3
242b6
242b9
242bc
242bf
242c5
242cb
242d0
242d5
242db
242e1
242e7
242ea
242ef
242f2
242f5
242fe
24304
2430a
24311
24314
24318
2431e
24323
2432c
24332
24339
2433f
24342
24346
24349
2434c
24354
2435d
24366
2436b
24371
24376
2437c
2437e
24381
24384
24387
2438d
24393
24396
24399
2439f
243a5
243aa
243af
243b5
243b8
243bd
243c0
243c9
243cf
243d5
243dc
243df
243e3
243e9
243ee
243f7
243fd
24404
2440a
2440d
24411
24414
24417
2441f
24428
24431
24436
2443c
24441
24447
24449
2444c
2444f
24452
24458
2445e
24461
24464
2446a
24470
24475
2447a
24480
24483
24488
2448b
24494
2449a
244a0
244a7
244aa
244ae
244b4
244b9
244c2
244c8
244cf
244d5
244d8
244dc
244df
244e2
244ea
244f3
244fc
24501
24507
2450c
24512
24514
24517
2451a
24520
24526
2452c
2452f
24532
24538
2453e
24543
24548
2454b
24550
24553
2455c
24562
24568
2456f
24572
24576
2457c
24581
2458a
24590
24597
2459d
245a0
245a4
245a7
245aa
245b2
245bb
245c4
245ca
245cf
245d4
245da
245dd
245df
245e2
245e5
245e8
245eb
245f1
245f6
245fb
245fe
24601
2460a
24610
24616
2461d
24620
24624
2462d
24633
24639
24640
24643
24647
2464a
24653
24659
24661
2466a
2466f
24675
2467a
2467c
2467f
24682
24685
24688
2468e
24693
24698
2469b
2469e
246a7
246ad
246b3
246ba
246bd
246c1
246ca
246d0
246d6
246dd
246e0
246e4
246e7
246f0
246f6
246fe
24707
2470c
24712
24717
24719
2471c
2471f
24722
24725
2472b
24730
24735
24738
2473b
24744
2474a
24750
24757
2475a
2475e
24767
2476d
24773
2477a
2477d
24781
24784
2478d
24793
2479b
247a4
247a9
247af
247b4
247b6
247b9
247bc
247bf
247c2
247c8
247cd
247d2
247d5
247d8
247e1
247e7
247ed
247f4
247f7
247fb
24804
2480a
24810
24817
2481a
2481e
24821
2482a
24830
24838
24841
24846
2484c
24851
24853
24856
24859
2485c
2485f
24865
2486a
2486f
24872
24875
2487e
24884
2488a
24891
24894
24898
248a1
248a7
248ad
248b4
248b7
248bb
248be
248c7
248cd
248d5
248de
248e3
248e9
248ee
248f0
248f3
248f6
248f9
248ff
24904
24909
2490c
2490f
24918
2491e
24924
2492b
2492e
24932
2493b
24941
24947
2494e
24951
24955
24958
24961
24967
2496f
24978
2497e
24983
24988
2498b
2498d
24990
24993
24996
24999
2499f
249a4
249a7
249aa
249b3
249b9
249bf
249c6
249c9
249cd
249d6
249dc
249e2
249e9
249ec
249f0
249f9
249ff
24a07
24a10
24a15
24a1b
24a20
24a22
24a25
24a28
24a2b
24a2e
24a34
24a39
24a3c
24a3f
24a48
24a4e
24a54
24a5b
24a5e
24a62
24a6b
24a71
24a77
24a7e
24a81
24a85
24a8e
24a94
24a9c
24aa5
24aaa
24ab0
24ab5
24ab7
24aba
24abd
24ac0
24ac3
24ac9
24ace
24ad1
24ad4
24add
24ae3
24ae9
24af0
24af3
24af7
24b00
24b06
24b0c
24b13
24b16
24b1a
24b23
24b29
24b31
24b3a
24b3f
24b45
24b4a
24b4c
24b4f
24b52
24b55
24b58
24b5e
24b63
24b66
24b69
24b72
24b78
24b7e
24b85
24b88
24b8c
24b95
24b9b
24ba1
24ba8
24bab
24baf
24bb8
24bbe
24bc6
24bcf
24bd4
24bda
24bdf
24be1
24be4
24be7
24bea
24bed
24bf3
24bf8
24bfb
24bfe
24c07
24c0d
24c13
24c1a
24c1d
24c21
24c2a
24c30
24c36
24c3d
24c40
24c44
24c4d
24c53
24c5b
24c64
24c69
24c6f
24c74
24c76
24c79
24c7c
24c7f
24c85
24c8a
24c8d
24c90
24c99
24c9f
24ca5
24cac
24caf
24cb3
24cbc
24cc2
24cc8
24ccf
24cd2
24cd6
24cdf
24ce5
24ced
24cf6
24cfc
24d01
24d06
24d09
24d0b
24d0e
24d11
24d17
24d1c
24d1f
24d22
24d2b
24d31
24d37
24d3e
24d41
24d45
24d4e
24d54
24d5c
24d65
24d6b
24d70
24d75
24d78
24d7a
24d7d
24d80
24d86
24d8b
24d8e
24d91
24d9a
24da0
24da6
24dad
24db0
24db4
24dbd
24dc3
24dcb
24dd4
24dda
24ddf
24de4
24de7
24de9
24dec
24def
24df5
24dfa
24dfd
24e00
24e09
24e0f
24e15
24e1c
24e1f
24e23
24e2c
24e32
24e3a
24e43
24e49
24e4e
24e53
24e56
24e58
24e5b
24e5e
24e64
24e69
24e6c
24e6f
24e78
24e7e
24e84
24e8b
24e8e
24e92
24e9b
24ea1
24ea9
24eb2
24eb8
24ebd
24ec2
24ec5
24ec7
24eca
24ecd
24ed3
24ed8
24edb
24ede
24ee7
24eed
24ef3
24efa
24efd
24f01
24f0a
24f10
24f18
24f21
24f27
24f2c
24f31
24f34
24f36
24f39
24f3c
24f42
24f47
24f4a
24f4d
24f56
24f5c
24f62
24f69
24f6c
24f70
24f79
24f7f
24f87
24f90
24f96
24f9b
24fa0
24fa3
24fa5
24fa8
24fab
24fb1
24fb6
24fb9
24fbc
24fc5
24fcb
24fd1
24fd8
24fdb
24fdf
24fe8
24fee
24ff6
24fff
25005
2500a
2500f
25012
25014
25017
2501a
25020
25025
25028
2502b
25034
2503a
25040
25047
2504a
2504e
25057
2505d
25065
2506e
25074
25079
2507e
25081
25083
25086
25089
2508f
25094
25097
2509a
250a3
250a9
250af
250b6
250b9
250bd
250c6
250cc
250d4
250dd
250e3
250e8
250ed
250f0
250f2
250f5
250f8
250fe
25103
25106
25109
25112
25118
2511e
25125
25128
2512c
25135
2513b
25143
2514c
25152
25157
2515c
2515f
25161
25164
25167
2516d
25172
25175
25178
25181
25187
2518d
25194
25197
2519b
251a4
251aa
251b2
251bb
251c1
251c6
251cb
251ce
251d0
251d3
251d6
251dc
251e1
251e4
251e7
251f0
251f6
251fc
25203
25206
2520a
25213
25219
25221
2522a
25230
25235
2523a
2523d
2523f
25242
25245
2524b
25250
25253
25256
2525f
25265
2526b
25272
25275
25279
25282
25288
25290
25299
2529f
252a4
252a9
252ac
252ae
252b1
252b4
252ba
252bf
252c2
252c5
252ce
252d4
252da
252e1
252e4
252e8
252f1
252f7
252ff
25308
2530e
25313
25318
2531b
2531d
25320
25323
25329
2532e
25331
25334
2533d
25343
25349
25350
25353
25357
25360
25366
2536e
25377
2537d
25382
25387
2538a
2538c
2538f
25392
25398
2539d
253a0
253a3
253ac
253b2
253b8
253bf
253c2
253c6
253cf
253d5
253dd
253e6
253ec
253f1
253f6
253f9
253fb
253fe
25401
25407
2540c
2540f
25412
2541b
25421
25427
2542e
25431
25435
2543e
25444
2544c
25455
2545b
25460
25465
25468
2546a
2546d
25470
25476
2547b
2547e
25481
2548a
25490
25496
2549d
254a0
254a4
254ad
254b3
254bb
254c4
254ca
254cf
254d4
254d7
254d9
254dc
254df
254e5
254ea
254ed
254f0
254f9
254ff
25505
2550c
2550f
25513
2551c
25522
2552a
25533
25539
2553e
25543
25546
25548
2554b
2554e
25554
25559
2555c
2555f
25568
2556e
25574
2557b
2557e
25582
2558b
25591
25599
255a2
255a8
255ad
255b2
255b5
255b7
255ba
255bd
255c3
255c8
255cb
255ce
255d7
255dd
255e3
255ea
255ed
255f1
255fa
25600
25608
25611
25617
2561c
25621
25624
25626
25629
2562c
25632
25637
2563a
2563d
25646
2564c
25652
25659
2565c
25660
25669
2566f
25677
25680
25686
2568b
25690
25693
25695
25698
2569b
256a1
256a6
256a9
256ac
256b5
256bb
256c1
256c8
256cb
256cf
256d8
256de
256e6
256ef
256f5
256fa
256ff
25702
25704
25707
2570a
25710
25715
25718
2571b
25724
2572a
25730
25737
2573a
2573e
25747
2574d
25755
2575e
25764
25769
2576e
25771
25773
25776
25779
2577e
25781
25784
2578d
25794
2579a
257a0
257a4
257a7
257af
257b8
257bd
257c6
257cc
257d2
257d7
257da
257dc
257df
257e2
257e7
257ea
257ed
257f6
257fd
25803
25809
2580d
25810
25818
25821
25826
2582f
25835
2583b
25840
25843
25845
25848
2584b
25850
25853
25856
2585f
25866
2586c
25872
25876
25879
25881
2588a
2588f
25898
2589e
258a4
258a9
258ac
258ae
258b1
258b4
258b9
258bc
258bf
258c8
258cf
258d5
258db
258df
258e2
258ea
258f3
258f8
25901
25907
2590d
25912
25915
25917
2591a
2591d
25922
25925
25928
25931
25938
2593e
25944
25948
2594b
25953
2595c
25961
2596a
25970
25976
2597b
2597e
25980
25983
25986
2598b
2598e
25991
2599a
259a1
259a7
259ad
259b1
259b4
259bc
259c5
259ca
259d3
259d9
259df
259e4
259e7
259e9
259ec
259ef
259f2
259f5
259fe
25a05
25a0b
25a11
25a15
25a18
25a20
25a29
25a2e
25a37
25a3d
25a43
25a48
25a4b
25a4d
25a50
25a53
25a56
25a59
25a62
25a69
25a6f
25a75
25a79
25a7c
25a84
25a8d
25a92
25a9b
25aa1
25aa7
25aac
25aaf
25ab1
25ab4
25ab7
25aba
25abd
25ac6
25acd
25ad3
25ad9
25add
25ae0
25ae8
25af1
25af6
25aff
25b05
25b0b
25b10
25b13
25b15
25b18
25b1b
25b1e
25b21
25b2a
25b31
25b37
25b3d
25b41
25b44
25b4c
25b55
25b5a
25b63
25b69
25b6f
25b74
25b77
25b79
25b7c
25b7f
25b82
25b85
25b8e
25b95
25b9b
25ba1
25ba5
25ba8
25bb0
25bb9
25bbe
25bc7
25bcd
25bd3
25bd8
25bdb
25bdd
25be0
25be3
25be6
25be9
25bf2
25bf9
25bff
25c05
25c09
25c0c
25c14
25c1d
25c22
25c2b
25c31
25c37
25c3c
25c3f
25c41
25c44
25c47
25c4a
25c52
25c5b
25c60
25c69
25c6f
25c75
25c7a
25c7d
25c7f
25c82
25c85
25c88
25c90
25c99
25c9e
25ca7
25cad
25cb3
25cb8
25cbb
25cbd
25cc0
25cc3
25cc6
25cce
25cd7
25cdc
25ce5
25ceb
25cf1
25cf6
25cf9
25cfb
25cfe
25d01
25d04
25d0c
25d15
25d1a
25d23
25d29
25d2f
25d34
25d37
25d39
25d3c
25d3f
25d42
25d4a
25d53
25d58
25d61
25d67
25d6d
25d72
25d75
25d77
25d7a
25d7d
25d80
25d88
25d91
25d96
25d9f
25da5
25dab
25db0
25db3
25db5
25db8
25dc1
25dc9
25dd2
25dd8
25ddd
25de2
25de8
25deb
25dee
25df0
25df9
25e01
25e0a
25e10
25e15
25e1a
25e20
25e23
25e26
25e28
25e31
25e39
25e42
25e48
25e4d
25e52
25e58
25e5b
25e5e
25e60
25e69
25e71
25e7a
25e80
25e85
25e8a
25e90
25e93
25e96
25e98
25ea1
25ea9
25eb2
25eb8
25ebd
25ec2
25ec8
25ecb
25ece
25ed0
25ed9
25ee1
25eea
25ef0
25ef5
25efa
25f00
25f03
25f06
25f08
25f11
25f19
25f22
25f28
25f2d
25f32
25f38
25f3b
25f3e
25f40
25f49
25f51
25f5a
25f60
25f65
25f6a
25f70
25f73
25f76
25f78
25f81
25f89
25f92
25f98
25f9d
25fa2
25fa8
25fab
25fae
25fb0
25fb9
25fc1
25fca
25fd0
25fd5
25fda
25fe0
25fe3
25fe6
25fe8
25ff1
25ff9
26002
26008
2600d
26012
26018
2601b
2601e
26020
26029
26031
2603a
26040
26045
2604a
26050
26053
26056
26058
2605b
26061
2606a
26070
26076
26079
2607f
26082
2608b
26091
26097
2609a
260a3
260a9
260b2
260b8
260be
260c4
260ca
260d3
260db
260e1
260e7
260ec
260ef
260f8
26100
26108
2610f
26115
26118
26121
26127
26130
26136
2613f
26145
2614b
26154
2615a
26160
26166
2616b
26171
26179
2617c
26183
2618a
26190
26197
2619e
261a2
261ab
261b1
261b7
261ba
261c0
261c9
261d1
261d7
261dd
261e3
261e9
261ee
261f1
261f8
261ff
26206
2620d
26213
26217
26220
26228
26230
26237
2623d
26240
26248
2624d
26252
2625b
26261
26267
2626c
26274
2627b
26280
26287
2628d
26292
26299
2629f
262a5
262aa
262b2
262ba
262c0
262c5
262cd
262d4
262d9
262db
262e0
262e3
262e9
262f1
262f6
262fc
262ff
26302
26308
26311
26317
2631d
26320
26329
2632f
26338
2633e
26344
2634a
26350
26359
26361
26367
2636d
26372
26375
2637e
26386
2638e
26395
2639b
2639e
263a7
263ad
263b6
263bc
263c5
263cb
263d1
263da
263e0
263e6
263ec
263f1
263f7
263ff
26402
26409
26410
26416
2641d
26424
26428
26431
26437
2643d
26440
26446
2644f
26457
2645d
26463
26469
2646f
26474
26477
2647e
26485
2648c
26493
26499
2649d
264a6
264ae
264b6
264bd
264c3
264c6
264ce
264d3
264d8
264e1
264e7
264ed
264f2
264fa
26501
26506
2650d
26513
26518
2651f
26525
2652b
26530
26538
26540
26546
2654b
26553
2655a
2655f
26561
26566
26569
2656f
26577
2657c
26582
26585
26588
2658e
26597
2659d
265a3
265a6
265af
265b5
265be
265c4
265ca
265d0
265d6
265df
265e7
265ed
265f3
265f8
265fb
26604
2660c
26614
2661b
26621
26624
2662d
26633
2663c
26642
2664b
26651
26657
26660
26666
2666c
26672
26677
2667d
26685
26688
2668f
26696
2669c
266a3
266aa
266ae
266b7
266bd
266c0
266c6
266cc
266d5
266dd
266e3
266e9
266ef
266f5
266fa
266fd
26704
2670b
26712
26719
2671f
26723
2672c
26734
2673c
26743
26749
2674c
26754
26759
2675e
26767
2676d
26773
26778
26780
26787
2678c
26793
26799
2679e
267a5
267ab
267b1
267b6
267be
267c6
267cc
267d1
267d9
267e0
267e5
267e7
267ec
267ef
267f5
267fd
26802
26808
2680b
2680e
26814
2681d
26823
26829
2682c
26835
2683b
26844
2684a
26850
26859
2685f
26865
2686b
26870
26876
2687e
26881
2688a
26890
26899
2689f
268a5
268ab
268b1
268ba
268c2
268c8
268ce
268d3
268d6
268df
268e7
268ef
268f6
268fc
268ff
26908
2690e
26915
2691c
26922
26929
26930
26934
2693d
26943
26946
2694c
26952
2695b
26963
26969
2696f
26975
2697b
26980
26983
2698a
26991
26998
2699f
269a5
269a9
269b2
269ba
269c2
269c9
269cf
269d2
269da
269df
269e4
269ed
269f3
269f9
269fe
26a06
26a0d
26a12
26a19
26a1f
26a24
26a2b
26a31
26a37
26a3c
26a44
26a4c
26a52
26a57
26a5f
26a66
26a6b
26a6d
26a72
26a75
26a7b
26a83
26a88
26a8e
26a91
26a94
26a9a
26aa3
26aa9
26aaf
26ab2
26ab5
26abe
26ac4
26acd
26ad3
26ad9
26adf
26ae5
26aea
26af3
26af9
26aff
26b07
26b0d
26b16
26b1f
26b25
26b28
26b2e
26b34
26b3a
26b43
26b4b
26b51
26b57
26b5c
26b65
26b6d
26b75
26b7c
26b82
26b85
26b8e
26b94
26b9b
26ba2
26ba8
26baf
26bb6
26bba
26bc3
26bc9
26bcc
26bd2
26bd8
26be1
26be9
26bef
26bf5
26bfb
26c01
26c06
26c09
26c10
26c17
26c1e
26c25
26c2b
26c2f
26c38
26c40
26c48
26c4f
26c55
26c58
26c61
26c67
26c6d
26c72
26c7a
26c7f
26c84
26c8c
26c93
26c98
26c9f
26ca5
26caa
26cb1
26cb7
26cbd
26cc5
26ccd
26cd2
26cd8
26cdd
26ce5
26cec
26cf1
26cf3
26cf8
26cfb
26d01
26d09
26d0e
26d14
26d17
26d20
26d26
26d29
26d2f
26d38
26d3e
26d47
26d4d
26d56
26d5c
26d62
26d68
26d6d
26d73
26d7b
26d81
26d8a
26d93
26d99
26d9f
26da5
26dab
26db4
26dbc
26dc2
26dc8
26dcd
26dd0
26dd9
26de1
26de9
26df0
26df6
26df9
26e00
26e07
26e0d
26e14
26e1b
26e1f
26e28
26e2e
26e31
26e37
26e3d
26e46
26e4e
26e54
26e5a
26e60
26e66
26e6b
26e6e
26e75
26e7c
26e83
26e8a
26e90
26e94
26e9d
26ea5
26ead
26eb4
26eba
26ebd
26ec5
26eca
26ecf
26ed8
26ede
26ee4
26ee9
26ef1
26ef8
26efe
26f03
26f0a
26f10
26f15
26f1c
26f22
26f2a
26f32
26f37
26f3d
26f42
26f4a
26f51
26f56
26f5c
26f5f
26f61
26f66
26f6e
26f73
26f79
26f7c
26f7f
26f85
26f8e
26f94
26f9a
26f9d
26fa0
26fa6
26faf
26fb5
26fbb
26fbe
26fc7
26fcf
26fd5
26fdd
26fe4
26fe7
26ff0
26ff6
26ffc
27002
2700b
27013
27019
2701f
27025
2702a
2702d
27034
2703b
27042
27048
2704f
27053
27056
2705c
27063
2706a
27071
27078
2707e
27082
2708a
2708f
27096
2709b
270a4
270aa
270af
270b4
270ba
270bf
270c7
270ce
270d3
270da
270e0
270e6
270eb
270f1
270f9
27101
27109
27110
27116
2711b
27121
27124
2712c
27131
27133
27138
2713b
27141
27144
2714a
27153
27159
2715f
27162
2716b
27173
27179
27181
27188
2718b
27194
2719a
271a0
271a6
271af
271b7
271bd
271c3
271c9
271ce
271d1
271d8
271df
271e6
271ec
271f3
271f7
271fd
27200
27207
2720e
27215
2721c
27222
27226
2722f
27235
2723a
27242
27247
2724e
27253
27258
2725e
27263
2726b
27272
27277
2727e
27284
2728a
2728f
27295
2729d
272a5
272ad
272b4
272ba
272bf
272c5
272c8
272d0
272d5
272d7
272dc
272df
272e5
272eb
272ee
272f7
272fd
27303
27306
2730f
27317
2731d
27325
2732c
2732f
27338
2733e
27347
2734f
27355
2735b
27361
27367
2736d
27372
27375
2737c
27383
2738a
27390
27397
2739b
273a1
273a4
273ab
273b2
273b9
273c0
273c6
273ca
273d2
273d7
273de
273e3
273ec
273f2
273f7
273fc
27402
27407
2740f
27416
2741b
27422
27428
2742e
27433
27439
27441
27449
27451
27458
2745e
27463
27469
2746c
27474
27479
2747b
27480
27486
27489
2748c
27492
2749b
274a1
274a7
274aa
274b3
274b9
274c2
274ca
274d0
274d6
274dc
274e2
274e8
274ed
274f0
274f9
27501
27507
2750f
27516
27519
27520
27527
2752e
27534
2753b
2753f
27542
27548
2754f
27556
2755d
27564
2756a
2756e
27576
2757b
27582
27587
27590
27596
2759b
275a0
275a6
275ab
275b3
275ba
275bf
275c6
275cc
275d2
275d7
275dd
275e5
275ed
275f5
275fc
27602
27607
2760d
27610
27615
2761d
2761f
27624
27627
2762d
27630
27636
2763f
27645
2764b
2764e
27657
2765d
27663
27669
27672
2767a
27680
27686
2768b
27691
27694
2769d
276a5
276ab
276b3
276ba
276bd
276c4
276cb
276d2
276d8
276df
276e3
276e6
276ec
276f3
276fa
27701
27708
2770e
27712
2771a
2771f
27726
2772b
27734
2773a
2773f
27745
2774a
2774f
27757
2775e
27763
2776a
27770
27776
2777b
27781
27789
27791
27799
277a0
277a6
277ab
277ae
277b4
277b9
277c1
277c3
277c8
277cb
277d1
277da
277e0
277e6
277ec
277f5
277fd
27803
27809
2780f
27814
27817
27820
27828
2782e
27836
2783d
27840
27847
2784e
27855
2785b
27862
27866
27869
2786f
27876
2787d
27884
2788b
27891
27895
2789d
278a2
278a9
278ae
278b7
278bd
278c2
278c7
278cd
278d2
278da
278e1
278e7
278ec
278f3
278f9
278ff
27904
2790c
27914
2791c
27923
27929
2792e
27936
2793b
27941
27944
27947
2794d
2794f
27954
27957
2795d
27966
2796c
27972
27975
27978
2797e
27987
2798d
27993
27996
2799f
279a7
279af
279b6
279bc
279bf
279c5
279ce
279d7
279df
279e5
279eb
279f1
279f7
279fd
27a02
27a05
27a0c
27a13
27a1a
27a21
27a27
27a2b
27a2e
27a34
27a3c
27a41
27a48
27a50
27a56
27a5d
27a62
27a68
27a71
27a77
27a7d
27a85
27a8c
27a94
27a99
27a9f
27aa4
27aa9
27aae
27ab3
27aba
27abf
27ac5
27acd
27ad3
27ad6
27ade
27ae3
27ae5
27aea
27aed
27af3
27af6
27afc
27b05
27b0b
27b11
27b14
27b1d
27b25
27b2d
27b34
27b3a
27b3d
27b46
27b4c
27b55
27b5d
27b63
27b69
27b6f
27b75
27b7b
27b80
27b83
27b8a
27b91
27b98
27b9f
27ba5
27ba9
27baf
27bb2
27bbb
27bc1
27bc7
27bcf
27bd6
27bde
27be3
27be9
27bf1
27bf6
27bfd
27c05
27c0b
27c12
27c17
27c1d
27c22
27c27
27c2c
27c31
27c38
27c3d
27c43
27c4b
27c4e
27c54
27c59
27c61
27c63
27c68
27c6b
27c71
27c74
27c7a
27c83
27c89
27c8f
27c92
27c9a
27ca1
27caa
27cb2
27cb8
27cbb
27cc4
27cca
27cd3
27cdb
27ce1
27ce7
27ced
27cf3
27cf9
27cfe
27d01
27d08
27d0f
27d16
27d1d
27d23
27d27
27d2d
27d30
27d38
27d3d
27d44
27d4c
27d52
27d59
27d5e
27d64
27d6d
27d73
27d79
27d81
27d88
27d90
27d95
27d9b
27da0
27da5
27daa
27daf
27db6
27dbb
27dc1
27dc9
27dd1
27dd6
27dd9
27ddf
27de1
27de6
27de9
27def
27df2
27df8
27e01
27e07
27e0d
27e10
27e19
27e1f
27e28
27e30
27e36
27e3c
27e42
27e48
27e4e
27e53
27e56
27e5e
27e65
27e6e
27e76
27e7c
27e7f
27e86
27e8d
27e94
27e9b
27ea1
27ea5
27eab
27eae
27eb6
27ebb
27ec2
27eca
27ed0
27ed7
27edc
27ee2
27eeb
27ef1
27ef7
27eff
27f06
27f0e
27f13
27f19
27f1e
27f23
27f28
27f2d
27f34
27f39
27f3f
27f47
27f4d
27f50
27f58
27f5d
27f5f
27f64
27f67
27f6d
27f70
27f76
27f7f
27f85
27f8b
27f8e
27f97
27f9d
27fa6
27fae
27fb4
27fba
27fc0
27fc6
27fcb
27fd1
27fd4
27fdc
27fe3
27fec
27ff4
27ffa
27ffd
28004
2800b
28012
28019
2801f
28023
28029
2802c
28034
28039
28040
28048
2804e
28055
2805a
28060
28069
2806f
28075
2807d
28084
2808c
28091
28097
2809c
280a1
280a6
280ab
280b2
280b7
280bd
280c5
280cb
280ce
280d6
280db
280dd
280e2
280e5
280eb
280ee
280f4
280fd
28106
2810e
28114
2811a
28120
28126
2812c
28131
2813a
28142
2814a
28151
28157
2815a
28161
28168
2816f
28176
2817c
28180
28186
28189
28191
28196
2819d
281a5
281ab
281b2
281b7
281bd
281c6
281cc
281d2
281da
281e1
281e9
281ee
281f4
281f9
281fe
28203
28208
2820f
28215
2821a
28222
28228
2822b
28233
28238
2823b
28241
28243
28248
2824b
28251
2825a
28260
28266
28269
2826f
28272
2827b
28281
28287
2828a
28293
2829b
282a3
282aa
282b0
282b3
282b6
282bf
282c5
282ce
282d4
282da
282e2
282e8
282ee
282f4
282f9
28300
28307
2830e
28315
2831b
2831f
28327
2832c
28331
28339
28342
28349
2834f
28354
2835b
28361
28368
2836d
28373
28379
2837f
28387
2838e
28396
2839b
283a1
283a6
283ab
283b0
283b8
283be
283c1
283c9
283ce
283d0
283d5
283d8
283de
283e4
283e7
283f0
283f6
283fc
283ff
28408
28410
28418
2841f
28425
28428
2842b
28431
2843a
28443
28449
2844f
28457
2845d
28463
28469
2846e
28475
2847c
28483
2848a
28490
28494
2849c
284a1
284a6
284af
284b7
284be
284c4
284ca
284d0
284d8
284df
284e7
284ec
284f2
284f7
284fe
28504
2850b
28510
28516
2851b
28520
28525
2852d
28533
28536
2853e
28543
28545
2854a
28550
28553
28556
2855c
28565
2856b
28571
28574
2857d
28585
2858d
28594
2859a
2859d
285a6
285ac
285b5
285bb
285c1
285c9
285cf
285d5
285db
285e0
285e3
285ea
285f1
285f8
285ff
28605
28609
28611
2861a
28621
28627
2862f
28634
28639
2863e
28645
2864b
28652
28657
2865d
28663
28669
28671
28678
28680
28685
2868b
28690
28695
2869a
286a2
286aa
286af
286b5
286b8
286ba
286bf
286c2
286c8
286cb
286d1
286da
286e0
286e6
286e9
286ec
286f5
286fb
28704
2870a
28710
28718
2871e
28724
2872a
2872f
28738
28740
28748
2874f
28755
28758
2875f
28766
2876d
28774
2877a
2877e
28786
2878b
28790
28798
287a1
287a8
287ae
287b3
287ba
287c0
287c7
287cc
287d2
287d8
287de
287e6
287ed
287f5
287fa
28800
28805
2880a
2880f
28817
2881d
28820
28828
2882d
2882f
28834
28837
2883d
28840
28846
2884f
28855
2885b
2885e
28864
2886d
28876
2887c
28882
2888a
28890
28896
2889c
288a1
288a4
288ad
288b5
288bd
288c4
288ca
288cd
288d4
288db
288e2
288e9
288ef
288f3
288fb
28900
28905
2890d
28916
2891d
28923
28928
2892f
28935
2893c
28941
28947
2894d
28953
2895b
28962
2896a
2896f
28975
2897a
2897f
28984
2898c
28992
28995
2899d
289a2
289a4
289a9
289ac
289b2
289b5
289be
289c4
289cd
289d3
289d9
289e1
289e7
289ed
289f3
289f8
28a01
28a09
28a11
28a18
28a1e
28a21
28a28
28a2f
28a36
28a3d
28a43
28a47
28a4f
28a54
28a59
28a61
28a6a
28a71
28a77
28a7c
28a83
28a89
28a90
28a95
28a9b
28aa1
28aa7
28aaf
28ab6
28abe
28ac3
28ac9
28ace
28ad3
28ad8
28ae0
28ae6
28ae9
28af1
28af6
28afc
28aff
28b01
28b06
28b09
28b0f
28b18
28b1e
28b24
28b27
28b2a
28b30
28b39
28b3f
28b45
28b48
28b51
28b59
28b5f
28b67
28b6e
28b71
28b7a
28b80
28b89
28b91
28b97
28b9d
28ba3
28ba9
28baf
28bb4
28bb7
28bbe
28bc5
28bcc
28bd3
28bd9
28bdd
28be5
28bea
28bf1
28bf6
28bff
28c05
28c0d
28c15
28c1a
28c22
28c29
28c2e
28c34
28c3b
28c40
28c46
28c4c
28c52
28c59
28c61
28c66
28c6c
28c71
28c76
28c7c
28c7f
28c87
28c8c
28c8e
28c93
28c96
28c9c
28c9f
28ca5
28cae
28cb4
28cba
28cbd
28cc6
28cce
28cd4
28cdc
28ce3
28ce6
28ce9
28cf2
28cf8
28d01
28d09
28d0f
28d15
28d1b
28d21
28d27
28d2c
28d33
28d3a
28d41
28d48
28d4e
28d52
28d5a
28d5f
28d66
28d6b
28d74
28d7a
28d82
28d8a
28d8f
28d97
28d9e
28da4
28daa
28db1
28db9
28dbe
28dc4
28dc9
28dcf
28dd6
28ddb
28de1
28de6
28deb
28df1
28df4
28df9
28e01
28e03
28e08
28e0b
28e11
28e14
28e1a
28e23
28e29
28e2f
28e32
28e3b
28e43
28e49
28e51
28e58
28e5b
28e61
28e6a
28e73
28e7b
28e81
28e87
28e8d
28e93
28e99
28e9e
28ea1
28ea8
28eaf
28eb6
28ebd
28ec3
28ec7
28ecf
28ed4
28edb
28ee0
28ee9
28eef
28ef7
28eff
28f07
28f0e
28f13
28f18
28f1e
28f25
28f2a
28f30
28f36
28f3c
28f43
28f4b
28f50
28f56
28f5b
28f60
28f65
28f6d
28f70
28f76
28f78
28f7d
28f80
28f86
28f89
28f8f
28f98
28f9e
28fa4
28fa7
28fb0
28fb6
28fbf
28fc7
28fcd
28fd3
28fd9
28fdf
28fe5
28fea
28fed
28ff6
28ffe
29004
2900c
29013
29016
2901d
29024
2902b
29032
29038
2903c
29044
29049
29050
29055
2905e
29064
2906c
29074
29079
29081
29088
2908d
29093
2909a
2909f
290a5
290ab
290b1
290b8
290c0
290c5
290cb
290d0
290d5
290db
290de
290e6
290eb
290ed
290f2
290f5
290fb
29101
29104
2910d
29113
29119
2911c
29125
2912b
29134
2913c
29142
29148
2914e
29154
2915a
2915f
29162
2916b
29173
29179
29181
29188
2918b
29192
29199
291a0
291a7
291ad
291b1
291b9
291c1
291c9
291ce
291d5
291da
291e3
291e9
291ee
291f6
291fd
29202
29208
2920f
29214
2921a
29220
29226
2922d
29235
2923a
29240
29245
2924a
29250
29253
2925b
29260
29262
29267
2926d
29270
29279
2927f
29288
29290
29296
2929c
292a2
292a8
292ae
292b3
292b6
292bf
292c7
292cd
292d5
292dc
292df
292e6
292ed
292f4
292fb
29301
29305
2930e
29314
2931c
29324
2932c
29331
29338
2933d
29342
2934a
29351
29356
2935c
29363
29368
2936e
29374
2937a
29381
29389
2938e
29394
29399
2939e
293a4
293a7
293af
293b4
293b7
293bd
293bf
293c4
293c7
293cd
293d6
293dc
293e2
293e5
293e8
293ee
293f7
293fd
29403
29406
2940e
29415
2941e
29426
2942c
2942f
29432
29438
29441
2944a
29452
29458
2945e
29464
2946a
29470
29475
2947c
29483
2948a
29491
29497
2949b
294a3
294a8
294af
294b7
294bd
294c4
294c9
294cf
294d8
294de
294e3
294eb
294f3
294f8
294ff
29504
2950a
29510
29517
2951f
29524
2952a
2952f
29534
29537
2953d
29542
2954a
2954c
29551
29554
2955a
2955d
29563
2956c
29572
29578
2957b
29583
2958a
29593
2959b
295a1
295a4
295a7
295ad
295b6
295bf
295c7
295cd
295d3
295d9
295df
295e5
295ea
295f1
295f8
295ff
29606
2960c
29610
29618
2961d
29624
2962c
29632
29639
2963e
29644
2964d
29653
29658
29660
29668
2966d
29674
2967a
29680
29687
2968f
29694
2969a
2969f
296a4
296a9
296af
296b2
296ba
296bf
296c1
296c6
296c9
296cf
296d2
296d8
296e1
296e7
296ed
296f0
296f8
296ff
29708
29710
29716
29719
2971f
29728
29731
29739
2973f
29745
2974b
29751
29757
2975c
2975f
29766
2976d
29774
2977b
29781
29785
2978d
29792
29799
297a1
297a7
297ae
297b3
297b9
297c2
297c8
297cd
297d5
297dd
297e4
297e9
297ee
297f4
297fa
29801
29809
2980e
29814
29819
2981e
29826
2982b
2982e
29834
29836
2983b
2983e
29844
29847
2984d
29856
2985c
29862
29865
29868
29871
29877
29880
29888
2988e
29894
2989a
298a0
298a6
298ab
298b4
298bc
298c4
298cb
298d1
298d4
298db
298e2
298e9
298f0
298f6
298fa
29902
29907
2990e
29916
2991c
29923
29928
2992e
29937
2993d
29942
2994a
29952
29957
2995e
29963
29969
2996f
29976
2997e
29983
29989
2998e
29993
29996
2999c
299a1
299a9
299ab
299b0
299b3
299b9
299bc
299c2
299cb
299d1
299d7
299da
299e0
299e9
299f2
299fa
29a00
29a06
29a0c
29a12
29a18
29a1d
29a20
29a29
29a31
29a39
29a40
29a46
29a49
29a50
29a57
29a5e
29a65
29a6b
29a6f
29a77
29a7c
29a83
29a8b
29a91
29a98
29a9d
29aa3
29aac
29ab2
29aba
29ac2
29ac7
29acc
29ad3
29ad8
29ade
29ae4
29aeb
29af3
29af8
29afe
29b03
29b08
29b0b
29b11
29b19
29b1e
29b20
29b25
29b28
29b2e
29b31
29b3a
29b40
29b49
29b51
29b57
29b5d
29b63
29b69
29b6f
29b74
29b7d
29b85
29b8d
29b94
29b9a
29b9d
29ba4
29bab
29bb2
29bb9
29bbf
29bc3
29bcc
29bd2
29bda
29bdf
29be6
29bee
29bf4
29bfb
29c00
29c06
29c0e
29c16
29c1b
29c20
29c27
29c2c
29c32
29c38
29c3f
29c47
29c4c
29c52
29c57
29c5c
29c62
29c65
29c6d
29c72
29c75
29c7b
29c7d
29c82
29c85
29c8b
29c94
29c9a
29ca0
29ca3
29ca6
29cac
29cb5
29cbb
29cc1
29cc4
29ccd
29cd5
29cdd
29ce4
29cea
29ced
29cf3
29cfc
29d05
29d0d
29d13
29d19
29d1f
29d25
29d2b
29d30
29d33
29d3a
29d41
29d48
29d4f
29d55
29d59
29d61
29d68
29d70
29d75
29d7c
29d82
29d89
29d8e
29d94
29d9d
29da3
29da8
29db0
29db8
29dbd
29dc2
29dc8
29dce
29dd5
29ddd
29de2
29de8
29ded
29df2
29df8
29dfb
29e03
29e08
29e0a
29e0f
29e12
29e18
29e1b
29e21
29e2a
29e30
29e36
29e39
29e42
29e4a
29e52
29e59
29e5f
29e62
29e6b
29e71
29e7a
29e82
29e88
29e8e
29e94
29e9a
29ea0
29ea5
29ea8
29eaf
29eb6
29ebd
29ec4
29eca
29ece
29ed6
29edd
29ee5
29eea
29ef1
29ef7
29efe
29f03
29f09
29f12
29f18
29f1d
29f25
29f2d
29f32
29f38
29f3e
29f45
29f4d
29f52
29f58
29f5d
29f62
29f67
29f6d
29f70
29f78
29f7d
29f7f
29f84
29f87
29f8d
29f90
29f96
29f9f
29fa5
29fab
29fae
29fb7
29fbf
29fc7
29fce
29fd4
29fd7
29fe0
29fe6
29fef
29ff7
29ffd
2a003
2a009
2a00f
2a015
2a01a
2a01d
2a024
2a02b
2a032
2a039
2a03f
2a043
2a04b
2a052
2a05a
2a05f
2a066
2a06c
2a073
2a078
2a07e
2a087
2a08d
2a092
2a09a
2a0a2
2a0a7
2a0ac
2a0b2
2a0b8
2a0bf
2a0c7
2a0cc
2a0d2
2a0d7
2a0dc
2a0e4
2a0e9
2a0ef
2a0f2
2a0f4
2a0f9
2a0fc
2a102
2a105
2a10b
2a114
2a11a
2a120
2a123
2a12c
2a132
2a13b
2a143
2a149
2a14f
2a155
2a15b
2a161
2a166
2a169
2a172
2a17a
2a182
2a189
2a18f
2a192
2a199
2a1a0
2a1a7
2a1ae
2a1b4
2a1b8
2a1c0
2a1c7
2a1cf
2a1d4
2a1db
2a1e1
2a1e8
2a1ed
2a1f3
2a1fc
2a202
2a207
2a20f
2a217
2a21c
2a221
2a227
2a22d
2a234
2a23c
2a241
2a247
2a24c
2a251
2a257
2a25a
2a262
2a267
2a269
2a26e
2a271
2a277
2a27a
2a280
2a289
2a28f
2a295
2a298
2a2a1
2a2a7
2a2b0
2a2b8
2a2be
2a2c4
2a2ca
2a2d0
2a2d6
2a2db
2a2de
2a2e7
2a2ef
2a2f7
2a2fe
2a304
2a307
2a30e
2a315
2a31c
2a323
2a329
2a32d
2a335
2a33c
2a344
2a349
2a350
2a356
2a35d
2a362
2a368
2a371
2a377
2a37f
2a387
2a38c
2a391
2a396
2a39c
2a3a2
2a3a9
2a3b1
2a3b6
2a3bc
2a3c1
2a3c6
2a3c9
2a3cf
2a3d4
2a3dc
2a3de
2a3e3
2a3e6
2a3ec
2a3ef
2a3f8
2a3fe
2a407
2a40f
2a415
2a41b
2a421
2a427
2a42d
2a432
2a43b
2a443
2a44b
2a452
2a458
2a45b
2a462
2a469
2a470
2a477
2a47d
2a481
2a489
2a490
2a499
2a49f
2a4a7
2a4ac
2a4b3
2a4b9
2a4c0
2a4c5
2a4cb
2a4d3
2a4db
2a4e0
2a4e5
2a4ea
2a4f0
2a4f6
2a4fd
2a505
2a50a
2a510
2a515
2a51a
2a520
2a523
2a52b
2a530
2a533
2a539
2a53b
2a540
2a543
2a549
2a552
2a558
2a55e
2a561
2a564
2a56a
2a573
2a579
2a57f
2a582
2a58b
2a593
2a59b
2a5a2
2a5a8
2a5ab
2a5b4
2a5bc
2a5c2
2a5c8
2a5ce
2a5d4
2a5da
2a5df
2a5e2
2a5e9
2a5f0
2a5f7
2a5fe
2a604
2a608
2a610
2a617
2a61f
2a624
2a62b
2a631
2a638
2a63d
2a643
2a64c
2a652
2a657
2a65f
2a667
2a66c
2a671
2a677
2a67d
2a684
2a68c
2a691
2a697
2a69c
2a6a1
2a6a4
2a6aa
2a6af
2a6b7
2a6b9
2a6be
2a6c1
2a6c7
2a6ca
2a6d0
2a6d9
2a6df
2a6e5
2a6e8
2a6f1
2a6f9
2a701
2a708
2a70e
2a711
2a71a
2a722
2a728
2a72e
2a734
2a73a
2a740
2a745
2a748
2a74f
2a756
2a75d
2a764
2a76a
2a76e
2a776
2a77d
2a785
2a78a
2a791
2a797
2a79e
2a7a3
2a7a9
2a7b2
2a7b8
2a7bd
2a7c5
2a7cd
2a7d2
2a7d8
2a7de
2a7e5
2a7ed
2a7f2
2a7f8
2a7fd
2a802
2a807
2a80d
2a810
2a818
2a81d
2a81f
2a824
2a827
2a82d
2a830
2a836
2a83f
2a845
2a84b
2a84e
2a857
2a85f
2a867
2a86e
2a874
2a877
2a880
2a888
2a88e
2a894
2a89a
2a8a0
2a8a6
2a8ab
2a8ae
2a8b5
2a8bc
2a8c3
2a8ca
2a8d0
2a8d4
2a8dc
2a8e3
2a8eb
2a8f0
2a8f7
2a8fd
2a904
2a909
2a90f
2a918
2a91e
2a923
2a92b
2a933
2a938
2a93d
2a943
2a949
2a950
2a958
2a95d
2a963
2a968
2a96d
2a972
2a97a
2a97d
2a983
2a985
2a98a
2a98d
2a993
2a996
2a99c
2a9a5
2a9ab
2a9b1
2a9b4
2a9bd
2a9c5
2a9cb
2a9d1
2a9d7
2a9dd
2a9e3
2a9e8
2a9eb
2a9f4
2a9fc
2aa04
2aa0b
2aa11
2aa14
2aa1b
2aa22
2aa29
2aa30
2aa36
2aa3a
2aa42
2aa49
2aa51
2aa56
2aa5d
2aa63
2aa6a
2aa6f
2aa75
2aa7e
2aa84
2aa89
2aa91
2aa99
2aa9e
2aaa3
2aaa9
2aaaf
2aab6
2aabe
2aac3
2aac9
2aace
2aad3
2aad6
2aadc
2aae1
2aae9
2aaeb
2aaf0
2aaf3
2aaf9
2aafc
2ab02
2ab0b
2ab11
2ab17
2ab1a
2ab23
2ab2b
2ab31
2ab37
2ab3d
2ab43
2ab49
2ab4e
2ab51
2ab5a
2ab62
2ab6a
2ab71
2ab77
2ab7a
2ab81
2ab88
2ab8f
2ab96
2ab9c
2aba0
2aba8
2abaf
2abb7
2abbc
2abc3
2abc9
2abd0
2abd5
2abdb
2abe4
2abea
2abf2
2abfa
2abff
2ac04
2ac09
2ac0f
2ac15
2ac1c
2ac24
2ac29
2ac2f
2ac34
2ac39
2ac3c
2ac42
2ac47
2ac4f
2ac51
2ac56
2ac59
2ac5f
2ac68
2ac70
2ac76
2ac7c
2ac82
2ac88
2ac8e
2ac93
2ac96
2ac9f
2aca7
2acaf
2acb6
2acbc
2acbf
2acc6
2accd
2acd4
2acdb
2ace1
2ace5
2aced
2acf4
2acfd
2ad03
2ad0b
2ad10
2ad17
2ad1d
2ad24
2ad29
2ad2f
2ad37
2ad3f
2ad44
2ad49
2ad4e
2ad54
2ad5a
2ad61
2ad69
2ad6e
2ad74
2ad79
2ad7e
2ad84
2ad87
2ad8f
2ad94
2ad97
2ad9d
2ad9f
2ada4
2ada7
2adad
2adb6
2adbc
2adc2
2adc5
2adc8
2adce
2add7
2addd
2ade3
2ade6
2adef
2adf7
2adff
2ae06
2ae0c
2ae0f
2ae18
2ae20
2ae26
2ae2c
2ae32
2ae38
2ae3e
2ae43
2ae46
2ae4d
2ae54
2ae5b
2ae62
2ae68
2ae6c
2ae74
2ae7b
2ae83
2ae88
2ae8f
2ae95
2ae9c
2aea1
2aea7
2aeb0
2aeb6
2aebb
2aec3
2aecb
2aed0
2aed5
2aedb
2aee1
2aee8
2aef0
2aef5
2aefb
2af00
2af05
2af0b
2af0e
2af16
2af1b
2af1d
2af22
2af25
2af2b
2af2e
2af34
2af3d
2af43
2af49
2af4c
2af55
2af5d
2af65
2af6c
2af72
2af75
2af7e
2af86
2af8c
2af92
2af98
2af9e
2afa4
2afa9
2afac
2afb3
2afba
2afc1
2afc8
2afce
2afd2
2afda
2afe1
2afe9
2afee
2aff5
2affb
2b002
2b007
2b00d
2b016
2b01c
2b021
2b029
2b031
2b036
2b03c
2b042
2b049
2b051
2b056
2b05c
2b061
2b066
2b06b
2b071
2b074
2b07c
2b081
2b083
2b088
2b08b
2b091
2b094
2b09a
2b0a3
2b0a9
2b0af
2b0b2
2b0bb
2b0c3
2b0cb
2b0d2
2b0d8
2b0db
2b0e4
2b0ec
2b0f2
2b0f8
2b0fe
2b104
2b10a
2b10f
2b112
2b119
2b120
2b127
2b12e
2b134
2b138
2b140
2b147
2b14f
2b154
2b15b
2b161
2b168
2b16d
2b173
2b17c
2b182
2b187
2b18f
2b197
2b19c
2b1a1
2b1a7
2b1ad
2b1b4
2b1bc
2b1c1
2b1c7
2b1cc
2b1d1
2b1d6
2b1de
2b1e1
2b1e7
2b1e9
2b1ee
2b1f1
2b1f7
2b1fa
2b200
2b209
2b20f
2b215
2b218
2b221
2b229
2b22f
2b235
2b23b
2b241
2b247
2b24c
2b24f
2b258
2b260
2b268
2b26f
2b275
2b278
2b27f
2b286
2b28d
2b294
2b29a
2b29e
2b2a6
2b2ad
2b2b5
2b2ba
2b2c1
2b2c7
2b2ce
2b2d3
2b2d9
2b2e2
2b2e8
2b2ed
2b2f5
2b2fd
2b302
2b307
2b30d
2b313
2b31a
2b322
2b327
2b32d
2b332
2b337
2b33d
2b340
2b348
2b34d
2b34f
2b354
2b357
2b35d
2b360
2b366
2b36f
2b375
2b37b
2b37e
2b381
2b38a
2b392
2b398
2b39e
2b3a4
2b3aa
2b3b0
2b3b5
2b3be
2b3c6
2b3ce
2b3d5
2b3db
2b3de
2b3e5
2b3ec
2b3f3
2b3fa
2b400
2b404
2b40c
2b413
2b41b
2b420
2b427
2b42d
2b434
2b439
2b43f
2b448
2b44e
2b456
2b45e
2b463
2b468
2b46d
2b473
2b479
2b480
2b488
2b48d
2b493
2b498
2b49d
2b4a3
2b4a6
2b4ae
2b4b3
2b4b5
2b4ba
2b4bd
2b4c3
2b4c6
2b4cf
2b4d7
2b4dd
2b4e3
2b4e9
2b4ef
2b4f5
2b4fa
2b503
2b50b
2b513
2b51a
2b520
2b523
2b52a
2b531
2b538
2b53f
2b545
2b549
2b551
2b558
2b561
2b567
2b56f
2b574
2b57b
2b581
2b588
2b58d
2b593
2b59b
2b5a3
2b5a8
2b5ad
2b5b2
2b5b8
2b5be
2b5c5
2b5cd
2b5d2
2b5d8
2b5dd
2b5e2
2b5e8
2b5eb
2b5f3
2b5f8
2b5fb
2b601
2b603
2b608
2b611
2b617
2b61d
2b620
2b629
2b62f
2b635
2b638
2b641
2b649
2b651
2b658
2b65e
2b661
2b66a
2b672
2b678
2b67e
2b684
2b68a
2b690
2b695
2b698
2b69f
2b6a6
2b6ad
2b6b4
2b6ba
2b6be
2b6c6
2b6cd
2b6d5
2b6da
2b6e1
2b6e7
2b6ee
2b6f3
2b6f9
2b702
2b708
2b70d
2b715
2b71d
2b722
2b727
2b72d
2b733
2b738
2b73e
2b745
2b74d
2b752
2b757
2b75a
2b760
2b766
2b769
2b771
2b776
2b778
2b77d
2b786
2b78c
2b792
2b795
2b79e
2b7a6
2b7ae
2b7b5
2b7bb
2b7be
2b7c1
2b7ca
2b7d2
2b7d8
2b7de
2b7e4
2b7ea
2b7f0
2b7f5
2b7fc
2b803
2b80a
2b811
2b817
2b81b
2b823
2b82a
2b832
2b837
2b83e
2b844
2b84b
2b850
2b856
2b85f
2b865
2b86a
2b872
2b87a
2b87f
2b885
2b88b
2b890
2b896
2b89d
2b8a5
2b8aa
2b8af
2b8b4
2b8ba
2b8bd
2b8c3
2b8c6
2b8ce
2b8d3
2b8d5
2b8da
2b8e3
2b8e9
2b8ef
2b8f2
2b8fb
2b903
2b90b
2b912
2b918
2b91b
2b924
2b92c
2b932
2b938
2b93e
2b944
2b94a
2b94f
2b952
2b959
2b960
2b967
2b96e
2b974
2b978
2b980
2b987
2b98f
2b994
2b99b
2b9a1
2b9a8
2b9ad
2b9b3
2b9bc
2b9c2
2b9c7
2b9cf
2b9d7
2b9dc
2b9e1
2b9e7
2b9ed
2b9f2
2b9f8
2b9ff
2ba07
2ba0c
2ba11
2ba17
2ba1a
2ba22
2ba27
2ba2d
2ba30
2ba32
2ba37
2ba40
2ba46
2ba4c
2ba4f
2ba58
2ba60
2ba66
2ba6c
2ba72
2ba78
2ba7e
2ba83
2ba86
2ba8f
2ba97
2ba9f
2baa6
2baac
2baaf
2bab6
2babd
2bac4
2bacb
2bad1
2bad5
2badd
2bae4
2baec
2baf1
2baf8
2bafe
2bb05
2bb0a
2bb10
2bb19
2bb1f
2bb24
2bb2c
2bb34
2bb39
2bb3e
2bb44
2bb4a
2bb4f
2bb55
2bb5c
2bb64
2bb69
2bb6e
2bb71
2bb77
2bb7d
2bb80
2bb88
2bb8d
2bb8f
2bb94
2bb9d
2bba3
2bba9
2bbac
2bbb5
2bbbd
2bbc3
2bbc9
2bbcf
2bbd5
2bbdb
2bbe0
2bbe3
2bbec
2bbf4
2bbfc
2bc03
2bc09
2bc0c
2bc13
2bc1a
2bc21
2bc28
2bc2e
2bc32
2bc3a
2bc41
2bc49
2bc4e
2bc55
2bc5b
2bc62
2bc67
2bc6d
2bc76
2bc7c
2bc84
2bc8c
2bc91
2bc96
2bc9b
2bca1
2bca7
2bcac
2bcb2
2bcb9
2bcc1
2bcc6
2bccb
2bcce
2bcd4
2bcda
2bcdd
2bce5
2bcea
2bcec
2bcf1
2bcfa
2bd02
2bd08
2bd0e
2bd14
2bd1a
2bd20
2bd25
2bd28
2bd31
2bd39
2bd41
2bd48
2bd4e
2bd51
2bd58
2bd5f
2bd66
2bd6d
2bd73
2bd77
2bd7f
2bd86
2bd8f
2bd95
2bd9d
2bda2
2bda9
2bdaf
2bdb6
2bdbb
2bdc1
2bdc9
2bdd1
2bdd6
2bddb
2bde0
2bde6
2bdec
2bdf1
2bdf7
2bdfe
2be06
2be0b
2be10
2be13
2be19
2be1f
2be22
2be2a
2be2f
2be31
2be36
2be3f
2be45
2be4b
2be4e
2be57
2be5d
2be63
2be66
2be6f
2be77
2be7f
2be86
2be8c
2be8f
2be97
2be9e
2bea6
2beab
2beb2
2beb8
2bebf
2bec4
2beca
2bed3
2bed9
2bede
2bee6
2beee
2bef3
2bef8
2befe
2bf04
2bf0b
2bf13
2bf18
2bf1e
2bf23
2bf28
2bf30
2bf35
2bf38
2bf3e
2bf44
2bf47
2bf49
2bf4e
2bf57
2bf5d
2bf63
2bf66
2bf6f
2bf77
2bf7f
2bf86
2bf8c
2bf8f
2bf97
2bf9e
2bfa6
2bfab
2bfb2
2bfb8
2bfbf
2bfc4
2bfca
2bfd3
2bfd9
2bfde
2bfe6
2bfee
2bff3
2bff9
2bfff
2c006
2c00e
2c013
2c019
2c01e
2c023
2c028
2c030
2c035
2c038
2c03e
2c041
2c047
2c049
2c04e
2c057
2c05d
2c063
2c066
2c06f
2c077
2c07f
2c086
2c08c
2c08f
2c097
2c09e
2c0a6
2c0ab
2c0b2
2c0b8
2c0bf
2c0c4
2c0ca
2c0d3
2c0d9
2c0de
2c0e6
2c0ee
2c0f3
2c0f8
2c0fe
2c104
2c10b
2c113
2c118
2c11e
2c123
2c128
2c130
2c135
2c13b
2c13e
2c141
2c147
2c149
2c14e
2c157
2c15d
2c163
2c166
2c16f
2c177
2c17f
2c186
2c18c
2c18f
2c197
2c19e
2c1a6
2c1ab
2c1b2
2c1b8
2c1bf
2c1c4
2c1ca
2c1d3
2c1d9
2c1de
2c1e6
2c1ee
2c1f3
2c1f8
2c1fe
2c204
2c20b
2c213
2c218
2c21e
2c223
2c228
2c230
2c235
2c23b
2c23e
2c244
2c247
2c249
2c24e
2c257
2c25d
2c263
2c266
2c26f
2c277
2c27f
2c286
2c28c
2c28f
2c297
2c29e
2c2a6
2c2ab
2c2b2
2c2b8
2c2bf
2c2c4
2c2ca
2c2d3
2c2d9
2c2e1
2c2e9
2c2ee
2c2f3
2c2f8
2c2fe
2c304
2c30b
2c313
2c318
2c31e
2c323
2c328
2c330
2c335
2c338
2c33e
2c344
2c347
2c349
2c34e
2c357
2c35f
2c367
2c36e
2c374
2c377
2c37f
2c386
2c38f
2c395
2c39d
2c3a2
2c3a9
2c3af
2c3b6
2c3bb
2c3c1
2c3c9
2c3d1
2c3d6
2c3db
2c3e0
2c3e6
2c3ec
2c3f3
2c3fb
2c400
2c406
2c40b
2c410
2c418
2c41d
2c420
2c426
2c42c
2c42f
2c431
2c436
2c43f
2c445
2c44b
2c44e
2c457
2c45d
2c463
2c466
2c46e
2c475
2c47d
2c482
2c489
2c48f
2c496
2c49b
2c4a1
2c4aa
2c4b0
2c4b5
2c4bd
2c4c5
2c4ca
2c4cf
2c4d5
2c4db
2c4e2
2c4ea
2c4ef
2c4f5
2c4fa
2c4ff
2c507
2c50c
2c512
2c515
2c51b
2c51e
2c520
2c525
2c52e
2c534
2c53a
2c53d
2c545
2c54c
2c554
2c559
2c560
2c566
2c56d
2c572
2c578
2c581
2c587
2c58c
2c594
2c59c
2c5a1
2c5a7
2c5ad
2c5b4
2c5bc
2c5c1
2c5c7
2c5cc
2c5d1
2c5d6
2c5de
2c5e3
2c5e6
2c5ec
2c5f2
2c5f5
2c5f7
2c5fc
2c605
2c60b
2c611
2c614
2c61c
2c623
2c62b
2c630
2c637
2c63d
2c644
2c649
2c64f
2c658
2c65e
2c663
2c66b
2c673
2c678
2c67d
2c683
2c689
2c690
2c698
2c69d
2c6a3
2c6a8
2c6ad
2c6b5
2c6ba
2c6c0
2c6c3
2c6c9
2c6cc
2c6ce
2c6d3
2c6dc
2c6e2
2c6e8
2c6eb
2c6f3
2c6fa
2c702
2c707
2c70e
2c714
2c71b
2c720
2c726
2c72f
2c735
2c73a
2c742
2c74a
2c74f
2c754
2c75a
2c760
2c767
2c76f
2c774
2c77a
2c77f
2c784
2c78c
2c791
2c797
2c79a
2c7a0
2c7a3
2c7a5
2c7aa
2c7b3
2c7b9
2c7bf
2c7c2
2c7ca
2c7d1
2c7d9
2c7de
2c7e5
2c7eb
2c7f2
2c7f7
2c7fd
2c806
2c80c
2c814
2c81c
2c821
2c826
2c82b
2c831
2c837
2c83e
2c846
2c84b
2c851
2c856
2c85b
2c863
2c868
2c86e
2c871
2c874
2c87a
2c87c
2c881
2c889
2c890
2c899
2c89f
2c8a7
2c8ac
2c8b3
2c8b9
2c8c0
2c8c5
2c8cb
2c8d3
2c8db
2c8e0
2c8e5
2c8ea
2c8f0
2c8f6
2c8fd
2c905
2c90a
2c910
2c915
2c91a
2c922
2c927
2c92d
2c930
2c936
2c939
2c93b
2c940
2c943
2c946
2c949
2c94f
2c955
2c95a
2c95f
2c965
2c96b
2c971
2c974
2c977
2c97c
2c97f
2c988
2c98e
2c994
2c99b
2c99e
2c9a2
2c9a8
2c9ad
2c9b6
2c9bc
2c9c3
2c9c9
2c9cc
2c9d0
2c9d3
2c9d6
2c9de
2c9e7
2c9f0
2c9f5
2c9fb
2ca00
2ca06
2ca08
2ca0b
2ca0e
2ca11
2ca14
2ca1a
2ca20
2ca25
2ca2a
2ca30
2ca36
2ca3c
2ca3f
2ca42
2ca47
2ca4a
2ca53
2ca59
2ca5f
2ca66
2ca69
2ca6d
2ca73
2ca78
2ca81
2ca87
2ca8e
2ca94
2ca97
2ca9b
2ca9e
2caa1
2caa9
2cab2
2cabb
2cac0
2cac6
2cacb
2cad1
2cad3
2cad6
2cad9
2cadc
2cadf
2cae5
2caeb
2caf0
2caf5
2cafb
2cb01
2cb07
2cb0a
2cb0f
2cb12
2cb15
2cb1e
2cb24
2cb2a
2cb31
2cb34
2cb38
2cb3e
2cb43
2cb4c
2cb52
2cb59
2cb5f
2cb62
2cb66
2cb69
2cb6c
2cb74
2cb7d
2cb86
2cb8b
2cb91
2cb96
2cb9c
2cb9e
2cba1
2cba4
2cba7
2cbad
2cbb3
2cbb6
2cbb9
2cbbf
2cbc5
2cbca
2cbcf
2cbd5
2cbd8
2cbdd
2cbe0
2cbe9
2cbef
2cbf5
2cbfc
2cbff
2cc03
2cc09
2cc0e
2cc17
2cc1d
2cc24
2cc2a
2cc2d
2cc31
2cc34
2cc37
2cc3f
2cc48
2cc51
2cc56
2cc5c
2cc61
2cc67
2cc69
2cc6c
2cc6f
2cc72
2cc78
2cc7e
2cc81
2cc84
2cc8a
2cc90
2cc95
2cc9a
2cca0
2cca3
2cca8
2ccab
2ccb4
2ccba
2ccc0
2ccc7
2ccca
2ccce
2ccd4
2ccd9
2cce2
2cce8
2ccef
2ccf5
2ccf8
2ccfc
2ccff
2cd02
2cd0a
2cd13
2cd1c
2cd21
2cd27
2cd2c
2cd32
2cd34
2cd37
2cd3a
2cd40
2cd46
2cd4c
2cd4f
2cd52
2cd58
2cd5e
2cd63
2cd68
2cd6b
2cd70
2cd73
2cd7c
2cd82
2cd88
2cd8f
2cd92
2cd96
2cd9c
2cda1
2cdaa
2cdb0
2cdb7
2cdbd
2cdc0
2cdc4
2cdc7
2cdca
2cdd2
2cddb
2cde4
2cdea
2cdef
2cdf4
2cdfa
2cdfd
2cdff
2ce02
2ce05
2ce08
2ce0b
2ce11
2ce16
2ce1b
2ce1e
2ce21
2ce2a
2ce30
2ce36
2ce3d
2ce40
2ce44
2ce4d
2ce53
2ce59
2ce60
2ce63
2ce67
2ce6a
2ce73
2ce79
2ce81
2ce8a
2ce8f
2ce95
2ce9a
2ce9c
2ce9f
2cea2
2cea5
2cea8
2ceae
2ceb3
2ceb8
2cebb
2cebe
2cec7
2cecd
2ced3
2ceda
2cedd
2cee1
2ceea
2cef0
2cef6
2cefd
2cf00
2cf04
2cf07
2cf10
2cf16
2cf1e
2cf27
2cf2c
2cf32
2cf37
2cf39
2cf3c
2cf3f
2cf42
2cf45
2cf4b
2cf50
2cf55
2cf58
2cf5b
2cf64
2cf6a
2cf70
2cf77
2cf7a
2cf7e
2cf87
2cf8d
2cf93
2cf9a
2cf9d
2cfa1
2cfa4
2cfad
2cfb3
2cfbb
2cfc4
2cfc9
2cfcf
2cfd4
2cfd6
2cfd9
2cfdc
2cfdf
2cfe2
2cfe8
2cfed
2cff2
2cff5
2cff8
2d001
2d007
2d00d
2d014
2d017
2d01b
2d024
2d02a
2d030
2d037
2d03a
2d03e
2d041
2d04a
2d050
2d058
2d061
2d066
2d06c
2d071
2d073
2d076
2d079
2d07c
2d07f
2d085
2d08a
2d08f
2d092
2d095
2d09e
2d0a4
2d0aa
2d0b1
2d0b4
2d0b8
2d0c1
2d0c7
2d0cd
2d0d4
2d0d7
2d0db
2d0de
2d0e7
2d0ed
2d0f5
2d0fe
2d103
2d109
2d10e
2d110
2d113
2d116
2d119
2d11f
2d124
2d129
2d12c
2d12f
2d138
2d13e
2d144
2d14b
2d14e
2d152
2d15b
2d161
2d167
2d16e
2d171
2d175
2d178
2d181
2d187
2d18f
2d198
2d19e
2d1a3
2d1a8
2d1ab
2d1ad
2d1b0
2d1b3
2d1b6
2d1b9
2d1bf
2d1c4
2d1c7
2d1ca
2d1d3
2d1d9
2d1df
2d1e6
2d1e9
2d1ed
2d1f6
2d1fc
2d202
2d209
2d20c
2d210
2d219
2d21f
2d227
2d230
2d235
2d23b
2d240
2d242
2d245
2d248
2d24b
2d24e
2d254
2d259
2d25c
2d25f
2d268
2d26e
2d274
2d27b
2d27e
2d282
2d28b
2d291
2d297
2d29e
2d2a1
2d2a5
2d2ae
2d2b4
2d2bc
2d2c5
2d2ca
2d2d0
2d2d5
2d2d7
2d2da
2d2dd
2d2e0
2d2e3
2d2e9
2d2ee
2d2f1
2d2f4
2d2fd
2d303
2d309
2d310
2d313
2d317
2d320
2d326
2d32c
2d333
2d336
2d33a
2d343
2d349
2d351
2d35a
2d35f
2d365
2d36a
2d36c
2d36f
2d372
2d375
2d378
2d37e
2d383
2d386
2d389
2d392
2d398
2d39e
2d3a5
2d3a8
2d3ac
2d3b5
2d3bb
2d3c1
2d3c8
2d3cb
2d3cf
2d3d8
2d3de
2d3e6
2d3ef
2d3f4
2d3fa
2d3ff
2d401
2d404
2d407
2d40a
2d40d
2d413
2d418
2d41b
2d41e
2d427
2d42d
2d433
2d43a
2d43d
2d441
2d44a
2d450
2d456
2d45d
2d460
2d464
2d46d
2d473
2d47b
2d484
2d489
2d48f
2d494
2d496
2d499
2d49c
2d49f
2d4a5
2d4aa
2d4ad
2d4b0
2d4b9
2d4bf
2d4c5
2d4cc
2d4cf
2d4d3
2d4dc
2d4e2
2d4e8
2d4ef
2d4f2
2d4f6
2d4ff
2d505
2d50d
2d516
2d51c
2d521
2d526
2d529
2d52b
2d52e
2d531
2d537
2d53c
2d53f
2d542
2d54b
2d551
2d557
2d55e
2d561
2d565
2d56e
2d574
2d57c
2d585
2d58b
2d590
2d595
2d598
2d59a
2d59d
2d5a0
2d5a6
2d5ab
2d5ae
2d5b1
2d5ba
2d5c0
2d5c6
2d5cd
2d5d0
2d5d4
2d5dd
2d5e3
2d5eb
2d5f4
2d5fa
2d5ff
2d604
2d607
2d609
2d60c
2d60f
2d615
2d61a
2d61d
2d620
2d629
2d62f
2d635
2d63c
2d63f
2d643
2d64c
2d652
2d65a
2d663
2d669
2d66e
2d673
2d676
2d678
2d67b
2d67e
2d684
2d689
2d68c
2d68f
2d698
2d69e
2d6a4
2d6ab
2d6ae
2d6b2
2d6bb
2d6c1
2d6c9
2d6d2
2d6d8
2d6dd
2d6e2
2d6e5
2d6e7
2d6ea
2d6ed
2d6f3
2d6f8
2d6fb
2d6fe
2d707
2d70d
2d713
2d71a
2d71d
2d721
2d72a
2d730
2d738
2d741
2d747
2d74c
2d751
2d754
2d756
2d759
2d75c
2d762
2d767
2d76a
2d76d
2d776
2d77c
2d782
2d789
2d78c
2d790
2d799
2d79f
2d7a7
2d7b0
2d7b6
2d7bb
2d7c0
2d7c3
2d7c5
2d7c8
2d7cb
2d7d1
2d7d6
2d7d9
2d7dc
2d7e5
2d7eb
2d7f1
2d7f8
2d7fb
2d7ff
2d808
2d80e
2d816
2d81f
2d825
2d82a
2d82f
2d832
2d834
2d837
2d83a
2d840
2d845
2d848
2d84b
2d854
2d85a
2d860
2d867
2d86a
2d86e
2d877
2d87d
2d885
2d88e
2d894
2d899
2d89e
2d8a1
2d8a3
2d8a6
2d8a9
2d8af
2d8b4
2d8b7
2d8ba
2d8c3
2d8c9
2d8cf
2d8d6
2d8d9
2d8dd
2d8e6
2d8ec
2d8f4
2d8fd
2d903
2d908
2d90d
2d910
2d912
2d915
2d918
2d91e
2d923
2d926
2d929
2d932
2d938
2d93e
2d945
2d948
2d94c
2d955
2d95b
2d963
2d96c
2d972
2d977
2d97c
2d97f
2d981
2d984
2d987
2d98d
2d992
2d995
2d998
2d9a1
2d9a7
2d9ad
2d9b4
2d9b7
2d9bb
2d9c4
2d9ca
2d9d2
2d9db
2d9e1
2d9e6
2d9eb
2d9ee
2d9f0
2d9f3
2d9f6
2d9fc
2da01
2da04
2da07
2da10
2da16
2da1c
2da23
2da26
2da2a
2da33
2da39
2da41
2da4a
2da50
2da55
2da5a
2da5d
2da5f
2da62
2da65
2da6b
2da70
2da73
2da76
2da7f
2da85
2da8b
2da92
2da95
2da99
2daa2
2daa8
2dab0
2dab9
2dabf
2dac4
2dac9
2dacc
2dace
2dad1
2dad4
2dada
2dadf
2dae2
2dae5
2daee
2daf4
2dafa
2db01
2db04
2db08
2db11
2db17
2db1f
2db28
2db2e
2db33
2db38
2db3b
2db3d
2db40
2db43
2db49
2db4e
2db51
2db54
2db5d
2db63
2db69
2db70
2db73
2db77
2db80
2db86
2db8e
2db97
2db9d
2dba2
2dba7
2dbaa
2dbac
2dbaf
2dbb2
2dbb8
2dbbd
2dbc0
2dbc3
2dbcc
2dbd2
2dbd8
2dbdf
2dbe2
2dbe6
2dbef
2dbf5
2dbfd
2dc06
2dc0c
2dc11
2dc16
2dc19
2dc1b
2dc1e
2dc21
2dc27
2dc2c
2dc2f
2dc32
2dc3b
2dc41
2dc47
2dc4e
2dc51
2dc55
2dc5e
2dc64
2dc6c
2dc75
2dc7b
2dc80
2dc85
2dc88
2dc8a
2dc8d
2dc90
2dc96
2dc9b
2dc9e
2dca1
2dcaa
2dcb0
2dcb6
2dcbd
2dcc0
2dcc4
2dccd
2dcd3
2dcdb
2dce4
2dcea
2dcef
2dcf4
2dcf7
2dcf9
2dcfc
2dcff
2dd05
2dd0a
2dd0d
2dd10
2dd19
2dd1f
2dd25
2dd2c
2dd2f
2dd33
2dd3c
2dd42
2dd4a
2dd53
2dd59
2dd5e
2dd63
2dd66
2dd68
2dd6b
2dd6e
2dd74
2dd79
2dd7c
2dd7f
2dd88
2dd8e
2dd94
2dd9b
2dd9e
2dda2
2ddab
2ddb1
2ddb9
2ddc2
2ddc8
2ddcd
2ddd2
2ddd5
2ddd7
2ddda
2dddd
2dde3
2dde8
2ddeb
2ddee
2ddf7
2ddfd
2de03
2de0a
2de0d
2de11
2de1a
2de20
2de28
2de31
2de37
2de3c
2de41
2de44
2de46
2de49
2de4c
2de52
2de57
2de5a
2de5d
2de66
2de6c
2de72
2de79
2de7c
2de80
2de89
2de8f
2de97
2dea0
2dea6
2deab
2deb0
2deb3
2deb5
2deb8
2debb
2dec1
2dec6
2dec9
2decc
2ded5
2dedb
2dee1
2dee8
2deeb
2deef
2def8
2defe
2df06
2df0f
2df15
2df1a
2df1f
2df22
2df24
2df27
2df2a
2df30
2df35
2df38
2df3b
2df44
2df4a
2df50
2df57
2df5a
2df5e
2df67
2df6d
2df75
2df7e
2df84
2df89
2df8e
2df91
2df93
2df96
2df99
2df9e
2dfa1
2dfa4
2dfad
2dfb4
2dfba
2dfc0
2dfc4
2dfc7
2dfcf
2dfd8
2dfdd
2dfe6
2dfec
2dff2
2dff7
2dffa
2dffc
2dfff
2e002
2e007
2e00a
2e00d
2e016
2e01d
2e023
2e029
2e02d
2e030
2e038
2e041
2e046
2e04f
2e055
2e05b
2e060
2e063
2e065
2e068
2e06b
2e070
2e073
2e076
2e07f
2e086
2e08c
2e092
2e096
2e099
2e0a1
2e0aa
2e0af
2e0b8
2e0be
2e0c4
2e0c9
2e0cc
2e0ce
2e0d1
2e0d4
2e0d9
2e0dc
2e0df
2e0e8
2e0ef
2e0f5
2e0fb
2e0ff
2e102
2e10a
2e113
2e118
2e121
2e127
2e12d
2e132
2e135
2e137
2e13a
2e13d
2e142
2e145
2e148
2e151
2e158
2e15e
2e164
2e168
2e16b
2e173
2e17c
2e181
2e18a
2e190
2e196
2e19b
2e19e
2e1a0
2e1a3
2e1a6
2e1ab
2e1ae
2e1b1
2e1ba
2e1c1
2e1c7
2e1cd
2e1d1
2e1d4
2e1dc
2e1e5
2e1ea
2e1f3
2e1f9
2e1ff
2e204
2e207
2e209
2e20c
2e20f
2e212
2e215
2e21e
2e225
2e22b
2e231
2e235
2e238
2e240
2e249
2e24e
2e257
2e25d
2e263
2e268
2e26b
2e26d
2e270
2e273
2e276
2e279
2e282
2e289
2e28f
2e295
2e299
2e29c
2e2a4
2e2ad
2e2b2
2e2bb
2e2c1
2e2c7
2e2cc
2e2cf
2e2d1
2e2d4
2e2d7
2e2da
2e2dd
2e2e6
2e2ed
2e2f3
2e2f9
2e2fd
2e300
2e308
2e311
2e316
2e31f
2e325
2e32b
2e330
2e333
2e335
2e338
2e33b
2e33e
2e341
2e34a
2e351
2e357
2e35d
2e361
2e364
2e36c
2e375
2e37a
2e383
2e389
2e38f
2e394
2e397
2e399
2e39c
2e39f
2e3a2
2e3a5
2e3ae
2e3b5
2e3bb
2e3c1
2e3c5
2e3c8
2e3d0
2e3d9
2e3de
2e3e7
2e3ed
2e3f3
2e3f8
2e3fb
2e3fd
2e400
2e403
2e406
2e409
2e412
2e419
2e41f
2e425
2e429
2e42c
2e434
2e43d
2e442
2e44b
2e451
2e457
2e45c
2e45f
2e461
2e464
2e467
2e46a
2e472
2e47b
2e480
2e489
2e48f
2e495
2e49a
2e49d
2e49f
2e4a2
2e4a5
2e4a8
2e4b0
2e4b9
2e4be
2e4c7
2e4cd
2e4d3
2e4d8
2e4db
2e4dd
2e4e0
2e4e3
2e4e6
2e4ee
2e4f7
2e4fc
2e505
2e50b
2e511
2e516
2e519
2e51b
2e51e
2e521
2e524
2e52c
2e535
2e53a
2e543
2e549
2e54f
2e554
2e557
2e559
2e55c
2e55f
2e562
2e56a
2e573
2e578
2e581
2e587
2e58d
2e592
2e595
2e597
2e59a
2e59d
2e5a0
2e5a8
2e5b1
2e5b6
2e5bf
2e5c5
2e5cb
2e5d0
2e5d3
2e5d5
2e5d8
2e5e1
2e5e9
2e5f2
2e5f8
2e5fd
2e602
2e608
2e60b
2e60e
2e610
2e619
2e621
2e62a
2e630
2e635
2e63a
2e640
2e643
2e646
2e648
2e651
2e659
2e662
2e668
2e66d
2e672
2e678
2e67b
2e67e
2e680
2e689
2e691
2e69a
2e6a0
2e6a5
2e6aa
2e6b0
2e6b3
2e6b6
2e6b8
2e6c1
2e6c9
2e6d2
2e6d8
2e6dd
2e6e2
2e6e8
2e6eb
2e6ee
2e6f0
2e6f9
2e701
2e70a
2e710
2e715
2e71a
2e720
2e723
2e726
2e728
2e731
2e739
2e742
2e748
2e74d
2e752
2e758
2e75b
2e75e
2e760
2e769
2e771
2e77a
2e780
2e785
2e78a
2e790
2e793
2e796
2e798
2e7a1
2e7a9
2e7b2
2e7b8
2e7bd
2e7c2
2e7c8
2e7cb
2e7ce
2e7d0
2e7d9
2e7e1
2e7ea
2e7f0
2e7f5
2e7fa
2e800
2e803
2e806
2e808
2e811
2e819
2e822
2e828
2e82d
2e832
2e838
2e83b
2e83e
2e840
2e849
2e851
2e85a
2e860
2e865
2e86a
2e870
2e873
2e876
2e878
2e87b
2e881
2e88a
2e890
2e896
2e899
2e89f
2e8a2
2e8ab
2e8b1
2e8b7
2e8ba
2e8c3
2e8c9
2e8d2
2e8d8
2e8de
2e8e4
2e8ea
2e8f3
2e8fb
2e901
2e907
2e90c
2e90f
2e918
2e920
2e928
2e92f
2e935
2e938
2e941
2e947
2e950
2e956
2e95f
2e965
2e96b
2e974
2e97a
2e980
2e986
2e98b
2e991
2e999
2e99c
2e9a3
2e9aa
2e9b0
2e9b7
2e9be
2e9c2
2e9cb
2e9d1
2e9d7
2e9da
2e9e0
2e9e9
2e9f1
2e9f7
2e9fd
2ea03
2ea09
2ea0e
2ea11
2ea18
2ea1f
2ea26
2ea2d
2ea33
2ea37
2ea40
2ea48
2ea50
2ea57
2ea5d
2ea60
2ea68
2ea6d
2ea72
2ea7b
2ea81
2ea87
2ea8c
2ea94
2ea9b
2eaa0
2eaa7
2eaad
2eab2
2eab9
2eabf
2eac5
2eaca
2ead2
2eada
2eae0
2eae5
2eaed
2eaf4
2eaf9
2eafb
2eb00
2eb03
2eb09
2eb11
2eb16
2eb1c
2eb1f
2eb22
2eb28
2eb31
2eb37
2eb3d
2eb40
2eb49
2eb4f
2eb58
2eb5e
2eb64
2eb6a
2eb70
2eb79
2eb81
2eb87
2eb8d
2eb92
2eb95
2eb9e
2eba6
2ebae
2ebb5
2ebbb
2ebbe
2ebc7
2ebcd
2ebd6
2ebdc
2ebe5
2ebeb
2ebf1
2ebfa
2ec00
2ec06
2ec0c
2ec11
2ec17
2ec1f
2ec22
2ec29
2ec30
2ec36
2ec3d
2ec44
2ec48
2ec51
2ec57
2ec5d
2ec60
2ec66
2ec6f
2ec77
2ec7d
2ec83
2ec89
2ec8f
2ec94
2ec97
2ec9e
2eca5
2ecac
2ecb3
2ecb9
2ecbd
2ecc6
2ecce
2ecd6
2ecdd
2ece3
2ece6
2ecee
2ecf3
2ecf8
2ed01
2ed07
2ed0d
2ed12
2ed1a
2ed21
2ed26
2ed2d
2ed33
2ed38
2ed3f
2ed45
2ed4b
2ed50
2ed58
2ed60
2ed66
2ed6b
2ed73
2ed7a
2ed7f
2ed81
2ed86
2ed89
2ed8f
2ed97
2ed9c
2eda2
2eda5
2eda8
2edae
2edb7
2edbd
2edc3
2edc6
2edcf
2edd5
2edde
2ede4
2edea
2edf0
2edf6
2edff
2ee07
2ee0d
2ee13
2ee18
2ee1b
2ee24
2ee2c
2ee34
2ee3b
2ee41
2ee44
2ee4d
2ee53
2ee5c
2ee62
2ee6b
2ee71
2ee77
2ee80
2ee86
2ee8c
2ee92
2ee97
2ee9d
2eea5
2eea8
2eeaf
2eeb6
2eebc
2eec3
2eeca
2eece
2eed7
2eedd
2eee0
2eee6
2eeec
2eef5
2eefd
2ef03
2ef09
2ef0f
2ef15
2ef1a
2ef1d
2ef24
2ef2b
2ef32
2ef39
2ef3f
2ef43
2ef4c
2ef54
2ef5c
2ef63
2ef69
2ef6c
2ef74
2ef79
2ef7e
2ef87
2ef8d
2ef93
2ef98
2efa0
2efa7
2efac
2efb3
2efb9
2efbe
2efc5
2efcb
2efd1
2efd6
2efde
2efe6
2efec
2eff1
2eff9
2f000
2f005
2f007
2f00c
2f00f
2f015
2f01d
2f022
2f028
2f02b
2f02e
2f034
2f03d
2f043
2f049
2f04c
2f055
2f05b
2f064
2f06a
2f070
2f079
2f07f
2f085
2f08b
2f090
2f096
2f09e
2f0a1
2f0aa
2f0b0
2f0b9
2f0bf
2f0c5
2f0cb
2f0d1
2f0da
2f0e2
2f0e8
2f0ee
2f0f3
2f0f6
2f0ff
2f107
2f10f
2f116
2f11c
2f11f
2f128
2f12e
2f135
2f13c
2f142
2f149
2f150
2f154
2f15d
2f163
2f166
2f16c
2f172
2f17b
2f183
2f189
2f18f
2f195
2f19b
2f1a0
2f1a3
2f1aa
2f1b1
2f1b8
2f1bf
2f1c5
2f1c9
2f1d2
2f1da
2f1e2
2f1e9
2f1ef
2f1f2
2f1fa
2f1ff
2f204
2f20d
2f213
2f219
2f21e
2f226
2f22d
2f232
2f239
2f23f
2f244
2f24b
2f251
2f257
2f25c
2f264
2f26c
2f272
2f277
2f27f
2f286
2f28b
2f28d
2f292
2f295
2f29b
2f2a3
2f2a8
2f2ae
2f2b1
2f2b4
2f2ba
2f2c3
2f2c9
2f2cf
2f2d2
2f2d5
2f2de
2f2e4
2f2ed
2f2f3
2f2f9
2f2ff
2f305
2f30a
2f313
2f319
2f31f
2f327
2f32d
2f336
2f33f
2f345
2f348
2f34e
2f354
2f35a
2f363
2f36b
2f371
2f377
2f37c
2f385
2f38d
2f395
2f39c
2f3a2
2f3a5
2f3ae
2f3b4
2f3bb
2f3c2
2f3c8
2f3cf
2f3d6
2f3da
2f3e3
2f3e9
2f3ec
2f3f2
2f3f8
2f401
2f409
2f40f
2f415
2f41b
2f421
2f426
2f429
2f430
2f437
2f43e
2f445
2f44b
2f44f
2f458
2f460
2f468
2f46f
2f475
2f478
2f481
2f487
2f48d
2f492
2f49a
2f49f
2f4a4
2f4ac
2f4b3
2f4b8
2f4bf
2f4c5
2f4ca
2f4d1
2f4d7
2f4dd
2f4e5
2f4ed
2f4f2
2f4f8
2f4fd
2f505
2f50c
2f511
2f513
2f518
2f51b
2f521
2f529
2f52e
2f534
2f537
2f540
2f546
2f549
2f54f
2f558
2f55e
2f567
2f56d
2f576
2f57c
2f582
2f588
2f58d
2f593
2f59b
2f5a1
2f5aa
2f5b3
2f5b9
2f5bf
2f5c5
2f5cb
2f5d4
2f5dc
2f5e2
2f5e8
2f5ed
2f5f0
2f5f9
2f601
2f609
2f610
2f616
2f619
2f620
2f627
2f62d
2f634
2f63b
2f63f
2f648
2f64e
2f651
2f657
2f65d
2f666
2f66e
2f674
2f67a
2f680
2f686
2f68b
2f68e
2f695
2f69c
2f6a3
2f6aa
2f6b0
2f6b4
2f6bd
2f6c5
2f6cd
2f6d4
2f6da
2f6dd
2f6e5
2f6ea
2f6ef
2f6f8
2f6fe
2f704
2f709
2f711
2f718
2f71e
2f723
2f72a
2f730
2f735
2f73c
2f742
2f74a
2f752
2f757
2f75d
2f762
2f76a
2f771
2f776
2f77c
2f77f
2f781
2f786
2f78e
2f793
2f799
2f79c
2f79f
2f7a5
2f7ae
2f7b4
2f7ba
2f7bd
2f7c0
2f7c6
2f7cf
2f7d5
2f7db
2f7de
2f7e7
2f7ef
2f7f5
2f7fd
2f804
2f807
2f810
2f816
2f81c
2f822
2f82b
2f833
2f839
2f83f
2f845
2f84a
2f84d
2f854
2f85b
2f862
2f868
2f86f
2f873
2f876
2f87c
2f883
2f88a
2f891
2f898
2f89e
2f8a2
2f8aa
2f8af
2f8b6
2f8bb
2f8c4
2f8ca
2f8cf
2f8d4
2f8da
2f8df
2f8e7
2f8ee
2f8f3
2f8fa
2f900
2f906
2f90b
2f911
2f919
2f921
2f929
2f930
2f936
2f93b
2f941
2f944
2f94c
2f951
2f953
2f958
2f95b
2f961
2f964
2f96a
2f973
2f979
2f97f
2f982
2f98b
2f993
2f999
2f9a1
2f9a8
2f9ab
2f9b4
2f9ba
2f9c0
2f9c6
2f9cf
2f9d7
2f9dd
2f9e3
2f9e9
2f9ee
2f9f1
2f9f8
2f9ff
2fa06
2fa0c
2fa13
2fa17
2fa1d
2fa20
2fa27
2fa2e
2fa35
2fa3c
2fa42
2fa46
2fa4f
2fa55
2fa5a
2fa62
2fa67
2fa6e
2fa73
2fa78
2fa7e
2fa83
2fa8b
2fa92
2fa97
2fa9e
2faa4
2faaa
2faaf
2fab5
2fabd
2fac5
2facd
2fad4
2fada
2fadf
2fae5
2fae8
2faf0
2faf5
2faf7
2fafc
2faff
2fb05
2fb0b
2fb0e
2fb17
2fb1d
2fb23
2fb26
2fb2f
2fb37
2fb3d
2fb45
2fb4c
2fb4f
2fb58
2fb5e
2fb67
2fb6f
2fb75
2fb7b
2fb81
2fb87
2fb8d
2fb92
2fb95
2fb9c
2fba3
2fbaa
2fbb0
2fbb7
2fbbb
2fbc1
2fbc4
2fbcb
2fbd2
2fbd9
2fbe0
2fbe6
2fbea
2fbf2
2fbf7
2fbfe
2fc03
2fc0c
2fc12
2fc17
2fc1c
2fc22
2fc27
2fc2f
2fc36
2fc3b
2fc42
2fc48
2fc4e
2fc53
2fc59
2fc61
2fc69
2fc71
2fc78
2fc7e
2fc83
2fc89
2fc8c
2fc94
2fc99
2fc9b
2fca0
2fca6
2fca9
2fcac
2fcb2
2fcbb
2fcc1
2fcc7
2fcca
2fcd3
2fcd9
2fce2
2fcea
2fcf0
2fcf6
2fcfc
2fd02
2fd08
2fd0d
2fd10
2fd19
2fd21
2fd27
2fd2f
2fd36
2fd39
2fd40
2fd47
2fd4e
2fd54
2fd5b
2fd5f
2fd62
2fd68
2fd6f
2fd76
2fd7d
2fd84
2fd8a
2fd8e
2fd96
2fd9b
2fda2
2fda7
2fdb0
2fdb6
2fdbb
2fdc0
2fdc6
2fdcb
2fdd3
2fdda
2fddf
2fde6
2fdec
2fdf2
2fdf7
2fdfd
2fe05
2fe0d
2fe15
2fe1c
2fe22
2fe27
2fe2d
2fe30
2fe35
2fe3d
2fe3f
2fe44
2fe47
2fe4d
2fe50
2fe56
2fe5f
2fe65
2fe6b
2fe6e
2fe77
2fe7d
2fe83
2fe89
2fe92
2fe9a
2fea0
2fea6
2feab
2feb1
2feb4
2febd
2fec5
2fecb
2fed3
2feda
2fedd
2fee4
2feeb
2fef2
2fef8
2feff
2ff03
2ff06
2ff0c
2ff13
2ff1a
2ff21
2ff28
2ff2e
2ff32
2ff3a
2ff3f
2ff46
2ff4b
2ff54
2ff5a
2ff5f
2ff65
2ff6a
2ff6f
2ff77
2ff7e
2ff83
2ff8a
2ff90
2ff96
2ff9b
2ffa1
2ffa9
2ffb1
2ffb9
2ffc0
2ffc6
2ffcb
2ffce
2ffd4
2ffd9
2ffe1
2ffe3
2ffe8
2ffeb
2fff1
2fffa
30000
30006
3000c
30015
3001d
30023
30029
3002f
30034
30037
30040
30048
3004e
30056
3005d
30060
30067
3006e
30075
3007b
30082
30086
30089
3008f
30096
3009d
300a4
300ab
300b1
300b5
300bd
300c2
300c9
300ce
300d7
300dd
300e2
300e7
300ed
300f2
300fa
30101
30107
3010c
30113
30119
3011f
30124
3012c
30134
3013c
30143
30149
3014e
30156
3015b
30161
30164
30167
3016d
3016f
30174
30177
3017d
30186
3018c
30192
30195
30198
3019e
301a7
301ad
301b3
301b6
301bf
301c7
301cf
301d6
301dc
301df
301e5
301ee
301f7
301ff
30205
3020b
30211
30217
3021d
30222
30225
3022c
30233
3023a
30241
30247
3024b
3024e
30254
3025c
30261
30268
30270
30276
3027d
30282
30288
30291
30297
3029d
302a5
302ac
302b4
302b9
302bf
302c4
302c9
302ce
302d3
302da
302df
302e5
302ed
302f3
302f6
302fe
30303
30305
3030a
3030d
30313
30316
3031c
30325
3032b
30331
30334
3033d
30345
3034d
30354
3035a
3035d
30366
3036c
30375
3037d
30383
30389
3038f
30395
3039b
303a0
303a3
303aa
303b1
303b8
303bf
303c5
303c9
303cf
303d2
303db
303e1
303e7
303ef
303f6
303fe
30403
30409
30411
30416
3041d
30425
3042b
30432
30437
3043d
30442
30447
3044c
30451
30458
3045d
30463
3046b
3046e
30474
30479
30481
30483
30488
3048b
30491
30494
3049a
304a3
304a9
304af
304b2
304ba
304c1
304ca
304d2
304d8
304db
304e4
304ea
304f3
304fb
30501
30507
3050d
30513
30519
3051e
30521
30528
3052f
30536
3053d
30543
30547
3054d
30550
30558
3055d
30564
3056c
30572
30579
3057e
30584
3058d
30593
30599
305a1
305a8
305b0
305b5
305bb
305c0
305c5
305ca
305cf
305d6
305db
305e1
305e9
305f1
305f6
305f9
305ff
30601
30606
30609
3060f
30612
30618
30621
30627
3062d
30630
30639
3063f
30648
30650
30656
3065c
30662
30668
3066e
30673
30676
3067e
30685
3068e
30696
3069c
3069f
306a6
306ad
306b4
306bb
306c1
306c5
306cb
306ce
306d6
306db
306e2
306ea
306f0
306f7
306fc
30702
3070b
30711
30717
3071f
30726
3072e
30733
30739
3073e
30743
30748
3074d
30754
30759
3075f
30767
3076d
30770
30778
3077d
3077f
30784
30787
3078d
30790
30796
3079f
307a5
307ab
307ae
307b7
307bd
307c6
307ce
307d4
307da
307e0
307e6
307eb
307f1
307f4
307fc
30803
3080c
30814
3081a
3081d
30824
3082b
30832
30839
3083f
30843
30849
3084c
30854
30859
30860
30868
3086e
30875
3087a
30880
30889
3088f
30895
3089d
308a4
308ac
308b1
308b7
308bc
308c1
308c6
308cb
308d2
308d7
308dd
308e5
308eb
308ee
308f6
308fb
308fd
30902
30905
3090b
3090e
30914
3091d
30926
3092e
30934
3093a
30940
30946
3094c
30951
3095a
30962
3096a
30971
30977
3097a
30981
30988
3098f
30996
3099c
309a0
309a6
309a9
309b1
309b6
309bd
309c5
309cb
309d2
309d7
309dd
309e6
309ec
309f2
309fa
30a01
30a09
30a0e
30a14
30a19
30a1e
30a23
30a28
30a2f
30a35
30a3a
30a42
30a48
30a4b
30a53
30a58
30a5b
30a61
30a63
30a68
30a6b
30a71
30a7a
30a80
30a86
30a89
30a8f
30a92
30a9b
30aa1
30aa7
30aaa
30ab3
30abb
30ac3
30aca
30ad0
30ad3
30ad6
30adf
30ae5
30aee
30af4
30afa
30b02
30b08
30b0e
30b14
30b19
30b20
30b27
30b2e
30b35
30b3b
30b3f
30b47
30b4c
30b51
30b59
30b62
30b69
30b6f
30b74
30b7b
30b81
30b88
30b8d
30b93
30b99
30b9f
30ba7
30bae
30bb6
30bbb
30bc1
30bc6
30bcb
30bd0
30bd8
30bde
30be1
30be9
30bee
30bf0
30bf5
30bf8
30bfe
30c04
30c07
30c10
30c16
30c1c
30c1f
30c28
30c30
30c38
30c3f
30c45
30c48
30c4b
30c51
30c5a
30c63
30c69
30c6f
30c77
30c7d
30c83
30c89
30c8e
30c95
30c9c
30ca3
30caa
30cb0
30cb4
30cbc
30cc1
30cc6
30ccf
30cd7
30cde
30ce4
30cea
30cf0
30cf8
30cff
30d07
30d0c
30d12
30d17
30d1e
30d24
30d2b
30d30
30d36
30d3b
30d40
30d45
30d4d
30d53
30d56
30d5e
30d63
30d65
30d6a
30d70
30d73
30d76
30d7c
30d85
30d8b
30d91
30d94
30d9d
30da5
30dad
30db4
30dba
30dbd
30dc6
30dcc
30dd5
30ddb
30de1
30de9
30def
30df5
30dfb
30e00
30e03
30e0a
30e11
30e18
30e1f
30e25
30e29
30e31
30e3a
30e41
30e47
30e4f
30e54
30e59
30e5e
30e65
30e6b
30e72
30e77
30e7d
30e83
30e89
30e91
30e98
30ea0
30ea5
30eab
30eb0
30eb5
30eba
30ec2
30eca
30ecf
30ed5
30ed8
30eda
30edf
30ee2
30ee8
30eeb
30ef1
30efa
30f00
30f06
30f09
30f0c
30f15
30f1b
30f24
30f2a
30f30
30f38
30f3e
30f44
30f4a
30f4f
30f58
30f60
30f68
30f6f
30f75
30f78
30f7f
30f86
30f8d
30f94
30f9a
30f9e
30fa6
30fab
30fb0
30fb8
30fc1
30fc8
30fce
30fd3
30fda
30fe0
30fe7
30fec
30ff2
30ff8
30ffe
31006
3100d
31015
3101a
31020
31025
3102a
3102f
31037
3103d
31040
31048
3104d
3104f
31054
31057
3105d
31060
31066
3106f
31075
3107b
3107e
31084
3108d
31096
3109c
310a2
310aa
310b0
310b6
310bc
310c1
310c4
310cd
310d5
310dd
310e4
310ea
310ed
310f4
310fb
31102
31109
3110f
31113
3111b
31120
31125
3112d
31136
3113d
31143
31148
3114f
31155
3115c
31161
31167
3116d
31173
3117b
31182
3118a
3118f
31195
3119a
3119f
311a4
311ac
311b2
311b5
311bd
311c2
311c4
311c9
311cc
311d2
311d5
311de
311e4
311ed
311f3
311f9
31201
31207
3120d
31213
31218
31221
31229
31231
31238
3123e
31241
31248
3124f
31256
3125d
31263
31267
3126f
31274
31279
31281
3128a
31291
31297
3129c
312a3
312a9
312b0
312b5
312bb
312c1
312c7
312cf
312d6
312de
312e3
312e9
312ee
312f3
312f8
31300
31306
31309
31311
31316
3131c
3131f
31321
31326
31329
3132f
31338
3133e
31344
31347
3134a
31350
31359
3135f
31365
31368
31371
31379
3137f
31387
3138e
31391
3139a
313a0
313a9
313b1
313b7
313bd
313c3
313c9
313cf
313d4
313d7
313de
313e5
313ec
313f3
313f9
313fd
31405
3140a
31411
31416
3141f
31425
3142d
31435
3143a
31442
31449
3144e
31454
3145b
31460
31466
3146c
31472
31479
31481
31486
3148c
31491
31496
3149c
3149f
314a7
314ac
314ae
314b3
314b6
314bc
314bf
314c5
314ce
314d4
314da
314dd
314e6
314ee
314f4
314fc
31503
31506
31509
31512
31518
31521
31529
3152f
31535
3153b
31541
31547
3154c
31553
3155a
31561
31568
3156e
31572
3157a
3157f
31586
3158b
31594
3159a
315a2
315aa
315af
315b7
315be
315c4
315ca
315d1
315d9
315de
315e4
315e9
315ef
315f6
315fb
31601
31606
3160b
31611
31614
31619
31621
31623
31628
3162b
31631
31634
3163a
31643
31649
3164f
31652
3165b
31663
31669
31671
31678
3167b
31681
3168a
31693
3169b
316a1
316a7
316ad
316b3
316b9
316be
316c1
316c8
316cf
316d6
316dd
316e3
316e7
316ef
316f4
316fb
31700
31709
3170f
31717
3171f
31727
3172e
31733
31738
3173e
31745
3174a
31750
31756
3175c
31763
3176b
31770
31776
3177b
31780
31785
3178d
31790
31796
31798
3179d
317a0
317a6
317a9
317af
317b8
317be
317c4
317c7
317d0
317d6
317df
317e7
317ed
317f3
317f9
317ff
31805
3180a
3180d
31816
3181e
31824
3182c
31833
31836
3183d
31844
3184b
31852
31858
3185c
31864
31869
31870
31875
3187e
31884
3188c
31894
31899
318a1
318a8
318ad
318b3
318ba
318bf
318c5
318cb
318d1
318d8
318e0
318e5
318eb
318f0
318f5
318fb
318fe
31906
3190b
3190d
31912
31915
3191b
31921
31924
3192d
31933
31939
3193c
31945
3194b
31954
3195c
31962
31968
3196e
31974
3197a
3197f
31982
3198b
31993
31999
319a1
319a8
319ab
319b2
319b9
319c0
319c7
319cd
319d1
319d9
319e1
319e9
319ee
319f5
319fa
31a03
31a09
31a0e
31a16
31a1d
31a22
31a28
31a2f
31a34
31a3a
31a40
31a46
31a4d
31a55
31a5a
31a60
31a65
31a6a
31a70
31a73
31a7b
31a80
31a82
31a87
31a8d
31a90
31a99
31a9f
31aa8
31ab0
31ab6
31abc
31ac2
31ac8
31ace
31ad3
31ad6
31adf
31ae7
31aed
31af5
31afc
31aff
31b06
31b0d
31b14
31b1b
31b21
31b25
31b2e
31b34
31b3c
31b44
31b4c
31b51
31b58
31b5d
31b62
31b6a
31b71
31b76
31b7c
31b83
31b88
31b8e
31b94
31b9a
31ba1
31ba9
31bae
31bb4
31bb9
31bbe
31bc4
31bc7
31bcf
31bd4
31bd7
31bdd
31bdf
31be4
31be7
31bed
31bf6
31bfc
31c02
31c05
31c08
31c0e
31c17
31c1d
31c23
31c26
31c2e
31c35
31c3e
31c46
31c4c
31c4f
31c52
31c58
31c61
31c6a
31c72
31c78
31c7e
31c84
31c8a
31c90
31c95
31c9c
31ca3
31caa
31cb1
31cb7
31cbb
31cc3
31cc8
31ccf
31cd7
31cdd
31ce4
31ce9
31cef
31cf8
31cfe
31d03
31d0b
31d13
31d18
31d1f
31d24
31d2a
31d30
31d37
31d3f
31d44
31d4a
31d4f
31d54
31d57
31d5d
31d62
31d6a
31d6c
31d71
31d74
31d7a
31d7d
31d83
31d8c
31d92
31d98
31d9b
31da3
31daa
31db3
31dbb
31dc1
31dc4
31dc7
31dcd
31dd6
31ddf
31de7
31ded
31df3
31df9
31dff
31e05
31e0a
31e11
31e18
31e1f
31e26
31e2c
31e30
31e38
31e3d
31e44
31e4c
31e52
31e59
31e5e
31e64
31e6d
31e73
31e78
31e80
31e88
31e8d
31e94
31e9a
31ea0
31ea7
31eaf
31eb4
31eba
31ebf
31ec4
31ec9
31ecf
31ed2
31eda
31edf
31ee1
31ee6
31ee9
31eef
31ef2
31ef8
31f01
31f07
31f0d
31f10
31f18
31f1f
31f28
31f30
31f36
31f39
31f3f
31f48
31f51
31f59
31f5f
31f65
31f6b
31f71
31f77
31f7c
31f7f
31f86
31f8d
31f94
31f9b
31fa1
31fa5
31fad
31fb2
31fb9
31fc1
31fc7
31fce
31fd3
31fd9
31fe2
31fe8
31fed
31ff5
31ffd
32004
32009
3200e
32014
3201a
32021
32029
3202e
32034
32039
3203e
32046
3204b
3204e
32054
32056
3205b
3205e
32064
32067
3206d
32076
3207c
32082
32085
32088
32091
32097
320a0
320a8
320ae
320b4
320ba
320c0
320c6
320cb
320d4
320dc
320e4
320eb
320f1
320f4
320fb
32102
32109
32110
32116
3211a
32122
32127
3212e
32136
3213c
32143
32148
3214e
32157
3215d
32162
3216a
32172
32177
3217e
32183
32189
3218f
32196
3219e
321a3
321a9
321ae
321b3
321b6
321bc
321c1
321c9
321cb
321d0
321d3
321d9
321dc
321e2
321eb
321f1
321f7
321fa
32200
32209
32212
3221a
32220
32226
3222c
32232
32238
3223d
32240
32249
32251
32259
32260
32266
32269
32270
32277
3227e
32285
3228b
3228f
32297
3229c
322a3
322ab
322b1
322b8
322bd
322c3
322cc
322d2
322da
322e2
322e7
322ec
322f3
322f8
322fe
32304
3230b
32313
32318
3231e
32323
32328
3232b
32331
32339
3233e
32340
32345
32348
3234e
32351
3235a
32360
32369
32371
32377
3237d
32383
32389
3238f
32394
3239d
323a5
323ad
323b4
323ba
323bd
323c4
323cb
323d2
323d9
323df
323e3
323ec
323f2
323fa
323ff
32406
3240e
32414
3241b
32420
32426
3242e
32436
3243b
32440
32447
3244c
32452
32458
3245f
32467
3246c
32472
32477
3247c
32482
32485
3248d
32492
32495
3249b
3249d
324a2
324a5
324ab
324b4
324ba
324c0
324c3
324c6
324cc
324d5
324db
324e1
324e4
324ed
324f5
324fd
32504
3250a
3250d
32513
3251c
32525
3252d
32533
32539
3253f
32545
3254b
32550
32553
3255a
32561
32568
3256f
32575
32579
32581
32588
32590
32595
3259c
325a2
325a9
325ae
325b4
325bd
325c3
325c8
325d0
325d8
325dd
325e2
325e8
325ee
325f5
325fd
32602
32608
3260d
32612
32618
3261b
32623
32628
3262a
3262f
32632
32638
3263b
32641
3264a
32650
32656
32659
32662
3266a
32672
32679
3267f
32682
3268b
32691
3269a
326a2
326a8
326ae
326b4
326ba
326c0
326c5
326c8
326cf
326d6
326dd
326e4
326ea
326ee
326f6
326fd
32705
3270a
32711
32717
3271e
32723
32729
32732
32738
3273d
32745
3274d
32752
32758
3275e
32765
3276d
32772
32778
3277d
32782
32787
3278d
32790
32798
3279d
3279f
327a4
327a7
327ad
327b0
327b6
327bf
327c5
327cb
327ce
327d7
327df
327e7
327ee
327f4
327f7
32800
32806
3280f
32817
3281d
32823
32829
3282f
32835
3283a
3283d
32844
3284b
32852
32859
3285f
32863
3286b
32872
3287a
3287f
32886
3288c
32893
32898
3289e
328a7
328ad
328b2
328ba
328c2
328c7
328cc
328d2
328d8
328df
328e7
328ec
328f2
328f7
328fc
32904
32909
3290f
32912
32914
32919
3291c
32922
32925
3292b
32934
3293a
32940
32943
3294c
32952
3295b
32963
32969
3296f
32975
3297b
32981
32986
32989
32992
3299a
329a2
329a9
329af
329b2
329b9
329c0
329c7
329ce
329d4
329d8
329e0
329e7
329ef
329f4
329fb
32a01
32a08
32a0d
32a13
32a1c
32a22
32a27
32a2f
32a37
32a3c
32a41
32a47
32a4d
32a54
32a5c
32a61
32a67
32a6c
32a71
32a77
32a7a
32a82
32a87
32a89
32a8e
32a91
32a97
32a9a
32aa0
32aa9
32aaf
32ab5
32ab8
32ac1
32ac7
32ad0
32ad8
32ade
32ae4
32aea
32af0
32af6
32afb
32afe
32b07
32b0f
32b17
32b1e
32b24
32b27
32b2e
32b35
32b3c
32b43
32b49
32b4d
32b55
32b5c
32b64
32b69
32b70
32b76
32b7d
32b82
32b88
32b91
32b97
32b9f
32ba7
32bac
32bb1
32bb6
32bbc
32bc2
32bc9
32bd1
32bd6
32bdc
32be1
32be6
32be9
32bef
32bf4
32bfc
32bfe
32c03
32c06
32c0c
32c0f
32c18
32c1e
32c27
32c2f
32c35
32c3b
32c41
32c47
32c4d
32c52
32c5b
32c63
32c6b
32c72
32c78
32c7b
32c82
32c89
32c90
32c97
32c9d
32ca1
32ca9
32cb0
32cb9
32cbf
32cc7
32ccc
32cd3
32cd9
32ce0
32ce5
32ceb
32cf3
32cfb
32d00
32d05
32d0a
32d10
32d16
32d1d
32d25
32d2a
32d30
32d35
32d3a
32d40
32d43
32d4b
32d50
32d53
32d59
32d5b
32d60
32d63
32d69
32d72
32d78
32d7e
32d81
32d84
32d8a
32d93
32d99
32d9f
32da2
32dab
32db3
32dbb
32dc2
32dc8
32dcb
32dd4
32ddc
32de2
32de8
32dee
32df4
32dfa
32dff
32e02
32e09
32e10
32e17
32e1e
32e24
32e28
32e30
32e37
32e3f
32e44
32e4b
32e51
32e58
32e5d
32e63
32e6c
32e72
32e77
32e7f
32e87
32e8c
32e91
32e97
32e9d
32ea4
32eac
32eb1
32eb7
32ebc
32ec1
32ec4
32eca
32ecf
32ed7
32ed9
32ede
32ee1
32ee7
32eea
32ef0
32ef9
32eff
32f05
32f08
32f11
32f19
32f21
32f28
32f2e
32f31
32f3a
32f42
32f48
32f4e
32f54
32f5a
32f60
32f65
32f68
32f6f
32f76
32f7d
32f84
32f8a
32f8e
32f96
32f9d
32fa5
32faa
32fb1
32fb7
32fbe
32fc3
32fc9
32fd2
32fd8
32fdd
32fe5
32fed
32ff2
32ff8
32ffe
33005
3300d
33012
33018
3301d
33022
33027
3302d
33030
33038
3303d
3303f
33044
33047
3304d
33050
33056
3305f
33065
3306b
3306e
33077
3307f
33087
3308e
33094
33097
330a0
330a8
330ae
330b4
330ba
330c0
330c6
330cb
330ce
330d5
330dc
330e3
330ea
330f0
330f4
330fc
33103
3310b
33110
33117
3311d
33124
33129
3312f
33138
3313e
33143
3314b
33153
33158
3315d
33163
33169
33170
33178
3317d
33183
33188
3318d
33192
3319a
3319d
331a3
331a5
331aa
331ad
331b3
331b6
331bc
331c5
331cb
331d1
331d4
331dd
331e5
331eb
331f1
331f7
331fd
33203
33208
3320b
33214
3321c
33224
3322b
33231
33234
3323b
33242
33249
33250
33256
3325a
33262
33269
33271
33276
3327d
33283
3328a
3328f
33295
3329e
332a4
332a9
332b1
332b9
332be
332c3
332c9
332cf
332d6
332de
332e3
332e9
332ee
332f3
332f6
332fc
33301
33309
3330b
33310
33313
33319
3331c
33322
3332b
33331
33337
3333a
33343
3334b
33351
33357
3335d
33363
33369
3336e
33371
3337a
33382
3338a
33391
33397
3339a
333a1
333a8
333af
333b6
333bc
333c0
333c8
333cf
333d7
333dc
333e3
333e9
333f0
333f5
333fb
33404
3340a
33412
3341a
3341f
33424
33429
3342f
33435
3343c
33444
33449
3344f
33454
33459
3345c
33462
33467
3346f
33471
33476
33479
3347f
33488
33490
33496
3349c
334a2
334a8
334ae
334b3
334b6
334bf
334c7
334cf
334d6
334dc
334df
334e6
334ed
334f4
334fb
33501
33505
3350d
33514
3351d
33523
3352b
33530
33537
3353d
33544
33549
3354f
33557
3355f
33564
33569
3356e
33574
3357a
33581
33589
3358e
33594
33599
3359e
335a4
335a7
335af
335b4
335b7
335bd
335bf
335c4
335c7
335cd
335d6
335dc
335e2
335e5
335e8
335ee
335f7
335fd
33603
33606
3360f
33617
3361f
33626
3362c
3362f
33638
33640
33646
3364c
33652
33658
3365e
33663
33666
3366d
33674
3367b
33682
33688
3368c
33694
3369b
336a3
336a8
336af
336b5
336bc
336c1
336c7
336d0
336d6
336db
336e3
336eb
336f0
336f5
336fb
33701
33708
33710
33715
3371b
33720
33725
3372b
3372e
33736
3373b
3373d
33742
33745
3374b
3374e
33754
3375d
33763
33769
3376c
33775
3377d
33785
3378c
33792
33795
3379e
337a6
337ac
337b2
337b8
337be
337c4
337c9
337cc
337d3
337da
337e1
337e8
337ee
337f2
337fa
33801
33809
3380e
33815
3381b
33822
33827
3382d
33836
3383c
33841
33849
33851
33856
3385c
33862
33869
33871
33876
3387c
33881
33886
3388b
33891
33894
3389c
338a1
338a3
338a8
338ab
338b1
338b4
338ba
338c3
338c9
338cf
338d2
338db
338e3
338eb
338f2
338f8
338fb
33904
3390c
33912
33918
3391e
33924
3392a
3392f
33932
33939
33940
33947
3394e
33954
33958
33960
33967
3396f
33974
3397b
33981
33988
3398d
33993
3399c
339a2
339a7
339af
339b7
339bc
339c1
339c7
339cd
339d4
339dc
339e1
339e7
339ec
339f1
339f6
339fe
33a01
33a07
33a09
33a0e
33a11
33a17
33a1a
33a20
33a29
33a2f
33a35
33a38
33a41
33a49
33a4f
33a55
33a5b
33a61
33a67
33a6c
33a6f
33a78
33a80
33a88
33a8f
33a95
33a98
33a9f
33aa6
33aad
33ab4
33aba
33abe
33ac6
33acd
33ad5
33ada
33ae1
33ae7
33aee
33af3
33af9
33b02
33b08
33b0d
33b15
33b1d
33b22
33b27
33b2d
33b33
33b3a
33b42
33b47
33b4d
33b52
33b57
33b5d
33b60
33b68
33b6d
33b6f
33b74
33b77
33b7d
33b80
33b86
33b8f
33b95
33b9b
33b9e
33ba1
33baa
33bb2
33bb8
33bbe
33bc4
33bca
33bd0
33bd5
33bde
33be6
33bee
33bf5
33bfb
33bfe
33c05
33c0c
33c13
33c1a
33c20
33c24
33c2c
33c33
33c3b
33c40
33c47
33c4d
33c54
33c59
33c5f
33c68
33c6e
33c76
33c7e
33c83
33c88
33c8d
33c93
33c99
33ca0
33ca8
33cad
33cb3
33cb8
33cbd
33cc3
33cc6
33cce
33cd3
33cd5
33cda
33cdd
33ce3
33ce6
33cef
33cf7
33cfd
33d03
33d09
33d0f
33d15
33d1a
33d23
33d2b
33d33
33d3a
33d40
33d43
33d4a
33d51
33d58
33d5f
33d65
33d69
33d71
33d78
33d81
33d87
33d8f
33d94
33d9b
33da1
33da8
33dad
33db3
33dbb
33dc3
33dc8
33dcd
33dd2
33dd8
33dde
33de5
33ded
33df2
33df8
33dfd
33e02
33e08
33e0b
33e13
33e18
33e1b
33e21
33e23
33e28
33e31
33e37
33e3d
33e40
33e49
33e4f
33e55
33e58
33e61
33e69
33e71
33e78
33e7e
33e81
33e8a
33e92
33e98
33e9e
33ea4
33eaa
33eb0
33eb5
33eb8
33ebf
33ec6
33ecd
33ed4
33eda
33ede
33ee6
33eed
33ef5
33efa
33f01
33f07
33f0e
33f13
33f19
33f22
33f28
33f2d
33f35
33f3d
33f42
33f47
33f4d
33f53
33f58
33f5e
33f65
33f6d
33f72
33f77
33f7a
33f80
33f86
33f89
33f91
33f96
33f98
33f9d
33fa6
33fac
33fb2
33fb5
33fbe
33fc6
33fce
33fd5
33fdb
33fde
33fe1
33fea
33ff2
33ff8
33ffe
34004
3400a
34010
34015
3401c
34023
3402a
34031
34037
3403b
34043
3404a
34052
34057
3405e
34064
3406b
34070
34076
3407f
34085
3408a
34092
3409a
3409f
340a5
340ab
340b0
340b6
340bd
340c5
340ca
340cf
340d4
340da
340dd
340e3
340e6
340ee
340f3
340f5
340fa
34103
34109
3410f
34112
3411b
34123
3412b
34132
34138
3413b
34144
3414c
34152
34158
3415e
34164
3416a
3416f
34172
34179
34180
34187
3418e
34194
34198
341a0
341a7
341af
341b4
341bb
341c1
341c8
341cd
341d3
341dc
341e2
341e7
341ef
341f7
341fc
34201
34207
3420d
34212
34218
3421f
34227
3422c
34231
34237
3423a
34242
34247
3424d
34250
34252
34257
34260
34266
3426c
3426f
34278
34280
34286
3428c
34292
34298
3429e
342a3
342a6
342af
342b7
342bf
342c6
342cc
342cf
342d6
342dd
342e4
342eb
342f1
342f5
342fd
34304
3430c
34311
34318
3431e
34325
3432a
34330
34339
3433f
34344
3434c
34354
34359
3435e
34364
3436a
3436f
34375
3437c
34384
34389
3438e
34391
34397
3439d
343a0
343a8
343ad
343af
343b4
343bd
343c3
343c9
343cc
343d5
343dd
343e3
343e9
343ef
343f5
343fb
34400
34403
3440c
34414
3441c
34423
34429
3442c
34433
3443a
34441
34448
3444e
34452
3445a
34461
34469
3446e
34475
3447b
34482
34487
3448d
34496
3449c
344a4
344ac
344b1
344b6
344bb
344c1
344c7
344cc
344d2
344d9
344e1
344e6
344eb
344ee
344f4
344fa
344fd
34505
3450a
3450c
34511
3451a
34522
34528
3452e
34534
3453a
34540
34545
34548
34551
34559
34561
34568
3456e
34571
34578
3457f
34586
3458d
34593
34597
3459f
345a6
345af
345b5
345bd
345c2
345c9
345cf
345d6
345db
345e1
345e9
345f1
345f6
345fb
34600
34606
3460c
34611
34617
3461e
34626
3462b
34630
34633
34639
3463f
34642
3464a
3464f
34651
34656
3465f
34665
3466b
3466e
34677
3467d
34683
34686
3468f
34697
3469f
346a6
346ac
346af
346b7
346be
346c6
346cb
346d2
346d8
346df
346e4
346ea
346f3
346f9
346fe
34706
3470e
34713
34718
3471e
34724
3472b
34733
34738
3473e
34743
34748
34750
34755
34758
3475e
34764
34767
34769
3476e
34777
3477d
34783
34786
3478f
34797
3479f
347a6
347ac
347af
347b7
347be
347c6
347cb
347d2
347d8
347df
347e4
347ea
347f3
347f9
347fe
34806
3480e
34813
34819
3481f
34826
3482e
34833
34839
3483e
34843
34848
34850
34855
34858
3485e
34861
34867
34869
3486e
34877
3487d
34883
34886
3488f
34897
3489f
348a6
348ac
348af
348b7
348be
348c6
348cb
348d2
348d8
348df
348e4
348ea
348f3
348f9
348fe
34906
3490e
34913
34918
3491e
34924
3492b
34933
34938
3493e
34943
34948
34950
34955
3495b
3495e
34961
34967
34969
3496e
34977
3497d
34983
34986
3498f
34997
3499f
349a6
349ac
349af
349b7
349be
349c6
349cb
349d2
349d8
349df
349e4
349ea
349f3
349f9
349fe
34a06
34a0e
34a13
34a18
34a1e
34a24
34a2b
34a33
34a38
34a3e
34a43
34a48
34a50
34a55
34a5b
34a5e
34a64
34a67
34a69
34a6e
34a77
34a7d
34a83
34a86
34a8f
34a97
34a9f
34aa6
34aac
34aaf
34ab7
34abe
34ac6
34acb
34ad2
34ad8
34adf
34ae4
34aea
34af3
34af9
34b01
34b09
34b0e
34b13
34b18
34b1e
34b24
34b2b
34b33
34b38
34b3e
34b43
34b48
34b50
34b55
34b58
34b5e
34b64
34b67
34b69
34b6e
34b77
34b7f
34b87
34b8e
34b94
34b97
34b9f
34ba6
34baf
34bb5
34bbd
34bc2
34bc9
34bcf
34bd6
34bdb
34be1
34be9
34bf1
34bf6
34bfb
34c00
34c06
34c0c
34c13
34c1b
34c20
34c26
34c2b
34c30
34c38
34c3d
34c40
34c46
34c4c
34c4f
34c51
34c56
34c5f
34c65
34c6b
34c6e
34c77
34c7d
34c83
34c86
34c8e
34c95
34c9d
34ca2
34ca9
34caf
34cb6
34cbb
34cc1
34cca
34cd0
34cd5
34cdd
34ce5
34cea
34cef
34cf5
34cfb
34d02
34d0a
34d0f
34d15
34d1a
34d1f
34d27
34d2c
34d32
34d35
34d3b
34d3e
34d40
34d45
34d4e
34d54
34d5a
34d5d
34d65
34d6c
34d74
34d79
34d80
34d86
34d8d
34d92
34d98
34da1
34da7
34dac
34db4
34dbc
34dc1
34dc7
34dcd
34dd4
34ddc
34de1
34de7
34dec
34df1
34df6
34dfe
34e03
34e06
34e0c
34e12
34e15
34e17
34e1c
34e25
34e2b
34e31
34e34
34e3c
34e43
34e4b
34e50
34e57
34e5d
34e64
34e69
34e6f
34e78
34e7e
34e83
34e8b
34e93
34e98
34e9d
34ea3
34ea9
34eb0
34eb8
34ebd
34ec3
34ec8
34ecd
34ed5
34eda
34ee0
34ee3
34ee9
34eec
34eee
34ef3
34efc
34f02
34f08
34f0b
34f13
34f1a
34f22
34f27
34f2e
34f34
34f3b
34f40
34f46
34f4f
34f55
34f5a
34f62
34f6a
34f6f
34f74
34f7a
34f80
34f87
34f8f
34f94
34f9a
34f9f
34fa4
34fac
34fb1
34fb7
34fba
34fc0
34fc3
34fc5
34fca
34fd3
34fd9
34fdf
34fe2
34fea
34ff1
34ff9
34ffe
35005
3500b
35012
35017
3501d
35026
3502c
35034
3503c
35041
35046
3504b
35051
35057
3505e
35066
3506b
35071
35076
3507b
35083
35088
3508e
35091
35094
3509a
3509c
350a1
350a9
350b0
350b9
350bf
350c7
350cc
350d3
350d9
350e0
350e5
350eb
350f3
350fb
35100
35105
3510a
35110
35116
3511d
35125
3512a
35130
35135
3513a
35142
35147
3514d
35150
35156
35159
3515b
35160
35163
35166
35169
3516f
35175
3517a
3517f
35185
3518b
35191
35194
35197
3519c
3519f
351a8
351ae
351b4
351bb
351be
351c2
351c8
351cd
351d6
351dc
351e3
351e9
351ec
351f0
351f3
351f6
351fe
35207
35210
35215
3521b
35220
35226
35228
3522b
3522e
35231
35234
3523a
35240
35245
3524a
35250
35256
3525c
3525f
35262
35267
3526a
35273
35279
3527f
35286
35289
3528d
35293
35298
352a1
352a7
352ae
352b4
352b7
352bb
352be
352c1
352c9
352d2
352db
352e0
352e6
352eb
352f1
352f3
352f6
352f9
352fc
352ff
35305
3530b
35310
35315
3531b
35321
35327
3532a
3532f
35332
35335
3533e
35344
3534a
35351
35354
35358
3535e
35363
3536c
35372
35379
3537f
35382
35386
35389
3538c
35394
3539d
353a6
353ab
353b1
353b6
353bc
353be
353c1
353c4
353c7
353cd
353d3
353d6
353d9
353df
353e5
353ea
353ef
353f5
353f8
353fd
35400
35409
3540f
35415
3541c
3541f
35423
35429
3542e
35437
3543d
35444
3544a
3544d
35451
35454
35457
3545f
35468
35471
35476
3547c
35481
35487
35489
3548c
3548f
35492
35498
3549e
354a1
354a4
354aa
354b0
354b5
354ba
354c0
354c3
354c8
354cb
354d4
354da
354e0
354e7
354ea
354ee
354f4
354f9
35502
35508
3550f
35515
35518
3551c
3551f
35522
3552a
35533
3553c
35541
35547
3554c
35552
35554
35557
3555a
35560
35566
3556c
3556f
35572
35578
3557e
35583
35588
3558b
35590
35593
3559c
355a2
355a8
355af
355b2
355b6
355bc
355c1
355ca
355d0
355d7
355dd
355e0
355e4
355e7
355ea
355f2
355fb
35604
3560a
3560f
35614
3561a
3561d
3561f
35622
35625
35628
3562b
35631
35636
3563b
3563e
35641
3564a
35650
35656
3565d
35660
35664
3566d
35673
35679
35680
35683
35687
3568a
35693
35699
356a1
356aa
356af
356b5
356ba
356bc
356bf
356c2
356c5
356c8
356ce
356d3
356d8
356db
356de
356e7
356ed
356f3
356fa
356fd
35701
3570a
35710
35716
3571d
35720
35724
35727
35730
35736
3573e
35747
3574c
35752
35757
35759
3575c
3575f
35762
35765
3576b
35770
35775
35778
3577b
35784
3578a
35790
35797
3579a
3579e
357a7
357ad
357b3
357ba
357bd
357c1
357c4
357cd
357d3
357db
357e4
357e9
357ef
357f4
357f6
357f9
357fc
357ff
35802
35808
3580d
35812
35815
35818
35821
35827
3582d
35834
35837
3583b
35844
3584a
35850
35857
3585a
3585e
35861
3586a
35870
35878
35881
35886
3588c
35891
35893
35896
35899
3589c
3589f
358a5
358aa
358af
358b2
358b5
358be
358c4
358ca
358d1
358d4
358d8
358e1
358e7
358ed
358f4
358f7
358fb
358fe
35907
3590d
35915
3591e
35923
35929
3592e
35930
35933
35936
35939
3593f
35944
35949
3594c
3594f
35958
3595e
35964
3596b
3596e
35972
3597b
35981
35987
3598e
35991
35995
35998
359a1
359a7
359af
359b8
359be
359c3
359c8
359cb
359cd
359d0
359d3
359d6
359d9
359df
359e4
359e7
359ea
359f3
359f9
359ff
35a06
35a09
35a0d
35a16
35a1c
35a22
35a29
35a2c
35a30
35a39
35a3f
35a47
35a50
35a55
35a5b
35a60
35a62
35a65
35a68
35a6b
35a6e
35a74
35a79
35a7c
35a7f
35a88
35a8e
35a94
35a9b
35a9e
35aa2
35aab
35ab1
35ab7
35abe
35ac1
35ac5
35ace
35ad4
35adc
35ae5
35aea
35af0
35af5
35af7
35afa
35afd
35b00
35b03
35b09
35b0e
35b11
35b14
35b1d
35b23
35b29
35b30
35b33
35b37
35b40
35b46
35b4c
35b53
35b56
35b5a
35b63
35b69
35b71
35b7a
35b7f
35b85
35b8a
35b8c
35b8f
35b92
35b95
35b98
35b9e
35ba3
35ba6
35ba9
35bb2
35bb8
35bbe
35bc5
35bc8
35bcc
35bd5
35bdb
35be1
35be8
35beb
35bef
35bf8
35bfe
35c06
35c0f
35c14
35c1a
35c1f
35c21
35c24
35c27
35c2a
35c2d
35c33
35c38
35c3b
35c3e
35c47
35c4d
35c53
35c5a
35c5d
35c61
35c6a
35c70
35c76
35c7d
35c80
35c84
35c8d
35c93
35c9b
35ca4
35ca9
35caf
35cb4
35cb6
35cb9
35cbc
35cbf
35cc5
35cca
35ccd
35cd0
35cd9
35cdf
35ce5
35cec
35cef
35cf3
35cfc
35d02
35d08
35d0f
35d12
35d16
35d1f
35d25
35d2d
35d36
35d3c
35d41
35d46
35d49
35d4b
35d4e
35d51
35d57
35d5c
35d5f
35d62
35d6b
35d71
35d77
35d7e
35d81
35d85
35d8e
35d94
35d9c
35da5
35dab
35db0
35db5
35db8
35dba
35dbd
35dc0
35dc6
35dcb
35dce
35dd1
35dda
35de0
35de6
35ded
35df0
35df4
35dfd
35e03
35e0b
35e14
35e1a
35e1f
35e24
35e27
35e29
35e2c
35e2f
35e35
35e3a
35e3d
35e40
35e49
35e4f
35e55
35e5c
35e5f
35e63
35e6c
35e72
35e7a
35e83
35e89
35e8e
35e93
35e96
35e98
35e9b
35e9e
35ea4
35ea9
35eac
35eaf
35eb8
35ebe
35ec4
35ecb
35ece
35ed2
35edb
35ee1
35ee9
35ef2
35ef8
35efd
35f02
35f05
35f07
35f0a
35f0d
35f13
35f18
35f1b
35f1e
35f27
35f2d
35f33
35f3a
35f3d
35f41
35f4a
35f50
35f58
35f61
35f67
35f6c
35f71
35f74
35f76
35f79
35f7c
35f82
35f87
35f8a
35f8d
35f96
35f9c
35fa2
35fa9
35fac
35fb0
35fb9
35fbf
35fc7
35fd0
35fd6
35fdb
35fe0
35fe3
35fe5
35fe8
35feb
35ff1
35ff6
35ff9
35ffc
36005
3600b
36011
36018
3601b
3601f
36028
3602e
36036
3603f
36045
3604a
3604f
36052
36054
36057
3605a
36060
36065
36068
3606b
36074
3607a
36080
36087
3608a
3608e
36097
3609d
360a5
360ae
360b4
360b9
360be
360c1
360c3
360c6
360c9
360cf
360d4
360d7
360da
360e3
360e9
360ef
360f6
360f9
360fd
36106
3610c
36114
3611d
36123
36128
3612d
36130
36132
36135
36138
3613e
36143
36146
36149
36152
36158
3615e
36165
36168
3616c
36175
3617b
36183
3618c
36192
36197
3619c
3619f
361a1
361a4
361a7
361ad
361b2
361b5
361b8
361c1
361c7
361cd
361d4
361d7
361db
361e4
361ea
361f2
361fb
36201
36206
3620b
3620e
36210
36213
36216
3621c
36221
36224
36227
36230
36236
3623c
36243
36246
3624a
36253
36259
36261
3626a
36270
36275
3627a
3627d
3627f
36282
36285
3628b
36290
36293
36296
3629f
362a5
362ab
362b2
362b5
362b9
362c2
362c8
362d0
362d9
362df
362e4
362e9
362ec
362ee
362f1
362f4
362fa
362ff
36302
36305
3630e
36314
3631a
36321
36324
36328
36331
36337
3633f
36348
3634e
36353
36358
3635b
3635d
36360
36363
36369
3636e
36371
36374
3637d
36383
36389
36390
36393
36397
363a0
363a6
363ae
363b7
363bd
363c2
363c7
363ca
363cc
363cf
363d2
363d8
363dd
363e0
363e3
363ec
363f2
363f8
363ff
36402
36406
3640f
36415
3641d
36426
3642c
36431
36436
36439
3643b
3643e
36441
36447
3644c
3644f
36452
3645b
36461
36467
3646e
36471
36475
3647e
36484
3648c
36495
3649b
364a0
364a5
364a8
364aa
364ad
364b0
364b6
364bb
364be
364c1
364ca
364d0
364d6
364dd
364e0
364e4
364ed
364f3
364fb
36504
3650a
3650f
36514
36517
36519
3651c
3651f
36525
3652a
3652d
36530
36539
3653f
36545
3654c
3654f
36553
3655c
36562
3656a
36573
36579
3657e
36583
36586
36588
3658b
3658e
36594
36599
3659c
3659f
365a8
365ae
365b4
365bb
365be
365c2
365cb
365d1
365d9
365e2
365e8
365ed
365f2
365f5
365f7
365fa
365fd
36603
36608
3660b
3660e
36617
3661d
36623
3662a
3662d
36631
3663a
36640
36648
36651
36657
3665c
36661
36664
36666
36669
3666c
36672
36677
3667a
3667d
36686
3668c
36692
36699
3669c
366a0
366a9
366af
366b7
366c0
366c6
366cb
366d0
366d3
366d5
366d8
366db
366e1
366e6
366e9
366ec
366f5
366fb
36701
36708
3670b
3670f
36718
3671e
36726
3672f
36735
3673a
3673f
36742
36744
36747
3674a
36750
36755
36758
3675b
36764
3676a
36770
36777
3677a
3677e
36787
3678d
36795
3679e
367a4
367a9
367ae
367b1
367b3
367b6
367b9
367be
367c1
367c4
367cd
367d4
367da
367e0
367e4
367e7
367ef
367f8
367fd
36806
3680c
36812
36817
3681a
3681c
3681f
36822
36827
3682a
3682d
36836
3683d
36843
36849
3684d
36850
36858
36861
36866
3686f
36875
3687b
36880
36883
36885
36888
3688b
36890
36893
36896
3689f
368a6
368ac
368b2
368b6
368b9
368c1
368ca
368cf
368d8
368de
368e4
368e9
368ec
368ee
368f1
368f4
368f9
368fc
368ff
36908
3690f
36915
3691b
3691f
36922
3692a
36933
36938
36941
36947
3694d
36952
36955
36957
3695a
3695d
36962
36965
36968
36971
36978
3697e
36984
36988
3698b
36993
3699c
369a1
369aa
369b0
369b6
369bb
369be
369c0
369c3
369c6
369cb
369ce
369d1
369da
369e1
369e7
369ed
369f1
369f4
369fc
36a05
36a0a
36a13
36a19
36a1f
36a24
36a27
36a29
36a2c
36a2f
36a32
36a35
36a3e
36a45
36a4b
36a51
36a55
36a58
36a60
36a69
36a6e
36a77
36a7d
36a83
36a88
36a8b
36a8d
36a90
36a93
36a96
36a99
36aa2
36aa9
36aaf
36ab5
36ab9
36abc
36ac4
36acd
36ad2
36adb
36ae1
36ae7
36aec
36aef
36af1
36af4
36af7
36afa
36afd
36b06
36b0d
36b13
36b19
36b1d
36b20
36b28
36b31
36b36
36b3f
36b45
36b4b
36b50
36b53
36b55
36b58
36b5b
36b5e
36b61
36b6a
36b71
36b77
36b7d
36b81
36b84
36b8c
36b95
36b9a
36ba3
36ba9
36baf
36bb4
36bb7
36bb9
36bbc
36bbf
36bc2
36bc5
36bce
36bd5
36bdb
36be1
36be5
36be8
36bf0
36bf9
36bfe
36c07
36c0d
36c13
36c18
36c1b
36c1d
36c20
36c23
36c26
36c29
36c32
36c39
36c3f
36c45
36c49
36c4c
36c54
36c5d
36c62
36c6b
36c71
36c77
36c7c
36c7f
36c81
36c84
36c87
36c8a
36c92
36c9b
36ca0
36ca9
36caf
36cb5
36cba
36cbd
36cbf
36cc2
36cc5
36cc8
36cd0
36cd9
36cde
36ce7
36ced
36cf3
36cf8
36cfb
36cfd
36d00
36d03
36d06
36d0e
36d17
36d1c
36d25
36d2b
36d31
36d36
36d39
36d3b
36d3e
36d41
36d44
36d4c
36d55
36d5a
36d63
36d69
36d6f
36d74
36d77
36d79
36d7c
36d7f
36d82
36d8a
36d93
36d98
36da1
36da7
36dad
36db2
36db5
36db7
36dba
36dbd
36dc0
36dc8
36dd1
36dd6
36ddf
36de5
36deb
36df0
36df3
36df5
36df8
36e01
36e09
36e12
36e18
36e1d
36e22
36e28
36e2b
36e2e
36e30
36e39
36e41
36e4a
36e50
36e55
36e5a
36e60
36e63
36e66
36e68
36e71
36e79
36e82
36e88
36e8d
36e92
36e98
36e9b
36e9e
36ea0
36ea9
36eb1
36eba
36ec0
36ec5
36eca
36ed0
36ed3
36ed6
36ed8
36ee1
36ee9
36ef2
36ef8
36efd
36f02
36f08
36f0b
36f0e
36f10
36f19
36f21
36f2a
36f30
36f35
36f3a
36f40
36f43
36f46
36f48
36f51
36f59
36f62
36f68
36f6d
36f72
36f78
36f7b
36f7e
36f80
36f89
36f91
36f9a
36fa0
36fa5
36faa
36fb0
36fb3
36fb6
36fb8
36fc1
36fc9
36fd2
36fd8
36fdd
36fe2
36fe8
36feb
36fee
36ff0
36ff9
37001
3700a
37010
37015
3701a
37020
37023
37026
37028
37031
37039
37042
37048
3704d
37052
37058
3705b
3705e
37060
37069
37071
3707a
37080
37085
3708a
37090
37093
37096
37098
3709b
370a1
370aa
370b0
370b6
370b9
370bf
370c2
370cb
370d1
370d7
370da
370e3
370e9
370f2
370f8
370fe
37104
3710a
37113
3711b
37121
37127
3712c
3712f
37138
37140
37148
3714f
37155
37158
37161
37167
37170
37176
3717f
37185
3718b
37194
3719a
371a0
371a6
371ab
371b1
371b9
371bc
371c3
371ca
371d0
371d7
371de
371e2
371eb
371f1
371f7
371fa
37200
37209
37211
37217
3721d
37223
37229
3722e
37231
37238
3723f
37246
3724d
37253
37257
37260
37268
37270
37277
3727d
37280
37288
3728d
37292
3729b
372a1
372a7
372ac
372b4
372bb
372c0
372c7
372cd
372d2
372d9
372df
372e5
372ea
372f2
372fa
37300
37305
3730d
37314
37319
3731b
37320
37323
37329
37331
37336
3733c
3733f
37342
37348
37351
37357
3735d
37360
37369
3736f
37378
3737e
37384
3738a
37390
37399
373a1
373a7
373ad
373b2
373b5
373be
373c6
373ce
373d5
373db
373de
373e7
373ed
373f6
373fc
37405
3740b
37411
3741a
37420
37426
3742c
37431
37437
3743f
37442
37449
37450
37456
3745d
37464
37468
37471
37477
3747d
37480
37486
3748f
37497
3749d
374a3
374a9
374af
374b4
374b7
374be
374c5
374cc
374d3
374d9
374dd
374e6
374ee
374f6
374fd
37503
37506
3750e
37513
37518
37521
37527
3752d
37532
3753a
37541
37546
3754d
37553
37558
3755f
37565
3756b
37570
37578
37580
37586
3758b
37593
3759a
3759f
375a1
375a6
375a9
375af
375b7
375bc
375c2
375c5
375c8
375ce
375d7
375dd
375e3
375e6
375ef
375f5
375fe
37604
3760a
37610
37616
3761f
37627
3762d
37633
37638
3763b
37644
3764c
37654
3765b
37661
37664
3766d
37673
3767c
37682
3768b
37691
37697
376a0
376a6
376ac
376b2
376b7
376bd
376c5
376c8
376cf
376d6
376dc
376e3
376ea
376ee
376f7
376fd
37700
37706
3770c
37715
3771d
37723
37729
3772f
37735
3773a
3773d
37744
3774b
37752
37759
3775f
37763
3776c
37774
3777c
37783
37789
3778c
37794
37799
3779e
377a7
377ad
377b3
377b8
377c0
377c7
377cc
377d3
377d9
377de
377e5
377eb
377f1
377f6
377fe
37806
3780c
37811
37819
37820
37825
37827
3782c
3782f
37835
3783d
37842
37848
3784b
3784e
37854
3785d
37863
37869
3786c
37875
3787b
37884
3788a
37890
37899
3789f
378a5
378ab
378b0
378b6
378be
378c1
378ca
378d0
378d9
378df
378e5
378eb
378f1
378fa
37902
37908
3790e
37913
37916
3791f
37927
3792f
37936
3793c
3793f
37948
3794e
37955
3795c
37962
37969
37970
37974
3797d
37983
37986
3798c
37992
3799b
379a3
379a9
379af
379b5
379bb
379c0
379c3
379ca
379d1
379d8
379df
379e5
379e9
379f2
379fa
37a02
37a09
37a0f
37a12
37a1a
37a1f
37a24
37a2d
37a33
37a39
37a3e
37a46
37a4d
37a52
37a59
37a5f
37a64
37a6b
37a71
37a77
37a7c
37a84
37a8c
37a92
37a97
37a9f
37aa6
37aab
37aad
37ab2
37ab5
37abb
37ac3
37ac8
37ace
37ad1
37ad4
37ada
37ae3
37ae9
37aef
37af2
37af5
37afe
37b04
37b0d
37b13
37b19
37b1f
37b25
37b2a
37b33
37b39
37b3f
37b47
37b4d
37b56
37b5f
37b65
37b68
37b6e
37b74
37b7a
37b83
37b8b
37b91
37b97
37b9c
37ba5
37bad
37bb5
37bbc
37bc2
37bc5
37bce
37bd4
37bdb
37be2
37be8
37bef
37bf6
37bfa
37c03
37c09
37c0c
37c12
37c18
37c21
37c29
37c2f
37c35
37c3b
37c41
37c46
37c49
37c50
37c57
37c5e
37c65
37c6b
37c6f
37c78
37c80
37c88
37c8f
37c95
37c98
37ca1
37ca7
37cad
37cb2
37cba
37cbf
37cc4
37ccc
37cd3
37cd8
37cdf
37ce5
37cea
37cf1
37cf7
37cfd
37d05
37d0d
37d12
37d18
37d1d
37d25
37d2c
37d31
37d33
37d38
37d3b
37d41
37d49
37d4e
37d54
37d57
37d60
37d66
37d69
37d6f
37d78
37d7e
37d87
37d8d
37d96
37d9c
37da2
37da8
37dad
37db3
37dbb
37dc1
37dca
37dd3
37dd9
37ddf
37de5
37deb
37df4
37dfc
37e02
37e08
37e0d
37e10
37e19
37e21
37e29
37e30
37e36
37e39
37e40
37e47
37e4d
37e54
37e5b
37e5f
37e68
37e6e
37e71
37e77
37e7d
37e86
37e8e
37e94
37e9a
37ea0
37ea6
37eab
37eae
37eb5
37ebc
37ec3
37eca
37ed0
37ed4
37edd
37ee5
37eed
37ef4
37efa
37efd
37f05
37f0a
37f0f
37f18
37f1e
37f24
37f29
37f31
37f38
37f3e
37f43
37f4a
37f50
37f55
37f5c
37f62
37f6a
37f72
37f77
37f7d
37f82
37f8a
37f91
37f96
37f9c
37f9f
37fa1
37fa6
37fae
37fb3
37fb9
37fbc
37fbf
37fc5
37fce
37fd4
37fda
37fdd
37fe0
37fe6
37fef
37ff5
37ffb
37ffe
38007
3800f
38015
3801d
38024
38027
38030
38036
3803c
38042
3804b
38053
38059
3805f
38065
3806a
3806d
38074
3807b
38082
38088
3808f
38093
38096
3809c
380a3
380aa
380b1
380b8
380be
380c2
380ca
380cf
380d6
380db
380e4
380ea
380ef
380f4
380fa
380ff
38107
3810e
38113
3811a
38120
38126
3812b
38131
38139
38141
38149
38150
38156
3815b
38161
38164
3816c
38171
38173
38178
3817b
38181
38184
3818a
38193
38199
3819f
381a2
381ab
381b3
381b9
381c1
381c8
381cb
381d4
381da
381e0
381e6
381ef
381f7
381fd
38203
38209
3820e
38211
38218
3821f
38226
3822c
38233
38237
3823d
38240
38247
3824e
38255
3825c
38262
38266
3826f
38275
3827a
38282
38287
3828e
38293
38298
3829e
382a3
382ab
382b2
382b7
382be
382c4
382ca
382cf
382d5
382dd
382e5
382ed
382f4
382fa
382ff
38305
38308
38310
38315
38317
3831c
3831f
38325
3832b
3832e
38337
3833d
38343
38346
3834f
38357
3835d
38365
3836c
3836f
38378
3837e
38387
3838f
38395
3839b
383a1
383a7
383ad
383b2
383b5
383bc
383c3
383ca
383d0
383d7
383db
383e1
383e4
383eb
383f2
383f9
38400
38406
3840a
38412
38417
3841e
38423
3842c
38432
38437
3843c
38442
38447
3844f
38456
3845b
38462
38468
3846e
38473
38479
38481
38489
38491
38498
3849e
384a3
384a9
384ac
384b4
384b9
384bb
384c0
384c6
384c9
384cc
384d2
384db
384e1
384e7
384ea
384f3
384f9
38502
3850a
38510
38516
3851c
38522
38528
3852d
38530
38539
38541
38547
3854f
38556
38559
38560
38567
3856e
38574
3857b
3857f
38582
38588
3858f
38596
3859d
385a4
385aa
385ae
385b6
385bb
385c2
385c7
385d0
385d6
385db
385e0
385e6
385eb
385f3
385fa
385ff
38606
3860c
38612
38617
3861d
38625
3862d
38635
3863c
38642
38647
3864d
38650
38655
3865d
3865f
38664
38667
3866d
38670
38676
3867f
38685
3868b
3868e
38697
3869d
386a3
386a9
386b2
386ba
386c0
386c6
386cb
386d1
386d4
386dd
386e5
386eb
386f3
386fa
386fd
38704
3870b
38712
38718
3871f
38723
38726
3872c
38733
3873a
38741
38748
3874e
38752
3875a
3875f
38766
3876b
38774
3877a
3877f
38785
3878a
3878f
38797
3879e
387a3
387aa
387b0
387b6
387bb
387c1
387c9
387d1
387d9
387e0
387e6
387eb
387ee
387f4
387f9
38801
38803
38808
3880b
38811
3881a
38820
38826
3882c
38835
3883d
38843
38849
3884f
38854
38857
38860
38868
3886e
38876
3887d
38880
38887
3888e
38895
3889b
388a2
388a6
388a9
388af
388b6
388bd
388c4
388cb
388d1
388d5
388dd
388e2
388e9
388ee
388f7
388fd
38902
38907
3890d
38912
3891a
38921
38927
3892c
38933
38939
3893f
38944
3894c
38954
3895c
38963
38969
3896e
38976
3897b
38981
38984
38987
3898d
3898f
38994
38997
3899d
389a6
389ac
389b2
389b5
389b8
389be
389c7
389cd
389d3
389d6
389df
389e7
389ef
389f6
389fc
389ff
38a05
38a0e
38a17
38a1f
38a25
38a2b
38a31
38a37
38a3d
38a42
38a45
38a4c
38a53
38a5a
38a61
38a67
38a6b
38a6e
38a74
38a7c
38a81
38a88
38a90
38a96
38a9d
38aa2
38aa8
38ab1
38ab7
38abd
38ac5
38acc
38ad4
38ad9
38adf
38ae4
38ae9
38aee
38af3
38afa
38aff
38b05
38b0d
38b13
38b16
38b1e
38b23
38b25
38b2a
38b2d
38b33
38b36
38b3c
38b45
38b4b
38b51
38b54
38b5d
38b65
38b6d
38b74
38b7a
38b7d
38b86
38b8c
38b95
38b9d
38ba3
38ba9
38baf
38bb5
38bbb
38bc0
38bc3
38bca
38bd1
38bd8
38bdf
38be5
38be9
38bef
38bf2
38bfb
38c01
38c07
38c0f
38c16
38c1e
38c23
38c29
38c31
38c36
38c3d
38c45
38c4b
38c52
38c57
38c5d
38c62
38c67
38c6c
38c71
38c78
38c7d
38c83
38c8b
38c8e
38c94
38c99
38ca1
38ca3
38ca8
38cab
38cb1
38cb4
38cba
38cc3
38cc9
38ccf
38cd2
38cda
38ce1
38cea
38cf2
38cf8
38cfb
38d04
38d0a
38d13
38d1b
38d21
38d27
38d2d
38d33
38d39
38d3e
38d41
38d48
38d4f
38d56
38d5d
38d63
38d67
38d6d
38d70
38d78
38d7d
38d84
38d8c
38d92
38d99
38d9e
38da4
38dad
38db3
38db9
38dc1
38dc8
38dd0
38dd5
38ddb
38de0
38de5
38dea
38def
38df6
38dfb
38e01
38e09
38e11
38e16
38e19
38e1f
38e21
38e26
38e29
38e2f
38e32
38e38
38e41
38e47
38e4d
38e50
38e59
38e5f
38e68
38e70
38e76
38e7c
38e82
38e88
38e8e
38e93
38e96
38e9e
38ea5
38eae
38eb6
38ebc
38ebf
38ec6
38ecd
38ed4
38edb
38ee1
38ee5
38eeb
38eee
38ef6
38efb
38f02
38f0a
38f10
38f17
38f1c
38f22
38f2b
38f31
38f37
38f3f
38f46
38f4e
38f53
38f59
38f5e
38f63
38f68
38f6d
38f74
38f79
38f7f
38f87
38f8d
38f90
38f98
38f9d
38f9f
38fa4
38fa7
38fad
38fb0
38fb6
38fbf
38fc5
38fcb
38fce
38fd7
38fdd
38fe6
38fee
38ff4
38ffa
39000
39006
3900b
39011
39014
3901c
39023
3902c
39034
3903a
3903d
39044
3904b
39052
39059
3905f
39063
39069
3906c
39074
39079
39080
39088
3908e
39095
3909a
390a0
390a9
390af
390b5
390bd
390c4
390cc
390d1
390d7
390dc
390e1
390e6
390eb
390f2
390f7
390fd
39105
3910b
3910e
39116
3911b
3911d
39122
39125
3912b
3912e
39134
3913d
39146
3914e
39154
3915a
39160
39166
3916c
39171
3917a
39182
3918a
39191
39197
3919a
391a1
391a8
391af
391b6
391bc
391c0
391c6
391c9
391d1
391d6
391dd
391e5
391eb
391f2
391f7
391fd
39206
3920c
39212
3921a
39221
39229
3922e
39234
39239
3923e
39243
39248
3924f
39255
3925a
39262
39268
3926b
39273
39278
3927b
39281
39283
39288
3928b
39291
3929a
392a0
392a6
392a9
392af
392b2
392bb
392c1
392c7
392ca
392d3
392db
392e3
392ea
392f0
392f3
392f6
392ff
39305
3930e
39314
3931a
39322
39328
3932e
39334
39339
39340
39347
3934e
39355
3935b
3935f
39367
3936c
39371
39379
39382
39389
3938f
39394
3939b
393a1
393a8
393ad
393b3
393b9
393bf
393c7
393ce
393d6
393db
393e1
393e6
393eb
393f0
393f8
393fe
39401
39409
3940e
39410
39415
39418
3941e
39424
39427
39430
39436
3943c
3943f
39448
39450
39458
3945f
39465
39468
3946b
39471
3947a
39483
39489
3948f
39497
3949d
394a3
394a9
394ae
394b5
394bc
394c3
394ca
394d0
394d4
394dc
394e1
394e6
394ef
394f7
394fe
39504
3950a
39510
39518
3951f
39527
3952c
39532
39537
3953e
39544
3954b
39550
39556
3955b
39560
39565
3956d
39573
39576
3957e
39583
39585
3958a
39590
39593
39596
3959c
395a5
395ab
395b1
395b4
395bd
395c5
395cd
395d4
395da
395dd
395e6
395ec
395f5
395fb
39601
39609
3960f
39615
3961b
39620
39623
3962a
39631
39638
3963f
39645
39649
39651
3965a
39661
39667
3966f
39674
39679
3967e
39685
3968b
39692
39697
3969d
396a3
396a9
396b1
396b8
396c0
396c5
396cb
396d0
396d5
396da
396e2
396ea
396ef
396f5
396f8
396fa
396ff
39702
39708
3970b
39711
3971a
39720
39726
39729
3972c
39735
3973b
39744
3974a
39750
39758
3975e
39764
3976a
3976f
39778
39780
39788
3978f
39795
39798
3979f
397a6
397ad
397b4
397ba
397be
397c6
397cb
397d0
397d8
397e1
397e8
397ee
397f3
397fa
39800
39807
3980c
39812
39818
3981e
39826
3982d
39835
3983a
39840
39845
3984a
3984f
39857
3985d
39860
39868
3986d
3986f
39874
39877
3987d
39880
39886
3988f
39895
3989b
3989e
398a4
398ad
398b6
398bc
398c2
398ca
398d0
398d6
398dc
398e1
398e4
398ed
398f5
398fd
39904
3990a
3990d
39914
3991b
39922
39929
3992f
39933
3993b
39940
39945
3994d
39956
3995d
39963
39968
3996f
39975
3997c
39981
39987
3998d
39993
3999b
399a2
399aa
399af
399b5
399ba
399bf
399c4
399cc
399d2
399d5
399dd
399e2
399e4
399e9
399ec
399f2
399f5
399fe
39a04
39a0d
39a13
39a19
39a21
39a27
39a2d
39a33
39a38
39a41
39a49
39a51
39a58
39a5e
39a61
39a68
39a6f
39a76
39a7d
39a83
39a87
39a8f
39a94
39a99
39aa1
39aaa
39ab1
39ab7
39abc
39ac3
39ac9
39ad0
39ad5
39adb
39ae1
39ae7
39aef
39af6
39afe
39b03
39b09
39b0e
39b13
39b18
39b20
39b26
39b29
39b31
39b36
39b3c
39b3f
39b41
39b46
39b49
39b4f
39b58
39b5e
39b64
39b67
39b6a
39b70
39b79
39b7f
39b85
39b88
39b91
39b99
39b9f
39ba7
39bae
39bb1
39bba
39bc0
39bc9
39bd1
39bd7
39bdd
39be3
39be9
39bef
39bf4
39bf7
39bfe
39c05
39c0c
39c13
39c19
39c1d
39c25
39c2a
39c31
39c36
39c3f
39c45
39c4d
39c55
39c5a
39c62
39c69
39c6e
39c74
39c7b
39c80
39c86
39c8c
39c92
39c99
39ca1
39ca6
39cac
39cb1
39cb6
39cbc
39cbf
39cc7
39ccc
39cce
39cd3
39cd6
39cdc
39cdf
39ce5
39cee
39cf4
39cfa
39cfd
39d06
39d0e
39d14
39d1c
39d23
39d26
39d29
39d32
39d38
39d41
39d49
39d4f
39d55
39d5b
39d61
39d67
39d6c
39d73
39d7a
39d81
39d88
39d8e
39d92
39d9a
39d9f
39da6
39dab
39db4
39dba
39dc2
39dca
39dcf
39dd7
39dde
39de4
39dea
39df1
39df9
39dfe
39e04
39e09
39e0f
39e16
39e1b
39e21
39e26
39e2b
39e31
39e34
39e39
39e41
39e43
39e48
39e4b
39e51
39e54
39e5a
39e63
39e69
39e6f
39e72
39e7b
39e83
39e89
39e91
39e98
39e9b
39ea1
39eaa
39eb3
39ebb
39ec1
39ec7
39ecd
39ed3
39ed9
39ede
39ee1
39ee8
39eef
39ef6
39efd
39f03
39f07
39f0f
39f14
39f1b
39f20
39f29
39f2f
39f37
39f3f
39f47
39f4e
39f53
39f58
39f5e
39f65
39f6a
39f70
39f76
39f7c
39f83
39f8b
39f90
39f96
39f9b
39fa0
39fa5
39fad
39fb0
39fb6
39fb8
39fbd
39fc0
39fc6
39fc9
39fcf
39fd8
39fde
39fe4
39fe7
39ff0
39ff6
39fff
3a007
3a00d
3a013
3a019
3a01f
3a025
3a02a
3a02d
3a036
3a03e
3a044
3a04c
3a053
3a056
3a05d
3a064
3a06b
3a072
3a078
3a07c
3a084
3a089
3a090
3a095
3a09e
3a0a4
3a0ac
3a0b4
3a0b9
3a0c1
3a0c8
3a0cd
3a0d3
3a0da
3a0df
3a0e5
3a0eb
3a0f1
3a0f8
3a100
3a105
3a10b
3a110
3a115
3a11b
3a11e
3a126
3a12b
3a12d
3a132
3a135
3a13b
3a141
3a144
3a14d
3a153
3a159
3a15c
3a165
3a16b
3a174
3a17c
3a182
3a188
3a18e
3a194
3a19a
3a19f
3a1a2
3a1ab
3a1b3
3a1b9
3a1c1
3a1c8
3a1cb
3a1d2
3a1d9
3a1e0
3a1e7
3a1ed
3a1f1
3a1f9
3a201
3a209
3a20e
3a215
3a21a
3a223
3a229
3a22e
3a236
3a23d
3a242
3a248
3a24f
3a254
3a25a
3a260
3a266
3a26d
3a275
3a27a
3a280
3a285
3a28a
3a290
3a293
3a29b
3a2a0
3a2a2
3a2a7
3a2ad
3a2b0
3a2b9
3a2bf
3a2c8
3a2d0
3a2d6
3a2dc
3a2e2
3a2e8
3a2ee
3a2f3
3a2f6
3a2ff
3a307
3a30d
3a315
3a31c
3a31f
3a326
3a32d
3a334
3a33b
3a341
3a345
3a34e
3a354
3a35c
3a364
3a36c
3a371
3a378
3a37d
3a382
3a38a
3a391
3a396
3a39c
3a3a3
3a3a8
3a3ae
3a3b4
3a3ba
3a3c1
3a3c9
3a3ce
3a3d4
3a3d9
3a3de
3a3e4
3a3e7
3a3ef
3a3f4
3a3f7
3a3fd
3a3ff
3a404
3a407
3a40d
3a416
3a41c
3a422
3a425
3a428
3a42e
3a437
3a43d
3a443
3a446
3a44e
3a455
3a45e
3a466
3a46c
3a46f
3a472
3a478
3a481
3a48a
3a492
3a498
3a49e
3a4a4
3a4aa
3a4b0
3a4b5
3a4bc
3a4c3
3a4ca
3a4d1
3a4d7
3a4db
3a4e3
3a4e8
3a4ef
3a4f7
3a4fd
3a504
3a509
3a50f
3a518
3a51e
3a523
3a52b
3a533
3a538
3a53f
3a544
3a54a
3a550
3a557
3a55f
3a564
3a56a
3a56f
3a574
3a577
3a57d
3a582
3a58a
3a58c
3a591
3a594
3a59a
3a59d
3a5a3
3a5ac
3a5b2
3a5b8
3a5bb
3a5c3
3a5ca
3a5d3
3a5db
3a5e1
3a5e4
3a5e7
3a5ed
3a5f6
3a5ff
3a607
3a60d
3a613
3a619
3a61f
3a625
3a62a
3a631
3a638
3a63f
3a646
3a64c
3a650
3a658
3a65d
3a664
3a66c
3a672
3a679
3a67e
3a684
3a68d
3a693
3a698
3a6a0
3a6a8
3a6ad
3a6b4
3a6ba
3a6c0
3a6c7
3a6cf
3a6d4
3a6da
3a6df
3a6e4
3a6e9
3a6ef
3a6f2
3a6fa
3a6ff
3a701
3a706
3a709
3a70f
3a712
3a718
3a721
3a727
3a72d
3a730
3a738
3a73f
3a748
3a750
3a756
3a759
3a75f
3a768
3a771
3a779
3a77f
3a785
3a78b
3a791
3a797
3a79c
3a79f
3a7a6
3a7ad
3a7b4
3a7bb
3a7c1
3a7c5
3a7cd
3a7d2
3a7d9
3a7e1
3a7e7
3a7ee
3a7f3
3a7f9
3a802
3a808
3a80d
3a815
3a81d
3a824
3a829
3a82e
3a834
3a83a
3a841
3a849
3a84e
3a854
3a859
3a85e
3a866
3a86b
3a86e
3a874
3a876
3a87b
3a87e
3a884
3a887
3a88d
3a896
3a89c
3a8a2
3a8a5
3a8a8
3a8b1
3a8b7
3a8c0
3a8c8
3a8ce
3a8d4
3a8da
3a8e0
3a8e6
3a8eb
3a8f4
3a8fc
3a904
3a90b
3a911
3a914
3a91b
3a922
3a929
3a930
3a936
3a93a
3a942
3a947
3a94e
3a956
3a95c
3a963
3a968
3a96e
3a977
3a97d
3a982
3a98a
3a992
3a997
3a99e
3a9a3
3a9a9
3a9af
3a9b6
3a9be
3a9c3
3a9c9
3a9ce
3a9d3
3a9d6
3a9dc
3a9e1
3a9e9
3a9eb
3a9f0
3a9f3
3a9f9
3a9fc
3aa02
3aa0b
3aa11
3aa17
3aa1a
3aa20
3aa29
3aa32
3aa3a
3aa40
3aa46
3aa4c
3aa52
3aa58
3aa5d
3aa60
3aa69
3aa71
3aa79
3aa80
3aa86
3aa89
3aa90
3aa97
3aa9e
3aaa5
3aaab
3aaaf
3aab7
3aabc
3aac3
3aacb
3aad1
3aad8
3aadd
3aae3
3aaec
3aaf2
3aafa
3ab02
3ab07
3ab0c
3ab13
3ab18
3ab1e
3ab24
3ab2b
3ab33
3ab38
3ab3e
3ab43
3ab48
3ab4b
3ab51
3ab59
3ab5e
3ab60
3ab65
3ab68
3ab6e
3ab71
3ab7a
3ab80
3ab89
3ab91
3ab97
3ab9d
3aba3
3aba9
3abaf
3abb4
3abbd
3abc5
3abcd
3abd4
3abda
3abdd
3abe4
3abeb
3abf2
3abf9
3abff
3ac03
3ac0c
3ac12
3ac1a
3ac1f
3ac26
3ac2e
3ac34
3ac3b
3ac40
3ac46
3ac4e
3ac56
3ac5b
3ac60
3ac67
3ac6c
3ac72
3ac78
3ac7f
3ac87
3ac8c
3ac92
3ac97
3ac9c
3aca2
3aca5
3acad
3acb2
3acb5
3acbb
3acbd
3acc2
3acc5
3accb
3acd4
3acda
3ace0
3ace3
3ace6
3acec
3acf5
3acfb
3ad01
3ad04
3ad0d
3ad15
3ad1d
3ad24
3ad2a
3ad2d
3ad33
3ad3c
3ad45
3ad4d
3ad53
3ad59
3ad5f
3ad65
3ad6b
3ad70
3ad73
3ad7a
3ad81
3ad88
3ad8f
3ad95
3ad99
3ada1
3ada8
3adb0
3adb5
3adbc
3adc2
3adc9
3adce
3add4
3addd
3ade3
3ade8
3adf0
3adf8
3adfd
3ae02
3ae08
3ae0e
3ae15
3ae1d
3ae22
3ae28
3ae2d
3ae32
3ae38
3ae3b
3ae43
3ae48
3ae4a
3ae4f
3ae52
3ae58
3ae5b
3ae61
3ae6a
3ae70
3ae76
3ae79
3ae82
3ae8a
3ae92
3ae99
3ae9f
3aea2
3aeab
3aeb1
3aeba
3aec2
3aec8
3aece
3aed4
3aeda
3aee0
3aee5
3aee8
3aeef
3aef6
3aefd
3af04
3af0a
3af0e
3af16
3af1d
3af25
3af2a
3af31
3af37
3af3e
3af43
3af49
3af52
3af58
3af5d
3af65
3af6d
3af72
3af78
3af7e
3af85
3af8d
3af92
3af98
3af9d
3afa2
3afa7
3afad
3afb0
3afb8
3afbd
3afbf
3afc4
3afc7
3afcd
3afd0
3afd6
3afdf
3afe5
3afeb
3afee
3aff7
3afff
3b007
3b00e
3b014
3b017
3b020
3b026
3b02f
3b037
3b03d
3b043
3b049
3b04f
3b055
3b05a
3b05d
3b064
3b06b
3b072
3b079
3b07f
3b083
3b08b
3b092
3b09a
3b09f
3b0a6
3b0ac
3b0b3
3b0b8
3b0be
3b0c7
3b0cd
3b0d2
3b0da
3b0e2
3b0e7
3b0ec
3b0f2
3b0f8
3b0ff
3b107
3b10c
3b112
3b117
3b11c
3b124
3b129
3b12f
3b132
3b134
3b139
3b13c
3b142
3b145
3b14b
3b154
3b15a
3b160
3b163
3b16c
3b172
3b17b
3b183
3b189
3b18f
3b195
3b19b
3b1a1
3b1a6
3b1a9
3b1b2
3b1ba
3b1c2
3b1c9
3b1cf
3b1d2
3b1d9
3b1e0
3b1e7
3b1ee
3b1f4
3b1f8
3b200
3b207
3b20f
3b214
3b21b
3b221
3b228
3b22d
3b233
3b23c
3b242
3b247
3b24f
3b257
3b25c
3b261
3b267
3b26d
3b274
3b27c
3b281
3b287
3b28c
3b291
3b297
3b29a
3b2a2
3b2a7
3b2a9
3b2ae
3b2b1
3b2b7
3b2ba
3b2c0
3b2c9
3b2cf
3b2d5
3b2d8
3b2e1
3b2e7
3b2f0
3b2f8
3b2fe
3b304
3b30a
3b310
3b316
3b31b
3b31e
3b327
3b32f
3b337
3b33e
3b344
3b347
3b34e
3b355
3b35c
3b363
3b369
3b36d
3b375
3b37c
3b384
3b389
3b390
3b396
3b39d
3b3a2
3b3a8
3b3b1
3b3b7
3b3bf
3b3c7
3b3cc
3b3d1
3b3d6
3b3dc
3b3e2
3b3e9
3b3f1
3b3f6
3b3fc
3b401
3b406
3b409
3b40f
3b414
3b41c
3b41e
3b423
3b426
3b42c
3b42f
3b438
3b43e
3b447
3b44f
3b455
3b45b
3b461
3b467
3b46d
3b472
3b47b
3b483
3b48b
3b492
3b498
3b49b
3b4a2
3b4a9
3b4b0
3b4b7
3b4bd
3b4c1
3b4c9
3b4d0
3b4d9
3b4df
3b4e7
3b4ec
3b4f3
3b4f9
3b500
3b505
3b50b
3b513
3b51b
3b520
3b525
3b52a
3b530
3b536
3b53d
3b545
3b54a
3b550
3b555
3b55a
3b560
3b563
3b56b
3b570
3b573
3b579
3b57b
3b580
3b583
3b589
3b592
3b598
3b59e
3b5a1
3b5a4
3b5aa
3b5b3
3b5b9
3b5bf
3b5c2
3b5cb
3b5d3
3b5db
3b5e2
3b5e8
3b5eb
3b5f4
3b5fc
3b602
3b608
3b60e
3b614
3b61a
3b61f
3b622
3b629
3b630
3b637
3b63e
3b644
3b648
3b650
3b657
3b65f
3b664
3b66b
3b671
3b678
3b67d
3b683
3b68c
3b692
3b697
3b69f
3b6a7
3b6ac
3b6b1
3b6b7
3b6bd
3b6c4
3b6cc
3b6d1
3b6d7
3b6dc
3b6e1
3b6e4
3b6ea
3b6ef
3b6f7
3b6f9
3b6fe
3b701
3b707
3b70a
3b710
3b719
3b71f
3b725
3b728
3b731
3b739
3b741
3b748
3b74e
3b751
3b75a
3b762
3b768
3b76e
3b774
3b77a
3b780
3b785
3b788
3b78f
3b796
3b79d
3b7a4
3b7aa
3b7ae
3b7b6
3b7bd
3b7c5
3b7ca
3b7d1
3b7d7
3b7de
3b7e3
3b7e9
3b7f2
3b7f8
3b7fd
3b805
3b80d
3b812
3b818
3b81e
3b825
3b82d
3b832
3b838
3b83d
3b842
3b847
3b84d
3b850
3b858
3b85d
3b85f
3b864
3b867
3b86d
3b870
3b876
3b87f
3b885
3b88b
3b88e
3b897
3b89f
3b8a7
3b8ae
3b8b4
3b8b7
3b8c0
3b8c8
3b8ce
3b8d4
3b8da
3b8e0
3b8e6
3b8eb
3b8ee
3b8f5
3b8fc
3b903
3b90a
3b910
3b914
3b91c
3b923
3b92b
3b930
3b937
3b93d
3b944
3b949
3b94f
3b958
3b95e
3b963
3b96b
3b973
3b978
3b97d
3b983
3b989
3b990
3b998
3b99d
3b9a3
3b9a8
3b9ad
3b9b2
3b9ba
3b9bd
3b9c3
3b9c5
3b9ca
3b9cd
3b9d3
3b9d6
3b9dc
3b9e5
3b9eb
3b9f1
3b9f4
3b9fd
3ba05
3ba0b
3ba11
3ba17
3ba1d
3ba23
3ba28
3ba2b
3ba34
3ba3c
3ba44
3ba4b
3ba51
3ba54
3ba5b
3ba62
3ba69
3ba70
3ba76
3ba7a
3ba82
3ba89
3ba91
3ba96
3ba9d
3baa3
3baaa
3baaf
3bab5
3babe
3bac4
3bac9
3bad1
3bad9
3bade
3bae3
3bae9
3baef
3baf6
3bafe
3bb03
3bb09
3bb0e
3bb13
3bb16
3bb1c
3bb21
3bb29
3bb2b
3bb30
3bb33
3bb39
3bb3c
3bb42
3bb4b
3bb51
3bb57
3bb5a
3bb63
3bb6b
3bb71
3bb77
3bb7d
3bb83
3bb89
3bb8e
3bb91
3bb9a
3bba2
3bbaa
3bbb1
3bbb7
3bbba
3bbc1
3bbc8
3bbcf
3bbd6
3bbdc
3bbe0
3bbe8
3bbef
3bbf7
3bbfc
3bc03
3bc09
3bc10
3bc15
3bc1b
3bc24
3bc2a
3bc32
3bc3a
3bc3f
3bc44
3bc49
3bc4f
3bc55
3bc5c
3bc64
3bc69
3bc6f
3bc74
3bc79
3bc7c
3bc82
3bc87
3bc8f
3bc91
3bc96
3bc99
3bc9f
3bca8
3bcb0
3bcb6
3bcbc
3bcc2
3bcc8
3bcce
3bcd3
3bcd6
3bcdf
3bce7
3bcef
3bcf6
3bcfc
3bcff
3bd06
3bd0d
3bd14
3bd1b
3bd21
3bd25
3bd2d
3bd34
3bd3d
3bd43
3bd4b
3bd50
3bd57
3bd5d
3bd64
3bd69
3bd6f
3bd77
3bd7f
3bd84
3bd89
3bd8e
3bd94
3bd9a
3bda1
3bda9
3bdae
3bdb4
3bdb9
3bdbe
3bdc4
3bdc7
3bdcf
3bdd4
3bdd7
3bddd
3bddf
3bde4
3bde7
3bded
3bdf6
3bdfc
3be02
3be05
3be08
3be0e
3be17
3be1d
3be23
3be26
3be2f
3be37
3be3f
3be46
3be4c
3be4f
3be58
3be60
3be66
3be6c
3be72
3be78
3be7e
3be83
3be86
3be8d
3be94
3be9b
3bea2
3bea8
3beac
3beb4
3bebb
3bec3
3bec8
3becf
3bed5
3bedc
3bee1
3bee7
3bef0
3bef6
3befb
3bf03
3bf0b
3bf10
3bf15
3bf1b
3bf21
3bf28
3bf30
3bf35
3bf3b
3bf40
3bf45
3bf4b
3bf4e
3bf56
3bf5b
3bf5d
3bf62
3bf65
3bf6b
3bf6e
3bf74
3bf7d
3bf83
3bf89
3bf8c
3bf95
3bf9d
3bfa5
3bfac
3bfb2
3bfb5
3bfbe
3bfc6
3bfcc
3bfd2
3bfd8
3bfde
3bfe4
3bfe9
3bfec
3bff3
3bffa
3c001
3c008
3c00e
3c012
3c01a
3c021
3c029
3c02e
3c035
3c03b
3c042
3c047
3c04d
3c056
3c05c
3c061
3c069
3c071
3c076
3c07c
3c082
3c089
3c091
3c096
3c09c
3c0a1
3c0a6
3c0ab
3c0b1
3c0b4
3c0bc
3c0c1
3c0c3
3c0c8
3c0cb
3c0d1
3c0d4
3c0da
3c0e3
3c0e9
3c0ef
3c0f2
3c0fb
3c103
3c10b
3c112
3c118
3c11b
3c124
3c12c
3c132
3c138
3c13e
3c144
3c14a
3c14f
3c152
3c159
3c160
3c167
3c16e
3c174
3c178
3c180
3c187
3c18f
3c194
3c19b
3c1a1
3c1a8
3c1ad
3c1b3
3c1bc
3c1c2
3c1c7
3c1cf
3c1d7
3c1dc
3c1e1
3c1e7
3c1ed
3c1f4
3c1fc
3c201
3c207
3c20c
3c211
3c216
3c21e
3c221
3c227
3c229
3c22e
3c231
3c237
3c23a
3c240
3c249
3c24f
3c255
3c258
3c261
3c269
3c26f
3c275
3c27b
3c281
3c287
3c28c
3c28f
3c298
3c2a0
3c2a8
3c2af
3c2b5
3c2b8
3c2bf
3c2c6
3c2cd
3c2d4
3c2da
3c2de
3c2e6
3c2ed
3c2f5
3c2fa
3c301
3c307
3c30e
3c313
3c319
3c322
3c328
3c32d
3c335
3c33d
3c342
3c347
3c34d
3c353
3c35a
3c362
3c367
3c36d
3c372
3c377
3c37d
3c380
3c388
3c38d
3c38f
3c394
3c397
3c39d
3c3a0
3c3a6
3c3af
3c3b5
3c3bb
3c3be
3c3c1
3c3ca
3c3d2
3c3d8
3c3de
3c3e4
3c3ea
3c3f0
3c3f5
3c3fe
3c406
3c40e
3c415
3c41b
3c41e
3c425
3c42c
3c433
3c43a
3c440
3c444
3c44c
3c453
3c45b
3c460
3c467
3c46d
3c474
3c479
3c47f
3c488
3c48e
3c496
3c49e
3c4a3
3c4a8
3c4ad
3c4b3
3c4b9
3c4c0
3c4c8
3c4cd
3c4d3
3c4d8
3c4dd
3c4e3
3c4e6
3c4ee
3c4f3
3c4f5
3c4fa
3c4fd
3c503
3c506
3c50f
3c517
3c51d
3c523
3c529
3c52f
3c535
3c53a
3c543
3c54b
3c553
3c55a
3c560
3c563
3c56a
3c571
3c578
3c57f
3c585
3c589
3c591
3c598
3c5a1
3c5a7
3c5af
3c5b4
3c5bb
3c5c1
3c5c8
3c5cd
3c5d3
3c5db
3c5e3
3c5e8
3c5ed
3c5f2
3c5f8
3c5fe
3c605
3c60d
3c612
3c618
3c61d
3c622
3c628
3c62b
3c633
3c638
3c63b
3c641
3c643
3c648
3c651
3c657
3c65d
3c660
3c669
3c66f
3c675
3c678
3c681
3c689
3c691
3c698
3c69e
3c6a1
3c6aa
3c6b2
3c6b8
3c6be
3c6c4
3c6ca
3c6d0
3c6d5
3c6d8
3c6df
3c6e6
3c6ed
3c6f4
3c6fa
3c6fe
3c706
3c70d
3c715
3c71a
3c721
3c727
3c72e
3c733
3c739
3c742
3c748
3c74d
3c755
3c75d
3c762
3c767
3c76d
3c773
3c778
3c77e
3c785
3c78d
3c792
3c797
3c79a
3c7a0
3c7a6
3c7a9
3c7b1
3c7b6
3c7b8
3c7bd
3c7c6
3c7cc
3c7d2
3c7d5
3c7de
3c7e6
3c7ee
3c7f5
3c7fb
3c7fe
3c801
3c80a
3c812
3c818
3c81e
3c824
3c82a
3c830
3c835
3c83c
3c843
3c84a
3c851
3c857
3c85b
3c863
3c86a
3c872
3c877
3c87e
3c884
3c88b
3c890
3c896
3c89f
3c8a5
3c8aa
3c8b2
3c8ba
3c8bf
3c8c5
3c8cb
3c8d0
3c8d6
3c8dd
3c8e5
3c8ea
3c8ef
3c8f4
3c8fa
3c8fd
3c903
3c906
3c90e
3c913
3c915
3c91a
3c923
3c929
3c92f
3c932
3c93b
3c943
3c94b
3c952
3c958
3c95b
3c964
3c96c
3c972
3c978
3c97e
3c984
3c98a
3c98f
3c992
3c999
3c9a0
3c9a7
3c9ae
3c9b4
3c9b8
3c9c0
3c9c7
3c9cf
3c9d4
3c9db
3c9e1
3c9e8
3c9ed
3c9f3
3c9fc
3ca02
3ca07
3ca0f
3ca17
3ca1c
3ca21
3ca27
3ca2d
3ca32
3ca38
3ca3f
3ca47
3ca4c
3ca51
3ca57
3ca5a
3ca62
3ca67
3ca6d
3ca70
3ca72
3ca77
3ca80
3ca86
3ca8c
3ca8f
3ca98
3caa0
3caa6
3caac
3cab2
3cab8
3cabe
3cac3
3cac6
3cacf
3cad7
3cadf
3cae6
3caec
3caef
3caf6
3cafd
3cb04
3cb0b
3cb11
3cb15
3cb1d
3cb24
3cb2c
3cb31
3cb38
3cb3e
3cb45
3cb4a
3cb50
3cb59
3cb5f
3cb64
3cb6c
3cb74
3cb79
3cb7e
3cb84
3cb8a
3cb8f
3cb95
3cb9c
3cba4
3cba9
3cbae
3cbb1
3cbb7
3cbbd
3cbc0
3cbc8
3cbcd
3cbcf
3cbd4
3cbdd
3cbe3
3cbe9
3cbec
3cbf5
3cbfd
3cc03
3cc09
3cc0f
3cc15
3cc1b
3cc20
3cc23
3cc2c
3cc34
3cc3c
3cc43
3cc49
3cc4c
3cc53
3cc5a
3cc61
3cc68
3cc6e
3cc72
3cc7a
3cc81
3cc89
3cc8e
3cc95
3cc9b
3cca2
3cca7
3ccad
3ccb6
3ccbc
3ccc4
3cccc
3ccd1
3ccd6
3ccdb
3cce1
3cce7
3ccec
3ccf2
3ccf9
3cd01
3cd06
3cd0b
3cd0e
3cd14
3cd1a
3cd1d
3cd25
3cd2a
3cd2c
3cd31
3cd3a
3cd42
3cd48
3cd4e
3cd54
3cd5a
3cd60
3cd65
3cd68
3cd71
3cd79
3cd81
3cd88
3cd8e
3cd91
3cd98
3cd9f
3cda6
3cdad
3cdb3
3cdb7
3cdbf
3cdc6
3cdcf
3cdd5
3cddd
3cde2
3cde9
3cdef
3cdf6
3cdfb
3ce01
3ce09
3ce11
3ce16
3ce1b
3ce20
3ce26
3ce2c
3ce31
3ce37
3ce3e
3ce46
3ce4b
3ce50
3ce53
3ce59
3ce5f
3ce62
3ce6a
3ce6f
3ce71
3ce76
3ce7f
3ce85
3ce8b
3ce8e
3ce97
3ce9d
3cea3
3cea6
3ceaf
3ceb7
3cebf
3cec6
3cecc
3cecf
3ced7
3cede
3cee6
3ceeb
3cef2
3cef8
3ceff
3cf04
3cf0a
3cf13
3cf19
3cf1e
3cf26
3cf2e
3cf33
3cf38
3cf3e
3cf44
3cf4b
3cf53
3cf58
3cf5e
3cf63
3cf68
3cf70
3cf75
3cf78
3cf7e
3cf84
3cf87
3cf89
3cf8e
3cf97
3cf9d
3cfa3
3cfa6
3cfaf
3cfb7
3cfbf
3cfc6
3cfcc
3cfcf
3cfd7
3cfde
3cfe6
3cfeb
3cff2
3cff8
3cfff
3d004
3d00a
3d013
3d019
3d01e
3d026
3d02e
3d033
3d039
3d03f
3d046
3d04e
3d053
3d059
3d05e
3d063
3d068
3d070
3d075
3d078
3d07e
3d081
3d087
3d089
3d08e
3d097
3d09d
3d0a3
3d0a6
3d0af
3d0b7
3d0bf
3d0c6
3d0cc
3d0cf
3d0d7
3d0de
3d0e6
3d0eb
3d0f2
3d0f8
3d0ff
3d104
3d10a
3d113
3d119
3d11e
3d126
3d12e
3d133
3d138
3d13e
3d144
3d14b
3d153
3d158
3d15e
3d163
3d168
3d170
3d175
3d17b
3d17e
3d181
3d187
3d189
3d18e
3d197
3d19d
3d1a3
3d1a6
3d1af
3d1b7
3d1bf
3d1c6
3d1cc
3d1cf
3d1d7
3d1de
3d1e6
3d1eb
3d1f2
3d1f8
3d1ff
3d204
3d20a
3d213
3d219
3d21e
3d226
3d22e
3d233
3d238
3d23e
3d244
3d24b
3d253
3d258
3d25e
3d263
3d268
3d270
3d275
3d27b
3d27e
3d284
3d287
3d289
3d28e
3d297
3d29d
3d2a3
3d2a6
3d2af
3d2b7
3d2bf
3d2c6
3d2cc
3d2cf
3d2d7
3d2de
3d2e6
3d2eb
3d2f2
3d2f8
3d2ff
3d304
3d30a
3d313
3d319
3d321
3d329
3d32e
3d333
3d338
3d33e
3d344
3d34b
3d353
3d358
3d35e
3d363
3d368
3d370
3d375
3d378
3d37e
3d384
3d387
3d389
3d38e
3d397
3d39f
3d3a7
3d3ae
3d3b4
3d3b7
3d3bf
3d3c6
3d3cf
3d3d5
3d3dd
3d3e2
3d3e9
3d3ef
3d3f6
3d3fb
3d401
3d409
3d411
3d416
3d41b
3d420
3d426
3d42c
3d433
3d43b
3d440
3d446
3d44b
3d450
3d458
3d45d
3d460
3d466
3d46c
3d46f
3d471
3d476
3d47f
3d485
3d48b
3d48e
3d497
3d49d
3d4a3
3d4a6
3d4ae
3d4b5
3d4bd
3d4c2
3d4c9
3d4cf
3d4d6
3d4db
3d4e1
3d4ea
3d4f0
3d4f5
3d4fd
3d505
3d50a
3d50f
3d515
3d51b
3d522
3d52a
3d52f
3d535
3d53a
3d53f
3d547
3d54c
3d552
3d555
3d55b
3d55e
3d560
3d565
3d56e
3d574
3d57a
3d57d
3d585
3d58c
3d594
3d599
3d5a0
3d5a6
3d5ad
3d5b2
3d5b8
3d5c1
3d5c7
3d5cc
3d5d4
3d5dc
3d5e1
3d5e7
3d5ed
3d5f4
3d5fc
3d601
3d607
3d60c
3d611
3d616
3d61e
3d623
3d626
3d62c
3d632
3d635
3d637
3d63c
3d645
3d64b
3d651
3d654
3d65c
3d663
3d66b
3d670
3d677
3d67d
3d684
3d689
3d68f
3d698
3d69e
3d6a3
3d6ab
3d6b3
3d6b8
3d6bd
3d6c3
3d6c9
3d6d0
3d6d8
3d6dd
3d6e3
3d6e8
3d6ed
3d6f5
3d6fa
3d700
3d703
3d709
3d70c
3d70e
3d713
3d71c
3d722
3d728
3d72b
3d733
3d73a
3d742
3d747
3d74e
3d754
3d75b
3d760
3d766
3d76f
3d775
3d77a
3d782
3d78a
3d78f
3d794
3d79a
3d7a0
3d7a7
3d7af
3d7b4
3d7ba
3d7bf
3d7c4
3d7cc
3d7d1
3d7d7
3d7da
3d7e0
3d7e3
3d7e5
3d7ea
3d7f3
3d7f9
3d7ff
3d802
3d80a
3d811
3d819
3d81e
3d825
3d82b
3d832
3d837
3d83d
3d846
3d84c
3d854
3d85c
3d861
3d866
3d86b
3d871
3d877
3d87e
3d886
3d88b
3d891
3d896
3d89b
3d8a3
3d8a8
3d8ae
3d8b1
3d8b4
3d8ba
3d8bc
3d8c1
3d8c9
3d8d0
3d8d9
3d8df
3d8e7
3d8ec
3d8f3
3d8f9
3d900
3d905
3d90b
3d913
3d91b
3d920
3d925
3d92a
3d930
3d936
3d93d
3d945
3d94a
3d950
3d955
3d95a
3d962
3d967
3d96d
3d970
3d976
3d979
3d97b
3d980
3d983
3d986
3d989
3d98f
3d995
3d99a
3d99f
3d9a5
3d9ab
3d9b1
3d9b4
3d9b7
3d9bc
3d9bf
3d9c8
3d9ce
3d9d4
3d9db
3d9de
3d9e2
3d9e8
3d9ed
3d9f6
3d9fc
3da03
3da09
3da0c
3da10
3da13
3da16
3da1e
3da27
3da30
3da35
3da3b
3da40
3da46
3da48
3da4b
3da4e
3da51
3da54
3da5a
3da60
3da65
3da6a
3da70
3da76
3da7c
3da7f
3da82
3da87
3da8a
3da93
3da99
3da9f
3daa6
3daa9
3daad
3dab3
3dab8
3dac1
3dac7
3dace
3dad4
3dad7
3dadb
3dade
3dae1
3dae9
3daf2
3dafb
3db00
3db06
3db0b
3db11
3db13
3db16
3db19
3db1c
3db1f
3db25
3db2b
3db30
3db35
3db3b
3db41
3db47
3db4a
3db4f
3db52
3db55
3db5e
3db64
3db6a
3db71
3db74
3db78
3db7e
3db83
3db8c
3db92
3db99
3db9f
3dba2
3dba6
3dba9
3dbac
3dbb4
3dbbd
3dbc6
3dbcb
3dbd1
3dbd6
3dbdc
3dbde
3dbe1
3dbe4
3dbe7
3dbed
3dbf3
3dbf6
3dbf9
3dbff
3dc05
3dc0a
3dc0f
3dc15
3dc18
3dc1d
3dc20
3dc29
3dc2f
3dc35
3dc3c
3dc3f
3dc43
3dc49
3dc4e
3dc57
3dc5d
3dc64
3dc6a
3dc6d
3dc71
3dc74
3dc77
3dc7f
3dc88
3dc91
3dc96
3dc9c
3dca1
3dca7
3dca9
3dcac
3dcaf
3dcb2
3dcb8
3dcbe
3dcc1
3dcc4
3dcca
3dcd0
3dcd5
3dcda
3dce0
3dce3
3dce8
3dceb
3dcf4
3dcfa
3dd00
3dd07
3dd0a
3dd0e
3dd14
3dd19
3dd22
3dd28
3dd2f
3dd35
3dd38
3dd3c
3dd3f
3dd42
3dd4a
3dd53
3dd5c
3dd61
3dd67
3dd6c
3dd72
3dd74
3dd77
3dd7a
3dd80
3dd86
3dd8c
3dd8f
3dd92
3dd98
3dd9e
3dda3
3dda8
3ddab
3ddb0
3ddb3
3ddbc
3ddc2
3ddc8
3ddcf
3ddd2
3ddd6
3dddc
3dde1
3ddea
3ddf0
3ddf7
3ddfd
3de00
3de04
3de07
3de0a
3de12
3de1b
3de24
3de2a
3de2f
3de34
3de3a
3de3d
3de3f
3de42
3de45
3de48
3de4b
3de51
3de56
3de5b
3de5e
3de61
3de6a
3de70
3de76
3de7d
3de80
3de84
3de8d
3de93
3de99
3dea0
3dea3
3dea7
3deaa
3deb3
3deb9
3dec1
3deca
3decf
3ded5
3deda
3dedc
3dedf
3dee2
3dee5
3dee8
3deee
3def3
3def8
3defb
3defe
3df07
3df0d
3df13
3df1a
3df1d
3df21
3df2a
3df30
3df36
3df3d
3df40
3df44
3df47
3df50
3df56
3df5e
3df67
3df6c
3df72
3df77
3df79
3df7c
3df7f
3df82
3df85
3df8b
3df90
3df95
3df98
3df9b
3dfa4
3dfaa
3dfb0
3dfb7
3dfba
3dfbe
3dfc7
3dfcd
3dfd3
3dfda
3dfdd
3dfe1
3dfe4
3dfed
3dff3
3dffb
3e004
3e009
3e00f
3e014
3e016
3e019
3e01c
3e01f
3e022
3e028
3e02d
3e032
3e035
3e038
3e041
3e047
3e04d
3e054
3e057
3e05b
3e064
3e06a
3e070
3e077
3e07a
3e07e
3e081
3e08a
3e090
3e098
3e0a1
3e0a6
3e0ac
3e0b1
3e0b3
3e0b6
3e0b9
3e0bc
3e0bf
3e0c5
3e0ca
3e0cf
3e0d2
3e0d5
3e0de
3e0e4
3e0ea
3e0f1
3e0f4
3e0f8
3e101
3e107
3e10d
3e114
3e117
3e11b
3e11e
3e127
3e12d
3e135
3e13e
3e143
3e149
3e14e
3e150
3e153
3e156
3e159
3e15f
3e164
3e169
3e16c
3e16f
3e178
3e17e
3e184
3e18b
3e18e
3e192
3e19b
3e1a1
3e1a7
3e1ae
3e1b1
3e1b5
3e1b8
3e1c1
3e1c7
3e1cf
3e1d8
3e1de
3e1e3
3e1e8
3e1eb
3e1ed
3e1f0
3e1f3
3e1f6
3e1f9
3e1ff
3e204
3e207
3e20a
3e213
3e219
3e21f
3e226
3e229
3e22d
3e236
3e23c
3e242
3e249
3e24c
3e250
3e259
3e25f
3e267
3e270
3e275
3e27b
3e280
3e282
3e285
3e288
3e28b
3e28e
3e294
3e299
3e29c
3e29f
3e2a8
3e2ae
3e2b4
3e2bb
3e2be
3e2c2
3e2cb
3e2d1
3e2d7
3e2de
3e2e1
3e2e5
3e2ee
3e2f4
3e2fc
3e305
3e30a
3e310
3e315
3e317
3e31a
3e31d
3e320
3e323
3e329
3e32e
3e331
3e334
3e33d
3e343
3e349
3e350
3e353
3e357
3e360
3e366
3e36c
3e373
3e376
3e37a
3e383
3e389
3e391
3e39a
3e39f
3e3a5
3e3aa
3e3ac
3e3af
3e3b2
3e3b5
3e3b8
3e3be
3e3c3
3e3c6
3e3c9
3e3d2
3e3d8
3e3de
3e3e5
3e3e8
3e3ec
3e3f5
3e3fb
3e401
3e408
3e40b
3e40f
3e418
3e41e
3e426
3e42f
3e434
3e43a
3e43f
3e441
3e444
3e447
3e44a
3e44d
3e453
3e458
3e45b
3e45e
3e467
3e46d
3e473
3e47a
3e47d
3e481
3e48a
3e490
3e496
3e49d
3e4a0
3e4a4
3e4ad
3e4b3
3e4bb
3e4c4
3e4c9
3e4cf
3e4d4
3e4d6
3e4d9
3e4dc
3e4df
3e4e5
3e4ea
3e4ed
3e4f0
3e4f9
3e4ff
3e505
3e50c
3e50f
3e513
3e51c
3e522
3e528
3e52f
3e532
3e536
3e53f
3e545
3e54d
3e556
3e55c
3e561
3e566
3e569
3e56b
3e56e
3e571
3e577
3e57c
3e57f
3e582
3e58b
3e591
3e597
3e59e
3e5a1
3e5a5
3e5ae
3e5b4
3e5bc
3e5c5
3e5cb
3e5d0
3e5d5
3e5d8
3e5da
3e5dd
3e5e0
3e5e6
3e5eb
3e5ee
3e5f1
3e5fa
3e600
3e606
3e60d
3e610
3e614
3e61d
3e623
3e62b
3e634
3e63a
3e63f
3e644
3e647
3e649
3e64c
3e64f
3e655
3e65a
3e65d
3e660
3e669
3e66f
3e675
3e67c
3e67f
3e683
3e68c
3e692
3e69a
3e6a3
3e6a9
3e6ae
3e6b3
3e6b6
3e6b8
3e6bb
3e6be
3e6c4
3e6c9
3e6cc
3e6cf
3e6d8
3e6de
3e6e4
3e6eb
3e6ee
3e6f2
3e6fb
3e701
3e709
3e712
3e718
3e71d
3e722
3e725
3e727
3e72a
3e72d
3e733
3e738
3e73b
3e73e
3e747
3e74d
3e753
3e75a
3e75d
3e761
3e76a
3e770
3e778
3e781
3e787
3e78c
3e791
3e794
3e796
3e799
3e79c
3e7a2
3e7a7
3e7aa
3e7ad
3e7b6
3e7bc
3e7c2
3e7c9
3e7cc
3e7d0
3e7d9
3e7df
3e7e7
3e7f0
3e7f6
3e7fb
3e800
3e803
3e805
3e808
3e80b
3e811
3e816
3e819
3e81c
3e825
3e82b
3e831
3e838
3e83b
3e83f
3e848
3e84e
3e856
3e85f
3e865
3e86a
3e86f
3e872
3e874
3e877
3e87a
3e880
3e885
3e888
3e88b
3e894
3e89a
3e8a0
3e8a7
3e8aa
3e8ae
3e8b7
3e8bd
3e8c5
3e8ce
3e8d4
3e8d9
3e8de
3e8e1
3e8e3
3e8e6
3e8e9
3e8ef
3e8f4
3e8f7
3e8fa
3e903
3e909
3e90f
3e916
3e919
3e91d
3e926
3e92c
3e934
3e93d
3e943
3e948
3e94d
3e950
3e952
3e955
3e958
3e95e
3e963
3e966
3e969
3e972
3e978
3e97e
3e985
3e988
3e98c
3e995
3e99b
3e9a3
3e9ac
3e9b2
3e9b7
3e9bc
3e9bf
3e9c1
3e9c4
3e9c7
3e9cd
3e9d2
3e9d5
3e9d8
3e9e1
3e9e7
3e9ed
3e9f4
3e9f7
3e9fb
3ea04
3ea0a
3ea12
3ea1b
3ea21
3ea26
3ea2b
3ea2e
3ea30
3ea33
3ea36
3ea3c
3ea41
3ea44
3ea47
3ea50
3ea56
3ea5c
3ea63
3ea66
3ea6a
3ea73
3ea79
3ea81
3ea8a
3ea90
3ea95
3ea9a
3ea9d
3ea9f
3eaa2
3eaa5
3eaab
3eab0
3eab3
3eab6
3eabf
3eac5
3eacb
3ead2
3ead5
3ead9
3eae2
3eae8
3eaf0
3eaf9
3eaff
3eb04
3eb09
3eb0c
3eb0e
3eb11
3eb14
3eb1a
3eb1f
3eb22
3eb25
3eb2e
3eb34
3eb3a
3eb41
3eb44
3eb48
3eb51
3eb57
3eb5f
3eb68
3eb6e
3eb73
3eb78
3eb7b
3eb7d
3eb80
3eb83
3eb89
3eb8e
3eb91
3eb94
3eb9d
3eba3
3eba9
3ebb0
3ebb3
3ebb7
3ebc0
3ebc6
3ebce
3ebd7
3ebdd
3ebe2
3ebe7
3ebea
3ebec
3ebef
3ebf2
3ebf8
3ebfd
3ec00
3ec03
3ec0c
3ec12
3ec18
3ec1f
3ec22
3ec26
3ec2f
3ec35
3ec3d
3ec46
3ec4c
3ec51
3ec56
3ec59
3ec5b
3ec5e
3ec61
3ec67
3ec6c
3ec6f
3ec72
3ec7b
3ec81
3ec87
3ec8e
3ec91
3ec95
3ec9e
3eca4
3ecac
3ecb5
3ecbb
3ecc0
3ecc5
3ecc8
3ecca
3eccd
3ecd0
3ecd6
3ecdb
3ecde
3ece1
3ecea
3ecf0
3ecf6
3ecfd
3ed00
3ed04
3ed0d
3ed13
3ed1b
3ed24
3ed2a
3ed2f
3ed34
3ed37
3ed39
3ed3c
3ed3f
3ed45
3ed4a
3ed4d
3ed50
3ed59
3ed5f
3ed65
3ed6c
3ed6f
3ed73
3ed7c
3ed82
3ed8a
3ed93
3ed99
3ed9e
3eda3
3eda6
3eda8
3edab
3edae
3edb4
3edb9
3edbc
3edbf
3edc8
3edce
3edd4
3eddb
3edde
3ede2
3edeb
3edf1
3edf9
3ee02
3ee08
3ee0d
3ee12
3ee15
3ee17
3ee1a
3ee1d
3ee23
3ee28
3ee2b
3ee2e
3ee37
3ee3d
3ee43
3ee4a
3ee4d
3ee51
3ee5a
3ee60
3ee68
3ee71
3ee77
3ee7c
3ee81
3ee84
3ee86
3ee89
3ee8c
3ee92
3ee97
3ee9a
3ee9d
3eea6
3eeac
3eeb2
3eeb9
3eebc
3eec0
3eec9
3eecf
3eed7
3eee0
3eee6
3eeeb
3eef0
3eef3
3eef5
3eef8
3eefb
3ef01
3ef06
3ef09
3ef0c
3ef15
3ef1b
3ef21
3ef28
3ef2b
3ef2f
3ef38
3ef3e
3ef46
3ef4f
3ef55
3ef5a
3ef5f
3ef62
3ef64
3ef67
3ef6a
3ef70
3ef75
3ef78
3ef7b
3ef84
3ef8a
3ef90
3ef97
3ef9a
3ef9e
3efa7
3efad
3efb5
3efbe
3efc4
3efc9
3efce
3efd1
3efd3
3efd6
3efd9
3efde
3efe1
3efe4
3efed
3eff4
3effa
3f000
3f004
3f007
3f00f
3f018
3f01d
3f026
3f02c
3f032
3f037
3f03a
3f03c
3f03f
3f042
3f047
3f04a
3f04d
3f056
3f05d
3f063
3f069
3f06d
3f070
3f078
3f081
3f086
3f08f
3f095
3f09b
3f0a0
3f0a3
3f0a5
3f0a8
3f0ab
3f0b0
3f0b3
3f0b6
3f0bf
3f0c6
3f0cc
3f0d2
3f0d6
3f0d9
3f0e1
3f0ea
3f0ef
3f0f8
3f0fe
3f104
3f109
3f10c
3f10e
3f111
3f114
3f119
3f11c
3f11f
3f128
3f12f
3f135
3f13b
3f13f
3f142
3f14a
3f153
3f158
3f161
3f167
3f16d
3f172
3f175
3f177
3f17a
3f17d
3f182
3f185
3f188
3f191
3f198
3f19e
3f1a4
3f1a8
3f1ab
3f1b3
3f1bc
3f1c1
3f1ca
3f1d0
3f1d6
3f1db
3f1de
3f1e0
3f1e3
3f1e6
3f1eb
3f1ee
3f1f1
3f1fa
3f201
3f207
3f20d
3f211
3f214
3f21c
3f225
3f22a
3f233
3f239
3f23f
3f244
3f247
3f249
3f24c
3f24f
3f252
3f255
3f25e
3f265
3f26b
3f271
3f275
3f278
3f280
3f289
3f28e
3f297
3f29d
3f2a3
3f2a8
3f2ab
3f2ad
3f2b0
3f2b3
3f2b6
3f2b9
3f2c2
3f2c9
3f2cf
3f2d5
3f2d9
3f2dc
3f2e4
3f2ed
3f2f2
3f2fb
3f301
3f307
3f30c
3f30f
3f311
3f314
3f317
3f31a
3f31d
3f326
3f32d
3f333
3f339
3f33d
3f340
3f348
3f351
3f356
3f35f
3f365
3f36b
3f370
3f373
3f375
3f378
3f37b
3f37e
3f381
3f38a
3f391
3f397
3f39d
3f3a1
3f3a4
3f3ac
3f3b5
3f3ba
3f3c3
3f3c9
3f3cf
3f3d4
3f3d7
3f3d9
3f3dc
3f3df
3f3e2
3f3e5
3f3ee
3f3f5
3f3fb
3f401
3f405
3f408
3f410
3f419
3f41e
3f427
3f42d
3f433
3f438
3f43b
3f43d
3f440
3f443
3f446
3f449
3f452
3f459
3f45f
3f465
3f469
3f46c
3f474
3f47d
3f482
3f48b
3f491
3f497
3f49c
3f49f
3f4a1
3f4a4
3f4a7
3f4aa
3f4b2
3f4bb
3f4c0
3f4c9
3f4cf
3f4d5
3f4da
3f4dd
3f4df
3f4e2
3f4e5
3f4e8
3f4f0
3f4f9
3f4fe
3f507
3f50d
3f513
3f518
3f51b
3f51d
3f520
3f523
3f526
3f52e
3f537
3f53c
3f545
3f54b
3f551
3f556
3f559
3f55b
3f55e
3f561
3f564
3f56c
3f575
3f57a
3f583
3f589
3f58f
3f594
3f597
3f599
3f59c
3f59f
3f5a2
3f5aa
3f5b3
3f5b8
3f5c1
3f5c7
3f5cd
3f5d2
3f5d5
3f5d7
3f5da
3f5dd
3f5e0
3f5e8
3f5f1
3f5f6
3f5ff
3f605
3f60b
3f610
3f613
3f615
3f618
3f621
3f629
3f632
3f638
3f63d
3f642
3f648
3f64b
3f64e
3f650
3f659
3f661
3f66a
3f670
3f675
3f67a
3f680
3f683
3f686
3f688
3f691
3f699
3f6a2
3f6a8
3f6ad
3f6b2
3f6b8
3f6bb
3f6be
3f6c0
3f6c9
3f6d1
3f6da
3f6e0
3f6e5
3f6ea
3f6f0
3f6f3
3f6f6
3f6f8
3f701
3f709
3f712
3f718
3f71d
3f722
3f728
3f72b
3f72e
3f730
3f739
3f741
3f74a
3f750
3f755
3f75a
3f760
3f763
3f766
3f768
3f771
3f779
3f782
3f788
3f78d
3f792
3f798
3f79b
3f79e
3f7a0
3f7a9
3f7b1
3f7ba
3f7c0
3f7c5
3f7ca
3f7d0
3f7d3
3f7d6
3f7d8
3f7e1
3f7e9
3f7f2
3f7f8
3f7fd
3f802
3f808
3f80b
3f80e
3f810
3f819
3f821
3f82a
3f830
3f835
3f83a
3f840
3f843
3f846
3f848
3f851
3f859
3f862
3f868
3f86d
3f872
3f878
3f87b
3f87e
3f880
3f889
3f891
3f89a
3f8a0
3f8a5
3f8aa
3f8b0
3f8b3
3f8b6
3f8b8
3f8bb
3f8c1
3f8ca
3f8d0
3f8d6
3f8d9
3f8df
3f8e2
3f8eb
3f8f1
3f8f7
3f8fa
3f903
3f909
3f912
3f918
3f91e
3f924
3f92a
3f933
3f93b
3f941
3f947
3f94c
3f94f
3f958
3f960
3f968
3f96f
3f975
3f978
3f981
3f987
3f990
3f996
3f99f
3f9a5
3f9ab
3f9b4
3f9ba
3f9c0
3f9c6
3f9cb
3f9d1
3f9d9
3f9dc
3f9e3
3f9ea
3f9f0
3f9f7
3f9fe
3fa02
3fa0b
3fa11
3fa17
3fa1a
3fa20
3fa29
3fa31
3fa37
3fa3d
3fa43
3fa49
3fa4e
3fa51
3fa58
3fa5f
3fa66
3fa6d
3fa73
3fa77
3fa80
3fa88
3fa90
3fa97
3fa9d
3faa0
3faa8
3faad
3fab2
3fabb
3fac1
3fac7
3facc
3fad4
3fadb
3fae0
3fae7
3faed
3faf2
3faf9
3faff
3fb05
3fb0a
3fb12
3fb1a
3fb20
3fb25
3fb2d
3fb34
3fb39
3fb3b
3fb40
3fb43
3fb49
3fb51
3fb56
3fb5c
3fb5f
3fb62
3fb68
3fb71
3fb77
3fb7d
3fb80
3fb89
3fb8f
3fb98
3fb9e
3fba4
3fbaa
3fbb0
3fbb9
3fbc1
3fbc7
3fbcd
3fbd2
3fbd5
3fbde
3fbe6
3fbee
3fbf5
3fbfb
3fbfe
3fc07
3fc0d
3fc16
3fc1c
3fc25
3fc2b
3fc31
3fc3a
3fc40
3fc46
3fc4c
3fc51
3fc57
3fc5f
3fc62
3fc69
3fc70
3fc76
3fc7d
3fc84
3fc88
3fc91
3fc97
3fc9d
3fca0
3fca6
3fcaf
3fcb7
3fcbd
3fcc3
3fcc9
3fccf
3fcd4
3fcd7
3fcde
3fce5
3fcec
3fcf3
3fcf9
3fcfd
3fd06
3fd0e
3fd16
3fd1d
3fd23
3fd26
3fd2e
3fd33
3fd38
3fd41
3fd47
3fd4d
3fd52
3fd5a
3fd61
3fd66
3fd6d
3fd73
3fd78
3fd7f
3fd85
3fd8b
3fd90
3fd98
3fda0
3fda6
3fdab
3fdb3
3fdba
3fdbf
3fdc1
3fdc6
3fdc9
3fdcf
3fdd7
3fddc
3fde2
3fde5
3fde8
3fdee
3fdf7
3fdfd
3fe03
3fe06
3fe0f
3fe15
3fe1e
3fe24
3fe2a
3fe30
3fe36
3fe3f
3fe47
3fe4d
3fe53
3fe58
3fe5b
3fe64
3fe6c
3fe74
3fe7b
3fe81
3fe84
3fe8d
3fe93
3fe9c
3fea2
3feab
3feb1
3feb7
3fec0
3fec6
3fecc
3fed2
3fed7
3fedd
3fee5
3fee8
3feef
3fef6
3fefc
3ff03
3ff0a
3ff0e
3ff17
3ff1d
3ff20
3ff26
3ff2c
3ff35
3ff3d
3ff43
3ff49
3ff4f
3ff55
3ff5a
3ff5d
3ff64
3ff6b
3ff72
3ff79
3ff7f
3ff83
3ff8c
3ff94
3ff9c
3ffa3
3ffa9
3ffac
3ffb4
3ffb9
3ffbe
3ffc7
3ffcd
3ffd3
3ffd8
3ffe0
3ffe7
3ffec
3fff3
3fff9
3fffe
40005
4000b
40011
40016
4001e
40026
4002c
40031
40039
40040
40045
40047
4004c
4004f
40055
4005d
40062
40068
4006b
4006e
40074
4007d
40083
40089
4008c
40095
4009b
400a4
400aa
400b0
400b9
400bf
400c5
400cb
400d0
400d6
400de
400e1
400ea
400f0
400f9
400ff
40105
4010b
40111
4011a
40122
40128
4012e
40133
40136
4013f
40147
4014f
40156
4015c
4015f
40168
4016e
40175
4017c
40182
40189
40190
40194
4019d
401a3
401a6
401ac
401b2
401bb
401c3
401c9
401cf
401d5
401db
401e0
401e3
401ea
401f1
401f8
401ff
40205
40209
40212
4021a
40222
40229
4022f
40232
4023a
4023f
40244
4024d
40253
40259
4025e
40266
4026d
40272
40279
4027f
40284
4028b
40291
40297
4029c
402a4
402ac
402b2
402b7
402bf
402c6
402cb
402cd
402d2
402d5
402db
402e3
402e8
402ee
402f1
402f4
402fa
40303
40309
4030f
40312
40315
4031e
40324
4032d
40333
40339
4033f
40345
4034a
40353
40359
4035f
40367
4036d
40376
4037f
40385
40388
4038e
40394
4039a
403a3
403ab
403b1
403b7
403bc
403c5
403cd
403d5
403dc
403e2
403e5
403ee
403f4
403fb
40402
40408
4040f
40416
4041a
40423
40429
4042c
40432
40438
40441
40449
4044f
40455
4045b
40461
40466
40469
40470
40477
4047e
40485
4048b
4048f
40498
404a0
404a8
404af
404b5
404b8
404c1
404c7
404cd
404d2
404da
404df
404e4
404ec
404f3
404f8
404ff
40505
4050a
40511
40517
4051d
40525
4052d
40532
40538
4053d
40545
4054c
40551
40553
40558
4055b
40561
40569
4056e
40574
40577
40580
40586
40589
4058f
40598
4059e
405a7
405ad
405b6
405bc
405c2
405c8
405cd
405d3
405db
405e1
405ea
405f3
405f9
405ff
40605
4060b
40614
4061c
40622
40628
4062d
40630
40639
40641
40649
40650
40656
40659
40660
40667
4066d
40674
4067b
4067f
40688
4068e
40691
40697
4069d
406a6
406ae
406b4
406ba
406c0
406c6
406cb
406ce
406d5
406dc
406e3
406ea
406f0
406f4
406fd
40705
4070d
40714
4071a
4071d
40725
4072a
4072f
40738
4073e
40744
40749
40751
40758
4075e
40763
4076a
40770
40775
4077c
40782
4078a
40792
40797
4079d
407a2
407aa
407b1
407b6
407bc
407bf
407c1
407c6
407ce
407d3
407d9
407dc
407df
407e5
407ee
407f4
407fa
407fd
40800
40806
4080f
40815
4081b
4081e
40827
4082f
40835
4083d
40844
40847
40850
40856
4085c
40862
4086b
40873
40879
4087f
40885
4088a
4088d
40894
4089b
408a2
408a8
408af
408b3
408b6
408bc
408c3
408ca
408d1
408d8
408de
408e2
408ea
408ef
408f6
408fb
40904
4090a
4090f
40914
4091a
4091f
40927
4092e
40933
4093a
40940
40946
4094b
40951
40959
40961
40969
40970
40976
4097b
40981
40984
4098c
40991
40993
40998
4099b
409a1
409a4
409aa
409b3
409b9
409bf
409c2
409cb
409d3
409d9
409e1
409e8
409eb
409f4
409fa
40a00
40a06
40a0f
40a17
40a1d
40a23
40a29
40a2e
40a31
40a38
40a3f
40a46
40a4c
40a53
40a57
40a5d
40a60
40a67
40a6e
40a75
40a7c
40a82
40a86
40a8f
40a95
40a9a
40aa2
40aa7
40aae
40ab3
40ab8
40abe
40ac3
40acb
40ad2
40ad7
40ade
40ae4
40aea
40aef
40af5
40afd
40b05
40b0d
40b14
40b1a
40b1f
40b25
40b28
40b30
40b35
40b37
40b3c
40b3f
40b45
40b4b
40b4e
40b57
40b5d
40b63
40b66
40b6f
40b77
40b7d
40b85
40b8c
40b8f
40b98
40b9e
40ba7
40baf
40bb5
40bbb
40bc1
40bc7
40bcd
40bd2
40bd5
40bdc
40be3
40bea
40bf0
40bf7
40bfb
40c01
40c04
40c0b
40c12
40c19
40c20
40c26
40c2a
40c32
40c37
40c3e
40c43
40c4c
40c52
40c57
40c5c
40c62
40c67
40c6f
40c76
40c7b
40c82
40c88
40c8e
40c93
40c99
40ca1
40ca9
40cb1
40cb8
40cbe
40cc3
40cc9
40ccc
40cd4
40cd9
40cdb
40ce0
40ce6
40ce9
40cec
40cf2
40cfb
40d01
40d07
40d0a
40d13
40d19
40d22
40d2a
40d30
40d36
40d3c
40d42
40d48
40d4d
40d50
40d59
40d61
40d67
40d6f
40d76
40d79
40d80
40d87
40d8e
40d94
40d9b
40d9f
40da2
40da8
40daf
40db6
40dbd
40dc4
40dca
40dce
40dd6
40ddb
40de2
40de7
40df0
40df6
40dfb
40e00
40e06
40e0b
40e13
40e1a
40e1f
40e26
40e2c
40e32
40e37
40e3d
40e45
40e4d
40e55
40e5c
40e62
40e67
40e6d
40e70
40e75
40e7d
40e7f
40e84
40e87
40e8d
40e90
40e96
40e9f
40ea5
40eab
40eae
40eb7
40ebd
40ec3
40ec9
40ed2
40eda
40ee0
40ee6
40eeb
40ef1
40ef4
40efd
40f05
40f0b
40f13
40f1a
40f1d
40f24
40f2b
40f32
40f38
40f3f
40f43
40f46
40f4c
40f53
40f5a
40f61
40f68
40f6e
40f72
40f7a
40f7f
40f86
40f8b
40f94
40f9a
40f9f
40fa5
40faa
40faf
40fb7
40fbe
40fc3
40fca
40fd0
40fd6
40fdb
40fe1
40fe9
40ff1
40ff9
41000
41006
4100b
4100e
41014
41019
41021
41023
41028
4102b
41031
4103a
41040
41046
4104c
41055
4105d
41063
41069
4106f
41074
41077
41080
41088
4108e
41096
4109d
410a0
410a7
410ae
410b5
410bb
410c2
410c6
410c9
410cf
410d6
410dd
410e4
410eb
410f1
410f5
410fd
41102
41109
4110e
41117
4111d
41122
41127
4112d
41132
4113a
41141
41147
4114c
41153
41159
4115f
41164
4116c
41174
4117c
41183
41189
4118e
41196
4119b
411a1
411a4
411a7
411ad
411af
411b4
411b7
411bd
411c6
411cc
411d2
411d5
411d8
411de
411e7
411ed
411f3
411f6
411ff
41207
4120f
41216
4121c
4121f
41225
4122e
41237
4123f
41245
4124b
41251
41257
4125d
41262
41265
4126c
41273
4127a
41281
41287
4128b
4128e
41294
4129c
412a1
412a8
412b0
412b6
412bd
412c2
412c8
412d1
412d7
412dd
412e5
412ec
412f4
412f9
412ff
41304
41309
4130e
41313
4131a
4131f
41325
4132d
41333
41336
4133e
41343
41345
4134a
4134d
41353
41356
4135c
41365
4136b
41371
41374
4137d
41385
4138d
41394
4139a
4139d
413a6
413ac
413b5
413bd
413c3
413c9
413cf
413d5
413db
413e0
413e3
413ea
413f1
413f8
413ff
41405
41409
4140f
41412
4141b
41421
41427
4142f
41436
4143e
41443
41449
41451
41456
4145d
41465
4146b
41472
41477
4147d
41482
41487
4148c
41491
41498
4149d
414a3
414ab
414ae
414b4
414b9
414c1
414c3
414c8
414cb
414d1
414d4
414da
414e3
414e9
414ef
414f2
414fa
41501
4150a
41512
41518
4151b
41524
4152a
41533
4153b
41541
41547
4154d
41553
41559
4155e
41561
41568
4156f
41576
4157d
41583
41587
4158d
41590
41598
4159d
415a4
415ac
415b2
415b9
415be
415c4
415cd
415d3
415d9
415e1
415e8
415f0
415f5
415fb
41600
41605
4160a
4160f
41616
4161b
41621
41629
41631
41636
41639
4163f
41641
41646
41649
4164f
41652
41658
41661
41667
4166d
41670
41679
4167f
41688
41690
41696
4169c
416a2
416a8
416ae
416b3
416b6
416be
416c5
416ce
416d6
416dc
416df
416e6
416ed
416f4
416fb
41701
41705
4170b
4170e
41716
4171b
41722
4172a
41730
41737
4173c
41742
4174b
41751
41757
4175f
41766
4176e
41773
41779
4177e
41783
41788
4178d
41794
41799
4179f
417a7
417ad
417b0
417b8
417bd
417bf
417c4
417c7
417cd
417d0
417d6
417df
417e5
417eb
417ee
417f7
417fd
41806
4180e
41814
4181a
41820
41826
4182b
41831
41834
4183c
41843
4184c
41854
4185a
4185d
41864
4186b
41872
41879
4187f
41883
41889
4188c
41894
41899
418a0
418a8
418ae
418b5
418ba
418c0
418c9
418cf
418d5
418dd
418e4
418ec
418f1
418f7
418fc
41901
41906
4190b
41912
41917
4191d
41925
4192b
4192e
41936
4193b
4193d
41942
41945
4194b
4194e
41954
4195d
41966
4196e
41974
4197a
41980
41986
4198c
41991
4199a
419a2
419aa
419b1
419b7
419ba
419c1
419c8
419cf
419d6
419dc
419e0
419e6
419e9
419f1
419f6
419fd
41a05
41a0b
41a12
41a17
41a1d
41a26
41a2c
41a32
41a3a
41a41
41a49
41a4e
41a54
41a59
41a5e
41a63
41a68
41a6f
41a75
41a7a
41a82
41a88
41a8b
41a93
41a98
41a9b
41aa1
41aa3
41aa8
41aab
41ab1
41aba
41ac0
41ac6
41ac9
41acf
41ad2
41adb
41ae1
41ae7
41aea
41af3
41afb
41b03
41b0a
41b10
41b13
41b16
41b1f
41b25
41b2e
41b34
41b3a
41b42
41b48
41b4e
41b54
41b59
41b60
41b67
41b6e
41b75
41b7b
41b7f
41b87
41b8c
41b91
41b99
41ba2
41ba9
41baf
41bb4
41bbb
41bc1
41bc8
41bcd
41bd3
41bd9
41bdf
41be7
41bee
41bf6
41bfb
41c01
41c06
41c0b
41c10
41c18
41c1e
41c21
41c29
41c2e
41c30
41c35
41c38
41c3e
41c44
41c47
41c50
41c56
41c5c
41c5f
41c68
41c70
41c78
41c7f
41c85
41c88
41c8b
41c91
41c9a
41ca3
41ca9
41caf
41cb7
41cbd
41cc3
41cc9
41cce
41cd5
41cdc
41ce3
41cea
41cf0
41cf4
41cfc
41d01
41d06
41d0f
41d17
41d1e
41d24
41d2a
41d30
41d38
41d3f
41d47
41d4c
41d52
41d57
41d5e
41d64
41d6b
41d70
41d76
41d7b
41d80
41d85
41d8d
41d93
41d96
41d9e
41da3
41da5
41daa
41db0
41db3
41db6
41dbc
41dc5
41dcb
41dd1
41dd4
41ddd
41de5
41ded
41df4
41dfa
41dfd
41e06
41e0c
41e15
41e1b
41e21
41e29
41e2f
41e35
41e3b
41e40
41e43
41e4a
41e51
41e58
41e5f
41e65
41e69
41e71
41e7a
41e81
41e87
41e8f
41e94
41e99
41e9e
41ea5
41eab
41eb2
41eb7
41ebd
41ec3
41ec9
41ed1
41ed8
41ee0
41ee5
41eeb
41ef0
41ef5
41efa
41f02
41f0a
41f0f
41f15
41f18
41f1a
41f1f
41f22
41f28
41f2b
41f31
41f3a
41f40
41f46
41f49
41f4c
41f55
41f5b
41f64
41f6a
41f70
41f78
41f7e
41f84
41f8a
41f8f
41f98
41fa0
41fa8
41faf
41fb5
41fb8
41fbf
41fc6
41fcd
41fd4
41fda
41fde
41fe6
41feb
41ff0
41ff8
42001
42008
4200e
42013
4201a
42020
42027
4202c
42032
42038
4203e
42046
4204d
42055
4205a
42060
42065
4206a
4206f
42077
4207d
42080
42088
4208d
4208f
42094
42097
4209d
420a0
420a6
420af
420b5
420bb
420be
420c4
420cd
420d6
420dc
420e2
420ea
420f0
420f6
420fc
42101
42104
4210d
42115
4211d
42124
4212a
4212d
42134
4213b
42142
42149
4214f
42153
4215b
42160
42165
4216d
42176
4217d
42183
42188
4218f
42195
4219c
421a1
421a7
421ad
421b3
421bb
421c2
421ca
421cf
421d5
421da
421df
421e4
421ec
421f2
421f5
421fd
42202
42204
42209
4220c
42212
42215
4221e
42224
4222d
42233
42239
42241
42247
4224d
42253
42258
42261
42269
42271
42278
4227e
42281
42288
4228f
42296
4229d
422a3
422a7
422af
422b4
422b9
422c1
422ca
422d1
422d7
422dc
422e3
422e9
422f0
422f5
422fb
42301
42307
4230f
42316
4231e
42323
42329
4232e
42333
42338
42340
42346
42349
42351
42356
4235c
4235f
42361
42366
42369
4236f
42378
4237e
42384
42387
4238a
42390
42399
4239f
423a5
423a8
423b1
423b9
423bf
423c7
423ce
423d1
423da
423e0
423e9
423f1
423f7
423fd
42403
42409
4240f
42414
42417
4241e
42425
4242c
42433
42439
4243d
42445
4244a
42451
42456
4245f
42465
4246d
42475
4247a
42482
42489
4248e
42494
4249b
424a0
424a6
424ac
424b2
424b9
424c1
424c6
424cc
424d1
424d6
424dc
424df
424e7
424ec
424ee
424f3
424f6
424fc
424ff
42505
4250e
42514
4251a
4251d
42526
4252e
42534
4253c
42543
42546
42549
42552
42558
42561
42569
4256f
42575
4257b
42581
42587
4258c
42593
4259a
425a1
425a8
425ae
425b2
425ba
425bf
425c6
425cb
425d4
425da
425e2
425ea
425ef
425f7
425fe
42604
4260a
42611
42619
4261e
42624
42629
4262f
42636
4263b
42641
42646
4264b
42651
42654
42659
42661
42663
42668
4266b
42671
42674
4267a
42683
42689
4268f
42692
4269b
426a3
426a9
426b1
426b8
426bb
426c1
426ca
426d3
426db
426e1
426e7
426ed
426f3
426f9
426fe
42701
42708
4270f
42716
4271d
42723
42727
4272f
42734
4273b
42740
42749
4274f
42757
4275f
42767
4276e
42773
42778
4277e
42785
4278a
42790
42796
4279c
427a3
427ab
427b0
427b6
427bb
427c0
427c5
427cd
427d0
427d6
427d8
427dd
427e0
427e6
427e9
427ef
427f8
427fe
42804
42807
42810
42816
4281f
42827
4282d
42833
42839
4283f
42845
4284a
4284d
42856
4285e
42864
4286c
42873
42876
4287d
42884
4288b
42892
42898
4289c
428a4
428a9
428b0
428b5
428be
428c4
428cc
428d4
428d9
428e1
428e8
428ed
428f3
428fa
428ff
42905
4290b
42911
42918
42920
42925
4292b
42930
42935
4293b
4293e
42946
4294b
4294d
42952
42955
4295b
42961
42964
4296d
42973
42979
4297c
42985
4298b
42994
4299c
429a2
429a8
429ae
429b4
429ba
429bf
429c2
429cb
429d3
429d9
429e1
429e8
429eb
429f2
429f9
42a00
42a07
42a0d
42a11
42a19
42a21
42a29
42a2e
42a35
42a3a
42a43
42a49
42a4e
42a56
42a5d
42a62
42a68
42a6f
42a74
42a7a
42a80
42a86
42a8d
42a95
42a9a
42aa0
42aa5
42aaa
42ab0
42ab3
42abb
42ac0
42ac2
42ac7
42acd
42ad0
42ad9
42adf
42ae8
42af0
42af6
42afc
42b02
42b08
42b0e
42b13
42b16
42b1f
42b27
42b2d
42b35
42b3c
42b3f
42b46
42b4d
42b54
42b5b
42b61
42b65
42b6e
42b74
42b7c
42b84
42b8c
42b91
42b98
42b9d
42ba2
42baa
42bb1
42bb6
42bbc
42bc3
42bc8
42bce
42bd4
42bda
42be1
42be9
42bee
42bf4
42bf9
42bfe
42c04
42c07
42c0f
42c14
42c17
42c1d
42c1f
42c24
42c27
42c2d
42c36
42c3c
42c42
42c45
42c48
42c4e
42c57
42c5d
42c63
42c66
42c6e
42c75
42c7e
42c86
42c8c
42c8f
42c92
42c98
42ca1
42caa
42cb2
42cb8
42cbe
42cc4
42cca
42cd0
42cd5
42cdc
42ce3
42cea
42cf1
42cf7
42cfb
42d03
42d08
42d0f
42d17
42d1d
42d24
42d29
42d2f
42d38
42d3e
42d43
42d4b
42d53
42d58
42d5f
42d64
42d6a
42d70
42d77
42d7f
42d84
42d8a
42d8f
42d94
42d97
42d9d
42da2
42daa
42dac
42db1
42db4
42dba
42dbd
42dc3
42dcc
42dd2
42dd8
42ddb
42de3
42dea
42df3
42dfb
42e01
42e04
42e07
42e0d
42e16
42e1f
42e27
42e2d
42e33
42e39
42e3f
42e45
42e4a
42e51
42e58
42e5f
42e66
42e6c
42e70
42e78
42e7d
42e84
42e8c
42e92
42e99
42e9e
42ea4
42ead
42eb3
42eb8
42ec0
42ec8
42ecd
42ed4
42eda
42ee0
42ee7
42eef
42ef4
42efa
42eff
42f04
42f09
42f0f
42f12
42f1a
42f1f
42f21
42f26
42f29
42f2f
42f32
42f38
42f41
42f47
42f4d
42f50
42f58
42f5f
42f68
42f70
42f76
42f79
42f7f
42f88
42f91
42f99
42f9f
42fa5
42fab
42fb1
42fb7
42fbc
42fbf
42fc6
42fcd
42fd4
42fdb
42fe1
42fe5
42fed
42ff2
42ff9
43001
43007
4300e
43013
43019
43022
43028
4302d
43035
4303d
43044
43049
4304e
43054
4305a
43061
43069
4306e
43074
43079
4307e
43086
4308b
4308e
43094
43096
4309b
4309e
430a4
430a7
430ad
430b6
430bc
430c2
430c5
430c8
430d1
430d7
430e0
430e8
430ee
430f4
430fa
43100
43106
4310b
43114
4311c
43124
4312b
43131
43134
4313b
43142
43149
43150
43156
4315a
43162
43167
4316e
43176
4317c
43183
43188
4318e
43197
4319d
431a2
431aa
431b2
431b7
431be
431c3
431c9
431cf
431d6
431de
431e3
431e9
431ee
431f3
431f6
431fc
43201
43209
4320b
43210
43213
43219
4321c
43222
4322b
43231
43237
4323a
43240
43249
43252
4325a
43260
43266
4326c
43272
43278
4327d
43280
43289
43291
43299
432a0
432a6
432a9
432b0
432b7
432be
432c5
432cb
432cf
432d7
432dc
432e3
432eb
432f1
432f8
432fd
43303
4330c
43312
4331a
43322
43327
4332c
43333
43338
4333e
43344
4334b
43353
43358
4335e
43363
43368
4336b
43371
43379
4337e
43380
43385
43388
4338e
43391
4339a
433a0
433a9
433b1
433b7
433bd
433c3
433c9
433cf
433d4
433dd
433e5
433ed
433f4
433fa
433fd
43404
4340b
43412
43419
4341f
43423
4342c
43432
4343a
4343f
43446
4344e
43454
4345b
43460
43466
4346e
43476
4347b
43480
43487
4348c
43492
43498
4349f
434a7
434ac
434b2
434b7
434bc
434c2
434c5
434cd
434d2
434d5
434db
434dd
434e2
434e5
434eb
434f4
434fa
43500
43503
43506
4350c
43515
4351b
43521
43524
4352d
43535
4353d
43544
4354a
4354d
43553
4355c
43565
4356d
43573
43579
4357f
43585
4358b
43590
43593
4359a
435a1
435a8
435af
435b5
435b9
435c1
435c8
435d0
435d5
435dc
435e2
435e9
435ee
435f4
435fd
43603
43608
43610
43618
4361d
43622
43628
4362e
43635
4363d
43642
43648
4364d
43652
43658
4365b
43663
43668
4366a
4366f
43672
43678
4367b
43681
4368a
43690
43696
43699
436a2
436aa
436b2
436b9
436bf
436c2
436cb
436d1
436da
436e2
436e8
436ee
436f4
436fa
43700
43705
43708
4370f
43716
4371d
43724
4372a
4372e
43736
4373d
43745
4374a
43751
43757
4375e
43763
43769
43772
43778
4377d
43785
4378d
43792
43798
4379e
437a5
437ad
437b2
437b8
437bd
437c2
437c7
437cd
437d0
437d8
437dd
437df
437e4
437e7
437ed
437f0
437f6
437ff
43805
4380b
4380e
43817
4381f
43827
4382e
43834
43837
43840
43846
4384f
43857
4385d
43863
43869
4386f
43875
4387a
4387d
43884
4388b
43892
43899
4389f
438a3
438ab
438b2
438ba
438bf
438c6
438cc
438d3
438d8
438de
438e7
438ed
438f2
438fa
43902
43907
4390c
43912
43918
4391f
43927
4392c
43932
43937
4393c
43944
43949
4394f
43952
43954
43959
4395c
43962
43965
4396b
43974
4397a
43980
43983
4398c
43992
4399b
439a3
439a9
439af
439b5
439bb
439c1
439c6
439c9
439d2
439da
439e2
439e9
439ef
439f2
439f9
43a00
43a07
43a0e
43a14
43a18
43a20
43a27
43a2f
43a34
43a3b
43a41
43a48
43a4d
43a53
43a5c
43a62
43a67
43a6f
43a77
43a7c
43a81
43a87
43a8d
43a94
43a9c
43aa1
43aa7
43aac
43ab1
43ab7
43aba
43ac2
43ac7
43ac9
43ace
43ad1
43ad7
43ada
43ae0
43ae9
43aef
43af5
43af8
43b01
43b07
43b10
43b18
43b1e
43b24
43b2a
43b30
43b36
43b3b
43b3e
43b47
43b4f
43b57
43b5e
43b64
43b67
43b6e
43b75
43b7c
43b83
43b89
43b8d
43b95
43b9c
43ba4
43ba9
43bb0
43bb6
43bbd
43bc2
43bc8
43bd1
43bd7
43bdf
43be7
43bec
43bf1
43bf6
43bfc
43c02
43c09
43c11
43c16
43c1c
43c21
43c26
43c29
43c2f
43c34
43c3c
43c3e
43c43
43c46
43c4c
43c4f
43c58
43c5e
43c67
43c6f
43c75
43c7b
43c81
43c87
43c8d
43c92
43c9b
43ca3
43cab
43cb2
43cb8
43cbb
43cc2
43cc9
43cd0
43cd7
43cdd
43ce1
43ce9
43cf0
43cf9
43cff
43d07
43d0c
43d13
43d19
43d20
43d25
43d2b
43d33
43d3b
43d40
43d45
43d4a
43d50
43d56
43d5d
43d65
43d6a
43d70
43d75
43d7a
43d80
43d83
43d8b
43d90
43d93
43d99
43d9b
43da0
43da3
43da9
43db2
43db8
43dbe
43dc1
43dc4
43dca
43dd3
43dd9
43ddf
43de2
43deb
43df3
43dfb
43e02
43e08
43e0b
43e14
43e1c
43e22
43e28
43e2e
43e34
43e3a
43e3f
43e42
43e49
43e50
43e57
43e5e
43e64
43e68
43e70
43e77
43e7f
43e84
43e8b
43e91
43e98
43e9d
43ea3
43eac
43eb2
43eb7
43ebf
43ec7
43ecc
43ed1
43ed7
43edd
43ee4
43eec
43ef1
43ef7
43efc
43f01
43f04
43f0a
43f0f
43f17
43f19
43f1e
43f21
43f27
43f2a
43f30
43f39
43f3f
43f45
43f48
43f51
43f59
43f61
43f68
43f6e
43f71
43f7a
43f82
43f88
43f8e
43f94
43f9a
43fa0
43fa5
43fa8
43faf
43fb6
43fbd
43fc4
43fca
43fce
43fd6
43fdd
43fe5
43fea
43ff1
43ff7
43ffe
44003
44009
44012
44018
4401d
44025
4402d
44032
44038
4403e
44045
4404d
44052
44058
4405d
44062
44067
4406d
44070
44078
4407d
4407f
44084
44087
4408d
44090
44096
4409f
440a5
440ab
440ae
440b7
440bf
440c7
440ce
440d4
440d7
440e0
440e8
440ee
440f4
440fa
44100
44106
4410b
4410e
44115
4411c
44123
4412a
44130
44134
4413c
44143
4414b
44150
44157
4415d
44164
44169
4416f
44178
4417e
44183
4418b
44193
44198
4419d
441a3
441a9
441b0
441b8
441bd
441c3
441c8
441cd
441d2
441da
441dd
441e3
441e5
441ea
441ed
441f3
441f6
441fc
44205
4420b
44211
44214
4421d
44225
4422b
44231
44237
4423d
44243
44248
4424b
44254
4425c
44264
4426b
44271
44274
4427b
44282
44289
44290
44296
4429a
442a2
442a9
442b1
442b6
442bd
442c3
442ca
442cf
442d5
442de
442e4
442e9
442f1
442f9
442fe
44303
44309
4430f
44316
4431e
44323
44329
4432e
44333
44336
4433c
44341
44349
4434b
44350
44353
44359
4435c
44362
4436b
44371
44377
4437a
44383
4438b
44391
44397
4439d
443a3
443a9
443ae
443b1
443ba
443c2
443ca
443d1
443d7
443da
443e1
443e8
443ef
443f6
443fc
44400
44408
4440f
44417
4441c
44423
44429
44430
44435
4443b
44444
4444a
44452
4445a
4445f
44464
44469
4446f
44475
4447c
44484
44489
4448f
44494
44499
4449c
444a2
444a7
444af
444b1
444b6
444b9
444bf
444c8
444d0
444d6
444dc
444e2
444e8
444ee
444f3
444f6
444ff
44507
4450f
44516
4451c
4451f
44526
4452d
44534
4453b
44541
44545
4454d
44554
4455d
44563
4456b
44570
44577
4457d
44584
44589
4458f
44597
4459f
445a4
445a9
445ae
445b4
445ba
445c1
445c9
445ce
445d4
445d9
445de
445e4
445e7
445ef
445f4
445f7
445fd
445ff
44604
44607
4460d
44616
4461c
44622
44625
44628
4462e
44637
4463d
44643
44646
4464f
44657
4465f
44666
4466c
4466f
44678
44680
44686
4468c
44692
44698
4469e
446a3
446a6
446ad
446b4
446bb
446c2
446c8
446cc
446d4
446db
446e3
446e8
446ef
446f5
446fc
44701
44707
44710
44716
4471b
44723
4472b
44730
44735
4473b
44741
44748
44750
44755
4475b
44760
44765
4476b
4476e
44776
4477b
4477d
44782
44785
4478b
4478e
44794
4479d
447a3
447a9
447ac
447b5
447bd
447c5
447cc
447d2
447d5
447de
447e6
447ec
447f2
447f8
447fe
44804
44809
4480c
44813
4481a
44821
44828
4482e
44832
4483a
44841
44849
4484e
44855
4485b
44862
44867
4486d
44876
4487c
44881
44889
44891
44896
4489c
448a2
448a9
448b1
448b6
448bc
448c1
448c6
448cb
448d1
448d4
448dc
448e1
448e3
448e8
448eb
448f1
448f4
448fa
44903
44909
4490f
44912
4491b
44923
4492b
44932
44938
4493b
44944
4494c
44952
44958
4495e
44964
4496a
4496f
44972
44979
44980
44987
4498e
44994
44998
449a0
449a7
449af
449b4
449bb
449c1
449c8
449cd
449d3
449dc
449e2
449e7
449ef
449f7
449fc
44a01
44a07
44a0d
44a14
44a1c
44a21
44a27
44a2c
44a31
44a36
44a3e
44a41
44a47
44a49
44a4e
44a51
44a57
44a5a
44a60
44a69
44a6f
44a75
44a78
44a81
44a89
44a8f
44a95
44a9b
44aa1
44aa7
44aac
44aaf
44ab8
44ac0
44ac8
44acf
44ad5
44ad8
44adf
44ae6
44aed
44af4
44afa
44afe
44b06
44b0d
44b15
44b1a
44b21
44b27
44b2e
44b33
44b39
44b42
44b48
44b4d
44b55
44b5d
44b62
44b67
44b6d
44b73
44b7a
44b82
44b87
44b8d
44b92
44b97
44b9d
44ba0
44ba8
44bad
44baf
44bb4
44bb7
44bbd
44bc0
44bc6
44bcf
44bd5
44bdb
44bde
44be1
44bea
44bf2
44bf8
44bfe
44c04
44c0a
44c10
44c15
44c1e
44c26
44c2e
44c35
44c3b
44c3e
44c45
44c4c
44c53
44c5a
44c60
44c64
44c6c
44c73
44c7b
44c80
44c87
44c8d
44c94
44c99
44c9f
44ca8
44cae
44cb6
44cbe
44cc3
44cc8
44ccd
44cd3
44cd9
44ce0
44ce8
44ced
44cf3
44cf8
44cfd
44d03
44d06
44d0e
44d13
44d15
44d1a
44d1d
44d23
44d26
44d2f
44d37
44d3d
44d43
44d49
44d4f
44d55
44d5a
44d63
44d6b
44d73
44d7a
44d80
44d83
44d8a
44d91
44d98
44d9f
44da5
44da9
44db1
44db8
44dc1
44dc7
44dcf
44dd4
44ddb
44de1
44de8
44ded
44df3
44dfb
44e03
44e08
44e0d
44e12
44e18
44e1e
44e25
44e2d
44e32
44e38
44e3d
44e42
44e48
44e4b
44e53
44e58
44e5b
44e61
44e63
44e68
44e71
44e77
44e7d
44e80
44e89
44e8f
44e95
44e98
44ea1
44ea9
44eb1
44eb8
44ebe
44ec1
44eca
44ed2
44ed8
44ede
44ee4
44eea
44ef0
44ef5
44ef8
44eff
44f06
44f0d
44f14
44f1a
44f1e
44f26
44f2d
44f35
44f3a
44f41
44f47
44f4e
44f53
44f59
44f62
44f68
44f6d
44f75
44f7d
44f82
44f87
44f8d
44f93
44f98
44f9e
44fa5
44fad
44fb2
44fb7
44fba
44fc0
44fc6
44fc9
44fd1
44fd6
44fd8
44fdd
44fe6
44fec
44ff2
44ff5
44ffe
45006
4500e
45015
4501b
4501e
45021
4502a
45032
45038
4503e
45044
4504a
45050
45055
4505c
45063
4506a
45071
45077
4507b
45083
4508a
45092
45097
4509e
450a4
450ab
450b0
450b6
450bf
450c5
450ca
450d2
450da
450df
450e5
450eb
450f0
450f6
450fd
45105
4510a
4510f
45114
4511a
4511d
45123
45126
4512e
45133
45135
4513a
45143
45149
4514f
45152
4515b
45163
4516b
45172
45178
4517b
45184
4518c
45192
45198
4519e
451a4
451aa
451af
451b2
451b9
451c0
451c7
451ce
451d4
451d8
451e0
451e7
451ef
451f4
451fb
45201
45208
4520d
45213
4521c
45222
45227
4522f
45237
4523c
45241
45247
4524d
45252
45258
4525f
45267
4526c
45271
45277
4527a
45282
45287
4528d
45290
45292
45297
452a0
452a6
452ac
452af
452b8
452c0
452c6
452cc
452d2
452d8
452de
452e3
452e6
452ef
452f7
452ff
45306
4530c
4530f
45316
4531d
45324
4532b
45331
45335
4533d
45344
4534c
45351
45358
4535e
45365
4536a
45370
45379
4537f
45384
4538c
45394
45399
4539e
453a4
453aa
453af
453b5
453bc
453c4
453c9
453ce
453d1
453d7
453dd
453e0
453e8
453ed
453ef
453f4
453fd
45403
45409
4540c
45415
4541d
45423
45429
4542f
45435
4543b
45440
45443
4544c
45454
4545c
45463
45469
4546c
45473
4547a
45481
45488
4548e
45492
4549a
454a1
454a9
454ae
454b5
454bb
454c2
454c7
454cd
454d6
454dc
454e4
454ec
454f1
454f6
454fb
45501
45507
4550c
45512
45519
45521
45526
4552b
4552e
45534
4553a
4553d
45545
4554a
4554c
45551
4555a
45562
45568
4556e
45574
4557a
45580
45585
45588
45591
45599
455a1
455a8
455ae
455b1
455b8
455bf
455c6
455cd
455d3
455d7
455df
455e6
455ef
455f5
455fd
45602
45609
4560f
45616
4561b
45621
45629
45631
45636
4563b
45640
45646
4564c
45651
45657
4565e
45666
4566b
45670
45673
45679
4567f
45682
4568a
4568f
45691
45696
4569f
456a5
456ab
456ae
456b7
456bd
456c3
456c6
456cf
456d7
456df
456e6
456ec
456ef
456f7
456fe
45706
4570b
45712
45718
4571f
45724
4572a
45733
45739
4573e
45746
4574e
45753
45758
4575e
45764
4576b
45773
45778
4577e
45783
45788
45790
45795
45798
4579e
457a4
457a7
457a9
457ae
457b7
457bd
457c3
457c6
457cf
457d7
457df
457e6
457ec
457ef
457f7
457fe
45806
4580b
45812
45818
4581f
45824
4582a
45833
45839
4583e
45846
4584e
45853
45859
4585f
45866
4586e
45873
45879
4587e
45883
45888
45890
45895
45898
4589e
458a1
458a7
458a9
458ae
458b7
458bd
458c3
458c6
458cf
458d7
458df
458e6
458ec
458ef
458f7
458fe
45906
4590b
45912
45918
4591f
45924
4592a
45933
45939
4593e
45946
4594e
45953
45958
4595e
45964
4596b
45973
45978
4597e
45983
45988
45990
45995
4599b
4599e
459a1
459a7
459a9
459ae
459b7
459bd
459c3
459c6
459cf
459d7
459df
459e6
459ec
459ef
459f7
459fe
45a06
45a0b
45a12
45a18
45a1f
45a24
45a2a
45a33
45a39
45a3e
45a46
45a4e
45a53
45a58
45a5e
45a64
45a6b
45a73
45a78
45a7e
45a83
45a88
45a90
45a95
45a9b
45a9e
45aa4
45aa7
45aa9
45aae
45ab7
45abd
45ac3
45ac6
45acf
45ad7
45adf
45ae6
45aec
45aef
45af7
45afe
45b06
45b0b
45b12
45b18
45b1f
45b24
45b2a
45b33
45b39
45b41
45b49
45b4e
45b53
45b58
45b5e
45b64
45b6b
45b73
45b78
45b7e
45b83
45b88
45b90
45b95
45b98
45b9e
45ba4
45ba7
45ba9
45bae
45bb7
45bbf
45bc7
45bce
45bd4
45bd7
45bdf
45be6
45bef
45bf5
45bfd
45c02
45c09
45c0f
45c16
45c1b
45c21
45c29
45c31
45c36
45c3b
45c40
45c46
45c4c
45c53
45c5b
45c60
45c66
45c6b
45c70
45c78
45c7d
45c80
45c86
45c8c
45c8f
45c91
45c96
45c9f
45ca5
45cab
45cae
45cb7
45cbd
45cc3
45cc6
45cce
45cd5
45cdd
45ce2
45ce9
45cef
45cf6
45cfb
45d01
45d0a
45d10
45d15
45d1d
45d25
45d2a
45d2f
45d35
45d3b
45d42
45d4a
45d4f
45d55
45d5a
45d5f
45d67
45d6c
45d72
45d75
45d7b
45d7e
45d80
45d85
45d8e
45d94
45d9a
45d9d
45da5
45dac
45db4
45db9
45dc0
45dc6
45dcd
45dd2
45dd8
45de1
45de7
45dec
45df4
45dfc
45e01
45e07
45e0d
45e14
45e1c
45e21
45e27
45e2c
45e31
45e36
45e3e
45e43
45e46
45e4c
45e52
45e55
45e57
45e5c
45e65
45e6b
45e71
45e74
45e7c
45e83
45e8b
45e90
45e97
45e9d
45ea4
45ea9
45eaf
45eb8
45ebe
45ec3
45ecb
45ed3
45ed8
45edd
45ee3
45ee9
45ef0
45ef8
45efd
45f03
45f08
45f0d
45f15
45f1a
45f20
45f23
45f29
45f2c
45f2e
45f33
45f3c
45f42
45f48
45f4b
45f53
45f5a
45f62
45f67
45f6e
45f74
45f7b
45f80
45f86
45f8f
45f95
45f9a
45fa2
45faa
45faf
45fb4
45fba
45fc0
45fc7
45fcf
45fd4
45fda
45fdf
45fe4
45fec
45ff1
45ff7
45ffa
46000
46003
46005
4600a
46013
46019
4601f
46022
4602a
46031
46039
4603e
46045
4604b
46052
46057
4605d
46066
4606c
46074
4607c
46081
46086
4608b
46091
46097
4609e
460a6
460ab
460b1
460b6
460bb
460c3
460c8
460ce
460d1
460d4
460da
460dc
460e1
460e9
460f0
460f9
460ff
46107
4610c
46113
46119
46120
46125
4612b
46133
4613b
46140
46145
4614a
46150
46156
4615d
46165
4616a
46170
46175
4617a
46182
46187
4618d
46190
46196
46199
4619b
461a0
461a3
461a6
461a9
461af
461b5
461ba
461bf
461c5
461cb
461d1
461d4
461d7
461dc
461df
461e8
461ee
461f4
461fb
461fe
46202
46208
4620d
46216
4621c
46223
46229
4622c
46230
46233
46236
4623e
46247
46250
46255
4625b
46260
46266
46268
4626b
4626e
46271
46274
4627a
46280
46285
4628a
46290
46296
4629c
4629f
462a2
462a7
462aa
462b3
462b9
462bf
462c6
462c9
462cd
462d3
462d8
462e1
462e7
462ee
462f4
462f7
462fb
462fe
46301
46309
46312
4631b
46320
46326
4632b
46331
46333
46336
46339
4633c
4633f
46345
4634b
46350
46355
4635b
46361
46367
4636a
4636f
46372
46375
4637e
46384
4638a
46391
46394
46398
4639e
463a3
463ac
463b2
463b9
463bf
463c2
463c6
463c9
463cc
463d4
463dd
463e6
463eb
463f1
463f6
463fc
463fe
46401
46404
46407
4640d
46413
46416
46419
4641f
46425
4642a
4642f
46435
46438
4643d
46440
46449
4644f
46455
4645c
4645f
46463
46469
4646e
46477
4647d
46484
4648a
4648d
46491
46494
46497
4649f
464a8
464b1
464b6
464bc
464c1
464c7
464c9
464cc
464cf
464d2
464d8
464de
464e1
464e4
464ea
464f0
464f5
464fa
46500
46503
46508
4650b
46514
4651a
46520
46527
4652a
4652e
46534
46539
46542
46548
4654f
46555
46558
4655c
4655f
46562
4656a
46573
4657c
46581
46587
4658c
46592
46594
46597
4659a
465a0
465a6
465ac
465af
465b2
465b8
465be
465c3
465c8
465cb
465d0
465d3
465dc
465e2
465e8
465ef
465f2
465f6
465fc
46601
4660a
46610
46617
4661d
46620
46624
46627
4662a
46632
4663b
46644
4664a
4664f
46654
4665a
4665d
4665f
46662
46665
46668
4666b
46671
46676
4667b
4667e
46681
4668a
46690
46696
4669d
466a0
466a4
466ad
466b3
466b9
466c0
466c3
466c7
466ca
466d3
466d9
466e1
466ea
466ef
466f5
466fa
466fc
466ff
46702
46705
46708
4670e
46713
46718
4671b
4671e
46727
4672d
46733
4673a
4673d
46741
4674a
46750
46756
4675d
46760
46764
46767
46770
46776
4677e
46787
4678c
46792
46797
46799
4679c
4679f
467a2
467a5
467ab
467b0
467b5
467b8
467bb
467c4
467ca
467d0
467d7
467da
467de
467e7
467ed
467f3
467fa
467fd
46801
46804
4680d
46813
4681b
46824
46829
4682f
46834
46836
46839
4683c
4683f
46842
46848
4684d
46852
46855
46858
46861
46867
4686d
46874
46877
4687b
46884
4688a
46890
46897
4689a
4689e
468a1
468aa
468b0
468b8
468c1
468c6
468cc
468d1
468d3
468d6
468d9
468dc
468df
468e5
468ea
468ef
468f2
468f5
468fe
46904
4690a
46911
46914
46918
46921
46927
4692d
46934
46937
4693b
4693e
46947
4694d
46955
4695e
46963
46969
4696e
46970
46973
46976
46979
4697f
46984
46989
4698c
4698f
46998
4699e
469a4
469ab
469ae
469b2
469bb
469c1
469c7
469ce
469d1
469d5
469d8
469e1
469e7
469ef
469f8
469fe
46a03
46a08
46a0b
46a0d
46a10
46a13
46a16
46a19
46a1f
46a24
46a27
46a2a
46a33
46a39
46a3f
46a46
46a49
46a4d
46a56
46a5c
46a62
46a69
46a6c
46a70
46a79
46a7f
46a87
46a90
46a95
46a9b
46aa0
46aa2
46aa5
46aa8
46aab
46aae
46ab4
46ab9
46abc
46abf
46ac8
46ace
46ad4
46adb
46ade
46ae2
46aeb
46af1
46af7
46afe
46b01
46b05
46b0e
46b14
46b1c
46b25
46b2a
46b30
46b35
46b37
46b3a
46b3d
46b40
46b43
46b49
46b4e
46b51
46b54
46b5d
46b63
46b69
46b70
46b73
46b77
46b80
46b86
46b8c
46b93
46b96
46b9a
46ba3
46ba9
46bb1
46bba
46bbf
46bc5
46bca
46bcc
46bcf
46bd2
46bd5
46bd8
46bde
46be3
46be6
46be9
46bf2
46bf8
46bfe
46c05
46c08
46c0c
46c15
46c1b
46c21
46c28
46c2b
46c2f
46c38
46c3e
46c46
46c4f
46c54
46c5a
46c5f
46c61
46c64
46c67
46c6a
46c6d
46c73
46c78
46c7b
46c7e
46c87
46c8d
46c93
46c9a
46c9d
46ca1
46caa
46cb0
46cb6
46cbd
46cc0
46cc4
46ccd
46cd3
46cdb
46ce4
46ce9
46cef
46cf4
46cf6
46cf9
46cfc
46cff
46d05
46d0a
46d0d
46d10
46d19
46d1f
46d25
46d2c
46d2f
46d33
46d3c
46d42
46d48
46d4f
46d52
46d56
46d5f
46d65
46d6d
46d76
46d7c
46d81
46d86
46d89
46d8b
46d8e
46d91
46d97
46d9c
46d9f
46da2
46dab
46db1
46db7
46dbe
46dc1
46dc5
46dce
46dd4
46ddc
46de5
46deb
46df0
46df5
46df8
46dfa
46dfd
46e00
46e06
46e0b
46e0e
46e11
46e1a
46e20
46e26
46e2d
46e30
46e34
46e3d
46e43
46e4b
46e54
46e5a
46e5f
46e64
46e67
46e69
46e6c
46e6f
46e75
46e7a
46e7d
46e80
46e89
46e8f
46e95
46e9c
46e9f
46ea3
46eac
46eb2
46eba
46ec3
46ec9
46ece
46ed3
46ed6
46ed8
46edb
46ede
46ee4
46ee9
46eec
46eef
46ef8
46efe
46f04
46f0b
46f0e
46f12
46f1b
46f21
46f29
46f32
46f38
46f3d
46f42
46f45
46f47
46f4a
46f4d
46f53
46f58
46f5b
46f5e
46f67
46f6d
46f73
46f7a
46f7d
46f81
46f8a
46f90
46f98
46fa1
46fa7
46fac
46fb1
46fb4
46fb6
46fb9
46fbc
46fc2
46fc7
46fca
46fcd
46fd6
46fdc
46fe2
46fe9
46fec
46ff0
46ff9
46fff
47007
47010
47016
4701b
47020
47023
47025
47028
4702b
47031
47036
47039
4703c
47045
4704b
47051
47058
4705b
4705f
47068
4706e
47076
4707f
47085
4708a
4708f
47092
47094
47097
4709a
470a0
470a5
470a8
470ab
470b4
470ba
470c0
470c7
470ca
470ce
470d7
470dd
470e5
470ee
470f4
470f9
470fe
47101
47103
47106
47109
4710f
47114
47117
4711a
47123
47129
4712f
47136
47139
4713d
47146
4714c
47154
4715d
47163
47168
4716d
47170
47172
47175
47178
4717e
47183
47186
47189
47192
47198
4719e
471a5
471a8
471ac
471b5
471bb
471c3
471cc
471d2
471d7
471dc
471df
471e1
471e4
471e7
471ed
471f2
471f5
471f8
47201
47207
4720d
47214
47217
4721b
47224
4722a
47232
4723b
47241
47246
4724b
4724e
47250
47253
47256
4725c
47261
47264
47267
47270
47276
4727c
47283
47286
4728a
47293
47299
472a1
472aa
472b0
472b5
472ba
472bd
472bf
472c2
472c5
472cb
472d0
472d3
472d6
472df
472e5
472eb
472f2
472f5
472f9
47302
47308
47310
47319
4731f
47324
47329
4732c
4732e
47331
47334
4733a
4733f
47342
47345
4734e
47354
4735a
47361
47364
47368
47371
47377
4737f
47388
4738e
47393
47398
4739b
4739d
473a0
473a3
473a9
473ae
473b1
473b4
473bd
473c3
473c9
473d0
473d3
473d7
473e0
473e6
473ee
473f7
473fd
47402
47407
4740a
4740c
4740f
47412
47418
4741d
47420
47423
4742c
47432
47438
4743f
47442
47446
4744f
47455
4745d
47466
4746c
47471
47476
47479
4747b
4747e
47481
47487
4748c
4748f
47492
4749b
474a1
474a7
474ae
474b1
474b5
474be
474c4
474cc
474d5
474db
474e0
474e5
474e8
474ea
474ed
474f0
474f6
474fb
474fe
47501
4750a
47510
47516
4751d
47520
47524
4752d
47533
4753b
47544
4754a
4754f
47554
47557
47559
4755c
4755f
47565
4756a
4756d
47570
47579
4757f
47585
4758c
4758f
47593
4759c
475a2
475aa
475b3
475b9
475be
475c3
475c6
475c8
475cb
475ce
475d4
475d9
475dc
475df
475e8
475ee
475f4
475fb
475fe
47602
4760b
47611
47619
47622
47628
4762d
47632
47635
47637
4763a
4763d
47643
47648
4764b
4764e
47657
4765d
47663
4766a
4766d
47671
4767a
47680
47688
47691
47697
4769c
476a1
476a4
476a6
476a9
476ac
476b2
476b7
476ba
476bd
476c6
476cc
476d2
476d9
476dc
476e0
476e9
476ef
476f7
47700
47706
4770b
47710
47713
47715
47718
4771b
47721
47726
47729
4772c
47735
4773b
47741
47748
4774b
4774f
47758
4775e
47766
4776f
47775
4777a
4777f
47782
47784
47787
4778a
47790
47795
47798
4779b
477a4
477aa
477b0
477b7
477ba
477be
477c7
477cd
477d5
477de
477e4
477e9
477ee
477f1
477f3
477f6
477f9
477fe
47801
47804
4780d
47814
4781a
47820
47824
47827
4782f
47838
4783d
47846
4784c
47852
47857
4785a
4785c
4785f
47862
47867
4786a
4786d
47876
4787d
47883
47889
4788d
47890
47898
478a1
478a6
478af
478b5
478bb
478c0
478c3
478c5
478c8
478cb
478d0
478d3
478d6
478df
478e6
478ec
478f2
478f6
478f9
47901
4790a
4790f
47918
4791e
47924
47929
4792c
4792e
47931
47934
47939
4793c
4793f
47948
4794f
47955
4795b
4795f
47962
4796a
47973
47978
47981
47987
4798d
47992
47995
47997
4799a
4799d
479a2
479a5
479a8
479b1
479b8
479be
479c4
479c8
479cb
479d3
479dc
479e1
479ea
479f0
479f6
479fb
479fe
47a00
47a03
47a06
47a0b
47a0e
47a11
47a1a
47a21
47a27
47a2d
47a31
47a34
47a3c
47a45
47a4a
47a53
47a59
47a5f
47a64
47a67
47a69
47a6c
47a6f
47a72
47a75
47a7e
47a85
47a8b
47a91
47a95
47a98
47aa0
47aa9
47aae
47ab7
47abd
47ac3
47ac8
47acb
47acd
47ad0
47ad3
47ad6
47ad9
47ae2
47ae9
47aef
47af5
47af9
47afc
47b04
47b0d
47b12
47b1b
47b21
47b27
47b2c
47b2f
47b31
47b34
47b37
47b3a
47b3d
47b46
47b4d
47b53
47b59
47b5d
47b60
47b68
47b71
47b76
47b7f
47b85
47b8b
47b90
47b93
47b95
47b98
47b9b
47b9e
47ba1
47baa
47bb1
47bb7
47bbd
47bc1
47bc4
47bcc
47bd5
47bda
47be3
47be9
47bef
47bf4
47bf7
47bf9
47bfc
47bff
47c02
47c05
47c0e
47c15
47c1b
47c21
47c25
47c28
47c30
47c39
47c3e
47c47
47c4d
47c53
47c58
47c5b
47c5d
47c60
47c63
47c66
47c69
47c72
47c79
47c7f
47c85
47c89
47c8c
47c94
47c9d
47ca2
47cab
47cb1
47cb7
47cbc
47cbf
47cc1
47cc4
47cc7
47cca
47cd2
47cdb
47ce0
47ce9
47cef
47cf5
47cfa
47cfd
47cff
47d02
47d05
47d08
47d10
47d19
47d1e
47d27
47d2d
47d33
47d38
47d3b
47d3d
47d40
47d43
47d46
47d4e
47d57
47d5c
47d65
47d6b
47d71
47d76
47d79
47d7b
47d7e
47d81
47d84
47d8c
47d95
47d9a
47da3
47da9
47daf
47db4
47db7
47db9
47dbc
47dbf
47dc2
47dca
47dd3
47dd8
47de1
47de7
47ded
47df2
47df5
47df7
47dfa
47dfd
47e00
47e08
47e11
47e16
47e1f
47e25
47e2b
47e30
47e33
47e35
47e38
47e41
47e49
47e52
47e58
47e5d
47e62
47e68
47e6b
47e6e
47e70
47e79
47e81
47e8a
47e90
47e95
47e9a
47ea0
47ea3
47ea6
47ea8
47eb1
47eb9
47ec2
47ec8
47ecd
47ed2
47ed8
47edb
47ede
47ee0
47ee9
47ef1
47efa
47f00
47f05
47f0a
47f10
47f13
47f16
47f18
47f21
47f29
47f32
47f38
47f3d
47f42
47f48
47f4b
47f4e
47f50
47f59
47f61
47f6a
47f70
47f75
47f7a
47f80
47f83
47f86
47f88
47f91
47f99
47fa2
47fa8
47fad
47fb2
47fb8
47fbb
47fbe
47fc0
47fc9
47fd1
47fda
47fe0
47fe5
47fea
47ff0
47ff3
47ff6
47ff8
48001
48009
48012
48018
4801d
48022
48028
4802b
4802e
48030
48039
48041
4804a
48050
48055
4805a
48060
48063
48066
48068
48071
48079
48082
48088
4808d
48092
48098
4809b
4809e
480a0
480a9
480b1
480ba
480c0
480c5
480ca
480d0
480d3
480d6
480d8
480db
480e1
480ea
480f0
480f6
480f9
480ff
48102
4810b
48111
48117
4811a
48123
48129
48132
48138
4813e
48144
4814a
48153
4815b
48161
48167
4816c
4816f
48178
48180
48188
4818f
48195
48198
481a1
481a7
481b0
481b6
481bf
481c5
481cb
481d4
481da
481e0
481e6
481eb
481f1
481f9
481fc
48203
4820a
48210
48217
4821e
48222
4822b
48231
48237
4823a
48240
48249
48251
48257
4825d
48263
48269
4826e
48271
48278
4827f
48286
4828d
48293
48297
482a0
482a8
482b0
482b7
482bd
482c0
482c8
482cd
482d2
482db
482e1
482e7
482ec
482f4
482fb
48300
48307
4830d
48312
48319
4831f
48325
4832a
48332
4833a
48340
48345
4834d
48354
48359
4835b
48360
48363
48369
48371
48376
4837c
4837f
48382
48388
48391
48397
4839d
483a0
483a9
483af
483b8
483be
483c4
483ca
483d0
483d9
483e1
483e7
483ed
483f2
483f5
483fe
48406
4840e
48415
4841b
4841e
48427
4842d
48436
4843c
48445
4844b
48451
4845a
48460
48466
4846c
48471
48477
4847f
48482
48489
48490
48496
4849d
484a4
484a8
484b1
484b7
484bd
484c0
484c6
484cf
484d7
484dd
484e3
484e9
484ef
484f4
484f7
484fe
48505
4850c
48513
48519
4851d
48526
4852e
48536
4853d
48543
48546
4854e
48553
48558
48561
48567
4856d
48572
4857a
48581
48586
4858d
48593
48598
4859f
485a5
485ab
485b0
485b8
485c0
485c6
485cb
485d3
485da
485df
485e1
485e6
485e9
485ef
485f7
485fc
48602
48605
48608
4860e
48617
4861d
48623
48626
4862f
48635
4863e
48644
4864a
48650
48656
4865f
48667
4866d
48673
48678
4867b
48684
4868c
48694
4869b
486a1
486a4
486ad
486b3
486bc
486c2
486cb
486d1
486d7
486e0
486e6
486ec
486f2
486f7
486fd
48705
48708
4870f
48716
4871c
48723
4872a
4872e
48737
4873d
48740
48746
4874c
48755
4875d
48763
48769
4876f
48775
4877a
4877d
48784
4878b
48792
48799
4879f
487a3
487ac
487b4
487bc
487c3
487c9
487cc
487d4
487d9
487de
487e7
487ed
487f3
487f8
48800
48807
4880c
48813
48819
4881e
48825
4882b
48831
48836
4883e
48846
4884c
48851
48859
48860
48865
48867
4886c
4886f
48875
4887d
48882
48888
4888b
4888e
48894
4889d
488a3
488a9
488ac
488b5
488bb
488c4
488ca
488d0
488d9
488df
488e5
488eb
488f0
488f6
488fe
48901
4890a
48910
48919
4891f
48925
4892b
48931
4893a
48942
48948
4894e
48953
48956
4895f
48967
4896f
48976
4897c
4897f
48988
4898e
48995
4899c
489a2
489a9
489b0
489b4
489bd
489c3
489c6
489cc
489d2
489db
489e3
489e9
489ef
489f5
489fb
48a00
48a03
48a0a
48a11
48a18
48a1f
48a25
48a29
48a32
48a3a
48a42
48a49
48a4f
48a52
48a5a
48a5f
48a64
48a6d
48a73
48a79
48a7e
48a86
48a8d
48a92
48a99
48a9f
48aa4
48aab
48ab1
48ab7
48abc
48ac4
48acc
48ad2
48ad7
48adf
48ae6
48aeb
48aed
48af2
48af5
48afb
48b03
48b08
48b0e
48b11
48b14
48b1a
48b23
48b29
48b2f
48b32
48b35
48b3e
48b44
48b4d
48b53
48b59
48b5f
48b65
48b6a
48b73
48b79
48b7f
48b87
48b8d
48b96
48b9f
48ba5
48ba8
48bae
48bb4
48bba
48bc3
48bcb
48bd1
48bd7
48bdc
48be5
48bed
48bf5
48bfc
48c02
48c05
48c0e
48c14
48c1b
48c22
48c28
48c2f
48c36
48c3a
48c43
48c49
48c4c
48c52
48c58
48c61
48c69
48c6f
48c75
48c7b
48c81
48c86
48c89
48c90
48c97
48c9e
48ca5
48cab
48caf
48cb8
48cc0
48cc8
48ccf
48cd5
48cd8
48ce1
48ce7
48ced
48cf2
48cfa
48cff
48d04
48d0c
48d13
48d18
48d1f
48d25
48d2a
48d31
48d37
48d3d
48d45
48d4d
48d52
48d58
48d5d
48d65
48d6c
48d71
48d73
48d78
48d7b
48d81
48d89
48d8e
48d94
48d97
48da0
48da6
48da9
48daf
48db8
48dbe
48dc7
48dcd
48dd6
48ddc
48de2
48de8
48ded
48df3
48dfb
48e01
48e0a
48e13
48e19
48e1f
48e25
48e2b
48e34
48e3c
48e42
48e48
48e4d
48e50
48e59
48e61
48e69
48e70
48e76
48e79
48e80
48e87
48e8d
48e94
48e9b
48e9f
48ea8
48eae
48eb1
48eb7
48ebd
48ec6
48ece
48ed4
48eda
48ee0
48ee6
48eeb
48eee
48ef5
48efc
48f03
48f0a
48f10
48f14
48f1d
48f25
48f2d
48f34
48f3a
48f3d
48f45
48f4a
48f4f
48f58
48f5e
48f64
48f69
48f71
48f78
48f7e
48f83
48f8a
48f90
48f95
48f9c
48fa2
48faa
48fb2
48fb7
48fbd
48fc2
48fca
48fd1
48fd6
48fdc
48fdf
48fe1
48fe6
48fee
48ff3
48ff9
48ffc
48fff
49005
4900e
49014
4901a
4901d
49020
49026
4902f
49035
4903b
4903e
49047
4904f
49055
4905d
49064
49067
49070
49076
4907c
49082
4908b
49093
49099
4909f
490a5
490aa
490ad
490b4
490bb
490c2
490c8
490cf
490d3
490d6
490dc
490e3
490ea
490f1
490f8
490fe
49102
4910a
4910f
49116
4911b
49124
4912a
4912f
49134
4913a
4913f
49147
4914e
49153
4915a
49160
49166
4916b
49171
49179
49181
49189
49190
49196
4919b
491a1
491a4
491ac
491b1
491b3
491b8
491bb
491c1
491c4
491ca
491d3
491d9
491df
491e2
491eb
491f3
491f9
49201
49208
4920b
49214
4921a
49220
49226
4922f
49237
4923d
49243
49249
4924e
49251
49258
4925f
49266
4926c
49273
49277
4927d
49280
49287
4928e
49295
4929c
492a2
492a6
492af
492b5
492ba
492c2
492c7
492ce
492d3
492d8
492de
492e3
492eb
492f2
492f7
492fe
49304
4930a
4930f
49315
4931d
49325
4932d
49334
4933a
4933f
49345
49348
49350
49355
49357
4935c
4935f
49365
4936b
4936e
49377
4937d
49383
49386
4938f
49397
4939d
493a5
493ac
493af
493b8
493be
493c7
493cf
493d5
493db
493e1
493e7
493ed
493f2
493f5
493fc
49403
4940a
49410
49417
4941b
49421
49424
4942b
49432
49439
49440
49446
4944a
49452
49457
4945e
49463
4946c
49472
49477
4947c
49482
49487
4948f
49496
4949b
494a2
494a8
494ae
494b3
494b9
494c1
494c9
494d1
494d8
494de
494e3
494e9
494ec
494f4
494f9
494fb
49500
49506
49509
4950c
49512
4951b
49521
49527
4952a
49533
49539
49542
4954a
49550
49556
4955c
49562
49568
4956d
49570
49579
49581
49587
4958f
49596
49599
495a0
495a7
495ae
495b4
495bb
495bf
495c2
495c8
495cf
495d6
495dd
495e4
495ea
495ee
495f6
495fb
49602
49607
49610
49616
4961b
49620
49626
4962b
49633
4963a
4963f
49646
4964c
49652
49657
4965d
49665
4966d
49675
4967c
49682
49687
4968d
49690
49695
4969d
4969f
496a4
496a7
496ad
496b0
496b6
496bf
496c5
496cb
496ce
496d7
496dd
496e3
496e9
496f2
496fa
49700
49706
4970b
49711
49714
4971d
49725
4972b
49733
4973a
4973d
49744
4974b
49752
49758
4975f
49763
49766
4976c
49773
4977a
49781
49788
4978e
49792
4979a
4979f
497a6
497ab
497b4
497ba
497bf
497c5
497ca
497cf
497d7
497de
497e3
497ea
497f0
497f6
497fb
49801
49809
49811
49819
49820
49826
4982b
4982e
49834
49839
49841
49843
49848
4984b
49851
4985a
49860
49866
4986c
49875
4987d
49883
49889
4988f
49894
49897
498a0
498a8
498ae
498b6
498bd
498c0
498c7
498ce
498d5
498db
498e2
498e6
498e9
498ef
498f6
498fd
49904
4990b
49911
49915
4991d
49922
49929
4992e
49937
4993d
49942
49947
4994d
49952
4995a
49961
49967
4996c
49973
49979
4997f
49984
4998c
49994
4999c
499a3
499a9
499ae
499b6
499bb
499c1
499c4
499c7
499cd
499cf
499d4
499d7
499dd
499e6
499ec
499f2
499f5
499f8
499fe
49a07
49a0d
49a13
49a16
49a1f
49a27
49a2f
49a36
49a3c
49a3f
49a45
49a4e
49a57
49a5f
49a65
49a6b
49a71
49a77
49a7d
49a82
49a85
49a8c
49a93
49a9a
49aa1
49aa7
49aab
49aae
49ab4
49abc
49ac1
49ac8
49ad0
49ad6
49add
49ae2
49ae8
49af1
49af7
49afd
49b05
49b0c
49b14
49b19
49b1f
49b24
49b29
49b2e
49b33
49b3a
49b3f
49b45
49b4d
49b53
49b56
49b5e
49b63
49b65
49b6a
49b6d
49b73
49b76
49b7c
49b85
49b8b
49b91
49b94
49b9d
49ba5
49bad
49bb4
49bba
49bbd
49bc6
49bcc
49bd5
49bdd
49be3
49be9
49bef
49bf5
49bfb
49c00
49c03
49c0a
49c11
49c18
49c1f
49c25
49c29
49c2f
49c32
49c3b
49c41
49c47
49c4f
49c56
49c5e
49c63
49c69
49c71
49c76
49c7d
49c85
49c8b
49c92
49c97
49c9d
49ca2
49ca7
49cac
49cb1
49cb8
49cbd
49cc3
49ccb
49cce
49cd4
49cd9
49ce1
49ce3
49ce8
49ceb
49cf1
49cf4
49cfa
49d03
49d09
49d0f
49d12
49d1a
49d21
49d2a
49d32
49d38
49d3b
49d44
49d4a
49d53
49d5b
49d61
49d67
49d6d
49d73
49d79
49d7e
49d81
49d88
49d8f
49d96
49d9d
49da3
49da7
49dad
49db0
49db8
49dbd
49dc4
49dcc
49dd2
49dd9
49dde
49de4
49ded
49df3
49df9
49e01
49e08
49e10
49e15
49e1b
49e20
49e25
49e2a
49e2f
49e36
49e3b
49e41
49e49
49e51
49e56
49e59
49e5f
49e61
49e66
49e69
49e6f
49e72
49e78
49e81
49e87
49e8d
49e90
49e99
49e9f
49ea8
49eb0
49eb6
49ebc
49ec2
49ec8
49ece
49ed3
49ed6
49ede
49ee5
49eee
49ef6
49efc
49eff
49f06
49f0d
49f14
49f1b
49f21
49f25
49f2b
49f2e
49f36
49f3b
49f42
49f4a
49f50
49f57
49f5c
49f62
49f6b
49f71
49f77
49f7f
49f86
49f8e
49f93
49f99
49f9e
49fa3
49fa8
49fad
49fb4
49fb9
49fbf
49fc7
49fcd
49fd0
49fd8
49fdd
49fdf
49fe4
49fe7
49fed
49ff0
49ff6
49fff
4a005
4a00b
4a00e
4a017
4a01d
4a026
4a02e
4a034
4a03a
4a040
4a046
4a04b
4a051
4a054
4a05c
4a063
4a06c
4a074
4a07a
4a07d
4a084
4a08b
4a092
4a099
4a09f
4a0a3
4a0a9
4a0ac
4a0b4
4a0b9
4a0c0
4a0c8
4a0ce
4a0d5
4a0da
4a0e0
4a0e9
4a0ef
4a0f5
4a0fd
4a104
4a10c
4a111
4a117
4a11c
4a121
4a126
4a12b
4a132
4a137
4a13d
4a145
4a14b
4a14e
4a156
4a15b
4a15d
4a162
4a165
4a16b
4a16e
4a174
4a17d
4a186
4a18e
4a194
4a19a
4a1a0
4a1a6
4a1ac
4a1b1
4a1ba
4a1c2
4a1ca
4a1d1
4a1d7
4a1da
4a1e1
4a1e8
4a1ef
4a1f6
4a1fc
4a200
4a206
4a209
4a211
4a216
4a21d
4a225
4a22b
4a232
4a237
4a23d
4a246
4a24c
4a252
4a25a
4a261
4a269
4a26e
4a274
4a279
4a27e
4a283
4a288
4a28f
4a295
4a29a
4a2a2
4a2a8
4a2ab
4a2b3
4a2b8
4a2bb
4a2c1
4a2c3
4a2c8
4a2cb
4a2d1
4a2da
4a2e0
4a2e6
4a2e9
4a2ef
4a2f2
4a2fb
4a301
4a307
4a30a
4a313
4a31b
4a323
4a32a
4a330
4a333
4a336
4a33f
4a345
4a34e
4a354
4a35a
4a362
4a368
4a36e
4a374
4a379
4a380
4a387
4a38e
4a395
4a39b
4a39f
4a3a7
4a3ac
4a3b1
4a3b9
4a3c2
4a3c9
4a3cf
4a3d4
4a3db
4a3e1
4a3e8
4a3ed
4a3f3
4a3f9
4a3ff
4a407
4a40e
4a416
4a41b
4a421
4a426
4a42b
4a430
4a438
4a43e
4a441
4a449
4a44e
4a450
4a455
4a458
4a45e
4a464
4a467
4a470
4a476
4a47c
4a47f
4a488
4a490
4a498
4a49f
4a4a5
4a4a8
4a4ab
4a4b1
4a4ba
4a4c3
4a4c9
4a4cf
4a4d7
4a4dd
4a4e3
4a4e9
4a4ee
4a4f5
4a4fc
4a503
4a50a
4a510
4a514
4a51c
4a521
4a526
4a52f
4a537
4a53e
4a544
4a54a
4a550
4a558
4a55f
4a567
4a56c
4a572
4a577
4a57e
4a584
4a58b
4a590
4a596
4a59b
4a5a0
4a5a5
4a5ad
4a5b3
4a5b6
4a5be
4a5c3
4a5c5
4a5ca
4a5d0
4a5d3
4a5d6
4a5dc
4a5e5
4a5eb
4a5f1
4a5f4
4a5fd
4a605
4a60d
4a614
4a61a
4a61d
4a626
4a62c
4a635
4a63b
4a641
4a649
4a64f
4a655
4a65b
4a660
4a663
4a66a
4a671
4a678
4a67f
4a685
4a689
4a691
4a69a
4a6a1
4a6a7
4a6af
4a6b4
4a6b9
4a6be
4a6c5
4a6cb
4a6d2
4a6d7
4a6dd
4a6e3
4a6e9
4a6f1
4a6f8
4a700
4a705
4a70b
4a710
4a715
4a71a
4a722
4a72a
4a72f
4a735
4a738
4a73a
4a73f
4a742
4a748
4a74b
4a751
4a75a
4a760
4a766
4a769
4a76c
4a775
4a77b
4a784
4a78a
4a790
4a798
4a79e
4a7a4
4a7aa
4a7af
4a7b8
4a7c0
4a7c8
4a7cf
4a7d5
4a7d8
4a7df
4a7e6
4a7ed
4a7f4
4a7fa
4a7fe
4a806
4a80b
4a810
4a818
4a821
4a828
4a82e
4a833
4a83a
4a840
4a847
4a84c
4a852
4a858
4a85e
4a866
4a86d
4a875
4a87a
4a880
4a885
4a88a
4a88f
4a897
4a89d
4a8a0
4a8a8
4a8ad
4a8af
4a8b4
4a8b7
4a8bd
4a8c0
4a8c6
4a8cf
4a8d5
4a8db
4a8de
4a8e4
4a8ed
4a8f6
4a8fc
4a902
4a90a
4a910
4a916
4a91c
4a921
4a924
4a92d
4a935
4a93d
4a944
4a94a
4a94d
4a954
4a95b
4a962
4a969
4a96f
4a973
4a97b
4a980
4a985
4a98d
4a996
4a99d
4a9a3
4a9a8
4a9af
4a9b5
4a9bc
4a9c1
4a9c7
4a9cd
4a9d3
4a9db
4a9e2
4a9ea
4a9ef
4a9f5
4a9fa
4a9ff
4aa04
4aa0c
4aa12
4aa15
4aa1d
4aa22
4aa24
4aa29
4aa2c
4aa32
4aa35
4aa3e
4aa44
4aa4d
4aa53
4aa59
4aa61
4aa67
4aa6d
4aa73
4aa78
4aa81
4aa89
4aa91
4aa98
4aa9e
4aaa1
4aaa8
4aaaf
4aab6
4aabd
4aac3
4aac7
4aacf
4aad4
4aad9
4aae1
4aaea
4aaf1
4aaf7
4aafc
4ab03
4ab09
4ab10
4ab15
4ab1b
4ab21
4ab27
4ab2f
4ab36
4ab3e
4ab43
4ab49
4ab4e
4ab53
4ab58
4ab60
4ab66
4ab69
4ab71
4ab76
4ab7c
4ab7f
4ab81
4ab86
4ab89
4ab8f
4ab98
4ab9e
4aba4
4aba7
4abaa
4abb0
4abb9
4abbf
4abc5
4abc8
4abd1
4abd9
4abdf
4abe7
4abee
4abf1
4abfa
4ac00
4ac09
4ac11
4ac17
4ac1d
4ac23
4ac29
4ac2f
4ac34
4ac37
4ac3e
4ac45
4ac4c
4ac53
4ac59
4ac5d
4ac65
4ac6a
4ac71
4ac76
4ac7f
4ac85
4ac8d
4ac95
4ac9a
4aca2
4aca9
4acae
4acb4
4acbb
4acc0
4acc6
4accc
4acd2
4acd9
4ace1
4ace6
4acec
4acf1
4acf6
4acfc
4acff
4ad07
4ad0c
4ad0e
4ad13
4ad16
4ad1c
4ad1f
4ad25
4ad2e
4ad34
4ad3a
4ad3d
4ad46
4ad4e
4ad54
4ad5c
4ad63
4ad66
4ad69
4ad72
4ad78
4ad81
4ad89
4ad8f
4ad95
4ad9b
4ada1
4ada7
4adac
4adb3
4adba
4adc1
4adc8
4adce
4add2
4adda
4addf
4ade6
4adeb
4adf4
4adfa
4ae02
4ae0a
4ae0f
4ae17
4ae1e
4ae24
4ae2a
4ae31
4ae39
4ae3e
4ae44
4ae49
4ae4f
4ae56
4ae5b
4ae61
4ae66
4ae6b
4ae71
4ae74
4ae79
4ae81
4ae83
4ae88
4ae8b
4ae91
4ae94
4ae9a
4aea3
4aea9
4aeaf
4aeb2
4aebb
4aec3
4aec9
4aed1
4aed8
4aedb
4aee1
4aeea
4aef3
4aefb
4af01
4af07
4af0d
4af13
4af19
4af1e
4af21
4af28
4af2f
4af36
4af3d
4af43
4af47
4af4f
4af54
4af5b
4af60
4af69
4af6f
4af77
4af7f
4af87
4af8e
4af93
4af98
4af9e
4afa5
4afaa
4afb0
4afb6
4afbc
4afc3
4afcb
4afd0
4afd6
4afdb
4afe0
4afe5
4afed
4aff0
4aff6
4aff8
4affd
4b000
4b006
4b009
4b00f
4b018
4b01e
4b024
4b027
4b030
4b036
4b03f
4b047
4b04d
4b053
4b059
4b05f
4b065
4b06a
4b06d
4b076
4b07e
4b084
4b08c
4b093
4b096
4b09d
4b0a4
4b0ab
4b0b2
4b0b8
4b0bc
4b0c4
4b0c9
4b0d0
4b0d5
4b0de
4b0e4
4b0ec
4b0f4
4b0f9
4b101
4b108
4b10d
4b113
4b11a
4b11f
4b125
4b12b
4b131
4b138
4b140
4b145
4b14b
4b150
4b155
4b15b
4b15e
4b166
4b16b
4b16d
4b172
4b175
4b17b
4b181
4b184
4b18d
4b193
4b199
4b19c
4b1a5
4b1ab
4b1b4
4b1bc
4b1c2
4b1c8
4b1ce
4b1d4
4b1da
4b1df
4b1e2
4b1eb
4b1f3
4b1f9
4b201
4b208
4b20b
4b212
4b219
4b220
4b227
4b22d
4b231
4b239
4b241
4b249
4b24e
4b255
4b25a
4b263
4b269
4b26e
4b276
4b27d
4b282
4b288
4b28f
4b294
4b29a
4b2a0
4b2a6
4b2ad
4b2b5
4b2ba
4b2c0
4b2c5
4b2ca
4b2d0
4b2d3
4b2db
4b2e0
4b2e2
4b2e7
4b2ed
4b2f0
4b2f9
4b2ff
4b308
4b310
4b316
4b31c
4b322
4b328
4b32e
4b333
4b336
4b33f
4b347
4b34d
4b355
4b35c
4b35f
4b366
4b36d
4b374
4b37b
4b381
4b385
4b38e
4b394
4b39c
4b3a4
4b3ac
4b3b1
4b3b8
4b3bd
4b3c2
4b3ca
4b3d1
4b3d6
4b3dc
4b3e3
4b3e8
4b3ee
4b3f4
4b3fa
4b401
4b409
4b40e
4b414
4b419
4b41e
4b424
4b427
4b42f
4b434
4b437
4b43d
4b43f
4b444
4b447
4b44d
4b456
4b45c
4b462
4b465
4b468
4b46e
4b477
4b47d
4b483
4b486
4b48e
4b495
4b49e
4b4a6
4b4ac
4b4af
4b4b2
4b4b8
4b4c1
4b4ca
4b4d2
4b4d8
4b4de
4b4e4
4b4ea
4b4f0
4b4f5
4b4fc
4b503
4b50a
4b511
4b517
4b51b
4b523
4b528
4b52f
4b537
4b53d
4b544
4b549
4b54f
4b558
4b55e
4b563
4b56b
4b573
4b578
4b57f
4b584
4b58a
4b590
4b597
4b59f
4b5a4
4b5aa
4b5af
4b5b4
4b5b7
4b5bd
4b5c2
4b5ca
4b5cc
4b5d1
4b5d4
4b5da
4b5dd
4b5e3
4b5ec
4b5f2
4b5f8
4b5fb
4b603
4b60a
4b613
4b61b
4b621
4b624
4b627
4b62d
4b636
4b63f
4b647
4b64d
4b653
4b659
4b65f
4b665
4b66a
4b671
4b678
4b67f
4b686
4b68c
4b690
4b698
4b69d
4b6a4
4b6ac
4b6b2
4b6b9
4b6be
4b6c4
4b6cd
4b6d3
4b6d8
4b6e0
4b6e8
4b6ed
4b6f4
4b6fa
4b700
4b707
4b70f
4b714
4b71a
4b71f
4b724
4b729
4b72f
4b732
4b73a
4b73f
4b741
4b746
4b749
4b74f
4b752
4b758
4b761
4b767
4b76d
4b770
4b778
4b77f
4b788
4b790
4b796
4b799
4b79f
4b7a8
4b7b1
4b7b9
4b7bf
4b7c5
4b7cb
4b7d1
4b7d7
4b7dc
4b7df
4b7e6
4b7ed
4b7f4
4b7fb
4b801
4b805
4b80d
4b812
4b819
4b821
4b827
4b82e
4b833
4b839
4b842
4b848
4b84d
4b855
4b85d
4b864
4b869
4b86e
4b874
4b87a
4b881
4b889
4b88e
4b894
4b899
4b89e
4b8a6
4b8ab
4b8ae
4b8b4
4b8b6
4b8bb
4b8be
4b8c4
4b8c7
4b8cd
4b8d6
4b8dc
4b8e2
4b8e5
4b8e8
4b8f1
4b8f7
4b900
4b908
4b90e
4b914
4b91a
4b920
4b926
4b92b
4b934
4b93c
4b944
4b94b
4b951
4b954
4b95b
4b962
4b969
4b970
4b976
4b97a
4b982
4b987
4b98e
4b996
4b99c
4b9a3
4b9a8
4b9ae
4b9b7
4b9bd
4b9c2
4b9ca
4b9d2
4b9d7
4b9de
4b9e3
4b9e9
4b9ef
4b9f6
4b9fe
4ba03
4ba09
4ba0e
4ba13
4ba16
4ba1c
4ba21
4ba29
4ba2b
4ba30
4ba33
4ba39
4ba3c
4ba42
4ba4b
4ba51
4ba57
4ba5a
4ba60
4ba69
4ba72
4ba7a
4ba80
4ba86
4ba8c
4ba92
4ba98
4ba9d
4baa0
4baa9
4bab1
4bab9
4bac0
4bac6
4bac9
4bad0
4bad7
4bade
4bae5
4baeb
4baef
4baf7
4bafc
4bb03
4bb0b
4bb11
4bb18
4bb1d
4bb23
4bb2c
4bb32
4bb3a
4bb42
4bb47
4bb4c
4bb53
4bb58
4bb5e
4bb64
4bb6b
4bb73
4bb78
4bb7e
4bb83
4bb88
4bb8b
4bb91
4bb99
4bb9e
4bba0
4bba5
4bba8
4bbae
4bbb1
4bbba
4bbc0
4bbc9
4bbd1
4bbd7
4bbdd
4bbe3
4bbe9
4bbef
4bbf4
4bbfd
4bc05
4bc0d
4bc14
4bc1a
4bc1d
4bc24
4bc2b
4bc32
4bc39
4bc3f
4bc43
4bc4c
4bc52
4bc5a
4bc5f
4bc66
4bc6e
4bc74
4bc7b
4bc80
4bc86
4bc8e
4bc96
4bc9b
4bca0
4bca7
4bcac
4bcb2
4bcb8
4bcbf
4bcc7
4bccc
4bcd2
4bcd7
4bcdc
4bce2
4bce5
4bced
4bcf2
4bcf5
4bcfb
4bcfd
4bd02
4bd05
4bd0b
4bd14
4bd1a
4bd20
4bd23
4bd26
4bd2c
4bd35
4bd3b
4bd41
4bd44
4bd4d
4bd55
4bd5d
4bd64
4bd6a
4bd6d
4bd73
4bd7c
4bd85
4bd8d
4bd93
4bd99
4bd9f
4bda5
4bdab
4bdb0
4bdb3
4bdba
4bdc1
4bdc8
4bdcf
4bdd5
4bdd9
4bde1
4bde8
4bdf0
4bdf5
4bdfc
4be02
4be09
4be0e
4be14
4be1d
4be23
4be28
4be30
4be38
4be3d
4be42
4be48
4be4e
4be55
4be5d
4be62
4be68
4be6d
4be72
4be78
4be7b
4be83
4be88
4be8a
4be8f
4be92
4be98
4be9b
4bea1
4beaa
4beb0
4beb6
4beb9
4bec2
4beca
4bed2
4bed9
4bedf
4bee2
4beeb
4bef1
4befa
4bf02
4bf08
4bf0e
4bf14
4bf1a
4bf20
4bf25
4bf28
4bf2f
4bf36
4bf3d
4bf44
4bf4a
4bf4e
4bf56
4bf5d
4bf65
4bf6a
4bf71
4bf77
4bf7e
4bf83
4bf89
4bf92
4bf98
4bf9d
4bfa5
4bfad
4bfb2
4bfb8
4bfbe
4bfc5
4bfcd
4bfd2
4bfd8
4bfdd
4bfe2
4bfe7
4bfed
4bff0
4bff8
4bffd
4bfff
4c004
4c007
4c00d
4c010
4c016
4c01f
4c025
4c02b
4c02e
4c037
4c03f
4c047
4c04e
4c054
4c057
4c060
4c066
4c06f
4c077
4c07d
4c083
4c089
4c08f
4c095
4c09a
4c09d
4c0a4
4c0ab
4c0b2
4c0b9
4c0bf
4c0c3
4c0cb
4c0d2
4c0da
4c0df
4c0e6
4c0ec
4c0f3
4c0f8
4c0fe
4c107
4c10d
4c112
4c11a
4c122
4c127
4c12c
4c132
4c138
4c13f
4c147
4c14c
4c152
4c157
4c15c
4c164
4c169
4c16f
4c172
4c174
4c179
4c17c
4c182
4c185
4c18b
4c194
4c19a
4c1a0
4c1a3
4c1ac
4c1b2
4c1bb
4c1c3
4c1c9
4c1cf
4c1d5
4c1db
4c1e1
4c1e6
4c1e9
4c1f2
4c1fa
4c202
4c209
4c20f
4c212
4c219
4c220
4c227
4c22e
4c234
4c238
4c240
4c247
4c24f
4c254
4c25b
4c261
4c268
4c26d
4c273
4c27c
4c282
4c287
4c28f
4c297
4c29c
4c2a1
4c2a7
4c2ad
4c2b4
4c2bc
4c2c1
4c2c7
4c2cc
4c2d1
4c2d7
4c2da
4c2e2
4c2e7
4c2e9
4c2ee
4c2f1
4c2f7
4c2fa
4c300
4c309
4c30f
4c315
4c318
4c321
4c327
4c330
4c338
4c33e
4c344
4c34a
4c350
4c356
4c35b
4c35e
4c367
4c36f
4c377
4c37e
4c384
4c387
4c38e
4c395
4c39c
4c3a3
4c3a9
4c3ad
4c3b5
4c3bc
4c3c4
4c3c9
4c3d0
4c3d6
4c3dd
4c3e2
4c3e8
4c3f1
4c3f7
4c3ff
4c407
4c40c
4c411
4c416
4c41c
4c422
4c429
4c431
4c436
4c43c
4c441
4c446
4c449
4c44f
4c454
4c45c
4c45e
4c463
4c466
4c46c
4c46f
4c478
4c47e
4c487
4c48f
4c495
4c49b
4c4a1
4c4a7
4c4ad
4c4b2
4c4bb
4c4c3
4c4cb
4c4d2
4c4d8
4c4db
4c4e2
4c4e9
4c4f0
4c4f7
4c4fd
4c501
4c509
4c510
4c519
4c51f
4c527
4c52c
4c533
4c539
4c540
4c545
4c54b
4c553
4c55b
4c560
4c565
4c56a
4c570
4c576
4c57d
4c585
4c58a
4c590
4c595
4c59a
4c5a0
4c5a3
4c5ab
4c5b0
4c5b3
4c5b9
4c5bb
4c5c0
4c5c3
4c5c9
4c5d2
4c5d8
4c5de
4c5e1
4c5e4
4c5ea
4c5f3
4c5f9
4c5ff
4c602
4c60b
4c613
4c61b
4c622
4c628
4c62b
4c634
4c63c
4c642
4c648
4c64e
4c654
4c65a
4c65f
4c662
4c669
4c670
4c677
4c67e
4c684
4c688
4c690
4c697
4c69f
4c6a4
4c6ab
4c6b1
4c6b8
4c6bd
4c6c3
4c6cc
4c6d2
4c6d7
4c6df
4c6e7
4c6ec
4c6f1
4c6f7
4c6fd
4c704
4c70c
4c711
4c717
4c71c
4c721
4c724
4c72a
4c72f
4c737
4c739
4c73e
4c741
4c747
4c74a
4c750
4c759
4c75f
4c765
4c768
4c771
4c779
4c781
4c788
4c78e
4c791
4c79a
4c7a2
4c7a8
4c7ae
4c7b4
4c7ba
4c7c0
4c7c5
4c7c8
4c7cf
4c7d6
4c7dd
4c7e4
4c7ea
4c7ee
4c7f6
4c7fd
4c805
4c80a
4c811
4c817
4c81e
4c823
4c829
4c832
4c838
4c83d
4c845
4c84d
4c852
4c858
4c85e
4c865
4c86d
4c872
4c878
4c87d
4c882
4c887
4c88d
4c890
4c898
4c89d
4c89f
4c8a4
4c8a7
4c8ad
4c8b0
4c8b6
4c8bf
4c8c5
4c8cb
4c8ce
4c8d7
4c8df
4c8e7
4c8ee
4c8f4
4c8f7
4c900
4c908
4c90e
4c914
4c91a
4c920
4c926
4c92b
4c92e
4c935
4c93c
4c943
4c94a
4c950
4c954
4c95c
4c963
4c96b
4c970
4c977
4c97d
4c984
4c989
4c98f
4c998
4c99e
4c9a3
4c9ab
4c9b3
4c9b8
4c9bd
4c9c3
4c9c9
4c9d0
4c9d8
4c9dd
4c9e3
4c9e8
4c9ed
4c9f2
4c9fa
4c9fd
4ca03
4ca05
4ca0a
4ca0d
4ca13
4ca16
4ca1c
4ca25
4ca2b
4ca31
4ca34
4ca3d
4ca45
4ca4b
4ca51
4ca57
4ca5d
4ca63
4ca68
4ca6b
4ca74
4ca7c
4ca84
4ca8b
4ca91
4ca94
4ca9b
4caa2
4caa9
4cab0
4cab6
4caba
4cac2
4cac9
4cad1
4cad6
4cadd
4cae3
4caea
4caef
4caf5
4cafe
4cb04
4cb09
4cb11
4cb19
4cb1e
4cb23
4cb29
4cb2f
4cb36
4cb3e
4cb43
4cb49
4cb4e
4cb53
4cb56
4cb5c
4cb61
4cb69
4cb6b
4cb70
4cb73
4cb79
4cb7c
4cb82
4cb8b
4cb91
4cb97
4cb9a
4cba3
4cbab
4cbb1
4cbb7
4cbbd
4cbc3
4cbc9
4cbce
4cbd1
4cbda
4cbe2
4cbea
4cbf1
4cbf7
4cbfa
4cc01
4cc08
4cc0f
4cc16
4cc1c
4cc20
4cc28
4cc2f
4cc37
4cc3c
4cc43
4cc49
4cc50
4cc55
4cc5b
4cc64
4cc6a
4cc72
4cc7a
4cc7f
4cc84
4cc89
4cc8f
4cc95
4cc9c
4cca4
4cca9
4ccaf
4ccb4
4ccb9
4ccbc
4ccc2
4ccc7
4cccf
4ccd1
4ccd6
4ccd9
4ccdf
4cce8
4ccf0
4ccf6
4ccfc
4cd02
4cd08
4cd0e
4cd13
4cd16
4cd1f
4cd27
4cd2f
4cd36
4cd3c
4cd3f
4cd46
4cd4d
4cd54
4cd5b
4cd61
4cd65
4cd6d
4cd74
4cd7d
4cd83
4cd8b
4cd90
4cd97
4cd9d
4cda4
4cda9
4cdaf
4cdb7
4cdbf
4cdc4
4cdc9
4cdce
4cdd4
4cdda
4cde1
4cde9
4cdee
4cdf4
4cdf9
4cdfe
4ce04
4ce07
4ce0f
4ce14
4ce17
4ce1d
4ce1f
4ce24
4ce27
4ce2d
4ce36
4ce3c
4ce42
4ce45
4ce48
4ce4e
4ce57
4ce5d
4ce63
4ce66
4ce6f
4ce77
4ce7f
4ce86
4ce8c
4ce8f
4ce98
4cea0
4cea6
4ceac
4ceb2
4ceb8
4cebe
4cec3
4cec6
4cecd
4ced4
4cedb
4cee2
4cee8
4ceec
4cef4
4cefb
4cf03
4cf08
4cf0f
4cf15
4cf1c
4cf21
4cf27
4cf30
4cf36
4cf3b
4cf43
4cf4b
4cf50
4cf55
4cf5b
4cf61
4cf68
4cf70
4cf75
4cf7b
4cf80
4cf85
4cf8b
4cf8e
4cf96
4cf9b
4cf9d
4cfa2
4cfa5
4cfab
4cfae
4cfb4
4cfbd
4cfc3
4cfc9
4cfcc
4cfd5
4cfdd
4cfe5
4cfec
4cff2
4cff5
4cffe
4d006
4d00c
4d012
4d018
4d01e
4d024
4d029
4d02c
4d033
4d03a
4d041
4d048
4d04e
4d052
4d05a
4d061
4d069
4d06e
4d075
4d07b
4d082
4d087
4d08d
4d096
4d09c
4d0a1
4d0a9
4d0b1
4d0b6
4d0bc
4d0c2
4d0c9
4d0d1
4d0d6
4d0dc
4d0e1
4d0e6
4d0eb
4d0f1
4d0f4
4d0fc
4d101
4d103
4d108
4d10b
4d111
4d114
4d11a
4d123
4d129
4d12f
4d132
4d13b
4d143
4d14b
4d152
4d158
4d15b
4d164
4d16c
4d172
4d178
4d17e
4d184
4d18a
4d18f
4d192
4d199
4d1a0
4d1a7
4d1ae
4d1b4
4d1b8
4d1c0
4d1c7
4d1cf
4d1d4
4d1db
4d1e1
4d1e8
4d1ed
4d1f3
4d1fc
4d202
4d207
4d20f
4d217
4d21c
4d221
4d227
4d22d
4d234
4d23c
4d241
4d247
4d24c
4d251
4d256
4d25e
4d261
4d267
4d269
4d26e
4d271
4d277
4d27a
4d280
4d289
4d28f
4d295
4d298
4d2a1
4d2a9
4d2af
4d2b5
4d2bb
4d2c1
4d2c7
4d2cc
4d2cf
4d2d8
4d2e0
4d2e8
4d2ef
4d2f5
4d2f8
4d2ff
4d306
4d30d
4d314
4d31a
4d31e
4d326
4d32d
4d335
4d33a
4d341
4d347
4d34e
4d353
4d359
4d362
4d368
4d36d
4d375
4d37d
4d382
4d387
4d38d
4d393
4d39a
4d3a2
4d3a7
4d3ad
4d3b2
4d3b7
4d3bd
4d3c0
4d3c8
4d3cd
4d3cf
4d3d4
4d3d7
4d3dd
4d3e0
4d3e6
4d3ef
4d3f5
4d3fb
4d3fe
4d401
4d40a
4d412
4d418
4d41e
4d424
4d42a
4d430
4d435
4d43e
4d446
4d44e
4d455
4d45b
4d45e
4d465
4d46c
4d473
4d47a
4d480
4d484
4d48c
4d493
4d49b
4d4a0
4d4a7
4d4ad
4d4b4
4d4b9
4d4bf
4d4c8
4d4ce
4d4d6
4d4de
4d4e3
4d4e8
4d4ed
4d4f3
4d4f9
4d500
4d508
4d50d
4d513
4d518
4d51d
4d523
4d526
4d52e
4d533
4d535
4d53a
4d53d
4d543
4d546
4d54f
4d557
4d55d
4d563
4d569
4d56f
4d575
4d57a
4d583
4d58b
4d593
4d59a
4d5a0
4d5a3
4d5aa
4d5b1
4d5b8
4d5bf
4d5c5
4d5c9
4d5d1
4d5d8
4d5e1
4d5e7
4d5ef
4d5f4
4d5fb
4d601
4d608
4d60d
4d613
4d61b
4d623
4d628
4d62d
4d632
4d638
4d63e
4d645
4d64d
4d652
4d658
4d65d
4d662
4d668
4d66b
4d673
4d678
4d67b
4d681
4d683
4d688
4d691
4d697
4d69d
4d6a0
4d6a9
4d6af
4d6b5
4d6b8
4d6c1
4d6c9
4d6d1
4d6d8
4d6de
4d6e1
4d6ea
4d6f2
4d6f8
4d6fe
4d704
4d70a
4d710
4d715
4d718
4d71f
4d726
4d72d
4d734
4d73a
4d73e
4d746
4d74d
4d755
4d75a
4d761
4d767
4d76e
4d773
4d779
4d782
4d788
4d78d
4d795
4d79d
4d7a2
4d7a7
4d7ad
4d7b3
4d7b8
4d7be
4d7c5
4d7cd
4d7d2
4d7d7
4d7da
4d7e0
4d7e6
4d7e9
4d7f1
4d7f6
4d7f8
4d7fd
4d806
4d80c
4d812
4d815
4d81e
4d826
4d82e
4d835
4d83b
4d83e
4d841
4d84a
4d852
4d858
4d85e
4d864
4d86a
4d870
4d875
4d87c
4d883
4d88a
4d891
4d897
4d89b
4d8a3
4d8aa
4d8b2
4d8b7
4d8be
4d8c4
4d8cb
4d8d0
4d8d6
4d8df
4d8e5
4d8ea
4d8f2
4d8fa
4d8ff
4d905
4d90b
4d910
4d916
4d91d
4d925
4d92a
4d92f
4d934
4d93a
4d93d
4d943
4d946
4d94e
4d953
4d955
4d95a
4d963
4d969
4d96f
4d972
4d97b
4d983
4d98b
4d992
4d998
4d99b
4d9a4
4d9ac
4d9b2
4d9b8
4d9be
4d9c4
4d9ca
4d9cf
4d9d2
4d9d9
4d9e0
4d9e7
4d9ee
4d9f4
4d9f8
4da00
4da07
4da0f
4da14
4da1b
4da21
4da28
4da2d
4da33
4da3c
4da42
4da47
4da4f
4da57
4da5c
4da61
4da67
4da6d
4da72
4da78
4da7f
4da87
4da8c
4da91
4da97
4da9a
4daa2
4daa7
4daad
4dab0
4dab2
4dab7
4dac0
4dac6
4dacc
4dacf
4dad8
4dae0
4dae6
4daec
4daf2
4daf8
4dafe
4db03
4db06
4db0f
4db17
4db1f
4db26
4db2c
4db2f
4db36
4db3d
4db44
4db4b
4db51
4db55
4db5d
4db64
4db6c
4db71
4db78
4db7e
4db85
4db8a
4db90
4db99
4db9f
4dba4
4dbac
4dbb4
4dbb9
4dbbe
4dbc4
4dbca
4dbcf
4dbd5
4dbdc
4dbe4
4dbe9
4dbee
4dbf1
4dbf7
4dbfd
4dc00
4dc08
4dc0d
4dc0f
4dc14
4dc1d
4dc23
4dc29
4dc2c
4dc35
4dc3d
4dc43
4dc49
4dc4f
4dc55
4dc5b
4dc60
4dc63
4dc6c
4dc74
4dc7c
4dc83
4dc89
4dc8c
4dc93
4dc9a
4dca1
4dca8
4dcae
4dcb2
4dcba
4dcc1
4dcc9
4dcce
4dcd5
4dcdb
4dce2
4dce7
4dced
4dcf6
4dcfc
4dd04
4dd0c
4dd11
4dd16
4dd1b
4dd21
4dd27
4dd2c
4dd32
4dd39
4dd41
4dd46
4dd4b
4dd4e
4dd54
4dd5a
4dd5d
4dd65
4dd6a
4dd6c
4dd71
4dd7a
4dd82
4dd88
4dd8e
4dd94
4dd9a
4dda0
4dda5
4dda8
4ddb1
4ddb9
4ddc1
4ddc8
4ddce
4ddd1
4ddd8
4dddf
4dde6
4dded
4ddf3
4ddf7
4ddff
4de06
4de0f
4de15
4de1d
4de22
4de29
4de2f
4de36
4de3b
4de41
4de49
4de51
4de56
4de5b
4de60
4de66
4de6c
4de71
4de77
4de7e
4de86
4de8b
4de90
4de93
4de99
4de9f
4dea2
4deaa
4deaf
4deb1
4deb6
4debf
4dec5
4decb
4dece
4ded7
4dedd
4dee3
4dee6
4deef
4def7
4deff
4df06
4df0c
4df0f
4df17
4df1e
4df26
4df2b
4df32
4df38
4df3f
4df44
4df4a
4df53
4df59
4df5e
4df66
4df6e
4df73
4df78
4df7e
4df84
4df8b
4df93
4df98
4df9e
4dfa3
4dfa8
4dfb0
4dfb5
4dfb8
4dfbe
4dfc4
4dfc7
4dfc9
4dfce
4dfd7
4dfdd
4dfe3
4dfe6
4dfef
4dff7
4dfff
4e006
4e00c
4e00f
4e017
4e01e
4e026
4e02b
4e032
4e038
4e03f
4e044
4e04a
4e053
4e059
4e05e
4e066
4e06e
4e073
4e079
4e07f
4e086
4e08e
4e093
4e099
4e09e
4e0a3
4e0a8
4e0b0
4e0b5
4e0b8
4e0be
4e0c1
4e0c7
4e0c9
4e0ce
4e0d7
4e0dd
4e0e3
4e0e6
4e0ef
4e0f7
4e0ff
4e106
4e10c
4e10f
4e117
4e11e
4e126
4e12b
4e132
4e138
4e13f
4e144
4e14a
4e153
4e159
4e15e
4e166
4e16e
4e173
4e178
4e17e
4e184
4e18b
4e193
4e198
4e19e
4e1a3
4e1a8
4e1b0
4e1b5
4e1bb
4e1be
4e1c1
4e1c7
4e1c9
4e1ce
4e1d7
4e1dd
4e1e3
4e1e6
4e1ef
4e1f7
4e1ff
4e206
4e20c
4e20f
4e217
4e21e
4e226
4e22b
4e232
4e238
4e23f
4e244
4e24a
4e253
4e259
4e25e
4e266
4e26e
4e273
4e278
4e27e
4e284
4e28b
4e293
4e298
4e29e
4e2a3
4e2a8
4e2b0
4e2b5
4e2bb
4e2be
4e2c4
4e2c7
4e2c9
4e2ce
4e2d7
4e2dd
4e2e3
4e2e6
4e2ef
4e2f7
4e2ff
4e306
4e30c
4e30f
4e317
4e31e
4e326
4e32b
4e332
4e338
4e33f
4e344
4e34a
4e353
4e359
4e361
4e369
4e36e
4e373
4e378
4e37e
4e384
4e38b
4e393
4e398
4e39e
4e3a3
4e3a8
4e3b0
4e3b5
4e3b8
4e3be
4e3c4
4e3c7
4e3c9
4e3ce
4e3d7
4e3df
4e3e7
4e3ee
4e3f4
4e3f7
4e3ff
4e406
4e40f
4e415
4e41d
4e422
4e429
4e42f
4e436
4e43b
4e441
4e449
4e451
4e456
4e45b
4e460
4e466
4e46c
4e473
4e47b
4e480
4e486
4e48b
4e490
4e498
4e49d
4e4a0
4e4a6
4e4ac
4e4af
4e4b1
4e4b6
4e4bf
4e4c5
4e4cb
4e4ce
4e4d7
4e4dd
4e4e3
4e4e6
4e4ee
4e4f5
4e4fd
4e502
4e509
4e50f
4e516
4e51b
4e521
4e52a
4e530
4e535
4e53d
4e545
4e54a
4e54f
4e555
4e55b
4e562
4e56a
4e56f
4e575
4e57a
4e57f
4e587
4e58c
4e592
4e595
4e59b
4e59e
4e5a0
4e5a5
4e5ae
4e5b4
4e5ba
4e5bd
4e5c5
4e5cc
4e5d4
4e5d9
4e5e0
4e5e6
4e5ed
4e5f2
4e5f8
4e601
4e607
4e60c
4e614
4e61c
4e621
4e627
4e62d
4e634
4e63c
4e641
4e647
4e64c
4e651
4e656
4e65e
4e663
4e666
4e66c
4e672
4e675
4e677
4e67c
4e685
4e68b
4e691
4e694
4e69c
4e6a3
4e6ab
4e6b0
4e6b7
4e6bd
4e6c4
4e6c9
4e6cf
4e6d8
4e6de
4e6e3
4e6eb
4e6f3
4e6f8
4e6fd
4e703
4e709
4e710
4e718
4e71d
4e723
4e728
4e72d
4e735
4e73a
4e740
4e743
4e749
4e74c
4e74e
4e753
4e75c
4e762
4e768
4e76b
4e773
4e77a
4e782
4e787
4e78e
4e794
4e79b
4e7a0
4e7a6
4e7af
4e7b5
4e7ba
4e7c2
4e7ca
4e7cf
4e7d4
4e7da
4e7e0
4e7e7
4e7ef
4e7f4
4e7fa
4e7ff
4e804
4e80c
4e811
4e817
4e81a
4e820
4e823
4e825
4e82a
4e833
4e839
4e83f
4e842
4e84a
4e851
4e859
4e85e
4e865
4e86b
4e872
4e877
4e87d
4e886
4e88c
4e894
4e89c
4e8a1
4e8a6
4e8ab
4e8b1
4e8b7
4e8be
4e8c6
4e8cb
4e8d1
4e8d6
4e8db
4e8e3
4e8e8
4e8ee
4e8f1
4e8f4
4e8fa
4e8fc
4e901
4e909
4e910
4e919
4e91f
4e927
4e92c
4e933
4e939
4e940
4e945
4e94b
4e953
4e95b
4e960
4e965
4e96a
4e970
4e976
4e97d
4e985
4e98a
4e990
4e995
4e99a
4e9a2
4e9a7
4e9ad
4e9b0
4e9b6
4e9b9
4e9bb
4e9c0
4e9c3
4e9c6
4e9c9
4e9cf
4e9d5
4e9da
4e9df
4e9e5
4e9eb
4e9f1
4e9f4
4e9f7
4e9fc
4e9ff
4ea08
4ea0e
4ea14
4ea1b
4ea1e
4ea22
4ea28
4ea2d
4ea36
4ea3c
4ea43
4ea49
4ea4c
4ea50
4ea53
4ea56
4ea5e
4ea67
4ea70
4ea75
4ea7b
4ea80
4ea86
4ea88
4ea8b
4ea8e
4ea91
4ea94
4ea9a
4eaa0
4eaa5
4eaaa
4eab0
4eab6
4eabc
4eabf
4eac2
4eac7
4eaca
4ead3
4ead9
4eadf
4eae6
4eae9
4eaed
4eaf3
4eaf8
4eb01
4eb07
4eb0e
4eb14
4eb17
4eb1b
4eb1e
4eb21
4eb29
4eb32
4eb3b
4eb40
4eb46
4eb4b
4eb51
4eb53
4eb56
4eb59
4eb5c
4eb5f
4eb65
4eb6b
4eb70
4eb75
4eb7b
4eb81
4eb87
4eb8a
4eb8f
4eb92
4eb95
4eb9e
4eba4
4ebaa
4ebb1
4ebb4
4ebb8
4ebbe
4ebc3
4ebcc
4ebd2
4ebd9
4ebdf
4ebe2
4ebe6
4ebe9
4ebec
4ebf4
4ebfd
4ec06
4ec0b
4ec11
4ec16
4ec1c
4ec1e
4ec21
4ec24
4ec27
4ec2d
4ec33
4ec36
4ec39
4ec3f
4ec45
4ec4a
4ec4f
4ec55
4ec58
4ec5d
4ec60
4ec69
4ec6f
4ec75
4ec7c
4ec7f
4ec83
4ec89
4ec8e
4ec97
4ec9d
4eca4
4ecaa
4ecad
4ecb1
4ecb4
4ecb7
4ecbf
4ecc8
4ecd1
4ecd6
4ecdc
4ece1
4ece7
4ece9
4ecec
4ecef
4ecf2
4ecf8
4ecfe
4ed01
4ed04
4ed0a
4ed10
4ed15
4ed1a
4ed20
4ed23
4ed28
4ed2b
4ed34
4ed3a
4ed40
4ed47
4ed4a
4ed4e
4ed54
4ed59
4ed62
4ed68
4ed6f
4ed75
4ed78
4ed7c
4ed7f
4ed82
4ed8a
4ed93
4ed9c
4eda1
4eda7
4edac
4edb2
4edb4
4edb7
4edba
4edc0
4edc6
4edcc
4edcf
4edd2
4edd8
4edde
4ede3
4ede8
4edeb
4edf0
4edf3
4edfc
4ee02
4ee08
4ee0f
4ee12
4ee16
4ee1c
4ee21
4ee2a
4ee30
4ee37
4ee3d
4ee40
4ee44
4ee47
4ee4a
4ee52
4ee5b
4ee64
4ee6a
4ee6f
4ee74
4ee7a
4ee7d
4ee7f
4ee82
4ee85
4ee88
4ee8b
4ee91
4ee96
4ee9b
4ee9e
4eea1
4eeaa
4eeb0
4eeb6
4eebd
4eec0
4eec4
4eecd
4eed3
4eed9
4eee0
4eee3
4eee7
4eeea
4eef3
4eef9
4ef01
4ef0a
4ef0f
4ef15
4ef1a
4ef1c
4ef1f
4ef22
4ef25
4ef28
4ef2e
4ef33
4ef38
4ef3b
4ef3e
4ef47
4ef4d
4ef53
4ef5a
4ef5d
4ef61
4ef6a
4ef70
4ef76
4ef7d
4ef80
4ef84
4ef87
4ef90
4ef96
4ef9e
4efa7
4efac
4efb2
4efb7
4efb9
4efbc
4efbf
4efc2
4efc5
4efcb
4efd0
4efd5
4efd8
4efdb
4efe4
4efea
4eff0
4eff7
4effa
4effe
4f007
4f00d
4f013
4f01a
4f01d
4f021
4f024
4f02d
4f033
4f03b
4f044
4f049
4f04f
4f054
4f056
4f059
4f05c
4f05f
4f062
4f068
4f06d
4f072
4f075
4f078
4f081
4f087
4f08d
4f094
4f097
4f09b
4f0a4
4f0aa
4f0b0
4f0b7
4f0ba
4f0be
4f0c1
4f0ca
4f0d0
4f0d8
4f0e1
4f0e6
4f0ec
4f0f1
4f0f3
4f0f6
4f0f9
4f0fc
4f0ff
4f105
4f10a
4f10f
4f112
4f115
4f11e
4f124
4f12a
4f131
4f134
4f138
4f141
4f147
4f14d
4f154
4f157
4f15b
4f15e
4f167
4f16d
4f175
4f17e
4f183
4f189
4f18e
4f190
4f193
4f196
4f199
4f19f
4f1a4
4f1a9
4f1ac
4f1af
4f1b8
4f1be
4f1c4
4f1cb
4f1ce
4f1d2
4f1db
4f1e1
4f1e7
4f1ee
4f1f1
4f1f5
4f1f8
4f201
4f207
4f20f
4f218
4f21e
4f223
4f228
4f22b
4f22d
4f230
4f233
4f236
4f239
4f23f
4f244
4f247
4f24a
4f253
4f259
4f25f
4f266
4f269
4f26d
4f276
4f27c
4f282
4f289
4f28c
4f290
4f299
4f29f
4f2a7
4f2b0
4f2b5
4f2bb
4f2c0
4f2c2
4f2c5
4f2c8
4f2cb
4f2ce
4f2d4
4f2d9
4f2dc
4f2df
4f2e8
4f2ee
4f2f4
4f2fb
4f2fe
4f302
4f30b
4f311
4f317
4f31e
4f321
4f325
4f32e
4f334
4f33c
4f345
4f34a
4f350
4f355
4f357
4f35a
4f35d
4f360
4f363
4f369
4f36e
4f371
4f374
4f37d
4f383
4f389
4f390
4f393
4f397
4f3a0
4f3a6
4f3ac
4f3b3
4f3b6
4f3ba
4f3c3
4f3c9
4f3d1
4f3da
4f3df
4f3e5
4f3ea
4f3ec
4f3ef
4f3f2
4f3f5
4f3f8
4f3fe
4f403
4f406
4f409
4f412
4f418
4f41e
4f425
4f428
4f42c
4f435
4f43b
4f441
4f448
4f44b
4f44f
4f458
4f45e
4f466
4f46f
4f474
4f47a
4f47f
4f481
4f484
4f487
4f48a
4f48d
4f493
4f498
4f49b
4f49e
4f4a7
4f4ad
4f4b3
4f4ba
4f4bd
4f4c1
4f4ca
4f4d0
4f4d6
4f4dd
4f4e0
4f4e4
4f4ed
4f4f3
4f4fb
4f504
4f509
4f50f
4f514
4f516
4f519
4f51c
4f51f
4f525
4f52a
4f52d
4f530
4f539
4f53f
4f545
4f54c
4f54f
4f553
4f55c
4f562
4f568
4f56f
4f572
4f576
4f57f
4f585
4f58d
4f596
4f59c
4f5a1
4f5a6
4f5a9
4f5ab
4f5ae
4f5b1
4f5b7
4f5bc
4f5bf
4f5c2
4f5cb
4f5d1
4f5d7
4f5de
4f5e1
4f5e5
4f5ee
4f5f4
4f5fc
4f605
4f60b
4f610
4f615
4f618
4f61a
4f61d
4f620
4f626
4f62b
4f62e
4f631
4f63a
4f640
4f646
4f64d
4f650
4f654
4f65d
4f663
4f66b
4f674
4f67a
4f67f
4f684
4f687
4f689
4f68c
4f68f
4f695
4f69a
4f69d
4f6a0
4f6a9
4f6af
4f6b5
4f6bc
4f6bf
4f6c3
4f6cc
4f6d2
4f6da
4f6e3
4f6e9
4f6ee
4f6f3
4f6f6
4f6f8
4f6fb
4f6fe
4f704
4f709
4f70c
4f70f
4f718
4f71e
4f724
4f72b
4f72e
4f732
4f73b
4f741
4f749
4f752
4f758
4f75d
4f762
4f765
4f767
4f76a
4f76d
4f773
4f778
4f77b
4f77e
4f787
4f78d
4f793
4f79a
4f79d
4f7a1
4f7aa
4f7b0
4f7b8
4f7c1
4f7c7
4f7cc
4f7d1
4f7d4
4f7d6
4f7d9
4f7dc
4f7e2
4f7e7
4f7ea
4f7ed
4f7f6
4f7fc
4f802
4f809
4f80c
4f810
4f819
4f81f
4f827
4f830
4f836
4f83b
4f840
4f843
4f845
4f848
4f84b
4f851
4f856
4f859
4f85c
4f865
4f86b
4f871
4f878
4f87b
4f87f
4f888
4f88e
4f896
4f89f
4f8a5
4f8aa
4f8af
4f8b2
4f8b4
4f8b7
4f8ba
4f8c0
4f8c5
4f8c8
4f8cb
4f8d4
4f8da
4f8e0
4f8e7
4f8ea
4f8ee
4f8f7
4f8fd
4f905
4f90e
4f914
4f919
4f91e
4f921
4f923
4f926
4f929
4f92f
4f934
4f937
4f93a
4f943
4f949
4f94f
4f956
4f959
4f95d
4f966
4f96c
4f974
4f97d
4f983
4f988
4f98d
4f990
4f992
4f995
4f998
4f99e
4f9a3
4f9a6
4f9a9
4f9b2
4f9b8
4f9be
4f9c5
4f9c8
4f9cc
4f9d5
4f9db
4f9e3
4f9ec
4f9f2
4f9f7
4f9fc
4f9ff
4fa01
4fa04
4fa07
4fa0d
4fa12
4fa15
4fa18
4fa21
4fa27
4fa2d
4fa34
4fa37
4fa3b
4fa44
4fa4a
4fa52
4fa5b
4fa61
4fa66
4fa6b
4fa6e
4fa70
4fa73
4fa76
4fa7c
4fa81
4fa84
4fa87
4fa90
4fa96
4fa9c
4faa3
4faa6
4faaa
4fab3
4fab9
4fac1
4faca
4fad0
4fad5
4fada
4fadd
4fadf
4fae2
4fae5
4faeb
4faf0
4faf3
4faf6
4faff
4fb05
4fb0b
4fb12
4fb15
4fb19
4fb22
4fb28
4fb30
4fb39
4fb3f
4fb44
4fb49
4fb4c
4fb4e
4fb51
4fb54
4fb5a
4fb5f
4fb62
4fb65
4fb6e
4fb74
4fb7a
4fb81
4fb84
4fb88
4fb91
4fb97
4fb9f
4fba8
4fbae
4fbb3
4fbb8
4fbbb
4fbbd
4fbc0
4fbc3
4fbc9
4fbce
4fbd1
4fbd4
4fbdd
4fbe3
4fbe9
4fbf0
4fbf3
4fbf7
4fc00
4fc06
4fc0e
4fc17
4fc1d
4fc22
4fc27
4fc2a
4fc2c
4fc2f
4fc32
4fc38
4fc3d
4fc40
4fc43
4fc4c
4fc52
4fc58
4fc5f
4fc62
4fc66
4fc6f
4fc75
4fc7d
4fc86
4fc8c
4fc91
4fc96
4fc99
4fc9b
4fc9e
4fca1
4fca7
4fcac
4fcaf
4fcb2
4fcbb
4fcc1
4fcc7
4fcce
4fcd1
4fcd5
4fcde
4fce4
4fcec
4fcf5
4fcfb
4fd00
4fd05
4fd08
4fd0a
4fd0d
4fd10
4fd16
4fd1b
4fd1e
4fd21
4fd2a
4fd30
4fd36
4fd3d
4fd40
4fd44
4fd4d
4fd53
4fd5b
4fd64
4fd6a
4fd6f
4fd74
4fd77
4fd79
4fd7c
4fd7f
4fd85
4fd8a
4fd8d
4fd90
4fd99
4fd9f
4fda5
4fdac
4fdaf
4fdb3
4fdbc
4fdc2
4fdca
4fdd3
4fdd9
4fdde
4fde3
4fde6
4fde8
4fdeb
4fdee
4fdf4
4fdf9
4fdfc
4fdff
4fe08
4fe0e
4fe14
4fe1b
4fe1e
4fe22
4fe2b
4fe31
4fe39
4fe42
4fe48
4fe4d
4fe52
4fe55
4fe57
4fe5a
4fe5d
4fe63
4fe68
4fe6b
4fe6e
4fe77
4fe7d
4fe83
4fe8a
4fe8d
4fe91
4fe9a
4fea0
4fea8
4feb1
4feb7
4febc
4fec1
4fec4
4fec6
4fec9
4fecc
4fed2
4fed7
4feda
4fedd
4fee6
4feec
4fef2
4fef9
4fefc
4ff00
4ff09
4ff0f
4ff17
4ff20
4ff26
4ff2b
4ff30
4ff33
4ff35
4ff38
4ff3b
4ff41
4ff46
4ff49
4ff4c
4ff55
4ff5b
4ff61
4ff68
4ff6b
4ff6f
4ff78
4ff7e
4ff86
4ff8f
4ff95
4ff9a
4ff9f
4ffa2
4ffa4
4ffa7
4ffaa
4ffb0
4ffb5
4ffb8
4ffbb
4ffc4
4ffca
4ffd0
4ffd7
4ffda
4ffde
4ffe7
4ffed
4fff5
4fffe
50004
50009
5000e
50011
50013
50016
50019
5001e
50021
50024
5002d
50034
5003a
50040
50044
50047
5004f
50058
5005d
50066
5006c
50072
50077
5007a
5007c
5007f
50082
50087
5008a
5008d
50096
5009d
500a3
500a9
500ad
500b0
500b8
500c1
500c6
500cf
500d5
500db
500e0
500e3
500e5
500e8
500eb
500f0
500f3
500f6
500ff
50106
5010c
50112
50116
50119
50121
5012a
5012f
50138
5013e
50144
50149
5014c
5014e
50151
50154
50159
5015c
5015f
50168
5016f
50175
5017b
5017f
50182
5018a
50193
50198
501a1
501a7
501ad
501b2
501b5
501b7
501ba
501bd
501c2
501c5
501c8
501d1
501d8
501de
501e4
501e8
501eb
501f3
501fc
50201
5020a
50210
50216
5021b
5021e
50220
50223
50226
5022b
5022e
50231
5023a
50241
50247
5024d
50251
50254
5025c
50265
5026a
50273
50279
5027f
50284
50287
50289
5028c
5028f
50292
50295
5029e
502a5
502ab
502b1
502b5
502b8
502c0
502c9
502ce
502d7
502dd
502e3
502e8
502eb
502ed
502f0
502f3
502f6
502f9
50302
50309
5030f
50315
50319
5031c
50324
5032d
50332
5033b
50341
50347
5034c
5034f
50351
50354
50357
5035a
5035d
50366
5036d
50373
50379
5037d
50380
50388
50391
50396
5039f
503a5
503ab
503b0
503b3
503b5
503b8
503bb
503be
503c1
503ca
503d1
503d7
503dd
503e1
503e4
503ec
503f5
503fa
50403
50409
5040f
50414
50417
50419
5041c
5041f
50422
50425
5042e
50435
5043b
50441
50445
50448
50450
50459
5045e
50467
5046d
50473
50478
5047b
5047d
50480
50483
50486
50489
50492
50499
5049f
504a5
504a9
504ac
504b4
504bd
504c2
504cb
504d1
504d7
504dc
504df
504e1
504e4
504e7
504ea
504f2
504fb
50500
50509
5050f
50515
5051a
5051d
5051f
50522
50525
50528
50530
50539
5053e
50547
5054d
50553
50558
5055b
5055d
50560
50563
50566
5056e
50577
5057c
50585
5058b
50591
50596
50599
5059b
5059e
505a1
505a4
505ac
505b5
505ba
505c3
505c9
505cf
505d4
505d7
505d9
505dc
505df
505e2
505ea
505f3
505f8
50601
50607
5060d
50612
50615
50617
5061a
5061d
50620
50628
50631
50636
5063f
50645
5064b
50650
50653
50655
50658
50661
50669
50672
50678
5067d
50682
50688
5068b
5068e
50690
50699
506a1
506aa
506b0
506b5
506ba
506c0
506c3
506c6
506c8
506d1
506d9
506e2
506e8
506ed
506f2
506f8
506fb
506fe
50700
50709
50711
5071a
50720
50725
5072a
50730
50733
50736
50738
50741
50749
50752
50758
5075d
50762
50768
5076b
5076e
50770
50779
50781
5078a
50790
50795
5079a
507a0
507a3
507a6
507a8
507b1
507b9
507c2
507c8
507cd
507d2
507d8
507db
507de
507e0
507e9
507f1
507fa
50800
50805
5080a
50810
50813
50816
50818
50821
50829
50832
50838
5083d
50842
50848
5084b
5084e
50850
50859
50861
5086a
50870
50875
5087a
50880
50883
50886
50888
50891
50899
508a2
508a8
508ad
508b2
508b8
508bb
508be
508c0
508c9
508d1
508da
508e0
508e5
508ea
508f0
508f3
508f6
508f8
508fb
50901
5090a
50910
50916
50919
5091f
50922
5092b
50931
50937
5093a
50943
50949
50952
50958
5095e
50964
5096a
50973
5097b
50981
50987
5098c
5098f
50998
509a0
509a8
509af
509b5
509b8
509c1
509c7
509d0
509d6
509df
509e5
509eb
509f4
509fa
50a00
50a06
50a0b
50a11
50a19
50a1c
50a23
50a2a
50a30
50a37
50a3e
50a42
50a4b
50a51
50a57
50a5a
50a60
50a69
50a71
50a77
50a7d
50a83
50a89
50a8e
50a91
50a98
50a9f
50aa6
50aad
50ab3
50ab7
50ac0
50ac8
50ad0
50ad7
50add
50ae0
50ae8
50aed
50af2
50afb
50b01
50b07
50b0c
50b14
50b1b
50b20
50b27
50b2d
50b32
50b39
50b3f
50b45
50b4a
50b52
50b5a
50b60
50b65
50b6d
50b74
50b79
50b7b
50b80
50b83
50b89
50b91
50b96
50b9c
50b9f
50ba2
50ba8
50bb1
50bb7
50bbd
50bc0
50bc9
50bcf
50bd8
50bde
50be4
50bea
50bf0
50bf9
50c01
50c07
50c0d
50c12
50c15
50c1e
50c26
50c2e
50c35
50c3b
50c3e
50c47
50c4d
50c56
50c5c
50c65
50c6b
50c71
50c7a
50c80
50c86
50c8c
50c91
50c97
50c9f
50ca2
50ca9
50cb0
50cb6
50cbd
50cc4
50cc8
50cd1
50cd7
50cdd
50ce0
50ce6
50cef
50cf7
50cfd
50d03
50d09
50d0f
50d14
50d17
50d1e
50d25
50d2c
50d33
50d39
50d3d
50d46
50d4e
50d56
50d5d
50d63
50d66
50d6e
50d73
50d78
50d81
50d87
50d8d
50d92
50d9a
50da1
50da6
50dad
50db3
50db8
50dbf
50dc5
50dcb
50dd0
50dd8
50de0
50de6
50deb
50df3
50dfa
50dff
50e01
50e06
50e09
50e0f
50e17
50e1c
50e22
50e25
50e28
50e2e
50e37
50e3d
50e43
50e46
50e4f
50e55
50e5e
50e64
50e6a
50e70
50e76
50e7f
50e87
50e8d
50e93
50e98
50e9b
50ea4
50eac
50eb4
50ebb
50ec1
50ec4
50ecd
50ed3
50edc
50ee2
50eeb
50ef1
50ef7
50f00
50f06
50f0c
50f12
50f17
50f1d
50f25
50f28
50f2f
50f36
50f3c
50f43
50f4a
50f4e
50f57
50f5d
50f60
50f66
50f6c
50f75
50f7d
50f83
50f89
50f8f
50f95
50f9a
50f9d
50fa4
50fab
50fb2
50fb9
50fbf
50fc3
50fcc
50fd4
50fdc
50fe3
50fe9
50fec
50ff4
50ff9
50ffe
51007
5100d
51013
51018
51020
51027
5102c
51033
51039
5103e
51045
5104b
51051
51056
5105e
51066
5106c
51071
51079
51080
51085
51087
5108c
5108f
51095
5109d
510a2
510a8
510ab
510ae
510b4
510bd
510c3
510c9
510cc
510d5
510db
510e4
510ea
510f0
510f9
510ff
51105
5110b
51110
51116
5111e
51121
5112a
51130
51139
5113f
51145
5114b
51151
5115a
51162
51168
5116e
51173
51176
5117f
51187
5118f
51196
5119c
5119f
511a8
511ae
511b5
511bc
511c2
511c9
511d0
511d4
511dd
511e3
511e6
511ec
511f2
511fb
51203
51209
5120f
51215
5121b
51220
51223
5122a
51231
51238
5123f
51245
51249
51252
5125a
51262
51269
5126f
51272
5127a
5127f
51284
5128d
51293
51299
5129e
512a6
512ad
512b2
512b9
512bf
512c4
512cb
512d1
512d7
512dc
512e4
512ec
512f2
512f7
512ff
51306
5130b
5130d
51312
51315
5131b
51323
51328
5132e
51331
51334
5133a
51343
51349
5134f
51352
51355
5135e
51364
5136d
51373
51379
5137f
51385
5138a
51393
51399
5139f
513a7
513ad
513b6
513bf
513c5
513c8
513ce
513d4
513da
513e3
513eb
513f1
513f7
513fc
51405
5140d
51415
5141c
51422
51425
5142e
51434
5143b
51442
51448
5144f
51456
5145a
51463
51469
5146c
51472
51478
51481
51489
5148f
51495
5149b
514a1
514a6
514a9
514b0
514b7
514be
514c5
514cb
514cf
514d8
514e0
514e8
514ef
514f5
514f8
51501
51507
5150d
51512
5151a
5151f
51524
5152c
51533
51538
5153f
51545
5154a
51551
51557
5155d
51565
5156d
51572
51578
5157d
51585
5158c
51591
51593
51598
5159b
515a1
515a9
515ae
515b4
515b7
515c0
515c6
515c9
515cf
515d8
515de
515e7
515ed
515f6
515fc
51602
51608
5160d
51613
5161b
51621
5162a
51633
51639
5163f
51645
5164b
51654
5165c
51662
51668
5166d
51670
51679
51681
51689
51690
51696
51699
516a0
516a7
516ad
516b4
516bb
516bf
516c8
516ce
516d1
516d7
516dd
516e6
516ee
516f4
516fa
51700
51706
5170b
5170e
51715
5171c
51723
5172a
51730
51734
5173d
51745
5174d
51754
5175a
5175d
51765
5176a
5176f
51778
5177e
51784
51789
51791
51798
5179e
517a3
517aa
517b0
517b5
517bc
517c2
517ca
517d2
517d7
517dd
517e2
517ea
517f1
517f6
517fc
517ff
51801
51806
5180e
51813
51819
5181c
5181f
51825
5182e
51834
5183a
5183d
51840
51846
5184f
51855
5185b
5185e
51867
5186f
51875
5187d
51884
51887
51890
51896
5189c
518a2
518ab
518b3
518b9
518bf
518c5
518ca
518cd
518d4
518db
518e2
518e8
518ef
518f3
518f6
518fc
51903
5190a
51911
51918
5191e
51922
5192a
5192f
51936
5193b
51944
5194a
5194f
51954
5195a
5195f
51967
5196e
51973
5197a
51980
51986
5198b
51991
51999
519a1
519a9
519b0
519b6
519bb
519c1
519c4
519cc
519d1
519d3
519d8
519db
519e1
519e4
519ea
519f3
519f9
519ff
51a02
51a0b
51a13
51a19
51a21
51a28
51a2b
51a34
51a3a
51a40
51a46
51a4f
51a57
51a5d
51a63
51a69
51a6e
51a71
51a78
51a7f
51a86
51a8c
51a93
51a97
51a9d
51aa0
51aa7
51aae
51ab5
51abc
51ac2
51ac6
51acf
51ad5
51ada
51ae2
51ae7
51aee
51af3
51af8
51afe
51b03
51b0b
51b12
51b17
51b1e
51b24
51b2a
51b2f
51b35
51b3d
51b45
51b4d
51b54
51b5a
51b5f
51b65
51b68
51b70
51b75
51b77
51b7c
51b7f
51b85
51b8b
51b8e
51b97
51b9d
51ba3
51ba6
51baf
51bb7
51bbd
51bc5
51bcc
51bcf
51bd8
51bde
51be7
51bef
51bf5
51bfb
51c01
51c07
51c0d
51c12
51c15
51c1c
51c23
51c2a
51c30
51c37
51c3b
51c41
51c44
51c4b
51c52
51c59
51c60
51c66
51c6a
51c72
51c77
51c7e
51c83
51c8c
51c92
51c97
51c9c
51ca2
51ca7
51caf
51cb6
51cbb
51cc2
51cc8
51cce
51cd3
51cd9
51ce1
51ce9
51cf1
51cf8
51cfe
51d03
51d09
51d0c
51d14
51d19
51d1b
51d20
51d26
51d29
51d2c
51d32
51d3b
51d41
51d47
51d4a
51d53
51d59
51d62
51d6a
51d70
51d76
51d7c
51d82
51d88
51d8d
51d90
51d99
51da1
51da7
51daf
51db6
51db9
51dc0
51dc7
51dce
51dd4
51ddb
51ddf
51de2
51de8
51def
51df6
51dfd
51e04
51e0a
51e0e
51e16
51e1b
51e22
51e27
51e30
51e36
51e3b
51e40
51e46
51e4b
51e53
51e5a
51e5f
51e66
51e6c
51e72
51e77
51e7d
51e85
51e8d
51e95
51e9c
51ea2
51ea7
51ead
51eb0
51eb5
51ebd
51ebf
51ec4
51ec7
51ecd
51ed0
51ed6
51edf
51ee5
51eeb
51eee
51ef7
51efd
51f03
51f09
51f12
51f1a
51f20
51f26
51f2b
51f31
51f34
51f3d
51f45
51f4b
51f53
51f5a
51f5d
51f64
51f6b
51f72
51f78
51f7f
51f83
51f86
51f8c
51f93
51f9a
51fa1
51fa8
51fae
51fb2
51fba
51fbf
51fc6
51fcb
51fd4
51fda
51fdf
51fe5
51fea
51fef
51ff7
51ffe
52003
5200a
52010
52016
5201b
52021
52029
52031
52039
52040
52046
5204b
5204e
52054
52059
52061
52063
52068
5206b
52071
5207a
52080
52086
5208c
52095
5209d
520a3
520a9
520af
520b4
520b7
520c0
520c8
520ce
520d6
520dd
520e0
520e7
520ee
520f5
520fb
52102
52106
52109
5210f
52116
5211d
52124
5212b
52131
52135
5213d
52142
52149
5214e
52157
5215d
52162
52167
5216d
52172
5217a
52181
52187
5218c
52193
52199
5219f
521a4
521ac
521b4
521bc
521c3
521c9
521ce
521d6
521db
521e1
521e4
521e7
521ed
521ef
521f4
521f7
521fd
52206
5220c
52212
52215
52218
5221e
52227
5222d
52233
52236
5223f
52247
5224f
52256
5225c
5225f
52265
5226e
52277
5227f
52285
5228b
52291
52297
5229d
522a2
522a5
522ac
522b3
522ba
522c1
522c7
522cb
522ce
522d4
522dc
522e1
522e8
522f0
522f6
522fd
52302
52308
52311
52317
5231d
52325
5232c
52334
52339
5233f
52344
52349
5234e
52353
5235a
5235f
52365
5236d
52373
52376
5237e
52383
52385
5238a
5238d
52393
52396
5239c
523a5
523ab
523b1
523b4
523bd
523c5
523cd
523d4
523da
523dd
523e6
523ec
523f5
523fd
52403
52409
5240f
52415
5241b
52420
52423
5242a
52431
52438
5243f
52445
52449
5244f
52452
5245b
52461
52467
5246f
52476
5247e
52483
52489
52491
52496
5249d
524a5
524ab
524b2
524b7
524bd
524c2
524c7
524cc
524d1
524d8
524dd
524e3
524eb
524ee
524f4
524f9
52501
52503
52508
5250b
52511
52514
5251a
52523
52529
5252f
52532
5253a
52541
5254a
52552
52558
5255b
52564
5256a
52573
5257b
52581
52587
5258d
52593
52599
5259e
525a1
525a8
525af
525b6
525bd
525c3
525c7
525cd
525d0
525d8
525dd
525e4
525ec
525f2
525f9
525fe
52604
5260d
52613
52619
52621
52628
52630
52635
5263b
52640
52645
5264a
5264f
52656
5265b
52661
52669
52671
52676
52679
5267f
52681
52686
52689
5268f
52692
52698
526a1
526a7
526ad
526b0
526b9
526bf
526c8
526d0
526d6
526dc
526e2
526e8
526ee
526f3
526f6
526fe
52705
5270e
52716
5271c
5271f
52726
5272d
52734
5273b
52741
52745
5274b
5274e
52756
5275b
52762
5276a
52770
52777
5277c
52782
5278b
52791
52797
5279f
527a6
527ae
527b3
527b9
527be
527c3
527c8
527cd
527d4
527d9
527df
527e7
527ed
527f0
527f8
527fd
527ff
52804
52807
5280d
52810
52816
5281f
52825
5282b
5282e
52837
5283d
52846
5284e
52854
5285a
52860
52866
5286b
52871
52874
5287c
52883
5288c
52894
5289a
5289d
528a4
528ab
528b2
528b9
528bf
528c3
528c9
528cc
528d4
528d9
528e0
528e8
528ee
528f5
528fa
52900
52909
5290f
52915
5291d
52924
5292c
52931
52937
5293c
52941
52946
5294b
52952
52957
5295d
52965
5296b
5296e
52976
5297b
5297d
52982
52985
5298b
5298e
52994
5299d
529a6
529ae
529b4
529ba
529c0
529c6
529cc
529d1
529da
529e2
529ea
529f1
529f7
529fa
52a01
52a08
52a0f
52a16
52a1c
52a20
52a26
52a29
52a31
52a36
52a3d
52a45
52a4b
52a52
52a57
52a5d
52a66
52a6c
52a72
52a7a
52a81
52a89
52a8e
52a94
52a99
52a9e
52aa3
52aa8
52aaf
52ab5
52aba
52ac2
52ac8
52acb
52ad3
52ad8
52adb
52ae1
52ae3
52ae8
52aeb
52af1
52afa
52b00
52b06
52b09
52b0f
52b12
52b1b
52b21
52b27
52b2a
52b33
52b3b
52b43
52b4a
52b50
52b53
52b56
52b5f
52b65
52b6e
52b74
52b7a
52b82
52b88
52b8e
52b94
52b99
52ba0
52ba7
52bae
52bb5
52bbb
52bbf
52bc7
52bcc
52bd1
52bd9
52be2
52be9
52bef
52bf4
52bfb
52c01
52c08
52c0d
52c13
52c19
52c1f
52c27
52c2e
52c36
52c3b
52c41
52c46
52c4b
52c50
52c58
52c5e
52c61
52c69
52c6e
52c70
52c75
52c78
52c7e
52c84
52c87
52c90
52c96
52c9c
52c9f
52ca8
52cb0
52cb8
52cbf
52cc5
52cc8
52ccb
52cd1
52cda
52ce3
52ce9
52cef
52cf7
52cfd
52d03
52d09
52d0e
52d15
52d1c
52d23
52d2a
52d30
52d34
52d3c
52d41
52d46
52d4f
52d57
52d5e
52d64
52d6a
52d70
52d78
52d7f
52d87
52d8c
52d92
52d97
52d9e
52da4
52dab
52db0
52db6
52dbb
52dc0
52dc5
52dcd
52dd3
52dd6
52dde
52de3
52de5
52dea
52df0
52df3
52df6
52dfc
52e05
52e0b
52e11
52e14
52e1d
52e25
52e2d
52e34
52e3a
52e3d
52e46
52e4c
52e55
52e5b
52e61
52e69
52e6f
52e75
52e7b
52e80
52e83
52e8a
52e91
52e98
52e9f
52ea5
52ea9
52eb1
52eba
52ec1
52ec7
52ecf
52ed4
52ed9
52ede
52ee5
52eeb
52ef2
52ef7
52efd
52f03
52f09
52f11
52f18
52f20
52f25
52f2b
52f30
52f35
52f3a
52f42
52f4a
52f4f
52f55
52f58
52f5a
52f5f
52f62
52f68
52f6b
52f71
52f7a
52f80
52f86
52f89
52f8c
52f95
52f9b
52fa4
52faa
52fb0
52fb8
52fbe
52fc4
52fca
52fcf
52fd8
52fe0
52fe8
52fef
52ff5
52ff8
52fff
53006
5300d
53014
5301a
5301e
53026
5302b
53030
53038
53041
53048
5304e
53053
5305a
53060
53067
5306c
53072
53078
5307e
53086
5308d
53095
5309a
530a0
530a5
530aa
530af
530b7
530bd
530c0
530c8
530cd
530cf
530d4
530d7
530dd
530e0
530e6
530ef
530f5
530fb
530fe
53104
5310d
53116
5311c
53122
5312a
53130
53136
5313c
53141
53144
5314d
53155
5315d
53164
5316a
5316d
53174
5317b
53182
53189
5318f
53193
5319b
531a0
531a5
531ad
531b6
531bd
531c3
531c8
531cf
531d5
531dc
531e1
531e7
531ed
531f3
531fb
53202
5320a
5320f
53215
5321a
5321f
53224
5322c
53232
53235
5323d
53242
53244
53249
5324c
53252
53255
5325e
53264
5326d
53273
53279
53281
53287
5328d
53293
53298
532a1
532a9
532b1
532b8
532be
532c1
532c8
532cf
532d6
532dd
532e3
532e7
532ef
532f4
532f9
53301
5330a
53311
53317
5331c
53323
53329
53330
53335
5333b
53341
53347
5334f
53356
5335e
53363
53369
5336e
53373
53378
53380
53386
53389
53391
53396
5339c
5339f
533a1
533a6
533a9
533af
533b8
533be
533c4
533c7
533ca
533d0
533d9
533df
533e5
533e8
533f1
533f9
533ff
53407
5340e
53411
5341a
53420
53429
53431
53437
5343d
53443
53449
5344f
53454
53457
5345e
53465
5346c
53473
53479
5347d
53485
5348a
53491
53496
5349f
534a5
534ad
534b5
534ba
534c2
534c9
534ce
534d4
534db
534e0
534e6
534ec
534f2
534f9
53501
53506
5350c
53511
53516
5351c
5351f
53527
5352c
5352e
53533
53536
5353c
5353f
53545
5354e
53554
5355a
5355d
53566
5356e
53574
5357c
53583
53586
53589
53592
53598
535a1
535a9
535af
535b5
535bb
535c1
535c7
535cc
535d3
535da
535e1
535e8
535ee
535f2
535fa
535ff
53606
5360b
53614
5361a
53622
5362a
5362f
53637
5363e
53644
5364a
53651
53659
5365e
53664
53669
5366f
53676
5367b
53681
53686
5368b
53691
53694
53699
536a1
536a3
536a8
536ab
536b1
536b4
536ba
536c3
536c9
536cf
536d2
536db
536e3
536e9
536f1
536f8
536fb
53701
5370a
53713
5371b
53721
53727
5372d
53733
53739
5373e
53741
53748
5374f
53756
5375d
53763
53767
5376f
53774
5377b
53780
53789
5378f
53797
5379f
537a7
537ae
537b3
537b8
537be
537c5
537ca
537d0
537d6
537dc
537e3
537eb
537f0
537f6
537fb
53800
53805
5380d
53810
53816
53818
5381d
53820
53826
53829
5382f
53838
5383e
53844
53847
53850
53856
5385f
53867
5386d
53873
53879
5387f
53885
5388a
5388d
53896
5389e
538a4
538ac
538b3
538b6
538bd
538c4
538cb
538d2
538d8
538dc
538e4
538e9
538f0
538f5
538fe
53904
5390c
53914
53919
53921
53928
5392d
53933
5393a
5393f
53945
5394b
53951
53958
53960
53965
5396b
53970
53975
5397b
5397e
53986
5398b
5398d
53992
53995
5399b
539a1
539a4
539ad
539b3
539b9
539bc
539c5
539cb
539d4
539dc
539e2
539e8
539ee
539f4
539fa
539ff
53a02
53a0b
53a13
53a19
53a21
53a28
53a2b
53a32
53a39
53a40
53a47
53a4d
53a51
53a59
53a61
53a69
53a6e
53a75
53a7a
53a83
53a89
53a8e
53a96
53a9d
53aa2
53aa8
53aaf
53ab4
53aba
53ac0
53ac6
53acd
53ad5
53ada
53ae0
53ae5
53aea
53af0
53af3
53afb
53b00
53b02
53b07
53b0d
53b10
53b19
53b1f
53b28
53b30
53b36
53b3c
53b42
53b48
53b4e
53b53
53b56
53b5f
53b67
53b6d
53b75
53b7c
53b7f
53b86
53b8d
53b94
53b9b
53ba1
53ba5
53bae
53bb4
53bbc
53bc4
53bcc
53bd1
53bd8
53bdd
53be2
53bea
53bf1
53bf6
53bfc
53c03
53c08
53c0e
53c14
53c1a
53c21
53c29
53c2e
53c34
53c39
53c3e
53c44
53c47
53c4f
53c54
53c57
53c5d
53c5f
53c64
53c67
53c6d
53c76
53c7c
53c82
53c85
53c88
53c8e
53c97
53c9d
53ca3
53ca6
53cae
53cb5
53cbe
53cc6
53ccc
53ccf
53cd2
53cd8
53ce1
53cea
53cf2
53cf8
53cfe
53d04
53d0a
53d10
53d15
53d1c
53d23
53d2a
53d31
53d37
53d3b
53d43
53d48
53d4f
53d57
53d5d
53d64
53d69
53d6f
53d78
53d7e
53d83
53d8b
53d93
53d98
53d9f
53da4
53daa
53db0
53db7
53dbf
53dc4
53dca
53dcf
53dd4
53dd7
53ddd
53de2
53dea
53dec
53df1
53df4
53dfa
53dfd
53e03
53e0c
53e12
53e18
53e1b
53e23
53e2a
53e33
53e3b
53e41
53e44
53e47
53e4d
53e56
53e5f
53e67
53e6d
53e73
53e79
53e7f
53e85
53e8a
53e91
53e98
53e9f
53ea6
53eac
53eb0
53eb8
53ebd
53ec4
53ecc
53ed2
53ed9
53ede
53ee4
53eed
53ef3
53ef8
53f00
53f08
53f0d
53f14
53f1a
53f20
53f27
53f2f
53f34
53f3a
53f3f
53f44
53f49
53f4f
53f52
53f5a
53f5f
53f61
53f66
53f69
53f6f
53f72
53f78
53f81
53f87
53f8d
53f90
53f98
53f9f
53fa8
53fb0
53fb6
53fb9
53fbf
53fc8
53fd1
53fd9
53fdf
53fe5
53feb
53ff1
53ff7
53ffc
53fff
54006
5400d
54014
5401b
54021
54025
5402d
54032
54039
54041
54047
5404e
54053
54059
54062
54068
5406d
54075
5407d
54084
54089
5408e
54094
5409a
540a1
540a9
540ae
540b4
540b9
540be
540c6
540cb
540ce
540d4
540d6
540db
540de
540e4
540e7
540ed
540f6
540fc
54102
54105
54108
54111
54117
54120
54128
5412e
54134
5413a
54140
54146
5414b
54154
5415c
54164
5416b
54171
54174
5417b
54182
54189
54190
54196
5419a
541a2
541a7
541ae
541b6
541bc
541c3
541c8
541ce
541d7
541dd
541e2
541ea
541f2
541f7
541fe
54203
54209
5420f
54216
5421e
54223
54229
5422e
54233
54236
5423c
54241
54249
5424b
54250
54253
54259
5425c
54262
5426b
54271
54277
5427a
54280
54289
54292
5429a
542a0
542a6
542ac
542b2
542b8
542bd
542c0
542c9
542d1
542d9
542e0
542e6
542e9
542f0
542f7
542fe
54305
5430b
5430f
54317
5431c
54323
5432b
54331
54338
5433d
54343
5434c
54352
5435a
54362
54367
5436c
54373
54378
5437e
54384
5438b
54393
54398
5439e
543a3
543a8
543ab
543b1
543b9
543be
543c0
543c5
543c8
543ce
543d1
543da
543e0
543e9
543f1
543f7
543fd
54403
54409
5440f
54414
5441d
54425
5442d
54434
5443a
5443d
54444
5444b
54452
54459
5445f
54463
5446c
54472
5447a
5447f
54486
5448e
54494
5449b
544a0
544a6
544ae
544b6
544bb
544c0
544c7
544cc
544d2
544d8
544df
544e7
544ec
544f2
544f7
544fc
54502
54505
5450d
54512
54515
5451b
5451d
54522
54525
5452b
54534
5453a
54540
54543
54546
5454c
54555
5455b
54561
54564
5456d
54575
5457d
54584
5458a
5458d
54593
5459c
545a5
545ad
545b3
545b9
545bf
545c5
545cb
545d0
545d3
545da
545e1
545e8
545ef
545f5
545f9
54601
54608
54610
54615
5461c
54622
54629
5462e
54634
5463d
54643
54648
54650
54658
5465d
54662
54668
5466e
54675
5467d
54682
54688
5468d
54692
54698
5469b
546a3
546a8
546aa
546af
546b2
546b8
546bb
546c1
546ca
546d0
546d6
546d9
546e2
546ea
546f2
546f9
546ff
54702
5470b
54711
5471a
54722
54728
5472e
54734
5473a
54740
54745
54748
5474f
54756
5475d
54764
5476a
5476e
54776
5477d
54785
5478a
54791
54797
5479e
547a3
547a9
547b2
547b8
547bd
547c5
547cd
547d2
547d8
547de
547e5
547ed
547f2
547f8
547fd
54802
54807
5480d
54810
54818
5481d
5481f
54824
54827
5482d
54830
54836
5483f
54845
5484b
5484e
54857
5485f
54867
5486e
54874
54877
54880
54886
5488f
54897
5489d
548a3
548a9
548af
548b5
548ba
548bd
548c4
548cb
548d2
548d9
548df
548e3
548eb
548f2
548fa
548ff
54906
5490c
54913
54918
5491e
54927
5492d
54932
5493a
54942
54947
5494c
54952
54958
5495f
54967
5496c
54972
54977
5497c
54984
54989
5498f
54992
54994
54999
5499c
549a2
549a5
549ab
549b4
549ba
549c0
549c3
549cc
549d2
549db
549e3
549e9
549ef
549f5
549fb
54a01
54a06
54a09
54a12
54a1a
54a22
54a29
54a2f
54a32
54a39
54a40
54a47
54a4e
54a54
54a58
54a60
54a67
54a6f
54a74
54a7b
54a81
54a88
54a8d
54a93
54a9c
54aa2
54aa7
54aaf
54ab7
54abc
54ac1
54ac7
54acd
54ad4
54adc
54ae1
54ae7
54aec
54af1
54af7
54afa
54b02
54b07
54b09
54b0e
54b11
54b17
54b1a
54b20
54b29
54b2f
54b35
54b38
54b41
54b47
54b50
54b58
54b5e
54b64
54b6a
54b70
54b76
54b7b
54b7e
54b87
54b8f
54b97
54b9e
54ba4
54ba7
54bae
54bb5
54bbc
54bc3
54bc9
54bcd
54bd5
54bdc
54be4
54be9
54bf0
54bf6
54bfd
54c02
54c08
54c11
54c17
54c1f
54c27
54c2c
54c31
54c36
54c3c
54c42
54c49
54c51
54c56
54c5c
54c61
54c66
54c69
54c6f
54c74
54c7c
54c7e
54c83
54c86
54c8c
54c8f
54c98
54c9e
54ca7
54caf
54cb5
54cbb
54cc1
54cc7
54ccd
54cd2
54cdb
54ce3
54ceb
54cf2
54cf8
54cfb
54d02
54d09
54d10
54d17
54d1d
54d21
54d29
54d30
54d39
54d3f
54d47
54d4c
54d53
54d59
54d60
54d65
54d6b
54d73
54d7b
54d80
54d85
54d8a
54d90
54d96
54d9d
54da5
54daa
54db0
54db5
54dba
54dc0
54dc3
54dcb
54dd0
54dd3
54dd9
54ddb
54de0
54de3
54de9
54df2
54df8
54dfe
54e01
54e04
54e0a
54e13
54e19
54e1f
54e22
54e2b
54e33
54e3b
54e42
54e48
54e4b
54e54
54e5c
54e62
54e68
54e6e
54e74
54e7a
54e7f
54e82
54e89
54e90
54e97
54e9e
54ea4
54ea8
54eb0
54eb7
54ebf
54ec4
54ecb
54ed1
54ed8
54edd
54ee3
54eec
54ef2
54ef7
54eff
54f07
54f0c
54f11
54f17
54f1d
54f24
54f2c
54f31
54f37
54f3c
54f41
54f44
54f4a
54f4f
54f57
54f59
54f5e
54f61
54f67
54f6a
54f70
54f79
54f7f
54f85
54f88
54f91
54f99
54fa1
54fa8
54fae
54fb1
54fba
54fc2
54fc8
54fce
54fd4
54fda
54fe0
54fe5
54fe8
54fef
54ff6
54ffd
55004
5500a
5500e
55016
5501d
55025
5502a
55031
55037
5503e
55043
55049
55052
55058
5505d
55065
5506d
55072
55078
5507e
55085
5508d
55092
55098
5509d
550a2
550a7
550ad
550b0
550b8
550bd
550bf
550c4
550c7
550cd
550d0
550d6
550df
550e5
550eb
550ee
550f7
550ff
55107
5510e
55114
55117
55120
55128
5512e
55134
5513a
55140
55146
5514b
5514e
55155
5515c
55163
5516a
55170
55174
5517c
55183
5518b
55190
55197
5519d
551a4
551a9
551af
551b8
551be
551c3
551cb
551d3
551d8
551dd
551e3
551e9
551f0
551f8
551fd
55203
55208
5520d
55212
5521a
5521d
55223
55225
5522a
5522d
55233
55236
5523c
55245
5524b
55251
55254
5525d
55265
5526b
55271
55277
5527d
55283
55288
5528b
55294
5529c
552a4
552ab
552b1
552b4
552bb
552c2
552c9
552d0
552d6
552da
552e2
552e9
552f1
552f6
552fd
55303
5530a
5530f
55315
5531e
55324
55329
55331
55339
5533e
55343
55349
5534f
55356
5535e
55363
55369
5536e
55373
55376
5537c
55381
55389
5538b
55390
55393
55399
5539c
553a2
553ab
553b1
553b7
553ba
553c3
553cb
553d1
553d7
553dd
553e3
553e9
553ee
553f1
553fa
55402
5540a
55411
55417
5541a
55421
55428
5542f
55436
5543c
55440
55448
5544f
55457
5545c
55463
55469
55470
55475
5547b
55484
5548a
55492
5549a
5549f
554a4
554a9
554af
554b5
554bc
554c4
554c9
554cf
554d4
554d9
554dc
554e2
554e7
554ef
554f1
554f6
554f9
554ff
55508
55510
55516
5551c
55522
55528
5552e
55533
55536
5553f
55547
5554f
55556
5555c
5555f
55566
5556d
55574
5557b
55581
55585
5558d
55594
5559d
555a3
555ab
555b0
555b7
555bd
555c4
555c9
555cf
555d7
555df
555e4
555e9
555ee
555f4
555fa
55601
55609
5560e
55614
55619
5561e
55624
55627
5562f
55634
55637
5563d
5563f
55644
55647
5564d
55656
5565c
55662
55665
55668
5566e
55677
5567d
55683
55686
5568f
55697
5569f
556a6
556ac
556af
556b8
556c0
556c6
556cc
556d2
556d8
556de
556e3
556e6
556ed
556f4
556fb
55702
55708
5570c
55714
5571b
55723
55728
5572f
55735
5573c
55741
55747
55750
55756
5575b
55763
5576b
55770
55775
5577b
55781
55788
55790
55795
5579b
557a0
557a5
557ab
557ae
557b6
557bb
557bd
557c2
557c5
557cb
557ce
557d4
557dd
557e3
557e9
557ec
557f5
557fd
55805
5580c
55812
55815
5581e
55826
5582c
55832
55838
5583e
55844
55849
5584c
55853
5585a
55861
55868
5586e
55872
5587a
55881
55889
5588e
55895
5589b
558a2
558a7
558ad
558b6
558bc
558c1
558c9
558d1
558d6
558dc
558e2
558e9
558f1
558f6
558fc
55901
55906
5590b
55911
55914
5591c
55921
55923
55928
5592b
55931
55934
5593a
55943
55949
5594f
55952
5595b
55963
5596b
55972
55978
5597b
55984
5598c
55992
55998
5599e
559a4
559aa
559af
559b2
559b9
559c0
559c7
559ce
559d4
559d8
559e0
559e7
559ef
559f4
559fb
55a01
55a08
55a0d
55a13
55a1c
55a22
55a27
55a2f
55a37
55a3c
55a41
55a47
55a4d
55a54
55a5c
55a61
55a67
55a6c
55a71
55a76
55a7e
55a81
55a87
55a89
55a8e
55a91
55a97
55a9a
55aa0
55aa9
55aaf
55ab5
55ab8
55ac1
55ac9
55acf
55ad5
55adb
55ae1
55ae7
55aec
55aef
55af8
55b00
55b08
55b0f
55b15
55b18
55b1f
55b26
55b2d
55b34
55b3a
55b3e
55b46
55b4d
55b55
55b5a
55b61
55b67
55b6e
55b73
55b79
55b82
55b88
55b8d
55b95
55b9d
55ba2
55ba7
55bad
55bb3
55bba
55bc2
55bc7
55bcd
55bd2
55bd7
55bdd
55be0
55be8
55bed
55bef
55bf4
55bf7
55bfd
55c00
55c06
55c0f
55c15
55c1b
55c1e
55c21
55c2a
55c32
55c38
55c3e
55c44
55c4a
55c50
55c55
55c5e
55c66
55c6e
55c75
55c7b
55c7e
55c85
55c8c
55c93
55c9a
55ca0
55ca4
55cac
55cb3
55cbb
55cc0
55cc7
55ccd
55cd4
55cd9
55cdf
55ce8
55cee
55cf6
55cfe
55d03
55d08
55d0d
55d13
55d19
55d20
55d28
55d2d
55d33
55d38
55d3d
55d43
55d46
55d4e
55d53
55d55
55d5a
55d5d
55d63
55d66
55d6f
55d77
55d7d
55d83
55d89
55d8f
55d95
55d9a
55da3
55dab
55db3
55dba
55dc0
55dc3
55dca
55dd1
55dd8
55ddf
55de5
55de9
55df1
55df8
55e01
55e07
55e0f
55e14
55e1b
55e21
55e28
55e2d
55e33
55e3b
55e43
55e48
55e4d
55e52
55e58
55e5e
55e65
55e6d
55e72
55e78
55e7d
55e82
55e88
55e8b
55e93
55e98
55e9b
55ea1
55ea3
55ea8
55eb1
55eb7
55ebd
55ec0
55ec9
55ecf
55ed5
55ed8
55ee1
55ee9
55ef1
55ef8
55efe
55f01
55f0a
55f12
55f18
55f1e
55f24
55f2a
55f30
55f35
55f38
55f3f
55f46
55f4d
55f54
55f5a
55f5e
55f66
55f6d
55f75
55f7a
55f81
55f87
55f8e
55f93
55f99
55fa2
55fa8
55fad
55fb5
55fbd
55fc2
55fc7
55fcd
55fd3
55fd8
55fde
55fe5
55fed
55ff2
55ff7
55ffa
56000
56006
56009
56011
56016
56018
5601d
56026
5602c
56032
56035
5603e
56046
5604e
56055
5605b
5605e
56061
5606a
56072
56078
5607e
56084
5608a
56090
56095
5609c
560a3
560aa
560b1
560b7
560bb
560c3
560ca
560d2
560d7
560de
560e4
560eb
560f0
560f6
560ff
56105
5610a
56112
5611a
5611f
56125
5612b
56130
56136
5613d
56145
5614a
5614f
56154
5615a
5615d
56163
56166
5616e
56173
56175
5617a
56183
56189
5618f
56192
5619b
561a3
561ab
561b2
561b8
561bb
561c4
561cc
561d2
561d8
561de
561e4
561ea
561ef
561f2
561f9
56200
56207
5620e
56214
56218
56220
56227
5622f
56234
5623b
56241
56248
5624d
56253
5625c
56262
56267
5626f
56277
5627c
56281
56287
5628d
56292
56298
5629f
562a7
562ac
562b1
562b7
562ba
562c2
562c7
562cd
562d0
562d2
562d7
562e0
562e6
562ec
562ef
562f8
56300
56306
5630c
56312
56318
5631e
56323
56326
5632f
56337
5633f
56346
5634c
5634f
56356
5635d
56364
5636b
56371
56375
5637d
56384
5638c
56391
56398
5639e
563a5
563aa
563b0
563b9
563bf
563c4
563cc
563d4
563d9
563de
563e4
563ea
563ef
563f5
563fc
56404
56409
5640e
56411
56417
5641d
56420
56428
5642d
5642f
56434
5643d
56443
56449
5644c
56455
5645d
56463
56469
5646f
56475
5647b
56480
56483
5648c
56494
5649c
564a3
564a9
564ac
564b3
564ba
564c1
564c8
564ce
564d2
564da
564e1
564e9
564ee
564f5
564fb
56502
56507
5650d
56516
5651c
56524
5652c
56531
56536
5653b
56541
56547
5654c
56552
56559
56561
56566
5656b
5656e
56574
5657a
5657d
56585
5658a
5658c
56591
5659a
565a2
565a8
565ae
565b4
565ba
565c0
565c5
565c8
565d1
565d9
565e1
565e8
565ee
565f1
565f8
565ff
56606
5660d
56613
56617
5661f
56626
5662f
56635
5663d
56642
56649
5664f
56656
5665b
56661
56669
56671
56676
5667b
56680
56686
5668c
56691
56697
5669e
566a6
566ab
566b0
566b3
566b9
566bf
566c2
566ca
566cf
566d1
566d6
566df
566e5
566eb
566ee
566f7
566fd
56703
56706
5670f
56717
5671f
56726
5672c
5672f
56737
5673e
56746
5674b
56752
56758
5675f
56764
5676a
56773
56779
5677e
56786
5678e
56793
56798
5679e
567a4
567ab
567b3
567b8
567be
567c3
567c8
567d0
567d5
567d8
567de
567e4
567e7
567e9
567ee
567f7
567fd
56803
56806
5680f
56817
5681f
56826
5682c
5682f
56837
5683e
56846
5684b
56852
56858
5685f
56864
5686a
56873
56879
5687e
56886
5688e
56893
56899
5689f
568a6
568ae
568b3
568b9
568be
568c3
568c8
568d0
568d5
568d8
568de
568e1
568e7
568e9
568ee
568f7
568fd
56903
56906
5690f
56917
5691f
56926
5692c
5692f
56937
5693e
56946
5694b
56952
56958
5695f
56964
5696a
56973
56979
5697e
56986
5698e
56993
56998
5699e
569a4
569ab
569b3
569b8
569be
569c3
569c8
569d0
569d5
569db
569de
569e1
569e7
569e9
569ee
569f7
569fd
56a03
56a06
56a0f
56a17
56a1f
56a26
56a2c
56a2f
56a37
56a3e
56a46
56a4b
56a52
56a58
56a5f
56a64
56a6a
56a73
56a79
56a7e
56a86
56a8e
56a93
56a98
56a9e
56aa4
56aab
56ab3
56ab8
56abe
56ac3
56ac8
56ad0
56ad5
56adb
56ade
56ae4
56ae7
56ae9
56aee
56af7
56afd
56b03
56b06
56b0f
56b17
56b1f
56b26
56b2c
56b2f
56b37
56b3e
56b46
56b4b
56b52
56b58
56b5f
56b64
56b6a
56b73
56b79
56b81
56b89
56b8e
56b93
56b98
56b9e
56ba4
56bab
56bb3
56bb8
56bbe
56bc3
56bc8
56bd0
56bd5
56bd8
56bde
56be4
56be7
56be9
56bee
56bf7
56bff
56c07
56c0e
56c14
56c17
56c1f
56c26
56c2f
56c35
56c3d
56c42
56c49
56c4f
56c56
56c5b
56c61
56c69
56c71
56c76
56c7b
56c80
56c86
56c8c
56c93
56c9b
56ca0
56ca6
56cab
56cb0
56cb8
56cbd
56cc0
56cc6
56ccc
56ccf
56cd1
56cd6
56cdf
56ce5
56ceb
56cee
56cf7
56cfd
56d03
56d06
56d0e
56d15
56d1d
56d22
56d29
56d2f
56d36
56d3b
56d41
56d4a
56d50
56d55
56d5d
56d65
56d6a
56d6f
56d75
56d7b
56d82
56d8a
56d8f
56d95
56d9a
56d9f
56da7
56dac
56db2
56db5
56dbb
56dbe
56dc0
56dc5
56dce
56dd4
56dda
56ddd
56de5
56dec
56df4
56df9
56e00
56e06
56e0d
56e12
56e18
56e21
56e27
56e2c
56e34
56e3c
56e41
56e47
56e4d
56e54
56e5c
56e61
56e67
56e6c
56e71
56e76
56e7e
56e83
56e86
56e8c
56e92
56e95
56e97
56e9c
56ea5
56eab
56eb1
56eb4
56ebc
56ec3
56ecb
56ed0
56ed7
56edd
56ee4
56ee9
56eef
56ef8
56efe
56f03
56f0b
56f13
56f18
56f1d
56f23
56f29
56f30
56f38
56f3d
56f43
56f48
56f4d
56f55
56f5a
56f60
56f63
56f69
56f6c
56f6e
56f73
56f7c
56f82
56f88
56f8b
56f93
56f9a
56fa2
56fa7
56fae
56fb4
56fbb
56fc0
56fc6
56fcf
56fd5
56fda
56fe2
56fea
56fef
56ff4
56ffa
57000
57007
5700f
57014
5701a
5701f
57024
5702c
57031
57037
5703a
57040
57043
57045
5704a
57053
57059
5705f
57062
5706a
57071
57079
5707e
57085
5708b
57092
57097
5709d
570a6
570ac
570b4
570bc
570c1
570c6
570cb
570d1
570d7
570de
570e6
570eb
570f1
570f6
570fb
57103
57108
5710e
57111
57114
5711a
5711c
57121
57129
57130
57139
5713f
57147
5714c
57153
57159
57160
57165
5716b
57173
5717b
57180
57185
5718a
57190
57196
5719d
571a5
571aa
571b0
571b5
571ba
571c2
571c7
571cd
571d0
571d6
571d9
571db
571e0
571e3
571e6
571e9
571ef
571f5
571fa
571ff
57205
5720b
57211
57214
57217
5721c
5721f
57228
5722e
57234
5723b
5723e
57242
57248
5724d
57256
5725c
57263
57269
5726c
57270
57273
57276
5727e
57287
57290
57295
5729b
572a0
572a6
572a8
572ab
572ae
572b1
572b4
572ba
572c0
572c5
572ca
572d0
572d6
572dc
572df
572e2
572e7
572ea
572f3
572f9
572ff
57306
57309
5730d
57313
57318
57321
57327
5732e
57334
57337
5733b
5733e
57341
57349
57352
5735b
57360
57366
5736b
57371
57373
57376
57379
5737c
5737f
57385
5738b
57390
57395
5739b
573a1
573a7
573aa
573af
573b2
573b5
573be
573c4
573ca
573d1
573d4
573d8
573de
573e3
573ec
573f2
573f9
573ff
57402
57406
57409
5740c
57414
5741d
57426
5742b
57431
57436
5743c
5743e
57441
57444
57447
5744d
57453
57456
57459
5745f
57465
5746a
5746f
57475
57478
5747d
57480
57489
5748f
57495
5749c
5749f
574a3
574a9
574ae
574b7
574bd
574c4
574ca
574cd
574d1
574d4
574d7
574df
574e8
574f1
574f6
574fc
57501
57507
57509
5750c
5750f
57512
57518
5751e
57521
57524
5752a
57530
57535
5753a
57540
57543
57548
5754b
57554
5755a
57560
57567
5756a
5756e
57574
57579
57582
57588
5758f
57595
57598
5759c
5759f
575a2
575aa
575b3
575bc
575c1
575c7
575cc
575d2
575d4
575d7
575da
575e0
575e6
575ec
575ef
575f2
575f8
575fe
57603
57608
5760b
57610
57613
5761c
57622
57628
5762f
57632
57636
5763c
57641
5764a
57650
57657
5765d
57660
57664
57667
5766a
57672
5767b
57684
5768a
5768f
57694
5769a
5769d
5769f
576a2
576a5
576a8
576ab
576b1
576b6
576bb
576be
576c1
576ca
576d0
576d6
576dd
576e0
576e4
576ed
576f3
576f9
57700
57703
57707
5770a
57713
57719
57721
5772a
5772f
57735
5773a
5773c
5773f
57742
57745
57748
5774e
57753
57758
5775b
5775e
57767
5776d
57773
5777a
5777d
57781
5778a
57790
57796
5779d
577a0
577a4
577a7
577b0
577b6
577be
577c7
577cc
577d2
577d7
577d9
577dc
577df
577e2
577e5
577eb
577f0
577f5
577f8
577fb
57804
5780a
57810
57817
5781a
5781e
57827
5782d
57833
5783a
5783d
57841
57844
5784d
57853
5785b
57864
57869
5786f
57874
57876
57879
5787c
5787f
57882
57888
5788d
57892
57895
57898
578a1
578a7
578ad
578b4
578b7
578bb
578c4
578ca
578d0
578d7
578da
578de
578e1
578ea
578f0
578f8
57901
57906
5790c
57911
57913
57916
57919
5791c
5791f
57925
5792a
5792f
57932
57935
5793e
57944
5794a
57951
57954
57958
57961
57967
5796d
57974
57977
5797b
5797e
57987
5798d
57995
5799e
579a3
579a9
579ae
579b0
579b3
579b6
579b9
579bf
579c4
579c9
579cc
579cf
579d8
579de
579e4
579eb
579ee
579f2
579fb
57a01
57a07
57a0e
57a11
57a15
57a18
57a21
57a27
57a2f
57a38
57a3e
57a43
57a48
57a4b
57a4d
57a50
57a53
57a56
57a59
57a5f
57a64
57a67
57a6a
57a73
57a79
57a7f
57a86
57a89
57a8d
57a96
57a9c
57aa2
57aa9
57aac
57ab0
57ab9
57abf
57ac7
57ad0
57ad5
57adb
57ae0
57ae2
57ae5
57ae8
57aeb
57aee
57af4
57af9
57afc
57aff
57b08
57b0e
57b14
57b1b
57b1e
57b22
57b2b
57b31
57b37
57b3e
57b41
57b45
57b4e
57b54
57b5c
57b65
57b6a
57b70
57b75
57b77
57b7a
57b7d
57b80
57b83
57b89
57b8e
57b91
57b94
57b9d
57ba3
57ba9
57bb0
57bb3
57bb7
57bc0
57bc6
57bcc
57bd3
57bd6
57bda
57be3
57be9
57bf1
57bfa
57bff
57c05
57c0a
57c0c
57c0f
57c12
57c15
57c18
57c1e
57c23
57c26
57c29
57c32
57c38
57c3e
57c45
57c48
57c4c
57c55
57c5b
57c61
57c68
57c6b
57c6f
57c78
57c7e
57c86
57c8f
57c94
57c9a
57c9f
57ca1
57ca4
57ca7
57caa
57cad
57cb3
57cb8
57cbb
57cbe
57cc7
57ccd
57cd3
57cda
57cdd
57ce1
57cea
57cf0
57cf6
57cfd
57d00
57d04
57d0d
57d13
57d1b
57d24
57d29
57d2f
57d34
57d36
57d39
57d3c
57d3f
57d45
57d4a
57d4d
57d50
57d59
57d5f
57d65
57d6c
57d6f
57d73
57d7c
57d82
57d88
57d8f
57d92
57d96
57d9f
57da5
57dad
57db6
57dbc
57dc1
57dc6
57dc9
57dcb
57dce
57dd1
57dd7
57ddc
57ddf
57de2
57deb
57df1
57df7
57dfe
57e01
57e05
57e0e
57e14
57e1c
57e25
57e2b
57e30
57e35
57e38
57e3a
57e3d
57e40
57e46
57e4b
57e4e
57e51
57e5a
57e60
57e66
57e6d
57e70
57e74
57e7d
57e83
57e8b
57e94
57e9a
57e9f
57ea4
57ea7
57ea9
57eac
57eaf
57eb5
57eba
57ebd
57ec0
57ec9
57ecf
57ed5
57edc
57edf
57ee3
57eec
57ef2
57efa
57f03
57f09
57f0e
57f13
57f16
57f18
57f1b
57f1e
57f24
57f29
57f2c
57f2f
57f38
57f3e
57f44
57f4b
57f4e
57f52
57f5b
57f61
57f69
57f72
57f78
57f7d
57f82
57f85
57f87
57f8a
57f8d
57f93
57f98
57f9b
57f9e
57fa7
57fad
57fb3
57fba
57fbd
57fc1
57fca
57fd0
57fd8
57fe1
57fe7
57fec
57ff1
57ff4
57ff6
57ff9
57ffc
58002
58007
5800a
5800d
58016
5801c
58022
58029
5802c
58030
58039
5803f
58047
58050
58056
5805b
58060
58063
58065
58068
5806b
58071
58076
58079
5807c
58085
5808b
58091
58098
5809b
5809f
580a8
580ae
580b6
580bf
580c5
580ca
580cf
580d2
580d4
580d7
580da
580e0
580e5
580e8
580eb
580f4
580fa
58100
58107
5810a
5810e
58117
5811d
58125
5812e
58134
58139
5813e
58141
58143
58146
58149
5814f
58154
58157
5815a
58163
58169
5816f
58176
58179
5817d
58186
5818c
58194
5819d
581a3
581a8
581ad
581b0
581b2
581b5
581b8
581be
581c3
581c6
581c9
581d2
581d8
581de
581e5
581e8
581ec
581f5
581fb
58203
5820c
58212
58217
5821c
5821f
58221
58224
58227
5822d
58232
58235
58238
58241
58247
5824d
58254
58257
5825b
58264
5826a
58272
5827b
58281
58286
5828b
5828e
58290
58293
58296
5829c
582a1
582a4
582a7
582b0
582b6
582bc
582c3
582c6
582ca
582d3
582d9
582e1
582ea
582f0
582f5
582fa
582fd
582ff
58302
58305
5830b
58310
58313
58316
5831f
58325
5832b
58332
58335
58339
58342
58348
58350
58359
5835f
58364
58369
5836c
5836e
58371
58374
5837a
5837f
58382
58385
5838e
58394
5839a
583a1
583a4
583a8
583b1
583b7
583bf
583c8
583ce
583d3
583d8
583db
583dd
583e0
583e3
583e9
583ee
583f1
583f4
583fd
58403
58409
58410
58413
58417
58420
58426
5842e
58437
5843d
58442
58447
5844a
5844c
5844f
58452
58458
5845d
58460
58463
5846c
58472
58478
5847f
58482
58486
5848f
58495
5849d
584a6
584ac
584b1
584b6
584b9
584bb
584be
584c1
584c7
584cc
584cf
584d2
584db
584e1
584e7
584ee
584f1
584f5
584fe
58504
5850c
58515
5851b
58520
58525
58528
5852a
5852d
58530
58536
5853b
5853e
58541
5854a
58550
58556
5855d
58560
58564
5856d
58573
5857b
58584
5858a
5858f
58594
58597
58599
5859c
5859f
585a5
585aa
585ad
585b0
585b9
585bf
585c5
585cc
585cf
585d3
585dc
585e2
585ea
585f3
585f9
585fe
58603
58606
58608
5860b
5860e
58614
58619
5861c
5861f
58628
5862e
58634
5863b
5863e
58642
5864b
58651
58659
58662
58668
5866d
58672
58675
58677
5867a
5867d
58683
58688
5868b
5868e
58697
5869d
586a3
586aa
586ad
586b1
586ba
586c0
586c8
586d1
586d7
586dc
586e1
586e4
586e6
586e9
586ec
586f2
586f7
586fa
586fd
58706
5870c
58712
58719
5871c
58720
58729
5872f
58737
58740
58746
5874b
58750
58753
58755
58758
5875b
58761
58766
58769
5876c
58775
5877b
58781
58788
5878b
5878f
58798
5879e
587a6
587af
587b5
587ba
587bf
587c2
587c4
587c7
587ca
587d0
587d5
587d8
587db
587e4
587ea
587f0
587f7
587fa
587fe
58807
5880d
58815
5881e
58824
58829
5882e
58831
58833
58836
58839
5883e
58841
58844
5884d
58854
5885a
58860
58864
58867
5886f
58878
5887d
58886
5888c
58892
58897
5889a
5889c
5889f
588a2
588a7
588aa
588ad
588b6
588bd
588c3
588c9
588cd
588d0
588d8
588e1
588e6
588ef
588f5
588fb
58900
58903
58905
58908
5890b
58910
58913
58916
5891f
58926
5892c
58932
58936
58939
58941
5894a
5894f
58958
5895e
58964
58969
5896c
5896e
58971
58974
58979
5897c
5897f
58988
5898f
58995
5899b
5899f
589a2
589aa
589b3
589b8
589c1
589c7
589cd
589d2
589d5
589d7
589da
589dd
589e2
589e5
589e8
589f1
589f8
589fe
58a04
58a08
58a0b
58a13
58a1c
58a21
58a2a
58a30
58a36
58a3b
58a3e
58a40
58a43
58a46
58a4b
58a4e
58a51
58a5a
58a61
58a67
58a6d
58a71
58a74
58a7c
58a85
58a8a
58a93
58a99
58a9f
58aa4
58aa7
58aa9
58aac
58aaf
58ab2
58ab5
58abe
58ac5
58acb
58ad1
58ad5
58ad8
58ae0
58ae9
58aee
58af7
58afd
58b03
58b08
58b0b
58b0d
58b10
58b13
58b16
58b19
58b22
58b29
58b2f
58b35
58b39
58b3c
58b44
58b4d
58b52
58b5b
58b61
58b67
58b6c
58b6f
58b71
58b74
58b77
58b7a
58b7d
58b86
58b8d
58b93
58b99
58b9d
58ba0
58ba8
58bb1
58bb6
58bbf
58bc5
58bcb
58bd0
58bd3
58bd5
58bd8
58bdb
58bde
58be1
58bea
58bf1
58bf7
58bfd
58c01
58c04
58c0c
58c15
58c1a
58c23
58c29
58c2f
58c34
58c37
58c39
58c3c
58c3f
58c42
58c45
58c4e
58c55
58c5b
58c61
58c65
58c68
58c70
58c79
58c7e
58c87
58c8d
58c93
58c98
58c9b
58c9d
58ca0
58ca3
58ca6
58ca9
58cb2
58cb9
58cbf
58cc5
58cc9
58ccc
58cd4
58cdd
58ce2
58ceb
58cf1
58cf7
58cfc
58cff
58d01
58d04
58d07
58d0a
58d12
58d1b
58d20
58d29
58d2f
58d35
58d3a
58d3d
58d3f
58d42
58d45
58d48
58d50
58d59
58d5e
58d67
58d6d
58d73
58d78
58d7b
58d7d
58d80
58d83
58d86
58d8e
58d97
58d9c
58da5
58dab
58db1
58db6
58db9
58dbb
58dbe
58dc1
58dc4
58dcc
58dd5
58dda
58de3
58de9
58def
58df4
58df7
58df9
58dfc
58dff
58e02
58e0a
58e13
58e18
58e21
58e27
58e2d
58e32
58e35
58e37
58e3a
58e3d
58e40
58e48
58e51
58e56
58e5f
58e65
58e6b
58e70
58e73
58e75
58e78
58e81
58e89
58e92
58e98
58e9d
58ea2
58ea8
58eab
58eae
58eb0
58eb9
58ec1
58eca
58ed0
58ed5
58eda
58ee0
58ee3
58ee6
58ee8
58ef1
58ef9
58f02
58f08
58f0d
58f12
58f18
58f1b
58f1e
58f20
58f29
58f31
58f3a
58f40
58f45
58f4a
58f50
58f53
58f56
58f58
58f61
58f69
58f72
58f78
58f7d
58f82
58f88
58f8b
58f8e
58f90
58f99
58fa1
58faa
58fb0
58fb5
58fba
58fc0
58fc3
58fc6
58fc8
58fd1
58fd9
58fe2
58fe8
58fed
58ff2
58ff8
58ffb
58ffe
59000
59009
59011
5901a
59020
59025
5902a
59030
59033
59036
59038
59041
59049
59052
59058
5905d
59062
59068
5906b
5906e
59070
59079
59081
5908a
59090
59095
5909a
590a0
590a3
590a6
590a8
590b1
590b9
590c2
590c8
590cd
590d2
590d8
590db
590de
590e0
590e9
590f1
590fa
59100
59105
5910a
59110
59113
59116
59118
5911b
59121
5912a
59130
59136
59139
5913f
59142
5914b
59151
59157
5915a
59163
59169
59172
59178
5917e
59183
59189
59192
59199
5919f
591a4
591a8
591ab
591b4
591bb
591c2
591c7
591cc
591cf
591d8
591de
591e7
591ed
591f6
591fc
59202
5920b
59210
59216
5921c
59220
59225
5922c
5922f
59236
5923c
59241
59247
5924c
59250
59259
5925f
59265
59268
5926e
59277
5927e
59284
59289
5928f
59294
59298
5929b
592a1
592a6
592ad
592b3
592b8
592bc
592c5
592cc
592d3
592d8
592dd
592e0
592e8
592ec
592f1
592fa
59300
59305
59309
59310
59315
5931a
59320
59324
59329
5932f
59333
5933a
59340
59344
5934a
5934e
59350
59353
59358
5935b
5935e
59364
5936d
59373
59379
5937c
59385
5938b
59394
5939a
593a0
593a6
593ab
593b4
593bb
593c1
593c6
593ca
593cd
593d6
593dd
593e4
593e9
593ee
593f1
593fa
59400
59409
5940f
59418
5941e
59424
5942d
59432
59438
5943e
59442
59447
5944e
59451
59458
5945e
59463
59469
5946e
59472
5947b
59481
59487
5948a
59490
59499
594a0
594a6
594ab
594b1
594b6
594ba
594bd
594c3
594c8
594cf
594d5
594da
594de
594e7
594ee
594f5
594fa
594ff
59502
5950a
5950e
59513
5951c
59522
59527
5952b
59532
59537
5953c
59542
59546
5954b
59551
59555
5955c
59562
59566
5956c
59570
59572
59575
5957a
5957d
59580
59586
5958f
59595
5959b
5959e
595a7
595ad
595b6
595bc
595c2
595c8
595cd
595d6
595dd
595e3
595e8
595ec
595ef
595f8
595ff
59606
5960b
59610
59613
5961c
59622
5962b
59631
5963a
59640
59646
5964f
59654
5965a
59660
59664
59669
59670
59673
5967a
59680
59685
5968b
59690
59694
5969d
596a3
596a6
596ac
596b2
596bb
596c2
596c8
596cd
596d3
596d8
596dc
596df
596e5
596ea
596f1
596f7
596fc
59700
59709
59710
59717
5971c
59721
59724
5972c
59730
59735
5973e
59744
59749
5974d
59754
59759
5975e
59764
59768
5976d
59773
59777
5977e
59784
59788
5978e
59792
59794
59797
5979c
5979f
597a2
597a8
597b1
597b7
597bd
597c0
597c9
597cf
597d8
597de
597e4
597ed
597f2
597f8
597fe
59802
59807
5980e
59811
5981a
59820
59829
5982f
59835
5983b
59840
59849
59850
59856
5985b
5985f
59862
5986b
59872
59879
5987e
59883
59886
5988f
59895
5989c
598a2
598a7
598ad
598b2
598b6
598bf
598c5
598c8
598ce
598d4
598dd
598e4
598ea
598ef
598f5
598fa
598fe
59901
59907
5990c
59913
59919
5991e
59922
5992b
59932
59939
5993e
59943
59946
5994e
59952
59957
59960
59966
5996b
5996f
59976
5997b
59980
59986
5998a
5998f
59995
59999
599a0
599a6
599aa
599b0
599b4
599b6
599b9
599be
599c1
599c4
599ca
599d3
599d9
599df
599e2
599e5
599ee
599f4
599fd
59a03
59a07
59a0d
59a13
59a19
59a22
59a27
59a2c
59a33
59a39
59a42
59a4b
59a51
59a54
59a59
59a5f
59a65
59a6e
59a75
59a7a
59a80
59a84
59a8d
59a94
59a9b
59aa0
59aa5
59aa8
59ab1
59ab7
59abe
59ac4
59ac9
59acf
59ad4
59ad8
59ae1
59ae7
59aea
59af0
59af6
59aff
59b06
59b0c
59b11
59b17
59b1c
59b20
59b23
59b29
59b2e
59b35
59b3b
59b40
59b44
59b4d
59b54
59b5b
59b60
59b65
59b68
59b71
59b77
59b7c
59b80
59b88
59b8c
59b91
59b98
59b9d
59ba2
59ba8
59bac
59bb1
59bb7
59bbe
59bc4
59bc8
59bcc
59bd2
59bd6
59bd8
59bdb
59be0
59be3
59bec
59bf2
59bf5
59bfb
59c04
59c0a
59c13
59c19
59c22
59c27
59c2b
59c31
59c37
59c3c
59c43
59c49
59c52
59c5b
59c61
59c67
59c6c
59c72
59c7b
59c82
59c88
59c8d
59c91
59c94
59c9d
59ca4
59cab
59cb0
59cb5
59cb8
59cbf
59cc5
59cca
59cd0
59cd5
59cd9
59ce2
59ce8
59ceb
59cf1
59cf7
59d00
59d07
59d0d
59d12
59d18
59d1d
59d21
59d24
59d2a
59d2f
59d36
59d3c
59d41
59d45
59d4e
59d55
59d5c
59d61
59d66
59d69
59d71
59d75
59d7a
59d83
59d89
59d8e
59d92
59d99
59d9e
59da4
59da9
59daf
59db3
59db8
59dbf
59dc5
59dc9
59dcd
59dd3
59dd7
59dda
59ddc
59de1
59de4
59de7
59ded
59df6
59dfc
59e02
59e05
59e08
59e0e
59e17
59e1d
59e23
59e26
59e2f
59e36
59e3b
59e42
59e47
59e4a
59e53
59e59
59e5f
59e64
59e6d
59e74
59e7a
59e7f
59e85
59e89
59e8c
59e93
59e99
59e9f
59ea4
59ea9
59ead
59eb0
59eb6
59ebd
59ec3
59ec9
59ece
59ed3
59ed7
59edf
59ee4
59eea
59eee
59ef7
59efd
59f01
59f05
59f0a
59f0e
59f15
59f1a
59f1f
59f24
59f28
59f2e
59f35
59f3b
59f41
59f45
59f48
59f4d
59f4f
59f52
59f55
59f5b
59f64
59f6a
59f70
59f73
59f7c
59f83
59f88
59f8f
59f94
59f97
59fa0
59fa6
59fac
59fb1
59fba
59fc1
59fc7
59fcc
59fd2
59fd6
59fd9
59fe0
59fe6
59fec
59ff1
59ff6
59ffa
5a000
5a003
5a00a
5a010
5a016
5a01b
5a020
5a024
5a02d
5a033
5a037
5a03f
5a044
5a04a
5a04e
5a052
5a057
5a05b
5a062
5a067
5a06c
5a071
5a075
5a07b
5a082
5a088
5a08e
5a092
5a095
5a09a
5a09c
5a09f
5a0a5
5a0a8
5a0b1
5a0b7
5a0bd
5a0c0
5a0c9
5a0d0
5a0d5
5a0dc
5a0e1
5a0e4
5a0ed
5a0f3
5a0fc
5a103
5a109
5a10e
5a114
5a119
5a11f
5a123
5a126
5a12d
5a133
5a139
5a13e
5a143
5a147
5a14d
5a150
5a157
5a15d
5a163
5a168
5a16d
5a171
5a179
5a17e
5a184
5a188
5a191
5a197
5a19b
5a19f
5a1a4
5a1a8
5a1af
5a1b4
5a1b9
5a1be
5a1c2
5a1c8
5a1cf
5a1d5
5a1db
5a1df
5a1e2
5a1e7
5a1e9
5a1ec
5a1ef
5a1f5
5a1fe
5a204
5a20a
5a20d
5a216
5a21c
5a225
5a22c
5a232
5a237
5a23d
5a242
5a248
5a24c
5a24f
5a258
5a25f
5a264
5a26b
5a270
5a273
5a27a
5a280
5a286
5a28b
5a290
5a294
5a297
5a29d
5a2a4
5a2aa
5a2b0
5a2b5
5a2ba
5a2be
5a2c6
5a2cb
5a2d1
5a2d5
5a2de
5a2e4
5a2e8
5a2ec
5a2f1
5a2f5
5a2fc
5a301
5a306
5a30b
5a30f
5a315
5a31c
5a322
5a328
5a32c
5a32f
5a334
5a336
5a339
5a33c
5a342
5a34b
5a351
5a357
5a35a
5a363
5a369
5a36f
5a374
5a37d
5a384
5a38a
5a390
5a394
5a399
5a39c
5a3a5
5a3ac
5a3b1
5a3b8
5a3bd
5a3c0
5a3c7
5a3cd
5a3d3
5a3d8
5a3dd
5a3e1
5a3e4
5a3ea
5a3f1
5a3f7
5a3fd
5a402
5a407
5a40b
5a413
5a418
5a41e
5a422
5a42b
5a431
5a435
5a43a
5a43e
5a442
5a449
5a44e
5a453
5a458
5a45c
5a462
5a469
5a46f
5a475
5a479
5a47c
5a481
5a483
5a486
5a48f
5a495
5a49b
5a4a0
5a4a9
5a4b0
5a4b6
5a4bb
5a4c1
5a4c5
5a4c8
5a4d1
5a4d8
5a4dd
5a4e4
5a4e9
5a4ec
5a4f3
5a4f9
5a4ff
5a504
5a509
5a50d
5a510
5a516
5a51d
5a523
5a529
5a52e
5a533
5a537
5a53f
5a544
5a54a
5a54e
5a557
5a55d
5a561
5a565
5a56a
5a56e
5a575
5a57a
5a580
5a585
5a58a
5a58e
5a595
5a59b
5a5a1
5a5a5
5a5aa
5a5ad
5a5b0
5a5b2
5a5b5
5a5bb
5a5c4
5a5ca
5a5d0
5a5d3
5a5d6
5a5dc
5a5e5
5a5eb
5a5f1
5a5f4
5a5fd
5a604
5a60b
5a610
5a615
5a618
5a61e
5a627
5a630
5a637
5a63d
5a642
5a648
5a64d
5a653
5a657
5a65a
5a660
5a665
5a66c
5a672
5a677
5a67b
5a67e
5a684
5a68c
5a691
5a697
5a69e
5a6a3
5a6a7
5a6b0
5a6b6
5a6bb
5a6c2
5a6c8
5a6cc
5a6d0
5a6d4
5a6d8
5a6dc
5a6e1
5a6e6
5a6ec
5a6f2
5a6f5
5a6fa
5a6fc
5a6ff
5a702
5a708
5a711
5a717
5a71d
5a720
5a729
5a730
5a737
5a73c
5a741
5a744
5a74d
5a753
5a75c
5a763
5a769
5a76e
5a774
5a779
5a77f
5a783
5a786
5a78c
5a791
5a798
5a79e
5a7a3
5a7a7
5a7ad
5a7b0
5a7b9
5a7bf
5a7c4
5a7cb
5a7d1
5a7d5
5a7dd
5a7e2
5a7e8
5a7ef
5a7f4
5a7f8
5a7fc
5a800
5a804
5a808
5a80d
5a812
5a818
5a81e
5a821
5a826
5a828
5a82b
5a82e
5a834
5a83d
5a843
5a849
5a84c
5a853
5a858
5a861
5a868
5a86d
5a870
5a879
5a87f
5a888
5a88f
5a895
5a89a
5a8a0
5a8a5
5a8ab
5a8af
5a8b2
5a8b8
5a8bd
5a8c4
5a8ca
5a8cf
5a8d3
5a8d9
5a8dc
5a8e4
5a8e9
5a8ef
5a8f6
5a8fb
5a8ff
5a908
5a90e
5a913
5a91a
5a920
5a924
5a928
5a92c
5a930
5a934
5a939
5a93e
5a944
5a94a
5a94f
5a952
5a954
5a957
5a95a
5a960
5a969
5a96f
5a975
5a978
5a981
5a987
5a990
5a997
5a99d
5a9a2
5a9a8
5a9ad
5a9b3
5a9b7
5a9ba
5a9c1
5a9c6
5a9cf
5a9d6
5a9db
5a9de
5a9e4
5a9e9
5a9f0
5a9f6
5a9fb
5a9ff
5aa05
5aa08
5aa10
5aa15
5aa1b
5aa22
5aa27
5aa2b
5aa34
5aa3a
5aa3f
5aa46
5aa4c
5aa50
5aa54
5aa58
5aa5c
5aa60
5aa65
5aa6a
5aa70
5aa76
5aa79
5aa7e
5aa80
5aa83
5aa86
5aa8c
5aa95
5aa9b
5aaa1
5aaa4
5aaad
5aab3
5aabc
5aac3
5aac9
5aace
5aad4
5aada
5aade
5aae3
5aae6
5aaed
5aaf2
5aafb
5ab02
5ab07
5ab0a
5ab10
5ab15
5ab1c
5ab22
5ab27
5ab2b
5ab31
5ab34
5ab3c
5ab41
5ab47
5ab4e
5ab53
5ab57
5ab60
5ab66
5ab6b
5ab72
5ab78
5ab7c
5ab80
5ab84
5ab88
5ab8c
5ab91
5ab96
5ab9c
5aba2
5aba5
5abaa
5abac
5abaf
5abb2
5abb8
5abc1
5abca
5abd1
5abd7
5abdc
5abe2
5abe7
5abeb
5abf1
5abfa
5ac01
5ac08
5ac0d
5ac12
5ac15
5ac1b
5ac20
5ac27
5ac2d
5ac32
5ac36
5ac3c
5ac3f
5ac47
5ac4c
5ac52
5ac59
5ac5e
5ac62
5ac6b
5ac71
5ac76
5ac7d
5ac83
5ac87
5ac8b
5ac8f
5ac93
5ac97
5ac9c
5aca2
5aca7
5acad
5acb0
5acb5
5acb8
5acba
5acbd
5acc3
5accc
5acd2
5acd8
5acdb
5ace1
5ace4
5aced
5acf3
5acf9
5acfc
5ad05
5ad0c
5ad13
5ad18
5ad1d
5ad20
5ad23
5ad2c
5ad32
5ad3b
5ad40
5ad46
5ad4d
5ad53
5ad58
5ad5c
5ad62
5ad68
5ad6d
5ad74
5ad7a
5ad7f
5ad83
5ad8b
5ad8f
5ad94
5ad9b
5ada4
5ada9
5adaf
5adb4
5adba
5adbf
5adc3
5adc9
5adce
5add5
5addb
5addf
5ade3
5ade7
5adeb
5adf1
5adf4
5adf9
5adfb
5adfe
5ae04
5ae07
5ae10
5ae16
5ae1c
5ae1f
5ae28
5ae2f
5ae36
5ae3b
5ae40
5ae43
5ae46
5ae4c
5ae55
5ae5e
5ae63
5ae69
5ae70
5ae76
5ae7b
5ae7f
5ae85
5ae8b
5ae90
5ae97
5ae9d
5aea2
5aea6
5aeae
5aeb2
5aeb7
5aec0
5aec7
5aecc
5aed2
5aed8
5aedd
5aee4
5aeea
5aeee
5aef3
5aef9
5aefe
5af02
5af06
5af0a
5af0e
5af14
5af17
5af1c
5af1e
5af21
5af24
5af2a
5af33
5af39
5af3f
5af42
5af4b
5af52
5af59
5af5e
5af63
5af66
5af6f
5af75
5af7e
5af84
5af89
5af90
5af96
5af9b
5afa1
5afa5
5afa8
5afae
5afb3
5afba
5afc0
5afc5
5afc9
5afd0
5afd9
5afde
5afe4
5afec
5aff0
5aff5
5affa
5b000
5b005
5b009
5b00f
5b014
5b01b
5b021
5b025
5b029
5b02d
5b031
5b037
5b03c
5b03f
5b041
5b044
5b047
5b04d
5b056
5b05c
5b062
5b065
5b068
5b071
5b077
5b080
5b085
5b08b
5b092
5b098
5b09d
5b0a1
5b0a7
5b0b0
5b0b7
5b0be
5b0c3
5b0c8
5b0cb
5b0d1
5b0d6
5b0dd
5b0e3
5b0e8
5b0ec
5b0f4
5b0f8
5b0fd
5b104
5b10d
5b112
5b118
5b11d
5b123
5b128
5b12c
5b132
5b137
5b13e
5b144
5b148
5b14c
5b150
5b154
5b15a
5b15d
5b162
5b164
5b167
5b16a
5b170
5b179
5b17f
5b185
5b188
5b18e
5b197
5b1a0
5b1a6
5b1ab
5b1b2
5b1b8
5b1bd
5b1c3
5b1c7
5b1ca
5b1d3
5b1da
5b1e1
5b1e6
5b1eb
5b1ee
5b1f4
5b1f9
5b200
5b206
5b20b
5b20f
5b217
5b21b
5b220
5b227
5b230
5b235
5b23b
5b240
5b246
5b24b
5b24f
5b255
5b25a
5b261
5b267
5b26b
5b26f
5b273
5b277
5b27d
5b280
5b285
5b287
5b28a
5b28d
5b296
5b29c
5b2a5
5b2aa
5b2b0
5b2b7
5b2bd
5b2c2
5b2c6
5b2cc
5b2d5
5b2dc
5b2e3
5b2e8
5b2ed
5b2f0
5b2f6
5b2fb
5b302
5b308
5b30d
5b311
5b319
5b31d
5b322
5b329
5b332
5b337
5b33d
5b342
5b348
5b34d
5b351
5b357
5b35c
5b363
5b369
5b36d
5b371
5b375
5b379
5b37f
5b382
5b387
5b38a
5b38c
5b38f
5b395
5b39e
5b3a4
5b3aa
5b3ad
5b3b0
5b3b6
5b3bf
5b3c5
5b3cb
5b3ce
5b3d7
5b3de
5b3e3
5b3ea
5b3ef
5b3f2
5b3fb
5b401
5b40a
5b411
5b417
5b41c
5b422
5b427
5b42d
5b431
5b434
5b43a
5b43f
5b446
5b44c
5b451
5b455
5b45d
5b462
5b468
5b46c
5b475
5b47b
5b482
5b488
5b48c
5b493
5b498
5b49d
5b4a2
5b4a6
5b4ac
5b4b1
5b4b7
5b4bb
5b4bf
5b4c3
5b4c6
5b4cb
5b4cd
5b4d0
5b4d3
5b4d9
5b4e2
5b4e8
5b4ee
5b4f1
5b4fa
5b501
5b506
5b50d
5b512
5b515
5b518
5b521
5b527
5b530
5b537
5b53c
5b542
5b548
5b54d
5b551
5b557
5b55d
5b562
5b569
5b56f
5b574
5b578
5b580
5b585
5b58b
5b58f
5b598
5b59e
5b5a5
5b5ab
5b5af
5b5b6
5b5bb
5b5c1
5b5c6
5b5cc
5b5d0
5b5d5
5b5da
5b5de
5b5e2
5b5e6
5b5e9
5b5ee
5b5f0
5b5f3
5b5f6
5b5fc
5b605
5b60b
5b611
5b614
5b61d
5b624
5b629
5b630
5b635
5b638
5b63e
5b647
5b650
5b657
5b65d
5b662
5b668
5b66d
5b673
5b677
5b67a
5b680
5b685
5b68c
5b692
5b697
5b69b
5b6a3
5b6a8
5b6ae
5b6b2
5b6bb
5b6c1
5b6c8
5b6ce
5b6d5
5b6da
5b6de
5b6e3
5b6e8
5b6ec
5b6f2
5b6f7
5b6fd
5b701
5b705
5b709
5b70e
5b711
5b713
5b716
5b719
5b71f
5b728
5b72e
5b734
5b737
5b740
5b746
5b74f
5b756
5b75c
5b761
5b767
5b76c
5b772
5b776
5b779
5b782
5b789
5b78e
5b795
5b79a
5b79d
5b7a3
5b7a8
5b7af
5b7b5
5b7ba
5b7be
5b7c6
5b7cb
5b7d1
5b7d5
5b7de
5b7e4
5b7eb
5b7f1
5b7f5
5b7fc
5b801
5b806
5b80b
5b80f
5b815
5b81a
5b820
5b824
5b828
5b82c
5b82f
5b834
5b836
5b839
5b83f
5b842
5b84b
5b851
5b857
5b85a
5b863
5b869
5b872
5b879
5b87f
5b884
5b88a
5b88f
5b895
5b899
5b89c
5b8a5
5b8ac
5b8b1
5b8b8
5b8bd
5b8c0
5b8c6
5b8cb
5b8d2
5b8d8
5b8dd
5b8e1
5b8e8
5b8ee
5b8f6
5b8fb
5b901
5b905
5b90e
5b914
5b918
5b91f
5b924
5b929
5b92e
5b932
5b938
5b93d
5b943
5b947
5b94b
5b94f
5b952
5b957
5b959
5b95c
5b965
5b96b
5b974
5b97b
5b981
5b986
5b98c
5b991
5b997
5b99b
5b99e
5b9a7
5b9ae
5b9b3
5b9ba
5b9bf
5b9c2
5b9c8
5b9cd
5b9d4
5b9da
5b9df
5b9e3
5b9ec
5b9f2
5b9f9
5b9ff
5ba07
5ba0c
5ba12
5ba16
5ba1a
5ba21
5ba26
5ba2b
5ba30
5ba34
5ba3a
5ba3f
5ba45
5ba49
5ba4d
5ba51
5ba54
5ba59
5ba5c
5ba5e
5ba61
5ba67
5ba70
5ba76
5ba7c
5ba7f
5ba82
5ba88
5ba91
5ba97
5ba9d
5baa0
5baa7
5baac
5bab5
5babc
5bac1
5bac4
5bac7
5bacd
5bad6
5badf
5bae6
5baeb
5baf1
5baf7
5bafc
5bb00
5bb06
5bb0c
5bb11
5bb18
5bb1e
5bb23
5bb27
5bb2f
5bb34
5bb3a
5bb41
5bb46
5bb4a
5bb53
5bb59
5bb5d
5bb64
5bb6a
5bb6e
5bb73
5bb78
5bb7e
5bb83
5bb89
5bb8d
5bb91
5bb95
5bb98
5bb9d
5bb9f
5bba2
5bba5
5bbab
5bbb4
5bbba
5bbc0
5bbc3
5bbca
5bbcf
5bbd8
5bbdf
5bbe4
5bbe7
5bbea
5bbf0
5bbf9
5bc02
5bc09
5bc0e
5bc14
5bc1a
5bc1f
5bc23
5bc29
5bc2f
5bc34
5bc3b
5bc41
5bc46
5bc4a
5bc52
5bc57
5bc5d
5bc64
5bc69
5bc6d
5bc76
5bc7c
5bc80
5bc87
5bc8d
5bc91
5bc96
5bc9c
5bca1
5bca7
5bcab
5bcb0
5bcb4
5bcb8
5bcbb
5bcc0
5bcc2
5bcc5
5bcc8
5bcce
5bcd7
5bcdd
5bce3
5bce6
5bced
5bcf2
5bcfb
5bd02
5bd07
5bd0a
5bd10
5bd19
5bd22
5bd29
5bd2f
5bd34
5bd3a
5bd3f
5bd45
5bd49
5bd4c
5bd52
5bd57
5bd5e
5bd64
5bd69
5bd6d
5bd75
5bd7a
5bd80
5bd87
5bd8c
5bd90
5bd99
5bd9f
5bda3
5bdaa
5bdb0
5bdb5
5bdb9
5bdbe
5bdc4
5bdc9
5bdcf
5bdd3
5bdd7
5bddb
5bde0
5bde3
5bde5
5bde8
5bdeb
5bdf1
5bdfa
5be00
5be06
5be09
5be0c
5be15
5be1b
5be24
5be2b
5be30
5be36
5be3c
5be41
5be45
5be4b
5be54
5be5b
5be62
5be67
5be6c
5be6f
5be75
5be7a
5be81
5be87
5be8c
5be90
5be98
5be9d
5bea3
5beaa
5beaf
5beb3
5bebc
5bec2
5bec6
5becd
5bed3
5bed7
5bedc
5bee1
5bee7
5beec
5bef2
5bef6
5befa
5befe
5bf01
5bf06
5bf08
5bf0b
5bf0e
5bf14
5bf1d
5bf23
5bf29
5bf2c
5bf32
5bf3b
5bf44
5bf4b
5bf51
5bf56
5bf5c
5bf61
5bf67
5bf6b
5bf6e
5bf77
5bf7e
5bf85
5bf8a
5bf8f
5bf92
5bf98
5bf9d
5bfa4
5bfaa
5bfaf
5bfb3
5bfbb
5bfc0
5bfc6
5bfcd
5bfd2
5bfd6
5bfdf
5bfe5
5bfec
5bff2
5bff6
5bffa
5bfff
5c004
5c00a
5c00f
5c015
5c019
5c01d
5c021
5c024
5c029
5c02b
5c02e
5c031
5c03a
5c040
5c049
5c050
5c055
5c05b
5c061
5c066
5c06a
5c070
5c079
5c080
5c087
5c08c
5c091
5c094
5c09a
5c09f
5c0a6
5c0ac
5c0b1
5c0b5
5c0be
5c0c4
5c0cc
5c0d1
5c0d7
5c0de
5c0e3
5c0e7
5c0ee
5c0f4
5c0f8
5c0fc
5c101
5c106
5c10c
5c111
5c117
5c11b
5c11f
5c123
5c126
5c12b
5c12e
5c130
5c133
5c139
5c142
5c148
5c14e
5c151
5c154
5c15a
5c163
5c169
5c16f
5c172
5c17b
5c182
5c189
5c18e
5c193
5c196
5c19c
5c1a5
5c1ae
5c1b5
5c1bb
5c1c0
5c1c6
5c1cb
5c1d1
5c1d5
5c1d8
5c1de
5c1e3
5c1ea
5c1f0
5c1f5
5c1f9
5c200
5c205
5c20d
5c212
5c218
5c21d
5c221
5c22a
5c230
5c234
5c23b
5c241
5c245
5c24a
5c250
5c255
5c25b
5c25f
5c263
5c267
5c26a
5c26f
5c271
5c274
5c277
5c27d
5c286
5c28c
5c292
5c295
5c29e
5c2a5
5c2ac
5c2b1
5c2b6
5c2b9
5c2c2
5c2c8
5c2d1
5c2d8
5c2de
5c2e3
5c2e9
5c2ee
5c2f4
5c2f8
5c2fb
5c301
5c306
5c30d
5c313
5c318
5c31c
5c323
5c328
5c330
5c335
5c33b
5c340
5c344
5c34d
5c353
5c357
5c35e
5c364
5c368
5c36e
5c373
5c379
5c37d
5c382
5c386
5c38a
5c38d
5c392
5c394
5c397
5c39a
5c3a0
5c3a9
5c3af
5c3b5
5c3b8
5c3c1
5c3c8
5c3cf
5c3d4
5c3d9
5c3dc
5c3e5
5c3eb
5c3f4
5c3fb
5c401
5c406
5c40c
5c411
5c417
5c41b
5c41e
5c424
5c429
5c430
5c436
5c43b
5c43f
5c446
5c44b
5c453
5c458
5c45e
5c463
5c467
5c470
5c476
5c47a
5c481
5c487
5c48b
5c490
5c496
5c49b
5c4a1
5c4a5
5c4a9
5c4ad
5c4b2
5c4b5
5c4b7
5c4ba
5c4bd
5c4c3
5c4cc
5c4d2
5c4d8
5c4db
5c4e4
5c4ea
5c4f3
5c4fa
5c500
5c505
5c50b
5c510
5c516
5c51a
5c51d
5c526
5c52d
5c534
5c539
5c53e
5c541
5c547
5c54c
5c553
5c559
5c55e
5c562
5c569
5c56e
5c576
5c57b
5c581
5c586
5c58a
5c593
5c599
5c59d
5c5a4
5c5aa
5c5ae
5c5b3
5c5b9
5c5be
5c5c4
5c5c8
5c5cc
5c5d0
5c5d3
5c5d8
5c5da
5c5dd
5c5e0
5c5e6
5c5ef
5c5f5
5c5fb
5c5fe
5c607
5c60d
5c616
5c61d
5c623
5c628
5c62e
5c633
5c639
5c63d
5c640
5c649
5c650
5c657
5c65c
5c661
5c664
5c66a
5c66f
5c676
5c67c
5c681
5c685
5c68c
5c691
5c699
5c69e
5c6a4
5c6a9
5c6ad
5c6b6
5c6bc
5c6c3
5c6c9
5c6cd
5c6d1
5c6d6
5c6dc
5c6e1
5c6e7
5c6eb
5c6ef
5c6f3
5c6f6
5c6fb
5c6fd
5c700
5c703
5c70c
5c712
5c71b
5c722
5c727
5c72d
5c733
5c738
5c73c
5c742
5c74b
5c752
5c759
5c75e
5c763
5c766
5c76c
5c771
5c778
5c77e
5c783
5c787
5c78e
5c793
5c79c
5c7a2
5c7aa
5c7af
5c7b5
5c7ba
5c7be
5c7c5
5c7cb
5c7cf
5c7d3
5c7d8
5c7de
5c7e3
5c7e9
5c7ed
5c7f1
5c7f5
5c7f8
5c7fd
5c800
5c802
5c805
5c80b
5c814
5c81a
5c820
5c823
5c826
5c82c
5c835
5c83b
5c841
5c844
5c84d
5c854
5c85b
5c860
5c865
5c868
5c871
5c878
5c87e
5c883
5c889
5c88e
5c894
5c898
5c89b
5c8a1
5c8a6
5c8ad
5c8b3
5c8b8
5c8bc
5c8c3
5c8c8
5c8d0
5c8d5
5c8db
5c8e0
5c8e4
5c8ed
5c8f3
5c8f7
5c8fe
5c904
5c908
5c90d
5c913
5c918
5c91e
5c922
5c926
5c92a
5c92d
5c932
5c934
5c937
5c93a
5c940
5c949
5c94f
5c955
5c958
5c961
5c968
5c96f
5c974
5c979
5c97c
5c985
5c98c
5c992
5c997
5c99d
5c9a2
5c9a8
5c9ac
5c9af
5c9b5
5c9ba
5c9c1
5c9c7
5c9cc
5c9d0
5c9d7
5c9dc
5c9e4
5c9e9
5c9ef
5c9f4
5c9f8
5ca01
5ca07
5ca0b
5ca12
5ca18
5ca1c
5ca22
5ca27
5ca2d
5ca31
5ca36
5ca3a
5ca3e
5ca41
5ca46
5ca48
5ca4b
5ca4e
5ca54
5ca5d
5ca63
5ca69
5ca6c
5ca75
5ca7c
5ca83
5ca88
5ca8d
5ca90
5ca99
5caa0
5caa6
5caab
5cab1
5cab6
5cabc
5cac0
5cac3
5cac9
5cace
5cad5
5cadb
5cae0
5cae4
5caeb
5caf0
5caf8
5cafd
5cb03
5cb08
5cb0c
5cb15
5cb1b
5cb1f
5cb26
5cb2c
5cb30
5cb35
5cb3b
5cb40
5cb46
5cb4a
5cb4e
5cb52
5cb57
5cb5a
5cb5c
5cb5f
5cb62
5cb68
5cb71
5cb77
5cb7d
5cb80
5cb89
5cb90
5cb96
5cb9b
5cba1
5cba6
5cbac
5cbb0
5cbb3
5cbbc
5cbc3
5cbca
5cbcf
5cbd4
5cbd7
5cbdd
5cbe2
5cbe9
5cbef
5cbf4
5cbf8
5cbff
5cc04
5cc0c
5cc11
5cc17
5cc1c
5cc20
5cc29
5cc2f
5cc33
5cc3a
5cc40
5cc44
5cc49
5cc4f
5cc54
5cc5a
5cc5e
5cc62
5cc66
5cc69
5cc6e
5cc70
5cc73
5cc76
5cc7c
5cc85
5cc8b
5cc91
5cc94
5cc9d
5cca4
5ccaa
5ccaf
5ccb5
5ccba
5ccc0
5ccc4
5ccc7
5ccd0
5ccd7
5ccde
5cce3
5cce8
5cceb
5ccf1
5ccf6
5ccfd
5cd03
5cd08
5cd0c
5cd13
5cd18
5cd20
5cd25
5cd2b
5cd30
5cd34
5cd3d
5cd43
5cd4a
5cd50
5cd54
5cd58
5cd5d
5cd63
5cd68
5cd6e
5cd72
5cd76
5cd7a
5cd7d
5cd82
5cd84
5cd87
5cd90
5cd97
5cd9d
5cda2
5cda8
5cdad
5cdb3
5cdb7
5cdba
5cdc3
5cdca
5cdd1
5cdd6
5cddb
5cdde
5cde4
5cde9
5cdf0
5cdf6
5cdfb
5cdff
5ce06
5ce0b
5ce14
5ce1a
5ce22
5ce27
5ce2d
5ce32
5ce36
5ce3d
5ce43
5ce47
5ce4b
5ce50
5ce56
5ce5b
5ce61
5ce65
5ce69
5ce6d
5ce70
5ce75
5ce78
5ce7a
5ce7d
5ce83
5ce8c
5ce92
5ce98
5ce9b
5ce9e
5cea4
5cead
5ceb3
5ceb9
5cebc
5cec5
5cecc
5ced3
5ced8
5cedd
5cee0
5cee9
5cef0
5cef6
5cefb
5cf01
5cf06
5cf0c
5cf10
5cf13
5cf19
5cf1e
5cf25
5cf2b
5cf30
5cf34
5cf3b
5cf40
5cf48
5cf4d
5cf53
5cf58
5cf5c
5cf65
5cf6b
5cf6f
5cf76
5cf7c
5cf80
5cf85
5cf8b
5cf90
5cf96
5cf9a
5cf9e
5cfa2
5cfa5
5cfaa
5cfac
5cfaf
5cfb2
5cfb8
5cfc1
5cfc7
5cfcd
5cfd0
5cfd9
5cfe0
5cfe7
5cfec
5cff1
5cff4
5cffd
5d004
5d00a
5d00f
5d015
5d01a
5d020
5d024
5d027
5d02d
5d032
5d039
5d03f
5d044
5d048
5d04f
5d054
5d05c
5d061
5d067
5d06c
5d070
5d079
5d07f
5d083
5d08a
5d090
5d094
5d09a
5d09f
5d0a5
5d0a9
5d0ae
5d0b2
5d0b6
5d0b9
5d0be
5d0c0
5d0c3
5d0c6
5d0cc
5d0d5
5d0db
5d0e1
5d0e4
5d0ed
5d0f4
5d0fb
5d100
5d105
5d108
5d111
5d118
5d11e
5d123
5d129
5d12e
5d134
5d138
5d13b
5d141
5d146
5d14d
5d153
5d158
5d15c
5d163
5d168
5d170
5d175
5d17b
5d180
5d184
5d18d
5d193
5d197
5d19e
5d1a4
5d1a8
5d1ad
5d1b3
5d1b8
5d1be
5d1c2
5d1c6
5d1ca
5d1cf
5d1d2
5d1d4
5d1d7
5d1da
5d1e0
5d1e9
5d1ef
5d1f5
5d1f8
5d201
5d208
5d20e
5d213
5d219
5d21e
5d224
5d228
5d22b
5d234
5d23b
5d242
5d247
5d24c
5d24f
5d255
5d25a
5d261
5d267
5d26c
5d270
5d277
5d27c
5d284
5d289
5d28f
5d294
5d298
5d2a1
5d2a7
5d2ab
5d2b2
5d2b8
5d2bc
5d2c1
5d2c7
5d2cc
5d2d2
5d2d6
5d2da
5d2de
5d2e1
5d2e6
5d2e8
5d2eb
5d2ee
5d2f4
5d2fd
5d303
5d309
5d30c
5d30f
5d318
5d31f
5d325
5d32a
5d330
5d335
5d339
5d33f
5d348
5d34f
5d356
5d35b
5d360
5d363
5d369
5d36e
5d375
5d37b
5d380
5d384
5d38b
5d390
5d398
5d39d
5d3a3
5d3a8
5d3ac
5d3b5
5d3bb
5d3c2
5d3c8
5d3cc
5d3d0
5d3d5
5d3db
5d3e0
5d3e6
5d3ea
5d3ee
5d3f2
5d3f5
5d3fa
5d3fc
5d3ff
5d402
5d40b
5d412
5d417
5d41d
5d423
5d428
5d42c
5d432
5d43b
5d442
5d449
5d44e
5d453
5d456
5d45c
5d461
5d468
5d46e
5d473
5d477
5d47e
5d483
5d48c
5d492
5d49a
5d49f
5d4a5
5d4aa
5d4ae
5d4b5
5d4bb
5d4bf
5d4c3
5d4c8
5d4ce
5d4d3
5d4d9
5d4dd
5d4e1
5d4e5
5d4e8
5d4ed
5d4f0
5d4f2
5d4fb
5d501
5d507
5d50a
5d513
5d519
5d51f
5d522
5d52b
5d532
5d539
5d53e
5d543
5d546
5d54f
5d556
5d55c
5d561
5d567
5d56c
5d572
5d576
5d579
5d57f
5d584
5d58b
5d591
5d596
5d59a
5d5a1
5d5a6
5d5ae
5d5b3
5d5b9
5d5be
5d5c2
5d5cb
5d5d1
5d5d5
5d5dc
5d5e2
5d5e6
5d5eb
5d5f1
5d5f6
5d5fa
5d600
5d604
5d608
5d60b
5d60e
5d613
5d615
5d61e
5d624
5d62a
5d62d
5d636
5d63d
5d644
5d649
5d64e
5d651
5d654
5d65d
5d664
5d669
5d66f
5d675
5d67a
5d67e
5d684
5d68a
5d68f
5d696
5d69c
5d6a1
5d6a5
5d6ac
5d6b1
5d6b9
5d6be
5d6c4
5d6c9
5d6cd
5d6d6
5d6dc
5d6e0
5d6e7
5d6ed
5d6f1
5d6f7
5d6fc
5d700
5d706
5d70b
5d70f
5d713
5d716
5d719
5d71e
5d720
5d729
5d72f
5d735
5d738
5d741
5d748
5d74f
5d754
5d759
5d75c
5d765
5d76c
5d772
5d777
5d77d
5d782
5d788
5d78c
5d78f
5d795
5d79a
5d7a1
5d7a7
5d7ac
5d7b0
5d7b7
5d7bc
5d7c4
5d7c9
5d7cf
5d7d4
5d7d8
5d7e1
5d7e7
5d7eb
5d7f2
5d7f8
5d7fc
5d801
5d807
5d80c
5d810
5d816
5d81a
5d81e
5d821
5d826
5d829
5d82b
5d834
5d83a
5d840
5d843
5d84c
5d853
5d859
5d85e
5d864
5d869
5d86f
5d873
5d876
5d87f
5d886
5d88d
5d892
5d897
5d89a
5d8a0
5d8a5
5d8ac
5d8b2
5d8b7
5d8bb
5d8c2
5d8c7
5d8cf
5d8d4
5d8da
5d8df
5d8e3
5d8ec
5d8f2
5d8f6
5d8fd
5d903
5d907
5d90c
5d912
5d917
5d91b
5d921
5d925
5d929
5d92c
5d92f
5d934
5d936
5d93f
5d945
5d94b
5d94e
5d957
5d95e
5d964
5d969
5d96f
5d974
5d97a
5d97e
5d981
5d98a
5d991
5d998
5d99d
5d9a2
5d9a5
5d9ab
5d9b0
5d9b7
5d9bd
5d9c2
5d9c6
5d9cd
5d9d2
5d9da
5d9df
5d9e5
5d9ea
5d9ee
5d9f7
5d9fd
5da04
5da0a
5da0e
5da12
5da17
5da1d
5da22
5da26
5da2c
5da30
5da34
5da37
5da3a
5da3f
5da41
5da4a
5da51
5da57
5da5c
5da62
5da67
5da6d
5da71
5da74
5da7d
5da84
5da8b
5da90
5da95
5da98
5da9e
5daa3
5daaa
5dab0
5dab5
5dab9
5dac0
5dac5
5dace
5dad4
5dadc
5dae1
5dae7
5daec
5daf0
5daf7
5dafd
5db01
5db05
5db0a
5db10
5db15
5db19
5db1f
5db23
5db27
5db2a
5db2d
5db32
5db34
5db3d
5db43
5db49
5db4c
5db55
5db5b
5db61
5db64
5db6d
5db74
5db7b
5db80
5db85
5db88
5db8f
5db94
5db9c
5dba1
5dba7
5dbac
5dbb0
5dbb9
5dbbf
5dbc3
5dbca
5dbd0
5dbd4
5dbd9
5dbdf
5dbe4
5dbea
5dbee
5dbf2
5dbf6
5dbfb
5dbfe
5dc01
5dc03
5dc0c
5dc12
5dc18
5dc1b
5dc24
5dc2b
5dc32
5dc37
5dc3c
5dc3f
5dc46
5dc4b
5dc53
5dc58
5dc5e
5dc63
5dc67
5dc70
5dc76
5dc7a
5dc81
5dc87
5dc8b
5dc91
5dc96
5dc9c
5dca0
5dca5
5dca9
5dcad
5dcb2
5dcb5
5dcb8
5dcba
5dcc3
5dcc9
5dccf
5dcd2
5dcdb
5dce2
5dce9
5dcee
5dcf3
5dcf6
5dcfd
5dd02
5dd0a
5dd0f
5dd15
5dd1a
5dd1e
5dd27
5dd2d
5dd31
5dd38
5dd3e
5dd42
5dd47
5dd4d
5dd52
5dd58
5dd5c
5dd60
5dd64
5dd69
5dd6c
5dd6f
5dd71
5dd7a
5dd80
5dd86
5dd89
5dd92
5dd99
5dda0
5dda5
5ddaa
5ddad
5ddb4
5ddb9
5ddc1
5ddc6
5ddcc
5ddd1
5ddd5
5ddde
5dde4
5dde8
5ddef
5ddf5
5ddf9
5ddfe
5de04
5de09
5de0f
5de13
5de17
5de1b
5de20
5de23
5de26
5de28
5de31
5de37
5de3d
5de40
5de49
5de50
5de57
5de5c
5de61
5de64
5de6b
5de70
5de78
5de7d
5de83
5de88
5de8c
5de95
5de9b
5dea2
5dea8
5deac
5deb0
5deb5
5debb
5dec0
5dec6
5deca
5dece
5ded2
5ded7
5deda
5dedd
5dedf
5dee8
5deef
5def6
5defb
5df00
5df03
5df0a
5df0f
5df18
5df1e
5df26
5df2b
5df31
5df36
5df3a
5df41
5df47
5df4b
5df4f
5df54
5df5a
5df5f
5df65
5df69
5df6d
5df71
5df76
5df79
5df7c
5df7e
5df87
5df8d
5df93
5df96
5df9f
5dfa5
5dfab
5dfae
5dfb5
5dfba
5dfc2
5dfc7
5dfcd
5dfd2
5dfd6
5dfdf
5dfe5
5dfe9
5dff0
5dff6
5dffa
5dfff
5e005
5e00a
5e010
5e014
5e018
5e01c
5e021
5e024
5e027
5e029
5e032
5e038
5e03e
5e041
5e048
5e04d
5e055
5e05a
5e060
5e065
5e069
5e072
5e078
5e07c
5e083
5e089
5e08d
5e093
5e098
5e09e
5e0a2
5e0a7
5e0ab
5e0af
5e0b4
5e0b7
5e0ba
5e0bc
5e0c5
5e0cb
5e0d1
5e0d4
5e0db
5e0e0
5e0e8
5e0ed
5e0f3
5e0f8
5e0fc
5e105
5e10b
5e10f
5e116
5e11c
5e120
5e125
5e12b
5e130
5e136
5e13a
5e13e
5e142
5e147
5e14a
5e14d
5e14f
5e158
5e15e
5e164
5e167
5e16e
5e173
5e17b
5e180
5e186
5e18b
5e18f
5e198
5e19e
5e1a2
5e1a9
5e1af
5e1b3
5e1b8
5e1be
5e1c3
5e1c9
5e1cd
5e1d1
5e1d5
5e1da
5e1dd
5e1e0
5e1e2
5e1eb
5e1f1
5e1f7
5e1fa
5e201
5e206
5e20e
5e213
5e219
5e21e
5e222
5e22b
5e231
5e238
5e23e
5e242
5e246
5e24b
5e251
5e256
5e25c
5e260
5e264
5e268
5e26d
5e270
5e273
5e275
5e27c
5e281
5e28a
5e290
5e298
5e29d
5e2a3
5e2a8
5e2ac
5e2b3
5e2b9
5e2bd
5e2c1
5e2c6
5e2cc
5e2d1
5e2d7
5e2db
5e2df
5e2e3
5e2e8
5e2eb
5e2ee
5e2f0
5e2f1
5e2f4
5e2f7
5e2fa
5e300
5e306
5e30a
5e30e
5e314
5e31a
5e320
5e323
5e325
5e329
5e32b
5e32e
5e333
5e33b
5e340
5e346
5e34a
5e34c
5e351
5e359
5e35e
5e360
5e363
5e367
5e36e
5e375
5e379
5e37d
5e37e
5e381
5e384
5e38a
5e390
5e394
5e398
5e39e
5e3a4
5e3aa
5e3ad
5e3af
5e3b3
5e3b6
5e3b8
5e3c0
5e3c5
5e3ca
5e3d0
5e3d4
5e3d6
5e3de
5e3e3
5e3e8
5e3ea
5e3ed
5e3f4
5e3fb
5e3ff
5e403
5e407
5e408
5e40b
5e40e
5e414
5e41a
5e41e
5e422
5e428
5e42e
5e434
5e437
5e43b
5e43d
5e43f
5e442
5e44a
5e44f
5e454
5e45a
5e45e
5e460
5e468
5e46d
5e472
5e474
5e477
5e47e
5e485
5e489
5e48d
5e491
5e492
5e495
5e49b
5e4a1
5e4a4
5e4a7
5e4ad
5e4b3
5e4b7
5e4bb
5e4c1
5e4c3
5e4c7
5e4c9
5e4cc
5e4d4
5e4d9
5e4de
5e4e4
5e4e8
5e4ea
5e4f2
5e4f7
5e4fc
5e4fe
5e501
5e508
5e50f
5e513
5e517
5e51b
5e51c
5e51f
5e525
5e52b
5e52e
5e531
5e537
5e53d
5e541
5e545
5e54b
5e54d
5e551
5e553
5e556
5e55e
5e563
5e568
5e56e
5e572
5e574
5e57c
5e581
5e586
5e588
5e58b
5e592
5e599
5e59d
5e5a1
5e5a5
5e5a6
5e5ac
5e5b2
5e5b8
5e5bb
5e5be
5e5c4
5e5ca
5e5ce
5e5d2
5e5d4
5e5d8
5e5da
5e5dd
5e5e2
5e5ea
5e5ef
5e5f5
5e5f9
5e5fb
5e600
5e608
5e60d
5e60f
5e612
5e616
5e61d
5e624
5e628
5e62c
5e62d
5e630
5e633
5e636
5e63c
5e640
5e644
5e646
5e648
5e64b
5e653
5e658
5e65d
5e65f
5e667
5e66c
5e671
5e673
5e67a
5e67e
5e685
5e689
5e68d
5e68e
5e691
5e694
5e69a
5e69e
5e6a2
5e6a4
5e6a7
5e6a9
5e6b1
5e6b6
5e6bb
5e6bd
5e6c5
5e6ca
5e6cf
5e6d1
5e6d8
5e6dc
5e6e3
5e6e7
5e6eb
5e6ec
5e6ef
5e6f2
5e6f8
5e6fc
5e700
5e702
5e704
5e707
5e70f
5e714
5e719
5e71b
5e723
5e728
5e72d
5e72f
5e736
5e73a
5e741
5e745
5e749
5e74a
5e74d
5e750
5e756
5e75a
5e75e
5e760
5e762
5e765
5e76d
5e772
5e777
5e779
5e781
5e786
5e78b
5e78d
5e794
5e798
5e79f
5e7a3
5e7a7
5e7a8
5e7ab
5e7ae
5e7b4
5e7b8
5e7bc
5e7be
5e7c0
5e7c3
5e7cb
5e7d0
5e7d5
5e7d7
5e7df
5e7e4
5e7e9
5e7eb
5e7f2
5e7f6
5e7fd
5e801
5e805
5e806
5e809
5e80f
5e813
5e817
5e819
5e81b
5e81e
5e826
5e82b
5e830
5e832
5e83a
5e83f
5e844
5e846
5e84d
5e851
5e858
5e85c
5e860
5e861
5e864
5e867
5e86a
5e870
5e874
5e876
5e878
5e87b
5e880
5e888
5e88d
5e88f
5e897
5e89c
5e8a1
5e8a8
5e8ac
5e8b0
5e8b7
5e8bb
5e8bc
5e8bf
5e8c2
5e8c8
5e8cc
5e8ce
5e8d1
5e8d3
5e8db
5e8e0
5e8e5
5e8e7
5e8ef
5e8f4
5e8f9
5e900
5e904
5e90b
5e90f
5e913
5e914
5e917
5e91a
5e920
5e924
5e926
5e928
5e92b
5e933
5e938
5e93d
5e93f
5e947
5e94c
5e951
5e958
5e95c
5e963
5e967
5e96b
5e96c
5e96f
5e972
5e978
5e97c
5e97e
5e980
5e983
5e98b
5e990
5e995
5e997
5e99f
5e9a4
5e9a9
5e9b0
5e9b4
5e9bb
5e9bf
5e9c3
5e9c4
5e9c7
5e9ca
5e9d0
5e9d4
5e9d6
5e9d8
5e9db
5e9e3
5e9e8
5e9ed
5e9ef
5e9f7
5e9fc
5ea01
5ea08
5ea0c
5ea13
5ea17
5ea1b
5ea1c
5ea1f
5ea25
5ea29
5ea2b
5ea2d
5ea30
5ea38
5ea3d
5ea42
5ea44
5ea4c
5ea51
5ea56
5ea5d
5ea61
5ea68
5ea6c
5ea70
5ea71
5ea74
5ea7a
5ea7e
5ea80
5ea82
5ea85
5ea8a
5ea92
5ea97
5ea9e
5eaa2
5eaa6
5eaad
5eab1
5eab2
5eab5
5eabb
5eabf
5eac1
5eac4
5eac6
5eacb
5ead3
5ead8
5eadf
5eae3
5eae7
5eaee
5eaf2
5eaf3
5eaf6
5eafc
5eb00
5eb02
5eb04
5eb07
5eb0c
5eb14
5eb19
5eb20
5eb24
5eb28
5eb2f
5eb33
5eb34
5eb37
5eb3d
5eb41
5eb43
5eb45
5eb48
5eb50
5eb55
5eb5a
5eb5e
5eb65
5eb6c
5eb70
5eb74
5eb75
5eb78
5eb7e
5eb82
5eb84
5eb86
5eb89
5eb8e
5eb96
5eb9b
5eb9f
5eba6
5ebaa
5ebb1
5ebb5
5ebb6
5ebb9
5ebbf
5ebc3
5ebc5
5ebc7
5ebca
5ebd2
5ebd7
5ebdc
5ebe3
5ebe7
5ebee
5ebf2
5ebf6
5ebf7
5ebfa
5ec00
5ec04
5ec06
5ec08
5ec0b
5ec13
5ec18
5ec1d
5ec24
5ec28
5ec2f
5ec33
5ec37
5ec38
5ec3b
5ec41
5ec45
5ec47
5ec4a
5ec4c
5ec54
5ec59
5ec5e
5ec65
5ec69
5ec70
5ec74
5ec78
5ec79
5ec7c
5ec82
5ec86
5ec88
5ec8a
5ec8d
5ec92
5ec9a
5ec9f
5eca6
5ecaa
5ecae
5ecb5
5ecb9
5ecba
5ecbd
5ecc3
5ecc7
5ecc9
5eccb
5ecce
5ecd6
5ecdb
5ece0
5ece7
5eceb
5ecf2
5ecf6
5ecfa
5ecfb
5ecfe
5ed04
5ed08
5ed0a
5ed0c
5ed0f
5ed17
5ed1c
5ed21
5ed28
5ed2c
5ed33
5ed37
5ed3b
5ed3c
5ed3f
5ed45
5ed49
5ed4b
5ed4d
5ed50
5ed58
5ed5d
5ed62
5ed69
5ed6d
5ed74
5ed78
5ed7c
5ed7d
5ed80
5ed86
5ed8a
5ed8c
5ed8e
5ed91
5ed96
5ed9e
5eda3
5edaa
5edae
5edb2
5edb9
5edbd
5edbe
5edc1
5edc7
5edcb
5edcd
5edd0
5edd2
5edd7
5eddf
5ede4
5edeb
5edef
5edf3
5edfa
5edfe
5edff
5ee02
5ee08
5ee0c
5ee0e
5ee10
5ee13
5ee18
5ee20
5ee25
5ee2c
5ee30
5ee34
5ee3b
5ee3f
5ee40
5ee43
5ee49
5ee4d
5ee4f
5ee51
5ee54
5ee5c
5ee61
5ee66
5ee6d
5ee71
5ee78
5ee7c
5ee80
5ee81
5ee84
5ee8a
5ee8e
5ee90
5ee92
5ee95
5ee9a
5eea2
5eea7
5eeab
5eeb2
5eeb6
5eebd
5eec1
5eec2
5eec5
5eecb
5eecf
5eed1
5eed3
5eed6
5eede
5eee3
5eee8
5eeef
5eef3
5eefa
5eefe
5ef02
5ef03
5ef06
5ef0c
5ef10
5ef12
5ef14
5ef17
5ef1c
5ef24
5ef29
5ef2d
5ef34
5ef38
5ef3f
5ef43
5ef44
5ef47
5ef4d
5ef51
5ef53
5ef56
5ef58
5ef60
5ef65
5ef6a
5ef71
5ef75
5ef7c
5ef80
5ef84
5ef85
5ef88
5ef8e
5ef92
5ef94
5ef96
5ef99
5efa1
5efa6
5efab
5efaf
5efb6
5efbd
5efc1
5efc5
5efc6
5efc9
5efcf
5efd3
5efd5
5efd7
5efda
5efe2
5efe7
5efec
5eff3
5eff7
5effe
5f002
5f006
5f007
5f00a
5f010
5f014
5f016
5f018
5f01b
5f023
5f028
5f02d
5f031
5f038
5f03f
5f043
5f047
5f048
5f04b
5f051
5f055
5f057
5f059
5f05c
5f064
5f069
5f06e
5f072
5f079
5f080
5f084
5f088
5f089
5f08c
5f090
5f092
5f094
5f097
5f09f
5f0a4
5f0a9
5f0b0
5f0b4
5f0b8
5f0bf
5f0c3
5f0c4
5f0c7
5f0cb
5f0cd
5f0d0
5f0d2
5f0da
5f0df
5f0e4
5f0eb
5f0ef
5f0f6
5f0fa
5f0fe
5f0ff
5f102
5f106
5f108
5f10a
5f10d
5f115
5f11a
5f11f
5f126
5f12a
5f131
5f135
5f139
5f13a
5f13d
5f141
5f143
5f145
5f148
5f150
5f155
5f15a
5f161
5f165
5f16c
5f170
5f174
5f175
5f178
5f17c
5f17e
5f180
5f183
5f18b
5f190
5f195
5f19c
5f1a0
5f1a7
5f1ab
5f1af
5f1b0
5f1b3
5f1b7
5f1b9
5f1bb
5f1be
5f1c6
5f1cb
5f1d0
5f1d7
5f1db
5f1e2
5f1e6
5f1ea
5f1eb
5f1ee
5f1f0
5f1f2
5f1f5
5f1fd
5f202
5f207
5f20e
5f212
5f216
5f21d
5f221
5f222
5f225
5f227
5f22a
5f22c
5f234
5f239
5f23e
5f245
5f249
5f250
5f254
5f258
5f259
5f25c
5f25e
5f260
5f263
5f26b
5f270
5f275
5f27c
5f280
5f284
5f28b
5f28f
5f290
5f293
5f295
5f297
5f29a
5f2a2
5f2a7
5f2ac
5f2b3
5f2b7
5f2be
5f2c2
5f2c6
5f2c7
5f2ca
5f2cc
5f2ce
5f2d1
5f2d9
5f2de
5f2e3
5f2ea
5f2ee
5f2f2
5f2f9
5f2fd
5f2fe
5f301
5f303
5f305
5f308
5f310
5f315
5f31a
5f321
5f325
5f329
5f330
5f334
5f335
5f338
5f33a
5f341
5f345
5f34c
5f350
5f354
5f355
5f358
5f35a
5f35e
5f365
5f36c
5f370
5f374
5f375
5f378
5f37a
5f37e
5f385
5f38c
5f390
5f394
5f395
5f398
5f39a
5f3a1
5f3a5
5f3ac
5f3b0
5f3b4
5f3b5
5f3b8
5f3ba
5f3c1
5f3c5
5f3c9
5f3d0
5f3d4
5f3d5
5f3d8
5f3da
5f3e1
5f3e5
5f3ec
5f3f0
5f3f4
5f3f5
5f3fc
5f403
5f407
5f40b
5f40f
5f410
5f417
5f41e
5f422
5f426
5f42a
5f42b
5f432
5f439
5f43d
5f441
5f445
5f446
5f44d
5f454
5f458
5f45c
5f460
5f461
5f468
5f46f
5f473
5f477
5f47b
5f47c
5f483
5f48a
5f48e
5f492
5f496
5f497
5f49e
5f4a5
5f4a9
5f4ad
5f4b1
5f4b2
5f4b9
5f4c0
5f4c4
5f4c8
5f4cc
5f4cd
5f4d4
5f4db
5f4df
5f4e3
5f4e7
5f4e8
5f4ef
5f4f6
5f4fa
5f4fe
5f502
5f503
5f50a
5f511
5f515
5f519
5f51d
5f51e
5f525
5f52c
5f530
5f534
5f538
5f53b
5f53e
5f544
5f54a
5f54d
5f553
5f559
5f55f
5f562
5f568
5f56b
5f56e
5f571
5f577
5f57d
5f580
5f586
5f58c
5f592
5f595
5f59b
5f59e
5f5a1
5f5a4
5f5aa
5f5b0
5f5b3
5f5b9
5f5bf
5f5c5
5f5c8
5f5ce
5f5d1
5f5d4
5f5d7
5f5dd
5f5e3
5f5e6
5f5ec
5f5f2
5f5f5
5f5fb
5f601
5f604
5f607
5f60a
5f60d
5f613
5f619
5f61f
5f625
5f628
5f62e
5f634
5f637
5f63a
5f640
5f643
5f649
5f64f
5f655
5f65b
5f65e
5f664
5f667
5f66a
5f66d
5f670
5f676
5f679
5f67c
5f67f
5f685
5f688
5f68b
5f68e
5f694
5f697
5f69a
5f69d
5f6a3
5f6a6
5f6a9
5f6ac
5f6b2
5f6b5
5f6b8
5f6be
5f6c1
5f6c4
5f6c7
5f6ca
5f6d0
5f6d3
5f6d6
5f6d9
5f6df
5f6e2
5f6e5
5f6e8
5f6ee
5f6f1
5f6f4
5f6f7
5f6fd
5f700
5f703
5f706
5f70c
5f70f
5f712
5f715
5f71b
5f71e
5f721
5f724
5f727
5f72d
5f730
5f733
5f739
5f73c
5f742
5f745
5f748
5f74b
5f751
5f754
5f75a
5f75d
5f760
5f766
5f769
5f76c
5f772
5f775
5f778
5f77b
5f781
5f784
5f78a
5f78d
5f790
5f796
5f799
5f79c
5f7a2
5f7a5
5f7ab
5f7ae
5f7b1
5f7b4
5f7b7
5f7bd
5f7c0
5f7c3
5f7c9
5f7cc
5f7d2
5f7d5
5f7d8
5f7db
5f7e1
5f7e4
5f7ea
5f7ed
5f7f0
5f7f6
5f7f9
5f7fc
5f802
5f805
5f808
5f80e
5f811
5f814
5f81a
5f81d
5f820
5f826
5f829
5f82c
5f832
5f835
5f838
5f83e
5f841
5f844
5f847
5f84a
5f84d
5f850
5f853
5f856
5f859
5f85c
5f85f
5f862
5f865
5f868
5f86b
5f86e
5f871
5f874
5f877
5f87a
5f87d
5f880
5f883
5f886
5f889
5f88c
5f88f
5f892
5f895
5f898
