00000
00034
00462
00004
00005
00134
00007
00008
00009
001cb
001cc
016fa
0000d
04e50
024cc
016fd
00b28
086e6
00013
07ed0
01d06
00c91
00016
00017
08998
086ea
08999
0001b
04e51
086eb
04e53
086ec
00021
00f36
00f37
08c52
04e56
02238
02239
01d09
086ef
01d0a
08c56
0459a
0002a
04836
01d0d
0002c
04838
04e59
044c0
0002f
0899a
086f4
0899b
00035
00067
00df2
00df3
04f32
04ac7
04ac8
04ac9
04f34
0003f
04f35
017d8
00334
00042
00043
00cc0
00cc1
018b4
00047
07fb7
0490e
018b7
0459e
00d5c
00d5d
00d5e
0004f
00f3d
00051
00052
00f40
01de3
04f3a
04f3b
01015
00058
00059
0005a
04910
0005b
04911
0161f
07fb8
018bb
0005e
04914
018bd
045a2
087d9
04f40
0483b
045a5
045a6
045a7
003c9
0006a
0006b
0019a
0006d
0006e
0006f
00231
00232
01386
00073
0501c
02686
01389
00b8e
0834e
00079
0809c
01992
00cf7
0007c
0007d
08b64
08352
08b65
00081
0501d
08353
0501f
08354
00087
010f0
010f1
088ba
05022
01ec4
01ec5
01995
08357
01996
088be
04226
00090
049f4
01999
00092
049f6
05025
04680
00095
08b66
0835c
08b67
0009b
000cd
00264
00265
0899c
000a1
0899d
05100
0899e
000a5
05101
01464
00268
000a8
000a9
00bf4
00bf5
01a6e
000ad
08183
04acc
01a71
0422a
00dc4
00dc5
00dc6
000b5
010f7
000b7
000b8
010fa
01f9d
05106
05107
011cf
000be
000bf
000c0
04ace
000c1
04acf
017dd
08184
01a75
000c4
04ad2
01a77
0422e
089a9
0510c
049f9
04231
04232
04233
0042f
000d0
0016c
00200
00d60
0483f
04c81
04c82
04842
01546
01547
0029b
08a85
02313
00bc2
0851a
000df
07d04
01b4c
00c2b
000e2
000e3
087db
0851e
087dc
000e7
04c85
0851f
04c87
08520
000ed
012aa
012ab
08a8a
04c8a
0207e
0207f
01b4f
08523
01b50
08a8e
043e0
000f6
04bae
01b53
000f8
04bb0
04c8d
0430c
000fb
087dd
08528
087de
00103
0019f
00233
00234
0491c
00236
00237
00238
01623
0010c
04d6a
023ef
01626
00af6
08600
00112
07dea
01c29
00c5e
00115
00116
088c1
08604
088c2
0011a
08605
02158
00e60
00e61
00e62
00e63
00121
012b1
00123
00124
012b4
01c2c
08609
01c2d
08b74
044c7
00129
04763
01c30
0012b
04765
04d73
043e9
0012e
088c3
0860e
088c4
0013a
0016e
00594
0013e
053b0
0510e
053b1
00142
00143
00432
053b3
029f9
01c34
00435
00c2d
00f41
0014a
08444
0223c
00f44
049fd
00e65
00e66
08c60
05112
04a01
04a02
0223e
08c62
0223f
00155
04adc
00f48
08446
02242
00f4a
00159
05115
053b9
053ba
053bb
0015f
0146e
0146f
00162
053bd
0276a
0276b
004c8
00171
0029e
0029f
00174
00175
00176
00465
05499
02ad6
01d11
00468
00c61
0101e
0017d
0852a
01deb
01021
04ae0
00181
0549c
04f41
04ae3
04ae4
04ae5
01ded
087e4
01dee
00188
04bb9
01025
0852c
01df1
01027
0018c
04c97
0549f
054a0
054a1
00192
0154b
0154c
00195
054a3
02319
0231a
004fb
001a4
002d1
002d2
001a7
001a8
001a9
00498
0557f
02bb3
018c0
0049b
00c94
010ff
001b0
08610
01ec8
01102
04bbd
001b4
05582
05027
04bc0
04bc1
04bc2
01eca
088ca
01ecb
001bb
04768
01106
08612
01ece
01108
001bf
04d7d
05585
05586
05587
001c5
05588
023f3
01629
0162a
0162b
0162c
0052e
001d7
001d8
00305
001da
001db
001dc
00399
05665
02c90
0199d
0039c
00cc7
011dc
001e3
086f6
01fa5
011df
0476c
001e7
05668
0511b
0476f
04770
04771
01fa7
01d14
05669
01fa9
089b0
01faa
011e4
086f8
01d18
001f2
04e65
0566b
0566c
0566d
001f8
01705
01706
001fb
0566f
024d3
024d4
00561
0020a
0020b
00338
0020d
0020e
0020f
003cc
051e7
0283f
01a80
003cf
00bfa
012b9
012ba
00d63
08a91
02083
04849
04c9d
04c9e
0484c
011ea
08a94
08a95
02084
018c3
051eb
02086
08a96
02087
012c1
0827a
018c7
00225
04f4b
051ed
051ee
051ef
0022b
017e2
017e3
0022e
051f1
025b0
025b1
003fd
003fe
05029
0102f
01030
01031
0291b
00400
00245
052ce
0291e
00248
0835d
00e6f
00d96
0024b
0024c
04a03
0024d
04a04
00e74
0835f
019a2
00250
04a07
019a4
012c3
00253
00254
052d1
04929
012c7
012c8
02689
05031
05032
0268c
0025c
0025d
0025e
05034
052d6
052d7
052d8
00270
002a4
006c6
00274
05914
05672
05915
00278
00279
00564
05917
02f27
02169
00567
00d65
0139c
01110
05919
0511f
053c0
05676
013a1
01fad
0591b
01fae
00287
0276e
0147c
0591c
01fb1
011f1
0028b
05123
05679
0567a
0591e
00291
019a6
019a7
05920
0567d
0567e
02c99
005fa
002a7
059fa
051f4
059fb
002ab
002ac
00597
059fd
03004
02246
0059a
00d99
0147f
04c9f
04ca0
011f5
002b6
05a00
054a6
0208a
01557
002ba
0231d
002bb
0231e
012cd
051fa
0155b
002be
04ca5
051fb
051fc
05a04
002c4
01a83
01a84
05a06
051ff
05200
02848
0062d
002da
05ae0
052da
05ae1
002de
002df
005ca
05ae3
030e1
01df5
005cd
00dcc
01637
052dd
01638
08b83
0216d
00e7b
052de
0163b
002ea
023fd
002ec
002ed
052df
0155f
012d3
002f0
002f1
04d8b
052e1
052e2
05aea
002f7
01b60
01b61
05aec
052e5
052e6
02925
00660
0030d
0030e
00438
00310
00311
00312
004cb
05bc9
031be
01ed2
004ce
00dff
0163d
00319
0567f
04e6d
053c6
01641
01642
02248
05bcd
02249
00320
024d7
01717
05bce
0224c
00f5a
00324
04e71
053c9
053ca
05bd0
0032a
01c3d
01c3e
05bd2
053cd
053ce
02a02
00693
00340
00341
0046b
00343
00344
00345
004fe
004ff
00348
054aa
01fb6
00d32
0171a
00f5c
0574d
04f53
05202
054ac
0171f
01df7
0574f
01df8
00353
025b4
017f4
05750
01dfb
01037
00357
04f57
054af
054b0
05752
0035d
01d1a
01d1b
05754
054b3
054b4
02adf
0052f
0582e
0558d
01563
01564
01565
02e49
02e4a
02092
0037c
05832
0037e
052e7
05038
0103a
0103b
0103c
00383
01115
0503a
01116
0503b
013a8
00387
02692
01119
088d2
01ed9
02bb7
0503d
0503e
018d1
018d2
0038f
00390
0503f
05598
05599
0583b
003a3
003d7
007f8
003a7
05e78
05bd6
05e79
003ab
00569
00696
00697
003af
05bd8
02698
01643
003b2
05bd9
018d6
018d7
018d8
01648
019b1
05684
024dc
01722
05685
01723
05686
024df
003bc
02c9f
01dfe
05688
01e00
05bdf
05e83
003c4
003c5
05be0
031c5
031c6
01edf
00409
02d70
05757
01c49
01c4a
01c4b
003df
003e0
05759
02773
006cb
003e3
003e4
0575b
019b8
01728
01729
003e8
003e9
017fd
04f5b
01a8f
003ec
0284b
003ed
0284c
01a92
05f66
025bd
003f1
01ee2
003f3
01ee4
01ee5
02d71
003f7
003f8
05f6b
05764
05f6c
0040b
0043d
01d25
0583d
0583e
01d28
006fa
006fb
0360e
006fd
00415
06048
03611
02699
00418
02927
01b71
05841
01b72
0041b
0292a
013b1
0041d
05843
01a95
01805
01806
00421
00422
01fbd
00425
0604d
00427
00428
02094
02e4f
02e50
0042c
0042d
06051
06052
0043f
004d3
005fc
018da
0056b
0056c
0056d
023fe
023ff
005ff
0612d
036ee
01b75
0044b
05be3
053d1
0592a
01b79
01b7a
02776
00451
02a04
01c4e
0592b
01c4f
00454
02a07
0148e
00456
053d5
0592d
0592e
06134
0045c
02172
02173
06136
05931
05932
02f30
007c5
00473
00474
0059d
00476
00477
00478
00630
05caf
0329b
024e3
00633
0148f
0047e
05a0f
01c54
01c55
01c56
01494
01d29
054b8
02326
01568
054b9
01569
054ba
02329
00488
02ae5
02178
054bc
0217a
05a15
05cb7
00490
00491
05a16
0300b
0300c
02253
00539
00662
01a9a
005d1
005d2
005d3
025be
025bf
00665
05d95
0337a
01d2f
0156d
05d97
0559d
0584c
05af6
01d34
02402
004b7
02bbe
018e0
05af7
018e1
004ba
02bc1
0164e
004bc
05af9
030e6
030e7
01e06
01e07
01e08
004c3
02256
004c5
02258
02259
0095d
004d7
005d5
020a0
06139
0613a
020a3
007c6
007c7
03982
007c9
004e1
063e0
03985
05be5
01e0a
004e5
004e6
004e7
063e2
004e9
031c8
01c59
053da
02a0b
063e3
02a0c
01c5c
06140
01eeb
0232b
004f1
063e5
004f3
004f4
02408
036f1
036f2
004f8
004f9
063e9
063ea
0050b
00634
0050d
0050e
0050f
006cd
007fa
02ca0
02ca1
007fd
064c5
03a62
01eec
00517
05f6d
05769
05cc0
01ef0
01ef1
02ae6
01fc4
0051e
02d79
01d38
0576b
02aea
064c9
02aeb
00522
0576d
05cc3
05cc4
064cc
00528
024e6
024e7
064ce
05cc7
05cc8
032a4
00891
0053f
00668
00669
00542
00543
00544
0082e
065ab
03b3d
02851
00831
018e4
0054a
02e55
020a6
0584d
02bca
018e8
0584f
018e9
05da6
01fc9
05850
05851
01d3e
00553
065b0
06054
024ec
05854
024ee
05dab
065b3
0055c
0055d
05dac
0337f
03380
025c7
005a1
03458
0668e
00574
0069d
0069e
00577
00578
05e8b
0292d
00731
0057b
0057c
05e8d
020ab
018ec
018ed
00580
00581
019c1
0568b
02182
00584
02f33
00585
02f34
02185
06696
02ca9
00589
025ca
0058b
025cc
025cd
03459
0593b
0593c
026a2
026a3
00593
005a3
005d7
00760
00761
005a8
005a9
06211
06212
037c8
00763
005ad
06214
037cb
05a19
02188
005b1
005b2
005b3
06216
005b5
0300e
01a9f
0520e
02855
06217
02856
01aa2
05f76
02263
026a5
005bd
06219
005bf
005c0
0277c
0621c
05a22
05f7b
03539
0353a
0353b
062f6
005da
062f7
06056
062f8
005de
06057
02aed
00797
005e1
005e2
05daf
05b00
01aa6
01aa7
01aa8
005e7
01b81
052f3
01e14
005ea
030ed
005eb
030ee
01e17
062fe
02935
03613
05b05
05b06
02334
02335
005f3
005f4
05b07
06060
06061
06303
00607
0063b
00a5c
0060b
06940
0669e
06941
0060f
007cd
008fa
008fb
00613
066a0
030f4
020b0
02338
02339
020b3
06945
063ec
066a2
02414
0218e
0593d
02f39
0061e
036f9
02418
066a3
02419
06948
0285a
06150
0285c
066a7
0694b
00628
00629
066a8
03c21
03c22
0293b
0066d
037cc
0621f
026ac
026ad
026ae
00643
00644
00645
06221
03f8f
00930
00648
06223
0241b
02195
02196
0064c
0064d
0226a
05a23
024f2
00650
032a7
00651
032a8
024f5
06a2e
03019
00655
0293e
00657
02940
02941
037cd
05cd3
05cd4
02a16
02a17
0065f
0066f
006a1
02788
0079a
0079b
0079c
0095e
0095f
0406a
00961
00679
06b10
0406d
030f5
0067c
03383
025d4
06309
025d5
0067f
03386
01e1e
00681
02271
02272
06b13
05db6
024fb
02275
02a19
00689
06b15
0068b
0068c
02af0
038ab
038ac
00690
00691
06b19
06b1a
006a3
00737
00860
0233d
007cf
007d0
007d1
02e5a
02e5b
00863
06bf5
0414a
025d8
05e97
05e98
01e22
006b2
06bf8
066ac
031d2
026b0
006b6
03461
01ef9
05e9b
031d6
06bf9
031d7
006ba
05e9d
063f5
063f6
06bfc
006c0
02bce
02bcf
06bfe
063f9
063fa
0398c
00a29
006d7
006d8
00801
02421
02422
00804
00894
06777
03cf7
02f3f
00897
01efc
026b6
026b7
01eff
06779
0622e
064d8
0278c
05f80
02d82
01fd5
05f81
01fd6
05f82
02d85
006ec
03541
02bd4
05f84
02bd6
064dd
0677f
006f4
006f5
064de
03a67
03a68
02caf
0079d
008c6
024fd
00835
00836
00837
0301a
0301b
008c9
0685d
03dd6
02792
01fda
0685f
06065
06314
065be
02797
02e5e
0071b
0361a
02343
065bf
02344
0071e
0361d
020bb
00720
02860
02861
06863
065c2
065c3
03b46
00727
02cb2
00729
02cb4
02cb5
00bc3
0073b
00839
02afc
06c01
06c02
02aff
00a2a
00a2b
043ee
00a2d
00745
06ea8
043f1
066ad
02866
00749
0074a
0074b
06eaa
0074d
03c24
026bc
05ea2
03467
06eab
03468
026bf
06c08
02947
02d87
00755
06ead
00757
00758
02e64
0414d
0414e
0075c
0075d
06eb1
06eb2
0076f
00898
00771
00772
00773
00931
00932
036fc
00777
06786
044cd
036ff
02948
0077b
06a35
06231
06788
0294c
0294d
03542
00781
037d4
02a21
06789
02a22
00784
037d7
0279d
00786
06235
0678b
0678c
06f94
0078c
02f42
02f43
06f96
0678f
06790
03d00
00af7
007a3
008cc
008cd
007a6
007a7
007a8
00a92
07073
045a9
032ad
00a95
02347
0606d
02b01
007af
038b2
007b0
038b3
02b04
07076
03628
02a25
007b4
06b1b
0631a
06870
02a29
02a2a
02f48
0631c
02f4a
06873
0707b
007c0
007c1
06874
03ddb
03ddc
03023
00805
03eb4
07156
007d8
00901
00902
007db
007dc
06953
03389
00995
007df
007e0
06955
02b07
0234f
02350
007e4
007e5
02424
06153
02bde
007e8
0398f
007e9
03990
02be1
0715e
03705
007ed
03026
007ef
03028
03029
03eb5
06403
06404
030fe
030ff
007f7
00807
0083b
009c4
009c5
0080c
0080d
06cd9
06cda
04234
009c7
00811
06cdc
04237
00814
00815
06791
064e3
0242e
0242f
00819
03a6a
032b0
02503
05cd6
02cbd
0081d
03a6e
0081e
03a6f
03101
00821
06ce1
00823
00824
031d8
03f93
03f94
00828
00829
06ce5
06ce6
0083d
0083e
06dbf
06b1e
06dc0
00842
00843
06b1f
04313
009fc
00846
06877
065c8
02509
0250a
0250b
0084b
025e4
05dbb
02870
0084e
03b49
0084f
03b4a
02873
06dc6
03391
0406f
065cd
065ce
02d90
02d91
00857
00858
065cf
06b28
06b29
06dcb
0086b
0089f
00cc8
0086f
07408
07166
07409
00873
00874
00b60
0740b
0492d
03b4f
00b63
02b0c
02d94
02d95
02b0f
0740d
06eb4
0716a
02e70
02bea
06405
03995
00882
04155
02e74
0716b
02e75
07410
032b6
06c18
032b8
0716f
07413
0088c
0088d
07170
0468d
0468e
03397
008d1
04238
06ce7
03108
03109
0310a
074f0
008a8
06ce9
03c2b
00b95
008ab
008ac
06ceb
02e77
02bf1
02bf2
008b0
008b1
02cc6
064eb
02f4e
008b4
03d03
008b5
03d04
02f51
074f6
03a75
008b9
0339a
008bb
0339c
0339d
04239
0679b
0679c
03472
03473
008c3
008d3
00905
031e4
06dcd
06dce
031e7
00bc4
00bc5
04ae6
00bc7
008dd
075d8
04ae9
03b51
0302f
008e1
03de0
02878
0687a
03b55
075d9
03b56
008e5
02ccd
02cce
075db
0687e
02f57
02cd1
03475
008ed
075dd
008ef
008f0
0354c
04317
04318
008f4
008f5
075e1
075e2
00907
0099b
0099c
02d99
00a33
00a34
00a35
038b6
0090f
06eb8
04bc5
038b9
03034
0695f
06960
0287e
00916
076c0
07174
03c2e
0310c
0091a
03ebd
02955
06963
03c32
076c1
03c33
0091e
06965
06ebd
06ebe
076c4
00924
0362a
0362b
076c6
06ec1
06ec2
043f8
00c95
0093b
0093c
00a65
0093e
0093f
00940
00afa
0723f
04773
0399b
00afd
02958
03112
03113
0295b
07241
06cf6
06fa0
031e8
02a30
06239
037df
0094e
03f9b
031ec
06fa1
031ed
07244
03630
06a4c
03632
06fa5
07247
00958
00959
06fa6
044d3
044d4
0370b
00a01
00a02
02f59
00a99
00a9a
00a9b
03a76
00975
07084
04851
03a79
031ee
02a36
07327
06b2d
06ddc
07086
031f3
038ba
0097f
04076
02d9f
07087
02da0
00982
04079
02b17
00984
032bc
032bd
0732b
0708a
0708b
045b2
0098b
0370e
0098d
03710
03711
00e33
0099f
00a9d
03558
00acc
00acd
00ace
00c96
00c97
0407b
00c99
009a9
07970
0407e
07175
032c2
009ad
009ae
009af
07972
009b1
04690
03118
0696a
03ec3
07973
03ec4
0311b
076d0
033a3
037e3
009b9
07975
009bb
009bc
038c0
04bc9
04bca
009c0
009c1
07979
0797a
009d3
00afe
009d5
009d6
009d7
00b97
00b98
0111b
009db
0724e
0415a
0111e
033a4
009df
074fd
06cf9
07250
033a8
033a9
03f9e
009e5
04240
0347d
07251
0347e
009e8
04243
031f9
009ea
06cfd
07253
07254
07a5c
009f0
0399e
0399f
07a5e
07257
07258
0477c
00d67
00a07
07b38
07332
07b39
00a0b
00a0c
00cfe
07b3b
03d08
011fa
00d01
02da3
00a12
0431d
0355e
06ddd
04082
02da7
06ddf
02da8
07336
03481
06de0
06de1
031fd
00a1b
07b40
075e4
039a4
06de4
039a6
0733b
07b43
00a24
00a25
0733c
04857
04858
03a7f
00a69
04930
07c1e
00a3c
07c1f
0741a
07c20
00a40
0741b
012d6
00c01
00a43
00a44
0741d
03563
02dab
02dac
00a48
00a49
02e80
06c1b
0363a
00a4c
043fb
00a4d
043fc
0363d
07c26
04161
00a51
03a82
00a53
03a84
03a85
04931
06ecb
06ecc
03b5a
03b5b
00a5b
00a6b
00a9f
00c30
077a0
074ff
033ab
033ac
033ad
03ec7
00c33
00a75
077a4
03eca
06fa9
03640
00a79
00a7a
00a7b
077a6
00a7d
044d6
02f5e
0679e
03d0d
077a7
03d0e
02f61
07506
0371b
03b5d
00a85
077a9
00a87
00a88
03c34
04a0f
04a10
00a8c
00a8d
077ad
077ae
00aa1
00aa2
07887
075e6
07888
00aa6
075e7
00f62
00c67
00aa9
00aaa
0733f
07090
02f65
02f66
02f67
00aaf
03040
06883
032cc
00ab2
045b5
00ab3
045b6
032cf
0788e
03ded
04aeb
07095
07096
037ec
037ed
00abb
00abc
07097
075f0
075f1
07893
00ad1
00bd0
03a86
00c04
00c05
00c06
00dce
00dcf
045b9
00dd1
00adb
07ed8
045bc
00ade
00adf
07c31
03df1
03df2
012df
03568
00ae4
07c34
037f1
037f2
037f3
0356d
038cc
076de
04400
03647
076df
03648
076e0
04403
00aee
04bd3
03d12
076e2
03d14
07c3a
07ee2
00b06
00c37
00c38
00b09
00b0a
00cd0
00e03
00e04
00b0e
077b2
01652
00e89
07fbf
0725c
077b4
03ece
03ecf
03ed0
0725d
0364c
00b18
00b19
07fc3
07a62
00b1c
0477d
03723
06fb4
044de
07fc4
044df
03726
077b9
039ae
03df4
00b24
07fc6
00b26
00b27
00b6a
03c40
07895
07896
03c43
00e34
00e35
04245
00e37
00b41
080a4
04248
07341
00f67
00f68
00b46
00b47
00b48
032d1
07099
03a8b
00b4b
0485c
00b4c
0485d
03a8e
080a9
045c2
039af
00b50
07b47
07348
0789f
039b3
039b4
03ed2
0734a
03ed4
078a2
080ae
00b6c
00b6d
00c9e
00b6f
00b70
00b71
00d37
08189
04323
0180b
00d3a
01043
04086
04087
00b79
00b7a
0818c
0818d
07429
032d8
00b7e
00b7f
0818f
07c3c
00b82
04937
033af
07180
0469c
08190
0469d
033b2
07987
03b6c
03fae
00b8a
08192
00b8c
00b8d
00bd1
00d68
00d69
07a63
038d9
038da
038db
04405
00d6b
00ba7
07d0c
04408
00baa
00bab
07a67
04165
04166
01125
033b4
00bb0
07a6a
03b6f
03b70
03b71
033b9
03c44
07512
0424a
0348d
07513
0348e
07514
0424d
00bba
04a19
0408c
07516
0408e
07a70
07d16
07dee
00bd4
07def
07b4a
07df0
00bd8
07b4b
01496
00d9f
00bdb
00bdc
011fe
011ff
07df3
07b4e
07b4f
03d1c
03c4a
03492
07df6
075f7
078a4
07b51
03c4f
04326
00be9
04af2
037fb
07b52
037fc
00bec
04af5
03573
00bee
075fb
07b54
07b55
07dfb
00c09
00d08
03fb4
00d3c
00d3d
00d3e
03b73
07c3d
03dfb
012e2
07c3e
012e3
07c3f
03dfe
00c14
04942
00c16
00c17
08199
0432f
04330
01813
03a96
00c1c
0819c
03d1f
03d20
03d21
03a9b
00c22
04251
00c24
04253
04254
013bc
07d17
04092
04093
04094
03ed7
00c43
04a1b
03c52
07d19
03c53
00c46
04a1e
00e94
00c48
013be
013bf
08531
07d1c
07d1d
0440e
03e00
077c4
077c5
03b7c
00c52
08535
07fca
04333
077c8
04335
07d22
08538
00c71
08613
07dfe
08614
00c75
04af7
00f6d
075fe
03fba
08615
03fbb
00f70
07e00
03804
0149a
08617
078a9
07e02
044e9
044ea
044eb
00c82
00c83
07e04
03ee0
03c5a
00c86
00c87
078ad
07e06
07e07
0861d
00ca3
00dd4
00ca5
00ca6
00ca7
01049
076e3
038dd
00caa
04bd6
00cab
04bd7
038e0
086fc
0409a
045c3
00caf
00cb0
086fe
07eeb
086ff
00cb4
07eec
03fbf
03807
03808
00cb8
00cb9
044ec
00cbc
08702
00cbe
00cbf
00d09
03e06
07fcb
07fcc
03e09
039b9
07a71
04173
01128
07a72
01129
07a73
04176
00ce0
04788
00ce2
00ce3
07fcf
046a3
046a4
01659
038e2
00ce8
07fd2
0409d
0409e
0409f
038e7
00cee
045cb
00cf0
045cd
045ce
03ee3
00e3b
00e3c
00e3d
03a9c
07b57
03d28
01205
07b58
01206
07b59
03d2b
00d13
04865
00d15
00d16
080b5
04258
04259
01736
039bf
00d1b
080b8
0417a
0417b
0417c
039c4
00d21
046a8
00d23
046aa
046ab
01d41
00d41
04338
01050
07996
040a3
089b9
040a4
01053
08706
01819
01d42
089bb
081a7
08708
04869
0486a
0486b
081a8
0425c
00d4f
00d50
00d51
089bf
00d53
081ab
0870c
0870d
089c1
00d73
0112c
07a7b
013c4
00d76
04417
00d77
04418
013c7
08aa0
04183
04943
07d28
07d29
018f4
018f5
00d7f
00d80
0828c
0433f
040a9
040aa
00d84
00d85
0486c
00d88
08aa6
00d8a
00d8b
00dd8
014a0
07e0b
03d2e
0120b
07e0c
0120c
07e0d
03d31
00dac
044f7
07e0e
019cf
019d0
00db0
00db1
00db2
04184
08b8a
07e11
0441d
0441e
04188
04189
00dba
0494b
00dbc
0494d
0494e
01aaa
03e0a
00ddb
045d0
0157f
08455
01580
00dde
045d3
012eb
00de0
08457
04afe
04aff
01aae
01aaf
01ab0
044f8
00de7
0870f
07ef8
0845b
044fc
044fd
04a27
07efa
04a29
0845e
08c74
00e0d
046ac
00e96
077ca
03ee9
087ed
03eea
00e99
0853c
0165f
01b88
087ef
07fdb
0853e
04bdd
04bde
04bdf
00e1a
00e1b
08291
07fde
03e14
03e15
00e1f
07fdf
08542
08543
087f5
00e40
04261
00f73
078b0
03fcc
088d3
03fcd
00f76
08622
0173c
01c65
088d5
080c1
08624
04792
04793
04794
080c2
046b3
00e4e
00e4f
00e50
088d9
00e52
080c5
08628
08629
088db
00e9b
00f79
08c75
0734d
08c76
04e79
00e9f
080c8
0a2f1
04d91
012ed
04d92
0862c
012ef
0a1fd
077cc
012f1
019d4
05043
013ca
04a2d
013cb
04a2e
013cc
04a2f
019d8
08b94
021a0
013cf
04a32
00eae
04422
00eaf
04423
013d2
04a35
013d3
04a36
03c61
00eb3
08714
04a39
00eb5
053db
04a3b
013d9
00eb8
00eb9
07519
08b96
06fb6
1145f
077d1
013de
11460
077d3
04a43
04a44
04a45
013e3
013e4
06fb7
0837b
013e6
0837c
013e7
08b9b
013e8
0d325
077d7
00ec8
014a6
04795
00eca
044ff
00ecb
04500
00ecc
04501
014aa
04799
01c70
00ecf
02430
05b0b
021a8
05cd7
021a9
00ed2
02433
00ed3
02434
01665
02963
03ef9
07fe3
03efa
00ed7
046ba
087f7
03efc
00ed9
046bc
00eda
046bd
01b9a
00edc
05cd9
04d9b
08633
01b9d
00edf
00ee0
053dd
01ba0
00ee2
07fe9
04e82
01ba3
01ba4
01677
0d328
05cda
0726c
0d329
07fea
00eeb
089c5
01bab
0a5c5
04e86
00eee
096a7
01bae
0d32c
096a9
039c5
0726d
0372f
0479c
03730
0479d
039c8
077db
039c9
08719
03f04
03e16
07fed
00ef9
0871a
047a2
0450c
00efc
00efd
06fb9
08636
06a52
10eb2
07272
04511
10eb3
07274
047aa
047ab
00f04
089c8
047ad
047ae
04518
04519
07997
10630
09d43
00f0b
089c9
0451d
0cc89
08722
00f0e
00f0f
07276
0c8be
06fbc
10eb9
07277
11188
080ca
00f13
0c8c2
0c8c3
077dd
08d30
08d31
0863e
04e89
08723
00f19
08e23
08725
00f1b
0d32e
080cc
1118a
0c8c5
00f1e
08d33
08640
00f20
0d330
08642
0727f
0d331
08644
00f24
08e26
08ba4
07999
0c9b0
0799a
0cc8d
08727
1146b
0a2f8
094c2
0d333
094c3
10ec1
0a2f9
00f2e
1146e
00f30
10ec3
09d4c
10ec4
09d4d
0c8c8
11471
00f7e
01056
087f9
07433
087fa
04f5f
00f82
081b2
09e37
02278
053df
01ab2
0512c
01ab3
05b0d
01ab4
05b0e
0227c
00f89
027a9
0380b
078b9
014b3
04b10
014b4
04b11
0380e
07e1e
0380f
087fd
03fd5
014b8
087fe
04cac
04b17
00f93
08297
04b19
014bd
014be
078bc
00f97
07600
00f98
08800
04b1e
014c2
10fa6
078c0
08802
04b22
04b23
04b24
07601
08c8d
0709e
0cf5d
07351
0cf5e
07352
10fa9
08c8f
014cd
01d48
04e8d
01584
04873
01585
04874
01586
04875
01d4c
0872f
02283
0173d
02a3b
00fad
0250e
00fae
0250f
01740
02a3e
01741
02a3f
01c76
00fb2
04267
00fb3
04268
01745
047b9
00fb5
0426a
01747
047bb
01748
047bc
04e92
0174a
00fba
07353
08c92
04e95
0174d
0174e
08aa9
04f66
01750
00fc0
0d419
04f69
05210
01754
00fc4
00fc5
078c5
00fc6
00fc7
01c8d
09796
04f6b
10fab
09798
01c90
0a6b9
08299
10fac
0a6bb
03fdc
078c6
03aa3
07356
03aa4
07357
03fdf
080d8
03fe0
00fd3
045e6
03fe2
00fd5
045e7
08804
04f6e
04880
045ea
045eb
07359
00fdb
070a0
00fdc
0829d
04885
045ef
109f9
0735d
07d31
045f2
109fa
082a0
0488b
0488c
0488d
082a2
00fe7
0cd79
045f9
0988a
07d34
109fd
0988c
045fc
0488e
0799f
00fed
079a0
00fee
081b3
00fef
0c9b9
04892
10a01
00ff2
080da
00ff3
0d41f
08c95
07435
08806
04f70
09e39
08f16
04f72
00ff9
0873c
00ffa
0cc93
07363
00ffc
08c96
07365
10fae
08e32
08740
10faf
0c9bf
07436
09e3c
08e33
082a8
0cd7e
095b3
10725
08f19
01006
10a06
09890
10fb2
09891
01009
10fb3
08e35
0100c
08f1d
10fb5
0caa6
10fb6
0caa7
0cc96
01011
01132
01f03
0105d
07a81
09f26
0837f
01136
09f28
01061
02353
08809
01e28
054ca
01e29
0880a
01e2a
01065
02357
0158e
04bf1
040ad
07f03
038e9
079a4
038ea
079a5
040b0
08743
040b1
0106c
04602
04bf8
0106e
055ac
05048
01598
11096
05bf7
04bfd
04bfe
07ff1
0159c
07ff2
0159d
088e6
079a8
0159f
01078
01079
0107a
11099
088e9
0107d
079ab
0d04e
076e8
1109a
079ac
0d508
082ae
01081
0d052
0d053
01e2d
082af
018f8
04f74
018f9
05691
018fa
05692
01e31
01088
046c3
01d4e
04f75
0181b
02b19
0181c
02b1a
01d51
054cc
01d52
05ea4
01e38
01820
04894
01821
04895
01d56
081ba
01823
04897
01d58
08745
01d59
01095
0504c
01d5b
01828
079ae
01098
081be
01d5e
01d5f
0109b
055ad
01d61
0182e
0109e
0109f
08ba6
01d65
01832
01833
082b3
01834
01835
05052
0a7a8
08382
010a7
0a7aa
052fc
0d50f
092e0
010aa
010ab
046c4
081c1
040ba
08384
040bb
010ae
046c7
010af
046c8
033bf
0495a
010b2
079b2
0495b
010b4
088eb
05693
0495e
0495f
07a83
046cf
07a84
046d0
08387
07441
046d2
010bc
010bd
08389
04966
010bf
010c0
10aed
0838b
010c3
0997a
046db
10815
07e21
0ce72
08bac
010c7
0ce74
0997f
06c1f
07ff7
0496c
07ff8
0496d
082ba
0496e
10af2
07446
010ce
04f7d
082bc
04f7e
010d1
08f20
07a87
09006
08390
010d4
09f2c
09009
06ed1
0caae
06ed2
10af4
079b4
0744a
08f22
082c0
010db
10af5
0cab0
010dd
0cd87
07a88
010df
110a2
096aa
10816
09981
10af7
09f2f
08394
010e4
0c5ea
010e5
0c5eb
088ee
010e7
0d518
0900e
09f33
010eb
0ce7a
010ec
0ce7b
0d51b
0cab3
01fdf
0512d
01211
07e23
0113b
089cf
07604
0113d
013eb
02bf5
0113f
026ce
01140
026cf
013ee
02bf8
013ef
02bf9
01902
01144
04427
01145
04428
013f3
04973
01147
0442a
013f5
04975
013f6
04976
0505e
013f8
0114c
07521
088ef
05061
013fb
013fc
08c98
05134
013fe
01152
0d5fb
05137
053e4
01402
01156
01157
07a8a
01158
01159
01682
047bd
0115b
02437
0115c
02438
0115d
02439
01686
047c1
01c98
01160
046e0
082c6
04191
089d0
04192
01163
046e3
01164
046e4
0168d
047c8
04e9a
0168f
01168
08466
047cc
0116a
088f4
0577a
06d07
08649
047d0
0864a
047d1
0116f
088f7
047d3
01699
0169a
0169b
01174
01175
0169e
080df
01177
080e0
01178
08399
01179
0cb9d
016a2
11192
0117c
0426d
088fc
01f11
088fd
01f12
0839c
01f13
01180
04271
0175e
04a4d
053e5
01183
093cf
0191b
0d600
08c9b
01186
0a89e
0191e
03497
04a4e
01189
04274
0118a
04275
0349a
04a51
0349b
04a52
03c67
0118e
040c2
07d47
0513d
0427a
01192
0839e
05216
0679f
080e1
04a59
080e2
04a5a
01197
083a1
04a5c
04282
04283
08c9c
07f06
04285
04286
0119e
0119f
04289
0cf62
07c4a
10be0
08473
011a3
09a6f
0428d
10be2
0cf67
06d0d
083a3
067a2
0c5ef
06fbd
0c5f0
06fbe
11473
083a5
04a69
07531
088fe
07d49
05067
011af
07e27
0a01c
089db
05141
11195
0a01f
07532
0ce7c
07e29
11475
07d4a
07a9b
0d605
09015
07536
011b9
0ce7e
07538
10be8
07e2a
07a9c
011bd
09a72
011be
0c6db
011bf
0d608
090fe
0847b
0cf6a
0847c
0cf6b
090ff
09018
10bec
0a024
0d60b
097a0
0d60c
097a1
011ca
10bef
0ce81
01216
0854d
04cb0
0854e
012f5
0a10b
07c4e
012f7
019e0
01fe1
05699
019e2
05144
019e3
05145
01fe4
05942
01fe5
01221
027af
019e7
04cb2
019e8
04cb3
03d3b
083ae
019ea
07e2d
03d3d
08bae
03d3e
014db
014dc
07e2e
04cb6
014de
0881c
04cb8
019f2
014e1
014e2
01230
07607
089dd
0514a
014e5
01233
0881d
019f9
019fa
089de
019fb
01d70
01238
02514
01239
02515
089df
01fea
0123b
02517
0123c
02518
01765
048a0
0123e
04290
0123f
04291
01768
048a3
01769
048a4
03aad
01243
0176c
08ab8
04cbb
0176e
01247
0521a
048ab
048ac
01772
07b74
0124b
0736a
0124c
0124d
089e4
048b1
0124f
08abb
089e6
08abc
08abd
06def
08748
0177c
08749
0177d
089e8
0177e
0d145
07b7b
01258
01836
04b25
0125a
0434b
0125b
0434c
0125c
0434d
0183a
04b29
01abc
0125f
0881e
019fd
0a3e1
04cbe
01262
094c9
01a00
0d148
094cb
03811
0760b
03575
04b2c
03576
04b2d
03814
07b7d
03815
08555
03d4a
03d4b
0419f
0126d
08556
04b32
04358
01270
01271
06df1
08485
06886
10cce
07610
0435d
10ccf
07612
04b3a
04b3b
01278
08821
04b3d
04b3e
04364
04365
077e1
1044c
09b5f
0127f
08822
04369
0d057
0855e
01282
01283
07614
0c6e0
06df4
10cd5
07615
10fb8
07f0c
01287
0c6e4
0c6e5
07c53
091ea
08560
0128b
0a110
091ed
0514d
0848c
0514e
0128f
09104
07f0e
10fba
0c6e7
01292
09105
0848f
01294
0d14c
08491
0761d
0d14d
08493
01298
091ee
08562
0d05a
092e3
1044f
089ef
08563
1128b
0a114
092e4
0d14f
092e5
10cdd
0a115
012a2
1128e
012a4
10cdf
09b68
10ce0
09b69
0c6ea
11291
012f8
0442d
08ac3
020bf
08ac4
020c0
08568
020c1
012fc
04431
0140c
04c0d
012ff
02359
01abf
04cc7
020c6
0521b
01ac1
04cc9
01ac2
0521c
01ac3
06156
03e18
015b3
04b48
01ac6
04da6
01ac7
07f12
03e1c
08494
01ac9
08495
01aca
01acb
0130d
06157
04ccd
0856a
01ace
01310
01311
05301
01ad1
01313
07f17
04dac
01ad4
015c3
0d234
06158
076ee
0d235
07f18
020ca
0183d
04978
0183e
04979
0131d
025f3
01840
0497b
01841
0497c
03b85
07c57
01843
0497e
01844
0497f
03b88
081d0
03b89
08bb0
03e23
01848
08bb1
04dae
0184a
08bb2
05069
04987
0184d
0184e
07c5a
0132d
07450
0132e
08acc
0498c
01330
08bb4
07c5e
08ace
08bb5
04991
04992
07451
08acf
06ed6
0cd8b
076ef
0cd8c
076f0
11375
08ad1
0185d
04daf
0a4d2
0864f
0133e
0a4d4
055b6
0d239
095bc
01341
01342
04433
07f19
03e25
08651
03e26
01345
04436
01346
04437
03656
04c13
01349
07c64
04c14
0134b
08bb8
053e9
04c17
04c18
077e5
0443e
077e6
0443f
08654
076f7
04441
01353
01354
08656
04c1f
01356
01357
10dc3
08658
0135a
09c50
0444a
1053f
080e9
0cba2
08909
0135e
0cba4
09c55
0696d
07d51
04c25
07d52
04c26
08574
04c27
10dc8
076fc
01365
04ccf
08576
04cd0
01368
091f6
077e9
08d3a
0865d
0136b
0a202
08d3d
0718b
0c7d8
0718c
10dca
077ea
01370
091f7
08579
01372
0d23e
0857b
07703
0d23f
0857d
01376
09c56
01377
0c8cb
01378
1137c
0a205
08661
0137b
0c8cc
0137c
0c8cd
08bbb
0137e
10dd0
0a209
091fd
01382
0cbaa
01383
0cbab
0d245
0c7dd
027b0
05150
014ec
07e39
01410
08ca4
078d2
01412
0185e
026d4
01415
077eb
0a7ae
05307
01862
0a7b0
01419
07a9d
0901a
077ed
0d8d0
07d57
01928
0890b
01929
0d610
0901f
026d5
05861
020d1
05309
020d2
0530a
026d8
06074
026d9
01424
02969
020d6
01426
05bfa
020d8
07d58
01bc5
07d59
01bc6
08581
0530d
020dc
0142c
0142d
05947
020df
01bcc
01430
01431
0615a
0623e
08584
01435
05bfb
020e7
0ab71
053f5
0d611
09c5f
020ea
0d612
09c61
0444f
077f1
04a70
08e36
04ea3
11476
08ca8
01440
0a2ff
04a74
11478
0a301
077f2
092e8
08bc4
077f3
0d8d9
092eb
053f7
08caa
05154
0a8a5
0a8a6
08587
053f9
0d615
0a8a8
077f4
0ce82
08668
11479
08588
08bc7
0d8dc
08d47
077f8
0d8dd
092ef
07e3c
01455
09a78
01456
0a303
01457
0a304
01458
0a305
08cb0
0d8df
0a8ab
0ce86
0145c
08e40
0d61b
08e41
0145f
0d61c
093e2
0a8ad
014f0
015c8
08824
054d2
08825
04cd4
014f4
0874d
0a3e9
0761f
089f0
05157
0910d
05158
014f9
08499
014fa
09110
01a07
021ad
053fb
01c9a
02f6a
01c9b
02f6b
021b0
0594a
021b1
06322
027b7
01c9f
0577b
04f85
01ca1
078d7
01505
078d8
01506
054d5
021b8
01ca5
0d9c6
05402
054d6
01ca8
0150c
0d9c7
054d9
05a2e
021c0
021c1
021c2
054da
01513
09d4f
021c5
0ac64
054dc
01516
0ac66
021c8
04451
0866f
0151a
08829
04b4e
09e43
08005
10ce2
08f2b
0151e
09e46
08f2d
054dd
0882c
04cd6
0a3eb
0a3ec
05403
08cb6
05404
0515d
093e6
07e45
05405
01528
0a3ed
094d0
0736d
08e42
0736e
0d42b
07e46
078de
0d15c
08cbb
0152f
0d15d
08cbd
079ba
0a3ef
08f2e
10ce4
09b6b
10fc2
09b6c
0d9d0
09b6d
01536
0d15f
094d3
08e46
10fc5
0153a
0d06a
0153b
0d06b
093ed
0153e
094d5
10fc8
04db8
016a5
04db9
082ce
016a7
0a4d9
0800a
016a9
04cd8
08589
01ae0
08834
01ae1
0d246
07c6a
0d247
08835
015d8
01d76
03046
015da
02b1f
015db
02b20
01d79
03049
01d7a
0304a
0228f
015df
054e4
08836
04cdc
0dab6
05076
01d7f
0dab7
054e5
01d81
015e5
08754
02297
02298
015e8
08755
055be
0229b
0229c
01d89
01d8a
01d8b
05078
0ad54
05866
015f1
09896
022a3
0dabb
09898
015f4
015f5
07f2c
0460a
083b4
015f8
09021
04c2c
09f36
080ec
110af
09024
04c2f
04cdd
08758
04cde
015ff
0883a
04ce0
01601
0800b
0a4dc
08915
04dbd
01604
0dabe
095c1
055c6
01607
0883b
01608
0d06d
079c3
0160a
0d06e
079c5
110b2
094dc
079c7
0160e
095c3
08917
0cbac
09027
10dd7
09028
0d250
09029
110b5
0a4e2
0891b
01615
0dac4
0d071
09f3e
110b8
09f3f
0161a
110b9
0d255
095c7
02519
04ea4
01783
080ef
016ad
089f4
07b86
016af
0192b
03123
016b1
02bfc
016b2
02bfd
0192e
03126
0192f
03127
01e3e
016b6
055ca
0891c
04dbf
0dba6
0515f
01934
0dba7
055cb
01936
016bc
082d6
01e46
01e47
016bf
082d7
056a4
01e4a
01e4b
0193e
0193f
01940
04dc0
08673
01bd3
0891e
01bd4
0d33a
077fb
0d33b
0891f
016cb
01e4f
09986
05162
0dbac
089f5
016cf
0ae49
089f6
0dbae
0ae4b
016d3
08012
05163
0a026
0849b
016d6
09114
047dc
10ec7
089f9
016d9
016da
08013
016db
095c9
08014
016dd
0d33f
07b87
096b0
056aa
016e0
0d340
095cc
089fc
016e3
0dbb1
083b9
0d61e
0902d
016e6
095cd
0902e
016e8
0cbb5
08926
016ea
111a5
083bb
081d3
0a02c
081d4
0cc9f
089fe
0cca0
089ff
0cca1
096b6
016f1
111a8
0d346
09031
09d58
0911d
0d347
095d0
0dbb8
0a5d6
0d349
01864
025f7
01789
07c6b
0a6bc
05221
01868
0a6be
0178d
02cd8
05ea9
0251c
065d3
0251d
01790
02cdb
01791
02cdc
01a0d
03205
04ce1
01a0f
0d6ec
04eaa
083bc
01f1f
08a03
01f20
01798
0577f
01f22
01a15
0179b
0179c
065d5
056b3
01a19
01a1a
017a0
017a1
017a2
01caf
080f5
017a4
080f6
017a5
08e4a
07370
08e4b
07b8c
0d6f1
017a9
05a33
01f2d
0a98d
05229
0d42f
09a81
01f30
0d430
09a83
046e8
07b8d
048b6
09204
04ce6
11292
08ade
017b4
0a11b
048ba
11294
0a11d
07b8e
096ba
08a07
07b8f
0d6f5
096bd
0522b
08ae0
04f8e
0a6c1
0a6c2
08ae2
017bf
0d6f6
096be
07b90
0cca4
084a0
11295
083c4
08a0a
0d6f8
09121
07b94
0d6f9
096c1
081d8
017c9
0989a
017ca
0a11f
017cb
0a120
017cc
0a121
08ae6
0d6fb
0a6c7
0cca8
0d438
0920e
017d2
0cd95
017d3
0d43a
097aa
0a6c9
0186a
02887
05f8f
025f9
066b9
025fa
0186d
0288a
0186e
0288b
01aea
02db4
04dc7
01aec
0d7de
04f90
084a2
01ffc
08ae9
01ffd
01875
066bb
05235
01af2
01af3
06075
05316
02003
01af6
01af7
0187d
0187e
0187f
01d8c
081db
01881
081dc
01882
08f3c
07456
08f3d
07c72
0d7e3
01886
05b19
0200a
0aa7f
0531a
0d521
09b73
0200d
0d522
09b75
04374
07c73
04993
08d50
04dcc
11384
08bd0
01891
0a20d
04997
11386
0a20f
07c74
097ac
08aed
07c75
0d7e7
097af
0531c
08bd2
0507d
0a7b3
0a7b4
084a9
0531e
0d525
0a7b6
07c76
0cd96
0858f
11387
08590
07c77
018a2
0cd98
07c79
11388
097b2
07c7b
018a6
0998c
018a7
0a211
018a8
0a212
018a9
0a213
08bd8
0d7ed
0a7b9
09990
0d7ee
09991
09214
1138e
018b0
092fb
1138f
097b5
01941
01a1f
0594f
056b9
08bda
05167
01945
08bdb
0ae4f
01948
055d2
05080
082df
01d95
0ad5b
082e0
01d97
04dcd
082e1
01e56
08929
01e57
082e2
01e58
0dbbb
055d7
01952
020ec
033c0
02c04
01955
02e94
065d7
02c06
067a3
02c07
065d8
02c08
01959
055d8
08af6
05085
0de7e
05406
020f5
0de7f
05870
020f7
0195f
08af8
0260b
0260c
01962
08af9
05956
0260f
02610
020ff
02100
02101
05168
0dbbd
0a217
0196b
0615f
02617
0b11f
0595a
0196e
0196f
048bd
08afb
05874
098a0
05875
055dc
0de85
07d6e
0d8e4
09033
0508b
0dbbf
07d71
0508d
0de87
0595b
09992
056bc
0197b
0ae52
084ab
0a8ae
09125
0d622
093f0
0de88
0ae53
09996
01981
0dbc4
0ae55
08afd
0595e
01985
092ff
07d73
01987
09999
09127
0d625
09300
0198a
09128
0d627
09129
0198d
0d628
0999a
0ae59
01a24
01afc
05a35
0523b
08cc0
04ce9
01a28
08cc1
0a995
056be
08a0e
04eb4
096c5
05172
096c6
05173
0df6f
083cb
01f37
026db
0595f
021ca
0349e
021cb
0349f
026de
05eae
026df
0688a
02ce5
021cf
05962
01a37
056c2
01a38
05a38
026e4
01a3a
05a39
026e6
021d5
0df72
05966
05a3a
021d8
01a40
0df73
05a3d
05f92
026ee
026ef
026f0
05a3e
01a47
0b20f
026f3
0a30a
054ef
0df75
0a30c
026f6
0499b
08be5
01a4e
07f33
0a996
05a42
04cee
0d705
09216
1129f
094e1
01a53
0a126
01a54
0d167
0a99a
05176
083cf
05177
01a58
083d0
05179
0912a
0517a
0d168
0912c
01a5c
0d169
099a0
0523f
01a5f
0d70b
099a2
09a8a
078e5
0d16a
083d2
07f34
0a99d
094e3
112a0
01a67
0d70c
094e4
0921b
0d16d
099a4
0d70e
0a99e
0d16f
01bd8
0296b
01b03
05b1c
0aa84
05322
01bdc
0aa86
01b07
07f35
01b08
097b7
02011
081e3
01b0a
081e4
01b0b
097ba
097bb
0288f
05f93
027b9
05a46
027ba
05a47
02892
06242
02893
01b12
03051
027be
07f37
022ad
07f38
022ae
05dc7
055df
022b0
08cc7
05a4a
027c4
01b1a
01b1b
06077
027c7
022b6
01b1e
01b1f
06326
06972
08cca
01b23
09e4e
027cf
0d7f6
055e0
0b302
05dca
01b27
0b304
09e53
04b53
01b2a
04cf8
084b7
04cf9
01b2d
084b8
04cfb
0921c
04cfc
0d258
0921e
01b31
0d259
09a92
04dd4
08595
01b34
09b77
05b29
01b36
095d8
01b37
0a21d
04dd9
0a4e8
04dda
01b3a
0d7fb
084b9
05325
01b3d
0e06e
0aa8e
08846
0dac9
08cce
08596
01b42
0a21f
01b43
0a4ea
01b44
0a4eb
01b46
0d7ff
01b48
0e072
01b4a
0d801
02a47
04eb5
01cb7
080ff
01be1
05c03
08100
01be3
01e5b
03657
01be5
0312a
01be6
0312b
01e5e
0365a
01e5f
0365b
0236c
01bea
05326
08848
04ddd
0e152
056c7
01e64
0e153
05b2f
01e66
01bf0
0884a
02374
02375
01bf3
0884b
05c08
02378
02379
01e6e
01e6f
01e70
04dde
09302
04ddf
0e157
05329
08be9
0508f
09305
0532a
01bff
0237d
0b3f2
04eb9
0e158
05c0b
01c03
09f43
02381
0e15a
0b3f7
08021
04b56
0532b
0884e
0532c
04de2
09b82
07ab2
095de
08025
01c0d
095e0
04de6
01c0f
0d8ec
0540d
0892d
04ebb
0ab7b
09c6a
04ebd
0a30e
04ebe
0a5d9
08e50
0d8ee
09c6b
04ec1
0e15f
09b85
09c6d
05b35
01c1b
0e161
08d65
01c1d
09b87
0892f
0875e
0a5db
08d66
0e162
01c22
0a5dc
01c23
0a5dd
09b89
01c26
09c71
0e165
01cbc
054f0
04f9c
0875f
01d9b
0ac69
08760
01d9d
02444
05c11
01f39
03735
01f3a
03736
02447
06164
02448
06b3c
02a4e
01f3e
05c14
01cc8
05411
01cc9
05786
0244d
01ccb
05c15
0244f
01ccd
08932
0578a
02452
02453
01f48
0dc9b
05c18
05ce4
02457
02458
02459
05412
0dc9c
08106
01cd9
078e6
093fc
078e7
0d9d9
08681
021e4
04f9e
0d9db
0a039
01cdf
05f97
0245d
0af3b
0578e
01ce2
01ce3
08682
04c33
05c19
09c72
05c1a
05417
0dca1
0810a
0d710
08e55
04ecb
0d9dd
0810d
04ecd
0dca3
0578f
09d5a
054f4
01cef
0ac6e
082eb
0a6ca
08f41
0d43e
097be
0dca4
0ac6f
09d5e
01cf5
0d9e2
0ac71
09d60
05c1b
01cf9
096d3
0810f
01cfb
09d61
08f43
0d441
096d4
01cfe
08f44
0d443
08f45
01d01
0d444
09d62
0ac75
01d9e
02016
032e3
02b27
01da1
02db7
064f3
02b29
06c21
02b2a
064f4
02b2b
01da5
054f6
08a16
04fa9
0dd8a
0532f
0201f
0dd8b
05797
05798
02022
01dac
08a18
02530
02531
01daf
08a19
0587c
02534
02029
0202a
022bc
07f42
01db5
07f43
01db6
081eb
01db7
094ef
022c0
0dacc
01dba
0a12a
02538
0dace
05331
0b02c
0607e
01dbe
0b02e
0a12f
048be
01dc1
04fac
08769
04fad
01dc4
0876a
04faf
08f46
04fb0
0d52e
08f48
01dc8
0d52f
09d68
05092
082ed
01dcb
098ab
05882
01dcd
09308
01dce
09f47
05097
0a7be
05098
01dd1
0dad3
0876b
055e4
01dd4
0dd98
0ad64
08b03
0d803
08b04
081f5
01dd9
09f49
01dda
0dad6
097c7
09f4a
0dd9b
09f4b
0ad66
0d536
09d6c
0dad9
0320c
056cb
01f50
05eb4
01e74
0893a
056cd
01e76
022c2
05dcd
01e79
05b37
0b306
082f0
022c6
0b308
01e7d
05b39
09b8a
05334
0e166
05b3a
0e428
082f2
01e81
09b8e
09b8f
01e84
033c6
06b3f
03132
06d0f
03133
01e87
033c9
01e88
033ca
02620
038f9
04fb6
04fb7
082f3
02b35
01e8d
05dd5
02b37
02626
082f4
02627
066c1
0596b
02629
0262a
01e94
01e95
0640f
02b3f
0262e
01e98
01e99
0a7c2
02b43
0e16a
0596c
0b6ca
066c4
01e9d
0b6cc
0a7c7
055ec
0885a
05dd9
04fbd
01ea2
082f7
01ea3
05ebf
0b3fc
095e5
01ea5
09f4d
05b3f
055ef
09e5e
082f9
01ea9
098b7
055f2
01eab
0e16c
05c20
01ead
0b3ff
08a1f
0ae5a
096d7
0dbcf
099a8
0e435
0b400
09f51
01eb3
0e170
0b402
09f53
08a20
0ae5d
095e8
0e438
01eb9
0ae5e
01eba
0ae5f
09e63
01ebd
09f55
0e43b
0524d
0202c
05180
084bb
0202e
0af3f
057a0
02030
04ece
08687
02461
08688
02462
0893e
02463
0dcad
05c24
01f5f
026f7
02c0a
01f62
034a4
026fa
039d3
01f64
034a6
01f65
034a7
01f66
034a8
026fe
026ff
05c25
01f69
05ec7
02c13
01f6b
05f9d
056db
0e51d
05a50
02705
0e51e
05ec9
05eca
02c1a
02c1b
01f73
0e51f
064f6
02c1e
05250
0dcaf
0a8b5
01f78
06245
02c22
0b7bd
05fa4
01f7b
01f7c
05ecb
01f7d
0e523
08943
05252
08a23
05183
096dc
05184
0d712
084be
01f83
0a040
05fa7
01f85
09a98
01f86
0a6d1
05257
0a9a2
05258
01f89
0dcb3
05c28
056df
09f5a
083e1
01f8d
099af
056e2
01f8f
0dcb5
0a044
05c2a
01f92
0e529
09a9b
0d717
0d718
096e1
09a9c
0dcb9
09a9d
09f5e
0dcba
0af4a
01f9b
02108
02e99
02033
05885
0b030
085a4
0210c
0b032
02037
057a4
09d6e
05500
0dd9e
057a5
0e60c
084c0
0203b
09d72
09d73
02dbd
064f7
02ce7
05faa
02ce8
05fab
02dc0
067aa
02dc1
02042
03585
02cec
05fac
027db
06082
05188
027dd
02047
02048
057a8
02049
06084
02cf3
0204b
06edd
05fb0
06085
027e5
0204f
02050
0688e
06ede
02053
0a3fa
02cfd
0dda2
05b44
0b8ae
0632e
02057
0b8b0
0a3ff
0525e
09a9e
0533a
08b09
04d06
0d804
085a6
0205d
05fb1
0205e
0e615
08a2b
057aa
05261
0a04c
084c7
02063
09aa1
05264
02065
0dda4
05888
02067
0b037
08beb
0aa92
0930f
0d807
09b92
0e619
0b038
0a135
0206d
0dda8
0b03a
0a137
08bec
0aa95
09312
0d80a
09313
02073
0ddab
09aa3
0a051
02077
0a139
0e61f
0210f
0596e
04dea
08689
021e8
0b123
05970
021ea
02895
02e9a
065dd
02897
06090
02898
06091
02e9d
06890
02e9e
0211a
03662
0289c
0289d
06092
02392
06168
04d0b
02394
02120
0588b
02121
0616a
028a3
02123
02124
06fc3
0616b
0616c
0239c
02128
06974
06fc4
055f4
08b0d
050a9
098bb
05344
098bc
05345
0e703
08b0f
02635
0541e
0de95
0a4ed
02132
06415
028ae
0b9a1
06170
02135
02136
06097
02137
0e707
08b11
05347
09b96
05420
08bef
04dee
0d8f6
0868c
0213d
0a13d
085ae
0213f
09b98
085b0
0e709
0a13f
085b2
02143
0a224
06173
02145
09c82
02146
0a8bb
05425
0ab86
05426
02149
0de9b
08b13
05973
0214c
0e70d
09c85
0d8fb
0d8fc
09319
09c86
0de9f
09c87
0a142
0dea0
0b12e
0d8ff
022c8
03053
021ed
05a55
0b214
08770
022cc
0b216
021f1
0373a
02973
06175
02f79
066c7
02975
06177
02976
066c8
02977
070a8
04df0
0868d
02979
021f9
05ceb
04df3
02470
02471
0868e
02472
064f9
057ae
02474
06a59
05cee
02982
02983
02478
02479
02205
02206
0270d
07e60
02208
07e61
02209
0868f
0220a
099b5
02711
0df86
0220d
0a5e4
02989
0df88
057af
0b4e6
064fc
02211
0b4e8
0a5e9
0542c
08bf6
0617e
04df7
02216
08693
02217
05cf3
0b218
09407
02219
0a315
0597a
0542f
0a230
08695
0221d
09c8b
05432
0221f
0df8a
05a58
02221
0b21b
0885e
0ac76
094f3
0d9eb
09d76
0e251
0b21c
0a319
02227
0df8e
0b21e
0a31b
0885f
0ac79
0940a
0e254
0222d
0ac7a
0222e
0ac7b
0a235
02231
0a31d
0e257
022cf
032e9
06a5b
03055
0718d
03056
022d2
032ec
022d3
032ed
02549
0381c
04ed6
04ed7
08773
02a58
022d8
05cfc
02a5a
0254f
08774
02550
065df
05894
02552
02553
022df
022e0
0632f
02a62
02557
022e3
022e4
05a5c
09aa4
05267
0e076
05a5d
0e33a
08776
022e8
09aa8
09aa9
05de1
022eb
0b5d7
02a67
0a6d8
05896
0e33d
0a6da
02a6a
04edb
08777
04edc
022f2
0a320
081f8
0ddae
05b46
09e64
081f9
0ddaf
08861
05514
022f8
08cde
05516
0dadb
094fb
022fb
0dadc
0a324
055f9
0b30c
09e67
055fb
0a4f2
055fc
0ad69
095ec
0e07e
09e68
055ff
0e344
0a325
09e6a
05de7
02307
0a4f5
02308
0e082
09d7f
0a4f6
0e347
0a4f7
0b312
0230d
0a326
0e085
03740
05c2f
0247e
06181
023a2
08949
05c31
023a4
027f0
03664
023a7
05b4a
0b8b2
0551b
027f4
0b8b4
023ab
05897
0a144
05b4c
0e9d4
0609f
028b4
08b15
028b5
0e714
0a149
03665
06891
0305b
06335
0305c
06336
03668
070ac
03669
023b6
038ff
03060
060a0
02b4f
060a1
02b50
0641a
0551e
02b52
023bc
023bd
0641c
03067
023bf
0728d
0633b
0641d
02b59
023c3
023c4
07192
0728e
023c7
0ad6e
03071
0e716
05ed0
0bc76
06c2c
023cb
0bc78
0ad73
05521
08868
05522
04d1b
0a408
060a4
04dfa
06423
023d2
0a4f9
05c35
0b406
09c8f
0d901
0633d
05604
09b9c
05605
0e179
060a5
05b54
0e17a
09b9f
023db
0e17b
0a40d
05c36
0b9aa
0a4fb
05c38
0b408
09c91
0e71b
0a4fc
05c3b
0e9e2
0b9ae
0a4ff
09ba0
0e9e4
023e7
0b40a
023e8
0b40b
0a40f
023eb
0a501
0e9e7
02483
05d02
04ee0
064fe
0255c
0b4eb
05d04
0255e
04dfc
08699
0298f
0894c
02990
0e258
0597e
0e259
0894d
0248d
02c25
03138
06427
02c27
03f0a
02c28
03f0b
0313b
0697a
0313c
07372
03747
02c2c
05c3e
02496
05c3f
02497
02498
0642b
03142
0249a
06501
05fb4
02c33
0eaca
0642d
0642e
03148
03149
024a1
0eacb
06a5e
0314c
057b4
0e25b
0ae61
024a6
067ad
03150
0bd69
06508
024a9
024aa
0618b
024ab
0a503
0618c
024ad
0e25d
057b6
0a5ea
056e9
024b0
0a052
024b1
0ac7d
024b2
0ead0
083e7
0e52e
09c95
024b5
0a5ec
0650b
024b7
0ac7e
057bb
0af4f
057bc
024ba
0e260
0618e
05c44
0dcc2
09c97
024be
0dcc3
0a509
05d07
024c1
0ead5
0dcc4
09c99
0a056
09d85
0dcc5
0a50a
0e266
0b4f6
0dcc7
02636
033cd
02561
0589a
0b5dc
05269
0263a
0b5de
02565
05a63
0a328
057be
0ebb8
05d0a
02a6e
08ce1
02a6f
0e34c
0a32d
032f1
02d03
03fe7
03216
0650e
02d05
03fe9
02d06
03fea
02d07
03feb
0321a
05d0b
02d09
05d0c
02d0a
065e6
056ee
02d0c
02576
02577
065e8
03221
02579
07459
06514
065e9
02d13
0257d
0257e
06dfa
0745a
02581
0a9a6
0322b
0e34e
060a8
0be5a
06896
02585
0be5c
0a9ab
056f1
08a36
056f2
04eeb
0a5f6
05d0f
04fc8
065ef
0258c
0a6dd
0589f
0b03e
098c7
0dae5
057c4
0a058
084ce
0e621
0a5f8
05d10
057c6
0ddb2
09d89
02595
0ddb3
0a5fb
058a0
0b5e2
0a6df
058a2
0b040
098c9
0e353
0a6e0
058a5
0ebc6
0b5e6
0a6e3
098ca
025a0
0b043
025a1
09d8b
0ebc9
0a5fd
025a5
0a6e5
0ebcb
0263d
05ed2
050ac
066ca
02716
0b6cf
05ed4
02718
02dc3
065f3
028b8
040c4
028b9
040c5
02dc6
06b46
02dc7
0753e
033d3
028bd
058a6
02649
058a7
0264a
065f7
02dcc
0264c
066cd
05272
0618f
028c4
0ecac
065f9
02dd2
02dd3
02653
0ecad
066d1
06c2e
02dd7
02dd8
0560e
08870
04fcd
09e75
04fce
0265b
08304
0265c
09e78
02b63
05982
0e441
0aa99
02660
0697d
02ddc
0bf4d
066d4
02663
02664
05df3
02665
0a6e7
05df4
02667
0e443
05984
0a7ce
05353
0266a
0a23c
0266b
0ae67
0266c
0ecb4
085b5
0e722
098cd
0266f
0a6eb
098ce
058af
0e444
08b24
058b1
0ecb6
066d6
05987
0e446
0a23e
02677
0ae69
02678
0dea7
0b6d7
05ed7
0267b
0ecb9
0dea8
098d1
0a240
0e44b
0a241
0a6ee
0e44c
0b6da
0deab
027f6
0624b
0271b
05a66
0b7c0
05437
027fa
0b7c2
0271f
03c6e
06ee1
034ac
07623
034ad
02722
03c71
02723
03c72
02999
041a5
050b0
066dc
02ea7
08c01
02ea8
02728
0624f
05359
0299f
029a0
06a61
05d12
029a2
06fc5
06252
02eb0
02eb1
029a6
029a7
02733
02734
02c3b
05eda
02736
05edb
02737
09f6e
056f5
09f6f
0598f
0e7f5
0273b
0ab90
02eb7
0e534
05d13
0ba92
06a64
0273f
0ba94
0ab95
05a6a
0b222
09aab
0d71d
0535b
08c04
0535c
050b7
0a7da
05edf
05194
06257
02748
0a8c1
066e2
0543a
099be
0543b
0df95
05ee0
05994
0df96
099c1
0274f
0df97
0a7df
05a6c
0b7c6
0a8c3
05a6e
0b224
09aad
0e539
0a8c4
05a71
0e7fe
0b7ca
0a8c7
099c2
0e800
0275b
0b226
0275c
0b227
0a7e1
0275f
0e53f
0b7cd
03588
067b1
02f7e
0625c
02f7f
0625d
0358b
06fc8
0358c
02801
03822
02f83
05fbe
02a78
05fbf
02a79
0633f
0543e
02a7b
02807
02808
06341
02f8a
0280a
0770b
06262
06342
02a82
0280e
0280f
070ae
0770c
02812
057ca
0a05e
05a74
0e8e6
05fc2
02d1b
08a3f
02d1c
0e624
0a063
06345
02819
0bb83
02f95
0ac84
05dfa
0e8e9
0ac86
02f98
04d1f
06348
0281f
0a411
05b5d
0b314
09ba3
0d80f
05441
08cea
05442
0519d
0a8cc
05fc5
05443
02827
08ced
02828
0a335
05a79
0282a
0a336
08cef
0e8ed
0a8d0
08cf1
0282e
0a412
0634a
02830
0aaa0
05b61
0b317
05b62
02833
0e62c
0a416
0634b
02836
0e62e
0a339
0aaa2
0e8f3
0aaa3
0b8be
0e08e
0a8d2
0e631
03c74
06193
029ac
06194
028d0
05b65
06195
028d2
02d1e
03b98
028d5
05a7e
0be5e
05279
02d22
0be60
028d9
060b0
028da
0a6f1
02de1
05dfb
028dc
05dfc
028dd
0a6f4
0a6f5
028e0
03e32
03590
0689c
03b9b
06dfd
03592
0689e
03593
06dfe
03594
07803
04d25
06604
03596
06605
03597
03598
028ea
068a1
0359a
03083
07195
06433
03085
03086
028f0
028f1
06ee3
035a1
0308a
028f4
028f5
0b31a
035a5
0ecc2
06434
0c222
07198
028f9
0c224
0b31f
0527f
068a4
05280
04d29
0a9b4
05b66
0a41a
060b7
02900
0a41c
04d2d
02902
0ecc4
05360
0698b
04e0a
0bf55
0a9b7
06199
0b9b2
0a249
0dead
068a5
05b69
0e727
06609
0619a
0bf56
0aaa7
0619c
0b9b4
0a24b
0ecc7
0aaa8
0619f
0ef8e
0bf5a
0aaab
0a15a
0a41f
02915
0b9b6
0b13b
0ef91
0a9bb
02919
0aaad
0ef93
029b1
06266
04eed
06267
02a8a
0ba97
06268
02a8c
04e0b
0a7e2
04e0c
0f073
05363
08c0c
050ba
0a7e5
05364
029bb
03153
0366c
029be
03f10
03156
04455
029c0
03f12
029c1
03f13
029c2
03f14
0315a
05b6a
029c4
05366
029c5
029c6
06993
03676
029c8
06a69
06518
03161
0f076
06995
06996
0367c
0367d
029cf
0f077
06fca
03680
05d18
0e807
0b40d
029d4
06d19
03684
0c315
06a70
029d7
029d8
061a4
029d9
0aaaf
061a5
029db
0895a
029dc
0a513
061a8
0f07c
0aab1
061aa
029e0
05d1a
0ba9a
05c4e
0536a
029e3
0a5fe
029e4
0b229
029e5
0f07e
0a251
029e7
0ab98
06a73
029e9
0b22a
05d1f
0b4fb
05d20
029ec
0e80e
066f2
0626b
029ef
0f081
0e270
0a253
0a602
0e811
0a603
0aab6
0e812
0baa2
0e273
02b64
03901
02a8f
057cc
0bb88
0552d
02b68
0bb8a
02a93
05d22
02a94
0a8d5
02f9b
05fc7
02a96
05fc8
02a97
0a8d8
0a8d9
03825
03231
04531
0374a
06a76
03233
04533
03234
04534
03235
04535
0374e
05d24
03237
05d25
03238
06b4e
05c52
0323a
02aa4
02aa5
06b50
03755
02aa7
079d0
06a7c
06b51
03241
02aab
02aac
07376
079d1
02aaf
0af52
0375f
0e8fa
0660c
0c406
06e02
02ab3
0c408
0af57
0544f
06a7d
05450
04ef7
0aba2
057ce
0a604
05d29
02aba
0a606
04efb
02abc
0e8fc
0552e
06b57
04fd8
0bb8d
0aba5
05e03
0b5ea
09e81
0e091
08a41
0ebcd
0aba6
06274
05e04
0bb8e
0ac8b
05e06
0b5ec
09e83
0e8ff
0ac8c
05e09
0f172
0bb92
0ac8f
09e84
0e362
09e85
02acf
0a345
0f175
0aba9
02ad3
0ac91
0f177
02b6b
06436
050bb
06437
02c44
0bc7b
06438
02c46
032f7
03902
070b1
032f9
06b5c
032fa
06b5d
03905
07378
03906
02b76
040ce
032fe
05e0a
02ded
05e0b
02dee
02def
06c34
057d5
02df1
02b7d
06c36
03305
02b7f
02b80
07ab6
06c37
06c38
02df8
02b84
0745c
07ab7
05532
08876
04d30
0a421
04fdb
0a422
04fdc
0f25b
06356
03091
05ee6
0e9ed
0b045
02b8e
06ee9
03310
0c4f9
06c3c
02b91
02b92
05e0e
02b93
0ac93
05e0f
02b95
08b28
02b96
0a6fd
05e12
0f260
0ac95
05e14
02b9a
05ee8
0bc7e
058b8
05538
02b9d
0a7e8
02b9e
0b413
02b9f
0f262
09e89
02ba1
0ac99
06c3e
05eeb
0e9f2
0a7ea
02ba5
0b415
02ba6
0e453
0bc83
0643b
02ba9
0f265
02bab
0e9f6
0a7ec
09f77
0e455
0ac9a
0e9f8
0bc86
0e457
02d24
03abb
02c49
0599a
0bd6c
056f9
02d28
0bd6e
02c4d
041a6
033d5
06c41
039e1
0719b
033d7
06c43
033d8
0719c
033d9
07b9b
050bf
0643c
033db
0643d
033dc
02c56
067b7
058bd
02ecd
02ece
06fcd
06276
02ed0
07541
067ba
033e4
033e5
02ed4
02ed5
02c61
02c62
03169
061ac
02c64
061ad
02c65
05ef2
02c66
0a51b
0316d
0eade
02c69
0b13c
033eb
0eae0
06277
0c03e
06fd0
02c6d
0c040
0b141
0561b
06c49
0561c
050c5
0ad86
0599c
0a7ee
05ef7
02c74
0a7f0
050c9
02c76
0eae2
056fa
067bf
051a4
0bd71
0a064
0dcc8
0a8db
0e542
0ad89
06c4a
0599f
0e543
06444
05fd0
0bd72
0ae6f
05fd2
0b7d0
0a067
0eae5
0ae70
05fd5
0edaa
0bd76
0ae73
09f7c
0a7f3
02c89
0b7d2
02c8a
0b7d3
0ad8d
02c8d
0ae75
0edaf
02d2b
03d55
07543
03abd
07c80
03abe
02d2e
03d58
02d2f
03d59
02fa5
0429e
051a5
06522
034b9
06523
034ba
034bb
02d35
067c8
034bd
02fac
070b3
0635c
02fae
02faf
02d3b
02d3c
06e03
034c4
02fb3
02d3f
02d40
057da
0a60a
057db
0ebce
056ff
0ee92
05fd9
02d44
0a60e
0a60f
068ad
02d47
0c12f
034c9
0b230
0635e
0ee95
0b232
034cc
04d31
0660e
02d4d
0a9bd
05701
067cb
05702
051ab
0ae78
05a8c
0a8e0
05fdd
02d53
0a8e2
051af
02d55
0ebd4
060c1
0b8c0
0a15d
0ddbb
06529
059a7
02d5a
0a8e3
05fe1
02d5c
0a9be
068b2
02d5e
0b04c
060c5
0b8c3
060c6
02d61
0ebd8
0a9c2
068b3
02d64
0ebda
0a8e5
0b04e
0ee9f
0b04f
0be6a
0e63a
0ae7e
0ebdd
041ac
066f7
02eda
066f8
02dfe
060c9
066f9
02e00
0324c
040d0
02e03
05fe2
0c40a
057dd
03250
0c40c
02e07
057de
0ac9c
0553a
0f26a
057df
0f52c
06615
02e0b
0aca0
0aca1
040d1
035ab
048c1
03ac4
06e09
035ad
048c3
035ae
048c4
035af
048c5
03ac8
06616
035b1
06617
035b2
06eee
05fe6
035b4
02e18
02e19
06ef0
03acf
02e1b
07d7e
06e0f
06ef1
035bb
02e1f
02e20
07c85
07d7f
02e23
0b8c6
03ad9
0f26e
0699c
0c7e0
07714
02e27
0c7e2
0b8cb
0528d
0a9c6
060cb
0ef95
05fe9
0af5e
05fea
057e5
0f535
0a704
05292
0f26f
0661d
05294
0f537
060cc
0b050
058c5
02e34
0f271
0a7f4
0e458
0aab9
0ecd3
0af64
06b71
066fe
0c502
0b053
06700
0bf60
0a7f7
0f273
0b054
06703
0f53a
0c506
0b057
0a706
0f53c
02e43
0bf62
02e44
0bf63
0af67
02e47
0b059
0f53f
02edf
067ce
05453
067cf
02fb8
0c043
067d0
02fba
050cb
06445
033f1
06446
033f2
06c53
033f3
0edb1
058c8
02ee9
03687
0499d
02eeb
0445a
02eec
0445b
0368a
049a0
0368b
049a1
03ba4
02ef0
058c9
06efe
05374
0f620
060cf
03690
0f621
060d1
03baa
03bab
02ef7
07294
03bad
03696
03697
07806
06fd8
03bb1
03bb2
0369b
0369c
0627c
0edb3
0b9b9
02f02
07295
03bb8
0c8d3
06fdc
02f05
02f06
06708
02f07
0aabf
05376
06c57
05377
02f0a
06c58
05379
0e817
0a7fd
02f0d
0e818
0b05e
05455
067d1
02f10
0b143
06c59
05a8e
0b7d4
05a8f
0baa5
060d5
02f15
0b144
06fdf
02f17
0b7d6
06283
0baa7
06284
02f1a
0edba
06c5a
067d3
02f1d
0f62d
0e81c
0a7ff
0abae
0edbd
0abaf
0b062
0edbe
0c04e
0e81f
03092
03e39
02fbd
05d30
0c134
05a91
03096
0c136
02fc1
059ae
0ae80
05706
0eea2
059af
0f710
06287
02fc5
0ae84
0ae85
03d5d
07547
03c7d
06fe2
03c7e
06fe3
03d60
07809
03d61
02fcc
0453b
03c82
06288
0376b
06289
0376c
070ba
061b6
0376e
02fd2
02fd3
070bc
03c89
02fd5
07f4a
06fe8
070bd
03775
02fd9
02fda
078ed
07f4b
02fdd
0b4fe
03c93
0eea6
06b74
0c9c4
0737e
02fe1
0c9c6
0b503
0545b
0abb0
05d33
0f179
061b9
0b14c
061ba
059b5
0f719
0a8ee
05460
0eea7
0628f
05462
0f71b
05d34
0b234
05a93
02fee
0eea9
0a42c
0e63c
0aca3
0e90b
0b152
067dc
06368
0c13a
0b237
0636a
0bb98
0a42f
0eeab
0b238
0636d
0f71e
0c13e
0b23b
0a430
0e90e
0a431
02ffd
0eeaf
0abb5
0b155
03001
0b23d
0f723
03099
0699e
05621
0699f
03172
0c227
069a0
03174
0382b
070c7
0331a
04b58
0331b
04b59
0382e
0762e
0382f
0802f
03e3f
0331f
05d36
030a5
05a95
030a6
070cb
03834
030a8
071a1
05d3a
06c5b
03326
0f804
070cd
0383a
0383b
030af
0f805
071a5
07716
0383f
03840
05295
068bc
04d36
0a9cd
05541
0a9ce
05542
0f807
068be
035c5
0644a
0ef99
0b5f1
030bc
07465
03844
0cab7
071a8
030bf
030c0
06372
030c1
0aca9
05544
068bf
05545
030c4
068c0
05547
0e9fb
0a435
030c7
0e9fc
0b242
05623
069a1
030ca
0b327
068c1
05c5a
0b9be
05c5b
0bc89
05d3d
030cf
0b245
071aa
0644f
0ef9e
0ad96
030d3
0b9c1
030d4
0e9ff
0c22f
069a3
030d7
0f811
0ea00
0a437
0ad98
0efa3
0ad99
0b246
0efa4
0c232
0ea03
03252
03ff3
03177
05efe
0c318
05c5d
03256
0c31a
0317b
046f0
079d4
03f18
08114
03f19
0317e
046f3
0317f
046f4
033fb
04c39
05625
069a4
0390f
069a5
03910
03184
06d23
05e21
03401
03402
07549
067de
03404
07ab8
06d26
03918
03919
03408
03409
0318f
03190
0369d
061bc
03192
061bd
03193
06456
03194
0aac7
036a1
0f08a
03197
0b6e8
0391f
0f08c
067df
0c5fc
0754c
0319b
0c5fe
0b6ed
05629
0ad9a
05f01
0edc1
05e23
0b330
05e24
05b81
0f351
0a526
0562e
0f08d
0645d
05630
0f353
05f02
0b418
05c5f
031a8
0ae86
031a9
0b505
031aa
0f08f
0b336
069ac
06534
0c31e
0b41b
06536
0bd7c
0a613
0f091
0b41c
06539
0f356
0c322
0b41f
0a528
0ad9f
031b7
0bd7e
0b509
0f359
0b339
031bb
0b421
0f35b
03259
0429f
07aba
03ff5
081fa
03ff6
0325c
042a2
0325d
042a3
034d9
047e8
0570b
06a8a
039ed
06a8b
039ee
039ef
03263
06d34
039f1
034e0
0762f
068c4
034e2
034e3
03269
0326a
0737f
039f8
034e7
0326d
0326e
05c62
0abb6
05464
0f17a
05c63
0f43e
0653d
03272
0abba
0abbb
06e19
03275
0c6ed
039fd
0b7dc
068c6
0f441
0b7de
03a00
051b3
0a616
051b4
0ebde
057e9
06e1c
05298
0c40f
05f09
0b422
05f0a
05c67
0f443
0a618
05714
0f17f
06543
05716
0f445
0a708
0e366
0a9d3
0ebe1
0b427
06d38
06545
0328a
0af6a
06e1e
0328c
0b5f8
06629
0be6f
0662a
0328f
0f184
0af6e
06e1f
03292
0f186
0ae91
0b5fa
0f44b
0b5fb
0c416
0ebe6
0b42a
0f189
046f6
06c5f
0340e
06c60
03332
0662d
06c61
03334
03780
0461a
03337
06546
0c9c8
05d41
03784
0c9ca
0333b
05d42
0b248
05a9e
0f816
05d43
0fad8
06b7d
0333f
0b24c
0b24d
057ef
070d8
03ffb
070d9
03ffc
03344
07386
03ffe
03ae3
03ae4
07c88
06f07
03ae6
0334a
0334b
079d6
04005
03aea
03aeb
0334f
03350
0400a
0cd9c
06c63
0fade
07471
03354
0be75
0400e
0fae0
0cda1
0662e
0f540
0acaf
03359
06b81
0335a
0b50b
06b82
0335c
0af74
06b84
0fae2
0b50d
06b86
03360
06c64
0cabe
06631
05d4a
03363
0b064
03364
0bc8f
03365
0fae4
0738b
071bc
03368
0cac1
0ada2
0f280
0b067
0fae5
0cac2
0b601
0336d
0f821
0cac5
0af76
0f282
0ada4
03372
0c50f
03373
0f284
0b604
0cac7
03412
034ea
0754d
05f0e
0754e
059b8
03416
0754f
0c603
05b83
071be
05632
0b33b
058d5
0b33c
058d6
0fbcb
071c0
03929
040d7
06c6e
03bbc
06c6f
03bbd
07550
06634
03bbf
03423
03424
07552
040de
03426
083eb
0747b
07553
03bc6
0342a
0342b
07d81
083ec
0342e
0bf64
040e8
0f360
06fee
0ce90
0780d
03432
0ce92
0bf69
058d9
0b06a
06715
0f633
06637
0b606
06638
05e31
0fbd3
0ada8
058de
0f361
06c75
058e0
0fbd5
06716
0b6ee
05f11
0343f
0f363
0ae92
0eaf6
0b157
0edc5
0b60c
06d3e
03444
0c607
0ae94
0edc6
0b159
0fbd7
0c608
0b6f3
03449
0b60d
0c60a
0b6f5
0adaa
0fbda
0344e
0c054
0344f
0c055
0b60f
03452
0b6f7
0fbdd
034f0
06e20
05a9f
06e21
035c9
0c6f3
06e22
035cb
05717
06a93
03a02
06a94
03a03
06d41
03a04
0f44f
05f14
034fa
03c98
06718
034fc
05f16
034fd
0755e
041b7
034ff
07637
0671c
070de
03c9f
0fcc0
07560
041bd
041be
03506
0fcc1
0763b
07ba3
041c2
041c3
0763c
0350c
0cf81
041c6
0baac
070e1
0fcc3
0baae
041c9
05465
0ae98
05466
0eeb4
05f17
07562
05f18
059c2
0b6fa
067f5
03517
0b15f
059c5
03519
0f454
05ff6
0763f
05aa2
0c6f7
0b6fd
068cf
0c142
0a9d9
0ebe9
07563
067f9
03521
0b7e2
07641
03523
0be7a
068d3
0c145
068d4
03526
0f458
0b7e6
07642
03529
0c146
0be7d
0fccc
0352c
0f45b
0352e
0fcce
03530
0f45d
0445f
069af
036a5
069b0
035cf
0637d
069b1
035d1
0384d
0629a
035d3
05ff9
035d4
07644
03d66
035d6
0771d
0629e
071c7
03854
0fdb0
07646
03d6c
03d6d
035dd
0fdb1
07721
07c8d
03d71
03d72
057f9
06e28
0529c
0af79
05aa5
0af7a
05aa6
0fdb3
06e2a
03af3
069b2
0f545
0bb9d
035ea
079da
03d76
0d075
07724
035ed
035ee
068da
035ef
0b255
05aa8
06e2b
05aa9
035f2
06e2c
05aab
0efa7
0a9e1
035f5
0efa8
0b7ee
05b87
06f0d
035f8
0b8d3
06e2d
061be
0bf6a
061bf
0c235
062a1
035fd
0b7f1
07726
069b7
0f54a
0b342
03601
0bf6d
03602
0efab
0c7ed
06f0f
03605
0fdbd
03607
0f54e
0b344
0aacf
0efad
0b7f2
0f550
0c7f0
0efaf
03786
0453d
036ab
06462
0c8d6
061c1
0378a
0c8d8
036af
060de
07729
05b8a
0f8f4
06383
0392d
036b3
0772b
03e45
03e46
036b6
07abf
03e48
036b8
0f8f7
072a3
0772c
03e4c
03e4d
03938
03939
05381
06c78
03bcc
06c79
03bcd
06f13
03bce
0f635
060e2
036c4
03e50
0cbb8
06a99
0f8fa
072a5
036c8
0bc97
03e54
0f8fc
0cbbd
06464
0f36c
0aad1
036cd
069c1
036ce
0b8dd
069c2
036d0
0b348
069c4
0f8fe
0b8df
069c6
036d4
06a9a
0c8da
06467
05d4b
0bab0
05d4c
0c327
060e6
036d9
0f900
07730
06ff4
036dc
0c8dd
0abbe
0f09c
0b435
0f901
0c8de
0b9c9
036e1
0f63f
0c8e1
0b34a
0f09e
0abc0
036e6
0c32b
036e7
0f0a0
0b9cc
0c8e3
0378c
061c4
072ab
05c70
0f9e6
06469
03a0a
0f9e7
0646b
03f22
03f23
03793
07ba5
03f25
03a10
03a11
08118
07390
03f29
03f2a
03a15
03a16
05467
067fa
03ca9
067fb
03caa
06ff9
03cab
0f727
061c8
037a1
03f2d
0ccaa
06b8b
0f9ec
07393
037a5
0bd89
03f31
0f9ee
0ccaf
06552
0f45e
0abc3
037aa
06b8c
0c9cc
06555
05c74
06ffb
05c75
037ae
06ffc
05c77
0f18b
0abc5
037b1
0f18c
0b9d2
05e33
0bba2
05e34
0c419
061cc
037b6
0f9f2
072b2
070e3
037b9
0c9cf
0acb6
0f18e
0af81
0f9f3
0c9d0
0b519
037be
0f731
0c9d3
0b43c
037c1
0acb8
0f191
0acb9
037c4
0b51d
0f9f8
0b9d7
0385d
0393b
079dc
0638a
079dd
05e36
03861
079de
0d07b
03864
0764b
05d4f
0764c
03cb1
0cf87
0764d
03cb3
05aaf
06e33
03d7a
06e34
03d7b
0764f
03d7c
0fdc3
062a8
0386e
04010
06ab0
03870
062aa
03871
078fa
04541
03873
079e0
06ab4
0747f
04017
10088
078fc
04547
04548
0387a
10089
079e4
07f4f
0454c
0454d
079e5
03880
0c41f
04550
08f4e
07482
1008b
08f50
04553
057fd
0b25a
057fe
0f828
062ab
078fe
062ac
05d58
0bab8
070ef
0388b
0b521
05d5b
0388d
0fdc8
0638c
079e8
05e38
0d07d
0babb
071d1
0cac8
0b34d
0efb1
078ff
070f3
03895
0bbaa
079ea
03897
0c23c
071d5
0cacb
071d6
0389a
0fdcc
0bbae
079eb
0389d
0fdce
0b523
0c23e
10095
0c23f
038a2
10096
038a4
0fdd1
047e9
06d4d
03a19
06d4e
03943
06c7b
06d4f
03945
03e56
069c8
03947
069c9
03948
071d8
03949
0b8e9
03e5a
0f90a
0394c
06391
079ec
05e3c
10178
06b9b
040f0
10179
06b9d
04620
04621
03953
07d83
04623
040f6
040f7
08307
07ac9
04627
04628
040fb
040fc
06d50
0f90b
0903f
0395e
07d84
0462e
0c513
07acd
03961
03962
071dc
03963
0b617
05e3e
0773c
05e3f
03966
0773d
05e41
0f36f
0b355
03969
0f370
0bbb6
05f1d
072b6
0396c
0bc9b
0773e
06556
0c32c
06557
0c60f
06ba1
03971
0bc9c
07ad0
03973
0c32e
06d57
0c611
06d58
03976
0f912
0773f
072b8
03979
10185
0f374
0b357
0b706
0f915
0b707
0bbba
0f916
0cbca
0f377
03af4
048c7
03a1f
067fc
0ccb0
06559
03af8
0ccb2
03a23
06476
0b9d8
061ce
0f9fa
06477
10268
06d5b
03a27
0b9dc
0b9dd
05f21
072bc
046f9
072bd
046fa
03a2c
07ad4
046fc
041cf
041d0
07e68
07658
041d2
03a32
03a33
0811a
04703
041d6
041d7
03a37
03a38
04708
0c056
06e39
1026e
07bb2
03a3c
09133
0470c
10270
0c05b
067fe
0fcd0
0b445
03a41
06d5f
03a42
0bca5
06d60
03a44
0b70a
06d62
10272
0bca7
06d64
03a48
06e3a
0ccb4
06801
0647e
03a4b
0b7fa
03a4c
0c425
03a4d
10274
07ad9
0739d
03a50
0ccb7
0af86
0f464
0b7fd
10275
0ccb8
0bd91
03a55
0fa05
0ccbb
0b7fe
0af89
0f466
0b448
0b70d
03a5b
0f468
0bd94
0ccbd
03afa
03bd2
07c8e
0663e
07c8f
060ea
03afe
07c90
0cda5
06007
0739f
042a8
073a0
042a9
03b03
07bba
042ab
03d84
03d85
07f50
07741
03d87
03b09
03b0a
08204
042b2
03d8b
03d8c
03b0e
03b0f
04020
06ba2
03b11
06ba3
03b12
06e44
03b13
0b527
04024
0faf0
03b16
09222
042b8
0faf2
07742
0c14a
07f53
03b1a
0c14c
09227
0600b
0b800
068e7
0fdd3
06807
0bd96
06808
06563
10363
0af8c
06010
0faf3
06e4b
06012
10365
068e8
0be7e
06641
03b27
0faf5
0b076
0f286
0b8ed
0f555
0bd9c
073a7
06f22
0cda8
0be81
06f24
0c7f4
0b079
0faf7
0be82
06f27
10368
0cdac
0be85
0af8e
1036a
03b36
0c7f6
03b37
0c7f7
0bd9f
03b3a
0be87
1036d
03bd8
07569
061cf
0756a
03cb7
0ce95
0756b
03cb9
04384
060ed
07489
04386
0748a
04387
04388
03e61
07c9f
068ee
03e63
08036
072c3
03e65
03e66
085b9
07818
04390
04391
03e6a
03bec
03bed
06644
0b61c
05e46
0fbe0
06645
0fea4
06f2b
03bf1
0b620
0b621
07819
03bf4
0c241
04396
08d6a
072c5
0fea7
08d6c
04399
05b97
0b07c
05b98
0f644
06647
07ca3
06648
060f4
0be8a
06f2f
03bff
0b8f5
060f7
03c01
0fbe6
06726
0781c
061d2
0ce99
0b168
0edcc
0b9df
0f647
0be8d
07ca4
06f33
03c09
0bf72
0781e
03c0b
0c05e
0700b
0c8e7
0700c
03c0e
0fbea
0bf76
0781f
03c11
0fbec
0b8f7
0c060
0feb1
0c061
03c16
0feb2
03c18
0fbef
04461
061d3
0756f
04463
07570
04464
04465
03cbf
07822
04467
03f40
0811c
073a9
03f42
03f43
03cc5
03cc6
07e6c
0446e
03f47
03cc9
03cca
0672a
0b70e
05f2c
0fcd2
0672b
0ff96
07011
03cce
0b712
0b713
07907
03cd1
0c333
04473
08e5c
073ab
0ff99
08e5e
04476
05c7d
0b16e
05c7e
0f736
062b1
0790a
05d60
0cf8b
069d5
0bf7a
069d6
0672f
0ff9b
0b170
061dc
0fcd7
07017
061de
0ff9d
0b260
0eebe
0b52b
0f739
0bf7f
07826
07019
03ce6
0bac2
0790c
03ce8
0c150
070fd
0c9d9
070fe
03ceb
0fcdc
0bac6
0790d
03cee
0fcde
0b9e9
0c152
0ffa3
0c153
0cf92
0f73e
0bf82
0fce1
06399
07ca6
03e6d
09229
07ca7
03e6f
062b3
07bc0
041e1
09137
07bc1
041e3
06013
073ac
042be
073ad
042bf
07bc3
042c0
1036f
06810
03d9c
04554
03d9e
03d9f
06811
07e71
062b8
10636
0701d
04559
10637
0701f
04a89
04a8a
03da6
08788
04a8c
04a8d
03da9
10639
07f5b
084d6
04a91
07f5c
03dae
0c9dd
04a94
09500
079f7
1063b
09502
04a97
05d61
0b806
05d62
0fdd4
06813
07e75
06814
062bc
0c064
07667
03db9
0bacd
062bf
03dbb
10374
068f4
07f5f
0639c
0c155
0c067
07749
0d086
0b8f9
0f55d
07e76
0766b
03dc3
0922e
07f61
03dc5
0fdd8
0c159
0774e
0d088
0b8fb
10378
09232
07f62
03dcb
09235
10644
0fddb
0b80b
0bbc0
1037c
0bbc1
0c06a
1037d
0647f
07828
03f4a
08d6f
07829
03f4c
060f9
07492
0439b
07493
0439c
07cac
0439d
0feb5
068f8
03e79
04631
04b60
04b61
04634
07106
03e7e
068fa
03e7f
03e80
07f65
04b66
03e82
0803d
07ada
0463b
1072a
07f67
0803f
08040
0463f
03e89
0887b
08042
03e8b
0cacf
04b71
095f2
07add
1072d
095f4
04b74
05e47
0b8fe
05e48
0f91a
068fb
07f68
068fc
063a4
0c160
07757
03e96
0bbc5
063a7
03e98
0feba
069dc
08045
06482
0c247
0c163
072cb
0cbcc
0b9eb
0f64f
07f69
072cc
0c248
08d75
072ce
03ea2
0febd
0b9ec
0f91f
0bcb1
10734
07f6a
08d78
08048
03ea8
0fec0
0c24f
0f921
0b903
0bcb2
0fec2
0bcb3
0c166
0fec3
06567
0790e
04027
08e61
0790f
04029
061df
07578
04478
07579
04479
0782e
0447a
0ffa7
069e0
03f56
0470e
03f58
03f59
069e1
0804a
06486
1081a
071ed
04713
1081b
071ef
04c43
04c44
03f60
083f0
04c46
04c47
03f63
1081d
08127
086a2
04c4b
08128
03f68
0c615
04c4e
096e4
07bce
1081f
096e6
04c51
05f2d
0b9f0
05f2e
0fa0c
069e3
0804e
069e4
0648a
0c252
072d9
03f73
0bcb7
0648d
03f75
0ffac
06ac2
0812b
0656a
0c339
0c255
073b3
0ccbe
0b531
0f741
0804f
072dd
03f7d
08e66
0812d
03f7f
0fa10
0c33d
073b8
0ccc0
0b533
0ffb0
08e6a
0812e
03f85
0ffb2
0c341
0c9e6
10829
0c9e7
0bcb8
03f8a
0c258
0ffb5
0664d
079f8
04104
08f53
079f9
04106
047eb
042c4
042c5
06d6e
04031
06ac5
04032
08131
047f0
04034
08209
06d72
07cb4
042cc
1090c
08133
0820b
042cf
0403b
0403c
08a47
0403e
06ac6
0bad0
062c2
1009a
06ac7
1090e
073bd
04042
0bad4
0bad5
0820e
04045
0c707
047fd
097d6
07cb7
10911
097d8
04800
06015
0b536
06016
0fafe
06ac9
08134
06aca
06572
0c344
073c1
04050
0bdaf
06575
04052
100a0
06ba8
08211
06650
0c42b
0c347
07499
0cdb0
0b623
0f833
08135
073c5
0405a
08f58
08213
0405c
0fb02
0c42f
0749e
0cdb2
0b625
100a4
08f5c
08214
04062
08f5f
1091a
0fb05
0b53b
0be9c
100a8
0be9d
0c34a
100a9
06733
07ade
041e5
09045
07adf
041e7
048c8
043a1
043a2
06e56
0410e
06bab
0410f
07d8a
048cd
043a6
10451
06e5a
07836
043a9
10452
07d8d
043ab
04117
04118
04119
08b2d
0411b
06bac
0bbc8
063aa
1018c
06bad
10454
074a3
0411f
0bbcc
0bbcd
07d90
04122
0c7ff
048da
0931c
07839
10457
0931e
048dd
060fb
0b628
060fc
0fbf0
06baf
0821a
06bb0
06658
0c436
074a7
0412d
0bea1
0665b
0412f
10192
06c8e
07d93
06736
0c51d
0b714
0f378
0bf8b
0fbf3
0c439
0821b
074ab
04137
0904a
07d95
04139
0fbf4
0c521
07584
0cea4
0b717
10196
0904e
07d96
0413f
09051
10460
0fbf7
0b62d
0bf8e
1019a
0bf8f
0c43c
1019b
049a5
0447e
0447f
06f3c
041eb
06c91
041ec
07d99
049aa
041ee
07e79
06f40
0791c
04486
10544
07d9b
07e7b
04489
041f5
041f6
08c13
041f8
06c92
0bcba
06490
1027e
06c93
10546
07589
041fc
0bcbe
0bcbf
07e7e
041ff
0c8f1
049b7
0940e
0791f
10549
09410
049ba
061e1
0b71a
061e2
0fce2
06819
07e81
062c4
0c06d
06f41
0c526
06f42
06c97
1054b
0b71c
06740
10283
0758f
06742
1054d
0b80c
0f46a
0bad7
0fce5
0c52b
07d9d
07591
04214
0913c
07e83
04216
0fce6
0c071
07676
0cf96
0b80f
10288
09140
07e84
0421c
09143
10552
0fce9
0b71f
0bada
1028c
0badb
0c52e
1028d
06901
0821d
043b1
097db
0821e
043b3
0681b
08137
04725
096e9
08138
04727
06577
07920
04802
07921
04803
0813a
04804
1091f
06d7c
042e0
062c5
0bdb2
062c6
10380
06d7d
083f7
06d7e
06822
0c622
07bd9
042e7
0c079
06825
042e9
10922
06e60
084dd
06904
0c713
0c625
07cbb
0cdb6
09237
0fb09
083f8
07bdd
042f1
097e0
084df
042f3
0c16a
07cbf
0cdb9
07cc0
042f6
10926
097e4
084e0
042f9
0cdba
042fa
0cdbb
042fc
10929
0c07a
042fe
0c628
1092b
069e7
07d9f
0448e
09321
07da0
04490
0665d
07a06
048df
07a07
048e0
08223
048e1
10465
06e64
043bd
063ab
0beaa
063ac
0fec6
06e65
084e1
06e66
0690a
0c71e
07cc7
043c4
0c171
0690d
043c6
10468
06f48
085c3
069ea
0c805
0c721
0783d
0cea8
08d7d
0fbfb
084e2
0783e
0c806
09327
07840
0ceaa
08d7f
1046b
09328
07843
10ced
084e3
0932a
085c6
043d6
0ceac
043d7
0cead
043d9
1046f
0c172
0fece
0c724
10471
06acf
07e85
0456b
09413
07e86
0456d
06743
07aec
049bc
07aed
049bd
07da5
049be
10557
06f4c
0449a
06491
0bf9c
06492
0ffb8
06f4d
085c7
06f4e
069f0
0c810
07849
044a1
0c263
069f3
044a3
1055a
0702e
086a9
06ad2
0c8f7
0c813
07925
0cf9a
08e6f
0fced
085c8
0784d
044ab
09418
086ab
044ad
0c354
07929
0cf9d
0792a
044b0
1055e
0941c
086ac
044b3
0cf9e
044b4
0cf9f
0ffbf
0941f
0c264
0ffc0
0c816
10563
06bb5
07f6b
04648
09505
07f6c
0464a
062c7
07bde
04a99
07bdf
04a9a
07e8b
04a9b
1064b
07032
04577
06579
0bae2
0657a
100aa
07033
086ad
07034
06ad8
0c902
07931
0457e
0c35b
06adb
04580
1064e
07114
0878f
06bb8
0c9e9
0c905
07a0b
0d08c
08f61
0fddf
086ae
07935
04588
0950a
08791
0458a
0c446
07a0f
0d08f
07a10
0458d
10652
0950e
08792
04590
0d090
04591
0d091
100b1
09511
0c35c
04595
0c908
10657
06c9b
08051
04729
095f7
08052
0472b
063ad
07ccc
04b76
07ccd
04b77
07f71
04b78
1073d
07118
04654
0665f
0bbd4
06660
1019c
07119
08793
0711a
06bbe
0c9f4
07a17
0465b
0c44d
06bc1
0465d
10740
071fa
08311
06c9e
0cadb
09052
0f924
0bcc1
1019f
0c9f7
08794
07a1b
04665
095fc
08313
04667
0c538
07af5
0cbd5
07af6
0466a
10744
09600
08314
0466d
0cbd6
0466e
0cbd7
04670
10747
0c44e
04672
0c9fa
10749
06493
0784e
04c53
0784f
04c54
08057
04c55
1082f
071fe
04731
06745
0bcc6
06746
1028e
06d83
083fa
0682a
0c62b
074b4
0cae4
074b5
07201
10b04
0bcc8
06ca6
10831
07aff
06ca8
10b06
09144
0fa16
0bdb9
10291
0cae9
08316
07b01
04742
096ee
083fc
04744
0c084
07be5
0ccc7
07be6
04747
10836
096f2
083fd
0474a
0ccc8
0474b
0ccc9
0474d
10839
0c540
0474f
0caec
1083b
06e6b
08796
048e5
09d8d
08797
048e7
06d85
086b0
04c59
09c9b
086b1
04c5b
06d87
0c634
07beb
10c02
07b04
0cbd8
07b05
072ef
111af
0c360
06d8c
10ed7
0814a
06d8e
111b1
07bec
09d90
073d4
0481a
10ed9
08f66
100b4
097e9
10931
0cbde
086b5
0822d
0cccc
09d93
0822f
0c728
08f69
10edb
09d94
08232
111b4
0ccd0
09d97
08f6a
10934
08f6b
04829
10edf
0ccd3
10936
0c363
0482e
111b9
074b9
08b2e
06f52
048ea
08b2f
098d5
07cd0
10cf3
0c457
048ee
08234
048ef
0ccd5
08235
048f1
0c72e
08237
112a2
0ccd7
08239
048f5
07dad
0cdbc
07cd3
073d8
048f8
0932e
048f9
0c543
048fa
112a4
08b31
07db0
10a20
09330
048fe
0c545
048ff
10479
0cdc1
0823a
04902
10a23
0cdc3
09332
10a24
09333
098de
0cdc5
04908
10a26
0c731
0ccdd
049c5
07850
099c4
075a0
04aa0
099c6
049c9
07db5
049ca
0c81f
06f56
0831d
06f57
049cd
0831e
06f59
10567
0c54b
049d0
10568
0cdca
07039
08400
049d3
099c9
0831f
07683
0c088
07684
0c90b
07cd6
049d8
0cdcd
08c17
07e96
10b12
09422
049dc
0c08b
049dd
1056b
0ceb3
08402
049e0
11399
0c08c
1139a
0c08d
0ceb6
049e4
0c54c
1139c
049e7
1056f
04b7b
07f77
04aa3
07937
07f78
04aa5
06add
0c08e
06ade
10658
075a3
08c1a
075a4
0703e
0ceba
07e9e
04aac
0c913
07041
04aae
10c04
07687
08cfc
07120
0cfa1
0cebd
07f7a
0c9fc
0923d
1038b
08c1b
07ea2
04ab6
09abc
08cfe
04ab8
0c17c
07f7e
0c9ff
07f7f
04abb
10c08
09ac0
08cff
04abe
0ca00
04abf
0ca01
1065f
09ac3
0c914
04ac3
0cec0
10c0d
07203
085ca
04c5d
09ba9
085cb
04c5f
07121
0ca02
07a1f
10a29
0793c
0cfaa
0793d
0768b
10fcb
0c182
07126
10cf5
07f86
07128
10fcd
07a20
09bac
0776e
04b8e
09604
04b8f
0c26d
04b90
10cf7
0cfb0
084ec
08061
0d094
09baf
08063
0caf0
08d85
10cf9
09bb0
08066
10fd0
0d098
09bb3
08d86
10750
08d87
04b9d
10cfd
0d09b
04ba0
10cfe
04ba2
10fd5
07b07
10b1a
0c273
04c62
0814d
0cbe2
07b0a
07208
085cf
07209
04c66
085d0
0720b
1083d
0c275
04c69
1083e
0d0a0
073d9
0c364
073da
0c63b
07772
04c6e
110c0
08884
086b7
04c71
0cbe5
08e76
10840
096f9
110c1
0cbe6
09ca3
04c76
10ded
0cbe9
096fa
10dee
096fb
09ca6
110c5
04c7c
10df0
0caf9
0d0a5
04d39
04d3b
0529d
05ab4
04d3e
084ed
060fe
052a1
04d41
085d3
04d43
063af
07a25
04d45
05ab6
06101
06102
09242
0a438
06104
0e731
0a439
06106
0ecdc
0e733
0efb4
07773
08b38
08889
04d53
09ac6
0d264
0951b
07f91
0d810
0c187
04d57
07f94
085d5
112ac
09247
0a43b
09248
0a43c
04d5e
0c188
10662
09acc
09521
04d61
0d174
0cfb7
0d175
04d65
04e21
05384
05b9c
04e24
085d7
061e6
05388
04e27
086b9
04e29
06495
07b0b
04e2b
05b9e
061e9
05d65
04e30
09bb6
0e276
0960b
061ed
0e278
0a52c
04e34
061f0
072f5
08c1e
0896f
04e39
09bb8
0d356
0960d
08077
0d902
0c279
04e3d
0807a
086bb
1139e
08d8d
0a52d
08d8e
0a52e
04e44
0c27a
10754
09bbe
09613
04e47
0d26e
0d0a9
0d26f
04e4b
04f07
0546a
05c82
04f0a
086bd
05d68
0546e
04f0d
087a0
04f0f
0657b
07bf1
04f11
05802
04f13
05d6c
08e7a
0a61c
05d6e
0e369
0a61d
05d70
0e914
0e36b
0f198
073db
08d05
08a55
04f1f
09caa
0d448
096ff
0815d
0d9f4
0c36b
04f23
08160
087a2
11490
08e7f
0a61f
08e80
0a620
04f2a
0c36c
10846
09cb0
09705
04f2d
0d360
0cbef
0d361
04f31
04fed
052a2
05e4d
052a4
08b3c
04ff2
05555
06bc5
0823d
05557
04ff6
0ddbc
05e50
05806
05e51
05e52
08f6c
0a70e
05e54
0e45b
0a70f
05e56
0ea07
0e45d
0f28a
074c1
0888c
08b3f
05005
09d9c
0d53a
097f1
08243
0dae7
0c45d
05009
08246
08324
10fd6
08f71
0a711
08f72
0a712
05010
0c45e
10938
09da2
097f7
05013
0d452
0cce1
0d453
05017
050d3
05389
05f33
0538b
08c22
050d8
0563b
06cab
07dbf
0563d
050dc
0deae
05f36
058ed
05f37
05f38
0905e
0a800
05f3a
0e54d
0a801
05f3c
0eaf9
0e54f
0edd0
075a7
08972
08c25
09060
0c824
07dc4
0d62d
09338
050ed
0cdd1
0d62f
0deb0
0840a
110c8
09063
0a803
09064
0a804
050f6
0c550
1047e
098e8
0933d
050f9
0d544
0cdd3
0d545
050fd
051ba
084f0
051bc
062cb
07940
051be
05720
059d1
051c1
0840c
0601c
05724
051c4
05ab9
051c6
0601f
0a070
051c8
099d3
0a071
051ca
0aea0
06023
0ebec
051ce
084f1
07ea9
07dc9
09428
0cec2
09153
051d3
099d6
07ead
0d178
051d6
051d7
084f3
051da
0a073
051db
0a074
0deb1
099d9
0d17a
0942e
051de
0d635
0aea3
0c919
051e1
0d637
052a7
052a9
05808
06026
052ac
0f55e
08a5b
052af
06666
097f8
0a9ea
06668
0ece0
0a9eb
0666a
0f28b
0ece2
0f560
0840f
097fa
0cfb8
0915b
052bb
0a079
097fc
0e643
052be
052bf
0915c
0c738
052c1
0d81b
09ad4
0af93
09ad5
0af94
09800
052c5
0d81c
0a9ef
0d727
052c9
0538f
058ee
0610c
05392
0f650
08b42
05395
062cc
05398
0a168
0e825
09bc1
06751
0e827
0aade
0539c
06754
084fc
09340
0d0aa
0924d
053a1
0a16b
09342
0e735
053a4
053a5
0924e
0c82a
053a7
0d90d
09bc6
0b085
09bc7
0b086
09346
053ab
0d90e
0aae1
0d821
053af
05475
059d4
061f2
05478
0f742
08c28
0547b
062d0
09430
0abce
062d2
0e918
0abcf
062d4
0eec3
0e91a
0f744
085e2
09432
0cbf0
08d93
05487
0a25d
09434
0e27b
0548a
0548b
08d94
0c91c
0548d
0d9ff
09cb8
0b177
09cb9
0b178
09438
05491
0da00
0abd3
0d913
05495
0555b
0580c
0555e
06914
063b5
05abe
05561
063b6
09522
0acc0
063b8
0ea0a
0acc1
063ba
0efb5
0ea0c
0f836
086c8
09524
0cce2
08e85
0556d
0a34f
09526
0e36d
05570
05571
08e86
0ca0e
05573
0daf1
09daa
0b269
09dab
0b26a
0952a
05577
0daf2
0acc5
0da05
0557b
05641
058f2
05644
069fa
0649b
05ba4
05647
0649c
09614
0adb2
0649e
0eafc
0adb3
064a0
0f0a7
0eafe
0f37c
0832a
09e94
05651
0cdd5
09617
05653
09e96
0832e
0e18a
05657
08f78
0cb00
05659
0dbe3
098f0
0b35b
098f1
0b35c
0961c
0565d
0dbe4
0adb7
0daf7
05661
05728
05f3f
06580
05c89
0572c
0e552
0572e
06583
0a622
05730
09f85
0a623
05732
0b44c
06587
0f19a
05736
09068
0c644
08412
0d729
099df
08414
0dcd2
0d72b
0e554
0573e
09f89
10b1c
0cec9
0970c
0aea7
0970d
0aea8
05742
0d72e
099e5
0a627
05745
0dbe9
0580d
0580f
05d76
0658a
05812
0fb0a
0658b
06cae
0a080
0b53c
09daf
05818
0b53d
0acc8
0fb0b
0581b
0581c
0581e
09db0
0ddc6
09711
08a60
0ddc8
0a084
05822
08a63
09160
0a62d
05825
0ddcb
0a086
0b53f
0a087
0b540
09db6
05829
0ddcc
0af9b
0dcd7
0582d
058f5
05e5c
06670
058f8
0fbfc
06671
058fc
06cb3
0adb8
058fe
0a71b
0adb9
05900
0b630
06cb7
0f37e
05904
098f6
0deb8
09803
08b46
0deba
0a176
05908
08b49
09252
0a71f
0590b
0debd
0a178
0b631
0a179
0b632
098fc
0590f
0debe
0b08d
0ddd1
05913
059db
05f42
06756
059de
0fcee
06757
06916
0a264
0b720
099e7
059e4
0b721
0aeac
0fcef
059e7
059e8
059ea
099e8
0dfaa
09349
08c2c
0dfac
0a268
059ee
08c2f
08d98
0a811
059f1
0dfaf
0a26a
0b723
0a26b
0b724
099ee
059f5
0dfb0
0b17f
0dec3
059f9
05ac1
05d79
05ac4
06e78
06919
062d9
069fc
0a356
0b812
09ad9
05aca
0b813
0a9f2
0fde1
05acd
05ace
05ad0
09ada
0e09c
0943b
08d12
0e09e
0a35a
05ad4
08d15
08e8a
0a903
05ad7
0e0a1
0a35c
0b815
0a35d
0b816
09ae0
05adb
0e0a2
0b271
0dfb5
05adf
05ba7
05e5f
05baa
06f5e
069ff
063bf
06ae2
09e9c
0b904
09bcb
05bb0
0b905
0aae4
0f927
05bb3
05bb4
08f7a
0a446
08893
0e18f
09e9f
08895
0e739
0e191
0ea0e
08f7c
0a449
05bbd
0e193
09ea2
0b907
09ea3
0b908
09bd2
05bc1
0e194
0b363
0e0a7
05bc5
05c8e
064a3
06ae4
061f7
05c92
06ae6
09cbc
0b450
06ae8
0f19c
0b451
06aea
0f745
0f19e
0fa1a
08898
0961e
0cbf4
0906d
05c9e
0a539
09cc0
0eb01
05ca1
05ca2
09f93
110c9
0cbf7
09cc2
0b453
09cc3
0b454
05ca6
0dcde
09f97
0abd9
05ca9
0e199
05d7a
05d7c
0768f
0712d
0658c
05d80
0712f
0b272
05d82
0abdb
0b273
05d84
0baea
07133
0fde4
05d88
0a362
0e376
09cc7
0a363
0b545
0a364
0b546
05d8c
0d365
0a638
0b277
05d8f
0e287
05e60
05e62
07775
07215
06672
05e66
07216
0a724
0bbda
09ea7
05e6a
0bbdb
0b366
101a9
05e6d
05e6e
09ea8
0e468
09db9
09ea9
0b637
09eaa
0b638
05e72
0d457
0a72a
0b369
05e75
0e37d
05f46
05f48
072f7
06d97
06758
05f4c
06d99
0b456
05f4e
0adbf
0b457
05f50
0bcce
06d9d
0fa1c
05f54
09f9a
0e55a
098ff
09f9b
0b729
09f9c
0b72a
05f58
0d549
0a81c
0b45b
05f5b
0e46f
0602c
0658d
0683c
06030
1038c
06032
06e7f
0af9c
06034
0aeb1
0af9d
06036
0bdc0
06e83
0fb0e
0603a
0a08c
0e64c
099f1
0a08d
0b81b
0a08e
0b81c
0603e
0d63b
0a90e
0afa1
06041
0e561
06112
06673
06922
06116
0fed2
06118
06f65
0b08e
0611a
0a9f7
0b08f
0611c
0beb2
06f69
0fc00
06120
0a17e
0e73e
09ae3
0a17f
0b90d
0a180
0b90e
06124
0d181
0a454
0b093
06127
0e653
061f8
06759
06a08
061fc
0ffc4
061fe
0704b
0b180
06200
0aae9
0b181
06202
0bfa4
0704f
0fcf2
06206
0a270
0e288
09bd5
0a271
0b9ff
0a272
0ba00
0620a
0d273
0a546
0b185
0620d
0e745
062de
062e0
07bf5
07692
06af0
062e4
07694
0b81e
062e6
0b187
0b81f
062e8
0c09a
07698
10390
062ec
0a911
0e922
0a276
0a912
0baf1
0a913
0baf2
062f0
0d916
0abe7
0b823
062f3
0e833
063c4
063c6
07cdb
0777a
06bd6
063ca
0777b
0acd3
0c18a
0a456
063ce
0c18b
0b912
10759
063d1
063d2
0a457
0ea14
0a368
0a458
0bbe3
0a459
0bbe4
063d6
0da08
0acd9
0b915
063d9
0e929
064aa
064ac
0785d
072fc
06cbc
064b0
072fe
0ba02
064b2
0b36b
0ba03
064b4
0c27e
07302
0ffc8
064b8
0a549
0eb06
09eae
0a54a
0bcd5
0a54b
0bcd6
064bc
0dafa
0adcb
0ba07
064bf
0ea1b
06590
06af1
06da0
06594
1093c
06596
073e4
0b548
06598
0b45d
0b549
0659a
0c370
073e8
100ba
0659e
0a63b
0ebf8
09fa0
0a63c
0bdc7
0a63d
0bdc8
065a2
0dbec
0aebd
0b54d
065a5
0eb0d
06676
06bd7
06e86
0667a
10482
0667c
074ca
0b63a
0667e
0afa3
0b63b
06680
0c462
074ce
101ac
06684
0a72d
0ecea
0a092
0a72e
0beb9
0a72f
0beba
06688
0d732
0aa03
0b63f
0668b
0ebff
0675c
06cbd
06f6c
06760
10574
06762
075b0
0b72c
06764
0b095
0b72d
06766
0c554
075b4
1029e
0676a
0a81f
0e834
0a184
0a820
0bfab
0a821
0bfac
0676e
0d824
0aaf5
0b731
06771
0ecf1
06842
06844
08163
07bf8
07054
06848
07bfa
0bdca
0684a
0b733
0bdcb
0684c
0c64a
07bfe
10940
06850
0aec0
0eece
0a825
0aec1
0c0a1
0aec2
0c0a2
06854
0dec6
0b193
0bdcf
06857
0eddf
06928
0692a
08249
07ce0
0713a
0692e
07ce1
0b27f
0c73a
0aa05
06932
0c73b
0bebe
10d05
06935
06936
0aa06
0efc0
0a917
0aa07
0c193
0aa08
0c194
0693a
0dfb8
0b285
0bec1
0693d
0eed5
06a0e
06a10
07dcb
07862
07220
06a14
07864
0bfae
06a16
0b917
0bfaf
06a18
0c82e
07868
10578
06a1c
0aaf8
0f0b2
0a45d
0aaf9
0c285
0aafa
0c286
06a20
0e0aa
0b377
0bfb3
06a23
0efc7
06af4
07055
07305
06af8
10ee8
06afa
0794a
0baf4
06afc
0ba09
0baf5
06afe
0c920
0794e
1066a
06b02
0abea
0f1a4
0a54f
0abeb
0c377
0abec
0c378
06b06
0e19c
0b469
0baf9
06b09
0f0b9
06bda
0713b
073eb
06bde
10a2e
06be0
07a30
0bbe6
06be2
0b54f
0bbe7
06be4
0ca12
07a34
1075c
06be8
0acdc
0f296
0a641
0acdd
0c469
0acde
0c46a
06bec
0dce2
0afaf
0bbeb
06bef
0f1ab
06cc0
07221
074d1
06cc4
10b20
06cc6
07b16
0bcd8
06cc8
0b641
0bcd9
06cca
0cb04
07b1a
1084e
06cce
0adce
0ede0
0a733
0adcf
0c55b
0add0
0c55c
06cd2
0ddd4
0b0a1
0bcdd
06cd5
0f29d
06da6
06da8
086ca
08166
075b9
06dac
08168
0c37a
06dae
0bcdf
0c37b
06db0
0cbfa
0816c
10eec
06db4
0b46c
0f47a
0add4
0b46d
0c651
0b46e
0c652
06db8
0e472
0b73f
0c37f
06dbb
0f38b
06e8c
06e8e
087b0
0824e
0769f
06e92
0824f
0b82b
0ccea
0afb1
06e96
0cceb
0c46e
112b2
06e99
06e9a
0afb2
0f56c
0aec6
0afb3
0c743
0afb4
0c744
06e9e
0e564
0b831
0c471
06ea1
0f481
06f72
06f74
08332
07dd0
07785
06f78
07dd2
0c55e
06f7a
0bec3
0c55f
06f7c
0cdde
07dd6
10b24
06f80
0b0a4
0f65e
0aa0c
0b0a5
0c835
0b0a6
0c836
06f84
0e656
0b923
0c563
06f87
0f573
07058
075ba
0786b
0705c
11495
0705e
07eb8
0c0a4
07060
0bfb5
0c0a5
07062
0ced0
07ebc
10c16
07066
0b196
0f750
0aafe
0b197
0c927
0b198
0c928
0706a
0e748
0ba15
0c0a9
0706d
0f665
0713e
076a0
07951
07142
10fdb
07144
07f9e
0c196
07146
0bafb
0c197
07148
0cfc2
07fa2
10d08
0714c
0b288
0f842
0abf0
0b289
0ca19
0b28a
0ca1a
07150
0e28e
0b55b
0c19b
07153
0f757
07224
07786
07a37
07228
110cd
0722a
08084
0c288
0722c
0bbed
0c289
0722e
0d0b4
08088
10dfa
07232
0b37a
0f38c
0ace2
0b37b
0cb0b
0b37c
0cb0c
07236
0e380
0b64d
0c28d
07239
0f849
0730b
0730d
0d367
0808b
087b2
0ba16
0cbfe
08d9d
11498
0c92c
086d1
10eef
11499
07317
0ba18
0cc01
0ba19
0cc02
08da1
0731b
0ba1a
0fa26
0b380
0ba1b
0fa28
0c294
0fa29
0fedf
07953
087b4
07c05
073f6
087b5
0b55c
0ccf0
08e8f
10fde
0ca1e
087b9
10a35
10fdf
073fe
0c382
073ff
0c383
10853
0ccf5
0aec7
0c384
0a645
0fb19
0c385
0b562
07405
0fa2d
074d7
074d9
0d54b
08257
0841a
0b64e
0cde2
08f81
110d0
0cb10
0833b
10b27
110d1
074e3
0b650
0cde5
0b651
0cde6
08f85
074e7
0b652
0fc0a
0afb8
0b653
0fc0c
0c478
0fc0d
100c3
0786f
075c0
0d63d
075c2
0841e
0c564
075c4
0ced5
08420
10c18
0bfbc
08422
08423
075ca
0c566
075cb
0c567
1048b
0ced9
0aaff
0c568
0a829
0fcfd
0c569
0b746
075d1
0fc11
076a3
07c06
08502
07ebf
085e6
0b832
0cfc6
09165
112b4
0c748
08507
10d0b
112b5
076af
0b834
0cfc9
0b835
0cfca
09169
076b3
0b836
0fdee
0b19c
0b837
0fdf0
0c0b0
0fdf1
102a7
07a3b
0778c
0d275
0778e
085ea
0c19c
07790
0d0b9
085ec
10dfc
0bbf4
085ee
085ef
07796
0c19e
07797
0c19f
1066f
0d0bd
0ace3
0c1a0
0a461
0f939
0c1a1
0b92a
0779d
0fdf5
07870
07872
1048d
07875
0bfc2
1149a
09351
07877
0cedc
0bfc3
07879
0787a
08d1a
0bfc4
0fee0
0bfc5
1048e
09355
0ab01
0c299
07880
0efc9
0c29a
07882
0fee2
07884
10d0e
086d6
086d7
0795b
08d1c
0c387
0795d
0cfcd
08d1e
10fe1
0c388
08d20
08d21
09445
0cfcf
09446
0cfd0
08e99
07965
0bb0c
100c4
0ba1e
0bb0d
100c6
0c936
100c7
10581
07fa6
07a3f
0889d
08f86
0ca22
0889f
0d278
08f88
07a44
0ca23
0d279
110d5
08f89
0ca24
08f8a
0ca25
07a4a
100c9
0b563
0f1ac
0afba
07a4d
0f1ae
0c47f
0f1af
07a51
07b23
0833e
07b26
08984
0c56b
07b28
0cc05
08986
111c5
0c56c
08988
08989
07b2e
0c56d
07b2f
0c56e
10a37
0cc09
0b0ab
0cb18
0add8
102a9
0cb19
0bcf2
07b35
101bd
07c08
08173
10855
07c0d
0bdde
112b6
09719
07c0f
0ccf8
0bddf
07c11
07c12
08b4e
0bde0
102ac
0bde1
10856
0971d
0aec9
0c0b5
07c18
0ede5
0c0b6
07c1a
102ae
07c1c
10b2a
07cf0
0850b
08c3a
0980a
0cde8
0925d
0d826
0980c
08b53
113aa
0d827
07cf9
0980d
0cdeb
0980e
0cdec
09261
07cfd
0bed4
0fee4
0b83a
0bed5
0fee6
0c752
0fee7
10949
08340
07ddf
0907e
0c845
0907f
0c846
07de2
10491
0bed7
0f574
0b92e
07de5
0f576
0c849
0f577
07de9
07ec3
086d8
07ec6
0c0b8
07ec7
0c0b9
113ac
099f8
0ba1f
0cee2
0b1a0
10675
0cee3
0c0bc
07ecd
10589
07fa8
07faa
10c1d
09ae8
10678
09ae9
10c1e
0953c
0b291
0ca2b
07fb0
0f759
0ca2c
07fb2
1067a
07fb4
1149f
08090
088a5
0962c
0d0c4
0962d
0d0c5
08daa
08095
0c29e
10858
0bc02
0c29f
1085a
0d0c8
1085b
10d11
08427
08177
08e9a
0c661
08e9b
0c662
0817a
1085d
0bcf3
0f390
0b74a
0817d
0f392
0c665
0f393
08181
0825b
08a70
0825e
0c480
0825f
0c481
111c8
09dc0
0b83b
0ccfe
0afbc
10495
0ccff
0c484
08265
10951
08342
08f8f
0cb20
08345
09eb4
08346
0c485
10b2e
0cdf6
08f93
08349
10a3e
0c486
0d45f
10b31
08429
09721
0cee5
09082
0c667
09083
0c668
0842d
0fc13
0c66a
09723
08430
0fc14
110d9
08433
08d24
09aeb
0d642
09814
0cfd8
0b83d
0cfd9
09176
10d13
0cfdb
09aed
0b83e
10d14
08518
10c27
085f6
0a189
112bc
09bde
10d16
0bc03
0fdf6
0c84d
085fa
10d17
0a18b
0bc04
085fd
0fdf9
086da
08dab
0c93c
086dd
0a27c
086de
0c2a1
10ef6
0cc12
08daf
086e1
10e0a
0c2a2
0d27b
10ef9
087c1
0953d
0cd01
08e9e
0ca2f
08e9f
0ca30
087c5
0fa2f
0ca32
0953f
087c8
0fa30
114a1
087cb
08f94
0a462
088a9
09eb7
088aa
0c487
110da
0d0d1
08f98
088ad
10fea
0ca34
0d18b
110dd
0898e
09fa8
0dafe
09cd3
110de
0bcf7
101be
09635
08992
110df
0a556
0c57a
08995
101c1
08a73
09dc4
0d36e
09725
0cd07
09726
0cd08
0917b
112bf
0cd0a
0a09c
0bdea
112c0
08a7c
111d3
09816
0cdf8
0926b
0a739
0926c
0c75d
08b5d
103a3
0981a
0990c
08b60
103a4
0d737
08b63
08db0
0a82a
08c41
0a27f
08c42
0c2a3
114a2
0ceed
08db4
08c45
113b6
0c850
0d553
114a5
08d26
0a370
0d91a
09aef
114a6
0bb13
0ffda
09451
08d2a
114a7
0a91e
0c396
08d2d
0ffdd
08db5
08ea8
114aa
0fa32
114ab
0d372
08db9
10861
12b11
0d27e
09270
0d27f
10e0d
09272
12a1d
0feed
09274
099ff
0d554
09362
0cef0
0c2a5
10498
0bfd0
08dc5
10f01
0cef4
08dc7
0d91c
0cef6
1058a
09369
1058b
0936a
114af
0fef1
0936c
08dcd
0936e
1058c
08dcf
1058d
08dd0
10e0f
08dd1
1568d
09372
19c84
08dd4
0c943
113c2
0a286
09637
0ab03
08dd7
0a558
09be5
10770
0963a
0d0d4
0d283
0963c
0fef5
08ddc
10773
09bea
08dde
0dbf2
09bec
09641
15b48
0f945
15b49
08de3
111d6
09bf1
12de5
0d37b
08de6
11ec7
09bf4
15b4c
11ec9
0bcf9
0f946
0ba24
0cc1c
0f947
0c1b4
0cc1d
08dee
0f66e
10e14
0f0bf
196d2
0f949
0c94b
196d3
10952
0c94d
196d4
10f08
0cc25
10f09
08df7
154a7
0c952
12564
10955
196d7
12566
0c955
0cc26
0ffe2
08dfd
0ffe3
08dfe
10862
08dff
150e1
0cc2a
196db
08e02
10776
08e03
15b4d
113c6
0fa34
114b2
0d37e
12b13
11644
0d380
08e09
10e1c
08e0a
153b5
0f950
08e0c
113c7
0f952
19c88
11556
10e20
19c89
150e7
0fa35
12b16
11557
10f0f
154ac
11ce1
18e53
11647
08e16
196e0
1256a
19c8c
1256b
08e19
19c8d
11559
08e1c
1164b
19c8f
151d4
19c90
151d5
153b8
08e21
08f99
09eba
08eaf
100d4
12654
10a46
08f9d
12656
08eb3
0a91f
114b5
0a376
09457
0cfe3
08eb6
0c957
0cfe5
08eb8
10a47
0cfe7
08eba
0fd08
114b6
0f75d
197c5
0ffe8
0945f
197c6
10ff7
0cfed
0fd0a
114b9
0f75f
1577d
0fa36
1577e
0fa37
197c9
114bb
09467
09dc7
0d381
09546
0cd0c
0a379
0d91f
09cd8
08eca
0c66d
110e2
0c39a
0972d
10869
0d384
10f17
09cdd
08ecf
0d738
09cdf
08ed1
15c39
0d739
09734
10f18
09735
0d46b
12ed6
10a49
08ed7
12ed8
0d73b
15c3d
11fba
08eda
08edb
0ca37
1086c
0c39c
0c2ad
1086d
08edf
10a4b
0cd10
100d6
0ca3b
100d7
0ca3c
10f1a
0fa3e
0ca3e
112ca
1049a
0ca40
08ee7
0ca42
15598
101c3
1921c
10a50
08eeb
120ab
0ca46
1921e
1559d
0f762
10f1c
0f1b3
151d7
0f486
151d8
0f487
19a9b
10f1e
0cd1d
0fa42
114bf
1086f
0d388
08ef7
1095a
12658
10ffa
0d471
197cd
1265b
0fa43
154b2
1095c
19a9d
10870
0fff3
15c41
11651
0fa47
08f01
154b4
0fa49
19224
1095d
0fff4
08f05
120ae
08f06
152c3
08f07
15c44
1173a
10a58
155a0
10a59
155a1
1173b
11654
19228
12660
15c47
11dd6
15c48
11dd7
08f12
1922b
154b7
08fa0
10b3a
0d556
10b3b
0908e
12747
101c7
09090
09bf6
0d18d
09548
0d0d6
0c489
10684
0bc08
08fa9
0db00
0d0da
08fab
10b3e
0d0dc
10779
0954f
1077a
09550
110e8
100df
09552
08fb1
09554
1077b
08fb3
1077c
08fb4
10a5a
08fb5
15871
09558
198bc
08fb8
0cb29
11003
09ebe
0981b
0ace7
08fbb
0a73c
09dcb
1095e
0981e
0cd1f
0d475
09820
100e3
08fc0
10961
09dd0
08fc2
0db01
09dd2
09825
15d2c
0fb2b
15d2d
08fc7
113cb
09dd7
12fc9
0d560
08fca
11aff
09dda
15d30
11b01
0bedd
0fb2c
0b65c
0ce00
08fd0
100e6
0ce01
08fd2
0f852
10a5f
0f2a3
1930a
0fb2f
0cb31
1930b
10593
0cb33
1930c
10b44
0ce09
10b45
08fdb
15691
0cb38
1219c
10596
1930f
1219e
0cb3b
0ce0a
101ca
08fe1
101cb
08fe2
1049f
08fe3
152cb
0ce0e
19313
08fe6
10964
08fe7
15d31
11007
0fc1c
110eb
0d563
1274b
11828
0d565
08fed
10a67
08fee
155a5
0fb36
08ff0
11008
0fb38
198c0
11744
10a6b
198c1
152d1
0fc1d
1274e
11745
10b4b
15696
11ecb
19037
1182b
08ffa
19318
121a2
198c4
121a3
08ffd
198c5
11747
09000
1182f
198c7
14e0c
198c8
14e0d
155a8
09005
0917d
0a09e
09093
102b8
12838
10c2e
09181
1283a
09097
0a82f
0ddd7
09fae
09376
0ce10
0909a
0c854
09913
0909c
0fc1e
110ee
0d569
0937b
114c3
0d64d
0937d
090a1
114c4
0991a
110ef
0991b
09faf
0db03
09ceb
090a6
0cb3c
10a6e
0c57e
0964a
111e0
0d64f
0964c
199ac
0f398
10e24
0cc36
10e25
0cc37
090ae
110f3
0cc39
09652
0f39a
10e26
09654
10e27
09655
110f5
09656
15e1f
101d6
090b6
09736
0cefc
090b8
0c670
0d651
130ba
10c31
090bb
130bc
0d923
15e21
11bf2
090be
090bf
0c671
104a9
0c580
0c491
0c582
090c3
10c33
0cf01
102ba
0c675
102bb
0c676
10c34
0fc26
0c678
114c7
10686
0c67a
090cb
0c67c
15782
103a7
19400
10c38
090cf
1228f
0c680
19402
15787
0f39e
10b58
0edeb
14e0f
0f672
14e10
0f673
19c93
10b5a
0cf0e
0fc2a
110f8
104ac
0d56d
090db
1059b
1283c
111e6
0d657
199b5
1283f
0fc2b
1569c
1059d
19c95
104ad
101db
15e25
11835
0fc2f
090e5
1569e
0fc31
19408
1059e
101dc
090e9
12292
090ea
14efb
090eb
15e28
1191e
10c40
1578a
10c41
1578b
1191f
11838
1940c
12844
15e2b
11fc0
15e2c
11fc1
090f6
1940f
156a1
09184
10d20
0d18f
10d21
09278
1292b
103ab
0927a
09a03
0a09f
0dbf8
09a05
0918c
0c958
113d1
0c0c2
0946d
105a0
0d192
0946f
1100a
0d194
09a0c
105a1
09472
15961
0da13
09474
10c43
09738
0cd20
0a0a2
0dbf9
0bded
102c2
0973b
0cd23
0919b
10d23
0cd26
0919d
0d73d
0cd28
10967
09741
10968
09742
112d4
102c5
09744
091a3
102c6
154b8
0fa4d
19aa2
102c7
15964
10c45
091a7
154bc
154bd
0a0a3
10c46
09af4
091ab
1100c
09a11
12c01
0d199
091ae
11ce9
09a14
15968
11ceb
0bb17
0fd14
0b840
0cff1
091b4
102ca
0cff2
091b6
0f48e
10c47
0eedb
194ee
0fd17
0c769
194ef
10782
0c76b
194f0
10d2a
0cffa
10d2b
091bf
15875
0c770
12380
10785
194f3
12382
0c773
0cffb
103ae
091c5
103af
091c6
1068b
091c7
14f03
0cfff
194f7
091ca
1068d
1292e
112d8
0d19d
19aa7
12931
0fd1c
111f2
105a6
0d660
091d1
10c4f
091d2
1578f
0fd1e
091d4
111f4
0fd20
19aa8
11928
10c53
19aa9
14f09
0fe01
12932
11b02
18c6e
12385
194fb
11929
11a0f
091de
194fc
12386
19aac
12387
091e1
19aad
1192b
091e4
11a13
19aaf
14ff0
19ab0
14ff1
15792
091e9
09381
0d0e2
0927c
0c856
09af5
0a193
0955c
0aa12
09280
0ca4a
09af9
10691
0955f
10692
0d1a2
10d37
09afc
09285
0d830
09afe
09287
15a53
0db05
09566
10d38
0982a
0ce12
0a196
0d73f
0bedf
103b4
0982d
0ce15
0d28f
0982f
19b90
0d56e
09831
103b5
09292
0fb3d
09293
112df
0ce1c
09295
19b93
09297
103b8
155aa
0fb3f
19b94
103b9
15a56
10d3a
0929b
155ae
155af
0db06
0929e
11dd9
09b04
15a58
110ff
092a1
12cf6
09b07
0b931
0d0e4
092a4
0c858
0c1bb
0fe07
0c859
113d6
0efcc
104b2
0d0e8
104b3
0d0e9
092ab
10d3d
0d0eb
092ad
11101
0d0ed
0c861
0fff5
18d5e
12471
092b2
11102
0c865
153c3
10e32
092b5
092b6
0fe0b
14ff2
0f583
195e7
0fe0c
198ca
10787
092ba
14ff6
14ff7
103bd
11a14
11a15
10d42
0d295
10e33
092c0
1155b
10e35
092c2
15a5c
10789
198cc
14ff9
092c5
1155e
103be
0fe11
11a18
10d45
092c9
195eb
14ffa
092cb
15883
10e36
153c6
11bf5
18d61
112e7
10e37
19b9d
12a26
11bf6
15a61
11bf7
195ef
12a27
12a28
092d5
11a1c
195f1
1247a
195f2
1247b
14ffc
19ba3
09383
09476
114cc
0d925
114cd
0d663
09387
10e3c
130c3
0938a
0d832
0d570
10d49
09840
12fcf
104b7
09842
0d572
10b65
09925
113dd
09926
15e2e
101de
15e2f
113de
09394
09bfa
0b0af
09396
0ab06
0a199
09398
0e1a1
0a19b
104bb
09bff
104bc
09c00
10d4c
0d838
09c02
0e74a
0d92a
0a1a1
0d92b
093a1
1247d
0a1a4
13392
0d92d
093a4
13394
0a1a7
0c776
0c869
093a8
114d1
0cf12
12b1d
1069a
19410
11659
093ac
12b20
1165b
0d839
113e1
0d83a
0d579
11b0a
104c0
0d664
10e3d
093b3
11bfb
11bfc
0d83b
093b6
130c7
11bfe
0f95c
11564
0f95d
15b59
104c1
0ff12
15e36
113e6
093bd
15e37
113e8
0fffc
130c9
1165c
19412
12299
19c9c
1229a
160fe
1229b
093c4
15e39
11c01
11568
19c9f
093c8
15798
093c9
15799
11b11
093cc
11c03
19ca2
0947c
0da16
0d1a8
10f2f
0956a
12c07
1069f
0956c
0d667
10c57
09a17
114dc
09a18
15974
102d0
15975
114dd
09486
09cec
0b1a1
09488
0abf8
0a28b
0948a
0dce7
0a28d
105af
09cf1
105b0
09cf2
10e42
0d935
09cf4
0e290
0da1c
0a293
0da1d
09493
1256f
0a296
13484
0da1f
09496
13486
0a299
0c86a
10e44
0949a
11017
0d004
12663
1078c
19502
1174b
0949e
12666
1174d
0da20
1101a
0d1ab
12c0b
12c0c
0d936
114e0
0d937
0d66e
11c06
105b4
0d938
094a8
12c0d
11cf0
0fa4e
11662
0fa4f
15c4b
105b5
10006
1597c
114e5
094af
1597d
114e7
100ee
12c0f
1174e
19504
1238b
197e2
1238c
161f0
1238d
094b6
1597f
11cf3
11666
197e5
094ba
1588a
094bb
1588b
11c0d
094be
11cf5
197e8
0d299
0965a
0d29a
10a75
0965c
12cf9
10791
0965e
0d1ad
10d52
09b09
11022
09b0a
15a66
103c2
15a67
11023
09578
09dde
0b293
0957a
0acea
0a37d
106a5
09de1
106a6
09de2
0ddd9
0d57c
09de4
10f36
0da27
09de6
0e382
0db0e
0a385
0db0f
09585
120b5
0a388
13576
0db11
09588
13578
0a38b
0c95c
10f38
0958c
1110b
0d0f6
12755
1087e
195f4
11843
09590
12758
11845
0da28
11026
0da29
0d1b4
11cf8
106aa
0d29c
10a77
09597
11ddf
11de0
0da2a
0959a
12cff
11de2
0fb40
11754
0fb41
15d3d
106ab
100f8
15a6e
1102b
095a1
15a6f
1102d
101e2
12d01
11846
195f6
12483
198d4
12484
162e2
12485
095a8
15a71
11de5
11758
198d7
095ac
153d0
095ad
153d1
11cff
095b0
162e7
12d05
09660
0dbfa
0d392
10b69
0974e
12deb
10883
09750
09ec1
0db16
0992b
0b386
0d29f
10a7b
09ec4
11117
09ec5
0966a
0decd
09ec7
0966c
10a7d
09ec9
0966e
163c9
09670
0ff16
1156a
101e5
163ca
10798
09c08
113ea
09c09
15b5c
1156f
0dc01
09677
121a7
09ece
13668
0dc03
0967a
1366a
09ed1
0ca4e
0cb3f
0967e
111fd
0cc3c
12847
10970
196e6
11935
09682
1284a
11937
0db1a
1111a
0db1b
0d2a6
11dea
1079c
0d394
10b6b
09689
11ed1
11ed2
0db1c
0968c
12df1
11ed4
0fc34
1184c
0fc35
15e3f
1079d
101ec
15b62
1111f
09693
15b63
11121
102d4
12df3
11938
196e8
12575
199c6
12576
163d4
12577
0969a
15b65
11ed7
11850
199c9
0969e
154c2
12851
199ca
11df1
096a2
11ed9
199cc
09752
0d740
0d484
10c5b
09846
12edd
10975
09848
09fb3
0dc08
09a1d
0b478
0d1b6
09a1f
15f0c
0d397
10b6f
09fb8
11209
09fb9
0975e
0dcea
09fbb
09a25
15f0f
09762
1000a
11668
102d7
15f10
1088a
09cfa
114e9
09cfb
15c4e
1166d
0d747
09769
1229f
09fc0
131ae
0d749
0976c
131b0
09fc3
0c684
0cb41
09770
112ef
0cd2e
12939
104c2
1922c
11a27
09774
1293c
11a29
0dc0c
1120c
0dc0d
0d39e
11edc
1088e
0d486
10c5d
0977b
11fc3
11fc4
0d74c
15c53
12ee4
10b74
0fd26
1193e
0fd27
15985
1088f
102de
15c54
11211
09785
15c55
11213
103c6
12ee5
11a2a
1922e
120bb
19ab8
120bc
15f1a
120bd
0978c
15c57
11fc9
11942
154c9
09790
155b4
12943
19abc
11ee3
09794
11fcb
19abe
0a741
0dceb
0a0a6
0984b
0d83c
0a0a8
0984d
0d74f
112fa
0d48a
15fff
0d750
09b15
16000
0d83e
09b17
09853
09de9
1097a
09855
1097b
09856
1175c
0fb43
1175d
103ca
16003
0985a
0e0b2
0a0b1
1329f
0d841
15d41
12393
0a0b4
15d42
12395
0c778
103cb
0ce1f
11570
0d2ad
19ba4
113ee
09865
12a2d
0ce23
19ba6
12a2f
103cc
11fcc
112ff
103cd
16007
11fcf
0d843
113f0
0d582
12fd3
12fd4
10c66
0d845
15d45
12fd6
103ce
155b6
10d58
19ba7
10d59
103cf
09876
155b8
103d1
19ba8
11fd2
103d3
0987a
121ac
0987b
12a31
0987c
12a32
0987d
12a33
113f6
1600d
12fd9
121b0
1600e
121b1
11a34
19bae
09884
11b1b
19baf
11fd5
09935
09a28
0ded0
0dc10
113f8
0d678
09939
113f9
1366f
0993c
0db1d
0d585
10a84
09df2
1357b
10a85
09df4
0d2ae
10a86
09ed3
11123
09ed4
10a87
09ed5
163db
0db22
09946
0a1a8
0b65d
0ade0
0e384
0a745
104cc
0a1ab
104cd
0a1ac
0e74c
0d93a
0a1ae
11309
0dde4
0a1b0
0ecf6
0ded6
0a74d
0ded7
09953
1393d
0a750
12a38
0d93c
166a3
12a3a
0a753
0cd33
0ce26
0995a
104cf
0995b
120c1
104d0
0995d
113fa
0995e
11b1d
104d3
166a6
120c3
104d5
09962
105bc
13670
0dedb
0d67d
163e1
11944
199cd
11c0f
09967
12854
09968
15e43
13674
0db28
0996b
163e5
120c6
121b8
0ff1b
15e44
10a8f
105bd
13677
11c11
199ce
15e46
11857
11c12
163e7
11c13
120c8
163e8
13678
15e49
09b19
0aa16
09a2f
0dfc3
131b2
0d757
09b1d
131b4
09a33
102e2
11ee4
102e3
15f20
0dc16
1678e
105bf
09a37
11ee8
11ee9
0aed1
0e477
0a836
09a3b
0dc18
113fe
0d686
16790
0da2b
0a29f
16791
0dee0
0a2a1
16792
0dfc7
0a2a3
09a43
0a840
13a2e
0d1c0
16794
0dfca
09a47
12b2b
0a844
16796
13a33
105c2
0ce28
0d758
114ec
0d1c2
131b7
122a6
0d1c4
12944
0d1c5
12c15
11a38
15f26
122a7
0d1c8
16798
0dee2
121bc
0dee3
0dc1c
16799
105c5
161f6
1194b
0d68c
15f28
105c8
0d68e
1679b
131bb
10b82
0dee4
09a5f
1679d
1194d
09a61
121c3
114ef
10d5b
12c17
1194e
11c19
09a66
12c18
12949
1679f
121c5
09a6a
122ad
167a1
09b20
0d847
0d2b1
10d5c
09c0e
132a5
10d5d
09c10
0d1c9
11fd6
0d1ca
16881
0d75c
1130f
0d493
11fd9
0d75d
09b2a
0a38c
0b841
09b2c
0b296
0a929
106b2
0a38f
106b3
0a390
0e385
0db2a
0a392
114f1
0dfd3
0a394
0e92e
0e0ba
0a931
0e0bb
09b37
13b21
0a934
12670
0db2c
16887
12672
0a937
0cf19
114f3
09b3e
106b5
09b3f
122af
106b6
09b41
11032
09b42
11d07
106b9
1688a
122b1
106bb
09b46
107a2
132a8
0e0bf
0d2b7
16019
1157c
19bb1
11df9
09b4b
12a3e
09b4c
15a7b
132ac
0d763
09b4f
1601d
122b4
1239c
100ff
15a7c
10c77
107a3
132af
11dfb
19bb2
12a40
16890
12a41
11d0a
15a7f
122b6
16020
132b0
15a81
09cfd
0abfa
09c13
0e1a7
13396
0d93f
09d01
13398
09c17
0b387
0e92f
0ab0a
09eda
0e0c3
09c1a
0d84e
09c1b
0e1a9
0a472
09c1d
0e1aa
0a474
09c1f
0e750
0a476
09ee2
0d2bf
11b22
0d2c0
16977
0d850
11405
0d594
11b25
0d851
09c27
0a478
13c12
0d3a6
16978
0e1ae
09c2b
12763
0a47c
1697a
13c17
107a8
0d00c
0d852
1103a
0d853
0d2c3
123a2
101f2
11dfe
107ac
09c35
11e00
0d2c7
09c37
1610c
0d940
11127
0d3a8
1339b
1248a
0d3aa
12b2e
0d3ab
12df9
11670
1610e
1248b
0d3ae
1697f
123a5
1248d
0e0c8
09c43
16981
11585
09c45
123a7
11129
10f3f
12dfb
11586
16982
09c4a
12dfc
09c4b
12dfd
123a9
09c4e
12491
16985
09d04
0da2f
0d495
10f40
09df8
13489
10f41
09dfa
0a55f
0e1b4
09fcb
0ba26
0d3af
10e52
0a562
10e53
0a563
09d0e
0e56b
0a565
09d10
0e296
0a567
09fd3
164bb
09d14
10898
09d15
11c1b
0a2a7
105cb
09d17
105cc
09d18
11c1e
11c1f
0dcf3
09d1b
13759
0a56c
1285a
0d767
164bf
1285c
0a56f
0cc41
1112d
09d22
1089b
09d23
12493
1089c
09d25
11218
09d26
11ef1
1089f
164c2
12495
108a1
09d2a
10986
1348c
0dcf7
0d49b
161ff
11760
197e9
11fdd
09d2f
12676
09d30
15c5f
13490
0d94b
09d33
16203
13492
1112f
102e5
15c60
10e5b
10987
13493
11fdf
197ea
15c62
11679
11fe0
16205
11fe1
1249a
16206
13494
15c65
0a0bc
0a652
09dfd
0afc0
0eb13
0d4a1
10f44
0a655
10f45
0a656
09e01
0e65d
0a658
09e03
1121e
0a65a
09e05
165ad
0da37
1103d
0d1d6
11d0d
0d4a3
11d0e
0d4a4
165af
10f48
0a39c
0d595
162ed
1294b
09e0e
0e65e
0a65f
1384d
0ddee
09e11
09e12
10f49
0cd36
0dcfe
12584
0dcff
0da3c
165b3
1098f
16022
11767
0d4aa
162ef
10992
0d4ac
165b5
0ddef
120ca
0db2e
09e1e
13580
10b84
12fdc
11859
15d50
11b2a
165b6
13581
120ce
09e24
162f4
13583
11221
0ddf2
09e28
11fe5
104da
13585
11222
1185b
15d53
11fe6
09e2d
1185c
15d55
1185d
09e30
120d3
165bc
1258d
09ee3
09fd6
0e47c
0dc23
11131
0d5a0
09ee7
0e47e
13c1b
0db30
0a39e
0d4ad
10a94
0a3a0
13b27
0e0cb
0a3a2
0d2c9
10d6a
0a47f
10d6b
0a480
11042
0a481
16987
0e0ce
09ef4
0a754
0acf0
0e38d
0a756
0bc0c
0d4af
10a98
0acf3
09efa
0e390
0acf5
11045
0acf6
09efd
0ecf9
0acf8
09eff
16c4d
0e483
09f01
13ee9
0acfc
12fe4
0dee8
16c4f
12fe6
0acff
0d4b2
10a9a
0d4b3
09f08
1267c
104db
166b0
0e1be
1276c
104dc
166b1
11134
0db39
09f0e
11048
0db3b
163ed
11e07
09f11
163ee
12680
0dc28
13c1e
1276f
0dc2a
12dfe
0dc2b
1367b
11ef8
1698e
12770
0dc2e
16c56
12681
12772
0e489
09f1d
12e01
09f1e
16992
120d9
12e02
16c59
12e03
09f23
16c5a
09f25
16995
0afc1
09fdc
0a0c9
0e56f
09fde
11226
0d76a
09fe0
0a570
108a3
09fe2
108a4
09fe3
10b8a
09fe4
1249f
0a574
164ce
09fe7
0a847
0bcfd
0b47e
0ea23
0ade4
0e48b
0a84a
0e571
0d5a7
0a84c
10b8d
0a84d
0e83e
0dfd8
0a84f
0edec
0e574
0d76b
164cf
130d5
09ff4
0e840
0adef
13fdd
0e577
09ff7
09ff8
0e48e
09ff9
16d43
1113b
0d76d
11227
0d694
11efc
0d695
15f32
10c7b
09fff
12860
0e57a
0a001
122b8
0a002
12ef1
0d772
131c2
0d773
0a005
164d3
0e1c7
0dc36
1277a
10b92
0a009
121cf
0dc39
0a00b
164d5
12864
0e1c9
0a00e
16d49
122bb
15f37
15f38
11f01
122bc
164d9
122bd
1277e
164da
1376a
0a017
0a1b9
0b0b4
0a0cf
0ddf4
13850
10d6d
0a1bd
13852
0a0d3
0dd07
1258e
0da3f
165be
0dd08
16e2c
10c7d
0a0d7
12592
12593
0afc3
0eb15
0aed4
0a0db
0d777
1122c
0d698
0a93c
16e2e
0d778
16e2f
0e0d5
0a93f
16e30
0e665
0a941
0a0e3
0aede
140cc
0d860
16e32
0e668
0a0e7
12c1d
0aee2
16e34
140d1
106bf
16894
0ddf6
12950
106c0
16895
1131a
0d69a
10c81
0d69b
0a0f0
1286a
0e582
0dd0e
16e36
11ff0
0d77e
165c3
10c86
0d780
16e38
0e66b
0d863
165c5
11b2e
15d58
123b1
0a0fb
12fea
0a0fc
16028
13859
0dd0f
0a0ff
165c9
1385b
11b31
15d59
123b4
165ca
123b5
11ff2
16e3d
0a106
1602c
12958
1385d
0a1bf
0a2ac
0e752
0d94f
11409
0d2cc
0a1c3
0e754
13945
0a1c6
0b935
0eedf
0b0b6
0a487
0ddf9
0a1c9
0e670
0aa1e
0a1cb
0ddfa
0a1cc
0e756
0aa21
0a1ce
0ecfc
0aa23
0a75f
104dd
0a1d1
104de
0a1d2
10d72
0a1d3
120dd
0a763
166b4
0a1d6
12d0c
0aa25
166b6
0e1cc
141c0
0ea27
0a1da
141c2
12d11
0d86d
11320
0e673
0d1e2
0a1df
10d76
0a1e0
0e75c
13946
11b35
0a1e2
12a43
0ddff
0d870
1295e
10d78
0a1e6
123b9
0d873
0a1e8
166b8
0deed
0a1ea
13949
114f9
133a4
11c21
16119
124a4
16f2b
1394a
12a47
0a1f0
166bc
1394c
12a49
114fa
133a7
11b38
16f2e
0a1f6
133a8
0a1f7
133a9
12963
0a1fa
12a4b
16f31
0a2b2
0dfdb
0d3bd
10f50
0a3a6
13a35
0dfdd
0a3a8
0ab0b
0a2b8
0ba28
0efd1
0d2d1
10e62
0ab0e
0a2bb
0e763
0ab10
1140e
0ab11
0a2be
0eb17
0ab13
0a2c0
16a67
0a2c2
0def1
121d2
0dc3c
167a4
0def2
16a68
10e65
0a2c6
121d6
121d7
0e29f
0a2c9
13d05
0ab18
12e06
0dd13
16a6b
12e08
0ab1b
0d2d4
10e66
0d2d5
0a2d0
12a4e
108a5
164dc
0dfde
12b34
108a6
164dd
114fe
0d961
0a2d6
11414
0d963
16209
11c29
0a2d9
1620a
12a52
0da46
13a3a
12b37
0da48
12c20
0da49
13497
11d14
167ac
12b38
0da4c
16a72
12a53
12b3a
0e2a5
0a2e5
12c23
0a2e6
167b0
124ad
12c24
16a75
12c25
0a2eb
16a76
0a2ed
167b3
0abfd
0b299
0e843
0abff
0a3ac
0da4d
114ff
0d3c4
0a66d
16b56
0da4e
16b57
0de02
0a670
16b58
0e396
0a672
0a3b4
0dfe3
122c4
0d782
16896
0dfe4
16b5a
10f57
0a3b8
122c8
122c9
0e398
0a3bb
13df7
0ac0a
12ef8
0de05
16b5d
12efa
0ac0d
0d3c6
10f58
0d3c7
0a3c2
12b40
10997
165ce
0e0d9
12684
10998
165cf
1104d
0da53
0a3c8
11506
0da55
162fb
11d1b
0a3cb
162fc
12b44
0db44
13b2c
12687
0db46
12d12
0db47
13589
11e0c
1689e
12688
0db4a
16b64
12b45
1268a
0e39e
0a3d7
12d15
0a3d8
168a2
1259f
12d16
16b67
12d17
13b32
0a3dd
12b46
168a5
0ba29
0e1ce
0a583
0e768
0a492
11141
0e1d0
0a494
0a949
0b938
0a497
0e0dd
140d2
0da5a
0a94d
140d4
0a49b
0de06
12964
0e0df
171f4
0e67a
0aa2d
11325
0aa2e
16f34
12969
0b939
0eee0
0b29c
0a4a3
0da5b
11052
0d1eb
171f6
0da5c
0ad05
171f7
0e491
0ad07
171f8
0ea2d
0ad09
0a4ab
0b2a6
14494
0e1d2
171fa
0ea30
0a4af
13591
0b2aa
171fc
14499
0e0e3
12c26
11055
0e0e4
171fd
12c29
0db4d
11142
0d2da
141c9
124ae
16120
12781
16998
12c2a
0e0e5
1268e
10aa7
16c5d
0e93f
11058
0a4bf
12691
0e0e9
0a4c1
16f39
0e76b
0a4c3
141cb
124b0
1699c
12783
17201
141cc
12d1d
0a4c8
16f3d
141cf
12692
0a4cb
124b2
1699f
124b3
0a4ce
169a0
12d20
141d1
0a587
0a674
0eb1a
0dc3d
11232
0d3cc
0a58b
0eb1c
13d0d
0d967
11416
0d2dc
12a57
0d2dd
0a590
10e6f
0a591
12a5a
0ab21
0b38d
0ba2b
0efd3
0b38f
0a596
0db51
11146
0d2df
172e8
0db52
0adf8
172e9
0e583
0adfa
172ea
0eb1f
0adfc
0a59e
13680
0b399
16a7c
0e585
14588
0edf1
0a5a2
1458a
13685
0db54
11148
0db55
0d2e2
12d24
0e774
0d3cd
0eb24
0a5a9
12e0b
0dd1a
1376c
125a1
16213
0ea3b
0dc41
124b4
0dc42
164df
0e2b1
0a5b0
13d11
125a2
164e0
12875
172f1
13d12
12e0f
0a5b5
12d27
124b6
0e1e4
16a81
1114e
0e1e6
172f4
13d14
12e11
124b8
172f6
0a5be
13770
134a1
172f7
12d2b
0a5c2
12e13
172f9
0a67a
0e39f
0d4bd
0ec0d
0a768
13dfd
0e3a1
0a76a
0d3cf
10f60
0ac0f
11236
0ac10
16b6a
0dfeb
16b6b
11237
0a684
0aee4
0c3a1
0b572
0f0c5
0b481
0e2b6
0aee7
0e2b7
0aee8
0ec0f
0dc45
0aeea
0eee1
0e682
0aeec
0f492
0ec12
0b489
0ec13
0a691
14679
0b48c
131c8
0e684
173df
131ca
0b48f
0d3d4
0eb2c
0d3d5
0a698
1123c
0d3d7
0a69a
0e3a2
13e00
11329
0d5ad
13594
0d5ae
1385f
0d787
125a6
0d788
165d1
0eb2d
0dd28
0a6a2
1287a
1123f
173e3
12e1a
11241
0a6a6
12efe
0ec18
0a6a8
13596
0de12
13861
0de13
0a6ab
16b74
12f02
0ec19
0a6ae
13862
13599
173e8
0a6b1
16b77
0a6b3
173ea
0a6b5
16b79
0b753
0defa
0a859
0e496
0a76e
11419
0defc
0a770
0aa30
0c493
0a772
0bee4
0afc7
0e3a5
0aa33
0e3a6
0aa34
0ed01
0d78b
0aa36
0efd4
0e777
0aa38
0f584
0ed04
0afcf
0db57
1105c
0d4c4
12695
0d4c5
0a77f
10aa9
0a780
12698
0ad10
0defd
16c61
132b9
0a784
0efd6
0afd3
1476d
0ed07
0a787
0a788
0e3aa
0a789
12f07
0e3ab
0a78b
16c63
0deff
12fee
0d87a
0a78e
12a5c
0a78f
13687
0a790
174d4
10d7e
16f42
120ed
0a793
12f0b
120ee
0de1e
16c64
11334
0de20
174d6
0ed09
0df02
16c66
12a5e
0a79b
13689
0a79c
166c7
13ef7
0e49a
0a79f
174d9
166c8
120f1
12a60
16c6b
12a61
12f0e
16c6c
13efa
166cb
0a94f
0e844
0a85f
0dfed
13fe0
0d96a
0a953
13fe2
0a863
0bfd5
0f585
0b756
0ab24
0df07
0a866
0df08
0a867
0e847
0b0bc
0a869
0e848
0b0be
0a86b
0edf2
0b0c0
0ab2c
0d5b5
10b9a
0adfe
1141e
0adff
16d50
0e1e8
16d51
1141f
0a873
0b0c2
142b0
0dff0
17016
0e84c
0a877
133b3
0b0c6
17018
142b5
122ca
15f3c
12b4f
167b4
0df0b
12ff8
11421
0df0c
17019
12ffb
0d96b
1150c
0d6a4
13fe5
12ffc
0df0d
12a62
10e71
16a89
0ed12
11424
0a887
12a65
0df11
0a889
16d57
0e58b
0a88b
13fe7
122cc
167b8
12b51
1701d
13fe8
130e5
0a890
16d5b
13feb
12a66
0a893
122ce
167bb
122cf
0a896
167bc
130e8
17023
0a955
0bb1b
0f677
0b848
0ac16
0dff9
0a958
0dffa
0a959
0e854
0b1ae
0a95b
0e941
0b1b0
0a95d
0eee5
0b1b2
0ac1e
0d6a7
10c8c
0aef0
11510
0aef1
16e42
0dd2e
16e43
11511
0a965
0b1b4
143a2
0e0ee
17108
0e945
0a969
134a5
0b1b8
1710a
143a7
0e0ef
12c30
0da64
0a96e
1269a
0a96f
132bf
0a970
0e592
0a971
130eb
0e593
0a973
16e47
130ee
0dfff
12b54
10f63
16b7b
0e858
11516
0a979
12b57
0e003
0a97b
16e49
0e686
0a97d
140d9
123c4
168aa
1269d
1710f
140da
12c35
0a982
16e4d
140dd
12b58
0a985
123c6
168ad
123c7
0a988
12c39
17114
130f3
0aa3b
0ab2e
0efd8
0d883
0efd9
0d2e7
0aa3f
0efda
14773
0aa42
0ec21
0d1f4
0ec22
0aef8
1467f
0ec23
0aefa
0d1f6
12f10
0d1f7
177a1
0d794
11336
0d4cb
12f13
0d795
0aa4c
0b2ac
0b84a
0aa4f
0c1c0
0fd28
0d1f8
0ec27
0b84d
0ec28
0b84e
0aa53
0eeec
0b850
0aa55
0f85d
0b852
0aa57
177a5
0efdf
0aa59
14a41
0b856
13b3c
0ea40
177a7
13b3e
0b859
0d1fa
0ec29
0d1fb
0aa60
0ec2a
0d1fd
12976
0d1fe
16f44
12978
0aa64
16f45
131d6
0d2e8
0ed16
0aa67
132c5
0ec2b
0d975
13956
0d976
141d3
0e00c
0aa6c
12c3d
0e696
0aa6e
132c6
0efe4
0aa70
13958
0e784
141d5
0e785
0aa73
174e8
132ca
0efe5
0aa76
1297b
177b0
1395a
12d31
174eb
0aa7b
177b2
0aa7d
174ed
0bb1d
0e2c0
0ac21
0e2c1
0ab36
0e1ea
0e2c2
0ab38
0b0c8
0ed19
0b0c9
17024
0d5bc
0ed1a
0b0cb
11429
0b0cc
17026
0ab3f
0b39f
0c86c
0bfda
0f587
0b93e
0e789
0b3a2
0e78a
0b3a3
0f0cd
0e0ff
0b3a5
0f3a2
0eb30
0b3a7
0f960
0f0d0
0e2c3
17027
13c2d
0ab4c
0f3a4
0b949
14b35
0f0d3
0ab4f
0ab50
0e78b
0ab51
132cf
0e78c
0ab53
11152
0ab54
12d33
0e78f
1789c
132d1
0e791
0ab58
0e2c5
142ba
0e1ed
0d88f
0ab5b
12e1e
0ab5c
13a49
0ab5d
1789e
12a71
0ab5f
133b8
0f0d6
0ab61
13a4a
0e2ca
13d1b
0e2cb
0ab64
1702e
0ed21
0e85e
0ab67
178a1
16a90
12a73
12e22
17031
12e23
132d6
17032
142c2
16a93
0ad11
0bc10
0ac27
0dd2f
143a8
0da6a
0ad15
143aa
0ac2b
0e2cd
0ac2c
130f5
0b1bc
0e596
0ac2e
0e597
0ac2f
130f8
130f9
0bb1f
0b491
0c95f
0ac33
0d97e
0f0d9
0d3df
17986
0e1f0
0b495
17987
0ec2d
0b497
17988
0f1c1
0b499
0ac3b
0ba38
14c24
0e3b8
1798a
0f1c4
0ac3f
13775
0ba3c
1798c
14c29
0e1f2
133c0
0e1f3
0d982
1798d
0e2d3
173ec
12b61
0d3e5
1711b
0e2d6
0d3e7
1798f
0dd32
134a8
0da6c
0ac4c
1711d
126a0
168b0
12f17
16b7e
12b63
0ac50
17990
0f0de
0e94f
0ac53
143af
126a2
16b80
12f19
17991
143b0
134ad
0ac58
17121
143b3
12f1a
17122
12f1b
12b64
12e29
0ac5e
16b84
134b0
143b5
0ad17
0ae04
0f2ae
0db5b
0f2af
0d5bf
0ad1b
0f2b0
1449d
0ad1e
0c495
0fa53
0bc12
0afdf
0dd35
0ad21
0da6e
0ad22
0f1cc
0b579
0ad24
0f2b2
0b57b
0ad26
0f860
0b57d
0b2b7
0e697
0ad29
0e698
0ad2a
0e3c3
0ad2b
12c43
0b2bb
1720c
0ad2e
13864
0b57f
1720e
0ed24
14d18
0f58b
0ad32
14d1a
13869
0da72
0f1ce
0da73
0d4d6
134b4
0de25
12f1c
0e3c8
0ad39
12f1e
0d4da
0ad3b
17210
0db5d
0f2b8
0d5c1
1449f
134b7
0e4ac
13efc
12793
169a3
0f1cf
0de28
16c71
0e959
0e4ad
144a0
1359d
0e4af
13efe
12795
17213
1359e
0e4b2
17a84
144a4
135a1
126aa
12f21
0ad4e
13f00
13c37
17a87
134bb
0ad52
135a3
17a89
0ae0a
0eb33
0d6b0
0eb34
0aefe
1458d
0eb35
0af00
0b665
0ae10
0c588
0fb45
0d5c2
0ea47
0b668
0ea48
0b669
0ae14
0f2bf
0b66b
0ae16
0f67b
0b66d
0ae18
175bf
0ae1a
0e1f5
12d38
0e1f6
172fc
0db62
175c0
0e4b6
0ae1e
12d3c
12d3d
0edfb
0ae21
1485d
0b672
1395e
0e86b
175c3
13960
0b675
0d5c6
0ea4c
0d5c7
0ae28
0ea4d
0d5c9
12798
0d5ca
16d60
1279a
0ae2c
16d61
135a8
0d6b2
0eb36
0ae2f
1368d
0e59e
13fee
12885
164e9
0ea4e
0de2e
0ae34
13011
0e4be
0ae36
1368e
0ee00
0ae38
1377a
0e5a2
13ff1
0e5a3
0ae3b
17306
13692
0ee01
0ae3e
1279d
175cc
1377c
175cd
1377d
0ae43
175ce
0ae45
1730b
0b757
0bdf5
0f3a7
0b759
0af04
0dc51
0ee03
0d6b5
176ae
0df1c
0b1c6
176af
0e95a
0b1c8
176b0
0eef2
0b1ca
0af0c
0dd3b
12e2a
0dd3c
173ee
0dc54
176b2
0e5a8
0af10
12e2e
12e2f
0eef4
0af13
1494f
0b764
13a50
0e95d
176b5
13a52
0b767
0d204
0ec31
0af19
131dd
0dc56
0ee06
0dc57
0d6ba
13698
0e011
13100
0e5ac
0af1f
13102
0d6be
0af21
173f4
0e69c
140e0
1297d
165db
0eb40
0df20
0af26
13103
0e5b0
0af28
131de
0eef9
0af2a
1386c
0e6a0
140e3
0e6a1
0af2d
173f8
131e2
0eefa
0af30
173fa
13105
1386e
176bf
1386f
1468a
16e5a
1369e
173fd
0c589
0ed26
0b0db
0ed27
0afea
0e6a4
0ed28
0afec
0b4a1
0c498
0afef
0e5b1
14c2a
0dd3e
0b4a5
14c2c
0aff3
0dd3f
134bc
0da77
17a8a
0dd40
17d4c
0ec38
0aff7
134c0
134c1
0c499
0b85b
0cd38
0affb
0dd42
0f49e
0d7a5
17d4e
0e5b4
0b85f
17d4f
0efed
0b861
17d50
0f591
0b863
0b003
0be02
14ffe
0ed2a
17d52
0f594
0b007
140e9
0be06
17d54
15003
0e6a5
177b4
12f23
0b00c
0ec3c
0b00d
1377f
0ec3d
0b00f
131e8
0ec3f
17d56
13781
0ec41
0b013
0ed2b
14d20
0e6a8
0dd47
0b016
132d8
0b017
13f03
0b018
17d58
0f4a3
0f2c7
0b01b
14d23
13016
174f4
132db
17d59
14d24
13875
0b020
17a95
14d27
131ea
0b023
13018
174f7
13019
0b026
174f8
13878
14d29
0b0df
0b1cc
0f67e
0df23
0f67f
0d985
0b0e3
0f680
14865
0db68
0f2c9
0d5cf
135af
0d896
135b0
0d897
17e3f
0f2cb
0b67b
0bee9
0f59a
0b94d
0ce2a
0d898
0f2cc
0beec
0f2cd
0beed
0b0f0
0f59d
0beef
0b0f2
0f963
0bef1
0b0f4
17e43
0b0f6
141d8
0bef5
175d4
0f0e1
150f2
0f965
0b0fa
150f4
141dd
0d89a
132de
0e798
178a7
0e6ac
1387a
0e6ad
0de3a
17e47
1301c
0d89f
175d5
0ed3c
0d8a1
17e49
0e799
13962
0df26
0b107
175d7
13106
16d6a
133cb
17039
13880
0ee0d
0b10c
14869
13108
1703a
133cd
17e4b
1486a
13967
0b111
13881
1486c
13969
1301e
17e4e
0b116
142c8
0b117
142c9
13883
0b11a
1396b
17e51
0b1d2
0eefb
0da78
0eefc
0b2c0
14955
0eefd
0b2c2
0d6c0
0eb42
0b769
0eb43
0b76a
0ee10
0b76b
176c3
0df29
0b1dc
0ba3e
0cf1b
0b1de
0c961
0bfdd
0e87b
0ba41
0e87c
0ba42
0f773
0e79d
0ba44
0fa55
0f1de
0ba46
10010
0f776
0bfe5
0f777
0b1e9
151e3
0bfe8
13d20
0f1e0
17f37
13d22
0bfeb
0d3ea
1310c
0d3eb
17128
0df2c
0f690
0df2d
0d98f
1396e
0e880
0b1f4
133d3
0d992
0b1f6
176c8
0e017
0f77a
0da7b
14959
13971
0e966
143b6
12c4d
16e5d
0f691
0e884
0b1fe
13a56
0f77c
0b200
140ee
0e96a
143b9
0e96b
0b203
176cc
13a5a
0f77d
0b206
143ba
0b207
143bb
1712f
13111
0b20b
17f42
0b20d
176d1
0c2b3
0ea52
0b3b1
0ea53
0b2c6
0e3d0
0ea54
0b2c8
0b58a
0d00d
0b2ca
0ca53
0bb23
0e96d
0b58d
0e96e
0b58e
0f865
0e2e3
0b590
0fb48
0f2d3
0b592
10102
0f868
0bb2b
0d7ae
0ef03
0d209
131ed
0da7e
131ee
0da7f
18027
0ef05
0b86a
0ea55
177b9
13e11
0b2dc
0fb4a
0bb2f
152d7
0f86b
0b2df
0b2e0
0e971
0b2e1
134c9
0da81
0ef06
0da82
0b2e4
0ef07
0da84
1721b
12c55
0b2e7
1721c
13a62
0db6c
0eff4
0b2ea
13b47
0ef08
0e1f7
141de
0e1f8
144a9
0e2e6
0b2ef
13a65
0f86d
0ea5a
177be
135b6
0b2f3
141e1
0b2f4
1721f
14a4f
0eff6
0b2f7
18031
17220
12c57
135b8
177c3
135b9
13a66
177c4
14a52
17223
0b4a7
0c3a6
0b3b7
0e4c1
14b38
0e1fa
0b4ab
14b3a
0b3bb
0cb44
10103
0c2b6
0b67e
0e3d5
0b3be
0e10c
0b3bf
0f3ab
0bc18
0b3c1
0f3ac
0bc1a
0b3c3
0f966
0bc1c
0b686
0d2fa
0ed3f
0b958
0ed40
0b959
0effa
0b95a
178a9
0e10f
0b3cb
0bc1e
14e1a
0eb48
17b6e
0f3b0
0b3cf
13f0b
0bc22
17b70
14e1f
0e4c3
175e0
12d45
0b3d4
0ea64
0b3d5
13b51
0ea65
0b3d7
135bc
0ea67
17b72
13b53
0ea69
0b3db
0eb49
14b3c
0e4c6
0dd48
13d24
0dd49
1459b
0e113
0b3e0
17b74
0f876
0f0e7
0b3e3
14b3f
12e32
17310
136a9
17b75
14b40
13c3d
0b3e8
178b3
14b43
135be
17312
12e34
0b3ed
1459f
0b3ee
17314
13c40
14b45
0b4ad
0b76f
0cc45
0b4af
0c68b
0bd08
0eb51
0b772
0eb52
0b773
0f4a4
0e4c9
0b775
0fd2c
0ef0b
0b777
102e7
0f4a7
0d3ec
0e885
0ba4a
0e886
0ba4b
0f0ec
0ba4c
1799b
0e201
0b4bd
0bd10
14f0c
0ec46
17c60
0f4a9
0b4c1
13ffd
0bd14
17c62
14f11
0e5bb
176d2
12e37
0b4c6
0ec47
14c2e
0e5be
0dc65
0f0ee
0dc66
0b4ca
0f0ef
0dc68
173ff
12e39
0b4cd
17400
13c46
0de3c
13e16
0de3d
1468d
0e205
0b4d2
17c66
0f3bc
0f1e2
0b4d5
14c31
12f2a
17402
131f5
17c67
14c32
1378d
0b4da
179a5
14c35
136b0
0b4dd
12f2c
17405
12f2d
0b4e0
13791
17c6c
13c4b
0b595
0b688
0fb4c
0e3db
0fb4d
0de3f
0b599
0fb4e
152dd
0b59c
0f785
0dd4c
0f786
0ba52
151e9
0f787
0ba54
0da88
0ef0e
0bb33
0ef0f
0bb34
0f789
0bb35
18037
0e2ed
0b5a6
0be08
0eb5f
0b5a8
0e2ef
0b5a9
0fa5e
0c3ac
0b5ab
0fb50
0c3ae
0b5ad
10104
0c3b0
0be10
0f2d9
18039
14693
0b5b2
103dc
0c3b5
155bf
0fb55
0b5b5
0b5b6
0f1eb
0b5b7
13793
0dd53
0f78d
0dd54
0b5ba
0f78e
0dd56
17a9d
134d1
0b5bd
17a9e
13d2e
0de40
0f87a
0b5c0
13e1d
0f78f
0e4cd
144ae
0e4ce
14d2b
0eb64
0b5c5
13d31
0fb57
0f2de
1803e
13886
0b5c9
144b1
0b5ca
17aa1
152e3
0f87c
0b5cd
18307
0b5cf
18042
13888
135c5
17aa3
13d32
18044
152e6
17aa5
0b779
0c68d
0b68f
0ed41
14e20
0e4d0
0b77d
14e22
0b693
0e3df
13b5a
0e115
17b7c
0e3e0
183ea
0f2e4
0b697
13b5e
13b5f
0de44
0f880
0c49c
0f881
0c49d
0b69c
0fb5c
0c49f
0b69e
0ff21
0c4a1
0b6a0
183ef
0b6a2
14784
0c4a5
17b80
0f695
156b0
0ff23
0b6a6
156b2
14789
0de46
1388a
0ed44
17e53
0ec58
13e26
0ec59
0e3e6
183f3
135c8
0de4b
17b81
0f2ec
0de4d
183f5
0ed45
13f0e
0e4d2
0b6b3
17b83
136b2
17316
13977
175e5
13e2c
0f3c1
0b6b8
14e27
136b4
175e6
13979
183f7
14e28
13f13
0b6bd
13e2d
14e2a
13f15
135ca
183fa
0b6c2
14874
0b6c3
14875
13e2f
0b6c6
13f17
183fd
0b780
0f4af
0e024
0f4b0
0b86e
14f13
0f4b1
0b870
0dc6c
0f0f2
0bd17
0f0f3
0bd18
0f3c4
0bd19
17c6f
0e4d5
0b78a
0bfec
0ed47
0b78c
0e4d7
0b78d
0fc4d
0c590
0b78f
0fd34
0c592
0b791
102e8
0c594
0bff4
0ef13
17c71
142cb
0b796
10014
0c599
157a3
0fd39
0b799
0b79a
0ee2d
0b79b
1397d
0df39
0f3c8
0df3a
0b79e
0f3c9
0df3c
176d5
136bb
0b7a1
176d6
13f1c
0e026
0f4b2
0b7a4
14001
0f3ca
0e6b1
14698
0e6b2
14963
0ed4c
0b7a9
13f1f
0fd3b
0ef18
17c76
13a70
0b7ad
1469b
0b7ae
176d9
14f1b
0f4b4
0b7b1
184eb
1469c
13a73
17c7a
13980
176db
13f20
17c7c
14f1e
176dd
0b95d
0c871
0b873
0e97b
15004
0e6b4
0b961
15006
0b877
0e5c5
0fd3e
0e029
185ce
0e88e
0bb3b
185cf
0f886
0bb3d
185d0
0fe27
0bb3f
0b87f
0be11
0ec5b
0b881
0ec5c
0b882
0ef1f
0b883
1379b
0be15
17d64
0b886
143bc
0c0dd
17d66
0f888
15894
10108
0b88a
15896
143c1
0e02c
13a74
0e97e
18047
0e890
1400a
0e891
0e5cc
185d7
13200
0e031
17d67
0ef26
0e033
185d9
0e97f
140f2
0e6b6
0b897
17d69
132ea
174fa
13b61
177c9
14010
0f4bd
0f009
1500a
140f5
0f00b
14a56
132ed
17d6b
140f6
0f00e
185dc
1500e
140f9
13202
13a79
0b8a6
14a58
1478f
185df
14013
0b8aa
140fb
185e1
0b964
0f697
0e208
0f698
0ba58
150f7
0f699
0ba5a
0c1c5
0f00f
0bc2b
0f010
0bc2c
0fe31
0e983
0bc2e
101f7
0f3cd
0bc30
107b5
0f96e
0c1cd
0de4e
0f5ad
0d8a7
13891
0e11c
13892
0e11d
18119
0f5af
0bf08
0f0f7
17e57
144b5
0b97a
101f9
0c1d1
153db
0f971
0b97d
0b97e
0f013
0b97f
13b67
0e11f
0f5b0
0e120
0b982
0f5b1
0e122
178b9
132f3
0b985
178ba
14100
0e20a
0f69a
0b988
141e5
0f0fa
14b46
133dd
17041
0f5b2
0e986
0b98d
14103
0f973
0f0fc
17e5c
13c54
0b991
142d3
0b992
178bd
150ff
0f69c
0b995
18123
0b997
17e60
13c56
133e1
178bf
14104
17e62
15102
178c1
0bd1c
0ea73
0ba5c
0e7aa
0ba5d
0f977
0c2ba
0ba5f
0fa64
0c2bc
0ba61
10016
0c2be
0bd24
0d998
0ee35
0bff6
0ee36
0bff7
0f6a0
0bff8
17f47
0e7ad
0ba69
0c2c0
154ca
0f1f6
1820c
0fa68
0ba6d
145a9
0c2c4
1820e
154cf
0eb67
17c7e
133e3
0ba72
0f1f7
151ec
0eb6a
0e211
0f6a2
0e212
0ba76
0f6a3
0e214
179ab
133e5
0ba79
179ac
141f2
0e3e8
143c2
0e3e9
14c39
0e7b1
0ba7e
18212
0f97b
0f796
0ba81
151ef
134d6
179ae
137a1
18213
151f0
13d39
0ba86
17f51
151f3
13c5c
0ba89
134d8
179b1
134d9
0ba8c
13d3d
18218
141f7
0bb41
0bc34
10109
0e987
1010a
0e3eb
0bb45
1010b
1589b
0bb48
0fd44
0e2f8
0fd45
0bffe
157a7
0fd46
0c000
0e034
0f4c2
0c0e3
0f4c3
0c0e4
0fd48
0c0e5
185e3
0e899
0bb52
0c3b8
0f10f
0bb54
0e89b
0bb55
1001b
0c967
0bb57
1010d
0c969
0bb59
106c4
0c96b
0c3c0
0f88d
185e5
1176d
0bb5e
1099c
0c970
14c41
10112
0bb61
0bb62
0f79f
0bb63
13d3f
0e2ff
0fd4c
0e300
0bb66
0fd4d
0e302
18049
13a7d
0bb69
1804a
142da
0e3ec
0fe39
0bb6c
143c9
0fd4e
0ea79
14a5a
0ea7a
152e9
0f114
0bb71
142dd
10114
0f892
185ea
13e32
0bb75
14a5d
0bb76
1804d
158a1
0fe3b
0bb79
188b3
1804e
13a7f
13e34
185ef
13e35
142de
185f0
158a4
18051
0bd25
0cc48
0bc3b
0f2f1
153de
0ea7c
0bd29
153e0
0bc3f
0e98b
14106
0e6c1
18128
0e98c
18996
0f898
0bc43
1410a
1410b
0e3f0
0fe3f
0ca57
0fe40
0ca58
0bc48
10119
0ca5a
0bc4a
104e1
0ca5c
0bc4c
1899b
0bc4e
1185e
0ca60
1812c
0fc54
14d32
104e3
0bc52
14d34
11863
0e3f2
13e36
0f2f4
183ff
0f208
143d2
0f209
0e992
1899f
13b74
0e3f7
1812d
0f8a0
0e3f9
189a1
0f2f5
144ba
0ea7e
0bc5f
1812f
13c5e
178c2
13f23
17b91
143d8
0f980
0bc64
153e5
13c60
17b92
13f25
189a3
153e6
144bf
0bc69
143d9
153e8
144c1
13b76
189a6
0bc6e
14e32
0bc6f
14e33
143db
0bc72
144c3
189a9
0bd2c
0fa6e
0e5d0
0fa6f
0be1a
154d1
0fa70
0be1c
0e218
0f6a6
0c2c7
0f6a7
0c2c8
0f983
0c2c9
1821b
0ea81
0bd36
0c59c
0f2f7
0bd38
0ea83
0bd39
1020a
0cb4b
0bd3b
102f1
0cb4d
0bd3d
108a8
0cb4f
0c5a4
0f4c7
1821d
11951
0bd42
105d4
0cb54
14879
102f6
0bd45
0bd46
0f3e1
0bd47
13f29
0e4e5
0f987
0e4e6
0bd4a
0f988
0e4e8
17c81
13c67
0bd4d
17c82
144c8
0e5d2
0fa71
0bd50
145ad
0f989
0ec5d
14c44
0ec5e
14f21
0f2fc
0bd55
144cb
102f8
0f4cc
18222
1401c
0bd59
14c47
0bd5a
17c85
154d9
0fa73
0bd5d
18a97
14c48
1401f
18226
13f2c
17c87
144cc
18228
154dc
17c89
0bf09
0ce2c
0be1f
0ef2b
155c2
0ec60
0bf0d
155c4
0be23
0eb71
102fb
0e5d5
18b7a
0ee3e
0c0eb
18b7b
0fe45
0c0ed
18b7c
103e4
0c0ef
0be2b
0c3c1
0f20b
0be2d
0f20c
0be2e
0f4d3
0be2f
13d47
0c3c5
18310
0be32
11a42
0c698
18312
0fe47
1496a
106c8
0be36
1496c
11a47
0e5d8
14020
0ef2e
185f3
0ee40
145b6
0ee41
0eb78
18b83
137ac
0e5dd
18313
0f4da
0e5df
18b85
0ef2f
1469e
0ec62
0be43
18315
13896
17aa6
1410d
17d75
145bc
0fa7c
0f5bd
155c8
146a1
0f5bf
15014
13899
18317
146a2
0f5c2
18b88
155cc
146a5
137ae
18b8a
0be52
15016
0be53
15017
145bf
0be56
146a7
18b8d
0bf10
0fc56
0e7b4
0fc57
0c004
156b5
0fc58
0c006
0c780
0e6c6
0fb6a
0c782
0fb6b
0c783
0bf19
103ef
0c785
0bf1b
107b8
0c787
0bf1d
186c3
0e3fa
0fb6c
0de53
13e3d
0e6c8
13e3e
0e6c9
186c5
0fb6e
0c4b8
0f6ab
18403
11589
0bf26
107b9
0c78c
14a63
0ff2e
0bf29
0bf2a
0f5c7
0bf2b
14113
0e6cb
0fb6f
0e6cc
0bf2e
0fb70
0e6ce
17e65
1389f
0bf31
17e66
146ac
0e7b6
0fc59
0bf34
14791
0f6ae
15104
13989
175ed
0fb71
0ef36
0bf39
146af
0ff30
0f6b0
18408
14200
0bf3d
1487f
0bf3e
17e69
156bd
0fc5b
0bf41
186cf
17e6a
138a1
14202
1840d
14203
146b0
1840e
156c0
17e6d
0c2cc
0c873
0f6b5
0c2ce
0f6b6
0c2cf
10020
0f025
0c2d1
108a9
0fa7e
0c2d3
10e72
10023
0df44
0f3e9
0c5a6
0f3ea
0c5a7
0fc5f
0c5a8
184f3
0ed59
0c015
0c87b
14b52
0f7aa
187b8
10025
0c019
1167d
0c87f
187ba
14b57
0f117
1822a
1398f
0c01e
0f7ab
157aa
0f11a
0e7bd
0fc61
0e7be
0c022
0fc62
0e7c0
17f57
13991
0c025
17f58
1479e
0e994
1496e
0e995
151f7
0ed5d
0c02a
187be
0ff38
0fd55
0c02d
157ad
13a82
17f5a
13d4d
187bf
157ae
142e5
0c032
184fd
157b1
14208
0c035
13a84
17f5d
13a85
0c038
142e9
187c4
147a3
0c0f1
0f7b3
11a48
0ef38
0c1e5
11a4a
0c0f5
0f6c1
11956
0ee46
0c5ad
11958
0c0f9
0ee47
145c0
0eb7b
18b8e
0ee48
18e54
0fd5a
0c0fd
145c4
145c5
0e8a8
10306
0cf20
10307
0cf21
0c102
105db
0cf23
0c104
10f66
0cf25
0c106
18e59
0c108
11d1e
0cf29
18b92
1011f
151fe
10f68
0c10c
15200
11d23
0e8aa
142ea
0f7b6
188b9
0f6c6
14882
0f6c7
0ee4e
18e5d
14028
0e8af
18b93
0fd62
0e8b1
18e5f
0f7b7
11a4c
0ef3a
0c119
18b95
14118
17d7c
143dd
185f7
14888
1030b
0fe4f
14976
11a4f
0fe51
0c121
18b97
1411a
185f9
143df
18e62
1497a
11a53
11a54
1497d
0c128
18b9b
142ef
1501c
18e66
1501d
0c12d
18e67
0f02b
107bb
0ea89
0c1e9
107bc
11591
0ec6c
103f8
0e6d3
146b3
0e99a
146b4
0e99b
18f47
103fa
0c794
0d011
0e99c
103fb
0d013
103fc
0d014
0c1f5
106d8
0d016
0c1f7
10aac
0d018
0c1f9
18f4b
107c1
0c1fb
152ef
0d01c
11e12
10212
18f4d
11e14
0d01f
0e3fc
1411e
0e3fd
1813a
0ef40
106d9
0ef41
0e9a1
14980
0fe5c
0c206
143e5
0e9a4
0c208
186da
0f02d
107c4
0ea8b
14a67
14983
0f994
153ec
1420b
17e6f
106da
0f995
14a68
11595
0f997
0c212
186dd
1420c
1813f
144d1
18f54
106db
11598
107c7
0c218
186e0
14a6f
18141
14123
144d2
186e2
144d3
14986
186e3
0eb7c
1002b
0c3c8
11681
1002c
0c3ca
0e7c4
0fc65
0c882
0fc66
0c883
0ff3f
0c884
187c7
0f031
0c2e2
0cb57
0f8ab
0c2e4
0f033
0c2e5
107c9
0d106
0c2e7
108b0
0d108
0c2e9
10e73
0d10a
0cb5f
0fa85
187c9
11f03
0c2ee
10b9f
0d10f
14e37
108b5
0c2f1
0c2f2
0f99f
0c2f3
144d5
0ea91
0ff43
0ea92
0c2f6
0ff44
0ea94
1822d
14213
0c2f9
1822e
14a74
0eb7e
1002d
0c2fc
11685
0ff45
0f20d
15202
0f20e
154df
0f8b0
0c301
14a77
108b7
0fa8a
187ce
14b5c
11689
0c306
15204
0fa8e
154e1
1002f
0c309
19047
18232
1168d
145ca
187d3
145cb
14214
1904a
0c310
18235
0c4b9
0fb75
0c3cc
0f4e0
0fb76
0c3ce
0c6a3
0f3f1
0c3d0
0f122
0c3d1
108bb
0cc4c
0c3d3
109a2
0cc4e
0c3d5
10f69
0cc50
0c6ab
0e30c
0fd65
0c97d
0fd66
0c97e
10033
0c97f
188bb
0f125
0c3dd
0cc52
14f26
0fb78
19130
109a6
0c3e1
11ff7
0cc56
19132
14f2b
0f4e1
18b9e
13d57
0c3e6
0fa94
0c3e7
14b63
0fa95
0c3e9
145ce
0fa97
19134
14b65
0fa99
0c3ed
0fb79
14c4a
0f4e4
0f129
0c3f0
146b8
0c3f1
152f5
0c3f2
19136
108bf
10124
0c3f5
14c4d
1177a
0fb7e
19137
146ba
0c3f9
152f7
0c3fa
188c5
14c51
14c52
18324
13d5a
1913b
0c400
155d4
0c401
155d5
14b6b
0c4bd
0f5d1
11864
0f302
0c5b1
11866
0c4c1
0f213
109ac
0ec73
18c70
0f4e6
0c798
18c71
0ff47
0c79a
18c72
104e9
0c79c
0c4c9
0ca6e
0f8b1
0c4cb
0f8b2
0c4cc
0fb83
0c4cd
143eb
0ca72
189ae
0c4d0
11b3a
0cd45
189b0
0ff49
15020
10d85
0c4d4
15022
11b3f
0ec76
146be
0f5d4
186e5
0f4e8
14c54
0f4e9
0f21a
18c79
13e4a
0ec7b
189b1
0fb8a
0ec7d
18c7b
0f5d5
11868
0f304
0c4e1
147aa
0c4e2
14e3b
0c4e3
189b3
14c5a
1012e
0fc6d
14d3e
1186b
0fc6f
0c4e9
189b5
13f36
18415
147ad
18c7e
14d42
1186f
11870
14d45
0c4f0
189b9
146c3
14e3e
18c82
14e3f
0c4f5
18c83
0ed64
10218
0ce2e
10219
0ce2f
0c5b6
104f4
0ce31
0c5b8
10e75
0ce33
0c5ba
18d65
0c5bc
0f307
144da
0ea99
18a9e
0f308
18d66
0fc76
0c5c0
144de
144df
105e3
0c5c3
15111
0ce38
11c2e
1003c
18d69
11c30
0ce3b
0e7c6
13f3a
0e7c7
18502
0ee52
105e6
0e8b5
1488d
0f5da
14d46
0f5db
0f30c
18d6b
13f3c
0ed6d
18aa3
0fc7c
0ed6f
18d6d
1402c
17c8a
142f7
18505
14d4b
104f6
0fc7e
0c5d8
1195c
105e8
0c5da
18506
14891
0fd6f
157b6
1402f
18aa8
11960
105e9
0c5e0
11963
18d72
18509
13f3f
142fa
18aac
142fb
14d4e
18aad
0ef46
109b2
0c79f
11ffb
109b3
0c7a1
0ee54
108c0
0cb67
11f09
108c1
0cb69
0eb8c
1003d
0cc59
1003e
0cc5a
108c3
0cc5b
1913f
0f3fd
0c6b9
0e8b6
145d2
0e8b7
18ba0
0f3fe
10ba4
0f3ff
0ee5b
14e42
1031a
0c6c0
14899
0ee5e
0c6c2
19142
0f4ed
10c96
0ef49
14f33
14e45
10408
155d6
11a57
18329
10ba5
1031e
0c6ca
12000
10c98
0c6cc
1498a
1040c
155d9
1040d
0c6cf
19146
12004
10c99
0c6d2
155da
0c6d3
155db
0c6d5
19149
1489a
0c6d7
14e48
1914b
0f038
104f8
0c891
11b41
104f9
0c893
0ec7e
1012f
0cd4b
10130
0cd4c
109b8
0cd4d
18c85
0f4f1
0c7ab
0e9a8
146ca
0e9a9
186e6
0f4f2
10c9a
0f4f3
0ef4f
14f3e
10414
0c7b2
14991
0ef52
0c7b4
18c88
0f5e1
10d88
0f03b
15025
14f41
0ff4e
156c8
1159d
1841b
10c9b
0ff4f
15026
11b47
0ff51
156ca
1159f
18c8b
11b48
0ff54
1950d
10c9c
11b4a
10d8b
0c7c4
156cc
0c7c5
156cd
0c7c7
18c8f
14992
186ee
14f44
18c91
0f12c
105ea
0c983
11c33
105eb
0c985
0ed70
10221
0ce3d
10222
0ce3e
104fe
0ce3f
18d77
0f5e5
0c89d
0ea9a
147bc
0ea9b
187d8
0f5e6
10d8c
0f5e7
0f041
15030
0ff5a
0c8a4
14a83
0f044
0c8a6
18d7a
0f6d3
10e7a
0f12f
15117
15033
10042
157ba
1168f
1850d
10d8d
0ff5e
0c8ae
11c38
10e7c
0c8b0
14b74
10046
157bd
10047
0c8b3
18d7e
11c3c
10e7d
0c8b6
157be
0c8b7
157bf
187df
11c3f
14a84
187e0
15036
18d83
0f21e
106dc
0ca75
11d25
106dd
0ca77
0e8b8
1031f
0cf2f
10320
0cf30
105f0
0cf31
18e6b
0f6d7
0c98f
0eb8e
14302
0eb8f
188ca
0f6d8
10e7e
0f6d9
0f135
15122
1004e
0c996
14b7b
0f138
0c998
18e6e
0f7c5
10f6c
0f221
15209
15125
10134
158ac
11781
185ff
10e7f
10052
0c9a0
11d2a
10f6e
0c9a2
14c66
10138
158af
10139
0c9a5
18e72
11d2e
10f6f
0c9a8
158b0
0c9a9
158b1
188d1
11d31
14b7c
0c9ad
15128
18e77
0f310
107ce
0cb6b
11e17
107cf
0cb6d
0e9aa
10419
0d021
1041a
0d022
106e2
0d023
18f5d
0f7c9
0ca81
0ec80
143f4
0ec81
189bc
0f7ca
10f70
0f7cb
0f227
15214
10140
0ca88
14c6d
0f22a
0ca8a
18f60
0f8b7
10ab2
0f313
152fb
11872
18144
144e1
189bf
15217
10f71
10144
0ca92
11e1c
10ab4
0ca94
14d58
1022a
153f5
1022b
0ca97
18f64
11e20
10ab5
0ca9a
153f6
0ca9b
153f7
0ca9d
18f67
14c6e
0ca9f
1521a
18f69
0ea9c
0ff5f
0d113
0ff60
0d114
107d4
0d115
1904f
0f8bb
0cb73
0ed72
144e6
0ed73
18aae
0f404
10ba7
0ee63
14e4b
0fb95
15304
0fb96
0f8be
19324
144e8
0f31b
19051
10234
0f31d
19326
11964
18236
145d9
18ab1
15309
10ab7
10236
0cb84
11f0e
10ba9
0cb86
148a4
10326
154e7
10327
0cb89
19056
11f12
10baa
0cb8c
154e8
0cb8d
154e9
0cb8f
19059
14d60
0cb91
1530c
1905b
0f4f8
10f73
0cd51
125ad
10f74
0cd53
0f406
10e81
0d119
124bb
10e82
0d11b
0f408
14e54
1032c
19422
10239
153f8
1023a
0f9b8
199cf
14b80
0f40d
196f7
108d3
0f40f
199d1
1032d
125b0
0faa9
0cc71
196f9
11786
188d4
12009
19151
153fe
10e86
109c2
154ec
125b3
109c4
14f48
11789
196fb
125b4
109c7
199d4
154f0
125b7
1178a
19154
1178b
0cc80
196ff
154f3
19156
14b83
0cc85
199d9
0fb9a
1133b
0f5eb
0cd56
1133c
120f5
1041d
19513
14c77
0cd5a
109c9
0cd5b
154f5
109ca
0cd5d
14f4e
109cc
19ac2
154f7
109ce
0cd61
10506
155dc
10420
0faad
0cd64
11b4e
0cd65
14d63
0cd66
19ac4
1133e
10509
19240
11b50
0cd6a
14d65
0cd6b
18c99
155e1
109cf
0cd6e
19243
155e3
11b52
19244
11b53
120fe
155e5
0cd74
19246
14f51
154fd
0ce46
0ff61
121e4
0fc8d
0cf36
121e6
0ce4a
1050e
0ce4b
1503f
0f5ef
10abe
0f5f0
0ce4e
10abf
0f5f2
18d87
14d6b
0ce51
18d88
155ea
0f6de
10bad
0ce54
121e9
10ac0
0fd7c
148a8
0fd7d
1512b
10423
0ce59
155ed
11430
105fb
19332
11c42
0ce5d
148ab
0ce5e
18d8b
156d3
10baf
0ce61
19bb9
148ac
19bba
148ad
156d6
0ce65
14d6c
19bbc
0ce68
18d8f
0d026
106e8
0cf39
10054
106e9
0cf3b
0f13a
148ae
0f13b
18e78
0fc90
11433
0fc91
0f6e3
156da
10603
0cf42
15133
0f6e6
0cf44
19424
0fd80
11521
0f7d1
157c1
156dd
106eb
1521c
11a5d
18bab
11434
10607
0cf4c
122dc
11523
0cf4e
1499c
106ef
1521f
106f0
0cf51
19428
122e0
11524
0cf54
15220
0cf55
15221
18e7f
122e3
15134
0cf59
156e0
1942d
0f8c0
10d8f
0d11d
123c9
10d90
0d11f
0f7d2
15222
10148
19249
10059
157ca
1005a
0fd84
197eb
149a2
0f7d7
19515
106f7
0f7d9
197ed
10149
123cc
0fe73
0d039
11e24
0d03a
14a8d
0d03b
19517
157d0
10ca5
107de
158b4
123cf
107e0
15310
115a5
19519
123d0
107e3
197f0
158b8
123d3
115a6
18f70
115a7
0d048
1951d
158bb
0d04b
1951e
0d04d
197f5
1023c
1933a
14a93
0d122
108d6
15402
1023f
0f8c5
10d94
0f8c6
0d126
10d95
0f8c8
1905d
14a95
0d129
1905e
158c0
0faae
14b84
0faaf
14e5b
0fe77
0d12e
198e0
1106d
10e88
0d131
15405
11696
19060
11f19
198e1
15406
124c3
0d136
1960d
15409
11f1a
1960e
11f1b
124c6
198e5
0d13c
19610
15319
158c5
0d20a
0d6c4
0e038
0e6d6
0d7b8
11528
0ec83
106fc
0d8a8
11344
0e6d9
0da8d
1106f
0d215
0e12b
0d217
0e6dc
12982
0d219
122e5
12983
0d21b
13206
0e6e0
174fd
10424
0d21f
16306
11d3a
157d4
11a65
0d222
122e8
10703
15a86
0d225
0d226
10d9b
11d3d
13207
11d3e
13208
11a69
1522a
0d22b
15993
122ed
12987
0d22e
15a8a
0d230
15f40
107ec
0d2ff
0ed74
0e12e
0d301
178c4
10d9d
0df46
0d304
0ea9e
10240
0d306
0e12f
0e7cd
0e30e
115a8
12d4a
0e7d0
16a97
12d4b
0e7d2
17042
16a99
178c6
107f0
10241
0d312
123d8
15b76
11e2d
107f4
16122
14a99
0d316
107f7
10e8c
19bbe
123db
15a8c
123dc
16033
11e31
158c8
115b0
0d31e
15b7b
12d4f
14a9b
18f76
15b7d
168b6
0d3f0
0d99c
0f13c
108df
0d99e
0d3f4
164ea
0e311
0dc70
11252
108e1
0dc72
0e313
0e221
0e400
11f1c
133e8
1169b
0d3fe
133e9
12b68
179b7
0d401
0d402
10f7e
108e3
108e4
14b8a
0d405
124cb
1169e
164eb
14e61
108e8
16215
1152b
0d40c
12b69
0d40d
12b6a
169a7
124cf
15c6c
11f24
116a3
19067
133ed
14e63
0d413
19069
0d4e1
0d7bb
11347
109d1
0d7bd
0dd64
0e402
0da92
11257
0e9ae
109d3
0db81
11074
0d4ec
174fe
0d4ee
125ba
16c7a
1200f
0e409
16c7c
12f30
0d4f2
0e40c
0fba2
11075
1134b
1178e
14f52
109d7
15d5b
12012
0d4f9
154ff
15d5d
165de
0d4fd
11791
12f31
11792
12f32
0d500
14c7e
19158
125c2
12017
0d503
15c72
15501
15c73
0d507
0d6c5
0df47
0d5d5
10d9e
1143b
0d5d8
0ea9f
0de59
0d5da
175ee
10ac8
0e222
0d5dd
0df48
0d5df
0e4f9
1279e
0d5e1
12101
1279f
0d5e3
135ce
0e4fd
1731a
10242
0d5e7
16127
11b56
155f0
11881
0d5ea
12104
1051f
15e4e
0d5ed
0d5ee
10bb8
11b59
135cf
11b5a
135d0
11885
15046
0d5f3
15d63
12109
127a3
0d5f6
15e52
0d5f8
1630b
0dd68
0d6c7
0e8bc
1005d
0d6c9
0dc74
0df4a
0d6cc
10bb9
0e5e8
0dc78
0d6cf
0e03e
0d6d1
0e5eb
12890
0d6d3
121f3
12891
0d6d5
136c0
0e5ef
1740c
10334
0d6d9
16219
11c48
156e2
11973
0d6dc
121f6
10611
15998
0d6df
0d6e0
10cac
11c4b
136c1
11c4c
136c2
11977
15138
0d6e5
1599b
11c4f
12895
0d6e8
1599c
18d93
163fd
10cad
0d7c1
0dd6a
0f504
0f230
10cae
0e5f3
0ed77
122ee
137b0
12019
0d7c9
137b1
12f36
17d7f
0d7cc
0d7cd
122f0
16036
14f57
10cb1
16038
122f2
0d7d1
10cb4
1134d
1201d
157da
1197d
1942f
1289c
15f44
1289d
164f0
122f6
12021
19430
137b5
0d7dc
164f1
10d9f
0d8b4
0f321
0ed79
0de5e
0d8b7
0e8bd
11b5e
132fc
0ed7c
17046
132fd
0ed7e
175f1
17048
17e72
11b60
158ca
11a6d
0d8c1
1298b
11b62
16f55
0d8c4
0d8c5
11a6e
1504a
0d8c7
1612d
123e6
138a5
123e7
138a6
11b66
0d8cb
1612e
13301
16041
0d8cf
0da95
0e7d5
0e8be
0df4f
0d9a8
16a9a
0d9aa
0e8c1
13118
0d9ac
12a7b
13119
0d9ae
13996
0e8c5
176e4
115b2
1513a
10e94
1621b
124d5
10e96
167c5
1621d
16a9c
0d9b8
12a7f
19612
15413
11c56
133f1
11c57
133f2
0d9bc
16131
12a83
1311d
0d9bf
19615
0da96
0e03f
0e31c
0da99
18054
11532
167c7
0da9d
12b6c
17229
125c5
0e9b5
1722b
134e2
0daa1
0e9b8
10f85
12b6e
0daa4
15503
11d45
0daa6
12b70
10f89
168b8
1599e
125c9
16310
1522f
0daac
12c61
0daad
12c62
16a9d
12b74
125cd
0dab0
16224
16313
16a9e
0db89
0e132
0f8cc
0f04c
10aca
0e40f
0eb93
1210a
13b78
11e35
0db91
13b79
12d52
17b9b
0db94
0db95
1210c
163fe
1531f
10acd
16400
1210e
0db99
10ad0
11169
11e39
155f6
11799
1924b
126b8
16314
126b9
168ba
12112
11e3d
1924c
13b7d
0dba4
168bb
0e4ff
0eb94
0e225
0dc7e
16d72
0dc80
0eb97
12e42
0dc82
127a5
12e43
0dc84
13c6c
0eb9b
179ba
11888
14e64
10bbe
15f49
121ff
10bc0
164f2
15f4b
16d74
0dc8e
127a9
1933c
156e9
11f2c
136c7
11f2d
136c8
0dc92
15f4e
12205
12e47
0dc95
16409
0dd6d
0e227
0eb9d
0f231
0e320
0dd72
0f233
125ce
137b6
0f235
17aae
137b7
0f237
18057
17ab0
1832c
11f30
15506
1197f
0dd7c
12e4b
125d2
17411
0dd7f
0dd80
128a5
199db
15509
125d4
137b9
125d5
137ba
0dd84
164f5
12e51
134eb
0dd87
199de
0de60
0e410
0ec90
0de63
1841c
0de65
0f327
135d8
0de67
12f3b
135d9
0de69
13e50
0f32b
17b9e
11a70
12f3c
11351
166d9
12995
11353
16c83
166db
17504
12119
166dc
12025
0de74
135db
0de75
135dc
17413
12f42
1299b
0de78
165f0
166df
17414
0df53
0e503
0fc95
0f414
16c85
0df58
1302c
176e5
12a85
0ee6f
176e7
1399c
0df5c
0ee72
11442
12a86
0df5f
156eb
12209
0df61
13030
11446
16d76
11b6a
156ec
115b9
19bc0
13032
166e0
13033
16c86
12a8c
1220f
19bc1
13f45
0df6c
16c87
11533
0e046
0f505
0ef5d
0e8c9
0f04d
12b76
14032
122f9
0e04c
14033
13212
18601
0e04f
0e050
122fa
168bc
11c5b
11536
168be
12b7a
0e054
11539
116aa
13123
0e057
168c1
12b7c
14035
12b7d
14036
12300
0e05b
168c2
13a91
167d5
0e05f
0e228
0e9b9
0f04e
0e6e8
0e13a
0f050
123ea
13b7e
0f052
178ca
13b7f
0f054
17e73
178cc
18148
11d4c
158ce
1179b
0e144
12c67
123ee
1722d
0e147
0e148
126c1
197f7
158d1
123f0
13b81
123f1
13b82
0e14c
168c5
12c6d
13307
0e14f
197fa
0e229
0e7d9
0f9bf
0f6ea
16f5b
0e22e
12d56
179bb
127af
0f145
179bd
13c72
0e232
0f148
1116c
127b0
0e235
15415
124df
0e237
12d5a
11170
16aa3
11e40
15416
1188f
198ea
12d5c
169b6
12d5d
16f5c
127b6
0e23f
169b7
1421b
198ec
16f5d
0f149
0f7dd
0e8cc
0e324
0f7df
12b80
13d62
0f7e1
1805a
13d63
0f7e3
18603
1805c
188d8
124e6
15b83
11f35
0e32e
13a95
0e32f
13a96
178cd
133ff
12b86
0e332
16aa6
0e334
178ce
0e414
0fe7a
0f8d1
0f23d
0f8d2
12f44
143fa
126c7
0e41a
143fb
13b86
189c9
0e41d
0e41e
126c8
16c88
125d9
126c9
13e57
126ca
13e58
0e422
15c77
12f4a
13b89
0e425
16b9d
0e505
0eaaf
10243
0f9c1
17231
0e50a
135de
17c91
13037
0f41b
17c93
13f48
0e50e
0f41e
11890
13038
0e511
15d68
13039
144ef
1303a
144f0
127bd
16d7c
135e4
13f4b
15d6a
0e519
0eba0
0ee74
0e5f9
18bac
0e5fb
0f50b
137bc
0e5fd
136d1
137bd
0e5ff
145e0
0f50f
1832e
11c5e
136d2
11983
16e6d
136d3
16d7e
136d4
17324
1312d
0e607
16d7f
145e3
16e6f
17325
0ef65
0f5fa
0ec94
0e6ec
0f5fc
1299c
1412a
0f5fe
17e76
1412b
0f600
1841f
17e78
186f4
12302
1599f
11d51
0e6f6
138b1
0e6f7
138b2
176e9
1321b
129a2
0e6fa
16e72
0e6fc
176ea
0e7dc
0fc96
0f6ed
0f059
0f7e6
12d60
147c2
12a8f
0e7e2
147c3
139a2
187e5
0e7e5
0e7e6
12a90
16aa8
123f5
12a91
1421f
12a92
14220
0e7ea
15a93
12d66
139a5
0e7ed
16f65
0e8cd
0ee77
10614
10337
175f9
0e8d2
139a6
18605
13402
0fd8f
18607
14310
0e8d6
0fd92
11c60
13403
0e8d9
16135
13404
148bb
13405
148bc
13134
17144
139ac
14313
16137
0e8e1
0ef68
0f7e8
0e9c1
18f78
0e9c3
0fe80
14130
0e9c5
13a99
14131
0e9c7
149ac
0fe84
186f6
125da
13a9a
11d53
17235
13a9b
17146
13a9c
176ec
134f8
0e9cf
17147
149af
17237
176ed
0f8d9
0f9c3
0f05c
0eab4
0f9c5
12d67
144f2
0f9c7
1823e
144f3
0f9c9
187e7
18240
1906c
126cd
16318
12121
0eabe
14225
0eabf
14226
1805d
13b8f
12d6d
0eac2
1723a
0eac4
1805e
0eba4
10060
0fab6
0f421
0fba6
136d7
14b8e
12e5a
0ebaa
14b8f
13d6a
1915d
0ebad
0ebae
12e5b
17418
127c0
12e5c
145e7
12e5d
145e8
0ebb2
1640c
136dd
13d6d
0ebb5
1732d
0ec95
0f23f
109dc
10153
179c1
0ec9a
137c2
18421
1321e
0fbac
18423
146d8
0ec9e
0fbaf
12028
1321f
0eca1
15f51
13220
14c83
13221
14c84
12f50
1750c
137c8
146db
15f53
0eca9
0f330
0f604
0ed89
18d94
0ed8b
0fc9c
13f4c
0ed8d
138b5
13f4d
0ed8f
14d74
0fca0
18abe
123f6
138b6
11b6f
17055
138b7
1750e
138b8
17ab4
13314
0ed97
1750f
14d77
17057
17ab5
0fca2
10338
0f424
0ee7c
1033a
136de
148be
1033c
18bb2
148bf
1033e
1915f
18bb4
19434
13044
166e4
12a98
0ee86
145ed
0ee87
145ee
18425
13f57
136e4
0ee8a
175fe
0ee8c
18426
0ef6c
109dd
1042c
0fd96
1042d
13a9f
14f5a
13225
0ef72
14f5b
146de
19525
0ef75
0ef76
13226
177e0
13137
13227
149b3
13228
149b4
0ef7a
167d8
13aa5
146e1
0ef7d
176f5
0f05d
0f607
10da7
10524
17d89
0f062
14136
187e9
13b92
0ff76
187eb
14aa4
0f066
0ff79
123f8
13b93
0f069
168c9
13b94
1504f
13b95
15050
1331b
178d4
1413c
14aa7
168cb
0f071
0f6f8
0f9cd
0f151
19708
0f153
10066
14314
0f155
14229
14315
0f157
15140
1006a
18e8a
127c1
1422a
124eb
179c5
1422b
178d6
1422c
17e7c
13c88
0f15f
178d7
15143
179c7
17e7d
0fabe
10155
0f7ec
0f244
10157
134fa
14c86
10159
189ce
14c87
1015b
18f7b
189d0
19250
12e60
16500
128b4
0f24e
14409
0f24f
1440a
18241
13d73
13500
0f252
179ca
0f254
18242
0f334
107f9
10248
0fbb2
10341
138bb
15322
135ed
0f33a
15323
144fa
19341
0f33d
0f33e
135ee
17600
12f53
135ef
14d7b
135f0
14d7c
0f342
165f4
138c1
144fd
0f345
17abd
0f425
0f9d0
11172
10e9b
18151
0f42a
144fe
19161
13f5a
108f2
19163
14e70
0f42e
108f5
127c3
13f5b
0f431
16c91
13f5c
1541b
13f5d
1541c
13c8f
17c9c
14504
14e73
16c93
0f439
0fac1
10343
0f519
19ad1
0f51b
109e3
14c8c
0f51d
145f1
14c8d
0f51f
1550c
109e7
19252
13138
145f2
128b6
17d8d
145f3
17c9e
145f4
18244
14050
0f527
17c9f
1550f
17d8f
18245
10434
10526
0fbb5
0f60c
10528
138c2
15052
1052a
18d9a
15053
1052c
19343
18d9c
19bc5
1322b
16e74
12c7f
0f616
14d81
0f617
14d82
18bb5
146e7
138c8
0f61a
17d92
0f61c
18bb6
0f6fc
10bc4
10619
0ff7c
10709
1422f
156ee
139b5
0f702
156ef
148c6
19cb6
0f705
0f706
139b6
17f70
1331e
139b7
15147
139b8
15148
0f70a
16f68
14235
148c9
0f70d
17e85
0f7ed
0fd98
1153a
10cb7
18519
0f7f2
1431a
18f7d
13d76
1070f
18f7f
15238
0f7f6
10712
12b8b
13d77
0f7f9
16aad
13d78
157e3
13d79
157e4
13aab
18064
14320
1523b
16aaf
0f801
0fe89
1015f
0f8e1
198ed
0f8e3
107ff
14aa8
0f8e5
1440d
14aa9
0f8e7
158d4
10803
1961a
12f54
1440e
126d2
17bad
1440f
18066
14410
1860c
13e6c
0f8ef
18067
158d7
17baf
1860d
10805
11449
186fd
0f9d6
14505
1970d
1514b
0f9d8
15420
14237
0f9da
0f9db
115bf
1514d
115c0
1514e
0f9de
18155
13b9f
1723c
135f6
0f9e1
1723e
1450b
1723f
0f9e5
1006f
10f8f
108f8
10f90
13d7c
15510
116af
197fe
1523e
10f94
19255
197ff
0face
14ba2
0facf
14ba3
19073
15515
136e7
14ba4
12e65
18339
14ba5
13d82
0fad5
1824d
0fbb6
10162
0fbb8
10ad6
117a0
1532e
10ad8
15d6c
117a2
0fbbd
14c93
15d6d
19348
146eb
1833c
146ec
188e2
15333
12f56
146ed
0fbc4
17421
146ee
0fbc6
1833e
0fbc8
19166
0fca9
15e5d
0fcab
10bc9
14d84
0fcad
156f5
10bcb
19438
147dc
10bcd
10bce
13f62
156f7
13f63
156f8
11897
0fcb5
13f64
1851c
138ca
13f65
1851e
14d8a
1851f
189d5
10621
11265
18ac5
0fd9e
14321
19529
14f67
0fda0
157e8
14053
0fda2
0fda3
11987
14f69
11988
14f6a
0fda6
18521
139bb
17058
13412
0fda9
1705a
14327
1705b
0fdad
10437
10dab
10714
10ea4
14144
158d8
11a77
19bc6
1505a
10db0
1961d
19bc7
0fe96
149be
0fe97
149bf
18e8f
158dd
13503
149c0
12c81
18159
149c1
1414a
0fe9d
18615
0ff7f
10db4
1153c
11b70
156fa
115c3
16138
11b72
1144e
19cbc
16139
0ff88
14ab7
0ff89
14ab8
1952d
156ff
13ba1
15062
13322
187f3
15063
147e8
0ff8f
18703
10071
10ea6
1153d
11c62
157ec
116b5
1622a
11c64
11541
19802
1622b
1007a
14ba9
1007b
14baa
1961f
157f1
13c93
15154
13414
188e5
15155
1432e
10081
187f9
10163
10f98
11174
11d54
158de
117a7
1631c
11d56
11087
198f4
1631d
1016c
14c9b
1016d
14c9c
19711
158e3
137d9
15246
13506
189d7
15247
14420
10173
188eb
10255
10ade
11266
11e46
15424
11899
1640e
11e48
11179
199e6
1640f
1025e
14d8d
1025f
14d8e
19257
15429
138cb
15338
135f8
18ac9
15339
14512
10265
189dd
10347
10bd0
11358
11f38
15516
1198b
15f54
11f3a
1126b
19ad8
15f55
10350
148d3
10351
148d4
19349
1551b
139bd
14e7e
136ea
18bbb
14e7f
14604
10357
18acf
10439
10cc2
11451
1202a
15608
11a7d
16046
1202c
1135d
19bca
16047
10442
149c5
10443
149c6
1943b
1560d
13aaf
14f70
13230
18705
14f71
146f6
10449
18bc1
10532
11361
11b76
1560e
11b77
1560f
118a0
10537
14d94
18da2
146f8
14d95
18da4
15612
18da5
1925b
11452
10626
148d8
10627
148d9
19bcc
12218
1423f
15702
139c0
18e95
15703
148dc
1062d
18da9
10716
11545
11d5a
157f2
11d5b
157f3
11a84
1071b
149cc
18f86
14330
149cd
18f88
157f6
18f89
1943f
1108a
1080a
14abc
1080b
14abd
19804
123fc
13e77
158e6
13ba4
19079
158e7
14ac0
10811
18f8d
108fa
1117d
11f3e
1542a
11f3f
1542b
116bc
108ff
14bb0
1916a
14514
14bb1
1916c
1542e
1916d
19623
1126e
109ee
14ca0
109ef
14ca1
199e8
125e0
1405b
1551e
137dc
18cb5
1551f
14ca4
109f5
19171
10ae0
126d3
19806
12128
1925c
146f9
18340
15343
10ae4
1925d
126d5
146fa
10ae7
18343
10bd2
127c5
198f8
1221a
19352
147eb
18432
14e89
10bd6
19353
127c7
147ec
10bd9
18435
10cc4
128b7
199ea
1230c
19444
14331
18524
14f7b
10cc8
19445
128b9
14332
10ccb
18527
10db6
129a9
19adc
123fe
19536
14423
18616
1506d
10dba
19537
129ab
14424
10dbd
18619
10ea8
12a9b
19bce
124f0
19628
14515
1815c
1515f
10eac
19629
12a9d
14516
10eaf
1815f
10f9a
12b8d
19cc0
125e2
1971a
14607
1824e
15251
10f9e
1971b
12b8f
14608
10fa1
18251
1108c
126d6
1622c
12401
19808
14425
188ec
11d63
11090
19809
12c84
14ca8
11093
188ef
1117e
127c8
1631e
124f3
198fe
14517
189de
11e55
11182
198ff
12d76
14d9a
11185
189e1
11270
128ba
16410
125e5
199f0
14609
18ad0
11f47
11274
199f1
12e68
148e0
11277
18ad3
11362
129ac
15f56
1212b
19ae2
146fb
18bc2
12039
11366
19ae3
12f5a
149d2
11369
18bc5
11454
12a9e
16048
1221d
19bd4
147ed
18708
11b7f
11458
19bd5
1304c
14ac4
1145b
1870b
11546
12b90
1613a
1230f
19cc6
14333
187fa
11c71
1154a
19cc7
1313e
14bb6
1154d
187fd
115d5
116c8
19cca
18252
19ccb
15b92
115d9
19081
1b331
15a9e
11a90
15a9f
1962d
11a92
1b23d
1870d
11a94
1221f
15d74
11b82
15710
14ac5
18cb8
147f0
115e5
19721
15714
115e7
1613c
15716
18daa
11b89
18dab
11b8a
19ccf
18711
11b8c
115ed
11b8e
18dac
115ef
18dad
115f0
1962f
115f1
1dead
11b92
224a4
115f4
15163
19be2
12aa6
11e57
13323
115f7
12d78
12405
18f90
11e5a
158f4
15aa3
11e5c
18715
115fc
18f93
1240a
115fe
16412
1240c
11e61
1e368
18165
1e369
11603
199f6
12411
1b605
15b9b
11606
1a6e7
12414
1e36c
1a6e9
14519
18166
14244
1543c
18167
149d4
1543d
1160e
17e8e
19634
178df
21ef2
18169
1516b
21ef3
19172
1516d
21ef4
19728
15445
19729
11617
1dcc7
15172
1ad84
19175
21ef7
1ad86
15175
15446
18802
1161d
18803
1161e
19082
1161f
1d901
1544a
21efb
11622
18f96
11623
1e36d
19be6
18254
19cd2
15b9e
1b333
19e64
15ba0
11629
1963c
1162a
1dbd5
18170
1162c
19be7
18172
224a8
19d76
19640
224a9
1d907
18255
1b336
19d77
1972f
1dccc
1a501
21673
19e67
11636
21f00
1ad8a
224ac
1ad8b
11639
224ad
19d79
1163c
19e6b
224af
1d9f4
224b0
1d9f5
1dbd8
11641
117b9
126da
116cf
188f4
1ae74
19266
117bd
1ae76
116d3
1313f
19cd5
12b96
11c77
15803
116d6
15177
15805
116d8
19267
15807
116da
18528
19cd6
17f7d
21fe5
18808
11c7f
21fe6
19817
1580d
1852a
19cd9
17f7f
1df9d
18256
1df9e
18257
21fe9
19cdb
11c87
125e7
15ba1
11d66
1552c
12b99
1613f
124f8
116ea
14e8d
19902
14bba
11f4d
19089
15ba4
19737
124fd
116ef
15f58
124ff
116f1
1e459
15f59
11f54
19738
11f55
15c8b
1b6f6
19269
116f7
1b6f8
15f5b
1e45d
1a7da
116fa
116fb
15257
1908c
14bbc
14acd
1908d
116ff
1926b
15530
188f6
1525b
188f7
1525c
1973a
1825e
1525e
19aea
18cba
15260
11707
15262
1ddb8
189e3
21a3c
19270
1170b
1a8cb
15266
21a3e
1ddbd
17f82
1973c
179d3
1d9f7
17ca6
1d9f8
17ca7
222bb
1973e
1553d
18262
19cdf
1908f
15ba8
11717
1917a
1ae78
1981a
15c91
21fed
1ae7b
18263
1dcd2
1917c
222bd
19090
18813
1e461
19e71
18267
11721
1dcd4
18269
21a44
1917d
18814
11725
1a8ce
11726
1dae3
11727
1e464
19f5a
19278
1ddc0
19279
1ddc1
19f5b
19e74
21a48
1ae80
1e467
1a5f6
1e468
1a5f7
11732
21a4b
1dcd7
117c0
1935a
15d76
1935b
118ae
1af67
189e7
118b0
12416
159ad
11d68
158f6
14ca9
18ea4
14428
117c9
16320
158fa
117cb
1935e
158fc
18f99
11d6f
18f9a
11d70
19908
188ff
11d72
117d1
11d74
18f9b
117d3
18f9c
117d4
1927a
117d5
1e091
11d78
220dc
117d8
15349
19823
126de
1203b
13507
117db
12f5c
125eb
1917e
1203e
1553f
15c95
12040
18903
117e0
19181
125f0
117e2
16321
125f2
12045
1e54c
1834b
1e54d
117e7
19beb
125f7
1b7e9
15d80
117ea
1a31f
125fa
1e550
1a321
146fd
1834c
13e7c
15620
117f0
18906
15621
117f2
18072
1927f
17ac3
21b2a
1834f
15351
21b2b
18db3
15353
21b2c
19364
15629
19365
117fb
1deb1
15358
1a9bc
18db6
21b2f
1a9be
1535b
1562a
189ea
11801
189eb
11802
18cbf
11803
1daeb
1562e
21b33
11806
19184
11807
1e551
19827
1843c
1990b
15d83
1af6b
1a048
15d85
1180d
19287
1180e
1ddc5
18356
11810
19828
18358
220e0
19f64
1928b
220e1
1daf1
1843d
1af6e
19f65
1936b
1deb6
1a6eb
21857
1a04b
1181a
21b38
1a9c2
220e4
1a9c3
1181d
220e5
19f67
11820
1a04f
220e7
1d62c
220e8
1d62d
1ddc8
11825
1199d
128be
118b3
18ad8
1b058
1944e
119a1
1b05a
118b7
1304f
165f7
127ce
11b96
15630
118ba
15074
12133
118bc
1843e
1990e
15d89
11b9b
19ce3
15e6d
11b9d
118c1
19ce4
1213a
1990f
1213b
127cf
16323
1250b
118c6
1535c
1928e
14d9e
11e6a
19a00
15e6f
11e6c
221cc
17bb8
19644
15456
19645
15457
118ce
19913
15459
11e72
17bba
19646
11e74
19647
11e75
19915
11e76
1e63f
189f6
118d6
11f56
1571c
118d8
14e90
15e71
1b8da
19451
118db
1b8dc
16143
1e641
1a412
118de
118df
14e91
18cc9
14da0
14cb1
14da2
118e3
19453
15721
18ada
14e95
18adb
14e96
19454
18446
14e98
19ce7
18ea6
14e9a
118eb
14e9c
1dfa2
18bc7
21c20
19458
118ef
1aaaf
14ea0
21c22
1dfa7
17bbe
19378
1760b
1d62f
17e92
1d630
17e93
224b3
1937a
1572e
1844a
19918
18ccc
15d8d
118fb
18dbb
1b05c
19a06
15e77
221d5
1b05f
1844b
1debc
18dbd
224b5
18ccd
189fb
1e645
1a055
1844f
11905
1debe
18451
21c28
18dbe
189fc
11909
1aab2
1190a
1d71b
1190b
1e648
1a13e
19460
1dfaa
19461
1dfab
1a13f
1a058
21c2c
1b064
1e64b
1a7e0
1e64c
1a7e1
11916
21c2f
1dec1
119a4
19540
159af
19541
11a98
1b14b
18bcb
11a9a
12223
128bf
16418
12225
119ac
15178
19bf1
148e2
11c8d
18dc0
159b2
11c8f
1982a
159b4
1222c
18dc1
11c92
1e181
16233
11c94
19463
11f58
15540
128c2
16419
1460d
18ae2
11f5b
15543
119bb
19543
15546
119bd
15f5d
15548
19187
11f61
19188
11f62
19af4
18ae5
11f64
119c3
18ae6
1dcd8
1826d
222c2
18ae7
1e184
19465
119c7
1dcdc
1dcdd
128c3
19466
12314
119cb
1982c
12231
1b421
159b9
119ce
1a509
12234
1e188
1a50b
14337
18534
14060
15811
119d4
18aea
15812
119d6
17cae
19467
176fb
21d0e
18537
14f89
21d0f
18fa2
14f8b
21d10
1954a
1581a
1954b
119df
1e095
14f90
1aba0
18fa5
21d13
1aba2
14f93
1581b
18bce
119e5
18bcf
119e6
18eab
119e7
1d723
1581f
21d17
119ea
18ead
1b14e
19af8
159bd
222c7
1b151
1853c
19a12
18dc6
15e80
119f1
1946f
119f2
1dfaf
1853e
119f4
19a14
18540
222c8
1a148
19473
222c9
1d729
18621
1b152
1a322
2148e
1aba5
21d1b
1a149
1a22f
119fe
21d1c
1aba6
222cc
1aba7
11a01
222cd
1a14b
11a04
1a233
222cf
1d810
222d0
1d811
1dfb2
11a09
11ba1
15902
11a9c
15076
12315
129b3
11d7c
13232
11aa0
1526a
12319
18eb1
11d7f
18eb2
159c2
19557
1231c
11aa5
16050
1231e
11aa7
1e273
16325
11d86
19558
1204a
15632
129b6
15f5f
146ff
18bd4
1204d
15635
15aaf
1204f
223b0
15d8e
12051
18bd5
11ab2
1835d
11ab3
19aff
1563c
11ab5
223b3
11ab7
18bd8
1ddca
1835f
223b4
18bd9
1e276
1955a
11abb
1ddce
1ddcf
16326
11abe
1a5f9
12324
1e278
1991f
11ac1
1b516
12327
14151
15904
11ac4
15078
149db
18627
15079
19bf6
177ec
18cd2
15908
18cd3
15909
11acb
1955d
1590b
11acd
19921
1590d
15081
18815
2157e
1ac91
11ad2
19922
15085
1dbe3
19652
11ad5
11ad6
1862b
1d812
17da3
21e07
1862c
220ea
18fa7
11ada
1d816
1d817
18bdd
1a234
1a235
19562
15ab5
19653
11ae0
19d7b
19655
11ae2
1e27c
18fa9
220ec
1d819
11ae5
19d7e
18bde
18631
1a238
19565
11ae9
21e0b
1d81a
11aeb
1e0a3
19656
1dbe6
1a415
21581
19b07
19657
223bd
1b246
1a416
1e281
1a417
21e0f
1b247
1b248
11af5
1a23c
21e11
1ac9a
21e12
1ac9b
1d81c
223c3
11ba3
11c96
19cec
16145
19ced
15e83
11ba7
1965c
1b8e3
11baa
16052
15d90
19569
12060
1b7ef
18cd7
12062
15d92
19385
12145
19bfd
12146
1e64e
189fe
1e64f
19bfe
11bb4
1241a
138cf
11bb6
13326
129b9
11bb8
169c1
129bb
18cdb
1241f
18cdc
12420
1956c
16058
12422
16f6a
1614a
129c1
1614b
11bc1
1ac9d
129c4
1bbb2
1614d
11bc4
1bbb4
129c7
14f96
15089
11bc8
19cf1
15732
1b33d
18eba
21c30
19e79
11bcc
1b340
19e7b
16059
19c01
1605a
15d99
1a32a
18ce0
15e84
1965d
11bd3
1a41b
1a41c
1605b
11bd6
1b8e7
1a41e
1817c
19d84
1817d
1e379
18ce1
18732
1e656
19c06
11bdd
1e657
19c08
1881c
1b8e9
19e7c
21c32
1aab9
224bc
1aaba
1e91e
1aabb
11be4
1e659
1a421
19d88
224bf
11be8
1dfb8
11be9
1dfb9
1a331
11bec
1a423
224c2
11c9c
16236
159c8
1974f
11d8a
1b427
18ebf
11d8c
15e87
19477
12237
19cfc
12238
1e194
18af0
1e195
19cfd
11ca6
1250c
139c1
11ca8
13418
12aab
11caa
16507
12aad
18dcf
12511
18dd0
12512
19662
16155
12514
16ab0
1623c
12ab3
1623d
11cb3
1ad8f
12ab6
1bca4
1623f
11cb6
1bca6
12ab9
1508a
19664
11cba
19837
15824
1ae83
18fac
21d22
19f6b
11cbe
1ae86
19f6d
16240
1983a
159cb
1b42b
1b42c
16156
19d00
16157
15e8e
1a426
18dd4
16158
11cc8
1b42d
1a510
1826e
19e82
1826f
1e46b
18dd5
18826
1e19c
19d05
11ccf
1e19d
19d07
1890e
1b42f
19f6e
21d24
1abab
22002
1abac
1ea10
1abad
11cd6
1e19f
1a513
19e86
22005
11cda
1e0aa
11cdb
1e0ab
1a42d
11cde
1a515
22008
15ab9
11e7a
15aba
19295
11e7c
1b519
18fb1
11e7e
159cd
19572
12329
19842
1232a
1e286
18be2
1e287
19843
11d98
125fe
13ab3
11d9a
1350a
12b9d
18ec5
12601
18ec6
12602
165f9
15d9c
12604
19756
16247
12606
16ba2
1632e
12ba5
1632f
11da5
1a8d5
12ba8
1bd96
16331
11da8
1bd98
12bab
1517c
19758
11dac
1992b
15916
1af75
1909e
21e14
1a063
11db0
1af78
1a065
16248
19846
16249
159d4
1a518
18eca
15abc
19297
11db7
1a5ff
1a600
1624a
11dba
1b51f
1a602
18360
19f74
18361
1e55d
18ecb
18918
1e28e
1984b
11dc1
1e28f
1984d
18a02
1b521
1a066
21e16
1aca3
220f4
1aca4
1eb02
1aca5
11dc8
1e291
1a605
19f78
220f7
11dcc
1dbf0
11dcd
1dbf1
1a51f
11dd0
1eb07
1b525
11e80
1641a
15bb2
19389
11f6e
1b60b
190a3
11f70
126e1
16336
1214b
13ba6
15abf
1929b
126e4
19937
126e5
11e8a
166ed
126e7
11e8c
1929d
126e9
11e8e
1ebe9
11e90
18736
19d8a
18a05
1ebea
18fb8
12428
19c0a
12429
1e37c
19d8f
16421
11e97
1a9c7
126ee
1be88
16423
11e9a
1be8a
126f1
1526e
1535f
11e9e
19a1d
1545c
1b067
19190
21f06
1a155
11ea2
1b06a
1a157
1633a
1993a
1633b
15ac6
1a60a
18fbc
15bb4
1938b
11ea9
1a6f1
1a6f2
1633c
11eac
1b611
1a6f4
18454
1a06c
18455
1e65f
18fbd
18a0c
1e382
1993f
11eb3
1e383
19941
18af4
1b613
1a158
21f08
1ad95
221e6
1ad96
1ebf4
1ad97
11eba
1e385
1a6f7
1a070
221e9
11ebe
1dce2
1b071
221ea
1a611
11ec2
1a6f9
221ec
11f72
15f60
15ca4
1947b
12066
1b6fd
19195
12068
127d3
16428
1223d
13c98
159d6
1223f
1e72c
15bb7
1938f
127d8
19a29
127d9
11f7e
1650a
127db
12245
1e72f
11f82
1882a
19e88
18af7
1e730
190aa
1251a
19d09
1251b
1e46e
19e8d
15f67
11f89
1aabf
127e0
1b9ce
15f69
11f8c
1b9d0
127e3
14ea4
15361
11f90
19b0f
1554e
1b159
18ce2
21a4c
1a247
11f94
1b15c
1a249
1642c
19a2c
1642d
15bbe
1a6fc
190ae
15ca6
1947d
11f9b
1a7e3
1a7e4
15f6c
1e473
1b704
19394
18546
1a15e
18547
1e1a5
190af
18afe
1e474
19a31
11fa5
1e475
19a33
18be6
1b705
1a24a
21a4e
1a8db
222d8
1a8dc
1e73a
1a8dd
11fac
1e477
1a7e9
1a162
1dce9
11fb0
1ddd4
1b163
222dc
1a703
11fb4
1a7eb
222de
12f61
1650b
128c6
1206b
1605c
128c8
1206d
15f6f
19b1a
15caa
1e81f
15f70
12335
1e820
1605e
12337
12073
12609
1919a
12075
1919b
12076
19f7c
18363
19f7d
18bea
1e823
1207a
168d2
128d1
1babf
16061
1e561
1abb3
128d4
1e562
1abb5
14f98
18beb
1563f
19d90
15acd
223c4
19c0e
12085
1b24d
15643
223c6
1b24f
18bec
1a7ec
19b1f
18bed
1e827
1a7ef
16063
19c10
15da2
1b7f3
1b7f4
19486
16065
1e565
1b7f6
18bee
1ddd6
19578
223c7
19579
18bef
12096
1ddd8
18bf1
223c8
1a7f2
18bf3
1209a
1a9cc
1209b
1b251
1209c
1b252
1209d
1b253
19c16
1e82d
1b7f9
1a9d0
1e82e
1a9d1
1a254
223ce
120a4
1a33b
223cf
1a7f5
12155
12248
166f0
16430
19c18
15e98
12159
19c19
1be8f
1215c
1633d
15da5
192a4
12612
1bd9b
192a5
12614
15ace
192a6
126f3
19943
126f4
192a7
126f5
1ebfb
16342
12166
129c8
13e7d
13600
16ba4
12f65
18cec
129cb
18ced
129cc
16f6c
1615a
129ce
19b29
16604
129d0
17516
166f6
12f6d
166f7
12173
1c15d
12f70
1b258
1615c
1eec3
1b25a
12f73
15553
15646
1217a
18cef
1217b
1a8e1
18cf0
1217d
19c1a
1217e
1a33d
18cf3
1eec6
1a8e3
18cf5
12182
18ddc
1be90
166fb
15e9d
1ec01
1a164
221ed
1a42f
12187
1b074
12188
1e663
1be94
16348
1218b
1ec05
1a8e6
1a9d8
1873b
1e664
192af
18ddd
1be97
1a431
221ee
1e666
1a077
1a432
1ec07
1a433
1a8e8
1ec08
1be98
1e669
12339
13236
1224f
167e3
1b9d2
15f77
1233d
1b9d4
12253
18b02
1a704
18b03
1e740
16436
1efae
18ddf
12257
1a708
1a709
136f1
16c97
13056
1225b
16438
19c1e
15ea6
1efb0
1624b
12abf
1efb1
16700
12ac1
1efb2
167e7
12ac3
12263
13060
1c24e
159e0
1efb4
167ea
12267
1b34b
13064
1efb6
1c253
18de2
15648
15f78
19d0c
159e2
1b9d7
1aac6
159e4
1b164
159e5
1b435
1a258
1e746
1aac7
159e8
1efb8
16702
1a9dc
16703
1643c
1efb9
18de5
1ea16
1a16b
15eac
1e748
18de8
15eae
1efbb
1b9db
193a2
16704
1227f
1efbd
1a16d
12281
1a9e3
19d0f
1957b
1b437
1a16e
1a439
12286
1b438
1b169
1efbf
1a9e5
1228a
1aacd
1efc1
12340
16067
15ad1
1957c
1242e
1bac5
1957d
12430
159e9
1a7f6
159ea
1f0a1
15f7c
19b2f
15cb3
1a7f9
15f7d
1234a
12bac
14061
1234c
13ab6
13149
18ed2
12baf
18ed3
12bb0
16ba5
1634a
12bb2
19d11
167f3
12bb4
1714e
168da
13151
168db
12357
1c341
13154
1ae90
1634c
1f0a7
1ae92
13157
15739
19d13
1235e
18ed5
1235f
1aacf
18ed6
12361
19852
12362
1a527
18ed9
1f0aa
1aad1
18edb
12366
18fc2
1bac8
168df
15ad7
1e839
19d9c
223d1
1a619
1236b
1b25e
1236c
1e29b
1bacc
15f83
1236f
1e83d
1aad4
1abbc
1891f
1e29c
19497
18fc3
1bacf
1a61b
223d2
1b260
1f0b0
1b261
1a52a
1e29f
1aad6
1e840
1bad0
1e2a1
1251d
1341a
12433
169c7
1bbb6
1615f
12521
1bbb8
12437
13ba7
1714f
1332a
126fa
168e3
1243a
1606e
1243b
169c9
12c92
1243d
169ca
12c94
1243f
16f70
12c96
12702
15adf
1a342
15ae0
1f197
16070
19c25
15db4
1a345
16071
12447
12c98
1c432
15bc6
1f198
169ce
1244b
1af83
12c9c
1f19a
1c437
18fc8
1582c
16072
1985a
16073
15ae3
1abc2
18a12
1a61e
18fcc
12455
1a620
15ae7
12457
1e92c
16160
19947
15bc8
1bbbb
1acaa
15bca
1b34e
15bcb
1b619
19e90
1e92e
1acab
15bce
1f19f
1abc5
1acad
168e8
12463
1f1a1
19da5
12465
1abc7
19949
1975f
1b61b
19da6
1f1a2
1246a
1b61c
1246b
1b61d
1abc9
1246e
1acb1
1f1a5
12524
1624f
15cb5
19760
12618
1bca9
19761
1261a
12d7f
169d4
127eb
14246
15bcf
19672
12d82
19673
12d83
1252e
16d8b
12d85
12530
16ab6
12d87
127f3
1ecdb
12534
190b8
12535
1a43b
12ac7
18deb
12537
18dec
12538
1a43e
1a43f
16513
1253b
1bf79
12d8c
1b07a
15f87
1ecdf
1b07c
12d8f
15461
1994d
12542
190bb
12543
1acb3
190bc
12545
19a38
12546
1a711
190bf
1ece2
1acb5
190c1
1254a
191a6
1bcac
16517
15cbb
1ea1f
19f80
22009
1a7fd
1254f
1ae96
12550
1e47f
1bcb0
1616b
12553
1ea23
1bcb2
1994f
18b05
1e480
1967b
191a7
1bcb3
1a7ff
2200a
1e482
19e99
1a800
1ea25
1a801
1acba
1ea26
1bcb4
1e485
128dc
12e72
1261d
137e0
17333
15cc1
19764
12e75
19765
12e76
12621
16e7d
12e78
12623
19a3e
12e7a
12625
1edcd
16257
1985d
159f6
1a52d
15cc3
1a52e
15cc4
1edcf
19768
12bbc
15db5
1eb0d
1b16b
1262e
16e7e
12e7f
1c06d
1660e
12631
12632
19769
15556
1651e
1ada4
1651f
1625c
1edd3
191af
1e842
19f87
15cca
1eb0f
191b2
15ccc
1edd5
1660f
1a8ea
1634e
1263e
1bda0
193a4
1b7fc
1a079
1e570
1a34a
1edd6
1bda1
1a8ee
12644
1eb14
1bda3
19a41
16612
12648
1a805
18cfa
1bda5
19a42
1a07b
1e573
1a806
1264d
1a07c
1e575
1a07d
12650
1a8f3
1eddc
1adad
12703
127f6
16c9c
16443
19951
15dc0
12707
16c9e
1c43b
16350
12bbe
15ccd
192b4
12bc0
1c347
168eb
12bc2
15ae9
1958a
12c9f
1958b
12ca0
19862
12ca1
1f1a7
168ee
12714
12f74
13510
16bad
12f76
1442c
15ccf
192b8
13513
1271a
16bb0
13515
19865
13516
1271d
17519
13518
1271f
1f46d
16ca3
12721
1c709
1351c
1b804
16708
1f46f
1b806
1351f
15cd2
192ba
15cd3
12728
1ae9c
18cfb
1eed0
169de
1af8c
18cfc
1eed1
19954
16359
1272e
19868
1635b
1ec0d
1a627
12731
1ec0e
1aea0
16448
1c43e
1af8f
1644a
1b61e
1644b
1be9b
1a718
1f1ae
1af90
1644e
1f476
1aea1
1af92
16ca9
1273d
1b621
1273e
1f1b2
1a8f9
1b622
1f479
1b623
12743
1f47a
12745
1f1b5
137e1
127fc
128e9
16d8f
127fe
19a46
15f8a
12800
12d90
190c3
12802
190c4
12803
193aa
12804
1acbf
12d94
1ecee
12807
13067
1451d
13c9e
17243
13604
16cab
1306a
16d91
15dc7
1306c
193ad
1306d
1705e
167f8
1306f
1760c
16d94
15f8b
1ecef
1b8f5
12814
17060
1360f
1c7fd
16d97
12817
12818
16cae
12819
1f563
1995b
15f8d
19a47
15eb4
1a71c
15eb5
1e752
1949b
1281f
1b080
16d9a
12821
1aad8
12822
1b711
15f92
1b9e2
15f93
12825
1ecf3
169e7
16456
1af9a
193b2
12829
1a9ef
16459
1282b
1ecf5
1b084
169e9
1282e
1f569
1aadb
1e757
1e758
1a721
1aadc
1ecf9
1aadd
1af9e
1ecfa
1bf8a
12837
129d9
138d4
128ef
16614
1c070
1958d
129dd
1c072
128f3
16527
1adae
1625f
1edde
16528
1f64c
1949d
128f7
1adb2
1adb3
137e3
17335
136f4
128fb
15f97
19a4c
15eb8
1315c
1f64e
15f98
1f64f
168f5
1315f
1f650
16e85
13161
12903
136fe
1c8ec
16080
1f652
16e88
12907
1b43d
13702
1f654
1c8f1
18edf
1f0b4
16616
1b170
18ee0
1f0b5
19b3a
15eba
194a1
15ebb
12910
1b08a
16da2
1652e
1f656
1a810
15f9e
1ede3
194a6
15fa0
1f658
16e8b
16083
1ede5
1a34e
1e578
1abd1
1291b
1b80a
1291c
1e848
1c079
1652f
1291f
1ede9
1c07b
1a351
1e579
1abd4
1edea
1abd5
1a812
1f65d
12926
1e84c
1b178
1c07d
129df
12acc
16f72
1616f
19c29
15aec
129e3
16f74
1c165
129e6
14155
176ff
138d6
12ca7
16619
129e9
16e90
1323e
129eb
1661a
129ec
16f76
13241
129ee
1751c
13243
12f7f
18cfd
129f1
18cfe
129f2
19592
129f3
1a8fd
12f83
1eed4
129f6
1b52c
13245
1eed6
169ec
1c9e0
17247
129fa
1c9e2
1b531
1608d
19b40
16e93
15a02
129ff
19596
12a00
16f7c
1c166
1a355
12a02
1b263
1661f
16090
1b17e
19598
12a06
1abd9
16093
12a08
1eed8
1670d
12a0a
1c169
19d19
1bbc4
1a441
1e939
1acc4
1f74b
1c16a
1b267
12a10
1eedc
1c16c
1b269
19d1a
1bbc7
1a358
1f74e
12a16
1bbc8
12a17
1bbc9
1b183
12a1a
1b26b
1f751
12ad2
167fb
15bdd
19770
12bc6
1c255
167fd
12bc8
1332b
12ad8
14248
177f1
15af1
19682
1332e
12adb
16f83
13330
19c2e
13331
12ade
17337
13333
12ae0
1f287
12ae2
16711
1a9f2
1645c
1efc4
16712
1f288
19685
12ae6
1a9f6
1a9f7
16abf
12ae9
1c525
13338
1b626
16533
1f28b
1b628
1333b
15af4
19686
15af5
12af0
1b26e
190c5
1ecfc
167fe
1b354
190c6
1ecfd
19d1e
16181
12af6
19c34
16183
1ea29
1a449
12af9
1ea2a
1b272
16266
1c25a
1b357
16268
1b440
16269
1bcb7
1a534
1efcc
1b358
1626c
1f292
1b273
1b35a
16ac5
12b05
1b443
12b06
1efd0
1accd
1b444
1f295
1b445
12b0b
1f296
12b0d
1efd3
1341d
13ab9
17063
1341f
12bcc
1626d
19d1f
15be4
12e8d
1f376
1626e
1f377
16622
12e90
1f378
16bb6
12e92
12bd4
16803
1aae4
15fa2
1f0b6
16804
1f37a
19777
12bd8
1aae8
1aae9
16bb8
12bdb
1c617
1342a
1b718
16625
1f37d
1b71a
1342d
15be6
19778
15be7
12be2
1b360
191b7
1edee
168f9
1aea4
191b8
1edef
1986d
16273
12be8
19d26
16275
1eb1b
1a53b
12beb
1eb1c
1b364
16364
1c34c
1aea7
16366
1b532
16367
1bda9
1a62c
1f0be
1aea8
1636a
1f384
1b365
1aeaa
16bbe
12bf7
1b535
12bf8
1f0c2
1adbf
1b536
1f387
1b537
1c352
12bfd
1b366
1f0c5
14249
169ee
12da3
16f88
12cb2
19961
169f0
12cb4
13169
14158
12cb7
168fd
1c8f2
1627a
1316d
1c8f4
12cbb
16626
1b184
168ff
1fa14
16e9a
1324d
19b45
1324e
1f754
1b189
14159
17700
13abc
12cc3
1627b
19872
15a0b
1fa16
1627c
13525
1fa17
16cb1
13527
1fa18
1724d
13529
12ccb
13ac6
1ccb4
169f2
1fa1a
17250
12ccf
1bdb1
13aca
1fa1c
1ccb9
16903
1b446
19875
16904
1fa1d
1b449
1636d
19962
15afa
1c9e9
1acce
1e940
1afa1
1f1b8
1b44a
16905
1aeae
192c7
1f47d
1715f
19878
12cdf
1aeb1
16909
12ce1
1f759
16f8b
12ce3
1c9eb
1acd0
1f1bc
1afa3
1fa21
1c9ec
1b53d
12ce8
1f75d
1c9ef
1aeb2
12ceb
1acd2
1f1bf
1acd3
12cee
1f1c0
1b540
1c9f1
12da7
12e94
1733a
1645d
19a52
15bec
12dab
1733c
1c52d
16187
19c36
15afc
1b277
15afd
12db0
1968f
12db1
1b27a
13341
13bad
1424b
177f3
13baf
12db6
16371
19966
15aff
1fb08
16372
13618
1fb09
16da3
1361a
1fb0a
1733f
1361c
12dbe
1bea0
13bb9
1f29c
16da5
1cda8
17611
12dc2
1cdaa
1bea5
16374
19968
16375
15b02
1b544
16f94
15bed
17344
12dc9
1b62b
1653a
1bf8c
1adc1
1ea33
1725b
16461
1acd4
16462
1ecff
16ad1
12dd0
1c531
1adc2
1ed00
1b095
1fb11
1c532
1b62f
12dd5
1b547
1acd6
16a04
1f2a1
1996e
16a06
1fb14
1c534
1b631
1acd8
1fb16
12dde
1bf90
1bcc1
1fb17
1b54b
12de2
1b633
1fb19
12e9a
16bbf
15cdd
1742d
12f88
1c61d
16bc1
12f8a
15bef
19780
1342f
19a56
13430
1f38a
1680b
1f38b
19a57
12ea4
13704
14bc1
13d92
178e5
13ca1
16ad6
13707
16ad7
13708
1742f
16465
1370a
17701
16ea2
1370c
17cb2
17432
13ca9
17433
12eb1
1ce99
13cac
1b9e8
16ea4
1fbff
1b9ea
13caf
15bf4
1734c
15bf5
12eb8
19a5c
15bf7
12eba
16bc2
1c620
19b49
15dcd
1bdb4
15dce
1c07f
15fa7
1adc6
15fa8
1edf1
1734d
16548
12ec2
1b09a
19a5f
1fc03
1b63a
19a61
12ec6
1b71e
17438
12ec8
1bdb6
16632
1c081
16633
12ecb
1f394
1b722
17439
12ece
1c082
1bdb9
1fc08
12ed1
1f397
12ed3
1fc0a
12ed5
1f399
13f73
1671a
13079
16cb6
12f8e
19c39
1671c
12f90
13250
14cb3
12f92
14704
137e7
16bc5
13253
16bc6
13254
17521
15fab
13256
177f4
16f97
13258
17da4
17524
137ef
16377
1987c
15ce4
1aeb5
15ce5
12f9f
192c9
12fa0
1aeb8
13530
1671d
1f481
1bad9
12fa4
177f6
137f3
1cf8d
17527
12fa7
12fa8
16bca
12fa9
1b727
16bcb
12fab
1f483
1671f
1b80e
1609a
12fae
1b27c
12faf
1bea7
12fb0
1fcf4
1959e
1f762
1a90d
12fb3
1b72b
1a90e
1663e
1f484
19b54
16640
1fcf6
17529
16722
1f486
1b27e
12fbb
1bea9
12fbc
1eee7
1c717
16cba
12fbf
1fcf9
1eee8
1a911
1b280
1f48b
1b281
1b72e
1f48c
1c71a
1eeeb
1316f
17064
1307f
1680d
1c800
1618a
13173
1c802
13083
147f5
17da5
13f76
13344
16727
13086
16728
13087
17067
138dc
13089
17068
138de
1308b
17612
138e0
1334c
15dd5
193ba
1361e
19c3e
1361f
1f570
16a08
1f571
19c3f
13093
138e2
1cad0
16810
1f836
1706c
13097
1bbd3
138e6
1f838
1cad5
1aaea
1e75c
1b36f
1efd4
1672b
1b818
19c41
1672c
1f839
1b81b
1618b
19d2c
15ec4
1c805
1b81c
1672d
1b282
19691
1f2a9
17532
19c44
130a7
1b285
16731
130a9
1f577
16dab
130ab
1c807
1aaec
1efd8
1b371
1f83d
1c808
1b905
130b0
1f57b
1c80b
1b286
130b3
1aaee
1efdb
1aaef
130b6
1efdc
1b908
1f843
13175
1433b
17e97
14068
13436
16819
13178
1681a
13179
17074
139ce
1317b
17161
139d0
1317d
17705
139d2
1343e
15ec7
194ac
13710
19d30
13711
1f662
1654e
1f663
19d31
13185
139d4
1cbc2
1690e
1f928
17165
13189
1bcc5
139d8
1f92a
1cbc7
1690f
1b450
16284
1318e
1aeba
1318f
1badf
13190
16db2
13191
1b90b
16db3
13193
1f667
1b90e
1681f
1b374
19783
1f39b
17078
19d36
13199
1b377
16823
1319b
1f669
16ea6
1319d
1c8f9
1abe4
1f0ca
1aebd
1f92f
1c8fa
1b455
131a2
1f66d
1c8fd
1b378
131a5
1abe6
1f0cd
1abe7
131a8
1b459
1f934
1b913
1325b
1334e
177f8
160a3
177f9
15b07
1325f
177fa
1cf93
13262
17441
15a14
17442
13718
1ce9f
17443
1371a
15a16
1b730
15a17
1ffc1
15fb4
19b56
15ceb
1b733
15fb5
1326c
13acc
1406a
1326f
149e0
18548
15a18
17447
1406d
17448
1406e
13273
1770c
14070
13275
1807d
14072
13277
1ffc5
177ff
13279
1d261
14076
1c35c
17260
1ffc7
1c35e
14079
15a1a
17449
15a1b
13280
1744a
15a1d
1b196
15a1e
1f764
1b198
13284
1f765
1b9f6
15b08
17536
13287
1bae5
1744b
16195
1c176
16196
1c9f3
1682c
1328c
1b45d
16eb6
1328e
1bae6
17804
13290
1c178
16fa4
1c9f5
16fa5
13293
1fd08
1baea
17805
13296
1b19b
1ffd0
1c17a
1b551
1fd0b
1329b
1ffd2
1329d
1fd0d
1433d
16ae0
13441
16ae1
13356
16a0a
16ae2
13358
138e8
17539
138e9
1f844
15ddc
1753a
138eb
19c49
138ec
1f846
1335f
13bbf
1508c
147fa
17da7
1415e
16fa9
13bc2
16faa
13bc3
178ed
1691f
13bc5
17bc2
17350
13bc7
18180
178f0
16ae3
1f847
1c44d
1336c
17bc4
14169
1d355
178f3
1336f
13370
16fab
13371
1baef
16fac
13373
19972
13374
1b553
16faf
200bc
1baf1
16fb1
13378
16ae5
1cada
16a0d
160af
1337b
1b63e
1337c
1c269
1337d
200be
1b291
1337f
1bbd8
178f6
13381
1c26a
16aea
1c53b
16aeb
13384
1f84e
17541
1707e
13387
200c1
1f2b0
1b293
1b642
1f851
1b643
1baf6
1f852
1cae2
1f2b3
13531
14430
13447
1654f
1cbc8
1628a
13535
1cbca
1344b
16aed
1344c
1b915
139dc
16db6
1344e
16db7
1344f
1b918
1b919
1433f
13cb1
1517f
13453
1619e
178f9
15bff
201a6
16a10
13cb5
201a7
1744d
13cb7
201a8
179e1
13cb9
1345b
14258
1d444
16bd8
201aa
179e4
1345f
1bf95
1425c
201ac
1d449
16a12
1bbe0
16a13
161a2
201ad
16af3
1fc0c
1b381
15c05
1f93b
16af6
15c07
201af
16552
1bcc8
1628c
1346c
1f93d
1aec0
1f0d0
1b737
1f39e
1b383
13470
201b0
178fe
1716f
13473
1cbcf
1aec2
1f3a0
1b739
201b1
1cbd0
1bccd
13478
1f941
1cbd3
1b73a
1f942
1b73b
1b384
1b649
1347e
1f3a4
1bcd0
1cbd5
13537
13624
17ace
1637b
17acf
15ddf
1353b
17ad0
1ccbd
1353e
14cb5
18273
14432
137ff
16555
13541
1628e
13542
179ec
13d99
13544
17ad2
13d9b
13546
18080
13d9d
13ad7
16eb7
13549
16eb8
1354a
16be3
1354b
1b463
13adb
1fa2c
1354e
1c084
13d9f
1fa2e
17544
1d538
17dab
13552
1d53a
1c089
16292
179ee
16293
15cf6
1bcd4
16645
1b73c
16be8
13559
1b73e
15cfa
1355b
1fa30
1637d
17ad8
15de1
1ccbf
1bcd7
16ccc
1c71c
1afb3
1f1c3
179ef
16648
1f491
17179
16ccd
1ccc0
1bdbd
16ccf
1c71e
1afb5
1fa33
1bdbe
16cd2
202a4
1ccc4
1bdc1
1aeca
1b741
1356e
1c720
1c457
202a7
1bcdb
13572
1bdc3
202a9
1362a
17353
15ed0
17354
1371e
1cdad
17355
13720
13e85
13630
14da8
18365
15de2
17267
13e88
17268
13e89
13634
17adf
13e8b
13636
17e9b
13e8d
13638
1fddf
1363a
16a15
1b558
16a16
1fb1c
16382
1fde0
16cd6
1363e
1b55c
1b55d
1761b
13641
1d07d
13e92
1c17e
1708b
1fde3
1c180
13e95
15de6
1726c
15de7
13648
1726d
15de9
1afb8
15dea
1f580
1afba
1364c
1f581
1bdc8
15ed2
17356
1364f
1bead
16dbe
1c80e
1b0a5
1ed09
1726e
1664e
13654
1b831
16cde
13656
1beae
17620
13658
1bf9a
16dc2
1c811
16dc3
1365b
1fb26
1beb2
17621
1365e
1afbd
1fdec
1bf9c
1fded
1bf9d
13663
1fdee
13665
1fb2b
13f77
14615
17bc7
13f79
13724
16471
17623
15ed5
1fece
1673c
139e6
1fecf
1717a
139e8
1fed0
17712
139ea
1372c
1655b
1b64a
1655c
1fc0e
16474
1fed2
16dc8
13730
1b64e
1b64f
17714
13733
1d16f
13f84
1c270
1717d
1fed5
1c272
13f87
15a24
17451
13739
1b9fd
16476
17626
16477
15eda
1beb8
16831
1b920
16dcc
1373f
1b922
15ede
13741
1fc14
16ebc
1c900
1b19d
1edfb
17360
16740
13746
1b923
16dd0
13748
1b9fe
17719
1374a
1c08c
16ec0
1c903
16ec1
1374d
1fc18
1ba02
1771a
13750
1fc1a
1b925
1c08e
1fedf
1c08f
1ceaa
1f67a
1bebe
1fc1d
14da9
17546
138fb
17547
1380a
16ec4
17548
1380c
13cc1
14cb8
1380f
16dd1
1d44a
1655e
13cc5
1d44c
13813
1655f
1bcdc
16297
202aa
16560
2056c
17458
13817
1bce0
1bce1
14cb9
1407b
15558
1381b
16562
17cbe
15fc5
2056e
16dd4
1407f
2056f
1780d
14081
20570
17db1
14083
13823
14622
1d81e
1754a
20572
17db4
13827
1c909
14626
20574
1d823
16ec5
1ffd4
1b743
1382c
1745c
1382d
1bf9f
1745d
1382f
1ba08
1745f
20576
1bfa1
17461
13833
1754b
1d540
16ec8
16567
13836
1baf8
13837
1c723
13838
20578
17cc3
17ae7
1383b
1d543
1b836
1fd14
1bafb
20579
1d544
1c095
13840
202b5
1d547
1ba0a
13843
1b838
1fd17
1b839
13846
1fd18
1c098
1d549
138ff
139ec
17e9e
16743
17e9f
161a5
13903
17ea0
1d085
16388
17ae9
15def
1bdcf
160b6
1bdd0
160b7
2065f
17aeb
13e9b
14709
17dba
1416d
1564a
160b8
17aec
1470c
17aed
1470d
13910
17dbd
1470f
13912
18183
14711
13914
20663
13916
1c9f8
14715
1fdf4
17901
1d912
18185
1391a
1d914
1c9fd
160ba
1bafe
16fb8
200c7
16ecc
1c09a
16ecd
1665a
20667
1b83c
160bf
1fdf5
1755c
160c1
20669
16fb9
1c182
16746
13927
1fdf7
1b926
1f58a
1bbeb
1f859
1c0a0
1762d
1392c
1d089
1b928
1f85a
1bbed
2066b
1d08a
1c187
13931
1c0a1
1d08c
1c189
1b83e
2066e
13936
1cae8
13937
1cae9
1c0a3
1393a
1c18b
20671
139f2
1771b
16298
1771c
13ae0
1d175
1771d
13ae2
15ee0
17362
13f89
17363
13f8a
17630
13f8b
1fee3
16749
139fc
1425e
1573b
139fe
15181
147fd
1709b
14261
1709c
14262
17f93
16fbd
14264
18275
179fe
14266
18830
17f96
14805
17f97
13a09
1da03
14808
1c540
17a00
20757
1c542
1480b
15c0a
1b92c
15c0b
1f948
1674c
17eb0
1674d
161af
1c18e
170a0
13a14
1bbf3
161b2
13a16
1fee8
16837
17f9a
1629b
1d179
1c191
17186
1cbd6
1b46d
1f67d
17eb1
170a4
13a1e
1c276
17f9c
13a20
1c90e
1718a
1cbd9
1718b
13a23
1feec
1c27a
17f9d
13a26
1cbda
13a27
1cbdb
1f94f
1b931
13a2b
20762
13a2d
1fef1
14ad3
17272
13bd1
17273
13ae6
16bf0
17274
13ae8
13daa
1582d
13aea
15273
14343
1718d
13dad
1718e
13dae
18085
16b03
13db0
18368
17af3
13db2
18922
18088
1434b
15fce
17723
15a29
1ba0d
1629e
1ba0e
1629f
20847
17725
1408a
17275
1ffd9
1c631
13afc
1836a
1434f
1daf7
1808b
13aff
13b00
17191
13b01
1bce9
162a1
17726
162a2
13b04
17727
162a4
1fa3b
1b475
13b07
1fa3c
1c282
1638c
17814
13b0a
1c367
17728
16a17
1c9fe
16a18
1ccc9
16b06
13b0f
1c285
1808d
1727a
1ffde
1bdd6
13b13
1ca01
13b14
1fa3f
1d26f
17816
13b17
20851
1fa40
1b477
1bdd8
1ffe3
1bdd9
1c286
1ffe4
1d272
1fa43
13cc7
14bc6
13bd7
16ce1
1d358
16a1a
13ccb
1d35a
13bdb
15364
18923
14ad6
13e9e
16bf5
13bde
1692c
13bdf
17bcb
14438
13be1
17bcc
1443a
13be3
18186
1443c
13ea6
15b1a
1755f
14178
17560
14179
1781a
1417a
200c9
1692f
13beb
1443e
1d63a
17368
2038e
17bd0
13bef
1c72b
14442
20390
1d63f
16ce3
1fe00
1b565
13bf4
17284
13bf5
1c371
17285
13bf7
1bddc
17287
20392
1c373
17289
13bfb
17369
1d35c
16ce6
16568
1c544
16569
1cdbb
16933
13c00
20394
18096
17907
13c03
1d35f
1b652
1fb30
1bec9
20395
1d360
1c45d
13c08
200d3
1d363
1bdde
1fb32
1b654
13c0d
1cdbf
13c0e
1fb34
1c460
1d365
13ccd
13f8f
15465
13ccf
14eab
14528
17371
13f92
17372
13f93
17cc4
16ce9
13f95
1854c
1772b
13f97
18b07
17cc7
15c0c
170a5
1426a
170a6
1426b
1790c
1426c
201bb
16a21
13cdd
14530
1d72c
17466
20480
17cc9
13ce1
1c81d
14534
20482
1d731
16ddb
1fef2
1b657
13ce6
17467
1d44e
16dde
16485
1790e
16486
13cea
1790f
16488
1fc1f
1b659
13ced
1fc20
1c466
1665c
1c636
1665d
1cead
16a25
13cf2
20486
17bdc
17a02
13cf5
1d451
1b74a
1fc22
1ba15
20487
1d452
1bfad
13cfa
201c5
1d455
1bed0
13cfd
1b74c
1fc25
1b74d
13d00
1bfb1
2048c
1c46b
13db5
13ea8
1836c
16bfb
1836d
1665f
13db9
1836e
1dafd
13dbc
17fa5
1656c
17fa6
14272
1da09
17fa7
14274
162a8
1772e
14353
1772f
14354
17fa9
14355
20857
16b0d
13dc6
14628
1737f
13dc8
16b0f
13dc9
1827e
14bcc
13dcb
18370
14bce
13dcd
18924
14bd0
14630
17af9
20859
1ceb3
13dd2
18bfc
14bd5
1dddf
18375
13dd5
13dd6
17a0b
13dd7
1bfb3
16573
17fad
16574
13dda
17fae
16576
202bd
1bcf1
13ddd
202be
1c54e
16660
1809a
13de0
1c63d
17faf
16ced
1ccce
16cee
1d54b
17384
13de5
1c551
18377
17afe
2085e
1c0a6
13de9
1ccd1
13dea
202c1
1db03
1809c
13ded
20b27
13def
20862
1c0a8
1bde5
202c3
1c552
20864
1db06
202c5
13f99
14ead
13eaf
17561
1d640
16cf0
13f9d
1d642
13eb3
16bff
1c37a
16935
2039c
16c00
20c0a
17b04
13eb7
1c37e
1c37f
16664
180a0
14cbc
180a1
14cbd
13ebc
1837c
14cbf
13ebe
18741
14cc1
13ec0
20c0f
13ec2
1cfa4
14cc5
203a0
17eb5
1ded0
18743
13ec6
1ded2
1cfa9
16666
1c0aa
17564
20673
17478
1c646
17479
16c06
20c13
1bde8
1666b
203a1
17b0c
1666d
20c15
17565
1c72e
16cf2
13ed3
203a3
1bed2
1fb36
1c197
1fe05
1c64c
17be1
13ed8
1d647
1bed4
1fe06
1c199
20c17
1d648
1c733
13edd
1c64d
1d64a
1c735
1bdea
20c1a
13ee2
1d094
13ee3
1d095
1c64f
13ee6
1c737
20c1d
13fa0
17ccf
16844
17cd0
1408e
1d733
17cd1
14090
1648c
17912
14537
17913
14538
17be4
14539
2048f
16cf5
13faa
1480c
17567
13fac
16cf7
13fad
1846d
14db0
13faf
18554
14db2
13fb1
18b08
14db4
14814
17733
20491
1caeb
13fb6
18834
14db9
1dfc3
18559
13fb9
13fba
1764d
13fbb
1c19d
16759
17be8
1675a
13fbe
17be9
1675c
1fef5
1bedb
13fc1
1fef6
1c73c
16846
17cd2
13fc4
1c821
17bea
16ed1
1ceb8
16ed2
1d183
1756c
13fc9
1c73f
1855b
17738
20496
1c290
13fcd
1cebb
13fce
1fef9
1d73b
17cd4
13fd1
20d0b
1cebc
1c293
2049a
1c1a0
1fefb
1c740
2049c
1d73e
1fefd
1417d
15091
14093
1719b
1d824
16ed4
14181
1d826
14097
16de5
1855e
16849
20dee
170ae
1435b
20def
180a6
1435d
20df0
18647
1435f
1409f
14631
1747b
140a1
1747c
140a2
1773f
140a3
1bfbb
14635
20584
140a6
1cbdc
148fd
20586
180a8
1e0b4
18928
140aa
1e0b6
1cbe1
1684c
1c294
1719e
20867
170b0
1c82a
170b1
16dec
20df7
1ba20
16851
20587
17746
16853
20df9
1719f
1c912
16ed6
140b7
20589
1bb0a
1fd1a
1c381
1ffe9
1c830
17cdd
17829
1d82a
1c915
1782b
1d276
1bb0d
2058b
1c916
1782e
20dfc
1d82e
1c919
1ba22
1c299
140c6
1d278
1cfaf
20dff
1c833
140ca
1c91b
20e01
14184
17eb7
16a28
17eb8
14278
1d917
17eb9
1427a
149e5
1782f
1444b
17830
1444c
18651
171a3
1444e
18a17
17bed
14450
18fd5
1818e
149ed
1666e
17dcd
160c7
1c0b1
1693c
1c0b2
1693d
20939
17dcf
14728
17917
20677
1ccd5
1419a
18a19
149f1
1dbfb
18191
1419d
1419e
17833
1419f
1c387
1693f
17dd0
16940
141a2
17dd1
16942
200d9
1bb13
141a5
200da
1c920
16a2a
17eba
141a8
1ca05
1791a
1d366
1bbfd
1f861
17dd2
171a6
141ad
1c923
18193
1791c
2067c
1c474
141b1
1caf3
141b2
200dd
1d91f
17ebc
141b5
20943
141b7
20680
1c476
1bc01
200df
1c924
20682
1d922
200e1
1453c
17293
1427c
16fca
1427d
18197
14ada
1427f
18284
14adc
14281
18836
14ade
14544
161b8
17655
14816
17656
14817
17ec0
14818
20767
16fcd
14289
14ae0
1dcea
17a16
20a2c
18288
1428d
1cdc9
14ae4
20a2e
1dcef
17387
2049e
1bc03
14292
17a17
1da0c
1738a
16a31
17ec2
16a32
14296
17ec3
16a34
201cb
1bc05
14299
201cc
1ca12
16c08
1cbe2
16c09
1d459
16fd1
1429e
20a32
1819b
17fb6
142a1
1da0f
1bcf6
201ce
1bfc1
20a33
1da10
1c559
142a6
20771
1da13
1c47c
142a9
1bcf8
201d1
1bcf9
142ac
1c55d
20a38
1ca17
14361
14454
18929
171a7
1892a
16c0b
14365
1892b
1e0bb
14368
18564
16b18
18565
1481e
1dfc7
18566
14820
16854
17ce2
14903
17ce3
14904
18568
14905
20e03
170b9
14372
14bd8
1792f
14374
170bb
14375
1883b
15187
14377
1892d
15189
14379
18ee4
1518b
14be0
180ad
20e05
19f8d
1437e
191bc
15190
1d461
18932
14381
14382
17fbf
14383
1c55f
16b1f
1856c
16b20
14386
1856d
16b22
20869
1c29d
14389
2086a
1cafa
16c0c
18659
1438c
1cbe9
1856e
17299
1d27a
1729a
1db09
17934
14391
1cafd
18934
180b2
20e0a
1c652
14395
1d27d
14396
2086d
1e0c1
1865b
14399
210d3
2086e
1c29f
1c654
20e0f
1c655
1cafe
20e10
1e0c4
20871
14545
15468
1445b
17b11
1dbfe
1729c
14549
1dc00
1445f
171ab
1c926
16ee1
20948
171ac
211b6
180b8
14463
1c92a
1c92b
16c10
1865f
15277
18660
15278
14468
18939
1527a
1446a
18d01
1527c
1446c
211bb
1446e
1a07e
15280
2094c
18474
1d552
18d03
14472
1d554
1a083
16c12
1c656
17b14
20c1f
17a28
1cbf2
17a29
171b2
211bf
1c394
16c17
2094d
180c0
16c19
211c1
17b15
1ccda
1729e
1447f
2094f
1c47e
200e2
1c743
203b1
1cbf8
181a0
14484
1dc05
1c480
203b2
1c745
211c3
1dc06
1ccdf
14489
1cbf9
1dc08
1cce1
1c396
211c6
1448e
1d652
1448f
1d653
1cbfb
14492
1cce3
211c9
1454c
1828e
16df0
1828f
1463a
1dcf1
18290
1463c
16a38
17ec6
14ae7
17ec7
14ae8
181a3
14ae9
20a3b
172a1
14556
14dbc
17b17
14558
172a3
14559
18a2a
1536b
1455b
18b11
1536d
1455d
190c8
1536f
14dc4
17ce7
20a3d
1a171
14562
18df4
15374
1d099
18b16
14565
14566
17c01
14567
1c749
16d05
181a7
16d06
1456a
181a8
16d08
204a1
1c487
1456d
204a2
1cce8
16df2
18291
14570
1cdcd
181a9
1747d
1d464
1747e
1d741
17b1c
14575
1cceb
18b18
17cec
20a42
1c83c
14579
1d467
1457a
204a5
1dcf9
18293
1457d
212b7
1d468
1c83f
20a46
1c74c
204a7
1ccec
20a48
1dcfc
204a9
14729
1564c
1463f
1774b
1dde2
17480
1472d
1dde4
14643
17391
18b1b
16df5
2139a
1765e
1490b
2139b
18665
1490d
2139c
18c04
1490f
1464b
14be1
17a2b
1464d
17a2c
1464e
17cf3
1464f
1c567
14be5
20b30
14652
1a262
14eb8
20b32
18667
1d18a
18ee8
14656
1d18c
1a267
16df8
1c840
1774e
20e13
17660
1cdd6
17661
17398
213a3
1bfcc
16dfd
20b33
17cfa
16dff
213a5
1774f
1cebe
17482
14663
20b35
1c0b6
202c6
1c92d
20595
1cddc
1829c
17ddd
1dde8
1cec1
17ddf
1d834
1c0b9
20b37
1cec2
17de2
213a8
1ddec
1cec5
1bfce
213aa
14672
1d836
14673
1d837
1cddf
14676
1cec7
213ad
14730
18476
16fd4
18477
14824
1ded5
18478
14826
14fa0
16ee6
1838a
14fa2
1838b
14fa3
14739
18c0f
14fa5
1473b
18fd8
14fa7
1473d
20ee3
16c1a
1838c
16673
1c65d
16ee8
1c65e
16ee9
20ee5
1838e
14cd8
17ecb
20c23
19da9
14746
18fd9
14fac
1d283
1874e
14749
1474a
17de7
1474b
1c933
16eeb
1838f
16eec
1474e
18390
16eee
20685
1c0bf
14751
20686
1cecc
16fd6
18479
14754
1cfb1
17ece
1d924
1c1a9
1fe0d
18391
17756
14759
1cecf
18750
17ed0
20c28
1ca20
1475d
1d09f
1475e
20689
1dedd
1847b
14761
20eef
2068a
1c0c1
1ca22
20c2d
1ca23
1ced0
20c2e
1dee0
2068d
14aec
15093
17ed5
14aee
17ed6
14aef
18840
17845
14af1
190c9
1829e
14af3
19692
18843
16764
17c09
14dc6
17c0a
14dc7
1847f
14dc8
20d13
17579
14835
1509b
1d372
17fca
20fd8
18845
14839
19e9d
1509f
20fda
1d377
17937
20a4a
1c1af
1483e
17fcb
1dfca
1793a
16fdd
18481
16fde
14842
18482
16fe0
20777
1c1b1
14845
20778
1cfbe
171b4
1d18e
171b5
1da17
1757d
1484a
20fde
18758
18575
1484d
1dfcd
1c2a2
2077a
1c56d
20fdf
1dfce
1cb05
14852
20d1d
1dfd1
1ca28
14855
1c2a4
2077d
1c2a5
14858
1cb09
20fe4
1cfc3
14911
17fd3
1a268
17758
14a05
1a26a
14915
17ee1
1a176
17666
14dcd
1a178
14919
17667
1cde0
1739b
213ae
17668
21674
1857a
1491d
1cde4
1cde5
170c8
18b26
15740
18b27
15741
14922
18dfb
15743
14924
19786
15745
14926
21679
14928
1a53e
15749
213b2
1893f
1da1e
19788
1492c
1da20
1a543
170ca
1cb0a
17fd6
210d9
17ee6
1d0a2
17ee7
1766e
2167d
1c848
170cf
213b3
18582
170d1
2167f
17fd7
1a26c
1775a
14939
213b5
1c938
2059c
1cbfd
20e17
1d0a8
18b2b
1866f
1d196
1a26f
18671
14941
213b7
1c93a
20e19
1cbff
21682
1d19a
1a273
1a274
1d19d
14948
213bb
1cb0f
1d83c
21686
1d83d
1494d
21687
1784b
18fdb
172a9
14a09
18fdc
19db1
1748c
18c18
16ef3
1ced3
171ba
1ced4
171bb
21767
18c1a
14fb4
15831
171bc
18c1b
15833
18c1c
15834
14a15
18ef8
15836
14a17
192cc
15838
14a19
2176b
18fe1
14a1b
1db0f
1583c
1a632
18a32
2176d
1a634
1583f
16c1c
1c93e
16c1d
2095a
17760
18ef9
17761
171c1
1d1a0
1867c
14a26
1cc05
171c4
14a28
20efa
1784d
18fe4
172ab
1d287
1d1a3
181b4
1dc0c
1ca2b
2068f
18efa
181b5
1d288
19db5
181b7
14a32
20efd
1ca2c
2095f
1ccf1
21774
18efb
19db8
18fe7
14a38
20f00
1d28f
20961
1c943
1ccf2
20f02
1ccf3
1d1a6
20f03
1739c
1884b
14be8
19ea1
1884c
14bea
16fe4
18485
150a2
18486
150a3
1875f
150a4
20fe7
17851
14b02
15377
180cb
14b04
17853
14b05
18fe9
15926
14b07
190d0
15928
14b09
19693
1592a
1537f
182a5
20fe9
1a723
14b0e
193bf
1592f
1d657
190d5
14b11
14b12
181bf
14b13
1ccf5
172b1
18763
172b2
14b16
18764
172b4
20a4d
1ca33
14b19
20a4e
1d294
1739e
1884d
14b1c
19ea5
18765
17a2d
1da22
17a2e
1dcff
180d0
14b21
1d297
190d7
182aa
20fee
1d37c
19ea9
14b26
1da24
182ae
1dd01
1884f
14b29
21867
20a52
19ead
1cdea
20ff3
1cdeb
1ca34
2186a
14b30
20a55
14cd9
18395
14bec
17d00
18396
14bee
14ec3
17c11
14bf0
17942
14bf1
190db
1546c
14bf3
191c2
1546e
14bf5
19789
15470
14ecb
16b2c
18585
1519d
18586
1519e
18853
1519f
210db
17945
14bfd
15472
1d746
18398
21950
191c6
14c01
1a817
15476
21952
1d74b
17d01
213be
1c577
14c06
182b4
14c07
1d383
182b5
14c09
1cdee
182b7
21954
1d385
182b9
14c0d
18399
1d46a
17d04
17949
14c10
1ced8
14c11
1db15
14c12
21956
190df
18944
14c15
1d46d
19f9a
1839e
21957
1ceda
14c19
1db17
14c1a
210e5
1d471
1d472
20b44
1c57a
2195b
14c20
1ddf4
14c21
1ddf5
1d38b
14cdd
17df1
1a084
17b22
14dd1
1a086
14ce1
17a33
191cc
17493
21490
17d06
14fb8
21491
18767
14fba
21492
18d09
14fbc
14ce9
1528e
180d1
14ceb
180d2
14cec
183a3
14ced
1cc0b
15292
211ce
14cf0
1a35a
15565
211d0
18769
1d840
195a5
14cf4
1d842
1a35f
17496
1cede
17df4
20f05
17d08
1d474
17d09
17a3a
21499
1c66a
1749b
211d1
183aa
1749d
2149b
17df5
1a088
17b24
14d01
1cfca
14d02
1d65b
14d03
211d3
1d47a
1894e
1848d
1d55e
1a08b
1848f
14d09
211d5
1c756
20c35
1cfcd
2149e
1d562
1a08f
1a090
1d565
14d10
211d9
1cee3
1d65e
214a2
1d65f
14d15
214a3
17584
18a38
1564e
18a39
1564f
14dd6
18d14
15651
14dd8
19695
15653
14dda
21585
14ddc
17b27
1ccfa
172b9
212be
17b28
21586
18496
14de0
1ccfe
1ccff
18e03
14de3
1d931
15658
1a44e
1885c
21589
1a450
1565b
16fe6
1c75a
16fe7
20d22
17672
18e06
170d5
1d0ad
17dfa
1d566
17dfb
17b2c
2158b
1c75c
1758d
212c3
1849c
1758f
2158d
1c84c
204aa
1cb17
20d25
1d56b
18d16
1849e
14df8
1a17c
18e08
14dfa
20d26
1d0b1
1858f
1dfd6
1c84f
212c8
1a180
18e09
14e00
1a183
21592
20d29
1c75f
1cb1a
212cc
1cb1b
1d56e
212cd
17766
191d2
14fbf
1a81b
191d3
14fc1
17674
190e0
15387
1a729
190e1
15389
173ac
1885d
15479
1885e
1547a
190e3
1547b
2195f
17c1d
14ed9
170d6
1cdf2
170d7
213c0
17c1e
193c4
17c1f
1767b
1d662
18b3a
14ee0
1d0b9
1767e
14ee2
21962
17d0d
194b6
17769
1d753
1d665
18c28
1ddf6
1a277
20b49
193c5
18b3e
14eea
1a820
194b8
14eec
1d1aa
18c2c
1ddf9
18c2d
14eef
21966
1a824
194b9
14ef2
1ddfa
14ef3
1ddfb
14ef5
21969
1d0ba
14ef7
1d668
2196b
17858
18d18
150b1
1a361
18d19
150b3
1749e
1894f
1556b
18950
1556c
191d8
1556d
214a5
17d11
14fcb
171c8
1ceea
171c9
20f06
17d12
194ba
17d13
1776f
1d75e
18c34
14fd2
1d1b1
17772
14fd4
214a8
17e01
195a8
1785b
1d845
1d761
1876e
1dee8
19dbd
20c3b
194bb
1876f
1d846
1a367
18771
1deea
19dbf
214ab
1a368
18774
21d2d
194bc
1a36a
195ab
14fe4
1deec
14fe5
1deed
14fe7
214af
1d1b2
20f0e
1d764
214b1
1794c
18e0a
151a3
1a453
18e0b
151a5
17590
18a41
1565d
18a42
1565e
18d1e
1565f
21597
17e05
150bd
172ba
1cfdc
172bb
20ff8
17e06
195ac
17e07
17861
1d850
1877a
150c4
1d2a3
17864
150c6
2159a
17ef3
1969a
1794f
1d937
1d853
18862
1dfda
19eaf
20d2d
195ad
1877e
150ce
1a458
1969c
150d0
1d394
18866
1dfdd
18867
150d3
2159e
1a45c
1969d
150d6
1dfde
150d7
1dfdf
20fff
1a45f
1d2a4
21000
1d856
215a3
17a3e
18efc
15295
1a545
18efd
15297
170d8
18b3f
1574f
18b40
15750
18e10
15751
2168b
17ef7
151af
173ae
1cb22
173af
210ea
17ef8
1969e
17ef9
17955
1d942
1886e
151b6
1d39b
17958
151b8
2168e
17fe5
1978c
17a41
1da29
1d945
18954
1e0cc
19fa1
20e1f
1969f
18872
151c0
1a54a
1978e
151c2
1d486
18958
1e0cf
18959
151c5
21692
1a54e
1978f
151c8
1e0d0
151c9
1e0d1
210f1
1a551
1d39c
151cd
1d948
21697
17b30
18fee
1538b
1a637
18fef
1538d
171ca
18c39
15841
18c3a
15842
18f02
15843
2177d
17fe9
152a1
174a0
1cc14
174a1
211dc
17fea
19790
17feb
17a47
1da34
18960
152a8
1d48d
17a4a
152aa
21780
180d7
192d2
17b33
1db1b
1a092
20964
1cd01
211df
1da37
19791
18964
152b2
1a63c
192d4
152b4
1d578
18a4a
1dc15
18a4b
152b7
21784
1a640
192d5
152ba
1dc16
152bb
1dc17
152bd
21787
1d48e
152bf
1da3a
21789
172bc
1877f
15933
18780
15934
18ff4
15935
2186f
180db
15393
17592
1cd06
17593
212ce
17c24
193c7
17683
1d66b
183b5
1db24
183b6
180de
21b44
1cd08
17b3b
21871
18a54
17b3d
21b46
1a184
20a56
1cdf9
212d1
1db29
192d7
18a56
153a4
1a72e
193c9
153a6
1d0c4
18b46
1dd07
18b47
153a9
21876
1a732
193ca
153ac
1dd08
153ad
1dd09
153af
21879
1d580
153b1
1db2c
2187b
17d18
19793
15571
1adcd
19794
15573
17c26
196a1
15939
1acdb
196a2
1593b
17c28
1d674
18b4c
21c42
18a59
1dc18
18a5a
181d8
221ef
1d3a0
17c2d
21f17
190f3
17c2f
221f1
18b4d
1add0
182c9
15491
21f19
19fa6
210f4
1a829
21971
1dc1e
196a6
191e2
1dd0c
1add3
191e4
1d768
19fa9
21f1b
1add4
191e7
221f4
1dd10
1add7
19faa
21974
19fab
154a0
21f1f
1dd13
21976
1d3a3
154a5
221f9
183ba
19b5b
17e0b
15576
19b5c
1a915
18c3d
21d33
1d497
1557a
191e9
1557b
1dd15
191ea
1557d
1d76e
191ec
222e2
1dd17
191ee
15581
18d26
1ddfc
18c40
182cd
15584
1a36e
15585
1d583
15586
222e4
19b5e
18d29
21a60
1a370
1558a
1d585
1558b
214b9
1de01
191ef
1558e
21a63
1de03
1a372
21a64
1a373
1a91e
1de05
15594
21a66
1d771
1dd1d
15666
18781
1aa04
184ad
15756
1aa06
1566a
18d2e
1566b
1d85f
17e0f
192de
17e10
1566e
192df
17e12
215a7
1d58b
15671
215a8
1de0a
17efe
193cd
15674
1aa09
192e0
1859c
1d0c8
1859d
1d94b
18c43
15679
1de0d
19c50
18e1b
21b52
1a462
1567d
1d0cb
1567e
215ab
1def3
193cf
15681
223d9
1d0cc
223da
1d0cd
1def6
15685
1d58c
223dc
15688
215af
15846
18f08
15759
18874
18f09
1575b
1795a
1d0ce
1795b
21698
184b0
19c53
184b1
17f03
1defa
18e23
15762
1d953
17f06
15764
21c44
185a0
19d41
17ff1
1dfe1
1defd
18f0b
1da3c
1a27d
213cb
19c54
18e27
1576c
1aafc
19d43
1576e
1d1bc
18f0f
1da3f
18f10
15771
21c48
1ab00
19d44
15774
1da40
15775
1da41
2169f
1ab03
1d954
15779
1df00
21c4d
180e0
195af
1593d
1abe9
195b0
1593f
17ff2
1da42
18968
21a69
18879
1dfea
1887a
185a4
2200b
1d1c2
17ff7
21d35
18f17
17ff9
2200d
18969
1abec
18693
15859
1a644
1585a
1d2ad
1585b
21d37
1dff0
194c5
18ffe
1e0d4
1abef
19000
1db30
19dc5
21d39
1abf0
19003
22010
1e0d8
1abf3
19dc6
21790
19dc7
15868
21d3d
1e0db
1586b
21d3e
1586d
22015
18a5c
21b5a
1d2b3
15942
190f6
1dc22
18a5f
180e5
195b4
180e6
15946
195b5
180e8
2187d
1d2b5
15949
2187e
1e0e0
182ce
1d3a4
182cf
1d67b
18697
1594e
22100
1988d
196a8
15951
1dc25
19eb6
21880
1a739
22101
1dc26
1ace3
15956
21e2d
1dc29
1a73a
21e2e
1a73b
1ace6
22105
1595c
21e30
1db39
1e0e5
15a2a
15ee4
16858
16ef6
15fd8
19d48
174a3
18f1c
160c8
19b64
16ef9
162ad
1988f
15a35
1694b
15a37
16efc
1b1a2
15a39
1ab05
1b1a3
15a3b
1ba26
16f00
1fd1d
18c44
15a3f
1eb26
1a55a
1dff4
1a285
15a42
1ab08
18f23
1e2a6
15a45
15a46
195bb
1a55d
1ba27
1a55e
1ba28
1a289
1da4a
15a4b
1e1b3
1ab0d
1b1a7
15a4e
1e2aa
15a50
1e760
1900c
15b1f
17594
1694e
15b21
200e4
195bd
16766
15b24
172be
18a60
15b26
1694f
16fed
16b2e
19dc8
1b56a
16ff0
1f2b7
1b56b
16ff2
1f862
1f2b9
200e6
19010
18a61
15b32
1abf8
1e396
1a64d
19014
1e942
1d2b9
15b36
19017
196ac
223de
1abfb
1e2ac
1abfc
1e853
1a651
1e0e8
19dd0
15b3e
1e39b
1b56f
1d2bb
21796
1e39d
1f0d6
15c10
161bc
1795c
190ff
161be
15c14
1ed0a
16b31
16490
19a72
19101
16492
16b33
16a41
16c20
1a73c
1bc08
19ebb
15c1e
1bc09
1b388
201d7
15c21
15c22
1979e
19103
19104
1d3aa
15c25
1aceb
19ebe
1ed0b
1d681
19108
1ea35
19d4b
15c2c
1b389
15c2d
1b38a
1f1c7
1acef
1e48c
1a744
19ec3
21887
1bc0d
1d683
15c33
21889
15d01
15fdb
19b67
191f1
15fdd
16584
16c22
162b2
19a77
171ce
191f3
163a1
19894
15d0c
1fd1e
15d0e
1adda
1f49a
1a82f
16c29
1f49c
1b750
15d12
16c2c
183c2
19895
19b6b
19fae
1d772
191f7
1e57b
1a832
15d19
1dd1f
1e57d
1edfe
15d1d
19fb1
1b751
19fb2
1b752
15d20
1d49e
21978
1ade2
1a837
15d23
1e492
1dd21
1e493
15d27
15ee5
16767
15df5
195be
19c5b
15df8
172bf
16679
15dfa
1fe0e
192e8
16a42
15dfd
16768
15dff
16d19
1afbe
15e01
1a921
1afbf
15e03
1bdee
16d1d
1fb3a
18a62
15e07
1e947
1a376
1de10
1a0a1
15e0a
1a924
18d3f
1e66e
15e0d
15e0e
193d8
1a379
1bdef
1a37a
1bdf0
1a0a5
1d866
15e13
1e583
1a929
1afc3
15e16
1e672
15e18
1eb2b
16588
15ee7
170dc
1887d
15ee9
16494
1676a
15eec
193d9
16e08
16498
15eef
1685e
15ef1
16e0b
1b0b0
15ef3
1aa13
1b0b1
15ef5
1bee0
16e0f
1fc2c
18b54
15ef9
1ea39
1a468
1df02
1a193
15efc
1aa16
18e31
1e1b8
15eff
15f00
194cc
1a46b
1bee1
1a46c
1bee2
1a197
1d958
15f05
1e1bb
1a46f
1b0b5
15f08
1e1bc
215b3
1ec1d
194cd
15fe1
1658a
17d24
17a50
194ce
16e13
17597
1ab0e
1bfd0
1a839
15fe9
1bfd1
1b756
2059f
15fec
15fed
1ab10
1e856
1d777
194d1
1e858
1ab12
15ff1
194d4
19b6d
1a83d
1dffa
1a19d
21c4f
1b0bc
1e764
1b0bd
1ed10
1ab16
1a841
21c50
1bfd5
15ffc
1ed11
195bf
160d4
17b41
17599
1667e
160d7
170dd
1a37e
1bb1c
1759c
1f866
1bb1d
1759e
1fe11
1f868
20692
1a380
1e0ea
1a28d
160e1
1b1ab
1a382
1f775
160e4
160e5
1a28e
1d86a
160e7
1e94d
1ac06
1c0c5
1ac07
1c0c6
1a386
160eb
1e94e
1bb21
1e861
160ef
162b5
16ff5
170de
1676f
161c8
1f2ba
161ca
170e1
1b938
161cc
1b29b
1b939
161ce
1c1b6
170e5
1ff04
19dd2
1d95a
196b4
1ea3b
1acf5
196b6
1efe5
1ea3d
1f2bc
161d8
1b29f
21e32
1dc33
1a476
1bc11
1a477
1bc12
161dc
1e951
1b2a3
1b93d
161df
21e35
162b6
1685f
16b3c
162b9
20874
19d52
1efe7
162bd
1b38c
1fa49
1ade5
171d5
1fa4b
1bd02
162c1
171d8
197a5
1b38e
162c4
1dd23
1a565
162c6
1b390
197a9
1f0d8
1e1be
1ade9
1eb30
1da4f
162cc
1b481
162cd
1b482
1f2bd
1b394
1aded
162d0
1ea44
1eb33
1f2be
163a9
16952
180ec
1786c
192ea
16c2f
173b3
1a92a
1c398
1a655
163b1
1c399
1b572
203bb
163b4
163b5
1a92c
1ec1e
1db3f
192ed
1ec20
1a92e
163b9
192f0
19989
1a659
1de16
19fb9
21a6b
1aed8
1eb34
1aed9
1f0da
1a932
1a65d
21a6c
1c39d
163c4
1f0db
16d1f
173b4
16a45
1649e
1f592
164a0
173b7
1b662
164a2
1afc5
1b663
164a4
1c48c
173bb
201da
1a0a8
1d684
193de
1e769
1aa1f
193e0
1ed12
1e76b
1f594
164ae
1afc9
21b5c
1df09
1a74c
1bee7
1a74d
1bee8
164b2
1e76e
1aa25
1b667
164b5
1ec29
1658d
16a47
173bd
17a51
16b40
16592
17a53
1adee
1bfd6
17a55
202ce
1bfd7
17a57
20877
202d0
20b4c
1a750
1dd26
1a19f
1659c
1b66b
1adf2
1fc31
1659f
165a0
1b0c5
221fb
1dd29
1adf4
1bfd9
1adf5
1bfda
165a4
1ed15
1b671
1bd0b
165a7
221fe
16680
16c30
174b0
16683
20c3c
16685
17b47
1bdf8
16687
1b75b
1bdf9
16689
1c670
17b4b
203be
1a290
1b75c
19b71
1eef9
1b1b5
19b73
1f4a3
1eefb
1fd24
1a939
1eefc
1a845
16694
1bdfb
16695
1bdfc
1fc33
1b762
1b1bb
16698
1ee10
1eeff
1fc34
16773
16d23
184b5
17c34
1f4a5
16778
1b84c
1ff05
1b2a5
1768f
1ff07
1c1bc
1677c
17692
19c62
1b2a6
1677f
1df0b
1aa29
16781
1b850
19c66
1f596
1a38a
1df0c
19dd9
223e0
1b852
1ef00
1b853
1f4a6
1b2ac
1aa2f
223e1
1c765
1678c
1f4a7
19d53
16866
17d25
1777d
170e9
1786d
1b396
1c852
1ab19
1686c
1c853
1ba32
20e21
1686f
16870
1ab1a
1f0dc
1a47b
19d56
1f0de
1b39a
16874
19d59
19eca
1b943
16877
1f0e1
1b39c
1c855
1b39d
1c856
1ab20
1687b
1f0e2
1c2b1
1eff5
1687f
16a48
171d9
1786e
16f08
1695a
17870
1ac0a
1c39e
17872
200ea
1c39f
17874
20693
200ec
20968
1a56c
1e0ee
19fbb
16964
1b487
1ac0e
1fa4d
16967
16968
1aee1
22017
1e0f1
1ac10
1c3a1
1ac11
1c3a2
1696c
1f0e5
1b48d
1bb27
1696f
2201a
16a49
16ff9
181df
17f0a
1f77b
16a4e
1b576
201db
1afcf
17965
201dd
1c492
16a52
17968
1998c
1afd0
16a55
1dc35
1acff
16a57
1b57a
19990
1f2c3
1a660
1dc36
1a0af
2210a
1b57c
1f1d6
1b57d
1f77c
1afd6
16a5f
1f1d7
1ca3b
2210c
1f77d
17969
17ffd
170ec
16b44
17fff
1b3a0
1c582
18001
2087a
1c583
18003
20e23
2087c
210f8
1ad06
1e3a3
1a755
16b4e
1c2b5
16b4f
1c2b6
200ed
1bc1f
1b3a6
16b52
1f2c6
16b54
200ee
16c34
1869a
180f1
17a5d
180f2
1b764
1cc1a
1aee7
16c3a
1cc1b
1c3a6
211e9
16c3d
16c3e
1aee8
1f4a8
1adf9
1aee9
1c677
1aeea
1c678
16c42
1e497
1b76a
1c3a9
16c45
1f3bd
16d25
172cf
18a63
181e1
1fa51
16d2a
1bdfe
204b1
1b857
17c3b
204b3
1c768
16d2e
17c3e
1a0b0
1b858
16d31
1e588
1b859
1cd0f
1b85a
1cd10
1afdd
1f59c
1be04
1c76b
1e58a
16d39
173c0
17694
16e19
213cc
16e1b
17d2b
1bfdc
16e1d
1bef1
1bfdd
16e1f
1ce00
17d2f
20b4e
1a47e
1bef2
1a1a3
1f68d
1bef3
1f59e
1bef4
1fb44
1b94d
16e27
1f59f
1ce03
1f68f
1fb45
17785
17e1a
174b4
16f0c
17e1c
1b1bc
1c94a
17e1e
20696
1c94b
17e20
20c3f
20698
20f14
1ab22
1e1bf
1a571
16f16
1c0d1
16f17
1c0d2
1ff09
1ba3b
1b1c2
16f1a
1f692
16f1c
1ff0a
16ffc
184b6
17f0d
17879
18006
1b580
1cfe2
1b2af
17002
1cfe3
1c1c2
21005
17005
17006
1b2b0
1f2c8
1ac15
1b2b1
1ca3f
1b2b2
1ca40
1700a
1e2b3
1b586
1c1c5
1700d
1f785
170ed
17697
18e34
18b57
1fe19
170f2
1c1c6
20e25
1bc22
185af
20e27
1cb30
170f6
185b2
1a480
1bc23
170f9
1e955
1bc24
1d0db
1bc25
1d0dc
1b954
1f964
1c1cc
1cb33
1e957
17101
17788
18008
171e1
21798
171e3
186a0
1c950
171e5
1c2b9
1c951
171e7
1d1cc
186a4
20f16
1adfa
1c2ba
1a573
1fa55
1c2bb
1f966
1c2bc
1ff0c
1bd18
171ef
1f967
1d1cf
1fa57
1ff0d
180f9
181e3
1787c
172d4
181e5
1b587
1cd12
181e7
20a5e
1cd13
181e9
21007
20a60
2188c
1aeed
1eb38
1a941
172de
1ca45
172df
1ca46
2087d
1c3af
1b58d
172e2
1fa5a
172e4
2087e
173c4
18880
182d6
17c41
183c6
1bef7
1d3ae
1b67a
173ca
1d3af
1c58a
2197d
173cd
173ce
1b67b
1fc38
1afe0
1b67c
1ce07
1b67d
1ce08
173d2
1ec2c
1befd
1c58d
173d5
1fb4d
174b5
17a5f
191fc
18973
201e1
174ba
1bfe2
20c41
1ba3e
183cc
20c43
1cef8
174be
183cf
1a848
1ba3f
174c1
1e771
1ba40
1d4a3
1ba41
1d4a4
1b770
1fd2c
1bfe8
1cefb
1e773
174c9
17b50
17e24
175a9
215b4
175ab
184bc
1c76c
175ad
1c0d5
1c76d
175af
1d594
184c0
212de
1ac16
1c0d6
1a38f
1f875
1c0d7
1fd2e
1c0d8
202d4
1bb34
175b7
1fd2f
1d597
1f877
202d5
184c2
18b58
17c44
1769c
18b5a
1befe
1d0de
18b5c
213d2
1d0df
18b5e
2197f
213d4
21c54
1b864
1ef04
1b2b8
176a6
1ce0d
176a7
1ce0e
20c45
1c777
1bf04
176aa
1fe1e
176ac
20c46
1778c
191fd
18c4c
185b6
18c4d
1c2bf
1d77a
1ba45
17792
1d77b
1cefe
21d45
17795
17796
1ba46
20000
1b957
1ba47
1d1d3
1ba48
1d1d4
1779a
1eff8
1c2c5
1cf01
1779d
1ff15
1787d
17e27
195c7
18d44
205a9
17882
1c956
21009
1c3b2
18796
2100b
1d2c4
17886
18799
1ac18
1c3b3
17889
1f0e9
1c3b4
1d86f
1c3b5
1d870
1bb3b
200f4
1c95c
1d2c7
1f0eb
17891
17f18
181ed
17971
21f28
17973
18886
1cb34
17975
1ca49
1cb35
17977
1d960
1888a
216aa
1afe1
1ca4a
1ad0b
201e5
1ca4b
200f6
1ca4c
2069c
1c4a8
1797f
200f7
1d963
201e7
2069d
182de
18975
1800c
17a64
18977
1bd1a
1d4a6
18979
211ee
1d4a7
1897b
2179b
211f0
21a70
1b680
1ed20
1b0d4
17a6e
1cc29
17a6f
1cc2a
20a61
1c593
1bd20
17a72
201ea
17a74
20a62
17b54
19019
18a68
183d2
18b61
1c0db
1db42
1be0d
17b5a
1db43
1cd1a
21b61
17b5d
17b5e
1be0e
1fe20
1b773
1be0f
1d59b
1be10
1d59c
17b62
1ee14
1c0e1
1cd1d
17b65
202dd
17c45
181f0
19992
196bb
20971
17c4a
1cd1e
21981
1c77a
19112
21983
1d690
17c4e
19115
1afe3
1c77b
17c51
1f4b1
1c77c
1dc3b
1c77d
1dc3c
1c4af
204bc
1cd24
1d693
1f4b3
17c59
182e1
18b63
17d39
222f1
17d3b
19203
1d4ac
17d3d
1ce11
1d4ad
17d3f
1dd2c
19207
21a72
1b958
1ce12
1b0d6
205ad
1ce13
204be
1ce14
20a64
1c870
17d47
204bf
1dd2f
205af
20a65
18c54
18d46
183d5
17e2c
18d48
1c0e2
1d872
18d4a
215ba
1d873
18d4c
21b63
215bc
223e5
1ba4b
1f694
1b49f
17e36
1d5a1
17e37
1d5a2
213d5
1cf07
1c0e8
17e3a
205b2
17e3c
213d6
17f1c
193e4
18e39
1879c
18f29
1ca4f
1df0e
1c1d5
17f22
1df0f
1d0e6
224d6
17f25
17f26
1c1d6
20790
1bb3e
1c1d7
1d967
1c1d8
1d968
17f2a
1f788
1ca55
1d0e9
17f2d
206a5
1800d
185b8
19d5a
194d7
20d39
18012
1cb3a
2179d
1c596
18f2f
2179f
1da58
18016
18f32
1b3ab
1c597
18019
1f2cd
1c598
1e003
1c599
1e004
1c2cb
20884
1cb40
1da5b
1f2cf
18021
186a9
1897f
18101
2210d
18103
1901f
1d2c8
18105
1cc2d
1d2c9
18107
1e0f4
19023
21e3a
1b774
1cc2e
1aef2
203cd
1cc2f
20886
1cc30
20e2c
1c68c
1810f
20887
1e0f7
203cf
20e2d
19025
19c69
20f1d
181f6
1cd25
21f2d
1d96b
181f8
1dc40
1ca57
181fa
181fb
19ddf
1d96d
19de0
1d96e
181fe
20975
1c3bf
1fa5c
1be16
18201
1fa5e
1cd2b
1fa5f
18205
1888f
197af
19118
197b0
1c59c
1dd30
19ecf
2201e
1da5e
197b4
21a75
2201f
182ee
1d3c2
182ef
1d3c3
21893
1dd35
1bf07
1d3c4
1b685
20b59
1d3c5
1c5a2
182f5
20a6d
183d6
18982
183d8
192f6
19fc0
1db4e
192f8
1e58c
19fc2
183dd
1d4b3
1e58d
21b68
1cf0b
20b5c
1cf0c
21102
1db53
1b776
1cf0d
183e4
1fc41
1cf0e
183e6
20b5e
183e8
21986
184c9
1e67d
184cb
193e9
1d5a4
184cd
1df15
193eb
21c58
1cffc
193ed
193ee
1c782
1df17
1c783
1df18
1a0b7
184d5
1c784
20d3c
1c0ea
1c785
20d3e
1d5aa
20d3f
211f5
18e41
19a85
212e5
185be
1cb41
21d49
1d787
185c0
1e008
1c873
185c2
185c3
1a1a7
1d789
1a1a8
1d78a
185c6
20d41
1c1db
1f878
1bc32
185c9
1f87a
1cb47
1f87b
185cd
18c57
195cb
18f34
196c4
1c964
1e0f8
1a297
223e6
1d87a
195d0
21e3d
223e7
186b6
1d1de
186b7
1d1df
216af
1e0fd
1bd23
1d1e0
1b4a1
20979
1d1e1
1c96a
186bd
20e35
1879f
195d4
19d5c
1a390
1df1a
19de3
1e958
1a392
19c6e
224dc
1e959
187a8
1d2d7
187a9
1d2d8
21d4d
1df1f
1c3c1
1d882
1bb42
21013
1d883
1d008
187af
20f23
18891
196c6
19d5d
1a482
1e00c
19ed5
1ea4a
1a484
19d61
22022
1ea4b
1889a
1d3c9
1889b
1d3ca
21e3f
1e011
1c4b3
1d974
1bc34
21105
1d975
1cb4e
188a1
21019
18983
197b8
19994
1a574
1e0fe
19fc7
1eb3c
1a576
198a7
22114
1eb3d
1898c
1d4bb
1898d
1d4bc
21f31
1e103
1bff9
1da66
1bd26
211f7
1da67
1cc40
18993
2110b
18a75
192fe
19a86
1a666
1dc44
1a0b9
1ec2e
1a668
19999
22206
1ec2f
18a7e
1d5ad
18a7f
1d5ae
21a77
1dc49
1c0eb
1db58
1be18
212e9
1db59
1cd32
18a85
211fd
18b67
193f0
19b78
1a758
1dd36
1a1ab
1e774
1a75a
19a8b
222f8
1e775
18b70
1d0f3
18b71
1d0f4
21b69
1dd3b
1c1dd
1d69e
1bf0a
213db
1d69f
1ce24
18b77
212ef
18c59
194e2
19c71
1a84a
1de28
1a29d
1e866
1a84c
19b7d
223ea
1e867
18c62
1d1e5
18c63
1d1e6
21c5b
1de2d
1c2cf
1d790
1ba50
20f25
1d791
1cf16
18c69
213e1
18d52
19b81
1a396
1de2e
1a397
1de2f
1a0c0
18d57
1d5b4
215c2
1cf18
1d5b5
215c4
1de32
215c5
21a7b
19c72
18e46
1d0f8
18e47
1d0f9
223ec
1aa38
1ca5f
1df22
1c1e0
216b5
1df23
1d0fc
18e4d
215c9
18f36
19d65
1a57a
1e012
1a57b
1e013
1a2a4
18f3b
1d1ec
217a6
1cb50
1d1ed
217a8
1e016
217a9
21c5f
198aa
1902a
1d2dc
1902b
1d2dd
22024
1ac1c
1c697
1e106
1c3c4
21899
1e107
1d2e0
19031
217ad
1911a
1999d
1a75e
1dc4a
1a75f
1dc4b
19edc
1911f
1d3d0
2198a
1cd34
1d3d1
2198c
1dc4e
2198d
21e43
19a8e
1920e
1d4c0
1920f
1d4c1
22208
1ae00
1c87b
1dd3e
1bffc
214d5
1dd3f
1d4c4
19215
21991
19300
1aef3
22026
1a948
21a7c
1cf19
20b60
1db63
19304
21a7d
1aef5
1cf1a
19307
20b63
193f2
1afe5
22118
1aa3a
21b72
1d00b
20c52
1d6a9
193f6
21b73
1afe7
1d00c
193f9
20c55
194e4
1b0d7
2220a
1ab2c
21c64
1cb51
20d44
1d79b
194e8
21c65
1b0d9
1cb52
194eb
20d47
195d6
1b1c9
222fc
1ac1e
21d56
1cc43
20e36
1d88d
195da
21d57
1b1cb
1cc44
195dd
20e39
196c8
1b2bb
223ee
1ad10
21e48
1cd35
2097c
1d97f
196cc
21e49
1b2bd
1cd36
196cf
2097f
197ba
1b3ad
224e0
1ae02
21f3a
1ce27
20a6e
1da71
197be
21f3b
1b3af
1ce28
197c1
20a71
198ac
1aef6
1ea4c
1ac21
22028
1cc45
2110c
1a583
198b0
22029
1b4a4
1d4c8
198b3
2110f
1999e
1afe8
1eb3e
1ad13
2211e
1cd37
211fe
1a675
199a2
2211f
1b596
1d5ba
199a5
21201
19a90
1b0da
1ec30
1ae05
22210
1ce29
212f0
1a767
19a94
22211
1b688
1d100
19a97
212f3
19b82
1b1cc
1e776
1a94b
22302
1cf1b
213e2
1a859
19b86
22303
1b77a
1d1f2
19b89
213e5
19c74
1b2be
1e868
1aa3d
223f4
1d00d
20f28
1a39f
19c78
223f5
1b86c
1d2e4
19c7b
20f2b
19d66
1b3b0
1e95a
1ab2f
224e6
1cb53
2101a
1a491
19d6a
224e7
1b95e
1d3d6
19d6d
2101d
19df5
19ee8
224ea
20a72
224eb
1e3b2
19df9
218a1
23b51
1e2be
1a2b0
1e2bf
21e4d
1a2b2
23a5d
20f2d
1a2b4
1aa3f
1e594
1a3a2
1df30
1d2e5
214d8
1d010
19e05
21f41
1df34
19e07
1e95c
1df36
215ca
1a3a9
215cb
1a3aa
224ef
20f31
1a3ac
19e0d
1a3ae
215cc
19e0f
215cd
19e10
21e4f
19e11
266cd
1a3b2
2acc4
19e14
1d983
22402
1b2c6
1a677
1bb43
19e17
1b598
1ac25
217b0
1a67a
1e114
1e2c3
1a67c
20f35
19e1c
217b3
1ac2a
19e1e
1ec32
1ac2c
1a681
26b88
20985
26b89
19e23
22216
1ac31
23e25
1e3bb
19e26
22f07
1ac34
26b8c
22f09
1cd39
20986
1ca64
1dc5c
20987
1d1f4
1dc5d
19e2e
206ae
21e54
200ff
2a712
20989
1d98b
2a713
21992
1d98d
2a714
21f48
1dc65
21f49
19e37
264e7
1d992
235a4
21995
2a717
235a6
1d995
1dc66
21022
19e3d
21023
19e3e
218a2
19e3f
26121
1dc6a
2a71b
19e42
217b6
19e43
26b8d
22406
20a74
224f2
1e3be
23b53
22684
1e3c0
19e49
21e5c
19e4a
263f5
20990
19e4c
22407
20992
2acc8
22596
21e60
2acc9
26127
20a75
23b56
22597
21f4f
264ec
22d21
29e93
22687
19e56
2a720
235aa
2accc
235ab
19e59
2accd
22599
19e5c
2268b
2accf
26214
2acd0
26215
263f8
19e61
19fd9
1aefa
19eef
21114
23694
21a86
19fdd
23696
19ef3
1b95f
224f5
1b3b6
1a497
1e023
19ef6
1d997
1e025
19ef8
21a87
1e027
19efa
20d48
224f6
2079d
2a805
21028
1a49f
2a806
22037
1e02d
20d4a
224f9
2079f
267bd
20a76
267be
20a77
2a809
224fb
1a4a7
1ae07
1e3c1
1a586
1dd4c
1b3b9
1e95f
1ad18
19f0a
1d6ad
22122
1d3da
1a76d
218a9
1e3c4
21f57
1ad1d
19f0f
1e778
1ad1f
19f11
26c79
1e779
1a774
21f58
1a775
1e4ab
23f16
21a89
19f17
23f18
1e77b
26c7d
22ffa
19f1a
19f1b
1da77
218ac
1d3dc
1d2ed
218ad
19f1f
21a8b
1dd50
21116
1da7b
21117
1da7c
21f5a
20a7e
1da7e
2230a
214da
1da80
19f27
1da82
265d8
21203
2a25c
21a90
19f2b
230eb
1da86
2a25e
265dd
207a2
21f5c
201f3
26217
204c6
26218
204c7
2aadb
21f5e
1dd5d
20a82
224ff
218af
1e3c8
19f37
2199a
23698
2203a
1e4b1
2a80d
2369b
20a83
264f2
2199c
2aadd
218b0
21033
26c81
22691
20a87
19f41
264f4
20a89
2a264
2199d
21034
19f45
230ee
19f46
26303
19f47
26c84
2277a
21a98
265e0
21a99
265e1
2277b
22694
2a268
236a0
26c87
22e16
26c88
22e17
19f52
2a26b
264f7
19fe0
21b7a
1e596
21b7b
1a0ce
23787
21207
1a0d0
1ac36
1e1cd
1a588
1e116
1d4c9
216c4
1cc48
19fe9
1eb40
1e11a
19feb
21b7e
1e11c
217b9
1a58f
217ba
1a590
22128
2111f
1a592
19ff1
1a594
217bb
19ff3
217bc
19ff4
21a9a
19ff5
268b1
1a598
2a8fc
19ff8
1db69
22043
1aefe
1a85b
1bd27
19ffb
1b77c
1ae0b
2199e
1a85e
1dd5f
1e4b5
1a860
21123
1a000
219a1
1ae10
1a002
1eb41
1ae12
1a865
26d6c
20b6b
26d6d
1a007
2240b
1ae17
24009
1e5a0
1a00a
22b3f
1ae1a
26d70
22b41
1cf1d
20b6c
1c69c
1de40
1a010
21126
1de41
1a012
20892
21a9f
202e3
2a34a
20b6f
1db71
2a34b
215d3
1db73
2a34c
21b84
1de49
21b85
1a01b
266d1
1db78
231dc
215d6
2a34f
231de
1db7b
1de4a
2120a
1a021
2120b
1a022
214df
1a023
2630b
1de4e
2a353
1a026
219a4
1a027
26d71
22047
20c5c
2212b
1e5a3
2378b
22868
1e5a5
1a02d
21aa7
1a02e
265e5
20b76
1a030
22048
20b78
2a900
22784
21aab
2a901
26311
20c5d
2378e
22785
21b8b
266d6
22f0b
2a077
2286b
1a03a
2a358
231e2
2a904
231e3
1a03d
2a905
22787
1a040
2286f
2a907
25e4c
2a908
25e4d
265e8
1a045
1a1bd
1b0de
1a0d3
212f8
23878
21c6e
1a1c1
2387a
1a0d7
1b86f
1ee17
1afee
1a3b6
1de50
1a0da
1d894
1a953
1a0dc
20c5e
2212e
1e5a9
1a3bb
22503
1e68d
1a3bd
1a0e1
22504
1a95a
2212f
1a95b
1afef
1eb43
1ad2b
1a0e6
1db7c
21aae
1d5be
1a68a
22220
1e68f
1a68c
2a9ec
203d8
21e64
1dc76
21e65
1dc77
1a0ee
22133
1dc79
1a692
203da
21e66
1a694
21e67
1a695
22135
1a696
26e5f
21216
1a0f6
1a776
1df3c
1a0f8
1d6b0
1e691
240fa
21c71
1a0fb
240fc
1e963
26e61
22c32
1a0fe
1a0ff
1d6b1
214e9
1d5c0
1d4d1
1d5c2
1a103
21c73
1df41
212fa
1d6b5
212fb
1d6b6
21c74
20c66
1d6b8
22507
216c6
1d6ba
1a10b
1d6bc
267c2
213e7
2a440
21c78
1a10f
232cf
1d6c0
2a442
267c7
203de
21b98
1fe2b
25e4f
206b2
25e50
206b3
2acd3
21b9a
1df4e
20c6a
22138
214ec
1e5ad
1a11b
215db
2387c
22226
1e697
2a9f5
2387f
20c6b
266dc
215dd
2acd5
214ed
2121b
26e65
22875
20c6f
1a125
266de
20c71
2a448
215de
2121c
1a129
232d2
1a12a
25f3b
1a12b
26e68
2295e
21c80
267ca
21c81
267cb
2295f
22878
2a44c
23884
26e6b
23000
26e6c
23001
1a136
2a44f
266e1
1a1c4
21d60
1e1cf
21d61
1a2b8
2396b
213eb
1a2ba
1aa43
1b0df
1ec38
1aa45
1a1cc
1d998
22411
1d102
1a4ad
215e0
1e1d2
1a4af
2204a
1e1d4
1aa4c
215e1
1a4b2
269a1
1ea53
1a4b4
21c83
1a778
1dd60
1b0e2
1ec39
1ce2d
21302
1a77b
1dd63
1a1db
21d63
1dd66
1a1dd
1e77d
1dd68
219a7
1a781
219a8
1a782
22314
21305
1a784
1a1e3
21306
264f8
20a8d
2aae2
21307
269a4
21c85
1a1e7
264fc
264fd
1b0e3
21c86
1ab34
1a1eb
2204c
1aa51
23c41
1e1d9
1a1ee
22d29
1aa54
269a8
22d2b
1cb57
20d54
1c880
1e031
1a1f4
2130a
1e032
1a1f6
204ce
21c87
1ff1b
2a52e
20d57
1d7a9
2a52f
217c2
1d7ab
2a530
21d6a
1e03a
21d6b
1a1ff
268b5
1d7b0
233c0
217c5
2a533
233c2
1d7b3
1e03b
213ee
1a205
213ef
1a206
216cb
1a207
25f43
1e03f
2a537
1a20a
216cd
2396e
22318
1e1dd
2aae7
23971
20d5c
22232
215e6
1e6a0
1a211
21c8f
1a212
267cf
20d5e
1a214
22234
20d60
2aae8
22968
21c93
2aae9
25f49
20e41
23972
22b42
29cae
233c5
2a53b
22969
22a4f
1a21e
2a53c
233c6
2aaec
233c7
1a221
2aaed
2296b
1a224
22a53
2aaef
26030
2aaf0
26031
267d2
1a229
1a3c1
1e122
1a2bc
1d896
1ab35
1b1d3
1a59c
1ba52
1a2c0
1da8a
1ab39
216d1
1a59f
216d2
1e1e2
21d77
1ab3c
1a2c5
1e870
1ab3e
1a2c7
26a93
1eb45
1a5a6
21d78
1a86a
1de52
1b1d6
1e77f
1cf1f
213f4
1a86d
1de55
1e2cf
1a86f
2abd0
1e5ae
1a871
213f5
1a2d2
20b7d
1a2d3
2231f
1de5c
1a2d5
2abd3
1a2d7
213f8
265ea
20b7f
2abd4
213f9
26a96
21d7a
1a2db
265ee
265ef
1eb46
1a2de
22e19
1ab44
26a98
2213f
1a2e1
23d36
1ab47
1c971
1e124
1a2e4
1d898
1d1fb
20e47
1d899
22416
2000c
214f2
1e128
214f3
1e129
1a2eb
21d7d
1e12b
1a2ed
22141
1e12d
1d8a1
21035
29d9e
234b1
1a2f2
22142
1d8a5
26403
21e72
1a2f5
1a2f6
20e4b
26032
205c3
2a627
20e4c
2a90a
217c7
1a2fa
26036
26037
213fd
22a54
22a55
21d82
1e2d5
21e73
1a300
2259b
21e75
1a302
26a9c
217c9
2a90c
26039
1a305
2259e
213fe
20e51
22a58
21d85
1a309
2a62b
2603a
1a30b
268c3
21e76
26406
22c35
29da1
22327
21e77
2abdd
23a66
22c36
26aa1
22c37
2a62f
23a67
23a68
1a315
22a5c
2a631
234ba
2a632
234bb
2603c
2abe3
1a3c3
1a4b6
2250c
1e965
2250d
1e6a3
1a3c7
21e7c
24103
1a3ca
1e872
1e5b0
21d89
1a880
2400f
214f7
1a882
1e5b2
21ba5
1a965
2241d
1a966
26e6e
2121e
26e6f
2241e
1a3d4
1ac3a
1c0ef
1a3d6
1bb46
1b1d9
1a3d8
1f1e1
1b1db
214fb
1ac3f
214fc
1ac40
21d8c
1e878
1ac42
1f78a
1e96a
1b1e1
1e96b
1a3e1
234bd
1b1e4
243d2
1e96d
1a3e4
243d4
1b1e7
1d7b6
1d8a9
1a3e8
22511
1df52
23b5d
216da
2a450
22699
1a3ec
23b60
2269b
1e879
22421
1e87a
1e5b9
22b4a
21500
1e6a4
21e7d
1a3f3
22c3b
22c3c
1e87b
1a3f6
24107
22c3e
2099c
225a4
2099d
26b99
21501
20f52
26e76
22426
1a3fd
26e77
22428
2103c
24109
2269c
2a452
232d9
2acdc
232da
2713e
232db
1a404
26e79
22c41
225a8
2acdf
1a408
267d8
1a409
267d9
22b51
1a40c
22c43
2ace2
1a4bc
1ea56
1e1e8
21f6f
1a5aa
23c47
216df
1a5ac
1e6a7
21c97
1aa57
2251c
1aa58
269b4
21310
269b5
2251d
1a4c6
1ad2c
1c1e1
1a4c8
1bc38
1b2cb
1a4ca
1ed27
1b2cd
215ef
1ad31
215f0
1ad32
21e82
1e975
1ad34
1f2d0
1ea5c
1b2d3
1ea5d
1a4d3
235af
1b2d6
244c4
1ea5f
1a4d6
244c6
1b2d9
1d8aa
21e84
1a4da
22057
1e044
236a3
217cc
2a542
2278b
1a4de
236a6
2278d
1ea60
2205a
1e1eb
23c4b
23c4c
1e976
22520
1e977
1e6ae
22c46
215f4
1e978
1a4e8
23c4d
22d30
20a8e
226a2
20a8f
26c8b
215f5
21046
269bc
22525
1a4ef
269bd
22527
2112e
23c4f
2278e
2a544
233cb
2a822
233cc
27230
233cd
1a4f6
269bf
22d33
226a6
2a825
1a4fa
268ca
1a4fb
268cb
22c4d
1a4fe
22d35
2a828
1e2d9
1a69a
1e2da
21ab5
1a69c
23d39
217d1
1a69e
1e1ed
21d92
1ab49
22062
1ab4a
26aa6
21402
26aa7
22063
1a5b8
1ae1e
1c2d3
1a5ba
1bd2a
1b3bd
216e5
1ae21
216e6
1ae22
1ee19
1e5bc
1ae24
21f76
1ea67
1ae26
1f3c2
1eb4e
1b3c5
1eb4f
1a5c5
230f5
1b3c8
245b6
1eb51
1a5c8
245b8
1b3cb
1d99c
21f78
1a5cc
2214b
1e136
23795
218be
2a634
22883
1a5d0
23798
22885
1ea68
22066
1ea69
1e1f4
22d38
216ea
1e2dc
21ab7
1a5d7
22e1f
22e20
1ea6a
1a5da
23d3f
22e22
20b80
22794
20b81
26d7d
216eb
21138
26aae
2206b
1a5e1
26aaf
2206d
21222
23d41
22886
2a636
234c3
2a914
234c4
27322
234c5
1a5e8
26ab1
22e25
22798
2a917
1a5ec
26410
1a5ed
26411
22d3f
1a5f0
27327
23d45
1a6a0
1ec3a
1e3d2
21ba9
1a78e
23e2b
218c3
1a790
1af01
1eb56
1a96b
1c3c6
1e2df
21abb
1af04
22157
1af05
1a6aa
1ef0d
1af07
1a6ac
21abd
1af09
1a6ae
27409
1a6b0
20f56
225aa
21225
2740a
217d8
1ac48
2242a
1ac49
26b9c
225af
1ec41
1a6b7
231e7
1af0e
246a8
1ec43
1a6ba
246aa
1af11
1da8e
1db7f
1a6be
2223d
1dc7c
23887
219b0
2a726
22975
1a6c2
2388a
22977
1eb5a
2215a
1eb5b
1e2e6
22e2a
217dc
1e3d4
21bab
1a6c9
22f11
22f12
1eb5c
1a6cc
23e31
22f14
20c74
2288c
20c75
26e7f
217dd
2122c
26ba2
2215f
1a6d3
26ba3
22161
21314
23e33
22978
2a728
235b5
2aa06
235b6
27414
235b7
1a6da
26ba5
22f17
22890
2aa09
1a6de
26502
23891
2aa0a
22e31
1a6e2
22f19
2aa0c
1a792
1e780
1e4c4
21c9b
1a886
23f1d
219b5
1a888
1aff3
1ec48
1aa5d
1c4b8
1e1f6
1aa5f
26f4c
1e3d7
21baf
1aff8
22249
1aff9
1a79e
1ed2a
1affb
1aa65
26f4f
1a7a2
2104a
226a8
21317
26f50
218ca
1ad3a
22529
1ad3b
26c8e
226ad
1e787
1a7a9
232df
1b000
241ee
1e789
1a7ac
241f0
1b003
1d6c4
1db81
1a7b0
2232f
1dd6e
23979
21502
2a26c
22a67
1a7b4
2397c
22a69
1ec4c
2224c
1ec4d
1e3de
22f1c
218ce
1e4c6
21c9d
1a7bb
23003
23004
1e78c
26c93
23f24
21bb4
20d66
2297e
20d67
269c5
218cf
2131e
26c94
22251
1a7c5
26c95
22253
21406
23f25
22a6a
2a26e
230fb
2aaf8
230fc
26f5a
230fd
1a7cc
26c97
23009
22982
26509
1a7d0
265f4
23983
2aafc
22f23
1a7d4
2300b
2aafe
1b781
1ed2b
1b0e6
1a88b
1e87c
1b0e8
1a88d
1e78f
2233a
1e4ca
2703f
1e790
1ab55
27040
1e87e
1ab57
1a893
1ae29
219ba
1a895
219bb
1a896
2279c
20b83
2279d
2140a
27043
1a89a
1f0f2
1b0f1
242df
1e881
26d81
233d3
1b0f4
26d82
233d5
1d7b8
2140b
1de5f
225b0
1e2ed
2abe4
2242e
1a8a5
23a6d
1de63
2abe6
23a6f
2140c
2300c
2233f
2140d
27047
2300f
1e883
22430
1e5c2
24013
24014
21ca6
1e885
26d85
24016
2140e
265f6
21d98
2abe7
21d99
2140f
1a8b6
265f8
21411
2abe8
23012
21413
1a8ba
231ec
1a8bb
23a71
1a8bc
23a72
1a8bd
23a73
22436
2704d
24019
231f0
2704e
231f1
22a74
2abee
1a8c4
22b5b
2abef
23015
1a975
1aa68
1ef10
1ec50
22438
1e6b8
1a979
22439
246af
1a97c
1eb5d
1e5c5
21ac4
1ae32
245bb
21ac5
1ae34
1e2ee
21ac6
1af13
22163
1af14
21ac7
1af15
2741b
1eb62
1a986
1b1e8
1c69d
1be20
1f3c4
1b785
2150c
1b1eb
2150d
1b1ec
1f78c
1e97a
1b1ee
22349
1ee24
1b1f0
1fd36
1ef16
1b78d
1ef17
1a993
2497d
1b790
23a78
1e97c
276e3
23a7a
1b793
1dd73
1de66
1a99a
2150f
1a99b
23101
21510
1a99d
2243a
1a99e
22b5d
21513
276e6
23103
21515
1a9a2
215fc
246b0
1ef1b
1e6bd
27421
22984
2aa0d
22c4f
1a9a7
23894
1a9a8
26e83
246b4
1eb68
1a9ab
27425
23106
231f8
20f5b
26e84
21acf
215fd
246b7
22c51
2aa0e
26e86
22897
22c52
27427
22c53
23108
27428
246b8
26e89
1ab59
1ba56
1aa6f
1f003
241f2
1e797
1ab5d
241f4
1aa73
21322
22f24
21323
26f60
1ec56
277ce
215ff
1aa77
22f28
22f29
1bf11
1f4b7
1b876
1aa7b
1ec58
2243e
1e6c6
277d0
1ea6b
1b2df
277d1
1ef20
1b2e1
277d2
1f007
1b2e3
1aa83
1b880
24a6e
1e200
277d4
1f00a
1aa87
23b6b
1b884
277d6
24a73
21602
1de68
1e798
2252c
1e202
241f7
232e6
1e204
23984
1e205
23c55
22a78
26f66
232e7
1e208
277d8
1ef22
231fc
1ef23
1ec5c
277d9
21605
27236
2298b
1e6cc
26f68
21608
1e6ce
277db
241fb
21bc2
1ef24
1aa9f
277dd
2298d
1aaa1
23203
2252f
21d9b
23c57
2298e
22c59
1aaa6
23c58
23989
277df
23205
1aaaa
232ed
277e1
1ab60
1e887
1e2f1
21d9c
1ac4e
242e5
21d9d
1ac50
1e209
23016
1e20a
278c1
1e79c
2234f
1e4d3
23019
1e79d
1ab6a
1b3cc
1c881
1ab6c
1c2d6
1b969
216f2
1b3cf
216f3
1b3d0
1f3c5
1eb6a
1b3d2
22531
1f013
1b3d4
1f96e
1f0fa
1b971
1f0fb
1ab77
24b61
1b974
236b0
1eb6c
278c7
236b2
1b977
1df59
22533
1ab7e
216f5
1ab7f
232ef
216f6
1ab81
22072
1ab82
22d47
216f9
278ca
232f1
216fb
1ab86
217e2
242e8
1f0ff
1e2f7
27059
225bc
2abf1
22e39
1ab8b
23a7e
1ab8c
26abb
242ec
1e7a3
1ab8f
2705d
232f4
233dc
2113f
26abc
21cb7
217e3
242ef
22e3b
2abf2
23a80
278d0
23a81
22d4a
26abf
232f6
27060
242f0
26ac1
1ad3d
1bc3a
1ac53
1f1e7
243d6
1e97f
1ad41
243d8
1ac57
1c3c7
1f96f
1bb4a
1af1a
1f103
1ac5a
1e88e
1ac5b
1f1e9
1b4b2
1ac5d
1f1ea
1b4b4
1ac5f
1f790
1b4b6
1af22
1e2ff
22b62
1e300
279b7
1e890
22445
1e5d4
22b65
1e891
1ac67
1b4b8
24c52
1e3e6
279b8
1f1ee
1ac6b
237a3
1b4bc
279ba
24c57
217e8
1e04c
1e892
2207a
1e893
1e303
233e2
21232
22e3e
217ec
1ac75
22e40
1e307
1ac77
2714c
1e980
22167
1e3e8
243db
234ca
1e3ea
23b6e
1e3eb
23e39
226b0
2714e
234cb
1e3ee
279bf
233e5
234cd
1f108
1ac83
279c1
225c5
1ac85
233e7
22169
21f7f
23e3b
225c6
279c2
1ac8a
23e3c
1ac8b
23e3d
233e9
1ac8e
234d1
279c5
1ad44
1ea6f
1e4d5
21f80
1ae38
244c9
21f81
1ae3a
1b59f
1f1f4
1b00b
1ca66
1e3ef
21e92
1b5a2
21e93
1b5a3
1ad4e
1f5ab
1b5a5
1ad50
1f2d6
1b5a7
1b013
274fb
1ad54
218d8
1ad55
22c5b
1b2e7
2160b
1ad57
2160c
1ad58
22c5e
22c5f
1ed33
1ad5b
24799
1b5ac
2389a
1e7a7
274ff
2389c
1b5af
1dc81
2216d
1ad62
218db
1ad63
234d3
218dc
1ad65
22258
1ad66
22f31
218df
27502
234d5
218e1
1ad6a
219c6
244cc
1ed37
1e4db
2723f
227a0
2a829
2301d
1ad6f
236b6
1ad70
26c9f
244d0
1e98b
1ad73
27243
244d2
2216f
21325
26ca0
21e9b
219c7
244d3
2301f
2a82a
26ca2
226b9
23020
27245
23021
234da
27246
244d4
26ca5
1b0fc
1b692
1ae3d
1c000
1fb53
1e4e1
21f84
1b695
21f85
1b696
1ae41
1f69d
1b698
1ae43
2225e
1b69a
1ae45
275ed
1ea77
2207d
1e216
22d4d
1e4e3
22d4e
1e4e4
275ef
21f88
1b3dc
1e5d5
2732d
2398b
1ae4e
1f69e
1b69f
2488d
1ee2e
1ae51
1ae52
21f89
1dd76
1ed3e
235c4
1ed3f
1ea7c
275f3
219cf
27062
227a7
1e4ea
2732f
219d2
1e4ec
275f5
1ee2f
2310a
1eb6e
1ae5e
245c0
21bc4
2401c
22899
26d90
22b6a
275f6
245c1
2310e
1ae64
27334
245c3
22261
1ee32
1ae68
23025
2151a
245c5
22262
2289b
26d93
23026
1ae6d
2289c
26d95
2289d
1ae70
23113
275fc
235cd
1af23
1b016
1f4bc
1ec63
22171
1e5e0
1af27
1f4be
24c5b
1eb70
1b3de
1e4ed
21ad4
1b3e0
24b67
1f10b
1b3e2
1e309
21daa
1b4bf
21dab
1b4c0
22082
1b4c1
279c7
1f10e
1af34
1b794
1bd30
1f3cd
1b796
1cc4c
1e4ef
21ad8
1bd33
1af3a
1f3d0
1bd35
22085
1bd36
1af3d
1fd39
1bd38
1af3f
27c8d
1f4c3
1af41
24f29
1bd3c
24024
1ef28
27c8f
24026
1bd3f
1e4f2
21ada
1e4f3
1af48
236bc
2151b
276f0
1f1fe
237ac
2151c
276f1
22174
1eb79
1af4e
22088
1eb7b
2742d
22e47
1af51
2742e
236c0
1ec68
24c5e
237af
1ec6a
23e3e
1ec6b
246bb
22f38
279ce
237b0
1ec6e
27c96
236c1
237b2
1f4c9
1af5d
23e41
1af5e
279d2
23119
23e42
27c99
23e43
1af63
27c9a
1af65
279d5
1c001
1b01c
1b109
1f5af
1b01e
22266
1e7aa
1b020
1b5b0
218e3
1b022
218e4
1b023
21bca
1b024
234df
1b5b4
2750e
1b027
1b887
1cd3d
1c4be
1fa63
1be24
1f4cb
1b88a
1f5b1
1e5e7
1b88c
21bcd
1b88d
1f87e
1f018
1b88f
1fe2c
1f5b4
1e7ab
2750f
24115
1b034
1f880
1be2f
2501d
1f5b7
1b037
1b038
1f4ce
1b039
27d83
2217b
1e7ad
22267
1e6d4
22f3c
1e6d5
26f72
21cbb
1b03f
238a0
1f5ba
1b041
232f8
1b042
23f31
1e7b2
24202
1e7b3
1b045
27513
1f207
1ec76
237ba
21bd2
1b049
2320f
1ec79
1b04b
27515
238a4
1f209
1b04e
27d89
232fb
26f77
26f78
22f41
232fc
27519
232fd
237be
2751a
247aa
1b057
1b1f9
1c0f4
1b10f
1ee34
24890
21dad
1b1fd
24892
1b113
1ed47
235ce
1ea7f
275fe
1ed48
27e6c
21cbd
1b117
235d2
235d3
1c003
1fb55
1bf14
1b11b
1e7b7
2226c
1e6d8
1b97c
27e6e
1e7b8
27e6f
1f115
1b97f
27e70
1f6a5
1b981
1b123
1bf1e
2510c
1e8a0
27e72
1f6a8
1b127
23c5d
1bf22
27e74
25111
216ff
278d4
1ee36
23990
21700
278d5
2235a
1e6da
21cc1
1e6db
1b130
238aa
1f5c2
1ed4e
27e76
23030
1e7be
27603
21cc6
1e7c0
27e78
1f6ab
1e8a3
27605
22b6e
26d98
233f1
1b13b
2402a
1b13c
27068
24899
1ed4f
1b13f
27609
2489b
22b71
26d99
233f4
2760a
233f5
23032
27e7d
1b146
2706c
23998
2489d
1b1ff
1b2ec
1f792
1e98f
22449
1e30c
1b203
1f794
24985
1b206
1c975
1ff1f
1c0f6
1b4c7
1ee39
1b209
1f6b0
1ba5e
1b20b
1ee3a
1b20c
1f796
1ba61
1b20e
1fd3c
1ba63
1b79f
2151d
1b211
2151e
1b212
21db2
1b213
2311d
1b7a3
276f4
1b216
23d4c
1ba65
276f6
1f20c
25200
1fa67
1b21a
25202
23d51
1e8ad
22360
1f6b3
1e222
1b21f
21db6
1b220
1f79c
24986
22b75
1b222
23a83
1ee3f
1e8b0
2399e
21db8
1b226
233f9
1e8b3
1b228
276f8
1ef2d
1b22a
24989
22539
243e4
22c61
27159
234e4
27f6b
2498a
23a87
1b230
276fc
2498c
23a89
2253a
243e7
22b78
27f6e
1b236
243e8
1b237
243e9
239a3
1b23a
23a8b
27f71
1b2f2
1f01b
1e3fd
21f90
1b3e6
24a75
1f01d
1b3e8
1bb4b
1b2f8
1ca68
20011
1e311
21ea2
1bb4e
1b2fb
1f7a3
1bb50
2244e
1bb51
1b2fe
1fb57
1bb53
1b300
27aa7
1b302
1ef31
23212
1ec7c
277e4
1ef32
27aa8
21ea5
1b306
23216
23217
1f2df
1b309
24d45
1bb58
23e46
1ed53
27aab
23e48
1bb5b
1e314
21ea6
1e315
1b310
23a8e
218e5
2751c
1f01e
23b74
218e6
2751d
2253e
1e9a1
1b316
22454
1e9a3
27249
22c69
1b319
2724a
23a92
1ea86
24a7a
23b77
1ea88
23c60
1ea89
244d7
22d54
277ec
23b78
1ea8c
27ab2
23a93
23b7a
1f2e5
1b325
23c63
1b326
277f0
234ed
23c64
27ab5
23c65
1b32b
27ab6
1b32d
277f3
1bc3d
1c2d9
1f883
1bc3f
1b3ec
1ea8d
2253f
1e404
1b6ad
27b96
1ea8e
27b97
1ee42
1b6b0
27b98
1f3d6
1b6b2
1b3f4
1f023
23304
1e7c2
278d6
1f024
27b9a
21f97
1b3f8
23308
23309
1f3d8
1b3fb
24e37
1bc4a
23f38
1ee45
27b9d
23f3a
1bc4d
1e406
21f98
1e407
1b402
23b80
219d7
2760e
1f119
236c4
219d8
2760f
2208d
1ea93
1b408
22546
1ea95
2733b
22d5b
1b40b
2733c
23b84
1eb84
24b6c
236c7
1eb86
23d52
1eb87
245c9
22e4c
278de
236c8
1eb8a
27ba4
23b85
236ca
1f3de
1b417
23d55
1b418
278e2
235df
23d56
27ba7
23d57
24b72
1b41d
23b86
278e5
1ca69
1f20e
1b5c3
1f7a8
1b4d2
22181
1f210
1b4d4
1b989
1c978
1b4d7
1f11d
25112
1ea9a
1b98d
25114
1b4db
1ee46
239a4
1f11f
28234
1f6ba
1ba6d
22365
1ba6e
27f74
239a9
1c979
1ff20
1c2dc
1b4e3
1ea9b
22092
1e22b
28236
1ea9c
1bd45
28237
1f4d1
1bd47
28238
1fa6d
1bd49
1b4eb
1c2e6
254d4
1f212
2823a
1fa70
1b4ef
245d1
1c2ea
2823c
254d9
1f123
23c66
22095
1f124
2823d
23c69
1eb8d
22182
1e31a
25209
234ee
27160
237c1
279d8
23c6a
1f125
236ce
21ae7
27c9d
1f97f
22098
1b4ff
236d1
1f129
1b501
27f79
1f7ab
1b503
2520b
234f0
279dc
237c3
28241
2520c
23d5d
1b508
27f7d
2520f
236d2
1b50b
234f2
279df
234f3
1b50e
279e0
23d60
25211
1b5c7
1b6b4
1fb5a
1ec7d
22272
1e40c
1b5cb
1fb5c
24d4d
1e9a7
22456
1e31c
23a97
1e31d
1b5d0
21eaf
1b5d1
23a9a
1bb61
1c3cd
1ca6b
20013
1c3cf
1b5d6
1eb91
22186
1e31f
28328
1eb92
1be38
28329
1f5c3
1be3a
2832a
1fb5f
1be3c
1b5de
246c0
1c3d9
27abc
1f5c5
255c8
1fe31
1b5e2
255ca
246c5
1eb94
22188
1eb95
1e322
23d64
1f7b4
1e40d
1fb64
1b5e9
23e4b
1ed5a
247ac
235e1
27253
1fa7b
1ec81
234f4
1ec82
2751f
1f2f1
1b5f0
24d51
235e2
27520
238b5
28331
24d52
23e4f
1b5f5
23d67
234f6
1f224
27ac1
2218e
1f226
28334
24d54
23e51
234f8
28336
1b5fe
247b0
244e1
28337
23d6b
1b602
23e53
28339
1b6ba
1f3df
1e4fd
1fc4d
1b7a8
24e3d
1f3e1
1b7aa
1e40f
21fa0
1bc4f
22276
1bc50
27baa
1f02b
27bab
22277
1b6c4
1bf24
1d3e1
1c5b2
20105
1c4c1
1f2f6
1bf27
1f2f7
1bf28
1fc4f
1ec85
1bf2a
1ff21
1f6c2
1bf2c
204d2
1fc52
1c4c9
1fc53
1b6d1
256b9
1c4cc
24208
1f6c4
2841f
2420a
1c4cf
1e414
1fb6c
1e415
1b6d8
2227c
1e417
1b6da
1f3e2
24e40
22369
1e5ed
245d4
1e5ee
2489f
1e7c7
235e6
1e7c8
27611
1fb6d
1ed68
1b6e2
238ba
2227f
28423
23e5a
22281
1b6e6
23f3e
1fc58
1b6e8
245d6
1ee52
248a1
1ee53
1b6eb
27bb4
23f42
1fc59
1b6ee
248a2
245d9
28428
1b6f1
27bb7
1b6f3
2842a
1b6f5
27bb9
1c793
1ef3a
1b899
1f4d6
1b7ae
22459
1ef3c
1b7b0
1ba70
1d4d3
1b7b2
1cf24
1c007
1f3e5
1ba73
1f3e6
1ba74
1fd41
1e7cb
1ba76
20014
1f7b7
1ba78
205c4
1fd44
1c00f
1eb97
2209c
1e504
236d5
1e505
1b7bf
21ae9
1b7c0
236d8
1bd50
1ef3d
27ca1
242f9
1b7c4
20016
1c013
257ad
1fd47
1b7c7
1b7c8
1f3ea
1b7c9
23f47
1f3eb
1b7cb
27ca3
1ef3f
2402e
1e8ba
1b7ce
23a9c
1b7cf
246c7
1b7d0
28514
21dbe
27f82
2312d
1b7d3
23f4b
2312e
1ee5e
27ca4
22374
1ee60
28516
1fd49
1ef42
27ca6
23a9e
1b7db
246c9
1b7dc
27707
24f37
1f4da
1b7df
28519
27708
23131
23aa0
27cab
23aa1
23f4e
27cac
24f3a
2770b
1b98f
1f884
1b89f
1f02d
25020
1e9aa
1b993
25022
1b8a3
1d015
205c5
1c796
1bb64
1ef47
1b8a6
1ef48
1b8a7
1f887
1c0fc
1b8a9
1f888
1c0fe
1b8ab
1fe32
1c100
1bb6c
1e5f5
21bda
1be3e
2245e
1be3f
27d90
1f228
27d91
2245f
1b8b3
1c102
252f0
1f030
28056
1f88c
1b8b7
243f3
1c106
28058
252f5
2330a
26f7c
23b8f
277f4
1ef4b
24038
22461
1ef4c
28059
2403b
1e9ab
2254c
1e6e4
25025
2403c
1ef4d
23aa2
21eb1
27ac9
1fd52
22464
1b8c7
23aa5
1ef51
1b8c9
27d97
1f5cb
1b8cb
25027
2330c
277f8
23b91
2805d
25028
24125
1b8d0
27d9b
2502b
23aa6
1b8d3
2330e
277fb
2330f
1b8d6
277fc
24128
28063
1b995
1cb5b
206b7
1c888
1bc56
1f039
1b998
1f03a
1b999
1f894
1c1ee
1b99b
1f981
1c1f0
1b99d
1ff25
1c1f2
1bc5e
1e6e7
21ccc
1bf30
22550
1bf31
27e82
1ed6e
27e83
22551
1b9a5
1c1f4
253e2
1f12e
28148
1f985
1b9a9
244e5
1c1f8
2814a
253e7
1f12f
23c70
1eaa4
1b9ae
236da
1b9af
242ff
1b9b0
1f5d2
1b9b1
2412b
1f5d3
1b9b3
27e87
2412e
1f03f
23b94
21fa3
27bbb
1f898
22556
1b9b9
23b97
1f043
1b9bb
27e89
1f6c6
1b9bd
25119
23404
278ea
236dd
2814f
2511a
23c75
1b9c2
27e8d
2511d
23b98
1b9c5
23406
278ed
23407
1b9c8
23c79
28154
24133
1ba7b
1bb6e
20018
1e8c3
20019
1e327
1ba7f
2001a
257b3
1ba82
1fc61
1e234
1fc62
1bf38
256bf
1fc63
1bf3a
1e236
23f50
1e237
287e1
1e7d4
22376
1e50b
23f53
1e7d5
1ba8c
1c2ec
1c88a
1ba8f
1d200
20d68
1e238
1fc67
1c88d
1fc68
1c88e
1ba93
1ff2c
1c890
1ba95
2089d
1c892
1ba97
287e5
2001f
1ba99
25a81
1c896
24b7c
1fa80
287e7
24b7e
1c899
1e23a
1fc69
1e23b
1baa0
1fc6a
1e23d
239b6
1e23e
27f84
239b8
1baa4
27f85
24216
1e328
1fd56
1baa7
24305
1fc6b
1e9b5
24996
1e9b6
25213
1f04c
1baac
23c7d
1f6d6
1baae
24306
20024
1bab0
24998
1f7c4
25215
1f7c5
1bab3
28528
2430a
20025
1bab6
239bb
287f0
2499a
23d71
2852b
1babb
287f2
1babd
2852d
1cb5d
1f300
1bc61
1f301
1bb76
1f22a
1f302
1bb78
1c108
1fd59
1c109
28064
1e5fc
1fd5a
1c10b
22469
1c10c
28066
1bb7f
1c3df
1d8ac
1d01a
205c7
1c97e
1f7c9
1c3e2
1f7ca
1c3e3
2010d
1f13f
1c3e5
203e2
1fb70
1c3e7
209a0
20110
1f303
28067
24c6d
1bb8c
203e4
1c989
25b75
20113
1bb8f
1bb90
1f7cb
1bb91
2430f
1f7cc
1bb93
22192
1bb94
23d73
1f7cf
288dc
24311
1f7d1
1bb98
1f305
252fa
1f22d
1e8cf
1bb9b
23e5e
1bb9c
24a89
1bb9d
288de
23ab1
1bb9f
243f8
20116
1bba1
24a8a
1f30a
24d5b
1f30b
1bba4
2806e
1fd61
1f89e
1bba7
288e1
27ad0
23ab3
23e62
28071
23e63
24316
28072
25302
27ad3
1bd51
1cc50
1bc67
1ed6f
253e8
1eaaa
1bd55
253ea
1bc6b
1f30d
1bc6c
24135
1c1fc
1f5d6
1bc6e
1f5d7
1bc6f
24138
24139
1cb5f
1c4d1
1d99f
1bc73
1e9be
20119
1e41f
289c6
1f230
1c4d5
289c7
1fc6d
1c4d7
289c8
20201
1c4d9
1bc7b
1ca78
25c64
1f3f8
289ca
20204
1bc7f
247b5
1ca7c
289cc
25c69
1f232
24400
1f233
1e9c2
289cd
1f313
2842c
23ba1
1e425
2815b
1f316
1e427
289cf
1ed72
244e8
1eaac
1bc8c
2815d
236e0
278f0
23f57
27bbe
23ba3
1bc90
289d0
2011e
1f98f
1bc93
253ef
236e2
27bc0
23f59
289d1
253f0
244ed
1bc98
28161
253f3
23f5a
28162
23f5b
23ba4
23e69
1bc9e
27bc4
244f0
253f5
1bd57
1be44
202ee
1eb9b
202ef
1e5ff
1bd5b
202f0
254dd
1bd5e
1d4d5
20a93
1cc52
1c01f
1ed75
1bd61
1eaae
1bd62
2020c
1c5b9
1bd64
202f2
1c5bb
1bd66
208a0
1c5bd
1c2f7
1f6d7
1bd69
1f6d8
1bd6a
1f403
1bd6b
23c83
1c2fb
2824c
1bd6e
248a4
1c5bf
2824e
1fd64
25d58
205cb
1bd72
25d5a
248a9
1eab2
2020e
1eab3
1e516
244f4
1ee65
23f5c
1f408
1bd79
23f5e
1e51a
1bd7b
28250
1eb9d
202f8
1e601
254df
244f7
1f4ec
24f3c
237d3
279e3
2020f
1ee68
27cb1
1f999
1f4ed
254e0
245dd
1f4ef
24f3e
237d5
28253
245de
1f4f2
28ac4
254e4
245e1
236ea
23f61
1bd8e
24f40
24c77
28ac7
244fb
1bd92
245e3
28ac9
1be4a
1fb73
1e6f0
1fb74
1bf3e
255cd
1fb75
1bf40
1c6a5
1be50
1d5c8
20b85
1e602
1fa87
1c6a8
1fa88
1c6a9
1be54
202ff
1c6ab
1be56
206bb
1c6ad
1be58
285ff
1be5a
1f235
23d78
1f236
2833c
1eba2
28600
1f4f6
1be5e
23d7c
23d7d
1fe3b
1be61
2589d
1c6b2
2499e
1f8ab
28603
249a0
1c6b5
1e606
1fa8c
1e607
1be68
1fa8d
1e609
237d8
1e60a
27da0
237da
1be6c
27da1
245e8
1e6f2
1fb76
1be6f
246cd
1f5de
2502e
238c5
27529
1fa8e
1ee6e
1be74
24051
1f4fe
1be76
246ce
1fe40
1be78
247ba
1f5e2
25031
1f5e3
1be7b
28346
246d2
1fe41
1be7e
237dd
2860c
247bc
2860d
247bd
1be83
2860e
1be85
2834b
1c797
1ce35
203e7
1c799
1bf44
1ec91
1fe43
1e6f5
286ee
1ef5c
1c206
286ef
1f99a
1c208
286f0
1ff32
1c20a
1bf4c
1ed7b
23e6a
1ed7c
2842e
1ec94
286f2
1f5e8
1bf50
23e6e
23e6f
1ff34
1bf53
2598f
1c7a4
24a90
1f99d
286f5
24a92
1c7a7
1e244
1fc71
1bf59
2421d
1ec96
1fe46
1ec97
1e6fa
246d8
1f051
24140
1f5ec
1bf5f
24142
1e6fe
1bf61
28434
1f6dc
25120
239bd
2761b
1fb80
1ef60
1bf66
24143
1f5f0
1bf68
2421e
1ff39
1bf6a
248ac
1f6e0
25123
1f6e1
1bf6d
28438
24222
1ff3a
1bf70
2843a
24145
248ae
286ff
248af
256ca
27e9a
246de
2843d
1d5c9
1fd66
1c11b
1fd67
1c02a
1f6e4
1fd68
1c02c
1c4e1
1d4d8
1c02f
1f5f1
25c6a
1ed7e
1c4e5
25c6c
1c033
1ed7f
244fc
1eab7
28aca
1ed80
28d8c
1fc78
1c037
24500
24501
1d4d9
1c89b
1dd78
1c03b
1ed82
204de
1e7e5
28d8e
1f5f4
1c89f
28d8f
2002d
1c8a1
28d90
205d1
1c8a3
1c043
1ce42
2603e
1fd6a
28d92
205d4
1c047
25129
1ce46
28d94
26043
1f6e5
287f4
23f63
1c04c
1fc7c
1c04d
247bf
1fc7d
1c04f
24228
1fc7f
28d96
247c1
1fc81
1c053
1fd6b
25d60
1f6e8
1ed87
1c056
24318
1c057
24f43
1c058
28d98
204e3
20307
1c05b
25d63
24056
28534
2431b
28d99
25d64
248b5
1c060
28ad5
25d67
2422a
1c063
24058
28537
24059
1c066
28538
248b8
25d69
1c11f
1c20c
206be
1ef63
206bf
1e9c5
1c123
206c0
258a5
1eba8
20309
1e60f
245ef
1e8d6
245f0
1e8d7
28e7f
2030b
1c6bb
1cf29
205da
1c98d
1de6a
1e8d8
2030c
1cf2c
2030d
1cf2d
1c130
205dd
1cf2f
1c132
209a3
1cf31
1c134
28e83
1c136
25218
1cf35
28614
20121
26132
209a5
1c13a
26134
2521d
1e8da
2431e
1f7d8
288e7
1f6ec
248ba
1f6ed
1ee7a
28e87
2405c
1e8df
28615
1fd7c
1e8e1
28e89
1f7d9
249a2
1ef66
1c147
28617
24146
27daa
2440b
28079
248c0
1fe4d
1c14c
258a9
24148
2807a
2440d
28e8b
258aa
249a7
1c151
248c1
258ac
249a9
2405e
28e8e
1c156
25308
1c157
25309
248c3
1c15a
249ab
28e91
1c212
1ff3b
1eab8
1ff3c
1c300
25995
1ff3d
1c302
1e700
1fb82
1c7a9
1fb83
1c7aa
1fe50
1c7ab
28703
1ef69
1c21c
1ca7e
1df5b
1c21e
1d9a1
1d01d
1f8bb
1ca81
1f8bc
1ca82
207b3
1f7dd
1ca84
20a95
2021e
1ca86
21050
207b6
1d025
207b7
1c229
26223
1d028
24d60
20220
28f77
24d62
1d02b
1e42a
2414c
1e42b
28168
1ef6c
206d0
1ef6d
1e9cf
249ae
1f8c0
1c234
24413
1e9d2
1c236
28708
1f057
207ba
1eabb
25999
249b1
1f9a6
253f6
23c8d
27e9d
206d1
1f8c4
1c23e
24a96
207bc
1c240
2512e
1f9aa
253f9
1f9ab
1c243
2870c
24a9a
207bd
1c246
253fa
1c247
253fb
2816f
24151
1c24b
28f82
1c24d
28711
1d2f3
1fa92
1c3f1
1fa93
1c306
1f410
1fa94
1c308
1c5ca
1e04d
1c30a
1da93
1cb63
1f9ad
1c5cd
1f9ae
1c5ce
208a5
1f323
1c5d0
20b88
20313
1c5d2
21142
208a8
1cb6b
1e7ee
1ff43
1e249
2422d
1eabe
2422e
1eabf
29067
1ff45
1c8aa
1fa95
287f9
24e51
1c31c
20b8a
1cb6f
26317
208ab
1c31f
1c320
1f9b1
1c321
24509
1eac1
1ff46
1eac2
1c324
1ff47
1eac4
2825b
23c95
1c327
2825c
24aa2
1ebac
20034
1c32a
24b87
1ff48
1f237
2521e
1f238
254e9
1f326
1c32f
24aa5
208ad
1fa9a
287fe
245f6
1c333
25221
1c334
2825f
25a8f
20036
1c337
29071
28260
23c97
245f8
28803
245f9
24aa6
28804
25a92
28263
1c4e7
1d3e6
1c3f7
1f501
25b78
1f23a
1c4eb
25b7a
1c3fb
1db84
21143
1d2f6
1c6be
1f415
1c3fe
1f14c
1c3ff
203eb
1cc58
1c401
203ec
1cc5a
1c403
209a6
1cc5c
1c6c6
1e33a
1fd7f
1c998
1fd80
1c999
2003a
1c99a
288e9
1f14f
1c40b
1cc5e
25e5a
1fb88
28bae
203f0
1c40f
24f4b
1cc62
28bb0
25e5f
1f503
28620
23d85
1c414
1faa4
1c415
24b91
1faa5
1c417
245fc
1faa7
28bb2
24b93
1faa9
1c41b
1fb89
25b7c
1f506
1ed88
24d64
1ed89
255db
1f153
1c420
28bb4
208b6
20127
1c423
25b7f
23e72
28350
246e9
28bb5
25b80
24c7d
1c428
288f3
25b83
245fe
28352
23e74
1c42d
255df
1c42e
28354
24c80
25b85
1c4ed
1c7af
1dc85
1c4ef
1d6cb
1cd48
1fb91
1c7b2
1fb92
1c7b3
204e4
1f509
1c7b5
20d6c
1ff4b
1c7b7
21327
204e7
1e42c
1f8c5
1ca8a
1f8c6
1ca8b
2012c
1ca8c
289db
1f241
1c4fd
1cd50
25f4c
1fc86
28ca0
204e9
1c501
2503d
1cd54
28ca2
25f51
1f5fb
28712
23e77
1c506
1fc87
25c6e
1f5fe
1eca5
2012e
1eca6
1c50a
2012f
1eca8
2843f
23e79
1c50d
28440
24c86
1ee7c
24e56
1ee7d
256cd
1f245
1c512
28ca6
203fc
20222
1c515
25c71
23f6a
28442
24235
28ca7
25c72
247cd
1c51a
289e5
25c75
246f0
1c51d
23f6c
28445
23f6d
1c520
247d1
28cac
24c8b
1c5d5
1c6c8
20b8c
1f41b
20b8d
1ee7f
1c5d9
20b8e
2631d
1c5dc
207c5
1ed8c
207c6
1ca92
26229
207c7
1ca94
1eac8
1ff4e
1cb73
1ff4f
1cb74
207c9
1cb75
29077
1f32d
1c5e6
1ce48
1fb9f
1c5e8
1f32f
1c5e9
20a9e
1d3ec
1c5eb
20b90
1d3ee
1c5ed
21144
1d3f0
1ce50
20319
29079
256d3
1c5f2
2141c
1d3f5
265ff
20b95
1c5f5
1c5f6
2022b
1c5f7
247d3
1ed93
207cd
1ed94
1c5fa
207ce
1ed96
28add
24511
1c5fd
28ade
24d6e
1ee80
208ba
1c600
24e5d
207cf
1f50d
254ee
1f50e
25d6b
1fba4
1c605
24d71
20b97
2031e
2907e
248c6
1c609
254f1
1c60a
28ae1
26323
208bc
1c60d
29347
1c60f
29082
248c8
24605
28ae3
24d72
29084
26326
28ae5
1c7b9
1d6cd
1c6cf
1fd81
25e60
1f510
1c7bd
25e62
1c6d3
1f41f
24b9a
1f155
28bbc
1f420
2942a
20324
1c6d7
24b9e
24b9f
1ee84
208c0
1d4dc
208c1
1d4dd
1c6dc
20b9c
1d4df
1c6de
20f61
1d4e1
1c6e0
2942f
1c6e2
257c4
1d4e5
28bc0
206d5
266f0
20f63
1c6e6
266f2
257c9
1ee86
248ca
1fd84
28e93
1fc98
24e66
1fc99
1f426
29433
24608
1ee8b
28bc1
2032c
1ee8d
29435
1fd85
24f4e
1f512
1c6f3
28bc3
246f2
28356
249b7
28625
24e6c
20401
1c6f8
25e67
246f4
28626
249b9
29437
25e68
24f53
1c6fd
24e6d
25e6a
24f55
2460a
2943a
1c702
258b4
1c703
258b5
24e6f
1c706
24f57
2943d
1c7c0
204ef
1f064
204f0
1c8ae
25f53
204f1
1c8b0
1ecac
20132
1cd57
20133
1cd58
20404
1cd59
28caf
1f515
1c7ca
1d02c
1fd87
1c7cc
1f517
1c7cd
20c8d
1d5d0
1c7cf
20d74
1d5d2
1c7d1
21328
1d5d4
1d034
1ff53
28cb1
2530b
1c7d6
21054
1d5d9
267e3
20d79
1c7d9
1c7da
1fe6d
1c7db
249bd
1ef79
20408
1ef7a
1c7de
20409
1ef7c
28715
246fb
1c7e1
28716
24f5c
1f066
204f2
1c7e4
25041
2040a
1f6f1
256d8
1f6f2
259a3
1fd8c
1c7e9
24f5f
20d7b
1ff58
28cb6
24ab0
1c7ed
256db
1c7ee
28719
25f5b
204f4
1c7f1
2952b
256dc
24ab3
28cba
249c0
2871b
24f60
28cbc
25f5e
2871d
1c99d
1d8b1
1c8b3
1f9bb
26044
1f6f4
1c9a1
26046
1c8b7
1f605
20d7e
1f069
2960e
1f8ce
1cb7b
2960f
208c6
1cb7d
29610
20e67
1cb7f
1c8bf
1ce51
1fc9b
1c8c1
1fc9c
1c8c2
1ff5f
1c8c3
247db
1ce55
28da4
1c8c6
253fc
1d11d
28da6
208c8
268d4
21148
1c8ca
268d6
25401
1f06c
24ab4
1f9be
29087
1f8d0
2504a
1f8d1
1f60c
29617
24240
1f071
28da7
1ff66
1f073
29619
1f9bf
25132
1f6f6
1c8d7
28da9
2432a
2853a
24ba1
28809
25050
204fd
20049
2604a
25135
2004b
25a96
2432d
28dab
25136
2004e
2961c
2604e
25139
24242
24ab9
1c8e6
25a98
257cf
2961f
25053
1c8ea
2513b
29621
1c9a4
206d7
1f248
206d8
1ca98
26137
206d9
1ca9a
1d205
2004f
1cc6b
20050
1cc6c
20e71
1f9c3
1cc6e
21237
2040d
1cc70
217f5
209ae
1d20d
1ee8e
205ed
1e8e7
248d1
1f15c
248d2
1f15d
29159
205ef
1cf48
20137
28e97
254f5
1c9ba
21239
1d211
2641b
209b1
1c9bd
1c9be
20053
1c9bf
24ba7
1f15f
205f0
1f160
1c9c2
205f1
1f162
288f9
24333
1c9c5
288fa
25140
1f24a
206da
1c9c8
25225
2013a
25b86
2441d
28081
205f2
1f9c6
1c9cd
25143
209b3
2013c
28e9c
24c94
1c9d1
25313
1c9d2
288fd
2613f
206dc
1c9d5
29163
1c9d7
28ea0
24c96
24421
288ff
25144
28ea2
26142
28901
1cd5c
1fab3
1ca9c
1f7ea
1ca9d
209b7
1d2fa
1ca9f
20aa4
1d2fc
1caa1
21056
1d2fe
1cd64
1e9d8
1fe75
1d036
1fe76
1d037
206e0
1d038
28f87
1f7ed
1caa9
1d300
2650a
20236
2924c
20aa8
1caad
255e9
1d304
2924e
2650f
1fba7
28cbe
24423
1cab2
20237
2622c
1fbaa
1f251
206e2
1f252
1cab6
206e3
1f254
289eb
24425
1cab9
289ec
25232
1f428
25402
1f429
25c79
1f7f1
1cabe
29252
209bb
207d6
1cac1
2622f
24516
289ee
247e1
29253
26230
24d79
1cac6
28f91
26233
24c9c
1cac9
24518
289f1
24519
1cacc
24d7d
29258
25237
1cb81
1cc74
21149
1f9c7
2114a
1f42b
1cb85
2114b
268db
1cb88
20d84
1f338
20d85
1d03e
267e7
20d86
1d040
1f074
20502
1d123
20503
1d124
20d88
1d125
29623
1f8d9
1cb92
1d3f8
2014f
1cb94
1f8db
1cb95
2105b
1d9a7
1cb97
2114d
1d9a9
1cb99
21704
1d9ab
1d400
208cd
29625
227ad
1cb9e
219dc
1d9b0
25c81
21152
1cba1
1cba2
207df
1cba3
24d7f
1f33f
20d8c
1f340
1cba6
20d8d
1f342
29089
24abd
1cba9
2908a
2531a
1f42c
20e79
1cbac
25409
20d8e
1fab9
25a9a
1faba
26329
20154
1cbb1
2531d
21154
208d2
2962a
24e72
1cbb5
25a9d
1cbb6
2908d
268e1
20e7b
1cbb9
298f3
2908e
24abf
24e74
2962f
24e75
2531e
29630
268e4
29091
1cd65
1dc88
1cc7b
20331
2641e
1fabc
1cd69
26420
1cc7f
1f9cb
25146
1f701
29168
1f9cc
299d6
208d8
1cc83
2514a
2514b
1f430
20e7f
1da97
20e80
1da98
1cc88
21159
1da9a
1cc8a
21521
1da9c
1cc8c
299db
1cc8e
2289e
1daa0
2916c
20c94
25d72
21523
1cc92
25d74
228a3
1f432
24e76
20334
2943f
20248
25412
20249
1f9d2
299df
24bb4
1f437
2916d
208e0
1f439
299e1
20335
254fa
1fabe
1cc9f
2916f
24c9e
28902
24f63
28bd1
25418
209c0
1cca4
26425
24ca0
28bd2
24f65
299e3
26426
254ff
1cca9
25419
26428
25501
24bb6
299e6
1ccae
25e72
1ccaf
25e73
2541b
1ccb2
25503
299e9
1cd6c
20aae
1f610
20aaf
1ce5a
26511
20ab0
1ce5c
1f258
206e6
1d307
206e7
1d308
209c3
1d309
2925b
1fac1
1cd76
1d5dc
20337
1cd78
1fac3
1cd79
2124a
1db8b
1cd7b
21331
1db8d
1cd7d
218e8
1db8f
1d5e4
20507
2925d
22991
1cd82
21614
1db94
258b9
21336
1cd85
1cd86
20421
1cd87
24f69
1f525
209c7
1f526
1cd8a
209c8
1f528
28cc1
24ca7
1cd8d
28cc2
25508
1f612
20ab1
1cd90
255ed
209c9
1fc9d
25c84
1fc9e
25f61
2033c
1cd95
2550b
21338
2050c
29262
2505c
1cd99
25c87
1cd9a
28cc5
26519
20ab3
1cd9d
29ad7
25c88
2505f
29266
24f6c
28cc7
2550c
29268
2651c
28cc9
1cf49
1de6c
1ce5f
1ff6b
26602
1fca0
1cf4d
26604
1ce63
1fbb1
2133b
1f615
29bba
1fe7e
1d12b
29bbb
20e85
1d12d
29bbc
21424
1d12f
1ce6b
1d401
2024b
1ce6d
2024c
1ce6e
20513
1ce6f
24d87
1d405
29350
1ce72
22a82
1d6d8
29352
20e87
259aa
21708
1ce76
259ac
22a87
1f618
25060
1ff6e
29633
1fe80
255f6
1fe81
1fbb8
29bc3
247ec
1f61d
29353
2051a
1f61f
29bc5
1ff6f
256de
1fca2
1ce83
29355
248d6
28ae6
2514d
28db5
255fc
20abc
205fd
26608
256e1
205ff
26054
248d9
29357
256e2
20602
29bc8
2660c
256e5
247ee
29bca
1ce92
26056
1ce93
26057
255ff
1ce96
256e7
29bcd
1cf50
20c96
1f7f4
20c97
1d044
266f5
20c98
1d046
1d7c0
1f706
20baa
1d7c2
20bab
1d7c3
1cf59
2142f
1d7c5
1cf5b
217f8
1d7c7
1cf5d
29703
1f43a
20bac
1ee93
24e7d
1f708
24e7e
1f709
29705
20bae
1d4f8
206eb
29443
225c9
1cf66
217f9
1d7cc
25aa3
20f6e
1cf69
1cf6a
20607
1cf6b
25153
1f70b
20baf
1f70c
1cf6e
20bb0
1f70e
28ea5
248df
1cf71
28ea6
256ec
1f7f6
20c99
1cf74
257d1
206ee
26144
249c9
2862d
20bb1
1ff76
1cf79
256ef
20f70
206f0
29448
25240
1cf7d
258bf
1cf7e
28ea9
266fd
20c9b
1cf81
2970f
28eaa
248e1
25242
2944d
25243
256f0
2944e
26700
28ead
1d30c
1d8b3
206f5
1d30e
206f6
1d30f
21060
20065
1d311
218e9
20abe
1d313
21eb2
21063
1ef84
20429
1d5e6
2042a
1d5e7
20c9f
1d5e8
29533
1fd99
1d055
1d8bb
25b92
207ea
297f8
21065
1d059
226bd
1d8bf
297fa
25b97
20157
2926a
249cf
1d05e
207eb
267ea
2015a
1f7fd
20ca1
1f7fe
1d062
20ca2
1f800
28f97
249d1
1d065
28f98
257de
1f9d4
259ae
1f9d5
26237
1fd9d
1d06a
297fe
20f78
20d95
1d06d
267ed
24ac2
28f9a
24d8d
297ff
267ee
25325
1d072
2953d
267f1
25248
1d075
24ac4
28f9d
24ac5
1d078
25329
29804
257e3
1d131
207f3
22a88
1ff78
1d225
22a8a
1d135
20701
22996
1fe86
1d5ed
22998
1d139
1fe87
25600
1fbbb
29bce
1fe88
29e94
20d9a
1d13d
25604
25605
1f8e8
21346
1df60
21347
1df61
1d142
2161b
1df63
1d144
21fa6
1df65
1d146
29e99
1d148
22d5e
1df69
29bd2
2115f
2623e
21fa8
1d14c
26240
22d63
1f8ea
2532a
207f6
298f9
20706
258c2
20707
1fe8e
29e9d
25068
1f8ef
29bd3
20da2
1f8f1
29e9f
207f7
22a8c
1ff7a
1d159
29bd5
25158
28dbc
2541d
29637
258c8
2134b
20e8f
259b6
22a8f
20e91
1d161
29bd7
2515a
29639
2541f
29ea2
259ba
22a93
22a94
259bd
1d168
29bdb
2532f
2605c
29ea6
2605d
1d16d
29ea7
2006b
217fb
1fac9
1d229
217fc
225d1
1fcac
21438
1f713
256f3
1f9da
256f4
1f9db
29f87
2143a
1d7d4
1e051
1f9dc
2143b
1e053
2143c
1e054
1d235
21718
1e056
1d237
21aec
1e058
1d239
29f8b
21801
1d23b
2632f
1e05c
22e52
21252
29f8d
22e54
1e05f
1f43c
2515e
1f43d
2917a
1ff80
21719
1ff81
1f9e1
259c0
20e9c
1d246
25425
1f9e4
1d248
2971a
2006d
21804
1facb
25aa7
259c3
209d4
2642c
2524b
28eaf
2171a
209d5
25aa8
225d5
209d7
1d252
2971d
2524c
2917f
25511
29f94
2171b
225d8
21807
1d258
29720
25aaf
29181
25163
25512
29722
25513
259c6
29723
1fbbc
2106b
1d408
226c1
2106c
1d40a
1f804
20ca5
1d8c2
20ca6
1d8c3
20f7f
1d8c4
29807
20071
1d322
1db97
208eb
1d324
20073
1d325
21809
1e146
1d327
218f0
1e148
1d329
21eb3
1e14a
1db9f
20ac5
29809
22f43
1d32e
21bdf
1e14f
25e77
218f5
1d331
1d332
209df
1d333
25515
1fad1
20f83
1fad2
1d336
20f84
1fad4
2926d
25253
1d339
2926e
25ab4
1fbbe
2106d
1d33c
226c5
20f85
2024d
26242
2024e
2651f
208f0
1d341
25ab7
218f7
20aca
2980e
25b9c
226c9
1d346
26244
20ace
26521
2106f
1d349
2a087
29272
226cd
2560a
29813
2560b
25254
2a08a
1d350
29275
1d4f9
20bb5
1d40c
20520
20bb6
1d40e
1d6e3
20431
1d410
20162
1d411
218fb
1dc8c
1d413
219e2
1dc8e
1d415
21fa9
1dc90
1d6eb
1f34c
20da5
1d9bd
20da6
1d9be
21073
1d9bf
298fb
20165
1d41d
1dc92
25f66
20bb8
2a170
219e6
1d421
23037
1dc96
2a172
25f6b
20521
29bde
24d97
1d426
20ad4
1d427
25ba3
20ad5
1d429
2560e
20ad7
2a174
25ba5
20ad9
1d42d
20bb9
25c8a
20524
20169
1d430
256f8
1d431
26335
1d432
2a176
218ff
21164
1d435
25c8d
227ba
20bbe
2a177
256fa
1d439
26337
1d43a
29905
25c91
25c92
29364
24d9a
2a17b
1d440
26614
1d441
26615
25bab
1d4fd
20611
228a4
20342
1d5f1
228a6
1d501
20253
219ec
1fcb3
29cb0
20526
1d7d8
29cb1
20f87
1d7da
29cb2
21529
1d7dc
1d509
1daae
208f1
1d50b
208f2
1d50c
20bc3
1d50d
2542b
1dab2
299ee
1d510
22b7a
1dd85
299f0
20f89
26060
21dc5
1d514
26062
22b7f
1fcb6
256fe
20614
29725
20528
25c94
20529
2025a
29cb9
24e8a
1fcbb
299f1
20bca
1fcbd
29cbb
20615
228a8
20344
1d521
257ea
1d522
25e7b
1d523
299f3
25c9a
2116e
20cad
25d7e
228ab
20caf
1d529
299f5
24f76
29455
257ed
29cbe
25d82
228af
228b0
25d85
1d530
299f9
25703
25e7e
29cc2
25e7f
1d535
29cc3
1fda4
21258
1de6e
21259
1de6f
1d5f6
21534
1de71
1d5f8
21eb5
1de73
1d5fa
29da5
1d5fc
20347
2551a
1fad9
29ade
20348
29da6
20cb6
1d600
2551e
2551f
21623
1d603
26151
1de78
22c6e
2107c
29da9
22c70
1de7b
1f806
24f7a
1f807
29542
1fe92
21626
1f8f5
258cd
2061a
25d86
2061b
2034c
29dab
24f7c
1fdad
29ae3
20cbc
1fdaf
29dad
2506c
28cca
25337
29545
25d8b
21536
20cbe
1d618
2299c
21628
1d61a
29546
258d1
20daf
267f6
2506f
29ae8
229a0
21629
1d620
229a3
29db2
29549
24f7f
2533a
29aec
2533b
25d8e
29aed
1ff86
219f2
1d7df
2303b
219f3
1d7e1
1fe94
21900
1dba7
22f49
21901
1dba9
1fbcc
2107d
1dc99
2107e
1dc9a
21903
1dc9b
2a17f
2043d
1d6f9
1f8f6
25612
1f8f7
29be0
2043e
21be4
2043f
1fe9b
25e82
2135a
1d700
258d9
1fe9e
1d702
2a182
2052d
21cd6
1ff89
25f73
25e85
21448
26616
22a97
29369
21be5
2135e
1d70a
23040
21cd8
1d70c
259ca
2144c
26619
2144d
1d70f
2a186
23044
21cd9
1d712
2661a
1d713
2661b
1d715
2a189
258da
1d717
25e88
2a18b
20078
21538
1d8d1
22b81
21539
1d8d3
1fcbe
2116f
1dd8b
21170
1dd8c
219f8
1dd8d
29cc5
20531
1d7eb
1f9e8
2570a
1f9e9
29726
20532
21cda
20533
1ff8f
25f7e
21454
1d7f2
259d1
1ff92
1d7f4
29cc8
20621
21dc8
2007b
26065
25f81
20f8e
26708
225dd
2945b
21cdb
20f8f
26066
22b87
20f91
2670a
225df
29ccb
22b88
20f94
2a54d
21cdc
22b8a
21dcb
1d804
2670c
1d805
2670d
1d807
29ccf
259d2
2972e
25f84
29cd1
2016c
2162a
1d9c3
22c73
2162b
1d9c5
1fdb0
21261
1de7d
21262
1de7e
2153e
1de7f
29db7
20625
1d8dd
1fada
257fc
1fadb
29818
20626
21dcc
20627
20081
26070
20f9a
1d8e4
25ac3
20084
1d8e6
29dba
20713
21eba
2016f
26157
26073
21082
267fa
226cf
2954d
21dcd
20f9e
1d8ee
22c78
21ebc
1d8f0
25bb4
21086
267fd
21087
1d8f3
29dbe
22c7c
21ebd
1d8f6
267fe
1d8f7
267ff
2981f
22c7f
25ac4
29820
26076
29dc3
2025e
2171c
1dab5
22d65
2171d
1dab7
1f8f8
2135f
1df6f
21360
1df70
21630
1df71
29eab
20717
1d9cf
1fbce
25342
1fbcf
2990a
20718
21ebe
20719
20175
26162
2108e
1d9d6
25bbb
20178
1d9d8
29eae
20805
21fac
20261
26249
26165
21174
268ec
227c1
2963f
21ebf
21092
1d9e0
22d6a
21fae
1d9e2
25ca6
21178
268ef
21179
1d9e5
29eb2
22d6e
21faf
1d9e8
268f0
1d9e9
268f1
29911
22d71
25bbc
1d9ed
26168
29eb7
20350
2180e
1dbab
22e57
2180f
1dbad
1f9ea
21459
1e061
2145a
1e062
21722
1e063
29f9d
20809
1dac1
1fcc0
25434
1fcc1
299fc
2080a
21fb0
2080b
20267
26254
21180
1dac8
25cad
2026a
1daca
29fa0
208f7
21af2
20353
2633b
228b2
29184
25521
299ff
26257
21fb1
21184
1dad2
22e5c
21af4
1dad4
25d98
2126a
26435
2126b
1dad7
29fa4
22e60
21af5
1dada
26436
1dadb
26437
1dadd
29fa7
25cae
1dadf
2625a
29fa9
1fadc
20f9f
1e153
20fa0
1e154
21814
1e155
2a08f
208fb
1dbb3
1fdb2
25526
1fdb3
29aee
20444
21be7
1fea3
25e8b
20bd5
26344
20bd6
208fe
2a364
25528
2035b
2a091
21274
2035d
2a366
229a4
29276
25619
29af1
26349
21af7
21276
1dbc4
22f4e
21be9
1dbc6
258e4
21366
26527
21367
1dbc9
2a096
22f52
21bea
1dbcc
26528
1dbcd
26529
1dbcf
2a099
25da0
1dbd1
2634c
2a09b
20538
21fb3
1dd91
235ed
21fb4
1dd93
20446
21ec1
1e159
234fb
21ec2
1e15b
20448
25e94
2136c
2a462
21279
26438
2127a
209f8
2aa0f
25bc0
2044d
2a737
21913
2044f
2aa11
2136d
235f0
20ae9
1dcb1
2a739
227c6
29914
23049
2a191
2643e
21ec6
21a02
2652c
235f3
21a04
25f88
227c9
2a73b
235f4
21a07
2aa14
26530
235f7
227ca
2a194
227cb
1dcc0
2a73f
26533
2a196
25bc3
1dcc5
2aa19
20bda
2237b
2062b
1dd96
2237c
23135
2145d
2a553
25cb7
1dd9a
21a09
1dd9b
26535
21a0a
1dd9d
25f8e
21a0c
2ab02
26537
21a0e
1dda1
21546
2661c
21460
20aed
1dda4
22b8e
1dda5
25da3
1dda6
2ab04
2237e
21549
2a280
22b90
1ddaa
25da5
1ddab
29cd9
26621
21a0f
1ddae
2a283
26623
22b92
2a284
22b93
2313e
26625
1ddb4
2a286
25f91
2653d
1de86
20fa1
23224
20ccd
1df76
23226
1de8a
2154e
1de8b
2607f
2062f
21afe
20630
1de8e
21aff
20632
29dc7
25dab
1de91
29dc8
2662a
2071e
21bed
1de94
23229
21b00
20dbc
258e8
20dbd
2616b
21463
1de99
2662d
22470
2163b
2a372
22c82
1de9d
258eb
1de9e
29dcb
26713
21bef
1dea1
2abf9
258ec
2abfa
258ed
26716
1dea5
25dac
2abfc
1dea8
29dcf
1e066
21728
1df79
21094
21729
1df7b
2017a
258ee
2017b
29eb8
20cd0
22473
20cd1
20723
2671a
21643
1df82
26173
20726
1df84
2a464
20dc0
22561
20811
26801
2671d
2172b
2625c
22a9d
29beb
22474
21647
1df8c
2331c
22563
1df8e
259dc
2172f
2625f
21730
1df91
2a468
23320
22564
1df94
26260
1df95
26261
29ebf
23323
26174
1df99
26720
2a46d
20900
21dcf
1e15d
23409
21dd0
1e15f
20812
26262
21188
2a289
21099
2680a
2109a
20dc4
2a82b
259e2
20817
2a555
21737
20819
2a82d
21189
2340c
20eb3
1e079
22e64
1e07a
25acd
1e07b
2a557
26810
21ce5
2181e
268f4
2340f
21820
26350
225e5
2a559
23410
21823
2a830
268f8
23413
225e6
29fb0
225e7
1e088
2a55d
268fb
1e08b
2a55e
1e08d
2a835
2127c
2a37a
25ad3
1e162
21916
26442
2127f
20905
21dd4
20906
1e166
21dd5
20908
2a09d
25ad5
1e169
2a09e
26900
20aee
25bc4
20aef
25e9b
20eb7
1e16e
2a920
220ad
21ec8
1e171
26445
226d6
2a0a0
22f59
2a921
26446
23503
1e176
2a64d
26449
22f5a
2a64e
22f5b
23506
2a925
1e17c
2a650
26359
26905
1e24a
1e704
1f078
1f716
1e7f8
22568
1fcc3
2173c
1e8e8
22384
1f719
1eacd
220af
1e255
1f16b
1e257
1f71c
239c2
1e259
23325
239c3
1e25b
24246
1f720
2853d
21464
1e25f
27346
22d7a
26814
22aa5
1e262
23328
21743
26ac6
1e265
1e266
21ddb
22d7d
24247
22d7e
24248
22aa9
2626a
1e26b
269d3
2332d
239c7
1e26e
26aca
1e270
26f80
2182c
1e33f
1fdb4
1f16e
1e341
28904
21ddd
1ef86
1e344
1fade
21280
1e346
1f16f
1f80d
1f34e
225e8
23d8a
1f810
27ad7
23d8b
1f812
28082
27ad9
28906
21830
21281
1e352
23418
26bb6
22e6d
21834
27162
25ad9
1e356
21837
21ecc
2abfe
2341b
26acc
2341c
27073
22e71
26908
225f0
1e35e
26bbb
23d8f
25adb
29fb6
26bbd
278f6
1e430
1e9dc
2017c
2191f
1e9de
1e434
2752a
1f351
1ecb0
22292
21921
1ecb2
1f353
1f261
1f440
22f5c
24428
226db
1e43e
24429
23ba8
289f7
1e441
1e442
21fbe
21923
21924
25bca
1e445
2350b
226de
2752b
25ea1
21928
27255
2256b
1e44c
23ba9
1e44d
23baa
279e7
2350f
26cac
22f64
226e3
2a0a7
2442d
25ea3
1e453
2a0a9
1e521
1e7fb
22387
21a11
1e7fd
1eda4
1f442
1ead2
22297
1f9ee
21a13
1ebc1
220b4
1e52c
2853e
1e52e
235fa
27cba
2304f
1f449
27cbc
23f70
1e532
1f44c
20be2
220b5
2238b
227ce
25f92
21a17
26d9b
23052
1e539
2653f
26d9d
2761e
1e53d
227d1
23f71
227d2
23f72
1e540
25cbe
2a198
23602
23057
1e543
26cb2
26541
26cb3
1e547
1e705
1ef87
1e615
21dde
2247b
1e618
1fadf
1ee99
1e61a
2862e
21b08
1f262
1e61d
1ef88
1e61f
1f539
237de
1e621
23141
237df
1e623
2460e
1f53d
2835a
21282
1e627
27167
22b96
26630
228c1
1e62a
23144
2155f
26e8e
1e62d
1e62e
21bf8
22b99
2460f
22b9a
24610
228c5
26086
1e633
26da3
23149
237e3
1e636
26e92
1e638
2734b
1eda8
1e707
1f8fc
2109d
1e709
1ecb4
1ef8a
1e70c
21bf9
1f628
1ecb8
1e70f
1f07e
1e711
1f62b
238d0
1e713
23233
238d1
1e715
24700
1f62f
2844c
21374
1e719
27259
22c88
26722
229b3
1e71c
23236
21651
269d8
1e71f
1e720
21cec
22c8b
24701
22c8c
24702
229b7
26178
1e725
269db
22c8f
238d5
1e728
269dc
29dd3
2743d
21ced
1e801
1edaa
20544
20270
21cee
1f633
1fdb7
2332e
247f0
23059
1e809
247f1
23f76
28dbf
1e80c
1e80d
23330
27076
25f97
21cf1
27078
23332
1e811
21cf4
2238d
2305d
2681a
229bd
2a46f
238dc
26f84
238dd
27530
23336
23061
2a470
247f5
1e81c
27531
21ddf
1e8f4
20361
1fdb9
1ee9e
1e8f7
1f8fd
22b9e
2433c
1fdbc
28086
2433d
1fdbe
28631
28088
28eb2
22ba0
2690a
22aad
1e901
239cb
22ba2
27f95
1e904
1e905
22aae
2608a
1e907
2716d
23426
248e5
23427
248e6
22ba6
1e90b
2716e
24341
27081
1e90f
1ead5
1f815
1f8fe
1ef8f
1e9e8
27ada
1e9ea
1f901
24158
1e9ec
23abb
24159
1e9ee
249d6
1f905
28724
225f2
2617a
21ed4
2725b
23515
21ed6
27805
2725d
27adc
1e9f8
23abf
2a652
26453
22c96
24431
22c97
24432
1e9fc
27171
23ac3
2415d
1e9ff
2a655
1ead6
1f07f
1f35c
1ead9
29094
22572
27807
1eadd
23bac
28269
23605
1f9f5
2826b
24522
1eae1
1f9f8
21fc5
23bae
1eae4
26543
22d85
1eae6
23bb0
21fc9
278f8
269de
23609
27350
2626f
1eaec
23ca1
1eaed
23ca2
27add
23bb4
2360d
1eaf0
27264
27353
27ade
1ebc9
1f172
2090c
2008c
21b0a
1f44f
1fbd3
2314a
24bb8
22e75
1ebd1
24bb9
23d92
28bdb
1ebd4
1ebd5
2314c
2743e
2635f
21b0d
27440
2314e
1ebd9
21b10
221a9
22e79
26636
227d9
2a28b
236f8
27354
236f9
278fa
23152
22e7d
2a28c
24bbd
1ebe4
278fb
1f53f
1fbd4
1f265
1ecbe
27db2
1ecc0
1fbd7
23e82
1ecc2
237e5
23e83
1ecc4
24cac
1fbdb
289fa
228c8
25ea4
21bfe
26f89
2323f
21c00
27532
26f8b
27db4
1ecce
237e9
2a37c
26729
22f6c
24707
22f6d
24708
1ecd2
26f8e
23245
23e87
1ecd5
27449
1edad
1f267
1fbdd
20271
1f360
1edb2
20273
2360e
247f6
20275
28aee
247f7
20277
29097
28af0
2936c
22f70
26546
229bf
1edbc
23e8b
23612
28451
1edbf
1edc0
238e5
2aa1b
26549
23614
247f9
23615
247fa
1edc4
27535
23e91
2452b
1edc7
2aa1e
1eea0
1f450
1fcd0
1eea3
2945c
1eea5
20367
24618
1eea7
23f7b
24619
1eea9
24e90
2036b
28bde
22ab0
23f7c
22391
27719
239d5
22393
27cc3
2771b
28544
23159
2771c
23065
1eeb4
2461b
1eeb5
2461c
28453
23f82
239db
1eeb8
27630
2771f
28454
1ef93
1f543
20cd5
20454
27cc5
1ef98
2406c
28725
23ac5
1feaf
28727
249dc
1ef9c
1feb2
22482
23ac6
1ef9f
2672b
23249
1efa1
24070
22486
27db6
22baa
2672c
225f9
2ac00
24072
27720
24073
27cc6
23acc
2324f
2ac01
24f85
1efac
27cc7
22573
1f086
20545
1ff9d
1f909
2008d
23bb6
25072
23339
1f08c
25073
24252
29641
1f08f
1f090
2333a
278fc
22c9b
22576
278fe
23bba
1f094
22579
226ea
24163
1f097
27901
23bbc
25075
23bbd
25076
23340
1f09b
27902
24ad1
27815
1f09f
1f268
1f9f9
2008e
1f728
1f17a
20090
2342a
24bbe
20092
2890a
24bbf
20094
28eb3
2890c
29188
22d8c
2690e
227db
1f184
23ca7
2342e
2826d
1f187
1f188
23701
2a837
26911
23430
24bc1
23431
24bc2
1f18c
27905
23cad
24347
1f18f
2a83a
1f269
1f819
209ff
2072a
27f9b
1f26e
23d96
289fb
237ef
20185
289fd
24cb2
1f272
20188
221ac
237f0
1f275
26455
2351f
1f277
23d9a
221b0
27ae3
22e80
26456
228cf
2a92a
23d9c
279f6
23d9d
27f9c
237f6
1f27f
279f7
2525b
2a92c
27f9d
20189
2081d
1f90c
1f364
2081f
23bc0
24da2
20821
2909a
24da3
20823
29643
2909c
29918
23526
26bc3
22f75
1f36e
24ad5
1f36f
24ad6
2890d
2443f
23bc6
1f372
27ae6
1f374
2890e
1f454
20eba
20911
2027d
20912
23f84
2543a
23707
1f45a
2543b
24bc6
29a09
1f45d
1f45e
23708
27cc8
23619
23709
24e97
2370a
24e98
1f462
26cb7
23f8a
24bc9
1f465
27bdd
1f545
1faef
21283
20a01
28271
1f54a
2461e
28cd1
24077
2045b
28cd3
24f88
1f54e
2045e
228d0
24078
1f551
26da8
24079
2552f
2407a
25530
237fd
27dbc
24624
24f8b
26daa
1f559
1fbe0
1feb4
1f639
29bec
1f63b
2054b
247fc
1f63d
24711
247fd
1f63f
25620
2054f
2936e
22c9e
24712
229c3
27ead
24713
27dbe
24714
28364
2416d
1f647
27dbf
25623
27eaf
28365
1ffa5
2063a
1fcd4
1f72c
2063c
239dc
2516a
2063e
28eb6
2516b
20640
2945f
28eb8
29734
23342
269df
22d91
1f736
248f1
1f737
248f2
28729
2425b
239e2
1f73a
27eb2
1f73c
2872a
1f81c
20cd6
2072d
20099
20826
23da0
25802
23acf
1f822
25803
249e2
29825
1f825
1f826
23ad0
27ae8
23435
23ad1
2525f
23ad2
25260
1f82a
26ad3
23da6
249e5
1f82d
27fa5
1f90d
1feb7
21654
21377
28639
1f912
249e6
29645
24442
20dcf
29647
25350
1f916
20dd2
22ca0
24443
1f919
27175
24444
258fb
24445
258fc
24174
28184
249ec
25353
27177
1f921
1ffa8
20828
1fa01
29fb8
1fa03
20ec0
25170
1fa05
24ad9
25171
1fa07
259ec
20ec4
29736
2361a
24ada
22d93
28275
24adb
28186
24adc
2872c
24538
1fa0f
28187
259ef
28277
2872d
20919
20a03
2009c
1faf4
20a05
23da7
25532
20a07
2927e
25533
20a09
29827
29280
2a0ac
2370d
27358
23161
1fafe
25265
1faff
25266
2909d
24bcf
23dad
1fb02
2827a
1fb04
2909e
1fbe4
210a0
20af6
20461
20be6
24717
25bce
23e9a
1fbea
25bcf
24daa
2a19d
1fbed
1fbee
23e9b
28458
23800
23e9c
25627
23e9d
25628
1fbf2
2744c
2471d
24dad
1fbf5
2836d
1fcd5
2027f
21a1c
21193
28a01
1fcda
24802
29461
2425e
20bec
29463
25718
1fcde
20bef
23068
2425f
1fce1
26f91
24260
25cc3
24261
25cc4
23f90
2854c
24808
2571b
26f93
1fce9
20370
20644
1fdc9
29dd4
1fdcb
20cdc
24f8c
1fdcd
248f5
24f8d
1fdcf
25db4
20ce0
29afe
23436
248f6
22baf
28095
248f7
2854e
248f8
28af4
24354
1fdd7
2854f
25db7
28097
28af5
20ce2
21378
20464
1febc
2137a
2471e
258fe
2137c
29bf2
258ff
2137e
2a19f
29bf4
2a474
24084
27724
23ad8
1fec6
2562d
1fec7
2562e
29465
24f97
24724
1feca
2863e
1fecc
29466
1ffac
21a1d
2146c
20dd6
2146d
24adf
25f9a
24265
1ffb2
25f9b
2571e
2a565
1ffb5
1ffb6
24266
28820
24177
24267
259f3
24268
259f4
1ffba
27818
24ae5
25721
1ffbd
28735
2009d
20647
21de7
21564
28dc9
200a2
25176
29829
24bd2
20fb6
2982b
25ae4
200a6
20fb9
23438
24bd3
200a9
27909
24bd4
2608f
24bd5
26090
2435b
28914
2517c
25ae7
2790b
200b1
20738
20a0d
20191
2a748
20193
210a6
25354
20195
25269
25355
20197
26180
210aa
29eca
23801
2526a
2352b
28a05
2526b
28916
2526c
28ebc
24cc8
2019f
28917
26183
28a07
28ebd
20afe
21195
2082c
20284
21197
2453a
25cc6
21199
29a0e
25cc7
2119b
29fbb
29a10
2a290
23ea0
27540
238f4
2028e
25449
2028f
2544a
29281
24db3
24540
20292
28a0a
20294
29282
20374
21839
21288
20bf2
21381
248fb
26362
2462d
2037a
26363
2553a
2a381
2037d
2037e
2462e
28640
23f93
2462f
25dbb
24630
25dbc
20382
27634
24901
2553d
20385
28afd
20465
20a10
221b2
21edb
29191
2046a
2553e
2a1a1
24f9a
21932
2a1a3
25eb0
2046e
21935
23803
24f9b
20471
27cd1
24f9c
2645b
24f9d
2645c
24ccf
28cdc
25544
25eb3
27cd3
20479
20b01
21383
20559
2ab11
2055b
21a23
25ccc
2055d
25631
25ccd
2055f
2654c
21a27
2a292
24178
25632
238f6
28dcd
25633
28cde
25634
29284
25090
20567
28cdf
2654f
28dcf
29285
21474
21566
20bf5
2064c
21568
24902
26092
2156a
29dda
26093
2156c
2a383
29ddc
2ac05
2426b
27eb4
23cbf
20656
25dc1
20657
25dc2
29bf5
25727
24908
2065a
28dd2
2065c
29bf6
2073c
21c04
21659
20fbc
21749
2526f
2672e
249f5
20742
2672f
25906
2acf6
20745
20746
249f6
28fb0
2435e
249f7
26187
249f8
26188
2074a
27fa8
25275
25909
2074d
28ec5
2082d
20dd8
2257a
21cf7
29559
20832
2535a
29fbd
24db6
2174f
29fbf
26278
20836
21752
23bcb
24db7
20839
27aed
24db8
26823
24db9
26824
24aeb
290a4
25360
2627b
27aef
20841
20ec9
2119f
20921
2a92d
20923
2183f
25ae8
20925
2544d
25ae9
20927
26914
21843
2a65a
23f94
2544e
23712
28bed
2544f
290a6
25450
2964c
24eac
2092f
290a7
26917
28bef
2964d
21845
22489
2973d
20a16
25545
2a74d
2618b
20a18
26460
25277
20a1a
20a1b
225ff
2618d
22600
2618e
20a1e
29195
24bdf
2827c
24636
20a21
2827e
2554b
2827f
20a25
210af
21fcf
21938
21fd0
24dbc
26550
226ef
2a83e
2627e
21fd4
2a295
2a83f
20b0e
25be2
20b0f
25be3
2a0b3
26555
24727
25be4
23ea5
29379
25be5
24dc2
20b15
2928d
20bf6
211a2
20bf8
21b16
227e0
2636e
21b18
26dac
227e2
20bfd
25cd3
26dad
2a388
2572b
2937c
2572c
29922
26373
23f96
2572d
20c04
28461
2572e
20c06
2937e
20c08
2a1a6
20ce9
26e9d
20ceb
21c09
25dc4
20ced
26735
21c0b
2a478
2581c
21c0d
21c0e
24fa2
26737
24fa3
26738
228d7
20cf5
24fa4
2955c
2490a
24fa5
2955e
25dca
2955f
29a15
21661
222a5
29b05
20dde
25361
2a569
25fa7
20de0
26828
25093
20de2
20de3
229c7
25fa9
229c8
25faa
20de6
29561
249fb
28098
24452
20de9
2809a
25367
2809b
20ded
21477
21deb
21754
21ee4
25184
26918
22ab7
2ac06
2609a
21df0
2a65d
2ac07
20ed6
259fe
20ed7
259ff
29ecf
2691d
24543
25a00
23cc1
29199
25a01
2518a
20edd
29655
20fbf
21df4
2257c
22bb0
2673a
22603
27178
22bb2
2248e
2acfc
27179
20fc8
25af7
20fc9
25af8
2a56d
2673f
24be1
260a2
24362
29833
260a3
25828
20fcf
29743
210b1
21ee6
2257d
22ca2
2682c
226f5
2726a
22ca4
22581
2a842
2726b
210ba
25be9
210bb
25bea
2a65f
26831
24cd3
26194
24454
29925
26195
2536e
210c1
29839
211a3
21fd8
221b4
22d94
2691e
227e7
2735c
22d96
220c7
2a934
2735d
211ac
25cdb
211ad
25cdc
2a751
26923
24819
26286
24546
29a17
26287
25460
211b3
2992b
21295
21b1e
222a6
22e86
26464
228d9
2744e
22e88
221b9
2aa26
2744f
2129e
25dcd
2129f
25dce
2a297
26469
2490b
26378
24638
29b09
26379
25552
212a5
29a1d
21387
21c10
22398
22f78
26556
229cb
26f94
22f7a
222ab
2ab18
26f95
21390
25913
21391
25914
2a389
2655b
249fd
25ebe
2472a
29bfb
25ebf
25644
21397
29b0f
21479
21d02
22491
2306a
26648
22abd
27086
2306c
2239d
2ac0a
27087
21482
25a05
21483
25a06
2a47b
2664d
24aef
25fb0
24270
29745
25fb1
25736
21489
29c01
21572
223a1
22bb6
2664e
22bb7
2664f
228e0
21577
25dd4
29de2
25738
25dd5
29de4
26652
29de5
2a29b
22492
21666
25918
21667
25919
2ac0c
23258
2527f
26742
24a00
29ed5
26743
2591c
2166d
29de9
21756
22585
22d9a
26832
22d9b
26833
22ac4
2175b
25a0c
29fc6
25370
25a0d
29fc8
26836
29fc9
2a47f
220ca
2184a
25afc
2184b
25afd
2a844
2343c
24eb7
26926
24be4
2a0b9
26927
25b00
21851
29fcd
2193a
221bd
22f7e
2646a
22f7f
2646b
226fc
2193f
25bf0
2a1aa
25554
25bf1
2a1ac
2646e
2a1ad
2a663
222ae
21a2e
25ce0
21a2f
25ce1
2aa28
23620
2509b
2655e
2481c
29cf5
2655f
25ce4
21a35
2a1b1
21b20
23713
2a846
23168
2a29c
25739
29380
26383
21b24
2a29d
23715
2573a
21b27
29383
21c12
23805
2a938
2325a
2a392
2582b
29472
25ec9
21c16
2a393
23807
2582c
21c19
29475
21d04
238f7
2aa2a
2334c
2a484
25371
29564
25fbb
21d08
2a485
238f9
25372
21d0b
29567
21df6
239e9
2ab1c
2343e
2a576
25463
29656
260ad
21dfa
2a577
239eb
25464
21dfd
29659
21ee8
23adb
2ac0e
23530
2a668
25555
2919c
2619f
21eec
2a669
23add
25556
21eef
2919f
21fda
23bcd
2ad00
23622
2a75a
25647
2928e
26291
21fde
2a75b
23bcf
25648
21fe1
29291
220cc
23716
2726c
23441
2a848
25465
2992c
22da3
220d0
2a849
23cc4
25ce8
220d3
2992f
221be
23808
2735e
23533
2a93e
25557
29a1e
22e95
221c2
2a93f
23db6
25dda
221c5
29a21
222b0
238fa
27450
23625
2aa30
25649
29b10
22f87
222b4
2aa31
23ea8
25920
222b7
29b13
223a2
239ec
26f96
2316b
2ab22
2573b
29c02
23079
223a6
2ab23
23f9a
25a12
223a9
29c05
22494
23ade
27088
2325d
2ac14
2582d
29748
22bbf
22498
2ac15
2408c
25b04
2249b
2974b
22586
23bd0
2717a
2334f
2ad06
25373
2983a
22cb1
2258a
2ad07
2417e
25bf6
2258d
2983d
22615
22708
2ad0a
29292
2ad0b
26bd2
22619
2a0c1
2c371
26ade
22ad0
26adf
2a66d
22ad2
2c27d
2974d
22ad4
2325f
26db4
22bc2
26750
25b05
29cf8
25830
22625
2a761
26754
22627
2717c
26756
29dea
22bc9
29deb
22bca
2ad0f
29751
22bcc
2262d
22bce
29dec
2262f
29ded
22630
2a66f
22631
2eeed
22bd2
334e4
22634
261a3
2ac22
23ae6
22e97
24363
22637
23db8
23445
29fd0
22e9a
26934
26ae3
22e9c
29755
2263c
29fd3
2344a
2263e
27452
2344c
22ea1
2f3a8
291a5
2f3a9
22643
2aa36
23451
2c645
26bdb
22646
2b727
23454
2f3ac
2b729
25559
291a6
25284
2647c
291a7
25a14
2647d
2264e
28ece
2a674
2891f
32f32
291a9
261ab
32f33
2a1b2
261ad
32f34
2a768
26485
2a769
22657
2ed07
261b2
2bdc4
2a1b5
32f37
2bdc6
261b5
26486
29842
2265d
29843
2265e
2a0c2
2265f
2e941
2648a
32f3b
22662
29fd6
22663
2f3ad
2ac26
29294
2ad12
26bde
2c373
2aea4
26be0
22669
2a67c
2266a
2ec15
291b0
2266c
2ac27
291b2
334e8
2adb6
2a680
334e9
2e947
29295
2c376
2adb7
2a76f
2ed0c
2b541
326b3
2aea7
22676
32f40
2bdca
334ec
2bdcb
22679
334ed
2adb9
2267c
2aeab
334ef
2ea34
334f0
2ea35
2ec18
22681
227f9
2371a
2270f
29934
2beb4
2a2a6
227fd
2beb6
22713
2417f
2ad15
23bd6
22cb7
26843
22716
261b7
26845
22718
2a2a7
26847
2271a
29568
2ad16
28fbd
33025
29848
22cbf
33026
2a857
2684d
2956a
2ad19
28fbf
2efdd
29296
2efde
29297
33029
2ad1b
22cc7
23627
26be1
22da6
2656c
23bd9
2717f
23538
2272a
25ecd
2a942
25bfa
22f8d
2a0c9
26be4
2a777
2353d
2272f
26f98
2353f
22731
2f499
26f99
22f94
2a778
22f95
26ccb
2c736
2a2a9
22737
2c738
26f9b
2f49d
2b81a
2273a
2273b
26297
2a0cc
25bfc
25b0d
2a0cd
2273f
2a2ab
26570
29936
2629b
29937
2629c
2a77a
2929e
2629e
2ab2a
29cfa
262a0
22747
262a2
2edf8
29a23
32a7c
2a2b0
2274b
2b90b
262a6
32a7e
2edfd
28fc2
2a77c
28a13
2ea37
28ce6
2ea38
28ce7
332fb
2a77e
2657d
292a2
2ad1f
2a0cf
26be8
22757
2a1ba
2beb8
2a85a
26cd1
3302d
2bebb
292a3
2ed12
2a1bc
332fd
2a0d0
29853
2f4a1
2aeb1
292a7
22761
2ed14
292a9
32a84
2a1bd
29854
22765
2b90e
22766
2eb23
22767
2f4a4
2af9a
2a2b8
2ee00
2a2b9
2ee01
2af9b
2aeb4
32a88
2bec0
2f4a7
2b636
2f4a8
2b637
22772
32a8b
2ed17
22800
2a39a
26db6
2a39b
228ee
2bfa7
29a27
228f0
23456
269ed
22da8
26936
25ce9
29ee4
25468
22809
27360
2693a
2280b
2a39e
2693c
29fd9
22daf
29fda
22db0
2a948
2993f
22db2
22811
22db4
29fdb
22813
29fdc
22814
2a2ba
22815
2f0d1
22db8
3311c
22818
26389
2a863
2371e
2307b
24547
2281b
23f9c
2362b
2a1be
2307e
2657f
26cd5
23080
29943
22820
2a1c1
23630
22822
27361
23632
23085
2f58c
2938b
2f58d
22827
2ac2b
23637
2c829
26dc0
2282a
2b35f
2363a
2f590
2b361
2573d
2938c
24ebc
26660
22830
29946
26661
22832
290b2
2a2bf
28b03
32b6a
2938f
26391
32b6b
29df3
26393
32b6c
2a3a4
26669
2a3a5
2283b
2eef1
26398
2b9fc
29df6
32b6f
2b9fe
2639b
2666a
29a2a
22841
29a2b
22842
29cff
22843
2eb2b
2666e
32b73
22846
2a1c4
22847
2f591
2a867
2947c
2a94b
26dc3
2bfab
2b088
26dc5
2284d
2a2c7
2284e
2ee05
29396
22850
2a868
29398
33120
2afa4
2a2cb
33121
2eb31
2947d
2bfae
2afa5
2a3ab
2eef6
2b72b
32897
2b08b
2285a
32b78
2ba02
33124
2ba03
2285d
33125
2afa7
22860
2b08f
33127
2e66c
33128
2e66d
2ee08
22865
229dd
238fe
228f3
29b18
2c098
2a48e
229e1
2c09a
228f7
2408f
27637
2380e
22bd6
26670
228fa
260b4
23173
228fc
2947e
2a94e
26dc9
22bdb
2ad23
26ead
22bdd
22901
2ad24
2317a
2a94f
2317b
2380f
27363
2354b
22906
2639c
2a2ce
25dde
22eaa
2aa40
26eaf
22eac
3320c
28bf8
2a684
26496
2a685
26497
2290e
2a953
26499
22eb2
28bfa
2a686
22eb4
2a687
22eb5
2a955
22eb6
2f67f
29a36
22916
22f96
2675c
22918
25ed0
26eb1
2c91a
2a491
2291b
2c91c
27183
2f681
2b452
2291e
2291f
25ed1
29d09
25de0
25cf1
25de2
22923
2a493
26761
29b1a
25ed5
29b1b
25ed6
2a494
29486
25ed8
2ad27
29ee6
25eda
2292b
25edc
2efe2
29c07
32c60
2a498
2292f
2baef
25ee0
32c62
2efe7
28bfe
2a3b8
2864b
2e66f
28ed2
2e670
28ed3
334f3
2a3ba
2676e
2948a
2a958
29d0c
26dcd
2293b
29dfb
2c09c
2aa46
26eb7
33215
2c09f
2948b
2eefc
29dfd
334f5
29d0d
29a3b
2f685
2b095
2948f
22945
2eefe
29491
32c68
29dfe
29a3c
22949
2baf2
2294a
2e75b
2294b
2f688
2b17e
2a4a0
2efea
2a4a1
2efeb
2b17f
2b098
32c6c
2c0a4
2f68b
2b820
2f68c
2b821
22956
32c6f
2ef01
229e4
2a580
269ef
2a581
22ad8
2c18b
29c0b
22ada
23263
238ff
27458
23265
229ec
261b8
2ac31
25922
22ccd
29e00
269f2
22ccf
2a86a
269f4
2326c
29e01
22cd2
2f1c1
27273
22cd4
2a4a3
22f98
26580
23902
27459
2564d
29b22
22f9b
26583
229fb
2a583
26586
229fd
26f9d
26588
2a1c7
22fa1
2a1c8
22fa2
2ab34
29b25
22fa4
22a03
29b26
2ed18
292ad
33302
29b27
2f1c4
2a4a5
22a07
2ed1c
2ed1d
23903
2a4a6
23354
22a0b
2a86c
23271
2c461
269f9
22a0e
2b549
23274
2f1c8
2b54b
25377
29574
250a0
26851
22a14
29b2a
26852
22a16
28cee
2a4a7
2873b
32d4e
29577
25fc9
32d4f
29fe2
25fcb
32d50
2a58a
2685a
2a58b
22a1f
2f0d5
25fd0
2bbe0
29fe5
32d53
2bbe2
25fd3
2685b
29c0e
22a25
29c0f
22a26
29eeb
22a27
2e763
2685f
32d57
22a2a
29eed
2c18e
2ab38
269fd
33307
2c191
2957c
2aa52
29e06
26ec0
22a31
2a4af
22a32
2efef
2957e
22a34
2aa54
29580
33308
2b188
2a4b3
33309
2e769
29661
2c192
2b362
324ce
2bbe5
32d5b
2b189
2b26f
22a3e
32d5c
2bbe6
3330c
2bbe7
22a41
3330d
2b18b
22a44
2b273
3330f
2e850
33310
2e851
2eff2
22a49
22be1
26942
22adc
260b6
23355
239f3
22dbc
24272
22ae0
262aa
23359
29ef1
22dbf
29ef2
26a02
2a597
2335c
22ae5
27090
2335e
22ae7
2f2b3
27365
22dc6
2a598
2308a
26672
239f6
26f9f
2573f
29c14
2308d
26675
26aef
2308f
333f0
26dce
23091
29c15
22af2
2939d
22af3
2ab3f
2667c
22af5
333f3
22af7
29c18
2ee0a
2939f
333f4
29c19
2f2b6
2a59a
22afb
2ee0e
2ee0f
27366
22afe
2b639
23364
2f2b8
2a95f
22b01
2c556
23367
25191
26944
22b04
260b8
25a1b
29667
260b9
2ac36
2882c
29d12
26948
29d13
26949
22b0b
2a59d
2694b
22b0d
2a961
2694d
260c1
29855
325be
2bcd1
22b12
2a962
260c5
2ec23
2a692
22b15
22b16
2966b
2e852
28de3
32e47
2966c
3312a
29fe7
22b1a
2e856
2e857
29c1d
2b274
2b275
2a5a2
26af5
2a693
22b20
2adbb
2a695
22b22
2f2bc
29fe9
3312c
2e859
22b25
2adbe
29c1e
29671
2b278
2a5a5
22b29
32e4b
2e85a
22b2b
2f0e3
2a696
2ec26
2b455
325c1
2ab47
2a697
333fd
2c286
2b456
2f2c1
2b457
32e4f
2c287
2c288
22b35
2b27c
32e51
2bcda
32e52
2bcdb
2e85c
33403
22be3
22cd6
2ad2c
27185
2ad2d
26ec3
22be7
2a69c
2c923
22bea
27092
26dd0
2a5a9
230a0
2c82f
29d17
230a2
26dd2
2a3c5
23185
2ac3d
23186
2f68e
29a3e
2f68f
2ac3e
22bf4
2345a
2490f
22bf6
24366
239f9
22bf8
27a01
239fb
29d1b
2345f
29d1c
23460
2a5ac
27098
23462
27faa
2718a
23a01
2718b
22c01
2bcdd
23a04
2cbf2
2718d
22c04
2cbf4
23a07
25fd6
260c9
22c08
2ad31
26772
2c37d
29efa
32c70
2aeb9
22c0c
2c380
2aebb
27099
2ac41
2709a
26dd9
2b36a
29d20
26ec4
2a69d
22c13
2b45b
2b45c
2709b
22c16
2c927
2b45e
291bc
2adc4
291bd
2f3b9
29d21
29772
2f696
2ac46
22c1d
2f697
2ac48
2985c
2c929
2aebc
32c72
2baf9
334fc
2bafa
2f95e
2bafb
22c24
2f699
2b461
2adc8
334ff
22c28
2eff8
22c29
2eff9
2b371
22c2c
2b463
33502
22cdc
27276
26a08
2a78f
22dca
2c467
29eff
22dcc
26ec7
2a4b7
23277
2ad3c
23278
2f1d4
29b30
2f1d5
2ad3d
22ce6
2354c
24a01
22ce8
24458
23aeb
22cea
27547
23aed
29e0f
23551
29e10
23552
2a6a2
27195
23554
27af0
2727c
23af3
2727d
22cf3
2bdcf
23af6
2cce4
2727f
22cf6
2cce6
23af9
260ca
2a6a4
22cfa
2a877
26864
2bec3
29fec
32d62
2afab
22cfe
2bec6
2afad
27280
2a87a
26a0b
2c46b
2c46c
27196
2ad40
27197
26ece
2b466
29e14
27198
22d08
2c46d
2b550
292ae
2aec2
292af
2f4ab
29e15
29866
2f1dc
2ad45
22d0f
2f1dd
2ad47
2994e
2c46f
2afae
32d64
2bbeb
33042
2bbec
2fa50
2bbed
22d16
2f1df
2b553
2aec6
33045
22d1a
2f0ea
22d1b
2f0eb
2b46d
22d1e
2b555
33048
26af9
22eba
26afa
2a2d5
22ebc
2c559
29ff1
22ebe
26a0d
2a5b2
23369
2a882
2336a
2f2c6
29c22
2f2c7
2a883
22dd8
2363e
24af3
22dda
2454a
23bdd
29f05
23641
29f06
23642
27639
26ddc
23644
2a796
27287
23646
27be2
2736e
23be5
2736f
22de5
2b915
23be8
2cdd6
27371
22de8
2cdd8
23beb
261bc
2a798
22dec
2a96b
26956
2bfb5
2a0de
32e54
2b0a3
22df0
2bfb8
2b0a5
27288
2a886
27289
26a14
2b558
29f0a
26afc
2a2d7
22df7
2b63f
2b640
2728a
22dfa
2c55f
2b642
293a0
2afb4
293a1
2f59d
29f0b
29958
2f2ce
2a88b
22e01
2f2cf
2a88d
29a42
2c561
2b0a6
32e56
2bce3
33134
2bce4
2fb42
2bce5
22e08
2f2d1
2b645
2afb8
33137
22e0c
2ec30
22e0d
2ec31
2b55f
22e10
2fb47
2c565
22ec0
2745a
26bf2
2a3c9
22fae
2c64b
2a0e3
22fb0
23721
27376
2318b
24be6
26aff
2a2db
23724
2a977
23725
22eca
2772d
23727
22ecc
2a2dd
23729
22ece
2fc29
22ed0
29776
2adca
29a45
2fc2a
29ff8
23468
2ac4a
23469
2f3bc
2adcf
27461
22ed7
2ba07
2372e
2cec8
27463
22eda
2ceca
23731
262ae
2639f
22ede
2aa5d
2649c
2c0a7
2a1d0
32f46
2b195
22ee2
2c0aa
2b197
2737a
2a97a
2737b
26b06
2b64a
29ffc
26bf4
2a3cb
22ee9
2b731
2b732
2737c
22eec
2c651
2b734
29494
2b0ac
29495
2f69f
29ffd
29a4c
2f3c2
2a97f
22ef3
2f3c3
2a981
29b34
2c653
2b198
32f48
2bdd5
33226
2bdd6
2fc34
2bdd7
22efa
2f3c5
2b737
2b0b0
33229
22efe
2ed22
2c0b1
3322a
2b651
22f02
2b739
3322c
22fb2
26fa0
26ce4
2a4bb
230a6
2c73d
2a1d5
230a8
23813
27468
2327d
24cd8
26a16
2327f
2f76c
26bf7
2a3cf
23818
2aa69
23819
22fbe
2754a
2381b
23285
2f76f
22fc2
2986a
2aec8
29b37
2f770
2a0ea
2355a
2ad49
2355b
2f4ae
2aecd
26fa7
22fc9
2baff
23820
2ca0e
26fa9
22fcc
2ca10
23823
25ee4
263a1
22fd0
2ab4f
2658e
2c199
29d22
32a8c
2b287
22fd4
2c19c
2b289
2746c
2aa6c
2746d
26bfe
2b73c
2a0ee
26ce6
2a4bd
22fdb
2b823
2b824
26fac
2f4b3
2c744
2a3d4
29586
2b19e
29587
2f1e5
2a0ef
29b3e
2f4b4
2aa71
22fe5
2f4b5
2aa73
29c26
2c745
2b28a
32a8e
2b91b
33318
2b91c
2f77a
2b91d
22fec
2f4b7
2b829
2b1a2
2ed29
22ff0
2ee14
2c1a3
3331c
2b743
22ff4
2b82b
3331e
23fa1
2754b
23906
230ab
2709c
23908
230ad
26faf
2ab5a
26cea
2f85f
26fb0
23375
2f860
2709e
23377
230b3
23649
2a1da
230b5
2a1db
230b6
2afbc
293a3
2afbd
29c2a
2f863
230ba
27912
23911
2caff
270a1
2f5a1
2bbf3
23914
2f5a2
2bbf5
25fd8
29c2b
2667f
2add0
26b0d
33404
2ac4e
230c5
2c28d
26683
33406
2c28f
29c2c
2b82c
2ab5f
29c2d
2f867
2b82f
270a3
2ac50
26de2
2c833
2c834
2a4c6
270a5
2f5a5
2c836
29c2e
2ee16
2a5b8
33407
2a5b9
29c2f
230d6
2ee18
29c31
33408
2b832
29c33
230da
2ba0c
230db
2c291
230dc
2c292
230dd
2c293
2ac56
2f86d
2c839
2ba10
2f86e
2ba11
2b294
3340e
230e4
2b37b
3340f
2b835
23195
23288
27730
27470
2ac58
26ed8
23199
2ac59
2cecf
2319c
2737d
26de5
2a2e4
23652
2cddb
2a2e5
23654
26b0e
2a2e6
23733
2a983
23734
2a2e7
23735
2fc3b
27382
231a6
23a08
24ebd
24640
27be4
23fa5
29d2c
23a0b
29d2d
23a0c
27fac
2719a
23a0e
2ab69
27644
23a10
28556
27736
23fad
27737
231b3
2d19d
23fb0
2c298
2719c
2ff03
2c29a
23fb3
26593
26686
231ba
29d2f
231bb
2b921
29d30
231bd
2ac5a
231be
2b37d
29d33
2ff06
2b923
29d35
231c2
29e1c
2ced0
2773b
26edd
2fc41
2b1a4
3322d
2b46f
231c7
2c0b4
231c8
2f6a3
2ced4
27388
231cb
2fc45
2b926
2ba18
2977b
2f6a4
2a2ef
29e1d
2ced7
2b471
3322e
2f6a6
2b0b7
2b472
2fc47
2b473
2b928
2fc48
2ced8
2f6a9
23379
24276
2328f
27823
2ca12
26fb7
2337d
2ca14
23293
29b42
2b744
29b43
2f780
27476
2ffee
29e1f
23297
2b748
2b749
24731
27cd7
24096
2329b
27478
2ac5e
26ee6
2fff0
2728b
23aff
2fff1
27740
23b01
2fff2
27827
23b03
232a3
240a0
2d28e
26a20
2fff4
2782a
232a7
2c38b
240a4
2fff6
2d293
29e22
26688
26fb8
2ad4c
26a22
2ca17
2bb06
26a24
2c1a4
26a25
2c475
2b298
2f786
2bb07
26a28
2fff8
27742
2ba1c
27743
2747c
2fff9
29e25
2fa56
2b1ab
26eec
2f788
29e28
26eee
2fffb
2ca1b
2a3e2
27744
232bf
2fffd
2b1ad
232c1
2ba23
2ad4f
2a5bb
2c477
2b1ae
2b479
232c6
2c478
2c1a9
2ffff
2ba25
232ca
2bb0d
30001
23380
270a7
26b11
2a5bc
2346e
2cb05
2a5bd
23470
26a29
2b836
26a2a
300e1
26fbc
2ab6f
26cf3
2b839
26fbd
2338a
23bec
250a1
2338c
24af6
24189
29f12
23bef
29f13
23bf0
27be5
2738a
23bf2
2ad51
27833
23bf4
2818e
2791a
24191
2791b
23397
2d381
24194
2bed0
2738c
300e7
2bed2
24197
26779
2ad53
2339e
29f15
2339f
2bb0f
29f16
233a1
2a892
233a2
2b567
29f19
300ea
2bb11
29f1b
233a6
2a002
2cb08
2791f
26b17
2f879
2addc
33411
2b659
233ab
2c29e
233ac
2f2db
2cb0c
26fc3
233af
2f87d
2bb14
2bbfc
2995f
2f2dc
2a4d7
2a003
2cb0f
2b65b
33412
2c2a0
300f0
2c2a1
2b56a
2f2df
2bb16
2f880
2cb10
2f2e1
2355d
2445a
23473
27a07
2cbf6
2719f
23561
2cbf8
23477
24be7
2818f
2436a
2373a
27923
2347a
270ae
2347b
27a09
23cd2
2347d
27a0a
23cd4
2347f
27fb0
23cd6
23742
26b1f
2b382
26b20
301d7
270b0
2ac65
26df4
2b385
270b1
23487
23cd8
2d472
26c06
301d8
27a0e
2348b
2bfc3
23cdc
301da
2d477
2a008
2686c
270b2
2a89a
270b3
26b23
2bc02
29a52
2b65e
2a00c
23495
2b660
26b27
23497
2f96c
271a0
2a987
26c08
2cbfb
2bcea
26c0a
2c38e
26c0b
2c659
2aed0
2f96e
2bceb
26c0e
301df
2bc05
2bced
27928
234a3
301e1
2ade5
234a5
2bc07
2a989
2a79f
2c65b
2ade6
301e2
234aa
2c65c
234ab
2c65d
2bc09
234ae
2bcf1
301e5
23564
2728f
26cf5
2a7a0
23658
2cce9
2a7a1
2365a
23dbf
27a14
2382b
25286
26c0f
2a6b2
23dc2
2a6b3
23dc3
2356e
27dcb
23dc5
23570
27af6
23dc7
23833
2fd1b
23574
2a0f8
23575
2b47b
23b07
29e2b
23577
29e2c
23578
2b47e
2b47f
27553
2357b
2cfb9
23dcc
2c0ba
26fc7
2fd1f
2c0bc
23dcf
264a1
2a98d
23582
2a0fb
23583
2bcf3
2a0fc
23585
2aa78
23586
2b751
2a0ff
2fd22
2bcf5
2a101
2358a
2a1e6
2ccec
27557
26cfb
2fa5f
2afc0
33049
2b83d
2358f
2bed6
23590
2f4bf
2ccf0
271ab
23593
2fa63
2ccf2
2a98f
29b45
2f4c0
2a6bb
2a1e7
2ccf3
2b83f
3304a
2f4c2
2aed9
2b840
2fa65
2b841
2bcfa
2fa66
2ccf4
2f4c5
2391c
23eb2
2365d
24820
28373
26d01
2a7a4
23eb5
2a7a5
23eb6
23661
27ebd
23eb8
23663
2aa7e
23eba
23665
2fe0d
27297
2a89d
26a36
2b56d
26d03
2b56e
26d04
2fe0f
2a7a8
23bfc
26df5
2fb4d
2c1ab
2366e
27ebe
23ebf
2d0ad
2764e
23671
23672
2a7a9
26596
2755e
2bde4
2755f
2729c
2fe13
2a1ef
2f882
2afc7
26d0a
2fb4f
2a1f2
26d0c
2fe15
2764f
2b92a
2738e
2367e
2cde0
2a3e4
2c83c
2b0b9
2f5b0
2b38a
2fe16
2cde1
2b92e
23684
2fb54
2cde3
2aa81
27652
23688
2b845
29d3a
2cde5
2aa82
2b0bb
2f5b3
2b846
2368d
2b0bc
2f5b5
2b0bd
23690
2b933
2fe1c
2bded
23743
23836
27cdc
27483
2a991
26e00
23747
27cde
2d47b
27390
23bfe
26d0d
2a2f4
23c00
2d387
2792b
23c02
26b29
2a5ca
23cdf
2a5cb
23ce0
2a8a2
23ce1
301e7
2792e
23754
23fb4
24550
27bed
23fb6
2546c
26d0f
2a2f8
24553
2375a
27bf0
24555
2a8a5
24556
2375d
28559
24558
2375f
304ad
27ce3
23761
2d749
2455c
2c844
27748
304af
2c846
2455f
26d12
2a2fa
26d13
23768
2bedc
29d3b
2ff10
27a1e
2bfcc
29d3c
2ff11
2a994
27399
2376e
2a8a8
2739b
2fc4d
2b667
23771
2fc4e
2bee0
27488
2d47e
2bfcf
2748a
2c65e
2748b
2cedb
2b758
301ee
2bfd0
2748e
304b6
2bee1
2bfd2
27ce9
2377d
2c661
2377e
301f2
2b939
2c662
304b9
2c663
23783
304ba
23785
301f5
24821
2383c
23929
27dcf
2383e
2aa86
26fca
23840
23dd0
2a103
23842
2a104
23843
2a3ea
23844
2bcff
23dd4
2fd2e
23847
240a7
2555d
24cde
28283
24644
27ceb
240aa
27dd1
26e07
240ac
2a3ed
240ad
2809e
27838
240af
2864c
27dd4
26fcb
2fd2f
2c935
23854
280a0
2464f
2d83d
27dd7
23857
23858
27cee
23859
305a3
2a99b
26fcd
2aa87
26ef4
2b75c
26ef5
2f792
2a4db
2385f
2c0c0
27dda
23861
2bb18
23862
2c751
26fd2
2ca22
26fd3
23865
2fd33
27a27
27496
2bfda
2a3f2
23869
2ba2f
27499
2386b
2fd35
2c0c4
27a29
2386e
305a9
2bb1b
2f797
2f798
2b761
2bb1c
2fd39
2bb1d
2bfde
2fd3a
2cfca
23877
23a19
24914
2392f
27654
2d0b0
2a5cd
23a1d
2d0b2
23933
27567
2bdee
2729f
2fe1e
27568
3068c
2a4dd
23937
2bdf2
2bdf3
24823
28375
24734
2393b
26fd7
2aa8c
26ef8
2419c
3068e
26fd8
3068f
27935
2419f
30690
27ec5
241a1
23943
2473e
2d92c
270c0
30692
27ec8
23947
2c47d
24742
30694
2d931
29f1f
300f4
27656
2c1b0
29f20
300f5
2ab7a
26efa
2a4e1
26efb
23950
2c0ca
27de2
2756e
30696
2b850
26fde
2fe23
2a4e6
26fe0
30698
27ecb
270c3
2fe25
2b38e
2f5b8
2bc11
2395b
2c84a
2395c
2f888
2d0b9
2756f
2395f
2fe29
2d0bb
2b391
2f5b9
2bc14
2fe2a
2bc15
2b852
3069d
23966
2f88c
2c1b8
2d0bd
23a1f
23b0c
27fb2
271af
2ac69
26b2c
23a23
27fb4
2d1a5
23a26
25195
2873f
24916
23ce7
27659
23a29
27ed0
2427e
23a2b
2765a
23a2c
27fb6
24281
23a2e
2855c
24283
23fbf
29d3d
23a31
29d3e
23a32
2a5d2
23a33
2b93d
23fc3
2ff14
23a36
2c56c
24285
2ff16
27a2c
2da20
28287
23a3a
2da22
2c571
270cd
2ab80
27ed3
26a42
23a3f
2a5d6
23a40
27fbc
2d1a6
2b395
23a42
2c2a3
2765f
270d0
2c1be
2a5d8
23a46
2bc19
270d3
23a48
2ff18
2774d
23a4a
2d1a9
2ad59
2cc04
2b481
2f979
2bd04
3078b
2d1aa
2c2a7
23a50
2ff1c
2d1ac
2c2a9
2ad5a
2cc07
2b398
3078e
23a56
2cc08
23a57
2cc09
2c1c3
23a5a
2c2ab
30791
23b12
2783b
26c1d
2a7b0
23c06
2d295
2783d
23c08
2436b
23b18
25288
28831
26b31
2a6c2
2436e
23b1b
27fc3
24370
2ac6e
24371
23b1e
28377
24373
23b20
302c7
23b22
27751
2ba32
2749c
30004
27752
302c8
2a6c5
23b26
2ba36
2ba37
27aff
23b29
2d565
24378
2c666
27573
302cb
2c668
2437b
26b34
2a6c6
26b35
23b30
2c2ae
2a105
2fd3c
2783e
2c394
2a106
2fd3d
2ad5e
271c1
23b36
2ac74
271c3
2fa69
2b489
23b39
2fa6a
2c2b2
272a6
2d29a
2c397
272a8
2c480
272a9
2ccf7
2b574
3000c
2c398
272ac
302d2
2c2b3
2c39a
27b05
23b45
2c483
23b46
30010
2bd0d
2c484
302d5
2c485
23b4b
302d6
23b4d
30013
2445d
24af9
280a3
2445f
23c0c
272ad
2ad5f
26c24
23ecd
303b6
272ae
303b7
27662
23ed0
303b8
27bf6
23ed2
23c14
27843
2bb24
26fe2
300f6
27844
303ba
2a7b7
23c18
2bb28
2bb29
27bf8
23c1b
2d657
2446a
2c758
27665
303bd
2c75a
2446d
26c26
2a7b8
26c27
23c22
2c3a0
2a1f7
2fe2e
27939
2bee4
2a1f8
2fe2f
2a8ad
272b3
23c28
2ad66
272b5
2fb5b
2b57b
23c2b
2fb5c
2c3a4
273a4
2d38c
2bee7
273a6
2c572
273a7
2cde9
2b66c
300fe
2bee8
273aa
303c4
2c3a5
2beea
27bfe
23c37
2c575
23c38
30102
2bdff
2c576
303c7
2c577
2d392
23c3d
2c3a6
30105
25289
27a2e
23de3
27fc8
23cf2
2a9a1
27a30
23cf4
241a9
25198
23cf7
2793d
2d932
272ba
241ad
2d934
23cfb
27666
2c1c4
2793f
30a54
27eda
2428d
2ab85
2428e
30794
2c1c9
25199
28740
24afc
23d03
272bb
2a8b2
26a4b
30a56
272bc
24565
30a57
27cf1
24567
30a58
2828d
24569
23d0b
24b06
2dcf4
27a32
30a5a
28290
23d0f
2cdf1
24b0a
30a5c
2dcf9
27943
2c486
2a8b5
27944
30a5d
2c489
273ad
2a9a2
26b3a
2da29
2bd0e
2f980
2bfe1
301f8
2c48a
27945
2beee
2a307
304bd
2819f
2a8b8
23d1f
2bef1
27949
23d21
30799
27fcb
23d23
2da2b
2bd10
301fc
2bfe3
30a61
2da2c
2c57d
23d28
3079d
2da2f
2bef2
23d2b
2bd12
301ff
2bd13
23d2e
30200
2c580
2da31
23de7
23ed4
2837a
2749d
2aa92
26c2c
23deb
2837c
2d56d
271c7
2ac76
26b3c
2c2b7
26b3d
23df0
2a6cf
23df1
2c2ba
24381
24bed
2528b
28833
24bef
23df6
273b1
2a9a6
26b3f
30b48
273b2
24658
30b49
27de3
2465a
30b4a
2837f
2465c
23dfe
2cee0
24bf9
302dc
27de5
2dde8
28651
23e02
2ddea
2cee5
273b4
2a9a8
273b5
26b42
2c584
27fd4
26c2d
28384
23e09
2c66b
2757a
2cfcc
2be01
2fa73
2829b
274a1
2bd14
274a2
2fd3f
27b11
23e10
2d571
2be02
2fd40
2c0d5
30b51
2d572
2c66f
23e15
2c587
2bd16
27a44
302e1
2a9ae
27a46
30b54
2d574
2c671
2bd18
30b56
23e1e
2cfd0
2cd01
30b57
2c58b
23e22
2c673
30b59
23eda
27bff
26d1d
2846d
23fc8
2d65d
27c01
23fca
26c2f
2a7c0
2446f
2aa96
24470
303ca
2784b
303cb
2aa97
23ee4
24744
25c01
24dd2
28925
24ce1
27b16
24747
27b17
24748
2846f
274a5
2474a
28741
27ee2
2474c
28cf2
28472
24ce9
28473
23ef1
2ded9
24cec
2ca28
27ee4
30c3f
2ca2a
24cef
26c34
2838c
26c35
23ef8
2aa9c
26c37
23efa
27c02
2d660
2ab89
26e0d
2cdf4
26e0e
2d0bf
26fe7
2be06
26fe8
2fe31
2838d
27588
23f02
2c0da
2aa9f
30c43
2c67a
2aaa1
23f06
2c75e
28478
23f08
2cdf6
27672
2d0c1
27673
23f0b
303d4
2c762
28479
23f0e
2d0c2
2cdf9
30c48
23f11
303d7
23f13
30c4a
23f15
303d9
24fb3
2775a
240b9
27cf6
23fce
2ac79
2775c
23fd0
24290
25cf3
23fd2
25744
24827
27c05
24293
27c06
24294
28561
26feb
24296
28834
27fd7
24298
28de4
28564
2482f
273b7
2a8bc
26d24
2bef5
26d25
23fdf
2a309
23fe0
2bef8
24570
2775d
304c1
2cb19
23fe4
28836
24833
2dfcd
28567
23fe7
23fe8
27c0a
23fe9
2c767
27c0b
23feb
304c3
2775f
2c84e
270da
23fee
2c2bc
23fef
2cee7
23ff0
30d34
2a5de
307a2
2b94d
23ff3
2c76b
2b94e
2767e
304c4
2ab94
27680
30d36
28569
27762
304c6
2c2be
23ffb
2cee9
23ffc
2ff27
2d757
27cfa
23fff
30d39
2ff28
2b951
2c2c0
304cb
2c2c1
2c76e
304cc
2d75a
2ff2b
241af
280a4
240bf
2784d
2d840
271ca
241b3
2d842
240c3
25835
28de5
24fb6
24384
27767
240c6
27768
240c7
280a7
2491c
240c9
280a8
2491e
240cb
28652
24920
2438c
26e15
2a3fa
2465e
2ac7e
2465f
305b0
27a48
305b1
2ac7f
240d3
24922
2db10
27850
30876
280ac
240d7
2cc13
24926
30878
2db15
2bb2a
2f79c
2c3af
30014
2776b
2c858
2ac81
2776c
30879
2c85b
271cb
2ad6c
26f04
2d845
2c85c
2776d
2c2c2
2a6d1
302e9
28572
2ac84
240e7
2c2c5
27771
240e9
305b7
27deb
240eb
2d847
2bb2c
30018
2c3b1
3087d
2d848
2c945
240f0
305bb
2d84b
2c2c6
240f3
2bb2e
3001b
2bb2f
240f6
3001c
2c948
30883
241b5
2537b
28ed7
250a8
24476
27859
241b8
2785a
241b9
280b4
24a0e
241bb
281a1
24a10
241bd
28745
24a12
2447e
26f07
2a4ec
24750
2ad70
24751
306a2
2758e
306a3
2ad71
241c5
24a14
2dc02
2794e
30968
281a5
241c9
2cd05
24a18
3096a
2dc07
2794f
2c490
272c4
241ce
2befa
241cf
2cb1f
241d0
27df2
241d1
2c94b
27df3
241d3
306a7
2c94e
2785f
2c3b4
2a7c3
303db
280b8
2ad76
241d9
2c3b7
27863
241db
306a9
27ee6
241dd
2d939
2bc24
3010a
2befd
3096f
2d93a
2c495
241e2
306ad
2d93d
2c3b8
241e5
2bc26
3010d
2bc27
241e8
2c499
30974
2c953
2429b
2438e
28838
270e3
28839
26b47
2429f
2883a
2dfd3
242a2
28481
26a54
28482
24758
2dedf
28483
2475a
26a56
2c770
26a57
31001
26ff4
2ab96
26d2b
2c773
26ff5
242ac
24b0c
250aa
242af
25a20
29588
26a58
28487
250ad
28488
250ae
242b3
2874c
250b0
242b5
290bd
250b2
242b7
31005
2883f
242b9
2e2a1
250b6
2d39c
282a0
31007
2d39e
250b9
26a5a
28489
26a5b
242c0
2848a
26a5d
2c1d6
26a5e
307a4
2c1d8
242c4
307a5
2ca36
26b48
28576
242c7
2cb25
2848b
271d5
2d1b6
271d6
2da33
2786c
242cc
2c49d
27ef6
242ce
2cb26
28844
242d0
2d1b8
27fe4
2da35
27fe5
242d3
30d48
2cb2a
28845
242d6
2c1db
31010
2d1ba
2c591
30d4b
242db
31012
242dd
30d4d
2537d
27b20
24481
27b21
24396
27a4a
27b22
24398
24928
28579
24929
30884
26e1c
2857a
2492b
2ac89
2492c
30886
2439f
24bff
260cc
2583a
28de7
2519e
27fe9
24c02
27fea
24c03
2892d
2795f
24c05
28c02
28390
24c07
291c0
28930
27b23
30887
2d48d
243ac
28c04
251a9
2e395
28933
243af
243b0
27feb
243b1
2cb2f
27fec
243b3
2a9b2
243b4
2c593
27fef
310fc
2cb31
27ff1
243b8
27b25
2db1a
27a4d
270ef
243bb
2c67e
243bc
2d2a9
243bd
310fe
2c2d1
243bf
2cc18
28936
243c1
2d2aa
27b2a
2d57b
27b2b
243c4
3088e
28581
280be
243c7
31101
302f0
2c2d3
2c682
30891
2c683
2cb36
30892
2db22
302f3
24571
25470
24487
2758f
2dc08
272ca
24575
2dc0a
2448b
27b2d
2448c
2c955
24a1c
27df6
2448e
27df7
2448f
2c958
2c959
2537f
24cf1
261bf
24493
271de
28939
26c3f
311e6
27a50
24cf5
311e7
2848d
24cf7
311e8
28a21
24cf9
2449b
25298
2e484
27c18
311ea
28a24
2449f
2cfd5
2529c
311ec
2e489
27a52
2cc20
27a53
271e2
311ed
27b33
30c4c
2c3c1
26c45
3097b
27b36
26c47
311ef
27592
2cd08
272cc
244ac
3097d
2bf00
30110
2c777
303de
2c3c3
244b0
311f0
2893e
281af
244b3
2dc0f
2bf02
303e0
2c779
311f1
2dc10
2cd0d
244b8
30981
2dc13
2c77a
30982
2c77b
2c3c4
2c689
244be
303e4
2cd10
2dc15
24577
24664
28b0e
273bb
28b0f
26e1f
2457b
28b10
2dcfd
2457e
25cf5
292b3
25472
2483f
27595
24581
272ce
24582
28a2c
24dd9
24584
28b12
24ddb
24586
290c0
24ddd
24b17
27ef7
24589
27ef8
2458a
27c23
2458b
2c4a3
24b1b
30a6c
2458e
2d0c4
24ddf
30a6e
28584
2e578
28deb
24592
2e57a
2d0c9
272d2
28a2e
272d3
26d36
2cd14
27685
2c77c
27c28
24599
2c77e
26d3a
2459b
30a70
273bd
28b18
26e21
2dcff
2cd17
27d0c
2d75c
2bff3
30203
28a2f
27688
304d1
281b9
27d0d
2dd00
2cdfd
27d0f
2d75e
2bff5
30a73
2cdfe
27d12
312e4
2dd04
2ce01
2bf0a
2c781
245ae
2d760
2d497
312e7
2cd1b
245b2
2ce03
312e9
2466a
28393
26f10
28394
2475e
2dded
28395
24760
24ec5
24670
25de8
293a5
26e22
282a7
24ec8
282a8
24ec9
24674
28b1f
24ecb
24676
28edb
24ecd
24678
30e1f
2467a
27a55
2c598
27a56
30b5c
273c2
30e20
27d16
2467e
2c59c
2c59d
2865b
24681
2e0bd
24ed2
2d1be
280cb
30e23
2d1c0
24ed5
26e26
282ac
26e27
24688
282ad
26e29
2bff8
26e2a
305c0
2bffa
2468c
305c1
2ce08
26f12
28396
2468f
2ceed
27dfe
2d84e
2c0e5
2fd49
282ae
2768e
24694
2c871
27d1e
24696
2ceee
28660
24698
2cfda
27e02
2d851
27e03
2469b
30b66
2cef2
28661
2469e
2bffd
30e2c
2cfdc
30e2d
2cfdd
246a3
30e2e
246a5
30b6b
24fb7
25655
28c07
24fb9
24764
274b1
28663
26f15
30f0e
2777c
24a26
30f0f
281ba
24a28
30f10
28752
24a2a
2476c
2759b
2c68a
2759c
30c4e
274b4
30f12
27e08
24770
2c68e
2c68f
28754
24773
2e1af
24fc4
2d2b0
281bd
30f15
2d2b2
24fc7
26a64
28491
24779
2ca3d
274b6
28666
274b7
26f1a
2cef8
27871
2c960
27e0c
2477f
2c962
26f1e
24781
30c54
27efc
2d940
2c1dd
2fe3b
283a0
27780
24786
2c963
27e10
24788
2ca3e
28759
2478a
2d0cc
27f00
2d943
27f01
2478d
30c58
2ca42
2875a
24790
30c5a
2c965
2d0ce
30f1f
2d0cf
2deea
306ba
2cefe
30c5d
25de9
28586
2493b
28587
2484a
27f04
28588
2484c
24d01
25cf8
2484f
27e11
2e48a
2759e
24d05
2e48c
24853
2759f
2cd1c
272d7
312ea
275a0
315ac
28498
24857
2cd20
2cd21
25cf9
250bb
26598
2485b
275a2
28cfe
27005
315ae
27e14
250bf
315af
2884d
250c1
315b0
28df1
250c3
24863
25662
2e85e
2858a
315b2
28df4
24867
2d949
25666
315b4
2e863
27f05
31014
2c783
2486c
2849c
2486d
2cfdf
2849d
2486f
2ca48
2849f
315b6
2cfe1
284a1
24873
2858b
2e580
27f08
275a7
24876
2cb38
24877
2d763
24878
315b8
28d03
28b27
2487b
2e583
2c876
30d54
2cb3b
315b9
2e584
2d0d5
24880
312f5
2e587
2ca4a
24883
2c878
30d57
2c879
24886
30d58
2d0d8
2e589
2493f
24a2c
28ede
27783
28edf
271e5
24943
28ee0
2e0c5
273c8
28b29
26e2f
2ce0f
270f6
2ce10
270f7
3169f
28b2b
24edb
25749
28dfa
251ad
2668a
270f8
28b2c
2574c
28b2d
2574d
24950
28dfd
2574f
24952
291c3
25751
24954
316a3
24956
2da38
25755
30e34
28941
2e952
291c5
2495a
2e954
2da3d
270fa
2cb3e
27ff8
31107
27f0c
2d0da
27f0d
2769a
316a7
2c87c
270ff
30e35
2859c
27101
316a9
27ff9
2d1c2
27786
24967
30e37
2c966
305ca
2cc2b
30899
2d0e0
2866d
2496c
2e0c9
2c968
3089a
2cc2d
316ab
2e0ca
2d1c7
24971
2d0e1
2e0cc
2d1c9
2c87e
316ae
24976
2db28
24977
2db29
2d0e3
2497a
2d1cb
316b1
24a32
2875b
272d8
2875c
24b20
2e1b5
2875d
24b22
26f20
283a2
24fc9
283a3
24fca
28670
24fcb
30f23
27789
24a3c
2529e
2677b
24a3e
261c1
2583d
280db
252a1
280dc
252a2
28fd3
27ffd
252a4
292b5
28a3e
252a6
29870
28fd6
25845
28fd7
24a49
2ea43
25848
2d580
28a40
31797
2d582
2584b
26c4a
2c96c
26c4b
30988
2778c
28ef0
2778d
271ef
2d1ce
280e0
24a54
2cc33
271f2
24a56
30f28
27877
28fda
272db
2e1b9
2d1d1
281c6
2dc16
2c4ad
306bd
28ef1
280e4
24a5e
2d2b6
28fdc
24a60
2d94e
281ca
2dc19
281cb
24a63
30f2c
2d2ba
28fdd
24a66
2dc1a
24a67
2dc1b
3098f
2c971
24a6b
317a2
24a6d
30f31
25b13
282b2
24c11
282b3
24b26
27c30
282b4
24b28
24dea
2686d
24b2a
262b3
25383
281cd
24ded
281ce
24dee
290c5
27b43
24df0
293a8
28b33
24df2
29962
290c8
2538b
2700e
28763
26a69
2ca4d
272de
2ca4e
272df
31887
28765
250ca
282b5
31019
2d671
24b3c
293aa
2538f
2eb37
290cb
24b3f
24b40
281d1
24b41
2cd29
272e1
28766
272e2
24b44
28767
272e4
30a7b
2c4b5
24b47
30a7c
2d2c2
273cc
28854
24b4a
2d3a7
28768
27a57
2da3e
27a58
2dd09
27b46
24b4f
2d2c5
290cd
282ba
3101e
2ce16
24b53
2da41
24b54
30a7f
2e2af
28856
24b57
31891
30a80
2c4b7
2ce18
31023
2ce19
2d2c6
31024
2e2b2
30a83
24d07
25c06
24c17
27d21
2e398
27a5a
24d0b
2e39a
24c1b
263a4
29963
25b16
24ede
27c35
24c1e
2796c
24c1f
28c0b
25478
24c21
28c0c
2547a
24c23
291c6
2547c
24ee6
26b5a
2859f
251b8
285a0
251b9
2885a
251ba
31109
2796f
24c2b
2547e
2e67a
283a8
313ce
28c10
24c2f
2d76b
25482
313d0
2e67f
27d23
30e40
2c5a5
24c34
282c4
24c35
2d3b1
282c5
24c37
2ce1c
282c7
313d2
2d3b3
282c9
24c3b
283a9
2e39c
27d26
275a8
2d584
275a9
2ddfb
27973
24c40
313d4
290d6
28947
24c43
2e39f
2c692
30b70
2cf09
313d5
2e3a0
2d49d
24c48
31113
2e3a3
2ce1e
30b72
2c694
24c4d
2ddff
24c4e
30b74
2d4a0
2e3a5
24d0d
24fcf
264a5
24d0f
25eeb
25568
283b1
24fd2
283b2
24fd3
28d04
27d29
24fd5
2958c
2876b
24fd7
29b47
28d07
26c4c
280e5
252aa
280e6
252ab
2894c
252ac
311fb
27a61
24d1d
25570
2e76c
284a6
314c0
28d09
24d21
2d85d
25574
314c2
2e771
27e1b
30f32
2c697
24d26
284a7
2e48e
27e1e
274c5
2894e
274c6
24d2a
2894f
274c8
30c5f
2c699
24d2d
30c60
2d4a6
2769c
2d676
2769d
2deed
27a65
24d32
314c6
28c1c
28a42
24d35
2e491
2c78a
30c62
2ca55
314c7
2e492
2cfed
24d3a
31205
2e495
2cf10
24d3d
2c78c
30c65
2c78d
24d40
2cff1
314cc
2d4ab
24df5
24ee8
293ac
27c3b
293ad
2769f
24df9
293ae
2eb3d
24dfc
28fe5
275ac
28fe6
252b2
2ea49
28fe7
252b4
272e8
2876e
25393
2876f
25394
28fe9
25395
31897
27b4d
24e06
25668
283bf
24e08
27b4f
24e09
292be
25c0c
24e0b
293b0
25c0e
24e0d
29964
25c10
25670
28b39
31899
2def3
24e12
29c3c
25c15
2ee1f
293b5
24e15
24e16
28a4b
24e17
2cff3
275b3
28fed
275b4
24e1a
28fee
275b6
312fd
2cd31
24e1d
312fe
2d58e
276a0
290da
24e20
2d67d
28fef
27d2d
2dd0e
27d2e
2e58b
283c4
24e25
2d591
293b7
28b3e
3189e
2d0e6
24e29
2dd11
24e2a
31301
2eb43
290dc
24e2d
31b67
24e2f
318a2
2d0e8
2ce25
31303
2d592
318a4
2eb46
31305
24fd9
25eed
24eef
285a1
2e680
27d30
24fdd
2e682
24ef3
27c3f
2d3ba
27975
313dc
27c40
31c4a
28b44
24ef7
2d3be
2d3bf
276a4
290e0
25cfc
290e1
25cfd
24efc
293bc
25cff
24efe
29781
25d01
24f00
31c4f
24f02
2dfe4
25d05
313e0
28ef5
2ef10
29783
24f06
2ef12
2dfe9
276a6
2d0ea
285a4
316b3
284b8
2d686
284b9
27c46
31c53
2ce28
276ab
313e1
28b4c
276ad
31c55
285a5
2d76e
27d32
24f13
313e3
2cf12
30b76
2d1d7
30e45
2d68c
28c21
24f18
2e687
2cf14
30e46
2d1d9
31c57
2e688
2d773
24f1d
2d68d
2e68a
2d775
2ce2a
31c5a
24f22
2e0d4
24f23
2e0d5
2d68f
24f26
2d777
31c5d
24fe0
28d0f
27884
28d10
250ce
2e773
28d11
250d0
274cc
28952
25577
28953
25578
28c24
25579
314cf
27d35
24fea
2584c
285a7
24fec
27d37
24fed
294ad
25df0
24fef
29594
25df2
24ff1
29b48
25df4
25854
28773
314d1
2db2b
24ff6
29874
25df9
2f003
29599
24ff9
24ffa
2868d
24ffb
2d1dd
27799
28c28
2779a
24ffe
28c29
2779c
30f35
2cf1b
25001
30f36
2d77c
27886
28d12
25004
2d861
28c2a
27f11
2def8
27f12
2e1c3
285ac
25009
2d77f
2959b
28778
314d6
2d2d0
2500d
2defb
2500e
30f39
2e77b
28d14
25011
31d4b
2defc
2d2d3
314da
2d1e0
30f3b
2d780
314dc
2e77e
30f3d
251bd
260d1
250d3
281db
2e864
27f14
251c1
2e866
250d7
27e25
2959e
27889
31e2e
280ee
2539b
31e2f
290e6
2539d
31e30
29687
2539f
250df
25671
284bb
250e1
284bc
250e2
2877f
250e3
2cffb
25675
315c4
250e6
2dc1c
2593d
315c6
290e8
2f0f4
29968
250ea
2f0f6
2dc21
2788c
2d2d4
281de
318a7
280f0
2d86a
280f1
27e2c
31e37
2ca60
27891
315c7
28786
27893
31e39
281df
2d952
27f16
250f7
315c9
2cb4a
30d5a
2d3c1
31029
2d870
28d1d
28869
2e86a
2d955
2886b
2e2b6
2cb4d
315cb
2d956
2886e
31e3c
2e86e
2d959
2ca62
2d2d9
25106
2e2b8
2dfef
31e3f
2d873
2510a
2d95b
31e41
251c4
28ef7
27a68
28ef8
252b8
2e957
28ef9
252ba
25a25
2886f
2548b
28870
2548c
29691
281e3
2548e
29a57
28c2d
25490
2a015
291ce
25a2d
276ae
28e0d
27107
2d0f1
2797c
2d0f2
2797d
31979
28e0f
25768
28957
316b7
2dd15
251da
29a59
25a31
2ec3b
291d1
251dd
251de
28873
251df
2d3c7
2797f
28e10
27980
251e2
28e11
27982
31119
2cb53
251e5
3111a
2d960
27a6a
28efa
251e8
2da45
2895a
2e3a6
2cc3d
308a1
28e12
281e6
251ed
2d963
291d3
2895c
316bc
2d4b4
251f1
2db33
251f2
3111d
2e95f
28efc
251f5
31983
251f7
316c0
2d4b6
2cc41
3111f
2d964
316c2
2e962
31121
2557c
282d3
252bc
2800a
252bd
291d7
25b1a
252bf
292c4
25b1c
252c1
29876
25b1e
25584
271f8
28695
25856
28696
25857
28f00
25858
317a7
2800d
252c9
25b20
2ed2a
28a56
31a6c
292c8
252cd
2de09
25b24
31a6e
2ed2f
283c7
314de
2cc43
252d2
28a57
2ea4c
283ca
27a71
28f02
27a72
252d6
28f03
27a74
3120b
2cc45
252d9
3120c
2da52
27c48
2dc22
27c49
2e499
28011
252de
31a72
291db
28ff6
252e1
2ea4f
2cd36
3120e
2d001
31a73
2ea50
2d599
252e6
317b1
2ea53
2d4bc
252e9
2cd38
31211
2cd39
252ec
2d59d
31a78
2da57
253a1
25494
29969
281e7
2996a
27c4b
253a5
2996b
2f0fb
253a8
295a4
27b58
295a5
2585e
2f007
295a6
25860
27894
28d22
25943
28d23
25944
295a8
25945
31e43
280f9
253b2
25c18
2896f
253b4
280fb
253b5
2987b
261c7
253b7
2996d
261c9
253b9
29f24
261cb
25c20
290ed
31e45
2afcd
253be
2a1fc
261d0
2e4a1
29972
253c1
253c2
28fff
253c3
2d59f
27b5f
295ac
27b60
253c6
295ad
27b62
318a9
2d2dd
253c9
318aa
2db3a
27c4c
29699
253cc
2dc29
295ae
282d9
2e2ba
282da
2eb49
28974
253d1
2db3d
29974
290f2
31e4a
2d692
253d5
2e2bd
253d6
318ad
2f101
2969b
253d9
32113
318ae
2d2df
2d694
31e4f
2d695
2db3e
31e50
2f104
318b1
25585
264a8
2549b
28b51
2ec3e
282dc
25589
2ec40
2549f
281eb
2d966
27f21
31988
281ec
321f6
290f8
254a3
2d96a
2d96b
27c50
2969f
262b7
296a0
262b8
254a8
29979
262ba
254aa
29d41
262bc
254ac
321fb
254ae
2b0be
262c0
3198c
294b4
2e592
29d43
254b2
2e594
2b0c3
27c52
2d696
28b54
31c5f
28a68
2dc32
28a69
281f2
321ff
2d3d4
27c57
3198d
29100
27c59
32201
28b55
2dd1a
282de
254bf
3198f
2d4be
31122
2d783
313f1
2dc38
291e0
254c4
2ec45
2d4c0
313f2
2d785
32203
2ec46
2dd1f
254c9
2dc39
2ec48
2dd21
2d3d6
32206
254ce
2e692
254cf
2e693
2dc3b
254d2
2dd23
32209
2558c
292ce
27e30
292cf
2567a
2ed31
292d0
2567c
27a78
28f06
25b27
28f07
25b28
291e3
25b29
31a7b
282e1
25596
25dfc
28b57
25598
282e3
25599
29a6a
263ab
2559b
29b51
263ad
2559d
2a108
263af
25e04
28d27
31a7d
2b1b1
255a2
29e34
263b4
2e0d9
29b56
255a5
255a6
28c41
255a7
2d789
27d45
291e7
27d46
255aa
291e8
27d48
314e1
2d4c7
255ad
314e2
2dd28
27e32
292d1
255b0
2de0d
291e9
284bd
2e4a4
284be
2e781
28b5c
255b5
2dd2b
29b58
28d2c
31a82
2d87c
255b9
2e4a7
255ba
314e5
2ed39
292d3
255bd
322f7
2e4a8
2d87f
31a86
2d78c
314e7
2dd2c
31a88
2ed3c
314e9
25769
2668c
2567f
2878b
2ee22
284c0
2576d
2ee24
25683
283d1
29b5b
27e35
323da
2869e
2594b
323db
296a5
2594d
323dc
29c44
2594f
2568b
25c21
28a6b
2568d
28a6c
2568e
28d33
2568f
2d5a7
25c25
31b70
25692
2b2a2
25ef8
31b72
296a7
2e1ca
29f28
25696
2e1cc
2b2a7
27e38
2d880
2878e
31e53
286a0
2de16
286a1
283d8
323e3
2d00c
27e3d
31b73
28d3a
27e3f
323e5
2878f
2defe
284c2
256a3
31b75
2d0f6
31306
2d96d
315d5
2de1c
292dc
28e1d
2ee28
2df01
28e1f
2e874
2d0f9
31b77
2df02
28e22
323e8
2ee2c
2df05
2d00e
323ea
256b2
2e876
256b3
2e877
2de1f
256b6
2df07
323ed
25770
294b6
28014
294b7
25864
2ef15
294b8
25866
25fe0
27f26
293ca
25fe2
293cb
25fe3
25779
29c4f
25fe5
2577b
2a018
25fe7
2577d
31f23
27c5a
293cc
276b3
2d69d
27f28
2d69e
27f29
31f25
293ce
25d18
28f0b
31c63
2ade9
25786
2a019
25fec
2e2c3
2978e
25789
2578a
28e27
2578b
2d973
27f2b
293cf
27f2c
2578e
293d0
27f2e
316c5
2d0ff
25791
316c6
2df0c
28016
294b9
25794
2dff1
28f0e
2e964
2d1e9
30e4d
293d1
28796
25799
2df0f
29790
28f10
31c68
2da60
2579d
2e0df
2579e
316c9
2ef1d
294bb
257a1
31f2f
316ca
2d101
2da62
31c6d
2da63
2df10
31c6e
2ef20
316cd
25b2c
260d3
28f15
25b2e
28f16
25b2f
29880
28885
25b31
2a109
292de
25b33
2a6d2
29883
277a4
28c49
25e06
28c4a
25e07
294bf
25e08
31d53
285b9
25875
260db
2e3b2
2900a
32018
29885
25879
2aedd
260df
3201a
2e3b7
28977
31a8a
2d1ef
2587e
2900b
2f00a
2897a
2801d
294c1
2801e
25882
294c2
28020
317b7
2d1f1
25885
317b8
2dffe
281f4
2e1ce
281f5
2ea57
285bd
2588a
3201e
29798
295b5
2588d
2f00d
2d2e2
317ba
2d5ad
3201f
2f00e
2db45
25892
31d5d
2f011
2da68
25895
2d2e4
317bd
2d2e5
25898
2db49
32024
2e003
25951
29013
2b2a8
28798
25a45
2b2aa
25955
28f21
2b1b6
286a6
25e0d
2b1b8
25959
286a7
2de20
283db
323ee
286a8
326b4
295ba
2595d
2de24
2de25
28108
29b66
26780
29b67
26781
25962
29e3b
26783
25964
2a7c6
26785
25966
326b9
25968
2b57e
26789
323f2
2997f
2ea5e
2a7c8
2596c
2ea60
2b583
2810a
2db4a
29016
32119
28f26
2e0e2
28f27
286ae
326bd
2d888
2810f
323f3
295c2
28111
326bf
29017
2b2ac
2879a
25979
323f5
2d978
315dc
2dc3d
31e57
2e0e8
29b6b
296af
2e1d6
2b2af
296b1
25981
323f7
2d97a
31e59
2dc3f
326c2
2e1da
2b2b3
2b2b4
2e1dd
25988
323fb
2db4f
2e87c
326c6
2e87d
2598d
326c7
2888b
2a01b
282e9
25a49
2a01c
2adf1
284cc
29c58
27f33
2df13
281fa
2df14
281fb
327a7
29c5a
25ff4
26871
281fc
29c5b
26873
29c5c
26874
25a55
29f38
26876
25a57
2a30c
26878
25a59
327ab
2a021
25a5b
2eb4f
2687c
2b672
29a72
327ad
2b674
2687f
27c5c
2d97e
27c5d
3199a
287a0
29f39
287a1
28201
2e1e0
296bc
25a66
2dc45
28204
25a68
31f3a
2888d
2a024
282eb
2e2c7
2e1e3
291f4
2ec4c
2da6b
316cf
29f3a
291f5
2e2c8
2adf5
291f7
25a72
31f3d
2da6c
3199f
2dd31
327b4
29f3b
2adf8
2a027
25a78
31f40
2e2cf
319a1
2d983
2dd32
31f42
2dd33
2e1e6
31f43
283dc
2988b
25c28
2aee1
2988c
25c2a
28024
294c5
260e2
294c6
260e3
2979f
260e4
32027
28891
25b42
263b7
2910b
25b44
28893
25b45
2a029
26966
25b47
2a110
26968
25b49
2a6d3
2696a
263bf
292e5
32029
2b763
25b4e
2a3ff
2696f
2e697
2a115
25b51
25b52
291ff
25b53
2dd35
282f1
297a3
282f2
25b56
297a4
282f4
31a8d
2da73
25b59
31a8e
2e2d4
283de
2988d
25b5c
2aee5
297a5
28a6d
2ea62
28a6e
2ed3f
29110
25b61
2e2d7
2a117
292ea
3202e
2e3bc
2aee9
25b66
2ea64
292ee
2ed41
2988f
25b69
328a7
31a92
2aeed
2de2a
32033
2de2b
2da74
328aa
25b70
31a95
25d19
293d5
25c2c
28d40
293d6
25c2e
25f03
28c51
25c30
28982
25c31
2a11b
264ac
25c33
2a202
264ae
25c35
2a7c9
264b0
25f0b
27b6c
295c5
261dd
295c6
261de
29893
261df
3211b
28985
25c3d
264b2
2e786
293d8
32990
2a206
25c41
2b857
264b6
32992
2e78b
28d41
323fe
2d5b7
25c46
292f4
25c47
2e3c3
292f5
25c49
2de2e
292f7
32994
2e3c5
292f9
25c4d
293d9
2e4aa
28d44
28989
25c50
2df18
25c51
2eb55
25c52
32996
2a11f
29984
25c55
2e4ad
2afda
293de
32997
2df1a
25c59
2eb57
25c5a
32125
2e4b1
2e4b2
31b84
2d5ba
3299b
25c60
2ee34
25c61
2ee35
2e3cb
25d1d
28e31
2b0c4
28b62
25e11
2b0c6
25d21
28a73
2a20c
284d3
324d0
28d46
25ff8
324d1
297a7
25ffa
324d2
29d49
25ffc
25d29
262ce
29111
25d2b
29112
25d2c
293e3
25d2d
2dc4b
262d2
3220e
25d30
2b39a
265a5
32210
297a9
2e880
2a5e5
25d34
2e882
2b39f
284d6
2df1e
28e34
31f45
28d48
2e4b4
28d49
28a7a
324d9
2d6aa
284db
32211
293ea
284dd
324db
28e35
2b0c8
28b64
25d41
2e00a
25d42
2e69b
25d43
32213
2e4ba
2998e
294cd
2e59e
2b0cb
294cf
25d49
32215
2d796
31c75
2e00d
324de
2e5a2
2b0cf
2b0d0
2e5a5
25d50
32219
2df23
2e69e
324e2
2e69f
25d55
324e3
285c4
29a78
2668e
29a79
2668f
25e16
29d54
26691
25e18
2a6d5
26693
25e1a
325c5
25e1c
28b67
2dd3a
282f9
322fe
28b68
325c6
294d6
25e20
2dd3e
2dd3f
29e43
25e23
2e971
26698
2b48e
2989c
325c9
2b490
2669b
28026
2d79a
28027
31d62
286b2
29e46
28115
2e0ed
28e3a
2e5a6
28e3b
28b6c
325cb
2d79c
285cd
32303
294dc
285cf
325cd
2d88c
314ea
2db57
31d65
2e5ab
29d56
294de
25e38
2b1bc
29e48
25e3a
31d66
2e0f1
295cf
2f016
2d88f
32308
2b1c0
29e49
25e40
2b1c3
325d2
31d69
2d79f
2db5a
3230c
2db5b
2e5ae
3230d
287a6
2a212
25fff
2b85b
2a213
26001
286b4
2a120
263c7
2b769
2a121
263c9
283ec
2989d
264b9
2989e
264ba
2a123
264bb
3299f
28c5d
25f19
28116
2de32
28117
32400
28c5e
2a404
28c5f
286bb
2e6a2
29b7a
25f20
2e0f9
286be
25f22
329a2
28d4d
2a4f6
287a9
2e793
2e6a5
29c68
2ee36
2b2b7
31b89
2a405
29b7e
25f2a
2b860
2a4f8
25f2c
2e1ea
29c6c
2ee39
29c6d
25f2f
329a6
2b864
2a4f9
25f32
2ee3a
25f33
2ee3b
25f35
329a9
2e0fa
25f37
2e6a8
329ab
28898
29d58
260f1
2b3a1
29d59
260f3
284de
2998f
265ab
29990
265ac
2a218
265ad
324e5
28d51
2600b
28208
2df2a
28209
31f46
28d52
2a4fa
28d53
287af
2e79e
29c74
26012
2e1f1
287b2
26014
324e8
28e41
2a5e8
2889b
2e885
2e7a1
297ae
2ef28
2adfd
31c7b
2a4fb
297af
2e886
2b3a7
297b1
2ef2a
2adff
324eb
2b3a8
297b4
32d6d
2a4fc
2b3aa
2a5eb
26024
2ef2c
26025
2ef2d
26027
324ef
2e1f2
31f4e
2e7a4
324f1
2898c
29e4a
261e3
2b493
29e4b
261e5
285d0
29a81
2669d
29a82
2669e
29d5e
2669f
325d7
28e45
260fd
282fa
2e01c
282fb
32038
28e46
2a5ec
28e47
288a1
2e890
297ba
26104
2e2e3
288a4
26106
325da
28f33
2a6da
2898f
2e977
2e893
298a2
2f01a
2aeef
31d6d
2a5ed
297be
2610e
2b498
2a6dc
26110
2e3d4
298a6
2f01d
298a7
26113
325de
2b49c
2a6dd
26116
2f01e
26117
2f01f
3203f
2b49f
2e2e4
32040
2e896
325e3
28a7e
29f3c
262d5
2b585
29f3d
262d7
28118
29b7f
2678f
29b80
26790
29e50
26791
326cb
28f37
261ef
283ee
2db62
283ef
3212a
28f38
2a6de
28f39
28995
2e982
298ae
261f6
2e3db
28998
261f8
326ce
29025
2a7cc
28a81
2ea69
2e985
29994
2f10c
2afe1
31e5f
2a6df
298b2
26200
2b58a
2a7ce
26202
2e4c6
29998
2f10f
29999
26205
326d2
2b58e
2a7cf
26208
2f110
26209
2f111
32131
2b591
2e3dc
2620d
2e988
326d7
28b70
2a02e
263cb
2b677
2a02f
263cd
2820a
29c79
26881
29c7a
26882
29f42
26883
327bd
29029
262e1
284e0
2dc54
284e1
3221c
2902a
2a7d0
2902b
28a87
2ea74
299a0
262e8
2e4cd
28a8a
262ea
327c0
29117
2a312
28b73
2eb5b
2b0d2
319a4
2dd41
3221f
2ea77
2a7d1
299a4
262f2
2b67c
2a314
262f4
2e5b8
29a8a
2ec55
29a8b
262f7
327c4
2b680
2a315
262fa
2ec56
262fb
2ec57
262fd
327c7
2e4ce
262ff
2ea7a
327c9
282fc
297bf
26973
297c0
26974
2a034
26975
328af
2911b
263d3
285d2
2dd46
285d3
3230e
28c64
2a407
286c3
2e6ab
293f5
2eb64
293f6
2911e
32b84
2dd48
28b7b
328b1
29a94
28b7d
32b86
2b1c4
31a96
2de39
32311
2eb69
2a317
29a96
263e4
2b76e
2a409
263e6
2e104
29b86
2ed47
29b87
263e9
328b6
2b772
2a40a
263ec
2ed48
263ed
2ed49
263ef
328b9
2e5c0
263f1
2eb6c
328bb
28d58
2a7d3
265b1
2be0d
2a7d4
265b3
28c66
2a6e1
26979
2bd1b
2a6e2
2697b
28c68
2e6b4
29b8c
32c82
29a99
2ec58
29a9a
29218
3322f
2e3e0
28c6d
32f57
2a133
28c6f
33231
29b8d
2be10
29309
264d1
32f59
2afe6
32134
2b869
329b1
2ec5e
2a6e6
2a222
2ed4c
2be13
2a224
2e7a8
2afe9
32f5b
2be14
2a227
33234
2ed50
2be17
2afea
329b4
2afeb
264e0
32f5f
2ed53
329b6
2e3e3
264e5
33239
293fa
2ab9b
28e4b
265b6
2ab9c
2b955
29c7d
32d73
2e4d7
265ba
2a229
265bb
2ed55
2a22a
265bd
2e7ae
2a22c
33322
2ed57
2a22e
265c1
29d66
2ee3c
29c80
2930d
265c4
2b3ae
265c5
2e5c3
265c6
33324
2ab9e
29d69
32aa0
2b3b0
265ca
2e5c5
265cb
324f9
2ee41
2a22f
265ce
32aa3
2ee43
2b3b2
32aa4
2b3b3
2b95e
2ee45
265d4
32aa6
2e7b1
2ed5d
266a6
297c1
2ba44
294ed
26796
2ba46
266aa
29d6e
266ab
2e89f
28e4f
2a31e
28e50
266ae
2a31f
28e52
325e7
2e5cb
266b1
325e8
2ee4a
28f3e
2a40d
266b4
2ba49
2a320
295dc
2e108
295dd
2e98b
29c83
266b9
2ee4d
2ac90
29e5b
32b92
2b4a2
266bd
2e10b
266be
325eb
2ef33
2a40f
266c1
33419
2e10c
3341a
2e10d
2ef36
266c5
2e5cc
3341c
266c8
325ef
26886
29f48
26799
298b4
29f49
2679b
2899a
2e10e
2899b
326d8
294f0
2ac93
294f1
28f43
2ef3a
29e63
267a2
2e993
28f46
267a4
32c84
295e0
2ad81
29031
2f021
2ef3d
29f4b
2ea7c
2b2bd
3240b
2ac94
29e67
267ac
2bb3c
2ad83
267ae
2e1fc
29f4f
2ea7f
29f50
267b1
32c88
2bb40
2ad84
267b4
2ea80
267b5
2ea81
326df
2bb43
2e994
267b9
2ef40
32c8d
29120
2a5ef
2697d
2bc29
2a5f0
2697f
29032
2ea82
299a8
32aa9
298b9
2f02a
298ba
295e4
3304b
2e202
29037
32d75
29f57
29039
3304d
299a9
2bc2c
296d3
26899
2b684
2689a
2e2ed
2689b
32d77
2f030
2a505
2a03e
2f114
2bc2f
2a040
2eb70
2ae05
32d79
2bc30
2a043
33050
2f118
2bc33
2ae06
327d0
2ae07
268a8
32d7d
2f11b
268ab
32d7e
268ad
33055
29a9c
32b9a
2e2f3
26982
2a136
2ec62
29a9f
29125
2a5f4
29126
26986
2a5f5
29128
328bd
2e2f5
26989
328be
2f120
2930e
2e3e4
2930f
2e6bb
296d7
2698e
33140
2a8cd
2a6e8
26991
2ec65
2aef6
328c0
2b779
33141
2ec66
2bd23
26996
32e6d
2ec69
2b77a
32e6e
2b77b
2bd26
33145
2699c
32e70
2eb79
2f125
26a6a
26f24
27898
27f36
27018
2ad88
284e3
29f5c
27108
2aba4
27f39
272ed
2a8cf
26a75
2798b
26a77
27f3c
2c1e2
26a79
2bb45
2c1e3
26a7b
2ca66
27f40
30d5d
29c84
26a7f
2fb66
2b59a
2f034
2b2c5
26a82
2bb48
29f63
2f2e6
26a85
26a86
2a5fb
2b59d
2ca67
2b59e
2ca68
2b2c9
2ea8a
26a8b
2f1f3
2bb4d
2c1e7
26a8e
2f2ea
26a90
2f7a0
2a04c
26b5f
285d4
2798e
26b61
31124
2a5fd
277a6
26b64
282fe
29aa0
26b66
2798f
2802d
27b6e
2ae08
2c5aa
28030
302f7
2c5ab
28032
308a2
302f9
31126
2a050
29aa1
26b72
2bc38
2f3d6
2b68d
2a054
2f982
2e2f9
26b76
2a057
2a6ec
3341e
2bc3b
2f2ec
2bc3c
2f893
2b691
2f128
2ae10
26b7e
2f3db
2c5af
2e2fb
327d6
2f3dd
30116
26c50
271fc
2899c
2a13f
271fe
26c54
2fd4a
27b71
274d0
2aab2
2a141
274d2
27b73
27a81
27c60
2b77c
2cc48
2aefb
26c5e
2cc49
2c3c8
31217
26c61
26c62
2a7de
2a143
2a144
2e3ea
26c65
2bd2b
2aefe
2fd4b
2e6c1
2a148
2fa75
2ad8b
26c6c
2c3c9
26c6d
2c3ca
30207
2bd2f
2f4cc
2b784
2af03
328c7
2cc4d
2e6c3
26c73
328c9
26d41
2701b
2aba7
2a231
2701d
275c4
27c62
272f2
2aab7
2820e
2a233
273e1
2a8d4
26d4c
30d5e
26d4e
2be1a
304da
2b86f
27c69
304dc
2c790
26d52
27c6c
29402
2a8d5
2abab
2afee
2e7b2
2a237
2f5bb
2b872
26d59
2ed5f
2f5bd
2fe3e
26d5d
2aff1
2c791
2aff2
2c792
26d60
2e4de
329b8
2be22
2b877
26d63
2f4d2
2ed61
2f4d3
26d67
26f25
277a7
26e35
2a5fe
2ac9b
26e38
282ff
276b9
26e3a
30e4e
2a328
27a82
26e3d
277a8
26e3f
27d59
2bffe
26e41
2b961
2bfff
26e43
2ce2e
27d5d
30b7a
29aa2
26e47
2f987
2b3b6
2ee50
2b0e1
26e4a
2b964
29d7f
2f6ae
26e4d
26e4e
2a418
2b3b9
2ce2f
2b3ba
2ce30
2b0e5
2e8a6
26e53
2f5c3
2b969
2c003
26e56
2f6b2
26e58
2fb6b
275c8
26f27
2811c
298bd
26f29
274d4
277aa
26f2c
2a419
27e48
274d8
26f2f
2789e
26f31
27e4b
2c0f0
26f33
2ba53
2c0f1
26f35
2cf20
27e4f
30c6c
29b94
26f39
2fa79
2b4a8
2ef42
2b1d3
26f3c
2ba56
29e71
2f1f8
26f3f
26f40
2a50c
2b4ab
2cf21
2b4ac
2cf22
2b1d7
2e998
26f45
2f1fb
2b4af
2c0f5
26f48
2f1fc
325f3
2fc5d
2a50d
27021
275ca
28d64
28a90
2a50e
27e53
285d7
2bb4e
2d010
2b879
27029
2d011
2c796
315df
2702c
2702d
2bb50
2f896
2e7b7
2a511
2f898
2bb52
27031
2a514
2abad
2b87d
2f03a
2b1dd
32c8f
2c0fc
2f7a4
2c0fd
2fd50
2bb56
2b881
32c90
2d015
2703c
2fd51
2a5ff
27114
28b81
285d9
276be
27117
2811d
2b3be
2cb5c
285dc
308a6
2cb5d
285de
30e51
308a8
316d2
2b3c0
2f12a
2b2cd
27121
2c1eb
2b3c2
307b5
27124
27125
2b2ce
2e8aa
27127
2f98d
2bc46
2d105
2bc47
2d106
2b3c6
2712b
2f98e
2cb61
2f8a1
2712f
272f5
28035
2811e
277af
27208
302fa
2720a
28121
2c978
2720c
2c2db
2c979
2720e
2d1f6
28125
30f44
2ae12
2e99a
2a6f4
2fa7b
2bd35
2a6f6
30025
2fa7d
302fc
27218
2c2df
32e72
2ec73
2b4b6
2cc51
2b4b7
2cc52
2721c
2f991
2c2e3
2c97d
2721f
32e75
272f6
2789f
27b7c
272f9
318b4
2ad92
30027
272fd
2c3cc
30a89
2be25
28215
30a8b
2cd42
27301
28218
2a7e5
2c3ce
27304
2ed63
2b5a5
27306
2c3d0
2a7e9
30118
2f1fe
2be29
2fb70
2ea8f
2730c
2c4c1
2730d
2c4c2
302fd
2c3d4
2be2d
27310
2fa84
2fb73
302fe
273e9
27992
2912c
288ac
2a32a
27c6f
283f3
2b96a
2d3d8
2b695
273f1
2d3d9
2c5b2
313fb
273f4
273f5
2b96c
2fc5e
2eb7f
2a32d
2fc60
2b96e
273f9
2a330
2a9c9
2b699
2ee56
2aff9
32aab
2bf18
2fb74
2bf19
3011a
2b972
2b69d
32aac
2d3dd
27404
3011b
27d5f
283f4
27a85
274de
305d2
274e0
283f7
2c6a2
274e2
2c005
2c6a3
274e4
2d4cc
283fb
3121a
2b0e8
2e6c4
2a41e
2f7a9
2ba5f
2a420
2fd52
2f7ab
305d4
274ee
2c009
32b9c
2ef49
2b78c
2cf27
2b78d
2cf28
274f2
2f7ae
2ba65
2c6a7
274f5
2fc69
275cd
27a87
283fd
28a91
27b80
275d2
28a93
2be2e
2d016
28a95
3130e
2d017
28a97
318b7
31310
31b8c
2b790
2ed66
2b1df
275dc
2c6ab
2be32
30c71
275df
275e0
2c105
3323b
2ed69
2be34
2d019
2be35
2d01a
275e4
2fd55
2c6b1
2cd4b
275e7
3323e
276c0
27c70
284f0
276c3
31c7c
276c5
28b87
2ce38
276c7
2c79b
2ce39
276c9
2d6b0
28b8b
313fe
2b2d0
2c79c
2abb1
2ff39
2c1f5
2abb3
304e3
2ff3b
30d64
2b979
2ff3c
2b885
276d4
2ce3b
276d5
2ce3c
30c73
2c7a2
2c1fb
276d8
2fe50
2ff3f
30c74
277b3
27d63
294f5
28c74
304e5
277b8
2c88c
30f45
2c2e5
286cf
30f47
2d1fc
277bc
286d2
2aca2
2c2e6
277bf
2ef4b
2ba69
277c1
2c890
2aca6
305d6
2b3ca
2ef4c
2ae19
33420
2c892
2ff40
2c893
304e6
2c2ec
2ba6f
33421
2d7a5
277cc
304e7
2ad93
278a6
28d65
287bd
28129
288ad
2c3d6
2d892
2bb59
278ac
2d893
2ca72
31e61
278af
278b0
2bb5a
3011c
2b4bb
2ad96
3011e
2c3da
278b4
2ad99
2af0a
2c983
278b7
30121
2c3dc
2d895
2c3dd
2d896
2bb60
278bb
30122
2d2f1
30035
278bf
27a88
28219
288ae
27f48
2799a
288b0
2bc4a
2d3de
288b2
3112a
2d3df
288b4
316d3
3112c
319a8
2b5ac
2f12e
2affb
279a4
2c4c7
2bc4e
30a8d
279a7
279a8
2bf21
33057
2f131
2bc50
2d3e1
2bc51
2d3e2
279ac
30125
2c4cd
2cb67
279af
3305a
27a89
28039
2921f
28f4a
307bb
27a8e
2c5b6
3121b
2c00f
289a5
3121d
2d4d2
27a92
289a8
2a9cc
2c010
27a95
2ec75
2bd3f
27a97
2c5ba
2a9d0
30303
2b6a0
2ec76
2b0ef
3314a
2c5bc
30216
2c5bd
307bc
2c016
27a9f
30217
2da7b
3314c
307bd
289a9
2903d
2812c
27b84
2903f
2c3e0
2d5c2
29041
318ba
2d5c3
29043
31e63
318bc
32138
2bd46
2f3e3
2b795
27b8e
2d2f5
27b8f
2d2f6
3112d
2cc5f
2c3e6
27b92
30306
27b94
3112e
27c74
296da
29131
28a9d
29132
2c7a4
2dc5a
2bf27
27c7a
2dc5b
2d3e6
32229
27c7d
27c7e
2bf28
304e8
2be39
2bf29
2d6b7
2bf2a
2d6b8
27c82
2f4d7
2c7aa
2d3e9
27c85
303fd
27d65
2830f
29aa3
29221
30a91
27d6a
2ce3e
314f1
2c897
28c7b
314f3
2d7a8
27d6e
28c7e
2b0f0
2c898
27d71
2f5c8
2c899
2dd4f
2c89a
2dd50
2c01d
305dc
2ce44
2d7ab
2f5ca
27d79
28400
286d4
27e59
3240c
27e5b
28d6b
2d01c
27e5d
2cf31
2d01d
27e5f
2de40
28d6f
31b8e
2b4be
2cf32
2b1e3
306cd
2cf33
305de
2cf34
30b84
2c98d
27e67
305df
2de43
306cf
30b85
287c5
28e5a
284f4
27f4c
28e5c
2c1fc
2d98a
28e5e
316d6
2d98b
28e60
31c7f
316d8
31f54
2bb62
2f1ff
2b5b1
27f56
2d111
27f57
2d112
30f49
2ca7b
2c202
27f5a
306d2
27f5c
30f4a
2803c
294f6
28f4d
288b9
29046
2c5c0
2e022
2c2ef
28042
2e023
2d202
32045
28045
28046
2c2f0
30308
2bc55
2c2f1
2da7f
2c2f2
2da80
2804a
2f2f3
2c5c6
2d205
2804d
307c5
2812d
286d7
29e74
29b97
30e59
28132
2d206
31e65
2cc62
295ef
31e67
2db70
28136
295f2
2b4c0
2cc63
28139
2f995
2cc64
2e11b
2cc65
2e11c
2c994
309a4
2d20c
2db73
2f997
28141
287c8
29048
28221
327d8
28223
296e0
2d990
28225
2d2f9
2d991
28227
2e20c
296e4
31f56
2be3a
2d2fa
2b5b3
30a95
2d2fb
309a6
2d2fc
30f4c
2cd58
2822f
309a7
2e20f
30a97
30f4d
29139
29223
288bc
28314
29225
2c5c7
2dd52
29227
31a9e
2dd53
29229
32047
31aa0
328cc
2bf2d
2fb78
2b981
2831e
2da85
2831f
2da86
318bd
2d3ef
2c5cd
28322
30a9a
28324
318be
28404
298c0
29316
28c81
29406
2cf37
2e3ee
2c6ba
2840a
2e3ef
2d5ca
329bd
2840d
2840e
2c6bb
30c78
2c020
2c6bc
2de47
2c6bd
2de48
28412
2fc6c
2cf3d
2d5cd
28415
30b8d
284f5
28a9f
2a23c
299b3
31221
284fa
2d022
31c81
2ca7e
2940c
31c83
2df38
284fe
2940f
2b888
2ca7f
28501
2f7b1
2ca80
2e4e3
2ca81
2e4e4
2c7b0
30d6c
2d028
2df3b
2f7b3
28509
28b90
28e64
285e9
325f4
285eb
294fc
2d7ac
285ed
2d115
2d7ad
285ef
2e5d4
29500
3231e
2bc56
2d116
2b3cf
308b5
2d117
30d6e
2d118
31314
2cb74
285f7
30d6f
2e5d7
308b7
31315
29502
29b98
28c84
286dc
29b9a
2cf3e
2e11e
29b9c
32412
2e11f
29b9e
329bf
32414
32c94
2c8a4
2ff44
2c2f8
286e6
2de4d
286e7
2de4e
31c85
2d7b7
2cf44
286ea
30e5e
286ec
31c86
287cc
2a23d
29c8c
295f6
29c8d
2d2ff
2e7ba
2ca85
287d2
2e7bb
2df3e
32d85
287d5
287d6
2ca86
31040
2c997
2ca87
2e213
2ca88
2e214
287da
30038
2d305
2df41
287dd
30f55
288bd
28e67
2a607
29d84
315e9
288c2
2d996
32049
2d3f2
297d6
3204b
2e304
288c6
297d9
2bc58
2d3f3
288c9
30129
2d3f4
2e8af
2d3f5
2e8b0
2cb7b
31134
2d99c
2e307
3012b
288d1
28f58
2922d
289b1
32f68
289b3
298c6
2db74
289b5
2da89
2db75
289b7
2e9a0
298ca
326ea
2c021
2da8a
2bd4b
31225
2da8b
31136
2da8c
316dc
2d4e8
289bf
31137
2e9a3
31227
316dd
2931e
299b5
2904c
28aa4
299b7
2cd5a
2e4e6
299b9
3222e
2e4e7
299bb
327db
32230
32ab0
2c6c0
2fd60
2c114
28aae
2dc69
28aaf
2dc6a
31aa1
2d5d3
2cd60
28ab2
3122a
28ab4
31aa2
28b94
2a059
29aa8
29412
29ba1
2d11b
2eb82
2ce4d
28b9a
2eb83
2dd5a
32ba1
28b9d
28b9e
2ce4e
30e60
2c7b3
2ce4f
2e5db
2ce50
2e5dc
28ba2
2fe54
2d121
2dd5d
28ba5
3131d
28c85
29230
2a9d2
2a6fb
319b1
28c8a
2dd5e
329c1
2d7ba
2a152
329c3
2e6d0
28c8e
2a155
2c023
2d7bb
28c91
304f1
2d7bc
2ec7b
2d7bd
2ec7c
2d4ef
314fc
2dd64
2e6d3
304f3
28c99
29321
29ba3
28d79
33331
28d7b
2a243
2e4ec
28d7d
2de51
2e4ed
28d7f
2ed6c
2a247
32ab2
2c998
2de52
2c116
315ed
2de53
314fe
2de54
31aa4
2d8b0
28d87
314ff
2ed6f
315ef
31aa5
29c94
29d86
29415
28e6c
29d88
2d122
2e8b2
29d8a
325fa
2e8b3
29d8c
32ba3
325fc
33425
2ca8b
306d4
2c4df
28e76
2e5e1
28e77
2e5e2
32415
2df47
2d128
28e7a
315f2
28e7c
32416
28f5c
2a424
29e79
297dc
29f69
2da8f
2ef4e
2d215
28f62
2ef4f
2e126
33516
28f65
28f66
2d216
317d0
2cb7e
2d217
2e9a7
2d218
2e9a8
28f6a
307c8
2da95
2e129
28f6d
316e5
2904d
295f8
2ad9a
2a517
31d79
29052
2db7a
327dd
2d5d6
29f6f
327df
2ea98
29056
29f72
2c3eb
2d5d7
29059
3030d
2d5d8
2f043
2d5d9
2f044
2d30b
318c4
2db80
2ea9b
3030f
29061
296e9
299bf
29141
3314d
29143
2a05f
2e308
29145
2dc6d
2e309
29147
2f134
2a063
32e7a
2c7b4
2dc6e
2bf32
3140d
2dc6f
318c6
2dc70
31e6c
2d6cc
2914f
318c7
2f137
3140f
31e6d
2a065
2aca9
31f5d
29236
2dd65
32f6d
2e9ab
29238
2ec80
2da97
2923a
2923b
2ae1f
2e9ad
2ae20
2e9ae
2923e
319b5
2d3ff
30a9c
2ce56
29241
30a9e
2dd6b
30a9f
29245
298cf
2a7ef
2a158
2a7f0
2d5dc
2ed70
2af0f
3305e
2ea9e
2a7f4
32ab5
3305f
2932e
2e402
2932f
2e403
328d3
2ed75
2cf47
2e404
2c6c5
31b99
2e405
2d5e2
29335
31aad
29416
299c2
29418
2a336
2b000
2eb8e
2a338
2f5cc
2b002
2941d
2e4f3
2f5cd
32ba8
2df4b
31b9c
2df4c
32142
2eb93
2c7b6
2df4d
29424
30c81
2df4e
29426
31b9e
29428
329c6
29509
2f6bd
2950b
2a429
2e5e4
2950d
2ef55
2a42b
32c98
2e03c
2a42d
2a42e
2d7c2
2ef57
2d7c3
2ef58
2b0f7
29515
2d7c4
31d7c
2d12a
2d7c5
31d7e
2e5ea
31d7f
32235
29e81
2aac5
32325
295fe
2db81
32d89
2e7c7
29600
2f048
2d8b3
29602
29603
2b1e7
2e7c9
2b1e8
2e7ca
29606
31d81
2d21b
308b8
2cc72
29609
308ba
2db87
308bb
2960d
29c97
2a60b
29f74
2a704
2d9a4
2f138
2b2d7
33426
2e8ba
2a610
32e7d
33427
296f6
2e21e
296f7
2e21f
326ef
2f13d
2cd63
2e220
2c4e1
319b9
2e221
2d9aa
296fd
31e75
297df
2a614
2ad9c
2b3d0
2ef5a
2ae23
2f998
2b3d2
2acae
3351c
2f999
297e8
2e317
297e9
2e318
32d8d
2ef5f
2d401
2e8c2
2cb82
32053
2e8c3
2e048
297ef
31f63
298d1
2a706
2ad9d
2b4c2
2f04c
2af15
2fa8a
2b4c4
2ada1
33062
2fa8b
298da
2e409
298db
2e40a
32e7f
2f051
2d4f3
2e9b4
2cc74
32145
2e9b5
2db8e
298e1
32059
299c3
2a7f8
2a9d4
2b5b4
2f13e
2b007
2fb7c
2b5b6
2a8e7
33154
2fb7d
299cc
2e4fb
299cd
2e4fc
32f71
2f143
2d039
2eaa6
2cd66
32237
2eaa7
2dc80
299d3
3214b
29ab5
2a33e
2aac6
2b6a6
2ec84
2b0f9
2fc6e
2b6a8
2a9d9
33246
2fc6f
29abe
2e5ed
29abf
2e5ee
32ab7
2ec89
2d12b
2eb98
2ce58
32329
2eb99
2dd72
29ac5
3223d
29ba7
2a430
2abb8
2b798
2ed76
2b1eb
2f7b4
2b79a
2aacb
33338
2f7b5
29bb0
2e133
29bb1
2e134
32ba9
2ed7b
2d21d
2e6de
2cf4a
3241b
2e6df
2de64
29bb7
3232f
29c99
2a522
2acb1
2b88a
2ee68
2b2dd
2f8a6
2b88c
2abbd
3342a
2f8a7
29ca2
2e225
29ca3
2e226
32c9b
2ee6d
2d30f
2e7d0
2ca90
31f65
2e7d1
2df56
29ca9
32421
29d92
2abc1
2b3d6
2ee6e
2b3d7
2ee6f
2b100
29d97
2e5f4
32602
2df58
2e5f5
32604
2ee72
32605
32abb
2acb2
29e86
2e138
29e87
2e139
3342c
2ba78
2da9f
2ef62
2d220
326f5
2ef63
2e13c
29e8d
32609
29f76
2ada5
2b5ba
2f052
2b5bb
2f053
2b2e4
29f7b
2e22c
327e6
2db90
2e22d
327e8
2f056
327e9
32c9f
2a8ea
2a06a
2e31c
2a06b
2e31d
33064
2bc5c
2d6d7
2f146
2d404
328d9
2f147
2e320
2a071
327ed
2a15a
2a9dd
2b79e
2ec8a
2b79f
2ec8b
2af1c
2a15f
2e410
329ca
2dd74
2e411
329cc
2ec8e
329cd
32e83
2aace
2a24e
2e500
2a24f
2e501
33248
2be40
2d8bb
2ed7e
2d03c
32515
2ed7f
2e504
2a255
329d1
2a340
2bf33
33066
2b988
32abc
2df59
31ba0
2eba3
2a344
32abd
2bf35
2df5a
2a347
31ba3
2a432
2c025
33158
2ba7a
32bb2
2e04b
31c92
2e6e9
2a436
32bb3
2c027
2e04c
2a439
31c95
2a524
2c117
3324a
2bb6c
32ca4
2db91
31d84
2e7db
2a528
32ca5
2c119
2db92
2a52b
31d87
2a616
2c209
3333c
2bc5e
32d96
2dc83
31e76
2e8cd
2a61a
32d97
2c20b
2dc84
2a61d
31e79
2a708
2c2fb
3342e
2bd50
32e88
2dd75
319bc
2e9bf
2a70c
32e89
2c2fd
2dd76
2a70f
319bf
2a7fa
2c3ed
33520
2be42
32f7a
2de67
31aae
2eab1
2a7fe
32f7b
2c3ef
2de68
2a801
31ab1
2a8ec
2bf36
2fa8c
2bc61
33068
2dc85
3214c
2b5c3
2a8f0
33069
2c4e4
2e508
2a8f3
3214f
2a9de
2c028
2fb7e
2bd53
3315e
2dd77
3223e
2b6b5
2a9e2
3315f
2c5d6
2e5fa
2a9e5
32241
2aad0
2c11a
2fc70
2be45
33250
2de69
32330
2b7a7
2aad4
33251
2c6c8
2e140
2aad7
32333
2abc2
2c20c
2f7b6
2b98b
33342
2df5b
32422
2b899
2abc6
33343
2c7ba
2e232
2abc9
32425
2acb4
2c2fe
2f8a8
2ba7d
33434
2e04d
31f68
2b3df
2acb8
33435
2c8ac
2e324
2acbb
31f6b
2ada6
2c3f0
2f99a
2bb6f
33526
2db93
3205a
2b4d1
2adaa
33527
2c99e
2e416
2adad
3205d
2ae35
2af28
3352a
31ab2
3352b
2f3f2
2ae39
328e1
34b91
2f2fe
2b2f0
2f2ff
32e8d
2b2f2
34a9d
31f6d
2b2f4
2ba7f
2f5d4
2b3e2
2ef70
2e325
32518
2e050
2ae45
32f81
2ef74
2ae47
2f99c
2ef76
3260a
2b3e9
3260b
2b3ea
3352f
31f71
2b3ec
2ae4d
2b3ee
3260c
2ae4f
3260d
2ae50
32e8f
2ae51
3770d
2b3f2
3bd04
2ae54
2e9c3
33442
2c306
2b6b7
2cb83
2ae57
2c5d8
2bc65
327f0
2b6ba
2f154
2f303
2b6bc
31f75
2ae5c
327f3
2bc6a
2ae5e
2fc72
2bc6c
2b6c1
37bc8
319c5
37bc9
2ae63
33256
2bc71
34e65
2f3fb
2ae66
33f47
2bc74
37bcc
33f49
2dd79
319c6
2daa4
2ec9c
319c7
2e234
2ec9d
2ae6e
316ee
32e94
3113f
3b752
319c9
2e9cb
3b753
329d2
2e9cd
3b754
32f88
2eca5
32f89
2ae77
37527
2e9d2
345e4
329d5
3b757
345e6
2e9d5
2eca6
32062
2ae7d
32063
2ae7e
328e2
2ae7f
37161
2ecaa
3b75b
2ae82
327f6
2ae83
37bcd
33446
31ab4
33532
2f3fe
34b93
336c4
2f400
2ae89
32e9c
2ae8a
37435
319d0
2ae8c
33447
319d2
3bd08
335d6
32ea0
3bd09
37167
31ab5
34b96
335d7
32f8f
3752c
33d61
3aed3
336c7
2ae96
3b760
345ea
3bd0c
345eb
2ae99
3bd0d
335d9
2ae9c
336cb
3bd0f
37254
3bd10
37255
37438
2aea1
2b019
2bf3a
2af2f
32154
346d4
32ac6
2b01d
346d6
2af33
2c99f
33535
2c3f6
2b4d7
2f063
2af36
2e9d7
2f065
2af38
32ac7
2f067
2af3a
31d88
33536
317dd
3b845
32068
2b4df
3b846
33077
2f06d
31d8a
33539
317df
377fd
31ab6
377fe
31ab7
3b849
3353b
2b4e7
2be47
2f401
2b5c6
2ed8c
2c3f9
2f99f
2bd58
2af4a
2e6ed
33162
2e41a
2b7ad
328e9
2f404
32f97
2bd5d
2af4f
2f7b8
2bd5f
2af51
37cb9
2f7b9
2b7b4
32f98
2b7b5
2f4eb
34f56
32ac9
2af57
34f58
2f7bb
37cbd
3403a
2af5a
2af5b
2eab7
328ec
2e41c
2e32d
328ed
2af5f
32acb
2ed90
32156
2eabb
32157
2eabc
32f9a
31abe
2eabe
3334a
3251a
2eac0
2af67
2eac2
37618
32243
3b29c
32ad0
2af6b
3412b
2eac6
3b29e
3761d
317e2
32f9c
31233
37257
31506
37258
31507
3bb1b
32f9e
2ed9d
31ac2
3353f
328ef
2f408
2af77
329da
346d8
3307a
2f4f1
3b84d
346db
31ac3
37532
329dc
3bb1d
328f0
32073
37cc1
336d1
31ac7
2af81
37534
31ac9
3b2a4
329dd
32074
2af85
3412e
2af86
37343
2af87
37cc4
337ba
32ad8
37620
32ad9
37621
337bb
336d4
3b2a8
346e0
37cc7
33e56
37cc8
33e57
2af92
3b2ab
37537
2b020
32bba
2f5d6
32bbb
2b10e
347c7
32247
2b110
2bc76
2f20d
2b5c8
2f156
2e509
32704
2dc88
2b029
2fb80
2f15a
2b02b
32bbe
2f15c
327f9
2b5cf
327fa
2b5d0
33168
3215f
2b5d2
2b031
2b5d4
327fb
2b033
327fc
2b034
32ada
2b035
378f1
2b5d8
3b93c
2b038
2eba9
33083
2bf3e
2b89b
2cd67
2b03b
2c7bc
2be4b
329de
2b89e
2ed9f
2f4f5
2b8a0
32163
2b040
329e1
2be50
2b042
2fb81
2be52
2b8a5
37dac
31bab
37dad
2b047
3344b
2be57
35049
2f5e0
2b04a
33b7f
2be5a
37db0
33b81
2df5d
31bac
2d6dc
2ee80
2b050
32166
2ee81
2b052
318d2
32adf
31323
3b38a
31baf
2ebb1
3b38b
32613
2ebb3
3b38c
32bc4
2ee89
32bc5
2b05b
37711
2ebb8
3421c
32616
3b38f
3421e
2ebbb
2ee8a
3224a
2b061
3224b
2b062
3251f
2b063
3734b
2ee8e
3b393
2b066
329e4
2b067
37db1
33087
31c9c
3316b
2f5e3
347cb
338a8
2f5e5
2b06d
32ae7
2b06e
37625
31bb6
2b070
33088
31bb8
3b940
337c4
32aeb
3b941
37351
31c9d
347ce
337c5
32bcb
37716
33f4b
3b0b7
338ab
2b07a
3b398
34222
3b944
34223
2b07d
3b945
337c7
2b080
338af
3b947
36e8c
3b948
36e8d
37628
2b085
2b1fd
2c11e
2b113
32338
348b8
32cae
2b201
348ba
2b117
2c8af
2fe57
2c02e
2b3f6
2ee90
2b11a
2e8d4
2b993
2b11c
31c9e
3316e
2f5e9
2b3fb
33543
2f6cd
2b3fd
2b121
33544
2b99a
3316f
2b99b
2c02f
2fb83
2bd6b
2b126
2ebbc
32aee
2e5fe
2b6ca
33260
2f6cf
2b6cc
3ba2c
31418
32ea4
2ecb6
32ea5
2ecb7
2b12e
33173
2ecb9
2b6d2
3141a
32ea6
2b6d4
32ea7
2b6d5
33175
2b6d6
37e9f
32256
2b136
2b7b6
2ef7c
2b138
2e6f0
2f6d1
3513a
32cb1
2b13b
3513c
2f9a3
37ea1
33c72
2b13e
2b13f
2e6f1
32529
2e600
2e511
2e602
2b143
32cb3
2ef81
3233a
2e6f5
3233b
2e6f6
32cb4
31ca6
2e6f8
33547
32706
2e6fa
2b14b
2e6fc
37802
32427
3b480
32cb8
2b14f
3430f
2e700
3b482
37807
3141e
32bd8
30e6b
36e8f
316f2
36e90
316f3
3bd13
32bda
2ef8e
31caa
33178
3252c
2f5ed
2b15b
3261b
348bc
33266
2f6d7
3ba35
348bf
31cab
3771c
3261d
3bd15
3252d
3225b
37ea5
338b5
31caf
2b165
3771e
31cb1
3b488
3261e
3225c
2b169
34312
2b16a
36f7b
2b16b
37ea8
3399e
32cc0
3780a
32cc1
3780b
3399f
338b8
3b48c
348c4
37eab
34040
37eac
34041
2b176
3b48f
37721
2b204
32da0
2f20f
32da1
2b2f8
349ab
3242b
2b2fa
2ba83
2c11f
2fc78
2ba85
2b20c
2e9d8
33451
2e142
2b4ed
32620
2f212
2b4ef
3308a
2f214
2ba8c
32621
2b4f2
379e1
2fa93
2b4f4
32cc3
2b7b8
2eda0
2c122
2fc79
2de6d
32342
2b7bb
2eda3
2b21b
32da3
2eda6
2b21d
2f7bd
2eda8
329e7
2b7c1
329e8
2b7c2
33354
32345
2b7c4
2b223
32346
37538
31acd
3bb22
32347
379e4
32cc5
2b227
3753c
3753d
2c123
32cc6
2bb74
2b22b
3308c
2ba91
34c81
2f219
2b22e
33d69
2ba94
379e8
33d6b
2db97
31d94
2d8c0
2f071
2b234
3234a
2f072
2b236
3150e
32cc7
30f5b
3b56e
31d97
2e7e9
3b56f
32802
2e7eb
3b570
32daa
2f07a
32dab
2b23f
378f5
2e7f0
34400
32805
3b573
34402
2e7f3
2f07b
3242e
2b245
3242f
2b246
3270b
2b247
36f83
2f07f
3b577
2b24a
3270d
349ae
33358
2f21d
3bb27
349b1
31d9c
33272
32626
2f6e0
2b251
32ccf
2b252
3780f
31d9e
2b254
33274
31da0
3bb28
339a8
32cd3
3bb29
36f89
31e81
349b2
33b82
3acee
34405
3b57b
339a9
33a8f
2b25e
3b57c
34406
3bb2c
34407
2b261
3bb2d
339ab
2b264
33a93
3bb2f
37070
3bb30
37071
37812
2b269
2b401
2f162
2b2fc
2e8d6
2bb75
2c213
2b5dc
2ca92
2b300
2eaca
2bb79
32711
2b5df
32712
2f222
32db7
2bb7c
2b305
2f8b0
2bb7e
2b307
37ad3
2fb85
2b5e6
32db8
2b8aa
2ee92
2c216
2f7bf
2df5f
32434
2b8ad
2ee95
2f30f
2b8af
3bc10
2f5ee
2b8b1
32435
2b312
31bbd
2b313
3335f
2ee9c
2b315
3bc13
2b317
32438
3762a
31bbf
3bc14
32439
37ad6
32dba
2b31b
3762e
3762f
2fb86
2b31e
33e59
2bb84
37ad8
3317f
2b321
34d76
2bb87
2d9b1
2f164
2b324
2e8d8
2e23b
31e87
2e8d9
33456
3104c
32532
2f168
32533
2f169
2b32b
32dbd
2f16b
2b32d
33181
2f16d
2e8e1
32075
3adde
344f1
2b332
33182
2e8e5
37443
32eb2
2b335
2b336
31e8b
37072
31603
3b667
31e8c
3b94a
32807
2b33a
37076
37077
3243d
33a94
33a95
32dc2
2f315
32eb3
2b340
335db
32eb5
2b342
37adc
32809
3b94c
37079
2b345
335de
3243e
31e91
33a98
32dc5
2b349
3b66b
3707a
2b34b
37903
32eb6
37446
33c75
3ade1
33367
32eb7
3bc1d
34aa6
33c76
37ae1
33c77
3b66f
34aa7
34aa8
2b355
33a9c
3b671
344fa
3b672
344fb
3707c
3bc23
2b403
2b4f6
3354c
2f9a5
3354d
2f6e3
2b407
32ebc
35143
2b40a
2f8b2
2f5f0
32dc9
2b8c0
3504f
32537
2b8c2
2f5f2
32be5
2b9a5
3345d
2b9a6
37eae
3225e
37eaf
3345e
2b414
2bc7a
2d12f
2b416
2cb86
2c219
2b418
30221
2c21b
3253b
2bc7f
3253c
2bc80
32dcc
2f8b8
2bc82
307ca
2f9aa
2c221
2f9ab
2b421
344fd
2c224
35412
2f9ad
2b424
35414
2c227
2e7f6
2e8e9
2b428
33551
2ef92
34b9d
3271a
3b490
336d9
2b42c
34ba0
336db
2f8b9
33461
2f8ba
2f5f9
33b8a
32540
2f6e4
32ebd
2b433
33c7b
33c7c
2f8bb
2b436
35147
33c7e
319dc
335e4
319dd
37bd9
32541
31f92
37eb6
33466
2b43d
37eb7
33468
3207c
35149
336dc
3b492
34319
3bd1c
3431a
3817e
3431b
2b444
37eb9
33c81
335e8
3bd1f
2b448
37818
2b449
37819
33b91
2b44c
33c83
3bd22
2b4fc
2fa96
2f228
32faf
2b5ea
34c87
3271f
2b5ec
2f6e7
32cd7
2ba97
3355c
2ba98
379f4
32350
379f5
3355d
2b506
2bd6c
2d221
2b508
2cc78
2c30b
2b50a
2fd67
2c30d
3262f
2bd71
32630
2bd72
32ec2
2f9b5
2bd74
30310
2fa9c
2c313
2fa9d
2b513
345ef
2c316
35504
2fa9f
2b516
35506
2c319
2e8ea
32ec4
2b51a
33097
2f084
346e3
3280c
3b582
337cb
2b51e
346e6
337cd
2faa0
3309a
2f22b
34c8b
34c8c
2f9b6
33560
2f9b7
2f6ee
33c86
32634
2f9b8
2b528
34c8d
33d70
31ace
336e2
31acf
37ccb
32635
32086
379fc
33565
2b52f
379fd
33567
3216e
34c8f
337ce
3b584
3440b
3b862
3440c
38270
3440d
2b536
379ff
33d73
336e6
3b865
2b53a
3790a
2b53b
3790b
33c8d
2b53e
33d75
3b868
2f319
2b6da
2f31a
32af5
2b6dc
34d79
32811
2b6de
2f22d
32dd2
2bb89
330a2
2bb8a
37ae6
32442
37ae7
330a3
2b5f8
2be5e
2d313
2b5fa
2cd6a
2c3fd
32725
2be61
32726
2be62
2fe59
2f5fc
2be64
32fb6
2faa7
2be66
30402
2fb8e
2c405
2fb8f
2b605
34135
2c408
355f6
2fb91
2b608
355f8
2c40b
2e9dc
32fb8
2b60c
3318b
2f176
347d5
328fe
3b674
338c3
2b610
347d8
338c5
2faa8
330a6
2faa9
2f234
33d78
3272a
2f31c
32af7
2b617
33e5f
33e60
2faaa
2b61a
34d7f
33e62
31bc0
337d4
31bc1
37dbd
3272b
32178
37aee
330ab
2b621
37aef
330ad
32262
34d81
338c6
3b676
34503
3b954
34504
38362
34505
2b628
37af1
33e65
337d8
3b957
2b62c
37450
2b62d
37451
33d7f
2b630
38367
34d85
2b6e0
2fc7a
2f412
32be9
2b7ce
34e6b
32903
2b7d0
2bf41
2fb96
2b9ab
2d406
2f31f
32afb
2bf44
33197
2bf45
2b6ea
2ff4d
2bf47
2b6ec
32afd
2bf49
2b6ee
38449
2b6f0
31f96
335ea
32265
3844a
32818
2bc88
3346a
2bc89
37bdc
335ef
2fc81
2b6f7
34227
2bf4e
356e8
2fc83
2b6fa
356ea
2bf51
2eace
2ebbf
2b6fe
3327d
2ecbc
348c7
329f0
3b766
339b5
2b702
348ca
339b7
2fb9a
3319a
2fb9b
2f326
33e6a
3281c
2f414
32beb
2b709
33f51
33f52
2fb9c
2b70c
34e71
33f54
31cb4
338cc
31cb5
37ebf
3281d
3226c
37be2
3319f
2b713
37be3
331a1
32354
34e73
339b8
3b768
345f5
3ba46
345f6
38454
345f7
2b71a
37be5
33f57
338d0
3ba49
2b71e
37542
348d1
3ba4a
33e71
2b722
33f59
3ba4c
2b7d2
2f7c0
2f504
32cdb
2b8c6
34f5d
329f5
2b8c8
2c033
2fc88
2ba9d
2d4f8
2f236
2ba9f
37f8c
2f417
32bef
2c038
33289
2c039
2b7de
2fd6a
2c03b
2baa5
37f8f
2b7e2
3208a
336e8
32357
37f90
3290a
2bd7a
33569
2bd7b
37cce
336ed
2f7c7
2b7e9
3431f
2c040
3522e
2f7c9
2b7ec
35230
2c043
2e704
2ebc1
2b7f0
3336f
2edae
349b9
32542
3b2ac
33aa7
2b7f4
349bc
33aa9
2fc8c
3328c
2fc8d
2f41e
33f5c
3290e
2f506
32cdd
2b7fb
34043
34044
2f7cc
37cd3
34f64
32bf4
31da6
339be
31da7
37a05
3290f
3235e
37cd4
33291
2b805
37cd5
33293
32446
34f65
33aaa
3b2ae
3413b
3bb38
3413c
37f9a
3413d
2b80c
37cd7
34049
339c2
37549
2b810
37634
349c3
3bb3c
33f63
2b814
3404b
3bb3e
2c7c1
2fd6b
2c126
2b8cb
2f8bc
2c128
2b8cd
2f7cf
3337a
2f50a
3807f
2f7d0
2bb95
38080
2f8be
2bb97
2b8d3
2be69
329fa
2b8d5
329fb
2b8d6
337dc
31bc3
337dd
3244a
38083
2b8da
30132
2c131
3531f
2f8c1
37dc1
34413
2c134
37dc2
34415
2e7f8
3244b
2ee9f
335f0
2f32d
3bc24
3346e
2b8e5
34aad
2eea3
3bc26
34aaf
3244c
3404c
3337f
3244d
38087
3404f
2f8c3
33470
2f602
35053
35054
32ce6
2f8c5
37dc5
35056
3244e
37636
32dd8
3bc27
32dd9
3244f
2b8f6
37638
32451
3bc28
34052
32453
2b8fa
3422c
2b8fb
34ab1
2b8fc
34ab2
2b8fd
34ab3
33476
3808d
35059
34230
3808e
34231
33ab4
3bc2e
2b904
33b9b
3bc2f
34055
2b9b5
2baa8
2ff50
2fc90
33478
2f6f8
2b9b9
33479
356ef
2b9bc
2fb9d
2f605
32b04
2be72
355fb
32b05
2be74
2f32e
32b06
2bf53
331a3
2bf54
32b07
2bf55
3845b
2fba2
2b9c6
2c228
2d6dd
2ce60
30404
2c7c5
3254c
2c22b
3254d
2c22c
307cc
2f9ba
2c22e
33389
2fe64
2c230
30d76
2ff56
2c7cd
2ff57
2b9d3
359bd
2c7d0
34ab8
2f9bc
38723
34aba
2c7d3
2edb3
2eea6
2b9da
3254f
2b9db
34141
32550
2b9dd
3347a
2b9de
33b9d
32553
38726
34143
32555
2b9e2
3263c
356f0
2ff5b
2f6fd
38461
339c4
3ba4d
33c8f
2b9e7
348d4
2b9e8
37ec3
356f4
2fba8
2b9eb
38465
34146
34238
31f9b
37ec4
32b0f
3263d
356f7
33c91
3ba4e
37ec6
338d7
33c92
38467
33c93
34148
38468
356f8
37ec9
2bb99
2ca96
2baaf
30043
35232
2f7d7
2bb9d
35234
2bab3
32362
33f64
32363
37fa0
2fc96
3880e
3263f
2bab7
33f68
33f69
2cf51
304f7
2c8b6
2babb
2fc98
3347e
2f706
38810
2faab
2c31f
38811
2ff60
2c321
38812
30047
2c323
2bac3
2c8c0
35aae
2f240
38814
3004a
2bac7
34bab
2c8c4
38816
35ab3
32642
2eea8
2f7d8
3356c
2f242
35237
34326
2f244
349c4
2f245
34c95
33ab8
37fa6
34327
2f248
38818
2ff62
3423c
2ff63
2fc9c
38819
32645
38276
339cb
2f70c
37fa8
32648
2f70e
3881b
3523b
32c02
2ff64
2badf
3881d
339cd
2bae1
34243
3356f
32ddb
34c97
339ce
33c99
2bae6
34c98
349c9
3881f
34245
2baea
3432d
38821
2bba0
2f8c7
2f331
32ddc
2bc8e
35325
32ddd
2bc90
2f249
34056
2f24a
38901
2f7dc
3338f
2f513
34059
2f7dd
2bbaa
2c40c
2d8c1
2bbac
2d316
2c9a9
32732
2c40f
32733
2c410
30405
2fbaa
2c412
33571
30053
2c414
309ae
3013a
2c9b1
3013b
2bbb7
35ba1
2c9b4
346f0
2fbac
38907
346f2
2c9b7
2ef99
33573
2bbbe
32735
2bbbf
3432f
32736
2bbc1
330b2
2bbc2
33d87
32739
3890a
34331
3273b
2bbc6
32822
35328
3013f
2f337
38099
335fc
3bc31
33e79
2bbcb
34abe
2bbcc
37afb
3532c
2f7e3
2bbcf
3809d
34334
3441c
3217f
37afc
32cf7
32823
3532f
33e7b
3bc32
34ac0
38910
34ac1
33d8a
37aff
34336
380a0
35330
37b01
2bd7d
2cc7a
2bc93
30227
35416
2f9bf
2bd81
35418
2bc97
2d407
309af
2cb8a
2bf5a
30143
2bc9a
2f8ce
2bc9b
30229
2c4f2
2bc9d
3022a
2c4f4
2bc9f
307d0
2c4f6
2bf62
2f33f
33ba2
2f340
389f7
2f8d0
33485
2f614
33ba5
2f8d1
2bca7
2c4f8
35c92
2f426
389f8
3022e
2bcab
347e3
2c4fc
389fa
35c97
32828
2f08c
2f8d2
330ba
2f8d3
2f343
34422
32272
33e7e
3282c
2bcb5
33e80
2f347
2bcb7
3818c
2f9c0
331a7
2f428
3541b
3450a
2f42a
34bae
2f42b
34e79
336f0
3818e
3450b
2f42e
389ff
34425
3450d
30148
2bcc3
38a01
33605
2bcc5
34427
331a9
32fbf
34e7b
33606
38a02
2bcca
34e7c
2bccb
34e7d
34429
2bcce
34511
38a05
2bd84
2faaf
2f515
32fc0
2be78
35509
32fc1
2be7a
2c5df
30234
2c04b
2daa6
2f42f
32ed2
2c5e2
32ed3
2c5e3
2bd8e
305eb
2c5e5
2bd90
30316
2c5e7
2c053
3853b
2bd94
32918
2bd95
33c9b
2c327
3264b
2bd97
3264c
2bd98
33c9e
33c9f
2fd73
2bd9b
357d9
2c5ec
348da
2f7e7
3853f
348dc
2c5ef
2ecc1
331ad
2bda2
3291b
2bda3
34513
3291c
2bda5
33298
2bda6
33f71
3291f
38542
34515
32921
2bdaa
32a06
3550c
2fd77
2f51b
3827f
337e0
3b869
3405d
2bdaf
346f6
2bdb0
37cdf
35510
2f9cb
2bdb3
38283
35512
331af
32365
37ce0
32edb
32a07
35513
3405f
3b86a
37ce2
336f9
34060
38285
34061
3451a
38286
35514
37ce5
2c13c
2c6d2
2be7d
2d040
30b93
2f521
32fc4
2c6d5
32fc5
2c6d6
2be81
306dd
2c6d8
2be83
3329e
2c6da
2be85
3862d
2fab7
330bd
2f256
33d8d
2f523
33d8e
2f524
3862f
32fc8
2c41c
2f615
3836d
349cb
2be8e
306de
2c6df
358cd
2fe6e
2be91
2be92
32fc9
2edb6
2fd7e
34604
2fd7f
2fabc
38633
32a0f
380a2
337e7
2f52a
3836f
32a12
2f52c
38635
2fe6f
3414a
2fbae
2be9e
35600
32c04
3505c
338d9
37dd0
33baa
38636
35601
3414e
2bea4
38374
35603
332a1
2fe72
2bea8
34065
3255a
35605
332a2
338db
37dd3
34066
2bead
338dc
37dd5
338dd
2beb0
34153
3863c
3460d
2bf63
2c056
304fc
2fca3
331b1
2f620
2bf67
304fe
35c9b
2fbb0
2c41e
2f52d
32b14
2c420
35ba7
3014b
2c422
2f349
32dea
2c4ff
32deb
2c500
330c2
2c501
38a07
3014e
2bf74
2c7d4
2cd70
3040d
2c7d6
2dc8c
2f52f
32b18
2cd73
2bf7a
30410
2cd75
330c5
2cd76
2bf7d
30d79
2cd78
2bf7f
38ccd
30503
2bf81
35f69
2cd7c
35064
2ff68
38ccf
35066
2cd7f
2f532
32b1a
2f533
2bf88
346fc
3255b
38730
3023e
347ec
3255c
38731
331b4
2fbb9
2bf8e
330c8
2fbbb
3846d
33e87
2bf91
3846e
34700
2fca8
35c9e
347ef
2fcaa
34e7e
2fcab
356fb
33f78
38a0e
347f0
2fcae
38cd6
34701
347f2
30509
2bf9d
34e81
2bf9e
38a12
34159
34e82
38cd9
34e83
2bfa3
38cda
2bfa5
38a15
2d041
2c05c
2c149
305ef
2c05e
332a6
2f7ea
2c060
2c5f0
32923
2c062
32924
2c063
32c0a
2c064
3451f
2c5f4
3854e
2c067
2c8c7
2dd7d
2d4fe
30aa3
2ce64
3050b
2c8ca
305f1
2f627
2c8cc
32c0d
2c8cd
308be
30058
2c8cf
30e6c
305f4
2f7eb
3854f
35155
2c074
308c0
2ce6f
3605d
305f7
2c077
2c078
3050e
2c079
38dc3
331bb
2f7ed
332a7
2f714
33f7c
2f715
37fb2
32cfb
2c07f
348e0
305fa
2c081
34338
2c082
34f71
2f7f2
35242
2f7f3
2c085
38553
30247
2fcb6
347fa
32c12
2c089
3424f
2fcb9
2c08b
38555
348e4
30249
2c08e
38dc9
3433b
37fb7
37fb8
33f81
3433c
38559
3433d
347fe
3855a
357ea
2c097
2c239
2d134
2c14f
2fe74
358d0
32ded
2c23d
358d2
2c153
2fd87
3460e
2fabf
3863e
2fd88
38eac
32cfd
2c157
34612
34613
2d043
30b95
2cf54
2c15b
2f7f7
332ac
2f718
2c9bc
38eae
2f7f8
38eaf
30155
2c9bf
38eb0
306e5
2c9c1
2c163
2cf5e
3614c
2f8e0
38eb2
306e8
2c167
34c9d
2cf62
38eb4
36151
3273f
38914
2fe76
349d0
32740
38915
3339a
2f71a
32d01
2f71b
2c170
348ea
30602
2fd8e
38eb6
34070
2f7fe
38643
32d06
2f800
38eb8
306eb
2f8e3
38645
33bae
37dd8
34431
2c17b
3506a
2c17c
380a8
358d9
2fd8f
2c17f
38649
358db
33bb1
37dd9
34434
3864a
34435
34072
38ebd
2c186
380ac
349d8
358dd
2c23f
2c32c
307d2
2f9cf
33489
2f34c
2c243
307d4
359c5
2c246
2d9b5
30f5f
2d136
2c507
2fe79
2c249
306f0
2ca9e
2c24b
2fe7a
2c24c
307d6
2caa1
2c24e
30d7c
2caa3
2c7df
3255d
2c251
3255e
2c252
32df2
2c253
3415d
2c7e3
38734
2c256
34d8c
2caa5
38736
3024c
36240
30aa7
2c25a
36242
34d91
2f8ed
333a0
306f3
2f262
2c25f
32df6
2c260
307dc
359c6
33bb5
2c262
34ac3
2fe7f
2f8f0
349de
32df8
2c266
34439
2f8f3
2c268
38738
2ff6d
2c26a
359c9
33579
35424
33ca1
38199
34524
38fab
359ca
34ac7
2c270
3873c
359cc
34ac9
3357a
35427
33bb8
38fae
2c276
35428
2c277
35429
349e3
2c27a
34acb
38fb1
2c332
3005b
2f43d
32fd0
2c426
35ab5
3005d
2c428
2cb8b
2c338
2daa8
31051
2f351
32ee2
2cb8e
2c33b
307e3
2cb90
3348e
2cb91
2c33e
30b97
2cb93
2c340
38ae7
2c342
2ff71
34252
2fcbc
38824
2ff72
38ae8
32ee5
2c346
34256
34257
3031f
2c349
35d85
2cb98
34e86
2fd93
38aeb
34e88
2cb9b
2f354
32ee6
2f355
2c350
34ace
32925
3855c
3005e
34bb4
32926
3855d
3357e
2f9e1
2c356
33494
2f9e3
38289
33ca9
2c359
3828a
34ad2
2fac6
35aba
34bb7
2fac8
34ca0
2fac9
35517
33d94
3882c
34bb8
2facc
38af2
34ad3
34bba
30325
2c365
34ca3
2c366
38830
3452d
34ca4
38af5
34ca5
2c36b
38af6
2c36d
38833
2cc7d
2d319
308c3
2cc7f
2c42c
2facd
3357f
2f444
2c6ed
38bd6
2face
38bd7
2fe82
2c6f0
38bd8
30416
2c6f2
2c434
30063
34344
2f802
38916
30064
38bda
32fd7
2c438
34348
34349
30418
2c43b
35e77
2cc8a
34f78
2fe85
38bdd
34f7a
2cc8d
2f446
32fd8
2f447
2c442
34bc0
32a17
3864e
30159
34704
32a18
3864f
330cd
2fad3
2c448
33586
2fad5
3837b
33d9b
2c44b
3837c
34bc4
2fbc4
35bac
34707
2fbc6
34d92
2fbc7
35609
33e8c
3891e
34708
2fbca
38be4
34bc5
3470a
3041e
2c457
34d95
2c458
38922
3461f
34d96
38be7
34d97
35bb2
2c45d
34bc6
38925
2daa9
3024e
2c603
307e8
2c512
331c1
30250
2c514
2c9c9
2d9b8
2c517
3015d
36152
2fada
2c9cd
36154
2c51b
2fe86
349e4
3015f
39274
306fa
2caad
333a5
2caae
38fb4
349e9
2d9b9
30f60
2d31c
2c523
2fadb
330d2
2f26b
39276
2fadc
2cd85
39277
30511
2cd87
39278
30aad
2cd89
2c52b
2d326
36514
30252
3927a
30ab0
2c52f
35611
2d32a
3927c
36519
30163
34ca6
330d5
30164
3927d
34ca9
2fbcd
331c2
2f35a
36249
3452e
381a0
34801
38a18
34caa
30165
3470e
32b27
38cdd
309bf
330d8
2c53f
34711
30169
2c541
38fb9
307eb
2c543
3624b
34530
38a1c
34803
39281
3624c
34d9d
2c548
38fbd
3624f
34712
2c54b
34532
38a1f
34533
2c54e
38a20
34da0
36251
2c607
2c6f4
30b9a
2fcbd
332b2
2f44c
2c60b
30b9c
35d8d
2f9e7
33496
2f35c
34ad7
2f35d
2c610
32eef
2c611
34ada
2cba1
2d40d
2daab
31053
2d40f
2c616
2fbd1
331c6
2f35f
39368
2fbd2
2ce78
39369
30603
2ce7a
3936a
30b9f
2ce7c
2c61e
35700
2d419
38afc
30605
36608
30e71
2c622
3660a
35705
2fbd4
331c8
2fbd5
2f362
34da4
307f4
2f44d
30ba4
2c629
34e8b
2fd9a
357ec
34621
38293
30abb
2fcc1
34534
2fcc2
3855f
30331
2c630
35d91
34622
38560
348f5
39371
35d92
34e8f
2c635
34da7
34536
30264
38b01
331ce
30266
39374
35d94
34e91
34538
39376
2c63e
357f0
35521
39377
34dab
2c642
34e93
39379
2c6fa
3041f
2f53d
30c8d
2c7e8
35e7d
30421
2c7ea
2f44f
32fe0
2cc8f
332b6
2cc90
38bea
3006b
38beb
332b7
2c704
2cf64
2e421
2d5f2
31145
2d501
30336
2cf67
30337
2cf68
30c8f
2fcc5
2cf6a
30f61
30702
2cf6c
31512
30c92
2d509
30c93
2c711
366f9
2d50c
35248
30704
3945f
3524a
2d50f
2f454
30bac
2f455
2c718
332bc
2f457
2c71a
30422
35e80
333a9
2f62d
35614
2f62e
358df
2f807
34626
2f808
38651
30bad
2fda8
2c722
348fa
332bf
39463
34e9a
332c1
2c726
34f7e
30c98
2c728
35616
2fe92
358e1
2fe93
2c72b
38bf4
34f82
30c99
2c72e
358e2
35619
39468
2c731
38bf7
2c733
3946a
2c735
38bf9
2d7d3
2ff7a
2c8d9
30516
2c7ee
33499
2ff7c
2c7f0
2cab0
2e513
2c7f2
2df64
2d047
30425
2cab3
30426
2cab4
30d81
2f80b
2cab6
31054
307f7
2cab8
31604
30d84
2d04f
2fbd7
330dc
2f544
34715
2f545
2c7ff
32b29
2c800
34718
2cd90
2ff7d
38ce1
35339
2c804
31056
2d053
367ed
30d87
2c807
2c808
3042a
2c809
34f87
3042b
2c80b
38ce3
2ff7f
3506e
2f8fa
2c80e
34adc
2c80f
35707
2c810
39554
32dfe
38fc2
3416d
2c813
34f8b
3416e
2fe9e
38ce4
333b4
2fea0
39556
30d89
2ff82
38ce6
34ade
2c81b
35709
2c81c
38747
35f77
3051a
2c81f
39559
38748
34171
34ae0
38ceb
34ae1
34f8e
38cec
35f7a
3874b
2c9cf
308c4
2c8df
3006d
36060
2f9ea
2c9d3
36062
2c8e3
2e055
31605
2d7d6
2cba4
2ff87
2c8e6
2ff88
2c8e7
308c7
2d13c
2c8e9
308c8
2d13e
2c8eb
30e72
2d140
2cbac
2f635
32c1a
2ce7e
3349e
2ce7f
38dd0
30268
38dd1
3349f
2c8f3
2d142
36330
30070
39096
308cc
2c8f7
35433
2d146
39098
36335
3434a
37fbc
34bcf
38834
2ff8b
35078
334a1
2ff8c
39099
3507b
2f9eb
3358c
2f724
36065
3507c
2ff8d
34ae2
32ef1
38b09
30d92
334a4
2c907
34ae5
2ff91
2c909
38dd7
3060b
2c90b
36067
3434c
38838
34bd1
3909d
36068
35165
2c910
38ddb
3606b
34ae6
2c913
3434e
3883b
3434f
2c916
3883c
35168
390a3
2c9d5
2db9b
316f7
2d8c8
2cc96
30079
2c9d8
3007a
2c9d9
308d4
2d22e
2c9db
309c1
2d230
2c9dd
30f65
2d232
2cc9e
2f727
32d0c
2cf70
33590
2cf71
38ec2
2fdae
38ec3
33591
2c9e5
2d234
36422
3016e
39188
309c5
2c9e9
35525
2d238
3918a
36427
3016f
34cb0
2fae4
2c9ee
3471a
2c9ef
3533f
2c9f0
30612
2c9f1
3516b
30613
2c9f3
38ec7
3516e
3007f
34bd4
32fe3
38bfb
308d8
33596
2c9f9
34bd7
30083
2c9fb
38ec9
30706
2c9fd
36159
34444
3892a
3471d
3918f
3615a
34cb5
2ca02
38ecd
3615d
34bd8
2ca05
34446
3892d
34447
2ca08
34cb9
39194
35173
2cabb
2cbae
31058
2f903
31059
2f367
2cabf
3105a
367f3
2cac2
30ca1
2f274
30ca2
2cf78
366ff
30ca3
2cf7a
2f276
34f90
2f277
39821
2f814
333b6
2f54b
34f93
2f815
2cacc
2d32c
2d8ca
2cacf
2e240
31da8
2f278
30ca7
2d8cd
30ca8
2d8ce
2cad3
30f6c
2d8d0
2cad5
318dd
2d8d2
2cad7
39825
3105f
2cad9
36ac1
2d8d6
35bbc
30ac0
39827
35bbe
2d8d9
2f27a
30ca9
2f27b
2cae0
30caa
2f27d
349f6
2f27e
38fc4
349f8
2cae4
38fc5
35256
2f368
30d96
2cae7
35345
30cab
2f9f5
359d6
2f9f6
36253
3008c
2caec
34cbd
30716
2caee
35346
31064
2caf0
359d8
30804
36255
30805
2caf3
39568
3534a
31065
2caf6
349fb
39830
359da
34db1
3956b
2cafb
39832
2cafd
3956d
2db9d
30340
2cca1
30341
2cbb6
3026a
30342
2cbb8
2d148
30d99
2d149
390a4
2f63c
30d9a
2d14b
334a9
2d14c
390a6
2cbbf
2d41f
2e8ec
2e05a
31607
2d9be
30809
2d422
3080a
2d423
3114d
3017f
2d425
31422
30bb0
2d427
319e0
31150
30343
390a7
35cad
2cbcc
31424
2d9c9
36bb5
31153
2cbcf
2cbd0
3080b
2cbd1
3534f
3080c
2cbd3
331d2
2cbd4
34db3
3080f
3991c
35351
30811
2cbd8
30345
3633a
3026d
2f90f
2cbdb
34e9e
2cbdc
35ac9
2cbdd
3991e
34af1
2cbdf
35438
31156
2cbe1
35aca
3034a
35d9b
3034b
2cbe4
390ae
30da1
308de
2cbe7
39921
38b10
34af3
34ea2
390b1
34ea3
35356
390b2
36342
38b13
2cd91
2dc90
2cca7
2fdaf
36428
2faea
2cd95
3642a
2ccab
3034d
2ccac
35175
2d23c
30616
2ccae
30617
2ccaf
35178
35179
2db9f
2d511
2e9df
2ccb3
2f9fe
31159
2f45f
39a06
30270
2d515
39a07
30cad
2d517
39a08
31241
2d519
2ccbb
2dab8
36ca4
30438
39a0a
31244
2ccbf
357f5
2dabc
39a0c
36ca9
30272
35440
30273
2fa02
39a0d
30353
3946c
34be1
2f465
3919b
30356
2f467
39a0f
2fdb2
35528
2faec
2cccc
3919d
34720
38930
34f97
38bfe
34be3
2ccd0
39a10
3115e
309cf
2ccd3
3642f
34722
38c00
34f99
39a11
36430
3552d
2ccd8
391a1
36433
34f9a
391a2
34f9b
34be4
34ea9
2ccde
38c04
35530
36435
2cd97
2ce84
3132e
2fbdb
3132f
2f63f
2cd9b
31330
3651d
2cd9e
2e515
31ad3
2dc92
2d05f
2fdb5
2cda1
2faee
2cda2
3124c
2d5f9
2cda4
31332
2d5fb
2cda6
318e0
2d5fd
2d337
30717
2cda9
30718
2cdaa
30443
2cdab
34cc3
2d33b
3928c
2cdae
358e4
2d5ff
3928e
30da4
36d98
3160b
2cdb2
36d9a
358e9
2faf2
3124e
2faf3
2f556
35534
2fea5
34f9c
30448
2cdb9
34f9e
2f55a
2cdbb
39290
2fbdd
31338
2f641
3651f
35537
3052c
35f7c
34813
38a23
3124f
2fea8
38cf1
309d9
3052d
36520
3561d
3052f
35f7e
34815
39293
3561e
30532
39b04
36524
35621
3472a
34fa1
2cdce
35f80
35cb7
39b07
3553b
2cdd2
35623
39b09
2ce8a
30bb3
2f730
30bb4
2cf7e
3660d
30bb5
2cf80
2d6e5
2ce90
2e608
31bc5
2f642
30ac7
2d6e8
30ac8
2d6e9
2ce94
3133f
2d6eb
2ce96
316fb
2d6ed
2ce98
3963f
2ce9a
30275
34db8
30276
3937c
2fbe2
39640
30536
2ce9e
34dbc
34dbd
30e7b
2cea1
368dd
2d6f2
359de
308eb
39643
359e0
2d6f5
2f646
30acc
2f647
2cea8
30acd
2f649
34818
2f64a
38de0
3481a
2ceac
38de1
35628
2f732
30bb6
2ceaf
3570d
3061e
3606e
34905
38569
30ace
2feae
2ceb4
35091
3053e
2ceb6
3570e
30e80
2ceb8
357fa
30622
36071
30623
2cebb
39386
35712
30e81
2cebe
3481d
3964c
357fc
3964d
357fd
2cec3
3964e
2cec5
3938b
2d7d7
2de75
31427
2d7d9
2cf84
2fcd1
30e83
2f735
3972e
2ff9c
2d246
3972f
309da
2d248
39730
30f72
2d24a
2cf8c
2fdbb
34eaa
2fdbc
3946e
2fcd4
39732
30628
2cf90
34eae
34eaf
30f74
2cf93
369cf
2d7e4
35ad0
309dd
39735
35ad2
2d7e7
2f284
30cb1
2cf99
3525d
2fcd6
30e86
2fcd7
2f73a
35718
30091
35180
3062c
2cf9f
35182
2f73e
2cfa1
39474
3071c
36160
349fd
3865b
30bc0
2ffa0
2cfa6
35183
30630
2cfa8
3525e
30f79
2cfaa
358ec
30720
36163
30721
2cfad
39478
35262
30f7a
2cfb0
3947a
35185
358ee
3973f
358ef
3670a
38eda
3571e
3947d
2e609
30da6
2d15b
30da7
2d06a
30724
30da8
2d06c
2d521
2e518
2d06f
30631
36caa
2fdbe
2d525
36cac
2d073
2fdbf
3553c
2faf7
39b0a
2fdc0
39dcc
30cb8
2d077
35540
35541
2e519
2d8db
2edb8
2d07b
2fdc2
3151e
2f825
39dce
30634
2d8df
39dcf
3106d
2d8e1
39dd0
31611
2d8e3
2d083
2de82
3707e
30daa
39dd2
31614
2d087
36169
2de86
39dd4
37083
30725
39834
34fa3
2d08c
30cbc
2d08d
357ff
30cbd
2d08f
35268
30cbf
39dd6
35801
30cc1
2d093
30dab
36da0
30728
2fdc7
2d096
35358
2d097
35f83
2d098
39dd8
31523
31347
2d09b
36da3
35096
39574
3535b
39dd9
36da4
358f5
2d0a0
39b15
36da7
3526a
2d0a3
35098
39577
35099
2d0a6
39578
358f8
36da9
2d15f
2d24c
316fe
2ffa3
316ff
2fa05
2d163
31700
368e5
2fbe8
31349
2f64f
3562f
2f916
35630
2f917
39ebf
3134b
2d6fb
2df69
3161a
2d9cd
2eeaa
2f918
3134c
2df6c
3134d
2df6d
2d170
3161d
2df6f
2d172
319e3
2df71
2d174
39ec3
2d176
36258
2df75
39654
31161
37172
319e5
2d17a
37174
3625d
2f91a
3535e
30818
39927
3072c
358fa
3072d
2feba
39ec7
3509c
2f91f
39655
30dbc
2f921
39ec9
30819
359e2
2ffa6
2d187
39657
35186
38dea
3544b
390b9
35900
30e8d
2d18c
368e9
35188
390ba
3544d
39ecb
368ea
359e7
2d191
35901
368ec
359e9
3509e
39ece
2d196
36348
2d197
36349
35903
2d19a
359eb
39ed1
2d252
30f7b
2faf8
30f7c
2d340
369d5
30f7d
2d342
2f740
30bc2
2d7e9
30bc3
2d7ea
30e90
2d7eb
39743
2ffa9
2d25c
2dabe
2ef9b
2d25e
2e9e1
2e05d
308fb
2dac1
308fc
2dac2
317f3
3081d
2dac4
31ad5
3125e
2dac6
32090
317f6
2e065
317f7
2d269
37263
2e068
35da0
31260
39fb7
35da2
2e06b
2f46a
3518c
2f46b
391a8
2ffac
31710
2ffad
2fa0f
359ee
30900
2d274
35453
2fa12
2d276
39748
30097
317fa
2fafb
369d9
359f1
309e6
36436
34ccd
38edd
31711
30904
2d27e
35ad6
317fc
2d280
3616e
309ea
36439
309eb
2d283
3974c
35ada
317fd
2d286
3643a
2d287
3643b
391af
35191
2d28b
39fc2
2d28d
39751
2e333
30ad2
2d431
30ad3
2d346
30450
30ad4
2d348
2d60a
2f08d
2d34a
2ead3
2dba3
309ed
2d60d
309ee
2d60e
318e5
30363
2d610
31bc8
31353
2d612
32182
318e8
2dbab
2f82e
30f83
2f289
3526d
2fafe
3526e
2faff
3a0a7
30f85
2d8ea
30ad5
39839
35e91
2d35c
31bca
2dbaf
37357
318eb
2d35f
2d360
309f1
2d361
35549
2fb01
30f86
2fb02
2d364
30f87
2fb04
3929b
34cd5
2d367
3929c
35ae2
2fbec
31074
2d36a
35bc7
30f88
30277
3625e
30278
36529
30366
2d36f
35ae5
318ed
30ada
3983e
35636
2d373
36261
2d374
3929f
36acf
31076
2d377
3a0b1
392a0
34cd7
35638
39843
35639
35ae6
39844
36ad2
392a3
2d527
2e426
2d437
30541
36bb8
3027a
2d52b
36bba
2d43b
2ebc4
32183
2e336
2d6fe
30455
2d43e
3018c
2d43f
3142b
2dc98
2d441
3142c
2dc9a
2d443
319e6
2dc9c
2d706
2f37a
30dbf
2d9d8
30dc0
2d9d9
3107a
2d9da
39929
3018f
2d44b
2dc9e
36e9a
30bc8
39bee
31430
2d44f
35f8b
2dca2
39bf0
36e9f
30543
39660
34dc5
2d454
30ae4
2d455
35bd1
30ae5
2d457
3563c
30ae7
39bf2
35bd3
30ae9
2d45b
30bc9
36bbc
30546
2fdc8
35da4
2fdc9
3661b
30193
2d460
39bf4
318f6
31167
2d463
36bbf
34eb2
39390
35729
39bf5
36bc0
35cbd
2d468
39933
36bc3
3563e
39392
34eb4
2d46d
3661f
2d46e
39394
35cc0
36bc5
2d52d
2d7ef
2ecc5
2d52f
2e70b
2dd88
30bd1
2d7f2
30bd2
2d7f3
31524
30549
2d7f5
31dac
30f8b
2d7f7
32367
31527
2f46c
30905
2daca
30906
2dacb
3116c
2dacc
39a1b
30281
2d53d
2dd90
36f8c
30cc6
39ce0
31529
2d541
3607d
2dd94
39ce2
36f91
3063b
39752
34eb7
2d546
30cc7
36cae
3063e
2fce5
3116e
2fce6
2d54a
3116f
2fce8
3947f
34eb9
2d54d
39480
35cc6
2febc
35e96
2febd
3670d
30285
2d552
39ce6
3143c
31262
2d555
36cb1
34faa
39482
35275
39ce7
36cb2
3580d
2d55a
39a25
36cb5
35730
2d55d
34fac
39485
34fad
2d560
35811
39cec
35ccb
2d615
2d708
31bcc
3045b
31bcd
2febf
2d619
31bce
3735d
2d61c
31805
2fdcc
31806
2dad2
37269
31807
2dad4
2fb08
30f8e
2dbb3
30f8f
2dbb4
31809
2dbb5
3a0b7
3036d
2d626
2de88
30bdf
2d628
3036f
2d629
31ade
2e42c
2d62b
31bd0
2e42e
2d62d
32184
2e430
2de90
31359
3a0b9
36713
2d632
3245c
2e435
3763f
31bd5
2d635
2d636
3126b
2d637
35813
2fdd3
3180d
2fdd4
2d63a
3180e
2fdd6
39b1d
35551
2d63d
39b1e
35dae
2fec0
318fa
2d640
35e9d
3180f
3054d
3652e
3054e
36dab
30be4
2d645
35db1
31bd7
3135e
3a0be
35906
2d649
36531
2d64a
39b21
37363
318fc
2d64d
3a387
2d64f
3a0c2
35908
35645
39b23
35db2
3a0c4
37366
39b25
2d7f9
2e70d
2d70f
30dc1
36ea0
30550
2d7fd
36ea2
2d713
3045f
35bda
30195
39bfc
30460
3a46a
31364
2d717
35bde
35bdf
2fec4
31900
2e51c
31901
2e51d
2d71c
31bdc
2e51f
2d71e
31fa1
2e521
2d720
3a46f
2d722
36804
2e525
39c00
31715
37730
31fa3
2d726
37732
36809
2fec6
3590a
30dc4
39ed3
30cd8
35ea6
30cd9
30466
3a473
35648
2fecb
39c01
3136c
2fecd
3a475
30dc5
35f8e
30552
2d733
39c03
35732
39396
359f7
39665
35eac
31441
2d738
36ea7
35734
39666
359f9
3a477
36ea8
35f93
2d73d
35ead
36eaa
35f95
3564a
3a47a
2d742
368f4
2d743
368f5
35eaf
2d746
35f97
3a47d
2d800
3152f
300a4
31530
2d8ee
36f93
31531
2d8f0
2fcec
31172
2dd97
31173
2dd98
31444
2dd99
39cef
30555
2d80a
2e06c
30dc7
2d80c
30557
2d80d
31ccd
2e610
2d80f
31db4
2e612
2d811
32368
2e614
2e074
30f93
39cf1
3634b
2d816
32094
2e619
37823
31db9
2d819
2d81a
30ead
2d81b
359fd
2ffb9
31448
2ffba
2d81e
31449
2ffbc
39755
3573b
2d821
39756
35f9c
300a6
31532
2d824
36081
3144a
30731
36718
30732
369e3
30dcc
2d829
35f9f
31dbb
30f98
39cf6
35af0
2d82d
3671b
2d82e
39759
36f9b
31534
2d831
3a56b
3671c
35af3
39cfa
35a00
3975b
35fa0
39cfc
36f9e
3975d
2d9dd
2e8f1
2d8f3
309fb
37084
30734
2d9e1
37086
2d8f7
30645
31dbe
300a9
3a64e
3090e
2dbbb
3a64f
31906
2dbbd
3a650
31ea7
2dbbf
2d8ff
2de91
30cdb
2d901
30cdc
2d902
30f9f
2d903
3581b
2de95
39de4
2d906
3643c
2e15d
39de6
31908
37914
32188
2d90a
37916
36441
300ac
35af4
309fe
3a0c7
30910
3608a
30911
3064c
3a657
35280
300b1
39de7
30fa6
300b3
3a659
309ff
36172
30736
2d917
39de9
3536a
3957a
35be1
39849
36090
3153d
31089
3708a
36175
3108b
36ad6
3536d
39deb
36176
3108e
3a65c
3708e
36179
35282
35af9
2d926
36ad8
3680f
3a65f
36093
2d92a
3617b
3a661
2d9e4
31717
30288
31718
2dad8
37177
31719
2dada
2e245
3108f
2dcab
31090
2dcac
31eb1
30a03
2dcae
32277
3144d
2dcb0
32835
319ee
2e24d
2fece
3162d
2f927
35911
3019c
35912
3019d
3a199
3162f
2df88
31177
39ed7
36535
2d9fa
32279
2e251
3745b
319f1
2d9fd
2d9fe
31093
2d9ff
35be7
3019f
31630
301a0
2da02
31631
301a2
39939
35373
2da05
3993a
36180
3028a
3171a
2da08
36265
3117a
36bc6
3545d
390c1
31632
30a06
2da0d
36183
319f3
3117c
39edc
35cd4
2da11
36353
2da12
3993d
3717f
3171c
2da15
3a1a3
2da17
39ee0
35cd6
35461
3993f
36184
39ee2
37182
39941
2dd9c
30af3
2dadc
3082a
2dadd
319f7
2e33a
2dadf
31ae4
2e33c
2dae1
32096
2e33e
2dda4
2fa18
30eb5
2e076
30eb6
2e077
31720
2e078
39fc7
3082d
2dae9
2e340
3754a
31276
3a28c
31ae8
2daed
36629
2e344
3a28e
3754f
30be7
39cfe
35463
2daf2
31277
3726c
30bea
30291
31722
30292
2daf6
31723
30294
39a2b
35465
2daf9
39a2c
36272
30468
36442
30469
36cb9
30831
2dafe
3a292
319fb
31816
2db01
3726f
35556
39a2e
35821
3a293
37270
35db9
2db06
39fd1
37273
35cdc
2db09
35558
39a31
35559
2db0c
35dbd
3a298
36277
2dbc1
2dcb4
32189
30a07
3218a
3046b
2dbc5
3218b
3791b
2dbc8
31dc4
30378
31dc5
2e07e
37827
31dc6
2e080
300b4
31542
2e163
31543
2e164
31dc8
2e165
3a663
30919
2dbd2
2e438
3118f
2dbd4
3091b
2dbd5
3209b
2e9e7
2dbd7
3218d
2e9e9
2dbd9
32744
2e9eb
2e440
3190d
3a665
337ed
2dbde
32a1c
2e9f0
36cc1
32192
2dbe1
2dbe2
3181f
2dbe3
35dbf
3037f
31dcc
30380
2dbe6
31dcd
30382
3a0c9
35afd
2dbe9
3a0ca
3635a
3046c
31eb9
2dbec
36449
31dce
30af9
36ada
30afa
37369
31194
2dbf1
3635d
32194
31912
3a66a
35eb2
2dbf5
36add
2dbf6
3a0cd
37921
31ebb
2dbf9
3a933
3a0ce
35aff
35eb4
3a66f
35eb5
3635e
3a670
37924
3a0d1
2dda5
2ecc8
2dcbb
31371
3745e
30afc
2dda9
37460
2dcbf
30a0b
36186
30741
3a1a8
30a0c
3aa16
31918
2dcc3
3618a
3618b
30470
31ebf
2ead7
31ec0
2ead8
2dcc8
32199
2eada
2dcca
32561
2eadc
2dccc
3aa1b
2dcce
338de
2eae0
3a1ac
31cd4
36db2
32563
2dcd2
36db4
338e3
30472
35eb6
31374
3a47f
31288
36452
31289
30a12
3aa1f
35bf4
30477
3a1ad
31920
30479
3aa21
31375
3653a
30afe
2dcdf
3a1af
35cde
39942
35fa3
39c11
36458
31a00
2dce4
37465
35ce0
39c12
35fa5
3aa23
37466
3653f
2dce9
36459
37468
36541
35bf6
3aa26
2dcee
36eb2
2dcef
36eb3
3645b
2dcf2
36543
3aa29
2ddac
31aee
30650
31aef
2de9a
37551
31af0
2de9c
30298
31726
2e347
31727
2e348
31a03
2e349
3a29b
30b01
2ddb6
2e61c
31377
2ddb8
30b03
2ddb9
3228a
2ebcb
2ddbb
32371
2ebcd
2ddbd
32928
2ebcf
2e624
31547
3a29d
339d1
2ddc2
32654
2ebd4
368f9
32376
2ddc5
2ddc6
31461
2ddc7
35fa9
30565
31a07
30566
2ddca
31a08
30568
39d01
35ce7
2ddcd
39d02
36548
30652
31af1
2ddd0
3662d
31a09
30cdd
36cc4
30cde
36fa1
3137c
2ddd5
3654b
32378
3154c
3a2a2
3609c
2ddd9
36cc7
2ddda
39d05
37559
31af3
2dddd
3ab17
36cc8
3609f
3a2a6
35fac
39d07
3654c
3a2a8
3755c
39d09
2df89
2eeac
2de9f
30fab
37642
30ce0
2df8d
37644
2dea3
30bf1
3237b
30655
3abfa
30ebe
2e16b
3abfb
31ec5
2e16d
3abfc
32464
2e16f
2deab
2e441
3128b
2dead
3128c
2deae
31553
2deaf
35dc7
2e445
3a390
2deb2
33ac2
2e718
3a392
31ec7
369ea
32748
2deb6
369ec
33ac7
30658
360a0
30fae
3a673
30ec0
36636
30ec1
30bf8
3ac03
3582c
3065d
3a393
3155a
3065f
3ac05
30faf
3671e
30ce2
2dec3
3a395
35916
39b26
3618d
39df5
3663c
31afc
3163d
37648
36721
3163f
37094
35919
3a397
36722
31642
3ac08
3764c
36725
3582e
3ac0a
2ded2
37096
2ded3
37097
3663f
2ded6
36727
3ac0d
2df90
31cd6
30834
31cd7
2e084
37735
31cd8
2e086
2e800
30746
31bea
2e802
31beb
2e803
2df99
3246f
2e805
2df9b
32838
2e807
2df9d
3a743
3047a
31bec
2fed3
35ebd
30748
35ebe
30749
3a745
31bee
2e538
3172b
3a483
33609
2dfa6
32839
2e80c
36ae3
31fae
2dfa9
2dfaa
31647
2dfab
36193
3074b
31bef
3074c
2dfae
31bf0
3074e
39ee5
3591f
2dfb1
39ee6
3672c
30836
31cd9
2dfb4
36811
3172e
37184
35a09
3966d
31bf1
30fb6
2dfb9
3672f
31fb0
31730
3a488
36280
2dfbd
368ff
2dfbe
39ee9
3773d
31cdb
2dfc1
3a74f
39eea
35921
36282
3a48d
36283
36730
3a48e
37740
39eed
2e34c
2e8f3
31735
2e34e
31736
2e34f
320a0
310a5
2e351
32929
31afe
2e353
32ef2
320a3
2ffc4
31469
2e626
3146a
2e627
31cdf
2e628
3a573
30dd9
2e095
2e8fb
36bd2
3182a
3a838
320a5
2e099
336fd
2e8ff
3a83a
36bd7
31197
3a2aa
35a0f
2e09e
3182b
3782a
3119a
3083d
31ce1
3083e
2e0a2
31ce2
30840
39fd7
35a11
2e0a5
39fd8
3681e
30a14
369ee
30a15
37277
30ddd
2e0aa
3a83e
31fb8
31dd5
2e0ad
3782d
35b02
39fda
35dcd
3a83f
3782e
36365
2e0b2
3a57d
37831
36288
2e0b5
35b04
39fdd
35b05
2e0b8
36369
3a844
36823
2e171
31833
33ac8
30fb8
2e265
33aca
2e175
31741
339d6
30ec6
2e62d
339d8
2e179
30ec7
36640
30bfb
3ac0e
30ec8
3aed4
31dda
2e17d
36644
36645
30928
32386
2efa0
32387
2efa1
2e182
3265b
2efa3
2e184
32fe6
2efa5
2e186
3aed9
2e188
33d9e
2efa9
3ac12
3219f
3727e
32fe8
2e18c
37280
33da3
3092a
3636a
31836
3a939
31746
36902
31747
30ece
3aedd
360a8
3092f
3ac13
31de2
30931
3aedf
31837
33acc
30fba
2e199
3ac15
36198
39dfc
3645d
3a677
36908
3238b
31ecf
369f6
33acf
31ed1
2e1a1
3ac17
3619a
3a679
3645f
3aee2
369fa
33ad3
33ad4
369fd
2e1a8
3ac1b
3636f
3709c
3aee6
3709d
2e1ad
3aee7
310ab
3283b
30b09
2e269
3283c
33611
30cec
32478
30753
36733
30a1a
36734
30a1b
3afc7
3247a
2e814
2f091
30a1c
3247b
2f093
3247c
2f094
2e275
32758
2f096
2e277
32b2c
2f098
2e279
3afcb
32841
2e27b
3736f
2f09c
33e92
32292
3afcd
33e94
2f09f
3047c
3619e
3047d
3a1ba
30fc0
32759
30fc1
30a21
36a00
31edc
2e286
36465
30a24
2e288
3a75a
310ad
32844
30b0b
36ae7
36a03
31a14
3746c
3628b
39eef
3275a
31a15
36ae8
33615
31a17
2e292
3a75d
3628c
3a1bf
36551
3afd4
3275b
33618
32847
2e298
3a760
36aef
3a1c1
361a3
36552
3a762
36553
36a06
3a763
30bfc
320ab
2e448
33701
320ac
2e44a
30844
31ce5
2e902
31ce6
2e903
31fbf
2e904
3a847
310b1
2e362
2ebd7
3192b
2e364
310b3
2e365
32849
2f186
2e367
32930
2f188
2e369
32ef3
2f18a
2ebdf
31b05
3a849
33f83
2e36e
32c1f
2f18f
36eb7
32935
2e371
2e372
31a1f
2e373
36555
30b11
31fc3
30b12
2e376
31fc4
30b14
3a2ad
36293
2e379
3a2ae
36af4
30bfe
320ad
2e37c
33705
31fc5
3128d
37282
3128e
3755f
31930
2e381
36af7
32937
31b0a
3a84e
36bdc
33709
2e386
37284
31b0e
37561
320af
2e389
3b0c7
3a2b2
3370d
3664a
3a853
3664b
36294
3b0ca
2e390
3a2b5
2e539
31bf5
2e44c
31560
31bf6
2e44e
2e723
31471
2e450
311a2
2e451
3293b
2eccc
2e453
32a22
2ecce
2e455
32fe9
2ecd0
2e72b
3038c
31de5
2e9fd
31de6
2e9fe
320b3
2e9ff
3a93b
311a5
2e45d
2ecd2
36fa6
31bf8
3b1b0
32a26
2e461
34077
2ecd6
3b1b2
36fab
31561
3ac1e
35dd7
2e466
31b14
2e467
36be3
31b15
2e469
3664e
31b17
3b1b4
36be5
31b19
2e46d
31bf9
36cca
31564
311a9
2e470
36738
2e471
37375
2e472
3b1b6
3293f
321a4
2e475
36ccd
337fa
31bfe
3b1b7
3673a
2e479
37377
2e47a
3a945
36cd1
36cd2
3a3a4
35dda
3b1bb
2e480
37654
2e481
37655
36beb
2e53d
31651
338e4
31382
2e631
338e6
2e541
31293
32a2c
30cf3
3acf0
31566
2e818
3acf1
31fc7
2e81a
3acf2
32569
2e81c
2e549
2eaee
31931
2e54b
31932
2e54c
31c03
2e54d
3646b
2eaf2
3aa2e
2e550
33bba
2edc5
3aa30
31fc9
370a0
32e05
2e554
370a2
33bbf
30cf6
3673e
31654
3a765
31568
36cd4
31569
3129a
3acf9
35eca
30cfb
3aa31
31c0a
30cfd
3acfb
31655
338e8
31384
2e561
3682a
2e562
36ebb
2e563
3aa33
36cda
321ae
31ced
36dbe
338eb
31cef
2e569
3aa35
35fb6
3a495
3682d
3acfe
36dc2
338ef
338f0
36dc5
2e570
3aa39
36743
36ebe
3ad02
36ebf
2e575
3ad03
30de4
32298
2eeae
32299
2eeaf
2e636
32574
2eeb1
2e638
32ef5
2eeb3
2e63a
3ade5
2e63c
31387
3655a
30b19
3ab1e
31388
3ade6
31cf6
2e640
3655e
3655f
32663
2e643
37191
2eeb8
33cae
320bc
3ade9
33cb0
2eebb
30846
35fba
30847
3a582
30ed2
32666
30935
3690d
3165a
36dc6
3165b
3138c
3adeb
35fbc
30ded
3ab23
31cfc
30def
3aded
360ac
39d0a
36377
3a585
36dcb
32576
31cfe
2e658
339dc
32668
2e65a
3a586
36911
31def
37836
360af
3ab28
339e0
32669
2e660
339e3
3adf2
3a589
35fbf
3637a
3ab2c
3637b
36dce
3ab2d
30fc6
32a32
2e81f
3407b
32a33
2e821
30ed4
32940
2ebe7
33f89
32941
2ebe9
30c0c
320bd
2ecd9
320be
2ecda
32943
2ecdb
3b1bf
3147d
2e739
30936
36652
30937
3ac20
3147e
32c24
3147f
30edb
36ec2
3239a
2e740
36919
30ede
2e742
3b1c2
3156d
32d16
30fc9
36fb3
36ec5
32488
37656
33ad7
3a3a9
32c25
3239e
2e74a
34080
32d18
2e74c
36a0a
3248c
37659
3248d
2e74f
3b1c6
34084
32d19
2e752
3765a
2e753
3765b
2e755
3b1c9
3691a
2e757
36ec8
3b1cb
310b8
32578
2e911
33bc1
32579
2e913
30cfe
321af
2edcb
321b0
2edcc
32a38
2edcd
3ad05
31571
2e82b
30a28
3674a
30a29
3a766
31572
32d1a
31573
30fcf
36fbe
32494
2e832
36a11
30fd2
2e834
3ad08
31661
32e08
310bb
370a5
36fc1
31fce
37748
3361d
3a49b
32d1b
31fcf
370a6
33bc7
31fd1
3774a
3361f
3ad0b
33bc8
31fd4
3b58d
32d1c
33bca
32e0b
2e844
3774c
2e845
3774d
2e847
3ad0f
36a12
3a76e
36fc4
3ad11
311ac
3266a
2ea03
33cb3
3266b
2ea05
30df0
322a1
2eebd
322a2
2eebe
3257e
2eebf
3adf7
31665
2e91d
30b1a
3683c
30b1b
3a858
31666
32e0c
31667
310c1
370b0
31fda
2e924
36b03
310c4
2e926
3adfa
31753
32efa
311af
37197
370b3
320c2
3783a
3370f
3a58d
32e0d
31fde
2e92e
33cb8
32efc
2e930
36bf4
320c6
3783d
320c7
2e933
3adfe
33cbc
32efd
2e936
3783e
2e937
3783f
3a85f
33cbf
36b04
3a860
370b6
3ae03
3129e
3275c
2eaf5
33da5
3275d
2eaf7
30938
3239f
2efaf
323a0
2efb0
32670
2efb1
3aeeb
31757
2ea0f
30c0e
36382
30c0f
3a94a
31758
32efe
31759
311b5
371a2
320ce
2ea16
36bfb
311b8
2ea18
3aeee
31845
32fec
312a1
37289
371a5
321b4
3792c
33801
3a67f
32eff
320d2
2ea20
33daa
32fee
2ea22
36ce6
321b8
3792f
321b9
2ea25
3aef2
33dae
32fef
2ea28
37930
2ea29
37931
3a951
33db1
36bfc
2ea2d
371a8
3aef7
31390
3284e
2ebeb
33e97
3284f
2ebed
30a2a
32499
2f0a1
3249a
2f0a2
32762
2f0a3
3afdd
31849
2eb01
30d00
36474
30d01
3aa3c
3184a
32ff0
3184b
312a7
37294
321c0
2eb08
36ced
312aa
2eb0a
3afe0
31937
32b32
31393
3737b
338f2
3a1c4
36561
3aa3f
37297
32ff1
321c4
2eb12
33e9c
32b34
2eb14
36dd8
322aa
37475
322ab
2eb17
3afe4
33ea0
32b35
2eb1a
37476
2eb1b
37477
2eb1d
3afe7
36cee
2eb1f
3729a
3afe9
30b1c
31fdf
2f193
31fe0
2f194
32854
2f195
3b0cf
3193b
2ebf3
30df2
36566
30df3
3ab2e
31484
32c27
30ee3
36ecb
31c15
37384
31c16
3193e
3b3a4
36568
3139b
3b0d1
322b4
3139d
3b3a6
339e4
3a2b6
36659
3ab31
37389
32b37
322b6
2ec04
33f8e
32c29
2ec06
36924
323a6
37567
323a7
2ec09
3b0d6
33f92
32c2a
2ec0c
37568
2ec0d
37569
2ec0f
3b0d9
36de0
2ec11
3738c
3b0db
31578
32ff3
2edd1
3462d
32ff4
2edd3
31486
32f01
2f199
3453b
32f02
2f19b
31488
36ed4
323ac
3b4a2
322b9
37478
322ba
31a38
3ba4f
36c00
3148d
3b777
32953
3148f
3ba51
323ad
34630
31b29
2ecf1
3b779
33806
3a954
34089
3b1d1
3747e
32f06
32a42
3756c
34633
32a44
36fc8
33809
3b77b
34634
32a47
3ba54
37570
34637
3380a
3b1d4
3380b
2ed00
3b77f
37573
3b1d6
36c03
2ed05
3ba59
31c1a
333bb
3166b
2edd6
333bc
34175
3249d
3b593
36cf7
2edda
32a49
2eddb
37575
32a4a
2eddd
36fce
32a4c
3bb42
37577
32a4e
2ede1
32586
3765c
324a0
31b2d
2ede4
33bce
2ede5
36de3
2ede6
3bb44
333be
32589
3b2c0
33bd0
2edea
36de5
2edeb
3ad19
37661
32a4f
2edee
3b2c3
37663
33bd2
3b2c4
33bd3
3417e
37665
2edf4
3b2c6
36fd1
3757d
2eec6
31fe1
34264
31d0d
2efb6
34266
2eeca
3258e
2eecb
370bf
3166f
32b3e
31670
2eece
32b3f
31672
3ae07
36deb
2eed1
3ae08
3766a
3175e
32c2d
2eed4
34269
32b40
31dfc
36928
31dfd
371ab
324a3
2eed9
3766d
334b0
3267b
3b3b2
33cc2
2eedd
3692b
2eede
3ae0b
37753
32c2f
2eee1
3bc39
3692c
3bc3a
3692d
37756
2eee5
36dec
3bc3c
2eee8
3ae0f
2f0a6
32768
2efb9
320d4
32769
2efbb
311ba
3692e
311bb
3aef8
31d10
334b3
31d11
31763
3775a
32683
2efc2
371b3
31766
2efc4
3b4a4
31e00
335a1
31851
37841
3775d
3276b
3729c
33add
3ac2b
334b4
32687
2efcc
3435c
335a3
2efce
36a1c
3276f
3729f
32770
2efd1
3b4a8
34360
335a4
2efd4
372a0
2efd5
372a1
3aeff
34363
371b4
2efd9
37760
3b4ad
31940
32e0f
2f19d
34449
32e10
2f19f
31852
372a2
321c8
3b2c9
320d9
3784a
320da
31e04
3b86b
36a22
31857
3b595
32777
31859
3b86d
321c9
3444c
31ef3
2f0b9
33ea4
2f0ba
36b0d
2f0bb
3b597
37850
32d25
3285e
37934
3444f
32860
37390
33625
3b599
34450
32863
3b870
37938
34453
33626
3aff0
33627
2f0c8
3b59d
3793b
2f0cb
3b59e
2f0cd
3b875
322bc
3b3ba
36b13
2f1a2
32956
37482
322bf
31945
32e14
31946
2f1a6
32e15
31948
3b0dd
36b15
2f1a9
3b0de
37940
31b2e
36c04
31b2f
36edb
31ef7
2f1ae
3b960
330ed
32f08
2f1b1
37485
33716
3b0e0
33f99
3b961
37486
34543
2f1b6
3b68d
37489
33f9a
3b68e
33f9b
34546
3b965
2f1bc
3b690
37399
37945
2f28a
2f744
300b8
30756
2f838
335a8
30d03
3277c
2f928
333c4
30759
2fb0d
330ef
2f295
301ab
2f297
3075c
34a02
2f299
34365
34a03
2f29b
35286
30760
3957d
324a4
2f29f
38386
33dba
37854
33ae5
2f2a2
34368
32783
37b06
2f2a5
2f2a6
32e1b
33dbd
35287
33dbe
35288
33ae9
372aa
2f2ab
37a13
3436d
34a07
2f2ae
37b0a
2f2b0
37fc0
3286c
2f37f
30df4
301ae
2f381
39944
32e1d
2ffc6
2f384
30b1e
322c0
2f386
301af
3084d
3038e
33628
34dca
30850
38b17
34dcb
30852
390c2
38b19
39946
32870
322c1
2f392
34458
37bf6
33ead
32874
381a2
36b19
2f396
32877
32f0c
3bc3e
3445b
37b0c
3445c
380b3
33eb1
37948
33630
2f39e
37bfb
34dcf
36b1b
3aff6
37bfd
38936
2f470
2fa1c
311bc
3295f
2fa1e
2f474
3856a
30391
2fcf0
332d2
32961
2fcf2
30393
302a1
30480
33f9c
35468
3371b
2f47e
35469
34be8
39a37
2f481
2f482
32ffe
32963
32964
36c0a
2f485
3454b
3371e
3856b
36ee1
32968
38295
335ab
2f48c
34be9
2f48d
34bea
38a27
3454f
37cec
33fa4
33723
3b0e7
3546d
36ee3
2f493
3b0e9
2f561
2f83b
333c7
32a51
2f83d
2fde4
30482
2fb12
332d7
30a2e
32a53
2fc01
330f4
2f56c
3957e
2f56e
3463a
38cfa
3408f
30489
38cfc
34fb0
2f572
3048c
31c22
330f5
333cb
3380e
36fd2
32a57
37ddb
34092
2f579
3757f
37ddd
3865e
2f57d
33811
34fb1
33812
34fb2
2f580
36cfe
3b1d8
34642
34097
2f583
37cf2
37581
37cf3
2f587
2f745
2ffc7
2f655
32e1e
334bb
2f658
30b1f
2fed9
2f65a
3966e
32b48
302a2
2f65d
2ffc8
2f65f
30579
3481e
2f661
34181
3481f
2f663
3564e
3057d
3939a
322c2
2f667
381a7
33bd6
37670
33901
2f66a
34184
3259f
37ece
2f66d
2f66e
32c38
33bd9
3564f
33bda
35650
33905
370c6
2f673
37de3
34189
34823
2f676
37ed2
2f678
3838b
2fde8
2f747
3093c
320dd
2f749
2fcf4
2ffca
2f74c
32c39
30668
2fcf8
2f74f
300be
2f751
3066b
34910
2f753
34273
34911
2f755
35740
3066f
3948c
323b4
2f759
38299
33cc8
37762
339f3
2f75c
34276
32691
37a18
2f75f
2f760
32d2c
33ccb
35741
33ccc
35742
339f7
371b8
2f765
37a1b
33ccf
34915
2f768
37a1c
3ae13
3847d
32d2d
2f841
2fdea
31584
312b0
32d2e
30673
30df7
3436e
35830
34099
2f849
35831
34fb6
39dff
2f84c
2f84d
34370
380b6
36fd7
32d31
380b8
34372
2f851
32d34
333cd
3409d
3785a
339fd
3b4af
3491c
37fc4
3491d
38570
34376
340a1
3b4b0
35835
2f85c
38571
32e1f
2f934
313a1
30df9
2fede
2f937
3093d
33bde
3537c
30dfc
390c6
3537d
30dfe
39671
390c8
39ef2
33be0
3794a
33aed
2f941
34a0b
33be2
38fd5
2f944
2f945
33aee
370ca
2f947
381ad
34466
35925
34467
35926
33be6
2f94b
381ae
35381
380c1
2f94f
2fb15
30855
3093e
2ffcf
2fa28
38b1a
2fa2a
30941
35198
2fa2c
34afb
35199
2fa2e
35a16
30945
39764
33632
371ba
32f14
3829b
34555
32f16
38845
3829d
38b1c
2fa38
34aff
3b692
37493
33cd6
35471
33cd7
35472
2fa3c
381b1
34b03
3519d
2fa3f
3b695
2fb16
300bf
3039c
2fb19
3a0d4
335b2
38847
2fb1d
34bec
392a9
34645
30a35
392ab
35562
2fb21
30a38
33005
34bee
2fb24
37583
33dc5
2fb26
34bf0
33009
38938
37a1e
34649
38390
372af
2fb2c
34ce1
2fb2d
34ce2
38b1d
34bf4
3464d
2fb30
382a4
38393
38b1e
2fc09
301b2
3194c
310cc
32b4a
3048f
30c13
3418a
35bf8
33eb5
2fc11
35bf9
34dd2
39c1b
2fc14
2fc15
3418c
3847e
3739f
32b4d
38480
3418e
2fc19
32b50
331e9
33eb9
37676
33819
3b2cb
34738
38394
34739
3893a
34192
33ebd
3b2cc
35bfd
2fc24
3893b
3057f
30c14
302a5
2fcfe
38df2
2fd00
30c17
34ec2
2fd02
34825
34ec3
2fd04
35cec
30c1b
39a3a
33908
36ee4
32c3e
37fc9
3427f
32c40
38572
37fcb
38df4
2fd0e
34829
3b3bc
37769
33fac
35747
33fad
35748
2fd12
37fce
34285
34ec7
2fd15
38489
2fded
302a7
30c1d
312b1
303a0
2fdf2
312b3
3464e
35836
312b5
39b2e
35837
312b7
3a0d7
39b30
3a3ac
33fb0
37586
339ff
2fdfc
34ecb
34652
39491
2fdff
2fe00
34925
3ba5b
37589
34654
35839
34655
3583a
2fe04
38575
34ed1
3556b
2fe07
3ba5e
2fee0
30490
30d10
2fee3
3a49c
2fee5
313a7
35658
2fee7
34fbb
35659
2fee9
35ed0
313ab
39c1e
33af0
34fbc
333d1
38759
34a15
333d3
38d03
3875b
39584
34199
3875c
340a5
2fef4
3565b
2fef5
3565c
39493
34fc2
34a1b
2fef8
38670
3875f
39494
2ffd3
30583
31d15
31494
38d05
2ffd8
350ac
39765
34b05
30eef
39767
35a1c
2ffdc
30ef2
334c2
34b06
2ffdf
3776b
34289
2ffe1
350b0
334c6
38df6
33bea
3776c
33639
3bc40
350b2
38760
350b3
38d06
34b0c
3428f
3bc41
35fc5
2ffec
38d07
335b3
300c6
31585
30fdd
30949
310cd
34bf6
360b2
34379
300cc
360b3
35292
3a681
300cf
300d0
3437a
3893c
33cdb
335b6
3893e
34bfa
300d4
335b9
3372a
351a3
300d7
38941
34bfc
360b5
34bfd
360b6
34380
300db
38942
35b11
38855
300df
302a8
30a39
310ce
30768
301ba
310d0
3446a
35bfe
310d2
3994a
35bff
310d4
39ef3
3994c
3a1c8
33dcc
3794e
3381b
301c4
34ce7
3446e
392ad
301c7
301c8
34741
3b877
37951
34470
35c01
34471
35c02
301cc
38945
34ced
35387
301cf
3b87a
302a9
30859
31a3f
3176a
38fdb
302ae
34dd6
39a3b
3482f
311c5
39a3d
35cf2
302b2
311c8
331ec
34830
302b5
37495
3455f
302b7
34dda
331f0
38b23
33ec0
37496
3390f
3b96a
34ddc
38a36
34ddd
38fdc
34836
302bf
38a37
3629b
3b96c
38fdd
311c9
3185d
3094c
303a4
3185f
34c00
35de2
31861
3a0da
35de3
31863
3a683
3a0dc
3a958
34566
37c03
33fb5
303ae
35b15
303af
35b16
3994d
3547f
34c06
303b2
38b26
303b4
3994e
30494
31efa
31951
312bd
31952
34fc4
3647a
34747
3049a
3647b
35c06
3aa49
3049d
3049e
34748
38d08
34659
34749
35ed7
3474a
35ed8
304a2
37cf7
34fca
35c09
304a5
38c1d
30585
30b2f
322c3
31a41
392b1
3058a
3565e
39d11
350b7
3149b
39d13
35fc8
3058e
3149e
33910
350b8
30591
37de8
350b9
3656f
350ba
36570
3483d
38dfc
35664
35fcb
37dea
30599
30c20
30ef4
30679
3ac2c
3067b
3158b
3583c
3067d
35751
3583d
3067f
36660
3158f
3a3ae
33cde
35752
33a03
38eed
35753
38dfe
35754
393a4
351ad
30687
38dff
36663
38eef
393a5
30fe5
3167a
30d14
3076c
3167c
34a1c
361aa
3167e
39ef6
361ab
31680
3a49f
39ef8
3a774
34382
37a1f
33dd1
30776
35931
30777
35932
39769
3529b
34a22
3077a
38ef2
3077c
3976a
3085c
31d16
3176d
310d9
31866
34de0
36842
34b0f
30862
36843
35a22
3a865
30865
30866
34b10
38b28
34475
34b11
3629f
34b12
362a0
3086a
37b13
34de6
35a25
3086d
38fe5
3094d
30ef7
32694
323b7
39679
30952
35a26
3a685
35482
31e0f
3a687
36390
30956
31e12
33ce0
35483
30959
381b5
35484
3693b
35485
3693c
351b4
391c4
35a2c
36393
381b7
30961
30fe8
31868
30a41
3aff8
30a43
31f00
361b0
30a45
35b19
361b1
30a47
36a2c
31f04
3a776
3465a
35b1a
33dd3
392b5
35b1b
391c6
35b1c
3976c
35578
30a4f
391c7
36a2f
392b7
3976d
31959
31a43
310dc
30b34
31a45
34de7
36572
31a47
3a2be
36573
31a49
3a867
3a2c0
3b0ec
3474d
38398
341a1
30b3e
362a5
30b3f
362a6
3a0dd
35c0f
34ded
30b42
392ba
30b44
3a0de
30c24
320e0
31b36
314a1
31c26
35757
36c0e
34eda
30c2a
36c0f
35dea
3b1dd
30c2d
30c2e
34edb
39498
34840
34edc
36667
34edd
36668
30c32
3848c
3575d
35ded
30c35
393ad
30d15
312bf
32a5c
321d3
39a41
30d1a
35842
3a4a1
3529e
31c2c
3a4a3
36758
30d1e
31c2f
340a8
3529f
30d21
37fd1
352a0
36d03
352a1
36d04
34fd0
3958c
35848
3675b
37fd3
30d29
313b0
31684
30e09
3ae14
30e0b
31d1c
35fcc
30e0d
35935
35fcd
30e0f
36df4
31d20
3ab3e
34476
35936
33bef
390d5
35937
3958e
35938
39b34
35394
30e17
3958f
36df7
390d7
39b35
31d22
323b8
314a4
30efc
323ba
3575e
3693e
323bc
3ac32
3693f
323be
3b1df
3ac34
3b4b4
350c4
38764
34b18
30f06
3666d
30f07
3666e
3a4a5
35fd7
35764
30f0a
3967e
30f0c
3a4a6
30fec
32a5d
324ac
31e16
324ad
35b1f
36fda
352a5
30ff2
36fdb
3675e
3b5a5
30ff5
30ff6
352a6
39860
351b7
352a7
36a33
352a8
36a34
30ffa
38858
35b25
36761
30ffd
39775
310dd
31687
32e27
325a4
39e09
310e2
361b6
3a869
35c12
31ff6
3a86b
36b24
310e6
31ff9
34478
35c13
310e9
38949
35c14
370cf
35c15
370d0
3539b
39954
361bc
36b27
3894b
310f1
31778
31a4d
311d1
3b788
311d3
320e6
36394
311d5
362a9
36395
311d7
371c0
320ea
3af0a
34841
362aa
3456b
39a45
362ab
39956
362ac
39efc
35d08
311df
39957
371c3
39a47
39efd
31b3e
321d5
3186c
312c4
321d7
3557a
36d06
321d9
3aa4e
36d07
321db
3affb
3aa50
3b2d0
34ee0
38580
34934
312ce
36489
312cf
3648a
3a2c1
35df3
35580
312d2
39a4a
312d4
3a2c2
313b4
32879
322c8
31c32
323c1
3593b
373a2
3566d
313ba
373a3
3657a
3b3c1
313bd
313be
3566e
39680
34fd3
3566f
36dfb
35670
36dfc
313c2
38674
35941
3657d
313c5
39b3d
314a5
31a50
331f2
32f1b
3a1d1
314aa
3657e
3b1e1
35fda
32972
3b1e3
36ef0
314ae
32975
34843
35fdb
314b1
38d11
35fdc
3749b
35fdd
3749c
35d0f
39d1c
36584
36ef3
38d13
314b9
31b41
323c3
31599
3bb51
3159b
32a63
36d0c
3159d
36671
36d0d
3159f
3758c
32a67
3b2d2
351b8
36672
34936
39e0d
36673
39d1e
36674
3a2c4
360d0
315a7
39d1f
3758f
39e0f
3a2c5
324b4
325a6
31c35
3168c
325a8
35942
370d2
325aa
3ae1a
370d3
325ac
3b3c3
3ae1c
3bc45
352ab
38ef4
34cff
31696
36e01
31697
36e02
3ac35
36767
35948
3169a
39e12
3169c
3ac36
3177c
32c44
32699
31ffc
32789
362af
3776e
35a35
31782
3776f
36946
3bd36
31785
31786
35a36
39ff0
3539e
35a37
371c7
35a38
371c8
3178a
38fe8
362b5
36949
3178d
39f05
3186d
31e18
335ba
32d37
3a599
31872
3639a
3affd
35df6
3278f
3afff
372b8
31876
32792
34c0b
35df7
31879
38b2d
35df8
37863
35df9
37864
35b2b
3a0e4
363a0
372bb
38b2f
31881
31f09
321df
31961
3b96d
31963
3287f
36b28
31965
3648d
36b29
31967
37954
32883
3b69a
34fd4
3648e
34752
39c2d
3648f
3a0e6
36490
3a68c
35eec
3196f
3a0e7
37957
39c2f
3a68d
32885
334c9
3a77d
31a56
36585
3b78d
371cb
31a58
374a0
362b7
31a5a
31a5b
3363f
371cd
33640
371ce
31a5e
3a1d5
35c1f
392bc
35676
31a61
392be
3658b
392bf
31a65
320ef
3300f
32978
33010
35dfc
37590
3372f
3b87e
372be
33014
3b2d5
3b87f
31b4e
36c22
31b4f
36c23
3b0f3
37595
35767
36c24
34ee5
3a3b9
36c25
35e02
31b55
3a2cd
31c36
321e2
31c38
32b56
33820
373ae
32b58
37dec
33822
31c3d
36d13
37ded
3b3c8
3676b
3a3bc
3676c
3a962
373b3
34fd6
3676d
31c44
394a1
3676e
31c46
3a3be
31c48
3b1e6
31d29
37edd
31d2b
32c49
36e04
31d2d
37775
32c4b
3b4b8
3685c
32c4d
32c4e
35fe2
37777
35fe3
37778
33917
31d35
35fe4
3a59c
3594a
35fe5
3a59e
36e0a
3a59f
3aa55
326a1
332e5
3ab45
31e1e
363a1
3b5a9
36fe7
31e20
37868
360d3
31e22
31e23
33a07
36fe9
33a08
36fea
31e26
3a5a1
35a3b
390d8
35492
31e29
390da
363a7
390db
31e2d
324b7
32e2b
32794
32f24
361c4
37958
33af7
3bc46
370da
32e30
3b69d
3bc47
31f16
36a3e
31f17
36a3f
3af0f
3795d
35583
36a40
34d01
3a1d9
36a41
361ca
31f1d
3a695
31fff
32e34
335bc
33bf0
3777a
33643
381b8
33bf2
334ce
3bd3c
381b9
32008
36b37
32009
36b38
3b5ad
3777f
35c21
370e2
353a2
3a873
370e3
36868
3200f
3a783
320f1
32f26
335bd
33ce2
3786c
33735
382aa
33ce4
335c1
3b882
382ab
320fa
36c29
320fb
36c2a
3b69f
37871
35d13
371d4
35494
3a965
371d5
363ae
32101
3a879
321e3
33018
331f4
33dd4
3795e
33827
3839c
33dd6
33107
3b974
3839d
321ec
36d1b
321ed
36d1c
3b791
37963
35859
372c6
35586
3aa57
372c7
364a0
321f3
3a96b
322d5
32b5e
332e6
33ec6
374a4
33919
3848e
33ec8
331f9
3ba66
3848f
322de
36e0d
322df
36e0e
3b2d7
374a9
3594b
373b8
35678
3ab49
373b9
36592
322e5
3aa5d
323c7
32c50
333d8
33fb8
37596
33a0b
37fd4
33fba
332eb
3bb58
37fd5
323d0
36953
323d1
36954
3b3c9
3759b
35a3d
36efe
3576a
3ac3b
36eff
36684
323d7
3ab4f
324b9
32d42
334d1
340aa
37688
33afd
380c6
340ac
333dd
3bc4a
380c7
324c2
36a45
324c3
36a46
3b4bb
3768d
35b2f
36ff0
352b0
3a785
36ff1
36776
324c9
3ac41
325b2
333e1
33bf6
3768e
33bf7
3768f
33920
325b7
36e14
3ae22
36778
36e15
3ae24
37692
3ae25
3b2db
334d2
326a6
36958
326a7
36959
3bc4c
34298
362bf
37782
35a40
3af15
37783
3695c
326ad
3ae29
32796
335c5
33dda
37872
33ddb
37873
33b04
3279b
36a4c
3b006
363b0
36a4d
3b008
37876
3b009
3b4bf
3310a
3288a
36b3c
3288b
36b3d
3b884
3447c
35ef7
37966
35c24
3b0f9
37967
36b40
32891
3b00d
3297a
331fd
33fbe
374aa
33fbf
374ab
3373c
3297f
36c30
3b1ea
36594
36c31
3b1ec
374ae
3b1ed
3b6a3
332ee
32a6e
36d20
32a6f
36d21
3ba68
34660
360db
3759e
3585c
3ad35
3759f
36d24
32a75
3b1f1
32b60
34753
3b886
341a8
3b2dc
36779
3a3c0
373c3
32b64
3b2dd
34755
3677a
32b67
3a3c3
32c52
34845
3b978
3429a
3b3d2
3686b
3a4b2
36f09
32c56
3b3d3
34847
3686c
32c59
3a4b5
32d44
34937
3ba6a
3438c
3b4c4
363b1
3a5a4
36ffb
32d48
3b4c5
34939
363b2
32d4b
3a5a7
32e36
34a29
3bb5c
3447e
3b5b6
364a3
3a696
370ed
32e3a
3b5b7
34a2b
364a4
32e3d
3a699
32f28
34b1b
3bc4e
34570
3b6a8
36595
3a1dc
371df
32f2c
3b6a9
34b1d
36596
32f2f
3a1df
3301a
34c0d
3bd40
34662
3b79a
36687
3a2ce
372d1
3301e
3b79b
34c0f
36688
33021
3a2d1
3310c
34756
382ac
34481
3b888
364a5
3a96c
33de3
33110
3b889
34d04
36d28
33113
3a96f
331fe
34848
3839e
34573
3b97e
36597
3aa5e
33ed5
33202
3b97f
34df6
36e1a
33205
3aa61
332f0
3493a
38490
34665
3ba70
36689
3ab50
33fc7
332f4
3ba71
34ee8
36960
332f7
3ab53
333e2
34a2c
37fd6
341ab
3bb62
3677b
3ac42
340b9
333e6
3bb63
34fda
36a52
333e9
3ac45
334d4
34b1e
380c8
3429d
3bc54
3686d
3a788
33bff
334d8
3bc55
350cc
36b44
334db
3a78b
335c6
34c10
381ba
3438f
3bd46
363b3
3a87a
33cf1
335ca
3bd47
351be
36c36
335cd
3a87d
33655
33748
3bd4a
3a2d2
3bd4b
37c12
33659
3b101
3d3b1
37b1e
33b10
37b1f
3b6ad
33b12
3d2bd
3a78d
33b14
3429f
37df4
33c02
37790
36b45
3ad38
36870
33665
3b7a1
37794
33667
381bc
37796
3ae2a
33c09
3ae2b
33c0a
3bd4f
3a791
33c0c
3366d
33c0e
3ae2c
3366f
3ae2d
33670
3b6af
33671
3ff2d
33c12
44524
33674
371e3
3bc62
34b26
33ed7
353a3
33677
34df8
34485
3b010
33eda
37974
37b23
33edc
3a795
3367c
3b013
3448a
3367e
38492
3448c
33ee1
403e8
3a1e5
403e9
33683
3ba76
34491
3d685
37c1b
33686
3c767
34494
403ec
3c769
36599
3a1e6
362c4
374bc
3a1e7
36a54
374bd
3368e
39f0e
3b6b4
3995f
43f72
3a1e9
371eb
43f73
3b1f2
371ed
43f74
3b7a8
374c5
3b7a9
33697
3fd47
371f2
3ce04
3b1f5
43f77
3ce06
371f5
374c6
3a882
3369d
3a883
3369e
3b102
3369f
3f981
374ca
43f7b
336a2
3b016
336a3
403ed
3bc66
3a2d4
3bd52
37c1e
3d3b3
3bee4
37c20
336a9
3b6bc
336aa
3fc55
3a1f0
336ac
3bc67
3a1f2
44528
3bdf6
3b6c0
44529
3f987
3a2d5
3d3b6
3bdf7
3b7af
3fd4c
3c581
436f3
3bee7
336b6
43f80
3ce0a
4452c
3ce0b
336b9
4452d
3bdf9
336bc
3beeb
4452f
3fa74
44530
3fa75
3fc58
336c1
33839
3475a
3374f
3a974
3cef4
3b2e6
3383d
3cef6
33753
351bf
3bd55
34c16
33cf7
37883
33756
371f7
37885
33758
3b2e7
37887
3375a
3a5a8
3bd56
39ffd
44065
3a888
33cff
44066
3b897
3788d
3a5aa
3bd59
39fff
4001d
3a2d6
4001e
3a2d7
44069
3bd5b
33d07
34667
37c21
33de6
375ac
34c19
381bf
34578
3376a
36f0d
3b982
36c3a
33fcd
3b109
37c24
3b7b7
3457d
3376f
37fd8
3457f
33771
404d9
37fd9
33fd4
3b7b8
33fd5
37d0b
3d776
3b2e9
33777
3d778
37fdb
404dd
3c85a
3377a
3377b
372d7
3b10c
36c3c
36b4d
3b10d
3377f
3b2eb
375b0
3a976
372db
3a977
372dc
3b7ba
3a2de
372de
3bb6a
3ad3a
372e0
33787
372e2
3fe38
3aa63
43abc
3b2f0
3378b
3c94b
372e6
43abe
3fe3d
3a002
3b7bc
39a53
3fa77
39d26
3fa78
39d27
4433b
3b7be
375bd
3a2e2
3bd5f
3b10f
37c28
33797
3b1fa
3cef8
3b89a
37d11
4406d
3cefb
3a2e3
3fd52
3b1fc
4433d
3b110
3a893
404e1
3bef1
3a2e7
337a1
3fd54
3a2e9
43ac4
3b1fd
3a894
337a5
3c94e
337a6
3fb63
337a7
404e4
3bfda
3b2f8
3fe40
3b2f9
3fe41
3bfdb
3bef4
43ac8
3cf00
404e7
3c676
404e8
3c677
337b2
43acb
3fd57
33840
3b3da
37df6
3b3db
3392e
3cfe7
3aa67
33930
34496
37a2d
33de8
37976
36d29
3af24
364a8
33849
383a0
3797a
3384b
3b3de
3797c
3b019
33def
3b01a
33df0
3b988
3a97f
33df2
33851
33df4
3b01b
33853
3b01c
33854
3b2fa
33855
40111
33df8
4415c
33858
373c9
3b8a3
3475e
340bb
35587
3385b
34fdc
3466b
3b1fe
340be
375bf
37d15
340c0
3a983
33860
3b201
34670
33862
383a1
34672
340c5
405cc
3a3cb
405cd
33867
3bc6b
34677
3d869
37e00
3386a
3c39f
3467a
405d0
3c3a1
3677d
3a3cc
35efc
376a0
33870
3a986
376a1
33872
3a0f2
3b2ff
39b43
43baa
3a3cf
373d1
43bab
3ae33
373d3
43bac
3b3e4
376a9
3b3e5
3387b
3ff31
373d8
3ca3c
3ae36
43baf
3ca3e
373db
376aa
3aa6a
33881
3aa6b
33882
3ad3f
33883
3fb6b
376ae
43bb3
33886
3b204
33887
405d1
3b8a7
3a4bc
3b98b
37e03
3cfeb
3c0c8
37e05
3388d
3b307
3388e
3fe45
3a3d6
33890
3b8a8
3a3d8
44160
3bfe4
3b30b
44161
3fb71
3a4bd
3cfee
3bfe5
3b3eb
3ff36
3c76b
438d7
3c0cb
3389a
43bb8
3ca42
44164
3ca43
3389d
44165
3bfe7
338a0
3c0cf
44167
3f6ac
44168
3f6ad
3fe48
338a5
33a1d
3493e
33933
3ab58
3d0d8
3b4ce
33a21
3d0da
33937
350cf
38677
3484e
33c16
376b0
3393a
370f4
341b3
3393c
3a4be
3b98e
37e09
33c1b
3bd63
37eed
33c1d
33941
3bd64
341ba
3b98f
341bb
3484f
383a3
3458b
33946
373dc
3b30e
36e1e
33eea
3ba80
37eef
33eec
4424c
39c38
3b6c4
374d6
3b6c5
374d7
3394e
3b993
374d9
33ef2
39c3a
3b6c6
33ef4
3b6c7
33ef5
3b995
33ef6
406bf
3aa76
33956
33fd6
3779c
33958
36f10
37ef1
3d95a
3b4d1
3395b
3d95c
381c3
406c1
3c492
3395e
3395f
36f11
3ad49
36e20
36d31
36e22
33963
3b4d3
377a1
3ab5a
36f15
3ab5b
36f16
3b4d4
3a4c6
36f18
3bd67
3af26
36f1a
3396b
36f1c
40022
3ac47
43ca0
3b4d8
3396f
3cb2f
36f20
43ca2
40027
39c3e
3b3f8
3968b
3f6af
39f12
3f6b0
39f13
44533
3b3fa
377ae
3a4ca
3b998
3ad4c
37e0d
3397b
3ae3b
3d0dc
3ba86
37ef7
44255
3d0df
3a4cb
3ff3c
3ae3d
44535
3ad4d
3aa7b
406c5
3c0d5
3a4cf
33985
3ff3e
3a4d1
43ca8
3ae3e
3aa7c
33989
3cb32
3398a
3f79b
3398b
406c8
3c1be
3b4e0
4002a
3b4e1
4002b
3c1bf
3c0d8
43cac
3d0e4
406cb
3c860
406cc
3c861
33996
43caf
3ff41
33a24
3b5c0
37a2f
3b5c1
33b18
3d1cb
3ac4b
33b1a
342a3
3493f
38498
342a5
33a2c
371f8
3bc71
36962
33d0d
3ae40
37a32
33d0f
3b8aa
37a34
342ac
3ae41
33d12
40201
382b3
33d14
3b4e3
33fd8
375c0
34942
38499
3668d
3ab62
33fdb
375c3
33a3b
3b5c3
375c6
33a3d
37fdd
375c8
3b207
33fe1
3b208
33fe2
3bb74
3ab65
33fe4
33a43
3ab66
3fd58
3a2ed
44342
3ab67
40204
3b4e5
33a47
3fd5c
3fd5d
34943
3b4e6
34394
33a4b
3b8ac
342b1
3d4a1
37a39
33a4e
3c589
342b4
40208
3c58b
363b7
3a5b4
360e0
37891
33a54
3ab6a
37892
33a56
39d2e
3b4e7
3977b
43d8e
3a5b7
37009
43d8f
3b022
3700b
43d90
3b5ca
3789a
3b5cb
33a5f
40115
37010
3cc20
3b025
43d93
3cc22
37013
3789b
3ac4e
33a65
3ac4f
33a66
3af2b
33a67
3f7a3
3789f
43d97
33a6a
3af2d
3d1ce
3bb78
37a3d
44347
3d1d1
3a5bc
3ba92
3ae46
37f00
33a71
3b4ef
33a72
4002f
3a5be
33a74
3ba94
3a5c0
44348
3c1c8
3b4f3
44349
3f7a9
3a6a1
3d1d2
3c3a2
4350e
3cc25
43d9b
3c1c9
3c2af
33a7e
43d9c
3cc26
4434c
3cc27
33a81
4434d
3c1cb
33a84
3c2b3
4434f
3f890
44350
3f891
40032
33a89
33c21
37982
33b1c
370f6
34395
34a33
33dfc
352b2
33b20
372ea
34399
3af31
33dff
3af32
37a42
3b5d7
3439c
33b25
380d0
3439e
33b27
402f3
383a5
33e06
3b5d8
340ca
376b2
34a36
37fdf
3677f
3ac54
340cd
376b5
37b2f
340cf
44430
37e0e
340d1
3ac55
33b32
3a3dd
33b33
3bb7f
376bc
33b35
44433
33b37
3ac58
3fe4a
3a3df
44434
3ac59
402f6
3b5da
33b3b
3fe4e
3fe4f
383a6
33b3e
3c679
343a4
402f8
3b99f
33b41
3d596
343a7
361d1
37984
33b44
370f8
36a5b
3a6a7
370f9
3bc76
3986c
3ad52
37988
3ad53
37989
33b4b
3b5dd
3798b
33b4d
3b9a1
3798d
37101
3a895
435fe
3cd11
33b52
3b9a2
37105
3fc63
3b6d2
33b55
33b56
3a6ab
3f892
39e23
43e87
3a6ac
4416a
3b027
33b5a
3f896
3f897
3ac5d
3c2b4
3c2b5
3b5e2
37b35
3b6d3
33b60
3bdfb
3b6d5
33b62
402fc
3b029
4416c
3f899
33b65
3bdfe
3ac5e
3a6b1
3c2b8
3b5e5
33b69
43e8b
3f89a
33b6b
40123
3b6d6
3fc66
3c495
43601
3bb87
3b6d7
4443d
3d2c6
3c496
40301
3c497
43e8f
3d2c7
3d2c8
33b75
3c2bc
43e91
3cd1a
43e92
3cd1b
3f89c
44443
33c23
33d16
3bd6c
381c5
3bd6d
37f03
33c27
3b6dc
3d963
33c2a
380d2
37e10
3b5e9
340e0
3d86f
3ad57
340e2
37e12
3b405
341c5
3bc7d
341c6
406ce
3aa7e
406cf
3bc7e
33c34
3449a
3594f
33c36
353a6
34a39
33c38
38a41
34a3b
3ad5b
3449f
3ad5c
344a0
3b5ec
380d8
344a2
38fea
381ca
34a41
381cb
33c41
3cd1d
34a44
3dc32
381cd
33c44
3dc34
34a47
37016
37109
33c48
3bd71
377b2
3d3bd
3af3a
43cb0
3bef9
33c4c
3d3c0
3befb
380d9
3bc81
380da
37e19
3c3aa
3ad60
37f04
3b6dd
33c53
3c49b
3c49c
380db
33c56
3d967
3c49e
3a1fc
3be04
3a1fd
403f9
3ad61
3a7b2
406d6
3bc86
33c5d
406d7
3bc88
3a89c
3d969
3befc
43cb2
3cb39
4453c
3cb3a
4099e
3cb3b
33c64
406d9
3c4a1
3be08
4453f
33c68
40038
33c69
40039
3c3b1
33c6c
3c4a3
44542
33d1c
382b6
37a48
3b7cf
33e0a
3d4a7
3af3f
33e0c
37f07
3b4f7
342b7
3bd7c
342b8
40214
3ab70
40215
3bd7d
33d26
3458c
35a41
33d28
35498
34b2b
33d2a
38587
34b2d
3ae4f
34591
3ae50
34592
3b6e2
381d5
34594
38b30
382bc
34b33
382bd
33d33
3ce0f
34b36
3dd24
382bf
33d36
3dd26
34b39
3710a
3b6e4
33d3a
3b8b7
378a4
3cf03
3b02c
43da2
3bfeb
33d3e
3cf06
3bfed
382c0
3b8ba
37a4b
3d4ab
3d4ac
381d6
3bd80
381d7
37f0e
3c4a6
3ae54
381d8
33d48
3d4ad
3c590
3a2ee
3bf02
3a2ef
404eb
3ae55
3a8a6
4021c
3bd85
33d4f
4021d
3bd87
3a98e
3d4af
3bfee
43da4
3cc2b
44082
3cc2c
40a90
3cc2d
33d56
4021f
3c593
3bf06
44085
33d5a
4012a
33d5b
4012b
3c4ad
33d5e
3c595
44088
37b39
33efa
37b3a
3b315
33efc
3d599
3b031
33efe
37a4d
3b5f2
343a9
3b8c2
343aa
40306
3ac62
40307
3b8c3
33e18
3467e
35b33
33e1a
3558a
34c1d
3af45
34681
3af46
34682
38679
37e1c
34684
3b7d6
382c7
34686
38c22
383ae
34c25
383af
33e25
3c955
34c28
3de16
383b1
33e28
3de18
34c2b
371fc
3b7d8
33e2c
3b9ab
37996
3cff5
3b11e
43e94
3c0e3
33e30
3cff8
3c0e5
382c8
3b8c6
382c9
37a54
3c598
3af4a
37b3c
3b317
33e37
3c67f
3c680
382ca
33e3a
3d59f
3c682
3a3e0
3bff4
3a3e1
405dd
3af4b
3a998
4030e
3b8cb
33e41
4030f
3b8cd
3aa82
3d5a1
3c0e6
43e96
3cd23
44174
3cd24
40b82
3cd25
33e48
40311
3c685
3bff8
44177
33e4c
3fc70
33e4d
3fc71
3c59f
33e50
40b87
3d5a5
33f00
3849a
37c32
3b409
33fee
3d68b
3b123
33ff0
34761
383b6
341cb
35c26
37b3f
3b31b
34764
3b9b7
34765
33f0a
3876d
34767
33f0c
3b31d
34769
33f0e
40c69
33f10
3a7b6
3be0a
3aa85
40c6a
3b038
344a8
3bc8a
344a9
403fc
3be0f
384a1
33f17
3ca47
3476e
3df08
384a3
33f1a
3df0a
34771
372ee
373df
33f1e
3ba9d
374dc
3d0e7
3b210
43f86
3c1d5
33f22
3d0ea
3c1d7
383ba
3b9ba
383bb
37b46
3c68a
3b03c
37c34
3b40b
33f29
3c771
3c772
383bc
33f2c
3d691
3c774
3a4d4
3c0ec
3a4d5
406df
3b03d
3aa8c
40402
3b9bf
33f33
40403
3b9c1
3ab74
3d693
3c1d8
43f88
3ce15
44266
3ce16
40c74
3ce17
33f3a
40405
3c777
3c0f0
44269
33f3e
3fd62
3d0f1
4426a
3c691
33f42
3c779
4426c
33ff2
37fe0
37d24
3b4fb
340e6
3d77d
3b215
340e8
34853
384a8
342bd
35d18
37a56
342bf
407ac
37c37
3b40f
34858
3baa9
34859
33ffe
3858a
3485b
342c5
407af
34002
3a8aa
3bf08
3ab77
407b0
3b12a
3459a
3bd89
3459b
404ee
3bf0d
37fe7
34009
3cb3f
34860
3da4e
37fe9
3400c
3da50
34863
36f24
373e1
34010
3bb8f
375ce
3d1d9
3ad62
43acc
3c2c7
34014
3d1dc
3c2c9
384ac
3baac
384ad
37c3e
3c77c
3b12e
37d26
3b4fd
3401b
3c863
3c864
37fec
404f3
3d784
3b414
3a5c6
3c1de
3a5c7
40225
3b12f
3ab7e
404f4
3bab1
34025
404f5
3bab3
3ac66
3d785
3c2ca
43ace
3c95b
44358
3c95c
407ba
3c95d
3402c
404f7
3c869
3c1e2
3fd69
34030
3fe54
3d1e3
4435c
3c783
34034
3c86b
4435e
34fe1
3858b
34946
340eb
380dc
34948
340ed
37fef
3bb9a
37d2a
4089f
37ff0
343b5
408a0
380de
343b7
340f3
34689
3b21a
340f5
3b21b
340f6
3bffc
3a3e3
3bffd
3ac6a
408a3
340fa
38952
34951
3db3f
380e1
405e1
3cc33
34954
405e2
3cc35
37018
3ac6b
376bf
3be10
37b4d
44444
3bc8e
34105
3d2cd
376c3
44446
3d2cf
3ac6c
3c86c
3bb9f
3ac6d
408a7
3c86f
380e3
3bc90
37e22
3d873
3d874
3b506
380e5
405e5
3d876
3ac6e
3fe56
3b5f8
44447
3b5f9
3ac6f
34116
3fe58
3ac71
44448
3c872
3ac73
3411a
3ca4c
3411b
3d2d1
3411c
3d2d2
3411d
3d2d3
3bc96
408ad
3d879
3ca50
408ae
3ca51
3c2d4
4444e
34124
3c3bb
4444f
3c875
341d5
342c8
38770
384b0
3bc98
37f18
341d9
3bc99
3df0f
341dc
383bd
37e25
3b324
34692
3de1b
3b325
34694
37b4e
3b326
34773
3b9c3
34774
3b327
34775
40c7b
383c2
341e6
34a48
35efd
35680
38c24
34fe5
3ad6c
34a4b
3ad6d
34a4c
38fec
381da
34a4e
3bba9
38684
34a50
39596
38776
34fed
38777
341f3
3e1dd
34ff0
3d2d8
381dc
40f43
3d2da
34ff3
375d3
376c6
341fa
3ad6f
341fb
3c961
3ad70
341fd
3bc9a
341fe
3c3bd
3ad73
40f46
3c963
3ad75
34202
3ae5c
3df10
3877b
37f1d
40c81
3c1e4
4426d
3c4af
34207
3d0f4
34208
406e3
3df14
383c8
3420b
40c85
3c966
3ca58
3a7bb
406e4
3b32f
3ae5d
3df17
3c4b1
4426e
406e6
3c0f7
3c4b2
40c87
3c4b3
3c968
40c88
3df18
406e9
343b9
352b6
342cf
38863
3da52
37ff7
343bd
3da54
342d3
3ab82
3c784
3ab83
407c0
384b6
4102e
3ae5f
342d7
3c788
3c789
35771
38d17
350d6
342db
384b8
3bc9e
37f26
41030
382cb
34b3f
41031
38780
34b41
41032
38867
34b43
342e3
350e0
3e2ce
37a60
41034
3886a
342e7
3d3cb
350e4
41036
3e2d3
3ae62
376c8
37ff8
3bd8c
37a62
3da57
3cb46
37a64
3d1e4
37a65
3d4b5
3c2d8
407c6
3cb47
37a68
41038
38782
3ca5c
38783
384bc
41039
3ae65
40a96
3c1eb
37f2c
407c8
3ae68
37f2e
4103b
3da5b
3b422
38784
342ff
4103d
3c1ed
34301
3ca63
3bd8f
3b5fb
3d4b7
3c1ee
3c4b9
34306
3d4b8
3d1e9
4103f
3ca65
3430a
3cb4d
41041
343c0
380e7
37b51
3b5fc
344ae
3db45
3b5fd
344b0
37a69
3c876
37a6a
41121
37ffc
3bbaf
37d33
3c879
37ffd
343ca
34c2c
360e1
343cc
35b36
351c9
3af52
34c2f
3af53
34c30
38c25
383ca
34c32
3bd91
38873
34c34
391ce
3895a
351d1
3895b
343d7
3e3c1
351d4
3cf10
383cc
41127
3cf12
351d7
377b9
3bd93
343de
3af55
343df
3cb4f
3af56
343e1
3b8d2
343e2
3c5a7
3af59
4112a
3cb51
3af5b
343e6
3b042
3db48
3895f
37b57
408b9
3be1c
44451
3c699
343eb
3d2de
343ec
4031b
3db4c
38003
343ef
408bd
3cb54
3cc3c
3a99f
4031c
3b517
3b043
3db4f
3c69b
44452
3d2e0
41130
3d2e1
3c5aa
4031f
3cb56
408c0
3db50
40321
3459d
3549a
344b3
38a47
3dc36
381df
345a1
3dc38
344b7
35c27
391cf
353aa
3477a
38963
344ba
380ee
344bb
38a49
34d12
344bd
38a4a
34d14
344bf
38ff0
34d16
34782
37b5f
3c3c2
37b60
41217
380f0
3bca5
37e34
3c3c5
380f1
344c7
34d18
3e4b2
37c46
41218
38a4e
344cb
3d003
34d1c
4121a
3e4b7
3b048
378ac
380f2
3b8da
380f3
37b63
3cc42
3aa92
3c69e
3b04c
344d5
3c6a0
37b67
344d7
409ac
381e0
3b9c7
37c48
3dc3b
3cd2a
37c4a
3d3ce
37c4b
3d699
3bf10
409ae
3cd2b
37c4e
4121f
3cc45
3cd2d
38968
344e3
41221
3be25
344e5
3cc47
3b9c9
3b7df
3d69b
3be26
41222
344ea
3d69c
344eb
3d69d
3cc49
344ee
3cd31
41225
345a4
382cf
37d35
3b7e0
34698
3dd29
3b7e1
3469a
34dff
38a54
3486b
362c6
37c4f
3b6f2
34e02
3b6f3
34e03
345ae
38e0b
34e05
345b0
38b36
34e07
34873
40d5b
345b4
3b138
345b5
3c4bb
34b47
3ae6b
345b7
3ae6c
345b8
3c4be
3c4bf
38593
345bb
3dff9
34e0c
3d0fa
38007
40d5f
3d0fc
34e0f
374e1
3b9cd
345c2
3b13b
345c3
3cd33
3b13c
345c5
3bab8
345c6
3c791
3b13f
40d62
3cd35
3b141
345ca
3b226
3dd2c
38597
37d3b
40a9f
3c000
44089
3c87d
345cf
3cf16
345d0
404ff
3dd30
381eb
345d3
40aa3
3dd32
3b9cf
3ab85
40500
3b6fb
3b227
3dd33
3c87f
4408a
40502
3bf19
3c880
40aa5
3c881
3cd3a
40aa6
3dd34
40505
3495c
34ef2
3469d
35860
393b3
37d41
3b7e4
34ef5
3b7e5
34ef6
346a1
38efd
34ef8
346a3
3babe
34efa
346a5
40e4d
382d7
3b8dd
37a76
3c5ad
37d43
3c5ae
37d44
40e4f
3b7e8
34c3c
37e35
40b8d
3d1eb
346ae
38efe
34eff
3e0ed
3868e
346b1
346b2
3b7e9
375d6
3859e
3ce24
3859f
382dc
40e53
3b22f
408c2
3c007
37d4a
40b8f
3b232
37d4c
40e55
3868f
3c96a
383ce
346be
3de20
3b424
3d87c
3c0f9
405f0
3c3ca
40e56
3de21
3c96e
346c4
40b94
3de23
3bac1
38692
346c8
3c885
3ad7a
3de25
3bac2
3c0fb
405f3
3c886
346cd
3c0fc
405f5
3c0fd
346d0
3c973
40e5c
3ce2d
34783
34876
38d1c
384c3
3b9d1
37e40
34787
38d1e
3e4bb
383d0
34c3e
37d4d
3b334
34c40
3e3c7
3896b
34c42
37b69
3b60a
34d1f
3b60b
34d20
3b8e2
34d21
41227
3896e
34794
34ff4
35590
38c2d
34ff6
364ac
37d4f
3b338
35593
3479a
38c30
35595
3b8e5
35596
3479d
39599
35598
3479f
414ed
38d23
347a1
3e789
3559c
3d884
38788
414ef
3d886
3559f
37d52
3b33a
37d53
347a8
3cf1c
3ad7b
40f50
38a5e
3d00c
3ad7c
40f51
3b9d4
383d9
347ae
3b8e8
383db
40c8d
3c6a7
347b1
40c8e
3cf20
384c8
3e4be
3d00f
384ca
3d69e
384cb
3df1b
3c798
4122e
3d010
384ce
414f6
3cf21
3d012
38d29
347bd
3d6a1
347be
41232
3c979
3d6a2
414f9
3d6a3
347c3
414fa
347c5
41235
35861
3487c
34969
38e0f
3487e
3bac6
3800a
34880
34e10
3b143
34882
3b144
34883
3b42a
34884
3cd3f
34e14
40d6e
34887
350e7
3659d
35d1e
392c3
35684
38d2b
350ea
38e11
37e47
350ec
3b42d
350ed
390de
38878
350ef
3968c
38e14
3800b
40d6f
3d975
34894
390e0
3568f
3e87d
38e17
34897
34898
38d2e
34899
415e3
3b9db
3800d
3bac7
37f34
3c79c
37f35
407d2
3b51b
3489f
3d100
38e1a
348a1
3cb58
348a2
3d791
38012
3da62
38013
348a5
40d73
38a67
384d6
3d01a
3b432
348a9
3ca6f
384d9
348ab
40d75
3d104
38a69
348ae
415e9
3cb5b
407d7
407d8
3c7a1
3cb5c
40d79
3cb5d
3d01e
40d7a
3e00a
348b7
34a59
35954
3496f
38694
3e0f0
3b60d
34a5d
3e0f2
34973
385a7
3ce2e
382df
40e5e
385a8
416cc
3b51d
34977
3ce32
3ce33
35863
393b5
35774
3497b
38017
3bacc
37f38
351dc
416ce
38018
416cf
38975
351df
416d0
38f05
351e1
34983
3577e
3e96c
38100
416d2
38f08
34987
3d4bd
35782
416d4
3e971
3af5f
41134
38696
3d1f0
3af60
41135
3bbba
37f3a
3b521
37f3b
34990
3d10a
38e22
385ae
416d6
3c890
3801e
40e63
3b526
38020
416d8
38f0b
38103
40e65
3c3ce
405f8
3cc51
3499b
3d88a
3499c
408c8
3e0f9
385af
3499f
40e69
3e0fb
3c3d1
405f9
3cc54
40e6a
3cc55
3c892
416dd
349a6
408cc
3d1f8
3e0fd
34a5f
34b4c
38ff2
381ef
3bca9
37b6c
34a63
38ff4
3e1e5
34a66
361d5
3977f
35956
34d27
38699
34a69
38f10
352be
34a6b
3869a
34a6c
38ff6
352c1
34a6e
3959c
352c3
34fff
3ad7d
34a71
3ad7e
34a72
3b612
34a73
3c97d
35003
40f54
34a76
3d5ac
352c5
40f56
38a6c
3ea60
392c7
34a7a
3ea62
3d5b1
3810d
3bbc0
38f13
37a82
34a7f
3b616
34a80
38ffc
3e1e6
3c3d5
34a82
3d2e3
3869f
38110
3d1fe
3b618
34a86
3cc59
38113
34a88
40f58
3878d
34a8a
3e1e9
3bd99
3dc44
3c4c1
409b9
3cd44
417cb
3e1ea
3d2e7
34a90
40f5c
3e1ec
3d2e9
3bd9a
3dc47
3c3d8
417ce
34a96
3dc48
34a97
3dc49
3d203
34a9a
3d2eb
417d1
34b52
3887b
37c5d
3b7f0
34c46
3e2d5
3887d
34c48
353ab
34b58
362c8
39871
37b71
3b702
353ae
34b5b
39003
353b0
3bcae
353b1
34b5e
393b7
353b3
34b60
41307
34b62
38791
3ca72
384dc
41044
38792
41308
3b705
34b66
3ca76
3ca77
38b3f
34b69
3e5a5
353b8
3d6a6
385b3
4130b
3d6a8
353bb
37b74
3b706
37b75
34b70
3d2ee
3b145
40d7c
3887e
3d3d4
3b146
40d7d
3bd9e
38201
34b76
3bcb4
38203
40aa9
3c4c9
34b79
40aaa
3d2f2
382e6
3e2da
3d3d7
382e8
3d4c0
382e9
3dd37
3c5b4
4104c
3d3d8
382ec
41312
3d2f3
3d3da
38b45
34b85
3d4c3
34b86
41050
3cd4d
3d4c4
41315
3d4c5
34b8b
41316
34b8d
41053
3549d
35b39
390e3
3549f
34c4c
382ed
3bd9f
37c64
34f0d
413f6
382ee
413f7
386a2
34f10
413f8
38c36
34f12
34c54
38883
3cb64
38022
41136
38884
413fa
3b7f7
34c58
3cb68
3cb69
38c38
34c5b
3e697
354aa
3d798
386a5
413fd
3d79a
354ad
37c66
3b7f8
37c67
34c62
3d3e0
3b237
40e6e
38979
3cf24
3b238
40e6f
3b8ed
382f3
34c68
3bda6
382f5
40b9b
3c5bb
34c6b
40b9c
3d3e4
383e4
3e3cc
3cf27
383e6
3d5b2
383e7
3de29
3c6ac
4113e
3cf28
383ea
41404
3d3e5
3cf2a
38c3e
34c77
3d5b5
34c78
41142
3ce3f
3d5b6
41407
3d5b7
3e3d2
34c7d
3d3e6
41145
362c9
38a6e
34e23
39008
34d32
3b9e1
38a70
34d34
351e9
361d8
34d37
3897d
3e972
382fa
351ed
3e974
34d3b
386a6
3d204
3897f
41a94
38f1a
352cd
3bbc5
352ce
417d4
3d209
361d9
39780
35b3c
34d43
382fb
3b8f2
37a8b
41a96
382fc
355a5
41a97
38d31
355a7
41a98
392cd
355a9
34d4b
35b46
3ed34
38a72
41a9a
392d0
34d4f
3de31
35b4a
41a9c
3ed39
38983
3d4c6
3b8f5
38984
41a9d
3d4c9
383ed
3b9e2
37b7a
3ea69
3cd4e
409c0
3d021
41238
3d4ca
38985
3cf2e
3b347
414fd
391df
3b8f8
34d5f
3cf31
38989
34d61
417d9
3900b
34d63
3ea6b
3cd50
4123c
3d023
41aa1
3ea6c
3d5bd
34d68
417dd
3ea6f
3cf32
34d6b
3cd52
4123f
3cd53
34d6e
41240
3d5c0
3ea71
34e27
34f14
393ba
384dd
3bad2
37c6c
34e2b
393bc
3e5ad
38207
3bcb6
37b7c
3d2f7
37b7d
34e30
3b70f
34e31
3d2fa
353c1
35c2d
362cb
39873
35c2f
34e36
383f1
3b9e6
37b7f
41b88
383f2
35698
41b89
38e23
3569a
41b8a
393bf
3569c
34e3e
3df20
35c39
4131c
38e25
3ee28
39691
34e42
3ee2a
3df25
383f4
3b9e8
383f5
37b82
3d5c4
39014
37c6d
393c4
34e49
3d6ab
385ba
3e00c
3ce41
40ab3
392db
384e1
3cd54
384e2
40d7f
38b51
34e50
3e5b1
3ce42
40d80
3d115
41b91
3e5b2
3d6af
34e55
3d5c7
3cd56
38a84
41321
3b9ee
38a86
41b94
3e5b4
3d6b1
3cd58
41b96
34e5e
3e010
3dd41
41b97
3d5cb
34e62
3d6b3
41b99
34f1a
38c3f
37d5d
394ad
35008
3e69d
38c41
3500a
37c6f
3b800
354af
3bad6
354b0
4140a
3888b
4140b
3bad7
34f24
35784
36c41
35e12
39965
35d21
38b56
35787
38b57
35788
394af
384e5
3578a
39781
38f22
3578c
39d32
394b2
35d29
394b3
34f31
3ef19
35d2c
3da68
38f24
41c7f
3da6a
35d2f
37c74
393cc
37c75
34f38
3badc
37c77
34f3a
38c42
3e6a0
3bbc9
37e4d
3de34
37e4e
3e0ff
38027
3ce46
38028
40e71
393cd
385c8
34f42
3d11a
3badf
41c83
3d6ba
3bae1
34f46
3d79e
394b8
34f48
3de36
386b2
3e101
386b3
34f4b
41414
3d7a2
394b9
34f4e
3e102
3de39
41c88
34f51
41417
34f53
41c8a
34f55
41419
35ff3
3879a
350f9
38d36
3500e
3bcb9
3879c
35010
352d0
36d33
35012
36784
35867
38c45
352d3
38c46
352d4
395a1
3802b
352d6
39874
39017
352d8
39e24
395a4
3586f
383f7
3b8fc
37d64
3cf35
37d65
3501f
3b349
35020
3cf38
355b0
3879d
41501
3db59
35024
39876
35873
3f00d
395a7
35027
35028
38c4a
35029
3d7a7
38c4b
3502b
41503
3879f
3d88e
3811a
3502e
3d2fc
3502f
3df27
35030
41d74
3b61e
417e2
3c98d
35033
3d7ab
3c98e
386be
41504
3bbd4
386c0
41d76
395a9
387a2
41506
3d2fe
3503b
3df29
3503c
40f67
3e797
38d3a
3503f
41d79
40f68
3c991
3d300
4150b
3d301
3d7ae
4150c
3e79a
40f6b
351ef
390e4
350ff
3888d
3e880
3820a
351f3
3e882
35103
36875
39e25
35ff6
353c4
387a7
35106
387a8
35107
390e7
3595c
35109
390e8
3595e
3510b
39692
35960
353cc
37e55
3b43a
3569e
3bcbe
3569f
415f0
38a88
415f1
3bcbf
35113
35962
3eb50
38890
418b6
390ec
35117
3dc53
35966
418b8
3eb55
3cb6a
407dc
3d3ef
41054
387ab
3d898
3bcc1
387ac
418b9
3d89b
3820b
3bdac
37f44
3e885
3d89c
387ad
3d302
3b711
41329
395b2
3bcc4
35127
3d305
387b1
35129
415f7
38e2b
3512b
3e887
3cb6c
41058
3d3f1
418bd
3e888
3d985
35130
415fb
3e88b
3d306
35133
3cb6e
4105b
3cb6f
35136
4105c
3d988
418c3
351f5
363bb
39f17
360e8
354b6
38899
351f8
3889a
351f9
390f4
35a4e
351fb
391e1
35a50
351fd
39785
35a52
354be
37f47
3b52c
35790
3bdb0
35791
416e2
385ce
416e3
3bdb1
35205
35a54
3ec42
3898e
419a8
391e5
35209
3dd45
35a58
419aa
3ec47
3898f
3d4d0
38304
3520e
3cf3a
3520f
3db5f
35210
38e32
35211
3d98b
38e33
35213
416e7
3d98e
3889f
3d3f4
3b803
4141b
390f8
3bdb6
35219
3d3f7
388a3
3521b
416e9
38f26
3521d
3e979
3cc64
4114a
3cf3d
419af
3e97a
3d4d5
35222
416ed
3e97d
3d3f8
35225
3cc66
4114d
3cc67
35228
3d4d9
419b4
3d993
352db
353ce
39878
38123
39879
37b87
352df
3987a
3f013
352e2
394c1
37a94
394c2
35798
3ef1f
394c3
3579a
37a96
3d7b0
37a97
42041
38034
3bbd6
37d6b
3d7b3
38035
352ec
35b4c
360ea
352ef
36a60
3a5c8
37a98
394c7
360ed
394c8
360ee
352f3
3978c
360f0
352f5
3a0fd
360f2
352f7
42045
3987f
352f9
3f2e1
360f6
3e3dc
392e0
42047
3e3de
360f9
37a9a
394c9
37a9b
35300
394ca
37a9d
3d216
37a9e
417e4
3d218
35304
417e5
3da76
37b88
395b6
35307
3db65
394cb
38215
3e1f6
38216
3ea73
388ac
3530c
3d4dd
38f36
3530e
3db66
39884
35310
3e1f8
39024
3ea75
39025
35313
41d88
3db6a
39885
35316
3d21b
42050
3e1fa
3d5d1
41d8b
3531b
42052
3531d
41d8d
363bd
38b60
354c1
38b61
353d6
38a8a
38b62
353d8
35968
395b9
35969
418c4
37e5c
395ba
3596b
3bcc9
3596c
418c6
353df
35c3f
3710c
3687a
39e27
361de
39029
35c42
3902a
35c43
3996d
3899f
35c45
39c42
393d0
35c47
3a200
39970
38b63
418c7
3e4cd
353ec
39c44
361e9
3f3d5
39973
353ef
353f0
3902b
353f1
3db6f
3902c
353f3
3b9f2
353f4
3d5d3
3902f
4213c
3db71
39031
353f8
38b65
3eb5a
38a8d
3812f
353fb
3d6be
353fc
3e2e9
353fd
4213e
3d311
353ff
3dc58
39976
35401
3e2ea
38b6a
3e5bb
38b6b
35404
418ce
395c1
390fe
35407
42141
41330
3d313
3d6c2
418d1
3d6c3
3db76
418d2
3eb62
41333
355b1
364b0
354c7
385cf
3ec48
3830a
355b5
3ec4a
354cb
38b6d
354cc
3d995
35a5c
38e36
354ce
38e37
354cf
3d998
3d999
363bf
35d31
371ff
354d3
3821e
39979
37c7f
42226
38a90
35d35
42227
394cd
35d37
42228
39a61
35d39
354db
362d8
3f4c4
38c58
4222a
39a64
354df
3e015
362dc
4222c
3f4c9
38a92
3dc60
38a93
38222
4222d
38b73
41c8c
3d401
37c85
419bb
38b76
37c87
4222f
385d2
3dd48
3830c
354ec
419bd
3cf40
41150
3d7b7
4141e
3d403
354f0
42230
3997e
391ef
354f3
3ec4f
3cf42
41420
3d7b9
42231
3ec50
3dd4d
354f8
419c1
3ec53
3d7ba
419c2
3d7bb
3d404
3d6c9
354fe
41424
3dd50
3ec55
355b7
356a4
39b4e
383fb
39b4f
37e5f
355bb
39b50
3ed3d
355be
36d35
3a2f3
364b2
3587f
385d5
355c1
3830e
355c2
39a6c
35e19
355c4
39b52
35e1b
355c6
3a100
35e1d
35b57
38f37
355c9
38f38
355ca
38c63
355cb
3d4e3
35b5b
41aac
355ce
3e104
35e1f
41aae
395c4
3f5b8
39e2b
355d2
3f5ba
3e109
38312
39a6e
38313
37d76
3dd54
386c5
3d7bc
38c68
355d9
3d7be
37d7a
355db
41ab0
383fd
39b58
37e61
3ed3f
3dd57
38d4c
3e79c
3d033
41243
39a6f
386c8
41511
391f9
38d4d
3ed40
3de3d
38d4f
3e79e
3d035
41ab3
3de3e
38d52
42324
3ed44
3de41
3cf4a
3d7c1
355ee
3e7a0
3e4d7
42327
3dd5b
355f2
3de43
42329
356aa
393d3
37f50
393d4
3579e
3ee2d
393d5
357a0
35f05
356b0
36e28
3a3e5
37e62
392e7
35f08
392e8
35f09
356b4
39b5f
35f0b
356b6
39f1b
35f0d
356b8
41e5f
356ba
38a95
3d5d8
38a96
41b9c
38402
41e60
38d56
356be
3d5dc
3d5dd
3969b
356c1
3f0fd
35f12
3e1fe
3910b
41e63
3e200
35f15
37e66
392ec
37e67
356c8
392ed
37e69
3d038
37e6a
41600
3d03a
356cc
41601
3de48
37f52
393d6
356cf
3df2d
38e3e
3e88e
3d125
40d89
392ee
386ce
356d4
3d8b1
38d5e
356d6
3df2e
396a0
356d8
3e01a
38e42
3e891
38e43
356db
41ba6
3df32
396a1
356de
3d03d
41e6c
3e01c
41e6d
3e01d
356e3
41e6e
356e5
41bab
35ff7
36695
39c47
35ff9
357a4
384f1
396a3
37f55
41f4e
387bc
35a66
41f4f
391fa
35a68
41f50
39792
35a6a
357ac
385db
3d6ca
385dc
41c8e
384f4
41f52
38e48
357b0
3d6ce
3d6cf
39794
357b3
3f1ef
36004
3e2f0
391fd
41f55
3e2f2
36007
37aa4
394d1
357b9
3da7d
384f6
396a6
384f7
37f5a
3df38
388b1
3d9a0
38e4c
357bf
3d9a2
37f5e
357c1
41c94
38f3c
3e980
3d21d
40e7b
393e0
387c0
357c6
3d9a3
38e50
357c8
3da7e
39799
357ca
3e10c
38f40
3e983
38f41
357cd
41c98
3da82
3979a
357d0
41c9a
3d9a5
3e10e
41f5f
3e10f
3ef2a
416fa
3df3e
41c9d
36e29
395c6
3597b
395c7
3588a
38f44
395c8
3588c
35d41
36d38
3588f
38e51
3f4ca
385de
35d45
3f4cc
35893
385df
3dd5c
38317
4232a
385e0
425ec
394d8
35897
3dd60
3dd61
36d39
360fb
375d8
3589b
385e2
39d3e
38045
425ee
38e54
360ff
425ef
3988d
36101
425f0
39e31
36103
358a3
366a2
3f89e
395ca
425f2
39e34
358a7
3e989
366a6
425f4
3f8a3
38f45
42054
3d7c3
358ac
394dc
358ad
3e01f
394dd
358af
3da88
394df
425f6
3e021
394e1
358b3
395cb
3f5c0
38f48
385e7
358b6
3db78
358b7
3e7a3
358b8
425f8
39d43
39b67
358bb
3f5c3
3d8b6
41d94
3db7b
425f9
3f5c4
3e115
358c0
42335
3f5c7
3da8a
358c3
3d8b8
41d97
3d8b9
358c6
41d98
3e118
3f5c9
3597f
35a6c
39f1e
387c3
39f1f
38225
35983
39f20
3f105
38408
39b69
37e6f
3de4f
38136
3de50
38137
426df
39b6b
35f1b
36789
39e3a
361ed
376ca
38138
39b6c
3678c
39b6d
3678d
35990
39e3d
3678f
35992
3a203
36791
35994
426e3
35996
3ea78
36795
41e74
39981
3f992
3a205
3599a
3f994
3ea7d
3813a
3db7e
39038
42147
38f4c
3e11a
38f4d
386da
426e7
3d8bc
3813f
41e75
395dc
38141
426e9
39039
3e202
387c6
359a7
41e77
3d9a6
4160a
3dc6b
418d9
3e120
396ad
359ac
3f109
3d9a8
418da
3dc6d
426eb
3f10a
3e207
359b1
3e121
3f10c
3e209
3d8be
426ee
359b6
3eb68
359b7
3eb69
3e123
359ba
3e20b
426f1
35a72
3979b
38318
3979c
35b60
3f1f5
3979d
35b62
37f60
393e2
36009
393e3
3600a
396b0
3600b
41f63
387c9
35a7c
362de
377bb
35a7e
37201
3687d
3911b
362e1
3911c
362e2
3a013
3903d
362e4
3a2f5
39a7e
362e6
3a8b0
3a016
36885
3a017
35a89
3fa83
36888
3e5c0
39a80
427d7
3e5c2
3688b
37c8a
3d9ac
37c8b
419c8
387cc
39f30
387cd
3822f
3e20e
39120
35a94
3dc73
38232
35a96
41f68
388b7
3a01a
3831b
3f1f9
3e211
39206
3ec56
3d4ed
416fd
39f31
39124
35a9e
3e2f6
3a01c
35aa0
3e98e
3920a
3ec59
3920b
35aa3
41f6c
3e2fa
3a01d
35aa6
3ec5a
35aa7
3ec5b
419cf
3d9b1
35aab
427e2
35aad
41f71
36b53
392f2
35c51
392f3
35b66
38c70
392f4
35b68
35e2a
378ad
35b6a
372f3
363c3
3920d
35e2d
3920e
35e2e
3a105
38b83
35e30
3a3e8
39b73
35e32
3a9a2
3a108
363cb
3804e
397a3
37aa9
3da8d
3831e
3da8e
3831f
428c7
397a5
3610a
392f5
42059
3e6b1
35b7c
3a3ea
363cf
3fb77
3a10b
35b7f
35b80
39211
35b81
3dd69
38321
397a6
38322
35b84
397a7
38324
41abb
3d4f5
35b87
41abc
3e302
3840c
39894
35b8a
3e3e7
397a8
38a97
3ea7e
38a98
3ed49
38b86
35b8f
3e305
3a10d
392fa
4205e
3de56
35b93
3ea81
35b94
41abf
3f2ef
39896
35b97
428d1
41ac0
3d4f7
3de58
42063
3de59
3e306
42064
3f2f2
41ac3
35d47
36c46
35c57
38d61
3f3d8
38a9a
35d4b
3f3da
35c5b
373e4
3a9a3
36b56
35f1e
38c75
35c5e
389ac
35c5f
39c4b
364b8
35c61
39c4c
364ba
35c63
3a206
364bc
35f26
37b9a
395df
361f8
395e0
361f9
3989a
361fa
42149
389af
35c6b
364be
3f6ba
393e8
4240e
39c50
35c6f
3e7ab
364c2
42410
3f6bf
38d63
41e80
3d5e5
35c74
39304
35c75
3e3f1
39305
35c77
3de5c
39307
42412
3e3f3
39309
35c7b
393e9
3f3dc
38d66
385e8
3e5c4
385e9
3ee3b
389b3
35c80
42414
3a116
39987
35c83
3f3df
3d6d2
41bb0
3df49
42415
3f3e0
3e4dd
35c88
42153
3f3e3
3de5e
41bb2
3d6d4
35c8d
3ee3f
35c8e
41bb4
3e4e0
3f3e5
35d4d
3600f
374e5
35d4f
36f2b
365a8
393f1
36012
393f2
36013
39d44
38d69
36015
3a5cc
397ab
36017
3ab87
39d47
37c8c
39125
362ea
39126
362eb
3998c
362ec
4223b
38aa1
35d5d
365b0
3f7ac
394e6
42500
39d49
35d61
3e89d
365b4
42502
3f7b1
38e5b
41f72
3d6d7
35d66
394e7
3f4ce
38e5e
38505
3998e
38506
35d6a
3998f
38508
41c9f
3d6d9
35d6d
41ca0
3e4e6
386dc
3e6b6
386dd
3ef2d
38aa5
35d72
42506
39c5c
39a82
35d75
3f4d1
3d7ca
41ca2
3da95
42507
3f4d2
3e02d
35d7a
42245
3f4d5
3df50
35d7d
3d7cc
41ca5
3d7cd
35d80
3e031
4250c
3e4eb
35e35
35f28
3a3ec
38c7b
3a3ed
386df
35e39
3a3ee
3fb7d
35e3c
3a025
385ec
3a026
362f2
3fa89
3a027
362f4
38328
397ae
363d3
397af
363d4
3a029
363d5
428d7
38b8d
35e46
366a8
393ff
35e48
38b8f
35e49
3a2fe
36c4c
35e4b
3a3f0
36c4e
35e4d
3a9a4
36c50
366b0
39b79
428d9
3ef33
35e52
3ac7c
36c55
3fe5f
3a3f5
35e55
35e56
39a8b
35e57
3e033
385f3
3a02d
385f4
35e5a
3a02e
385f6
4233d
3dd71
35e5d
4233e
3e5ce
386e0
3a11a
35e60
3e6bd
3a02f
38d6d
3ed4e
38d6e
3f5cb
39404
35e65
3e5d1
3a3f7
39b7e
428de
3e126
35e69
3ed51
35e6a
42341
3fb83
3a11c
35e6d
42ba7
35e6f
428e2
3e128
3de65
42343
3e5d2
428e4
3fb86
42345
36019
36f2d
35f2f
395e1
3f6c0
38d70
3601d
3f6c2
35f33
38c7f
3e3fa
389b5
4241c
38c80
42c8a
39b84
35f37
3e3fe
3e3ff
386e4
3a120
36d3c
3a121
36d3d
35f3c
3a3fc
36d3f
35f3e
3a7c1
36d41
35f40
42c8f
35f42
3f024
36d45
42420
39f35
3ff50
3a7c3
35f46
3ff52
3f029
386e6
3e12a
395e4
426f3
394f8
3e6c6
394f9
38c86
42c93
3de68
386eb
42421
39b8c
386ed
42c95
395e5
3e7ae
38d72
35f53
42423
3df52
41bb6
3e217
41e85
3e6cc
39c61
35f58
3f6c7
3df54
41e86
3e219
42c97
3f6c8
3e7b3
35f5d
3e6cd
3f6ca
3e7b5
3de6a
42c9a
35f62
3f114
35f63
3f115
3e6cf
35f66
3e7b7
42c9d
36020
39d4f
388c4
39d50
3610e
3f7b3
39d51
36110
3850c
39992
365b7
39993
365b8
39c64
365b9
4250f
38d75
3602a
3688c
395e7
3602c
38d77
3602d
3a4ed
36e30
3602f
3a5d4
36e32
36031
3ab88
36e34
36894
397b3
42511
3eb6b
36036
3a8b4
36e39
40043
3a5d9
36039
3603a
396cd
3603b
3e21d
387d9
39c68
387da
3603e
39c69
387dc
41f75
3df5b
36041
41f76
3e7bc
388c6
39d52
36044
3e8a1
39c6a
38f51
3ef38
38f52
3f203
395ec
36049
3e7bf
3a5db
397b8
42516
3e310
3604d
3ef3b
3604e
41f79
3f7bb
39d54
36051
42d8b
3ef3c
3e313
4251a
3e220
41f7b
3e7c0
4251c
3f7be
41f7d
361fd
37111
36113
3921b
3f8a4
38f54
36201
3f8a6
36117
38e65
3a5de
388c9
42e6e
3912e
363db
42e6f
3a126
363dd
42e70
3a6c7
363df
3611f
366b1
394fb
36121
394fc
36122
397bf
36123
3e03b
366b5
42604
36126
3ec5c
3697d
42606
3a128
40134
3a9a8
3612a
40136
3ec61
388cc
3e314
3921e
428e7
39130
3e8aa
39131
38e6c
42e77
3daa0
388d1
42607
397c6
388d3
42e79
3921f
3e992
38f56
36137
42609
3db8a
41d9a
3e401
42069
3e8b0
39d5d
398a9
3f8aa
3e995
398ab
3f2f6
3db8d
4260b
3e996
398ae
42e7c
3f8ae
3e999
3daa2
3e319
36146
3f2f8
3f02f
42e7f
3e8b3
3614a
3e99b
42e81
36204
39f37
38aa8
39f38
362f8
3f997
39f39
362fa
36a65
398af
364cb
398b0
364cc
3a6d1
39223
364ce
3aa97
39c6d
364d0
3b055
3a20e
36a6d
386ee
39e4d
38147
3e131
389bc
3e132
389bd
429b9
39e4f
367a8
39997
426f7
3ed55
3621a
3aa99
36a71
3fc7b
3a211
3621d
3621e
398b3
3621f
3e407
389bf
39e50
389c0
36222
39e51
389c2
42159
3db93
36225
4215a
3e9a0
38aaa
39f3a
36228
3ea85
3999a
3f3e6
3dc7d
418e1
39e52
39226
3622d
3e9a3
3a213
3999c
426fc
3e4f4
36231
3eb73
36232
4215d
3f99f
39f3c
36235
429c3
36237
42700
3e4f6
3dc81
4215f
3e9a4
42702
3f9a2
42161
365bc
39313
362fc
3904a
362fd
3a217
36b5a
362ff
3a304
36b5c
36301
3a8b6
36b5e
365c4
38238
396d5
36896
396d6
36897
39f40
36898
427e7
3904d
36309
36b60
3fd6a
39a96
42aac
3a308
3630d
3ee49
36b64
42aae
3fd6f
39407
4251e
3dc83
36312
39a97
3fa8c
3940a
38ab1
39f42
38ab2
36316
39f43
38ab4
4224b
3dc85
36319
4224c
3ea92
38c88
3ec62
38c89
3f4d9
39051
3631e
42ab2
3a21b
3a036
36321
3fa8f
3dd76
4224e
3e041
42ab3
3fa90
3e5d9
36326
427f1
3fa93
3e4fc
36329
3dd78
42251
3dd79
3632c
3e5dd
42ab8
3ea97
363e1
364d4
3a9a9
39227
3a9aa
38c8b
363e5
3a9ab
4013b
363e8
3a5e4
38b98
3a5e5
3689e
40047
3a5e6
368a0
388d4
39d62
36983
39d63
36984
3a5e8
36985
42e83
39139
363f2
36c58
399af
363f4
3913b
363f5
3a8bb
37207
363f7
3a9ad
37209
363f9
3af64
3720b
36c60
3a12d
42e85
3c00d
363fe
3b23c
37210
3f4e1
3a9b2
36401
36402
3a03f
36403
3e5df
38b9f
3a5ec
38ba0
36406
3a5ed
38ba2
428e9
3e31d
36409
428ea
3eb7a
38c8c
3a6d9
3640c
3ec69
3a5ee
39319
3f2fa
3931a
3fb89
399b4
36411
3eb7d
3a9b4
3a132
42e8a
3e6d2
36415
3f2fd
36416
428ed
40141
3a6db
36419
43153
428ee
3e31f
3e6d4
42e8f
3e6d5
3eb7e
42e90
40144
428f1
365c5
374e8
364db
39b91
3fc7e
3931c
365c9
3fc80
364df
3922b
3e9a6
38f61
429c8
3922c
43236
3a138
364e3
3e9aa
3e9ab
38c90
3a6df
372f7
3a6e0
372f8
364e8
3a9b9
372fa
364ea
3ad81
372fc
364ec
4323b
364ee
3c0fe
37300
429cc
3a4f4
3f5d2
3ad83
364f2
3f5d4
3c103
38c92
3e6d6
39b94
42c9f
39aa8
3ec72
39aa9
39232
4323f
3e414
38c97
429cd
3a140
38c99
43241
39b95
3ed5a
3931e
364ff
429cf
3e4fe
42162
3e7c3
42431
3ec78
3a220
36504
3fc85
3e500
42432
3e7c5
43243
3fc86
3ed5f
36509
3ec79
3fc88
3ed61
3e416
43246
3650e
3f6d2
3650f
3f6d3
3ec7b
36512
3ed63
43249
365cc
3a30e
38e70
3a30f
366ba
3fd71
3a310
366bc
38ab8
39f46
36b67
39f47
36b68
3a223
36b69
42abb
39321
365d6
36e3c
39b97
365d8
39323
365d9
3aaaa
373eb
365db
3ab91
373ed
365dd
3b148
373ef
36e44
39d67
42abd
3c1f1
365e2
3ae74
373f4
3f119
3ab96
365e5
365e6
39c81
365e7
3e7c9
38d85
3a227
38d86
365ea
3a228
38d88
42521
3e507
365ed
42522
3ed68
38e72
3a311
365f0
3ee4d
3a229
394fd
3f4e4
394fe
3f7c1
39b9c
365f5
3ed6b
3ab98
39d6c
42ac2
3e8bc
365f9
3f4e7
365fa
42525
3fd79
3a313
365fd
43337
3f4e8
3e8bf
42ac6
3e7cc
42527
3ed6c
42ac8
3fd7c
42529
367a9
376cc
366bf
397cb
3fe62
39500
367ad
3fe64
366c3
39411
3ab9b
38e75
4341a
396de
3698b
4341b
3a6e5
3698d
4341c
3ac84
3698f
366cb
36c61
39aab
366cd
39aac
366ce
39d73
366cf
3e5e7
36c65
42bb0
366d2
3c2e2
36f38
42bb2
3a6e7
3f20a
3af68
366d6
3f20c
3c2e7
38e78
3e8c0
397ce
42e93
396e0
3ee56
396e1
39418
43423
3e04c
38e7d
42bb3
39d7a
38e7f
43425
397cf
3ef3e
39502
366e3
42bb5
3e136
42346
3e9ad
42615
3ee5c
3a31c
39e5d
3fe68
3ef41
39e5f
3f8b4
3e139
42bb7
3ef42
39e62
43428
3fe6c
3ef45
3e04e
4342a
366f2
3f8b6
366f3
3f8b7
3ee5f
366f6
3ef47
4342d
367b0
3a4f6
39054
3a4f7
368a4
3ff55
3a4f8
368a6
37020
38f66
3a40a
37022
3a40b
37023
367b9
3ac8f
37025
367bb
3b058
37027
367bd
42f63
38c9a
3a40c
386f3
3e6dd
38f68
3e6de
38f69
42f65
3a40e
36d58
39f4b
42ca3
3be29
367c6
3b059
3702c
3f303
3a7ce
367c9
367ca
39e67
367cb
3e9b3
38f6b
3a40f
38f6c
367ce
3a410
38f6e
42705
3e13f
367d1
42706
3ef4c
39056
3a4f9
367d4
3f031
39f4e
3f9a4
3e229
41e8d
3a411
397d6
367d9
3ef4f
3a7d0
39f50
42ca8
3eaa0
367dd
3f11f
367de
42709
3ff5d
3a4fb
367e1
42f6f
4270a
3e141
3eaa2
42cad
3eaa3
3ef50
42cae
3ff60
4270d
36b6c
37113
39f55
36b6e
39f56
36b6f
3a8c0
398c5
36b71
3b149
3a31e
36b73
3b712
3a8c3
387e4
39c89
36e46
39c8a
36e47
3a4ff
36e48
42d93
395f9
368b5
3711b
3f3f2
3a04a
43058
3a8c5
368b9
3bf1d
3711f
4305a
3f3f7
399b7
42aca
3e22f
368be
3a04b
4004a
399ba
3905d
3a501
3905e
368c2
3a502
39060
427f7
3e231
368c5
427f8
3f03e
39234
3f20e
39235
3fa97
395fd
368ca
4305e
3a7d8
3a5f5
368cd
4004d
3e322
427fa
3e5ed
4305f
4004e
3eb85
368d2
42d9d
40051
3eaa8
368d5
3e324
427fd
3e325
368d8
3eb89
43064
3f043
36991
3a053
3c2e8
397d8
36a85
3c2ea
36995
39f61
3c1f6
396e6
36e4d
3c1f8
36999
396e7
3ee60
3941b
4342e
396e8
436f4
3a5fa
3699d
3ee64
3ee65
39148
3aba6
377c0
3aba7
377c1
369a2
3ae7b
377c3
369a4
3b806
377c5
369a6
436f9
369a8
3c5be
377c9
43432
3a9bf
3fa9e
3b808
369ac
3faa0
3c5c3
3914a
3eb8a
3a056
43159
39f66
3f122
39f67
396ee
436fd
3e8c8
3914f
43433
3a602
39151
436ff
3a057
3c2ec
397da
369b9
43435
3e9b8
4261c
3ec7d
42e97
3f128
3abab
3a6ef
3f216
3c2ef
3a6f1
369c1
43437
3e9ba
42e99
3ec7f
43702
3f21a
3c2f3
3c2f4
3f21d
369c8
4343b
3eb8f
3f8bc
43706
3f8bd
369cd
43707
398cb
3b05b
39329
36a89
3b05c
3be31
3950c
3ac98
38f73
3ef53
3923a
3ef54
3923b
437e7
3ac9a
37034
378b1
3923c
3ac9b
378b3
3ac9c
378b4
36a95
3af78
378b6
36a97
3b34c
378b8
36a99
437eb
3b061
36a9b
3fb8f
378bc
3c6b2
3aab2
437ed
3c6b4
378bf
38c9c
3e9be
38c9d
429da
397e0
3af79
397e1
39241
3f220
3a6fc
36aa6
3ec85
39244
36aa8
42f7a
398cd
3b064
3932b
3f307
3f223
3a234
3fc8c
3eaab
4270f
3af7a
3a235
3f308
3be35
3a237
36ab2
42f7d
3eaac
429df
3ed71
437f4
3af7b
3be38
3b067
36ab8
42f80
3f30f
429e1
3e9c3
3ed72
42f82
3ed73
3f226
42f83
3941c
3a8cb
36c68
3bf21
3a8cc
36c6a
39064
3a505
37122
3a506
37123
3a7df
37124
43067
398d1
36b82
373f7
3a14b
36b84
398d3
36b85
3b069
379a6
36b87
3b150
379a8
36b89
3b713
379aa
373ff
3a325
43069
3c7a3
36b8e
3b43f
379af
3f6d7
3b155
36b91
36b92
3a23f
36b93
3ed75
39331
3a7e3
39332
36b96
3a7e4
39334
42acd
3eab3
36b99
42ace
3f314
3941e
3a8cd
36b9c
3bf25
3a7e5
39aad
3faa2
39aae
3fd7f
3a150
36ba1
3f317
3b157
3a32a
4306e
3f3fc
3bf29
36ba6
3faa4
3a32e
3fd81
3a8cf
36ba9
438e7
42ad2
3bf2d
3ee6a
43073
3ee6b
3eab4
438ea
36bb0
42ad5
36d59
3a415
36c6c
39d80
3a416
36c6e
36f43
39c91
36c70
399c2
36c71
3b15b
374ec
36c73
3b242
374ee
36c75
3b809
374f0
36f4b
38bac
3a605
3721d
3a606
3721e
3a8d3
3721f
4315b
399c5
36c7d
374f2
3f7c6
3a418
439d0
3b246
36c81
3c897
374f6
439d2
3f7cb
39d81
4343e
3e5f7
36c86
3a334
36c87
3f403
3a335
36c89
3ee6e
3a337
439d4
3f405
3a339
36c8d
3a419
3f4ea
39d84
399c9
36c90
3ef58
36c91
3fb95
36c92
439d6
3b15f
3a9c4
36c95
3f4ed
3c01a
3a41e
439d7
3ef5a
36c99
3fb97
36c9a
43165
3f4f1
3f4f2
42bc4
3e5fa
439db
36ca0
3fe74
36ca1
3fe75
3f40b
36d5d
39e71
3c104
39ba2
36e51
3c106
36d61
39ab3
3b24c
39513
43510
39d86
37038
43511
3a7e7
3703a
43512
3ad89
3703c
36d69
3730e
3a151
36d6b
3a152
36d6c
3a423
36d6d
3ec8b
37312
4324e
36d70
3c3da
375e5
43250
3a7e9
3f8c0
3b625
36d74
3f8c2
3c3df
39516
3ef5e
39e74
42f85
39d88
3f4f4
39d89
39aba
43519
3e6ea
3951b
43251
3a42a
3951d
4351b
39e75
3c108
39ba4
36d81
3f04a
36d82
3f6db
36d83
43253
3f4fa
3a9ce
3a50d
3f5de
3c10b
3a50f
36d89
43255
3e7d6
42cb5
3f04d
4351e
3f5e2
3c10f
3c110
3f5e5
36d90
43259
3ef63
3f6de
43522
3f6df
36d95
43523
39604
3aab8
376ce
3aab9
376cf
36e56
3ad94
376d1
36e58
3b715
376d3
36e5a
43605
36e5c
39ba7
3ed7a
39339
4333e
39ba8
43606
3a516
36e60
3ed7e
3ed7f
3ae83
36e63
3f9b1
376d8
3c4ce
3a8dc
43609
3c4d0
376db
39066
3e7da
39067
42da2
396f2
3ae86
39155
3f12d
39e7a
3f5e6
39e7b
39bac
4360b
3e7dc
3960d
43343
3a51c
3960f
4360d
3e8cc
4252a
3eb97
42da5
3f5eb
3ad96
3a51e
36e78
3c1fc
3ae88
36e7a
42da6
3f131
3a60f
40056
3e8cf
43348
3c200
3ae89
36e80
3c203
43612
42da9
3e7df
3eb9a
4334c
3eb9b
3f5ee
4334d
397e6
3b252
3703f
3c89b
3b253
37041
396f4
3b160
37407
3c7a9
3b161
37409
3942c
3a8dd
374f9
3a8de
374fa
3b163
374fb
439df
39c9d
36f59
39156
3ee72
39157
43440
39c9e
3b444
39c9f
396fb
3f6e2
3abba
36f60
3f139
396fe
36f62
439e2
39d8d
3b536
397e9
3f7d3
3f6e5
3aca8
3fe76
3c2f7
42bc9
3b445
3abbe
36f6a
3c8a0
3b538
36f6c
3f22a
3acac
3fe79
3acad
36f6f
439e6
3c8a4
3b539
36f72
3fe7a
36f73
3fe7b
36f75
439e9
3f13a
36f77
3f6e8
439eb
398d8
3ad98
37131
3c3e1
3ad99
37133
3951e
3a9cf
375eb
3a9d0
375ec
3b258
375ed
43525
39d91
3704b
39248
3ef6a
39249
42f86
39d92
3b53a
39d93
397ef
3f7de
3acb4
37052
3f231
397f2
37054
43528
39e81
3b628
398db
3f8c5
3f7e1
3a7ee
3ff68
3be3d
42cbb
3b53b
3a7ef
3f8c6
3c3e7
3a7f1
3ff6a
3be3f
4352b
3c3e8
3a7f4
43dad
3b53c
3c3ea
3b62b
37064
3ff6c
37065
3ff6d
37067
4352f
3f232
42f8e
3f7e4
43531
399cc
3ae8a
37223
3c4d3
3ae8b
37225
39610
3aac1
376dd
3aac2
376de
3ad9e
376df
43617
39e85
3713d
3933a
3f05c
3933b
43078
39e86
3b62c
39e87
398e1
3f8d0
3a7fa
37144
3f323
398e4
37146
4361a
39f73
3b71a
399cf
3f9b7
3f8d3
3a8e2
4005a
3bf2f
42dad
3b62d
3a7fe
3714e
3c4d8
3b71c
37150
3f414
3a8e6
4005d
3a8e7
37153
4361e
3c4dc
3b71d
37156
4005e
37157
4005f
4307f
3c4df
3f324
43080
3f8d6
43623
39abe
3af7c
37315
3c5c5
3af7d
37317
39158
3abbf
377cf
3abc0
377d0
3ae90
377d1
4370b
39f77
3722f
3942e
3eba2
3942f
4316a
39f78
3b71e
39f79
399d5
3f9c2
3a8ee
37236
3f41b
399d8
37238
4370e
3a065
3b80c
39ac1
3faa9
3f9c5
3a9d4
4014c
3c021
42e9f
3b71f
3a8f2
37240
3c5ca
3b80e
37242
3f506
3a9d8
4014f
3a9d9
37245
43712
3c5ce
3b80f
37248
40150
37249
40151
43171
3c5d1
3f41c
3724d
3f9c8
43717
39bb0
3b06e
3740b
3c6b7
3b06f
3740d
3924a
3acb9
378c1
3acba
378c2
3af82
378c3
437fd
3a069
37321
39520
3ec94
39521
4325c
3a06a
3b810
3a06b
39ac7
3fab4
3a9e0
37328
3f50d
39aca
3732a
43800
3a157
3b352
39bb3
3fb9b
3c112
429e4
3ed81
4325f
3fab7
3b811
3a9e4
37332
3c6bc
3b354
37334
3f5f8
3aaca
3fc95
3aacb
37337
43804
3c6c0
3b355
3733a
3fc96
3733b
3fc97
3733d
43807
3f50e
3733f
3faba
43809
3933c
3a7ff
379b3
3a800
379b4
3b074
379b5
438ef
3a15b
37413
39612
3ed86
39613
4334e
39ca4
3b447
39703
3f6eb
3a435
3fba4
3a436
3a15e
43bc4
3ed88
39bbb
438f1
3aad4
39bbd
43bc6
3c204
42ad6
3ee79
43351
3fba9
3b357
3aad6
37424
3c7ae
3b449
37426
3f144
3abc6
3fd87
3abc7
37429
438f6
3c7b2
3b44a
3742c
3fd88
3742d
3fd89
3742f
438f9
3f600
37431
3fbac
438fb
39d98
3b813
375f1
3ce4d
3b814
375f3
39ca6
3b721
379b9
3cd5b
3b722
379bb
39ca8
3f6f4
3abcc
43cc2
3aad9
3fc98
3aada
3a258
4426f
3f420
39cad
43f97
3b173
39caf
44271
3abcd
3ce50
3a349
37511
43f99
3c026
43174
3c8a9
439f1
3fc9e
3b726
3b262
3fd8c
3ce53
3b264
3f7e8
3c029
43f9b
3ce54
3b267
44274
3fd90
3ce57
3c02a
439f4
3c02b
37520
43f9f
3fd93
439f6
3f423
37525
44279
3a43a
3bbdb
39e8b
375f6
3bbdc
3c995
3acbd
43db3
3f517
375fa
3b269
375fb
3fd95
3b26a
375fd
3f7ee
3b26c
44362
3fd97
3b26e
37601
3ada6
3fe7c
3acc0
3a34d
37604
3c3ee
37605
3f603
37606
44364
3bbde
3ada9
43ae0
3c3f0
3760a
3f605
3760b
43539
3fe81
3b26f
3760e
43ae3
3fe83
3c3f2
43ae4
3c3f3
3c99e
3fe85
37614
43ae6
3f7f1
3fd9d
376e6
3a801
3ca84
3a52d
377d6
3ca86
376ea
3adae
376eb
3f8df
39e8f
3b35e
39e90
376ee
3b35f
39e92
43627
3f60b
376f1
43628
3fe8a
39f7e
3b44d
376f4
3ca89
3b360
3a61c
3f148
3a61d
3f9cb
3acc3
376f9
3fe8d
3bcd0
3ae9b
43bd2
3c4e2
376fd
3f14b
376fe
4362b
3ff73
3b44f
37701
44459
3f14c
4445a
3f14d
3ff76
37705
3f60c
4445c
37708
4362f
378c6
3af88
377d9
3a8f4
3af89
377db
399da
3f14e
399db
43718
3a530
3bcd3
3a531
39f83
3ff7a
3aea3
377e2
3f9d3
39f86
377e4
43cc4
3a620
3bdc1
3a071
40061
3ff7d
3af8b
3fabc
3c2fd
4344b
3bcd4
3aea7
377ec
3cb7c
3bdc3
377ee
3f23c
3af8f
3fabf
3af90
377f1
43cc8
3cb80
3bdc4
377f4
3fac0
377f5
3fac1
4371f
3cb83
3f9d4
377f9
3ff80
43ccd
3a160
3b62f
379bd
3cc69
3b630
379bf
3a072
3fac2
3a9e8
43ae9
3a8f9
4006a
3a8fa
3a624
4408b
3f242
3a077
43db5
3af97
3a079
4408d
3a9e9
3cc6c
3a713
378d9
3c6c4
378da
3f32d
378db
43db7
40070
3b545
3b07e
40154
3cc6f
3b080
3fbb0
3be45
43db9
3cc70
3b083
44090
40158
3cc73
3be46
43810
3be47
378e8
43dbd
4015b
378eb
43dbe
378ed
44095
3aadc
43bda
3f333
379c2
3b176
3fca2
3aadf
3a165
3b634
3a166
379c6
3b635
3a168
438fd
3f335
379c9
438fe
40160
3a34e
3f424
3a34f
3f6fb
3a717
379ce
44180
3b90d
3b728
379d1
3fca5
3bf36
43900
3c7b9
44181
3fca6
3cd63
379d6
43ead
3fca9
3c7ba
43eae
3c7bb
3cd66
44185
379dc
43eb0
3fbb9
40165
37aaa
37f64
388d8
38f76
38058
3bdc8
39523
3af9c
38148
3bbe4
38f79
3832d
3b90f
37ab5
389cb
37ab7
38f7c
3d222
37ab9
3cb85
3d223
37abb
3daa6
38f80
41d9d
3acc4
37abf
40ba6
3c5da
40074
3c305
37ac2
3cb88
3afa3
40326
37ac5
37ac6
3b63b
3c5dd
3daa7
3c5de
3daa8
3c309
3faca
37acb
40233
3cb8d
3d227
37ace
4032a
37ad0
407e0
3b08c
37b9f
39614
389ce
37ba1
42164
3b63d
387e6
37ba4
3933e
3aae0
37ba6
389cf
3906d
38bae
3be48
3d5ea
39070
41337
3d5eb
39072
418e2
41339
42166
3b090
3aae1
37bb2
3cc78
40416
3c6cd
3b094
409c2
3f339
37bb6
3b097
3b72c
4445e
3cc7b
4032c
3cc7c
408d3
3c6d1
40168
3be50
37bbe
4041b
3d5ef
3f33b
43816
4041d
41156
37c90
3823c
399dc
3b17f
3823e
37c94
40d8a
38bb1
38510
3baf2
3b181
38512
38bb3
38ac1
38ca0
3c7bc
3dc88
3bf3b
37c9e
3dc89
3d408
42257
37ca1
37ca2
3b81e
3b183
3b184
3f42a
37ca5
3cd6b
3bf3e
40d8b
3f701
3b188
40ab5
3bdcb
37cac
3d409
37cad
3d40a
41247
3cd6f
4050c
3c7c4
3bf43
43907
3dc8d
3f703
37cb3
43909
37d81
3805b
3bbe7
3b271
3805d
38604
38ca2
38332
3baf7
3924e
3b273
38421
3b914
37d8c
41d9e
37d8e
3ce5a
4151a
3c8af
38ca9
4151c
3d7d0
37d92
38cac
3a442
3b915
3bbeb
3c02e
3f7f2
3b277
405fb
3c8b2
37d99
3fd9f
405fd
40e7e
37d9d
3c031
3d7d1
3c032
3d7d2
37da0
3f51e
439f8
3ce62
3c8b7
37da3
40512
3fda1
40513
37da7
37f65
387e7
37e75
3b63e
3bcdb
37e78
3933f
386f9
37e7a
41e8e
3b368
38ac2
37e7d
387e8
37e7f
38d99
3d03e
37e81
3c9a1
3d03f
37e83
3de6e
38d9d
41bba
3aae2
37e87
409c7
3c3f6
3fe90
3c121
37e8a
3c9a4
3adbf
406ee
37e8d
37e8e
3b458
3c3f9
3de6f
3c3fa
3de70
3c125
3f8e6
37e93
40603
3c9a9
3d043
37e96
406f2
37e98
40bab
38608
37f67
3915c
3a8fd
37f69
38514
387ea
37f6c
3b459
38e88
38518
37f6f
388de
37f71
38e8b
3d130
37f73
3ca93
3d131
37f75
3df60
38e8f
41cac
3abd4
37f79
40ab9
3c4e8
3ff82
3c213
37f7c
3ca96
3aeb1
40238
37f7f
37f80
3b54c
3c4eb
3df61
3c4ec
3df62
3c217
3f9d8
37f85
4023b
3c4ef
3d135
37f88
4023c
43633
40c9d
3b54d
38061
3860a
39da4
39ad0
3b54e
38e93
39617
3cb8e
3e050
3c8b9
38069
3e051
3d7d6
4261f
3806c
3806d
3cb90
408d6
3f7f7
3b551
408d8
3cb92
38071
3b554
3bbed
3c8bd
4007a
3c21d
43ccf
3d13c
407e4
3d13d
40d90
3cb96
3c8c1
43cd0
3e055
3807c
40d91
3b63f
38154
39bc1
39619
386fe
38157
3915d
3c3fe
3db9c
3961c
418e6
3db9d
3961e
41e91
418e8
42712
3c400
4016a
3c30d
38161
3d22b
3c402
417f5
38164
38165
3c30e
3f8ea
38167
409cd
3cc86
3e145
3cc87
3e146
3c406
3816b
409ce
3dba1
408e1
3816f
38335
39075
3915e
387ef
38248
4133a
3824a
39161
3d9b8
3824c
3d31b
3d9b9
3824e
3e236
39165
41f84
3be52
3f9da
3b734
40abb
3cd75
3b736
41065
40abd
4133c
38258
3d31f
43eb2
3fcb3
3c4f6
3dc91
3c4f7
3dc92
3825c
409d1
3d323
3d9bd
3825f
43eb5
38336
388df
38bbc
38339
428f4
3bdd2
41067
3833d
3d40c
41ac9
3ce65
39255
41acb
3dd82
38341
39258
3b825
3d40e
38344
3fda3
3c5e5
38346
3d410
3b829
41158
4023e
3ce69
40bb0
3facf
3834c
3d501
3834d
3d502
4133d
3d414
3ce6d
38350
40ac4
40bb3
4133e
38429
389d2
3a16c
398ec
3b36a
38caf
39433
3c9aa
3e418
3c6d5
38431
3e419
3d5f2
4243b
38434
38435
3c9ac
40c9e
3fbbf
3b36d
40ca0
3c9ae
38439
3b370
3ba09
3c6d9
3fe96
3c039
43aeb
3cf58
40bb4
3cf59
4115a
3c9b2
3c6dd
43aec
3e41d
38444
4115b
38d9f
39434
38ac5
3851e
41612
38520
39437
3d6e2
38522
3d045
3d6e3
38524
3e50c
3943b
4225a
3c128
3f704
3b45e
407e9
3ca9f
3b460
40d92
407eb
41614
3852e
3d049
43bdc
3ff89
3c7cc
3df67
3c7cd
3df68
38532
407ee
3caa5
3d6e7
38535
40ca9
3860d
38ac7
3943d
39ad1
38bc0
38612
39ad3
3ce6e
3e056
39ad5
4234e
3e057
39ad7
428f7
42350
42bcc
3c7d0
3fda6
3c21f
3861c
3d6eb
3ce72
41cb1
3861f
38620
3d145
4427b
3fda9
3ce74
3e059
3ce75
3e05a
38624
40d95
3d6f1
3dd8b
38627
4427e
38700
38cb0
39530
38703
42cbc
38705
39bc7
3de78
38707
3d7db
3de79
38709
3e6f0
39bcb
4243e
3c310
3d7dc
3bbf1
40f79
3d235
3bbf3
41523
40f7b
41da4
3c9b9
40f7c
3c8c5
38714
3de7b
38715
3de7c
41cb3
3d7e2
3d23b
38718
40e90
40f7f
41cb4
387f3
38da3
3a535
39cb4
41525
387f8
3d8cc
41f85
3d325
3970f
41f87
3e23c
387fc
39712
3bce2
3d326
387ff
3ff8b
3caa9
38801
3d8d0
3bce6
41616
3c40a
3ff8c
3be59
44460
3d8d2
40f80
3d8d3
41526
3d32c
3caaf
44461
3e7e5
3880c
41527
3bdd3
388e6
39da5
397fd
39169
398ed
3d416
3e8d2
3cb99
388ec
3e8d3
3dab2
42ea1
388ef
388f0
3cb9a
4115c
3c4fb
3bdd6
4115e
3d41a
388f4
3bdd9
3bf4a
3d9c3
388f7
41161
3d41c
3e8d5
3d41d
3e8d6
3cba0
388fb
41162
3e331
41075
388ff
38ac8
39259
398ee
38f88
389da
398f0
3cc8a
3e41e
398f2
4216a
3e41f
398f4
42713
4216c
429e8
3c5ec
4016e
3c03b
389e4
3d507
3cc8e
41acd
389e7
389e8
3cf61
44097
40171
3cc90
3e421
3cc91
3e422
389ec
41165
3d50d
3dba7
389ef
4409a
38ac9
39079
3a25f
39f8a
417fb
38ace
3d5f6
4225b
3d04f
399e5
4225d
3e512
38ad2
399e8
3ba0c
3d050
38ad5
3fcb5
3cd7f
38ad7
3d5fa
3ba10
41343
3c6e0
3fcb6
3c12f
4418a
3d5fc
41256
3d5fd
417fc
3d056
38adf
41257
3eabb
4418c
417fd
399e9
3a07d
3916c
38bc4
3a07f
3d420
3e602
3a081
428fa
3e603
3a083
42ea3
428fc
43178
3cd86
40423
3c7d5
38bce
3e335
38bcf
3e336
4216d
3dc9f
3d426
38bd2
41346
38bd4
4216e
38cb4
3a71a
3a171
39add
3a172
3d7e4
3ec9a
3cf67
38cba
3ec9b
3e426
43269
38cbd
38cbe
3cf68
41528
3ce79
3cf69
3e6f7
3cf6a
3e6f8
38cc2
40517
3d7ea
3e429
38cc5
4143d
38da5
3934f
3aae3
3a261
41ad1
38daa
3de7e
42531
3d8d7
39cbb
42533
3e7e8
38dae
39cbe
3c130
3d8d8
38db1
40608
3d8d9
3ed8f
3d8da
3ed90
3d05d
4161c
3de84
3e7eb
4060a
38db9
39440
39714
38e99
4344c
38e9b
39dab
3e05c
38e9d
3df71
3e05d
38e9f
3ee80
39daf
42bce
3c4fe
3df72
3c223
4170d
3df73
4161e
3df74
41bc4
3d9cd
38ea7
4161f
3ee83
4170f
41bc5
39805
39e9a
39534
38f8c
39e9c
3d23c
3e9ca
39e9e
42716
3e9cb
39ea0
42cbf
42718
42f94
3cba2
4023f
3c5f1
38f96
3e151
38f97
3e152
41f89
3dabb
3d242
38f9a
41712
38f9c
41f8a
3907c
3a536
39f8d
398f9
3a086
3d600
3f062
3d32f
39082
3f063
3e242
43085
39085
39086
3d330
41348
3cc95
3d331
3eabf
3d332
3eac0
3908a
40333
3d606
3e245
3908d
41805
3916d
39717
3aeb4
3abd7
41e99
39172
3e246
42ea5
3dca2
3a62f
42ea7
3ebb0
39176
3a632
3c500
3dca3
39179
409d5
3dca4
3f15b
3dca5
3f15c
3d9d4
419e4
3e24c
3ebb3
409d7
39181
39808
3a088
39261
43818
39263
3a720
3e9d0
39265
3e339
3e9d1
39267
3f24c
3a724
42f96
3ce7a
3e33a
3c5f3
41ad5
3e33b
419e6
3e33c
41f8c
3dd98
3926f
419e7
3f24f
41ad7
41f8d
3a179
3a263
398fc
39354
3a265
3d607
3ed92
3a267
42ade
3ed93
3a269
43087
42ae0
4390c
3cf6d
40bb8
3c9c1
3935e
3eac5
3935f
3eac6
428fd
3e42f
3d60d
39362
41ada
39364
428fe
39444
3a900
3a356
39cc1
3a446
3df77
3f42e
3d6fa
3944a
3f42f
3e60a
439fd
3944d
3944e
3d6fb
41cb8
3d060
3d6fc
3ee87
3d6fd
3ee88
39452
40cac
3df7d
3e60d
39455
41bcd
39535
39adf
3b27c
3a9f3
42261
3953a
3e062
42cc1
3dabe
3a44c
42cc3
3ef78
3953e
3a44f
3c8c8
3dabf
39541
407f1
3dac0
3f523
3dac1
3f524
3d7f0
41dac
3e068
3ef7b
407f3
39549
39bd0
39ea4
39629
43634
3962b
3a53c
3e7ec
3962d
3e155
3e7ed
3962f
3f614
3a540
4335e
3cc96
3e156
3c40f
418f5
3e157
41dae
3e158
42354
3dbb4
39637
41daf
3f617
418f7
42355
3a542
3abd8
39cc4
3971c
3abda
3df7e
3f15e
3abdc
43452
3f15f
3abde
439ff
43454
43cd4
3d8e4
40f84
3d338
39726
3ee8d
39727
3ee8e
42cc5
3e7f7
3df84
3972a
41e9e
3972c
42cc6
3980c
3b27d
3accc
3a636
3accd
3e33f
3f7fa
3dac5
39812
3f7fb
3ef7e
43dc5
39815
39816
3dac6
42080
3d9d7
3dac7
3f253
3dac8
3f254
3981a
41078
3e345
3ef81
3981d
41f95
398fd
39ea7
3b647
3adc4
42629
39902
3e9d6
43089
3e432
3a816
4308b
3f344
39906
3a819
3cc98
3e433
39909
41169
3e434
3f8ef
3e435
3f8f0
3dbbb
42174
3e9dc
3f347
4116b
39911
39f98
3a26d
399f1
43fa8
399f3
3a906
3ebb4
399f5
3eac9
3ebb5
399f7
3f9e0
3a90a
4372a
3d061
3eaca
3cd8b
42265
3eacb
42176
3eacc
4271c
3e528
399ff
42177
3f9e3
42267
4271d
3a35e
3a9f5
3a08c
39ae4
3a9f7
3dd9a
3f526
3a9f9
4326e
3f527
3a9fb
4381b
43270
43af0
3d700
40da0
3d154
39aee
3eca9
39aef
3ecaa
42ae1
3e613
3dda0
39af2
4226a
39af4
42ae2
39bd4
3b099
3aae8
3a452
3abe1
3e15b
3fbc2
3de8d
39bda
3fbc3
3ed9a
43be1
39bdd
39bde
3de8e
41ea0
3d7f3
3de8f
3f61b
3de90
3f61c
39be2
40e94
3e161
3ed9d
39be5
4235d
39cc5
3a270
3ba12
3b73b
429f1
39cca
3ed9e
43a01
3e7fa
3b192
43a03
3f710
39cce
3b195
3d063
3e7fb
39cd1
41531
3e7fc
3fcbb
3e7fd
3fcbc
3e52f
4253c
3eda4
3f713
41533
39cd9
3a361
3abe3
39db9
44371
39dbb
3b283
3f52c
39dbd
3ee91
3f52d
39dbf
3fdac
3b287
43af2
3d9d8
3ee92
3d156
4262d
3ee93
4253e
3ee94
42ae4
3e8f0
39dc7
4253f
3fdaf
4262f
42ae5
3acd4
3adc6
3a455
39eac
3adc8
3e162
3f8f2
3adca
4363a
3f8f3
3adcc
43be3
4363c
44465
3dacb
41714
3d51f
39eb6
3f621
39eb7
3f622
43455
3ef87
3e168
39eba
42632
39ebc
43456
39f9c
3b464
3aeb9
3a81c
3afa9
3eacf
3ff8e
3e255
39fa2
3ff8f
3f166
44556
39fa5
39fa6
3e256
42810
3dbbe
3e257
3f9e7
3e258
3f9e8
39faa
41808
3ead5
3f169
39fad
42725
3a08d
3a638
3bdda
3b557
42db9
3a092
3ebba
4381d
3e616
3afaf
4381f
3fad8
3a096
3afb2
3d42b
3e617
3a099
4134d
3e618
40083
3e619
40084
3e34b
42904
3ebc0
3fadb
4134f
3a0a1
3a729
3a9ff
3a181
4418d
3a183
3b09f
3f348
3a185
3ecad
3f349
3a187
40174
3b0a3
43eba
3d7f4
3ecae
3cf72
4244d
3ecaf
42906
3ecb0
42eac
3e70c
3a18f
42907
40177
4244f
42ead
3b0a5
3bce9
42f9d
3a276
3eda5
43fad
3f9eb
3a278
3fcc0
3ead7
3a27a
3a27b
3be5f
3f9ed
3be60
3f9ee
3a27e
429f5
3e43f
41adc
3de96
3a281
41ade
3edab
41adf
3a285
3a90f
3b82f
3b198
3b830
3e61c
3fdb0
3bf4f
4409e
3fade
3b834
43af5
4409f
3a36e
3f442
3a36f
3f443
43913
3fdb5
3df87
3f444
3d705
42bd9
3f445
3e622
3a375
42aed
3a456
3aa02
3a458
3b376
3c040
3fbce
3b378
4060c
3c042
3a45d
3f533
4060d
43be8
3ef8b
42bdc
3ef8c
43182
3fbd3
3d7f6
3ef8d
3a464
41cc1
3ef8e
3a466
42bde
3a468
43a06
3a549
406fd
3a54b
3b469
3f624
3a54d
3ff95
3b46b
43cd8
3f07c
3b46d
3b46e
3e802
3ff97
3e803
3ff98
3c137
3a555
3e804
42dbc
3e16a
3e805
42dbe
3f62a
42dbf
43275
3aec1
3bb05
43365
3a63e
3ebc1
43dc9
3f807
3a640
40088
3e8f3
3a642
3a643
3c227
3f809
3c228
3f80a
3a646
42dc1
3e25b
418f8
3dcb2
3a649
418fa
3ebc7
418fb
3a64d
3acd7
3b64b
3afb4
3b744
3e9e4
40178
3c317
44466
3f8fa
3b650
43ebd
44467
3a736
3f25e
3a737
3f25f
4372f
4017d
3dda3
3f260
3d521
429f9
3f261
3e9ea
3a73d
42eb5
3a81f
3b654
3bddc
3c410
3ff9a
3be63
409d8
3c412
3bcee
4455c
409d9
3a828
3f357
3a829
3f358
43dcd
3ff9f
3e441
3f902
3dbc2
43093
3f903
3f088
3a82f
42fa3
3a911
3b746
3bddd
3c502
4008c
3bf55
40aca
3c504
3bde1
440a2
40acb
3a91a
3f449
3a91b
3f44a
43ebf
40091
3e533
3f9f4
3dcb4
43185
3f9f5
3ebce
3a921
43099
3aa03
3b838
3ba14
3c5f4
4017e
3c047
40bbc
3c5f6
3b927
44194
40bbd
3aa0c
3f53b
3aa0d
3f53c
43fb1
40183
3e079
3fae6
3dda6
43277
3fae7
3ecc0
3aa13
4318b
3aaf5
3b37e
3bb06
3c6e6
3fcc4
3c139
40cae
3c6e8
3ba19
44286
40caf
3aafe
3f62d
3aaff
3f62e
43af7
3fcc9
3e16b
3fbd8
3de98
43369
3fbd9
3edb2
3ab05
4327d
3abe7
3b470
3bbf8
3c7d8
3fdb6
3c22b
407f4
3c7da
3bb0b
44378
407f5
3abf0
3f173
3abf1
3f174
43be9
3fdbb
3e25d
3f71e
3df8a
4345b
3f71f
3eea4
3abf7
4336f
3acd9
3b562
3bcf1
3c8ca
3fea8
3c31d
408e6
3c8cc
3bbfd
4446a
408e7
3ace2
3f265
3ace3
3f266
43cdb
3fead
3e34f
3f810
3dad0
42fa5
3f811
3ef96
3ace9
43461
3add2
3bc01
3c416
3feae
3c417
3feaf
3c140
3add7
3f634
43642
3ef98
3f635
43644
3feb2
43645
43afb
3bcf2
3aec6
3f178
3aec7
3f179
4446c
3cab8
3eadf
3ffa2
3e260
43735
3ffa3
3f17c
3aecd
43649
3afb6
3bde5
3c5fa
40092
3c5fb
40093
3c324
3afbb
3f26c
43826
3ebd0
3f26d
43828
40096
43829
43cdf
3b92a
3b0aa
3f35c
3b0ab
3f35d
440a4
3cc9c
3e717
40186
3e444
43919
40187
3f360
3b0b1
4382d
3b19a
3ba1d
3c7de
3fcca
3c7df
3fccb
3bf5c
3b19f
3f450
43a0a
3edb4
3f451
43a0c
3fcce
43a0d
43ec3
3bb0e
3b28e
3f540
3b28f
3f541
44288
3ce80
3e8fb
3fdbe
3e07c
43555
3fdbf
3f544
3b295
43a11
3b380
3cf73
440a6
3c9c8
43afc
3ef99
42be0
3fbe3
3b384
43afd
3cf75
3ef9a
3b387
42be3
3b472
3d065
44198
3caba
43bf2
3f08b
42cd2
3f729
3b476
43bf3
3d067
3f08c
3b479
42cd5
3b564
3d157
4428a
3cbac
43ce4
3ebd1
42dc4
3f81b
3b568
43ce5
3d159
3ebd2
3b56b
42dc7
3b656
3d249
4437c
3cc9e
43dd6
3ecc3
42eb6
3f90d
3b65a
43dd7
3d24b
3ecc4
3b65d
42eb9
3b748
3d33b
4446e
3cd90
43ec8
3edb5
429fc
3f9ff
3b74c
43ec9
3d33d
3edb6
3b74f
429ff
3b83a
3d42d
44560
3ce82
43fba
3eea7
42aee
3faf1
3b83e
43fbb
3d42f
3eea8
3b841
42af1
3b92c
3cf76
40acc
3cca1
440a8
3ecc5
4318c
3c603
3b930
440a9
3d524
3f548
3b933
4318f
3ba1e
3d068
40bbe
3cd93
4419e
3edb7
4327e
3c6f5
3ba22
4419f
3d616
3f63a
3ba25
43281
3bb10
3d15a
40cb0
3ce85
44290
3eea9
43370
3c7e7
3bb14
44291
3d708
3f180
3bb17
43373
3bc02
3d24c
407f6
3c9cb
44382
3ef9b
43462
3c8d9
3bc06
44383
3d7fa
3f272
3bc09
43465
3bcf4
3d33e
408e8
3cabd
44474
3f08d
42fa8
3c41f
3bcf8
44475
3d8ec
3f364
3bcfb
42fab
3bde6
3d430
409da
3cbaf
44566
3ebd3
4309a
3c511
3bdea
44567
3d9de
3f456
3bded
4309d
3be75
3bf68
4456a
42af2
4456b
40432
3be79
43921
45bd1
4033e
3c330
4033f
43ecd
3c332
45add
42fad
3c334
3cabf
40614
3c422
3ffb0
3f365
43558
3f090
3be85
43fc1
3ffb4
3be87
409dc
3ffb6
4364a
3c429
4364b
3c42a
4456f
42fb1
3c42c
3be8d
3c42e
4364c
3be8f
4364d
3be90
43ecf
3be91
4874d
3c432
4cd44
3be94
3fa03
44482
3d346
3c6f7
3dbc3
3be97
3d618
3cca5
43830
3c6fa
40194
40343
3c6fc
42fb5
3be9c
43833
3ccaa
3be9e
40cb2
3ccac
3c701
48c08
42a05
48c09
3bea3
44296
3ccb1
45ea5
4043b
3bea6
44f87
3ccb4
48c0c
44f89
3edb9
42a06
3eae4
3fcdc
42a07
3f274
3fcdd
3beae
4272e
43ed4
4217f
4c792
42a09
3fa0b
4c793
43a12
3fa0d
4c794
43fc8
3fce5
43fc9
3beb7
48567
3fa12
45624
43a15
4c797
45626
3fa15
3fce6
430a2
3bebd
430a3
3bebe
43922
3bebf
481a1
3fcea
4c79b
3bec2
43836
3bec3
48c0d
44486
42af4
44572
4043e
45bd3
44704
40440
3bec9
43edc
3beca
48475
42a10
3becc
44487
42a12
4cd48
44616
43ee0
4cd49
481a7
42af5
45bd6
44617
43fcf
4856c
44da1
4bf13
44707
3bed6
4c7a0
4562a
4cd4c
4562b
3bed9
4cd4d
44619
3bedc
4470b
4cd4f
48294
4cd50
48295
48478
3bee1
3c059
3cf7a
3bf6f
43194
45714
43b06
3c05d
45716
3bf73
3d9df
44575
3d436
3c517
400a3
3bf76
3fa17
400a5
3bf78
43b07
400a7
3bf7a
42dc8
44576
4281d
4c885
430a8
3c51f
4c886
440b7
400ad
42dca
44579
4281f
4883d
42af6
4883e
42af7
4c889
4457b
3c527
3ce87
40441
3c606
3fdcc
3d439
409df
3cd98
3bf8a
3f72d
441a2
3f45a
3c7ed
43929
40444
43fd7
3cd9d
3bf8f
407f8
3cd9f
3bf91
48cf9
407f9
3c7f4
43fd8
3c7f5
4052b
45f96
43b09
3bf97
45f98
407fb
48cfd
4507a
3bf9a
3bf9b
3faf7
4392c
3f45c
3f36d
4392d
3bf9f
43b0b
3fdd0
43196
3fafb
43197
3fafc
43fda
42afe
3fafe
4438a
4355a
3fb00
3bfa7
3fb02
48658
43283
4c2dc
43b10
3bfab
4516b
3fb06
4c2de
4865d
42822
43fdc
42273
48297
42546
48298
42547
4cb5b
43fde
3fddd
42b02
4457f
4392f
40448
3bfb7
43a1a
45718
440ba
40531
4c88d
4571b
42b03
48572
43a1c
4cb5d
43930
430b3
48d01
44711
42b07
3bfc1
48574
42b09
4c2e4
43a1d
430b4
3bfc5
4516e
3bfc6
48383
3bfc7
48d04
447fa
43b18
48660
43b19
48661
447fb
44714
4c2e8
45720
48d07
44e96
48d08
44e97
3bfd2
4c2eb
48577
3c060
43bfa
40616
43bfb
3c14e
45807
43287
3c150
3ccb6
4024d
3c608
40196
3f549
43744
3ecc8
3c069
40bc0
4019a
3c06b
43bfe
4019c
43839
3c60f
4383a
3c610
441a8
4319f
3c612
3c071
3c614
4383b
3c073
4383c
3c074
43b1a
3c075
48931
3c618
4c97c
3c078
3fbe9
440c3
3cf7e
3c8db
3dda7
3c07b
3d7fc
3ce8b
43a1e
3c8de
3fddf
40535
3c8e0
431a3
3c080
43a21
3ce90
3c082
40bc1
3ce92
3c8e5
48dec
42beb
48ded
3c087
4448b
3ce97
46089
40620
3c08a
44bbf
3ce9a
48df0
44bc1
3ef9d
42bec
3e71c
3fec0
3c090
431a6
3fec1
3c092
42912
43b1f
42363
4c3ca
42bef
3fbf1
4c3cb
43653
3fbf3
4c3cc
43c04
3fec9
43c05
3c09b
48751
3fbf8
4525c
43656
4c3cf
4525e
3fbfb
3feca
4328a
3c0a1
4328b
3c0a2
4355f
3c0a3
4838b
3fece
4c3d3
3c0a6
43a24
3c0a7
48df1
440c7
42cdc
441ab
40623
4580b
448e8
40625
3c0ad
43b27
3c0ae
48665
42bf6
3c0b0
440c8
42bf8
4c980
44804
43b2b
4c981
48391
42cdd
4580e
44805
43c0b
48756
44f8b
4c0f7
448eb
3c0ba
4c3d8
45262
4c984
45263
3c0bd
4c985
44807
3c0c0
448ef
4c987
47ecc
4c988
47ecd
48668
3c0c5
3c23d
3d15e
3c153
43378
458f8
43cee
3c241
458fa
3c157
3d8ef
40e97
3d06e
3c436
3fed0
3c15a
3f914
3c9d3
3c15c
42cde
441ae
40629
3c43b
44583
4070d
3c43d
3c161
44584
3c9da
441af
3c9db
3d06f
40bc3
3cdab
3c166
3fbfc
43b2e
3f63e
3c70a
442a0
4070f
3c70c
4ca6c
42458
43ee4
3fcf6
43ee5
3fcf7
3c16e
441b3
3fcf9
3c712
4245a
43ee6
3c714
43ee7
3c715
441b5
3c716
48edf
43296
3c176
3c7f6
3ffbc
3c178
3f730
40711
4617a
43cf1
3c17b
4617c
409e3
48ee1
44cb2
3c17e
3c17f
3f731
43569
3f640
3f551
3f642
3c183
43cf3
3ffc1
4337a
3f735
4337b
3f736
43cf4
42ce6
3f738
44587
43746
3f73a
3c18b
3f73c
48842
43467
4c4c0
43cf8
3c18f
4534f
3f740
4c4c2
48847
4245e
43c18
41eab
47ecf
42732
47ed0
42733
4cd53
43c1a
3ffce
42cea
441b8
4356c
4062d
3c19b
4365b
458fc
442a6
40717
4ca75
458ff
42ceb
4875c
4365d
4cd55
4356d
4329b
48ee5
448f5
42cef
3c1a5
4875e
42cf1
4c4c8
4365e
4329c
3c1a9
45352
3c1aa
47fbb
3c1ab
48ee8
449de
43d00
4884a
43d01
4884b
449df
448f8
4c4cc
45904
48eeb
45080
48eec
45081
3c1b6
4c4cf
48761
3c244
43de0
4024f
43de1
3c338
459eb
4346b
3c33a
3cac3
3d15f
40cb8
3cac5
3c24c
3fa18
44491
3f182
3c52d
43660
40252
3c52f
440ca
40254
3cacc
43661
3c532
48a21
40ad3
3c534
43d03
3c7f8
3fde0
3d162
40cb9
3eead
43382
3c7fb
3fde3
3c25b
43de3
3fde6
3c25d
407fd
3fde8
43a27
3c801
43a28
3c802
44394
43385
3c804
3c263
43386
48578
42b0d
4cb62
43387
48a24
43d05
3c267
4857c
4857d
3d163
43d06
3cbb4
3c26b
440cc
3cad1
45cc1
40259
3c26e
44da9
3cad4
48a28
44dab
3ebd7
42dd4
3e900
400b1
3c274
4338a
400b2
3c276
4254e
43d07
41f9b
4c5ae
42dd7
3f829
4c5af
43842
3f82b
4c5b0
43dea
400ba
43deb
3c27f
48935
3f830
45440
43845
4c5b3
45442
3f833
400bb
4346e
3c285
4346f
3c286
4374b
3c287
47fc3
400bf
4c5b7
3c28a
4374d
459ee
44398
4025d
4cb67
459f1
42ddc
442b2
43666
40720
3c291
43d0f
3c292
4884f
42dde
3c294
442b4
42de0
4cb68
449e8
43d13
4cb69
47fc9
42ec1
459f2
44bc2
4bd2e
45445
4c5bb
449e9
44acf
3c29e
4c5bc
45446
4cb6c
45447
3c2a1
4cb6d
449eb
3c2a4
44ad3
4cb6f
480b0
4cb70
480b1
48852
3c2a9
3c441
401a2
3c33c
3f916
3cbb5
3d253
3c61c
3dad2
3c340
3fb0a
3cbb9
43751
3c61f
43752
40262
43df7
3cbbc
3c345
408f0
3cbbe
3c347
48b13
40bc5
3c626
43df8
3c8ea
3fed2
3d256
407ff
3ef9f
43474
3c8ed
3fed5
4034f
3c8ef
4cc50
4062e
3c8f1
43475
3c352
42bfd
3c353
4439f
3fedc
3c355
4cc53
3c357
43478
4866a
42bff
4cc54
43479
48b16
43dfa
3c35b
4866e
4866f
40bc6
3c35e
44e99
3cbc4
48b18
441bf
3c361
45db6
3cbc7
3e9f1
401a4
3c364
3f918
3f27b
42ec7
3f919
44496
4208c
43572
401a8
43573
401a9
3c36b
43dfd
401ab
3c36d
441c1
401ad
3f921
430b5
4be1e
45531
3c372
441c2
3f925
48483
43ef2
3c375
3c376
42ecb
480b2
42643
4c6a7
42ecc
4c98a
43847
3c37a
480b6
480b7
4347d
44ad4
44ad5
43e02
40355
43ef3
3c380
4461b
43ef5
3c382
48b1c
43849
4c98c
480b9
3c385
4461e
4347e
42ed1
44ad8
43e05
3c389
4c6ab
480ba
3c38b
48943
43ef6
48486
44cb5
4be21
443a7
43ef7
4cc5d
45ae6
44cb6
48b21
44cb7
4c6af
45ae7
45ae8
3c395
44adc
4c6b1
4553a
4c6b2
4553b
480bc
4cc63
3c443
3c536
4458c
409e5
4458d
40723
3c447
43efc
46183
3c44a
408f2
40630
43e09
3c900
4608f
43577
3c902
40632
43c25
3c9e5
4449d
3c9e6
48eee
4329e
48eef
4449e
3c454
3ccba
3e16f
3c456
3dbc6
3d259
3c458
41261
3d25b
4357b
3ccbf
4357c
3ccc0
43e0c
408f8
3ccc2
4180a
409ea
3d261
409eb
3c461
4553d
3d264
46452
409ed
3c464
46454
3d267
3f836
3f929
3c468
44591
3ffd2
45bdd
4375a
4c4d0
44719
3c46c
45be0
4471b
408f9
444a1
408fa
40639
44bca
43580
40724
43efd
3c473
44cbb
44cbc
408fb
3c476
46187
44cbe
42a1c
44624
42a1d
48c19
43581
42fd2
48ef6
444a6
3c47d
48ef7
444a8
430bc
46189
4471c
4c4d2
45359
4cd5c
4535a
491be
4535b
3c484
48ef9
44cc1
44628
4cd5f
3c488
48858
3c489
48859
44bd1
3c48c
44cc3
4cd62
3c53c
40ad6
40268
43fef
3c62a
45cc7
4375f
3c62c
40727
43d17
3cad7
4459c
3cad8
48a34
43390
48a35
4459d
3c546
3cdac
3e261
3c548
3dcb8
3d34b
3c54a
40da7
3d34d
4366f
3cdb1
43670
3cdb2
43f02
409f5
3cdb4
41350
40adc
3d353
40add
3c553
4562f
3d356
46544
40adf
3c556
46546
3d359
3f92a
43f04
3c55a
440d7
400c4
45723
4384c
4c5c2
4480b
3c55e
45726
4480d
40ae0
440da
4026b
45ccb
45ccc
409f6
445a0
409f7
4072e
44cc6
43674
409f8
3c568
45ccd
44db0
42b0e
44722
42b0f
48d0b
43675
430c6
48a3c
445a5
3c56f
48a3d
445a7
431ae
45ccf
4480e
4c5c4
4544b
4c8a2
4544c
492b0
4544d
3c576
48a3f
44db3
44726
4c8a5
3c57a
4894a
3c57b
4894b
44ccd
3c57e
44db5
4c8a8
40359
3c71a
4035a
43b35
3c71c
45db9
43851
3c71e
4026d
43e12
3cbc9
440e2
3cbca
48b26
43482
48b27
440e3
3c638
3ce9e
3e353
3c63a
3ddaa
3d43d
43765
3cea1
43766
3cea2
40e99
4063c
3cea4
43ff6
40ae7
3cea6
41442
40bce
3d445
40bcf
3c645
45175
3d448
46636
40bd1
3c648
46638
3d44b
3fa1c
43ff8
3c64c
441cb
401b6
45815
4393e
4c6b4
44903
3c650
45818
44905
40ae8
440e6
40ae9
40274
44db8
4376a
4035c
43b37
3c657
44e9f
44ea0
40aea
3c65a
45dbf
44ea2
42c00
44814
42c01
48dfd
4376b
431b8
48b2e
440eb
3c661
48b2f
440ed
432a2
45dc1
44906
4c6b6
45543
4c994
45544
493a2
45545
3c668
48b31
44ea5
44818
4c997
3c66c
48490
3c66d
48491
44dbf
3c670
493a7
45dc5
3c720
40cba
40452
43c29
3c80e
45eab
43943
3c810
3cf81
40bd6
3c9eb
3e446
4035f
43b3b
3cf84
441d7
3cf85
3c72a
40f8d
3cf87
3c72c
43b3d
3cf89
3c72e
49489
3c730
42fd6
4462a
432a5
4948a
43858
3ccc8
444aa
3ccc9
48c1c
4462f
40cc1
3c737
45267
3cf8e
46728
40cc3
3c73a
4672a
3cf91
3fb0e
3fbff
3c73e
442bd
3fcfc
45907
43a30
4c7a6
449f5
3c742
4590a
449f7
40bda
441da
40bdb
40366
44eaa
4385c
40454
43c2b
3c749
44f91
44f92
40bdc
3c74c
45eb1
44f94
42cf4
4490c
42cf5
48eff
4385d
432ac
48c22
441df
3c753
48c23
441e1
43394
45eb3
449f8
4c7a8
45635
4ca86
45636
49494
45637
3c75a
48c25
44f97
44910
4ca89
3c75e
48582
45911
4ca8a
44eb1
3c762
44f99
4ca8c
3c812
40800
40544
43d1b
3c906
45f9d
43a35
3c908
3d073
40cc8
3cadd
3e538
40276
3cadf
48fcc
40457
43c2f
3d078
442c9
3d079
3c81e
40daa
3d07b
3cae5
48fcf
3c822
430ca
44728
43397
48fd0
4394a
3cdba
445a9
3cdbb
48d0e
4472d
40807
3c829
4535f
3d080
4626e
40809
3c82c
46270
3d083
3f744
3fc01
3c830
443af
3fdee
459f9
43582
4c2ec
44ae7
3c834
459fc
44ae9
40ccc
442cc
40ccd
4045e
44f9c
4394e
40546
43d1d
3c83b
45083
45084
4080c
48d13
45fa4
43c34
42de6
449fe
42de7
48a45
4394f
4339e
48d14
442d1
3c845
48d15
442d3
43486
45fa5
44aea
4c2ee
4517b
4cb78
4517c
48fda
4517d
3c84c
48d17
45089
44a02
48589
3c850
48674
45a03
4cb7c
44fa3
3c854
4508b
4cb7e
3d801
40dab
3d166
3c90b
408fc
3d168
3c90d
4080f
443ba
4054a
490bf
40810
3cbd5
490c0
408fe
3cbd7
3c913
3cea9
43a3a
3c915
43a3b
3c916
4481c
42c03
4481d
4348a
490c3
3c91a
41172
3d171
4635f
40901
48e01
45453
3d174
48e02
45455
3f838
4348b
3fedf
44630
4036d
4cc64
444ae
3c925
45aed
3fee3
4cc66
45aef
4348c
4508c
443bf
4348d
490c7
4508f
40903
444b0
40642
46093
46094
43d26
40905
48e05
46096
4348e
48676
43e18
4cc67
43e19
4348f
3c936
48678
43491
4cc68
45092
43493
3c93a
4526c
3c93b
45af1
3c93c
45af2
3c93d
45af3
444b6
490cd
46099
45270
490ce
45271
44af4
4cc6e
3c944
44bdb
4cc6f
45095
3c9f5
3cae8
40f90
40cd0
444b8
40738
3c9f9
444b9
4672f
3c9fc
40bdd
40645
43b44
3ceb2
4663b
43b45
3ceb4
4036e
43b46
3cf93
441e3
3cf94
43b47
3cf95
4949b
40be2
3ca06
3d268
3e71d
3dea0
41444
3d805
4358c
3d26b
4358d
3d26c
4180c
409fa
3d26e
443c9
40ea4
3d270
41db6
40f96
3d80d
40f97
3ca13
469fd
3d810
45af8
409fc
49763
45afa
3d813
3fdf3
3fee6
3ca1a
4358f
3ca1b
45181
43590
3ca1d
444ba
3ca1e
44bdd
43593
49766
45183
43595
3ca22
4367c
46730
40f9b
4073d
494a1
44a04
4ca8d
44ccf
3ca27
45914
3ca28
48f03
46734
40be8
3ca2b
494a5
45186
45278
42fdb
48f04
43b4f
4367d
46737
44cd1
4ca8e
48f06
44917
44cd2
494a7
44cd3
45188
494a8
46738
48f09
3cbd9
3dad6
3caef
41083
46272
40817
3cbdd
46274
3caf3
433a2
44fa4
433a3
48fe0
40cd6
4984e
4367f
3caf7
44fa8
44fa9
3df91
41537
3d8f6
3cafb
40cd8
444be
40746
49850
40aeb
3d35f
49851
40fa0
3d361
49852
41087
3d363
3cb03
3d900
46aee
40280
49854
4108a
3cb07
45beb
3d904
49856
46af3
43682
3fee8
40818
445ac
40282
46277
45366
40284
45a04
40285
45cd5
44af8
48fe6
45367
40288
49858
40fa2
4527c
40fa3
40cdc
49859
43685
492b6
44a0b
4074c
48fe8
43688
4074e
4985b
4627b
43c42
40fa4
3cb1f
4985d
44a0d
3cb21
45283
445af
43e1b
45cd7
44a0e
44cd9
3cb26
45cd8
45a09
4985f
45285
3cb2a
4536d
49861
3cbe0
40907
40371
43e1c
3ccce
46365
43e1d
3ccd0
40289
45096
4028a
49941
4081c
443cf
40553
45099
4081d
3cbea
3d44c
3e901
3cbec
3e356
3d9e9
43772
3d44f
43773
3d450
41445
40bea
3d452
445b1
41093
3d454
419ee
4117a
3d9f1
4117b
3cbf7
46be1
3d9f4
45730
40bec
49947
45732
3d9f7
3ffd9
445b3
3cbfe
43775
3cbff
4536f
43776
3cc01
440f2
3cc02
44dc7
43779
4994a
45371
4377b
3cc06
43862
46368
4117f
40377
490d9
4463c
4cc71
44eb9
3cc0b
45afe
3cc0c
48b3b
4636c
40823
3cc0f
490dd
45374
4545c
431bf
48b3c
43d37
43863
4636f
44ebb
4cc72
45b00
49950
45b01
44dca
48b3f
45376
490e0
46370
48b41
3cdbd
3dcba
3ccd3
41267
46456
409ff
3cdc1
46458
3ccd7
3e447
419ef
3dbca
3cf9a
41183
3ccda
4090e
3ccdb
41269
3d532
3ccdd
4126a
3d534
3ccdf
41810
3d536
3cfa2
4037f
44be2
40380
49a37
40910
444c5
40654
44be5
40911
3cce7
3d538
46cd2
40466
49a38
4126e
3cceb
45823
3d53c
49a3a
46cd7
43868
400cc
40912
440fa
40913
40383
45462
432b2
44ebe
4386c
3ccf5
44ec0
40387
3ccf7
491cc
40a00
441e7
40468
4645b
4554a
4046a
45bee
4046b
45eb9
44730
491ce
4554b
4046e
49a3f
45465
4554d
41188
3cd03
49a41
44645
3cd05
45467
441e9
43fff
45ebb
44646
49a42
3cd0a
45ebc
3cd0b
45ebd
45469
3cd0e
45551
49a45
3cdc4
40aef
40555
44000
3ceb8
46549
44001
3ceba
3d61f
41274
3d08b
3eae6
4046f
43f12
3d622
43f13
3d623
3cdce
4162b
3d625
3cdd0
41356
3d627
3d093
4957b
3cdd4
43958
3cdd5
44cdb
3d367
4368b
3cdd7
4368c
3cdd8
44cde
44cdf
40db3
3cddb
46819
3d62c
4591a
40827
4957f
4591c
3d62f
3fd01
441ed
3cde2
4395b
3cde3
45553
4395c
3cde5
442d8
3cde6
44fb1
4395f
49582
45555
43961
3cdea
43a46
4654c
40db7
4055b
492bf
44820
4c8a9
4509d
3cdef
45736
3cdf0
48d1f
46550
40a0b
3cdf3
492c3
46552
441ef
433a5
48d20
43f1b
43a47
46553
4509f
4c8aa
48d22
44739
450a0
492c5
450a1
4555a
492c6
46554
48d25
3d17c
3d712
3cebd
3e080
41bd3
40561
44004
3d715
44005
3d716
3cec1
4171d
3d718
3cec3
442de
3d71a
3cec5
4966d
40af7
440fd
40296
44dcd
40563
44dce
40564
4966f
44008
3d45c
40655
493ad
45a0b
3cece
4171e
3d71f
4690d
40eae
3ced1
3ced2
44009
3fdf6
40dbe
45644
40dbf
40afc
49673
43a4f
490e2
44827
4056a
493af
43a52
4056c
49675
40eaf
4518a
40bee
3cede
46640
43c44
4609c
44919
48e10
44bea
49676
46641
4518e
3cee4
493b4
46643
442e1
40eb2
3cee8
450a5
4359a
46645
442e2
4491b
48e13
450a6
3ceed
4491c
48e15
4491d
3cef0
45193
4967c
4564d
3cfa3
3d096
4153c
40ce3
441f1
40660
3cfa7
4153e
46cdb
40bf0
3d45e
4056d
43b54
3d460
46be7
4118b
3d462
40389
43e2a
3d53f
43e2b
3d540
44102
3d541
49a47
4118e
3cfb4
3d814
3ddb0
4144d
3d816
3eccc
4056f
43b58
3ddb3
3cfba
41450
3ddb5
44105
3ddb6
3cfbd
41db9
3ddb8
3cfbf
49d0d
41543
3cfc1
46fa9
3ddbc
460a4
40fa8
49d0f
460a6
3ddbf
40572
43b5a
40573
3cfc8
4573c
4359b
49770
4127e
4582c
4359c
49771
441f4
40bf9
3cfce
44108
40bfb
494ad
44ec7
3cfd1
494ae
45740
40ce8
46cde
4582f
40cea
45ebe
40ceb
4673b
44fb8
49a4e
45830
40cee
49d16
45741
45832
41549
3cfdd
45ec1
3cfde
49a52
45199
45ec2
49d19
45ec3
3cfe3
49d1a
3cfe5
49a55
3e081
3d09c
3d189
4162f
3d09e
442e6
4082a
3d0a0
3d630
43963
3d0a2
43964
3d0a3
43c4a
3d0a4
4555f
3d634
4958e
3d0a7
3d907
3edbd
3e53e
41ae3
3dea4
4154b
3d90a
41631
40667
3d90c
43c4d
3d90d
418fe
41098
3d90f
41eac
41634
4082b
4958f
46195
3d0b4
41900
3deaf
4709d
41637
3d0b7
3d0b8
4154e
3d0b9
49e03
441fb
4082d
442e7
40754
44fbc
40755
48ff2
43d3b
3d0bf
45920
4163a
3d0c1
45378
3d0c2
45fb1
40832
46282
40833
3d0c5
49593
41287
40cf6
4583a
43c52
3d0c9
4528f
40cf9
3d0cb
49595
45924
41289
3d0ce
49e09
4537b
48ff7
48ff8
44fc1
4537c
49599
4537d
4583e
4959a
4682a
3d0d7
3d279
3e174
3d18f
40eb4
46910
43e2d
3d27d
46912
3d193
40dc7
4564e
40aff
4967e
40dc8
49eec
43d3d
3d197
45652
45653
3e083
41bd5
3df94
3d19b
40837
442ec
40758
3d9fc
49eee
40838
49eef
41195
3d9ff
49ef0
41725
3da01
3d1a3
3df9e
4718c
40920
49ef2
41728
3d1a7
45cdd
3dfa2
49ef4
47191
4377f
49954
40eb6
45a10
43780
49955
443da
4075a
43d41
4075b
3d1b0
4592a
41642
40dce
49ef6
450b0
4083e
49683
43d46
40840
49ef8
4172b
40923
49685
44bee
48e18
45471
3d1bb
460aa
3d1bc
490e8
46919
40dcf
3d1bf
49689
4691b
44bf1
48e19
45474
4968a
45475
450b2
49efd
3d1c6
490ec
45a18
4691d
3d27f
3d36c
41812
40a0f
444c9
4038c
3d283
41814
46a05
3d286
3e9f5
41f9f
3e176
3d547
40eb9
3d289
41730
3dade
3d28b
40eba
3d28c
41816
3dae1
3d28e
41dbc
3dae3
3d81f
4359d
3d291
4359e
3d292
43e32
3d293
4519d
3d823
49774
3d296
45dcc
3dae5
49776
4128c
47280
41ae7
3d29a
47282
45dd1
4092d
443e0
41733
402a2
3d29f
43e36
3d2a0
4181c
46a06
44bf5
3d2a2
45b03
40ebf
40930
45a1e
43e38
3d2a6
45479
40933
3d2a8
49778
40fad
3d2aa
46a09
445b9
46464
44ce1
491d9
45564
49feb
46a0a
45b07
3d2b0
4977c
46a0c
45b09
445ba
46467
44bf8
49fee
3d2b6
46468
3d2b7
46469
45a23
3d2ba
45b0b
49ff1
3d372
4109b
4047d
44010
3d466
46af5
4109d
3d468
3dbcb
3d378
3eae8
42091
40391
43f22
3dbce
3d37b
41823
3dbd0
444ce
3dbd1
3d37e
41bd7
3dbd3
3d380
49b27
3d382
40fb1
45292
40cfc
49864
40fb2
49b28
43f25
3d386
45296
45297
4135f
3d389
46dc5
3dbd8
45ec6
40dd3
49b2b
45ec8
3dbdb
40394
43f26
40395
3d390
45b0e
43965
4959c
4109e
45bf4
43966
4959d
445be
40a21
3d396
444d4
40a23
492c9
44ce9
3d399
492ca
45b12
40b06
46afa
45bf7
40b08
45ce0
40b09
46557
44dd4
4986c
45bf8
40b0c
49b32
45b13
45bfa
41365
3d3a5
45ce3
3d3a6
49870
4556d
45ce4
49b35
45ce5
3d3ab
49b36
3d3ad
49873
3dcbd
3e359
41903
3dcbf
3d46c
40b0d
445bf
40484
3d72d
49c16
40b0e
49c17
40ec2
3d730
49c18
41456
3d732
3d474
410a3
45384
40842
49956
410a4
49c1a
44017
3d478
45388
45389
41458
3d47b
46eb7
3dcca
45fb8
40ec5
49c1d
45fba
3dccd
40486
44018
40487
3d482
45c00
43a57
4968e
41199
45744
43a58
4968f
4410d
40b13
3d488
445c6
40b15
493bb
44ddb
3d48b
493bc
45c04
40c04
46bec
45747
40c06
45dd2
40c07
46649
44ecc
4995e
45748
40c0a
49c24
45c05
4574a
4145e
3d497
45dd5
3d498
49962
4565f
45dd6
49c27
45dd7
46bf2
3d49d
45c06
49965
3eae9
4128e
3d643
41828
3d552
44201
41290
3d554
3da09
3e9f8
3d557
4119d
47192
40b1a
3da0d
47194
3d55b
40ec6
45a24
4119f
4a2b4
4173a
3daed
443e5
3daee
49ff4
45a29
3e9f9
41fa0
3e35c
3d563
40b1b
44112
402ab
4a2b6
40b1c
3ddc5
4a2b7
41551
3ddc7
4a2b8
41aed
3ddc9
3d56b
3e366
47554
41292
4a2ba
41af0
3d56f
46651
3e36a
4a2bc
47559
411a3
45ce6
44115
411a4
4a2bd
45ce9
40c0d
44202
4039a
47289
4556e
491e0
45841
49a58
45cea
411a5
4574e
43b67
49d1d
419ff
44118
3d57f
45751
411a9
3d581
49ff9
4182b
3d583
4728b
45570
49a5c
45843
4a2c1
4728c
45ddd
3d588
49ffd
4728f
45752
3d58b
45572
49a5f
45573
3d58e
49a60
45de0
47291
3d647
3d734
41bda
40cfd
442f2
4048c
3d64b
41bdc
46dcd
40a27
444d6
4039c
45b17
4039d
3d650
43f2f
3d651
45b1a
3dbe1
3e44d
3eaeb
42093
3e44f
3d656
40c11
44206
4039f
4a3a8
40c12
3deb8
4a3a9
41643
3deba
4a3aa
41bdf
3debc
3d65e
46740
3e459
49b3c
41645
47648
41eb1
3d662
4764a
46745
40c14
44208
40c15
403a2
45de4
41834
4048d
41be4
3d669
45ecb
40dda
4682c
45661
492d3
41afb
40d01
45574
40d02
4959f
41371
3d670
46dd1
45662
495a0
45935
4a3b1
46dd2
45ecf
3d675
45de7
45576
412a4
49b41
4420e
412a6
4a3b4
46dd4
45ed1
45578
4a3b6
3d67e
46830
46561
4a3b7
45deb
3d682
45ed3
4a3b9
3d73a
4145f
4057d
41ccd
3d828
46ebd
41461
3d82a
4048f
44020
3dccf
442f6
3dcd0
49c2a
410ab
49c2b
442f7
3d744
3dfa4
3f461
3e632
42185
3e541
41376
3dfa7
41377
3dfa8
41ccf
40d05
3dfaa
41fa1
41742
3dfac
42552
41cd2
3e549
41cd3
3d751
47739
3e54c
46288
41744
4a49f
4628a
3e54f
40494
41bec
40495
3d758
442fc
40497
3d75a
41462
46ec0
443e9
4066d
46654
4066e
4691f
40847
45666
40848
49691
41bed
40de8
3d762
4593a
442ff
4a4a3
45eda
44301
3d766
45fbe
41cd8
3d768
46656
40ed2
46921
40ed3
3d76b
49c34
45fc2
41cd9
3d76e
46922
46659
4a4a8
3d771
49c37
3d773
4a4aa
3d775
49c39
3e813
40fba
3d919
41556
3d82e
444d9
40fbc
3d830
3daf0
3f553
3d832
3efa4
3e087
41465
3daf3
41466
3daf4
41dc1
4084b
3daf6
42094
41837
3daf8
42644
41dc4
3e08f
40c17
4411c
40584
45755
40585
3d83f
43b69
3d840
45758
3ddd0
40fbd
49d21
46379
3d844
42096
3e093
4782d
41dc7
3d847
3d848
4146a
3d849
45fc7
4146b
3d84b
49d23
40fbf
460ae
4093a
3d84e
45b1c
3d84f
46747
3d850
4a594
43e3e
4a002
451ad
3d853
45fcb
451ae
40ede
49d24
443f4
40ee0
4a596
41dc9
40fc2
49d26
45b1e
3d85b
46749
3d85c
49787
46fb7
4155a
3d85f
4a599
49788
451b1
45b20
49d2b
45b21
45fce
49d2c
46fba
4978b
3da0f
41904
3d91f
410ad
470a0
40a2a
3da13
470a2
3d923
3f095
42645
3e816
3dbe4
40fc7
3d926
40fc8
3d927
41907
3e17c
3d929
41908
3e17e
3d92b
41eb2
3e180
3dbec
40675
43c5a
3debe
444de
3debf
49e10
412a8
49e11
444df
3d933
3e182
47370
410b0
4a0d6
4190c
3d937
46473
3e186
4a0d8
47375
4538a
48ffc
45c0f
49874
40fcb
460b8
444e1
40fcc
4a0d9
460bb
40a2b
445cc
40764
470a5
460bc
40fcd
45b22
43f31
49b49
41dd2
444e4
3d947
45b25
40fd1
3d949
49e17
4164b
3d94b
470a7
4538c
49878
45c11
4a0dd
470a8
461a5
3d950
49e1b
470ab
45b26
3d953
4538e
4987b
4538f
3d956
4987c
461a8
4a0e3
3da15
3ebdb
42737
3e908
3dcd6
410b9
3da18
410ba
3da19
41914
3e26e
3da1b
41a01
3e270
3da1d
41fa5
3e272
3dcde
40767
43d4c
3dfb0
445d0
3dfb1
49f02
40dee
49f03
445d1
3da25
3e274
47462
411ae
4a1c8
41a05
3da29
46565
3e278
4a1ca
47467
411af
45cf0
40b24
3da2e
4575a
3da2f
4637f
3da30
41652
3da31
461ab
41653
3da33
49f07
461ae
410bf
45c14
44023
49c3b
41918
445d6
3da39
45c17
410c3
3da3b
49f09
41746
3da3d
47199
45484
4996a
4575d
4a1cf
4719a
45cf5
3da42
49f0d
4719d
45c18
3da45
45486
4996d
45487
3da48
45cf9
4a1d4
461b3
3dafb
3dbee
42098
40943
42099
403a7
3daff
4209a
47833
3db02
41ce1
402b4
41ce2
3dfb8
4773f
41ce3
3dfba
402b6
45fd0
402b7
4a861
40854
443f6
4058b
45fd3
40855
3db0c
3e36c
3e90a
3db0f
3f280
42de8
402b8
41ce7
3e90d
41ce8
3e90e
3db13
41fac
3e910
3db15
4291d
3e912
3db17
4a865
4209f
3db19
47b01
3e916
46bfc
41b00
4a867
46bfe
3e919
402ba
41ce9
402bb
3db20
41cea
402bd
45a36
402be
4a004
45a38
3db24
4a005
46296
403a8
41dd6
3db27
46385
41ceb
40a35
46a16
40a36
47293
410cc
3db2c
45cfd
41756
3db2e
46386
420a4
3db30
46a18
41844
47295
41845
3db33
4a5a8
4638a
420a5
3db36
45a3b
4a870
46a1a
45df1
4a5ab
3db3b
4a872
3db3d
4a5ad
3ebdd
41380
3dce1
41381
3dbf6
412aa
41382
3dbf8
3e188
41dd9
3e189
4a0e4
4067c
41dda
3e18b
444e9
3e18c
4a0e6
3dbff
3e45f
3f92c
3f09a
42647
3e9fe
41849
3e462
4184a
3e463
4218d
411bf
3e465
42462
41bf0
3e467
42a20
42190
41383
4a0e7
46ced
3dc0c
42464
3ea09
47bf5
42193
3dc0f
3dc10
4184b
3dc11
4638f
4184c
3dc13
44212
3dc14
45df3
4184f
4a95c
46391
41851
3dc18
41385
4737a
412ad
4094f
3dc1b
45ede
3dc1c
46b09
3dc1d
4a95e
45b31
3dc1f
46478
42196
3dc21
46b0a
4138a
46ddb
4138b
3dc24
4a0ee
41de1
4191e
3dc27
4a961
49b50
45b33
45ee2
4a0f1
45ee3
46396
4a0f2
47382
49b53
3ddd1
3ecd0
3dce7
40def
47468
40b2a
3ddd5
4746a
3dceb
4138d
3dcec
461b5
3e27c
41656
3dcee
41657
3dcef
461b8
461b9
3ebdf
3e551
3fa1f
3dcf3
40a3e
42199
4049f
4aa46
412b0
3e555
4aa47
41ced
3e557
4aa48
42281
3e559
3dcfb
3eaf8
47ce4
41478
4aa4a
42284
3dcff
46835
3eafc
4aa4c
47ce9
412b2
46480
412b3
40a42
4aa4d
41393
4a4ac
45c21
404a5
4a1db
41396
404a7
4aa4f
40df2
46568
40b2c
3dd0c
4a1dd
45760
49970
45fd7
49c3e
45c23
3dd10
4aa50
4219e
41a0f
3dd13
4746f
45762
49c40
45fd9
4aa51
47470
4656d
3dd18
4a1e1
47473
45fda
4a1e2
45fdb
45c24
45ee9
3dd1e
49c44
46570
47475
3ddd7
3dec4
4236e
40c1b
4236f
4067f
3dddb
42370
4755d
3ddde
3f555
42b13
3ecd2
3e09f
40df5
3dde1
40b2e
3dde2
4228c
3e639
3dde4
42372
3e63b
3dde6
42920
3e63d
3e377
41757
3dde9
41758
3ddea
41483
3ddeb
45d03
3e37b
4a2cc
3ddee
46924
3e63f
4a2ce
41de4
47dd8
4264b
3ddf2
47dda
46929
40b32
4228e
40b33
40596
46574
40ee5
45fdc
41488
3ddf9
45fde
4059a
3ddfb
4a2d0
40c1d
42378
40681
4755f
46577
4156c
46fbc
45853
49a63
4228f
40ee8
49d31
41a19
4156d
47560
4665d
4156f
46fbe
45855
4a2d3
4665e
41572
4ab44
47564
46661
4576a
45fe1
3de0e
46fc0
46cf7
4ab47
4657b
3de12
46663
4ab49
3deca
41bf3
40770
41bf4
3dfbe
4764d
41bf5
3dfc0
3e725
3ded0
3f648
42c05
40682
41b07
3e728
41b08
3e729
3ded4
4237f
3e72b
3ded6
4273b
3e72d
3ded8
4a67f
3deda
412b5
45df8
412b6
4a3bc
40c22
4a680
41576
3dede
45dfc
45dfd
41ebb
3dee1
4791d
3e732
46a1e
4192b
4a683
46a20
3e735
40686
41b0c
40687
3dee8
41b0d
40689
45858
4068a
49e20
4585a
3deec
49e21
46668
40772
41bf6
3deef
4674d
4165e
470ae
45945
495a9
41b0e
40eee
3def4
460d1
4157e
3def6
4674e
41ec0
3def8
4683a
41662
470b1
41663
3defb
4a3c6
46752
41ec1
3defe
4585d
4a68c
4683c
4a68d
4683d
3df03
4a68e
3df05
4a3cb
3e817
3eeb5
42467
3e819
3dfc4
40d11
41ec3
40775
4a76e
40fdc
3e286
4a76f
41a1a
3e288
4a770
41fb2
3e28a
3dfcc
40dfb
45eea
40dfc
4a4ae
40d14
4a772
41668
3dfd0
45eee
45eef
41fb4
3dfd3
47a0f
3e824
46b10
41a1d
4a775
46b12
3e827
402c4
41cf1
3dfd9
4629d
40d16
41ec6
40d17
4077a
46758
410d1
461c0
4166c
3dfdf
461c2
4077e
3dfe1
4a4b4
4175c
471a0
45a3d
4969b
41c00
40fe0
3dfe6
461c3
41670
3dfe8
4629e
41fb9
3dfea
4692c
41760
471a3
41761
3dfed
4a4b8
462a2
41fba
3dff0
4a4ba
461c5
4692e
4a77f
4692f
4774a
49f1a
4675e
4a4bd
3f649
41de6
3e19b
41de7
3e0aa
41764
41de8
3e0ac
3e561
3f558
3e0af
41671
47cea
40dfe
3e565
47cec
3e0b3
40dff
4657c
40b37
4ab4a
40e00
4ae0c
41cf8
3e0b7
46580
46581
3f559
3e91b
3fdf8
3e0bb
40e02
4255e
40865
4ae0e
41674
3e91f
4ae0f
420ad
3e921
4ae10
42651
3e923
3e0c3
3eec2
480be
41dea
4ae12
42654
3e0c7
471a9
3eec6
4ae14
480c3
41765
4a874
45fe3
3e0cc
41cfc
3e0cd
4683f
41cfd
3e0cf
462a8
41cff
4ae16
46841
41d01
3e0d3
41deb
47de0
41768
40e07
3e0d6
46398
3e0d7
46fc3
3e0d8
4ae18
42563
42387
3e0db
47de3
460d6
4a5b4
4639b
4ae19
47de4
46935
3e0e0
4ab55
47de7
462aa
3e0e3
460d8
4a5b7
460d9
3e0e6
4a5b8
46938
47de9
3e19f
3e28c
4273e
40fe3
4273f
40a45
3e1a3
42740
47925
40c28
42389
4068f
4666f
40956
46670
40957
4aeff
4238b
3e73b
3efa9
4265a
3ea0d
3feea
40958
4238c
3efac
4238d
3efad
3e1b0
4265d
3efaf
3e1b2
42a23
3efb1
3e1b4
4af03
3e1b6
47298
3efb5
4a694
421a1
481b2
42a25
3e1ba
481b4
4729d
4095a
4639e
41858
4a967
4176c
4693a
4176d
40efa
4af07
460dc
4095f
4a695
41dfc
40961
4af09
41859
46a22
40fe6
3e1c7
4a697
461c6
49e2a
4648b
4a0f9
46940
41ecd
3e1cc
47929
461c8
4a0fa
4648d
4af0b
4792a
46a27
3e1d1
46941
4792c
46a29
460de
4af0e
3e1d6
47388
3e1d7
47389
46943
3e1da
46a2b
4af11
3e292
41fbb
40b38
41fbc
3e380
47a15
41fbd
3e382
40780
41c02
3e829
41c03
3e82a
41ed0
3e82b
4a783
40fe9
3e29c
3eafe
3ffdb
3e29e
3fa21
3f09d
4193b
3eb01
4193c
3eb02
42833
4185d
3eb04
42b15
4229e
3eb06
430d0
42836
3f0a5
42837
3e2a9
482a3
3f0a8
46de0
422a0
4aff7
46de2
3f0ab
404aa
461cc
404ab
4a1e8
40fec
42750
40fed
40a4f
46a2e
41940
3e2b4
46493
40a52
3e2b6
4a788
410d7
4283a
40b3b
47a19
46a31
41a26
47476
45d0d
49f1d
42751
41944
3e2be
46b16
4283c
3e2c0
471ae
41a2a
47479
41a2b
3e2c3
4a78c
46b1a
4283d
3e2c6
4747a
3e2c7
4747b
4a1ef
461d1
3e2cb
4b002
3e2cd
4a791
3f373
41b12
3e471
41b13
3e386
41490
41b14
3e388
3e64a
400cd
3e38a
3fb13
3ebe3
41a2d
3e64d
41a2e
3e64e
42925
413a3
3e650
42c08
42393
3e652
431c2
42928
3ebeb
4086e
41fc3
402c9
462ad
40b3e
462ae
40b3f
4b0e7
41fc5
3e92a
41b15
4a879
46ed1
3e39c
42c0a
3ebef
48397
4292b
3e39f
3e3a0
41a31
3e3a1
46589
40b41
41fc6
40b42
3e3a4
41fc7
40b44
4a2db
45d15
3e3a7
4a2dc
46b22
40c2c
420b4
3e3aa
46c07
41fc8
412b7
4729e
412b8
47569
413a6
3e3af
46b25
4292d
41b1a
4a87e
46676
3e3b3
472a1
3e3b4
4a2df
47b0f
420b6
3e3b7
4b0f1
4a2e0
45d17
46678
4a883
46679
46b26
4a884
47b12
4a2e3
3e567
3f466
3e477
41581
47bf8
412ba
3e56b
47bfa
3e47b
3fc04
431c3
3f376
3e73e
41495
3e47e
411cc
3e47f
4246b
3ecd8
3e481
4246c
3ecda
3e483
42a26
3ecdc
3e746
403ba
41dff
3ea18
41e00
3ea19
420ba
3ea1a
4a969
411cf
3e48b
3ecde
47eda
41c08
4ac2e
42470
3e48f
46fcb
3ece2
4ac30
47edf
41583
4a6a0
45e05
3e494
41b24
3e495
46c11
41b25
3e497
4667c
41b27
4ac32
46c13
41b29
3e49b
41c09
47bfc
41586
40e08
46de4
40e09
4765b
411d3
3e4a0
4ac34
42936
421a7
3e4a3
47bff
45ef2
4a3d0
46769
4ac35
47c00
46cfd
3e4a8
4a973
47c03
4667e
4a3d2
45ef4
3e4ad
4765f
3e4ae
4a3d4
46d00
47c05
3e56d
3e82f
3fd05
3e56f
3f74b
3edc8
41c11
3e832
41c12
3e833
42564
41589
3e835
42dec
41fcb
3e837
433a7
42567
404ac
41945
3eb0a
41946
3eb0b
421ac
3eb0c
4aa5b
412c1
3e57d
3edd0
47fcc
41d06
4ad20
42569
3e581
470bd
3edd4
4ad22
47fd1
4167b
4a792
45ef7
3e586
41d07
47cee
4167e
40d25
421ae
40d26
3e58a
421af
40d28
4a4bf
45ef9
3e58d
4a4c0
46d06
40efc
46ed6
40efd
4774d
412c5
3e592
4ad26
4247c
422a2
3e595
47cf1
45fea
4a4c2
462b5
4ad27
47cf2
4684d
3e59a
4aa65
47cf5
46770
3e59d
45fec
4a4c5
45fed
3e5a0
46851
4ad2c
46d0b
3e655
3e748
42c0c
4149b
42c0d
40eff
3e659
42c0e
4839d
3e65c
42845
40e0c
42846
3eb12
482a9
42847
3eb14
40b48
41fce
3ebf3
41fcf
3ebf4
42849
3ebf5
4b0f7
413ad
3e666
3eec8
41c1f
3e668
413af
3e669
42b1e
3f46c
3e66b
42c10
3f46e
3e66d
431c4
3f470
3eed0
42399
4b0f9
47753
3e672
4349c
3f475
4867f
42c15
3e675
3e676
422ab
3e677
46853
40e13
4284d
40e14
3e67a
4284e
40e16
4ab5d
46591
3e67d
4ab5e
46dee
40f00
4293a
3e680
46edd
4284f
4158d
4756e
4158e
47deb
41c24
3e685
46df1
42c17
4239e
4b0fe
46946
3e689
47571
3e68a
4ab61
483a3
4293c
3e68d
4b3c7
3e68f
4b102
46948
46685
4ab63
46df2
4b104
483a6
4ab65
3e839
3f74d
3e74f
41e01
47ee0
41590
3e83d
47ee2
3e753
4149f
46c1a
411d5
4ac3c
414a0
4b4aa
423a4
3e757
46c1e
46c1f
40f04
42940
3f55c
42941
3f55d
3e75c
42c1c
3f55f
3e75e
42fe1
3f561
3e760
4b4af
3e762
47844
3f565
4ac40
42755
48770
42fe3
3e766
48772
47849
40f06
4694a
41e04
4af13
41d18
46ee6
41d19
414a6
4b4b3
46688
40f0b
4ac41
423ac
40f0d
4b4b5
41e05
46fce
41592
3e773
4ac43
46772
4a3d6
46a37
4a6a5
46eec
42481
3e778
47ee7
46774
4a6a6
46a39
4b4b7
47ee8
46fd3
3e77d
46eed
47eea
46fd5
4668a
4b4ba
3e782
47934
3e783
47935
46eef
3e786
46fd7
4b4bd
3e840
4256f
410e4
42570
3e92e
47fd3
42571
3e930
40d2c
421b2
3edd7
421b3
3edd8
42484
3edd9
4ad2f
41595
3e84a
3f0ac
41e07
3e84c
41597
3e84d
42d0d
3f650
3e84f
42df4
3f652
3e851
433a8
3f654
3f0b4
41fd3
4ad31
4738b
3e856
430d4
3f659
48863
42df9
3e859
3e85a
41eed
3e85b
46a3d
40ff9
42488
40ffa
3e85e
42489
40ffc
4a795
4677b
3e861
4a796
46fdc
410e6
42572
3e864
470c1
4248a
41771
47758
41772
47a23
41e0c
3e869
46fdf
42dfb
41fd8
4ad36
46b30
3e86d
4775b
3e86e
4a799
47fdb
42574
3e871
4b5ab
4775c
46b33
4ad3a
46a40
4a79b
46fe0
4ad3c
47fde
4a79d
3ea1d
3f931
3e933
41a3b
480c4
41774
3ea21
480c6
3e937
41685
42dfe
410e9
4b68e
4194e
3ebfb
4b68f
42946
3ebfd
4b690
42ee7
3ebff
3e93f
3eed1
41d1b
3e941
41d1c
3e942
41fdf
3e943
4685b
3eed5
4ae24
3e946
4747c
3f19d
4ae26
42948
48954
431c8
3e94a
48956
47481
410ec
46b34
41a3e
4b107
41950
470ca
41951
4168c
4b697
462c0
410f1
4ae27
41fe6
410f3
4b699
41a3f
471b2
41776
3e957
4ae29
463aa
4a5ba
46c21
4a889
470d0
4257d
420c9
480ca
471b5
420cb
47b16
463ad
4ae2b
471b6
420ce
4b69c
480ce
471b9
462c2
46b39
3e966
47b18
4784f
4b69f
470d3
3e96a
471bb
4b6a1
3ea24
42757
412c8
42758
3eb18
481b7
42759
3eb1a
3f285
420cf
3eceb
420d0
3ecec
42ef1
41a43
3ecee
432b7
4248d
3ecf0
43875
42a2e
3f28d
40f0e
4266d
40967
46951
411dc
46952
411dd
4b1d9
4266f
3efc8
421b7
4af17
47575
3ea3a
432b9
3f291
4849b
42a31
3ea3d
3ea3e
420d3
3ea3f
46c27
411df
42670
411e0
3ea42
42671
411e2
4a979
463b3
3ea45
4a97a
471c0
412ca
4275a
3ea48
472a5
421ba
47c06
4649d
4a101
42672
41a46
3ea4d
471c3
42a33
421bc
4af1c
46d14
3ea51
47393
3ea52
4a97d
481bf
4275c
3ea55
4b1e3
3ea57
4af20
46d16
464a1
4a97f
471c4
4af22
481c2
4a981
3eddc
41b33
3eb1c
4186a
3eb1d
42a37
3f37a
3eb1f
42b24
3f37c
3eb21
430d6
3f37e
3ede4
40a58
41ef5
3f0b6
41ef6
3f0b7
42760
3f0b8
4b007
4186d
3eb29
3f380
4858a
422b6
4b2cc
42b28
3eb2d
47669
3f384
4b2ce
4858f
41c27
4ad3e
464a3
3eb32
422b7
482ac
41c2a
412d1
42762
412d2
3eb36
42763
412d4
4aa6b
464a5
3eb39
4aa6c
472b2
414a8
47482
414a9
47cf9
41871
3eb3e
4b2d2
42a3b
42856
3eb41
482af
46596
4aa6e
46861
4b2d3
482b0
46df9
3eb46
4b011
482b3
46d1c
3eb49
46598
4aa71
46599
3eb4c
46dfd
4b2d8
472b7
3ec01
3ecf4
431c9
41a47
431ca
414ab
3ec05
431cb
4895b
3ec08
42e04
413b8
42e05
3f0be
48867
42e06
3f0c0
410f4
42582
3f1a3
42583
3f1a4
42e08
3f1a5
4b6a3
41959
3ec12
3f478
421cf
3ec14
4195b
3ec15
430db
3fa27
3ec17
431cd
3fa29
3ec19
43784
3fa2b
3f480
4294d
4b6a5
4482d
3ec1e
43a5c
3fa30
47d01
431d2
3ec21
3ec22
4285f
3ec23
46dff
413bf
42e0c
413c0
3ec26
42e0d
413c2
4b109
46b3d
3ec29
4b10a
4739a
414ac
42ef9
3ec2c
47489
42e0e
41b39
47b1a
41b3a
483a9
421d4
3ec31
4739d
431d4
42952
4b6aa
46ef2
3ec35
47b1d
3ec36
4b10d
48961
42efb
3ec39
4b973
4b10e
46b3f
46ef4
4b6af
46ef5
4739e
4b6b0
48964
4b111
3ede5
3fd08
3ecfb
423b1
4849e
41b3c
3ede9
484a0
3ecff
41a4b
471c6
41781
4b1e8
41a4c
4ba56
42958
3ed03
471ca
471cb
414b0
42eff
3fb17
42f00
3fb18
3ed08
431d9
3fb1a
3ed0a
435a1
3fb1c
3ed0c
4ba5b
3ed0e
4491e
3fb20
4b1ec
42d14
47df2
435a3
3ed12
47df4
44923
414b2
46ef6
423b4
4b4bf
422c8
47492
422c9
41a52
4ba5f
46c34
414b7
4b1ed
42960
414b9
4ba61
423b5
4757a
41b3e
3ed1f
4b1ef
46d1e
4a982
46fe3
4ac51
47498
42a40
3ed24
484a5
46d20
4ac52
46fe5
4ba63
484a6
4757f
3ed29
47499
484a8
47581
46c36
4ba66
3ed2e
47ef2
3ed2f
47ef3
4749b
3ed32
47583
4ba69
3edec
42b2e
41690
42b2f
3eeda
48591
42b30
3eedc
412d8
42766
3f387
42767
3f388
42a43
3f389
4b2db
41b41
3edf6
3f65c
423b7
3edf8
41b43
3edf9
432ca
3fc0b
3edfb
433b1
3fc0d
3edfd
43968
3fc0f
3f664
42587
4b2dd
44a11
3ee02
43694
3fc14
47939
433b6
3ee05
3ee06
424a1
3ee07
46fe9
415a5
42a47
415a6
3ee0a
42a48
415a8
4ad41
46d27
3ee0d
4ad42
47588
41692
42b31
3ee10
4766d
42a49
41d1d
47d04
41d1e
47fe1
423bc
3ee15
4758b
433b8
4258c
4b2e2
470dc
3ee19
47d07
3ee1a
4ad45
48599
42b33
3ee1d
4bb57
47d08
470df
4b2e6
46fec
4ad47
4758c
4b2e8
4859c
4ad49
3efc9
3feec
3eedf
41feb
48682
41d20
3efcd
48684
3eee3
41c31
433bb
41695
4bc3a
41efe
3f1ab
4bc3b
42f05
3f1ad
4bc3c
434a4
3f1af
3eeeb
3f481
422cb
3eeed
422cc
3eeee
42593
3eeef
46e07
3f485
4b3d0
3eef2
44b02
3f758
4b3d2
42f07
47a2a
43788
3eef6
47a2c
44b07
41698
470e0
41fee
4b6b3
41f00
47676
41f01
41c38
4bc43
4686c
4169d
4b3d3
4259a
4169f
4bc45
41fef
4775e
41d22
3ef03
4b3d5
46956
4ab66
471cd
4ae35
4767c
42b3c
4267d
48688
47761
4267f
480d4
46959
4b3d7
47762
42682
4bc48
4868c
47765
4686e
4bc4a
3ef12
480d6
3ef13
480d7
4767f
3ef16
47767
4bc4d
3efd0
42d16
41874
42d17
3f0c4
48775
42d18
3f0c6
3f840
41786
42c2a
3f842
42c2b
3f843
3efd9
434af
3f845
3efdb
43878
3f847
3efdd
4b783
414ba
42c2c
40f13
46efd
41788
46efe
41789
4b785
42c2e
3f578
4276b
4b4c3
44649
3efe6
43879
3f84c
47b23
42fee
3efe9
3efea
42687
3efeb
471d3
4178b
42c2f
4178c
3efee
42c30
4178e
4af25
4695f
3eff1
4af26
4776c
41876
42d19
3eff4
47851
4276e
481c4
46a49
4a6ad
42c31
41ff6
3eff9
4776f
42ff0
42770
4b4c8
472c0
3effd
4793f
3effe
4af29
4877d
42d1b
3f001
4b78f
4af2a
46961
472c2
4b4cd
472c3
47770
4b4ce
48780
4af2d
3f38c
3f933
42775
3f38e
42776
3f38f
430e0
420e5
3f391
43969
42b3e
3f393
43f32
430e3
41004
424a9
3f666
424aa
3f667
42d1f
3f668
4b5b3
41e19
3f0d5
3f93b
47c12
4286a
4b878
430e5
3f0d9
4473d
3f93f
4b87a
47c17
421d7
4b2ea
46a4f
3f0de
4286b
4886a
421da
4187d
42d21
4187e
3f0e2
42d22
41880
4b017
46a51
3f0e5
4b018
4785e
41a54
47a2e
41a55
482b7
41e1d
3f0ea
4b87e
42ff8
42e15
3f0ed
4886d
46b42
4b01a
46e0d
4b87f
4886e
473a5
3f0f2
4b5bd
48871
472c8
3f0f5
46b44
4b01d
46b45
3f0f8
473a9
4b884
47863
3f1b1
42873
44b08
41ff8
3f2a5
44b0a
3f1b5
42781
44a16
41f06
3f66d
44a18
3f1b9
41f07
47680
41c3b
4bc4e
41f08
4bf14
42e1a
3f1bd
47684
47685
41968
433c6
3ffe0
433c7
3ffe1
3f1c2
4369b
3ffe3
3f1c4
44026
3ffe5
3f1c6
4bf19
3f1c8
44dde
3ffe9
4bc52
431df
482be
44028
3f1cc
482c0
44de3
4196a
473aa
42876
4b979
42786
47942
42787
41f0e
4bf1d
470e8
4196f
4bc53
42e22
41971
4bf1f
42877
44b0c
41ffa
3f1d9
4bc55
471d8
4ae3c
4749d
4b6b7
47948
433cb
42f0f
47a36
44b0f
42f11
3f1e1
4bc57
471da
4b6b9
4749f
4bf22
47a3a
44b13
44b14
47a3d
3f1e8
4bc5b
473af
480dc
4bf26
480dd
3f1ed
4bf27
420eb
4387b
41b49
3f2a9
4387c
44651
41d2c
434b8
41793
47773
41a5a
47774
41a5b
4c007
434ba
3f854
400d1
41a5c
434bb
400d3
434bc
400d4
3f2b5
43798
400d6
3f2b7
43b6c
400d8
3f2b9
4c00b
43881
3f2bb
483af
400dc
44ed2
432d2
4c00d
44ed4
400df
414bc
471de
414bd
4b1fa
42000
43799
42001
41a61
47a40
42f1c
3f2c6
474a5
41a64
3f2c8
4b79a
420ed
43884
41b4b
47b27
47a43
42a54
484ac
472cb
4af2f
4379a
42a55
47b28
44655
42a57
3f2d2
4b79d
472cc
4b1ff
47591
4c014
4379b
44658
43887
3f2d8
4b7a0
47b2f
4b201
471e3
47592
4b7a2
47593
47a46
4b7a3
41c3c
430eb
3f488
44741
430ec
3f48a
41884
42d25
3f942
42d26
3f943
42fff
3f944
4b887
420f1
3f3a2
3fc17
4296b
3f3a4
420f3
3f3a5
43889
401c6
3f3a7
43970
401c8
3f3a9
43f33
401ca
3fc1f
42b45
4b889
44fc3
3f3ae
43c5f
401cf
47ef7
43975
3f3b1
3f3b2
42a5f
3f3b3
47595
41b51
43003
41b52
3f3b6
43004
41b54
4b2ed
472d3
3f3b9
4b2ee
47b34
41c3e
430ed
3f3bc
44745
43005
422cd
482c2
422ce
4859f
42970
3f3c1
47b37
43977
42b4a
4b88e
47c1c
44749
3f3c6
482c4
42b4e
485a1
430ef
3f3c9
4c107
4b2f2
4474d
4768a
4b893
4768b
472d4
4c10a
3f3d0
4b2f5
3f579
42c35
3f48c
425a0
42c36
3f48e
3f763
424b1
3f490
421e2
3f491
4397b
3fd0c
3f493
43a62
3fd0e
3f495
44029
3fd10
3f76b
413cc
42e25
3fa3d
42e26
3fa3e
430f3
3fa3f
4b97b
421e5
3f49d
3fd12
47fe6
42c38
4c1f0
43a66
3f4a1
450b7
3fd16
4c1f2
47feb
425a1
4bc5e
46e17
3f4a6
42b54
3f4a7
47c23
42b55
3f4a9
4768e
42b57
4c1f4
47c25
42b59
3f4ad
42c39
47d0a
425a4
421e9
3f4b0
47778
3f4b1
483b5
3f4b2
4c1f6
4397f
431e4
3f4b5
47d0d
4483a
42c3e
4c1f7
4777a
3f4b9
483b7
3f4ba
4b985
47d11
47d12
4b3e4
46e1a
4c1fb
3f4c0
48694
3f4c1
48695
47c2b
3f57d
42691
44924
423c2
3f671
44926
3f581
422d3
43a6c
41d33
4bd30
425a6
3f858
4bd31
43007
3f85a
4bd32
435a9
3f85c
3f589
3fb2e
42971
3f58b
42972
3f58c
42c43
3f58d
474ab
3fb32
4ba6e
3f590
44bfa
3fe05
4ba70
43009
480e0
43e45
3f594
480e2
44bff
41d36
4777e
42694
4b7a5
425a8
47d14
425a9
422da
4bd39
46f0a
41d3b
4ba71
42c4a
41d3d
4bd3b
42695
44928
423c4
3f5a1
4786a
3f5a2
47efb
3f5a3
4ba73
47d1a
431ee
42d2d
47dfe
4492b
42d2f
3f5a9
4ba75
46ff6
4b4d5
4786d
4bd3e
47e02
4492f
44930
47e05
3f5b0
4ba79
47783
47efe
4bd42
47eff
3f5b5
4bd43
41e24
432d8
3feee
432d9
3feef
3f676
435b4
3fef1
3f678
43f35
3fef3
3f67a
4be25
3f67c
423c7
4759a
41b59
4bb5e
423c8
4be26
42d36
3f680
4759e
4759f
436a3
3f683
481d1
3fef8
44cee
430fc
4be29
44cf0
3fefb
41886
46ffa
41887
4b5c2
41f12
436a6
41975
4794d
4269a
47e06
4269b
423cc
4be2b
46ffc
41e2d
4bb63
42d3c
41e2f
4be2d
470ec
4ad4a
473b7
4b5c5
47e0b
435b6
42d3e
3f698
44a1c
436a8
3f69a
4b5c6
47951
42e2f
48876
470ef
4bb68
44a20
436a9
3f6a0
44a23
4be32
4b5c9
46fff
473ba
4bb6c
473bb
47e0e
4bb6d
42006
43a72
3f85f
450bb
43a73
3f861
41f14
43980
3fc27
44fc9
43981
3fc29
41c4c
430fd
3fd19
430fe
3fd1a
43983
3fd1b
4c1ff
424bd
3f779
41976
47692
41977
4bc60
424be
43c64
424bf
41f1b
47f02
433da
3f780
47959
41f1e
3f782
4c202
425ad
43d56
42009
47ff3
47f05
434c8
48696
44b17
4b3e9
43c65
433de
3f78a
450c0
43d58
3f78c
47a4a
434cc
48699
434cd
3f78f
4c206
450c4
43d59
3f792
4869a
3f793
4869b
3f795
4c209
4795a
3f797
47f08
4c20b
420f8
435b8
3f951
44c01
435b9
3f953
41d3e
431ef
3fe0b
431f0
3fe0c
43a78
3fe0d
4bd45
425b1
3f86b
41a68
4778a
41a69
4b7a6
425b2
43d5a
425b3
4200f
47ffe
434d4
3f872
47a51
42012
3f874
4bd48
426a1
43e48
420fb
480e5
48001
4300e
48788
4465d
4b4db
43d5b
4300f
480e6
44c07
43011
4878a
4465f
4bd4b
44c08
43014
4c5cd
43d5c
44c0a
43e4b
3f884
4878c
3f885
4878d
3f887
4bd4f
47a52
4b7ae
48004
4bd51
421ec
436aa
3fa43
44cf3
436ab
3fa45
41e30
432e1
3fefd
432e2
3fefe
435be
3feff
4be37
426a5
3f95d
41b5a
4787c
41b5b
4b898
426a6
43e4c
426a7
42101
480f0
4301a
3f964
47b43
42104
3f966
4be3a
42793
43f3a
421ef
481d7
480f3
43102
4887a
4474f
4b5cd
43e4d
4301e
3f96e
44cf8
43f3c
3f970
47c34
43106
4887d
43107
3f973
4be3e
44cfc
43f3d
3f976
4887e
3f977
4887f
4b89f
44cff
47b44
4b8a0
480f6
4be43
422de
4379c
3fb35
44de5
4379d
3fb37
41978
433df
3ffef
433e0
3fff0
436b0
3fff1
4bf2b
42797
3fa4f
41c4e
473c2
41c4f
4b98a
42798
43f3e
42799
421f5
481e2
4310e
3fa56
47c3b
421f8
3fa58
4bf2e
42885
4402c
422e1
482c9
481e5
431f4
4896c
44841
4b6bf
43f3f
43112
3fa60
44dea
4402e
3fa62
47d26
431f8
4896f
431f9
3fa65
4bf32
44dee
4402f
3fa68
48970
3fa69
48971
4b991
44df1
47c3c
3fa6d
481e8
4bf37
423d0
4388e
3fc2b
44ed7
4388f
3fc2d
41a6a
434d9
400e1
434da
400e2
437a2
400e3
4c01d
42889
3fb41
41d40
474b4
41d41
4ba7c
4288a
44030
4288b
422e7
482d4
43200
3fb48
47d2d
422ea
3fb4a
4c020
42977
43b72
423d3
483bb
44932
4b204
475a1
4ba7f
482d7
44031
43204
3fb52
44edc
43b74
3fb54
47e18
432ea
484b5
432eb
3fb57
4c024
44ee0
43b75
3fb5a
484b6
3fb5b
484b7
3fb5d
4c027
47d2e
3fb5f
482da
4c029
41b5c
4301f
401d3
43020
401d4
43894
401d5
4c10f
4297b
3fc33
41e32
475a6
41e33
4bb6e
424c4
43c67
41f23
47f0b
42c55
483c4
42c56
4297e
4c3e4
475a8
423db
4c111
432f4
423dd
4c3e6
44a24
4b2f6
47699
4bb71
483c9
43b77
432f6
3fc44
44fce
43c69
3fc46
47964
433e6
485a7
433e7
3fc49
4c116
44fd2
43c6a
3fc4c
485a8
3fc4d
485a9
3fc4f
4c119
47e20
3fc51
483cc
4c11b
425b8
44033
3fe11
4566d
44034
3fe13
424c6
43f41
401d9
4557b
43f42
401db
424c8
47f14
433ec
4c4e2
432f9
484b8
432fa
42a78
4ca8f
47c40
424cd
4c7b7
43993
424cf
4ca91
433ed
45670
42b69
3fd31
4c7b9
44846
4b994
450c9
4c211
484be
43f46
43a82
485ac
45673
43a84
48008
44849
4c7bb
45674
43a87
4ca94
485b0
45677
4484a
4c214
4484b
3fd40
4c7bf
485b3
4c216
47c43
3fd45
4ca99
42c5a
443fb
426ab
3fe16
443fc
451b5
434dd
4c5d3
47d37
3fe1a
43a89
3fe1b
485b5
43a8a
3fe1d
4800e
43a8c
4cb82
485b7
43a8e
3fe21
435c6
4869c
434e0
42b6d
3fe24
44c0e
3fe25
47e23
3fe26
4cb84
443fe
435c9
4c300
44c10
3fe2a
47e25
3fe2b
4bd59
486a1
43a8f
3fe2e
4c303
486a3
44c12
4c304
44c13
451be
486a5
3fe34
4c306
48011
485bd
3ff06
43021
452a4
42d4d
3fff6
452a6
3ff0a
435ce
3ff0b
480ff
426af
43b7e
426b0
3ff0e
43b7f
426b2
4be47
47e2b
3ff11
4be48
486aa
4279e
43c6d
3ff14
452a9
43b80
42e3c
47968
42e3d
481eb
434e3
3ff19
486ad
444f0
436bb
4c3f2
44d02
3ff1d
4796b
3ff1e
4be4b
48793
43c6f
3ff21
4cc79
4796c
4cc7a
4796d
48796
3ff25
47e2c
4cc7c
3ff28
4be4f
400e6
437a8
3fff9
43114
437a9
3fffb
421fa
4796e
421fb
4bf38
42d50
444f3
42d51
427a3
4879a
436c3
40002
481f3
427a6
40004
4c4e4
42e40
445e1
42891
48881
4879d
437ab
482dc
44b1d
4bc6b
444f4
436c7
4000c
4539c
445e3
4000e
47a5c
437af
482df
437b0
40011
4c4e8
453a0
445e4
40014
482e0
40015
482e1
4bf3f
453a3
481f4
40019
487a0
4c4ed
42980
43e4f
401dd
45489
43e50
401df
42892
482e2
43208
4c309
43119
4888a
4311a
42e44
4c8ab
47a62
42897
4c5d5
437b7
42899
4c8ad
43209
4548c
42f33
400f9
44ee4
400fa
47b4d
400fb
4c5d7
48890
43d65
4389e
48974
4548f
438a0
483d0
44665
4c5d9
45490
438a3
4c8b0
48978
45493
44666
4c030
44667
40108
4c5dd
4897b
4010b
4c5de
4010d
4c8b5
432fc
4c3fa
47b53
401e2
43996
484c2
432ff
42985
43e54
42986
401e6
43e55
42988
4c11d
47b55
401e9
4c11e
48980
42b6e
47c44
42b6f
47f1b
42f37
401ee
4c9a0
4412d
43f48
401f1
484c5
44756
4c120
44fd9
4c9a1
484c6
45583
401f6
4c6cd
484c9
44fda
4c6ce
44fdb
45586
4c9a5
401fc
4c6d0
483d9
48985
402ca
40784
410f8
41796
40878
445e8
41d43
437bc
40968
44404
41799
40b4d
4412f
402d5
411eb
402d7
4179c
45a42
402d9
453a5
45a43
402db
462c6
417a0
4a5bd
434e4
402df
493c6
44dfa
48894
44b25
402e2
453a8
437c3
48b46
402e5
402e6
43e5b
44dfd
462c7
44dfe
462c8
44b29
482ea
402eb
48a53
453ad
45a47
402ee
48b4a
402f0
49000
438ac
403bf
41e34
411ee
403c1
4a984
43e5d
41006
403c4
41b5e
43300
403c6
411ef
4188d
413ce
44668
45e0a
41890
49b57
45e0b
41892
4a102
49b59
4a986
438b0
43301
403d2
45498
48c36
44eed
438b4
491e2
47b59
403d6
438b7
43f4c
4cc7e
4549b
48b4c
4549c
490f3
44ef1
48988
44670
403de
48c3b
45e0f
47b5b
4c036
48c3d
49976
404b0
40a5c
421fc
4399f
40a5e
404b4
495aa
413d1
40d30
44312
439a1
40d32
413d3
412e1
414c0
44fdc
464a8
4475b
404be
464a9
45c28
4aa77
404c1
404c2
4403e
439a3
439a4
47c4a
404c5
4558b
4475e
495ab
47f21
439a8
492d5
445eb
404cc
45c29
404cd
45c2a
49a67
4558f
48d2c
44fe4
44763
4c127
464ad
47f23
404d3
4c129
405a1
4087b
44407
43a91
4087d
40e24
414c2
40b52
44317
41a6e
43a93
40c41
44134
405ac
4a5be
405ae
4567a
49d3a
450cf
414c9
49d3c
45ff0
405b2
414cc
42c62
44135
4440b
4484e
48012
43a97
48e1b
450d2
405b9
485bf
48e1d
4969e
405bd
44851
45ff1
44852
45ff2
405c0
47d3e
4c218
45682
450d7
405c3
48d32
485c1
48d33
405c7
40785
41007
40695
43e5e
444fb
40698
41b5f
40f19
4069a
4a6ae
43b88
412e2
4069d
41008
4069f
415b9
4585e
406a1
451c1
4585f
406a3
4668e
415bd
4a3da
43302
406a7
491e7
44c16
486b0
44941
406aa
451c4
435df
48f0e
406ad
406ae
43c78
44c19
4668f
44c1a
46690
44945
48106
406b3
48e23
451c9
45863
406b6
48f12
406b8
493cb
40e28
40787
4197c
4311d
40789
40d34
4100a
4078c
43c79
416a8
40d38
4078f
410fe
40791
416ab
45950
40793
452b3
45951
40795
46780
416af
4a4cc
433f4
40799
492d9
44d08
487a2
44a33
4079c
452b6
436d1
48a58
4079f
407a0
43d6c
44d0b
46781
44d0c
46782
44a37
481f8
407a5
48a5b
44d0f
45955
407a8
48a5c
4be53
494bd
43d6d
40881
40e2a
425c4
422f0
43d6e
416b3
41e37
453ae
46870
450d9
40889
46871
45ff6
4ae3f
4088c
4088d
453b0
490f6
48017
43d71
490f8
453b2
40891
43d74
4440d
450dd
4889a
44a3d
4c4ef
4595c
49004
4595d
495b0
453b6
450e1
4c4f0
46875
4089c
495b1
43e5f
40974
423e1
41e39
40f1e
40977
4197d
44c1e
463bc
41e3c
4a106
463bd
41e3e
4a6b1
4a108
4af32
44c20
4898a
44b2d
40981
45a4b
44c22
4a015
40984
40985
44b2e
4810a
40987
491ed
454a6
46965
454a7
46966
44c26
4098b
491ee
463c1
49101
4098f
40b55
41895
4197e
4100f
40a68
49b5a
40a6a
41981
461d8
40a6c
45b3b
461d9
40a6e
46a56
41985
4a7a4
44672
481fa
43f54
492db
45595
43f56
49885
492dd
49b5c
40a78
45b3f
4c6d2
484d3
44d16
464b1
44d17
464b2
40a7c
491f1
45b43
461dd
40a7f
4c6d5
40b56
410ff
413dc
40b59
4b114
445f2
49887
40b5d
45c2c
4a2e9
45685
41a75
4a2eb
465a2
40b61
41a78
44045
45c2e
40b64
485c3
44e05
40b66
45c30
44049
49978
48a5e
45689
493d0
482ef
40b6c
45d21
40b6d
45d22
49b5d
45c34
4568d
40b70
492e4
493d3
49b5e
40c49
411f2
4298c
4210c
43b8a
414cf
41c53
451ca
46c38
44ef5
40c51
46c39
45e12
4ac5b
40c54
40c55
451cc
494be
483df
43b8d
494c0
451ce
40c59
43b90
44229
44ef9
486b6
44859
4c30b
45778
493d4
45779
4997a
451d2
44efd
4c30c
46c3d
40c64
4997b
415bf
41c54
412e5
40d3e
49e32
40d40
41c57
45f02
40d42
45865
45f03
40d44
46d2c
41c5b
4aa7a
44948
47f24
43c7e
49009
452bf
43c80
495b2
4900b
49e34
40d4e
45869
4c3fc
487a9
44fec
46787
44fed
46788
40d52
4900e
452c5
45f07
40d55
494c9
40e2d
412e7
41c5d
422f1
413e0
40e32
422f3
4568e
46876
422f5
4ab6e
46877
422f7
4b117
4ab70
4b3ec
44ff0
485c6
44a3f
40e3c
45f0b
45692
4a4d1
40e3f
40e40
45965
4ca9b
485c9
45694
46879
45695
4687a
40e44
495b5
45f11
465ab
40e47
4ca9e
40f20
414d0
41d50
40f23
4b4dc
40f25
423e7
46698
40f27
45ffb
46699
40f29
46f10
423eb
4ac5e
44b30
45ffc
44411
49799
45a55
44413
49d43
4979b
4a5c4
451d9
4979c
450e5
40f34
4669b
40f35
4669c
4a4d3
46002
45a5b
40f38
496b0
4979f
4a4d4
41013
415c3
42d55
424d4
49d45
41018
460ec
4a7a5
45b45
41f2f
4a7a7
46a5c
4101c
41f32
44502
45b46
4101f
487ab
452c9
41021
460f0
44506
49e36
44c2a
487ac
44679
4cc80
460f2
497a0
460f3
49d46
45b4c
452cf
4cc81
47005
4102c
49d47
445f3
41106
425c5
4201d
41989
4210d
45c36
470f2
453b9
4110c
470f3
462d2
4b6c1
4110f
41110
453ba
4997c
44d1b
445f6
4997e
45c3a
41114
445f9
4476a
461e3
41117
49981
45c3c
470f5
45c3d
470f6
453c0
4111b
49982
46b51
49895
4111f
412e8
41a79
4210e
417a8
411fa
42110
454aa
46c3e
42112
4a98a
46c3f
42114
4af33
4a98c
4b208
44e0c
4898e
4485b
41204
45d27
454ae
4a2ed
41207
41208
45781
4c8b7
48991
454b0
46c41
454b1
46c42
4120c
49985
45d2d
463c7
4120f
4c8ba
412e9
41899
42a7f
427aa
4a01b
412ee
45e16
4aa7b
4586f
42205
4aa7d
46d32
412f2
42208
4422c
45870
412f5
484d5
4559f
412f7
45e1a
44230
49b63
44f00
484d6
4494f
4c9aa
45e1c
49a76
45e1d
4a01c
45876
412ff
49a77
472db
4c9ac
4a01d
42209
4289d
4198c
413e4
4289f
45c40
46e22
428a1
4b11a
46e23
428a3
4b6c3
4b11c
4b998
455a6
48c43
44ff5
413ee
46b55
413ef
46b56
4a98d
464bf
45c46
413f2
49b66
413f4
4a98e
414d4
42f3a
42991
422fd
42992
46004
474ba
45787
414da
474bb
46c46
4ba89
414dd
414de
45788
49d48
45699
45789
46f17
4578a
46f18
414e2
48d37
4600a
46c49
414e5
49c5d
415c5
41b6f
43303
42a81
4a2f1
415ca
4669e
4ad51
460f7
424db
4ad53
47008
415ce
424de
44950
460f8
415d1
48e28
460f9
475af
460fa
475b0
4587d
49e3c
466a4
4700b
48e2a
415d9
41c60
41f34
416b9
4bc6c
416bb
425cb
4687c
416bd
46791
4687d
416bf
476a0
425cf
4b3ee
44d1e
46792
44a43
49f2d
46793
49e3e
46794
4a3e4
461ed
416c7
49e3f
476a3
49f2f
4a3e5
42025
426ba
41d54
417ac
426bc
45a5c
471ea
426be
4af36
471eb
426c0
4b4df
4af38
4b7b4
453c2
48a5f
44e11
417b6
46971
417b7
46972
4a7a9
462db
45a62
417ba
49f32
417bc
4a7aa
4189c
42d56
427ad
42119
428a6
45e20
47882
45b4f
418a2
47883
46a62
4b8a5
418a5
418a6
45b50
49b68
454b5
45b51
472df
45b52
472e0
418aa
48b53
45e26
46a65
418ad
4a025
4198d
41f37
436d4
433f7
4a6b9
41992
46a66
4b6c5
464c2
42e4f
4b6c7
473d0
41996
42e52
44d20
464c3
41999
491f5
464c4
4797b
464c5
4797c
461f4
4a204
46a6c
473d3
491f7
419a1
42028
428a8
41a81
4c038
41a83
42f40
471f0
41a85
46b59
471f1
41a87
47a6c
42f44
4b7b6
4569a
46b5a
44e13
4a2f5
46b5b
4a206
46b5c
4a7ac
465b8
41a8f
4a207
47a6f
4a2f7
4a7ad
42999
42a83
4211c
41b74
42a85
45e27
475b2
42a87
4b2fe
475b3
42a89
4b8a7
4b300
4c12c
4578d
493d8
451e1
41b7e
472e5
41b7f
472e6
4b11d
46c4f
45e2d
41b82
4a2fa
41b84
4b11e
41c64
43120
42b76
424e1
42c66
46797
47c4e
45f1a
41c6a
47c4f
46e2a
4c21d
41c6d
41c6e
45f1b
4a4d8
45880
45f1c
476a7
45f1d
476a8
41c72
494cc
4679d
46e2d
41c75
4a3ed
41d55
422ff
43a9c
43213
4aa81
41d5a
46882
4b4e1
462de
42c6c
4b4e3
47798
41d5e
42c6f
450e8
462df
41d61
49011
462e0
47d43
462e1
47d44
46010
4a5cc
46888
4779b
49013
41d69
423f0
426c4
41e49
4be54
41e4b
42d5c
4700c
41e4d
46975
4700d
41e4f
47e34
42d60
4bb7e
454b6
46976
44c2f
4a115
46977
4a5ce
46978
4ab74
463d4
41e57
4a5cf
47e37
4a117
4ab75
42d62
433f8
424e4
41f3c
433fa
4679e
4797e
433fc
4bc72
4797f
433fe
4c21f
4bc74
4c4f4
46104
497a4
45b58
41f46
476ad
41f47
476ae
4b4e5
47017
467a4
41f4a
4a6be
41f4c
4b4e6
4202c
43a9d
434ec
42e56
434ed
46b5f
4801a
462e5
42032
4801b
4779e
4c5e5
42035
42036
462e6
4a8a0
461f7
462e7
47a73
462e8
47a74
4203a
49898
46b65
477a1
4203d
4a7b5
4211d
426c7
43e67
435e4
4ae49
42122
471f6
4b8a9
46c52
43036
4b8ab
47b64
42126
43039
454b8
46c53
42129
49989
46c54
4810f
46c55
48110
463db
4a994
471fc
47b67
4998b
42131
427b8
42a8d
42211
4c7c8
42213
43126
473d4
42215
472e9
473d5
42217
48200
4312a
4bf4a
45881
472ea
455ab
4aa85
472eb
4a996
472ec
4af3c
46d48
4221f
4a997
48203
4aa87
4af3d
42b7e
43215
428ac
42304
43217
465ba
47d46
43219
4ba8e
47d47
4321b
4c03b
4ba90
4c310
45f20
495c0
45974
4230e
474c9
4230f
474ca
4b301
46e33
465c0
42312
4aa8a
42314
4b302
423f4
438b9
43308
42c72
43401
4697b
483e2
466ad
423fa
483e3
475ba
4c401
423fd
423fe
466ae
4a6c0
46013
466af
47e3b
466b0
47e3c
42402
496b4
46981
475bd
42405
4ab7d
424e5
42a90
44232
43f5b
4b211
424ea
475be
4c221
4701a
439b2
4c223
47f30
424ee
439b5
45883
4701b
424f1
49d51
4701c
484db
4701d
484dc
46d4f
4ad5c
475c4
47f33
49d53
424f9
42b81
43403
425d9
4cb91
425db
43aa3
47d4c
425dd
476b1
47d4d
425df
485cc
43aa7
4c312
461f8
476b2
45976
4ae4d
476b3
4ad5e
476b4
4b304
47110
425e7
4ad5f
485cf
4ae4f
4b305
434f4
435e6
42c75
426cc
435e8
46982
48112
435ea
4be5a
48113
435ec
4c403
4be5c
4cc85
462eb
49f34
45d3f
426d6
47e41
426d7
47e42
4bc75
477a7
46988
426da
4ae52
426dc
4bc76
427bc
43c84
436d9
4303c
437c9
472ef
487ae
46a75
427c2
487af
47986
4cd76
427c5
427c6
46a76
4b030
463de
46a77
48207
46a78
48208
427ca
4a028
472f5
47989
427cd
4af45
428ad
42e58
445fa
43d77
4b5d9
428b2
473da
4c03d
46e36
437cf
4c03f
482f8
428b6
437d2
45c4b
46e37
428b9
49b6d
46e38
488a3
46e39
488a4
46b6b
4b124
473e0
482fb
49b6f
428c1
42f49
4321f
429a1
4c9ad
429a3
438bf
47b68
429a5
474cd
47b69
429a7
48994
438c3
4c6da
46014
474ce
45792
4ac6d
474cf
4b126
474d0
4b6cc
46f2c
429af
4b127
48997
4ac6f
4b6cd
438c5
44509
4b7bd
42a96
475c5
4c7cd
4820b
42a98
484e0
472f7
42a9a
42a9b
4467f
4820d
44680
4820e
42a9e
4b215
46c5f
4a2fc
466b6
42aa1
4a2fe
475cb
4a2ff
42aa5
4312f
4404f
439b8
44050
46e3c
485d0
4476f
4c8be
482fe
44054
4c315
4c8bf
42b8e
47c62
42b8f
47c63
4c133
485d5
467a7
47c64
45f25
4b3f9
47c65
46e42
42b95
4b30d
42c76
43222
42c78
43b96
44860
483ee
43b98
48e2c
44862
42c7d
47d53
48e2d
4c408
477ab
4b3fc
477ac
4b9a2
483f3
46016
477ad
42c84
4a4e1
477ae
42c86
4b3fe
42c88
4c226
42d69
48f1d
42d6b
43c89
47e44
42d6d
487b5
43c8b
4c4f8
4789c
43c8d
43c8e
47022
487b7
47023
487b8
44957
42d75
47024
4b5dc
4698a
47025
4b5de
47e4a
4b5df
4ba95
436e1
44325
4bb85
42e5e
473e1
4c5e9
48027
42e60
488a8
47113
42e62
42e63
44a47
48029
44a48
4802a
42e66
4b5e1
46a7b
4a118
464d2
42e69
4a11a
473e7
4a11b
42e6d
434f7
43e6b
437d4
43f64
47204
48998
44b37
4cc86
4811a
43e70
4c6dd
4cc87
42f56
47a7e
42f57
47a7f
4bf4f
4899d
465c3
47a80
45d41
4b219
47a81
4720a
42f5d
4b6d5
4303f
43e74
445fc
44c30
487ba
44683
491f8
44c32
4450e
4cd7c
491f9
43048
47b77
43049
47b78
4c5ed
487bf
46c61
48122
463e2
4b8b3
48123
478a8
4304f
4b7c3
43131
43f66
445fd
44d22
488ac
44775
492ea
44d24
44601
4c8c2
492eb
4313a
47c69
4313b
47c6a
4c6df
488b1
46d53
48214
464d4
4b9a5
48215
473ee
43141
4b8b9
43223
44058
44234
44e14
4899e
44867
493dc
44e16
44147
4c9b4
493dd
4322c
47d5b
4322d
47d5c
4c7d1
489a3
46899
48306
465c6
4ba97
48307
474e0
43233
4b9ab
43315
43b9e
44326
44f06
484e4
44959
494ce
44f08
44239
4caa6
494cf
4331e
47e4d
4331f
47e4e
4c317
484e9
4698b
483f8
466b8
4bb89
483f9
475d2
43325
4ba9d
43407
43c90
44418
44ff8
485d6
44a4b
49014
44ffa
4432b
4cb98
49015
43410
47993
43411
47994
4c409
485db
46a7d
47f3e
467aa
4bc7b
47f3f
476c4
43417
4bb8f
434f9
43d82
44511
450ea
486c8
44b3d
49106
450ec
4441d
4cc8a
49107
43502
47a85
43503
47a86
4c4fb
486cd
46b6f
48030
462f0
4b7c5
48031
477b6
43509
4bc81
435f2
44421
44c36
486ce
44c37
486cf
44960
435f7
47e54
4be62
477b8
47e55
4be64
486d2
4be65
4c31b
44512
436e6
47998
436e7
47999
4cc8c
452d8
472ff
487c2
46a80
4bf55
487c3
4799c
436ed
4be69
437d6
44605
44e1a
488b2
44e1b
488b3
44b44
437db
47a8c
4c046
473f0
47a8d
4c048
488b6
4c049
4c4ff
4414a
438ca
47b7c
438cb
47b7d
4c8c4
454bc
46f37
489a6
46c64
4c139
489a7
47b80
438d1
4c04d
439ba
4423d
44ffe
484ea
44fff
484eb
4477c
439bf
47c70
4c22a
475d4
47c71
4c22c
484ee
4c22d
4c6e3
4432e
43aae
47d60
43aaf
47d61
4caa8
456a0
4711b
485de
4689c
4bd75
485df
47d64
43ab5
4c231
43ba0
45793
4c8c6
451e8
4c31c
477b9
4b400
48403
43ba4
4c31d
45795
477ba
43ba7
4b403
43c92
45885
4c9b8
452da
4c412
478ab
4b4f2
47f49
43c96
4c413
45887
478ac
43c99
4b4f5
43d84
45977
4caaa
453cc
4c504
473f1
4b5e4
4803b
43d88
4c505
45979
473f2
43d8b
4b5e7
43e76
45a69
4cb9c
454be
4c5f6
474e3
4b6d6
4812d
43e7a
4c5f7
45a6b
474e4
43e7d
4b6d9
43f68
45b5b
4cc8e
455b0
4c6e8
475d5
4b21c
4821f
43f6c
4c6e9
45b5d
475d6
43f6f
4b21f
4405a
45c4d
4cd80
456a2
4c7da
476c7
4b30e
48311
4405e
4c7db
45c4f
476c8
44061
4b311
4414c
45796
492ec
454c1
4c8c8
474e5
4b9ac
44e23
44150
4c8c9
45d44
47d68
44153
4b9af
4423e
45888
493de
455b3
4c9be
475d7
4ba9e
44f15
44242
4c9bf
45e36
47e5a
44245
4baa1
44330
4597a
494d0
456a5
4cab0
476c9
4bb90
45007
44334
4cab1
45f28
479a0
44337
4bb93
44422
45a6c
49016
451eb
4cba2
477bb
4bc82
450f9
44426
4cba3
4601a
47a92
44429
4bc85
44514
45b5e
49108
452dd
4cc94
478ad
4b7c8
44c3f
44518
4cc95
4610c
47b84
4451b
4b7cb
44606
45c50
491fa
453cf
4cd86
473f3
4b8ba
44d31
4460a
4cd87
461fe
47c76
4460d
4b8bd
44695
44788
4cd8a
4b312
4cd8b
48c52
44699
4c141
4e3f1
48b5e
44b50
48b5f
4c6ed
44b52
4e2fd
4b7cd
44b54
452df
48e34
44c42
487d0
47b85
4bd78
478b0
446a5
4c7e1
487d4
446a7
491fc
487d6
4be6a
44c49
4be6b
44c4a
4cd8f
4b7d1
44c4c
446ad
44c4e
4be6c
446af
4be6d
446b0
4c6ef
446b1
50f6d
44c52
55564
446b4
48223
4cca2
45b66
44f17
463e3
446b7
45e38
454c5
4c050
44f1a
489b4
48b63
44f1c
4b7d5
446bc
4c053
454ca
446be
494d2
454cc
44f21
51428
4b225
51429
446c3
4cab6
454d1
4e6c5
48c5b
446c6
4d7a7
454d4
5142c
4d7a9
475d9
4b226
47304
484fc
4b227
47a94
484fd
446ce
4af4e
4c6f4
4a99f
54fb2
4b229
4822b
54fb3
4c232
4822d
54fb4
4c7e8
48505
4c7e9
446d7
50d87
48232
4de44
4c235
54fb7
4de46
48235
48506
4b8c2
446dd
4b8c3
446de
4c142
446df
509c1
4850a
54fbb
446e2
4c056
446e3
5142d
4cca6
4b314
4cd92
48c5e
4e3f3
4cf24
48c60
446e9
4c6fc
446ea
50c95
4b230
446ec
4cca7
4b232
55568
4ce36
4c700
55569
509c7
4b315
4e3f6
4ce37
4c7ef
50d8c
4d5c1
54733
4cf27
446f6
54fc0
4de4a
5556c
4de4b
446f9
5556d
4ce39
446fc
4cf2b
5556f
50ab4
55570
50ab5
50c98
44701
44879
4579a
4478f
4b9b4
4df34
4c326
4487d
4df36
44793
461ff
4cd95
45c56
44d37
488c3
44796
48237
488c5
44798
4c327
488c7
4479a
4b5e8
4cd96
4b03d
550a5
4b8c8
44d3f
550a6
4c8d7
488cd
4b5ea
4cd99
4b03f
5105d
4b316
5105e
4b317
550a9
4cd9b
44d47
456a7
48c61
44e26
485ec
45c59
491ff
455b8
447aa
47f4d
4c9c2
47c7a
4500d
4c149
48c64
4c7f7
455bd
447af
49018
455bf
447b1
51519
49019
45014
4c7f8
45015
48d4b
4e7b6
4c329
447b7
4e7b8
4901b
5151d
4d89a
447ba
447bb
48317
4c14c
47c7c
47b8d
4c14d
447bf
4c32b
485f0
4b9b6
4831b
4b9b7
4831c
4c7fa
4b31e
4831e
4cbaa
4bd7a
48320
447c7
48322
50e78
4baa3
54afc
4c330
447cb
4d98b
48326
54afe
50e7d
4b042
4c7fc
4aa93
50ab7
4ad66
50ab8
4ad67
5537b
4c7fe
485fd
4b322
4cd9f
4c14f
48c68
447d7
4c23a
4df38
4c8da
48d51
550ad
4df3b
4b323
50d92
4c23c
5537d
4c150
4b8d3
51521
4cf31
4b327
447e1
50d94
4b329
54b04
4c23d
4b8d4
447e5
4d98e
447e6
50ba3
447e7
51524
4d01a
4c338
50e80
4c339
50e81
4d01b
4cf34
54b08
4df40
51527
4d6b6
51528
4d6b7
447f2
54b0b
50d97
44880
4c41a
48e36
4c41b
4496e
4e027
4baa7
44970
454d6
48a6d
44e28
489b6
47d69
4bf64
474e8
44889
493e0
489ba
4488b
4c41e
489bc
4c059
44e2f
4c05a
44e30
4c9c8
4b9bf
44e32
44891
44e34
4c05b
44893
4c05c
44894
4c33a
44895
51151
44e38
5519c
44898
48409
4c8e3
4579e
450fb
465c7
4489b
4601c
456ab
4c23e
450fe
485ff
48d55
45100
4b9c3
448a0
4c241
456b0
448a2
493e1
456b2
45105
5160c
4b40b
5160d
448a7
4ccab
456b7
4e8a9
48e40
448aa
4d3df
456ba
51610
4d3e1
477bd
4b40c
46f3c
486e0
448b0
4b9c6
486e1
448b2
4b132
4c33f
4ab83
54bea
4b40f
48411
54beb
4be73
48413
54bec
4c424
486e9
4c425
448bb
50f71
48418
4da7c
4be76
54bef
4da7e
4841b
486ea
4baaa
448c1
4baab
448c2
4bd7f
448c3
50bab
486ee
54bf3
448c6
4c244
448c7
51611
4c8e7
4b4fc
4c9cb
48e43
4e02b
4d108
48e45
448cd
4c347
448ce
50e85
4b416
448d0
4c8e8
4b418
551a0
4d024
4c34b
551a1
50bb1
4b4fd
4e02e
4d025
4c42b
50f76
4d7ab
54917
4d10b
448da
54bf8
4da82
551a4
4da83
448dd
551a5
4d027
448e0
4d10f
551a7
506ec
551a8
506ed
50e88
448e5
44a5d
4597e
44973
4bb98
4e118
4c50e
44a61
4e11a
44977
4610f
496b7
4588e
44c56
486f0
4497a
48134
451f3
4497c
4b4fe
4c9ce
48e49
44c5b
4cda3
48f2d
44c5d
44981
4cda4
451fa
4c9cf
451fb
4588f
493e3
455cb
44986
4841c
4c34e
47e5e
44f2a
4cac0
48f2f
44f2c
5528c
4ac78
4c704
48516
4c705
48517
4498e
4c9d3
48519
44f32
4ac7a
4c706
44f34
4c707
44f35
4c9d5
44f36
516ff
4bab6
44996
45016
487dc
44998
47f50
48f31
4e99a
4c511
4499b
4e99c
49203
51701
4d4d2
4499e
4499f
47f51
4bd89
47e60
47d71
47e62
449a3
4c513
487e1
4bb9a
47f55
4bb9b
47f56
4c514
4b506
47f58
4cda7
4bf66
47f5a
449ab
47f5c
51062
4bc87
54ce0
4c518
449af
4db6f
47f60
54ce2
51067
4ac7e
4c438
4a6cb
506ef
4af52
506f0
4af53
55573
4c43a
487ee
4b50a
4c9d8
4bd8c
48e4d
449bb
4be7b
4e11c
4cac6
48f37
55295
4e11f
4b50b
50f7c
4be7d
55575
4bd8d
4babb
51705
4d115
4b50f
449c5
50f7e
4b511
54ce8
4be7e
4babc
449c9
4db72
449ca
507db
449cb
51708
4d1fe
4c520
5106a
4c521
5106b
4d1ff
4d118
54cec
4e124
5170b
4d8a0
5170c
4d8a1
449d6
54cef
50f81
44a64
4c600
48a6f
4c601
44b58
4e20b
4bc8b
44b5a
452e3
4597f
494d8
452e5
44a6c
48238
4ccb1
479a2
44d4d
4be80
48a72
44d4f
4c8ea
48a74
452ec
4be81
44d52
51241
492f3
44d54
4c523
45018
48600
45982
494d9
476cd
4bba2
4501b
48603
44a7b
4c603
48606
44a7d
4901d
48608
4c247
45021
4c248
45022
4cbb4
4bba5
45024
44a83
4bba6
50d98
4b32d
55382
4bba7
51244
4c525
44a87
50d9c
50d9d
45983
4c526
453d4
44a8b
4c8ec
452f1
4e4e1
48a79
44a8e
4d5c9
452f4
51248
4d5cb
473f7
4b5f4
47120
488d1
44a94
4bbaa
488d2
44a96
4ad6e
4c527
4a7bb
54dce
4b5f7
48049
54dcf
4c062
4804b
54dd0
4c60a
488da
4c60b
44a9f
51155
48050
4dc60
4c065
54dd3
4dc62
48053
488db
4bc8e
44aa5
4bc8f
44aa6
4bf6b
44aa7
507e3
488df
54dd7
44aaa
4bf6d
4e20e
4cbb8
48a7d
55387
4e211
4b5fc
4cad2
4be86
48f40
44ab1
4c52f
44ab2
5106f
4b5fe
44ab4
4cad4
4b600
55388
4d208
4c533
55389
507e9
4b6e1
4e212
4d3e2
5454e
4dc65
54ddb
4d209
4d2ef
44abe
54ddc
4dc66
5538c
4dc67
44ac1
5538d
4d20b
44ac4
4d2f3
5538f
508d0
55390
508d1
51072
44ac9
44c61
489c2
44b5c
48136
453d5
45a73
44e3c
462f2
44b60
4832a
453d9
4bf71
44e3f
4bf72
48a82
4c617
453dc
44b65
49110
453de
44b67
51333
493e5
44e46
4c618
4510a
486f2
45a76
4901f
477bf
4bc94
4510d
486f5
48b6f
4510f
55470
48e4e
45111
4bc95
44b72
4b41d
44b73
4cbbf
486fc
44b75
55473
44b77
4bc98
50e8a
4b41f
55474
4bc99
51336
4c61a
44b7b
50e8e
50e8f
493e6
44b7e
4d6b9
453e4
51338
4c9df
44b81
4e5d6
453e7
47211
489c4
44b84
48138
47a9b
4b6e7
48139
4ccb6
4a8ac
4bd92
489c8
4bd93
489c9
44b8b
4c61d
489cb
44b8d
4c9e1
489cd
48141
4b8d5
5463e
4dd51
44b92
4c9e2
48145
50ca3
4c712
44b95
44b96
4b6eb
508d2
4ae63
54ec7
4b6ec
551aa
4c067
44b9a
508d6
508d7
4bc9d
4d2f4
4d2f5
4c622
48b75
4c713
44ba0
4ce3b
4c715
44ba2
5133c
4c069
551ac
508d9
44ba5
4ce3e
4bc9e
4b6f1
4d2f8
4c625
44ba9
54ecb
508da
44bab
51163
4c716
50ca6
4d4d5
54641
4cbc7
4c717
5547d
4e306
4d4d6
51341
4d4d7
54ecf
4e307
4e308
44bb5
4d2fc
54ed1
4dd5a
54ed2
4dd5b
508dc
55483
44c63
44d56
4cdac
49205
4cdad
48f43
44c67
4c71c
4e9a3
44c6a
49112
48e50
4c629
45120
4e8af
4bd97
45122
48e52
4c445
45205
4ccbd
45206
5170e
4babe
5170f
4ccbe
44c74
454da
4698f
44c76
463e6
45a79
44c78
49a81
45a7b
4bd9b
454df
4bd9c
454e0
4c62c
49118
454e2
4a02a
4920a
45a81
4920b
44c81
4dd5d
45a84
4ec72
4920d
44c84
4ec74
45a87
48056
48149
44c88
4cdb1
487f2
4e3fd
4bf7a
54cf0
4cf39
44c8c
4e400
4cf3b
49119
4ccc1
4911a
48e59
4d3ea
4bda0
48f44
4c71d
44c93
4d4db
4d4dc
4911b
44c96
4e9a7
4d4de
4b23c
4ce44
4b23d
51439
4bda1
4b7f2
51716
4ccc6
44c9d
51717
4ccc8
4b8dc
4e9a9
4cf3c
54cf2
4db79
5557c
4db7a
519de
4db7b
44ca4
51719
4d4e1
4ce48
5557f
44ca8
51078
44ca9
51079
4d3f1
44cac
4d4e3
55582
44d5c
492f6
48a88
4c80f
44e4a
4e4e7
4bf7f
44e4c
48f47
4c537
452f7
4cdbc
452f8
51254
4bbb0
51255
4cdbd
44d66
455cc
46a81
44d68
464d8
45b6b
44d6a
495c7
45b6d
4be8f
455d1
4be90
455d2
4c722
49215
455d4
49b70
492fc
45b73
492fd
44d73
4de4f
45b76
4ed64
492ff
44d76
4ed66
45b79
4814a
4c724
44d7a
4c8f7
488e4
4df43
4c06c
54de2
4d02b
44d7e
4df46
4d02d
49300
4c8fa
48a8b
4e4eb
4e4ec
49216
4cdc0
49217
48f4e
4d4e6
4be94
49218
44d88
4e4ed
4d5d0
4b32e
4cf42
4b32f
5152b
4be95
4b8e6
5125c
4cdc5
44d8f
5125d
4cdc7
4b9ce
4e4ef
4d02e
54de4
4dc6b
550c2
4dc6c
51ad0
4dc6d
44d96
5125f
4d5d3
4cf46
550c5
44d9a
5116a
44d9b
5116b
4d4ed
44d9e
4d5d5
550c8
48b79
44f3a
48b7a
4c355
44f3c
4e5d9
4c071
44f3e
48a8d
4c632
453e9
4c902
453ea
51346
4bca2
51347
4c903
44e58
456be
46b73
44e5a
465ca
45c5d
4bf85
456c1
4bf86
456c2
496b9
48e5c
456c4
4c816
49307
456c6
49c62
493ee
45c65
493ef
44e65
4d995
45c68
4ee56
493f1
44e68
4ee58
45c6b
4823c
4c818
44e6c
4c9eb
489d6
4e035
4c15e
54ed4
4d123
44e70
4e038
4d125
49308
4c906
49309
48a94
4d5d8
4bf8a
48b7c
4c357
44e77
4d6bf
4d6c0
4930a
44e7a
4e5df
4d6c2
4b420
4d034
4b421
5161d
4bf8b
4b9d8
5134e
4c90b
44e81
5134f
4c90d
4bac2
4e5e1
4d126
54ed6
4dd63
551b4
4dd64
51bc2
4dd65
44e88
51351
4d6c5
4d038
551b7
44e8c
50cb0
44e8d
50cb1
4d5df
44e90
51bc7
4e5e5
44f40
494da
48c72
4c449
4502e
4e6cb
4c163
45030
457a1
493f6
4520b
46c66
48b7f
4c35b
457a4
4c9f7
457a5
44f4a
497ad
457a7
44f4c
4c35d
457a9
44f4e
51ca9
44f50
4b7f6
4ce4a
4bac5
51caa
4c078
454e8
4ccca
454e9
5143c
4ce4f
494e1
44f57
4da87
457ae
4ef48
494e3
44f5a
4ef4a
457b1
4832e
4841f
44f5e
4cadd
4851c
4e127
4c250
54fc6
4d215
44f62
4e12a
4d217
493fa
4c9fa
493fb
48b86
4d6ca
4c07c
48c74
4c44b
44f69
4d7b1
4d7b2
493fc
44f6c
4e6d1
4d7b4
4b514
4d12c
4b515
5171f
4c07d
4bacc
51442
4c9ff
44f73
51443
4ca01
4bbb4
4e6d3
4d218
54fc8
4de55
552a6
4de56
51cb4
4de57
44f7a
51445
4d7b7
4d130
552a9
44f7e
50da2
4e131
552aa
4d6d1
44f82
4d7b9
552ac
45032
49020
48d64
4c53b
45126
4e7bd
4c255
45128
45893
494e8
452fd
46d58
48a96
452ff
517ec
48c77
4c44f
45898
4cae9
45899
4503e
495ca
4589b
45305
517ef
45042
4b8ea
4cf48
4bbb7
517f0
4c16a
455da
4cdc9
455db
5152e
4cf4d
49027
45049
4db7f
458a0
4ea8e
49029
4504c
4ea90
458a3
47f64
48421
45050
4cbcf
4860e
4e219
4bda2
54b0c
4d307
45054
4e21c
4d309
494ec
4caec
494ed
48c7e
4d7bc
4c16e
48d66
4c53d
4505b
4d8a3
4d8a4
4902c
51533
4e7c4
4c454
4b606
4d21e
4b607
51265
4c16f
4bbbe
51534
4caf1
45065
51535
4caf3
4bca6
4e7c5
4d30a
54b0e
4d99b
55398
4d99c
517fa
4d99d
4506c
51537
4d8a9
4d222
50da9
45070
50e94
4e223
5539c
4d7c3
45074
4d8ab
5539e
46021
495cb
45986
4512b
4911c
45988
4512d
4902f
4cbda
48d6a
518df
49030
453f5
518e0
4911e
453f7
45133
456c9
4c25a
45135
4c25b
45136
4d03c
4b423
4d03d
4bcaa
518e3
4513a
49992
45991
4eb7f
49121
51621
4dc73
45994
51622
4dc75
48058
4bcab
486ff
4ce50
48b8d
55484
4ccce
45145
4e30d
48703
55486
4e30f
4bcac
4d8ac
4cbdf
4bcad
518e7
4d8af
49123
4ccd0
48e62
4e8b3
4e8b4
4c546
49125
51625
4e8b6
4bcae
50e96
4c638
55487
4c639
4bcaf
45156
50e98
4bcb1
55488
4d8b2
4bcb3
4515a
4da8c
4515b
4e311
4515c
4e312
4515d
4e313
4ccd6
518ed
4e8b9
4da90
518ee
4da91
4d314
5548e
45164
4d3fb
5548f
4d8b5
45215
45308
497b0
494f0
4ccd8
48f58
45219
4ccd9
4ef4f
4521c
493fd
48e65
4c364
456d2
4ee5b
4c365
456d4
48b8e
4c366
457b3
4ca03
457b4
4c367
457b5
51cbb
49402
45226
45a88
46f3d
466c0
49c64
46025
4bdac
45a8b
4bdad
45a8c
4a02c
4921a
45a8e
4cbe9
496c4
45a90
4a5d6
497b6
4602d
497b7
45233
4f21d
46030
4e318
4921c
51f83
4e31a
46033
48613
48706
4523a
4bdaf
4523b
4d9a1
4bdb0
4523d
4ccda
4523e
4d3fd
4bdb3
51f86
4d9a3
4bdb5
45242
4be9c
4ef50
497bb
48f5d
51cc1
4d224
552ad
4d4ef
45247
4e134
45248
51723
4ef54
49408
4524b
51cc5
4d9a6
4da98
4b7fb
51724
4c36f
4be9d
4ef57
4d4f1
552ae
51726
4d137
4d4f2
51cc7
4d4f3
4d9a8
51cc8
4ef58
51729
453f9
462f6
4530f
498a3
4ea92
49037
453fd
4ea94
45313
4bbc2
4d7c4
4bbc3
51800
494f6
5206e
4be9f
45317
4d7c8
4d7c9
467b1
49d57
46116
4531b
494f8
4ccde
48f66
52070
4930b
45b7f
52071
497c0
45b81
52072
498a7
45b83
45323
46120
4f30e
48aa0
52074
498aa
45327
4e40b
46124
52076
4f313
4bea2
48708
49038
4cdcc
48aa2
4ea97
4db86
48aa4
4e224
48aa5
4e4f5
4d318
51806
4db87
48aa8
52078
497c2
4da9c
497c3
494fc
52079
4bea5
51ad6
4d22b
48f6c
51808
4bea8
48f6e
5207b
4ea9b
4c462
497c4
4533f
5207d
4d22d
45341
4daa3
4cdcf
4c63b
4e4f7
4d22e
4d4f9
45346
4e4f8
4e229
5207f
4daa5
4534a
4db8d
52081
45400
49127
48b91
4c63c
454ee
4eb85
4c63d
454f0
48aa9
4d8b6
48aaa
52161
4903c
4cbef
48d73
4d8b9
4903d
4540a
45c6c
47121
4540c
46b76
46209
4bf92
45c6f
4bf93
45c70
49c65
4940a
45c72
4cdd1
498b3
45c74
4a20e
4999a
46211
4999b
45417
4f401
46214
4df50
4940c
52167
4df52
46217
487f9
4cdd3
4541e
4bf95
4541f
4db8f
4bf96
45421
4c912
45422
4d5e7
4bf99
5216a
4db91
4bf9b
45426
4c082
4eb88
4999f
48b97
518f9
4ce5c
55491
4d6d9
4542b
4e31e
4542c
5135b
4eb8c
49043
4542f
518fd
4db94
4dc7c
4b9df
5135c
4c557
4c083
4eb8f
4d6db
55492
4e320
52170
4e321
4d5ea
5135f
4db96
51900
4eb90
51361
455dd
464da
454f3
49a87
4ec76
4921f
455e1
4ec78
454f7
46c67
4a20f
463ea
457ba
499a3
454fa
4912e
454fb
49a89
45d52
454fd
49a8a
45d54
454ff
4a030
45d56
457c2
48b9f
4d402
48ba0
52257
49130
4cce5
48e74
4d405
49131
45507
45d58
4f4f2
48c86
52258
49a8e
4550b
4e043
45d5c
5225a
4f4f7
4c088
488ec
49132
4c91a
49133
48ba3
4dc82
4bad2
4d6de
4c08c
45515
4d6e0
48ba7
45517
519ec
49220
4ca07
48c88
4ec7b
4dd6a
48c8a
4e40e
48c8b
4e6d9
4cf50
519ee
4dd6b
48c8e
5225f
4dc85
4dd6d
499a8
45523
52261
4ce65
45525
4dc87
4ca09
4c81f
4e6db
4ce66
52262
4552a
4e6dc
4552b
4e6dd
4dc89
4552e
4dd71
52265
455e4
4930f
48d75
4c820
456d8
4ed69
4c821
456da
45e3f
49a94
458ab
47306
48c8f
4c732
45e42
4c733
45e43
455ee
49e4b
45e45
455f0
49b76
45e47
458b3
51d9b
455f4
4c178
455f5
4d4fb
45b87
4beab
455f7
4beac
455f8
4d4fe
4d4ff
495d3
455fb
4f039
45e4c
4e13a
49047
51d9f
4e13c
45e4f
48521
4ca0d
45602
4c17b
45603
4dd73
4c17c
45605
4caf8
45606
4d7d1
4c17f
51da2
4dd75
4c181
4560a
4c266
4ed6c
495d7
48d7b
51adf
4d040
550c9
4d8bd
4560f
4df56
45610
5153f
4ed70
4922b
45613
51ae3
4ed72
4ca0f
4bbc5
51540
4c73b
4c267
4ed73
4d8bf
550ca
51542
4cf59
4d8c0
51ae5
4d8c1
4dd7a
51ae6
4ed74
51545
4599c
45f32
456dd
468a0
4a3f3
48d81
4c824
45f35
4c825
45f36
456e1
49f3d
45f38
456e3
4cafe
45f3a
456e5
51e8d
49317
4c91d
48ab6
4d5ed
48d83
4d5ee
48d84
51e8f
4c828
45c7c
48e75
51bcd
4e22b
456ee
49f3e
45f3f
4f12d
496ce
456f1
456f2
4c829
48616
495de
4de64
495df
4931c
51e93
4c26f
51902
4d047
48d8a
51bcf
4c272
48d8c
51e95
496cf
4d9aa
4940e
456fe
4ee60
4c464
4e8bc
4d139
51630
4d40a
51e96
4ee61
4d9ae
45704
51bd4
4ee63
4cb01
496d2
45708
4d8c5
4bdba
4ee65
4cb02
4d13b
51633
4d8c6
4570d
4d13c
51635
4d13d
45710
4d9b3
51e9c
4de6d
457c3
458b6
49d5c
49503
4ca11
48e80
457c7
49d5e
4f4fb
49410
45c7e
48d8d
4c374
45c80
4f407
499ab
45c82
48ba9
4c64a
45d5f
4c64b
45d60
4c922
45d61
52267
499ae
457d4
46034
465d0
49c6d
46036
474ec
48d8f
4c378
465d3
457da
49c70
465d5
4c925
465d6
457dd
4a5d9
465d8
457df
5252d
49d63
457e1
4f7c9
465dc
4e8c4
497c8
5252f
4e8c6
465df
48d92
4c37a
48d93
457e8
4df5c
4bdbb
51f90
49a9e
4e04c
4bdbc
51f91
4ca14
49419
457ee
4c928
4941b
51ccd
4d6e7
457f1
51cce
4df60
49508
4f4fe
4e04f
4950a
4e6de
4950b
4ef5b
4d7d8
5226e
4e050
4950e
52536
4df61
4e052
49d69
457fd
4e6e1
457fe
52272
4d9b9
4e6e2
52539
4e6e3
45803
5253a
45805
52275
468a1
458bc
459a9
49e4f
458be
4cb06
4904a
458c0
45e50
4c183
458c2
4c184
458c3
4c46a
458c4
4dd7f
45e54
51dae
458c7
46127
475dd
46d5e
4a303
466c4
49d6b
4612a
49e51
48e87
4612c
4c46d
4612d
4a11e
498b8
4612f
4a6cc
49e54
4904b
51daf
4e9b5
458d4
4a120
466cf
4f8bd
49e57
458d7
458d8
49d6e
458d9
52623
4ca1b
4904d
4cb07
48f74
4d7dc
48f75
51812
4c55b
458df
4e140
49e5a
458e1
4db98
458e2
4e7d1
49052
4eaa2
49053
458e5
51db3
49aa7
49516
4e05a
4c472
458e9
4daaf
49519
458eb
51db5
4e144
49aa9
458ee
52629
4db9b
51817
51818
4d7e1
4db9c
51db9
4db9d
4e05e
51dba
4f04a
458f7
45a99
46994
459af
496d4
4f130
4c64d
45a9d
4f132
459b3
495e7
4de6e
4931f
51e9e
495e8
5270c
4c55d
459b7
4de72
4de73
468a3
4a3f5
467b4
459bb
49057
4cb0c
48f78
4621c
5270e
49058
5270f
499b5
4621f
52710
49f45
46221
459c3
467be
4f9ac
49140
52712
49f48
459c7
4e4fd
467c2
52714
4f9b1
4bf9f
52174
496d6
4e230
4bfa0
52175
4cbfa
48f7a
4c561
48f7b
459d0
4e14a
49e62
495ee
52716
4d8d0
4905e
51ea3
4c566
49060
52718
49f4b
49143
51ea5
4d40e
51638
4dc91
459db
4e8ca
459dc
51908
4f139
495ef
459df
51ea9
4f13b
4d411
51639
4dc94
51eaa
4dc95
4d8d2
5271d
459e6
5190c
4e238
4f13d
45a9f
45b8c
4a032
4922f
4cce9
48bac
45aa3
4a034
4f225
45aa6
47215
4a7bf
46996
45d67
496d9
45aa9
49f50
462fe
45aab
496da
45aac
4a036
46301
45aae
4a5dc
46303
4603f
4bdbd
45ab1
4bdbe
45ab2
4c652
45ab3
4d9bd
46043
51f94
45ab6
4e5ec
46305
51f96
49aac
4faa0
4a307
45aba
4faa2
4e5f1
4914d
4cc00
49f53
48ac2
45abf
4c656
45ac0
4a03c
4f226
4d415
45ac2
4e323
496df
49150
4e23e
4c658
45ac6
4dc99
49153
45ac8
51f98
497cd
45aca
4f229
4cdd9
4ec84
4d501
519f9
4dd84
5280b
4f22a
4e327
45ad0
51f9c
4f22c
4e329
4cdda
4ec87
4d418
5280e
45ad6
4ec88
45ad7
4ec89
4e243
45ada
4e32b
52811
45b92
498bb
48c9d
4c830
45c86
4f315
498bd
45c88
463eb
45b98
47308
4a8b1
48bb1
4c742
463ee
45b9b
4a043
463f0
4ccee
463f1
45b9e
4a3f7
463f3
45ba0
52347
45ba2
497d1
4dab2
4951c
52084
497d2
52348
4c745
45ba6
4dab6
4dab7
49b7f
45ba9
4f5e5
463f8
4e6e6
495f3
5234b
4e6e8
463fb
48bb4
4c746
48bb5
45bb0
4e32e
4c185
51dbc
498be
4e414
4c186
51dbd
4cdde
49241
45bb6
4ccf4
49243
51ae9
4d509
45bb9
51aea
4e332
49326
4f31a
4e417
49328
4e500
49329
4ed77
4d5f4
5208c
4e418
4932c
52352
4e333
4e41a
49b85
45bc5
4e503
45bc6
52090
4dd8d
4e504
52355
4e505
45bcb
52356
45bcd
52093
464dd
46b79
4a123
464df
45c8c
4932d
4cddf
48ca4
45f4d
52436
4932e
52437
496e2
45f50
52438
49c76
45f52
45c94
498c3
4dba4
49062
52176
498c4
5243a
4c837
45c98
4dba8
4dba9
49c78
45c9b
4f6d7
464ea
4e7d8
496e5
5243d
4e7da
464ed
48ca6
4c838
48ca7
45ca2
4e420
4c277
51eae
499b9
4df64
4c278
51eaf
4c92d
49333
45ca8
4cde6
49335
51bdb
4d5fb
45cab
51bdc
4e424
49424
4f40c
4df67
49426
4e5f2
49427
4ee69
4d6ec
5217e
4df68
4942a
52444
4e425
4df6a
49c7e
45cb7
4e5f5
45cb8
52182
4de7f
4e5f6
52447
4e5f7
4f412
45cbd
4e426
52185
47309
49aae
45e63
4a048
45d72
4ca21
49ab0
45d74
46229
47218
45d77
499bd
4f9b2
4933a
4622d
4f9b4
45d7b
496e6
4e244
499bf
52ad4
49f5a
4630d
4cc05
4630e
52814
4e249
47219
4a7c0
46b7c
45d83
4933b
4c932
48acb
52ad6
4933c
465e5
52ad7
49d71
465e7
52ad8
4a30d
465e9
45d8b
46b86
4fd74
49ab2
52ada
4a310
45d8f
4ee71
46b8a
52adc
4fd79
499c3
4e506
4c935
499c4
52add
4e509
4942d
4ca22
48bba
4faa9
4dd8e
51a00
4e061
52278
4e50a
499c5
4df6e
4c387
5253d
4a21f
4c938
45d9f
4df71
499c9
45da1
52819
4a04b
45da3
4faab
4dd90
5227c
4e063
52ae1
4faac
4e5fd
45da8
5281d
4faaf
4df72
45dab
4dd92
5227f
4dd93
45dae
52280
4e600
4fab1
45e67
45f54
4a3fa
4951d
4cb12
48cac
45e6b
4a3fc
4f5ed
49247
4ccf6
48bbc
4e337
48bbd
45e70
4c74f
45e71
4e33a
46401
46c6d
4730b
4a8b3
46c6f
45e76
49431
4ca26
48bbf
52bc8
49432
466d8
52bc9
49e63
466da
52bca
4a3ff
466dc
45e7e
4ef60
46c79
5235c
49e65
4fe68
4a6d1
45e82
4fe6a
4ef65
49434
4ca28
49435
48bc2
4e604
4a054
48cad
4a404
45e89
4e6eb
495fa
4f04c
4de81
51af3
4a31b
49521
4dd94
49522
51dbf
49b91
45e90
4f5f1
4de82
51dc0
4e155
52bd1
4f5f2
4e6ef
45e95
4e607
4dd96
49ac4
52361
4ca2e
49ac6
52bd4
4f5f4
4e6f1
4dd98
52bd6
45e9e
4f050
4ed81
52bd7
4e60b
45ea2
4e6f3
52bd9
45f5a
49c7f
48d9d
4a4ed
46048
4f6dd
49c81
4604a
48caf
4c840
464ef
4cb16
464f0
5244a
498cb
5244b
4cb17
45f64
467c4
47c81
46e52
4a9a5
46d61
49b96
467c7
49b97
467c8
4a4ef
49525
467ca
4a7c1
49f62
467cc
4ad72
4a4f2
46d69
4a4f3
45f71
4ff59
46d6c
4eaa8
49f64
52cbf
4eaaa
46d6f
48cb4
4a40c
48cb5
45f78
4cb1c
48cb7
45f7a
49c82
4f6e0
4cc09
48e8d
4ee74
48e8e
4f13f
49067
4de86
49068
51eb1
4a40d
49608
45f82
4e15a
4cb1f
52cc3
4e6fa
4cb21
45f86
4e7de
4a4f8
45f88
4ee76
496f2
4f141
496f3
45f8b
52454
4e7e2
4a4f9
45f8e
4f142
4ee79
52cc8
45f91
52457
45f93
52cca
45f95
52459
47033
497da
46139
49d76
4604e
4ccf9
497dc
46050
46310
47d73
46052
477c4
468a7
49c85
46313
49c86
46314
4a5e1
4906b
46316
4a8b4
4a057
46318
4ae64
4a5e4
468af
49437
4c93c
48da4
4df75
48da5
4605f
4c389
46060
4df78
465f0
497dd
52541
4eb99
46064
4a8b6
468b3
5004d
4a5e7
46067
46068
49c8a
46069
4e7e7
49c8b
4606b
52543
497df
4e8ce
4915a
4606e
4e33c
4606f
4ef67
46070
52db4
4c65e
52822
4d9cd
46073
4e7eb
4d9ce
496fe
52544
4cc14
49700
52db6
4a5e9
497e2
52546
4e33e
4607b
4ef69
4607c
51fa7
4f7d7
49d7a
4607f
52db9
51fa8
4d9d1
4e340
5254b
4e341
4e7ee
5254c
4f7da
51fab
4622f
4a124
4613f
498cd
4f8c0
4924a
46233
4f8c2
46143
478b5
4ae65
47036
46404
497e7
46146
497e8
46147
4a127
4699c
46149
4a128
4699e
4614b
4a6d2
469a0
4640c
48e95
4c47a
466de
4ccfe
466df
52630
49ac8
52631
4ccff
46153
469a2
4fb90
498d0
528f6
4a12c
46157
4ec93
469a6
528f8
4fb95
4dbaa
5181c
4e42f
52094
497eb
4e8d8
4cd01
497ec
528f9
4e8db
4924b
4cdec
48f84
4f8c5
4e8dc
497ed
4e342
4c751
52369
4a5f2
4cd04
46167
4e345
497f1
46169
52637
49e6b
4616b
4f8c7
4dbac
52098
4e431
528fd
4f8c8
4e9c5
46170
5263b
4f8cb
4e346
46173
4dbae
5209b
4dbaf
46176
5209c
4e9c8
52903
46235
473fb
4af57
47128
464f6
498d9
46238
498da
46239
4a134
46a8e
4623b
4a221
46a90
4623d
4a7c5
46a92
464fe
48f87
4c56c
467d0
4cdf0
467d1
52722
4960e
52723
4cdf1
46245
46a94
4fc82
499ce
529e8
4a225
46249
4ed85
46a98
529ea
4fc87
499cf
4e510
49344
4624e
4df7a
4624f
4eb9f
46250
49e72
46251
4e9cb
49e73
46253
52727
4e9ce
498df
4e434
4c843
5245b
4a138
4cdf6
46259
4e437
498e3
4625b
52729
49f66
4625d
4f9b9
4dca4
5218a
4df7d
529ef
4f9ba
4e515
46262
5272d
4f9bd
4e438
46265
4dca6
5218d
4dca7
46268
4e519
529f4
4e9d3
4631b
4640e
4a8b8
49163
4a8b9
48bc7
4631f
4a8ba
50053
46322
4a501
48ad4
4a502
467d8
4ff5f
4a503
467da
48ad6
4e7f0
48ad7
53081
49074
4cc16
48dab
4e7f3
49075
4632c
46b8c
4712a
4632f
47aa0
4b608
48ad8
4a507
4712d
4a508
4712e
46333
4a7cc
47130
46335
4b13d
47132
46337
53085
4a8bf
46339
50321
47136
4f41c
4a320
53087
4f41e
47139
48ada
4a509
48adb
46340
4a50a
48add
4e256
48ade
52824
4e258
46344
52825
4eab6
48bc8
4a5f6
46347
4eba5
4a50b
49255
4f236
49256
4fab3
498ec
4634c
4e51d
49f76
4634e
4eba6
4a8c4
46350
4f238
4a064
4fab5
4a065
46353
52dc8
4ebaa
4a8c5
46356
4e25b
53090
4f23a
4e611
52dcb
4635b
53092
4635d
52dcd
473fd
49ba0
46501
49ba1
46416
49aca
49ba2
46418
469a8
4a5f9
469a9
52904
48e9c
4a5fa
469ab
4cd09
469ac
52906
4641f
46c7f
4814c
478ba
4ae67
4721e
4a069
46c82
4a06a
46c83
4a9ad
499df
46c85
4ac82
4a410
46c87
4b240
4a9b0
49ba3
52907
4f50d
4642c
4ac84
47229
50415
4a9b3
4642f
46430
4a06b
46431
4ebaf
4a06c
46433
4ca32
46434
4e613
4a06f
5317c
4ebb1
4a071
46438
49ba5
4fb9a
49acd
4916f
4643b
4e6fe
4643c
4f329
4643d
5317e
4e351
4643f
4ec98
4a9b6
46441
4f32a
49baa
4f5fb
49bab
46444
5290e
4a601
4a13e
46447
53181
52370
4e353
4e702
52911
4e703
4ebb6
52912
4fba2
52373
465f1
474f0
46507
4960f
4fc88
4934a
465f5
4fc8a
4650b
49bad
4650c
4e9d5
46a9c
49e76
4650e
49e77
4650f
4e9d8
4e9d9
473ff
46d71
4823f
46513
4925e
4a9b9
48cbf
53266
49ad0
46d75
53267
4a50d
46d77
53268
4aaa1
46d79
4651b
47318
50504
49c98
5326a
4aaa4
4651f
4f055
4731c
5326c
50509
49ad2
4eca0
49ad3
49262
5326d
49bb3
52ccc
4e441
48cc5
529fb
49bb6
48cc7
5326f
49612
4ed88
4934c
4652c
529fd
4df80
52190
4e7f7
5245e
4e443
46530
53270
4a9be
4a22f
46533
4fc8f
4df82
52460
4e7f9
53271
4fc90
4ed8d
46538
52a01
4fc93
4e7fa
52a02
4e7fb
4e444
4e709
4653e
52464
4ed90
4fc95
465f7
466e4
4ab8e
4943b
4ab8f
48e9f
465fb
4ab90
4fd7d
465fe
47d75
4b333
474f2
468bf
49615
46601
4934e
46602
4aaac
46e59
46604
4ab92
46e5b
46606
4b140
46e5d
46b97
49f77
46609
49f78
4660a
49ca3
4660b
4e523
46b9b
52aec
4660e
4f144
46e5f
52aee
4a604
505f8
4ae6b
46612
505fa
4f149
49352
4aaae
49353
48db6
4ed94
49705
4e7fc
49ca8
46619
4e7fe
48dba
4661b
52af0
4943d
4ab98
48ea1
4fd7f
4ed97
49d8c
4f7dc
4e073
52283
4aaaf
49708
52551
4a239
49d8d
4fd80
4ee7d
49d8f
4f7de
4e075
52af3
4ee7e
49d92
53364
4fd84
4ee81
4df8a
4e801
4662e
4f7e0
4f517
53367
4ed9b
46632
4ee83
53369
466ea
4a413
48f90
4a414
467de
4fe6d
4a415
467e0
46f45
466f0
47e68
4b425
48ea2
4a327
46f48
4a328
46f49
466f4
4ab9f
46f4b
466f6
4af5b
46f4d
466f8
52e9f
466fa
49ad5
4e618
49ad6
52bdc
49442
52ea0
49d96
466fe
4e61c
4e61d
4a6db
46701
5013d
46f52
4f23e
4a14b
52ea3
4f240
46f55
48ea6
4a32c
48ea7
46708
4a32d
48ea9
4e078
48eaa
52640
4e07a
4670c
52641
4ee88
48f92
4a416
4670f
4ef6d
49e7e
4f8ce
4e165
51dc9
4a32e
4970e
46714
4e8f1
49d9e
46716
4ef6e
4a6e0
46718
4f05a
49e82
4f8d1
49e83
4671b
52be6
4ef72
4a6e1
4671e
4e07d
52eac
4f05c
52ead
4f05d
46723
52eae
46725
52beb
47037
476d5
4ac87
47039
467e4
49531
4a6e3
48f95
52f8e
497fc
46aa6
52f8f
4a23a
46aa8
52f90
4a7d2
46aaa
467ec
4961b
4e70a
4961c
52cce
49534
52f92
49e88
467f0
4e70e
4e70f
4a7d4
467f3
5022f
47044
4f330
4a23d
52f95
4f332
47047
48ae4
4a511
467f9
4eabd
49536
4a6e6
49537
48f9a
4ef78
498f1
4e9e0
49e8c
467ff
4e9e2
48f9e
46801
52cd4
49f7c
4f9c0
4e25d
51ebb
4a420
49800
46806
4e9e3
49e90
46808
4eabe
4a7d9
4680a
4f14c
49f80
4f9c3
49f81
4680d
52cd8
4eac2
4a7da
46810
52cda
4e9e5
4f14e
52f9f
4f14f
4ff6a
5273a
4ef7e
52cdd
47e69
4a606
469bb
4a607
468ca
49f84
4a608
468cc
46d81
47d78
468cf
49e91
5050a
4961e
46d85
5050c
468d3
4961f
4ed9c
49357
5336a
49620
5362c
4a518
468d7
4eda0
4eda1
47d79
4713b
48618
468db
49622
4ad7e
49085
5362e
49e94
4713f
5362f
4a8cd
47141
53630
4ae71
47143
468e3
476e2
508de
4a60a
53632
4ae74
468e7
4f9c9
476e6
53634
508e3
49f85
53094
4e803
468ec
4a51c
468ed
4f05f
4a51d
468ef
4eac8
4a51f
53636
4f061
4a521
468f3
4a60b
50600
49f88
49627
468f6
4ebb8
468f7
4f7e3
468f8
53638
4ad83
4aba7
468fb
50603
4e8f6
52dd4
4ebbb
53639
50604
4f155
46900
53375
50607
4eaca
46903
4e8f8
52dd7
4e8f9
46906
52dd8
4f158
50609
469bf
46aac
4af5e
49803
4af5f
49265
469c3
4af60
50145
49448
4aba9
48eaf
4ee8f
49176
4ee90
49177
5371f
4abab
46f5b
477c9
4ae7a
4722d
4870a
49178
4abac
477cc
4abad
477cd
469d0
4ae7d
477cf
469d2
4b243
477d1
469d4
53723
469d6
4fab8
477d5
52eb4
4a9c1
509d2
4b245
469da
509d4
4fabd
4917a
4ebbe
4a078
53187
49f8c
4f15a
49f8d
4971a
53727
4e8fc
4917f
52eb5
4a61c
49181
53729
4a079
4f242
49806
469e7
52eb7
4e9e6
5264a
4ecab
52919
4f160
4a6ed
469ec
50149
4e9e8
5291a
4ecad
5372b
5014a
4f247
469f1
4f161
5014c
4f249
4e8fe
5372e
469f6
4fba8
469f7
4fba9
4f163
469fa
4f24b
53731
46ab2
4a7db
49358
4a7dc
46ba0
50235
4a7dd
46ba2
48fa0
4a422
47049
4a423
4704a
4a6f0
4704b
52fa3
49809
46abc
4731e
487fb
46abe
48241
478bd
4a15b
47321
4a15c
47322
4b053
4a07d
47324
4b335
4aabe
47326
4b8f0
4b056
478c5
4b057
46ac9
50ac3
478c8
4f600
4aac0
53817
4f602
478cb
48cca
4e9ec
48ccb
52a08
4980c
4af70
4980d
4926f
4f24e
4a160
46ad4
4ecb3
49272
46ad6
52fa8
498f7
4b05a
4935b
50239
4f251
4a246
4fc96
4e52d
5273d
4af71
4a164
46ade
4f336
4b05c
46ae0
4f9ce
4a24a
4fc99
4a24b
46ae3
52fac
4f33a
4b05d
46ae6
4fc9a
46ae7
4fc9b
52a0f
4e9f1
46aeb
53822
46aed
52fb1
47b93
4a332
46c91
4a333
46ba6
49cb0
4a334
46ba8
46e6a
488ed
46baa
48333
47403
4a24d
46e6d
4a24e
46e6e
4b145
49bc3
46e70
4b428
4abb3
46e72
4b9e2
4b148
4740b
4908e
4a7e3
48ae9
4eacd
4935e
4eace
4935f
53907
4a7e5
4714a
4a335
53099
4f6f1
46bbc
4b42a
4740f
50bb7
4b14b
46bbf
46bc0
4a251
46bc1
4eda9
49361
4a7e6
49362
46bc4
4a7e7
49364
52afb
4e535
46bc7
52afc
4f342
4944c
4a8d4
46bca
4f427
4a7e8
49ad7
4fabe
49ad8
4fd89
49bc6
46bcf
4f345
4b14d
4a33a
5309e
4ee96
46bd3
4fac1
46bd4
52aff
5032f
4a8d6
46bd7
53911
52b00
4e537
4ee98
530a3
4ee99
4f346
530a4
50332
52b03
46d87
47c86
46c97
49da1
50418
49ada
46d8b
5041a
46c9b
48424
4b9e3
47b96
46f5e
49cb5
46c9e
499ec
46c9f
4ac8b
474f8
46ca1
4ac8c
474fa
46ca3
4b246
474fc
46f66
48bda
4a61f
47238
4a620
47239
4a8da
4723a
53189
499ef
46cab
474fe
506fa
4a428
5344e
4ac90
46caf
4f7eb
47502
53450
506ff
49da3
52ec0
4e625
46cb4
4a344
46cb5
4f431
4a345
46cb7
4ee9c
4a347
53452
4f433
4a349
46cbb
4a429
5041c
49da6
49628
4f604
49629
4fe7b
499f3
46cc0
53454
4b156
4a9c7
46cc3
5041f
4e712
52bf0
4ef89
53455
50420
4f51d
46cc8
53193
50423
4ee9e
52bf2
4e714
46ccd
4fe7f
46cce
52bf4
4f520
50425
46d8d
4704f
48525
46d8f
47f6b
475e8
4a431
47052
4a432
47053
4ad84
49da9
47055
4b60c
4a7eb
47057
4bbc7
4ad87
48ccc
4a165
4732a
4a166
4732b
4a9cc
4732c
5327b
49ae1
46d9d
475f0
507ec
4a526
53540
4ad89
46da1
4f8dd
475f4
53542
507f1
49e9b
52fb2
4e717
46da6
4a527
5050e
49e9e
49545
4a9ce
49546
46daa
4a9cf
49548
52cdf
4e719
46dad
52ce0
4f526
4971c
4f6f6
4971d
4ff6d
49ae5
46db2
53546
4ac9c
4aac2
46db5
50511
4e80a
52ce2
4ead5
53547
50512
4f06d
46dba
53285
50515
4ef90
46dbd
4e80c
52ce5
4e80d
46dc0
4f071
5354c
4f52b
46e75
46f68
4b42c
49cbb
4b42d
4971f
46e79
4b42e
50bbd
46e7c
4b065
4962c
4b066
47332
50ac9
4b067
47334
49368
4a7ee
47413
4a7ef
47414
4b069
47415
53917
49bcd
46e86
476e8
4a43f
46e88
49bcf
46e89
4b33e
47c8c
46e8b
4b430
47c8e
46e8d
4b9e4
47c90
476f0
4abb9
53919
4ff73
46e92
4bcbc
47c95
50e9f
4b435
46e95
46e96
4aacb
46e97
4f073
49633
4b06d
49634
46e9a
4b06e
49636
5337d
4edb1
46e9d
5337e
4f60e
49720
4b15a
46ea0
4f6fd
4b06f
49dad
4fd8e
49dae
5060b
4a444
46ea5
4f611
4b437
4abbe
5391e
4f166
46ea9
4fd91
46eaa
53381
50bc3
4b15c
46ead
53be7
46eaf
53922
4f168
4eea5
53383
4f612
53924
50bc6
53385
47059
47f6d
46f6f
4a621
50700
49db0
4705d
50702
46f73
49cbf
4f43a
499f5
5345c
49cc0
53cca
4abc4
46f77
4f43e
4f43f
49724
4b160
47d7c
4b161
47d7d
46f7c
4b43c
47d7f
46f7e
4b801
47d81
46f80
53ccf
46f82
50064
47d85
53460
4af75
50f90
4b803
46f86
50f92
50069
49726
4f16a
4a624
53733
4a538
4f706
4a539
49cc6
53cd3
4eea8
4972b
53461
4abcc
4972d
53cd5
4a625
4f7ee
49db2
46f93
53463
4ef92
52bf6
4f257
52ec5
4f70c
4aca1
46f98
50707
4ef94
52ec6
4f259
53cd7
50708
4f7f3
46f9d
4f70d
5070a
4f7f5
4eeaa
53cda
46fa2
50154
46fa3
50155
4f70f
46fa6
4f7f7
53cdd
47060
4ad8f
49904
4ad90
4714e
507f3
4ad91
47150
4954c
4a9d2
475f7
4a9d3
475f8
4aca4
475f9
5354f
49db5
4706a
478cc
4a627
4706c
49db7
4706d
4b52d
47e70
4706f
4b614
47e72
47071
4bbc8
47e74
478d4
4a7f3
53551
4fbab
47076
4b8f4
47e79
51083
4b619
47079
4707a
4a70d
4707b
4f25d
49819
4aca8
4981a
4707e
4aca9
4981c
52fb5
4ef9b
47081
52fb6
4f7fc
49906
4ad92
47084
4f8e1
4acaa
49f91
4ff78
49f92
50243
4a62c
47089
4f7ff
4b61b
4a7f8
53556
4f350
4708d
4ff7b
4708e
52fb9
507fb
4ad94
47091
53dcb
4ff7c
4f353
5355a
4f260
52fbb
4f800
5355c
507fe
52fbd
4723d
48151
47153
4a25b
508e4
49f94
47241
508e6
47157
49ea5
4b61e
49909
53eae
4a16e
4741b
53eaf
4b166
4741d
53eb0
4b707
4741f
4715f
476f1
4a53b
47161
4a53c
47162
4a7ff
47163
4f07b
476f5
53644
47166
4fc9c
479bd
53646
4b168
51174
4b9e8
4716a
51176
4fca1
4990c
4f354
4a25e
53927
4a170
4f8ea
4a171
49eac
53eb7
4eae0
49911
53647
4a806
49913
53eb9
4a25f
4f9d2
49f96
47177
53649
4ebca
52dda
4f441
530a9
4f8f0
4ad9d
4a8e9
508ea
4f9d5
4a8eb
50336
4ebcd
5364b
4f9d6
4a8ee
53ebc
508ee
4f9d9
4eae2
4f359
47186
50338
5006f
53ebf
4f8f3
4718a
4f9db
53ec1
47244
4af77
49ae8
4af78
47338
509d7
4af79
4733a
47aa5
4a8ef
4750b
4a8f0
4750c
4b711
4a263
4750e
4bad7
4acad
47510
4c095
4b24e
47aad
4972e
4ae8d
49187
4f171
499fc
4f172
499fd
539f9
4ae8f
477e8
4a9d7
53737
4fd95
4725a
4bad9
47ab1
50cbb
4b251
4725d
4725e
4a8f3
4725f
4f447
499ff
4ae90
49a00
47262
4ae91
49a02
53199
4ebd3
47265
5319a
4f9e0
49aea
4af7a
47268
4fac5
4a9da
50426
4ecbd
52921
4ae92
4a266
4726d
4f9e3
4b253
4a9dc
5373c
4f534
47271
4fbb3
47272
5319d
509df
4af7c
47275
53a03
47277
53740
4f536
4ecc1
5319f
4f9e4
53742
509e2
531a1
475fc
4a353
4733c
4a08a
4733d
4b257
47b9a
4733f
4b344
47b9c
47341
4b8f6
47b9e
47604
49278
4a715
478d6
4a716
478d7
4af80
478d8
53827
4a08d
47349
47ba0
50daa
4aad6
53aec
4b348
4734d
4fe89
47ba4
53aee
50daf
4a447
5355e
4ecc3
47352
4aad7
50acc
4a44a
49af1
4af82
49af2
47356
4af83
49af4
5328b
4ecc5
47359
5328c
4fad2
49cc8
4fca2
49cc9
50519
4a091
4735e
53af2
4b25b
4b076
47361
50acf
4edb6
5328e
4f081
53af3
50ad0
4f619
47366
53831
50ad3
4f53c
47369
4edb8
53291
4edb9
4736c
4f61d
53af8
4fad7
47421
47514
4b9e9
4a267
4b9ea
49ccb
47425
4b9eb
5117b
47428
4b624
49bd8
4b625
478de
51087
4b626
478e0
49914
4ada2
479c3
4ada3
479c4
4b628
479c5
53ec3
4a179
47432
47c98
4a9ef
47434
4a17b
47435
4b8fb
48247
47437
4b9ed
48249
47439
4bfa4
4824b
47ca0
4b16d
53ec5
4d04d
4743e
4c27c
48250
50521
4b9f2
47441
47442
4b07f
47443
4f61f
49bdf
4b62c
49be0
47446
4b62d
49be2
53929
4f35d
47449
5392a
4fbba
49ccc
4b719
4744c
4fca9
4b62e
4a359
5033a
4a35a
50bc9
4a9f4
47451
4fbbd
4b9f4
4b172
53eca
4f712
47455
5033d
47456
5392d
51181
4b71b
47459
54193
5392e
4f35f
4f714
53ecf
4f715
4fbbe
53ed0
51184
53931
47605
48528
4751b
4abd1
50cbe
4a35c
47609
50cc0
4751f
4a26b
4f9e6
49fa1
53a08
4a26c
54276
4b178
47523
4f9ea
4f9eb
49cd0
4b71f
48337
4b720
48338
47528
4b9f9
4833a
4752a
4bdc1
4833c
4752c
5427b
4752e
4d13e
48340
53a0c
4b534
50612
4bdc3
47532
50614
4d143
49cd2
4f716
4abd4
53cdf
4aae8
4fcb2
4aae9
4a272
5427f
4f454
49cd7
53a0d
4b180
49cd9
54281
4abd5
4fd9a
4a35e
4753f
53a0f
4f53e
531a2
4f803
53471
4fcb8
4b260
47544
50cc5
4f540
53472
4f805
54283
50cc6
4fd9f
47549
4fcb9
50cc8
4fda1
4f456
54286
4754e
50712
4754f
50713
4fcbb
47552
4fda3
54289
4760c
4b34e
49eb0
4b34f
476fa
50db1
4b350
476fc
49af8
4af86
47ba7
4af87
47ba8
4b263
47ba9
53afb
4a361
47616
47e7c
4abd7
47618
4a363
47619
4baea
4842b
4761b
4bbd1
4842d
4761d
4c188
4842f
47e84
4ada7
53afd
4d231
47622
4beb4
48434
50159
4bbd6
47625
47626
4acc1
47627
4f809
49dc5
4b267
49dc6
4762a
4b268
49dc8
53561
4f547
4762d
53562
4fda8
49eb2
4b351
47630
4fe8d
4b269
4a53d
50524
4a53e
50801
4abdc
47635
4fdab
4bbd8
4adac
53b02
4f8fc
47639
50527
4763a
53565
50db9
4b353
4763d
54377
50528
4f8ff
53b06
4f80c
53567
4fdac
53b08
50dbc
53569
477e9
4870c
476ff
4a80b
50ea2
4a540
477ed
50ea4
47703
4a451
4bbdb
49eb5
5445a
4a71e
479cb
5445b
4b725
479cd
5445c
4bcc4
479cf
4770b
47ca1
4aaeb
4770d
4aaec
4770e
4adb3
4770f
4f627
47ca5
53bf0
47712
4d322
47f78
53bf2
4b727
5024a
4bfa8
47716
5024c
4d327
49eb8
4f900
4a80e
53ed3
4a720
4fe96
4a721
4a458
54463
4f08c
49ebd
53bf3
4adba
49ebf
54465
4a80f
4ff7e
4a542
47723
53bf5
4f176
53386
4f9ed
53655
4fe9c
4b35c
4ae9d
50ea8
4ff81
4ae9f
508f4
4f179
53bf7
4ff82
4aea2
54468
50eac
4ff85
4f08e
5446a
47732
508f6
47733
508f7
4fe9f
47736
4ff87
5446d
477f0
4b536
4a094
4b537
478e4
50f95
4b538
478e6
48060
49fa6
4b44a
48062
4b44b
48063
477f9
4bccf
48065
477fb
4c098
48067
477fd
53fa3
49cda
4b44c
49733
4f71d
49fa8
4f71e
49fa9
53fa5
4b44e
47d98
4af8b
53ce3
4ce69
47806
4c099
4806c
50343
4b80e
47809
4780a
4aea7
4780b
4f9f3
49fab
4b44f
49fac
4780e
4b450
49fae
53745
4f17f
47811
53746
4ff8c
4a096
4b539
47814
50071
4af8e
509e4
4f269
52ecd
4b451
4a816
47819
4ff8f
4b810
4af90
53ce8
4fae0
4781d
5015f
4781e
53749
50f9d
4b53b
47821
53faf
5374a
4f181
4fae2
53ced
4fae3
4ff90
53cee
50fa0
5374d
47bac
48153
4af95
47bae
4af96
47baf
4b900
4a905
47bb1
4c189
4b35e
47bb3
4c752
4b903
49824
4acc9
47e86
4acca
47e87
4b53f
47e88
53dd3
4a639
478f5
4815b
50432
4b08a
54098
4b905
478f9
4cf5d
4815f
5409a
50437
4a9f7
53b0a
4f26f
478fe
4b08b
5108a
4a9fa
4a09d
4b541
4a09e
47902
4b542
4a0a0
53837
4f271
47905
53838
5007e
4a274
5024e
4a275
50ad7
4a63d
4790a
5409e
4b818
4b635
4790d
5108d
4f362
5383a
4f62d
5409f
5108e
4fbc5
47912
53ddd
51091
4fae8
47915
4f364
5383d
4f365
47918
4fbc9
540a4
50083
479d1
4b093
4d328
4a818
47ac5
4d32a
479d5
4afa1
4d236
4a726
47e8d
4d238
479d9
4a727
4fea0
4a45b
5446e
4a728
54734
4b63a
479dd
4fea4
4fea5
4a188
4bbe6
48800
4bbe7
48801
479e2
4bebb
48803
479e4
4c846
48805
479e6
54739
479e8
4d5fe
48809
54472
4b9ff
50ade
4c848
479ec
50ae0
4d603
4a18a
4fbca
4b096
54199
4afa6
50162
4afa7
4a72e
5473d
4f908
4a18f
54473
4b642
4a191
5473f
4b097
4d32c
4a81a
479f9
54475
4f9f8
5365c
4fcbd
53ed7
50168
4bbeb
4b72f
50256
4d32f
4b731
47a01
54477
4f9fa
53ed9
4fcbf
54742
5025a
4d333
4d334
5025d
47a08
5447b
4fbcf
508fc
54746
508fd
47a0d
54747
4a90b
4c09b
4a369
47ac9
4c09c
4ce71
4a54c
4bcd8
49fb3
4ff93
4a27a
4ff94
4a27b
54827
4bcda
48074
488f1
4a27c
4bcdb
488f3
4bcdc
488f4
47ad5
4bfb8
488f6
47ad7
4c38c
488f8
47ad9
5482b
4c0a1
47adb
50bcf
488fc
4d6f2
4baf2
5482d
4d6f4
488ff
49cdc
4f9fe
49cdd
53a1a
4a820
4bfb9
4a821
4a281
50260
4b73c
47ae6
4fcc5
4a284
47ae8
53fba
4a90d
4c0a4
4a36b
50347
50263
4b274
50ccc
4faeb
5374f
4bfba
4b275
50348
4ce75
4b277
47af2
53fbd
4faec
53a1f
4fdb1
54834
4bfbb
4ce78
4c0a7
47af8
53fc0
5034f
53a21
4fa03
4fdb2
53fc2
4fdb3
50266
53fc3
4a45c
4b90b
47ca8
4cf61
4b90c
47caa
4a0a4
4b545
48162
4b546
48163
4b81f
48164
540a7
4a911
47bc2
48437
4b18b
47bc4
4a913
47bc5
4c0a9
489e6
47bc7
4c190
489e8
47bc9
4c753
489ea
4843f
4b365
540a9
4d7e3
47bce
4c47f
489ef
50717
4c195
47bd1
47bd2
4b27f
47bd3
4fdb5
4a371
4b823
4a372
47bd6
4b824
4a374
53b0d
4faf3
47bd9
53b0e
50354
4a45e
4b90d
47bdc
4cf65
4b825
4aaed
50ae2
4aaee
50dbf
4b190
47be1
50357
4c197
4b36a
540ae
5043c
4cf69
47be6
50ae4
4b36e
50dc1
4b90f
47be9
54927
53b12
4cf6d
4feaa
540b3
4feab
4faf4
5492a
47bf0
53b15
47d99
4b455
47cac
4adc0
4b456
47cae
47f83
4acd1
47cb0
4aa02
47cb1
4c19b
4852c
47cb3
4c282
4852e
47cb5
4c849
48530
47f8b
49bec
4b645
4825d
4b646
4825e
4b913
4825f
5419b
4aa05
47cbd
48532
50806
4b458
54a10
4c286
47cc1
4d8d7
48536
54a12
5080b
4adc1
5447e
4f637
47cc6
4b374
47cc7
50443
4b375
47cc9
4feae
4b377
54a14
50445
4b379
47ccd
4b459
5052a
4adc4
4aa09
47cd0
4ff98
47cd1
50bd5
47cd2
54a16
4c19f
4ba04
47cd5
5052d
4d05a
4b45e
54a17
4ff9a
47cd9
50bd7
47cda
541a5
50531
50532
53c04
4f63a
54a1b
47ce0
50eb4
47ce1
50eb5
5044b
47d9d
4aeb1
4d144
4abe2
47e91
4d146
47da1
4aaf3
4c28c
4a553
54550
4adc6
48078
54551
4b827
4807a
54552
4bdc9
4807c
47da9
4834e
4b191
47dab
4b192
47dac
4b463
47dad
4fccb
48352
5428e
47db0
4d41a
48625
54290
4b829
50900
4c665
47db4
50902
4d41f
4a556
4ff9e
4aeb4
53fc5
4adc8
50534
4adc9
4aafa
54559
4f72a
4a55b
54291
4b46a
4a55d
5455b
4aeb5
4d148
4abe4
47dc1
5008a
47dc2
5071b
47dc3
54293
5053a
4ba0e
4b54d
5061e
4d14b
4b54f
47dc9
54295
4f816
53cf5
5008d
5455e
50622
4d14f
4d150
50625
47dd0
54299
4ffa3
5071e
54562
5071f
47dd5
54563
4a644
4baf8
4870e
4baf9
4870f
47e96
4bdd4
48711
47e98
4c755
48713
47e9a
54645
47e9c
4abe7
4fdba
4a379
5437e
4abe8
54646
4b556
47ea0
4fdbe
4fdbf
4bec3
47ea3
509f1
48718
4d50e
4b91c
54649
4d510
4871b
4a0a6
4f81a
4a0a7
53de2
4a732
4bec6
4a195
5016d
4aeba
50626
4aebb
4abec
5464b
4f81c
4a64d
54383
4b55c
4a64f
5464d
4f90c
5356a
4fbd7
53de5
5062b
4bdd6
4b55e
47eb8
4d23c
4bec8
47eba
53de6
50171
4b64f
51096
4f90f
54388
4d240
4bec9
47ec0
4d243
54652
53de9
4f81f
4fbda
5438c
4fbdb
5062e
5438d
4a826
4c292
4807f
4d8db
4c293
48081
4a734
4c1a0
48447
4d7e9
4c1a1
48449
4a46c
4b91d
48539
4b91e
4853a
4c1a3
4853b
54a1f
4acdd
47f99
4a196
4feb2
4a197
54480
4acde
4c484
4acdf
4a73b
50722
4bbfa
47fa0
50179
4a73e
47fa2
54a22
4adcd
4c576
4a829
50813
50725
4bce8
50eb6
4d337
53c09
4c485
4bbfe
47faa
4d8e0
4c578
47fac
5026a
4bcec
50eb9
4bced
47faf
54a26
4d8e4
4c579
47fb2
50eba
47fb3
50ebb
47fb5
54a29
5017a
47fb7
50728
54a2b
4a918
4bdd8
48171
4d421
4bdd9
48173
4a55e
4ba0f
4862b
4ba10
4862c
4c298
4862d
54565
4add1
4808b
4a288
4ffaa
4a289
53fc6
4add2
4c57a
4add3
4a82f
5081e
4bcf4
48092
50271
4a832
48094
54568
4aec1
4c668
4a91b
50905
50821
4b82e
50fa8
4ce7d
53cfb
4c57b
4b82f
50906
4d427
4b831
50faa
4ce7f
5456b
4d428
4b834
54ded
4c57c
4d42a
4c66b
480a4
50fac
480a5
50fad
480a7
5456f
50272
53fce
50824
54571
4aa0c
4beca
48263
4d513
4becb
48265
4a650
4bb01
4871d
4bb02
4871e
4bdde
4871f
54657
4aec5
4817d
4a37a
5009c
4a37b
540b8
4aec6
4c66c
4aec7
4a921
50910
4b83a
48184
50363
4a924
48186
5465a
4afb3
4c75a
4aa0f
509f7
50913
4b922
5109a
4cf6f
53ded
4c66d
4b83e
4818e
4d518
4c75c
48190
50454
4b926
5109d
4b927
48193
5465e
4d51c
4c75d
48196
5109e
48197
5109f
540bf
4d51f
50364
540c0
50916
54663
4aafe
4bfbc
48355
4d605
4bfbd
48357
4a198
4bbff
4880f
4bc00
48810
4bed0
48811
5474b
4afb7
4826f
4a46e
4fbe2
4a46f
541aa
4afb8
4c75e
4afb9
4aa15
50a02
4b92e
48276
5045b
4aa18
48278
5474e
4b0a5
4c84c
4ab01
50ae9
50a05
4ba14
5118c
4d061
53edf
4c75f
4b932
48280
4d60a
4c84e
48282
50546
4ba18
5118f
4ba19
48285
54752
4d60e
4c84f
48288
51190
48289
51191
541b1
4d611
5045c
4828d
50a08
54757
4abf0
4c0ae
4844b
4d6f7
4c0af
4844d
4a28a
4bcf9
48901
4bcfa
48902
4bfc2
48903
5483d
4b0a9
48361
4a560
4fcd4
4a561
5429c
4b0aa
4c850
4b0ab
4ab07
50af4
4ba20
48368
5054d
4ab0a
4836a
54840
4b197
4c392
4abf3
50bdb
4d152
53a24
4fdc1
5429f
50af7
4c851
4ba24
48372
4d6fc
4c394
48374
50638
4bb0a
50cd5
4bb0b
48377
54844
4d700
4c395
4837a
50cd6
4837b
50cd7
4837d
54847
5054e
4837f
50afa
54849
4a37c
4b83f
489f3
4b840
489f4
4c0b4
489f5
5492f
4b19b
48453
4a652
4fdc6
4a653
5438e
4ace4
4c487
4a743
5072b
4b475
50be4
4b476
4b19e
54c04
4fdc8
4abfb
54931
4bb14
4abfd
54c06
4d244
53b16
4feb9
54391
50be9
4c397
4bb16
48464
4d7ee
4c489
48466
50184
4bc06
50dc7
4bc07
48469
54936
4d7f2
4c48a
4846c
50dc8
4846d
50dc9
4846f
54939
50640
48471
50bec
5493b
4add8
4c853
48631
4de8d
4c854
48633
4ace6
4c761
489f9
4dd9b
4c762
489fb
4ace8
50734
4bc0c
54d02
4bb19
50cd8
4bb1a
4b298
552af
50460
4aced
54fd7
4c1b3
4acef
552b1
4bc0d
4de90
4b389
48551
54fd9
4d066
541b4
4d8e9
54a31
50cde
4c766
4c2a2
50dcc
4de93
4c2a4
50828
4d069
54fdb
4de94
4c2a7
552b4
50dd0
4de97
4d06a
54a34
4d06b
48560
54fdf
50dd3
54a36
50463
48565
552b9
4b47a
4cc1b
4aecb
48636
4cc1c
4d9d5
4bcfd
54df3
50557
4863a
4c2a9
4863b
50dd5
4c2aa
4863d
5082e
4c2ac
553a2
50dd7
4c2ae
48641
4bde6
50ebc
4bd00
4b38d
48644
4d42e
48645
50643
48646
553a4
4cc1e
4bde9
54b20
4d430
4864a
50645
4864b
54579
50ec1
4c2af
4864e
54b23
50ec3
4d432
54b24
4d433
4d9de
50ec5
48654
54b26
50831
50ddd
48726
4b841
4dac4
4b56d
48816
4dac6
4872a
4bdee
4872b
5091f
4aecf
4c39e
4aed0
4872e
4c39f
4aed2
54667
5064b
48731
54668
50eca
4afbe
4c48d
48734
4dac9
4c3a0
4b65c
50188
4b65d
50a0b
4bd03
48739
50ecd
4cd10
4bedb
54c12
4d522
4873d
5018b
4873e
5466b
50fb3
4c48f
48741
55499
5018c
5549a
5018d
50fb6
48745
5064c
5549c
48748
5466f
48906
4bfc8
48819
4b934
4bfc9
4881b
4aa1a
5018e
4aa1b
54758
4b570
4cd13
4b571
4afc3
50fba
4bee3
48822
50a13
4afc6
48824
54d04
4b660
4ce01
4b0b1
510a1
50fbd
4bfcb
50afc
4d33d
5448b
4cd14
4bee7
4882c
4dbbc
4ce03
4882e
5027c
4bfcf
50aff
4bfd0
48831
54d08
4dbc0
4ce04
48834
50b00
48835
50b01
5475f
4dbc3
50a14
48839
50fc0
54d0d
4b1a0
4c66f
489fd
4dca9
4c670
489ff
4b0b2
50b02
4ba28
54b29
4b939
510aa
4b93a
4b664
550cb
50282
4b0b7
54df5
4bfd7
4b0b9
550cd
4ba29
4dcac
4b753
48919
4d704
4891a
5036d
4891b
54df7
510b0
4c585
4c0be
51194
4dcaf
4c0c0
50bf0
4ce85
54df9
4dcb0
4c0c3
550d0
51198
4dcb3
4ce86
54850
4ce87
48928
54dfd
5119b
4892b
54dfe
4892d
550d5
4bb1c
54c1a
50373
48a02
4c1b6
50ce2
4bb1f
4b1a5
4c674
4b1a6
48a06
4c675
4b1a8
5493d
50375
48a09
5493e
511a0
4b38e
50464
4b38f
5073b
4b757
48a0e
551c0
4c94d
4c768
48a11
50ce5
4cf76
54940
4d7f9
551c1
50ce6
4dda3
48a16
54eed
50ce9
4d7fa
54eee
4d7fb
4dda6
551c5
48a1c
54ef0
50bf9
511a5
48aea
48fa4
49918
49fb6
49098
4ce08
4a563
4bfdc
49188
4cc24
49fb9
4936d
4c94f
48af5
49a0b
48af7
49fbc
4e262
48af9
4dbc5
4e263
48afb
4eae6
49fc0
52ddd
4bd04
48aff
51be6
4d61a
510b4
4d345
48b02
4dbc8
4bfe3
51366
48b05
48b06
4c67b
4d61d
4eae7
4d61e
4eae8
4d349
50b0a
48b0b
51273
4dbcd
4e267
48b0e
5136a
48b10
51820
4c0cc
48bdf
4a654
49a0e
48be1
531a4
4c67d
49826
48be4
4a37e
4bb20
48be6
49a0f
4a0ad
49bee
4ce88
4e62a
4a0b0
52377
4e62b
4a0b2
52922
52379
531a6
4c0d0
4bb21
48bf2
4dcb8
51456
4d70d
4c0d4
51a02
50379
48bf6
4c0d7
4c76c
5549e
4dcbb
5136c
4dcbc
51913
4d711
511a8
4ce90
48bfe
5145b
4e62f
5037b
54856
5145d
52196
48cd0
4927c
4aa1c
4c1bf
4927e
48cd4
51dca
49bf1
49550
4cb32
4c1c1
49552
49bf3
49b01
49ce0
4d7fc
4ecc8
4cf7b
48cde
4ecc9
4e448
53297
48ce1
48ce2
4c85e
4c1c3
4c1c4
5046a
48ce5
4ddab
4cf7e
51dcb
50741
4c1c8
51af5
4ce0b
48cec
4e449
48ced
4e44a
52287
4ddaf
5154c
4d804
4cf83
54947
4eccd
50743
48cf3
54949
48dc1
4909b
4cc27
4c2b1
4909d
49644
49ce2
49372
4cb37
4a28e
4c2b3
49461
4c954
48dcc
52dde
48dce
4de9a
5255a
4d8ef
49ce9
5255c
4e810
48dd2
49cec
4b482
4c955
4cc2b
4d06e
50832
4c2b7
5163b
4d8f2
48dd9
50ddf
5163d
51ebe
48ddd
4d071
4e811
4d072
4e812
48de0
5055e
54a38
4dea2
4d8f7
48de3
51552
50de1
51553
48de7
48fa5
49827
48eb5
4c67e
4cd1b
48eb8
4a37f
49739
48eba
52ece
4c3a8
49b02
48ebd
49828
48ebf
49dd9
4e07e
48ec1
4d9e1
4e07f
48ec3
4eeae
49ddd
52bfa
4bb22
48ec7
51a07
4d436
50ed0
4d161
48eca
4d9e4
4bdff
5172e
48ecd
48ece
4c498
4d439
4eeaf
4d43a
4eeb0
4d165
50926
48ed3
51643
4d9e9
4e083
48ed6
51732
48ed8
51beb
49648
48fa7
4a19c
4b93d
48fa9
49554
4982a
48fac
4c499
49ec8
49558
48faf
4991e
48fb1
49ecb
4e170
48fb3
4dad3
4e171
48fb5
4efa0
49ecf
52cec
4bc14
48fb9
51af9
4d528
50fc2
4d253
48fbc
4dad6
4bef1
51278
48fbf
48fc0
4c58c
4d52b
4efa1
4d52c
4efa2
4d257
50a18
48fc5
5127b
4d52f
4e175
48fc8
5127c
54673
51cdd
4c58d
490a1
4964a
4ade4
4ab10
4c58e
49ed3
4a657
4dbce
4f090
4d8f9
490a9
4f091
4e816
5365f
490ac
490ad
4dbd0
51916
50837
4c591
51918
4dbd2
490b1
4c594
4cc2d
4d8fd
510ba
4d25d
54d0f
4e17c
51824
4e17d
51dd0
4dbd6
4d901
54d10
4f095
490bc
51dd1
4c67f
49194
4ac01
4a659
4973e
49197
4a19d
4d43e
4ebdc
4a65c
52926
4ebdd
4a65e
52ed1
52928
53752
4d440
511aa
4d34d
491a1
4e26b
4d442
52835
491a4
491a5
4d34e
5092a
491a7
51a0d
4dcc6
4f185
4dcc7
4f186
4d446
491ab
51a0e
4ebe1
51921
491af
49375
4a0b5
4a19e
4982f
49288
5237a
4928a
4a1a1
4e9f8
4928c
4e35b
4e9f9
4928e
4f276
4a1a5
52fc4
4ce92
50a1a
4c774
51afb
4ddb5
4c776
520a5
51afd
5237c
49298
4e35f
54ef2
50cf3
4d536
4ecd1
4d537
4ecd2
4929c
51a11
4e363
4e9fd
4929f
54ef5
49376
4991f
49bfc
49379
53934
4ce12
520a7
4937d
4e44c
52b09
4dea5
4a295
52b0b
4edc2
49381
4a298
4c865
4e44e
49384
50de3
4d625
49386
4e450
4c869
52198
5127e
4dea9
51bf0
50b0f
4938c
4e541
4938d
4e542
5237d
4e454
4dead
49390
51b04
51bf3
5237e
49469
49a12
4b1ac
4a92c
4c3aa
49cef
4a473
4d9ea
4f458
4d715
49471
4f459
4e632
5347b
49474
49475
4d9ec
51cde
50bff
4c3ad
51ce0
4d9ee
49479
4c3b0
4ca49
4d719
50ed6
4d079
54b2b
4df98
51bf4
4df99
5219a
4d9f2
4d71d
54b2c
4f45d
49484
5219b
49ddf
4a474
49b05
4955e
52652
49560
4a477
4e722
49562
4e085
4e723
49564
4f54c
4a47b
5329a
4d168
50744
4c49e
51829
4dadf
4c4a0
51dd2
5182b
52654
4956e
4e089
54c1c
50fc9
4d80c
4efa7
4d80d
4efa8
49572
5182e
4dae5
4e727
49575
51ce9
4964d
49b07
4a47d
4ab11
49c00
49652
4ab13
4deae
4f096
4ab15
5338e
4f097
4ab17
53937
53390
53c0c
4d810
50de6
4d25f
4965c
4e72b
4deb2
52cf1
4965f
49660
4e185
552bb
50de9
4deb4
4f099
4deb5
4f09a
49664
51dd5
4e731
4edcb
49667
552be
49740
49cf0
4a570
49743
53cfc
49745
4ac07
4eeb8
49747
4e81b
4eeb9
49749
4f730
4ac0b
5347e
4d350
4e81c
4cc31
51fb9
4e275
4cc33
52563
51fbb
52de4
4d9f9
51fbc
4d905
49754
4eebb
49755
4eebc
52cf3
4e822
4e27b
49758
51ed0
51fbf
52cf4
49833
49de3
4b575
4acf4
52565
49838
4e90c
52fc5
4e365
4a74f
52fc7
4f27c
4983c
4a752
4cd22
4e366
4983f
50fcb
4dae9
49841
4e910
4cd26
52656
4d44a
50fcc
4ce99
554a0
4e912
51fc0
4e913
52566
4e36c
4daef
554a1
4f825
4984c
52567
4ce13
49926
4ade5
4a83d
4a1a9
4a92d
4e456
4f912
4dbd9
4992c
4f913
4eaf2
53ee1
4992f
49930
4dbda
5219c
4d53b
4ce16
5219e
4e45a
49934
4ce19
4cf8a
4ea03
49937
521a1
4e45c
4f915
4e45d
4f916
4dbe0
4993b
521a2
4f371
520b5
4993f
49b08
4a299
4a92e
49fc8
49a1a
4a930
4dcca
4f45e
4a932
531aa
4f45f
4a934
53753
531ac
53a28
4d62c
511ae
4d07b
49a24
4e547
4dcce
52b0d
49a27
49a28
4dfa1
550d7
511b1
4dcd0
4f461
4dcd1
4f462
49a2c
521a5
4e54d
4ebe7
49a2f
550da
49b09
4a0b9
4b29f
4afca
5283b
49b0e
4e636
5329b
4e08f
4aa25
5329d
4f552
49b12
4aa28
4ca4c
4e090
49b15
50cf5
4ddbf
49b17
4e63a
4ca50
52383
4d720
50cf6
4d16f
551ca
4e63c
52296
4e63d
5283c
4e096
49b1f
52297
4fafb
551cc
5283d
4aa29
4b0bd
4a1ac
49c04
4b0bf
4e460
4f642
4b0c1
5393a
4f643
4b0c3
53ee3
5393c
541b8
4ddc6
51463
4d815
49c0e
4f375
49c0f
4f376
531ad
4ecdf
4e466
49c12
52386
49c14
531ae
49cf4
4b75a
4b1b1
4ab1d
4b1b2
4e824
4fcda
4dfa7
49cfa
4fcdb
4f466
542a9
49cfd
49cfe
4dfa8
52568
4deb9
4dfa9
4f737
4dfaa
4f738
49d02
51557
4e82a
4f469
49d05
5247d
49de5
4a38f
4bb23
4b2a1
52b11
49dea
4eebe
53571
4e917
4acfb
53573
4f828
49dee
4acfe
4d170
4e918
49df1
51648
4e919
4fdcf
4e91a
4fdd0
4e09d
5265c
4eec4
4f82b
5164a
49df9
4a480
4a754
49ed9
5448c
49edb
4adeb
4f09c
49edd
4efb1
4f09d
49edf
4fec0
4adef
53c0e
4d53e
4efb2
4d263
5274d
4efb3
5265e
4efb4
52c04
4ea0d
49ee7
5265f
4fec3
5274f
52c05
4a845
4aeda
4a574
49fcc
4aedc
4e27c
4fa0a
4aede
53756
4fa0b
4aee0
53cff
53758
53fd4
4dbe2
5127f
4d631
49fd6
4f191
49fd7
4f192
52fc9
4eafb
4e282
49fda
52752
49fdc
52fca
4a0bc
4b576
4afcd
4a939
4b0c6
4e640
500a2
4e36f
4a0c2
500a3
4f282
540c5
4a0c5
4a0c6
4e370
52388
4dcd5
4e371
4faff
4e372
4fb00
4a0ca
51373
4e646
4f285
4a0cd
52845
4a1ad
4a757
4bef4
4bc17
52ed9
4a1b2
4f286
53ee5
4ece2
4b66f
53ee7
4fbf0
4a1b6
4b672
4d540
4ece3
4a1b9
51a15
4ece4
5019b
4ece5
5019c
4ea14
52a24
4f28c
4fbf3
51a17
4a1c1
4a848
4b0c8
4a2a1
54858
4a2a3
4b760
4fa10
4a2a5
4f379
4fa11
4a2a7
5028c
4b764
53fd6
4deba
4f37a
4d633
52b15
4f37b
52a26
4f37c
52fcc
4edd8
4a2af
52a27
5028f
52b17
52fcd
4b1b9
4b2a3
4a93c
4a394
4b2a5
4e647
4fdd2
4b2a7
53b1e
4fdd3
4b2a9
540c7
53b20
5494c
4dfad
51bf8
4da01
4a39e
4fb05
4a39f
4fb06
5393d
4f46f
4e64d
4a3a2
52b1a
4a3a4
5393e
4a484
4b940
4b396
4ad01
4b486
4efb7
5046e
4e73a
4a48a
5046f
4f64a
54a3d
4a48d
4a48e
4e73b
52cf8
4e0a0
4e73c
4fec7
4e73d
4fec8
4a492
51cec
4efbd
4f64d
4a495
52c0d
4a575
4ab1f
4c2bc
4ba33
532a1
4a57a
4f0a2
53d01
4eafe
4b48c
53d03
4ffb8
4a57e
4b48f
4d908
4eaff
4a581
51831
4eb00
50563
4eb01
50564
4e830
52dec
4f0a8
4ffbb
51833
4a589
4ac10
4aee4
4a669
54674
4a66b
4b57c
4f82c
4a66d
4f195
4f82d
4a66f
50654
4b580
5439e
4dcd6
4f196
4d44f
52935
4f197
52dee
4f198
53394
4ebf4
4a677
52def
50657
52937
53395
4b582
4bc18
4ad04
4a75c
4bc1a
4efbe
5019e
4bc1c
54492
5019f
4bc1e
54a3f
54494
54d14
4e924
51fc4
4e378
4a766
4fecd
4a767
4fece
53d05
4f837
4efc4
4a76a
52ede
4a76c
53d06
4a84c
4c2bd
4bd0c
4b676
4bd0d
4f37f
5083a
4eb05
4a852
5083b
4ffbe
54e05
4a855
4a856
4eb06
530c0
4ea17
4eb07
50293
4eb08
50294
4a85a
520b8
4f385
4ffc1
4a85d
52fd5
4a93d
4aee7
4c687
4be04
53669
4a942
4fa16
540c9
4f472
4b856
540cb
50384
4a946
4b859
4dcd8
4f473
4a949
521a9
4f474
5092f
4f475
50930
4ebfb
531b4
4fa1c
50387
521ab
4a951
4afd8
4b2ad
4aa31
54fe8
4aa33
4b946
4fbf4
4aa35
4fb09
4fbf5
4aa37
50a20
4b94a
5476a
4e0a1
4fb0a
4ddcb
532a5
4fb0b
531b6
4fb0c
5375c
4f568
4aa3f
531b7
50a23
532a7
5375d
4b39e
4ba35
4b0cc
4ab24
4ba37
4edda
50566
4ba39
542ae
50567
4ba3b
5485b
542b0
54b30
4e740
51de0
4e194
4ab2e
4fce9
4ab2f
4fcea
53b21
4f653
4ede0
4ab32
532aa
4ab34
53b22
4ac14
4c0d9
4bb28
4b492
4bc21
4f19b
50c02
4eecd
4ac1a
50c03
4fdda
54c21
4ac1d
4ac1e
4eece
52ee0
4e833
4eecf
5065b
4eed0
5065c
4ac22
51ed4
4f1a1
4fddd
4ac25
5339d
4ad05
4b2b0
4ca52
4c77b
53a31
4ad0a
4fdde
54a41
4f83a
4c1d2
54a43
50750
4ad0e
4c1d5
4e0a3
4f83b
4ad11
52571
4f83c
50cfb
4f83d
50cfc
4f56f
5357c
4fde4
50753
52573
4ad19
4b3a1
4bc23
4adf9
553b1
4adfb
4c2c3
5056c
4adfd
4fed1
5056d
4adff
50dec
4c2c7
54b32
4ea18
4fed2
4e196
5366d
4fed3
5357e
4fed4
53b24
4f930
4ae07
5357f
50def
5366f
53b25
4bd14
4be06
4b495
4aeec
4be08
4f1a2
50932
4be0a
5467a
50933
4be0c
54c23
5467c
554a5
4eb0b
52754
4e55f
4aef6
50661
4aef7
50662
54495
4ffc7
4f1a8
4aefa
53672
4aefc
54496
4afdc
4c4a4
4bef9
4b85c
4bfe9
4fb0f
50fce
4f295
4afe2
50fcf
501a6
55596
4afe5
4afe6
4f296
53850
4ebfe
4f297
50a27
4f298
50a28
4afea
52848
4fb15
501a9
4afed
53765
4b0cd
4b678
4ce1a
4c597
53df9
4b0d2
4fbfa
5485d
4f656
4bfef
5485f
50b18
4b0d6
4bff2
4e46b
4f657
4b0d9
5238d
4f658
510c3
4f659
510c4
4f38b
53944
4fc00
50b1b
5238f
4b0e1
4b769
4ba3f
4b1c1
551cd
4b1c3
4c0df
50388
4b1c5
4fced
50389
4b1c7
511b4
4c0e3
54efa
4e834
4fcee
4dfb2
5348d
4fcef
53946
4fcf0
53eec
4f74c
4b1cf
53947
511b7
5348f
53eed
4c0e5
4cd29
53fdd
4b2b6
4fde5
54fed
50a2b
4b2b8
50d00
4fb17
4b2ba
4b2bb
4ce9f
50a2d
4cea0
50a2e
4b2be
53a35
4f47f
52b1c
4eed6
4b2c1
52b1e
4fdeb
52b1f
4b2c5
4b94f
4c86f
4c1d8
4c870
4f65c
50df0
4cf8f
550de
50b1e
4c874
54b35
550df
4b3ae
50482
4b3af
50483
54953
50df5
4efc7
50484
4e745
53c19
50485
4f662
4b3b5
53b2d
4b496
4ba42
4b498
4c3b6
4d080
50c0e
4c3b8
5164c
4d082
4b49d
50573
5164d
54c28
4ffcb
53c1c
4ffcc
541c2
50c13
4e836
4ffcd
4b4a4
52d01
4ffce
4b4a6
53c1e
4b4a8
54a46
4b589
5173d
4b58b
4c4a9
50664
4b58d
50fd5
4c4ab
54d18
500bc
4c4ad
4c4ae
4f842
50fd7
4f843
50fd8
4d177
4b595
4f844
53dfc
4f1aa
4f845
53dfe
5066a
53dff
542b5
4bf01
4cb45
543a5
4b67e
4fc01
54e09
50847
4b680
510c8
4f933
4b682
4b683
4d267
50849
4d268
5084a
4b686
53e01
4f29b
52938
4ecf2
4b689
5293a
4fc07
5293b
4b68d
4bd17
4c68b
4bff4
4c784
4fa24
511b8
4d357
554a6
5093a
4c690
54efd
554a7
4b776
5029e
4b777
5029f
5476f
511bd
4ede3
502a0
4e561
53a39
502a1
4fa2a
4b77d
53ef5
4b85f
4c694
4ce1c
4d450
50fda
4cea3
51a18
4d452
4cd2e
5559c
51a19
4b868
50397
4b869
50398
54e0d
50fdf
4f481
50942
4ec02
540d3
50943
500c8
4b86f
53fe3
4b951
4c786
4ce1d
4d542
510cc
4cf95
51b0a
4d544
4ce21
550e2
51b0b
4b95a
50489
4b95b
5048a
54eff
510d1
4f573
50a34
4ecf4
541c5
50a35
4fc0e
4b961
540d9
4ba43
4c878
4ca54
4d634
511be
4d087
51bfc
4d636
4c967
551d4
51bfd
4ba4c
5057b
4ba4d
5057c
54ff1
511c3
4f0b9
50b26
4ede6
542b7
50b27
4fd00
4ba53
541cb
4bb35
4c3be
4cb46
4d726
50d04
4d179
51cee
4d728
4ca59
552c6
51cef
4bb3e
5066d
4bb3f
5066e
54b37
50d09
4f1ab
50c18
4eed8
543a9
50c19
4fdf2
4bb45
542bd
4bc27
4c4b0
4cc38
4d818
50df6
4d26b
51834
4d81a
4cb4b
553b8
51835
4bc30
501b3
4bc31
501b4
54c29
50dfb
4f29d
5075e
4efca
5449b
5075f
4fee4
4bc37
543af
4bd19
4c5a2
4cd31
4d90a
50ee8
4d35d
51926
4d90c
4cc3d
554aa
51927
4bd22
502a5
4bd23
502a6
54d1b
50eed
4f38f
50850
4eb10
53fe5
50851
4ffd6
4bd29
544a1
4be12
4cc41
4d456
50eee
4d457
50eef
4d180
4be17
50674
54682
4ffd8
50675
54684
50ef2
54685
54b3b
4cd32
4bf06
501b8
4bf07
501b9
554ac
4daf8
4fb1f
50fe2
4f2a0
54775
50fe3
501bc
4bf0d
54689
4bff6
4ce25
4d63a
510d2
4d63b
510d3
4d364
4bffb
502ac
54866
4fc10
502ad
54868
510d6
54869
54d1f
4c96a
4c0ea
5039c
4c0eb
5039d
550e4
4dcdc
4f757
511c6
4f484
54959
511c7
503a0
4c0f1
5486d
4c1da
4ca5d
4d81e
50d0a
4d81f
50d0b
4cf9c
4c1df
50490
54a4a
4fdf4
50491
54a4c
50d0e
54a4d
54f03
4cb4e
4c2ce
50580
4c2cf
50581
552c8
4dec0
4f93b
50dfe
4f0bc
54595
50dff
50584
4c2d5
54a51
4c3c0
4dfb3
550e6
4da08
54b3c
4ffd9
53c20
50c23
4c3c4
54b3d
4dfb5
4ffda
4c3c7
53c23
4c4b2
4e0a5
551d8
4dafa
54c32
500cb
53d12
50769
4c4b6
54c33
4e0a7
500cc
4c4b9
53d15
4c5a4
4e197
552ca
4dbec
54d24
4fc11
53e04
5085b
4c5a8
54d25
4e199
4fc12
4c5ab
53e07
4c696
4e289
553bc
4dcde
54e16
4fd03
53ef6
5094d
4c69a
54e17
4e28b
4fd04
4c69d
53ef9
4c788
4e37b
554ae
4ddd0
54f08
4fdf5
53a3c
50a3f
4c78c
54f09
4e37d
4fdf6
4c78f
53a3f
4c87a
4e46d
555a0
4dec2
54ffa
4fee7
53b2e
50b31
4c87e
54ffb
4e46f
4fee8
4c881
53b31
4c96c
4dfb6
51b0c
4dce1
550e8
4fd05
541cc
4d643
4c970
550e9
4e564
50588
4c973
541cf
4ca5e
4e0a8
51bfe
4ddd3
551de
4fdf7
542be
4d735
4ca62
551df
4e656
5067a
4ca65
542c1
4cb50
4e19a
51cf0
4dec5
552d0
4fee9
543b0
4d827
4cb54
552d1
4e748
501c0
4cb57
543b3
4cc42
4e28c
51836
4da0b
553c2
4ffdb
544a2
4d919
4cc46
553c3
4e83a
502b2
4cc49
544a5
4cd34
4e37e
51928
4dafd
554b4
500cd
53fe8
4d45f
4cd38
554b5
4e92c
503a4
4cd3b
53feb
4ce26
4e470
51a1a
4dbef
555a6
4fc13
540da
4d551
4ce2a
555a7
4ea1e
50496
4ce2d
540dd
4ceb5
4cfa8
555aa
53b32
555ab
51472
4ceb9
54961
56b59
5137e
4d370
5137f
54f0d
4d372
56a6d
53fed
4d374
4daff
51654
4d462
50ff0
503a5
54598
500d0
4cec5
55001
50ff4
4cec7
51a1c
50ff6
5468a
4d469
5468b
4d46a
555af
53ff1
4d46c
4cecd
4d46e
5468c
4cecf
5468d
4ced0
54f0f
4ced1
59565
4d472
5d762
4ced4
50a43
554c2
4e386
4d737
4ec03
4ced7
4e658
4dce5
54870
4d73a
511d4
51383
4d73c
53ff5
4cedc
54873
4dcea
4cede
51cf2
4dcec
4d741
599ec
53a45
599ed
4cee3
552d6
4dcf1
56e15
5147b
4cee6
55f77
4dcf4
599f0
55f79
4fdf9
53a46
4fb24
50d1c
53a47
502b4
50d1d
4ceee
5376e
54f14
531bf
5d204
53a49
50a4b
5d205
54a52
50a4d
5d206
55008
50d25
55009
4cef7
5938f
50a52
565dc
54a55
5d209
565de
50a55
50d26
540e2
4cefd
540e3
4cefe
54962
4ceff
58fe9
50d2a
5d20d
4cf02
54876
4cf03
599f1
554c6
53b34
555b2
5147e
56b5b
5573c
51480
4cf09
54f1c
4cf0a
592a5
53a50
4cf0c
554c7
53a52
5d766
55656
54f20
5d767
58fef
53b35
56b5e
55657
5500f
59394
55da1
5ca03
5573f
4cf16
5d212
565e2
5d76a
565e3
4cf19
5d76b
55659
4cf1c
55743
5d76d
590d4
5d76e
590d5
592a8
4cf21
4d099
4dfba
4cfaf
541d4
566c4
54b46
4d09d
566c6
4cfb3
4ea1f
555b5
4e476
4d557
510e3
4cfb6
50a57
510e5
4cfb8
54b47
510e7
4cfba
53e08
555b6
5385d
5d2e9
540e8
4d55f
5d2ea
550f7
510ed
53e0a
555b9
5385f
5964d
53b36
5964e
53b37
5d2ed
555bb
4d567
4dec7
51481
4d646
50e0c
4e479
51a1f
4ddd8
4cfca
5076d
551e2
5049a
4d82d
54969
51484
55017
4dddd
4cfcf
51838
4dddf
4cfd1
59acf
51839
4d834
55018
4d835
5156b
56efe
54b49
4cfd7
56f00
5183b
59ad3
56062
4cfda
4cfdb
50b37
5496c
5049c
503ad
5496d
4cfdf
54b4b
50e10
541d6
50b3b
541d7
50b3c
5501a
53b3e
50b3e
553ca
5459a
50b40
4cfe7
50b42
59478
542c3
5cd94
54b50
4cfeb
5614b
50b46
5cd96
5947d
53862
5501c
532b3
590d7
53586
590d8
53587
5d595
5501e
50e1d
53b42
555bf
5496f
51488
4cff7
54a5a
566c8
550fa
51571
5d2f1
566cb
53b43
5939a
54a5c
5d597
54970
540f3
59ad7
55749
53b47
4d001
5939c
53b49
5cd9c
54a5d
540f4
4d005
5614e
4d006
591bb
4d007
59ada
5582a
54b58
59480
54b59
59481
5582b
5574c
5cda0
566d0
59add
55e8e
59ade
55e8f
4d012
5cda3
5939f
4d0a0
54c3a
51656
54c3b
4d18e
567af
542c7
4d190
4dcf6
5128d
4d648
511d6
50589
54784
4fd08
4d0a9
51c00
511da
4d0ab
54c3e
511dc
54879
4d64f
5487a
4d650
551e8
541df
4d652
4d0b1
4d654
5487b
4d0b3
5487c
4d0b4
54b5a
4d0b5
59739
4d658
5d3d2
4d0b8
50c29
55103
4dfbe
4d91b
4ede7
4d0bb
4e83c
4decb
54a5e
4d91e
50e1f
51575
4d920
541e3
4d0c0
54a61
4ded0
4d0c2
51c01
4ded2
4d925
59bb4
53c2b
59bb5
4d0c7
554cb
4ded7
56fe9
51660
4d0ca
55bcf
4deda
59bb8
55bd1
4ffdd
53c2c
4f75c
50f00
4d0d0
541e6
50f01
4d0d2
53952
54b5f
533a3
5ce74
53c2f
50c31
5ce75
54693
50c33
5ce76
54c44
50f09
54c45
4d0db
59569
50c38
56234
54696
5ce79
56236
50c3b
50f0a
542ca
4d0e1
542cb
4d0e2
5459f
4d0e3
591c3
50f0e
5ce7d
4d0e6
54a64
4d0e7
59bb9
55107
53d1c
551eb
51663
567b3
55910
51665
4d0ed
54b67
4d0ee
59485
53c36
4d0f0
55108
53c38
5d3d6
55834
54b6b
5d3d7
591c9
53d1d
567b6
55835
54c4b
5956e
55f7b
5cbcb
55913
4d0fa
5ce82
5623a
5d3da
5623b
4d0fd
5d3db
55837
4d100
55917
5d3dd
58d2c
5d3de
58d2d
59488
4d105
4d27d
4e19e
4d193
543b8
56898
54d2e
4d281
5689a
4d197
4e92f
51ed7
4e0ae
4d476
50f10
4d19a
50954
4da13
4d19c
53d1e
551ee
51669
4d47b
555c3
5174d
4d47d
4d1a1
555c4
4da1a
551ef
4da1b
4e0af
51c03
4ddeb
4d1a6
50c3c
54b6e
5067e
4d74a
552e0
5174f
4d74c
5d4b4
53498
54f24
50d36
54f25
50d37
4d1ae
551f3
50d39
4d752
5349a
54f26
4d754
54f27
4d755
551f5
4d756
59c99
542d6
4d1b6
4d836
50ffc
4d1b8
50770
51751
570d2
54d31
4d1bb
570d4
51a23
59c9b
55cba
4d1be
4d1bf
50771
545a9
50680
50591
50682
4d1c3
54d33
51001
543ba
50775
543bb
50776
54d34
53d26
50778
555c7
54786
5077a
4d1cb
5077c
59652
544a7
5cf5c
54d38
4d1cf
5631f
50780
5cf5e
59657
5349e
54c58
52eeb
58d2f
53772
58d30
53773
5d771
54c5a
5100e
53d2a
551f8
545ac
5166d
4d1db
5469b
5689c
552e6
51757
5d4bd
5689f
53d2b
59574
5469d
5d773
545ad
542db
59c9f
5591d
53d2f
4d1e5
59576
53d31
5cf64
5469e
542dc
4d1e9
56322
4d1ea
58e13
4d1eb
59ca2
559fe
54d40
5965a
54d41
5965b
559ff
55920
5cf68
568a4
59ca5
56068
59ca6
56069
4d1f6
5cf6b
59579
4d284
54e20
5128f
54e21
4d378
56983
544ab
4d37a
4db03
4e19f
51cf8
4db05
4d28c
50a58
554d1
501c2
4d56d
546a0
51292
4d56f
5510a
51294
4db0c
546a1
4d572
59821
51b13
4d574
54d43
4d838
50e20
4e1a2
51cf9
4feed
543c2
4d83b
50e23
4d29b
54e23
50e26
4d29d
5183d
50e28
54a67
4d841
54a68
4d842
553d4
543c5
4d844
4d2a3
543c6
593a0
53b4d
5d59c
543c7
59824
54d45
4d2a7
593a4
593a5
4e1a3
54d46
4dbf4
4d2ab
5510c
4db11
56c41
51299
4d2ae
55da9
4db14
59828
55dab
4fc17
53e14
4f940
510f1
4d2b4
543ca
510f2
4d2b6
5358e
54d47
52fdb
5d03c
53e17
50869
5d03d
54882
5086b
5d03e
54e2a
510fa
54e2b
4d2bf
5973d
50870
56408
54885
5d041
5640a
50873
510fb
544ae
4d2c5
544af
4d2c6
5478b
4d2c7
58e1b
510ff
5d045
4d2ca
5478d
56986
553d8
5129d
5d5a1
56989
53e1c
552f2
546a6
51760
4d2d1
54d4f
4d2d2
5965f
53e1e
4d2d4
552f4
53e20
5d5a2
55a08
54d53
5d5a3
58e21
53f01
5698a
55bd2
5c83a
5640d
5d049
55a09
55ae7
4d2de
5d04a
5640e
5d5a6
5640f
4d2e1
5d5a7
55a0b
4d2e4
55aeb
5d5a9
58f00
5d5aa
58f01
59662
4d2e9
4d481
511e2
4d37c
50956
4dbf5
4e293
4d65c
4eb12
4d380
50b4a
4dbf9
54791
4d65f
54792
512a2
54e37
4dbfc
4d385
51930
4dbfe
4d387
59905
51c05
4d666
54e38
4d92a
50f12
4e296
5183f
4ffdf
544b4
4d92d
50f15
5138f
4d92f
5d67c
5166e
4d931
544b5
4d392
53c3d
4d393
553df
50f1c
4d395
5d67f
4d397
544b8
5948a
53c3f
5d680
544b9
59908
54e3a
4d39b
5948e
5948f
51c06
4d39e
55e91
4dc04
5990a
551ff
4d3a1
56d2e
4dc07
4fa31
511e4
4d3a4
50958
502bb
53f07
50959
554d6
530cc
545b2
511e8
545b3
511e9
4d3ab
54e3d
511eb
4d3ad
55201
511ed
50961
540f5
5c91c
564f1
4d3b2
55202
50965
592b3
54f32
4d3b5
4d3b6
53f0b
58f02
53683
5d127
53f0c
5d3e0
54887
4d3ba
58f06
58f07
544bd
55aec
55aed
54e42
51395
54f33
4d3c0
5565b
54f35
4d3c2
5990e
54889
5d3e2
58f09
4d3c5
5565e
544be
53f11
55af0
54e45
4d3c9
5d12b
58f0a
4d3cb
5974b
54f36
592b6
55cbd
5c91f
553e7
54f37
5d689
56a76
55cbe
59913
55cbf
5d12f
56a77
56a78
4d3d5
55af4
5d131
564fa
5d132
564fb
58f0c
5d68f
4d483
4d576
555cc
51a25
555cd
51763
4d487
54f3c
570db
4d48a
51932
51670
54e49
4d940
56fef
545b7
4d942
51672
54c65
4da25
554dd
4da26
59ca8
542de
59ca9
554de
4d494
4dcfa
4f1af
4d496
4ec06
4e299
4d498
522a1
4e29b
545bb
4dcff
545bc
4dd00
54e4c
51938
4dd02
5284a
51a2a
4e2a1
51a2b
4d4a1
564fd
4e2a4
57392
51a2d
4d4a4
57394
4e2a7
50876
50969
4d4a8
555d1
51012
56b65
5479a
5cf6c
55751
4d4ac
56b68
55753
51939
554e1
5193a
51679
55bda
545c0
51764
54f3d
4d4b3
55cc3
55cc4
5193b
4d4b6
570df
55cc6
53a5c
55664
53a5d
599fd
545c1
54012
59cb0
554e6
4d4bd
59cb1
554e8
540fc
570e1
55754
5cf6e
56329
5d77a
5632a
59f4e
5632b
4d4c4
59cb3
55cc9
55668
5d77d
4d4c8
59668
4d4c9
59669
55be1
4d4cc
55ccb
5d780
4d57c
51b16
512a8
5502f
4d66a
56c47
5479f
4d66c
51767
54d57
4db17
555dc
4db18
59834
543d0
59835
555dd
4d586
4ddec
4f2a1
4d588
4ecf8
4e38b
4d58a
51de7
4e38d
546af
4ddf1
546b0
4ddf2
54f42
51a35
4ddf4
52390
51b1c
4e393
51b1d
4d593
565e7
4e396
5747c
51b1f
4d596
5747e
4e399
5096a
54f44
4d59a
55117
51104
566d3
5488c
5d050
5583b
4d59e
566d6
5583d
51b20
5511a
512ab
56c4b
56c4c
51a36
555e0
51a37
5176e
55cce
546b4
51a38
4d5a8
56c4d
55db0
53b4e
5575a
53b4f
59ae1
546b5
54106
5983c
555e5
4d5af
5983d
555e7
541ee
56c4f
5583e
5d052
56413
5d306
56414
5a032
56415
4d5b6
5983f
55db3
5575e
5d309
4d5ba
59752
4d5bb
59753
55cd5
4d5be
55db5
5d30c
51399
4d75a
5139a
54b75
4d75c
56d31
54891
4d75e
512ad
54e52
4dc09
55122
4dc0a
59918
544c2
59919
55123
4d678
4dede
4f393
4d67a
4edea
4e47d
547a5
4dee1
547a6
4dee2
51ed9
5167c
4dee4
55036
51b27
4dee6
52482
51c0e
4e485
51c0f
4d685
56155
4e488
57566
51c11
4d688
57568
4e48b
50a5c
55038
4d68c
5520b
511f6
567bd
5497e
5d134
5592b
4d690
567c0
5592d
51b28
55126
51b29
512b4
55db8
547aa
5139c
54b77
4d697
55e97
55e98
51b2a
4d69a
56d37
55e9a
53c40
55844
53c41
59bc5
547ab
541f8
59920
5512b
4d6a1
59921
5512d
542e2
56d39
5592e
5d136
56503
5d3ea
56504
5a116
56505
4d6a8
59923
55e9d
55848
5d3ed
4d6ac
592c0
4d6ad
592c1
55dbf
4d6b0
5a11b
56d3d
4d760
51cfa
51492
54c69
4d84e
56e1b
54983
4d850
4dfc1
51c16
4da2b
4f486
5139f
54b7b
4dfc4
55217
4dfc5
4d76a
51fcd
4dfc7
4d76c
54b7d
4dfc9
4d76e
5a1ef
4d770
54016
5566a
542e5
5a1f0
54898
4dd08
554ea
4dd09
59a00
5566f
51d01
4d777
5623f
4dfce
57650
51d03
4d77a
57652
4dfd1
50b4e
50c3f
4d77e
552fd
50d3c
568a7
54a70
5d218
55a15
4d782
568aa
55a17
51c1a
5521a
51c1b
513a6
55ea2
5489c
51494
54c6b
4d789
55f81
55f82
51c1c
4d78c
56e21
55f84
53d34
55934
53d35
59cb9
5489d
542ec
59a06
5521f
4d793
59a07
55221
543d4
56e23
55a18
5d21a
565ed
5d4ce
565ee
5a1fa
565ef
4d79a
59a09
55f87
55938
5d4d1
4d79e
593aa
568b1
5d4d2
55ea9
4d7a2
55f89
5d4d4
4d852
51840
51584
54d5b
4d946
56f05
54a75
4d948
4e0b3
51d08
4db1d
4f578
512b6
4db1f
59d78
51497
54c6f
4e0b8
55309
4e0b9
4d85e
51dea
4e0bb
4db25
59d7b
4d862
5410a
55760
543d7
59d7c
5498a
4ddfa
555e9
4ddfb
59ae4
55765
51847
4d869
5632f
4e0c0
571be
51849
4d86c
571c0
4e0c3
50784
50c41
4d870
553ef
50e2e
56991
545c2
5cda4
55aff
4d874
56994
55b01
51d0c
5530c
51d0d
5149e
55f8c
5498e
51586
54d5d
4d87b
5606b
5606c
5184c
59ae9
56f0c
54c74
53e26
55a1e
53e27
59845
5498f
543de
59aea
55311
4d885
59aeb
55313
544c6
56f0d
55b02
5cda6
5615b
5d5b2
5615c
59d86
5615d
4d88c
59aed
56071
55a22
593b1
4d890
59494
5699b
5d5b6
55f93
4d894
56073
5d5b8
4e841
51deb
4e1a6
4d94b
5193c
4e1a8
4d94d
5184f
553fa
5158a
59e5d
51850
4dc15
59e5e
5193e
4dc17
4d953
4dee9
54a7a
4d955
54a7b
4d956
5584c
53c43
5584d
544ca
59e61
4d95a
521b2
4e1b1
572a7
51941
59bc9
5641b
4e1b4
59bca
5641d
50878
544cb
50f1f
55670
513ad
5d690
554ee
4d965
56a7d
50f23
5d692
56a7f
544cc
56074
553ff
544cd
59e65
56077
51943
554f0
51682
56ff3
56ff4
54d66
51945
59bcd
56ff6
544ce
59496
54e58
5d693
54e59
544cf
4d976
59498
544d1
5d694
5607a
544d3
4d97a
56244
4d97b
56a81
4d97c
56a82
4d97d
56a83
554f6
59e6b
56ff9
56248
59e6c
56249
55b0c
5d69a
4d984
55beb
5d69b
5607d
4da35
4db28
51fd0
51d10
554f8
51778
4da39
554f9
57657
4da3c
51c1d
51685
54b84
4def2
5756b
54b85
4def4
513ae
54b86
4dfd3
55223
4dfd4
54b87
4dfd5
5a201
51c22
4da46
4e2a8
4f75d
4eee0
52484
4e845
545cc
4e2ab
545cd
4e2ac
5284c
51a3a
4e2ae
55409
51ee4
4e2b0
52df6
51fd6
4e84d
51fd7
4da53
5790d
4e850
56a88
51a3c
5a49f
56a8a
4e853
50e33
50f26
4da5a
545cf
4da5b
56161
545d0
4da5d
554fa
4da5e
55bed
545d3
5a4a2
56163
545d5
4da62
546bc
57658
51fdb
5177d
5a207
55a24
5d4d5
55cd7
4da67
568b4
4da68
59cbd
5765c
51c28
4da6b
5a20b
56166
56250
5401b
59cbe
54b8f
546bd
5765f
55cd9
5d4d6
59cc0
5593f
55cda
5a20d
55cdb
56168
5a20e
57660
59cc3
4dc19
4eb16
4db2f
520c3
571c2
51857
4dc1d
571c4
4db33
543e2
55f94
543e3
59d8c
51d16
5a57c
546bf
4db37
55f98
55f99
4efd1
52577
4e936
4db3b
51d18
554fe
51786
5a57e
51b2b
4e39f
5a57f
51fe0
4e3a1
5a580
520c7
4e3a3
4db43
4e940
579f6
512c0
5a582
520ca
4db47
56b73
4e944
5a584
579fb
546c2
50f28
51858
555ec
512c2
571c7
56336
512c4
5699c
512c5
56c55
55b10
59d92
56337
512c8
5a586
51fe2
56254
51fe3
51d1c
5a587
546c5
5a038
55a2b
5178c
59d94
546c8
5178e
5a589
571cb
54c82
51fe4
4db5f
5a58b
55a2d
4db61
5625b
555ef
54e5b
56c57
55a2e
55ce1
4db66
56c58
569a1
5a58d
5625d
4db6a
5633d
5a58f
4dc20
51947
513b1
54e5c
4dd0e
572ad
54e5d
4dd10
512c9
5607e
512ca
5a661
5185c
5540f
51593
56081
5185d
4dc2a
4e48c
4f941
4dc2c
4f396
4ea29
547b2
4e48f
547b3
4e490
52485
51c2a
4e492
555f1
520d3
4e494
52a2e
521ba
4ea31
521bb
4dc37
57ae1
4ea34
566e0
51c2c
5a667
566e2
4ea37
51019
555f3
4dc3e
547b5
4dc3f
5633f
547b6
4dc41
55132
4dc42
55dc7
547b9
5a66a
56341
547bb
4dc46
548a2
572b0
521bf
513b7
59e77
5567c
5d69d
55eb1
4dc4b
56a8e
4dc4c
5992d
572b4
51863
4dc4f
59e7b
56344
56424
541ff
5992e
54d77
548a3
572b7
55eb3
5d69e
56a90
5a670
56a91
55dca
59931
56346
59e7e
572b8
59933
4ddfd
4ecfa
4dd13
522a7
57396
51a3f
4de01
57398
4dd17
4f487
52a2f
4ec0a
4dfda
521c3
4dd1a
5194e
4dd1b
522a9
4e572
4dd1d
522aa
4e574
4dd1f
52850
4e576
4dfe2
513bf
55bf2
513c0
5a749
51950
55505
51694
55bf5
51951
4dd27
4e578
57bca
514a6
5a74a
522ae
4dd2b
567cb
4e57c
5a74c
57bcf
548a8
5110c
51952
5513a
51953
513c3
5642a
542f2
55eb6
548ac
4dd35
55eb8
513c7
4dd37
59f5c
51a40
55227
514a8
5739b
5650a
514aa
56b76
514ab
56e29
55768
59f5e
5650b
514ae
5a751
5642d
5650d
521c8
4dd43
5a753
55685
4dd45
5642f
55229
5503f
56e2b
55686
5a754
4dd4a
56e2c
4dd4b
56e2d
56431
4dd4e
56511
5a757
4de04
51b2f
51595
55040
4def8
57481
55041
4defa
4e65f
522b4
4e0cb
4fb26
514af
54f52
4e662
54f53
4e663
4de0e
5266b
4e665
4de10
52396
4e667
4e0d3
5a2d3
4de14
54998
4de15
55ce3
4e3a7
546cb
4de17
546cc
4de18
55ce6
55ce7
51df3
4de1b
57739
4e66c
568ba
51867
5a2d7
568bc
4e66f
50d41
5522d
4de22
5499b
4de23
56513
5499c
4de25
55318
4de26
55fa1
5499f
5a2da
56515
549a1
4de2a
54a86
57484
51df7
5159b
5a041
55850
5d30d
56085
4de2f
566e6
4de30
59af5
57488
51a4b
4de33
5a045
5748a
5522f
543e5
59af6
54f5b
54a87
5748b
56087
5d30e
59af8
55771
56088
5a047
56089
5651a
5a048
5748c
59afb
4e1bc
4e752
4defd
4f0c0
52c13
515a1
55044
4e755
55045
4e756
4df01
5275d
4e758
4df03
5531e
4e75a
4df05
5a3b7
51b37
5513d
512d6
55dcd
515a3
55dce
515a4
5a3b9
55048
4e49c
51695
5a121
569a3
4df0e
5275e
4e75f
57825
51eee
4df11
4df12
55049
50e36
51dfe
565fc
51dff
51b3c
5a3bd
54a8f
59e80
55857
515aa
5a123
54a92
515ac
5a3bf
51eef
5616a
51c2e
4df1e
57570
54c84
56ffc
55941
59bd8
55bfa
5a3c0
57571
5616e
4df24
5a128
57573
55321
51ef2
4df28
5608d
545da
57575
55322
55943
59bdb
5608e
4df2d
55944
59bdd
55945
4df30
56173
5a3c6
56605
4dfe3
4e0d6
5257c
51d23
55231
516a0
4dfe7
5257e
57bd3
51c30
4e49e
515ad
54b94
4e4a0
57ae7
521cb
4e4a2
513c9
54e6a
4e57f
54e6b
4e580
55142
4e581
5a759
521ce
4dff4
4e854
4edf0
5248d
4e856
4fd0c
515af
54b98
4edf3
4dffa
52490
4edf5
55145
4edf6
4dffd
52df9
4edf8
4dfff
5a9f5
52583
4e001
57e89
4edfc
57004
51fe8
5a9f7
57006
4edff
515b2
54b9a
515b3
4e008
566ec
545db
5a4ac
522be
567d4
545dc
5a4ad
55234
51c39
4e00e
55148
51c3b
5a213
55ebf
4e011
5a214
566f0
51d28
57bd6
567d7
51d2a
56e2e
51d2b
57663
55fa8
5a760
567d8
51d2e
5a9fe
566f1
567da
52589
4e01d
56e31
4e01e
5a764
56179
56e32
5aa01
56e33
4e023
5aa02
4e025
5a767
4f0c1
4e0dc
4e1c9
5266f
4e0de
55326
5186a
4e0e0
4e670
549a3
4e0e2
549a4
4e0e3
54c8a
4e0e4
5651f
4e674
5a2e6
4e0e7
4e947
4fdfd
4f57e
52b23
4eee4
5258b
4e94a
52671
516a7
4e94c
54c8d
4e94d
5293e
520d8
4e94f
52eec
52674
5186b
5a2e7
570ed
4e0f4
52940
4eeef
57f75
52677
4e0f7
4e0f8
5258e
4e0f9
5aadd
5523b
5186d
55327
51794
55fac
51795
59d9e
54d7b
4e0ff
568c0
5267a
4e101
56348
4e102
56f19
51872
571d2
51873
4e105
5a2eb
522c7
51d36
567e2
54c92
4e109
56267
51d39
4e10b
5a2ed
568c4
522c9
4e10e
5aae3
5634b
59da3
59da4
55fb1
5634c
5a2f1
5634d
567e6
5a2f2
5774a
4e117
4e2b9
4f1b4
4e1cf
51ef4
57828
54e6d
4e2bd
5782a
4e1d3
51e07
56606
51b3f
5a3c8
51e08
5abb8
54d7d
4e1d7
5660a
5660b
4f0c3
52c15
4efd4
4e1db
51877
5532c
51798
4ea3c
5abba
51878
5abbb
521d5
4ea3f
5abbc
52765
4ea41
4e1e3
4efde
5805c
51960
5abbe
52768
4e1e7
56c5d
4efe2
5abc0
58061
547bf
5a674
51ef6
569a8
547c0
5a675
5541a
5179a
54d81
5179b
4e1f0
568ca
52682
51e0e
5abc2
56098
5187e
5a3cd
54d86
51880
5abc4
5276b
51963
5a3cf
55bfe
59be0
56439
4e1fb
5700a
4e1fc
59e86
57831
51e0f
4e1ff
5a3d3
57833
55c01
59be1
5643c
5a3d4
5643d
5609a
5abc9
4e206
59e8a
569b0
57835
4e2bf
4e3ac
52852
51a4f
55509
513cc
4e2c3
52854
57915
4e2c6
4fa35
52fdf
4f1b6
4e587
51ef9
4e2c9
52770
4eb1e
4e2cb
51efa
4e2cc
52856
4eb21
4e2ce
52dfc
4eb23
4e85f
545dd
4e2d1
545de
4e2d2
54e72
4e2d3
5617d
4e863
5a4b0
4e2d6
56d44
4eb25
5a4b2
522cc
58148
52b27
4e2da
5814a
56d49
5196d
55420
52773
512e2
4e2df
54e76
4e2e0
5285c
57916
55c05
4e2e2
56a93
51eff
51970
569b6
54e78
4e2e6
56441
51973
4e2e8
5a4b4
51fed
4e2ea
57919
555f9
573a4
55ce9
59f69
56524
5aca9
5791a
56a97
4e2f0
5a4b8
5791c
56a99
555fa
573a7
55c08
5acac
4e2f6
573a8
4e2f7
573a9
569bb
4e2fa
56a9b
5acaf
4e3b2
520db
514bd
55050
4e4a6
579fd
520dd
4e4a8
4ec0b
4e3b8
4fb28
530d1
513d1
54f62
4ec0e
4e3bb
52863
4ec10
5550e
4ec11
4e3be
52c17
4ec13
4e3c0
5a82b
4e3c2
51ff1
5626a
51d3c
5a592
51ff2
5a82c
54f65
4e3c6
5626e
5626f
5239f
4e3c9
57cb5
4ec18
56e36
51e13
5a82f
56e38
4ec1b
513d4
54f66
513d5
4e3d0
56a9e
549a5
5a2f4
520de
56b7c
549a6
5a2f5
555fe
51a61
4e3d6
55514
51a63
5a04b
55cf1
4e3d9
5a04c
56aa2
51b46
57a02
56b7f
51b48
56c60
51b49
5748f
55dd4
5a59a
56b80
51b4c
5a836
56aa3
56b82
523a5
4e3e5
56c63
4e3e6
5a59e
5652d
56c64
5a839
56c65
4e3eb
5a83a
4e3ed
5a5a1
4ecfd
4f399
52943
4ecff
4e4ac
51b4d
555ff
514c4
4e76d
5a90c
51b4e
5a90d
51f02
4e770
5a90e
52496
4e772
4e4b4
520e3
56354
51882
5a676
520e4
5a910
55057
4e4b8
56358
56359
52498
4e4bb
57d9f
4ed0a
56f20
51f05
5a913
56f22
4ed0d
514c6
55058
514c7
4e4c2
56b88
54a97
5a3d8
521d9
566f4
54a98
5a3d9
5514d
51b53
4e4c8
55606
51b55
5a12f
55ddb
4e4cb
5a130
56b8c
51c44
57aec
566f7
51c46
56d4a
51c47
57579
55ec4
5a67e
566f8
51c4a
5a91a
56b8d
566fa
5249e
4e4d7
56d4d
4e4d8
5a682
56617
56d4e
5a91d
56d4f
57af2
4e4dd
56b8e
5a685
4fb29
522ce
4e683
52868
4e592
55241
522d0
4e594
4ea49
4fa38
4e597
521dd
58062
51b5a
4ea4d
58064
4e59b
51f06
569bc
521df
5af48
5277a
4eb2d
55425
4eb2e
5acb2
569c1
4fa39
52fe0
4f39c
4e5a3
51b5b
55152
512eb
5af4a
51b5c
4ee05
5af4b
52591
4ee07
5af4c
52b2d
4ee09
4e5ab
4f3a6
58404
522d2
5af4e
52b30
4e5af
57581
4f3aa
5af50
58409
521e3
56c66
55155
521e4
5af51
56c69
51c4d
55242
513da
58151
5652e
59f70
567e9
5a76a
56c6a
521e5
566fe
54ba7
5aa05
52a3f
55158
4e5bf
56701
521e9
4e5c1
5acb7
5286b
4e5c3
58153
56530
5a76e
567eb
5af55
58154
56d55
4e5c8
5acbb
58157
56702
4e5cb
56532
5a771
56533
4e5ce
5a772
56d58
58159
4e687
4e774
52c1a
51d3d
55332
514cc
4e68b
52c1c
57cbd
51a67
55516
513dc
56aa7
513dd
4e690
54f6f
4e691
56aaa
4ec21
4f48d
4fb2b
530d3
4f48f
4e696
51c51
55246
513df
5b02e
51c52
4eef8
5b02f
52683
4eefa
5b030
52c1f
4eefc
4e69e
57668
4f499
5a840
52685
584f0
52ef1
4e6a2
584f2
5766d
51c54
55248
51c55
513e2
56d5c
52874
514cd
52c24
4e6a9
56e3b
51e1a
5774c
56619
5a055
52b3b
51d41
56534
51d42
5a2f7
523b1
4e6b0
57cc1
5661a
5a2f8
568d5
5b037
57cc2
56e3f
4e6b5
56d5f
56536
522e4
5a845
5524e
522e6
5b03a
57cc4
56e41
56538
5b03c
4e6be
57750
57499
5b03d
56d63
4e6c2
56e43
5b03f
4e77a
5249f
515bd
52d0d
4e868
57da5
524a1
4e86a
514cf
55060
4ed0f
55336
4ed10
5a920
520eb
5a921
55337
4e784
4efe4
504a1
4f672
531c5
4f581
523b6
4efe7
523b7
4efe8
52d0f
51d45
4efea
52fe1
52782
4efec
53592
52d12
4f589
52d13
4e791
585d9
4f58c
571d8
52784
5b117
571da
4f58f
514d4
52c2c
514d5
4e798
5533c
514d7
4e79a
524a2
57da8
55429
516ad
57584
516ae
57837
51887
5661e
51888
5a3db
52c2d
51e28
4e7a2
568da
5533f
5b11b
56e4a
55341
4e7a6
56f26
52d18
4e7a8
57586
51f12
57839
51f13
4e7ab
5a92a
56f2a
52d19
4e7ae
5783a
57589
5b120
4e7b1
5a92d
4e7b3
5b122
4e7b5
5a92f
4f853
51ffa
4e959
52596
4e86e
55519
51ffc
4e870
4eb30
50593
4e872
4ffe4
4f0c7
524a5
4eb33
524a6
4eb34
52e01
5188b
4eb36
530d4
52877
4eb38
53684
52e04
4f0cf
51c57
5515c
515c4
56705
515c5
4e87f
54ba9
4e880
56708
4ee10
51ffd
5aa09
572c1
4e884
530d6
4f0d3
586c5
52e07
4e887
4e888
524aa
4e889
56f2f
524ab
4e88b
5aa0b
51fff
5700e
5197a
4e88e
56aac
4e88f
5766f
4e890
5b1fe
54e7e
5acc0
5618d
4e893
56f33
5618e
51f1e
5aa0c
55434
51f20
5b200
52e09
52002
5aa0e
56aae
4e89b
57671
4e89c
5a4c3
57e97
5259a
4e89f
5b203
5a4c4
56191
56ab0
5aa13
56ab1
56f36
5aa14
57e9a
5a4c7
4ea4f
52944
4e95f
520ed
57f78
51a6a
4ea53
57f7a
4e963
500d5
53685
4f856
4ec24
52007
4e966
52008
4e967
52947
4f1bc
4e969
52948
4f1be
4e96b
52ef2
4f1c0
4ec2c
516b5
54c9a
4eefe
5551e
4eeff
5aaea
522e8
5aaeb
5551f
4e973
4f1c2
58230
520f0
5ad86
5294c
4e977
573b3
4f1c6
5ad88
58235
5635a
59da8
56b97
5a5a2
5200b
57018
55521
5200c
5ad89
5701b
51a6b
5560c
517a4
57f7d
5701c
5200d
56ab2
54f71
5a84d
52e12
55524
4e987
56ab5
52011
4e989
5aaf1
5268b
4e98b
57f7f
5635c
5a5a6
56b99
5ad8d
57f80
570fd
4e990
5aaf5
57f83
56ab6
4e993
5635e
5a5a9
5635f
4e996
5a5aa
57100
5ad93
4ea55
4fc1b
53777
4f948
4ed16
520f9
4ea58
520fa
4ea59
52954
4f2ae
4ea5b
52a41
4f2b0
4ea5d
52fe5
4f2b2
4ed1e
517a7
54d8c
4eff0
55610
4eff1
5abce
51e2e
5abcf
55611
4ea65
4f2b4
5831a
521ee
5ae6a
52a45
4ea69
5749d
4f2b8
5ae6c
5831f
521ef
56c70
51b64
4ea6e
5670a
4ea6f
572c7
4ea70
52692
4ea71
57103
52693
4ea73
5abd3
57106
520ff
56b9c
55063
5a931
52958
55616
4ea79
56b9f
52103
4ea7b
5abd5
52786
4ea7d
58069
5644c
5a68a
5670d
5ae71
5806a
56c75
4ea82
5abd9
5806d
56ba0
4ea85
5644e
5a68d
5644f
4ea88
56c79
5ae76
5710b
4eb3b
4ec2e
530d8
51983
530d9
513e7
4eb3f
530da
586cb
4eb42
52d21
512f4
52d22
4eff8
585df
52d23
4effa
512f6
56f38
512f7
5b4a1
51894
55436
515cb
56f3b
51895
4eb4c
4f3ac
4f94a
4eb4f
502c0
53e28
512f8
52d27
4f94d
52d28
4f94e
4eb53
52fec
4f950
4eb55
5395d
4f952
4eb57
5b4a5
530df
4eb59
58981
4f956
57afc
52b40
5b4a7
57afe
4f959
512fa
52d29
512fb
4eb60
52d2a
512fd
569ce
512fe
5acc2
569d0
4eb64
5acc3
571e6
513e8
52e16
4eb67
572cd
52d2b
51a75
57926
51a76
5815b
5210c
4eb6c
56c7d
52796
4eb6e
572ce
530e4
4eb70
57928
52884
5815d
52885
4eb73
5b212
572d2
530e5
4eb76
569d3
5b4b0
5792a
56d69
5b215
4eb7b
5b4b2
4eb7d
5b217
4fc1d
523c0
4ed21
523c1
4ec36
522ea
523c2
4ec38
4f1c8
52e19
4f1c9
5ad94
516bc
52e1a
4f1cb
55529
4f1cc
5ad96
4ec3f
4f49f
5096c
500da
53687
4fa3e
52889
4f4a2
5288a
4f4a3
531cd
521ff
4f4a5
534a2
52c30
4f4a7
53a60
531d0
523c3
5ad97
57be5
4ec4c
534a4
4fa49
58a6d
531d3
4ec4f
4ec50
5288b
4ec51
572d7
5288c
4ec53
55252
4ec54
56d6b
5288f
5b58e
572d9
52891
4ec58
523c5
5823a
522ed
5198f
4ec5b
56e4e
4ec5c
57a11
4ec5d
5b590
56ac1
4ec5f
573b8
531d6
4ec61
57a12
523ca
57ccb
523cb
4ec64
5ad9e
52e21
5295e
4ec67
5b593
5a854
56ac3
56e52
5ada1
56e53
572de
5ada2
58242
5a857
4ee11
4fd10
4ed27
51e2f
58320
51b6a
4ee15
58322
4ed2b
523cd
4ed2c
5710d
4f2bc
52696
4ed2e
52697
4ed2f
57110
57111
4fc1f
4f591
50a5f
4ed33
51a7e
531d9
514df
5b66a
522f0
4f595
5b66b
52d2d
4f597
5b66c
532c1
4f599
4ed3b
4fb38
58b54
524b8
5b66e
532c4
4ed3f
57755
4fb3c
5b670
58b59
522f2
573c0
522f3
51a82
5b671
523d3
5b124
56ba9
514e5
5ae7d
523d6
514e7
5b673
51e32
574a0
51b6c
4ed4c
5ae7f
56710
5a690
56f3f
5a934
56bab
4ed50
5b674
531de
52a4f
4ed53
58327
56712
5a936
56f41
5b675
58328
574a5
4ed58
5ae83
5832b
56f42
5ae84
56f43
56bac
56e59
4ed5e
5a93a
574a8
5832d
4ee17
4ef04
533ae
51c5b
533af
516bf
4ee1b
533b0
5840d
4ee1e
50595
53b53
4fd12
4f0df
51e35
4ee21
51b6e
4ee22
532cc
4f679
4ee24
533b2
4f67b
4ee26
53960
4f67d
4f3b7
52797
4ee29
52798
4ee2a
524c3
4ee2b
56c83
4f3bb
5af60
4ee2e
5783c
4f67f
5af62
52e24
58c40
5368b
4ee32
58c42
57841
51b72
532ce
51b73
515d6
574ac
51f25
56f44
524c8
4ee39
56f46
515da
4ee3b
5af64
51c5d
533b8
516c1
5840f
574af
525ac
57e9c
567fb
5a775
532cf
51f28
5aa19
52a59
525ad
58410
5758d
525af
57e9e
567fd
5af67
5758e
525b2
5b75a
58414
57591
5671a
56f49
4ee4e
57ea0
57bef
5b75d
574b3
4ee52
57593
5b75f
4ef0a
52c33
517b0
52c34
4effe
584f5
52c35
4f000
4f765
4ef10
50688
53c45
516c2
52b47
4f768
52b48
4f769
4ef14
533bf
4f76b
4ef16
5377b
4f76d
4ef18
5b2db
4ef1a
522f5
56d70
522f6
5b042
51c62
5b2dc
525b6
4ef1e
56d74
56d75
52efb
4ef21
587ad
4f772
5792e
5296b
5b2df
57930
4f775
516c6
52b4c
516c7
4ef28
52b4d
516c9
56800
516ca
5aafa
56802
4ef2c
5aafb
57598
517b2
52c36
4ef2f
57675
5269e
57f86
568e5
5a301
52b4e
51f2e
4ef34
57031
525be
4ef36
57676
52f00
4ef38
5775a
526a2
57f89
526a3
4ef3b
5b04c
5767a
52f01
4ef3e
56805
5b2e8
5775c
5b2e9
5775d
4ef43
5b2ea
4ef45
5b051
4f857
4fef5
534a7
4f859
4f004
51d51
52f03
517b5
5b3bc
5201c
4f2c6
5b3bd
52a5a
4f2c8
5b3be
52ff2
4f2ca
4f00c
51e3b
56e5a
51e3c
5b126
51d54
5b3c0
526a8
4f010
56e5e
56e5f
52ff4
4f013
58897
4f864
57a18
52a5d
5b3c3
57a1a
4f867
51304
52d31
4f019
571ed
51d56
52f06
51d57
517ba
57680
52111
57118
526ac
4f01f
5711a
517be
4f021
5b12c
5279c
58070
569d5
5a3e5
52c40
52020
4f026
5711b
526b0
4f028
571ee
52ff9
4f02a
57844
527a0
58073
527a1
4f02d
5b130
571f2
52ffa
4f030
5b132
5711d
57846
5b3cd
57847
585ea
5abe6
57686
5b135
50689
52e26
4f1db
52e27
4f0ea
527a4
52e28
4f0ec
4f5a1
50598
4f0ef
526b1
58b5a
51e3e
4f5a5
58b5c
4f0f3
51e3f
574b4
51b77
5b760
51e40
5b9f8
52d38
4f0f7
574b8
574b9
50599
4f95b
50e38
4f0fb
51e42
5359e
518a5
5b9fa
526b4
4f95f
5b9fb
530ed
4f961
5b9fc
53691
4f963
4f103
4ff02
58f0e
52e2a
5b9fe
53694
4f107
58079
4ff06
5ba00
58f13
527a5
5b4b4
56f4b
4f10c
52d3c
4f10d
5775f
52d3d
4f10f
571f8
52d3f
5ba02
57761
52d41
4f113
52e2b
58c48
527a8
51e47
4f116
572e0
4f117
57ea3
4f118
5ba04
535a3
533c7
4f11b
58c4b
57036
5b21e
572e3
5ba05
58c4c
5784d
4f120
5b76b
58c4f
571fa
4f123
57038
5b221
57039
4f126
5b222
57850
58c51
4f1df
4f2cc
5377e
52023
5377f
51a85
4f1e3
53780
587b5
51c68
533c9
516cf
5759f
51996
575a0
51997
5badd
533cb
4f77b
4ffe9
5369a
4fa4d
50f2a
51998
533cc
4ffec
533cd
4ffed
4f1f0
5369d
4ffef
4f1f2
53a63
4fff1
4f1f4
5bae1
4f1f6
58160
4fff5
5b2f0
531e1
58ffa
53a65
4f1fa
58ffc
58165
5199a
572e6
52898
5b599
527ac
57852
527ad
51f3a
5bae5
5703c
5199f
5b2f1
52e3c
519a1
5bae7
52899
57932
52026
4f207
5b2f3
5711e
5ab04
573cb
5ada9
57858
52f0d
4f20c
587b9
57120
5adaa
573cd
5bae9
587ba
57937
4f211
57859
587bc
57939
5703e
5baec
4f216
58248
4f217
58249
5785b
4f21a
5793b
5baef
4f2d2
52ffb
51b78
52ffc
4f3c0
5889d
52ffd
4f3c2
517c0
52c42
4f869
52c43
4f86a
52f10
4f86b
5b3d1
52029
4f2dc
4fb3e
5101b
4f2de
50a61
500dd
5297b
4fb41
5297c
4fb42
53873
5289d
4fb44
53b55
532de
4fb46
54110
53876
500e5
53877
4f2e9
590e3
500e8
57cd0
532e0
5bbc7
57cd2
500eb
514ea
57124
514eb
5ae8a
5202c
53790
5202d
51a8f
5793e
52980
4f2f4
573d3
51a92
4f2f6
5b3d6
52117
5387a
51b7b
588a1
57941
52a66
5832e
56c8d
5abe9
53791
52984
4f2fe
57a1e
5387c
4f300
5807e
52a6a
58331
52a6b
4f303
5b3da
57a22
5387d
4f306
58332
4f307
58333
5ae91
57129
4f30b
5bbd2
4f30d
5b3df
503b3
52b52
4f4b1
52b53
4f3c6
524d0
52b54
4f3c8
4f68a
5110d
4f3ca
50b53
4fc23
52a6d
4f68d
52a6e
4f68e
53965
523e3
4f690
53c48
533d3
4f692
54202
53968
4fc2b
518ae
53003
51309
571fd
51b7e
571fe
51b7f
5bca9
53005
4f96a
52b55
5b4b9
57db9
4f3dc
53c4a
4fc2f
591cf
5396b
4f3df
4f3e0
52a71
4f3e1
574c1
51b81
53006
51b82
4f3e4
53007
51b84
5af6f
56c95
4f3e7
5af70
57a2a
51c6c
530f4
4f3ea
57b07
53008
522f7
58166
522f8
58419
523e6
4f3ef
57a2d
5396d
52b5a
5b4be
575a6
4f3f3
58169
4f3f4
5af73
5898f
530f6
4f3f7
5bcb3
5af74
56c97
575a8
5b4c3
575a9
57a2e
5b4c4
58992
5af77
4f5a7
504a6
4f4b7
525c1
58a70
522fa
4f5ab
58a72
4f4bb
50c44
54203
503b6
4f77e
524d5
4f4be
5220c
4f4bf
534ab
4fd18
4f4c1
534ac
4fd1a
4f4c3
53a66
4fd1c
4f786
513fa
52e3f
4fa58
52e40
4fa59
530fa
4fa5a
5b59b
5220f
4f4cb
4fd1e
58d3a
52c48
5b836
534b0
4f4cf
57eab
4fd22
5b838
58d3f
525c3
5b2fc
56d7d
4f4d4
52b64
4f4d5
57b11
52b65
4f4d7
575ac
52b67
5b83a
57b13
52b69
4f4db
52c49
58a74
525c6
51e48
57cd4
51e49
58503
52213
4f4e0
5b83c
53976
531e7
4f4e3
58a77
56e62
5b056
57691
5b83d
58a78
57bf5
4f4e8
5b5a5
58a7b
575ae
5b058
56e64
4f4ed
58507
4f4ee
5b05a
57bf8
58a7d
4f5ad
4f86f
50d45
4f5af
5078b
4fe08
52c51
4f872
52c52
4f873
535a4
525c9
4f875
53e2c
5300b
4f877
543e7
535a7
514ec
52985
4fb4a
52986
4fb4b
531ec
4fb4c
5b67f
52301
4f5bd
4fe10
58e24
52d46
5b91a
535a9
4f5c1
57f95
4fe14
5b91c
58e29
526bb
5b3e0
56e67
4f5c6
52d47
58b5e
526be
51d65
531ee
51d66
4f5ca
531ef
51d68
5b137
56e69
4f5cd
5b138
57bfe
51f3c
57dbe
51f3d
585ed
52305
4f5d2
5b920
534bc
532e2
4f5d5
58b61
56f52
5b13a
57205
5b921
58b62
5776d
4f5da
5b689
58b65
57698
4f5dd
56f54
5b13d
56f55
4f5e0
57771
5b926
57c03
4f695
4f788
53c4c
524db
53c4d
51f3f
4f699
53c4e
591d5
4f69c
53885
51e4c
53886
4fb52
590e9
53887
4fb54
51b88
5300e
4fc33
5300f
4fc34
53889
4fc35
5bcb9
523ed
4f6a6
4ff08
52c5f
4f6a8
523ef
4f6a9
53b5e
504ac
4f6ab
53c50
504ae
4f6ad
54204
504b0
4ff10
533d9
5bcbb
585f3
4f6b2
544dc
504b5
5949f
53c55
4f6b5
4f6b6
532eb
4f6b7
57773
51e53
5388d
51e54
4f6ba
5388e
51e56
5b773
574c9
4f6bd
5b774
57cde
51f40
5397a
4f6c0
57dc5
5388f
525cd
5841e
525ce
58c53
52c64
4f6c5
57ce1
53c57
533de
5bcc0
5785e
4f6c9
58421
4f6ca
5b777
591db
5397c
4f6cd
5bf5f
4f6cf
5bcc4
57860
575b5
5b779
57ce2
5bcc6
591de
5b77b
4f879
5078d
4f78f
52e41
58d40
525d0
4f87d
58d42
4f793
524df
57b1a
52215
5b844
524e0
5c034
533e4
4f797
57b1e
57b1f
51f44
53980
5059c
53981
5059d
4f79c
53c5c
5059f
4f79e
54021
505a1
4f7a0
5c039
4f7a2
586dc
505a5
5b848
53795
59588
54023
4f7a6
5958a
586e1
51f46
57862
52e44
5baf1
52d58
57dce
52d59
524e6
5c03d
575b8
51f4b
5b849
533ec
51f4d
5c03f
52e45
57eae
525d2
4f7b3
5b84b
5769a
5b05c
57947
5b301
57dd4
534c1
4f7b8
58d47
5769c
5b302
57949
5c041
58d48
57eb3
4f7bd
57dd5
58d4a
57eb5
575ba
5c044
4f7c2
587c4
4f7c3
587c5
57dd7
4f7c6
57eb7
5c047
4f880
535af
52124
535b0
4f96e
58e2b
535b1
4f970
51d6c
531f2
4fe17
531f3
4fe18
534c4
4fe19
5b929
525d5
4f88a
500ec
52e47
4f88c
525d7
4f88d
53d4d
50690
4f88f
53e34
50692
4f891
543e8
50694
500f4
53013
5b92b
5824b
4f896
54114
50699
59673
53e39
4f899
4f89a
52f2d
4f89b
5794d
52039
534c8
5203a
4f89e
534c9
5203c
5b3e3
576a3
4f8a1
5b3e4
57ebc
52126
535b2
4f8a4
57f99
534ca
527b1
585f8
527b2
588ab
52e4c
4f8a9
57ebf
53e3b
53018
5b930
57a38
4f8ad
585fb
4f8ae
5b3e7
58e33
535b4
4f8b1
5c127
585fc
57a3b
5b934
57950
5b3e9
57ec0
5b936
58e36
5b3eb
4fa5d
50971
4f973
52a7b
58f14
527b4
4fa61
58f16
4f977
526c5
53e3e
52129
5c1fc
5298e
4fc3b
5c1fd
53986
4fc3d
5c1fe
53f27
4fc3f
4f97f
4ff11
52d5b
4f981
52d5c
4f982
5301f
4f983
5777b
4ff15
5ba10
4f986
58334
501dd
5ba12
53988
5975c
54208
4f98a
5975e
58339
5212c
57a3c
52a7e
5bcc9
52990
57fa2
52991
526cc
5c205
57210
52131
5ba13
53026
52133
5c207
52a7f
58082
527b6
4f997
5ba15
572f2
5b224
57b21
5b4c9
57fa8
535bd
53109
58f1a
58085
5310b
58996
572f5
5ba17
58086
5310e
5c20a
58f1e
58089
57212
57a41
4f9a6
58998
586e7
5c20d
57fab
4f9aa
5808b
5c20f
4fa64
53797
52308
53798
4fb58
58fff
53799
4fb5a
502c5
5310f
4fd2b
53110
4fd2c
53f31
52a83
4fd2e
542f7
534cd
4fd30
548b5
53a6e
502cd
51f4e
536ad
519a7
57869
5221c
5786a
5221d
5bd8d
536af
50008
531f7
5baf5
58425
4fa7a
542f9
502d1
592cb
53a71
4fa7d
4fa7e
53113
4fa7f
57b27
5221f
536b0
52220
4fa82
536b1
52222
5b5ab
572fb
4fa85
5b5ac
58090
5230a
5379a
4fa88
5816d
531fa
58a7e
573dd
5adb1
536b2
52a86
4fa8d
58093
53a73
531fc
5bafa
57c0c
4fa91
58253
4fa92
5b5af
59007
5379c
4fa95
5bd97
4fa97
5bafe
57c0e
573e1
5b5b1
58094
5bb00
5900a
5b5b3
4fe1c
52b73
4fb5c
528aa
4fb5d
53a77
503ba
4fb5f
53b64
503bc
4fb61
54116
503be
4fe24
51a98
52f35
500f6
52f36
500f7
537a0
500f8
5bbd7
528ad
4fb69
503c0
593b2
532f6
5be72
53b68
4fb6d
58511
503c4
5be74
593b7
52c67
5b938
573e3
4fb72
532f7
590ec
52c6a
52311
537a2
52312
4fb76
537a3
52314
5b68f
573e5
4fb79
5b690
5817a
524e8
5833a
524e9
58b69
528b1
4fb7e
5be78
53a7b
53896
4fb81
590ef
574ce
5b692
57781
5be79
590f0
57ce9
4fb86
5bbe1
590f3
57c14
4fb89
574d0
5b695
574d1
4fb8c
57ced
5be7e
5817f
4fc41
4fd34
54209
52a87
5420a
524eb
4fc45
5420b
59763
4fc48
53e44
523f8
53e45
500fe
59677
53e46
50100
52134
535c2
501e3
535c3
501e4
53e48
501e5
5c211
52999
4fc52
504b8
5320f
4fc54
5299b
4fc55
5411b
50a67
4fc57
5420d
50a69
4fc59
547c4
50a6b
504c0
5398d
5c213
5585d
4fc5e
54a9c
50a70
58b71
54212
4fc61
4fc62
5389f
4fc63
57cef
523ff
53e4c
52400
4fc66
53e4d
52402
5bccb
57a45
4fc69
5bccc
5825a
524ec
53f39
4fc6c
58341
53e4e
52b79
5899a
52b7a
591e1
53214
4fc71
5825d
54214
53992
5c218
57dda
4fc75
5899d
4fc76
5bccf
59769
53f3b
4fc79
5c4b7
5bcd0
57a47
57ddc
5c21d
57ddd
5825e
5c21e
5976c
5bcd3
4fe25
50d48
4fd3b
533f1
592ce
52b7c
4fe29
592d0
4fd3f
52a8b
58096
527c1
5bd9c
52a8c
5c58c
53998
4fd43
5809a
5809b
524f0
53f3f
50b57
53f40
50b58
4fd48
54219
50b5a
4fd4a
545e1
50b5c
4fd4c
5c591
4fd4e
55946
50b60
5bda0
53d54
58c5a
545e3
4fd52
58c5c
5594b
524f2
57dde
533f4
5c049
53308
5834a
53309
52a92
5c595
57b34
524f7
5bda1
539a0
524f9
5c597
533f5
5842a
52b7e
4fd5f
5bda3
57c16
5b5b4
57ec3
5b859
58350
53a80
4fd64
592d5
57c18
5b85a
57ec5
5c599
592d6
5842f
4fd69
58351
592d8
58431
57b36
5c59c
4fd6e
58d52
4fd6f
58d53
58353
4fd72
58433
5c59f
4fe2c
53b6e
526d0
53b6f
4ff1a
593b9
53b70
4ff1c
52318
537a6
503c7
537a7
503c8
53a83
503c9
5be81
52b81
4fe36
5069c
533f7
4fe38
52b83
4fe39
5430a
50c4b
4fe3b
543f1
50c4d
4fe3d
549a8
50c4f
506a4
535c7
5be83
55a31
4fe42
546d4
50c54
587c9
543f6
4fe45
4fe46
534e1
4fe47
57ec9
525e5
53a87
525e6
4fe4a
53a88
525e8
5b93b
57c1f
4fe4d
5b93c
58438
526d2
53b71
4fe50
58515
53a89
52d5d
58b74
52d5e
58e39
533fc
4fe55
5843b
543f8
535cc
5be88
57fb4
4fe59
58b77
4fe5a
5b93f
593c1
53b73
4fe5d
5c67f
58b78
57fb7
5be8c
57ecc
5b941
5843c
5be8e
593c4
5b943
50009
50f2c
4ff1f
5302b
594a2
52d60
5000d
594a4
4ff23
52c71
543fb
526d5
5c754
52f3e
501eb
5c755
53f45
501ed
5c756
544e4
501ef
4ff2b
504c1
5330b
4ff2d
5330c
4ff2e
535d3
4ff2f
57cf7
504c5
5bf68
4ff32
55b1a
50798
5bf6a
53f47
588b2
547c8
4ff36
588b4
55b1f
526d8
57fb8
5302e
5c221
52f40
5851e
52f41
52c78
5c75d
5778c
526dd
5bf6b
535da
526df
5c75f
5302f
585fe
52d62
4ff43
5bf6d
5786e
5b77c
5809d
5ba21
58524
53b7c
536bd
594a8
58601
536bf
58f24
57871
5bf6f
58602
536c2
5c762
594ac
58605
5778e
5c764
4ff52
58f26
4ff53
58f27
58527
4ff56
58607
5c767
50010
53d56
528b4
53d57
50104
5958d
53d58
50106
50880
527c6
53c6a
50882
53c6b
50883
50019
544ef
50885
5001b
548b8
50887
5001d
5c2e3
524fa
53c6c
51f53
57de5
527c8
57de6
527c9
5c2e5
53c6e
505b8
537ab
5c04d
55689
50026
548b9
5088c
589a3
5402e
50029
5002a
536c7
5002b
580a3
527cb
53c6f
527cc
5002e
53c70
527ce
5bb03
57877
50031
5bb04
5860c
528b6
53d59
50034
586e9
537ae
5900c
57959
5b309
53c71
53036
50039
5860f
54030
537b0
5c052
58188
5003d
587cf
5003e
5bb07
59595
53d5b
50041
5c2ef
5bb08
57879
5818a
5c057
5818b
58610
5c058
59598
5bb0b
503cc
50973
537b5
503ce
537b6
503cf
54120
53125
503d1
549a9
53b7e
503d3
54f72
54123
52044
534e9
506a6
534ea
506a7
53d5f
506a8
5c12f
52e59
50115
5097b
58a8a
538aa
5c3ca
54125
50119
55775
5097f
5c3cc
58a8f
53217
5be90
5795f
5011e
538ab
5967a
5321a
528bd
53d61
528be
50122
53d62
528c0
5bbe7
57961
50125
5bbe8
586f6
52a94
588b6
52a95
590f7
52e5d
5012a
5c3d0
54038
53e55
5012d
5967d
57a4a
5bbea
57cfd
5c3d1
5967e
58265
50132
5c139
59681
58190
50135
57a4c
5bbed
57a4d
50138
58269
5c3d6
586fb
501f1
538b3
55b20
53038
502e5
55b22
501f5
537c1
55a36
52f46
506ad
55a38
501f9
52f47
58528
52c7b
5c768
52f48
5ca04
53e5a
501fd
5852c
5852d
529a8
54406
51020
54407
51021
50202
546db
51023
50204
55066
51025
50206
5ca09
50208
55dde
51029
5c76c
5421f
590fe
55068
5020c
59100
55de3
529aa
5826a
538b6
5c4bd
537c6
587d2
537c7
52f4e
5ca0d
57fc0
529af
5c76d
53e62
529b1
5ca0f
538b7
55b24
5303a
50219
5c76f
580a8
5ba28
58355
5c225
587d8
5440b
53f4f
588be
55b27
53f51
50221
5c771
580aa
5c227
58357
5ca12
588c2
55b2b
55b2c
588c5
50228
5c775
5826f
58f2c
5ca16
58f2d
5022d
5ca17
5312b
548bb
52b89
502e9
548bc
55691
52d6c
544f8
527d3
58613
52a9a
58614
52a9b
5cae9
544fa
50894
51111
52a9c
544fb
51113
544fc
51114
502f5
547d8
51116
502f7
54bac
51118
502f9
5caed
548c1
502fb
591e7
5111c
55eca
54312
5caef
55ecc
5111f
524fc
580ae
524fd
5bdae
53040
547d9
53041
52aa1
588c8
53f5c
50306
5835d
52aa4
50308
5c2fa
5312d
548c4
52b8b
589a7
588cb
53a94
592dc
58193
5bb0d
547da
53a95
589a8
55695
53a97
50312
5c2fd
58194
5bdb3
58441
5caf6
547db
55698
548c7
50318
5c300
589af
5bdb5
580b3
58442
5c302
58443
588ce
5c303
52c7c
5412b
504c8
55779
5412c
504ca
528c4
53d65
50982
53d66
50983
5403f
50984
5c3d9
53131
503e2
50c57
539ab
503e4
53133
503e5
548c9
51206
503e7
549b0
51208
503e9
54f73
5120a
50c5f
53b85
5c3db
55fb3
503ee
54c9f
5120f
58d57
549b5
503f1
503f2
53a9f
503f3
58445
52b91
54043
52b92
503f6
54044
52b94
5be93
5819b
503f9
5be94
589b4
52c7e
5412d
503fc
5577d
54045
5330d
59102
5330e
593c7
539b0
50401
589b7
549b7
53b8a
5c3e0
58a94
55781
50406
59104
53b8e
593c9
5412f
50409
5cbdb
5be98
55785
58532
5c3e5
58533
5819c
5cbde
50410
5be9b
505b9
53c75
504cc
535e0
53c76
504ce
507a3
534f1
504d0
53222
504d1
549bb
50d4c
504d3
54aa2
50d4e
504d5
55069
50d50
507ab
5240c
53e65
50a7d
53e66
50a7e
54133
50a7f
5c4bf
53225
504dd
50d52
58e3e
53c78
5ccb6
54aa6
504e1
5609f
50d56
5ccb8
58e43
535e1
5c778
57d07
504e6
53b94
504e7
58a9b
53b95
504e9
58536
53b97
5ccba
58a9d
53b99
504ed
53c79
58b7a
535e4
53229
504f0
58618
504f1
591ed
504f2
5ccbc
549bf
54224
504f5
58b7d
5586a
53c7e
5ccbd
5861a
504f9
591ef
504fa
5c4c9
58b81
58b82
5bf7c
57d0a
5ccc1
50500
594b4
50501
594b5
58aa3
505bd
536d1
5594c
53402
506b1
5594e
505c1
53313
54aac
52d73
5c83c
535e6
50898
5c83d
54047
5089a
5c83e
545e9
5089c
505c9
50b6e
539b1
505cb
539b2
505cc
53c83
505cd
58363
50b72
5c5a4
505d0
55c0a
50e45
5c5a6
54049
58f30
54e85
505d4
58f32
55c0f
52d76
5861e
536d4
5c305
535e8
58b84
535e9
5331a
5c845
57df2
52d7b
5c5a7
53c8a
52d7d
5c847
536d5
55950
53404
505e1
58702
505e2
58d5b
505e3
5c5a9
58b8a
5422e
53d6d
58c66
55953
53d6f
505e9
5c5ab
57ed6
5c05f
58705
5c84a
58c6a
55957
55958
58c6d
505f0
5c5af
58623
58d5e
5c84e
58d5f
505f5
5c84f
52e64
54318
50f2e
54319
50f2f
506b6
545f4
50f31
506b8
54f75
50f33
506ba
5c923
506bc
53407
5844a
52b99
5c686
53408
5c924
53d76
506c0
5844e
5844f
546e3
506c3
59019
50f38
55cf6
5413c
5c927
55cf8
50f3b
528c6
57eda
528c7
5c13e
52f52
546e6
529b5
587dd
536da
58c6e
536db
5340c
5c929
57edc
52e6d
5c68b
53d7c
52e6f
5c92b
57fc4
5b944
58277
5c141
58c73
545f6
53d7e
506d8
55a3c
546e8
506da
5c142
587e1
53e6f
59686
57fc7
5c690
55a40
546e9
506e0
55a43
5c930
5c145
57edf
5827a
5c694
5827b
58c76
5c695
53046
54ab2
5089f
560a3
54ab3
508a1
52f54
549c0
50c67
55fb9
549c1
50c69
52c8c
5413d
50d59
5413e
50d5a
549c3
50d5b
5ccc5
534fd
507b9
529b6
5853a
529b7
5c77a
534fe
54ca4
534ff
52f5b
58d62
5441a
507c0
587e9
52f5e
507c2
5ccc8
535ed
54d96
53049
58e4b
58d65
54508
594b6
55b2f
5bf81
54ca5
5441e
507ca
560a8
54d98
507cc
588d2
5450c
594b9
5450d
507cf
5cccc
560ac
54d99
507d2
594ba
507d3
594bb
507d5
5cccf
587ea
507d7
58d68
5ccd1
53138
545f8
50991
55c11
545f9
50993
52d7e
5422f
50e4b
54230
50e4c
54ab8
50e4d
5c851
535f1
508ab
52aa8
5862a
52aa9
5c306
535f2
54d9a
535f3
5304f
58e56
54514
508b2
588d9
53052
508b4
5c854
536e1
54e88
5313b
58f35
58e59
5404e
595a0
5569d
5c065
54d9b
5404f
58f36
55c17
54051
595a2
5569f
5c857
55c18
54054
5d05b
54d9c
55c1a
54e8b
508c4
595a4
508c5
595a5
508c7
5c85b
588da
5c30e
58e5c
5c85d
5322c
546ea
50a83
55cfb
546eb
50a85
52e70
54321
50f3d
54322
50f3e
545fe
50f3f
5c935
536e5
5099d
52b9a
58714
52b9b
5c3ea
536e6
54e8c
536e7
53141
58f40
5405a
509a4
589c3
53144
509a6
5c938
537d3
54f7a
5322f
5901f
58f43
54142
5968a
55787
5c149
54e8d
5405e
509ae
55d00
54f7c
509b0
58aac
54146
5968d
54147
509b3
5c93c
55d04
54f7d
509b6
5968e
509b7
5968f
5c3f1
55d07
589c4
5c3f2
58f46
5c941
5331e
547dc
50b75
55de5
547dd
50b77
529b8
5441f
5102f
54420
51030
546f0
51031
5ca1b
537d7
50a8f
52c8e
58282
52c8f
5c4ce
537d8
54f7e
537d9
53235
5902a
5414e
50a96
58ab3
53238
50a98
5ca1e
538c5
5506c
53321
59109
5902d
54234
59774
55871
5c22d
54f7f
54152
50aa0
55dea
5506e
50aa2
58b96
54238
59777
54239
50aa5
5ca22
55dee
5506f
50aa8
59778
50aa9
59779
5c4d5
55df1
58ab4
50aad
59030
5ca27
53410
548ce
50c6b
55ecf
548cf
50c6d
52aaa
54519
51121
5451a
51122
547e2
51123
5caff
538c9
50b81
52d80
5836c
52d81
5c5b2
538ca
55070
538cb
53327
59114
54240
50b88
58b9d
5332a
50b8a
5cb02
539b7
54bb2
53413
591f3
5595a
5bdb8
58451
5c5b5
59117
55071
54244
50b92
55ed4
54bb4
50b94
58c80
5432a
592e5
5432b
50b97
5cb06
55ed8
54bb5
50b9a
592e6
50b9b
592e7
50b9d
5cb09
58b9e
50b9f
5911a
5cb0b
52b9c
5405f
51213
54060
51214
548d4
51215
5cbe3
539bb
50c73
52e72
58456
52e73
5c696
53504
54ca7
52f63
58d6b
53c95
591fc
53c96
539be
5ce8e
58458
5341b
5cbe5
54334
5341d
5ce90
55a44
5be9c
58541
5c699
59201
54bb7
54336
50c84
55fbe
54ca9
50c86
587f4
54426
593cf
54427
50c89
5cbea
55fc2
54caa
50c8c
593d0
50c8d
593d1
50c8f
5cbed
58c88
50c91
59204
5cbef
535f8
55073
50e51
56625
55074
50e53
53506
54f81
51219
5653b
54f82
5121b
53508
58d74
5442c
5cf7e
54339
592e8
5433a
53ab8
5d4d7
58ab8
5350d
5d229
549d3
5350f
5d4d9
5442d
56628
53ba9
50d71
5d22b
55876
5c4d8
560b1
5ccd7
592ee
54f86
54ac2
593d4
5662b
54ac4
58e60
55879
5d22d
5662c
54ac7
5d4dc
593d8
5662f
5587a
5ccda
5587b
50d80
5d231
593db
5ccdc
58abb
50d85
5d4e1
53c9a
5543b
536eb
50e56
5543c
56195
5451d
5d061
58ba7
50e5a
54ac9
50e5b
593dd
54aca
50e5d
58e66
54acc
5d5bc
593df
54ace
50e61
54606
594bc
54520
53bad
50e64
55c1e
50e65
58c8b
50e66
5d5be
5543e
54609
5cdb8
55c20
50e6a
58c8d
50e6b
5c865
594c1
54acf
50e6e
5cdbb
594c3
55c22
5cdbc
55c23
5619e
594c5
50e74
5cdbe
58e69
593e5
50f46
54061
5627c
53d8d
51036
5627e
50f4a
5460e
50f4b
58f4f
536ef
54bbe
536f0
50f4e
54bbf
536f2
5c945
58c93
50f51
5c946
594ca
537de
54cad
50f54
56281
54bc0
53e7c
587f8
53e7d
59033
54523
50f59
594cd
55530
546fb
5ce9c
55d0a
50f5d
587fb
50f5e
5c949
595ab
54caf
50f61
5d6a5
587fc
5d6a6
587fd
595ae
50f65
58c94
5d6a8
50f68
5c94d
51126
547e8
51039
54154
547e9
5103b
5323a
587fe
5323b
5ca28
53d90
55533
53d91
537e3
595b2
54703
51042
5903b
537e6
51044
5cf80
53e80
55621
538d1
59691
595b5
547eb
5911c
55b35
5c785
55534
54707
5104c
5636c
55623
5104e
588e4
547ef
5911f
547f0
51051
5cf84
56370
55624
51054
59120
51055
59121
5ca2f
56373
5903c
51059
595b8
5cf89
539c0
54e8f
5121d
56451
54e90
5121f
538d2
59122
54248
5cdc1
54159
5969a
5415a
53e84
5d30f
588ea
538d7
5d063
547f7
538d9
5d311
54249
56454
53f73
51139
55edc
5113a
589cd
5113b
5d065
596a0
54da5
548de
5977c
56457
548e0
59208
556a5
5d067
56458
548e3
5d314
59780
5645b
556a6
5cb12
556a7
51148
5d06b
59783
5114b
5d06c
5114d
5d319
5433c
5cea4
589d3
51222
549d6
592f2
5433f
539c5
54e94
539c6
51226
54e95
539c8
5cbf1
589d5
51229
5cbf2
59788
53bae
58abc
53baf
58d7b
53f77
5122e
5d3f6
5516d
54f88
51231
592f5
5578e
5cbf4
55fc9
5d3f7
592f6
56543
51236
5d14d
592f9
55fca
5d14e
55fcb
56546
5d3fb
5123c
5d150
59211
5978d
5130a
517c4
52138
527d6
518b8
55628
52d83
547fc
519a8
55444
527d9
51b8d
5516f
51315
5222b
51317
527dc
569da
51319
56375
569db
5131b
57216
527e0
5b227
54524
5131f
5a13a
55dfa
596a4
55b3d
51322
56378
54803
59938
51325
51326
54e9b
55dfd
57217
55dfe
57218
55b41
5912a
5132b
59853
5637d
569df
5132e
5993c
51330
59dac
548ec
513ff
52e74
5222e
51401
5b5b6
54e9d
52046
51404
52b9e
54340
51406
5222f
528cd
5240e
556a8
56d82
528d0
5a85b
56d83
528d2
5adb2
5a85d
5b5b8
548f0
54341
51412
56460
59a1a
55ee5
548f4
59f72
589d9
51416
548f7
54f8c
5d6aa
56463
5993e
56464
59e91
55ee9
59790
556b0
5141e
59a1f
56d87
589db
5cb18
59a21
5a696
514f0
51a9c
5323c
549df
51a9e
514f4
5a302
52411
51d70
55352
549e1
51d72
52413
52321
52500
55fcc
573e8
55793
514fe
573e9
56bb0
5b69b
51501
51502
5507e
549e3
549e4
58ac2
51505
5654b
55796
5a303
58d81
549e8
5a057
5562b
5150c
56bb1
5150d
56bb2
5a779
5654f
59b02
55fd4
5579b
5cbfb
573ed
58d83
51513
5cbfd
515e1
518bb
55447
54ad1
518bd
51e64
52502
51b92
55357
52aae
54ad3
51c81
55174
515ec
5b228
515ee
56632
5aa22
560b7
52509
5aa24
56f58
515f2
5250c
53ca2
55175
5544b
5587e
58e6a
54ad7
59be3
560ba
515f9
593e7
59be5
5a3e8
515fd
55881
56f59
55882
56f5a
51600
58bae
5ccde
5663a
560bf
51603
59b08
593e9
59b09
51607
517c5
52047
516d5
54e9e
5553b
516d8
52b9f
51f59
516da
5b30a
54bc8
52322
516dd
52048
516df
525f9
56806
516e1
561a1
56807
516e3
575be
525fd
5b060
54342
516e7
59f77
55c26
594d0
55969
516ea
561a4
5461f
59cc8
516ed
516ee
54cb8
55c29
575bf
55c2a
575c0
5596d
58f56
516f3
59beb
561a9
5680b
516f6
59ccc
516f8
5a13f
51e68
517c7
529bc
5415d
517c9
51d74
5204a
517cc
54cb9
526e8
51d78
517cf
5213e
517d1
526eb
568f0
517d3
5628b
568f1
517d5
576a8
526ef
5b144
54434
517d9
5a05b
55d10
595ba
55a53
517dc
5628e
54711
59858
517df
517e0
54dac
55d13
576a9
55d14
576aa
55a57
59040
517e5
5985b
55d17
568f5
517e8
5985c
5c951
5a223
54dad
518c1
51e6a
53604
53330
54dae
526f3
52e77
5637e
57790
560c1
518c9
57791
56f5e
5ba2b
518cc
518cd
56380
59e94
58e6f
54db1
59e96
56382
518d1
54db4
5544d
560c5
596aa
55a5d
5cf8b
568fc
59db0
568fd
5a308
56386
560c9
5cf8c
57795
518dc
5a309
54e9f
519b4
53421
52e79
51f5e
519b7
529bd
55c2e
57304
52e7c
5adb6
57305
52e7e
5b30d
5adb8
5bb10
55c30
59792
55b45
519c1
569e3
55c32
5acd3
519c4
519c5
55b46
58f5a
519c7
59f7d
5646e
5787d
5646f
5787e
55c36
519cb
59f7e
57309
59e9f
519cf
51b95
528d5
529be
5204f
51aa8
5a85e
51aaa
529c1
57130
51aac
56acb
57131
51aae
57966
529c5
5b3f2
556b2
59042
54f94
5a05d
56555
54f96
5a5b3
5a05f
5a860
51ab8
56acf
5d152
59303
55d1e
573f1
55d1f
573f2
51abc
59f81
56ad3
57135
51abf
5d155
51b96
5213f
5241c
51b99
5bcd6
55632
5a5b5
51b9d
56bb4
5af7d
5663d
52ab5
5af7f
574da
51ba1
52ab8
55085
56bb6
51ba4
593eb
55e05
51ba6
56bb8
55089
5a698
5985e
56641
5a144
5912f
51bac
56ca1
51bad
56ca2
5a861
56bbc
56645
51bb0
5a066
5a147
5a862
51c89
52232
539cc
5314c
54bca
5250f
52c93
561aa
57b38
55eed
51c91
57b39
56d8a
5b863
51c94
51c95
561ac
5a224
59217
54bcd
5a226
561ae
51c99
54bd0
55269
55ef1
594d6
55889
5cdc3
56728
5a148
56729
5a69a
561b2
55ef5
5cdc4
57b3d
51ca4
5a69b
525ff
52c94
52325
51d7e
5ab0c
51d80
52c97
56e72
51d82
5680d
56e73
51d84
57c24
52c9b
5b69e
55970
58d84
54cbe
59db5
56297
54cc0
5a30a
59db7
5ab0e
51d8e
56811
5cea6
595c1
55fdc
576af
55fdd
576b0
51d92
59dba
5629d
56e77
51d95
5a22f
51e6d
52327
52c9d
53331
52420
51e72
53333
56646
57796
53335
5b784
57797
53337
5bcd9
5b786
5bf84
55fe0
593ee
55a5f
51e7c
56e7b
5664a
5b149
51e7f
51e80
56905
5d4e3
593f1
5664c
57799
5664d
5779a
51e84
5a30d
56e81
574e3
51e87
5d4e6
51f60
52510
52d90
51f63
5c066
51f65
53427
575c8
51f67
56f63
575c9
51f69
57df8
5342b
5b866
55b48
56f64
55451
5a4d5
569ed
55453
5aa2b
5a4d7
5b22e
561b9
5a4d8
560cd
51f74
575cb
51f75
575cc
5b14b
56f6a
569f3
51f78
5a3fa
5a4db
5b14c
52053
52603
53d95
53514
5aa2d
52058
5704c
5b3f3
56ad5
52f6f
5b3f5
5796c
5205c
52f72
55542
56ad6
5205f
595c3
562a1
52061
57050
55546
5ab10
55c3a
595c4
556b9
5d6ac
57052
5a4dc
57053
5aa2e
56adc
562a7
5d6ad
57ee5
5206c
5aa2f
55633
52146
53605
5305d
529c9
5314d
56bbe
57fca
56389
5214c
57fcb
57222
5c22f
5214f
52150
5638a
5a69c
55d23
55636
5a69e
56bc2
52154
55639
557a2
5713b
52157
5a6a1
56bc4
57fcd
56bc5
57fce
56390
5215b
5a6a2
57a59
5a5c3
5215f
52328
52ab9
5314e
527e8
5223a
53150
56472
57b3e
53152
5b5bc
57b3f
53154
5bb11
5b5be
5bdbc
55e0c
59796
5588b
52244
56ca7
56476
5af81
52247
52248
56731
5d31b
59799
56478
57b41
56479
57b42
5224c
5a6a5
56cad
5730f
5224f
5d31e
52329
528d9
53abf
537ea
5acd9
5232e
56d8e
5b69f
56817
53245
5b6a1
57c2a
52332
53248
5526c
56818
52335
59305
5655f
52337
56d92
55270
5a867
55ef8
59306
55977
5d400
56d94
5a788
56d95
5acda
5681e
5233f
5a789
581a3
5d402
5acdb
53249
538dd
529cc
52424
538df
56bc8
57d12
538e1
5bcdc
57d13
538e3
5c231
5bcde
5c4dc
56566
59a27
55fe5
5242e
57a5d
5242f
57a5e
5b5bf
573ff
56bce
52432
5a86a
52434
5b5c0
52514
53f7a
539d1
5333d
539d2
56f6c
58372
56737
5251a
58373
57b46
5c5bf
5251d
5251e
56738
5aa30
56651
56739
57dff
5673a
57e00
52522
59b0d
56f72
57b49
52525
5a953
52605
52baf
54343
53ac1
5af85
5260a
575ce
5b94b
57057
5351b
5b94d
57ee8
5260e
5351e
55978
57058
52611
59bf0
57059
5845f
5705a
58460
56825
5ab16
575d4
57eeb
59bf2
52619
52ca0
52f74
526f9
5c786
526fb
5360b
5779c
526fd
576b9
5779d
526ff
58548
5360f
5bf86
55d26
576ba
55a63
5abf9
576bb
5ab18
576bc
5b06a
57145
52707
5ab19
5854b
5abfb
5b06b
53065
536fa
52d94
527ec
536fc
569f4
580ba
536fe
5bb14
580bb
53700
5c069
5bb16
5c314
56392
5985f
55e11
527f6
57889
527f7
5788a
5b3f7
5722b
569fa
527fa
5abfe
527fc
5b3f8
528dc
53d96
537ed
53159
538e6
56d98
5871a
56adf
528e2
5871b
57972
5c3f7
528e5
528e6
56ae0
5a86c
5647d
56ae1
581a7
56ae2
581a8
528ea
59945
56d9e
57975
528ed
5ace3
529cd
52f77
54714
54437
5b315
529d2
57976
5c233
57402
53e8f
5c235
58290
529d6
53e92
55d28
57403
529d9
59f85
57404
5880b
57405
5880c
5714c
5aea6
5797c
58293
59f87
529e1
53068
538e8
52ac1
5cb1a
52ac3
53f80
580c0
52ac5
57a61
580c1
52ac7
588f4
53f84
5c316
56652
57a62
55e13
5af89
57a63
5aea8
57a64
5b3fa
574f0
52acf
5aea9
588f7
5af8b
5b3fb
539d9
53ac3
5315c
52bb4
53ac5
56d9f
58462
53ac7
5bea4
58463
53ac9
5c3f9
5bea6
5cc00
5673d
5a14c
561c1
52bbe
581ad
52bbf
581ae
5bcdf
57b4f
56da5
52bc2
5af8e
52bc4
5bce0
52ca4
54160
53bb6
53521
53ca6
576bf
58ac6
56e8a
52caa
58ac7
57d1a
5cce3
52cad
52cae
56e8b
5b150
56828
56e8c
5854f
56e8d
58550
52cb2
5a232
576c5
57d1d
52cb5
5b073
52d95
5333f
54adc
54253
5b6a5
52d9a
577a2
5c06b
5722e
53cac
5c06d
58638
52d9e
53caf
560d0
5722f
52da1
59dbd
57230
58bb3
57231
58bb4
56f78
5b236
577a8
5863b
59dbf
52da9
53430
53704
52e89
5c952
52e8b
53d9c
57eec
52e8d
5788d
57eed
52e8f
58c9c
53da0
5c6a6
5647e
5788e
55c3f
5adc5
5788f
5b238
57890
5b78a
5731c
52e97
5b239
58c9f
5adc7
5b78b
53da2
54438
53524
52f7c
5443a
576c6
5880e
5443c
5c78c
5880f
5443e
5cce5
5c78e
5cf90
57064
5a4e0
56ae8
52f86
58555
52f87
58556
5c06f
57ef7
576cc
52f8a
5b31a
52f8c
5c070
5306c
54add
5452c
53e96
5452d
57a67
58e72
57235
53072
58e73
5863e
5d073
53075
53076
57236
5b4e0
5714f
57237
588fb
57238
588fc
5307a
5a5c6
57a6d
58641
5307d
5b403
5315d
53707
54ea7
54624
5ba35
53162
580c6
5c3fb
57b52
54076
5c3fd
589e4
53166
54079
56480
57b53
53169
5a6a9
57b54
58f5f
57b55
58f60
57323
5b5c6
580cc
589e7
5a6ab
53171
537f8
53acd
53251
5d23a
53253
54166
58294
53255
581b1
58295
53257
59048
5416a
5ca3a
56829
581b2
5656b
5b6a9
581b3
5b5c8
581b4
5bb1a
57c40
5325f
5b5c9
5904b
5b6ab
5bb1b
53bbe
54255
538ec
53344
54257
574f2
58bb6
54259
5c5c4
58bb7
5425b
5cb1d
5c5c6
5cdc8
56e90
5a318
56914
5334e
58381
5334f
58382
5bea7
57d23
574f8
53352
5b6ae
53354
5bea8
53434
548f9
54348
53cb2
54441
57893
5921a
575dd
5343a
5921b
5846a
5ceab
5343d
5343e
575de
5b31c
56f7b
575df
58ca3
575e0
58ca4
53442
5a3fe
57899
5846d
53445
5b793
53525
53ad0
55272
54f9b
5bdc5
5352a
5846e
5cce7
57efa
549f2
5cce9
58d90
5352e
549f5
5682b
57efb
53531
5aa39
57efc
5930b
57efd
5930c
57c47
5b956
58474
58d93
5aa3b
53539
53bc1
54443
53619
5d5cb
5361b
54ae3
58bbc
5361d
58559
58bbd
5361f
593f4
54ae7
5cdca
57150
5855a
56916
5ba39
5855b
5b958
5855c
5beaa
57fe8
53627
5b959
593f7
5ba3b
5beab
54534
54626
53cb5
5370c
54628
5789a
58f62
5462a
5c958
58f63
5462c
5cead
5c95a
5d6b1
5723b
5ac00
56cbf
53716
58ca9
53717
58caa
5c78f
58647
578a0
5371a
5ba3e
5371c
5c790
537fc
54cc4
54719
5407c
54809
581b7
595c6
57985
53802
595c7
58816
5d794
53805
53806
57986
5bc00
57326
57987
5904f
57988
59050
5380a
5ace6
581bd
58819
5380d
5bb23
538ed
53e98
5563a
54db7
5c155
538f2
5829a
5cb1f
57d26
5480f
5cb21
59138
538f6
54812
56bd3
57d27
538f9
5a871
57d28
596b3
57d29
596b4
57a73
5bce6
582a0
5913b
5a873
53901
53f89
5425f
539e1
5d403
539e3
548ff
589e8
539e5
58385
589e9
539e7
5979c
54903
5d15a
56f7c
58386
56742
5b875
58387
5bce8
58388
5c23a
57e14
539ef
5bce9
5979f
5b877
5c23b
54905
55549
5c31d
53ad6
58475
5d23f
59053
53ad8
59310
581bf
53ada
53adb
556bf
59055
556c0
59056
53ade
5bdc9
57b5f
5af90
575e6
53ae1
5af92
5847b
5af93
53ae5
5416f
5508f
549f8
55090
57d2c
593f8
557a7
5d322
5913e
55094
5cdcd
5d323
53bce
58ada
53bcf
58adb
5cc07
593fd
576cf
58adc
56e95
5bf91
58add
57d32
53bd5
5beb3
53cb6
54262
53cb8
54bd6
55890
59226
54bd8
59bf4
55892
53cbd
58bc3
59bf5
5ceb2
5864b
5bf94
5864c
5c4e6
5922b
56f7e
5864d
53cc4
5b159
5864e
53cc6
5bf96
53cc8
5ccec
53da9
59cd7
53dab
54cc9
58cac
53dad
595cd
54ccb
5cf94
58734
54ccd
54cce
57f02
595cf
57f03
595d0
5597f
53db5
57f04
5c158
578a2
57f05
5c15a
58cb2
5c15b
5c5cb
54721
55365
5c6ad
53e9e
582a1
5d077
58e7f
53ea0
596b8
57feb
53ea2
53ea3
55a67
58e81
55a68
58e82
53ea6
5c15d
5798b
5adc8
57412
53ea9
5adca
582a7
5adcb
53ead
54537
54eab
54814
54fa4
580d4
597a0
55b4f
5d6b2
58f6a
54eb0
5d15d
5d6b3
53f96
58906
53f97
58907
5ca3f
597a5
574fb
58908
56cc1
5bdcd
58909
580da
53f9d
5c243
5407f
54eb4
5563c
55c40
595d2
556c3
59f88
55c42
5554e
5d79a
59f89
54088
589f7
54089
589f8
5d07b
595d7
57b61
58f72
5732a
5c405
58f73
58740
5408f
5c323
54171
54fa6
5563d
55d2a
596bc
557ad
5a06c
55d2c
55641
5d326
5a06d
5417a
58ae1
5417b
58ae2
5d15f
596c1
57c4b
5905c
57414
5c4e9
5905d
582ae
54181
5c40b
54263
55098
55274
55e14
597a6
55897
5a150
55e16
55187
5d40a
5a151
5426c
58bcb
5426d
58bcc
5d243
597ab
577b9
59146
574fe
5c5cd
59147
58398
54273
5c4ef
54355
54bde
55366
55efe
59314
55981
5a234
55f00
55279
5d4ee
5a235
5435e
58cb5
5435f
58cb6
5cdcf
59319
578a3
59230
575e8
5c6b1
59231
58482
54365
5c5d3
54447
54cd0
55458
55fe8
593fe
55a6b
59dc0
55fea
5536b
5d5d2
59dc1
54450
58823
54451
58824
5ceb3
59403
5798d
58d9e
576d2
5c795
58d9f
5856c
54457
5c6b7
54539
54dc2
55551
560d2
594e8
55b55
59ea4
560d4
5545d
5d6b6
59ea5
54542
5890d
54543
5890e
5cf97
594ed
57a77
58e88
57240
5c325
58e89
58656
54549
5c79b
54632
55461
55c46
594ee
55c47
594ef
55988
54637
58cbc
5c960
58658
58cbd
5c962
594f2
5c963
5cdd3
55552
54726
58828
54727
58829
5d6b8
562b0
581c7
595da
57990
5ca45
595db
5882c
5472d
5c967
54816
55645
55e1a
596c2
55e1b
596c3
55b5c
5481b
58914
5cb28
582b0
58915
5cb2a
596c6
5cb2b
5cf9b
5518a
5490a
589fc
5490b
589fd
5d328
56484
57e1f
597ae
57b64
5cc0d
597af
58a00
54911
5cb2f
549fa
5527d
55fee
5931a
55fef
5931b
557b4
549ff
58ae8
5ccf0
58484
58ae9
5ccf2
5931e
5ccf3
5d163
5536e
54aee
58bd0
54aef
58bd1
5d4f0
56658
57ff3
59406
577bc
5c881
59407
58bd4
54af5
5ccf7
54be0
56743
5d32a
561c8
5cdd4
58659
5bf98
5923b
54be4
5cdd5
56745
5865a
54be7
5bf9b
54cd2
5682d
5d40e
562b2
5cebc
58743
5c07c
58da9
54cd6
5cebd
5682f
58744
54cd9
5c07f
54dc4
56917
5d4f2
5639c
5cfa0
582b1
5c160
58e93
54dc8
5cfa1
56919
582b2
54dcb
5c163
54eb6
56a01
5d5d6
56486
5d084
5839b
5c244
58f7d
54eba
5d085
56a03
5839c
54ebd
5c247
54fa8
56aeb
5d6ba
56570
5d168
58485
5bdd0
59067
54fac
5d169
56aed
58486
54faf
5bdd3
5509a
56bd5
5d79e
5665a
5d24c
5856f
5beb4
59151
5509e
5d24d
56bd7
58570
550a1
5beb7
5518c
56746
5a06e
56489
5d32c
5839d
5c4f0
55e23
55190
5d32d
56cc4
58bd8
55193
5c4f3
5527e
56830
5a152
56573
5d414
58487
5c5d4
55f0d
55282
5d415
56dae
58cc2
55285
5c5d7
55370
5691a
5a236
5665d
5d4f8
58571
5c6b8
55ff7
55374
5d4f9
56e98
58830
55377
5c6bb
55462
56a04
59dc2
561cb
5d5dc
5865b
5c79c
560e1
55466
5d5dd
56f82
5891a
55469
5c79f
55554
56aee
59ea6
562b5
5d6c0
58745
5c328
55c4f
55558
5d6c1
5706c
58a04
5555b
5c32b
55646
56bd8
59f8a
5639f
5d7a4
582b3
5c40c
55d39
5564a
5d7a5
57156
58aee
5564d
5c40f
556d5
557c0
5d7a8
5beb8
5d7a9
59a36
556d9
5cc15
5e298
59950
55b68
59951
5d16d
55b6a
5e223
5c32d
55b6c
562b7
59bfc
55c52
595e8
58a05
5c884
58748
556e5
5d253
595ec
55c57
5d7ac
5bb28
5cec0
595ef
5cec1
5c330
55c5b
556ec
556ed
55c5e
5c96a
556ef
5c96b
55c60
5d6cc
5bdd7
55c62
556f3
55d3b
59329
556f5
5906c
5648b
59954
55f10
5732c
58a07
5d089
5648e
556fa
59a39
56490
5cb34
55f15
556fd
59f8d
56493
556ff
55700
5d4fd
5bdd9
55702
56498
5dcbe
59a3e
55705
5e3f0
5d4ff
5649c
55708
55709
5906d
5cb36
58a0a
5891b
5cb37
5570d
5d257
5932e
5c412
59071
5c413
59330
55711
5d176
5ccf8
59075
55714
55715
59078
5f659
5dfe4
5ccfa
5f65b
5d503
5907c
5571b
5571c
5bddf
5f48d
5bb2f
5571e
5cc16
59339
55720
5f491
55722
5cb38
55723
55724
5d842
5c416
5d8b3
5d25f
55727
5e29b
5e29c
5cc19
5572a
5f5e7
5cb3a
5c33b
5572d
5572e
5f5e8
5cc1b
5c33c
5c4f6
5f500
5dbd9
55733
55734
5f502
5d8b9
55737
5dbdb
55739
558a9
5674a
557c7
5c4f8
5e056
5cdde
558ad
5e058
557cb
57157
5d7b3
56bde
55d3f
596d3
557ce
5907f
596d5
557d0
5cddf
596d7
55d44
5c419
557d3
5c165
55d46
5d7b5
5c41b
596dc
596dd
5c166
5d7b7
5bc0f
5f7b3
5c41d
557db
5f7b5
5d7b9
5f7b7
56bdf
5d266
56660
557e0
56e99
5a791
56be2
55ffb
5933c
557e3
58dae
5657b
557e5
5bebe
5d7bb
59a49
5657e
557e8
5a071
56580
56581
56004
5d268
56583
59dc6
557ee
5dd32
59b23
56587
5e464
5dd35
5dd36
58573
5bec0
57d3a
59416
5bec1
58a0e
59417
557f8
5bc10
5d269
5b6b5
557fa
5cde4
5941b
5915e
5d5e4
5c886
5941e
5941f
5cde7
59163
55802
5d5e6
59165
5f6cf
5dda8
5dda9
5b6b6
5ca52
59421
5ca53
5b960
5f506
5ccff
5bec7
59425
5bec8
5d7bd
5cc23
5d270
59b25
5cdea
55810
5d927
5cdec
59b28
5b962
5f50a
5cd02
5beca
55816
5d7bf
5d273
5d274
5bf9f
5e05e
5d8c1
5dc4b
5581c
5f574
5d92b
5dc4d
5581f
55820
5e061
5f576
5f666
558b0
5cec4
59bfe
5cec5
55996
5e0ca
5c5dd
55998
5649e
5986d
55e28
597be
58bd9
5ca54
583a0
558b9
5a154
597c2
558bb
5cec8
5bcf0
5d08a
597c5
5d08b
5c502
55e31
558c0
558c1
55e34
5cb3d
558c3
5cb3e
55e36
5d345
5bfa1
55e38
558c7
55f1c
594fd
558c9
59242
56661
59b2a
560e4
57500
58bdb
5d276
56664
558ce
59c02
56666
5cd06
560e9
558d1
59eaa
56669
558d3
558d4
5d6d6
5bfa3
558d6
5666e
5daf2
59c07
558d9
5e4d6
5d6d8
56672
558dc
558dd
59243
5cd08
58bde
58af7
58be0
558e1
5cecb
59502
5c5de
59247
5c5df
59504
558e5
5cdf7
5c971
5924b
558e8
558e9
5924e
5f745
5de18
5c973
5f747
5d6dc
59252
558ef
558f0
5bfa9
5f577
5bcf7
558f2
5c88b
5950d
558f4
5f57b
558f6
5cd0a
558f7
558f8
5d930
5c5e2
5d999
5ced3
558fb
5e0cf
5e0d0
5c88e
558fe
5f6d7
5cd0c
5c50d
55901
55902
5f6d8
5c890
5c50e
5c6be
5f334
5dcc5
55907
55908
5f336
5d99f
5590b
5dcc7
5590d
55a7d
5691e
5599b
5c6c0
5e13c
5cfaa
55a81
5e13e
5599f
5706f
5a401
56836
55c66
59510
559a2
58f84
561d3
559a4
5c088
5d424
59c11
561d6
559a7
5a23c
561d8
561d9
55c6f
5ced9
561db
56837
5a157
5658b
559ae
59254
5ce02
58cc6
55f22
5d508
59ce9
55f24
559b3
5bde8
5d427
5b881
559b5
5d428
59348
55f29
55f2a
5b882
5d184
55f2c
5d185
5c08a
5f5ec
5cedb
5c5ec
55f30
562b9
59c12
56007
595f5
59f92
559c2
5db66
59ced
561df
5e54a
5db69
5db6a
58749
5c08c
57f0e
595f7
559ca
5c5ee
595f8
559cc
5b884
5cedd
5b325
559ce
5cede
595fc
58db8
5d7c5
5ca56
595ff
59600
5cfb3
58dbd
559d6
5d7c7
58dbf
5f7bb
5de8e
5de8f
5b326
5cc2b
59602
5cc2c
5bb30
5f33a
5c978
5c093
59606
5c094
5d42e
5c898
5cee4
59cef
5cfb6
559e4
5da0d
5cfb8
59cf2
5bb32
5f33e
5c97b
5c096
559ea
5d430
5cee7
5cee8
5c16b
5e144
5d9a7
5dd37
559f0
5f3a8
5da11
5dd39
559f3
559f4
5e147
5f3aa
5f752
55a84
5d08e
5986f
5d08f
55b70
5e1b0
5c7a5
55b72
562bb
5691f
5a23e
562bd
55a8c
59080
5d6dd
58832
55d55
55d56
5c97e
59873
55d58
5d34e
59cf5
5cfbc
562c5
55d5b
55a95
5c6c9
56008
59428
56922
5a23f
58575
5c6ca
5600b
5942b
55a9b
5d091
59876
5600f
5d5ed
5b964
5d277
59431
5d278
5c6cc
59433
55aa2
55aa3
5c6ce
5f667
5bed1
55aa5
5cfbe
56018
55aa7
5f66b
55aa9
58e99
5d519
56924
562c8
5dbdc
59878
55aad
5e30a
5d351
562cc
55ab0
55ab1
58e9b
5c981
58836
58837
58ccc
55ab5
5d095
596e3
5c7a6
58e9f
5c7a7
596e5
55ab9
5cfc3
5cb44
58ea3
55abc
55abd
58ea6
5f82b
5defe
5cb46
5f82d
5d355
58eaa
55ac3
55ac4
5c175
5f3ab
5b96b
55ac6
5ca5b
596ee
55ac8
5f3af
55aca
5ca5d
5e1b3
5d5f2
5987d
55acd
55ace
5c983
55acf
55ad0
5da16
5ca5e
55ad2
5f7c3
5c985
5c6d5
55ad5
55ad6
5f7c4
5ca60
5c33f
5f41a
5daf9
55ada
55adb
55adc
5f41c
5da85
55adf
5dafb
55ae1
55c71
597ca
55b74
58f86
563a5
56a0b
55e3c
57242
55b78
5916a
563a9
5ca61
55e3f
5ca62
59882
5d0a3
563ac
55e42
55e43
5a6ad
59960
55e45
55b81
5c7ad
560f2
59512
56a0e
59dcb
5865f
5c7ae
560f5
59515
59961
560f7
55b88
59eaf
59519
5c89a
560fa
5c89b
5951b
55b8c
5d5fa
5d6e1
55b8f
5c7b2
5f6da
5bfb5
55b91
5d0a5
56102
55b93
5f6de
55b95
5d434
563b3
5e37c
5dc51
5a15b
55b99
5e37f
5e380
58921
5c7b5
583a2
55b9d
5883a
5ca66
59966
58f8a
5c256
55ba1
5ba4d
58f8c
5d18b
5c258
597d3
55ba5
5d437
5d18d
55ba8
5df70
5c428
58f94
5df72
5cc31
55bac
5f5f4
5f5f5
5ba4e
5d0aa
5b4ef
5f41f
5c25a
55bb1
5f421
5d0ac
5f423
5c7b7
5da87
5da88
5d5ff
5bdec
5d6e3
59968
5e227
5d84a
5d84b
5c25d
5f835
5f425
5c346
55bbe
5da8a
5d0b0
5c260
5c261
55bc2
5df76
5c42a
5f5f7
5da8d
5e22b
5df78
5d6e5
5d84f
55bca
5f5f9
55c73
55d5e
5d7ca
59f95
5d7cb
59cfd
55c77
5d198
5e550
55c7a
59eb0
59c18
5d0b3
56108
5e4db
5c8a3
5610a
59c1a
5ceeb
561e5
5d6e9
59c1c
561e7
5d43b
5c34a
561e9
56a0f
59eb3
564a3
578a8
59a4f
564a5
55c89
59eb4
5d6eb
59c1e
55c8b
59f98
56a16
564aa
5ace8
59f9a
55c90
5a794
56a1b
5e6a1
5d7cd
56a1d
55c94
5e6a4
5e6a5
55c97
5c8a9
59a53
5e2a1
5d27c
5960b
5e2a3
5d8c6
5d7d1
5960e
59c1f
5d0b9
59c20
55ca0
5d6ef
5c8ac
59f9e
5d7d2
59cff
5e552
5e553
5db00
5db72
5db73
5c350
5f753
5d851
5c8ad
5c352
55cac
55cad
5db74
5d7d5
5f7c6
5de95
5d7d6
5f7c8
5e557
55cb3
5f7c9
5db76
56cc9
59887
55e49
5ca6e
55d66
5d358
5c510
55d68
562ce
5c98a
55d6a
5c98b
562d0
55d6c
5cfd0
562d2
55d6e
5658c
57991
55d70
57418
56afb
55d72
5a31f
59d04
5d19d
56afe
5d7db
59fa4
56593
55d77
5a5ca
56b02
56b03
5a07f
55d7b
5dfee
5a080
55d7d
5e716
5dff1
5dff2
59082
55d81
596f3
5d936
59b38
55d84
5d938
5cb4f
596f7
55d87
55d88
5ca70
5e312
5d35f
5988c
59d06
5d1a1
59d07
55d8d
5d7de
5c992
5d1a2
5d360
5a085
5bed2
5d8cd
5d281
5c437
55d95
5f7cc
5db7d
5d282
5cb50
5e068
5d93d
55d9a
5e06a
5dbe8
5f7cd
5e06b
55d9f
55f31
5d43c
55e4f
5c5f5
5e381
5a15e
55f35
5e383
55e53
5c7bb
5da8f
5c513
55e55
5da91
5c7bc
55e57
5da93
55e59
57501
5a875
56ccc
56678
5c515
55e5c
5c516
5667a
5a403
59c24
56be9
55e60
5d285
5a161
5667f
56680
59c25
5e786
5a406
56bf0
5e788
5ddb1
5d440
56bf3
59084
5d286
55e6c
5d441
597de
5e0d6
5d442
597e0
55e70
5e0d9
5e0da
5c518
5dbea
5d369
5c519
55e75
55e76
5cb54
5e385
5d445
59970
5a08c
5a168
55e7b
55e7c
5d36b
5bfb7
55e7e
5dbef
5d942
5d36d
5cb55
55e82
5df80
5cc35
5f5fb
5df82
5d449
5d943
5df83
5dbf1
55f37
5601c
5d520
5a241
5d521
59a57
55f3b
5cef0
5e3f7
56db5
5a6af
56752
55f3f
5a16b
5d44a
59972
55f41
5a243
56756
561f0
5ce10
5a16d
56759
55f46
55f47
564ad
5cb58
55f49
5cb59
564af
55f4b
5d1a5
564b1
55f4d
5675c
5de21
59d0d
55f50
5de23
5a249
56760
55f53
55f54
5916f
5ce12
5cfd1
55f57
5da23
5cd16
55f59
5e14b
5da26
5da27
5a16e
5d44e
5a16f
59978
5dc5f
5dc60
5c6db
5dcc8
5a24b
55f62
55f63
55f64
5e3fb
5e3fc
5cef2
55f67
5f5ff
5ce15
5d452
5c603
5c6dc
5e3fd
5da28
55f6d
5e14f
5da2a
55f6f
55f70
5da2b
55f72
5e3ff
56022
59dcc
59b3a
5cfd3
5610e
5e468
5cd1b
56110
5683b
5a24e
562d5
57c50
59896
562d7
5602b
5a24f
5d52e
59a5c
5602d
5a250
56842
5602f
56030
5cef7
56032
5c43a
5d8d1
5c6df
56034
5d8d3
5c43b
56036
5d8d5
56038
5a5ce
56847
5e5bb
5d607
56849
5603c
5e5be
5e5bf
5603f
5cc3f
5989a
5e1bb
5d0bf
59437
5e1bd
5da98
5d60b
5943a
59a60
5cef9
59a61
56048
5d534
5cc42
59dd6
5d60c
59b3d
5e46c
5e46d
5dd3e
5dd3f
5cefa
5c6e4
5f671
5da2d
5cc43
5c6e6
56054
56055
5dd40
5d60f
5f6e0
5ddb5
5d610
5f6e2
5e471
5605b
5f6e3
5dd42
56925
59dda
563bf
577be
5997a
563c1
56115
59ddb
5d612
59b40
56117
59ebb
5692c
563c6
5ac05
59ebd
5611c
5c51e
5d944
5c7c3
5611e
5d946
5c51f
56120
5d948
56122
5a6b2
56931
5e62e
5d6f5
56933
56126
5e631
5e632
56129
5cd23
5997e
5e22e
5d1a7
59521
5e230
5d85d
5d6f9
59524
59b44
5cfdd
59b45
56132
5d618
5cd26
59ec1
5d6fa
59c2a
5e4df
5e4e0
5dd47
5db07
5db08
5c7c8
5f6e4
5daa0
5c8b3
5613d
5dd48
5daa1
5d61b
5d6fd
5f757
5de28
5d6fe
5f759
5e4e4
5e237
5f6e7
56147
576d7
59d10
562e1
5c998
561f8
5a4ee
5c999
561fa
56687
575ee
561fd
5a409
5e78c
5a173
5668b
5e78e
56201
5c604
5dc65
5c605
56203
5c8b6
56765
56205
5dc69
56207
578a9
56f8c
5a40b
56a22
5a40c
5620a
5a178
56a24
5acea
59faa
56f91
5620e
5d620
5a4f1
56a29
56a2a
59d13
56213
5e953
5a4f4
56215
5e23b
5a4f5
56f9b
5943b
59526
5621a
5c8bb
5621b
5ddb9
5c8bc
59c36
5d9bd
5c8be
59c38
59d15
5cefe
56221
5de2c
5a4f8
59d18
5e152
5da31
56225
56226
56227
56228
56229
5622a
5db0e
5d624
5ceff
5622d
5e154
5db0f
5e155
56231
563c9
57246
562e7
5a5d1
5e5c0
59de3
563cd
5e5c2
562eb
5c6e8
5dcd8
5c6e9
562ed
5c99c
5684f
562ef
5dcdc
562f1
57993
5b241
576da
56b0c
5a4fb
562f4
5a25f
56b0e
5a876
5a08e
5707b
562f8
5d708
5a5d5
56b13
56b14
5989f
562fd
5e9c6
5a5d8
562ff
5e2ae
5a5d9
57085
59527
5d709
56304
5ca7e
5e5c4
5a5db
598a3
56307
5dbf2
598a5
5e31b
5e5c7
5a4fe
5de33
5a4ff
5a262
5630d
5d7e7
59d23
5630f
56310
56311
56312
56313
56314
5db85
5d70c
5cfe5
56317
5e1c7
5db86
5e1c8
5631b
564b3
57330
563d1
5a6b5
5e633
59ec7
564b7
5e635
563d5
5ca80
56937
563d7
5c7cc
5dd4d
5c7cd
563d9
5dd4f
563db
57a7d
5adcd
57248
56bf6
5a5df
563de
59deb
56bf8
5a95b
5a17e
57165
563e2
5d7ec
5a6b9
56bfd
56bfe
59985
563e7
5ea39
5a6bc
563e9
5e06f
5a6bd
5716f
59611
5d7ed
563ee
5ca85
563ef
5dea7
5ca86
598ae
5daa7
5ca88
598b0
59987
5d0c8
563f5
5df12
5a6c0
5998a
5e23e
5d865
563f9
563fa
563fb
563fc
563fd
563fe
5dbf8
5d7f0
5d0c9
56401
5e240
5dc6e
5daaa
56405
5659d
5741a
564bb
5a799
5e6a6
59faf
565a1
5e6a8
564bf
57b67
5aeb1
57332
5676a
5a6c3
564c2
59ecc
5676c
5aa40
5a265
56cd3
564c6
5d378
5a79d
56771
56772
5998f
5db10
5cb69
59c39
5d0cd
56a2e
5d70e
59ecf
56a30
59a69
564d1
5eaac
5a7a0
564d3
5e0e2
5a7a1
56cdd
596fb
5d379
564d8
5cb6b
564d9
5df1a
5cb6c
59994
5d868
5cb6e
59996
59a6b
5d1ac
564df
5df85
5a7a4
59a6e
5e2b1
5d8d8
564e3
564e4
564e5
564e6
564e7
564e8
5dc71
5d37c
5d1ad
564eb
5e2b3
5dc72
5e2b4
564ef
5668d
57504
565a5
5a325
5e719
5a093
56691
5e71b
565a9
57c51
5af95
5741c
56854
5a7a7
565ac
59fb4
56856
5ab24
59df1
56dbd
565b0
5a87a
56dbf
56dc0
5685c
59a73
5db87
5cc4d
59d25
5d1b1
56b18
5d7f2
59fb7
56b1a
59b4d
565bb
5e86d
5a32c
565bd
5e159
5a32d
56dc7
59351
5d45f
565c2
5cc4f
565c3
5df8d
5cc50
59a78
5d8db
5cc52
59a7a
59b4f
5d290
565c9
5dff8
5a330
59b52
5e072
5d94b
565cd
565ce
565cf
565d0
565d1
565d2
5dce4
5d462
5d291
565d5
5e074
5dce5
5e075
565d9
5693c
56ea2
56695
577c0
5b079
59b55
5d292
56ea5
5d293
59ed4
56942
5669a
5a413
56ea9
56945
56946
5b15d
5a099
5d37d
598b2
5dbfb
5a09a
566a1
5dbfd
5d296
5dbff
5a416
56ead
566a6
5ac0a
56eaf
5e8e2
5e1cd
5e1ce
5943d
566ab
59b59
5d298
59b5a
566ae
5d299
5c7ce
5dd55
5d94f
5cd37
5a181
5d628
59c3e
5e791
5ddc2
5cf0a
5e4e6
5db17
59c42
5a09f
5a183
5a338
5a41c
5c7cf
566bd
5ddc6
5d29b
5cf0b
5e4e8
566c1
5e4e9
566c3
57c53
5a268
5685f
5aa45
56776
5d464
5a26a
56778
56c05
5a960
5677b
5a6ca
5ea3e
5ce29
56c09
5ea40
5677f
5a6cc
5df21
59ed9
56781
5ce2a
56ce1
56783
5df25
56785
56f9d
583a3
56787
57e28
5750a
5a964
56fa0
5678a
5a966
5750d
5d385
5a501
56fa4
5678e
5678f
5af96
5a26b
56791
5ec05
5aa4c
56793
5e4ed
5aa4d
57517
59b64
5ce2e
59b65
59b66
56799
5ce30
59c46
5cf0e
5679b
5ddc9
5d466
5a18d
5679e
5d388
5ce32
5a190
5a26e
5eab7
5e0ec
5d547
5e80b
5de3c
5a272
5a6d4
5a7b2
5aa51
5d548
5e80d
567ab
5e80e
5e0f0
577c1
56864
56949
5ab29
56866
5d54a
59df6
56868
56dc8
5cc55
5686a
5cc56
56dca
5d468
5a274
56dcc
5686e
57086
575f2
56871
57f12
5b79d
59c49
5cf12
575f5
5708b
5ab2b
5a276
56876
5ab2c
575f9
5708f
57090
5b328
5ab2f
575fd
5687c
5add0
575ff
5ec7a
5e561
5e562
5a277
5d46c
5aa57
5cf15
59d29
5cff2
56884
5cf16
59d2b
56886
5e15d
5a33d
56888
5e879
5dd59
5688a
5e478
5e160
5a7b9
5a27a
5e0f5
5dcec
5cf19
5e161
5d46f
5e162
5dd5b
56894
5dd5c
56896
5e87d
5694e
5a41d
598b3
5d0d6
56a34
5e8e6
5a41f
56a36
59b67
5d29c
56eb3
5d29d
59dff
5e009
5cff5
5a341
56eb7
576db
5ab36
57171
58578
59d2d
5cff6
576de
5695d
5ab39
59e02
5695f
5ac10
576e2
57178
5b40c
5ac12
56964
5e31e
59ede
576e8
5e320
5a6d8
56968
5ecee
5ecef
5ca8d
5696b
5ac16
5e8e9
5dd5e
5d0d9
5696e
5ab3a
5696f
56970
5e166
5ab3c
5a346
56973
5deb4
5e169
5ac17
59ee1
56977
5df27
59ee3
5e640
5e8ed
5e16a
5e8ee
5e8ef
5df29
5db1d
5697f
5e16b
56a37
56b1c
5acf0
59fbf
5d711
5999a
56a3b
5acf2
5e95b
56a3e
580e5
5b40d
578ae
56ce7
5a423
56a41
5ac1c
598bb
56cea
5d0db
57250
56a45
5af99
5acf5
5acf6
56fa7
5c8c7
56a49
5c8c8
56fa9
5d634
59ee8
56fab
56a4d
57254
5ed5d
5e392
5a7be
5ed5f
5af9b
57258
56a53
56a54
5ac1e
56a55
56a56
5e1d9
5cb73
56a58
5acfa
5e95c
5db1f
5d1bd
56a5b
5e1da
5d0e1
59eed
56a5e
56a5f
5e244
5acfc
59fc6
5e563
5db8e
56a63
56a64
56a65
56a66
56a67
5e565
5df2e
5e566
56a6b
56c0b
57a80
56b23
5a5ea
5e9cb
5d29f
56c0f
5e9cd
56b27
581cf
57334
5acfe
56dd0
5a50b
56b2a
5a87f
57337
56dd3
5d1bf
57339
56b2e
5b07d
5a881
56dd7
56dd8
59d33
5cf1a
57092
5cf1b
59fcb
5de45
5d1c1
5a50f
57096
5a0a5
56b39
5eb1f
5a884
56b3b
5e40b
5a885
57343
599a2
5d1c2
599a3
599a4
56b41
5d1c4
59a80
5d2a0
56b43
5df9f
5d7f8
59fcf
56b46
5d71c
5d1c6
59fd2
5a0a8
5e9d1
5e2b8
5d38a
5e725
5e00e
5a0ac
5a513
5a5ee
5a889
5d38b
5e727
56b53
5e728
5e2bc
5741d
57a81
5add3
5741f
56c14
5a0ad
5d7f9
59a84
57422
56c17
5a5f0
56ebf
5b160
5a42d
57426
57427
56c1c
5a5f1
5deb6
59e0a
56c1e
5d2a4
5717e
56c20
5deba
56c22
5e47b
5a194
5742a
5e47d
5a42f
56c26
5eb95
5eb96
5a5f4
5e2bd
5e2be
5d7ff
5a0b2
5e011
5a6d9
5e07e
5cd3c
59b6c
5ea43
5a890
5a5f6
56c31
5e013
5e2c2
5a972
5a197
56c35
5ddd2
5a199
5e799
5ea46
5e2c3
5ea47
5ea48
5ddd4
5dc07
5ddd5
5e085
56cef
56dda
5af9c
5a19b
5d472
599a6
56cf3
5af9e
5ed66
56cf6
5ac21
598c1
5aeb9
57184
5ecf1
5ac23
57186
598c3
5d0e4
5725b
5d390
598c5
5725d
5d63b
5a6e0
5725f
57a83
5aebb
57519
58926
598c6
5aebc
57a86
5d393
5a0ba
5751d
56d07
5afa0
57a8a
57520
5bcfc
5afa2
56d0c
5e79c
5a7c4
57a90
5e79e
5aa5c
56d10
5eeba
5eebb
5a6e3
5e328
5d395
5a6e4
56d15
56d16
5ad08
5ed67
5d475
59a89
5e6b6
5dfa3
56d1a
56d1b
5d397
5a1a0
56d1d
5e32d
5df31
5d399
5ad09
56d21
5ed6a
5e0fb
5a7ca
5ad0a
5afa9
5df32
5e0fc
5e32f
56ddf
56ec4
5b080
5a27f
5d556
59a8c
56de3
5b082
5eb27
59fd3
5d71e
599aa
5e253
5ad0d
59fd4
5e255
5d477
5e257
56dec
5848f
5bcfd
581d4
57605
5a7cd
56def
5a7ce
57607
56df1
5afad
57b74
56df3
5b32b
5b085
5b086
57b78
5ef29
5e810
5ab3f
5ef2b
5b32d
57b7c
56dfb
56dfc
5ad10
56dfd
5e3a4
5ad11
599b1
59a8d
5b08a
56e01
5e40f
5a352
5e87e
5e16d
5a1a6
5a283
5dfa6
5cf1d
5a353
5eb2a
5e411
5e017
56e0a
56e0b
5e3a8
5dfa8
5d47f
5e413
5e414
5e100
5e72c
56e13
56fad
57e2a
56ecb
5a433
5eb97
59e0c
56fb1
5eb99
56ecf
5a5f8
5e2c5
5a357
56ed1
5e2c7
5a5f9
56ed3
5e2c9
56ed5
58579
57c58
5b08e
576ee
5a359
56ed8
5a35a
576f0
5b167
5a287
57c5d
56edc
5b410
5b169
576f5
576f6
5a435
56ee1
5ef9d
5b16c
56ee3
5e5d3
5b16d
57c67
59a94
5b092
59a95
56ee8
5d560
5a89e
59e0d
5d63e
59b72
5eb9c
5ddd6
56eed
5e7a3
5a35d
5e170
5e01a
5b093
5a89f
5a35f
56ef3
56ef4
5e483
5b170
5a43b
5e8f3
5eb9f
5eba0
5eba1
5e7a5
5e173
5e488
57f13
5a516
57099
5aa5e
56fb6
5d721
5a518
56fb8
57260
58be3
56fba
58664
577c7
5a97b
57263
5a97c
577c9
56fbe
5b175
5ad14
57267
56fc1
5b7a2
577ce
577cf
5a1a7
5d39a
59b76
5e08b
5a97f
5a1a8
5e08d
5d643
5e08f
5b24f
577d1
56fcc
5b4f6
577d3
5f012
5e647
5e648
59e14
5d644
59e15
59b7a
5e48b
5e48c
5a51b
5e4f4
59ef4
56fd6
5e258
59d36
5e965
5e48d
5d0e6
56fda
5e1ea
5b178
5d648
5a446
5a51d
5ec10
5e4f7
5de4b
56fe1
56fe2
56fe3
56fe4
5de4c
56fe6
5ec15
5a5fa
57188
59d37
5add5
5718a
5ec7e
5ab43
5718c
578af
5b256
5734b
58cce
59c57
5b257
578b2
5d725
59ef8
5734f
570a9
5add8
578b6
57352
5bb34
5adda
570ae
5a7d5
5e101
5a523
570b0
5e103
5a7d6
570b2
5e105
570b4
5e6ba
5a5fe
578bc
5e6bc
5a8a3
570b8
5edd4
5edd5
5debc
570bb
5e5d7
59efa
5d728
59efb
59c5e
5e4fe
5e4ff
5a600
5e567
59fd8
570c2
570c3
5d72b
59fda
570c5
5e501
5de4f
5d72d
5ab45
570c9
5ec84
5e2cd
5a604
5ab46
5ade1
5de50
5e2ce
5e503
5718d
582bb
5bb35
58000
57436
5a605
57190
5a606
57438
5aec2
59fdd
5799f
57194
5b6bd
5aec4
5743d
5743e
59d3d
5d002
576f8
5d80a
59d3f
576fa
5d565
5a608
576fc
5a6eb
5719f
5ee44
5aec7
571a1
5e730
5aec8
579a9
598ce
5aec9
571a5
5e331
5a6ee
5ea4a
5e091
59d40
5ade6
59d41
571aa
5d80e
5ab4e
5ade7
5a60b
5e2cf
5dec1
5ab4f
5a60d
571b1
571b2
5e332
5aecb
5a6f1
5ea4c
5ecf8
5ecf9
5ecfa
571b9
5ea4d
571bb
5874f
5ad18
57357
5ad19
5726e
5a6f4
5ad1a
57270
576fd
58666
57273
5a60f
5efa2
59e1a
57701
5efa4
57277
5ac37
577d7
57279
5a447
5e493
5a448
5727b
5e495
5727d
57a95
58eb2
58668
5b96e
58004
5ac39
57a98
5ac3a
58006
57a9a
5b4fb
5afb1
57a9c
57286
57287
5ba52
5ad1b
57289
5f169
5b500
5728b
5ea51
5b501
58011
598d6
5b181
598d7
57290
5b182
5a6f5
5e338
5e1ee
5ac3f
59eff
5b502
599b7
5f01a
5e5de
5e260
57298
5e969
5b41c
5d39f
5ac40
5729c
5e64f
5b504
5ad21
5ed71
5f01d
5f01e
5f01f
572a3
5ed72
5e654
582bd
5a8a4
57441
5a8a5
5735e
5a7d8
5a8a6
57360
578c0
5b263
599b9
578c2
5aa6c
57364
5aa6d
578c4
57366
57b7e
580ec
57369
58a12
5c267
599ba
5b266
580ef
5b267
5a6fa
580f1
5736e
5b5e0
580f3
57b87
57b88
5bdf2
5b5e3
580f7
57374
5b88c
580f9
5f1de
5eac5
5eac6
59f06
5b50a
59f07
599be
5e657
5ad29
5737c
5e3b0
5e658
5a7da
5e6c0
59fe6
57380
57381
5e41e
5a0c6
5eb31
5e65a
5e266
5aded
57386
5eddd
5e420
5a8ae
5ad2c
5738a
5738b
5738c
5e2d6
5738e
5ede1
57446
5aecd
59b7e
5aece
5752c
5ee4a
5aecf
5752e
59a9c
5e577
5a8b0
59d44
5adf0
579ad
5d813
59fe9
579af
581d5
57452
58afc
5bdf3
59a9e
5adf2
581d8
5adf3
5a7de
57c6d
57457
5b6c4
581dc
57c70
5bed6
5b6c6
5745c
5e882
5a98e
581e2
5e884
5b188
57460
5f252
5f253
5a7e0
5e6c8
5a7e1
59fee
57465
5d566
59aa4
57467
57468
5a98f
5ee4d
5a367
59fef
5a1a9
5ea54
5e095
5746d
5e424
5e6cd
5b5f0
5aed1
57471
5ee50
5e499
5a994
5aed2
5b6cd
5e097
57477
5e6cf
5752f
57614
5b7a4
5a1ab
5b7a5
59c63
57533
5b7a6
5eebf
57536
58be5
5bed7
583aa
577df
5a369
57539
5a0cc
577e1
5753b
5b6d1
57d4a
5753d
5ba55
5b7a9
5b7aa
57a9f
5ac41
57541
5ac42
57aa1
5aed6
59b85
57aa3
57545
57d4e
5f2c1
5e8f6
5b26e
5f2c3
5ba57
57d52
5754b
5754c
5a999
5754d
5e73c
5a99a
59b89
5e098
5a99c
59b8b
59c64
5afb8
57553
5e7a7
5aeda
5aa74
5ec16
5e50b
5a36e
5a44e
57559
5e741
5b7af
5aa76
5755c
5eac9
5e7aa
5e7ab
5e7ac
5e49e
5eaca
57563
57703
5857c
5761b
5a52d
5ef2f
5a290
57707
5ef31
5761f
58ccf
57e2e
5b7b2
578c8
5a44f
57622
5a1b0
578ca
5b7b4
5a451
57e33
57626
5bb39
5b335
578cf
578d0
599c2
5afbd
57b8a
5d485
59c68
5e3b5
5aa7c
5a1b3
57b8e
5ab55
57631
5f083
5b338
57633
5e96f
5b339
57e3d
59c6a
5afc0
59c6b
57638
5afc1
5a52f
5e50e
5e10c
5aa81
5a291
5b33a
59d49
5ef34
5e17a
5763f
5e889
5afc2
5b7b7
5d731
5aa82
57644
5e81b
5b33c
5ab5b
5ec8b
5ef37
5ef38
5ef39
5764b
5ec8c
5e820
57f17
5857d
5b88f
57f19
5770c
5a293
5b33f
59d4b
5770e
5b340
5a535
579b7
5bc1c
5aedd
57f20
57f21
57714
5a36f
5e426
5a370
57716
5ab5f
57c76
57718
5e42a
5771a
5e9df
5ac44
57f24
5e9e1
5aedf
5771e
5f0f9
5f0fa
5a619
5e5e2
59e27
57722
5ab61
57723
5e822
5ab62
59d51
5e17e
5ab64
59d53
59f0a
5e8fb
5e1f2
5772a
5772b
5772c
5e583
5b344
5b18a
5772f
5efa9
5e344
5ac4a
5b18b
5b428
5e181
5e345
5e5e9
577e7
578d2
5ba58
5a455
5ba59
59f0d
577eb
5ba5a
5f2ca
577ee
5b6d5
59e28
5b6d6
57c7c
5f255
5b6d7
57c7e
59b8c
5aee0
57d55
5aee1
59e2a
5e745
5b190
5a375
57d59
5857f
577fa
58eb5
5c6ec
59e2c
5b6db
58582
5b6dc
5ab6a
58017
577ff
5ba5c
58586
5801a
5c7d0
5ba5e
57804
5ed00
5b274
5858c
5ed02
5b510
57808
5f42c
5f42d
5ac4d
5780b
5e5eb
5ab6c
5e88c
5ab6d
5a37a
5780f
5e5ec
5e88f
5ac4f
5e8ff
5a458
57813
57814
5e65d
5a53a
5f022
5e891
5b97d
5b7bd
57819
5f2ce
5e65f
5b27a
5b7be
5ba65
5e4a2
5e660
5e893
578d7
579bc
5bb3c
5a53b
5bb3d
59ff1
578db
5bb3e
5f08b
5a1b8
5b7bf
59c71
5e7b7
5a45a
578e0
5e7b9
5b7c1
5e7bb
58cd3
5bfbd
5866a
578e5
5a45c
5ba67
59f13
578e7
5ba68
5866e
58102
5bdf4
5b5f2
58671
578ec
578ed
58674
5f49b
5ed74
5b5f3
5f49d
5bdf7
58678
578f3
578f4
5b27f
599c5
578f6
5b280
578f7
5e908
5b281
59f18
578fa
578fb
5ae01
5f08c
5ad34
5a461
5a61d
5ec8d
5e586
57900
57901
5e974
5bb48
5ae05
5ede4
5f090
5ba6c
5e977
5e978
5e664
5ec90
5790b
57aa5
5892a
579c3
5a8bb
5f0fb
5a620
57aa9
5f0fd
579c7
5a53f
5e829
5a29d
579c9
5ae07
57f2b
579cb
5e82d
579cd
59088
5c35d
58842
581e8
5ad35
579d0
5a543
581ea
5bc23
5ad37
58759
579d4
5beda
5bc25
581ef
581f0
5aee5
579d9
5f50f
5bc28
579db
5eb37
5bc29
58763
59aa8
5e589
5a8be
59ff9
5b350
59ffa
579e2
5b351
5ae0e
59ffd
5a0d8
5b42c
579e6
5e9e6
5b352
5aee8
5ee55
5e74a
5ad3a
5ae10
579ec
5e9e7
5bc2c
5aeeb
5ee57
5f103
5f104
5f105
5ed09
5e6d7
5e9ec
58a13
5afc6
57b91
5afc7
57aae
5a9a2
5afc8
57ab0
57d5a
596fd
57ab2
59173
582c3
5aeed
57d5d
5aeee
582c5
57ab6
5bc31
5b7c8
57d61
57ab9
5c26c
582ca
582cb
59e34
5b431
598e3
5e5ef
5a626
57abf
5e5f1
5b433
5e5f3
5bd0b
582cd
57ac4
5bfc0
582cf
5f584
5ebab
5ebac
5a0de
5e74d
5e34b
5a628
5bc32
5a629
5a0e1
5e9ef
5e34c
5aef5
5a705
5bd0e
5a1bd
5f173
5e9f1
5e3b9
57ad3
5ed7a
5bc33
5b437
5afcd
5f174
5ea5b
5e3bb
57ad9
57ada
57adb
57adc
5e3bc
57ade
5f179
57b96
5b5f5
5a29e
5b5f6
57c82
5f1e2
5b5f7
57c84
583ab
5bd12
57e45
597e8
5a1be
5b517
583ae
5b518
5a9a8
57e49
57ba1
5b894
583b2
57e4c
5c608
5b896
57ba6
5a709
5e665
59f1b
57ba8
5afd3
5810a
57baa
5e669
57bac
5ec1e
5b0ae
583b8
5ec20
5b357
57bb0
5f346
5f347
5aa87
57bb3
5e7c1
5a9aa
5ea60
5a9ab
5a70e
57bb7
5e7c2
5ea63
5aa89
5eacb
5a7ea
57bbb
5e82f
5a37d
5ef3c
5ea64
5ea65
5bd18
5b5f9
57bc1
5f1e8
5e831
5b0b4
5b5fa
5b89d
5e3c0
5e832
5ea67
57c85
57f2f
59355
57c87
58dcb
58498
5b0b5
57f32
5b0b6
5849a
57f34
5b97e
5b438
57f36
57c8e
57c8f
5bedd
59aaa
5ae11
581f2
5ae12
5a2a4
5e6da
5b0b8
5a7ef
581f6
5b19b
57c97
5f3b6
5b983
57c99
5ec94
5b984
584a5
59d56
5e430
5ab72
59e36
5b6e5
57c9f
5e895
5a7f0
5b8a2
5a7f1
5a2a9
5ead5
5e432
5b0bd
5b19e
5efae
5e5f5
5a7f3
5aa90
5b0be
57caa
5e896
5b987
5b1a1
5efb0
5f25c
5f25d
5f25e
57cb1
5efb1
57cb3
5925e
5b7cc
57e51
5b7cd
57d68
5b1a4
5b7ce
57d6a
581f7
59175
57d6d
5b0bf
5f514
5a8ca
581fb
5f516
57d71
5a8cb
5e9f5
5a62d
57d73
5b6eb
582d5
57d75
5e9f9
57d77
5a8ce
5bee1
5a385
57d79
5bee2
58b04
58594
5c7d2
5ba6e
58b07
57d7e
57d7f
58b0a
5f6e8
5efb3
5ba6f
5f6ea
5c7d5
58b0e
57d85
57d86
5b6ef
59e39
57d88
5b6f0
57d89
5eb3f
5b6f1
5a38a
57d8c
57d8d
5b7d1
5f58b
5b1a8
5a8d3
5aa91
5eecc
5e7c5
57d92
57d93
5eb44
5bfcd
5b7d4
57d96
5eece
5ebb5
5ebb6
5ebb7
5e89f
5eecf
57d9d
57f39
58dcd
57e57
5b287
5f348
5aa94
57f3d
5f34a
57e5b
5a9b1
5ea68
5a711
57e5d
5b7d7
583bf
57e5f
5ea6c
57e61
5a9b4
5bfd0
5a46b
57e63
5bfd1
58bee
5867e
5c35e
5bb52
58bf1
57e68
57e69
58bf4
5f75b
5f026
5bb53
5f75d
5c361
58bf8
57e6f
57e70
5b7db
59f1d
57e72
5b7dc
57e73
5ebba
5b7dd
5a470
57e76
57e77
5b35d
5f34c
5b28c
5a9b9
5ab75
5ef3f
5e838
57e7c
57e7d
5ec26
5c0b2
5b361
5f096
5f350
5bfd5
5ec29
5ec2a
5e916
5ef42
57e87
58023
58eb7
57f41
5ae13
5f3bb
5ab78
58027
5f3bd
57f45
5aa97
5eadb
5a7f5
57f47
5b363
584a9
57f49
5eadf
57f4b
5aa9a
5c0b4
5a54f
57f4d
5c0b5
58cd8
58768
5c442
5bc42
58cdb
57f52
57f53
58cde
5f7ce
5ede7
5bc43
5f7d0
5c445
58ce2
57f59
57f5a
5b367
5a001
57f5c
5b368
57f5d
5ec2d
5b369
5a554
57f60
57f61
5b443
5f3bf
5ae18
5aa9f
5ac59
5efb8
5e5f9
57f66
57f67
5ec32
5c195
5b446
57f6a
5efba
5ec9b
5ec9c
5ec9d
5e9fe
5e83e
57f71
5810d
58fa1
5802b
5aef9
5f42e
5ac5c
58111
5f430
5802f
5ab7b
5c198
5a633
58031
5c199
58846
582dc
5c527
5bd29
58849
58036
58037
58599
5b1af
58039
5b1b0
5859b
5b992
5a635
5859d
5803d
5884c
5f841
5ee5a
5bd2a
5f843
5c52a
58850
58043
58044
5b44d
5a0e7
58046
5b44e
58047
5eca0
5b44f
5a63a
5804a
5804b
5b527
5f432
5aefe
5ab83
5ad3d
5f02b
5e66c
58050
58051
5eca5
5c279
5b52a
58054
5f02d
5ed0e
5ed0f
5ed10
5ea02
5f02e
5805b
581fd
5908b
58115
5afdd
5f4a1
5ad40
58201
5f4a3
58119
5ac5f
5c27c
5a717
5811b
5bdfd
58930
583c6
5c60b
5b8b5
58933
58120
58121
58683
5b293
58123
5b294
58685
5ba7a
5a719
58687
58127
58936
5f602
5eed1
5b8b6
5f604
5c60e
5893a
5812d
5812e
5b531
5a1cb
58130
5b532
58131
5ed13
5b533
5a71e
58134
58135
5b60b
5f4a5
5afe2
5a8d4
5edec
5e6df
58139
5813a
5813b
5ed18
5be05
5b60e
5813e
5edee
5ed81
5ed82
5ed83
5ea75
5edef
58145
584ac
5afe3
58204
5ad44
584ae
5bee7
5afe5
58a1b
58208
5c6f0
5bee9
584b3
584b4
5a002
5b36d
5876e
5b36e
5a7fc
5e98c
5b614
5ad47
58772
5b6f7
58213
5f676
5beec
58215
5ef46
5beed
58a25
5a2ae
5e6e2
5b0ca
5a38e
5bc45
5821b
5eb47
5ad48
5be0b
5ad49
5a801
5ed87
5e6e4
5b619
5b6fa
5f260
5e8a7
5ad4b
5afe8
5b61a
58226
5eb48
5bef0
5b6fd
5f262
5f51c
5f51d
5f51e
5822d
5f263
5822f
597e9
5bd2c
583cd
5bd2d
582e4
5b700
5bd2e
582e6
58773
59700
582e9
5b61b
5f7d4
5ae22
58777
5f7d6
582ed
5ae23
5eca7
5ab85
582ef
5bc4b
58855
582f1
5ecab
582f3
5ae26
5c44a
5a8dd
582f5
5c44b
5908f
58b14
5cd3e
5bfd7
59092
582fa
582fb
59095
5f264
5d953
5bfd8
5f266
5cd41
59099
58301
58302
5bc4f
5a391
58304
5bc50
58305
5edf1
5bc51
5a8e2
58308
58309
5bd31
5f84b
5b704
5ae2b
5afe9
5f17e
5ea77
5830e
5830f
5edf6
5c536
5bd34
58312
5f180
5ee67
5ee68
5ee69
5eb51
5f181
58319
584b5
59358
583d3
5b7e3
5f608
5afec
584b9
5f60a
583d7
5af09
5ed1a
5ac69
583d9
5bd37
5893f
583db
5ed1e
583dd
5af0c
5c539
5a9c3
583df
5c53a
59179
58bfe
5c8ca
5c0bb
5917c
583e4
583e5
5917f
5f2d7
5d9c6
5c0bc
5f2d9
5c8cd
59183
583eb
583ec
5bd3b
5a475
583ee
5bd3c
583ef
5ee6c
5bd3d
5a9c8
583f2
583f3
5b8bd
5f60c
5b7e8
5af11
5b0cd
5f1f1
5eaea
583f8
583f9
5eed8
5c61b
5b8c1
5f356
5f610
5c53e
5eedb
5eedc
5ebc8
5f1f4
58403
5859f
59442
584bd
5b36f
5f67b
5b0d0
585a3
5f67d
584c1
5afef
5ed8d
5ad4d
584c3
5b8c3
58a29
584c5
5ed91
584c7
5aff2
5c61d
5aaa7
584c9
5c61e
59263
58ce8
5c9ae
5c1ab
59266
584ce
584cf
59269
5f098
5da39
5c1ac
5f09a
5c9b1
5926d
584d5
584d6
5b8c7
5a559
584d8
5b8c8
584d9
5eedf
5b8c9
5aaac
584dc
584dd
5b9a3
5f67f
5b374
5aff7
5b1b1
5f26a
5e8ab
584e2
584e3
5eee4
5c6fe
5b9a6
584e6
5f26c
5ef4d
5ef4e
5ef4f
5ecb0
5eaf0
584ed
58689
5952c
585a7
5b455
5f6ee
5b1b4
5868d
5f6f0
585ab
5b0d3
5c701
5ab8b
585ad
5c702
58dd1
5885c
5ca93
5c292
58dd4
585b2
585b3
58b19
5b70b
585b5
5b70c
58b1b
5befb
5ab8d
58b1d
585b9
58dd7
5f10b
5daac
5c293
5f10d
5ca96
58ddb
585bf
585c0
5b9ad
5a63f
585c2
5b9ae
585c3
5ef52
5b9af
5ab92
585c6
585c7
5ba87
5f6f2
5b45a
5b0db
5b295
5f2dd
5e91e
585cc
585cd
5ef57
5c7e2
5ba8a
585d0
5f2df
5efc0
5efc1
5efc2
5ecb4
5f2e0
585d7
58779
59616
58691
5b539
5f761
5b298
5877d
5f763
58695
58943
5b45b
58697
5b1b8
58945
5c7e6
5b45d
58ebd
5869b
5cb78
5c368
5c369
58c03
5b7ef
5869f
5b7f0
58c05
5bfe3
5ac71
58c07
586a3
58ec1
5f182
5d86d
5be1f
5f184
5cb7a
58ec5
586a9
586aa
5ba91
5a723
586ac
5ba92
586ad
5efc5
5ba93
5ac76
586b0
586b1
5bb6b
5f765
5b53e
5ae2c
5f09e
5e991
586b5
586b6
586b7
5efca
5c36e
5bb6e
586ba
5f0a0
5f033
5f034
5f035
5ed27
5f0a1
586c1
58a2c
58fa3
5bb71
58a2e
5bb72
58fa5
58a30
5c450
5bf01
58a32
58786
58787
5c9b2
5a55a
5b8cd
58cee
5b8ce
5ad54
5ec3e
5bb74
5b29f
58cf2
5bc57
5878f
5f1f6
5c455
58791
5d8e2
5c456
58fb0
5a806
5e994
5b626
5a8e6
5c1ae
58797
5edf9
5b2a0
5c374
5b2a1
5ad59
5f039
5e996
5bb79
5bc5a
5f520
5eb59
5b2a3
5b544
5bb7a
587a2
5edfa
5c459
5bc5d
5f522
5f7dc
5f7dd
5f7de
587a9
5f523
587ab
5af14
5c7eb
5894c
5dab2
5c7ec
5894e
5ae30
5c707
58cf4
5da3f
5c708
58cf6
5ab94
5bf05
58dde
5bf06
5ae32
5ef5b
5c1b4
5b381
58de2
59617
5c1b5
5909c
5c1b6
59619
58872
5c9b7
5c53f
590a0
58875
5d005
5961e
5961f
5ca9d
59621
5887a
5d2b3
59623
5f527
5dc0c
5dc0d
5ae36
5ee00
5ecb6
5b384
5c9b8
5b385
5ae39
5f0a4
5ecb7
5c1bb
5b463
5caa0
5af17
5f116
5f0a6
5ed28
58889
5f43f
5c9b9
5c711
5c29b
5f117
5dab8
5dab9
5ed2a
58890
58891
58892
5ecb8
5ee76
5f0a9
5b547
5cb7b
5aff9
58951
5cb7c
5d875
5b1c0
5c7f0
5ac79
5efcd
5b466
58956
5efcf
5c7f2
5efd1
5895a
5b468
5caa4
5af1b
5895c
5caa5
5bc67
5918a
5ce3d
5c624
59708
59709
58962
5dc7b
5be24
5970c
5dc7d
5c626
58966
5f59b
5f59c
5bd45
58969
5ee78
5bc68
5f11d
5bc69
5b46c
5896d
5ee79
5f120
5bd47
5d876
5b54a
58971
58972
5eee6
5b62a
5f615
5f122
5cb85
5be28
58977
58978
5f4b3
5c7f8
5c37b
5cb87
5d87d
5ee7a
5f4b4
58a39
5b8cf
5d8e5
5b62c
58b21
5d8e7
58a3d
5b54b
5f03f
5b2a5
58a3f
5be2b
58fb4
58a41
5f043
58a43
5b54e
5cb88
5afff
58a45
5cb89
597ee
59273
5cf21
5c713
597f1
58a4a
58a4b
597f4
5f358
5dcef
5c714
5f35a
5cf24
597f8
58a51
58a52
5be2f
5aab1
58a54
5be30
58a55
5f191
5be31
5b004
58a58
58a59
5bf0b
5f1fb
5b8d4
5b553
5b70d
5f52a
5eb5d
58a5e
58a5f
5f196
5cc69
5bf0e
58a62
58a63
5f52c
5d8ee
5d8ef
5f202
5f52d
5eeed
58c09
5bfeb
58b24
5b9b6
5bfec
58b26
58de3
5b8d5
58b28
5b630
58de5
5cd45
5b8d7
5935d
58b2c
5d007
5cd47
58dea
58deb
5a8ea
5c1bd
590a5
5c1be
5b0e4
5ee06
5bf14
5b633
590a9
5bfed
58b37
5f3cc
5cd4a
58b39
5dd64
5cd4b
59367
5ab96
5eb60
5b9b8
5b0e7
5c465
5b0e8
58b40
5c466
5bf18
5b0eb
5b1c4
5c545
58b44
5d95d
5c467
5bff0
5f6fa
5efd3
5b8da
5bf1a
58b4a
5d95e
5cd4e
5bff3
5bff4
5f6fc
5f273
5f274
58b51
5ebd2
58b53
5b2a6
5c627
58cf8
5d9cc
5c628
58cfa
59443
5bff5
58ece
5bff6
59445
58c14
5cd52
5c385
58ed2
58c17
5ce41
5944a
5944b
5af22
5c54a
5a9cf
5ee7c
5b716
58c1d
5ee7e
5c54c
5ee80
5c8d5
5944d
58c22
5d0ec
5944f
5f445
5db26
5db27
5b1ca
5efd6
5ebd4
5b718
5cd53
5b719
5b1cd
5f278
5ebd5
5bffd
5b7f5
5c8d8
5b2a9
5f2e2
5ec42
58c30
5f35f
5c54f
5cd54
5c550
5c0d5
5f2e3
5d9d2
5d9d3
5ec44
58c38
58c39
58c3a
5ebd6
5f048
5f27d
5b2aa
5c62c
5952e
5c62d
5baa0
58fba
58cff
5c9bc
59532
58fbd
5d732
5c9be
58d04
5b7f9
5eeee
5b007
58d06
5c0db
5927b
58d08
5eef2
58d0a
5db95
5c1c0
59538
5db97
5c46c
58d0e
5f4b9
5f4ba
5bb85
58d11
5f04a
5bb87
5da42
5b38b
58d14
5c0de
58d15
5f2ea
5c0df
5b2b2
58d18
58d19
5ee0a
5b46f
5f7e1
5f2ed
5f2ee
5c8e1
5c717
58d1f
5f0ad
5f0ae
5ee0c
5c718
5c9c5
5da49
5f04c
5f3d4
58dec
5c1c7
5dd67
5b9c2
58ed8
5dd69
58df0
5c0e3
5dcf4
5b8de
59280
5dcf6
58df4
5b8df
5f20b
5b639
58df6
5c71b
5936b
58df8
5f20f
58dfa
5c71d
5ae41
58dfc
5c71e
58dfd
5f363
5c71f
5b394
58e00
58e01
5c7ff
5f3d5
5c1cc
5b8e5
5baa5
5f125
5dabe
58e06
58e07
5f368
5d00d
5c802
58e0a
5f127
5dd6f
5dd70
5dd71
5efdd
5dd72
5f0b5
58fc0
5c389
58edb
5c2ac
5c38a
58edd
59452
5bfff
58edf
5c000
59454
5cd5c
5b475
59456
58ee3
5af24
5efde
5c2ae
5b477
5cd5e
5b478
58ee8
5cd5f
5c80a
5b47b
5b556
5c8e4
58eec
5db2d
5cd60
5c38c
5f771
5f04e
5c1cf
5c38d
5f44a
5db2f
5d880
58ef4
58ef5
5f3e3
5f44d
5f44e
5f19b
5f44f
58efb
5b63a
5c9c6
590ab
5db9c
5c9c7
590ad
5b2b4
5c635
5953d
5c636
5b558
5f2f3
5c392
5baad
59541
5b55a
5f19c
5f052
5baae
5d0f4
5baaf
5b55d
5f452
5f053
5c397
5bb8d
5d1d4
5b63d
5f4bc
5f454
5d8f1
58fd9
5f212
5d0f5
5c8ed
5c473
5f4bd
5dba2
5d8f3
58fdf
58fe0
58fe1
58fe2
5f7e7
58fe4
5f457
5bc6f
5d2b6
5b71f
590b0
5d2b7
5dc11
5b396
5c9cb
5ae43
5f0b7
5bb90
590b5
5f0b9
5c9cd
5f0bb
5bf1f
590b9
5f216
5be3d
5f4c3
5be3e
5bb94
590bd
5f217
5f4c6
5bf21
5dc12
5bc72
590c1
590c2
5ee81
5bd52
5f858
5f4c8
5d1da
5caad
590c7
5f531
5ee83
5c55a
5caae
5d2bb
5d967
590cd
5ee15
59198
5c001
5dc81
5bd54
59284
5dc83
5919c
5bc73
5f12d
5b47d
5919e
5c55b
59713
591a0
5f131
591a2
5c55d
5b1d3
591a4
5c55e
591a5
5f537
5c55f
5b728
591a8
591a9
5c639
5f5a1
5c006
5b8e6
5f2f7
5d9d8
591ad
591ae
591af
5f53c
5ce45
5c63c
591b2
5f2f9
5dc89
5dc8a
5dc8b
5eef7
5dc8c
5f28b
597fa
5be40
59287
5be41
597fc
5cb94
5b807
597fe
5928b
5b2b6
5eef8
5c0eb
5b398
5cc7b
5928f
5dcf9
5bd5a
5ce48
5bd5b
5b80b
5f5ab
5eefa
5c645
5c726
5f68b
5ef6c
5bd5d
5c009
5c646
5929a
5dcfa
5cf2d
5c729
5f68d
5f36e
5f36f
5f370
5f0bf
5f371
592a3
5b9ce
5d2bf
59459
5e01e
5d2c0
5945b
5b8ea
5d1db
59801
5dfab
5d1dc
59803
5b8ec
5f372
5f21a
5be44
5d489
5be45
5b8ef
5f61e
5f21b
5cc84
5bf28
5d56d
5b9d1
5f690
5f620
5d968
59381
5f28d
5d48a
5d1e0
5cd66
5f691
5e024
5d96a
59387
59388
59389
5938a
5f3e8
5938c
5f623
5c00c
5d64f
5bab3
5945e
5d650
5dde1
5c811
59461
5f3ea
5c731
5f697
5c732
5bf2c
59465
5f3eb
5f69a
5c813
5dde2
5c00f
59469
5946a
5db34
5c0ef
5f459
5f69c
5d652
5c8f3
5946f
5f301
5dde6
5d2c7
5ce4f
5d654
5d9de
59475
5f293
59546
5c39b
5de51
5c0f1
5962e
5de53
5954a
5c8f6
5b563
5954c
5c8f7
5954d
5f70b
5c8f8
5baba
59550
59551
5c9d4
5f775
5c3a0
5c013
5c1d2
5f0c0
5da4f
59556
59557
5f710
5d736
5c9d7
5955a
5f0c2
5de59
5de5a
5de5b
5dbaa
5de5c
5f45f
59716
5cab6
59631
5c480
5cab7
59633
5b646
5f0c4
5c482
5bb9b
5cf34
5bb9c
59638
5cf35
5c9dd
5bb9f
5bc7c
5d015
5963c
5dec9
5cf36
5cab9
5f53e
5dc1b
5c3a3
5c9df
59642
5deca
5d81b
5cabc
5f540
5f7ec
5f7ed
5f7ee
5f136
5f7ef
5964b
5bd5e
5d0f7
59805
5df38
5d0f8
59807
5bc7e
5f542
5f138
5c1d8
5d81d
5c1d9
5bc81
5f7f2
5f139
5cac2
5c2ba
5d3a5
5bd61
5f85c
5d882
59728
5f1a7
5d01a
5d81e
5d01b
5cb9e
5f85d
5df3e
5d884
5972f
59730
59731
59732
5f5b4
59734
5f7f7
5c64c
59809
5f5b6
5c64e
5dfae
5be4b
5980c
5cba3
5980d
5f864
5cba4
5bd66
59810
59811
5dd00
5bf2f
5f377
5f867
5f868
5d3ab
5d1e2
59817
5f627
5dd02
5cc8b
5d1e3
5d48f
5d8f8
5981d
5f1ad
598e4
598e6
59e3c
5a641
598e9
5d01c
5ac7d
5cac6
5a478
598ed
5af28
5c56c
598ef
5a643
5d3af
5ac82
5dac5
5ac84
5e1f5
5ac85
598f7
5d101
5cac9
598fa
5ded2
5dc21
5f7f8
5f547
598fe
5dac9
5daca
5e350
5dc24
5f7fa
5e603
5f7fb
5cba8
599cc
5b2b8
5a728
599ce
599cf
599d0
5d1e4
5a808
599d2
5ce54
5d492
5a809
5a8ec
599d8
5df43
599d9
5df44
5e3c2
5c3a4
599dc
599dd
5d888
5f5b9
5d889
5cbb1
599e1
5d73e
5df47
599e4
5f1b0
5d88c
5e26b
5f1b1
59aae
5a005
5a80b
59ab1
5d1e8
5a8ee
5cc8e
5a644
59ab5
5b0f0
5c734
59ab7
5a395
5a80d
5a8f3
5d8f9
5e434
5d8fa
5a8f6
59abf
5d2ca
5cc91
59ac2
5dfb8
59ac3
5dfb9
5f37b
59ac6
5d8fd
5e436
5dd09
5f62e
5dfbc
5e6e9
5f62f
5cd70
5a9d1
59e42
5d65c
59b96
5a0ed
5b72c
5cd72
5a0ef
5a0f0
5a1cf
5d3b2
5a47a
5a9d6
59ba0
5e029
59ba1
5e02a
5e4a8
5c56e
59ba4
59ba5
5d96e
5f3ed
5d96f
5cd79
59ba9
5d3b4
5e02d
59bac
5f296
5d972
5e09f
5f297
59c76
59f26
5d73f
5c8fd
59f28
5a47b
5aab6
5a1d2
5d660
5b00e
5ce5a
5aab8
5a47e
5d742
5aabb
5d9df
5e51a
5d9e0
5aabe
59c87
5cf3a
5c901
59c8a
5ddec
59c8b
5dded
5f461
59c8e
5d9e3
5e51c
5db3d
5f714
5ddf0
5e7cf
5f715
5a39a
59d5c
5ae46
5c489
59d5e
5a2b4
5a560
59d61
5cf3d
5ab9c
5c9e3
59d65
59d66
5ac86
5dbab
5da53
5e58d
5e183
5c1dc
5d57b
5d828
5c9e7
59d6f
5de60
59d70
5f786
5d022
5dbaf
5dbb0
5e841
5de63
59d76
59d77
59e45
59e47
5a39b
5aba4
59e4a
59e4b
59e4c
59e4e
5b1db
5e4ab
5b1dc
59e51
5e8b3
5d026
5e188
5d027
59e55
5e189
5da5b
5f3f3
5f3f4
5dedc
5e8b4
5e18c
5e8b5
5d107
59f2d
5b811
5b2bd
5d108
59f31
5b2bf
5df4a
5e925
5df4b
5e51f
5d109
5db41
5f86f
5f465
5db42
5d745
5df4e
59f3c
59f3d
5e520
5db45
5e521
5a00f
5a563
5ad6c
5a012
5a013
5a014
5a016
5ae4c
5e591
5ae4d
5a019
5e999
5d1ee
5e26e
5d1ef
5a01d
5e26f
5d88f
5f4d9
5f4da
5dfc2
5e99a
5e272
5e99b
5d2cf
5a0f5
5b481
5af2d
5d2d0
5a0f9
5b00f
5e030
5ea0b
5e031
5e353
5d2d1
5dc27
5f6a3
5f54b
5dc28
5d3b5
5e034
5a104
5a105
5e354
5dc2b
5e355
5a1d7
5a72b
5a9dc
5a1da
5a1db
5a1dc
5a1de
5b014
5e3c5
5b015
5a1e1
5ea7f
5ce5e
5e0a2
5ce5f
5a1e5
5e0a3
5d975
5f5bf
5f5c0
5ddf6
5ea80
5e0a6
5ea81
5aabf
5b0f4
5a811
5a812
5aac1
5b0f7
5dd0b
5e843
5dd0c
5b0fa
5a2c6
5d9e6
5f37e
5d9e7
5cf44
5a2ca
5dd0f
5f78b
5f78c
5e118
5a2ce
5a2cf
5a39f
5a3a1
5a8fa
5b0fc
5a3a4
5a3a5
5a3a7
5b733
5a3a9
5e43d
5a3aa
5eb65
5d581
5e18f
5d582
5a3ae
5e43f
5e03b
5a3b0
5a3b1
5a3b2
5e763
5e764
5a485
5a9de
5b1e0
5a488
5a489
5b816
5b818
5e7d4
5b819
5a48e
5ebd8
5d665
5e202
5d666
5a492
5e4b2
5ddfc
5a494
5a495
5e7d6
5ddfe
5e7d7
5a569
5aac2
5b2c4
5a56c
5a56d
5a56f
5b3a4
5e847
5b3a5
5a572
5ec4b
5d749
5e275
5d74a
5a576
5e525
5de6f
5a578
5a579
5e849
5de71
5e84a
5a64d
5aba6
5ae50
5a650
5a651
5a653
5b488
5e608
5b489
5a656
5ecbe
5d82d
5e2e8
5d82e
5a65a
5e598
5dee2
5a65c
5a65d
5e60a
5dee4
5e60b
5a731
5ac8a
5af34
5a734
5a735
5a737
5b56c
5e67b
5b56d
5a73a
5ed31
5d3b9
5e0a9
5d3ba
5a73e
5e359
5df55
5a740
5a741
5e67d
5df57
5e67e
5a816
5ad6f
5be4d
5bba2
5b64e
5a81c
5e3c9
5a81d
5e3ca
5eaf6
5a820
5dfc6
5a821
5f635
5e11d
5dca1
5f636
5f637
5e3ce
5a826
5a827
5a8fd
5a8ff
5c1de
5bc88
5a902
5bd6b
5e443
5e2ee
5eb68
5ea14
5d908
5e445
5dd17
5e446
5e447
5ee18
5ee19
5b737
5bd6c
5af38
5b739
5a9e7
5e0ae
5bd71
5ea86
5bd72
5a9eb
5e0b0
5d97c
5e0b1
5e0b2
5ebdd
5ebde
5b01a
5b81c
5aac8
5aac9
5aacb
5b8fc
5aacd
5e7d9
5aace
5eefd
5ddff
5aad0
5aad1
5aad2
5eafb
5eafc
5abaa
5b0ff
5c737
5bf33
5b9de
5abb0
5e84b
5abb1
5e84c
5ecc2
5dbbd
5dbbe
5e84d
5e84e
5abb6
5abb7
5ac8d
5ac8f
5c016
5bac1
5ac92
5bba3
5e35d
5e208
5ed34
5e92e
5dad4
5dad5
5e35f
5e360
5e361
5efe4
5efe5
5b56f
5bba4
5b2c8
5b571
5bba7
5e27a
5eda7
5e27b
5bbaa
5ad7b
5e27c
5d896
5e27d
5eda9
5e3d4
5edaa
5b3aa
5bbac
5ae58
5ae59
5ae5b
5c1e4
5ecc5
5c1e5
5ae5e
5f0cd
5e27f
5ae60
5ae61
5ecc7
5e5a5
5ecc8
5af3a
5b48f
5cace
5c81d
5be50
5af40
5ea17
5af41
5ea18
5ee8e
5e040
5ea19
5e2f3
5ea1a
5af46
5af47
5b01d
5b01f
5c3a8
5be52
5b022
5bf34
5e7dd
5e3d6
5ef00
5edac
5dca5
5e7df
5de02
5e7e0
5e7e1
5f1b4
5f1b5
5b8ff
5bf35
5b658
5b901
5bf38
5e448
5ef73
5e449
5bf3b
5b10b
5e44a
5dd19
5e44b
5ef75
5e854
5ef76
5b73a
5b9e4
5b1e8
5b1e9
5b1eb
5c01d
5ebdf
5c01e
5b1ee
5f299
5e199
5b1f0
5b1f1
5ebe1
5e4bf
5ebe2
5b2ca
5b81f
5c906
5c655
5c0ff
5b2d0
5e931
5b2d1
5e932
5f05a
5df5a
5e933
5e20d
5e934
5b2d6
5b2d7
5b3ad
5b3af
5cc97
5c73b
5b3b2
5c81e
5e9a9
5e856
5f0d0
5ef78
5de76
5e9ab
5e282
5e9ac
5e9ad
5f384
5f385
5c1e8
5c81f
5b9e8
5c1ea
5b497
5e616
5c824
5efea
5c825
5b49b
5e618
5deea
5e619
5e61a
5f145
5f146
5baca
5c2cd
5b578
5b579
5b57b
5c3af
5b57d
5ed3d
5b57e
5f469
5e367
5b580
5b581
5b582
5f05f
5f060
5b65a
5bbaf
5d1f1
5c9ec
5c491
5b660
5edaf
5b661
5edb0
5f22a
5e128
5edb1
5e3db
5edb2
5b666
5b667
5b73d
5b73f
5cacf
5c574
5b742
5c656
5e8c3
5e770
5f29c
5ee92
5e042
5e043
5e8c5
5e8c6
5e8c7
5f550
5f551
5c020
5c657
5bd78
5c022
5c65a
5e7e2
5f30f
5e7e3
5c65d
5b82b
5e7e4
5de04
5e7e5
5f311
5e93a
5f312
5be5b
5c65f
5b908
5b909
5b90b
5cc9d
5b90d
5ef09
5b90e
5f639
5e7e7
5e7e8
5b911
5b912
5f22f
5f230
5b9ea
5bf40
5d584
5d2d7
5c909
5b9f0
5ef7b
5b9f1
5ef7c
5f3fa
5e5a8
5ef7d
5e85b
5ef7e
5b9f6
5b9f7
5bacd
5bacf
5ce62
5c90b
5bad2
5c9ed
5ed41
5f71e
5ed42
5f314
5e210
5e211
5ed43
5ed44
5f720
5eff2
5f721
5c3b2
5c9ee
5c109
5c3b4
5c9f1
5e9ae
5f4df
5e9af
5c9f4
5bbbb
5e9b0
5e284
5e9b1
5f4e1
5edb8
5f4e2
5c1eb
5c497
5bc98
5bc99
5bc9b
5cad6
5f147
5cad7
5bc9e
5f805
5e701
5e702
5bca1
5f149
5ea25
5f14a
5bd7a
5c2d0
5d3bc
5d10f
5cbb8
5bd80
5ee95
5bd81
5ee96
5f5c6
5e4c2
5e4c3
5ee97
5ee98
5bd86
5bd87
5be5e
5be60
5be61
5be63
5d1f7
5f1be
5d1f8
5be66
5f1bf
5ef0f
5be68
5be69
5be6a
5edbc
5edbd
5bf43
5c49a
5cca2
5bf47
5d90a
5f556
5d90b
5d2de
5bf4b
5f233
5d90d
5e451
5ef83
5e85d
5ef84
5c57d
5ce65
5c02a
5cf48
5ebed
5f722
5f5ca
5ebee
5d97f
5f5cb
5f5cc
5e61d
5f2a7
5e8ce
5f2a8
5c911
5d4a1
5cf4a
5c110
5f066
5c111
5f796
5f067
5ec62
5f797
5f798
5e940
5c116
5c117
5c1ee
5c1f0
5c1f1
5c1f3
5d030
5f0d8
5d031
5c1f6
5f0d9
5ee29
5c1f8
5c1f9
5ecd6
5e5ab
5ecd7
5c2d3
5c82a
5cada
5d113
5dad6
5f470
5dad7
5d116
5c2db
5f14d
5dad9
5e36b
5ee9d
5e777
5ee9e
5c913
5c3ba
5d832
5db4e
5f799
5db4f
5f06c
5d89d
5f476
5db51
5ea9b
5ea9c
5f477
5f478
5d1fb
5d3be
5c4a0
5ee2c
5c4a1
5f80d
5f237
5dbc3
5f80e
5f80f
5edbe
5c4a6
5c4a7
5c57f
5c581
5c583
5d3c1
5f2a9
5d3c2
5c586
5f55b
5eea1
5c588
5c589
5c58a
5eea2
5eea3
5c664
5ce6c
5d4a4
5d9f4
5f5cd
5d9f5
5d4a7
5c66b
5f31e
5d9f7
5e7eb
5f31f
5e943
5f320
5cca3
5c74a
5d66a
5dd1a
5f6b3
5dd1b
5ef86
5da69
5f390
5dd1d
5e9b5
5e9b6
5f391
5f392
5d033
5d66b
5c830
5eff8
5c831
5f727
5f151
5dd8f
5f728
5f729
5ecd8
5ecd9
5c837
5c914
5c916
5db52
5f72a
5de06
5effd
5c91a
5c91b
5c9f8
5c9fa
5dbc5
5dbc6
5f79d
5f070
5c9fe
5c9ff
5cadc
5cade
5dc38
5dc39
5f810
5ee31
5cae2
5cae3
5cbc0
5cbc2
5dcab
5f883
5df5f
5eea4
5cbc6
5cbc7
5cca4
5cca6
5dd1e
5f644
5dfd2
5ef17
5ef18
5ccab
5cd88
5cd8a
5dd91
5f6b7
5e045
5ef8a
5cd8e
5cd8f
5ce6e
5de07
5ce70
5f2b1
5d989
5dcae
5ebf7
5cf53
5e12c
5d9fb
5f397
5f398
5de7b
5f073
5da6d
5f409
5ecdc
5f814
5f815
5e1a0
5f0e6
5db54
5f886
5eea6
5d11d
5d11e
5d11f
5d1fe
5dfd3
5d200
5f1cb
5d8a3
5dbc8
5edc3
5d2e3
5e2f8
5d915
5f563
5f564
5e047
5ef8d
5d98a
5e36d
5dc3d
5f88a
5f88b
5e36e
5f566
5dcaf
5f64a
5ef1b
5d4ad
5d4ae
5d4af
5d58e
5e048
5d590
5f0e7
5da72
5e049
5ef8f
5d673
5e214
5dae4
5f40c
5dd97
5e215
5f15b
5d8a4
5e539
5db57
5f7a4
5f7a5
5e53a
5f480
5dbc9
5f816
5ee35
5d83d
5d83e
5d83f
5d8a7
5dae6
5de7e
5d8aa
5f481
5f7a8
5e28b
5dcb2
5e694
5f1d0
5dcb4
5ef1d
5d8b1
5f4f6
5e0bd
5e2fd
5dbce
5f81a
5d91f
5f567
5dfd8
5d921
5f39b
5dfda
5f244
5f1d3
5f6c2
5d98f
5e36f
5eeaa
5d991
5dcb5
5f733
5e0c0
5dd99
5f6c3
5d996
5f5dc
5f2b8
5da01
5db5c
5e7ed
5f328
5db5e
5dfdb
5da06
5f5de
5f653
5e133
5ec6b
5f7aa
5da0b
5dae7
5de80
5e1a4
5dbd2
5f7ac
5e1a5
5dd2a
5f6c5
5da7b
5f40f
5ee38
5da7d
5f411
5df68
5dae9
5dc44
5e621
5f15d
5dd9c
5f737
5f15e
5dd9e
5eeab
5daf0
5f485
5e5b0
5db62
5e695
5e21b
5dbd4
5dfdc
5e9b9
5dbd7
5dcb9
5e300
5dc49
5f4fa
5e457
5e3e5
5de11
5f5df
5dd2e
5e861
5e135
5dda1
5e622
5e1a8
5de12
5e051
5e4cc
5de15
5f6c7
5e623
5e863
5e290
5f7ad
5defa
5ea2d
5e5b3
5df6c
5e0c3
5ed52
5df6f
5e052
5e3e6
5dfe1
5f654
5e459
5e77d
5f655
5eb14
5e0c7
5e4cf
5eeac
5e13a
5e542
5ef1f
5e1ad
5ece0
5e865
5e220
5e376
5f005
5e293
5edc6
5e699
5e307
5eb87
5edc7
5e379
5eead
5ea31
5e3ec
5e7f4
5f1d4
5e45f
5ef93
5eb17
5e4d2
5f006
5e8d8
5e545
5f079
5e94b
5ece2
5e70e
5f07a
5e62b
5ea33
5f415
5e69e
5eaa6
5f488
5e711
5f248
5edca
5e784
5e8da
5f56e
5e7f7
5f32e
5ebfe
5e86b
5f0ef
5f32f
5e8dd
5f416
5ef97
5e950
5f489
5f00a
5e9c3
5f4fc
5f07d
5ea36
5f56f
5ee3e
5eaa9
5f5e2
5eeb1
5eb1d
5f3a3
5f5e3
5eb90
5ec74
5f2be
5ec76
5ed5a
5f0f2
5ed5c
5ef25
5f896
5ee42
5ef26
5f571
5ef28
5f00c
5f3a5
5f00e
5f1d9
5f7b1
5f1da
5f3a6
5f6cb
