configuration,sample_seed,shot,syndrome_converged,logical_action_match,logically_correct,iterations,relay_legs,rescued_beyond_first_leg,valid_solutions,selected_solution_weight
balanced,20260809,0,1,1,1,23,1,0,1,328.6641794878916
balanced,20260809,1,1,1,1,17,1,0,1,298.31313780294295
balanced,20260809,2,1,1,1,25,1,0,1,388.67262118387396
balanced,20260809,3,1,1,1,36,1,0,1,362.1952545164906
balanced,20260809,4,1,1,1,15,1,0,1,319.89038709201327
balanced,20260809,5,1,1,1,16,1,0,1,274.69419033665883
balanced,20260809,6,1,1,1,23,1,0,1,302.4205950937307
balanced,20260809,7,1,1,1,114,2,1,1,343.06178101531583
balanced,20260809,8,1,1,1,56,1,0,1,359.70213395503305
balanced,20260809,9,1,1,1,334,6,1,1,342.90550571574124
balanced,20260809,10,1,1,1,39,1,0,1,351.1709519540915
balanced,20260809,11,1,1,1,21,1,0,1,361.91901569493524
balanced,20260809,12,1,1,1,52,1,0,1,385.6277491698546
balanced,20260809,13,1,1,1,471,8,1,1,444.04929026291046
balanced,20260809,14,1,1,1,61,1,0,1,344.9932359701255
balanced,20260809,15,1,1,1,185,3,1,1,392.8371303649066
balanced,20260809,16,1,1,1,34,1,0,1,393.06636497611544
balanced,20260809,17,1,1,1,22,1,0,1,350.00538713651184
balanced,20260809,18,1,1,1,22,1,0,1,453.84616372582457
balanced,20260809,19,1,1,1,25,1,0,1,387.839971311754
balanced,20260809,20,1,1,1,24,1,0,1,279.96045497823843
balanced,20260809,21,1,1,1,14,1,0,1,273.57854771508386
balanced,20260809,22,1,1,1,22,1,0,1,360.3091827740966
balanced,20260809,23,1,1,1,16,1,0,1,360.65008896626534
balanced,20260809,24,1,1,1,19,1,0,1,299.5748059099719
balanced,20260809,25,1,1,1,22,1,0,1,231.49009693130174
balanced,20260809,26,1,1,1,27,1,0,1,298.1364026687779
balanced,20260809,27,1,1,1,38,1,0,1,279.68360395475577
balanced,20260809,28,1,1,1,249,4,1,1,332.2408439188472
balanced,20260809,29,1,1,1,43,1,0,1,385.2152367537198
balanced,20260809,30,1,1,1,33,1,0,1,325.8828210696963
balanced,20260809,31,1,1,1,20,1,0,1,285.52694858161897
balanced,20260809,32,1,1,1,28,1,0,1,340.4050680907237
balanced,20260809,33,1,1,1,18,1,0,1,346.02187035022496
balanced,20260809,34,1,1,1,226,4,1,1,385.6033038513326
balanced,20260809,35,1,1,1,52,1,0,1,407.4045599519107
balanced,20260809,36,1,1,1,25,1,0,1,396.351264363206
balanced,20260809,37,0,1,0,980,16,0,0,
balanced,20260809,38,1,1,1,37,1,0,1,391.12588992694896
balanced,20260809,39,1,1,1,37,1,0,1,360.0953822279208
balanced,20260809,40,1,1,1,33,1,0,1,293.50734883469914
balanced,20260809,41,1,1,1,18,1,0,1,226.82538599575787
balanced,20260809,42,1,1,1,25,1,0,1,328.3955906081728
balanced,20260809,43,1,1,1,21,1,0,1,343.36213996198785
balanced,20260809,44,1,1,1,18,1,0,1,396.4687337538469
balanced,20260809,45,1,1,1,26,1,0,1,247.19065710579184
balanced,20260809,46,1,1,1,25,1,0,1,399.623139095343
balanced,20260809,47,1,1,1,22,1,0,1,300.8377827556977
balanced,20260809,48,1,1,1,27,1,0,1,391.10301773934555
balanced,20260809,49,1,1,1,25,1,0,1,379.82016155951317
balanced,20260809,50,1,1,1,31,1,0,1,313.24746694633507
balanced,20260809,51,1,1,1,17,1,0,1,272.420109038991
balanced,20260809,52,1,1,1,44,1,0,1,258.6872963628482
balanced,20260809,53,1,1,1,80,1,0,1,353.6181848264015
balanced,20260809,54,1,1,1,46,1,0,1,385.9629727434567
balanced,20260809,55,1,1,1,25,1,0,1,405.4659368855956
balanced,20260809,56,1,1,1,184,3,1,1,348.3060198881217
balanced,20260809,57,1,1,1,19,1,0,1,335.1588456344334
balanced,20260809,58,1,1,1,16,1,0,1,303.81979552907956
balanced,20260809,59,1,1,1,45,1,0,1,452.26105662239297
balanced,20260809,60,1,1,1,30,1,0,1,331.04892371412643
balanced,20260809,61,1,1,1,247,4,1,1,419.521480659494
balanced,20260809,62,1,1,1,28,1,0,1,414.8972389588573
balanced,20260809,63,1,1,1,37,1,0,1,385.642096417405
balanced,20260809,64,1,1,1,23,1,0,1,278.7770616951118
balanced,20260809,65,1,1,1,31,1,0,1,298.46332625844525
balanced,20260809,66,1,1,1,22,1,0,1,310.05971627856
balanced,20260809,67,1,1,1,31,1,0,1,428.84117822222026
balanced,20260809,68,1,1,1,20,1,0,1,290.45936733726637
balanced,20260809,69,1,1,1,35,1,0,1,355.31448491275955
balanced,20260809,70,1,1,1,32,1,0,1,324.2738142332343
balanced,20260809,71,1,1,1,19,1,0,1,253.9745954435926
balanced,20260809,72,1,1,1,30,1,0,1,345.2601536845826
balanced,20260809,73,1,1,1,16,1,0,1,272.94166483059627
balanced,20260809,74,1,1,1,30,1,0,1,393.94997139003056
balanced,20260809,75,1,1,1,104,2,1,1,379.9423287006333
balanced,20260809,76,1,1,1,30,1,0,1,386.90030226549425
balanced,20260809,77,1,1,1,27,1,0,1,335.72277966329
balanced,20260809,78,1,1,1,120,2,1,1,334.84901268840355
balanced,20260809,79,1,1,1,16,1,0,1,273.0699800584164
balanced,20260809,80,1,1,1,29,1,0,1,390.7174692338731
balanced,20260809,81,1,1,1,20,1,0,1,363.0386420998793
balanced,20260809,82,1,1,1,30,1,0,1,303.2887316188873
balanced,20260809,83,1,1,1,34,1,0,1,363.06592510765
balanced,20260809,84,1,1,1,27,1,0,1,357.15246147857147
balanced,20260809,85,1,1,1,29,1,0,1,257.4272679986892
balanced,20260809,86,1,1,1,50,1,0,1,338.1824667100422
balanced,20260809,87,1,1,1,162,3,1,1,322.8378844463758
balanced,20260809,88,1,1,1,42,1,0,1,377.6572523052703
balanced,20260809,89,1,1,1,32,1,0,1,366.4414296001787
balanced,20260809,90,1,1,1,16,1,0,1,311.677600028673
balanced,20260809,91,1,1,1,524,9,1,1,507.0068833867473
balanced,20260809,92,1,1,1,26,1,0,1,343.5577990850549
balanced,20260809,93,1,1,1,31,1,0,1,300.4789985779083
balanced,20260809,94,1,1,1,33,1,0,1,362.5856886511678
balanced,20260809,95,1,1,1,18,1,0,1,339.04132144161815
balanced,20260809,96,1,1,1,16,1,0,1,300.6408532896441
balanced,20260809,97,1,1,1,345,6,1,1,417.980230749307
balanced,20260809,98,1,1,1,25,1,0,1,326.960255386557
balanced,20260809,99,1,1,1,44,1,0,1,326.94040353973685
balanced,20260809,100,1,1,1,161,3,1,1,399.8671233225304
balanced,20260809,101,1,1,1,18,1,0,1,309.140936455733
balanced,20260809,102,1,1,1,113,2,1,1,251.44306191146518
balanced,20260809,103,1,1,1,54,1,0,1,410.70648991171845
balanced,20260809,104,1,1,1,18,1,0,1,295.380544476776
balanced,20260809,105,1,1,1,58,1,0,1,391.04841419798083
balanced,20260809,106,1,1,1,35,1,0,1,302.2556580886102
balanced,20260809,107,1,1,1,133,2,1,1,356.0995573300848
balanced,20260809,108,1,1,1,228,4,1,1,366.3840904689731
balanced,20260809,109,1,1,1,34,1,0,1,379.0741094134602
balanced,20260809,110,1,1,1,49,1,0,1,413.1985613690827
balanced,20260809,111,1,1,1,54,1,0,1,404.2715570445873
balanced,20260809,112,1,1,1,48,1,0,1,329.8719165750861
balanced,20260809,113,1,1,1,26,1,0,1,276.2851926126827
balanced,20260809,114,1,1,1,20,1,0,1,349.97869022261057
balanced,20260809,115,1,1,1,19,1,0,1,261.4680266731877
balanced,20260809,116,1,1,1,34,1,0,1,334.35677903390723
balanced,20260809,117,1,1,1,120,2,1,1,419.127855815928
balanced,20260809,118,1,1,1,18,1,0,1,344.0011686597601
balanced,20260809,119,1,1,1,28,1,0,1,293.7021099222694
balanced,20260809,120,1,1,1,20,1,0,1,285.0630681786598
balanced,20260809,121,1,1,1,29,1,0,1,463.4497246426643
balanced,20260809,122,1,1,1,33,1,0,1,323.65360269006106
balanced,20260809,123,1,1,1,29,1,0,1,403.87720113420835
balanced,20260809,124,1,1,1,440,7,1,1,350.3179562433677
balanced,20260809,125,1,1,1,61,1,0,1,354.7803852639372
balanced,20260809,126,1,1,1,25,1,0,1,354.90696138202713
balanced,20260809,127,1,1,1,38,1,0,1,369.43141632645563
balanced,20260810,0,1,1,1,50,1,0,1,502.49721104526446
balanced,20260810,1,1,1,1,50,1,0,1,319.08627542985323
balanced,20260810,2,1,1,1,34,1,0,1,333.84935737985114
balanced,20260810,3,1,1,1,63,1,0,1,348.1625220704026
balanced,20260810,4,1,1,1,109,2,1,1,367.39040561063484
balanced,20260810,5,1,1,1,26,1,0,1,381.153274841904
balanced,20260810,6,1,1,1,33,1,0,1,322.41231137976
balanced,20260810,7,1,1,1,117,2,1,1,339.54945456192297
balanced,20260810,8,1,1,1,41,1,0,1,403.7327931923545
balanced,20260810,9,1,1,1,178,3,1,1,413.17602964338323
balanced,20260810,10,1,1,1,21,1,0,1,390.5269860841997
balanced,20260810,11,1,1,1,44,1,0,1,328.14111163253386
balanced,20260810,12,1,1,1,23,1,0,1,309.88896537221774
balanced,20260810,13,1,1,1,28,1,0,1,308.7297321968356
balanced,20260810,14,1,1,1,21,1,0,1,292.0137652710964
balanced,20260810,15,1,1,1,40,1,0,1,339.24973309515616
balanced,20260810,16,1,1,1,24,1,0,1,270.0420088370274
balanced,20260810,17,1,1,1,13,1,0,1,381.6427260802042
balanced,20260810,18,1,1,1,18,1,0,1,299.6085724802879
balanced,20260810,19,1,1,1,36,1,0,1,368.8315699259588
balanced,20260810,20,1,1,1,35,1,0,1,323.12511019006047
balanced,20260810,21,1,1,1,30,1,0,1,296.4717643378872
balanced,20260810,22,1,1,1,33,1,0,1,273.4804678591191
balanced,20260810,23,1,1,1,28,1,0,1,351.1825132953932
balanced,20260810,24,1,1,1,26,1,0,1,349.4407365165133
balanced,20260810,25,1,1,1,45,1,0,1,407.60111912158175
balanced,20260810,26,1,1,1,66,1,0,1,455.28849804885164
balanced,20260810,27,1,1,1,25,1,0,1,382.17007459500917
balanced,20260810,28,1,1,1,15,1,0,1,398.52242230150136
balanced,20260810,29,1,1,1,126,2,1,1,337.72514575306855
balanced,20260810,30,1,1,1,21,1,0,1,248.57562665168305
balanced,20260810,31,1,1,1,69,1,0,1,322.96210429496466
balanced,20260810,32,1,1,1,16,1,0,1,388.1751902535789
balanced,20260810,33,1,1,1,47,1,0,1,439.3346654948589
balanced,20260810,34,1,1,1,20,1,0,1,402.1761809856231
balanced,20260810,35,1,1,1,36,1,0,1,263.76366473461053
balanced,20260810,36,1,1,1,37,1,0,1,247.66362282152159
balanced,20260810,37,1,1,1,21,1,0,1,273.0842234902355
balanced,20260810,38,1,1,1,16,1,0,1,232.0928665866565
balanced,20260810,39,1,1,1,23,1,0,1,311.1790682404327
balanced,20260810,40,1,1,1,33,1,0,1,339.1082961229702
balanced,20260810,41,1,1,1,20,1,0,1,432.7248528330902
balanced,20260810,42,1,1,1,18,1,0,1,313.7804428261875
balanced,20260810,43,1,1,1,14,1,0,1,273.66490937024776
balanced,20260810,44,1,1,1,22,1,0,1,260.17455082985055
balanced,20260810,45,1,1,1,430,7,1,1,360.88183333398666
balanced,20260810,46,1,1,1,18,1,0,1,366.97673023523055
balanced,20260810,47,1,1,1,22,1,0,1,342.8523414560916
balanced,20260810,48,1,1,1,129,2,1,1,395.49588217723164
balanced,20260810,49,1,1,1,31,1,0,1,470.7772840558175
balanced,20260810,50,1,1,1,308,5,1,1,452.88876445072606
balanced,20260810,51,1,1,1,364,6,1,1,304.1668453408929
balanced,20260810,52,1,1,1,36,1,0,1,292.7506541601039
balanced,20260810,53,1,1,1,37,1,0,1,326.72724854792114
balanced,20260810,54,1,1,1,28,1,0,1,324.24686502327734
balanced,20260810,55,1,1,1,110,2,1,1,345.0508594501022
balanced,20260810,56,1,1,1,11,1,0,1,329.64955882880326
balanced,20260810,57,1,1,1,29,1,0,1,314.855744819478
balanced,20260810,58,1,1,1,619,10,1,1,393.87377888446616
balanced,20260810,59,1,1,1,19,1,0,1,335.1119373839855
balanced,20260810,60,1,1,1,367,6,1,1,381.01843214094004
balanced,20260810,61,1,1,1,51,1,0,1,384.1582002591374
balanced,20260810,62,1,1,1,17,1,0,1,357.1627484002779
balanced,20260810,63,1,1,1,34,1,0,1,308.7777434379728
balanced,20260810,64,1,1,1,34,1,0,1,358.35719165376827
balanced,20260810,65,1,1,1,47,1,0,1,363.0432324967421
balanced,20260810,66,1,1,1,31,1,0,1,307.32101096042214
balanced,20260810,67,1,1,1,27,1,0,1,384.68736673372445
balanced,20260810,68,1,1,1,162,3,1,1,355.9352543997918
balanced,20260810,69,1,1,1,113,2,1,1,375.8819997757764
balanced,20260810,70,1,1,1,25,1,0,1,433.5208307549157
balanced,20260810,71,1,1,1,31,1,0,1,336.7533139896732
balanced,20260810,72,1,1,1,43,1,0,1,310.2234092341623
balanced,20260810,73,1,1,1,102,2,1,1,353.6692118498463
balanced,20260810,74,1,1,1,43,1,0,1,401.2858387074041
balanced,20260810,75,1,1,1,50,1,0,1,324.13404739487135
balanced,20260810,76,1,1,1,23,1,0,1,391.9725536314147
balanced,20260810,77,1,1,1,23,1,0,1,393.7124496750945
balanced,20260810,78,1,1,1,116,2,1,1,374.80335415336606
balanced,20260810,79,1,1,1,317,5,1,1,467.3834863630699
balanced,20260810,80,1,1,1,186,3,1,1,468.7299889820115
balanced,20260810,81,1,1,1,57,1,0,1,380.6844122033713
balanced,20260810,82,1,1,1,42,1,0,1,386.27129450147584
balanced,20260810,83,1,1,1,25,1,0,1,334.8051483298557
balanced,20260810,84,1,1,1,44,1,0,1,375.9310045884768
balanced,20260810,85,1,1,1,23,1,0,1,317.8474096116789
balanced,20260810,86,1,1,1,54,1,0,1,372.93033090595804
balanced,20260810,87,1,1,1,42,1,0,1,361.0139855623321
balanced,20260810,88,1,1,1,25,1,0,1,275.7587636331284
balanced,20260810,89,1,1,1,21,1,0,1,337.70771190579063
balanced,20260810,90,1,1,1,26,1,0,1,378.4694595345113
balanced,20260810,91,1,1,1,618,10,1,1,378.9988369839565
balanced,20260810,92,1,1,1,17,1,0,1,357.7294501982791
balanced,20260810,93,1,1,1,26,1,0,1,355.6940944962528
balanced,20260810,94,1,1,1,47,1,0,1,383.5899170816034
balanced,20260810,95,1,1,1,54,1,0,1,334.50434369585696
balanced,20260810,96,1,1,1,23,1,0,1,340.5832031091288
balanced,20260810,97,1,1,1,40,1,0,1,334.7190444299579
balanced,20260810,98,1,1,1,33,1,0,1,457.0496719417851
balanced,20260810,99,1,1,1,39,1,0,1,372.04870729193954
balanced,20260810,100,1,1,1,18,1,0,1,365.2936732462871
balanced,20260810,101,1,1,1,238,4,1,1,454.4985935865019
balanced,20260810,102,1,1,1,23,1,0,1,335.99578813258216
balanced,20260810,103,1,1,1,37,1,0,1,396.3706190417895
balanced,20260810,104,1,1,1,62,1,0,1,316.18319336089365
balanced,20260810,105,1,1,1,122,2,1,1,335.46372952776915
balanced,20260810,106,1,1,1,102,2,1,1,299.67054548016336
balanced,20260810,107,1,1,1,238,4,1,1,485.37157856072145
balanced,20260810,108,1,1,1,75,1,0,1,348.82497823704784
balanced,20260810,109,1,1,1,26,1,0,1,386.3130395759481
balanced,20260810,110,1,1,1,132,2,1,1,411.16075928144755
balanced,20260810,111,1,1,1,307,5,1,1,388.6953316811241
balanced,20260810,112,1,1,1,20,1,0,1,312.0021857091162
balanced,20260810,113,1,1,1,27,1,0,1,284.41383120031895
balanced,20260810,114,1,1,1,24,1,0,1,287.96351552182637
balanced,20260810,115,1,1,1,28,1,0,1,452.704581223363
balanced,20260810,116,1,1,1,21,1,0,1,303.6337049253732
balanced,20260810,117,1,1,1,19,1,0,1,309.4625952148559
balanced,20260810,118,1,1,1,22,1,0,1,404.73965642984615
balanced,20260810,119,1,1,1,22,1,0,1,334.8824843170258
balanced,20260810,120,1,1,1,161,3,1,1,463.46220535913295
balanced,20260810,121,1,1,1,24,1,0,1,408.3094381638691
balanced,20260810,122,1,1,1,20,1,0,1,269.880330374349
balanced,20260810,123,1,1,1,22,1,0,1,271.9414818441023
balanced,20260810,124,1,1,1,34,1,0,1,405.9155659010146
balanced,20260810,125,1,1,1,30,1,0,1,305.0931984546422
balanced,20260810,126,1,1,1,77,1,0,1,405.9638843931541
balanced,20260810,127,1,1,1,31,1,0,1,356.2425807154525
balanced,20260811,0,1,1,1,16,1,0,1,268.4099853823129
balanced,20260811,1,1,1,1,26,1,0,1,346.0440848582283
balanced,20260811,2,1,1,1,17,1,0,1,298.59105050714606
balanced,20260811,3,1,1,1,33,1,0,1,341.9062094430152
balanced,20260811,4,1,1,1,24,1,0,1,310.144580346704
balanced,20260811,5,1,1,1,36,1,0,1,337.53348554432023
balanced,20260811,6,1,1,1,27,1,0,1,285.0249958991975
balanced,20260811,7,1,1,1,29,1,0,1,370.46398150017615
balanced,20260811,8,1,1,1,24,1,0,1,250.36298374970147
balanced,20260811,9,1,1,1,55,1,0,1,276.894902302146
balanced,20260811,10,1,1,1,19,1,0,1,379.24179635321434
balanced,20260811,11,1,1,1,37,1,0,1,380.29612669288656
balanced,20260811,12,1,1,1,40,1,0,1,308.87711623578684
balanced,20260811,13,1,1,1,19,1,0,1,389.7371157082861
balanced,20260811,14,1,1,1,22,1,0,1,298.0035701712604
balanced,20260811,15,1,1,1,27,1,0,1,352.2146639671643
balanced,20260811,16,1,1,1,32,1,0,1,320.3868593020909
balanced,20260811,17,1,1,1,25,1,0,1,328.3803319394158
balanced,20260811,18,1,1,1,26,1,0,1,313.1791949162632
balanced,20260811,19,1,1,1,12,1,0,1,349.3068650983686
balanced,20260811,20,1,1,1,33,1,0,1,383.47641805762953
balanced,20260811,21,1,1,1,116,2,1,1,349.39841892355446
balanced,20260811,22,1,1,1,26,1,0,1,346.45236781633423
balanced,20260811,23,1,1,1,12,1,0,1,396.09518539861455
balanced,20260811,24,1,1,1,43,1,0,1,289.5408566636942
balanced,20260811,25,1,1,1,38,1,0,1,355.0731787583196
balanced,20260811,26,1,1,1,965,16,1,1,271.23676404114093
balanced,20260811,27,1,1,1,41,1,0,1,318.5075931560136
balanced,20260811,28,1,1,1,48,1,0,1,386.14033923900104
balanced,20260811,29,1,1,1,14,1,0,1,224.3826823337472
balanced,20260811,30,1,1,1,124,2,1,1,340.09004408901075
balanced,20260811,31,1,1,1,41,1,0,1,378.162235264782
balanced,20260811,32,1,1,1,12,1,0,1,215.00474153107203
balanced,20260811,33,1,1,1,110,2,1,1,362.12480711348127
balanced,20260811,34,1,1,1,18,1,0,1,333.7492319753178
balanced,20260811,35,1,1,1,19,1,0,1,263.2351755070142
balanced,20260811,36,1,1,1,45,1,0,1,298.3208713755464
balanced,20260811,37,1,1,1,28,1,0,1,399.0062715217257
balanced,20260811,38,1,1,1,54,1,0,1,287.73910624103246
balanced,20260811,39,1,1,1,129,2,1,1,417.66101274591654
balanced,20260811,40,1,1,1,19,1,0,1,392.4691886578542
balanced,20260811,41,1,1,1,106,2,1,1,402.44999398766424
balanced,20260811,42,1,1,1,479,8,1,1,428.49477162371943
balanced,20260811,43,1,1,1,22,1,0,1,313.51326092239094
balanced,20260811,44,1,1,1,29,1,0,1,336.1529613281305
balanced,20260811,45,1,1,1,36,1,0,1,322.79054258183567
balanced,20260811,46,1,1,1,26,1,0,1,254.5864312637279
balanced,20260811,47,1,1,1,29,1,0,1,255.37491213138046
balanced,20260811,48,1,1,1,20,1,0,1,304.5140835364925
balanced,20260811,49,1,1,1,34,1,0,1,454.08362411958126
balanced,20260811,50,1,1,1,138,2,1,1,358.35014779166596
balanced,20260811,51,1,1,1,74,1,0,1,438.7788733386483
balanced,20260811,52,1,1,1,34,1,0,1,391.5077297650133
balanced,20260811,53,1,1,1,43,1,0,1,314.5338378780973
balanced,20260811,54,1,1,1,32,1,0,1,289.3392497497555
balanced,20260811,55,1,1,1,20,1,0,1,292.50152611366485
balanced,20260811,56,1,1,1,31,1,0,1,419.86043994506076
balanced,20260811,57,1,1,1,31,1,0,1,356.7090761697151
balanced,20260811,58,1,1,1,101,2,1,1,327.4378024261945
balanced,20260811,59,1,1,1,28,1,0,1,365.01040690344985
balanced,20260811,60,1,1,1,28,1,0,1,377.2088838623064
balanced,20260811,61,1,1,1,405,7,1,1,326.49913972844183
balanced,20260811,62,1,1,1,25,1,0,1,350.75247858914923
balanced,20260811,63,1,1,1,46,1,0,1,433.3790079432776
balanced,20260811,64,1,1,1,50,1,0,1,350.6716607031354
balanced,20260811,65,1,1,1,29,1,0,1,399.1279519410133
balanced,20260811,66,1,1,1,35,1,0,1,355.47978874140875
balanced,20260811,67,1,1,1,27,1,0,1,343.50918667537564
balanced,20260811,68,1,1,1,18,1,0,1,327.39705920294324
balanced,20260811,69,1,1,1,28,1,0,1,355.52472390107096
balanced,20260811,70,1,1,1,48,1,0,1,383.0416072586699
balanced,20260811,71,1,1,1,52,1,0,1,328.4500041533661
balanced,20260811,72,1,1,1,26,1,0,1,360.43281541075726
balanced,20260811,73,1,1,1,29,1,0,1,329.17559020234796
balanced,20260811,74,1,1,1,23,1,0,1,341.16384852442735
balanced,20260811,75,1,1,1,23,1,0,1,354.9349772789574
balanced,20260811,76,1,1,1,29,1,0,1,304.56853799789
balanced,20260811,77,1,1,1,12,1,0,1,233.3446944862225
balanced,20260811,78,1,1,1,18,1,0,1,347.3510766392733
balanced,20260811,79,1,1,1,28,1,0,1,295.9087803029147
balanced,20260811,80,1,1,1,19,1,0,1,368.60845641319315
balanced,20260811,81,1,1,1,26,1,0,1,315.54788804295686
balanced,20260811,82,1,1,1,43,1,0,1,339.6461705996305
balanced,20260811,83,1,1,1,24,1,0,1,376.6489398256998
balanced,20260811,84,1,1,1,34,1,0,1,347.47073959380543
balanced,20260811,85,1,1,1,26,1,0,1,368.4111071280349
balanced,20260811,86,1,1,1,21,1,0,1,371.45916373392015
balanced,20260811,87,1,1,1,22,1,0,1,332.69635528423316
balanced,20260811,88,1,1,1,880,15,1,1,362.7411293753963
balanced,20260811,89,1,1,1,296,5,1,1,431.0421105658183
balanced,20260811,90,1,1,1,19,1,0,1,248.5390381696219
balanced,20260811,91,1,1,1,26,1,0,1,325.97872445829364
balanced,20260811,92,1,1,1,20,1,0,1,344.0726973434448
balanced,20260811,93,1,1,1,39,1,0,1,342.14692708559517
balanced,20260811,94,1,1,1,35,1,0,1,390.64242576667743
balanced,20260811,95,1,1,1,24,1,0,1,366.0463554212187
balanced,20260811,96,1,1,1,53,1,0,1,312.40196883544706
balanced,20260811,97,1,1,1,35,1,0,1,321.65807455359396
balanced,20260811,98,1,1,1,40,1,0,1,350.4627587480217
balanced,20260811,99,1,1,1,25,1,0,1,393.1045969814098
balanced,20260811,100,1,1,1,22,1,0,1,320.0218523209311
balanced,20260811,101,1,1,1,41,1,0,1,310.3605661874101
balanced,20260811,102,1,1,1,20,1,0,1,342.71146874002136
balanced,20260811,103,1,1,1,517,9,1,1,446.6647168290747
balanced,20260811,104,1,1,1,195,3,1,1,290.34640460723324
balanced,20260811,105,1,1,1,24,1,0,1,387.1453837982566
balanced,20260811,106,1,1,1,41,1,0,1,312.11519189307097
balanced,20260811,107,1,1,1,10,1,0,1,205.6180083746308
balanced,20260811,108,1,1,1,29,1,0,1,303.60055109270354
balanced,20260811,109,1,1,1,58,1,0,1,340.0409368398708
balanced,20260811,110,1,1,1,38,1,0,1,316.1812097376424
balanced,20260811,111,1,1,1,38,1,0,1,409.76875425245396
balanced,20260811,112,1,1,1,29,1,0,1,345.45353935025344
balanced,20260811,113,1,1,1,29,1,0,1,344.4878958561114
balanced,20260811,114,1,1,1,32,1,0,1,277.2171984072662
balanced,20260811,115,1,1,1,60,1,0,1,382.4102726353649
balanced,20260811,116,1,1,1,33,1,0,1,394.8168550562574
balanced,20260811,117,1,1,1,44,1,0,1,329.0796873900657
balanced,20260811,118,1,1,1,26,1,0,1,344.3935691795101
balanced,20260811,119,1,1,1,13,1,0,1,320.01956260793014
balanced,20260811,120,1,1,1,34,1,0,1,356.61174448334054
balanced,20260811,121,1,1,1,28,1,0,1,338.7521528407234
balanced,20260811,122,1,1,1,19,1,0,1,391.783992267762
balanced,20260811,123,1,1,1,26,1,0,1,285.8174063479526
balanced,20260811,124,1,1,1,22,1,0,1,304.54982036433637
balanced,20260811,125,1,1,1,165,3,1,1,391.1146290835929
balanced,20260811,126,1,1,1,18,1,0,1,271.45392278510127
balanced,20260811,127,1,1,1,19,1,0,1,341.1770092080748
balanced,20260812,0,1,1,1,20,1,0,1,436.5197715002364
balanced,20260812,1,1,1,1,18,1,0,1,306.6642146765293
balanced,20260812,2,1,1,1,21,1,0,1,227.07702204659108
balanced,20260812,3,1,1,1,117,2,1,1,303.04175216212366
balanced,20260812,4,1,1,1,49,1,0,1,285.64027079600805
balanced,20260812,5,1,1,1,21,1,0,1,295.2370915150707
balanced,20260812,6,1,1,1,28,1,0,1,312.2084790000639
balanced,20260812,7,1,1,1,33,1,0,1,376.9105464849191
balanced,20260812,8,1,1,1,33,1,0,1,274.3366256979524
balanced,20260812,9,1,1,1,35,1,0,1,315.3349581098211
balanced,20260812,10,1,1,1,19,1,0,1,346.36567468816867
balanced,20260812,11,1,1,1,28,1,0,1,338.1028561336176
balanced,20260812,12,1,1,1,43,1,0,1,370.30047666831763
balanced,20260812,13,1,1,1,29,1,0,1,294.595644590318
balanced,20260812,14,1,1,1,28,1,0,1,371.262768556567
balanced,20260812,15,1,1,1,220,4,1,1,479.2347464755894
balanced,20260812,16,1,1,1,31,1,0,1,420.2375896584432
balanced,20260812,17,1,1,1,43,1,0,1,326.85694294431363
balanced,20260812,18,1,1,1,22,1,0,1,356.76369007373313
balanced,20260812,19,1,1,1,18,1,0,1,268.67289583081913
balanced,20260812,20,1,1,1,155,3,1,1,310.5360667580271
balanced,20260812,21,1,1,1,23,1,0,1,289.535760985581
balanced,20260812,22,1,1,1,35,1,0,1,374.17446781399747
balanced,20260812,23,1,1,1,53,1,0,1,339.9837202705264
balanced,20260812,24,1,1,1,25,1,0,1,368.78207766784817
balanced,20260812,25,1,1,1,25,1,0,1,363.95000408929667
balanced,20260812,26,1,1,1,116,2,1,1,362.0355881261344
balanced,20260812,27,1,1,1,45,1,0,1,370.4246912508262
balanced,20260812,28,1,1,1,21,1,0,1,314.1377685761714
balanced,20260812,29,1,1,1,21,1,0,1,327.60128852658295
balanced,20260812,30,1,1,1,25,1,0,1,374.24014432910883
balanced,20260812,31,1,1,1,547,9,1,1,415.3923391321074
balanced,20260812,32,1,1,1,21,1,0,1,321.49226940563267
balanced,20260812,33,1,1,1,13,1,0,1,245.02731779703873
balanced,20260812,34,1,1,1,30,1,0,1,312.39365303700936
balanced,20260812,35,1,1,1,33,1,0,1,323.8813919095372
balanced,20260812,36,1,1,1,20,1,0,1,320.37860494209514
balanced,20260812,37,1,1,1,29,1,0,1,422.2188700361146
balanced,20260812,38,1,1,1,18,1,0,1,347.597208178417
balanced,20260812,39,1,1,1,35,1,0,1,351.28473351476356
balanced,20260812,40,1,1,1,32,1,0,1,308.0538427432989
balanced,20260812,41,1,1,1,35,1,0,1,384.47929980238365
balanced,20260812,42,1,1,1,47,1,0,1,327.42117814170393
balanced,20260812,43,1,1,1,28,1,0,1,364.6139317665576
balanced,20260812,44,1,1,1,19,1,0,1,377.5126181155498
balanced,20260812,45,1,1,1,114,2,1,1,431.00324177761024
balanced,20260812,46,1,1,1,33,1,0,1,418.73479857922007
balanced,20260812,47,1,1,1,111,2,1,1,411.7056805836161
balanced,20260812,48,1,1,1,29,1,0,1,255.6873913901798
balanced,20260812,49,1,1,1,27,1,0,1,379.31340082064946
balanced,20260812,50,1,1,1,23,1,0,1,337.031714450167
balanced,20260812,51,1,1,1,28,1,0,1,360.26733218200155
balanced,20260812,52,1,1,1,18,1,0,1,326.65998832102775
balanced,20260812,53,1,1,1,22,1,0,1,340.09614480547674
balanced,20260812,54,1,1,1,46,1,0,1,319.9263869071459
balanced,20260812,55,1,1,1,33,1,0,1,346.660148194832
balanced,20260812,56,1,1,1,53,1,0,1,330.40740509759917
balanced,20260812,57,1,1,1,32,1,0,1,363.313910577607
balanced,20260812,58,1,1,1,23,1,0,1,306.3546604485922
balanced,20260812,59,1,1,1,35,1,0,1,361.7636160471902
balanced,20260812,60,1,1,1,16,1,0,1,269.59620937792516
balanced,20260812,61,1,1,1,167,3,1,1,319.95247452409126
balanced,20260812,62,1,1,1,48,1,0,1,380.00652961117885
balanced,20260812,63,1,1,1,41,1,0,1,337.45399250487725
balanced,20260812,64,1,1,1,80,1,0,1,414.0281796697244
balanced,20260812,65,1,1,1,30,1,0,1,341.1126089713282
balanced,20260812,66,1,1,1,28,1,0,1,426.53270720096816
balanced,20260812,67,1,1,1,34,1,0,1,376.32263142020355
balanced,20260812,68,1,1,1,61,1,0,1,299.7973192599499
balanced,20260812,69,1,1,1,38,1,0,1,407.5248358760693
balanced,20260812,70,1,1,1,29,1,0,1,330.61928775666564
balanced,20260812,71,1,1,1,130,2,1,1,435.69874150200457
balanced,20260812,72,1,1,1,37,1,0,1,383.7191074858303
balanced,20260812,73,1,1,1,254,4,1,1,372.99970456091256
balanced,20260812,74,1,1,1,34,1,0,1,248.9516327615676
balanced,20260812,75,1,1,1,41,1,0,1,398.7727976897486
balanced,20260812,76,1,1,1,17,1,0,1,371.68792864058435
balanced,20260812,77,1,1,1,24,1,0,1,387.82239637231305
balanced,20260812,78,1,1,1,53,1,0,1,431.569904401166
balanced,20260812,79,1,1,1,29,1,0,1,374.809939822754
balanced,20260812,80,1,1,1,25,1,0,1,303.7984014316621
balanced,20260812,81,1,1,1,32,1,0,1,293.7180048947099
balanced,20260812,82,1,1,1,29,1,0,1,355.895274948315
balanced,20260812,83,1,1,1,137,2,1,1,436.7024285673883
balanced,20260812,84,1,1,1,32,1,0,1,401.86879306556733
balanced,20260812,85,1,1,1,111,2,1,1,363.5776015656551
balanced,20260812,86,1,1,1,126,2,1,1,386.1484331381581
balanced,20260812,87,1,1,1,21,1,0,1,336.5006638775774
balanced,20260812,88,1,1,1,22,1,0,1,388.74627422715804
balanced,20260812,89,1,1,1,15,1,0,1,252.60861062415904
balanced,20260812,90,1,1,1,22,1,0,1,286.7451967392052
balanced,20260812,91,1,1,1,26,1,0,1,365.307911665685
balanced,20260812,92,1,1,1,39,1,0,1,407.48975524567436
balanced,20260812,93,1,1,1,24,1,0,1,338.0655531251256
balanced,20260812,94,1,1,1,28,1,0,1,371.1261826474308
balanced,20260812,95,1,1,1,30,1,0,1,298.5059124027605
balanced,20260812,96,1,1,1,42,1,0,1,338.5283846899328
balanced,20260812,97,1,1,1,109,2,1,1,319.902805738345
balanced,20260812,98,1,1,1,46,1,0,1,418.80075074398684
balanced,20260812,99,1,1,1,38,1,0,1,345.7561727059149
balanced,20260812,100,1,1,1,38,1,0,1,383.4596623579074
balanced,20260812,101,1,1,1,116,2,1,1,383.21180628305876
balanced,20260812,102,1,1,1,37,1,0,1,373.31799229035175
balanced,20260812,103,1,1,1,36,1,0,1,331.36670005181935
balanced,20260812,104,1,1,1,17,1,0,1,342.3149288997753
balanced,20260812,105,1,1,1,160,3,1,1,375.63292713603016
balanced,20260812,106,1,1,1,20,1,0,1,394.73985084546564
balanced,20260812,107,1,1,1,655,11,1,1,358.0291312790323
balanced,20260812,108,1,1,1,27,1,0,1,377.1709502882819
balanced,20260812,109,1,1,1,41,1,0,1,320.13323376200583
balanced,20260812,110,1,1,1,13,1,0,1,181.49747475777087
balanced,20260812,111,1,1,1,41,1,0,1,387.0294615186163
balanced,20260812,112,1,1,1,47,1,0,1,311.52823875056015
balanced,20260812,113,1,1,1,34,1,0,1,397.7014412041411
balanced,20260812,114,1,1,1,16,1,0,1,362.6696780355107
balanced,20260812,115,1,1,1,17,1,0,1,392.7025538380016
balanced,20260812,116,1,1,1,22,1,0,1,320.2597530131729
balanced,20260812,117,1,1,1,24,1,0,1,370.651701132769
balanced,20260812,118,1,1,1,45,1,0,1,395.7567076209075
balanced,20260812,119,1,1,1,114,2,1,1,315.30254287312334
balanced,20260812,120,1,1,1,29,1,0,1,309.99698307406715
balanced,20260812,121,1,1,1,44,1,0,1,356.83964524352393
balanced,20260812,122,1,1,1,28,1,0,1,342.30297215115786
balanced,20260812,123,1,1,1,36,1,0,1,407.54409361450223
balanced,20260812,124,1,1,1,24,1,0,1,337.2883026642484
balanced,20260812,125,1,1,1,34,1,0,1,399.6093371646509
balanced,20260812,126,1,1,1,23,1,0,1,337.7204770557595
balanced,20260812,127,1,1,1,29,1,0,1,378.2345324091849
balanced,20260813,0,1,1,1,259,4,1,1,349.9311516000427
balanced,20260813,1,1,1,1,30,1,0,1,321.1984073170287
balanced,20260813,2,1,1,1,23,1,0,1,397.57543228840905
balanced,20260813,3,1,1,1,21,1,0,1,294.03879410917034
balanced,20260813,4,1,1,1,27,1,0,1,338.2292360522222
balanced,20260813,5,1,1,1,129,2,1,1,263.5690255503285
balanced,20260813,6,1,1,1,29,1,0,1,363.9986353154242
balanced,20260813,7,1,1,1,19,1,0,1,322.22706879716213
balanced,20260813,8,1,1,1,25,1,0,1,343.57872197140046
balanced,20260813,9,1,1,1,132,2,1,1,414.95074410053996
balanced,20260813,10,1,1,1,258,4,1,1,368.39609812300307
balanced,20260813,11,1,1,1,30,1,0,1,263.79758398974
balanced,20260813,12,1,1,1,30,1,0,1,304.550657887391
balanced,20260813,13,1,1,1,21,1,0,1,335.3022522446897
balanced,20260813,14,1,1,1,125,2,1,1,395.1070083106933
balanced,20260813,15,1,1,1,117,2,1,1,330.7336079687972
balanced,20260813,16,1,1,1,62,1,0,1,366.83417420753267
balanced,20260813,17,1,1,1,31,1,0,1,398.40988922641657
balanced,20260813,18,1,1,1,45,1,0,1,287.5140629862135
balanced,20260813,19,1,1,1,24,1,0,1,388.3367400147191
balanced,20260813,20,1,1,1,258,4,1,1,347.0432388824624
balanced,20260813,21,1,1,1,44,1,0,1,398.57316820903765
balanced,20260813,22,1,1,1,24,1,0,1,329.32839236431755
balanced,20260813,23,1,1,1,35,1,0,1,354.51631612690585
balanced,20260813,24,1,1,1,37,1,0,1,315.89184971108915
balanced,20260813,25,1,1,1,59,1,0,1,424.0351392561671
balanced,20260813,26,1,1,1,14,1,0,1,282.0451285231401
balanced,20260813,27,1,1,1,28,1,0,1,279.3103704664742
balanced,20260813,28,1,1,1,28,1,0,1,304.4301267694177
balanced,20260813,29,1,1,1,305,5,1,1,352.0173330499033
balanced,20260813,30,1,1,1,34,1,0,1,386.940386025874
balanced,20260813,31,1,1,1,33,1,0,1,324.7598412733876
balanced,20260813,32,1,1,1,28,1,0,1,426.1593105894092
balanced,20260813,33,1,1,1,36,1,0,1,320.93044997295385
balanced,20260813,34,1,1,1,25,1,0,1,310.8506420983517
balanced,20260813,35,1,1,1,27,1,0,1,335.68379849429965
balanced,20260813,36,1,1,1,20,1,0,1,353.258955005414
balanced,20260813,37,1,1,1,24,1,0,1,254.37791531233654
balanced,20260813,38,1,1,1,38,1,0,1,418.77831860042926
balanced,20260813,39,1,1,1,18,1,0,1,343.01796423735107
balanced,20260813,40,1,1,1,47,1,0,1,363.1640692513466
balanced,20260813,41,1,1,1,32,1,0,1,347.57420175836415
balanced,20260813,42,1,1,1,17,1,0,1,280.96636813215787
balanced,20260813,43,1,1,1,117,2,1,1,271.8717181440985
balanced,20260813,44,1,1,1,17,1,0,1,329.26949587813056
balanced,20260813,45,1,1,1,574,10,1,1,339.9113004866065
balanced,20260813,46,1,1,1,19,1,0,1,272.58261784316204
balanced,20260813,47,1,1,1,20,1,0,1,306.8767418756181
balanced,20260813,48,1,1,1,28,1,0,1,432.5780940181603
balanced,20260813,49,1,1,1,44,1,0,1,374.7904783706736
balanced,20260813,50,1,1,1,36,1,0,1,350.84168803874195
balanced,20260813,51,1,1,1,46,1,0,1,261.3928486981134
balanced,20260813,52,1,1,1,18,1,0,1,313.4163697623837
balanced,20260813,53,1,1,1,119,2,1,1,382.4193092882675
balanced,20260813,54,1,1,1,38,1,0,1,313.517108074725
balanced,20260813,55,1,1,1,26,1,0,1,296.37684310327086
balanced,20260813,56,1,1,1,431,7,1,1,402.71415590903155
balanced,20260813,57,1,1,1,66,1,0,1,318.01620542458113
balanced,20260813,58,1,1,1,33,1,0,1,356.1786039085903
balanced,20260813,59,1,1,1,491,8,1,1,468.5352667285921
balanced,20260813,60,1,1,1,32,1,0,1,321.32110899227763
balanced,20260813,61,1,1,1,31,1,0,1,299.9959782897494
balanced,20260813,62,1,1,1,104,2,1,1,344.5753925764391
balanced,20260813,63,1,1,1,25,1,0,1,352.07792200635987
balanced,20260813,64,1,1,1,12,1,0,1,297.84309604971196
balanced,20260813,65,1,1,1,32,1,0,1,278.07488604877494
balanced,20260813,66,1,1,1,33,1,0,1,385.75122479737706
balanced,20260813,67,1,1,1,24,1,0,1,325.4582044545121
balanced,20260813,68,1,1,1,35,1,0,1,273.89382925035216
balanced,20260813,69,1,1,1,12,1,0,1,278.1157059356673
balanced,20260813,70,1,1,1,29,1,0,1,377.8963648298077
balanced,20260813,71,1,1,1,229,4,1,1,466.1227344262403
balanced,20260813,72,1,1,1,72,1,0,1,293.2092538680656
balanced,20260813,73,1,1,1,137,2,1,1,347.1904362696873
balanced,20260813,74,1,1,1,173,3,1,1,389.8264502277758
balanced,20260813,75,1,1,1,24,1,0,1,300.9322744196139
balanced,20260813,76,1,1,1,15,1,0,1,245.58704788078867
balanced,20260813,77,1,1,1,20,1,0,1,398.8820404582768
balanced,20260813,78,1,1,1,46,1,0,1,383.23265921029747
balanced,20260813,79,1,1,1,27,1,0,1,299.8938337697269
balanced,20260813,80,1,1,1,130,2,1,1,328.74958980456813
balanced,20260813,81,1,1,1,18,1,0,1,284.64075618560594
balanced,20260813,82,1,1,1,25,1,0,1,336.58449290037936
balanced,20260813,83,1,1,1,178,3,1,1,368.13517270304476
balanced,20260813,84,1,1,1,17,1,0,1,243.3408311989009
balanced,20260813,85,1,1,1,23,1,0,1,390.1603317323329
balanced,20260813,86,1,1,1,24,1,0,1,279.4739560874712
balanced,20260813,87,1,1,1,22,1,0,1,218.8582166341635
balanced,20260813,88,1,1,1,18,1,0,1,295.1622647573207
balanced,20260813,89,1,1,1,34,1,0,1,400.51813849270724
balanced,20260813,90,1,1,1,41,1,0,1,299.86636731604995
balanced,20260813,91,1,1,1,38,1,0,1,254.53740008639164
balanced,20260813,92,1,1,1,26,1,0,1,386.27623023830586
balanced,20260813,93,1,1,1,22,1,0,1,272.556107793052
balanced,20260813,94,1,1,1,33,1,0,1,311.81293046540657
balanced,20260813,95,1,1,1,49,1,0,1,377.0825218989321
balanced,20260813,96,1,1,1,33,1,0,1,348.8579747861179
balanced,20260813,97,1,1,1,136,2,1,1,433.12723825691444
balanced,20260813,98,1,1,1,35,1,0,1,363.06805901014314
balanced,20260813,99,1,1,1,23,1,0,1,346.3809746848733
balanced,20260813,100,1,1,1,27,1,0,1,360.3151147188121
balanced,20260813,101,1,1,1,17,1,0,1,298.26800153110685
balanced,20260813,102,1,1,1,43,1,0,1,349.9496794210485
balanced,20260813,103,1,1,1,44,1,0,1,373.3544009927977
balanced,20260813,104,1,1,1,31,1,0,1,350.3152875934755
balanced,20260813,105,1,1,1,112,2,1,1,343.1186801975963
balanced,20260813,106,1,1,1,24,1,0,1,314.1002467876954
balanced,20260813,107,1,1,1,50,1,0,1,454.02682802105255
balanced,20260813,108,1,1,1,34,1,0,1,245.1453988812899
balanced,20260813,109,0,1,0,980,16,0,0,
balanced,20260813,110,1,1,1,26,1,0,1,373.9778840621872
balanced,20260813,111,1,1,1,455,8,1,1,303.02833327751176
balanced,20260813,112,1,1,1,44,1,0,1,369.6379033484395
balanced,20260813,113,1,1,1,28,1,0,1,248.65034492039683
balanced,20260813,114,1,1,1,36,1,0,1,361.1384718093646
balanced,20260813,115,1,1,1,17,1,0,1,334.67963777807824
balanced,20260813,116,1,1,1,45,1,0,1,331.09658195762773
balanced,20260813,117,1,1,1,31,1,0,1,298.8472088796549
balanced,20260813,118,1,1,1,23,1,0,1,325.4434519014776
balanced,20260813,119,1,1,1,31,1,0,1,336.4570276536355
balanced,20260813,120,1,1,1,17,1,0,1,320.9872087872861
balanced,20260813,121,1,1,1,30,1,0,1,448.62924113499713
balanced,20260813,122,1,1,1,23,1,0,1,293.04571580544126
balanced,20260813,123,1,1,1,48,1,0,1,303.2341382017859
balanced,20260813,124,1,1,1,45,1,0,1,319.7205341663269
balanced,20260813,125,1,1,1,55,1,0,1,375.44985907941475
balanced,20260813,126,1,1,1,46,1,0,1,363.93036960579946
balanced,20260813,127,1,1,1,65,1,0,1,315.1010415064334
high_success,20260809,0,1,1,1,50,1,0,1,316.150507998773
high_success,20260809,1,1,1,1,54,1,0,1,295.8421562823993
high_success,20260809,2,1,1,1,49,1,0,1,376.9920874030173
high_success,20260809,3,1,1,1,50,1,0,1,411.0690501344702
high_success,20260809,4,1,1,1,77,1,0,1,316.859506003368
high_success,20260809,5,1,1,1,61,1,0,1,284.78755843446555
high_success,20260809,6,1,1,1,97,2,1,1,290.8862795278997
high_success,20260809,7,1,1,1,57,1,0,1,345.37354468468345
high_success,20260809,8,1,1,1,96,2,1,1,353.3943827468188
high_success,20260809,9,1,1,1,113,2,1,1,337.6555566732169
high_success,20260809,10,1,1,1,36,1,0,1,300.9064406211655
high_success,20260809,11,1,1,1,109,2,1,1,369.49244399825045
high_success,20260809,12,1,1,1,106,2,1,1,378.383950687313
high_success,20260809,13,1,1,1,477,8,1,1,462.0833092594942
high_success,20260809,14,1,1,1,74,1,0,1,345.5072850150399
high_success,20260809,15,1,1,1,109,2,1,1,344.4792779342199
high_success,20260809,16,1,1,1,106,2,1,1,416.9069244965026
high_success,20260809,17,1,1,1,116,2,1,1,340.0324543479306
high_success,20260809,18,1,1,1,367,6,1,1,480.13675174531954
high_success,20260809,19,1,1,1,55,1,0,1,357.5249128663397
high_success,20260809,20,1,1,1,99,2,1,1,291.7513747497878
high_success,20260809,21,1,1,1,43,1,0,1,274.81767044471906
high_success,20260809,22,1,1,1,108,2,1,1,322.68522182561094
high_success,20260809,23,1,1,1,112,2,1,1,379.7379039079678
high_success,20260809,24,1,1,1,63,1,0,1,302.67489240317093
high_success,20260809,25,1,1,1,110,2,1,1,245.84062319376295
high_success,20260809,26,1,1,1,64,1,0,1,368.44346496315643
high_success,20260809,27,1,1,1,106,2,1,1,272.99131908360266
high_success,20260809,28,1,1,1,280,5,1,1,338.26973088999637
high_success,20260809,29,1,1,1,37,1,0,1,361.0660008043983
high_success,20260809,30,1,1,1,45,1,0,1,334.80387685725094
high_success,20260809,31,1,1,1,54,1,0,1,281.4285332048003
high_success,20260809,32,1,1,1,68,1,0,1,355.35740079521946
high_success,20260809,33,1,1,1,71,1,0,1,347.96007531107284
high_success,20260809,34,1,1,1,219,4,1,1,357.4694933281322
high_success,20260809,35,1,1,1,117,2,1,1,414.9017858583601
high_success,20260809,36,1,1,1,113,2,1,1,413.991497947047
high_success,20260809,37,1,1,1,1066,18,1,1,375.90166586652606
high_success,20260809,38,1,1,1,121,2,1,1,413.8628949981056
high_success,20260809,39,1,1,1,35,1,0,1,346.645950385584
high_success,20260809,40,1,1,1,48,1,0,1,278.6305544268014
high_success,20260809,41,1,1,1,55,1,0,1,220.81232332305785
high_success,20260809,42,1,1,1,183,3,1,1,348.17049607957125
high_success,20260809,43,1,1,1,41,1,0,1,348.33280089578216
high_success,20260809,44,1,1,1,34,1,0,1,387.93090982489014
high_success,20260809,45,1,1,1,29,1,0,1,244.10550153708377
high_success,20260809,46,1,1,1,118,2,1,1,430.56729962244316
high_success,20260809,47,1,1,1,154,3,1,1,300.01492801363406
high_success,20260809,48,1,1,1,112,2,1,1,377.7454500939423
high_success,20260809,49,1,1,1,42,1,0,1,372.69263280380574
high_success,20260809,50,1,1,1,45,1,0,1,307.0209460082193
high_success,20260809,51,1,1,1,35,1,0,1,302.69024565728876
high_success,20260809,52,1,1,1,33,1,0,1,255.01196803964532
high_success,20260809,53,1,1,1,56,1,0,1,313.08784763895227
high_success,20260809,54,1,1,1,107,2,1,1,412.8174821688817
high_success,20260809,55,1,1,1,64,1,0,1,391.48906564653146
high_success,20260809,56,1,1,1,176,3,1,1,325.0559488778861
high_success,20260809,57,1,1,1,17,1,0,1,315.7211805205401
high_success,20260809,58,1,1,1,43,1,0,1,317.00908710413137
high_success,20260809,59,1,1,1,65,1,0,1,428.8830827790339
high_success,20260809,60,1,1,1,111,2,1,1,301.56852893963224
high_success,20260809,61,1,1,1,229,4,1,1,396.99775024913134
high_success,20260809,62,1,1,1,48,1,0,1,401.3753352709339
high_success,20260809,63,1,1,1,128,2,1,1,412.15507292145514
high_success,20260809,64,1,1,1,62,1,0,1,284.65331145204266
high_success,20260809,65,1,1,1,24,1,0,1,284.0163272597328
high_success,20260809,66,1,1,1,74,1,0,1,320.81288060526276
high_success,20260809,67,1,1,1,105,2,1,1,450.39138118882147
high_success,20260809,68,1,1,1,192,3,1,1,348.7469720331705
high_success,20260809,69,1,1,1,54,1,0,1,353.00652948684586
high_success,20260809,70,1,1,1,69,1,0,1,290.49033004110197
high_success,20260809,71,1,1,1,47,1,0,1,267.97486048301334
high_success,20260809,72,1,1,1,105,2,1,1,349.59750763204715
high_success,20260809,73,1,1,1,119,2,1,1,283.1554623235277
high_success,20260809,74,1,1,1,57,1,0,1,387.9874855651864
high_success,20260809,75,1,1,1,123,2,1,1,412.245938158712
high_success,20260809,76,1,1,1,50,1,0,1,397.1305695605759
high_success,20260809,77,1,1,1,99,2,1,1,347.60080791066207
high_success,20260809,78,1,1,1,100,2,1,1,295.9252053905493
high_success,20260809,79,1,1,1,42,1,0,1,270.8175975206705
high_success,20260809,80,1,1,1,115,2,1,1,380.40374020520085
high_success,20260809,81,1,1,1,37,1,0,1,402.7657631798756
high_success,20260809,82,1,1,1,98,2,1,1,312.4037230212386
high_success,20260809,83,1,1,1,64,1,0,1,372.7825107515174
high_success,20260809,84,1,1,1,111,2,1,1,411.61440529026436
high_success,20260809,85,1,1,1,34,1,0,1,223.69670432752292
high_success,20260809,86,1,1,1,78,1,0,1,412.1596308905322
high_success,20260809,87,1,1,1,171,3,1,1,321.36576945339345
high_success,20260809,88,1,1,1,30,1,0,1,330.74109469125915
high_success,20260809,89,1,1,1,35,1,0,1,382.9451424142334
high_success,20260809,90,1,1,1,46,1,0,1,370.29109898211834
high_success,20260809,91,1,1,1,233,4,1,1,485.3949279802032
high_success,20260809,92,1,1,1,105,2,1,1,331.6189028144149
high_success,20260809,93,1,1,1,43,1,0,1,294.1119317272283
high_success,20260809,94,1,1,1,40,1,0,1,351.03375147423196
high_success,20260809,95,1,1,1,24,1,0,1,344.74623244281975
high_success,20260809,96,1,1,1,37,1,0,1,308.73224184787404
high_success,20260809,97,1,1,1,117,2,1,1,379.4573697465472
high_success,20260809,98,1,1,1,55,1,0,1,321.77892080084104
high_success,20260809,99,1,1,1,104,2,1,1,306.4904972072877
high_success,20260809,100,1,1,1,102,2,1,1,350.4373976384833
high_success,20260809,101,1,1,1,105,2,1,1,321.19061946609963
high_success,20260809,102,1,1,1,33,1,0,1,230.96983702531816
high_success,20260809,103,1,1,1,56,1,0,1,422.3090402641789
high_success,20260809,104,1,1,1,55,1,0,1,281.5018680399602
high_success,20260809,105,1,1,1,119,2,1,1,426.1257354359191
high_success,20260809,106,1,1,1,52,1,0,1,290.5481698056984
high_success,20260809,107,1,1,1,112,2,1,1,311.76010852012644
high_success,20260809,108,1,1,1,137,2,1,1,365.9038456897733
high_success,20260809,109,1,1,1,49,1,0,1,363.5772414406199
high_success,20260809,110,1,1,1,169,3,1,1,479.7279096871564
high_success,20260809,111,1,1,1,50,1,0,1,370.80084185716714
high_success,20260809,112,1,1,1,122,2,1,1,361.5322558499053
high_success,20260809,113,1,1,1,36,1,0,1,271.6416502974638
high_success,20260809,114,1,1,1,470,8,1,1,360.7632206642122
high_success,20260809,115,1,1,1,33,1,0,1,276.4188833712093
high_success,20260809,116,1,1,1,109,2,1,1,340.77811960221123
high_success,20260809,117,1,1,1,109,2,1,1,419.54963349621175
high_success,20260809,118,1,1,1,75,1,0,1,327.4844959274664
high_success,20260809,119,1,1,1,75,1,0,1,302.2177009896234
high_success,20260809,120,1,1,1,287,5,1,1,293.2598992533241
high_success,20260809,121,1,1,1,115,2,1,1,465.0928012029778
high_success,20260809,122,1,1,1,37,1,0,1,283.98789769180485
high_success,20260809,123,1,1,1,42,1,0,1,418.95242141121133
high_success,20260809,124,1,1,1,118,2,1,1,333.93197127670703
high_success,20260809,125,1,1,1,55,1,0,1,360.5798427452356
high_success,20260809,126,1,1,1,34,1,0,1,370.35545532330787
high_success,20260809,127,1,1,1,40,1,0,1,367.958886298706
high_success,20260810,0,1,1,1,79,1,0,1,481.47777210069887
high_success,20260810,1,1,1,1,36,1,0,1,309.04388017571375
high_success,20260810,2,1,1,1,37,1,0,1,314.88502200173843
high_success,20260810,3,1,1,1,182,3,1,1,353.9056908881456
high_success,20260810,4,1,1,1,134,2,1,1,384.5816108762466
high_success,20260810,5,1,1,1,48,1,0,1,376.2521573820157
high_success,20260810,6,1,1,1,66,1,0,1,314.4803128312264
high_success,20260810,7,1,1,1,119,2,1,1,334.0312337061729
high_success,20260810,8,1,1,1,170,3,1,1,410.1333188541713
high_success,20260810,9,1,1,1,221,4,1,1,400.46717825585915
high_success,20260810,10,1,1,1,54,1,0,1,422.5043776597895
high_success,20260810,11,1,1,1,27,1,0,1,310.1666754338604
high_success,20260810,12,1,1,1,64,1,0,1,319.9507509102992
high_success,20260810,13,1,1,1,77,1,0,1,302.64376608609143
high_success,20260810,14,1,1,1,108,2,1,1,298.4314092906592
high_success,20260810,15,1,1,1,31,1,0,1,252.62795436019908
high_success,20260810,16,1,1,1,133,2,1,1,298.7414779931553
high_success,20260810,17,1,1,1,102,2,1,1,408.8726675973493
high_success,20260810,18,1,1,1,33,1,0,1,324.8603188768418
high_success,20260810,19,1,1,1,114,2,1,1,413.93723163280686
high_success,20260810,20,1,1,1,170,3,1,1,326.9828909787338
high_success,20260810,21,1,1,1,34,1,0,1,293.2766805129858
high_success,20260810,22,1,1,1,42,1,0,1,300.44596591051925
high_success,20260810,23,1,1,1,172,3,1,1,364.9729736776376
high_success,20260810,24,1,1,1,38,1,0,1,329.40740687148184
high_success,20260810,25,1,1,1,102,2,1,1,362.3792411478169
high_success,20260810,26,1,1,1,46,1,0,1,454.9033375519107
high_success,20260810,27,1,1,1,71,1,0,1,359.53289445473746
high_success,20260810,28,1,1,1,30,1,0,1,382.2633596771818
high_success,20260810,29,1,1,1,182,3,1,1,329.53295071902664
high_success,20260810,30,1,1,1,56,1,0,1,316.8858096154092
high_success,20260810,31,1,1,1,135,2,1,1,311.6635102448413
high_success,20260810,32,1,1,1,53,1,0,1,336.8729348425182
high_success,20260810,33,1,1,1,123,2,1,1,361.8619357840276
high_success,20260810,34,1,1,1,117,2,1,1,446.2644175823433
high_success,20260810,35,1,1,1,285,5,1,1,273.0382634158195
high_success,20260810,36,1,1,1,53,1,0,1,250.8665973388951
high_success,20260810,37,1,1,1,59,1,0,1,267.53696967202205
high_success,20260810,38,1,1,1,53,1,0,1,229.84136838532922
high_success,20260810,39,1,1,1,102,2,1,1,324.2111113507683
high_success,20260810,40,1,1,1,40,1,0,1,326.0938743027125
high_success,20260810,41,1,1,1,47,1,0,1,414.1220672936548
high_success,20260810,42,1,1,1,77,1,0,1,313.781327162606
high_success,20260810,43,1,1,1,64,1,0,1,262.60925398697077
high_success,20260810,44,1,1,1,45,1,0,1,255.72671260162355
high_success,20260810,45,1,1,1,406,7,1,1,363.0352069008299
high_success,20260810,46,1,1,1,101,2,1,1,437.0346116964404
high_success,20260810,47,1,1,1,33,1,0,1,342.78686840627927
high_success,20260810,48,1,1,1,237,4,1,1,437.8510322984505
high_success,20260810,49,1,1,1,76,1,0,1,448.08846717470544
high_success,20260810,50,1,1,1,55,1,0,1,395.7961896283625
high_success,20260810,51,1,1,1,80,1,0,1,297.52844471568017
high_success,20260810,52,1,1,1,35,1,0,1,296.87532721841785
high_success,20260810,53,1,1,1,43,1,0,1,301.34068782367393
high_success,20260810,54,1,1,1,111,2,1,1,332.5778270436096
high_success,20260810,55,1,1,1,109,2,1,1,363.0354105325575
high_success,20260810,56,1,1,1,60,1,0,1,331.9440597036099
high_success,20260810,57,1,1,1,49,1,0,1,311.7728096435494
high_success,20260810,58,1,1,1,139,2,1,1,374.7382704206857
high_success,20260810,59,1,1,1,75,1,0,1,356.13584076258337
high_success,20260810,60,1,1,1,546,9,1,1,352.88977024211886
high_success,20260810,61,1,1,1,114,2,1,1,429.8016892800439
high_success,20260810,62,1,1,1,117,2,1,1,369.68287716787245
high_success,20260810,63,1,1,1,53,1,0,1,288.20036780516136
high_success,20260810,64,1,1,1,26,1,0,1,346.8799249825793
high_success,20260810,65,1,1,1,131,2,1,1,385.0217409706862
high_success,20260810,66,1,1,1,69,1,0,1,325.4911188082316
high_success,20260810,67,1,1,1,40,1,0,1,377.30150944445603
high_success,20260810,68,1,1,1,170,3,1,1,369.2061704712322
high_success,20260810,69,1,1,1,37,1,0,1,369.11869570514153
high_success,20260810,70,1,1,1,226,4,1,1,476.1246533791149
high_success,20260810,71,1,1,1,106,2,1,1,374.8179136462761
high_success,20260810,72,1,1,1,69,1,0,1,330.7976878621055
high_success,20260810,73,1,1,1,109,2,1,1,373.41741947891063
high_success,20260810,74,1,1,1,291,5,1,1,405.14488261985093
high_success,20260810,75,1,1,1,56,1,0,1,312.12695170219
high_success,20260810,76,1,1,1,30,1,0,1,383.3539885794074
high_success,20260810,77,1,1,1,112,2,1,1,401.2254323164161
high_success,20260810,78,1,1,1,101,2,1,1,377.9266729187573
high_success,20260810,79,1,1,1,76,1,0,1,442.7207063561003
high_success,20260810,80,1,0,0,68,1,0,1,438.1456061464654
high_success,20260810,81,1,1,1,543,9,1,1,403.4748641600306
high_success,20260810,82,1,1,1,71,1,0,1,379.3965932517508
high_success,20260810,83,1,1,1,40,1,0,1,374.1675138213759
high_success,20260810,84,1,1,1,117,2,1,1,384.9236891632781
high_success,20260810,85,1,1,1,70,1,0,1,317.79594810637764
high_success,20260810,86,1,1,1,43,1,0,1,358.18813971257424
high_success,20260810,87,1,1,1,126,2,1,1,394.8517439135003
high_success,20260810,88,1,1,1,21,1,0,1,277.4466289485322
high_success,20260810,89,1,1,1,35,1,0,1,337.70771190579063
high_success,20260810,90,1,1,1,224,4,1,1,374.78636109249067
high_success,20260810,91,1,1,1,276,5,1,1,404.02655543807384
high_success,20260810,92,1,1,1,170,3,1,1,370.8172598009853
high_success,20260810,93,1,1,1,114,2,1,1,358.9843934074316
high_success,20260810,94,1,1,1,218,4,1,1,401.77173873986584
high_success,20260810,95,1,1,1,36,1,0,1,338.4692831578903
high_success,20260810,96,1,1,1,112,2,1,1,338.34795378474746
high_success,20260810,97,1,1,1,31,1,0,1,325.3325524995467
high_success,20260810,98,1,1,1,116,2,1,1,376.5058026741401
high_success,20260810,99,1,1,1,52,1,0,1,314.6359105696715
high_success,20260810,100,1,1,1,49,1,0,1,340.4576687957615
high_success,20260810,101,1,1,1,123,2,1,1,408.4560342044556
high_success,20260810,102,1,1,1,140,2,1,1,319.6694749028326
high_success,20260810,103,1,1,1,135,2,1,1,416.133758157142
high_success,20260810,104,1,1,1,114,2,1,1,324.3184059715014
high_success,20260810,105,1,1,1,120,2,1,1,344.4991009536021
high_success,20260810,106,1,1,1,104,2,1,1,285.9736201481203
high_success,20260810,107,1,1,1,259,4,1,1,472.84246446828183
high_success,20260810,108,1,1,1,60,1,0,1,302.75640261136914
high_success,20260810,109,1,1,1,98,2,1,1,341.84228029308736
high_success,20260810,110,1,1,1,109,2,1,1,426.7136279126988
high_success,20260810,111,1,1,1,66,1,0,1,355.55023423300537
high_success,20260810,112,1,1,1,40,1,0,1,357.1887006911105
high_success,20260810,113,1,1,1,72,1,0,1,274.4089725095023
high_success,20260810,114,1,1,1,45,1,0,1,317.693172137837
high_success,20260810,115,1,1,1,140,2,1,1,436.7000103733625
high_success,20260810,116,1,1,1,75,1,0,1,300.2975194843653
high_success,20260810,117,1,1,1,105,2,1,1,321.32770507539726
high_success,20260810,118,1,1,1,74,1,0,1,391.1073638922978
high_success,20260810,119,1,1,1,38,1,0,1,328.15953658715415
high_success,20260810,120,1,1,1,113,2,1,1,415.5100989714974
high_success,20260810,121,1,1,1,122,2,1,1,335.46566986856965
high_success,20260810,122,1,1,1,47,1,0,1,258.0553975158233
high_success,20260810,123,1,1,1,234,4,1,1,280.2042742860628
high_success,20260810,124,1,1,1,98,2,1,1,408.7139233859103
high_success,20260810,125,1,1,1,98,2,1,1,303.786761281438
high_success,20260810,126,1,1,1,42,1,0,1,399.09777374810454
high_success,20260810,127,1,1,1,36,1,0,1,362.8503977501174
high_success,20260811,0,1,1,1,23,1,0,1,261.68615331602274
high_success,20260811,1,1,1,1,114,2,1,1,366.01236679438296
high_success,20260811,2,1,1,1,42,1,0,1,294.2185566821802
high_success,20260811,3,1,1,1,67,1,0,1,353.26896681233745
high_success,20260811,4,1,1,1,164,3,1,1,278.62412935208556
high_success,20260811,5,1,1,1,111,2,1,1,319.2250534899358
high_success,20260811,6,1,1,1,39,1,0,1,270.71011490720934
high_success,20260811,7,1,1,1,44,1,0,1,354.59961064814166
high_success,20260811,8,1,1,1,53,1,0,1,259.0367073774198
high_success,20260811,9,1,1,1,54,1,0,1,278.43563143091
high_success,20260811,10,1,1,1,20,1,0,1,273.38980541208946
high_success,20260811,11,1,1,1,27,1,0,1,362.8071293229601
high_success,20260811,12,1,1,1,22,1,0,1,246.07675295778228
high_success,20260811,13,1,1,1,158,3,1,1,409.484145853029
high_success,20260811,14,1,1,1,43,1,0,1,303.57451589685553
high_success,20260811,15,1,1,1,107,2,1,1,380.7811549955769
high_success,20260811,16,1,1,1,128,2,1,1,346.4042102159903
high_success,20260811,17,1,1,1,31,1,0,1,346.2527171022018
high_success,20260811,18,1,1,1,116,2,1,1,335.37330800540644
high_success,20260811,19,1,1,1,30,1,0,1,303.20585858318793
high_success,20260811,20,1,1,1,104,2,1,1,359.35442436160577
high_success,20260811,21,1,1,1,99,2,1,1,329.6015043832722
high_success,20260811,22,1,1,1,109,2,1,1,356.3490095761374
high_success,20260811,23,1,1,1,61,1,0,1,384.11386007372323
high_success,20260811,24,1,1,1,32,1,0,1,284.95884668070124
high_success,20260811,25,1,1,1,168,3,1,1,338.76211380614234
high_success,20260811,26,1,1,1,618,10,1,1,276.4866044001057
high_success,20260811,27,1,1,1,106,2,1,1,332.51889089682777
high_success,20260811,28,1,1,1,165,3,1,1,349.49710117249276
high_success,20260811,29,1,1,1,117,2,1,1,243.8058728967317
high_success,20260811,30,1,1,1,52,1,0,1,324.71652505325994
high_success,20260811,31,1,1,1,75,1,0,1,375.5364773378419
high_success,20260811,32,1,1,1,133,2,1,1,215.00474153107203
high_success,20260811,33,1,1,1,36,1,0,1,342.53002907211555
high_success,20260811,34,1,1,1,173,3,1,1,358.9683919309658
high_success,20260811,35,1,1,1,30,1,0,1,269.9581235579127
high_success,20260811,36,1,1,1,32,1,0,1,300.17324228551905
high_success,20260811,37,1,1,1,125,2,1,1,428.9612520947321
high_success,20260811,38,1,1,1,36,1,0,1,288.43313739685567
high_success,20260811,39,1,1,1,120,2,1,1,401.10480477693824
high_success,20260811,40,1,1,1,53,1,0,1,363.68787502535264
high_success,20260811,41,1,1,1,102,2,1,1,390.4998128927117
high_success,20260811,42,1,1,1,60,1,0,1,406.7639183814407
high_success,20260811,43,1,1,1,300,5,1,1,338.55967544705027
high_success,20260811,44,1,1,1,43,1,0,1,328.58243128889956
high_success,20260811,45,1,1,1,71,1,0,1,321.5383792466405
high_success,20260811,46,1,1,1,105,2,1,1,274.70734965166196
high_success,20260811,47,1,1,1,126,2,1,1,248.35419830523938
high_success,20260811,48,1,1,1,113,2,1,1,333.66925964845984
high_success,20260811,49,1,1,1,116,2,1,1,430.8613325219013
high_success,20260811,50,1,1,1,40,1,0,1,338.86203200859416
high_success,20260811,51,1,1,1,463,8,1,1,487.77081105263545
high_success,20260811,52,1,1,1,43,1,0,1,396.51550557266535
high_success,20260811,53,1,1,1,22,1,0,1,276.7553707104807
high_success,20260811,54,1,1,1,75,1,0,1,272.321992557026
high_success,20260811,55,1,1,1,98,2,1,1,293.99859770668206
high_success,20260811,56,1,1,1,236,4,1,1,425.96343567582727
high_success,20260811,57,1,1,1,52,1,0,1,356.9096385066411
high_success,20260811,58,1,1,1,28,1,0,1,323.65861570166317
high_success,20260811,59,1,1,1,38,1,0,1,367.65063255029145
high_success,20260811,60,1,1,1,119,2,1,1,376.19998592574484
high_success,20260811,61,1,1,1,69,1,0,1,290.86281101221874
high_success,20260811,62,1,1,1,101,2,1,1,389.0790005728495
high_success,20260811,63,1,1,1,77,1,0,1,398.6108258443763
high_success,20260811,64,1,1,1,28,1,0,1,310.0465618237163
high_success,20260811,65,1,1,1,59,1,0,1,446.40787169524174
high_success,20260811,66,1,1,1,58,1,0,1,348.662174946508
high_success,20260811,67,1,1,1,174,3,1,1,374.4618183297165
high_success,20260811,68,1,1,1,302,5,1,1,355.1451396287564
high_success,20260811,69,1,1,1,28,1,0,1,336.0161455999498
high_success,20260811,70,1,1,1,44,1,0,1,361.71391698533535
high_success,20260811,71,1,1,1,50,1,0,1,308.7609740384013
high_success,20260811,72,1,1,1,45,1,0,1,345.5304999137636
high_success,20260811,73,1,1,1,39,1,0,1,318.4108032467203
high_success,20260811,74,1,1,1,59,1,0,1,337.42066115182286
high_success,20260811,75,1,1,1,120,2,1,1,389.25042487372843
high_success,20260811,76,1,1,1,30,1,0,1,352.03910087719373
high_success,20260811,77,1,1,1,18,1,0,1,241.5944464028796
high_success,20260811,78,1,1,1,69,1,0,1,361.4175684384247
high_success,20260811,79,1,1,1,109,2,1,1,305.9887124414038
high_success,20260811,80,1,1,1,36,1,0,1,331.5864796614706
high_success,20260811,81,1,1,1,29,1,0,1,300.3901199716811
high_success,20260811,82,1,1,1,172,3,1,1,355.38682341886033
high_success,20260811,83,1,1,1,54,1,0,1,310.17353174366633
high_success,20260811,84,1,1,1,254,4,1,1,357.89439804239316
high_success,20260811,85,1,1,1,40,1,0,1,383.90614081849697
high_success,20260811,86,1,1,1,64,1,0,1,383.04052008604026
high_success,20260811,87,1,1,1,70,1,0,1,331.162731670248
high_success,20260811,88,1,1,1,550,9,1,1,371.7421152554231
high_success,20260811,89,1,1,1,830,14,1,1,460.63652041949786
high_success,20260811,90,1,1,1,41,1,0,1,253.47111123484825
high_success,20260811,91,1,1,1,37,1,0,1,331.23690150020354
high_success,20260811,92,1,1,1,103,2,1,1,335.61138043512676
high_success,20260811,93,1,1,1,66,1,0,1,351.92684948515307
high_success,20260811,94,1,1,1,48,1,0,1,439.6565307495067
high_success,20260811,95,1,1,1,101,2,1,1,374.82312330435013
high_success,20260811,96,1,1,1,108,2,1,1,341.73015014700286
high_success,20260811,97,1,1,1,54,1,0,1,367.11336014650004
high_success,20260811,98,1,1,1,117,2,1,1,365.69161511791134
high_success,20260811,99,1,1,1,54,1,0,1,392.0068688151424
high_success,20260811,100,1,1,1,32,1,0,1,312.9449007341063
high_success,20260811,101,1,1,1,49,1,0,1,292.88357011544406
high_success,20260811,102,1,1,1,61,1,0,1,338.4743410909629
high_success,20260811,103,1,1,1,120,2,1,1,426.3059854170224
high_success,20260811,104,1,1,1,60,1,0,1,272.1794481245644
high_success,20260811,105,1,1,1,117,2,1,1,392.7135461519895
high_success,20260811,106,1,1,1,52,1,0,1,297.3255901122037
high_success,20260811,107,1,1,1,25,1,0,1,204.39591662938196
high_success,20260811,108,1,1,1,47,1,0,1,286.587910591134
high_success,20260811,109,1,1,1,124,2,1,1,371.72123039579793
high_success,20260811,110,1,1,1,36,1,0,1,312.35982039569103
high_success,20260811,111,1,1,1,40,1,0,1,357.2980446737748
high_success,20260811,112,1,1,1,52,1,0,1,390.49946123507516
high_success,20260811,113,1,1,1,30,1,0,1,338.4065030777366
high_success,20260811,114,1,1,1,26,1,0,1,272.05171740187177
high_success,20260811,115,1,1,1,114,2,1,1,404.911569149475
high_success,20260811,116,1,1,1,124,2,1,1,427.64881987145645
high_success,20260811,117,1,1,1,64,1,0,1,312.7013031787319
high_success,20260811,118,1,1,1,126,2,1,1,338.2026720968636
high_success,20260811,119,1,1,1,39,1,0,1,320.424143633766
high_success,20260811,120,1,1,1,45,1,0,1,356.1453893617876
high_success,20260811,121,1,1,1,61,1,0,1,335.6473857418423
high_success,20260811,122,1,1,1,60,1,0,1,306.48379780215
high_success,20260811,123,1,1,1,132,2,1,1,289.43694067605
high_success,20260811,124,1,1,1,32,1,0,1,265.08729418395114
high_success,20260811,125,1,1,1,162,3,1,1,383.4224685236482
high_success,20260811,126,1,1,1,37,1,0,1,305.2522159346038
high_success,20260811,127,1,1,1,42,1,0,1,284.3700422064216
high_success,20260812,0,1,1,1,79,1,0,1,449.1026207827527
high_success,20260812,1,1,1,1,119,2,1,1,290.55958762242096
high_success,20260812,2,1,1,1,44,1,0,1,259.31034793301
high_success,20260812,3,1,1,1,110,2,1,1,301.3608051517465
high_success,20260812,4,1,1,1,120,2,1,1,301.57195609161147
high_success,20260812,5,1,1,1,33,1,0,1,317.6230437752688
high_success,20260812,6,1,1,1,137,2,1,1,328.9334730880445
high_success,20260812,7,1,1,1,70,1,0,1,392.52711206289996
high_success,20260812,8,1,1,1,31,1,0,1,246.7856874977366
high_success,20260812,9,1,1,1,34,1,0,1,324.8132617403292
high_success,20260812,10,1,1,1,47,1,0,1,345.9602096469411
high_success,20260812,11,1,1,1,60,1,0,1,322.18673424165877
high_success,20260812,12,1,1,1,119,2,1,1,382.3864141275789
high_success,20260812,13,1,1,1,25,1,0,1,349.7262556525371
high_success,20260812,14,1,1,1,191,3,1,1,383.55289941233934
high_success,20260812,15,1,1,1,120,2,1,1,455.019893393934
high_success,20260812,16,1,1,1,106,2,1,1,436.40068016204793
high_success,20260812,17,1,1,1,62,1,0,1,307.67400898468645
high_success,20260812,18,1,1,1,29,1,0,1,304.3994747079175
high_success,20260812,19,1,1,1,97,2,1,1,251.55215998719677
high_success,20260812,20,1,1,1,100,2,1,1,336.97342353268084
high_success,20260812,21,1,1,1,27,1,0,1,285.8117324354773
high_success,20260812,22,1,1,1,107,2,1,1,361.7006785291277
high_success,20260812,23,1,1,1,128,2,1,1,356.89088526712146
high_success,20260812,24,1,1,1,54,1,0,1,377.4646839245512
high_success,20260812,25,1,1,1,72,1,0,1,364.68039472540465
high_success,20260812,26,1,1,1,65,1,0,1,355.747170472289
high_success,20260812,27,1,1,1,128,2,1,1,380.64493138980094
high_success,20260812,28,1,1,1,39,1,0,1,353.9431353512151
high_success,20260812,29,1,1,1,52,1,0,1,251.91907119613376
high_success,20260812,30,1,1,1,106,2,1,1,363.0536653982483
high_success,20260812,31,1,1,1,495,8,1,1,421.1477047624355
high_success,20260812,32,1,1,1,25,1,0,1,362.06867022508175
high_success,20260812,33,1,1,1,58,1,0,1,256.6280644331008
high_success,20260812,34,1,1,1,104,2,1,1,312.184985240454
high_success,20260812,35,1,1,1,46,1,0,1,266.1573807750202
high_success,20260812,36,1,1,1,57,1,0,1,324.8376051338517
high_success,20260812,37,1,1,1,42,1,0,1,347.98468741770586
high_success,20260812,38,1,1,1,54,1,0,1,337.8433790388733
high_success,20260812,39,1,1,1,99,2,1,1,356.4863423998131
high_success,20260812,40,1,1,1,32,1,0,1,278.1284823613233
high_success,20260812,41,1,1,1,29,1,0,1,352.60493227565496
high_success,20260812,42,1,1,1,67,1,0,1,278.4255791063981
high_success,20260812,43,1,1,1,46,1,0,1,355.8190872690061
high_success,20260812,44,1,1,1,78,1,0,1,374.5109809590388
high_success,20260812,45,1,1,1,131,2,1,1,441.9378921014235
high_success,20260812,46,1,1,1,247,4,1,1,474.17603234350395
high_success,20260812,47,1,1,1,104,2,1,1,394.21744121874576
high_success,20260812,48,1,1,1,40,1,0,1,300.62070260729524
high_success,20260812,49,1,1,1,78,1,0,1,347.2896308504803
high_success,20260812,50,1,1,1,104,2,1,1,334.65577203105414
high_success,20260812,51,1,1,1,73,1,0,1,341.6777989863979
high_success,20260812,52,1,1,1,35,1,0,1,307.5429861257976
high_success,20260812,53,1,1,1,114,2,1,1,333.1931792790813
high_success,20260812,54,1,1,1,110,2,1,1,363.6403757966888
high_success,20260812,55,1,1,1,69,1,0,1,314.107895839221
high_success,20260812,56,1,1,1,125,2,1,1,352.17957298195813
high_success,20260812,57,1,1,1,105,2,1,1,364.5094843215385
high_success,20260812,58,1,1,1,40,1,0,1,304.479662280756
high_success,20260812,59,1,1,1,108,2,1,1,353.10381712068005
high_success,20260812,60,1,1,1,71,1,0,1,262.9480413860258
high_success,20260812,61,1,1,1,125,2,1,1,285.9258851484817
high_success,20260812,62,1,1,1,47,1,0,1,381.922652191224
high_success,20260812,63,1,1,1,43,1,0,1,337.6066590009679
high_success,20260812,64,1,1,1,102,2,1,1,416.58465945157536
high_success,20260812,65,1,1,1,70,1,0,1,338.7448027108578
high_success,20260812,66,1,1,1,111,2,1,1,430.0539074783721
high_success,20260812,67,1,1,1,165,3,1,1,395.2078362451818
high_success,20260812,68,1,1,1,64,1,0,1,281.6750355607187
high_success,20260812,69,1,1,1,56,1,0,1,397.2619157700177
high_success,20260812,70,1,1,1,419,7,1,1,367.7536879217008
high_success,20260812,71,1,1,1,39,1,0,1,390.8573419652499
high_success,20260812,72,1,1,1,44,1,0,1,389.07129676776026
high_success,20260812,73,1,1,1,221,4,1,1,378.06667763547784
high_success,20260812,74,1,1,1,30,1,0,1,260.9578441178303
high_success,20260812,75,1,1,1,59,1,0,1,365.05394629211105
high_success,20260812,76,1,1,1,51,1,0,1,376.04166870601057
high_success,20260812,77,1,1,1,58,1,0,1,324.72175459653465
high_success,20260812,78,1,1,1,586,10,1,1,466.4486473061885
high_success,20260812,79,1,1,1,97,2,1,1,311.9482806415891
high_success,20260812,80,1,1,1,37,1,0,1,298.50540612419945
high_success,20260812,81,1,1,1,68,1,0,1,299.96964874497576
high_success,20260812,82,1,1,1,220,4,1,1,342.58442437355757
high_success,20260812,83,1,1,1,55,1,0,1,402.7061646231989
high_success,20260812,84,1,1,1,53,1,0,1,377.5669192599738
high_success,20260812,85,1,1,1,45,1,0,1,345.3003757549662
high_success,20260812,86,1,1,1,109,2,1,1,400.6738588686834
high_success,20260812,87,1,1,1,53,1,0,1,323.2065508985331
high_success,20260812,88,1,1,1,51,1,0,1,384.02556285709727
high_success,20260812,89,1,1,1,38,1,0,1,239.2152209716415
high_success,20260812,90,1,1,1,72,1,0,1,282.1951865832182
high_success,20260812,91,1,1,1,50,1,0,1,329.46086475425113
high_success,20260812,92,1,1,1,135,2,1,1,415.40265593585866
high_success,20260812,93,1,1,1,38,1,0,1,330.19757033897815
high_success,20260812,94,1,1,1,40,1,0,1,337.4214679300435
high_success,20260812,95,1,1,1,42,1,0,1,296.82928429754514
high_success,20260812,96,1,1,1,59,1,0,1,336.27600247321385
high_success,20260812,97,1,1,1,172,3,1,1,343.87445395612934
high_success,20260812,98,1,1,1,74,1,0,1,380.6717199695927
high_success,20260812,99,1,1,1,108,2,1,1,335.54348826111425
high_success,20260812,100,1,1,1,66,1,0,1,370.31910053239915
high_success,20260812,101,1,1,1,57,1,0,1,378.59149632028857
high_success,20260812,102,1,1,1,112,2,1,1,390.3235924395173
high_success,20260812,103,1,1,1,55,1,0,1,323.4589040723753
high_success,20260812,104,1,1,1,18,1,0,1,343.3142640869343
high_success,20260812,105,1,1,1,25,1,0,1,322.5199914205882
high_success,20260812,106,1,1,1,44,1,0,1,388.049787359275
high_success,20260812,107,1,1,1,429,7,1,1,377.54866661621026
high_success,20260812,108,1,1,1,121,2,1,1,420.2178196391223
high_success,20260812,109,1,1,1,101,2,1,1,350.3670888649941
high_success,20260812,110,1,1,1,20,1,0,1,178.17802723350303
high_success,20260812,111,1,1,1,51,1,0,1,376.0040433953472
high_success,20260812,112,1,1,1,101,2,1,1,309.0712178576099
high_success,20260812,113,1,1,1,132,2,1,1,418.6580975992166
high_success,20260812,114,1,1,1,68,1,0,1,369.4320986124225
high_success,20260812,115,1,1,1,49,1,0,1,369.95991575074925
high_success,20260812,116,1,1,1,114,2,1,1,347.200119478386
high_success,20260812,117,1,1,1,111,2,1,1,368.210189749381
high_success,20260812,118,1,1,1,199,3,1,1,406.9097690358745
high_success,20260812,119,1,1,1,101,2,1,1,338.71317621468023
high_success,20260812,120,1,1,1,45,1,0,1,335.5437562761291
high_success,20260812,121,1,1,1,231,4,1,1,388.6452677231986
high_success,20260812,122,1,1,1,36,1,0,1,337.59811436141854
high_success,20260812,123,1,1,1,36,1,0,1,383.9097460023322
high_success,20260812,124,1,1,1,54,1,0,1,356.5403201415652
high_success,20260812,125,1,1,1,119,2,1,1,403.62284544764134
high_success,20260812,126,1,1,1,19,1,0,1,339.2612061845235
high_success,20260812,127,1,1,1,115,2,1,1,359.387095957704
high_success,20260813,0,1,1,1,165,3,1,1,308.1863743965921
high_success,20260813,1,1,1,1,30,1,0,1,298.5420052976897
high_success,20260813,2,1,1,1,33,1,0,1,385.9427237434696
high_success,20260813,3,1,1,1,105,2,1,1,312.5712331676559
high_success,20260813,4,1,1,1,61,1,0,1,304.04711867103134
high_success,20260813,5,1,1,1,139,2,1,1,249.56607245809073
high_success,20260813,6,1,1,1,162,3,1,1,354.79072445755526
high_success,20260813,7,1,1,1,43,1,0,1,394.19348589791986
high_success,20260813,8,1,1,1,36,1,0,1,344.2857940538105
high_success,20260813,9,1,1,1,124,2,1,1,386.23228683626405
high_success,20260813,10,1,1,1,239,4,1,1,381.08887598273947
high_success,20260813,11,1,1,1,110,2,1,1,267.0102898671581
high_success,20260813,12,1,1,1,23,1,0,1,313.457789053994
high_success,20260813,13,1,1,1,60,1,0,1,363.217837609478
high_success,20260813,14,1,1,1,587,10,1,1,394.9892109608183
high_success,20260813,15,1,1,1,127,2,1,1,348.6132561072293
high_success,20260813,16,1,1,1,34,1,0,1,328.9926235346122
high_success,20260813,17,1,1,1,109,2,1,1,391.43325925704323
high_success,20260813,18,1,1,1,69,1,0,1,293.93170668474943
high_success,20260813,19,1,1,1,118,2,1,1,394.76474266974066
high_success,20260813,20,1,1,1,46,1,0,1,350.9801852196015
high_success,20260813,21,1,1,1,64,1,0,1,356.92669674010915
high_success,20260813,22,1,1,1,40,1,0,1,341.1810528880711
high_success,20260813,23,1,1,1,104,2,1,1,382.11955614487385
high_success,20260813,24,1,1,1,39,1,0,1,318.0890737533805
high_success,20260813,25,1,1,1,56,1,0,1,396.5143008047463
high_success,20260813,26,1,1,1,51,1,0,1,272.41389461076744
high_success,20260813,27,1,1,1,20,1,0,1,337.9117540401326
high_success,20260813,28,1,1,1,75,1,0,1,281.4216208259206
high_success,20260813,29,1,1,1,106,2,1,1,374.19926466223296
high_success,20260813,30,1,1,1,138,2,1,1,434.46496160592807
high_success,20260813,31,1,1,1,102,2,1,1,335.1084245742545
high_success,20260813,32,1,1,1,167,3,1,1,425.6841714477754
high_success,20260813,33,1,1,1,60,1,0,1,314.20750160102847
high_success,20260813,34,1,1,1,42,1,0,1,310.8515261137434
high_success,20260813,35,1,1,1,63,1,0,1,342.0030498557809
high_success,20260813,36,1,1,1,103,2,1,1,356.79835482952285
high_success,20260813,37,1,1,1,110,2,1,1,299.79069579247334
high_success,20260813,38,1,1,1,63,1,0,1,473.4929291223498
high_success,20260813,39,1,1,1,119,2,1,1,373.0434500639886
high_success,20260813,40,1,1,1,63,1,0,1,277.6947430404066
high_success,20260813,41,1,1,1,161,3,1,1,356.05822055713946
high_success,20260813,42,1,1,1,36,1,0,1,283.6048254271893
high_success,20260813,43,1,1,1,950,16,1,1,262.7252534312521
high_success,20260813,44,1,1,1,112,2,1,1,342.15994177065676
high_success,20260813,45,1,1,1,112,2,1,1,342.0849217336133
high_success,20260813,46,1,1,1,108,2,1,1,297.41649960085
high_success,20260813,47,1,1,1,33,1,0,1,303.3721958020355
high_success,20260813,48,1,1,1,67,1,0,1,377.2650130165206
high_success,20260813,49,1,1,1,654,11,1,1,405.4039575288251
high_success,20260813,50,1,1,1,65,1,0,1,332.54886373299667
high_success,20260813,51,1,1,1,39,1,0,1,261.3928486981134
high_success,20260813,52,1,1,1,44,1,0,1,289.69835649100384
high_success,20260813,53,1,1,1,173,3,1,1,393.8584488496718
high_success,20260813,54,1,1,1,103,2,1,1,333.24055171979523
high_success,20260813,55,1,1,1,26,1,0,1,294.5939667311917
high_success,20260813,56,1,1,1,137,2,1,1,379.13215707158315
high_success,20260813,57,1,1,1,97,2,1,1,346.8736164836162
high_success,20260813,58,1,1,1,115,2,1,1,418.6060125330745
high_success,20260813,59,1,1,1,537,9,1,1,450.12906320882445
high_success,20260813,60,1,1,1,30,1,0,1,304.6898969539345
high_success,20260813,61,1,1,1,90,2,1,1,314.2536881683663
high_success,20260813,62,1,1,1,68,1,0,1,333.24186483229846
high_success,20260813,63,1,1,1,64,1,0,1,341.68610454286585
high_success,20260813,64,1,1,1,50,1,0,1,292.3425324906818
high_success,20260813,65,1,1,1,135,2,1,1,272.67078361851384
high_success,20260813,66,1,1,1,76,1,0,1,376.14079954686486
high_success,20260813,67,1,1,1,110,2,1,1,335.8198286819658
high_success,20260813,68,1,1,1,69,1,0,1,286.4211312880408
high_success,20260813,69,1,1,1,20,1,0,1,271.7495234214058
high_success,20260813,70,1,1,1,46,1,0,1,362.12330579558125
high_success,20260813,71,1,1,1,526,9,1,1,463.34352218979245
high_success,20260813,72,1,1,1,113,2,1,1,319.3028860326692
high_success,20260813,73,1,1,1,66,1,0,1,300.5574812877429
high_success,20260813,74,1,1,1,37,1,0,1,371.52700407469126
high_success,20260813,75,1,1,1,102,2,1,1,305.5511981193787
high_success,20260813,76,1,1,1,24,1,0,1,244.45089977786057
high_success,20260813,77,1,1,1,167,3,1,1,443.6543913652894
high_success,20260813,78,1,1,1,45,1,0,1,324.9551268258796
high_success,20260813,79,1,1,1,101,2,1,1,299.93196108015326
high_success,20260813,80,1,1,1,136,2,1,1,336.62542355410795
high_success,20260813,81,1,1,1,25,1,0,1,285.9414971385273
high_success,20260813,82,1,1,1,109,2,1,1,341.2865377153572
high_success,20260813,83,1,1,1,128,2,1,1,331.4860004212024
high_success,20260813,84,1,1,1,37,1,0,1,250.75211346302956
high_success,20260813,85,1,1,1,106,2,1,1,391.8703057097051
high_success,20260813,86,1,1,1,107,2,1,1,280.11412180627536
high_success,20260813,87,1,1,1,161,3,1,1,259.860127606676
high_success,20260813,88,1,1,1,91,2,1,1,292.13097824529143
high_success,20260813,89,1,1,1,47,1,0,1,381.53107550864195
high_success,20260813,90,1,1,1,30,1,0,1,284.7813793513335
high_success,20260813,91,1,1,1,42,1,0,1,260.8548827750357
high_success,20260813,92,1,1,1,375,6,1,1,446.0983994107325
high_success,20260813,93,1,1,1,27,1,0,1,277.4038351092961
high_success,20260813,94,1,1,1,35,1,0,1,295.044544278146
high_success,20260813,95,1,1,1,42,1,0,1,360.51243337075067
high_success,20260813,96,1,1,1,20,1,0,1,329.8917725814215
high_success,20260813,97,1,1,1,116,2,1,1,442.65850502818773
high_success,20260813,98,1,1,1,110,2,1,1,373.2580157286062
high_success,20260813,99,1,1,1,162,3,1,1,371.9643204042568
high_success,20260813,100,1,1,1,43,1,0,1,316.7601794550043
high_success,20260813,101,1,1,1,17,1,0,1,259.27356483851827
high_success,20260813,102,1,1,1,38,1,0,1,353.7628845921156
high_success,20260813,103,1,1,1,105,2,1,1,377.8171018137457
high_success,20260813,104,1,1,1,590,10,1,1,371.60431270096217
high_success,20260813,105,1,1,1,132,2,1,1,333.86867319213167
high_success,20260813,106,1,1,1,51,1,0,1,329.8174457674751
high_success,20260813,107,1,1,1,121,2,1,1,511.76929986513164
high_success,20260813,108,1,1,1,33,1,0,1,242.11451747161775
high_success,20260813,109,1,1,1,464,8,1,1,398.38268584059676
high_success,20260813,110,1,1,1,68,1,0,1,367.9781547416666
high_success,20260813,111,1,1,1,612,10,1,1,335.02480134891584
high_success,20260813,112,1,1,1,52,1,0,1,380.11819525561873
high_success,20260813,113,1,1,1,49,1,0,1,255.4725696447686
high_success,20260813,114,1,1,1,59,1,0,1,367.7920592632123
high_success,20260813,115,1,1,1,116,2,1,1,351.57580358970966
high_success,20260813,116,1,1,1,91,2,1,1,295.7942115852386
high_success,20260813,117,1,1,1,52,1,0,1,310.99807886397264
high_success,20260813,118,1,1,1,28,1,0,1,321.52925021588663
high_success,20260813,119,1,1,1,52,1,0,1,347.3831687824045
high_success,20260813,120,1,1,1,101,2,1,1,337.6184205046024
high_success,20260813,121,1,1,1,290,5,1,1,468.9807837702102
high_success,20260813,122,1,1,1,61,1,0,1,286.53055185673327
high_success,20260813,123,1,1,1,53,1,0,1,285.23713734113096
high_success,20260813,124,1,1,1,73,1,0,1,317.967363033831
high_success,20260813,125,1,1,1,101,2,1,1,321.80563378649833
high_success,20260813,126,1,1,1,75,1,0,1,341.034180686038
high_success,20260813,127,1,1,1,113,2,1,1,307.9068282163679
low_latency,20260809,0,1,1,1,23,1,0,1,328.6641794878916
low_latency,20260809,1,1,1,1,17,1,0,1,298.31313780294295
low_latency,20260809,2,1,1,1,25,1,0,1,388.67262118387396
low_latency,20260809,3,1,1,1,36,1,0,1,362.1952545164906
low_latency,20260809,4,1,1,1,15,1,0,1,319.89038709201327
low_latency,20260809,5,1,1,1,16,1,0,1,274.69419033665883
low_latency,20260809,6,1,1,1,23,1,0,1,302.4205950937307
low_latency,20260809,7,1,1,1,211,4,1,1,376.20504979397975
low_latency,20260809,8,1,1,1,56,1,0,1,359.70213395503305
low_latency,20260809,9,1,1,1,205,4,1,1,385.4889766661306
low_latency,20260809,10,1,1,1,39,1,0,1,351.1709519540915
low_latency,20260809,11,1,1,1,21,1,0,1,361.91901569493524
low_latency,20260809,12,1,1,1,52,1,0,1,385.6277491698546
low_latency,20260809,13,1,1,1,92,2,1,1,395.2418514783643
low_latency,20260809,14,1,1,1,61,1,0,1,344.9932359701255
low_latency,20260809,15,1,1,1,91,2,1,1,382.18807071665816
low_latency,20260809,16,1,1,1,34,1,0,1,393.06636497611544
low_latency,20260809,17,1,1,1,22,1,0,1,350.00538713651184
low_latency,20260809,18,1,1,1,22,1,0,1,453.84616372582457
low_latency,20260809,19,1,1,1,25,1,0,1,387.839971311754
low_latency,20260809,20,1,1,1,24,1,0,1,279.96045497823843
low_latency,20260809,21,1,1,1,14,1,0,1,273.57854771508386
low_latency,20260809,22,1,1,1,22,1,0,1,360.3091827740966
low_latency,20260809,23,1,1,1,16,1,0,1,360.65008896626534
low_latency,20260809,24,1,1,1,19,1,0,1,299.5748059099719
low_latency,20260809,25,1,1,1,22,1,0,1,231.49009693130174
low_latency,20260809,26,1,1,1,27,1,0,1,298.1364026687779
low_latency,20260809,27,1,1,1,38,1,0,1,279.68360395475577
low_latency,20260809,28,1,1,1,195,3,1,1,384.3595301189147
low_latency,20260809,29,1,1,1,43,1,0,1,385.2152367537198
low_latency,20260809,30,1,1,1,33,1,0,1,325.8828210696963
low_latency,20260809,31,1,1,1,20,1,0,1,285.52694858161897
low_latency,20260809,32,1,1,1,28,1,0,1,340.4050680907237
low_latency,20260809,33,1,1,1,18,1,0,1,346.02187035022496
low_latency,20260809,34,1,1,1,82,2,1,1,337.70401879698346
low_latency,20260809,35,1,1,1,52,1,0,1,407.4045599519107
low_latency,20260809,36,1,1,1,25,1,0,1,396.351264363206
low_latency,20260809,37,0,1,0,260,4,0,0,
low_latency,20260809,38,1,1,1,37,1,0,1,391.12588992694896
low_latency,20260809,39,1,1,1,37,1,0,1,360.0953822279208
low_latency,20260809,40,1,1,1,33,1,0,1,293.50734883469914
low_latency,20260809,41,1,1,1,18,1,0,1,226.82538599575787
low_latency,20260809,42,1,1,1,25,1,0,1,328.3955906081728
low_latency,20260809,43,1,1,1,21,1,0,1,343.36213996198785
low_latency,20260809,44,1,1,1,18,1,0,1,396.4687337538469
low_latency,20260809,45,1,1,1,26,1,0,1,247.19065710579184
low_latency,20260809,46,1,1,1,25,1,0,1,399.623139095343
low_latency,20260809,47,1,1,1,22,1,0,1,300.8377827556977
low_latency,20260809,48,1,1,1,27,1,0,1,391.10301773934555
low_latency,20260809,49,1,1,1,25,1,0,1,379.82016155951317
low_latency,20260809,50,1,1,1,31,1,0,1,313.24746694633507
low_latency,20260809,51,1,1,1,17,1,0,1,272.420109038991
low_latency,20260809,52,1,1,1,44,1,0,1,258.6872963628482
low_latency,20260809,53,1,1,1,80,1,0,1,353.6181848264015
low_latency,20260809,54,1,1,1,46,1,0,1,385.9629727434567
low_latency,20260809,55,1,1,1,25,1,0,1,405.4659368855956
low_latency,20260809,56,1,1,1,84,2,1,1,332.84023113687635
low_latency,20260809,57,1,1,1,19,1,0,1,335.1588456344334
low_latency,20260809,58,1,1,1,16,1,0,1,303.81979552907956
low_latency,20260809,59,1,1,1,45,1,0,1,452.26105662239297
low_latency,20260809,60,1,1,1,30,1,0,1,331.04892371412643
low_latency,20260809,61,0,0,0,260,4,0,0,
low_latency,20260809,62,1,1,1,28,1,0,1,414.8972389588573
low_latency,20260809,63,1,1,1,37,1,0,1,385.642096417405
low_latency,20260809,64,1,1,1,23,1,0,1,278.7770616951118
low_latency,20260809,65,1,1,1,31,1,0,1,298.46332625844525
low_latency,20260809,66,1,1,1,22,1,0,1,310.05971627856
low_latency,20260809,67,1,1,1,31,1,0,1,428.84117822222026
low_latency,20260809,68,1,1,1,20,1,0,1,290.45936733726637
low_latency,20260809,69,1,1,1,35,1,0,1,355.31448491275955
low_latency,20260809,70,1,1,1,32,1,0,1,324.2738142332343
low_latency,20260809,71,1,1,1,19,1,0,1,253.9745954435926
low_latency,20260809,72,1,1,1,30,1,0,1,345.2601536845826
low_latency,20260809,73,1,1,1,16,1,0,1,272.94166483059627
low_latency,20260809,74,1,1,1,30,1,0,1,393.94997139003056
low_latency,20260809,75,1,1,1,83,2,1,1,422.4829592123523
low_latency,20260809,76,1,1,1,30,1,0,1,386.90030226549425
low_latency,20260809,77,1,1,1,27,1,0,1,335.72277966329
low_latency,20260809,78,1,1,1,84,2,1,1,302.0250953999348
low_latency,20260809,79,1,1,1,16,1,0,1,273.0699800584164
low_latency,20260809,80,1,1,1,29,1,0,1,390.7174692338731
low_latency,20260809,81,1,1,1,20,1,0,1,363.0386420998793
low_latency,20260809,82,1,1,1,30,1,0,1,303.2887316188873
low_latency,20260809,83,1,1,1,34,1,0,1,363.06592510765
low_latency,20260809,84,1,1,1,27,1,0,1,357.15246147857147
low_latency,20260809,85,1,1,1,29,1,0,1,257.4272679986892
low_latency,20260809,86,1,1,1,50,1,0,1,338.1824667100422
low_latency,20260809,87,1,1,1,99,2,1,1,312.8721032697201
low_latency,20260809,88,1,1,1,42,1,0,1,377.6572523052703
low_latency,20260809,89,1,1,1,32,1,0,1,366.4414296001787
low_latency,20260809,90,1,1,1,16,1,0,1,311.677600028673
low_latency,20260809,91,0,0,0,260,4,0,0,
low_latency,20260809,92,1,1,1,26,1,0,1,343.5577990850549
low_latency,20260809,93,1,1,1,31,1,0,1,300.4789985779083
low_latency,20260809,94,1,1,1,33,1,0,1,362.5856886511678
low_latency,20260809,95,1,1,1,18,1,0,1,339.04132144161815
low_latency,20260809,96,1,1,1,16,1,0,1,300.6408532896441
low_latency,20260809,97,1,1,1,89,2,1,1,417.4423246295261
low_latency,20260809,98,1,1,1,25,1,0,1,326.960255386557
low_latency,20260809,99,1,1,1,44,1,0,1,326.94040353973685
low_latency,20260809,100,1,1,1,90,2,1,1,335.43470040703517
low_latency,20260809,101,1,1,1,18,1,0,1,309.140936455733
low_latency,20260809,102,1,1,1,82,2,1,1,246.2784652424893
low_latency,20260809,103,1,1,1,54,1,0,1,410.70648991171845
low_latency,20260809,104,1,1,1,18,1,0,1,295.380544476776
low_latency,20260809,105,1,1,1,58,1,0,1,391.04841419798083
low_latency,20260809,106,1,1,1,35,1,0,1,302.2556580886102
low_latency,20260809,107,1,1,1,111,2,1,1,315.72230127220996
low_latency,20260809,108,1,1,1,103,2,1,1,340.0301651829569
low_latency,20260809,109,1,1,1,34,1,0,1,379.0741094134602
low_latency,20260809,110,1,1,1,49,1,0,1,413.1985613690827
low_latency,20260809,111,1,1,1,54,1,0,1,404.2715570445873
low_latency,20260809,112,1,1,1,48,1,0,1,329.8719165750861
low_latency,20260809,113,1,1,1,26,1,0,1,276.2851926126827
low_latency,20260809,114,1,1,1,20,1,0,1,349.97869022261057
low_latency,20260809,115,1,1,1,19,1,0,1,261.4680266731877
low_latency,20260809,116,1,1,1,34,1,0,1,334.35677903390723
low_latency,20260809,117,1,1,1,147,3,1,1,390.9320559884411
low_latency,20260809,118,1,1,1,18,1,0,1,344.0011686597601
low_latency,20260809,119,1,1,1,28,1,0,1,293.7021099222694
low_latency,20260809,120,1,1,1,20,1,0,1,285.0630681786598
low_latency,20260809,121,1,1,1,29,1,0,1,463.4497246426643
low_latency,20260809,122,1,1,1,33,1,0,1,323.65360269006106
low_latency,20260809,123,1,1,1,29,1,0,1,403.87720113420835
low_latency,20260809,124,1,1,1,145,3,1,1,338.62337278406545
low_latency,20260809,125,1,1,1,61,1,0,1,354.7803852639372
low_latency,20260809,126,1,1,1,25,1,0,1,354.90696138202713
low_latency,20260809,127,1,1,1,38,1,0,1,369.43141632645563
low_latency,20260810,0,1,1,1,50,1,0,1,502.49721104526446
low_latency,20260810,1,1,1,1,50,1,0,1,319.08627542985323
low_latency,20260810,2,1,1,1,34,1,0,1,333.84935737985114
low_latency,20260810,3,1,1,1,63,1,0,1,348.1625220704026
low_latency,20260810,4,1,1,1,84,2,1,1,368.53671171565543
low_latency,20260810,5,1,1,1,26,1,0,1,381.153274841904
low_latency,20260810,6,1,1,1,33,1,0,1,322.41231137976
low_latency,20260810,7,1,1,1,112,2,1,1,302.4345316043893
low_latency,20260810,8,1,1,1,41,1,0,1,403.7327931923545
low_latency,20260810,9,1,1,1,105,2,1,1,393.4808503552399
low_latency,20260810,10,1,1,1,21,1,0,1,390.5269860841997
low_latency,20260810,11,1,1,1,44,1,0,1,328.14111163253386
low_latency,20260810,12,1,1,1,23,1,0,1,309.88896537221774
low_latency,20260810,13,1,1,1,28,1,0,1,308.7297321968356
low_latency,20260810,14,1,1,1,21,1,0,1,292.0137652710964
low_latency,20260810,15,1,1,1,40,1,0,1,339.24973309515616
low_latency,20260810,16,1,1,1,24,1,0,1,270.0420088370274
low_latency,20260810,17,1,1,1,13,1,0,1,381.6427260802042
low_latency,20260810,18,1,1,1,18,1,0,1,299.6085724802879
low_latency,20260810,19,1,1,1,36,1,0,1,368.8315699259588
low_latency,20260810,20,1,1,1,35,1,0,1,323.12511019006047
low_latency,20260810,21,1,1,1,30,1,0,1,296.4717643378872
low_latency,20260810,22,1,1,1,33,1,0,1,273.4804678591191
low_latency,20260810,23,1,1,1,28,1,0,1,351.1825132953932
low_latency,20260810,24,1,1,1,26,1,0,1,349.4407365165133
low_latency,20260810,25,1,1,1,45,1,0,1,407.60111912158175
low_latency,20260810,26,1,1,1,66,1,0,1,455.28849804885164
low_latency,20260810,27,1,1,1,25,1,0,1,382.17007459500917
low_latency,20260810,28,1,1,1,15,1,0,1,398.52242230150136
low_latency,20260810,29,1,1,1,125,2,1,1,346.256590400744
low_latency,20260810,30,1,1,1,21,1,0,1,248.57562665168305
low_latency,20260810,31,1,1,1,69,1,0,1,322.96210429496466
low_latency,20260810,32,1,1,1,16,1,0,1,388.1751902535789
low_latency,20260810,33,1,1,1,47,1,0,1,439.3346654948589
low_latency,20260810,34,1,1,1,20,1,0,1,402.1761809856231
low_latency,20260810,35,1,1,1,36,1,0,1,263.76366473461053
low_latency,20260810,36,1,1,1,37,1,0,1,247.66362282152159
low_latency,20260810,37,1,1,1,21,1,0,1,273.0842234902355
low_latency,20260810,38,1,1,1,16,1,0,1,232.0928665866565
low_latency,20260810,39,1,1,1,23,1,0,1,311.1790682404327
low_latency,20260810,40,1,1,1,33,1,0,1,339.1082961229702
low_latency,20260810,41,1,1,1,20,1,0,1,432.7248528330902
low_latency,20260810,42,1,1,1,18,1,0,1,313.7804428261875
low_latency,20260810,43,1,1,1,14,1,0,1,273.66490937024776
low_latency,20260810,44,1,1,1,22,1,0,1,260.17455082985055
low_latency,20260810,45,1,1,1,225,4,1,1,348.5877635854779
low_latency,20260810,46,1,1,1,18,1,0,1,366.97673023523055
low_latency,20260810,47,1,1,1,22,1,0,1,342.8523414560916
low_latency,20260810,48,1,1,1,85,2,1,1,392.17491743610816
low_latency,20260810,49,1,1,1,31,1,0,1,470.7772840558175
low_latency,20260810,50,1,1,1,98,2,1,1,399.1631340517338
low_latency,20260810,51,0,1,0,260,4,0,0,
low_latency,20260810,52,1,1,1,36,1,0,1,292.7506541601039
low_latency,20260810,53,1,1,1,37,1,0,1,326.72724854792114
low_latency,20260810,54,1,1,1,28,1,0,1,324.24686502327734
low_latency,20260810,55,1,1,1,87,2,1,1,341.5973161441128
low_latency,20260810,56,1,1,1,11,1,0,1,329.64955882880326
low_latency,20260810,57,1,1,1,29,1,0,1,314.855744819478
low_latency,20260810,58,0,1,0,260,4,0,0,
low_latency,20260810,59,1,1,1,19,1,0,1,335.1119373839855
low_latency,20260810,60,1,1,1,157,3,1,1,352.6944902143023
low_latency,20260810,61,1,1,1,51,1,0,1,384.1582002591374
low_latency,20260810,62,1,1,1,17,1,0,1,357.1627484002779
low_latency,20260810,63,1,1,1,34,1,0,1,308.7777434379728
low_latency,20260810,64,1,1,1,34,1,0,1,358.35719165376827
low_latency,20260810,65,1,1,1,47,1,0,1,363.0432324967421
low_latency,20260810,66,1,1,1,31,1,0,1,307.32101096042214
low_latency,20260810,67,1,1,1,27,1,0,1,384.68736673372445
low_latency,20260810,68,1,1,1,91,2,1,1,349.06409235832587
low_latency,20260810,69,1,1,1,86,2,1,1,367.3664087084224
low_latency,20260810,70,1,1,1,25,1,0,1,433.5208307549157
low_latency,20260810,71,1,1,1,31,1,0,1,336.7533139896732
low_latency,20260810,72,1,1,1,43,1,0,1,310.2234092341623
low_latency,20260810,73,1,1,1,99,2,1,1,343.6495435596057
low_latency,20260810,74,1,1,1,43,1,0,1,401.2858387074041
low_latency,20260810,75,1,1,1,50,1,0,1,324.13404739487135
low_latency,20260810,76,1,1,1,23,1,0,1,391.9725536314147
low_latency,20260810,77,1,1,1,23,1,0,1,393.7124496750945
low_latency,20260810,78,1,1,1,93,2,1,1,369.0658819571893
low_latency,20260810,79,1,1,1,90,2,1,1,479.7584200363751
low_latency,20260810,80,0,0,0,260,4,0,0,
low_latency,20260810,81,1,1,1,57,1,0,1,380.6844122033713
low_latency,20260810,82,1,1,1,42,1,0,1,386.27129450147584
low_latency,20260810,83,1,1,1,25,1,0,1,334.8051483298557
low_latency,20260810,84,1,1,1,44,1,0,1,375.9310045884768
low_latency,20260810,85,1,1,1,23,1,0,1,317.8474096116789
low_latency,20260810,86,1,1,1,54,1,0,1,372.93033090595804
low_latency,20260810,87,1,1,1,42,1,0,1,361.0139855623321
low_latency,20260810,88,1,1,1,25,1,0,1,275.7587636331284
low_latency,20260810,89,1,1,1,21,1,0,1,337.70771190579063
low_latency,20260810,90,1,1,1,26,1,0,1,378.4694595345113
low_latency,20260810,91,1,1,1,134,2,1,1,368.0483101265537
low_latency,20260810,92,1,1,1,17,1,0,1,357.7294501982791
low_latency,20260810,93,1,1,1,26,1,0,1,355.6940944962528
low_latency,20260810,94,1,1,1,47,1,0,1,383.5899170816034
low_latency,20260810,95,1,1,1,54,1,0,1,334.50434369585696
low_latency,20260810,96,1,1,1,23,1,0,1,340.5832031091288
low_latency,20260810,97,1,1,1,40,1,0,1,334.7190444299579
low_latency,20260810,98,1,1,1,33,1,0,1,457.0496719417851
low_latency,20260810,99,1,1,1,39,1,0,1,372.04870729193954
low_latency,20260810,100,1,1,1,18,1,0,1,365.2936732462871
low_latency,20260810,101,1,1,1,113,2,1,1,451.64127055844665
low_latency,20260810,102,1,1,1,23,1,0,1,335.99578813258216
low_latency,20260810,103,1,1,1,37,1,0,1,396.3706190417895
low_latency,20260810,104,1,1,1,62,1,0,1,316.18319336089365
low_latency,20260810,105,1,1,1,89,2,1,1,343.237473950101
low_latency,20260810,106,1,1,1,82,2,1,1,274.9427590039885
low_latency,20260810,107,1,1,1,104,2,1,1,415.040432025336
low_latency,20260810,108,1,1,1,75,1,0,1,348.82497823704784
low_latency,20260810,109,1,1,1,26,1,0,1,386.3130395759481
low_latency,20260810,110,1,1,1,88,2,1,1,414.70015878452955
low_latency,20260810,111,1,1,1,136,2,1,1,388.6554542471033
low_latency,20260810,112,1,1,1,20,1,0,1,312.0021857091162
low_latency,20260810,113,1,1,1,27,1,0,1,284.41383120031895
low_latency,20260810,114,1,1,1,24,1,0,1,287.96351552182637
low_latency,20260810,115,1,1,1,28,1,0,1,452.704581223363
low_latency,20260810,116,1,1,1,21,1,0,1,303.6337049253732
low_latency,20260810,117,1,1,1,19,1,0,1,309.4625952148559
low_latency,20260810,118,1,1,1,22,1,0,1,404.73965642984615
low_latency,20260810,119,1,1,1,22,1,0,1,334.8824843170258
low_latency,20260810,120,1,1,1,91,2,1,1,431.5404699928288
low_latency,20260810,121,1,1,1,24,1,0,1,408.3094381638691
low_latency,20260810,122,1,1,1,20,1,0,1,269.880330374349
low_latency,20260810,123,1,1,1,22,1,0,1,271.9414818441023
low_latency,20260810,124,1,1,1,34,1,0,1,405.9155659010146
low_latency,20260810,125,1,1,1,30,1,0,1,305.0931984546422
low_latency,20260810,126,1,1,1,77,1,0,1,405.9638843931541
low_latency,20260810,127,1,1,1,31,1,0,1,356.2425807154525
low_latency,20260811,0,1,1,1,16,1,0,1,268.4099853823129
low_latency,20260811,1,1,1,1,26,1,0,1,346.0440848582283
low_latency,20260811,2,1,1,1,17,1,0,1,298.59105050714606
low_latency,20260811,3,1,1,1,33,1,0,1,341.9062094430152
low_latency,20260811,4,1,1,1,24,1,0,1,310.144580346704
low_latency,20260811,5,1,1,1,36,1,0,1,337.53348554432023
low_latency,20260811,6,1,1,1,27,1,0,1,285.0249958991975
low_latency,20260811,7,1,1,1,29,1,0,1,370.46398150017615
low_latency,20260811,8,1,1,1,24,1,0,1,250.36298374970147
low_latency,20260811,9,1,1,1,55,1,0,1,276.894902302146
low_latency,20260811,10,1,1,1,19,1,0,1,379.24179635321434
low_latency,20260811,11,1,1,1,37,1,0,1,380.29612669288656
low_latency,20260811,12,1,1,1,40,1,0,1,308.87711623578684
low_latency,20260811,13,1,1,1,19,1,0,1,389.7371157082861
low_latency,20260811,14,1,1,1,22,1,0,1,298.0035701712604
low_latency,20260811,15,1,1,1,27,1,0,1,352.2146639671643
low_latency,20260811,16,1,1,1,32,1,0,1,320.3868593020909
low_latency,20260811,17,1,1,1,25,1,0,1,328.3803319394158
low_latency,20260811,18,1,1,1,26,1,0,1,313.1791949162632
low_latency,20260811,19,1,1,1,12,1,0,1,349.3068650983686
low_latency,20260811,20,1,1,1,33,1,0,1,383.47641805762953
low_latency,20260811,21,1,1,1,130,2,1,1,345.6434354101665
low_latency,20260811,22,1,1,1,26,1,0,1,346.45236781633423
low_latency,20260811,23,1,1,1,12,1,0,1,396.09518539861455
low_latency,20260811,24,1,1,1,43,1,0,1,289.5408566636942
low_latency,20260811,25,1,1,1,38,1,0,1,355.0731787583196
low_latency,20260811,26,1,1,1,158,3,1,1,265.51779811351435
low_latency,20260811,27,1,1,1,41,1,0,1,318.5075931560136
low_latency,20260811,28,1,1,1,48,1,0,1,386.14033923900104
low_latency,20260811,29,1,1,1,14,1,0,1,224.3826823337472
low_latency,20260811,30,1,1,1,96,2,1,1,340.37114523023
low_latency,20260811,31,1,1,1,41,1,0,1,378.162235264782
low_latency,20260811,32,1,1,1,12,1,0,1,215.00474153107203
low_latency,20260811,33,1,1,1,101,2,1,1,349.425448616787
low_latency,20260811,34,1,1,1,18,1,0,1,333.7492319753178
low_latency,20260811,35,1,1,1,19,1,0,1,263.2351755070142
low_latency,20260811,36,1,1,1,45,1,0,1,298.3208713755464
low_latency,20260811,37,1,1,1,28,1,0,1,399.0062715217257
low_latency,20260811,38,1,1,1,54,1,0,1,287.73910624103246
low_latency,20260811,39,1,1,1,85,2,1,1,372.5044228802784
low_latency,20260811,40,1,1,1,19,1,0,1,392.4691886578542
low_latency,20260811,41,1,1,1,99,2,1,1,412.29223962131067
low_latency,20260811,42,1,1,1,149,3,1,1,418.9375190030465
low_latency,20260811,43,1,1,1,22,1,0,1,313.51326092239094
low_latency,20260811,44,1,1,1,29,1,0,1,336.1529613281305
low_latency,20260811,45,1,1,1,36,1,0,1,322.79054258183567
low_latency,20260811,46,1,1,1,26,1,0,1,254.5864312637279
low_latency,20260811,47,1,1,1,29,1,0,1,255.37491213138046
low_latency,20260811,48,1,1,1,20,1,0,1,304.5140835364925
low_latency,20260811,49,1,1,1,34,1,0,1,454.08362411958126
low_latency,20260811,50,1,1,1,183,3,1,1,387.1922159452188
low_latency,20260811,51,1,1,1,74,1,0,1,438.7788733386483
low_latency,20260811,52,1,1,1,34,1,0,1,391.5077297650133
low_latency,20260811,53,1,1,1,43,1,0,1,314.5338378780973
low_latency,20260811,54,1,1,1,32,1,0,1,289.3392497497555
low_latency,20260811,55,1,1,1,20,1,0,1,292.50152611366485
low_latency,20260811,56,1,1,1,31,1,0,1,419.86043994506076
low_latency,20260811,57,1,1,1,31,1,0,1,356.7090761697151
low_latency,20260811,58,1,1,1,105,2,1,1,346.9969218895564
low_latency,20260811,59,1,1,1,28,1,0,1,365.01040690344985
low_latency,20260811,60,1,1,1,28,1,0,1,377.2088838623064
low_latency,20260811,61,1,1,1,223,4,1,1,335.04676528820295
low_latency,20260811,62,1,1,1,25,1,0,1,350.75247858914923
low_latency,20260811,63,1,1,1,46,1,0,1,433.3790079432776
low_latency,20260811,64,1,1,1,50,1,0,1,350.6716607031354
low_latency,20260811,65,1,1,1,29,1,0,1,399.1279519410133
low_latency,20260811,66,1,1,1,35,1,0,1,355.47978874140875
low_latency,20260811,67,1,1,1,27,1,0,1,343.50918667537564
low_latency,20260811,68,1,1,1,18,1,0,1,327.39705920294324
low_latency,20260811,69,1,1,1,28,1,0,1,355.52472390107096
low_latency,20260811,70,1,1,1,48,1,0,1,383.0416072586699
low_latency,20260811,71,1,1,1,52,1,0,1,328.4500041533661
low_latency,20260811,72,1,1,1,26,1,0,1,360.43281541075726
low_latency,20260811,73,1,1,1,29,1,0,1,329.17559020234796
low_latency,20260811,74,1,1,1,23,1,0,1,341.16384852442735
low_latency,20260811,75,1,1,1,23,1,0,1,354.9349772789574
low_latency,20260811,76,1,1,1,29,1,0,1,304.56853799789
low_latency,20260811,77,1,1,1,12,1,0,1,233.3446944862225
low_latency,20260811,78,1,1,1,18,1,0,1,347.3510766392733
low_latency,20260811,79,1,1,1,28,1,0,1,295.9087803029147
low_latency,20260811,80,1,1,1,19,1,0,1,368.60845641319315
low_latency,20260811,81,1,1,1,26,1,0,1,315.54788804295686
low_latency,20260811,82,1,1,1,43,1,0,1,339.6461705996305
low_latency,20260811,83,1,1,1,24,1,0,1,376.6489398256998
low_latency,20260811,84,1,1,1,34,1,0,1,347.47073959380543
low_latency,20260811,85,1,1,1,26,1,0,1,368.4111071280349
low_latency,20260811,86,1,1,1,21,1,0,1,371.45916373392015
low_latency,20260811,87,1,1,1,22,1,0,1,332.69635528423316
low_latency,20260811,88,0,0,0,260,4,0,0,
low_latency,20260811,89,0,0,0,260,4,0,0,
low_latency,20260811,90,1,1,1,19,1,0,1,248.5390381696219
low_latency,20260811,91,1,1,1,26,1,0,1,325.97872445829364
low_latency,20260811,92,1,1,1,20,1,0,1,344.0726973434448
low_latency,20260811,93,1,1,1,39,1,0,1,342.14692708559517
low_latency,20260811,94,1,1,1,35,1,0,1,390.64242576667743
low_latency,20260811,95,1,1,1,24,1,0,1,366.0463554212187
low_latency,20260811,96,1,1,1,53,1,0,1,312.40196883544706
low_latency,20260811,97,1,1,1,35,1,0,1,321.65807455359396
low_latency,20260811,98,1,1,1,40,1,0,1,350.4627587480217
low_latency,20260811,99,1,1,1,25,1,0,1,393.1045969814098
low_latency,20260811,100,1,1,1,22,1,0,1,320.0218523209311
low_latency,20260811,101,1,1,1,41,1,0,1,310.3605661874101
low_latency,20260811,102,1,1,1,20,1,0,1,342.71146874002136
low_latency,20260811,103,1,1,1,108,2,1,1,468.54844284436257
low_latency,20260811,104,0,1,0,260,4,0,0,
low_latency,20260811,105,1,1,1,24,1,0,1,387.1453837982566
low_latency,20260811,106,1,1,1,41,1,0,1,312.11519189307097
low_latency,20260811,107,1,1,1,10,1,0,1,205.6180083746308
low_latency,20260811,108,1,1,1,29,1,0,1,303.60055109270354
low_latency,20260811,109,1,1,1,58,1,0,1,340.0409368398708
low_latency,20260811,110,1,1,1,38,1,0,1,316.1812097376424
low_latency,20260811,111,1,1,1,38,1,0,1,409.76875425245396
low_latency,20260811,112,1,1,1,29,1,0,1,345.45353935025344
low_latency,20260811,113,1,1,1,29,1,0,1,344.4878958561114
low_latency,20260811,114,1,1,1,32,1,0,1,277.2171984072662
low_latency,20260811,115,1,1,1,60,1,0,1,382.4102726353649
low_latency,20260811,116,1,1,1,33,1,0,1,394.8168550562574
low_latency,20260811,117,1,1,1,44,1,0,1,329.0796873900657
low_latency,20260811,118,1,1,1,26,1,0,1,344.3935691795101
low_latency,20260811,119,1,1,1,13,1,0,1,320.01956260793014
low_latency,20260811,120,1,1,1,34,1,0,1,356.61174448334054
low_latency,20260811,121,1,1,1,28,1,0,1,338.7521528407234
low_latency,20260811,122,1,1,1,19,1,0,1,391.783992267762
low_latency,20260811,123,1,1,1,26,1,0,1,285.8174063479526
low_latency,20260811,124,1,1,1,22,1,0,1,304.54982036433637
low_latency,20260811,125,1,1,1,144,3,1,1,365.0025843352477
low_latency,20260811,126,1,1,1,18,1,0,1,271.45392278510127
low_latency,20260811,127,1,1,1,19,1,0,1,341.1770092080748
low_latency,20260812,0,1,1,1,20,1,0,1,436.5197715002364
low_latency,20260812,1,1,1,1,18,1,0,1,306.6642146765293
low_latency,20260812,2,1,1,1,21,1,0,1,227.07702204659108
low_latency,20260812,3,1,1,1,83,2,1,1,291.55790477372034
low_latency,20260812,4,1,1,1,49,1,0,1,285.64027079600805
low_latency,20260812,5,1,1,1,21,1,0,1,295.2370915150707
low_latency,20260812,6,1,1,1,28,1,0,1,312.2084790000639
low_latency,20260812,7,1,1,1,33,1,0,1,376.9105464849191
low_latency,20260812,8,1,1,1,33,1,0,1,274.3366256979524
low_latency,20260812,9,1,1,1,35,1,0,1,315.3349581098211
low_latency,20260812,10,1,1,1,19,1,0,1,346.36567468816867
low_latency,20260812,11,1,1,1,28,1,0,1,338.1028561336176
low_latency,20260812,12,1,1,1,43,1,0,1,370.30047666831763
low_latency,20260812,13,1,1,1,29,1,0,1,294.595644590318
low_latency,20260812,14,1,1,1,28,1,0,1,371.262768556567
low_latency,20260812,15,1,1,1,92,2,1,1,430.7573248245004
low_latency,20260812,16,1,1,1,31,1,0,1,420.2375896584432
low_latency,20260812,17,1,1,1,43,1,0,1,326.85694294431363
low_latency,20260812,18,1,1,1,22,1,0,1,356.76369007373313
low_latency,20260812,19,1,1,1,18,1,0,1,268.67289583081913
low_latency,20260812,20,1,1,1,97,2,1,1,322.70736466529587
low_latency,20260812,21,1,1,1,23,1,0,1,289.535760985581
low_latency,20260812,22,1,1,1,35,1,0,1,374.17446781399747
low_latency,20260812,23,1,1,1,53,1,0,1,339.9837202705264
low_latency,20260812,24,1,1,1,25,1,0,1,368.78207766784817
low_latency,20260812,25,1,1,1,25,1,0,1,363.95000408929667
low_latency,20260812,26,0,1,0,260,4,0,0,
low_latency,20260812,27,1,1,1,45,1,0,1,370.4246912508262
low_latency,20260812,28,1,1,1,21,1,0,1,314.1377685761714
low_latency,20260812,29,1,1,1,21,1,0,1,327.60128852658295
low_latency,20260812,30,1,1,1,25,1,0,1,374.24014432910883
low_latency,20260812,31,0,1,0,260,4,0,0,
low_latency,20260812,32,1,1,1,21,1,0,1,321.49226940563267
low_latency,20260812,33,1,1,1,13,1,0,1,245.02731779703873
low_latency,20260812,34,1,1,1,30,1,0,1,312.39365303700936
low_latency,20260812,35,1,1,1,33,1,0,1,323.8813919095372
low_latency,20260812,36,1,1,1,20,1,0,1,320.37860494209514
low_latency,20260812,37,1,1,1,29,1,0,1,422.2188700361146
low_latency,20260812,38,1,1,1,18,1,0,1,347.597208178417
low_latency,20260812,39,1,1,1,35,1,0,1,351.28473351476356
low_latency,20260812,40,1,1,1,32,1,0,1,308.0538427432989
low_latency,20260812,41,1,1,1,35,1,0,1,384.47929980238365
low_latency,20260812,42,1,1,1,47,1,0,1,327.42117814170393
low_latency,20260812,43,1,1,1,28,1,0,1,364.6139317665576
low_latency,20260812,44,1,1,1,19,1,0,1,377.5126181155498
low_latency,20260812,45,1,1,1,99,2,1,1,429.7743969158564
low_latency,20260812,46,1,1,1,33,1,0,1,418.73479857922007
low_latency,20260812,47,1,1,1,147,3,1,1,391.6255366904232
low_latency,20260812,48,1,1,1,29,1,0,1,255.6873913901798
low_latency,20260812,49,1,1,1,27,1,0,1,379.31340082064946
low_latency,20260812,50,1,1,1,23,1,0,1,337.031714450167
low_latency,20260812,51,1,1,1,28,1,0,1,360.26733218200155
low_latency,20260812,52,1,1,1,18,1,0,1,326.65998832102775
low_latency,20260812,53,1,1,1,22,1,0,1,340.09614480547674
low_latency,20260812,54,1,1,1,46,1,0,1,319.9263869071459
low_latency,20260812,55,1,1,1,33,1,0,1,346.660148194832
low_latency,20260812,56,1,1,1,53,1,0,1,330.40740509759917
low_latency,20260812,57,1,1,1,32,1,0,1,363.313910577607
low_latency,20260812,58,1,1,1,23,1,0,1,306.3546604485922
low_latency,20260812,59,1,1,1,35,1,0,1,361.7636160471902
low_latency,20260812,60,1,1,1,16,1,0,1,269.59620937792516
low_latency,20260812,61,1,1,1,166,3,1,1,343.71305472015536
low_latency,20260812,62,1,1,1,48,1,0,1,380.00652961117885
low_latency,20260812,63,1,1,1,41,1,0,1,337.45399250487725
low_latency,20260812,64,1,1,1,80,1,0,1,414.0281796697244
low_latency,20260812,65,1,1,1,30,1,0,1,341.1126089713282
low_latency,20260812,66,1,1,1,28,1,0,1,426.53270720096816
low_latency,20260812,67,1,1,1,34,1,0,1,376.32263142020355
low_latency,20260812,68,1,1,1,61,1,0,1,299.7973192599499
low_latency,20260812,69,1,1,1,38,1,0,1,407.5248358760693
low_latency,20260812,70,1,1,1,29,1,0,1,330.61928775666564
low_latency,20260812,71,1,1,1,106,2,1,1,434.61602918668177
low_latency,20260812,72,1,1,1,37,1,0,1,383.7191074858303
low_latency,20260812,73,0,0,0,260,4,0,0,
low_latency,20260812,74,1,1,1,34,1,0,1,248.9516327615676
low_latency,20260812,75,1,1,1,41,1,0,1,398.7727976897486
low_latency,20260812,76,1,1,1,17,1,0,1,371.68792864058435
low_latency,20260812,77,1,1,1,24,1,0,1,387.82239637231305
low_latency,20260812,78,1,1,1,53,1,0,1,431.569904401166
low_latency,20260812,79,1,1,1,29,1,0,1,374.809939822754
low_latency,20260812,80,1,1,1,25,1,0,1,303.7984014316621
low_latency,20260812,81,1,1,1,32,1,0,1,293.7180048947099
low_latency,20260812,82,1,1,1,29,1,0,1,355.895274948315
low_latency,20260812,83,1,1,1,86,2,1,1,414.6727728632028
low_latency,20260812,84,1,1,1,32,1,0,1,401.86879306556733
low_latency,20260812,85,1,1,1,85,2,1,1,356.44830477916423
low_latency,20260812,86,1,1,1,85,2,1,1,353.90853211869523
low_latency,20260812,87,1,1,1,21,1,0,1,336.5006638775774
low_latency,20260812,88,1,1,1,22,1,0,1,388.74627422715804
low_latency,20260812,89,1,1,1,15,1,0,1,252.60861062415904
low_latency,20260812,90,1,1,1,22,1,0,1,286.7451967392052
low_latency,20260812,91,1,1,1,26,1,0,1,365.307911665685
low_latency,20260812,92,1,1,1,39,1,0,1,407.48975524567436
low_latency,20260812,93,1,1,1,24,1,0,1,338.0655531251256
low_latency,20260812,94,1,1,1,28,1,0,1,371.1261826474308
low_latency,20260812,95,1,1,1,30,1,0,1,298.5059124027605
low_latency,20260812,96,1,1,1,42,1,0,1,338.5283846899328
low_latency,20260812,97,1,1,1,86,2,1,1,319.902805738345
low_latency,20260812,98,1,1,1,46,1,0,1,418.80075074398684
low_latency,20260812,99,1,1,1,38,1,0,1,345.7561727059149
low_latency,20260812,100,1,1,1,38,1,0,1,383.4596623579074
low_latency,20260812,101,1,1,1,95,2,1,1,385.2229259941645
low_latency,20260812,102,1,1,1,37,1,0,1,373.31799229035175
low_latency,20260812,103,1,1,1,36,1,0,1,331.36670005181935
low_latency,20260812,104,1,1,1,17,1,0,1,342.3149288997753
low_latency,20260812,105,0,0,0,260,4,0,0,
low_latency,20260812,106,1,1,1,20,1,0,1,394.73985084546564
low_latency,20260812,107,1,1,1,103,2,1,1,347.2203934221079
low_latency,20260812,108,1,1,1,27,1,0,1,377.1709502882819
low_latency,20260812,109,1,1,1,41,1,0,1,320.13323376200583
low_latency,20260812,110,1,1,1,13,1,0,1,181.49747475777087
low_latency,20260812,111,1,1,1,41,1,0,1,387.0294615186163
low_latency,20260812,112,1,1,1,47,1,0,1,311.52823875056015
low_latency,20260812,113,1,1,1,34,1,0,1,397.7014412041411
low_latency,20260812,114,1,1,1,16,1,0,1,362.6696780355107
low_latency,20260812,115,1,1,1,17,1,0,1,392.7025538380016
low_latency,20260812,116,1,1,1,22,1,0,1,320.2597530131729
low_latency,20260812,117,1,1,1,24,1,0,1,370.651701132769
low_latency,20260812,118,1,1,1,45,1,0,1,395.7567076209075
low_latency,20260812,119,0,1,0,260,4,0,0,
low_latency,20260812,120,1,1,1,29,1,0,1,309.99698307406715
low_latency,20260812,121,1,1,1,44,1,0,1,356.83964524352393
low_latency,20260812,122,1,1,1,28,1,0,1,342.30297215115786
low_latency,20260812,123,1,1,1,36,1,0,1,407.54409361450223
low_latency,20260812,124,1,1,1,24,1,0,1,337.2883026642484
low_latency,20260812,125,1,1,1,34,1,0,1,399.6093371646509
low_latency,20260812,126,1,1,1,23,1,0,1,337.7204770557595
low_latency,20260812,127,1,1,1,29,1,0,1,378.2345324091849
low_latency,20260813,0,1,1,1,191,3,1,1,327.942249573218
low_latency,20260813,1,1,1,1,30,1,0,1,321.1984073170287
low_latency,20260813,2,1,1,1,23,1,0,1,397.57543228840905
low_latency,20260813,3,1,1,1,21,1,0,1,294.03879410917034
low_latency,20260813,4,1,1,1,27,1,0,1,338.2292360522222
low_latency,20260813,5,1,1,1,90,2,1,1,254.8429571242275
low_latency,20260813,6,1,1,1,29,1,0,1,363.9986353154242
low_latency,20260813,7,1,1,1,19,1,0,1,322.22706879716213
low_latency,20260813,8,1,1,1,25,1,0,1,343.57872197140046
low_latency,20260813,9,1,1,1,85,2,1,1,411.08620532348704
low_latency,20260813,10,1,1,1,94,2,1,1,389.4638765371068
low_latency,20260813,11,1,1,1,30,1,0,1,263.79758398974
low_latency,20260813,12,1,1,1,30,1,0,1,304.550657887391
low_latency,20260813,13,1,1,1,21,1,0,1,335.3022522446897
low_latency,20260813,14,1,1,1,125,2,1,1,396.5651983616972
low_latency,20260813,15,1,1,1,114,2,1,1,334.87056621247797
low_latency,20260813,16,1,1,1,62,1,0,1,366.83417420753267
low_latency,20260813,17,1,1,1,31,1,0,1,398.40988922641657
low_latency,20260813,18,1,1,1,45,1,0,1,287.5140629862135
low_latency,20260813,19,1,1,1,24,1,0,1,388.3367400147191
low_latency,20260813,20,1,1,1,142,3,1,1,346.34990553936103
low_latency,20260813,21,1,1,1,44,1,0,1,398.57316820903765
low_latency,20260813,22,1,1,1,24,1,0,1,329.32839236431755
low_latency,20260813,23,1,1,1,35,1,0,1,354.51631612690585
low_latency,20260813,24,1,1,1,37,1,0,1,315.89184971108915
low_latency,20260813,25,1,1,1,59,1,0,1,424.0351392561671
low_latency,20260813,26,1,1,1,14,1,0,1,282.0451285231401
low_latency,20260813,27,1,1,1,28,1,0,1,279.3103704664742
low_latency,20260813,28,1,1,1,28,1,0,1,304.4301267694177
low_latency,20260813,29,1,1,1,89,2,1,1,343.88401877555236
low_latency,20260813,30,1,1,1,34,1,0,1,386.940386025874
low_latency,20260813,31,1,1,1,33,1,0,1,324.7598412733876
low_latency,20260813,32,1,1,1,28,1,0,1,426.1593105894092
low_latency,20260813,33,1,1,1,36,1,0,1,320.93044997295385
low_latency,20260813,34,1,1,1,25,1,0,1,310.8506420983517
low_latency,20260813,35,1,1,1,27,1,0,1,335.68379849429965
low_latency,20260813,36,1,1,1,20,1,0,1,353.258955005414
low_latency,20260813,37,1,1,1,24,1,0,1,254.37791531233654
low_latency,20260813,38,1,1,1,38,1,0,1,418.77831860042926
low_latency,20260813,39,1,1,1,18,1,0,1,343.01796423735107
low_latency,20260813,40,1,1,1,47,1,0,1,363.1640692513466
low_latency,20260813,41,1,1,1,32,1,0,1,347.57420175836415
low_latency,20260813,42,1,1,1,17,1,0,1,280.96636813215787
low_latency,20260813,43,1,1,1,94,2,1,1,283.82599592417995
low_latency,20260813,44,1,1,1,17,1,0,1,329.26949587813056
low_latency,20260813,45,1,1,1,174,3,1,1,365.29437519037145
low_latency,20260813,46,1,1,1,19,1,0,1,272.58261784316204
low_latency,20260813,47,1,1,1,20,1,0,1,306.8767418756181
low_latency,20260813,48,1,1,1,28,1,0,1,432.5780940181603
low_latency,20260813,49,1,1,1,44,1,0,1,374.7904783706736
low_latency,20260813,50,1,1,1,36,1,0,1,350.84168803874195
low_latency,20260813,51,1,1,1,46,1,0,1,261.3928486981134
low_latency,20260813,52,1,1,1,18,1,0,1,313.4163697623837
low_latency,20260813,53,1,1,1,214,4,1,1,394.98037926400195
low_latency,20260813,54,1,1,1,38,1,0,1,313.517108074725
low_latency,20260813,55,1,1,1,26,1,0,1,296.37684310327086
low_latency,20260813,56,1,1,1,125,2,1,1,359.44040806794885
low_latency,20260813,57,1,1,1,66,1,0,1,318.01620542458113
low_latency,20260813,58,1,1,1,33,1,0,1,356.1786039085903
low_latency,20260813,59,0,1,0,260,4,0,0,
low_latency,20260813,60,1,1,1,32,1,0,1,321.32110899227763
low_latency,20260813,61,1,1,1,31,1,0,1,299.9959782897494
low_latency,20260813,62,1,1,1,84,2,1,1,348.21318505862956
low_latency,20260813,63,1,1,1,25,1,0,1,352.07792200635987
low_latency,20260813,64,1,1,1,12,1,0,1,297.84309604971196
low_latency,20260813,65,1,1,1,32,1,0,1,278.07488604877494
low_latency,20260813,66,1,1,1,33,1,0,1,385.75122479737706
low_latency,20260813,67,1,1,1,24,1,0,1,325.4582044545121
low_latency,20260813,68,1,1,1,35,1,0,1,273.89382925035216
low_latency,20260813,69,1,1,1,12,1,0,1,278.1157059356673
low_latency,20260813,70,1,1,1,29,1,0,1,377.8963648298077
low_latency,20260813,71,0,0,0,260,4,0,0,
low_latency,20260813,72,1,1,1,72,1,0,1,293.2092538680656
low_latency,20260813,73,1,1,1,88,2,1,1,304.4325345076236
low_latency,20260813,74,0,0,0,260,4,0,0,
low_latency,20260813,75,1,1,1,24,1,0,1,300.9322744196139
low_latency,20260813,76,1,1,1,15,1,0,1,245.58704788078867
low_latency,20260813,77,1,1,1,20,1,0,1,398.8820404582768
low_latency,20260813,78,1,1,1,46,1,0,1,383.23265921029747
low_latency,20260813,79,1,1,1,27,1,0,1,299.8938337697269
low_latency,20260813,80,1,1,1,162,3,1,1,345.9221658605902
low_latency,20260813,81,1,1,1,18,1,0,1,284.64075618560594
low_latency,20260813,82,1,1,1,25,1,0,1,336.58449290037936
low_latency,20260813,83,1,1,1,84,2,1,1,324.8554900470498
low_latency,20260813,84,1,1,1,17,1,0,1,243.3408311989009
low_latency,20260813,85,1,1,1,23,1,0,1,390.1603317323329
low_latency,20260813,86,1,1,1,24,1,0,1,279.4739560874712
low_latency,20260813,87,1,1,1,22,1,0,1,218.8582166341635
low_latency,20260813,88,1,1,1,18,1,0,1,295.1622647573207
low_latency,20260813,89,1,1,1,34,1,0,1,400.51813849270724
low_latency,20260813,90,1,1,1,41,1,0,1,299.86636731604995
low_latency,20260813,91,1,1,1,38,1,0,1,254.53740008639164
low_latency,20260813,92,1,1,1,26,1,0,1,386.27623023830586
low_latency,20260813,93,1,1,1,22,1,0,1,272.556107793052
low_latency,20260813,94,1,1,1,33,1,0,1,311.81293046540657
low_latency,20260813,95,1,1,1,49,1,0,1,377.0825218989321
low_latency,20260813,96,1,1,1,33,1,0,1,348.8579747861179
low_latency,20260813,97,1,1,1,91,2,1,1,438.005036842078
low_latency,20260813,98,1,1,1,35,1,0,1,363.06805901014314
low_latency,20260813,99,1,1,1,23,1,0,1,346.3809746848733
low_latency,20260813,100,1,1,1,27,1,0,1,360.3151147188121
low_latency,20260813,101,1,1,1,17,1,0,1,298.26800153110685
low_latency,20260813,102,1,1,1,43,1,0,1,349.9496794210485
low_latency,20260813,103,1,1,1,44,1,0,1,373.3544009927977
low_latency,20260813,104,1,1,1,31,1,0,1,350.3152875934755
low_latency,20260813,105,1,1,1,98,2,1,1,322.41220534504396
low_latency,20260813,106,1,1,1,24,1,0,1,314.1002467876954
low_latency,20260813,107,1,1,1,50,1,0,1,454.02682802105255
low_latency,20260813,108,1,1,1,34,1,0,1,245.1453988812899
low_latency,20260813,109,0,1,0,260,4,0,0,
low_latency,20260813,110,1,1,1,26,1,0,1,373.9778840621872
low_latency,20260813,111,1,1,1,111,2,1,1,313.3492285692124
low_latency,20260813,112,1,1,1,44,1,0,1,369.6379033484395
low_latency,20260813,113,1,1,1,28,1,0,1,248.65034492039683
low_latency,20260813,114,1,1,1,36,1,0,1,361.1384718093646
low_latency,20260813,115,1,1,1,17,1,0,1,334.67963777807824
low_latency,20260813,116,1,1,1,45,1,0,1,331.09658195762773
low_latency,20260813,117,1,1,1,31,1,0,1,298.8472088796549
low_latency,20260813,118,1,1,1,23,1,0,1,325.4434519014776
low_latency,20260813,119,1,1,1,31,1,0,1,336.4570276536355
low_latency,20260813,120,1,1,1,17,1,0,1,320.9872087872861
low_latency,20260813,121,1,1,1,30,1,0,1,448.62924113499713
low_latency,20260813,122,1,1,1,23,1,0,1,293.04571580544126
low_latency,20260813,123,1,1,1,48,1,0,1,303.2341382017859
low_latency,20260813,124,1,1,1,45,1,0,1,319.7205341663269
low_latency,20260813,125,1,1,1,55,1,0,1,375.44985907941475
low_latency,20260813,126,1,1,1,46,1,0,1,363.93036960579946
low_latency,20260813,127,1,1,1,65,1,0,1,315.1010415064334
rescue_efficiency,20260809,0,1,1,1,50,1,0,1,316.150507998773
rescue_efficiency,20260809,1,1,1,1,54,1,0,1,295.8421562823993
rescue_efficiency,20260809,2,1,1,1,49,1,0,1,376.9920874030173
rescue_efficiency,20260809,3,1,1,1,50,1,0,1,411.0690501344702
rescue_efficiency,20260809,4,1,1,1,77,1,0,1,316.859506003368
rescue_efficiency,20260809,5,1,1,1,61,1,0,1,284.78755843446555
rescue_efficiency,20260809,6,1,1,1,97,2,1,1,277.6181374697552
rescue_efficiency,20260809,7,1,1,1,57,1,0,1,345.37354468468345
rescue_efficiency,20260809,8,1,1,1,90,2,1,1,354.22951539836345
rescue_efficiency,20260809,9,1,1,1,87,2,1,1,339.4473159953076
rescue_efficiency,20260809,10,1,1,1,36,1,0,1,300.9064406211655
rescue_efficiency,20260809,11,1,1,1,85,2,1,1,362.0731584382704
rescue_efficiency,20260809,12,1,1,1,93,2,1,1,373.67757652341345
rescue_efficiency,20260809,13,1,1,1,123,2,1,1,413.43225802466714
rescue_efficiency,20260809,14,1,1,1,74,1,0,1,345.5072850150399
rescue_efficiency,20260809,15,1,1,1,88,2,1,1,349.77784019982903
rescue_efficiency,20260809,16,1,1,1,113,2,1,1,399.5640235642044
rescue_efficiency,20260809,17,1,1,1,85,2,1,1,302.14967044256105
rescue_efficiency,20260809,18,1,1,1,97,2,1,1,461.183356794834
rescue_efficiency,20260809,19,1,1,1,55,1,0,1,357.5249128663397
rescue_efficiency,20260809,20,1,1,1,89,2,1,1,285.0275426834976
rescue_efficiency,20260809,21,1,1,1,43,1,0,1,274.81767044471906
rescue_efficiency,20260809,22,1,1,1,84,2,1,1,316.74124194829017
rescue_efficiency,20260809,23,1,1,1,93,2,1,1,369.847750193262
rescue_efficiency,20260809,24,1,1,1,63,1,0,1,302.67489240317093
rescue_efficiency,20260809,25,1,1,1,87,2,1,1,238.01817926684055
rescue_efficiency,20260809,26,1,1,1,64,1,0,1,368.44346496315643
rescue_efficiency,20260809,27,1,1,1,88,2,1,1,275.21038639542803
rescue_efficiency,20260809,28,1,1,1,87,2,1,1,323.8926990230816
rescue_efficiency,20260809,29,1,1,1,37,1,0,1,361.0660008043983
rescue_efficiency,20260809,30,1,1,1,45,1,0,1,334.80387685725094
rescue_efficiency,20260809,31,1,1,1,54,1,0,1,281.4285332048003
rescue_efficiency,20260809,32,1,1,1,68,1,0,1,355.35740079521946
rescue_efficiency,20260809,33,1,1,1,71,1,0,1,347.96007531107284
rescue_efficiency,20260809,34,1,1,1,207,4,1,1,318.1388423216025
rescue_efficiency,20260809,35,1,1,1,91,2,1,1,432.7490031072903
rescue_efficiency,20260809,36,1,1,1,88,2,1,1,401.8090081523225
rescue_efficiency,20260809,37,0,1,0,260,4,0,0,
rescue_efficiency,20260809,38,1,1,1,102,2,1,1,395.2929194395492
rescue_efficiency,20260809,39,1,1,1,35,1,0,1,346.645950385584
rescue_efficiency,20260809,40,1,1,1,48,1,0,1,278.6305544268014
rescue_efficiency,20260809,41,1,1,1,55,1,0,1,220.81232332305785
rescue_efficiency,20260809,42,1,1,1,159,3,1,1,328.3779686760412
rescue_efficiency,20260809,43,1,1,1,41,1,0,1,348.33280089578216
rescue_efficiency,20260809,44,1,1,1,34,1,0,1,387.93090982489014
rescue_efficiency,20260809,45,1,1,1,29,1,0,1,244.10550153708377
rescue_efficiency,20260809,46,1,1,1,106,2,1,1,403.5619217358935
rescue_efficiency,20260809,47,1,1,1,87,2,1,1,288.5376612621885
rescue_efficiency,20260809,48,1,1,1,102,2,1,1,369.8918873841796
rescue_efficiency,20260809,49,1,1,1,42,1,0,1,372.69263280380574
rescue_efficiency,20260809,50,1,1,1,45,1,0,1,307.0209460082193
rescue_efficiency,20260809,51,1,1,1,35,1,0,1,302.69024565728876
rescue_efficiency,20260809,52,1,1,1,33,1,0,1,255.01196803964532
rescue_efficiency,20260809,53,1,1,1,56,1,0,1,313.08784763895227
rescue_efficiency,20260809,54,1,1,1,111,2,1,1,397.3720403938878
rescue_efficiency,20260809,55,1,1,1,64,1,0,1,391.48906564653146
rescue_efficiency,20260809,56,1,1,1,89,2,1,1,326.3151185290063
rescue_efficiency,20260809,57,1,1,1,17,1,0,1,315.7211805205401
rescue_efficiency,20260809,58,1,1,1,43,1,0,1,317.00908710413137
rescue_efficiency,20260809,59,1,1,1,65,1,0,1,428.8830827790339
rescue_efficiency,20260809,60,1,1,1,85,2,1,1,336.3388134205931
rescue_efficiency,20260809,61,0,0,0,260,4,0,0,
rescue_efficiency,20260809,62,1,1,1,48,1,0,1,401.3753352709339
rescue_efficiency,20260809,63,1,1,1,98,2,1,1,386.67880185577144
rescue_efficiency,20260809,64,1,1,1,62,1,0,1,284.65331145204266
rescue_efficiency,20260809,65,1,1,1,24,1,0,1,284.0163272597328
rescue_efficiency,20260809,66,1,1,1,74,1,0,1,320.81288060526276
rescue_efficiency,20260809,67,1,1,1,92,2,1,1,433.50737092636825
rescue_efficiency,20260809,68,1,1,1,89,2,1,1,302.05831601861894
rescue_efficiency,20260809,69,1,1,1,54,1,0,1,353.00652948684586
rescue_efficiency,20260809,70,1,1,1,69,1,0,1,290.49033004110197
rescue_efficiency,20260809,71,1,1,1,47,1,0,1,267.97486048301334
rescue_efficiency,20260809,72,1,1,1,85,2,1,1,344.9539653168283
rescue_efficiency,20260809,73,1,1,1,98,2,1,1,289.0280147692785
rescue_efficiency,20260809,74,1,1,1,57,1,0,1,387.9874855651864
rescue_efficiency,20260809,75,1,1,1,87,2,1,1,442.4216391411103
rescue_efficiency,20260809,76,1,1,1,50,1,0,1,397.1305695605759
rescue_efficiency,20260809,77,1,1,1,95,2,1,1,418.99117847432365
rescue_efficiency,20260809,78,1,1,1,90,2,1,1,311.63929864894794
rescue_efficiency,20260809,79,1,1,1,42,1,0,1,270.8175975206705
rescue_efficiency,20260809,80,1,1,1,88,2,1,1,362.36399526270293
rescue_efficiency,20260809,81,1,1,1,37,1,0,1,402.7657631798756
rescue_efficiency,20260809,82,1,1,1,89,2,1,1,303.83385811587556
rescue_efficiency,20260809,83,1,1,1,64,1,0,1,372.7825107515174
rescue_efficiency,20260809,84,1,1,1,103,2,1,1,375.4940708442832
rescue_efficiency,20260809,85,1,1,1,34,1,0,1,223.69670432752292
rescue_efficiency,20260809,86,1,1,1,78,1,0,1,412.1596308905322
rescue_efficiency,20260809,87,1,1,1,98,2,1,1,324.9636666785045
rescue_efficiency,20260809,88,1,1,1,30,1,0,1,330.74109469125915
rescue_efficiency,20260809,89,1,1,1,35,1,0,1,382.9451424142334
rescue_efficiency,20260809,90,1,1,1,46,1,0,1,370.29109898211834
rescue_efficiency,20260809,91,1,1,1,101,2,1,1,481.22266086851675
rescue_efficiency,20260809,92,1,1,1,83,2,1,1,312.9064813239937
rescue_efficiency,20260809,93,1,1,1,43,1,0,1,294.1119317272283
rescue_efficiency,20260809,94,1,1,1,40,1,0,1,351.03375147423196
rescue_efficiency,20260809,95,1,1,1,24,1,0,1,344.74623244281975
rescue_efficiency,20260809,96,1,1,1,37,1,0,1,308.73224184787404
rescue_efficiency,20260809,97,1,1,1,88,2,1,1,407.5228173491773
rescue_efficiency,20260809,98,1,1,1,55,1,0,1,321.77892080084104
rescue_efficiency,20260809,99,1,1,1,95,2,1,1,320.5946559323686
rescue_efficiency,20260809,100,1,1,1,138,2,1,1,333.8654751489505
rescue_efficiency,20260809,101,1,1,1,90,2,1,1,314.71866592291275
rescue_efficiency,20260809,102,1,1,1,33,1,0,1,230.96983702531816
rescue_efficiency,20260809,103,1,1,1,56,1,0,1,422.3090402641789
rescue_efficiency,20260809,104,1,1,1,55,1,0,1,281.5018680399602
rescue_efficiency,20260809,105,1,1,1,90,2,1,1,394.46135101322955
rescue_efficiency,20260809,106,1,1,1,52,1,0,1,290.5481698056984
rescue_efficiency,20260809,107,1,1,1,85,2,1,1,328.2704022921657
rescue_efficiency,20260809,108,1,1,1,112,2,1,1,338.40777259633876
rescue_efficiency,20260809,109,1,1,1,49,1,0,1,363.5772414406199
rescue_efficiency,20260809,110,1,1,1,98,2,1,1,440.3682374181874
rescue_efficiency,20260809,111,1,1,1,50,1,0,1,370.80084185716714
rescue_efficiency,20260809,112,1,1,1,104,2,1,1,347.55631591933013
rescue_efficiency,20260809,113,1,1,1,36,1,0,1,271.6416502974638
rescue_efficiency,20260809,114,1,1,1,146,3,1,1,356.48144000619897
rescue_efficiency,20260809,115,1,1,1,33,1,0,1,276.4188833712093
rescue_efficiency,20260809,116,1,1,1,86,2,1,1,343.49027702583555
rescue_efficiency,20260809,117,1,1,1,180,3,1,1,413.61718427488586
rescue_efficiency,20260809,118,1,1,1,75,1,0,1,327.4844959274664
rescue_efficiency,20260809,119,1,1,1,75,1,0,1,302.2177009896234
rescue_efficiency,20260809,120,1,1,1,98,2,1,1,288.048062737476
rescue_efficiency,20260809,121,1,1,1,89,2,1,1,433.77169013951453
rescue_efficiency,20260809,122,1,1,1,37,1,0,1,283.98789769180485
rescue_efficiency,20260809,123,1,1,1,42,1,0,1,418.95242141121133
rescue_efficiency,20260809,124,1,1,1,88,2,1,1,335.6787277633335
rescue_efficiency,20260809,125,1,1,1,55,1,0,1,360.5798427452356
rescue_efficiency,20260809,126,1,1,1,34,1,0,1,370.35545532330787
rescue_efficiency,20260809,127,1,1,1,40,1,0,1,367.958886298706
rescue_efficiency,20260810,0,1,1,1,79,1,0,1,481.47777210069887
rescue_efficiency,20260810,1,1,1,1,36,1,0,1,309.04388017571375
rescue_efficiency,20260810,2,1,1,1,37,1,0,1,314.88502200173843
rescue_efficiency,20260810,3,1,1,1,94,2,1,1,356.6735317309283
rescue_efficiency,20260810,4,1,1,1,223,4,1,1,371.88224004975984
rescue_efficiency,20260810,5,1,1,1,48,1,0,1,376.2521573820157
rescue_efficiency,20260810,6,1,1,1,66,1,0,1,314.4803128312264
rescue_efficiency,20260810,7,1,1,1,110,2,1,1,306.74118764957404
rescue_efficiency,20260810,8,1,1,1,84,2,1,1,388.8439147172038
rescue_efficiency,20260810,9,1,1,1,146,3,1,1,401.7758978539807
rescue_efficiency,20260810,10,1,1,1,54,1,0,1,422.5043776597895
rescue_efficiency,20260810,11,1,1,1,27,1,0,1,310.1666754338604
rescue_efficiency,20260810,12,1,1,1,64,1,0,1,319.9507509102992
rescue_efficiency,20260810,13,1,1,1,77,1,0,1,302.64376608609143
rescue_efficiency,20260810,14,1,1,1,84,2,1,1,287.54143172716044
rescue_efficiency,20260810,15,1,1,1,31,1,0,1,252.62795436019908
rescue_efficiency,20260810,16,1,1,1,133,2,1,1,283.55351636481237
rescue_efficiency,20260810,17,1,1,1,87,2,1,1,401.3021375581184
rescue_efficiency,20260810,18,1,1,1,33,1,0,1,324.8603188768418
rescue_efficiency,20260810,19,1,1,1,110,2,1,1,405.3795226755583
rescue_efficiency,20260810,20,1,1,1,151,3,1,1,355.10765401005654
rescue_efficiency,20260810,21,1,1,1,34,1,0,1,293.2766805129858
rescue_efficiency,20260810,22,1,1,1,42,1,0,1,300.44596591051925
rescue_efficiency,20260810,23,1,1,1,94,2,1,1,382.2310623937408
rescue_efficiency,20260810,24,1,1,1,38,1,0,1,329.40740687148184
rescue_efficiency,20260810,25,1,1,1,89,2,1,1,336.1254775137463
rescue_efficiency,20260810,26,1,1,1,46,1,0,1,454.9033375519107
rescue_efficiency,20260810,27,1,1,1,71,1,0,1,359.53289445473746
rescue_efficiency,20260810,28,1,1,1,30,1,0,1,382.2633596771818
rescue_efficiency,20260810,29,0,1,0,260,4,0,0,
rescue_efficiency,20260810,30,1,1,1,56,1,0,1,316.8858096154092
rescue_efficiency,20260810,31,1,1,1,101,2,1,1,313.2051237100238
rescue_efficiency,20260810,32,1,1,1,53,1,0,1,336.8729348425182
rescue_efficiency,20260810,33,0,0,0,260,4,0,0,
rescue_efficiency,20260810,34,1,1,1,96,2,1,1,420.0182558973792
rescue_efficiency,20260810,35,1,1,1,94,2,1,1,256.32261326427255
rescue_efficiency,20260810,36,1,1,1,53,1,0,1,250.8665973388951
rescue_efficiency,20260810,37,1,1,1,59,1,0,1,267.53696967202205
rescue_efficiency,20260810,38,1,1,1,53,1,0,1,229.84136838532922
rescue_efficiency,20260810,39,1,1,1,85,2,1,1,312.0707687278108
rescue_efficiency,20260810,40,1,1,1,40,1,0,1,326.0938743027125
rescue_efficiency,20260810,41,1,1,1,47,1,0,1,414.1220672936548
rescue_efficiency,20260810,42,1,1,1,77,1,0,1,313.781327162606
rescue_efficiency,20260810,43,1,1,1,64,1,0,1,262.60925398697077
rescue_efficiency,20260810,44,1,1,1,45,1,0,1,255.72671260162355
rescue_efficiency,20260810,45,0,1,0,260,4,0,0,
rescue_efficiency,20260810,46,1,1,1,93,2,1,1,385.4800270418941
rescue_efficiency,20260810,47,1,1,1,33,1,0,1,342.78686840627927
rescue_efficiency,20260810,48,1,1,1,94,2,1,1,400.0165358766061
rescue_efficiency,20260810,49,1,1,1,76,1,0,1,448.08846717470544
rescue_efficiency,20260810,50,1,1,1,55,1,0,1,395.7961896283625
rescue_efficiency,20260810,51,1,1,1,80,1,0,1,297.52844471568017
rescue_efficiency,20260810,52,1,1,1,35,1,0,1,296.87532721841785
rescue_efficiency,20260810,53,1,1,1,43,1,0,1,301.34068782367393
rescue_efficiency,20260810,54,1,1,1,87,2,1,1,325.2592411370232
rescue_efficiency,20260810,55,1,1,1,87,2,1,1,344.5456587970518
rescue_efficiency,20260810,56,1,1,1,60,1,0,1,331.9440597036099
rescue_efficiency,20260810,57,1,1,1,49,1,0,1,311.7728096435494
rescue_efficiency,20260810,58,1,1,1,106,2,1,1,361.6153016467201
rescue_efficiency,20260810,59,1,1,1,75,1,0,1,356.13584076258337
rescue_efficiency,20260810,60,1,1,1,84,2,1,1,340.49659967176683
rescue_efficiency,20260810,61,1,1,1,89,2,1,1,382.4627128305168
rescue_efficiency,20260810,62,1,1,1,87,2,1,1,356.2894875153549
rescue_efficiency,20260810,63,1,1,1,53,1,0,1,288.20036780516136
rescue_efficiency,20260810,64,1,1,1,26,1,0,1,346.8799249825793
rescue_efficiency,20260810,65,1,1,1,89,2,1,1,391.0645528838138
rescue_efficiency,20260810,66,1,1,1,69,1,0,1,325.4911188082316
rescue_efficiency,20260810,67,1,1,1,40,1,0,1,377.30150944445603
rescue_efficiency,20260810,68,1,1,1,144,3,1,1,340.0333823490228
rescue_efficiency,20260810,69,1,1,1,37,1,0,1,369.11869570514153
rescue_efficiency,20260810,70,1,1,1,132,2,1,1,435.2103208261303
rescue_efficiency,20260810,71,1,1,1,84,2,1,1,361.1304629343001
rescue_efficiency,20260810,72,1,1,1,69,1,0,1,330.7976878621055
rescue_efficiency,20260810,73,1,1,1,92,2,1,1,377.5638516203483
rescue_efficiency,20260810,74,0,0,0,260,4,0,0,
rescue_efficiency,20260810,75,1,1,1,56,1,0,1,312.12695170219
rescue_efficiency,20260810,76,1,1,1,30,1,0,1,383.3539885794074
rescue_efficiency,20260810,77,1,1,1,98,2,1,1,402.4521346701091
rescue_efficiency,20260810,78,1,1,1,86,2,1,1,358.5165232823597
rescue_efficiency,20260810,79,1,1,1,76,1,0,1,442.7207063561003
rescue_efficiency,20260810,80,1,0,0,68,1,0,1,438.1456061464654
rescue_efficiency,20260810,81,1,1,1,89,2,1,1,379.66892093176864
rescue_efficiency,20260810,82,1,1,1,71,1,0,1,379.3965932517508
rescue_efficiency,20260810,83,1,1,1,40,1,0,1,374.1675138213759
rescue_efficiency,20260810,84,1,1,1,92,2,1,1,396.4886679088545
rescue_efficiency,20260810,85,1,1,1,70,1,0,1,317.79594810637764
rescue_efficiency,20260810,86,1,1,1,43,1,0,1,358.18813971257424
rescue_efficiency,20260810,87,1,1,1,104,2,1,1,374.0733376051921
rescue_efficiency,20260810,88,1,1,1,21,1,0,1,277.4466289485322
rescue_efficiency,20260810,89,1,1,1,35,1,0,1,337.70771190579063
rescue_efficiency,20260810,90,1,1,1,95,2,1,1,362.85187821651516
rescue_efficiency,20260810,91,0,1,0,260,4,0,0,
rescue_efficiency,20260810,92,1,1,1,89,2,1,1,336.2793602285093
rescue_efficiency,20260810,93,1,1,1,90,2,1,1,323.58739965894915
rescue_efficiency,20260810,94,1,1,1,249,4,1,1,379.03883201265813
rescue_efficiency,20260810,95,1,1,1,36,1,0,1,338.4692831578903
rescue_efficiency,20260810,96,1,1,1,84,2,1,1,304.2953572030449
rescue_efficiency,20260810,97,1,1,1,31,1,0,1,325.3325524995467
rescue_efficiency,20260810,98,1,1,1,99,2,1,1,370.8666578475306
rescue_efficiency,20260810,99,1,1,1,52,1,0,1,314.6359105696715
rescue_efficiency,20260810,100,1,1,1,49,1,0,1,340.4576687957615
rescue_efficiency,20260810,101,1,1,1,98,2,1,1,403.68497694511484
rescue_efficiency,20260810,102,1,1,1,104,2,1,1,312.6881986394
rescue_efficiency,20260810,103,1,1,1,114,2,1,1,400.11495213617974
rescue_efficiency,20260810,104,1,1,1,89,2,1,1,303.63998808399083
rescue_efficiency,20260810,105,1,1,1,93,2,1,1,329.00050023431015
rescue_efficiency,20260810,106,1,1,1,82,2,1,1,272.7051854236129
rescue_efficiency,20260810,107,1,1,1,110,2,1,1,400.6440101955062
rescue_efficiency,20260810,108,1,1,1,60,1,0,1,302.75640261136914
rescue_efficiency,20260810,109,1,1,1,87,2,1,1,355.33813326855034
rescue_efficiency,20260810,110,1,1,1,100,2,1,1,410.522729426089
rescue_efficiency,20260810,111,1,1,1,66,1,0,1,355.55023423300537
rescue_efficiency,20260810,112,1,1,1,40,1,0,1,357.1887006911105
rescue_efficiency,20260810,113,1,1,1,72,1,0,1,274.4089725095023
rescue_efficiency,20260810,114,1,1,1,45,1,0,1,317.693172137837
rescue_efficiency,20260810,115,1,1,1,105,2,1,1,419.3148685488138
rescue_efficiency,20260810,116,1,1,1,75,1,0,1,300.2975194843653
rescue_efficiency,20260810,117,1,1,1,90,2,1,1,306.5318748150756
rescue_efficiency,20260810,118,1,1,1,74,1,0,1,391.1073638922978
rescue_efficiency,20260810,119,1,1,1,38,1,0,1,328.15953658715415
rescue_efficiency,20260810,120,1,1,1,89,2,1,1,414.2718605782807
rescue_efficiency,20260810,121,1,1,1,158,3,1,1,337.80059084202185
rescue_efficiency,20260810,122,1,1,1,47,1,0,1,258.0553975158233
rescue_efficiency,20260810,123,1,1,1,86,2,1,1,247.94343598311383
rescue_efficiency,20260810,124,1,1,1,101,2,1,1,416.42035272261944
rescue_efficiency,20260810,125,1,1,1,89,2,1,1,323.6696907236591
rescue_efficiency,20260810,126,1,1,1,42,1,0,1,399.09777374810454
rescue_efficiency,20260810,127,1,1,1,36,1,0,1,362.8503977501174
rescue_efficiency,20260811,0,1,1,1,23,1,0,1,261.68615331602274
rescue_efficiency,20260811,1,1,1,1,107,2,1,1,340.43737104150574
rescue_efficiency,20260811,2,1,1,1,42,1,0,1,294.2185566821802
rescue_efficiency,20260811,3,1,1,1,67,1,0,1,353.26896681233745
rescue_efficiency,20260811,4,1,1,1,107,2,1,1,324.5618454235389
rescue_efficiency,20260811,5,1,1,1,88,2,1,1,316.9605975532719
rescue_efficiency,20260811,6,1,1,1,39,1,0,1,270.71011490720934
rescue_efficiency,20260811,7,1,1,1,44,1,0,1,354.59961064814166
rescue_efficiency,20260811,8,1,1,1,53,1,0,1,259.0367073774198
rescue_efficiency,20260811,9,1,1,1,54,1,0,1,278.43563143091
rescue_efficiency,20260811,10,1,1,1,20,1,0,1,273.38980541208946
rescue_efficiency,20260811,11,1,1,1,27,1,0,1,362.8071293229601
rescue_efficiency,20260811,12,1,1,1,22,1,0,1,246.07675295778228
rescue_efficiency,20260811,13,1,1,1,85,2,1,1,378.16920836271595
rescue_efficiency,20260811,14,1,1,1,43,1,0,1,303.57451589685553
rescue_efficiency,20260811,15,1,1,1,84,2,1,1,366.6570819603319
rescue_efficiency,20260811,16,1,1,1,91,2,1,1,337.4306476581294
rescue_efficiency,20260811,17,1,1,1,31,1,0,1,346.2527171022018
rescue_efficiency,20260811,18,1,1,1,205,4,1,1,326.7130946753449
rescue_efficiency,20260811,19,1,1,1,30,1,0,1,303.20585858318793
rescue_efficiency,20260811,20,1,1,1,95,2,1,1,370.5223320564285
rescue_efficiency,20260811,21,1,1,1,143,3,1,1,331.8530025845994
rescue_efficiency,20260811,22,1,1,1,88,2,1,1,330.27107038429574
rescue_efficiency,20260811,23,1,1,1,61,1,0,1,384.11386007372323
rescue_efficiency,20260811,24,1,1,1,32,1,0,1,284.95884668070124
rescue_efficiency,20260811,25,1,1,1,94,2,1,1,330.07900710515185
rescue_efficiency,20260811,26,1,1,1,177,3,1,1,255.65492461278387
rescue_efficiency,20260811,27,1,1,1,90,2,1,1,312.63222773550126
rescue_efficiency,20260811,28,1,1,1,84,2,1,1,328.7604620447457
rescue_efficiency,20260811,29,1,1,1,89,2,1,1,235.99735359076095
rescue_efficiency,20260811,30,1,1,1,52,1,0,1,324.71652505325994
rescue_efficiency,20260811,31,1,1,1,75,1,0,1,375.5364773378419
rescue_efficiency,20260811,32,1,1,1,98,2,1,1,217.36723861181133
rescue_efficiency,20260811,33,1,1,1,36,1,0,1,342.53002907211555
rescue_efficiency,20260811,34,1,1,1,87,2,1,1,329.8762988867641
rescue_efficiency,20260811,35,1,1,1,30,1,0,1,269.9581235579127
rescue_efficiency,20260811,36,1,1,1,32,1,0,1,300.17324228551905
rescue_efficiency,20260811,37,1,1,1,96,2,1,1,409.3548551436195
rescue_efficiency,20260811,38,1,1,1,36,1,0,1,288.43313739685567
rescue_efficiency,20260811,39,1,1,1,119,2,1,1,377.6875254967777
rescue_efficiency,20260811,40,1,1,1,53,1,0,1,363.68787502535264
rescue_efficiency,20260811,41,1,1,1,105,2,1,1,382.22174204205453
rescue_efficiency,20260811,42,1,1,1,60,1,0,1,406.7639183814407
rescue_efficiency,20260811,43,1,1,1,148,3,1,1,333.11075911203227
rescue_efficiency,20260811,44,1,1,1,43,1,0,1,328.58243128889956
rescue_efficiency,20260811,45,1,1,1,71,1,0,1,321.5383792466405
rescue_efficiency,20260811,46,1,1,1,98,2,1,1,273.6087374700028
rescue_efficiency,20260811,47,1,1,1,101,2,1,1,251.89398844372715
rescue_efficiency,20260811,48,1,1,1,85,2,1,1,326.02864018928346
rescue_efficiency,20260811,49,1,1,1,92,2,1,1,428.4395458923517
rescue_efficiency,20260811,50,1,1,1,40,1,0,1,338.86203200859416
rescue_efficiency,20260811,51,1,1,1,83,2,1,1,450.1111701367838
rescue_efficiency,20260811,52,1,1,1,43,1,0,1,396.51550557266535
rescue_efficiency,20260811,53,1,1,1,22,1,0,1,276.7553707104807
rescue_efficiency,20260811,54,1,1,1,75,1,0,1,272.321992557026
rescue_efficiency,20260811,55,1,1,1,84,2,1,1,285.8708497484239
rescue_efficiency,20260811,56,1,1,1,105,2,1,1,448.12872785479766
rescue_efficiency,20260811,57,1,1,1,52,1,0,1,356.9096385066411
rescue_efficiency,20260811,58,1,1,1,28,1,0,1,323.65861570166317
rescue_efficiency,20260811,59,1,1,1,38,1,0,1,367.65063255029145
rescue_efficiency,20260811,60,1,1,1,92,2,1,1,385.0214773516771
rescue_efficiency,20260811,61,1,1,1,69,1,0,1,290.86281101221874
rescue_efficiency,20260811,62,1,1,1,106,2,1,1,383.49627869809206
rescue_efficiency,20260811,63,1,1,1,77,1,0,1,398.6108258443763
rescue_efficiency,20260811,64,1,1,1,28,1,0,1,310.0465618237163
rescue_efficiency,20260811,65,1,1,1,59,1,0,1,446.40787169524174
rescue_efficiency,20260811,66,1,1,1,58,1,0,1,348.662174946508
rescue_efficiency,20260811,67,1,1,1,96,2,1,1,363.224841939556
rescue_efficiency,20260811,68,0,1,0,260,4,0,0,
rescue_efficiency,20260811,69,1,1,1,28,1,0,1,336.0161455999498
rescue_efficiency,20260811,70,1,1,1,44,1,0,1,361.71391698533535
rescue_efficiency,20260811,71,1,1,1,50,1,0,1,308.7609740384013
rescue_efficiency,20260811,72,1,1,1,45,1,0,1,345.5304999137636
rescue_efficiency,20260811,73,1,1,1,39,1,0,1,318.4108032467203
rescue_efficiency,20260811,74,1,1,1,59,1,0,1,337.42066115182286
rescue_efficiency,20260811,75,1,1,1,100,2,1,1,353.3616943304901
rescue_efficiency,20260811,76,1,1,1,30,1,0,1,352.03910087719373
rescue_efficiency,20260811,77,1,1,1,18,1,0,1,241.5944464028796
rescue_efficiency,20260811,78,1,1,1,69,1,0,1,361.4175684384247
rescue_efficiency,20260811,79,1,1,1,106,2,1,1,295.4490411026512
rescue_efficiency,20260811,80,1,1,1,36,1,0,1,331.5864796614706
rescue_efficiency,20260811,81,1,1,1,29,1,0,1,300.3901199716811
rescue_efficiency,20260811,82,1,1,1,84,2,1,1,329.4354155556117
rescue_efficiency,20260811,83,1,1,1,54,1,0,1,310.17353174366633
rescue_efficiency,20260811,84,1,1,1,151,3,1,1,361.6115502247636
rescue_efficiency,20260811,85,1,1,1,40,1,0,1,383.90614081849697
rescue_efficiency,20260811,86,1,1,1,64,1,0,1,383.04052008604026
rescue_efficiency,20260811,87,1,1,1,70,1,0,1,331.162731670248
rescue_efficiency,20260811,88,0,0,0,260,4,0,0,
rescue_efficiency,20260811,89,0,0,0,260,4,0,0,
rescue_efficiency,20260811,90,1,1,1,41,1,0,1,253.47111123484825
rescue_efficiency,20260811,91,1,1,1,37,1,0,1,331.23690150020354
rescue_efficiency,20260811,92,1,1,1,85,2,1,1,344.4192346072296
rescue_efficiency,20260811,93,1,1,1,66,1,0,1,351.92684948515307
rescue_efficiency,20260811,94,1,1,1,48,1,0,1,439.6565307495067
rescue_efficiency,20260811,95,1,1,1,92,2,1,1,377.7714656362622
rescue_efficiency,20260811,96,1,1,1,89,2,1,1,319.3629058320586
rescue_efficiency,20260811,97,1,1,1,54,1,0,1,367.11336014650004
rescue_efficiency,20260811,98,1,1,1,85,2,1,1,363.07006305881765
rescue_efficiency,20260811,99,1,1,1,54,1,0,1,392.0068688151424
rescue_efficiency,20260811,100,1,1,1,32,1,0,1,312.9449007341063
rescue_efficiency,20260811,101,1,1,1,49,1,0,1,292.88357011544406
rescue_efficiency,20260811,102,1,1,1,61,1,0,1,338.4743410909629
rescue_efficiency,20260811,103,1,1,1,149,3,1,1,427.4430181773959
rescue_efficiency,20260811,104,1,1,1,60,1,0,1,272.1794481245644
rescue_efficiency,20260811,105,1,1,1,92,2,1,1,362.0676941341751
rescue_efficiency,20260811,106,1,1,1,52,1,0,1,297.3255901122037
rescue_efficiency,20260811,107,1,1,1,25,1,0,1,204.39591662938196
rescue_efficiency,20260811,108,1,1,1,47,1,0,1,286.587910591134
rescue_efficiency,20260811,109,1,1,1,102,2,1,1,354.2402561945413
rescue_efficiency,20260811,110,1,1,1,36,1,0,1,312.35982039569103
rescue_efficiency,20260811,111,1,1,1,40,1,0,1,357.2980446737748
rescue_efficiency,20260811,112,1,1,1,52,1,0,1,390.49946123507516
rescue_efficiency,20260811,113,1,1,1,30,1,0,1,338.4065030777366
rescue_efficiency,20260811,114,1,1,1,26,1,0,1,272.05171740187177
rescue_efficiency,20260811,115,1,1,1,87,2,1,1,376.8188216518602
rescue_efficiency,20260811,116,1,1,1,90,2,1,1,411.32470981915856
rescue_efficiency,20260811,117,1,1,1,64,1,0,1,312.7013031787319
rescue_efficiency,20260811,118,1,1,1,82,2,1,1,316.5952977761208
rescue_efficiency,20260811,119,1,1,1,39,1,0,1,320.424143633766
rescue_efficiency,20260811,120,1,1,1,45,1,0,1,356.1453893617876
rescue_efficiency,20260811,121,1,1,1,61,1,0,1,335.6473857418423
rescue_efficiency,20260811,122,1,1,1,60,1,0,1,306.48379780215
rescue_efficiency,20260811,123,1,1,1,90,2,1,1,284.7142131607486
rescue_efficiency,20260811,124,1,1,1,32,1,0,1,265.08729418395114
rescue_efficiency,20260811,125,1,1,1,144,3,1,1,359.18060841632587
rescue_efficiency,20260811,126,1,1,1,37,1,0,1,305.2522159346038
rescue_efficiency,20260811,127,1,1,1,42,1,0,1,284.3700422064216
rescue_efficiency,20260812,0,1,1,1,79,1,0,1,449.1026207827527
rescue_efficiency,20260812,1,1,1,1,146,3,1,1,289.78020441407614
rescue_efficiency,20260812,2,1,1,1,44,1,0,1,259.31034793301
rescue_efficiency,20260812,3,1,1,1,85,2,1,1,289.78380339040325
rescue_efficiency,20260812,4,1,1,1,98,2,1,1,273.37468025765054
rescue_efficiency,20260812,5,1,1,1,33,1,0,1,317.6230437752688
rescue_efficiency,20260812,6,1,1,1,92,2,1,1,303.99449529491926
rescue_efficiency,20260812,7,1,1,1,70,1,0,1,392.52711206289996
rescue_efficiency,20260812,8,1,1,1,31,1,0,1,246.7856874977366
rescue_efficiency,20260812,9,1,1,1,34,1,0,1,324.8132617403292
rescue_efficiency,20260812,10,1,1,1,47,1,0,1,345.9602096469411
rescue_efficiency,20260812,11,1,1,1,60,1,0,1,322.18673424165877
rescue_efficiency,20260812,12,1,1,1,85,2,1,1,370.0054002677803
rescue_efficiency,20260812,13,1,1,1,25,1,0,1,349.7262556525371
rescue_efficiency,20260812,14,0,1,0,260,4,0,0,
rescue_efficiency,20260812,15,1,1,1,85,2,1,1,434.2470610980175
rescue_efficiency,20260812,16,1,1,1,95,2,1,1,439.85929701067096
rescue_efficiency,20260812,17,1,1,1,62,1,0,1,307.67400898468645
rescue_efficiency,20260812,18,1,1,1,29,1,0,1,304.3994747079175
rescue_efficiency,20260812,19,1,1,1,88,2,1,1,265.5328391486879
rescue_efficiency,20260812,20,1,1,1,145,3,1,1,344.3401990044602
rescue_efficiency,20260812,21,1,1,1,27,1,0,1,285.8117324354773
rescue_efficiency,20260812,22,1,1,1,88,2,1,1,348.3081728920018
rescue_efficiency,20260812,23,1,1,1,92,2,1,1,363.3085289656574
rescue_efficiency,20260812,24,1,1,1,54,1,0,1,377.4646839245512
rescue_efficiency,20260812,25,1,1,1,72,1,0,1,364.68039472540465
rescue_efficiency,20260812,26,1,1,1,65,1,0,1,355.747170472289
rescue_efficiency,20260812,27,1,1,1,203,4,1,1,394.1030306525532
rescue_efficiency,20260812,28,1,1,1,39,1,0,1,353.9431353512151
rescue_efficiency,20260812,29,1,1,1,52,1,0,1,251.91907119613376
rescue_efficiency,20260812,30,1,1,1,98,2,1,1,351.04745372095874
rescue_efficiency,20260812,31,0,1,0,260,4,0,0,
rescue_efficiency,20260812,32,1,1,1,25,1,0,1,362.06867022508175
rescue_efficiency,20260812,33,1,1,1,58,1,0,1,256.6280644331008
rescue_efficiency,20260812,34,1,1,1,90,2,1,1,299.1886684891957
rescue_efficiency,20260812,35,1,1,1,46,1,0,1,266.1573807750202
rescue_efficiency,20260812,36,1,1,1,57,1,0,1,324.8376051338517
rescue_efficiency,20260812,37,1,1,1,42,1,0,1,347.98468741770586
rescue_efficiency,20260812,38,1,1,1,54,1,0,1,337.8433790388733
rescue_efficiency,20260812,39,1,1,1,85,2,1,1,367.02890707962115
rescue_efficiency,20260812,40,1,1,1,32,1,0,1,278.1284823613233
rescue_efficiency,20260812,41,1,1,1,29,1,0,1,352.60493227565496
rescue_efficiency,20260812,42,1,1,1,67,1,0,1,278.4255791063981
rescue_efficiency,20260812,43,1,1,1,46,1,0,1,355.8190872690061
rescue_efficiency,20260812,44,1,1,1,78,1,0,1,374.5109809590388
rescue_efficiency,20260812,45,1,1,1,97,2,1,1,424.3825492857784
rescue_efficiency,20260812,46,1,1,1,132,2,1,1,452.0625798784469
rescue_efficiency,20260812,47,1,1,1,147,3,1,1,379.4712691254871
rescue_efficiency,20260812,48,1,1,1,40,1,0,1,300.62070260729524
rescue_efficiency,20260812,49,1,1,1,78,1,0,1,347.2896308504803
rescue_efficiency,20260812,50,1,1,1,91,2,1,1,312.55112290980577
rescue_efficiency,20260812,51,1,1,1,73,1,0,1,341.6777989863979
rescue_efficiency,20260812,52,1,1,1,35,1,0,1,307.5429861257976
rescue_efficiency,20260812,53,1,1,1,85,2,1,1,310.8383846219516
rescue_efficiency,20260812,54,1,1,1,94,2,1,1,343.6526672087954
rescue_efficiency,20260812,55,1,1,1,69,1,0,1,314.107895839221
rescue_efficiency,20260812,56,0,0,0,260,4,0,0,
rescue_efficiency,20260812,57,1,1,1,94,2,1,1,348.2680440306341
rescue_efficiency,20260812,58,1,1,1,40,1,0,1,304.479662280756
rescue_efficiency,20260812,59,1,1,1,84,2,1,1,372.9959226608155
rescue_efficiency,20260812,60,1,1,1,71,1,0,1,262.9480413860258
rescue_efficiency,20260812,61,1,1,1,84,2,1,1,282.8782658220695
rescue_efficiency,20260812,62,1,1,1,47,1,0,1,381.922652191224
rescue_efficiency,20260812,63,1,1,1,43,1,0,1,337.6066590009679
rescue_efficiency,20260812,64,1,1,1,93,2,1,1,405.628481375138
rescue_efficiency,20260812,65,1,1,1,70,1,0,1,338.7448027108578
rescue_efficiency,20260812,66,1,1,1,89,2,1,1,405.81918847186864
rescue_efficiency,20260812,67,1,1,1,90,2,1,1,382.8485566634621
rescue_efficiency,20260812,68,1,1,1,64,1,0,1,281.6750355607187
rescue_efficiency,20260812,69,1,1,1,56,1,0,1,397.2619157700177
rescue_efficiency,20260812,70,1,1,1,152,3,1,1,350.44794336087773
rescue_efficiency,20260812,71,1,1,1,39,1,0,1,390.8573419652499
rescue_efficiency,20260812,72,1,1,1,44,1,0,1,389.07129676776026
rescue_efficiency,20260812,73,0,0,0,260,4,0,0,
rescue_efficiency,20260812,74,1,1,1,30,1,0,1,260.9578441178303
rescue_efficiency,20260812,75,1,1,1,59,1,0,1,365.05394629211105
rescue_efficiency,20260812,76,1,1,1,51,1,0,1,376.04166870601057
rescue_efficiency,20260812,77,1,1,1,58,1,0,1,324.72175459653465
rescue_efficiency,20260812,78,0,1,0,260,4,0,0,
rescue_efficiency,20260812,79,1,1,1,82,2,1,1,314.1997788429164
rescue_efficiency,20260812,80,1,1,1,37,1,0,1,298.50540612419945
rescue_efficiency,20260812,81,1,1,1,68,1,0,1,299.96964874497576
rescue_efficiency,20260812,82,1,1,1,92,2,1,1,346.72824036385
rescue_efficiency,20260812,83,1,1,1,55,1,0,1,402.7061646231989
rescue_efficiency,20260812,84,1,1,1,53,1,0,1,377.5669192599738
rescue_efficiency,20260812,85,1,1,1,45,1,0,1,345.3003757549662
rescue_efficiency,20260812,86,1,1,1,87,2,1,1,366.5499577856123
rescue_efficiency,20260812,87,1,1,1,53,1,0,1,323.2065508985331
rescue_efficiency,20260812,88,1,1,1,51,1,0,1,384.02556285709727
rescue_efficiency,20260812,89,1,1,1,38,1,0,1,239.2152209716415
rescue_efficiency,20260812,90,1,1,1,72,1,0,1,282.1951865832182
rescue_efficiency,20260812,91,1,1,1,50,1,0,1,329.46086475425113
rescue_efficiency,20260812,92,1,1,1,86,2,1,1,412.3063890419873
rescue_efficiency,20260812,93,1,1,1,38,1,0,1,330.19757033897815
rescue_efficiency,20260812,94,1,1,1,40,1,0,1,337.4214679300435
rescue_efficiency,20260812,95,1,1,1,42,1,0,1,296.82928429754514
rescue_efficiency,20260812,96,1,1,1,59,1,0,1,336.27600247321385
rescue_efficiency,20260812,97,1,1,1,97,2,1,1,314.8171464760213
rescue_efficiency,20260812,98,1,1,1,74,1,0,1,380.6717199695927
rescue_efficiency,20260812,99,1,1,1,86,2,1,1,322.15098262398834
rescue_efficiency,20260812,100,1,1,1,66,1,0,1,370.31910053239915
rescue_efficiency,20260812,101,1,1,1,57,1,0,1,378.59149632028857
rescue_efficiency,20260812,102,1,1,1,87,2,1,1,369.05348438001454
rescue_efficiency,20260812,103,1,1,1,55,1,0,1,323.4589040723753
rescue_efficiency,20260812,104,1,1,1,18,1,0,1,343.3142640869343
rescue_efficiency,20260812,105,1,1,1,25,1,0,1,322.5199914205882
rescue_efficiency,20260812,106,1,1,1,44,1,0,1,388.049787359275
rescue_efficiency,20260812,107,1,1,1,113,2,1,1,345.5076487236928
rescue_efficiency,20260812,108,1,1,1,89,2,1,1,400.6623887704277
rescue_efficiency,20260812,109,1,1,1,87,2,1,1,334.8221682325051
rescue_efficiency,20260812,110,1,1,1,20,1,0,1,178.17802723350303
rescue_efficiency,20260812,111,1,1,1,51,1,0,1,376.0040433953472
rescue_efficiency,20260812,112,1,1,1,90,2,1,1,295.37533714851816
rescue_efficiency,20260812,113,1,1,1,172,3,1,1,424.7133584478486
rescue_efficiency,20260812,114,1,1,1,68,1,0,1,369.4320986124225
rescue_efficiency,20260812,115,1,1,1,49,1,0,1,369.95991575074925
rescue_efficiency,20260812,116,1,1,1,92,2,1,1,355.24367490999583
rescue_efficiency,20260812,117,1,1,1,103,2,1,1,351.05018390804753
rescue_efficiency,20260812,118,1,1,1,97,2,1,1,438.6505104035599
rescue_efficiency,20260812,119,1,1,1,92,2,1,1,336.40563582353366
rescue_efficiency,20260812,120,1,1,1,45,1,0,1,335.5437562761291
rescue_efficiency,20260812,121,1,1,1,89,2,1,1,363.2829102100947
rescue_efficiency,20260812,122,1,1,1,36,1,0,1,337.59811436141854
rescue_efficiency,20260812,123,1,1,1,36,1,0,1,383.9097460023322
rescue_efficiency,20260812,124,1,1,1,54,1,0,1,356.5403201415652
rescue_efficiency,20260812,125,1,1,1,107,2,1,1,404.9283690025546
rescue_efficiency,20260812,126,1,1,1,19,1,0,1,339.2612061845235
rescue_efficiency,20260812,127,1,1,1,86,2,1,1,326.6256742376564
rescue_efficiency,20260813,0,1,1,1,85,2,1,1,311.2163717908726
rescue_efficiency,20260813,1,1,1,1,30,1,0,1,298.5420052976897
rescue_efficiency,20260813,2,1,1,1,33,1,0,1,385.9427237434696
rescue_efficiency,20260813,3,1,1,1,102,2,1,1,324.1278103584105
rescue_efficiency,20260813,4,1,1,1,61,1,0,1,304.04711867103134
rescue_efficiency,20260813,5,1,1,1,82,2,1,1,247.24684485868386
rescue_efficiency,20260813,6,1,1,1,87,2,1,1,339.89069812783646
rescue_efficiency,20260813,7,1,1,1,43,1,0,1,394.19348589791986
rescue_efficiency,20260813,8,1,1,1,36,1,0,1,344.2857940538105
rescue_efficiency,20260813,9,1,1,1,101,2,1,1,394.35722181976064
rescue_efficiency,20260813,10,1,1,1,158,3,1,1,370.82741316646093
rescue_efficiency,20260813,11,1,1,1,85,2,1,1,267.0102898671581
rescue_efficiency,20260813,12,1,1,1,23,1,0,1,313.457789053994
rescue_efficiency,20260813,13,1,1,1,60,1,0,1,363.217837609478
rescue_efficiency,20260813,14,1,1,1,169,3,1,1,380.7841803320548
rescue_efficiency,20260813,15,1,1,1,91,2,1,1,334.47902611322894
rescue_efficiency,20260813,16,1,1,1,34,1,0,1,328.9926235346122
rescue_efficiency,20260813,17,1,1,1,92,2,1,1,379.5514114797618
rescue_efficiency,20260813,18,1,1,1,69,1,0,1,293.93170668474943
rescue_efficiency,20260813,19,1,1,1,90,2,1,1,392.9187095096409
rescue_efficiency,20260813,20,1,1,1,46,1,0,1,350.9801852196015
rescue_efficiency,20260813,21,1,1,1,64,1,0,1,356.92669674010915
rescue_efficiency,20260813,22,1,1,1,40,1,0,1,341.1810528880711
rescue_efficiency,20260813,23,1,1,1,86,2,1,1,374.12682346870224
rescue_efficiency,20260813,24,1,1,1,39,1,0,1,318.0890737533805
rescue_efficiency,20260813,25,1,1,1,56,1,0,1,396.5143008047463
rescue_efficiency,20260813,26,1,1,1,51,1,0,1,272.41389461076744
rescue_efficiency,20260813,27,1,1,1,20,1,0,1,337.9117540401326
rescue_efficiency,20260813,28,1,1,1,75,1,0,1,281.4216208259206
rescue_efficiency,20260813,29,1,1,1,92,2,1,1,349.39857539006766
rescue_efficiency,20260813,30,1,1,1,85,2,1,1,389.00354349040674
rescue_efficiency,20260813,31,1,1,1,95,2,1,1,335.12234951623304
rescue_efficiency,20260813,32,1,1,1,83,2,1,1,398.82832372595374
rescue_efficiency,20260813,33,1,1,1,60,1,0,1,314.20750160102847
rescue_efficiency,20260813,34,1,1,1,42,1,0,1,310.8515261137434
rescue_efficiency,20260813,35,1,1,1,63,1,0,1,342.0030498557809
rescue_efficiency,20260813,36,1,1,1,86,2,1,1,342.71181803657373
rescue_efficiency,20260813,37,1,1,1,91,2,1,1,253.17292094242535
rescue_efficiency,20260813,38,1,1,1,63,1,0,1,473.4929291223498
rescue_efficiency,20260813,39,1,1,1,91,2,1,1,344.0228300549879
rescue_efficiency,20260813,40,1,1,1,63,1,0,1,277.6947430404066
rescue_efficiency,20260813,41,1,1,1,94,2,1,1,343.0346940464523
rescue_efficiency,20260813,42,1,1,1,36,1,0,1,283.6048254271893
rescue_efficiency,20260813,43,1,1,1,91,2,1,1,276.9884931923949
rescue_efficiency,20260813,44,1,1,1,97,2,1,1,320.7539048107765
rescue_efficiency,20260813,45,1,1,1,84,2,1,1,303.64256628299137
rescue_efficiency,20260813,46,1,1,1,87,2,1,1,281.47846450647944
rescue_efficiency,20260813,47,1,1,1,33,1,0,1,303.3721958020355
rescue_efficiency,20260813,48,1,1,1,67,1,0,1,377.2650130165206
rescue_efficiency,20260813,49,1,1,1,124,2,1,1,375.1552212825719
rescue_efficiency,20260813,50,1,1,1,65,1,0,1,332.54886373299667
rescue_efficiency,20260813,51,1,1,1,39,1,0,1,261.3928486981134
rescue_efficiency,20260813,52,1,1,1,44,1,0,1,289.69835649100384
rescue_efficiency,20260813,53,1,1,1,100,2,1,1,385.5206115049434
rescue_efficiency,20260813,54,1,1,1,93,2,1,1,323.1295423298742
rescue_efficiency,20260813,55,1,1,1,26,1,0,1,294.5939667311917
rescue_efficiency,20260813,56,0,1,0,260,4,0,0,
rescue_efficiency,20260813,57,1,1,1,85,2,1,1,367.8946303124829
rescue_efficiency,20260813,58,1,1,1,89,2,1,1,375.2788678660536
rescue_efficiency,20260813,59,0,1,0,260,4,0,0,
rescue_efficiency,20260813,60,1,1,1,30,1,0,1,304.6898969539345
rescue_efficiency,20260813,61,1,1,1,85,2,1,1,330.88028927723843
rescue_efficiency,20260813,62,1,1,1,68,1,0,1,333.24186483229846
rescue_efficiency,20260813,63,1,1,1,64,1,0,1,341.68610454286585
rescue_efficiency,20260813,64,1,1,1,50,1,0,1,292.3425324906818
rescue_efficiency,20260813,65,1,1,1,155,3,1,1,264.3272853378343
rescue_efficiency,20260813,66,1,1,1,76,1,0,1,376.14079954686486
rescue_efficiency,20260813,67,0,1,0,260,4,0,0,
rescue_efficiency,20260813,68,1,1,1,69,1,0,1,286.4211312880408
rescue_efficiency,20260813,69,1,1,1,20,1,0,1,271.7495234214058
rescue_efficiency,20260813,70,1,1,1,46,1,0,1,362.12330579558125
rescue_efficiency,20260813,71,1,1,1,122,2,1,1,497.25083429636527
rescue_efficiency,20260813,72,1,1,1,90,2,1,1,297.10622321359364
rescue_efficiency,20260813,73,1,1,1,66,1,0,1,300.5574812877429
rescue_efficiency,20260813,74,1,1,1,37,1,0,1,371.52700407469126
rescue_efficiency,20260813,75,1,1,1,90,2,1,1,321.23858366207025
rescue_efficiency,20260813,76,1,1,1,24,1,0,1,244.45089977786057
rescue_efficiency,20260813,77,1,1,1,106,2,1,1,422.63887631225504
rescue_efficiency,20260813,78,1,1,1,45,1,0,1,324.9551268258796
rescue_efficiency,20260813,79,1,1,1,88,2,1,1,305.96176239190356
rescue_efficiency,20260813,80,1,1,1,101,2,1,1,332.9333569128816
rescue_efficiency,20260813,81,1,1,1,25,1,0,1,285.9414971385273
rescue_efficiency,20260813,82,1,1,1,83,2,1,1,335.04006646043536
rescue_efficiency,20260813,83,1,1,1,89,2,1,1,312.32818865141496
rescue_efficiency,20260813,84,1,1,1,37,1,0,1,250.75211346302956
rescue_efficiency,20260813,85,1,1,1,85,2,1,1,380.60493509620846
rescue_efficiency,20260813,86,1,1,1,144,3,1,1,277.62836733500336
rescue_efficiency,20260813,87,1,1,1,99,2,1,1,247.96380954717552
rescue_efficiency,20260813,88,1,1,1,86,2,1,1,286.80022420144905
rescue_efficiency,20260813,89,1,1,1,47,1,0,1,381.53107550864195
rescue_efficiency,20260813,90,1,1,1,30,1,0,1,284.7813793513335
rescue_efficiency,20260813,91,1,1,1,42,1,0,1,260.8548827750357
rescue_efficiency,20260813,92,1,1,1,145,3,1,1,380.59426998177275
rescue_efficiency,20260813,93,1,1,1,27,1,0,1,277.4038351092961
rescue_efficiency,20260813,94,1,1,1,35,1,0,1,295.044544278146
rescue_efficiency,20260813,95,1,1,1,42,1,0,1,360.51243337075067
rescue_efficiency,20260813,96,1,1,1,20,1,0,1,329.8917725814215
rescue_efficiency,20260813,97,1,1,1,95,2,1,1,409.502816114352
rescue_efficiency,20260813,98,1,1,1,92,2,1,1,354.73115080289745
rescue_efficiency,20260813,99,1,1,1,92,2,1,1,352.06881933710025
rescue_efficiency,20260813,100,1,1,1,43,1,0,1,316.7601794550043
rescue_efficiency,20260813,101,1,1,1,17,1,0,1,259.27356483851827
rescue_efficiency,20260813,102,1,1,1,38,1,0,1,353.7628845921156
rescue_efficiency,20260813,103,1,1,1,92,2,1,1,362.9625832082768
rescue_efficiency,20260813,104,1,1,1,92,2,1,1,347.4741212236364
rescue_efficiency,20260813,105,1,1,1,88,2,1,1,296.26145036102787
rescue_efficiency,20260813,106,1,1,1,51,1,0,1,329.8174457674751
rescue_efficiency,20260813,107,1,1,1,90,2,1,1,433.8723178533793
rescue_efficiency,20260813,108,1,1,1,33,1,0,1,242.11451747161775
rescue_efficiency,20260813,109,0,1,0,260,4,0,0,
rescue_efficiency,20260813,110,1,1,1,68,1,0,1,367.9781547416666
rescue_efficiency,20260813,111,0,1,0,260,4,0,0,
rescue_efficiency,20260813,112,1,1,1,52,1,0,1,380.11819525561873
rescue_efficiency,20260813,113,1,1,1,49,1,0,1,255.4725696447686
rescue_efficiency,20260813,114,1,1,1,59,1,0,1,367.7920592632123
rescue_efficiency,20260813,115,1,1,1,108,2,1,1,346.26033845960916
rescue_efficiency,20260813,116,1,1,1,83,2,1,1,323.6647937935358
rescue_efficiency,20260813,117,1,1,1,52,1,0,1,310.99807886397264
rescue_efficiency,20260813,118,1,1,1,28,1,0,1,321.52925021588663
rescue_efficiency,20260813,119,1,1,1,52,1,0,1,347.3831687824045
rescue_efficiency,20260813,120,1,1,1,96,2,1,1,318.4304062335962
rescue_efficiency,20260813,121,1,1,1,84,2,1,1,444.83702378583257
rescue_efficiency,20260813,122,1,1,1,61,1,0,1,286.53055185673327
rescue_efficiency,20260813,123,1,1,1,53,1,0,1,285.23713734113096
rescue_efficiency,20260813,124,1,1,1,73,1,0,1,317.967363033831
rescue_efficiency,20260813,125,1,1,1,85,2,1,1,293.99070507343333
rescue_efficiency,20260813,126,1,1,1,75,1,0,1,341.034180686038
rescue_efficiency,20260813,127,1,1,1,88,2,1,1,302.51769792097923
