configuration,policy,state_percentile,shot,syndrome_converged,logically_correct,logical_classification_agrees_with_float,correction_hamming_distance,iterations,relay_legs,relay_legs_agree_with_float,edge_saturation,state_saturation,guard_saturation,state_deliberately_clipped,state_clip_candidates,state_nonzero_to_zero,state_value_count,edge_nonzero_to_zero,edge_value_count,edge_exponent_min,edge_exponent_max,state_exponent_min,state_exponent_max,threshold_bucket_equal,threshold_bucket_above
balanced,A_max,,0,1,1,1,32,157,3,0,0,0,0,0,21274128,3898848,21274128,391320,122874480,0,33,0,33,203871,0
balanced,A_max,,1,1,1,1,34,184,3,0,0,0,0,0,24932736,3090062,24932736,391320,144005760,0,27,0,27,312746,0
balanced,A_max,,2,1,1,1,52,232,4,0,0,0,0,0,31436928,739055,31436928,0,181572480,0,6,0,6,139469,0
balanced,A_max,,3,1,1,1,56,183,3,0,0,0,0,0,24797232,3700128,24797232,391320,143223120,0,30,0,30,199259,0
balanced,A_max,,4,1,1,1,25,230,4,0,0,0,0,0,31165920,4164530,31165920,391320,180007200,0,33,0,33,261645,0
balanced,A_max,,5,1,1,1,30,133,2,0,0,0,0,0,18022032,3100329,18022032,391320,104091120,0,26,0,26,176542,0
balanced,A_max,,6,1,1,1,32,18,1,1,0,0,0,0,2439072,142,2439072,0,14087520,0,2,0,2,61722,0
balanced,A_max,,7,1,1,1,41,190,3,0,0,0,0,0,25745760,3680078,25745760,391320,148701600,0,9,0,9,105380,0
balanced,A_max,,8,1,1,1,40,153,3,0,0,0,0,0,20732112,3726073,20732112,391320,119743920,0,28,0,28,270026,0
balanced,A_max,,9,1,1,1,26,227,4,0,0,0,0,0,30759408,3678095,30759408,391320,177659280,0,30,0,30,243921,0
balanced,A_max,,10,1,1,1,58,249,4,0,0,0,0,0,33740496,2641770,33740496,391320,194877360,0,8,0,8,157756,0
balanced,A_max,,11,1,1,1,47,310,5,0,0,0,0,0,42006240,3417897,42006240,391320,242618400,0,29,0,29,261638,0
balanced,A_max,,12,1,1,1,42,131,2,0,0,0,0,0,17751024,2506828,17751024,391320,102525840,0,9,0,9,125490,0
balanced,A_max,,13,1,1,1,60,239,4,0,0,0,0,0,32385456,3423414,32385456,391320,187050960,0,24,0,24,195303,0
balanced,A_max,,14,1,1,1,39,163,3,0,0,0,0,0,22087152,3570596,22087152,391320,127570320,0,29,0,29,154909,0
balanced,A_max,,15,1,1,1,61,482,8,0,0,0,0,0,65312928,744964,65312928,391320,377232480,0,7,0,7,241000,0
balanced,A_max,,16,1,1,1,33,154,3,0,0,0,0,0,20867616,3343729,20867616,391320,120526560,0,29,0,29,196476,0
balanced,A_max,,17,1,1,1,38,173,3,0,0,0,0,0,23442192,3997857,23442192,391320,135396720,0,33,0,33,313607,0
balanced,A_max,,18,1,1,1,84,353,6,0,0,0,0,0,47832912,3438575,47832912,391320,276271920,0,27,0,27,218532,0
balanced,A_max,,19,1,1,1,54,181,3,0,0,0,0,0,24526224,3700949,24526224,391320,141657840,0,30,0,30,169398,0
balanced,A_max,,20,1,1,1,20,186,3,0,0,0,0,0,25203744,2288234,25203744,391320,145571040,0,11,0,11,113093,0
balanced,A_max,,21,1,1,1,14,130,2,0,0,0,0,0,17615520,4120824,17615520,391320,101743200,0,33,0,33,291183,0
balanced,A_max,,22,1,1,1,21,127,2,0,0,0,0,0,17209008,4014746,17209008,391320,99395280,0,32,0,32,153698,0
balanced,A_max,,23,1,1,1,29,140,2,0,0,0,0,0,18970560,1175211,18970560,391320,109569600,0,9,0,9,83326,0
balanced,A_max,,24,1,1,1,30,170,3,0,0,0,0,0,23035680,3565724,23035680,391320,133048800,0,29,0,29,254903,0
balanced,A_max,,25,1,1,1,26,135,2,0,0,0,0,0,18293040,900502,18293040,391320,105656400,0,8,0,8,85310,0
balanced,A_max,,26,1,1,1,58,161,3,0,0,0,0,0,21816144,3519268,21816144,391320,126005040,0,30,0,30,333900,0
balanced,A_max,,27,1,1,1,25,137,2,0,0,0,0,0,18564048,3719854,18564048,391320,107221680,0,29,0,29,160911,0
balanced,A_max,,28,1,1,1,17,241,4,1,0,0,0,0,32656464,3677239,32656464,391320,188616240,0,30,0,30,288404,0
balanced,A_max,,29,1,1,1,29,232,4,0,0,0,0,0,31436928,4101049,31436928,391320,181572480,0,31,0,31,184171,0
balanced,A_max,,30,1,1,1,7,18,1,1,0,0,0,0,2439072,122,2439072,0,14087520,0,2,0,2,73034,0
balanced,A_max,,31,1,1,1,16,140,2,0,0,0,0,0,18970560,3955514,18970560,391320,109569600,0,32,0,32,212865,0
balanced,A_max,,32,1,1,1,36,247,4,0,0,0,0,0,33469488,4089393,33469488,391320,193312080,0,33,0,33,315983,0
balanced,A_max,,33,1,1,1,7,14,1,1,0,0,0,0,1897056,108,1897056,0,10956960,0,1,0,1,47913,0
balanced,A_max,,34,1,1,1,47,213,4,1,0,0,0,0,28862352,3875145,28862352,391320,166702320,0,31,0,31,346571,0
balanced,A_max,,35,1,1,1,37,194,3,0,0,0,0,0,26287776,3595157,26287776,391320,151832160,0,27,0,27,637512,0
balanced,A_max,,36,1,1,1,30,132,2,0,0,0,0,0,17886528,2886029,17886528,391320,103308480,0,24,0,24,93841,0
balanced,A_max,,37,1,1,0,59,432,7,0,0,0,0,0,58537728,1723320,58537728,391320,338100480,0,6,0,6,174335,0
balanced,A_max,,38,1,1,1,57,132,2,0,0,0,0,0,17886528,2655188,17886528,391320,103308480,0,23,0,23,127466,0
balanced,A_max,,39,1,1,1,41,129,2,0,0,0,0,0,17480016,3378518,17480016,391320,100960560,0,28,0,28,175023,0
balanced,A_max,,40,1,1,1,30,140,2,0,0,0,0,0,18970560,3669236,18970560,391320,109569600,0,30,0,30,178407,0
balanced,A_max,,41,1,1,1,20,135,2,0,0,0,0,0,18293040,3892469,18293040,391320,105656400,0,31,0,31,261965,0
balanced,A_max,,42,1,1,1,48,260,4,0,0,0,0,0,35231040,3265575,35231040,391320,203486400,0,28,0,28,241583,0
balanced,A_max,,43,1,1,1,12,19,1,1,0,0,0,0,2574576,181,2574576,0,14870160,0,3,0,3,55569,0
balanced,A_max,,44,1,1,1,50,131,2,0,0,0,0,0,17751024,1935893,17751024,391320,102525840,0,10,0,10,74960,0
balanced,A_max,,45,1,1,1,23,165,3,0,0,0,0,0,22358160,3860853,22358160,391320,129135600,0,32,0,32,345076,0
balanced,A_max,,46,1,1,1,51,214,4,0,0,0,0,0,28997856,310478,28997856,391320,167484960,0,6,0,6,125279,0
balanced,A_max,,47,1,1,1,14,163,3,0,0,0,0,0,22087152,1109729,22087152,391320,127570320,0,8,0,8,111288,0
balanced,A_max,,48,1,1,1,42,111,2,0,0,0,0,0,15040944,277100,15040944,0,86873040,0,6,0,6,96905,0
balanced,A_max,,49,1,1,1,45,129,2,0,0,0,0,0,17480016,2852186,17480016,391320,100960560,0,25,0,25,161882,0
balanced,A_max,,50,1,1,1,31,113,2,0,0,0,0,0,15311952,2898980,15311952,391320,88438320,0,10,0,10,115010,0
balanced,A_max,,51,1,1,1,9,17,1,1,0,0,0,0,2303568,117,2303568,0,13304880,0,1,0,1,64773,0
balanced,A_max,,52,1,1,1,17,19,1,1,0,0,0,0,2574576,148,2574576,0,14870160,0,3,0,3,53875,0
balanced,A_max,,53,1,1,1,43,395,7,0,0,0,0,0,53524080,3587265,53524080,391320,309142800,0,25,0,25,241023,0
balanced,A_max,,54,1,1,1,41,164,3,0,0,0,0,0,22222656,3217117,22222656,391320,128352960,0,25,0,25,180020,0
balanced,A_max,,55,1,1,1,48,140,2,0,0,0,0,0,18970560,3594995,18970560,391320,109569600,0,30,0,30,225817,0
balanced,A_max,,56,1,1,1,28,175,3,1,0,0,0,0,23713200,3727695,23713200,391320,136962000,0,30,0,30,143556,0
balanced,A_max,,57,1,1,1,31,138,2,0,0,0,0,0,18699552,3834022,18699552,391320,108004320,0,32,0,32,169120,0
balanced,A_max,,58,1,1,1,39,233,4,0,0,0,0,0,31572432,3809251,31572432,391320,182355120,0,31,0,31,262309,0
balanced,A_max,,59,1,1,1,70,166,3,0,0,0,0,0,22493664,1516120,22493664,391320,129918240,0,13,0,13,115728,0
balanced,A_max,,60,1,1,1,26,179,3,0,0,0,0,0,24255216,3902732,24255216,391320,140092560,0,30,0,30,161465,0
balanced,A_max,,61,1,1,1,38,248,4,1,0,0,0,0,33604992,3437234,33604992,391320,194094720,0,26,0,26,194074,0
balanced,A_max,,62,1,1,1,37,180,3,0,0,0,0,0,24390720,3273822,24390720,391320,140875200,0,27,0,27,168231,0
balanced,A_max,,63,1,1,1,29,109,2,0,0,0,0,0,14769936,256613,14769936,0,85307760,0,5,0,5,76367,0
balanced,A_max,,64,1,1,1,21,133,2,0,0,0,0,0,18022032,3743380,18022032,391320,104091120,0,27,0,27,169995,0
balanced,A_max,,65,1,1,1,12,15,1,1,0,0,0,0,2032560,109,2032560,0,11739600,0,1,0,1,96782,0
balanced,A_max,,66,1,1,1,26,140,2,0,0,0,0,0,18970560,3617434,18970560,391320,109569600,0,30,0,30,155313,0
balanced,A_max,,67,1,1,1,39,137,2,0,0,0,0,0,18564048,3834029,18564048,391320,107221680,0,30,0,30,195428,0
balanced,A_max,,68,1,1,1,28,165,3,0,0,0,0,0,22358160,3949585,22358160,391320,129135600,0,28,0,28,196313,0
balanced,A_max,,69,1,1,1,38,253,4,0,0,0,0,0,34282512,3298622,34282512,391320,198007920,0,28,0,28,202008,0
balanced,A_max,,70,1,1,1,32,349,6,0,0,0,0,0,47290896,3196741,47290896,391320,273141360,0,25,0,25,198383,0
balanced,A_max,,71,1,1,1,18,171,3,0,0,0,0,0,23171184,3978719,23171184,391320,133831440,0,32,0,32,218904,0
balanced,A_max,,72,1,1,1,26,134,2,0,0,0,0,0,18157536,3484742,18157536,391320,104873760,0,29,0,29,243551,0
balanced,A_max,,73,1,1,1,32,118,2,0,0,0,0,0,15989472,916355,15989472,391320,92351520,0,8,0,8,79918,0
balanced,A_max,,74,1,1,1,35,107,2,0,0,0,0,0,14498928,1610076,14498928,391320,83742480,0,10,0,10,60964,0
balanced,A_max,,75,1,1,1,29,133,2,1,0,0,0,0,18022032,3456751,18022032,391320,104091120,0,29,0,29,159644,0
balanced,A_max,,76,1,1,1,44,187,3,0,0,0,0,0,25339248,3508185,25339248,391320,146353680,0,29,0,29,218382,0
balanced,A_max,,77,1,1,1,38,161,3,0,0,0,0,0,21816144,3396683,21816144,391320,126005040,0,27,0,27,169730,0
balanced,A_max,,78,1,1,1,26,194,3,0,0,0,0,0,26287776,3922458,26287776,391320,151832160,0,32,0,32,269014,0
balanced,A_max,,79,1,1,1,24,128,2,0,0,0,0,0,17344512,3674130,17344512,391320,100177920,0,31,0,31,163376,0
balanced,A_max,,80,1,1,1,50,160,3,0,0,0,0,0,21680640,3741029,21680640,391320,125222400,0,30,0,30,144593,0
balanced,A_max,,81,1,1,1,50,179,3,0,0,0,0,0,24255216,3245790,24255216,391320,140092560,0,27,0,27,152508,0
balanced,A_max,,82,1,1,1,25,341,6,0,0,0,0,0,46206864,1177442,46206864,391320,266880240,0,8,0,8,143113,0
balanced,A_max,,83,1,1,1,28,134,2,0,0,0,0,0,18157536,3387877,18157536,391320,104873760,0,29,0,29,186804,0
balanced,A_max,,84,1,1,1,48,169,3,0,0,0,0,0,22900176,3174477,22900176,391320,132266160,0,26,0,26,157904,0
balanced,A_max,,85,1,1,1,32,162,3,0,0,0,0,0,21951648,4173218,21951648,391320,126787680,0,30,0,30,256467,0
balanced,A_max,,86,1,1,1,31,239,4,0,0,0,0,0,32385456,4041445,32385456,391320,187050960,0,32,0,32,172810,0
balanced,A_max,,87,1,1,1,24,153,3,1,0,0,0,0,20732112,3575235,20732112,391320,119743920,0,9,0,9,117954,0
balanced,A_max,,88,1,1,1,23,19,1,1,0,0,0,0,2574576,160,2574576,0,14870160,0,2,0,2,64818,0
balanced,A_max,,89,1,1,1,38,168,3,0,0,0,0,0,22764672,3716888,22764672,391320,131483520,0,30,0,30,212847,0
balanced,A_max,,90,1,1,1,24,149,3,0,0,0,0,0,20190096,3785529,20190096,391320,116613360,0,31,0,31,181096,0
balanced,A_max,,91,1,1,1,71,241,4,0,0,0,0,0,32656464,2981354,32656464,391320,188616240,0,24,0,24,269847,0
balanced,A_max,,92,1,1,1,43,128,2,0,0,0,0,0,17344512,919512,17344512,0,100177920,0,7,0,7,81714,0
balanced,A_max,,93,1,1,1,22,128,2,0,0,0,0,0,17344512,3342103,17344512,391320,100177920,0,28,0,28,176853,0
balanced,A_max,,94,1,1,1,30,23,1,1,0,0,0,0,3116592,285,3116592,0,18000720,0,3,0,3,53890,0
balanced,A_max,,95,1,1,1,22,131,2,0,0,0,0,0,17751024,3818016,17751024,391320,102525840,0,30,0,30,238084,0
balanced,A_max,,96,1,1,1,35,180,3,0,0,0,0,0,24390720,3820774,24390720,391320,140875200,0,31,0,31,190745,0
balanced,A_max,,97,1,1,1,47,164,3,0,0,0,0,0,22222656,4850243,22222656,391320,128352960,0,28,0,28,189462,0
balanced,A_max,,98,1,1,1,26,21,1,1,0,0,0,0,2845584,220,2845584,0,16435440,0,4,0,4,71388,0
balanced,A_max,,99,1,1,1,35,140,2,0,0,0,0,0,18970560,3412947,18970560,391320,109569600,0,28,0,28,136059,0
balanced,A_max,,100,1,1,1,53,136,2,0,0,0,0,0,18428544,3348537,18428544,391320,106439040,0,29,0,29,180436,0
balanced,A_max,,101,1,1,1,26,122,2,0,0,0,0,0,16531488,1872802,16531488,391320,95482080,0,12,0,12,77064,0
balanced,A_max,,102,1,1,1,25,172,3,0,0,0,0,0,23306688,4110369,23306688,391320,134614080,0,33,0,33,154904,0
balanced,A_max,,103,1,1,1,45,303,5,0,0,0,0,0,41057712,3426378,41057712,391320,237139920,0,29,0,29,162710,0
balanced,A_max,,104,1,1,1,41,132,2,0,0,0,0,0,17886528,3643071,17886528,391320,103308480,0,30,0,30,213881,0
balanced,A_max,,105,1,1,1,48,485,8,0,0,0,0,0,65719440,3665081,65719440,391320,379580400,0,29,0,29,256028,0
balanced,A_max,,106,1,1,1,32,128,2,0,0,0,0,0,17344512,1593410,17344512,391320,100177920,0,11,0,11,99374,0
balanced,A_max,,107,1,1,1,34,169,3,0,0,0,0,0,22900176,1436025,22900176,391320,132266160,0,9,0,9,144420,0
balanced,A_max,,108,1,1,1,32,18,1,0,0,0,0,0,2439072,165,2439072,0,14087520,0,1,0,1,52997,0
balanced,A_max,,109,1,1,1,46,108,2,0,0,0,0,0,14634432,3024889,14634432,391320,84525120,0,10,0,10,60061,0
balanced,A_max,,110,1,1,1,56,313,5,0,0,0,0,0,42412752,3769516,42412752,391320,244966320,0,26,0,26,215592,0
balanced,A_max,,111,1,1,1,47,178,3,0,0,0,0,0,24119712,555903,24119712,391320,139309920,0,7,0,7,83568,0
balanced,A_max,,112,1,1,1,46,248,4,0,0,0,0,0,33604992,3552204,33604992,391320,194094720,0,29,0,29,163861,0
balanced,A_max,,113,1,1,1,45,132,2,0,0,0,0,0,17886528,3620268,17886528,391320,103308480,0,29,0,29,191517,0
balanced,A_max,,114,1,1,1,40,240,4,0,0,0,0,0,32520960,3468132,32520960,391320,187833600,0,29,0,29,170563,0
balanced,A_max,,115,1,1,1,24,111,2,0,0,0,0,0,15040944,804496,15040944,391320,86873040,0,8,0,8,71521,0
balanced,A_max,,116,1,1,1,33,166,3,0,0,0,0,0,22493664,3989319,22493664,391320,129918240,0,33,0,33,294912,0
balanced,A_max,,117,1,1,1,46,177,3,0,0,0,0,0,23984208,3658574,23984208,391320,138527280,0,29,0,29,159740,0
balanced,A_max,,118,1,1,1,18,23,1,1,0,0,0,0,3116592,204,3116592,0,18000720,0,3,0,3,60656,0
balanced,A_max,,119,1,1,1,34,133,2,0,0,0,0,0,18022032,3637806,18022032,391320,104091120,0,10,0,10,116249,0
balanced,A_max,,120,1,1,1,16,182,3,0,0,0,0,0,24661728,3711330,24661728,391320,142440480,0,31,0,31,266179,0
balanced,A_max,,121,1,1,1,59,172,3,0,0,0,0,0,23306688,3277793,23306688,391320,134614080,0,29,0,29,181693,0
balanced,A_max,,122,1,1,1,29,138,2,0,0,0,0,0,18699552,3996191,18699552,391320,108004320,0,31,0,31,180294,0
balanced,A_max,,123,1,1,1,13,21,1,1,0,0,0,0,2845584,192,2845584,0,16435440,0,3,0,3,50250,0
balanced,A_max,,124,1,1,1,35,366,6,0,0,0,0,0,49594464,3726159,49594464,391320,286446240,0,31,0,31,289949,0
balanced,A_max,,125,1,1,1,13,21,1,1,0,0,0,0,2845584,181,2845584,0,16435440,0,3,0,3,61552,0
balanced,A_max,,126,1,1,1,30,140,2,0,0,0,0,0,18970560,3342933,18970560,391320,109569600,0,29,0,29,217926,0
balanced,A_max,,127,1,1,1,63,135,2,0,0,0,0,0,18293040,3172900,18293040,391320,105656400,0,9,0,9,81527,0
balanced,B_p99p9,99.9,0,1,1,1,42,151,3,0,0,0,0,19671,20461104,3814089,20461104,391320,118178640,0,33,0,33,394196,764
balanced,B_p99p9,99.9,1,1,1,1,33,171,3,0,0,0,0,21602,23171184,2620977,23171184,391320,133831440,0,26,0,26,443327,1642
balanced,B_p99p9,99.9,2,1,1,1,30,696,12,0,0,0,0,91056,94310784,3217945,94310784,391320,544717440,0,24,0,24,1712688,4408
balanced,B_p99p9,99.9,3,1,1,1,46,310,5,0,0,0,0,40502,42006240,3558021,42006240,391320,242618400,0,30,0,30,973369,4126
balanced,B_p99p9,99.9,4,1,1,1,26,156,3,0,0,0,0,19679,21138624,3860636,21138624,391320,122091840,0,33,0,33,469817,697
balanced,B_p99p9,99.9,5,1,1,1,22,116,2,0,0,0,0,15609,15718464,226166,15718464,391320,90786240,0,6,0,6,258734,1851
balanced,B_p99p9,99.9,6,1,1,1,35,225,4,0,0,0,0,29491,30488400,3524888,30488400,391320,176094000,0,31,0,31,620127,1904
balanced,B_p99p9,99.9,7,1,1,1,35,163,3,0,0,0,0,21930,22087152,3243809,22087152,391320,127570320,0,9,0,9,342180,2482
balanced,B_p99p9,99.9,8,1,1,1,49,242,4,0,0,0,0,32286,32791968,3327934,32791968,391320,189398880,0,28,0,28,823918,4343
balanced,B_p99p9,99.9,9,1,1,1,39,471,8,0,0,0,0,62482,63822384,3646545,63822384,391320,368623440,0,30,0,30,1277850,5736
balanced,B_p99p9,99.9,10,1,1,1,44,135,2,0,0,0,0,14221,18293040,3501129,18293040,391320,105656400,0,25,0,25,389804,1398
balanced,B_p99p9,99.9,11,1,1,1,39,161,3,0,0,0,0,20035,21816144,3190603,21816144,391320,126005040,0,29,0,29,502202,913
balanced,B_p99p9,99.9,12,1,1,1,45,110,2,0,0,0,0,14708,14905440,2514339,14905440,391320,86090400,0,10,0,10,262466,1653
balanced,B_p99p9,99.9,13,1,1,1,53,117,2,0,0,0,0,15653,15853968,1150024,15853968,391320,91568880,0,8,0,8,222674,2118
balanced,B_p99p9,99.9,14,1,1,1,27,20,1,1,0,0,0,2572,2710080,235,2710080,0,15652800,0,2,0,1,67491,245
balanced,B_p99p9,99.9,15,1,1,1,59,121,2,0,0,0,0,16256,16395984,152276,16395984,391320,94699440,0,7,0,6,245147,1181
balanced,B_p99p9,99.9,16,1,1,1,32,136,2,0,0,0,0,17592,18428544,3226480,18428544,391320,106439040,0,29,0,29,367713,825
balanced,B_p99p9,99.9,17,1,1,1,41,175,3,0,0,0,0,23135,23713200,3836713,23713200,391320,136962000,0,33,0,33,597782,954
balanced,B_p99p9,99.9,18,1,1,1,65,231,4,0,0,0,0,30143,31301424,3348875,31301424,391320,180789840,0,29,0,29,631449,2255
balanced,B_p99p9,99.9,19,1,1,1,16,23,1,1,0,0,0,2981,3116592,200,3116592,0,18000720,0,2,0,2,110110,166
balanced,B_p99p9,99.9,20,1,1,1,17,158,3,0,0,0,0,20344,21409632,3399115,21409632,391320,123657120,0,29,0,29,386559,1410
balanced,B_p99p9,99.9,21,1,1,1,0,15,1,1,0,0,0,1873,2032560,75,2032560,0,11739600,0,2,0,1,118854,322
balanced,B_p99p9,99.9,22,1,1,1,29,137,2,0,0,0,0,16858,18564048,3810500,18564048,391320,107221680,0,32,0,32,324234,1133
balanced,B_p99p9,99.9,23,1,1,1,33,165,3,0,0,0,0,20694,22358160,3145164,22358160,391320,129135600,0,28,0,28,526358,1590
balanced,B_p99p9,99.9,24,1,1,1,27,137,2,0,0,0,0,17941,18564048,3437990,18564048,391320,107221680,0,29,0,29,393902,711
balanced,B_p99p9,99.9,25,1,1,1,22,166,3,0,0,0,0,21862,22493664,3443132,22493664,391320,129918240,0,29,0,29,477864,1344
balanced,B_p99p9,99.9,26,1,1,1,48,163,3,0,0,0,0,21630,22087152,3360585,22087152,391320,127570320,0,29,0,29,494740,654
balanced,B_p99p9,99.9,27,1,1,1,24,139,2,0,0,0,0,18463,18835056,3464628,18835056,391320,108786960,0,31,0,31,323035,1369
balanced,B_p99p9,99.9,28,1,1,1,27,199,3,0,0,0,0,25756,26965296,3516374,26965296,391320,155745360,0,31,0,31,550501,1902
balanced,B_p99p9,99.9,29,1,1,1,54,180,3,0,0,0,0,23741,24390720,3753693,24390720,391320,140875200,0,31,0,31,417514,2298
balanced,B_p99p9,99.9,30,1,1,1,7,18,1,1,0,0,0,2291,2439072,117,2439072,0,14087520,0,2,0,2,159033,305
balanced,B_p99p9,99.9,31,1,1,1,13,158,3,0,0,0,0,18957,21409632,3874448,21409632,391320,123657120,0,32,0,32,487151,884
balanced,B_p99p9,99.9,32,1,1,1,24,159,3,0,0,0,0,20529,21545136,3947912,21545136,391320,124439760,0,33,0,33,457896,431
balanced,B_p99p9,99.9,33,1,1,1,7,14,1,1,0,0,0,1748,1897056,106,1897056,0,10956960,0,1,0,0,91671,74
balanced,B_p99p9,99.9,34,1,1,1,41,183,3,0,0,0,0,23574,24797232,3827693,24797232,391320,143223120,0,30,0,30,588978,957
balanced,B_p99p9,99.9,35,1,1,1,43,233,4,0,0,0,0,30389,31572432,3179301,31572432,391320,182355120,0,27,0,27,961280,1533
balanced,B_p99p9,99.9,36,1,1,1,28,28,1,1,0,0,0,3643,3794112,347,3794112,0,21913920,0,3,0,3,82806,276
balanced,B_p99p9,99.9,37,1,1,0,63,419,7,0,0,0,0,56602,56776176,598249,56776176,391320,327926160,0,7,0,6,942706,7231
balanced,B_p99p9,99.9,38,1,1,1,54,245,4,0,0,0,0,32879,33198480,1095719,33198480,391320,191746800,0,10,0,9,572385,4861
balanced,B_p99p9,99.9,39,1,1,1,30,133,2,0,0,0,0,17037,18022032,3154532,18022032,391320,104091120,0,28,0,28,346512,614
balanced,B_p99p9,99.9,40,1,1,1,24,162,3,0,0,0,0,21552,21951648,3514993,21951648,391320,126787680,0,31,0,31,428699,926
balanced,B_p99p9,99.9,41,1,1,1,17,155,3,0,0,0,0,19980,21003120,3852201,21003120,391320,121309200,0,31,0,31,553472,1549
balanced,B_p99p9,99.9,42,1,1,1,37,432,7,0,0,0,0,58317,58537728,1793652,58537728,391320,338100480,0,9,0,9,1038654,6154
balanced,B_p99p9,99.9,43,1,1,1,23,138,2,0,0,0,0,17770,18699552,3659865,18699552,391320,108004320,0,32,0,32,392759,678
balanced,B_p99p9,99.9,44,1,1,1,33,173,3,0,0,0,0,23246,23442192,1832517,23442192,391320,135396720,0,12,0,11,362555,2529
balanced,B_p99p9,99.9,45,1,1,1,10,17,1,1,0,0,0,2148,2303568,96,2303568,0,13304880,0,2,0,1,136098,234
balanced,B_p99p9,99.9,46,1,1,1,36,223,4,0,0,0,0,29187,30217392,2626226,30217392,391320,174528720,0,26,0,26,499825,1169
balanced,B_p99p9,99.9,47,1,1,1,26,177,3,0,0,0,0,23825,23984208,154461,23984208,391320,138527280,0,5,0,5,404600,1751
balanced,B_p99p9,99.9,48,1,1,1,39,224,4,0,0,0,0,29288,30352896,2694127,30352896,391320,175311360,0,25,0,25,678914,3401
balanced,B_p99p9,99.9,49,1,1,1,35,280,5,0,0,0,0,36713,37941120,2850954,37941120,391320,219139200,0,27,0,27,823810,3129
balanced,B_p99p9,99.9,50,1,1,1,40,110,2,0,0,0,0,14661,14905440,1187033,14905440,391320,86090400,0,12,0,11,314819,1744
balanced,B_p99p9,99.9,51,1,1,1,9,17,1,1,0,0,0,2153,2303568,117,2303568,0,13304880,0,1,0,1,113800,209
balanced,B_p99p9,99.9,52,1,1,1,26,255,4,0,0,0,0,32911,34553520,3897526,34553520,391320,199573200,0,32,0,32,730899,2508
balanced,B_p99p9,99.9,53,1,1,1,49,229,4,0,0,0,0,29499,31030416,2691398,31030416,391320,179224560,0,26,0,26,535554,2116
balanced,B_p99p9,99.9,54,1,1,1,34,115,2,0,0,0,0,15304,15582960,1203823,15582960,391320,90003600,0,12,0,12,258321,1811
balanced,B_p99p9,99.9,55,1,1,1,43,132,2,0,0,0,0,17066,17886528,3413419,17886528,391320,103308480,0,30,0,30,479029,1023
balanced,B_p99p9,99.9,56,1,1,1,23,132,2,0,0,0,0,17121,17886528,3536290,17886528,391320,103308480,0,31,0,31,424258,843
balanced,B_p99p9,99.9,57,1,1,1,29,135,2,0,0,0,0,16647,18293040,3667368,18293040,391320,105656400,0,32,0,32,346441,918
balanced,B_p99p9,99.9,58,1,1,1,45,192,3,0,0,0,0,24366,26016768,3616762,26016768,391320,150266880,0,32,0,32,461100,1309
balanced,B_p99p9,99.9,59,1,1,1,47,125,2,0,0,0,0,16737,16938000,810246,16938000,391320,97830000,0,10,0,10,268705,2050
balanced,B_p99p9,99.9,60,1,1,1,20,157,3,0,0,0,0,19690,21274128,4159583,21274128,391320,122874480,0,30,0,30,365334,792
balanced,B_p99p9,99.9,61,1,1,1,49,198,3,0,0,0,0,26658,26829792,1579722,26829792,391320,154962720,0,10,0,10,336313,2993
balanced,B_p99p9,99.9,62,1,1,1,26,174,3,0,0,0,0,23337,23577696,2202070,23577696,391320,136179360,0,11,0,10,401432,2189
balanced,B_p99p9,99.9,63,1,1,1,39,124,2,0,0,0,0,16684,16802496,130204,16802496,391320,97047360,0,6,0,6,259910,1767
balanced,B_p99p9,99.9,64,1,1,1,17,163,3,0,0,0,0,21500,22087152,3128404,22087152,391320,127570320,0,29,0,29,432284,861
balanced,B_p99p9,99.9,65,1,1,1,12,15,1,1,0,0,0,1885,2032560,109,2032560,0,11739600,0,1,0,1,134815,116
balanced,B_p99p9,99.9,66,1,1,1,28,138,2,0,0,0,0,17887,18699552,3509951,18699552,391320,108004320,0,31,0,30,352763,840
balanced,B_p99p9,99.9,67,1,1,1,37,138,2,0,0,0,0,18244,18699552,3600987,18699552,391320,108004320,0,30,0,30,372712,923
balanced,B_p99p9,99.9,68,1,1,1,41,129,2,0,0,0,0,17318,17480016,2260353,17480016,391320,100960560,0,9,0,9,311413,1117
balanced,B_p99p9,99.9,69,1,1,1,30,169,3,0,0,0,0,21383,22900176,3289584,22900176,391320,132266160,0,29,0,29,397405,845
balanced,B_p99p9,99.9,70,1,1,1,29,157,3,0,0,0,0,19812,21274128,2953082,21274128,391320,122874480,0,28,0,28,444665,1320
balanced,B_p99p9,99.9,71,1,1,1,25,212,4,0,0,0,0,27240,28726848,3763245,28726848,391320,165919680,0,32,0,32,691996,3249
balanced,B_p99p9,99.9,72,1,1,1,25,27,1,1,0,0,0,3515,3658608,310,3658608,0,21131280,0,4,0,4,84829,267
balanced,B_p99p9,99.9,73,1,1,1,36,181,3,0,0,0,0,22910,24526224,3264614,24526224,391320,141657840,0,29,0,29,502379,1351
balanced,B_p99p9,99.9,74,1,1,1,46,137,2,0,0,0,0,17563,18564048,2797995,18564048,391320,107221680,0,26,0,26,299122,1126
balanced,B_p99p9,99.9,75,1,1,1,46,161,3,0,0,0,0,20444,21816144,3627443,21816144,391320,126005040,0,28,0,28,467972,1689
balanced,B_p99p9,99.9,76,1,1,1,30,134,2,0,0,0,0,16541,18157536,2881258,18157536,391320,104873760,0,25,0,25,393991,1148
balanced,B_p99p9,99.9,77,1,1,1,4,127,2,0,0,0,0,15654,17209008,3283546,17209008,391320,99395280,0,30,0,30,370292,943
balanced,B_p99p9,99.9,78,1,1,1,39,139,2,1,0,0,0,18297,18835056,3746946,18835056,391320,108786960,0,32,0,32,471914,925
balanced,B_p99p9,99.9,79,1,1,1,19,157,3,0,0,0,0,19451,21274128,3606660,21274128,391320,122874480,0,32,0,32,508737,1468
balanced,B_p99p9,99.9,80,1,1,1,49,163,3,0,0,0,0,20742,22087152,3463096,22087152,391320,127570320,0,30,0,29,413602,1167
balanced,B_p99p9,99.9,81,1,1,1,32,175,3,0,0,0,0,23177,23713200,3171714,23713200,391320,136962000,0,28,0,28,434623,1384
balanced,B_p99p9,99.9,82,1,1,1,19,106,2,0,0,0,0,14111,14363424,802868,14363424,391320,82959840,0,9,0,9,201788,2903
balanced,B_p99p9,99.9,83,1,1,1,48,169,3,0,0,0,0,21549,22900176,3271696,22900176,391320,132266160,0,30,0,30,495570,1524
balanced,B_p99p9,99.9,84,1,1,1,48,156,3,0,0,0,0,20465,21138624,2951562,21138624,391320,122091840,0,26,0,26,386697,1246
balanced,B_p99p9,99.9,85,1,1,1,25,291,5,0,0,0,0,38790,39431664,3566267,39431664,391320,227748240,0,31,0,31,819009,2167
balanced,B_p99p9,99.9,86,1,1,1,35,159,3,0,0,0,0,20925,21545136,3721210,21545136,391320,124439760,0,32,0,31,418616,1322
balanced,B_p99p9,99.9,87,1,1,1,36,314,5,0,0,0,0,42331,42548256,3421827,42548256,391320,245748960,0,10,0,10,539579,2413
balanced,B_p99p9,99.9,88,1,1,1,24,20,1,1,0,0,0,2573,2710080,158,2710080,0,15652800,0,3,0,2,115103,215
balanced,B_p99p9,99.9,89,1,1,1,48,179,3,0,0,0,0,23736,24255216,3528036,24255216,391320,140092560,0,29,0,29,525155,957
balanced,B_p99p9,99.9,90,1,1,1,20,18,1,1,0,0,0,2304,2439072,151,2439072,0,14087520,0,2,0,2,96072,249
balanced,B_p99p9,99.9,91,1,1,1,52,437,7,0,0,0,0,59067,59215248,1338822,59215248,391320,342013680,0,7,0,7,1018695,3451
balanced,B_p99p9,99.9,92,1,1,1,33,138,2,0,0,0,0,17710,18699552,3171046,18699552,391320,108004320,0,27,0,27,357436,907
balanced,B_p99p9,99.9,93,1,1,1,31,192,3,0,0,0,0,24933,26016768,3245717,26016768,391320,150266880,0,30,0,30,469843,870
balanced,B_p99p9,99.9,94,1,1,1,33,19,1,1,0,0,0,2423,2574576,224,2574576,0,14870160,0,1,0,1,88710,81
balanced,B_p99p9,99.9,95,1,1,1,24,130,2,0,0,0,0,15852,17615520,3635119,17615520,391320,101743200,0,30,0,30,328372,455
balanced,B_p99p9,99.9,96,1,1,1,33,167,3,0,0,0,0,22044,22629168,3630748,22629168,391320,130700880,0,31,0,31,463975,1282
balanced,B_p99p9,99.9,97,1,1,1,47,191,3,0,0,0,0,24998,25881264,3280504,25881264,391320,149484240,0,29,0,29,511692,1090
balanced,B_p99p9,99.9,98,1,1,1,42,134,2,0,0,0,0,17488,18157536,3584194,18157536,391320,104873760,0,31,0,31,372566,652
balanced,B_p99p9,99.9,99,1,1,1,39,194,3,0,0,0,0,25241,26287776,3177888,26287776,391320,151832160,0,28,0,28,478761,1948
balanced,B_p99p9,99.9,100,1,1,1,46,241,4,0,0,0,0,30071,32656464,3375099,32656464,391320,188616240,0,26,0,26,656075,2475
balanced,B_p99p9,99.9,101,1,1,1,24,162,3,0,0,0,0,20393,21951648,3540984,21951648,391320,126787680,0,28,0,28,434518,1559
balanced,B_p99p9,99.9,102,1,1,1,18,167,3,0,0,0,0,21424,22629168,4110395,22629168,391320,130700880,0,33,0,33,472795,1265
balanced,B_p99p9,99.9,103,1,1,1,57,239,4,0,0,0,0,31991,32385456,3155727,32385456,391320,187050960,0,29,0,29,558285,1984
balanced,B_p99p9,99.9,104,1,1,1,14,19,1,1,0,0,0,2430,2574576,126,2574576,0,14870160,0,2,0,2,64446,152
balanced,B_p99p9,99.9,105,1,1,1,35,160,3,0,0,0,0,20698,21680640,3291285,21680640,391320,125222400,0,29,0,29,370903,1389
balanced,B_p99p9,99.9,106,1,1,1,34,110,2,0,0,0,0,14692,14905440,1282232,14905440,391320,86090400,0,12,0,11,211350,684
balanced,B_p99p9,99.9,107,1,1,1,33,132,2,1,0,0,0,17688,17886528,1321997,17886528,391320,103308480,0,10,0,10,299399,1358
balanced,B_p99p9,99.9,108,1,1,1,32,19,1,0,0,0,0,2432,2574576,163,2574576,0,14870160,0,2,0,1,96084,89
balanced,B_p99p9,99.9,109,1,1,1,47,133,2,0,0,0,0,17824,18022032,2634647,18022032,391320,104091120,0,10,0,10,245142,1585
balanced,B_p99p9,99.9,110,1,1,1,49,193,3,0,0,0,0,26034,26152272,90993,26152272,0,151049520,0,5,0,5,433569,3200
balanced,B_p99p9,99.9,111,1,1,1,40,117,2,0,0,0,0,15710,15853968,160216,15853968,391320,91568880,0,7,0,7,160671,2514
balanced,B_p99p9,99.9,112,1,1,1,35,342,6,0,0,0,0,45347,46342368,3512874,46342368,391320,267662880,0,30,0,29,871514,3516
balanced,B_p99p9,99.9,113,1,1,1,28,178,3,0,0,0,0,23251,24119712,3357767,24119712,391320,139309920,0,29,0,29,502220,1201
balanced,B_p99p9,99.9,114,1,1,1,43,491,8,0,0,0,0,65508,66532464,3454771,66532464,391320,384276240,0,29,0,29,1229601,6091
balanced,B_p99p9,99.9,115,1,1,1,32,117,2,0,0,0,0,15720,15853968,72679,15853968,391320,91568880,0,7,0,6,242843,3559
balanced,B_p99p9,99.9,116,1,1,1,9,22,1,1,0,0,0,2839,2981088,159,2981088,0,17218080,0,3,0,3,98638,146
balanced,B_p99p9,99.9,117,1,1,1,61,167,3,0,0,0,0,20995,22629168,3545050,22629168,391320,130700880,0,29,0,29,424143,1597
balanced,B_p99p9,99.9,118,1,1,1,29,169,3,0,0,0,0,21361,22900176,3677841,22900176,391320,132266160,0,31,0,31,468830,1732
balanced,B_p99p9,99.9,119,1,1,1,36,139,2,0,0,0,0,18027,18835056,3633626,18835056,391320,108786960,0,29,0,29,370078,870
balanced,B_p99p9,99.9,120,1,1,1,31,277,5,0,0,0,0,36959,37534608,3624325,37534608,391320,216791280,0,32,0,32,837241,3082
balanced,B_p99p9,99.9,121,1,1,1,44,170,3,0,0,0,0,21705,23035680,3136380,23035680,391320,133048800,0,29,0,29,450830,998
balanced,B_p99p9,99.9,122,1,1,1,31,173,3,0,0,0,0,21728,23442192,3802854,23442192,391320,135396720,0,31,0,31,591476,1651
balanced,B_p99p9,99.9,123,1,1,1,28,158,3,0,0,0,0,20129,21409632,3407892,21409632,391320,123657120,0,30,0,30,493332,1253
balanced,B_p99p9,99.9,124,1,1,1,43,247,4,0,0,0,0,32879,33469488,3580409,33469488,391320,193312080,0,31,0,31,692118,1665
balanced,B_p99p9,99.9,125,1,1,1,16,20,1,1,0,0,0,2549,2710080,176,2710080,0,15652800,0,2,0,2,90674,45
balanced,B_p99p9,99.9,126,1,1,1,31,131,2,0,0,0,0,17311,17751024,3153640,17751024,391320,102525840,0,29,0,29,468338,462
balanced,B_p99p9,99.9,127,1,1,1,48,198,3,0,0,0,0,26682,26829792,2661327,26829792,391320,154962720,0,9,0,9,457750,2936
balanced,C_p99p5,99.5,0,1,1,1,36,279,5,0,0,0,0,186847,37805616,3642341,37805616,391320,218356560,0,33,0,32,1698335,20905
balanced,C_p99p5,99.5,1,1,1,1,36,128,2,0,0,0,0,85861,17344512,74562,17344512,391320,100177920,0,7,0,7,531444,10387
balanced,C_p99p5,99.5,2,1,1,1,54,227,4,0,0,0,0,152713,30759408,448144,30759408,391320,177659280,0,8,0,7,1276702,20317
balanced,C_p99p5,99.5,3,1,1,1,32,278,5,0,0,0,0,183785,37670112,3455768,37670112,391320,217573920,0,29,0,29,1593127,16370
balanced,C_p99p5,99.5,4,1,1,1,20,17,1,1,0,0,0,10795,2303568,109,2303568,0,13304880,0,2,0,2,167245,1080
balanced,C_p99p5,99.5,5,1,1,1,20,110,2,0,0,0,0,73818,14905440,100355,14905440,391320,86090400,0,6,0,5,449348,16146
balanced,C_p99p5,99.5,6,1,1,1,44,155,3,0,0,0,0,103180,21003120,3425042,21003120,391320,121309200,0,31,0,31,754155,8418
balanced,C_p99p5,99.5,7,1,1,1,32,167,3,0,0,0,0,84208,22629168,3934633,22629168,391320,130700880,0,27,0,27,785432,11674
balanced,C_p99p5,99.5,8,1,1,1,56,170,3,0,0,0,0,105453,23035680,3352786,23035680,391320,133048800,0,28,0,28,874948,7934
balanced,C_p99p5,99.5,9,1,1,1,33,229,4,0,0,0,0,153170,31030416,3362309,31030416,391320,179224560,0,30,0,30,1181565,12184
balanced,C_p99p5,99.5,10,1,1,1,49,124,2,0,0,0,0,71973,16802496,2967290,16802496,391320,97047360,0,25,0,25,558508,8693
balanced,C_p99p5,99.5,11,1,1,1,46,137,2,0,0,0,0,91179,18564048,3078051,18564048,391320,107221680,0,29,0,29,707547,7297
balanced,C_p99p5,99.5,12,1,1,1,49,258,4,0,0,0,0,173776,34960032,2133543,34960032,391320,201921120,0,11,0,11,1277660,16150
balanced,C_p99p5,99.5,13,1,1,1,58,125,2,0,0,0,0,83674,16938000,948688,16938000,391320,97830000,0,9,0,8,492568,20730
balanced,C_p99p5,99.5,14,1,1,1,31,140,2,0,0,0,0,93367,18970560,3002925,18970560,391320,109569600,0,30,0,29,625720,8644
balanced,C_p99p5,99.5,15,1,1,1,65,131,2,0,0,0,0,87770,17751024,119348,17751024,391320,102525840,0,7,0,6,591534,11773
balanced,C_p99p5,99.5,16,1,1,1,29,175,3,0,0,0,0,116567,23713200,3155525,23713200,391320,136962000,0,29,0,29,872742,11719
balanced,C_p99p5,99.5,17,1,1,1,22,160,3,0,0,0,0,105632,21680640,3762886,21680640,391320,125222400,0,33,0,32,965296,7674
balanced,C_p99p5,99.5,18,1,1,1,58,231,4,0,0,0,0,153906,31301424,3098592,31301424,391320,180789840,0,30,0,30,1291873,16355
balanced,C_p99p5,99.5,19,1,1,1,16,24,1,1,0,0,0,15492,3252096,207,3252096,0,18783360,0,3,0,2,212640,1836
balanced,C_p99p5,99.5,20,1,1,1,24,244,4,0,0,0,0,163302,33062976,3505342,33062976,391320,190964160,0,30,0,30,1379935,19854
balanced,C_p99p5,99.5,21,1,1,1,0,15,1,1,0,0,0,9457,2032560,75,2032560,0,11739600,0,2,0,1,151093,835
balanced,C_p99p5,99.5,22,1,1,1,19,22,1,1,0,0,0,14162,2981088,143,2981088,0,17218080,0,3,0,3,151277,1123
balanced,C_p99p5,99.5,23,1,1,1,31,166,3,0,0,0,0,109140,22493664,2805434,22493664,391320,129918240,0,28,0,27,921110,10850
balanced,C_p99p5,99.5,24,1,1,1,23,170,3,0,0,0,0,112201,23035680,3140299,23035680,391320,133048800,0,29,0,29,944342,13884
balanced,C_p99p5,99.5,25,1,1,1,19,127,2,0,0,0,0,85060,17209008,372044,17209008,391320,99395280,0,9,0,8,465428,15307
balanced,C_p99p5,99.5,26,1,1,1,52,166,3,0,0,0,0,110168,22493664,3220545,22493664,391320,129918240,0,30,0,30,938664,10713
balanced,C_p99p5,99.5,27,1,1,1,24,168,3,0,0,0,0,110238,22764672,3338167,22764672,391320,131483520,0,30,0,30,976913,11845
balanced,C_p99p5,99.5,28,1,1,1,17,235,4,1,0,0,0,156800,31843440,3341717,31843440,391320,183920400,0,31,0,30,1312516,12833
balanced,C_p99p5,99.5,29,1,1,1,49,238,4,0,0,0,0,158433,32249952,3720121,32249952,391320,186268320,0,31,0,31,1168416,17429
balanced,C_p99p5,99.5,30,1,1,1,7,18,1,1,0,0,0,11424,2439072,117,2439072,0,14087520,0,2,0,2,159113,206
balanced,C_p99p5,99.5,31,1,1,1,12,157,3,0,0,0,0,104511,21274128,3689498,21274128,391320,122874480,0,33,0,32,874214,8223
balanced,C_p99p5,99.5,32,1,1,1,24,197,3,0,0,0,0,130852,26694288,3802477,26694288,391320,154180080,0,33,0,33,1053164,10163
balanced,C_p99p5,99.5,33,1,1,1,7,22,1,1,0,0,0,14154,2981088,146,2981088,0,17218080,0,4,0,3,224652,1850
balanced,C_p99p5,99.5,34,1,1,1,52,175,3,0,0,0,0,115445,23713200,3583759,23713200,391320,136962000,0,31,0,31,1024218,9291
balanced,C_p99p5,99.5,35,1,1,1,38,259,4,0,0,0,0,148294,35095536,3442841,35095536,391320,202703760,0,27,0,27,1629767,11462
balanced,C_p99p5,99.5,36,1,1,1,40,238,4,0,0,0,0,160050,32249952,897421,32249952,391320,186268320,0,12,0,12,1145070,21239
balanced,C_p99p5,99.5,37,0,0,1,58,980,16,1,0,0,0,662356,132793920,561462,132793920,391320,766987200,0,9,0,8,4484951,104332
balanced,C_p99p5,99.5,38,1,1,1,53,260,4,0,0,0,0,173836,35231040,2770354,35231040,391320,203486400,0,27,0,26,1448374,18128
balanced,C_p99p5,99.5,39,1,1,1,44,157,3,0,0,0,0,104416,21274128,3053401,21274128,391320,122874480,0,29,0,29,944314,8931
balanced,C_p99p5,99.5,40,1,1,1,12,19,1,1,0,0,0,12140,2574576,113,2574576,0,14870160,0,3,0,2,152941,1238
balanced,C_p99p5,99.5,41,1,1,1,10,123,2,0,0,0,0,81859,16666992,3517475,16666992,391320,96264720,0,31,0,31,788882,6437
balanced,C_p99p5,99.5,42,1,1,1,36,246,4,0,0,0,0,165685,33333984,1300086,33333984,391320,192529440,0,10,0,9,1140074,15725
balanced,C_p99p5,99.5,43,1,1,1,18,139,2,0,0,0,0,91721,18835056,3440872,18835056,391320,108786960,0,32,0,32,696696,6137
balanced,C_p99p5,99.5,44,1,1,1,41,352,6,0,0,0,0,236821,47697408,1096328,47697408,391320,275489280,0,16,0,15,1682205,32742
balanced,C_p99p5,99.5,45,1,1,1,10,17,1,1,0,0,0,10773,2303568,94,2303568,0,13304880,0,2,0,1,173975,892
balanced,C_p99p5,99.5,46,1,1,1,32,164,3,0,0,0,0,108556,22222656,2679876,22222656,391320,128352960,0,27,0,27,912973,15865
balanced,C_p99p5,99.5,47,1,1,1,33,107,2,0,0,0,0,71670,14498928,85818,14498928,391320,83742480,0,6,0,5,444568,18672
balanced,C_p99p5,99.5,48,1,1,1,33,198,3,0,0,0,0,132230,26829792,1648286,26829792,391320,154962720,0,21,0,20,995491,12666
balanced,C_p99p5,99.5,49,1,1,1,46,125,2,0,0,0,0,80828,16938000,2653679,16938000,391320,97830000,0,25,0,25,688298,12338
balanced,C_p99p5,99.5,50,1,1,1,31,135,2,0,0,0,0,90399,18293040,1097595,18293040,391320,105656400,0,13,0,12,673891,10976
balanced,C_p99p5,99.5,51,1,1,1,9,17,1,1,0,0,0,10753,2303568,117,2303568,0,13304880,0,1,0,1,146403,503
balanced,C_p99p5,99.5,52,1,1,1,29,161,3,0,0,0,0,107133,21816144,3608623,21816144,391320,126005040,0,33,0,33,894457,10155
balanced,C_p99p5,99.5,53,1,1,1,48,407,7,0,0,0,0,274577,55150128,123625,55150128,391320,318534480,0,8,0,7,2195402,40161
balanced,C_p99p5,99.5,54,1,1,1,42,190,3,0,0,0,0,127240,25745760,2036684,25745760,391320,148701600,0,12,0,11,924617,19844
balanced,C_p99p5,99.5,55,1,1,1,54,160,3,0,0,0,0,105129,21680640,3514559,21680640,391320,125222400,0,30,0,29,813053,4789
balanced,C_p99p5,99.5,56,1,1,1,29,170,3,1,0,0,0,113067,23035680,3366752,23035680,391320,133048800,0,31,0,31,918130,8463
balanced,C_p99p5,99.5,57,1,1,1,29,25,1,1,0,0,0,16201,3387600,197,3387600,0,19566000,0,5,0,4,181523,2300
balanced,C_p99p5,99.5,58,1,1,1,30,187,3,0,0,0,0,124890,25339248,3556934,25339248,391320,146353680,0,32,0,31,1134115,11352
balanced,C_p99p5,99.5,59,1,1,1,43,174,3,0,0,0,0,116086,23577696,2166157,23577696,391320,136179360,0,23,0,23,966181,13423
balanced,C_p99p5,99.5,60,1,1,1,23,166,3,0,0,0,0,110717,22493664,4053728,22493664,391320,129918240,0,31,0,30,818893,11860
balanced,C_p99p5,99.5,61,1,1,1,44,232,4,1,0,0,0,152344,31436928,2517436,31436928,391320,181572480,0,24,0,23,1122425,18962
balanced,C_p99p5,99.5,62,1,1,1,37,169,3,0,0,0,0,91708,22900176,3379300,22900176,391320,132266160,0,24,0,24,851061,12908
balanced,C_p99p5,99.5,63,1,1,1,33,106,2,0,0,0,0,70863,14363424,120472,14363424,391320,82959840,0,7,0,6,453000,10705
balanced,C_p99p5,99.5,64,1,1,1,13,137,2,0,0,0,0,91007,18564048,2808445,18564048,391320,107221680,0,28,0,28,700403,9264
balanced,C_p99p5,99.5,65,1,1,1,12,20,1,1,0,0,0,12747,2710080,121,2710080,0,15652800,0,3,0,3,215149,1158
balanced,C_p99p5,99.5,66,1,1,1,24,129,2,0,0,0,0,84956,17480016,3327021,17480016,391320,100960560,0,30,0,30,647535,9143
balanced,C_p99p5,99.5,67,1,1,1,39,134,2,0,0,0,0,88065,18157536,3453608,18157536,391320,104873760,0,30,0,30,636987,7396
balanced,C_p99p5,99.5,68,1,1,1,31,469,8,0,0,0,0,316547,63551376,1437521,63551376,391320,367058160,0,10,0,9,2592916,35490
balanced,C_p99p5,99.5,69,1,1,1,26,164,3,0,0,0,0,108786,22222656,3103684,22222656,391320,128352960,0,29,0,29,950392,13009
balanced,C_p99p5,99.5,70,1,1,1,45,158,3,0,0,0,0,104406,21409632,2787333,21409632,391320,123657120,0,27,0,27,794615,14985
balanced,C_p99p5,99.5,71,1,1,1,30,139,2,0,0,0,0,91613,18835056,3665136,18835056,391320,108786960,0,32,0,32,721885,7775
balanced,C_p99p5,99.5,72,1,1,1,32,134,2,0,0,0,0,86926,18157536,2349480,18157536,391320,104873760,0,25,0,25,597340,8622
balanced,C_p99p5,99.5,73,1,1,1,23,108,2,0,0,0,0,72203,14634432,433269,14634432,391320,84525120,0,9,0,9,476519,13882
balanced,C_p99p5,99.5,74,1,1,1,41,174,3,0,0,0,0,116131,23577696,2746807,23577696,391320,136179360,0,28,0,28,911227,11181
balanced,C_p99p5,99.5,75,1,1,1,25,129,2,1,0,0,0,85405,17480016,3173157,17480016,391320,100960560,0,29,0,28,687239,7554
balanced,C_p99p5,99.5,76,1,1,1,34,131,2,0,0,0,0,86369,17751024,2712691,17751024,391320,102525840,0,28,0,27,640016,6000
balanced,C_p99p5,99.5,77,1,1,1,35,124,2,0,0,0,0,82637,16802496,1419983,16802496,391320,97047360,0,15,0,14,582581,12968
balanced,C_p99p5,99.5,78,1,1,1,33,135,2,1,0,0,0,89186,18293040,3594788,18293040,391320,105656400,0,32,0,32,744416,6034
balanced,C_p99p5,99.5,79,1,1,1,24,160,3,0,0,0,0,105965,21680640,3451730,21680640,391320,125222400,0,32,0,32,829468,7254
balanced,C_p99p5,99.5,80,1,1,1,49,175,3,0,0,0,0,116501,23713200,3084582,23713200,391320,136962000,0,30,0,30,921830,13435
balanced,C_p99p5,99.5,81,1,1,1,46,129,2,0,0,0,0,84145,17480016,3469794,17480016,391320,100960560,0,28,0,28,641244,6746
balanced,C_p99p5,99.5,82,1,1,1,26,133,2,0,0,0,0,84646,18022032,3001734,18022032,391320,104091120,0,27,0,27,601203,8794
balanced,C_p99p5,99.5,83,1,1,1,35,136,2,0,0,0,0,83525,18428544,3760312,18428544,391320,106439040,0,27,0,27,604627,7064
balanced,C_p99p5,99.5,84,1,1,1,52,185,3,0,0,0,0,123698,25068240,2632165,25068240,391320,144788400,0,25,0,25,1048049,18083
balanced,C_p99p5,99.5,85,1,1,1,29,310,5,0,0,0,0,206485,42006240,3625965,42006240,391320,242618400,0,30,0,30,1647298,22274
balanced,C_p99p5,99.5,86,1,1,1,28,161,3,0,0,0,0,106739,21816144,3310798,21816144,391320,126005040,0,30,0,30,862634,10775
balanced,C_p99p5,99.5,87,1,1,1,29,173,3,1,0,0,0,115908,23442192,2949396,23442192,391320,135396720,0,10,0,9,758969,14445
balanced,C_p99p5,99.5,88,1,1,1,63,197,3,0,0,0,0,131093,26694288,3534438,26694288,391320,154180080,0,32,0,32,1046847,10126
balanced,C_p99p5,99.5,89,1,1,1,26,307,5,0,0,0,0,205551,41599728,3165131,41599728,391320,240270480,0,30,0,30,1821866,22695
balanced,C_p99p5,99.5,90,1,1,1,20,18,1,1,0,0,0,11410,2439072,146,2439072,0,14087520,0,2,0,2,179459,2422
balanced,C_p99p5,99.5,91,1,1,1,69,536,9,1,0,0,0,361741,72630144,1002102,72630144,391320,419495040,0,8,0,7,2775843,53667
balanced,C_p99p5,99.5,92,1,1,1,42,157,3,0,0,0,0,103867,21274128,2946715,21274128,391320,122874480,0,27,0,27,756762,9443
balanced,C_p99p5,99.5,93,1,1,1,27,166,3,0,0,0,0,109570,22493664,2982337,22493664,391320,129918240,0,29,0,28,828884,12206
balanced,C_p99p5,99.5,94,1,1,1,33,19,1,1,0,0,0,12144,2574576,219,2574576,0,14870160,0,1,0,1,164768,1642
balanced,C_p99p5,99.5,95,1,1,1,13,26,1,1,0,0,0,16864,3523104,294,3523104,0,20348640,0,5,0,5,193615,1702
balanced,C_p99p5,99.5,96,1,1,1,32,289,5,0,0,0,0,192826,39160656,3514227,39160656,391320,226182960,0,31,0,31,1673811,19802
balanced,C_p99p5,99.5,97,1,1,1,45,239,4,0,0,0,0,159747,32385456,3176231,32385456,391320,187050960,0,29,0,29,1274252,14104
balanced,C_p99p5,99.5,98,1,1,1,45,214,4,0,0,0,0,143064,28997856,3482900,28997856,391320,167484960,0,31,0,31,1221203,12187
balanced,C_p99p5,99.5,99,1,1,1,41,130,2,0,0,0,0,86536,17615520,2934131,17615520,391320,101743200,0,28,0,28,701974,9764
balanced,C_p99p5,99.5,100,1,1,1,48,132,2,0,0,0,0,87363,17886528,2800715,17886528,391320,103308480,0,28,0,28,700481,7262
balanced,C_p99p5,99.5,101,1,1,1,23,181,3,0,0,0,0,120335,24526224,3249182,24526224,391320,141657840,0,30,0,30,926637,13158
balanced,C_p99p5,99.5,102,1,1,1,27,174,3,0,0,0,0,114756,23577696,3887238,23577696,391320,136179360,0,33,0,33,941297,9559
balanced,C_p99p5,99.5,103,1,1,1,43,234,4,0,0,0,0,156057,31707936,3204946,31707936,391320,183137760,0,30,0,30,1203020,21729
balanced,C_p99p5,99.5,104,1,1,1,13,21,1,1,0,0,0,13498,2845584,126,2845584,0,16435440,0,3,0,2,131072,2766
balanced,C_p99p5,99.5,105,1,1,1,50,223,4,0,0,0,0,148803,30217392,3074194,30217392,391320,174528720,0,29,0,29,1138102,19420
balanced,C_p99p5,99.5,106,1,1,1,31,134,2,0,0,0,0,89416,18157536,1084669,18157536,391320,104873760,0,14,0,14,639876,18285
balanced,C_p99p5,99.5,107,1,1,1,32,228,4,0,0,0,0,137445,30894912,3358730,30894912,391320,178441920,0,26,0,26,1386356,18128
balanced,C_p99p5,99.5,108,1,1,1,32,18,1,0,0,0,0,11461,2439072,163,2439072,0,14087520,0,1,0,1,178986,1636
balanced,C_p99p5,99.5,109,1,1,1,40,113,2,0,0,0,0,75102,15311952,2401896,15311952,391320,88438320,0,11,0,10,422202,11856
balanced,C_p99p5,99.5,110,1,1,1,37,298,5,0,0,0,0,198270,40380192,1874997,40380192,391320,233226720,0,19,0,19,1525757,20507
balanced,C_p99p5,99.5,111,1,1,1,44,191,3,0,0,0,0,128155,25881264,388550,25881264,391320,149484240,0,13,0,12,735947,19835
balanced,C_p99p5,99.5,112,1,1,1,39,314,5,0,0,0,0,210424,42548256,3364432,42548256,391320,245748960,0,30,0,30,2061632,37947
balanced,C_p99p5,99.5,113,1,1,1,13,23,1,1,0,0,0,14836,3116592,141,3116592,0,18000720,0,3,0,3,204507,1189
balanced,C_p99p5,99.5,114,1,1,1,43,312,5,0,0,0,0,206007,42277248,3303054,42277248,391320,244183680,0,28,0,28,1726884,25671
balanced,C_p99p5,99.5,115,1,1,1,28,134,2,0,0,0,0,88654,18157536,2641304,18157536,391320,104873760,0,26,0,26,743375,10136
balanced,C_p99p5,99.5,116,1,1,1,40,171,3,0,0,0,0,113410,23171184,3669589,23171184,391320,133831440,0,33,0,32,1043598,10228
balanced,C_p99p5,99.5,117,1,1,1,45,171,3,0,0,0,0,113064,23171184,3407289,23171184,391320,133831440,0,29,0,29,903027,10409
balanced,C_p99p5,99.5,118,1,1,1,18,21,1,1,0,0,0,13506,2845584,178,2845584,0,16435440,0,2,0,2,166354,1453
balanced,C_p99p5,99.5,119,1,1,1,28,138,2,0,0,0,0,90453,18699552,3552958,18699552,391320,108004320,0,29,0,29,626804,9068
balanced,C_p99p5,99.5,120,1,1,1,29,294,5,0,0,0,0,196490,39838176,3480445,39838176,391320,230096160,0,32,0,32,1782916,18998
balanced,C_p99p5,99.5,121,1,1,1,46,126,2,0,0,0,0,84426,17073504,477338,17073504,391320,98612640,0,10,0,10,572326,15384
balanced,C_p99p5,99.5,122,1,1,1,22,135,2,0,0,0,0,89051,18293040,3623829,18293040,391320,105656400,0,32,0,31,771070,6188
balanced,C_p99p5,99.5,123,1,1,1,17,18,1,1,0,0,0,11480,2439072,167,2439072,0,14087520,0,1,0,1,155941,1220
balanced,C_p99p5,99.5,124,1,1,1,41,301,5,0,0,0,0,201549,40786704,3380624,40786704,391320,235574640,0,31,0,31,1654465,19014
balanced,C_p99p5,99.5,125,1,1,1,31,155,3,0,0,0,0,102892,21003120,3389161,21003120,391320,121309200,0,31,0,31,880558,11568
balanced,C_p99p5,99.5,126,1,1,1,44,133,2,0,0,0,0,88109,18022032,3327172,18022032,391320,104091120,0,29,0,28,834736,6098
balanced,C_p99p5,99.5,127,1,1,1,35,253,4,0,0,0,0,160252,34282512,3719371,34282512,391320,198007920,0,25,0,25,1387237,29615
balanced,D_p99,99.0,0,1,1,1,39,140,2,0,0,0,0,185870,18970560,3454176,18970560,391320,109569600,0,33,0,32,1009608,16705
balanced,D_p99,99.0,1,1,1,1,34,162,3,0,0,0,0,217685,21951648,162847,21951648,391320,126787680,0,10,0,9,957730,39543
balanced,D_p99,99.0,2,1,1,1,51,161,3,0,0,0,0,213493,21816144,2442714,21816144,391320,126005040,0,26,0,26,1312050,28025
balanced,D_p99,99.0,3,1,1,1,39,200,3,0,0,0,0,266405,27100800,3108708,27100800,391320,156528000,0,29,0,29,1478061,24734
balanced,D_p99,99.0,4,1,1,1,20,17,1,1,0,0,0,21620,2303568,106,2303568,0,13304880,0,2,0,1,223058,2900
balanced,D_p99,99.0,5,1,1,1,21,133,2,0,0,0,0,178570,18022032,63680,18022032,391320,104091120,0,6,0,5,748700,41136
balanced,D_p99,99.0,6,1,1,1,33,130,2,0,0,0,0,171915,17615520,3216103,17615520,391320,101743200,0,31,0,31,818960,14331
balanced,D_p99,99.0,7,1,1,1,32,173,3,0,0,0,0,229261,23442192,3048833,23442192,391320,135396720,0,27,0,27,1286175,31335
balanced,D_p99,99.0,8,1,1,1,46,137,2,0,0,0,0,182065,18564048,2668623,18564048,391320,107221680,0,28,0,28,994790,20202
balanced,D_p99,99.0,9,1,1,1,35,359,6,1,0,0,0,482182,48645936,3127681,48645936,391320,280967760,0,30,0,30,2652150,46369
balanced,D_p99,99.0,10,1,1,1,54,127,2,0,0,0,0,166882,17209008,2553035,17209008,391320,99395280,0,26,0,25,1100590,24079
balanced,D_p99,99.0,11,1,1,1,40,155,3,0,0,0,0,205966,21003120,2844142,21003120,391320,121309200,0,29,0,29,1333813,35182
balanced,D_p99,99.0,12,1,1,1,40,111,2,0,0,0,0,148329,15040944,1935280,15040944,391320,86873040,0,12,0,12,697949,28009
balanced,D_p99,99.0,13,1,1,1,51,120,2,0,0,0,0,160382,16260480,891413,16260480,391320,93916800,0,12,0,11,664020,30863
balanced,D_p99,99.0,14,1,1,1,36,131,2,0,0,0,0,172832,17751024,2840719,17751024,391320,102525840,0,30,0,29,864769,21230
balanced,D_p99,99.0,15,1,1,1,58,115,2,0,0,0,0,153727,15582960,106023,15582960,391320,90003600,0,8,0,7,763168,46668
balanced,D_p99,99.0,16,1,1,1,43,231,4,0,0,0,0,309170,31301424,2877440,31301424,391320,180789840,0,29,0,29,1798572,35981
balanced,D_p99,99.0,17,1,1,1,29,179,3,0,0,0,0,237447,24255216,3533099,24255216,391320,140092560,0,33,0,32,1542398,23290
balanced,D_p99,99.0,18,1,1,1,79,196,3,0,0,0,0,261981,26558784,2851788,26558784,391320,153397440,0,30,0,30,1352077,24671
balanced,D_p99,99.0,19,1,1,1,16,24,1,1,0,0,0,31081,3252096,207,3252096,0,18783360,0,2,0,2,226928,2403
balanced,D_p99,99.0,20,1,1,1,16,161,3,0,0,0,0,213479,21816144,3165066,21816144,391320,126005040,0,30,0,30,1193126,26953
balanced,D_p99,99.0,21,1,1,1,0,15,1,1,0,0,0,18882,2032560,75,2032560,0,11739600,0,2,0,1,174345,1542
balanced,D_p99,99.0,22,1,1,1,20,26,1,1,0,0,0,33805,3523104,189,3523104,0,20348640,0,5,0,4,229824,5329
balanced,D_p99,99.0,23,1,1,1,39,187,3,0,0,0,0,248045,25339248,2881253,25339248,391320,146353680,0,29,0,28,1349724,21379
balanced,D_p99,99.0,24,1,1,1,33,168,3,0,0,0,0,222449,22764672,2922131,22764672,391320,131483520,0,29,0,29,1351750,36216
balanced,D_p99,99.0,25,1,1,1,28,126,2,0,0,0,0,168331,17073504,423177,17073504,391320,98612640,0,13,0,13,760418,31174
balanced,D_p99,99.0,26,1,1,1,43,158,3,0,0,0,0,209995,21409632,2976692,21409632,391320,123657120,0,30,0,30,1183237,19156
balanced,D_p99,99.0,27,1,1,1,31,125,2,0,0,0,0,160922,16938000,3033312,16938000,391320,97830000,0,30,0,30,867496,25016
balanced,D_p99,99.0,28,1,1,1,19,228,4,1,0,0,0,306036,30894912,3189789,30894912,391320,178441920,0,31,0,30,1775006,34521
balanced,D_p99,99.0,29,1,1,1,46,140,2,0,0,0,0,184073,18970560,3194103,18970560,391320,109569600,0,31,0,31,886497,21534
balanced,D_p99,99.0,30,1,1,1,7,18,1,1,0,0,0,22927,2439072,115,2439072,0,14087520,0,2,0,1,255143,4712
balanced,D_p99,99.0,31,1,1,1,26,140,2,0,0,0,0,184981,18970560,3535771,18970560,391320,109569600,0,32,0,32,1048933,18574
balanced,D_p99,99.0,32,1,1,1,19,24,1,1,0,0,0,31055,3252096,208,3252096,0,18783360,0,5,0,4,293892,4471
balanced,D_p99,99.0,33,1,1,1,7,22,1,1,0,0,0,28343,2981088,147,2981088,0,17218080,0,4,0,3,246893,2468
balanced,D_p99,99.0,34,1,1,1,38,228,4,1,0,0,0,304610,30894912,3337868,30894912,391320,178441920,0,31,0,30,1781444,37139
balanced,D_p99,99.0,35,1,1,1,57,188,3,0,0,0,0,250453,25474752,2828482,25474752,391320,147136320,0,28,0,28,1451925,19459
balanced,D_p99,99.0,36,1,1,1,35,140,2,0,0,0,0,186008,18970560,1985877,18970560,391320,109569600,0,24,0,23,951583,26355
balanced,D_p99,99.0,37,0,0,1,51,980,16,1,0,0,0,1325987,132793920,776563,132793920,391320,766987200,0,7,0,5,7244786,246166
balanced,D_p99,99.0,38,1,1,1,55,161,3,0,0,0,0,202225,21816144,3026560,21816144,391320,126005040,0,26,0,26,1165819,20992
balanced,D_p99,99.0,39,1,1,1,52,169,3,0,0,0,0,225083,22900176,2790805,22900176,391320,132266160,0,29,0,29,1418075,30634
balanced,D_p99,99.0,40,1,1,1,11,21,1,1,0,0,0,26979,2845584,119,2845584,0,16435440,0,3,0,2,250782,5222
balanced,D_p99,99.0,41,1,1,1,13,137,2,0,0,0,0,181101,18564048,3346999,18564048,391320,107221680,0,31,0,31,1075770,13356
balanced,D_p99,99.0,42,1,1,1,49,232,4,0,0,0,0,312200,31436928,1044960,31436928,391320,181572480,0,10,0,9,1643334,58560
balanced,D_p99,99.0,43,1,1,1,31,182,3,0,0,0,0,242789,24661728,3221587,24661728,391320,142440480,0,32,0,31,1385471,26684
balanced,D_p99,99.0,44,1,1,1,38,188,3,0,0,0,0,249162,25474752,2480300,25474752,391320,147136320,0,26,0,26,1304734,31645
balanced,D_p99,99.0,45,1,1,1,13,25,1,1,0,0,0,32436,3387600,120,3387600,0,19566000,0,5,0,4,309490,4269
balanced,D_p99,99.0,46,1,1,1,44,227,4,0,0,0,0,304332,30759408,2826517,30759408,391320,177659280,0,28,0,28,1776860,40968
balanced,D_p99,99.0,47,1,1,1,32,179,3,0,0,0,0,240207,24255216,693001,24255216,391320,140092560,0,15,0,14,1113444,37154
balanced,D_p99,99.0,48,1,1,1,53,40,1,1,0,0,0,52755,5420160,502,5420160,0,31305600,0,5,0,4,263209,11449
balanced,D_p99,99.0,49,1,1,1,14,32,1,1,0,0,0,41871,4336128,225,4336128,0,25044480,0,4,0,3,373100,7745
balanced,D_p99,99.0,50,1,1,1,36,196,3,0,0,0,0,262670,26558784,2761870,26558784,391320,153397440,0,27,0,27,1587703,30881
balanced,D_p99,99.0,51,1,1,1,9,17,1,1,0,0,0,21589,2303568,117,2303568,0,13304880,0,1,0,1,186555,2117
balanced,D_p99,99.0,52,1,1,1,18,140,2,0,0,0,0,184968,18970560,3348247,18970560,391320,109569600,0,32,0,32,990802,21279
balanced,D_p99,99.0,53,1,1,1,42,184,3,0,0,0,0,244442,24932736,1975585,24932736,391320,144005760,0,24,0,24,1422391,38561
balanced,D_p99,99.0,54,1,1,1,29,133,2,0,0,0,0,176728,18022032,928896,18022032,391320,104091120,0,15,0,14,792313,36788
balanced,D_p99,99.0,55,1,1,1,52,186,3,0,0,0,0,247050,25203744,3106392,25203744,391320,145571040,0,30,0,30,1605922,31876
balanced,D_p99,99.0,56,1,1,1,31,21,1,0,0,0,0,26999,2845584,169,2845584,0,16435440,0,3,0,2,223736,3252
balanced,D_p99,99.0,57,1,1,1,29,23,1,1,0,0,0,29756,3116592,168,3116592,0,18000720,0,4,0,3,229753,4707
balanced,D_p99,99.0,58,1,1,1,40,235,4,0,0,0,0,314059,31843440,3492954,31843440,391320,183920400,0,31,0,31,1983537,34609
balanced,D_p99,99.0,59,1,1,1,52,156,3,0,0,0,0,207847,21138624,1936092,21138624,391320,122091840,0,24,0,24,1240759,21452
balanced,D_p99,99.0,60,1,1,1,21,213,4,0,0,0,0,280151,28862352,3315893,28862352,391320,166702320,0,29,0,28,1507831,35492
balanced,D_p99,99.0,61,1,1,1,41,229,4,1,0,0,0,304723,31030416,2177261,31030416,391320,179224560,0,23,0,23,1698900,66218
balanced,D_p99,99.0,62,1,1,1,29,26,1,1,0,0,0,33681,3523104,199,3523104,0,20348640,0,4,0,3,274790,4947
balanced,D_p99,99.0,63,1,1,1,34,124,2,0,0,0,0,166321,16802496,752394,16802496,391320,97047360,0,10,0,10,706614,31928
balanced,D_p99,99.0,64,1,1,1,18,162,3,0,0,0,0,215549,21951648,2492191,21951648,391320,126787680,0,28,0,27,1255794,32570
balanced,D_p99,99.0,65,1,1,1,12,18,1,1,0,0,0,22893,2439072,112,2439072,0,14087520,0,2,0,2,239071,1788
balanced,D_p99,99.0,66,1,1,1,33,188,3,0,0,0,0,250499,25474752,2872859,25474752,391320,147136320,0,31,0,30,1431149,26938
balanced,D_p99,99.0,67,1,1,1,29,127,2,0,0,0,0,168399,17209008,2980638,17209008,391320,99395280,0,30,0,30,1056571,38649
balanced,D_p99,99.0,68,1,1,1,31,112,2,0,0,0,0,149756,15176448,1439940,15176448,391320,87655680,0,10,0,9,657994,23774
balanced,D_p99,99.0,69,1,1,1,38,164,3,0,0,0,0,217830,22222656,3020243,22222656,391320,128352960,0,29,0,29,1209500,24536
balanced,D_p99,99.0,70,1,1,1,40,191,3,0,0,0,0,255097,25881264,2587652,25881264,391320,149484240,0,27,0,27,1373695,26853
balanced,D_p99,99.0,71,1,1,1,23,140,2,0,0,0,0,185640,18970560,3525547,18970560,391320,109569600,0,32,0,32,920534,15917
balanced,D_p99,99.0,72,1,1,1,26,165,3,0,0,0,0,218534,22358160,2640135,22358160,391320,129135600,0,28,0,28,1330031,27203
balanced,D_p99,99.0,73,1,1,1,35,164,3,0,0,0,0,217980,22222656,2493242,22222656,391320,128352960,0,27,0,26,1202351,28163
balanced,D_p99,99.0,74,1,1,1,37,115,2,0,0,0,0,154127,15582960,255233,15582960,391320,90003600,0,7,0,6,697679,31850
balanced,D_p99,99.0,75,1,1,1,30,153,3,0,0,0,0,202793,20732112,2839725,20732112,391320,119743920,0,29,0,28,1167051,24975
balanced,D_p99,99.0,76,1,1,1,30,127,2,0,0,0,0,169681,17209008,783674,17209008,391320,99395280,0,15,0,14,804554,28417
balanced,D_p99,99.0,77,1,1,1,37,157,3,0,0,0,0,208159,21274128,2654807,21274128,391320,122874480,0,29,0,28,1158822,24729
balanced,D_p99,99.0,78,1,1,1,36,136,2,1,0,0,0,180502,18428544,3393484,18428544,391320,106439040,0,32,0,32,986411,15406
balanced,D_p99,99.0,79,1,1,1,36,161,3,0,0,0,0,214536,21816144,3302959,21816144,391320,126005040,0,32,0,31,1283353,26097
balanced,D_p99,99.0,80,1,1,1,55,171,3,0,0,0,0,226990,23171184,2983085,23171184,391320,133831440,0,30,0,30,1321237,38860
balanced,D_p99,99.0,81,1,1,1,36,166,3,0,0,0,0,217804,22493664,3155156,22493664,391320,129918240,0,28,0,28,1256154,29184
balanced,D_p99,99.0,82,1,1,1,27,127,2,0,0,0,0,150558,17209008,3044608,17209008,391320,99395280,0,26,0,26,833771,18398
balanced,D_p99,99.0,83,1,1,1,37,133,2,0,0,0,0,167138,18022032,3007102,18022032,391320,104091120,0,27,0,27,1076557,17588
balanced,D_p99,99.0,84,1,1,1,42,159,3,0,0,0,0,211339,21545136,2268822,21545136,391320,124439760,0,26,0,26,1124031,26550
balanced,D_p99,99.0,85,1,1,1,27,124,2,0,0,0,0,161206,16802496,3503782,16802496,391320,97047360,0,30,0,30,818174,12384
balanced,D_p99,99.0,86,1,1,1,14,129,2,0,0,0,0,169362,17480016,3028658,17480016,391320,100960560,0,31,0,30,1023811,22208
balanced,D_p99,99.0,87,1,1,1,16,165,3,1,0,0,0,221086,22358160,1904930,22358160,391320,129135600,0,13,0,12,1139699,50307
balanced,D_p99,99.0,88,1,1,1,43,130,2,0,0,0,0,172225,17615520,3337419,17615520,391320,101743200,0,32,0,32,849450,16031
balanced,D_p99,99.0,89,1,1,1,45,135,2,0,0,0,0,177284,18293040,2943981,18293040,391320,105656400,0,30,0,30,1055758,31581
balanced,D_p99,99.0,90,1,1,1,20,18,1,1,0,0,0,22970,2439072,145,2439072,0,14087520,0,2,0,1,212816,4585
balanced,D_p99,99.0,91,0,0,0,56,980,16,0,0,0,0,1322588,132793920,2362227,132793920,391320,766987200,0,23,0,23,6866373,136187
balanced,D_p99,99.0,92,1,1,1,35,121,2,0,0,0,0,161332,16395984,259913,16395984,391320,94699440,0,11,0,10,766795,33367
balanced,D_p99,99.0,93,1,1,1,21,132,2,0,0,0,0,175159,17886528,2700860,17886528,391320,103308480,0,29,0,29,921824,21977
balanced,D_p99,99.0,94,1,1,1,33,19,1,1,0,0,0,24300,2574576,219,2574576,0,14870160,0,1,0,1,204916,3194
balanced,D_p99,99.0,95,1,1,1,17,174,3,0,0,0,0,231758,23577696,2809529,23577696,391320,136179360,0,29,0,29,1221614,25737
balanced,D_p99,99.0,96,1,1,1,36,222,4,0,0,0,0,297352,30081888,3091281,30081888,391320,173746080,0,31,0,31,1640536,28694
balanced,D_p99,99.0,97,1,1,1,45,132,2,0,0,0,0,148467,17886528,3357076,17886528,391320,103308480,0,28,0,28,965859,48307
balanced,D_p99,99.0,98,1,1,1,21,23,1,1,0,0,0,29704,3116592,160,3116592,0,18000720,0,4,0,3,252491,6090
balanced,D_p99,99.0,99,1,1,1,33,138,2,0,0,0,0,178460,18699552,2300721,18699552,391320,108004320,0,24,0,24,989482,28743
balanced,D_p99,99.0,100,1,1,1,30,161,3,1,0,0,0,215030,21816144,2667761,21816144,391320,126005040,0,28,0,27,1208454,21351
balanced,D_p99,99.0,101,1,1,1,34,157,3,0,0,0,0,205944,21274128,3021599,21274128,391320,122874480,0,29,0,28,1074622,27750
balanced,D_p99,99.0,102,1,1,1,30,133,2,1,0,0,0,175936,18022032,2919036,18022032,391320,104091120,0,33,0,32,1056775,15772
balanced,D_p99,99.0,103,1,1,1,55,235,4,0,0,0,0,314496,31843440,2905317,31843440,391320,183920400,0,30,0,30,1916992,39456
balanced,D_p99,99.0,104,1,1,1,31,127,2,0,0,0,0,167985,17209008,3159236,17209008,391320,99395280,0,31,0,31,869477,28755
balanced,D_p99,99.0,105,1,1,1,43,165,3,0,0,0,0,218715,22358160,2850891,22358160,391320,129135600,0,30,0,29,1230147,32061
balanced,D_p99,99.0,106,1,1,1,30,134,2,0,0,0,0,177124,18157536,2614564,18157536,391320,104873760,0,29,0,28,930053,23379
balanced,D_p99,99.0,107,1,1,1,42,254,4,0,0,0,0,332225,34418016,2639997,34418016,391320,198790560,0,26,0,26,2305308,56938
balanced,D_p99,99.0,108,1,1,1,32,18,1,0,0,0,0,22874,2439072,163,2439072,0,14087520,0,1,0,1,224245,3732
balanced,D_p99,99.0,109,1,1,1,37,123,2,0,0,0,0,163331,16666992,682654,16666992,391320,96264720,0,15,0,14,753460,35868
balanced,D_p99,99.0,110,1,1,1,45,240,4,0,0,0,0,315445,32520960,1985291,32520960,391320,187833600,0,22,0,22,1969564,63657
balanced,D_p99,99.0,111,1,1,1,49,228,4,0,0,0,0,304888,30894912,2546873,30894912,391320,178441920,0,27,0,27,1607259,32544
balanced,D_p99,99.0,112,1,1,1,41,345,6,0,0,0,0,463005,46748880,3080579,46748880,391320,270010800,0,30,0,29,2620757,48154
balanced,D_p99,99.0,113,1,1,1,9,20,1,1,0,0,0,25683,2710080,117,2710080,0,15652800,0,2,0,2,267930,3515
balanced,D_p99,99.0,114,1,1,1,45,228,4,0,0,0,0,301514,30894912,3055510,30894912,391320,178441920,0,28,0,28,1637751,37793
balanced,D_p99,99.0,115,1,1,1,28,139,2,0,0,0,0,184181,18835056,2524780,18835056,391320,108786960,0,26,0,26,1011186,20952
balanced,D_p99,99.0,116,1,1,1,21,158,3,0,0,0,0,210481,21409632,3518983,21409632,391320,123657120,0,33,0,32,1240198,15256
balanced,D_p99,99.0,117,1,1,1,50,164,3,0,0,0,0,217196,22222656,2992881,22222656,391320,128352960,0,29,0,28,1253615,34982
balanced,D_p99,99.0,118,1,1,1,18,21,1,1,0,0,0,27002,2845584,163,2845584,0,16435440,0,2,0,2,245922,4740
balanced,D_p99,99.0,119,1,1,1,46,140,2,0,0,0,0,185749,18970560,3052152,18970560,391320,109569600,0,29,0,29,930901,26280
balanced,D_p99,99.0,120,1,1,1,41,420,7,0,0,0,0,564485,56911680,3327248,56911680,391320,328708800,0,32,0,32,3258492,47674
balanced,D_p99,99.0,121,1,1,1,54,230,4,0,0,0,0,308142,31165920,2876509,31165920,391320,180007200,0,29,0,29,1650777,30455
balanced,D_p99,99.0,122,1,1,1,17,136,2,0,0,0,0,179299,18428544,3452134,18428544,391320,106439040,0,32,0,31,972189,14179
balanced,D_p99,99.0,123,1,1,1,17,18,1,1,0,0,0,22908,2439072,167,2439072,0,14087520,0,1,0,1,225133,3450
balanced,D_p99,99.0,124,1,1,1,36,307,5,0,0,0,0,411467,41599728,3201455,41599728,391320,240270480,0,31,0,31,2362495,58575
balanced,D_p99,99.0,125,1,1,1,33,170,3,0,0,0,0,226340,23035680,3214553,23035680,391320,133048800,0,31,0,31,1337246,31595
balanced,D_p99,99.0,126,1,1,1,31,227,4,0,0,0,0,303221,30759408,3093538,30759408,391320,177659280,0,29,0,28,1971609,32514
balanced,D_p99,99.0,127,1,1,1,43,233,4,0,0,0,0,301448,31572432,2744051,31572432,391320,182355120,0,25,0,25,1472876,36667
high_success,A_max,,0,1,1,1,45,153,3,0,0,0,0,0,20732112,1547286,20732112,391320,119743920,0,16,0,16,281681,0
high_success,A_max,,1,1,1,1,25,138,2,0,0,0,0,0,18699552,515280,18699552,391320,108004320,0,9,0,9,139422,0
high_success,A_max,,2,1,1,1,22,51,1,1,0,0,0,0,6910704,501,6910704,0,39914640,0,3,0,3,84206,0
high_success,A_max,,3,1,1,1,44,175,3,0,0,0,0,0,23713200,1439255,23713200,391320,136962000,0,15,0,15,214544,0
high_success,A_max,,4,1,1,1,9,66,1,1,0,0,0,0,8943264,512,8943264,0,51654240,0,1,0,1,72156,0
high_success,A_max,,5,1,1,1,22,108,2,0,0,0,0,0,14634432,30779,14634432,391320,84525120,0,5,0,5,117088,0
high_success,A_max,,6,1,1,1,16,106,2,1,0,0,0,0,14363424,498862,14363424,391320,82959840,0,9,0,9,105590,0
high_success,A_max,,7,1,1,1,28,170,3,0,0,0,0,0,23035680,1293902,23035680,391320,133048800,0,14,0,14,232470,0
high_success,A_max,,8,1,1,1,39,244,4,0,0,0,0,0,33062976,961062,33062976,391320,190964160,0,11,0,11,212885,0
high_success,A_max,,9,1,1,1,13,66,1,0,0,0,0,0,8943264,644,8943264,0,51654240,0,1,0,1,76404,0
high_success,A_max,,10,1,1,1,44,113,2,0,0,0,0,0,15311952,12495,15311952,0,88438320,0,3,0,3,137461,0
high_success,A_max,,11,1,1,1,47,126,2,1,0,0,0,0,17073504,53456,17073504,391320,98612640,0,5,0,5,124093,0
high_success,A_max,,12,1,1,1,20,51,1,0,0,0,0,0,6910704,651,6910704,0,39914640,0,1,0,1,84097,0
high_success,A_max,,13,1,1,1,56,119,2,0,0,0,0,0,16124976,1408622,16124976,391320,93134160,0,15,0,15,294507,0
high_success,A_max,,14,1,1,1,17,116,2,0,0,0,0,0,15718464,1174264,15718464,391320,90786240,0,13,0,13,147232,0
high_success,A_max,,15,1,1,1,41,350,6,0,0,0,0,0,47426400,81946,47426400,0,273924000,0,3,0,3,199106,0
high_success,A_max,,16,1,1,1,36,235,4,0,0,0,0,0,31843440,325144,31843440,391320,183920400,0,8,0,8,179064,0
high_success,A_max,,17,1,1,1,28,119,2,1,0,0,0,0,16124976,582899,16124976,391320,93134160,0,10,0,10,165338,0
high_success,A_max,,18,1,1,1,49,352,6,1,0,0,0,0,47697408,743670,47697408,391320,275489280,0,11,0,11,212714,0
high_success,A_max,,19,1,1,1,27,35,1,1,0,0,0,0,4742640,330,4742640,0,27392400,0,1,0,1,90167,0
high_success,A_max,,20,1,1,1,9,52,1,0,0,0,0,0,7046208,376,7046208,0,40697280,0,2,0,2,77887,0
high_success,A_max,,21,1,1,1,9,22,1,1,0,0,0,0,2981088,102,2981088,0,17218080,0,1,0,1,102612,0
high_success,A_max,,22,1,1,1,27,115,2,1,0,0,0,0,15582960,1395766,15582960,391320,90003600,0,15,0,15,181170,0
high_success,A_max,,23,1,1,1,29,105,2,1,0,0,0,0,14227920,9191,14227920,0,82177200,0,3,0,3,99235,0
high_success,A_max,,24,1,1,1,31,118,2,0,0,0,0,0,15989472,830871,15989472,391320,92351520,0,12,0,12,204249,0
high_success,A_max,,25,1,1,1,16,108,2,1,0,0,0,0,14634432,232120,14634432,391320,84525120,0,7,0,7,114088,0
high_success,A_max,,26,1,1,1,47,116,2,0,0,0,0,0,15718464,1071767,15718464,391320,90786240,0,13,0,13,173327,0
high_success,A_max,,27,1,1,1,22,109,2,1,0,0,0,0,14769936,718408,14769936,391320,85307760,0,11,0,11,157637,0
high_success,A_max,,28,1,1,1,43,114,2,0,0,0,0,0,15447456,848934,15447456,391320,89220960,0,10,0,10,153823,0
high_success,A_max,,29,1,1,1,39,120,2,0,0,0,0,0,16260480,16569,16260480,0,93916800,0,4,0,4,90897,0
high_success,A_max,,30,1,1,1,33,113,2,0,0,0,0,0,15311952,948134,15311952,391320,88438320,0,11,0,11,169733,0
high_success,A_max,,31,1,1,1,6,22,1,1,0,0,0,0,2981088,163,2981088,0,17218080,0,0,0,0,58524,0
high_success,A_max,,32,1,1,1,29,240,4,0,0,0,0,0,32520960,1598882,32520960,391320,187833600,0,15,0,15,232575,0
high_success,A_max,,33,1,1,1,20,123,2,0,0,0,0,0,16666992,700710,16666992,391320,96264720,0,11,0,11,171077,0
high_success,A_max,,34,1,1,1,32,318,5,0,0,0,0,0,43090272,76118,43090272,0,248879520,0,2,0,2,186608,0
high_success,A_max,,35,1,1,1,34,154,3,0,0,0,0,0,20867616,494510,20867616,391320,120526560,0,9,0,9,178712,0
high_success,A_max,,36,1,1,1,40,131,2,1,0,0,0,0,17751024,823913,17751024,391320,102525840,0,11,0,11,143466,0
high_success,A_max,,37,0,0,0,47,1940,32,0,0,0,0,0,262877760,773537,262877760,391320,1518321600,0,5,0,5,775840,0
high_success,A_max,,38,1,1,1,45,247,4,0,0,0,0,0,33469488,51622,33469488,0,193312080,0,3,0,3,160610,0
high_success,A_max,,39,1,1,1,37,130,2,0,0,0,0,0,17615520,949211,17615520,391320,101743200,0,11,0,11,156787,0
high_success,A_max,,40,1,1,1,27,112,2,0,0,0,0,0,15176448,502160,15176448,391320,87655680,0,9,0,9,142794,0
high_success,A_max,,41,1,1,1,17,119,2,0,0,0,0,0,16124976,1445692,16124976,391320,93134160,0,15,0,15,206449,0
high_success,A_max,,42,1,1,1,35,159,3,1,0,0,0,0,21545136,23188,21545136,0,124439760,0,2,0,2,147576,0
high_success,A_max,,43,1,1,1,6,22,1,1,0,0,0,0,2981088,236,2981088,0,17218080,0,1,0,1,57399,0
high_success,A_max,,44,1,1,1,10,34,1,1,0,0,0,0,4607136,317,4607136,0,26609760,0,1,0,1,61425,0
high_success,A_max,,45,1,1,1,19,124,2,0,0,0,0,0,16802496,386108,16802496,391320,97047360,0,7,0,7,151336,0
high_success,A_max,,46,1,1,1,39,40,1,0,0,0,0,0,5420160,355,5420160,0,31305600,0,0,0,0,55602,0
high_success,A_max,,47,1,1,1,19,282,5,0,0,0,0,0,38212128,1462054,38212128,391320,220704480,0,15,0,15,304798,0
high_success,A_max,,48,1,1,1,44,131,2,1,0,0,0,0,17751024,1065136,17751024,391320,102525840,0,13,0,13,234366,0
high_success,A_max,,49,1,1,1,33,126,2,0,0,0,0,0,17073504,570769,17073504,391320,98612640,0,9,0,9,181373,0
high_success,A_max,,50,1,1,1,43,178,3,0,0,0,0,0,24119712,1558528,24119712,391320,139309920,0,16,0,16,313140,0
high_success,A_max,,51,1,1,1,14,35,1,1,0,0,0,0,4742640,192,4742640,0,27392400,0,2,0,2,91944,0
high_success,A_max,,52,1,1,1,9,39,1,1,0,0,0,0,5284656,301,5284656,0,30522960,0,3,0,3,73914,0
high_success,A_max,,53,1,1,1,21,293,5,0,0,0,0,0,39702672,57946,39702672,0,229313520,0,3,0,3,159655,0
high_success,A_max,,54,1,1,1,46,126,2,1,0,0,0,0,17073504,23615,17073504,0,98612640,0,3,0,3,115287,0
high_success,A_max,,55,1,1,1,52,193,3,0,0,0,0,0,26152272,695582,26152272,391320,151049520,0,10,0,10,203080,0
high_success,A_max,,56,1,1,1,31,110,2,0,0,0,0,0,14905440,956843,14905440,391320,86090400,0,10,0,10,106487,0
high_success,A_max,,57,1,1,1,13,106,2,0,0,0,0,0,14363424,1371121,14363424,391320,82959840,0,14,0,14,203146,0
high_success,A_max,,58,1,1,1,31,37,1,1,0,0,0,0,5013648,376,5013648,0,28957680,0,1,0,1,75589,0
high_success,A_max,,59,1,1,1,25,107,2,0,0,0,0,0,14498928,10228,14498928,0,83742480,0,3,0,3,98185,0
high_success,A_max,,60,1,1,1,29,137,2,1,0,0,0,0,18564048,249256,18564048,391320,107221680,0,7,0,7,108013,0
high_success,A_max,,61,1,1,1,23,304,5,0,0,0,0,0,41193216,107610,41193216,0,237922560,0,3,0,3,202117,0
high_success,A_max,,62,1,1,1,35,168,3,0,0,0,0,0,22764672,34707,22764672,0,131483520,0,4,0,4,137200,0
high_success,A_max,,63,1,1,1,33,47,1,0,0,0,0,0,6368688,519,6368688,0,36784080,0,3,0,3,116126,0
high_success,A_max,,64,1,1,1,3,19,1,1,0,0,0,0,2574576,142,2574576,0,14870160,0,0,0,0,72622,0
high_success,A_max,,65,1,1,1,14,120,2,0,0,0,0,0,16260480,1768994,16260480,391320,93916800,0,17,0,17,340865,0
high_success,A_max,,66,1,1,1,18,102,2,0,0,0,0,0,13821408,678567,13821408,391320,79829280,0,10,0,10,187122,0
high_success,A_max,,67,1,1,1,34,128,2,1,0,0,0,0,17344512,272299,17344512,391320,100177920,0,7,0,7,122557,0
high_success,A_max,,68,1,1,1,53,155,3,1,0,0,0,0,21003120,891330,21003120,391320,121309200,0,12,0,12,247211,0
high_success,A_max,,69,1,1,1,27,120,2,0,0,0,0,0,16260480,974902,16260480,391320,93916800,0,11,0,11,147056,0
high_success,A_max,,70,1,1,1,29,117,2,0,0,0,0,0,15853968,349241,15853968,391320,91568880,0,8,0,8,148649,0
high_success,A_max,,71,1,1,1,12,101,2,0,0,0,0,0,13685904,44125,13685904,0,79046640,0,4,0,4,112182,0
high_success,A_max,,72,1,1,1,24,110,2,1,0,0,0,0,14905440,985101,14905440,391320,86090400,0,13,0,13,142438,0
high_success,A_max,,73,1,1,1,32,188,3,0,0,0,0,0,25474752,1139439,25474752,391320,147136320,0,13,0,13,138926,0
high_success,A_max,,74,1,1,1,52,177,3,0,0,0,0,0,23984208,727323,23984208,391320,138527280,0,10,0,10,150133,0
high_success,A_max,,75,1,1,1,37,56,1,0,0,0,0,0,7588224,609,7588224,0,43827840,0,3,0,3,68792,0
high_success,A_max,,76,1,1,1,22,131,2,0,0,0,0,0,17751024,995820,17751024,391320,102525840,0,12,0,12,137622,0
high_success,A_max,,77,1,1,1,21,124,2,1,0,0,0,0,16802496,654926,16802496,391320,97047360,0,9,0,9,146208,0
high_success,A_max,,78,1,1,1,33,122,2,1,0,0,0,0,16531488,884818,16531488,391320,95482080,0,11,0,11,170562,0
high_success,A_max,,79,1,1,1,21,42,1,1,0,0,0,0,5691168,363,5691168,0,32870880,0,2,0,2,66490,0
high_success,A_max,,80,1,1,1,40,137,2,1,0,0,0,0,18564048,1270872,18564048,391320,107221680,0,12,0,12,136070,0
high_success,A_max,,81,1,1,1,39,118,2,0,0,0,0,0,15989472,1366972,15989472,391320,92351520,0,14,0,14,206834,0
high_success,A_max,,82,1,1,1,17,44,1,0,0,0,0,0,5962176,305,5962176,0,34436160,0,3,0,3,87650,0
high_success,A_max,,83,1,1,1,29,122,2,0,0,0,0,0,16531488,849007,16531488,391320,95482080,0,10,0,10,156689,0
high_success,A_max,,84,1,1,1,64,180,3,0,0,0,0,0,24390720,29061,24390720,0,140875200,0,2,0,2,174153,0
high_success,A_max,,85,1,1,1,10,28,1,1,0,0,0,0,3794112,147,3794112,0,21913920,0,2,0,2,96799,0
high_success,A_max,,86,1,1,1,40,121,2,0,0,0,0,0,16395984,1120939,16395984,391320,94699440,0,12,0,12,192975,0
high_success,A_max,,87,1,1,1,27,110,2,0,0,0,0,0,14905440,29332,14905440,0,86090400,0,4,0,4,107467,0
high_success,A_max,,88,1,1,1,42,116,2,0,0,0,0,0,15718464,1453347,15718464,391320,90786240,0,15,0,15,263916,0
high_success,A_max,,89,1,1,1,39,183,3,0,0,0,0,0,24797232,1088692,24797232,391320,143223120,0,13,0,13,209427,0
high_success,A_max,,90,1,1,1,37,123,2,0,0,0,0,0,16666992,1141418,16666992,391320,96264720,0,13,0,13,194184,0
high_success,A_max,,91,1,1,1,42,285,5,0,0,0,0,0,38618640,69899,38618640,0,223052400,0,1,0,1,266907,0
high_success,A_max,,92,1,1,1,15,29,1,0,0,0,0,0,3929616,181,3929616,0,22696560,0,2,0,2,61345,0
high_success,A_max,,93,1,1,1,6,74,1,1,0,0,0,0,10027296,623,10027296,0,57915360,0,3,0,3,98318,0
high_success,A_max,,94,1,1,1,45,159,3,0,0,0,0,0,21545136,34992,21545136,0,124439760,0,3,0,3,107027,0
high_success,A_max,,95,1,1,1,15,26,1,1,0,0,0,0,3523104,170,3523104,0,20348640,0,1,0,1,90380,0
high_success,A_max,,96,1,1,1,25,121,2,0,0,0,0,0,16395984,54813,16395984,0,94699440,0,4,0,4,114933,0
high_success,A_max,,97,1,1,1,26,198,3,0,0,0,0,0,26829792,68781,26829792,391320,154962720,0,5,0,5,118892,0
high_success,A_max,,98,1,1,1,24,51,1,1,0,0,0,0,6910704,568,6910704,0,39914640,0,3,0,3,88372,0
high_success,A_max,,99,1,1,1,27,107,2,1,0,0,0,0,14498928,374204,14498928,391320,83742480,0,8,0,8,150209,0
high_success,A_max,,100,1,1,1,32,114,2,1,0,0,0,0,15447456,10454,15447456,0,89220960,0,2,0,2,95169,0
high_success,A_max,,101,1,1,1,27,131,2,1,0,0,0,0,17751024,52178,17751024,391320,102525840,0,5,0,5,100795,0
high_success,A_max,,102,1,1,1,17,225,4,0,0,0,0,0,30488400,1943102,30488400,391320,176094000,0,18,0,18,228090,0
high_success,A_max,,103,1,1,1,25,108,2,0,0,0,0,0,14634432,44696,14634432,391320,84525120,0,5,0,5,87370,0
high_success,A_max,,104,1,1,1,22,117,2,0,0,0,0,0,15853968,1281354,15853968,391320,91568880,0,14,0,14,156379,0
high_success,A_max,,105,1,1,1,47,199,3,0,0,0,0,0,26965296,630920,26965296,391320,155745360,0,10,0,10,160121,0
high_success,A_max,,106,1,1,1,19,32,1,1,0,0,0,0,4336128,242,4336128,0,25044480,0,2,0,2,92673,0
high_success,A_max,,107,1,1,1,29,428,7,0,0,0,0,0,57995712,119751,57995712,0,334969920,0,3,0,3,273773,0
high_success,A_max,,108,1,1,1,49,175,3,0,0,0,0,0,23713200,822501,23713200,391320,136962000,0,10,0,10,179294,0
high_success,A_max,,109,1,1,1,9,41,1,1,0,0,0,0,5555664,387,5555664,0,32088240,0,2,0,2,76104,0
high_success,A_max,,110,1,1,1,77,532,9,0,0,0,0,0,72088128,140733,72088128,0,416364480,0,3,0,3,254310,0
high_success,A_max,,111,1,1,1,29,109,2,0,0,0,0,0,14769936,11606,14769936,0,85307760,0,3,0,3,73831,0
high_success,A_max,,112,1,1,1,59,305,5,0,0,0,0,0,41328720,1575815,41328720,391320,238705200,0,16,0,16,292668,0
high_success,A_max,,113,1,1,1,28,150,3,0,0,0,0,0,20325600,1538876,20325600,391320,117396000,0,16,0,16,240430,0
high_success,A_max,,114,1,1,1,43,108,2,0,0,0,0,0,14634432,639464,14634432,391320,84525120,0,9,0,9,151045,0
high_success,A_max,,115,1,1,1,12,28,1,1,0,0,0,0,3794112,265,3794112,0,21913920,0,0,0,0,66612,0
high_success,A_max,,116,1,1,1,17,123,2,1,0,0,0,0,16666992,1109256,16666992,391320,96264720,0,13,0,13,165903,0
high_success,A_max,,117,1,1,1,33,130,2,1,0,0,0,0,17615520,1046746,17615520,391320,101743200,0,12,0,12,224629,0
high_success,A_max,,118,1,1,1,15,224,4,0,0,0,0,0,30352896,734023,30352896,391320,175311360,0,11,0,11,206482,0
high_success,A_max,,119,1,1,1,22,163,3,0,0,0,0,0,22087152,33823,22087152,0,127570320,0,2,0,2,141208,0
high_success,A_max,,120,1,1,1,24,121,2,0,0,0,0,0,16395984,1384950,16395984,391320,94699440,0,15,0,15,207963,0
high_success,A_max,,121,1,1,1,42,131,2,1,0,0,0,0,17751024,384871,17751024,391320,102525840,0,9,0,9,175846,0
high_success,A_max,,122,1,1,1,20,38,1,1,0,0,0,0,5149152,295,5149152,0,29740320,0,2,0,2,84309,0
high_success,A_max,,123,1,1,1,38,112,2,0,0,0,0,0,15176448,449363,15176448,391320,87655680,0,9,0,9,125106,0
high_success,A_max,,124,1,1,1,24,341,6,0,0,0,0,0,46206864,1521583,46206864,391320,266880240,0,14,0,14,247608,0
high_success,A_max,,125,1,1,1,15,29,1,1,0,0,0,0,3929616,322,3929616,0,22696560,0,1,0,1,81978,0
high_success,A_max,,126,1,1,1,41,306,5,0,0,0,0,0,41464224,664308,41464224,391320,239487840,0,10,0,10,217815,0
high_success,A_max,,127,1,1,1,47,136,2,0,0,0,0,0,18428544,17769,18428544,0,106439040,0,2,0,2,125956,0
high_success,B_p99p9,99.9,0,1,1,1,32,126,2,0,0,0,0,16591,17073504,1358954,17073504,391320,98612640,0,16,0,16,514705,1222
high_success,B_p99p9,99.9,1,1,1,1,23,165,3,0,0,0,0,22041,22358160,345349,22358160,391320,129135600,0,8,0,8,474149,2061
high_success,B_p99p9,99.9,2,1,1,1,38,125,2,0,0,0,0,16673,16938000,610824,16938000,391320,97830000,0,11,0,11,418807,1133
high_success,B_p99p9,99.9,3,1,1,1,52,222,4,0,0,0,0,29271,30081888,1369938,30081888,391320,173746080,0,14,0,14,787658,3856
high_success,B_p99p9,99.9,4,1,1,1,13,64,1,1,0,0,0,8551,8672256,408,8672256,0,50088960,0,1,0,1,177548,1057
high_success,B_p99p9,99.9,5,1,1,1,33,129,2,0,0,0,0,16957,17480016,537861,17480016,391320,100960560,0,9,0,9,327571,1313
high_success,B_p99p9,99.9,6,1,1,1,36,123,2,1,0,0,0,16534,16666992,12658,16666992,0,96264720,0,3,0,3,270269,1240
high_success,B_p99p9,99.9,7,1,1,1,21,159,3,0,0,0,0,21105,21545136,1188106,21545136,391320,124439760,0,15,0,15,542730,1493
high_success,B_p99p9,99.9,8,1,1,1,46,114,2,1,0,0,0,14893,15447456,815826,15447456,391320,89220960,0,11,0,11,363983,788
high_success,B_p99p9,99.9,9,1,1,1,27,127,2,1,0,0,0,16970,17209008,17678,17209008,391320,99395280,0,5,0,5,321838,2229
high_success,B_p99p9,99.9,10,1,1,1,43,120,2,0,0,0,0,15897,16260480,798039,16260480,391320,93916800,0,12,0,11,385239,1334
high_success,B_p99p9,99.9,11,1,1,1,31,51,1,0,0,0,0,6774,6910704,462,6910704,0,39914640,0,2,0,2,186550,715
high_success,B_p99p9,99.9,12,1,1,1,25,72,1,0,0,0,0,9607,9756288,840,9756288,0,56350080,0,2,0,2,233892,534
high_success,B_p99p9,99.9,13,1,1,1,62,134,2,0,0,0,0,16661,18157536,1380310,18157536,391320,104873760,0,15,0,15,527098,1040
high_success,B_p99p9,99.9,14,1,1,1,29,122,2,0,0,0,0,15988,16531488,640433,16531488,391320,95482080,0,11,0,11,328022,1501
high_success,B_p99p9,99.9,15,1,1,1,32,114,2,1,0,0,0,15331,15447456,11741,15447456,0,89220960,0,4,0,3,330751,1219
high_success,B_p99p9,99.9,16,1,1,1,38,104,2,1,0,0,0,13885,14092416,79520,14092416,391320,81394560,0,6,0,6,300336,1686
high_success,B_p99p9,99.9,17,1,1,1,56,173,3,0,0,0,0,22998,23442192,962207,23442192,391320,135396720,0,12,0,12,588114,1824
high_success,B_p99p9,99.9,18,1,1,1,63,196,3,0,0,0,0,26033,26558784,618019,26558784,391320,153397440,0,10,0,10,553740,1951
high_success,B_p99p9,99.9,19,1,1,1,27,36,1,1,0,0,0,4743,4878144,326,4878144,0,28175040,0,1,0,1,207012,565
high_success,B_p99p9,99.9,20,1,1,1,15,132,2,1,0,0,0,17448,17886528,1209287,17886528,391320,103308480,0,14,0,14,376130,1141
high_success,B_p99p9,99.9,21,1,1,1,9,22,1,1,0,0,0,2823,2981088,97,2981088,0,17218080,0,1,0,1,167993,345
high_success,B_p99p9,99.9,22,1,1,1,24,132,2,1,0,0,0,16819,17886528,1240091,17886528,391320,103308480,0,15,0,15,352892,724
high_success,B_p99p9,99.9,23,1,1,1,30,136,2,1,0,0,0,18292,18428544,16077,18428544,0,106439040,0,2,0,2,380682,2381
high_success,B_p99p9,99.9,24,1,1,1,24,119,2,0,0,0,0,15585,16124976,732145,16124976,391320,93134160,0,12,0,12,433049,944
high_success,B_p99p9,99.9,25,1,1,1,17,128,2,1,0,0,0,17147,17344512,103851,17344512,391320,100177920,0,7,0,7,378391,2506
high_success,B_p99p9,99.9,26,1,1,1,41,136,2,0,0,0,0,17969,18428544,987731,18428544,391320,106439040,0,13,0,13,395081,1111
high_success,B_p99p9,99.9,27,1,1,1,20,107,2,1,0,0,0,13785,14498928,770531,14498928,391320,83742480,0,12,0,12,317993,1120
high_success,B_p99p9,99.9,28,1,1,1,23,230,4,0,0,0,0,30591,31165920,1312672,31165920,391320,180007200,0,14,0,14,813994,2308
high_success,B_p99p9,99.9,29,1,1,1,40,180,3,0,0,0,0,24284,24390720,28153,24390720,0,140875200,0,2,0,2,442217,2801
high_success,B_p99p9,99.9,30,1,1,1,25,113,2,0,0,0,0,15176,15311952,11004,15311952,0,88438320,0,3,0,3,326200,1526
high_success,B_p99p9,99.9,31,1,1,1,6,22,1,1,0,0,0,2829,2981088,163,2981088,0,17218080,0,0,0,0,110213,251
high_success,B_p99p9,99.9,32,1,1,1,28,176,3,0,0,0,0,23356,23848704,1416067,23848704,391320,137744640,0,15,0,15,525357,1934
high_success,B_p99p9,99.9,33,1,1,1,21,121,2,0,0,0,0,15946,16395984,727822,16395984,391320,94699440,0,11,0,11,443037,874
high_success,B_p99p9,99.9,34,1,1,1,40,184,3,0,0,0,0,24286,24932736,1261958,24932736,391320,144005760,0,14,0,14,499847,1553
high_success,B_p99p9,99.9,35,1,1,1,30,110,2,1,0,0,0,14758,14905440,12372,14905440,0,86090400,0,3,0,3,290691,1049
high_success,B_p99p9,99.9,36,1,1,1,36,113,2,1,0,0,0,14937,15311952,372614,15311952,391320,88438320,0,9,0,9,331896,1015
high_success,B_p99p9,99.9,37,1,1,1,39,414,7,0,0,0,0,55998,56098656,99615,56098656,0,324012960,0,4,0,3,840278,3913
high_success,B_p99p9,99.9,38,1,1,1,56,108,2,1,0,0,0,14485,14634432,16863,14634432,0,84525120,0,4,0,4,314560,2186
high_success,B_p99p9,99.9,39,1,1,1,32,118,2,0,0,0,0,15288,15989472,828691,15989472,391320,92351520,0,12,0,12,329419,1145
high_success,B_p99p9,99.9,40,1,1,1,21,159,3,0,0,0,0,21384,21545136,20405,21545136,0,124439760,0,4,0,3,433747,1869
high_success,B_p99p9,99.9,41,1,1,1,23,118,2,0,0,0,0,15483,15989472,1353119,15989472,391320,92351520,0,15,0,15,331715,664
high_success,B_p99p9,99.9,42,1,1,1,43,122,2,0,0,0,0,16183,16531488,676614,16531488,391320,95482080,0,11,0,11,366595,1597
high_success,B_p99p9,99.9,43,1,1,1,6,22,1,1,0,0,0,2835,2981088,235,2981088,0,17218080,0,1,0,0,102597,145
high_success,B_p99p9,99.9,44,1,1,1,12,37,1,1,0,0,0,4861,5013648,310,5013648,0,28957680,0,1,0,1,147894,673
high_success,B_p99p9,99.9,45,1,1,1,17,109,2,0,0,0,0,14449,14769936,562522,14769936,391320,85307760,0,10,0,10,346944,1147
high_success,B_p99p9,99.9,46,1,1,1,39,40,1,0,0,0,0,5273,5420160,355,5420160,0,31305600,0,0,0,0,110019,844
high_success,B_p99p9,99.9,47,1,1,1,25,250,4,0,0,0,0,33070,33876000,1151838,33876000,391320,195660000,0,13,0,13,696960,3004
high_success,B_p99p9,99.9,48,1,1,1,49,112,2,1,0,0,0,14375,15176448,944728,15176448,391320,87655680,0,13,0,13,369395,553
high_success,B_p99p9,99.9,49,1,1,1,33,126,2,0,0,0,0,16771,17073504,634837,17073504,391320,98612640,0,11,0,11,356269,1164
high_success,B_p99p9,99.9,50,1,1,1,31,224,4,0,0,0,0,29613,30352896,1394972,30352896,391320,175311360,0,16,0,16,688832,1389
high_success,B_p99p9,99.9,51,1,1,1,28,120,2,0,0,0,0,15864,16260480,995439,16260480,391320,93916800,0,13,0,13,383489,492
high_success,B_p99p9,99.9,52,1,1,1,18,107,2,0,0,0,0,13538,14498928,1249524,14498928,391320,83742480,0,14,0,14,376897,601
high_success,B_p99p9,99.9,53,1,1,1,52,199,3,0,0,0,0,26814,26965296,31566,26965296,0,155745360,0,2,0,2,463536,2487
high_success,B_p99p9,99.9,54,1,1,1,50,165,3,0,0,0,0,22194,22358160,29695,22358160,0,129135600,0,3,0,2,402689,3179
high_success,B_p99p9,99.9,55,1,1,1,35,199,3,0,0,0,0,26481,26965296,624992,26965296,391320,155745360,0,11,0,10,560776,1548
high_success,B_p99p9,99.9,56,1,1,1,34,115,2,0,0,0,0,15188,15582960,752388,15582960,391320,90003600,0,11,0,11,353775,987
high_success,B_p99p9,99.9,57,1,1,1,10,118,2,0,0,0,0,15154,15989472,1122443,15989472,391320,92351520,0,14,0,14,393545,777
high_success,B_p99p9,99.9,58,1,1,1,31,37,1,1,0,0,0,4874,5013648,374,5013648,0,28957680,0,1,0,0,165132,365
high_success,B_p99p9,99.9,59,1,1,1,18,114,2,0,0,0,0,15282,15447456,10348,15447456,0,89220960,0,3,0,3,289024,1064
high_success,B_p99p9,99.9,60,1,1,1,19,160,3,0,0,0,0,21554,21680640,20374,21680640,0,125222400,0,4,0,3,409071,1696
high_success,B_p99p9,99.9,61,1,1,1,30,115,2,0,0,0,0,15471,15582960,12314,15582960,0,90003600,0,4,0,3,255173,1462
high_success,B_p99p9,99.9,62,1,1,1,35,128,2,0,0,0,0,17217,17344512,14569,17344512,0,100177920,0,4,0,3,343038,1300
high_success,B_p99p9,99.9,63,1,1,1,33,41,1,0,0,0,0,5391,5555664,459,5555664,0,32088240,0,2,0,2,195292,333
high_success,B_p99p9,99.9,64,1,1,1,3,19,1,1,0,0,0,2443,2574576,142,2574576,0,14870160,0,0,0,0,107089,182
high_success,B_p99p9,99.9,65,1,1,1,19,123,2,0,0,0,0,15757,16666992,1640237,16666992,391320,96264720,0,17,0,17,481117,249
high_success,B_p99p9,99.9,66,1,1,1,33,122,2,0,0,0,0,16068,16531488,704611,16531488,391320,95482080,0,11,0,11,394097,1307
high_success,B_p99p9,99.9,67,1,1,1,35,105,2,1,0,0,0,14074,14227920,10368,14227920,0,82177200,0,2,0,2,325281,2400
high_success,B_p99p9,99.9,68,1,1,1,41,166,3,1,0,0,0,21993,22493664,832778,22493664,391320,129918240,0,12,0,12,555798,1871
high_success,B_p99p9,99.9,69,1,1,1,29,112,2,0,0,0,0,14871,15176448,873264,15176448,391320,87655680,0,10,0,10,329582,1576
high_success,B_p99p9,99.9,70,1,1,1,27,108,2,0,0,0,0,14476,14634432,10842,14634432,0,84525120,0,4,0,4,353556,2161
high_success,B_p99p9,99.9,71,1,1,1,12,107,2,0,0,0,0,13957,14498928,1093594,14498928,391320,83742480,0,13,0,13,369531,1138
high_success,B_p99p9,99.9,72,1,1,1,25,102,2,1,0,0,0,13530,13821408,198245,13821408,391320,79829280,0,8,0,7,305188,1223
high_success,B_p99p9,99.9,73,1,1,1,34,133,2,1,0,0,0,17544,18022032,970103,18022032,391320,104091120,0,12,0,12,352298,1304
high_success,B_p99p9,99.9,74,1,1,1,46,158,3,0,0,0,0,21177,21409632,639544,21409632,391320,123657120,0,10,0,10,387260,1757
high_success,B_p99p9,99.9,75,1,1,1,42,110,2,1,0,0,0,14772,14905440,41426,14905440,391320,86090400,0,6,0,6,327569,1887
high_success,B_p99p9,99.9,76,1,1,1,32,119,2,0,0,0,0,15456,16124976,684213,16124976,391320,93134160,0,11,0,11,365696,1224
high_success,B_p99p9,99.9,77,1,1,1,16,118,2,1,0,0,0,15770,15989472,157713,15989472,391320,92351520,0,7,0,7,360600,1169
high_success,B_p99p9,99.9,78,1,1,1,28,240,4,0,0,0,0,32011,32520960,1217571,32520960,391320,187833600,0,14,0,14,694206,2078
high_success,B_p99p9,99.9,79,1,1,1,19,53,1,1,0,0,0,7051,7181712,437,7181712,0,41479920,0,3,0,3,161089,1032
high_success,B_p99p9,99.9,80,1,1,1,39,163,3,0,0,0,0,21029,22087152,1047753,22087152,391320,127570320,0,12,0,12,479179,1849
high_success,B_p99p9,99.9,81,1,1,1,33,135,2,0,0,0,0,17864,18293040,1301122,18293040,391320,105656400,0,15,0,15,465952,826
high_success,B_p99p9,99.9,82,1,1,1,10,136,2,1,0,0,0,17878,18428544,1017216,18428544,391320,106439040,0,13,0,13,379803,1092
high_success,B_p99p9,99.9,83,1,1,1,16,38,1,1,0,0,0,4987,5149152,364,5149152,0,29740320,0,1,0,1,142474,272
high_success,B_p99p9,99.9,84,1,1,1,48,130,2,1,0,0,0,17449,17615520,14499,17615520,0,101743200,0,2,0,2,448367,1577
high_success,B_p99p9,99.9,85,1,1,1,32,283,5,0,0,0,0,37371,38347632,1811361,38347632,391320,221487120,0,17,0,17,758773,1414
high_success,B_p99p9,99.9,86,1,1,1,33,167,3,0,0,0,0,22077,22629168,1051582,22629168,391320,130700880,0,12,0,12,525743,1493
high_success,B_p99p9,99.9,87,1,1,1,17,165,3,1,0,0,0,22221,22358160,32170,22358160,0,129135600,0,3,0,3,366607,2125
high_success,B_p99p9,99.9,88,1,1,1,29,122,2,0,0,0,0,16083,16531488,1288668,16531488,391320,95482080,0,15,0,15,522504,979
high_success,B_p99p9,99.9,89,1,1,1,47,114,2,0,0,0,0,15009,15447456,1086416,15447456,391320,89220960,0,13,0,13,391195,1282
high_success,B_p99p9,99.9,90,1,1,1,40,112,2,0,0,0,0,14501,15176448,1107168,15176448,391320,87655680,0,13,0,13,337292,559
high_success,B_p99p9,99.9,91,1,1,1,15,224,4,1,0,0,0,30218,30352896,46949,30352896,0,175311360,0,1,0,1,581678,1873
high_success,B_p99p9,99.9,92,1,1,1,31,131,2,1,0,0,0,17609,17751024,18242,17751024,0,102525840,0,3,0,3,343669,2349
high_success,B_p99p9,99.9,93,1,1,1,10,42,1,1,0,0,0,5533,5691168,201,5691168,0,32870880,0,2,0,2,177038,472
high_success,B_p99p9,99.9,94,1,1,1,31,108,2,0,0,0,0,14381,14634432,36377,14634432,391320,84525120,0,6,0,6,317637,1317
high_success,B_p99p9,99.9,95,1,1,1,15,26,1,1,0,0,0,3379,3523104,167,3523104,0,20348640,0,1,0,1,166471,97
high_success,B_p99p9,99.9,96,1,1,1,28,114,2,0,0,0,0,15068,15447456,221722,15447456,391320,89220960,0,8,0,8,327724,1217
high_success,B_p99p9,99.9,97,1,1,1,32,121,2,1,0,0,0,16073,16395984,625770,16395984,391320,94699440,0,11,0,11,361927,1252
high_success,B_p99p9,99.9,98,1,1,1,22,103,2,0,0,0,0,13826,13956912,9672,13956912,0,80611920,0,3,0,2,268006,1403
high_success,B_p99p9,99.9,99,1,1,1,25,96,2,1,0,0,0,12878,13008384,6523,13008384,0,75133440,0,3,0,2,293589,1912
high_success,B_p99p9,99.9,100,1,1,1,37,50,1,0,0,0,0,6651,6775200,483,6775200,0,39132000,0,2,0,2,161855,673
high_success,B_p99p9,99.9,101,1,1,1,22,133,2,1,0,0,0,17836,18022032,15015,18022032,0,104091120,0,4,0,4,328544,1388
high_success,B_p99p9,99.9,102,1,1,1,13,174,3,0,0,0,0,22916,23577696,1907221,23577696,391320,136179360,0,18,0,18,515267,1331
high_success,B_p99p9,99.9,103,1,1,1,47,347,6,0,0,0,0,46915,47019888,77805,47019888,391320,271576080,0,5,0,5,729193,3619
high_success,B_p99p9,99.9,104,1,1,1,19,129,2,0,0,0,0,17073,17480016,1106458,17480016,391320,100960560,0,14,0,14,357793,1481
high_success,B_p99p9,99.9,105,1,1,1,61,1210,20,0,0,0,0,163652,163959840,558676,163959840,391320,946994400,0,8,0,8,2815217,11318
high_success,B_p99p9,99.9,106,1,1,1,19,32,1,1,0,0,0,4179,4336128,230,4336128,0,25044480,0,2,0,1,177985,356
high_success,B_p99p9,99.9,107,1,1,1,16,137,2,1,0,0,0,18110,18564048,436475,18564048,391320,107221680,0,9,0,9,399785,1299
high_success,B_p99p9,99.9,108,1,1,1,40,44,1,0,0,0,0,5810,5962176,369,5962176,0,34436160,0,2,0,2,189768,644
high_success,B_p99p9,99.9,109,1,1,1,6,35,1,1,0,0,0,4603,4742640,345,4742640,0,27392400,0,1,0,1,143731,341
high_success,B_p99p9,99.9,110,1,1,1,57,133,2,0,0,0,0,17888,18022032,16489,18022032,0,104091120,0,3,0,3,431082,1611
high_success,B_p99p9,99.9,111,1,1,1,46,243,4,0,0,0,0,32791,32927472,41421,32927472,0,190181520,0,2,0,2,514036,2481
high_success,B_p99p9,99.9,112,1,1,1,36,34,1,0,0,0,0,4463,4607136,292,4607136,0,26609760,0,3,0,2,163951,239
high_success,B_p99p9,99.9,113,1,1,1,36,139,2,0,0,0,0,17948,18835056,1412117,18835056,391320,108786960,0,16,0,16,474264,1225
high_success,B_p99p9,99.9,114,1,1,1,54,238,4,0,0,0,0,31918,32249952,562331,32249952,391320,186268320,0,10,0,10,716284,3042
high_success,B_p99p9,99.9,115,1,1,1,12,28,1,1,0,0,0,3652,3794112,265,3794112,0,21913920,0,0,0,0,110361,376
high_success,B_p99p9,99.9,116,1,1,1,25,118,2,1,0,0,0,15581,15989472,1007806,15989472,391320,92351520,0,13,0,13,286216,871
high_success,B_p99p9,99.9,117,1,1,1,46,137,2,1,0,0,0,18196,18564048,925444,18564048,391320,107221680,0,12,0,12,480134,1159
high_success,B_p99p9,99.9,118,1,1,1,29,57,1,1,0,0,0,7589,7723728,451,7723728,0,44610480,0,2,0,2,139820,491
high_success,B_p99p9,99.9,119,1,1,1,36,109,2,0,0,0,0,14633,14769936,9951,14769936,0,85307760,0,3,0,3,288306,933
high_success,B_p99p9,99.9,120,1,1,1,28,185,3,0,0,0,0,24431,25068240,1225626,25068240,391320,144788400,0,15,0,15,551109,1563
high_success,B_p99p9,99.9,121,1,1,1,44,121,2,1,0,0,0,16048,16395984,527469,16395984,391320,94699440,0,10,0,10,348142,1694
high_success,B_p99p9,99.9,122,1,1,1,26,118,2,0,0,0,0,15382,15989472,684372,15989472,391320,92351520,0,12,0,11,414200,1233
high_success,B_p99p9,99.9,123,1,1,1,37,119,2,0,0,0,0,15954,16124976,469729,16124976,391320,93134160,0,9,0,9,335298,1345
high_success,B_p99p9,99.9,124,1,1,1,39,307,5,0,0,0,0,41048,41599728,1444728,41599728,391320,240270480,0,15,0,15,880937,3681
high_success,B_p99p9,99.9,125,1,1,1,15,34,1,1,0,0,0,4460,4607136,338,4607136,0,26609760,0,2,0,2,172174,414
high_success,B_p99p9,99.9,126,1,1,1,27,97,2,0,0,0,0,12961,13143888,30436,13143888,391320,75916080,0,6,0,6,297634,1254
high_success,B_p99p9,99.9,127,1,1,1,43,128,2,0,0,0,0,17204,17344512,15130,17344512,0,100177920,0,2,0,2,338540,959
high_success,C_p99p5,99.5,0,1,1,1,38,135,2,0,0,0,0,89495,18293040,1242451,18293040,391320,105656400,0,16,0,15,902145,7772
high_success,C_p99p5,99.5,1,1,1,1,6,63,1,1,0,0,0,41966,8536752,412,8536752,0,49306320,0,1,0,1,378589,10713
high_success,C_p99p5,99.5,2,1,1,1,42,190,3,0,0,0,0,127012,25745760,633655,25745760,391320,148701600,0,11,0,11,1186747,15343
high_success,C_p99p5,99.5,3,1,1,1,43,136,2,0,0,0,0,90337,18428544,1064907,18428544,391320,106439040,0,15,0,14,833059,8788
high_success,C_p99p5,99.5,4,1,1,1,9,70,1,1,0,0,0,46659,9485280,445,9485280,0,54784800,0,1,0,0,417214,13818
high_success,C_p99p5,99.5,5,1,1,1,22,50,1,1,0,0,0,33145,6775200,345,6775200,0,39132000,0,2,0,1,336162,8079
high_success,C_p99p5,99.5,6,1,1,1,32,177,3,0,0,0,0,118845,23984208,681523,23984208,391320,138527280,0,11,0,10,1030221,16089
high_success,C_p99p5,99.5,7,1,1,1,32,158,3,0,0,0,0,105599,21409632,1110510,21409632,391320,123657120,0,14,0,14,1066703,15736
high_success,C_p99p5,99.5,8,1,1,1,45,130,2,1,0,0,0,86354,17615520,708062,17615520,391320,101743200,0,11,0,11,733799,8798
high_success,C_p99p5,99.5,9,1,1,1,31,175,3,0,0,0,0,117402,23713200,50495,23713200,391320,136962000,0,6,0,5,925930,13051
high_success,C_p99p5,99.5,10,1,1,1,39,125,2,0,0,0,0,82952,16938000,714436,16938000,391320,97830000,0,12,0,11,779339,10729
high_success,C_p99p5,99.5,11,1,1,1,34,59,1,0,0,0,0,39257,7994736,470,7994736,0,46175760,0,2,0,1,318118,6810
high_success,C_p99p5,99.5,12,1,1,1,35,125,2,1,0,0,0,83890,16938000,10810,16938000,0,97830000,0,4,0,3,754788,11792
high_success,C_p99p5,99.5,13,1,1,1,64,134,2,0,0,0,0,88878,18157536,1240816,18157536,391320,104873760,0,15,0,15,876061,6650
high_success,C_p99p5,99.5,14,1,1,1,25,127,2,0,0,0,0,84594,17209008,929793,17209008,391320,99395280,0,13,0,13,721999,12320
high_success,C_p99p5,99.5,15,1,1,1,25,110,2,1,0,0,0,73684,14905440,10208,14905440,0,86090400,0,2,0,1,674265,11215
high_success,C_p99p5,99.5,16,1,1,1,31,57,1,0,0,0,0,37852,7723728,549,7723728,0,44610480,0,2,0,1,359037,6833
high_success,C_p99p5,99.5,17,1,1,1,35,124,2,1,0,0,0,82625,16802496,277966,16802496,391320,97047360,0,8,0,8,771099,11075
high_success,C_p99p5,99.5,18,1,1,1,48,576,10,0,0,0,0,388449,78050304,589913,78050304,391320,450800640,0,10,0,10,3267889,40998
high_success,C_p99p5,99.5,19,1,1,1,24,43,1,1,0,0,0,28356,5826672,372,5826672,0,33653520,0,3,0,2,338754,3352
high_success,C_p99p5,99.5,20,1,1,1,22,134,2,1,0,0,0,88927,18157536,1060126,18157536,391320,104873760,0,14,0,13,771552,10348
high_success,C_p99p5,99.5,21,1,1,1,9,22,1,1,0,0,0,14120,2981088,97,2981088,0,17218080,0,1,0,1,214166,820
high_success,C_p99p5,99.5,22,1,1,1,37,110,2,1,0,0,0,72646,14905440,1155951,14905440,391320,86090400,0,15,0,15,655940,9846
high_success,C_p99p5,99.5,23,1,1,1,20,130,2,1,0,0,0,87185,17615520,16129,17615520,391320,101743200,0,5,0,5,850072,14223
high_success,C_p99p5,99.5,24,1,1,1,26,118,2,0,0,0,0,78035,15989472,658951,15989472,391320,92351520,0,12,0,12,849321,8283
high_success,C_p99p5,99.5,25,1,1,1,24,179,3,0,0,0,0,119990,24255216,85470,24255216,391320,140092560,0,6,0,6,1012868,16447
high_success,C_p99p5,99.5,26,1,1,1,37,37,1,1,0,0,0,24317,5013648,284,5013648,0,28957680,0,1,0,1,246812,4185
high_success,C_p99p5,99.5,27,1,1,1,26,161,3,0,0,0,0,107678,21816144,793153,21816144,391320,126005040,0,12,0,12,801627,7912
high_success,C_p99p5,99.5,28,1,1,1,33,276,5,1,0,0,0,184861,37399104,1209014,37399104,391320,216008640,0,14,0,14,1746313,14770
high_success,C_p99p5,99.5,29,1,1,1,34,135,2,0,0,0,0,90653,18293040,15771,18293040,0,105656400,0,4,0,3,736291,15799
high_success,C_p99p5,99.5,30,1,1,1,19,162,3,0,0,0,0,108101,21951648,401288,21951648,391320,126787680,0,10,0,9,1039429,16265
high_success,C_p99p5,99.5,31,1,1,1,6,22,1,1,0,0,0,14195,2981088,163,2981088,0,17218080,0,0,0,0,191178,2776
high_success,C_p99p5,99.5,32,1,1,1,20,134,2,0,0,0,0,88903,18157536,1155095,18157536,391320,104873760,0,15,0,15,755057,11039
high_success,C_p99p5,99.5,33,1,1,1,14,51,1,1,0,0,0,33833,6910704,425,6910704,0,39914640,0,3,0,3,344101,5609
high_success,C_p99p5,99.5,34,1,1,1,31,239,4,1,0,0,0,160108,32385456,1068178,32385456,391320,187050960,0,13,0,13,1485397,18825
high_success,C_p99p5,99.5,35,1,1,1,31,108,2,1,0,0,0,72284,14634432,11337,14634432,0,84525120,0,3,0,3,595660,13463
high_success,C_p99p5,99.5,36,1,1,1,35,115,2,1,0,0,0,77072,15582960,20861,15582960,391320,90003600,0,5,0,5,673288,12473
high_success,C_p99p5,99.5,37,0,0,0,59,1940,32,0,0,0,0,1312050,262877760,848618,262877760,391320,1518321600,0,10,0,10,9417755,161418
high_success,C_p99p5,99.5,38,1,1,1,46,108,2,1,0,0,0,71960,14634432,516992,14634432,391320,84525120,0,10,0,9,609199,9199
high_success,C_p99p5,99.5,39,1,1,1,19,138,2,0,0,0,0,92142,18699552,606670,18699552,391320,108004320,0,11,0,11,802511,14465
high_success,C_p99p5,99.5,40,1,1,1,20,95,2,0,0,0,0,63525,12872880,5256,12872880,0,74350800,0,3,0,2,551454,9721
high_success,C_p99p5,99.5,41,1,1,1,18,118,2,0,0,0,0,78123,15989472,1225701,15989472,391320,92351520,0,15,0,15,679985,5838
high_success,C_p99p5,99.5,42,1,1,1,40,126,2,0,0,0,0,83854,17073504,244921,17073504,391320,98612640,0,9,0,9,674852,12751
high_success,C_p99p5,99.5,43,1,1,1,6,24,1,1,0,0,0,15508,3252096,238,3252096,0,18783360,0,1,0,0,224267,2610
high_success,C_p99p5,99.5,44,1,1,1,10,38,1,1,0,0,0,24999,5149152,279,5149152,0,29740320,0,1,0,0,293562,3803
high_success,C_p99p5,99.5,45,1,1,1,28,306,5,0,0,0,0,206532,41464224,49719,41464224,0,239487840,0,5,0,4,1802664,24803
high_success,C_p99p5,99.5,46,1,1,1,39,40,1,0,0,0,0,26351,5420160,355,5420160,0,31305600,0,0,0,0,210690,4346
high_success,C_p99p5,99.5,47,1,1,1,25,184,3,1,0,0,0,122919,24932736,991340,24932736,391320,144005760,0,13,0,13,1015793,12566
high_success,C_p99p5,99.5,48,1,1,1,51,172,3,0,0,0,0,114693,23306688,897961,23306688,391320,134614080,0,13,0,13,989941,13993
high_success,C_p99p5,99.5,49,1,1,1,29,110,2,0,0,0,0,72941,14905440,342554,14905440,391320,86090400,0,9,0,9,715567,10737
high_success,C_p99p5,99.5,50,1,1,1,26,140,2,0,0,0,0,93177,18970560,1358500,18970560,391320,109569600,0,16,0,16,901650,9066
high_success,C_p99p5,99.5,51,1,1,1,26,116,2,0,0,0,0,77297,15718464,971706,15718464,391320,90786240,0,13,0,13,721811,9835
high_success,C_p99p5,99.5,52,1,1,1,16,137,2,0,0,0,0,91058,18564048,1109231,18564048,391320,107221680,0,14,0,14,761881,8624
high_success,C_p99p5,99.5,53,1,1,1,16,128,2,0,0,0,0,85887,17344512,11244,17344512,0,100177920,0,2,0,1,633671,11570
high_success,C_p99p5,99.5,54,1,1,1,36,130,2,1,0,0,0,87214,17615520,15508,17615520,0,101743200,0,3,0,2,560537,10892
high_success,C_p99p5,99.5,55,1,1,1,47,252,4,0,0,0,0,169115,34147008,530301,34147008,391320,197225280,0,10,0,10,1537175,23234
high_success,C_p99p5,99.5,56,1,1,1,27,115,2,0,0,0,0,76475,15582960,704703,15582960,391320,90003600,0,12,0,12,722210,11643
high_success,C_p99p5,99.5,57,1,1,1,18,38,1,1,0,0,0,25001,5149152,272,5149152,0,29740320,0,2,0,2,242506,2376
high_success,C_p99p5,99.5,58,1,1,1,31,37,1,1,0,0,0,24326,5013648,374,5013648,0,28957680,0,1,0,0,311413,3717
high_success,C_p99p5,99.5,59,1,1,1,27,107,2,0,0,0,0,71165,14498928,251700,14498928,391320,83742480,0,8,0,8,609284,10694
high_success,C_p99p5,99.5,60,1,1,1,17,109,2,1,0,0,0,73070,14769936,10483,14769936,0,85307760,0,3,0,2,463437,13903
high_success,C_p99p5,99.5,61,1,1,1,38,113,2,0,0,0,0,75576,15311952,15633,15311952,0,88438320,0,5,0,4,518160,13538
high_success,C_p99p5,99.5,62,1,1,1,35,178,3,0,0,0,0,119811,24119712,21239,24119712,0,139309920,0,3,0,3,932310,13852
high_success,C_p99p5,99.5,63,1,1,1,33,41,1,0,0,0,0,27017,5555664,454,5555664,0,32088240,0,2,0,1,336923,3203
high_success,C_p99p5,99.5,64,1,1,1,3,19,1,1,0,0,0,12144,2574576,142,2574576,0,14870160,0,0,0,0,156507,1126
high_success,C_p99p5,99.5,65,1,1,1,16,25,1,1,0,0,0,16162,3387600,148,3387600,0,19566000,0,1,0,1,294268,1856
high_success,C_p99p5,99.5,66,1,1,1,17,52,1,1,0,0,0,34475,7046208,345,7046208,0,40697280,0,2,0,2,312376,6968
high_success,C_p99p5,99.5,67,1,1,1,46,111,2,1,0,0,0,74275,15040944,9943,15040944,0,86873040,0,4,0,4,677806,10905
high_success,C_p99p5,99.5,68,1,1,1,49,132,2,0,0,0,0,87971,17886528,673769,17886528,391320,103308480,0,12,0,11,824984,8881
high_success,C_p99p5,99.5,69,1,1,1,25,111,2,0,0,0,0,73913,15040944,714750,15040944,391320,86873040,0,12,0,12,722280,10235
high_success,C_p99p5,99.5,70,1,1,1,19,96,2,0,0,0,0,63974,13008384,67700,13008384,391320,75133440,0,7,0,6,611989,6668
high_success,C_p99p5,99.5,71,1,1,1,9,121,2,0,0,0,0,80312,16395984,889534,16395984,391320,94699440,0,14,0,13,730182,7878
high_success,C_p99p5,99.5,72,1,1,1,21,126,2,1,0,0,0,83753,17073504,621755,17073504,391320,98612640,0,12,0,11,751987,10547
high_success,C_p99p5,99.5,73,1,1,1,37,118,2,1,0,0,0,78277,15989472,830843,15989472,391320,92351520,0,13,0,12,622958,8297
high_success,C_p99p5,99.5,74,1,1,1,33,119,2,0,0,0,0,79232,16124976,459333,16124976,391320,93134160,0,10,0,10,686144,10182
high_success,C_p99p5,99.5,75,1,1,1,43,108,2,1,0,0,0,71690,14634432,404687,14634432,391320,84525120,0,10,0,10,709456,12794
high_success,C_p99p5,99.5,76,1,1,1,37,118,2,0,0,0,0,77973,15989472,759270,15989472,391320,92351520,0,12,0,12,751916,10538
high_success,C_p99p5,99.5,77,1,1,1,26,156,3,0,0,0,0,104507,21138624,175723,21138624,391320,122091840,0,8,0,7,963926,12727
high_success,C_p99p5,99.5,78,1,1,1,23,174,3,0,0,0,0,116474,23577696,1096936,23577696,391320,136179360,0,14,0,14,909715,10176
high_success,C_p99p5,99.5,79,1,1,1,24,166,3,0,0,0,0,111189,22493664,225126,22493664,391320,129918240,0,8,0,8,1052698,20609
high_success,C_p99p5,99.5,80,1,1,1,56,251,4,0,0,0,0,166439,34011504,951982,34011504,391320,196442640,0,12,0,12,1552087,22079
high_success,C_p99p5,99.5,81,1,1,1,45,178,3,0,0,0,0,118628,24119712,1238869,24119712,391320,139309920,0,15,0,15,1170720,14415
high_success,C_p99p5,99.5,82,1,1,1,19,115,2,1,0,0,0,76096,15582960,970390,15582960,391320,90003600,0,13,0,13,664472,8111
high_success,C_p99p5,99.5,83,1,1,1,43,113,2,0,0,0,0,73069,15311952,969336,15311952,391320,88438320,0,12,0,11,865451,10584
high_success,C_p99p5,99.5,84,1,1,1,45,79,1,0,0,0,0,52654,10704816,825,10704816,0,61828560,0,2,0,1,564553,5754
high_success,C_p99p5,99.5,85,1,1,1,36,166,3,0,0,0,0,110685,22493664,1668818,22493664,391320,129918240,0,17,0,17,1153416,11021
high_success,C_p99p5,99.5,86,1,1,1,41,135,2,0,0,0,0,89177,18293040,742144,18293040,391320,105656400,0,13,0,12,965571,13775
high_success,C_p99p5,99.5,87,1,1,1,15,185,3,1,0,0,0,122745,25068240,754311,25068240,391320,144788400,0,10,0,10,962537,19283
high_success,C_p99p5,99.5,88,1,1,1,27,119,2,0,0,0,0,78671,16124976,1155821,16124976,391320,93134160,0,15,0,15,908185,7906
high_success,C_p99p5,99.5,89,1,1,1,39,139,2,0,0,0,0,92407,18835056,971064,18835056,391320,108786960,0,13,0,13,856967,10741
high_success,C_p99p5,99.5,90,1,1,1,28,114,2,0,0,0,0,75724,15447456,1009724,15447456,391320,89220960,0,13,0,13,645033,7893
high_success,C_p99p5,99.5,91,1,1,1,35,233,4,1,0,0,0,157022,31572432,42048,31572432,0,182355120,0,1,0,1,1297086,19219
high_success,C_p99p5,99.5,92,1,1,1,50,160,3,0,0,0,0,106712,21680640,1017522,21680640,391320,125222400,0,14,0,14,947047,12878
high_success,C_p99p5,99.5,93,1,1,1,17,113,2,0,0,0,0,75692,15311952,9509,15311952,0,88438320,0,4,0,3,682115,13672
high_success,C_p99p5,99.5,94,1,1,1,44,124,2,0,0,0,0,83007,16802496,17405,16802496,391320,97047360,0,5,0,5,832872,14244
high_success,C_p99p5,99.5,95,1,1,1,15,26,1,1,0,0,0,16834,3523104,164,3523104,0,20348640,0,1,0,0,234938,996
high_success,C_p99p5,99.5,96,1,1,1,33,107,2,0,0,0,0,71564,14498928,6981,14498928,0,83742480,0,3,0,2,718618,17411
high_success,C_p99p5,99.5,97,1,1,1,25,135,2,1,0,0,0,90025,18293040,527709,18293040,391320,105656400,0,11,0,11,885992,11888
high_success,C_p99p5,99.5,98,1,1,1,22,53,1,1,0,0,0,35145,7181712,485,7181712,0,41479920,0,3,0,2,272884,6140
high_success,C_p99p5,99.5,99,1,1,1,15,51,1,0,0,0,0,33800,6910704,467,6910704,0,39914640,0,3,0,2,338604,4408
high_success,C_p99p5,99.5,100,1,1,1,33,164,3,0,0,0,0,110275,22222656,19148,22222656,0,128352960,0,3,0,2,890141,15631
high_success,C_p99p5,99.5,101,1,1,1,30,118,2,1,0,0,0,78125,15989472,683209,15989472,391320,92351520,0,12,0,11,604034,7840
high_success,C_p99p5,99.5,102,1,1,1,17,137,2,0,0,0,0,91005,18564048,1705851,18564048,391320,107221680,0,18,0,17,762489,7780
high_success,C_p99p5,99.5,103,1,1,1,44,278,5,0,0,0,0,187323,37670112,54182,37670112,391320,217573920,0,5,0,5,1522497,25014
high_success,C_p99p5,99.5,104,1,1,1,23,160,3,0,0,0,0,106605,21680640,978123,21680640,391320,125222400,0,14,0,14,927449,13177
high_success,C_p99p5,99.5,105,1,1,1,29,113,2,1,0,0,0,75778,15311952,10259,15311952,0,88438320,0,4,0,3,512878,16168
high_success,C_p99p5,99.5,106,1,1,1,19,32,1,1,0,0,0,20915,4336128,230,4336128,0,25044480,0,2,0,1,274629,1746
high_success,C_p99p5,99.5,107,1,1,1,23,113,2,1,0,0,0,75631,15311952,13255,15311952,391320,88438320,0,5,0,4,634561,8418
high_success,C_p99p5,99.5,108,1,1,1,33,129,2,1,0,0,0,85844,17480016,629260,17480016,391320,100960560,0,12,0,11,930150,11347
high_success,C_p99p5,99.5,109,1,1,1,6,35,1,1,0,0,0,22927,4742640,336,4742640,0,27392400,0,1,0,0,317581,4899
high_success,C_p99p5,99.5,110,1,1,1,67,422,7,0,0,0,0,284949,57182688,86242,57182688,0,330274080,0,3,0,2,2352179,30823
high_success,C_p99p5,99.5,111,1,1,1,37,118,2,0,0,0,0,79198,15989472,13248,15989472,391320,92351520,0,5,0,5,561019,12375
high_success,C_p99p5,99.5,112,1,1,1,45,25,1,0,0,0,0,16151,3387600,263,3387600,0,19566000,0,1,0,1,239032,2236
high_success,C_p99p5,99.5,113,1,1,1,34,123,2,0,0,0,0,81743,16666992,1231445,16666992,391320,96264720,0,16,0,15,819369,9403
high_success,C_p99p5,99.5,114,1,1,1,42,438,7,0,0,0,0,295149,59350752,535857,59350752,391320,342796320,0,10,0,10,2620037,35153
high_success,C_p99p5,99.5,115,1,1,1,12,28,1,1,0,0,0,18239,3794112,265,3794112,0,21913920,0,0,0,0,209578,2798
high_success,C_p99p5,99.5,116,1,1,1,24,33,1,0,0,0,0,21621,4471632,296,4471632,0,25827120,0,1,0,1,227278,3465
high_success,C_p99p5,99.5,117,1,1,1,38,118,2,1,0,0,0,78146,15989472,743412,15989472,391320,92351520,0,12,0,12,857971,7004
high_success,C_p99p5,99.5,118,1,1,1,46,196,3,0,0,0,0,131877,26558784,21353,26558784,0,153397440,0,3,0,2,969694,15246
high_success,C_p99p5,99.5,119,1,1,1,34,125,2,0,0,0,0,83941,16938000,16099,16938000,0,97830000,0,4,0,4,675764,12326
high_success,C_p99p5,99.5,120,1,1,1,19,115,2,0,0,0,0,75609,15582960,1129549,15582960,391320,90003600,0,14,0,14,607922,5979
high_success,C_p99p5,99.5,121,1,1,1,45,115,2,1,0,0,0,76582,15582960,400816,15582960,391320,90003600,0,9,0,9,672369,10970
high_success,C_p99p5,99.5,122,1,1,1,31,118,2,0,0,0,0,77706,15989472,748408,15989472,391320,92351520,0,11,0,11,729959,6757
high_success,C_p99p5,99.5,123,1,1,1,32,139,2,0,0,0,0,92269,18835056,775111,18835056,391320,108786960,0,12,0,12,803606,13794
high_success,C_p99p5,99.5,124,1,1,1,29,410,7,0,0,0,0,275694,55556640,1331989,55556640,391320,320882400,0,15,0,15,2249004,23636
high_success,C_p99p5,99.5,125,1,1,1,37,116,2,0,0,0,0,76779,15718464,1124946,15718464,391320,90786240,0,15,0,14,723549,10205
high_success,C_p99p5,99.5,126,1,1,1,33,109,2,0,0,0,0,73085,14769936,6880,14769936,0,85307760,0,2,0,1,681875,16565
high_success,C_p99p5,99.5,127,1,1,1,32,114,2,0,0,0,0,76030,15447456,132600,15447456,391320,89220960,0,8,0,7,736688,11284
high_success,D_p99,99.0,0,1,1,1,42,119,2,0,0,0,0,156906,16124976,1102799,16124976,391320,93134160,0,16,0,15,1054042,16178
high_success,D_p99,99.0,1,1,1,1,26,173,3,0,0,0,0,232758,23442192,22109,23442192,0,135396720,0,2,0,1,1718951,54394
high_success,D_p99,99.0,2,1,1,1,25,121,2,0,0,0,0,161498,16395984,653318,16395984,391320,94699440,0,10,0,10,1004329,19457
high_success,D_p99,99.0,3,1,1,1,48,129,2,0,0,0,0,173204,17480016,398249,17480016,0,100960560,0,7,0,5,1100185,39938
high_success,D_p99,99.0,4,1,1,1,9,70,1,1,0,0,0,93345,9485280,445,9485280,0,54784800,0,1,0,0,533632,19652
high_success,D_p99,99.0,5,1,1,1,23,49,1,1,0,0,0,64948,6639696,334,6639696,0,38349360,0,2,0,1,435274,13891
high_success,D_p99,99.0,6,1,1,1,19,121,2,1,0,0,0,162379,16395984,8997,16395984,0,94699440,0,4,0,3,795788,29413
high_success,D_p99,99.0,7,1,1,1,28,179,3,0,0,0,0,238816,24255216,1016770,24255216,391320,140092560,0,14,0,14,1451285,27886
high_success,D_p99,99.0,8,1,1,1,43,132,2,1,0,0,0,175089,17886528,568228,17886528,391320,103308480,0,11,0,11,1096307,29040
high_success,D_p99,99.0,9,1,1,1,38,173,3,0,0,0,0,232551,23442192,88178,23442192,391320,135396720,0,6,0,6,1267105,29447
high_success,D_p99,99.0,10,1,1,1,19,54,1,1,0,0,0,71732,7317216,454,7317216,0,42262560,0,3,0,2,472828,14311
high_success,D_p99,99.0,11,1,1,1,40,234,4,0,0,0,0,314597,31707936,147803,31707936,391320,183137760,0,7,0,7,1759113,35324
high_success,D_p99,99.0,12,1,1,1,26,103,2,1,0,0,0,138021,13956912,7345,13956912,0,80611920,0,4,0,3,1005775,27233
high_success,D_p99,99.0,13,1,1,1,76,303,5,0,0,0,0,406384,41057712,1180864,41057712,391320,237139920,0,15,0,15,2416759,43182
high_success,D_p99,99.0,14,1,1,1,23,106,2,0,0,0,0,140127,14363424,814221,14363424,391320,82959840,0,13,0,12,888625,25335
high_success,D_p99,99.0,15,1,1,1,32,127,2,1,0,0,0,170230,17209008,15138,17209008,0,99395280,0,2,0,1,1111478,29621
high_success,D_p99,99.0,16,1,1,1,41,52,1,0,0,0,0,68960,7046208,530,7046208,0,40697280,0,2,0,1,467777,12608
high_success,D_p99,99.0,17,1,1,1,42,118,2,1,0,0,0,156881,15989472,417284,15989472,391320,92351520,0,9,0,9,1071314,24261
high_success,D_p99,99.0,18,1,1,1,52,784,13,0,0,0,0,1058691,106235136,606155,106235136,391320,613589760,0,10,0,10,6161691,112743
high_success,D_p99,99.0,19,1,1,1,35,165,3,0,0,0,0,220257,22358160,543620,22358160,391320,129135600,0,11,0,10,1561665,40011
high_success,D_p99,99.0,20,1,1,1,29,175,3,0,0,0,0,233230,23713200,841696,23713200,391320,136962000,0,14,0,13,1424130,31106
high_success,D_p99,99.0,21,1,1,1,9,23,1,1,0,0,0,29725,3116592,98,3116592,0,18000720,0,1,0,1,300864,3411
high_success,D_p99,99.0,22,1,1,1,37,111,2,1,0,0,0,146709,15040944,1045159,15040944,391320,86873040,0,15,0,15,988023,22005
high_success,D_p99,99.0,23,1,1,1,28,129,2,1,0,0,0,173182,17480016,14373,17480016,0,100960560,0,4,0,3,1061513,29110
high_success,D_p99,99.0,24,1,1,1,23,135,2,0,0,0,0,179388,18293040,568925,18293040,391320,105656400,0,12,0,11,1250434,22086
high_success,D_p99,99.0,25,1,1,1,16,173,3,0,0,0,0,232808,23442192,38447,23442192,391320,135396720,0,6,0,5,1509009,47984
high_success,D_p99,99.0,26,1,1,1,44,123,2,0,0,0,0,162882,16666992,754854,16666992,391320,96264720,0,13,0,13,1125451,26870
high_success,D_p99,99.0,27,1,1,1,15,140,2,1,0,0,0,186822,18970560,788656,18970560,391320,109569600,0,13,0,13,1138382,22034
high_success,D_p99,99.0,28,1,1,1,17,221,4,0,0,0,0,295477,29946384,1073034,29946384,391320,172963440,0,14,0,14,1858367,29520
high_success,D_p99,99.0,29,1,1,1,29,109,2,0,0,0,0,146117,14769936,10218,14769936,0,85307760,0,2,0,1,738695,29244
high_success,D_p99,99.0,30,1,1,1,16,108,2,0,0,0,0,144718,14634432,9101,14634432,0,84525120,0,4,0,3,755745,20137
high_success,D_p99,99.0,31,1,1,1,6,22,1,1,0,0,0,28413,2981088,163,2981088,0,17218080,0,0,0,0,250305,5355
high_success,D_p99,99.0,32,1,1,1,33,259,4,0,0,0,0,347230,35095536,1175121,35095536,391320,202703760,0,15,0,15,2116577,37821
high_success,D_p99,99.0,33,1,1,1,30,129,2,0,0,0,0,171495,17480016,466555,17480016,391320,100960560,0,11,0,10,1059955,25745
high_success,D_p99,99.0,34,1,1,1,29,197,3,0,0,0,0,261899,26694288,942272,26694288,391320,154180080,0,13,0,13,1852273,39079
high_success,D_p99,99.0,35,1,1,1,54,348,6,0,0,0,0,467865,47155392,542848,47155392,391320,272358720,0,11,0,10,2721802,64216
high_success,D_p99,99.0,36,1,1,1,37,227,4,0,0,0,0,304603,30759408,425066,30759408,391320,177659280,0,10,0,9,1834900,43027
high_success,D_p99,99.0,37,0,0,0,53,1940,32,0,0,0,0,2623413,262877760,808987,262877760,391320,1518321600,0,10,0,9,15244106,476132
high_success,D_p99,99.0,38,1,1,1,45,278,5,0,0,0,0,372516,37670112,530515,37670112,391320,217573920,0,10,0,9,2038619,44443
high_success,D_p99,99.0,39,1,1,1,15,119,2,0,0,0,0,158199,16124976,561665,16124976,391320,93134160,0,11,0,11,1025400,30063
high_success,D_p99,99.0,40,1,1,1,22,116,2,0,0,0,0,155509,15718464,10028,15718464,0,90786240,0,4,0,3,926594,24483
high_success,D_p99,99.0,41,1,1,1,12,104,2,0,0,0,0,136762,14092416,1051177,14092416,391320,81394560,0,15,0,15,927755,26581
high_success,D_p99,99.0,42,1,1,1,40,159,3,1,0,0,0,212759,21545136,240064,21545136,391320,124439760,0,9,0,8,1280228,32658
high_success,D_p99,99.0,43,1,1,1,6,24,1,1,0,0,0,31083,3252096,238,3252096,0,18783360,0,1,0,0,289093,4772
high_success,D_p99,99.0,44,1,1,1,10,38,1,1,0,0,0,50040,5149152,279,5149152,0,29740320,0,1,0,0,341916,6334
high_success,D_p99,99.0,45,1,1,1,19,137,2,0,0,0,0,183904,18564048,34951,18564048,0,107221680,0,5,0,4,1057705,29436
high_success,D_p99,99.0,46,1,1,1,39,40,1,0,0,0,0,52740,5420160,355,5420160,0,31305600,0,0,0,0,328504,11329
high_success,D_p99,99.0,47,1,1,1,28,34,1,0,0,0,0,44631,4607136,248,4607136,0,26609760,0,2,0,2,338851,6384
high_success,D_p99,99.0,48,1,1,1,34,155,3,0,0,0,0,206178,21003120,819968,21003120,391320,121309200,0,13,0,13,1369826,25677
high_success,D_p99,99.0,49,1,1,1,34,114,2,0,0,0,0,152742,15447456,172757,15447456,391320,89220960,0,8,0,8,1053052,23852
high_success,D_p99,99.0,50,1,1,1,19,31,1,1,0,0,0,40570,4200624,201,4200624,0,24261840,0,2,0,2,409036,5653
high_success,D_p99,99.0,51,1,1,1,14,42,1,1,0,0,0,55409,5691168,220,5691168,0,32870880,0,3,0,2,447580,8262
high_success,D_p99,99.0,52,1,1,1,11,30,1,1,0,0,0,39167,4065120,269,4065120,0,23479200,0,1,0,0,355393,8891
high_success,D_p99,99.0,53,1,1,1,20,291,5,0,0,0,0,392338,39431664,42516,39431664,0,227748240,0,3,0,2,2304770,53124
high_success,D_p99,99.0,54,1,1,1,52,197,3,0,0,0,0,265369,26694288,29023,26694288,0,154180080,0,3,0,2,1481632,41311
high_success,D_p99,99.0,55,1,1,1,42,227,4,0,0,0,0,304712,30759408,429856,30759408,391320,177659280,0,10,0,10,1829527,41558
high_success,D_p99,99.0,56,1,1,1,28,110,2,0,0,0,0,144556,14905440,634465,14905440,391320,86090400,0,12,0,11,899169,17899
high_success,D_p99,99.0,57,1,1,1,13,34,1,1,0,0,0,44577,4607136,257,4607136,0,26609760,0,2,0,1,319810,6813
high_success,D_p99,99.0,58,1,1,1,31,37,1,1,0,0,0,48668,5013648,374,5013648,0,28957680,0,1,0,0,444365,9051
high_success,D_p99,99.0,59,1,1,1,19,60,1,1,0,0,0,79786,8130240,645,8130240,0,46958400,0,4,0,3,534803,17735
high_success,D_p99,99.0,60,1,1,1,23,96,2,1,0,0,0,128535,13008384,10351,13008384,0,75133440,0,3,0,2,571001,23029
high_success,D_p99,99.0,61,1,1,1,38,103,2,0,0,0,0,137164,13956912,153651,13956912,391320,80611920,0,7,0,7,772359,28195
high_success,D_p99,99.0,62,1,1,1,40,185,3,0,0,0,0,249040,25068240,22059,25068240,0,144788400,0,3,0,3,1484663,53779
high_success,D_p99,99.0,63,1,1,1,33,41,1,0,0,0,0,53954,5555664,454,5555664,0,32088240,0,2,0,1,573933,12602
high_success,D_p99,99.0,64,1,1,1,3,19,1,1,0,0,0,24273,2574576,142,2574576,0,14870160,0,0,0,0,202276,2963
high_success,D_p99,99.0,65,1,1,1,16,25,1,1,0,0,0,32427,3387600,148,3387600,0,19566000,0,1,0,1,345260,3832
high_success,D_p99,99.0,66,1,1,1,17,52,1,1,0,0,0,68954,7046208,345,7046208,0,40697280,0,2,0,2,436056,13417
high_success,D_p99,99.0,67,1,1,1,43,104,2,1,0,0,0,138964,14092416,122364,14092416,391320,81394560,0,7,0,6,865614,22043
high_success,D_p99,99.0,68,1,1,1,64,128,2,0,0,0,0,169786,17344512,586944,17344512,391320,100177920,0,12,0,12,1102128,21746
high_success,D_p99,99.0,69,1,1,1,28,132,2,0,0,0,0,175842,17886528,774081,17886528,391320,103308480,0,12,0,12,1156991,29041
high_success,D_p99,99.0,70,1,1,1,26,104,2,0,0,0,0,139009,14092416,40780,14092416,391320,81394560,0,6,0,6,977144,27500
high_success,D_p99,99.0,71,1,1,1,12,96,2,0,0,0,0,128334,13008384,6800,13008384,0,75133440,0,4,0,3,820773,37734
high_success,D_p99,99.0,72,1,1,1,26,45,1,0,0,0,0,59528,6097680,366,6097680,0,35218800,0,3,0,2,460409,12118
high_success,D_p99,99.0,73,1,1,1,28,152,3,0,0,0,0,202643,20596608,803866,20596608,391320,118961280,0,13,0,12,1211557,27575
high_success,D_p99,99.0,74,1,1,1,14,45,1,1,0,0,0,59534,6097680,407,6097680,0,35218800,0,2,0,1,423576,13084
high_success,D_p99,99.0,75,1,1,1,35,114,2,1,0,0,0,151729,15447456,362493,15447456,391320,89220960,0,10,0,10,1019678,24590
high_success,D_p99,99.0,76,1,1,1,31,120,2,0,0,0,0,158766,16260480,698604,16260480,391320,93916800,0,12,0,12,1047274,23757
high_success,D_p99,99.0,77,1,1,1,31,136,2,1,0,0,0,182680,18428544,14459,18428544,0,106439040,0,3,0,2,1484723,63379
high_success,D_p99,99.0,78,1,1,1,19,120,2,1,0,0,0,159676,16260480,485137,16260480,391320,93916800,0,11,0,10,1005891,27827
high_success,D_p99,99.0,79,1,1,1,27,160,3,0,0,0,0,215107,21680640,20817,21680640,0,125222400,0,3,0,2,1164841,37990
high_success,D_p99,99.0,80,1,1,1,56,192,3,0,0,0,0,255682,26016768,861645,26016768,391320,150266880,0,12,0,11,1766571,47086
high_success,D_p99,99.0,81,1,1,1,34,123,2,0,0,0,0,161928,16666992,1092273,16666992,391320,96264720,0,14,0,14,1049750,17896
high_success,D_p99,99.0,82,1,1,1,21,126,2,1,0,0,0,166609,17073504,941250,17073504,391320,98612640,0,13,0,13,974409,21727
high_success,D_p99,99.0,83,1,1,1,13,50,1,1,0,0,0,66227,6775200,370,6775200,0,39132000,0,4,0,3,497736,12796
high_success,D_p99,99.0,84,1,1,1,47,75,1,0,0,0,0,99907,10162800,798,10162800,0,58698000,0,2,0,1,790201,17502
high_success,D_p99,99.0,85,1,1,1,30,127,2,0,0,0,0,168794,17209008,1509837,17209008,391320,99395280,0,17,0,17,986997,11889
high_success,D_p99,99.0,86,1,1,1,41,120,2,0,0,0,0,158483,16260480,709193,16260480,391320,93916800,0,13,0,12,1121238,21321
high_success,D_p99,99.0,87,1,1,1,8,180,3,1,0,0,0,239224,24390720,846216,24390720,391320,140875200,0,11,0,11,1265541,33921
high_success,D_p99,99.0,88,1,1,1,22,114,2,0,0,0,0,151138,15447456,1062166,15447456,391320,89220960,0,15,0,14,1122312,18000
high_success,D_p99,99.0,89,1,1,1,23,128,2,0,0,0,0,168315,17344512,848857,17344512,391320,100177920,0,13,0,12,1174488,25499
high_success,D_p99,99.0,90,1,1,1,22,48,1,1,0,0,0,63565,6504192,318,6504192,0,37566720,0,4,0,3,497813,11092
high_success,D_p99,99.0,91,1,1,1,51,430,7,0,0,0,0,580658,58266720,90181,58266720,0,336535200,0,1,0,1,3317837,76482
high_success,D_p99,99.0,92,1,1,1,20,32,1,0,0,0,0,41905,4336128,188,4336128,0,25044480,0,2,0,1,391227,9186
high_success,D_p99,99.0,93,1,1,1,6,51,1,1,0,0,0,67558,6910704,218,6910704,0,39914640,0,3,0,1,556181,18518
high_success,D_p99,99.0,94,1,1,1,44,124,2,0,0,0,0,166327,16802496,18574,16802496,0,97047360,0,4,0,4,1058825,29447
high_success,D_p99,99.0,95,1,1,1,15,26,1,1,0,0,0,33795,3523104,164,3523104,0,20348640,0,1,0,0,298880,3789
high_success,D_p99,99.0,96,1,1,1,21,109,2,0,0,0,0,146097,14769936,7956,14769936,0,85307760,0,5,0,4,1001628,29984
high_success,D_p99,99.0,97,1,1,1,27,119,2,1,0,0,0,157586,16124976,519243,16124976,391320,93134160,0,11,0,11,1100816,29262
high_success,D_p99,99.0,98,1,1,1,32,99,2,0,0,0,0,132534,13414896,6890,13414896,0,77481360,0,3,0,1,784716,41474
high_success,D_p99,99.0,99,1,1,1,20,103,2,1,0,0,0,137274,13956912,268909,13956912,391320,80611920,0,9,0,8,830297,23753
high_success,D_p99,99.0,100,1,1,1,34,183,3,0,0,0,0,245826,24797232,92626,24797232,391320,143223120,0,7,0,6,1632966,41861
high_success,D_p99,99.0,101,1,1,1,36,164,3,0,0,0,0,219667,22222656,340073,22222656,391320,128352960,0,9,0,9,1310252,37155
high_success,D_p99,99.0,102,1,1,1,15,180,3,0,0,0,0,240053,24390720,1588009,24390720,391320,140875200,0,18,0,17,1440079,26379
high_success,D_p99,99.0,103,1,1,1,36,116,2,0,0,0,0,155682,15718464,9516,15718464,0,90786240,0,3,0,2,776179,28753
high_success,D_p99,99.0,104,1,1,1,21,113,2,0,0,0,0,149118,15311952,854225,15311952,391320,88438320,0,14,0,14,879420,21495
high_success,D_p99,99.0,105,1,1,1,45,162,3,0,0,0,0,217180,21951648,80863,21951648,391320,126787680,0,7,0,6,1107357,36660
high_success,D_p99,99.0,106,1,1,1,20,116,2,0,0,0,0,152962,15718464,946826,15718464,391320,90786240,0,13,0,13,1044779,24648
high_success,D_p99,99.0,107,1,1,1,19,117,2,1,0,0,0,156907,15853968,11294,15853968,0,91568880,0,3,0,2,932687,24937
high_success,D_p99,99.0,108,1,1,1,34,42,1,0,0,0,0,55351,5691168,342,5691168,0,32870880,0,1,0,1,485329,11130
high_success,D_p99,99.0,109,1,1,1,6,35,1,1,0,0,0,45901,4742640,336,4742640,0,27392400,0,1,0,0,371901,7255
high_success,D_p99,99.0,110,1,1,1,35,197,3,1,0,0,0,265217,26694288,27940,26694288,0,154180080,0,3,0,1,1791690,48712
high_success,D_p99,99.0,111,1,1,1,28,118,2,0,0,0,0,158452,15989472,13580,15989472,391320,92351520,0,5,0,4,903613,34447
high_success,D_p99,99.0,112,1,1,1,45,25,1,0,0,0,0,32321,3387600,263,3387600,0,19566000,0,1,0,1,255973,3416
high_success,D_p99,99.0,113,1,1,1,26,121,2,0,0,0,0,160439,16395984,1139684,16395984,391320,94699440,0,16,0,15,1149608,23715
high_success,D_p99,99.0,114,1,1,1,54,191,3,0,0,0,0,255619,25881264,433998,25881264,391320,149484240,0,10,0,10,1534153,41253
high_success,D_p99,99.0,115,1,1,1,12,28,1,1,0,0,0,36554,3794112,265,3794112,0,21913920,0,0,0,0,313748,7163
high_success,D_p99,99.0,116,1,1,1,31,132,2,1,0,0,0,175241,17886528,871854,17886528,391320,103308480,0,13,0,13,1040412,21876
high_success,D_p99,99.0,117,1,1,1,44,139,2,1,0,0,0,184537,18835056,732143,18835056,391320,108786960,0,12,0,12,1213038,17662
high_success,D_p99,99.0,118,1,1,1,40,138,2,0,0,0,0,184415,18699552,271353,18699552,391320,108004320,0,8,0,8,1162435,41913
high_success,D_p99,99.0,119,1,1,1,29,98,2,0,0,0,0,131337,13279392,6727,13279392,0,76698720,0,2,0,2,634084,27127
high_success,D_p99,99.0,120,1,1,1,21,289,5,1,0,0,0,387097,39160656,1095651,39160656,391320,226182960,0,14,0,14,2532898,54352
high_success,D_p99,99.0,121,1,1,1,32,60,1,0,0,0,0,79817,8130240,709,8130240,0,46958400,0,4,0,3,460981,16169
high_success,D_p99,99.0,122,1,1,1,22,115,2,0,0,0,0,152635,15582960,658129,15582960,391320,90003600,0,11,0,11,1014565,18684
high_success,D_p99,99.0,123,1,1,1,32,158,3,0,0,0,0,210874,21409632,688885,21409632,391320,123657120,0,12,0,12,1417010,34569
high_success,D_p99,99.0,124,1,1,1,35,366,6,0,0,0,0,490444,49594464,1189287,49594464,391320,286446240,0,15,0,14,3029492,79445
high_success,D_p99,99.0,125,1,1,1,22,38,1,1,0,0,0,49990,5149152,340,5149152,0,29740320,0,3,0,2,445268,8656
high_success,D_p99,99.0,126,1,1,1,32,103,2,0,0,0,0,137791,13956912,7542,13956912,0,80611920,0,2,0,1,833946,30546
high_success,D_p99,99.0,127,1,1,1,36,136,2,0,0,0,0,182664,18428544,15011,18428544,0,106439040,0,4,0,3,1033011,24738
low_latency,A_max,,0,1,1,1,40,157,3,0,0,0,0,0,21274128,5546099,21274128,391320,122874480,0,33,0,33,186563,0
low_latency,A_max,,1,1,1,1,32,148,3,0,0,0,0,0,20054592,4418044,20054592,391320,115830720,0,27,0,27,295118,0
low_latency,A_max,,2,0,0,0,7938,260,4,0,0,0,0,0,35231040,1957848,35231040,782640,203486400,0,6,0,6,133319,0
low_latency,A_max,,3,0,0,0,316,260,4,0,0,0,0,0,35231040,6024885,35231040,782640,203486400,0,30,0,30,204629,0
low_latency,A_max,,4,1,1,1,26,163,3,0,0,0,0,0,22087152,5811190,22087152,391320,127570320,0,33,0,33,221328,0
low_latency,A_max,,5,1,1,1,33,161,3,0,0,0,0,0,21816144,4393081,21816144,391320,126005040,0,26,0,26,176669,0
low_latency,A_max,,6,1,1,1,32,18,1,1,0,0,0,0,2439072,142,2439072,0,14087520,0,2,0,2,61722,0
low_latency,A_max,,7,0,0,0,8542,260,4,1,0,0,0,0,35231040,4955033,35231040,391320,203486400,0,9,0,9,99701,0
low_latency,A_max,,8,0,0,0,5799,260,4,0,0,0,0,0,35231040,5985764,35231040,391320,203486400,0,28,0,28,269463,0
low_latency,A_max,,9,1,1,1,40,158,3,0,0,0,0,0,21409632,5189236,21409632,391320,123657120,0,30,0,30,210493,0
low_latency,A_max,,10,0,0,0,5575,260,4,0,0,0,0,0,35231040,3793663,35231040,782640,203486400,0,8,0,8,118664,0
low_latency,A_max,,11,1,1,1,50,151,3,0,0,0,0,0,20461104,4777874,20461104,391320,118178640,0,29,0,29,190446,0
low_latency,A_max,,12,1,1,1,72,157,3,0,0,0,0,0,21274128,3091600,21274128,782640,122874480,0,9,0,9,125984,0
low_latency,A_max,,13,1,1,1,65,222,4,0,0,0,0,0,30081888,5269381,30081888,782640,173746080,0,24,0,24,159070,0
low_latency,A_max,,14,1,1,1,29,151,3,0,0,0,0,0,20461104,5024551,20461104,391320,118178640,0,29,0,29,136129,0
low_latency,A_max,,15,1,1,1,49,160,3,0,0,0,0,0,21680640,1001768,21680640,782640,125222400,0,7,0,7,90518,0
low_latency,A_max,,16,0,0,0,4376,260,4,0,0,0,0,0,35231040,5689842,35231040,782640,203486400,0,29,0,29,197682,0
low_latency,A_max,,17,0,0,0,5922,260,4,0,0,0,0,0,35231040,6495402,35231040,782640,203486400,0,33,0,33,318703,0
low_latency,A_max,,18,0,0,0,5737,260,4,0,0,0,0,0,35231040,5416683,35231040,782640,203486400,0,27,0,27,145489,0
low_latency,A_max,,19,1,1,1,43,159,3,0,0,0,0,0,21545136,5148653,21545136,391320,124439760,0,30,0,30,154702,0
low_latency,A_max,,20,1,1,1,27,160,3,0,0,0,0,0,21680640,2627511,21680640,782640,125222400,0,11,0,11,86023,0
low_latency,A_max,,21,0,0,0,7193,260,4,0,0,0,0,0,35231040,6597889,35231040,782640,203486400,0,33,0,33,304469,0
low_latency,A_max,,22,1,1,1,43,159,3,0,0,0,0,0,21545136,5639419,21545136,391320,124439760,0,32,0,32,158099,0
low_latency,A_max,,23,0,0,0,4536,260,4,0,0,0,0,0,35231040,2383228,35231040,782640,203486400,0,9,0,9,103640,0
low_latency,A_max,,24,1,1,1,38,221,4,0,0,0,0,0,29946384,5476963,29946384,391320,172963440,0,29,0,29,265281,0
low_latency,A_max,,25,1,1,1,25,150,3,0,0,0,0,0,20325600,1383774,20325600,782640,117396000,0,8,0,8,85914,0
low_latency,A_max,,26,1,1,1,53,220,4,0,0,0,0,0,29810880,5487714,29810880,782640,172180800,0,30,0,30,320083,0
low_latency,A_max,,27,0,0,0,6164,260,4,0,0,0,0,0,35231040,6324330,35231040,391320,203486400,0,29,0,29,169279,0
low_latency,A_max,,28,0,0,0,4499,260,4,0,0,0,0,0,35231040,5982076,35231040,782640,203486400,0,30,0,30,301582,0
low_latency,A_max,,29,0,0,0,5564,260,4,0,0,0,0,0,35231040,6269678,35231040,782640,203486400,0,31,0,31,167518,0
low_latency,A_max,,30,1,1,1,7,18,1,1,0,0,0,0,2439072,122,2439072,0,14087520,0,2,0,2,73034,0
low_latency,A_max,,31,0,0,0,117,260,4,0,0,0,0,0,35231040,5702807,35231040,391320,203486400,0,32,0,32,218365,0
low_latency,A_max,,32,1,1,1,44,210,4,0,0,0,0,0,28455840,6152721,28455840,782640,164354400,0,33,0,33,280494,0
low_latency,A_max,,33,1,1,1,7,14,1,1,0,0,0,0,1897056,108,1897056,0,10956960,0,1,0,1,47913,0
low_latency,A_max,,34,0,0,0,5729,260,4,0,0,0,0,0,35231040,6221270,35231040,782640,203486400,0,31,0,31,339984,0
low_latency,A_max,,35,1,1,1,61,217,4,0,0,0,0,0,29404368,5496802,29404368,782640,169832880,0,27,0,27,614321,0
low_latency,A_max,,36,1,1,1,41,149,3,0,0,0,0,0,20190096,4133177,20190096,391320,116613360,0,24,0,24,90706,0
low_latency,A_max,,37,0,0,1,304,260,4,1,0,0,0,0,35231040,1752533,35231040,391320,203486400,0,6,0,6,70123,0
low_latency,A_max,,38,0,0,0,7134,260,4,0,0,0,0,0,35231040,4844768,35231040,782640,203486400,0,23,0,23,158428,0
low_latency,A_max,,39,1,1,1,43,154,3,0,0,0,0,0,20867616,4760106,20867616,391320,120526560,0,28,0,28,180870,0
low_latency,A_max,,40,0,0,0,7207,260,4,0,0,0,0,0,35231040,6038580,35231040,391320,203486400,0,30,0,30,201304,0
low_latency,A_max,,41,1,1,1,19,209,4,0,0,0,0,0,28320336,5983197,28320336,782640,163571760,0,31,0,31,273352,0
low_latency,A_max,,42,0,0,0,5714,260,4,0,0,0,0,0,35231040,5483662,35231040,782640,203486400,0,28,0,28,220892,0
low_latency,A_max,,43,1,1,1,12,19,1,1,0,0,0,0,2574576,181,2574576,0,14870160,0,3,0,3,55569,0
low_latency,A_max,,44,0,0,0,5767,260,4,0,0,0,0,0,35231040,3066917,35231040,782640,203486400,0,10,0,10,108329,0
low_latency,A_max,,45,1,1,1,22,216,4,0,0,0,0,0,29268864,5871457,29268864,782640,169050240,0,32,0,32,328074,0
low_latency,A_max,,46,1,1,1,34,159,3,0,0,0,0,0,21545136,770486,21545136,782640,124439760,0,6,0,6,73303,0
low_latency,A_max,,47,1,1,1,32,154,3,0,0,0,0,0,20867616,1460453,20867616,391320,120526560,0,8,0,8,87149,0
low_latency,A_max,,48,1,1,1,37,95,2,0,0,0,0,0,12872880,269574,12872880,0,74350800,0,6,0,6,78096,0
low_latency,A_max,,49,0,0,0,5568,260,4,0,0,0,0,0,35231040,4986752,35231040,782640,203486400,0,25,0,25,187274,0
low_latency,A_max,,50,0,0,0,6100,260,4,0,0,0,0,0,35231040,4182651,35231040,782640,203486400,0,10,0,10,136048,0
low_latency,A_max,,51,1,1,1,9,17,1,1,0,0,0,0,2303568,117,2303568,0,13304880,0,1,0,1,64773,0
low_latency,A_max,,52,1,1,1,17,19,1,1,0,0,0,0,2574576,148,2574576,0,14870160,0,3,0,3,53875,0
low_latency,A_max,,53,1,1,1,56,174,3,0,0,0,0,0,23577696,4885388,23577696,391320,136179360,0,25,0,25,138086,0
low_latency,A_max,,54,0,0,0,5596,260,4,0,0,0,0,0,35231040,5233025,35231040,782640,203486400,0,25,0,25,183660,0
low_latency,A_max,,55,0,0,0,62,260,4,0,0,0,0,0,35231040,5581280,35231040,391320,203486400,0,30,0,30,249429,0
low_latency,A_max,,56,0,0,0,4508,260,4,0,0,0,0,0,35231040,6144292,35231040,782640,203486400,0,30,0,30,153536,0
low_latency,A_max,,57,1,1,1,52,211,4,0,0,0,0,0,28591344,5719765,28591344,782640,165137040,0,32,0,32,168217,0
low_latency,A_max,,58,0,0,0,5716,260,4,0,0,0,0,0,35231040,6338919,35231040,782640,203486400,0,31,0,31,223164,0
low_latency,A_max,,59,1,1,1,58,122,2,0,0,0,0,0,16531488,2063315,16531488,391320,95482080,0,13,0,13,78600,0
low_latency,A_max,,60,1,1,1,33,156,3,0,0,0,0,0,21138624,5486702,21138624,391320,122091840,0,30,0,30,129031,0
low_latency,A_max,,61,0,0,1,151,260,4,1,0,0,0,0,35231040,5366246,35231040,391320,203486400,0,26,0,26,159945,0
low_latency,A_max,,62,1,1,1,37,161,3,0,0,0,0,0,21816144,4621851,21816144,391320,126005040,0,27,0,27,146941,0
low_latency,A_max,,63,0,0,0,4498,260,4,0,0,0,0,0,35231040,1223734,35231040,391320,203486400,0,5,0,5,106696,0
low_latency,A_max,,64,0,0,0,4438,260,4,0,0,0,0,0,35231040,6115070,35231040,782640,203486400,0,27,0,27,185951,0
low_latency,A_max,,65,1,1,1,12,15,1,1,0,0,0,0,2032560,109,2032560,0,11739600,0,1,0,1,96782,0
low_latency,A_max,,66,1,1,1,46,165,3,0,0,0,0,0,22358160,5144557,22358160,391320,129135600,0,30,0,30,157369,0
low_latency,A_max,,67,1,1,1,44,155,3,0,0,0,0,0,21003120,5420777,21003120,391320,121309200,0,30,0,30,188375,0
low_latency,A_max,,68,0,0,0,5355,260,4,0,0,0,0,0,35231040,6204635,35231040,782640,203486400,0,28,0,28,204766,0
low_latency,A_max,,69,1,1,1,24,208,4,0,0,0,0,0,28184832,5163996,28184832,782640,162789120,0,28,0,28,148778,0
low_latency,A_max,,70,0,0,0,5636,260,4,0,0,0,0,0,35231040,5421758,35231040,782640,203486400,0,25,0,25,131894,0
low_latency,A_max,,71,1,1,1,38,211,4,0,0,0,0,0,28591344,5842860,28591344,391320,165137040,0,32,0,32,209258,0
low_latency,A_max,,72,1,1,1,27,151,3,0,0,0,0,0,20461104,5014426,20461104,391320,118178640,0,29,0,29,244536,0
low_latency,A_max,,73,1,1,1,38,108,2,0,0,0,0,0,14634432,1024960,14634432,391320,84525120,0,8,0,8,76995,0
low_latency,A_max,,74,1,1,1,33,214,4,0,0,0,0,0,28997856,2445564,28997856,1173960,167484960,0,10,0,10,80682,0
low_latency,A_max,,75,1,1,1,42,157,3,0,0,0,0,0,21274128,4864367,21274128,391320,122874480,0,29,0,29,156166,0
low_latency,A_max,,76,1,1,1,33,155,3,0,0,0,0,0,21003120,4981566,21003120,391320,121309200,0,29,0,29,196995,0
low_latency,A_max,,77,0,0,0,4017,260,4,0,0,0,0,0,35231040,5357349,35231040,391320,203486400,0,27,0,27,165175,0
low_latency,A_max,,78,1,1,1,34,155,3,0,0,0,0,0,21003120,5494313,21003120,391320,121309200,0,32,0,32,237801,0
low_latency,A_max,,79,1,1,1,27,222,4,0,0,0,0,0,30081888,5776132,30081888,782640,173746080,0,31,0,31,165999,0
low_latency,A_max,,80,0,0,0,5874,260,4,0,0,0,0,0,35231040,6124901,35231040,782640,203486400,0,30,0,30,161236,0
low_latency,A_max,,81,0,0,0,4561,260,4,0,0,0,0,0,35231040,5344007,35231040,782640,203486400,0,27,0,27,155039,0
low_latency,A_max,,82,1,1,1,29,149,3,0,0,0,0,0,20190096,1423731,20190096,391320,116613360,0,8,0,8,66124,0
low_latency,A_max,,83,1,1,1,27,212,4,0,0,0,0,0,28726848,5197983,28726848,782640,165919680,0,29,0,29,206695,0
low_latency,A_max,,84,1,1,1,46,155,3,0,0,0,0,0,21003120,4551684,21003120,391320,121309200,0,26,0,26,139121,0
low_latency,A_max,,85,0,0,0,5556,260,4,0,0,0,0,0,35231040,6714643,35231040,782640,203486400,0,30,0,30,265899,0
low_latency,A_max,,86,1,1,1,55,220,4,0,0,0,0,0,29810880,5989504,29810880,782640,172180800,0,32,0,32,156925,0
low_latency,A_max,,87,0,0,0,6275,260,4,0,0,0,0,0,35231040,5232453,35231040,391320,203486400,0,9,0,9,117764,0
low_latency,A_max,,88,1,1,1,23,19,1,1,0,0,0,0,2574576,160,2574576,0,14870160,0,2,0,2,64818,0
low_latency,A_max,,89,1,1,1,37,152,3,0,0,0,0,0,20596608,5264567,20596608,391320,118961280,0,30,0,30,206236,0
low_latency,A_max,,90,1,1,1,24,155,3,0,0,0,0,0,21003120,5389403,21003120,391320,121309200,0,31,0,31,164280,0
low_latency,A_max,,91,0,0,1,408,260,4,1,0,0,0,0,35231040,4263880,35231040,782640,203486400,0,24,0,24,260513,0
low_latency,A_max,,92,1,1,1,44,161,3,0,0,0,0,0,21816144,1273884,21816144,391320,126005040,0,7,0,7,76036,0
low_latency,A_max,,93,1,1,1,34,157,3,0,0,0,0,0,21274128,4738575,21274128,391320,122874480,0,28,0,28,179762,0
low_latency,A_max,,94,1,1,1,30,23,1,1,0,0,0,0,3116592,285,3116592,0,18000720,0,3,0,3,53890,0
low_latency,A_max,,95,1,1,1,33,217,4,0,0,0,0,0,29404368,5847096,29404368,782640,169832880,0,30,0,30,253175,0
low_latency,A_max,,96,0,0,0,5613,260,4,0,0,0,0,0,35231040,6225913,35231040,391320,203486400,0,31,0,31,196301,0
low_latency,A_max,,97,1,1,1,40,213,4,0,0,0,0,0,28862352,6883737,28862352,782640,166702320,0,28,0,28,165571,0
low_latency,A_max,,98,1,1,1,26,21,1,1,0,0,0,0,2845584,220,2845584,0,16435440,0,4,0,4,71388,0
low_latency,A_max,,99,0,0,0,6286,260,4,0,0,0,0,0,35231040,5624985,35231040,782640,203486400,0,28,0,28,160486,0
low_latency,A_max,,100,1,1,1,40,156,3,0,0,0,0,0,21138624,4753582,21138624,391320,122091840,0,29,0,29,179260,0
low_latency,A_max,,101,0,0,0,8027,260,4,0,0,0,0,0,35231040,3383739,35231040,1173960,203486400,0,12,0,12,108289,0
low_latency,A_max,,102,0,0,0,5829,260,4,0,0,0,0,0,35231040,6387145,35231040,391320,203486400,0,33,0,33,154682,0
low_latency,A_max,,103,0,0,0,5555,260,4,0,0,0,0,0,35231040,5442100,35231040,391320,203486400,0,29,0,29,121018,0
low_latency,A_max,,104,0,0,0,5619,260,4,0,0,0,0,0,35231040,6126524,35231040,782640,203486400,0,30,0,30,251666,0
low_latency,A_max,,105,1,1,1,42,159,3,0,0,0,0,0,21545136,5002168,21545136,391320,124439760,0,29,0,29,163392,0
low_latency,A_max,,106,1,1,1,23,115,2,0,0,0,0,0,15582960,1869588,15582960,391320,90003600,0,11,0,11,88192,0
low_latency,A_max,,107,0,0,0,6844,260,4,0,0,0,0,0,35231040,2763005,35231040,1173960,203486400,0,9,0,9,136016,0
low_latency,A_max,,108,1,1,1,16,18,1,0,0,0,0,0,2439072,165,2439072,0,14087520,0,1,0,1,52997,0
low_latency,A_max,,109,0,0,0,5597,260,4,0,0,0,0,0,35231040,4481661,35231040,1173960,203486400,0,10,0,10,91402,0
low_latency,A_max,,110,0,0,0,7206,260,4,0,0,0,0,0,35231040,6039186,35231040,782640,203486400,0,26,0,26,192474,0
low_latency,A_max,,111,0,0,0,6005,260,4,0,0,0,0,0,35231040,1699149,35231040,782640,203486400,0,7,0,7,87141,0
low_latency,A_max,,112,0,0,0,5410,260,4,0,0,0,0,0,35231040,5891887,35231040,391320,203486400,0,29,0,29,163042,0
low_latency,A_max,,113,1,1,1,36,215,4,0,0,0,0,0,29133360,5358057,29133360,782640,168267600,0,29,0,29,196360,0
low_latency,A_max,,114,0,0,0,4695,260,4,0,0,0,0,0,35231040,5651963,35231040,391320,203486400,0,29,0,29,143316,0
low_latency,A_max,,115,1,1,1,17,150,3,0,0,0,0,0,20325600,1264142,20325600,782640,117396000,0,8,0,8,75969,0
low_latency,A_max,,116,0,0,0,5937,260,4,0,0,0,0,0,35231040,6282253,35231040,782640,203486400,0,33,0,33,299114,0
low_latency,A_max,,117,0,0,0,5841,260,4,0,0,0,0,0,35231040,5883499,35231040,391320,203486400,0,29,0,29,158120,0
low_latency,A_max,,118,1,1,1,18,23,1,1,0,0,0,0,3116592,204,3116592,0,18000720,0,3,0,3,60656,0
low_latency,A_max,,119,0,0,0,5521,260,4,0,0,0,0,0,35231040,4864990,35231040,782640,203486400,0,10,0,10,161069,0
low_latency,A_max,,120,1,1,1,26,162,3,0,0,0,0,0,21951648,5301447,21951648,391320,126787680,0,31,0,31,235479,0
low_latency,A_max,,121,0,0,0,5953,260,4,0,0,0,0,0,35231040,5629820,35231040,782640,203486400,0,29,0,29,189063,0
low_latency,A_max,,122,0,0,0,4480,260,4,0,0,0,0,0,35231040,6259151,35231040,782640,203486400,0,31,0,31,214831,0
low_latency,A_max,,123,1,1,1,13,21,1,1,0,0,0,0,2845584,192,2845584,0,16435440,0,3,0,3,50250,0
low_latency,A_max,,124,0,0,0,7933,260,4,0,0,0,0,0,35231040,6298504,35231040,782640,203486400,0,31,0,31,224236,0
low_latency,A_max,,125,1,1,1,13,21,1,1,0,0,0,0,2845584,181,2845584,0,16435440,0,3,0,3,61552,0
low_latency,A_max,,126,1,1,1,28,151,3,0,0,0,0,0,20461104,4761093,20461104,391320,118178640,0,29,0,29,208052,0
low_latency,A_max,,127,1,1,1,59,163,3,0,0,0,0,0,22087152,3664197,22087152,782640,127570320,0,9,0,9,94042,0
low_latency,B_p99p9,99.9,0,0,0,0,4223,260,4,0,0,0,0,34264,35231040,6000525,35231040,782640,203486400,0,33,0,33,630701,2323
low_latency,B_p99p9,99.9,1,1,1,1,51,152,3,0,0,0,0,18710,20596608,3760862,20596608,391320,118961280,0,26,0,26,342956,870
low_latency,B_p99p9,99.9,2,0,0,0,4393,260,4,0,0,0,0,30004,35231040,5065455,35231040,782640,203486400,0,24,0,24,660893,4265
low_latency,B_p99p9,99.9,3,0,0,0,4551,260,4,0,0,0,0,34221,35231040,5584920,35231040,782640,203486400,0,30,0,30,655627,2333
low_latency,B_p99p9,99.9,4,1,1,1,36,214,4,0,0,0,0,28365,28997856,5779266,28997856,782640,167484960,0,33,0,33,464644,1123
low_latency,B_p99p9,99.9,5,1,1,1,29,95,2,0,0,0,0,12746,12872880,228986,12872880,391320,74350800,0,6,0,6,167258,1619
low_latency,B_p99p9,99.9,6,1,1,1,40,219,4,0,0,0,0,28981,29675376,5213289,29675376,391320,171398160,0,31,0,31,455974,1446
low_latency,B_p99p9,99.9,7,0,0,0,4419,260,4,1,0,0,0,35077,35231040,4366935,35231040,1173960,203486400,0,9,0,9,455785,3716
low_latency,B_p99p9,99.9,8,0,0,0,5633,260,4,0,0,0,0,32912,35231040,5135661,35231040,782640,203486400,0,28,0,28,683637,2182
low_latency,B_p99p9,99.9,9,0,0,0,7925,260,4,1,0,0,0,34706,35231040,5843006,35231040,782640,203486400,0,30,0,30,673927,3737
low_latency,B_p99p9,99.9,10,1,1,1,46,150,3,0,0,0,0,13984,20325600,4915363,20325600,391320,117396000,0,25,0,25,361528,1319
low_latency,B_p99p9,99.9,11,1,1,1,48,149,3,0,0,0,0,19257,20190096,4597658,20190096,391320,116613360,0,29,0,29,443481,1024
low_latency,B_p99p9,99.9,12,1,1,1,43,153,3,0,0,0,0,20499,20732112,2987068,20732112,782640,119743920,0,10,0,10,311148,1519
low_latency,B_p99p9,99.9,13,1,1,1,48,110,2,1,0,0,0,14705,14905440,1229301,14905440,391320,86090400,0,8,0,8,161672,2107
low_latency,B_p99p9,99.9,14,1,1,1,27,20,1,1,0,0,0,2572,2710080,235,2710080,0,15652800,0,2,0,1,67491,245
low_latency,B_p99p9,99.9,15,0,0,0,5944,260,4,0,0,0,0,35015,35231040,1033560,35231040,782640,203486400,0,7,0,6,435170,1828
low_latency,B_p99p9,99.9,16,1,1,1,32,154,3,0,0,0,0,19794,20867616,4576294,20867616,391320,120526560,0,29,0,29,359233,1001
low_latency,B_p99p9,99.9,17,0,0,0,7361,260,4,0,0,0,0,34561,35231040,6253996,35231040,782640,203486400,0,33,0,33,635429,1430
low_latency,B_p99p9,99.9,18,0,0,0,5850,260,4,0,0,0,0,34763,35231040,5591700,35231040,782640,203486400,0,29,0,29,539923,2231
low_latency,B_p99p9,99.9,19,1,1,1,16,23,1,1,0,0,0,2981,3116592,200,3116592,0,18000720,0,2,0,2,110110,166
low_latency,B_p99p9,99.9,20,1,1,1,21,158,3,0,0,0,0,20584,21409632,4866195,21409632,391320,123657120,0,29,0,29,340275,1341
low_latency,B_p99p9,99.9,21,1,1,1,0,15,1,1,0,0,0,1873,2032560,75,2032560,0,11739600,0,2,0,1,118854,322
low_latency,B_p99p9,99.9,22,1,1,1,39,161,3,0,0,0,0,20067,21816144,5330528,21816144,391320,126005040,0,32,0,32,317689,851
low_latency,B_p99p9,99.9,23,0,0,0,4747,260,4,0,0,0,0,33782,35231040,5236816,35231040,782640,203486400,0,28,0,28,675276,3069
low_latency,B_p99p9,99.9,24,1,1,1,41,158,3,0,0,0,0,20883,21409632,4789069,21409632,391320,123657120,0,29,0,29,415111,987
low_latency,B_p99p9,99.9,25,1,1,1,35,214,4,0,0,0,0,27202,28997856,5251806,28997856,782640,167484960,0,29,0,29,485173,1510
low_latency,B_p99p9,99.9,26,1,1,1,53,162,3,0,0,0,0,21179,21951648,4746978,21951648,391320,126787680,0,29,0,29,415618,687
low_latency,B_p99p9,99.9,27,1,1,1,30,154,3,0,0,0,0,20242,20867616,4998053,20867616,391320,120526560,0,31,0,31,310786,1424
low_latency,B_p99p9,99.9,28,1,1,1,42,219,4,0,0,0,0,28926,29675376,5385596,29675376,782640,171398160,0,31,0,31,524857,1088
low_latency,B_p99p9,99.9,29,0,0,0,6116,260,4,0,0,0,0,33980,35231040,5814033,35231040,782640,203486400,0,31,0,31,441182,2337
low_latency,B_p99p9,99.9,30,1,1,1,7,18,1,1,0,0,0,2291,2439072,117,2439072,0,14087520,0,2,0,2,159033,305
low_latency,B_p99p9,99.9,31,1,1,1,32,222,4,0,0,0,0,28823,30081888,5563579,30081888,391320,173746080,0,32,0,32,497688,1355
low_latency,B_p99p9,99.9,32,0,0,0,5816,260,4,0,0,0,0,34442,35231040,6191346,35231040,782640,203486400,0,33,0,33,616131,2137
low_latency,B_p99p9,99.9,33,1,1,1,7,14,1,1,0,0,0,1748,1897056,106,1897056,0,10956960,0,1,0,0,91671,74
low_latency,B_p99p9,99.9,34,1,1,1,34,211,4,0,0,0,0,26324,28591344,5583336,28591344,391320,165137040,0,30,0,30,547340,661
low_latency,B_p99p9,99.9,35,0,0,0,512,260,4,0,0,0,0,34654,35231040,5001315,35231040,391320,203486400,0,27,0,27,939811,2257
low_latency,B_p99p9,99.9,36,1,1,1,28,28,1,1,0,0,0,3643,3794112,347,3794112,0,21913920,0,3,0,3,82806,276
low_latency,B_p99p9,99.9,37,0,0,1,4462,260,4,1,0,0,0,35089,35231040,755594,35231040,391320,203486400,0,7,0,6,292452,4172
low_latency,B_p99p9,99.9,38,0,0,0,6902,260,4,0,0,0,0,34959,35231040,2115893,35231040,1173960,203486400,0,10,0,9,520148,4945
low_latency,B_p99p9,99.9,39,1,1,1,44,218,4,0,0,0,0,28043,29539872,4860332,29539872,391320,170615520,0,28,0,28,462202,1213
low_latency,B_p99p9,99.9,40,1,1,1,37,167,3,0,0,0,0,22144,22629168,4960505,22629168,391320,130700880,0,31,0,31,381760,601
low_latency,B_p99p9,99.9,41,1,1,1,22,213,4,0,0,0,0,28035,28862352,5813236,28862352,782640,166702320,0,31,0,31,616019,2411
low_latency,B_p99p9,99.9,42,1,1,1,49,221,4,0,0,0,0,29719,29946384,2312319,29946384,782640,172963440,0,9,0,9,379613,2108
low_latency,B_p99p9,99.9,43,1,1,1,22,219,4,0,0,0,0,28458,29675376,5499619,29675376,782640,171398160,0,32,0,32,517019,1193
low_latency,B_p99p9,99.9,44,0,0,0,5370,260,4,0,0,0,0,34853,35231040,2894058,35231040,782640,203486400,0,12,0,11,419561,2950
low_latency,B_p99p9,99.9,45,1,1,1,10,17,1,1,0,0,0,2148,2303568,96,2303568,0,13304880,0,2,0,1,136098,234
low_latency,B_p99p9,99.9,46,1,1,1,46,153,3,0,0,0,0,20047,20732112,3893061,20732112,391320,119743920,0,26,0,26,257271,860
low_latency,B_p99p9,99.9,47,1,1,1,26,98,2,0,0,0,0,13119,13279392,131240,13279392,391320,76698720,0,5,0,5,176097,403
low_latency,B_p99p9,99.9,48,1,1,1,36,140,2,0,0,0,0,17974,18970560,3871027,18970560,391320,109569600,0,25,0,25,276484,637
low_latency,B_p99p9,99.9,49,0,0,0,4426,260,4,0,0,0,0,34295,35231040,4599995,35231040,782640,203486400,0,27,0,27,561483,2122
low_latency,B_p99p9,99.9,50,1,1,1,43,104,2,0,0,0,0,13887,14092416,1451880,14092416,391320,81394560,0,12,0,11,282681,1186
low_latency,B_p99p9,99.9,51,1,1,1,9,17,1,1,0,0,0,2153,2303568,117,2303568,0,13304880,0,1,0,1,113800,209
low_latency,B_p99p9,99.9,52,0,0,0,4553,260,4,0,0,0,0,34646,35231040,6192432,35231040,782640,203486400,0,32,0,32,548403,2017
low_latency,B_p99p9,99.9,53,0,0,0,4130,260,4,0,0,0,0,34684,35231040,4169646,35231040,782640,203486400,0,26,0,26,446992,1819
low_latency,B_p99p9,99.9,54,1,1,1,49,113,2,0,0,0,0,14985,15311952,1352153,15311952,391320,88438320,0,12,0,12,221390,1712
low_latency,B_p99p9,99.9,55,0,0,0,5446,260,4,0,0,0,0,33592,35231040,5283181,35231040,391320,203486400,0,30,0,30,684656,2873
low_latency,B_p99p9,99.9,56,1,1,1,26,153,3,0,0,0,0,19721,20732112,5007360,20732112,391320,119743920,0,31,0,31,426861,960
low_latency,B_p99p9,99.9,57,1,1,1,27,155,3,0,0,0,0,19488,21003120,5183430,21003120,391320,121309200,0,32,0,32,337537,961
low_latency,B_p99p9,99.9,58,0,0,0,4673,260,4,0,0,0,0,34534,35231040,5816850,35231040,782640,203486400,0,32,0,32,540827,2265
low_latency,B_p99p9,99.9,59,0,0,0,5641,260,4,0,0,0,0,34910,35231040,1863571,35231040,1173960,203486400,0,10,0,10,454733,2790
low_latency,B_p99p9,99.9,60,0,0,0,8383,260,4,0,0,0,0,33098,35231040,6400377,35231040,391320,203486400,0,30,0,30,481792,3128
low_latency,B_p99p9,99.9,61,0,0,1,112,260,4,1,0,0,0,35084,35231040,2338673,35231040,782640,203486400,0,10,0,10,336236,4057
low_latency,B_p99p9,99.9,62,1,1,1,49,118,2,0,0,0,0,15599,15989472,2410480,15989472,391320,92351520,0,11,0,10,222167,1607
low_latency,B_p99p9,99.9,63,1,1,1,46,217,4,0,0,0,0,29197,29404368,577006,29404368,1173960,169832880,0,6,0,6,434799,2804
low_latency,B_p99p9,99.9,64,1,1,1,21,158,3,0,0,0,0,20712,21409632,4468685,21409632,391320,123657120,0,29,0,29,383898,587
low_latency,B_p99p9,99.9,65,1,1,1,12,15,1,1,0,0,0,1885,2032560,109,2032560,0,11739600,0,1,0,1,134815,116
low_latency,B_p99p9,99.9,66,0,0,0,5598,260,4,0,0,0,0,34417,35231040,5689305,35231040,782640,203486400,0,31,0,30,512542,2292
low_latency,B_p99p9,99.9,67,0,0,0,5987,260,4,0,0,0,0,34716,35231040,5679687,35231040,782640,203486400,0,30,0,30,522208,1806
low_latency,B_p99p9,99.9,68,0,0,0,5050,260,4,0,0,0,0,35105,35231040,3406935,35231040,782640,203486400,0,9,0,9,505553,2393
low_latency,B_p99p9,99.9,69,1,1,1,22,212,4,0,0,0,0,26914,28726848,5004702,28726848,391320,165919680,0,29,0,29,443820,1250
low_latency,B_p99p9,99.9,70,0,0,0,4615,260,4,0,0,0,0,33352,35231040,4751831,35231040,391320,203486400,0,28,0,28,542561,2024
low_latency,B_p99p9,99.9,71,1,1,1,23,161,3,0,0,0,0,20926,21816144,5335657,21816144,391320,126005040,0,32,0,32,403192,1288
low_latency,B_p99p9,99.9,72,1,1,1,25,27,1,1,0,0,0,3515,3658608,310,3658608,0,21131280,0,4,0,4,84829,267
low_latency,B_p99p9,99.9,73,1,1,1,33,158,3,0,0,0,0,20521,21409632,4641025,21409632,391320,123657120,0,29,0,29,406599,979
low_latency,B_p99p9,99.9,74,1,1,1,51,154,3,0,0,0,0,19641,20867616,4030413,20867616,391320,120526560,0,26,0,26,320419,1366
low_latency,B_p99p9,99.9,75,1,1,1,36,148,3,0,0,0,0,18368,20054592,4996980,20054592,391320,115830720,0,28,0,28,372021,1262
low_latency,B_p99p9,99.9,76,0,0,0,6246,260,4,0,0,0,0,34432,35231040,4971545,35231040,782640,203486400,0,25,0,25,545230,1775
low_latency,B_p99p9,99.9,77,1,1,1,36,157,3,0,0,0,0,19989,21274128,4702453,21274128,391320,122874480,0,30,0,30,384432,796
low_latency,B_p99p9,99.9,78,1,1,1,28,155,3,0,0,0,0,19068,21003120,5211462,21003120,391320,121309200,0,32,0,32,448729,697
low_latency,B_p99p9,99.9,79,1,1,1,55,161,3,0,0,0,0,20003,21816144,5092217,21816144,391320,126005040,0,32,0,32,432390,899
low_latency,B_p99p9,99.9,80,1,1,1,59,159,3,0,0,0,0,19556,21545136,4843000,21545136,391320,124439760,0,30,0,29,297372,967
low_latency,B_p99p9,99.9,81,1,1,1,28,156,3,0,0,0,0,20206,21138624,4491377,21138624,391320,122091840,0,28,0,28,333936,1094
low_latency,B_p99p9,99.9,82,1,1,1,28,150,3,0,0,0,0,20012,20325600,1152336,20325600,391320,117396000,0,9,0,9,240286,3544
low_latency,B_p99p9,99.9,83,1,1,1,32,154,3,0,0,0,0,20202,20867616,4685583,20867616,391320,120526560,0,30,0,30,395188,1188
low_latency,B_p99p9,99.9,84,0,0,0,7047,260,4,0,0,0,0,34770,35231040,4443796,35231040,391320,203486400,0,26,0,26,468417,2282
low_latency,B_p99p9,99.9,85,0,0,0,5350,260,4,0,0,0,0,32647,35231040,5862621,35231040,782640,203486400,0,31,0,31,603758,1350
low_latency,B_p99p9,99.9,86,1,1,1,41,162,3,0,0,0,0,20764,21951648,5208428,21951648,391320,126787680,0,32,0,31,379605,1465
low_latency,B_p99p9,99.9,87,0,0,0,4409,260,4,0,0,0,0,35015,35231040,4552793,35231040,782640,203486400,0,10,0,10,507574,4414
low_latency,B_p99p9,99.9,88,1,1,1,24,20,1,1,0,0,0,2573,2710080,158,2710080,0,15652800,0,3,0,2,115103,215
low_latency,B_p99p9,99.9,89,1,1,1,38,150,3,0,0,0,0,19732,20325600,4948111,20325600,391320,117396000,0,29,0,29,376793,602
low_latency,B_p99p9,99.9,90,1,1,1,20,18,1,1,0,0,0,2304,2439072,151,2439072,0,14087520,0,2,0,2,96072,249
low_latency,B_p99p9,99.9,91,0,0,1,11512,260,4,1,0,0,0,35079,35231040,1540772,35231040,391320,203486400,0,7,0,7,395610,2189
low_latency,B_p99p9,99.9,92,1,1,1,40,218,4,0,0,0,0,28439,29539872,4729466,29539872,782640,170615520,0,27,0,27,495241,2099
low_latency,B_p99p9,99.9,93,0,0,0,5573,260,4,0,0,0,0,33650,35231040,5496048,35231040,782640,203486400,0,30,0,30,511798,1621
low_latency,B_p99p9,99.9,94,1,1,1,33,19,1,1,0,0,0,2423,2574576,224,2574576,0,14870160,0,1,0,1,88710,81
low_latency,B_p99p9,99.9,95,0,0,0,4311,260,4,0,0,0,0,34308,35231040,5843793,35231040,391320,203486400,0,30,0,30,570491,2788
low_latency,B_p99p9,99.9,96,0,0,0,8499,260,4,0,0,0,0,34256,35231040,6020388,35231040,782640,203486400,0,31,0,31,555204,2846
low_latency,B_p99p9,99.9,97,1,1,1,29,213,4,0,0,0,0,28394,28862352,5065582,28862352,782640,166702320,0,29,0,29,478814,1166
low_latency,B_p99p9,99.9,98,0,0,0,1609,260,4,0,0,0,0,33471,35231040,5719595,35231040,391320,203486400,0,31,0,31,581014,2499
low_latency,B_p99p9,99.9,99,1,1,1,39,152,3,0,0,0,0,19895,20596608,4431066,20596608,391320,118961280,0,28,0,28,336491,1228
low_latency,B_p99p9,99.9,100,1,1,1,47,154,3,0,0,0,0,13409,20867616,4662035,20867616,391320,120526560,0,26,0,26,366647,620
low_latency,B_p99p9,99.9,101,1,1,1,27,146,3,0,0,0,0,15235,19783584,4817145,19783584,391320,114265440,0,28,0,28,374124,1764
low_latency,B_p99p9,99.9,102,0,0,0,5112,260,4,0,0,0,0,34637,35231040,6357013,35231040,391320,203486400,0,33,0,33,558829,2161
low_latency,B_p99p9,99.9,103,0,0,0,263,260,4,0,0,0,0,34685,35231040,5095799,35231040,391320,203486400,0,29,0,29,411884,2271
low_latency,B_p99p9,99.9,104,1,1,1,14,19,1,1,0,0,0,2430,2574576,126,2574576,0,14870160,0,2,0,2,64446,152
low_latency,B_p99p9,99.9,105,0,0,0,6000,260,4,0,0,0,0,34500,35231040,5345984,35231040,391320,203486400,0,29,0,29,436588,1916
low_latency,B_p99p9,99.9,106,1,1,1,34,111,2,0,0,0,0,14769,15040944,1555350,15040944,391320,86873040,0,12,0,11,201084,612
low_latency,B_p99p9,99.9,107,1,1,1,37,105,2,1,0,0,0,13963,14227920,1426892,14227920,391320,82177200,0,10,0,10,227210,1327
low_latency,B_p99p9,99.9,108,1,1,1,16,19,1,0,0,0,0,2432,2574576,163,2574576,0,14870160,0,2,0,1,96084,89
low_latency,B_p99p9,99.9,109,1,1,1,57,113,2,0,0,0,0,15015,15311952,2785543,15311952,391320,88438320,0,10,0,10,177782,1615
low_latency,B_p99p9,99.9,110,1,1,1,36,108,2,0,0,0,0,14509,14634432,60741,14634432,391320,84525120,0,5,0,5,161827,1886
low_latency,B_p99p9,99.9,111,1,1,1,36,104,2,0,0,0,0,13938,14092416,142196,14092416,391320,81394560,0,7,0,7,141631,2536
low_latency,B_p99p9,99.9,112,0,0,0,5141,260,4,0,0,0,0,34478,35231040,5558666,35231040,391320,203486400,0,30,0,29,629040,1827
low_latency,B_p99p9,99.9,113,0,0,0,6967,260,4,0,0,0,0,34381,35231040,5547505,35231040,391320,203486400,0,29,0,29,599118,2189
low_latency,B_p99p9,99.9,114,0,0,0,5895,260,4,0,0,0,0,34281,35231040,5459742,35231040,782640,203486400,0,29,0,29,548285,1809
low_latency,B_p99p9,99.9,115,1,1,1,19,95,2,0,0,0,0,12673,12872880,58540,12872880,391320,74350800,0,7,0,6,168749,2814
low_latency,B_p99p9,99.9,116,1,1,1,9,22,1,1,0,0,0,2839,2981088,159,2981088,0,17218080,0,3,0,3,98638,146
low_latency,B_p99p9,99.9,117,0,0,0,5431,260,4,0,0,0,0,34233,35231040,5593545,35231040,782640,203486400,0,29,0,29,504294,2074
low_latency,B_p99p9,99.9,118,1,1,1,33,160,3,0,0,0,0,20922,21680640,5179036,21680640,391320,125222400,0,31,0,31,345667,755
low_latency,B_p99p9,99.9,119,1,1,1,44,214,4,0,0,0,0,27735,28997856,5420176,28997856,782640,167484960,0,29,0,29,483247,1698
low_latency,B_p99p9,99.9,120,0,0,0,6958,260,4,0,0,0,0,34126,35231040,5886988,35231040,782640,203486400,0,32,0,32,606809,2815
low_latency,B_p99p9,99.9,121,1,1,1,52,155,3,0,0,0,0,19578,21003120,4447641,21003120,391320,121309200,0,29,0,29,369906,941
low_latency,B_p99p9,99.9,122,1,1,1,25,157,3,0,0,0,0,20635,21274128,5328673,21274128,391320,122874480,0,31,0,31,490705,1601
low_latency,B_p99p9,99.9,123,1,1,1,39,151,3,0,0,0,0,20030,20461104,4822693,20461104,391320,118178640,0,30,0,30,395126,883
low_latency,B_p99p9,99.9,124,1,1,1,41,214,4,0,0,0,0,28160,28997856,5458403,28997856,782640,167484960,0,31,0,31,493212,1056
low_latency,B_p99p9,99.9,125,1,1,1,16,20,1,1,0,0,0,2549,2710080,176,2710080,0,15652800,0,2,0,2,90674,45
low_latency,B_p99p9,99.9,126,1,1,1,34,152,3,0,0,0,0,19673,20596608,4562216,20596608,391320,118961280,0,29,0,29,480867,560
low_latency,B_p99p9,99.9,127,0,0,0,5560,260,4,0,0,0,0,34978,35231040,3839274,35231040,1173960,203486400,0,9,0,9,497440,3812
low_latency,C_p99p5,99.5,0,1,1,1,37,210,4,0,0,0,0,138742,28455840,5086189,28455840,782640,164354400,0,33,0,32,957836,9756
low_latency,C_p99p5,99.5,1,1,1,1,29,151,3,0,0,0,0,101109,20461104,322791,20461104,782640,118178640,0,7,0,7,587463,12362
low_latency,C_p99p5,99.5,2,0,0,0,4385,260,4,0,0,0,0,174851,35231040,1239416,35231040,1173960,203486400,0,8,0,7,1277510,20123
low_latency,C_p99p5,99.5,3,0,0,0,4301,260,4,0,0,0,0,170701,35231040,4725162,35231040,782640,203486400,0,29,0,29,1448217,30511
low_latency,C_p99p5,99.5,4,1,1,1,20,17,1,1,0,0,0,10795,2303568,109,2303568,0,13304880,0,2,0,2,167245,1080
low_latency,C_p99p5,99.5,5,1,1,1,21,212,4,0,0,0,0,142549,28726848,790145,28726848,1173960,165919680,0,6,0,6,877333,28657
low_latency,C_p99p5,99.5,6,1,1,1,36,162,3,0,0,0,0,105256,21951648,4037131,21951648,391320,126787680,0,31,0,31,806747,12340
low_latency,C_p99p5,99.5,7,0,0,0,4439,260,4,1,0,0,0,157431,35231040,5371188,35231040,782640,203486400,0,27,0,27,1155199,19733
low_latency,C_p99p5,99.5,8,1,1,1,54,153,3,0,0,0,0,91008,20732112,3910639,20732112,391320,119743920,0,28,0,28,750258,9690
low_latency,C_p99p5,99.5,9,1,1,1,42,223,4,1,0,0,0,146419,30217392,4463014,30217392,782640,174528720,0,30,0,30,1113981,20103
low_latency,C_p99p5,99.5,10,1,1,1,67,138,2,0,0,0,0,86269,18699552,3650736,18699552,391320,108004320,0,25,0,25,667125,11445
low_latency,C_p99p5,99.5,11,1,1,1,47,216,4,0,0,0,0,142722,29268864,4220346,29268864,782640,169050240,0,29,0,29,1045228,12086
low_latency,C_p99p5,99.5,12,0,0,0,5482,260,4,0,0,0,0,174459,35231040,3052411,35231040,1173960,203486400,0,11,0,11,1280561,24598
low_latency,C_p99p5,99.5,13,0,0,0,5863,260,4,0,0,0,0,174442,35231040,1872373,35231040,1173960,203486400,0,9,0,8,1092243,34494
low_latency,C_p99p5,99.5,14,1,1,1,35,133,2,0,0,0,0,86251,18022032,3568507,18022032,391320,104091120,0,30,0,29,609425,10443
low_latency,C_p99p5,99.5,15,0,0,0,5542,260,4,0,0,0,0,174541,35231040,1189675,35231040,1173960,203486400,0,7,0,6,1032573,19523
low_latency,C_p99p5,99.5,16,0,0,0,5289,260,4,0,0,0,0,172465,35231040,4880140,35231040,782640,203486400,0,29,0,29,1331724,26325
low_latency,C_p99p5,99.5,17,1,1,1,43,208,4,0,0,0,0,136356,28184832,4678789,28184832,782640,162789120,0,33,0,32,1245603,20519
low_latency,C_p99p5,99.5,18,0,0,0,6301,260,4,0,0,0,0,171079,35231040,4407464,35231040,782640,203486400,0,30,0,30,1257040,20882
low_latency,C_p99p5,99.5,19,1,1,1,16,24,1,1,0,0,0,15492,3252096,207,3252096,0,18783360,0,3,0,2,212640,1836
low_latency,C_p99p5,99.5,20,1,1,1,21,156,3,0,0,0,0,102558,21138624,4039971,21138624,391320,122091840,0,30,0,30,723078,8069
low_latency,C_p99p5,99.5,21,1,1,1,0,15,1,1,0,0,0,9457,2032560,75,2032560,0,11739600,0,2,0,1,151093,835
low_latency,C_p99p5,99.5,22,1,1,1,19,22,1,1,0,0,0,14162,2981088,143,2981088,0,17218080,0,3,0,3,151277,1123
low_latency,C_p99p5,99.5,23,1,1,1,38,151,3,0,0,0,0,97529,20461104,3404142,20461104,391320,118178640,0,28,0,27,871860,12320
low_latency,C_p99p5,99.5,24,1,1,1,28,140,2,0,0,0,0,90531,18970560,3710851,18970560,391320,109569600,0,29,0,29,717430,10436
low_latency,C_p99p5,99.5,25,0,0,0,6539,260,4,0,0,0,0,174610,35231040,1305621,35231040,1173960,203486400,0,9,0,8,1094362,27659
low_latency,C_p99p5,99.5,26,1,1,1,41,139,2,0,0,0,0,90211,18835056,3750698,18835056,391320,108786960,0,30,0,30,758105,9623
low_latency,C_p99p5,99.5,27,1,1,1,18,137,2,0,0,0,0,86292,18564048,4531751,18564048,391320,107221680,0,30,0,30,672536,8601
low_latency,C_p99p5,99.5,28,1,1,1,46,152,3,1,0,0,0,100081,20596608,4272699,20596608,391320,118961280,0,31,0,30,877637,10334
low_latency,C_p99p5,99.5,29,0,0,0,6993,260,4,0,0,0,0,172260,35231040,4877014,35231040,782640,203486400,0,31,0,31,1207777,27190
low_latency,C_p99p5,99.5,30,1,1,1,7,18,1,1,0,0,0,11424,2439072,117,2439072,0,14087520,0,2,0,2,159113,206
low_latency,C_p99p5,99.5,31,1,1,1,26,212,4,0,0,0,0,140436,28726848,5288905,28726848,782640,165919680,0,33,0,32,1052336,13227
low_latency,C_p99p5,99.5,32,1,1,1,20,156,3,0,0,0,0,102275,21138624,5019412,21138624,391320,122091840,0,33,0,33,756479,7093
low_latency,C_p99p5,99.5,33,1,1,1,7,22,1,1,0,0,0,14154,2981088,146,2981088,0,17218080,0,4,0,3,224652,1850
low_latency,C_p99p5,99.5,34,1,1,1,32,151,3,0,0,0,0,98235,20461104,4125983,20461104,391320,118178640,0,31,0,31,869881,11014
low_latency,C_p99p5,99.5,35,1,1,1,44,217,4,0,0,0,0,130921,29404368,4319882,29404368,782640,169832880,0,27,0,27,1427666,14220
low_latency,C_p99p5,99.5,36,1,1,1,31,219,4,0,0,0,0,146662,29675376,1489793,29675376,1173960,171398160,0,12,0,12,895278,20620
low_latency,C_p99p5,99.5,37,0,0,1,4430,260,4,1,0,0,0,175070,35231040,714974,35231040,782640,203486400,0,9,0,8,803933,28574
low_latency,C_p99p5,99.5,38,0,0,0,5951,260,4,0,0,0,0,172274,35231040,4357576,35231040,782640,203486400,0,27,0,26,1352150,20845
low_latency,C_p99p5,99.5,39,1,1,1,54,144,3,0,0,0,0,94062,19512576,3613641,19512576,391320,112700160,0,29,0,29,882262,10423
low_latency,C_p99p5,99.5,40,1,1,1,12,19,1,1,0,0,0,12140,2574576,113,2574576,0,14870160,0,3,0,2,152941,1238
low_latency,C_p99p5,99.5,41,1,1,1,22,148,3,0,0,0,0,97013,20054592,4482160,20054592,391320,115830720,0,31,0,31,890221,8635
low_latency,C_p99p5,99.5,42,1,1,1,37,156,3,0,0,0,0,104481,21138624,1514031,21138624,782640,122091840,0,10,0,9,623938,13049
low_latency,C_p99p5,99.5,43,1,1,1,24,146,3,0,0,0,0,93643,19783584,3962675,19783584,391320,114265440,0,32,0,32,718437,9140
low_latency,C_p99p5,99.5,44,0,0,0,635,260,4,0,0,0,0,174106,35231040,1913199,35231040,782640,203486400,0,16,0,15,1124531,33562
low_latency,C_p99p5,99.5,45,1,1,1,10,17,1,1,0,0,0,10773,2303568,94,2303568,0,13304880,0,2,0,1,173975,892
low_latency,C_p99p5,99.5,46,1,1,1,37,221,4,0,0,0,0,145678,29946384,3623927,29946384,782640,172963440,0,27,0,27,1029246,18285
low_latency,C_p99p5,99.5,47,0,0,0,4475,260,4,0,0,0,0,174875,35231040,1051407,35231040,1173960,203486400,0,6,0,6,1374044,42309
low_latency,C_p99p5,99.5,48,0,0,0,7826,260,4,0,0,0,0,173231,35231040,2986686,35231040,1173960,203486400,0,21,0,20,1259483,23654
low_latency,C_p99p5,99.5,49,0,0,0,7938,260,4,0,0,0,0,170057,35231040,3959809,35231040,782640,203486400,0,25,0,25,1351079,29022
low_latency,C_p99p5,99.5,50,0,0,0,5474,260,4,0,0,0,0,174106,35231040,2191301,35231040,1173960,203486400,0,13,0,12,1222259,23255
low_latency,C_p99p5,99.5,51,1,1,1,9,17,1,1,0,0,0,10753,2303568,117,2303568,0,13304880,0,1,0,1,146403,503
low_latency,C_p99p5,99.5,52,1,1,1,26,159,3,0,0,0,0,102871,21545136,4180854,21545136,391320,124439760,0,33,0,33,852085,10099
low_latency,C_p99p5,99.5,53,0,0,0,5277,260,4,0,0,0,0,174482,35231040,1060119,35231040,1173960,203486400,0,8,0,7,1081237,21917
low_latency,C_p99p5,99.5,54,1,1,1,50,164,3,0,0,0,0,109022,22222656,2395585,22222656,782640,128352960,0,12,0,11,661277,18610
low_latency,C_p99p5,99.5,55,1,1,1,65,162,3,0,0,0,0,103671,21951648,4081291,21951648,391320,126787680,0,30,0,29,882297,8176
low_latency,C_p99p5,99.5,56,1,1,1,24,148,3,0,0,0,0,96151,20054592,3875137,20054592,391320,115830720,0,31,0,31,834494,8965
low_latency,C_p99p5,99.5,57,1,1,1,29,25,1,1,0,0,0,16201,3387600,197,3387600,0,19566000,0,5,0,4,181523,2300
low_latency,C_p99p5,99.5,58,1,1,1,40,154,3,0,0,0,0,101071,20867616,4075727,20867616,391320,120526560,0,32,0,31,881111,12423
low_latency,C_p99p5,99.5,59,1,1,1,56,140,2,0,0,0,0,91211,18970560,2535753,18970560,391320,109569600,0,23,0,23,787541,11915
low_latency,C_p99p5,99.5,60,0,0,0,3616,260,4,0,0,0,0,171647,35231040,5172519,35231040,391320,203486400,0,31,0,30,1117160,21268
low_latency,C_p99p5,99.5,61,0,0,1,124,260,4,1,0,0,0,170115,35231040,3225745,35231040,391320,203486400,0,24,0,23,1056422,26085
low_latency,C_p99p5,99.5,62,0,0,0,900,260,4,0,0,0,0,163069,35231040,4238744,35231040,391320,203486400,0,24,0,24,1184225,22516
low_latency,C_p99p5,99.5,63,1,1,1,27,110,2,0,0,0,0,73606,14905440,102612,14905440,391320,86090400,0,7,0,6,430200,11690
low_latency,C_p99p5,99.5,64,1,1,1,16,153,3,0,0,0,0,99018,20732112,3325377,20732112,391320,119743920,0,28,0,28,837284,12408
low_latency,C_p99p5,99.5,65,1,1,1,12,20,1,1,0,0,0,12747,2710080,121,2710080,0,15652800,0,3,0,3,215149,1158
low_latency,C_p99p5,99.5,66,1,1,1,38,217,4,0,0,0,0,140408,29404368,4398106,29404368,782640,169832880,0,30,0,30,1038357,16420
low_latency,C_p99p5,99.5,67,1,1,1,30,154,3,0,0,0,0,99010,20867616,4434481,20867616,391320,120526560,0,30,0,30,770402,9571
low_latency,C_p99p5,99.5,68,0,0,0,4346,260,4,0,0,0,0,174302,35231040,2263414,35231040,1173960,203486400,0,10,0,9,1140094,27992
low_latency,C_p99p5,99.5,69,0,0,0,5298,260,4,0,0,0,0,171301,35231040,4499551,35231040,782640,203486400,0,29,0,29,1425923,25666
low_latency,C_p99p5,99.5,70,1,1,1,36,157,3,0,0,0,0,101973,21274128,3275386,21274128,391320,122874480,0,27,0,27,756923,13683
low_latency,C_p99p5,99.5,71,1,1,1,21,154,3,0,0,0,0,100363,20867616,4806396,20867616,391320,120526560,0,32,0,32,759928,9995
low_latency,C_p99p5,99.5,72,0,0,0,5690,260,4,0,0,0,0,172112,35231040,3527237,35231040,782640,203486400,0,25,0,25,1102300,17294
low_latency,C_p99p5,99.5,73,1,1,1,21,100,2,0,0,0,0,66750,13550400,455978,13550400,391320,78264000,0,9,0,9,382647,12972
low_latency,C_p99p5,99.5,74,0,0,0,5683,260,4,0,0,0,0,172705,35231040,3963894,35231040,782640,203486400,0,28,0,28,1289960,18856
low_latency,C_p99p5,99.5,75,1,1,1,38,153,3,0,0,0,0,99370,20732112,3736979,20732112,391320,119743920,0,29,0,28,822093,9813
low_latency,C_p99p5,99.5,76,1,1,1,36,134,2,0,0,0,0,86177,18157536,3200177,18157536,391320,104873760,0,28,0,27,698558,9316
low_latency,C_p99p5,99.5,77,1,1,1,36,223,4,0,0,0,0,149400,30217392,1921158,30217392,782640,174528720,0,15,0,14,861347,18752
low_latency,C_p99p5,99.5,78,1,1,1,23,148,3,0,0,0,0,96236,20054592,4166253,20054592,391320,115830720,0,32,0,32,822507,8659
low_latency,C_p99p5,99.5,79,1,1,1,33,211,4,0,0,0,0,139076,28591344,4422300,28591344,782640,165137040,0,32,0,32,979981,10617
low_latency,C_p99p5,99.5,80,1,1,1,60,220,4,0,0,0,0,144414,29810880,4061993,29810880,782640,172180800,0,30,0,30,949707,16867
low_latency,C_p99p5,99.5,81,1,1,1,43,132,2,0,0,0,0,84030,17886528,3996188,17886528,391320,103308480,0,28,0,28,752995,10173
low_latency,C_p99p5,99.5,82,1,1,1,22,148,3,0,0,0,0,93701,20054592,3500824,20054592,391320,115830720,0,27,0,27,737399,12119
low_latency,C_p99p5,99.5,83,1,1,1,39,136,2,0,0,0,0,79381,18428544,4366040,18428544,391320,106439040,0,27,0,27,669270,7250
low_latency,C_p99p5,99.5,84,1,1,1,44,139,2,0,0,0,0,89786,18835056,3097175,18835056,391320,108786960,0,25,0,25,856061,15292
low_latency,C_p99p5,99.5,85,0,0,0,4398,260,4,0,0,0,0,170789,35231040,4922645,35231040,782640,203486400,0,30,0,30,1410564,16060
low_latency,C_p99p5,99.5,86,1,1,1,53,218,4,0,0,0,0,144163,29539872,4681219,29539872,782640,170615520,0,30,0,30,1206938,21306
low_latency,C_p99p5,99.5,87,0,0,0,93,260,4,0,0,0,0,174918,35231040,4243455,35231040,391320,203486400,0,10,0,9,932299,21656
low_latency,C_p99p5,99.5,88,1,1,1,47,161,3,0,0,0,0,106219,21816144,4871720,21816144,391320,126005040,0,32,0,32,723731,5966
low_latency,C_p99p5,99.5,89,1,1,1,50,151,3,0,0,0,0,99162,20461104,4183590,20461104,391320,118178640,0,30,0,30,765181,7662
low_latency,C_p99p5,99.5,90,1,1,1,20,18,1,1,0,0,0,11410,2439072,146,2439072,0,14087520,0,2,0,2,179459,2422
low_latency,C_p99p5,99.5,91,0,0,1,104,260,4,1,0,0,0,174780,35231040,1128365,35231040,782640,203486400,0,8,0,7,843623,29202
low_latency,C_p99p5,99.5,92,1,1,1,37,140,2,0,0,0,0,90112,18970560,3473853,18970560,391320,109569600,0,27,0,27,681145,12483
low_latency,C_p99p5,99.5,93,1,1,1,21,132,2,0,0,0,0,83687,17886528,3540517,17886528,391320,103308480,0,29,0,28,675330,10104
low_latency,C_p99p5,99.5,94,1,1,1,33,19,1,1,0,0,0,12144,2574576,219,2574576,0,14870160,0,1,0,1,164768,1642
low_latency,C_p99p5,99.5,95,1,1,1,13,26,1,1,0,0,0,16864,3523104,294,3523104,0,20348640,0,5,0,5,193615,1702
low_latency,C_p99p5,99.5,96,1,1,1,47,150,3,0,0,0,0,96480,20325600,4033045,20325600,391320,117396000,0,31,0,31,826666,12639
low_latency,C_p99p5,99.5,97,1,1,1,35,135,2,1,0,0,0,84934,18293040,3653222,18293040,391320,105656400,0,29,0,29,686232,7663
low_latency,C_p99p5,99.5,98,1,1,1,30,214,4,0,0,0,0,140906,28997856,4970118,28997856,782640,167484960,0,31,0,31,1041596,13765
low_latency,C_p99p5,99.5,99,1,1,1,41,134,2,0,0,0,0,86451,18157536,3720597,18157536,391320,104873760,0,28,0,28,673367,9501
low_latency,C_p99p5,99.5,100,1,1,1,37,154,3,0,0,0,0,100871,20867616,3656855,20867616,391320,120526560,0,28,0,28,808600,10684
low_latency,C_p99p5,99.5,101,0,0,0,7185,260,4,0,0,0,0,172962,35231040,5064868,35231040,782640,203486400,0,30,0,30,1395953,32696
low_latency,C_p99p5,99.5,102,1,1,1,25,158,3,0,0,0,0,101041,21409632,4534048,21409632,391320,123657120,0,33,0,33,852349,10241
low_latency,C_p99p5,99.5,103,0,0,0,5553,260,4,0,0,0,0,171665,35231040,4382554,35231040,391320,203486400,0,30,0,30,1169347,24353
low_latency,C_p99p5,99.5,104,1,1,1,13,21,1,1,0,0,0,13498,2845584,126,2845584,0,16435440,0,3,0,2,131072,2766
low_latency,C_p99p5,99.5,105,0,0,0,4242,260,4,0,0,0,0,172040,35231040,4187906,35231040,782640,203486400,0,29,0,29,1256347,28977
low_latency,C_p99p5,99.5,106,1,1,1,28,109,2,0,0,0,0,72434,14769936,1337611,14769936,391320,85307760,0,14,0,14,443089,14560
low_latency,C_p99p5,99.5,107,1,1,1,39,218,4,0,0,0,0,135636,29539872,4401719,29539872,782640,170615520,0,26,0,26,1106906,15716
low_latency,C_p99p5,99.5,108,1,1,1,16,18,1,0,0,0,0,11461,2439072,163,2439072,0,14087520,0,1,0,1,178986,1636
low_latency,C_p99p5,99.5,109,1,1,1,57,216,4,0,0,0,0,144410,29268864,3171002,29268864,1173960,169050240,0,11,0,10,810715,20341
low_latency,C_p99p5,99.5,110,0,0,0,4513,260,4,0,0,0,0,169472,35231040,2982988,35231040,1173960,203486400,0,19,0,19,1191436,22908
low_latency,C_p99p5,99.5,111,1,1,1,34,158,3,0,0,0,0,104979,21409632,586609,21409632,782640,123657120,0,13,0,12,526050,16053
low_latency,C_p99p5,99.5,112,0,0,0,5244,260,4,0,0,0,0,171719,35231040,4472730,35231040,391320,203486400,0,30,0,30,1503173,28354
low_latency,C_p99p5,99.5,113,1,1,1,13,23,1,1,0,0,0,14836,3116592,141,3116592,0,18000720,0,3,0,3,204507,1189
low_latency,C_p99p5,99.5,114,0,0,0,5935,260,4,0,0,0,0,172098,35231040,4591698,35231040,782640,203486400,0,28,0,28,1301049,16474
low_latency,C_p99p5,99.5,115,1,1,1,26,135,2,0,0,0,0,87972,18293040,3246271,18293040,391320,105656400,0,26,0,26,764553,11097
low_latency,C_p99p5,99.5,116,1,1,1,42,156,3,0,0,0,0,102416,21138624,4367399,21138624,391320,122091840,0,33,0,32,935152,10110
low_latency,C_p99p5,99.5,117,1,1,1,59,165,3,1,0,0,0,107894,22358160,4307109,22358160,391320,129135600,0,29,0,29,792417,8167
low_latency,C_p99p5,99.5,118,1,1,1,18,21,1,1,0,0,0,13506,2845584,178,2845584,0,16435440,0,2,0,2,166354,1453
low_latency,C_p99p5,99.5,119,0,0,0,4384,260,4,0,0,0,0,169442,35231040,4829047,35231040,782640,203486400,0,29,0,29,1266507,18685
low_latency,C_p99p5,99.5,120,1,1,1,36,158,3,0,0,0,0,103483,21409632,4560388,21409632,391320,123657120,0,32,0,32,825453,5665
low_latency,C_p99p5,99.5,121,1,1,1,67,220,4,0,0,0,0,147528,29810880,985684,29810880,782640,172180800,0,10,0,10,913343,19615
low_latency,C_p99p5,99.5,122,1,1,1,18,138,2,0,0,0,0,90005,18699552,4279818,18699552,391320,108004320,0,32,0,31,828340,9287
low_latency,C_p99p5,99.5,123,1,1,1,17,18,1,1,0,0,0,11480,2439072,167,2439072,0,14087520,0,1,0,1,155941,1220
low_latency,C_p99p5,99.5,124,0,0,0,6149,260,4,0,0,0,0,172039,35231040,4641607,35231040,782640,203486400,0,31,0,31,1379667,21794
low_latency,C_p99p5,99.5,125,1,1,1,23,147,3,0,0,0,0,95802,19919088,3987907,19919088,391320,115048080,0,31,0,31,832184,12241
low_latency,C_p99p5,99.5,126,1,1,1,35,149,3,0,0,0,0,96268,20190096,3896890,20190096,391320,116613360,0,29,0,28,946856,9439
low_latency,C_p99p5,99.5,127,0,0,0,922,260,4,0,0,0,0,161076,35231040,4627404,35231040,391320,203486400,0,25,0,25,1154895,23410
low_latency,D_p99,99.0,0,1,1,1,40,152,3,0,0,0,0,180313,20596608,4131926,20596608,391320,118961280,0,33,0,32,1219407,22697
low_latency,D_p99,99.0,1,1,1,1,36,110,2,0,0,0,0,146533,14905440,153590,14905440,391320,86090400,0,10,0,9,525058,28422
low_latency,D_p99,99.0,2,0,0,0,4376,260,4,0,0,0,0,334403,35231040,3510472,35231040,782640,203486400,0,26,0,26,2180024,47904
low_latency,D_p99,99.0,3,1,1,1,54,222,4,0,0,0,0,296326,30081888,4294443,30081888,782640,173746080,0,29,0,29,1747614,46909
low_latency,D_p99,99.0,4,1,1,1,20,17,1,1,0,0,0,21620,2303568,106,2303568,0,13304880,0,2,0,1,223058,2900
low_latency,D_p99,99.0,5,1,1,1,24,108,2,0,0,0,0,144963,14634432,50490,14634432,391320,84525120,0,6,0,5,536734,42899
low_latency,D_p99,99.0,6,0,0,0,5588,260,4,0,0,0,0,327924,35231040,4585819,35231040,782640,203486400,0,31,0,31,1723313,42615
low_latency,D_p99,99.0,7,0,0,0,4416,260,4,1,0,0,0,328721,35231040,4353875,35231040,782640,203486400,0,27,0,27,1996312,52547
low_latency,D_p99,99.0,8,1,1,1,39,146,3,0,0,0,0,179385,19783584,3310886,19783584,391320,114265440,0,28,0,28,1117289,25625
low_latency,D_p99,99.0,9,0,0,0,5534,260,4,1,0,0,0,329526,35231040,4567468,35231040,782640,203486400,0,30,0,30,1698559,42574
low_latency,D_p99,99.0,10,1,1,1,62,132,2,0,0,0,0,152804,17886528,3555296,17886528,391320,103308480,0,26,0,25,1085312,26731
low_latency,D_p99,99.0,11,0,0,0,5532,260,4,0,0,0,0,327929,35231040,4290530,35231040,782640,203486400,0,29,0,29,2040790,59367
low_latency,D_p99,99.0,12,1,1,1,64,160,3,0,0,0,0,214630,21680640,2293837,21680640,782640,125222400,0,12,0,12,1007664,37901
low_latency,D_p99,99.0,13,1,1,1,50,112,2,1,0,0,0,149821,15176448,1056952,15176448,391320,87655680,0,12,0,11,520776,30451
low_latency,D_p99,99.0,14,1,1,1,37,136,2,0,0,0,0,163815,18428544,3534889,18428544,391320,106439040,0,30,0,29,930499,23764
low_latency,D_p99,99.0,15,1,1,1,39,99,2,1,0,0,0,132278,13414896,90581,13414896,391320,77481360,0,8,0,7,586432,42697
low_latency,D_p99,99.0,16,1,1,1,38,217,4,0,0,0,0,271544,29404368,3885154,29404368,782640,169832880,0,29,0,29,1480803,32062
low_latency,D_p99,99.0,17,1,1,1,43,154,3,0,0,0,0,179591,20867616,4254564,20867616,391320,120526560,0,33,0,32,1309548,21406
low_latency,D_p99,99.0,18,0,0,0,5573,260,4,0,0,0,0,332295,35231040,4125085,35231040,782640,203486400,0,30,0,30,1885636,36174
low_latency,D_p99,99.0,19,1,1,1,16,24,1,1,0,0,0,31081,3252096,207,3252096,0,18783360,0,2,0,2,226928,2403
low_latency,D_p99,99.0,20,1,1,1,21,212,4,0,0,0,0,264095,28726848,4308713,28726848,782640,165919680,0,30,0,30,1504045,40903
low_latency,D_p99,99.0,21,1,1,1,0,15,1,1,0,0,0,18882,2032560,75,2032560,0,11739600,0,2,0,1,174345,1542
low_latency,D_p99,99.0,22,1,1,1,20,26,1,1,0,0,0,33805,3523104,189,3523104,0,20348640,0,5,0,4,229824,5329
low_latency,D_p99,99.0,23,1,1,1,37,132,2,0,0,0,0,155117,17886528,3617894,17886528,391320,103308480,0,29,0,28,988269,19744
low_latency,D_p99,99.0,24,0,0,0,5506,260,4,0,0,0,0,329502,35231040,4332874,35231040,782640,203486400,0,29,0,29,1734797,42283
low_latency,D_p99,99.0,25,0,0,0,6523,260,4,0,0,0,0,348758,35231040,1188758,35231040,1173960,203486400,0,13,0,13,1616206,52294
low_latency,D_p99,99.0,26,1,1,1,34,136,2,0,0,0,0,157620,18428544,3669452,18428544,391320,106439040,0,30,0,30,1030684,21181
low_latency,D_p99,99.0,27,1,1,1,26,133,2,0,0,0,0,153607,18022032,3844531,18022032,391320,104091120,0,30,0,30,942462,16100
low_latency,D_p99,99.0,28,1,1,1,32,139,2,0,0,0,0,166734,18835056,3841873,18835056,391320,108786960,0,31,0,30,1183423,21839
low_latency,D_p99,99.0,29,0,0,0,4403,260,4,0,0,0,0,327460,35231040,4409593,35231040,782640,203486400,0,31,0,31,1787253,52957
low_latency,D_p99,99.0,30,1,1,1,7,18,1,1,0,0,0,22927,2439072,115,2439072,0,14087520,0,2,0,1,255143,4712
low_latency,D_p99,99.0,31,1,1,1,12,150,3,0,0,0,0,175514,20325600,4192341,20325600,391320,117396000,0,32,0,32,1228287,21883
low_latency,D_p99,99.0,32,1,1,1,19,24,1,1,0,0,0,31055,3252096,208,3252096,0,18783360,0,5,0,4,293892,4471
low_latency,D_p99,99.0,33,1,1,1,7,22,1,1,0,0,0,28343,2981088,147,2981088,0,17218080,0,4,0,3,246893,2468
low_latency,D_p99,99.0,34,1,1,1,40,152,3,0,0,0,0,180902,20596608,4016799,20596608,391320,118961280,0,31,0,30,1335105,29523
low_latency,D_p99,99.0,35,1,1,1,40,159,3,0,0,0,0,191236,21545136,3370145,21545136,391320,124439760,0,28,0,28,1292009,16451
low_latency,D_p99,99.0,36,1,1,1,44,139,2,0,0,0,0,171001,18835056,2577219,18835056,391320,108786960,0,24,0,23,937627,26654
low_latency,D_p99,99.0,37,0,0,1,209,260,4,1,0,0,0,350393,35231040,724886,35231040,782640,203486400,0,7,0,5,1117636,64708
low_latency,D_p99,99.0,38,1,1,1,50,136,2,0,0,0,0,151699,18428544,3663710,18428544,391320,106439040,0,26,0,26,1033393,21574
low_latency,D_p99,99.0,39,1,1,1,37,131,2,0,0,0,0,155931,17751024,3514551,17751024,391320,102525840,0,29,0,29,1000883,13859
low_latency,D_p99,99.0,40,1,1,1,11,21,1,1,0,0,0,26979,2845584,119,2845584,0,16435440,0,3,0,2,250782,5222
low_latency,D_p99,99.0,41,1,1,1,30,144,3,0,0,0,0,172700,19512576,4027643,19512576,391320,112700160,0,31,0,31,1138415,15442
low_latency,D_p99,99.0,42,1,1,1,41,217,4,0,0,0,0,291006,29404368,1687409,29404368,1173960,169832880,0,10,0,9,1523027,62672
low_latency,D_p99,99.0,43,1,1,1,26,152,3,0,0,0,0,183276,20596608,4048505,20596608,391320,118961280,0,32,0,31,1128906,25372
low_latency,D_p99,99.0,44,1,1,1,52,156,3,0,0,0,0,193810,21138624,3098220,21138624,391320,122091840,0,26,0,26,1144223,30990
low_latency,D_p99,99.0,45,1,1,1,13,25,1,1,0,0,0,32436,3387600,120,3387600,0,19566000,0,5,0,4,309490,4269
low_latency,D_p99,99.0,46,1,1,1,47,214,4,0,0,0,0,269689,28997856,3939978,28997856,782640,167484960,0,28,0,28,1683083,45306
low_latency,D_p99,99.0,47,0,0,0,4433,260,4,0,0,0,0,348551,35231040,1500996,35231040,782640,203486400,0,15,0,14,1583750,50537
low_latency,D_p99,99.0,48,1,1,1,53,40,1,1,0,0,0,52755,5420160,502,5420160,0,31305600,0,5,0,4,263209,11449
low_latency,D_p99,99.0,49,1,1,1,14,32,1,1,0,0,0,41871,4336128,225,4336128,0,25044480,0,4,0,3,373100,7745
low_latency,D_p99,99.0,50,1,1,1,46,135,2,0,0,0,0,162225,18293040,3392339,18293040,391320,105656400,0,27,0,27,1168947,26667
low_latency,D_p99,99.0,51,1,1,1,9,17,1,1,0,0,0,21589,2303568,117,2303568,0,13304880,0,1,0,1,186555,2117
low_latency,D_p99,99.0,52,1,1,1,21,149,3,0,0,0,0,176281,20190096,4126543,20190096,391320,116613360,0,32,0,32,1004272,12311
low_latency,D_p99,99.0,53,1,1,1,54,168,3,0,0,0,0,215559,22764672,2630918,22764672,391320,131483520,0,24,0,24,1072159,37860
low_latency,D_p99,99.0,54,1,1,1,37,121,2,0,0,0,0,160747,16395984,1255701,16395984,391320,94699440,0,15,0,14,670781,30705
low_latency,D_p99,99.0,55,0,0,0,5451,260,4,0,0,0,0,333648,35231040,4307468,35231040,782640,203486400,0,30,0,30,2027592,50967
low_latency,D_p99,99.0,56,1,1,1,17,21,1,0,0,0,0,26999,2845584,169,2845584,0,16435440,0,3,0,2,223736,3252
low_latency,D_p99,99.0,57,1,1,1,29,23,1,1,0,0,0,29756,3116592,168,3116592,0,18000720,0,4,0,3,229753,4707
low_latency,D_p99,99.0,58,0,0,0,5253,260,4,0,0,0,0,325572,35231040,4644548,35231040,782640,203486400,0,31,0,31,2200411,55744
low_latency,D_p99,99.0,59,0,0,0,5843,260,4,0,0,0,0,335490,35231040,3214812,35231040,1173960,203486400,0,24,0,24,1953318,46218
low_latency,D_p99,99.0,60,1,1,1,27,150,3,0,0,0,0,179091,20325600,3959913,20325600,391320,117396000,0,29,0,28,1008730,28556
low_latency,D_p99,99.0,61,0,0,1,300,260,4,1,0,0,0,332850,35231040,3290608,35231040,391320,203486400,0,23,0,23,1440086,52252
low_latency,D_p99,99.0,62,1,1,1,29,26,1,1,0,0,0,33681,3523104,199,3523104,0,20348640,0,4,0,3,274790,4947
low_latency,D_p99,99.0,63,1,1,1,53,155,3,0,0,0,0,207651,21003120,979938,21003120,782640,121309200,0,10,0,10,815517,38842
low_latency,D_p99,99.0,64,1,1,1,10,148,3,0,0,0,0,183384,20054592,3276001,20054592,391320,115830720,0,28,0,27,1119449,31998
low_latency,D_p99,99.0,65,1,1,1,12,18,1,1,0,0,0,22893,2439072,112,2439072,0,14087520,0,2,0,2,239071,1788
low_latency,D_p99,99.0,66,0,0,0,4498,260,4,0,0,0,0,332444,35231040,4298838,35231040,782640,203486400,0,31,0,30,1812048,40407
low_latency,D_p99,99.0,67,1,1,1,40,138,2,0,0,0,0,168435,18699552,3868557,18699552,391320,108004320,0,30,0,30,1169858,26078
low_latency,D_p99,99.0,68,0,0,0,4324,260,4,0,0,0,0,349367,35231040,2318855,35231040,1173960,203486400,0,10,0,9,1592863,47841
low_latency,D_p99,99.0,69,1,1,1,25,138,2,0,0,0,0,164211,18699552,3721589,18699552,391320,108004320,0,29,0,29,1061129,23950
low_latency,D_p99,99.0,70,1,1,1,58,160,3,0,0,0,0,199160,21680640,3190527,21680640,391320,125222400,0,27,0,27,1123138,27577
low_latency,D_p99,99.0,71,1,1,1,36,218,4,0,0,0,0,270413,29539872,4446039,29539872,391320,170615520,0,32,0,32,1526220,34788
low_latency,D_p99,99.0,72,1,1,1,22,212,4,0,0,0,0,266307,28726848,3612334,28726848,782640,165919680,0,28,0,28,1607200,36474
low_latency,D_p99,99.0,73,1,1,1,39,221,4,0,0,0,0,279573,29946384,3620653,29946384,782640,172963440,0,27,0,26,1699443,49084
low_latency,D_p99,99.0,74,0,0,0,5355,260,4,0,0,0,0,348975,35231040,1332666,35231040,1173960,203486400,0,7,0,6,1272090,40357
low_latency,D_p99,99.0,75,1,1,1,32,134,2,1,0,0,0,158482,18157536,3507745,18157536,391320,104873760,0,29,0,28,1068722,28177
low_latency,D_p99,99.0,76,0,0,0,4345,260,4,0,0,0,0,348421,35231040,1740887,35231040,1173960,203486400,0,15,0,14,1752727,69389
low_latency,D_p99,99.0,77,1,1,1,31,152,3,0,0,0,0,184485,20596608,3289665,20596608,391320,118961280,0,29,0,28,1177941,28965
low_latency,D_p99,99.0,78,1,1,1,19,151,3,0,0,0,0,181462,20461104,4027053,20461104,391320,118178640,0,32,0,32,1182135,21188
low_latency,D_p99,99.0,79,1,1,1,33,216,4,0,0,0,0,267216,29268864,4268032,29268864,782640,169050240,0,32,0,31,1733811,40080
low_latency,D_p99,99.0,80,1,1,1,54,219,4,0,0,0,0,275324,29675376,4070182,29675376,782640,171398160,0,30,0,30,1625542,36061
low_latency,D_p99,99.0,81,1,1,1,46,153,3,0,0,0,0,184323,20732112,3888590,20732112,391320,119743920,0,28,0,28,1167882,28928
low_latency,D_p99,99.0,82,1,1,1,26,218,4,0,0,0,0,251402,29539872,4338064,29539872,782640,170615520,0,26,0,26,1373803,33293
low_latency,D_p99,99.0,83,1,1,1,44,136,2,0,0,0,0,147999,18428544,4167311,18428544,391320,106439040,0,27,0,27,1024604,16512
low_latency,D_p99,99.0,84,1,1,1,47,217,4,0,0,0,0,277774,29404368,3349501,29404368,782640,169832880,0,26,0,26,1570526,46569
low_latency,D_p99,99.0,85,0,0,0,4360,260,4,0,0,0,0,322706,35231040,4895699,35231040,782640,203486400,0,30,0,30,1767704,31249
low_latency,D_p99,99.0,86,1,1,1,33,156,3,0,0,0,0,186407,21138624,3712277,21138624,391320,122091840,0,31,0,30,1333694,28359
low_latency,D_p99,99.0,87,0,0,0,4707,260,4,0,0,0,0,349838,35231040,2913312,35231040,782640,203486400,0,13,0,12,1484396,65008
low_latency,D_p99,99.0,88,0,0,0,4305,260,4,0,0,0,0,327761,35231040,4636554,35231040,782640,203486400,0,32,0,32,1866210,43744
low_latency,D_p99,99.0,89,1,1,1,46,153,3,0,0,0,0,183976,20732112,3626713,20732112,391320,119743920,0,30,0,30,1177190,24141
low_latency,D_p99,99.0,90,1,1,1,20,18,1,1,0,0,0,22970,2439072,145,2439072,0,14087520,0,2,0,1,212816,4585
low_latency,D_p99,99.0,91,0,0,1,133,260,4,1,0,0,0,337591,35231040,2816421,35231040,391320,203486400,0,23,0,23,1641356,62335
low_latency,D_p99,99.0,92,1,1,1,43,151,3,0,0,0,0,201237,20461104,407573,20461104,782640,118178640,0,11,0,10,868304,38253
low_latency,D_p99,99.0,93,1,1,1,26,152,3,0,0,0,0,190417,20596608,3435242,20596608,391320,118961280,0,29,0,29,1123561,25445
low_latency,D_p99,99.0,94,1,1,1,33,19,1,1,0,0,0,24300,2574576,219,2574576,0,14870160,0,1,0,1,204916,3194
low_latency,D_p99,99.0,95,0,0,0,4444,260,4,0,0,0,0,331446,35231040,4240116,35231040,782640,203486400,0,29,0,29,1829114,49753
low_latency,D_p99,99.0,96,1,1,1,32,148,3,0,0,0,0,175983,20054592,3845469,20054592,391320,115830720,0,31,0,31,1146603,23473
low_latency,D_p99,99.0,97,1,1,1,41,138,2,1,0,0,0,131540,18699552,4564840,18699552,391320,108004320,0,28,0,28,1011762,17515
low_latency,D_p99,99.0,98,1,1,1,21,23,1,1,0,0,0,29704,3116592,160,3116592,0,18000720,0,4,0,3,252491,6090
low_latency,D_p99,99.0,99,0,0,0,5431,260,4,0,0,0,0,324646,35231040,3569701,35231040,782640,203486400,0,24,0,24,1794838,49138
low_latency,D_p99,99.0,100,1,1,1,34,147,3,0,0,0,0,182585,19919088,3242278,19919088,391320,115048080,0,28,0,27,1090227,19182
low_latency,D_p99,99.0,101,1,1,1,47,153,3,0,0,0,0,184003,20732112,3683223,20732112,391320,119743920,0,29,0,28,1032207,27550
low_latency,D_p99,99.0,102,1,1,1,36,153,3,0,0,0,0,186348,20732112,4373078,20732112,391320,119743920,0,33,0,32,1206577,24552
low_latency,D_p99,99.0,103,1,1,1,50,217,4,0,0,0,0,271618,29404368,3907398,29404368,391320,169832880,0,30,0,30,1466419,41909
low_latency,D_p99,99.0,104,1,1,1,39,215,4,0,0,0,0,267285,29133360,4313405,29133360,782640,168267600,0,31,0,31,1376113,32914
low_latency,D_p99,99.0,105,0,0,0,355,260,4,0,0,0,0,327547,35231040,4076932,35231040,782640,203486400,0,30,0,29,1898891,63270
low_latency,D_p99,99.0,106,1,1,1,25,211,4,0,0,0,0,264179,28591344,3742975,28591344,782640,165137040,0,29,0,28,1472926,36176
low_latency,D_p99,99.0,107,0,0,0,5710,260,4,0,0,0,0,340609,35231040,4488053,35231040,782640,203486400,0,26,0,26,1762345,40862
low_latency,D_p99,99.0,108,1,1,1,16,18,1,0,0,0,0,22874,2439072,163,2439072,0,14087520,0,1,0,1,224245,3732
low_latency,D_p99,99.0,109,1,1,1,39,117,2,0,0,0,0,155001,15853968,976919,15853968,391320,91568880,0,15,0,14,672769,31138
low_latency,D_p99,99.0,110,0,0,0,4488,260,4,0,0,0,0,324988,35231040,3357074,35231040,782640,203486400,0,22,0,22,1870966,48878
low_latency,D_p99,99.0,111,0,0,0,5667,260,4,0,0,0,0,332182,35231040,3922985,35231040,782640,203486400,0,27,0,27,1541123,45685
low_latency,D_p99,99.0,112,0,0,0,5316,260,4,0,0,0,0,327301,35231040,4453431,35231040,782640,203486400,0,30,0,29,1817732,41649
low_latency,D_p99,99.0,113,1,1,1,9,20,1,1,0,0,0,25683,2710080,117,2710080,0,15652800,0,2,0,2,267930,3515
low_latency,D_p99,99.0,114,0,0,0,6133,260,4,0,0,0,0,330617,35231040,4350661,35231040,782640,203486400,0,28,0,28,1972625,45630
low_latency,D_p99,99.0,115,1,1,1,38,131,2,0,0,0,0,156510,17751024,3125037,17751024,391320,102525840,0,26,0,26,982582,20412
low_latency,D_p99,99.0,116,1,1,1,24,211,4,0,0,0,0,258323,28591344,4506001,28591344,782640,165137040,0,33,0,32,1735054,35176
low_latency,D_p99,99.0,117,0,0,0,5377,260,4,0,0,0,0,326655,35231040,4335324,35231040,782640,203486400,0,29,0,28,1884462,63045
low_latency,D_p99,99.0,118,1,1,1,18,21,1,1,0,0,0,27002,2845584,163,2845584,0,16435440,0,2,0,2,245922,4740
low_latency,D_p99,99.0,119,1,1,1,53,137,2,0,0,0,0,162979,18564048,3693382,18564048,391320,107221680,0,29,0,29,881508,18313
low_latency,D_p99,99.0,120,0,0,0,4454,260,4,0,0,0,0,325147,35231040,4565933,35231040,782640,203486400,0,32,0,32,1927185,37154
low_latency,D_p99,99.0,121,1,1,1,51,213,4,0,0,0,0,264951,28862352,3894584,28862352,782640,166702320,0,29,0,29,1630387,38790
low_latency,D_p99,99.0,122,1,1,1,28,157,3,0,0,0,0,186225,21274128,4142465,21274128,391320,122874480,0,32,0,31,1206720,21424
low_latency,D_p99,99.0,123,1,1,1,17,18,1,1,0,0,0,22908,2439072,167,2439072,0,14087520,0,1,0,1,225133,3450
low_latency,D_p99,99.0,124,0,0,0,5551,260,4,0,0,0,0,326243,35231040,4482013,35231040,782640,203486400,0,31,0,31,1927352,44388
low_latency,D_p99,99.0,125,1,1,1,35,148,3,0,0,0,0,174930,20054592,3887861,20054592,391320,115830720,0,31,0,31,1110028,21947
low_latency,D_p99,99.0,126,1,1,1,23,152,3,0,0,0,0,181233,20596608,3703479,20596608,391320,118961280,0,29,0,28,1255368,18382
low_latency,D_p99,99.0,127,0,0,0,257,260,4,0,0,0,0,316673,35231040,4005871,35231040,391320,203486400,0,25,0,25,1731909,44804
