raw_detector_id,basis,coordinates_json,detector_instruction_index,measurement_count_at_declaration,rec_offsets_json,absolute_record_indices_json,measurement_proof_json
0,Z,[72.0],24548,1872,[-1872],[0],"[{""record_index"":0,""instruction_index"":2305,""gate"":""M"",""qubit"":216,""basis"":""Z""}]"
1,Z,[73.0],24549,1872,[-1871],[1],"[{""record_index"":1,""instruction_index"":2305,""gate"":""M"",""qubit"":217,""basis"":""Z""}]"
2,Z,[74.0],24550,1872,[-1870],[2],"[{""record_index"":2,""instruction_index"":2305,""gate"":""M"",""qubit"":218,""basis"":""Z""}]"
3,Z,[75.0],24551,1872,[-1869],[3],"[{""record_index"":3,""instruction_index"":2305,""gate"":""M"",""qubit"":219,""basis"":""Z""}]"
4,Z,[76.0],24552,1872,[-1868],[4],"[{""record_index"":4,""instruction_index"":2305,""gate"":""M"",""qubit"":220,""basis"":""Z""}]"
5,Z,[77.0],24553,1872,[-1867],[5],"[{""record_index"":5,""instruction_index"":2305,""gate"":""M"",""qubit"":221,""basis"":""Z""}]"
6,Z,[78.0],24554,1872,[-1866],[6],"[{""record_index"":6,""instruction_index"":2305,""gate"":""M"",""qubit"":222,""basis"":""Z""}]"
7,Z,[79.0],24555,1872,[-1865],[7],"[{""record_index"":7,""instruction_index"":2305,""gate"":""M"",""qubit"":223,""basis"":""Z""}]"
8,Z,[80.0],24556,1872,[-1864],[8],"[{""record_index"":8,""instruction_index"":2305,""gate"":""M"",""qubit"":224,""basis"":""Z""}]"
9,Z,[81.0],24557,1872,[-1863],[9],"[{""record_index"":9,""instruction_index"":2305,""gate"":""M"",""qubit"":225,""basis"":""Z""}]"
10,Z,[82.0],24558,1872,[-1862],[10],"[{""record_index"":10,""instruction_index"":2305,""gate"":""M"",""qubit"":226,""basis"":""Z""}]"
11,Z,[83.0],24559,1872,[-1861],[11],"[{""record_index"":11,""instruction_index"":2305,""gate"":""M"",""qubit"":227,""basis"":""Z""}]"
12,Z,[84.0],24560,1872,[-1860],[12],"[{""record_index"":12,""instruction_index"":2305,""gate"":""M"",""qubit"":228,""basis"":""Z""}]"
13,Z,[85.0],24561,1872,[-1859],[13],"[{""record_index"":13,""instruction_index"":2305,""gate"":""M"",""qubit"":229,""basis"":""Z""}]"
14,Z,[86.0],24562,1872,[-1858],[14],"[{""record_index"":14,""instruction_index"":2305,""gate"":""M"",""qubit"":230,""basis"":""Z""}]"
15,Z,[87.0],24563,1872,[-1857],[15],"[{""record_index"":15,""instruction_index"":2305,""gate"":""M"",""qubit"":231,""basis"":""Z""}]"
16,Z,[88.0],24564,1872,[-1856],[16],"[{""record_index"":16,""instruction_index"":2305,""gate"":""M"",""qubit"":232,""basis"":""Z""}]"
17,Z,[89.0],24565,1872,[-1855],[17],"[{""record_index"":17,""instruction_index"":2305,""gate"":""M"",""qubit"":233,""basis"":""Z""}]"
18,Z,[90.0],24566,1872,[-1854],[18],"[{""record_index"":18,""instruction_index"":2305,""gate"":""M"",""qubit"":234,""basis"":""Z""}]"
19,Z,[91.0],24567,1872,[-1853],[19],"[{""record_index"":19,""instruction_index"":2305,""gate"":""M"",""qubit"":235,""basis"":""Z""}]"
20,Z,[92.0],24568,1872,[-1852],[20],"[{""record_index"":20,""instruction_index"":2305,""gate"":""M"",""qubit"":236,""basis"":""Z""}]"
21,Z,[93.0],24569,1872,[-1851],[21],"[{""record_index"":21,""instruction_index"":2305,""gate"":""M"",""qubit"":237,""basis"":""Z""}]"
22,Z,[94.0],24570,1872,[-1850],[22],"[{""record_index"":22,""instruction_index"":2305,""gate"":""M"",""qubit"":238,""basis"":""Z""}]"
23,Z,[95.0],24571,1872,[-1849],[23],"[{""record_index"":23,""instruction_index"":2305,""gate"":""M"",""qubit"":239,""basis"":""Z""}]"
24,Z,[96.0],24572,1872,[-1848],[24],"[{""record_index"":24,""instruction_index"":2305,""gate"":""M"",""qubit"":240,""basis"":""Z""}]"
25,Z,[97.0],24573,1872,[-1847],[25],"[{""record_index"":25,""instruction_index"":2305,""gate"":""M"",""qubit"":241,""basis"":""Z""}]"
26,Z,[98.0],24574,1872,[-1846],[26],"[{""record_index"":26,""instruction_index"":2305,""gate"":""M"",""qubit"":242,""basis"":""Z""}]"
27,Z,[99.0],24575,1872,[-1845],[27],"[{""record_index"":27,""instruction_index"":2305,""gate"":""M"",""qubit"":243,""basis"":""Z""}]"
28,Z,[100.0],24576,1872,[-1844],[28],"[{""record_index"":28,""instruction_index"":2305,""gate"":""M"",""qubit"":244,""basis"":""Z""}]"
29,Z,[101.0],24577,1872,[-1843],[29],"[{""record_index"":29,""instruction_index"":2305,""gate"":""M"",""qubit"":245,""basis"":""Z""}]"
30,Z,[102.0],24578,1872,[-1842],[30],"[{""record_index"":30,""instruction_index"":2305,""gate"":""M"",""qubit"":246,""basis"":""Z""}]"
31,Z,[103.0],24579,1872,[-1841],[31],"[{""record_index"":31,""instruction_index"":2305,""gate"":""M"",""qubit"":247,""basis"":""Z""}]"
32,Z,[104.0],24580,1872,[-1840],[32],"[{""record_index"":32,""instruction_index"":2305,""gate"":""M"",""qubit"":248,""basis"":""Z""}]"
33,Z,[105.0],24581,1872,[-1839],[33],"[{""record_index"":33,""instruction_index"":2305,""gate"":""M"",""qubit"":249,""basis"":""Z""}]"
34,Z,[106.0],24582,1872,[-1838],[34],"[{""record_index"":34,""instruction_index"":2305,""gate"":""M"",""qubit"":250,""basis"":""Z""}]"
35,Z,[107.0],24583,1872,[-1837],[35],"[{""record_index"":35,""instruction_index"":2305,""gate"":""M"",""qubit"":251,""basis"":""Z""}]"
36,Z,[108.0],24584,1872,[-1836],[36],"[{""record_index"":36,""instruction_index"":2305,""gate"":""M"",""qubit"":252,""basis"":""Z""}]"
37,Z,[109.0],24585,1872,[-1835],[37],"[{""record_index"":37,""instruction_index"":2305,""gate"":""M"",""qubit"":253,""basis"":""Z""}]"
38,Z,[110.0],24586,1872,[-1834],[38],"[{""record_index"":38,""instruction_index"":2305,""gate"":""M"",""qubit"":254,""basis"":""Z""}]"
39,Z,[111.0],24587,1872,[-1833],[39],"[{""record_index"":39,""instruction_index"":2305,""gate"":""M"",""qubit"":255,""basis"":""Z""}]"
40,Z,[112.0],24588,1872,[-1832],[40],"[{""record_index"":40,""instruction_index"":2305,""gate"":""M"",""qubit"":256,""basis"":""Z""}]"
41,Z,[113.0],24589,1872,[-1831],[41],"[{""record_index"":41,""instruction_index"":2305,""gate"":""M"",""qubit"":257,""basis"":""Z""}]"
42,Z,[114.0],24590,1872,[-1830],[42],"[{""record_index"":42,""instruction_index"":2305,""gate"":""M"",""qubit"":258,""basis"":""Z""}]"
43,Z,[115.0],24591,1872,[-1829],[43],"[{""record_index"":43,""instruction_index"":2305,""gate"":""M"",""qubit"":259,""basis"":""Z""}]"
44,Z,[116.0],24592,1872,[-1828],[44],"[{""record_index"":44,""instruction_index"":2305,""gate"":""M"",""qubit"":260,""basis"":""Z""}]"
45,Z,[117.0],24593,1872,[-1827],[45],"[{""record_index"":45,""instruction_index"":2305,""gate"":""M"",""qubit"":261,""basis"":""Z""}]"
46,Z,[118.0],24594,1872,[-1826],[46],"[{""record_index"":46,""instruction_index"":2305,""gate"":""M"",""qubit"":262,""basis"":""Z""}]"
47,Z,[119.0],24595,1872,[-1825],[47],"[{""record_index"":47,""instruction_index"":2305,""gate"":""M"",""qubit"":263,""basis"":""Z""}]"
48,Z,[120.0],24596,1872,[-1824],[48],"[{""record_index"":48,""instruction_index"":2305,""gate"":""M"",""qubit"":264,""basis"":""Z""}]"
49,Z,[121.0],24597,1872,[-1823],[49],"[{""record_index"":49,""instruction_index"":2305,""gate"":""M"",""qubit"":265,""basis"":""Z""}]"
50,Z,[122.0],24598,1872,[-1822],[50],"[{""record_index"":50,""instruction_index"":2305,""gate"":""M"",""qubit"":266,""basis"":""Z""}]"
51,Z,[123.0],24599,1872,[-1821],[51],"[{""record_index"":51,""instruction_index"":2305,""gate"":""M"",""qubit"":267,""basis"":""Z""}]"
52,Z,[124.0],24600,1872,[-1820],[52],"[{""record_index"":52,""instruction_index"":2305,""gate"":""M"",""qubit"":268,""basis"":""Z""}]"
53,Z,[125.0],24601,1872,[-1819],[53],"[{""record_index"":53,""instruction_index"":2305,""gate"":""M"",""qubit"":269,""basis"":""Z""}]"
54,Z,[126.0],24602,1872,[-1818],[54],"[{""record_index"":54,""instruction_index"":2305,""gate"":""M"",""qubit"":270,""basis"":""Z""}]"
55,Z,[127.0],24603,1872,[-1817],[55],"[{""record_index"":55,""instruction_index"":2305,""gate"":""M"",""qubit"":271,""basis"":""Z""}]"
56,Z,[128.0],24604,1872,[-1816],[56],"[{""record_index"":56,""instruction_index"":2305,""gate"":""M"",""qubit"":272,""basis"":""Z""}]"
57,Z,[129.0],24605,1872,[-1815],[57],"[{""record_index"":57,""instruction_index"":2305,""gate"":""M"",""qubit"":273,""basis"":""Z""}]"
58,Z,[130.0],24606,1872,[-1814],[58],"[{""record_index"":58,""instruction_index"":2305,""gate"":""M"",""qubit"":274,""basis"":""Z""}]"
59,Z,[131.0],24607,1872,[-1813],[59],"[{""record_index"":59,""instruction_index"":2305,""gate"":""M"",""qubit"":275,""basis"":""Z""}]"
60,Z,[132.0],24608,1872,[-1812],[60],"[{""record_index"":60,""instruction_index"":2305,""gate"":""M"",""qubit"":276,""basis"":""Z""}]"
61,Z,[133.0],24609,1872,[-1811],[61],"[{""record_index"":61,""instruction_index"":2305,""gate"":""M"",""qubit"":277,""basis"":""Z""}]"
62,Z,[134.0],24610,1872,[-1810],[62],"[{""record_index"":62,""instruction_index"":2305,""gate"":""M"",""qubit"":278,""basis"":""Z""}]"
63,Z,[135.0],24611,1872,[-1809],[63],"[{""record_index"":63,""instruction_index"":2305,""gate"":""M"",""qubit"":279,""basis"":""Z""}]"
64,Z,[136.0],24612,1872,[-1808],[64],"[{""record_index"":64,""instruction_index"":2305,""gate"":""M"",""qubit"":280,""basis"":""Z""}]"
65,Z,[137.0],24613,1872,[-1807],[65],"[{""record_index"":65,""instruction_index"":2305,""gate"":""M"",""qubit"":281,""basis"":""Z""}]"
66,Z,[138.0],24614,1872,[-1806],[66],"[{""record_index"":66,""instruction_index"":2305,""gate"":""M"",""qubit"":282,""basis"":""Z""}]"
67,Z,[139.0],24615,1872,[-1805],[67],"[{""record_index"":67,""instruction_index"":2305,""gate"":""M"",""qubit"":283,""basis"":""Z""}]"
68,Z,[140.0],24616,1872,[-1804],[68],"[{""record_index"":68,""instruction_index"":2305,""gate"":""M"",""qubit"":284,""basis"":""Z""}]"
69,Z,[141.0],24617,1872,[-1803],[69],"[{""record_index"":69,""instruction_index"":2305,""gate"":""M"",""qubit"":285,""basis"":""Z""}]"
70,Z,[142.0],24618,1872,[-1802],[70],"[{""record_index"":70,""instruction_index"":2305,""gate"":""M"",""qubit"":286,""basis"":""Z""}]"
71,Z,[143.0],24619,1872,[-1801],[71],"[{""record_index"":71,""instruction_index"":2305,""gate"":""M"",""qubit"":287,""basis"":""Z""}]"
72,Z,[288.0],24631,1872,"[-1728,-1872]","[144,0]","[{""record_index"":144,""instruction_index"":4326,""gate"":""M"",""qubit"":216,""basis"":""Z""},{""record_index"":0,""instruction_index"":2305,""gate"":""M"",""qubit"":216,""basis"":""Z""}]"
73,Z,[289.0],24632,1872,"[-1727,-1871]","[145,1]","[{""record_index"":145,""instruction_index"":4326,""gate"":""M"",""qubit"":217,""basis"":""Z""},{""record_index"":1,""instruction_index"":2305,""gate"":""M"",""qubit"":217,""basis"":""Z""}]"
74,Z,[290.0],24633,1872,"[-1726,-1870]","[146,2]","[{""record_index"":146,""instruction_index"":4326,""gate"":""M"",""qubit"":218,""basis"":""Z""},{""record_index"":2,""instruction_index"":2305,""gate"":""M"",""qubit"":218,""basis"":""Z""}]"
75,Z,[291.0],24634,1872,"[-1725,-1869]","[147,3]","[{""record_index"":147,""instruction_index"":4326,""gate"":""M"",""qubit"":219,""basis"":""Z""},{""record_index"":3,""instruction_index"":2305,""gate"":""M"",""qubit"":219,""basis"":""Z""}]"
76,Z,[292.0],24635,1872,"[-1724,-1868]","[148,4]","[{""record_index"":148,""instruction_index"":4326,""gate"":""M"",""qubit"":220,""basis"":""Z""},{""record_index"":4,""instruction_index"":2305,""gate"":""M"",""qubit"":220,""basis"":""Z""}]"
77,Z,[293.0],24636,1872,"[-1723,-1867]","[149,5]","[{""record_index"":149,""instruction_index"":4326,""gate"":""M"",""qubit"":221,""basis"":""Z""},{""record_index"":5,""instruction_index"":2305,""gate"":""M"",""qubit"":221,""basis"":""Z""}]"
78,Z,[294.0],24637,1872,"[-1722,-1866]","[150,6]","[{""record_index"":150,""instruction_index"":4326,""gate"":""M"",""qubit"":222,""basis"":""Z""},{""record_index"":6,""instruction_index"":2305,""gate"":""M"",""qubit"":222,""basis"":""Z""}]"
79,Z,[295.0],24638,1872,"[-1721,-1865]","[151,7]","[{""record_index"":151,""instruction_index"":4326,""gate"":""M"",""qubit"":223,""basis"":""Z""},{""record_index"":7,""instruction_index"":2305,""gate"":""M"",""qubit"":223,""basis"":""Z""}]"
80,Z,[296.0],24639,1872,"[-1720,-1864]","[152,8]","[{""record_index"":152,""instruction_index"":4326,""gate"":""M"",""qubit"":224,""basis"":""Z""},{""record_index"":8,""instruction_index"":2305,""gate"":""M"",""qubit"":224,""basis"":""Z""}]"
81,Z,[297.0],24640,1872,"[-1719,-1863]","[153,9]","[{""record_index"":153,""instruction_index"":4326,""gate"":""M"",""qubit"":225,""basis"":""Z""},{""record_index"":9,""instruction_index"":2305,""gate"":""M"",""qubit"":225,""basis"":""Z""}]"
82,Z,[298.0],24641,1872,"[-1718,-1862]","[154,10]","[{""record_index"":154,""instruction_index"":4326,""gate"":""M"",""qubit"":226,""basis"":""Z""},{""record_index"":10,""instruction_index"":2305,""gate"":""M"",""qubit"":226,""basis"":""Z""}]"
83,Z,[299.0],24642,1872,"[-1717,-1861]","[155,11]","[{""record_index"":155,""instruction_index"":4326,""gate"":""M"",""qubit"":227,""basis"":""Z""},{""record_index"":11,""instruction_index"":2305,""gate"":""M"",""qubit"":227,""basis"":""Z""}]"
84,Z,[300.0],24643,1872,"[-1716,-1860]","[156,12]","[{""record_index"":156,""instruction_index"":4326,""gate"":""M"",""qubit"":228,""basis"":""Z""},{""record_index"":12,""instruction_index"":2305,""gate"":""M"",""qubit"":228,""basis"":""Z""}]"
85,Z,[301.0],24644,1872,"[-1715,-1859]","[157,13]","[{""record_index"":157,""instruction_index"":4326,""gate"":""M"",""qubit"":229,""basis"":""Z""},{""record_index"":13,""instruction_index"":2305,""gate"":""M"",""qubit"":229,""basis"":""Z""}]"
86,Z,[302.0],24645,1872,"[-1714,-1858]","[158,14]","[{""record_index"":158,""instruction_index"":4326,""gate"":""M"",""qubit"":230,""basis"":""Z""},{""record_index"":14,""instruction_index"":2305,""gate"":""M"",""qubit"":230,""basis"":""Z""}]"
87,Z,[303.0],24646,1872,"[-1713,-1857]","[159,15]","[{""record_index"":159,""instruction_index"":4326,""gate"":""M"",""qubit"":231,""basis"":""Z""},{""record_index"":15,""instruction_index"":2305,""gate"":""M"",""qubit"":231,""basis"":""Z""}]"
88,Z,[304.0],24647,1872,"[-1712,-1856]","[160,16]","[{""record_index"":160,""instruction_index"":4326,""gate"":""M"",""qubit"":232,""basis"":""Z""},{""record_index"":16,""instruction_index"":2305,""gate"":""M"",""qubit"":232,""basis"":""Z""}]"
89,Z,[305.0],24648,1872,"[-1711,-1855]","[161,17]","[{""record_index"":161,""instruction_index"":4326,""gate"":""M"",""qubit"":233,""basis"":""Z""},{""record_index"":17,""instruction_index"":2305,""gate"":""M"",""qubit"":233,""basis"":""Z""}]"
90,Z,[306.0],24649,1872,"[-1710,-1854]","[162,18]","[{""record_index"":162,""instruction_index"":4326,""gate"":""M"",""qubit"":234,""basis"":""Z""},{""record_index"":18,""instruction_index"":2305,""gate"":""M"",""qubit"":234,""basis"":""Z""}]"
91,Z,[307.0],24650,1872,"[-1709,-1853]","[163,19]","[{""record_index"":163,""instruction_index"":4326,""gate"":""M"",""qubit"":235,""basis"":""Z""},{""record_index"":19,""instruction_index"":2305,""gate"":""M"",""qubit"":235,""basis"":""Z""}]"
92,Z,[308.0],24651,1872,"[-1708,-1852]","[164,20]","[{""record_index"":164,""instruction_index"":4326,""gate"":""M"",""qubit"":236,""basis"":""Z""},{""record_index"":20,""instruction_index"":2305,""gate"":""M"",""qubit"":236,""basis"":""Z""}]"
93,Z,[309.0],24652,1872,"[-1707,-1851]","[165,21]","[{""record_index"":165,""instruction_index"":4326,""gate"":""M"",""qubit"":237,""basis"":""Z""},{""record_index"":21,""instruction_index"":2305,""gate"":""M"",""qubit"":237,""basis"":""Z""}]"
94,Z,[310.0],24653,1872,"[-1706,-1850]","[166,22]","[{""record_index"":166,""instruction_index"":4326,""gate"":""M"",""qubit"":238,""basis"":""Z""},{""record_index"":22,""instruction_index"":2305,""gate"":""M"",""qubit"":238,""basis"":""Z""}]"
95,Z,[311.0],24654,1872,"[-1705,-1849]","[167,23]","[{""record_index"":167,""instruction_index"":4326,""gate"":""M"",""qubit"":239,""basis"":""Z""},{""record_index"":23,""instruction_index"":2305,""gate"":""M"",""qubit"":239,""basis"":""Z""}]"
96,Z,[312.0],24655,1872,"[-1704,-1848]","[168,24]","[{""record_index"":168,""instruction_index"":4326,""gate"":""M"",""qubit"":240,""basis"":""Z""},{""record_index"":24,""instruction_index"":2305,""gate"":""M"",""qubit"":240,""basis"":""Z""}]"
97,Z,[313.0],24656,1872,"[-1703,-1847]","[169,25]","[{""record_index"":169,""instruction_index"":4326,""gate"":""M"",""qubit"":241,""basis"":""Z""},{""record_index"":25,""instruction_index"":2305,""gate"":""M"",""qubit"":241,""basis"":""Z""}]"
98,Z,[314.0],24657,1872,"[-1702,-1846]","[170,26]","[{""record_index"":170,""instruction_index"":4326,""gate"":""M"",""qubit"":242,""basis"":""Z""},{""record_index"":26,""instruction_index"":2305,""gate"":""M"",""qubit"":242,""basis"":""Z""}]"
99,Z,[315.0],24658,1872,"[-1701,-1845]","[171,27]","[{""record_index"":171,""instruction_index"":4326,""gate"":""M"",""qubit"":243,""basis"":""Z""},{""record_index"":27,""instruction_index"":2305,""gate"":""M"",""qubit"":243,""basis"":""Z""}]"
100,Z,[316.0],24659,1872,"[-1700,-1844]","[172,28]","[{""record_index"":172,""instruction_index"":4326,""gate"":""M"",""qubit"":244,""basis"":""Z""},{""record_index"":28,""instruction_index"":2305,""gate"":""M"",""qubit"":244,""basis"":""Z""}]"
101,Z,[317.0],24660,1872,"[-1699,-1843]","[173,29]","[{""record_index"":173,""instruction_index"":4326,""gate"":""M"",""qubit"":245,""basis"":""Z""},{""record_index"":29,""instruction_index"":2305,""gate"":""M"",""qubit"":245,""basis"":""Z""}]"
102,Z,[318.0],24661,1872,"[-1698,-1842]","[174,30]","[{""record_index"":174,""instruction_index"":4326,""gate"":""M"",""qubit"":246,""basis"":""Z""},{""record_index"":30,""instruction_index"":2305,""gate"":""M"",""qubit"":246,""basis"":""Z""}]"
103,Z,[319.0],24662,1872,"[-1697,-1841]","[175,31]","[{""record_index"":175,""instruction_index"":4326,""gate"":""M"",""qubit"":247,""basis"":""Z""},{""record_index"":31,""instruction_index"":2305,""gate"":""M"",""qubit"":247,""basis"":""Z""}]"
104,Z,[320.0],24663,1872,"[-1696,-1840]","[176,32]","[{""record_index"":176,""instruction_index"":4326,""gate"":""M"",""qubit"":248,""basis"":""Z""},{""record_index"":32,""instruction_index"":2305,""gate"":""M"",""qubit"":248,""basis"":""Z""}]"
105,Z,[321.0],24664,1872,"[-1695,-1839]","[177,33]","[{""record_index"":177,""instruction_index"":4326,""gate"":""M"",""qubit"":249,""basis"":""Z""},{""record_index"":33,""instruction_index"":2305,""gate"":""M"",""qubit"":249,""basis"":""Z""}]"
106,Z,[322.0],24665,1872,"[-1694,-1838]","[178,34]","[{""record_index"":178,""instruction_index"":4326,""gate"":""M"",""qubit"":250,""basis"":""Z""},{""record_index"":34,""instruction_index"":2305,""gate"":""M"",""qubit"":250,""basis"":""Z""}]"
107,Z,[323.0],24666,1872,"[-1693,-1837]","[179,35]","[{""record_index"":179,""instruction_index"":4326,""gate"":""M"",""qubit"":251,""basis"":""Z""},{""record_index"":35,""instruction_index"":2305,""gate"":""M"",""qubit"":251,""basis"":""Z""}]"
108,Z,[324.0],24667,1872,"[-1692,-1836]","[180,36]","[{""record_index"":180,""instruction_index"":4326,""gate"":""M"",""qubit"":252,""basis"":""Z""},{""record_index"":36,""instruction_index"":2305,""gate"":""M"",""qubit"":252,""basis"":""Z""}]"
109,Z,[325.0],24668,1872,"[-1691,-1835]","[181,37]","[{""record_index"":181,""instruction_index"":4326,""gate"":""M"",""qubit"":253,""basis"":""Z""},{""record_index"":37,""instruction_index"":2305,""gate"":""M"",""qubit"":253,""basis"":""Z""}]"
110,Z,[326.0],24669,1872,"[-1690,-1834]","[182,38]","[{""record_index"":182,""instruction_index"":4326,""gate"":""M"",""qubit"":254,""basis"":""Z""},{""record_index"":38,""instruction_index"":2305,""gate"":""M"",""qubit"":254,""basis"":""Z""}]"
111,Z,[327.0],24670,1872,"[-1689,-1833]","[183,39]","[{""record_index"":183,""instruction_index"":4326,""gate"":""M"",""qubit"":255,""basis"":""Z""},{""record_index"":39,""instruction_index"":2305,""gate"":""M"",""qubit"":255,""basis"":""Z""}]"
112,Z,[328.0],24671,1872,"[-1688,-1832]","[184,40]","[{""record_index"":184,""instruction_index"":4326,""gate"":""M"",""qubit"":256,""basis"":""Z""},{""record_index"":40,""instruction_index"":2305,""gate"":""M"",""qubit"":256,""basis"":""Z""}]"
113,Z,[329.0],24672,1872,"[-1687,-1831]","[185,41]","[{""record_index"":185,""instruction_index"":4326,""gate"":""M"",""qubit"":257,""basis"":""Z""},{""record_index"":41,""instruction_index"":2305,""gate"":""M"",""qubit"":257,""basis"":""Z""}]"
114,Z,[330.0],24673,1872,"[-1686,-1830]","[186,42]","[{""record_index"":186,""instruction_index"":4326,""gate"":""M"",""qubit"":258,""basis"":""Z""},{""record_index"":42,""instruction_index"":2305,""gate"":""M"",""qubit"":258,""basis"":""Z""}]"
115,Z,[331.0],24674,1872,"[-1685,-1829]","[187,43]","[{""record_index"":187,""instruction_index"":4326,""gate"":""M"",""qubit"":259,""basis"":""Z""},{""record_index"":43,""instruction_index"":2305,""gate"":""M"",""qubit"":259,""basis"":""Z""}]"
116,Z,[332.0],24675,1872,"[-1684,-1828]","[188,44]","[{""record_index"":188,""instruction_index"":4326,""gate"":""M"",""qubit"":260,""basis"":""Z""},{""record_index"":44,""instruction_index"":2305,""gate"":""M"",""qubit"":260,""basis"":""Z""}]"
117,Z,[333.0],24676,1872,"[-1683,-1827]","[189,45]","[{""record_index"":189,""instruction_index"":4326,""gate"":""M"",""qubit"":261,""basis"":""Z""},{""record_index"":45,""instruction_index"":2305,""gate"":""M"",""qubit"":261,""basis"":""Z""}]"
118,Z,[334.0],24677,1872,"[-1682,-1826]","[190,46]","[{""record_index"":190,""instruction_index"":4326,""gate"":""M"",""qubit"":262,""basis"":""Z""},{""record_index"":46,""instruction_index"":2305,""gate"":""M"",""qubit"":262,""basis"":""Z""}]"
119,Z,[335.0],24678,1872,"[-1681,-1825]","[191,47]","[{""record_index"":191,""instruction_index"":4326,""gate"":""M"",""qubit"":263,""basis"":""Z""},{""record_index"":47,""instruction_index"":2305,""gate"":""M"",""qubit"":263,""basis"":""Z""}]"
120,Z,[336.0],24679,1872,"[-1680,-1824]","[192,48]","[{""record_index"":192,""instruction_index"":4326,""gate"":""M"",""qubit"":264,""basis"":""Z""},{""record_index"":48,""instruction_index"":2305,""gate"":""M"",""qubit"":264,""basis"":""Z""}]"
121,Z,[337.0],24680,1872,"[-1679,-1823]","[193,49]","[{""record_index"":193,""instruction_index"":4326,""gate"":""M"",""qubit"":265,""basis"":""Z""},{""record_index"":49,""instruction_index"":2305,""gate"":""M"",""qubit"":265,""basis"":""Z""}]"
122,Z,[338.0],24681,1872,"[-1678,-1822]","[194,50]","[{""record_index"":194,""instruction_index"":4326,""gate"":""M"",""qubit"":266,""basis"":""Z""},{""record_index"":50,""instruction_index"":2305,""gate"":""M"",""qubit"":266,""basis"":""Z""}]"
123,Z,[339.0],24682,1872,"[-1677,-1821]","[195,51]","[{""record_index"":195,""instruction_index"":4326,""gate"":""M"",""qubit"":267,""basis"":""Z""},{""record_index"":51,""instruction_index"":2305,""gate"":""M"",""qubit"":267,""basis"":""Z""}]"
124,Z,[340.0],24683,1872,"[-1676,-1820]","[196,52]","[{""record_index"":196,""instruction_index"":4326,""gate"":""M"",""qubit"":268,""basis"":""Z""},{""record_index"":52,""instruction_index"":2305,""gate"":""M"",""qubit"":268,""basis"":""Z""}]"
125,Z,[341.0],24684,1872,"[-1675,-1819]","[197,53]","[{""record_index"":197,""instruction_index"":4326,""gate"":""M"",""qubit"":269,""basis"":""Z""},{""record_index"":53,""instruction_index"":2305,""gate"":""M"",""qubit"":269,""basis"":""Z""}]"
126,Z,[342.0],24685,1872,"[-1674,-1818]","[198,54]","[{""record_index"":198,""instruction_index"":4326,""gate"":""M"",""qubit"":270,""basis"":""Z""},{""record_index"":54,""instruction_index"":2305,""gate"":""M"",""qubit"":270,""basis"":""Z""}]"
127,Z,[343.0],24686,1872,"[-1673,-1817]","[199,55]","[{""record_index"":199,""instruction_index"":4326,""gate"":""M"",""qubit"":271,""basis"":""Z""},{""record_index"":55,""instruction_index"":2305,""gate"":""M"",""qubit"":271,""basis"":""Z""}]"
128,Z,[344.0],24687,1872,"[-1672,-1816]","[200,56]","[{""record_index"":200,""instruction_index"":4326,""gate"":""M"",""qubit"":272,""basis"":""Z""},{""record_index"":56,""instruction_index"":2305,""gate"":""M"",""qubit"":272,""basis"":""Z""}]"
129,Z,[345.0],24688,1872,"[-1671,-1815]","[201,57]","[{""record_index"":201,""instruction_index"":4326,""gate"":""M"",""qubit"":273,""basis"":""Z""},{""record_index"":57,""instruction_index"":2305,""gate"":""M"",""qubit"":273,""basis"":""Z""}]"
130,Z,[346.0],24689,1872,"[-1670,-1814]","[202,58]","[{""record_index"":202,""instruction_index"":4326,""gate"":""M"",""qubit"":274,""basis"":""Z""},{""record_index"":58,""instruction_index"":2305,""gate"":""M"",""qubit"":274,""basis"":""Z""}]"
131,Z,[347.0],24690,1872,"[-1669,-1813]","[203,59]","[{""record_index"":203,""instruction_index"":4326,""gate"":""M"",""qubit"":275,""basis"":""Z""},{""record_index"":59,""instruction_index"":2305,""gate"":""M"",""qubit"":275,""basis"":""Z""}]"
132,Z,[348.0],24691,1872,"[-1668,-1812]","[204,60]","[{""record_index"":204,""instruction_index"":4326,""gate"":""M"",""qubit"":276,""basis"":""Z""},{""record_index"":60,""instruction_index"":2305,""gate"":""M"",""qubit"":276,""basis"":""Z""}]"
133,Z,[349.0],24692,1872,"[-1667,-1811]","[205,61]","[{""record_index"":205,""instruction_index"":4326,""gate"":""M"",""qubit"":277,""basis"":""Z""},{""record_index"":61,""instruction_index"":2305,""gate"":""M"",""qubit"":277,""basis"":""Z""}]"
134,Z,[350.0],24693,1872,"[-1666,-1810]","[206,62]","[{""record_index"":206,""instruction_index"":4326,""gate"":""M"",""qubit"":278,""basis"":""Z""},{""record_index"":62,""instruction_index"":2305,""gate"":""M"",""qubit"":278,""basis"":""Z""}]"
135,Z,[351.0],24694,1872,"[-1665,-1809]","[207,63]","[{""record_index"":207,""instruction_index"":4326,""gate"":""M"",""qubit"":279,""basis"":""Z""},{""record_index"":63,""instruction_index"":2305,""gate"":""M"",""qubit"":279,""basis"":""Z""}]"
136,Z,[352.0],24695,1872,"[-1664,-1808]","[208,64]","[{""record_index"":208,""instruction_index"":4326,""gate"":""M"",""qubit"":280,""basis"":""Z""},{""record_index"":64,""instruction_index"":2305,""gate"":""M"",""qubit"":280,""basis"":""Z""}]"
137,Z,[353.0],24696,1872,"[-1663,-1807]","[209,65]","[{""record_index"":209,""instruction_index"":4326,""gate"":""M"",""qubit"":281,""basis"":""Z""},{""record_index"":65,""instruction_index"":2305,""gate"":""M"",""qubit"":281,""basis"":""Z""}]"
138,Z,[354.0],24697,1872,"[-1662,-1806]","[210,66]","[{""record_index"":210,""instruction_index"":4326,""gate"":""M"",""qubit"":282,""basis"":""Z""},{""record_index"":66,""instruction_index"":2305,""gate"":""M"",""qubit"":282,""basis"":""Z""}]"
139,Z,[355.0],24698,1872,"[-1661,-1805]","[211,67]","[{""record_index"":211,""instruction_index"":4326,""gate"":""M"",""qubit"":283,""basis"":""Z""},{""record_index"":67,""instruction_index"":2305,""gate"":""M"",""qubit"":283,""basis"":""Z""}]"
140,Z,[356.0],24699,1872,"[-1660,-1804]","[212,68]","[{""record_index"":212,""instruction_index"":4326,""gate"":""M"",""qubit"":284,""basis"":""Z""},{""record_index"":68,""instruction_index"":2305,""gate"":""M"",""qubit"":284,""basis"":""Z""}]"
141,Z,[357.0],24700,1872,"[-1659,-1803]","[213,69]","[{""record_index"":213,""instruction_index"":4326,""gate"":""M"",""qubit"":285,""basis"":""Z""},{""record_index"":69,""instruction_index"":2305,""gate"":""M"",""qubit"":285,""basis"":""Z""}]"
142,Z,[358.0],24701,1872,"[-1658,-1802]","[214,70]","[{""record_index"":214,""instruction_index"":4326,""gate"":""M"",""qubit"":286,""basis"":""Z""},{""record_index"":70,""instruction_index"":2305,""gate"":""M"",""qubit"":286,""basis"":""Z""}]"
143,Z,[359.0],24702,1872,"[-1657,-1801]","[215,71]","[{""record_index"":215,""instruction_index"":4326,""gate"":""M"",""qubit"":287,""basis"":""Z""},{""record_index"":71,""instruction_index"":2305,""gate"":""M"",""qubit"":287,""basis"":""Z""}]"
144,X,[216.0],24704,1872,"[-1656,-1800]","[216,72]","[{""record_index"":216,""instruction_index"":4328,""gate"":""MX"",""qubit"":144,""basis"":""X""},{""record_index"":72,""instruction_index"":2307,""gate"":""MX"",""qubit"":144,""basis"":""X""}]"
145,X,[217.0],24705,1872,"[-1655,-1799]","[217,73]","[{""record_index"":217,""instruction_index"":4328,""gate"":""MX"",""qubit"":145,""basis"":""X""},{""record_index"":73,""instruction_index"":2307,""gate"":""MX"",""qubit"":145,""basis"":""X""}]"
146,X,[218.0],24706,1872,"[-1654,-1798]","[218,74]","[{""record_index"":218,""instruction_index"":4328,""gate"":""MX"",""qubit"":146,""basis"":""X""},{""record_index"":74,""instruction_index"":2307,""gate"":""MX"",""qubit"":146,""basis"":""X""}]"
147,X,[219.0],24707,1872,"[-1653,-1797]","[219,75]","[{""record_index"":219,""instruction_index"":4328,""gate"":""MX"",""qubit"":147,""basis"":""X""},{""record_index"":75,""instruction_index"":2307,""gate"":""MX"",""qubit"":147,""basis"":""X""}]"
148,X,[220.0],24708,1872,"[-1652,-1796]","[220,76]","[{""record_index"":220,""instruction_index"":4328,""gate"":""MX"",""qubit"":148,""basis"":""X""},{""record_index"":76,""instruction_index"":2307,""gate"":""MX"",""qubit"":148,""basis"":""X""}]"
149,X,[221.0],24709,1872,"[-1651,-1795]","[221,77]","[{""record_index"":221,""instruction_index"":4328,""gate"":""MX"",""qubit"":149,""basis"":""X""},{""record_index"":77,""instruction_index"":2307,""gate"":""MX"",""qubit"":149,""basis"":""X""}]"
150,X,[222.0],24710,1872,"[-1650,-1794]","[222,78]","[{""record_index"":222,""instruction_index"":4328,""gate"":""MX"",""qubit"":150,""basis"":""X""},{""record_index"":78,""instruction_index"":2307,""gate"":""MX"",""qubit"":150,""basis"":""X""}]"
151,X,[223.0],24711,1872,"[-1649,-1793]","[223,79]","[{""record_index"":223,""instruction_index"":4328,""gate"":""MX"",""qubit"":151,""basis"":""X""},{""record_index"":79,""instruction_index"":2307,""gate"":""MX"",""qubit"":151,""basis"":""X""}]"
152,X,[224.0],24712,1872,"[-1648,-1792]","[224,80]","[{""record_index"":224,""instruction_index"":4328,""gate"":""MX"",""qubit"":152,""basis"":""X""},{""record_index"":80,""instruction_index"":2307,""gate"":""MX"",""qubit"":152,""basis"":""X""}]"
153,X,[225.0],24713,1872,"[-1647,-1791]","[225,81]","[{""record_index"":225,""instruction_index"":4328,""gate"":""MX"",""qubit"":153,""basis"":""X""},{""record_index"":81,""instruction_index"":2307,""gate"":""MX"",""qubit"":153,""basis"":""X""}]"
154,X,[226.0],24714,1872,"[-1646,-1790]","[226,82]","[{""record_index"":226,""instruction_index"":4328,""gate"":""MX"",""qubit"":154,""basis"":""X""},{""record_index"":82,""instruction_index"":2307,""gate"":""MX"",""qubit"":154,""basis"":""X""}]"
155,X,[227.0],24715,1872,"[-1645,-1789]","[227,83]","[{""record_index"":227,""instruction_index"":4328,""gate"":""MX"",""qubit"":155,""basis"":""X""},{""record_index"":83,""instruction_index"":2307,""gate"":""MX"",""qubit"":155,""basis"":""X""}]"
156,X,[228.0],24716,1872,"[-1644,-1788]","[228,84]","[{""record_index"":228,""instruction_index"":4328,""gate"":""MX"",""qubit"":156,""basis"":""X""},{""record_index"":84,""instruction_index"":2307,""gate"":""MX"",""qubit"":156,""basis"":""X""}]"
157,X,[229.0],24717,1872,"[-1643,-1787]","[229,85]","[{""record_index"":229,""instruction_index"":4328,""gate"":""MX"",""qubit"":157,""basis"":""X""},{""record_index"":85,""instruction_index"":2307,""gate"":""MX"",""qubit"":157,""basis"":""X""}]"
158,X,[230.0],24718,1872,"[-1642,-1786]","[230,86]","[{""record_index"":230,""instruction_index"":4328,""gate"":""MX"",""qubit"":158,""basis"":""X""},{""record_index"":86,""instruction_index"":2307,""gate"":""MX"",""qubit"":158,""basis"":""X""}]"
159,X,[231.0],24719,1872,"[-1641,-1785]","[231,87]","[{""record_index"":231,""instruction_index"":4328,""gate"":""MX"",""qubit"":159,""basis"":""X""},{""record_index"":87,""instruction_index"":2307,""gate"":""MX"",""qubit"":159,""basis"":""X""}]"
160,X,[232.0],24720,1872,"[-1640,-1784]","[232,88]","[{""record_index"":232,""instruction_index"":4328,""gate"":""MX"",""qubit"":160,""basis"":""X""},{""record_index"":88,""instruction_index"":2307,""gate"":""MX"",""qubit"":160,""basis"":""X""}]"
161,X,[233.0],24721,1872,"[-1639,-1783]","[233,89]","[{""record_index"":233,""instruction_index"":4328,""gate"":""MX"",""qubit"":161,""basis"":""X""},{""record_index"":89,""instruction_index"":2307,""gate"":""MX"",""qubit"":161,""basis"":""X""}]"
162,X,[234.0],24722,1872,"[-1638,-1782]","[234,90]","[{""record_index"":234,""instruction_index"":4328,""gate"":""MX"",""qubit"":162,""basis"":""X""},{""record_index"":90,""instruction_index"":2307,""gate"":""MX"",""qubit"":162,""basis"":""X""}]"
163,X,[235.0],24723,1872,"[-1637,-1781]","[235,91]","[{""record_index"":235,""instruction_index"":4328,""gate"":""MX"",""qubit"":163,""basis"":""X""},{""record_index"":91,""instruction_index"":2307,""gate"":""MX"",""qubit"":163,""basis"":""X""}]"
164,X,[236.0],24724,1872,"[-1636,-1780]","[236,92]","[{""record_index"":236,""instruction_index"":4328,""gate"":""MX"",""qubit"":164,""basis"":""X""},{""record_index"":92,""instruction_index"":2307,""gate"":""MX"",""qubit"":164,""basis"":""X""}]"
165,X,[237.0],24725,1872,"[-1635,-1779]","[237,93]","[{""record_index"":237,""instruction_index"":4328,""gate"":""MX"",""qubit"":165,""basis"":""X""},{""record_index"":93,""instruction_index"":2307,""gate"":""MX"",""qubit"":165,""basis"":""X""}]"
166,X,[238.0],24726,1872,"[-1634,-1778]","[238,94]","[{""record_index"":238,""instruction_index"":4328,""gate"":""MX"",""qubit"":166,""basis"":""X""},{""record_index"":94,""instruction_index"":2307,""gate"":""MX"",""qubit"":166,""basis"":""X""}]"
167,X,[239.0],24727,1872,"[-1633,-1777]","[239,95]","[{""record_index"":239,""instruction_index"":4328,""gate"":""MX"",""qubit"":167,""basis"":""X""},{""record_index"":95,""instruction_index"":2307,""gate"":""MX"",""qubit"":167,""basis"":""X""}]"
168,X,[240.0],24728,1872,"[-1632,-1776]","[240,96]","[{""record_index"":240,""instruction_index"":4328,""gate"":""MX"",""qubit"":168,""basis"":""X""},{""record_index"":96,""instruction_index"":2307,""gate"":""MX"",""qubit"":168,""basis"":""X""}]"
169,X,[241.0],24729,1872,"[-1631,-1775]","[241,97]","[{""record_index"":241,""instruction_index"":4328,""gate"":""MX"",""qubit"":169,""basis"":""X""},{""record_index"":97,""instruction_index"":2307,""gate"":""MX"",""qubit"":169,""basis"":""X""}]"
170,X,[242.0],24730,1872,"[-1630,-1774]","[242,98]","[{""record_index"":242,""instruction_index"":4328,""gate"":""MX"",""qubit"":170,""basis"":""X""},{""record_index"":98,""instruction_index"":2307,""gate"":""MX"",""qubit"":170,""basis"":""X""}]"
171,X,[243.0],24731,1872,"[-1629,-1773]","[243,99]","[{""record_index"":243,""instruction_index"":4328,""gate"":""MX"",""qubit"":171,""basis"":""X""},{""record_index"":99,""instruction_index"":2307,""gate"":""MX"",""qubit"":171,""basis"":""X""}]"
172,X,[244.0],24732,1872,"[-1628,-1772]","[244,100]","[{""record_index"":244,""instruction_index"":4328,""gate"":""MX"",""qubit"":172,""basis"":""X""},{""record_index"":100,""instruction_index"":2307,""gate"":""MX"",""qubit"":172,""basis"":""X""}]"
173,X,[245.0],24733,1872,"[-1627,-1771]","[245,101]","[{""record_index"":245,""instruction_index"":4328,""gate"":""MX"",""qubit"":173,""basis"":""X""},{""record_index"":101,""instruction_index"":2307,""gate"":""MX"",""qubit"":173,""basis"":""X""}]"
174,X,[246.0],24734,1872,"[-1626,-1770]","[246,102]","[{""record_index"":246,""instruction_index"":4328,""gate"":""MX"",""qubit"":174,""basis"":""X""},{""record_index"":102,""instruction_index"":2307,""gate"":""MX"",""qubit"":174,""basis"":""X""}]"
175,X,[247.0],24735,1872,"[-1625,-1769]","[247,103]","[{""record_index"":247,""instruction_index"":4328,""gate"":""MX"",""qubit"":175,""basis"":""X""},{""record_index"":103,""instruction_index"":2307,""gate"":""MX"",""qubit"":175,""basis"":""X""}]"
176,X,[248.0],24736,1872,"[-1624,-1768]","[248,104]","[{""record_index"":248,""instruction_index"":4328,""gate"":""MX"",""qubit"":176,""basis"":""X""},{""record_index"":104,""instruction_index"":2307,""gate"":""MX"",""qubit"":176,""basis"":""X""}]"
177,X,[249.0],24737,1872,"[-1623,-1767]","[249,105]","[{""record_index"":249,""instruction_index"":4328,""gate"":""MX"",""qubit"":177,""basis"":""X""},{""record_index"":105,""instruction_index"":2307,""gate"":""MX"",""qubit"":177,""basis"":""X""}]"
178,X,[250.0],24738,1872,"[-1622,-1766]","[250,106]","[{""record_index"":250,""instruction_index"":4328,""gate"":""MX"",""qubit"":178,""basis"":""X""},{""record_index"":106,""instruction_index"":2307,""gate"":""MX"",""qubit"":178,""basis"":""X""}]"
179,X,[251.0],24739,1872,"[-1621,-1765]","[251,107]","[{""record_index"":251,""instruction_index"":4328,""gate"":""MX"",""qubit"":179,""basis"":""X""},{""record_index"":107,""instruction_index"":2307,""gate"":""MX"",""qubit"":179,""basis"":""X""}]"
180,X,[252.0],24740,1872,"[-1620,-1764]","[252,108]","[{""record_index"":252,""instruction_index"":4328,""gate"":""MX"",""qubit"":180,""basis"":""X""},{""record_index"":108,""instruction_index"":2307,""gate"":""MX"",""qubit"":180,""basis"":""X""}]"
181,X,[253.0],24741,1872,"[-1619,-1763]","[253,109]","[{""record_index"":253,""instruction_index"":4328,""gate"":""MX"",""qubit"":181,""basis"":""X""},{""record_index"":109,""instruction_index"":2307,""gate"":""MX"",""qubit"":181,""basis"":""X""}]"
182,X,[254.0],24742,1872,"[-1618,-1762]","[254,110]","[{""record_index"":254,""instruction_index"":4328,""gate"":""MX"",""qubit"":182,""basis"":""X""},{""record_index"":110,""instruction_index"":2307,""gate"":""MX"",""qubit"":182,""basis"":""X""}]"
183,X,[255.0],24743,1872,"[-1617,-1761]","[255,111]","[{""record_index"":255,""instruction_index"":4328,""gate"":""MX"",""qubit"":183,""basis"":""X""},{""record_index"":111,""instruction_index"":2307,""gate"":""MX"",""qubit"":183,""basis"":""X""}]"
184,X,[256.0],24744,1872,"[-1616,-1760]","[256,112]","[{""record_index"":256,""instruction_index"":4328,""gate"":""MX"",""qubit"":184,""basis"":""X""},{""record_index"":112,""instruction_index"":2307,""gate"":""MX"",""qubit"":184,""basis"":""X""}]"
185,X,[257.0],24745,1872,"[-1615,-1759]","[257,113]","[{""record_index"":257,""instruction_index"":4328,""gate"":""MX"",""qubit"":185,""basis"":""X""},{""record_index"":113,""instruction_index"":2307,""gate"":""MX"",""qubit"":185,""basis"":""X""}]"
186,X,[258.0],24746,1872,"[-1614,-1758]","[258,114]","[{""record_index"":258,""instruction_index"":4328,""gate"":""MX"",""qubit"":186,""basis"":""X""},{""record_index"":114,""instruction_index"":2307,""gate"":""MX"",""qubit"":186,""basis"":""X""}]"
187,X,[259.0],24747,1872,"[-1613,-1757]","[259,115]","[{""record_index"":259,""instruction_index"":4328,""gate"":""MX"",""qubit"":187,""basis"":""X""},{""record_index"":115,""instruction_index"":2307,""gate"":""MX"",""qubit"":187,""basis"":""X""}]"
188,X,[260.0],24748,1872,"[-1612,-1756]","[260,116]","[{""record_index"":260,""instruction_index"":4328,""gate"":""MX"",""qubit"":188,""basis"":""X""},{""record_index"":116,""instruction_index"":2307,""gate"":""MX"",""qubit"":188,""basis"":""X""}]"
189,X,[261.0],24749,1872,"[-1611,-1755]","[261,117]","[{""record_index"":261,""instruction_index"":4328,""gate"":""MX"",""qubit"":189,""basis"":""X""},{""record_index"":117,""instruction_index"":2307,""gate"":""MX"",""qubit"":189,""basis"":""X""}]"
190,X,[262.0],24750,1872,"[-1610,-1754]","[262,118]","[{""record_index"":262,""instruction_index"":4328,""gate"":""MX"",""qubit"":190,""basis"":""X""},{""record_index"":118,""instruction_index"":2307,""gate"":""MX"",""qubit"":190,""basis"":""X""}]"
191,X,[263.0],24751,1872,"[-1609,-1753]","[263,119]","[{""record_index"":263,""instruction_index"":4328,""gate"":""MX"",""qubit"":191,""basis"":""X""},{""record_index"":119,""instruction_index"":2307,""gate"":""MX"",""qubit"":191,""basis"":""X""}]"
192,X,[264.0],24752,1872,"[-1608,-1752]","[264,120]","[{""record_index"":264,""instruction_index"":4328,""gate"":""MX"",""qubit"":192,""basis"":""X""},{""record_index"":120,""instruction_index"":2307,""gate"":""MX"",""qubit"":192,""basis"":""X""}]"
193,X,[265.0],24753,1872,"[-1607,-1751]","[265,121]","[{""record_index"":265,""instruction_index"":4328,""gate"":""MX"",""qubit"":193,""basis"":""X""},{""record_index"":121,""instruction_index"":2307,""gate"":""MX"",""qubit"":193,""basis"":""X""}]"
194,X,[266.0],24754,1872,"[-1606,-1750]","[266,122]","[{""record_index"":266,""instruction_index"":4328,""gate"":""MX"",""qubit"":194,""basis"":""X""},{""record_index"":122,""instruction_index"":2307,""gate"":""MX"",""qubit"":194,""basis"":""X""}]"
195,X,[267.0],24755,1872,"[-1605,-1749]","[267,123]","[{""record_index"":267,""instruction_index"":4328,""gate"":""MX"",""qubit"":195,""basis"":""X""},{""record_index"":123,""instruction_index"":2307,""gate"":""MX"",""qubit"":195,""basis"":""X""}]"
196,X,[268.0],24756,1872,"[-1604,-1748]","[268,124]","[{""record_index"":268,""instruction_index"":4328,""gate"":""MX"",""qubit"":196,""basis"":""X""},{""record_index"":124,""instruction_index"":2307,""gate"":""MX"",""qubit"":196,""basis"":""X""}]"
197,X,[269.0],24757,1872,"[-1603,-1747]","[269,125]","[{""record_index"":269,""instruction_index"":4328,""gate"":""MX"",""qubit"":197,""basis"":""X""},{""record_index"":125,""instruction_index"":2307,""gate"":""MX"",""qubit"":197,""basis"":""X""}]"
198,X,[270.0],24758,1872,"[-1602,-1746]","[270,126]","[{""record_index"":270,""instruction_index"":4328,""gate"":""MX"",""qubit"":198,""basis"":""X""},{""record_index"":126,""instruction_index"":2307,""gate"":""MX"",""qubit"":198,""basis"":""X""}]"
199,X,[271.0],24759,1872,"[-1601,-1745]","[271,127]","[{""record_index"":271,""instruction_index"":4328,""gate"":""MX"",""qubit"":199,""basis"":""X""},{""record_index"":127,""instruction_index"":2307,""gate"":""MX"",""qubit"":199,""basis"":""X""}]"
200,X,[272.0],24760,1872,"[-1600,-1744]","[272,128]","[{""record_index"":272,""instruction_index"":4328,""gate"":""MX"",""qubit"":200,""basis"":""X""},{""record_index"":128,""instruction_index"":2307,""gate"":""MX"",""qubit"":200,""basis"":""X""}]"
201,X,[273.0],24761,1872,"[-1599,-1743]","[273,129]","[{""record_index"":273,""instruction_index"":4328,""gate"":""MX"",""qubit"":201,""basis"":""X""},{""record_index"":129,""instruction_index"":2307,""gate"":""MX"",""qubit"":201,""basis"":""X""}]"
202,X,[274.0],24762,1872,"[-1598,-1742]","[274,130]","[{""record_index"":274,""instruction_index"":4328,""gate"":""MX"",""qubit"":202,""basis"":""X""},{""record_index"":130,""instruction_index"":2307,""gate"":""MX"",""qubit"":202,""basis"":""X""}]"
203,X,[275.0],24763,1872,"[-1597,-1741]","[275,131]","[{""record_index"":275,""instruction_index"":4328,""gate"":""MX"",""qubit"":203,""basis"":""X""},{""record_index"":131,""instruction_index"":2307,""gate"":""MX"",""qubit"":203,""basis"":""X""}]"
204,X,[276.0],24764,1872,"[-1596,-1740]","[276,132]","[{""record_index"":276,""instruction_index"":4328,""gate"":""MX"",""qubit"":204,""basis"":""X""},{""record_index"":132,""instruction_index"":2307,""gate"":""MX"",""qubit"":204,""basis"":""X""}]"
205,X,[277.0],24765,1872,"[-1595,-1739]","[277,133]","[{""record_index"":277,""instruction_index"":4328,""gate"":""MX"",""qubit"":205,""basis"":""X""},{""record_index"":133,""instruction_index"":2307,""gate"":""MX"",""qubit"":205,""basis"":""X""}]"
206,X,[278.0],24766,1872,"[-1594,-1738]","[278,134]","[{""record_index"":278,""instruction_index"":4328,""gate"":""MX"",""qubit"":206,""basis"":""X""},{""record_index"":134,""instruction_index"":2307,""gate"":""MX"",""qubit"":206,""basis"":""X""}]"
207,X,[279.0],24767,1872,"[-1593,-1737]","[279,135]","[{""record_index"":279,""instruction_index"":4328,""gate"":""MX"",""qubit"":207,""basis"":""X""},{""record_index"":135,""instruction_index"":2307,""gate"":""MX"",""qubit"":207,""basis"":""X""}]"
208,X,[280.0],24768,1872,"[-1592,-1736]","[280,136]","[{""record_index"":280,""instruction_index"":4328,""gate"":""MX"",""qubit"":208,""basis"":""X""},{""record_index"":136,""instruction_index"":2307,""gate"":""MX"",""qubit"":208,""basis"":""X""}]"
209,X,[281.0],24769,1872,"[-1591,-1735]","[281,137]","[{""record_index"":281,""instruction_index"":4328,""gate"":""MX"",""qubit"":209,""basis"":""X""},{""record_index"":137,""instruction_index"":2307,""gate"":""MX"",""qubit"":209,""basis"":""X""}]"
210,X,[282.0],24770,1872,"[-1590,-1734]","[282,138]","[{""record_index"":282,""instruction_index"":4328,""gate"":""MX"",""qubit"":210,""basis"":""X""},{""record_index"":138,""instruction_index"":2307,""gate"":""MX"",""qubit"":210,""basis"":""X""}]"
211,X,[283.0],24771,1872,"[-1589,-1733]","[283,139]","[{""record_index"":283,""instruction_index"":4328,""gate"":""MX"",""qubit"":211,""basis"":""X""},{""record_index"":139,""instruction_index"":2307,""gate"":""MX"",""qubit"":211,""basis"":""X""}]"
212,X,[284.0],24772,1872,"[-1588,-1732]","[284,140]","[{""record_index"":284,""instruction_index"":4328,""gate"":""MX"",""qubit"":212,""basis"":""X""},{""record_index"":140,""instruction_index"":2307,""gate"":""MX"",""qubit"":212,""basis"":""X""}]"
213,X,[285.0],24773,1872,"[-1587,-1731]","[285,141]","[{""record_index"":285,""instruction_index"":4328,""gate"":""MX"",""qubit"":213,""basis"":""X""},{""record_index"":141,""instruction_index"":2307,""gate"":""MX"",""qubit"":213,""basis"":""X""}]"
214,X,[286.0],24774,1872,"[-1586,-1730]","[286,142]","[{""record_index"":286,""instruction_index"":4328,""gate"":""MX"",""qubit"":214,""basis"":""X""},{""record_index"":142,""instruction_index"":2307,""gate"":""MX"",""qubit"":214,""basis"":""X""}]"
215,X,[287.0],24775,1872,"[-1585,-1729]","[287,143]","[{""record_index"":287,""instruction_index"":4328,""gate"":""MX"",""qubit"":215,""basis"":""X""},{""record_index"":143,""instruction_index"":2307,""gate"":""MX"",""qubit"":215,""basis"":""X""}]"
216,Z,[504.0],24786,1872,"[-1584,-1728]","[288,144]","[{""record_index"":288,""instruction_index"":6347,""gate"":""M"",""qubit"":216,""basis"":""Z""},{""record_index"":144,""instruction_index"":4326,""gate"":""M"",""qubit"":216,""basis"":""Z""}]"
217,Z,[505.0],24787,1872,"[-1583,-1727]","[289,145]","[{""record_index"":289,""instruction_index"":6347,""gate"":""M"",""qubit"":217,""basis"":""Z""},{""record_index"":145,""instruction_index"":4326,""gate"":""M"",""qubit"":217,""basis"":""Z""}]"
218,Z,[506.0],24788,1872,"[-1582,-1726]","[290,146]","[{""record_index"":290,""instruction_index"":6347,""gate"":""M"",""qubit"":218,""basis"":""Z""},{""record_index"":146,""instruction_index"":4326,""gate"":""M"",""qubit"":218,""basis"":""Z""}]"
219,Z,[507.0],24789,1872,"[-1581,-1725]","[291,147]","[{""record_index"":291,""instruction_index"":6347,""gate"":""M"",""qubit"":219,""basis"":""Z""},{""record_index"":147,""instruction_index"":4326,""gate"":""M"",""qubit"":219,""basis"":""Z""}]"
220,Z,[508.0],24790,1872,"[-1580,-1724]","[292,148]","[{""record_index"":292,""instruction_index"":6347,""gate"":""M"",""qubit"":220,""basis"":""Z""},{""record_index"":148,""instruction_index"":4326,""gate"":""M"",""qubit"":220,""basis"":""Z""}]"
221,Z,[509.0],24791,1872,"[-1579,-1723]","[293,149]","[{""record_index"":293,""instruction_index"":6347,""gate"":""M"",""qubit"":221,""basis"":""Z""},{""record_index"":149,""instruction_index"":4326,""gate"":""M"",""qubit"":221,""basis"":""Z""}]"
222,Z,[510.0],24792,1872,"[-1578,-1722]","[294,150]","[{""record_index"":294,""instruction_index"":6347,""gate"":""M"",""qubit"":222,""basis"":""Z""},{""record_index"":150,""instruction_index"":4326,""gate"":""M"",""qubit"":222,""basis"":""Z""}]"
223,Z,[511.0],24793,1872,"[-1577,-1721]","[295,151]","[{""record_index"":295,""instruction_index"":6347,""gate"":""M"",""qubit"":223,""basis"":""Z""},{""record_index"":151,""instruction_index"":4326,""gate"":""M"",""qubit"":223,""basis"":""Z""}]"
224,Z,[512.0],24794,1872,"[-1576,-1720]","[296,152]","[{""record_index"":296,""instruction_index"":6347,""gate"":""M"",""qubit"":224,""basis"":""Z""},{""record_index"":152,""instruction_index"":4326,""gate"":""M"",""qubit"":224,""basis"":""Z""}]"
225,Z,[513.0],24795,1872,"[-1575,-1719]","[297,153]","[{""record_index"":297,""instruction_index"":6347,""gate"":""M"",""qubit"":225,""basis"":""Z""},{""record_index"":153,""instruction_index"":4326,""gate"":""M"",""qubit"":225,""basis"":""Z""}]"
226,Z,[514.0],24796,1872,"[-1574,-1718]","[298,154]","[{""record_index"":298,""instruction_index"":6347,""gate"":""M"",""qubit"":226,""basis"":""Z""},{""record_index"":154,""instruction_index"":4326,""gate"":""M"",""qubit"":226,""basis"":""Z""}]"
227,Z,[515.0],24797,1872,"[-1573,-1717]","[299,155]","[{""record_index"":299,""instruction_index"":6347,""gate"":""M"",""qubit"":227,""basis"":""Z""},{""record_index"":155,""instruction_index"":4326,""gate"":""M"",""qubit"":227,""basis"":""Z""}]"
228,Z,[516.0],24798,1872,"[-1572,-1716]","[300,156]","[{""record_index"":300,""instruction_index"":6347,""gate"":""M"",""qubit"":228,""basis"":""Z""},{""record_index"":156,""instruction_index"":4326,""gate"":""M"",""qubit"":228,""basis"":""Z""}]"
229,Z,[517.0],24799,1872,"[-1571,-1715]","[301,157]","[{""record_index"":301,""instruction_index"":6347,""gate"":""M"",""qubit"":229,""basis"":""Z""},{""record_index"":157,""instruction_index"":4326,""gate"":""M"",""qubit"":229,""basis"":""Z""}]"
230,Z,[518.0],24800,1872,"[-1570,-1714]","[302,158]","[{""record_index"":302,""instruction_index"":6347,""gate"":""M"",""qubit"":230,""basis"":""Z""},{""record_index"":158,""instruction_index"":4326,""gate"":""M"",""qubit"":230,""basis"":""Z""}]"
231,Z,[519.0],24801,1872,"[-1569,-1713]","[303,159]","[{""record_index"":303,""instruction_index"":6347,""gate"":""M"",""qubit"":231,""basis"":""Z""},{""record_index"":159,""instruction_index"":4326,""gate"":""M"",""qubit"":231,""basis"":""Z""}]"
232,Z,[520.0],24802,1872,"[-1568,-1712]","[304,160]","[{""record_index"":304,""instruction_index"":6347,""gate"":""M"",""qubit"":232,""basis"":""Z""},{""record_index"":160,""instruction_index"":4326,""gate"":""M"",""qubit"":232,""basis"":""Z""}]"
233,Z,[521.0],24803,1872,"[-1567,-1711]","[305,161]","[{""record_index"":305,""instruction_index"":6347,""gate"":""M"",""qubit"":233,""basis"":""Z""},{""record_index"":161,""instruction_index"":4326,""gate"":""M"",""qubit"":233,""basis"":""Z""}]"
234,Z,[522.0],24804,1872,"[-1566,-1710]","[306,162]","[{""record_index"":306,""instruction_index"":6347,""gate"":""M"",""qubit"":234,""basis"":""Z""},{""record_index"":162,""instruction_index"":4326,""gate"":""M"",""qubit"":234,""basis"":""Z""}]"
235,Z,[523.0],24805,1872,"[-1565,-1709]","[307,163]","[{""record_index"":307,""instruction_index"":6347,""gate"":""M"",""qubit"":235,""basis"":""Z""},{""record_index"":163,""instruction_index"":4326,""gate"":""M"",""qubit"":235,""basis"":""Z""}]"
236,Z,[524.0],24806,1872,"[-1564,-1708]","[308,164]","[{""record_index"":308,""instruction_index"":6347,""gate"":""M"",""qubit"":236,""basis"":""Z""},{""record_index"":164,""instruction_index"":4326,""gate"":""M"",""qubit"":236,""basis"":""Z""}]"
237,Z,[525.0],24807,1872,"[-1563,-1707]","[309,165]","[{""record_index"":309,""instruction_index"":6347,""gate"":""M"",""qubit"":237,""basis"":""Z""},{""record_index"":165,""instruction_index"":4326,""gate"":""M"",""qubit"":237,""basis"":""Z""}]"
238,Z,[526.0],24808,1872,"[-1562,-1706]","[310,166]","[{""record_index"":310,""instruction_index"":6347,""gate"":""M"",""qubit"":238,""basis"":""Z""},{""record_index"":166,""instruction_index"":4326,""gate"":""M"",""qubit"":238,""basis"":""Z""}]"
239,Z,[527.0],24809,1872,"[-1561,-1705]","[311,167]","[{""record_index"":311,""instruction_index"":6347,""gate"":""M"",""qubit"":239,""basis"":""Z""},{""record_index"":167,""instruction_index"":4326,""gate"":""M"",""qubit"":239,""basis"":""Z""}]"
240,Z,[528.0],24810,1872,"[-1560,-1704]","[312,168]","[{""record_index"":312,""instruction_index"":6347,""gate"":""M"",""qubit"":240,""basis"":""Z""},{""record_index"":168,""instruction_index"":4326,""gate"":""M"",""qubit"":240,""basis"":""Z""}]"
241,Z,[529.0],24811,1872,"[-1559,-1703]","[313,169]","[{""record_index"":313,""instruction_index"":6347,""gate"":""M"",""qubit"":241,""basis"":""Z""},{""record_index"":169,""instruction_index"":4326,""gate"":""M"",""qubit"":241,""basis"":""Z""}]"
242,Z,[530.0],24812,1872,"[-1558,-1702]","[314,170]","[{""record_index"":314,""instruction_index"":6347,""gate"":""M"",""qubit"":242,""basis"":""Z""},{""record_index"":170,""instruction_index"":4326,""gate"":""M"",""qubit"":242,""basis"":""Z""}]"
243,Z,[531.0],24813,1872,"[-1557,-1701]","[315,171]","[{""record_index"":315,""instruction_index"":6347,""gate"":""M"",""qubit"":243,""basis"":""Z""},{""record_index"":171,""instruction_index"":4326,""gate"":""M"",""qubit"":243,""basis"":""Z""}]"
244,Z,[532.0],24814,1872,"[-1556,-1700]","[316,172]","[{""record_index"":316,""instruction_index"":6347,""gate"":""M"",""qubit"":244,""basis"":""Z""},{""record_index"":172,""instruction_index"":4326,""gate"":""M"",""qubit"":244,""basis"":""Z""}]"
245,Z,[533.0],24815,1872,"[-1555,-1699]","[317,173]","[{""record_index"":317,""instruction_index"":6347,""gate"":""M"",""qubit"":245,""basis"":""Z""},{""record_index"":173,""instruction_index"":4326,""gate"":""M"",""qubit"":245,""basis"":""Z""}]"
246,Z,[534.0],24816,1872,"[-1554,-1698]","[318,174]","[{""record_index"":318,""instruction_index"":6347,""gate"":""M"",""qubit"":246,""basis"":""Z""},{""record_index"":174,""instruction_index"":4326,""gate"":""M"",""qubit"":246,""basis"":""Z""}]"
247,Z,[535.0],24817,1872,"[-1553,-1697]","[319,175]","[{""record_index"":319,""instruction_index"":6347,""gate"":""M"",""qubit"":247,""basis"":""Z""},{""record_index"":175,""instruction_index"":4326,""gate"":""M"",""qubit"":247,""basis"":""Z""}]"
248,Z,[536.0],24818,1872,"[-1552,-1696]","[320,176]","[{""record_index"":320,""instruction_index"":6347,""gate"":""M"",""qubit"":248,""basis"":""Z""},{""record_index"":176,""instruction_index"":4326,""gate"":""M"",""qubit"":248,""basis"":""Z""}]"
249,Z,[537.0],24819,1872,"[-1551,-1695]","[321,177]","[{""record_index"":321,""instruction_index"":6347,""gate"":""M"",""qubit"":249,""basis"":""Z""},{""record_index"":177,""instruction_index"":4326,""gate"":""M"",""qubit"":249,""basis"":""Z""}]"
250,Z,[538.0],24820,1872,"[-1550,-1694]","[322,178]","[{""record_index"":322,""instruction_index"":6347,""gate"":""M"",""qubit"":250,""basis"":""Z""},{""record_index"":178,""instruction_index"":4326,""gate"":""M"",""qubit"":250,""basis"":""Z""}]"
251,Z,[539.0],24821,1872,"[-1549,-1693]","[323,179]","[{""record_index"":323,""instruction_index"":6347,""gate"":""M"",""qubit"":251,""basis"":""Z""},{""record_index"":179,""instruction_index"":4326,""gate"":""M"",""qubit"":251,""basis"":""Z""}]"
252,Z,[540.0],24822,1872,"[-1548,-1692]","[324,180]","[{""record_index"":324,""instruction_index"":6347,""gate"":""M"",""qubit"":252,""basis"":""Z""},{""record_index"":180,""instruction_index"":4326,""gate"":""M"",""qubit"":252,""basis"":""Z""}]"
253,Z,[541.0],24823,1872,"[-1547,-1691]","[325,181]","[{""record_index"":325,""instruction_index"":6347,""gate"":""M"",""qubit"":253,""basis"":""Z""},{""record_index"":181,""instruction_index"":4326,""gate"":""M"",""qubit"":253,""basis"":""Z""}]"
254,Z,[542.0],24824,1872,"[-1546,-1690]","[326,182]","[{""record_index"":326,""instruction_index"":6347,""gate"":""M"",""qubit"":254,""basis"":""Z""},{""record_index"":182,""instruction_index"":4326,""gate"":""M"",""qubit"":254,""basis"":""Z""}]"
255,Z,[543.0],24825,1872,"[-1545,-1689]","[327,183]","[{""record_index"":327,""instruction_index"":6347,""gate"":""M"",""qubit"":255,""basis"":""Z""},{""record_index"":183,""instruction_index"":4326,""gate"":""M"",""qubit"":255,""basis"":""Z""}]"
256,Z,[544.0],24826,1872,"[-1544,-1688]","[328,184]","[{""record_index"":328,""instruction_index"":6347,""gate"":""M"",""qubit"":256,""basis"":""Z""},{""record_index"":184,""instruction_index"":4326,""gate"":""M"",""qubit"":256,""basis"":""Z""}]"
257,Z,[545.0],24827,1872,"[-1543,-1687]","[329,185]","[{""record_index"":329,""instruction_index"":6347,""gate"":""M"",""qubit"":257,""basis"":""Z""},{""record_index"":185,""instruction_index"":4326,""gate"":""M"",""qubit"":257,""basis"":""Z""}]"
258,Z,[546.0],24828,1872,"[-1542,-1686]","[330,186]","[{""record_index"":330,""instruction_index"":6347,""gate"":""M"",""qubit"":258,""basis"":""Z""},{""record_index"":186,""instruction_index"":4326,""gate"":""M"",""qubit"":258,""basis"":""Z""}]"
259,Z,[547.0],24829,1872,"[-1541,-1685]","[331,187]","[{""record_index"":331,""instruction_index"":6347,""gate"":""M"",""qubit"":259,""basis"":""Z""},{""record_index"":187,""instruction_index"":4326,""gate"":""M"",""qubit"":259,""basis"":""Z""}]"
260,Z,[548.0],24830,1872,"[-1540,-1684]","[332,188]","[{""record_index"":332,""instruction_index"":6347,""gate"":""M"",""qubit"":260,""basis"":""Z""},{""record_index"":188,""instruction_index"":4326,""gate"":""M"",""qubit"":260,""basis"":""Z""}]"
261,Z,[549.0],24831,1872,"[-1539,-1683]","[333,189]","[{""record_index"":333,""instruction_index"":6347,""gate"":""M"",""qubit"":261,""basis"":""Z""},{""record_index"":189,""instruction_index"":4326,""gate"":""M"",""qubit"":261,""basis"":""Z""}]"
262,Z,[550.0],24832,1872,"[-1538,-1682]","[334,190]","[{""record_index"":334,""instruction_index"":6347,""gate"":""M"",""qubit"":262,""basis"":""Z""},{""record_index"":190,""instruction_index"":4326,""gate"":""M"",""qubit"":262,""basis"":""Z""}]"
263,Z,[551.0],24833,1872,"[-1537,-1681]","[335,191]","[{""record_index"":335,""instruction_index"":6347,""gate"":""M"",""qubit"":263,""basis"":""Z""},{""record_index"":191,""instruction_index"":4326,""gate"":""M"",""qubit"":263,""basis"":""Z""}]"
264,Z,[552.0],24834,1872,"[-1536,-1680]","[336,192]","[{""record_index"":336,""instruction_index"":6347,""gate"":""M"",""qubit"":264,""basis"":""Z""},{""record_index"":192,""instruction_index"":4326,""gate"":""M"",""qubit"":264,""basis"":""Z""}]"
265,Z,[553.0],24835,1872,"[-1535,-1679]","[337,193]","[{""record_index"":337,""instruction_index"":6347,""gate"":""M"",""qubit"":265,""basis"":""Z""},{""record_index"":193,""instruction_index"":4326,""gate"":""M"",""qubit"":265,""basis"":""Z""}]"
266,Z,[554.0],24836,1872,"[-1534,-1678]","[338,194]","[{""record_index"":338,""instruction_index"":6347,""gate"":""M"",""qubit"":266,""basis"":""Z""},{""record_index"":194,""instruction_index"":4326,""gate"":""M"",""qubit"":266,""basis"":""Z""}]"
267,Z,[555.0],24837,1872,"[-1533,-1677]","[339,195]","[{""record_index"":339,""instruction_index"":6347,""gate"":""M"",""qubit"":267,""basis"":""Z""},{""record_index"":195,""instruction_index"":4326,""gate"":""M"",""qubit"":267,""basis"":""Z""}]"
268,Z,[556.0],24838,1872,"[-1532,-1676]","[340,196]","[{""record_index"":340,""instruction_index"":6347,""gate"":""M"",""qubit"":268,""basis"":""Z""},{""record_index"":196,""instruction_index"":4326,""gate"":""M"",""qubit"":268,""basis"":""Z""}]"
269,Z,[557.0],24839,1872,"[-1531,-1675]","[341,197]","[{""record_index"":341,""instruction_index"":6347,""gate"":""M"",""qubit"":269,""basis"":""Z""},{""record_index"":197,""instruction_index"":4326,""gate"":""M"",""qubit"":269,""basis"":""Z""}]"
270,Z,[558.0],24840,1872,"[-1530,-1674]","[342,198]","[{""record_index"":342,""instruction_index"":6347,""gate"":""M"",""qubit"":270,""basis"":""Z""},{""record_index"":198,""instruction_index"":4326,""gate"":""M"",""qubit"":270,""basis"":""Z""}]"
271,Z,[559.0],24841,1872,"[-1529,-1673]","[343,199]","[{""record_index"":343,""instruction_index"":6347,""gate"":""M"",""qubit"":271,""basis"":""Z""},{""record_index"":199,""instruction_index"":4326,""gate"":""M"",""qubit"":271,""basis"":""Z""}]"
272,Z,[560.0],24842,1872,"[-1528,-1672]","[344,200]","[{""record_index"":344,""instruction_index"":6347,""gate"":""M"",""qubit"":272,""basis"":""Z""},{""record_index"":200,""instruction_index"":4326,""gate"":""M"",""qubit"":272,""basis"":""Z""}]"
273,Z,[561.0],24843,1872,"[-1527,-1671]","[345,201]","[{""record_index"":345,""instruction_index"":6347,""gate"":""M"",""qubit"":273,""basis"":""Z""},{""record_index"":201,""instruction_index"":4326,""gate"":""M"",""qubit"":273,""basis"":""Z""}]"
274,Z,[562.0],24844,1872,"[-1526,-1670]","[346,202]","[{""record_index"":346,""instruction_index"":6347,""gate"":""M"",""qubit"":274,""basis"":""Z""},{""record_index"":202,""instruction_index"":4326,""gate"":""M"",""qubit"":274,""basis"":""Z""}]"
275,Z,[563.0],24845,1872,"[-1525,-1669]","[347,203]","[{""record_index"":347,""instruction_index"":6347,""gate"":""M"",""qubit"":275,""basis"":""Z""},{""record_index"":203,""instruction_index"":4326,""gate"":""M"",""qubit"":275,""basis"":""Z""}]"
276,Z,[564.0],24846,1872,"[-1524,-1668]","[348,204]","[{""record_index"":348,""instruction_index"":6347,""gate"":""M"",""qubit"":276,""basis"":""Z""},{""record_index"":204,""instruction_index"":4326,""gate"":""M"",""qubit"":276,""basis"":""Z""}]"
277,Z,[565.0],24847,1872,"[-1523,-1667]","[349,205]","[{""record_index"":349,""instruction_index"":6347,""gate"":""M"",""qubit"":277,""basis"":""Z""},{""record_index"":205,""instruction_index"":4326,""gate"":""M"",""qubit"":277,""basis"":""Z""}]"
278,Z,[566.0],24848,1872,"[-1522,-1666]","[350,206]","[{""record_index"":350,""instruction_index"":6347,""gate"":""M"",""qubit"":278,""basis"":""Z""},{""record_index"":206,""instruction_index"":4326,""gate"":""M"",""qubit"":278,""basis"":""Z""}]"
279,Z,[567.0],24849,1872,"[-1521,-1665]","[351,207]","[{""record_index"":351,""instruction_index"":6347,""gate"":""M"",""qubit"":279,""basis"":""Z""},{""record_index"":207,""instruction_index"":4326,""gate"":""M"",""qubit"":279,""basis"":""Z""}]"
280,Z,[568.0],24850,1872,"[-1520,-1664]","[352,208]","[{""record_index"":352,""instruction_index"":6347,""gate"":""M"",""qubit"":280,""basis"":""Z""},{""record_index"":208,""instruction_index"":4326,""gate"":""M"",""qubit"":280,""basis"":""Z""}]"
281,Z,[569.0],24851,1872,"[-1519,-1663]","[353,209]","[{""record_index"":353,""instruction_index"":6347,""gate"":""M"",""qubit"":281,""basis"":""Z""},{""record_index"":209,""instruction_index"":4326,""gate"":""M"",""qubit"":281,""basis"":""Z""}]"
282,Z,[570.0],24852,1872,"[-1518,-1662]","[354,210]","[{""record_index"":354,""instruction_index"":6347,""gate"":""M"",""qubit"":282,""basis"":""Z""},{""record_index"":210,""instruction_index"":4326,""gate"":""M"",""qubit"":282,""basis"":""Z""}]"
283,Z,[571.0],24853,1872,"[-1517,-1661]","[355,211]","[{""record_index"":355,""instruction_index"":6347,""gate"":""M"",""qubit"":283,""basis"":""Z""},{""record_index"":211,""instruction_index"":4326,""gate"":""M"",""qubit"":283,""basis"":""Z""}]"
284,Z,[572.0],24854,1872,"[-1516,-1660]","[356,212]","[{""record_index"":356,""instruction_index"":6347,""gate"":""M"",""qubit"":284,""basis"":""Z""},{""record_index"":212,""instruction_index"":4326,""gate"":""M"",""qubit"":284,""basis"":""Z""}]"
285,Z,[573.0],24855,1872,"[-1515,-1659]","[357,213]","[{""record_index"":357,""instruction_index"":6347,""gate"":""M"",""qubit"":285,""basis"":""Z""},{""record_index"":213,""instruction_index"":4326,""gate"":""M"",""qubit"":285,""basis"":""Z""}]"
286,Z,[574.0],24856,1872,"[-1514,-1658]","[358,214]","[{""record_index"":358,""instruction_index"":6347,""gate"":""M"",""qubit"":286,""basis"":""Z""},{""record_index"":214,""instruction_index"":4326,""gate"":""M"",""qubit"":286,""basis"":""Z""}]"
287,Z,[575.0],24857,1872,"[-1513,-1657]","[359,215]","[{""record_index"":359,""instruction_index"":6347,""gate"":""M"",""qubit"":287,""basis"":""Z""},{""record_index"":215,""instruction_index"":4326,""gate"":""M"",""qubit"":287,""basis"":""Z""}]"
288,X,[432.0],24859,1872,"[-1512,-1656]","[360,216]","[{""record_index"":360,""instruction_index"":6349,""gate"":""MX"",""qubit"":144,""basis"":""X""},{""record_index"":216,""instruction_index"":4328,""gate"":""MX"",""qubit"":144,""basis"":""X""}]"
289,X,[433.0],24860,1872,"[-1511,-1655]","[361,217]","[{""record_index"":361,""instruction_index"":6349,""gate"":""MX"",""qubit"":145,""basis"":""X""},{""record_index"":217,""instruction_index"":4328,""gate"":""MX"",""qubit"":145,""basis"":""X""}]"
290,X,[434.0],24861,1872,"[-1510,-1654]","[362,218]","[{""record_index"":362,""instruction_index"":6349,""gate"":""MX"",""qubit"":146,""basis"":""X""},{""record_index"":218,""instruction_index"":4328,""gate"":""MX"",""qubit"":146,""basis"":""X""}]"
291,X,[435.0],24862,1872,"[-1509,-1653]","[363,219]","[{""record_index"":363,""instruction_index"":6349,""gate"":""MX"",""qubit"":147,""basis"":""X""},{""record_index"":219,""instruction_index"":4328,""gate"":""MX"",""qubit"":147,""basis"":""X""}]"
292,X,[436.0],24863,1872,"[-1508,-1652]","[364,220]","[{""record_index"":364,""instruction_index"":6349,""gate"":""MX"",""qubit"":148,""basis"":""X""},{""record_index"":220,""instruction_index"":4328,""gate"":""MX"",""qubit"":148,""basis"":""X""}]"
293,X,[437.0],24864,1872,"[-1507,-1651]","[365,221]","[{""record_index"":365,""instruction_index"":6349,""gate"":""MX"",""qubit"":149,""basis"":""X""},{""record_index"":221,""instruction_index"":4328,""gate"":""MX"",""qubit"":149,""basis"":""X""}]"
294,X,[438.0],24865,1872,"[-1506,-1650]","[366,222]","[{""record_index"":366,""instruction_index"":6349,""gate"":""MX"",""qubit"":150,""basis"":""X""},{""record_index"":222,""instruction_index"":4328,""gate"":""MX"",""qubit"":150,""basis"":""X""}]"
295,X,[439.0],24866,1872,"[-1505,-1649]","[367,223]","[{""record_index"":367,""instruction_index"":6349,""gate"":""MX"",""qubit"":151,""basis"":""X""},{""record_index"":223,""instruction_index"":4328,""gate"":""MX"",""qubit"":151,""basis"":""X""}]"
296,X,[440.0],24867,1872,"[-1504,-1648]","[368,224]","[{""record_index"":368,""instruction_index"":6349,""gate"":""MX"",""qubit"":152,""basis"":""X""},{""record_index"":224,""instruction_index"":4328,""gate"":""MX"",""qubit"":152,""basis"":""X""}]"
297,X,[441.0],24868,1872,"[-1503,-1647]","[369,225]","[{""record_index"":369,""instruction_index"":6349,""gate"":""MX"",""qubit"":153,""basis"":""X""},{""record_index"":225,""instruction_index"":4328,""gate"":""MX"",""qubit"":153,""basis"":""X""}]"
298,X,[442.0],24869,1872,"[-1502,-1646]","[370,226]","[{""record_index"":370,""instruction_index"":6349,""gate"":""MX"",""qubit"":154,""basis"":""X""},{""record_index"":226,""instruction_index"":4328,""gate"":""MX"",""qubit"":154,""basis"":""X""}]"
299,X,[443.0],24870,1872,"[-1501,-1645]","[371,227]","[{""record_index"":371,""instruction_index"":6349,""gate"":""MX"",""qubit"":155,""basis"":""X""},{""record_index"":227,""instruction_index"":4328,""gate"":""MX"",""qubit"":155,""basis"":""X""}]"
300,X,[444.0],24871,1872,"[-1500,-1644]","[372,228]","[{""record_index"":372,""instruction_index"":6349,""gate"":""MX"",""qubit"":156,""basis"":""X""},{""record_index"":228,""instruction_index"":4328,""gate"":""MX"",""qubit"":156,""basis"":""X""}]"
301,X,[445.0],24872,1872,"[-1499,-1643]","[373,229]","[{""record_index"":373,""instruction_index"":6349,""gate"":""MX"",""qubit"":157,""basis"":""X""},{""record_index"":229,""instruction_index"":4328,""gate"":""MX"",""qubit"":157,""basis"":""X""}]"
302,X,[446.0],24873,1872,"[-1498,-1642]","[374,230]","[{""record_index"":374,""instruction_index"":6349,""gate"":""MX"",""qubit"":158,""basis"":""X""},{""record_index"":230,""instruction_index"":4328,""gate"":""MX"",""qubit"":158,""basis"":""X""}]"
303,X,[447.0],24874,1872,"[-1497,-1641]","[375,231]","[{""record_index"":375,""instruction_index"":6349,""gate"":""MX"",""qubit"":159,""basis"":""X""},{""record_index"":231,""instruction_index"":4328,""gate"":""MX"",""qubit"":159,""basis"":""X""}]"
304,X,[448.0],24875,1872,"[-1496,-1640]","[376,232]","[{""record_index"":376,""instruction_index"":6349,""gate"":""MX"",""qubit"":160,""basis"":""X""},{""record_index"":232,""instruction_index"":4328,""gate"":""MX"",""qubit"":160,""basis"":""X""}]"
305,X,[449.0],24876,1872,"[-1495,-1639]","[377,233]","[{""record_index"":377,""instruction_index"":6349,""gate"":""MX"",""qubit"":161,""basis"":""X""},{""record_index"":233,""instruction_index"":4328,""gate"":""MX"",""qubit"":161,""basis"":""X""}]"
306,X,[450.0],24877,1872,"[-1494,-1638]","[378,234]","[{""record_index"":378,""instruction_index"":6349,""gate"":""MX"",""qubit"":162,""basis"":""X""},{""record_index"":234,""instruction_index"":4328,""gate"":""MX"",""qubit"":162,""basis"":""X""}]"
307,X,[451.0],24878,1872,"[-1493,-1637]","[379,235]","[{""record_index"":379,""instruction_index"":6349,""gate"":""MX"",""qubit"":163,""basis"":""X""},{""record_index"":235,""instruction_index"":4328,""gate"":""MX"",""qubit"":163,""basis"":""X""}]"
308,X,[452.0],24879,1872,"[-1492,-1636]","[380,236]","[{""record_index"":380,""instruction_index"":6349,""gate"":""MX"",""qubit"":164,""basis"":""X""},{""record_index"":236,""instruction_index"":4328,""gate"":""MX"",""qubit"":164,""basis"":""X""}]"
309,X,[453.0],24880,1872,"[-1491,-1635]","[381,237]","[{""record_index"":381,""instruction_index"":6349,""gate"":""MX"",""qubit"":165,""basis"":""X""},{""record_index"":237,""instruction_index"":4328,""gate"":""MX"",""qubit"":165,""basis"":""X""}]"
310,X,[454.0],24881,1872,"[-1490,-1634]","[382,238]","[{""record_index"":382,""instruction_index"":6349,""gate"":""MX"",""qubit"":166,""basis"":""X""},{""record_index"":238,""instruction_index"":4328,""gate"":""MX"",""qubit"":166,""basis"":""X""}]"
311,X,[455.0],24882,1872,"[-1489,-1633]","[383,239]","[{""record_index"":383,""instruction_index"":6349,""gate"":""MX"",""qubit"":167,""basis"":""X""},{""record_index"":239,""instruction_index"":4328,""gate"":""MX"",""qubit"":167,""basis"":""X""}]"
312,X,[456.0],24883,1872,"[-1488,-1632]","[384,240]","[{""record_index"":384,""instruction_index"":6349,""gate"":""MX"",""qubit"":168,""basis"":""X""},{""record_index"":240,""instruction_index"":4328,""gate"":""MX"",""qubit"":168,""basis"":""X""}]"
313,X,[457.0],24884,1872,"[-1487,-1631]","[385,241]","[{""record_index"":385,""instruction_index"":6349,""gate"":""MX"",""qubit"":169,""basis"":""X""},{""record_index"":241,""instruction_index"":4328,""gate"":""MX"",""qubit"":169,""basis"":""X""}]"
314,X,[458.0],24885,1872,"[-1486,-1630]","[386,242]","[{""record_index"":386,""instruction_index"":6349,""gate"":""MX"",""qubit"":170,""basis"":""X""},{""record_index"":242,""instruction_index"":4328,""gate"":""MX"",""qubit"":170,""basis"":""X""}]"
315,X,[459.0],24886,1872,"[-1485,-1629]","[387,243]","[{""record_index"":387,""instruction_index"":6349,""gate"":""MX"",""qubit"":171,""basis"":""X""},{""record_index"":243,""instruction_index"":4328,""gate"":""MX"",""qubit"":171,""basis"":""X""}]"
316,X,[460.0],24887,1872,"[-1484,-1628]","[388,244]","[{""record_index"":388,""instruction_index"":6349,""gate"":""MX"",""qubit"":172,""basis"":""X""},{""record_index"":244,""instruction_index"":4328,""gate"":""MX"",""qubit"":172,""basis"":""X""}]"
317,X,[461.0],24888,1872,"[-1483,-1627]","[389,245]","[{""record_index"":389,""instruction_index"":6349,""gate"":""MX"",""qubit"":173,""basis"":""X""},{""record_index"":245,""instruction_index"":4328,""gate"":""MX"",""qubit"":173,""basis"":""X""}]"
318,X,[462.0],24889,1872,"[-1482,-1626]","[390,246]","[{""record_index"":390,""instruction_index"":6349,""gate"":""MX"",""qubit"":174,""basis"":""X""},{""record_index"":246,""instruction_index"":4328,""gate"":""MX"",""qubit"":174,""basis"":""X""}]"
319,X,[463.0],24890,1872,"[-1481,-1625]","[391,247]","[{""record_index"":391,""instruction_index"":6349,""gate"":""MX"",""qubit"":175,""basis"":""X""},{""record_index"":247,""instruction_index"":4328,""gate"":""MX"",""qubit"":175,""basis"":""X""}]"
320,X,[464.0],24891,1872,"[-1480,-1624]","[392,248]","[{""record_index"":392,""instruction_index"":6349,""gate"":""MX"",""qubit"":176,""basis"":""X""},{""record_index"":248,""instruction_index"":4328,""gate"":""MX"",""qubit"":176,""basis"":""X""}]"
321,X,[465.0],24892,1872,"[-1479,-1623]","[393,249]","[{""record_index"":393,""instruction_index"":6349,""gate"":""MX"",""qubit"":177,""basis"":""X""},{""record_index"":249,""instruction_index"":4328,""gate"":""MX"",""qubit"":177,""basis"":""X""}]"
322,X,[466.0],24893,1872,"[-1478,-1622]","[394,250]","[{""record_index"":394,""instruction_index"":6349,""gate"":""MX"",""qubit"":178,""basis"":""X""},{""record_index"":250,""instruction_index"":4328,""gate"":""MX"",""qubit"":178,""basis"":""X""}]"
323,X,[467.0],24894,1872,"[-1477,-1621]","[395,251]","[{""record_index"":395,""instruction_index"":6349,""gate"":""MX"",""qubit"":179,""basis"":""X""},{""record_index"":251,""instruction_index"":4328,""gate"":""MX"",""qubit"":179,""basis"":""X""}]"
324,X,[468.0],24895,1872,"[-1476,-1620]","[396,252]","[{""record_index"":396,""instruction_index"":6349,""gate"":""MX"",""qubit"":180,""basis"":""X""},{""record_index"":252,""instruction_index"":4328,""gate"":""MX"",""qubit"":180,""basis"":""X""}]"
325,X,[469.0],24896,1872,"[-1475,-1619]","[397,253]","[{""record_index"":397,""instruction_index"":6349,""gate"":""MX"",""qubit"":181,""basis"":""X""},{""record_index"":253,""instruction_index"":4328,""gate"":""MX"",""qubit"":181,""basis"":""X""}]"
326,X,[470.0],24897,1872,"[-1474,-1618]","[398,254]","[{""record_index"":398,""instruction_index"":6349,""gate"":""MX"",""qubit"":182,""basis"":""X""},{""record_index"":254,""instruction_index"":4328,""gate"":""MX"",""qubit"":182,""basis"":""X""}]"
327,X,[471.0],24898,1872,"[-1473,-1617]","[399,255]","[{""record_index"":399,""instruction_index"":6349,""gate"":""MX"",""qubit"":183,""basis"":""X""},{""record_index"":255,""instruction_index"":4328,""gate"":""MX"",""qubit"":183,""basis"":""X""}]"
328,X,[472.0],24899,1872,"[-1472,-1616]","[400,256]","[{""record_index"":400,""instruction_index"":6349,""gate"":""MX"",""qubit"":184,""basis"":""X""},{""record_index"":256,""instruction_index"":4328,""gate"":""MX"",""qubit"":184,""basis"":""X""}]"
329,X,[473.0],24900,1872,"[-1471,-1615]","[401,257]","[{""record_index"":401,""instruction_index"":6349,""gate"":""MX"",""qubit"":185,""basis"":""X""},{""record_index"":257,""instruction_index"":4328,""gate"":""MX"",""qubit"":185,""basis"":""X""}]"
330,X,[474.0],24901,1872,"[-1470,-1614]","[402,258]","[{""record_index"":402,""instruction_index"":6349,""gate"":""MX"",""qubit"":186,""basis"":""X""},{""record_index"":258,""instruction_index"":4328,""gate"":""MX"",""qubit"":186,""basis"":""X""}]"
331,X,[475.0],24902,1872,"[-1469,-1613]","[403,259]","[{""record_index"":403,""instruction_index"":6349,""gate"":""MX"",""qubit"":187,""basis"":""X""},{""record_index"":259,""instruction_index"":4328,""gate"":""MX"",""qubit"":187,""basis"":""X""}]"
332,X,[476.0],24903,1872,"[-1468,-1612]","[404,260]","[{""record_index"":404,""instruction_index"":6349,""gate"":""MX"",""qubit"":188,""basis"":""X""},{""record_index"":260,""instruction_index"":4328,""gate"":""MX"",""qubit"":188,""basis"":""X""}]"
333,X,[477.0],24904,1872,"[-1467,-1611]","[405,261]","[{""record_index"":405,""instruction_index"":6349,""gate"":""MX"",""qubit"":189,""basis"":""X""},{""record_index"":261,""instruction_index"":4328,""gate"":""MX"",""qubit"":189,""basis"":""X""}]"
334,X,[478.0],24905,1872,"[-1466,-1610]","[406,262]","[{""record_index"":406,""instruction_index"":6349,""gate"":""MX"",""qubit"":190,""basis"":""X""},{""record_index"":262,""instruction_index"":4328,""gate"":""MX"",""qubit"":190,""basis"":""X""}]"
335,X,[479.0],24906,1872,"[-1465,-1609]","[407,263]","[{""record_index"":407,""instruction_index"":6349,""gate"":""MX"",""qubit"":191,""basis"":""X""},{""record_index"":263,""instruction_index"":4328,""gate"":""MX"",""qubit"":191,""basis"":""X""}]"
336,X,[480.0],24907,1872,"[-1464,-1608]","[408,264]","[{""record_index"":408,""instruction_index"":6349,""gate"":""MX"",""qubit"":192,""basis"":""X""},{""record_index"":264,""instruction_index"":4328,""gate"":""MX"",""qubit"":192,""basis"":""X""}]"
337,X,[481.0],24908,1872,"[-1463,-1607]","[409,265]","[{""record_index"":409,""instruction_index"":6349,""gate"":""MX"",""qubit"":193,""basis"":""X""},{""record_index"":265,""instruction_index"":4328,""gate"":""MX"",""qubit"":193,""basis"":""X""}]"
338,X,[482.0],24909,1872,"[-1462,-1606]","[410,266]","[{""record_index"":410,""instruction_index"":6349,""gate"":""MX"",""qubit"":194,""basis"":""X""},{""record_index"":266,""instruction_index"":4328,""gate"":""MX"",""qubit"":194,""basis"":""X""}]"
339,X,[483.0],24910,1872,"[-1461,-1605]","[411,267]","[{""record_index"":411,""instruction_index"":6349,""gate"":""MX"",""qubit"":195,""basis"":""X""},{""record_index"":267,""instruction_index"":4328,""gate"":""MX"",""qubit"":195,""basis"":""X""}]"
340,X,[484.0],24911,1872,"[-1460,-1604]","[412,268]","[{""record_index"":412,""instruction_index"":6349,""gate"":""MX"",""qubit"":196,""basis"":""X""},{""record_index"":268,""instruction_index"":4328,""gate"":""MX"",""qubit"":196,""basis"":""X""}]"
341,X,[485.0],24912,1872,"[-1459,-1603]","[413,269]","[{""record_index"":413,""instruction_index"":6349,""gate"":""MX"",""qubit"":197,""basis"":""X""},{""record_index"":269,""instruction_index"":4328,""gate"":""MX"",""qubit"":197,""basis"":""X""}]"
342,X,[486.0],24913,1872,"[-1458,-1602]","[414,270]","[{""record_index"":414,""instruction_index"":6349,""gate"":""MX"",""qubit"":198,""basis"":""X""},{""record_index"":270,""instruction_index"":4328,""gate"":""MX"",""qubit"":198,""basis"":""X""}]"
343,X,[487.0],24914,1872,"[-1457,-1601]","[415,271]","[{""record_index"":415,""instruction_index"":6349,""gate"":""MX"",""qubit"":199,""basis"":""X""},{""record_index"":271,""instruction_index"":4328,""gate"":""MX"",""qubit"":199,""basis"":""X""}]"
344,X,[488.0],24915,1872,"[-1456,-1600]","[416,272]","[{""record_index"":416,""instruction_index"":6349,""gate"":""MX"",""qubit"":200,""basis"":""X""},{""record_index"":272,""instruction_index"":4328,""gate"":""MX"",""qubit"":200,""basis"":""X""}]"
345,X,[489.0],24916,1872,"[-1455,-1599]","[417,273]","[{""record_index"":417,""instruction_index"":6349,""gate"":""MX"",""qubit"":201,""basis"":""X""},{""record_index"":273,""instruction_index"":4328,""gate"":""MX"",""qubit"":201,""basis"":""X""}]"
346,X,[490.0],24917,1872,"[-1454,-1598]","[418,274]","[{""record_index"":418,""instruction_index"":6349,""gate"":""MX"",""qubit"":202,""basis"":""X""},{""record_index"":274,""instruction_index"":4328,""gate"":""MX"",""qubit"":202,""basis"":""X""}]"
347,X,[491.0],24918,1872,"[-1453,-1597]","[419,275]","[{""record_index"":419,""instruction_index"":6349,""gate"":""MX"",""qubit"":203,""basis"":""X""},{""record_index"":275,""instruction_index"":4328,""gate"":""MX"",""qubit"":203,""basis"":""X""}]"
348,X,[492.0],24919,1872,"[-1452,-1596]","[420,276]","[{""record_index"":420,""instruction_index"":6349,""gate"":""MX"",""qubit"":204,""basis"":""X""},{""record_index"":276,""instruction_index"":4328,""gate"":""MX"",""qubit"":204,""basis"":""X""}]"
349,X,[493.0],24920,1872,"[-1451,-1595]","[421,277]","[{""record_index"":421,""instruction_index"":6349,""gate"":""MX"",""qubit"":205,""basis"":""X""},{""record_index"":277,""instruction_index"":4328,""gate"":""MX"",""qubit"":205,""basis"":""X""}]"
350,X,[494.0],24921,1872,"[-1450,-1594]","[422,278]","[{""record_index"":422,""instruction_index"":6349,""gate"":""MX"",""qubit"":206,""basis"":""X""},{""record_index"":278,""instruction_index"":4328,""gate"":""MX"",""qubit"":206,""basis"":""X""}]"
351,X,[495.0],24922,1872,"[-1449,-1593]","[423,279]","[{""record_index"":423,""instruction_index"":6349,""gate"":""MX"",""qubit"":207,""basis"":""X""},{""record_index"":279,""instruction_index"":4328,""gate"":""MX"",""qubit"":207,""basis"":""X""}]"
352,X,[496.0],24923,1872,"[-1448,-1592]","[424,280]","[{""record_index"":424,""instruction_index"":6349,""gate"":""MX"",""qubit"":208,""basis"":""X""},{""record_index"":280,""instruction_index"":4328,""gate"":""MX"",""qubit"":208,""basis"":""X""}]"
353,X,[497.0],24924,1872,"[-1447,-1591]","[425,281]","[{""record_index"":425,""instruction_index"":6349,""gate"":""MX"",""qubit"":209,""basis"":""X""},{""record_index"":281,""instruction_index"":4328,""gate"":""MX"",""qubit"":209,""basis"":""X""}]"
354,X,[498.0],24925,1872,"[-1446,-1590]","[426,282]","[{""record_index"":426,""instruction_index"":6349,""gate"":""MX"",""qubit"":210,""basis"":""X""},{""record_index"":282,""instruction_index"":4328,""gate"":""MX"",""qubit"":210,""basis"":""X""}]"
355,X,[499.0],24926,1872,"[-1445,-1589]","[427,283]","[{""record_index"":427,""instruction_index"":6349,""gate"":""MX"",""qubit"":211,""basis"":""X""},{""record_index"":283,""instruction_index"":4328,""gate"":""MX"",""qubit"":211,""basis"":""X""}]"
356,X,[500.0],24927,1872,"[-1444,-1588]","[428,284]","[{""record_index"":428,""instruction_index"":6349,""gate"":""MX"",""qubit"":212,""basis"":""X""},{""record_index"":284,""instruction_index"":4328,""gate"":""MX"",""qubit"":212,""basis"":""X""}]"
357,X,[501.0],24928,1872,"[-1443,-1587]","[429,285]","[{""record_index"":429,""instruction_index"":6349,""gate"":""MX"",""qubit"":213,""basis"":""X""},{""record_index"":285,""instruction_index"":4328,""gate"":""MX"",""qubit"":213,""basis"":""X""}]"
358,X,[502.0],24929,1872,"[-1442,-1586]","[430,286]","[{""record_index"":430,""instruction_index"":6349,""gate"":""MX"",""qubit"":214,""basis"":""X""},{""record_index"":286,""instruction_index"":4328,""gate"":""MX"",""qubit"":214,""basis"":""X""}]"
359,X,[503.0],24930,1872,"[-1441,-1585]","[431,287]","[{""record_index"":431,""instruction_index"":6349,""gate"":""MX"",""qubit"":215,""basis"":""X""},{""record_index"":287,""instruction_index"":4328,""gate"":""MX"",""qubit"":215,""basis"":""X""}]"
360,Z,[720.0],24941,1872,"[-1440,-1584]","[432,288]","[{""record_index"":432,""instruction_index"":8368,""gate"":""M"",""qubit"":216,""basis"":""Z""},{""record_index"":288,""instruction_index"":6347,""gate"":""M"",""qubit"":216,""basis"":""Z""}]"
361,Z,[721.0],24942,1872,"[-1439,-1583]","[433,289]","[{""record_index"":433,""instruction_index"":8368,""gate"":""M"",""qubit"":217,""basis"":""Z""},{""record_index"":289,""instruction_index"":6347,""gate"":""M"",""qubit"":217,""basis"":""Z""}]"
362,Z,[722.0],24943,1872,"[-1438,-1582]","[434,290]","[{""record_index"":434,""instruction_index"":8368,""gate"":""M"",""qubit"":218,""basis"":""Z""},{""record_index"":290,""instruction_index"":6347,""gate"":""M"",""qubit"":218,""basis"":""Z""}]"
363,Z,[723.0],24944,1872,"[-1437,-1581]","[435,291]","[{""record_index"":435,""instruction_index"":8368,""gate"":""M"",""qubit"":219,""basis"":""Z""},{""record_index"":291,""instruction_index"":6347,""gate"":""M"",""qubit"":219,""basis"":""Z""}]"
364,Z,[724.0],24945,1872,"[-1436,-1580]","[436,292]","[{""record_index"":436,""instruction_index"":8368,""gate"":""M"",""qubit"":220,""basis"":""Z""},{""record_index"":292,""instruction_index"":6347,""gate"":""M"",""qubit"":220,""basis"":""Z""}]"
365,Z,[725.0],24946,1872,"[-1435,-1579]","[437,293]","[{""record_index"":437,""instruction_index"":8368,""gate"":""M"",""qubit"":221,""basis"":""Z""},{""record_index"":293,""instruction_index"":6347,""gate"":""M"",""qubit"":221,""basis"":""Z""}]"
366,Z,[726.0],24947,1872,"[-1434,-1578]","[438,294]","[{""record_index"":438,""instruction_index"":8368,""gate"":""M"",""qubit"":222,""basis"":""Z""},{""record_index"":294,""instruction_index"":6347,""gate"":""M"",""qubit"":222,""basis"":""Z""}]"
367,Z,[727.0],24948,1872,"[-1433,-1577]","[439,295]","[{""record_index"":439,""instruction_index"":8368,""gate"":""M"",""qubit"":223,""basis"":""Z""},{""record_index"":295,""instruction_index"":6347,""gate"":""M"",""qubit"":223,""basis"":""Z""}]"
368,Z,[728.0],24949,1872,"[-1432,-1576]","[440,296]","[{""record_index"":440,""instruction_index"":8368,""gate"":""M"",""qubit"":224,""basis"":""Z""},{""record_index"":296,""instruction_index"":6347,""gate"":""M"",""qubit"":224,""basis"":""Z""}]"
369,Z,[729.0],24950,1872,"[-1431,-1575]","[441,297]","[{""record_index"":441,""instruction_index"":8368,""gate"":""M"",""qubit"":225,""basis"":""Z""},{""record_index"":297,""instruction_index"":6347,""gate"":""M"",""qubit"":225,""basis"":""Z""}]"
370,Z,[730.0],24951,1872,"[-1430,-1574]","[442,298]","[{""record_index"":442,""instruction_index"":8368,""gate"":""M"",""qubit"":226,""basis"":""Z""},{""record_index"":298,""instruction_index"":6347,""gate"":""M"",""qubit"":226,""basis"":""Z""}]"
371,Z,[731.0],24952,1872,"[-1429,-1573]","[443,299]","[{""record_index"":443,""instruction_index"":8368,""gate"":""M"",""qubit"":227,""basis"":""Z""},{""record_index"":299,""instruction_index"":6347,""gate"":""M"",""qubit"":227,""basis"":""Z""}]"
372,Z,[732.0],24953,1872,"[-1428,-1572]","[444,300]","[{""record_index"":444,""instruction_index"":8368,""gate"":""M"",""qubit"":228,""basis"":""Z""},{""record_index"":300,""instruction_index"":6347,""gate"":""M"",""qubit"":228,""basis"":""Z""}]"
373,Z,[733.0],24954,1872,"[-1427,-1571]","[445,301]","[{""record_index"":445,""instruction_index"":8368,""gate"":""M"",""qubit"":229,""basis"":""Z""},{""record_index"":301,""instruction_index"":6347,""gate"":""M"",""qubit"":229,""basis"":""Z""}]"
374,Z,[734.0],24955,1872,"[-1426,-1570]","[446,302]","[{""record_index"":446,""instruction_index"":8368,""gate"":""M"",""qubit"":230,""basis"":""Z""},{""record_index"":302,""instruction_index"":6347,""gate"":""M"",""qubit"":230,""basis"":""Z""}]"
375,Z,[735.0],24956,1872,"[-1425,-1569]","[447,303]","[{""record_index"":447,""instruction_index"":8368,""gate"":""M"",""qubit"":231,""basis"":""Z""},{""record_index"":303,""instruction_index"":6347,""gate"":""M"",""qubit"":231,""basis"":""Z""}]"
376,Z,[736.0],24957,1872,"[-1424,-1568]","[448,304]","[{""record_index"":448,""instruction_index"":8368,""gate"":""M"",""qubit"":232,""basis"":""Z""},{""record_index"":304,""instruction_index"":6347,""gate"":""M"",""qubit"":232,""basis"":""Z""}]"
377,Z,[737.0],24958,1872,"[-1423,-1567]","[449,305]","[{""record_index"":449,""instruction_index"":8368,""gate"":""M"",""qubit"":233,""basis"":""Z""},{""record_index"":305,""instruction_index"":6347,""gate"":""M"",""qubit"":233,""basis"":""Z""}]"
378,Z,[738.0],24959,1872,"[-1422,-1566]","[450,306]","[{""record_index"":450,""instruction_index"":8368,""gate"":""M"",""qubit"":234,""basis"":""Z""},{""record_index"":306,""instruction_index"":6347,""gate"":""M"",""qubit"":234,""basis"":""Z""}]"
379,Z,[739.0],24960,1872,"[-1421,-1565]","[451,307]","[{""record_index"":451,""instruction_index"":8368,""gate"":""M"",""qubit"":235,""basis"":""Z""},{""record_index"":307,""instruction_index"":6347,""gate"":""M"",""qubit"":235,""basis"":""Z""}]"
380,Z,[740.0],24961,1872,"[-1420,-1564]","[452,308]","[{""record_index"":452,""instruction_index"":8368,""gate"":""M"",""qubit"":236,""basis"":""Z""},{""record_index"":308,""instruction_index"":6347,""gate"":""M"",""qubit"":236,""basis"":""Z""}]"
381,Z,[741.0],24962,1872,"[-1419,-1563]","[453,309]","[{""record_index"":453,""instruction_index"":8368,""gate"":""M"",""qubit"":237,""basis"":""Z""},{""record_index"":309,""instruction_index"":6347,""gate"":""M"",""qubit"":237,""basis"":""Z""}]"
382,Z,[742.0],24963,1872,"[-1418,-1562]","[454,310]","[{""record_index"":454,""instruction_index"":8368,""gate"":""M"",""qubit"":238,""basis"":""Z""},{""record_index"":310,""instruction_index"":6347,""gate"":""M"",""qubit"":238,""basis"":""Z""}]"
383,Z,[743.0],24964,1872,"[-1417,-1561]","[455,311]","[{""record_index"":455,""instruction_index"":8368,""gate"":""M"",""qubit"":239,""basis"":""Z""},{""record_index"":311,""instruction_index"":6347,""gate"":""M"",""qubit"":239,""basis"":""Z""}]"
384,Z,[744.0],24965,1872,"[-1416,-1560]","[456,312]","[{""record_index"":456,""instruction_index"":8368,""gate"":""M"",""qubit"":240,""basis"":""Z""},{""record_index"":312,""instruction_index"":6347,""gate"":""M"",""qubit"":240,""basis"":""Z""}]"
385,Z,[745.0],24966,1872,"[-1415,-1559]","[457,313]","[{""record_index"":457,""instruction_index"":8368,""gate"":""M"",""qubit"":241,""basis"":""Z""},{""record_index"":313,""instruction_index"":6347,""gate"":""M"",""qubit"":241,""basis"":""Z""}]"
386,Z,[746.0],24967,1872,"[-1414,-1558]","[458,314]","[{""record_index"":458,""instruction_index"":8368,""gate"":""M"",""qubit"":242,""basis"":""Z""},{""record_index"":314,""instruction_index"":6347,""gate"":""M"",""qubit"":242,""basis"":""Z""}]"
387,Z,[747.0],24968,1872,"[-1413,-1557]","[459,315]","[{""record_index"":459,""instruction_index"":8368,""gate"":""M"",""qubit"":243,""basis"":""Z""},{""record_index"":315,""instruction_index"":6347,""gate"":""M"",""qubit"":243,""basis"":""Z""}]"
388,Z,[748.0],24969,1872,"[-1412,-1556]","[460,316]","[{""record_index"":460,""instruction_index"":8368,""gate"":""M"",""qubit"":244,""basis"":""Z""},{""record_index"":316,""instruction_index"":6347,""gate"":""M"",""qubit"":244,""basis"":""Z""}]"
389,Z,[749.0],24970,1872,"[-1411,-1555]","[461,317]","[{""record_index"":461,""instruction_index"":8368,""gate"":""M"",""qubit"":245,""basis"":""Z""},{""record_index"":317,""instruction_index"":6347,""gate"":""M"",""qubit"":245,""basis"":""Z""}]"
390,Z,[750.0],24971,1872,"[-1410,-1554]","[462,318]","[{""record_index"":462,""instruction_index"":8368,""gate"":""M"",""qubit"":246,""basis"":""Z""},{""record_index"":318,""instruction_index"":6347,""gate"":""M"",""qubit"":246,""basis"":""Z""}]"
391,Z,[751.0],24972,1872,"[-1409,-1553]","[463,319]","[{""record_index"":463,""instruction_index"":8368,""gate"":""M"",""qubit"":247,""basis"":""Z""},{""record_index"":319,""instruction_index"":6347,""gate"":""M"",""qubit"":247,""basis"":""Z""}]"
392,Z,[752.0],24973,1872,"[-1408,-1552]","[464,320]","[{""record_index"":464,""instruction_index"":8368,""gate"":""M"",""qubit"":248,""basis"":""Z""},{""record_index"":320,""instruction_index"":6347,""gate"":""M"",""qubit"":248,""basis"":""Z""}]"
393,Z,[753.0],24974,1872,"[-1407,-1551]","[465,321]","[{""record_index"":465,""instruction_index"":8368,""gate"":""M"",""qubit"":249,""basis"":""Z""},{""record_index"":321,""instruction_index"":6347,""gate"":""M"",""qubit"":249,""basis"":""Z""}]"
394,Z,[754.0],24975,1872,"[-1406,-1550]","[466,322]","[{""record_index"":466,""instruction_index"":8368,""gate"":""M"",""qubit"":250,""basis"":""Z""},{""record_index"":322,""instruction_index"":6347,""gate"":""M"",""qubit"":250,""basis"":""Z""}]"
395,Z,[755.0],24976,1872,"[-1405,-1549]","[467,323]","[{""record_index"":467,""instruction_index"":8368,""gate"":""M"",""qubit"":251,""basis"":""Z""},{""record_index"":323,""instruction_index"":6347,""gate"":""M"",""qubit"":251,""basis"":""Z""}]"
396,Z,[756.0],24977,1872,"[-1404,-1548]","[468,324]","[{""record_index"":468,""instruction_index"":8368,""gate"":""M"",""qubit"":252,""basis"":""Z""},{""record_index"":324,""instruction_index"":6347,""gate"":""M"",""qubit"":252,""basis"":""Z""}]"
397,Z,[757.0],24978,1872,"[-1403,-1547]","[469,325]","[{""record_index"":469,""instruction_index"":8368,""gate"":""M"",""qubit"":253,""basis"":""Z""},{""record_index"":325,""instruction_index"":6347,""gate"":""M"",""qubit"":253,""basis"":""Z""}]"
398,Z,[758.0],24979,1872,"[-1402,-1546]","[470,326]","[{""record_index"":470,""instruction_index"":8368,""gate"":""M"",""qubit"":254,""basis"":""Z""},{""record_index"":326,""instruction_index"":6347,""gate"":""M"",""qubit"":254,""basis"":""Z""}]"
399,Z,[759.0],24980,1872,"[-1401,-1545]","[471,327]","[{""record_index"":471,""instruction_index"":8368,""gate"":""M"",""qubit"":255,""basis"":""Z""},{""record_index"":327,""instruction_index"":6347,""gate"":""M"",""qubit"":255,""basis"":""Z""}]"
400,Z,[760.0],24981,1872,"[-1400,-1544]","[472,328]","[{""record_index"":472,""instruction_index"":8368,""gate"":""M"",""qubit"":256,""basis"":""Z""},{""record_index"":328,""instruction_index"":6347,""gate"":""M"",""qubit"":256,""basis"":""Z""}]"
401,Z,[761.0],24982,1872,"[-1399,-1543]","[473,329]","[{""record_index"":473,""instruction_index"":8368,""gate"":""M"",""qubit"":257,""basis"":""Z""},{""record_index"":329,""instruction_index"":6347,""gate"":""M"",""qubit"":257,""basis"":""Z""}]"
402,Z,[762.0],24983,1872,"[-1398,-1542]","[474,330]","[{""record_index"":474,""instruction_index"":8368,""gate"":""M"",""qubit"":258,""basis"":""Z""},{""record_index"":330,""instruction_index"":6347,""gate"":""M"",""qubit"":258,""basis"":""Z""}]"
403,Z,[763.0],24984,1872,"[-1397,-1541]","[475,331]","[{""record_index"":475,""instruction_index"":8368,""gate"":""M"",""qubit"":259,""basis"":""Z""},{""record_index"":331,""instruction_index"":6347,""gate"":""M"",""qubit"":259,""basis"":""Z""}]"
404,Z,[764.0],24985,1872,"[-1396,-1540]","[476,332]","[{""record_index"":476,""instruction_index"":8368,""gate"":""M"",""qubit"":260,""basis"":""Z""},{""record_index"":332,""instruction_index"":6347,""gate"":""M"",""qubit"":260,""basis"":""Z""}]"
405,Z,[765.0],24986,1872,"[-1395,-1539]","[477,333]","[{""record_index"":477,""instruction_index"":8368,""gate"":""M"",""qubit"":261,""basis"":""Z""},{""record_index"":333,""instruction_index"":6347,""gate"":""M"",""qubit"":261,""basis"":""Z""}]"
406,Z,[766.0],24987,1872,"[-1394,-1538]","[478,334]","[{""record_index"":478,""instruction_index"":8368,""gate"":""M"",""qubit"":262,""basis"":""Z""},{""record_index"":334,""instruction_index"":6347,""gate"":""M"",""qubit"":262,""basis"":""Z""}]"
407,Z,[767.0],24988,1872,"[-1393,-1537]","[479,335]","[{""record_index"":479,""instruction_index"":8368,""gate"":""M"",""qubit"":263,""basis"":""Z""},{""record_index"":335,""instruction_index"":6347,""gate"":""M"",""qubit"":263,""basis"":""Z""}]"
408,Z,[768.0],24989,1872,"[-1392,-1536]","[480,336]","[{""record_index"":480,""instruction_index"":8368,""gate"":""M"",""qubit"":264,""basis"":""Z""},{""record_index"":336,""instruction_index"":6347,""gate"":""M"",""qubit"":264,""basis"":""Z""}]"
409,Z,[769.0],24990,1872,"[-1391,-1535]","[481,337]","[{""record_index"":481,""instruction_index"":8368,""gate"":""M"",""qubit"":265,""basis"":""Z""},{""record_index"":337,""instruction_index"":6347,""gate"":""M"",""qubit"":265,""basis"":""Z""}]"
410,Z,[770.0],24991,1872,"[-1390,-1534]","[482,338]","[{""record_index"":482,""instruction_index"":8368,""gate"":""M"",""qubit"":266,""basis"":""Z""},{""record_index"":338,""instruction_index"":6347,""gate"":""M"",""qubit"":266,""basis"":""Z""}]"
411,Z,[771.0],24992,1872,"[-1389,-1533]","[483,339]","[{""record_index"":483,""instruction_index"":8368,""gate"":""M"",""qubit"":267,""basis"":""Z""},{""record_index"":339,""instruction_index"":6347,""gate"":""M"",""qubit"":267,""basis"":""Z""}]"
412,Z,[772.0],24993,1872,"[-1388,-1532]","[484,340]","[{""record_index"":484,""instruction_index"":8368,""gate"":""M"",""qubit"":268,""basis"":""Z""},{""record_index"":340,""instruction_index"":6347,""gate"":""M"",""qubit"":268,""basis"":""Z""}]"
413,Z,[773.0],24994,1872,"[-1387,-1531]","[485,341]","[{""record_index"":485,""instruction_index"":8368,""gate"":""M"",""qubit"":269,""basis"":""Z""},{""record_index"":341,""instruction_index"":6347,""gate"":""M"",""qubit"":269,""basis"":""Z""}]"
414,Z,[774.0],24995,1872,"[-1386,-1530]","[486,342]","[{""record_index"":486,""instruction_index"":8368,""gate"":""M"",""qubit"":270,""basis"":""Z""},{""record_index"":342,""instruction_index"":6347,""gate"":""M"",""qubit"":270,""basis"":""Z""}]"
415,Z,[775.0],24996,1872,"[-1385,-1529]","[487,343]","[{""record_index"":487,""instruction_index"":8368,""gate"":""M"",""qubit"":271,""basis"":""Z""},{""record_index"":343,""instruction_index"":6347,""gate"":""M"",""qubit"":271,""basis"":""Z""}]"
416,Z,[776.0],24997,1872,"[-1384,-1528]","[488,344]","[{""record_index"":488,""instruction_index"":8368,""gate"":""M"",""qubit"":272,""basis"":""Z""},{""record_index"":344,""instruction_index"":6347,""gate"":""M"",""qubit"":272,""basis"":""Z""}]"
417,Z,[777.0],24998,1872,"[-1383,-1527]","[489,345]","[{""record_index"":489,""instruction_index"":8368,""gate"":""M"",""qubit"":273,""basis"":""Z""},{""record_index"":345,""instruction_index"":6347,""gate"":""M"",""qubit"":273,""basis"":""Z""}]"
418,Z,[778.0],24999,1872,"[-1382,-1526]","[490,346]","[{""record_index"":490,""instruction_index"":8368,""gate"":""M"",""qubit"":274,""basis"":""Z""},{""record_index"":346,""instruction_index"":6347,""gate"":""M"",""qubit"":274,""basis"":""Z""}]"
419,Z,[779.0],25000,1872,"[-1381,-1525]","[491,347]","[{""record_index"":491,""instruction_index"":8368,""gate"":""M"",""qubit"":275,""basis"":""Z""},{""record_index"":347,""instruction_index"":6347,""gate"":""M"",""qubit"":275,""basis"":""Z""}]"
420,Z,[780.0],25001,1872,"[-1380,-1524]","[492,348]","[{""record_index"":492,""instruction_index"":8368,""gate"":""M"",""qubit"":276,""basis"":""Z""},{""record_index"":348,""instruction_index"":6347,""gate"":""M"",""qubit"":276,""basis"":""Z""}]"
421,Z,[781.0],25002,1872,"[-1379,-1523]","[493,349]","[{""record_index"":493,""instruction_index"":8368,""gate"":""M"",""qubit"":277,""basis"":""Z""},{""record_index"":349,""instruction_index"":6347,""gate"":""M"",""qubit"":277,""basis"":""Z""}]"
422,Z,[782.0],25003,1872,"[-1378,-1522]","[494,350]","[{""record_index"":494,""instruction_index"":8368,""gate"":""M"",""qubit"":278,""basis"":""Z""},{""record_index"":350,""instruction_index"":6347,""gate"":""M"",""qubit"":278,""basis"":""Z""}]"
423,Z,[783.0],25004,1872,"[-1377,-1521]","[495,351]","[{""record_index"":495,""instruction_index"":8368,""gate"":""M"",""qubit"":279,""basis"":""Z""},{""record_index"":351,""instruction_index"":6347,""gate"":""M"",""qubit"":279,""basis"":""Z""}]"
424,Z,[784.0],25005,1872,"[-1376,-1520]","[496,352]","[{""record_index"":496,""instruction_index"":8368,""gate"":""M"",""qubit"":280,""basis"":""Z""},{""record_index"":352,""instruction_index"":6347,""gate"":""M"",""qubit"":280,""basis"":""Z""}]"
425,Z,[785.0],25006,1872,"[-1375,-1519]","[497,353]","[{""record_index"":497,""instruction_index"":8368,""gate"":""M"",""qubit"":281,""basis"":""Z""},{""record_index"":353,""instruction_index"":6347,""gate"":""M"",""qubit"":281,""basis"":""Z""}]"
426,Z,[786.0],25007,1872,"[-1374,-1518]","[498,354]","[{""record_index"":498,""instruction_index"":8368,""gate"":""M"",""qubit"":282,""basis"":""Z""},{""record_index"":354,""instruction_index"":6347,""gate"":""M"",""qubit"":282,""basis"":""Z""}]"
427,Z,[787.0],25008,1872,"[-1373,-1517]","[499,355]","[{""record_index"":499,""instruction_index"":8368,""gate"":""M"",""qubit"":283,""basis"":""Z""},{""record_index"":355,""instruction_index"":6347,""gate"":""M"",""qubit"":283,""basis"":""Z""}]"
428,Z,[788.0],25009,1872,"[-1372,-1516]","[500,356]","[{""record_index"":500,""instruction_index"":8368,""gate"":""M"",""qubit"":284,""basis"":""Z""},{""record_index"":356,""instruction_index"":6347,""gate"":""M"",""qubit"":284,""basis"":""Z""}]"
429,Z,[789.0],25010,1872,"[-1371,-1515]","[501,357]","[{""record_index"":501,""instruction_index"":8368,""gate"":""M"",""qubit"":285,""basis"":""Z""},{""record_index"":357,""instruction_index"":6347,""gate"":""M"",""qubit"":285,""basis"":""Z""}]"
430,Z,[790.0],25011,1872,"[-1370,-1514]","[502,358]","[{""record_index"":502,""instruction_index"":8368,""gate"":""M"",""qubit"":286,""basis"":""Z""},{""record_index"":358,""instruction_index"":6347,""gate"":""M"",""qubit"":286,""basis"":""Z""}]"
431,Z,[791.0],25012,1872,"[-1369,-1513]","[503,359]","[{""record_index"":503,""instruction_index"":8368,""gate"":""M"",""qubit"":287,""basis"":""Z""},{""record_index"":359,""instruction_index"":6347,""gate"":""M"",""qubit"":287,""basis"":""Z""}]"
432,X,[648.0],25014,1872,"[-1368,-1512]","[504,360]","[{""record_index"":504,""instruction_index"":8370,""gate"":""MX"",""qubit"":144,""basis"":""X""},{""record_index"":360,""instruction_index"":6349,""gate"":""MX"",""qubit"":144,""basis"":""X""}]"
433,X,[649.0],25015,1872,"[-1367,-1511]","[505,361]","[{""record_index"":505,""instruction_index"":8370,""gate"":""MX"",""qubit"":145,""basis"":""X""},{""record_index"":361,""instruction_index"":6349,""gate"":""MX"",""qubit"":145,""basis"":""X""}]"
434,X,[650.0],25016,1872,"[-1366,-1510]","[506,362]","[{""record_index"":506,""instruction_index"":8370,""gate"":""MX"",""qubit"":146,""basis"":""X""},{""record_index"":362,""instruction_index"":6349,""gate"":""MX"",""qubit"":146,""basis"":""X""}]"
435,X,[651.0],25017,1872,"[-1365,-1509]","[507,363]","[{""record_index"":507,""instruction_index"":8370,""gate"":""MX"",""qubit"":147,""basis"":""X""},{""record_index"":363,""instruction_index"":6349,""gate"":""MX"",""qubit"":147,""basis"":""X""}]"
436,X,[652.0],25018,1872,"[-1364,-1508]","[508,364]","[{""record_index"":508,""instruction_index"":8370,""gate"":""MX"",""qubit"":148,""basis"":""X""},{""record_index"":364,""instruction_index"":6349,""gate"":""MX"",""qubit"":148,""basis"":""X""}]"
437,X,[653.0],25019,1872,"[-1363,-1507]","[509,365]","[{""record_index"":509,""instruction_index"":8370,""gate"":""MX"",""qubit"":149,""basis"":""X""},{""record_index"":365,""instruction_index"":6349,""gate"":""MX"",""qubit"":149,""basis"":""X""}]"
438,X,[654.0],25020,1872,"[-1362,-1506]","[510,366]","[{""record_index"":510,""instruction_index"":8370,""gate"":""MX"",""qubit"":150,""basis"":""X""},{""record_index"":366,""instruction_index"":6349,""gate"":""MX"",""qubit"":150,""basis"":""X""}]"
439,X,[655.0],25021,1872,"[-1361,-1505]","[511,367]","[{""record_index"":511,""instruction_index"":8370,""gate"":""MX"",""qubit"":151,""basis"":""X""},{""record_index"":367,""instruction_index"":6349,""gate"":""MX"",""qubit"":151,""basis"":""X""}]"
440,X,[656.0],25022,1872,"[-1360,-1504]","[512,368]","[{""record_index"":512,""instruction_index"":8370,""gate"":""MX"",""qubit"":152,""basis"":""X""},{""record_index"":368,""instruction_index"":6349,""gate"":""MX"",""qubit"":152,""basis"":""X""}]"
441,X,[657.0],25023,1872,"[-1359,-1503]","[513,369]","[{""record_index"":513,""instruction_index"":8370,""gate"":""MX"",""qubit"":153,""basis"":""X""},{""record_index"":369,""instruction_index"":6349,""gate"":""MX"",""qubit"":153,""basis"":""X""}]"
442,X,[658.0],25024,1872,"[-1358,-1502]","[514,370]","[{""record_index"":514,""instruction_index"":8370,""gate"":""MX"",""qubit"":154,""basis"":""X""},{""record_index"":370,""instruction_index"":6349,""gate"":""MX"",""qubit"":154,""basis"":""X""}]"
443,X,[659.0],25025,1872,"[-1357,-1501]","[515,371]","[{""record_index"":515,""instruction_index"":8370,""gate"":""MX"",""qubit"":155,""basis"":""X""},{""record_index"":371,""instruction_index"":6349,""gate"":""MX"",""qubit"":155,""basis"":""X""}]"
444,X,[660.0],25026,1872,"[-1356,-1500]","[516,372]","[{""record_index"":516,""instruction_index"":8370,""gate"":""MX"",""qubit"":156,""basis"":""X""},{""record_index"":372,""instruction_index"":6349,""gate"":""MX"",""qubit"":156,""basis"":""X""}]"
445,X,[661.0],25027,1872,"[-1355,-1499]","[517,373]","[{""record_index"":517,""instruction_index"":8370,""gate"":""MX"",""qubit"":157,""basis"":""X""},{""record_index"":373,""instruction_index"":6349,""gate"":""MX"",""qubit"":157,""basis"":""X""}]"
446,X,[662.0],25028,1872,"[-1354,-1498]","[518,374]","[{""record_index"":518,""instruction_index"":8370,""gate"":""MX"",""qubit"":158,""basis"":""X""},{""record_index"":374,""instruction_index"":6349,""gate"":""MX"",""qubit"":158,""basis"":""X""}]"
447,X,[663.0],25029,1872,"[-1353,-1497]","[519,375]","[{""record_index"":519,""instruction_index"":8370,""gate"":""MX"",""qubit"":159,""basis"":""X""},{""record_index"":375,""instruction_index"":6349,""gate"":""MX"",""qubit"":159,""basis"":""X""}]"
448,X,[664.0],25030,1872,"[-1352,-1496]","[520,376]","[{""record_index"":520,""instruction_index"":8370,""gate"":""MX"",""qubit"":160,""basis"":""X""},{""record_index"":376,""instruction_index"":6349,""gate"":""MX"",""qubit"":160,""basis"":""X""}]"
449,X,[665.0],25031,1872,"[-1351,-1495]","[521,377]","[{""record_index"":521,""instruction_index"":8370,""gate"":""MX"",""qubit"":161,""basis"":""X""},{""record_index"":377,""instruction_index"":6349,""gate"":""MX"",""qubit"":161,""basis"":""X""}]"
450,X,[666.0],25032,1872,"[-1350,-1494]","[522,378]","[{""record_index"":522,""instruction_index"":8370,""gate"":""MX"",""qubit"":162,""basis"":""X""},{""record_index"":378,""instruction_index"":6349,""gate"":""MX"",""qubit"":162,""basis"":""X""}]"
451,X,[667.0],25033,1872,"[-1349,-1493]","[523,379]","[{""record_index"":523,""instruction_index"":8370,""gate"":""MX"",""qubit"":163,""basis"":""X""},{""record_index"":379,""instruction_index"":6349,""gate"":""MX"",""qubit"":163,""basis"":""X""}]"
452,X,[668.0],25034,1872,"[-1348,-1492]","[524,380]","[{""record_index"":524,""instruction_index"":8370,""gate"":""MX"",""qubit"":164,""basis"":""X""},{""record_index"":380,""instruction_index"":6349,""gate"":""MX"",""qubit"":164,""basis"":""X""}]"
453,X,[669.0],25035,1872,"[-1347,-1491]","[525,381]","[{""record_index"":525,""instruction_index"":8370,""gate"":""MX"",""qubit"":165,""basis"":""X""},{""record_index"":381,""instruction_index"":6349,""gate"":""MX"",""qubit"":165,""basis"":""X""}]"
454,X,[670.0],25036,1872,"[-1346,-1490]","[526,382]","[{""record_index"":526,""instruction_index"":8370,""gate"":""MX"",""qubit"":166,""basis"":""X""},{""record_index"":382,""instruction_index"":6349,""gate"":""MX"",""qubit"":166,""basis"":""X""}]"
455,X,[671.0],25037,1872,"[-1345,-1489]","[527,383]","[{""record_index"":527,""instruction_index"":8370,""gate"":""MX"",""qubit"":167,""basis"":""X""},{""record_index"":383,""instruction_index"":6349,""gate"":""MX"",""qubit"":167,""basis"":""X""}]"
456,X,[672.0],25038,1872,"[-1344,-1488]","[528,384]","[{""record_index"":528,""instruction_index"":8370,""gate"":""MX"",""qubit"":168,""basis"":""X""},{""record_index"":384,""instruction_index"":6349,""gate"":""MX"",""qubit"":168,""basis"":""X""}]"
457,X,[673.0],25039,1872,"[-1343,-1487]","[529,385]","[{""record_index"":529,""instruction_index"":8370,""gate"":""MX"",""qubit"":169,""basis"":""X""},{""record_index"":385,""instruction_index"":6349,""gate"":""MX"",""qubit"":169,""basis"":""X""}]"
458,X,[674.0],25040,1872,"[-1342,-1486]","[530,386]","[{""record_index"":530,""instruction_index"":8370,""gate"":""MX"",""qubit"":170,""basis"":""X""},{""record_index"":386,""instruction_index"":6349,""gate"":""MX"",""qubit"":170,""basis"":""X""}]"
459,X,[675.0],25041,1872,"[-1341,-1485]","[531,387]","[{""record_index"":531,""instruction_index"":8370,""gate"":""MX"",""qubit"":171,""basis"":""X""},{""record_index"":387,""instruction_index"":6349,""gate"":""MX"",""qubit"":171,""basis"":""X""}]"
460,X,[676.0],25042,1872,"[-1340,-1484]","[532,388]","[{""record_index"":532,""instruction_index"":8370,""gate"":""MX"",""qubit"":172,""basis"":""X""},{""record_index"":388,""instruction_index"":6349,""gate"":""MX"",""qubit"":172,""basis"":""X""}]"
461,X,[677.0],25043,1872,"[-1339,-1483]","[533,389]","[{""record_index"":533,""instruction_index"":8370,""gate"":""MX"",""qubit"":173,""basis"":""X""},{""record_index"":389,""instruction_index"":6349,""gate"":""MX"",""qubit"":173,""basis"":""X""}]"
462,X,[678.0],25044,1872,"[-1338,-1482]","[534,390]","[{""record_index"":534,""instruction_index"":8370,""gate"":""MX"",""qubit"":174,""basis"":""X""},{""record_index"":390,""instruction_index"":6349,""gate"":""MX"",""qubit"":174,""basis"":""X""}]"
463,X,[679.0],25045,1872,"[-1337,-1481]","[535,391]","[{""record_index"":535,""instruction_index"":8370,""gate"":""MX"",""qubit"":175,""basis"":""X""},{""record_index"":391,""instruction_index"":6349,""gate"":""MX"",""qubit"":175,""basis"":""X""}]"
464,X,[680.0],25046,1872,"[-1336,-1480]","[536,392]","[{""record_index"":536,""instruction_index"":8370,""gate"":""MX"",""qubit"":176,""basis"":""X""},{""record_index"":392,""instruction_index"":6349,""gate"":""MX"",""qubit"":176,""basis"":""X""}]"
465,X,[681.0],25047,1872,"[-1335,-1479]","[537,393]","[{""record_index"":537,""instruction_index"":8370,""gate"":""MX"",""qubit"":177,""basis"":""X""},{""record_index"":393,""instruction_index"":6349,""gate"":""MX"",""qubit"":177,""basis"":""X""}]"
466,X,[682.0],25048,1872,"[-1334,-1478]","[538,394]","[{""record_index"":538,""instruction_index"":8370,""gate"":""MX"",""qubit"":178,""basis"":""X""},{""record_index"":394,""instruction_index"":6349,""gate"":""MX"",""qubit"":178,""basis"":""X""}]"
467,X,[683.0],25049,1872,"[-1333,-1477]","[539,395]","[{""record_index"":539,""instruction_index"":8370,""gate"":""MX"",""qubit"":179,""basis"":""X""},{""record_index"":395,""instruction_index"":6349,""gate"":""MX"",""qubit"":179,""basis"":""X""}]"
468,X,[684.0],25050,1872,"[-1332,-1476]","[540,396]","[{""record_index"":540,""instruction_index"":8370,""gate"":""MX"",""qubit"":180,""basis"":""X""},{""record_index"":396,""instruction_index"":6349,""gate"":""MX"",""qubit"":180,""basis"":""X""}]"
469,X,[685.0],25051,1872,"[-1331,-1475]","[541,397]","[{""record_index"":541,""instruction_index"":8370,""gate"":""MX"",""qubit"":181,""basis"":""X""},{""record_index"":397,""instruction_index"":6349,""gate"":""MX"",""qubit"":181,""basis"":""X""}]"
470,X,[686.0],25052,1872,"[-1330,-1474]","[542,398]","[{""record_index"":542,""instruction_index"":8370,""gate"":""MX"",""qubit"":182,""basis"":""X""},{""record_index"":398,""instruction_index"":6349,""gate"":""MX"",""qubit"":182,""basis"":""X""}]"
471,X,[687.0],25053,1872,"[-1329,-1473]","[543,399]","[{""record_index"":543,""instruction_index"":8370,""gate"":""MX"",""qubit"":183,""basis"":""X""},{""record_index"":399,""instruction_index"":6349,""gate"":""MX"",""qubit"":183,""basis"":""X""}]"
472,X,[688.0],25054,1872,"[-1328,-1472]","[544,400]","[{""record_index"":544,""instruction_index"":8370,""gate"":""MX"",""qubit"":184,""basis"":""X""},{""record_index"":400,""instruction_index"":6349,""gate"":""MX"",""qubit"":184,""basis"":""X""}]"
473,X,[689.0],25055,1872,"[-1327,-1471]","[545,401]","[{""record_index"":545,""instruction_index"":8370,""gate"":""MX"",""qubit"":185,""basis"":""X""},{""record_index"":401,""instruction_index"":6349,""gate"":""MX"",""qubit"":185,""basis"":""X""}]"
474,X,[690.0],25056,1872,"[-1326,-1470]","[546,402]","[{""record_index"":546,""instruction_index"":8370,""gate"":""MX"",""qubit"":186,""basis"":""X""},{""record_index"":402,""instruction_index"":6349,""gate"":""MX"",""qubit"":186,""basis"":""X""}]"
475,X,[691.0],25057,1872,"[-1325,-1469]","[547,403]","[{""record_index"":547,""instruction_index"":8370,""gate"":""MX"",""qubit"":187,""basis"":""X""},{""record_index"":403,""instruction_index"":6349,""gate"":""MX"",""qubit"":187,""basis"":""X""}]"
476,X,[692.0],25058,1872,"[-1324,-1468]","[548,404]","[{""record_index"":548,""instruction_index"":8370,""gate"":""MX"",""qubit"":188,""basis"":""X""},{""record_index"":404,""instruction_index"":6349,""gate"":""MX"",""qubit"":188,""basis"":""X""}]"
477,X,[693.0],25059,1872,"[-1323,-1467]","[549,405]","[{""record_index"":549,""instruction_index"":8370,""gate"":""MX"",""qubit"":189,""basis"":""X""},{""record_index"":405,""instruction_index"":6349,""gate"":""MX"",""qubit"":189,""basis"":""X""}]"
478,X,[694.0],25060,1872,"[-1322,-1466]","[550,406]","[{""record_index"":550,""instruction_index"":8370,""gate"":""MX"",""qubit"":190,""basis"":""X""},{""record_index"":406,""instruction_index"":6349,""gate"":""MX"",""qubit"":190,""basis"":""X""}]"
479,X,[695.0],25061,1872,"[-1321,-1465]","[551,407]","[{""record_index"":551,""instruction_index"":8370,""gate"":""MX"",""qubit"":191,""basis"":""X""},{""record_index"":407,""instruction_index"":6349,""gate"":""MX"",""qubit"":191,""basis"":""X""}]"
480,X,[696.0],25062,1872,"[-1320,-1464]","[552,408]","[{""record_index"":552,""instruction_index"":8370,""gate"":""MX"",""qubit"":192,""basis"":""X""},{""record_index"":408,""instruction_index"":6349,""gate"":""MX"",""qubit"":192,""basis"":""X""}]"
481,X,[697.0],25063,1872,"[-1319,-1463]","[553,409]","[{""record_index"":553,""instruction_index"":8370,""gate"":""MX"",""qubit"":193,""basis"":""X""},{""record_index"":409,""instruction_index"":6349,""gate"":""MX"",""qubit"":193,""basis"":""X""}]"
482,X,[698.0],25064,1872,"[-1318,-1462]","[554,410]","[{""record_index"":554,""instruction_index"":8370,""gate"":""MX"",""qubit"":194,""basis"":""X""},{""record_index"":410,""instruction_index"":6349,""gate"":""MX"",""qubit"":194,""basis"":""X""}]"
483,X,[699.0],25065,1872,"[-1317,-1461]","[555,411]","[{""record_index"":555,""instruction_index"":8370,""gate"":""MX"",""qubit"":195,""basis"":""X""},{""record_index"":411,""instruction_index"":6349,""gate"":""MX"",""qubit"":195,""basis"":""X""}]"
484,X,[700.0],25066,1872,"[-1316,-1460]","[556,412]","[{""record_index"":556,""instruction_index"":8370,""gate"":""MX"",""qubit"":196,""basis"":""X""},{""record_index"":412,""instruction_index"":6349,""gate"":""MX"",""qubit"":196,""basis"":""X""}]"
485,X,[701.0],25067,1872,"[-1315,-1459]","[557,413]","[{""record_index"":557,""instruction_index"":8370,""gate"":""MX"",""qubit"":197,""basis"":""X""},{""record_index"":413,""instruction_index"":6349,""gate"":""MX"",""qubit"":197,""basis"":""X""}]"
486,X,[702.0],25068,1872,"[-1314,-1458]","[558,414]","[{""record_index"":558,""instruction_index"":8370,""gate"":""MX"",""qubit"":198,""basis"":""X""},{""record_index"":414,""instruction_index"":6349,""gate"":""MX"",""qubit"":198,""basis"":""X""}]"
487,X,[703.0],25069,1872,"[-1313,-1457]","[559,415]","[{""record_index"":559,""instruction_index"":8370,""gate"":""MX"",""qubit"":199,""basis"":""X""},{""record_index"":415,""instruction_index"":6349,""gate"":""MX"",""qubit"":199,""basis"":""X""}]"
488,X,[704.0],25070,1872,"[-1312,-1456]","[560,416]","[{""record_index"":560,""instruction_index"":8370,""gate"":""MX"",""qubit"":200,""basis"":""X""},{""record_index"":416,""instruction_index"":6349,""gate"":""MX"",""qubit"":200,""basis"":""X""}]"
489,X,[705.0],25071,1872,"[-1311,-1455]","[561,417]","[{""record_index"":561,""instruction_index"":8370,""gate"":""MX"",""qubit"":201,""basis"":""X""},{""record_index"":417,""instruction_index"":6349,""gate"":""MX"",""qubit"":201,""basis"":""X""}]"
490,X,[706.0],25072,1872,"[-1310,-1454]","[562,418]","[{""record_index"":562,""instruction_index"":8370,""gate"":""MX"",""qubit"":202,""basis"":""X""},{""record_index"":418,""instruction_index"":6349,""gate"":""MX"",""qubit"":202,""basis"":""X""}]"
491,X,[707.0],25073,1872,"[-1309,-1453]","[563,419]","[{""record_index"":563,""instruction_index"":8370,""gate"":""MX"",""qubit"":203,""basis"":""X""},{""record_index"":419,""instruction_index"":6349,""gate"":""MX"",""qubit"":203,""basis"":""X""}]"
492,X,[708.0],25074,1872,"[-1308,-1452]","[564,420]","[{""record_index"":564,""instruction_index"":8370,""gate"":""MX"",""qubit"":204,""basis"":""X""},{""record_index"":420,""instruction_index"":6349,""gate"":""MX"",""qubit"":204,""basis"":""X""}]"
493,X,[709.0],25075,1872,"[-1307,-1451]","[565,421]","[{""record_index"":565,""instruction_index"":8370,""gate"":""MX"",""qubit"":205,""basis"":""X""},{""record_index"":421,""instruction_index"":6349,""gate"":""MX"",""qubit"":205,""basis"":""X""}]"
494,X,[710.0],25076,1872,"[-1306,-1450]","[566,422]","[{""record_index"":566,""instruction_index"":8370,""gate"":""MX"",""qubit"":206,""basis"":""X""},{""record_index"":422,""instruction_index"":6349,""gate"":""MX"",""qubit"":206,""basis"":""X""}]"
495,X,[711.0],25077,1872,"[-1305,-1449]","[567,423]","[{""record_index"":567,""instruction_index"":8370,""gate"":""MX"",""qubit"":207,""basis"":""X""},{""record_index"":423,""instruction_index"":6349,""gate"":""MX"",""qubit"":207,""basis"":""X""}]"
496,X,[712.0],25078,1872,"[-1304,-1448]","[568,424]","[{""record_index"":568,""instruction_index"":8370,""gate"":""MX"",""qubit"":208,""basis"":""X""},{""record_index"":424,""instruction_index"":6349,""gate"":""MX"",""qubit"":208,""basis"":""X""}]"
497,X,[713.0],25079,1872,"[-1303,-1447]","[569,425]","[{""record_index"":569,""instruction_index"":8370,""gate"":""MX"",""qubit"":209,""basis"":""X""},{""record_index"":425,""instruction_index"":6349,""gate"":""MX"",""qubit"":209,""basis"":""X""}]"
498,X,[714.0],25080,1872,"[-1302,-1446]","[570,426]","[{""record_index"":570,""instruction_index"":8370,""gate"":""MX"",""qubit"":210,""basis"":""X""},{""record_index"":426,""instruction_index"":6349,""gate"":""MX"",""qubit"":210,""basis"":""X""}]"
499,X,[715.0],25081,1872,"[-1301,-1445]","[571,427]","[{""record_index"":571,""instruction_index"":8370,""gate"":""MX"",""qubit"":211,""basis"":""X""},{""record_index"":427,""instruction_index"":6349,""gate"":""MX"",""qubit"":211,""basis"":""X""}]"
500,X,[716.0],25082,1872,"[-1300,-1444]","[572,428]","[{""record_index"":572,""instruction_index"":8370,""gate"":""MX"",""qubit"":212,""basis"":""X""},{""record_index"":428,""instruction_index"":6349,""gate"":""MX"",""qubit"":212,""basis"":""X""}]"
501,X,[717.0],25083,1872,"[-1299,-1443]","[573,429]","[{""record_index"":573,""instruction_index"":8370,""gate"":""MX"",""qubit"":213,""basis"":""X""},{""record_index"":429,""instruction_index"":6349,""gate"":""MX"",""qubit"":213,""basis"":""X""}]"
502,X,[718.0],25084,1872,"[-1298,-1442]","[574,430]","[{""record_index"":574,""instruction_index"":8370,""gate"":""MX"",""qubit"":214,""basis"":""X""},{""record_index"":430,""instruction_index"":6349,""gate"":""MX"",""qubit"":214,""basis"":""X""}]"
503,X,[719.0],25085,1872,"[-1297,-1441]","[575,431]","[{""record_index"":575,""instruction_index"":8370,""gate"":""MX"",""qubit"":215,""basis"":""X""},{""record_index"":431,""instruction_index"":6349,""gate"":""MX"",""qubit"":215,""basis"":""X""}]"
504,Z,[936.0],25096,1872,"[-1296,-1440]","[576,432]","[{""record_index"":576,""instruction_index"":10389,""gate"":""M"",""qubit"":216,""basis"":""Z""},{""record_index"":432,""instruction_index"":8368,""gate"":""M"",""qubit"":216,""basis"":""Z""}]"
505,Z,[937.0],25097,1872,"[-1295,-1439]","[577,433]","[{""record_index"":577,""instruction_index"":10389,""gate"":""M"",""qubit"":217,""basis"":""Z""},{""record_index"":433,""instruction_index"":8368,""gate"":""M"",""qubit"":217,""basis"":""Z""}]"
506,Z,[938.0],25098,1872,"[-1294,-1438]","[578,434]","[{""record_index"":578,""instruction_index"":10389,""gate"":""M"",""qubit"":218,""basis"":""Z""},{""record_index"":434,""instruction_index"":8368,""gate"":""M"",""qubit"":218,""basis"":""Z""}]"
507,Z,[939.0],25099,1872,"[-1293,-1437]","[579,435]","[{""record_index"":579,""instruction_index"":10389,""gate"":""M"",""qubit"":219,""basis"":""Z""},{""record_index"":435,""instruction_index"":8368,""gate"":""M"",""qubit"":219,""basis"":""Z""}]"
508,Z,[940.0],25100,1872,"[-1292,-1436]","[580,436]","[{""record_index"":580,""instruction_index"":10389,""gate"":""M"",""qubit"":220,""basis"":""Z""},{""record_index"":436,""instruction_index"":8368,""gate"":""M"",""qubit"":220,""basis"":""Z""}]"
509,Z,[941.0],25101,1872,"[-1291,-1435]","[581,437]","[{""record_index"":581,""instruction_index"":10389,""gate"":""M"",""qubit"":221,""basis"":""Z""},{""record_index"":437,""instruction_index"":8368,""gate"":""M"",""qubit"":221,""basis"":""Z""}]"
510,Z,[942.0],25102,1872,"[-1290,-1434]","[582,438]","[{""record_index"":582,""instruction_index"":10389,""gate"":""M"",""qubit"":222,""basis"":""Z""},{""record_index"":438,""instruction_index"":8368,""gate"":""M"",""qubit"":222,""basis"":""Z""}]"
511,Z,[943.0],25103,1872,"[-1289,-1433]","[583,439]","[{""record_index"":583,""instruction_index"":10389,""gate"":""M"",""qubit"":223,""basis"":""Z""},{""record_index"":439,""instruction_index"":8368,""gate"":""M"",""qubit"":223,""basis"":""Z""}]"
512,Z,[944.0],25104,1872,"[-1288,-1432]","[584,440]","[{""record_index"":584,""instruction_index"":10389,""gate"":""M"",""qubit"":224,""basis"":""Z""},{""record_index"":440,""instruction_index"":8368,""gate"":""M"",""qubit"":224,""basis"":""Z""}]"
513,Z,[945.0],25105,1872,"[-1287,-1431]","[585,441]","[{""record_index"":585,""instruction_index"":10389,""gate"":""M"",""qubit"":225,""basis"":""Z""},{""record_index"":441,""instruction_index"":8368,""gate"":""M"",""qubit"":225,""basis"":""Z""}]"
514,Z,[946.0],25106,1872,"[-1286,-1430]","[586,442]","[{""record_index"":586,""instruction_index"":10389,""gate"":""M"",""qubit"":226,""basis"":""Z""},{""record_index"":442,""instruction_index"":8368,""gate"":""M"",""qubit"":226,""basis"":""Z""}]"
515,Z,[947.0],25107,1872,"[-1285,-1429]","[587,443]","[{""record_index"":587,""instruction_index"":10389,""gate"":""M"",""qubit"":227,""basis"":""Z""},{""record_index"":443,""instruction_index"":8368,""gate"":""M"",""qubit"":227,""basis"":""Z""}]"
516,Z,[948.0],25108,1872,"[-1284,-1428]","[588,444]","[{""record_index"":588,""instruction_index"":10389,""gate"":""M"",""qubit"":228,""basis"":""Z""},{""record_index"":444,""instruction_index"":8368,""gate"":""M"",""qubit"":228,""basis"":""Z""}]"
517,Z,[949.0],25109,1872,"[-1283,-1427]","[589,445]","[{""record_index"":589,""instruction_index"":10389,""gate"":""M"",""qubit"":229,""basis"":""Z""},{""record_index"":445,""instruction_index"":8368,""gate"":""M"",""qubit"":229,""basis"":""Z""}]"
518,Z,[950.0],25110,1872,"[-1282,-1426]","[590,446]","[{""record_index"":590,""instruction_index"":10389,""gate"":""M"",""qubit"":230,""basis"":""Z""},{""record_index"":446,""instruction_index"":8368,""gate"":""M"",""qubit"":230,""basis"":""Z""}]"
519,Z,[951.0],25111,1872,"[-1281,-1425]","[591,447]","[{""record_index"":591,""instruction_index"":10389,""gate"":""M"",""qubit"":231,""basis"":""Z""},{""record_index"":447,""instruction_index"":8368,""gate"":""M"",""qubit"":231,""basis"":""Z""}]"
520,Z,[952.0],25112,1872,"[-1280,-1424]","[592,448]","[{""record_index"":592,""instruction_index"":10389,""gate"":""M"",""qubit"":232,""basis"":""Z""},{""record_index"":448,""instruction_index"":8368,""gate"":""M"",""qubit"":232,""basis"":""Z""}]"
521,Z,[953.0],25113,1872,"[-1279,-1423]","[593,449]","[{""record_index"":593,""instruction_index"":10389,""gate"":""M"",""qubit"":233,""basis"":""Z""},{""record_index"":449,""instruction_index"":8368,""gate"":""M"",""qubit"":233,""basis"":""Z""}]"
522,Z,[954.0],25114,1872,"[-1278,-1422]","[594,450]","[{""record_index"":594,""instruction_index"":10389,""gate"":""M"",""qubit"":234,""basis"":""Z""},{""record_index"":450,""instruction_index"":8368,""gate"":""M"",""qubit"":234,""basis"":""Z""}]"
523,Z,[955.0],25115,1872,"[-1277,-1421]","[595,451]","[{""record_index"":595,""instruction_index"":10389,""gate"":""M"",""qubit"":235,""basis"":""Z""},{""record_index"":451,""instruction_index"":8368,""gate"":""M"",""qubit"":235,""basis"":""Z""}]"
524,Z,[956.0],25116,1872,"[-1276,-1420]","[596,452]","[{""record_index"":596,""instruction_index"":10389,""gate"":""M"",""qubit"":236,""basis"":""Z""},{""record_index"":452,""instruction_index"":8368,""gate"":""M"",""qubit"":236,""basis"":""Z""}]"
525,Z,[957.0],25117,1872,"[-1275,-1419]","[597,453]","[{""record_index"":597,""instruction_index"":10389,""gate"":""M"",""qubit"":237,""basis"":""Z""},{""record_index"":453,""instruction_index"":8368,""gate"":""M"",""qubit"":237,""basis"":""Z""}]"
526,Z,[958.0],25118,1872,"[-1274,-1418]","[598,454]","[{""record_index"":598,""instruction_index"":10389,""gate"":""M"",""qubit"":238,""basis"":""Z""},{""record_index"":454,""instruction_index"":8368,""gate"":""M"",""qubit"":238,""basis"":""Z""}]"
527,Z,[959.0],25119,1872,"[-1273,-1417]","[599,455]","[{""record_index"":599,""instruction_index"":10389,""gate"":""M"",""qubit"":239,""basis"":""Z""},{""record_index"":455,""instruction_index"":8368,""gate"":""M"",""qubit"":239,""basis"":""Z""}]"
528,Z,[960.0],25120,1872,"[-1272,-1416]","[600,456]","[{""record_index"":600,""instruction_index"":10389,""gate"":""M"",""qubit"":240,""basis"":""Z""},{""record_index"":456,""instruction_index"":8368,""gate"":""M"",""qubit"":240,""basis"":""Z""}]"
529,Z,[961.0],25121,1872,"[-1271,-1415]","[601,457]","[{""record_index"":601,""instruction_index"":10389,""gate"":""M"",""qubit"":241,""basis"":""Z""},{""record_index"":457,""instruction_index"":8368,""gate"":""M"",""qubit"":241,""basis"":""Z""}]"
530,Z,[962.0],25122,1872,"[-1270,-1414]","[602,458]","[{""record_index"":602,""instruction_index"":10389,""gate"":""M"",""qubit"":242,""basis"":""Z""},{""record_index"":458,""instruction_index"":8368,""gate"":""M"",""qubit"":242,""basis"":""Z""}]"
531,Z,[963.0],25123,1872,"[-1269,-1413]","[603,459]","[{""record_index"":603,""instruction_index"":10389,""gate"":""M"",""qubit"":243,""basis"":""Z""},{""record_index"":459,""instruction_index"":8368,""gate"":""M"",""qubit"":243,""basis"":""Z""}]"
532,Z,[964.0],25124,1872,"[-1268,-1412]","[604,460]","[{""record_index"":604,""instruction_index"":10389,""gate"":""M"",""qubit"":244,""basis"":""Z""},{""record_index"":460,""instruction_index"":8368,""gate"":""M"",""qubit"":244,""basis"":""Z""}]"
533,Z,[965.0],25125,1872,"[-1267,-1411]","[605,461]","[{""record_index"":605,""instruction_index"":10389,""gate"":""M"",""qubit"":245,""basis"":""Z""},{""record_index"":461,""instruction_index"":8368,""gate"":""M"",""qubit"":245,""basis"":""Z""}]"
534,Z,[966.0],25126,1872,"[-1266,-1410]","[606,462]","[{""record_index"":606,""instruction_index"":10389,""gate"":""M"",""qubit"":246,""basis"":""Z""},{""record_index"":462,""instruction_index"":8368,""gate"":""M"",""qubit"":246,""basis"":""Z""}]"
535,Z,[967.0],25127,1872,"[-1265,-1409]","[607,463]","[{""record_index"":607,""instruction_index"":10389,""gate"":""M"",""qubit"":247,""basis"":""Z""},{""record_index"":463,""instruction_index"":8368,""gate"":""M"",""qubit"":247,""basis"":""Z""}]"
536,Z,[968.0],25128,1872,"[-1264,-1408]","[608,464]","[{""record_index"":608,""instruction_index"":10389,""gate"":""M"",""qubit"":248,""basis"":""Z""},{""record_index"":464,""instruction_index"":8368,""gate"":""M"",""qubit"":248,""basis"":""Z""}]"
537,Z,[969.0],25129,1872,"[-1263,-1407]","[609,465]","[{""record_index"":609,""instruction_index"":10389,""gate"":""M"",""qubit"":249,""basis"":""Z""},{""record_index"":465,""instruction_index"":8368,""gate"":""M"",""qubit"":249,""basis"":""Z""}]"
538,Z,[970.0],25130,1872,"[-1262,-1406]","[610,466]","[{""record_index"":610,""instruction_index"":10389,""gate"":""M"",""qubit"":250,""basis"":""Z""},{""record_index"":466,""instruction_index"":8368,""gate"":""M"",""qubit"":250,""basis"":""Z""}]"
539,Z,[971.0],25131,1872,"[-1261,-1405]","[611,467]","[{""record_index"":611,""instruction_index"":10389,""gate"":""M"",""qubit"":251,""basis"":""Z""},{""record_index"":467,""instruction_index"":8368,""gate"":""M"",""qubit"":251,""basis"":""Z""}]"
540,Z,[972.0],25132,1872,"[-1260,-1404]","[612,468]","[{""record_index"":612,""instruction_index"":10389,""gate"":""M"",""qubit"":252,""basis"":""Z""},{""record_index"":468,""instruction_index"":8368,""gate"":""M"",""qubit"":252,""basis"":""Z""}]"
541,Z,[973.0],25133,1872,"[-1259,-1403]","[613,469]","[{""record_index"":613,""instruction_index"":10389,""gate"":""M"",""qubit"":253,""basis"":""Z""},{""record_index"":469,""instruction_index"":8368,""gate"":""M"",""qubit"":253,""basis"":""Z""}]"
542,Z,[974.0],25134,1872,"[-1258,-1402]","[614,470]","[{""record_index"":614,""instruction_index"":10389,""gate"":""M"",""qubit"":254,""basis"":""Z""},{""record_index"":470,""instruction_index"":8368,""gate"":""M"",""qubit"":254,""basis"":""Z""}]"
543,Z,[975.0],25135,1872,"[-1257,-1401]","[615,471]","[{""record_index"":615,""instruction_index"":10389,""gate"":""M"",""qubit"":255,""basis"":""Z""},{""record_index"":471,""instruction_index"":8368,""gate"":""M"",""qubit"":255,""basis"":""Z""}]"
544,Z,[976.0],25136,1872,"[-1256,-1400]","[616,472]","[{""record_index"":616,""instruction_index"":10389,""gate"":""M"",""qubit"":256,""basis"":""Z""},{""record_index"":472,""instruction_index"":8368,""gate"":""M"",""qubit"":256,""basis"":""Z""}]"
545,Z,[977.0],25137,1872,"[-1255,-1399]","[617,473]","[{""record_index"":617,""instruction_index"":10389,""gate"":""M"",""qubit"":257,""basis"":""Z""},{""record_index"":473,""instruction_index"":8368,""gate"":""M"",""qubit"":257,""basis"":""Z""}]"
546,Z,[978.0],25138,1872,"[-1254,-1398]","[618,474]","[{""record_index"":618,""instruction_index"":10389,""gate"":""M"",""qubit"":258,""basis"":""Z""},{""record_index"":474,""instruction_index"":8368,""gate"":""M"",""qubit"":258,""basis"":""Z""}]"
547,Z,[979.0],25139,1872,"[-1253,-1397]","[619,475]","[{""record_index"":619,""instruction_index"":10389,""gate"":""M"",""qubit"":259,""basis"":""Z""},{""record_index"":475,""instruction_index"":8368,""gate"":""M"",""qubit"":259,""basis"":""Z""}]"
548,Z,[980.0],25140,1872,"[-1252,-1396]","[620,476]","[{""record_index"":620,""instruction_index"":10389,""gate"":""M"",""qubit"":260,""basis"":""Z""},{""record_index"":476,""instruction_index"":8368,""gate"":""M"",""qubit"":260,""basis"":""Z""}]"
549,Z,[981.0],25141,1872,"[-1251,-1395]","[621,477]","[{""record_index"":621,""instruction_index"":10389,""gate"":""M"",""qubit"":261,""basis"":""Z""},{""record_index"":477,""instruction_index"":8368,""gate"":""M"",""qubit"":261,""basis"":""Z""}]"
550,Z,[982.0],25142,1872,"[-1250,-1394]","[622,478]","[{""record_index"":622,""instruction_index"":10389,""gate"":""M"",""qubit"":262,""basis"":""Z""},{""record_index"":478,""instruction_index"":8368,""gate"":""M"",""qubit"":262,""basis"":""Z""}]"
551,Z,[983.0],25143,1872,"[-1249,-1393]","[623,479]","[{""record_index"":623,""instruction_index"":10389,""gate"":""M"",""qubit"":263,""basis"":""Z""},{""record_index"":479,""instruction_index"":8368,""gate"":""M"",""qubit"":263,""basis"":""Z""}]"
552,Z,[984.0],25144,1872,"[-1248,-1392]","[624,480]","[{""record_index"":624,""instruction_index"":10389,""gate"":""M"",""qubit"":264,""basis"":""Z""},{""record_index"":480,""instruction_index"":8368,""gate"":""M"",""qubit"":264,""basis"":""Z""}]"
553,Z,[985.0],25145,1872,"[-1247,-1391]","[625,481]","[{""record_index"":625,""instruction_index"":10389,""gate"":""M"",""qubit"":265,""basis"":""Z""},{""record_index"":481,""instruction_index"":8368,""gate"":""M"",""qubit"":265,""basis"":""Z""}]"
554,Z,[986.0],25146,1872,"[-1246,-1390]","[626,482]","[{""record_index"":626,""instruction_index"":10389,""gate"":""M"",""qubit"":266,""basis"":""Z""},{""record_index"":482,""instruction_index"":8368,""gate"":""M"",""qubit"":266,""basis"":""Z""}]"
555,Z,[987.0],25147,1872,"[-1245,-1389]","[627,483]","[{""record_index"":627,""instruction_index"":10389,""gate"":""M"",""qubit"":267,""basis"":""Z""},{""record_index"":483,""instruction_index"":8368,""gate"":""M"",""qubit"":267,""basis"":""Z""}]"
556,Z,[988.0],25148,1872,"[-1244,-1388]","[628,484]","[{""record_index"":628,""instruction_index"":10389,""gate"":""M"",""qubit"":268,""basis"":""Z""},{""record_index"":484,""instruction_index"":8368,""gate"":""M"",""qubit"":268,""basis"":""Z""}]"
557,Z,[989.0],25149,1872,"[-1243,-1387]","[629,485]","[{""record_index"":629,""instruction_index"":10389,""gate"":""M"",""qubit"":269,""basis"":""Z""},{""record_index"":485,""instruction_index"":8368,""gate"":""M"",""qubit"":269,""basis"":""Z""}]"
558,Z,[990.0],25150,1872,"[-1242,-1386]","[630,486]","[{""record_index"":630,""instruction_index"":10389,""gate"":""M"",""qubit"":270,""basis"":""Z""},{""record_index"":486,""instruction_index"":8368,""gate"":""M"",""qubit"":270,""basis"":""Z""}]"
559,Z,[991.0],25151,1872,"[-1241,-1385]","[631,487]","[{""record_index"":631,""instruction_index"":10389,""gate"":""M"",""qubit"":271,""basis"":""Z""},{""record_index"":487,""instruction_index"":8368,""gate"":""M"",""qubit"":271,""basis"":""Z""}]"
560,Z,[992.0],25152,1872,"[-1240,-1384]","[632,488]","[{""record_index"":632,""instruction_index"":10389,""gate"":""M"",""qubit"":272,""basis"":""Z""},{""record_index"":488,""instruction_index"":8368,""gate"":""M"",""qubit"":272,""basis"":""Z""}]"
561,Z,[993.0],25153,1872,"[-1239,-1383]","[633,489]","[{""record_index"":633,""instruction_index"":10389,""gate"":""M"",""qubit"":273,""basis"":""Z""},{""record_index"":489,""instruction_index"":8368,""gate"":""M"",""qubit"":273,""basis"":""Z""}]"
562,Z,[994.0],25154,1872,"[-1238,-1382]","[634,490]","[{""record_index"":634,""instruction_index"":10389,""gate"":""M"",""qubit"":274,""basis"":""Z""},{""record_index"":490,""instruction_index"":8368,""gate"":""M"",""qubit"":274,""basis"":""Z""}]"
563,Z,[995.0],25155,1872,"[-1237,-1381]","[635,491]","[{""record_index"":635,""instruction_index"":10389,""gate"":""M"",""qubit"":275,""basis"":""Z""},{""record_index"":491,""instruction_index"":8368,""gate"":""M"",""qubit"":275,""basis"":""Z""}]"
564,Z,[996.0],25156,1872,"[-1236,-1380]","[636,492]","[{""record_index"":636,""instruction_index"":10389,""gate"":""M"",""qubit"":276,""basis"":""Z""},{""record_index"":492,""instruction_index"":8368,""gate"":""M"",""qubit"":276,""basis"":""Z""}]"
565,Z,[997.0],25157,1872,"[-1235,-1379]","[637,493]","[{""record_index"":637,""instruction_index"":10389,""gate"":""M"",""qubit"":277,""basis"":""Z""},{""record_index"":493,""instruction_index"":8368,""gate"":""M"",""qubit"":277,""basis"":""Z""}]"
566,Z,[998.0],25158,1872,"[-1234,-1378]","[638,494]","[{""record_index"":638,""instruction_index"":10389,""gate"":""M"",""qubit"":278,""basis"":""Z""},{""record_index"":494,""instruction_index"":8368,""gate"":""M"",""qubit"":278,""basis"":""Z""}]"
567,Z,[999.0],25159,1872,"[-1233,-1377]","[639,495]","[{""record_index"":639,""instruction_index"":10389,""gate"":""M"",""qubit"":279,""basis"":""Z""},{""record_index"":495,""instruction_index"":8368,""gate"":""M"",""qubit"":279,""basis"":""Z""}]"
568,Z,[1000.0],25160,1872,"[-1232,-1376]","[640,496]","[{""record_index"":640,""instruction_index"":10389,""gate"":""M"",""qubit"":280,""basis"":""Z""},{""record_index"":496,""instruction_index"":8368,""gate"":""M"",""qubit"":280,""basis"":""Z""}]"
569,Z,[1001.0],25161,1872,"[-1231,-1375]","[641,497]","[{""record_index"":641,""instruction_index"":10389,""gate"":""M"",""qubit"":281,""basis"":""Z""},{""record_index"":497,""instruction_index"":8368,""gate"":""M"",""qubit"":281,""basis"":""Z""}]"
570,Z,[1002.0],25162,1872,"[-1230,-1374]","[642,498]","[{""record_index"":642,""instruction_index"":10389,""gate"":""M"",""qubit"":282,""basis"":""Z""},{""record_index"":498,""instruction_index"":8368,""gate"":""M"",""qubit"":282,""basis"":""Z""}]"
571,Z,[1003.0],25163,1872,"[-1229,-1373]","[643,499]","[{""record_index"":643,""instruction_index"":10389,""gate"":""M"",""qubit"":283,""basis"":""Z""},{""record_index"":499,""instruction_index"":8368,""gate"":""M"",""qubit"":283,""basis"":""Z""}]"
572,Z,[1004.0],25164,1872,"[-1228,-1372]","[644,500]","[{""record_index"":644,""instruction_index"":10389,""gate"":""M"",""qubit"":284,""basis"":""Z""},{""record_index"":500,""instruction_index"":8368,""gate"":""M"",""qubit"":284,""basis"":""Z""}]"
573,Z,[1005.0],25165,1872,"[-1227,-1371]","[645,501]","[{""record_index"":645,""instruction_index"":10389,""gate"":""M"",""qubit"":285,""basis"":""Z""},{""record_index"":501,""instruction_index"":8368,""gate"":""M"",""qubit"":285,""basis"":""Z""}]"
574,Z,[1006.0],25166,1872,"[-1226,-1370]","[646,502]","[{""record_index"":646,""instruction_index"":10389,""gate"":""M"",""qubit"":286,""basis"":""Z""},{""record_index"":502,""instruction_index"":8368,""gate"":""M"",""qubit"":286,""basis"":""Z""}]"
575,Z,[1007.0],25167,1872,"[-1225,-1369]","[647,503]","[{""record_index"":647,""instruction_index"":10389,""gate"":""M"",""qubit"":287,""basis"":""Z""},{""record_index"":503,""instruction_index"":8368,""gate"":""M"",""qubit"":287,""basis"":""Z""}]"
576,X,[864.0],25169,1872,"[-1224,-1368]","[648,504]","[{""record_index"":648,""instruction_index"":10391,""gate"":""MX"",""qubit"":144,""basis"":""X""},{""record_index"":504,""instruction_index"":8370,""gate"":""MX"",""qubit"":144,""basis"":""X""}]"
577,X,[865.0],25170,1872,"[-1223,-1367]","[649,505]","[{""record_index"":649,""instruction_index"":10391,""gate"":""MX"",""qubit"":145,""basis"":""X""},{""record_index"":505,""instruction_index"":8370,""gate"":""MX"",""qubit"":145,""basis"":""X""}]"
578,X,[866.0],25171,1872,"[-1222,-1366]","[650,506]","[{""record_index"":650,""instruction_index"":10391,""gate"":""MX"",""qubit"":146,""basis"":""X""},{""record_index"":506,""instruction_index"":8370,""gate"":""MX"",""qubit"":146,""basis"":""X""}]"
579,X,[867.0],25172,1872,"[-1221,-1365]","[651,507]","[{""record_index"":651,""instruction_index"":10391,""gate"":""MX"",""qubit"":147,""basis"":""X""},{""record_index"":507,""instruction_index"":8370,""gate"":""MX"",""qubit"":147,""basis"":""X""}]"
580,X,[868.0],25173,1872,"[-1220,-1364]","[652,508]","[{""record_index"":652,""instruction_index"":10391,""gate"":""MX"",""qubit"":148,""basis"":""X""},{""record_index"":508,""instruction_index"":8370,""gate"":""MX"",""qubit"":148,""basis"":""X""}]"
581,X,[869.0],25174,1872,"[-1219,-1363]","[653,509]","[{""record_index"":653,""instruction_index"":10391,""gate"":""MX"",""qubit"":149,""basis"":""X""},{""record_index"":509,""instruction_index"":8370,""gate"":""MX"",""qubit"":149,""basis"":""X""}]"
582,X,[870.0],25175,1872,"[-1218,-1362]","[654,510]","[{""record_index"":654,""instruction_index"":10391,""gate"":""MX"",""qubit"":150,""basis"":""X""},{""record_index"":510,""instruction_index"":8370,""gate"":""MX"",""qubit"":150,""basis"":""X""}]"
583,X,[871.0],25176,1872,"[-1217,-1361]","[655,511]","[{""record_index"":655,""instruction_index"":10391,""gate"":""MX"",""qubit"":151,""basis"":""X""},{""record_index"":511,""instruction_index"":8370,""gate"":""MX"",""qubit"":151,""basis"":""X""}]"
584,X,[872.0],25177,1872,"[-1216,-1360]","[656,512]","[{""record_index"":656,""instruction_index"":10391,""gate"":""MX"",""qubit"":152,""basis"":""X""},{""record_index"":512,""instruction_index"":8370,""gate"":""MX"",""qubit"":152,""basis"":""X""}]"
585,X,[873.0],25178,1872,"[-1215,-1359]","[657,513]","[{""record_index"":657,""instruction_index"":10391,""gate"":""MX"",""qubit"":153,""basis"":""X""},{""record_index"":513,""instruction_index"":8370,""gate"":""MX"",""qubit"":153,""basis"":""X""}]"
586,X,[874.0],25179,1872,"[-1214,-1358]","[658,514]","[{""record_index"":658,""instruction_index"":10391,""gate"":""MX"",""qubit"":154,""basis"":""X""},{""record_index"":514,""instruction_index"":8370,""gate"":""MX"",""qubit"":154,""basis"":""X""}]"
587,X,[875.0],25180,1872,"[-1213,-1357]","[659,515]","[{""record_index"":659,""instruction_index"":10391,""gate"":""MX"",""qubit"":155,""basis"":""X""},{""record_index"":515,""instruction_index"":8370,""gate"":""MX"",""qubit"":155,""basis"":""X""}]"
588,X,[876.0],25181,1872,"[-1212,-1356]","[660,516]","[{""record_index"":660,""instruction_index"":10391,""gate"":""MX"",""qubit"":156,""basis"":""X""},{""record_index"":516,""instruction_index"":8370,""gate"":""MX"",""qubit"":156,""basis"":""X""}]"
589,X,[877.0],25182,1872,"[-1211,-1355]","[661,517]","[{""record_index"":661,""instruction_index"":10391,""gate"":""MX"",""qubit"":157,""basis"":""X""},{""record_index"":517,""instruction_index"":8370,""gate"":""MX"",""qubit"":157,""basis"":""X""}]"
590,X,[878.0],25183,1872,"[-1210,-1354]","[662,518]","[{""record_index"":662,""instruction_index"":10391,""gate"":""MX"",""qubit"":158,""basis"":""X""},{""record_index"":518,""instruction_index"":8370,""gate"":""MX"",""qubit"":158,""basis"":""X""}]"
591,X,[879.0],25184,1872,"[-1209,-1353]","[663,519]","[{""record_index"":663,""instruction_index"":10391,""gate"":""MX"",""qubit"":159,""basis"":""X""},{""record_index"":519,""instruction_index"":8370,""gate"":""MX"",""qubit"":159,""basis"":""X""}]"
592,X,[880.0],25185,1872,"[-1208,-1352]","[664,520]","[{""record_index"":664,""instruction_index"":10391,""gate"":""MX"",""qubit"":160,""basis"":""X""},{""record_index"":520,""instruction_index"":8370,""gate"":""MX"",""qubit"":160,""basis"":""X""}]"
593,X,[881.0],25186,1872,"[-1207,-1351]","[665,521]","[{""record_index"":665,""instruction_index"":10391,""gate"":""MX"",""qubit"":161,""basis"":""X""},{""record_index"":521,""instruction_index"":8370,""gate"":""MX"",""qubit"":161,""basis"":""X""}]"
594,X,[882.0],25187,1872,"[-1206,-1350]","[666,522]","[{""record_index"":666,""instruction_index"":10391,""gate"":""MX"",""qubit"":162,""basis"":""X""},{""record_index"":522,""instruction_index"":8370,""gate"":""MX"",""qubit"":162,""basis"":""X""}]"
595,X,[883.0],25188,1872,"[-1205,-1349]","[667,523]","[{""record_index"":667,""instruction_index"":10391,""gate"":""MX"",""qubit"":163,""basis"":""X""},{""record_index"":523,""instruction_index"":8370,""gate"":""MX"",""qubit"":163,""basis"":""X""}]"
596,X,[884.0],25189,1872,"[-1204,-1348]","[668,524]","[{""record_index"":668,""instruction_index"":10391,""gate"":""MX"",""qubit"":164,""basis"":""X""},{""record_index"":524,""instruction_index"":8370,""gate"":""MX"",""qubit"":164,""basis"":""X""}]"
597,X,[885.0],25190,1872,"[-1203,-1347]","[669,525]","[{""record_index"":669,""instruction_index"":10391,""gate"":""MX"",""qubit"":165,""basis"":""X""},{""record_index"":525,""instruction_index"":8370,""gate"":""MX"",""qubit"":165,""basis"":""X""}]"
598,X,[886.0],25191,1872,"[-1202,-1346]","[670,526]","[{""record_index"":670,""instruction_index"":10391,""gate"":""MX"",""qubit"":166,""basis"":""X""},{""record_index"":526,""instruction_index"":8370,""gate"":""MX"",""qubit"":166,""basis"":""X""}]"
599,X,[887.0],25192,1872,"[-1201,-1345]","[671,527]","[{""record_index"":671,""instruction_index"":10391,""gate"":""MX"",""qubit"":167,""basis"":""X""},{""record_index"":527,""instruction_index"":8370,""gate"":""MX"",""qubit"":167,""basis"":""X""}]"
600,X,[888.0],25193,1872,"[-1200,-1344]","[672,528]","[{""record_index"":672,""instruction_index"":10391,""gate"":""MX"",""qubit"":168,""basis"":""X""},{""record_index"":528,""instruction_index"":8370,""gate"":""MX"",""qubit"":168,""basis"":""X""}]"
601,X,[889.0],25194,1872,"[-1199,-1343]","[673,529]","[{""record_index"":673,""instruction_index"":10391,""gate"":""MX"",""qubit"":169,""basis"":""X""},{""record_index"":529,""instruction_index"":8370,""gate"":""MX"",""qubit"":169,""basis"":""X""}]"
602,X,[890.0],25195,1872,"[-1198,-1342]","[674,530]","[{""record_index"":674,""instruction_index"":10391,""gate"":""MX"",""qubit"":170,""basis"":""X""},{""record_index"":530,""instruction_index"":8370,""gate"":""MX"",""qubit"":170,""basis"":""X""}]"
603,X,[891.0],25196,1872,"[-1197,-1341]","[675,531]","[{""record_index"":675,""instruction_index"":10391,""gate"":""MX"",""qubit"":171,""basis"":""X""},{""record_index"":531,""instruction_index"":8370,""gate"":""MX"",""qubit"":171,""basis"":""X""}]"
604,X,[892.0],25197,1872,"[-1196,-1340]","[676,532]","[{""record_index"":676,""instruction_index"":10391,""gate"":""MX"",""qubit"":172,""basis"":""X""},{""record_index"":532,""instruction_index"":8370,""gate"":""MX"",""qubit"":172,""basis"":""X""}]"
605,X,[893.0],25198,1872,"[-1195,-1339]","[677,533]","[{""record_index"":677,""instruction_index"":10391,""gate"":""MX"",""qubit"":173,""basis"":""X""},{""record_index"":533,""instruction_index"":8370,""gate"":""MX"",""qubit"":173,""basis"":""X""}]"
606,X,[894.0],25199,1872,"[-1194,-1338]","[678,534]","[{""record_index"":678,""instruction_index"":10391,""gate"":""MX"",""qubit"":174,""basis"":""X""},{""record_index"":534,""instruction_index"":8370,""gate"":""MX"",""qubit"":174,""basis"":""X""}]"
607,X,[895.0],25200,1872,"[-1193,-1337]","[679,535]","[{""record_index"":679,""instruction_index"":10391,""gate"":""MX"",""qubit"":175,""basis"":""X""},{""record_index"":535,""instruction_index"":8370,""gate"":""MX"",""qubit"":175,""basis"":""X""}]"
608,X,[896.0],25201,1872,"[-1192,-1336]","[680,536]","[{""record_index"":680,""instruction_index"":10391,""gate"":""MX"",""qubit"":176,""basis"":""X""},{""record_index"":536,""instruction_index"":8370,""gate"":""MX"",""qubit"":176,""basis"":""X""}]"
609,X,[897.0],25202,1872,"[-1191,-1335]","[681,537]","[{""record_index"":681,""instruction_index"":10391,""gate"":""MX"",""qubit"":177,""basis"":""X""},{""record_index"":537,""instruction_index"":8370,""gate"":""MX"",""qubit"":177,""basis"":""X""}]"
610,X,[898.0],25203,1872,"[-1190,-1334]","[682,538]","[{""record_index"":682,""instruction_index"":10391,""gate"":""MX"",""qubit"":178,""basis"":""X""},{""record_index"":538,""instruction_index"":8370,""gate"":""MX"",""qubit"":178,""basis"":""X""}]"
611,X,[899.0],25204,1872,"[-1189,-1333]","[683,539]","[{""record_index"":683,""instruction_index"":10391,""gate"":""MX"",""qubit"":179,""basis"":""X""},{""record_index"":539,""instruction_index"":8370,""gate"":""MX"",""qubit"":179,""basis"":""X""}]"
612,X,[900.0],25205,1872,"[-1188,-1332]","[684,540]","[{""record_index"":684,""instruction_index"":10391,""gate"":""MX"",""qubit"":180,""basis"":""X""},{""record_index"":540,""instruction_index"":8370,""gate"":""MX"",""qubit"":180,""basis"":""X""}]"
613,X,[901.0],25206,1872,"[-1187,-1331]","[685,541]","[{""record_index"":685,""instruction_index"":10391,""gate"":""MX"",""qubit"":181,""basis"":""X""},{""record_index"":541,""instruction_index"":8370,""gate"":""MX"",""qubit"":181,""basis"":""X""}]"
614,X,[902.0],25207,1872,"[-1186,-1330]","[686,542]","[{""record_index"":686,""instruction_index"":10391,""gate"":""MX"",""qubit"":182,""basis"":""X""},{""record_index"":542,""instruction_index"":8370,""gate"":""MX"",""qubit"":182,""basis"":""X""}]"
615,X,[903.0],25208,1872,"[-1185,-1329]","[687,543]","[{""record_index"":687,""instruction_index"":10391,""gate"":""MX"",""qubit"":183,""basis"":""X""},{""record_index"":543,""instruction_index"":8370,""gate"":""MX"",""qubit"":183,""basis"":""X""}]"
616,X,[904.0],25209,1872,"[-1184,-1328]","[688,544]","[{""record_index"":688,""instruction_index"":10391,""gate"":""MX"",""qubit"":184,""basis"":""X""},{""record_index"":544,""instruction_index"":8370,""gate"":""MX"",""qubit"":184,""basis"":""X""}]"
617,X,[905.0],25210,1872,"[-1183,-1327]","[689,545]","[{""record_index"":689,""instruction_index"":10391,""gate"":""MX"",""qubit"":185,""basis"":""X""},{""record_index"":545,""instruction_index"":8370,""gate"":""MX"",""qubit"":185,""basis"":""X""}]"
618,X,[906.0],25211,1872,"[-1182,-1326]","[690,546]","[{""record_index"":690,""instruction_index"":10391,""gate"":""MX"",""qubit"":186,""basis"":""X""},{""record_index"":546,""instruction_index"":8370,""gate"":""MX"",""qubit"":186,""basis"":""X""}]"
619,X,[907.0],25212,1872,"[-1181,-1325]","[691,547]","[{""record_index"":691,""instruction_index"":10391,""gate"":""MX"",""qubit"":187,""basis"":""X""},{""record_index"":547,""instruction_index"":8370,""gate"":""MX"",""qubit"":187,""basis"":""X""}]"
620,X,[908.0],25213,1872,"[-1180,-1324]","[692,548]","[{""record_index"":692,""instruction_index"":10391,""gate"":""MX"",""qubit"":188,""basis"":""X""},{""record_index"":548,""instruction_index"":8370,""gate"":""MX"",""qubit"":188,""basis"":""X""}]"
621,X,[909.0],25214,1872,"[-1179,-1323]","[693,549]","[{""record_index"":693,""instruction_index"":10391,""gate"":""MX"",""qubit"":189,""basis"":""X""},{""record_index"":549,""instruction_index"":8370,""gate"":""MX"",""qubit"":189,""basis"":""X""}]"
622,X,[910.0],25215,1872,"[-1178,-1322]","[694,550]","[{""record_index"":694,""instruction_index"":10391,""gate"":""MX"",""qubit"":190,""basis"":""X""},{""record_index"":550,""instruction_index"":8370,""gate"":""MX"",""qubit"":190,""basis"":""X""}]"
623,X,[911.0],25216,1872,"[-1177,-1321]","[695,551]","[{""record_index"":695,""instruction_index"":10391,""gate"":""MX"",""qubit"":191,""basis"":""X""},{""record_index"":551,""instruction_index"":8370,""gate"":""MX"",""qubit"":191,""basis"":""X""}]"
624,X,[912.0],25217,1872,"[-1176,-1320]","[696,552]","[{""record_index"":696,""instruction_index"":10391,""gate"":""MX"",""qubit"":192,""basis"":""X""},{""record_index"":552,""instruction_index"":8370,""gate"":""MX"",""qubit"":192,""basis"":""X""}]"
625,X,[913.0],25218,1872,"[-1175,-1319]","[697,553]","[{""record_index"":697,""instruction_index"":10391,""gate"":""MX"",""qubit"":193,""basis"":""X""},{""record_index"":553,""instruction_index"":8370,""gate"":""MX"",""qubit"":193,""basis"":""X""}]"
626,X,[914.0],25219,1872,"[-1174,-1318]","[698,554]","[{""record_index"":698,""instruction_index"":10391,""gate"":""MX"",""qubit"":194,""basis"":""X""},{""record_index"":554,""instruction_index"":8370,""gate"":""MX"",""qubit"":194,""basis"":""X""}]"
627,X,[915.0],25220,1872,"[-1173,-1317]","[699,555]","[{""record_index"":699,""instruction_index"":10391,""gate"":""MX"",""qubit"":195,""basis"":""X""},{""record_index"":555,""instruction_index"":8370,""gate"":""MX"",""qubit"":195,""basis"":""X""}]"
628,X,[916.0],25221,1872,"[-1172,-1316]","[700,556]","[{""record_index"":700,""instruction_index"":10391,""gate"":""MX"",""qubit"":196,""basis"":""X""},{""record_index"":556,""instruction_index"":8370,""gate"":""MX"",""qubit"":196,""basis"":""X""}]"
629,X,[917.0],25222,1872,"[-1171,-1315]","[701,557]","[{""record_index"":701,""instruction_index"":10391,""gate"":""MX"",""qubit"":197,""basis"":""X""},{""record_index"":557,""instruction_index"":8370,""gate"":""MX"",""qubit"":197,""basis"":""X""}]"
630,X,[918.0],25223,1872,"[-1170,-1314]","[702,558]","[{""record_index"":702,""instruction_index"":10391,""gate"":""MX"",""qubit"":198,""basis"":""X""},{""record_index"":558,""instruction_index"":8370,""gate"":""MX"",""qubit"":198,""basis"":""X""}]"
631,X,[919.0],25224,1872,"[-1169,-1313]","[703,559]","[{""record_index"":703,""instruction_index"":10391,""gate"":""MX"",""qubit"":199,""basis"":""X""},{""record_index"":559,""instruction_index"":8370,""gate"":""MX"",""qubit"":199,""basis"":""X""}]"
632,X,[920.0],25225,1872,"[-1168,-1312]","[704,560]","[{""record_index"":704,""instruction_index"":10391,""gate"":""MX"",""qubit"":200,""basis"":""X""},{""record_index"":560,""instruction_index"":8370,""gate"":""MX"",""qubit"":200,""basis"":""X""}]"
633,X,[921.0],25226,1872,"[-1167,-1311]","[705,561]","[{""record_index"":705,""instruction_index"":10391,""gate"":""MX"",""qubit"":201,""basis"":""X""},{""record_index"":561,""instruction_index"":8370,""gate"":""MX"",""qubit"":201,""basis"":""X""}]"
634,X,[922.0],25227,1872,"[-1166,-1310]","[706,562]","[{""record_index"":706,""instruction_index"":10391,""gate"":""MX"",""qubit"":202,""basis"":""X""},{""record_index"":562,""instruction_index"":8370,""gate"":""MX"",""qubit"":202,""basis"":""X""}]"
635,X,[923.0],25228,1872,"[-1165,-1309]","[707,563]","[{""record_index"":707,""instruction_index"":10391,""gate"":""MX"",""qubit"":203,""basis"":""X""},{""record_index"":563,""instruction_index"":8370,""gate"":""MX"",""qubit"":203,""basis"":""X""}]"
636,X,[924.0],25229,1872,"[-1164,-1308]","[708,564]","[{""record_index"":708,""instruction_index"":10391,""gate"":""MX"",""qubit"":204,""basis"":""X""},{""record_index"":564,""instruction_index"":8370,""gate"":""MX"",""qubit"":204,""basis"":""X""}]"
637,X,[925.0],25230,1872,"[-1163,-1307]","[709,565]","[{""record_index"":709,""instruction_index"":10391,""gate"":""MX"",""qubit"":205,""basis"":""X""},{""record_index"":565,""instruction_index"":8370,""gate"":""MX"",""qubit"":205,""basis"":""X""}]"
638,X,[926.0],25231,1872,"[-1162,-1306]","[710,566]","[{""record_index"":710,""instruction_index"":10391,""gate"":""MX"",""qubit"":206,""basis"":""X""},{""record_index"":566,""instruction_index"":8370,""gate"":""MX"",""qubit"":206,""basis"":""X""}]"
639,X,[927.0],25232,1872,"[-1161,-1305]","[711,567]","[{""record_index"":711,""instruction_index"":10391,""gate"":""MX"",""qubit"":207,""basis"":""X""},{""record_index"":567,""instruction_index"":8370,""gate"":""MX"",""qubit"":207,""basis"":""X""}]"
640,X,[928.0],25233,1872,"[-1160,-1304]","[712,568]","[{""record_index"":712,""instruction_index"":10391,""gate"":""MX"",""qubit"":208,""basis"":""X""},{""record_index"":568,""instruction_index"":8370,""gate"":""MX"",""qubit"":208,""basis"":""X""}]"
641,X,[929.0],25234,1872,"[-1159,-1303]","[713,569]","[{""record_index"":713,""instruction_index"":10391,""gate"":""MX"",""qubit"":209,""basis"":""X""},{""record_index"":569,""instruction_index"":8370,""gate"":""MX"",""qubit"":209,""basis"":""X""}]"
642,X,[930.0],25235,1872,"[-1158,-1302]","[714,570]","[{""record_index"":714,""instruction_index"":10391,""gate"":""MX"",""qubit"":210,""basis"":""X""},{""record_index"":570,""instruction_index"":8370,""gate"":""MX"",""qubit"":210,""basis"":""X""}]"
643,X,[931.0],25236,1872,"[-1157,-1301]","[715,571]","[{""record_index"":715,""instruction_index"":10391,""gate"":""MX"",""qubit"":211,""basis"":""X""},{""record_index"":571,""instruction_index"":8370,""gate"":""MX"",""qubit"":211,""basis"":""X""}]"
644,X,[932.0],25237,1872,"[-1156,-1300]","[716,572]","[{""record_index"":716,""instruction_index"":10391,""gate"":""MX"",""qubit"":212,""basis"":""X""},{""record_index"":572,""instruction_index"":8370,""gate"":""MX"",""qubit"":212,""basis"":""X""}]"
645,X,[933.0],25238,1872,"[-1155,-1299]","[717,573]","[{""record_index"":717,""instruction_index"":10391,""gate"":""MX"",""qubit"":213,""basis"":""X""},{""record_index"":573,""instruction_index"":8370,""gate"":""MX"",""qubit"":213,""basis"":""X""}]"
646,X,[934.0],25239,1872,"[-1154,-1298]","[718,574]","[{""record_index"":718,""instruction_index"":10391,""gate"":""MX"",""qubit"":214,""basis"":""X""},{""record_index"":574,""instruction_index"":8370,""gate"":""MX"",""qubit"":214,""basis"":""X""}]"
647,X,[935.0],25240,1872,"[-1153,-1297]","[719,575]","[{""record_index"":719,""instruction_index"":10391,""gate"":""MX"",""qubit"":215,""basis"":""X""},{""record_index"":575,""instruction_index"":8370,""gate"":""MX"",""qubit"":215,""basis"":""X""}]"
648,Z,[1152.0],25251,1872,"[-1152,-1296]","[720,576]","[{""record_index"":720,""instruction_index"":12410,""gate"":""M"",""qubit"":216,""basis"":""Z""},{""record_index"":576,""instruction_index"":10389,""gate"":""M"",""qubit"":216,""basis"":""Z""}]"
649,Z,[1153.0],25252,1872,"[-1151,-1295]","[721,577]","[{""record_index"":721,""instruction_index"":12410,""gate"":""M"",""qubit"":217,""basis"":""Z""},{""record_index"":577,""instruction_index"":10389,""gate"":""M"",""qubit"":217,""basis"":""Z""}]"
650,Z,[1154.0],25253,1872,"[-1150,-1294]","[722,578]","[{""record_index"":722,""instruction_index"":12410,""gate"":""M"",""qubit"":218,""basis"":""Z""},{""record_index"":578,""instruction_index"":10389,""gate"":""M"",""qubit"":218,""basis"":""Z""}]"
651,Z,[1155.0],25254,1872,"[-1149,-1293]","[723,579]","[{""record_index"":723,""instruction_index"":12410,""gate"":""M"",""qubit"":219,""basis"":""Z""},{""record_index"":579,""instruction_index"":10389,""gate"":""M"",""qubit"":219,""basis"":""Z""}]"
652,Z,[1156.0],25255,1872,"[-1148,-1292]","[724,580]","[{""record_index"":724,""instruction_index"":12410,""gate"":""M"",""qubit"":220,""basis"":""Z""},{""record_index"":580,""instruction_index"":10389,""gate"":""M"",""qubit"":220,""basis"":""Z""}]"
653,Z,[1157.0],25256,1872,"[-1147,-1291]","[725,581]","[{""record_index"":725,""instruction_index"":12410,""gate"":""M"",""qubit"":221,""basis"":""Z""},{""record_index"":581,""instruction_index"":10389,""gate"":""M"",""qubit"":221,""basis"":""Z""}]"
654,Z,[1158.0],25257,1872,"[-1146,-1290]","[726,582]","[{""record_index"":726,""instruction_index"":12410,""gate"":""M"",""qubit"":222,""basis"":""Z""},{""record_index"":582,""instruction_index"":10389,""gate"":""M"",""qubit"":222,""basis"":""Z""}]"
655,Z,[1159.0],25258,1872,"[-1145,-1289]","[727,583]","[{""record_index"":727,""instruction_index"":12410,""gate"":""M"",""qubit"":223,""basis"":""Z""},{""record_index"":583,""instruction_index"":10389,""gate"":""M"",""qubit"":223,""basis"":""Z""}]"
656,Z,[1160.0],25259,1872,"[-1144,-1288]","[728,584]","[{""record_index"":728,""instruction_index"":12410,""gate"":""M"",""qubit"":224,""basis"":""Z""},{""record_index"":584,""instruction_index"":10389,""gate"":""M"",""qubit"":224,""basis"":""Z""}]"
657,Z,[1161.0],25260,1872,"[-1143,-1287]","[729,585]","[{""record_index"":729,""instruction_index"":12410,""gate"":""M"",""qubit"":225,""basis"":""Z""},{""record_index"":585,""instruction_index"":10389,""gate"":""M"",""qubit"":225,""basis"":""Z""}]"
658,Z,[1162.0],25261,1872,"[-1142,-1286]","[730,586]","[{""record_index"":730,""instruction_index"":12410,""gate"":""M"",""qubit"":226,""basis"":""Z""},{""record_index"":586,""instruction_index"":10389,""gate"":""M"",""qubit"":226,""basis"":""Z""}]"
659,Z,[1163.0],25262,1872,"[-1141,-1285]","[731,587]","[{""record_index"":731,""instruction_index"":12410,""gate"":""M"",""qubit"":227,""basis"":""Z""},{""record_index"":587,""instruction_index"":10389,""gate"":""M"",""qubit"":227,""basis"":""Z""}]"
660,Z,[1164.0],25263,1872,"[-1140,-1284]","[732,588]","[{""record_index"":732,""instruction_index"":12410,""gate"":""M"",""qubit"":228,""basis"":""Z""},{""record_index"":588,""instruction_index"":10389,""gate"":""M"",""qubit"":228,""basis"":""Z""}]"
661,Z,[1165.0],25264,1872,"[-1139,-1283]","[733,589]","[{""record_index"":733,""instruction_index"":12410,""gate"":""M"",""qubit"":229,""basis"":""Z""},{""record_index"":589,""instruction_index"":10389,""gate"":""M"",""qubit"":229,""basis"":""Z""}]"
662,Z,[1166.0],25265,1872,"[-1138,-1282]","[734,590]","[{""record_index"":734,""instruction_index"":12410,""gate"":""M"",""qubit"":230,""basis"":""Z""},{""record_index"":590,""instruction_index"":10389,""gate"":""M"",""qubit"":230,""basis"":""Z""}]"
663,Z,[1167.0],25266,1872,"[-1137,-1281]","[735,591]","[{""record_index"":735,""instruction_index"":12410,""gate"":""M"",""qubit"":231,""basis"":""Z""},{""record_index"":591,""instruction_index"":10389,""gate"":""M"",""qubit"":231,""basis"":""Z""}]"
664,Z,[1168.0],25267,1872,"[-1136,-1280]","[736,592]","[{""record_index"":736,""instruction_index"":12410,""gate"":""M"",""qubit"":232,""basis"":""Z""},{""record_index"":592,""instruction_index"":10389,""gate"":""M"",""qubit"":232,""basis"":""Z""}]"
665,Z,[1169.0],25268,1872,"[-1135,-1279]","[737,593]","[{""record_index"":737,""instruction_index"":12410,""gate"":""M"",""qubit"":233,""basis"":""Z""},{""record_index"":593,""instruction_index"":10389,""gate"":""M"",""qubit"":233,""basis"":""Z""}]"
666,Z,[1170.0],25269,1872,"[-1134,-1278]","[738,594]","[{""record_index"":738,""instruction_index"":12410,""gate"":""M"",""qubit"":234,""basis"":""Z""},{""record_index"":594,""instruction_index"":10389,""gate"":""M"",""qubit"":234,""basis"":""Z""}]"
667,Z,[1171.0],25270,1872,"[-1133,-1277]","[739,595]","[{""record_index"":739,""instruction_index"":12410,""gate"":""M"",""qubit"":235,""basis"":""Z""},{""record_index"":595,""instruction_index"":10389,""gate"":""M"",""qubit"":235,""basis"":""Z""}]"
668,Z,[1172.0],25271,1872,"[-1132,-1276]","[740,596]","[{""record_index"":740,""instruction_index"":12410,""gate"":""M"",""qubit"":236,""basis"":""Z""},{""record_index"":596,""instruction_index"":10389,""gate"":""M"",""qubit"":236,""basis"":""Z""}]"
669,Z,[1173.0],25272,1872,"[-1131,-1275]","[741,597]","[{""record_index"":741,""instruction_index"":12410,""gate"":""M"",""qubit"":237,""basis"":""Z""},{""record_index"":597,""instruction_index"":10389,""gate"":""M"",""qubit"":237,""basis"":""Z""}]"
670,Z,[1174.0],25273,1872,"[-1130,-1274]","[742,598]","[{""record_index"":742,""instruction_index"":12410,""gate"":""M"",""qubit"":238,""basis"":""Z""},{""record_index"":598,""instruction_index"":10389,""gate"":""M"",""qubit"":238,""basis"":""Z""}]"
671,Z,[1175.0],25274,1872,"[-1129,-1273]","[743,599]","[{""record_index"":743,""instruction_index"":12410,""gate"":""M"",""qubit"":239,""basis"":""Z""},{""record_index"":599,""instruction_index"":10389,""gate"":""M"",""qubit"":239,""basis"":""Z""}]"
672,Z,[1176.0],25275,1872,"[-1128,-1272]","[744,600]","[{""record_index"":744,""instruction_index"":12410,""gate"":""M"",""qubit"":240,""basis"":""Z""},{""record_index"":600,""instruction_index"":10389,""gate"":""M"",""qubit"":240,""basis"":""Z""}]"
673,Z,[1177.0],25276,1872,"[-1127,-1271]","[745,601]","[{""record_index"":745,""instruction_index"":12410,""gate"":""M"",""qubit"":241,""basis"":""Z""},{""record_index"":601,""instruction_index"":10389,""gate"":""M"",""qubit"":241,""basis"":""Z""}]"
674,Z,[1178.0],25277,1872,"[-1126,-1270]","[746,602]","[{""record_index"":746,""instruction_index"":12410,""gate"":""M"",""qubit"":242,""basis"":""Z""},{""record_index"":602,""instruction_index"":10389,""gate"":""M"",""qubit"":242,""basis"":""Z""}]"
675,Z,[1179.0],25278,1872,"[-1125,-1269]","[747,603]","[{""record_index"":747,""instruction_index"":12410,""gate"":""M"",""qubit"":243,""basis"":""Z""},{""record_index"":603,""instruction_index"":10389,""gate"":""M"",""qubit"":243,""basis"":""Z""}]"
676,Z,[1180.0],25279,1872,"[-1124,-1268]","[748,604]","[{""record_index"":748,""instruction_index"":12410,""gate"":""M"",""qubit"":244,""basis"":""Z""},{""record_index"":604,""instruction_index"":10389,""gate"":""M"",""qubit"":244,""basis"":""Z""}]"
677,Z,[1181.0],25280,1872,"[-1123,-1267]","[749,605]","[{""record_index"":749,""instruction_index"":12410,""gate"":""M"",""qubit"":245,""basis"":""Z""},{""record_index"":605,""instruction_index"":10389,""gate"":""M"",""qubit"":245,""basis"":""Z""}]"
678,Z,[1182.0],25281,1872,"[-1122,-1266]","[750,606]","[{""record_index"":750,""instruction_index"":12410,""gate"":""M"",""qubit"":246,""basis"":""Z""},{""record_index"":606,""instruction_index"":10389,""gate"":""M"",""qubit"":246,""basis"":""Z""}]"
679,Z,[1183.0],25282,1872,"[-1121,-1265]","[751,607]","[{""record_index"":751,""instruction_index"":12410,""gate"":""M"",""qubit"":247,""basis"":""Z""},{""record_index"":607,""instruction_index"":10389,""gate"":""M"",""qubit"":247,""basis"":""Z""}]"
680,Z,[1184.0],25283,1872,"[-1120,-1264]","[752,608]","[{""record_index"":752,""instruction_index"":12410,""gate"":""M"",""qubit"":248,""basis"":""Z""},{""record_index"":608,""instruction_index"":10389,""gate"":""M"",""qubit"":248,""basis"":""Z""}]"
681,Z,[1185.0],25284,1872,"[-1119,-1263]","[753,609]","[{""record_index"":753,""instruction_index"":12410,""gate"":""M"",""qubit"":249,""basis"":""Z""},{""record_index"":609,""instruction_index"":10389,""gate"":""M"",""qubit"":249,""basis"":""Z""}]"
682,Z,[1186.0],25285,1872,"[-1118,-1262]","[754,610]","[{""record_index"":754,""instruction_index"":12410,""gate"":""M"",""qubit"":250,""basis"":""Z""},{""record_index"":610,""instruction_index"":10389,""gate"":""M"",""qubit"":250,""basis"":""Z""}]"
683,Z,[1187.0],25286,1872,"[-1117,-1261]","[755,611]","[{""record_index"":755,""instruction_index"":12410,""gate"":""M"",""qubit"":251,""basis"":""Z""},{""record_index"":611,""instruction_index"":10389,""gate"":""M"",""qubit"":251,""basis"":""Z""}]"
684,Z,[1188.0],25287,1872,"[-1116,-1260]","[756,612]","[{""record_index"":756,""instruction_index"":12410,""gate"":""M"",""qubit"":252,""basis"":""Z""},{""record_index"":612,""instruction_index"":10389,""gate"":""M"",""qubit"":252,""basis"":""Z""}]"
685,Z,[1189.0],25288,1872,"[-1115,-1259]","[757,613]","[{""record_index"":757,""instruction_index"":12410,""gate"":""M"",""qubit"":253,""basis"":""Z""},{""record_index"":613,""instruction_index"":10389,""gate"":""M"",""qubit"":253,""basis"":""Z""}]"
686,Z,[1190.0],25289,1872,"[-1114,-1258]","[758,614]","[{""record_index"":758,""instruction_index"":12410,""gate"":""M"",""qubit"":254,""basis"":""Z""},{""record_index"":614,""instruction_index"":10389,""gate"":""M"",""qubit"":254,""basis"":""Z""}]"
687,Z,[1191.0],25290,1872,"[-1113,-1257]","[759,615]","[{""record_index"":759,""instruction_index"":12410,""gate"":""M"",""qubit"":255,""basis"":""Z""},{""record_index"":615,""instruction_index"":10389,""gate"":""M"",""qubit"":255,""basis"":""Z""}]"
688,Z,[1192.0],25291,1872,"[-1112,-1256]","[760,616]","[{""record_index"":760,""instruction_index"":12410,""gate"":""M"",""qubit"":256,""basis"":""Z""},{""record_index"":616,""instruction_index"":10389,""gate"":""M"",""qubit"":256,""basis"":""Z""}]"
689,Z,[1193.0],25292,1872,"[-1111,-1255]","[761,617]","[{""record_index"":761,""instruction_index"":12410,""gate"":""M"",""qubit"":257,""basis"":""Z""},{""record_index"":617,""instruction_index"":10389,""gate"":""M"",""qubit"":257,""basis"":""Z""}]"
690,Z,[1194.0],25293,1872,"[-1110,-1254]","[762,618]","[{""record_index"":762,""instruction_index"":12410,""gate"":""M"",""qubit"":258,""basis"":""Z""},{""record_index"":618,""instruction_index"":10389,""gate"":""M"",""qubit"":258,""basis"":""Z""}]"
691,Z,[1195.0],25294,1872,"[-1109,-1253]","[763,619]","[{""record_index"":763,""instruction_index"":12410,""gate"":""M"",""qubit"":259,""basis"":""Z""},{""record_index"":619,""instruction_index"":10389,""gate"":""M"",""qubit"":259,""basis"":""Z""}]"
692,Z,[1196.0],25295,1872,"[-1108,-1252]","[764,620]","[{""record_index"":764,""instruction_index"":12410,""gate"":""M"",""qubit"":260,""basis"":""Z""},{""record_index"":620,""instruction_index"":10389,""gate"":""M"",""qubit"":260,""basis"":""Z""}]"
693,Z,[1197.0],25296,1872,"[-1107,-1251]","[765,621]","[{""record_index"":765,""instruction_index"":12410,""gate"":""M"",""qubit"":261,""basis"":""Z""},{""record_index"":621,""instruction_index"":10389,""gate"":""M"",""qubit"":261,""basis"":""Z""}]"
694,Z,[1198.0],25297,1872,"[-1106,-1250]","[766,622]","[{""record_index"":766,""instruction_index"":12410,""gate"":""M"",""qubit"":262,""basis"":""Z""},{""record_index"":622,""instruction_index"":10389,""gate"":""M"",""qubit"":262,""basis"":""Z""}]"
695,Z,[1199.0],25298,1872,"[-1105,-1249]","[767,623]","[{""record_index"":767,""instruction_index"":12410,""gate"":""M"",""qubit"":263,""basis"":""Z""},{""record_index"":623,""instruction_index"":10389,""gate"":""M"",""qubit"":263,""basis"":""Z""}]"
696,Z,[1200.0],25299,1872,"[-1104,-1248]","[768,624]","[{""record_index"":768,""instruction_index"":12410,""gate"":""M"",""qubit"":264,""basis"":""Z""},{""record_index"":624,""instruction_index"":10389,""gate"":""M"",""qubit"":264,""basis"":""Z""}]"
697,Z,[1201.0],25300,1872,"[-1103,-1247]","[769,625]","[{""record_index"":769,""instruction_index"":12410,""gate"":""M"",""qubit"":265,""basis"":""Z""},{""record_index"":625,""instruction_index"":10389,""gate"":""M"",""qubit"":265,""basis"":""Z""}]"
698,Z,[1202.0],25301,1872,"[-1102,-1246]","[770,626]","[{""record_index"":770,""instruction_index"":12410,""gate"":""M"",""qubit"":266,""basis"":""Z""},{""record_index"":626,""instruction_index"":10389,""gate"":""M"",""qubit"":266,""basis"":""Z""}]"
699,Z,[1203.0],25302,1872,"[-1101,-1245]","[771,627]","[{""record_index"":771,""instruction_index"":12410,""gate"":""M"",""qubit"":267,""basis"":""Z""},{""record_index"":627,""instruction_index"":10389,""gate"":""M"",""qubit"":267,""basis"":""Z""}]"
700,Z,[1204.0],25303,1872,"[-1100,-1244]","[772,628]","[{""record_index"":772,""instruction_index"":12410,""gate"":""M"",""qubit"":268,""basis"":""Z""},{""record_index"":628,""instruction_index"":10389,""gate"":""M"",""qubit"":268,""basis"":""Z""}]"
701,Z,[1205.0],25304,1872,"[-1099,-1243]","[773,629]","[{""record_index"":773,""instruction_index"":12410,""gate"":""M"",""qubit"":269,""basis"":""Z""},{""record_index"":629,""instruction_index"":10389,""gate"":""M"",""qubit"":269,""basis"":""Z""}]"
702,Z,[1206.0],25305,1872,"[-1098,-1242]","[774,630]","[{""record_index"":774,""instruction_index"":12410,""gate"":""M"",""qubit"":270,""basis"":""Z""},{""record_index"":630,""instruction_index"":10389,""gate"":""M"",""qubit"":270,""basis"":""Z""}]"
703,Z,[1207.0],25306,1872,"[-1097,-1241]","[775,631]","[{""record_index"":775,""instruction_index"":12410,""gate"":""M"",""qubit"":271,""basis"":""Z""},{""record_index"":631,""instruction_index"":10389,""gate"":""M"",""qubit"":271,""basis"":""Z""}]"
704,Z,[1208.0],25307,1872,"[-1096,-1240]","[776,632]","[{""record_index"":776,""instruction_index"":12410,""gate"":""M"",""qubit"":272,""basis"":""Z""},{""record_index"":632,""instruction_index"":10389,""gate"":""M"",""qubit"":272,""basis"":""Z""}]"
705,Z,[1209.0],25308,1872,"[-1095,-1239]","[777,633]","[{""record_index"":777,""instruction_index"":12410,""gate"":""M"",""qubit"":273,""basis"":""Z""},{""record_index"":633,""instruction_index"":10389,""gate"":""M"",""qubit"":273,""basis"":""Z""}]"
706,Z,[1210.0],25309,1872,"[-1094,-1238]","[778,634]","[{""record_index"":778,""instruction_index"":12410,""gate"":""M"",""qubit"":274,""basis"":""Z""},{""record_index"":634,""instruction_index"":10389,""gate"":""M"",""qubit"":274,""basis"":""Z""}]"
707,Z,[1211.0],25310,1872,"[-1093,-1237]","[779,635]","[{""record_index"":779,""instruction_index"":12410,""gate"":""M"",""qubit"":275,""basis"":""Z""},{""record_index"":635,""instruction_index"":10389,""gate"":""M"",""qubit"":275,""basis"":""Z""}]"
708,Z,[1212.0],25311,1872,"[-1092,-1236]","[780,636]","[{""record_index"":780,""instruction_index"":12410,""gate"":""M"",""qubit"":276,""basis"":""Z""},{""record_index"":636,""instruction_index"":10389,""gate"":""M"",""qubit"":276,""basis"":""Z""}]"
709,Z,[1213.0],25312,1872,"[-1091,-1235]","[781,637]","[{""record_index"":781,""instruction_index"":12410,""gate"":""M"",""qubit"":277,""basis"":""Z""},{""record_index"":637,""instruction_index"":10389,""gate"":""M"",""qubit"":277,""basis"":""Z""}]"
710,Z,[1214.0],25313,1872,"[-1090,-1234]","[782,638]","[{""record_index"":782,""instruction_index"":12410,""gate"":""M"",""qubit"":278,""basis"":""Z""},{""record_index"":638,""instruction_index"":10389,""gate"":""M"",""qubit"":278,""basis"":""Z""}]"
711,Z,[1215.0],25314,1872,"[-1089,-1233]","[783,639]","[{""record_index"":783,""instruction_index"":12410,""gate"":""M"",""qubit"":279,""basis"":""Z""},{""record_index"":639,""instruction_index"":10389,""gate"":""M"",""qubit"":279,""basis"":""Z""}]"
712,Z,[1216.0],25315,1872,"[-1088,-1232]","[784,640]","[{""record_index"":784,""instruction_index"":12410,""gate"":""M"",""qubit"":280,""basis"":""Z""},{""record_index"":640,""instruction_index"":10389,""gate"":""M"",""qubit"":280,""basis"":""Z""}]"
713,Z,[1217.0],25316,1872,"[-1087,-1231]","[785,641]","[{""record_index"":785,""instruction_index"":12410,""gate"":""M"",""qubit"":281,""basis"":""Z""},{""record_index"":641,""instruction_index"":10389,""gate"":""M"",""qubit"":281,""basis"":""Z""}]"
714,Z,[1218.0],25317,1872,"[-1086,-1230]","[786,642]","[{""record_index"":786,""instruction_index"":12410,""gate"":""M"",""qubit"":282,""basis"":""Z""},{""record_index"":642,""instruction_index"":10389,""gate"":""M"",""qubit"":282,""basis"":""Z""}]"
715,Z,[1219.0],25318,1872,"[-1085,-1229]","[787,643]","[{""record_index"":787,""instruction_index"":12410,""gate"":""M"",""qubit"":283,""basis"":""Z""},{""record_index"":643,""instruction_index"":10389,""gate"":""M"",""qubit"":283,""basis"":""Z""}]"
716,Z,[1220.0],25319,1872,"[-1084,-1228]","[788,644]","[{""record_index"":788,""instruction_index"":12410,""gate"":""M"",""qubit"":284,""basis"":""Z""},{""record_index"":644,""instruction_index"":10389,""gate"":""M"",""qubit"":284,""basis"":""Z""}]"
717,Z,[1221.0],25320,1872,"[-1083,-1227]","[789,645]","[{""record_index"":789,""instruction_index"":12410,""gate"":""M"",""qubit"":285,""basis"":""Z""},{""record_index"":645,""instruction_index"":10389,""gate"":""M"",""qubit"":285,""basis"":""Z""}]"
718,Z,[1222.0],25321,1872,"[-1082,-1226]","[790,646]","[{""record_index"":790,""instruction_index"":12410,""gate"":""M"",""qubit"":286,""basis"":""Z""},{""record_index"":646,""instruction_index"":10389,""gate"":""M"",""qubit"":286,""basis"":""Z""}]"
719,Z,[1223.0],25322,1872,"[-1081,-1225]","[791,647]","[{""record_index"":791,""instruction_index"":12410,""gate"":""M"",""qubit"":287,""basis"":""Z""},{""record_index"":647,""instruction_index"":10389,""gate"":""M"",""qubit"":287,""basis"":""Z""}]"
720,X,[1080.0],25324,1872,"[-1080,-1224]","[792,648]","[{""record_index"":792,""instruction_index"":12412,""gate"":""MX"",""qubit"":144,""basis"":""X""},{""record_index"":648,""instruction_index"":10391,""gate"":""MX"",""qubit"":144,""basis"":""X""}]"
721,X,[1081.0],25325,1872,"[-1079,-1223]","[793,649]","[{""record_index"":793,""instruction_index"":12412,""gate"":""MX"",""qubit"":145,""basis"":""X""},{""record_index"":649,""instruction_index"":10391,""gate"":""MX"",""qubit"":145,""basis"":""X""}]"
722,X,[1082.0],25326,1872,"[-1078,-1222]","[794,650]","[{""record_index"":794,""instruction_index"":12412,""gate"":""MX"",""qubit"":146,""basis"":""X""},{""record_index"":650,""instruction_index"":10391,""gate"":""MX"",""qubit"":146,""basis"":""X""}]"
723,X,[1083.0],25327,1872,"[-1077,-1221]","[795,651]","[{""record_index"":795,""instruction_index"":12412,""gate"":""MX"",""qubit"":147,""basis"":""X""},{""record_index"":651,""instruction_index"":10391,""gate"":""MX"",""qubit"":147,""basis"":""X""}]"
724,X,[1084.0],25328,1872,"[-1076,-1220]","[796,652]","[{""record_index"":796,""instruction_index"":12412,""gate"":""MX"",""qubit"":148,""basis"":""X""},{""record_index"":652,""instruction_index"":10391,""gate"":""MX"",""qubit"":148,""basis"":""X""}]"
725,X,[1085.0],25329,1872,"[-1075,-1219]","[797,653]","[{""record_index"":797,""instruction_index"":12412,""gate"":""MX"",""qubit"":149,""basis"":""X""},{""record_index"":653,""instruction_index"":10391,""gate"":""MX"",""qubit"":149,""basis"":""X""}]"
726,X,[1086.0],25330,1872,"[-1074,-1218]","[798,654]","[{""record_index"":798,""instruction_index"":12412,""gate"":""MX"",""qubit"":150,""basis"":""X""},{""record_index"":654,""instruction_index"":10391,""gate"":""MX"",""qubit"":150,""basis"":""X""}]"
727,X,[1087.0],25331,1872,"[-1073,-1217]","[799,655]","[{""record_index"":799,""instruction_index"":12412,""gate"":""MX"",""qubit"":151,""basis"":""X""},{""record_index"":655,""instruction_index"":10391,""gate"":""MX"",""qubit"":151,""basis"":""X""}]"
728,X,[1088.0],25332,1872,"[-1072,-1216]","[800,656]","[{""record_index"":800,""instruction_index"":12412,""gate"":""MX"",""qubit"":152,""basis"":""X""},{""record_index"":656,""instruction_index"":10391,""gate"":""MX"",""qubit"":152,""basis"":""X""}]"
729,X,[1089.0],25333,1872,"[-1071,-1215]","[801,657]","[{""record_index"":801,""instruction_index"":12412,""gate"":""MX"",""qubit"":153,""basis"":""X""},{""record_index"":657,""instruction_index"":10391,""gate"":""MX"",""qubit"":153,""basis"":""X""}]"
730,X,[1090.0],25334,1872,"[-1070,-1214]","[802,658]","[{""record_index"":802,""instruction_index"":12412,""gate"":""MX"",""qubit"":154,""basis"":""X""},{""record_index"":658,""instruction_index"":10391,""gate"":""MX"",""qubit"":154,""basis"":""X""}]"
731,X,[1091.0],25335,1872,"[-1069,-1213]","[803,659]","[{""record_index"":803,""instruction_index"":12412,""gate"":""MX"",""qubit"":155,""basis"":""X""},{""record_index"":659,""instruction_index"":10391,""gate"":""MX"",""qubit"":155,""basis"":""X""}]"
732,X,[1092.0],25336,1872,"[-1068,-1212]","[804,660]","[{""record_index"":804,""instruction_index"":12412,""gate"":""MX"",""qubit"":156,""basis"":""X""},{""record_index"":660,""instruction_index"":10391,""gate"":""MX"",""qubit"":156,""basis"":""X""}]"
733,X,[1093.0],25337,1872,"[-1067,-1211]","[805,661]","[{""record_index"":805,""instruction_index"":12412,""gate"":""MX"",""qubit"":157,""basis"":""X""},{""record_index"":661,""instruction_index"":10391,""gate"":""MX"",""qubit"":157,""basis"":""X""}]"
734,X,[1094.0],25338,1872,"[-1066,-1210]","[806,662]","[{""record_index"":806,""instruction_index"":12412,""gate"":""MX"",""qubit"":158,""basis"":""X""},{""record_index"":662,""instruction_index"":10391,""gate"":""MX"",""qubit"":158,""basis"":""X""}]"
735,X,[1095.0],25339,1872,"[-1065,-1209]","[807,663]","[{""record_index"":807,""instruction_index"":12412,""gate"":""MX"",""qubit"":159,""basis"":""X""},{""record_index"":663,""instruction_index"":10391,""gate"":""MX"",""qubit"":159,""basis"":""X""}]"
736,X,[1096.0],25340,1872,"[-1064,-1208]","[808,664]","[{""record_index"":808,""instruction_index"":12412,""gate"":""MX"",""qubit"":160,""basis"":""X""},{""record_index"":664,""instruction_index"":10391,""gate"":""MX"",""qubit"":160,""basis"":""X""}]"
737,X,[1097.0],25341,1872,"[-1063,-1207]","[809,665]","[{""record_index"":809,""instruction_index"":12412,""gate"":""MX"",""qubit"":161,""basis"":""X""},{""record_index"":665,""instruction_index"":10391,""gate"":""MX"",""qubit"":161,""basis"":""X""}]"
738,X,[1098.0],25342,1872,"[-1062,-1206]","[810,666]","[{""record_index"":810,""instruction_index"":12412,""gate"":""MX"",""qubit"":162,""basis"":""X""},{""record_index"":666,""instruction_index"":10391,""gate"":""MX"",""qubit"":162,""basis"":""X""}]"
739,X,[1099.0],25343,1872,"[-1061,-1205]","[811,667]","[{""record_index"":811,""instruction_index"":12412,""gate"":""MX"",""qubit"":163,""basis"":""X""},{""record_index"":667,""instruction_index"":10391,""gate"":""MX"",""qubit"":163,""basis"":""X""}]"
740,X,[1100.0],25344,1872,"[-1060,-1204]","[812,668]","[{""record_index"":812,""instruction_index"":12412,""gate"":""MX"",""qubit"":164,""basis"":""X""},{""record_index"":668,""instruction_index"":10391,""gate"":""MX"",""qubit"":164,""basis"":""X""}]"
741,X,[1101.0],25345,1872,"[-1059,-1203]","[813,669]","[{""record_index"":813,""instruction_index"":12412,""gate"":""MX"",""qubit"":165,""basis"":""X""},{""record_index"":669,""instruction_index"":10391,""gate"":""MX"",""qubit"":165,""basis"":""X""}]"
742,X,[1102.0],25346,1872,"[-1058,-1202]","[814,670]","[{""record_index"":814,""instruction_index"":12412,""gate"":""MX"",""qubit"":166,""basis"":""X""},{""record_index"":670,""instruction_index"":10391,""gate"":""MX"",""qubit"":166,""basis"":""X""}]"
743,X,[1103.0],25347,1872,"[-1057,-1201]","[815,671]","[{""record_index"":815,""instruction_index"":12412,""gate"":""MX"",""qubit"":167,""basis"":""X""},{""record_index"":671,""instruction_index"":10391,""gate"":""MX"",""qubit"":167,""basis"":""X""}]"
744,X,[1104.0],25348,1872,"[-1056,-1200]","[816,672]","[{""record_index"":816,""instruction_index"":12412,""gate"":""MX"",""qubit"":168,""basis"":""X""},{""record_index"":672,""instruction_index"":10391,""gate"":""MX"",""qubit"":168,""basis"":""X""}]"
745,X,[1105.0],25349,1872,"[-1055,-1199]","[817,673]","[{""record_index"":817,""instruction_index"":12412,""gate"":""MX"",""qubit"":169,""basis"":""X""},{""record_index"":673,""instruction_index"":10391,""gate"":""MX"",""qubit"":169,""basis"":""X""}]"
746,X,[1106.0],25350,1872,"[-1054,-1198]","[818,674]","[{""record_index"":818,""instruction_index"":12412,""gate"":""MX"",""qubit"":170,""basis"":""X""},{""record_index"":674,""instruction_index"":10391,""gate"":""MX"",""qubit"":170,""basis"":""X""}]"
747,X,[1107.0],25351,1872,"[-1053,-1197]","[819,675]","[{""record_index"":819,""instruction_index"":12412,""gate"":""MX"",""qubit"":171,""basis"":""X""},{""record_index"":675,""instruction_index"":10391,""gate"":""MX"",""qubit"":171,""basis"":""X""}]"
748,X,[1108.0],25352,1872,"[-1052,-1196]","[820,676]","[{""record_index"":820,""instruction_index"":12412,""gate"":""MX"",""qubit"":172,""basis"":""X""},{""record_index"":676,""instruction_index"":10391,""gate"":""MX"",""qubit"":172,""basis"":""X""}]"
749,X,[1109.0],25353,1872,"[-1051,-1195]","[821,677]","[{""record_index"":821,""instruction_index"":12412,""gate"":""MX"",""qubit"":173,""basis"":""X""},{""record_index"":677,""instruction_index"":10391,""gate"":""MX"",""qubit"":173,""basis"":""X""}]"
750,X,[1110.0],25354,1872,"[-1050,-1194]","[822,678]","[{""record_index"":822,""instruction_index"":12412,""gate"":""MX"",""qubit"":174,""basis"":""X""},{""record_index"":678,""instruction_index"":10391,""gate"":""MX"",""qubit"":174,""basis"":""X""}]"
751,X,[1111.0],25355,1872,"[-1049,-1193]","[823,679]","[{""record_index"":823,""instruction_index"":12412,""gate"":""MX"",""qubit"":175,""basis"":""X""},{""record_index"":679,""instruction_index"":10391,""gate"":""MX"",""qubit"":175,""basis"":""X""}]"
752,X,[1112.0],25356,1872,"[-1048,-1192]","[824,680]","[{""record_index"":824,""instruction_index"":12412,""gate"":""MX"",""qubit"":176,""basis"":""X""},{""record_index"":680,""instruction_index"":10391,""gate"":""MX"",""qubit"":176,""basis"":""X""}]"
753,X,[1113.0],25357,1872,"[-1047,-1191]","[825,681]","[{""record_index"":825,""instruction_index"":12412,""gate"":""MX"",""qubit"":177,""basis"":""X""},{""record_index"":681,""instruction_index"":10391,""gate"":""MX"",""qubit"":177,""basis"":""X""}]"
754,X,[1114.0],25358,1872,"[-1046,-1190]","[826,682]","[{""record_index"":826,""instruction_index"":12412,""gate"":""MX"",""qubit"":178,""basis"":""X""},{""record_index"":682,""instruction_index"":10391,""gate"":""MX"",""qubit"":178,""basis"":""X""}]"
755,X,[1115.0],25359,1872,"[-1045,-1189]","[827,683]","[{""record_index"":827,""instruction_index"":12412,""gate"":""MX"",""qubit"":179,""basis"":""X""},{""record_index"":683,""instruction_index"":10391,""gate"":""MX"",""qubit"":179,""basis"":""X""}]"
756,X,[1116.0],25360,1872,"[-1044,-1188]","[828,684]","[{""record_index"":828,""instruction_index"":12412,""gate"":""MX"",""qubit"":180,""basis"":""X""},{""record_index"":684,""instruction_index"":10391,""gate"":""MX"",""qubit"":180,""basis"":""X""}]"
757,X,[1117.0],25361,1872,"[-1043,-1187]","[829,685]","[{""record_index"":829,""instruction_index"":12412,""gate"":""MX"",""qubit"":181,""basis"":""X""},{""record_index"":685,""instruction_index"":10391,""gate"":""MX"",""qubit"":181,""basis"":""X""}]"
758,X,[1118.0],25362,1872,"[-1042,-1186]","[830,686]","[{""record_index"":830,""instruction_index"":12412,""gate"":""MX"",""qubit"":182,""basis"":""X""},{""record_index"":686,""instruction_index"":10391,""gate"":""MX"",""qubit"":182,""basis"":""X""}]"
759,X,[1119.0],25363,1872,"[-1041,-1185]","[831,687]","[{""record_index"":831,""instruction_index"":12412,""gate"":""MX"",""qubit"":183,""basis"":""X""},{""record_index"":687,""instruction_index"":10391,""gate"":""MX"",""qubit"":183,""basis"":""X""}]"
760,X,[1120.0],25364,1872,"[-1040,-1184]","[832,688]","[{""record_index"":832,""instruction_index"":12412,""gate"":""MX"",""qubit"":184,""basis"":""X""},{""record_index"":688,""instruction_index"":10391,""gate"":""MX"",""qubit"":184,""basis"":""X""}]"
761,X,[1121.0],25365,1872,"[-1039,-1183]","[833,689]","[{""record_index"":833,""instruction_index"":12412,""gate"":""MX"",""qubit"":185,""basis"":""X""},{""record_index"":689,""instruction_index"":10391,""gate"":""MX"",""qubit"":185,""basis"":""X""}]"
762,X,[1122.0],25366,1872,"[-1038,-1182]","[834,690]","[{""record_index"":834,""instruction_index"":12412,""gate"":""MX"",""qubit"":186,""basis"":""X""},{""record_index"":690,""instruction_index"":10391,""gate"":""MX"",""qubit"":186,""basis"":""X""}]"
763,X,[1123.0],25367,1872,"[-1037,-1181]","[835,691]","[{""record_index"":835,""instruction_index"":12412,""gate"":""MX"",""qubit"":187,""basis"":""X""},{""record_index"":691,""instruction_index"":10391,""gate"":""MX"",""qubit"":187,""basis"":""X""}]"
764,X,[1124.0],25368,1872,"[-1036,-1180]","[836,692]","[{""record_index"":836,""instruction_index"":12412,""gate"":""MX"",""qubit"":188,""basis"":""X""},{""record_index"":692,""instruction_index"":10391,""gate"":""MX"",""qubit"":188,""basis"":""X""}]"
765,X,[1125.0],25369,1872,"[-1035,-1179]","[837,693]","[{""record_index"":837,""instruction_index"":12412,""gate"":""MX"",""qubit"":189,""basis"":""X""},{""record_index"":693,""instruction_index"":10391,""gate"":""MX"",""qubit"":189,""basis"":""X""}]"
766,X,[1126.0],25370,1872,"[-1034,-1178]","[838,694]","[{""record_index"":838,""instruction_index"":12412,""gate"":""MX"",""qubit"":190,""basis"":""X""},{""record_index"":694,""instruction_index"":10391,""gate"":""MX"",""qubit"":190,""basis"":""X""}]"
767,X,[1127.0],25371,1872,"[-1033,-1177]","[839,695]","[{""record_index"":839,""instruction_index"":12412,""gate"":""MX"",""qubit"":191,""basis"":""X""},{""record_index"":695,""instruction_index"":10391,""gate"":""MX"",""qubit"":191,""basis"":""X""}]"
768,X,[1128.0],25372,1872,"[-1032,-1176]","[840,696]","[{""record_index"":840,""instruction_index"":12412,""gate"":""MX"",""qubit"":192,""basis"":""X""},{""record_index"":696,""instruction_index"":10391,""gate"":""MX"",""qubit"":192,""basis"":""X""}]"
769,X,[1129.0],25373,1872,"[-1031,-1175]","[841,697]","[{""record_index"":841,""instruction_index"":12412,""gate"":""MX"",""qubit"":193,""basis"":""X""},{""record_index"":697,""instruction_index"":10391,""gate"":""MX"",""qubit"":193,""basis"":""X""}]"
770,X,[1130.0],25374,1872,"[-1030,-1174]","[842,698]","[{""record_index"":842,""instruction_index"":12412,""gate"":""MX"",""qubit"":194,""basis"":""X""},{""record_index"":698,""instruction_index"":10391,""gate"":""MX"",""qubit"":194,""basis"":""X""}]"
771,X,[1131.0],25375,1872,"[-1029,-1173]","[843,699]","[{""record_index"":843,""instruction_index"":12412,""gate"":""MX"",""qubit"":195,""basis"":""X""},{""record_index"":699,""instruction_index"":10391,""gate"":""MX"",""qubit"":195,""basis"":""X""}]"
772,X,[1132.0],25376,1872,"[-1028,-1172]","[844,700]","[{""record_index"":844,""instruction_index"":12412,""gate"":""MX"",""qubit"":196,""basis"":""X""},{""record_index"":700,""instruction_index"":10391,""gate"":""MX"",""qubit"":196,""basis"":""X""}]"
773,X,[1133.0],25377,1872,"[-1027,-1171]","[845,701]","[{""record_index"":845,""instruction_index"":12412,""gate"":""MX"",""qubit"":197,""basis"":""X""},{""record_index"":701,""instruction_index"":10391,""gate"":""MX"",""qubit"":197,""basis"":""X""}]"
774,X,[1134.0],25378,1872,"[-1026,-1170]","[846,702]","[{""record_index"":846,""instruction_index"":12412,""gate"":""MX"",""qubit"":198,""basis"":""X""},{""record_index"":702,""instruction_index"":10391,""gate"":""MX"",""qubit"":198,""basis"":""X""}]"
775,X,[1135.0],25379,1872,"[-1025,-1169]","[847,703]","[{""record_index"":847,""instruction_index"":12412,""gate"":""MX"",""qubit"":199,""basis"":""X""},{""record_index"":703,""instruction_index"":10391,""gate"":""MX"",""qubit"":199,""basis"":""X""}]"
776,X,[1136.0],25380,1872,"[-1024,-1168]","[848,704]","[{""record_index"":848,""instruction_index"":12412,""gate"":""MX"",""qubit"":200,""basis"":""X""},{""record_index"":704,""instruction_index"":10391,""gate"":""MX"",""qubit"":200,""basis"":""X""}]"
777,X,[1137.0],25381,1872,"[-1023,-1167]","[849,705]","[{""record_index"":849,""instruction_index"":12412,""gate"":""MX"",""qubit"":201,""basis"":""X""},{""record_index"":705,""instruction_index"":10391,""gate"":""MX"",""qubit"":201,""basis"":""X""}]"
778,X,[1138.0],25382,1872,"[-1022,-1166]","[850,706]","[{""record_index"":850,""instruction_index"":12412,""gate"":""MX"",""qubit"":202,""basis"":""X""},{""record_index"":706,""instruction_index"":10391,""gate"":""MX"",""qubit"":202,""basis"":""X""}]"
779,X,[1139.0],25383,1872,"[-1021,-1165]","[851,707]","[{""record_index"":851,""instruction_index"":12412,""gate"":""MX"",""qubit"":203,""basis"":""X""},{""record_index"":707,""instruction_index"":10391,""gate"":""MX"",""qubit"":203,""basis"":""X""}]"
780,X,[1140.0],25384,1872,"[-1020,-1164]","[852,708]","[{""record_index"":852,""instruction_index"":12412,""gate"":""MX"",""qubit"":204,""basis"":""X""},{""record_index"":708,""instruction_index"":10391,""gate"":""MX"",""qubit"":204,""basis"":""X""}]"
781,X,[1141.0],25385,1872,"[-1019,-1163]","[853,709]","[{""record_index"":853,""instruction_index"":12412,""gate"":""MX"",""qubit"":205,""basis"":""X""},{""record_index"":709,""instruction_index"":10391,""gate"":""MX"",""qubit"":205,""basis"":""X""}]"
782,X,[1142.0],25386,1872,"[-1018,-1162]","[854,710]","[{""record_index"":854,""instruction_index"":12412,""gate"":""MX"",""qubit"":206,""basis"":""X""},{""record_index"":710,""instruction_index"":10391,""gate"":""MX"",""qubit"":206,""basis"":""X""}]"
783,X,[1143.0],25387,1872,"[-1017,-1161]","[855,711]","[{""record_index"":855,""instruction_index"":12412,""gate"":""MX"",""qubit"":207,""basis"":""X""},{""record_index"":711,""instruction_index"":10391,""gate"":""MX"",""qubit"":207,""basis"":""X""}]"
784,X,[1144.0],25388,1872,"[-1016,-1160]","[856,712]","[{""record_index"":856,""instruction_index"":12412,""gate"":""MX"",""qubit"":208,""basis"":""X""},{""record_index"":712,""instruction_index"":10391,""gate"":""MX"",""qubit"":208,""basis"":""X""}]"
785,X,[1145.0],25389,1872,"[-1015,-1159]","[857,713]","[{""record_index"":857,""instruction_index"":12412,""gate"":""MX"",""qubit"":209,""basis"":""X""},{""record_index"":713,""instruction_index"":10391,""gate"":""MX"",""qubit"":209,""basis"":""X""}]"
786,X,[1146.0],25390,1872,"[-1014,-1158]","[858,714]","[{""record_index"":858,""instruction_index"":12412,""gate"":""MX"",""qubit"":210,""basis"":""X""},{""record_index"":714,""instruction_index"":10391,""gate"":""MX"",""qubit"":210,""basis"":""X""}]"
787,X,[1147.0],25391,1872,"[-1013,-1157]","[859,715]","[{""record_index"":859,""instruction_index"":12412,""gate"":""MX"",""qubit"":211,""basis"":""X""},{""record_index"":715,""instruction_index"":10391,""gate"":""MX"",""qubit"":211,""basis"":""X""}]"
788,X,[1148.0],25392,1872,"[-1012,-1156]","[860,716]","[{""record_index"":860,""instruction_index"":12412,""gate"":""MX"",""qubit"":212,""basis"":""X""},{""record_index"":716,""instruction_index"":10391,""gate"":""MX"",""qubit"":212,""basis"":""X""}]"
789,X,[1149.0],25393,1872,"[-1011,-1155]","[861,717]","[{""record_index"":861,""instruction_index"":12412,""gate"":""MX"",""qubit"":213,""basis"":""X""},{""record_index"":717,""instruction_index"":10391,""gate"":""MX"",""qubit"":213,""basis"":""X""}]"
790,X,[1150.0],25394,1872,"[-1010,-1154]","[862,718]","[{""record_index"":862,""instruction_index"":12412,""gate"":""MX"",""qubit"":214,""basis"":""X""},{""record_index"":718,""instruction_index"":10391,""gate"":""MX"",""qubit"":214,""basis"":""X""}]"
791,X,[1151.0],25395,1872,"[-1009,-1153]","[863,719]","[{""record_index"":863,""instruction_index"":12412,""gate"":""MX"",""qubit"":215,""basis"":""X""},{""record_index"":719,""instruction_index"":10391,""gate"":""MX"",""qubit"":215,""basis"":""X""}]"
792,Z,[1368.0],25406,1872,"[-1008,-1152]","[864,720]","[{""record_index"":864,""instruction_index"":14431,""gate"":""M"",""qubit"":216,""basis"":""Z""},{""record_index"":720,""instruction_index"":12410,""gate"":""M"",""qubit"":216,""basis"":""Z""}]"
793,Z,[1369.0],25407,1872,"[-1007,-1151]","[865,721]","[{""record_index"":865,""instruction_index"":14431,""gate"":""M"",""qubit"":217,""basis"":""Z""},{""record_index"":721,""instruction_index"":12410,""gate"":""M"",""qubit"":217,""basis"":""Z""}]"
794,Z,[1370.0],25408,1872,"[-1006,-1150]","[866,722]","[{""record_index"":866,""instruction_index"":14431,""gate"":""M"",""qubit"":218,""basis"":""Z""},{""record_index"":722,""instruction_index"":12410,""gate"":""M"",""qubit"":218,""basis"":""Z""}]"
795,Z,[1371.0],25409,1872,"[-1005,-1149]","[867,723]","[{""record_index"":867,""instruction_index"":14431,""gate"":""M"",""qubit"":219,""basis"":""Z""},{""record_index"":723,""instruction_index"":12410,""gate"":""M"",""qubit"":219,""basis"":""Z""}]"
796,Z,[1372.0],25410,1872,"[-1004,-1148]","[868,724]","[{""record_index"":868,""instruction_index"":14431,""gate"":""M"",""qubit"":220,""basis"":""Z""},{""record_index"":724,""instruction_index"":12410,""gate"":""M"",""qubit"":220,""basis"":""Z""}]"
797,Z,[1373.0],25411,1872,"[-1003,-1147]","[869,725]","[{""record_index"":869,""instruction_index"":14431,""gate"":""M"",""qubit"":221,""basis"":""Z""},{""record_index"":725,""instruction_index"":12410,""gate"":""M"",""qubit"":221,""basis"":""Z""}]"
798,Z,[1374.0],25412,1872,"[-1002,-1146]","[870,726]","[{""record_index"":870,""instruction_index"":14431,""gate"":""M"",""qubit"":222,""basis"":""Z""},{""record_index"":726,""instruction_index"":12410,""gate"":""M"",""qubit"":222,""basis"":""Z""}]"
799,Z,[1375.0],25413,1872,"[-1001,-1145]","[871,727]","[{""record_index"":871,""instruction_index"":14431,""gate"":""M"",""qubit"":223,""basis"":""Z""},{""record_index"":727,""instruction_index"":12410,""gate"":""M"",""qubit"":223,""basis"":""Z""}]"
800,Z,[1376.0],25414,1872,"[-1000,-1144]","[872,728]","[{""record_index"":872,""instruction_index"":14431,""gate"":""M"",""qubit"":224,""basis"":""Z""},{""record_index"":728,""instruction_index"":12410,""gate"":""M"",""qubit"":224,""basis"":""Z""}]"
801,Z,[1377.0],25415,1872,"[-999,-1143]","[873,729]","[{""record_index"":873,""instruction_index"":14431,""gate"":""M"",""qubit"":225,""basis"":""Z""},{""record_index"":729,""instruction_index"":12410,""gate"":""M"",""qubit"":225,""basis"":""Z""}]"
802,Z,[1378.0],25416,1872,"[-998,-1142]","[874,730]","[{""record_index"":874,""instruction_index"":14431,""gate"":""M"",""qubit"":226,""basis"":""Z""},{""record_index"":730,""instruction_index"":12410,""gate"":""M"",""qubit"":226,""basis"":""Z""}]"
803,Z,[1379.0],25417,1872,"[-997,-1141]","[875,731]","[{""record_index"":875,""instruction_index"":14431,""gate"":""M"",""qubit"":227,""basis"":""Z""},{""record_index"":731,""instruction_index"":12410,""gate"":""M"",""qubit"":227,""basis"":""Z""}]"
804,Z,[1380.0],25418,1872,"[-996,-1140]","[876,732]","[{""record_index"":876,""instruction_index"":14431,""gate"":""M"",""qubit"":228,""basis"":""Z""},{""record_index"":732,""instruction_index"":12410,""gate"":""M"",""qubit"":228,""basis"":""Z""}]"
805,Z,[1381.0],25419,1872,"[-995,-1139]","[877,733]","[{""record_index"":877,""instruction_index"":14431,""gate"":""M"",""qubit"":229,""basis"":""Z""},{""record_index"":733,""instruction_index"":12410,""gate"":""M"",""qubit"":229,""basis"":""Z""}]"
806,Z,[1382.0],25420,1872,"[-994,-1138]","[878,734]","[{""record_index"":878,""instruction_index"":14431,""gate"":""M"",""qubit"":230,""basis"":""Z""},{""record_index"":734,""instruction_index"":12410,""gate"":""M"",""qubit"":230,""basis"":""Z""}]"
807,Z,[1383.0],25421,1872,"[-993,-1137]","[879,735]","[{""record_index"":879,""instruction_index"":14431,""gate"":""M"",""qubit"":231,""basis"":""Z""},{""record_index"":735,""instruction_index"":12410,""gate"":""M"",""qubit"":231,""basis"":""Z""}]"
808,Z,[1384.0],25422,1872,"[-992,-1136]","[880,736]","[{""record_index"":880,""instruction_index"":14431,""gate"":""M"",""qubit"":232,""basis"":""Z""},{""record_index"":736,""instruction_index"":12410,""gate"":""M"",""qubit"":232,""basis"":""Z""}]"
809,Z,[1385.0],25423,1872,"[-991,-1135]","[881,737]","[{""record_index"":881,""instruction_index"":14431,""gate"":""M"",""qubit"":233,""basis"":""Z""},{""record_index"":737,""instruction_index"":12410,""gate"":""M"",""qubit"":233,""basis"":""Z""}]"
810,Z,[1386.0],25424,1872,"[-990,-1134]","[882,738]","[{""record_index"":882,""instruction_index"":14431,""gate"":""M"",""qubit"":234,""basis"":""Z""},{""record_index"":738,""instruction_index"":12410,""gate"":""M"",""qubit"":234,""basis"":""Z""}]"
811,Z,[1387.0],25425,1872,"[-989,-1133]","[883,739]","[{""record_index"":883,""instruction_index"":14431,""gate"":""M"",""qubit"":235,""basis"":""Z""},{""record_index"":739,""instruction_index"":12410,""gate"":""M"",""qubit"":235,""basis"":""Z""}]"
812,Z,[1388.0],25426,1872,"[-988,-1132]","[884,740]","[{""record_index"":884,""instruction_index"":14431,""gate"":""M"",""qubit"":236,""basis"":""Z""},{""record_index"":740,""instruction_index"":12410,""gate"":""M"",""qubit"":236,""basis"":""Z""}]"
813,Z,[1389.0],25427,1872,"[-987,-1131]","[885,741]","[{""record_index"":885,""instruction_index"":14431,""gate"":""M"",""qubit"":237,""basis"":""Z""},{""record_index"":741,""instruction_index"":12410,""gate"":""M"",""qubit"":237,""basis"":""Z""}]"
814,Z,[1390.0],25428,1872,"[-986,-1130]","[886,742]","[{""record_index"":886,""instruction_index"":14431,""gate"":""M"",""qubit"":238,""basis"":""Z""},{""record_index"":742,""instruction_index"":12410,""gate"":""M"",""qubit"":238,""basis"":""Z""}]"
815,Z,[1391.0],25429,1872,"[-985,-1129]","[887,743]","[{""record_index"":887,""instruction_index"":14431,""gate"":""M"",""qubit"":239,""basis"":""Z""},{""record_index"":743,""instruction_index"":12410,""gate"":""M"",""qubit"":239,""basis"":""Z""}]"
816,Z,[1392.0],25430,1872,"[-984,-1128]","[888,744]","[{""record_index"":888,""instruction_index"":14431,""gate"":""M"",""qubit"":240,""basis"":""Z""},{""record_index"":744,""instruction_index"":12410,""gate"":""M"",""qubit"":240,""basis"":""Z""}]"
817,Z,[1393.0],25431,1872,"[-983,-1127]","[889,745]","[{""record_index"":889,""instruction_index"":14431,""gate"":""M"",""qubit"":241,""basis"":""Z""},{""record_index"":745,""instruction_index"":12410,""gate"":""M"",""qubit"":241,""basis"":""Z""}]"
818,Z,[1394.0],25432,1872,"[-982,-1126]","[890,746]","[{""record_index"":890,""instruction_index"":14431,""gate"":""M"",""qubit"":242,""basis"":""Z""},{""record_index"":746,""instruction_index"":12410,""gate"":""M"",""qubit"":242,""basis"":""Z""}]"
819,Z,[1395.0],25433,1872,"[-981,-1125]","[891,747]","[{""record_index"":891,""instruction_index"":14431,""gate"":""M"",""qubit"":243,""basis"":""Z""},{""record_index"":747,""instruction_index"":12410,""gate"":""M"",""qubit"":243,""basis"":""Z""}]"
820,Z,[1396.0],25434,1872,"[-980,-1124]","[892,748]","[{""record_index"":892,""instruction_index"":14431,""gate"":""M"",""qubit"":244,""basis"":""Z""},{""record_index"":748,""instruction_index"":12410,""gate"":""M"",""qubit"":244,""basis"":""Z""}]"
821,Z,[1397.0],25435,1872,"[-979,-1123]","[893,749]","[{""record_index"":893,""instruction_index"":14431,""gate"":""M"",""qubit"":245,""basis"":""Z""},{""record_index"":749,""instruction_index"":12410,""gate"":""M"",""qubit"":245,""basis"":""Z""}]"
822,Z,[1398.0],25436,1872,"[-978,-1122]","[894,750]","[{""record_index"":894,""instruction_index"":14431,""gate"":""M"",""qubit"":246,""basis"":""Z""},{""record_index"":750,""instruction_index"":12410,""gate"":""M"",""qubit"":246,""basis"":""Z""}]"
823,Z,[1399.0],25437,1872,"[-977,-1121]","[895,751]","[{""record_index"":895,""instruction_index"":14431,""gate"":""M"",""qubit"":247,""basis"":""Z""},{""record_index"":751,""instruction_index"":12410,""gate"":""M"",""qubit"":247,""basis"":""Z""}]"
824,Z,[1400.0],25438,1872,"[-976,-1120]","[896,752]","[{""record_index"":896,""instruction_index"":14431,""gate"":""M"",""qubit"":248,""basis"":""Z""},{""record_index"":752,""instruction_index"":12410,""gate"":""M"",""qubit"":248,""basis"":""Z""}]"
825,Z,[1401.0],25439,1872,"[-975,-1119]","[897,753]","[{""record_index"":897,""instruction_index"":14431,""gate"":""M"",""qubit"":249,""basis"":""Z""},{""record_index"":753,""instruction_index"":12410,""gate"":""M"",""qubit"":249,""basis"":""Z""}]"
826,Z,[1402.0],25440,1872,"[-974,-1118]","[898,754]","[{""record_index"":898,""instruction_index"":14431,""gate"":""M"",""qubit"":250,""basis"":""Z""},{""record_index"":754,""instruction_index"":12410,""gate"":""M"",""qubit"":250,""basis"":""Z""}]"
827,Z,[1403.0],25441,1872,"[-973,-1117]","[899,755]","[{""record_index"":899,""instruction_index"":14431,""gate"":""M"",""qubit"":251,""basis"":""Z""},{""record_index"":755,""instruction_index"":12410,""gate"":""M"",""qubit"":251,""basis"":""Z""}]"
828,Z,[1404.0],25442,1872,"[-972,-1116]","[900,756]","[{""record_index"":900,""instruction_index"":14431,""gate"":""M"",""qubit"":252,""basis"":""Z""},{""record_index"":756,""instruction_index"":12410,""gate"":""M"",""qubit"":252,""basis"":""Z""}]"
829,Z,[1405.0],25443,1872,"[-971,-1115]","[901,757]","[{""record_index"":901,""instruction_index"":14431,""gate"":""M"",""qubit"":253,""basis"":""Z""},{""record_index"":757,""instruction_index"":12410,""gate"":""M"",""qubit"":253,""basis"":""Z""}]"
830,Z,[1406.0],25444,1872,"[-970,-1114]","[902,758]","[{""record_index"":902,""instruction_index"":14431,""gate"":""M"",""qubit"":254,""basis"":""Z""},{""record_index"":758,""instruction_index"":12410,""gate"":""M"",""qubit"":254,""basis"":""Z""}]"
831,Z,[1407.0],25445,1872,"[-969,-1113]","[903,759]","[{""record_index"":903,""instruction_index"":14431,""gate"":""M"",""qubit"":255,""basis"":""Z""},{""record_index"":759,""instruction_index"":12410,""gate"":""M"",""qubit"":255,""basis"":""Z""}]"
832,Z,[1408.0],25446,1872,"[-968,-1112]","[904,760]","[{""record_index"":904,""instruction_index"":14431,""gate"":""M"",""qubit"":256,""basis"":""Z""},{""record_index"":760,""instruction_index"":12410,""gate"":""M"",""qubit"":256,""basis"":""Z""}]"
833,Z,[1409.0],25447,1872,"[-967,-1111]","[905,761]","[{""record_index"":905,""instruction_index"":14431,""gate"":""M"",""qubit"":257,""basis"":""Z""},{""record_index"":761,""instruction_index"":12410,""gate"":""M"",""qubit"":257,""basis"":""Z""}]"
834,Z,[1410.0],25448,1872,"[-966,-1110]","[906,762]","[{""record_index"":906,""instruction_index"":14431,""gate"":""M"",""qubit"":258,""basis"":""Z""},{""record_index"":762,""instruction_index"":12410,""gate"":""M"",""qubit"":258,""basis"":""Z""}]"
835,Z,[1411.0],25449,1872,"[-965,-1109]","[907,763]","[{""record_index"":907,""instruction_index"":14431,""gate"":""M"",""qubit"":259,""basis"":""Z""},{""record_index"":763,""instruction_index"":12410,""gate"":""M"",""qubit"":259,""basis"":""Z""}]"
836,Z,[1412.0],25450,1872,"[-964,-1108]","[908,764]","[{""record_index"":908,""instruction_index"":14431,""gate"":""M"",""qubit"":260,""basis"":""Z""},{""record_index"":764,""instruction_index"":12410,""gate"":""M"",""qubit"":260,""basis"":""Z""}]"
837,Z,[1413.0],25451,1872,"[-963,-1107]","[909,765]","[{""record_index"":909,""instruction_index"":14431,""gate"":""M"",""qubit"":261,""basis"":""Z""},{""record_index"":765,""instruction_index"":12410,""gate"":""M"",""qubit"":261,""basis"":""Z""}]"
838,Z,[1414.0],25452,1872,"[-962,-1106]","[910,766]","[{""record_index"":910,""instruction_index"":14431,""gate"":""M"",""qubit"":262,""basis"":""Z""},{""record_index"":766,""instruction_index"":12410,""gate"":""M"",""qubit"":262,""basis"":""Z""}]"
839,Z,[1415.0],25453,1872,"[-961,-1105]","[911,767]","[{""record_index"":911,""instruction_index"":14431,""gate"":""M"",""qubit"":263,""basis"":""Z""},{""record_index"":767,""instruction_index"":12410,""gate"":""M"",""qubit"":263,""basis"":""Z""}]"
840,Z,[1416.0],25454,1872,"[-960,-1104]","[912,768]","[{""record_index"":912,""instruction_index"":14431,""gate"":""M"",""qubit"":264,""basis"":""Z""},{""record_index"":768,""instruction_index"":12410,""gate"":""M"",""qubit"":264,""basis"":""Z""}]"
841,Z,[1417.0],25455,1872,"[-959,-1103]","[913,769]","[{""record_index"":913,""instruction_index"":14431,""gate"":""M"",""qubit"":265,""basis"":""Z""},{""record_index"":769,""instruction_index"":12410,""gate"":""M"",""qubit"":265,""basis"":""Z""}]"
842,Z,[1418.0],25456,1872,"[-958,-1102]","[914,770]","[{""record_index"":914,""instruction_index"":14431,""gate"":""M"",""qubit"":266,""basis"":""Z""},{""record_index"":770,""instruction_index"":12410,""gate"":""M"",""qubit"":266,""basis"":""Z""}]"
843,Z,[1419.0],25457,1872,"[-957,-1101]","[915,771]","[{""record_index"":915,""instruction_index"":14431,""gate"":""M"",""qubit"":267,""basis"":""Z""},{""record_index"":771,""instruction_index"":12410,""gate"":""M"",""qubit"":267,""basis"":""Z""}]"
844,Z,[1420.0],25458,1872,"[-956,-1100]","[916,772]","[{""record_index"":916,""instruction_index"":14431,""gate"":""M"",""qubit"":268,""basis"":""Z""},{""record_index"":772,""instruction_index"":12410,""gate"":""M"",""qubit"":268,""basis"":""Z""}]"
845,Z,[1421.0],25459,1872,"[-955,-1099]","[917,773]","[{""record_index"":917,""instruction_index"":14431,""gate"":""M"",""qubit"":269,""basis"":""Z""},{""record_index"":773,""instruction_index"":12410,""gate"":""M"",""qubit"":269,""basis"":""Z""}]"
846,Z,[1422.0],25460,1872,"[-954,-1098]","[918,774]","[{""record_index"":918,""instruction_index"":14431,""gate"":""M"",""qubit"":270,""basis"":""Z""},{""record_index"":774,""instruction_index"":12410,""gate"":""M"",""qubit"":270,""basis"":""Z""}]"
847,Z,[1423.0],25461,1872,"[-953,-1097]","[919,775]","[{""record_index"":919,""instruction_index"":14431,""gate"":""M"",""qubit"":271,""basis"":""Z""},{""record_index"":775,""instruction_index"":12410,""gate"":""M"",""qubit"":271,""basis"":""Z""}]"
848,Z,[1424.0],25462,1872,"[-952,-1096]","[920,776]","[{""record_index"":920,""instruction_index"":14431,""gate"":""M"",""qubit"":272,""basis"":""Z""},{""record_index"":776,""instruction_index"":12410,""gate"":""M"",""qubit"":272,""basis"":""Z""}]"
849,Z,[1425.0],25463,1872,"[-951,-1095]","[921,777]","[{""record_index"":921,""instruction_index"":14431,""gate"":""M"",""qubit"":273,""basis"":""Z""},{""record_index"":777,""instruction_index"":12410,""gate"":""M"",""qubit"":273,""basis"":""Z""}]"
850,Z,[1426.0],25464,1872,"[-950,-1094]","[922,778]","[{""record_index"":922,""instruction_index"":14431,""gate"":""M"",""qubit"":274,""basis"":""Z""},{""record_index"":778,""instruction_index"":12410,""gate"":""M"",""qubit"":274,""basis"":""Z""}]"
851,Z,[1427.0],25465,1872,"[-949,-1093]","[923,779]","[{""record_index"":923,""instruction_index"":14431,""gate"":""M"",""qubit"":275,""basis"":""Z""},{""record_index"":779,""instruction_index"":12410,""gate"":""M"",""qubit"":275,""basis"":""Z""}]"
852,Z,[1428.0],25466,1872,"[-948,-1092]","[924,780]","[{""record_index"":924,""instruction_index"":14431,""gate"":""M"",""qubit"":276,""basis"":""Z""},{""record_index"":780,""instruction_index"":12410,""gate"":""M"",""qubit"":276,""basis"":""Z""}]"
853,Z,[1429.0],25467,1872,"[-947,-1091]","[925,781]","[{""record_index"":925,""instruction_index"":14431,""gate"":""M"",""qubit"":277,""basis"":""Z""},{""record_index"":781,""instruction_index"":12410,""gate"":""M"",""qubit"":277,""basis"":""Z""}]"
854,Z,[1430.0],25468,1872,"[-946,-1090]","[926,782]","[{""record_index"":926,""instruction_index"":14431,""gate"":""M"",""qubit"":278,""basis"":""Z""},{""record_index"":782,""instruction_index"":12410,""gate"":""M"",""qubit"":278,""basis"":""Z""}]"
855,Z,[1431.0],25469,1872,"[-945,-1089]","[927,783]","[{""record_index"":927,""instruction_index"":14431,""gate"":""M"",""qubit"":279,""basis"":""Z""},{""record_index"":783,""instruction_index"":12410,""gate"":""M"",""qubit"":279,""basis"":""Z""}]"
856,Z,[1432.0],25470,1872,"[-944,-1088]","[928,784]","[{""record_index"":928,""instruction_index"":14431,""gate"":""M"",""qubit"":280,""basis"":""Z""},{""record_index"":784,""instruction_index"":12410,""gate"":""M"",""qubit"":280,""basis"":""Z""}]"
857,Z,[1433.0],25471,1872,"[-943,-1087]","[929,785]","[{""record_index"":929,""instruction_index"":14431,""gate"":""M"",""qubit"":281,""basis"":""Z""},{""record_index"":785,""instruction_index"":12410,""gate"":""M"",""qubit"":281,""basis"":""Z""}]"
858,Z,[1434.0],25472,1872,"[-942,-1086]","[930,786]","[{""record_index"":930,""instruction_index"":14431,""gate"":""M"",""qubit"":282,""basis"":""Z""},{""record_index"":786,""instruction_index"":12410,""gate"":""M"",""qubit"":282,""basis"":""Z""}]"
859,Z,[1435.0],25473,1872,"[-941,-1085]","[931,787]","[{""record_index"":931,""instruction_index"":14431,""gate"":""M"",""qubit"":283,""basis"":""Z""},{""record_index"":787,""instruction_index"":12410,""gate"":""M"",""qubit"":283,""basis"":""Z""}]"
860,Z,[1436.0],25474,1872,"[-940,-1084]","[932,788]","[{""record_index"":932,""instruction_index"":14431,""gate"":""M"",""qubit"":284,""basis"":""Z""},{""record_index"":788,""instruction_index"":12410,""gate"":""M"",""qubit"":284,""basis"":""Z""}]"
861,Z,[1437.0],25475,1872,"[-939,-1083]","[933,789]","[{""record_index"":933,""instruction_index"":14431,""gate"":""M"",""qubit"":285,""basis"":""Z""},{""record_index"":789,""instruction_index"":12410,""gate"":""M"",""qubit"":285,""basis"":""Z""}]"
862,Z,[1438.0],25476,1872,"[-938,-1082]","[934,790]","[{""record_index"":934,""instruction_index"":14431,""gate"":""M"",""qubit"":286,""basis"":""Z""},{""record_index"":790,""instruction_index"":12410,""gate"":""M"",""qubit"":286,""basis"":""Z""}]"
863,Z,[1439.0],25477,1872,"[-937,-1081]","[935,791]","[{""record_index"":935,""instruction_index"":14431,""gate"":""M"",""qubit"":287,""basis"":""Z""},{""record_index"":791,""instruction_index"":12410,""gate"":""M"",""qubit"":287,""basis"":""Z""}]"
864,X,[1296.0],25479,1872,"[-936,-1080]","[936,792]","[{""record_index"":936,""instruction_index"":14433,""gate"":""MX"",""qubit"":144,""basis"":""X""},{""record_index"":792,""instruction_index"":12412,""gate"":""MX"",""qubit"":144,""basis"":""X""}]"
865,X,[1297.0],25480,1872,"[-935,-1079]","[937,793]","[{""record_index"":937,""instruction_index"":14433,""gate"":""MX"",""qubit"":145,""basis"":""X""},{""record_index"":793,""instruction_index"":12412,""gate"":""MX"",""qubit"":145,""basis"":""X""}]"
866,X,[1298.0],25481,1872,"[-934,-1078]","[938,794]","[{""record_index"":938,""instruction_index"":14433,""gate"":""MX"",""qubit"":146,""basis"":""X""},{""record_index"":794,""instruction_index"":12412,""gate"":""MX"",""qubit"":146,""basis"":""X""}]"
867,X,[1299.0],25482,1872,"[-933,-1077]","[939,795]","[{""record_index"":939,""instruction_index"":14433,""gate"":""MX"",""qubit"":147,""basis"":""X""},{""record_index"":795,""instruction_index"":12412,""gate"":""MX"",""qubit"":147,""basis"":""X""}]"
868,X,[1300.0],25483,1872,"[-932,-1076]","[940,796]","[{""record_index"":940,""instruction_index"":14433,""gate"":""MX"",""qubit"":148,""basis"":""X""},{""record_index"":796,""instruction_index"":12412,""gate"":""MX"",""qubit"":148,""basis"":""X""}]"
869,X,[1301.0],25484,1872,"[-931,-1075]","[941,797]","[{""record_index"":941,""instruction_index"":14433,""gate"":""MX"",""qubit"":149,""basis"":""X""},{""record_index"":797,""instruction_index"":12412,""gate"":""MX"",""qubit"":149,""basis"":""X""}]"
870,X,[1302.0],25485,1872,"[-930,-1074]","[942,798]","[{""record_index"":942,""instruction_index"":14433,""gate"":""MX"",""qubit"":150,""basis"":""X""},{""record_index"":798,""instruction_index"":12412,""gate"":""MX"",""qubit"":150,""basis"":""X""}]"
871,X,[1303.0],25486,1872,"[-929,-1073]","[943,799]","[{""record_index"":943,""instruction_index"":14433,""gate"":""MX"",""qubit"":151,""basis"":""X""},{""record_index"":799,""instruction_index"":12412,""gate"":""MX"",""qubit"":151,""basis"":""X""}]"
872,X,[1304.0],25487,1872,"[-928,-1072]","[944,800]","[{""record_index"":944,""instruction_index"":14433,""gate"":""MX"",""qubit"":152,""basis"":""X""},{""record_index"":800,""instruction_index"":12412,""gate"":""MX"",""qubit"":152,""basis"":""X""}]"
873,X,[1305.0],25488,1872,"[-927,-1071]","[945,801]","[{""record_index"":945,""instruction_index"":14433,""gate"":""MX"",""qubit"":153,""basis"":""X""},{""record_index"":801,""instruction_index"":12412,""gate"":""MX"",""qubit"":153,""basis"":""X""}]"
874,X,[1306.0],25489,1872,"[-926,-1070]","[946,802]","[{""record_index"":946,""instruction_index"":14433,""gate"":""MX"",""qubit"":154,""basis"":""X""},{""record_index"":802,""instruction_index"":12412,""gate"":""MX"",""qubit"":154,""basis"":""X""}]"
875,X,[1307.0],25490,1872,"[-925,-1069]","[947,803]","[{""record_index"":947,""instruction_index"":14433,""gate"":""MX"",""qubit"":155,""basis"":""X""},{""record_index"":803,""instruction_index"":12412,""gate"":""MX"",""qubit"":155,""basis"":""X""}]"
876,X,[1308.0],25491,1872,"[-924,-1068]","[948,804]","[{""record_index"":948,""instruction_index"":14433,""gate"":""MX"",""qubit"":156,""basis"":""X""},{""record_index"":804,""instruction_index"":12412,""gate"":""MX"",""qubit"":156,""basis"":""X""}]"
877,X,[1309.0],25492,1872,"[-923,-1067]","[949,805]","[{""record_index"":949,""instruction_index"":14433,""gate"":""MX"",""qubit"":157,""basis"":""X""},{""record_index"":805,""instruction_index"":12412,""gate"":""MX"",""qubit"":157,""basis"":""X""}]"
878,X,[1310.0],25493,1872,"[-922,-1066]","[950,806]","[{""record_index"":950,""instruction_index"":14433,""gate"":""MX"",""qubit"":158,""basis"":""X""},{""record_index"":806,""instruction_index"":12412,""gate"":""MX"",""qubit"":158,""basis"":""X""}]"
879,X,[1311.0],25494,1872,"[-921,-1065]","[951,807]","[{""record_index"":951,""instruction_index"":14433,""gate"":""MX"",""qubit"":159,""basis"":""X""},{""record_index"":807,""instruction_index"":12412,""gate"":""MX"",""qubit"":159,""basis"":""X""}]"
880,X,[1312.0],25495,1872,"[-920,-1064]","[952,808]","[{""record_index"":952,""instruction_index"":14433,""gate"":""MX"",""qubit"":160,""basis"":""X""},{""record_index"":808,""instruction_index"":12412,""gate"":""MX"",""qubit"":160,""basis"":""X""}]"
881,X,[1313.0],25496,1872,"[-919,-1063]","[953,809]","[{""record_index"":953,""instruction_index"":14433,""gate"":""MX"",""qubit"":161,""basis"":""X""},{""record_index"":809,""instruction_index"":12412,""gate"":""MX"",""qubit"":161,""basis"":""X""}]"
882,X,[1314.0],25497,1872,"[-918,-1062]","[954,810]","[{""record_index"":954,""instruction_index"":14433,""gate"":""MX"",""qubit"":162,""basis"":""X""},{""record_index"":810,""instruction_index"":12412,""gate"":""MX"",""qubit"":162,""basis"":""X""}]"
883,X,[1315.0],25498,1872,"[-917,-1061]","[955,811]","[{""record_index"":955,""instruction_index"":14433,""gate"":""MX"",""qubit"":163,""basis"":""X""},{""record_index"":811,""instruction_index"":12412,""gate"":""MX"",""qubit"":163,""basis"":""X""}]"
884,X,[1316.0],25499,1872,"[-916,-1060]","[956,812]","[{""record_index"":956,""instruction_index"":14433,""gate"":""MX"",""qubit"":164,""basis"":""X""},{""record_index"":812,""instruction_index"":12412,""gate"":""MX"",""qubit"":164,""basis"":""X""}]"
885,X,[1317.0],25500,1872,"[-915,-1059]","[957,813]","[{""record_index"":957,""instruction_index"":14433,""gate"":""MX"",""qubit"":165,""basis"":""X""},{""record_index"":813,""instruction_index"":12412,""gate"":""MX"",""qubit"":165,""basis"":""X""}]"
886,X,[1318.0],25501,1872,"[-914,-1058]","[958,814]","[{""record_index"":958,""instruction_index"":14433,""gate"":""MX"",""qubit"":166,""basis"":""X""},{""record_index"":814,""instruction_index"":12412,""gate"":""MX"",""qubit"":166,""basis"":""X""}]"
887,X,[1319.0],25502,1872,"[-913,-1057]","[959,815]","[{""record_index"":959,""instruction_index"":14433,""gate"":""MX"",""qubit"":167,""basis"":""X""},{""record_index"":815,""instruction_index"":12412,""gate"":""MX"",""qubit"":167,""basis"":""X""}]"
888,X,[1320.0],25503,1872,"[-912,-1056]","[960,816]","[{""record_index"":960,""instruction_index"":14433,""gate"":""MX"",""qubit"":168,""basis"":""X""},{""record_index"":816,""instruction_index"":12412,""gate"":""MX"",""qubit"":168,""basis"":""X""}]"
889,X,[1321.0],25504,1872,"[-911,-1055]","[961,817]","[{""record_index"":961,""instruction_index"":14433,""gate"":""MX"",""qubit"":169,""basis"":""X""},{""record_index"":817,""instruction_index"":12412,""gate"":""MX"",""qubit"":169,""basis"":""X""}]"
890,X,[1322.0],25505,1872,"[-910,-1054]","[962,818]","[{""record_index"":962,""instruction_index"":14433,""gate"":""MX"",""qubit"":170,""basis"":""X""},{""record_index"":818,""instruction_index"":12412,""gate"":""MX"",""qubit"":170,""basis"":""X""}]"
891,X,[1323.0],25506,1872,"[-909,-1053]","[963,819]","[{""record_index"":963,""instruction_index"":14433,""gate"":""MX"",""qubit"":171,""basis"":""X""},{""record_index"":819,""instruction_index"":12412,""gate"":""MX"",""qubit"":171,""basis"":""X""}]"
892,X,[1324.0],25507,1872,"[-908,-1052]","[964,820]","[{""record_index"":964,""instruction_index"":14433,""gate"":""MX"",""qubit"":172,""basis"":""X""},{""record_index"":820,""instruction_index"":12412,""gate"":""MX"",""qubit"":172,""basis"":""X""}]"
893,X,[1325.0],25508,1872,"[-907,-1051]","[965,821]","[{""record_index"":965,""instruction_index"":14433,""gate"":""MX"",""qubit"":173,""basis"":""X""},{""record_index"":821,""instruction_index"":12412,""gate"":""MX"",""qubit"":173,""basis"":""X""}]"
894,X,[1326.0],25509,1872,"[-906,-1050]","[966,822]","[{""record_index"":966,""instruction_index"":14433,""gate"":""MX"",""qubit"":174,""basis"":""X""},{""record_index"":822,""instruction_index"":12412,""gate"":""MX"",""qubit"":174,""basis"":""X""}]"
895,X,[1327.0],25510,1872,"[-905,-1049]","[967,823]","[{""record_index"":967,""instruction_index"":14433,""gate"":""MX"",""qubit"":175,""basis"":""X""},{""record_index"":823,""instruction_index"":12412,""gate"":""MX"",""qubit"":175,""basis"":""X""}]"
896,X,[1328.0],25511,1872,"[-904,-1048]","[968,824]","[{""record_index"":968,""instruction_index"":14433,""gate"":""MX"",""qubit"":176,""basis"":""X""},{""record_index"":824,""instruction_index"":12412,""gate"":""MX"",""qubit"":176,""basis"":""X""}]"
897,X,[1329.0],25512,1872,"[-903,-1047]","[969,825]","[{""record_index"":969,""instruction_index"":14433,""gate"":""MX"",""qubit"":177,""basis"":""X""},{""record_index"":825,""instruction_index"":12412,""gate"":""MX"",""qubit"":177,""basis"":""X""}]"
898,X,[1330.0],25513,1872,"[-902,-1046]","[970,826]","[{""record_index"":970,""instruction_index"":14433,""gate"":""MX"",""qubit"":178,""basis"":""X""},{""record_index"":826,""instruction_index"":12412,""gate"":""MX"",""qubit"":178,""basis"":""X""}]"
899,X,[1331.0],25514,1872,"[-901,-1045]","[971,827]","[{""record_index"":971,""instruction_index"":14433,""gate"":""MX"",""qubit"":179,""basis"":""X""},{""record_index"":827,""instruction_index"":12412,""gate"":""MX"",""qubit"":179,""basis"":""X""}]"
900,X,[1332.0],25515,1872,"[-900,-1044]","[972,828]","[{""record_index"":972,""instruction_index"":14433,""gate"":""MX"",""qubit"":180,""basis"":""X""},{""record_index"":828,""instruction_index"":12412,""gate"":""MX"",""qubit"":180,""basis"":""X""}]"
901,X,[1333.0],25516,1872,"[-899,-1043]","[973,829]","[{""record_index"":973,""instruction_index"":14433,""gate"":""MX"",""qubit"":181,""basis"":""X""},{""record_index"":829,""instruction_index"":12412,""gate"":""MX"",""qubit"":181,""basis"":""X""}]"
902,X,[1334.0],25517,1872,"[-898,-1042]","[974,830]","[{""record_index"":974,""instruction_index"":14433,""gate"":""MX"",""qubit"":182,""basis"":""X""},{""record_index"":830,""instruction_index"":12412,""gate"":""MX"",""qubit"":182,""basis"":""X""}]"
903,X,[1335.0],25518,1872,"[-897,-1041]","[975,831]","[{""record_index"":975,""instruction_index"":14433,""gate"":""MX"",""qubit"":183,""basis"":""X""},{""record_index"":831,""instruction_index"":12412,""gate"":""MX"",""qubit"":183,""basis"":""X""}]"
904,X,[1336.0],25519,1872,"[-896,-1040]","[976,832]","[{""record_index"":976,""instruction_index"":14433,""gate"":""MX"",""qubit"":184,""basis"":""X""},{""record_index"":832,""instruction_index"":12412,""gate"":""MX"",""qubit"":184,""basis"":""X""}]"
905,X,[1337.0],25520,1872,"[-895,-1039]","[977,833]","[{""record_index"":977,""instruction_index"":14433,""gate"":""MX"",""qubit"":185,""basis"":""X""},{""record_index"":833,""instruction_index"":12412,""gate"":""MX"",""qubit"":185,""basis"":""X""}]"
906,X,[1338.0],25521,1872,"[-894,-1038]","[978,834]","[{""record_index"":978,""instruction_index"":14433,""gate"":""MX"",""qubit"":186,""basis"":""X""},{""record_index"":834,""instruction_index"":12412,""gate"":""MX"",""qubit"":186,""basis"":""X""}]"
907,X,[1339.0],25522,1872,"[-893,-1037]","[979,835]","[{""record_index"":979,""instruction_index"":14433,""gate"":""MX"",""qubit"":187,""basis"":""X""},{""record_index"":835,""instruction_index"":12412,""gate"":""MX"",""qubit"":187,""basis"":""X""}]"
908,X,[1340.0],25523,1872,"[-892,-1036]","[980,836]","[{""record_index"":980,""instruction_index"":14433,""gate"":""MX"",""qubit"":188,""basis"":""X""},{""record_index"":836,""instruction_index"":12412,""gate"":""MX"",""qubit"":188,""basis"":""X""}]"
909,X,[1341.0],25524,1872,"[-891,-1035]","[981,837]","[{""record_index"":981,""instruction_index"":14433,""gate"":""MX"",""qubit"":189,""basis"":""X""},{""record_index"":837,""instruction_index"":12412,""gate"":""MX"",""qubit"":189,""basis"":""X""}]"
910,X,[1342.0],25525,1872,"[-890,-1034]","[982,838]","[{""record_index"":982,""instruction_index"":14433,""gate"":""MX"",""qubit"":190,""basis"":""X""},{""record_index"":838,""instruction_index"":12412,""gate"":""MX"",""qubit"":190,""basis"":""X""}]"
911,X,[1343.0],25526,1872,"[-889,-1033]","[983,839]","[{""record_index"":983,""instruction_index"":14433,""gate"":""MX"",""qubit"":191,""basis"":""X""},{""record_index"":839,""instruction_index"":12412,""gate"":""MX"",""qubit"":191,""basis"":""X""}]"
912,X,[1344.0],25527,1872,"[-888,-1032]","[984,840]","[{""record_index"":984,""instruction_index"":14433,""gate"":""MX"",""qubit"":192,""basis"":""X""},{""record_index"":840,""instruction_index"":12412,""gate"":""MX"",""qubit"":192,""basis"":""X""}]"
913,X,[1345.0],25528,1872,"[-887,-1031]","[985,841]","[{""record_index"":985,""instruction_index"":14433,""gate"":""MX"",""qubit"":193,""basis"":""X""},{""record_index"":841,""instruction_index"":12412,""gate"":""MX"",""qubit"":193,""basis"":""X""}]"
914,X,[1346.0],25529,1872,"[-886,-1030]","[986,842]","[{""record_index"":986,""instruction_index"":14433,""gate"":""MX"",""qubit"":194,""basis"":""X""},{""record_index"":842,""instruction_index"":12412,""gate"":""MX"",""qubit"":194,""basis"":""X""}]"
915,X,[1347.0],25530,1872,"[-885,-1029]","[987,843]","[{""record_index"":987,""instruction_index"":14433,""gate"":""MX"",""qubit"":195,""basis"":""X""},{""record_index"":843,""instruction_index"":12412,""gate"":""MX"",""qubit"":195,""basis"":""X""}]"
916,X,[1348.0],25531,1872,"[-884,-1028]","[988,844]","[{""record_index"":988,""instruction_index"":14433,""gate"":""MX"",""qubit"":196,""basis"":""X""},{""record_index"":844,""instruction_index"":12412,""gate"":""MX"",""qubit"":196,""basis"":""X""}]"
917,X,[1349.0],25532,1872,"[-883,-1027]","[989,845]","[{""record_index"":989,""instruction_index"":14433,""gate"":""MX"",""qubit"":197,""basis"":""X""},{""record_index"":845,""instruction_index"":12412,""gate"":""MX"",""qubit"":197,""basis"":""X""}]"
918,X,[1350.0],25533,1872,"[-882,-1026]","[990,846]","[{""record_index"":990,""instruction_index"":14433,""gate"":""MX"",""qubit"":198,""basis"":""X""},{""record_index"":846,""instruction_index"":12412,""gate"":""MX"",""qubit"":198,""basis"":""X""}]"
919,X,[1351.0],25534,1872,"[-881,-1025]","[991,847]","[{""record_index"":991,""instruction_index"":14433,""gate"":""MX"",""qubit"":199,""basis"":""X""},{""record_index"":847,""instruction_index"":12412,""gate"":""MX"",""qubit"":199,""basis"":""X""}]"
920,X,[1352.0],25535,1872,"[-880,-1024]","[992,848]","[{""record_index"":992,""instruction_index"":14433,""gate"":""MX"",""qubit"":200,""basis"":""X""},{""record_index"":848,""instruction_index"":12412,""gate"":""MX"",""qubit"":200,""basis"":""X""}]"
921,X,[1353.0],25536,1872,"[-879,-1023]","[993,849]","[{""record_index"":993,""instruction_index"":14433,""gate"":""MX"",""qubit"":201,""basis"":""X""},{""record_index"":849,""instruction_index"":12412,""gate"":""MX"",""qubit"":201,""basis"":""X""}]"
922,X,[1354.0],25537,1872,"[-878,-1022]","[994,850]","[{""record_index"":994,""instruction_index"":14433,""gate"":""MX"",""qubit"":202,""basis"":""X""},{""record_index"":850,""instruction_index"":12412,""gate"":""MX"",""qubit"":202,""basis"":""X""}]"
923,X,[1355.0],25538,1872,"[-877,-1021]","[995,851]","[{""record_index"":995,""instruction_index"":14433,""gate"":""MX"",""qubit"":203,""basis"":""X""},{""record_index"":851,""instruction_index"":12412,""gate"":""MX"",""qubit"":203,""basis"":""X""}]"
924,X,[1356.0],25539,1872,"[-876,-1020]","[996,852]","[{""record_index"":996,""instruction_index"":14433,""gate"":""MX"",""qubit"":204,""basis"":""X""},{""record_index"":852,""instruction_index"":12412,""gate"":""MX"",""qubit"":204,""basis"":""X""}]"
925,X,[1357.0],25540,1872,"[-875,-1019]","[997,853]","[{""record_index"":997,""instruction_index"":14433,""gate"":""MX"",""qubit"":205,""basis"":""X""},{""record_index"":853,""instruction_index"":12412,""gate"":""MX"",""qubit"":205,""basis"":""X""}]"
926,X,[1358.0],25541,1872,"[-874,-1018]","[998,854]","[{""record_index"":998,""instruction_index"":14433,""gate"":""MX"",""qubit"":206,""basis"":""X""},{""record_index"":854,""instruction_index"":12412,""gate"":""MX"",""qubit"":206,""basis"":""X""}]"
927,X,[1359.0],25542,1872,"[-873,-1017]","[999,855]","[{""record_index"":999,""instruction_index"":14433,""gate"":""MX"",""qubit"":207,""basis"":""X""},{""record_index"":855,""instruction_index"":12412,""gate"":""MX"",""qubit"":207,""basis"":""X""}]"
928,X,[1360.0],25543,1872,"[-872,-1016]","[1000,856]","[{""record_index"":1000,""instruction_index"":14433,""gate"":""MX"",""qubit"":208,""basis"":""X""},{""record_index"":856,""instruction_index"":12412,""gate"":""MX"",""qubit"":208,""basis"":""X""}]"
929,X,[1361.0],25544,1872,"[-871,-1015]","[1001,857]","[{""record_index"":1001,""instruction_index"":14433,""gate"":""MX"",""qubit"":209,""basis"":""X""},{""record_index"":857,""instruction_index"":12412,""gate"":""MX"",""qubit"":209,""basis"":""X""}]"
930,X,[1362.0],25545,1872,"[-870,-1014]","[1002,858]","[{""record_index"":1002,""instruction_index"":14433,""gate"":""MX"",""qubit"":210,""basis"":""X""},{""record_index"":858,""instruction_index"":12412,""gate"":""MX"",""qubit"":210,""basis"":""X""}]"
931,X,[1363.0],25546,1872,"[-869,-1013]","[1003,859]","[{""record_index"":1003,""instruction_index"":14433,""gate"":""MX"",""qubit"":211,""basis"":""X""},{""record_index"":859,""instruction_index"":12412,""gate"":""MX"",""qubit"":211,""basis"":""X""}]"
932,X,[1364.0],25547,1872,"[-868,-1012]","[1004,860]","[{""record_index"":1004,""instruction_index"":14433,""gate"":""MX"",""qubit"":212,""basis"":""X""},{""record_index"":860,""instruction_index"":12412,""gate"":""MX"",""qubit"":212,""basis"":""X""}]"
933,X,[1365.0],25548,1872,"[-867,-1011]","[1005,861]","[{""record_index"":1005,""instruction_index"":14433,""gate"":""MX"",""qubit"":213,""basis"":""X""},{""record_index"":861,""instruction_index"":12412,""gate"":""MX"",""qubit"":213,""basis"":""X""}]"
934,X,[1366.0],25549,1872,"[-866,-1010]","[1006,862]","[{""record_index"":1006,""instruction_index"":14433,""gate"":""MX"",""qubit"":214,""basis"":""X""},{""record_index"":862,""instruction_index"":12412,""gate"":""MX"",""qubit"":214,""basis"":""X""}]"
935,X,[1367.0],25550,1872,"[-865,-1009]","[1007,863]","[{""record_index"":1007,""instruction_index"":14433,""gate"":""MX"",""qubit"":215,""basis"":""X""},{""record_index"":863,""instruction_index"":12412,""gate"":""MX"",""qubit"":215,""basis"":""X""}]"
936,Z,[1584.0],25561,1872,"[-864,-1008]","[1008,864]","[{""record_index"":1008,""instruction_index"":16452,""gate"":""M"",""qubit"":216,""basis"":""Z""},{""record_index"":864,""instruction_index"":14431,""gate"":""M"",""qubit"":216,""basis"":""Z""}]"
937,Z,[1585.0],25562,1872,"[-863,-1007]","[1009,865]","[{""record_index"":1009,""instruction_index"":16452,""gate"":""M"",""qubit"":217,""basis"":""Z""},{""record_index"":865,""instruction_index"":14431,""gate"":""M"",""qubit"":217,""basis"":""Z""}]"
938,Z,[1586.0],25563,1872,"[-862,-1006]","[1010,866]","[{""record_index"":1010,""instruction_index"":16452,""gate"":""M"",""qubit"":218,""basis"":""Z""},{""record_index"":866,""instruction_index"":14431,""gate"":""M"",""qubit"":218,""basis"":""Z""}]"
939,Z,[1587.0],25564,1872,"[-861,-1005]","[1011,867]","[{""record_index"":1011,""instruction_index"":16452,""gate"":""M"",""qubit"":219,""basis"":""Z""},{""record_index"":867,""instruction_index"":14431,""gate"":""M"",""qubit"":219,""basis"":""Z""}]"
940,Z,[1588.0],25565,1872,"[-860,-1004]","[1012,868]","[{""record_index"":1012,""instruction_index"":16452,""gate"":""M"",""qubit"":220,""basis"":""Z""},{""record_index"":868,""instruction_index"":14431,""gate"":""M"",""qubit"":220,""basis"":""Z""}]"
941,Z,[1589.0],25566,1872,"[-859,-1003]","[1013,869]","[{""record_index"":1013,""instruction_index"":16452,""gate"":""M"",""qubit"":221,""basis"":""Z""},{""record_index"":869,""instruction_index"":14431,""gate"":""M"",""qubit"":221,""basis"":""Z""}]"
942,Z,[1590.0],25567,1872,"[-858,-1002]","[1014,870]","[{""record_index"":1014,""instruction_index"":16452,""gate"":""M"",""qubit"":222,""basis"":""Z""},{""record_index"":870,""instruction_index"":14431,""gate"":""M"",""qubit"":222,""basis"":""Z""}]"
943,Z,[1591.0],25568,1872,"[-857,-1001]","[1015,871]","[{""record_index"":1015,""instruction_index"":16452,""gate"":""M"",""qubit"":223,""basis"":""Z""},{""record_index"":871,""instruction_index"":14431,""gate"":""M"",""qubit"":223,""basis"":""Z""}]"
944,Z,[1592.0],25569,1872,"[-856,-1000]","[1016,872]","[{""record_index"":1016,""instruction_index"":16452,""gate"":""M"",""qubit"":224,""basis"":""Z""},{""record_index"":872,""instruction_index"":14431,""gate"":""M"",""qubit"":224,""basis"":""Z""}]"
945,Z,[1593.0],25570,1872,"[-855,-999]","[1017,873]","[{""record_index"":1017,""instruction_index"":16452,""gate"":""M"",""qubit"":225,""basis"":""Z""},{""record_index"":873,""instruction_index"":14431,""gate"":""M"",""qubit"":225,""basis"":""Z""}]"
946,Z,[1594.0],25571,1872,"[-854,-998]","[1018,874]","[{""record_index"":1018,""instruction_index"":16452,""gate"":""M"",""qubit"":226,""basis"":""Z""},{""record_index"":874,""instruction_index"":14431,""gate"":""M"",""qubit"":226,""basis"":""Z""}]"
947,Z,[1595.0],25572,1872,"[-853,-997]","[1019,875]","[{""record_index"":1019,""instruction_index"":16452,""gate"":""M"",""qubit"":227,""basis"":""Z""},{""record_index"":875,""instruction_index"":14431,""gate"":""M"",""qubit"":227,""basis"":""Z""}]"
948,Z,[1596.0],25573,1872,"[-852,-996]","[1020,876]","[{""record_index"":1020,""instruction_index"":16452,""gate"":""M"",""qubit"":228,""basis"":""Z""},{""record_index"":876,""instruction_index"":14431,""gate"":""M"",""qubit"":228,""basis"":""Z""}]"
949,Z,[1597.0],25574,1872,"[-851,-995]","[1021,877]","[{""record_index"":1021,""instruction_index"":16452,""gate"":""M"",""qubit"":229,""basis"":""Z""},{""record_index"":877,""instruction_index"":14431,""gate"":""M"",""qubit"":229,""basis"":""Z""}]"
950,Z,[1598.0],25575,1872,"[-850,-994]","[1022,878]","[{""record_index"":1022,""instruction_index"":16452,""gate"":""M"",""qubit"":230,""basis"":""Z""},{""record_index"":878,""instruction_index"":14431,""gate"":""M"",""qubit"":230,""basis"":""Z""}]"
951,Z,[1599.0],25576,1872,"[-849,-993]","[1023,879]","[{""record_index"":1023,""instruction_index"":16452,""gate"":""M"",""qubit"":231,""basis"":""Z""},{""record_index"":879,""instruction_index"":14431,""gate"":""M"",""qubit"":231,""basis"":""Z""}]"
952,Z,[1600.0],25577,1872,"[-848,-992]","[1024,880]","[{""record_index"":1024,""instruction_index"":16452,""gate"":""M"",""qubit"":232,""basis"":""Z""},{""record_index"":880,""instruction_index"":14431,""gate"":""M"",""qubit"":232,""basis"":""Z""}]"
953,Z,[1601.0],25578,1872,"[-847,-991]","[1025,881]","[{""record_index"":1025,""instruction_index"":16452,""gate"":""M"",""qubit"":233,""basis"":""Z""},{""record_index"":881,""instruction_index"":14431,""gate"":""M"",""qubit"":233,""basis"":""Z""}]"
954,Z,[1602.0],25579,1872,"[-846,-990]","[1026,882]","[{""record_index"":1026,""instruction_index"":16452,""gate"":""M"",""qubit"":234,""basis"":""Z""},{""record_index"":882,""instruction_index"":14431,""gate"":""M"",""qubit"":234,""basis"":""Z""}]"
955,Z,[1603.0],25580,1872,"[-845,-989]","[1027,883]","[{""record_index"":1027,""instruction_index"":16452,""gate"":""M"",""qubit"":235,""basis"":""Z""},{""record_index"":883,""instruction_index"":14431,""gate"":""M"",""qubit"":235,""basis"":""Z""}]"
956,Z,[1604.0],25581,1872,"[-844,-988]","[1028,884]","[{""record_index"":1028,""instruction_index"":16452,""gate"":""M"",""qubit"":236,""basis"":""Z""},{""record_index"":884,""instruction_index"":14431,""gate"":""M"",""qubit"":236,""basis"":""Z""}]"
957,Z,[1605.0],25582,1872,"[-843,-987]","[1029,885]","[{""record_index"":1029,""instruction_index"":16452,""gate"":""M"",""qubit"":237,""basis"":""Z""},{""record_index"":885,""instruction_index"":14431,""gate"":""M"",""qubit"":237,""basis"":""Z""}]"
958,Z,[1606.0],25583,1872,"[-842,-986]","[1030,886]","[{""record_index"":1030,""instruction_index"":16452,""gate"":""M"",""qubit"":238,""basis"":""Z""},{""record_index"":886,""instruction_index"":14431,""gate"":""M"",""qubit"":238,""basis"":""Z""}]"
959,Z,[1607.0],25584,1872,"[-841,-985]","[1031,887]","[{""record_index"":1031,""instruction_index"":16452,""gate"":""M"",""qubit"":239,""basis"":""Z""},{""record_index"":887,""instruction_index"":14431,""gate"":""M"",""qubit"":239,""basis"":""Z""}]"
960,Z,[1608.0],25585,1872,"[-840,-984]","[1032,888]","[{""record_index"":1032,""instruction_index"":16452,""gate"":""M"",""qubit"":240,""basis"":""Z""},{""record_index"":888,""instruction_index"":14431,""gate"":""M"",""qubit"":240,""basis"":""Z""}]"
961,Z,[1609.0],25586,1872,"[-839,-983]","[1033,889]","[{""record_index"":1033,""instruction_index"":16452,""gate"":""M"",""qubit"":241,""basis"":""Z""},{""record_index"":889,""instruction_index"":14431,""gate"":""M"",""qubit"":241,""basis"":""Z""}]"
962,Z,[1610.0],25587,1872,"[-838,-982]","[1034,890]","[{""record_index"":1034,""instruction_index"":16452,""gate"":""M"",""qubit"":242,""basis"":""Z""},{""record_index"":890,""instruction_index"":14431,""gate"":""M"",""qubit"":242,""basis"":""Z""}]"
963,Z,[1611.0],25588,1872,"[-837,-981]","[1035,891]","[{""record_index"":1035,""instruction_index"":16452,""gate"":""M"",""qubit"":243,""basis"":""Z""},{""record_index"":891,""instruction_index"":14431,""gate"":""M"",""qubit"":243,""basis"":""Z""}]"
964,Z,[1612.0],25589,1872,"[-836,-980]","[1036,892]","[{""record_index"":1036,""instruction_index"":16452,""gate"":""M"",""qubit"":244,""basis"":""Z""},{""record_index"":892,""instruction_index"":14431,""gate"":""M"",""qubit"":244,""basis"":""Z""}]"
965,Z,[1613.0],25590,1872,"[-835,-979]","[1037,893]","[{""record_index"":1037,""instruction_index"":16452,""gate"":""M"",""qubit"":245,""basis"":""Z""},{""record_index"":893,""instruction_index"":14431,""gate"":""M"",""qubit"":245,""basis"":""Z""}]"
966,Z,[1614.0],25591,1872,"[-834,-978]","[1038,894]","[{""record_index"":1038,""instruction_index"":16452,""gate"":""M"",""qubit"":246,""basis"":""Z""},{""record_index"":894,""instruction_index"":14431,""gate"":""M"",""qubit"":246,""basis"":""Z""}]"
967,Z,[1615.0],25592,1872,"[-833,-977]","[1039,895]","[{""record_index"":1039,""instruction_index"":16452,""gate"":""M"",""qubit"":247,""basis"":""Z""},{""record_index"":895,""instruction_index"":14431,""gate"":""M"",""qubit"":247,""basis"":""Z""}]"
968,Z,[1616.0],25593,1872,"[-832,-976]","[1040,896]","[{""record_index"":1040,""instruction_index"":16452,""gate"":""M"",""qubit"":248,""basis"":""Z""},{""record_index"":896,""instruction_index"":14431,""gate"":""M"",""qubit"":248,""basis"":""Z""}]"
969,Z,[1617.0],25594,1872,"[-831,-975]","[1041,897]","[{""record_index"":1041,""instruction_index"":16452,""gate"":""M"",""qubit"":249,""basis"":""Z""},{""record_index"":897,""instruction_index"":14431,""gate"":""M"",""qubit"":249,""basis"":""Z""}]"
970,Z,[1618.0],25595,1872,"[-830,-974]","[1042,898]","[{""record_index"":1042,""instruction_index"":16452,""gate"":""M"",""qubit"":250,""basis"":""Z""},{""record_index"":898,""instruction_index"":14431,""gate"":""M"",""qubit"":250,""basis"":""Z""}]"
971,Z,[1619.0],25596,1872,"[-829,-973]","[1043,899]","[{""record_index"":1043,""instruction_index"":16452,""gate"":""M"",""qubit"":251,""basis"":""Z""},{""record_index"":899,""instruction_index"":14431,""gate"":""M"",""qubit"":251,""basis"":""Z""}]"
972,Z,[1620.0],25597,1872,"[-828,-972]","[1044,900]","[{""record_index"":1044,""instruction_index"":16452,""gate"":""M"",""qubit"":252,""basis"":""Z""},{""record_index"":900,""instruction_index"":14431,""gate"":""M"",""qubit"":252,""basis"":""Z""}]"
973,Z,[1621.0],25598,1872,"[-827,-971]","[1045,901]","[{""record_index"":1045,""instruction_index"":16452,""gate"":""M"",""qubit"":253,""basis"":""Z""},{""record_index"":901,""instruction_index"":14431,""gate"":""M"",""qubit"":253,""basis"":""Z""}]"
974,Z,[1622.0],25599,1872,"[-826,-970]","[1046,902]","[{""record_index"":1046,""instruction_index"":16452,""gate"":""M"",""qubit"":254,""basis"":""Z""},{""record_index"":902,""instruction_index"":14431,""gate"":""M"",""qubit"":254,""basis"":""Z""}]"
975,Z,[1623.0],25600,1872,"[-825,-969]","[1047,903]","[{""record_index"":1047,""instruction_index"":16452,""gate"":""M"",""qubit"":255,""basis"":""Z""},{""record_index"":903,""instruction_index"":14431,""gate"":""M"",""qubit"":255,""basis"":""Z""}]"
976,Z,[1624.0],25601,1872,"[-824,-968]","[1048,904]","[{""record_index"":1048,""instruction_index"":16452,""gate"":""M"",""qubit"":256,""basis"":""Z""},{""record_index"":904,""instruction_index"":14431,""gate"":""M"",""qubit"":256,""basis"":""Z""}]"
977,Z,[1625.0],25602,1872,"[-823,-967]","[1049,905]","[{""record_index"":1049,""instruction_index"":16452,""gate"":""M"",""qubit"":257,""basis"":""Z""},{""record_index"":905,""instruction_index"":14431,""gate"":""M"",""qubit"":257,""basis"":""Z""}]"
978,Z,[1626.0],25603,1872,"[-822,-966]","[1050,906]","[{""record_index"":1050,""instruction_index"":16452,""gate"":""M"",""qubit"":258,""basis"":""Z""},{""record_index"":906,""instruction_index"":14431,""gate"":""M"",""qubit"":258,""basis"":""Z""}]"
979,Z,[1627.0],25604,1872,"[-821,-965]","[1051,907]","[{""record_index"":1051,""instruction_index"":16452,""gate"":""M"",""qubit"":259,""basis"":""Z""},{""record_index"":907,""instruction_index"":14431,""gate"":""M"",""qubit"":259,""basis"":""Z""}]"
980,Z,[1628.0],25605,1872,"[-820,-964]","[1052,908]","[{""record_index"":1052,""instruction_index"":16452,""gate"":""M"",""qubit"":260,""basis"":""Z""},{""record_index"":908,""instruction_index"":14431,""gate"":""M"",""qubit"":260,""basis"":""Z""}]"
981,Z,[1629.0],25606,1872,"[-819,-963]","[1053,909]","[{""record_index"":1053,""instruction_index"":16452,""gate"":""M"",""qubit"":261,""basis"":""Z""},{""record_index"":909,""instruction_index"":14431,""gate"":""M"",""qubit"":261,""basis"":""Z""}]"
982,Z,[1630.0],25607,1872,"[-818,-962]","[1054,910]","[{""record_index"":1054,""instruction_index"":16452,""gate"":""M"",""qubit"":262,""basis"":""Z""},{""record_index"":910,""instruction_index"":14431,""gate"":""M"",""qubit"":262,""basis"":""Z""}]"
983,Z,[1631.0],25608,1872,"[-817,-961]","[1055,911]","[{""record_index"":1055,""instruction_index"":16452,""gate"":""M"",""qubit"":263,""basis"":""Z""},{""record_index"":911,""instruction_index"":14431,""gate"":""M"",""qubit"":263,""basis"":""Z""}]"
984,Z,[1632.0],25609,1872,"[-816,-960]","[1056,912]","[{""record_index"":1056,""instruction_index"":16452,""gate"":""M"",""qubit"":264,""basis"":""Z""},{""record_index"":912,""instruction_index"":14431,""gate"":""M"",""qubit"":264,""basis"":""Z""}]"
985,Z,[1633.0],25610,1872,"[-815,-959]","[1057,913]","[{""record_index"":1057,""instruction_index"":16452,""gate"":""M"",""qubit"":265,""basis"":""Z""},{""record_index"":913,""instruction_index"":14431,""gate"":""M"",""qubit"":265,""basis"":""Z""}]"
986,Z,[1634.0],25611,1872,"[-814,-958]","[1058,914]","[{""record_index"":1058,""instruction_index"":16452,""gate"":""M"",""qubit"":266,""basis"":""Z""},{""record_index"":914,""instruction_index"":14431,""gate"":""M"",""qubit"":266,""basis"":""Z""}]"
987,Z,[1635.0],25612,1872,"[-813,-957]","[1059,915]","[{""record_index"":1059,""instruction_index"":16452,""gate"":""M"",""qubit"":267,""basis"":""Z""},{""record_index"":915,""instruction_index"":14431,""gate"":""M"",""qubit"":267,""basis"":""Z""}]"
988,Z,[1636.0],25613,1872,"[-812,-956]","[1060,916]","[{""record_index"":1060,""instruction_index"":16452,""gate"":""M"",""qubit"":268,""basis"":""Z""},{""record_index"":916,""instruction_index"":14431,""gate"":""M"",""qubit"":268,""basis"":""Z""}]"
989,Z,[1637.0],25614,1872,"[-811,-955]","[1061,917]","[{""record_index"":1061,""instruction_index"":16452,""gate"":""M"",""qubit"":269,""basis"":""Z""},{""record_index"":917,""instruction_index"":14431,""gate"":""M"",""qubit"":269,""basis"":""Z""}]"
990,Z,[1638.0],25615,1872,"[-810,-954]","[1062,918]","[{""record_index"":1062,""instruction_index"":16452,""gate"":""M"",""qubit"":270,""basis"":""Z""},{""record_index"":918,""instruction_index"":14431,""gate"":""M"",""qubit"":270,""basis"":""Z""}]"
991,Z,[1639.0],25616,1872,"[-809,-953]","[1063,919]","[{""record_index"":1063,""instruction_index"":16452,""gate"":""M"",""qubit"":271,""basis"":""Z""},{""record_index"":919,""instruction_index"":14431,""gate"":""M"",""qubit"":271,""basis"":""Z""}]"
992,Z,[1640.0],25617,1872,"[-808,-952]","[1064,920]","[{""record_index"":1064,""instruction_index"":16452,""gate"":""M"",""qubit"":272,""basis"":""Z""},{""record_index"":920,""instruction_index"":14431,""gate"":""M"",""qubit"":272,""basis"":""Z""}]"
993,Z,[1641.0],25618,1872,"[-807,-951]","[1065,921]","[{""record_index"":1065,""instruction_index"":16452,""gate"":""M"",""qubit"":273,""basis"":""Z""},{""record_index"":921,""instruction_index"":14431,""gate"":""M"",""qubit"":273,""basis"":""Z""}]"
994,Z,[1642.0],25619,1872,"[-806,-950]","[1066,922]","[{""record_index"":1066,""instruction_index"":16452,""gate"":""M"",""qubit"":274,""basis"":""Z""},{""record_index"":922,""instruction_index"":14431,""gate"":""M"",""qubit"":274,""basis"":""Z""}]"
995,Z,[1643.0],25620,1872,"[-805,-949]","[1067,923]","[{""record_index"":1067,""instruction_index"":16452,""gate"":""M"",""qubit"":275,""basis"":""Z""},{""record_index"":923,""instruction_index"":14431,""gate"":""M"",""qubit"":275,""basis"":""Z""}]"
996,Z,[1644.0],25621,1872,"[-804,-948]","[1068,924]","[{""record_index"":1068,""instruction_index"":16452,""gate"":""M"",""qubit"":276,""basis"":""Z""},{""record_index"":924,""instruction_index"":14431,""gate"":""M"",""qubit"":276,""basis"":""Z""}]"
997,Z,[1645.0],25622,1872,"[-803,-947]","[1069,925]","[{""record_index"":1069,""instruction_index"":16452,""gate"":""M"",""qubit"":277,""basis"":""Z""},{""record_index"":925,""instruction_index"":14431,""gate"":""M"",""qubit"":277,""basis"":""Z""}]"
998,Z,[1646.0],25623,1872,"[-802,-946]","[1070,926]","[{""record_index"":1070,""instruction_index"":16452,""gate"":""M"",""qubit"":278,""basis"":""Z""},{""record_index"":926,""instruction_index"":14431,""gate"":""M"",""qubit"":278,""basis"":""Z""}]"
999,Z,[1647.0],25624,1872,"[-801,-945]","[1071,927]","[{""record_index"":1071,""instruction_index"":16452,""gate"":""M"",""qubit"":279,""basis"":""Z""},{""record_index"":927,""instruction_index"":14431,""gate"":""M"",""qubit"":279,""basis"":""Z""}]"
1000,Z,[1648.0],25625,1872,"[-800,-944]","[1072,928]","[{""record_index"":1072,""instruction_index"":16452,""gate"":""M"",""qubit"":280,""basis"":""Z""},{""record_index"":928,""instruction_index"":14431,""gate"":""M"",""qubit"":280,""basis"":""Z""}]"
1001,Z,[1649.0],25626,1872,"[-799,-943]","[1073,929]","[{""record_index"":1073,""instruction_index"":16452,""gate"":""M"",""qubit"":281,""basis"":""Z""},{""record_index"":929,""instruction_index"":14431,""gate"":""M"",""qubit"":281,""basis"":""Z""}]"
1002,Z,[1650.0],25627,1872,"[-798,-942]","[1074,930]","[{""record_index"":1074,""instruction_index"":16452,""gate"":""M"",""qubit"":282,""basis"":""Z""},{""record_index"":930,""instruction_index"":14431,""gate"":""M"",""qubit"":282,""basis"":""Z""}]"
1003,Z,[1651.0],25628,1872,"[-797,-941]","[1075,931]","[{""record_index"":1075,""instruction_index"":16452,""gate"":""M"",""qubit"":283,""basis"":""Z""},{""record_index"":931,""instruction_index"":14431,""gate"":""M"",""qubit"":283,""basis"":""Z""}]"
1004,Z,[1652.0],25629,1872,"[-796,-940]","[1076,932]","[{""record_index"":1076,""instruction_index"":16452,""gate"":""M"",""qubit"":284,""basis"":""Z""},{""record_index"":932,""instruction_index"":14431,""gate"":""M"",""qubit"":284,""basis"":""Z""}]"
1005,Z,[1653.0],25630,1872,"[-795,-939]","[1077,933]","[{""record_index"":1077,""instruction_index"":16452,""gate"":""M"",""qubit"":285,""basis"":""Z""},{""record_index"":933,""instruction_index"":14431,""gate"":""M"",""qubit"":285,""basis"":""Z""}]"
1006,Z,[1654.0],25631,1872,"[-794,-938]","[1078,934]","[{""record_index"":1078,""instruction_index"":16452,""gate"":""M"",""qubit"":286,""basis"":""Z""},{""record_index"":934,""instruction_index"":14431,""gate"":""M"",""qubit"":286,""basis"":""Z""}]"
1007,Z,[1655.0],25632,1872,"[-793,-937]","[1079,935]","[{""record_index"":1079,""instruction_index"":16452,""gate"":""M"",""qubit"":287,""basis"":""Z""},{""record_index"":935,""instruction_index"":14431,""gate"":""M"",""qubit"":287,""basis"":""Z""}]"
1008,X,[1512.0],25634,1872,"[-792,-936]","[1080,936]","[{""record_index"":1080,""instruction_index"":16454,""gate"":""MX"",""qubit"":144,""basis"":""X""},{""record_index"":936,""instruction_index"":14433,""gate"":""MX"",""qubit"":144,""basis"":""X""}]"
1009,X,[1513.0],25635,1872,"[-791,-935]","[1081,937]","[{""record_index"":1081,""instruction_index"":16454,""gate"":""MX"",""qubit"":145,""basis"":""X""},{""record_index"":937,""instruction_index"":14433,""gate"":""MX"",""qubit"":145,""basis"":""X""}]"
1010,X,[1514.0],25636,1872,"[-790,-934]","[1082,938]","[{""record_index"":1082,""instruction_index"":16454,""gate"":""MX"",""qubit"":146,""basis"":""X""},{""record_index"":938,""instruction_index"":14433,""gate"":""MX"",""qubit"":146,""basis"":""X""}]"
1011,X,[1515.0],25637,1872,"[-789,-933]","[1083,939]","[{""record_index"":1083,""instruction_index"":16454,""gate"":""MX"",""qubit"":147,""basis"":""X""},{""record_index"":939,""instruction_index"":14433,""gate"":""MX"",""qubit"":147,""basis"":""X""}]"
1012,X,[1516.0],25638,1872,"[-788,-932]","[1084,940]","[{""record_index"":1084,""instruction_index"":16454,""gate"":""MX"",""qubit"":148,""basis"":""X""},{""record_index"":940,""instruction_index"":14433,""gate"":""MX"",""qubit"":148,""basis"":""X""}]"
1013,X,[1517.0],25639,1872,"[-787,-931]","[1085,941]","[{""record_index"":1085,""instruction_index"":16454,""gate"":""MX"",""qubit"":149,""basis"":""X""},{""record_index"":941,""instruction_index"":14433,""gate"":""MX"",""qubit"":149,""basis"":""X""}]"
1014,X,[1518.0],25640,1872,"[-786,-930]","[1086,942]","[{""record_index"":1086,""instruction_index"":16454,""gate"":""MX"",""qubit"":150,""basis"":""X""},{""record_index"":942,""instruction_index"":14433,""gate"":""MX"",""qubit"":150,""basis"":""X""}]"
1015,X,[1519.0],25641,1872,"[-785,-929]","[1087,943]","[{""record_index"":1087,""instruction_index"":16454,""gate"":""MX"",""qubit"":151,""basis"":""X""},{""record_index"":943,""instruction_index"":14433,""gate"":""MX"",""qubit"":151,""basis"":""X""}]"
1016,X,[1520.0],25642,1872,"[-784,-928]","[1088,944]","[{""record_index"":1088,""instruction_index"":16454,""gate"":""MX"",""qubit"":152,""basis"":""X""},{""record_index"":944,""instruction_index"":14433,""gate"":""MX"",""qubit"":152,""basis"":""X""}]"
1017,X,[1521.0],25643,1872,"[-783,-927]","[1089,945]","[{""record_index"":1089,""instruction_index"":16454,""gate"":""MX"",""qubit"":153,""basis"":""X""},{""record_index"":945,""instruction_index"":14433,""gate"":""MX"",""qubit"":153,""basis"":""X""}]"
1018,X,[1522.0],25644,1872,"[-782,-926]","[1090,946]","[{""record_index"":1090,""instruction_index"":16454,""gate"":""MX"",""qubit"":154,""basis"":""X""},{""record_index"":946,""instruction_index"":14433,""gate"":""MX"",""qubit"":154,""basis"":""X""}]"
1019,X,[1523.0],25645,1872,"[-781,-925]","[1091,947]","[{""record_index"":1091,""instruction_index"":16454,""gate"":""MX"",""qubit"":155,""basis"":""X""},{""record_index"":947,""instruction_index"":14433,""gate"":""MX"",""qubit"":155,""basis"":""X""}]"
1020,X,[1524.0],25646,1872,"[-780,-924]","[1092,948]","[{""record_index"":1092,""instruction_index"":16454,""gate"":""MX"",""qubit"":156,""basis"":""X""},{""record_index"":948,""instruction_index"":14433,""gate"":""MX"",""qubit"":156,""basis"":""X""}]"
1021,X,[1525.0],25647,1872,"[-779,-923]","[1093,949]","[{""record_index"":1093,""instruction_index"":16454,""gate"":""MX"",""qubit"":157,""basis"":""X""},{""record_index"":949,""instruction_index"":14433,""gate"":""MX"",""qubit"":157,""basis"":""X""}]"
1022,X,[1526.0],25648,1872,"[-778,-922]","[1094,950]","[{""record_index"":1094,""instruction_index"":16454,""gate"":""MX"",""qubit"":158,""basis"":""X""},{""record_index"":950,""instruction_index"":14433,""gate"":""MX"",""qubit"":158,""basis"":""X""}]"
1023,X,[1527.0],25649,1872,"[-777,-921]","[1095,951]","[{""record_index"":1095,""instruction_index"":16454,""gate"":""MX"",""qubit"":159,""basis"":""X""},{""record_index"":951,""instruction_index"":14433,""gate"":""MX"",""qubit"":159,""basis"":""X""}]"
1024,X,[1528.0],25650,1872,"[-776,-920]","[1096,952]","[{""record_index"":1096,""instruction_index"":16454,""gate"":""MX"",""qubit"":160,""basis"":""X""},{""record_index"":952,""instruction_index"":14433,""gate"":""MX"",""qubit"":160,""basis"":""X""}]"
1025,X,[1529.0],25651,1872,"[-775,-919]","[1097,953]","[{""record_index"":1097,""instruction_index"":16454,""gate"":""MX"",""qubit"":161,""basis"":""X""},{""record_index"":953,""instruction_index"":14433,""gate"":""MX"",""qubit"":161,""basis"":""X""}]"
1026,X,[1530.0],25652,1872,"[-774,-918]","[1098,954]","[{""record_index"":1098,""instruction_index"":16454,""gate"":""MX"",""qubit"":162,""basis"":""X""},{""record_index"":954,""instruction_index"":14433,""gate"":""MX"",""qubit"":162,""basis"":""X""}]"
1027,X,[1531.0],25653,1872,"[-773,-917]","[1099,955]","[{""record_index"":1099,""instruction_index"":16454,""gate"":""MX"",""qubit"":163,""basis"":""X""},{""record_index"":955,""instruction_index"":14433,""gate"":""MX"",""qubit"":163,""basis"":""X""}]"
1028,X,[1532.0],25654,1872,"[-772,-916]","[1100,956]","[{""record_index"":1100,""instruction_index"":16454,""gate"":""MX"",""qubit"":164,""basis"":""X""},{""record_index"":956,""instruction_index"":14433,""gate"":""MX"",""qubit"":164,""basis"":""X""}]"
1029,X,[1533.0],25655,1872,"[-771,-915]","[1101,957]","[{""record_index"":1101,""instruction_index"":16454,""gate"":""MX"",""qubit"":165,""basis"":""X""},{""record_index"":957,""instruction_index"":14433,""gate"":""MX"",""qubit"":165,""basis"":""X""}]"
1030,X,[1534.0],25656,1872,"[-770,-914]","[1102,958]","[{""record_index"":1102,""instruction_index"":16454,""gate"":""MX"",""qubit"":166,""basis"":""X""},{""record_index"":958,""instruction_index"":14433,""gate"":""MX"",""qubit"":166,""basis"":""X""}]"
1031,X,[1535.0],25657,1872,"[-769,-913]","[1103,959]","[{""record_index"":1103,""instruction_index"":16454,""gate"":""MX"",""qubit"":167,""basis"":""X""},{""record_index"":959,""instruction_index"":14433,""gate"":""MX"",""qubit"":167,""basis"":""X""}]"
1032,X,[1536.0],25658,1872,"[-768,-912]","[1104,960]","[{""record_index"":1104,""instruction_index"":16454,""gate"":""MX"",""qubit"":168,""basis"":""X""},{""record_index"":960,""instruction_index"":14433,""gate"":""MX"",""qubit"":168,""basis"":""X""}]"
1033,X,[1537.0],25659,1872,"[-767,-911]","[1105,961]","[{""record_index"":1105,""instruction_index"":16454,""gate"":""MX"",""qubit"":169,""basis"":""X""},{""record_index"":961,""instruction_index"":14433,""gate"":""MX"",""qubit"":169,""basis"":""X""}]"
1034,X,[1538.0],25660,1872,"[-766,-910]","[1106,962]","[{""record_index"":1106,""instruction_index"":16454,""gate"":""MX"",""qubit"":170,""basis"":""X""},{""record_index"":962,""instruction_index"":14433,""gate"":""MX"",""qubit"":170,""basis"":""X""}]"
1035,X,[1539.0],25661,1872,"[-765,-909]","[1107,963]","[{""record_index"":1107,""instruction_index"":16454,""gate"":""MX"",""qubit"":171,""basis"":""X""},{""record_index"":963,""instruction_index"":14433,""gate"":""MX"",""qubit"":171,""basis"":""X""}]"
1036,X,[1540.0],25662,1872,"[-764,-908]","[1108,964]","[{""record_index"":1108,""instruction_index"":16454,""gate"":""MX"",""qubit"":172,""basis"":""X""},{""record_index"":964,""instruction_index"":14433,""gate"":""MX"",""qubit"":172,""basis"":""X""}]"
1037,X,[1541.0],25663,1872,"[-763,-907]","[1109,965]","[{""record_index"":1109,""instruction_index"":16454,""gate"":""MX"",""qubit"":173,""basis"":""X""},{""record_index"":965,""instruction_index"":14433,""gate"":""MX"",""qubit"":173,""basis"":""X""}]"
1038,X,[1542.0],25664,1872,"[-762,-906]","[1110,966]","[{""record_index"":1110,""instruction_index"":16454,""gate"":""MX"",""qubit"":174,""basis"":""X""},{""record_index"":966,""instruction_index"":14433,""gate"":""MX"",""qubit"":174,""basis"":""X""}]"
1039,X,[1543.0],25665,1872,"[-761,-905]","[1111,967]","[{""record_index"":1111,""instruction_index"":16454,""gate"":""MX"",""qubit"":175,""basis"":""X""},{""record_index"":967,""instruction_index"":14433,""gate"":""MX"",""qubit"":175,""basis"":""X""}]"
1040,X,[1544.0],25666,1872,"[-760,-904]","[1112,968]","[{""record_index"":1112,""instruction_index"":16454,""gate"":""MX"",""qubit"":176,""basis"":""X""},{""record_index"":968,""instruction_index"":14433,""gate"":""MX"",""qubit"":176,""basis"":""X""}]"
1041,X,[1545.0],25667,1872,"[-759,-903]","[1113,969]","[{""record_index"":1113,""instruction_index"":16454,""gate"":""MX"",""qubit"":177,""basis"":""X""},{""record_index"":969,""instruction_index"":14433,""gate"":""MX"",""qubit"":177,""basis"":""X""}]"
1042,X,[1546.0],25668,1872,"[-758,-902]","[1114,970]","[{""record_index"":1114,""instruction_index"":16454,""gate"":""MX"",""qubit"":178,""basis"":""X""},{""record_index"":970,""instruction_index"":14433,""gate"":""MX"",""qubit"":178,""basis"":""X""}]"
1043,X,[1547.0],25669,1872,"[-757,-901]","[1115,971]","[{""record_index"":1115,""instruction_index"":16454,""gate"":""MX"",""qubit"":179,""basis"":""X""},{""record_index"":971,""instruction_index"":14433,""gate"":""MX"",""qubit"":179,""basis"":""X""}]"
1044,X,[1548.0],25670,1872,"[-756,-900]","[1116,972]","[{""record_index"":1116,""instruction_index"":16454,""gate"":""MX"",""qubit"":180,""basis"":""X""},{""record_index"":972,""instruction_index"":14433,""gate"":""MX"",""qubit"":180,""basis"":""X""}]"
1045,X,[1549.0],25671,1872,"[-755,-899]","[1117,973]","[{""record_index"":1117,""instruction_index"":16454,""gate"":""MX"",""qubit"":181,""basis"":""X""},{""record_index"":973,""instruction_index"":14433,""gate"":""MX"",""qubit"":181,""basis"":""X""}]"
1046,X,[1550.0],25672,1872,"[-754,-898]","[1118,974]","[{""record_index"":1118,""instruction_index"":16454,""gate"":""MX"",""qubit"":182,""basis"":""X""},{""record_index"":974,""instruction_index"":14433,""gate"":""MX"",""qubit"":182,""basis"":""X""}]"
1047,X,[1551.0],25673,1872,"[-753,-897]","[1119,975]","[{""record_index"":1119,""instruction_index"":16454,""gate"":""MX"",""qubit"":183,""basis"":""X""},{""record_index"":975,""instruction_index"":14433,""gate"":""MX"",""qubit"":183,""basis"":""X""}]"
1048,X,[1552.0],25674,1872,"[-752,-896]","[1120,976]","[{""record_index"":1120,""instruction_index"":16454,""gate"":""MX"",""qubit"":184,""basis"":""X""},{""record_index"":976,""instruction_index"":14433,""gate"":""MX"",""qubit"":184,""basis"":""X""}]"
1049,X,[1553.0],25675,1872,"[-751,-895]","[1121,977]","[{""record_index"":1121,""instruction_index"":16454,""gate"":""MX"",""qubit"":185,""basis"":""X""},{""record_index"":977,""instruction_index"":14433,""gate"":""MX"",""qubit"":185,""basis"":""X""}]"
1050,X,[1554.0],25676,1872,"[-750,-894]","[1122,978]","[{""record_index"":1122,""instruction_index"":16454,""gate"":""MX"",""qubit"":186,""basis"":""X""},{""record_index"":978,""instruction_index"":14433,""gate"":""MX"",""qubit"":186,""basis"":""X""}]"
1051,X,[1555.0],25677,1872,"[-749,-893]","[1123,979]","[{""record_index"":1123,""instruction_index"":16454,""gate"":""MX"",""qubit"":187,""basis"":""X""},{""record_index"":979,""instruction_index"":14433,""gate"":""MX"",""qubit"":187,""basis"":""X""}]"
1052,X,[1556.0],25678,1872,"[-748,-892]","[1124,980]","[{""record_index"":1124,""instruction_index"":16454,""gate"":""MX"",""qubit"":188,""basis"":""X""},{""record_index"":980,""instruction_index"":14433,""gate"":""MX"",""qubit"":188,""basis"":""X""}]"
1053,X,[1557.0],25679,1872,"[-747,-891]","[1125,981]","[{""record_index"":1125,""instruction_index"":16454,""gate"":""MX"",""qubit"":189,""basis"":""X""},{""record_index"":981,""instruction_index"":14433,""gate"":""MX"",""qubit"":189,""basis"":""X""}]"
1054,X,[1558.0],25680,1872,"[-746,-890]","[1126,982]","[{""record_index"":1126,""instruction_index"":16454,""gate"":""MX"",""qubit"":190,""basis"":""X""},{""record_index"":982,""instruction_index"":14433,""gate"":""MX"",""qubit"":190,""basis"":""X""}]"
1055,X,[1559.0],25681,1872,"[-745,-889]","[1127,983]","[{""record_index"":1127,""instruction_index"":16454,""gate"":""MX"",""qubit"":191,""basis"":""X""},{""record_index"":983,""instruction_index"":14433,""gate"":""MX"",""qubit"":191,""basis"":""X""}]"
1056,X,[1560.0],25682,1872,"[-744,-888]","[1128,984]","[{""record_index"":1128,""instruction_index"":16454,""gate"":""MX"",""qubit"":192,""basis"":""X""},{""record_index"":984,""instruction_index"":14433,""gate"":""MX"",""qubit"":192,""basis"":""X""}]"
1057,X,[1561.0],25683,1872,"[-743,-887]","[1129,985]","[{""record_index"":1129,""instruction_index"":16454,""gate"":""MX"",""qubit"":193,""basis"":""X""},{""record_index"":985,""instruction_index"":14433,""gate"":""MX"",""qubit"":193,""basis"":""X""}]"
1058,X,[1562.0],25684,1872,"[-742,-886]","[1130,986]","[{""record_index"":1130,""instruction_index"":16454,""gate"":""MX"",""qubit"":194,""basis"":""X""},{""record_index"":986,""instruction_index"":14433,""gate"":""MX"",""qubit"":194,""basis"":""X""}]"
1059,X,[1563.0],25685,1872,"[-741,-885]","[1131,987]","[{""record_index"":1131,""instruction_index"":16454,""gate"":""MX"",""qubit"":195,""basis"":""X""},{""record_index"":987,""instruction_index"":14433,""gate"":""MX"",""qubit"":195,""basis"":""X""}]"
1060,X,[1564.0],25686,1872,"[-740,-884]","[1132,988]","[{""record_index"":1132,""instruction_index"":16454,""gate"":""MX"",""qubit"":196,""basis"":""X""},{""record_index"":988,""instruction_index"":14433,""gate"":""MX"",""qubit"":196,""basis"":""X""}]"
1061,X,[1565.0],25687,1872,"[-739,-883]","[1133,989]","[{""record_index"":1133,""instruction_index"":16454,""gate"":""MX"",""qubit"":197,""basis"":""X""},{""record_index"":989,""instruction_index"":14433,""gate"":""MX"",""qubit"":197,""basis"":""X""}]"
1062,X,[1566.0],25688,1872,"[-738,-882]","[1134,990]","[{""record_index"":1134,""instruction_index"":16454,""gate"":""MX"",""qubit"":198,""basis"":""X""},{""record_index"":990,""instruction_index"":14433,""gate"":""MX"",""qubit"":198,""basis"":""X""}]"
1063,X,[1567.0],25689,1872,"[-737,-881]","[1135,991]","[{""record_index"":1135,""instruction_index"":16454,""gate"":""MX"",""qubit"":199,""basis"":""X""},{""record_index"":991,""instruction_index"":14433,""gate"":""MX"",""qubit"":199,""basis"":""X""}]"
1064,X,[1568.0],25690,1872,"[-736,-880]","[1136,992]","[{""record_index"":1136,""instruction_index"":16454,""gate"":""MX"",""qubit"":200,""basis"":""X""},{""record_index"":992,""instruction_index"":14433,""gate"":""MX"",""qubit"":200,""basis"":""X""}]"
1065,X,[1569.0],25691,1872,"[-735,-879]","[1137,993]","[{""record_index"":1137,""instruction_index"":16454,""gate"":""MX"",""qubit"":201,""basis"":""X""},{""record_index"":993,""instruction_index"":14433,""gate"":""MX"",""qubit"":201,""basis"":""X""}]"
1066,X,[1570.0],25692,1872,"[-734,-878]","[1138,994]","[{""record_index"":1138,""instruction_index"":16454,""gate"":""MX"",""qubit"":202,""basis"":""X""},{""record_index"":994,""instruction_index"":14433,""gate"":""MX"",""qubit"":202,""basis"":""X""}]"
1067,X,[1571.0],25693,1872,"[-733,-877]","[1139,995]","[{""record_index"":1139,""instruction_index"":16454,""gate"":""MX"",""qubit"":203,""basis"":""X""},{""record_index"":995,""instruction_index"":14433,""gate"":""MX"",""qubit"":203,""basis"":""X""}]"
1068,X,[1572.0],25694,1872,"[-732,-876]","[1140,996]","[{""record_index"":1140,""instruction_index"":16454,""gate"":""MX"",""qubit"":204,""basis"":""X""},{""record_index"":996,""instruction_index"":14433,""gate"":""MX"",""qubit"":204,""basis"":""X""}]"
1069,X,[1573.0],25695,1872,"[-731,-875]","[1141,997]","[{""record_index"":1141,""instruction_index"":16454,""gate"":""MX"",""qubit"":205,""basis"":""X""},{""record_index"":997,""instruction_index"":14433,""gate"":""MX"",""qubit"":205,""basis"":""X""}]"
1070,X,[1574.0],25696,1872,"[-730,-874]","[1142,998]","[{""record_index"":1142,""instruction_index"":16454,""gate"":""MX"",""qubit"":206,""basis"":""X""},{""record_index"":998,""instruction_index"":14433,""gate"":""MX"",""qubit"":206,""basis"":""X""}]"
1071,X,[1575.0],25697,1872,"[-729,-873]","[1143,999]","[{""record_index"":1143,""instruction_index"":16454,""gate"":""MX"",""qubit"":207,""basis"":""X""},{""record_index"":999,""instruction_index"":14433,""gate"":""MX"",""qubit"":207,""basis"":""X""}]"
1072,X,[1576.0],25698,1872,"[-728,-872]","[1144,1000]","[{""record_index"":1144,""instruction_index"":16454,""gate"":""MX"",""qubit"":208,""basis"":""X""},{""record_index"":1000,""instruction_index"":14433,""gate"":""MX"",""qubit"":208,""basis"":""X""}]"
1073,X,[1577.0],25699,1872,"[-727,-871]","[1145,1001]","[{""record_index"":1145,""instruction_index"":16454,""gate"":""MX"",""qubit"":209,""basis"":""X""},{""record_index"":1001,""instruction_index"":14433,""gate"":""MX"",""qubit"":209,""basis"":""X""}]"
1074,X,[1578.0],25700,1872,"[-726,-870]","[1146,1002]","[{""record_index"":1146,""instruction_index"":16454,""gate"":""MX"",""qubit"":210,""basis"":""X""},{""record_index"":1002,""instruction_index"":14433,""gate"":""MX"",""qubit"":210,""basis"":""X""}]"
1075,X,[1579.0],25701,1872,"[-725,-869]","[1147,1003]","[{""record_index"":1147,""instruction_index"":16454,""gate"":""MX"",""qubit"":211,""basis"":""X""},{""record_index"":1003,""instruction_index"":14433,""gate"":""MX"",""qubit"":211,""basis"":""X""}]"
1076,X,[1580.0],25702,1872,"[-724,-868]","[1148,1004]","[{""record_index"":1148,""instruction_index"":16454,""gate"":""MX"",""qubit"":212,""basis"":""X""},{""record_index"":1004,""instruction_index"":14433,""gate"":""MX"",""qubit"":212,""basis"":""X""}]"
1077,X,[1581.0],25703,1872,"[-723,-867]","[1149,1005]","[{""record_index"":1149,""instruction_index"":16454,""gate"":""MX"",""qubit"":213,""basis"":""X""},{""record_index"":1005,""instruction_index"":14433,""gate"":""MX"",""qubit"":213,""basis"":""X""}]"
1078,X,[1582.0],25704,1872,"[-722,-866]","[1150,1006]","[{""record_index"":1150,""instruction_index"":16454,""gate"":""MX"",""qubit"":214,""basis"":""X""},{""record_index"":1006,""instruction_index"":14433,""gate"":""MX"",""qubit"":214,""basis"":""X""}]"
1079,X,[1583.0],25705,1872,"[-721,-865]","[1151,1007]","[{""record_index"":1151,""instruction_index"":16454,""gate"":""MX"",""qubit"":215,""basis"":""X""},{""record_index"":1007,""instruction_index"":14433,""gate"":""MX"",""qubit"":215,""basis"":""X""}]"
1080,Z,[1800.0],25716,1872,"[-720,-864]","[1152,1008]","[{""record_index"":1152,""instruction_index"":18473,""gate"":""M"",""qubit"":216,""basis"":""Z""},{""record_index"":1008,""instruction_index"":16452,""gate"":""M"",""qubit"":216,""basis"":""Z""}]"
1081,Z,[1801.0],25717,1872,"[-719,-863]","[1153,1009]","[{""record_index"":1153,""instruction_index"":18473,""gate"":""M"",""qubit"":217,""basis"":""Z""},{""record_index"":1009,""instruction_index"":16452,""gate"":""M"",""qubit"":217,""basis"":""Z""}]"
1082,Z,[1802.0],25718,1872,"[-718,-862]","[1154,1010]","[{""record_index"":1154,""instruction_index"":18473,""gate"":""M"",""qubit"":218,""basis"":""Z""},{""record_index"":1010,""instruction_index"":16452,""gate"":""M"",""qubit"":218,""basis"":""Z""}]"
1083,Z,[1803.0],25719,1872,"[-717,-861]","[1155,1011]","[{""record_index"":1155,""instruction_index"":18473,""gate"":""M"",""qubit"":219,""basis"":""Z""},{""record_index"":1011,""instruction_index"":16452,""gate"":""M"",""qubit"":219,""basis"":""Z""}]"
1084,Z,[1804.0],25720,1872,"[-716,-860]","[1156,1012]","[{""record_index"":1156,""instruction_index"":18473,""gate"":""M"",""qubit"":220,""basis"":""Z""},{""record_index"":1012,""instruction_index"":16452,""gate"":""M"",""qubit"":220,""basis"":""Z""}]"
1085,Z,[1805.0],25721,1872,"[-715,-859]","[1157,1013]","[{""record_index"":1157,""instruction_index"":18473,""gate"":""M"",""qubit"":221,""basis"":""Z""},{""record_index"":1013,""instruction_index"":16452,""gate"":""M"",""qubit"":221,""basis"":""Z""}]"
1086,Z,[1806.0],25722,1872,"[-714,-858]","[1158,1014]","[{""record_index"":1158,""instruction_index"":18473,""gate"":""M"",""qubit"":222,""basis"":""Z""},{""record_index"":1014,""instruction_index"":16452,""gate"":""M"",""qubit"":222,""basis"":""Z""}]"
1087,Z,[1807.0],25723,1872,"[-713,-857]","[1159,1015]","[{""record_index"":1159,""instruction_index"":18473,""gate"":""M"",""qubit"":223,""basis"":""Z""},{""record_index"":1015,""instruction_index"":16452,""gate"":""M"",""qubit"":223,""basis"":""Z""}]"
1088,Z,[1808.0],25724,1872,"[-712,-856]","[1160,1016]","[{""record_index"":1160,""instruction_index"":18473,""gate"":""M"",""qubit"":224,""basis"":""Z""},{""record_index"":1016,""instruction_index"":16452,""gate"":""M"",""qubit"":224,""basis"":""Z""}]"
1089,Z,[1809.0],25725,1872,"[-711,-855]","[1161,1017]","[{""record_index"":1161,""instruction_index"":18473,""gate"":""M"",""qubit"":225,""basis"":""Z""},{""record_index"":1017,""instruction_index"":16452,""gate"":""M"",""qubit"":225,""basis"":""Z""}]"
1090,Z,[1810.0],25726,1872,"[-710,-854]","[1162,1018]","[{""record_index"":1162,""instruction_index"":18473,""gate"":""M"",""qubit"":226,""basis"":""Z""},{""record_index"":1018,""instruction_index"":16452,""gate"":""M"",""qubit"":226,""basis"":""Z""}]"
1091,Z,[1811.0],25727,1872,"[-709,-853]","[1163,1019]","[{""record_index"":1163,""instruction_index"":18473,""gate"":""M"",""qubit"":227,""basis"":""Z""},{""record_index"":1019,""instruction_index"":16452,""gate"":""M"",""qubit"":227,""basis"":""Z""}]"
1092,Z,[1812.0],25728,1872,"[-708,-852]","[1164,1020]","[{""record_index"":1164,""instruction_index"":18473,""gate"":""M"",""qubit"":228,""basis"":""Z""},{""record_index"":1020,""instruction_index"":16452,""gate"":""M"",""qubit"":228,""basis"":""Z""}]"
1093,Z,[1813.0],25729,1872,"[-707,-851]","[1165,1021]","[{""record_index"":1165,""instruction_index"":18473,""gate"":""M"",""qubit"":229,""basis"":""Z""},{""record_index"":1021,""instruction_index"":16452,""gate"":""M"",""qubit"":229,""basis"":""Z""}]"
1094,Z,[1814.0],25730,1872,"[-706,-850]","[1166,1022]","[{""record_index"":1166,""instruction_index"":18473,""gate"":""M"",""qubit"":230,""basis"":""Z""},{""record_index"":1022,""instruction_index"":16452,""gate"":""M"",""qubit"":230,""basis"":""Z""}]"
1095,Z,[1815.0],25731,1872,"[-705,-849]","[1167,1023]","[{""record_index"":1167,""instruction_index"":18473,""gate"":""M"",""qubit"":231,""basis"":""Z""},{""record_index"":1023,""instruction_index"":16452,""gate"":""M"",""qubit"":231,""basis"":""Z""}]"
1096,Z,[1816.0],25732,1872,"[-704,-848]","[1168,1024]","[{""record_index"":1168,""instruction_index"":18473,""gate"":""M"",""qubit"":232,""basis"":""Z""},{""record_index"":1024,""instruction_index"":16452,""gate"":""M"",""qubit"":232,""basis"":""Z""}]"
1097,Z,[1817.0],25733,1872,"[-703,-847]","[1169,1025]","[{""record_index"":1169,""instruction_index"":18473,""gate"":""M"",""qubit"":233,""basis"":""Z""},{""record_index"":1025,""instruction_index"":16452,""gate"":""M"",""qubit"":233,""basis"":""Z""}]"
1098,Z,[1818.0],25734,1872,"[-702,-846]","[1170,1026]","[{""record_index"":1170,""instruction_index"":18473,""gate"":""M"",""qubit"":234,""basis"":""Z""},{""record_index"":1026,""instruction_index"":16452,""gate"":""M"",""qubit"":234,""basis"":""Z""}]"
1099,Z,[1819.0],25735,1872,"[-701,-845]","[1171,1027]","[{""record_index"":1171,""instruction_index"":18473,""gate"":""M"",""qubit"":235,""basis"":""Z""},{""record_index"":1027,""instruction_index"":16452,""gate"":""M"",""qubit"":235,""basis"":""Z""}]"
1100,Z,[1820.0],25736,1872,"[-700,-844]","[1172,1028]","[{""record_index"":1172,""instruction_index"":18473,""gate"":""M"",""qubit"":236,""basis"":""Z""},{""record_index"":1028,""instruction_index"":16452,""gate"":""M"",""qubit"":236,""basis"":""Z""}]"
1101,Z,[1821.0],25737,1872,"[-699,-843]","[1173,1029]","[{""record_index"":1173,""instruction_index"":18473,""gate"":""M"",""qubit"":237,""basis"":""Z""},{""record_index"":1029,""instruction_index"":16452,""gate"":""M"",""qubit"":237,""basis"":""Z""}]"
1102,Z,[1822.0],25738,1872,"[-698,-842]","[1174,1030]","[{""record_index"":1174,""instruction_index"":18473,""gate"":""M"",""qubit"":238,""basis"":""Z""},{""record_index"":1030,""instruction_index"":16452,""gate"":""M"",""qubit"":238,""basis"":""Z""}]"
1103,Z,[1823.0],25739,1872,"[-697,-841]","[1175,1031]","[{""record_index"":1175,""instruction_index"":18473,""gate"":""M"",""qubit"":239,""basis"":""Z""},{""record_index"":1031,""instruction_index"":16452,""gate"":""M"",""qubit"":239,""basis"":""Z""}]"
1104,Z,[1824.0],25740,1872,"[-696,-840]","[1176,1032]","[{""record_index"":1176,""instruction_index"":18473,""gate"":""M"",""qubit"":240,""basis"":""Z""},{""record_index"":1032,""instruction_index"":16452,""gate"":""M"",""qubit"":240,""basis"":""Z""}]"
1105,Z,[1825.0],25741,1872,"[-695,-839]","[1177,1033]","[{""record_index"":1177,""instruction_index"":18473,""gate"":""M"",""qubit"":241,""basis"":""Z""},{""record_index"":1033,""instruction_index"":16452,""gate"":""M"",""qubit"":241,""basis"":""Z""}]"
1106,Z,[1826.0],25742,1872,"[-694,-838]","[1178,1034]","[{""record_index"":1178,""instruction_index"":18473,""gate"":""M"",""qubit"":242,""basis"":""Z""},{""record_index"":1034,""instruction_index"":16452,""gate"":""M"",""qubit"":242,""basis"":""Z""}]"
1107,Z,[1827.0],25743,1872,"[-693,-837]","[1179,1035]","[{""record_index"":1179,""instruction_index"":18473,""gate"":""M"",""qubit"":243,""basis"":""Z""},{""record_index"":1035,""instruction_index"":16452,""gate"":""M"",""qubit"":243,""basis"":""Z""}]"
1108,Z,[1828.0],25744,1872,"[-692,-836]","[1180,1036]","[{""record_index"":1180,""instruction_index"":18473,""gate"":""M"",""qubit"":244,""basis"":""Z""},{""record_index"":1036,""instruction_index"":16452,""gate"":""M"",""qubit"":244,""basis"":""Z""}]"
1109,Z,[1829.0],25745,1872,"[-691,-835]","[1181,1037]","[{""record_index"":1181,""instruction_index"":18473,""gate"":""M"",""qubit"":245,""basis"":""Z""},{""record_index"":1037,""instruction_index"":16452,""gate"":""M"",""qubit"":245,""basis"":""Z""}]"
1110,Z,[1830.0],25746,1872,"[-690,-834]","[1182,1038]","[{""record_index"":1182,""instruction_index"":18473,""gate"":""M"",""qubit"":246,""basis"":""Z""},{""record_index"":1038,""instruction_index"":16452,""gate"":""M"",""qubit"":246,""basis"":""Z""}]"
1111,Z,[1831.0],25747,1872,"[-689,-833]","[1183,1039]","[{""record_index"":1183,""instruction_index"":18473,""gate"":""M"",""qubit"":247,""basis"":""Z""},{""record_index"":1039,""instruction_index"":16452,""gate"":""M"",""qubit"":247,""basis"":""Z""}]"
1112,Z,[1832.0],25748,1872,"[-688,-832]","[1184,1040]","[{""record_index"":1184,""instruction_index"":18473,""gate"":""M"",""qubit"":248,""basis"":""Z""},{""record_index"":1040,""instruction_index"":16452,""gate"":""M"",""qubit"":248,""basis"":""Z""}]"
1113,Z,[1833.0],25749,1872,"[-687,-831]","[1185,1041]","[{""record_index"":1185,""instruction_index"":18473,""gate"":""M"",""qubit"":249,""basis"":""Z""},{""record_index"":1041,""instruction_index"":16452,""gate"":""M"",""qubit"":249,""basis"":""Z""}]"
1114,Z,[1834.0],25750,1872,"[-686,-830]","[1186,1042]","[{""record_index"":1186,""instruction_index"":18473,""gate"":""M"",""qubit"":250,""basis"":""Z""},{""record_index"":1042,""instruction_index"":16452,""gate"":""M"",""qubit"":250,""basis"":""Z""}]"
1115,Z,[1835.0],25751,1872,"[-685,-829]","[1187,1043]","[{""record_index"":1187,""instruction_index"":18473,""gate"":""M"",""qubit"":251,""basis"":""Z""},{""record_index"":1043,""instruction_index"":16452,""gate"":""M"",""qubit"":251,""basis"":""Z""}]"
1116,Z,[1836.0],25752,1872,"[-684,-828]","[1188,1044]","[{""record_index"":1188,""instruction_index"":18473,""gate"":""M"",""qubit"":252,""basis"":""Z""},{""record_index"":1044,""instruction_index"":16452,""gate"":""M"",""qubit"":252,""basis"":""Z""}]"
1117,Z,[1837.0],25753,1872,"[-683,-827]","[1189,1045]","[{""record_index"":1189,""instruction_index"":18473,""gate"":""M"",""qubit"":253,""basis"":""Z""},{""record_index"":1045,""instruction_index"":16452,""gate"":""M"",""qubit"":253,""basis"":""Z""}]"
1118,Z,[1838.0],25754,1872,"[-682,-826]","[1190,1046]","[{""record_index"":1190,""instruction_index"":18473,""gate"":""M"",""qubit"":254,""basis"":""Z""},{""record_index"":1046,""instruction_index"":16452,""gate"":""M"",""qubit"":254,""basis"":""Z""}]"
1119,Z,[1839.0],25755,1872,"[-681,-825]","[1191,1047]","[{""record_index"":1191,""instruction_index"":18473,""gate"":""M"",""qubit"":255,""basis"":""Z""},{""record_index"":1047,""instruction_index"":16452,""gate"":""M"",""qubit"":255,""basis"":""Z""}]"
1120,Z,[1840.0],25756,1872,"[-680,-824]","[1192,1048]","[{""record_index"":1192,""instruction_index"":18473,""gate"":""M"",""qubit"":256,""basis"":""Z""},{""record_index"":1048,""instruction_index"":16452,""gate"":""M"",""qubit"":256,""basis"":""Z""}]"
1121,Z,[1841.0],25757,1872,"[-679,-823]","[1193,1049]","[{""record_index"":1193,""instruction_index"":18473,""gate"":""M"",""qubit"":257,""basis"":""Z""},{""record_index"":1049,""instruction_index"":16452,""gate"":""M"",""qubit"":257,""basis"":""Z""}]"
1122,Z,[1842.0],25758,1872,"[-678,-822]","[1194,1050]","[{""record_index"":1194,""instruction_index"":18473,""gate"":""M"",""qubit"":258,""basis"":""Z""},{""record_index"":1050,""instruction_index"":16452,""gate"":""M"",""qubit"":258,""basis"":""Z""}]"
1123,Z,[1843.0],25759,1872,"[-677,-821]","[1195,1051]","[{""record_index"":1195,""instruction_index"":18473,""gate"":""M"",""qubit"":259,""basis"":""Z""},{""record_index"":1051,""instruction_index"":16452,""gate"":""M"",""qubit"":259,""basis"":""Z""}]"
1124,Z,[1844.0],25760,1872,"[-676,-820]","[1196,1052]","[{""record_index"":1196,""instruction_index"":18473,""gate"":""M"",""qubit"":260,""basis"":""Z""},{""record_index"":1052,""instruction_index"":16452,""gate"":""M"",""qubit"":260,""basis"":""Z""}]"
1125,Z,[1845.0],25761,1872,"[-675,-819]","[1197,1053]","[{""record_index"":1197,""instruction_index"":18473,""gate"":""M"",""qubit"":261,""basis"":""Z""},{""record_index"":1053,""instruction_index"":16452,""gate"":""M"",""qubit"":261,""basis"":""Z""}]"
1126,Z,[1846.0],25762,1872,"[-674,-818]","[1198,1054]","[{""record_index"":1198,""instruction_index"":18473,""gate"":""M"",""qubit"":262,""basis"":""Z""},{""record_index"":1054,""instruction_index"":16452,""gate"":""M"",""qubit"":262,""basis"":""Z""}]"
1127,Z,[1847.0],25763,1872,"[-673,-817]","[1199,1055]","[{""record_index"":1199,""instruction_index"":18473,""gate"":""M"",""qubit"":263,""basis"":""Z""},{""record_index"":1055,""instruction_index"":16452,""gate"":""M"",""qubit"":263,""basis"":""Z""}]"
1128,Z,[1848.0],25764,1872,"[-672,-816]","[1200,1056]","[{""record_index"":1200,""instruction_index"":18473,""gate"":""M"",""qubit"":264,""basis"":""Z""},{""record_index"":1056,""instruction_index"":16452,""gate"":""M"",""qubit"":264,""basis"":""Z""}]"
1129,Z,[1849.0],25765,1872,"[-671,-815]","[1201,1057]","[{""record_index"":1201,""instruction_index"":18473,""gate"":""M"",""qubit"":265,""basis"":""Z""},{""record_index"":1057,""instruction_index"":16452,""gate"":""M"",""qubit"":265,""basis"":""Z""}]"
1130,Z,[1850.0],25766,1872,"[-670,-814]","[1202,1058]","[{""record_index"":1202,""instruction_index"":18473,""gate"":""M"",""qubit"":266,""basis"":""Z""},{""record_index"":1058,""instruction_index"":16452,""gate"":""M"",""qubit"":266,""basis"":""Z""}]"
1131,Z,[1851.0],25767,1872,"[-669,-813]","[1203,1059]","[{""record_index"":1203,""instruction_index"":18473,""gate"":""M"",""qubit"":267,""basis"":""Z""},{""record_index"":1059,""instruction_index"":16452,""gate"":""M"",""qubit"":267,""basis"":""Z""}]"
1132,Z,[1852.0],25768,1872,"[-668,-812]","[1204,1060]","[{""record_index"":1204,""instruction_index"":18473,""gate"":""M"",""qubit"":268,""basis"":""Z""},{""record_index"":1060,""instruction_index"":16452,""gate"":""M"",""qubit"":268,""basis"":""Z""}]"
1133,Z,[1853.0],25769,1872,"[-667,-811]","[1205,1061]","[{""record_index"":1205,""instruction_index"":18473,""gate"":""M"",""qubit"":269,""basis"":""Z""},{""record_index"":1061,""instruction_index"":16452,""gate"":""M"",""qubit"":269,""basis"":""Z""}]"
1134,Z,[1854.0],25770,1872,"[-666,-810]","[1206,1062]","[{""record_index"":1206,""instruction_index"":18473,""gate"":""M"",""qubit"":270,""basis"":""Z""},{""record_index"":1062,""instruction_index"":16452,""gate"":""M"",""qubit"":270,""basis"":""Z""}]"
1135,Z,[1855.0],25771,1872,"[-665,-809]","[1207,1063]","[{""record_index"":1207,""instruction_index"":18473,""gate"":""M"",""qubit"":271,""basis"":""Z""},{""record_index"":1063,""instruction_index"":16452,""gate"":""M"",""qubit"":271,""basis"":""Z""}]"
1136,Z,[1856.0],25772,1872,"[-664,-808]","[1208,1064]","[{""record_index"":1208,""instruction_index"":18473,""gate"":""M"",""qubit"":272,""basis"":""Z""},{""record_index"":1064,""instruction_index"":16452,""gate"":""M"",""qubit"":272,""basis"":""Z""}]"
1137,Z,[1857.0],25773,1872,"[-663,-807]","[1209,1065]","[{""record_index"":1209,""instruction_index"":18473,""gate"":""M"",""qubit"":273,""basis"":""Z""},{""record_index"":1065,""instruction_index"":16452,""gate"":""M"",""qubit"":273,""basis"":""Z""}]"
1138,Z,[1858.0],25774,1872,"[-662,-806]","[1210,1066]","[{""record_index"":1210,""instruction_index"":18473,""gate"":""M"",""qubit"":274,""basis"":""Z""},{""record_index"":1066,""instruction_index"":16452,""gate"":""M"",""qubit"":274,""basis"":""Z""}]"
1139,Z,[1859.0],25775,1872,"[-661,-805]","[1211,1067]","[{""record_index"":1211,""instruction_index"":18473,""gate"":""M"",""qubit"":275,""basis"":""Z""},{""record_index"":1067,""instruction_index"":16452,""gate"":""M"",""qubit"":275,""basis"":""Z""}]"
1140,Z,[1860.0],25776,1872,"[-660,-804]","[1212,1068]","[{""record_index"":1212,""instruction_index"":18473,""gate"":""M"",""qubit"":276,""basis"":""Z""},{""record_index"":1068,""instruction_index"":16452,""gate"":""M"",""qubit"":276,""basis"":""Z""}]"
1141,Z,[1861.0],25777,1872,"[-659,-803]","[1213,1069]","[{""record_index"":1213,""instruction_index"":18473,""gate"":""M"",""qubit"":277,""basis"":""Z""},{""record_index"":1069,""instruction_index"":16452,""gate"":""M"",""qubit"":277,""basis"":""Z""}]"
1142,Z,[1862.0],25778,1872,"[-658,-802]","[1214,1070]","[{""record_index"":1214,""instruction_index"":18473,""gate"":""M"",""qubit"":278,""basis"":""Z""},{""record_index"":1070,""instruction_index"":16452,""gate"":""M"",""qubit"":278,""basis"":""Z""}]"
1143,Z,[1863.0],25779,1872,"[-657,-801]","[1215,1071]","[{""record_index"":1215,""instruction_index"":18473,""gate"":""M"",""qubit"":279,""basis"":""Z""},{""record_index"":1071,""instruction_index"":16452,""gate"":""M"",""qubit"":279,""basis"":""Z""}]"
1144,Z,[1864.0],25780,1872,"[-656,-800]","[1216,1072]","[{""record_index"":1216,""instruction_index"":18473,""gate"":""M"",""qubit"":280,""basis"":""Z""},{""record_index"":1072,""instruction_index"":16452,""gate"":""M"",""qubit"":280,""basis"":""Z""}]"
1145,Z,[1865.0],25781,1872,"[-655,-799]","[1217,1073]","[{""record_index"":1217,""instruction_index"":18473,""gate"":""M"",""qubit"":281,""basis"":""Z""},{""record_index"":1073,""instruction_index"":16452,""gate"":""M"",""qubit"":281,""basis"":""Z""}]"
1146,Z,[1866.0],25782,1872,"[-654,-798]","[1218,1074]","[{""record_index"":1218,""instruction_index"":18473,""gate"":""M"",""qubit"":282,""basis"":""Z""},{""record_index"":1074,""instruction_index"":16452,""gate"":""M"",""qubit"":282,""basis"":""Z""}]"
1147,Z,[1867.0],25783,1872,"[-653,-797]","[1219,1075]","[{""record_index"":1219,""instruction_index"":18473,""gate"":""M"",""qubit"":283,""basis"":""Z""},{""record_index"":1075,""instruction_index"":16452,""gate"":""M"",""qubit"":283,""basis"":""Z""}]"
1148,Z,[1868.0],25784,1872,"[-652,-796]","[1220,1076]","[{""record_index"":1220,""instruction_index"":18473,""gate"":""M"",""qubit"":284,""basis"":""Z""},{""record_index"":1076,""instruction_index"":16452,""gate"":""M"",""qubit"":284,""basis"":""Z""}]"
1149,Z,[1869.0],25785,1872,"[-651,-795]","[1221,1077]","[{""record_index"":1221,""instruction_index"":18473,""gate"":""M"",""qubit"":285,""basis"":""Z""},{""record_index"":1077,""instruction_index"":16452,""gate"":""M"",""qubit"":285,""basis"":""Z""}]"
1150,Z,[1870.0],25786,1872,"[-650,-794]","[1222,1078]","[{""record_index"":1222,""instruction_index"":18473,""gate"":""M"",""qubit"":286,""basis"":""Z""},{""record_index"":1078,""instruction_index"":16452,""gate"":""M"",""qubit"":286,""basis"":""Z""}]"
1151,Z,[1871.0],25787,1872,"[-649,-793]","[1223,1079]","[{""record_index"":1223,""instruction_index"":18473,""gate"":""M"",""qubit"":287,""basis"":""Z""},{""record_index"":1079,""instruction_index"":16452,""gate"":""M"",""qubit"":287,""basis"":""Z""}]"
1152,X,[1728.0],25789,1872,"[-648,-792]","[1224,1080]","[{""record_index"":1224,""instruction_index"":18475,""gate"":""MX"",""qubit"":144,""basis"":""X""},{""record_index"":1080,""instruction_index"":16454,""gate"":""MX"",""qubit"":144,""basis"":""X""}]"
1153,X,[1729.0],25790,1872,"[-647,-791]","[1225,1081]","[{""record_index"":1225,""instruction_index"":18475,""gate"":""MX"",""qubit"":145,""basis"":""X""},{""record_index"":1081,""instruction_index"":16454,""gate"":""MX"",""qubit"":145,""basis"":""X""}]"
1154,X,[1730.0],25791,1872,"[-646,-790]","[1226,1082]","[{""record_index"":1226,""instruction_index"":18475,""gate"":""MX"",""qubit"":146,""basis"":""X""},{""record_index"":1082,""instruction_index"":16454,""gate"":""MX"",""qubit"":146,""basis"":""X""}]"
1155,X,[1731.0],25792,1872,"[-645,-789]","[1227,1083]","[{""record_index"":1227,""instruction_index"":18475,""gate"":""MX"",""qubit"":147,""basis"":""X""},{""record_index"":1083,""instruction_index"":16454,""gate"":""MX"",""qubit"":147,""basis"":""X""}]"
1156,X,[1732.0],25793,1872,"[-644,-788]","[1228,1084]","[{""record_index"":1228,""instruction_index"":18475,""gate"":""MX"",""qubit"":148,""basis"":""X""},{""record_index"":1084,""instruction_index"":16454,""gate"":""MX"",""qubit"":148,""basis"":""X""}]"
1157,X,[1733.0],25794,1872,"[-643,-787]","[1229,1085]","[{""record_index"":1229,""instruction_index"":18475,""gate"":""MX"",""qubit"":149,""basis"":""X""},{""record_index"":1085,""instruction_index"":16454,""gate"":""MX"",""qubit"":149,""basis"":""X""}]"
1158,X,[1734.0],25795,1872,"[-642,-786]","[1230,1086]","[{""record_index"":1230,""instruction_index"":18475,""gate"":""MX"",""qubit"":150,""basis"":""X""},{""record_index"":1086,""instruction_index"":16454,""gate"":""MX"",""qubit"":150,""basis"":""X""}]"
1159,X,[1735.0],25796,1872,"[-641,-785]","[1231,1087]","[{""record_index"":1231,""instruction_index"":18475,""gate"":""MX"",""qubit"":151,""basis"":""X""},{""record_index"":1087,""instruction_index"":16454,""gate"":""MX"",""qubit"":151,""basis"":""X""}]"
1160,X,[1736.0],25797,1872,"[-640,-784]","[1232,1088]","[{""record_index"":1232,""instruction_index"":18475,""gate"":""MX"",""qubit"":152,""basis"":""X""},{""record_index"":1088,""instruction_index"":16454,""gate"":""MX"",""qubit"":152,""basis"":""X""}]"
1161,X,[1737.0],25798,1872,"[-639,-783]","[1233,1089]","[{""record_index"":1233,""instruction_index"":18475,""gate"":""MX"",""qubit"":153,""basis"":""X""},{""record_index"":1089,""instruction_index"":16454,""gate"":""MX"",""qubit"":153,""basis"":""X""}]"
1162,X,[1738.0],25799,1872,"[-638,-782]","[1234,1090]","[{""record_index"":1234,""instruction_index"":18475,""gate"":""MX"",""qubit"":154,""basis"":""X""},{""record_index"":1090,""instruction_index"":16454,""gate"":""MX"",""qubit"":154,""basis"":""X""}]"
1163,X,[1739.0],25800,1872,"[-637,-781]","[1235,1091]","[{""record_index"":1235,""instruction_index"":18475,""gate"":""MX"",""qubit"":155,""basis"":""X""},{""record_index"":1091,""instruction_index"":16454,""gate"":""MX"",""qubit"":155,""basis"":""X""}]"
1164,X,[1740.0],25801,1872,"[-636,-780]","[1236,1092]","[{""record_index"":1236,""instruction_index"":18475,""gate"":""MX"",""qubit"":156,""basis"":""X""},{""record_index"":1092,""instruction_index"":16454,""gate"":""MX"",""qubit"":156,""basis"":""X""}]"
1165,X,[1741.0],25802,1872,"[-635,-779]","[1237,1093]","[{""record_index"":1237,""instruction_index"":18475,""gate"":""MX"",""qubit"":157,""basis"":""X""},{""record_index"":1093,""instruction_index"":16454,""gate"":""MX"",""qubit"":157,""basis"":""X""}]"
1166,X,[1742.0],25803,1872,"[-634,-778]","[1238,1094]","[{""record_index"":1238,""instruction_index"":18475,""gate"":""MX"",""qubit"":158,""basis"":""X""},{""record_index"":1094,""instruction_index"":16454,""gate"":""MX"",""qubit"":158,""basis"":""X""}]"
1167,X,[1743.0],25804,1872,"[-633,-777]","[1239,1095]","[{""record_index"":1239,""instruction_index"":18475,""gate"":""MX"",""qubit"":159,""basis"":""X""},{""record_index"":1095,""instruction_index"":16454,""gate"":""MX"",""qubit"":159,""basis"":""X""}]"
1168,X,[1744.0],25805,1872,"[-632,-776]","[1240,1096]","[{""record_index"":1240,""instruction_index"":18475,""gate"":""MX"",""qubit"":160,""basis"":""X""},{""record_index"":1096,""instruction_index"":16454,""gate"":""MX"",""qubit"":160,""basis"":""X""}]"
1169,X,[1745.0],25806,1872,"[-631,-775]","[1241,1097]","[{""record_index"":1241,""instruction_index"":18475,""gate"":""MX"",""qubit"":161,""basis"":""X""},{""record_index"":1097,""instruction_index"":16454,""gate"":""MX"",""qubit"":161,""basis"":""X""}]"
1170,X,[1746.0],25807,1872,"[-630,-774]","[1242,1098]","[{""record_index"":1242,""instruction_index"":18475,""gate"":""MX"",""qubit"":162,""basis"":""X""},{""record_index"":1098,""instruction_index"":16454,""gate"":""MX"",""qubit"":162,""basis"":""X""}]"
1171,X,[1747.0],25808,1872,"[-629,-773]","[1243,1099]","[{""record_index"":1243,""instruction_index"":18475,""gate"":""MX"",""qubit"":163,""basis"":""X""},{""record_index"":1099,""instruction_index"":16454,""gate"":""MX"",""qubit"":163,""basis"":""X""}]"
1172,X,[1748.0],25809,1872,"[-628,-772]","[1244,1100]","[{""record_index"":1244,""instruction_index"":18475,""gate"":""MX"",""qubit"":164,""basis"":""X""},{""record_index"":1100,""instruction_index"":16454,""gate"":""MX"",""qubit"":164,""basis"":""X""}]"
1173,X,[1749.0],25810,1872,"[-627,-771]","[1245,1101]","[{""record_index"":1245,""instruction_index"":18475,""gate"":""MX"",""qubit"":165,""basis"":""X""},{""record_index"":1101,""instruction_index"":16454,""gate"":""MX"",""qubit"":165,""basis"":""X""}]"
1174,X,[1750.0],25811,1872,"[-626,-770]","[1246,1102]","[{""record_index"":1246,""instruction_index"":18475,""gate"":""MX"",""qubit"":166,""basis"":""X""},{""record_index"":1102,""instruction_index"":16454,""gate"":""MX"",""qubit"":166,""basis"":""X""}]"
1175,X,[1751.0],25812,1872,"[-625,-769]","[1247,1103]","[{""record_index"":1247,""instruction_index"":18475,""gate"":""MX"",""qubit"":167,""basis"":""X""},{""record_index"":1103,""instruction_index"":16454,""gate"":""MX"",""qubit"":167,""basis"":""X""}]"
1176,X,[1752.0],25813,1872,"[-624,-768]","[1248,1104]","[{""record_index"":1248,""instruction_index"":18475,""gate"":""MX"",""qubit"":168,""basis"":""X""},{""record_index"":1104,""instruction_index"":16454,""gate"":""MX"",""qubit"":168,""basis"":""X""}]"
1177,X,[1753.0],25814,1872,"[-623,-767]","[1249,1105]","[{""record_index"":1249,""instruction_index"":18475,""gate"":""MX"",""qubit"":169,""basis"":""X""},{""record_index"":1105,""instruction_index"":16454,""gate"":""MX"",""qubit"":169,""basis"":""X""}]"
1178,X,[1754.0],25815,1872,"[-622,-766]","[1250,1106]","[{""record_index"":1250,""instruction_index"":18475,""gate"":""MX"",""qubit"":170,""basis"":""X""},{""record_index"":1106,""instruction_index"":16454,""gate"":""MX"",""qubit"":170,""basis"":""X""}]"
1179,X,[1755.0],25816,1872,"[-621,-765]","[1251,1107]","[{""record_index"":1251,""instruction_index"":18475,""gate"":""MX"",""qubit"":171,""basis"":""X""},{""record_index"":1107,""instruction_index"":16454,""gate"":""MX"",""qubit"":171,""basis"":""X""}]"
1180,X,[1756.0],25817,1872,"[-620,-764]","[1252,1108]","[{""record_index"":1252,""instruction_index"":18475,""gate"":""MX"",""qubit"":172,""basis"":""X""},{""record_index"":1108,""instruction_index"":16454,""gate"":""MX"",""qubit"":172,""basis"":""X""}]"
1181,X,[1757.0],25818,1872,"[-619,-763]","[1253,1109]","[{""record_index"":1253,""instruction_index"":18475,""gate"":""MX"",""qubit"":173,""basis"":""X""},{""record_index"":1109,""instruction_index"":16454,""gate"":""MX"",""qubit"":173,""basis"":""X""}]"
1182,X,[1758.0],25819,1872,"[-618,-762]","[1254,1110]","[{""record_index"":1254,""instruction_index"":18475,""gate"":""MX"",""qubit"":174,""basis"":""X""},{""record_index"":1110,""instruction_index"":16454,""gate"":""MX"",""qubit"":174,""basis"":""X""}]"
1183,X,[1759.0],25820,1872,"[-617,-761]","[1255,1111]","[{""record_index"":1255,""instruction_index"":18475,""gate"":""MX"",""qubit"":175,""basis"":""X""},{""record_index"":1111,""instruction_index"":16454,""gate"":""MX"",""qubit"":175,""basis"":""X""}]"
1184,X,[1760.0],25821,1872,"[-616,-760]","[1256,1112]","[{""record_index"":1256,""instruction_index"":18475,""gate"":""MX"",""qubit"":176,""basis"":""X""},{""record_index"":1112,""instruction_index"":16454,""gate"":""MX"",""qubit"":176,""basis"":""X""}]"
1185,X,[1761.0],25822,1872,"[-615,-759]","[1257,1113]","[{""record_index"":1257,""instruction_index"":18475,""gate"":""MX"",""qubit"":177,""basis"":""X""},{""record_index"":1113,""instruction_index"":16454,""gate"":""MX"",""qubit"":177,""basis"":""X""}]"
1186,X,[1762.0],25823,1872,"[-614,-758]","[1258,1114]","[{""record_index"":1258,""instruction_index"":18475,""gate"":""MX"",""qubit"":178,""basis"":""X""},{""record_index"":1114,""instruction_index"":16454,""gate"":""MX"",""qubit"":178,""basis"":""X""}]"
1187,X,[1763.0],25824,1872,"[-613,-757]","[1259,1115]","[{""record_index"":1259,""instruction_index"":18475,""gate"":""MX"",""qubit"":179,""basis"":""X""},{""record_index"":1115,""instruction_index"":16454,""gate"":""MX"",""qubit"":179,""basis"":""X""}]"
1188,X,[1764.0],25825,1872,"[-612,-756]","[1260,1116]","[{""record_index"":1260,""instruction_index"":18475,""gate"":""MX"",""qubit"":180,""basis"":""X""},{""record_index"":1116,""instruction_index"":16454,""gate"":""MX"",""qubit"":180,""basis"":""X""}]"
1189,X,[1765.0],25826,1872,"[-611,-755]","[1261,1117]","[{""record_index"":1261,""instruction_index"":18475,""gate"":""MX"",""qubit"":181,""basis"":""X""},{""record_index"":1117,""instruction_index"":16454,""gate"":""MX"",""qubit"":181,""basis"":""X""}]"
1190,X,[1766.0],25827,1872,"[-610,-754]","[1262,1118]","[{""record_index"":1262,""instruction_index"":18475,""gate"":""MX"",""qubit"":182,""basis"":""X""},{""record_index"":1118,""instruction_index"":16454,""gate"":""MX"",""qubit"":182,""basis"":""X""}]"
1191,X,[1767.0],25828,1872,"[-609,-753]","[1263,1119]","[{""record_index"":1263,""instruction_index"":18475,""gate"":""MX"",""qubit"":183,""basis"":""X""},{""record_index"":1119,""instruction_index"":16454,""gate"":""MX"",""qubit"":183,""basis"":""X""}]"
1192,X,[1768.0],25829,1872,"[-608,-752]","[1264,1120]","[{""record_index"":1264,""instruction_index"":18475,""gate"":""MX"",""qubit"":184,""basis"":""X""},{""record_index"":1120,""instruction_index"":16454,""gate"":""MX"",""qubit"":184,""basis"":""X""}]"
1193,X,[1769.0],25830,1872,"[-607,-751]","[1265,1121]","[{""record_index"":1265,""instruction_index"":18475,""gate"":""MX"",""qubit"":185,""basis"":""X""},{""record_index"":1121,""instruction_index"":16454,""gate"":""MX"",""qubit"":185,""basis"":""X""}]"
1194,X,[1770.0],25831,1872,"[-606,-750]","[1266,1122]","[{""record_index"":1266,""instruction_index"":18475,""gate"":""MX"",""qubit"":186,""basis"":""X""},{""record_index"":1122,""instruction_index"":16454,""gate"":""MX"",""qubit"":186,""basis"":""X""}]"
1195,X,[1771.0],25832,1872,"[-605,-749]","[1267,1123]","[{""record_index"":1267,""instruction_index"":18475,""gate"":""MX"",""qubit"":187,""basis"":""X""},{""record_index"":1123,""instruction_index"":16454,""gate"":""MX"",""qubit"":187,""basis"":""X""}]"
1196,X,[1772.0],25833,1872,"[-604,-748]","[1268,1124]","[{""record_index"":1268,""instruction_index"":18475,""gate"":""MX"",""qubit"":188,""basis"":""X""},{""record_index"":1124,""instruction_index"":16454,""gate"":""MX"",""qubit"":188,""basis"":""X""}]"
1197,X,[1773.0],25834,1872,"[-603,-747]","[1269,1125]","[{""record_index"":1269,""instruction_index"":18475,""gate"":""MX"",""qubit"":189,""basis"":""X""},{""record_index"":1125,""instruction_index"":16454,""gate"":""MX"",""qubit"":189,""basis"":""X""}]"
1198,X,[1774.0],25835,1872,"[-602,-746]","[1270,1126]","[{""record_index"":1270,""instruction_index"":18475,""gate"":""MX"",""qubit"":190,""basis"":""X""},{""record_index"":1126,""instruction_index"":16454,""gate"":""MX"",""qubit"":190,""basis"":""X""}]"
1199,X,[1775.0],25836,1872,"[-601,-745]","[1271,1127]","[{""record_index"":1271,""instruction_index"":18475,""gate"":""MX"",""qubit"":191,""basis"":""X""},{""record_index"":1127,""instruction_index"":16454,""gate"":""MX"",""qubit"":191,""basis"":""X""}]"
1200,X,[1776.0],25837,1872,"[-600,-744]","[1272,1128]","[{""record_index"":1272,""instruction_index"":18475,""gate"":""MX"",""qubit"":192,""basis"":""X""},{""record_index"":1128,""instruction_index"":16454,""gate"":""MX"",""qubit"":192,""basis"":""X""}]"
1201,X,[1777.0],25838,1872,"[-599,-743]","[1273,1129]","[{""record_index"":1273,""instruction_index"":18475,""gate"":""MX"",""qubit"":193,""basis"":""X""},{""record_index"":1129,""instruction_index"":16454,""gate"":""MX"",""qubit"":193,""basis"":""X""}]"
1202,X,[1778.0],25839,1872,"[-598,-742]","[1274,1130]","[{""record_index"":1274,""instruction_index"":18475,""gate"":""MX"",""qubit"":194,""basis"":""X""},{""record_index"":1130,""instruction_index"":16454,""gate"":""MX"",""qubit"":194,""basis"":""X""}]"
1203,X,[1779.0],25840,1872,"[-597,-741]","[1275,1131]","[{""record_index"":1275,""instruction_index"":18475,""gate"":""MX"",""qubit"":195,""basis"":""X""},{""record_index"":1131,""instruction_index"":16454,""gate"":""MX"",""qubit"":195,""basis"":""X""}]"
1204,X,[1780.0],25841,1872,"[-596,-740]","[1276,1132]","[{""record_index"":1276,""instruction_index"":18475,""gate"":""MX"",""qubit"":196,""basis"":""X""},{""record_index"":1132,""instruction_index"":16454,""gate"":""MX"",""qubit"":196,""basis"":""X""}]"
1205,X,[1781.0],25842,1872,"[-595,-739]","[1277,1133]","[{""record_index"":1277,""instruction_index"":18475,""gate"":""MX"",""qubit"":197,""basis"":""X""},{""record_index"":1133,""instruction_index"":16454,""gate"":""MX"",""qubit"":197,""basis"":""X""}]"
1206,X,[1782.0],25843,1872,"[-594,-738]","[1278,1134]","[{""record_index"":1278,""instruction_index"":18475,""gate"":""MX"",""qubit"":198,""basis"":""X""},{""record_index"":1134,""instruction_index"":16454,""gate"":""MX"",""qubit"":198,""basis"":""X""}]"
1207,X,[1783.0],25844,1872,"[-593,-737]","[1279,1135]","[{""record_index"":1279,""instruction_index"":18475,""gate"":""MX"",""qubit"":199,""basis"":""X""},{""record_index"":1135,""instruction_index"":16454,""gate"":""MX"",""qubit"":199,""basis"":""X""}]"
1208,X,[1784.0],25845,1872,"[-592,-736]","[1280,1136]","[{""record_index"":1280,""instruction_index"":18475,""gate"":""MX"",""qubit"":200,""basis"":""X""},{""record_index"":1136,""instruction_index"":16454,""gate"":""MX"",""qubit"":200,""basis"":""X""}]"
1209,X,[1785.0],25846,1872,"[-591,-735]","[1281,1137]","[{""record_index"":1281,""instruction_index"":18475,""gate"":""MX"",""qubit"":201,""basis"":""X""},{""record_index"":1137,""instruction_index"":16454,""gate"":""MX"",""qubit"":201,""basis"":""X""}]"
1210,X,[1786.0],25847,1872,"[-590,-734]","[1282,1138]","[{""record_index"":1282,""instruction_index"":18475,""gate"":""MX"",""qubit"":202,""basis"":""X""},{""record_index"":1138,""instruction_index"":16454,""gate"":""MX"",""qubit"":202,""basis"":""X""}]"
1211,X,[1787.0],25848,1872,"[-589,-733]","[1283,1139]","[{""record_index"":1283,""instruction_index"":18475,""gate"":""MX"",""qubit"":203,""basis"":""X""},{""record_index"":1139,""instruction_index"":16454,""gate"":""MX"",""qubit"":203,""basis"":""X""}]"
1212,X,[1788.0],25849,1872,"[-588,-732]","[1284,1140]","[{""record_index"":1284,""instruction_index"":18475,""gate"":""MX"",""qubit"":204,""basis"":""X""},{""record_index"":1140,""instruction_index"":16454,""gate"":""MX"",""qubit"":204,""basis"":""X""}]"
1213,X,[1789.0],25850,1872,"[-587,-731]","[1285,1141]","[{""record_index"":1285,""instruction_index"":18475,""gate"":""MX"",""qubit"":205,""basis"":""X""},{""record_index"":1141,""instruction_index"":16454,""gate"":""MX"",""qubit"":205,""basis"":""X""}]"
1214,X,[1790.0],25851,1872,"[-586,-730]","[1286,1142]","[{""record_index"":1286,""instruction_index"":18475,""gate"":""MX"",""qubit"":206,""basis"":""X""},{""record_index"":1142,""instruction_index"":16454,""gate"":""MX"",""qubit"":206,""basis"":""X""}]"
1215,X,[1791.0],25852,1872,"[-585,-729]","[1287,1143]","[{""record_index"":1287,""instruction_index"":18475,""gate"":""MX"",""qubit"":207,""basis"":""X""},{""record_index"":1143,""instruction_index"":16454,""gate"":""MX"",""qubit"":207,""basis"":""X""}]"
1216,X,[1792.0],25853,1872,"[-584,-728]","[1288,1144]","[{""record_index"":1288,""instruction_index"":18475,""gate"":""MX"",""qubit"":208,""basis"":""X""},{""record_index"":1144,""instruction_index"":16454,""gate"":""MX"",""qubit"":208,""basis"":""X""}]"
1217,X,[1793.0],25854,1872,"[-583,-727]","[1289,1145]","[{""record_index"":1289,""instruction_index"":18475,""gate"":""MX"",""qubit"":209,""basis"":""X""},{""record_index"":1145,""instruction_index"":16454,""gate"":""MX"",""qubit"":209,""basis"":""X""}]"
1218,X,[1794.0],25855,1872,"[-582,-726]","[1290,1146]","[{""record_index"":1290,""instruction_index"":18475,""gate"":""MX"",""qubit"":210,""basis"":""X""},{""record_index"":1146,""instruction_index"":16454,""gate"":""MX"",""qubit"":210,""basis"":""X""}]"
1219,X,[1795.0],25856,1872,"[-581,-725]","[1291,1147]","[{""record_index"":1291,""instruction_index"":18475,""gate"":""MX"",""qubit"":211,""basis"":""X""},{""record_index"":1147,""instruction_index"":16454,""gate"":""MX"",""qubit"":211,""basis"":""X""}]"
1220,X,[1796.0],25857,1872,"[-580,-724]","[1292,1148]","[{""record_index"":1292,""instruction_index"":18475,""gate"":""MX"",""qubit"":212,""basis"":""X""},{""record_index"":1148,""instruction_index"":16454,""gate"":""MX"",""qubit"":212,""basis"":""X""}]"
1221,X,[1797.0],25858,1872,"[-579,-723]","[1293,1149]","[{""record_index"":1293,""instruction_index"":18475,""gate"":""MX"",""qubit"":213,""basis"":""X""},{""record_index"":1149,""instruction_index"":16454,""gate"":""MX"",""qubit"":213,""basis"":""X""}]"
1222,X,[1798.0],25859,1872,"[-578,-722]","[1294,1150]","[{""record_index"":1294,""instruction_index"":18475,""gate"":""MX"",""qubit"":214,""basis"":""X""},{""record_index"":1150,""instruction_index"":16454,""gate"":""MX"",""qubit"":214,""basis"":""X""}]"
1223,X,[1799.0],25860,1872,"[-577,-721]","[1295,1151]","[{""record_index"":1295,""instruction_index"":18475,""gate"":""MX"",""qubit"":215,""basis"":""X""},{""record_index"":1151,""instruction_index"":16454,""gate"":""MX"",""qubit"":215,""basis"":""X""}]"
1224,Z,[2016.0],25871,1872,"[-576,-720]","[1296,1152]","[{""record_index"":1296,""instruction_index"":20494,""gate"":""M"",""qubit"":216,""basis"":""Z""},{""record_index"":1152,""instruction_index"":18473,""gate"":""M"",""qubit"":216,""basis"":""Z""}]"
1225,Z,[2017.0],25872,1872,"[-575,-719]","[1297,1153]","[{""record_index"":1297,""instruction_index"":20494,""gate"":""M"",""qubit"":217,""basis"":""Z""},{""record_index"":1153,""instruction_index"":18473,""gate"":""M"",""qubit"":217,""basis"":""Z""}]"
1226,Z,[2018.0],25873,1872,"[-574,-718]","[1298,1154]","[{""record_index"":1298,""instruction_index"":20494,""gate"":""M"",""qubit"":218,""basis"":""Z""},{""record_index"":1154,""instruction_index"":18473,""gate"":""M"",""qubit"":218,""basis"":""Z""}]"
1227,Z,[2019.0],25874,1872,"[-573,-717]","[1299,1155]","[{""record_index"":1299,""instruction_index"":20494,""gate"":""M"",""qubit"":219,""basis"":""Z""},{""record_index"":1155,""instruction_index"":18473,""gate"":""M"",""qubit"":219,""basis"":""Z""}]"
1228,Z,[2020.0],25875,1872,"[-572,-716]","[1300,1156]","[{""record_index"":1300,""instruction_index"":20494,""gate"":""M"",""qubit"":220,""basis"":""Z""},{""record_index"":1156,""instruction_index"":18473,""gate"":""M"",""qubit"":220,""basis"":""Z""}]"
1229,Z,[2021.0],25876,1872,"[-571,-715]","[1301,1157]","[{""record_index"":1301,""instruction_index"":20494,""gate"":""M"",""qubit"":221,""basis"":""Z""},{""record_index"":1157,""instruction_index"":18473,""gate"":""M"",""qubit"":221,""basis"":""Z""}]"
1230,Z,[2022.0],25877,1872,"[-570,-714]","[1302,1158]","[{""record_index"":1302,""instruction_index"":20494,""gate"":""M"",""qubit"":222,""basis"":""Z""},{""record_index"":1158,""instruction_index"":18473,""gate"":""M"",""qubit"":222,""basis"":""Z""}]"
1231,Z,[2023.0],25878,1872,"[-569,-713]","[1303,1159]","[{""record_index"":1303,""instruction_index"":20494,""gate"":""M"",""qubit"":223,""basis"":""Z""},{""record_index"":1159,""instruction_index"":18473,""gate"":""M"",""qubit"":223,""basis"":""Z""}]"
1232,Z,[2024.0],25879,1872,"[-568,-712]","[1304,1160]","[{""record_index"":1304,""instruction_index"":20494,""gate"":""M"",""qubit"":224,""basis"":""Z""},{""record_index"":1160,""instruction_index"":18473,""gate"":""M"",""qubit"":224,""basis"":""Z""}]"
1233,Z,[2025.0],25880,1872,"[-567,-711]","[1305,1161]","[{""record_index"":1305,""instruction_index"":20494,""gate"":""M"",""qubit"":225,""basis"":""Z""},{""record_index"":1161,""instruction_index"":18473,""gate"":""M"",""qubit"":225,""basis"":""Z""}]"
1234,Z,[2026.0],25881,1872,"[-566,-710]","[1306,1162]","[{""record_index"":1306,""instruction_index"":20494,""gate"":""M"",""qubit"":226,""basis"":""Z""},{""record_index"":1162,""instruction_index"":18473,""gate"":""M"",""qubit"":226,""basis"":""Z""}]"
1235,Z,[2027.0],25882,1872,"[-565,-709]","[1307,1163]","[{""record_index"":1307,""instruction_index"":20494,""gate"":""M"",""qubit"":227,""basis"":""Z""},{""record_index"":1163,""instruction_index"":18473,""gate"":""M"",""qubit"":227,""basis"":""Z""}]"
1236,Z,[2028.0],25883,1872,"[-564,-708]","[1308,1164]","[{""record_index"":1308,""instruction_index"":20494,""gate"":""M"",""qubit"":228,""basis"":""Z""},{""record_index"":1164,""instruction_index"":18473,""gate"":""M"",""qubit"":228,""basis"":""Z""}]"
1237,Z,[2029.0],25884,1872,"[-563,-707]","[1309,1165]","[{""record_index"":1309,""instruction_index"":20494,""gate"":""M"",""qubit"":229,""basis"":""Z""},{""record_index"":1165,""instruction_index"":18473,""gate"":""M"",""qubit"":229,""basis"":""Z""}]"
1238,Z,[2030.0],25885,1872,"[-562,-706]","[1310,1166]","[{""record_index"":1310,""instruction_index"":20494,""gate"":""M"",""qubit"":230,""basis"":""Z""},{""record_index"":1166,""instruction_index"":18473,""gate"":""M"",""qubit"":230,""basis"":""Z""}]"
1239,Z,[2031.0],25886,1872,"[-561,-705]","[1311,1167]","[{""record_index"":1311,""instruction_index"":20494,""gate"":""M"",""qubit"":231,""basis"":""Z""},{""record_index"":1167,""instruction_index"":18473,""gate"":""M"",""qubit"":231,""basis"":""Z""}]"
1240,Z,[2032.0],25887,1872,"[-560,-704]","[1312,1168]","[{""record_index"":1312,""instruction_index"":20494,""gate"":""M"",""qubit"":232,""basis"":""Z""},{""record_index"":1168,""instruction_index"":18473,""gate"":""M"",""qubit"":232,""basis"":""Z""}]"
1241,Z,[2033.0],25888,1872,"[-559,-703]","[1313,1169]","[{""record_index"":1313,""instruction_index"":20494,""gate"":""M"",""qubit"":233,""basis"":""Z""},{""record_index"":1169,""instruction_index"":18473,""gate"":""M"",""qubit"":233,""basis"":""Z""}]"
1242,Z,[2034.0],25889,1872,"[-558,-702]","[1314,1170]","[{""record_index"":1314,""instruction_index"":20494,""gate"":""M"",""qubit"":234,""basis"":""Z""},{""record_index"":1170,""instruction_index"":18473,""gate"":""M"",""qubit"":234,""basis"":""Z""}]"
1243,Z,[2035.0],25890,1872,"[-557,-701]","[1315,1171]","[{""record_index"":1315,""instruction_index"":20494,""gate"":""M"",""qubit"":235,""basis"":""Z""},{""record_index"":1171,""instruction_index"":18473,""gate"":""M"",""qubit"":235,""basis"":""Z""}]"
1244,Z,[2036.0],25891,1872,"[-556,-700]","[1316,1172]","[{""record_index"":1316,""instruction_index"":20494,""gate"":""M"",""qubit"":236,""basis"":""Z""},{""record_index"":1172,""instruction_index"":18473,""gate"":""M"",""qubit"":236,""basis"":""Z""}]"
1245,Z,[2037.0],25892,1872,"[-555,-699]","[1317,1173]","[{""record_index"":1317,""instruction_index"":20494,""gate"":""M"",""qubit"":237,""basis"":""Z""},{""record_index"":1173,""instruction_index"":18473,""gate"":""M"",""qubit"":237,""basis"":""Z""}]"
1246,Z,[2038.0],25893,1872,"[-554,-698]","[1318,1174]","[{""record_index"":1318,""instruction_index"":20494,""gate"":""M"",""qubit"":238,""basis"":""Z""},{""record_index"":1174,""instruction_index"":18473,""gate"":""M"",""qubit"":238,""basis"":""Z""}]"
1247,Z,[2039.0],25894,1872,"[-553,-697]","[1319,1175]","[{""record_index"":1319,""instruction_index"":20494,""gate"":""M"",""qubit"":239,""basis"":""Z""},{""record_index"":1175,""instruction_index"":18473,""gate"":""M"",""qubit"":239,""basis"":""Z""}]"
1248,Z,[2040.0],25895,1872,"[-552,-696]","[1320,1176]","[{""record_index"":1320,""instruction_index"":20494,""gate"":""M"",""qubit"":240,""basis"":""Z""},{""record_index"":1176,""instruction_index"":18473,""gate"":""M"",""qubit"":240,""basis"":""Z""}]"
1249,Z,[2041.0],25896,1872,"[-551,-695]","[1321,1177]","[{""record_index"":1321,""instruction_index"":20494,""gate"":""M"",""qubit"":241,""basis"":""Z""},{""record_index"":1177,""instruction_index"":18473,""gate"":""M"",""qubit"":241,""basis"":""Z""}]"
1250,Z,[2042.0],25897,1872,"[-550,-694]","[1322,1178]","[{""record_index"":1322,""instruction_index"":20494,""gate"":""M"",""qubit"":242,""basis"":""Z""},{""record_index"":1178,""instruction_index"":18473,""gate"":""M"",""qubit"":242,""basis"":""Z""}]"
1251,Z,[2043.0],25898,1872,"[-549,-693]","[1323,1179]","[{""record_index"":1323,""instruction_index"":20494,""gate"":""M"",""qubit"":243,""basis"":""Z""},{""record_index"":1179,""instruction_index"":18473,""gate"":""M"",""qubit"":243,""basis"":""Z""}]"
1252,Z,[2044.0],25899,1872,"[-548,-692]","[1324,1180]","[{""record_index"":1324,""instruction_index"":20494,""gate"":""M"",""qubit"":244,""basis"":""Z""},{""record_index"":1180,""instruction_index"":18473,""gate"":""M"",""qubit"":244,""basis"":""Z""}]"
1253,Z,[2045.0],25900,1872,"[-547,-691]","[1325,1181]","[{""record_index"":1325,""instruction_index"":20494,""gate"":""M"",""qubit"":245,""basis"":""Z""},{""record_index"":1181,""instruction_index"":18473,""gate"":""M"",""qubit"":245,""basis"":""Z""}]"
1254,Z,[2046.0],25901,1872,"[-546,-690]","[1326,1182]","[{""record_index"":1326,""instruction_index"":20494,""gate"":""M"",""qubit"":246,""basis"":""Z""},{""record_index"":1182,""instruction_index"":18473,""gate"":""M"",""qubit"":246,""basis"":""Z""}]"
1255,Z,[2047.0],25902,1872,"[-545,-689]","[1327,1183]","[{""record_index"":1327,""instruction_index"":20494,""gate"":""M"",""qubit"":247,""basis"":""Z""},{""record_index"":1183,""instruction_index"":18473,""gate"":""M"",""qubit"":247,""basis"":""Z""}]"
1256,Z,[2048.0],25903,1872,"[-544,-688]","[1328,1184]","[{""record_index"":1328,""instruction_index"":20494,""gate"":""M"",""qubit"":248,""basis"":""Z""},{""record_index"":1184,""instruction_index"":18473,""gate"":""M"",""qubit"":248,""basis"":""Z""}]"
1257,Z,[2049.0],25904,1872,"[-543,-687]","[1329,1185]","[{""record_index"":1329,""instruction_index"":20494,""gate"":""M"",""qubit"":249,""basis"":""Z""},{""record_index"":1185,""instruction_index"":18473,""gate"":""M"",""qubit"":249,""basis"":""Z""}]"
1258,Z,[2050.0],25905,1872,"[-542,-686]","[1330,1186]","[{""record_index"":1330,""instruction_index"":20494,""gate"":""M"",""qubit"":250,""basis"":""Z""},{""record_index"":1186,""instruction_index"":18473,""gate"":""M"",""qubit"":250,""basis"":""Z""}]"
1259,Z,[2051.0],25906,1872,"[-541,-685]","[1331,1187]","[{""record_index"":1331,""instruction_index"":20494,""gate"":""M"",""qubit"":251,""basis"":""Z""},{""record_index"":1187,""instruction_index"":18473,""gate"":""M"",""qubit"":251,""basis"":""Z""}]"
1260,Z,[2052.0],25907,1872,"[-540,-684]","[1332,1188]","[{""record_index"":1332,""instruction_index"":20494,""gate"":""M"",""qubit"":252,""basis"":""Z""},{""record_index"":1188,""instruction_index"":18473,""gate"":""M"",""qubit"":252,""basis"":""Z""}]"
1261,Z,[2053.0],25908,1872,"[-539,-683]","[1333,1189]","[{""record_index"":1333,""instruction_index"":20494,""gate"":""M"",""qubit"":253,""basis"":""Z""},{""record_index"":1189,""instruction_index"":18473,""gate"":""M"",""qubit"":253,""basis"":""Z""}]"
1262,Z,[2054.0],25909,1872,"[-538,-682]","[1334,1190]","[{""record_index"":1334,""instruction_index"":20494,""gate"":""M"",""qubit"":254,""basis"":""Z""},{""record_index"":1190,""instruction_index"":18473,""gate"":""M"",""qubit"":254,""basis"":""Z""}]"
1263,Z,[2055.0],25910,1872,"[-537,-681]","[1335,1191]","[{""record_index"":1335,""instruction_index"":20494,""gate"":""M"",""qubit"":255,""basis"":""Z""},{""record_index"":1191,""instruction_index"":18473,""gate"":""M"",""qubit"":255,""basis"":""Z""}]"
1264,Z,[2056.0],25911,1872,"[-536,-680]","[1336,1192]","[{""record_index"":1336,""instruction_index"":20494,""gate"":""M"",""qubit"":256,""basis"":""Z""},{""record_index"":1192,""instruction_index"":18473,""gate"":""M"",""qubit"":256,""basis"":""Z""}]"
1265,Z,[2057.0],25912,1872,"[-535,-679]","[1337,1193]","[{""record_index"":1337,""instruction_index"":20494,""gate"":""M"",""qubit"":257,""basis"":""Z""},{""record_index"":1193,""instruction_index"":18473,""gate"":""M"",""qubit"":257,""basis"":""Z""}]"
1266,Z,[2058.0],25913,1872,"[-534,-678]","[1338,1194]","[{""record_index"":1338,""instruction_index"":20494,""gate"":""M"",""qubit"":258,""basis"":""Z""},{""record_index"":1194,""instruction_index"":18473,""gate"":""M"",""qubit"":258,""basis"":""Z""}]"
1267,Z,[2059.0],25914,1872,"[-533,-677]","[1339,1195]","[{""record_index"":1339,""instruction_index"":20494,""gate"":""M"",""qubit"":259,""basis"":""Z""},{""record_index"":1195,""instruction_index"":18473,""gate"":""M"",""qubit"":259,""basis"":""Z""}]"
1268,Z,[2060.0],25915,1872,"[-532,-676]","[1340,1196]","[{""record_index"":1340,""instruction_index"":20494,""gate"":""M"",""qubit"":260,""basis"":""Z""},{""record_index"":1196,""instruction_index"":18473,""gate"":""M"",""qubit"":260,""basis"":""Z""}]"
1269,Z,[2061.0],25916,1872,"[-531,-675]","[1341,1197]","[{""record_index"":1341,""instruction_index"":20494,""gate"":""M"",""qubit"":261,""basis"":""Z""},{""record_index"":1197,""instruction_index"":18473,""gate"":""M"",""qubit"":261,""basis"":""Z""}]"
1270,Z,[2062.0],25917,1872,"[-530,-674]","[1342,1198]","[{""record_index"":1342,""instruction_index"":20494,""gate"":""M"",""qubit"":262,""basis"":""Z""},{""record_index"":1198,""instruction_index"":18473,""gate"":""M"",""qubit"":262,""basis"":""Z""}]"
1271,Z,[2063.0],25918,1872,"[-529,-673]","[1343,1199]","[{""record_index"":1343,""instruction_index"":20494,""gate"":""M"",""qubit"":263,""basis"":""Z""},{""record_index"":1199,""instruction_index"":18473,""gate"":""M"",""qubit"":263,""basis"":""Z""}]"
1272,Z,[2064.0],25919,1872,"[-528,-672]","[1344,1200]","[{""record_index"":1344,""instruction_index"":20494,""gate"":""M"",""qubit"":264,""basis"":""Z""},{""record_index"":1200,""instruction_index"":18473,""gate"":""M"",""qubit"":264,""basis"":""Z""}]"
1273,Z,[2065.0],25920,1872,"[-527,-671]","[1345,1201]","[{""record_index"":1345,""instruction_index"":20494,""gate"":""M"",""qubit"":265,""basis"":""Z""},{""record_index"":1201,""instruction_index"":18473,""gate"":""M"",""qubit"":265,""basis"":""Z""}]"
1274,Z,[2066.0],25921,1872,"[-526,-670]","[1346,1202]","[{""record_index"":1346,""instruction_index"":20494,""gate"":""M"",""qubit"":266,""basis"":""Z""},{""record_index"":1202,""instruction_index"":18473,""gate"":""M"",""qubit"":266,""basis"":""Z""}]"
1275,Z,[2067.0],25922,1872,"[-525,-669]","[1347,1203]","[{""record_index"":1347,""instruction_index"":20494,""gate"":""M"",""qubit"":267,""basis"":""Z""},{""record_index"":1203,""instruction_index"":18473,""gate"":""M"",""qubit"":267,""basis"":""Z""}]"
1276,Z,[2068.0],25923,1872,"[-524,-668]","[1348,1204]","[{""record_index"":1348,""instruction_index"":20494,""gate"":""M"",""qubit"":268,""basis"":""Z""},{""record_index"":1204,""instruction_index"":18473,""gate"":""M"",""qubit"":268,""basis"":""Z""}]"
1277,Z,[2069.0],25924,1872,"[-523,-667]","[1349,1205]","[{""record_index"":1349,""instruction_index"":20494,""gate"":""M"",""qubit"":269,""basis"":""Z""},{""record_index"":1205,""instruction_index"":18473,""gate"":""M"",""qubit"":269,""basis"":""Z""}]"
1278,Z,[2070.0],25925,1872,"[-522,-666]","[1350,1206]","[{""record_index"":1350,""instruction_index"":20494,""gate"":""M"",""qubit"":270,""basis"":""Z""},{""record_index"":1206,""instruction_index"":18473,""gate"":""M"",""qubit"":270,""basis"":""Z""}]"
1279,Z,[2071.0],25926,1872,"[-521,-665]","[1351,1207]","[{""record_index"":1351,""instruction_index"":20494,""gate"":""M"",""qubit"":271,""basis"":""Z""},{""record_index"":1207,""instruction_index"":18473,""gate"":""M"",""qubit"":271,""basis"":""Z""}]"
1280,Z,[2072.0],25927,1872,"[-520,-664]","[1352,1208]","[{""record_index"":1352,""instruction_index"":20494,""gate"":""M"",""qubit"":272,""basis"":""Z""},{""record_index"":1208,""instruction_index"":18473,""gate"":""M"",""qubit"":272,""basis"":""Z""}]"
1281,Z,[2073.0],25928,1872,"[-519,-663]","[1353,1209]","[{""record_index"":1353,""instruction_index"":20494,""gate"":""M"",""qubit"":273,""basis"":""Z""},{""record_index"":1209,""instruction_index"":18473,""gate"":""M"",""qubit"":273,""basis"":""Z""}]"
1282,Z,[2074.0],25929,1872,"[-518,-662]","[1354,1210]","[{""record_index"":1354,""instruction_index"":20494,""gate"":""M"",""qubit"":274,""basis"":""Z""},{""record_index"":1210,""instruction_index"":18473,""gate"":""M"",""qubit"":274,""basis"":""Z""}]"
1283,Z,[2075.0],25930,1872,"[-517,-661]","[1355,1211]","[{""record_index"":1355,""instruction_index"":20494,""gate"":""M"",""qubit"":275,""basis"":""Z""},{""record_index"":1211,""instruction_index"":18473,""gate"":""M"",""qubit"":275,""basis"":""Z""}]"
1284,Z,[2076.0],25931,1872,"[-516,-660]","[1356,1212]","[{""record_index"":1356,""instruction_index"":20494,""gate"":""M"",""qubit"":276,""basis"":""Z""},{""record_index"":1212,""instruction_index"":18473,""gate"":""M"",""qubit"":276,""basis"":""Z""}]"
1285,Z,[2077.0],25932,1872,"[-515,-659]","[1357,1213]","[{""record_index"":1357,""instruction_index"":20494,""gate"":""M"",""qubit"":277,""basis"":""Z""},{""record_index"":1213,""instruction_index"":18473,""gate"":""M"",""qubit"":277,""basis"":""Z""}]"
1286,Z,[2078.0],25933,1872,"[-514,-658]","[1358,1214]","[{""record_index"":1358,""instruction_index"":20494,""gate"":""M"",""qubit"":278,""basis"":""Z""},{""record_index"":1214,""instruction_index"":18473,""gate"":""M"",""qubit"":278,""basis"":""Z""}]"
1287,Z,[2079.0],25934,1872,"[-513,-657]","[1359,1215]","[{""record_index"":1359,""instruction_index"":20494,""gate"":""M"",""qubit"":279,""basis"":""Z""},{""record_index"":1215,""instruction_index"":18473,""gate"":""M"",""qubit"":279,""basis"":""Z""}]"
1288,Z,[2080.0],25935,1872,"[-512,-656]","[1360,1216]","[{""record_index"":1360,""instruction_index"":20494,""gate"":""M"",""qubit"":280,""basis"":""Z""},{""record_index"":1216,""instruction_index"":18473,""gate"":""M"",""qubit"":280,""basis"":""Z""}]"
1289,Z,[2081.0],25936,1872,"[-511,-655]","[1361,1217]","[{""record_index"":1361,""instruction_index"":20494,""gate"":""M"",""qubit"":281,""basis"":""Z""},{""record_index"":1217,""instruction_index"":18473,""gate"":""M"",""qubit"":281,""basis"":""Z""}]"
1290,Z,[2082.0],25937,1872,"[-510,-654]","[1362,1218]","[{""record_index"":1362,""instruction_index"":20494,""gate"":""M"",""qubit"":282,""basis"":""Z""},{""record_index"":1218,""instruction_index"":18473,""gate"":""M"",""qubit"":282,""basis"":""Z""}]"
1291,Z,[2083.0],25938,1872,"[-509,-653]","[1363,1219]","[{""record_index"":1363,""instruction_index"":20494,""gate"":""M"",""qubit"":283,""basis"":""Z""},{""record_index"":1219,""instruction_index"":18473,""gate"":""M"",""qubit"":283,""basis"":""Z""}]"
1292,Z,[2084.0],25939,1872,"[-508,-652]","[1364,1220]","[{""record_index"":1364,""instruction_index"":20494,""gate"":""M"",""qubit"":284,""basis"":""Z""},{""record_index"":1220,""instruction_index"":18473,""gate"":""M"",""qubit"":284,""basis"":""Z""}]"
1293,Z,[2085.0],25940,1872,"[-507,-651]","[1365,1221]","[{""record_index"":1365,""instruction_index"":20494,""gate"":""M"",""qubit"":285,""basis"":""Z""},{""record_index"":1221,""instruction_index"":18473,""gate"":""M"",""qubit"":285,""basis"":""Z""}]"
1294,Z,[2086.0],25941,1872,"[-506,-650]","[1366,1222]","[{""record_index"":1366,""instruction_index"":20494,""gate"":""M"",""qubit"":286,""basis"":""Z""},{""record_index"":1222,""instruction_index"":18473,""gate"":""M"",""qubit"":286,""basis"":""Z""}]"
1295,Z,[2087.0],25942,1872,"[-505,-649]","[1367,1223]","[{""record_index"":1367,""instruction_index"":20494,""gate"":""M"",""qubit"":287,""basis"":""Z""},{""record_index"":1223,""instruction_index"":18473,""gate"":""M"",""qubit"":287,""basis"":""Z""}]"
1296,X,[1944.0],25944,1872,"[-504,-648]","[1368,1224]","[{""record_index"":1368,""instruction_index"":20496,""gate"":""MX"",""qubit"":144,""basis"":""X""},{""record_index"":1224,""instruction_index"":18475,""gate"":""MX"",""qubit"":144,""basis"":""X""}]"
1297,X,[1945.0],25945,1872,"[-503,-647]","[1369,1225]","[{""record_index"":1369,""instruction_index"":20496,""gate"":""MX"",""qubit"":145,""basis"":""X""},{""record_index"":1225,""instruction_index"":18475,""gate"":""MX"",""qubit"":145,""basis"":""X""}]"
1298,X,[1946.0],25946,1872,"[-502,-646]","[1370,1226]","[{""record_index"":1370,""instruction_index"":20496,""gate"":""MX"",""qubit"":146,""basis"":""X""},{""record_index"":1226,""instruction_index"":18475,""gate"":""MX"",""qubit"":146,""basis"":""X""}]"
1299,X,[1947.0],25947,1872,"[-501,-645]","[1371,1227]","[{""record_index"":1371,""instruction_index"":20496,""gate"":""MX"",""qubit"":147,""basis"":""X""},{""record_index"":1227,""instruction_index"":18475,""gate"":""MX"",""qubit"":147,""basis"":""X""}]"
1300,X,[1948.0],25948,1872,"[-500,-644]","[1372,1228]","[{""record_index"":1372,""instruction_index"":20496,""gate"":""MX"",""qubit"":148,""basis"":""X""},{""record_index"":1228,""instruction_index"":18475,""gate"":""MX"",""qubit"":148,""basis"":""X""}]"
1301,X,[1949.0],25949,1872,"[-499,-643]","[1373,1229]","[{""record_index"":1373,""instruction_index"":20496,""gate"":""MX"",""qubit"":149,""basis"":""X""},{""record_index"":1229,""instruction_index"":18475,""gate"":""MX"",""qubit"":149,""basis"":""X""}]"
1302,X,[1950.0],25950,1872,"[-498,-642]","[1374,1230]","[{""record_index"":1374,""instruction_index"":20496,""gate"":""MX"",""qubit"":150,""basis"":""X""},{""record_index"":1230,""instruction_index"":18475,""gate"":""MX"",""qubit"":150,""basis"":""X""}]"
1303,X,[1951.0],25951,1872,"[-497,-641]","[1375,1231]","[{""record_index"":1375,""instruction_index"":20496,""gate"":""MX"",""qubit"":151,""basis"":""X""},{""record_index"":1231,""instruction_index"":18475,""gate"":""MX"",""qubit"":151,""basis"":""X""}]"
1304,X,[1952.0],25952,1872,"[-496,-640]","[1376,1232]","[{""record_index"":1376,""instruction_index"":20496,""gate"":""MX"",""qubit"":152,""basis"":""X""},{""record_index"":1232,""instruction_index"":18475,""gate"":""MX"",""qubit"":152,""basis"":""X""}]"
1305,X,[1953.0],25953,1872,"[-495,-639]","[1377,1233]","[{""record_index"":1377,""instruction_index"":20496,""gate"":""MX"",""qubit"":153,""basis"":""X""},{""record_index"":1233,""instruction_index"":18475,""gate"":""MX"",""qubit"":153,""basis"":""X""}]"
1306,X,[1954.0],25954,1872,"[-494,-638]","[1378,1234]","[{""record_index"":1378,""instruction_index"":20496,""gate"":""MX"",""qubit"":154,""basis"":""X""},{""record_index"":1234,""instruction_index"":18475,""gate"":""MX"",""qubit"":154,""basis"":""X""}]"
1307,X,[1955.0],25955,1872,"[-493,-637]","[1379,1235]","[{""record_index"":1379,""instruction_index"":20496,""gate"":""MX"",""qubit"":155,""basis"":""X""},{""record_index"":1235,""instruction_index"":18475,""gate"":""MX"",""qubit"":155,""basis"":""X""}]"
1308,X,[1956.0],25956,1872,"[-492,-636]","[1380,1236]","[{""record_index"":1380,""instruction_index"":20496,""gate"":""MX"",""qubit"":156,""basis"":""X""},{""record_index"":1236,""instruction_index"":18475,""gate"":""MX"",""qubit"":156,""basis"":""X""}]"
1309,X,[1957.0],25957,1872,"[-491,-635]","[1381,1237]","[{""record_index"":1381,""instruction_index"":20496,""gate"":""MX"",""qubit"":157,""basis"":""X""},{""record_index"":1237,""instruction_index"":18475,""gate"":""MX"",""qubit"":157,""basis"":""X""}]"
1310,X,[1958.0],25958,1872,"[-490,-634]","[1382,1238]","[{""record_index"":1382,""instruction_index"":20496,""gate"":""MX"",""qubit"":158,""basis"":""X""},{""record_index"":1238,""instruction_index"":18475,""gate"":""MX"",""qubit"":158,""basis"":""X""}]"
1311,X,[1959.0],25959,1872,"[-489,-633]","[1383,1239]","[{""record_index"":1383,""instruction_index"":20496,""gate"":""MX"",""qubit"":159,""basis"":""X""},{""record_index"":1239,""instruction_index"":18475,""gate"":""MX"",""qubit"":159,""basis"":""X""}]"
1312,X,[1960.0],25960,1872,"[-488,-632]","[1384,1240]","[{""record_index"":1384,""instruction_index"":20496,""gate"":""MX"",""qubit"":160,""basis"":""X""},{""record_index"":1240,""instruction_index"":18475,""gate"":""MX"",""qubit"":160,""basis"":""X""}]"
1313,X,[1961.0],25961,1872,"[-487,-631]","[1385,1241]","[{""record_index"":1385,""instruction_index"":20496,""gate"":""MX"",""qubit"":161,""basis"":""X""},{""record_index"":1241,""instruction_index"":18475,""gate"":""MX"",""qubit"":161,""basis"":""X""}]"
1314,X,[1962.0],25962,1872,"[-486,-630]","[1386,1242]","[{""record_index"":1386,""instruction_index"":20496,""gate"":""MX"",""qubit"":162,""basis"":""X""},{""record_index"":1242,""instruction_index"":18475,""gate"":""MX"",""qubit"":162,""basis"":""X""}]"
1315,X,[1963.0],25963,1872,"[-485,-629]","[1387,1243]","[{""record_index"":1387,""instruction_index"":20496,""gate"":""MX"",""qubit"":163,""basis"":""X""},{""record_index"":1243,""instruction_index"":18475,""gate"":""MX"",""qubit"":163,""basis"":""X""}]"
1316,X,[1964.0],25964,1872,"[-484,-628]","[1388,1244]","[{""record_index"":1388,""instruction_index"":20496,""gate"":""MX"",""qubit"":164,""basis"":""X""},{""record_index"":1244,""instruction_index"":18475,""gate"":""MX"",""qubit"":164,""basis"":""X""}]"
1317,X,[1965.0],25965,1872,"[-483,-627]","[1389,1245]","[{""record_index"":1389,""instruction_index"":20496,""gate"":""MX"",""qubit"":165,""basis"":""X""},{""record_index"":1245,""instruction_index"":18475,""gate"":""MX"",""qubit"":165,""basis"":""X""}]"
1318,X,[1966.0],25966,1872,"[-482,-626]","[1390,1246]","[{""record_index"":1390,""instruction_index"":20496,""gate"":""MX"",""qubit"":166,""basis"":""X""},{""record_index"":1246,""instruction_index"":18475,""gate"":""MX"",""qubit"":166,""basis"":""X""}]"
1319,X,[1967.0],25967,1872,"[-481,-625]","[1391,1247]","[{""record_index"":1391,""instruction_index"":20496,""gate"":""MX"",""qubit"":167,""basis"":""X""},{""record_index"":1247,""instruction_index"":18475,""gate"":""MX"",""qubit"":167,""basis"":""X""}]"
1320,X,[1968.0],25968,1872,"[-480,-624]","[1392,1248]","[{""record_index"":1392,""instruction_index"":20496,""gate"":""MX"",""qubit"":168,""basis"":""X""},{""record_index"":1248,""instruction_index"":18475,""gate"":""MX"",""qubit"":168,""basis"":""X""}]"
1321,X,[1969.0],25969,1872,"[-479,-623]","[1393,1249]","[{""record_index"":1393,""instruction_index"":20496,""gate"":""MX"",""qubit"":169,""basis"":""X""},{""record_index"":1249,""instruction_index"":18475,""gate"":""MX"",""qubit"":169,""basis"":""X""}]"
1322,X,[1970.0],25970,1872,"[-478,-622]","[1394,1250]","[{""record_index"":1394,""instruction_index"":20496,""gate"":""MX"",""qubit"":170,""basis"":""X""},{""record_index"":1250,""instruction_index"":18475,""gate"":""MX"",""qubit"":170,""basis"":""X""}]"
1323,X,[1971.0],25971,1872,"[-477,-621]","[1395,1251]","[{""record_index"":1395,""instruction_index"":20496,""gate"":""MX"",""qubit"":171,""basis"":""X""},{""record_index"":1251,""instruction_index"":18475,""gate"":""MX"",""qubit"":171,""basis"":""X""}]"
1324,X,[1972.0],25972,1872,"[-476,-620]","[1396,1252]","[{""record_index"":1396,""instruction_index"":20496,""gate"":""MX"",""qubit"":172,""basis"":""X""},{""record_index"":1252,""instruction_index"":18475,""gate"":""MX"",""qubit"":172,""basis"":""X""}]"
1325,X,[1973.0],25973,1872,"[-475,-619]","[1397,1253]","[{""record_index"":1397,""instruction_index"":20496,""gate"":""MX"",""qubit"":173,""basis"":""X""},{""record_index"":1253,""instruction_index"":18475,""gate"":""MX"",""qubit"":173,""basis"":""X""}]"
1326,X,[1974.0],25974,1872,"[-474,-618]","[1398,1254]","[{""record_index"":1398,""instruction_index"":20496,""gate"":""MX"",""qubit"":174,""basis"":""X""},{""record_index"":1254,""instruction_index"":18475,""gate"":""MX"",""qubit"":174,""basis"":""X""}]"
1327,X,[1975.0],25975,1872,"[-473,-617]","[1399,1255]","[{""record_index"":1399,""instruction_index"":20496,""gate"":""MX"",""qubit"":175,""basis"":""X""},{""record_index"":1255,""instruction_index"":18475,""gate"":""MX"",""qubit"":175,""basis"":""X""}]"
1328,X,[1976.0],25976,1872,"[-472,-616]","[1400,1256]","[{""record_index"":1400,""instruction_index"":20496,""gate"":""MX"",""qubit"":176,""basis"":""X""},{""record_index"":1256,""instruction_index"":18475,""gate"":""MX"",""qubit"":176,""basis"":""X""}]"
1329,X,[1977.0],25977,1872,"[-471,-615]","[1401,1257]","[{""record_index"":1401,""instruction_index"":20496,""gate"":""MX"",""qubit"":177,""basis"":""X""},{""record_index"":1257,""instruction_index"":18475,""gate"":""MX"",""qubit"":177,""basis"":""X""}]"
1330,X,[1978.0],25978,1872,"[-470,-614]","[1402,1258]","[{""record_index"":1402,""instruction_index"":20496,""gate"":""MX"",""qubit"":178,""basis"":""X""},{""record_index"":1258,""instruction_index"":18475,""gate"":""MX"",""qubit"":178,""basis"":""X""}]"
1331,X,[1979.0],25979,1872,"[-469,-613]","[1403,1259]","[{""record_index"":1403,""instruction_index"":20496,""gate"":""MX"",""qubit"":179,""basis"":""X""},{""record_index"":1259,""instruction_index"":18475,""gate"":""MX"",""qubit"":179,""basis"":""X""}]"
1332,X,[1980.0],25980,1872,"[-468,-612]","[1404,1260]","[{""record_index"":1404,""instruction_index"":20496,""gate"":""MX"",""qubit"":180,""basis"":""X""},{""record_index"":1260,""instruction_index"":18475,""gate"":""MX"",""qubit"":180,""basis"":""X""}]"
1333,X,[1981.0],25981,1872,"[-467,-611]","[1405,1261]","[{""record_index"":1405,""instruction_index"":20496,""gate"":""MX"",""qubit"":181,""basis"":""X""},{""record_index"":1261,""instruction_index"":18475,""gate"":""MX"",""qubit"":181,""basis"":""X""}]"
1334,X,[1982.0],25982,1872,"[-466,-610]","[1406,1262]","[{""record_index"":1406,""instruction_index"":20496,""gate"":""MX"",""qubit"":182,""basis"":""X""},{""record_index"":1262,""instruction_index"":18475,""gate"":""MX"",""qubit"":182,""basis"":""X""}]"
1335,X,[1983.0],25983,1872,"[-465,-609]","[1407,1263]","[{""record_index"":1407,""instruction_index"":20496,""gate"":""MX"",""qubit"":183,""basis"":""X""},{""record_index"":1263,""instruction_index"":18475,""gate"":""MX"",""qubit"":183,""basis"":""X""}]"
1336,X,[1984.0],25984,1872,"[-464,-608]","[1408,1264]","[{""record_index"":1408,""instruction_index"":20496,""gate"":""MX"",""qubit"":184,""basis"":""X""},{""record_index"":1264,""instruction_index"":18475,""gate"":""MX"",""qubit"":184,""basis"":""X""}]"
1337,X,[1985.0],25985,1872,"[-463,-607]","[1409,1265]","[{""record_index"":1409,""instruction_index"":20496,""gate"":""MX"",""qubit"":185,""basis"":""X""},{""record_index"":1265,""instruction_index"":18475,""gate"":""MX"",""qubit"":185,""basis"":""X""}]"
1338,X,[1986.0],25986,1872,"[-462,-606]","[1410,1266]","[{""record_index"":1410,""instruction_index"":20496,""gate"":""MX"",""qubit"":186,""basis"":""X""},{""record_index"":1266,""instruction_index"":18475,""gate"":""MX"",""qubit"":186,""basis"":""X""}]"
1339,X,[1987.0],25987,1872,"[-461,-605]","[1411,1267]","[{""record_index"":1411,""instruction_index"":20496,""gate"":""MX"",""qubit"":187,""basis"":""X""},{""record_index"":1267,""instruction_index"":18475,""gate"":""MX"",""qubit"":187,""basis"":""X""}]"
1340,X,[1988.0],25988,1872,"[-460,-604]","[1412,1268]","[{""record_index"":1412,""instruction_index"":20496,""gate"":""MX"",""qubit"":188,""basis"":""X""},{""record_index"":1268,""instruction_index"":18475,""gate"":""MX"",""qubit"":188,""basis"":""X""}]"
1341,X,[1989.0],25989,1872,"[-459,-603]","[1413,1269]","[{""record_index"":1413,""instruction_index"":20496,""gate"":""MX"",""qubit"":189,""basis"":""X""},{""record_index"":1269,""instruction_index"":18475,""gate"":""MX"",""qubit"":189,""basis"":""X""}]"
1342,X,[1990.0],25990,1872,"[-458,-602]","[1414,1270]","[{""record_index"":1414,""instruction_index"":20496,""gate"":""MX"",""qubit"":190,""basis"":""X""},{""record_index"":1270,""instruction_index"":18475,""gate"":""MX"",""qubit"":190,""basis"":""X""}]"
1343,X,[1991.0],25991,1872,"[-457,-601]","[1415,1271]","[{""record_index"":1415,""instruction_index"":20496,""gate"":""MX"",""qubit"":191,""basis"":""X""},{""record_index"":1271,""instruction_index"":18475,""gate"":""MX"",""qubit"":191,""basis"":""X""}]"
1344,X,[1992.0],25992,1872,"[-456,-600]","[1416,1272]","[{""record_index"":1416,""instruction_index"":20496,""gate"":""MX"",""qubit"":192,""basis"":""X""},{""record_index"":1272,""instruction_index"":18475,""gate"":""MX"",""qubit"":192,""basis"":""X""}]"
1345,X,[1993.0],25993,1872,"[-455,-599]","[1417,1273]","[{""record_index"":1417,""instruction_index"":20496,""gate"":""MX"",""qubit"":193,""basis"":""X""},{""record_index"":1273,""instruction_index"":18475,""gate"":""MX"",""qubit"":193,""basis"":""X""}]"
1346,X,[1994.0],25994,1872,"[-454,-598]","[1418,1274]","[{""record_index"":1418,""instruction_index"":20496,""gate"":""MX"",""qubit"":194,""basis"":""X""},{""record_index"":1274,""instruction_index"":18475,""gate"":""MX"",""qubit"":194,""basis"":""X""}]"
1347,X,[1995.0],25995,1872,"[-453,-597]","[1419,1275]","[{""record_index"":1419,""instruction_index"":20496,""gate"":""MX"",""qubit"":195,""basis"":""X""},{""record_index"":1275,""instruction_index"":18475,""gate"":""MX"",""qubit"":195,""basis"":""X""}]"
1348,X,[1996.0],25996,1872,"[-452,-596]","[1420,1276]","[{""record_index"":1420,""instruction_index"":20496,""gate"":""MX"",""qubit"":196,""basis"":""X""},{""record_index"":1276,""instruction_index"":18475,""gate"":""MX"",""qubit"":196,""basis"":""X""}]"
1349,X,[1997.0],25997,1872,"[-451,-595]","[1421,1277]","[{""record_index"":1421,""instruction_index"":20496,""gate"":""MX"",""qubit"":197,""basis"":""X""},{""record_index"":1277,""instruction_index"":18475,""gate"":""MX"",""qubit"":197,""basis"":""X""}]"
1350,X,[1998.0],25998,1872,"[-450,-594]","[1422,1278]","[{""record_index"":1422,""instruction_index"":20496,""gate"":""MX"",""qubit"":198,""basis"":""X""},{""record_index"":1278,""instruction_index"":18475,""gate"":""MX"",""qubit"":198,""basis"":""X""}]"
1351,X,[1999.0],25999,1872,"[-449,-593]","[1423,1279]","[{""record_index"":1423,""instruction_index"":20496,""gate"":""MX"",""qubit"":199,""basis"":""X""},{""record_index"":1279,""instruction_index"":18475,""gate"":""MX"",""qubit"":199,""basis"":""X""}]"
1352,X,[2000.0],26000,1872,"[-448,-592]","[1424,1280]","[{""record_index"":1424,""instruction_index"":20496,""gate"":""MX"",""qubit"":200,""basis"":""X""},{""record_index"":1280,""instruction_index"":18475,""gate"":""MX"",""qubit"":200,""basis"":""X""}]"
1353,X,[2001.0],26001,1872,"[-447,-591]","[1425,1281]","[{""record_index"":1425,""instruction_index"":20496,""gate"":""MX"",""qubit"":201,""basis"":""X""},{""record_index"":1281,""instruction_index"":18475,""gate"":""MX"",""qubit"":201,""basis"":""X""}]"
1354,X,[2002.0],26002,1872,"[-446,-590]","[1426,1282]","[{""record_index"":1426,""instruction_index"":20496,""gate"":""MX"",""qubit"":202,""basis"":""X""},{""record_index"":1282,""instruction_index"":18475,""gate"":""MX"",""qubit"":202,""basis"":""X""}]"
1355,X,[2003.0],26003,1872,"[-445,-589]","[1427,1283]","[{""record_index"":1427,""instruction_index"":20496,""gate"":""MX"",""qubit"":203,""basis"":""X""},{""record_index"":1283,""instruction_index"":18475,""gate"":""MX"",""qubit"":203,""basis"":""X""}]"
1356,X,[2004.0],26004,1872,"[-444,-588]","[1428,1284]","[{""record_index"":1428,""instruction_index"":20496,""gate"":""MX"",""qubit"":204,""basis"":""X""},{""record_index"":1284,""instruction_index"":18475,""gate"":""MX"",""qubit"":204,""basis"":""X""}]"
1357,X,[2005.0],26005,1872,"[-443,-587]","[1429,1285]","[{""record_index"":1429,""instruction_index"":20496,""gate"":""MX"",""qubit"":205,""basis"":""X""},{""record_index"":1285,""instruction_index"":18475,""gate"":""MX"",""qubit"":205,""basis"":""X""}]"
1358,X,[2006.0],26006,1872,"[-442,-586]","[1430,1286]","[{""record_index"":1430,""instruction_index"":20496,""gate"":""MX"",""qubit"":206,""basis"":""X""},{""record_index"":1286,""instruction_index"":18475,""gate"":""MX"",""qubit"":206,""basis"":""X""}]"
1359,X,[2007.0],26007,1872,"[-441,-585]","[1431,1287]","[{""record_index"":1431,""instruction_index"":20496,""gate"":""MX"",""qubit"":207,""basis"":""X""},{""record_index"":1287,""instruction_index"":18475,""gate"":""MX"",""qubit"":207,""basis"":""X""}]"
1360,X,[2008.0],26008,1872,"[-440,-584]","[1432,1288]","[{""record_index"":1432,""instruction_index"":20496,""gate"":""MX"",""qubit"":208,""basis"":""X""},{""record_index"":1288,""instruction_index"":18475,""gate"":""MX"",""qubit"":208,""basis"":""X""}]"
1361,X,[2009.0],26009,1872,"[-439,-583]","[1433,1289]","[{""record_index"":1433,""instruction_index"":20496,""gate"":""MX"",""qubit"":209,""basis"":""X""},{""record_index"":1289,""instruction_index"":18475,""gate"":""MX"",""qubit"":209,""basis"":""X""}]"
1362,X,[2010.0],26010,1872,"[-438,-582]","[1434,1290]","[{""record_index"":1434,""instruction_index"":20496,""gate"":""MX"",""qubit"":210,""basis"":""X""},{""record_index"":1290,""instruction_index"":18475,""gate"":""MX"",""qubit"":210,""basis"":""X""}]"
1363,X,[2011.0],26011,1872,"[-437,-581]","[1435,1291]","[{""record_index"":1435,""instruction_index"":20496,""gate"":""MX"",""qubit"":211,""basis"":""X""},{""record_index"":1291,""instruction_index"":18475,""gate"":""MX"",""qubit"":211,""basis"":""X""}]"
1364,X,[2012.0],26012,1872,"[-436,-580]","[1436,1292]","[{""record_index"":1436,""instruction_index"":20496,""gate"":""MX"",""qubit"":212,""basis"":""X""},{""record_index"":1292,""instruction_index"":18475,""gate"":""MX"",""qubit"":212,""basis"":""X""}]"
1365,X,[2013.0],26013,1872,"[-435,-579]","[1437,1293]","[{""record_index"":1437,""instruction_index"":20496,""gate"":""MX"",""qubit"":213,""basis"":""X""},{""record_index"":1293,""instruction_index"":18475,""gate"":""MX"",""qubit"":213,""basis"":""X""}]"
1366,X,[2014.0],26014,1872,"[-434,-578]","[1438,1294]","[{""record_index"":1438,""instruction_index"":20496,""gate"":""MX"",""qubit"":214,""basis"":""X""},{""record_index"":1294,""instruction_index"":18475,""gate"":""MX"",""qubit"":214,""basis"":""X""}]"
1367,X,[2015.0],26015,1872,"[-433,-577]","[1439,1295]","[{""record_index"":1439,""instruction_index"":20496,""gate"":""MX"",""qubit"":215,""basis"":""X""},{""record_index"":1295,""instruction_index"":18475,""gate"":""MX"",""qubit"":215,""basis"":""X""}]"
1368,Z,[2232.0],26026,1872,"[-432,-576]","[1440,1296]","[{""record_index"":1440,""instruction_index"":22515,""gate"":""M"",""qubit"":216,""basis"":""Z""},{""record_index"":1296,""instruction_index"":20494,""gate"":""M"",""qubit"":216,""basis"":""Z""}]"
1369,Z,[2233.0],26027,1872,"[-431,-575]","[1441,1297]","[{""record_index"":1441,""instruction_index"":22515,""gate"":""M"",""qubit"":217,""basis"":""Z""},{""record_index"":1297,""instruction_index"":20494,""gate"":""M"",""qubit"":217,""basis"":""Z""}]"
1370,Z,[2234.0],26028,1872,"[-430,-574]","[1442,1298]","[{""record_index"":1442,""instruction_index"":22515,""gate"":""M"",""qubit"":218,""basis"":""Z""},{""record_index"":1298,""instruction_index"":20494,""gate"":""M"",""qubit"":218,""basis"":""Z""}]"
1371,Z,[2235.0],26029,1872,"[-429,-573]","[1443,1299]","[{""record_index"":1443,""instruction_index"":22515,""gate"":""M"",""qubit"":219,""basis"":""Z""},{""record_index"":1299,""instruction_index"":20494,""gate"":""M"",""qubit"":219,""basis"":""Z""}]"
1372,Z,[2236.0],26030,1872,"[-428,-572]","[1444,1300]","[{""record_index"":1444,""instruction_index"":22515,""gate"":""M"",""qubit"":220,""basis"":""Z""},{""record_index"":1300,""instruction_index"":20494,""gate"":""M"",""qubit"":220,""basis"":""Z""}]"
1373,Z,[2237.0],26031,1872,"[-427,-571]","[1445,1301]","[{""record_index"":1445,""instruction_index"":22515,""gate"":""M"",""qubit"":221,""basis"":""Z""},{""record_index"":1301,""instruction_index"":20494,""gate"":""M"",""qubit"":221,""basis"":""Z""}]"
1374,Z,[2238.0],26032,1872,"[-426,-570]","[1446,1302]","[{""record_index"":1446,""instruction_index"":22515,""gate"":""M"",""qubit"":222,""basis"":""Z""},{""record_index"":1302,""instruction_index"":20494,""gate"":""M"",""qubit"":222,""basis"":""Z""}]"
1375,Z,[2239.0],26033,1872,"[-425,-569]","[1447,1303]","[{""record_index"":1447,""instruction_index"":22515,""gate"":""M"",""qubit"":223,""basis"":""Z""},{""record_index"":1303,""instruction_index"":20494,""gate"":""M"",""qubit"":223,""basis"":""Z""}]"
1376,Z,[2240.0],26034,1872,"[-424,-568]","[1448,1304]","[{""record_index"":1448,""instruction_index"":22515,""gate"":""M"",""qubit"":224,""basis"":""Z""},{""record_index"":1304,""instruction_index"":20494,""gate"":""M"",""qubit"":224,""basis"":""Z""}]"
1377,Z,[2241.0],26035,1872,"[-423,-567]","[1449,1305]","[{""record_index"":1449,""instruction_index"":22515,""gate"":""M"",""qubit"":225,""basis"":""Z""},{""record_index"":1305,""instruction_index"":20494,""gate"":""M"",""qubit"":225,""basis"":""Z""}]"
1378,Z,[2242.0],26036,1872,"[-422,-566]","[1450,1306]","[{""record_index"":1450,""instruction_index"":22515,""gate"":""M"",""qubit"":226,""basis"":""Z""},{""record_index"":1306,""instruction_index"":20494,""gate"":""M"",""qubit"":226,""basis"":""Z""}]"
1379,Z,[2243.0],26037,1872,"[-421,-565]","[1451,1307]","[{""record_index"":1451,""instruction_index"":22515,""gate"":""M"",""qubit"":227,""basis"":""Z""},{""record_index"":1307,""instruction_index"":20494,""gate"":""M"",""qubit"":227,""basis"":""Z""}]"
1380,Z,[2244.0],26038,1872,"[-420,-564]","[1452,1308]","[{""record_index"":1452,""instruction_index"":22515,""gate"":""M"",""qubit"":228,""basis"":""Z""},{""record_index"":1308,""instruction_index"":20494,""gate"":""M"",""qubit"":228,""basis"":""Z""}]"
1381,Z,[2245.0],26039,1872,"[-419,-563]","[1453,1309]","[{""record_index"":1453,""instruction_index"":22515,""gate"":""M"",""qubit"":229,""basis"":""Z""},{""record_index"":1309,""instruction_index"":20494,""gate"":""M"",""qubit"":229,""basis"":""Z""}]"
1382,Z,[2246.0],26040,1872,"[-418,-562]","[1454,1310]","[{""record_index"":1454,""instruction_index"":22515,""gate"":""M"",""qubit"":230,""basis"":""Z""},{""record_index"":1310,""instruction_index"":20494,""gate"":""M"",""qubit"":230,""basis"":""Z""}]"
1383,Z,[2247.0],26041,1872,"[-417,-561]","[1455,1311]","[{""record_index"":1455,""instruction_index"":22515,""gate"":""M"",""qubit"":231,""basis"":""Z""},{""record_index"":1311,""instruction_index"":20494,""gate"":""M"",""qubit"":231,""basis"":""Z""}]"
1384,Z,[2248.0],26042,1872,"[-416,-560]","[1456,1312]","[{""record_index"":1456,""instruction_index"":22515,""gate"":""M"",""qubit"":232,""basis"":""Z""},{""record_index"":1312,""instruction_index"":20494,""gate"":""M"",""qubit"":232,""basis"":""Z""}]"
1385,Z,[2249.0],26043,1872,"[-415,-559]","[1457,1313]","[{""record_index"":1457,""instruction_index"":22515,""gate"":""M"",""qubit"":233,""basis"":""Z""},{""record_index"":1313,""instruction_index"":20494,""gate"":""M"",""qubit"":233,""basis"":""Z""}]"
1386,Z,[2250.0],26044,1872,"[-414,-558]","[1458,1314]","[{""record_index"":1458,""instruction_index"":22515,""gate"":""M"",""qubit"":234,""basis"":""Z""},{""record_index"":1314,""instruction_index"":20494,""gate"":""M"",""qubit"":234,""basis"":""Z""}]"
1387,Z,[2251.0],26045,1872,"[-413,-557]","[1459,1315]","[{""record_index"":1459,""instruction_index"":22515,""gate"":""M"",""qubit"":235,""basis"":""Z""},{""record_index"":1315,""instruction_index"":20494,""gate"":""M"",""qubit"":235,""basis"":""Z""}]"
1388,Z,[2252.0],26046,1872,"[-412,-556]","[1460,1316]","[{""record_index"":1460,""instruction_index"":22515,""gate"":""M"",""qubit"":236,""basis"":""Z""},{""record_index"":1316,""instruction_index"":20494,""gate"":""M"",""qubit"":236,""basis"":""Z""}]"
1389,Z,[2253.0],26047,1872,"[-411,-555]","[1461,1317]","[{""record_index"":1461,""instruction_index"":22515,""gate"":""M"",""qubit"":237,""basis"":""Z""},{""record_index"":1317,""instruction_index"":20494,""gate"":""M"",""qubit"":237,""basis"":""Z""}]"
1390,Z,[2254.0],26048,1872,"[-410,-554]","[1462,1318]","[{""record_index"":1462,""instruction_index"":22515,""gate"":""M"",""qubit"":238,""basis"":""Z""},{""record_index"":1318,""instruction_index"":20494,""gate"":""M"",""qubit"":238,""basis"":""Z""}]"
1391,Z,[2255.0],26049,1872,"[-409,-553]","[1463,1319]","[{""record_index"":1463,""instruction_index"":22515,""gate"":""M"",""qubit"":239,""basis"":""Z""},{""record_index"":1319,""instruction_index"":20494,""gate"":""M"",""qubit"":239,""basis"":""Z""}]"
1392,Z,[2256.0],26050,1872,"[-408,-552]","[1464,1320]","[{""record_index"":1464,""instruction_index"":22515,""gate"":""M"",""qubit"":240,""basis"":""Z""},{""record_index"":1320,""instruction_index"":20494,""gate"":""M"",""qubit"":240,""basis"":""Z""}]"
1393,Z,[2257.0],26051,1872,"[-407,-551]","[1465,1321]","[{""record_index"":1465,""instruction_index"":22515,""gate"":""M"",""qubit"":241,""basis"":""Z""},{""record_index"":1321,""instruction_index"":20494,""gate"":""M"",""qubit"":241,""basis"":""Z""}]"
1394,Z,[2258.0],26052,1872,"[-406,-550]","[1466,1322]","[{""record_index"":1466,""instruction_index"":22515,""gate"":""M"",""qubit"":242,""basis"":""Z""},{""record_index"":1322,""instruction_index"":20494,""gate"":""M"",""qubit"":242,""basis"":""Z""}]"
1395,Z,[2259.0],26053,1872,"[-405,-549]","[1467,1323]","[{""record_index"":1467,""instruction_index"":22515,""gate"":""M"",""qubit"":243,""basis"":""Z""},{""record_index"":1323,""instruction_index"":20494,""gate"":""M"",""qubit"":243,""basis"":""Z""}]"
1396,Z,[2260.0],26054,1872,"[-404,-548]","[1468,1324]","[{""record_index"":1468,""instruction_index"":22515,""gate"":""M"",""qubit"":244,""basis"":""Z""},{""record_index"":1324,""instruction_index"":20494,""gate"":""M"",""qubit"":244,""basis"":""Z""}]"
1397,Z,[2261.0],26055,1872,"[-403,-547]","[1469,1325]","[{""record_index"":1469,""instruction_index"":22515,""gate"":""M"",""qubit"":245,""basis"":""Z""},{""record_index"":1325,""instruction_index"":20494,""gate"":""M"",""qubit"":245,""basis"":""Z""}]"
1398,Z,[2262.0],26056,1872,"[-402,-546]","[1470,1326]","[{""record_index"":1470,""instruction_index"":22515,""gate"":""M"",""qubit"":246,""basis"":""Z""},{""record_index"":1326,""instruction_index"":20494,""gate"":""M"",""qubit"":246,""basis"":""Z""}]"
1399,Z,[2263.0],26057,1872,"[-401,-545]","[1471,1327]","[{""record_index"":1471,""instruction_index"":22515,""gate"":""M"",""qubit"":247,""basis"":""Z""},{""record_index"":1327,""instruction_index"":20494,""gate"":""M"",""qubit"":247,""basis"":""Z""}]"
1400,Z,[2264.0],26058,1872,"[-400,-544]","[1472,1328]","[{""record_index"":1472,""instruction_index"":22515,""gate"":""M"",""qubit"":248,""basis"":""Z""},{""record_index"":1328,""instruction_index"":20494,""gate"":""M"",""qubit"":248,""basis"":""Z""}]"
1401,Z,[2265.0],26059,1872,"[-399,-543]","[1473,1329]","[{""record_index"":1473,""instruction_index"":22515,""gate"":""M"",""qubit"":249,""basis"":""Z""},{""record_index"":1329,""instruction_index"":20494,""gate"":""M"",""qubit"":249,""basis"":""Z""}]"
1402,Z,[2266.0],26060,1872,"[-398,-542]","[1474,1330]","[{""record_index"":1474,""instruction_index"":22515,""gate"":""M"",""qubit"":250,""basis"":""Z""},{""record_index"":1330,""instruction_index"":20494,""gate"":""M"",""qubit"":250,""basis"":""Z""}]"
1403,Z,[2267.0],26061,1872,"[-397,-541]","[1475,1331]","[{""record_index"":1475,""instruction_index"":22515,""gate"":""M"",""qubit"":251,""basis"":""Z""},{""record_index"":1331,""instruction_index"":20494,""gate"":""M"",""qubit"":251,""basis"":""Z""}]"
1404,Z,[2268.0],26062,1872,"[-396,-540]","[1476,1332]","[{""record_index"":1476,""instruction_index"":22515,""gate"":""M"",""qubit"":252,""basis"":""Z""},{""record_index"":1332,""instruction_index"":20494,""gate"":""M"",""qubit"":252,""basis"":""Z""}]"
1405,Z,[2269.0],26063,1872,"[-395,-539]","[1477,1333]","[{""record_index"":1477,""instruction_index"":22515,""gate"":""M"",""qubit"":253,""basis"":""Z""},{""record_index"":1333,""instruction_index"":20494,""gate"":""M"",""qubit"":253,""basis"":""Z""}]"
1406,Z,[2270.0],26064,1872,"[-394,-538]","[1478,1334]","[{""record_index"":1478,""instruction_index"":22515,""gate"":""M"",""qubit"":254,""basis"":""Z""},{""record_index"":1334,""instruction_index"":20494,""gate"":""M"",""qubit"":254,""basis"":""Z""}]"
1407,Z,[2271.0],26065,1872,"[-393,-537]","[1479,1335]","[{""record_index"":1479,""instruction_index"":22515,""gate"":""M"",""qubit"":255,""basis"":""Z""},{""record_index"":1335,""instruction_index"":20494,""gate"":""M"",""qubit"":255,""basis"":""Z""}]"
1408,Z,[2272.0],26066,1872,"[-392,-536]","[1480,1336]","[{""record_index"":1480,""instruction_index"":22515,""gate"":""M"",""qubit"":256,""basis"":""Z""},{""record_index"":1336,""instruction_index"":20494,""gate"":""M"",""qubit"":256,""basis"":""Z""}]"
1409,Z,[2273.0],26067,1872,"[-391,-535]","[1481,1337]","[{""record_index"":1481,""instruction_index"":22515,""gate"":""M"",""qubit"":257,""basis"":""Z""},{""record_index"":1337,""instruction_index"":20494,""gate"":""M"",""qubit"":257,""basis"":""Z""}]"
1410,Z,[2274.0],26068,1872,"[-390,-534]","[1482,1338]","[{""record_index"":1482,""instruction_index"":22515,""gate"":""M"",""qubit"":258,""basis"":""Z""},{""record_index"":1338,""instruction_index"":20494,""gate"":""M"",""qubit"":258,""basis"":""Z""}]"
1411,Z,[2275.0],26069,1872,"[-389,-533]","[1483,1339]","[{""record_index"":1483,""instruction_index"":22515,""gate"":""M"",""qubit"":259,""basis"":""Z""},{""record_index"":1339,""instruction_index"":20494,""gate"":""M"",""qubit"":259,""basis"":""Z""}]"
1412,Z,[2276.0],26070,1872,"[-388,-532]","[1484,1340]","[{""record_index"":1484,""instruction_index"":22515,""gate"":""M"",""qubit"":260,""basis"":""Z""},{""record_index"":1340,""instruction_index"":20494,""gate"":""M"",""qubit"":260,""basis"":""Z""}]"
1413,Z,[2277.0],26071,1872,"[-387,-531]","[1485,1341]","[{""record_index"":1485,""instruction_index"":22515,""gate"":""M"",""qubit"":261,""basis"":""Z""},{""record_index"":1341,""instruction_index"":20494,""gate"":""M"",""qubit"":261,""basis"":""Z""}]"
1414,Z,[2278.0],26072,1872,"[-386,-530]","[1486,1342]","[{""record_index"":1486,""instruction_index"":22515,""gate"":""M"",""qubit"":262,""basis"":""Z""},{""record_index"":1342,""instruction_index"":20494,""gate"":""M"",""qubit"":262,""basis"":""Z""}]"
1415,Z,[2279.0],26073,1872,"[-385,-529]","[1487,1343]","[{""record_index"":1487,""instruction_index"":22515,""gate"":""M"",""qubit"":263,""basis"":""Z""},{""record_index"":1343,""instruction_index"":20494,""gate"":""M"",""qubit"":263,""basis"":""Z""}]"
1416,Z,[2280.0],26074,1872,"[-384,-528]","[1488,1344]","[{""record_index"":1488,""instruction_index"":22515,""gate"":""M"",""qubit"":264,""basis"":""Z""},{""record_index"":1344,""instruction_index"":20494,""gate"":""M"",""qubit"":264,""basis"":""Z""}]"
1417,Z,[2281.0],26075,1872,"[-383,-527]","[1489,1345]","[{""record_index"":1489,""instruction_index"":22515,""gate"":""M"",""qubit"":265,""basis"":""Z""},{""record_index"":1345,""instruction_index"":20494,""gate"":""M"",""qubit"":265,""basis"":""Z""}]"
1418,Z,[2282.0],26076,1872,"[-382,-526]","[1490,1346]","[{""record_index"":1490,""instruction_index"":22515,""gate"":""M"",""qubit"":266,""basis"":""Z""},{""record_index"":1346,""instruction_index"":20494,""gate"":""M"",""qubit"":266,""basis"":""Z""}]"
1419,Z,[2283.0],26077,1872,"[-381,-525]","[1491,1347]","[{""record_index"":1491,""instruction_index"":22515,""gate"":""M"",""qubit"":267,""basis"":""Z""},{""record_index"":1347,""instruction_index"":20494,""gate"":""M"",""qubit"":267,""basis"":""Z""}]"
1420,Z,[2284.0],26078,1872,"[-380,-524]","[1492,1348]","[{""record_index"":1492,""instruction_index"":22515,""gate"":""M"",""qubit"":268,""basis"":""Z""},{""record_index"":1348,""instruction_index"":20494,""gate"":""M"",""qubit"":268,""basis"":""Z""}]"
1421,Z,[2285.0],26079,1872,"[-379,-523]","[1493,1349]","[{""record_index"":1493,""instruction_index"":22515,""gate"":""M"",""qubit"":269,""basis"":""Z""},{""record_index"":1349,""instruction_index"":20494,""gate"":""M"",""qubit"":269,""basis"":""Z""}]"
1422,Z,[2286.0],26080,1872,"[-378,-522]","[1494,1350]","[{""record_index"":1494,""instruction_index"":22515,""gate"":""M"",""qubit"":270,""basis"":""Z""},{""record_index"":1350,""instruction_index"":20494,""gate"":""M"",""qubit"":270,""basis"":""Z""}]"
1423,Z,[2287.0],26081,1872,"[-377,-521]","[1495,1351]","[{""record_index"":1495,""instruction_index"":22515,""gate"":""M"",""qubit"":271,""basis"":""Z""},{""record_index"":1351,""instruction_index"":20494,""gate"":""M"",""qubit"":271,""basis"":""Z""}]"
1424,Z,[2288.0],26082,1872,"[-376,-520]","[1496,1352]","[{""record_index"":1496,""instruction_index"":22515,""gate"":""M"",""qubit"":272,""basis"":""Z""},{""record_index"":1352,""instruction_index"":20494,""gate"":""M"",""qubit"":272,""basis"":""Z""}]"
1425,Z,[2289.0],26083,1872,"[-375,-519]","[1497,1353]","[{""record_index"":1497,""instruction_index"":22515,""gate"":""M"",""qubit"":273,""basis"":""Z""},{""record_index"":1353,""instruction_index"":20494,""gate"":""M"",""qubit"":273,""basis"":""Z""}]"
1426,Z,[2290.0],26084,1872,"[-374,-518]","[1498,1354]","[{""record_index"":1498,""instruction_index"":22515,""gate"":""M"",""qubit"":274,""basis"":""Z""},{""record_index"":1354,""instruction_index"":20494,""gate"":""M"",""qubit"":274,""basis"":""Z""}]"
1427,Z,[2291.0],26085,1872,"[-373,-517]","[1499,1355]","[{""record_index"":1499,""instruction_index"":22515,""gate"":""M"",""qubit"":275,""basis"":""Z""},{""record_index"":1355,""instruction_index"":20494,""gate"":""M"",""qubit"":275,""basis"":""Z""}]"
1428,Z,[2292.0],26086,1872,"[-372,-516]","[1500,1356]","[{""record_index"":1500,""instruction_index"":22515,""gate"":""M"",""qubit"":276,""basis"":""Z""},{""record_index"":1356,""instruction_index"":20494,""gate"":""M"",""qubit"":276,""basis"":""Z""}]"
1429,Z,[2293.0],26087,1872,"[-371,-515]","[1501,1357]","[{""record_index"":1501,""instruction_index"":22515,""gate"":""M"",""qubit"":277,""basis"":""Z""},{""record_index"":1357,""instruction_index"":20494,""gate"":""M"",""qubit"":277,""basis"":""Z""}]"
1430,Z,[2294.0],26088,1872,"[-370,-514]","[1502,1358]","[{""record_index"":1502,""instruction_index"":22515,""gate"":""M"",""qubit"":278,""basis"":""Z""},{""record_index"":1358,""instruction_index"":20494,""gate"":""M"",""qubit"":278,""basis"":""Z""}]"
1431,Z,[2295.0],26089,1872,"[-369,-513]","[1503,1359]","[{""record_index"":1503,""instruction_index"":22515,""gate"":""M"",""qubit"":279,""basis"":""Z""},{""record_index"":1359,""instruction_index"":20494,""gate"":""M"",""qubit"":279,""basis"":""Z""}]"
1432,Z,[2296.0],26090,1872,"[-368,-512]","[1504,1360]","[{""record_index"":1504,""instruction_index"":22515,""gate"":""M"",""qubit"":280,""basis"":""Z""},{""record_index"":1360,""instruction_index"":20494,""gate"":""M"",""qubit"":280,""basis"":""Z""}]"
1433,Z,[2297.0],26091,1872,"[-367,-511]","[1505,1361]","[{""record_index"":1505,""instruction_index"":22515,""gate"":""M"",""qubit"":281,""basis"":""Z""},{""record_index"":1361,""instruction_index"":20494,""gate"":""M"",""qubit"":281,""basis"":""Z""}]"
1434,Z,[2298.0],26092,1872,"[-366,-510]","[1506,1362]","[{""record_index"":1506,""instruction_index"":22515,""gate"":""M"",""qubit"":282,""basis"":""Z""},{""record_index"":1362,""instruction_index"":20494,""gate"":""M"",""qubit"":282,""basis"":""Z""}]"
1435,Z,[2299.0],26093,1872,"[-365,-509]","[1507,1363]","[{""record_index"":1507,""instruction_index"":22515,""gate"":""M"",""qubit"":283,""basis"":""Z""},{""record_index"":1363,""instruction_index"":20494,""gate"":""M"",""qubit"":283,""basis"":""Z""}]"
1436,Z,[2300.0],26094,1872,"[-364,-508]","[1508,1364]","[{""record_index"":1508,""instruction_index"":22515,""gate"":""M"",""qubit"":284,""basis"":""Z""},{""record_index"":1364,""instruction_index"":20494,""gate"":""M"",""qubit"":284,""basis"":""Z""}]"
1437,Z,[2301.0],26095,1872,"[-363,-507]","[1509,1365]","[{""record_index"":1509,""instruction_index"":22515,""gate"":""M"",""qubit"":285,""basis"":""Z""},{""record_index"":1365,""instruction_index"":20494,""gate"":""M"",""qubit"":285,""basis"":""Z""}]"
1438,Z,[2302.0],26096,1872,"[-362,-506]","[1510,1366]","[{""record_index"":1510,""instruction_index"":22515,""gate"":""M"",""qubit"":286,""basis"":""Z""},{""record_index"":1366,""instruction_index"":20494,""gate"":""M"",""qubit"":286,""basis"":""Z""}]"
1439,Z,[2303.0],26097,1872,"[-361,-505]","[1511,1367]","[{""record_index"":1511,""instruction_index"":22515,""gate"":""M"",""qubit"":287,""basis"":""Z""},{""record_index"":1367,""instruction_index"":20494,""gate"":""M"",""qubit"":287,""basis"":""Z""}]"
1440,X,[2160.0],26099,1872,"[-360,-504]","[1512,1368]","[{""record_index"":1512,""instruction_index"":22517,""gate"":""MX"",""qubit"":144,""basis"":""X""},{""record_index"":1368,""instruction_index"":20496,""gate"":""MX"",""qubit"":144,""basis"":""X""}]"
1441,X,[2161.0],26100,1872,"[-359,-503]","[1513,1369]","[{""record_index"":1513,""instruction_index"":22517,""gate"":""MX"",""qubit"":145,""basis"":""X""},{""record_index"":1369,""instruction_index"":20496,""gate"":""MX"",""qubit"":145,""basis"":""X""}]"
1442,X,[2162.0],26101,1872,"[-358,-502]","[1514,1370]","[{""record_index"":1514,""instruction_index"":22517,""gate"":""MX"",""qubit"":146,""basis"":""X""},{""record_index"":1370,""instruction_index"":20496,""gate"":""MX"",""qubit"":146,""basis"":""X""}]"
1443,X,[2163.0],26102,1872,"[-357,-501]","[1515,1371]","[{""record_index"":1515,""instruction_index"":22517,""gate"":""MX"",""qubit"":147,""basis"":""X""},{""record_index"":1371,""instruction_index"":20496,""gate"":""MX"",""qubit"":147,""basis"":""X""}]"
1444,X,[2164.0],26103,1872,"[-356,-500]","[1516,1372]","[{""record_index"":1516,""instruction_index"":22517,""gate"":""MX"",""qubit"":148,""basis"":""X""},{""record_index"":1372,""instruction_index"":20496,""gate"":""MX"",""qubit"":148,""basis"":""X""}]"
1445,X,[2165.0],26104,1872,"[-355,-499]","[1517,1373]","[{""record_index"":1517,""instruction_index"":22517,""gate"":""MX"",""qubit"":149,""basis"":""X""},{""record_index"":1373,""instruction_index"":20496,""gate"":""MX"",""qubit"":149,""basis"":""X""}]"
1446,X,[2166.0],26105,1872,"[-354,-498]","[1518,1374]","[{""record_index"":1518,""instruction_index"":22517,""gate"":""MX"",""qubit"":150,""basis"":""X""},{""record_index"":1374,""instruction_index"":20496,""gate"":""MX"",""qubit"":150,""basis"":""X""}]"
1447,X,[2167.0],26106,1872,"[-353,-497]","[1519,1375]","[{""record_index"":1519,""instruction_index"":22517,""gate"":""MX"",""qubit"":151,""basis"":""X""},{""record_index"":1375,""instruction_index"":20496,""gate"":""MX"",""qubit"":151,""basis"":""X""}]"
1448,X,[2168.0],26107,1872,"[-352,-496]","[1520,1376]","[{""record_index"":1520,""instruction_index"":22517,""gate"":""MX"",""qubit"":152,""basis"":""X""},{""record_index"":1376,""instruction_index"":20496,""gate"":""MX"",""qubit"":152,""basis"":""X""}]"
1449,X,[2169.0],26108,1872,"[-351,-495]","[1521,1377]","[{""record_index"":1521,""instruction_index"":22517,""gate"":""MX"",""qubit"":153,""basis"":""X""},{""record_index"":1377,""instruction_index"":20496,""gate"":""MX"",""qubit"":153,""basis"":""X""}]"
1450,X,[2170.0],26109,1872,"[-350,-494]","[1522,1378]","[{""record_index"":1522,""instruction_index"":22517,""gate"":""MX"",""qubit"":154,""basis"":""X""},{""record_index"":1378,""instruction_index"":20496,""gate"":""MX"",""qubit"":154,""basis"":""X""}]"
1451,X,[2171.0],26110,1872,"[-349,-493]","[1523,1379]","[{""record_index"":1523,""instruction_index"":22517,""gate"":""MX"",""qubit"":155,""basis"":""X""},{""record_index"":1379,""instruction_index"":20496,""gate"":""MX"",""qubit"":155,""basis"":""X""}]"
1452,X,[2172.0],26111,1872,"[-348,-492]","[1524,1380]","[{""record_index"":1524,""instruction_index"":22517,""gate"":""MX"",""qubit"":156,""basis"":""X""},{""record_index"":1380,""instruction_index"":20496,""gate"":""MX"",""qubit"":156,""basis"":""X""}]"
1453,X,[2173.0],26112,1872,"[-347,-491]","[1525,1381]","[{""record_index"":1525,""instruction_index"":22517,""gate"":""MX"",""qubit"":157,""basis"":""X""},{""record_index"":1381,""instruction_index"":20496,""gate"":""MX"",""qubit"":157,""basis"":""X""}]"
1454,X,[2174.0],26113,1872,"[-346,-490]","[1526,1382]","[{""record_index"":1526,""instruction_index"":22517,""gate"":""MX"",""qubit"":158,""basis"":""X""},{""record_index"":1382,""instruction_index"":20496,""gate"":""MX"",""qubit"":158,""basis"":""X""}]"
1455,X,[2175.0],26114,1872,"[-345,-489]","[1527,1383]","[{""record_index"":1527,""instruction_index"":22517,""gate"":""MX"",""qubit"":159,""basis"":""X""},{""record_index"":1383,""instruction_index"":20496,""gate"":""MX"",""qubit"":159,""basis"":""X""}]"
1456,X,[2176.0],26115,1872,"[-344,-488]","[1528,1384]","[{""record_index"":1528,""instruction_index"":22517,""gate"":""MX"",""qubit"":160,""basis"":""X""},{""record_index"":1384,""instruction_index"":20496,""gate"":""MX"",""qubit"":160,""basis"":""X""}]"
1457,X,[2177.0],26116,1872,"[-343,-487]","[1529,1385]","[{""record_index"":1529,""instruction_index"":22517,""gate"":""MX"",""qubit"":161,""basis"":""X""},{""record_index"":1385,""instruction_index"":20496,""gate"":""MX"",""qubit"":161,""basis"":""X""}]"
1458,X,[2178.0],26117,1872,"[-342,-486]","[1530,1386]","[{""record_index"":1530,""instruction_index"":22517,""gate"":""MX"",""qubit"":162,""basis"":""X""},{""record_index"":1386,""instruction_index"":20496,""gate"":""MX"",""qubit"":162,""basis"":""X""}]"
1459,X,[2179.0],26118,1872,"[-341,-485]","[1531,1387]","[{""record_index"":1531,""instruction_index"":22517,""gate"":""MX"",""qubit"":163,""basis"":""X""},{""record_index"":1387,""instruction_index"":20496,""gate"":""MX"",""qubit"":163,""basis"":""X""}]"
1460,X,[2180.0],26119,1872,"[-340,-484]","[1532,1388]","[{""record_index"":1532,""instruction_index"":22517,""gate"":""MX"",""qubit"":164,""basis"":""X""},{""record_index"":1388,""instruction_index"":20496,""gate"":""MX"",""qubit"":164,""basis"":""X""}]"
1461,X,[2181.0],26120,1872,"[-339,-483]","[1533,1389]","[{""record_index"":1533,""instruction_index"":22517,""gate"":""MX"",""qubit"":165,""basis"":""X""},{""record_index"":1389,""instruction_index"":20496,""gate"":""MX"",""qubit"":165,""basis"":""X""}]"
1462,X,[2182.0],26121,1872,"[-338,-482]","[1534,1390]","[{""record_index"":1534,""instruction_index"":22517,""gate"":""MX"",""qubit"":166,""basis"":""X""},{""record_index"":1390,""instruction_index"":20496,""gate"":""MX"",""qubit"":166,""basis"":""X""}]"
1463,X,[2183.0],26122,1872,"[-337,-481]","[1535,1391]","[{""record_index"":1535,""instruction_index"":22517,""gate"":""MX"",""qubit"":167,""basis"":""X""},{""record_index"":1391,""instruction_index"":20496,""gate"":""MX"",""qubit"":167,""basis"":""X""}]"
1464,X,[2184.0],26123,1872,"[-336,-480]","[1536,1392]","[{""record_index"":1536,""instruction_index"":22517,""gate"":""MX"",""qubit"":168,""basis"":""X""},{""record_index"":1392,""instruction_index"":20496,""gate"":""MX"",""qubit"":168,""basis"":""X""}]"
1465,X,[2185.0],26124,1872,"[-335,-479]","[1537,1393]","[{""record_index"":1537,""instruction_index"":22517,""gate"":""MX"",""qubit"":169,""basis"":""X""},{""record_index"":1393,""instruction_index"":20496,""gate"":""MX"",""qubit"":169,""basis"":""X""}]"
1466,X,[2186.0],26125,1872,"[-334,-478]","[1538,1394]","[{""record_index"":1538,""instruction_index"":22517,""gate"":""MX"",""qubit"":170,""basis"":""X""},{""record_index"":1394,""instruction_index"":20496,""gate"":""MX"",""qubit"":170,""basis"":""X""}]"
1467,X,[2187.0],26126,1872,"[-333,-477]","[1539,1395]","[{""record_index"":1539,""instruction_index"":22517,""gate"":""MX"",""qubit"":171,""basis"":""X""},{""record_index"":1395,""instruction_index"":20496,""gate"":""MX"",""qubit"":171,""basis"":""X""}]"
1468,X,[2188.0],26127,1872,"[-332,-476]","[1540,1396]","[{""record_index"":1540,""instruction_index"":22517,""gate"":""MX"",""qubit"":172,""basis"":""X""},{""record_index"":1396,""instruction_index"":20496,""gate"":""MX"",""qubit"":172,""basis"":""X""}]"
1469,X,[2189.0],26128,1872,"[-331,-475]","[1541,1397]","[{""record_index"":1541,""instruction_index"":22517,""gate"":""MX"",""qubit"":173,""basis"":""X""},{""record_index"":1397,""instruction_index"":20496,""gate"":""MX"",""qubit"":173,""basis"":""X""}]"
1470,X,[2190.0],26129,1872,"[-330,-474]","[1542,1398]","[{""record_index"":1542,""instruction_index"":22517,""gate"":""MX"",""qubit"":174,""basis"":""X""},{""record_index"":1398,""instruction_index"":20496,""gate"":""MX"",""qubit"":174,""basis"":""X""}]"
1471,X,[2191.0],26130,1872,"[-329,-473]","[1543,1399]","[{""record_index"":1543,""instruction_index"":22517,""gate"":""MX"",""qubit"":175,""basis"":""X""},{""record_index"":1399,""instruction_index"":20496,""gate"":""MX"",""qubit"":175,""basis"":""X""}]"
1472,X,[2192.0],26131,1872,"[-328,-472]","[1544,1400]","[{""record_index"":1544,""instruction_index"":22517,""gate"":""MX"",""qubit"":176,""basis"":""X""},{""record_index"":1400,""instruction_index"":20496,""gate"":""MX"",""qubit"":176,""basis"":""X""}]"
1473,X,[2193.0],26132,1872,"[-327,-471]","[1545,1401]","[{""record_index"":1545,""instruction_index"":22517,""gate"":""MX"",""qubit"":177,""basis"":""X""},{""record_index"":1401,""instruction_index"":20496,""gate"":""MX"",""qubit"":177,""basis"":""X""}]"
1474,X,[2194.0],26133,1872,"[-326,-470]","[1546,1402]","[{""record_index"":1546,""instruction_index"":22517,""gate"":""MX"",""qubit"":178,""basis"":""X""},{""record_index"":1402,""instruction_index"":20496,""gate"":""MX"",""qubit"":178,""basis"":""X""}]"
1475,X,[2195.0],26134,1872,"[-325,-469]","[1547,1403]","[{""record_index"":1547,""instruction_index"":22517,""gate"":""MX"",""qubit"":179,""basis"":""X""},{""record_index"":1403,""instruction_index"":20496,""gate"":""MX"",""qubit"":179,""basis"":""X""}]"
1476,X,[2196.0],26135,1872,"[-324,-468]","[1548,1404]","[{""record_index"":1548,""instruction_index"":22517,""gate"":""MX"",""qubit"":180,""basis"":""X""},{""record_index"":1404,""instruction_index"":20496,""gate"":""MX"",""qubit"":180,""basis"":""X""}]"
1477,X,[2197.0],26136,1872,"[-323,-467]","[1549,1405]","[{""record_index"":1549,""instruction_index"":22517,""gate"":""MX"",""qubit"":181,""basis"":""X""},{""record_index"":1405,""instruction_index"":20496,""gate"":""MX"",""qubit"":181,""basis"":""X""}]"
1478,X,[2198.0],26137,1872,"[-322,-466]","[1550,1406]","[{""record_index"":1550,""instruction_index"":22517,""gate"":""MX"",""qubit"":182,""basis"":""X""},{""record_index"":1406,""instruction_index"":20496,""gate"":""MX"",""qubit"":182,""basis"":""X""}]"
1479,X,[2199.0],26138,1872,"[-321,-465]","[1551,1407]","[{""record_index"":1551,""instruction_index"":22517,""gate"":""MX"",""qubit"":183,""basis"":""X""},{""record_index"":1407,""instruction_index"":20496,""gate"":""MX"",""qubit"":183,""basis"":""X""}]"
1480,X,[2200.0],26139,1872,"[-320,-464]","[1552,1408]","[{""record_index"":1552,""instruction_index"":22517,""gate"":""MX"",""qubit"":184,""basis"":""X""},{""record_index"":1408,""instruction_index"":20496,""gate"":""MX"",""qubit"":184,""basis"":""X""}]"
1481,X,[2201.0],26140,1872,"[-319,-463]","[1553,1409]","[{""record_index"":1553,""instruction_index"":22517,""gate"":""MX"",""qubit"":185,""basis"":""X""},{""record_index"":1409,""instruction_index"":20496,""gate"":""MX"",""qubit"":185,""basis"":""X""}]"
1482,X,[2202.0],26141,1872,"[-318,-462]","[1554,1410]","[{""record_index"":1554,""instruction_index"":22517,""gate"":""MX"",""qubit"":186,""basis"":""X""},{""record_index"":1410,""instruction_index"":20496,""gate"":""MX"",""qubit"":186,""basis"":""X""}]"
1483,X,[2203.0],26142,1872,"[-317,-461]","[1555,1411]","[{""record_index"":1555,""instruction_index"":22517,""gate"":""MX"",""qubit"":187,""basis"":""X""},{""record_index"":1411,""instruction_index"":20496,""gate"":""MX"",""qubit"":187,""basis"":""X""}]"
1484,X,[2204.0],26143,1872,"[-316,-460]","[1556,1412]","[{""record_index"":1556,""instruction_index"":22517,""gate"":""MX"",""qubit"":188,""basis"":""X""},{""record_index"":1412,""instruction_index"":20496,""gate"":""MX"",""qubit"":188,""basis"":""X""}]"
1485,X,[2205.0],26144,1872,"[-315,-459]","[1557,1413]","[{""record_index"":1557,""instruction_index"":22517,""gate"":""MX"",""qubit"":189,""basis"":""X""},{""record_index"":1413,""instruction_index"":20496,""gate"":""MX"",""qubit"":189,""basis"":""X""}]"
1486,X,[2206.0],26145,1872,"[-314,-458]","[1558,1414]","[{""record_index"":1558,""instruction_index"":22517,""gate"":""MX"",""qubit"":190,""basis"":""X""},{""record_index"":1414,""instruction_index"":20496,""gate"":""MX"",""qubit"":190,""basis"":""X""}]"
1487,X,[2207.0],26146,1872,"[-313,-457]","[1559,1415]","[{""record_index"":1559,""instruction_index"":22517,""gate"":""MX"",""qubit"":191,""basis"":""X""},{""record_index"":1415,""instruction_index"":20496,""gate"":""MX"",""qubit"":191,""basis"":""X""}]"
1488,X,[2208.0],26147,1872,"[-312,-456]","[1560,1416]","[{""record_index"":1560,""instruction_index"":22517,""gate"":""MX"",""qubit"":192,""basis"":""X""},{""record_index"":1416,""instruction_index"":20496,""gate"":""MX"",""qubit"":192,""basis"":""X""}]"
1489,X,[2209.0],26148,1872,"[-311,-455]","[1561,1417]","[{""record_index"":1561,""instruction_index"":22517,""gate"":""MX"",""qubit"":193,""basis"":""X""},{""record_index"":1417,""instruction_index"":20496,""gate"":""MX"",""qubit"":193,""basis"":""X""}]"
1490,X,[2210.0],26149,1872,"[-310,-454]","[1562,1418]","[{""record_index"":1562,""instruction_index"":22517,""gate"":""MX"",""qubit"":194,""basis"":""X""},{""record_index"":1418,""instruction_index"":20496,""gate"":""MX"",""qubit"":194,""basis"":""X""}]"
1491,X,[2211.0],26150,1872,"[-309,-453]","[1563,1419]","[{""record_index"":1563,""instruction_index"":22517,""gate"":""MX"",""qubit"":195,""basis"":""X""},{""record_index"":1419,""instruction_index"":20496,""gate"":""MX"",""qubit"":195,""basis"":""X""}]"
1492,X,[2212.0],26151,1872,"[-308,-452]","[1564,1420]","[{""record_index"":1564,""instruction_index"":22517,""gate"":""MX"",""qubit"":196,""basis"":""X""},{""record_index"":1420,""instruction_index"":20496,""gate"":""MX"",""qubit"":196,""basis"":""X""}]"
1493,X,[2213.0],26152,1872,"[-307,-451]","[1565,1421]","[{""record_index"":1565,""instruction_index"":22517,""gate"":""MX"",""qubit"":197,""basis"":""X""},{""record_index"":1421,""instruction_index"":20496,""gate"":""MX"",""qubit"":197,""basis"":""X""}]"
1494,X,[2214.0],26153,1872,"[-306,-450]","[1566,1422]","[{""record_index"":1566,""instruction_index"":22517,""gate"":""MX"",""qubit"":198,""basis"":""X""},{""record_index"":1422,""instruction_index"":20496,""gate"":""MX"",""qubit"":198,""basis"":""X""}]"
1495,X,[2215.0],26154,1872,"[-305,-449]","[1567,1423]","[{""record_index"":1567,""instruction_index"":22517,""gate"":""MX"",""qubit"":199,""basis"":""X""},{""record_index"":1423,""instruction_index"":20496,""gate"":""MX"",""qubit"":199,""basis"":""X""}]"
1496,X,[2216.0],26155,1872,"[-304,-448]","[1568,1424]","[{""record_index"":1568,""instruction_index"":22517,""gate"":""MX"",""qubit"":200,""basis"":""X""},{""record_index"":1424,""instruction_index"":20496,""gate"":""MX"",""qubit"":200,""basis"":""X""}]"
1497,X,[2217.0],26156,1872,"[-303,-447]","[1569,1425]","[{""record_index"":1569,""instruction_index"":22517,""gate"":""MX"",""qubit"":201,""basis"":""X""},{""record_index"":1425,""instruction_index"":20496,""gate"":""MX"",""qubit"":201,""basis"":""X""}]"
1498,X,[2218.0],26157,1872,"[-302,-446]","[1570,1426]","[{""record_index"":1570,""instruction_index"":22517,""gate"":""MX"",""qubit"":202,""basis"":""X""},{""record_index"":1426,""instruction_index"":20496,""gate"":""MX"",""qubit"":202,""basis"":""X""}]"
1499,X,[2219.0],26158,1872,"[-301,-445]","[1571,1427]","[{""record_index"":1571,""instruction_index"":22517,""gate"":""MX"",""qubit"":203,""basis"":""X""},{""record_index"":1427,""instruction_index"":20496,""gate"":""MX"",""qubit"":203,""basis"":""X""}]"
1500,X,[2220.0],26159,1872,"[-300,-444]","[1572,1428]","[{""record_index"":1572,""instruction_index"":22517,""gate"":""MX"",""qubit"":204,""basis"":""X""},{""record_index"":1428,""instruction_index"":20496,""gate"":""MX"",""qubit"":204,""basis"":""X""}]"
1501,X,[2221.0],26160,1872,"[-299,-443]","[1573,1429]","[{""record_index"":1573,""instruction_index"":22517,""gate"":""MX"",""qubit"":205,""basis"":""X""},{""record_index"":1429,""instruction_index"":20496,""gate"":""MX"",""qubit"":205,""basis"":""X""}]"
1502,X,[2222.0],26161,1872,"[-298,-442]","[1574,1430]","[{""record_index"":1574,""instruction_index"":22517,""gate"":""MX"",""qubit"":206,""basis"":""X""},{""record_index"":1430,""instruction_index"":20496,""gate"":""MX"",""qubit"":206,""basis"":""X""}]"
1503,X,[2223.0],26162,1872,"[-297,-441]","[1575,1431]","[{""record_index"":1575,""instruction_index"":22517,""gate"":""MX"",""qubit"":207,""basis"":""X""},{""record_index"":1431,""instruction_index"":20496,""gate"":""MX"",""qubit"":207,""basis"":""X""}]"
1504,X,[2224.0],26163,1872,"[-296,-440]","[1576,1432]","[{""record_index"":1576,""instruction_index"":22517,""gate"":""MX"",""qubit"":208,""basis"":""X""},{""record_index"":1432,""instruction_index"":20496,""gate"":""MX"",""qubit"":208,""basis"":""X""}]"
1505,X,[2225.0],26164,1872,"[-295,-439]","[1577,1433]","[{""record_index"":1577,""instruction_index"":22517,""gate"":""MX"",""qubit"":209,""basis"":""X""},{""record_index"":1433,""instruction_index"":20496,""gate"":""MX"",""qubit"":209,""basis"":""X""}]"
1506,X,[2226.0],26165,1872,"[-294,-438]","[1578,1434]","[{""record_index"":1578,""instruction_index"":22517,""gate"":""MX"",""qubit"":210,""basis"":""X""},{""record_index"":1434,""instruction_index"":20496,""gate"":""MX"",""qubit"":210,""basis"":""X""}]"
1507,X,[2227.0],26166,1872,"[-293,-437]","[1579,1435]","[{""record_index"":1579,""instruction_index"":22517,""gate"":""MX"",""qubit"":211,""basis"":""X""},{""record_index"":1435,""instruction_index"":20496,""gate"":""MX"",""qubit"":211,""basis"":""X""}]"
1508,X,[2228.0],26167,1872,"[-292,-436]","[1580,1436]","[{""record_index"":1580,""instruction_index"":22517,""gate"":""MX"",""qubit"":212,""basis"":""X""},{""record_index"":1436,""instruction_index"":20496,""gate"":""MX"",""qubit"":212,""basis"":""X""}]"
1509,X,[2229.0],26168,1872,"[-291,-435]","[1581,1437]","[{""record_index"":1581,""instruction_index"":22517,""gate"":""MX"",""qubit"":213,""basis"":""X""},{""record_index"":1437,""instruction_index"":20496,""gate"":""MX"",""qubit"":213,""basis"":""X""}]"
1510,X,[2230.0],26169,1872,"[-290,-434]","[1582,1438]","[{""record_index"":1582,""instruction_index"":22517,""gate"":""MX"",""qubit"":214,""basis"":""X""},{""record_index"":1438,""instruction_index"":20496,""gate"":""MX"",""qubit"":214,""basis"":""X""}]"
1511,X,[2231.0],26170,1872,"[-289,-433]","[1583,1439]","[{""record_index"":1583,""instruction_index"":22517,""gate"":""MX"",""qubit"":215,""basis"":""X""},{""record_index"":1439,""instruction_index"":20496,""gate"":""MX"",""qubit"":215,""basis"":""X""}]"
1512,Z,[2448.0],26181,1872,"[-288,-432]","[1584,1440]","[{""record_index"":1584,""instruction_index"":24536,""gate"":""M"",""qubit"":216,""basis"":""Z""},{""record_index"":1440,""instruction_index"":22515,""gate"":""M"",""qubit"":216,""basis"":""Z""}]"
1513,Z,[2449.0],26182,1872,"[-287,-431]","[1585,1441]","[{""record_index"":1585,""instruction_index"":24536,""gate"":""M"",""qubit"":217,""basis"":""Z""},{""record_index"":1441,""instruction_index"":22515,""gate"":""M"",""qubit"":217,""basis"":""Z""}]"
1514,Z,[2450.0],26183,1872,"[-286,-430]","[1586,1442]","[{""record_index"":1586,""instruction_index"":24536,""gate"":""M"",""qubit"":218,""basis"":""Z""},{""record_index"":1442,""instruction_index"":22515,""gate"":""M"",""qubit"":218,""basis"":""Z""}]"
1515,Z,[2451.0],26184,1872,"[-285,-429]","[1587,1443]","[{""record_index"":1587,""instruction_index"":24536,""gate"":""M"",""qubit"":219,""basis"":""Z""},{""record_index"":1443,""instruction_index"":22515,""gate"":""M"",""qubit"":219,""basis"":""Z""}]"
1516,Z,[2452.0],26185,1872,"[-284,-428]","[1588,1444]","[{""record_index"":1588,""instruction_index"":24536,""gate"":""M"",""qubit"":220,""basis"":""Z""},{""record_index"":1444,""instruction_index"":22515,""gate"":""M"",""qubit"":220,""basis"":""Z""}]"
1517,Z,[2453.0],26186,1872,"[-283,-427]","[1589,1445]","[{""record_index"":1589,""instruction_index"":24536,""gate"":""M"",""qubit"":221,""basis"":""Z""},{""record_index"":1445,""instruction_index"":22515,""gate"":""M"",""qubit"":221,""basis"":""Z""}]"
1518,Z,[2454.0],26187,1872,"[-282,-426]","[1590,1446]","[{""record_index"":1590,""instruction_index"":24536,""gate"":""M"",""qubit"":222,""basis"":""Z""},{""record_index"":1446,""instruction_index"":22515,""gate"":""M"",""qubit"":222,""basis"":""Z""}]"
1519,Z,[2455.0],26188,1872,"[-281,-425]","[1591,1447]","[{""record_index"":1591,""instruction_index"":24536,""gate"":""M"",""qubit"":223,""basis"":""Z""},{""record_index"":1447,""instruction_index"":22515,""gate"":""M"",""qubit"":223,""basis"":""Z""}]"
1520,Z,[2456.0],26189,1872,"[-280,-424]","[1592,1448]","[{""record_index"":1592,""instruction_index"":24536,""gate"":""M"",""qubit"":224,""basis"":""Z""},{""record_index"":1448,""instruction_index"":22515,""gate"":""M"",""qubit"":224,""basis"":""Z""}]"
1521,Z,[2457.0],26190,1872,"[-279,-423]","[1593,1449]","[{""record_index"":1593,""instruction_index"":24536,""gate"":""M"",""qubit"":225,""basis"":""Z""},{""record_index"":1449,""instruction_index"":22515,""gate"":""M"",""qubit"":225,""basis"":""Z""}]"
1522,Z,[2458.0],26191,1872,"[-278,-422]","[1594,1450]","[{""record_index"":1594,""instruction_index"":24536,""gate"":""M"",""qubit"":226,""basis"":""Z""},{""record_index"":1450,""instruction_index"":22515,""gate"":""M"",""qubit"":226,""basis"":""Z""}]"
1523,Z,[2459.0],26192,1872,"[-277,-421]","[1595,1451]","[{""record_index"":1595,""instruction_index"":24536,""gate"":""M"",""qubit"":227,""basis"":""Z""},{""record_index"":1451,""instruction_index"":22515,""gate"":""M"",""qubit"":227,""basis"":""Z""}]"
1524,Z,[2460.0],26193,1872,"[-276,-420]","[1596,1452]","[{""record_index"":1596,""instruction_index"":24536,""gate"":""M"",""qubit"":228,""basis"":""Z""},{""record_index"":1452,""instruction_index"":22515,""gate"":""M"",""qubit"":228,""basis"":""Z""}]"
1525,Z,[2461.0],26194,1872,"[-275,-419]","[1597,1453]","[{""record_index"":1597,""instruction_index"":24536,""gate"":""M"",""qubit"":229,""basis"":""Z""},{""record_index"":1453,""instruction_index"":22515,""gate"":""M"",""qubit"":229,""basis"":""Z""}]"
1526,Z,[2462.0],26195,1872,"[-274,-418]","[1598,1454]","[{""record_index"":1598,""instruction_index"":24536,""gate"":""M"",""qubit"":230,""basis"":""Z""},{""record_index"":1454,""instruction_index"":22515,""gate"":""M"",""qubit"":230,""basis"":""Z""}]"
1527,Z,[2463.0],26196,1872,"[-273,-417]","[1599,1455]","[{""record_index"":1599,""instruction_index"":24536,""gate"":""M"",""qubit"":231,""basis"":""Z""},{""record_index"":1455,""instruction_index"":22515,""gate"":""M"",""qubit"":231,""basis"":""Z""}]"
1528,Z,[2464.0],26197,1872,"[-272,-416]","[1600,1456]","[{""record_index"":1600,""instruction_index"":24536,""gate"":""M"",""qubit"":232,""basis"":""Z""},{""record_index"":1456,""instruction_index"":22515,""gate"":""M"",""qubit"":232,""basis"":""Z""}]"
1529,Z,[2465.0],26198,1872,"[-271,-415]","[1601,1457]","[{""record_index"":1601,""instruction_index"":24536,""gate"":""M"",""qubit"":233,""basis"":""Z""},{""record_index"":1457,""instruction_index"":22515,""gate"":""M"",""qubit"":233,""basis"":""Z""}]"
1530,Z,[2466.0],26199,1872,"[-270,-414]","[1602,1458]","[{""record_index"":1602,""instruction_index"":24536,""gate"":""M"",""qubit"":234,""basis"":""Z""},{""record_index"":1458,""instruction_index"":22515,""gate"":""M"",""qubit"":234,""basis"":""Z""}]"
1531,Z,[2467.0],26200,1872,"[-269,-413]","[1603,1459]","[{""record_index"":1603,""instruction_index"":24536,""gate"":""M"",""qubit"":235,""basis"":""Z""},{""record_index"":1459,""instruction_index"":22515,""gate"":""M"",""qubit"":235,""basis"":""Z""}]"
1532,Z,[2468.0],26201,1872,"[-268,-412]","[1604,1460]","[{""record_index"":1604,""instruction_index"":24536,""gate"":""M"",""qubit"":236,""basis"":""Z""},{""record_index"":1460,""instruction_index"":22515,""gate"":""M"",""qubit"":236,""basis"":""Z""}]"
1533,Z,[2469.0],26202,1872,"[-267,-411]","[1605,1461]","[{""record_index"":1605,""instruction_index"":24536,""gate"":""M"",""qubit"":237,""basis"":""Z""},{""record_index"":1461,""instruction_index"":22515,""gate"":""M"",""qubit"":237,""basis"":""Z""}]"
1534,Z,[2470.0],26203,1872,"[-266,-410]","[1606,1462]","[{""record_index"":1606,""instruction_index"":24536,""gate"":""M"",""qubit"":238,""basis"":""Z""},{""record_index"":1462,""instruction_index"":22515,""gate"":""M"",""qubit"":238,""basis"":""Z""}]"
1535,Z,[2471.0],26204,1872,"[-265,-409]","[1607,1463]","[{""record_index"":1607,""instruction_index"":24536,""gate"":""M"",""qubit"":239,""basis"":""Z""},{""record_index"":1463,""instruction_index"":22515,""gate"":""M"",""qubit"":239,""basis"":""Z""}]"
1536,Z,[2472.0],26205,1872,"[-264,-408]","[1608,1464]","[{""record_index"":1608,""instruction_index"":24536,""gate"":""M"",""qubit"":240,""basis"":""Z""},{""record_index"":1464,""instruction_index"":22515,""gate"":""M"",""qubit"":240,""basis"":""Z""}]"
1537,Z,[2473.0],26206,1872,"[-263,-407]","[1609,1465]","[{""record_index"":1609,""instruction_index"":24536,""gate"":""M"",""qubit"":241,""basis"":""Z""},{""record_index"":1465,""instruction_index"":22515,""gate"":""M"",""qubit"":241,""basis"":""Z""}]"
1538,Z,[2474.0],26207,1872,"[-262,-406]","[1610,1466]","[{""record_index"":1610,""instruction_index"":24536,""gate"":""M"",""qubit"":242,""basis"":""Z""},{""record_index"":1466,""instruction_index"":22515,""gate"":""M"",""qubit"":242,""basis"":""Z""}]"
1539,Z,[2475.0],26208,1872,"[-261,-405]","[1611,1467]","[{""record_index"":1611,""instruction_index"":24536,""gate"":""M"",""qubit"":243,""basis"":""Z""},{""record_index"":1467,""instruction_index"":22515,""gate"":""M"",""qubit"":243,""basis"":""Z""}]"
1540,Z,[2476.0],26209,1872,"[-260,-404]","[1612,1468]","[{""record_index"":1612,""instruction_index"":24536,""gate"":""M"",""qubit"":244,""basis"":""Z""},{""record_index"":1468,""instruction_index"":22515,""gate"":""M"",""qubit"":244,""basis"":""Z""}]"
1541,Z,[2477.0],26210,1872,"[-259,-403]","[1613,1469]","[{""record_index"":1613,""instruction_index"":24536,""gate"":""M"",""qubit"":245,""basis"":""Z""},{""record_index"":1469,""instruction_index"":22515,""gate"":""M"",""qubit"":245,""basis"":""Z""}]"
1542,Z,[2478.0],26211,1872,"[-258,-402]","[1614,1470]","[{""record_index"":1614,""instruction_index"":24536,""gate"":""M"",""qubit"":246,""basis"":""Z""},{""record_index"":1470,""instruction_index"":22515,""gate"":""M"",""qubit"":246,""basis"":""Z""}]"
1543,Z,[2479.0],26212,1872,"[-257,-401]","[1615,1471]","[{""record_index"":1615,""instruction_index"":24536,""gate"":""M"",""qubit"":247,""basis"":""Z""},{""record_index"":1471,""instruction_index"":22515,""gate"":""M"",""qubit"":247,""basis"":""Z""}]"
1544,Z,[2480.0],26213,1872,"[-256,-400]","[1616,1472]","[{""record_index"":1616,""instruction_index"":24536,""gate"":""M"",""qubit"":248,""basis"":""Z""},{""record_index"":1472,""instruction_index"":22515,""gate"":""M"",""qubit"":248,""basis"":""Z""}]"
1545,Z,[2481.0],26214,1872,"[-255,-399]","[1617,1473]","[{""record_index"":1617,""instruction_index"":24536,""gate"":""M"",""qubit"":249,""basis"":""Z""},{""record_index"":1473,""instruction_index"":22515,""gate"":""M"",""qubit"":249,""basis"":""Z""}]"
1546,Z,[2482.0],26215,1872,"[-254,-398]","[1618,1474]","[{""record_index"":1618,""instruction_index"":24536,""gate"":""M"",""qubit"":250,""basis"":""Z""},{""record_index"":1474,""instruction_index"":22515,""gate"":""M"",""qubit"":250,""basis"":""Z""}]"
1547,Z,[2483.0],26216,1872,"[-253,-397]","[1619,1475]","[{""record_index"":1619,""instruction_index"":24536,""gate"":""M"",""qubit"":251,""basis"":""Z""},{""record_index"":1475,""instruction_index"":22515,""gate"":""M"",""qubit"":251,""basis"":""Z""}]"
1548,Z,[2484.0],26217,1872,"[-252,-396]","[1620,1476]","[{""record_index"":1620,""instruction_index"":24536,""gate"":""M"",""qubit"":252,""basis"":""Z""},{""record_index"":1476,""instruction_index"":22515,""gate"":""M"",""qubit"":252,""basis"":""Z""}]"
1549,Z,[2485.0],26218,1872,"[-251,-395]","[1621,1477]","[{""record_index"":1621,""instruction_index"":24536,""gate"":""M"",""qubit"":253,""basis"":""Z""},{""record_index"":1477,""instruction_index"":22515,""gate"":""M"",""qubit"":253,""basis"":""Z""}]"
1550,Z,[2486.0],26219,1872,"[-250,-394]","[1622,1478]","[{""record_index"":1622,""instruction_index"":24536,""gate"":""M"",""qubit"":254,""basis"":""Z""},{""record_index"":1478,""instruction_index"":22515,""gate"":""M"",""qubit"":254,""basis"":""Z""}]"
1551,Z,[2487.0],26220,1872,"[-249,-393]","[1623,1479]","[{""record_index"":1623,""instruction_index"":24536,""gate"":""M"",""qubit"":255,""basis"":""Z""},{""record_index"":1479,""instruction_index"":22515,""gate"":""M"",""qubit"":255,""basis"":""Z""}]"
1552,Z,[2488.0],26221,1872,"[-248,-392]","[1624,1480]","[{""record_index"":1624,""instruction_index"":24536,""gate"":""M"",""qubit"":256,""basis"":""Z""},{""record_index"":1480,""instruction_index"":22515,""gate"":""M"",""qubit"":256,""basis"":""Z""}]"
1553,Z,[2489.0],26222,1872,"[-247,-391]","[1625,1481]","[{""record_index"":1625,""instruction_index"":24536,""gate"":""M"",""qubit"":257,""basis"":""Z""},{""record_index"":1481,""instruction_index"":22515,""gate"":""M"",""qubit"":257,""basis"":""Z""}]"
1554,Z,[2490.0],26223,1872,"[-246,-390]","[1626,1482]","[{""record_index"":1626,""instruction_index"":24536,""gate"":""M"",""qubit"":258,""basis"":""Z""},{""record_index"":1482,""instruction_index"":22515,""gate"":""M"",""qubit"":258,""basis"":""Z""}]"
1555,Z,[2491.0],26224,1872,"[-245,-389]","[1627,1483]","[{""record_index"":1627,""instruction_index"":24536,""gate"":""M"",""qubit"":259,""basis"":""Z""},{""record_index"":1483,""instruction_index"":22515,""gate"":""M"",""qubit"":259,""basis"":""Z""}]"
1556,Z,[2492.0],26225,1872,"[-244,-388]","[1628,1484]","[{""record_index"":1628,""instruction_index"":24536,""gate"":""M"",""qubit"":260,""basis"":""Z""},{""record_index"":1484,""instruction_index"":22515,""gate"":""M"",""qubit"":260,""basis"":""Z""}]"
1557,Z,[2493.0],26226,1872,"[-243,-387]","[1629,1485]","[{""record_index"":1629,""instruction_index"":24536,""gate"":""M"",""qubit"":261,""basis"":""Z""},{""record_index"":1485,""instruction_index"":22515,""gate"":""M"",""qubit"":261,""basis"":""Z""}]"
1558,Z,[2494.0],26227,1872,"[-242,-386]","[1630,1486]","[{""record_index"":1630,""instruction_index"":24536,""gate"":""M"",""qubit"":262,""basis"":""Z""},{""record_index"":1486,""instruction_index"":22515,""gate"":""M"",""qubit"":262,""basis"":""Z""}]"
1559,Z,[2495.0],26228,1872,"[-241,-385]","[1631,1487]","[{""record_index"":1631,""instruction_index"":24536,""gate"":""M"",""qubit"":263,""basis"":""Z""},{""record_index"":1487,""instruction_index"":22515,""gate"":""M"",""qubit"":263,""basis"":""Z""}]"
1560,Z,[2496.0],26229,1872,"[-240,-384]","[1632,1488]","[{""record_index"":1632,""instruction_index"":24536,""gate"":""M"",""qubit"":264,""basis"":""Z""},{""record_index"":1488,""instruction_index"":22515,""gate"":""M"",""qubit"":264,""basis"":""Z""}]"
1561,Z,[2497.0],26230,1872,"[-239,-383]","[1633,1489]","[{""record_index"":1633,""instruction_index"":24536,""gate"":""M"",""qubit"":265,""basis"":""Z""},{""record_index"":1489,""instruction_index"":22515,""gate"":""M"",""qubit"":265,""basis"":""Z""}]"
1562,Z,[2498.0],26231,1872,"[-238,-382]","[1634,1490]","[{""record_index"":1634,""instruction_index"":24536,""gate"":""M"",""qubit"":266,""basis"":""Z""},{""record_index"":1490,""instruction_index"":22515,""gate"":""M"",""qubit"":266,""basis"":""Z""}]"
1563,Z,[2499.0],26232,1872,"[-237,-381]","[1635,1491]","[{""record_index"":1635,""instruction_index"":24536,""gate"":""M"",""qubit"":267,""basis"":""Z""},{""record_index"":1491,""instruction_index"":22515,""gate"":""M"",""qubit"":267,""basis"":""Z""}]"
1564,Z,[2500.0],26233,1872,"[-236,-380]","[1636,1492]","[{""record_index"":1636,""instruction_index"":24536,""gate"":""M"",""qubit"":268,""basis"":""Z""},{""record_index"":1492,""instruction_index"":22515,""gate"":""M"",""qubit"":268,""basis"":""Z""}]"
1565,Z,[2501.0],26234,1872,"[-235,-379]","[1637,1493]","[{""record_index"":1637,""instruction_index"":24536,""gate"":""M"",""qubit"":269,""basis"":""Z""},{""record_index"":1493,""instruction_index"":22515,""gate"":""M"",""qubit"":269,""basis"":""Z""}]"
1566,Z,[2502.0],26235,1872,"[-234,-378]","[1638,1494]","[{""record_index"":1638,""instruction_index"":24536,""gate"":""M"",""qubit"":270,""basis"":""Z""},{""record_index"":1494,""instruction_index"":22515,""gate"":""M"",""qubit"":270,""basis"":""Z""}]"
1567,Z,[2503.0],26236,1872,"[-233,-377]","[1639,1495]","[{""record_index"":1639,""instruction_index"":24536,""gate"":""M"",""qubit"":271,""basis"":""Z""},{""record_index"":1495,""instruction_index"":22515,""gate"":""M"",""qubit"":271,""basis"":""Z""}]"
1568,Z,[2504.0],26237,1872,"[-232,-376]","[1640,1496]","[{""record_index"":1640,""instruction_index"":24536,""gate"":""M"",""qubit"":272,""basis"":""Z""},{""record_index"":1496,""instruction_index"":22515,""gate"":""M"",""qubit"":272,""basis"":""Z""}]"
1569,Z,[2505.0],26238,1872,"[-231,-375]","[1641,1497]","[{""record_index"":1641,""instruction_index"":24536,""gate"":""M"",""qubit"":273,""basis"":""Z""},{""record_index"":1497,""instruction_index"":22515,""gate"":""M"",""qubit"":273,""basis"":""Z""}]"
1570,Z,[2506.0],26239,1872,"[-230,-374]","[1642,1498]","[{""record_index"":1642,""instruction_index"":24536,""gate"":""M"",""qubit"":274,""basis"":""Z""},{""record_index"":1498,""instruction_index"":22515,""gate"":""M"",""qubit"":274,""basis"":""Z""}]"
1571,Z,[2507.0],26240,1872,"[-229,-373]","[1643,1499]","[{""record_index"":1643,""instruction_index"":24536,""gate"":""M"",""qubit"":275,""basis"":""Z""},{""record_index"":1499,""instruction_index"":22515,""gate"":""M"",""qubit"":275,""basis"":""Z""}]"
1572,Z,[2508.0],26241,1872,"[-228,-372]","[1644,1500]","[{""record_index"":1644,""instruction_index"":24536,""gate"":""M"",""qubit"":276,""basis"":""Z""},{""record_index"":1500,""instruction_index"":22515,""gate"":""M"",""qubit"":276,""basis"":""Z""}]"
1573,Z,[2509.0],26242,1872,"[-227,-371]","[1645,1501]","[{""record_index"":1645,""instruction_index"":24536,""gate"":""M"",""qubit"":277,""basis"":""Z""},{""record_index"":1501,""instruction_index"":22515,""gate"":""M"",""qubit"":277,""basis"":""Z""}]"
1574,Z,[2510.0],26243,1872,"[-226,-370]","[1646,1502]","[{""record_index"":1646,""instruction_index"":24536,""gate"":""M"",""qubit"":278,""basis"":""Z""},{""record_index"":1502,""instruction_index"":22515,""gate"":""M"",""qubit"":278,""basis"":""Z""}]"
1575,Z,[2511.0],26244,1872,"[-225,-369]","[1647,1503]","[{""record_index"":1647,""instruction_index"":24536,""gate"":""M"",""qubit"":279,""basis"":""Z""},{""record_index"":1503,""instruction_index"":22515,""gate"":""M"",""qubit"":279,""basis"":""Z""}]"
1576,Z,[2512.0],26245,1872,"[-224,-368]","[1648,1504]","[{""record_index"":1648,""instruction_index"":24536,""gate"":""M"",""qubit"":280,""basis"":""Z""},{""record_index"":1504,""instruction_index"":22515,""gate"":""M"",""qubit"":280,""basis"":""Z""}]"
1577,Z,[2513.0],26246,1872,"[-223,-367]","[1649,1505]","[{""record_index"":1649,""instruction_index"":24536,""gate"":""M"",""qubit"":281,""basis"":""Z""},{""record_index"":1505,""instruction_index"":22515,""gate"":""M"",""qubit"":281,""basis"":""Z""}]"
1578,Z,[2514.0],26247,1872,"[-222,-366]","[1650,1506]","[{""record_index"":1650,""instruction_index"":24536,""gate"":""M"",""qubit"":282,""basis"":""Z""},{""record_index"":1506,""instruction_index"":22515,""gate"":""M"",""qubit"":282,""basis"":""Z""}]"
1579,Z,[2515.0],26248,1872,"[-221,-365]","[1651,1507]","[{""record_index"":1651,""instruction_index"":24536,""gate"":""M"",""qubit"":283,""basis"":""Z""},{""record_index"":1507,""instruction_index"":22515,""gate"":""M"",""qubit"":283,""basis"":""Z""}]"
1580,Z,[2516.0],26249,1872,"[-220,-364]","[1652,1508]","[{""record_index"":1652,""instruction_index"":24536,""gate"":""M"",""qubit"":284,""basis"":""Z""},{""record_index"":1508,""instruction_index"":22515,""gate"":""M"",""qubit"":284,""basis"":""Z""}]"
1581,Z,[2517.0],26250,1872,"[-219,-363]","[1653,1509]","[{""record_index"":1653,""instruction_index"":24536,""gate"":""M"",""qubit"":285,""basis"":""Z""},{""record_index"":1509,""instruction_index"":22515,""gate"":""M"",""qubit"":285,""basis"":""Z""}]"
1582,Z,[2518.0],26251,1872,"[-218,-362]","[1654,1510]","[{""record_index"":1654,""instruction_index"":24536,""gate"":""M"",""qubit"":286,""basis"":""Z""},{""record_index"":1510,""instruction_index"":22515,""gate"":""M"",""qubit"":286,""basis"":""Z""}]"
1583,Z,[2519.0],26252,1872,"[-217,-361]","[1655,1511]","[{""record_index"":1655,""instruction_index"":24536,""gate"":""M"",""qubit"":287,""basis"":""Z""},{""record_index"":1511,""instruction_index"":22515,""gate"":""M"",""qubit"":287,""basis"":""Z""}]"
1584,X,[2376.0],26254,1872,"[-216,-360]","[1656,1512]","[{""record_index"":1656,""instruction_index"":24537,""gate"":""MX"",""qubit"":144,""basis"":""X""},{""record_index"":1512,""instruction_index"":22517,""gate"":""MX"",""qubit"":144,""basis"":""X""}]"
1585,X,[2377.0],26255,1872,"[-215,-359]","[1657,1513]","[{""record_index"":1657,""instruction_index"":24537,""gate"":""MX"",""qubit"":145,""basis"":""X""},{""record_index"":1513,""instruction_index"":22517,""gate"":""MX"",""qubit"":145,""basis"":""X""}]"
1586,X,[2378.0],26256,1872,"[-214,-358]","[1658,1514]","[{""record_index"":1658,""instruction_index"":24537,""gate"":""MX"",""qubit"":146,""basis"":""X""},{""record_index"":1514,""instruction_index"":22517,""gate"":""MX"",""qubit"":146,""basis"":""X""}]"
1587,X,[2379.0],26257,1872,"[-213,-357]","[1659,1515]","[{""record_index"":1659,""instruction_index"":24537,""gate"":""MX"",""qubit"":147,""basis"":""X""},{""record_index"":1515,""instruction_index"":22517,""gate"":""MX"",""qubit"":147,""basis"":""X""}]"
1588,X,[2380.0],26258,1872,"[-212,-356]","[1660,1516]","[{""record_index"":1660,""instruction_index"":24537,""gate"":""MX"",""qubit"":148,""basis"":""X""},{""record_index"":1516,""instruction_index"":22517,""gate"":""MX"",""qubit"":148,""basis"":""X""}]"
1589,X,[2381.0],26259,1872,"[-211,-355]","[1661,1517]","[{""record_index"":1661,""instruction_index"":24537,""gate"":""MX"",""qubit"":149,""basis"":""X""},{""record_index"":1517,""instruction_index"":22517,""gate"":""MX"",""qubit"":149,""basis"":""X""}]"
1590,X,[2382.0],26260,1872,"[-210,-354]","[1662,1518]","[{""record_index"":1662,""instruction_index"":24537,""gate"":""MX"",""qubit"":150,""basis"":""X""},{""record_index"":1518,""instruction_index"":22517,""gate"":""MX"",""qubit"":150,""basis"":""X""}]"
1591,X,[2383.0],26261,1872,"[-209,-353]","[1663,1519]","[{""record_index"":1663,""instruction_index"":24537,""gate"":""MX"",""qubit"":151,""basis"":""X""},{""record_index"":1519,""instruction_index"":22517,""gate"":""MX"",""qubit"":151,""basis"":""X""}]"
1592,X,[2384.0],26262,1872,"[-208,-352]","[1664,1520]","[{""record_index"":1664,""instruction_index"":24537,""gate"":""MX"",""qubit"":152,""basis"":""X""},{""record_index"":1520,""instruction_index"":22517,""gate"":""MX"",""qubit"":152,""basis"":""X""}]"
1593,X,[2385.0],26263,1872,"[-207,-351]","[1665,1521]","[{""record_index"":1665,""instruction_index"":24537,""gate"":""MX"",""qubit"":153,""basis"":""X""},{""record_index"":1521,""instruction_index"":22517,""gate"":""MX"",""qubit"":153,""basis"":""X""}]"
1594,X,[2386.0],26264,1872,"[-206,-350]","[1666,1522]","[{""record_index"":1666,""instruction_index"":24537,""gate"":""MX"",""qubit"":154,""basis"":""X""},{""record_index"":1522,""instruction_index"":22517,""gate"":""MX"",""qubit"":154,""basis"":""X""}]"
1595,X,[2387.0],26265,1872,"[-205,-349]","[1667,1523]","[{""record_index"":1667,""instruction_index"":24537,""gate"":""MX"",""qubit"":155,""basis"":""X""},{""record_index"":1523,""instruction_index"":22517,""gate"":""MX"",""qubit"":155,""basis"":""X""}]"
1596,X,[2388.0],26266,1872,"[-204,-348]","[1668,1524]","[{""record_index"":1668,""instruction_index"":24537,""gate"":""MX"",""qubit"":156,""basis"":""X""},{""record_index"":1524,""instruction_index"":22517,""gate"":""MX"",""qubit"":156,""basis"":""X""}]"
1597,X,[2389.0],26267,1872,"[-203,-347]","[1669,1525]","[{""record_index"":1669,""instruction_index"":24537,""gate"":""MX"",""qubit"":157,""basis"":""X""},{""record_index"":1525,""instruction_index"":22517,""gate"":""MX"",""qubit"":157,""basis"":""X""}]"
1598,X,[2390.0],26268,1872,"[-202,-346]","[1670,1526]","[{""record_index"":1670,""instruction_index"":24537,""gate"":""MX"",""qubit"":158,""basis"":""X""},{""record_index"":1526,""instruction_index"":22517,""gate"":""MX"",""qubit"":158,""basis"":""X""}]"
1599,X,[2391.0],26269,1872,"[-201,-345]","[1671,1527]","[{""record_index"":1671,""instruction_index"":24537,""gate"":""MX"",""qubit"":159,""basis"":""X""},{""record_index"":1527,""instruction_index"":22517,""gate"":""MX"",""qubit"":159,""basis"":""X""}]"
1600,X,[2392.0],26270,1872,"[-200,-344]","[1672,1528]","[{""record_index"":1672,""instruction_index"":24537,""gate"":""MX"",""qubit"":160,""basis"":""X""},{""record_index"":1528,""instruction_index"":22517,""gate"":""MX"",""qubit"":160,""basis"":""X""}]"
1601,X,[2393.0],26271,1872,"[-199,-343]","[1673,1529]","[{""record_index"":1673,""instruction_index"":24537,""gate"":""MX"",""qubit"":161,""basis"":""X""},{""record_index"":1529,""instruction_index"":22517,""gate"":""MX"",""qubit"":161,""basis"":""X""}]"
1602,X,[2394.0],26272,1872,"[-198,-342]","[1674,1530]","[{""record_index"":1674,""instruction_index"":24537,""gate"":""MX"",""qubit"":162,""basis"":""X""},{""record_index"":1530,""instruction_index"":22517,""gate"":""MX"",""qubit"":162,""basis"":""X""}]"
1603,X,[2395.0],26273,1872,"[-197,-341]","[1675,1531]","[{""record_index"":1675,""instruction_index"":24537,""gate"":""MX"",""qubit"":163,""basis"":""X""},{""record_index"":1531,""instruction_index"":22517,""gate"":""MX"",""qubit"":163,""basis"":""X""}]"
1604,X,[2396.0],26274,1872,"[-196,-340]","[1676,1532]","[{""record_index"":1676,""instruction_index"":24537,""gate"":""MX"",""qubit"":164,""basis"":""X""},{""record_index"":1532,""instruction_index"":22517,""gate"":""MX"",""qubit"":164,""basis"":""X""}]"
1605,X,[2397.0],26275,1872,"[-195,-339]","[1677,1533]","[{""record_index"":1677,""instruction_index"":24537,""gate"":""MX"",""qubit"":165,""basis"":""X""},{""record_index"":1533,""instruction_index"":22517,""gate"":""MX"",""qubit"":165,""basis"":""X""}]"
1606,X,[2398.0],26276,1872,"[-194,-338]","[1678,1534]","[{""record_index"":1678,""instruction_index"":24537,""gate"":""MX"",""qubit"":166,""basis"":""X""},{""record_index"":1534,""instruction_index"":22517,""gate"":""MX"",""qubit"":166,""basis"":""X""}]"
1607,X,[2399.0],26277,1872,"[-193,-337]","[1679,1535]","[{""record_index"":1679,""instruction_index"":24537,""gate"":""MX"",""qubit"":167,""basis"":""X""},{""record_index"":1535,""instruction_index"":22517,""gate"":""MX"",""qubit"":167,""basis"":""X""}]"
1608,X,[2400.0],26278,1872,"[-192,-336]","[1680,1536]","[{""record_index"":1680,""instruction_index"":24537,""gate"":""MX"",""qubit"":168,""basis"":""X""},{""record_index"":1536,""instruction_index"":22517,""gate"":""MX"",""qubit"":168,""basis"":""X""}]"
1609,X,[2401.0],26279,1872,"[-191,-335]","[1681,1537]","[{""record_index"":1681,""instruction_index"":24537,""gate"":""MX"",""qubit"":169,""basis"":""X""},{""record_index"":1537,""instruction_index"":22517,""gate"":""MX"",""qubit"":169,""basis"":""X""}]"
1610,X,[2402.0],26280,1872,"[-190,-334]","[1682,1538]","[{""record_index"":1682,""instruction_index"":24537,""gate"":""MX"",""qubit"":170,""basis"":""X""},{""record_index"":1538,""instruction_index"":22517,""gate"":""MX"",""qubit"":170,""basis"":""X""}]"
1611,X,[2403.0],26281,1872,"[-189,-333]","[1683,1539]","[{""record_index"":1683,""instruction_index"":24537,""gate"":""MX"",""qubit"":171,""basis"":""X""},{""record_index"":1539,""instruction_index"":22517,""gate"":""MX"",""qubit"":171,""basis"":""X""}]"
1612,X,[2404.0],26282,1872,"[-188,-332]","[1684,1540]","[{""record_index"":1684,""instruction_index"":24537,""gate"":""MX"",""qubit"":172,""basis"":""X""},{""record_index"":1540,""instruction_index"":22517,""gate"":""MX"",""qubit"":172,""basis"":""X""}]"
1613,X,[2405.0],26283,1872,"[-187,-331]","[1685,1541]","[{""record_index"":1685,""instruction_index"":24537,""gate"":""MX"",""qubit"":173,""basis"":""X""},{""record_index"":1541,""instruction_index"":22517,""gate"":""MX"",""qubit"":173,""basis"":""X""}]"
1614,X,[2406.0],26284,1872,"[-186,-330]","[1686,1542]","[{""record_index"":1686,""instruction_index"":24537,""gate"":""MX"",""qubit"":174,""basis"":""X""},{""record_index"":1542,""instruction_index"":22517,""gate"":""MX"",""qubit"":174,""basis"":""X""}]"
1615,X,[2407.0],26285,1872,"[-185,-329]","[1687,1543]","[{""record_index"":1687,""instruction_index"":24537,""gate"":""MX"",""qubit"":175,""basis"":""X""},{""record_index"":1543,""instruction_index"":22517,""gate"":""MX"",""qubit"":175,""basis"":""X""}]"
1616,X,[2408.0],26286,1872,"[-184,-328]","[1688,1544]","[{""record_index"":1688,""instruction_index"":24537,""gate"":""MX"",""qubit"":176,""basis"":""X""},{""record_index"":1544,""instruction_index"":22517,""gate"":""MX"",""qubit"":176,""basis"":""X""}]"
1617,X,[2409.0],26287,1872,"[-183,-327]","[1689,1545]","[{""record_index"":1689,""instruction_index"":24537,""gate"":""MX"",""qubit"":177,""basis"":""X""},{""record_index"":1545,""instruction_index"":22517,""gate"":""MX"",""qubit"":177,""basis"":""X""}]"
1618,X,[2410.0],26288,1872,"[-182,-326]","[1690,1546]","[{""record_index"":1690,""instruction_index"":24537,""gate"":""MX"",""qubit"":178,""basis"":""X""},{""record_index"":1546,""instruction_index"":22517,""gate"":""MX"",""qubit"":178,""basis"":""X""}]"
1619,X,[2411.0],26289,1872,"[-181,-325]","[1691,1547]","[{""record_index"":1691,""instruction_index"":24537,""gate"":""MX"",""qubit"":179,""basis"":""X""},{""record_index"":1547,""instruction_index"":22517,""gate"":""MX"",""qubit"":179,""basis"":""X""}]"
1620,X,[2412.0],26290,1872,"[-180,-324]","[1692,1548]","[{""record_index"":1692,""instruction_index"":24537,""gate"":""MX"",""qubit"":180,""basis"":""X""},{""record_index"":1548,""instruction_index"":22517,""gate"":""MX"",""qubit"":180,""basis"":""X""}]"
1621,X,[2413.0],26291,1872,"[-179,-323]","[1693,1549]","[{""record_index"":1693,""instruction_index"":24537,""gate"":""MX"",""qubit"":181,""basis"":""X""},{""record_index"":1549,""instruction_index"":22517,""gate"":""MX"",""qubit"":181,""basis"":""X""}]"
1622,X,[2414.0],26292,1872,"[-178,-322]","[1694,1550]","[{""record_index"":1694,""instruction_index"":24537,""gate"":""MX"",""qubit"":182,""basis"":""X""},{""record_index"":1550,""instruction_index"":22517,""gate"":""MX"",""qubit"":182,""basis"":""X""}]"
1623,X,[2415.0],26293,1872,"[-177,-321]","[1695,1551]","[{""record_index"":1695,""instruction_index"":24537,""gate"":""MX"",""qubit"":183,""basis"":""X""},{""record_index"":1551,""instruction_index"":22517,""gate"":""MX"",""qubit"":183,""basis"":""X""}]"
1624,X,[2416.0],26294,1872,"[-176,-320]","[1696,1552]","[{""record_index"":1696,""instruction_index"":24537,""gate"":""MX"",""qubit"":184,""basis"":""X""},{""record_index"":1552,""instruction_index"":22517,""gate"":""MX"",""qubit"":184,""basis"":""X""}]"
1625,X,[2417.0],26295,1872,"[-175,-319]","[1697,1553]","[{""record_index"":1697,""instruction_index"":24537,""gate"":""MX"",""qubit"":185,""basis"":""X""},{""record_index"":1553,""instruction_index"":22517,""gate"":""MX"",""qubit"":185,""basis"":""X""}]"
1626,X,[2418.0],26296,1872,"[-174,-318]","[1698,1554]","[{""record_index"":1698,""instruction_index"":24537,""gate"":""MX"",""qubit"":186,""basis"":""X""},{""record_index"":1554,""instruction_index"":22517,""gate"":""MX"",""qubit"":186,""basis"":""X""}]"
1627,X,[2419.0],26297,1872,"[-173,-317]","[1699,1555]","[{""record_index"":1699,""instruction_index"":24537,""gate"":""MX"",""qubit"":187,""basis"":""X""},{""record_index"":1555,""instruction_index"":22517,""gate"":""MX"",""qubit"":187,""basis"":""X""}]"
1628,X,[2420.0],26298,1872,"[-172,-316]","[1700,1556]","[{""record_index"":1700,""instruction_index"":24537,""gate"":""MX"",""qubit"":188,""basis"":""X""},{""record_index"":1556,""instruction_index"":22517,""gate"":""MX"",""qubit"":188,""basis"":""X""}]"
1629,X,[2421.0],26299,1872,"[-171,-315]","[1701,1557]","[{""record_index"":1701,""instruction_index"":24537,""gate"":""MX"",""qubit"":189,""basis"":""X""},{""record_index"":1557,""instruction_index"":22517,""gate"":""MX"",""qubit"":189,""basis"":""X""}]"
1630,X,[2422.0],26300,1872,"[-170,-314]","[1702,1558]","[{""record_index"":1702,""instruction_index"":24537,""gate"":""MX"",""qubit"":190,""basis"":""X""},{""record_index"":1558,""instruction_index"":22517,""gate"":""MX"",""qubit"":190,""basis"":""X""}]"
1631,X,[2423.0],26301,1872,"[-169,-313]","[1703,1559]","[{""record_index"":1703,""instruction_index"":24537,""gate"":""MX"",""qubit"":191,""basis"":""X""},{""record_index"":1559,""instruction_index"":22517,""gate"":""MX"",""qubit"":191,""basis"":""X""}]"
1632,X,[2424.0],26302,1872,"[-168,-312]","[1704,1560]","[{""record_index"":1704,""instruction_index"":24537,""gate"":""MX"",""qubit"":192,""basis"":""X""},{""record_index"":1560,""instruction_index"":22517,""gate"":""MX"",""qubit"":192,""basis"":""X""}]"
1633,X,[2425.0],26303,1872,"[-167,-311]","[1705,1561]","[{""record_index"":1705,""instruction_index"":24537,""gate"":""MX"",""qubit"":193,""basis"":""X""},{""record_index"":1561,""instruction_index"":22517,""gate"":""MX"",""qubit"":193,""basis"":""X""}]"
1634,X,[2426.0],26304,1872,"[-166,-310]","[1706,1562]","[{""record_index"":1706,""instruction_index"":24537,""gate"":""MX"",""qubit"":194,""basis"":""X""},{""record_index"":1562,""instruction_index"":22517,""gate"":""MX"",""qubit"":194,""basis"":""X""}]"
1635,X,[2427.0],26305,1872,"[-165,-309]","[1707,1563]","[{""record_index"":1707,""instruction_index"":24537,""gate"":""MX"",""qubit"":195,""basis"":""X""},{""record_index"":1563,""instruction_index"":22517,""gate"":""MX"",""qubit"":195,""basis"":""X""}]"
1636,X,[2428.0],26306,1872,"[-164,-308]","[1708,1564]","[{""record_index"":1708,""instruction_index"":24537,""gate"":""MX"",""qubit"":196,""basis"":""X""},{""record_index"":1564,""instruction_index"":22517,""gate"":""MX"",""qubit"":196,""basis"":""X""}]"
1637,X,[2429.0],26307,1872,"[-163,-307]","[1709,1565]","[{""record_index"":1709,""instruction_index"":24537,""gate"":""MX"",""qubit"":197,""basis"":""X""},{""record_index"":1565,""instruction_index"":22517,""gate"":""MX"",""qubit"":197,""basis"":""X""}]"
1638,X,[2430.0],26308,1872,"[-162,-306]","[1710,1566]","[{""record_index"":1710,""instruction_index"":24537,""gate"":""MX"",""qubit"":198,""basis"":""X""},{""record_index"":1566,""instruction_index"":22517,""gate"":""MX"",""qubit"":198,""basis"":""X""}]"
1639,X,[2431.0],26309,1872,"[-161,-305]","[1711,1567]","[{""record_index"":1711,""instruction_index"":24537,""gate"":""MX"",""qubit"":199,""basis"":""X""},{""record_index"":1567,""instruction_index"":22517,""gate"":""MX"",""qubit"":199,""basis"":""X""}]"
1640,X,[2432.0],26310,1872,"[-160,-304]","[1712,1568]","[{""record_index"":1712,""instruction_index"":24537,""gate"":""MX"",""qubit"":200,""basis"":""X""},{""record_index"":1568,""instruction_index"":22517,""gate"":""MX"",""qubit"":200,""basis"":""X""}]"
1641,X,[2433.0],26311,1872,"[-159,-303]","[1713,1569]","[{""record_index"":1713,""instruction_index"":24537,""gate"":""MX"",""qubit"":201,""basis"":""X""},{""record_index"":1569,""instruction_index"":22517,""gate"":""MX"",""qubit"":201,""basis"":""X""}]"
1642,X,[2434.0],26312,1872,"[-158,-302]","[1714,1570]","[{""record_index"":1714,""instruction_index"":24537,""gate"":""MX"",""qubit"":202,""basis"":""X""},{""record_index"":1570,""instruction_index"":22517,""gate"":""MX"",""qubit"":202,""basis"":""X""}]"
1643,X,[2435.0],26313,1872,"[-157,-301]","[1715,1571]","[{""record_index"":1715,""instruction_index"":24537,""gate"":""MX"",""qubit"":203,""basis"":""X""},{""record_index"":1571,""instruction_index"":22517,""gate"":""MX"",""qubit"":203,""basis"":""X""}]"
1644,X,[2436.0],26314,1872,"[-156,-300]","[1716,1572]","[{""record_index"":1716,""instruction_index"":24537,""gate"":""MX"",""qubit"":204,""basis"":""X""},{""record_index"":1572,""instruction_index"":22517,""gate"":""MX"",""qubit"":204,""basis"":""X""}]"
1645,X,[2437.0],26315,1872,"[-155,-299]","[1717,1573]","[{""record_index"":1717,""instruction_index"":24537,""gate"":""MX"",""qubit"":205,""basis"":""X""},{""record_index"":1573,""instruction_index"":22517,""gate"":""MX"",""qubit"":205,""basis"":""X""}]"
1646,X,[2438.0],26316,1872,"[-154,-298]","[1718,1574]","[{""record_index"":1718,""instruction_index"":24537,""gate"":""MX"",""qubit"":206,""basis"":""X""},{""record_index"":1574,""instruction_index"":22517,""gate"":""MX"",""qubit"":206,""basis"":""X""}]"
1647,X,[2439.0],26317,1872,"[-153,-297]","[1719,1575]","[{""record_index"":1719,""instruction_index"":24537,""gate"":""MX"",""qubit"":207,""basis"":""X""},{""record_index"":1575,""instruction_index"":22517,""gate"":""MX"",""qubit"":207,""basis"":""X""}]"
1648,X,[2440.0],26318,1872,"[-152,-296]","[1720,1576]","[{""record_index"":1720,""instruction_index"":24537,""gate"":""MX"",""qubit"":208,""basis"":""X""},{""record_index"":1576,""instruction_index"":22517,""gate"":""MX"",""qubit"":208,""basis"":""X""}]"
1649,X,[2441.0],26319,1872,"[-151,-295]","[1721,1577]","[{""record_index"":1721,""instruction_index"":24537,""gate"":""MX"",""qubit"":209,""basis"":""X""},{""record_index"":1577,""instruction_index"":22517,""gate"":""MX"",""qubit"":209,""basis"":""X""}]"
1650,X,[2442.0],26320,1872,"[-150,-294]","[1722,1578]","[{""record_index"":1722,""instruction_index"":24537,""gate"":""MX"",""qubit"":210,""basis"":""X""},{""record_index"":1578,""instruction_index"":22517,""gate"":""MX"",""qubit"":210,""basis"":""X""}]"
1651,X,[2443.0],26321,1872,"[-149,-293]","[1723,1579]","[{""record_index"":1723,""instruction_index"":24537,""gate"":""MX"",""qubit"":211,""basis"":""X""},{""record_index"":1579,""instruction_index"":22517,""gate"":""MX"",""qubit"":211,""basis"":""X""}]"
1652,X,[2444.0],26322,1872,"[-148,-292]","[1724,1580]","[{""record_index"":1724,""instruction_index"":24537,""gate"":""MX"",""qubit"":212,""basis"":""X""},{""record_index"":1580,""instruction_index"":22517,""gate"":""MX"",""qubit"":212,""basis"":""X""}]"
1653,X,[2445.0],26323,1872,"[-147,-291]","[1725,1581]","[{""record_index"":1725,""instruction_index"":24537,""gate"":""MX"",""qubit"":213,""basis"":""X""},{""record_index"":1581,""instruction_index"":22517,""gate"":""MX"",""qubit"":213,""basis"":""X""}]"
1654,X,[2446.0],26324,1872,"[-146,-290]","[1726,1582]","[{""record_index"":1726,""instruction_index"":24537,""gate"":""MX"",""qubit"":214,""basis"":""X""},{""record_index"":1582,""instruction_index"":22517,""gate"":""MX"",""qubit"":214,""basis"":""X""}]"
1655,X,[2447.0],26325,1872,"[-145,-289]","[1727,1583]","[{""record_index"":1727,""instruction_index"":24537,""gate"":""MX"",""qubit"":215,""basis"":""X""},{""record_index"":1583,""instruction_index"":22517,""gate"":""MX"",""qubit"":215,""basis"":""X""}]"
1656,Z,[2664.0],26327,1872,"[-138,-12,-24,-35,-133,-135,-288]","[1734,1860,1848,1837,1739,1737,1584]","[{""record_index"":1734,""instruction_index"":24538,""gate"":""M"",""qubit"":3,""basis"":""Z""},{""record_index"":1860,""instruction_index"":24538,""gate"":""M"",""qubit"":66,""basis"":""Z""},{""record_index"":1848,""instruction_index"":24538,""gate"":""M"",""qubit"":60,""basis"":""Z""},{""record_index"":1837,""instruction_index"":24538,""gate"":""M"",""qubit"":126,""basis"":""Z""},{""record_index"":1739,""instruction_index"":24538,""gate"":""M"",""qubit"":77,""basis"":""Z""},{""record_index"":1737,""instruction_index"":24538,""gate"":""M"",""qubit"":76,""basis"":""Z""},{""record_index"":1584,""instruction_index"":24536,""gate"":""M"",""qubit"":216,""basis"":""Z""}]"
1657,Z,[2665.0],26328,1872,"[-136,-10,-22,-33,-143,-133,-287]","[1736,1862,1850,1839,1729,1739,1585]","[{""record_index"":1736,""instruction_index"":24538,""gate"":""M"",""qubit"":4,""basis"":""Z""},{""record_index"":1862,""instruction_index"":24538,""gate"":""M"",""qubit"":67,""basis"":""Z""},{""record_index"":1850,""instruction_index"":24538,""gate"":""M"",""qubit"":61,""basis"":""Z""},{""record_index"":1839,""instruction_index"":24538,""gate"":""M"",""qubit"":127,""basis"":""Z""},{""record_index"":1729,""instruction_index"":24538,""gate"":""M"",""qubit"":72,""basis"":""Z""},{""record_index"":1739,""instruction_index"":24538,""gate"":""M"",""qubit"":77,""basis"":""Z""},{""record_index"":1585,""instruction_index"":24536,""gate"":""M"",""qubit"":217,""basis"":""Z""}]"
1658,Z,[2666.0],26329,1872,"[-134,-8,-20,-31,-141,-143,-286]","[1738,1864,1852,1841,1731,1729,1586]","[{""record_index"":1738,""instruction_index"":24538,""gate"":""M"",""qubit"":5,""basis"":""Z""},{""record_index"":1864,""instruction_index"":24538,""gate"":""M"",""qubit"":68,""basis"":""Z""},{""record_index"":1852,""instruction_index"":24538,""gate"":""M"",""qubit"":62,""basis"":""Z""},{""record_index"":1841,""instruction_index"":24538,""gate"":""M"",""qubit"":128,""basis"":""Z""},{""record_index"":1731,""instruction_index"":24538,""gate"":""M"",""qubit"":73,""basis"":""Z""},{""record_index"":1729,""instruction_index"":24538,""gate"":""M"",""qubit"":72,""basis"":""Z""},{""record_index"":1586,""instruction_index"":24536,""gate"":""M"",""qubit"":218,""basis"":""Z""}]"
1659,Z,[2667.0],26330,1872,"[-144,-6,-18,-29,-139,-141,-285]","[1728,1866,1854,1843,1733,1731,1587]","[{""record_index"":1728,""instruction_index"":24538,""gate"":""M"",""qubit"":0,""basis"":""Z""},{""record_index"":1866,""instruction_index"":24538,""gate"":""M"",""qubit"":69,""basis"":""Z""},{""record_index"":1854,""instruction_index"":24538,""gate"":""M"",""qubit"":63,""basis"":""Z""},{""record_index"":1843,""instruction_index"":24538,""gate"":""M"",""qubit"":129,""basis"":""Z""},{""record_index"":1733,""instruction_index"":24538,""gate"":""M"",""qubit"":74,""basis"":""Z""},{""record_index"":1731,""instruction_index"":24538,""gate"":""M"",""qubit"":73,""basis"":""Z""},{""record_index"":1587,""instruction_index"":24536,""gate"":""M"",""qubit"":219,""basis"":""Z""}]"
1660,Z,[2668.0],26331,1872,"[-142,-4,-16,-27,-137,-139,-284]","[1730,1868,1856,1845,1735,1733,1588]","[{""record_index"":1730,""instruction_index"":24538,""gate"":""M"",""qubit"":1,""basis"":""Z""},{""record_index"":1868,""instruction_index"":24538,""gate"":""M"",""qubit"":70,""basis"":""Z""},{""record_index"":1856,""instruction_index"":24538,""gate"":""M"",""qubit"":64,""basis"":""Z""},{""record_index"":1845,""instruction_index"":24538,""gate"":""M"",""qubit"":130,""basis"":""Z""},{""record_index"":1735,""instruction_index"":24538,""gate"":""M"",""qubit"":75,""basis"":""Z""},{""record_index"":1733,""instruction_index"":24538,""gate"":""M"",""qubit"":74,""basis"":""Z""},{""record_index"":1588,""instruction_index"":24536,""gate"":""M"",""qubit"":220,""basis"":""Z""}]"
1661,Z,[2669.0],26332,1872,"[-140,-2,-14,-25,-135,-137,-283]","[1732,1870,1858,1847,1737,1735,1589]","[{""record_index"":1732,""instruction_index"":24538,""gate"":""M"",""qubit"":2,""basis"":""Z""},{""record_index"":1870,""instruction_index"":24538,""gate"":""M"",""qubit"":71,""basis"":""Z""},{""record_index"":1858,""instruction_index"":24538,""gate"":""M"",""qubit"":65,""basis"":""Z""},{""record_index"":1847,""instruction_index"":24538,""gate"":""M"",""qubit"":131,""basis"":""Z""},{""record_index"":1737,""instruction_index"":24538,""gate"":""M"",""qubit"":76,""basis"":""Z""},{""record_index"":1735,""instruction_index"":24538,""gate"":""M"",""qubit"":75,""basis"":""Z""},{""record_index"":1589,""instruction_index"":24536,""gate"":""M"",""qubit"":221,""basis"":""Z""}]"
1662,Z,[2670.0],26333,1872,"[-126,-144,-12,-23,-121,-123,-282]","[1746,1728,1860,1849,1751,1749,1590]","[{""record_index"":1746,""instruction_index"":24538,""gate"":""M"",""qubit"":9,""basis"":""Z""},{""record_index"":1728,""instruction_index"":24538,""gate"":""M"",""qubit"":0,""basis"":""Z""},{""record_index"":1860,""instruction_index"":24538,""gate"":""M"",""qubit"":66,""basis"":""Z""},{""record_index"":1849,""instruction_index"":24538,""gate"":""M"",""qubit"":132,""basis"":""Z""},{""record_index"":1751,""instruction_index"":24538,""gate"":""M"",""qubit"":83,""basis"":""Z""},{""record_index"":1749,""instruction_index"":24538,""gate"":""M"",""qubit"":82,""basis"":""Z""},{""record_index"":1590,""instruction_index"":24536,""gate"":""M"",""qubit"":222,""basis"":""Z""}]"
1663,Z,[2671.0],26334,1872,"[-124,-142,-10,-21,-131,-121,-281]","[1748,1730,1862,1851,1741,1751,1591]","[{""record_index"":1748,""instruction_index"":24538,""gate"":""M"",""qubit"":10,""basis"":""Z""},{""record_index"":1730,""instruction_index"":24538,""gate"":""M"",""qubit"":1,""basis"":""Z""},{""record_index"":1862,""instruction_index"":24538,""gate"":""M"",""qubit"":67,""basis"":""Z""},{""record_index"":1851,""instruction_index"":24538,""gate"":""M"",""qubit"":133,""basis"":""Z""},{""record_index"":1741,""instruction_index"":24538,""gate"":""M"",""qubit"":78,""basis"":""Z""},{""record_index"":1751,""instruction_index"":24538,""gate"":""M"",""qubit"":83,""basis"":""Z""},{""record_index"":1591,""instruction_index"":24536,""gate"":""M"",""qubit"":223,""basis"":""Z""}]"
1664,Z,[2672.0],26335,1872,"[-122,-140,-8,-19,-129,-131,-280]","[1750,1732,1864,1853,1743,1741,1592]","[{""record_index"":1750,""instruction_index"":24538,""gate"":""M"",""qubit"":11,""basis"":""Z""},{""record_index"":1732,""instruction_index"":24538,""gate"":""M"",""qubit"":2,""basis"":""Z""},{""record_index"":1864,""instruction_index"":24538,""gate"":""M"",""qubit"":68,""basis"":""Z""},{""record_index"":1853,""instruction_index"":24538,""gate"":""M"",""qubit"":134,""basis"":""Z""},{""record_index"":1743,""instruction_index"":24538,""gate"":""M"",""qubit"":79,""basis"":""Z""},{""record_index"":1741,""instruction_index"":24538,""gate"":""M"",""qubit"":78,""basis"":""Z""},{""record_index"":1592,""instruction_index"":24536,""gate"":""M"",""qubit"":224,""basis"":""Z""}]"
1665,Z,[2673.0],26336,1872,"[-132,-138,-6,-17,-127,-129,-279]","[1740,1734,1866,1855,1745,1743,1593]","[{""record_index"":1740,""instruction_index"":24538,""gate"":""M"",""qubit"":6,""basis"":""Z""},{""record_index"":1734,""instruction_index"":24538,""gate"":""M"",""qubit"":3,""basis"":""Z""},{""record_index"":1866,""instruction_index"":24538,""gate"":""M"",""qubit"":69,""basis"":""Z""},{""record_index"":1855,""instruction_index"":24538,""gate"":""M"",""qubit"":135,""basis"":""Z""},{""record_index"":1745,""instruction_index"":24538,""gate"":""M"",""qubit"":80,""basis"":""Z""},{""record_index"":1743,""instruction_index"":24538,""gate"":""M"",""qubit"":79,""basis"":""Z""},{""record_index"":1593,""instruction_index"":24536,""gate"":""M"",""qubit"":225,""basis"":""Z""}]"
1666,Z,[2674.0],26337,1872,"[-130,-136,-4,-15,-125,-127,-278]","[1742,1736,1868,1857,1747,1745,1594]","[{""record_index"":1742,""instruction_index"":24538,""gate"":""M"",""qubit"":7,""basis"":""Z""},{""record_index"":1736,""instruction_index"":24538,""gate"":""M"",""qubit"":4,""basis"":""Z""},{""record_index"":1868,""instruction_index"":24538,""gate"":""M"",""qubit"":70,""basis"":""Z""},{""record_index"":1857,""instruction_index"":24538,""gate"":""M"",""qubit"":136,""basis"":""Z""},{""record_index"":1747,""instruction_index"":24538,""gate"":""M"",""qubit"":81,""basis"":""Z""},{""record_index"":1745,""instruction_index"":24538,""gate"":""M"",""qubit"":80,""basis"":""Z""},{""record_index"":1594,""instruction_index"":24536,""gate"":""M"",""qubit"":226,""basis"":""Z""}]"
1667,Z,[2675.0],26338,1872,"[-128,-134,-2,-13,-123,-125,-277]","[1744,1738,1870,1859,1749,1747,1595]","[{""record_index"":1744,""instruction_index"":24538,""gate"":""M"",""qubit"":8,""basis"":""Z""},{""record_index"":1738,""instruction_index"":24538,""gate"":""M"",""qubit"":5,""basis"":""Z""},{""record_index"":1870,""instruction_index"":24538,""gate"":""M"",""qubit"":71,""basis"":""Z""},{""record_index"":1859,""instruction_index"":24538,""gate"":""M"",""qubit"":137,""basis"":""Z""},{""record_index"":1749,""instruction_index"":24538,""gate"":""M"",""qubit"":82,""basis"":""Z""},{""record_index"":1747,""instruction_index"":24538,""gate"":""M"",""qubit"":81,""basis"":""Z""},{""record_index"":1595,""instruction_index"":24536,""gate"":""M"",""qubit"":227,""basis"":""Z""}]"
1668,Z,[2676.0],26339,1872,"[-114,-132,-144,-11,-109,-111,-276]","[1758,1740,1728,1861,1763,1761,1596]","[{""record_index"":1758,""instruction_index"":24538,""gate"":""M"",""qubit"":15,""basis"":""Z""},{""record_index"":1740,""instruction_index"":24538,""gate"":""M"",""qubit"":6,""basis"":""Z""},{""record_index"":1728,""instruction_index"":24538,""gate"":""M"",""qubit"":0,""basis"":""Z""},{""record_index"":1861,""instruction_index"":24538,""gate"":""M"",""qubit"":138,""basis"":""Z""},{""record_index"":1763,""instruction_index"":24538,""gate"":""M"",""qubit"":89,""basis"":""Z""},{""record_index"":1761,""instruction_index"":24538,""gate"":""M"",""qubit"":88,""basis"":""Z""},{""record_index"":1596,""instruction_index"":24536,""gate"":""M"",""qubit"":228,""basis"":""Z""}]"
1669,Z,[2677.0],26340,1872,"[-112,-130,-142,-9,-119,-109,-275]","[1760,1742,1730,1863,1753,1763,1597]","[{""record_index"":1760,""instruction_index"":24538,""gate"":""M"",""qubit"":16,""basis"":""Z""},{""record_index"":1742,""instruction_index"":24538,""gate"":""M"",""qubit"":7,""basis"":""Z""},{""record_index"":1730,""instruction_index"":24538,""gate"":""M"",""qubit"":1,""basis"":""Z""},{""record_index"":1863,""instruction_index"":24538,""gate"":""M"",""qubit"":139,""basis"":""Z""},{""record_index"":1753,""instruction_index"":24538,""gate"":""M"",""qubit"":84,""basis"":""Z""},{""record_index"":1763,""instruction_index"":24538,""gate"":""M"",""qubit"":89,""basis"":""Z""},{""record_index"":1597,""instruction_index"":24536,""gate"":""M"",""qubit"":229,""basis"":""Z""}]"
1670,Z,[2678.0],26341,1872,"[-110,-128,-140,-7,-117,-119,-274]","[1762,1744,1732,1865,1755,1753,1598]","[{""record_index"":1762,""instruction_index"":24538,""gate"":""M"",""qubit"":17,""basis"":""Z""},{""record_index"":1744,""instruction_index"":24538,""gate"":""M"",""qubit"":8,""basis"":""Z""},{""record_index"":1732,""instruction_index"":24538,""gate"":""M"",""qubit"":2,""basis"":""Z""},{""record_index"":1865,""instruction_index"":24538,""gate"":""M"",""qubit"":140,""basis"":""Z""},{""record_index"":1755,""instruction_index"":24538,""gate"":""M"",""qubit"":85,""basis"":""Z""},{""record_index"":1753,""instruction_index"":24538,""gate"":""M"",""qubit"":84,""basis"":""Z""},{""record_index"":1598,""instruction_index"":24536,""gate"":""M"",""qubit"":230,""basis"":""Z""}]"
1671,Z,[2679.0],26342,1872,"[-120,-126,-138,-5,-115,-117,-273]","[1752,1746,1734,1867,1757,1755,1599]","[{""record_index"":1752,""instruction_index"":24538,""gate"":""M"",""qubit"":12,""basis"":""Z""},{""record_index"":1746,""instruction_index"":24538,""gate"":""M"",""qubit"":9,""basis"":""Z""},{""record_index"":1734,""instruction_index"":24538,""gate"":""M"",""qubit"":3,""basis"":""Z""},{""record_index"":1867,""instruction_index"":24538,""gate"":""M"",""qubit"":141,""basis"":""Z""},{""record_index"":1757,""instruction_index"":24538,""gate"":""M"",""qubit"":86,""basis"":""Z""},{""record_index"":1755,""instruction_index"":24538,""gate"":""M"",""qubit"":85,""basis"":""Z""},{""record_index"":1599,""instruction_index"":24536,""gate"":""M"",""qubit"":231,""basis"":""Z""}]"
1672,Z,[2680.0],26343,1872,"[-118,-124,-136,-3,-113,-115,-272]","[1754,1748,1736,1869,1759,1757,1600]","[{""record_index"":1754,""instruction_index"":24538,""gate"":""M"",""qubit"":13,""basis"":""Z""},{""record_index"":1748,""instruction_index"":24538,""gate"":""M"",""qubit"":10,""basis"":""Z""},{""record_index"":1736,""instruction_index"":24538,""gate"":""M"",""qubit"":4,""basis"":""Z""},{""record_index"":1869,""instruction_index"":24538,""gate"":""M"",""qubit"":142,""basis"":""Z""},{""record_index"":1759,""instruction_index"":24538,""gate"":""M"",""qubit"":87,""basis"":""Z""},{""record_index"":1757,""instruction_index"":24538,""gate"":""M"",""qubit"":86,""basis"":""Z""},{""record_index"":1600,""instruction_index"":24536,""gate"":""M"",""qubit"":232,""basis"":""Z""}]"
1673,Z,[2681.0],26344,1872,"[-116,-122,-134,-1,-111,-113,-271]","[1756,1750,1738,1871,1761,1759,1601]","[{""record_index"":1756,""instruction_index"":24538,""gate"":""M"",""qubit"":14,""basis"":""Z""},{""record_index"":1750,""instruction_index"":24538,""gate"":""M"",""qubit"":11,""basis"":""Z""},{""record_index"":1738,""instruction_index"":24538,""gate"":""M"",""qubit"":5,""basis"":""Z""},{""record_index"":1871,""instruction_index"":24538,""gate"":""M"",""qubit"":143,""basis"":""Z""},{""record_index"":1761,""instruction_index"":24538,""gate"":""M"",""qubit"":88,""basis"":""Z""},{""record_index"":1759,""instruction_index"":24538,""gate"":""M"",""qubit"":87,""basis"":""Z""},{""record_index"":1601,""instruction_index"":24536,""gate"":""M"",""qubit"":233,""basis"":""Z""}]"
1674,Z,[2682.0],26345,1872,"[-102,-120,-132,-143,-97,-99,-270]","[1770,1752,1740,1729,1775,1773,1602]","[{""record_index"":1770,""instruction_index"":24538,""gate"":""M"",""qubit"":21,""basis"":""Z""},{""record_index"":1752,""instruction_index"":24538,""gate"":""M"",""qubit"":12,""basis"":""Z""},{""record_index"":1740,""instruction_index"":24538,""gate"":""M"",""qubit"":6,""basis"":""Z""},{""record_index"":1729,""instruction_index"":24538,""gate"":""M"",""qubit"":72,""basis"":""Z""},{""record_index"":1775,""instruction_index"":24538,""gate"":""M"",""qubit"":95,""basis"":""Z""},{""record_index"":1773,""instruction_index"":24538,""gate"":""M"",""qubit"":94,""basis"":""Z""},{""record_index"":1602,""instruction_index"":24536,""gate"":""M"",""qubit"":234,""basis"":""Z""}]"
1675,Z,[2683.0],26346,1872,"[-100,-118,-130,-141,-107,-97,-269]","[1772,1754,1742,1731,1765,1775,1603]","[{""record_index"":1772,""instruction_index"":24538,""gate"":""M"",""qubit"":22,""basis"":""Z""},{""record_index"":1754,""instruction_index"":24538,""gate"":""M"",""qubit"":13,""basis"":""Z""},{""record_index"":1742,""instruction_index"":24538,""gate"":""M"",""qubit"":7,""basis"":""Z""},{""record_index"":1731,""instruction_index"":24538,""gate"":""M"",""qubit"":73,""basis"":""Z""},{""record_index"":1765,""instruction_index"":24538,""gate"":""M"",""qubit"":90,""basis"":""Z""},{""record_index"":1775,""instruction_index"":24538,""gate"":""M"",""qubit"":95,""basis"":""Z""},{""record_index"":1603,""instruction_index"":24536,""gate"":""M"",""qubit"":235,""basis"":""Z""}]"
1676,Z,[2684.0],26347,1872,"[-98,-116,-128,-139,-105,-107,-268]","[1774,1756,1744,1733,1767,1765,1604]","[{""record_index"":1774,""instruction_index"":24538,""gate"":""M"",""qubit"":23,""basis"":""Z""},{""record_index"":1756,""instruction_index"":24538,""gate"":""M"",""qubit"":14,""basis"":""Z""},{""record_index"":1744,""instruction_index"":24538,""gate"":""M"",""qubit"":8,""basis"":""Z""},{""record_index"":1733,""instruction_index"":24538,""gate"":""M"",""qubit"":74,""basis"":""Z""},{""record_index"":1767,""instruction_index"":24538,""gate"":""M"",""qubit"":91,""basis"":""Z""},{""record_index"":1765,""instruction_index"":24538,""gate"":""M"",""qubit"":90,""basis"":""Z""},{""record_index"":1604,""instruction_index"":24536,""gate"":""M"",""qubit"":236,""basis"":""Z""}]"
1677,Z,[2685.0],26348,1872,"[-108,-114,-126,-137,-103,-105,-267]","[1764,1758,1746,1735,1769,1767,1605]","[{""record_index"":1764,""instruction_index"":24538,""gate"":""M"",""qubit"":18,""basis"":""Z""},{""record_index"":1758,""instruction_index"":24538,""gate"":""M"",""qubit"":15,""basis"":""Z""},{""record_index"":1746,""instruction_index"":24538,""gate"":""M"",""qubit"":9,""basis"":""Z""},{""record_index"":1735,""instruction_index"":24538,""gate"":""M"",""qubit"":75,""basis"":""Z""},{""record_index"":1769,""instruction_index"":24538,""gate"":""M"",""qubit"":92,""basis"":""Z""},{""record_index"":1767,""instruction_index"":24538,""gate"":""M"",""qubit"":91,""basis"":""Z""},{""record_index"":1605,""instruction_index"":24536,""gate"":""M"",""qubit"":237,""basis"":""Z""}]"
1678,Z,[2686.0],26349,1872,"[-106,-112,-124,-135,-101,-103,-266]","[1766,1760,1748,1737,1771,1769,1606]","[{""record_index"":1766,""instruction_index"":24538,""gate"":""M"",""qubit"":19,""basis"":""Z""},{""record_index"":1760,""instruction_index"":24538,""gate"":""M"",""qubit"":16,""basis"":""Z""},{""record_index"":1748,""instruction_index"":24538,""gate"":""M"",""qubit"":10,""basis"":""Z""},{""record_index"":1737,""instruction_index"":24538,""gate"":""M"",""qubit"":76,""basis"":""Z""},{""record_index"":1771,""instruction_index"":24538,""gate"":""M"",""qubit"":93,""basis"":""Z""},{""record_index"":1769,""instruction_index"":24538,""gate"":""M"",""qubit"":92,""basis"":""Z""},{""record_index"":1606,""instruction_index"":24536,""gate"":""M"",""qubit"":238,""basis"":""Z""}]"
1679,Z,[2687.0],26350,1872,"[-104,-110,-122,-133,-99,-101,-265]","[1768,1762,1750,1739,1773,1771,1607]","[{""record_index"":1768,""instruction_index"":24538,""gate"":""M"",""qubit"":20,""basis"":""Z""},{""record_index"":1762,""instruction_index"":24538,""gate"":""M"",""qubit"":17,""basis"":""Z""},{""record_index"":1750,""instruction_index"":24538,""gate"":""M"",""qubit"":11,""basis"":""Z""},{""record_index"":1739,""instruction_index"":24538,""gate"":""M"",""qubit"":77,""basis"":""Z""},{""record_index"":1773,""instruction_index"":24538,""gate"":""M"",""qubit"":94,""basis"":""Z""},{""record_index"":1771,""instruction_index"":24538,""gate"":""M"",""qubit"":93,""basis"":""Z""},{""record_index"":1607,""instruction_index"":24536,""gate"":""M"",""qubit"":239,""basis"":""Z""}]"
1680,Z,[2688.0],26351,1872,"[-90,-108,-120,-131,-85,-87,-264]","[1782,1764,1752,1741,1787,1785,1608]","[{""record_index"":1782,""instruction_index"":24538,""gate"":""M"",""qubit"":27,""basis"":""Z""},{""record_index"":1764,""instruction_index"":24538,""gate"":""M"",""qubit"":18,""basis"":""Z""},{""record_index"":1752,""instruction_index"":24538,""gate"":""M"",""qubit"":12,""basis"":""Z""},{""record_index"":1741,""instruction_index"":24538,""gate"":""M"",""qubit"":78,""basis"":""Z""},{""record_index"":1787,""instruction_index"":24538,""gate"":""M"",""qubit"":101,""basis"":""Z""},{""record_index"":1785,""instruction_index"":24538,""gate"":""M"",""qubit"":100,""basis"":""Z""},{""record_index"":1608,""instruction_index"":24536,""gate"":""M"",""qubit"":240,""basis"":""Z""}]"
1681,Z,[2689.0],26352,1872,"[-88,-106,-118,-129,-95,-85,-263]","[1784,1766,1754,1743,1777,1787,1609]","[{""record_index"":1784,""instruction_index"":24538,""gate"":""M"",""qubit"":28,""basis"":""Z""},{""record_index"":1766,""instruction_index"":24538,""gate"":""M"",""qubit"":19,""basis"":""Z""},{""record_index"":1754,""instruction_index"":24538,""gate"":""M"",""qubit"":13,""basis"":""Z""},{""record_index"":1743,""instruction_index"":24538,""gate"":""M"",""qubit"":79,""basis"":""Z""},{""record_index"":1777,""instruction_index"":24538,""gate"":""M"",""qubit"":96,""basis"":""Z""},{""record_index"":1787,""instruction_index"":24538,""gate"":""M"",""qubit"":101,""basis"":""Z""},{""record_index"":1609,""instruction_index"":24536,""gate"":""M"",""qubit"":241,""basis"":""Z""}]"
1682,Z,[2690.0],26353,1872,"[-86,-104,-116,-127,-93,-95,-262]","[1786,1768,1756,1745,1779,1777,1610]","[{""record_index"":1786,""instruction_index"":24538,""gate"":""M"",""qubit"":29,""basis"":""Z""},{""record_index"":1768,""instruction_index"":24538,""gate"":""M"",""qubit"":20,""basis"":""Z""},{""record_index"":1756,""instruction_index"":24538,""gate"":""M"",""qubit"":14,""basis"":""Z""},{""record_index"":1745,""instruction_index"":24538,""gate"":""M"",""qubit"":80,""basis"":""Z""},{""record_index"":1779,""instruction_index"":24538,""gate"":""M"",""qubit"":97,""basis"":""Z""},{""record_index"":1777,""instruction_index"":24538,""gate"":""M"",""qubit"":96,""basis"":""Z""},{""record_index"":1610,""instruction_index"":24536,""gate"":""M"",""qubit"":242,""basis"":""Z""}]"
1683,Z,[2691.0],26354,1872,"[-96,-102,-114,-125,-91,-93,-261]","[1776,1770,1758,1747,1781,1779,1611]","[{""record_index"":1776,""instruction_index"":24538,""gate"":""M"",""qubit"":24,""basis"":""Z""},{""record_index"":1770,""instruction_index"":24538,""gate"":""M"",""qubit"":21,""basis"":""Z""},{""record_index"":1758,""instruction_index"":24538,""gate"":""M"",""qubit"":15,""basis"":""Z""},{""record_index"":1747,""instruction_index"":24538,""gate"":""M"",""qubit"":81,""basis"":""Z""},{""record_index"":1781,""instruction_index"":24538,""gate"":""M"",""qubit"":98,""basis"":""Z""},{""record_index"":1779,""instruction_index"":24538,""gate"":""M"",""qubit"":97,""basis"":""Z""},{""record_index"":1611,""instruction_index"":24536,""gate"":""M"",""qubit"":243,""basis"":""Z""}]"
1684,Z,[2692.0],26355,1872,"[-94,-100,-112,-123,-89,-91,-260]","[1778,1772,1760,1749,1783,1781,1612]","[{""record_index"":1778,""instruction_index"":24538,""gate"":""M"",""qubit"":25,""basis"":""Z""},{""record_index"":1772,""instruction_index"":24538,""gate"":""M"",""qubit"":22,""basis"":""Z""},{""record_index"":1760,""instruction_index"":24538,""gate"":""M"",""qubit"":16,""basis"":""Z""},{""record_index"":1749,""instruction_index"":24538,""gate"":""M"",""qubit"":82,""basis"":""Z""},{""record_index"":1783,""instruction_index"":24538,""gate"":""M"",""qubit"":99,""basis"":""Z""},{""record_index"":1781,""instruction_index"":24538,""gate"":""M"",""qubit"":98,""basis"":""Z""},{""record_index"":1612,""instruction_index"":24536,""gate"":""M"",""qubit"":244,""basis"":""Z""}]"
1685,Z,[2693.0],26356,1872,"[-92,-98,-110,-121,-87,-89,-259]","[1780,1774,1762,1751,1785,1783,1613]","[{""record_index"":1780,""instruction_index"":24538,""gate"":""M"",""qubit"":26,""basis"":""Z""},{""record_index"":1774,""instruction_index"":24538,""gate"":""M"",""qubit"":23,""basis"":""Z""},{""record_index"":1762,""instruction_index"":24538,""gate"":""M"",""qubit"":17,""basis"":""Z""},{""record_index"":1751,""instruction_index"":24538,""gate"":""M"",""qubit"":83,""basis"":""Z""},{""record_index"":1785,""instruction_index"":24538,""gate"":""M"",""qubit"":100,""basis"":""Z""},{""record_index"":1783,""instruction_index"":24538,""gate"":""M"",""qubit"":99,""basis"":""Z""},{""record_index"":1613,""instruction_index"":24536,""gate"":""M"",""qubit"":245,""basis"":""Z""}]"
1686,Z,[2694.0],26357,1872,"[-78,-96,-108,-119,-73,-75,-258]","[1794,1776,1764,1753,1799,1797,1614]","[{""record_index"":1794,""instruction_index"":24538,""gate"":""M"",""qubit"":33,""basis"":""Z""},{""record_index"":1776,""instruction_index"":24538,""gate"":""M"",""qubit"":24,""basis"":""Z""},{""record_index"":1764,""instruction_index"":24538,""gate"":""M"",""qubit"":18,""basis"":""Z""},{""record_index"":1753,""instruction_index"":24538,""gate"":""M"",""qubit"":84,""basis"":""Z""},{""record_index"":1799,""instruction_index"":24538,""gate"":""M"",""qubit"":107,""basis"":""Z""},{""record_index"":1797,""instruction_index"":24538,""gate"":""M"",""qubit"":106,""basis"":""Z""},{""record_index"":1614,""instruction_index"":24536,""gate"":""M"",""qubit"":246,""basis"":""Z""}]"
1687,Z,[2695.0],26358,1872,"[-76,-94,-106,-117,-83,-73,-257]","[1796,1778,1766,1755,1789,1799,1615]","[{""record_index"":1796,""instruction_index"":24538,""gate"":""M"",""qubit"":34,""basis"":""Z""},{""record_index"":1778,""instruction_index"":24538,""gate"":""M"",""qubit"":25,""basis"":""Z""},{""record_index"":1766,""instruction_index"":24538,""gate"":""M"",""qubit"":19,""basis"":""Z""},{""record_index"":1755,""instruction_index"":24538,""gate"":""M"",""qubit"":85,""basis"":""Z""},{""record_index"":1789,""instruction_index"":24538,""gate"":""M"",""qubit"":102,""basis"":""Z""},{""record_index"":1799,""instruction_index"":24538,""gate"":""M"",""qubit"":107,""basis"":""Z""},{""record_index"":1615,""instruction_index"":24536,""gate"":""M"",""qubit"":247,""basis"":""Z""}]"
1688,Z,[2696.0],26359,1872,"[-74,-92,-104,-115,-81,-83,-256]","[1798,1780,1768,1757,1791,1789,1616]","[{""record_index"":1798,""instruction_index"":24538,""gate"":""M"",""qubit"":35,""basis"":""Z""},{""record_index"":1780,""instruction_index"":24538,""gate"":""M"",""qubit"":26,""basis"":""Z""},{""record_index"":1768,""instruction_index"":24538,""gate"":""M"",""qubit"":20,""basis"":""Z""},{""record_index"":1757,""instruction_index"":24538,""gate"":""M"",""qubit"":86,""basis"":""Z""},{""record_index"":1791,""instruction_index"":24538,""gate"":""M"",""qubit"":103,""basis"":""Z""},{""record_index"":1789,""instruction_index"":24538,""gate"":""M"",""qubit"":102,""basis"":""Z""},{""record_index"":1616,""instruction_index"":24536,""gate"":""M"",""qubit"":248,""basis"":""Z""}]"
1689,Z,[2697.0],26360,1872,"[-84,-90,-102,-113,-79,-81,-255]","[1788,1782,1770,1759,1793,1791,1617]","[{""record_index"":1788,""instruction_index"":24538,""gate"":""M"",""qubit"":30,""basis"":""Z""},{""record_index"":1782,""instruction_index"":24538,""gate"":""M"",""qubit"":27,""basis"":""Z""},{""record_index"":1770,""instruction_index"":24538,""gate"":""M"",""qubit"":21,""basis"":""Z""},{""record_index"":1759,""instruction_index"":24538,""gate"":""M"",""qubit"":87,""basis"":""Z""},{""record_index"":1793,""instruction_index"":24538,""gate"":""M"",""qubit"":104,""basis"":""Z""},{""record_index"":1791,""instruction_index"":24538,""gate"":""M"",""qubit"":103,""basis"":""Z""},{""record_index"":1617,""instruction_index"":24536,""gate"":""M"",""qubit"":249,""basis"":""Z""}]"
1690,Z,[2698.0],26361,1872,"[-82,-88,-100,-111,-77,-79,-254]","[1790,1784,1772,1761,1795,1793,1618]","[{""record_index"":1790,""instruction_index"":24538,""gate"":""M"",""qubit"":31,""basis"":""Z""},{""record_index"":1784,""instruction_index"":24538,""gate"":""M"",""qubit"":28,""basis"":""Z""},{""record_index"":1772,""instruction_index"":24538,""gate"":""M"",""qubit"":22,""basis"":""Z""},{""record_index"":1761,""instruction_index"":24538,""gate"":""M"",""qubit"":88,""basis"":""Z""},{""record_index"":1795,""instruction_index"":24538,""gate"":""M"",""qubit"":105,""basis"":""Z""},{""record_index"":1793,""instruction_index"":24538,""gate"":""M"",""qubit"":104,""basis"":""Z""},{""record_index"":1618,""instruction_index"":24536,""gate"":""M"",""qubit"":250,""basis"":""Z""}]"
1691,Z,[2699.0],26362,1872,"[-80,-86,-98,-109,-75,-77,-253]","[1792,1786,1774,1763,1797,1795,1619]","[{""record_index"":1792,""instruction_index"":24538,""gate"":""M"",""qubit"":32,""basis"":""Z""},{""record_index"":1786,""instruction_index"":24538,""gate"":""M"",""qubit"":29,""basis"":""Z""},{""record_index"":1774,""instruction_index"":24538,""gate"":""M"",""qubit"":23,""basis"":""Z""},{""record_index"":1763,""instruction_index"":24538,""gate"":""M"",""qubit"":89,""basis"":""Z""},{""record_index"":1797,""instruction_index"":24538,""gate"":""M"",""qubit"":106,""basis"":""Z""},{""record_index"":1795,""instruction_index"":24538,""gate"":""M"",""qubit"":105,""basis"":""Z""},{""record_index"":1619,""instruction_index"":24536,""gate"":""M"",""qubit"":251,""basis"":""Z""}]"
1692,Z,[2700.0],26363,1872,"[-66,-84,-96,-107,-61,-63,-252]","[1806,1788,1776,1765,1811,1809,1620]","[{""record_index"":1806,""instruction_index"":24538,""gate"":""M"",""qubit"":39,""basis"":""Z""},{""record_index"":1788,""instruction_index"":24538,""gate"":""M"",""qubit"":30,""basis"":""Z""},{""record_index"":1776,""instruction_index"":24538,""gate"":""M"",""qubit"":24,""basis"":""Z""},{""record_index"":1765,""instruction_index"":24538,""gate"":""M"",""qubit"":90,""basis"":""Z""},{""record_index"":1811,""instruction_index"":24538,""gate"":""M"",""qubit"":113,""basis"":""Z""},{""record_index"":1809,""instruction_index"":24538,""gate"":""M"",""qubit"":112,""basis"":""Z""},{""record_index"":1620,""instruction_index"":24536,""gate"":""M"",""qubit"":252,""basis"":""Z""}]"
1693,Z,[2701.0],26364,1872,"[-64,-82,-94,-105,-71,-61,-251]","[1808,1790,1778,1767,1801,1811,1621]","[{""record_index"":1808,""instruction_index"":24538,""gate"":""M"",""qubit"":40,""basis"":""Z""},{""record_index"":1790,""instruction_index"":24538,""gate"":""M"",""qubit"":31,""basis"":""Z""},{""record_index"":1778,""instruction_index"":24538,""gate"":""M"",""qubit"":25,""basis"":""Z""},{""record_index"":1767,""instruction_index"":24538,""gate"":""M"",""qubit"":91,""basis"":""Z""},{""record_index"":1801,""instruction_index"":24538,""gate"":""M"",""qubit"":108,""basis"":""Z""},{""record_index"":1811,""instruction_index"":24538,""gate"":""M"",""qubit"":113,""basis"":""Z""},{""record_index"":1621,""instruction_index"":24536,""gate"":""M"",""qubit"":253,""basis"":""Z""}]"
1694,Z,[2702.0],26365,1872,"[-62,-80,-92,-103,-69,-71,-250]","[1810,1792,1780,1769,1803,1801,1622]","[{""record_index"":1810,""instruction_index"":24538,""gate"":""M"",""qubit"":41,""basis"":""Z""},{""record_index"":1792,""instruction_index"":24538,""gate"":""M"",""qubit"":32,""basis"":""Z""},{""record_index"":1780,""instruction_index"":24538,""gate"":""M"",""qubit"":26,""basis"":""Z""},{""record_index"":1769,""instruction_index"":24538,""gate"":""M"",""qubit"":92,""basis"":""Z""},{""record_index"":1803,""instruction_index"":24538,""gate"":""M"",""qubit"":109,""basis"":""Z""},{""record_index"":1801,""instruction_index"":24538,""gate"":""M"",""qubit"":108,""basis"":""Z""},{""record_index"":1622,""instruction_index"":24536,""gate"":""M"",""qubit"":254,""basis"":""Z""}]"
1695,Z,[2703.0],26366,1872,"[-72,-78,-90,-101,-67,-69,-249]","[1800,1794,1782,1771,1805,1803,1623]","[{""record_index"":1800,""instruction_index"":24538,""gate"":""M"",""qubit"":36,""basis"":""Z""},{""record_index"":1794,""instruction_index"":24538,""gate"":""M"",""qubit"":33,""basis"":""Z""},{""record_index"":1782,""instruction_index"":24538,""gate"":""M"",""qubit"":27,""basis"":""Z""},{""record_index"":1771,""instruction_index"":24538,""gate"":""M"",""qubit"":93,""basis"":""Z""},{""record_index"":1805,""instruction_index"":24538,""gate"":""M"",""qubit"":110,""basis"":""Z""},{""record_index"":1803,""instruction_index"":24538,""gate"":""M"",""qubit"":109,""basis"":""Z""},{""record_index"":1623,""instruction_index"":24536,""gate"":""M"",""qubit"":255,""basis"":""Z""}]"
1696,Z,[2704.0],26367,1872,"[-70,-76,-88,-99,-65,-67,-248]","[1802,1796,1784,1773,1807,1805,1624]","[{""record_index"":1802,""instruction_index"":24538,""gate"":""M"",""qubit"":37,""basis"":""Z""},{""record_index"":1796,""instruction_index"":24538,""gate"":""M"",""qubit"":34,""basis"":""Z""},{""record_index"":1784,""instruction_index"":24538,""gate"":""M"",""qubit"":28,""basis"":""Z""},{""record_index"":1773,""instruction_index"":24538,""gate"":""M"",""qubit"":94,""basis"":""Z""},{""record_index"":1807,""instruction_index"":24538,""gate"":""M"",""qubit"":111,""basis"":""Z""},{""record_index"":1805,""instruction_index"":24538,""gate"":""M"",""qubit"":110,""basis"":""Z""},{""record_index"":1624,""instruction_index"":24536,""gate"":""M"",""qubit"":256,""basis"":""Z""}]"
1697,Z,[2705.0],26368,1872,"[-68,-74,-86,-97,-63,-65,-247]","[1804,1798,1786,1775,1809,1807,1625]","[{""record_index"":1804,""instruction_index"":24538,""gate"":""M"",""qubit"":38,""basis"":""Z""},{""record_index"":1798,""instruction_index"":24538,""gate"":""M"",""qubit"":35,""basis"":""Z""},{""record_index"":1786,""instruction_index"":24538,""gate"":""M"",""qubit"":29,""basis"":""Z""},{""record_index"":1775,""instruction_index"":24538,""gate"":""M"",""qubit"":95,""basis"":""Z""},{""record_index"":1809,""instruction_index"":24538,""gate"":""M"",""qubit"":112,""basis"":""Z""},{""record_index"":1807,""instruction_index"":24538,""gate"":""M"",""qubit"":111,""basis"":""Z""},{""record_index"":1625,""instruction_index"":24536,""gate"":""M"",""qubit"":257,""basis"":""Z""}]"
1698,Z,[2706.0],26369,1872,"[-54,-72,-84,-95,-49,-51,-246]","[1818,1800,1788,1777,1823,1821,1626]","[{""record_index"":1818,""instruction_index"":24538,""gate"":""M"",""qubit"":45,""basis"":""Z""},{""record_index"":1800,""instruction_index"":24538,""gate"":""M"",""qubit"":36,""basis"":""Z""},{""record_index"":1788,""instruction_index"":24538,""gate"":""M"",""qubit"":30,""basis"":""Z""},{""record_index"":1777,""instruction_index"":24538,""gate"":""M"",""qubit"":96,""basis"":""Z""},{""record_index"":1823,""instruction_index"":24538,""gate"":""M"",""qubit"":119,""basis"":""Z""},{""record_index"":1821,""instruction_index"":24538,""gate"":""M"",""qubit"":118,""basis"":""Z""},{""record_index"":1626,""instruction_index"":24536,""gate"":""M"",""qubit"":258,""basis"":""Z""}]"
1699,Z,[2707.0],26370,1872,"[-52,-70,-82,-93,-59,-49,-245]","[1820,1802,1790,1779,1813,1823,1627]","[{""record_index"":1820,""instruction_index"":24538,""gate"":""M"",""qubit"":46,""basis"":""Z""},{""record_index"":1802,""instruction_index"":24538,""gate"":""M"",""qubit"":37,""basis"":""Z""},{""record_index"":1790,""instruction_index"":24538,""gate"":""M"",""qubit"":31,""basis"":""Z""},{""record_index"":1779,""instruction_index"":24538,""gate"":""M"",""qubit"":97,""basis"":""Z""},{""record_index"":1813,""instruction_index"":24538,""gate"":""M"",""qubit"":114,""basis"":""Z""},{""record_index"":1823,""instruction_index"":24538,""gate"":""M"",""qubit"":119,""basis"":""Z""},{""record_index"":1627,""instruction_index"":24536,""gate"":""M"",""qubit"":259,""basis"":""Z""}]"
1700,Z,[2708.0],26371,1872,"[-50,-68,-80,-91,-57,-59,-244]","[1822,1804,1792,1781,1815,1813,1628]","[{""record_index"":1822,""instruction_index"":24538,""gate"":""M"",""qubit"":47,""basis"":""Z""},{""record_index"":1804,""instruction_index"":24538,""gate"":""M"",""qubit"":38,""basis"":""Z""},{""record_index"":1792,""instruction_index"":24538,""gate"":""M"",""qubit"":32,""basis"":""Z""},{""record_index"":1781,""instruction_index"":24538,""gate"":""M"",""qubit"":98,""basis"":""Z""},{""record_index"":1815,""instruction_index"":24538,""gate"":""M"",""qubit"":115,""basis"":""Z""},{""record_index"":1813,""instruction_index"":24538,""gate"":""M"",""qubit"":114,""basis"":""Z""},{""record_index"":1628,""instruction_index"":24536,""gate"":""M"",""qubit"":260,""basis"":""Z""}]"
1701,Z,[2709.0],26372,1872,"[-60,-66,-78,-89,-55,-57,-243]","[1812,1806,1794,1783,1817,1815,1629]","[{""record_index"":1812,""instruction_index"":24538,""gate"":""M"",""qubit"":42,""basis"":""Z""},{""record_index"":1806,""instruction_index"":24538,""gate"":""M"",""qubit"":39,""basis"":""Z""},{""record_index"":1794,""instruction_index"":24538,""gate"":""M"",""qubit"":33,""basis"":""Z""},{""record_index"":1783,""instruction_index"":24538,""gate"":""M"",""qubit"":99,""basis"":""Z""},{""record_index"":1817,""instruction_index"":24538,""gate"":""M"",""qubit"":116,""basis"":""Z""},{""record_index"":1815,""instruction_index"":24538,""gate"":""M"",""qubit"":115,""basis"":""Z""},{""record_index"":1629,""instruction_index"":24536,""gate"":""M"",""qubit"":261,""basis"":""Z""}]"
1702,Z,[2710.0],26373,1872,"[-58,-64,-76,-87,-53,-55,-242]","[1814,1808,1796,1785,1819,1817,1630]","[{""record_index"":1814,""instruction_index"":24538,""gate"":""M"",""qubit"":43,""basis"":""Z""},{""record_index"":1808,""instruction_index"":24538,""gate"":""M"",""qubit"":40,""basis"":""Z""},{""record_index"":1796,""instruction_index"":24538,""gate"":""M"",""qubit"":34,""basis"":""Z""},{""record_index"":1785,""instruction_index"":24538,""gate"":""M"",""qubit"":100,""basis"":""Z""},{""record_index"":1819,""instruction_index"":24538,""gate"":""M"",""qubit"":117,""basis"":""Z""},{""record_index"":1817,""instruction_index"":24538,""gate"":""M"",""qubit"":116,""basis"":""Z""},{""record_index"":1630,""instruction_index"":24536,""gate"":""M"",""qubit"":262,""basis"":""Z""}]"
1703,Z,[2711.0],26374,1872,"[-56,-62,-74,-85,-51,-53,-241]","[1816,1810,1798,1787,1821,1819,1631]","[{""record_index"":1816,""instruction_index"":24538,""gate"":""M"",""qubit"":44,""basis"":""Z""},{""record_index"":1810,""instruction_index"":24538,""gate"":""M"",""qubit"":41,""basis"":""Z""},{""record_index"":1798,""instruction_index"":24538,""gate"":""M"",""qubit"":35,""basis"":""Z""},{""record_index"":1787,""instruction_index"":24538,""gate"":""M"",""qubit"":101,""basis"":""Z""},{""record_index"":1821,""instruction_index"":24538,""gate"":""M"",""qubit"":118,""basis"":""Z""},{""record_index"":1819,""instruction_index"":24538,""gate"":""M"",""qubit"":117,""basis"":""Z""},{""record_index"":1631,""instruction_index"":24536,""gate"":""M"",""qubit"":263,""basis"":""Z""}]"
1704,Z,[2712.0],26375,1872,"[-42,-60,-72,-83,-37,-39,-240]","[1830,1812,1800,1789,1835,1833,1632]","[{""record_index"":1830,""instruction_index"":24538,""gate"":""M"",""qubit"":51,""basis"":""Z""},{""record_index"":1812,""instruction_index"":24538,""gate"":""M"",""qubit"":42,""basis"":""Z""},{""record_index"":1800,""instruction_index"":24538,""gate"":""M"",""qubit"":36,""basis"":""Z""},{""record_index"":1789,""instruction_index"":24538,""gate"":""M"",""qubit"":102,""basis"":""Z""},{""record_index"":1835,""instruction_index"":24538,""gate"":""M"",""qubit"":125,""basis"":""Z""},{""record_index"":1833,""instruction_index"":24538,""gate"":""M"",""qubit"":124,""basis"":""Z""},{""record_index"":1632,""instruction_index"":24536,""gate"":""M"",""qubit"":264,""basis"":""Z""}]"
1705,Z,[2713.0],26376,1872,"[-40,-58,-70,-81,-47,-37,-239]","[1832,1814,1802,1791,1825,1835,1633]","[{""record_index"":1832,""instruction_index"":24538,""gate"":""M"",""qubit"":52,""basis"":""Z""},{""record_index"":1814,""instruction_index"":24538,""gate"":""M"",""qubit"":43,""basis"":""Z""},{""record_index"":1802,""instruction_index"":24538,""gate"":""M"",""qubit"":37,""basis"":""Z""},{""record_index"":1791,""instruction_index"":24538,""gate"":""M"",""qubit"":103,""basis"":""Z""},{""record_index"":1825,""instruction_index"":24538,""gate"":""M"",""qubit"":120,""basis"":""Z""},{""record_index"":1835,""instruction_index"":24538,""gate"":""M"",""qubit"":125,""basis"":""Z""},{""record_index"":1633,""instruction_index"":24536,""gate"":""M"",""qubit"":265,""basis"":""Z""}]"
1706,Z,[2714.0],26377,1872,"[-38,-56,-68,-79,-45,-47,-238]","[1834,1816,1804,1793,1827,1825,1634]","[{""record_index"":1834,""instruction_index"":24538,""gate"":""M"",""qubit"":53,""basis"":""Z""},{""record_index"":1816,""instruction_index"":24538,""gate"":""M"",""qubit"":44,""basis"":""Z""},{""record_index"":1804,""instruction_index"":24538,""gate"":""M"",""qubit"":38,""basis"":""Z""},{""record_index"":1793,""instruction_index"":24538,""gate"":""M"",""qubit"":104,""basis"":""Z""},{""record_index"":1827,""instruction_index"":24538,""gate"":""M"",""qubit"":121,""basis"":""Z""},{""record_index"":1825,""instruction_index"":24538,""gate"":""M"",""qubit"":120,""basis"":""Z""},{""record_index"":1634,""instruction_index"":24536,""gate"":""M"",""qubit"":266,""basis"":""Z""}]"
1707,Z,[2715.0],26378,1872,"[-48,-54,-66,-77,-43,-45,-237]","[1824,1818,1806,1795,1829,1827,1635]","[{""record_index"":1824,""instruction_index"":24538,""gate"":""M"",""qubit"":48,""basis"":""Z""},{""record_index"":1818,""instruction_index"":24538,""gate"":""M"",""qubit"":45,""basis"":""Z""},{""record_index"":1806,""instruction_index"":24538,""gate"":""M"",""qubit"":39,""basis"":""Z""},{""record_index"":1795,""instruction_index"":24538,""gate"":""M"",""qubit"":105,""basis"":""Z""},{""record_index"":1829,""instruction_index"":24538,""gate"":""M"",""qubit"":122,""basis"":""Z""},{""record_index"":1827,""instruction_index"":24538,""gate"":""M"",""qubit"":121,""basis"":""Z""},{""record_index"":1635,""instruction_index"":24536,""gate"":""M"",""qubit"":267,""basis"":""Z""}]"
1708,Z,[2716.0],26379,1872,"[-46,-52,-64,-75,-41,-43,-236]","[1826,1820,1808,1797,1831,1829,1636]","[{""record_index"":1826,""instruction_index"":24538,""gate"":""M"",""qubit"":49,""basis"":""Z""},{""record_index"":1820,""instruction_index"":24538,""gate"":""M"",""qubit"":46,""basis"":""Z""},{""record_index"":1808,""instruction_index"":24538,""gate"":""M"",""qubit"":40,""basis"":""Z""},{""record_index"":1797,""instruction_index"":24538,""gate"":""M"",""qubit"":106,""basis"":""Z""},{""record_index"":1831,""instruction_index"":24538,""gate"":""M"",""qubit"":123,""basis"":""Z""},{""record_index"":1829,""instruction_index"":24538,""gate"":""M"",""qubit"":122,""basis"":""Z""},{""record_index"":1636,""instruction_index"":24536,""gate"":""M"",""qubit"":268,""basis"":""Z""}]"
1709,Z,[2717.0],26380,1872,"[-44,-50,-62,-73,-39,-41,-235]","[1828,1822,1810,1799,1833,1831,1637]","[{""record_index"":1828,""instruction_index"":24538,""gate"":""M"",""qubit"":50,""basis"":""Z""},{""record_index"":1822,""instruction_index"":24538,""gate"":""M"",""qubit"":47,""basis"":""Z""},{""record_index"":1810,""instruction_index"":24538,""gate"":""M"",""qubit"":41,""basis"":""Z""},{""record_index"":1799,""instruction_index"":24538,""gate"":""M"",""qubit"":107,""basis"":""Z""},{""record_index"":1833,""instruction_index"":24538,""gate"":""M"",""qubit"":124,""basis"":""Z""},{""record_index"":1831,""instruction_index"":24538,""gate"":""M"",""qubit"":123,""basis"":""Z""},{""record_index"":1637,""instruction_index"":24536,""gate"":""M"",""qubit"":269,""basis"":""Z""}]"
1710,Z,[2718.0],26381,1872,"[-30,-48,-60,-71,-25,-27,-234]","[1842,1824,1812,1801,1847,1845,1638]","[{""record_index"":1842,""instruction_index"":24538,""gate"":""M"",""qubit"":57,""basis"":""Z""},{""record_index"":1824,""instruction_index"":24538,""gate"":""M"",""qubit"":48,""basis"":""Z""},{""record_index"":1812,""instruction_index"":24538,""gate"":""M"",""qubit"":42,""basis"":""Z""},{""record_index"":1801,""instruction_index"":24538,""gate"":""M"",""qubit"":108,""basis"":""Z""},{""record_index"":1847,""instruction_index"":24538,""gate"":""M"",""qubit"":131,""basis"":""Z""},{""record_index"":1845,""instruction_index"":24538,""gate"":""M"",""qubit"":130,""basis"":""Z""},{""record_index"":1638,""instruction_index"":24536,""gate"":""M"",""qubit"":270,""basis"":""Z""}]"
1711,Z,[2719.0],26382,1872,"[-28,-46,-58,-69,-35,-25,-233]","[1844,1826,1814,1803,1837,1847,1639]","[{""record_index"":1844,""instruction_index"":24538,""gate"":""M"",""qubit"":58,""basis"":""Z""},{""record_index"":1826,""instruction_index"":24538,""gate"":""M"",""qubit"":49,""basis"":""Z""},{""record_index"":1814,""instruction_index"":24538,""gate"":""M"",""qubit"":43,""basis"":""Z""},{""record_index"":1803,""instruction_index"":24538,""gate"":""M"",""qubit"":109,""basis"":""Z""},{""record_index"":1837,""instruction_index"":24538,""gate"":""M"",""qubit"":126,""basis"":""Z""},{""record_index"":1847,""instruction_index"":24538,""gate"":""M"",""qubit"":131,""basis"":""Z""},{""record_index"":1639,""instruction_index"":24536,""gate"":""M"",""qubit"":271,""basis"":""Z""}]"
1712,Z,[2720.0],26383,1872,"[-26,-44,-56,-67,-33,-35,-232]","[1846,1828,1816,1805,1839,1837,1640]","[{""record_index"":1846,""instruction_index"":24538,""gate"":""M"",""qubit"":59,""basis"":""Z""},{""record_index"":1828,""instruction_index"":24538,""gate"":""M"",""qubit"":50,""basis"":""Z""},{""record_index"":1816,""instruction_index"":24538,""gate"":""M"",""qubit"":44,""basis"":""Z""},{""record_index"":1805,""instruction_index"":24538,""gate"":""M"",""qubit"":110,""basis"":""Z""},{""record_index"":1839,""instruction_index"":24538,""gate"":""M"",""qubit"":127,""basis"":""Z""},{""record_index"":1837,""instruction_index"":24538,""gate"":""M"",""qubit"":126,""basis"":""Z""},{""record_index"":1640,""instruction_index"":24536,""gate"":""M"",""qubit"":272,""basis"":""Z""}]"
1713,Z,[2721.0],26384,1872,"[-36,-42,-54,-65,-31,-33,-231]","[1836,1830,1818,1807,1841,1839,1641]","[{""record_index"":1836,""instruction_index"":24538,""gate"":""M"",""qubit"":54,""basis"":""Z""},{""record_index"":1830,""instruction_index"":24538,""gate"":""M"",""qubit"":51,""basis"":""Z""},{""record_index"":1818,""instruction_index"":24538,""gate"":""M"",""qubit"":45,""basis"":""Z""},{""record_index"":1807,""instruction_index"":24538,""gate"":""M"",""qubit"":111,""basis"":""Z""},{""record_index"":1841,""instruction_index"":24538,""gate"":""M"",""qubit"":128,""basis"":""Z""},{""record_index"":1839,""instruction_index"":24538,""gate"":""M"",""qubit"":127,""basis"":""Z""},{""record_index"":1641,""instruction_index"":24536,""gate"":""M"",""qubit"":273,""basis"":""Z""}]"
1714,Z,[2722.0],26385,1872,"[-34,-40,-52,-63,-29,-31,-230]","[1838,1832,1820,1809,1843,1841,1642]","[{""record_index"":1838,""instruction_index"":24538,""gate"":""M"",""qubit"":55,""basis"":""Z""},{""record_index"":1832,""instruction_index"":24538,""gate"":""M"",""qubit"":52,""basis"":""Z""},{""record_index"":1820,""instruction_index"":24538,""gate"":""M"",""qubit"":46,""basis"":""Z""},{""record_index"":1809,""instruction_index"":24538,""gate"":""M"",""qubit"":112,""basis"":""Z""},{""record_index"":1843,""instruction_index"":24538,""gate"":""M"",""qubit"":129,""basis"":""Z""},{""record_index"":1841,""instruction_index"":24538,""gate"":""M"",""qubit"":128,""basis"":""Z""},{""record_index"":1642,""instruction_index"":24536,""gate"":""M"",""qubit"":274,""basis"":""Z""}]"
1715,Z,[2723.0],26386,1872,"[-32,-38,-50,-61,-27,-29,-229]","[1840,1834,1822,1811,1845,1843,1643]","[{""record_index"":1840,""instruction_index"":24538,""gate"":""M"",""qubit"":56,""basis"":""Z""},{""record_index"":1834,""instruction_index"":24538,""gate"":""M"",""qubit"":53,""basis"":""Z""},{""record_index"":1822,""instruction_index"":24538,""gate"":""M"",""qubit"":47,""basis"":""Z""},{""record_index"":1811,""instruction_index"":24538,""gate"":""M"",""qubit"":113,""basis"":""Z""},{""record_index"":1845,""instruction_index"":24538,""gate"":""M"",""qubit"":130,""basis"":""Z""},{""record_index"":1843,""instruction_index"":24538,""gate"":""M"",""qubit"":129,""basis"":""Z""},{""record_index"":1643,""instruction_index"":24536,""gate"":""M"",""qubit"":275,""basis"":""Z""}]"
1716,Z,[2724.0],26387,1872,"[-18,-36,-48,-59,-13,-15,-228]","[1854,1836,1824,1813,1859,1857,1644]","[{""record_index"":1854,""instruction_index"":24538,""gate"":""M"",""qubit"":63,""basis"":""Z""},{""record_index"":1836,""instruction_index"":24538,""gate"":""M"",""qubit"":54,""basis"":""Z""},{""record_index"":1824,""instruction_index"":24538,""gate"":""M"",""qubit"":48,""basis"":""Z""},{""record_index"":1813,""instruction_index"":24538,""gate"":""M"",""qubit"":114,""basis"":""Z""},{""record_index"":1859,""instruction_index"":24538,""gate"":""M"",""qubit"":137,""basis"":""Z""},{""record_index"":1857,""instruction_index"":24538,""gate"":""M"",""qubit"":136,""basis"":""Z""},{""record_index"":1644,""instruction_index"":24536,""gate"":""M"",""qubit"":276,""basis"":""Z""}]"
1717,Z,[2725.0],26388,1872,"[-16,-34,-46,-57,-23,-13,-227]","[1856,1838,1826,1815,1849,1859,1645]","[{""record_index"":1856,""instruction_index"":24538,""gate"":""M"",""qubit"":64,""basis"":""Z""},{""record_index"":1838,""instruction_index"":24538,""gate"":""M"",""qubit"":55,""basis"":""Z""},{""record_index"":1826,""instruction_index"":24538,""gate"":""M"",""qubit"":49,""basis"":""Z""},{""record_index"":1815,""instruction_index"":24538,""gate"":""M"",""qubit"":115,""basis"":""Z""},{""record_index"":1849,""instruction_index"":24538,""gate"":""M"",""qubit"":132,""basis"":""Z""},{""record_index"":1859,""instruction_index"":24538,""gate"":""M"",""qubit"":137,""basis"":""Z""},{""record_index"":1645,""instruction_index"":24536,""gate"":""M"",""qubit"":277,""basis"":""Z""}]"
1718,Z,[2726.0],26389,1872,"[-14,-32,-44,-55,-21,-23,-226]","[1858,1840,1828,1817,1851,1849,1646]","[{""record_index"":1858,""instruction_index"":24538,""gate"":""M"",""qubit"":65,""basis"":""Z""},{""record_index"":1840,""instruction_index"":24538,""gate"":""M"",""qubit"":56,""basis"":""Z""},{""record_index"":1828,""instruction_index"":24538,""gate"":""M"",""qubit"":50,""basis"":""Z""},{""record_index"":1817,""instruction_index"":24538,""gate"":""M"",""qubit"":116,""basis"":""Z""},{""record_index"":1851,""instruction_index"":24538,""gate"":""M"",""qubit"":133,""basis"":""Z""},{""record_index"":1849,""instruction_index"":24538,""gate"":""M"",""qubit"":132,""basis"":""Z""},{""record_index"":1646,""instruction_index"":24536,""gate"":""M"",""qubit"":278,""basis"":""Z""}]"
1719,Z,[2727.0],26390,1872,"[-24,-30,-42,-53,-19,-21,-225]","[1848,1842,1830,1819,1853,1851,1647]","[{""record_index"":1848,""instruction_index"":24538,""gate"":""M"",""qubit"":60,""basis"":""Z""},{""record_index"":1842,""instruction_index"":24538,""gate"":""M"",""qubit"":57,""basis"":""Z""},{""record_index"":1830,""instruction_index"":24538,""gate"":""M"",""qubit"":51,""basis"":""Z""},{""record_index"":1819,""instruction_index"":24538,""gate"":""M"",""qubit"":117,""basis"":""Z""},{""record_index"":1853,""instruction_index"":24538,""gate"":""M"",""qubit"":134,""basis"":""Z""},{""record_index"":1851,""instruction_index"":24538,""gate"":""M"",""qubit"":133,""basis"":""Z""},{""record_index"":1647,""instruction_index"":24536,""gate"":""M"",""qubit"":279,""basis"":""Z""}]"
1720,Z,[2728.0],26391,1872,"[-22,-28,-40,-51,-17,-19,-224]","[1850,1844,1832,1821,1855,1853,1648]","[{""record_index"":1850,""instruction_index"":24538,""gate"":""M"",""qubit"":61,""basis"":""Z""},{""record_index"":1844,""instruction_index"":24538,""gate"":""M"",""qubit"":58,""basis"":""Z""},{""record_index"":1832,""instruction_index"":24538,""gate"":""M"",""qubit"":52,""basis"":""Z""},{""record_index"":1821,""instruction_index"":24538,""gate"":""M"",""qubit"":118,""basis"":""Z""},{""record_index"":1855,""instruction_index"":24538,""gate"":""M"",""qubit"":135,""basis"":""Z""},{""record_index"":1853,""instruction_index"":24538,""gate"":""M"",""qubit"":134,""basis"":""Z""},{""record_index"":1648,""instruction_index"":24536,""gate"":""M"",""qubit"":280,""basis"":""Z""}]"
1721,Z,[2729.0],26392,1872,"[-20,-26,-38,-49,-15,-17,-223]","[1852,1846,1834,1823,1857,1855,1649]","[{""record_index"":1852,""instruction_index"":24538,""gate"":""M"",""qubit"":62,""basis"":""Z""},{""record_index"":1846,""instruction_index"":24538,""gate"":""M"",""qubit"":59,""basis"":""Z""},{""record_index"":1834,""instruction_index"":24538,""gate"":""M"",""qubit"":53,""basis"":""Z""},{""record_index"":1823,""instruction_index"":24538,""gate"":""M"",""qubit"":119,""basis"":""Z""},{""record_index"":1857,""instruction_index"":24538,""gate"":""M"",""qubit"":136,""basis"":""Z""},{""record_index"":1855,""instruction_index"":24538,""gate"":""M"",""qubit"":135,""basis"":""Z""},{""record_index"":1649,""instruction_index"":24536,""gate"":""M"",""qubit"":281,""basis"":""Z""}]"
1722,Z,[2730.0],26393,1872,"[-6,-24,-36,-47,-1,-3,-222]","[1866,1848,1836,1825,1871,1869,1650]","[{""record_index"":1866,""instruction_index"":24538,""gate"":""M"",""qubit"":69,""basis"":""Z""},{""record_index"":1848,""instruction_index"":24538,""gate"":""M"",""qubit"":60,""basis"":""Z""},{""record_index"":1836,""instruction_index"":24538,""gate"":""M"",""qubit"":54,""basis"":""Z""},{""record_index"":1825,""instruction_index"":24538,""gate"":""M"",""qubit"":120,""basis"":""Z""},{""record_index"":1871,""instruction_index"":24538,""gate"":""M"",""qubit"":143,""basis"":""Z""},{""record_index"":1869,""instruction_index"":24538,""gate"":""M"",""qubit"":142,""basis"":""Z""},{""record_index"":1650,""instruction_index"":24536,""gate"":""M"",""qubit"":282,""basis"":""Z""}]"
1723,Z,[2731.0],26394,1872,"[-4,-22,-34,-45,-11,-1,-221]","[1868,1850,1838,1827,1861,1871,1651]","[{""record_index"":1868,""instruction_index"":24538,""gate"":""M"",""qubit"":70,""basis"":""Z""},{""record_index"":1850,""instruction_index"":24538,""gate"":""M"",""qubit"":61,""basis"":""Z""},{""record_index"":1838,""instruction_index"":24538,""gate"":""M"",""qubit"":55,""basis"":""Z""},{""record_index"":1827,""instruction_index"":24538,""gate"":""M"",""qubit"":121,""basis"":""Z""},{""record_index"":1861,""instruction_index"":24538,""gate"":""M"",""qubit"":138,""basis"":""Z""},{""record_index"":1871,""instruction_index"":24538,""gate"":""M"",""qubit"":143,""basis"":""Z""},{""record_index"":1651,""instruction_index"":24536,""gate"":""M"",""qubit"":283,""basis"":""Z""}]"
1724,Z,[2732.0],26395,1872,"[-2,-20,-32,-43,-9,-11,-220]","[1870,1852,1840,1829,1863,1861,1652]","[{""record_index"":1870,""instruction_index"":24538,""gate"":""M"",""qubit"":71,""basis"":""Z""},{""record_index"":1852,""instruction_index"":24538,""gate"":""M"",""qubit"":62,""basis"":""Z""},{""record_index"":1840,""instruction_index"":24538,""gate"":""M"",""qubit"":56,""basis"":""Z""},{""record_index"":1829,""instruction_index"":24538,""gate"":""M"",""qubit"":122,""basis"":""Z""},{""record_index"":1863,""instruction_index"":24538,""gate"":""M"",""qubit"":139,""basis"":""Z""},{""record_index"":1861,""instruction_index"":24538,""gate"":""M"",""qubit"":138,""basis"":""Z""},{""record_index"":1652,""instruction_index"":24536,""gate"":""M"",""qubit"":284,""basis"":""Z""}]"
1725,Z,[2733.0],26396,1872,"[-12,-18,-30,-41,-7,-9,-219]","[1860,1854,1842,1831,1865,1863,1653]","[{""record_index"":1860,""instruction_index"":24538,""gate"":""M"",""qubit"":66,""basis"":""Z""},{""record_index"":1854,""instruction_index"":24538,""gate"":""M"",""qubit"":63,""basis"":""Z""},{""record_index"":1842,""instruction_index"":24538,""gate"":""M"",""qubit"":57,""basis"":""Z""},{""record_index"":1831,""instruction_index"":24538,""gate"":""M"",""qubit"":123,""basis"":""Z""},{""record_index"":1865,""instruction_index"":24538,""gate"":""M"",""qubit"":140,""basis"":""Z""},{""record_index"":1863,""instruction_index"":24538,""gate"":""M"",""qubit"":139,""basis"":""Z""},{""record_index"":1653,""instruction_index"":24536,""gate"":""M"",""qubit"":285,""basis"":""Z""}]"
1726,Z,[2734.0],26397,1872,"[-10,-16,-28,-39,-5,-7,-218]","[1862,1856,1844,1833,1867,1865,1654]","[{""record_index"":1862,""instruction_index"":24538,""gate"":""M"",""qubit"":67,""basis"":""Z""},{""record_index"":1856,""instruction_index"":24538,""gate"":""M"",""qubit"":64,""basis"":""Z""},{""record_index"":1844,""instruction_index"":24538,""gate"":""M"",""qubit"":58,""basis"":""Z""},{""record_index"":1833,""instruction_index"":24538,""gate"":""M"",""qubit"":124,""basis"":""Z""},{""record_index"":1867,""instruction_index"":24538,""gate"":""M"",""qubit"":141,""basis"":""Z""},{""record_index"":1865,""instruction_index"":24538,""gate"":""M"",""qubit"":140,""basis"":""Z""},{""record_index"":1654,""instruction_index"":24536,""gate"":""M"",""qubit"":286,""basis"":""Z""}]"
1727,Z,[2735.0],26398,1872,"[-8,-14,-26,-37,-3,-5,-217]","[1864,1858,1846,1835,1869,1867,1655]","[{""record_index"":1864,""instruction_index"":24538,""gate"":""M"",""qubit"":68,""basis"":""Z""},{""record_index"":1858,""instruction_index"":24538,""gate"":""M"",""qubit"":65,""basis"":""Z""},{""record_index"":1846,""instruction_index"":24538,""gate"":""M"",""qubit"":59,""basis"":""Z""},{""record_index"":1835,""instruction_index"":24538,""gate"":""M"",""qubit"":125,""basis"":""Z""},{""record_index"":1869,""instruction_index"":24538,""gate"":""M"",""qubit"":142,""basis"":""Z""},{""record_index"":1867,""instruction_index"":24538,""gate"":""M"",""qubit"":141,""basis"":""Z""},{""record_index"":1655,""instruction_index"":24536,""gate"":""M"",""qubit"":287,""basis"":""Z""}]"
